step,rg2
20000,1343.152010
40000,1521.029450
60000,1622.176055
80000,1700.437381
100000,1778.910535
120000,1813.299469
140000,1897.004309
160000,1946.510345
180000,1992.780236
200000,2040.501714
220000,2057.561358
240000,2109.450162
260000,2157.641923
280000,2173.929208
300000,2172.112861
320000,2219.829731
340000,2274.812699
360000,2316.385779
380000,2325.502865
400000,2338.973843
420000,2389.106227
440000,2450.511694
460000,2496.618665
480000,2596.717584
500000,2615.072434
520000,2611.771756
540000,2604.494425
560000,3263.472440
580000,3263.863924
600000,3289.260126
620000,3343.363769
640000,3334.266119
660000,3319.855832
680000,3532.816464
700000,4047.329544
720000,4114.214989
740000,4271.485545
760000,5025.471856
780000,4998.260205
800000,4946.830256
820000,4744.528234
840000,4791.765549
860000,4693.602208
880000,4671.950816
900000,4817.186871
920000,4843.036735
940000,4894.345131
960000,4989.545186
980000,7650.586365
1000000,7646.712581
1020000,8008.175712
1040000,7947.957214
1060000,9968.941286
1080000,9931.195562
1100000,9988.796323
1120000,9090.970348
1140000,9480.723540
1160000,8385.122383
1180000,8465.056593
1200000,8233.405622
1220000,8225.545036
1240000,8127.264260
1260000,9101.308262
1280000,9137.209232
1300000,9360.455677
1320000,9318.852226
1340000,9394.947885
1360000,9355.183879
1380000,8995.788290
1400000,9062.744904
1420000,8911.071265
1440000,11841.452682
1460000,11943.182753
1480000,11756.361737
1500000,12021.087953
1520000,12011.420855
1540000,12325.596744
1560000,11894.437699
1580000,12483.082255
1600000,9682.387796
1620000,11668.024014
1640000,11705.427900
1660000,12084.252515
1680000,9591.023373
1700000,9443.671785
1720000,9917.071413
1740000,9830.381484
1760000,9767.303624
1780000,9957.842250
1800000,9996.864657
1820000,9947.206888
1840000,9735.627552
1860000,9891.072232
1880000,10155.570716
1900000,9979.229090
1920000,10520.644065
1940000,9745.442312
1960000,10185.590060
1980000,14322.901707
2000000,14357.245265
2020000,14273.514589
2040000,12098.681446
2060000,13241.527756
2080000,14551.061287
2100000,14187.994235
2120000,14590.190976
2140000,9272.969502
2160000,8993.757171
2180000,9418.701461
2200000,9383.743558
2220000,9432.851155
2240000,8727.224834
2260000,8980.141327
2280000,9845.814614
2300000,9917.840268
2320000,9909.076673
2340000,9982.172991
2360000,10121.162500
2380000,9402.874683
2400000,8272.475011
2420000,12186.925201
2440000,12341.943900
2460000,12012.723412
2480000,11685.701359
2500000,7124.165537
2520000,7165.510991
2540000,7205.618837
2560000,7010.656384
2580000,6978.396321
2600000,7016.151504
2620000,6854.014078
2640000,6883.529598
2660000,6657.511640
2680000,6818.567303
2700000,7200.292885
2720000,7126.927621
2740000,7107.518592
2760000,7095.395637
2780000,7141.822882
2800000,8570.456521
2820000,8625.759767
2840000,8455.941050
2860000,12235.942502
2880000,6800.677490
2900000,6851.866514
2920000,7997.994474
2940000,8049.885292
2960000,10716.766310
2980000,10429.587883
3000000,10394.635552
3020000,12841.039207
3040000,13296.888853
3060000,9503.836780
3080000,8419.464183
3100000,8291.659159
3120000,7922.938075
3140000,7956.561860
3160000,7969.564760
3180000,7952.306374
3200000,10336.474386
3220000,10252.539127
3240000,10266.695532
3260000,10492.483772
3280000,10798.567081
3300000,16230.020858
3320000,11873.149666
3340000,11429.294612
3360000,12050.790554
3380000,12164.298211
3400000,11581.423478
3420000,10626.781859
3440000,10709.114873
3460000,11302.815107
3480000,11004.244332
3500000,10244.814452
3520000,9975.687366
3540000,9800.986913
3560000,10137.126350
3580000,11923.749495
3600000,10134.667957
3620000,10598.182152
3640000,10579.541720
3660000,10421.839756
3680000,10706.845952
3700000,11009.072210
3720000,10849.087115
3740000,9229.635312
3760000,9184.338828
3780000,9051.219598
3800000,9205.379124
3820000,9333.771221
3840000,6526.195470
3860000,6423.108042
3880000,6243.894335
3900000,6544.128351
3920000,6597.798147
3940000,6721.791930
3960000,6686.464823
3980000,6911.823114
4000000,7504.534828
4020000,7514.602060
4040000,7408.668918
4060000,7188.420899
4080000,5784.741599
4100000,8892.262788
4120000,8973.187319
4140000,9066.943674
4160000,9211.743050
4180000,9149.183377
4200000,9100.515922
4220000,8958.160710
4240000,8941.639801
4260000,9149.032503
4280000,9122.038612
4300000,9267.360356
4320000,8886.222020
4340000,9087.145941
4360000,9191.628015
4380000,9144.862215
4400000,5443.188491
4420000,5465.693499
4440000,5736.971691
4460000,5677.950300
4480000,5643.730942
4500000,5550.908297
4520000,5558.952430
4540000,5520.605460
4560000,5552.231513
4580000,5349.213347
4600000,5653.351625
4620000,8436.146127
4640000,8499.096884
4660000,8465.816067
4680000,8609.599554
4700000,7603.925008
4720000,7619.334294
4740000,7620.957512
4760000,6619.314227
4780000,6544.787273
4800000,6582.369366
4820000,6568.358961
4840000,6553.944389
4860000,6489.869328
4880000,6621.450525
4900000,6645.489931
4920000,6738.698701
4940000,6748.368636
4960000,6660.149471
4980000,6662.798090
5000000,7116.665111
5020000,7113.787700
5040000,7293.572758
5060000,7362.202351
5080000,7247.165492
5100000,7327.971961
5120000,7402.180652
5140000,7312.776985
5160000,7242.442531
5180000,8393.453631
5200000,8074.376906
5220000,7049.898550
5240000,8240.629721
5260000,8610.260139
5280000,8612.159168
5300000,8640.754222
5320000,8519.695348
5340000,10540.375503
5360000,10544.800185
5380000,10234.218975
5400000,10308.651046
5420000,7318.068254
5440000,7313.689273
5460000,7144.281341
5480000,7319.098114
5500000,6348.296199
5520000,6273.459892
5540000,6232.491925
5560000,6254.241599
5580000,6247.994390
5600000,6224.182298
5620000,7890.640804
5640000,8023.827009
5660000,8092.530939
5680000,8108.353681
5700000,8079.865273
5720000,7702.759865
5740000,7801.786650
5760000,7974.336106
5780000,7984.478781
5800000,8157.753312
5820000,8153.238358
5840000,8156.005876
5860000,8662.759407
5880000,9142.651895
5900000,9293.036603
5920000,9262.799314
5940000,10166.614711
5960000,10150.448708
5980000,10735.272649
6000000,10668.624908
6020000,10613.183840
6040000,10757.253391
6060000,10864.834518
6080000,10225.710683
6100000,8177.565365
6120000,8208.967490
6140000,8246.464018
6160000,18631.632902
6180000,19080.215273
6200000,19153.283705
6220000,19205.777439
6240000,20836.447714
6260000,20926.270360
6280000,20387.695361
6300000,11098.842671
6320000,10667.217698
6340000,10832.545271
6360000,12853.145852
6380000,9785.193752
6400000,9719.873361
6420000,9824.757736
6440000,9503.791337
6460000,9193.950663
6480000,14774.549024
6500000,14790.014447
6520000,8536.600218
6540000,8236.790892
6560000,8451.318520
6580000,8226.632974
6600000,8450.902422
6620000,8458.240015
6640000,8606.434784
6660000,8596.999056
6680000,8603.692982
6700000,8428.148218
6720000,8259.259377
6740000,8400.832484
6760000,7743.097626
6780000,7731.386499
6800000,7495.438543
6820000,7459.787273
6840000,7642.806118
6860000,11126.666843
6880000,11140.020962
6900000,11209.419533
6920000,10392.348791
6940000,10365.522072
6960000,8725.898825
6980000,8971.427477
7000000,9101.177576
7020000,8491.767094
7040000,8411.108078
7060000,7781.886989
7080000,7869.632399
7100000,7875.807284
7120000,7305.038832
7140000,7553.272175
7160000,7555.437598
7180000,7925.218771
7200000,7904.553475
7220000,7944.002673
7240000,8008.634763
7260000,7786.235203
7280000,9972.153628
7300000,9927.272184
7320000,10726.313395
7340000,10661.798516
7360000,10804.134710
7380000,10678.011222
7400000,10826.216089
7420000,11783.746267
7440000,11106.568367
7460000,12852.318992
7480000,13770.936642
7500000,13779.599270
7520000,13522.777638
7540000,7835.048811
7560000,8380.929845
7580000,8419.794042
7600000,7995.237315
7620000,8371.204113
7640000,8608.720899
7660000,9290.044821
7680000,10591.745316
7700000,14845.742656
7720000,14560.747898
7740000,13774.274645
7760000,16429.138471
7780000,15693.641319
7800000,18008.807663
7820000,15616.257029
7840000,15959.576493
7860000,15833.372908
7880000,15138.610056
7900000,15877.002927
7920000,15254.667126
7940000,12305.856529
7960000,14837.399721
7980000,14417.630310
8000000,14318.949274
8020000,12859.242464
8040000,11797.500927
8060000,11830.362824
8080000,11822.818774
8100000,12012.001490
8120000,12051.913561
8140000,14976.985483
8160000,14927.678371
8180000,19043.171743
8200000,19432.140280
8220000,18087.158991
8240000,18416.873197
8260000,9739.289836
8280000,10956.636751
8300000,10707.707570
8320000,11352.646839
8340000,11329.422987
8360000,10514.723168
8380000,10588.601628
8400000,10519.502180
8420000,10462.755323
8440000,11414.330255
8460000,10918.587266
8480000,10453.847963
8500000,11251.028278
8520000,11309.879492
8540000,11350.213489
8560000,11467.445091
8580000,11709.979673
8600000,11658.382626
8620000,10355.465045
8640000,9817.186593
8660000,9939.902499
8680000,9751.817616
8700000,9306.078155
8720000,10731.492258
8740000,11057.997725
8760000,11099.524404
8780000,10835.827107
8800000,10806.025869
8820000,11054.603648
8840000,12355.358476
8860000,12489.785665
8880000,10306.649359
8900000,10326.891989
8920000,12521.475204
8940000,12436.218402
8960000,12467.410411
8980000,10782.368645
9000000,10725.268666
9020000,10589.125168
9040000,10388.959949
9060000,10490.292230
9080000,10600.703048
9100000,10540.213032
9120000,16208.976268
9140000,11022.446918
9160000,11826.088214
9180000,11876.034181
9200000,11536.241114
9220000,12055.847947
9240000,7686.566031
9260000,7666.649940
9280000,7617.269166
9300000,9224.706231
9320000,8461.139481
9340000,8661.604916
9360000,8042.754946
9380000,13981.249624
9400000,13851.524047
9420000,13917.490016
9440000,12699.406099
9460000,13095.133146
9480000,13109.877162
9500000,13911.543699
9520000,13849.888483
9540000,14053.258979
9560000,9994.243263
9580000,10187.839601
9600000,7971.654850
9620000,11290.013848
9640000,10937.466915
9660000,11159.744625
9680000,11638.038691
9700000,13249.311719
9720000,13088.106739
9740000,13171.547207
9760000,13177.732770
9780000,12236.951592
9800000,12140.829128
9820000,12173.746739
9840000,15278.251800
9860000,15481.381344
9880000,13929.665457
9900000,15491.092848
9920000,8929.913496
9940000,8738.082707
9960000,8798.037764
9980000,8836.745342
10000000,12204.799971
10020000,11981.017421
10040000,12025.590274
10060000,10769.053120
10080000,10542.185583
10100000,10534.826226
10120000,13045.195872
10140000,13192.595010
10160000,12964.109260
10180000,12054.848722
10200000,12095.338079
10220000,11566.234449
10240000,15334.910510
10260000,14966.993283
10280000,15053.559759
10300000,15152.968254
10320000,14757.386041
10340000,13128.329790
10360000,8810.643494
10380000,8706.703166
10400000,8668.071867
10420000,8591.577186
10440000,8516.707319
10460000,8038.986737
10480000,7947.599365
10500000,7969.325135
10520000,7918.728045
10540000,7968.889590
10560000,7981.637074
10580000,7908.619630
10600000,7591.868396
10620000,9261.186111
10640000,11156.365315
10660000,12635.093795
10680000,12770.145180
10700000,13698.651862
10720000,13611.453558
10740000,13551.827717
10760000,11656.324658
10780000,11174.177524
10800000,11295.191612
10820000,11204.932350
10840000,14925.344928
10860000,14711.544704
10880000,14526.333398
10900000,14727.730767
10920000,10629.585922
10940000,10597.516496
10960000,11039.466057
10980000,13467.785108
11000000,11240.245089
11020000,9765.255750
11040000,9882.494383
11060000,13938.601879
11080000,9982.592495
11100000,8623.267463
11120000,8501.128863
11140000,8499.124985
11160000,8598.086542
11180000,8570.402166
11200000,8576.702851
11220000,8567.163520
11240000,8668.666121
11260000,8819.274229
11280000,8828.431774
11300000,8979.482739
11320000,9327.875215
11340000,9426.915539
11360000,9610.656720
11380000,9633.325315
11400000,9974.891397
11420000,9321.887969
11440000,9370.777029
11460000,9084.414646
11480000,9379.529222
11500000,9592.839238
11520000,9388.881316
11540000,9551.782386
11560000,9561.233827
11580000,10869.730977
11600000,10735.670677
11620000,11211.046304
11640000,11296.151284
11660000,10966.976434
11680000,11270.706364
11700000,11064.785618
11720000,10586.333616
11740000,10647.740942
11760000,10658.767424
11780000,10594.682218
11800000,10791.148157
11820000,10354.745631
11840000,10463.958614
11860000,10599.828844
11880000,15474.499165
11900000,15845.475883
11920000,15517.489277
11940000,15709.096688
11960000,15898.713127
11980000,15876.319281
12000000,16089.672809
12020000,15583.733393
12040000,14974.628963
12060000,15368.120421
12080000,15215.994859
12100000,15214.398614
12120000,16275.438253
12140000,15864.757714
12160000,17517.245364
12180000,16847.356364
12200000,18892.425196
12220000,18512.506801
12240000,18363.437268
12260000,17714.894479
12280000,18160.491965
12300000,18695.550513
12320000,7835.086242
12340000,7701.856133
12360000,8761.935997
12380000,8684.114038
12400000,8378.905026
12420000,8745.553524
12440000,10219.059305
12460000,10592.803255
12480000,10854.381798
12500000,10838.293640
12520000,10676.572053
12540000,9222.381284
12560000,9284.370162
12580000,7759.166940
12600000,7654.455928
12620000,7660.281331
12640000,7625.343068
12660000,8759.320651
12680000,8567.698767
12700000,9691.600458
12720000,12549.531212
12740000,12074.444460
12760000,11803.009075
12780000,10031.373803
12800000,10159.714395
12820000,9913.607792
12840000,9240.855771
12860000,9348.933776
12880000,9422.283449
12900000,9254.769564
12920000,8904.630941
12940000,8756.368929
12960000,8818.433539
12980000,8740.826634
13000000,8560.401552
13020000,10540.394162
13040000,10458.927617
13060000,10484.621625
13080000,10323.430739
13100000,10480.542780
13120000,10444.767576
13140000,10730.025132
13160000,10303.691646
13180000,10341.939055
13200000,10323.342955
13220000,10019.428326
13240000,9656.676385
13260000,9619.411898
13280000,9543.567938
13300000,10478.355899
13320000,10532.317567
13340000,10853.255132
13360000,10541.983686
13380000,9671.391369
13400000,10144.756805
13420000,10352.674790
13440000,10287.640979
13460000,10449.966012
13480000,10150.125067
13500000,11262.156537
13520000,11660.600992
13540000,9390.021059
13560000,9416.073997
13580000,11320.846902
13600000,11852.760473
13620000,11712.346536
13640000,12479.567611
13660000,6498.892207
13680000,6520.771723
13700000,6677.478832
13720000,6750.594902
13740000,7342.192046
13760000,7446.995072
13780000,7418.206216
13800000,7289.188640
13820000,7172.119053
13840000,10025.534250
13860000,9795.300123
13880000,9730.240928
13900000,9644.570061
13920000,9820.834509
13940000,10012.964130
13960000,10009.175381
13980000,10170.186999
14000000,9283.685666
14020000,8680.479933
14040000,9433.252356
14060000,9467.347152
14080000,10543.958677
14100000,10517.079323
14120000,9358.996015
14140000,11499.738373
14160000,11448.036015
14180000,7216.571733
14200000,7287.407252
14220000,7389.674588
14240000,7762.526665
14260000,7601.513676
14280000,7588.631843
14300000,7259.945978
14320000,7153.586822
14340000,7179.135525
14360000,7306.916989
14380000,8315.673174
14400000,8342.117932
14420000,8231.552057
14440000,9000.361885
14460000,8630.674094
14480000,8721.010974
14500000,9031.127449
14520000,9050.191317
14540000,10549.491193
14560000,8656.029970
14580000,8730.698075
14600000,8760.480119
14620000,7993.156608
14640000,8173.843667
14660000,8160.343635
14680000,8096.345806
14700000,8212.043225
14720000,8173.863758
14740000,8073.266181
14760000,8562.520421
14780000,8706.109480
14800000,8605.778857
14820000,8124.184657
14840000,8045.288419
14860000,8077.129736
14880000,10527.987718
14900000,9823.222586
14920000,9782.211122
14940000,9553.236695
14960000,9220.648320
14980000,9291.117055
15000000,8256.278372
15020000,8001.190371
15040000,7990.232301
15060000,8041.878314
15080000,7705.574588
15100000,7816.412498
15120000,11736.678368
15140000,9287.966897
15160000,6557.952016
15180000,15616.954537
15200000,15113.292002
15220000,14984.330571
15240000,15163.926655
15260000,14934.136926
15280000,14640.141692
15300000,9262.189894
15320000,9275.344619
15340000,7912.991267
15360000,11001.283871
15380000,11237.588255
15400000,10561.054437
15420000,10426.902819
15440000,10321.298698
15460000,10570.794402
15480000,8200.969165
15500000,8223.793239
15520000,11041.838680
15540000,11125.923776
15560000,10849.269051
15580000,15042.947281
15600000,14583.424177
15620000,14232.156542
15640000,13130.899339
15660000,13016.690690
15680000,12223.461416
15700000,14448.339412
15720000,9491.124290
15740000,9682.432625
15760000,9513.358954
15780000,9211.936168
15800000,9262.269814
15820000,9356.359990
15840000,9357.921360
15860000,9287.813248
15880000,9404.964786
15900000,10326.747246
15920000,10223.001361
15940000,9722.973855
15960000,7915.282167
15980000,7989.174337
16000000,8798.319365
16020000,8756.452790
16040000,14788.386258
16060000,14900.043255
16080000,14719.621277
16100000,11897.614343
16120000,16484.566128
16140000,16532.571022
16160000,16613.443579
16180000,16639.745175
16200000,16598.352906
16220000,16778.536834
16240000,16631.734600
16260000,17487.229364
16280000,17144.911438
16300000,16452.799184
16320000,16771.740642
16340000,13093.499107
16360000,13294.766987
16380000,12753.603329
16400000,14130.974241
16420000,12894.301267
16440000,9999.224738
16460000,10047.172083
16480000,13056.282739
16500000,13158.848732
16520000,11375.435976
16540000,11192.142563
16560000,9436.278075
16580000,6733.961168
16600000,6786.261126
16620000,6778.607194
16640000,6746.629369
16660000,6782.552454
16680000,7118.176153
16700000,7141.975218
16720000,7694.568775
16740000,7859.708766
16760000,7745.415479
16780000,7549.182831
16800000,8113.255128
16820000,8057.854400
16840000,8049.691390
16860000,13276.679188
16880000,12885.873330
16900000,13063.800885
16920000,12987.389770
16940000,10310.071126
16960000,9750.345720
16980000,9630.366198
17000000,9768.337345
17020000,8147.807750
17040000,8159.779479
17060000,8509.282069
17080000,8418.176987
17100000,8504.967365
17120000,8488.297891
17140000,8430.943887
17160000,7907.557329
17180000,7901.845249
17200000,7785.750245
17220000,7769.151920
17240000,7589.785078
17260000,7319.839754
17280000,7305.595857
17300000,7295.316660
17320000,7283.193080
17340000,7189.537704
17360000,6285.618103
17380000,6462.430582
17400000,6479.117296
17420000,6429.114898
17440000,6427.941588
17460000,6451.829181
17480000,6464.159549
17500000,6576.692092
17520000,6641.115661
17540000,6814.697890
17560000,7329.676271
17580000,6445.057666
17600000,6892.341323
17620000,6959.925237
17640000,6824.669237
17660000,5902.441035
17680000,5822.834124
17700000,5949.905298
17720000,6005.411888
17740000,5933.895750
17760000,6443.016355
17780000,7412.255676
17800000,7567.766058
17820000,10995.954289
17840000,12687.373241
17860000,13743.338686
17880000,13864.892996
17900000,13670.767852
17920000,14413.862985
17940000,14239.797048
17960000,14078.949798
17980000,14758.433396
18000000,8638.609768
18020000,8320.827439
18040000,8228.738750
18060000,8209.330418
18080000,8197.259718
18100000,8428.651397
18120000,8349.491528
18140000,7797.526479
18160000,7710.410877
18180000,7704.667767
18200000,8840.323249
18220000,8882.884087
18240000,8781.992208
18260000,10175.000655
18280000,9953.198011
18300000,9858.433943
18320000,8338.929415
18340000,8254.343278
18360000,8273.468738
18380000,8349.807714
18400000,8355.442557
18420000,8407.568724
18440000,14833.110333
18460000,15347.194225
18480000,10514.026345
18500000,9313.460530
18520000,9317.501809
18540000,9302.994080
18560000,8781.689359
18580000,7408.656821
18600000,12265.759036
18620000,12290.352515
18640000,15906.814683
18660000,17199.514433
18680000,17418.384159
18700000,18176.137078
18720000,14859.559122
18740000,15233.485475
18760000,15357.127117
18780000,15684.855133
18800000,15361.521054
18820000,13332.645265
18840000,12548.017253
18860000,12396.484913
18880000,18506.693661
18900000,13897.040943
18920000,14255.322642
18940000,13684.098424
18960000,12419.236638
18980000,13184.784402
19000000,12925.024379
19020000,12789.731099
19040000,13019.359751
19060000,12893.693952
19080000,12923.065250
19100000,15411.976895
19120000,15314.536663
19140000,12794.154086
19160000,17651.674797
19180000,16787.507309
19200000,13985.110870
19220000,13389.630845
19240000,13886.675045
19260000,10596.164029
19280000,10564.273961
19300000,11915.014193
19320000,11018.568443
19340000,10175.381035
19360000,10926.995842
19380000,11600.603471
19400000,11814.611950
19420000,11552.430145
19440000,11547.968552
19460000,12108.365324
19480000,12297.354516
19500000,8511.230353
19520000,10524.926391
19540000,6738.943284
19560000,7170.825879
19580000,7076.951936
19600000,7224.945470
19620000,6984.348250
19640000,7032.995635
19660000,7420.343614
19680000,8816.999757
19700000,9927.744259
19720000,9222.948254
19740000,10382.934052
19760000,10661.751863
19780000,10562.852609
19800000,11914.185952
19820000,10716.059252
19840000,10693.819535
19860000,9798.026847
19880000,9350.816313
19900000,13922.567169
19920000,13244.596428
19940000,13360.463847
19960000,12894.175508
19980000,13145.183616
20000000,12864.096427
20020000,12483.981932
20040000,13683.512161
20060000,16252.689686
20080000,16147.071718
20100000,14768.415030
20120000,9190.363135
20140000,8933.977765
20160000,8569.624690
20180000,8711.849081
20200000,9957.202124
20220000,9765.100428
20240000,9759.620583
20260000,10030.799747
20280000,10119.998947
20300000,12124.549606
20320000,12035.939475
20340000,10442.701188
20360000,10580.249750
20380000,10245.890792
20400000,10525.541664
20420000,10811.606602
20440000,9441.696339
20460000,8355.188303
20480000,8135.967610
20500000,7503.533633
20520000,7567.101463
20540000,8591.490090
20560000,8546.515323
20580000,7423.376586
20600000,9879.412123
20620000,9520.075434
20640000,9599.005712
20660000,12389.162935
20680000,12480.361150
20700000,12031.751068
20720000,7546.066321
20740000,7171.026269
20760000,7072.757763
20780000,7181.234776
20800000,7609.761586
20820000,7546.952553
20840000,7640.181432
20860000,7293.385299
20880000,7352.544607
20900000,7784.055168
20920000,7642.719959
20940000,7705.958172
20960000,8818.377078
20980000,8745.415783
21000000,8949.857934
21020000,8821.351715
21040000,9156.266751
21060000,9275.587380
21080000,9906.260746
21100000,9273.970747
21120000,9189.107394
21140000,9753.593534
21160000,9751.797222
21180000,9657.917472
21200000,8982.186069
21220000,8914.775139
21240000,8836.881524
21260000,8665.865042
21280000,8587.692031
21300000,8251.581999
21320000,8245.448185
21340000,10223.383303
21360000,10307.327504
21380000,10518.682325
21400000,9775.566075
21420000,11430.633174
21440000,12806.347548
21460000,13149.704007
21480000,13273.915734
21500000,13329.107455
21520000,12060.007196
21540000,12156.242302
21560000,12109.863866
21580000,12127.888215
21600000,12364.088788
21620000,12460.205874
21640000,11902.774459
21660000,13630.599223
21680000,12560.802957
21700000,12638.325242
21720000,14962.105914
21740000,15094.498059
21760000,15055.374641
21780000,14956.481002
21800000,14826.787224
21820000,14805.234421
21840000,15019.428991
21860000,14525.669694
21880000,14878.239513
21900000,11801.754080
21920000,10344.649148
21940000,10648.077575
21960000,9436.648311
21980000,9595.268988
22000000,9760.003875
22020000,8422.962611
22040000,8237.990622
22060000,8146.495912
22080000,8187.329981
22100000,8033.325551
22120000,7906.795790
22140000,7743.255816
22160000,8178.335691
22180000,7418.400858
22200000,10536.375106
22220000,10486.621056
22240000,10967.977574
22260000,10198.181524
22280000,9028.508627
22300000,8904.639709
22320000,9014.029312
22340000,9193.584076
22360000,9452.450186
22380000,10587.141037
22400000,10494.048716
22420000,10157.521330
22440000,9993.014099
22460000,9948.205824
22480000,10177.136198
22500000,12038.655717
22520000,12055.115742
22540000,11984.090262
22560000,12584.508735
22580000,9992.361827
22600000,10261.886787
22620000,10078.572751
22640000,10409.489024
22660000,10514.581090
22680000,9872.275239
22700000,10001.876483
22720000,9802.336434
22740000,8743.977756
22760000,9133.916207
22780000,9189.582025
22800000,9181.167289
22820000,8410.056070
22840000,8917.826450
22860000,8475.718682
22880000,8561.572269
22900000,8643.102334
22920000,9368.343460
22940000,9849.477475
22960000,20328.580452
22980000,22174.270767
23000000,16588.068351
23020000,16448.547496
23040000,10315.670291
23060000,10093.455170
23080000,10108.189220
23100000,12562.081851
23120000,12667.276421
23140000,12609.442781
23160000,12285.345586
23180000,12206.869539
23200000,12363.493122
23220000,12281.263181
23240000,13924.238382
23260000,13291.925492
23280000,10495.646417
23300000,10637.474404
23320000,10360.347445
23340000,9935.812616
23360000,8880.922038
23380000,8962.217263
23400000,8938.844318
23420000,9090.443838
23440000,9052.846633
23460000,8929.258964
23480000,8832.300053
23500000,8713.454751
23520000,9038.944222
23540000,9133.855234
23560000,9665.444694
23580000,9845.898515
23600000,9757.721006
23620000,9830.434848
23640000,9164.700074
23660000,9404.153713
23680000,9423.960781
23700000,9540.806707
23720000,15427.787638
23740000,14951.836820
23760000,13082.497517
23780000,13964.121063
23800000,17802.808907
23820000,19451.326709
23840000,15662.260743
23860000,12448.242043
23880000,12092.537353
23900000,12597.233243
23920000,12639.691418
23940000,11198.630539
23960000,12669.045682
23980000,12673.597942
24000000,20476.829035
24020000,18320.597194
24040000,15884.689908
24060000,15817.162280
24080000,7395.545100
24100000,7255.166551
24120000,7694.379912
24140000,7733.211680
24160000,8001.728912
24180000,8028.242088
24200000,7609.342327
24220000,7587.118627
24240000,7795.021205
24260000,7745.593271
24280000,7767.640955
24300000,7754.469822
24320000,7727.023886
24340000,7859.132457
24360000,7888.540536
24380000,7897.157023
24400000,8056.929648
24420000,7862.477628
24440000,8101.007692
24460000,8159.566348
24480000,8102.281017
24500000,8067.726383
24520000,8899.778873
24540000,8619.924755
24560000,8705.568478
24580000,8529.408161
24600000,8568.944340
24620000,8845.527101
24640000,8881.926942
24660000,9072.975278
24680000,9326.364951
24700000,9017.292545
24720000,9237.352512
24740000,9530.403755
24760000,8746.620437
24780000,10839.414175
24800000,11207.817183
24820000,11454.708113
24840000,13743.230719
24860000,13563.534976
24880000,13595.264440
24900000,14794.318610
24920000,14132.220629
24940000,14304.051457
24960000,14268.405391
24980000,14036.050460
25000000,13967.487475
25020000,14033.778307
25040000,13591.155756
25060000,13866.712929
25080000,13939.749243
25100000,13730.643652
25120000,13284.380306
25140000,13821.290834
25160000,22939.455878
25180000,23263.451052
25200000,23266.519734
25220000,23347.981977
25240000,22723.878217
25260000,23178.733116
25280000,23572.738110
25300000,24058.121949
25320000,24087.109036
25340000,10362.562248
25360000,14872.520729
25380000,15097.967205
25400000,15235.596722
25420000,17589.942459
25440000,15044.956696
25460000,14745.004012
25480000,14648.884055
25500000,14701.035368
25520000,14631.692022
25540000,11959.072159
25560000,18122.710167
25580000,15223.583741
25600000,15273.878033
25620000,15396.739049
25640000,17103.000107
25660000,16797.500225
25680000,17068.466451
25700000,15199.642069
25720000,15148.942586
25740000,15863.579083
25760000,15951.423180
25780000,15502.386603
25800000,15300.581980
25820000,15387.563075
25840000,15336.049590
25860000,15294.198744
25880000,14996.044582
25900000,15186.238700
25920000,15244.925888
25940000,13052.322927
25960000,13300.765668
25980000,15479.729385
26000000,14157.195537
26020000,14208.653045
26040000,13360.357821
26060000,16701.060222
26080000,16931.122157
26100000,17385.136358
26120000,13413.683668
26140000,12642.217446
26160000,8378.436784
26180000,8296.939817
26200000,8087.860612
26220000,11130.687965
26240000,11335.558937
26260000,11415.228336
26280000,11621.041814
26300000,11582.568286
26320000,8621.912541
26340000,7045.911753
26360000,7040.104294
26380000,6265.967272
26400000,6127.722593
26420000,6975.363790
26440000,7010.632133
26460000,7046.953607
26480000,6981.895359
26500000,7019.691780
26520000,6858.437876
26540000,6790.061841
26560000,6708.147409
26580000,6306.840114
26600000,6932.181932
26620000,7909.603681
26640000,8213.376573
26660000,8153.871421
26680000,7917.876015
26700000,8012.950640
26720000,7804.648930
26740000,7784.206402
26760000,7965.842792
26780000,7986.430599
26800000,7865.664967
26820000,7838.822718
26840000,7763.803950
26860000,7757.113428
26880000,7546.505379
26900000,7707.480551
26920000,6762.075288
26940000,6739.241251
26960000,7278.463009
26980000,7504.112886
27000000,7322.283355
27020000,6453.759948
27040000,6424.966757
27060000,6703.219961
27080000,8144.729488
27100000,11452.586832
27120000,11929.467566
27140000,12024.885919
27160000,12273.785505
27180000,9153.125699
27200000,9278.684950
27220000,9090.446068
27240000,14961.259844
27260000,14688.304604
27280000,12084.607208
27300000,7834.196779
27320000,8131.724549
27340000,7781.953034
27360000,7543.940886
27380000,7864.733889
27400000,12204.988918
27420000,10802.107485
27440000,10753.213609
27460000,10675.891776
27480000,10614.423465
27500000,10672.667472
27520000,10760.326494
27540000,10691.764200
27560000,12211.946810
27580000,12068.498451
27600000,11608.733044
27620000,11512.843681
27640000,11530.837930
27660000,10178.606038
27680000,9674.330409
27700000,9858.267672
27720000,9727.333320
27740000,9936.672952
27760000,9711.788280
27780000,9548.535978
27800000,9273.274359
27820000,9029.426321
27840000,8789.240131
27860000,8845.043082
27880000,8532.497065
27900000,8564.752843
27920000,8395.551162
27940000,8525.300585
27960000,7941.399405
27980000,7537.031241
28000000,7633.908547
28020000,7577.053958
28040000,7556.172090
28060000,8798.496701
28080000,8819.811856
28100000,8560.587651
28120000,8501.761088
28140000,8488.841147
28160000,8578.749951
28180000,8518.868480
28200000,8374.196336
28220000,7656.583810
28240000,7681.410647
28260000,7875.329228
28280000,8064.960505
28300000,8029.214753
28320000,7550.451647
28340000,7443.815380
28360000,6964.530475
28380000,9089.059374
28400000,9151.313714
28420000,9200.190271
28440000,9146.803544
28460000,9110.518651
28480000,9338.888789
28500000,11451.764709
28520000,11325.873689
28540000,11209.314405
28560000,11335.256596
28580000,11048.167682
28600000,11049.617059
28620000,11024.353333
28640000,7291.261211
28660000,7331.017407
28680000,7218.999199
28700000,7474.033988
28720000,7522.087028
28740000,7506.917618
28760000,7128.859217
28780000,7721.898699
28800000,7668.294772
28820000,7113.305999
28840000,6626.265232
28860000,6564.642147
28880000,6582.834027
28900000,6552.269407
28920000,6648.192178
28940000,6341.837302
28960000,6199.290073
28980000,6250.840836
29000000,6211.531844
29020000,6249.708302
29040000,5790.247066
29060000,5996.013411
29080000,5674.813853
29100000,6186.449324
29120000,6271.845187
29140000,6242.545661
29160000,6290.481891
29180000,5930.382883
29200000,5976.121442
29220000,6477.773214
29240000,9032.321203
29260000,9050.112265
29280000,9206.887025
29300000,9318.234892
29320000,9055.852045
29340000,7093.763268
29360000,7352.026439
29380000,7752.930529
29400000,7612.249161
29420000,7755.782681
29440000,7709.528763
29460000,8317.891961
29480000,10023.719655
29500000,10310.787321
29520000,10201.845624
29540000,10187.294041
29560000,10243.863654
29580000,8716.137592
29600000,11707.943093
29620000,11729.403734
29640000,11036.058610
29660000,10159.505570
29680000,10535.689878
29700000,10626.583616
29720000,9984.934687
29740000,9199.970034
29760000,9194.704028
29780000,7637.932498
29800000,7624.655519
29820000,7441.123041
29840000,7406.985356
29860000,9590.324664
29880000,9582.395688
29900000,9547.532917
29920000,9669.924917
29940000,9497.463897
29960000,9615.797206
29980000,9665.359010
30000000,9476.016750
30020000,9346.551512
30040000,9293.542619
30060000,9250.788114
30080000,9185.173969
30100000,9231.102175
30120000,8148.951051
30140000,8102.174509
30160000,12920.459107
30180000,12032.781831
30200000,12594.981274
30220000,12434.754517
30240000,12154.294203
30260000,11307.832036
30280000,11229.532187
30300000,11558.677724
30320000,11760.449397
30340000,10652.375925
30360000,10494.117059
30380000,10550.931198
30400000,10544.310663
30420000,10886.241992
30440000,11131.938442
30460000,11425.778914
30480000,10951.622587
30500000,11162.743447
30520000,10473.847178
30540000,10356.843336
30560000,10585.705656
30580000,9291.619619
30600000,9232.126522
30620000,9679.082049
30640000,8810.127367
30660000,8955.059601
30680000,9139.443910
30700000,9914.772546
30720000,8009.074101
30740000,7818.112713
30760000,7639.536038
30780000,12785.210721
30800000,12643.033759
30820000,12874.140184
30840000,9739.438696
30860000,9479.803386
30880000,9136.800522
30900000,7156.191577
30920000,7087.628320
30940000,7239.863728
30960000,6915.047223
30980000,6754.150283
31000000,6763.262383
31020000,6764.873737
31040000,8754.739800
31060000,8697.820983
31080000,8768.922828
31100000,8746.708259
31120000,8948.978464
31140000,9164.347932
31160000,8971.670117
31180000,9049.662904
31200000,8897.665069
31220000,9024.904371
31240000,8857.066564
31260000,11539.651458
31280000,8454.078735
31300000,8454.296897
31320000,8726.788097
31340000,8536.703620
31360000,9179.781302
31380000,11043.876419
31400000,10826.839626
31420000,11183.809286
31440000,7573.442256
31460000,7631.825437
31480000,7600.098545
31500000,7503.653077
31520000,7497.492796
31540000,7551.022981
31560000,7397.352385
31580000,7441.310221
31600000,7610.774599
31620000,7659.119472
31640000,8259.013792
31660000,8446.971657
31680000,8702.041394
31700000,8753.036798
31720000,8882.786693
31740000,8835.025943
31760000,8527.162476
31780000,8451.722000
31800000,8286.133016
31820000,8287.754095
31840000,8216.971512
31860000,8309.516466
31880000,8193.198463
31900000,8257.930741
31920000,14974.297257
31940000,15093.768620
31960000,14896.969449
31980000,14959.486021
32000000,15747.319354
32020000,15866.596778
32040000,16250.690082
32060000,16319.880066
32080000,15034.395894
32100000,14575.099613
32120000,14418.320021
32140000,14589.320888
32160000,14634.199244
32180000,14808.444954
32200000,14911.299082
32220000,15005.229377
32240000,14738.392838
32260000,14795.624621
32280000,14556.763874
32300000,14310.349840
32320000,12715.134602
32340000,9268.077012
32360000,9494.219974
32380000,9394.867762
32400000,10742.531246
32420000,10241.949455
32440000,10303.856465
32460000,11088.684512
32480000,10934.174383
32500000,17605.039590
32520000,17029.713919
32540000,17213.630977
32560000,14836.695201
32580000,14566.163843
32600000,14713.266808
32620000,15148.278558
32640000,14730.919414
32660000,14900.455205
32680000,14817.923675
32700000,14186.981117
32720000,14015.000233
32740000,14203.078718
32760000,14325.507660
32780000,11356.336878
32800000,11091.524649
32820000,11012.893552
32840000,14676.537196
32860000,14320.088518
32880000,14339.416650
32900000,14334.615681
32920000,14248.009310
32940000,7382.508950
32960000,7341.129119
32980000,7382.048564
33000000,11007.499185
33020000,11126.386916
33040000,11252.746785
33060000,8892.279492
33080000,8784.192213
33100000,13258.031314
33120000,13486.124008
33140000,11574.304955
33160000,11388.345436
33180000,11233.931588
33200000,11161.136431
33220000,6543.895506
33240000,6548.717127
33260000,16132.781409
33280000,15743.859316
33300000,15823.712347
33320000,15554.458642
33340000,9590.742203
33360000,10384.664634
33380000,10174.563706
33400000,10304.464977
33420000,10277.925400
33440000,11982.346373
33460000,11672.654768
33480000,11285.982130
33500000,12222.767470
33520000,12470.755119
33540000,12477.719197
33560000,7274.017440
33580000,7346.314475
33600000,7873.942849
33620000,8003.392556
33640000,9486.173419
33660000,9802.715674
33680000,9988.737017
33700000,9918.742452
33720000,9785.253520
33740000,9742.698637
33760000,11182.394967
33780000,10709.214405
33800000,10653.178441
33820000,8128.476528
33840000,8181.500350
33860000,7995.607291
33880000,8056.187609
33900000,8317.402801
33920000,7960.081842
33940000,7943.799436
33960000,7943.058729
33980000,7879.931468
34000000,9241.706946
34020000,9353.770394
34040000,9310.471493
34060000,9136.275036
34080000,8757.588161
34100000,8696.984120
34120000,7864.083084
34140000,7813.118542
34160000,7419.842589
34180000,7529.381207
34200000,7624.985094
34220000,7707.895974
34240000,7976.938028
34260000,8053.784802
34280000,8066.727501
34300000,8158.767390
34320000,8231.994131
34340000,7280.567627
34360000,7262.004299
34380000,7547.652467
34400000,7890.128262
34420000,9871.075741
34440000,9677.849852
34460000,10049.493638
34480000,9883.397926
34500000,9945.794604
34520000,9894.726021
34540000,9792.336327
34560000,10393.582054
34580000,10461.629976
34600000,10537.279544
34620000,10513.162062
34640000,10248.890671
34660000,10213.966754
34680000,10117.152347
34700000,10240.828660
34720000,7985.952462
34740000,7943.507021
34760000,7892.857190
34780000,8230.183366
34800000,7595.939712
34820000,8747.340686
34840000,8574.812011
34860000,8346.433295
34880000,8464.232905
34900000,7258.899630
34920000,7222.620190
34940000,7259.062652
34960000,8261.419237
34980000,7913.421223
35000000,7694.626824
35020000,8025.319920
35040000,8193.506312
35060000,8039.186333
35080000,8019.754744
35100000,8907.653632
35120000,7916.270219
35140000,10724.774815
35160000,10614.729758
35180000,11371.275622
35200000,12693.741127
35220000,12258.232519
35240000,12270.711611
35260000,14305.727334
35280000,14399.725854
35300000,14289.907550
35320000,14174.131875
35340000,14329.932832
35360000,14521.994028
35380000,15172.520883
35400000,14847.573280
35420000,14686.368053
35440000,13857.127981
35460000,13930.506910
35480000,13889.986260
35500000,14026.947985
35520000,13737.193245
35540000,13814.992011
35560000,12782.438708
35580000,11567.670534
35600000,12543.483576
35620000,12691.850547
35640000,12795.321246
35660000,12820.542133
35680000,12782.606841
35700000,12788.548962
35720000,13111.778622
35740000,13232.756134
35760000,11592.521877
35780000,11491.005997
35800000,11387.688502
35820000,11239.454134
35840000,11220.822269
35860000,11069.810430
35880000,11064.546652
35900000,11066.759902
35920000,8787.420321
35940000,8310.910987
35960000,9536.290528
35980000,10324.759385
36000000,10515.450086
36020000,13401.551584
36040000,13477.684467
36060000,13928.663587
36080000,14180.089731
36100000,14172.286118
36120000,14108.318468
36140000,11328.011176
36160000,11207.518002
36180000,11056.732582
36200000,8855.960043
36220000,12109.598084
36240000,11826.905346
36260000,11479.624484
36280000,11506.299075
36300000,11842.864148
36320000,13790.348969
36340000,14316.880846
36360000,14414.285095
36380000,14302.225654
36400000,14393.963304
36420000,14335.958637
36440000,15010.310996
36460000,13530.985540
36480000,13940.752586
36500000,8452.716428
36520000,8492.478889
36540000,8275.660940
36560000,8235.985909
36580000,8172.633298
36600000,8001.559440
36620000,10201.286276
36640000,10003.061146
36660000,9355.232591
36680000,9105.318576
36700000,9142.426459
36720000,9592.279981
36740000,9773.442913
36760000,10697.527602
36780000,10880.262400
36800000,10597.493041
36820000,10817.530018
36840000,10831.829858
36860000,10652.142000
36880000,10765.873888
36900000,11164.124714
36920000,11095.418996
36940000,11089.226688
36960000,10485.760165
36980000,10523.654182
37000000,8956.367129
37020000,8959.277730
37040000,8992.097872
37060000,9028.564847
37080000,8026.008982
37100000,9419.845391
37120000,9446.753787
37140000,9193.873428
37160000,9103.936600
37180000,9704.644704
37200000,9682.430045
37220000,9565.122994
37240000,9669.102438
37260000,9546.248325
37280000,9390.323617
37300000,9103.462194
37320000,9109.073665
37340000,10298.481143
37360000,10436.609830
37380000,9433.519927
37400000,9146.352933
37420000,8392.876097
37440000,7994.025731
37460000,7689.500200
37480000,7643.801866
37500000,7690.229282
37520000,7714.496621
37540000,7674.431921
37560000,7757.922171
37580000,7209.877902
37600000,7240.255582
37620000,7421.752948
37640000,7307.641655
37660000,7559.997618
37680000,7655.351357
37700000,7610.868731
37720000,8085.483423
37740000,8007.483146
37760000,8266.687518
37780000,9450.688846
37800000,10478.645611
37820000,10634.503342
37840000,10921.188385
37860000,10868.118074
37880000,10864.444721
37900000,11032.969347
37920000,10838.028944
37940000,16110.814564
37960000,16412.410160
37980000,10573.400971
38000000,10580.936891
38020000,12059.455651
38040000,18670.230197
38060000,10349.898163
38080000,8479.002838
38100000,9551.631542
38120000,9419.906499
38140000,9416.012965
38160000,9376.456802
38180000,9057.281312
38200000,9140.474472
38220000,9345.719031
38240000,9314.350476
38260000,14019.376014
38280000,13703.222137
38300000,14417.855555
38320000,14684.219981
38340000,16131.840548
38360000,16261.082114
38380000,16333.927482
38400000,16899.563839
38420000,17424.695021
38440000,17437.184765
38460000,15483.118642
38480000,17031.567268
38500000,21179.383408
38520000,20557.873540
38540000,19946.434659
38560000,14243.522529
38580000,14362.988111
38600000,15724.066413
38620000,15149.928466
38640000,14702.578069
38660000,14574.198572
38680000,14551.243933
38700000,14537.295862
38720000,14624.792561
38740000,14948.577458
38760000,15085.599278
38780000,15679.742254
38800000,16030.495638
38820000,15987.996332
38840000,15827.555299
38860000,18125.413390
38880000,18475.141604
38900000,18647.868272
38920000,18954.214803
38940000,18898.970615
38960000,18043.044590
38980000,11084.676029
39000000,10800.434464
39020000,10210.449224
39040000,10128.208534
39060000,7928.415376
39080000,8052.372729
39100000,7919.483473
39120000,7959.998287
39140000,12436.456878
39160000,11727.611539
39180000,11751.736922
39200000,11609.986480
39220000,13144.927291
39240000,13126.250734
39260000,12677.001151
39280000,12699.537434
39300000,12808.869621
39320000,12957.496334
39340000,13074.828475
39360000,13808.564371
39380000,13600.554145
39400000,14114.556019
39420000,15615.572757
39440000,15453.378907
39460000,15714.595598
39480000,15935.546615
39500000,15680.549813
39520000,12843.134782
39540000,14843.649164
39560000,14578.646505
39580000,14463.459322
39600000,14042.529142
39620000,14355.847344
39640000,14898.818187
39660000,11904.607693
39680000,10728.436893
39700000,10484.116953
39720000,10312.174853
39740000,10504.331142
39760000,10609.967127
39780000,10366.094160
39800000,10429.901928
39820000,10308.799045
39840000,12053.065978
39860000,12139.131615
39880000,11862.588807
39900000,9564.982638
39920000,10711.344223
39940000,10704.121854
39960000,10773.290904
39980000,13362.143561
40000000,9528.486762
40020000,9279.312281
40040000,11383.716670
40060000,12227.167870
40080000,12183.158322
40100000,12518.382402
40120000,12594.762619
40140000,15841.927362
40160000,12723.456879
40180000,12765.452055
40200000,12302.914813
40220000,9792.849693
40240000,9779.998443
40260000,9899.691964
40280000,10596.657752
40300000,11264.244430
40320000,10617.703947
40340000,10277.728669
40360000,10585.081573
40380000,11149.375252
40400000,10766.913134
40420000,16650.190494
40440000,16792.622751
40460000,18431.587297
40480000,18493.880625
40500000,18626.254977
40520000,17532.446779
40540000,17216.414351
40560000,17105.386590
40580000,17951.916396
40600000,16776.440816
40620000,18158.871202
40640000,17373.029953
40660000,17466.801429
40680000,11145.857928
40700000,11636.846042
40720000,11643.687377
40740000,12056.515330
40760000,11665.252393
40780000,11993.752070
40800000,11976.975509
40820000,12043.147272
40840000,9124.777718
40860000,8918.232264
40880000,8796.242356
40900000,8921.359537
40920000,9022.257125
40940000,8798.627792
40960000,8700.686755
40980000,8883.408343
41000000,8471.685782
41020000,8365.582669
41040000,8514.203462
41060000,8309.211714
41080000,8047.601672
41100000,7276.753799
41120000,7284.907022
41140000,7218.455312
41160000,10242.752590
41180000,10590.342487
41200000,10291.869831
41220000,10094.403860
41240000,9927.355813
41260000,10039.565654
41280000,9994.171874
41300000,10095.930489
41320000,10330.337149
41340000,10125.716315
41360000,10097.252313
41380000,11088.153925
41400000,11029.061026
41420000,10205.085739
41440000,10013.832999
41460000,10172.820372
41480000,10088.987953
41500000,10164.817542
41520000,10666.719903
41540000,10465.290000
41560000,7786.524363
41580000,7717.276554
41600000,9169.637811
41620000,9924.887295
41640000,8541.719329
41660000,10650.562162
41680000,10819.868420
41700000,10929.299547
41720000,10683.549966
41740000,10533.045636
41760000,10571.001205
41780000,9885.015175
41800000,13034.687205
41820000,10852.408380
41840000,10898.075822
41860000,10957.434130
41880000,16088.948853
41900000,16044.896961
41920000,15131.200013
41940000,15084.563020
41960000,15924.319383
41980000,16007.098242
42000000,16012.277309
42020000,15831.015339
42040000,15828.450750
42060000,9042.892709
42080000,8698.633575
42100000,8840.451537
42120000,8719.767788
42140000,8816.979208
42160000,8830.765000
42180000,8826.359599
42200000,9270.777862
42220000,7686.910579
42240000,7525.803202
42260000,7764.724741
42280000,8033.350107
42300000,8998.004343
42320000,9218.078230
42340000,9222.420303
42360000,11029.082217
42380000,10787.290398
42400000,10864.700442
42420000,10972.680568
42440000,11892.340754
42460000,11996.016482
42480000,8550.651536
42500000,8560.180172
42520000,8612.182307
42540000,9089.592117
42560000,9315.995816
42580000,9787.505154
42600000,10110.737694
42620000,10108.000692
42640000,10863.456125
42660000,10628.525530
42680000,10592.456349
42700000,10396.741847
42720000,10537.976995
42740000,10491.787025
42760000,10526.636741
42780000,10487.081454
42800000,10593.453235
42820000,10231.854833
42840000,10434.801706
42860000,10278.969930
42880000,10642.788216
42900000,10333.686360
42920000,11499.164271
42940000,11532.672674
42960000,11546.399563
42980000,11669.332218
43000000,10669.808450
43020000,10529.112340
43040000,10513.963821
43060000,10474.920863
43080000,10708.195269
43100000,10613.453088
43120000,10777.095040
43140000,10715.156623
43160000,11312.294571
43180000,11036.366494
43200000,6530.655362
43220000,6877.848191
43240000,6861.278950
43260000,6950.515467
43280000,6930.354997
43300000,6873.361187
43320000,7273.238297
43340000,7596.257833
43360000,7297.833292
43380000,7228.489317
43400000,7575.233991
43420000,7542.402024
43440000,7655.446596
43460000,7024.377602
43480000,7164.174696
43500000,7015.144087
43520000,6814.216867
43540000,6648.819887
43560000,6621.721763
43580000,6477.055171
43600000,6316.848276
43620000,6412.945590
43640000,6834.790955
43660000,7050.548911
43680000,7315.295856
43700000,7337.138379
43720000,8201.209583
43740000,8914.295904
43760000,8981.197414
43780000,8896.871344
43800000,7520.548951
43820000,7188.587572
43840000,7262.248665
43860000,7994.382612
43880000,7904.832135
43900000,7938.239360
43920000,7765.929190
43940000,7811.075767
43960000,7943.683780
43980000,9995.116496
44000000,9659.606926
44020000,9667.969801
44040000,9835.695429
44060000,9604.995164
44080000,9787.210980
44100000,9836.177343
44120000,9796.064580
44140000,9638.478491
44160000,9625.089512
44180000,12935.028644
44200000,13924.256505
44220000,13112.721754
44240000,12866.169916
44260000,11409.949377
44280000,11263.974888
44300000,11016.001718
44320000,9794.405878
44340000,14182.390694
44360000,13471.400160
44380000,13327.609797
44400000,13260.122015
44420000,13570.304375
44440000,11612.259929
44460000,11227.294080
44480000,11960.278840
44500000,9392.198589
44520000,10413.247133
44540000,10341.832293
44560000,10232.799025
44580000,10153.303413
44600000,7781.082915
44620000,8026.000912
44640000,8182.592228
44660000,7965.230626
44680000,8120.830680
44700000,7856.774302
44720000,6644.086100
44740000,6630.001748
44760000,7450.401915
44780000,7422.737077
44800000,7541.670671
44820000,7394.402225
44840000,7331.359816
44860000,7130.367332
44880000,7231.694495
44900000,7312.709327
44920000,7447.063621
44940000,7398.302555
44960000,7223.213434
44980000,7068.275615
45000000,6917.292794
45020000,6637.286862
45040000,6896.286776
45060000,7061.020766
45080000,7339.420250
45100000,8309.090671
45120000,8300.481662
45140000,8215.775420
45160000,8096.953704
45180000,8032.073050
45200000,8216.069846
45220000,8145.209016
45240000,11020.031033
45260000,10714.340859
45280000,7741.394590
45300000,8115.464719
45320000,14466.514314
45340000,15067.985160
45360000,14411.001162
45380000,11700.089507
45400000,12149.007445
45420000,12462.936872
45440000,12231.559148
45460000,12301.451661
45480000,12356.262638
45500000,10124.937837
45520000,9394.462653
45540000,9489.885410
45560000,9479.279446
45580000,9301.328702
45600000,9454.644578
45620000,9652.515223
45640000,10011.175156
45660000,10195.992465
45680000,9282.817235
45700000,9776.564990
45720000,9032.457293
45740000,8927.014738
45760000,9132.839076
45780000,9099.463037
45800000,9266.090345
45820000,11855.030038
45840000,11723.054530
45860000,8522.466034
45880000,7924.923259
45900000,7877.579473
45920000,7789.270110
45940000,7947.322936
45960000,7494.935990
45980000,7417.952492
46000000,7362.938459
46020000,11008.499948
46040000,11637.760346
46060000,11694.022498
46080000,11643.825212
46100000,10947.412313
46120000,11340.401459
46140000,15177.564042
46160000,17769.421947
46180000,17582.069259
46200000,21197.251321
46220000,11661.100950
46240000,10363.435904
46260000,9091.928644
46280000,9131.120291
46300000,8342.361166
46320000,8248.520476
46340000,8359.552279
46360000,8286.536397
46380000,8982.899138
46400000,8241.484984
46420000,8393.392283
46440000,7149.685749
46460000,12374.716759
46480000,10259.062584
46500000,10147.776730
46520000,9469.513521
46540000,9731.667084
46560000,9598.633785
46580000,9176.617753
46600000,9387.043062
46620000,10338.566857
46640000,9927.303470
46660000,9646.186972
46680000,8918.786936
46700000,9046.214610
46720000,9003.086377
46740000,8941.732727
46760000,10204.635160
46780000,9095.316999
46800000,9342.174652
46820000,10072.978588
46840000,9901.236260
46860000,9799.936686
46880000,9444.219142
46900000,9574.788150
46920000,9664.128821
46940000,10097.991755
46960000,10105.645925
46980000,10676.405602
47000000,14414.903126
47020000,14255.526893
47040000,14013.868491
47060000,9751.928955
47080000,11388.138926
47100000,11242.806397
47120000,8845.983765
47140000,8986.616087
47160000,9149.614469
47180000,6166.860888
47200000,6222.869992
47220000,9194.923014
47240000,8906.067451
47260000,15250.286033
47280000,15339.384376
47300000,14872.220308
47320000,20849.743806
47340000,12076.984274
47360000,12052.649146
47380000,9047.044892
47400000,8458.300185
47420000,8504.102012
47440000,8111.945915
47460000,8070.554423
47480000,9636.178376
47500000,9608.939273
47520000,13677.006579
47540000,13803.686687
47560000,9749.396245
47580000,9234.567436
47600000,10991.835421
47620000,12006.966280
47640000,21055.017940
47660000,20908.885619
47680000,11862.156759
47700000,11980.747644
47720000,9890.375042
47740000,10000.258067
47760000,9772.032500
47780000,10133.425578
47800000,10215.331597
47820000,13832.772831
47840000,9886.907140
47860000,9958.575264
47880000,9771.781820
47900000,9457.260422
47920000,9545.221352
47940000,9583.559012
47960000,13915.070908
47980000,14313.610428
48000000,14341.284887
48020000,13746.006774
48040000,9466.683832
48060000,9431.533980
48080000,9342.066466
48100000,9460.962752
48120000,10464.048561
48140000,10650.030699
48160000,9671.887505
48180000,10214.808798
48200000,10696.821150
48220000,9968.114866
48240000,10055.619327
48260000,9960.949891
48280000,8752.479481
48300000,8639.581219
48320000,8673.341702
48340000,8129.128591
48360000,8271.604631
48380000,8415.970120
48400000,8382.476333
48420000,8488.539155
48440000,9060.103655
48460000,9049.172835
48480000,9170.923980
48500000,8730.646680
48520000,8801.305659
48540000,8756.400356
48560000,8757.577663
48580000,8862.853467
48600000,8142.041850
48620000,8264.666355
48640000,8350.925658
48660000,7449.487780
48680000,8299.817716
48700000,9309.527045
48720000,9494.730613
48740000,9451.468976
48760000,9701.169980
48780000,9836.131718
48800000,9957.839279
48820000,9908.768245
48840000,9974.469715
48860000,10193.754113
48880000,10339.590662
48900000,10559.041236
48920000,10391.260737
48940000,7526.245607
48960000,8178.871099
48980000,11532.428635
49000000,11399.016591
49020000,11033.376956
49040000,10906.896960
49060000,11192.341313
49080000,11290.640771
49100000,11186.416990
49120000,11563.788674
49140000,11371.185058
49160000,6182.895380
49180000,6347.895218
49200000,6449.096783
49220000,9109.799687
49240000,7189.465280
49260000,7334.465382
49280000,7240.054169
49300000,7200.464232
49320000,7192.135554
49340000,7210.611940
49360000,7255.529307
49380000,6986.640945
49400000,6946.495604
49420000,6875.605384
49440000,6665.814121
49460000,6705.765069
49480000,6768.159525
49500000,6394.384630
49520000,6393.074119
49540000,6426.805996
49560000,10281.723766
49580000,10175.341627
49600000,12242.761687
49620000,12208.912187
49640000,11400.716239
49660000,13089.936150
49680000,12652.861003
49700000,13192.839960
49720000,13116.428139
49740000,13070.989269
49760000,8002.474080
49780000,8446.866337
49800000,8345.417177
49820000,8422.394104
49840000,8368.829786
49860000,8394.366140
49880000,10330.287368
49900000,10011.058925
49920000,10039.271755
49940000,9561.062123
49960000,9439.932564
49980000,9430.450120
50000000,16223.944635
50020000,10225.193486
50040000,10424.633036
50060000,10409.345547
50080000,10492.414345
50100000,10591.037878
50120000,10406.418114
50140000,10780.883099
50160000,11633.183984
50180000,8248.539124
50200000,8137.819154
50220000,7874.038536
50240000,6682.621567
50260000,12276.473422
50280000,12180.105323
50300000,13014.660680
50320000,10366.165169
50340000,10031.147608
50360000,10224.007487
50380000,10224.488417
50400000,10301.220405
50420000,10143.245057
50440000,9762.462969
50460000,10595.336904
50480000,10397.115032
50500000,10559.924518
50520000,10494.137845
50540000,10758.475741
50560000,7516.444854
50580000,7618.562616
50600000,9445.659197
50620000,9550.367606
50640000,11492.113293
50660000,11593.317390
50680000,10841.562189
50700000,10727.894403
50720000,10589.866294
50740000,11265.232984
50760000,10618.692291
50780000,7881.788503
50800000,7726.254868
50820000,7520.217122
50840000,9637.763747
50860000,12811.150544
50880000,12832.153506
50900000,17526.517618
50920000,18934.169343
50940000,19262.840703
50960000,18734.786768
50980000,18464.728643
51000000,19079.721157
51020000,22397.927848
51040000,21621.248773
51060000,11001.071553
51080000,11054.916906
51100000,11066.441378
51120000,11144.565006
51140000,11255.022440
51160000,8349.650096
51180000,8403.628392
51200000,10507.806339
51220000,10293.237778
51240000,8069.852574
51260000,6427.421879
51280000,6550.486017
51300000,6853.536986
51320000,6637.713032
51340000,6661.761224
51360000,6767.102797
51380000,6641.997495
51400000,6589.268249
51420000,7135.252470
51440000,7268.945046
51460000,8477.236140
51480000,8444.914996
51500000,12764.639130
51520000,12012.056831
51540000,11934.481768
51560000,8171.951447
51580000,8231.205244
51600000,8434.318540
51620000,8888.695580
51640000,9156.370655
51660000,8856.342811
51680000,9170.147516
51700000,9125.818429
51720000,9463.445890
51740000,9786.127822
51760000,11235.702281
51780000,11471.750163
51800000,13149.030068
51820000,13157.366924
51840000,13428.802458
51860000,13552.954667
51880000,14340.350649
51900000,9270.630085
51920000,10096.268371
51940000,10014.809034
51960000,9992.226145
51980000,10014.976727
52000000,9930.240472
52020000,11780.840440
52040000,11835.576165
52060000,11831.127064
52080000,11667.090901
52100000,13470.063619
52120000,13057.328683
52140000,12445.515508
52160000,12246.322045
52180000,11315.353376
52200000,10734.697145
52220000,10841.494158
52240000,11305.627313
52260000,15187.744370
52280000,10898.866161
52300000,11078.073914
52320000,11165.610320
52340000,12228.197086
52360000,12242.008130
52380000,12333.174728
52400000,21740.606729
52420000,26736.914687
52440000,17624.537653
52460000,17860.202188
52480000,17773.372536
52500000,18162.013061
52520000,17266.009309
52540000,17261.376851
52560000,12120.125294
52580000,9606.197876
52600000,9055.238082
52620000,8887.225748
52640000,8962.138669
52660000,9150.132029
52680000,9088.594520
52700000,9504.107462
52720000,9495.268901
52740000,9335.030139
52760000,9078.868085
52780000,10512.666198
52800000,10252.169558
52820000,9555.736970
52840000,9492.994084
52860000,9557.965715
52880000,9591.005067
52900000,9293.599900
52920000,9298.687491
52940000,9314.449404
52960000,9348.911167
52980000,7205.871338
53000000,6813.458449
53020000,6833.243475
53040000,6751.264454
53060000,6857.749736
53080000,6769.549952
53100000,7003.493451
53120000,7044.426573
53140000,7057.971708
53160000,6935.532780
53180000,6946.416064
53200000,7354.505523
53220000,6700.275544
53240000,7006.298320
53260000,7210.369651
53280000,5981.783759
53300000,5730.004000
53320000,6160.060073
53340000,5891.740653
53360000,5942.802409
53380000,6156.214988
53400000,6042.123241
53420000,6478.344254
53440000,6164.095362
53460000,6064.144239
53480000,5922.886194
53500000,5943.381388
53520000,5874.400592
53540000,6061.769830
53560000,5594.167724
53580000,5665.263600
53600000,5219.950295
53620000,5949.033985
53640000,6076.581190
53660000,5938.254973
53680000,6055.728852
53700000,6014.154038
53720000,6945.577127
53740000,9111.472077
53760000,8785.643318
53780000,8787.526822
53800000,8831.456950
53820000,8719.886631
53840000,8784.391213
53860000,8822.947957
53880000,8813.094098
53900000,8905.339210
53920000,8512.920917
53940000,8647.210331
53960000,9098.529583
53980000,9097.379933
54000000,8952.601531
54020000,8944.822349
54040000,8527.800452
54060000,9462.267560
54080000,9595.354992
54100000,9514.458765
54120000,8292.410476
54140000,8915.806287
54160000,8902.552039
54180000,9619.535293
54200000,9528.195845
54220000,8595.277255
54240000,8428.397364
54260000,8398.820153
54280000,8286.564306
54300000,8677.652876
54320000,9177.037284
54340000,10442.463908
54360000,10393.183057
54380000,11092.627834
54400000,11225.244552
54420000,8566.193802
54440000,10551.953877
54460000,10606.936138
54480000,10504.563599
54500000,10610.963977
54520000,10944.301086
54540000,9905.331340
54560000,10083.269841
54580000,9807.566612
54600000,9967.724235
54620000,6040.710161
54640000,6075.708632
54660000,6178.380871
54680000,6081.506168
54700000,7273.349683
54720000,7105.879622
54740000,8031.765611
54760000,8688.540940
54780000,8748.278192
54800000,8799.271298
54820000,7999.993046
54840000,7627.446175
54860000,15527.805573
54880000,16573.163827
54900000,9904.014861
54920000,10031.689344
54940000,11433.189698
54960000,11598.418179
54980000,11659.432071
55000000,11758.508257
55020000,10357.936665
55040000,10165.276544
55060000,9869.608445
55080000,9957.023266
55100000,9885.623141
55120000,10370.010246
55140000,10498.546969
55160000,10723.652524
55180000,10505.662586
55200000,11300.123943
55220000,11442.117038
55240000,15621.598213
55260000,12397.195367
55280000,11382.786087
55300000,10863.237431
55320000,10858.978971
55340000,11099.276446
55360000,11511.347475
55380000,11817.036051
55400000,8867.101952
55420000,9339.625782
55440000,9402.198115
55460000,8031.454512
55480000,8210.374494
55500000,9796.998026
55520000,9869.626082
55540000,9938.009789
55560000,9836.730710
55580000,9690.248606
55600000,10299.970597
55620000,10299.222893
55640000,10949.226573
55660000,10794.918014
55680000,10713.241443
55700000,11214.565883
55720000,10947.622913
55740000,10963.225431
55760000,11158.725785
55780000,10998.804178
55800000,10806.343851
55820000,11191.698032
55840000,11261.967618
55860000,10803.306648
55880000,10951.864882
55900000,10280.457754
55920000,10289.994614
55940000,15550.288822
55960000,17867.571667
55980000,17744.847407
56000000,17473.962578
56020000,17024.519590
56040000,17411.162068
56060000,16758.344989
56080000,18105.867830
56100000,18611.069340
56120000,18676.880859
56140000,11087.561642
56160000,11141.964262
56180000,11681.921849
56200000,11743.267684
56220000,9928.836007
56240000,8800.238275
56260000,8936.157667
56280000,8886.784574
56300000,9022.251561
56320000,9482.676918
56340000,9519.104822
56360000,9672.863751
56380000,9529.953835
56400000,13082.961580
56420000,12852.839013
56440000,12819.920380
56460000,12708.967413
56480000,13128.468289
56500000,13215.950737
56520000,13363.238927
56540000,13423.338055
56560000,13833.402954
56580000,11645.853605
56600000,11966.150642
56620000,10998.807103
56640000,10363.841967
56660000,10319.831208
56680000,10627.052524
56700000,10616.889830
56720000,9974.881961
56740000,9893.712557
56760000,10257.930532
56780000,12159.803877
56800000,11707.166127
56820000,13479.852624
56840000,13006.091005
56860000,13138.597641
56880000,12195.264156
56900000,13783.712352
56920000,13635.047347
56940000,13621.488005
56960000,13395.167784
56980000,12764.611330
57000000,13018.172143
57020000,12964.845798
57040000,13184.209120
57060000,13165.110995
57080000,10279.815331
57100000,9969.366141
57120000,10040.316866
57140000,11783.272942
57160000,10385.748847
57180000,9732.311800
57200000,7804.931633
57220000,7605.789747
57240000,7504.777709
57260000,7511.876839
57280000,7554.985776
57300000,7366.959925
57320000,7790.427404
57340000,8587.210317
57360000,8515.601006
57380000,8452.677746
57400000,8366.107269
57420000,8490.906277
57440000,9667.859058
57460000,9472.917025
57480000,9571.693077
57500000,9655.473020
57520000,9291.341287
57540000,9326.227867
57560000,9229.586056
57580000,8596.375232
57600000,8435.938092
57620000,8180.657350
57640000,7962.082234
57660000,7964.031734
57680000,7926.544404
57700000,8399.468744
57720000,8571.420674
57740000,8159.946291
57760000,8169.551215
57780000,8041.748475
57800000,8290.633546
57820000,8504.249735
57840000,8156.723119
57860000,8169.186709
57880000,8699.804258
57900000,7910.324042
57920000,8022.060233
57940000,8160.150088
57960000,7750.518680
57980000,12733.389564
58000000,13571.584198
58020000,11056.129295
58040000,12236.739307
58060000,7900.270848
58080000,12006.912316
58100000,9076.811273
58120000,9176.807245
58140000,9349.900332
58160000,9563.981082
58180000,8428.305269
58200000,8873.902822
58220000,8848.546926
58240000,8973.100931
58260000,8788.159389
58280000,8603.896495
58300000,8768.790220
58320000,8604.080621
58340000,8691.314491
58360000,8467.006858
58380000,8383.826234
58400000,8380.798494
58420000,7641.891929
58440000,7638.253405
58460000,11541.348512
58480000,11522.796123
58500000,10566.586401
58520000,10673.759957
58540000,10700.311430
58560000,9092.128600
58580000,9612.294714
58600000,11499.277783
58620000,10860.725895
58640000,10256.337706
58660000,10357.951036
58680000,10555.338944
58700000,10576.644337
58720000,6957.642631
58740000,6859.016115
58760000,6711.610521
58780000,6839.165583
58800000,9657.673211
58820000,9679.878160
58840000,9814.202774
58860000,7601.224219
58880000,7632.254603
58900000,7996.505397
58920000,7685.700430
58940000,9089.173749
58960000,6528.968344
58980000,8433.936296
59000000,8372.483635
59020000,6936.468795
59040000,7939.154253
59060000,6577.116800
59080000,6577.717656
59100000,6728.667410
59120000,6857.427988
59140000,7220.896866
59160000,7345.081590
59180000,6832.692597
59200000,6856.460866
59220000,6850.811283
59240000,8933.808705
59260000,8671.094189
59280000,8024.748532
59300000,7996.183015
59320000,7880.586924
59340000,7901.872805
59360000,7225.547795
59380000,7044.444312
59400000,7058.235701
59420000,7126.617174
59440000,6899.542863
59460000,6832.887317
59480000,6731.850487
59500000,6616.237921
59520000,6260.179603
59540000,6225.762975
59560000,6157.230671
59580000,12610.091825
59600000,12545.514272
59620000,12198.791967
59640000,12150.321476
59660000,11934.957893
59680000,11983.693021
59700000,11826.593552
59720000,12005.832251
59740000,12166.028422
59760000,12319.099515
59780000,8283.345153
59800000,8339.544341
59820000,8127.685712
59840000,7982.214045
59860000,7926.669487
59880000,8018.391815
59900000,8229.781155
59920000,8348.340976
59940000,7939.662018
59960000,8079.243671
59980000,6314.784170
60000000,7509.451831
60020000,7418.772804
60040000,14050.196264
60060000,17922.037819
60080000,18835.161391
60100000,18561.181234
60120000,16808.543143
60140000,17085.835316
60160000,16967.397277
60180000,16722.749607
60200000,16733.889571
60220000,16402.292391
60240000,16093.328134
60260000,11850.798121
60280000,11719.800636
60300000,11464.855598
60320000,11461.747157
60340000,11622.181925
60360000,7929.592098
60380000,8560.392471
60400000,8731.942799
60420000,8766.464743
60440000,8674.250609
60460000,8109.886695
60480000,8176.484985
60500000,8435.955201
60520000,8471.312211
60540000,8675.368526
60560000,8899.471379
60580000,8670.243639
60600000,8889.277577
60620000,9504.296139
60640000,7767.090949
60660000,7714.722641
60680000,8001.684668
60700000,8552.226132
60720000,8655.124993
60740000,8464.562833
60760000,8482.990707
60780000,8446.991743
60800000,9035.013857
60820000,6051.202541
60840000,5996.291276
60860000,6037.415648
60880000,6812.493316
60900000,6821.220133
60920000,6654.686309
60940000,6528.695299
60960000,6680.556688
60980000,6965.092876
61000000,6077.629216
61020000,6001.611497
61040000,6051.703297
61060000,6082.489331
61080000,6044.719651
61100000,6011.799728
61120000,6176.328227
61140000,6157.978881
61160000,6108.532961
61180000,6225.345255
61200000,6137.849645
61220000,6348.939307
61240000,6354.430795
61260000,6597.141080
61280000,6136.203490
61300000,6087.452170
61320000,6218.233390
61340000,10585.902222
61360000,10556.300666
61380000,10691.122706
61400000,13069.760902
61420000,13134.422000
61440000,13004.628582
61460000,13095.925118
61480000,13439.173484
61500000,12608.048045
61520000,12125.466595
61540000,14458.206029
61560000,15588.408781
61580000,15507.910041
61600000,11725.027194
61620000,11872.620229
61640000,12058.425258
61660000,8263.188996
61680000,8225.879840
61700000,8421.519416
61720000,13239.718669
61740000,13118.694821
61760000,12771.605064
61780000,12943.806575
61800000,13075.472975
61820000,12817.453034
61840000,12331.732826
61860000,12519.965003
61880000,12310.719621
61900000,12666.593387
61920000,12314.349257
61940000,12430.780897
61960000,15012.947541
61980000,14953.431662
62000000,14812.099818
62020000,14593.349485
62040000,14010.715946
62060000,13975.662864
62080000,14650.303549
62100000,14670.831679
62120000,15420.794356
62140000,15215.917190
62160000,16013.993853
62180000,17745.672974
62200000,19943.369513
62220000,20668.352545
62240000,15100.039516
62260000,15445.209157
62280000,15813.648370
62300000,15440.626769
62320000,12581.476762
62340000,12587.563793
62360000,20126.486617
62380000,20181.365501
62400000,7335.829665
62420000,7344.458425
62440000,7196.368679
62460000,13747.994198
62480000,13750.518994
62500000,13527.493853
62520000,13697.144133
62540000,15332.750847
62560000,12293.001285
62580000,12860.190326
62600000,12541.898851
62620000,9639.628283
62640000,10620.669475
62660000,6800.233868
62680000,7148.706547
62700000,7208.719634
62720000,7204.236592
62740000,7278.300637
62760000,7399.885722
62780000,12278.947008
62800000,8903.711056
62820000,11194.547678
62840000,9719.387222
62860000,9641.635781
62880000,14689.519265
62900000,14056.562651
62920000,14121.825458
62940000,14093.236144
62960000,14393.769672
62980000,14513.738973
63000000,14094.550745
63020000,18149.382608
63040000,20013.582158
63060000,19765.806861
63080000,19722.062839
63100000,13770.472654
63120000,13772.826214
63140000,8991.986930
63160000,8780.404765
63180000,8649.612346
63200000,8600.030635
63220000,11107.978977
63240000,9241.057787
63260000,9396.981864
63280000,13145.379578
63300000,13496.762598
63320000,12290.147530
63340000,13950.047459
63360000,13889.613005
63380000,14020.875500
63400000,15411.597263
63420000,8485.763794
63440000,7570.898863
63460000,7661.248606
63480000,7790.810895
63500000,7715.235835
63520000,7812.683116
63540000,12219.406388
63560000,12183.107236
63580000,12132.563839
63600000,11335.810814
63620000,11310.934824
63640000,11281.901123
63660000,13932.328226
63680000,11568.338710
63700000,12466.378221
63720000,12482.972390
63740000,12738.570832
63760000,15945.715457
63780000,16048.809485
63800000,17267.070526
63820000,16223.362559
63840000,16613.481035
63860000,10882.011196
63880000,10874.067490
63900000,11197.558198
63920000,11075.039036
63940000,11236.875451
63960000,10962.265996
63980000,9708.660886
64000000,11497.444200
64020000,11482.253058
64040000,11660.102897
64060000,11534.282366
64080000,11685.156391
64100000,11514.288948
64120000,14344.276625
64140000,14555.786098
64160000,14757.791662
64180000,14562.224920
64200000,14470.189558
64220000,14061.815759
64240000,14108.309516
64260000,14098.558886
64280000,18127.423911
64300000,19475.680937
64320000,18764.181803
64340000,17878.545038
64360000,14404.092495
64380000,14515.986636
64400000,14463.236551
64420000,13961.083288
64440000,15457.752917
64460000,15447.246664
64480000,15413.330833
64500000,11455.602741
64520000,14261.818354
64540000,14133.511490
64560000,13923.926091
64580000,13185.897549
64600000,13560.947371
64620000,13899.145202
64640000,17759.813213
64660000,18158.011615
64680000,18399.228626
64700000,17272.655425
64720000,17238.299311
64740000,17618.905576
64760000,17108.665746
64780000,9639.667805
64800000,9476.404891
64820000,9637.410673
64840000,9173.474688
64860000,9468.648605
64880000,9425.302723
64900000,9447.503355
64920000,9237.163001
64940000,9327.843160
64960000,9510.658529
64980000,10134.976310
65000000,12879.876752
65020000,13188.005171
65040000,14042.884287
65060000,14063.621700
65080000,14040.170963
65100000,8200.761413
65120000,8203.278583
65140000,10572.551360
65160000,10689.684691
65180000,11118.964272
65200000,10977.566951
65220000,9988.540580
65240000,9935.578080
65260000,9712.658827
65280000,8954.321938
65300000,9208.411393
65320000,9041.005488
65340000,8994.652311
65360000,8899.956564
65380000,8863.359575
65400000,8937.219678
65420000,9097.048658
65440000,9020.774621
65460000,8911.836708
65480000,8790.429467
65500000,7694.814530
65520000,7482.787448
65540000,7476.443872
65560000,7757.813991
65580000,7811.571948
65600000,8501.898701
65620000,8715.619319
65640000,7712.675567
65660000,7569.292739
65680000,9792.656892
65700000,9934.213645
65720000,10027.174836
65740000,9029.979172
65760000,9060.604605
65780000,8838.446348
65800000,9920.595562
65820000,10845.926068
65840000,10777.786957
65860000,9808.300242
65880000,13821.448105
65900000,12174.737445
65920000,12279.755625
65940000,12120.854903
65960000,12326.879874
65980000,12691.138885
66000000,12756.205113
66020000,12714.481230
66040000,12529.705035
66060000,12603.930681
66080000,11405.882924
66100000,12161.018532
66120000,11959.254300
66140000,14041.670221
66160000,12481.053454
66180000,11902.284066
66200000,12086.489682
66220000,12064.812194
66240000,12054.663320
66260000,12382.255742
66280000,12546.299758
66300000,13896.222787
66320000,13735.785602
66340000,15896.886373
66360000,15720.643435
66380000,18187.011003
66400000,18623.031754
66420000,18599.130903
66440000,15705.385158
66460000,11254.766727
66480000,11164.588379
66500000,10992.479860
66520000,9499.528836
66540000,9537.777188
66560000,9552.125519
66580000,9738.234575
66600000,9330.965035
66620000,9348.362237
66640000,9282.897069
66660000,9450.662519
66680000,12001.354681
66700000,12219.258749
66720000,8836.775547
66740000,8946.024706
66760000,9045.297319
66780000,10841.178891
66800000,10706.025337
66820000,10499.718482
66840000,9200.974548
66860000,7830.643266
66880000,7594.808425
66900000,7650.514450
66920000,12397.060181
66940000,12297.731657
66960000,11156.855995
66980000,14905.782965
67000000,13422.075417
67020000,11525.724567
67040000,10901.065209
67060000,10987.048495
67080000,11105.807662
67100000,10936.573193
67120000,10866.275126
67140000,10884.268017
67160000,10775.870614
67180000,10287.165801
67200000,10306.254231
67220000,9110.963159
67240000,8769.178451
67260000,8779.457496
67280000,8664.107401
67300000,8783.400316
67320000,11899.561811
67340000,11888.212099
67360000,9488.328038
67380000,11936.013032
67400000,11879.253605
67420000,12468.378229
67440000,15457.862818
67460000,15325.939005
67480000,16221.540592
67500000,16740.989304
67520000,13302.285891
67540000,13363.976167
67560000,14190.292463
67580000,14109.299879
67600000,14101.788212
67620000,13944.436951
67640000,13895.857945
67660000,13057.138908
67680000,15108.754384
67700000,14584.853711
67720000,14817.911751
67740000,15088.390248
67760000,15163.263220
67780000,13427.133241
67800000,9062.213373
67820000,9244.647681
67840000,10912.859348
67860000,11096.093218
67880000,11128.272570
67900000,10073.799111
67920000,10008.608158
67940000,9959.090973
67960000,10129.169204
67980000,9547.999777
68000000,11303.614733
68020000,10984.444077
68040000,11044.172524
68060000,11105.637418
68080000,11103.622115
68100000,11079.850233
68120000,10879.921432
68140000,10757.416028
68160000,9419.454847
68180000,9460.270705
68200000,9344.259389
68220000,8397.595843
68240000,8323.002045
68260000,8209.154318
68280000,9859.931614
68300000,11486.996228
68320000,11652.488830
68340000,12109.903952
68360000,12126.657946
68380000,12008.678958
68400000,7753.931332
68420000,8919.657492
68440000,8935.963432
68460000,9148.364961
68480000,9039.279280
68500000,9067.899956
68520000,8765.480491
68540000,8615.082457
68560000,8999.464749
68580000,8048.995311
68600000,8920.329013
68620000,9363.497072
68640000,9425.542741
68660000,12062.192884
68680000,12113.402602
68700000,8789.828893
68720000,8708.319365
68740000,9847.133984
68760000,12421.604048
68780000,8949.608461
68800000,9151.753094
68820000,8948.952996
68840000,8936.684385
68860000,8706.637489
68880000,8070.481589
68900000,7807.072354
68920000,7524.722421
68940000,7272.944444
68960000,6984.777433
68980000,7053.218555
69000000,7243.403615
69020000,7011.169228
69040000,7104.081664
69060000,7070.565005
69080000,7145.763814
69100000,7170.788058
69120000,7206.408934
69140000,7221.666780
69160000,6499.462881
69180000,6312.801432
69200000,7537.788306
69220000,8512.480787
69240000,9507.584841
69260000,9584.902210
69280000,10123.690206
69300000,9221.301744
69320000,8323.933805
69340000,8437.469567
69360000,8108.408069
69380000,7471.241295
69400000,6589.426819
69420000,8282.647448
69440000,7157.037780
69460000,6771.739063
69480000,6886.244862
69500000,12932.130551
69520000,12277.565413
69540000,10920.769232
69560000,11015.291915
69580000,11082.483104
69600000,9248.756451
69620000,9855.478125
69640000,9501.341820
69660000,9607.467003
69680000,9351.044221
69700000,9488.726098
69720000,9591.318921
69740000,9518.567962
69760000,9681.539083
69780000,10820.946358
69800000,10909.392328
69820000,8138.079528
69840000,8100.493801
69860000,7940.151116
69880000,7759.296372
69900000,8769.314931
69920000,9075.026592
69940000,9335.699727
69960000,9302.235894
69980000,12282.367235
70000000,12357.895732
70020000,12114.284516
70040000,11437.704654
70060000,9726.634615
70080000,9527.882187
70100000,9327.286577
70120000,9013.560145
70140000,9145.933901
70160000,9112.944174
70180000,9034.835846
70200000,8479.350231
70220000,8928.068411
70240000,8911.431161
70260000,9755.309750
70280000,9634.317380
70300000,9853.274596
70320000,9805.773748
70340000,9650.424315
70360000,9646.555003
70380000,9650.047161
70400000,10103.449165
70420000,9948.577621
70440000,13524.472234
70460000,12160.137260
70480000,12228.006409
70500000,12300.526108
70520000,7029.749167
70540000,6724.757959
70560000,6797.695480
70580000,6859.787024
70600000,7982.114604
70620000,7242.018754
70640000,7372.004913
70660000,7380.945067
70680000,9060.751710
70700000,6291.785566
70720000,6103.418064
70740000,6033.086830
70760000,8814.919864
70780000,6453.651545
70800000,6557.196776
70820000,6760.583316
70840000,6646.898557
70860000,7109.490552
70880000,8126.116345
70900000,8397.146011
70920000,8229.712014
70940000,7858.121861
70960000,8084.191515
70980000,8156.579763
71000000,8051.463775
71020000,7753.189880
71040000,7903.521134
71060000,7633.080943
71080000,7474.660987
71100000,8246.831868
71120000,8224.028478
71140000,6835.891331
71160000,8686.210852
71180000,8398.802251
71200000,8539.613121
71220000,8665.173799
71240000,8534.719373
71260000,8698.886149
71280000,8654.682407
71300000,9936.734854
71320000,10145.810343
71340000,9900.981267
71360000,10292.498756
71380000,10266.937500
71400000,10473.807190
71420000,10689.414811
71440000,11345.842424
71460000,11488.230171
71480000,10129.069831
71500000,11102.091514
71520000,12052.295117
71540000,12261.126601
71560000,12417.523707
71580000,12077.607117
71600000,11407.560599
71620000,11173.989494
71640000,11738.645405
71660000,11584.392521
71680000,11352.036392
71700000,10978.924441
71720000,8433.532937
71740000,8486.957252
71760000,8456.554355
71780000,8225.308474
71800000,8239.450763
71820000,8028.174113
71840000,10749.634211
71860000,10535.687049
71880000,10691.118068
71900000,8540.730169
71920000,9047.541362
71940000,8587.308341
71960000,8888.033908
71980000,10508.817370
72000000,10601.677568
72020000,10451.833401
72040000,10270.630074
72060000,10028.755691
72080000,11170.481640
72100000,8493.170009
72120000,8385.035208
72140000,8592.600178
72160000,8445.693009
72180000,8594.634053
72200000,8611.574784
72220000,6944.894493
72240000,6916.984127
72260000,8924.603275
72280000,8844.886323
72300000,8941.993766
72320000,8941.559108
72340000,9189.669208
72360000,8873.349055
72380000,10687.613875
72400000,10244.951638
72420000,10306.179816
72440000,12140.954893
72460000,13186.505747
72480000,13269.922598
72500000,12828.458486
72520000,11026.380672
72540000,11130.157748
72560000,9013.645192
72580000,8003.473536
72600000,8058.745173
72620000,8070.645155
72640000,7124.636960
72660000,9792.234362
72680000,9021.391355
72700000,8954.516758
72720000,8807.758445
72740000,8843.463367
72760000,8851.346815
72780000,8819.965188
72800000,9990.585089
72820000,10100.128854
72840000,10188.691866
72860000,9956.016627
72880000,9529.055211
72900000,9699.263357
72920000,8646.447246
72940000,8712.191440
72960000,8484.643826
72980000,8522.966722
73000000,11607.782784
73020000,12538.478224
73040000,10358.365623
73060000,10660.714152
73080000,10599.567124
73100000,10751.486928
73120000,10824.355690
73140000,11835.896688
73160000,11760.219679
73180000,12000.937413
73200000,12320.274337
73220000,11319.383295
73240000,11386.938074
73260000,11544.545858
73280000,14495.177686
73300000,20911.494451
73320000,19489.372560
73340000,12198.814467
73360000,15221.476604
73380000,10523.782913
73400000,10650.077483
73420000,10740.215860
73440000,10639.516380
73460000,10661.632872
73480000,10522.715680
73500000,10478.419595
73520000,9010.454566
73540000,9648.776436
73560000,11140.868267
73580000,12062.298874
73600000,12266.615001
73620000,11992.066579
73640000,7881.532495
73660000,8082.157807
73680000,8126.527001
73700000,8229.300882
73720000,8084.713816
73740000,5379.424676
73760000,5351.468866
73780000,13446.402531
73800000,13614.009292
73820000,13759.750857
73840000,13725.542497
73860000,13237.931480
73880000,13321.638019
73900000,13986.184574
73920000,10513.647123
73940000,9861.935558
73960000,9825.507916
73980000,9914.975712
74000000,10072.372054
74020000,10147.291952
74040000,10395.623488
74060000,11610.052467
74080000,11510.442151
74100000,11622.611987
74120000,11655.275418
74140000,11593.806144
74160000,11498.172927
74180000,11244.246982
74200000,11139.786069
74220000,12426.696561
74240000,12500.623339
74260000,12357.875430
74280000,13276.773073
74300000,10572.193427
74320000,10960.389023
74340000,11124.274805
74360000,8237.614594
74380000,9511.474562
74400000,10460.078894
74420000,10875.408364
74440000,10858.251554
74460000,8136.951266
74480000,8096.039901
74500000,8136.860434
74520000,8016.285792
74540000,8011.597894
74560000,13109.803664
74580000,14903.070657
74600000,15680.320686
74620000,15877.432314
74640000,15961.721233
74660000,17750.204304
74680000,17782.598210
74700000,17641.986537
74720000,17068.257962
74740000,12581.058357
74760000,12294.675266
74780000,12662.447891
74800000,15549.173128
74820000,16290.525907
74840000,16119.916364
74860000,15295.705110
74880000,15059.940705
74900000,15186.175754
74920000,15233.352431
74940000,15515.966033
74960000,15162.049223
74980000,14947.074883
75000000,9223.153196
75020000,9146.578202
75040000,9130.256002
75060000,9018.442775
75080000,8935.244212
75100000,8670.905572
75120000,8649.876578
75140000,8467.092555
75160000,8643.313795
75180000,7411.449688
75200000,6454.498341
75220000,6228.597110
75240000,6157.639190
75260000,6263.814487
75280000,5647.444335
75300000,5726.901507
75320000,5750.365157
75340000,7683.787153
75360000,7143.691634
75380000,6722.276201
75400000,6764.591328
75420000,6829.783791
75440000,8028.345252
75460000,7699.733515
75480000,9171.646526
75500000,9294.242554
75520000,9141.424455
75540000,8524.243363
75560000,7844.411260
75580000,8330.247518
75600000,8272.348431
75620000,11817.075296
75640000,12022.424719
75660000,10742.571132
75680000,10402.721715
75700000,10021.486537
75720000,10186.109068
75740000,10344.832869
75760000,10277.943676
75780000,10463.236398
75800000,8038.999941
75820000,7854.062062
75840000,8364.112585
75860000,8595.716156
75880000,7844.132262
75900000,7503.946688
75920000,7427.561347
75940000,7457.135848
75960000,7032.411004
75980000,7040.369567
76000000,7002.353232
76020000,6998.274142
76040000,7600.026284
76060000,7564.327371
76080000,7397.576540
76100000,7300.133735
76120000,8443.567951
76140000,9008.728883
76160000,8927.645221
76180000,14362.301866
76200000,18053.468488
76220000,17949.138304
76240000,13368.919289
76260000,13431.522250
76280000,9461.016928
76300000,8415.161905
76320000,10508.440030
76340000,10060.507894
76360000,10181.066705
76380000,10168.499755
76400000,10146.669035
76420000,10201.656725
76440000,10469.076923
76460000,10112.985984
76480000,10098.667508
76500000,10229.259459
76520000,10456.615347
76540000,9716.165700
76560000,11379.362313
76580000,16424.328647
76600000,16899.974526
76620000,16913.168769
76640000,16819.311314
76660000,20943.607823
76680000,21084.062445
76700000,20865.569995
76720000,21133.105938
76740000,20927.558075
76760000,20853.463173
76780000,16143.537786
76800000,12165.913939
76820000,12391.639080
76840000,12441.833315
76860000,12390.957684
76880000,12607.225743
76900000,12452.593551
76920000,12574.896527
76940000,12736.415595
76960000,12515.889123
76980000,12202.281989
77000000,12049.851303
77020000,15016.681015
77040000,14357.452416
77060000,12357.097500
77080000,9796.209099
77100000,8452.632607
77120000,8952.082682
77140000,8183.753341
77160000,8369.650258
77180000,8585.122762
77200000,8124.218728
77220000,8281.048137
77240000,10731.131027
77260000,10669.710686
77280000,10636.644143
77300000,11651.630620
77320000,11367.125474
77340000,10295.639733
77360000,10486.483519
77380000,10427.553630
77400000,10423.294248
77420000,10396.782742
77440000,10863.390719
77460000,10605.801133
77480000,9647.918083
77500000,9556.443141
77520000,9385.060236
77540000,8250.934447
77560000,8580.630277
77580000,11360.723205
77600000,9936.721963
77620000,9826.158827
77640000,8734.860423
77660000,8702.947941
77680000,17487.750421
77700000,18252.283831
77720000,18338.354427
77740000,18775.110808
77760000,18700.673701
77780000,16817.371948
77800000,13718.320148
77820000,13992.074248
77840000,13141.660028
77860000,11349.996988
77880000,9990.370049
77900000,14800.990198
77920000,14014.233344
77940000,13808.234819
77960000,14277.746128
77980000,9746.304731
78000000,9482.551617
78020000,9476.372963
78040000,9385.471378
78060000,9267.643020
78080000,9238.492802
78100000,8982.983872
78120000,9054.681400
78140000,12731.898820
78160000,15716.778088
78180000,16208.130760
78200000,14293.694469
78220000,7638.067453
78240000,13843.530442
78260000,22084.688571
78280000,23382.522001
78300000,23061.404580
78320000,15293.050887
78340000,15303.634145
78360000,14303.934071
78380000,9438.835975
78400000,11004.527026
78420000,11181.286782
78440000,10110.956845
78460000,10101.680203
78480000,9144.617946
78500000,9245.677977
78520000,9265.044418
78540000,8985.634054
78560000,9336.692474
78580000,9208.469532
78600000,8776.121042
78620000,8815.166276
78640000,8759.257638
78660000,7969.799672
78680000,7732.836118
78700000,7875.780141
78720000,8164.514377
78740000,8262.395540
78760000,8128.124061
78780000,8191.926664
78800000,7723.133337
78820000,10431.502509
78840000,10379.206262
78860000,8443.706201
78880000,8344.574472
78900000,8238.605524
78920000,7442.195688
78940000,7361.068385
78960000,7524.552855
78980000,7545.753548
79000000,7536.639281
79020000,9461.684531
79040000,10584.851958
79060000,10821.340965
79080000,10936.169503
79100000,11378.667766
79120000,11531.734278
79140000,11297.815331
79160000,11304.823778
79180000,10807.909696
79200000,10716.085551
79220000,10573.058444
79240000,6917.902688
79260000,6893.549413
79280000,6854.486975
79300000,6812.782725
79320000,6945.590970
79340000,6950.290156
79360000,7090.773749
79380000,12723.154755
79400000,10914.028467
79420000,11211.470294
79440000,11183.173295
79460000,11048.145876
79480000,11033.416595
79500000,11327.057003
79520000,9391.299803
79540000,9428.885298
79560000,9335.710851
79580000,7743.185429
79600000,7788.990270
79620000,7488.789313
79640000,8651.339401
79660000,7055.151999
79680000,6903.731679
79700000,7034.195620
79720000,6918.650068
79740000,6937.526450
79760000,6819.738020
79780000,6820.794594
79800000,8026.278377
79820000,7529.096943
79840000,7949.842813
79860000,8676.301988
79880000,7958.966704
79900000,8011.578370
79920000,7963.354646
79940000,9551.673320
79960000,9564.050210
79980000,9580.760638
80000000,9559.364064
80020000,7792.437382
80040000,7936.377211
80060000,7545.152687
80080000,7663.974747
80100000,7515.405867
80120000,8238.224915
80140000,8227.263953
80160000,9293.445823
80180000,9479.572242
80200000,9777.931657
80220000,9862.510412
80240000,9843.235867
80260000,10052.225086
80280000,9996.570533
80300000,9062.097022
80320000,9396.136541
80340000,9582.788657
80360000,9660.772203
80380000,9478.345955
80400000,9793.050467
80420000,10107.275544
80440000,10640.938906
80460000,12119.118040
80480000,7397.265446
80500000,7453.445612
80520000,7416.002069
80540000,7426.031870
80560000,7779.981543
80580000,7983.649723
80600000,8587.904307
80620000,7487.031398
80640000,7440.301271
80660000,7052.797709
80680000,7121.688194
80700000,7077.140775
80720000,11358.241445
80740000,11329.516429
80760000,12073.913731
80780000,9590.410019
80800000,10103.759743
80820000,10609.431443
80840000,10509.464297
80860000,10237.312610
80880000,10684.628865
80900000,10193.404251
80920000,10144.922074
80940000,10090.514242
80960000,10237.046603
80980000,10064.443538
81000000,9549.156150
81020000,9278.131373
81040000,9794.635304
81060000,9633.950000
81080000,9540.804353
81100000,17298.298935
81120000,17344.864925
81140000,7779.769003
81160000,7560.952161
81180000,7424.444443
81200000,9216.274111
81220000,15706.541274
81240000,10829.493324
81260000,10868.070674
81280000,10850.845486
81300000,10826.694558
81320000,10898.053051
81340000,10850.048679
81360000,11910.998181
81380000,10809.890783
81400000,9688.744964
81420000,9671.665850
81440000,8675.054786
81460000,8107.263867
81480000,8005.205155
81500000,7686.933213
81520000,7604.651136
81540000,9181.914755
81560000,9134.568581
81580000,8431.593138
81600000,7891.828947
81620000,7684.746153
81640000,8166.885070
81660000,8246.676003
81680000,8165.642933
81700000,8258.557369
81720000,8466.640366
81740000,10023.527052
81760000,9390.646609
81780000,9382.737179
81800000,9156.620186
81820000,9834.342674
81840000,9644.832559
81860000,9460.036793
81880000,9827.381860
81900000,8802.105875
81920000,9678.818401
81940000,9601.695849
81960000,9694.872179
81980000,9650.021637
82000000,9789.444447
82020000,9214.789388
82040000,8987.151240
82060000,9142.964666
82080000,10360.633096
82100000,10571.387354
82120000,10978.367122
82140000,11188.763004
82160000,11146.729531
82180000,10245.943838
82200000,10489.143538
82220000,10419.979593
82240000,10349.132177
82260000,9677.724654
82280000,13018.163769
82300000,14603.302185
82320000,11679.188127
82340000,15634.894785
82360000,16806.165420
82380000,9942.709377
82400000,9802.930034
82420000,9694.511920
82440000,9645.520972
82460000,14834.443110
82480000,13452.669188
82500000,13458.672848
82520000,15636.499802
82540000,14922.529359
82560000,13335.068339
82580000,13247.136329
82600000,16082.870313
82620000,15840.622640
82640000,14470.364748
82660000,13982.981089
82680000,13292.984396
82700000,13190.214344
82720000,11184.853771
82740000,11158.306495
82760000,11188.951209
82780000,11139.894323
82800000,11282.641859
82820000,11258.295091
82840000,11659.663876
82860000,12338.774069
82880000,13791.697920
82900000,13919.117329
82920000,14018.397880
82940000,9598.202288
82960000,10248.088129
82980000,10028.589094
83000000,9673.980799
83020000,9703.898310
83040000,9484.728661
83060000,10790.159478
83080000,10992.129322
83100000,11104.268498
83120000,13070.151866
83140000,13022.327888
83160000,12893.753667
83180000,13047.051349
83200000,12872.697745
83220000,7254.127709
83240000,9199.011503
83260000,7824.898468
83280000,11728.882155
83300000,11065.708645
83320000,10914.101977
83340000,9836.048381
83360000,10026.817120
83380000,9946.787336
83400000,9753.881189
83420000,10381.873075
83440000,10624.163320
83460000,10379.639705
83480000,10553.673889
83500000,10445.915577
83520000,10906.427578
83540000,10865.602595
83560000,10797.101347
83580000,10704.925927
83600000,12189.185837
83620000,12356.263546
83640000,12597.883997
83660000,7644.408178
83680000,8292.572961
83700000,8391.318218
83720000,8555.319883
83740000,8663.154684
83760000,8589.085183
83780000,8548.967186
83800000,10564.296172
83820000,10220.719255
83840000,10805.454415
83860000,11152.689371
83880000,9992.387045
83900000,12736.424551
83920000,13253.963955
83940000,12834.844855
83960000,12468.054532
83980000,14847.403730
84000000,14708.033938
84020000,14576.600474
84040000,14585.240383
84060000,14573.653696
84080000,14391.578416
84100000,14394.333411
84120000,13599.253399
84140000,13445.495931
84160000,13728.643819
84180000,14790.009280
84200000,14633.088377
84220000,12718.336917
84240000,12420.458237
84260000,12762.761482
84280000,13156.229504
84300000,13073.201131
84320000,13079.683498
84340000,13647.030973
84360000,13559.231557
84380000,12609.340203
84400000,10737.451438
84420000,10686.588152
84440000,10722.060941
84460000,10482.719696
84480000,10560.105568
84500000,10821.775174
84520000,16862.414223
84540000,13616.812599
84560000,13641.972904
84580000,13722.648689
84600000,13643.164529
84620000,10602.682295
84640000,7048.351643
84660000,6991.734771
84680000,6735.720006
84700000,6922.626059
84720000,6760.835286
84740000,6907.906631
84760000,6869.991373
84780000,6873.378179
84800000,7064.097394
84820000,7610.215774
84840000,8568.422145
84860000,8486.802054
84880000,10842.215689
84900000,10890.131772
84920000,10036.134060
84940000,7911.321916
84960000,11742.490741
84980000,10995.685616
85000000,10962.720379
85020000,10425.991831
85040000,9967.161524
85060000,10171.363836
85080000,9905.850505
85100000,10242.692710
85120000,10076.596990
85140000,8932.128260
85160000,9170.613498
85180000,9178.174698
85200000,9111.332267
85220000,12110.894456
85240000,12050.582524
85260000,12080.598588
85280000,10829.403972
85300000,11008.062012
85320000,10099.149899
85340000,14499.337707
85360000,13625.682628
85380000,12291.653295
85400000,13406.549069
85420000,9892.545893
85440000,9759.794320
85460000,10753.012844
85480000,10733.319676
85500000,9809.632762
85520000,8792.890389
85540000,9060.351041
85560000,9192.882825
85580000,9109.905109
85600000,8835.133519
85620000,9008.206191
85640000,8911.191878
85660000,8793.727816
85680000,8896.024031
85700000,12589.372734
85720000,12415.998555
85740000,12194.403715
85760000,14213.425990
85780000,14216.152777
85800000,13029.751751
85820000,14050.110368
85840000,13879.639673
85860000,14013.051621
85880000,8719.455241
85900000,9272.843427
85920000,9965.408575
85940000,9848.207544
85960000,8256.624838
85980000,8561.215906
86000000,9517.501143
86020000,9608.504674
86040000,8267.179782
86060000,8231.990882
86080000,8171.729522
86100000,8124.607436
86120000,8993.917597
86140000,9078.285983
86160000,8936.090664
86180000,6935.998335
86200000,6898.507479
86220000,6826.402125
86240000,6974.257048
86260000,6753.122255
86280000,6686.582001
86300000,6632.682542
86320000,7217.107168
86340000,6777.109194
86360000,6721.855462
86380000,6666.514860
86400000,7361.002079
86420000,7267.037211
86440000,6846.531185
86460000,9656.496360
86480000,8797.647925
86500000,12763.993571
86520000,13637.214424
86540000,10207.231766
86560000,9349.626319
86580000,9353.638242
86600000,9242.596300
86620000,9551.969296
86640000,9528.114970
86660000,8279.783738
86680000,8223.878452
86700000,8189.883910
86720000,8899.719031
86740000,8893.622149
86760000,8151.579462
86780000,8142.364009
86800000,7869.015215
86820000,7786.311466
86840000,7867.447671
86860000,7891.755778
86880000,7962.304287
86900000,8658.104240
86920000,8563.724856
86940000,8643.807474
86960000,6196.693615
86980000,6305.648383
87000000,6804.981193
87020000,6970.590461
87040000,7290.356461
87060000,7308.073788
87080000,6800.770034
87100000,7013.479819
87120000,7169.486478
87140000,7172.812178
87160000,7130.416200
87180000,7108.060909
87200000,7295.277230
87220000,8157.116939
87240000,8035.980537
87260000,8611.598394
87280000,8440.273669
87300000,8366.445635
87320000,8883.990318
87340000,8780.845600
87360000,8841.396435
87380000,10059.257784
87400000,6396.578801
87420000,5765.013765
87440000,5403.439387
87460000,5414.112116
87480000,5453.841985
87500000,5404.861837
87520000,5379.323591
87540000,5320.634067
87560000,5288.268178
87580000,5198.386630
87600000,5430.277640
87620000,5409.425693
87640000,5478.543004
87660000,5905.175046
87680000,5839.741229
87700000,5230.748865
87720000,6112.195074
87740000,6053.304844
87760000,6500.280853
87780000,6539.639120
87800000,6679.952373
87820000,7397.664888
87840000,7315.875797
87860000,7116.502499
87880000,7020.832614
87900000,6941.329726
87920000,7034.958065
87940000,7044.324772
87960000,6983.483638
87980000,7085.024107
88000000,7222.358416
88020000,7585.409714
88040000,7457.525024
88060000,7432.875968
88080000,7711.774542
88100000,7711.073141
88120000,7673.539308
88140000,7881.736439
88160000,8143.038853
88180000,8167.623255
88200000,8060.189534
88220000,11315.214743
88240000,11230.463702
88260000,10319.786520
88280000,10157.020782
88300000,10088.183706
88320000,10097.023598
88340000,10561.589539
88360000,10886.883175
88380000,11066.562128
88400000,10382.230590
88420000,10408.316405
88440000,10112.590638
88460000,10178.965549
88480000,10003.174428
88500000,10079.397222
88520000,10086.540424
88540000,10067.507436
88560000,9995.707387
88580000,10008.338132
88600000,10121.230537
88620000,10470.399382
88640000,9302.068797
88660000,9208.761123
88680000,9079.239126
88700000,7504.857386
88720000,9643.418572
88740000,9628.819269
88760000,9460.570086
88780000,9413.363702
88800000,9491.659656
88820000,8615.624759
88840000,8404.484933
88860000,8362.804794
88880000,8068.263203
88900000,7864.170076
88920000,7889.921499
88940000,7779.248138
88960000,7702.184608
88980000,7787.427197
89000000,7737.123355
89020000,8233.867736
89040000,7647.067460
89060000,7730.255220
89080000,7687.220272
89100000,6550.065395
89120000,6581.673145
89140000,6276.395132
89160000,6330.672047
89180000,6372.133620
89200000,6405.749776
89220000,6574.206701
89240000,6637.410381
89260000,6697.881243
89280000,6806.669999
89300000,6920.919299
89320000,8860.260219
89340000,8930.715072
89360000,10710.982225
89380000,10911.397843
89400000,11237.909803
89420000,11161.611321
89440000,11033.024490
89460000,11201.806046
89480000,11480.043926
89500000,10901.863473
89520000,11071.892810
89540000,10972.983188
89560000,11419.371845
89580000,11167.637758
89600000,11066.527317
89620000,9653.591774
89640000,9854.418941
89660000,9047.424755
89680000,16100.719661
89700000,16175.080662
89720000,19067.824088
89740000,11389.169440
89760000,11550.896672
89780000,11603.483081
89800000,8868.861717
89820000,9691.211669
89840000,9726.280290
89860000,9902.750479
89880000,9854.189046
89900000,10069.580494
89920000,9972.557467
89940000,8935.639462
89960000,9103.033041
89980000,9079.734384
90000000,9246.263252
90020000,9471.245650
90040000,9382.377002
90060000,7916.978997
90080000,7976.980204
90100000,7829.772812
90120000,7888.690932
90140000,7582.997108
90160000,7540.703225
90180000,7602.971203
90200000,7799.564030
90220000,7869.579003
90240000,7861.865905
90260000,7999.119577
90280000,7902.475815
90300000,7893.342673
90320000,7981.269259
90340000,8136.392436
90360000,8176.049916
90380000,8102.551486
90400000,8835.025829
90420000,8590.716565
90440000,8508.547349
90460000,6430.515314
90480000,6265.606175
90500000,6186.850960
90520000,6159.761804
90540000,6330.779854
90560000,6297.494550
90580000,6593.651860
90600000,6612.233815
90620000,6013.126985
90640000,5960.935886
90660000,5754.950367
90680000,5769.969042
90700000,5716.448221
90720000,5471.159246
90740000,5448.323150
90760000,7882.183236
90780000,7930.412515
90800000,8140.362961
90820000,7801.419247
90840000,8330.841069
90860000,8531.700358
90880000,9346.296574
90900000,9676.783379
90920000,9818.146365
90940000,9463.392810
90960000,9634.082283
90980000,9584.066637
91000000,9497.621186
91020000,9434.621167
91040000,8419.438702
91060000,11693.507246
91080000,11694.766487
91100000,12044.791452
91120000,13337.391973
91140000,13386.174690
91160000,13325.702295
91180000,13462.781305
91200000,13072.593671
91220000,13043.202859
91240000,13022.928219
91260000,13121.365641
91280000,7350.436045
91300000,7324.195486
91320000,7276.404715
91340000,7619.810863
91360000,7583.829632
91380000,7705.825557
91400000,7556.972548
91420000,7802.094325
91440000,8123.972225
91460000,8044.242250
91480000,7978.693897
91500000,8036.216100
91520000,7991.240387
91540000,9920.950342
91560000,10054.919423
91580000,9945.009989
91600000,10007.449065
91620000,10347.788021
91640000,10742.319857
91660000,9213.712615
91680000,9338.958058
91700000,9401.320671
91720000,8831.869757
91740000,8881.580305
91760000,10197.591259
91780000,9968.436222
91800000,9985.827910
91820000,9615.927826
91840000,9822.589350
91860000,9192.487489
91880000,9620.387178
91900000,10005.461068
91920000,9630.949234
91940000,9616.178351
91960000,8531.131413
91980000,8423.979536
92000000,8309.329005
92020000,8224.332971
92040000,8366.479534
92060000,8606.238155
92080000,8623.583191
92100000,8586.744646
92120000,9073.995958
92140000,8950.362409
92160000,8824.869973
92180000,9096.641128
92200000,9617.099463
92220000,9581.137336
92240000,9752.202094
92260000,9343.303711
92280000,9347.706239
92300000,9935.898608
92320000,9868.430566
92340000,9969.914235
92360000,10108.393275
92380000,10003.459833
92400000,10049.124979
92420000,11007.138335
92440000,10842.988537
92460000,10366.881102
92480000,7778.883474
92500000,7869.982859
92520000,8004.516553
92540000,6962.585915
92560000,7590.898755
92580000,7465.953149
92600000,7505.363133
92620000,7295.093856
92640000,7263.713574
92660000,7366.480080
92680000,7337.003347
92700000,10643.581435
92720000,10782.770210
92740000,10400.551593
92760000,11226.241740
92780000,9550.252152
92800000,9162.598511
92820000,9003.452951
92840000,11241.778552
92860000,11309.622781
92880000,11386.679052
92900000,12039.834490
92920000,10113.371335
92940000,10167.247170
92960000,9674.853087
92980000,9672.520731
93000000,10146.840795
93020000,9509.435834
93040000,9565.458903
93060000,9584.532320
93080000,9208.499252
93100000,11528.409389
93120000,11534.355497
93140000,12220.265630
93160000,14174.790980
93180000,13795.179157
93200000,13567.273962
93220000,8846.274231
93240000,9163.184482
93260000,9178.004022
93280000,9660.876912
93300000,9519.435021
93320000,9416.992010
93340000,9639.938259
93360000,9599.422028
93380000,9279.100775
93400000,9256.350536
93420000,9046.327947
93440000,10284.040493
93460000,10643.126981
93480000,11386.584799
93500000,11309.317562
93520000,14224.420101
93540000,13791.493409
93560000,14340.481183
93580000,14169.931116
93600000,13154.817678
93620000,11282.595955
93640000,10872.938724
93660000,17621.748147
93680000,17637.510825
93700000,17830.487889
93720000,14240.098370
93740000,13664.678687
93760000,10228.551303
93780000,10348.682643
93800000,10276.447751
93820000,10369.018218
93840000,10374.892803
93860000,10645.413087
93880000,10528.670621
93900000,10283.040913
93920000,10696.870937
93940000,10522.099315
93960000,10559.613493
93980000,7280.471699
94000000,7897.391071
94020000,7764.522407
94040000,7893.364976
94060000,7921.443286
94080000,7721.910757
94100000,7837.554610
94120000,7984.516336
94140000,7966.813877
94160000,7890.017024
94180000,11263.853138
94200000,8569.337139
94220000,11549.770789
94240000,10823.347388
94260000,11167.236758
94280000,12797.174429
94300000,16079.814181
94320000,15688.857871
94340000,15596.865405
94360000,15363.225843
94380000,14643.041806
94400000,13827.990102
94420000,13698.563652
94440000,13655.334287
94460000,11258.226873
94480000,11330.952585
94500000,11357.522001
94520000,11399.828086
94540000,11642.492140
94560000,13667.897045
94580000,13710.927587
94600000,9818.553913
94620000,9910.272763
94640000,9986.151580
94660000,10134.308191
94680000,8791.796974
94700000,10099.518589
94720000,8533.470154
94740000,8384.498459
94760000,8392.003026
94780000,8370.474325
94800000,8282.409675
94820000,10406.318235
94840000,10898.404740
94860000,11039.620967
94880000,12059.104482
94900000,17514.698275
94920000,10692.318964
94940000,10310.818186
94960000,12396.433276
94980000,8087.759696
95000000,8175.985016
95020000,8420.570556
95040000,8361.058144
95060000,8295.410172
95080000,8297.504200
95100000,10265.283668
95120000,10355.946770
95140000,9773.001608
95160000,10158.356213
95180000,10294.488407
95200000,12663.733685
95220000,12557.298587
95240000,12213.609234
95260000,12191.088324
95280000,12051.836684
95300000,12025.492333
95320000,12175.592763
95340000,11676.035913
95360000,12506.677220
95380000,8901.641468
95400000,7114.739056
95420000,5818.767201
95440000,8263.705826
95460000,11891.827603
95480000,12425.867224
95500000,13334.712231
95520000,13134.466798
95540000,12943.235104
95560000,12367.436731
95580000,11982.944319
95600000,11913.700945
95620000,11764.390183
95640000,11802.720057
95660000,11788.805485
95680000,11596.330362
95700000,11712.696772
95720000,11893.640064
95740000,11724.367739
95760000,11429.955546
95780000,11510.877681
95800000,11074.353441
95820000,13109.029934
95840000,12664.544928
95860000,13087.241474
95880000,12110.174300
95900000,12968.937830
95920000,12310.959516
95940000,9018.092000
95960000,8860.329794
95980000,8818.417181
96000000,9103.756555
96020000,8958.648160
96040000,8911.405014
96060000,8983.437274
96080000,13931.300383
96100000,14090.314840
96120000,14619.924985
96140000,15063.868132
96160000,14736.753177
96180000,14832.737610
96200000,14354.494284
96220000,14250.921810
96240000,14152.692589
96260000,14437.930639
96280000,14578.557403
96300000,14722.631926
96320000,14631.045344
96340000,14688.496248
96360000,14478.003487
96380000,10909.612284
96400000,10168.317538
96420000,10194.323281
96440000,10201.425914
96460000,9960.168567
96480000,10912.304010
96500000,11767.022551
96520000,11159.821724
96540000,10646.960444
96560000,10401.984466
96580000,10986.416647
96600000,10898.008725
96620000,10929.038887
96640000,10393.290214
96660000,11171.488765
96680000,10727.217354
96700000,11407.913434
96720000,12531.750885
96740000,12964.266116
96760000,13195.388565
96780000,10567.955103
96800000,11121.858401
96820000,10605.472750
96840000,11954.717562
96860000,11984.033846
96880000,10209.431598
96900000,10283.607062
96920000,9884.493181
96940000,11883.004738
96960000,12188.273439
96980000,12346.477053
97000000,12247.894097
97020000,11581.219634
97040000,11642.965122
97060000,10614.039780
97080000,11014.303679
97100000,10676.046253
97120000,10637.216771
97140000,9059.592852
97160000,9009.657532
97180000,9601.383094
97200000,8891.140887
97220000,11820.398682
97240000,8619.104310
97260000,8523.493225
97280000,8621.070608
97300000,8514.811409
97320000,7119.827589
97340000,7754.227340
97360000,7911.651828
97380000,9069.131515
97400000,9149.820158
97420000,9357.726260
97440000,9070.625080
97460000,9038.174886
97480000,8296.173149
97500000,8788.243299
97520000,8729.549650
97540000,9879.283373
97560000,9980.155815
97580000,9961.283910
97600000,9616.730461
97620000,9592.020834
97640000,9565.576639
97660000,9760.121046
97680000,9588.104052
97700000,9779.219754
97720000,8672.131502
97740000,9160.017748
97760000,9093.645894
97780000,9086.364167
97800000,9647.621064
97820000,9455.151777
97840000,9386.774010
97860000,9304.793067
97880000,11906.998519
97900000,11823.586935
97920000,11784.892216
97940000,11285.981879
97960000,11311.024832
97980000,11733.422563
98000000,11649.515392
98020000,12871.024781
98040000,12886.258233
98060000,9148.636726
98080000,9235.003881
98100000,9295.970641
98120000,9589.653868
98140000,9317.052998
98160000,9529.912967
98180000,9655.270142
98200000,9519.068763
98220000,10133.914200
98240000,10056.908342
98260000,10146.146235
98280000,10305.829158
98300000,11253.282307
98320000,11359.424085
98340000,11276.926447
98360000,10895.194667
98380000,10635.309047
98400000,12347.132613
98420000,10600.526600
98440000,9611.053853
98460000,10849.410065
98480000,9060.658031
98500000,8887.170673
98520000,8889.634694
98540000,6923.471131
98560000,7140.224269
98580000,11210.192248
98600000,11220.740548
98620000,11372.707052
98640000,6814.254934
98660000,7039.142025
98680000,7093.953895
98700000,7176.040220
98720000,8399.148449
98740000,11571.438616
98760000,11098.446929
98780000,11220.639002
98800000,11638.913657
98820000,11511.275899
98840000,11877.252776
98860000,11784.334842
98880000,11453.887631
98900000,11370.007334
98920000,10991.908091
98940000,10409.838864
98960000,19992.299704
98980000,20269.152181
99000000,20442.353223
99020000,20481.347956
99040000,9903.394583
99060000,11413.277819
99080000,18073.810692
99100000,17858.870496
99120000,9004.892315
99140000,8626.562509
99160000,8524.254901
99180000,8313.419730
99200000,8625.226653
99220000,8614.962159
99240000,8930.400071
99260000,9195.857119
99280000,9195.324726
99300000,9254.418326
99320000,9733.442678
99340000,9281.915713
99360000,10538.017368
99380000,10542.146235
99400000,10630.481084
99420000,10955.290144
99440000,11397.022200
99460000,14210.302902
99480000,13984.273631
99500000,11069.723116
99520000,12572.996052
99540000,10220.054885
99560000,10647.328342
99580000,9868.908751
99600000,9762.148828
99620000,9074.682679
99640000,9150.830656
99660000,9071.632794
99680000,8929.893532
99700000,8891.434847
99720000,9297.337117
99740000,9405.409908
99760000,8824.300530
99780000,8868.699657
99800000,8770.591075
99820000,8679.472708
99840000,8471.410526
99860000,8326.521766
99880000,8637.670897
99900000,8078.328737
99920000,8131.635721
99940000,8103.501823
99960000,7991.636049
99980000,8311.923384
100000000,8005.428842
100020000,8118.679565
100040000,8152.579701
100060000,8061.241383
100080000,7968.249660
100100000,7970.276516
100120000,8122.197168
100140000,8081.892716
100160000,8118.809521
100180000,8166.449388
100200000,8022.568933
100220000,7925.889814
100240000,8358.852462
100260000,8334.288059
100280000,7982.762592
100300000,7981.174584
100320000,8363.419100
100340000,8540.097017
100360000,7065.891744
100380000,6956.977455
100400000,6869.257415
100420000,6966.913702
100440000,6972.520336
100460000,6906.627250
100480000,6865.399589
100500000,6934.379506
100520000,9232.483387
100540000,8912.527065
100560000,10014.818488
100580000,10201.966383
100600000,10304.439785
100620000,12167.500768
100640000,10693.810085
100660000,10769.023886
100680000,9316.692505
100700000,9022.853049
100720000,12972.219752
100740000,13447.618071
100760000,13516.968948
100780000,13300.840915
100800000,13214.618948
100820000,13483.467821
100840000,9068.064898
100860000,9142.372078
100880000,9523.291250
100900000,9934.191574
100920000,9920.166118
100940000,10994.799750
100960000,11100.755485
100980000,9358.764965
101000000,9385.810888
101020000,10723.516958
101040000,10454.898145
101060000,10549.326366
101080000,10671.327303
101100000,10867.965140
101120000,10677.787172
101140000,10828.578215
101160000,10844.416621
101180000,10938.253747
101200000,6689.058419
101220000,6928.422771
101240000,7118.747575
101260000,7114.592236
101280000,6635.827259
101300000,6894.506313
101320000,6746.701118
101340000,6875.637899
101360000,6911.460992
101380000,6815.669699
101400000,7559.182729
101420000,7629.572819
101440000,7636.410294
101460000,7566.787659
101480000,9317.726266
101500000,9372.178926
101520000,8212.468339
101540000,8135.537304
101560000,8025.725308
101580000,7746.562679
101600000,7267.467812
101620000,7786.420970
101640000,7292.887675
101660000,7285.463990
101680000,7214.769928
101700000,10610.691878
101720000,10526.545044
101740000,10629.162459
101760000,10499.279869
101780000,13004.980962
101800000,12936.714586
101820000,10646.919875
101840000,11267.424567
101860000,11043.135708
101880000,11092.875122
101900000,11030.772604
101920000,11198.004946
101940000,11505.972940
101960000,9658.477010
101980000,9718.507030
102000000,9593.263481
102020000,8588.620681
102040000,8722.405699
102060000,8418.554017
102080000,8703.080554
102100000,8719.837753
102120000,9095.933112
102140000,7858.739537
102160000,8285.392988
102180000,8007.624591
102200000,7936.380994
102220000,7846.445883
102240000,7787.408167
102260000,8328.240113
102280000,8364.998449
102300000,8413.052471
102320000,14394.233631
102340000,9426.931506
102360000,9457.224700
102380000,9764.120653
102400000,10574.744660
102420000,10934.183177
102440000,10660.348683
102460000,10497.735772
102480000,10521.284905
102500000,13855.993332
102520000,7733.759747
102540000,7800.333655
102560000,7801.105130
102580000,10521.161768
102600000,12355.328123
102620000,11169.050130
102640000,12018.678368
102660000,11217.024690
102680000,11299.746414
102700000,10854.767977
102720000,11361.806453
102740000,10238.857940
102760000,10070.931457
102780000,11231.845823
102800000,11281.695586
102820000,11021.894327
102840000,11160.816080
102860000,11214.611746
102880000,11145.118908
102900000,11968.508964
102920000,11840.293748
102940000,12286.180057
102960000,12196.483005
102980000,12014.272104
103000000,13875.364656
103020000,13783.090025
103040000,14296.483884
103060000,14454.000073
103080000,14305.138619
103100000,14136.486641
103120000,13986.921499
103140000,13647.916253
103160000,13861.075348
103180000,13793.376573
103200000,13930.270533
103220000,13993.016160
103240000,13956.997935
103260000,13320.935221
103280000,13299.422271
103300000,12865.960110
103320000,13574.862155
103340000,13656.691040
103360000,12874.944692
103380000,12774.063568
103400000,12216.172607
103420000,12069.043367
103440000,11830.962364
103460000,11125.316287
103480000,12957.790196
103500000,13207.576209
103520000,13328.834823
103540000,13579.105992
103560000,13348.649577
103580000,12981.892169
103600000,13228.939374
103620000,13428.766759
103640000,13139.448122
103660000,12665.275540
103680000,12225.830224
103700000,12221.381100
103720000,12389.558389
103740000,12675.680121
103760000,12851.599805
103780000,10415.860328
103800000,10891.546102
103820000,7412.143043
103840000,7377.971418
103860000,7381.648383
103880000,7989.388267
103900000,7994.052015
103920000,7789.294978
103940000,7630.139576
103960000,7442.502061
103980000,7453.786621
104000000,7475.908475
104020000,7312.407283
104040000,7320.518877
104060000,13143.753311
104080000,13420.592041
104100000,13740.784854
104120000,13444.073784
104140000,7881.280542
104160000,7926.540016
104180000,9365.951357
104200000,9377.593418
104220000,9428.941384
104240000,9677.893126
104260000,9230.948133
104280000,9259.930095
104300000,9210.184780
104320000,9119.320714
104340000,7807.676001
104360000,7877.389518
104380000,7814.005348
104400000,7717.795737
104420000,6948.615913
104440000,6782.298809
104460000,6652.119267
104480000,6705.697182
104500000,6663.605167
104520000,6304.039774
104540000,6144.904318
104560000,6093.425195
104580000,10995.316452
104600000,10992.103060
104620000,10854.475003
104640000,11061.669742
104660000,8584.468146
104680000,8617.108476
104700000,8651.794084
104720000,6876.004934
104740000,8553.050998
104760000,8481.777969
104780000,8241.166316
104800000,7932.196961
104820000,8009.090040
104840000,6298.054456
104860000,6392.930562
104880000,6530.270865
104900000,6578.235073
104920000,6359.353272
104940000,6430.243794
104960000,6138.448641
104980000,6195.109395
105000000,6161.115164
105020000,6130.419873
105040000,6572.902417
105060000,6663.737502
105080000,6334.605323
105100000,6342.375737
105120000,6320.809674
105140000,6190.126615
105160000,6077.178859
105180000,6184.555529
105200000,6162.738548
105220000,5412.737613
105240000,5588.994726
105260000,5558.409121
105280000,5540.547747
105300000,5484.064705
105320000,6461.153982
105340000,6399.660116
105360000,8134.368181
105380000,8189.100807
105400000,8051.692070
105420000,7860.832247
105440000,9870.356813
105460000,9311.243173
105480000,9909.129885
105500000,9805.133361
105520000,10083.684579
105540000,10013.723030
105560000,9254.797630
105580000,9192.890306
105600000,9139.761246
105620000,9621.859024
105640000,9670.216653
105660000,9528.295863
105680000,10442.417948
105700000,10159.880648
105720000,10339.944710
105740000,10110.777375
105760000,10048.779556
105780000,12271.746679
105800000,9451.414169
105820000,9652.499116
105840000,11061.021687
105860000,11289.062762
105880000,11213.389259
105900000,11197.903365
105920000,11498.626663
105940000,11697.743067
105960000,11543.403418
105980000,11410.797699
106000000,11276.748621
106020000,11318.023528
106040000,12369.767587
106060000,12556.994393
106080000,12392.673845
106100000,11892.906299
106120000,12049.739820
106140000,11871.702051
106160000,14524.188220
106180000,14734.878643
106200000,8918.410144
106220000,10829.802003
106240000,11223.392360
106260000,11298.432489
106280000,11196.478477
106300000,9676.437801
106320000,12481.292712
106340000,10687.960062
106360000,10741.330549
106380000,12843.572779
106400000,12765.793174
106420000,12008.008966
106440000,12094.203039
106460000,9848.510073
106480000,10043.645423
106500000,9898.211932
106520000,8814.481161
106540000,8801.014300
106560000,8933.149974
106580000,8983.806282
106600000,8749.498216
106620000,8624.971170
106640000,9777.617868
106660000,9874.288368
106680000,9956.442822
106700000,10077.912552
106720000,11719.089664
106740000,11061.484521
106760000,11258.421869
106780000,12547.540456
106800000,14906.326008
106820000,11115.210336
106840000,10578.179601
106860000,10014.934345
106880000,15203.730308
106900000,15127.161643
106920000,15416.279741
106940000,13137.161779
106960000,13250.206537
106980000,13489.136082
107000000,12583.867759
107020000,12596.120652
107040000,12311.892136
107060000,12633.822166
107080000,10249.601408
107100000,10467.707326
107120000,10685.685848
107140000,10752.310669
107160000,11731.238526
107180000,15351.077181
107200000,13963.369822
107220000,13469.301269
107240000,15493.358349
107260000,15143.961484
107280000,15813.258949
107300000,16395.401829
107320000,16077.710443
107340000,16822.124106
107360000,14064.518802
107380000,14753.567818
107400000,15724.725784
107420000,15974.476001
107440000,15660.504783
107460000,15573.847836
107480000,15448.689996
107500000,8085.842627
107520000,8262.888412
107540000,8369.590744
107560000,9191.760662
107580000,9121.121085
107600000,9258.702875
107620000,9161.362375
107640000,9217.044383
107660000,8970.668068
107680000,13213.108528
107700000,13622.367660
107720000,13899.701050
107740000,14729.186655
107760000,13943.217611
107780000,14194.588366
107800000,14226.179157
107820000,15990.268289
107840000,11513.182534
107860000,10610.439362
107880000,12067.608820
107900000,11965.256927
107920000,11846.728687
107940000,11935.860540
107960000,10899.883541
107980000,10213.389032
108000000,10327.996627
108020000,11187.056553
108040000,11202.620191
108060000,11307.266457
108080000,11356.853323
108100000,11432.334140
108120000,13688.328870
108140000,10730.375410
108160000,7952.459202
108180000,7945.203859
108200000,7916.936497
108220000,7802.250271
108240000,7791.121315
108260000,7649.117773
108280000,7950.757690
108300000,11025.702816
108320000,10939.739790
108340000,11019.729386
108360000,11745.324953
108380000,9753.096591
108400000,9626.531912
108420000,10318.103202
108440000,17208.025964
108460000,9315.814164
108480000,13969.025934
108500000,13613.753322
108520000,18025.080568
108540000,17913.261854
108560000,15431.933996
108580000,15579.941806
108600000,13229.153963
108620000,13514.348672
108640000,13565.387688
108660000,13384.479147
108680000,12599.765509
108700000,12322.381198
108720000,11952.943700
108740000,11934.025174
108760000,11925.336493
108780000,12254.203970
108800000,13361.272281
108820000,13597.676221
108840000,14006.910275
108860000,14401.513226
108880000,14868.961528
108900000,14730.465323
108920000,14792.788566
108940000,14556.429741
108960000,14939.253163
108980000,20825.096269
109000000,20404.249137
109020000,11598.237385
109040000,11842.930785
109060000,14606.907935
109080000,19881.197430
109100000,19728.918287
109120000,19691.957914
109140000,19325.313964
109160000,13302.910664
109180000,15235.497796
109200000,15109.578246
109220000,15370.127143
109240000,15122.135428
109260000,13877.919153
109280000,12541.540229
109300000,12365.403653
109320000,8433.224913
109340000,8649.664041
109360000,8719.161805
109380000,9168.276446
109400000,8543.931456
109420000,10344.688537
109440000,10346.162881
109460000,10744.254386
109480000,11175.538706
109500000,11209.875962
109520000,11405.402505
109540000,13192.975057
109560000,13646.988562
109580000,13929.173756
109600000,13842.587397
109620000,13677.395615
109640000,13954.874581
109660000,10994.242741
109680000,11012.474294
109700000,8829.835572
109720000,7600.373194
109740000,7749.004894
109760000,8331.648962
109780000,8296.509879
109800000,7482.050411
109820000,10046.987339
109840000,10089.542934
109860000,9186.823855
109880000,9615.196997
109900000,9946.423377
109920000,11451.267180
109940000,11392.525302
109960000,11433.569763
109980000,11185.400483
110000000,11098.748349
110020000,10709.845497
110040000,10372.759190
110060000,10023.950306
110080000,9880.268141
110100000,9943.274449
110120000,8469.480131
110140000,6340.147877
110160000,6415.316245
110180000,6468.940422
110200000,6444.183120
110220000,6602.843402
110240000,6692.758239
110260000,6752.212750
110280000,6606.144728
110300000,6642.395586
110320000,6343.142448
110340000,6389.400893
110360000,6008.782470
110380000,6259.376758
110400000,6414.200776
110420000,6422.287217
110440000,6380.997279
110460000,6421.638514
110480000,6343.717603
110500000,7343.820486
110520000,7341.459525
110540000,7418.779978
110560000,7275.009259
110580000,7974.202725
110600000,8156.117719
110620000,8100.985927
110640000,8252.316567
110660000,8164.087157
110680000,9841.286705
110700000,9637.750779
110720000,10325.382491
110740000,10360.114519
110760000,14504.564775
110780000,14892.216002
110800000,14572.503236
110820000,14212.269183
110840000,14331.242126
110860000,14339.348390
110880000,14054.910734
110900000,14171.943978
110920000,13971.495774
110940000,13509.596016
110960000,13628.797865
110980000,12971.797637
111000000,12957.225471
111020000,12027.954108
111040000,12741.106382
111060000,12332.879891
111080000,14314.955079
111100000,14084.238048
111120000,14102.978083
111140000,11213.770309
111160000,11164.237168
111180000,10693.210665
111200000,10790.213855
111220000,9861.667751
111240000,9851.892577
111260000,11020.704339
111280000,11220.444606
111300000,11213.179608
111320000,10979.936006
111340000,10931.069898
111360000,10889.695808
111380000,9393.051392
111400000,9208.610715
111420000,9271.156946
111440000,9441.902576
111460000,9661.424924
111480000,7472.403697
111500000,7358.681583
111520000,7429.975210
111540000,7343.036899
111560000,7830.809299
111580000,7901.134836
111600000,7698.073374
111620000,10343.424330
111640000,10174.256895
111660000,10128.485097
111680000,10641.864169
111700000,10588.025004
111720000,9794.543740
111740000,10453.794957
111760000,10031.544931
111780000,10284.604073
111800000,8915.399506
111820000,8163.668962
111840000,8015.059532
111860000,8247.707038
111880000,8098.043839
111900000,8164.314882
111920000,8340.799247
111940000,8519.581879
111960000,8518.077016
111980000,8835.030340
112000000,8968.783020
112020000,8951.059524
112040000,9043.065195
112060000,10890.369601
112080000,10332.572305
112100000,10613.112055
112120000,9639.396121
112140000,9555.322548
112160000,9368.146680
112180000,8315.387719
112200000,8878.497929
112220000,9020.233433
112240000,9248.351501
112260000,9204.447167
112280000,9664.831081
112300000,9727.800095
112320000,9516.308337
112340000,10134.909477
112360000,11500.081872
112380000,10044.855881
112400000,9902.849625
112420000,9899.869943
112440000,10676.477896
112460000,10660.214192
112480000,9590.322696
112500000,9730.862519
112520000,10711.649677
112540000,10891.884767
112560000,10939.612278
112580000,10908.598987
112600000,10239.944375
112620000,10167.580668
112640000,11949.813080
112660000,11658.955584
112680000,10923.824058
112700000,11624.892472
112720000,11466.063626
112740000,11361.393577
112760000,11685.576290
112780000,11817.962910
112800000,12022.298212
112820000,12546.309846
112840000,12805.741868
112860000,12762.558701
112880000,12470.786500
112900000,7770.826812
112920000,5595.021262
112940000,8835.162799
112960000,8763.201505
112980000,8667.868576
113000000,8585.973706
113020000,8552.517421
113040000,7622.861272
113060000,7473.590274
113080000,7247.933505
113100000,7325.029434
113120000,8984.001829
113140000,8858.230021
113160000,8322.771761
113180000,8096.414653
113200000,8014.340630
113220000,7852.845741
113240000,7774.241515
113260000,8517.028616
113280000,8482.060318
113300000,9639.624269
113320000,9413.540440
113340000,9347.885494
113360000,8063.083308
113380000,8057.024582
113400000,8943.522902
113420000,8963.458259
113440000,9221.191965
113460000,9373.693758
113480000,9512.421436
113500000,9355.562984
113520000,8793.321474
113540000,8685.891539
113560000,9431.929548
113580000,12643.599513
113600000,12427.196678
113620000,12824.972299
113640000,7822.650870
113660000,7850.834531
113680000,7923.810970
113700000,7804.404679
113720000,7769.665010
113740000,14039.742877
113760000,12936.204190
113780000,12486.741171
113800000,12461.752685
113820000,12363.487503
113840000,12511.053571
113860000,12830.476899
113880000,13002.885802
113900000,12779.490824
113920000,12766.701372
113940000,12747.086688
113960000,10639.698286
113980000,10459.191282
114000000,9103.445446
114020000,9051.047782
114040000,9193.011619
114060000,9312.581247
114080000,11411.492991
114100000,11447.386326
114120000,9912.407583
114140000,9742.125693
114160000,9487.498110
114180000,10189.149256
114200000,10460.780617
114220000,10390.743684
114240000,7022.768505
114260000,7932.818564
114280000,7985.066616
114300000,7800.953459
114320000,7655.209404
114340000,7935.827440
114360000,6954.613475
114380000,6761.363727
114400000,7068.774548
114420000,6128.436380
114440000,9142.000687
114460000,9121.725369
114480000,10125.071107
114500000,10055.444887
114520000,10169.425673
114540000,11722.945502
114560000,11768.641685
114580000,11830.130294
114600000,11335.407612
114620000,10709.385403
114640000,10934.588958
114660000,7656.379310
114680000,7192.412472
114700000,6888.058227
114720000,6866.219558
114740000,7116.976044
114760000,6877.537005
114780000,6966.564104
114800000,7046.919106
114820000,7115.949550
114840000,7288.345925
114860000,7244.777778
114880000,15771.484161
114900000,15290.557364
114920000,14895.085295
114940000,11269.609206
114960000,11375.294808
114980000,11242.839788
115000000,10791.292571
115020000,8474.415549
115040000,10117.241350
115060000,10236.309788
115080000,9585.611244
115100000,9847.649968
115120000,10045.233961
115140000,9966.287921
115160000,11209.309196
115180000,11408.828223
115200000,11408.254737
115220000,10897.286424
115240000,10946.415824
115260000,10848.619874
115280000,11485.695523
115300000,11273.409993
115320000,10916.286775
115340000,6973.179839
115360000,6972.829800
115380000,6385.739268
115400000,6557.432226
115420000,6040.109653
115440000,6118.836432
115460000,6092.997432
115480000,6129.496049
115500000,6131.700777
115520000,6182.327676
115540000,6224.831928
115560000,10225.253301
115580000,10140.946647
115600000,12575.417947
115620000,8608.965736
115640000,9432.909313
115660000,10138.876974
115680000,10063.707236
115700000,10098.321426
115720000,9757.537830
115740000,9527.982530
115760000,9480.486360
115780000,9444.360399
115800000,11551.945421
115820000,11618.873208
115840000,11736.553737
115860000,11723.933441
115880000,11781.024534
115900000,6444.820172
115920000,6829.021281
115940000,6879.160290
115960000,6818.828439
115980000,6677.288680
116000000,7371.483290
116020000,7401.372719
116040000,7377.400372
116060000,7339.108672
116080000,8192.800550
116100000,8392.216431
116120000,8232.871577
116140000,8232.148773
116160000,8005.845425
116180000,8153.396991
116200000,8143.353345
116220000,7933.132184
116240000,7916.028125
116260000,7791.200321
116280000,8030.313541
116300000,8050.755652
116320000,6207.832738
116340000,6150.107766
116360000,6263.115629
116380000,6407.006760
116400000,6171.802416
116420000,6487.930647
116440000,6111.519339
116460000,6613.855681
116480000,7535.932466
116500000,7478.766488
116520000,7527.626405
116540000,7294.246534
116560000,7292.020959
116580000,7384.207323
116600000,7406.788686
116620000,7640.508132
116640000,7204.515697
116660000,7167.693894
116680000,7118.588013
116700000,6987.998555
116720000,6930.070506
116740000,6964.731410
116760000,7485.618238
116780000,6888.708319
116800000,6853.324581
116820000,7043.555587
116840000,7094.372548
116860000,6886.366061
116880000,12178.429857
116900000,12080.233979
116920000,13075.763854
116940000,12250.867364
116960000,11585.177521
116980000,11198.127974
117000000,11092.038411
117020000,10762.562238
117040000,10920.176137
117060000,10739.797745
117080000,10772.174884
117100000,10729.231399
117120000,10016.894072
117140000,9787.137022
117160000,9684.977688
117180000,9317.654409
117200000,9793.915331
117220000,9878.334867
117240000,9762.178565
117260000,9355.851175
117280000,8943.956555
117300000,8978.636190
117320000,8419.806038
117340000,7896.720163
117360000,8121.236536
117380000,8003.736440
117400000,8025.997290
117420000,8711.876891
117440000,8814.083381
117460000,8745.626133
117480000,9691.605340
117500000,8596.886120
117520000,8450.586116
117540000,9124.529218
117560000,9346.465984
117580000,9510.098913
117600000,9697.228273
117620000,9666.828682
117640000,9062.033616
117660000,8972.706321
117680000,8997.093275
117700000,11378.674381
117720000,12485.226901
117740000,12323.240943
117760000,12317.787075
117780000,12550.918800
117800000,12264.968859
117820000,7835.896217
117840000,7453.766843
117860000,7610.526512
117880000,7645.004511
117900000,7437.795587
117920000,9724.029503
117940000,9579.856696
117960000,9601.032869
117980000,9797.450205
118000000,10063.171794
118020000,10587.023571
118040000,9051.917935
118060000,15221.247513
118080000,15328.452885
118100000,15759.802884
118120000,15842.179091
118140000,15704.933529
118160000,15315.514172
118180000,11278.659513
118200000,11465.037897
118220000,11528.411097
118240000,11094.856943
118260000,10012.568856
118280000,10015.950850
118300000,8854.040617
118320000,8938.783462
118340000,8793.577900
118360000,9026.231954
118380000,9218.041278
118400000,9355.890980
118420000,9197.649001
118440000,8854.131209
118460000,8839.677002
118480000,8814.095548
118500000,8855.936206
118520000,8448.360350
118540000,8491.022935
118560000,8683.707627
118580000,9295.291407
118600000,9109.337463
118620000,10174.709553
118640000,10145.288948
118660000,10145.176570
118680000,9984.332170
118700000,10038.187620
118720000,9687.381430
118740000,9752.738587
118760000,9687.510598
118780000,9217.990403
118800000,8418.209359
118820000,15645.586075
118840000,15421.800735
118860000,15526.524802
118880000,15078.527500
118900000,12742.766847
118920000,12858.459599
118940000,12748.558268
118960000,10490.970275
118980000,10480.055977
119000000,10610.911243
119020000,10431.075300
119040000,13501.744376
119060000,13173.864729
119080000,13116.731833
119100000,13282.518333
119120000,13221.553155
119140000,13483.558645
119160000,8891.827212
119180000,8789.674053
119200000,8918.028458
119220000,8593.559110
119240000,8739.634368
119260000,9297.736309
119280000,6981.531254
119300000,6914.300835
119320000,6896.930980
119340000,6951.178097
119360000,6925.478917
119380000,6984.648617
119400000,6888.691058
119420000,8678.055962
119440000,8198.698173
119460000,8024.123506
119480000,7905.943498
119500000,7751.395665
119520000,7863.509030
119540000,7807.147123
119560000,10128.630919
119580000,10057.410037
119600000,10052.069134
119620000,10085.284241
119640000,7008.251770
119660000,7961.907917
119680000,7876.487161
119700000,8768.159702
119720000,8944.827722
119740000,9188.460314
119760000,8174.665001
119780000,8397.545717
119800000,8704.929608
119820000,8204.024141
119840000,7548.753590
119860000,7632.924170
119880000,7480.971005
119900000,7472.954760
119920000,8389.457963
119940000,11107.689208
119960000,10895.241685
119980000,10666.898026
120000000,10752.866504
120020000,8970.688698
120040000,8941.198143
120060000,9579.231326
120080000,9360.468855
120100000,9530.719221
120120000,9793.407599
120140000,9826.984633
120160000,10061.352797
120180000,8751.653635
120200000,8621.199542
120220000,8630.407433
120240000,8735.588735
120260000,10956.715950
120280000,6938.120515
120300000,7086.777223
120320000,8757.475412
120340000,11692.718467
120360000,11610.416148
120380000,10623.823673
120400000,10551.101527
120420000,10427.202844
120440000,10448.764379
120460000,10546.369342
120480000,10759.903491
120500000,15052.775999
120520000,14780.660923
120540000,15093.441762
120560000,14850.684859
120580000,12198.144134
120600000,12450.189525
120620000,13203.481912
120640000,12935.441391
120660000,12797.250658
120680000,8486.772710
120700000,8565.328343
120720000,10897.288315
120740000,11056.776896
120760000,11501.556987
120780000,11262.992181
120800000,11361.701916
120820000,9689.705928
120840000,9732.373421
120860000,9636.429855
120880000,10618.649665
120900000,10522.695366
120920000,10457.252177
120940000,10322.145608
120960000,12961.865392
120980000,12814.370387
121000000,12948.597821
121020000,15265.315340
121040000,14913.784745
121060000,8556.398633
121080000,10284.607490
121100000,12091.381085
121120000,12190.745637
121140000,11829.129138
121160000,10726.246877
121180000,9893.634111
121200000,9722.777492
121220000,10133.994446
121240000,8668.586914
121260000,8677.497157
121280000,11322.807651
121300000,12313.117383
121320000,10847.940996
121340000,9335.946418
121360000,9264.592623
121380000,9262.277293
121400000,13282.364073
121420000,13334.179447
121440000,13604.255927
121460000,8464.076925
121480000,8119.610787
121500000,8012.386777
121520000,6709.129760
121540000,8758.983272
121560000,8232.737966
121580000,8274.221582
121600000,8267.466596
121620000,8179.809479
121640000,8196.473807
121660000,8592.823796
121680000,12627.435026
121700000,23781.586148
121720000,24737.977282
121740000,25197.861253
121760000,26639.875471
121780000,26814.041846
121800000,26403.204402
121820000,26488.275339
121840000,26317.584525
121860000,16236.365852
121880000,15032.151583
121900000,15560.604751
121920000,11135.465928
121940000,11161.643589
121960000,12587.826760
121980000,10397.487898
122000000,8880.857888
122020000,8673.012921
122040000,19093.156011
122060000,19186.628984
122080000,18982.771784
122100000,19718.714603
122120000,19016.729731
122140000,24496.361923
122160000,22455.267414
122180000,22323.264938
122200000,10412.674017
122220000,10572.719768
122240000,10299.960298
122260000,11157.614485
122280000,8555.556267
122300000,9294.624342
122320000,9188.292826
122340000,10135.477911
122360000,10018.093616
122380000,14055.768195
122400000,14122.136766
122420000,13776.932557
122440000,14212.006639
122460000,14271.731828
122480000,14736.471395
122500000,14584.133656
122520000,14606.453726
122540000,15011.629485
122560000,7096.309333
122580000,6955.156786
122600000,6462.771533
122620000,6444.248683
122640000,6334.306045
122660000,11728.893768
122680000,11818.963213
122700000,12584.451431
122720000,10988.109455
122740000,12586.050049
122760000,11835.327011
122780000,11179.627808
122800000,11115.214651
122820000,11135.444324
122840000,12066.763018
122860000,12203.161431
122880000,15417.159036
122900000,23173.616530
122920000,15442.650254
122940000,10418.892632
122960000,16388.655841
122980000,16780.785687
123000000,16897.482747
123020000,11325.864372
123040000,11237.265314
123060000,10940.714773
123080000,9716.297432
123100000,9756.603816
123120000,9642.826024
123140000,10234.935551
123160000,10693.476067
123180000,12822.627871
123200000,14088.168906
123220000,13792.106189
123240000,13729.377349
123260000,11030.288796
123280000,14978.401682
123300000,13060.190569
123320000,13010.976263
123340000,13081.979019
123360000,13565.551359
123380000,13194.560161
123400000,16032.140274
123420000,16344.783717
123440000,15585.280893
123460000,10803.102500
123480000,11553.300740
123500000,11209.958519
123520000,8925.920565
123540000,9011.194065
123560000,9295.092889
123580000,9534.621501
123600000,9378.696712
123620000,9027.119593
123640000,9181.102418
123660000,9745.778819
123680000,9482.081047
123700000,9642.696617
123720000,7614.105856
123740000,7511.127909
123760000,7320.921518
123780000,8108.695675
123800000,8074.297441
123820000,8179.996834
123840000,8220.039563
123860000,7549.348899
123880000,7618.345127
123900000,8369.062728
123920000,9320.309496
123940000,9434.300031
123960000,11059.661126
123980000,12567.420261
124000000,12701.172091
124020000,12991.665036
124040000,13598.693343
124060000,13280.099408
124080000,13443.324859
124100000,13222.612016
124120000,12217.490907
124140000,17989.975179
124160000,18567.061148
124180000,18050.156460
124200000,12776.206024
124220000,12672.152490
124240000,12435.274441
124260000,11453.877376
124280000,8841.609782
124300000,8526.409396
124320000,8834.498630
124340000,8428.241083
124360000,8428.547904
124380000,12355.556017
124400000,12275.181777
124420000,12130.710483
124440000,12159.192148
124460000,12767.828649
124480000,16119.296957
124500000,15899.793603
124520000,11224.261671
124540000,11084.378094
124560000,10907.066281
124580000,10775.923201
124600000,10619.596063
124620000,10585.202810
124640000,10168.758229
124660000,9859.584899
124680000,10245.597168
124700000,10404.370898
124720000,10279.926626
124740000,24627.195907
124760000,25561.485227
124780000,24060.474734
124800000,23767.127244
124820000,18541.570925
124840000,10632.615910
124860000,10917.606000
124880000,10900.950550
124900000,6341.752058
124920000,13824.906369
124940000,13867.703156
124960000,13900.459381
124980000,13448.637103
125000000,13736.540560
125020000,13470.192410
125040000,13445.784330
125060000,13399.798720
125080000,12593.295300
125100000,10682.852089
125120000,10554.967189
125140000,10347.880275
125160000,9272.157390
125180000,9842.148137
125200000,9870.796676
125220000,9741.053475
125240000,6380.169460
125260000,6126.086122
125280000,8831.953872
125300000,8818.968492
125320000,8787.502379
125340000,8918.586434
125360000,9052.982442
125380000,9358.060207
125400000,11028.805496
125420000,10290.480638
125440000,10639.161990
125460000,10091.151151
125480000,9976.203728
125500000,10092.947019
125520000,7317.914887
125540000,7432.817277
125560000,7400.148923
125580000,7445.873350
125600000,7529.663849
125620000,7841.144058
125640000,11640.773026
125660000,11756.153902
125680000,11648.378302
125700000,11607.681622
125720000,16480.191968
125740000,10572.004122
125760000,10584.478796
125780000,10175.714927
125800000,10271.169709
125820000,10024.071219
125840000,10193.226771
125860000,10616.155266
125880000,11208.407533
125900000,11145.355750
125920000,11258.887896
125940000,10869.952732
125960000,11077.211476
125980000,10084.267649
126000000,14564.960470
126020000,15730.543080
126040000,15397.644484
126060000,11691.526049
126080000,10624.454875
126100000,10734.058669
126120000,10749.983646
126140000,12122.124223
126160000,12424.477263
126180000,12396.048393
126200000,12124.846667
126220000,10501.631049
126240000,10325.914174
126260000,7769.208097
126280000,9420.130732
126300000,11362.190097
126320000,12122.532315
126340000,14103.540141
126360000,14260.978478
126380000,14625.743302
126400000,8176.081015
126420000,7428.731177
126440000,8229.001902
126460000,8503.649979
126480000,8419.592978
126500000,7089.927161
126520000,7062.363665
126540000,7254.127837
126560000,7031.871000
126580000,7061.918213
126600000,7118.270236
126620000,7032.015360
126640000,7007.036982
126660000,14887.995164
126680000,14747.482211
126700000,14116.322503
126720000,14094.767615
126740000,9770.786532
126760000,9989.198265
126780000,10002.067163
126800000,9978.880932
126820000,8519.850531
126840000,8929.965343
126860000,8693.448582
126880000,6864.867495
126900000,7125.560037
126920000,6629.580497
126940000,7656.418046
126960000,7582.982821
126980000,7500.086639
127000000,7662.105492
127020000,7571.914401
127040000,8608.838883
127060000,8709.200517
127080000,8750.496723
127100000,8806.124480
127120000,8587.690143
127140000,8243.746761
127160000,7013.387452
127180000,7040.365883
127200000,8088.500866
127220000,7333.658572
127240000,7278.985836
127260000,10316.744775
127280000,10429.896168
127300000,10725.874932
127320000,11202.094301
127340000,10800.136390
127360000,9907.168937
127380000,10107.594830
127400000,10013.888741
127420000,11085.560689
127440000,9601.219855
127460000,9825.943289
127480000,9642.261206
127500000,9546.739915
127520000,9757.385091
127540000,9859.864437
127560000,8027.212541
127580000,7850.397194
127600000,7921.641657
127620000,10246.759276
127640000,10022.568675
127660000,12267.435111
127680000,12454.123593
127700000,11440.399987
127720000,10746.719875
127740000,11216.733798
127760000,11359.643042
127780000,10754.023687
127800000,10970.638443
127820000,11001.856323
127840000,13029.872968
127860000,13118.300129
127880000,13077.749618
127900000,13688.120919
127920000,11845.150568
127940000,12720.155869
127960000,9530.704027
127980000,9456.624185
128000000,9652.400939
128020000,9759.341756
128040000,9791.620713
128060000,9814.192714
128080000,9718.234572
128100000,9866.531871
128120000,9825.674288
128140000,9863.190466
128160000,14049.448775
128180000,14189.218963
128200000,13976.725682
128220000,11379.982470
128240000,12327.354239
128260000,12330.397610
128280000,12075.169288
128300000,12025.115611
128320000,11770.462266
128340000,11591.229513
128360000,9207.282984
128380000,13529.642221
128400000,13658.153956
128420000,10308.900670
128440000,11584.823448
128460000,11399.378628
128480000,11539.300053
128500000,11579.289021
128520000,11786.649832
128540000,11809.087981
128560000,11624.843927
128580000,6803.272875
128600000,6694.149729
128620000,6745.797203
128640000,6542.779820
128660000,6298.668375
128680000,6541.933990
128700000,6528.884243
128720000,6589.837492
128740000,6562.046798
128760000,6627.246873
128780000,6697.800773
128800000,8741.369496
128820000,9634.310634
128840000,9472.111863
128860000,9317.681996
128880000,9404.808575
128900000,9325.384859
128920000,8952.084982
128940000,9039.761020
128960000,12181.017602
128980000,11993.185295
129000000,14633.706151
129020000,14874.980207
129040000,14823.016136
129060000,24985.376005
129080000,19330.060166
129100000,17106.834004
129120000,17263.317247
129140000,17001.428161
129160000,15618.360034
129180000,15370.559037
129200000,15231.060127
129220000,15040.560768
129240000,15181.639416
129260000,15414.393571
129280000,14777.626293
129300000,13828.030989
129320000,13799.440170
129340000,15184.447675
129360000,14744.601187
129380000,14803.034523
129400000,15327.203630
129420000,12624.811629
129440000,12526.663690
129460000,12915.446027
129480000,11291.206930
129500000,10569.164390
129520000,12796.321168
129540000,9337.611770
129560000,9385.689376
129580000,9162.770061
129600000,12006.597062
129620000,12216.799423
129640000,14600.691150
129660000,14440.361275
129680000,14331.126081
129700000,14358.415737
129720000,13982.618779
129740000,11666.946744
129760000,11669.470948
129780000,11724.664482
129800000,10540.696575
129820000,10564.338598
129840000,10237.392940
129860000,9785.265530
129880000,9943.023143
129900000,9744.715321
129920000,9801.696817
129940000,8814.134644
129960000,9439.519646
129980000,9437.771949
130000000,9099.158405
130020000,9018.947237
130040000,9143.454910
130060000,9380.614005
130080000,9082.868687
130100000,11056.994933
130120000,9828.052481
130140000,9658.200770
130160000,14853.516367
130180000,15038.295222
130200000,15137.203759
130220000,15550.285016
130240000,17754.752550
130260000,17487.012717
130280000,17426.552224
130300000,17096.164521
130320000,17145.665040
130340000,17364.880124
130360000,17642.879108
130380000,10059.627979
130400000,9149.109603
130420000,9536.801511
130440000,9530.841164
130460000,9662.930068
130480000,9855.743581
130500000,9674.524872
130520000,7218.465960
130540000,7255.333121
130560000,7232.159943
130580000,7310.806918
130600000,9383.721083
130620000,9412.539047
130640000,9475.262978
130660000,9798.971094
130680000,9624.788650
130700000,8721.767046
130720000,8876.293873
130740000,8876.288341
130760000,8833.938500
130780000,7989.328342
130800000,7564.537945
130820000,7539.126643
130840000,7470.129526
130860000,7277.370972
130880000,7282.736428
130900000,7368.669416
130920000,7333.775020
130940000,7479.924631
130960000,9172.952031
130980000,9079.842584
131000000,8551.571000
131020000,8531.168553
131040000,8712.837257
131060000,10216.659862
131080000,9860.680414
131100000,9429.648336
131120000,9192.724917
131140000,9098.778760
131160000,9031.225657
131180000,8992.033876
131200000,8924.997529
131220000,9135.159566
131240000,8652.113307
131260000,8879.620665
131280000,8895.379368
131300000,8758.673750
131320000,8684.418293
131340000,8625.677771
131360000,8751.551739
131380000,8825.419440
131400000,8801.632030
131420000,8115.317684
131440000,8039.856973
131460000,6933.875483
131480000,6986.753659
131500000,10759.282719
131520000,12221.971243
131540000,12247.488225
131560000,12513.941632
131580000,15544.267819
131600000,15737.199209
131620000,15774.137537
131640000,15733.277960
131660000,12875.909723
131680000,10125.434920
131700000,9881.180331
131720000,9566.635282
131740000,9057.053688
131760000,11082.680024
131780000,7810.049816
131800000,7826.581382
131820000,8005.775088
131840000,8282.628755
131860000,8761.700283
131880000,8842.841847
131900000,8788.632798
131920000,8770.452363
131940000,8670.632664
131960000,10312.398445
131980000,10628.862246
132000000,9745.252952
132020000,9909.720154
132040000,10027.031659
132060000,9941.001138
132080000,9819.795697
132100000,9498.760264
132120000,6542.587391
132140000,6478.350812
132160000,6501.746222
132180000,9698.324140
132200000,9739.891075
132220000,9502.630546
132240000,9578.872184
132260000,8972.015555
132280000,8232.410663
132300000,8233.235618
132320000,8103.845570
132340000,8232.226704
132360000,7501.198174
132380000,7465.236911
132400000,7305.204331
132420000,7796.822446
132440000,7726.460555
132460000,7957.178674
132480000,7764.894355
132500000,8778.349743
132520000,8884.391155
132540000,12734.050601
132560000,12679.708440
132580000,12669.066964
132600000,10765.793288
132620000,10667.773345
132640000,10917.577280
132660000,11159.850338
132680000,12517.723099
132700000,11028.008133
132720000,11039.830477
132740000,10933.382687
132760000,11123.105602
132780000,11247.042969
132800000,12623.381555
132820000,12229.493868
132840000,10861.455990
132860000,10947.551785
132880000,10829.728113
132900000,9419.067979
132920000,8004.183521
132940000,6585.577220
132960000,6686.783782
132980000,6515.316680
133000000,6514.568102
133020000,7561.329396
133040000,7426.788236
133060000,7286.746759
133080000,7482.955993
133100000,7501.859598
133120000,7543.359837
133140000,7406.926229
133160000,7426.716706
133180000,7430.468043
133200000,7159.472777
133220000,6983.724753
133240000,6960.678988
133260000,6978.293350
133280000,7028.257859
133300000,6936.402266
133320000,7734.282750
133340000,7883.865588
133360000,8467.511545
133380000,8901.232809
133400000,7595.274946
133420000,7637.218994
133440000,7191.365568
133460000,7401.927178
133480000,9910.665501
133500000,9271.186306
133520000,8500.209033
133540000,7291.126806
133560000,7493.262166
133580000,7575.812499
133600000,7703.240851
133620000,7305.685697
133640000,7777.042076
133660000,7966.532496
133680000,10620.481645
133700000,10550.682572
133720000,10567.356971
133740000,10741.843084
133760000,10584.204904
133780000,7431.932815
133800000,7499.046286
133820000,7463.502760
133840000,7369.002345
133860000,12812.773055
133880000,11914.844729
133900000,12652.507238
133920000,12499.522354
133940000,11062.412716
133960000,9143.176041
133980000,9083.366782
134000000,8744.903718
134020000,8538.510135
134040000,8867.502189
134060000,8683.406735
134080000,8862.441548
134100000,9192.414213
134120000,7460.276531
134140000,7451.120669
134160000,7493.768341
134180000,7465.122700
134200000,7344.214138
134220000,7327.503653
134240000,7380.910390
134260000,7371.390506
134280000,7291.994844
134300000,7357.980989
134320000,7271.508679
134340000,7192.128210
134360000,7203.171790
134380000,8865.763596
134400000,11742.386438
134420000,16079.976037
134440000,12618.532659
134460000,13462.603558
134480000,13817.836866
134500000,13591.070498
134520000,13630.916828
134540000,11869.049975
134560000,11791.989326
134580000,11976.305377
134600000,12288.934221
134620000,12203.523100
134640000,10440.161766
134660000,10668.771691
134680000,10621.320758
134700000,10582.854182
134720000,9615.185208
134740000,14376.586294
134760000,13915.857757
134780000,13517.888811
134800000,14289.722106
134820000,13993.882429
134840000,13465.879992
134860000,13257.010579
134880000,12163.529040
134900000,12213.814690
134920000,12021.586040
134940000,12066.808842
134960000,11793.463341
134980000,11749.698003
135000000,13344.855419
135020000,13299.135176
135040000,13044.263418
135060000,11565.082028
135080000,11626.737794
135100000,11544.106326
135120000,11261.198958
135140000,12528.645119
135160000,12668.279130
135180000,12780.842695
135200000,13008.761607
135220000,9673.842020
135240000,6185.522057
135260000,6507.743377
135280000,6751.038725
135300000,6769.331373
135320000,7153.535428
135340000,6992.043781
135360000,8346.804158
135380000,8156.864409
135400000,8175.116772
135420000,9781.233978
135440000,9714.539223
135460000,9687.145129
135480000,8745.112697
135500000,8700.351130
135520000,8549.439427
135540000,8740.629288
135560000,8976.919094
135580000,7725.457144
135600000,7965.206953
135620000,8058.632165
135640000,12103.012499
135660000,12170.364593
135680000,11424.177453
135700000,8883.122951
135720000,7864.461314
135740000,7766.596287
135760000,7954.132991
135780000,8017.196811
135800000,7938.956148
135820000,9367.858487
135840000,10646.339042
135860000,10680.652546
135880000,10640.816870
135900000,12250.136691
135920000,21198.293983
135940000,14948.790737
135960000,14541.863707
135980000,15412.951117
136000000,11578.053024
136020000,11169.716476
136040000,11159.577533
136060000,12167.939238
136080000,12007.396191
136100000,12215.408829
136120000,14086.636689
136140000,14789.921235
136160000,14722.635542
136180000,14903.972919
136200000,10073.303040
136220000,9832.037082
136240000,9562.014800
136260000,9720.358230
136280000,9594.402963
136300000,10104.491898
136320000,9791.905908
136340000,10181.233275
136360000,10260.402069
136380000,10664.527213
136400000,11898.080980
136420000,12083.592650
136440000,11100.130638
136460000,7685.833843
136480000,7612.482575
136500000,7940.045490
136520000,8492.804443
136540000,7513.198979
136560000,7647.103798
136580000,8623.147571
136600000,8441.554527
136620000,8685.999498
136640000,8664.444198
136660000,8923.538890
136680000,8998.114474
136700000,10321.798159
136720000,10375.305045
136740000,12558.518692
136760000,12776.490989
136780000,12547.871478
136800000,8852.926137
136820000,8708.383413
136840000,8781.510831
136860000,8854.121168
136880000,10033.371537
136900000,9681.736551
136920000,6132.446672
136940000,6177.597695
136960000,6127.376443
136980000,6258.079490
137000000,6277.706999
137020000,6254.351723
137040000,6540.326027
137060000,6543.037180
137080000,6379.252096
137100000,6274.749226
137120000,6700.590009
137140000,6650.919271
137160000,6671.018058
137180000,6720.681547
137200000,6673.121184
137220000,6974.690192
137240000,7154.723906
137260000,6644.014605
137280000,6584.918587
137300000,9546.822560
137320000,9404.404389
137340000,10663.236820
137360000,10663.086478
137380000,8457.625467
137400000,8505.189145
137420000,8584.377885
137440000,11560.758554
137460000,11238.797643
137480000,11329.702956
137500000,11499.968646
137520000,11927.607999
137540000,10675.861826
137560000,10100.705208
137580000,9588.900021
137600000,9830.877310
137620000,9947.421859
137640000,11755.489288
137660000,11682.563324
137680000,12278.110386
137700000,12231.597685
137720000,13018.984378
137740000,9187.446171
137760000,8973.326161
137780000,8859.815297
137800000,8760.489004
137820000,8849.257135
137840000,8839.838112
137860000,9033.421108
137880000,8752.900256
137900000,8642.375881
137920000,6864.571385
137940000,6784.132313
137960000,6431.872146
137980000,6571.613009
138000000,7923.730866
138020000,7820.259308
138040000,7374.921051
138060000,7287.438420
138080000,7641.858983
138100000,10064.531980
138120000,9859.890453
138140000,9842.719600
138160000,9719.001938
138180000,9642.834220
138200000,10164.906605
138220000,9914.287762
138240000,10259.139343
138260000,10843.328544
138280000,10684.613831
138300000,10480.389985
138320000,8954.532656
138340000,7564.683099
138360000,7684.233233
138380000,8259.319247
138400000,8960.720230
138420000,8321.720948
138440000,8561.237697
138460000,7495.731218
138480000,7588.498151
138500000,8122.488437
138520000,9200.849288
138540000,9163.000302
138560000,9310.200515
138580000,8937.485472
138600000,9148.826138
138620000,13797.150680
138640000,14123.389470
138660000,14694.090193
138680000,14846.616553
138700000,11571.773653
138720000,8939.935406
138740000,9559.320292
138760000,9500.757188
138780000,9566.048308
138800000,9045.339519
138820000,9343.110612
138840000,9159.989605
138860000,9424.557098
138880000,9437.026984
138900000,10184.402029
138920000,10101.100785
138940000,10527.870079
138960000,10915.610907
138980000,16484.734141
139000000,17630.789539
139020000,17528.741744
139040000,17977.187037
139060000,17817.538701
139080000,17823.833325
139100000,17928.014949
139120000,19144.233446
139140000,16594.669940
139160000,16569.978586
139180000,13507.576662
139200000,13522.612307
139220000,13479.228554
139240000,21911.836869
139260000,21717.792044
139280000,20059.719740
139300000,20639.473492
139320000,20580.802446
139340000,20857.329579
139360000,20866.403250
139380000,11691.544709
139400000,11705.512077
139420000,11622.721759
139440000,11601.326766
139460000,11849.275926
139480000,11533.445673
139500000,11689.600506
139520000,15823.131827
139540000,16591.071922
139560000,16851.381343
139580000,16607.216912
139600000,12939.806287
139620000,12595.322908
139640000,12623.753119
139660000,9087.580637
139680000,9114.352959
139700000,9115.662378
139720000,8129.712050
139740000,8250.776328
139760000,8244.739890
139780000,8346.255762
139800000,8047.313089
139820000,7693.081197
139840000,7815.575577
139860000,7883.838968
139880000,7805.993394
139900000,7692.497678
139920000,7641.268440
139940000,7510.408807
139960000,8060.630384
139980000,8054.661617
140000000,7994.179878
140020000,7983.901684
140040000,8614.678615
140060000,8442.022726
140080000,9001.669073
140100000,9138.217774
140120000,9122.303991
140140000,9184.350743
140160000,11536.190403
140180000,13659.496916
140200000,12768.333104
140220000,11489.317401
140240000,11484.195849
140260000,8367.631978
140280000,8253.038870
140300000,8405.055353
140320000,8237.501206
140340000,8271.834744
140360000,8310.744908
140380000,8263.790917
140400000,8451.190835
140420000,8475.083647
140440000,8910.973314
140460000,8558.990453
140480000,11794.548566
140500000,11773.878653
140520000,11714.991265
140540000,9758.311612
140560000,9838.497342
140580000,9864.758380
140600000,9775.029032
140620000,9784.363116
140640000,9840.738419
140660000,10591.687662
140680000,10359.407552
140700000,10700.193710
140720000,10162.807189
140740000,8517.113291
140760000,8587.795151
140780000,8493.572158
140800000,8648.218628
140820000,8601.886564
140840000,10761.495679
140860000,10821.518790
140880000,10549.758339
140900000,10895.765161
140920000,11150.374377
140940000,10606.798695
140960000,10776.390946
140980000,10811.805395
141000000,10253.612672
141020000,10632.185487
141040000,9705.860442
141060000,9335.948087
141080000,9242.888950
141100000,9381.862472
141120000,10969.168871
141140000,8520.791034
141160000,8458.229333
141180000,8437.012959
141200000,8021.280011
141220000,7750.772004
141240000,7977.825135
141260000,8057.624123
141280000,8077.293060
141300000,7864.038774
141320000,7903.119405
141340000,7711.896470
141360000,8059.160153
141380000,7567.566872
141400000,7676.504550
141420000,7670.362622
141440000,9342.323247
141460000,9416.787591
141480000,9317.319656
141500000,8058.860630
141520000,6628.716774
141540000,6956.252542
141560000,6982.339420
141580000,6858.918794
141600000,6884.114682
141620000,6952.674089
141640000,7132.179080
141660000,7071.741646
141680000,7074.290697
141700000,6927.274583
141720000,6911.289955
141740000,7055.707353
141760000,7196.610206
141780000,9195.334518
141800000,9582.110417
141820000,9112.438881
141840000,9683.666568
141860000,9681.147064
141880000,9449.036044
141900000,7159.881235
141920000,7187.474476
141940000,7593.901260
141960000,10272.099189
141980000,10300.406351
142000000,10301.709891
142020000,10205.546759
142040000,10106.641993
142060000,9430.771425
142080000,9387.918203
142100000,9388.310894
142120000,10583.575435
142140000,10375.046777
142160000,10417.006678
142180000,9288.875098
142200000,9004.201168
142220000,8581.819865
142240000,8828.916489
142260000,10157.145002
142280000,10268.719065
142300000,10334.597870
142320000,9658.895656
142340000,9820.167974
142360000,9817.695199
142380000,9968.188977
142400000,11995.851243
142420000,12125.495416
142440000,12218.791210
142460000,11850.995292
142480000,9436.288206
142500000,9559.384902
142520000,9942.892404
142540000,9981.497859
142560000,12517.665783
142580000,12363.138152
142600000,12265.680696
142620000,10197.012604
142640000,8001.208942
142660000,10210.113762
142680000,7886.326610
142700000,7812.947289
142720000,7840.096084
142740000,7631.669593
142760000,7619.996700
142780000,8214.027362
142800000,8167.678592
142820000,8679.722277
142840000,8789.037393
142860000,8584.265801
142880000,8891.221431
142900000,9071.522889
142920000,9008.069593
142940000,6822.139737
142960000,6314.372982
142980000,6328.768597
143000000,6714.107442
143020000,6913.905618
143040000,7071.958309
143060000,6150.796405
143080000,8917.021041
143100000,8715.216211
143120000,8878.290325
143140000,8917.563127
143160000,9099.909499
143180000,9112.747060
143200000,8946.329460
143220000,9244.293907
143240000,9220.422740
143260000,9317.483282
143280000,10338.302882
143300000,10415.787161
143320000,10449.785970
143340000,10503.186834
143360000,10203.495134
143380000,11282.997581
143400000,10666.899321
143420000,10786.788208
143440000,10886.697306
143460000,11194.554483
143480000,11343.723648
143500000,11266.389529
143520000,11355.579727
143540000,11296.310472
143560000,11521.237507
143580000,14965.873834
143600000,15349.563157
143620000,15644.544038
143640000,16449.248455
143660000,9287.490535
143680000,9068.935654
143700000,8867.775393
143720000,8951.298031
143740000,8533.175452
143760000,8063.025486
143780000,9391.491501
143800000,6936.825381
143820000,6962.471979
143840000,7044.678394
143860000,7164.316562
143880000,7147.458850
143900000,10382.136642
143920000,10352.737400
143940000,10262.723337
143960000,11771.567963
143980000,11303.492318
144000000,12750.637166
144020000,9290.245268
144040000,9405.148142
144060000,9042.870633
144080000,8430.365706
144100000,8248.335783
144120000,8385.529368
144140000,8003.850614
144160000,8187.743478
144180000,8044.406550
144200000,8430.217520
144220000,8294.147705
144240000,9043.476317
144260000,7719.839541
144280000,7988.929937
144300000,8129.323179
144320000,8244.044922
144340000,8008.346732
144360000,7853.240225
144380000,11049.724235
144400000,11433.546134
144420000,11351.514802
144440000,11380.786866
144460000,11629.136788
144480000,11389.596712
144500000,10173.098225
144520000,9369.141283
144540000,12748.396066
144560000,12877.897777
144580000,12872.365513
144600000,13266.524219
144620000,13469.782419
144640000,13679.726844
144660000,13379.103686
144680000,14006.936345
144700000,11463.817843
144720000,9762.568902
144740000,10097.572777
144760000,10166.568128
144780000,9474.180882
144800000,9754.157500
144820000,9864.420275
144840000,10290.260072
144860000,9998.136625
144880000,10222.771425
144900000,10158.452324
144920000,7115.807434
144940000,7340.416550
144960000,8418.506931
144980000,10673.035369
145000000,10764.654116
145020000,10914.241565
145040000,10831.371633
145060000,17046.765958
145080000,10351.772593
145100000,10284.616360
145120000,10239.359035
145140000,10240.686808
145160000,10292.484075
145180000,10381.222660
145200000,8982.811623
145220000,8997.860890
145240000,9087.691516
145260000,9426.360607
145280000,9408.908820
145300000,10521.514792
145320000,9347.406969
145340000,8223.400182
145360000,8017.567919
145380000,7951.696031
145400000,7990.031032
145420000,8033.193119
145440000,8016.441141
145460000,9101.333973
145480000,7775.459711
145500000,7575.493929
145520000,7658.991223
145540000,7595.270471
145560000,7664.171384
145580000,7572.217668
145600000,7780.440001
145620000,7686.497495
145640000,12048.535906
145660000,9991.186101
145680000,9616.522320
145700000,9699.885791
145720000,9550.841816
145740000,9976.857497
145760000,9952.303773
145780000,9899.600603
145800000,10127.863765
145820000,10392.444113
145840000,11322.534882
145860000,11149.666555
145880000,11037.523073
145900000,11746.294342
145920000,7807.145299
145940000,10756.143246
145960000,10411.413686
145980000,10511.861572
146000000,8581.302737
146020000,8325.017528
146040000,8532.750806
146060000,9387.256286
146080000,9586.245358
146100000,9625.440163
146120000,9687.581613
146140000,9739.750029
146160000,10128.999103
146180000,11077.205049
146200000,12139.786285
146220000,12200.741238
146240000,13702.622597
146260000,12944.914068
146280000,13174.365598
146300000,13799.362204
146320000,13543.296784
146340000,11872.059836
146360000,11847.870662
146380000,12424.361193
146400000,12495.020326
146420000,13128.684144
146440000,12880.314372
146460000,11067.541159
146480000,10803.519263
146500000,15491.595397
146520000,13548.440821
146540000,13176.878875
146560000,13693.718038
146580000,13852.101702
146600000,13775.939548
146620000,13748.991250
146640000,11639.099346
146660000,10377.295188
146680000,9809.077059
146700000,9965.345383
146720000,10627.205844
146740000,10807.726571
146760000,11568.242313
146780000,9822.450809
146800000,9710.168319
146820000,9913.970011
146840000,9855.547775
146860000,9697.444195
146880000,9823.270875
146900000,9766.653396
146920000,9894.506684
146940000,9504.240028
146960000,9512.829002
146980000,11938.336587
147000000,12158.667703
147020000,11680.697641
147040000,7246.063957
147060000,7323.630260
147080000,6772.708449
147100000,6928.596588
147120000,6878.179537
147140000,6858.821915
147160000,7221.902739
147180000,7278.761994
147200000,7345.942223
147220000,7482.629053
147240000,7469.090149
147260000,7124.165927
147280000,6955.344189
147300000,7162.215955
147320000,7433.922334
147340000,7465.083908
147360000,7409.658238
147380000,7417.365124
147400000,7485.407872
147420000,7281.769186
147440000,6915.514561
147460000,6946.901300
147480000,7020.110884
147500000,7003.826215
147520000,8589.368875
147540000,7875.844741
147560000,7874.213826
147580000,10376.002500
147600000,10564.362656
147620000,10279.111770
147640000,10325.547266
147660000,10116.456992
147680000,10156.188731
147700000,11577.261845
147720000,11934.742466
147740000,11716.254351
147760000,11812.730981
147780000,11727.574811
147800000,9901.333061
147820000,9601.955642
147840000,9665.512409
147860000,9806.869433
147880000,6650.210801
147900000,6418.133083
147920000,6359.430954
147940000,13791.466540
147960000,13902.381530
147980000,13299.453721
148000000,13294.725588
148020000,13191.572122
148040000,13130.786279
148060000,13079.914398
148080000,11196.876536
148100000,11734.579911
148120000,11751.543072
148140000,11642.904022
148160000,12209.061002
148180000,8652.175891
148200000,9299.567080
148220000,8538.890587
148240000,11906.174391
148260000,12027.117501
148280000,13087.375227
148300000,13272.524052
148320000,13283.709174
148340000,13683.599560
148360000,13658.901679
148380000,13770.806928
148400000,15782.606170
148420000,15397.432550
148440000,15062.910641
148460000,14932.557644
148480000,14716.625318
148500000,14184.539915
148520000,14172.992434
148540000,14037.530403
148560000,9372.855141
148580000,9295.116314
148600000,9398.890695
148620000,9225.080228
148640000,13045.230763
148660000,11273.093833
148680000,11517.791773
148700000,10627.520222
148720000,8217.404746
148740000,9456.428392
148760000,9584.513996
148780000,17157.046523
148800000,15296.040251
148820000,15443.348220
148840000,7793.026302
148860000,7806.047410
148880000,7732.703405
148900000,7819.082792
148920000,7487.284703
148940000,7547.570272
148960000,7651.201857
148980000,8354.252471
149000000,8077.178467
149020000,8036.364669
149040000,7894.281994
149060000,8129.843311
149080000,7799.805377
149100000,7476.375886
149120000,7381.372783
149140000,7319.670945
149160000,7385.311890
149180000,7294.338284
149200000,7163.974882
149220000,7007.230577
149240000,6936.437605
149260000,7015.403918
149280000,7339.400869
149300000,7550.027800
149320000,7617.350725
149340000,7161.009789
149360000,7038.425145
149380000,6950.254339
149400000,7459.597807
149420000,7145.996199
149440000,7303.913388
149460000,6841.882208
149480000,6721.565965
149500000,6719.202522
149520000,6805.920685
149540000,6791.463444
149560000,6905.228459
149580000,6892.000573
149600000,7847.934229
149620000,7735.169536
149640000,7920.893924
149660000,7847.945679
149680000,7759.464515
149700000,7861.087209
149720000,7955.152344
149740000,8020.170846
149760000,8055.678880
149780000,8251.506915
149800000,8068.400195
149820000,8114.987563
149840000,7993.604764
149860000,7902.039264
149880000,11664.702155
149900000,10689.244294
149920000,11012.665866
149940000,11951.469331
149960000,12589.159711
149980000,12670.992829
150000000,13479.061677
150020000,13331.406759
150040000,13220.441323
150060000,13047.372567
150080000,13076.896410
150100000,14064.393765
150120000,14133.767830
150140000,9517.288287
150160000,13723.272721
150180000,13593.248813
150200000,13957.949266
150220000,14090.644690
150240000,13476.582017
150260000,13570.688456
150280000,13394.660844
150300000,7976.137762
150320000,7757.737125
150340000,7854.914705
150360000,7849.528470
150380000,8165.670779
150400000,8252.834009
150420000,8230.423882
150440000,8192.459725
150460000,8008.805913
150480000,8039.198228
150500000,7960.136074
150520000,8391.221772
150540000,8514.596675
150560000,8434.814965
150580000,8871.864758
150600000,8010.547230
150620000,7966.196894
150640000,7924.610934
150660000,8020.220995
150680000,7981.781719
150700000,11199.424058
150720000,11233.228521
150740000,10156.760925
150760000,10085.427548
150780000,10000.235154
150800000,9783.278794
150820000,9892.666562
150840000,10154.014470
150860000,10254.886230
150880000,13239.304155
150900000,13452.965236
150920000,13598.855338
150940000,13740.501642
150960000,12818.927450
150980000,12417.585887
151000000,12489.374980
151020000,9309.316381
151040000,10662.201185
151060000,10665.248145
151080000,14326.665477
151100000,14306.036832
151120000,14180.883826
151140000,12740.506884
151160000,12346.388316
151180000,12332.875524
151200000,11369.761896
151220000,15709.456593
151240000,15087.409510
151260000,14310.656976
151280000,14084.397650
151300000,14116.874627
151320000,13980.356320
151340000,13588.918044
151360000,11975.978998
151380000,11828.017967
151400000,12304.413434
151420000,13891.352801
151440000,13799.057923
151460000,13439.858495
151480000,12970.429271
151500000,12960.271255
151520000,12571.955097
151540000,11257.360666
151560000,11084.524194
151580000,11157.872306
151600000,11115.133643
151620000,11362.009527
151640000,13635.899557
151660000,14064.475355
151680000,13670.479149
151700000,14308.959942
151720000,14294.815703
151740000,14246.464818
151760000,15257.943581
151780000,15254.776169
151800000,9275.314437
151820000,9484.573588
151840000,9561.072628
151860000,9669.300531
151880000,9720.011337
151900000,9690.859167
151920000,9395.655351
151940000,9308.530089
151960000,9317.360451
151980000,8842.595600
152000000,8701.136156
152020000,8817.845886
152040000,8607.751875
152060000,8596.540539
152080000,8836.350102
152100000,9221.054838
152120000,9147.329568
152140000,8551.033541
152160000,8720.245191
152180000,8791.021982
152200000,8906.842588
152220000,8946.224785
152240000,8560.296027
152260000,8447.997497
152280000,16429.629261
152300000,17454.046945
152320000,8064.850578
152340000,7976.030622
152360000,7764.312368
152380000,7628.589608
152400000,7318.171962
152420000,7313.335707
152440000,6208.725900
152460000,6200.786489
152480000,6184.250607
152500000,6151.490160
152520000,6038.205556
152540000,6829.195920
152560000,6719.296341
152580000,6709.081456
152600000,7565.737139
152620000,8713.484903
152640000,8781.429050
152660000,8817.886767
152680000,8820.223117
152700000,11730.958713
152720000,8404.004053
152740000,8201.479570
152760000,10383.697775
152780000,10434.228983
152800000,8385.364527
152820000,7551.343131
152840000,9925.488535
152860000,7190.775166
152880000,7091.292700
152900000,7344.000384
152920000,7580.870976
152940000,7793.946641
152960000,8009.149471
152980000,9667.806089
153000000,10056.528777
153020000,10068.831270
153040000,11779.366184
153060000,11649.943182
153080000,11732.825400
153100000,8164.020387
153120000,8146.300738
153140000,11575.142574
153160000,11502.212143
153180000,11330.956205
153200000,11547.471301
153220000,13455.073461
153240000,13348.024776
153260000,13375.082177
153280000,13048.793315
153300000,12756.139403
153320000,7538.170581
153340000,7579.451188
153360000,9658.593013
153380000,9647.910169
153400000,9742.022889
153420000,9784.920722
153440000,10095.616269
153460000,9251.193219
153480000,12417.210743
153500000,13120.859498
153520000,12761.070964
153540000,13004.018701
153560000,13263.727786
153580000,13222.124583
153600000,13281.816108
153620000,12753.060274
153640000,12561.715049
153660000,13045.735359
153680000,18551.290139
153700000,18494.081734
153720000,18733.786542
153740000,18584.843098
153760000,12539.693488
153780000,10481.204909
153800000,10507.322472
153820000,10297.002568
153840000,15017.035782
153860000,15934.560144
153880000,15338.780373
153900000,15160.476884
153920000,14950.271997
153940000,14770.442138
153960000,8415.221352
153980000,8468.610207
154000000,8463.128366
154020000,8583.046676
154040000,9441.465442
154060000,9841.695228
154080000,12102.014350
154100000,11282.220512
154120000,11543.410271
154140000,11506.968695
154160000,11137.385835
154180000,11104.032512
154200000,10862.522275
154220000,10555.783423
154240000,10226.565782
154260000,10049.199448
154280000,10199.366257
154300000,9963.350375
154320000,10792.986373
154340000,10896.433723
154360000,10674.463720
154380000,11318.373762
154400000,11338.857432
154420000,12448.647653
154440000,12564.267567
154460000,12709.161973
154480000,12844.456234
154500000,12916.016687
154520000,13236.047388
154540000,12248.045623
154560000,8093.455886
154580000,10377.633893
154600000,10173.637046
154620000,10608.123435
154640000,8936.018337
154660000,10704.874827
154680000,14801.435503
154700000,15215.529337
154720000,15727.182659
154740000,15629.298333
154760000,15441.168436
154780000,15382.238483
154800000,15344.142479
154820000,15981.966888
154840000,7631.604521
154860000,7480.372924
154880000,7530.169146
154900000,7527.854793
154920000,7582.139838
154940000,7329.123508
154960000,7481.906775
154980000,7430.903324
155000000,7277.505350
155020000,7248.539194
155040000,8211.561189
155060000,7665.660501
155080000,8014.223898
155100000,7931.098640
155120000,7622.968253
155140000,7985.850701
155160000,8024.380492
155180000,7739.868495
155200000,7518.469963
155220000,8041.602663
155240000,8145.241770
155260000,8006.234460
155280000,8009.843675
155300000,7818.111051
155320000,8113.091009
155340000,8212.301025
155360000,8514.843174
155380000,8527.399142
155400000,8802.617364
155420000,8875.120554
155440000,8931.099415
155460000,8900.638118
155480000,10280.147208
155500000,10096.287655
155520000,8847.622072
155540000,9869.975324
155560000,10224.542566
155580000,9193.901137
155600000,8728.117718
155620000,8449.043279
155640000,9343.165377
155660000,9063.669651
155680000,9144.578808
155700000,10156.911969
155720000,11709.048468
155740000,10380.767648
155760000,9883.238233
155780000,9964.256241
155800000,9718.494776
155820000,9590.290067
155840000,9644.193705
155860000,9423.421914
155880000,9677.900043
155900000,9748.688139
155920000,9738.493256
155940000,9834.474875
155960000,9824.449190
155980000,9885.954271
156000000,7880.963692
156020000,7978.213731
156040000,8070.369005
156060000,7993.144588
156080000,7697.429487
156100000,7880.020347
156120000,10729.025799
156140000,10681.413880
156160000,10300.881861
156180000,8292.471808
156200000,12841.804891
156220000,12772.217232
156240000,12758.795378
156260000,12865.667182
156280000,12450.690163
156300000,12087.930074
156320000,8844.579509
156340000,9074.656857
156360000,10190.008763
156380000,10186.980407
156400000,6927.641918
156420000,7067.877992
156440000,7251.426706
156460000,7162.545015
156480000,7282.023836
156500000,7374.708631
156520000,7620.249017
156540000,7613.089285
156560000,9147.923151
156580000,11045.059838
156600000,11074.783775
156620000,10853.209136
156640000,10603.345502
156660000,11151.256217
156680000,10548.355518
156700000,10594.042239
156720000,10403.407851
156740000,10346.136370
156760000,7667.283069
156780000,7723.281528
156800000,8204.976662
156820000,8069.878067
156840000,8196.467627
156860000,9236.215584
156880000,10025.442791
156900000,10054.162074
156920000,9804.939212
156940000,9727.159909
156960000,9481.355724
156980000,9518.112800
157000000,11555.634247
157020000,11587.400515
157040000,11306.774761
157060000,11097.732011
157080000,10965.212800
157100000,10623.844814
157120000,11066.109792
157140000,10878.702583
157160000,9877.587418
157180000,10039.484785
157200000,9956.150781
157220000,9509.157092
157240000,11238.401451
157260000,11261.096332
157280000,11520.768546
157300000,11359.389045
157320000,11333.982227
157340000,11443.924044
157360000,11632.662554
157380000,11786.769602
157400000,11710.605375
157420000,11491.991311
157440000,11601.621174
157460000,11695.807431
157480000,11679.170141
157500000,7563.122202
157520000,7569.820497
157540000,7894.244268
157560000,8039.746108
157580000,7033.790447
157600000,7114.141320
157620000,7543.870034
157640000,7301.192092
157660000,7430.871179
157680000,7707.256013
157700000,7705.322211
157720000,7531.696674
157740000,6939.878758
157760000,6996.762273
157780000,7088.921853
157800000,8651.859202
157820000,7798.134340
157840000,7845.799360
157860000,7792.882271
157880000,7990.783499
157900000,7902.223580
157920000,7874.570394
157940000,8035.936755
157960000,8070.318550
157980000,8096.237786
158000000,8075.618004
158020000,7876.339244
158040000,7915.325772
158060000,7651.859471
158080000,7657.756629
158100000,8063.691275
158120000,8619.458646
158140000,8675.832085
158160000,13698.852778
158180000,11038.930632
158200000,10739.031196
158220000,9372.636388
158240000,9295.553412
158260000,9116.352009
158280000,9278.609937
158300000,9674.023309
158320000,9621.874758
158340000,9469.349352
158360000,11305.083989
158380000,11480.222092
158400000,11343.238538
158420000,10892.716508
158440000,11095.614369
158460000,10965.487568
158480000,12066.197646
158500000,12750.883566
158520000,12862.050842
158540000,12904.296557
158560000,10608.014695
158580000,10842.278176
158600000,10818.064051
158620000,10737.194269
158640000,10694.438206
158660000,10610.558864
158680000,10686.030819
158700000,10154.901150
158720000,10208.083849
158740000,10519.083919
158760000,10557.714320
158780000,10619.912432
158800000,10085.933529
158820000,10301.152376
158840000,10219.228779
158860000,10252.018251
158880000,10160.250772
158900000,9505.337108
158920000,9383.517265
158940000,9297.793790
158960000,10456.740524
158980000,10349.295874
159000000,10144.313483
159020000,7890.092904
159040000,9295.338938
159060000,7340.499234
159080000,7550.646180
159100000,7547.434753
159120000,7221.634669
159140000,7127.901921
159160000,6865.847435
159180000,6419.580627
159200000,6530.727272
159220000,6609.715525
159240000,6407.532117
159260000,6398.788653
159280000,6372.750187
159300000,6284.220853
159320000,6047.821717
159340000,6330.736774
159360000,6803.236603
159380000,6801.032711
159400000,6628.865892
159420000,9120.027243
159440000,8977.902026
159460000,9302.462355
159480000,9126.457734
159500000,9073.071512
159520000,9976.801005
159540000,10085.324582
159560000,9826.499139
159580000,9938.536173
159600000,9958.628184
159620000,9888.047017
159640000,9904.045711
159660000,9490.811103
159680000,9454.824363
159700000,9350.189976
159720000,9401.475258
159740000,10850.938877
159760000,10705.818288
159780000,10526.730858
159800000,12083.402377
159820000,9013.348705
159840000,8920.192887
159860000,8905.718086
159880000,12051.445089
159900000,11986.034743
159920000,12735.346436
159940000,12741.888276
159960000,16294.203447
159980000,19608.592050
160000000,16522.643528
160020000,16672.035261
160040000,16916.621860
160060000,13563.096935
160080000,13741.909465
160100000,13235.167354
160120000,13608.530010
160140000,13635.773848
160160000,13625.784129
160180000,13092.026557
160200000,9474.881399
160220000,11605.911317
160240000,11148.750203
160260000,10787.265071
160280000,10863.998567
160300000,10859.858344
160320000,10434.387895
160340000,7728.300858
160360000,7777.924758
160380000,7706.769791
160400000,10928.815698
160420000,10422.649618
160440000,10932.342742
160460000,8616.342762
160480000,8169.212544
160500000,8289.517664
160520000,7115.355004
160540000,6831.482903
160560000,6891.941262
160580000,7068.054703
160600000,6978.307260
160620000,6770.015327
160640000,11319.511752
160660000,11286.538454
160680000,11144.288620
160700000,12330.513999
160720000,12352.511505
160740000,7756.863481
160760000,8099.838732
160780000,7282.193910
160800000,7344.468210
160820000,7404.027301
160840000,7158.335745
160860000,7562.294019
160880000,9835.973683
160900000,9467.526773
160920000,9564.901550
160940000,10101.208467
160960000,11432.174254
160980000,11529.879514
161000000,11471.217411
161020000,10622.341380
161040000,10511.826103
161060000,10488.176801
161080000,10738.529290
161100000,10520.304226
161120000,10575.879085
161140000,10612.904088
161160000,10696.112728
161180000,10730.296076
161200000,10968.713109
161220000,12982.534091
161240000,12853.510922
161260000,13617.857471
161280000,12577.881096
161300000,11655.895380
161320000,11676.675219
161340000,9243.517616
161360000,9145.969805
161380000,8703.108613
161400000,8526.363787
161420000,8246.761980
161440000,8433.274813
161460000,8381.273286
161480000,8313.085759
161500000,8217.395387
161520000,7995.166032
161540000,8184.447597
161560000,8179.595755
161580000,8187.922291
161600000,8250.798341
161620000,8820.142774
161640000,8807.389094
161660000,7421.261933
161680000,7433.239016
161700000,7341.419813
161720000,7151.526034
161740000,9527.001299
161760000,9589.357933
161780000,9518.207794
161800000,9334.981498
161820000,9221.481258
161840000,9574.463887
161860000,9067.317499
161880000,9017.887728
161900000,13832.730859
161920000,17707.082036
161940000,21860.001873
161960000,21990.761272
161980000,14651.211320
162000000,15066.658624
162020000,14033.135359
162040000,13866.331408
162060000,14104.731820
162080000,13751.959289
162100000,13769.102788
162120000,12803.983346
162140000,12378.818874
162160000,12249.194362
162180000,9915.007125
162200000,9591.785524
162220000,9511.150606
162240000,9468.147051
162260000,8310.323076
162280000,8282.037159
162300000,8270.262447
162320000,8551.333253
162340000,8518.648213
162360000,8331.583686
162380000,7927.823812
162400000,7115.630152
162420000,7131.411732
162440000,9413.339744
162460000,10151.158980
162480000,9791.600084
162500000,10825.717081
162520000,10526.640215
162540000,8532.727736
162560000,8546.085941
162580000,8601.602223
162600000,8378.367624
162620000,8147.337560
162640000,9627.799997
162660000,19985.743692
162680000,20137.682615
162700000,19637.031283
162720000,26614.164767
162740000,19869.693702
162760000,17070.746991
162780000,16714.668242
162800000,15441.838243
162820000,14957.063063
162840000,15023.638195
162860000,16908.248902
162880000,15027.453375
162900000,9966.455946
162920000,10220.384495
162940000,10216.337555
162960000,10443.723066
162980000,10473.016600
163000000,10734.970453
163020000,11212.225985
163040000,10349.381223
163060000,9943.159268
163080000,9850.887416
163100000,9091.158132
163120000,9288.939418
163140000,9381.537255
163160000,9284.135976
163180000,9326.208686
163200000,10585.468867
163220000,12148.779420
163240000,12152.867841
163260000,12275.637975
163280000,9746.294979
163300000,7695.933351
163320000,7977.576161
163340000,8619.890685
163360000,10181.472084
163380000,10341.037186
163400000,10537.107296
163420000,10804.981840
163440000,14447.158174
163460000,14993.754133
163480000,15560.646958
163500000,15102.362716
163520000,15302.751849
163540000,15452.121821
163560000,15885.329122
163580000,16250.859686
163600000,16141.044848
163620000,16107.527981
163640000,16250.313903
163660000,15656.359026
163680000,15692.209895
163700000,15870.622427
163720000,15709.239225
163740000,16060.452368
163760000,16343.768291
163780000,18335.426912
163800000,17642.105802
163820000,15811.640424
163840000,14339.184788
163860000,14504.525770
163880000,16599.163295
163900000,17067.773009
163920000,15509.571669
163940000,11568.772896
163960000,10231.477751
163980000,10038.434147
164000000,9960.110480
164020000,10123.796788
164040000,10345.651101
164060000,11511.537681
164080000,11659.767318
164100000,8379.080613
164120000,12981.906439
164140000,12475.769290
164160000,12529.141066
164180000,19492.432784
164200000,19415.250108
164220000,18946.286275
164240000,17990.102155
164260000,18224.013555
164280000,13285.197030
164300000,13174.138983
164320000,12576.197052
164340000,10678.112557
164360000,9398.093644
164380000,9181.450823
164400000,9032.550948
164420000,7796.899109
164440000,7828.811794
164460000,7616.615877
164480000,7713.374503
164500000,7481.366656
164520000,7451.161811
164540000,7521.173357
164560000,7495.304816
164580000,7667.119340
164600000,7777.660713
164620000,8360.446312
164640000,7264.977747
164660000,7227.818727
164680000,8312.363440
164700000,8230.069716
164720000,8199.343964
164740000,8295.160715
164760000,8000.898324
164780000,7967.453020
164800000,7951.341599
164820000,8170.596531
164840000,9338.643373
164860000,9736.856025
164880000,8751.883401
164900000,10059.338306
164920000,10127.462731
164940000,13257.961784
164960000,13137.647758
164980000,13109.704427
165000000,12920.240179
165020000,12126.144314
165040000,12120.935528
165060000,12257.692115
165080000,12017.288362
165100000,11281.739224
165120000,10858.725208
165140000,10843.594454
165160000,11024.721488
165180000,12110.254036
165200000,12077.622306
165220000,12022.304096
165240000,9958.539363
165260000,9759.240010
165280000,9571.419391
165300000,9362.508430
165320000,9287.861557
165340000,9498.602173
165360000,9811.660946
165380000,9939.488679
165400000,9946.335972
165420000,9876.042482
165440000,9786.668847
165460000,9924.227775
165480000,9715.804916
165500000,9570.585116
165520000,9806.675279
165540000,7981.546406
165560000,7790.738567
165580000,7769.133896
165600000,7729.335260
165620000,11800.015937
165640000,13613.140130
165660000,13367.834767
165680000,13573.972270
165700000,13611.952224
165720000,16821.794962
165740000,16258.854727
165760000,11591.744458
165780000,11749.217812
165800000,9863.387022
165820000,9876.723807
165840000,9829.311459
165860000,12338.631381
165880000,12171.192127
165900000,15955.037101
165920000,15539.077386
165940000,15766.598918
165960000,15621.160624
165980000,11129.404054
166000000,10436.673108
166020000,15396.818269
166040000,15604.529079
166060000,12139.564974
166080000,13952.510550
166100000,13886.165782
166120000,14253.153474
166140000,8915.120983
166160000,9074.243846
166180000,11942.025985
166200000,11852.657500
166220000,11827.116220
166240000,13059.927977
166260000,12519.982706
166280000,12912.743006
166300000,12988.766940
166320000,12406.056171
166340000,11349.225065
166360000,10908.135835
166380000,10972.354425
166400000,9896.648021
166420000,9659.353224
166440000,9765.027350
166460000,9371.433448
166480000,9234.901181
166500000,9460.551050
166520000,9558.846531
166540000,10374.563938
166560000,10376.660165
166580000,8999.734015
166600000,8262.236380
166620000,8193.861235
166640000,8255.409229
166660000,7864.285503
166680000,7775.240111
166700000,9904.896304
166720000,9480.766545
166740000,8882.027935
166760000,9022.942840
166780000,10731.448874
166800000,8435.289489
166820000,8479.421924
166840000,11372.268148
166860000,11230.892713
166880000,10700.742273
166900000,10599.397232
166920000,7344.982826
166940000,7395.353412
166960000,7417.678772
166980000,6767.098313
167000000,6804.326806
167020000,7476.076464
167040000,7527.551645
167060000,9999.874790
167080000,9944.503814
167100000,10677.436869
167120000,10706.913894
167140000,10276.706358
167160000,10046.947322
167180000,9889.365242
167200000,20278.847202
167220000,10386.006543
167240000,10355.015996
167260000,8333.211051
167280000,15411.264823
167300000,15246.098701
167320000,15245.813025
167340000,15475.730640
167360000,15991.453252
167380000,13332.333323
167400000,13304.124205
167420000,15426.783828
167440000,15634.302152
167460000,15548.663557
167480000,15481.792396
167500000,15932.857123
167520000,10505.250399
167540000,10152.626025
167560000,10104.156668
167580000,10116.175297
167600000,10640.749361
167620000,17567.712922
167640000,17731.909673
167660000,17744.749762
167680000,13481.277918
167700000,13427.683432
167720000,9265.262737
167740000,11092.238257
167760000,11449.987575
167780000,10994.038932
167800000,11026.725536
167820000,11298.053938
167840000,11055.180401
167860000,12285.343995
167880000,12574.287723
167900000,12530.790697
167920000,12470.344480
167940000,12938.038294
167960000,12839.869360
167980000,14477.024257
168000000,14313.473202
168020000,13909.607693
168040000,10135.401106
168060000,9865.121179
168080000,8770.905940
168100000,8746.279416
168120000,12564.030364
168140000,11846.383359
168160000,11505.458544
168180000,11409.354780
168200000,11422.768005
168220000,11537.265724
168240000,11817.822658
168260000,11011.083988
168280000,11378.544005
168300000,11392.120171
168320000,9040.280778
168340000,9036.386879
168360000,9423.932034
168380000,6896.899308
168400000,6892.800204
168420000,6656.977228
168440000,7435.964643
168460000,9183.726305
168480000,13961.146672
168500000,15008.282969
168520000,14858.086930
168540000,15192.118724
168560000,15069.349478
168580000,14237.578613
168600000,13825.405318
168620000,15522.623978
168640000,15015.075452
168660000,14568.554477
168680000,14844.126218
168700000,14663.183475
168720000,14649.738321
168740000,13699.050626
168760000,11317.777616
168780000,14639.245884
168800000,12938.312937
168820000,12812.232557
168840000,13249.264414
168860000,13467.577058
168880000,9522.150396
168900000,9413.144221
168920000,10061.254592
168940000,10295.660485
168960000,10801.349005
168980000,10733.270513
169000000,10552.192123
169020000,10752.875646
169040000,10660.519377
169060000,10587.101068
169080000,10572.444755
169100000,10714.827899
169120000,10655.243377
169140000,11052.977742
169160000,12211.920454
169180000,14264.183221
169200000,13787.118039
169220000,13389.758437
169240000,12844.477942
169260000,12529.730895
169280000,11322.826688
169300000,11231.531501
169320000,10296.038031
169340000,11157.968610
169360000,11502.871076
169380000,11403.469561
169400000,11587.713806
169420000,11477.952333
169440000,11861.415710
169460000,12023.724936
169480000,12213.077171
169500000,12447.658590
169520000,16234.331633
169540000,16323.248962
169560000,15695.373916
169580000,15655.718992
169600000,15881.614319
169620000,17141.726192
169640000,17072.413973
169660000,17123.242680
169680000,16765.148019
169700000,16829.210122
169720000,16685.780397
169740000,16610.552700
169760000,12794.952179
169780000,12368.876185
169800000,12692.553769
169820000,12815.378433
169840000,12697.076449
169860000,13106.892726
169880000,12758.640632
169900000,11679.330288
169920000,13066.800973
169940000,12816.186472
169960000,12826.424212
169980000,12638.238404
170000000,12015.226890
170020000,11973.501182
170040000,12179.959216
170060000,12318.547551
170080000,12933.628034
170100000,14672.656108
170120000,14533.978719
170140000,9407.291863
170160000,9234.404782
170180000,9165.353263
170200000,9194.608079
170220000,9438.231124
170240000,9579.515683
170260000,9533.312215
170280000,9528.090097
170300000,10779.790950
170320000,10624.267647
170340000,10705.151350
170360000,10643.239705
170380000,10582.914050
170400000,10499.148208
170420000,10596.439632
170440000,10648.186678
170460000,10465.149776
170480000,10476.489562
170500000,9122.673337
170520000,9069.353924
170540000,8955.116562
170560000,11409.046581
170580000,11352.332859
170600000,8418.287395
170620000,7256.254594
170640000,7274.390579
170660000,11948.753863
170680000,11898.665320
170700000,13046.944275
170720000,13568.636211
170740000,13652.295955
170760000,14940.072416
170780000,15438.624744
170800000,14436.554938
170820000,14792.902154
170840000,12244.188259
170860000,11894.632258
170880000,11819.808961
170900000,11503.865193
170920000,11518.480126
170940000,7711.519677
170960000,7652.430655
170980000,7851.481856
171000000,7267.535818
171020000,7247.127689
171040000,7403.222214
171060000,7401.145178
171080000,7810.244002
171100000,7798.710009
171120000,7559.845070
171140000,7496.996317
171160000,6983.667590
171180000,6876.741388
171200000,7998.672204
171220000,7322.791857
171240000,9300.855451
171260000,9148.094658
171280000,9434.961879
171300000,8107.086762
171320000,7880.270968
171340000,8188.028219
171360000,8341.429140
171380000,8081.679833
171400000,10231.651590
171420000,9742.286569
171440000,9988.166951
171460000,10034.516072
171480000,10115.758015
171500000,10105.165125
171520000,10410.891137
171540000,10507.094389
171560000,10283.899312
171580000,13173.382001
171600000,12842.709733
171620000,16227.062025
171640000,15730.399462
171660000,15307.260506
171680000,10749.025332
171700000,10863.431538
171720000,10829.564432
171740000,12740.890335
171760000,12812.185407
171780000,12841.114461
171800000,10083.637397
171820000,10442.716990
171840000,10490.649727
171860000,10472.471398
171880000,10250.887079
171900000,10189.823226
171920000,10064.689467
171940000,9650.665734
171960000,9382.131743
171980000,11027.028535
172000000,10629.218366
172020000,12277.183678
172040000,12316.954322
172060000,13342.091350
172080000,10836.373221
172100000,10956.198528
172120000,10976.238165
172140000,11802.633730
172160000,11817.160409
172180000,11697.330951
172200000,11967.471972
172220000,11911.385518
172240000,11855.397988
172260000,12132.125462
172280000,12109.474785
172300000,12137.784703
172320000,12071.887461
172340000,11358.067021
172360000,14345.791183
172380000,14433.444611
172400000,14783.175342
172420000,14884.310134
172440000,14661.026487
172460000,14450.981441
172480000,14552.726116
172500000,7909.866871
172520000,8198.225042
172540000,8323.142506
172560000,9342.460346
172580000,8764.695619
172600000,8909.232974
172620000,7914.007116
172640000,7983.828725
172660000,8023.720026
172680000,6202.628507
172700000,6175.206690
172720000,6085.432279
172740000,6111.255394
172760000,6474.107961
172780000,6553.487791
172800000,6925.593831
172820000,6717.403370
172840000,6710.436412
172860000,6694.433177
172880000,6637.318870
172900000,6667.963005
172920000,7160.138767
172940000,6628.694742
172960000,7892.478094
172980000,7750.417230
173000000,7817.998043
173020000,8740.873952
173040000,8722.088340
173060000,8594.663017
173080000,8730.029363
173100000,8838.155097
173120000,9001.078092
173140000,6707.273182
173160000,6289.845640
173180000,6311.419101
173200000,10061.959460
173220000,10151.807965
173240000,12594.434723
173260000,12685.170092
173280000,11627.676789
173300000,11875.083262
173320000,11706.454197
173340000,11787.465915
173360000,12421.998280
173380000,12434.608233
173400000,11973.462388
173420000,11851.705370
173440000,12115.765469
173460000,12546.205280
173480000,7005.750345
173500000,7055.059518
173520000,7039.509847
173540000,7134.606704
173560000,7543.064634
173580000,7146.201961
173600000,7093.848430
173620000,7473.543417
173640000,7752.367647
173660000,8420.308421
173680000,10861.845350
173700000,7763.835461
173720000,7587.234605
173740000,8897.379562
173760000,9000.602533
173780000,8569.248449
173800000,8579.813401
173820000,8301.160240
173840000,8926.211673
173860000,8963.029354
173880000,7936.153525
173900000,10631.372356
173920000,10843.766117
173940000,10555.790332
173960000,10502.838056
173980000,16183.900552
174000000,11207.028538
174020000,10723.043475
174040000,10129.844041
174060000,10099.816880
174080000,10066.780999
174100000,10499.273770
174120000,10399.100919
174140000,10587.552913
174160000,10494.168924
174180000,10433.037618
174200000,17420.915325
174220000,17019.204005
174240000,17840.311584
174260000,13616.301384
174280000,9967.198027
174300000,12020.591910
174320000,14405.594251
174340000,16854.408905
174360000,16670.702225
174380000,16343.349542
174400000,9694.256471
174420000,9531.660443
174440000,8511.615887
174460000,9517.691010
174480000,10783.891435
174500000,10871.540266
174520000,9998.023285
174540000,10335.788374
174560000,10339.948631
174580000,10397.830520
174600000,11398.859263
174620000,11360.364129
174640000,9313.721289
174660000,8779.392699
174680000,8752.500568
174700000,9186.112414
174720000,11588.944422
174740000,11364.803149
174760000,11369.442880
174780000,11370.743650
174800000,11295.281695
174820000,9204.130564
174840000,10039.934164
174860000,8313.605537
174880000,8468.281265
174900000,8596.938292
174920000,8534.504486
174940000,8372.712450
174960000,9109.869328
174980000,8771.849446
175000000,8802.359296
175020000,9732.004559
175040000,12458.784422
175060000,13487.609672
175080000,13588.447810
175100000,12852.146350
175120000,12847.388837
175140000,13029.993268
175160000,11754.768515
175180000,12125.250090
175200000,11030.227555
175220000,11164.653044
175240000,10849.860256
175260000,10742.641424
175280000,10703.720934
175300000,10990.266903
175320000,11201.729064
175340000,9271.201979
175360000,9365.269373
175380000,9022.567458
175400000,9247.658077
175420000,9354.136085
175440000,9504.641239
175460000,9337.894630
175480000,9337.846780
175500000,9292.224931
175520000,9163.206208
175540000,9374.629506
175560000,9328.033680
175580000,9377.612656
175600000,9080.199976
175620000,9921.475100
175640000,10897.267464
175660000,9928.871874
175680000,9825.923869
175700000,9826.995147
175720000,9852.711241
175740000,9718.361812
175760000,9662.839348
175780000,9657.219596
175800000,9762.027716
175820000,10138.290039
175840000,9553.295671
175860000,9573.297150
175880000,10069.236330
175900000,9951.842674
175920000,9817.482117
175940000,8993.818075
175960000,10484.694400
175980000,10503.991275
176000000,10466.674175
176020000,11268.923860
176040000,11105.413571
176060000,10703.881961
176080000,11849.798477
176100000,12122.930692
176120000,11419.048927
176140000,11451.849602
176160000,10901.773517
176180000,13123.177867
176200000,13233.517064
176220000,13423.976061
176240000,13488.089219
176260000,13747.209669
176280000,13641.101521
176300000,13857.283863
176320000,6900.955592
176340000,6853.919872
176360000,6936.642092
176380000,6882.123482
176400000,6509.792918
176420000,6285.621064
176440000,6280.411605
176460000,6228.266572
176480000,6232.039528
176500000,6320.277005
176520000,6156.299321
176540000,6194.036784
176560000,6268.664511
176580000,6306.094478
176600000,6267.464824
176620000,6220.657866
176640000,6103.753628
176660000,6273.911597
176680000,5868.548721
176700000,5749.978761
176720000,5757.912835
176740000,6140.653477
176760000,5831.342622
176780000,6029.263942
176800000,6109.970681
176820000,6148.204038
176840000,6230.218958
176860000,6254.294281
176880000,6305.539890
176900000,6284.164938
176920000,6294.018092
176940000,5983.040437
176960000,5900.506744
176980000,6199.084998
177000000,6982.851393
177020000,6965.304839
177040000,6970.565774
177060000,7025.685720
177080000,7154.544878
177100000,8309.164406
177120000,8219.679986
177140000,8868.230241
177160000,9021.170407
177180000,9035.942380
177200000,9070.683896
177220000,9124.024669
177240000,9182.565075
177260000,9158.066075
177280000,9488.735687
177300000,9665.412079
177320000,9323.046625
177340000,9443.529114
177360000,9402.417562
177380000,8727.888838
177400000,8657.795744
177420000,8576.337191
177440000,6510.644022
177460000,6792.684962
177480000,6957.083957
177500000,8122.823994
177520000,8172.017984
177540000,9384.475386
177560000,9179.148442
177580000,9042.812286
177600000,9108.848513
177620000,9039.061954
177640000,7027.511802
177660000,7169.616480
177680000,7183.826579
177700000,7191.534297
177720000,7126.114234
177740000,7067.816930
177760000,7118.325289
177780000,6905.978038
177800000,6653.789921
177820000,6647.103450
177840000,6571.121893
177860000,6554.625145
177880000,6300.849768
177900000,6428.686449
177920000,6435.766306
177940000,6400.047081
177960000,6625.066675
177980000,6640.293228
178000000,6853.091347
178020000,6804.255169
178040000,6786.576936
178060000,6935.689757
178080000,6923.088060
178100000,6860.930800
178120000,6809.571536
178140000,6836.805968
178160000,7091.894731
178180000,8150.909208
178200000,8206.049462
178220000,9332.103552
178240000,9419.053013
178260000,9310.841243
178280000,9304.210785
178300000,10330.414823
178320000,10676.241990
178340000,11786.843520
178360000,12033.463358
178380000,9058.733184
178400000,9537.258123
178420000,9599.341250
178440000,9776.397267
178460000,12511.405715
178480000,12490.061938
178500000,12557.624091
178520000,11827.383661
178540000,11886.282319
178560000,11549.480607
178580000,11595.084621
178600000,11029.713489
178620000,10288.606045
178640000,10222.277747
178660000,8675.437425
178680000,8602.792604
178700000,8428.646553
178720000,7939.234560
178740000,8039.664811
178760000,8032.786896
178780000,8092.579046
178800000,8017.165035
178820000,7827.523769
178840000,8698.185167
178860000,8804.402202
178880000,8889.714532
178900000,13863.694674
178920000,13790.253827
178940000,10602.776155
178960000,10597.749619
178980000,10392.784652
179000000,10340.026365
179020000,10560.607212
179040000,10546.981280
179060000,10774.890594
179080000,10791.814401
179100000,10726.082918
179120000,13507.059169
179140000,13705.322019
179160000,13308.121040
179180000,13068.069342
179200000,11961.084906
179220000,11425.780584
179240000,11979.369380
179260000,11803.863159
179280000,11818.756519
179300000,11606.973583
179320000,10248.318198
179340000,10233.521420
179360000,18986.883405
179380000,20294.025512
179400000,20289.581581
179420000,20547.913979
179440000,19879.712115
179460000,19576.406200
179480000,16271.504169
179500000,15380.414004
179520000,15569.029089
179540000,14916.189035
179560000,14561.031298
179580000,14455.189606
179600000,15744.063824
179620000,15466.811738
179640000,17767.076246
179660000,17820.211882
179680000,17733.747635
179700000,21426.783745
179720000,21261.422607
179740000,13487.625572
179760000,9485.165563
179780000,9610.887661
179800000,11909.124910
179820000,11981.750206
179840000,12144.581307
179860000,10272.652399
179880000,10281.668079
179900000,10618.318471
179920000,10606.711386
179940000,8539.423952
179960000,14457.454525
179980000,14811.016168
180000000,14468.121698
180020000,14197.708820
180040000,14708.271168
180060000,14499.615832
180080000,14110.142916
180100000,14135.427702
180120000,12800.731758
180140000,15040.435228
180160000,15391.723452
180180000,15037.769078
180200000,14577.211224
180220000,14610.094944
180240000,14561.302785
180260000,12571.871277
180280000,11130.538526
180300000,17591.557044
180320000,17444.888935
180340000,16229.250185
180360000,16551.612813
180380000,16799.091455
180400000,17102.381466
180420000,17087.811765
180440000,16793.776762
180460000,7887.206719
180480000,7789.547795
180500000,9435.169664
180520000,8327.943116
180540000,8104.437522
180560000,8382.948123
180580000,8405.511061
180600000,7894.919535
180620000,10773.027115
180640000,10690.813023
180660000,11656.364025
180680000,11659.255911
180700000,11435.220822
180720000,11115.339499
180740000,8955.861051
180760000,8403.954592
180780000,8250.493511
180800000,8285.569150
180820000,8060.404465
180840000,7952.330504
180860000,8114.155640
180880000,7917.655465
180900000,8642.237921
180920000,9863.893369
180940000,10255.625879
180960000,9930.381038
180980000,13346.469701
181000000,13710.708123
181020000,14316.241499
181040000,14515.664853
181060000,14817.214285
181080000,15318.130759
181100000,15091.914624
181120000,15084.293012
181140000,14962.610540
181160000,11533.009897
181180000,11542.936926
181200000,11731.621559
181220000,11720.795173
181240000,10429.865018
181260000,10570.412018
181280000,9737.216389
181300000,9775.446327
181320000,8819.947223
181340000,8815.133985
181360000,9285.354220
181380000,9523.377612
181400000,9409.835651
181420000,9587.055765
181440000,9487.076872
181460000,9511.691134
181480000,9590.267997
181500000,10355.536815
181520000,10944.071197
181540000,8906.624075
181560000,8798.688570
181580000,7535.296524
181600000,7622.364596
181620000,6158.748829
181640000,6092.117949
181660000,6026.112755
181680000,6013.352872
181700000,6242.951761
181720000,6250.501486
181740000,7798.203352
181760000,8154.503324
181780000,8042.949779
181800000,8051.418735
181820000,8039.891395
181840000,8462.746489
181860000,8251.712432
181880000,8143.133994
181900000,8111.543586
181920000,8083.229653
181940000,7833.048719
181960000,10726.482987
181980000,10697.337885
182000000,10377.611551
182020000,10197.505610
182040000,9406.221136
182060000,7441.580115
182080000,7864.558439
182100000,10797.129483
182120000,6937.394902
182140000,6876.170546
182160000,6832.978414
182180000,6802.365310
182200000,6837.353844
182220000,6760.594982
182240000,6883.529912
182260000,6864.255814
182280000,7462.537507
182300000,7371.304251
182320000,7610.529692
182340000,7704.112694
182360000,8143.279769
182380000,8479.362973
182400000,10772.037847
182420000,10628.593816
182440000,10572.311263
182460000,10136.892678
182480000,9973.198995
182500000,11263.489962
182520000,11238.721862
182540000,11434.740889
182560000,11254.569565
182580000,11451.614465
182600000,11519.474695
182620000,11449.450022
182640000,11291.830108
182660000,8733.793657
182680000,14850.206199
182700000,14883.889483
182720000,7889.418174
182740000,7910.392395
182760000,7906.816344
182780000,7397.112684
182800000,6697.185657
182820000,6700.311454
182840000,6723.045850
182860000,6738.746279
182880000,6868.313893
182900000,7000.020266
182920000,7012.652320
182940000,7041.480284
182960000,6928.292063
182980000,6421.036968
183000000,11129.977442
183020000,11211.981715
183040000,11177.602810
183060000,11841.098041
183080000,11172.618345
183100000,11105.986850
183120000,11090.970517
183140000,11588.326100
183160000,10007.459746
183180000,9916.214531
183200000,8376.550394
183220000,8275.596056
183240000,8281.567356
183260000,8193.835431
183280000,8182.593430
183300000,8291.038492
183320000,8166.348767
183340000,8098.670736
183360000,11641.597572
183380000,11629.222585
183400000,11418.495639
183420000,11481.357494
183440000,11634.539733
183460000,11430.955425
183480000,8878.794078
183500000,8717.506031
183520000,8594.815785
183540000,8646.147596
183560000,8655.628578
183580000,7854.542991
183600000,6655.856130
183620000,7238.768221
183640000,7281.511484
183660000,7940.997490
183680000,8120.772618
183700000,6605.675196
183720000,7707.628577
183740000,7630.985403
183760000,7009.372513
183780000,8751.250493
183800000,19620.931928
183820000,19274.114933
183840000,15783.375772
183860000,15389.721355
183880000,14675.064202
183900000,12818.828269
183920000,12368.375173
183940000,12176.123359
183960000,6264.902518
183980000,6399.823077
184000000,6457.797025
184020000,6414.091836
184040000,6386.661022
184060000,12412.938906
184080000,10314.418020
184100000,13300.655092
184120000,13921.844368
184140000,13789.155124
184160000,13369.850626
184180000,13420.286937
184200000,13438.782370
184220000,12706.386155
184240000,12773.129112
184260000,15127.909442
184280000,14906.184600
184300000,15209.771326
184320000,9613.218836
184340000,8524.063531
184360000,8734.523820
184380000,8669.842242
184400000,10905.581145
184420000,10279.523011
184440000,10528.775945
184460000,10975.223620
184480000,9512.697470
184500000,9819.221526
184520000,12273.875167
184540000,12212.916973
184560000,8701.843150
184580000,8714.580299
184600000,8708.076731
184620000,8668.537859
184640000,8713.147124
184660000,8664.624481
184680000,8749.185080
184700000,12543.736384
184720000,10045.948004
184740000,9742.693731
184760000,10132.684467
184780000,10241.937641
184800000,9664.565474
184820000,9529.794007
184840000,9583.257457
184860000,8668.374360
184880000,9939.832473
184900000,9750.869874
184920000,10284.209524
184940000,10336.514010
184960000,10283.872785
184980000,9980.632429
185000000,10050.156270
185020000,9961.378650
185040000,10126.131158
185060000,10317.576879
185080000,10313.032193
185100000,10354.614716
185120000,7103.782556
185140000,7033.861669
185160000,7074.099490
185180000,7025.258831
185200000,6732.563062
185220000,6737.544173
185240000,6597.711289
185260000,6439.072264
185280000,20478.492114
185300000,11528.561085
185320000,10879.526870
185340000,11012.857124
185360000,7627.030502
185380000,7576.720525
185400000,7723.240313
185420000,8355.303966
185440000,8515.847362
185460000,8541.354518
185480000,9023.221558
185500000,9000.223974
185520000,8899.429850
185540000,10486.056756
185560000,9427.576784
185580000,9528.527530
185600000,9557.228607
185620000,9979.400282
185640000,10558.331155
185660000,10717.579990
185680000,9726.910842
185700000,8607.317325
185720000,8607.215539
185740000,8661.544375
185760000,8489.488959
185780000,8640.134063
185800000,9151.365736
185820000,9610.038669
185840000,9437.949624
185860000,9679.270230
185880000,9664.304906
185900000,9927.103357
185920000,9832.260236
185940000,5662.941068
185960000,6661.875416
185980000,11694.730123
186000000,8131.068875
186020000,8211.829539
186040000,8212.295210
186060000,16539.471302
186080000,16349.731578
186100000,9033.223409
186120000,8965.402949
186140000,8973.868496
186160000,8880.472735
186180000,8930.574399
186200000,8928.467712
186220000,8912.574279
186240000,11220.681546
186260000,9096.175996
186280000,14045.948545
186300000,14142.010149
186320000,8600.284961
186340000,8579.787496
186360000,11907.469513
186380000,12177.323509
186400000,12905.512158
186420000,12881.385728
186440000,14959.819378
186460000,14891.034570
186480000,15134.710976
186500000,15185.346387
186520000,14908.424279
186540000,14582.608374
186560000,9686.210217
186580000,9821.845442
186600000,9499.387779
186620000,9318.434548
186640000,9260.487970
186660000,9047.658208
186680000,9039.501630
186700000,8586.380332
186720000,8845.813213
186740000,8651.782879
186760000,8794.334893
186780000,9062.733763
186800000,11010.464499
186820000,11205.953571
186840000,11268.788064
186860000,9319.893929
186880000,8383.316127
186900000,8298.455178
186920000,8247.266710
186940000,8361.478351
186960000,8379.532909
186980000,8378.890691
187000000,8258.452343
187020000,8358.062916
187040000,8259.743441
187060000,8145.088026
187080000,7988.714033
187100000,7803.400802
187120000,7871.078405
187140000,8106.018748
187160000,8228.539200
187180000,8121.848894
187200000,7827.648672
187220000,7955.611235
187240000,7480.806178
187260000,7841.009100
187280000,7888.463197
187300000,7340.481154
187320000,10042.509919
187340000,10175.028951
187360000,10228.218060
187380000,10169.310527
187400000,10543.625951
187420000,10461.849132
187440000,7838.902842
187460000,8212.188218
187480000,8220.378367
187500000,8353.474298
187520000,8521.389768
187540000,9580.882940
187560000,8840.228299
187580000,8482.431037
187600000,8775.300233
187620000,11493.586117
187640000,10875.662327
187660000,10893.698307
187680000,10886.614357
187700000,10781.669435
187720000,10863.829155
187740000,10848.811069
187760000,10782.939872
187780000,10851.321920
187800000,10776.030280
187820000,10921.024211
187840000,10965.816327
187860000,10072.380467
187880000,9890.593293
187900000,13233.357541
187920000,13375.411960
187940000,13438.733520
187960000,13172.709668
187980000,13292.028574
188000000,13195.060732
188020000,13142.073093
188040000,13403.459507
188060000,10841.725551
188080000,11146.114893
188100000,10907.399236
188120000,10880.198455
188140000,10897.487813
188160000,7155.428261
188180000,7230.295979
188200000,7086.492347
188220000,7147.050911
188240000,7211.357018
188260000,7177.124838
188280000,7076.065687
188300000,7055.441536
188320000,7025.575246
188340000,7110.270358
188360000,7310.175278
188380000,6330.133160
188400000,6426.496176
188420000,5842.590269
188440000,6008.717204
188460000,5989.060310
188480000,6044.287279
188500000,6029.206384
188520000,5980.468926
188540000,6048.598769
188560000,5950.602439
188580000,5972.860569
188600000,6455.972877
188620000,6369.378543
188640000,5648.092607
188660000,5703.505532
188680000,5494.967082
188700000,7211.511067
188720000,7672.088540
188740000,7796.069721
188760000,8550.588974
188780000,8531.005547
188800000,8551.529889
188820000,8420.828017
188840000,8241.374974
188860000,8296.892070
188880000,8366.407551
188900000,10938.487439
188920000,10484.582458
188940000,10716.063391
188960000,10514.420853
188980000,11171.431172
189000000,12074.905361
189020000,11946.071185
189040000,12211.304530
189060000,8520.412115
189080000,8372.208631
189100000,8442.699253
189120000,8174.025302
189140000,8122.938539
189160000,7823.892249
189180000,7837.595695
189200000,7508.608887
189220000,8541.364734
189240000,8858.133080
189260000,8851.633401
189280000,8740.361340
189300000,9682.846581
189320000,9960.998641
189340000,10340.842111
189360000,10323.766229
189380000,10196.988279
189400000,9890.933767
189420000,8860.294660
189440000,8903.570185
189460000,8860.954747
189480000,8664.948819
189500000,10377.975973
189520000,11775.205364
189540000,8053.601607
189560000,7981.881683
189580000,8897.171732
189600000,9256.447800
189620000,9221.520059
189640000,16041.891587
189660000,11222.640654
189680000,11310.038263
189700000,10507.980765
189720000,10459.593346
189740000,10467.999412
189760000,9958.388931
189780000,9744.068835
189800000,13830.270341
189820000,13805.490923
189840000,13755.515589
189860000,13406.699514
189880000,19812.994362
189900000,19570.522682
189920000,13878.881192
189940000,13575.375762
189960000,13680.661221
189980000,12731.290095
190000000,10863.644652
190020000,10788.203434
190040000,10688.334499
190060000,12031.384291
190080000,12446.898299
190100000,12790.598366
190120000,12194.261658
190140000,12243.574137
190160000,12135.149824
190180000,12150.887281
190200000,19221.027847
190220000,19195.205536
190240000,22383.383287
190260000,19205.326924
190280000,17722.336597
190300000,15849.447455
190320000,15882.889867
190340000,16038.393453
190360000,15675.678327
190380000,15048.579527
190400000,15632.263453
190420000,15491.045699
190440000,15452.757272
190460000,15152.607820
190480000,15359.561101
190500000,10435.893593
190520000,10495.853185
190540000,10337.754819
190560000,10443.452425
190580000,9538.896047
190600000,9678.044522
190620000,11450.836043
190640000,11257.465797
190660000,11447.865075
190680000,11817.007358
190700000,9448.644500
190720000,9152.862616
190740000,13400.584502
190760000,13272.395198
190780000,13276.185323
190800000,13478.828751
190820000,14378.610946
190840000,12627.048838
190860000,12601.572598
190880000,12814.590439
190900000,9778.067868
190920000,9888.702050
190940000,10518.225237
190960000,11796.147343
190980000,11334.682176
191000000,11741.049900
191020000,8935.454964
191040000,8813.674355
191060000,8927.137684
191080000,8672.692611
191100000,8555.898846
191120000,14222.004714
191140000,13108.450975
191160000,13355.234940
191180000,13118.234941
191200000,14438.200700
191220000,13984.665969
191240000,14150.990040
191260000,14145.882759
191280000,14110.702721
191300000,10520.563081
191320000,11427.711900
191340000,11801.900932
191360000,11543.069704
191380000,15994.790430
191400000,10097.262182
191420000,10170.113279
191440000,11813.487070
191460000,12141.117703
191480000,14039.315654
191500000,14174.419519
191520000,14124.245509
191540000,14105.711901
191560000,14427.585825
191580000,14395.194841
191600000,14409.038169
191620000,14435.820269
191640000,15567.800093
191660000,17478.097487
191680000,17285.336018
191700000,17399.582119
191720000,17234.126460
191740000,7804.218110
191760000,7747.172754
191780000,7665.652982
191800000,9668.104258
191820000,8232.920595
191840000,8279.889744
191860000,8201.322079
191880000,8209.545061
191900000,8344.272294
191920000,8267.693374
191940000,8103.459363
191960000,9030.261911
191980000,16886.133958
192000000,16719.479576
192020000,15481.594371
192040000,15170.347275
192060000,14432.010152
192080000,14574.641139
192100000,14636.594674
192120000,14911.799590
192140000,15136.304906
192160000,13600.369126
192180000,17892.292203
192200000,18475.158197
192220000,7735.508655
192240000,8765.924980
192260000,6116.777629
192280000,6291.926712
192300000,6635.291279
192320000,6632.354900
192340000,6724.434912
192360000,6932.806669
192380000,6883.907498
192400000,8862.722325
192420000,8844.967696
192440000,9669.154752
192460000,9587.710312
192480000,9341.562858
192500000,9546.237698
192520000,9344.634575
192540000,9289.227169
192560000,10701.463398
192580000,11264.028347
192600000,10384.761921
192620000,7250.312581
192640000,7116.804298
192660000,7754.795859
192680000,8640.277891
192700000,9351.432389
192720000,9363.720964
192740000,9110.348459
192760000,9173.276187
192780000,8559.306992
192800000,7700.055722
192820000,12977.693196
192840000,12213.921826
192860000,14615.600653
192880000,14379.278895
192900000,16208.119287
192920000,16279.048289
192940000,15905.238270
192960000,15932.300597
192980000,15883.167721
193000000,10583.875251
193020000,10547.891196
193040000,10536.740333
193060000,10186.837232
193080000,10150.913420
193100000,10432.646389
193120000,10234.536141
193140000,10573.364983
193160000,11894.081988
193180000,11720.762820
193200000,11676.515085
193220000,11384.779394
193240000,11505.305398
193260000,11727.952211
193280000,10336.549449
193300000,10251.465985
193320000,9832.056172
193340000,8413.453259
193360000,8289.718577
193380000,8345.326967
193400000,11016.448668
193420000,10833.511444
193440000,10820.669153
193460000,11030.443775
193480000,11309.827960
193500000,11135.367965
193520000,11034.465472
193540000,15682.272643
193560000,15411.230096
193580000,15300.432836
193600000,16815.647270
193620000,16797.874478
193640000,16815.748420
193660000,19207.970811
193680000,15679.228543
193700000,15733.718161
193720000,15131.114202
193740000,15379.060735
193760000,14076.532734
193780000,14345.908707
193800000,13944.406117
193820000,14353.827572
193840000,15778.753727
193860000,14144.301716
193880000,14079.157879
193900000,14243.893534
193920000,6944.806696
193940000,6858.285354
193960000,8116.537046
193980000,8318.850301
194000000,8625.441698
194020000,8610.252006
194040000,7841.230254
194060000,7829.384264
194080000,7774.337333
194100000,8831.981904
194120000,7392.445554
194140000,7196.708149
194160000,7074.402643
194180000,6098.612776
194200000,5925.290337
194220000,6040.940362
194240000,6297.840650
194260000,6273.684903
194280000,6360.036853
194300000,6340.582533
194320000,9414.357074
194340000,11049.635363
194360000,10681.778954
194380000,8550.337403
194400000,8490.937126
194420000,8278.230202
194440000,8208.506919
194460000,8273.515376
194480000,8261.237846
194500000,8209.976015
194520000,8223.720503
194540000,8136.003400
194560000,8178.356624
194580000,8173.565072
194600000,8314.917612
194620000,8659.713051
194640000,8699.735368
194660000,8722.997440
194680000,8441.019040
194700000,8283.201804
194720000,8141.711317
194740000,8096.161651
194760000,8216.148546
194780000,9608.197337
194800000,11441.925425
194820000,16852.744248
194840000,13520.967418
194860000,13609.548024
194880000,13029.921835
194900000,12273.472258
194920000,10900.776892
194940000,14257.999347
194960000,14349.506247
194980000,13808.697741
195000000,15050.412167
195020000,17139.625849
195040000,17420.099276
195060000,10935.865944
195080000,10846.801970
195100000,9748.814034
195120000,9099.577361
195140000,10213.001429
195160000,10173.402158
195180000,10267.721534
195200000,10542.308820
195220000,12117.267755
195240000,11940.144108
195260000,11446.369635
195280000,11609.459050
195300000,11559.897233
195320000,12639.554758
195340000,12630.086432
195360000,12281.357259
195380000,12095.588416
195400000,12051.949275
195420000,12183.103945
195440000,12330.714995
195460000,12419.953425
195480000,12392.234404
195500000,11094.017687
195520000,11951.490007
195540000,10486.069735
195560000,10494.663994
195580000,10447.133412
195600000,10316.898101
195620000,9176.039187
195640000,9089.039296
195660000,9051.388642
195680000,9287.526602
195700000,8957.246512
195720000,8925.966590
195740000,8402.888120
195760000,8593.963104
195780000,8748.053569
195800000,8854.647517
195820000,8495.302576
195840000,8383.401486
195860000,10165.275762
195880000,11275.410398
195900000,11073.582795
195920000,11306.831454
195940000,11005.712852
195960000,13174.134491
195980000,11683.658884
196000000,12114.289274
196020000,11555.812899
196040000,11536.562361
196060000,10016.332235
196080000,9550.737217
196100000,10409.863731
196120000,10347.076295
196140000,9335.376014
196160000,10338.593247
196180000,10454.526308
196200000,15641.541622
196220000,13213.851431
196240000,9350.563759
196260000,9150.691847
196280000,9781.677620
196300000,9446.573785
196320000,8879.075118
196340000,12688.311731
196360000,12836.042010
196380000,13107.684706
196400000,12627.035068
196420000,12638.982798
196440000,12695.018320
196460000,12530.814205
196480000,10841.549316
196500000,10474.893069
196520000,11771.844178
196540000,11499.000737
196560000,11488.339695
196580000,11018.355169
196600000,11167.482175
196620000,11116.719983
196640000,9463.540697
196660000,10989.128068
196680000,9660.188723
196700000,9551.405478
196720000,9569.448896
196740000,9275.772475
196760000,9947.231323
196780000,10230.127568
196800000,10185.897413
196820000,7808.373742
196840000,7804.418615
196860000,7724.500586
196880000,7682.606069
196900000,7575.379089
196920000,7625.421641
196940000,5540.386562
196960000,7517.148031
196980000,7394.982479
197000000,7571.167775
197020000,7826.513056
197040000,7025.675720
197060000,7503.451588
197080000,13534.634752
197100000,15212.486177
197120000,15270.692166
197140000,24077.559041
197160000,14199.868210
197180000,12543.570891
197200000,12584.592095
197220000,12894.155325
197240000,12792.419143
197260000,10981.778319
197280000,12175.285636
197300000,12185.007513
197320000,12500.563877
197340000,12202.498574
197360000,11792.219195
197380000,11935.298356
197400000,11891.648400
197420000,11990.359866
197440000,9378.180984
197460000,10786.820065
197480000,10947.861515
197500000,13062.985581
197520000,14484.865315
197540000,9921.622029
197560000,10010.991218
197580000,10053.019271
197600000,11504.126303
197620000,12759.860968
197640000,10437.157663
197660000,11022.818088
197680000,9213.040759
197700000,9150.944151
197720000,11406.504199
197740000,11073.480702
197760000,13235.291149
197780000,10885.728649
197800000,11313.530092
197820000,14789.098409
197840000,14769.086194
197860000,16045.743554
197880000,18107.442093
197900000,18560.838781
197920000,18806.732013
197940000,12696.423585
197960000,12671.393227
197980000,12311.084526
198000000,12594.182440
198020000,12776.347512
198040000,9555.101798
198060000,9531.938971
198080000,9539.356134
198100000,9087.140958
198120000,9133.518582
198140000,7311.343930
198160000,8774.018177
198180000,8197.830865
198200000,8131.274494
198220000,7923.294461
198240000,5846.952391
198260000,5773.153552
198280000,7903.090902
198300000,8036.241261
198320000,8008.819923
198340000,7972.845262
198360000,7953.404658
198380000,13005.936241
198400000,12953.266039
198420000,8307.617701
198440000,8334.181104
198460000,6996.442768
198480000,7504.528965
198500000,6878.326297
198520000,6762.314763
198540000,6800.301472
198560000,6880.244538
198580000,7072.635353
198600000,7084.752950
198620000,7008.633841
198640000,6752.518433
198660000,7445.675191
198680000,7605.856882
198700000,7699.492339
198720000,8299.999596
198740000,8445.632449
198760000,8020.232197
198780000,8689.706026
198800000,12475.934478
198820000,12676.184193
198840000,16109.991604
198860000,15848.820801
198880000,15586.051282
198900000,15466.724041
198920000,15668.530058
198940000,15828.151811
198960000,15172.055552
198980000,15144.008991
199000000,15858.862236
199020000,13831.914380
199040000,8829.603874
199060000,7768.781550
199080000,8118.959951
199100000,7923.671188
199120000,10247.643010
199140000,10293.307200
199160000,10135.245650
199180000,9448.744933
199200000,7728.844296
199220000,7879.031538
199240000,7840.039414
199260000,7819.932996
199280000,7763.666398
199300000,7716.111299
199320000,8504.510971
199340000,8566.538474
199360000,8395.094121
199380000,8452.838426
199400000,14048.768822
199420000,13981.199382
199440000,12522.767332
199460000,13278.468379
199480000,13133.434376
199500000,12982.671705
199520000,14720.002552
199540000,14299.312367
199560000,13985.198282
199580000,14018.602831
199600000,14460.737569
199620000,14262.112093
199640000,10670.440908
199660000,9272.891352
199680000,8772.420209
199700000,8833.693274
199720000,8920.928176
199740000,12259.128588
199760000,12014.114104
199780000,12028.790894
199800000,12921.720599
199820000,13136.490545
199840000,13009.047938
199860000,8617.382947
199880000,9644.960531
199900000,9824.618288
199920000,9837.799560
199940000,9942.816630
199960000,10613.077029
199980000,10671.836174
200000000,10497.468229
200020000,10395.981363
200040000,10258.786820
200060000,10177.437031
200080000,10141.901893
200100000,10093.257070
200120000,9591.294032
200140000,9685.723938
200160000,9907.219271
200180000,10291.287518
200200000,13457.694833
200220000,13245.616878
200240000,13615.320720
200260000,14049.958001
200280000,12607.904926
200300000,8809.416704
200320000,11922.468587
200340000,11919.285750
200360000,12532.679436
200380000,12794.874214
200400000,12643.046529
200420000,15327.381764
200440000,12366.045263
200460000,12224.184342
200480000,9854.055646
200500000,9830.735118
200520000,11162.791565
200540000,9225.325801
200560000,9476.780491
200580000,9739.819611
200600000,10163.355657
200620000,10002.103992
200640000,9927.377628
200660000,10063.401750
200680000,6592.491233
200700000,6606.018156
200720000,6395.450903
200740000,8145.915295
200760000,8181.986123
200780000,8156.174127
200800000,7932.059684
200820000,8511.025438
200840000,8509.575923
200860000,8500.095374
200880000,8736.749236
200900000,9007.226402
200920000,9244.014073
200940000,9152.688044
200960000,9237.020867
200980000,9267.024903
201000000,10287.517385
201020000,10469.334585
201040000,11534.818947
201060000,6901.833962
201080000,7102.347842
201100000,7322.907208
201120000,7377.010693
201140000,7100.386084
201160000,7250.405400
201180000,7161.934121
201200000,7236.301871
201220000,7001.340972
201240000,6974.526132
201260000,6996.142090
201280000,7412.210967
201300000,7461.560474
201320000,7425.737983
201340000,9460.781714
201360000,9818.893545
201380000,13528.026787
201400000,9917.688492
201420000,10496.926760
201440000,10193.713435
201460000,10079.798348
201480000,9110.278704
201500000,9291.634283
201520000,10041.875815
201540000,9538.129766
201560000,9426.263459
201580000,8039.518158
201600000,8062.665212
201620000,7590.298699
201640000,7498.131737
201660000,7844.788202
201680000,7880.682148
201700000,7824.194482
201720000,8050.190073
201740000,8153.421332
201760000,8666.599515
201780000,8385.558931
201800000,9578.941257
201820000,9119.725183
201840000,9339.932362
201860000,10082.346899
201880000,10306.289052
201900000,10392.290230
201920000,10507.824660
201940000,22675.134908
201960000,22841.796674
201980000,21985.216478
202000000,22046.034522
202020000,21988.567071
202040000,21672.907383
202060000,21307.638165
202080000,20713.008175
202100000,20565.775681
202120000,16605.015807
202140000,15375.033245
202160000,15063.120081
202180000,15515.739614
202200000,15388.050148
202220000,13086.791754
202240000,13024.428252
202260000,10403.583146
202280000,10359.600583
202300000,10654.605490
202320000,10531.632316
202340000,10496.216047
202360000,10206.625862
202380000,10215.852217
202400000,13509.615574
202420000,13257.392621
202440000,13488.239406
202460000,9174.547157
202480000,8924.357443
202500000,9225.831876
202520000,9187.335297
202540000,7831.123131
202560000,16513.874720
202580000,17865.865692
202600000,18294.513441
202620000,13397.873368
202640000,8179.656251
202660000,8115.685301
202680000,7774.741878
202700000,7731.034993
202720000,8073.439654
202740000,7910.544376
202760000,8278.426883
202780000,8185.523044
202800000,7619.569359
202820000,7651.616128
202840000,10649.698492
202860000,9292.411361
202880000,9278.022966
202900000,9408.699157
202920000,9412.693231
202940000,9248.129620
202960000,9828.960565
202980000,9631.708176
203000000,9709.126777
203020000,9800.974858
203040000,9877.478047
203060000,9726.836344
203080000,10634.811459
203100000,10671.397902
203120000,11242.630111
203140000,9255.667272
203160000,9206.714873
203180000,9493.217867
203200000,10644.824813
203220000,20422.802514
203240000,22013.473291
203260000,16870.147692
203280000,17125.946327
203300000,16500.399935
203320000,16621.514431
203340000,11208.881980
203360000,11091.914722
203380000,11110.248056
203400000,11551.579336
203420000,12119.638886
203440000,12140.445822
203460000,11922.949729
203480000,11698.249135
203500000,11354.571424
203520000,11450.519794
203540000,11611.699023
203560000,10501.827951
203580000,10528.639973
203600000,11358.650289
203620000,9772.042138
203640000,10860.682647
203660000,10892.537155
203680000,10920.504918
203700000,10822.758212
203720000,10940.873923
203740000,10930.077546
203760000,10935.391982
203780000,11198.967134
203800000,15728.753595
203820000,15294.043112
203840000,14835.986450
203860000,10015.826937
203880000,9656.319062
203900000,9683.285774
203920000,10087.759253
203940000,9877.380703
203960000,9820.090507
203980000,9791.233144
204000000,10482.742491
204020000,10759.212905
204040000,10601.749749
204060000,10717.019974
204080000,9033.792636
204100000,8893.317460
204120000,8873.031037
204140000,8977.308118
204160000,9696.712540
204180000,10097.517663
204200000,10133.682150
204220000,10166.974202
204240000,10114.986147
204260000,11089.593207
204280000,10913.962718
204300000,10042.705420
204320000,10072.245054
204340000,9942.578889
204360000,10022.050753
204380000,9938.345980
204400000,12231.054365
204420000,17700.201251
204440000,18108.411726
204460000,11271.848383
204480000,10759.105226
204500000,10582.072582
204520000,10906.714991
204540000,11393.827172
204560000,14713.696972
204580000,14985.288864
204600000,9898.805671
204620000,11386.939436
204640000,12493.899094
204660000,12483.279074
204680000,16119.809945
204700000,15848.597317
204720000,18214.553735
204740000,18197.220863
204760000,17502.921046
204780000,17932.974068
204800000,12624.307148
204820000,12640.736661
204840000,12816.872424
204860000,22055.150429
204880000,10701.003189
204900000,10641.039745
204920000,10798.582081
204940000,11528.552036
204960000,11644.598434
204980000,11954.271823
205000000,11989.692767
205020000,15322.230103
205040000,13618.750642
205060000,12414.684455
205080000,13358.980155
205100000,13446.189167
205120000,13658.539662
205140000,15624.672304
205160000,13542.164160
205180000,13413.465918
205200000,14129.565549
205220000,9953.292901
205240000,9789.450403
205260000,9579.824592
205280000,9618.734898
205300000,9320.968379
205320000,9485.836110
205340000,10817.739776
205360000,10661.671801
205380000,9695.634082
205400000,9759.743721
205420000,9381.079697
205440000,9494.743873
205460000,9645.883837
205480000,9453.154858
205500000,10176.350577
205520000,10109.944930
205540000,10156.009003
205560000,10350.985280
205580000,11885.815037
205600000,11676.806184
205620000,11575.114102
205640000,11494.581041
205660000,12350.633932
205680000,10478.520356
205700000,10529.643249
205720000,10526.247354
205740000,10521.512666
205760000,10914.679998
205780000,10050.370251
205800000,10104.069241
205820000,8647.893100
205840000,8454.865734
205860000,8336.655712
205880000,8904.921490
205900000,9020.267897
205920000,15283.260972
205940000,15362.843642
205960000,12789.099687
205980000,11805.991786
206000000,11951.175088
206020000,11949.943446
206040000,11806.911089
206060000,8695.509042
206080000,8677.828253
206100000,8609.025385
206120000,8348.228265
206140000,8072.451909
206160000,11302.917980
206180000,11092.808473
206200000,10610.197146
206220000,10262.702705
206240000,10440.129361
206260000,10519.653891
206280000,10073.186830
206300000,10438.822897
206320000,11239.264743
206340000,11084.359691
206360000,8302.451741
206380000,7181.193789
206400000,7581.898872
206420000,7563.357127
206440000,7823.976721
206460000,7681.060077
206480000,7811.091964
206500000,8494.406135
206520000,8476.370651
206540000,8457.487565
206560000,8505.664014
206580000,8662.244143
206600000,8959.430604
206620000,8391.479182
206640000,8436.794359
206660000,8617.397480
206680000,8806.888512
206700000,8672.397286
206720000,8727.850011
206740000,10704.445329
206760000,11828.567634
206780000,11504.065348
206800000,11845.348415
206820000,11935.265898
206840000,12119.530793
206860000,12237.490503
206880000,11880.363996
206900000,12226.221130
206920000,12041.205676
206940000,11987.998481
206960000,9158.728438
206980000,9284.199702
207000000,8560.046701
207020000,8430.436626
207040000,9956.944913
207060000,8680.005474
207080000,8762.677491
207100000,16598.367382
207120000,16411.819024
207140000,16895.628658
207160000,16806.753690
207180000,16400.086091
207200000,15825.754740
207220000,15365.983691
207240000,11212.565371
207260000,11258.133503
207280000,18670.015065
207300000,18619.571994
207320000,18899.582520
207340000,20213.145304
207360000,20395.903938
207380000,20422.894978
207400000,19797.437786
207420000,12818.560745
207440000,12623.145786
207460000,12650.813873
207480000,12656.180945
207500000,12488.847899
207520000,12331.671807
207540000,12404.255735
207560000,12381.789757
207580000,11150.938052
207600000,11264.451584
207620000,11503.202802
207640000,12101.063050
207660000,11964.837626
207680000,11872.202793
207700000,12136.629514
207720000,9564.169128
207740000,9976.377516
207760000,10816.909667
207780000,11405.942509
207800000,10897.307036
207820000,11000.154560
207840000,11080.745504
207860000,10167.945759
207880000,10502.582106
207900000,13766.689120
207920000,13303.820927
207940000,13090.588690
207960000,12170.482244
207980000,12175.685293
208000000,12409.968506
208020000,12024.413664
208040000,12214.681949
208060000,10001.265569
208080000,9781.949447
208100000,9918.517435
208120000,9725.657202
208140000,9585.433608
208160000,10513.328476
208180000,11080.409644
208200000,10673.582836
208220000,10955.230631
208240000,11190.638133
208260000,11231.362461
208280000,11242.605264
208300000,11214.914457
208320000,11219.002255
208340000,12559.564562
208360000,12727.656557
208380000,12643.784753
208400000,13563.323315
208420000,9544.968203
208440000,9827.470304
208460000,10023.659262
208480000,8095.401903
208500000,12293.795929
208520000,11328.803757
208540000,12013.650015
208560000,9695.123172
208580000,9642.084181
208600000,9863.735014
208620000,9993.609071
208640000,9831.478175
208660000,9992.912666
208680000,9814.524522
208700000,9953.966122
208720000,9707.573535
208740000,9749.898728
208760000,9830.678370
208780000,9734.117720
208800000,9238.978393
208820000,9350.391227
208840000,5941.187722
208860000,5921.227830
208880000,6435.730526
208900000,5687.278603
208920000,5749.789415
208940000,6704.278862
208960000,6776.725152
208980000,6770.937245
209000000,6845.030981
209020000,7966.548921
209040000,8707.321372
209060000,8220.379658
209080000,8362.128315
209100000,8262.661062
209120000,7755.875628
209140000,7755.151444
209160000,7702.906279
209180000,7766.399266
209200000,13162.917567
209220000,13218.785798
209240000,8448.142606
209260000,8761.229953
209280000,8769.716720
209300000,8831.838579
209320000,8798.088890
209340000,8694.428434
209360000,8642.554014
209380000,8822.635571
209400000,13831.075100
209420000,14119.575512
209440000,14051.936470
209460000,15053.211881
209480000,14646.260647
209500000,14903.589217
209520000,15001.776419
209540000,14857.243655
209560000,14818.835187
209580000,14631.791081
209600000,14484.056664
209620000,14383.030473
209640000,14854.817243
209660000,11202.776689
209680000,11214.083769
209700000,11039.266212
209720000,11048.583419
209740000,11202.733325
209760000,9915.375691
209780000,9443.121137
209800000,9850.341075
209820000,9878.143542
209840000,7988.097505
209860000,8195.507038
209880000,8206.070037
209900000,8233.189864
209920000,10654.151510
209940000,10547.716398
209960000,9874.364241
209980000,9836.484944
210000000,10162.453603
210020000,10073.719800
210040000,10043.645761
210060000,13498.204215
210080000,14245.626272
210100000,13751.268445
210120000,14248.049350
210140000,9161.799625
210160000,9027.165145
210180000,9249.670828
210200000,9116.570130
210220000,9067.214245
210240000,9233.469982
210260000,10329.938021
210280000,12968.130622
210300000,8854.765736
210320000,8729.764312
210340000,8357.749216
210360000,8225.571950
210380000,8470.286067
210400000,8502.497393
210420000,8390.717311
210440000,8544.334692
210460000,8150.400120
210480000,6722.906832
210500000,6764.345099
210520000,7015.716789
210540000,7069.172412
210560000,7010.296596
210580000,6959.478699
210600000,6836.120497
210620000,6845.321366
210640000,6880.234831
210660000,6814.654073
210680000,6870.882585
210700000,6782.232846
210720000,6704.659354
210740000,6664.216326
210760000,6777.512671
210780000,7417.144650
210800000,7531.270933
210820000,7510.167295
210840000,7451.757394
210860000,8334.135793
210880000,7598.851670
210900000,7688.548950
210920000,8909.034436
210940000,8715.003891
210960000,8826.350850
210980000,8780.932912
211000000,8987.060295
211020000,9002.963591
211040000,8736.984587
211060000,8891.576092
211080000,9027.614478
211100000,8694.684568
211120000,8288.075380
211140000,7875.378966
211160000,7737.595787
211180000,7908.111615
211200000,7984.555694
211220000,8228.186174
211240000,8265.651515
211260000,8324.601097
211280000,10169.785604
211300000,10194.871464
211320000,10059.735355
211340000,13944.197964
211360000,15324.542517
211380000,10783.160725
211400000,10945.255879
211420000,6519.835371
211440000,6501.129725
211460000,6562.563515
211480000,7196.250698
211500000,7389.841813
211520000,7876.101555
211540000,7426.558474
211560000,8413.445554
211580000,8258.744803
211600000,8292.992365
211620000,8044.945162
211640000,7979.266331
211660000,6937.343233
211680000,6959.270971
211700000,7090.188798
211720000,6618.420085
211740000,6583.317388
211760000,7027.199298
211780000,7216.776226
211800000,6776.643225
211820000,7957.012319
211840000,8027.786125
211860000,8874.617815
211880000,8868.282308
211900000,8976.842767
211920000,8635.584560
211940000,8605.077733
211960000,12430.208888
211980000,12386.037199
212000000,13671.429415
212020000,12995.912947
212040000,13012.131820
212060000,12801.021988
212080000,11463.005509
212100000,11489.208375
212120000,11515.472668
212140000,11133.599215
212160000,11029.242867
212180000,11773.981807
212200000,11866.660247
212220000,12673.064615
212240000,12255.221109
212260000,8008.087465
212280000,8049.272970
212300000,7602.665771
212320000,12002.623492
212340000,12234.228268
212360000,15193.320078
212380000,15478.878171
212400000,16462.452630
212420000,15866.347899
212440000,14480.286315
212460000,14800.728714
212480000,7500.436105
212500000,12940.000987
212520000,14554.101199
212540000,13863.467888
212560000,13652.010499
212580000,13430.232757
212600000,12665.715130
212620000,12549.134035
212640000,12329.358828
212660000,14472.699275
212680000,14593.839261
212700000,8383.994467
212720000,8364.232706
212740000,7312.049033
212760000,8006.020036
212780000,8512.579695
212800000,9731.589417
212820000,9647.412920
212840000,9830.924570
212860000,10190.955210
212880000,9986.021163
212900000,12697.510685
212920000,13290.639908
212940000,13494.709695
212960000,10922.052276
212980000,10999.941934
213000000,12460.123877
213020000,10484.574653
213040000,10196.020126
213060000,9761.954523
213080000,9808.007387
213100000,9112.376683
213120000,9004.780242
213140000,8854.643867
213160000,10302.957416
213180000,10492.471541
213200000,10167.354561
213220000,10202.982524
213240000,10204.169384
213260000,8974.170905
213280000,11205.160811
213300000,10950.836178
213320000,15025.522719
213340000,8081.468664
213360000,7992.146179
213380000,7928.957006
213400000,8246.083032
213420000,7636.775876
213440000,7498.637490
213460000,7390.530466
213480000,7558.471380
213500000,8802.283091
213520000,7742.148175
213540000,7726.618422
213560000,7727.734703
213580000,7797.999864
213600000,7299.093828
213620000,9266.404919
213640000,8770.631363
213660000,9253.328393
213680000,8933.246058
213700000,9101.349280
213720000,9271.535525
213740000,9045.674246
213760000,9044.178960
213780000,8936.969105
213800000,8825.085372
213820000,9067.978351
213840000,9027.927877
213860000,9147.597791
213880000,7584.127849
213900000,6389.061823
213920000,6206.331598
213940000,6249.298126
213960000,6348.012198
213980000,6276.814255
214000000,6248.612781
214020000,6328.188645
214040000,6454.482610
214060000,6615.802540
214080000,6643.207374
214100000,6090.860916
214120000,7893.690803
214140000,7802.987093
214160000,8724.553807
214180000,8922.166080
214200000,8738.900550
214220000,9243.483714
214240000,7662.174518
214260000,8000.270872
214280000,7710.492610
214300000,7497.907890
214320000,7482.778659
214340000,14048.953544
214360000,13868.462614
214380000,13929.581180
214400000,14108.513285
214420000,14094.410258
214440000,14232.867304
214460000,15236.628283
214480000,15475.364797
214500000,14890.686577
214520000,11768.238863
214540000,11421.084085
214560000,11202.330851
214580000,10887.977362
214600000,10916.066133
214620000,10778.038919
214640000,10742.550642
214660000,10770.356490
214680000,8758.500923
214700000,8741.708473
214720000,9445.048317
214740000,9326.398600
214760000,8005.711133
214780000,9865.620805
214800000,9134.242716
214820000,8488.913689
214840000,8481.087903
214860000,8600.183172
214880000,9710.427197
214900000,9653.876320
214920000,11664.570726
214940000,18209.819290
214960000,18359.115221
214980000,18326.101481
215000000,18649.146581
215020000,18768.412568
215040000,20009.022493
215060000,19777.675879
215080000,20090.332467
215100000,20044.823364
215120000,19089.791190
215140000,9130.792533
215160000,8682.030616
215180000,10483.594386
215200000,10530.284851
215220000,11184.762351
215240000,11669.456391
215260000,11542.198062
215280000,15608.372555
215300000,15826.822687
215320000,8644.561818
215340000,8688.988623
215360000,10044.176202
215380000,9465.927122
215400000,9648.285420
215420000,8326.705415
215440000,8228.174296
215460000,7908.719425
215480000,7989.816197
215500000,8059.017377
215520000,8033.986344
215540000,10509.801643
215560000,11390.117260
215580000,13522.627705
215600000,13243.046608
215620000,11805.801455
215640000,11860.612363
215660000,10533.160423
215680000,10491.393504
215700000,10698.505516
215720000,10920.817357
215740000,11047.538987
215760000,9670.949363
215780000,10080.695406
215800000,11397.090611
215820000,11634.955139
215840000,13032.624787
215860000,13545.926086
215880000,13327.601548
215900000,13258.066428
215920000,13013.492610
215940000,13042.873483
215960000,13161.857694
215980000,14397.132083
216000000,14224.396708
216020000,12084.422739
216040000,12017.455233
216060000,11851.549412
216080000,9810.134189
216100000,9348.319635
216120000,9407.047937
216140000,9616.304484
216160000,12251.636467
216180000,8623.235554
216200000,10292.574254
216220000,9683.183116
216240000,9849.962531
216260000,9716.332616
216280000,9462.601065
216300000,10610.844605
216320000,9745.941057
216340000,10867.911860
216360000,10877.362559
216380000,11485.710891
216400000,11204.290226
216420000,10909.769081
216440000,8690.761662
216460000,9483.727594
216480000,9331.812147
216500000,8092.090685
216520000,7926.650392
216540000,7963.784235
216560000,8325.763140
216580000,9390.566545
216600000,9151.349883
216620000,8585.194420
216640000,8442.084302
216660000,8771.594192
216680000,8800.668920
216700000,8917.404900
216720000,9052.196134
216740000,9044.670448
216760000,8678.708471
216780000,8605.861127
216800000,8784.188080
216820000,7545.440070
216840000,7566.269031
216860000,8480.324436
216880000,8387.596749
216900000,10042.972895
216920000,12410.101814
216940000,12395.331902
216960000,11865.569506
216980000,12357.490195
217000000,12766.807019
217020000,11904.985853
217040000,11969.815785
217060000,12082.677508
217080000,12919.457305
217100000,8877.082587
217120000,8909.149250
217140000,9115.625640
217160000,9169.766521
217180000,9706.565148
217200000,13277.639605
217220000,13325.189003
217240000,8838.736102
217260000,8828.850053
217280000,8967.979760
217300000,9145.824281
217320000,9736.207845
217340000,9099.144169
217360000,9110.842576
217380000,9082.778995
217400000,9744.921685
217420000,9657.581665
217440000,11028.174681
217460000,11029.243319
217480000,11034.036566
217500000,11073.347585
217520000,11725.511687
217540000,11738.818163
217560000,11616.420671
217580000,11332.058489
217600000,11345.539523
217620000,8043.944649
217640000,13830.055948
217660000,12801.904299
217680000,12547.648624
217700000,12520.885950
217720000,12159.028406
217740000,12488.332884
217760000,12814.331186
217780000,13356.826703
217800000,13849.740379
217820000,13539.343880
217840000,13825.343016
217860000,13661.313282
217880000,12899.157017
217900000,14059.316287
217920000,14007.984904
217940000,13424.516751
217960000,15037.146370
217980000,15158.345199
218000000,15474.448748
218020000,14122.509461
218040000,12985.317062
218060000,12874.140248
218080000,13458.112262
218100000,13449.657932
218120000,13606.837978
218140000,14525.998773
218160000,14355.066601
218180000,15268.046582
218200000,13968.947873
218220000,13698.400935
218240000,13549.247583
218260000,13940.773993
218280000,13995.824957
218300000,13944.376988
218320000,14178.527113
218340000,13226.839958
218360000,12740.551657
218380000,6501.085259
218400000,6511.803649
218420000,7556.909315
218440000,12491.198397
218460000,16557.126068
218480000,15436.866371
218500000,12909.572981
218520000,12119.814397
218540000,12059.687123
218560000,11726.747721
218580000,11879.616315
218600000,11666.892139
218620000,11807.480740
218640000,11635.634737
218660000,8651.737252
218680000,8357.912623
218700000,10965.653492
218720000,11088.024593
218740000,11017.449757
218760000,11021.390955
218780000,10986.505061
218800000,10445.547086
218820000,10532.753158
218840000,10338.949163
218860000,13262.488768
218880000,10462.734660
218900000,9996.094514
218920000,7933.967623
218940000,7877.097987
218960000,7913.232441
218980000,7954.026543
219000000,8000.781196
219020000,8043.560094
219040000,8211.291472
219060000,8099.716081
219080000,7810.147279
219100000,8057.841599
219120000,8340.153431
219140000,8571.878029
219160000,8604.767932
219180000,7843.001610
219200000,7851.022176
219220000,7866.231316
219240000,7817.117187
219260000,7636.339562
219280000,7939.180343
219300000,7824.959139
219320000,8125.766817
219340000,7868.397747
219360000,8155.065702
219380000,8006.000950
219400000,8116.336980
219420000,8397.719447
219440000,7846.554431
219460000,7843.261287
219480000,7724.315609
219500000,7754.591316
219520000,7745.765202
219540000,9466.470885
219560000,9252.713654
219580000,9087.306563
219600000,9287.141789
219620000,9219.450364
219640000,9124.487506
219660000,9276.002932
219680000,9257.904845
219700000,9512.680262
219720000,9445.881177
219740000,9431.183673
219760000,9339.048286
219780000,9524.179610
219800000,7466.516422
219820000,7403.213022
219840000,8256.782504
219860000,8492.063725
219880000,8550.686402
219900000,8605.855211
219920000,6842.782367
219940000,6677.363607
219960000,9755.477238
219980000,9720.805040
220000000,9740.325754
220020000,12569.289339
220040000,10901.336760
220060000,9937.452294
220080000,26630.523514
220100000,26736.449385
220120000,26024.715723
220140000,25773.841876
220160000,26928.517355
220180000,12977.758857
220200000,13130.805224
220220000,13182.389741
220240000,13274.163758
220260000,15050.942120
220280000,11181.384126
220300000,11171.619417
220320000,11367.211775
220340000,11526.931703
220360000,13684.840190
220380000,10386.204754
220400000,10250.074062
220420000,12077.587615
220440000,12232.437355
220460000,12472.328115
220480000,11901.077561
220500000,12168.759725
220520000,11917.455038
220540000,11106.362892
220560000,10689.786004
220580000,10880.834097
220600000,10652.855036
220620000,8984.717167
220640000,9123.695679
220660000,9032.670586
220680000,8931.028330
220700000,8788.790368
220720000,9255.351966
220740000,6308.783496
220760000,6352.288112
220780000,6546.890415
220800000,6494.303501
220820000,6825.460479
220840000,6640.891891
220860000,7218.265840
220880000,7145.169300
220900000,9421.929604
220920000,9749.059472
220940000,9681.383075
220960000,8275.222218
220980000,8618.363638
221000000,9508.524611
221020000,7811.067956
221040000,7767.882684
221060000,8307.249646
221080000,8176.070114
221100000,8251.837772
221120000,7645.046261
221140000,7665.885708
221160000,7764.168906
221180000,7954.979657
221200000,16693.173042
221220000,17076.473506
221240000,16818.069121
221260000,15259.517103
221280000,14917.702469
221300000,14969.408687
221320000,14093.021548
221340000,14043.059622
221360000,14413.869865
221380000,9603.104004
221400000,9932.411133
221420000,10170.322263
221440000,8493.724580
221460000,8558.909095
221480000,8765.351486
221500000,8069.932740
221520000,8624.821653
221540000,8904.055260
221560000,8995.093125
221580000,9226.763244
221600000,9214.790391
221620000,9018.067541
221640000,9120.376373
221660000,8625.111526
221680000,8655.629148
221700000,8521.676301
221720000,8503.110110
221740000,7908.464877
221760000,7912.079376
221780000,8099.078332
221800000,11351.222234
221820000,12251.897428
221840000,12649.896920
221860000,12372.282505
221880000,12846.688659
221900000,11892.159399
221920000,12031.704999
221940000,10453.045377
221960000,11090.213870
221980000,10221.081745
222000000,9957.290331
222020000,10059.174379
222040000,10310.005856
222060000,10333.405515
222080000,7480.530265
222100000,7641.287950
222120000,7668.419768
222140000,7388.956964
222160000,7465.163986
222180000,7221.383698
222200000,9728.571490
222220000,12436.272001
222240000,12539.719408
222260000,15136.062792
222280000,14952.394569
222300000,15390.776455
222320000,14716.130033
222340000,14284.318524
222360000,14331.521392
222380000,14093.239618
222400000,14546.924460
222420000,14691.850033
222440000,9253.379112
222460000,11121.260619
222480000,11362.941262
222500000,11344.207640
222520000,10918.656133
222540000,9947.741455
222560000,10314.796343
222580000,11366.325477
222600000,11142.238485
222620000,14228.010265
222640000,14076.518156
222660000,14112.174086
222680000,13738.515303
222700000,12835.292064
222720000,13107.496440
222740000,13014.481140
222760000,11190.766245
222780000,11449.317213
222800000,11726.694685
222820000,11919.142884
222840000,12314.823938
222860000,12666.964803
222880000,13518.419163
222900000,13901.774672
222920000,13659.491898
222940000,12871.724676
222960000,10021.410445
222980000,10214.467096
223000000,9691.746372
223020000,9434.060592
223040000,9468.060528
223060000,9419.028504
223080000,10109.598969
223100000,10308.850631
223120000,10319.112914
223140000,10289.874274
223160000,8590.770559
223180000,8548.630727
223200000,8479.396580
223220000,7464.761325
223240000,7330.964549
223260000,9176.398166
223280000,8009.662212
223300000,8057.850535
223320000,8046.172510
223340000,8411.732091
223360000,7781.458712
223380000,7916.840860
223400000,7967.342487
223420000,8099.094591
223440000,8118.652591
223460000,8079.697794
223480000,8103.094711
223500000,8660.869770
223520000,8449.473228
223540000,8470.345623
223560000,8392.765381
223580000,8167.082438
223600000,9886.688803
223620000,9834.471277
223640000,9928.702476
223660000,14386.223094
223680000,14258.222483
223700000,21883.521177
223720000,21900.774041
223740000,10688.010412
223760000,12117.574253
223780000,12798.250282
223800000,12898.520349
223820000,12992.509805
223840000,12910.340494
223860000,19340.078359
223880000,11689.604114
223900000,11624.731975
223920000,11717.449628
223940000,11723.313403
223960000,11555.177574
223980000,7086.233577
224000000,6972.779154
224020000,6979.991195
224040000,7007.229391
224060000,7090.749070
224080000,7790.461076
224100000,7804.442479
224120000,8852.711364
224140000,8998.191696
224160000,9099.128738
224180000,8922.389900
224200000,8985.703713
224220000,9157.086186
224240000,9190.503531
224260000,9177.288116
224280000,9377.469956
224300000,9383.347032
224320000,12003.866725
224340000,12100.543347
224360000,12136.828219
224380000,12194.739418
224400000,10753.556855
224420000,8886.498863
224440000,9040.417297
224460000,9007.325588
224480000,9414.807450
224500000,9015.614630
224520000,9062.428893
224540000,8848.165120
224560000,13209.873581
224580000,13145.973179
224600000,11227.850165
224620000,19530.113393
224640000,13961.809161
224660000,13854.806469
224680000,14335.274048
224700000,14508.033648
224720000,14620.932510
224740000,16754.761939
224760000,10466.137461
224780000,10063.455882
224800000,11170.176744
224820000,11099.243809
224840000,10754.626773
224860000,14738.875023
224880000,18982.268120
224900000,18879.250509
224920000,7975.008345
224940000,8070.259571
224960000,9838.366480
224980000,12818.727973
225000000,12538.490891
225020000,10188.841932
225040000,9550.810693
225060000,9453.697558
225080000,9202.761958
225100000,9189.034281
225120000,8983.569510
225140000,9024.973063
225160000,8347.913436
225180000,8764.800870
225200000,8653.310358
225220000,9244.408894
225240000,9541.792609
225260000,8973.662879
225280000,10563.061183
225300000,10747.182350
225320000,11970.229598
225340000,11315.632619
225360000,11373.934623
225380000,11056.470101
225400000,11019.243993
225420000,10740.708707
225440000,10805.194775
225460000,10822.015794
225480000,10519.820547
225500000,10644.021725
225520000,10611.501101
225540000,10895.838478
225560000,9920.083400
225580000,9886.334192
225600000,8212.358997
225620000,8121.992016
225640000,8555.701819
225660000,8381.512466
225680000,8434.718409
225700000,8751.945289
225720000,9426.302075
225740000,9297.609143
225760000,10882.677129
225780000,10949.862590
225800000,9091.109467
225820000,10685.004703
225840000,10714.048757
225860000,8545.193646
225880000,8228.591707
225900000,7968.523649
225920000,8055.552352
225940000,8011.790543
225960000,8717.826605
225980000,8095.341528
226000000,8378.705941
226020000,8401.130680
226040000,8536.689877
226060000,8421.394446
226080000,8498.812963
226100000,8020.983243
226120000,7996.581326
226140000,7979.933968
226160000,8050.915542
226180000,9968.990591
226200000,10368.086408
226220000,9419.455708
226240000,12896.283246
226260000,13110.150053
226280000,12958.776620
226300000,14711.125549
226320000,13919.049352
226340000,15051.118273
226360000,14313.886312
226380000,14247.855007
226400000,9353.019712
226420000,9486.720168
226440000,9732.982383
226460000,9833.901039
226480000,9669.611736
226500000,9649.535281
226520000,11060.818705
226540000,10515.513344
226560000,10475.514438
226580000,7152.061815
226600000,7056.431010
226620000,9837.774882
226640000,9263.018391
226660000,9422.371939
226680000,9440.381047
226700000,9036.424820
226720000,9474.229177
226740000,11742.723796
226760000,13290.779983
226780000,7068.920900
226800000,11133.274221
226820000,9037.696844
226840000,8466.880759
226860000,8549.085444
226880000,8432.756744
226900000,8302.075897
226920000,11441.438898
226940000,11628.510408
226960000,11263.007550
226980000,13004.603265
227000000,9713.766910
227020000,11722.694049
227040000,10903.804938
227060000,10845.730490
227080000,10623.020665
227100000,10539.730601
227120000,11961.759465
227140000,13624.864194
227160000,14000.455000
227180000,13774.642102
227200000,13932.061862
227220000,14153.187595
227240000,14206.072746
227260000,14305.718416
227280000,14125.794133
227300000,18187.162403
227320000,16719.273934
227340000,16740.275282
227360000,16828.807875
227380000,16975.417382
227400000,16295.311490
227420000,16075.180381
227440000,16149.345023
227460000,12733.663011
227480000,11910.290257
227500000,10672.157076
227520000,9252.535237
227540000,9013.488919
227560000,9421.708934
227580000,9405.117922
227600000,9354.575251
227620000,9208.761599
227640000,9587.252736
227660000,8021.382378
227680000,8189.344095
227700000,8989.746662
227720000,8600.236744
227740000,8386.145492
227760000,8568.734577
227780000,7945.601989
227800000,8020.652564
227820000,10876.368009
227840000,10877.664960
227860000,10806.346418
227880000,10188.298502
227900000,10320.651582
227920000,7886.153149
227940000,8263.775115
227960000,8150.494819
227980000,8369.143003
228000000,8382.857926
228020000,8460.222450
228040000,8065.172197
228060000,8152.155355
228080000,8293.594307
228100000,8601.515091
228120000,7815.620456
228140000,7145.625578
228160000,6856.985778
228180000,8141.037891
228200000,11256.865249
228220000,10455.169959
228240000,10129.332200
228260000,9919.574981
228280000,9885.388249
228300000,10006.682908
228320000,12393.895750
228340000,12380.864510
228360000,12505.588855
228380000,12434.716140
228400000,12990.175384
228420000,13101.181716
228440000,13670.468025
228460000,13782.126763
228480000,12356.926685
228500000,12335.664206
228520000,12153.560608
228540000,12244.168684
228560000,12363.163162
228580000,13787.026447
228600000,13554.105972
228620000,13363.857811
228640000,13375.993900
228660000,12969.313772
228680000,14077.305234
228700000,14132.532777
228720000,14334.656263
228740000,19030.829932
228760000,18328.863179
228780000,18305.346975
228800000,17959.656962
228820000,18058.022057
228840000,17625.974482
228860000,13590.251955
228880000,13463.975775
228900000,13520.192749
228920000,13711.763635
228940000,14659.038275
228960000,14360.587067
228980000,14112.140473
229000000,13260.894211
229020000,12706.980993
229040000,10556.645194
229060000,10296.545072
229080000,10113.197259
229100000,13343.352994
229120000,13461.183794
229140000,13342.810877
229160000,9900.953252
229180000,10065.907542
229200000,9991.629858
229220000,10407.639490
229240000,10632.407988
229260000,9530.249408
229280000,7166.327613
229300000,6930.166680
229320000,6997.140594
229340000,6717.013819
229360000,6782.262207
229380000,6841.838873
229400000,7565.770257
229420000,7485.293512
229440000,7816.651926
229460000,8283.625017
229480000,8040.124561
229500000,9584.121646
229520000,9653.903064
229540000,17811.389274
229560000,18075.709184
229580000,17173.780609
229600000,17821.722936
229620000,18250.516522
229640000,18408.758989
229660000,7428.820535
229680000,7536.711956
229700000,7559.996792
229720000,7517.786722
229740000,7422.173059
229760000,7348.877877
229780000,8377.906576
229800000,8294.955634
229820000,8366.111212
229840000,18918.985244
229860000,19222.112546
229880000,19663.393613
229900000,20222.093462
229920000,19443.470155
229940000,19680.934556
229960000,19454.029347
229980000,9907.847831
230000000,9832.729332
230020000,9139.092716
230040000,9303.094974
230060000,9295.531205
230080000,9213.002283
230100000,15080.534795
230120000,15120.751118
230140000,15047.870397
230160000,16819.984567
230180000,17399.859740
230200000,17319.562847
230220000,17784.770269
230240000,17519.830084
230260000,18020.121410
230280000,17898.633283
230300000,13035.161690
230320000,14032.849482
230340000,14128.412928
230360000,13079.409300
230380000,13179.621281
230400000,9223.025487
230420000,11883.701432
230440000,11837.698376
230460000,10627.879888
230480000,10528.132782
230500000,10342.555534
230520000,10174.636875
230540000,7449.200692
230560000,7368.741494
230580000,7702.776745
230600000,8233.707631
230620000,8338.948665
230640000,8322.452256
230660000,8174.069513
230680000,8149.641039
230700000,7915.820149
230720000,8073.694617
230740000,14075.355183
230760000,14143.329863
230780000,14019.490220
230800000,14133.193717
230820000,13854.848674
230840000,13910.537600
230860000,14306.066838
230880000,13961.858444
230900000,13769.421893
230920000,13830.253721
230940000,16194.831145
230960000,16079.216392
230980000,16302.419219
231000000,15890.981231
231020000,15927.257777
231040000,17068.346616
231060000,17664.578340
231080000,17394.687958
231100000,18292.540618
231120000,20791.198291
231140000,21657.160836
231160000,21276.532351
231180000,13681.845303
231200000,12873.841983
231220000,12994.422406
231240000,8408.243661
231260000,8425.564737
231280000,8475.772466
231300000,8377.181973
231320000,8456.044238
231340000,8471.609114
231360000,8628.894956
231380000,8541.044947
231400000,7817.279806
231420000,8500.336497
231440000,8404.638305
231460000,11600.493752
231480000,11446.533314
231500000,11582.403841
231520000,11527.843315
231540000,11392.673677
231560000,13723.495595
231580000,13687.012328
231600000,13425.780118
231620000,15570.563809
231640000,15394.831105
231660000,15582.144622
231680000,9815.002377
231700000,9740.038282
231720000,9849.056259
231740000,9912.264271
231760000,10046.417104
231780000,9953.076468
231800000,9971.353831
231820000,9926.555789
231840000,9706.632778
231860000,9838.008075
231880000,9966.013945
231900000,11029.920249
231920000,10452.049358
231940000,12347.830375
231960000,10968.085083
231980000,10918.773139
232000000,12857.528328
232020000,9658.863182
232040000,9288.616956
232060000,9305.400352
232080000,9975.074688
232100000,9943.419839
232120000,9503.523381
232140000,8693.261679
232160000,7154.081109
232180000,8118.649394
232200000,8049.250369
232220000,8140.386047
232240000,8015.663495
232260000,7897.620927
232280000,7954.987374
232300000,7753.891695
232320000,7815.573157
232340000,8381.266958
232360000,9054.289852
232380000,9084.451615
232400000,8979.491099
232420000,9008.050450
232440000,8980.379331
232460000,6742.621916
232480000,6830.496025
232500000,10949.125853
232520000,10600.944409
232540000,10808.827177
232560000,10726.389936
232580000,10866.500275
232600000,11021.397469
232620000,10772.935661
232640000,10743.388981
232660000,10696.786239
232680000,10482.255360
232700000,10168.836339
232720000,10133.928418
232740000,10168.951299
232760000,10374.574409
232780000,10357.371498
232800000,9641.508594
232820000,8950.015241
232840000,9122.094395
232860000,7742.134632
232880000,7713.741727
232900000,7910.387027
232920000,7610.862057
232940000,12462.877055
232960000,12655.988131
232980000,12667.322512
233000000,13109.465410
233020000,13322.645340
233040000,17226.094978
233060000,17029.377607
233080000,15765.595868
233100000,15608.746541
233120000,15545.324605
233140000,14935.704462
233160000,14821.462320
233180000,15052.779867
233200000,13467.820925
233220000,13318.429120
233240000,11128.189202
233260000,11241.785709
233280000,11157.968516
233300000,12308.895431
233320000,12275.440716
233340000,9643.031295
233360000,10092.163477
233380000,10093.305184
233400000,10197.482218
233420000,11933.670475
233440000,11857.807043
233460000,12739.217427
233480000,13118.370639
233500000,13166.490656
233520000,13337.340575
233540000,13241.058333
233560000,14204.596718
233580000,14221.196956
233600000,16020.906518
233620000,16326.546100
233640000,16267.737669
233660000,15260.127524
233680000,15254.448374
233700000,9018.371014
233720000,9411.372446
233740000,8283.373031
233760000,7703.183039
233780000,10574.336902
233800000,7731.244300
233820000,8953.555266
233840000,8980.436183
233860000,13418.525044
233880000,12954.077947
233900000,12929.259114
233920000,10742.840182
233940000,10635.766112
233960000,10854.146043
233980000,11013.663177
234000000,10791.261629
234020000,10619.040823
234040000,10490.377020
234060000,10484.676518
234080000,10545.926865
234100000,8617.817168
234120000,8428.203402
234140000,8181.191464
234160000,7908.024130
234180000,8087.740307
234200000,7883.273830
234220000,9957.504017
234240000,9978.621199
234260000,11307.787877
234280000,10547.890016
234300000,10914.855639
234320000,10887.600234
234340000,10971.290484
234360000,10842.754177
234380000,10964.621733
234400000,11141.526584
234420000,16017.546780
234440000,15870.844322
234460000,9756.862640
234480000,9628.367532
234500000,9838.806478
234520000,12045.592633
234540000,13419.095063
234560000,13206.474125
234580000,13422.375328
234600000,10537.939975
234620000,13367.128675
234640000,14272.234214
234660000,14198.265955
234680000,14223.096999
234700000,14199.677649
234720000,8589.052318
234740000,8662.423167
234760000,8693.806853
234780000,8836.648610
234800000,7529.023842
234820000,7119.374888
234840000,7158.574112
234860000,7332.773632
234880000,7448.213601
234900000,8379.143463
234920000,6915.831498
234940000,8191.560870
234960000,8246.854551
234980000,8494.105382
235000000,8399.964373
235020000,8269.433590
235040000,7851.537144
235060000,7875.968837
235080000,7703.275570
235100000,7633.937803
235120000,7773.526695
235140000,7769.239897
235160000,7399.959285
235180000,7535.866781
235200000,7557.829383
235220000,7502.044458
235240000,7659.193723
235260000,8044.544635
235280000,8119.135440
235300000,8196.340806
235320000,7956.853185
235340000,7920.509169
235360000,7919.618983
235380000,8090.689864
235400000,7982.816444
235420000,8484.580672
235440000,6742.395323
235460000,7180.501955
235480000,6989.567586
235500000,6529.338564
235520000,6595.109765
235540000,6263.189269
235560000,7130.079498
235580000,7231.673360
235600000,7507.155546
235620000,7767.952444
235640000,7990.320120
235660000,7919.898478
235680000,8293.612149
235700000,8354.415273
235720000,8545.944130
235740000,8287.072479
235760000,8292.557945
235780000,8278.497537
235800000,7869.314687
235820000,7634.156873
235840000,8322.720829
235860000,8257.311819
235880000,8551.486344
235900000,8513.118575
235920000,10436.094385
235940000,10565.635698
235960000,10444.409786
235980000,9988.247445
236000000,13276.263143
236020000,14657.424769
236040000,14507.263406
236060000,14699.704322
236080000,11723.176664
236100000,11685.409567
236120000,11573.518157
236140000,11602.337602
236160000,10284.996489
236180000,10323.617527
236200000,10221.236352
236220000,10059.448414
236240000,10362.553976
236260000,10371.474395
236280000,10435.311282
236300000,11568.757550
236320000,15709.982967
236340000,12354.540856
236360000,12298.237957
236380000,12194.961151
236400000,10492.847742
236420000,9354.225521
236440000,10524.709919
236460000,10662.955496
236480000,9349.507030
236500000,9415.757000
236520000,9579.525005
236540000,8969.921772
236560000,10443.563044
236580000,8332.203676
236600000,8388.071974
236620000,8774.933732
236640000,8838.383633
236660000,8469.527052
236680000,8846.604269
236700000,8781.554244
236720000,8871.657110
236740000,8537.809272
236760000,8618.642235
236780000,8750.606009
236800000,8526.695273
236820000,8557.821545
236840000,8520.830649
236860000,8068.977139
236880000,8062.163686
236900000,16212.050676
236920000,9157.416606
236940000,9001.161366
236960000,10842.733555
236980000,10563.493712
237000000,10113.246819
237020000,10936.625142
237040000,10595.719914
237060000,10388.295994
237080000,15748.714869
237100000,13856.042850
237120000,13598.270187
237140000,13505.587147
237160000,13068.054683
237180000,7016.590956
237200000,6869.136092
237220000,6906.853974
237240000,6864.886586
237260000,6828.477455
237280000,12830.661825
237300000,12737.812173
237320000,13629.439103
237340000,13685.659140
237360000,13931.939032
237380000,14323.227886
237400000,14287.731940
237420000,6895.744014
237440000,6871.261239
237460000,6716.185281
237480000,6301.761825
237500000,10655.389467
237520000,10738.784017
237540000,12849.423055
237560000,12660.112871
237580000,13230.450061
237600000,12973.111732
237620000,14620.002319
237640000,14335.341110
237660000,12744.015338
237680000,14513.828805
237700000,14580.115655
237720000,14458.769436
237740000,13960.924275
237760000,14218.961456
237780000,15235.514463
237800000,14520.324002
237820000,15153.054168
237840000,17959.767827
237860000,13125.705628
237880000,12623.977532
237900000,12478.916235
237920000,11538.370066
237940000,9423.066604
237960000,9334.783981
237980000,9574.557458
238000000,9948.009411
238020000,9616.878023
238040000,9654.724888
238060000,7980.944753
238080000,7994.834379
238100000,8605.602566
238120000,8366.311275
238140000,8399.112285
238160000,8737.174259
238180000,8856.305074
238200000,8606.025790
238220000,6626.094262
238240000,6651.158501
238260000,6712.985544
238280000,6769.135624
238300000,6694.030461
238320000,6076.920663
238340000,5720.432256
238360000,5635.665704
238380000,12664.365247
238400000,11678.591653
238420000,8949.790143
238440000,8980.462854
238460000,10207.665072
238480000,9534.988632
238500000,9488.339861
238520000,9509.594673
238540000,9638.857991
238560000,9789.437186
238580000,9773.238500
238600000,9809.555606
238620000,9820.341491
238640000,9562.845711
238660000,8051.866114
238680000,8078.406537
238700000,7779.931017
238720000,7273.362731
238740000,7476.243035
238760000,7849.814785
238780000,8818.365626
238800000,8592.903491
238820000,8603.690301
238840000,11166.293138
238860000,10626.131968
238880000,10752.060848
238900000,9643.382377
238920000,9698.171425
238940000,9982.031398
238960000,9733.877100
238980000,9334.561504
239000000,10160.779886
239020000,10654.774659
239040000,10331.689698
239060000,10448.394740
239080000,9687.188537
239100000,8976.702568
239120000,8654.640717
239140000,9406.062705
239160000,9071.751840
239180000,9031.844030
239200000,9041.123558
239220000,9269.929900
239240000,9256.671376
239260000,9430.445460
239280000,15838.551874
239300000,15394.361750
239320000,16885.200765
239340000,17014.706092
239360000,17120.202225
239380000,17294.074046
239400000,17113.466329
239420000,11454.702933
239440000,12669.624750
239460000,12813.890120
239480000,12360.153956
239500000,12461.375332
239520000,11744.028127
239540000,12045.694141
239560000,11372.109487
239580000,11470.202539
239600000,9620.108264
239620000,8633.167221
239640000,8477.808531
239660000,7656.771182
239680000,7733.721138
239700000,7614.731720
239720000,7711.033451
239740000,7590.775915
239760000,7542.514621
239780000,10344.425015
239800000,10203.907631
239820000,10257.760764
239840000,15497.768668
239860000,15475.718090
239880000,22503.369222
239900000,22285.067455
239920000,22274.334643
239940000,21591.046921
239960000,11511.514424
239980000,11183.896680
240000000,11031.426416
240020000,10882.394289
240040000,11448.863275
240060000,11663.074358
240080000,11864.784233
240100000,8781.324680
240120000,8966.731809
240140000,9103.420675
240160000,9479.392930
240180000,9518.478405
240200000,8359.664233
240220000,8190.610298
240240000,8161.655491
240260000,8542.934181
240280000,8574.681389
240300000,8552.613952
240320000,10871.577261
240340000,13613.075534
240360000,8754.012104
240380000,8975.507971
240400000,10604.764025
240420000,11499.295020
240440000,11577.422521
240460000,13775.261547
240480000,11981.264275
240500000,12142.497126
240520000,12337.730569
240540000,12522.188037
240560000,12534.068823
240580000,12520.239234
240600000,9978.140815
240620000,10037.881492
240640000,10032.989232
240660000,10341.741222
240680000,10174.180788
240700000,10719.072998
240720000,11093.946498
240740000,5887.587947
240760000,5941.280829
240780000,6454.838818
240800000,6420.722026
240820000,6411.993757
240840000,6734.719320
240860000,6339.925390
240880000,6363.709779
240900000,6206.010816
240920000,8098.249500
240940000,8115.849334
240960000,8271.262375
240980000,8139.270040
241000000,8026.573160
241020000,8098.382648
241040000,8194.934755
241060000,8199.599156
241080000,7619.742063
241100000,7753.744872
241120000,7740.371364
241140000,6988.487771
241160000,7146.940839
241180000,8486.451103
241200000,8688.878804
241220000,7710.144157
241240000,7763.095515
241260000,13611.822899
241280000,15912.692355
241300000,12357.705516
241320000,13806.244706
241340000,13956.266713
241360000,10049.949479
241380000,9420.935647
241400000,9408.980601
241420000,9395.476275
241440000,10002.904842
241460000,10154.043902
241480000,10588.122521
241500000,10786.267839
241520000,9889.230735
241540000,9713.744203
241560000,9606.809333
241580000,8952.078025
241600000,9312.987352
241620000,9520.065442
241640000,8375.581620
241660000,8628.947132
241680000,8664.980900
241700000,8688.859600
241720000,8619.387833
241740000,8673.936190
241760000,8698.606042
241780000,8704.717181
241800000,8933.653430
241820000,9161.571516
241840000,8965.006255
241860000,9130.046465
241880000,9473.716542
241900000,9560.296633
241920000,9857.573027
241940000,8777.560785
241960000,9302.160986
241980000,8523.240052
242000000,8304.420767
242020000,8167.355882
242040000,7895.983223
242060000,7969.454263
242080000,8121.534533
242100000,8023.204885
242120000,9163.047352
242140000,9275.511565
242160000,9477.169605
242180000,9281.054310
242200000,9415.590818
242220000,9683.658619
242240000,10308.289861
242260000,12366.750925
242280000,10915.368804
242300000,9449.491347
242320000,9560.100380
242340000,8204.673713
242360000,8147.683052
242380000,8089.517752
242400000,7742.167262
242420000,8423.852419
242440000,8589.295022
242460000,8574.424262
242480000,10347.926787
242500000,7675.735830
242520000,7782.407082
242540000,7813.123887
242560000,7864.629049
242580000,6205.442135
242600000,6190.132709
242620000,6227.711092
242640000,7759.522118
242660000,7836.256275
242680000,7389.890358
242700000,7225.964311
242720000,9226.539826
242740000,9998.909623
242760000,11225.255554
242780000,12844.622532
242800000,13119.730555
242820000,13175.650391
242840000,15376.882969
242860000,17638.954331
242880000,17380.109484
242900000,17256.449845
242920000,7724.265437
242940000,7920.660127
242960000,7944.177442
242980000,7893.229347
243000000,7292.447409
243020000,7315.936711
243040000,7553.504495
243060000,7508.254704
243080000,7592.542703
243100000,7921.291638
243120000,7618.192199
243140000,12479.831536
243160000,12300.953376
243180000,10221.704416
243200000,10110.910622
243220000,11276.601602
243240000,12151.151806
243260000,12305.533081
243280000,12728.343753
243300000,12696.845047
243320000,12747.775261
243340000,12246.632579
243360000,12234.320045
243380000,12043.864790
243400000,9751.732186
243420000,11021.547337
243440000,11108.159046
243460000,10592.768076
243480000,7999.404348
243500000,8216.048414
243520000,8067.142121
243540000,8151.387193
243560000,8007.143375
243580000,7636.423795
243600000,7686.316250
243620000,7667.233066
243640000,7904.300893
243660000,7878.254455
243680000,8758.672306
243700000,8645.752207
243720000,8551.767550
243740000,8651.504854
243760000,8759.541644
243780000,9746.823234
243800000,9689.518785
243820000,10044.886255
243840000,10331.729530
243860000,10155.552308
243880000,9868.185035
243900000,9866.082910
243920000,9749.416583
243940000,9665.521600
243960000,9401.521201
243980000,8093.127429
244000000,8139.227485
244020000,8079.890797
244040000,8181.669886
244060000,7935.436771
244080000,8986.527819
244100000,9721.377855
244120000,9562.744617
244140000,9581.289289
244160000,9667.181619
244180000,9853.661740
244200000,9712.965406
244220000,9533.842128
244240000,9423.866883
244260000,9544.862724
244280000,10560.892722
244300000,10987.087832
244320000,19194.270102
244340000,18784.935666
244360000,18432.808146
244380000,18611.583786
244400000,18534.474805
244420000,18569.864802
244440000,18474.166112
244460000,16750.553817
244480000,16905.842734
244500000,17010.344488
244520000,16875.490928
244540000,16898.715392
244560000,18904.374486
244580000,14064.868561
244600000,13845.431545
244620000,10274.156634
244640000,10376.481771
244660000,10392.917619
244680000,10394.805558
244700000,10440.902788
244720000,12205.895348
244740000,16671.002376
244760000,10112.471507
244780000,10137.414683
244800000,10247.110010
244820000,10293.784034
244840000,10499.139265
244860000,10653.905546
244880000,11355.204273
244900000,11441.971833
244920000,11497.389950
244940000,11975.587625
244960000,14122.042895
244980000,13581.551172
245000000,14610.148499
245020000,14767.341443
245040000,12038.583714
245060000,9656.907225
245080000,8815.307187
245100000,8745.368836
245120000,8778.538694
245140000,9028.685561
245160000,9284.323972
245180000,9720.736966
245200000,9298.386980
245220000,7913.491181
245240000,8336.872045
245260000,10972.581131
245280000,11029.687205
245300000,11066.305941
245320000,11152.719468
245340000,11443.491215
245360000,9848.353436
245380000,9942.482313
245400000,8954.165345
245420000,8906.948560
245440000,9085.283990
245460000,9161.183631
245480000,9283.603640
245500000,8470.152666
245520000,8069.288359
245540000,10058.280960
245560000,9092.446599
245580000,10075.588369
245600000,9435.866519
245620000,9769.168096
245640000,9654.122957
245660000,8744.390512
245680000,8782.890871
245700000,8924.428343
245720000,8993.449730
245740000,8809.187208
245760000,8772.561915
245780000,9583.225297
245800000,9432.507750
245820000,9211.616044
245840000,8815.103270
245860000,11435.687218
245880000,11367.846400
245900000,11488.124854
245920000,11491.558786
245940000,18666.330211
245960000,18339.733233
245980000,10788.714654
246000000,11270.441680
246020000,11374.227041
246040000,10973.401822
246060000,10679.181423
246080000,11562.719143
246100000,16290.628824
246120000,16149.833156
246140000,18123.168625
246160000,18028.137090
246180000,18367.721710
246200000,18342.114856
246220000,18512.261683
246240000,16689.301151
246260000,16316.414458
246280000,16067.013229
246300000,16132.233314
246320000,14992.355531
246340000,14555.153401
246360000,14891.772494
246380000,14255.160165
246400000,11194.401567
246420000,10375.661998
246440000,10841.070031
246460000,10763.240681
246480000,10979.053437
246500000,10946.043169
246520000,11541.869476
246540000,11169.835064
246560000,11085.913188
246580000,11396.604939
246600000,11268.105004
246620000,11850.895260
246640000,11701.269805
246660000,10190.264187
246680000,10217.227844
246700000,10536.224803
246720000,11168.597911
246740000,12224.890550
246760000,10486.082995
246780000,11120.750634
246800000,8971.292871
246820000,11550.149577
246840000,11470.859552
246860000,11361.358719
246880000,11334.637116
246900000,11726.839023
246920000,20087.945347
246940000,16563.999244
246960000,16602.248870
246980000,15939.304354
247000000,15638.845337
247020000,15607.157071
247040000,16115.084712
247060000,16472.662512
247080000,9444.371724
247100000,9935.889405
247120000,9913.904084
247140000,11543.589852
247160000,10898.545497
247180000,11098.263219
247200000,11250.046668
247220000,11440.117112
247240000,11227.537731
247260000,11434.694000
247280000,12664.245904
247300000,12898.473531
247320000,13388.912519
247340000,13169.259984
247360000,12582.813001
247380000,10218.863069
247400000,10193.322537
247420000,11679.339012
247440000,11522.645154
247460000,11584.854790
247480000,7248.801464
247500000,7196.390476
247520000,7253.337244
247540000,7226.089877
247560000,7113.699254
247580000,7228.594979
247600000,12192.223082
247620000,11954.698530
247640000,11627.274237
247660000,11677.702060
247680000,11970.865705
247700000,12837.711554
247720000,12799.218963
247740000,14032.293875
247760000,14101.477031
247780000,14763.562278
247800000,15013.302171
247820000,14237.539320
247840000,14316.590597
247860000,14692.133012
247880000,14036.272210
247900000,13891.067138
247920000,14515.396573
247940000,13269.253843
247960000,12891.917043
247980000,13388.558959
248000000,13298.025578
248020000,14168.325034
248040000,10577.461976
248060000,9688.774597
248080000,10580.923237
248100000,10247.803977
248120000,10287.419835
248140000,13301.005240
248160000,12047.868590
248180000,21466.570045
248200000,23203.100159
248220000,26082.691392
248240000,26352.554162
248260000,26826.737698
248280000,21491.028879
248300000,11543.702902
248320000,11152.289055
248340000,10426.060190
248360000,10214.099696
248380000,10088.918421
248400000,8923.218337
248420000,8920.780317
248440000,8166.222881
248460000,8036.085529
248480000,8037.419376
248500000,8202.568008
248520000,8287.360054
248540000,12511.953522
248560000,12064.339840
248580000,12103.525962
248600000,11933.250572
248620000,12146.613621
248640000,10786.928904
248660000,10725.822310
248680000,10650.576785
248700000,10753.447762
248720000,10678.514268
248740000,10586.795131
248760000,10758.137895
248780000,13510.805453
248800000,8265.851072
248820000,8209.292796
248840000,8253.897696
248860000,8276.853465
248880000,8402.051022
248900000,11049.151314
248920000,11058.632260
248940000,10870.255576
248960000,10849.647798
248980000,10926.706873
249000000,10788.122410
249020000,10739.247064
249040000,10812.000318
249060000,11138.826568
249080000,18005.631308
249100000,15701.967267
249120000,16064.436674
249140000,16082.739958
249160000,16185.159568
249180000,15991.922616
249200000,15841.781621
249220000,15588.651540
249240000,16903.973385
249260000,16624.900776
249280000,16086.658311
249300000,15612.633048
249320000,15241.860167
249340000,8859.238868
249360000,8701.649586
249380000,8827.049308
249400000,8654.455703
249420000,9735.617680
249440000,9544.923701
249460000,10051.806339
249480000,10362.207259
249500000,10482.428611
249520000,8354.595356
249540000,8437.740573
249560000,9254.870153
249580000,9091.439130
249600000,10531.035033
249620000,10768.666617
249640000,10473.706323
249660000,10508.944812
249680000,10365.353326
249700000,12493.936207
249720000,11648.768403
249740000,11491.315860
249760000,11555.629551
249780000,11606.208279
249800000,11457.652424
249820000,11505.049863
249840000,14935.159252
249860000,11094.380598
249880000,10865.963188
249900000,10398.848315
249920000,9322.903766
249940000,9158.230804
249960000,11211.898297
249980000,11613.596054
250000000,14553.823510
250020000,14688.765106
250040000,12224.100340
250060000,12244.337025
250080000,18304.640411
250100000,19439.459041
250120000,19850.707041
250140000,19741.245207
250160000,11373.457443
250180000,11502.024400
250200000,8950.887131
250220000,8689.902927
250240000,8694.429093
250260000,9630.578660
250280000,9902.952151
250300000,9833.448996
250320000,10801.012890
250340000,11139.915176
250360000,10732.302694
250380000,9196.983684
250400000,9105.830814
250420000,7170.098177
250440000,7193.854331
250460000,7310.929771
250480000,8560.100364
250500000,8562.621035
250520000,9113.037520
250540000,9004.323894
250560000,8981.253707
250580000,8849.035938
250600000,8137.152902
250620000,8102.966955
250640000,8345.865520
250660000,8926.018564
250680000,8895.126480
250700000,9118.036965
250720000,9110.933276
250740000,9187.198964
250760000,8952.309183
250780000,8914.831772
250800000,7513.614999
250820000,7267.589314
250840000,7113.007843
250860000,8638.005380
250880000,8857.269326
250900000,8637.359378
250920000,7694.844341
250940000,8407.674840
250960000,8389.860767
250980000,9029.329398
251000000,9076.415800
251020000,8863.559797
251040000,8918.843506
251060000,8781.614301
251080000,9117.975256
251100000,9178.747935
251120000,9295.784301
251140000,16978.328136
251160000,16014.111795
251180000,15909.192205
251200000,15601.652669
251220000,16448.478469
251240000,15847.223121
251260000,16539.149187
251280000,17579.850782
251300000,15123.914681
251320000,15412.499689
251340000,15778.507121
251360000,15594.606188
251380000,15483.958763
251400000,16171.639710
251420000,16037.860203
251440000,16429.848783
251460000,16054.754486
251480000,9325.970053
251500000,8656.484271
251520000,6682.433788
251540000,6668.036069
251560000,6631.582098
251580000,6831.823526
251600000,6883.292547
251620000,6806.891674
251640000,10047.909780
251660000,10037.481853
251680000,9939.277867
251700000,9429.696562
251720000,9551.079007
251740000,9362.490440
251760000,9431.206304
251780000,8941.259356
251800000,8809.326489
251820000,8471.737042
251840000,8588.946571
251860000,8510.942270
251880000,9757.967021
251900000,8859.908964
251920000,8657.704836
251940000,8582.263541
251960000,8581.443564
251980000,11265.868360
252000000,11328.725267
252020000,10574.327318
252040000,8518.836477
252060000,8478.467842
252080000,9171.705274
252100000,9050.313356
252120000,8954.573094
252140000,9082.594397
252160000,8985.866180
252180000,8686.918335
252200000,9058.125758
252220000,8876.607706
252240000,11570.908727
252260000,11565.904703
252280000,11552.585342
252300000,11379.903508
252320000,10905.214237
252340000,10961.341325
252360000,10887.635133
252380000,10301.600382
252400000,10714.397896
252420000,10556.518037
252440000,9485.773365
252460000,9570.628776
252480000,9490.648757
252500000,9470.501471
252520000,9575.103751
252540000,13458.806714
252560000,10242.054911
252580000,10204.118160
252600000,9009.375972
252620000,8939.635428
252640000,8878.965048
252660000,9985.076507
252680000,11159.877376
252700000,8703.640986
252720000,8890.186080
252740000,8921.778445
252760000,15631.273738
252780000,19060.231094
252800000,19776.601343
252820000,19881.570455
252840000,19936.549353
252860000,11897.503732
252880000,12327.589567
252900000,10840.303915
252920000,10609.177841
252940000,11726.377734
252960000,12172.626937
252980000,10225.650827
253000000,10448.520002
253020000,10410.965683
253040000,10195.956319
253060000,11234.849769
253080000,10676.091835
253100000,10402.759708
253120000,10515.332041
253140000,14090.761912
253160000,14319.730852
253180000,13376.539926
253200000,12931.365491
253220000,13133.126318
253240000,8297.987853
253260000,8336.499724
253280000,7756.702942
253300000,8279.831242
253320000,8081.203973
253340000,8066.112339
253360000,7916.478390
253380000,7893.819761
253400000,7874.985459
253420000,8119.805761
253440000,7501.898254
253460000,6592.995910
253480000,7041.008096
253500000,7033.105872
253520000,6879.694425
253540000,6800.956619
253560000,6847.360878
253580000,7180.752414
253600000,7133.930543
253620000,6725.334001
253640000,6723.485357
253660000,6973.699476
253680000,6938.582719
253700000,6839.633543
253720000,6882.037665
253740000,6769.327814
253760000,6843.830872
253780000,7029.010892
253800000,6937.286387
253820000,6971.065726
253840000,7007.251602
253860000,6893.633228
253880000,6913.360664
253900000,6957.041606
253920000,6955.417182
253940000,6812.648201
253960000,6685.772280
253980000,6375.235716
254000000,6263.416414
254020000,6289.363642
254040000,6314.660801
254060000,7681.848309
254080000,7778.249574
254100000,7701.420848
254120000,7851.389749
254140000,7883.111065
254160000,7758.371275
254180000,7396.700481
254200000,7374.088078
254220000,7238.086699
254240000,7058.158202
254260000,6290.302252
254280000,6493.987451
254300000,9244.475736
254320000,8459.788719
254340000,9333.582917
254360000,9409.528703
254380000,9142.907060
254400000,9207.648176
254420000,11107.741569
254440000,10990.360784
254460000,12241.535230
254480000,12325.054040
254500000,12404.328028
254520000,13009.577929
254540000,13753.714283
254560000,13443.584566
254580000,13344.224731
254600000,12089.330502
254620000,12101.074529
254640000,9272.571885
254660000,9214.302544
254680000,9215.272367
254700000,8829.871145
254720000,9139.591900
254740000,10757.494522
254760000,10922.066348
254780000,10917.546946
254800000,10763.632689
254820000,11372.644921
254840000,11237.622017
254860000,11614.046130
254880000,11498.970066
254900000,11346.451626
254920000,11497.922520
254940000,11378.932776
254960000,11320.504573
254980000,11237.832265
255000000,11612.079249
255020000,11639.061358
255040000,11215.692070
255060000,11046.792585
255080000,11120.884989
255100000,12357.667359
255120000,12735.525443
255140000,14477.390269
255160000,15541.044525
255180000,15564.397625
255200000,15470.011884
255220000,15002.461606
255240000,15352.145415
255260000,15348.617681
255280000,11838.741206
255300000,11368.654361
255320000,13882.541252
255340000,13603.188799
255360000,11399.085856
255380000,11292.433728
255400000,8129.808528
255420000,8225.914411
255440000,8222.626209
255460000,7276.829735
255480000,8881.489015
255500000,8971.333823
255520000,8876.291609
255540000,9773.279949
255560000,9882.735847
255580000,9670.329822
255600000,8549.728842
255620000,8528.388963
255640000,7983.406556
255660000,8076.332360
255680000,8514.437062
255700000,8496.598494
255720000,8763.709393
255740000,8716.555622
255760000,7469.484457
255780000,9170.162182
255800000,9194.508889
255820000,9254.790976
255840000,8320.495133
255860000,15695.756453
255880000,10068.233473
255900000,9117.727231
255920000,9223.389704
255940000,9274.282637
255960000,9110.478361
255980000,9212.627326
256000000,8503.207268
256020000,11385.519521
256040000,10405.935827
256060000,8142.823447
256080000,11822.190555
256100000,11888.458742
256120000,12157.649157
256140000,12335.719063
256160000,12319.872444
256180000,12396.730581
256200000,13236.849993
256220000,13086.656938
256240000,13107.139905
256260000,12225.829986
256280000,16010.411166
256300000,15665.487065
256320000,15560.584273
256340000,15730.950450
256360000,15726.657562
256380000,11339.349869
256400000,20163.048968
256420000,20215.105911
256440000,20232.369004
256460000,17335.026677
256480000,16220.293629
256500000,17239.586059
256520000,15153.056691
256540000,15989.472754
256560000,10836.730364
256580000,13390.343637
256600000,13556.866624
256620000,13575.927098
256640000,13206.797053
256660000,13428.240311
256680000,13365.407176
256700000,12512.850215
256720000,16125.129426
256740000,14708.841201
256760000,14588.325178
256780000,15366.047674
256800000,12572.903714
256820000,13430.190057
256840000,13248.297957
256860000,12650.477695
256880000,12564.453764
256900000,12497.895301
256920000,13793.745966
256940000,13479.395156
256960000,13502.062668
256980000,13718.832307
257000000,13445.598686
257020000,12155.197407
257040000,10812.878749
257060000,10958.173804
257080000,11096.026213
257100000,10896.007333
257120000,8504.335590
257140000,8547.941748
257160000,9381.896847
257180000,9510.593333
257200000,7073.654572
257220000,6928.601312
257240000,6935.931619
257260000,7290.686517
257280000,6786.939383
257300000,6968.418668
257320000,6950.609104
257340000,7299.114875
257360000,6764.200092
257380000,7280.240792
257400000,10465.385224
257420000,10642.764276
257440000,10488.934909
257460000,10512.365765
257480000,10338.081395
257500000,9788.425848
257520000,9884.842780
257540000,7749.769369
257560000,6865.561206
257580000,6539.979215
257600000,6617.873687
257620000,6320.588745
257640000,6390.712035
257660000,6263.382508
257680000,6349.394033
257700000,6311.562121
257720000,7389.823501
257740000,7299.472086
257760000,7328.808093
257780000,7336.785355
257800000,7710.199977
257820000,7618.562572
257840000,7597.574841
257860000,6748.006021
257880000,6149.005378
257900000,6174.282364
257920000,5958.044635
257940000,5900.572822
257960000,5993.432649
257980000,5938.680224
258000000,7121.854884
258020000,9931.126136
258040000,10133.727919
258060000,10027.332297
258080000,10054.923999
258100000,10072.822355
258120000,12347.814697
258140000,12058.258331
258160000,11605.822942
258180000,11516.735303
258200000,8685.736918
258220000,8624.809476
258240000,9142.380177
258260000,8373.222328
258280000,7916.512046
258300000,7305.150236
258320000,7148.593450
258340000,7235.699192
258360000,7235.610151
258380000,9725.988828
258400000,9439.425580
258420000,9930.460094
258440000,9625.423663
258460000,12167.080419
258480000,10297.927210
258500000,9298.611799
258520000,9451.710252
258540000,9138.782871
258560000,9128.616877
258580000,9316.218200
258600000,8467.895284
258620000,7486.580498
258640000,7576.901413
258660000,7446.559404
258680000,7491.101979
258700000,8104.731036
258720000,7850.267934
258740000,8417.915365
258760000,8538.743452
258780000,8493.803582
258800000,8677.560024
258820000,8449.046507
258840000,8724.452857
258860000,6891.654002
258880000,6899.931899
258900000,6985.792656
258920000,6971.617752
258940000,6617.457070
258960000,6691.934799
258980000,7199.742136
259000000,7073.261078
259020000,7110.830269
259040000,7197.930381
259060000,6897.819745
259080000,6789.084744
259100000,7147.289418
259120000,7122.554877
259140000,6904.614181
259160000,6645.487734
259180000,6638.552576
259200000,6711.066253
259220000,6362.263983
259240000,6350.796308
259260000,6990.735940
259280000,7128.652314
259300000,7133.863189
259320000,7124.770396
259340000,7205.082237
259360000,7165.058685
259380000,7047.408635
259400000,10283.290676
259420000,10753.535611
259440000,10414.418314
259460000,9909.440826
259480000,13666.207667
259500000,13706.303049
259520000,10036.850632
259540000,9822.230443
259560000,10125.319706
259580000,7730.366549
259600000,7620.317120
259620000,8091.735224
259640000,8279.357556
259660000,8292.230674
259680000,8631.884533
259700000,8570.638735
259720000,7757.107942
259740000,8056.094482
259760000,9311.100032
259780000,6787.499637
259800000,6737.827926
259820000,6662.204444
259840000,6757.755747
259860000,6798.300931
259880000,6698.969876
259900000,7173.484046
259920000,7128.411715
259940000,7861.384229
259960000,7640.904387
259980000,7523.747231
260000000,7561.866699
260020000,7366.193429
260040000,7189.968800
260060000,7043.072333
260080000,7198.451727
260100000,7379.488852
260120000,7418.065981
260140000,7403.978015
260160000,7467.043024
260180000,7388.257669
260200000,7177.327455
260220000,7165.775971
260240000,7324.013083
260260000,7926.034852
260280000,6623.265441
260300000,6306.018130
260320000,6342.507870
260340000,6550.171245
260360000,6680.389133
260380000,6653.503674
260400000,6616.187920
260420000,6683.303769
260440000,6765.524032
260460000,6483.237481
260480000,6546.005285
260500000,6527.985516
260520000,6571.206578
260540000,7099.636679
260560000,7196.292166
260580000,7722.524686
260600000,7867.659781
260620000,7622.483929
260640000,7562.620208
260660000,7538.138352
260680000,7700.692670
260700000,7940.910100
260720000,7769.472270
260740000,7594.589847
260760000,7365.652621
260780000,7388.799517
260800000,11810.279334
260820000,12531.924079
260840000,12584.091855
260860000,12182.421927
260880000,12572.317335
260900000,12904.497109
260920000,12902.634568
260940000,11855.075932
260960000,11865.370303
260980000,12170.003449
261000000,13155.646126
261020000,15997.717106
261040000,15262.512914
261060000,15563.209035
261080000,9565.820096
261100000,9297.429822
261120000,9316.061011
261140000,16116.105150
261160000,16649.168971
261180000,16837.458718
261200000,16815.963782
261220000,17336.442062
261240000,7998.149821
261260000,7833.073747
261280000,7924.857736
261300000,7898.681228
261320000,14215.881846
261340000,9943.636799
261360000,10101.831334
261380000,10236.137426
261400000,10296.446060
261420000,10138.270350
261440000,10093.216679
261460000,10224.567496
261480000,10058.399904
261500000,10023.089776
261520000,10116.496978
261540000,10154.445814
261560000,10486.763213
261580000,10792.252548
261600000,10821.472801
261620000,10868.710423
261640000,8053.011090
261660000,8039.618422
261680000,7606.864463
261700000,7625.741746
261720000,7571.709514
261740000,7464.550108
261760000,7466.301098
261780000,7736.791907
261800000,8234.449068
261820000,8126.284976
261840000,8078.656485
261860000,7761.571746
261880000,8866.966412
261900000,8730.604810
261920000,8846.765589
261940000,8724.044466
261960000,8911.389568
261980000,11606.743717
262000000,11353.030891
262020000,10560.681771
262040000,10091.704503
262060000,8612.935260
262080000,8921.670352
262100000,9475.171643
262120000,9587.605450
262140000,9565.459590
262160000,9924.661935
262180000,9323.418507
262200000,11119.776107
262220000,11143.531713
262240000,10903.215278
262260000,11273.632469
262280000,11508.566767
262300000,9235.838288
262320000,9422.127785
262340000,9445.292027
262360000,11259.045649
262380000,14202.304186
262400000,14030.036775
262420000,14903.393385
262440000,15064.969578
262460000,15197.798095
262480000,15099.041825
262500000,15423.364902
262520000,15165.252970
262540000,15107.488710
262560000,15534.100971
262580000,15523.635046
262600000,15356.932897
262620000,15622.322228
262640000,16262.575364
262660000,16357.301224
262680000,16694.124715
262700000,16689.245094
262720000,16498.184582
262740000,16164.926427
262760000,16252.522008
262780000,16250.567555
262800000,16209.436692
262820000,16634.652532
262840000,16565.708801
262860000,14803.978671
262880000,14433.169884
262900000,14836.117180
262920000,17156.719479
262940000,17035.303728
262960000,16930.435730
262980000,16792.188794
263000000,10985.011284
263020000,13037.264512
263040000,13521.392368
263060000,13944.519761
263080000,13761.426503
263100000,13780.996341
263120000,15178.641436
263140000,14186.948436
263160000,14730.550757
263180000,10909.131311
263200000,7214.585252
263220000,7957.279281
263240000,6656.352538
263260000,6606.811282
263280000,6583.095247
263300000,6604.954980
263320000,7675.916970
263340000,8024.328107
263360000,8231.769722
263380000,7192.352673
263400000,7129.765634
263420000,7049.017023
263440000,7437.466440
263460000,7478.692884
263480000,7489.241026
263500000,7167.700997
263520000,8464.552037
263540000,8562.474337
263560000,8574.199638
263580000,6850.514280
263600000,12272.229942
263620000,12144.726975
263640000,12169.146455
263660000,11944.782452
263680000,11964.318118
263700000,11102.848493
263720000,10578.005193
263740000,10455.021113
263760000,10870.255999
263780000,10805.736678
263800000,10786.358713
263820000,10665.919729
263840000,10703.347811
263860000,9919.443444
263880000,9534.675046
263900000,11618.633378
263920000,11661.063363
263940000,11975.663793
263960000,10859.441216
263980000,10949.228202
264000000,10751.541649
264020000,10706.828268
264040000,6938.714431
264060000,6958.665344
264080000,10452.176183
264100000,10419.388135
264120000,10921.331291
264140000,7669.136418
264160000,7599.452950
264180000,7402.054380
264200000,7951.016328
264220000,7984.936168
264240000,8794.277587
264260000,8775.418664
264280000,8634.047280
264300000,7129.111288
264320000,7027.671954
264340000,6991.112745
264360000,6655.453317
264380000,7072.847933
264400000,7083.720745
264420000,6916.104581
264440000,6764.579215
264460000,6963.455040
264480000,7263.282243
264500000,6810.124620
264520000,6833.404615
264540000,6154.357705
264560000,6116.678253
264580000,6178.108867
264600000,6149.238548
264620000,6104.887462
264640000,6024.978160
264660000,6186.666310
264680000,6197.163158
264700000,6324.448257
264720000,6366.819919
264740000,6453.100816
264760000,6608.045114
264780000,7250.524534
264800000,6875.612713
264820000,6910.644515
264840000,6830.653902
264860000,6594.406929
264880000,6477.174261
264900000,6393.942230
264920000,6575.973354
264940000,6672.593029
264960000,9102.510241
264980000,8866.802777
265000000,9086.942569
265020000,9291.104610
265040000,9338.291336
265060000,9300.348314
265080000,8901.028174
265100000,9111.797377
265120000,8861.047741
265140000,8926.771645
265160000,9006.202245
265180000,9141.625343
265200000,10109.597373
265220000,10502.996197
265240000,10447.293511
265260000,10103.616388
265280000,11192.498322
265300000,13174.057432
265320000,12740.483822
265340000,10871.960992
265360000,12026.349348
265380000,12070.476542
265400000,17880.280966
265420000,15502.677674
265440000,19699.528229
265460000,22619.122059
265480000,23351.712310
265500000,23639.371421
265520000,23506.513911
265540000,23491.003997
265560000,22426.408023
265580000,17062.042367
265600000,12613.947076
265620000,9150.500403
265640000,9188.447679
265660000,8994.076009
265680000,10320.407884
265700000,10103.251789
265720000,12432.587787
265740000,12392.920051
265760000,18021.177925
265780000,17582.101595
265800000,17666.543328
265820000,18315.812623
265840000,18243.732133
265860000,18282.321909
265880000,18573.616576
265900000,18157.257674
265920000,18983.830371
265940000,23818.123573
265960000,12563.029008
265980000,12120.783378
266000000,11913.694606
266020000,16184.746279
266040000,16270.088184
266060000,15686.584737
266080000,15768.763925
266100000,15594.799126
266120000,15216.295335
266140000,14986.799937
266160000,12847.698569
266180000,12778.937911
266200000,13156.230242
266220000,12267.124087
266240000,9951.957257
266260000,9995.371013
266280000,9586.393126
266300000,14547.239438
266320000,10277.170690
266340000,9124.947904
266360000,9101.018718
266380000,9030.864272
266400000,8793.736480
266420000,8854.517370
266440000,8998.271710
266460000,9132.248209
266480000,11064.778501
266500000,11423.036373
266520000,13984.177142
266540000,13990.141670
266560000,13963.376627
266580000,14224.529972
266600000,14773.986863
266620000,14915.081336
266640000,15700.015760
266660000,15396.847271
266680000,13051.461550
266700000,12113.769916
266720000,12012.789696
266740000,10997.068950
266760000,11106.834015
266780000,11133.689840
266800000,11140.355564
266820000,14914.116292
266840000,14763.397009
266860000,14747.891074
266880000,14672.136276
266900000,15062.396396
266920000,9500.815924
266940000,8697.193759
266960000,9667.087049
266980000,9198.871656
267000000,8395.173936
267020000,8292.789755
267040000,8343.602827
267060000,8394.197864
267080000,8628.173261
267100000,8526.191996
267120000,8193.328361
267140000,9589.001492
267160000,10430.866344
267180000,10866.998801
267200000,9742.197119
267220000,9598.974035
267240000,9572.859853
267260000,9319.838298
267280000,9499.995384
267300000,9381.818600
267320000,8574.545701
267340000,8512.328549
267360000,8372.545574
267380000,12969.014962
267400000,13006.884095
267420000,13156.720544
267440000,16661.063986
267460000,17796.214849
267480000,11803.464914
267500000,11670.781706
267520000,11451.894848
267540000,11255.503241
267560000,17467.722014
267580000,20839.201490
267600000,19870.141367
267620000,13702.965614
267640000,12424.275033
267660000,11182.917923
267680000,11121.494337
267700000,8833.474241
267720000,8882.397721
267740000,9166.492175
267760000,9198.630930
267780000,9311.868502
267800000,9341.507370
267820000,9412.444292
267840000,9390.150469
267860000,9714.992344
267880000,9404.651128
267900000,9401.680756
267920000,14741.607346
267940000,15068.582071
267960000,15765.401192
267980000,15688.999972
268000000,15807.407233
268020000,15077.236710
268040000,13868.342509
268060000,13859.005984
268080000,13403.998674
268100000,13188.610409
268120000,13032.516788
268140000,13127.424313
268160000,8571.588422
268180000,8608.092496
268200000,8543.413165
268220000,8481.253668
268240000,8256.766219
268260000,8345.823440
268280000,8411.554489
268300000,7592.828245
268320000,7434.425974
268340000,7581.230009
268360000,7757.382296
268380000,7841.940434
268400000,7838.566488
268420000,11293.089543
268440000,11492.109151
268460000,11399.426689
268480000,12701.366701
268500000,12814.294749
268520000,11322.322936
268540000,11138.144432
268560000,11083.566493
268580000,10904.642930
268600000,11004.941938
268620000,10139.777357
268640000,11753.645424
268660000,11637.209396
268680000,12779.281439
268700000,12822.475051
268720000,9846.732466
268740000,9867.218873
268760000,9955.587897
268780000,9324.650783
268800000,9185.296452
268820000,11367.131776
268840000,11965.167725
268860000,11007.532631
268880000,11069.529123
268900000,10794.514552
268920000,10831.654591
268940000,7797.406564
268960000,8513.433214
268980000,8584.474370
269000000,8717.394393
269020000,9201.990918
269040000,7095.960620
269060000,7147.104221
269080000,7235.992916
269100000,6606.581308
269120000,7424.182722
269140000,8364.206484
269160000,8275.587877
269180000,8274.141574
269200000,6934.596532
269220000,7123.109750
269240000,7232.968174
269260000,7163.455060
269280000,8394.596696
269300000,8295.903995
269320000,8330.356550
269340000,9692.732356
269360000,10431.470921
269380000,11616.025024
269400000,11444.831631
269420000,12124.818913
269440000,12293.524681
269460000,13095.840407
269480000,12921.643124
269500000,12788.737988
269520000,12875.833810
269540000,16598.518775
269560000,16437.486789
269580000,15032.423308
269600000,15035.310859
269620000,14881.764892
269640000,12618.114367
269660000,10469.958180
269680000,16766.904894
269700000,17594.475110
269720000,17725.044079
269740000,12433.445295
269760000,12335.384029
269780000,12234.720848
269800000,11011.002980
269820000,11178.081032
269840000,11137.345800
269860000,10849.701417
269880000,10882.605007
269900000,11857.678169
269920000,11639.442622
269940000,10126.524215
269960000,9884.149220
269980000,10017.002971
270000000,10057.916370
270020000,10046.347313
270040000,10049.274988
270060000,9933.237524
270080000,11153.892371
270100000,11314.827343
270120000,11448.700150
270140000,11458.416034
270160000,9364.030293
270180000,9795.956161
270200000,10394.275016
270220000,10645.541160
270240000,10545.990299
270260000,10553.772032
270280000,10648.041244
270300000,8922.887161
270320000,8883.375132
270340000,8718.266247
270360000,8635.986912
270380000,8652.444614
270400000,8771.960659
270420000,8161.852989
270440000,8960.657983
270460000,8886.238377
270480000,9017.361631
270500000,9029.810656
270520000,9278.984697
270540000,9326.088633
270560000,9329.582635
270580000,9608.774916
270600000,9276.568811
270620000,18975.056982
270640000,19061.999039
270660000,19191.657440
270680000,18571.511389
270700000,19236.928737
270720000,17116.979915
270740000,16944.798950
270760000,17843.408309
270780000,17837.620682
270800000,17301.588632
270820000,14740.710189
270840000,14397.561421
270860000,14593.426335
270880000,15406.340918
270900000,15425.800436
270920000,15560.862360
270940000,15899.776720
270960000,16846.808067
270980000,17069.922927
271000000,16863.644174
271020000,17272.833331
271040000,17060.620603
271060000,17131.873560
271080000,14235.359955
271100000,14558.868204
271120000,14233.639198
271140000,14649.573699
271160000,14159.638408
271180000,14660.843797
271200000,9873.024372
271220000,9743.100466
271240000,9486.905751
271260000,9566.766237
271280000,8498.537974
271300000,8926.360854
271320000,9140.895832
271340000,11881.947316
271360000,11923.140279
271380000,20353.864381
271400000,17553.851818
271420000,16684.871181
271440000,17077.456927
271460000,13936.270397
271480000,13286.136630
271500000,13283.787110
271520000,13253.131289
271540000,13177.455208
271560000,12939.489823
271580000,8541.968010
271600000,7917.791181
271620000,7965.033521
271640000,8336.471108
271660000,8548.614731
271680000,8226.097302
271700000,9406.521831
271720000,13756.928260
271740000,13756.772996
271760000,13874.726930
271780000,13283.904191
271800000,12346.518565
271820000,12358.282393
271840000,12689.677693
271860000,12432.158607
271880000,11029.515570
271900000,13344.902198
271920000,13800.787265
271940000,13761.202776
271960000,14000.793502
271980000,14102.770531
272000000,11988.696860
272020000,12222.179250
272040000,16206.984434
272060000,14954.157816
272080000,14820.142779
272100000,14826.320180
272120000,14566.507844
272140000,14526.199254
272160000,14247.315179
272180000,14335.284544
272200000,13817.772704
272220000,12592.061103
272240000,12537.955860
272260000,12346.773444
272280000,13400.507248
272300000,12971.114134
272320000,12919.520243
272340000,9060.258687
272360000,8897.711554
272380000,8662.566735
272400000,8999.218567
272420000,8354.994279
272440000,17348.808479
272460000,25501.235198
272480000,13930.307463
272500000,13963.919984
272520000,15757.169720
272540000,15816.143062
272560000,16436.779984
272580000,16282.679045
272600000,16508.191637
272620000,16031.741041
272640000,13644.915882
272660000,9869.765118
272680000,9992.041410
272700000,7791.001139
272720000,7872.343374
272740000,7940.606913
272760000,9790.017529
272780000,9820.131312
272800000,9486.976489
272820000,10068.283087
272840000,10168.603675
272860000,8793.733296
272880000,8732.994492
272900000,8512.616082
272920000,9122.917019
272940000,8945.146294
272960000,9525.613997
272980000,9781.674625
273000000,9987.074070
273020000,9948.185833
273040000,10055.858210
273060000,10591.340100
273080000,11103.436450
273100000,11363.563027
273120000,9854.332390
273140000,9905.028418
273160000,9719.033841
273180000,19786.514819
273200000,9220.116715
273220000,9226.283586
273240000,9593.141371
273260000,9731.035730
273280000,9798.673526
273300000,10123.978817
273320000,10198.151468
273340000,10473.884329
273360000,11042.770488
273380000,9200.383076
273400000,9339.252236
273420000,9657.974519
273440000,10397.828889
273460000,10508.950761
273480000,10377.651309
273500000,10384.678572
273520000,12509.383453
273540000,12393.037064
273560000,11361.448792
273580000,11308.871330
273600000,11415.485314
273620000,13029.962674
273640000,13745.328207
273660000,16583.239391
273680000,16778.890756
273700000,16856.916892
273720000,16640.852618
273740000,12082.633127
273760000,12267.925149
273780000,12116.574283
273800000,12278.838730
273820000,12846.288994
273840000,14139.703456
273860000,13969.801133
273880000,11191.469581
273900000,9081.506475
273920000,8867.843644
273940000,8725.375754
273960000,9018.565668
273980000,9108.345743
274000000,9102.114771
274020000,8748.974620
274040000,8592.272729
274060000,8631.019316
274080000,8671.899903
274100000,9105.804936
274120000,8776.167427
274140000,13991.029159
274160000,13706.349805
274180000,13742.407351
274200000,13831.641467
274220000,13725.561997
274240000,11613.637104
274260000,11149.575468
274280000,10370.001002
274300000,11948.732605
274320000,12032.312813
274340000,11911.163243
274360000,10387.118925
274380000,11476.396518
274400000,9635.460768
274420000,9421.235786
274440000,7255.351937
274460000,8411.491135
274480000,9278.878783
274500000,9012.356976
274520000,8949.159788
274540000,9028.765881
274560000,16992.280515
274580000,8388.220398
274600000,8129.441422
274620000,8018.195666
274640000,7977.501677
274660000,10299.399366
274680000,10650.916479
274700000,10678.793932
274720000,14188.789743
274740000,13880.073495
274760000,15576.983059
274780000,16635.384345
274800000,16522.758214
274820000,16205.744971
274840000,16393.775439
274860000,16435.266793
274880000,16439.562813
274900000,16880.417018
274920000,17265.206897
274940000,17790.320021
274960000,20941.279996
274980000,20395.759641
275000000,15242.835894
275020000,11660.596980
275040000,13284.165171
275060000,11733.669240
275080000,11389.406781
275100000,11518.353100
275120000,11539.258554
275140000,14246.696854
275160000,14067.126599
275180000,14538.041694
275200000,10315.331867
275220000,18104.313856
275240000,18947.094115
275260000,19111.227799
275280000,18860.274520
275300000,18879.053326
275320000,19493.058880
275340000,19442.432292
275360000,10723.249587
275380000,10415.518230
275400000,10623.101294
275420000,10457.785380
275440000,10728.028682
275460000,10634.803409
275480000,9876.375703
275500000,9103.214185
275520000,8691.849594
275540000,8704.052204
275560000,8741.611965
275580000,8654.932411
275600000,8527.177214
275620000,8590.277127
275640000,8922.867333
275660000,8800.463767
275680000,11141.429363
275700000,12329.468282
275720000,10128.521434
275740000,10001.864699
275760000,9704.963488
275780000,9722.201183
275800000,9617.422799
275820000,10801.476544
275840000,10052.564543
275860000,10172.878685
275880000,10387.392699
275900000,10493.064803
275920000,10675.932724
275940000,9398.514512
275960000,9328.488545
275980000,9691.665776
276000000,9870.826095
276020000,9643.851843
276040000,9493.758051
276060000,9647.584635
276080000,9657.246386
276100000,9769.806179
276120000,9806.871523
276140000,11373.534583
276160000,9919.700536
276180000,9842.863805
276200000,9812.273391
276220000,9892.209646
276240000,10664.448611
276260000,10424.176457
276280000,10270.404057
276300000,10033.369526
276320000,9869.750622
276340000,11232.904961
276360000,10260.518441
276380000,18173.851712
276400000,16836.115820
276420000,16744.873659
276440000,16795.424698
276460000,18551.765281
276480000,10760.005938
276500000,9735.742445
276520000,9658.408215
276540000,9118.007272
276560000,9280.206432
276580000,9397.464875
276600000,11512.398143
276620000,11459.661313
276640000,11657.726864
276660000,11664.474961
276680000,11998.635980
276700000,18673.060981
276720000,18503.154036
276740000,18757.314119
276760000,15144.730797
276780000,14985.798363
276800000,14958.564080
276820000,14970.636859
276840000,10123.877548
276860000,10050.160347
276880000,10103.237661
276900000,10067.787619
276920000,10340.925670
276940000,10436.215257
276960000,10434.849665
276980000,11220.305924
277000000,10963.878192
277020000,10872.946678
277040000,11054.989259
277060000,9411.877868
277080000,10290.285704
277100000,11263.077244
277120000,11478.822285
277140000,11494.600339
277160000,23066.022972
277180000,11379.433456
277200000,11635.667977
277220000,11579.404272
277240000,11276.466251
277260000,11485.300265
277280000,11428.993693
277300000,11879.469827
277320000,12107.372290
277340000,11633.168998
277360000,10959.785381
277380000,10902.612235
277400000,10230.767840
277420000,9835.922238
277440000,9973.501892
277460000,9875.923710
277480000,10005.605212
277500000,10030.947766
277520000,9736.615075
277540000,9107.462679
277560000,9086.905584
277580000,10644.784205
277600000,10072.669705
277620000,10036.137639
277640000,12568.914402
277660000,12467.016308
277680000,12190.085388
277700000,8518.326221
277720000,12066.938088
277740000,15478.362549
277760000,15397.772026
277780000,15357.354388
277800000,14317.724146
277820000,12477.540736
277840000,12479.485261
277860000,11965.995472
277880000,11861.869894
277900000,11918.396001
277920000,9557.475211
277940000,10778.095526
277960000,11205.492870
277980000,11036.530611
278000000,17020.718830
278020000,17508.944861
278040000,18198.276457
278060000,17555.469051
278080000,16078.582412
278100000,15959.801685
278120000,14902.848350
278140000,14249.445586
278160000,13565.589218
278180000,13754.430811
278200000,7469.825820
278220000,17172.968917
278240000,13936.923824
278260000,14661.707457
278280000,14841.509572
278300000,15109.798574
278320000,15579.273104
278340000,14778.582608
278360000,9853.225368
278380000,8839.162202
278400000,8916.808465
278420000,9060.045107
278440000,8371.167421
278460000,8474.365897
278480000,8336.043369
278500000,8330.180013
278520000,8153.206008
278540000,8188.829792
278560000,8293.166533
278580000,10949.329090
278600000,11230.829702
278620000,11036.876646
278640000,11137.234936
278660000,11470.637688
278680000,12541.606557
278700000,10824.990066
278720000,11260.621908
278740000,11607.883088
278760000,11472.067023
278780000,11310.309495
278800000,11272.678001
278820000,11145.199186
278840000,11315.437882
278860000,11343.537727
278880000,11383.285695
278900000,11509.433021
278920000,11475.566854
278940000,11794.478410
278960000,11713.283870
278980000,15243.263224
279000000,15345.848647
279020000,14543.236891
279040000,14586.537408
279060000,20735.906325
279080000,20582.434539
279100000,20812.134758
279120000,20794.144901
279140000,20499.263390
279160000,20407.181441
279180000,18998.823190
279200000,20774.132443
279220000,15735.905298
279240000,15970.521627
279260000,15453.581273
279280000,14878.584593
279300000,15240.692090
279320000,15829.677990
279340000,15726.414870
279360000,15825.319289
279380000,16822.273193
279400000,15682.074727
279420000,15133.303916
279440000,15260.014999
279460000,15193.377146
279480000,15633.665294
279500000,15684.402667
279520000,14192.039384
279540000,15772.029123
279560000,14397.259342
279580000,9751.442624
279600000,9505.209039
279620000,9405.454130
279640000,9427.773985
279660000,14766.982676
279680000,14891.786571
279700000,14739.685096
279720000,13623.260739
279740000,8908.765351
279760000,8838.584368
279780000,11726.936398
279800000,11303.844757
279820000,11576.206463
279840000,12487.936655
279860000,12238.388215
279880000,6714.474256
279900000,6912.211394
279920000,6907.379743
279940000,6908.902579
279960000,6841.119462
279980000,6796.094335
280000000,6898.075490
280020000,6933.932980
280040000,8783.013614
280060000,7935.051180
280080000,7817.006599
280100000,12160.701265
280120000,11745.780265
280140000,11803.488631
280160000,11965.288109
280180000,12175.275195
280200000,14034.358150
280220000,13480.158255
280240000,13964.507059
280260000,14023.792557
280280000,14094.175719
280300000,14161.672922
280320000,13303.913687
280340000,13390.759828
280360000,13582.057382
280380000,13936.396229
280400000,14487.847713
280420000,14487.248006
280440000,12397.171711
280460000,12489.049069
280480000,10404.352933
280500000,10264.428316
280520000,10879.157501
280540000,10778.234381
280560000,11651.756281
280580000,11731.396205
280600000,10264.280679
280620000,10489.824575
280640000,10426.158263
280660000,10366.344035
280680000,10237.900655
280700000,11822.347338
280720000,11637.708601
280740000,11568.494434
280760000,11580.402983
280780000,8608.659635
280800000,8923.297013
280820000,8940.335635
280840000,12202.210666
280860000,12459.925660
280880000,14543.790727
280900000,14706.425067
280920000,14675.501576
280940000,14587.973550
280960000,14491.658911
280980000,7423.016446
281000000,7703.767200
281020000,11422.165315
281040000,11617.046022
281060000,11631.888450
281080000,10723.444930
281100000,10615.064136
281120000,10606.460195
281140000,9514.442030
281160000,9557.168889
281180000,9374.121752
281200000,9453.247621
281220000,9651.124653
281240000,10224.706549
281260000,10127.426990
281280000,10227.659676
281300000,11693.752440
281320000,11736.294797
281340000,11214.293095
281360000,10054.277808
281380000,10617.444603
281400000,14732.660771
281420000,14452.368014
281440000,15014.953932
281460000,15967.672215
281480000,16252.795126
281500000,12962.359372
281520000,11812.316528
281540000,11808.229228
281560000,9907.522588
281580000,9934.188229
281600000,10222.041083
281620000,10349.964220
281640000,10281.061071
281660000,10260.025887
281680000,10276.986367
281700000,10343.387801
281720000,10495.506634
281740000,9962.015513
281760000,10313.085287
281780000,12319.510416
281800000,12413.384056
281820000,12482.478478
281840000,12272.052854
281860000,11602.930859
281880000,9496.529310
281900000,9785.727055
281920000,9393.214846
281940000,9603.079891
281960000,9512.257058
281980000,8612.408129
282000000,8648.532848
282020000,9266.047974
282040000,9207.010159
282060000,9008.810118
282080000,9268.295103
282100000,9383.204404
282120000,9309.418590
282140000,9290.186249
282160000,9437.606518
282180000,9030.054488
282200000,9406.625885
282220000,8921.185522
282240000,8795.642523
282260000,8939.945371
282280000,9111.935057
282300000,9257.277652
282320000,8112.802994
282340000,9599.255156
282360000,9593.209623
282380000,9663.911435
282400000,9721.052809
282420000,9792.591601
282440000,9919.673851
282460000,10127.197295
282480000,10046.178330
282500000,10248.533214
282520000,9998.610445
282540000,7334.040057
282560000,7007.308195
282580000,6811.825580
282600000,6805.421664
282620000,6882.548950
282640000,6972.817974
282660000,7324.941855
282680000,7406.141259
282700000,7450.636752
282720000,7337.029802
282740000,8250.771750
282760000,7941.143307
282780000,7950.877369
282800000,8243.483835
282820000,8252.930485
282840000,8287.219834
282860000,8053.057843
282880000,8032.486600
282900000,6706.350118
282920000,6806.138670
282940000,6781.991525
282960000,6784.878506
282980000,6502.656227
283000000,6384.238745
283020000,6430.829858
283040000,6384.750503
283060000,6091.736049
283080000,7090.079618
283100000,7113.958849
283120000,9329.464188
283140000,8958.859564
283160000,8326.670967
283180000,10062.037574
283200000,10183.658934
283220000,11140.378046
283240000,11470.075022
283260000,11234.859619
283280000,11280.857909
283300000,11784.219826
283320000,11608.386007
283340000,11680.615535
283360000,11686.375896
283380000,11807.743102
283400000,7864.467785
283420000,8761.426302
283440000,9587.068143
283460000,10151.130485
283480000,13184.637300
283500000,13194.114224
283520000,11653.145483
283540000,11646.202708
283560000,11362.214607
283580000,9639.597707
283600000,9438.908069
283620000,9406.925693
283640000,9539.519321
283660000,9929.510048
283680000,10404.122435
283700000,10388.210849
283720000,10299.651305
283740000,10226.276207
283760000,11030.096731
283780000,11119.750350
283800000,11523.460634
283820000,11356.762005
283840000,10372.421385
283860000,10288.773361
283880000,10291.837405
283900000,12045.784077
283920000,13156.631876
283940000,14719.156489
283960000,14415.764831
283980000,14291.595141
284000000,13852.151777
284020000,13825.689389
284040000,13438.881928
284060000,14344.153223
284080000,17402.041935
284100000,17296.055714
284120000,17366.779410
284140000,17480.696332
284160000,17330.179296
284180000,16337.638982
284200000,11928.693146
284220000,11187.713002
284240000,17571.010469
284260000,18385.749292
284280000,21163.432050
284300000,21595.310007
284320000,18300.412830
284340000,19088.898282
284360000,18986.859610
284380000,18580.773627
284400000,18072.729992
284420000,13030.831272
284440000,14349.531906
284460000,14456.065731
284480000,14538.125772
284500000,14760.267367
284520000,14452.518805
284540000,15142.275147
284560000,15036.398640
284580000,15001.688083
284600000,14635.609403
284620000,14127.837555
284640000,14339.665899
284660000,14533.934022
284680000,14224.175291
284700000,10457.606610
284720000,10500.869945
284740000,10722.700789
284760000,10633.579571
284780000,10843.516933
284800000,11006.992264
284820000,9878.996599
284840000,10131.192194
284860000,9509.034583
284880000,9309.673371
284900000,9144.208315
284920000,8918.743204
284940000,9057.327960
284960000,9169.202343
284980000,9305.006766
285000000,9074.814716
285020000,9992.205144
285040000,9775.424535
285060000,9662.580366
285080000,9359.345651
285100000,9607.404392
285120000,12247.090646
285140000,12309.392851
285160000,12330.971131
285180000,12247.977284
285200000,12303.699610
285220000,12090.934521
285240000,14416.600169
285260000,14880.360053
285280000,9382.007903
285300000,10973.065736
285320000,11179.223042
285340000,14220.646350
285360000,14534.672415
285380000,14300.678907
285400000,10856.370926
285420000,10950.147176
285440000,10439.899604
285460000,12370.522734
285480000,12689.608456
285500000,13150.376947
285520000,14402.994294
285540000,14014.630893
285560000,13903.744864
285580000,10826.567076
285600000,9779.104492
285620000,9289.559316
285640000,9240.134556
285660000,8444.529821
285680000,8049.971976
285700000,8168.429142
285720000,8198.456587
285740000,7227.760905
285760000,7009.669159
285780000,6853.110975
285800000,6699.636925
285820000,9231.152758
285840000,18579.292092
285860000,18690.578918
285880000,19007.947004
285900000,19411.943060
285920000,18968.598719
285940000,19094.598190
285960000,11873.627476
285980000,10759.641595
286000000,10289.246642
286020000,10308.419595
286040000,10496.491746
286060000,10956.757423
286080000,11033.116949
286100000,12469.083494
286120000,12465.532854
286140000,10769.953320
286160000,8835.483114
286180000,10445.121646
286200000,10185.978657
286220000,10223.311600
286240000,8094.230304
286260000,8061.282962
286280000,6886.077982
286300000,6651.741758
286320000,6781.958627
286340000,6858.029892
286360000,6776.637252
286380000,6977.391410
286400000,6919.974767
286420000,6475.491720
286440000,6576.878364
286460000,6445.135026
286480000,6447.269842
286500000,6544.410681
286520000,6009.046464
286540000,5597.191360
286560000,7282.955836
286580000,7309.045793
286600000,10874.642444
286620000,11135.542179
286640000,11485.912242
286660000,9113.754290
286680000,9805.352347
286700000,9928.146725
286720000,9531.482877
286740000,8297.309856
286760000,6930.680132
286780000,6880.475406
286800000,6940.416404
286820000,7055.188626
286840000,9445.765094
286860000,9534.817862
286880000,9436.188941
286900000,9364.804618
286920000,8988.156014
286940000,13103.589957
286960000,12871.246329
286980000,13183.723734
287000000,13254.108971
287020000,14046.494936
287040000,14130.545693
287060000,14091.093049
287080000,13995.665327
287100000,13796.728841
287120000,13867.568450
287140000,13552.110811
287160000,13654.354784
287180000,11380.507740
287200000,11360.649184
287220000,12527.646350
287240000,12216.583831
287260000,12140.219785
287280000,12177.704698
287300000,12313.952880
287320000,12241.396304
287340000,12061.584611
287360000,11859.717498
287380000,12044.774134
287400000,10560.137537
287420000,12301.250956
287440000,11953.365126
287460000,11855.196977
287480000,11576.104907
287500000,11822.887832
287520000,10189.435864
287540000,7915.880659
287560000,10610.616339
287580000,10533.229411
287600000,11134.751602
287620000,13772.409461
287640000,10363.142194
287660000,10184.255645
287680000,10421.315592
287700000,11138.485408
287720000,10793.363627
287740000,10868.871149
287760000,9985.746082
287780000,9623.270786
287800000,12735.551832
287820000,23104.661399
287840000,22983.991187
287860000,19054.423175
287880000,18428.032821
287900000,18530.908893
287920000,18309.145409
287940000,18258.096738
287960000,8630.557517
287980000,9009.590484
288000000,10230.954606
288020000,10339.639837
288040000,10409.603174
288060000,10280.815770
288080000,10349.916033
288100000,10084.674527
288120000,10235.299064
288140000,10217.258412
288160000,10408.515177
288180000,10624.161662
288200000,8506.472366
288220000,12303.477398
288240000,10408.040701
288260000,9701.137531
288280000,11955.741651
288300000,10759.090398
288320000,10683.144908
288340000,10526.075510
288360000,10462.449904
288380000,7726.968192
288400000,9666.320621
288420000,9799.878607
288440000,9643.002826
288460000,9827.306590
288480000,9710.457165
288500000,10833.580545
288520000,10855.892319
288540000,7721.806936
288560000,8482.355892
288580000,8271.040099
288600000,10621.848236
288620000,10765.145612
288640000,10643.703203
288660000,10685.219757
288680000,10085.394623
288700000,10134.722843
288720000,9278.343121
288740000,7757.894912
288760000,7678.629407
288780000,7569.705688
288800000,7886.430010
288820000,7821.425131
288840000,8483.675220
288860000,8627.788724
288880000,8598.567083
288900000,7126.780072
288920000,7142.614412
288940000,7125.256008
288960000,7121.242301
288980000,6834.329536
289000000,6796.148457
289020000,6866.482681
289040000,6958.914680
289060000,6983.451550
289080000,7041.396677
289100000,7033.354591
289120000,7156.371224
289140000,7543.919785
289160000,7644.079007
289180000,7636.435419
289200000,7765.048287
289220000,7473.023636
289240000,7483.344637
289260000,8501.206363
289280000,11853.017317
289300000,11822.504878
289320000,12283.500953
289340000,12206.040040
289360000,8553.565332
289380000,7605.089451
289400000,7790.500929
289420000,7744.469226
289440000,8062.130240
289460000,8225.112451
289480000,9315.680983
289500000,9216.006091
289520000,9141.071286
289540000,9548.774091
289560000,9160.301910
289580000,8072.076594
289600000,8129.774580
289620000,7291.380369
289640000,7181.462336
289660000,7180.499224
289680000,7408.600037
289700000,7616.817840
289720000,8181.656582
289740000,8281.075681
289760000,8350.922686
289780000,11824.326019
289800000,12578.310088
289820000,12195.567417
289840000,7648.342996
289860000,7639.384352
289880000,10596.261634
289900000,10605.226120
289920000,11094.643566
289940000,10465.977870
289960000,8422.675968
289980000,8306.951912
290000000,8555.136458
290020000,8054.074505
290040000,8112.178094
290060000,8543.251884
290080000,8380.804553
290100000,8919.041479
290120000,9036.429274
290140000,11345.883157
290160000,11321.924311
290180000,11102.231066
290200000,11007.213414
290220000,11274.247136
290240000,10167.562655
290260000,10016.158319
290280000,9879.987532
290300000,8903.892595
290320000,9078.182721
290340000,9276.495811
290360000,13501.368450
290380000,13470.131171
290400000,13160.764090
290420000,13595.709140
290440000,13155.081051
290460000,10698.930076
290480000,9649.444277
290500000,9472.355957
290520000,9461.839515
290540000,9268.924025
290560000,9476.853349
290580000,8987.120426
290600000,9211.972157
290620000,9644.253547
290640000,9667.548761
290660000,9814.011734
290680000,9795.448597
290700000,9855.913762
290720000,9703.157314
290740000,9749.407496
290760000,9728.030115
290780000,9841.636018
290800000,10203.705036
290820000,12759.252907
290840000,12777.980570
290860000,12968.847590
290880000,13068.169775
290900000,12816.134889
290920000,13733.549706
290940000,13838.639313
290960000,12006.065958
290980000,12324.817384
291000000,12102.584141
291020000,12102.710758
291040000,11808.640331
291060000,11744.281568
291080000,11698.756985
291100000,11787.101823
291120000,11605.849085
291140000,11670.138208
291160000,12018.133093
291180000,11742.023973
291200000,11331.800957
291220000,11205.601428
291240000,10562.028051
291260000,10849.252496
291280000,10802.944550
291300000,11112.359314
291320000,11072.913234
291340000,11041.652858
291360000,12641.419713
291380000,12174.638710
291400000,11936.829501
291420000,12019.756283
291440000,11701.284140
291460000,10776.296326
291480000,11764.212087
291500000,11871.068447
291520000,11905.820248
291540000,11718.026586
291560000,10852.184586
291580000,10769.479529
291600000,9673.356807
291620000,9814.741312
291640000,9789.411682
291660000,9930.298639
291680000,9921.687263
291700000,10476.592367
291720000,10624.971592
291740000,9700.164582
291760000,9555.742849
291780000,13241.124317
291800000,13118.675744
291820000,13433.720734
291840000,13508.492601
291860000,13404.362284
291880000,12536.791145
291900000,10992.449869
291920000,12085.371382
291940000,11700.164878
291960000,11795.650166
291980000,11765.420981
292000000,11904.164288
292020000,12008.813051
292040000,11946.227128
292060000,12092.409263
292080000,11939.563739
292100000,15679.266994
292120000,15385.031577
292140000,15695.248870
292160000,12812.664175
292180000,12726.192982
292200000,12987.197748
292220000,13531.409097
292240000,13887.093291
292260000,13261.589939
292280000,13108.395003
292300000,13331.256545
292320000,13587.734082
292340000,13713.537925
292360000,13859.079153
292380000,13946.836361
292400000,13273.722902
292420000,13945.472837
292440000,13809.211629
292460000,14033.752898
292480000,12618.086799
292500000,12281.076871
292520000,7547.358895
292540000,7669.821441
292560000,7598.596139
292580000,7598.847268
292600000,7872.663889
292620000,10273.404739
292640000,10079.030777
292660000,10177.353673
292680000,10115.631905
292700000,12071.717522
292720000,12486.672983
292740000,9224.541046
292760000,9390.018283
292780000,8682.085863
292800000,8581.690769
292820000,8609.693785
292840000,8594.487595
292860000,6674.776114
292880000,6645.391779
292900000,7757.955598
292920000,7705.748908
292940000,7755.237464
292960000,7763.073219
292980000,7747.933470
293000000,7876.840876
293020000,7785.040301
293040000,7902.827120
293060000,7897.009673
293080000,8035.499795
293100000,7886.018592
293120000,7771.899469
293140000,7732.988994
293160000,8691.177295
293180000,8326.942996
293200000,10223.335030
293220000,10290.348040
293240000,10381.916217
293260000,10333.212514
293280000,10598.718282
293300000,10425.618322
293320000,10402.835776
293340000,9665.839797
293360000,10945.810814
293380000,11440.201836
293400000,7880.377097
293420000,7932.834464
293440000,8036.446972
293460000,7924.316056
293480000,8019.849260
293500000,7900.550172
293520000,7823.149993
293540000,7906.859043
293560000,7987.158216
293580000,7966.555261
293600000,8087.393518
293620000,7472.486619
293640000,7487.705966
293660000,7344.060000
293680000,7711.198123
293700000,7860.882573
293720000,8435.178176
293740000,8314.734695
293760000,8291.324220
293780000,8559.233520
293800000,8462.527628
293820000,12107.696530
293840000,13253.317995
293860000,12647.691561
293880000,12895.723175
293900000,12527.593060
293920000,12522.782443
293940000,13073.571162
293960000,17784.959019
293980000,16723.600391
294000000,16679.384415
294020000,19574.680841
294040000,19262.003167
294060000,19098.727844
294080000,18902.489757
294100000,18695.771046
294120000,18670.623271
294140000,18496.784425
294160000,18606.847908
294180000,18235.425003
294200000,17236.447073
294220000,17799.961309
294240000,17686.907023
294260000,16878.003209
294280000,16959.554126
294300000,16529.950435
294320000,16451.883425
294340000,16164.626735
294360000,16188.055002
294380000,11983.273906
294400000,12100.447183
294420000,12254.379266
294440000,15900.314523
294460000,17600.670973
294480000,12968.644259
294500000,13007.651313
294520000,12344.926390
294540000,12410.733786
294560000,11249.245303
294580000,7698.202559
294600000,7759.347938
294620000,7684.753702
294640000,7782.516038
294660000,7616.587441
294680000,7631.488639
294700000,7688.328703
294720000,10418.229286
294740000,10467.855226
294760000,10490.456513
294780000,10875.953779
294800000,10653.681320
294820000,10627.676306
294840000,10056.963655
294860000,9806.450843
294880000,9773.985619
294900000,9884.941062
294920000,12674.402369
294940000,13560.777347
294960000,13518.379084
294980000,13031.009484
295000000,9911.840626
295020000,9992.098977
295040000,9765.515170
295060000,9884.741171
295080000,12434.695923
295100000,12725.860971
295120000,12654.169100
295140000,12792.794537
295160000,12671.491355
295180000,12309.114266
295200000,9564.473915
295220000,9657.938175
295240000,9591.203634
295260000,9622.597038
295280000,9326.551084
295300000,9316.984809
295320000,8653.441240
295340000,8390.062695
295360000,8453.569905
295380000,8473.222639
295400000,12307.596968
295420000,12457.021945
295440000,13120.882684
295460000,13427.579941
295480000,13337.590867
295500000,13467.636687
295520000,14360.068296
295540000,12456.772709
295560000,12903.790278
295580000,12840.693831
295600000,12563.391290
295620000,13319.520067
295640000,14053.894311
295660000,13836.611274
295680000,13870.445400
295700000,13620.604352
295720000,13341.284367
295740000,13426.603201
295760000,14005.380001
295780000,9407.528072
295800000,9599.484697
295820000,15987.238707
295840000,14076.890188
295860000,14304.079506
295880000,14462.161722
295900000,11429.804125
295920000,11700.193734
295940000,11704.959388
295960000,11664.226302
295980000,11629.666520
296000000,11783.846038
296020000,11864.418811
296040000,11642.330206
296060000,11689.970950
296080000,11408.622956
296100000,11279.130876
296120000,11811.092294
296140000,14146.738583
296160000,12238.160010
296180000,12604.733066
296200000,12911.485548
296220000,12900.436898
296240000,13089.555698
296260000,12701.249096
296280000,18958.240648
296300000,19000.696803
296320000,17246.545955
296340000,17134.219171
296360000,17519.570402
296380000,19005.384758
296400000,12839.864278
296420000,12775.616439
296440000,12051.890857
296460000,11986.716458
296480000,12576.464672
296500000,12512.237530
296520000,12623.014992
296540000,11660.305569
296560000,11733.083416
296580000,11200.298908
296600000,7644.772397
296620000,7615.925160
296640000,7411.021663
296660000,7114.074365
296680000,7267.686388
296700000,7162.440891
296720000,7068.401346
296740000,7142.677230
296760000,9769.079375
296780000,8585.871050
296800000,8933.301141
296820000,8863.647878
296840000,8928.031537
296860000,7934.918524
296880000,7493.656377
296900000,7611.548873
296920000,7910.473688
296940000,7946.646424
296960000,7521.700683
296980000,7774.469859
297000000,7800.010392
297020000,7888.164658
297040000,7848.525164
297060000,10101.022307
297080000,18131.320100
297100000,17679.402197
297120000,17613.028268
297140000,17833.227597
297160000,9316.284886
297180000,9361.099581
297200000,9185.027873
297220000,9001.423469
297240000,8238.139742
297260000,9742.461157
297280000,9639.432834
297300000,9739.595997
297320000,8161.307359
297340000,8289.906369
297360000,11951.590046
297380000,11248.812916
297400000,9447.202172
297420000,9567.922286
297440000,10649.861784
297460000,10401.177790
297480000,11147.799724
297500000,11173.358152
297520000,11241.102873
297540000,10755.105984
297560000,8743.013040
297580000,8444.779046
297600000,8260.290517
297620000,8131.212215
297640000,9166.497444
297660000,9191.609967
297680000,9359.077093
297700000,9273.393587
297720000,9124.114226
297740000,9281.967084
297760000,9872.495025
297780000,6193.006686
297800000,6179.440977
297820000,6033.653224
297840000,6337.846010
297860000,8334.941471
297880000,8210.689668
297900000,7449.531293
297920000,7531.585794
297940000,7671.963509
297960000,7636.799175
297980000,7702.619688
298000000,7084.920241
298020000,8481.743970
298040000,7862.371730
298060000,8043.997558
298080000,7564.936738
298100000,7512.844583
298120000,7552.962791
298140000,7484.629015
298160000,7259.713659
298180000,7291.108841
298200000,7911.906279
298220000,8707.418887
298240000,8723.067646
298260000,8782.755774
298280000,8702.119755
298300000,8680.902185
298320000,8897.271717
298340000,8977.890110
298360000,8829.956075
298380000,11369.372725
298400000,11604.144759
298420000,11765.906278
298440000,17702.911577
298460000,16118.662180
298480000,15877.713358
298500000,9730.081414
298520000,9561.662493
298540000,9912.399183
298560000,9976.114792
298580000,10463.164917
298600000,10571.385252
298620000,10282.072809
298640000,10312.420805
298660000,10215.458651
298680000,10286.760632
298700000,12223.856960
298720000,7926.148847
298740000,7953.081538
298760000,7779.583878
298780000,7689.818063
298800000,7596.685164
298820000,7457.158287
298840000,7342.917460
298860000,7448.282074
298880000,7245.408889
298900000,7218.275000
298920000,12559.647284
298940000,12658.246879
298960000,8467.215911
298980000,18318.338975
299000000,11271.255233
299020000,11851.332354
299040000,12284.650462
299060000,12479.951696
299080000,12687.515458
299100000,11207.623239
299120000,11117.172700
299140000,11143.852135
299160000,11052.179829
299180000,11365.441043
299200000,9671.865318
299220000,9616.943300
299240000,9407.097046
299260000,13508.507450
299280000,13794.579227
299300000,9710.019994
299320000,9562.716913
299340000,9811.248366
299360000,10109.283090
299380000,10016.602319
299400000,10202.663168
299420000,11124.070503
299440000,11159.971439
299460000,10468.441858
299480000,9933.938377
299500000,10032.239565
299520000,10013.338339
299540000,9556.910755
299560000,9435.003385
299580000,9773.125616
299600000,10504.221358
299620000,10761.645534
299640000,10932.624258
299660000,10837.218033
299680000,10874.117858
299700000,10909.606351
299720000,10917.592983
299740000,11016.175710
299760000,11002.807417
299780000,11299.809180
299800000,8383.212696
299820000,7996.279156
299840000,7813.783251
299860000,16304.427677
299880000,15878.583518
299900000,14268.558893
299920000,11969.664155
299940000,12079.739034
299960000,12216.065891
299980000,14123.901839
300000000,13751.296035
