step,rg2,perim,cycles,asph,movfrac
2000,1248.969422,1205,67,0.029991,0.3359
4000,1200.403599,1191,77,0.020545,0.2734
6000,1169.478360,1195,79,0.069692,0.3203
8000,1180.855675,1179,71,0.072095,0.3203
10000,1033.992504,1184,90,0.177945,0.2422
12000,918.604555,1203,73,0.001567,0.3438
14000,1005.865046,1191,69,0.002588,0.3828
16000,1264.156824,1172,85,0.173121,0.3281
18000,1370.347247,1191,66,0.298956,0.2891
20000,1457.652387,1186,69,0.324599,0.2891
22000,1282.927670,1185,66,0.199167,0.2578
24000,1281.878840,1183,81,0.217097,0.3594
26000,1376.160622,1186,87,0.234219,0.2812
28000,968.881488,1170,92,0.296945,0.3203
30000,966.908407,1160,89,0.323030,0.3438
32000,999.341279,1187,78,0.313318,0.3203
34000,1042.806326,1178,79,0.220549,0.2734
36000,1042.520531,1177,72,0.225547,0.3516
38000,1054.201702,1189,71,0.236867,0.2969
40000,1038.966395,1191,53,0.193132,0.2344
42000,973.653791,1193,72,0.169819,0.2969
44000,935.869647,1189,88,0.171316,0.3125
46000,956.852128,1178,90,0.299742,0.3516
48000,1228.077395,1184,80,0.032279,0.2891
50000,1351.326300,1194,70,0.339736,0.3047
52000,1342.819319,1210,70,0.356164,0.2656
54000,1007.564364,1211,66,0.015324,0.2812
56000,976.216143,1194,72,0.019352,0.3203
58000,1007.974214,1172,75,0.057555,0.3047
60000,1046.488460,1190,69,0.040413,0.3047
62000,1024.084063,1192,70,0.046801,0.3516
64000,1045.250380,1207,64,0.025721,0.2578
66000,1141.445886,1193,76,0.387479,0.2656
68000,1049.994332,1206,59,0.128035,0.3047
70000,1130.640303,1196,69,0.110723,0.2344
72000,1076.398942,1191,88,0.229951,0.3594
74000,1087.351190,1196,76,0.275610,0.2578
76000,1096.617150,1205,72,0.247277,0.3047
78000,1093.286931,1210,79,0.159111,0.2969
80000,1119.549615,1213,59,0.105119,0.2891
82000,1477.021356,1210,72,0.469375,0.3359
84000,1478.662734,1226,59,0.308278,0.3047
86000,1201.447644,1232,58,0.265855,0.2344
88000,1284.586760,1237,69,0.258704,0.3203
90000,1109.413675,1220,67,0.128330,0.2500
92000,1052.544558,1244,56,0.009594,0.2031
94000,1079.075630,1235,58,0.029590,0.2969
96000,1080.157470,1219,72,0.033224,0.2969
98000,1297.495515,1210,58,0.184307,0.3047
100000,1037.775964,1183,77,0.247823,0.3359
102000,999.504912,1178,77,0.257596,0.2734
104000,993.737523,1187,82,0.284709,0.2891
106000,961.989511,1209,76,0.267635,0.2734
108000,1017.808275,1193,75,0.202990,0.2969
110000,1022.832271,1192,77,0.182346,0.2969
112000,1028.733148,1179,97,0.195550,0.3750
114000,817.323003,1210,76,0.079538,0.2891
116000,830.567590,1185,75,0.075830,0.2734
118000,822.963036,1180,79,0.054783,0.2578
120000,817.214556,1209,63,0.077657,0.3828
122000,969.257759,1201,72,0.077989,0.3047
124000,998.612518,1168,89,0.245948,0.2969
126000,1006.310591,1173,88,0.132336,0.2734
128000,1007.696235,1178,80,0.081964,0.2656
130000,1030.370103,1157,97,0.104633,0.3594
132000,974.171699,1179,65,0.119403,0.3906
134000,964.466590,1178,77,0.202959,0.3359
136000,912.564800,1164,88,0.175330,0.3438
138000,926.987532,1174,79,0.179609,0.2500
140000,925.824791,1164,77,0.180793,0.2578
142000,1190.753454,1185,77,0.584004,0.2891
144000,1181.343086,1191,75,0.584473,0.3359
146000,1179.503788,1196,83,0.593055,0.3594
148000,910.742870,1197,72,0.497859,0.2812
150000,678.330368,1207,65,0.060784,0.3203
152000,772.905670,1193,61,0.120434,0.2344
154000,759.590415,1195,70,0.118556,0.2422
156000,760.755446,1196,73,0.119789,0.2656
158000,813.965591,1203,78,0.163622,0.3203
160000,927.967111,1194,78,0.150541,0.3281
162000,758.713971,1148,98,0.055986,0.3281
164000,770.238675,1157,92,0.069880,0.3125
166000,762.924412,1164,86,0.068154,0.3359
168000,753.134119,1145,93,0.065376,0.3594
170000,991.803550,1159,84,0.247831,0.2891
172000,1065.414720,1162,89,0.591396,0.3438
174000,1101.513175,1169,80,0.575987,0.2891
176000,1085.207832,1165,82,0.580459,0.2891
178000,1087.177478,1156,82,0.582067,0.4531
180000,989.373222,1168,76,0.439559,0.2891
182000,651.587206,1167,83,0.151679,0.2812
184000,662.296588,1169,93,0.143225,0.2969
186000,658.387900,1158,93,0.169725,0.3125
188000,652.719612,1185,72,0.174110,0.2969
190000,659.734019,1173,82,0.161687,0.2969
192000,962.407879,1177,83,0.345914,0.3359
194000,947.571792,1161,72,0.338928,0.3516
196000,869.172135,1172,68,0.324054,0.3281
198000,859.718843,1186,72,0.169595,0.1875
200000,856.980031,1190,72,0.156664,0.3359
202000,1080.152904,1193,76,0.317914,0.2344
204000,1042.142479,1184,88,0.293549,0.3125
206000,1137.461216,1153,89,0.295419,0.2812
208000,1098.929139,1166,74,0.298343,0.3438
210000,1064.507655,1182,69,0.307175,0.4219
212000,1135.434183,1180,71,0.434769,0.2734
214000,1108.342654,1185,76,0.362402,0.2500
216000,822.621158,1198,82,0.079393,0.3047
218000,825.171583,1188,74,0.057463,0.3047
220000,810.124615,1180,78,0.083062,0.2969
222000,864.862806,1192,85,0.118590,0.3047
224000,889.114919,1170,85,0.112057,0.3047
226000,835.728911,1169,83,0.010526,0.3594
228000,844.118198,1194,76,0.016876,0.3906
230000,838.929391,1193,68,0.009387,0.3438
232000,827.168028,1199,75,0.001362,0.3359
234000,802.239603,1233,70,0.000025,0.2969
236000,909.741675,1214,71,0.078424,0.3516
238000,909.938790,1198,65,0.075460,0.3594
240000,843.726008,1181,75,0.014012,0.3203
242000,907.588903,1197,73,0.043237,0.2578
244000,899.174620,1179,78,0.028214,0.2500
246000,865.612551,1182,73,0.018177,0.2422
248000,966.414414,1203,74,0.043568,0.3047
250000,948.684990,1203,73,0.035326,0.2656
252000,906.112686,1210,59,0.054100,0.2266
254000,813.397468,1206,67,0.042950,0.2500
256000,854.338704,1190,70,0.009605,0.2266
258000,967.343960,1175,75,0.167086,0.3047
260000,947.580966,1197,72,0.108172,0.2812
262000,1058.580006,1182,73,0.073713,0.2969
264000,1191.341336,1177,78,0.154765,0.3438
266000,1175.146515,1214,68,0.025011,0.3125
268000,1188.913135,1213,58,0.003436,0.2422
270000,1242.844198,1183,93,0.190181,0.2812
272000,1328.613600,1209,85,0.146904,0.3203
274000,1407.969206,1213,73,0.076360,0.2969
276000,1410.390823,1191,85,0.019679,0.3828
278000,1379.020487,1183,82,0.005962,0.3203
280000,1375.357838,1180,75,0.002412,0.3594
282000,1204.163286,1194,70,0.053160,0.2422
284000,926.130055,1181,83,0.138314,0.3203
286000,965.441935,1175,77,0.130598,0.2422
288000,966.069416,1203,68,0.118126,0.3203
290000,935.607195,1158,77,0.220418,0.3125
292000,995.855550,1171,73,0.260152,0.3672
294000,922.781168,1182,70,0.247376,0.2266
296000,897.612263,1177,74,0.230979,0.2812
298000,844.238952,1163,82,0.156382,0.3281
300000,788.276679,1185,73,0.087426,0.3203
302000,795.469756,1191,86,0.175161,0.3359
304000,921.258607,1211,76,0.133554,0.2969
306000,852.711384,1193,91,0.032262,0.2812
308000,825.974327,1188,79,0.009252,0.2891
310000,827.836720,1188,73,0.007733,0.3125
312000,895.582779,1198,64,0.038904,0.2422
314000,1018.806168,1209,69,0.078127,0.2891
316000,979.401327,1179,71,0.031938,0.2578
318000,1000.499287,1210,61,0.110463,0.3203
320000,925.422558,1218,57,0.118037,0.1953
322000,925.279447,1197,63,0.106866,0.3281
324000,954.849331,1182,73,0.128715,0.2031
326000,1055.884702,1204,63,0.016492,0.2734
328000,1039.716304,1183,73,0.024987,0.2500
330000,1039.845551,1164,80,0.061012,0.3047
332000,946.572168,1172,72,0.232740,0.3359
334000,847.767155,1192,77,0.159543,0.2969
336000,815.299532,1202,73,0.172372,0.3203
338000,853.922475,1170,79,0.252600,0.3281
340000,852.814071,1183,70,0.275714,0.2969
342000,847.604003,1198,83,0.277956,0.3594
344000,846.055035,1210,64,0.155954,0.3438
346000,888.979198,1212,63,0.119204,0.2656
348000,868.647071,1221,64,0.193631,0.1875
350000,1171.936910,1240,52,0.151956,0.2266
352000,981.527550,1230,76,0.088293,0.2812
354000,850.082487,1200,85,0.071724,0.2734
356000,834.632655,1203,69,0.062287,0.2578
358000,830.487376,1216,68,0.073435,0.2891
360000,798.086927,1224,70,0.075425,0.2891
362000,1028.656063,1205,84,0.230081,0.3984
364000,1105.194702,1215,72,0.194671,0.3594
366000,1099.961836,1207,81,0.233721,0.3047
368000,1048.258115,1199,70,0.244207,0.2656
370000,1226.185116,1208,72,0.356355,0.2734
372000,1330.761395,1232,71,0.544964,0.2656
374000,1265.123640,1210,82,0.531905,0.3359
376000,1325.011227,1220,69,0.561612,0.3125
378000,1542.649623,1244,71,0.597143,0.2812
380000,1411.579087,1218,72,0.471448,0.2891
382000,1349.633843,1193,81,0.365062,0.2812
384000,941.819084,1205,80,0.071336,0.3125
386000,921.742064,1204,91,0.011083,0.3594
388000,939.047080,1244,65,0.004769,0.3672
390000,954.035471,1236,65,0.016859,0.3125
392000,956.667471,1218,72,0.027052,0.2656
394000,951.019699,1231,69,0.021021,0.2891
396000,934.270235,1206,74,0.007957,0.3438
398000,1338.051820,1213,62,0.317487,0.2734
400000,1071.494855,1224,67,0.123804,0.2734
402000,1058.687670,1208,77,0.128524,0.3203
404000,1033.193575,1199,77,0.131588,0.2969
406000,1227.265239,1205,82,0.210184,0.3125
408000,1278.504767,1200,74,0.191841,0.2969
410000,1079.974323,1198,76,0.130338,0.2812
412000,1359.604435,1222,60,0.260619,0.3359
414000,1394.556651,1218,61,0.422376,0.3516
416000,1224.836463,1228,74,0.201984,0.2969
418000,1209.188990,1214,72,0.181075,0.3594
420000,1270.728919,1219,60,0.263453,0.2500
422000,1009.647206,1201,76,0.059948,0.2734
424000,1001.111830,1215,64,0.068133,0.3203
426000,995.298271,1224,63,0.065078,0.2188
428000,966.473198,1228,58,0.026866,0.3281
430000,937.692230,1238,55,0.147740,0.2969
432000,1046.694115,1232,55,0.087392,0.3672
434000,1008.931534,1205,81,0.070369,0.3281
436000,1094.918831,1244,64,0.110776,0.2812
438000,1297.671158,1249,54,0.227001,0.2891
440000,1258.707243,1252,59,0.199149,0.2344
442000,867.039198,1228,58,0.061773,0.2031
444000,866.582831,1220,68,0.103273,0.2656
446000,888.838350,1202,62,0.095310,0.2812
448000,884.182375,1187,70,0.100852,0.3438
450000,877.011030,1216,63,0.097280,0.2031
452000,889.525459,1211,65,0.060282,0.2500
454000,980.454726,1213,67,0.029346,0.2734
456000,945.349875,1204,74,0.011064,0.2500
458000,966.725080,1190,75,0.053082,0.3359
460000,990.551582,1182,83,0.074897,0.3594
462000,968.921900,1205,67,0.071768,0.2656
464000,879.838735,1200,60,0.028708,0.2188
466000,874.414915,1195,72,0.040792,0.2891
468000,875.722540,1183,83,0.013457,0.2734
470000,940.652015,1197,75,0.087010,0.3203
472000,902.336931,1208,78,0.012851,0.3359
474000,888.278952,1214,67,0.020346,0.2656
476000,932.425575,1204,77,0.024908,0.3516
478000,937.096700,1216,66,0.020769,0.2891
480000,1111.966035,1233,67,0.132853,0.2578
482000,1086.088310,1209,66,0.124484,0.3047
484000,1130.245528,1209,77,0.148245,0.2891
486000,1124.020504,1211,63,0.193542,0.2812
488000,1058.189047,1188,72,0.193641,0.3672
490000,1012.722638,1197,78,0.258162,0.2500
492000,1062.917564,1222,66,0.260109,0.2969
494000,1062.702755,1211,67,0.262345,0.2500
496000,1107.306780,1191,69,0.287927,0.3125
498000,1158.865727,1178,77,0.331634,0.3281
500000,1205.216686,1198,73,0.364886,0.1953
502000,1205.213851,1238,57,0.313570,0.2969
504000,1159.636599,1217,67,0.319730,0.2891
506000,1120.525718,1232,61,0.320928,0.2578
508000,998.256439,1220,63,0.248747,0.2969
510000,1039.191286,1225,68,0.252370,0.2656
512000,1108.376675,1191,72,0.559522,0.3203
514000,1046.272431,1206,65,0.514317,0.2969
516000,1100.817055,1213,70,0.490537,0.3047
518000,1047.485035,1208,73,0.453905,0.2734
520000,992.409495,1180,81,0.382397,0.2891
522000,893.996039,1163,86,0.332686,0.2422
524000,927.089195,1161,78,0.362341,0.3047
526000,905.266615,1173,81,0.407000,0.3906
528000,849.702375,1178,73,0.280558,0.3438
530000,843.829655,1174,90,0.242467,0.3438
532000,847.247190,1186,70,0.228603,0.2422
534000,922.057568,1192,75,0.280825,0.3047
536000,891.970259,1229,75,0.361152,0.2656
538000,974.850735,1237,72,0.215946,0.2031
540000,1009.075051,1220,72,0.286886,0.2109
542000,946.235456,1217,82,0.136047,0.2734
544000,1150.159222,1197,88,0.130424,0.2422
546000,1105.604380,1214,68,0.147857,0.2812
548000,1068.555783,1198,84,0.184971,0.3594
550000,1000.015779,1219,81,0.198399,0.3359
552000,971.601980,1205,89,0.161694,0.2578
554000,971.123591,1176,84,0.169636,0.2891
556000,921.769814,1188,75,0.138125,0.3828
558000,810.441523,1194,65,0.050984,0.2734
560000,802.829311,1193,78,0.062287,0.2578
562000,830.485096,1167,80,0.122199,0.3516
564000,977.336155,1160,95,0.165295,0.3438
566000,858.823471,1148,89,0.152907,0.3672
568000,826.823999,1158,80,0.133242,0.3125
570000,780.717340,1177,69,0.132585,0.3359
572000,782.983051,1174,68,0.085606,0.2109
574000,787.889980,1167,81,0.085339,0.2422
576000,855.438303,1178,84,0.361164,0.2656
578000,821.018991,1147,89,0.335619,0.2969
580000,815.524958,1152,69,0.289294,0.2969
582000,798.732400,1147,90,0.318046,0.2734
584000,805.025451,1159,85,0.303575,0.3516
586000,819.116915,1168,88,0.300172,0.2969
588000,845.255275,1185,83,0.323060,0.2891
590000,811.984520,1176,81,0.308594,0.3672
592000,834.828334,1172,76,0.301365,0.2578
594000,817.498344,1168,80,0.289237,0.2500
596000,883.663900,1188,56,0.390278,0.3359
598000,835.898163,1160,78,0.259340,0.2812
600000,840.474015,1171,64,0.305551,0.2422
602000,818.391286,1166,75,0.244243,0.2734
604000,798.333355,1187,76,0.196208,0.2812
606000,810.787900,1177,78,0.324329,0.4141
608000,793.541584,1194,64,0.307339,0.2969
610000,799.717863,1193,69,0.261619,0.2578
612000,740.703415,1193,69,0.143982,0.3125
614000,1417.273715,1195,64,0.663245,0.2500
616000,1402.627900,1200,73,0.650910,0.2812
618000,1433.639900,1192,79,0.551397,0.3750
620000,1426.790631,1189,77,0.550133,0.2656
622000,1436.519695,1183,71,0.548456,0.2656
624000,1287.023843,1197,65,0.494310,0.3125
626000,929.429068,1216,69,0.265472,0.2812
628000,934.831615,1206,71,0.268101,0.2969
630000,911.865215,1216,63,0.244964,0.2500
632000,876.344702,1233,56,0.156234,0.2266
634000,836.090031,1231,72,0.134529,0.2266
636000,821.911174,1237,62,0.158368,0.2734
638000,828.947776,1216,58,0.160132,0.2344
640000,837.297350,1194,71,0.222328,0.3047
642000,813.792774,1221,65,0.152373,0.2656
644000,800.599086,1205,76,0.159098,0.3125
646000,828.671211,1200,69,0.310299,0.3438
648000,837.074556,1216,69,0.288881,0.3281
650000,869.300400,1198,75,0.282368,0.3359
652000,696.568748,1211,70,0.166893,0.2422
654000,698.312339,1192,80,0.180625,0.3047
656000,698.531531,1224,66,0.194554,0.2734
658000,689.389360,1221,57,0.187832,0.2891
660000,710.254422,1205,63,0.229604,0.3047
662000,695.038040,1210,71,0.242296,0.2812
664000,702.786955,1199,77,0.224701,0.2812
666000,711.561239,1188,75,0.241803,0.3281
668000,713.023607,1163,82,0.217159,0.2422
670000,757.331528,1174,74,0.321219,0.3281
672000,729.817036,1143,76,0.263519,0.2734
674000,630.130567,1147,83,0.103064,0.3281
676000,610.991934,1142,80,0.081306,0.3516
678000,652.010012,1148,82,0.276112,0.2891
680000,735.781664,1195,79,0.384972,0.3359
682000,730.595335,1190,77,0.285375,0.3359
684000,731.450655,1159,73,0.303082,0.2578
686000,737.693275,1144,102,0.319768,0.2891
688000,761.608086,1185,80,0.292880,0.3672
690000,765.609779,1188,85,0.287863,0.3438
692000,857.016711,1158,74,0.294344,0.2656
694000,806.593814,1163,83,0.212756,0.3672
696000,807.801678,1159,91,0.214447,0.3750
698000,803.358035,1160,83,0.078913,0.3438
700000,804.599974,1183,87,0.118490,0.2500
702000,806.926755,1179,80,0.111302,0.3281
704000,822.674603,1184,70,0.129632,0.3516
706000,818.536267,1190,84,0.117015,0.3125
708000,807.928443,1191,73,0.113879,0.3203
710000,773.951995,1186,70,0.085708,0.3203
712000,708.880707,1161,92,0.060709,0.2891
714000,701.453228,1163,81,0.059387,0.3203
716000,679.059107,1180,84,0.001601,0.3672
718000,687.034472,1176,77,0.005452,0.1719
720000,662.940603,1181,84,0.010377,0.3203
722000,646.550750,1189,80,0.003224,0.2656
724000,694.661734,1212,61,0.014433,0.3203
726000,794.599910,1199,75,0.027790,0.3281
728000,670.069000,1192,74,0.008945,0.3594
730000,662.222588,1180,85,0.020782,0.3359
732000,732.263212,1188,69,0.037173,0.3203
734000,753.840091,1185,72,0.013237,0.2891
736000,726.144783,1187,67,0.028452,0.3438
738000,756.857926,1188,73,0.020200,0.2891
740000,752.527287,1181,78,0.021625,0.3047
742000,761.338819,1166,77,0.028809,0.3203
744000,765.793059,1170,84,0.011676,0.3203
746000,783.829758,1192,80,0.018981,0.4297
748000,788.606531,1169,83,0.008119,0.3359
750000,799.560275,1187,73,0.005563,0.2656
752000,766.329340,1203,67,0.006923,0.2812
754000,890.396435,1186,87,0.151799,0.3594
756000,856.614030,1211,76,0.137190,0.2891
758000,859.959119,1209,71,0.150116,0.2422
760000,822.603558,1214,56,0.124165,0.3125
762000,810.990695,1234,58,0.097580,0.3516
764000,817.357591,1203,54,0.091646,0.2891
766000,815.463520,1199,62,0.114466,0.2344
768000,834.012835,1211,66,0.126302,0.3750
770000,819.535004,1214,52,0.112881,0.2578
772000,751.525519,1209,72,0.090445,0.2656
774000,780.706675,1209,73,0.098413,0.2734
776000,847.413275,1225,61,0.159694,0.2344
778000,833.873179,1233,62,0.133471,0.3047
780000,973.643734,1229,65,0.178962,0.2422
782000,945.156159,1223,76,0.175487,0.2891
784000,965.445420,1214,75,0.181835,0.2656
786000,949.400239,1204,80,0.185381,0.2891
788000,948.842862,1207,78,0.165458,0.3047
790000,873.641110,1230,59,0.098803,0.2578
792000,887.243623,1218,52,0.050221,0.2578
794000,836.427699,1221,67,0.031884,0.2266
796000,808.638574,1216,69,0.026590,0.3359
798000,846.868566,1196,78,0.029956,0.2734
800000,1003.847335,1239,54,0.013597,0.2969
802000,1066.966359,1224,48,0.017614,0.3750
804000,1108.709830,1234,59,0.009662,0.3672
806000,905.642611,1233,58,0.029966,0.2969
808000,1302.882286,1247,58,0.572729,0.2656
810000,956.956096,1232,69,0.076654,0.2188
812000,888.271086,1240,62,0.061748,0.2500
814000,770.981080,1243,66,0.034415,0.1875
816000,826.337680,1214,57,0.092622,0.2969
818000,815.973483,1223,53,0.096294,0.2734
820000,819.987550,1211,65,0.056111,0.3672
822000,833.270691,1203,70,0.049578,0.2969
824000,772.299088,1201,57,0.053788,0.2266
826000,735.815379,1167,73,0.108569,0.3125
828000,727.255475,1174,61,0.011012,0.2344
830000,730.302320,1172,68,0.020792,0.2734
832000,794.329974,1171,66,0.037831,0.2812
834000,829.277510,1177,74,0.143202,0.2812
836000,768.458227,1179,82,0.189117,0.2656
838000,823.365255,1193,64,0.205872,0.3359
840000,833.632492,1207,68,0.186943,0.2344
842000,839.550715,1205,75,0.176733,0.2656
844000,800.645715,1222,68,0.152529,0.2969
846000,826.816440,1222,59,0.246924,0.2734
848000,755.663976,1215,56,0.237874,0.2891
850000,769.288551,1216,66,0.240097,0.2734
852000,754.265222,1198,76,0.233659,0.2812
854000,844.757183,1199,70,0.247549,0.3047
856000,872.677559,1200,63,0.336182,0.3516
858000,899.566894,1223,59,0.362042,0.2734
860000,858.279318,1236,64,0.240591,0.2188
862000,1046.602140,1248,59,0.412776,0.3125
864000,875.562256,1213,72,0.146396,0.3594
866000,1016.634543,1193,81,0.254794,0.2656
868000,1043.735144,1220,61,0.373981,0.3438
870000,998.590039,1202,85,0.356082,0.3281
872000,963.890855,1214,73,0.141755,0.2656
874000,953.739735,1221,66,0.173847,0.2734
876000,927.352632,1214,63,0.152398,0.2734
878000,1197.609916,1220,77,0.292979,0.3047
880000,1057.297983,1210,72,0.255590,0.2891
882000,985.445971,1192,76,0.214581,0.2812
884000,1024.744822,1171,80,0.212700,0.3438
886000,921.264363,1205,71,0.127729,0.2422
888000,880.852411,1188,75,0.109445,0.3672
890000,1001.992336,1195,65,0.169424,0.3594
892000,980.128375,1201,74,0.153078,0.3594
894000,1001.401615,1208,78,0.128088,0.3203
896000,967.148127,1202,82,0.049123,0.3516
898000,1289.427358,1214,67,0.077611,0.2500
900000,1412.570140,1235,64,0.184737,0.2578
902000,1116.601120,1227,65,0.214244,0.2109
904000,1213.914267,1226,64,0.313173,0.2422
906000,1182.073995,1228,63,0.306982,0.2656
908000,1221.088183,1209,76,0.563618,0.3281
910000,1120.210806,1231,53,0.501374,0.2656
912000,1076.656220,1229,54,0.423486,0.2891
914000,1071.757299,1199,65,0.447342,0.2422
916000,1100.688358,1188,71,0.412614,0.2266
918000,1055.477107,1207,74,0.398396,0.2031
920000,1018.275359,1215,77,0.365689,0.2188
922000,1112.775715,1208,71,0.483260,0.2812
924000,1060.149747,1195,77,0.474204,0.2812
926000,1054.207735,1189,86,0.473513,0.2969
928000,1173.855568,1189,69,0.479755,0.2422
930000,1238.718078,1186,80,0.389723,0.2891
932000,1208.551515,1214,80,0.455493,0.3359
934000,1209.575296,1228,70,0.467377,0.3438
936000,1285.702366,1217,81,0.468125,0.2422
938000,1266.809670,1193,66,0.464132,0.3359
940000,1312.619088,1177,86,0.555357,0.2891
942000,1243.639119,1162,83,0.576247,0.2891
944000,1241.419884,1208,57,0.582160,0.2812
946000,1246.953127,1189,73,0.598420,0.2734
948000,873.502483,1207,58,0.352890,0.2656
950000,969.184812,1187,61,0.472153,0.2969
952000,994.915923,1158,77,0.462935,0.2969
954000,961.488415,1188,81,0.448743,0.3594
956000,964.197931,1189,70,0.446342,0.2734
958000,980.489328,1187,72,0.419690,0.2969
960000,958.302620,1189,71,0.395601,0.2266
962000,973.897062,1209,78,0.420825,0.3203
964000,972.700795,1184,75,0.550076,0.2266
966000,979.680903,1199,73,0.553934,0.2500
968000,950.966102,1197,68,0.536852,0.2812
970000,952.963260,1182,66,0.536328,0.2656
972000,912.550208,1134,93,0.363135,0.2500
974000,1070.009974,1172,77,0.448071,0.2266
976000,1080.339756,1198,72,0.442086,0.3281
978000,1017.044910,1164,79,0.472279,0.3906
980000,1013.686076,1178,78,0.475860,0.2891
982000,1014.089083,1191,65,0.446124,0.2188
984000,858.028108,1196,64,0.303325,0.2500
986000,939.546828,1165,80,0.270254,0.2500
988000,1229.982735,1183,76,0.597227,0.3281
990000,1229.883070,1176,76,0.607839,0.2734
992000,1229.811142,1163,76,0.607098,0.2812
994000,1269.707671,1150,84,0.624482,0.3125
996000,988.474483,1165,84,0.323506,0.2891
998000,1034.119774,1168,76,0.387026,0.3594
1000000,1003.721134,1200,47,0.176745,0.2500
1002000,1118.833408,1186,68,0.375353,0.2891
1004000,1077.512711,1180,78,0.258772,0.3438
1006000,1053.980675,1169,79,0.186662,0.2812
1008000,1013.538527,1175,79,0.221922,0.3125
1010000,1058.302635,1162,83,0.089339,0.3203
1012000,1274.441190,1173,82,0.279819,0.3281
1014000,1233.203415,1169,85,0.307673,0.2891
1016000,1203.685926,1196,73,0.284917,0.2656
1018000,1167.874231,1182,86,0.260555,0.2734
1020000,1161.663835,1191,81,0.263089,0.3047
1022000,1166.660107,1210,65,0.215001,0.2578
1024000,1248.781526,1202,68,0.362482,0.2891
1026000,1207.049884,1199,73,0.153741,0.3281
1028000,1182.837351,1209,73,0.177655,0.2734
1030000,1160.054215,1231,65,0.111763,0.3750
1032000,1127.837040,1220,60,0.096706,0.3125
1034000,1207.725302,1228,63,0.110293,0.2812
1036000,1299.641328,1235,60,0.090647,0.3047
1038000,1207.065766,1218,67,0.108311,0.2578
1040000,1200.276190,1212,75,0.047155,0.2578
1042000,1159.787558,1210,74,0.048813,0.2578
1044000,1091.924219,1207,74,0.059035,0.3047
1046000,1141.261255,1230,60,0.135386,0.2969
1048000,1085.307628,1221,70,0.177290,0.3516
1050000,1098.304272,1220,65,0.182697,0.2812
1052000,1072.726655,1225,69,0.168902,0.2656
1054000,1169.143155,1244,55,0.186924,0.2500
1056000,1265.615471,1216,72,0.277815,0.2344
1058000,1251.983855,1224,66,0.256600,0.3516
1060000,1244.447963,1217,80,0.230451,0.2578
1062000,1262.382150,1221,63,0.240524,0.2031
1064000,1279.737280,1243,61,0.460845,0.2422
1066000,1262.062600,1226,76,0.421252,0.2422
1068000,1434.965868,1252,62,0.172181,0.2891
1070000,1410.945955,1227,68,0.180175,0.3281
1072000,1405.698015,1229,64,0.201079,0.2344
1074000,1353.541415,1223,70,0.388641,0.3047
1076000,1133.373411,1232,62,0.462511,0.2422
1078000,1136.474115,1186,77,0.493023,0.3516
1080000,1149.717835,1207,70,0.471231,0.3203
1082000,1003.206695,1205,78,0.546838,0.2578
1084000,1149.204955,1205,68,0.559181,0.1953
1086000,1293.341359,1208,69,0.648346,0.2656
1088000,1225.209795,1196,73,0.511497,0.2656
1090000,1115.899071,1200,70,0.373092,0.2969
1092000,999.642780,1179,68,0.341972,0.2891
1094000,1132.603638,1176,74,0.405922,0.3125
1096000,1168.795791,1166,67,0.427730,0.3828
1098000,1233.722190,1162,72,0.480758,0.2656
1100000,1204.901054,1166,84,0.454870,0.3516
1102000,901.331054,1188,70,0.191978,0.2969
1104000,902.077582,1193,59,0.191295,0.2969
1106000,977.479814,1197,60,0.211472,0.2656
1108000,905.089815,1220,60,0.286346,0.2969
1110000,891.813075,1211,70,0.275408,0.2422
1112000,871.383895,1191,83,0.202149,0.2812
1114000,871.346679,1206,60,0.215012,0.2578
1116000,842.295523,1209,65,0.190055,0.3203
1118000,837.518262,1212,66,0.179474,0.3125
1120000,837.613219,1207,67,0.198358,0.2500
1122000,936.692318,1207,62,0.139272,0.2344
1124000,937.989271,1208,60,0.148917,0.2422
1126000,890.899675,1240,42,0.182002,0.2188
1128000,914.315755,1215,62,0.237275,0.2578
1130000,939.508035,1213,76,0.217353,0.3672
1132000,992.051967,1195,77,0.304951,0.3203
1134000,1020.065599,1204,74,0.316944,0.3359
1136000,910.496235,1192,77,0.181530,0.2578
1138000,894.786319,1204,65,0.140003,0.3047
1140000,831.340984,1200,71,0.174413,0.2734
1142000,854.266440,1211,64,0.141948,0.2344
1144000,853.858287,1183,65,0.167576,0.2734
1146000,859.344534,1179,74,0.161262,0.2812
1148000,847.052035,1183,74,0.183367,0.2812
1150000,836.511695,1179,73,0.186594,0.2891
1152000,829.154040,1185,71,0.146174,0.2891
1154000,990.114175,1175,73,0.119569,0.2812
1156000,919.238175,1167,77,0.104680,0.2891
1158000,916.973487,1168,95,0.111894,0.3203
1160000,900.229148,1171,90,0.128606,0.3359
1162000,911.480191,1212,65,0.125577,0.2891
1164000,969.024935,1199,66,0.169458,0.3047
1166000,982.556680,1214,78,0.110288,0.2891
1168000,1069.423670,1197,86,0.351777,0.2500
1170000,1050.053790,1164,90,0.360407,0.3125
1172000,949.277663,1144,107,0.220973,0.3672
1174000,966.613703,1171,81,0.227478,0.2578
1176000,958.604691,1179,75,0.247650,0.3516
1178000,1043.009575,1175,79,0.189572,0.3359
1180000,949.957324,1207,72,0.071232,0.2031
1182000,849.067756,1214,65,0.018389,0.2656
1184000,843.866460,1201,66,0.027962,0.3125
1186000,828.497435,1196,74,0.023320,0.2734
1188000,798.657315,1167,83,0.009429,0.3047
1190000,798.013763,1182,80,0.017820,0.3281
1192000,921.046262,1201,64,0.437584,0.2578
1194000,929.205782,1209,57,0.325360,0.2422
1196000,932.827523,1206,66,0.384851,0.2891
1198000,946.349100,1184,69,0.497310,0.3203
1200000,933.613676,1181,75,0.482645,0.3594
1202000,902.362535,1191,79,0.449346,0.2656
1204000,883.544486,1180,95,0.401697,0.2422
1206000,917.533368,1206,71,0.456758,0.3203
1208000,838.736035,1194,66,0.258812,0.2734
1210000,860.431900,1183,64,0.298864,0.3281
1212000,769.431910,1185,72,0.199399,0.3594
1214000,786.259559,1206,72,0.225976,0.3125
1216000,894.720135,1209,66,0.152181,0.1953
1218000,911.463555,1203,55,0.190860,0.2578
1220000,894.815430,1211,67,0.396993,0.1797
1222000,913.449944,1218,57,0.395183,0.2344
1224000,903.664248,1214,72,0.376332,0.2656
1226000,788.917475,1223,65,0.117669,0.2656
1228000,771.888199,1208,69,0.103226,0.2969
1230000,793.709135,1241,60,0.078202,0.2578
1232000,950.332742,1236,56,0.298924,0.2891
1234000,933.473751,1227,63,0.335429,0.3203
1236000,851.665295,1224,60,0.176209,0.2109
1238000,844.685963,1216,75,0.147691,0.3281
1240000,924.394739,1215,70,0.204389,0.3359
1242000,919.079463,1193,69,0.210745,0.2812
1244000,834.759375,1170,73,0.301280,0.3047
1246000,813.988195,1170,77,0.293044,0.3203
1248000,809.413283,1183,76,0.287598,0.3281
1250000,829.199487,1199,63,0.325148,0.2578
1252000,874.191919,1176,85,0.248469,0.3359
1254000,875.323255,1161,82,0.245752,0.3672
1256000,1113.890110,1159,87,0.347107,0.3281
1258000,1097.335134,1176,74,0.338279,0.2891
1260000,930.177103,1177,79,0.207677,0.3438
1262000,899.788230,1170,79,0.234074,0.3281
1264000,918.790143,1166,79,0.324165,0.2812
1266000,976.687731,1164,91,0.224993,0.3516
1268000,971.781259,1180,72,0.218603,0.3281
1270000,788.444864,1183,84,0.116458,0.3594
1272000,802.727915,1199,79,0.130243,0.3281
1274000,864.576811,1210,78,0.117436,0.3281
1276000,849.169191,1215,59,0.092421,0.1953
1278000,1040.604775,1228,50,0.298307,0.3047
1280000,999.779163,1202,70,0.273233,0.2500
1282000,965.827051,1208,74,0.269076,0.2578
1284000,995.807187,1191,90,0.286006,0.3516
1286000,992.324979,1215,67,0.294567,0.2578
1288000,992.741072,1207,67,0.286505,0.2734
1290000,950.100310,1219,60,0.255021,0.3203
1292000,971.490731,1207,72,0.284164,0.2656
1294000,930.217711,1205,65,0.312218,0.3203
1296000,1100.589643,1211,76,0.395169,0.2891
1298000,1193.214147,1193,65,0.514783,0.3125
1300000,1050.411420,1197,72,0.416358,0.2891
1302000,1091.715695,1171,73,0.430923,0.2188
1304000,1050.497575,1194,75,0.406499,0.3203
1306000,921.493723,1199,61,0.013079,0.2656
1308000,891.036231,1207,61,0.018622,0.2656
1310000,880.602518,1211,58,0.015232,0.2422
1312000,978.992555,1212,59,0.262780,0.2266
1314000,917.243455,1210,68,0.056139,0.2969
1316000,823.393959,1191,75,0.094822,0.2188
1318000,902.742600,1178,81,0.151580,0.2578
1320000,911.088479,1191,83,0.101893,0.2422
1322000,925.888915,1202,74,0.072450,0.2266
1324000,1047.006755,1197,67,0.111664,0.2656
1326000,1090.312275,1186,79,0.148562,0.3984
1328000,1198.464364,1157,81,0.271939,0.3125
1330000,1194.789827,1169,75,0.166601,0.2422
1332000,1064.130950,1190,70,0.104467,0.2891
1334000,1086.057687,1196,62,0.236436,0.3125
1336000,1051.195643,1193,67,0.218832,0.2812
1338000,1058.101643,1216,66,0.217642,0.3281
1340000,1080.167495,1207,73,0.218900,0.3047
1342000,1207.206859,1219,78,0.240565,0.3359
1344000,1152.099687,1205,71,0.072906,0.3125
1346000,1137.301639,1212,77,0.059040,0.3125
1348000,1298.323900,1228,65,0.130483,0.2109
1350000,1127.851923,1206,75,0.020597,0.3047
1352000,978.453766,1231,57,0.030923,0.2266
1354000,974.964606,1231,64,0.025291,0.3047
1356000,935.950998,1217,72,0.030743,0.2109
1358000,962.248278,1209,79,0.080102,0.2891
1360000,1115.996800,1232,63,0.010078,0.2188
1362000,970.049823,1212,71,0.063627,0.4297
1364000,1023.031836,1217,67,0.068078,0.2734
1366000,993.692507,1200,64,0.051938,0.2734
1368000,1029.203768,1189,73,0.050967,0.2812
1370000,1048.795196,1193,65,0.065703,0.2656
1372000,1075.002030,1193,72,0.067882,0.3594
1374000,1051.179136,1193,78,0.071036,0.2578
1376000,989.928247,1208,66,0.025388,0.2578
1378000,901.472915,1205,78,0.086572,0.3125
1380000,880.309656,1185,78,0.073897,0.2500
1382000,888.886520,1163,73,0.086014,0.2656
1384000,918.166319,1172,91,0.091273,0.2734
1386000,875.317800,1197,68,0.062312,0.3281
1388000,862.035135,1200,74,0.056501,0.3203
1390000,887.209308,1221,67,0.061838,0.2891
1392000,1017.181179,1235,63,0.160079,0.2812
1394000,1005.293894,1207,76,0.152531,0.3047
1396000,953.114075,1217,82,0.125474,0.3047
1398000,1263.587260,1222,55,0.456864,0.2656
1400000,1189.454840,1196,78,0.532802,0.2500
1402000,1180.948935,1208,75,0.547610,0.2500
1404000,1184.553598,1198,86,0.520605,0.2734
1406000,1181.373078,1197,88,0.524596,0.3516
1408000,847.629723,1204,71,0.003501,0.3203
1410000,906.609260,1206,67,0.007326,0.2656
1412000,920.237528,1186,77,0.022692,0.2656
1414000,942.472880,1189,78,0.028400,0.3438
1416000,978.849816,1205,79,0.009670,0.3281
1418000,884.778750,1193,65,0.055464,0.2734
1420000,938.548830,1206,74,0.298288,0.2812
1422000,801.914215,1218,59,0.207444,0.2422
1424000,823.529695,1230,70,0.180792,0.2812
1426000,870.963992,1225,66,0.209034,0.3516
1428000,848.746263,1214,79,0.179332,0.2500
1430000,1033.979190,1200,85,0.263259,0.3125
1432000,944.024796,1187,86,0.267555,0.3125
1434000,846.916575,1203,85,0.019794,0.3203
1436000,847.246140,1203,85,0.029186,0.4062
1438000,937.415680,1185,83,0.066496,0.2109
1440000,851.064044,1168,76,0.139940,0.4062
1442000,821.297827,1179,81,0.177431,0.2812
1444000,860.914155,1191,91,0.083986,0.2812
1446000,860.960055,1158,84,0.087754,0.3672
1448000,881.952943,1173,70,0.090350,0.2969
1450000,1020.073710,1181,80,0.324265,0.3125
1452000,1044.348928,1200,65,0.395129,0.3047
1454000,868.589000,1198,67,0.337476,0.3203
1456000,909.580940,1218,55,0.366276,0.2266
1458000,898.688262,1212,46,0.362808,0.2422
1460000,995.910615,1225,54,0.401610,0.2266
1462000,1001.896462,1241,49,0.380059,0.3125
1464000,1105.908102,1242,56,0.344765,0.2422
1466000,1077.266504,1235,50,0.334067,0.2656
1468000,944.808751,1210,68,0.114572,0.2969
1470000,976.944430,1190,73,0.223019,0.3672
1472000,992.922275,1177,76,0.129652,0.2891
1474000,1019.450971,1183,81,0.169299,0.3594
1476000,1067.784651,1186,77,0.340241,0.3203
1478000,1098.298694,1199,79,0.374479,0.3438
1480000,1111.806091,1198,80,0.382374,0.2266
1482000,921.353260,1187,71,0.312126,0.2812
1484000,871.249087,1200,74,0.389728,0.2734
1486000,974.125299,1197,65,0.257581,0.3672
1488000,990.206555,1198,68,0.268238,0.3281
1490000,1028.667040,1212,71,0.390742,0.3438
1492000,894.382422,1199,70,0.112805,0.3203
1494000,853.843886,1195,66,0.103946,0.2266
1496000,1109.019167,1183,67,0.581063,0.3047
1498000,1056.518411,1184,71,0.566928,0.3281
1500000,1034.799339,1187,82,0.196082,0.4141
1502000,941.490487,1206,75,0.088433,0.2734
1504000,871.360748,1183,82,0.078912,0.3672
1506000,904.950766,1169,91,0.049387,0.2812
1508000,915.059415,1177,90,0.035193,0.3672
1510000,903.105755,1189,80,0.024491,0.2734
1512000,993.470120,1217,68,0.177447,0.2578
1514000,1063.249971,1211,72,0.188650,0.2969
1516000,1113.703980,1186,68,0.244492,0.2578
1518000,1116.349747,1192,71,0.238437,0.3125
1520000,1069.858035,1181,71,0.140883,0.3359
1522000,1033.422648,1187,74,0.061291,0.3125
1524000,886.948931,1191,68,0.156445,0.3125
1526000,962.805043,1200,66,0.134356,0.3281
1528000,931.915419,1213,67,0.049278,0.3047
1530000,924.310715,1183,78,0.051794,0.3281
1532000,920.948412,1174,80,0.068511,0.3125
1534000,1037.394547,1180,86,0.175535,0.2656
1536000,1005.481750,1184,79,0.158558,0.3203
1538000,1009.211276,1185,82,0.173374,0.3516
1540000,1057.278014,1179,72,0.047677,0.2422
1542000,947.081003,1174,73,0.275574,0.2656
1544000,958.515662,1192,76,0.222821,0.2812
1546000,930.443835,1211,65,0.207128,0.2969
1548000,902.725840,1186,83,0.222306,0.4219
1550000,885.902604,1206,62,0.116257,0.2656
1552000,863.216751,1199,70,0.062146,0.3125
1554000,818.728334,1196,60,0.135198,0.3203
1556000,830.459075,1182,72,0.148295,0.2734
1558000,828.513966,1195,69,0.152503,0.3438
1560000,831.497975,1203,60,0.146424,0.2812
1562000,821.555500,1195,79,0.160432,0.2812
1564000,888.327483,1188,65,0.065462,0.3125
1566000,855.836955,1194,68,0.062840,0.2422
1568000,781.787747,1171,71,0.088116,0.3438
1570000,802.364355,1166,83,0.070520,0.2969
1572000,791.156975,1167,94,0.043238,0.3203
1574000,811.033278,1186,87,0.066933,0.4531
1576000,852.349631,1176,82,0.019787,0.3203
1578000,894.714662,1189,75,0.032078,0.2500
1580000,844.870155,1189,72,0.187655,0.2734
1582000,873.345091,1226,64,0.109131,0.2422
1584000,763.127235,1229,51,0.351899,0.2891
1586000,855.542390,1199,74,0.327805,0.3438
1588000,927.058491,1207,69,0.253919,0.2578
1590000,825.324796,1199,74,0.259870,0.3047
1592000,1045.013555,1204,73,0.373024,0.3594
1594000,792.646895,1208,73,0.076390,0.2422
1596000,837.083500,1176,78,0.092188,0.3438
1598000,990.833807,1185,69,0.245430,0.4062
1600000,937.180590,1168,83,0.151787,0.3125
1602000,887.361070,1177,68,0.228888,0.3125
1604000,979.701484,1161,77,0.391500,0.2891
1606000,1054.735560,1192,67,0.211903,0.1953
1608000,1012.797038,1163,78,0.189954,0.2891
1610000,1003.210463,1151,82,0.193045,0.3047
1612000,994.195675,1159,86,0.185916,0.3359
1614000,985.745150,1154,82,0.221628,0.3047
1616000,988.272334,1182,85,0.271862,0.2891
1618000,1051.859356,1179,83,0.305920,0.2344
1620000,897.077435,1190,73,0.254811,0.3438
1622000,736.837471,1204,62,0.109495,0.3438
1624000,767.581558,1184,79,0.056223,0.3047
1626000,775.779644,1202,61,0.063549,0.3047
1628000,812.414927,1208,75,0.074068,0.3281
1630000,838.242087,1184,88,0.162377,0.3438
1632000,861.974759,1216,72,0.171039,0.2969
1634000,821.869043,1224,76,0.158316,0.2422
1636000,861.446159,1236,59,0.117299,0.2656
1638000,1092.368830,1210,65,0.491057,0.2344
1640000,1070.027999,1184,77,0.399231,0.2734
1642000,1084.782780,1183,86,0.383936,0.2422
1644000,1098.038067,1204,78,0.185410,0.3594
1646000,727.114431,1221,74,0.039622,0.2734
1648000,743.618659,1231,71,0.043605,0.3281
1650000,758.460254,1225,57,0.045664,0.2969
1652000,726.661494,1231,51,0.049043,0.2812
1654000,1035.255342,1231,55,0.125590,0.2188
1656000,914.430430,1224,62,0.126013,0.2656
1658000,724.071228,1229,62,0.028925,0.2734
1660000,689.259867,1197,72,0.024535,0.2969
1662000,688.568755,1173,75,0.048708,0.2734
1664000,717.094700,1193,78,0.022767,0.2891
1666000,846.108943,1190,70,0.136467,0.2344
1668000,751.597015,1179,79,0.061191,0.2891
1670000,694.223616,1181,83,0.109629,0.2656
1672000,687.578470,1188,82,0.108189,0.3438
1674000,696.933803,1176,80,0.103549,0.1875
1676000,724.637462,1151,91,0.081608,0.3828
1678000,733.576759,1170,74,0.086377,0.3906
1680000,734.299206,1159,78,0.071365,0.3828
1682000,896.515791,1162,83,0.535197,0.3203
1684000,910.984396,1169,70,0.520925,0.2656
1686000,892.731975,1177,68,0.498925,0.2656
1688000,783.597943,1176,74,0.058705,0.2812
1690000,792.239603,1186,64,0.051885,0.3203
1692000,911.978199,1167,79,0.008285,0.3359
1694000,936.062830,1184,80,0.017564,0.3359
1696000,952.448526,1186,79,0.078034,0.3281
1698000,941.802695,1174,86,0.079727,0.3359
1700000,944.561227,1186,70,0.083058,0.2344
1702000,1018.552336,1176,86,0.106427,0.2891
1704000,1034.971486,1167,84,0.119261,0.3125
1706000,964.306071,1189,73,0.030534,0.3438
1708000,860.197791,1196,76,0.026778,0.2656
1710000,774.249351,1193,82,0.043361,0.3359
1712000,819.571840,1203,65,0.123021,0.2656
1714000,1023.066999,1176,87,0.318989,0.3203
1716000,973.562556,1151,86,0.284108,0.2578
1718000,947.892775,1162,76,0.224901,0.2656
1720000,941.957718,1154,75,0.335906,0.2969
1722000,925.733238,1174,67,0.418735,0.2891
1724000,1012.137614,1176,72,0.131094,0.3438
1726000,795.270015,1191,74,0.022164,0.3047
1728000,790.090608,1186,70,0.018830,0.2578
1730000,788.738175,1184,81,0.020402,0.2891
1732000,798.235902,1174,89,0.026546,0.3984
1734000,1046.414118,1171,74,0.141313,0.3594
1736000,955.293851,1161,70,0.167742,0.3281
1738000,961.814355,1163,88,0.111412,0.3672
1740000,934.569318,1182,76,0.147465,0.3047
1742000,768.117731,1181,79,0.011653,0.3906
1744000,776.599744,1205,54,0.008172,0.2578
1746000,784.995920,1208,71,0.007937,0.3047
1748000,878.107150,1174,83,0.017609,0.3594
1750000,866.066147,1169,77,0.028788,0.3203
1752000,854.485351,1158,89,0.138194,0.3594
1754000,915.642166,1160,73,0.151892,0.2734
1756000,878.889040,1187,77,0.158577,0.3281
1758000,900.021975,1198,80,0.079065,0.3359
1760000,902.877372,1200,78,0.069265,0.3359
1762000,798.547166,1183,80,0.121945,0.3125
1764000,805.311430,1165,74,0.140322,0.2656
1766000,813.248487,1178,79,0.015763,0.3359
1768000,1013.114179,1205,71,0.032504,0.2422
1770000,798.391576,1204,64,0.043126,0.2734
1772000,846.427231,1201,61,0.004156,0.3125
1774000,815.722520,1213,56,0.019463,0.2266
1776000,738.535806,1214,73,0.003820,0.3750
1778000,717.991424,1216,73,0.023777,0.3047
1780000,717.258062,1192,82,0.037707,0.2969
1782000,775.254311,1177,61,0.001624,0.2969
1784000,747.149391,1185,82,0.007798,0.2656
1786000,723.757939,1185,75,0.039692,0.3750
1788000,734.822940,1184,69,0.032053,0.2812
1790000,738.045083,1194,68,0.018456,0.2891
1792000,733.743100,1181,83,0.021765,0.2656
1794000,725.882534,1156,86,0.015987,0.3750
1796000,703.091886,1180,85,0.011806,0.2812
1798000,687.297195,1182,84,0.009205,0.2891
1800000,737.040382,1179,84,0.115547,0.3359
1802000,742.929824,1209,71,0.101045,0.2344
1804000,799.515630,1197,74,0.057457,0.2969
1806000,797.622879,1177,79,0.072262,0.3125
1808000,804.550835,1178,88,0.069606,0.2891
1810000,850.296995,1187,77,0.043386,0.3438
1812000,833.743771,1190,83,0.060202,0.3281
1814000,788.234636,1183,83,0.064384,0.3281
1816000,775.828950,1170,84,0.087849,0.3594
1818000,762.963663,1164,92,0.074530,0.3047
1820000,744.421075,1155,78,0.125186,0.2812
1822000,659.682438,1163,87,0.057030,0.3359
1824000,695.183931,1160,83,0.059206,0.2578
1826000,732.519276,1166,83,0.043262,0.2422
1828000,723.144760,1166,77,0.044705,0.1875
1830000,742.635927,1172,78,0.099081,0.2578
1832000,697.269483,1186,82,0.065717,0.3203
1834000,699.263267,1166,93,0.036005,0.3516
1836000,695.293628,1176,85,0.036636,0.3359
1838000,685.458431,1199,75,0.041936,0.2188
1840000,699.523555,1190,69,0.042638,0.2734
1842000,796.041788,1184,77,0.132057,0.2734
1844000,808.552935,1185,73,0.141808,0.3125
1846000,805.445015,1173,91,0.131132,0.2969
1848000,790.296252,1187,79,0.134474,0.4062
1850000,787.306236,1205,69,0.140071,0.2891
1852000,779.050902,1192,69,0.064997,0.2734
1854000,730.996879,1201,76,0.102034,0.3203
1856000,699.249679,1194,76,0.163374,0.2969
1858000,759.013644,1163,80,0.168299,0.3281
1860000,748.670807,1168,81,0.140221,0.2891
1862000,679.841355,1138,88,0.144837,0.2812
1864000,688.902855,1152,79,0.118038,0.3203
1866000,681.695654,1147,84,0.118793,0.2891
1868000,734.189131,1137,97,0.118156,0.3203
1870000,726.293987,1154,87,0.125250,0.3047
1872000,761.829260,1173,80,0.170696,0.3125
1874000,740.169883,1162,83,0.173817,0.3359
1876000,745.711688,1160,59,0.150093,0.4062
1878000,753.687023,1152,72,0.136429,0.2891
1880000,746.492307,1134,83,0.120643,0.3438
1882000,763.304607,1153,81,0.113853,0.3047
1884000,898.073390,1159,88,0.270860,0.3750
1886000,899.710163,1143,88,0.227033,0.3125
1888000,786.931312,1161,77,0.362257,0.3359
1890000,663.211175,1176,64,0.004359,0.2969
1892000,743.167062,1168,82,0.018558,0.3984
1894000,761.837075,1199,77,0.072892,0.2500
1896000,727.989047,1199,64,0.108268,0.2500
1898000,668.685100,1175,85,0.032508,0.3203
1900000,671.275227,1182,67,0.045239,0.2422
1902000,667.235975,1191,71,0.046381,0.2578
1904000,678.791443,1188,88,0.027332,0.2266
1906000,657.668895,1181,81,0.008974,0.3125
1908000,651.508696,1178,80,0.009095,0.2969
1910000,653.013955,1192,73,0.011631,0.2578
1912000,656.733139,1185,80,0.029241,0.3047
1914000,679.041340,1182,76,0.045088,0.3203
1916000,676.745118,1186,68,0.038442,0.3125
1918000,682.975575,1191,86,0.043679,0.3750
1920000,660.183838,1192,68,0.015930,0.3672
1922000,665.037619,1212,64,0.042487,0.3438
1924000,655.560188,1223,53,0.009514,0.2734
1926000,714.049683,1232,57,0.024870,0.2344
1928000,789.085983,1215,66,0.056070,0.3438
1930000,775.282502,1212,78,0.062361,0.2891
1932000,753.010071,1226,72,0.033645,0.3281
1934000,742.619900,1232,70,0.021873,0.2500
1936000,818.092155,1211,79,0.173169,0.2344
1938000,848.025768,1213,63,0.230034,0.3047
1940000,811.892030,1219,51,0.066367,0.1875
1942000,795.936799,1208,59,0.076207,0.2969
1944000,826.393630,1195,90,0.099864,0.3516
1946000,828.505335,1183,81,0.096318,0.3438
1948000,794.911287,1208,82,0.167683,0.2500
1950000,930.314478,1199,71,0.287311,0.2422
1952000,897.440790,1203,75,0.085457,0.2578
1954000,941.800035,1211,73,0.062317,0.2578
1956000,1068.917766,1213,65,0.046520,0.2578
1958000,992.075455,1220,57,0.127035,0.3047
1960000,892.824635,1207,64,0.156672,0.2266
1962000,848.798574,1228,70,0.067983,0.2969
1964000,905.447000,1219,62,0.105212,0.2891
1966000,934.273644,1202,69,0.124863,0.3359
1968000,916.492600,1154,77,0.055016,0.2656
1970000,932.263011,1147,88,0.058563,0.3516
1972000,918.849872,1168,89,0.065607,0.3203
1974000,867.573500,1192,84,0.116659,0.2500
1976000,895.364014,1189,87,0.099304,0.2812
1978000,886.601470,1191,67,0.150831,0.2812
1980000,917.919032,1197,54,0.069243,0.2578
1982000,953.010566,1188,69,0.053714,0.2812
1984000,860.956380,1200,81,0.069985,0.3984
1986000,844.576278,1221,67,0.075916,0.3438
1988000,873.254070,1206,71,0.074631,0.3125
1990000,869.165624,1201,70,0.097239,0.2656
1992000,909.260703,1229,61,0.084153,0.2812
1994000,895.957644,1215,73,0.079206,0.2969
1996000,860.347519,1191,76,0.033813,0.2891
1998000,874.014851,1173,75,0.027342,0.3125
2000000,800.325851,1192,74,0.018141,0.2500
2002000,835.346475,1183,78,0.036710,0.2344
2004000,893.951270,1200,74,0.016726,0.2422
2006000,848.090016,1212,62,0.000031,0.2812
2008000,847.948540,1196,76,0.010562,0.2891
2010000,866.677087,1198,65,0.018786,0.2969
2012000,887.295003,1183,61,0.008999,0.2891
2014000,904.177287,1207,66,0.023349,0.2500
2016000,868.029110,1209,66,0.029325,0.3359
2018000,836.177587,1189,77,0.019681,0.2734
2020000,836.475131,1202,71,0.015819,0.2734
2022000,847.875643,1186,60,0.008222,0.2500
2024000,878.163591,1199,65,0.010213,0.2734
2026000,848.046952,1185,74,0.011512,0.2812
2028000,892.464190,1213,65,0.018982,0.2969
2030000,923.911995,1207,70,0.033401,0.2500
2032000,1097.518519,1190,63,0.324097,0.2500
2034000,951.900243,1194,94,0.044271,0.3281
2036000,882.042460,1228,63,0.018806,0.2188
2038000,1035.378615,1203,60,0.268657,0.2891
2040000,997.290590,1204,65,0.135352,0.2266
2042000,963.059259,1223,68,0.270055,0.3359
2044000,938.312614,1203,75,0.166993,0.3047
2046000,920.412398,1227,62,0.157871,0.3047
2048000,984.865246,1215,55,0.138812,0.3203
2050000,972.494931,1190,83,0.148147,0.3203
2052000,1348.544038,1210,72,0.560755,0.3047
2054000,1404.582599,1206,76,0.567687,0.3047
2056000,1439.215590,1194,81,0.441820,0.3516
2058000,1140.028422,1195,67,0.315556,0.2578
2060000,1060.240803,1188,74,0.461473,0.3281
2062000,1228.885102,1168,73,0.260534,0.3047
2064000,1222.021502,1193,65,0.276683,0.3047
2066000,1193.160664,1184,77,0.260253,0.3281
2068000,1159.705183,1179,89,0.243805,0.2422
2070000,1427.439174,1179,87,0.481343,0.3203
2072000,1361.750175,1191,76,0.430740,0.3203
2074000,941.549566,1179,77,0.003533,0.2188
2076000,947.636311,1192,78,0.001520,0.2812
2078000,963.972267,1220,63,0.035697,0.2266
2080000,1208.543696,1218,67,0.276074,0.2266
2082000,1129.373740,1234,60,0.230872,0.3281
2084000,1142.041992,1223,72,0.195514,0.2656
2086000,1169.032174,1250,55,0.196153,0.2422
2088000,1168.866982,1222,62,0.197643,0.2812
2090000,1293.202432,1214,65,0.265669,0.2656
2092000,1405.655975,1240,64,0.259414,0.3438
2094000,1421.125560,1207,73,0.259633,0.3281
2096000,1427.328656,1203,77,0.260114,0.3750
2098000,1291.638790,1191,76,0.377587,0.2891
2100000,1249.848119,1225,59,0.441306,0.1953
2102000,1279.233590,1207,71,0.480298,0.2500
2104000,1272.144380,1204,66,0.376864,0.3203
2106000,1206.940975,1226,69,0.322818,0.3125
2108000,1126.404350,1213,68,0.448466,0.3281
2110000,1086.868672,1214,76,0.398338,0.2578
2112000,1092.344462,1221,65,0.411346,0.2578
2114000,1090.375511,1213,63,0.404918,0.2500
2116000,1075.383550,1191,62,0.462650,0.4375
2118000,1001.462300,1173,77,0.349602,0.2656
2120000,1036.168878,1185,78,0.365726,0.3125
2122000,1031.761600,1200,63,0.340759,0.3906
2124000,868.064504,1194,79,0.290440,0.3438
2126000,841.556460,1214,69,0.257131,0.2422
2128000,1019.034979,1213,74,0.247705,0.2812
2130000,1275.190782,1217,70,0.380157,0.3438
2132000,1393.718375,1221,72,0.425519,0.2734
2134000,1421.474300,1201,79,0.401443,0.2422
2136000,1014.194508,1219,75,0.338639,0.2578
2138000,1054.118475,1234,61,0.324032,0.2344
2140000,1010.448703,1232,61,0.329253,0.2812
2142000,1000.208070,1212,72,0.337369,0.3750
2144000,1036.851150,1217,61,0.372797,0.1875
2146000,856.383175,1209,66,0.195526,0.2500
2148000,875.040406,1196,72,0.194028,0.2734
2150000,823.882079,1204,82,0.218949,0.3359
2152000,818.946911,1197,74,0.049333,0.2578
2154000,794.600695,1185,78,0.023425,0.3516
2156000,867.568286,1209,77,0.286970,0.3047
2158000,926.942174,1202,73,0.158456,0.2891
2160000,975.357067,1196,58,0.080224,0.3047
2162000,1171.496307,1194,61,0.507621,0.3047
2164000,1197.263500,1202,68,0.636812,0.3047
2166000,1294.610496,1200,64,0.534564,0.3359
2168000,1064.735955,1189,77,0.173134,0.2344
2170000,1013.279006,1216,62,0.114048,0.2266
2172000,981.816854,1225,60,0.127883,0.2500
2174000,848.842171,1201,70,0.007564,0.3203
2176000,860.021799,1204,67,0.003581,0.2344
2178000,897.401222,1192,86,0.009280,0.3750
2180000,1051.817039,1190,87,0.076764,0.2266
2182000,1013.467260,1175,96,0.074547,0.2812
2184000,883.688411,1199,62,0.129332,0.2734
2186000,881.802510,1192,77,0.110399,0.3438
2188000,915.965336,1179,79,0.098438,0.3047
2190000,814.580015,1189,75,0.198056,0.2422
2192000,800.606062,1191,78,0.183481,0.2812
2194000,792.097878,1202,77,0.225274,0.3281
2196000,861.591515,1191,74,0.075741,0.3516
2198000,912.380460,1209,68,0.081118,0.2578
2200000,888.076574,1208,62,0.072972,0.3125
2202000,858.414235,1221,66,0.047810,0.2812
2204000,758.190960,1217,75,0.150793,0.3047
2206000,756.787964,1220,76,0.150124,0.2891
2208000,756.851214,1223,75,0.150534,0.2891
2210000,874.400647,1230,54,0.158541,0.2812
2212000,842.389308,1209,74,0.147880,0.2578
2214000,885.151027,1211,74,0.148010,0.2266
2216000,853.989503,1222,65,0.129934,0.3047
2218000,871.166360,1224,67,0.106618,0.2188
2220000,955.378291,1219,74,0.147926,0.2812
2222000,940.290063,1212,82,0.151184,0.3750
2224000,947.069323,1214,71,0.458913,0.2656
2226000,986.036875,1201,72,0.383438,0.3359
2228000,940.954492,1204,64,0.117747,0.2500
2230000,857.111920,1203,69,0.088468,0.2500
2232000,855.205230,1197,69,0.076795,0.2109
2234000,844.062675,1199,79,0.065428,0.2891
2236000,851.404519,1207,72,0.059532,0.2734
2238000,835.523182,1195,77,0.064825,0.2891
2240000,862.117030,1175,87,0.048840,0.3750
2242000,866.141783,1211,74,0.059683,0.3672
2244000,862.698635,1190,87,0.049292,0.3359
2246000,879.131179,1224,67,0.042639,0.2969
2248000,886.520011,1229,66,0.103763,0.3438
2250000,978.753192,1228,67,0.296099,0.2812
2252000,895.856422,1220,73,0.078430,0.3281
2254000,894.792398,1212,72,0.085439,0.3281
2256000,799.187638,1216,65,0.086389,0.3438
2258000,879.433208,1191,87,0.031879,0.3047
2260000,847.033655,1202,71,0.037651,0.3828
2262000,819.490851,1182,87,0.130860,0.3281
2264000,822.702764,1178,85,0.113096,0.2891
2266000,843.627467,1177,81,0.131711,0.3047
2268000,1005.834027,1193,77,0.233781,0.3203
2270000,811.529899,1208,64,0.065189,0.2422
2272000,812.312411,1221,61,0.063770,0.3281
2274000,863.160431,1204,72,0.175670,0.2969
2276000,867.090011,1190,85,0.150486,0.3828
2278000,877.733703,1184,74,0.169060,0.3047
2280000,913.056104,1191,68,0.218136,0.2344
2282000,981.825596,1184,86,0.154739,0.2969
2284000,1007.447875,1192,78,0.219360,0.3516
2286000,953.276758,1191,76,0.259878,0.3516
2288000,949.372766,1191,78,0.306575,0.3047
2290000,1151.895590,1188,81,0.227617,0.3359
2292000,1134.559100,1182,86,0.209620,0.3672
2294000,1153.947515,1197,75,0.161604,0.3203
2296000,1050.343086,1209,72,0.417715,0.2812
2298000,993.925264,1192,79,0.264456,0.3359
2300000,991.450863,1210,73,0.251779,0.3047
2302000,1098.929095,1172,82,0.377356,0.3750
2304000,827.567350,1192,72,0.003317,0.3047
2306000,807.813308,1155,85,0.011553,0.3594
2308000,825.371950,1145,93,0.001730,0.3359
2310000,827.294700,1157,90,0.001098,0.2734
2312000,801.537414,1160,91,0.000812,0.2812
2314000,867.618656,1183,70,0.051989,0.3203
2316000,831.400390,1212,53,0.163361,0.2500
2318000,820.459262,1202,65,0.075043,0.2344
2320000,862.738575,1191,76,0.162035,0.3047
2322000,920.826671,1213,64,0.206461,0.3125
2324000,950.330620,1203,67,0.298939,0.2188
2326000,885.155375,1187,73,0.167991,0.2812
2328000,922.357935,1195,84,0.314208,0.3203
2330000,938.794175,1213,50,0.089440,0.2109
2332000,870.086550,1193,63,0.045343,0.2734
2334000,989.406444,1159,79,0.125923,0.2969
2336000,958.540395,1168,76,0.114977,0.2734
2338000,976.095526,1174,77,0.124010,0.2734
2340000,939.220971,1190,63,0.102696,0.2344
2342000,842.586899,1186,68,0.179573,0.3125
2344000,784.118680,1198,66,0.282139,0.3047
2346000,792.108670,1171,79,0.288584,0.3359
2348000,820.757403,1185,79,0.269415,0.3047
2350000,818.131110,1189,76,0.255518,0.2500
2352000,836.798739,1210,71,0.189675,0.2578
2354000,769.895052,1212,65,0.176433,0.2109
2356000,794.365398,1203,66,0.158096,0.2578
2358000,799.046471,1200,71,0.060329,0.3281
2360000,1367.716435,1175,81,0.460252,0.2500
2362000,1319.840935,1194,83,0.567672,0.3203
2364000,1024.976720,1215,61,0.262974,0.3125
2366000,1045.218423,1214,74,0.270799,0.2656
2368000,945.844579,1223,64,0.097316,0.3359
2370000,1060.099887,1230,57,0.197417,0.2578
2372000,1066.038358,1213,67,0.477405,0.3516
2374000,1041.975999,1217,69,0.376386,0.2578
2376000,1002.422687,1195,77,0.211475,0.2188
2378000,956.223886,1187,84,0.293543,0.2969
2380000,953.026503,1192,68,0.302228,0.3516
2382000,1016.490550,1216,67,0.400540,0.2578
2384000,910.932987,1222,56,0.077165,0.3047
2386000,984.609459,1204,78,0.235471,0.2812
2388000,982.793342,1210,65,0.180971,0.2344
2390000,960.590291,1210,71,0.164530,0.2734
2392000,1051.750319,1175,82,0.300713,0.3672
2394000,1020.818556,1187,80,0.096557,0.3281
2396000,996.084295,1169,75,0.140059,0.3750
2398000,958.329628,1167,83,0.150959,0.3516
2400000,945.812190,1183,75,0.175099,0.3516
2402000,897.221320,1180,76,0.098350,0.3438
2404000,905.457820,1180,81,0.119989,0.2891
2406000,973.468659,1173,84,0.066671,0.3203
2408000,865.438719,1167,74,0.036914,0.2969
2410000,857.166502,1164,85,0.033128,0.3281
2412000,792.901000,1186,86,0.069581,0.2578
2414000,805.108550,1209,70,0.070991,0.2734
2416000,769.134219,1211,65,0.023724,0.2422
2418000,817.326636,1210,69,0.022671,0.2422
2420000,799.935787,1197,73,0.024313,0.2969
2422000,897.125902,1207,68,0.046277,0.3359
2424000,867.707238,1195,69,0.047192,0.3281
2426000,853.376675,1191,77,0.034461,0.3750
2428000,817.242839,1201,87,0.022516,0.3047
2430000,871.673403,1210,79,0.025960,0.2734
2432000,889.885919,1221,69,0.021309,0.2734
2434000,865.129788,1201,69,0.021002,0.2422
2436000,864.250667,1200,74,0.015257,0.3281
2438000,862.847431,1203,68,0.021677,0.3594
2440000,806.819731,1218,76,0.014375,0.2188
2442000,834.543840,1239,73,0.011460,0.3438
2444000,824.117383,1229,64,0.012496,0.2734
2446000,822.387891,1239,60,0.008591,0.2500
2448000,1174.576606,1214,77,0.421731,0.2812
2450000,1204.457046,1209,74,0.403066,0.2891
2452000,1016.587403,1185,78,0.052465,0.2812
2454000,1011.554000,1165,82,0.045962,0.3125
2456000,1034.002840,1181,91,0.053498,0.3281
2458000,950.909518,1202,74,0.018984,0.2656
2460000,938.526555,1199,72,0.012875,0.3438
2462000,920.617795,1197,58,0.011832,0.2578
2464000,929.687483,1199,67,0.007676,0.3203
2466000,930.588448,1198,73,0.001461,0.3438
2468000,1328.113950,1185,82,0.282694,0.2891
2470000,1379.041310,1184,93,0.304961,0.2734
2472000,1347.185451,1186,81,0.288072,0.3594
2474000,1303.571095,1196,86,0.435280,0.2812
2476000,1157.805655,1212,63,0.163423,0.3203
2478000,1162.237868,1184,88,0.196879,0.3281
2480000,1056.145019,1199,68,0.123242,0.3125
2482000,1169.502103,1196,79,0.203801,0.3203
2484000,1073.451670,1208,61,0.113038,0.2734
2486000,1076.238403,1231,65,0.090479,0.2734
2488000,874.940867,1206,82,0.011364,0.3047
2490000,1132.818587,1190,84,0.292737,0.2734
2492000,1105.705704,1215,71,0.326077,0.2578
2494000,864.584023,1203,71,0.000741,0.2344
2496000,865.458750,1232,56,0.000177,0.2891
2498000,997.070270,1225,56,0.101464,0.2500
2500000,1088.640230,1225,62,0.208454,0.2500
2502000,969.799576,1205,73,0.083492,0.2734
2504000,1130.076878,1200,66,0.180978,0.3125
2506000,1283.799500,1188,77,0.243028,0.3281
2508000,1223.142571,1189,81,0.240275,0.2891
2510000,1222.156222,1187,78,0.253487,0.2578
2512000,1071.458704,1198,86,0.158365,0.2891
2514000,1208.765614,1176,82,0.241505,0.2578
2516000,1253.553567,1177,75,0.197319,0.3438
2518000,1291.170375,1204,64,0.168656,0.2188
2520000,1362.982767,1196,69,0.443794,0.2266
2522000,1052.716254,1178,88,0.034388,0.3672
2524000,1137.258303,1173,80,0.082456,0.3594
2526000,1115.478699,1185,88,0.120156,0.2812
2528000,1102.863675,1189,76,0.112851,0.3359
2530000,1126.560268,1179,79,0.042926,0.2812
2532000,1120.143510,1208,85,0.027345,0.2656
2534000,1057.606150,1180,72,0.024094,0.3984
2536000,1067.605430,1189,79,0.012023,0.2734
2538000,1030.992814,1162,92,0.049657,0.3750
2540000,1007.898675,1166,90,0.048122,0.3906
2542000,1034.857359,1187,76,0.017026,0.3359
2544000,1150.705147,1205,60,0.025530,0.2344
2546000,1021.007102,1194,71,0.122180,0.2656
2548000,875.811494,1188,72,0.075660,0.3203
2550000,821.822272,1201,76,0.080553,0.3359
2552000,890.733500,1203,67,0.074887,0.2734
2554000,875.629771,1222,76,0.091313,0.2812
2556000,867.902995,1209,61,0.113339,0.3125
2558000,865.197932,1179,76,0.120363,0.3594
2560000,947.891836,1190,85,0.290539,0.3672
2562000,873.188291,1192,82,0.295433,0.2734
2564000,957.916535,1191,84,0.315090,0.2500
2566000,946.032835,1182,86,0.139576,0.3906
2568000,833.727059,1160,86,0.126649,0.3594
2570000,752.633272,1174,83,0.093493,0.3125
2572000,729.527736,1188,75,0.086777,0.3125
2574000,724.216695,1185,74,0.063542,0.3828
2576000,827.449968,1216,58,0.093632,0.2344
2578000,943.994940,1199,67,0.014183,0.2344
2580000,917.099735,1208,60,0.010168,0.3203
2582000,904.428511,1217,53,0.037410,0.2500
2584000,878.800499,1222,57,0.020213,0.2500
2586000,865.665171,1227,62,0.021470,0.2969
2588000,805.207798,1198,73,0.058729,0.3203
2590000,773.473479,1199,74,0.077409,0.2734
2592000,832.997086,1209,77,0.095780,0.3516
2594000,824.496056,1181,83,0.078694,0.3594
2596000,836.555630,1160,92,0.090818,0.3281
2598000,882.977015,1173,81,0.052826,0.3203
2600000,913.644667,1180,83,0.091426,0.3438
2602000,919.281510,1202,65,0.110481,0.3438
2604000,919.066107,1206,63,0.124252,0.2656
2606000,951.535163,1187,78,0.154772,0.3047
2608000,950.470399,1199,63,0.146527,0.2812
2610000,1182.934190,1194,69,0.084735,0.2188
2612000,911.711927,1222,65,0.125117,0.3359
2614000,930.219110,1195,60,0.062452,0.2734
2616000,966.601520,1189,87,0.056270,0.3438
2618000,978.538815,1223,66,0.052086,0.2734
2620000,1304.640396,1212,66,0.174265,0.3906
2622000,1322.100624,1197,74,0.222037,0.3438
2624000,1171.603982,1224,63,0.039152,0.2891
2626000,1184.206495,1208,77,0.035983,0.3516
2628000,1210.372270,1221,67,0.012048,0.2734
2630000,884.596447,1182,87,0.286350,0.2812
2632000,864.455683,1174,85,0.260725,0.3359
2634000,857.568400,1180,76,0.261271,0.2969
2636000,867.763830,1189,77,0.263014,0.2891
2638000,813.536040,1190,76,0.183819,0.3047
2640000,832.468639,1205,81,0.184647,0.3047
2642000,851.958835,1195,72,0.189087,0.3281
2644000,857.330971,1203,76,0.215148,0.4219
2646000,861.800875,1200,78,0.175922,0.3047
2648000,844.647550,1203,80,0.184392,0.3438
2650000,865.892459,1190,71,0.175333,0.3516
2652000,998.022518,1214,62,0.295777,0.1875
2654000,999.910627,1226,67,0.297615,0.2500
2656000,997.269230,1220,67,0.272986,0.3438
2658000,1011.542252,1220,75,0.179937,0.3125
2660000,1016.359036,1225,55,0.182246,0.2734
2662000,967.720590,1240,63,0.163007,0.2656
2664000,914.703592,1229,67,0.258785,0.2578
2666000,933.040763,1236,60,0.307992,0.2109
2668000,925.273631,1229,68,0.314377,0.3359
2670000,1032.788755,1233,70,0.313055,0.2891
2672000,1018.148155,1220,58,0.376389,0.2422
2674000,1039.148088,1210,74,0.439301,0.2969
2676000,945.779215,1220,68,0.339373,0.2188
2678000,1035.783902,1221,72,0.422545,0.2500
2680000,1007.258199,1209,72,0.386747,0.3047
2682000,1023.737342,1223,62,0.193009,0.2578
2684000,1024.193983,1238,63,0.183392,0.3125
2686000,1015.719659,1227,65,0.173285,0.2344
2688000,1245.412963,1239,51,0.413761,0.2500
2690000,1251.348231,1230,68,0.398321,0.3516
2692000,1336.401022,1225,54,0.601422,0.2500
2694000,1175.779904,1234,65,0.401746,0.2812
2696000,1226.859500,1221,56,0.484617,0.2656
2698000,1198.047960,1216,68,0.468081,0.3125
2700000,1259.357342,1216,79,0.476469,0.2891
2702000,1263.965435,1191,84,0.463644,0.3047
2704000,1409.735703,1218,65,0.440043,0.2578
2706000,1412.022248,1201,72,0.451500,0.2812
2708000,917.654750,1189,75,0.032264,0.3516
2710000,877.539550,1189,87,0.034890,0.2812
2712000,888.756280,1201,73,0.021426,0.3359
2714000,893.220870,1211,65,0.146286,0.2891
2716000,911.589967,1199,73,0.030538,0.2344
2718000,1041.708007,1208,68,0.077121,0.3125
2720000,1052.497484,1194,69,0.107737,0.3047
2722000,1042.388796,1195,69,0.113854,0.3516
2724000,959.295838,1221,63,0.086719,0.2109
2726000,879.407150,1231,60,0.003581,0.2656
2728000,826.609974,1208,60,0.051954,0.3438
2730000,834.860175,1207,60,0.059703,0.2500
2732000,817.242035,1180,71,0.134743,0.2969
2734000,808.971238,1182,89,0.117888,0.3594
2736000,721.279271,1164,78,0.040999,0.2969
2738000,776.856670,1164,90,0.175461,0.3438
2740000,787.478287,1195,73,0.165711,0.2969
2742000,790.112847,1195,72,0.158175,0.2734
2744000,796.865708,1209,72,0.151211,0.3516
2746000,793.582675,1217,69,0.140365,0.3125
2748000,792.733595,1210,65,0.127796,0.3047
2750000,842.073664,1210,73,0.164346,0.2812
2752000,823.346083,1176,98,0.172458,0.3438
2754000,825.845600,1185,77,0.163829,0.2969
2756000,686.624976,1183,75,0.037895,0.3438
2758000,1085.012614,1168,71,0.491895,0.3516
2760000,1075.855558,1175,71,0.489202,0.2656
2762000,1075.747532,1162,78,0.443899,0.2344
2764000,795.082252,1185,75,0.070806,0.2500
2766000,805.881415,1166,83,0.124619,0.3047
2768000,814.272526,1177,82,0.128025,0.3281
2770000,800.921870,1191,72,0.088831,0.2344
2772000,811.141763,1196,80,0.094478,0.3359
2774000,802.452899,1190,69,0.047243,0.3047
2776000,842.097934,1188,80,0.004112,0.3203
2778000,823.164200,1165,87,0.001209,0.2891
2780000,1132.737927,1180,88,0.526161,0.3516
2782000,1090.330110,1198,64,0.338970,0.2891
2784000,988.369307,1187,61,0.111676,0.2891
2786000,976.730540,1227,67,0.103105,0.3125
2788000,942.094270,1239,58,0.188729,0.2969
2790000,1006.573531,1225,62,0.207754,0.2891
2792000,1103.069646,1232,60,0.192746,0.2656
2794000,908.572118,1208,63,0.106108,0.3438
2796000,917.438510,1189,71,0.188594,0.3125
2798000,988.471136,1192,77,0.013865,0.3047
2800000,952.188727,1198,72,0.304620,0.3047
2802000,1015.374124,1185,67,0.180672,0.2891
2804000,871.558152,1159,71,0.133286,0.2812
2806000,841.057872,1183,81,0.144128,0.2969
2808000,887.420127,1192,72,0.203180,0.2656
2810000,901.959103,1203,62,0.196499,0.2969
2812000,867.939663,1184,83,0.180521,0.3984
2814000,816.790027,1184,68,0.153391,0.2734
2816000,830.419907,1197,69,0.205444,0.2656
2818000,848.069039,1168,89,0.234327,0.3203
2820000,878.097548,1176,73,0.264255,0.3359
2822000,874.775486,1173,73,0.327906,0.3438
2824000,904.088875,1161,80,0.160664,0.3594
2826000,921.984558,1176,82,0.330478,0.2891
2828000,1009.964414,1199,76,0.305359,0.3906
2830000,1026.158375,1195,77,0.310778,0.3359
2832000,1066.144444,1187,78,0.351088,0.2656
2834000,1026.804702,1196,77,0.326787,0.3750
2836000,979.753992,1195,69,0.310652,0.3047
2838000,1025.028331,1222,70,0.200400,0.3125
2840000,1082.229886,1225,65,0.290673,0.3594
2842000,1412.775798,1228,70,0.278149,0.2734
2844000,1181.785388,1210,77,0.265921,0.2891
2846000,1079.713660,1228,68,0.005542,0.2969
2848000,902.630855,1214,64,0.056582,0.2031
2850000,882.842431,1210,75,0.059278,0.2578
2852000,1060.879680,1206,78,0.116416,0.3125
2854000,986.906652,1189,85,0.299010,0.2188
2856000,862.714640,1176,80,0.054559,0.3047
2858000,791.310071,1187,71,0.017361,0.2734
2860000,781.400619,1216,71,0.019687,0.2891
2862000,876.257758,1215,72,0.362718,0.3281
2864000,759.026062,1193,78,0.069950,0.3047
2866000,748.972862,1197,74,0.080080,0.2734
2868000,785.723435,1206,88,0.087690,0.2188
2870000,774.977822,1198,83,0.084968,0.3203
2872000,891.502470,1215,58,0.139342,0.3203
2874000,859.166046,1208,72,0.249143,0.4141
2876000,885.115420,1200,82,0.230667,0.3125
2878000,1123.540555,1210,87,0.281562,0.2891
2880000,1360.250067,1207,78,0.435614,0.2422
2882000,1357.552502,1196,89,0.348427,0.2969
2884000,1045.278335,1193,88,0.147609,0.3203
2886000,1012.594984,1197,75,0.139597,0.3750
2888000,1058.799067,1213,71,0.113033,0.3438
2890000,1007.163046,1237,60,0.205160,0.2500
2892000,1364.683942,1231,69,0.279961,0.3359
2894000,1220.552556,1207,80,0.274462,0.3203
2896000,1191.688110,1208,64,0.178094,0.3047
2898000,1129.697174,1235,62,0.213644,0.2969
2900000,1104.716447,1235,64,0.203181,0.2500
2902000,1098.951886,1253,70,0.188094,0.3438
2904000,1148.448927,1259,64,0.199262,0.2891
2906000,1168.805015,1237,64,0.120170,0.2734
2908000,1235.953311,1245,63,0.148478,0.3281
2910000,1234.468494,1235,71,0.151352,0.2500
2912000,1061.379919,1244,59,0.248062,0.2422
2914000,990.322871,1233,54,0.282923,0.2422
2916000,1063.966136,1219,69,0.212150,0.2969
2918000,943.478243,1224,79,0.145786,0.3516
2920000,962.564299,1223,68,0.134766,0.2734
2922000,1072.513171,1197,80,0.235092,0.2266
2924000,1091.722376,1212,78,0.227917,0.2812
2926000,1244.617703,1190,84,0.432876,0.2656
2928000,1187.459260,1203,81,0.424172,0.3672
2930000,949.720815,1215,72,0.206834,0.2656
2932000,965.227510,1249,53,0.222845,0.2500
2934000,947.307094,1238,76,0.214327,0.2344
2936000,1007.469831,1227,73,0.277230,0.3047
2938000,990.519006,1234,57,0.295181,0.2578
2940000,977.798300,1214,75,0.294955,0.2578
2942000,1116.098726,1224,62,0.427816,0.2656
2944000,1009.924094,1211,67,0.356642,0.2188
2946000,1024.162614,1224,64,0.365110,0.2734
2948000,888.816870,1220,63,0.227815,0.2578
2950000,812.950326,1200,77,0.115992,0.3438
2952000,807.115078,1201,73,0.131025,0.2812
2954000,941.348031,1170,84,0.231828,0.3516
2956000,978.238742,1171,76,0.014867,0.3359
2958000,958.248479,1191,83,0.108946,0.3281
2960000,1146.152775,1185,79,0.272637,0.3125
2962000,1062.994855,1190,73,0.247565,0.2812
2964000,998.791740,1203,72,0.215890,0.2891
2966000,1067.496240,1195,64,0.193447,0.3281
2968000,994.691875,1203,75,0.074370,0.2812
2970000,1179.636511,1187,77,0.321213,0.2734
2972000,1131.850808,1203,65,0.206601,0.2344
2974000,957.902086,1234,65,0.125822,0.2734
2976000,976.731376,1223,67,0.110085,0.2578
2978000,935.502040,1200,76,0.131752,0.3203
2980000,1010.226871,1210,75,0.187847,0.2969
2982000,1004.665871,1195,85,0.169898,0.3516
2984000,998.468886,1184,74,0.181008,0.3516
2986000,922.192200,1196,77,0.162756,0.3516
2988000,969.303984,1190,66,0.253458,0.2969
2990000,800.801150,1192,71,0.100971,0.3359
2992000,801.978200,1188,82,0.107336,0.3359
2994000,817.017371,1168,86,0.101010,0.3906
2996000,821.661247,1169,94,0.104603,0.3281
2998000,933.210895,1178,84,0.109183,0.3281
3000000,884.396411,1182,82,0.150989,0.3594
3002000,864.846695,1198,65,0.331133,0.2891
3004000,849.315459,1196,69,0.142537,0.2969
3006000,853.810416,1216,62,0.150228,0.2656
3008000,892.587115,1208,65,0.153803,0.2266
3010000,909.971359,1220,62,0.162974,0.3203
3012000,1004.840190,1214,71,0.271062,0.3203
3014000,1180.472046,1209,77,0.471016,0.3125
3016000,1100.907443,1203,70,0.397455,0.2422
3018000,1111.593532,1185,69,0.387719,0.3594
3020000,1107.505799,1193,65,0.353768,0.3125
3022000,1126.460600,1175,85,0.366677,0.2266
3024000,1059.012240,1186,88,0.332947,0.3672
3026000,1059.725112,1190,79,0.334452,0.2734
3028000,1039.990950,1195,71,0.338853,0.2969
3030000,1064.365651,1177,87,0.308442,0.3516
3032000,939.680971,1191,72,0.338533,0.2578
3034000,949.054630,1188,79,0.346052,0.2422
3036000,977.371871,1188,80,0.346680,0.2812
3038000,1096.893134,1202,77,0.143684,0.3047
3040000,1076.165943,1199,71,0.145731,0.3125
3042000,978.246019,1182,76,0.077222,0.3125
3044000,970.019267,1193,67,0.104421,0.2891
3046000,1003.636835,1183,74,0.101231,0.2969
3048000,1054.427020,1223,59,0.082494,0.2500
3050000,977.133587,1212,71,0.076174,0.3594
3052000,921.767615,1212,76,0.029572,0.3516
3054000,1029.123515,1197,76,0.171673,0.3203
3056000,1017.903470,1189,75,0.014758,0.3359
3058000,1104.239171,1186,83,0.469948,0.3047
3060000,1104.215771,1211,79,0.476228,0.2812
3062000,849.426527,1220,73,0.086648,0.3672
3064000,867.221086,1201,70,0.085666,0.2969
3066000,810.163248,1219,66,0.068770,0.2656
3068000,788.769246,1206,74,0.091213,0.3203
3070000,839.527951,1211,77,0.078816,0.2812
3072000,834.415927,1227,67,0.083486,0.2812
3074000,800.491228,1222,59,0.125681,0.3359
3076000,819.692064,1237,61,0.072365,0.3750
3078000,802.612231,1228,69,0.069642,0.2266
3080000,814.241655,1210,75,0.122902,0.3047
3082000,787.313475,1206,71,0.175079,0.2500
3084000,799.393915,1227,67,0.181136,0.2500
3086000,818.963731,1216,70,0.167398,0.3203
3088000,823.151398,1218,68,0.171574,0.2344
3090000,795.782591,1221,52,0.213671,0.2656
3092000,794.030950,1227,63,0.221359,0.2812
3094000,807.688899,1222,62,0.236492,0.2969
3096000,780.757759,1184,87,0.222529,0.2734
3098000,811.935755,1189,83,0.210801,0.3359
3100000,1011.490304,1177,82,0.432642,0.3750
3102000,990.850055,1162,80,0.319079,0.3281
3104000,958.814550,1163,74,0.322945,0.3359
3106000,936.457215,1159,83,0.263888,0.3125
3108000,915.981211,1152,84,0.256515,0.3672
3110000,957.259335,1186,73,0.265747,0.2969
3112000,956.667703,1180,75,0.307279,0.3203
3114000,894.907302,1176,87,0.355656,0.2578
3116000,883.576166,1190,80,0.362863,0.2969
3118000,859.270854,1177,77,0.336443,0.2812
3120000,857.132443,1188,62,0.347659,0.2891
3122000,758.035735,1173,75,0.327984,0.2656
3124000,750.466031,1176,80,0.256645,0.2969
3126000,761.425167,1164,75,0.216180,0.3359
3128000,780.830056,1202,63,0.201228,0.2266
3130000,778.832771,1162,73,0.256819,0.3438
3132000,778.700294,1167,76,0.275859,0.2812
3134000,754.545423,1184,60,0.252796,0.2891
3136000,741.866348,1187,83,0.208741,0.2578
3138000,742.335875,1172,83,0.248177,0.2891
3140000,801.383259,1195,63,0.272751,0.2422
3142000,800.929286,1176,73,0.294211,0.3750
3144000,804.947295,1164,72,0.290545,0.2422
3146000,815.508622,1181,82,0.304534,0.2891
3148000,802.299854,1167,80,0.324564,0.3281
3150000,813.614167,1171,68,0.330152,0.2578
3152000,917.321158,1189,71,0.160312,0.2812
3154000,772.079083,1192,75,0.063736,0.2812
3156000,767.550515,1201,67,0.081373,0.2500
3158000,1014.440111,1197,68,0.460813,0.2891
3160000,1075.856975,1189,58,0.529362,0.3203
3162000,1071.099055,1196,66,0.510147,0.2812
3164000,942.388815,1181,72,0.427937,0.2969
3166000,1250.419875,1162,75,0.553076,0.3281
3168000,950.258384,1207,72,0.425276,0.3203
3170000,933.410263,1189,65,0.466738,0.2969
3172000,924.472623,1180,74,0.465208,0.3125
3174000,960.684275,1198,66,0.364048,0.2969
3176000,949.065486,1193,63,0.297995,0.2812
3178000,963.310251,1186,69,0.281224,0.2734
3180000,947.199831,1198,69,0.256319,0.2500
3182000,919.992867,1211,75,0.260560,0.3281
3184000,957.352718,1217,69,0.341832,0.3750
3186000,959.538267,1231,71,0.498055,0.2188
3188000,978.368092,1215,70,0.522773,0.2656
3190000,1174.801278,1192,72,0.482152,0.2812
3192000,1137.715520,1197,84,0.563977,0.3672
3194000,833.752867,1206,70,0.084698,0.2656
3196000,878.023583,1208,68,0.125482,0.2500
3198000,893.548902,1205,70,0.141248,0.2578
3200000,975.024283,1207,74,0.175054,0.2812
3202000,948.281031,1174,86,0.225193,0.3125
3204000,925.571864,1166,67,0.239543,0.2734
3206000,853.506735,1198,62,0.098129,0.2344
3208000,866.024716,1184,82,0.111264,0.3594
3210000,927.706862,1169,85,0.136482,0.2734
3212000,920.331136,1153,90,0.137604,0.2969
3214000,918.606744,1189,67,0.144077,0.2656
3216000,928.236414,1195,70,0.162915,0.3203
3218000,1196.553139,1185,73,0.174990,0.2969
3220000,1145.879036,1178,78,0.120152,0.2500
3222000,1076.482711,1196,77,0.332142,0.2578
3224000,1178.758867,1193,71,0.304587,0.2812
3226000,1338.741800,1213,62,0.328711,0.3203
3228000,1347.631910,1209,74,0.304701,0.3047
3230000,1228.243020,1217,85,0.278758,0.3594
3232000,1211.583024,1223,68,0.242739,0.3906
3234000,1173.906540,1218,64,0.152857,0.3203
3236000,1233.579040,1209,79,0.429986,0.3359
3238000,1065.770422,1214,67,0.452149,0.2500
3240000,976.636460,1214,67,0.365935,0.2109
3242000,844.967755,1210,73,0.093131,0.2891
3244000,960.159822,1216,68,0.154012,0.3281
3246000,960.464246,1209,71,0.221876,0.3438
3248000,820.103430,1212,75,0.059266,0.2969
3250000,835.099635,1198,78,0.031319,0.2578
3252000,839.582935,1195,81,0.061227,0.2969
3254000,1023.953390,1195,66,0.256828,0.2969
3256000,1023.522958,1193,84,0.251486,0.2656
3258000,1010.207622,1197,80,0.285233,0.3125
3260000,1046.359827,1202,78,0.317878,0.2734
3262000,1022.840151,1203,71,0.223833,0.3047
3264000,1103.759990,1210,63,0.264177,0.3594
3266000,1343.154923,1202,68,0.516520,0.2578
3268000,1247.780520,1169,88,0.460513,0.2969
3270000,1044.287174,1179,78,0.266535,0.2656
3272000,968.183606,1185,84,0.204983,0.3047
3274000,1005.685475,1212,68,0.168979,0.2891
3276000,1000.744547,1226,63,0.140637,0.2969
3278000,826.568870,1208,65,0.016246,0.2969
3280000,904.939815,1198,70,0.136920,0.2969
3282000,927.210843,1208,59,0.095217,0.2500
3284000,928.783243,1186,72,0.070887,0.2891
3286000,907.061407,1202,75,0.104207,0.3594
3288000,849.900575,1194,77,0.085204,0.3047
3290000,890.789695,1186,78,0.123404,0.2969
3292000,942.115823,1178,86,0.108988,0.2891
3294000,929.080607,1198,81,0.116841,0.2812
3296000,814.776435,1199,69,0.117352,0.3125
3298000,799.973750,1203,67,0.107533,0.3594
3300000,705.224831,1195,88,0.129415,0.3281
3302000,691.529995,1188,86,0.133798,0.2969
3304000,708.787576,1203,78,0.145369,0.2656
3306000,1091.737615,1182,92,0.386442,0.3750
3308000,833.990991,1222,56,0.072654,0.2656
3310000,857.289411,1217,65,0.007203,0.2656
3312000,805.752670,1189,67,0.049459,0.2812
3314000,833.852200,1187,90,0.068363,0.3125
3316000,859.700270,1193,81,0.082599,0.2891
3318000,882.372975,1223,64,0.080547,0.2500
3320000,849.658887,1242,51,0.107312,0.2500
3322000,956.366236,1216,75,0.020499,0.3047
3324000,1054.110275,1211,72,0.035046,0.2969
3326000,1064.547174,1205,73,0.020409,0.2656
3328000,1003.130443,1215,70,0.016969,0.2969
3330000,953.961740,1230,64,0.031615,0.2500
3332000,1038.135292,1211,60,0.053011,0.2734
3334000,993.846238,1194,74,0.143630,0.3438
3336000,949.965478,1215,63,0.107447,0.2266
3338000,1101.620876,1219,68,0.097627,0.2734
3340000,1150.188667,1206,71,0.186063,0.2812
3342000,1006.690555,1216,65,0.032400,0.3281
3344000,983.645382,1193,89,0.146284,0.3281
3346000,1003.501560,1193,73,0.170229,0.3750
3348000,1062.915712,1211,59,0.166518,0.2969
3350000,1032.842891,1217,54,0.077172,0.2656
3352000,1082.472675,1199,70,0.113904,0.2969
3354000,1024.754430,1196,79,0.229015,0.2812
3356000,984.262284,1178,91,0.031536,0.3203
3358000,993.330035,1214,69,0.042232,0.2656
3360000,1049.259275,1214,68,0.060948,0.3828
3362000,1041.780255,1229,61,0.140386,0.2734
3364000,1094.333379,1186,75,0.083184,0.2969
3366000,1017.224380,1193,71,0.082570,0.2891
3368000,1082.320032,1167,91,0.034966,0.2578
3370000,1063.282750,1203,70,0.086770,0.2812
3372000,976.268582,1220,61,0.154847,0.2578
3374000,951.279388,1220,64,0.247714,0.2422
3376000,1111.669063,1225,64,0.083150,0.2812
3378000,1112.694235,1215,70,0.044509,0.2969
3380000,1110.299159,1218,64,0.053102,0.2578
3382000,1034.441990,1202,83,0.080940,0.2891
3384000,935.223879,1228,75,0.059054,0.2578
3386000,1031.049331,1245,58,0.066720,0.2500
3388000,1150.578791,1243,54,0.188689,0.2266
3390000,1048.977518,1251,58,0.259049,0.2188
3392000,1065.075248,1240,58,0.277528,0.3125
3394000,1008.766195,1229,58,0.304759,0.3203
3396000,1096.186755,1208,69,0.324537,0.2812
3398000,1049.906950,1192,86,0.291141,0.3750
3400000,1006.034288,1172,77,0.305288,0.3281
3402000,990.611227,1195,72,0.332971,0.2344
3404000,964.991523,1216,61,0.310744,0.2578
3406000,950.265115,1211,54,0.300388,0.3438
3408000,998.137095,1197,88,0.239498,0.2812
3410000,1095.778015,1234,65,0.266741,0.2109
3412000,1105.698636,1229,66,0.261289,0.3359
3414000,1375.819167,1238,68,0.460080,0.2266
3416000,805.280200,1240,73,0.099789,0.2734
3418000,846.913363,1255,56,0.219994,0.2422
3420000,823.584147,1246,56,0.278873,0.2578
3422000,828.097656,1224,67,0.288456,0.2891
3424000,856.711575,1229,65,0.267449,0.2734
3426000,846.190438,1206,64,0.288661,0.2734
3428000,917.802726,1194,68,0.383450,0.3125
3430000,830.480390,1195,74,0.345765,0.3125
3432000,807.710255,1187,82,0.304691,0.3359
3434000,866.896716,1182,85,0.241578,0.2656
3436000,871.902951,1182,92,0.251650,0.3594
3438000,901.660839,1167,82,0.159467,0.3281
3440000,893.330710,1137,102,0.161251,0.3047
3442000,922.262390,1151,89,0.181638,0.3672
3444000,865.605587,1183,72,0.135183,0.3438
3446000,942.821550,1188,70,0.167851,0.3125
3448000,937.457168,1194,74,0.345082,0.3359
3450000,1102.083863,1214,56,0.507866,0.3047
3452000,1057.726635,1211,52,0.470250,0.2734
3454000,1035.852795,1189,73,0.501066,0.2656
3456000,1047.990294,1171,79,0.495132,0.2656
3458000,1039.065758,1154,92,0.482251,0.3438
3460000,1035.822655,1166,83,0.473607,0.3750
3462000,1056.618550,1197,67,0.487836,0.2578
3464000,1126.605587,1218,62,0.550919,0.3125
3466000,763.480283,1178,83,0.027528,0.2344
3468000,714.135647,1177,74,0.061808,0.2734
3470000,710.667879,1180,83,0.064321,0.2969
3472000,802.229275,1165,78,0.017293,0.3047
3474000,806.376011,1212,66,0.029673,0.2500
3476000,785.591315,1197,76,0.046336,0.2734
3478000,814.093470,1211,68,0.037808,0.2578
3480000,794.478912,1239,65,0.072690,0.2109
3482000,792.722999,1247,59,0.060850,0.2656
3484000,780.835500,1215,74,0.105039,0.2969
3486000,774.314894,1214,64,0.098751,0.3359
3488000,816.145095,1239,60,0.086934,0.2891
3490000,771.805599,1213,71,0.079527,0.2734
3492000,773.618432,1207,77,0.010429,0.3047
3494000,764.184775,1204,88,0.003679,0.3203
3496000,748.081235,1209,69,0.002236,0.2969
3498000,700.904855,1185,74,0.015781,0.3594
3500000,694.646454,1201,79,0.006869,0.3047
3502000,708.100191,1215,66,0.003072,0.2891
3504000,851.271630,1203,61,0.139902,0.2344
3506000,850.577955,1204,60,0.233463,0.3047
3508000,907.604620,1186,80,0.236427,0.3438
3510000,917.293631,1186,72,0.113776,0.3750
3512000,1138.462699,1209,54,0.368821,0.2500
3514000,1173.573980,1203,69,0.345778,0.2422
3516000,1407.727704,1192,81,0.611396,0.2266
3518000,1352.848607,1183,76,0.628786,0.2500
3520000,1306.837622,1196,75,0.367902,0.2812
3522000,1103.553440,1193,80,0.286769,0.2812
3524000,1005.980855,1195,74,0.071314,0.3203
3526000,1188.073027,1213,66,0.364225,0.2422
3528000,1228.379463,1205,73,0.567364,0.2500
3530000,1662.332488,1200,77,0.685999,0.3203
3532000,1593.260134,1201,74,0.648124,0.3516
3534000,1569.815628,1220,58,0.724063,0.2578
3536000,1607.077726,1210,68,0.740553,0.2812
3538000,1502.097047,1216,67,0.708475,0.3047
3540000,1177.535580,1217,66,0.259876,0.2656
3542000,1210.622664,1212,61,0.326169,0.2578
3544000,1051.730870,1198,73,0.407818,0.2891
3546000,1069.624582,1175,69,0.417182,0.2891
3548000,1107.874940,1200,72,0.453527,0.3359
3550000,1136.793678,1193,79,0.458925,0.2812
3552000,1127.434443,1199,71,0.402058,0.3203
3554000,1072.976246,1201,82,0.163287,0.2891
3556000,1209.149795,1193,87,0.322193,0.2734
3558000,1068.413631,1182,96,0.427367,0.2656
3560000,1116.771927,1202,73,0.454683,0.3125
3562000,1096.436603,1211,59,0.206835,0.3359
3564000,1346.757100,1213,66,0.270858,0.2188
3566000,1197.576320,1210,86,0.145273,0.3125
3568000,1177.137664,1209,77,0.124719,0.2578
3570000,1079.869551,1217,62,0.240663,0.3438
3572000,1096.921371,1221,69,0.180581,0.3438
3574000,1338.596911,1197,74,0.257282,0.3047
3576000,1322.830572,1217,70,0.332215,0.3125
3578000,981.204051,1238,58,0.031741,0.2734
3580000,959.963659,1235,62,0.207946,0.3203
3582000,876.668395,1225,67,0.127472,0.2891
3584000,838.524015,1203,83,0.130292,0.2891
3586000,870.273835,1207,76,0.128956,0.2734
3588000,855.530263,1201,82,0.077643,0.3516
3590000,937.104230,1202,67,0.078002,0.3750
3592000,906.389302,1179,83,0.076828,0.3750
3594000,929.769087,1185,86,0.092130,0.2969
3596000,859.129583,1201,80,0.004007,0.3516
3598000,999.435919,1195,73,0.184403,0.3516
3600000,1007.375295,1191,68,0.191606,0.2812
3602000,923.916694,1211,81,0.059704,0.2812
3604000,905.553239,1204,67,0.052614,0.3125
3606000,889.986551,1177,85,0.179119,0.2734
3608000,902.354835,1181,90,0.204229,0.3125
3610000,835.565755,1181,75,0.229483,0.3516
3612000,981.011459,1208,59,0.071475,0.3281
3614000,860.746478,1196,70,0.090868,0.3359
3616000,873.224483,1182,79,0.097520,0.3594
3618000,861.655535,1190,66,0.118866,0.2656
3620000,730.596519,1187,76,0.001630,0.3750
3622000,705.065756,1216,52,0.009466,0.3281
3624000,673.640543,1205,62,0.020575,0.2344
3626000,776.537718,1172,79,0.140690,0.2578
3628000,818.646755,1186,70,0.088675,0.3281
3630000,811.027575,1190,76,0.084013,0.2812
3632000,828.870955,1186,71,0.059590,0.3203
3634000,831.518391,1202,74,0.063631,0.2891
3636000,885.472694,1234,55,0.108642,0.2578
3638000,825.585811,1193,78,0.088689,0.3906
3640000,815.728926,1205,75,0.097107,0.3984
3642000,885.091288,1209,54,0.082131,0.2500
3644000,875.128510,1211,49,0.088614,0.2266
3646000,852.445052,1198,62,0.063050,0.3125
3648000,813.660460,1179,79,0.047497,0.3984
3650000,773.849975,1191,75,0.045907,0.2812
3652000,775.230320,1194,77,0.038609,0.2344
3654000,681.408007,1207,70,0.004042,0.3203
3656000,681.496723,1193,71,0.003627,0.3203
3658000,686.945255,1199,73,0.004465,0.3203
3660000,710.660006,1200,70,0.000013,0.2578
3662000,718.727180,1163,91,0.006153,0.2734
3664000,697.931752,1158,94,0.011270,0.3203
3666000,769.326955,1173,75,0.029956,0.2422
3668000,747.637815,1176,84,0.071417,0.3984
3670000,756.131467,1169,91,0.067872,0.2969
3672000,777.333804,1166,82,0.058258,0.3594
3674000,776.713331,1189,74,0.064014,0.3438
3676000,818.666646,1187,78,0.056793,0.3047
3678000,866.549920,1147,95,0.314176,0.3594
3680000,848.478240,1159,71,0.129820,0.2578
3682000,844.086375,1172,78,0.134664,0.2969
3684000,773.683864,1167,77,0.087933,0.2266
3686000,787.801886,1190,69,0.092298,0.3281
3688000,826.135046,1204,67,0.135273,0.2891
3690000,1080.511315,1197,69,0.489942,0.3047
3692000,803.576495,1205,71,0.057953,0.3203
3694000,941.780910,1198,64,0.292048,0.2812
3696000,1017.833600,1184,76,0.259904,0.3047
3698000,1037.238108,1191,63,0.264628,0.3047
3700000,1027.130423,1192,83,0.358387,0.3125
3702000,1014.035134,1214,70,0.339355,0.2422
3704000,977.415807,1207,84,0.216774,0.2969
3706000,970.112302,1191,80,0.308388,0.4609
3708000,981.141399,1190,74,0.297830,0.2812
3710000,969.860431,1166,81,0.324960,0.3203
3712000,986.576295,1171,92,0.330567,0.3828
3714000,968.314075,1181,77,0.290709,0.2656
3716000,989.747584,1166,95,0.327340,0.3203
3718000,990.545875,1177,70,0.330220,0.3125
3720000,991.356255,1183,71,0.331572,0.3047
3722000,957.197846,1199,62,0.193517,0.3438
3724000,951.821755,1207,76,0.315945,0.2734
3726000,939.676334,1195,88,0.298971,0.2891
3728000,953.734028,1188,77,0.295150,0.3828
3730000,992.818335,1178,74,0.040228,0.3203
3732000,818.373788,1208,62,0.085233,0.3203
3734000,770.338447,1200,64,0.064651,0.3203
3736000,796.329516,1202,58,0.090393,0.2578
3738000,876.543519,1189,72,0.244065,0.2969
3740000,861.273735,1180,74,0.168015,0.3438
3742000,886.583703,1179,71,0.170324,0.2188
3744000,873.606159,1199,58,0.161361,0.3516
3746000,844.863500,1177,75,0.155525,0.3750
3748000,931.517110,1179,74,0.106714,0.3906
3750000,940.271648,1168,91,0.115204,0.2812
3752000,929.055550,1173,100,0.183730,0.2891
3754000,853.126384,1162,92,0.176254,0.3438
3756000,873.561295,1174,83,0.225506,0.2578
3758000,788.513423,1170,66,0.185401,0.2734
3760000,790.560270,1190,60,0.191076,0.2266
3762000,737.710126,1197,70,0.012737,0.2969
3764000,726.344327,1207,74,0.014524,0.2500
3766000,742.098483,1200,80,0.017657,0.3047
3768000,822.103580,1198,69,0.015321,0.2188
3770000,956.362775,1194,61,0.216840,0.2891
3772000,893.214795,1193,70,0.135773,0.3281
3774000,876.793000,1180,74,0.125348,0.3203
3776000,858.743591,1193,77,0.114095,0.2891
3778000,849.123751,1191,80,0.033223,0.3672
3780000,757.261694,1197,66,0.032497,0.3125
3782000,740.168174,1174,83,0.056400,0.3672
3784000,783.683563,1183,78,0.037174,0.3281
3786000,732.223888,1203,74,0.007691,0.2734
3788000,745.243606,1187,85,0.043187,0.3750
3790000,718.684924,1183,84,0.037599,0.3125
3792000,726.739550,1187,74,0.045514,0.3203
3794000,734.121615,1197,65,0.037388,0.2500
3796000,777.745596,1196,63,0.044179,0.2891
3798000,979.536310,1194,55,0.099683,0.2266
3800000,942.882339,1183,70,0.032756,0.2578
3802000,963.053899,1202,65,0.014366,0.2812
3804000,848.635239,1183,79,0.032359,0.3203
3806000,796.813950,1192,65,0.009570,0.2344
3808000,845.171275,1172,74,0.047923,0.3125
3810000,851.410115,1201,61,0.039959,0.3203
3812000,832.911868,1208,66,0.033319,0.2891
3814000,897.865015,1192,72,0.054348,0.3047
3816000,853.160300,1180,89,0.089738,0.2188
3818000,900.698096,1163,97,0.077715,0.3438
3820000,928.565811,1195,75,0.033481,0.2891
3822000,800.509851,1192,79,0.026389,0.2891
3824000,727.510579,1216,63,0.024983,0.3047
3826000,713.142315,1197,83,0.019308,0.2891
3828000,718.291739,1202,72,0.022421,0.2578
3830000,719.654735,1199,74,0.005890,0.2031
3832000,719.829763,1222,54,0.000850,0.2812
3834000,724.889375,1200,80,0.000699,0.2891
3836000,894.948254,1177,77,0.154441,0.3672
3838000,843.646203,1188,73,0.174984,0.3203
3840000,793.704000,1183,85,0.008191,0.3203
3842000,803.231703,1182,87,0.012966,0.3359
3844000,791.245590,1195,78,0.008277,0.2500
3846000,779.816270,1194,76,0.039861,0.2266
3848000,811.846710,1204,73,0.037306,0.2422
3850000,792.755414,1230,67,0.030716,0.2500
3852000,752.349379,1224,64,0.044693,0.3203
3854000,760.055590,1210,74,0.007559,0.3359
3856000,737.995963,1218,75,0.003197,0.2188
3858000,756.112566,1205,70,0.024382,0.2969
3860000,738.486620,1199,77,0.019103,0.3203
3862000,770.891630,1196,79,0.034119,0.2109
3864000,770.606812,1215,63,0.043336,0.2969
3866000,746.494791,1199,79,0.030011,0.2734
3868000,1025.277894,1214,66,0.233103,0.2578
3870000,742.028639,1217,67,0.090865,0.3203
3872000,689.646328,1201,75,0.117605,0.3281
3874000,675.778603,1203,78,0.139747,0.2734
3876000,681.658887,1191,76,0.139675,0.2656
3878000,756.513878,1184,73,0.054710,0.2500
3880000,761.727686,1165,85,0.056516,0.3203
3882000,741.721839,1164,90,0.046261,0.3047
3884000,1084.052531,1191,89,0.016732,0.2891
3886000,1075.140686,1199,71,0.454569,0.2578
3888000,843.701699,1186,67,0.097465,0.2578
3890000,847.882967,1184,73,0.096328,0.2812
3892000,826.058800,1199,70,0.096795,0.3125
3894000,832.422919,1210,70,0.096264,0.3516
3896000,925.936382,1208,73,0.276325,0.3594
3898000,885.185527,1209,87,0.141979,0.3047
3900000,997.088415,1211,79,0.056309,0.2344
3902000,835.565590,1191,72,0.044844,0.2578
3904000,775.728236,1177,82,0.032236,0.2891
3906000,770.567815,1180,81,0.035122,0.2812
3908000,846.414886,1185,76,0.023038,0.3125
3910000,809.851911,1159,84,0.030020,0.3828
3912000,796.551715,1149,86,0.043143,0.2734
3914000,756.421980,1153,68,0.038523,0.3203
3916000,747.898936,1148,87,0.014057,0.3203
3918000,904.129192,1158,78,0.024938,0.3203
3920000,903.971934,1176,81,0.225638,0.3750
3922000,904.954268,1166,81,0.241598,0.3203
3924000,889.538923,1175,94,0.253481,0.4062
3926000,881.810460,1171,86,0.243913,0.3047
3928000,754.886342,1190,71,0.121055,0.2812
3930000,907.235766,1223,56,0.303814,0.2578
3932000,943.307110,1203,75,0.305148,0.2500
3934000,804.436591,1218,70,0.168001,0.3047
3936000,811.780200,1207,63,0.143615,0.2188
3938000,808.641355,1213,63,0.142498,0.2422
3940000,812.414215,1202,79,0.156624,0.3672
3942000,818.490230,1229,62,0.191538,0.2344
3944000,817.603560,1199,68,0.189209,0.3125
3946000,828.133963,1205,68,0.194401,0.2734
3948000,837.184424,1199,76,0.144202,0.3359
3950000,868.072120,1165,86,0.144087,0.3281
3952000,1043.295422,1174,83,0.265418,0.3359
3954000,1010.769046,1178,77,0.269911,0.3203
3956000,1012.255851,1181,77,0.271293,0.3203
3958000,996.263155,1192,81,0.273708,0.2344
3960000,1008.660739,1187,80,0.269509,0.3047
3962000,1162.513420,1199,73,0.357793,0.2891
3964000,995.804976,1178,85,0.109848,0.3281
3966000,1084.458155,1213,57,0.424868,0.2109
3968000,1006.061195,1202,77,0.113265,0.2656
3970000,1032.423587,1197,72,0.055103,0.3516
3972000,1046.053512,1198,70,0.024141,0.3672
3974000,954.088654,1200,71,0.030853,0.2656
3976000,980.043683,1209,79,0.065255,0.2734
3978000,974.177967,1187,76,0.031890,0.2500
3980000,1079.213659,1211,68,0.064967,0.2656
3982000,1243.427270,1212,63,0.119334,0.2734
3984000,1327.575694,1188,69,0.147212,0.2109
3986000,1168.714835,1191,73,0.442867,0.3359
3988000,849.413151,1172,86,0.119385,0.3516
3990000,891.927470,1197,74,0.072987,0.2500
3992000,879.730446,1208,75,0.086306,0.2734
3994000,985.012092,1202,63,0.155366,0.2812
3996000,1017.809310,1199,72,0.234592,0.3047
3998000,1018.405991,1220,62,0.180506,0.2500
4000000,966.480886,1227,61,0.101340,0.2969
4002000,978.166768,1227,64,0.359832,0.3047
4004000,882.695819,1216,59,0.245998,0.2422
4006000,896.205318,1212,66,0.219821,0.3203
4008000,920.673647,1227,67,0.278865,0.2812
4010000,924.889016,1181,84,0.284191,0.2188
4012000,955.837807,1171,72,0.283598,0.3828
4014000,886.304638,1192,66,0.381054,0.2422
4016000,893.360827,1171,82,0.293457,0.2969
4018000,865.942838,1205,72,0.259793,0.2969
4020000,867.567575,1192,82,0.293145,0.2812
4022000,918.240478,1231,54,0.376393,0.2578
4024000,805.206903,1215,61,0.267122,0.2578
4026000,803.318559,1186,87,0.246503,0.2969
4028000,890.001800,1208,66,0.346176,0.3047
4030000,1058.964176,1258,61,0.434976,0.3281
4032000,1008.579235,1248,59,0.417068,0.2891
4034000,1013.072427,1219,70,0.398388,0.3281
4036000,1052.458371,1191,83,0.413723,0.3203
4038000,911.159955,1207,77,0.159404,0.2578
4040000,868.485395,1206,80,0.106886,0.2969
4042000,863.666867,1214,72,0.073450,0.3047
4044000,794.228236,1195,69,0.221555,0.3203
4046000,831.608479,1196,79,0.319184,0.2656
4048000,948.045488,1184,76,0.377502,0.3359
4050000,1361.590638,1199,68,0.430863,0.3359
4052000,1184.023750,1202,56,0.154147,0.2266
4054000,1194.570156,1192,72,0.163994,0.3359
4056000,1012.395711,1228,70,0.336912,0.2422
4058000,1002.624799,1220,64,0.326252,0.2656
4060000,1086.556700,1248,51,0.476978,0.2031
4062000,1088.586982,1239,56,0.466193,0.2969
4064000,852.108475,1211,69,0.251499,0.3203
4066000,854.284940,1205,67,0.272428,0.2891
4068000,877.395484,1183,77,0.148937,0.3047
4070000,860.207160,1181,86,0.161839,0.3672
4072000,873.226623,1206,65,0.147723,0.2969
4074000,874.887487,1181,70,0.153796,0.3281
4076000,892.080715,1196,70,0.159311,0.3047
4078000,906.359291,1198,81,0.162093,0.3047
4080000,916.802823,1188,86,0.168071,0.3125
4082000,1025.848295,1207,76,0.162107,0.2734
4084000,1153.790110,1221,60,0.098756,0.3047
4086000,1157.392476,1228,56,0.042649,0.2656
4088000,1078.740271,1200,81,0.096098,0.3203
4090000,1074.058752,1202,66,0.093616,0.2656
4092000,1041.586803,1220,55,0.075305,0.2891
4094000,914.763975,1201,70,0.062519,0.2812
4096000,875.563503,1187,87,0.049738,0.3672
4098000,865.128940,1177,70,0.045566,0.3594
4100000,736.624446,1175,82,0.007403,0.3750
4102000,742.609835,1187,75,0.004899,0.2969
4104000,728.348350,1180,74,0.002889,0.3359
4106000,725.937358,1174,79,0.001765,0.3594
4108000,734.279431,1155,92,0.000223,0.2812
4110000,742.971254,1158,95,0.001231,0.2891
4112000,806.628718,1172,104,0.034426,0.4062
4114000,797.913286,1186,85,0.033581,0.3281
4116000,855.029199,1195,70,0.013674,0.2656
4118000,852.732190,1194,79,0.009774,0.3984
4120000,839.456350,1176,85,0.009769,0.2578
4122000,772.510519,1169,78,0.041285,0.3203
4124000,775.893219,1172,58,0.000312,0.2500
4126000,761.674659,1161,74,0.000145,0.2734
4128000,736.046087,1174,75,0.001154,0.2812
4130000,748.391580,1175,89,0.000737,0.3594
4132000,847.031639,1159,85,0.056951,0.3984
4134000,858.853539,1161,85,0.060253,0.2344
4136000,944.401760,1146,91,0.029739,0.3750
4138000,970.329383,1169,81,0.036164,0.3203
4140000,989.974188,1198,69,0.024704,0.2891
4142000,975.244544,1196,74,0.023485,0.2734
4144000,995.384675,1167,84,0.015896,0.3594
4146000,924.575350,1172,84,0.032912,0.3828
4148000,864.375660,1164,84,0.050840,0.2891
4150000,892.373587,1202,69,0.054747,0.2734
4152000,895.196247,1202,76,0.071494,0.3203
4154000,857.897320,1185,74,0.038110,0.3203
4156000,855.339670,1167,83,0.042587,0.3203
4158000,870.220780,1178,64,0.049572,0.3281
4160000,869.937395,1175,76,0.051685,0.3203
4162000,900.326575,1196,68,0.005946,0.2891
4164000,946.449103,1189,81,0.007571,0.2812
4166000,905.550863,1189,73,0.022248,0.2656
4168000,883.601558,1184,72,0.038930,0.3203
4170000,1397.293435,1191,73,0.453347,0.2422
4172000,1180.346780,1194,68,0.317842,0.2891
4174000,1332.150895,1210,67,0.403860,0.2578
4176000,1281.546575,1203,69,0.099622,0.3281
4178000,1267.397228,1215,60,0.114456,0.3125
4180000,993.359456,1212,68,0.023578,0.3047
4182000,985.650223,1199,82,0.016711,0.2812
4184000,828.088415,1195,76,0.019131,0.3203
4186000,897.386715,1210,67,0.022766,0.2812
4188000,1255.171507,1221,59,0.312025,0.2266
4190000,1122.159724,1218,64,0.286738,0.3125
4192000,1118.908695,1223,65,0.221921,0.2969
4194000,1022.899435,1213,81,0.261168,0.2812
4196000,978.542624,1196,74,0.229605,0.3750
4198000,1112.495299,1204,77,0.308338,0.3359
4200000,1196.708815,1205,75,0.303972,0.3281
4202000,1200.606348,1200,62,0.318855,0.2891
4204000,1293.236835,1210,64,0.372748,0.2734
4206000,1365.978175,1211,62,0.372147,0.3047
4208000,1324.072815,1231,51,0.390193,0.2891
4210000,1388.431875,1235,57,0.430091,0.2656
4212000,1509.132799,1209,79,0.330224,0.3438
4214000,1195.836519,1200,69,0.144533,0.2969
4216000,1157.145734,1187,75,0.147058,0.2266
4218000,1171.912875,1193,65,0.148852,0.2500
4220000,1241.217102,1165,81,0.095537,0.3438
4222000,1223.911840,1172,89,0.108552,0.3516
4224000,1220.194702,1199,65,0.082617,0.3594
4226000,1106.382827,1185,82,0.148858,0.3516
4228000,1095.922934,1197,75,0.043232,0.2891
4230000,1200.728750,1218,73,0.161542,0.2812
4232000,1106.366115,1226,63,0.109861,0.3359
4234000,1077.839100,1194,69,0.153462,0.2656
4236000,1090.356910,1213,68,0.142730,0.2734
4238000,1088.916798,1213,70,0.155688,0.2422
4240000,1149.932526,1218,74,0.221034,0.2812
4242000,924.357035,1192,76,0.205748,0.2891
4244000,859.303358,1192,68,0.136923,0.2969
4246000,949.961663,1204,76,0.233231,0.2812
4248000,933.781086,1204,83,0.226377,0.2266
4250000,930.217660,1213,77,0.224954,0.3281
4252000,951.066990,1217,89,0.240303,0.2578
4254000,928.642000,1205,81,0.218970,0.2500
4256000,972.252603,1190,89,0.035430,0.3594
4258000,1093.714252,1193,79,0.173056,0.3203
4260000,1166.886575,1184,85,0.262548,0.3281
4262000,1161.256824,1198,82,0.276020,0.2812
4264000,1220.284940,1198,76,0.305844,0.2422
4266000,914.921646,1180,72,0.103491,0.2734
4268000,959.413883,1206,67,0.170995,0.3125
4270000,917.616624,1193,69,0.214523,0.2969
4272000,957.154175,1191,89,0.119555,0.3047
4274000,833.670855,1194,71,0.056026,0.3047
4276000,835.704595,1179,79,0.043720,0.3594
4278000,852.566328,1163,83,0.017724,0.2734
4280000,869.153447,1153,91,0.012619,0.3281
4282000,875.183295,1160,78,0.505341,0.3281
4284000,852.043255,1140,84,0.540978,0.3281
4286000,869.502371,1147,83,0.556609,0.2891
4288000,864.708390,1149,94,0.479710,0.3281
4290000,898.038415,1165,77,0.366859,0.3438
4292000,842.066000,1168,71,0.365527,0.3125
4294000,814.531955,1172,78,0.356562,0.3203
4296000,807.798030,1189,62,0.348174,0.3594
4298000,795.405087,1171,82,0.337405,0.3203
4300000,891.732791,1176,74,0.419747,0.3047
4302000,885.111270,1167,84,0.414111,0.3594
4304000,899.903196,1177,80,0.399796,0.3516
4306000,787.630571,1182,78,0.296588,0.3281
4308000,813.177175,1189,76,0.305724,0.3672
4310000,840.291911,1165,74,0.263397,0.3438
4312000,1056.325251,1181,69,0.286584,0.3203
4314000,906.959838,1183,64,0.285095,0.3438
4316000,1050.760787,1198,59,0.318223,0.2422
4318000,1018.171299,1192,68,0.147506,0.3750
4320000,1146.403478,1199,66,0.394046,0.2188
4322000,1145.320734,1223,75,0.409770,0.2344
4324000,1258.501215,1218,83,0.398448,0.2734
4326000,1104.322963,1207,69,0.385345,0.2734
4328000,1107.135531,1225,64,0.383167,0.2422
4330000,1137.826727,1203,70,0.447129,0.2422
4332000,1134.689686,1226,62,0.445374,0.3516
4334000,843.827503,1189,78,0.096991,0.3047
4336000,951.952583,1201,67,0.146129,0.2969
4338000,827.852455,1199,74,0.073780,0.2578
4340000,751.156435,1198,73,0.052688,0.2812
4342000,744.041750,1192,72,0.055123,0.2812
4344000,751.183398,1205,62,0.054718,0.3359
4346000,735.901187,1207,59,0.087253,0.2656
4348000,745.062915,1216,55,0.079445,0.3125
4350000,766.223248,1200,61,0.095578,0.2500
4352000,686.441555,1196,76,0.051084,0.3750
4354000,779.555151,1188,82,0.051282,0.3672
4356000,758.881483,1198,77,0.094296,0.2734
4358000,705.006076,1185,70,0.033823,0.3594
4360000,704.567359,1189,75,0.039053,0.2422
4362000,699.565115,1185,81,0.043520,0.3438
4364000,724.018558,1204,82,0.034709,0.2891
4366000,698.709368,1188,79,0.001404,0.2812
4368000,830.029783,1190,72,0.046860,0.2344
4370000,784.254764,1202,64,0.002145,0.2969
4372000,796.995366,1203,72,0.001321,0.1953
4374000,793.489942,1221,63,0.027184,0.2969
4376000,820.232315,1209,76,0.020534,0.2188
4378000,819.892972,1210,68,0.026163,0.2656
4380000,838.456251,1186,73,0.043707,0.3047
4382000,818.206451,1193,77,0.049640,0.3281
4384000,816.916979,1180,77,0.045042,0.2656
4386000,838.095478,1172,75,0.110836,0.2656
4388000,769.491896,1161,87,0.041072,0.3438
4390000,790.012950,1157,76,0.041832,0.2812
4392000,812.724655,1160,88,0.024662,0.2500
4394000,835.584591,1158,94,0.055751,0.2812
4396000,855.217523,1182,74,0.014732,0.1875
4398000,949.377342,1199,62,0.308895,0.2578
4400000,969.718348,1200,74,0.306894,0.3438
4402000,982.055247,1193,70,0.343436,0.2891
4404000,971.425612,1193,70,0.330969,0.3906
4406000,1166.037350,1201,62,0.413458,0.2266
4408000,1166.252091,1197,61,0.398910,0.3125
4410000,1175.953488,1203,76,0.152434,0.3438
4412000,1154.694567,1204,78,0.193393,0.2422
4414000,1135.500339,1210,81,0.184310,0.3125
4416000,1190.422575,1237,60,0.355875,0.2500
4418000,1200.778967,1221,73,0.341441,0.3516
4420000,1180.850544,1235,59,0.340226,0.2500
4422000,1175.013775,1217,72,0.152884,0.3672
4424000,1021.710630,1235,64,0.298482,0.2266
4426000,1063.155215,1240,68,0.333408,0.2422
4428000,948.039475,1233,69,0.308345,0.2188
4430000,891.172463,1209,79,0.251713,0.3203
4432000,1016.324540,1218,67,0.321583,0.2578
4434000,992.295448,1225,65,0.309325,0.2969
4436000,1109.952860,1234,59,0.318256,0.2500
4438000,1120.712059,1230,60,0.326966,0.2656
4440000,1102.251475,1211,57,0.313399,0.2812
4442000,964.816972,1220,66,0.242652,0.2500
4444000,939.690803,1221,62,0.295663,0.3203
4446000,886.086027,1214,61,0.280350,0.2812
4448000,1042.508336,1212,63,0.400183,0.2578
4450000,1032.139640,1190,77,0.369542,0.3047
4452000,1095.210911,1181,79,0.212701,0.3125
4454000,1035.676732,1213,81,0.157346,0.2578
4456000,1083.305820,1194,87,0.154956,0.3594
4458000,997.849488,1197,73,0.240894,0.3438
4460000,994.357680,1183,78,0.183155,0.2734
4462000,923.322627,1186,82,0.158864,0.3750
4464000,809.352143,1184,72,0.197859,0.3516
4466000,774.077980,1173,71,0.099302,0.2891
4468000,812.005560,1188,74,0.151890,0.2969
4470000,843.186415,1203,63,0.168158,0.2969
4472000,931.419404,1204,76,0.200395,0.3438
4474000,984.128694,1193,76,0.308737,0.2812
4476000,815.791806,1177,92,0.100463,0.2734
4478000,881.812750,1197,69,0.189510,0.2656
4480000,992.025038,1176,90,0.304243,0.2266
4482000,1002.751976,1177,68,0.204888,0.2969
4484000,854.396199,1168,75,0.091218,0.2812
4486000,848.997055,1163,87,0.080076,0.3203
4488000,869.933356,1185,74,0.054298,0.3281
4490000,868.119695,1207,64,0.036454,0.2500
4492000,809.793347,1216,70,0.021360,0.3594
4494000,788.841750,1222,60,0.023613,0.2656
4496000,771.649447,1213,76,0.003956,0.2734
4498000,721.533083,1194,81,0.005499,0.3359
4500000,674.498600,1201,68,0.026172,0.2422
4502000,655.830075,1176,80,0.022665,0.3125
4504000,645.786278,1164,80,0.014382,0.3516
4506000,660.702216,1188,89,0.011061,0.3828
4508000,644.723379,1197,80,0.009892,0.3281
4510000,686.220651,1205,75,0.008845,0.3203
4512000,691.248123,1198,65,0.021785,0.3438
4514000,713.084172,1185,68,0.015164,0.3359
4516000,716.251715,1205,73,0.011764,0.3203
4518000,717.621484,1176,87,0.030980,0.2812
4520000,791.591531,1223,70,0.072808,0.2734
4522000,803.517855,1209,69,0.066479,0.2891
4524000,844.643995,1182,82,0.031169,0.3672
4526000,858.562115,1188,75,0.048641,0.2812
4528000,778.466744,1185,71,0.036232,0.2422
4530000,765.440111,1194,82,0.033937,0.3047
4532000,715.318855,1207,69,0.058417,0.2188
4534000,780.358299,1207,64,0.045967,0.2656
4536000,794.620335,1213,68,0.051638,0.3281
4538000,822.970262,1214,63,0.047851,0.2734
4540000,809.944590,1205,76,0.079599,0.3203
4542000,769.405955,1208,77,0.029332,0.3125
4544000,795.630791,1225,71,0.058159,0.2500
4546000,796.469248,1203,74,0.196879,0.2578
4548000,791.362876,1198,73,0.170444,0.2578
4550000,801.226462,1198,82,0.182706,0.3516
4552000,806.003295,1201,73,0.178506,0.3672
4554000,1016.786206,1200,75,0.197586,0.2969
4556000,1022.323111,1212,57,0.195076,0.2969
4558000,1008.739736,1204,68,0.188279,0.3438
4560000,998.958896,1225,67,0.318526,0.3047
4562000,940.483974,1208,81,0.139456,0.2969
4564000,983.983499,1204,82,0.170343,0.3438
4566000,986.474523,1199,72,0.195415,0.3125
4568000,957.367118,1204,67,0.179870,0.3125
4570000,965.046275,1214,59,0.166323,0.3438
4572000,972.042311,1183,67,0.141696,0.3359
4574000,904.038310,1193,78,0.078186,0.2734
4576000,921.779395,1210,71,0.062395,0.3125
4578000,925.182647,1221,65,0.065609,0.2891
4580000,902.786619,1217,74,0.062166,0.2656
4582000,954.583039,1211,72,0.088697,0.2656
4584000,960.056262,1202,76,0.139471,0.2969
4586000,972.655768,1207,72,0.188263,0.2344
4588000,903.104343,1190,85,0.085455,0.3750
4590000,908.250206,1242,74,0.086419,0.2578
4592000,857.318236,1237,68,0.091510,0.2500
4594000,849.692156,1207,74,0.085035,0.2734
4596000,817.943295,1218,55,0.083049,0.3125
4598000,820.554750,1182,80,0.078756,0.3281
4600000,872.342335,1186,77,0.113233,0.3516
4602000,857.818860,1182,82,0.090269,0.3047
4604000,737.746587,1184,84,0.201478,0.2734
4606000,728.732028,1183,80,0.231321,0.2891
4608000,735.192943,1215,63,0.201827,0.2578
4610000,732.039870,1212,71,0.214421,0.2891
4612000,768.382360,1209,73,0.149059,0.2812
4614000,733.537619,1210,64,0.147443,0.3359
4616000,713.999235,1199,71,0.096678,0.2969
4618000,691.022928,1202,73,0.114857,0.2812
4620000,626.814878,1197,63,0.089860,0.3281
4622000,633.129822,1187,60,0.065523,0.2266
4624000,648.900051,1178,73,0.066028,0.3047
4626000,636.125075,1163,79,0.064942,0.2812
4628000,634.636974,1171,78,0.064627,0.2500
4630000,627.487452,1165,87,0.098817,0.2969
4632000,628.527382,1176,68,0.099692,0.2734
4634000,627.246108,1176,73,0.095883,0.2812
4636000,618.040715,1189,58,0.109007,0.2656
4638000,686.985676,1195,62,0.149428,0.2891
4640000,679.767559,1184,68,0.130788,0.2109
4642000,677.690646,1184,80,0.101962,0.3047
4644000,693.687112,1186,77,0.115335,0.3438
4646000,652.808398,1172,75,0.134243,0.2578
4648000,614.763086,1185,65,0.026812,0.3516
4650000,620.648007,1188,70,0.097131,0.2812
4652000,633.826003,1179,74,0.120953,0.3047
4654000,678.123958,1183,77,0.103307,0.3203
4656000,785.003631,1201,73,0.234531,0.2891
4658000,861.434855,1215,66,0.097978,0.3594
4660000,864.029495,1212,52,0.133949,0.2344
4662000,758.786467,1210,71,0.099228,0.2500
4664000,757.108591,1193,72,0.068372,0.2812
4666000,789.694526,1197,73,0.062489,0.2734
4668000,927.478630,1176,83,0.150015,0.2891
4670000,950.449395,1206,71,0.098164,0.2266
4672000,856.451550,1204,70,0.161523,0.3125
4674000,962.483008,1209,78,0.138836,0.2969
4676000,954.205075,1205,79,0.145459,0.2969
4678000,980.078651,1212,59,0.183398,0.2734
4680000,887.212143,1210,74,0.059148,0.2969
4682000,877.437195,1210,81,0.032515,0.3125
4684000,884.729990,1208,80,0.028758,0.2266
4686000,908.864918,1229,65,0.019339,0.2656
4688000,850.701464,1217,65,0.014829,0.2500
4690000,812.692552,1227,62,0.009504,0.3203
4692000,829.347343,1196,73,0.018147,0.3203
4694000,840.266752,1209,57,0.015281,0.2734
4696000,850.455231,1199,71,0.028085,0.3359
4698000,744.245174,1208,63,0.005976,0.2578
4700000,734.332462,1218,64,0.000255,0.2656
4702000,699.028199,1185,78,0.000576,0.2734
4704000,817.909975,1195,75,0.220639,0.3594
4706000,837.712478,1206,73,0.244021,0.3750
4708000,787.132734,1201,77,0.266203,0.2578
4710000,781.643775,1196,73,0.268063,0.2500
4712000,761.617783,1202,59,0.239982,0.3281
4714000,798.035990,1172,72,0.263155,0.3047
4716000,794.039896,1184,81,0.251136,0.3516
4718000,766.835404,1192,74,0.212360,0.3516
4720000,822.381875,1204,73,0.261264,0.2422
4722000,835.692495,1204,74,0.276947,0.3516
4724000,859.547580,1200,63,0.256098,0.3672
4726000,862.761359,1209,63,0.232247,0.2656
4728000,849.802915,1208,60,0.230559,0.3203
4730000,959.855443,1199,63,0.239401,0.2734
4732000,870.463851,1208,75,0.192012,0.3125
4734000,843.883003,1193,81,0.143847,0.3984
4736000,852.483670,1197,67,0.178632,0.3203
4738000,802.263520,1180,68,0.235409,0.3203
4740000,888.184590,1203,64,0.224967,0.2500
4742000,871.941295,1195,65,0.262331,0.3125
4744000,758.419568,1200,83,0.136653,0.2812
4746000,812.130598,1191,81,0.169648,0.3281
4748000,857.425574,1192,95,0.209885,0.3984
4750000,805.596950,1208,69,0.148080,0.3516
4752000,795.744467,1211,59,0.078278,0.2031
4754000,802.813550,1211,59,0.161343,0.2578
4756000,786.414344,1226,65,0.118396,0.2422
4758000,856.582867,1236,50,0.038792,0.2422
4760000,809.955719,1218,71,0.060717,0.2578
4762000,816.233350,1187,77,0.089896,0.2969
4764000,843.022655,1208,66,0.116435,0.2422
4766000,828.400840,1203,60,0.035562,0.2422
4768000,856.686595,1189,55,0.061841,0.2500
4770000,848.187919,1185,61,0.064185,0.2578
4772000,812.747590,1180,70,0.092367,0.3359
4774000,903.213760,1190,65,0.022048,0.2656
4776000,901.907427,1202,71,0.023526,0.2812
4778000,828.420982,1218,46,0.009283,0.2812
4780000,967.360088,1200,64,0.098684,0.2656
4782000,979.780230,1190,70,0.083274,0.2656
4784000,951.955740,1193,82,0.317700,0.2344
4786000,1075.132731,1196,73,0.331107,0.2969
4788000,946.516483,1192,88,0.086567,0.2891
4790000,937.003870,1202,69,0.077638,0.2734
4792000,907.173992,1190,74,0.063531,0.3203
4794000,891.581542,1223,65,0.002625,0.2031
4796000,952.015196,1198,69,0.016887,0.2891
4798000,865.004303,1199,81,0.012364,0.2969
4800000,860.024846,1208,69,0.104171,0.2969
4802000,853.746430,1215,65,0.086887,0.3125
4804000,804.957852,1192,84,0.015827,0.2656
4806000,831.698016,1226,74,0.069295,0.2500
4808000,820.072755,1205,60,0.089380,0.2578
4810000,786.596455,1211,72,0.032257,0.2734
4812000,808.074208,1228,58,0.033115,0.2734
4814000,854.029311,1213,62,0.049621,0.2344
4816000,846.526159,1205,64,0.010007,0.3125
4818000,851.400299,1206,66,0.057521,0.2188
4820000,849.196742,1214,66,0.030667,0.2734
4822000,839.455360,1204,65,0.042226,0.2656
4824000,841.501078,1195,70,0.029497,0.3047
4826000,794.027928,1168,80,0.032369,0.3594
4828000,812.468415,1173,68,0.037055,0.3125
4830000,817.415799,1199,85,0.042951,0.3672
4832000,700.379979,1188,75,0.010735,0.3516
4834000,679.377030,1190,73,0.022931,0.2500
4836000,691.933904,1175,74,0.028350,0.2500
4838000,753.272723,1182,73,0.050922,0.2500
4840000,749.698284,1189,66,0.052208,0.2500
4842000,775.987590,1203,60,0.030047,0.2734
4844000,758.284160,1206,58,0.029421,0.3516
4846000,819.994075,1205,69,0.048065,0.2812
4848000,884.361203,1197,78,0.054122,0.3906
4850000,826.896950,1206,76,0.075244,0.2734
4852000,865.093983,1198,76,0.087273,0.3359
4854000,816.531935,1189,72,0.117757,0.2891
4856000,800.260556,1173,83,0.175704,0.2656
4858000,739.826800,1170,79,0.158226,0.3203
4860000,774.653315,1180,77,0.075862,0.2812
4862000,760.394851,1187,74,0.088108,0.2969
4864000,761.329174,1205,65,0.101017,0.3281
4866000,795.059175,1205,81,0.126614,0.2188
4868000,774.953480,1206,70,0.165640,0.2969
4870000,750.253615,1210,74,0.077161,0.2656
4872000,767.204487,1212,67,0.077586,0.3438
4874000,743.540950,1211,60,0.061005,0.2969
4876000,768.979375,1217,53,0.090736,0.3594
4878000,801.489840,1195,67,0.105936,0.2812
4880000,751.457575,1219,50,0.192030,0.2422
4882000,754.062815,1228,53,0.220763,0.1406
4884000,800.298167,1222,62,0.142103,0.2734
4886000,732.182091,1203,73,0.068780,0.3438
4888000,901.088507,1197,68,0.037674,0.3125
4890000,868.650582,1198,77,0.034379,0.3203
4892000,876.746995,1201,64,0.025692,0.3984
4894000,871.903915,1192,79,0.019136,0.3203
4896000,996.631327,1190,66,0.338227,0.2891
4898000,756.597835,1181,74,0.006678,0.2344
4900000,759.393747,1179,87,0.020015,0.2344
4902000,701.237335,1178,93,0.024782,0.2812
4904000,704.717308,1211,62,0.027434,0.3125
4906000,788.519708,1199,64,0.081496,0.2656
4908000,774.614200,1207,62,0.017624,0.2344
4910000,714.217287,1203,63,0.023003,0.3047
4912000,779.641295,1189,73,0.026531,0.3516
4914000,705.522780,1185,68,0.009064,0.2812
4916000,710.915855,1192,73,0.016903,0.2656
4918000,725.456275,1208,76,0.024679,0.3359
4920000,728.035555,1196,74,0.023269,0.3516
4922000,717.323310,1182,81,0.046497,0.2500
4924000,718.571600,1175,83,0.004173,0.2578
4926000,861.487139,1193,74,0.130009,0.2578
4928000,912.995903,1194,85,0.157445,0.3594
4930000,838.439435,1194,76,0.022099,0.3672
4932000,903.660492,1203,73,0.119315,0.2656
4934000,806.657007,1225,68,0.010615,0.2578
4936000,775.647580,1205,79,0.020517,0.2656
4938000,850.825203,1191,81,0.039895,0.3359
4940000,812.311480,1176,85,0.058640,0.3516
4942000,797.801915,1181,77,0.071037,0.2969
4944000,763.961271,1197,80,0.046534,0.3359
4946000,760.117111,1179,91,0.038189,0.2656
4948000,781.318780,1178,87,0.071622,0.2969
4950000,835.774528,1206,70,0.122996,0.2500
4952000,852.900350,1185,82,0.165967,0.2578
4954000,841.001179,1195,78,0.165303,0.3906
4956000,839.408955,1184,75,0.159328,0.2422
4958000,872.394975,1180,93,0.163126,0.3516
4960000,654.235814,1158,92,0.007584,0.3125
4962000,694.862911,1155,87,0.008886,0.2500
4964000,688.972174,1188,63,0.005005,0.2656
4966000,660.871500,1171,89,0.008303,0.1953
4968000,714.744463,1194,61,0.000531,0.3047
4970000,763.864080,1198,63,0.012213,0.3203
4972000,752.350944,1191,65,0.014564,0.2266
4974000,748.847259,1187,83,0.011925,0.3203
4976000,736.161971,1188,83,0.011262,0.3203
4978000,789.868839,1195,84,0.042944,0.2500
4980000,1127.720671,1196,73,0.364929,0.2500
4982000,1157.445190,1189,79,0.364769,0.2734
4984000,1093.994812,1186,81,0.371087,0.2578
4986000,1054.610799,1185,70,0.359738,0.3516
4988000,950.776012,1157,94,0.339662,0.2969
4990000,983.655164,1193,78,0.326156,0.2344
4992000,1000.375046,1207,70,0.346553,0.2891
4994000,906.980515,1188,87,0.283308,0.3672
4996000,920.307203,1201,87,0.286073,0.3672
4998000,956.798127,1196,82,0.406616,0.2344
5000000,954.446739,1184,89,0.379690,0.3672
5002000,1421.359198,1191,77,0.613957,0.3281
5004000,1375.549360,1203,70,0.602589,0.2734
5006000,1248.097159,1193,74,0.588621,0.3281
5008000,1265.453068,1196,68,0.584189,0.2891
5010000,1187.043238,1230,58,0.601479,0.2578
5012000,1221.601814,1221,68,0.622342,0.3750
5014000,1257.657127,1204,67,0.662817,0.3750
5016000,1460.534300,1239,56,0.611945,0.2891
5018000,1008.378395,1200,75,0.398314,0.2656
5020000,1021.023423,1204,81,0.365996,0.3438
5022000,993.639059,1201,77,0.351993,0.2891
5024000,1019.199535,1200,70,0.337982,0.3438
5026000,950.277079,1177,79,0.286603,0.3359
5028000,915.374440,1158,82,0.252544,0.3281
5030000,855.965534,1179,83,0.249955,0.2500
5032000,883.203724,1175,75,0.211696,0.3125
5034000,1010.162219,1192,67,0.456977,0.2734
5036000,944.515143,1181,78,0.345569,0.2656
5038000,928.755454,1181,79,0.284933,0.4219
5040000,946.601075,1190,84,0.288410,0.2109
5042000,923.999855,1189,87,0.256146,0.3047
5044000,932.052847,1158,96,0.155960,0.3359
5046000,955.655671,1177,71,0.200710,0.3203
5048000,837.495075,1185,74,0.144507,0.2969
5050000,821.699116,1189,58,0.118331,0.3359
5052000,822.536616,1197,65,0.093124,0.3281
5054000,851.653500,1183,75,0.133754,0.2969
5056000,837.324028,1206,74,0.142920,0.2188
5058000,803.607387,1194,68,0.130317,0.3047
5060000,842.791240,1194,74,0.121199,0.3438
5062000,902.417120,1178,68,0.399958,0.2422
5064000,877.755840,1185,70,0.345982,0.2266
5066000,936.990847,1179,82,0.103866,0.3203
5068000,1015.627763,1188,72,0.087372,0.2734
5070000,925.162424,1219,65,0.451137,0.3125
5072000,805.243407,1176,77,0.119734,0.3203
5074000,764.552670,1198,78,0.066814,0.2734
5076000,802.768999,1182,91,0.102801,0.3047
5078000,781.010268,1207,69,0.058117,0.2969
5080000,1006.093275,1189,73,0.553619,0.3828
5082000,995.962400,1173,72,0.450110,0.2891
5084000,920.281455,1168,80,0.525035,0.2812
5086000,960.883672,1165,88,0.357947,0.3516
5088000,967.528798,1167,94,0.354919,0.3984
5090000,909.083967,1180,79,0.528643,0.3750
5092000,1017.954359,1187,78,0.603049,0.2031
5094000,955.154755,1173,75,0.597902,0.3047
5096000,1006.322295,1168,71,0.602451,0.2891
5098000,1030.823103,1194,52,0.525074,0.2578
5100000,1047.055262,1165,72,0.619235,0.3125
5102000,1058.326367,1174,73,0.618059,0.2969
5104000,1108.817343,1183,84,0.460960,0.4297
5106000,1108.353515,1180,77,0.428815,0.2656
5108000,1033.171811,1181,78,0.505454,0.2812
5110000,1057.527475,1179,75,0.226731,0.3047
5112000,1172.165823,1164,91,0.390141,0.2578
5114000,1192.329619,1175,88,0.443078,0.2969
5116000,1061.818558,1149,91,0.474760,0.2266
5118000,1073.798327,1141,96,0.486481,0.2812
5120000,1098.057294,1178,77,0.493192,0.2656
5122000,1131.117431,1174,79,0.526227,0.3359
5124000,1141.023155,1169,80,0.399187,0.2969
5126000,1339.387064,1167,69,0.484766,0.3047
5128000,1029.159036,1139,79,0.486706,0.1953
5130000,1287.429171,1111,103,0.436990,0.3438
5132000,1280.098502,1147,87,0.433756,0.3125
5134000,1224.893475,1148,85,0.431843,0.3125
5136000,1172.381691,1151,85,0.448757,0.3672
5138000,1262.994944,1162,71,0.561702,0.2656
5140000,1241.561132,1181,59,0.523463,0.2969
5142000,1170.557351,1156,89,0.459358,0.3516
5144000,1195.375643,1148,93,0.456886,0.3125
5146000,1478.584440,1174,77,0.683246,0.2578
5148000,1343.446998,1162,81,0.666327,0.3203
5150000,730.193143,1157,82,0.213467,0.4062
5152000,721.778158,1158,86,0.179085,0.3047
5154000,729.808179,1176,62,0.201551,0.2734
5156000,733.148252,1174,73,0.215560,0.3047
5158000,751.470430,1162,87,0.104634,0.2969
5160000,732.921916,1190,82,0.191145,0.2578
5162000,717.644672,1184,80,0.199007,0.2734
5164000,767.020590,1164,87,0.167929,0.3047
5166000,765.941619,1161,93,0.125330,0.2734
5168000,786.557735,1198,69,0.131894,0.2031
5170000,800.531686,1216,54,0.131262,0.2812
5172000,846.756559,1208,64,0.345376,0.2734
5174000,845.386171,1232,47,0.307970,0.2578
5176000,867.173031,1200,72,0.326452,0.2266
5178000,879.235435,1211,81,0.318346,0.3438
5180000,864.439587,1202,71,0.319322,0.2891
5182000,854.626128,1202,70,0.266616,0.2891
5184000,1179.710383,1202,63,0.489514,0.2422
5186000,1159.488691,1214,82,0.433917,0.3047
5188000,1116.021382,1229,70,0.164000,0.2578
5190000,1358.026351,1218,58,0.093233,0.2656
5192000,1205.679807,1225,67,0.064505,0.2578
5194000,1263.393000,1233,62,0.097831,0.2266
5196000,1219.042555,1218,73,0.134207,0.2891
5198000,1207.896846,1209,78,0.028372,0.2891
5200000,1003.031699,1212,70,0.288302,0.2969
5202000,1017.532679,1209,70,0.296920,0.3125
5204000,963.416839,1222,68,0.240272,0.3438
5206000,956.692407,1229,53,0.254727,0.3281
5208000,933.874755,1214,58,0.274999,0.2266
5210000,908.646790,1195,81,0.267162,0.3125
5212000,1002.283094,1182,81,0.043502,0.2812
5214000,1030.263479,1211,59,0.048327,0.3125
5216000,975.768044,1202,62,0.082574,0.2266
5218000,973.775359,1195,58,0.105061,0.3047
5220000,968.247510,1201,69,0.121755,0.3281
5222000,972.181139,1196,72,0.064204,0.2578
5224000,931.758891,1207,73,0.042114,0.2656
5226000,963.443976,1223,65,0.182121,0.2500
5228000,930.382710,1233,70,0.179140,0.3125
5230000,893.698536,1211,67,0.003181,0.3203
5232000,899.685487,1210,64,0.002989,0.3281
5234000,843.478476,1209,72,0.180723,0.3125
5236000,839.402179,1197,74,0.165434,0.2500
5238000,798.247427,1176,74,0.167704,0.2109
5240000,803.140080,1194,71,0.156929,0.2891
5242000,881.876966,1199,79,0.208559,0.3125
5244000,890.141328,1189,76,0.189742,0.3203
5246000,844.369335,1168,75,0.125043,0.3516
5248000,830.951199,1183,71,0.098040,0.2656
5250000,829.693455,1172,75,0.086736,0.3359
5252000,849.084524,1190,65,0.084283,0.2656
5254000,822.325691,1177,68,0.088303,0.2422
5256000,757.250663,1177,80,0.103010,0.3047
5258000,768.899232,1205,71,0.056256,0.2969
5260000,1015.820144,1208,66,0.449895,0.2422
5262000,1016.105095,1167,96,0.369846,0.2422
5264000,1340.926838,1198,73,0.510422,0.3203
5266000,1301.365168,1199,84,0.444309,0.2969
5268000,1315.115932,1192,73,0.476995,0.3125
5270000,1306.128903,1176,77,0.457689,0.2734
5272000,1066.731246,1151,104,0.422745,0.3281
5274000,1019.738316,1193,73,0.360177,0.3125
5276000,1022.261835,1213,61,0.367706,0.2656
5278000,1033.936483,1185,80,0.259914,0.3047
5280000,1032.448198,1174,79,0.268287,0.3125
5282000,1059.580111,1214,62,0.130615,0.3047
5284000,1060.680431,1207,67,0.250152,0.2578
5286000,1032.349414,1205,68,0.239372,0.2734
5288000,1035.831950,1222,58,0.213686,0.3203
5290000,965.058400,1220,75,0.254450,0.3047
5292000,847.519640,1207,70,0.132349,0.3594
5294000,916.742543,1210,67,0.160930,0.3203
5296000,871.765775,1187,78,0.200202,0.2969
5298000,899.566014,1204,64,0.200698,0.2422
5300000,889.750763,1197,78,0.247387,0.3984
5302000,943.726646,1185,64,0.273113,0.2812
5304000,926.542823,1174,83,0.262272,0.3125
5306000,923.774931,1197,63,0.261743,0.2656
5308000,940.790699,1198,72,0.344322,0.3125
5310000,994.642675,1188,76,0.282328,0.2812
5312000,983.702895,1189,68,0.327357,0.2969
5314000,995.813587,1186,76,0.347206,0.3125
5316000,1168.418271,1174,76,0.434397,0.3906
5318000,1164.399375,1175,86,0.426255,0.3984
5320000,1161.506395,1159,92,0.377438,0.3047
5322000,1026.051976,1162,88,0.326424,0.2891
5324000,1007.619411,1142,93,0.334600,0.3281
5326000,1123.552550,1175,77,0.220102,0.3047
5328000,1084.952398,1179,80,0.201041,0.3516
5330000,1107.355035,1194,74,0.206929,0.3438
5332000,1123.459435,1195,91,0.212970,0.3516
5334000,949.324555,1211,62,0.128874,0.2578
5336000,958.072875,1230,58,0.143690,0.2422
5338000,937.848935,1213,60,0.081227,0.4062
5340000,960.852291,1234,65,0.098698,0.3594
5342000,1252.182655,1224,76,0.504428,0.2734
5344000,1287.016766,1210,76,0.533198,0.2812
5346000,1336.032331,1212,73,0.599388,0.3125
5348000,1330.326615,1168,90,0.575406,0.3047
5350000,1259.692316,1192,70,0.577702,0.2266
5352000,1096.823555,1190,71,0.189483,0.3359
5354000,878.498894,1198,70,0.086054,0.3984
5356000,884.226830,1186,72,0.085885,0.2891
5358000,896.996460,1193,66,0.146184,0.2578
5360000,937.045038,1180,71,0.180059,0.2734
5362000,906.819456,1207,74,0.185253,0.3047
5364000,921.259070,1210,81,0.179879,0.3125
5366000,932.554215,1204,73,0.013389,0.3594
5368000,994.209395,1194,82,0.078306,0.3203
5370000,1050.855951,1179,73,0.196401,0.2969
5372000,830.988811,1180,77,0.089389,0.2656
5374000,911.376475,1183,88,0.231080,0.4062
5376000,948.554646,1185,80,0.093555,0.2500
5378000,927.991087,1197,72,0.089620,0.3516
5380000,941.774883,1211,64,0.068302,0.2422
5382000,949.242768,1183,72,0.042425,0.3672
5384000,877.599936,1189,63,0.069385,0.2031
5386000,894.784939,1190,79,0.079627,0.2500
5388000,896.031580,1211,76,0.071753,0.2500
5390000,952.033308,1187,86,0.040308,0.2969
5392000,882.745932,1184,85,0.003554,0.2500
5394000,879.289286,1188,86,0.022689,0.3203
5396000,905.360920,1202,62,0.029414,0.3047
5398000,909.820654,1201,70,0.026686,0.2188
5400000,856.242995,1187,75,0.102158,0.2031
5402000,852.982016,1173,77,0.115636,0.3750
5404000,857.467102,1184,75,0.135977,0.3359
5406000,850.538838,1182,76,0.154537,0.3281
5408000,857.282155,1173,68,0.165123,0.2422
5410000,829.715207,1195,67,0.085082,0.2344
5412000,808.429111,1171,82,0.081644,0.3047
5414000,827.330910,1193,75,0.085179,0.3359
5416000,815.023126,1194,72,0.081104,0.2266
5418000,788.386380,1200,66,0.070975,0.3125
5420000,828.302390,1223,60,0.107050,0.3047
5422000,853.158587,1219,74,0.174072,0.3203
5424000,807.572023,1219,67,0.162060,0.2891
5426000,795.873230,1196,70,0.205653,0.3203
5428000,1009.952579,1189,70,0.025510,0.2578
5430000,1022.337592,1186,74,0.044472,0.2578
5432000,1031.418475,1179,68,0.052132,0.3047
5434000,1021.071110,1176,69,0.034275,0.2734
5436000,997.302179,1167,85,0.033550,0.3906
5438000,849.167102,1172,73,0.047671,0.2656
5440000,1022.452670,1185,64,0.092959,0.2734
5442000,1003.314475,1183,67,0.039897,0.3359
5444000,941.776883,1162,72,0.027670,0.3359
5446000,921.553062,1167,60,0.059631,0.2578
5448000,996.581779,1170,66,0.187160,0.3281
5450000,1002.788380,1168,77,0.215932,0.2734
5452000,832.521187,1181,69,0.118580,0.3281
5454000,804.523366,1172,83,0.123432,0.2969
5456000,822.415135,1139,77,0.097947,0.2969
5458000,881.030942,1147,83,0.064712,0.2969
5460000,871.220355,1164,88,0.064205,0.3125
5462000,791.172863,1177,73,0.057017,0.2422
5464000,759.820355,1206,81,0.051446,0.3047
5466000,774.948284,1225,65,0.042108,0.3047
5468000,766.722275,1220,65,0.021118,0.2734
5470000,1175.919171,1201,86,0.416680,0.3359
5472000,1022.388166,1226,80,0.203561,0.3281
5474000,948.981095,1208,68,0.334112,0.2734
5476000,1000.439430,1214,81,0.185772,0.3672
5478000,1014.600680,1239,62,0.199414,0.2812
5480000,1060.979535,1237,60,0.424374,0.2891
5482000,1071.975174,1232,67,0.482873,0.3359
5484000,1094.853360,1210,78,0.525974,0.3672
5486000,959.089260,1245,63,0.320117,0.2500
5488000,1152.601632,1221,59,0.548467,0.2734
5490000,959.147856,1205,75,0.299059,0.3750
5492000,949.087900,1225,63,0.299068,0.2422
5494000,1076.094935,1213,76,0.490288,0.2891
5496000,1058.994115,1223,78,0.494034,0.2578
5498000,1067.168588,1200,74,0.496847,0.2812
5500000,880.921862,1223,62,0.129813,0.2500
5502000,940.373678,1231,69,0.054699,0.2500
5504000,927.925495,1224,68,0.042747,0.2500
5506000,1161.934150,1204,64,0.242829,0.3125
5508000,988.997870,1200,70,0.022833,0.3125
5510000,1035.240726,1207,70,0.066791,0.3359
5512000,1028.872814,1190,70,0.070354,0.3047
5514000,1006.441191,1211,72,0.083705,0.2734
5516000,1028.524056,1215,68,0.342631,0.3594
5518000,1043.096351,1194,81,0.417794,0.3125
5520000,1061.749020,1167,78,0.438029,0.2734
5522000,1001.757790,1199,74,0.349853,0.3516
5524000,960.418024,1183,70,0.397220,0.2734
5526000,978.962860,1175,82,0.406306,0.3281
5528000,882.568619,1182,80,0.090105,0.2969
5530000,836.998430,1188,87,0.076351,0.2578
5532000,838.082475,1180,85,0.080182,0.3281
5534000,763.600428,1201,77,0.055003,0.2266
5536000,849.277747,1176,93,0.075138,0.3281
5538000,849.974775,1205,74,0.082471,0.3047
5540000,889.305115,1188,67,0.317428,0.2812
5542000,881.423815,1179,73,0.182502,0.2656
5544000,918.522254,1186,80,0.191995,0.2969
5546000,1043.165595,1177,81,0.228740,0.2891
5548000,1030.429118,1188,84,0.266597,0.3281
5550000,1019.005475,1186,80,0.318155,0.2656
5552000,983.748375,1180,75,0.305347,0.2578
5554000,968.613110,1175,87,0.273734,0.3438
5556000,1061.240812,1162,80,0.431078,0.3438
5558000,1061.140924,1164,86,0.416932,0.2734
5560000,1062.244319,1171,81,0.207979,0.2812
5562000,1016.856076,1198,63,0.284621,0.2656
5564000,967.519275,1181,67,0.195026,0.2891
5566000,925.362076,1196,61,0.070852,0.2734
5568000,868.167823,1185,66,0.099259,0.2891
5570000,765.465735,1179,78,0.082309,0.3203
5572000,761.504143,1194,79,0.007371,0.2891
5574000,756.445710,1190,76,0.007978,0.3672
5576000,725.526863,1181,77,0.011461,0.3516
5578000,727.280723,1199,67,0.008459,0.2266
5580000,726.780447,1193,69,0.010274,0.2578
5582000,730.418222,1204,61,0.026292,0.3281
5584000,736.414655,1208,71,0.026444,0.2734
5586000,704.224550,1196,66,0.099585,0.3281
5588000,846.812347,1179,72,0.151262,0.3125
5590000,869.334396,1179,89,0.151050,0.2891
5592000,901.992238,1189,68,0.172188,0.3281
5594000,796.316236,1202,73,0.097939,0.3438
5596000,862.668391,1222,79,0.176841,0.2578
5598000,933.982032,1219,72,0.104534,0.2969
5600000,801.083071,1223,64,0.098440,0.2734
5602000,784.191467,1197,70,0.090625,0.3125
5604000,782.919499,1198,77,0.093935,0.2734
5606000,761.287580,1186,73,0.028554,0.3203
5608000,681.994326,1187,67,0.104276,0.2812
5610000,674.918035,1166,88,0.105423,0.3047
5612000,721.862200,1156,88,0.002837,0.3203
5614000,748.747179,1178,66,0.001317,0.2578
5616000,742.854668,1185,68,0.048194,0.2969
5618000,727.692920,1164,93,0.001597,0.3125
5620000,700.878908,1146,73,0.013773,0.2734
5622000,693.533707,1164,77,0.008775,0.3203
5624000,688.898422,1164,81,0.006294,0.3672
5626000,667.612560,1192,67,0.009867,0.2734
5628000,679.062615,1167,87,0.005160,0.3281
5630000,676.276519,1157,86,0.009732,0.2734
5632000,734.528424,1168,84,0.001642,0.3125
5634000,745.242968,1185,72,0.000973,0.2891
5636000,733.514567,1183,71,0.010781,0.3047
5638000,763.437526,1209,68,0.032418,0.3203
5640000,854.165430,1193,61,0.060980,0.2344
5642000,815.853744,1194,63,0.160739,0.3047
5644000,875.961899,1179,74,0.099545,0.3359
5646000,834.958047,1155,82,0.090084,0.2812
5648000,854.166399,1159,75,0.090540,0.3516
5650000,855.506263,1134,100,0.114579,0.3281
5652000,813.778268,1144,87,0.105675,0.3281
5654000,672.385046,1168,74,0.008441,0.3047
5656000,665.212867,1143,72,0.007152,0.2812
5658000,677.033740,1166,83,0.001841,0.3359
5660000,678.690230,1149,77,0.093307,0.3203
5662000,675.375487,1185,72,0.042929,0.2734
5664000,709.728150,1192,70,0.054399,0.3047
5666000,729.451870,1224,69,0.027064,0.2891
5668000,690.474035,1202,72,0.011322,0.2266
5670000,711.676415,1205,66,0.050517,0.2578
5672000,665.135675,1193,72,0.030331,0.3438
5674000,637.703740,1194,65,0.008274,0.2578
5676000,636.909126,1200,67,0.006379,0.2500
5678000,645.411827,1181,80,0.050342,0.3359
5680000,650.528576,1178,70,0.005063,0.2891
5682000,614.854380,1142,100,0.025152,0.3672
5684000,614.682470,1136,86,0.017301,0.3047
5686000,621.629848,1165,76,0.025423,0.2812
5688000,653.559574,1192,77,0.039310,0.2812
5690000,635.538587,1196,66,0.086444,0.2500
5692000,611.498967,1175,81,0.099307,0.3594
5694000,613.114222,1175,91,0.086737,0.3281
5696000,627.029516,1187,76,0.105291,0.2969
5698000,607.713660,1189,74,0.093195,0.3359
5700000,651.085472,1194,79,0.171750,0.2500
5702000,623.293803,1190,72,0.100245,0.2969
5704000,643.022958,1199,77,0.063698,0.4062
5706000,653.377950,1172,82,0.063821,0.3594
5708000,596.765440,1209,67,0.029340,0.3516
5710000,600.568131,1204,79,0.026217,0.2578
5712000,603.959343,1212,72,0.030993,0.3047
5714000,580.158590,1196,82,0.021098,0.3672
5716000,582.679526,1191,67,0.028692,0.3047
5718000,686.177190,1187,72,0.118886,0.2578
5720000,680.108718,1190,71,0.107101,0.2969
5722000,688.369334,1209,60,0.119503,0.2734
5724000,634.326875,1191,76,0.104959,0.2656
5726000,649.302443,1194,72,0.059927,0.2812
5728000,669.136887,1191,68,0.056341,0.2969
5730000,670.219376,1203,71,0.058123,0.3203
5732000,683.392435,1186,78,0.060941,0.3125
5734000,695.914951,1192,71,0.040528,0.3438
5736000,681.628939,1181,78,0.034101,0.2812
5738000,720.616907,1192,78,0.086800,0.3750
5740000,720.496767,1190,75,0.096782,0.3281
5742000,707.144507,1186,80,0.098548,0.3594
5744000,719.649276,1174,82,0.051029,0.1875
5746000,717.517267,1157,83,0.041923,0.3594
5748000,720.746511,1171,72,0.086490,0.3594
5750000,733.333912,1170,62,0.050964,0.3047
5752000,723.523424,1162,90,0.055097,0.3516
5754000,733.149039,1178,78,0.022300,0.3438
5756000,736.083575,1177,75,0.023939,0.3750
5758000,728.159048,1186,65,0.028395,0.2969
5760000,743.880220,1188,61,0.049594,0.3203
5762000,785.505032,1198,60,0.069860,0.3281
5764000,781.814710,1165,87,0.055395,0.3438
5766000,788.125075,1164,76,0.027134,0.2969
5768000,786.454142,1164,85,0.033081,0.3672
5770000,767.053751,1187,71,0.017653,0.2969
5772000,798.316380,1191,76,0.037296,0.2969
5774000,788.280438,1174,73,0.030327,0.2969
5776000,892.229935,1187,80,0.312144,0.2891
5778000,837.735391,1194,67,0.261928,0.2344
5780000,789.493836,1189,68,0.235369,0.2969
5782000,855.217230,1192,78,0.350897,0.3281
5784000,894.402855,1184,70,0.417725,0.3203
5786000,768.231916,1188,69,0.203751,0.2891
5788000,735.063127,1198,66,0.196427,0.2656
5790000,787.438775,1214,65,0.212871,0.2422
5792000,825.213975,1212,71,0.261034,0.2734
5794000,769.241068,1217,67,0.189398,0.2500
5796000,793.856440,1202,65,0.241537,0.2734
5798000,773.326960,1222,53,0.199419,0.2656
5800000,785.144622,1225,68,0.253939,0.2734
5802000,734.963355,1199,79,0.176981,0.3516
5804000,719.167408,1180,70,0.175596,0.2891
5806000,730.966556,1199,57,0.187441,0.2734
5808000,722.473948,1213,62,0.213776,0.2734
5810000,746.234667,1205,61,0.160847,0.2734
5812000,758.348398,1190,76,0.136449,0.3281
5814000,774.254115,1221,72,0.165251,0.3516
5816000,772.824214,1225,62,0.183374,0.2969
5818000,758.815440,1227,67,0.198584,0.1875
5820000,769.823347,1226,68,0.274931,0.2578
5822000,739.156380,1237,57,0.239896,0.2578
5824000,753.183150,1216,63,0.249294,0.2578
5826000,810.375371,1224,68,0.141653,0.2422
5828000,825.385955,1214,68,0.137880,0.3281
5830000,803.363216,1183,88,0.146925,0.3125
5832000,766.886590,1187,80,0.144403,0.2656
5834000,756.641771,1204,68,0.126479,0.2891
5836000,779.684712,1206,64,0.116086,0.2734
5838000,747.150430,1196,80,0.014695,0.3672
5840000,739.849183,1186,83,0.016088,0.2734
5842000,808.121230,1213,61,0.033524,0.2500
5844000,891.530987,1196,92,0.009237,0.3047
5846000,855.475110,1204,74,0.025234,0.3516
5848000,886.601731,1188,81,0.015422,0.3281
5850000,1062.636382,1214,64,0.088604,0.2812
5852000,1115.844192,1213,71,0.070360,0.2734
5854000,896.396723,1195,81,0.038332,0.2578
5856000,949.506550,1208,75,0.022677,0.2812
5858000,1054.213900,1201,81,0.131188,0.3984
5860000,943.832783,1196,71,0.215053,0.3203
5862000,976.594758,1203,65,0.305127,0.2812
5864000,926.071190,1210,68,0.322700,0.2734
5866000,894.947811,1214,76,0.007046,0.2031
5868000,876.812351,1204,68,0.023181,0.2422
5870000,886.728747,1204,81,0.022459,0.3516
5872000,870.784875,1193,77,0.050236,0.3359
5874000,792.254230,1188,72,0.081885,0.3203
5876000,796.851859,1227,70,0.149295,0.3438
5878000,820.928179,1221,66,0.158458,0.3047
5880000,814.344086,1219,70,0.158115,0.2500
5882000,827.135182,1225,64,0.092331,0.2500
5884000,875.206915,1213,84,0.032320,0.2891
5886000,832.933318,1229,72,0.075991,0.2891
5888000,820.960400,1221,65,0.084239,0.2656
5890000,845.555115,1224,70,0.101148,0.2578
5892000,802.809526,1235,60,0.086349,0.3750
5894000,800.967944,1211,73,0.086827,0.2891
5896000,792.446239,1204,67,0.079978,0.3281
5898000,767.526635,1194,79,0.058265,0.2656
5900000,837.743351,1193,82,0.135433,0.3359
5902000,829.354048,1194,82,0.151104,0.2891
5904000,890.747039,1191,82,0.098965,0.2188
5906000,1079.802550,1185,86,0.115391,0.3750
5908000,855.023135,1184,88,0.028762,0.3281
5910000,866.325211,1198,85,0.029324,0.2891
5912000,1203.769039,1227,58,0.322959,0.2734
5914000,1173.668470,1240,75,0.319652,0.2969
5916000,902.242334,1229,67,0.008092,0.2891
5918000,910.358414,1204,72,0.058904,0.2422
5920000,930.953422,1196,82,0.062522,0.2656
5922000,943.745436,1203,74,0.063395,0.3047
5924000,923.860000,1194,70,0.064741,0.1953
5926000,923.473255,1221,50,0.112243,0.2344
5928000,1074.905816,1210,69,0.439532,0.2891
5930000,1033.152647,1214,69,0.199619,0.2578
5932000,1121.099131,1222,76,0.181521,0.2578
5934000,929.582926,1223,79,0.402884,0.3203
5936000,938.588151,1185,84,0.389973,0.2891
5938000,891.446463,1188,68,0.380793,0.3203
5940000,900.727200,1207,71,0.379256,0.3281
5942000,883.909040,1195,76,0.363865,0.3203
5944000,879.752022,1193,71,0.365898,0.2578
5946000,858.822903,1192,76,0.281829,0.2500
5948000,758.712379,1203,69,0.237561,0.3438
5950000,776.602795,1203,68,0.212955,0.3281
5952000,769.869542,1194,71,0.208332,0.3594
5954000,767.394827,1170,74,0.222376,0.3203
5956000,748.412839,1175,76,0.178299,0.2578
5958000,719.892332,1166,78,0.163631,0.3359
5960000,714.694951,1167,87,0.161942,0.2812
5962000,694.268343,1163,84,0.143237,0.2500
5964000,740.307711,1167,86,0.176031,0.3906
5966000,738.634750,1162,93,0.174406,0.3906
5968000,743.032558,1143,88,0.152135,0.2266
5970000,737.202462,1159,85,0.139132,0.3281
5972000,724.759036,1188,82,0.081173,0.2734
5974000,681.116060,1194,82,0.023913,0.2812
5976000,683.681422,1197,78,0.029252,0.2188
5978000,656.572006,1195,74,0.046254,0.2734
5980000,659.542659,1197,71,0.036142,0.2109
5982000,691.106316,1224,58,0.032211,0.2656
5984000,791.159230,1200,72,0.007424,0.3203
5986000,806.062750,1195,79,0.011421,0.2891
5988000,954.547980,1205,79,0.039066,0.3281
5990000,1005.036510,1226,81,0.017558,0.2656
5992000,1005.491510,1203,67,0.036849,0.3047
5994000,1003.001830,1205,72,0.073340,0.3516
5996000,1029.419403,1199,75,0.138024,0.3047
5998000,924.138995,1215,76,0.247131,0.2812
6000000,904.021870,1182,71,0.285241,0.3281
6002000,813.909555,1200,68,0.040072,0.3516
6004000,800.194947,1223,57,0.032674,0.2969
6006000,863.514572,1218,63,0.028313,0.2734
6008000,894.464655,1227,57,0.045024,0.2500
6010000,947.876795,1227,63,0.048685,0.3281
6012000,1024.221270,1199,72,0.083869,0.2656
6014000,1099.012063,1212,68,0.001855,0.1797
6016000,974.268339,1208,60,0.027267,0.2031
6018000,952.729944,1199,78,0.025419,0.2266
6020000,918.764070,1200,64,0.033950,0.3125
6022000,871.689340,1211,66,0.066069,0.2266
6024000,914.387719,1186,72,0.032507,0.2969
6026000,941.625995,1204,67,0.057701,0.3359
6028000,911.168259,1179,79,0.037506,0.3203
6030000,905.610011,1176,81,0.042015,0.2812
6032000,926.192924,1180,82,0.045690,0.2812
6034000,846.905447,1177,77,0.020393,0.3203
6036000,1002.534380,1213,64,0.196765,0.2812
6038000,951.793800,1228,58,0.392077,0.2812
6040000,943.733276,1217,59,0.395277,0.2422
6042000,965.144252,1212,78,0.356896,0.2656
6044000,990.758819,1244,52,0.335122,0.2266
6046000,1002.174691,1250,54,0.281334,0.2266
6048000,991.649996,1239,52,0.291952,0.2812
6050000,1070.507750,1205,71,0.096607,0.2344
6052000,1026.524462,1190,86,0.056366,0.3516
6054000,1000.375928,1193,69,0.054326,0.2578
6056000,1050.041283,1213,65,0.029525,0.2422
6058000,1039.057806,1223,63,0.028706,0.3047
6060000,1019.558060,1221,73,0.142313,0.2812
6062000,1043.027644,1217,67,0.180720,0.3047
6064000,925.872200,1224,75,0.035193,0.2578
6066000,954.580035,1219,67,0.025084,0.3594
6068000,941.231088,1216,77,0.018429,0.3125
6070000,906.977411,1199,84,0.011953,0.2500
6072000,890.389003,1216,67,0.045400,0.3984
6074000,916.057584,1194,82,0.039277,0.2891
6076000,942.505692,1178,72,0.009228,0.3281
6078000,947.183307,1202,69,0.008728,0.2422
6080000,920.434935,1193,70,0.045034,0.2891
6082000,914.137190,1199,73,0.038336,0.2344
6084000,747.680220,1193,62,0.046256,0.3281
6086000,735.253731,1197,80,0.073487,0.2734
6088000,811.837358,1196,74,0.037303,0.2891
6090000,823.104995,1184,69,0.023346,0.2891
6092000,759.945455,1189,78,0.056810,0.2969
6094000,770.908316,1183,76,0.046337,0.3516
6096000,755.368299,1160,92,0.184788,0.2656
6098000,760.903027,1167,80,0.164023,0.3828
6100000,827.523315,1169,79,0.091399,0.3281
6102000,777.508547,1169,85,0.086769,0.2734
6104000,723.698755,1167,81,0.057812,0.3125
6106000,746.575112,1167,89,0.045295,0.3594
6108000,707.704095,1179,80,0.081897,0.3906
6110000,776.690888,1178,77,0.070591,0.2891
6112000,768.784747,1194,79,0.004380,0.3281
6114000,791.352583,1203,80,0.004330,0.3281
6116000,785.573171,1209,75,0.002527,0.3594
6118000,778.875254,1204,66,0.002352,0.2344
6120000,815.027270,1192,78,0.038389,0.3203
6122000,806.370491,1181,73,0.094178,0.3516
6124000,798.526510,1170,91,0.084123,0.3594
6126000,781.214790,1201,69,0.027608,0.2969
6128000,747.402438,1187,64,0.034215,0.1875
6130000,680.591175,1203,70,0.012505,0.3125
6132000,672.914935,1207,82,0.013055,0.3438
6134000,721.277775,1206,78,0.012637,0.3203
6136000,720.236723,1194,77,0.012138,0.2109
6138000,743.415784,1211,87,0.015968,0.2578
6140000,745.229375,1233,65,0.008780,0.3203
6142000,775.196635,1239,69,0.011481,0.3516
6144000,796.399995,1222,71,0.014020,0.2500
6146000,797.048615,1193,81,0.015602,0.3203
6148000,790.343968,1217,71,0.016627,0.2734
6150000,809.824063,1223,73,0.017982,0.2578
6152000,795.618079,1208,76,0.054738,0.3125
6154000,795.966886,1226,68,0.047742,0.2188
6156000,1187.941166,1230,72,0.183504,0.2344
6158000,1066.691199,1220,75,0.005822,0.3125
6160000,1181.295350,1226,66,0.065410,0.2656
6162000,1226.373470,1225,76,0.173694,0.3438
6164000,971.132902,1223,76,0.116916,0.3438
6166000,986.593164,1209,71,0.017884,0.3125
6168000,934.972999,1173,82,0.031465,0.2578
6170000,934.180518,1188,75,0.027651,0.3203
6172000,944.288190,1194,65,0.022886,0.2891
6174000,1046.605198,1198,73,0.011094,0.3281
6176000,913.273339,1187,83,0.017672,0.3125
6178000,918.188030,1195,65,0.024631,0.4062
6180000,911.948127,1195,62,0.008565,0.2500
6182000,902.035342,1176,77,0.012781,0.3281
6184000,931.181430,1192,84,0.028248,0.3672
6186000,946.420326,1185,87,0.024912,0.3750
6188000,905.556492,1194,80,0.091034,0.2734
6190000,907.569411,1209,76,0.098305,0.2734
6192000,886.542895,1205,67,0.071680,0.2891
6194000,876.182223,1172,83,0.065477,0.2812
6196000,799.183750,1180,78,0.076215,0.3125
6198000,802.622204,1180,86,0.083523,0.2578
6200000,742.527043,1183,72,0.046142,0.2344
6202000,751.908550,1216,58,0.040801,0.3125
6204000,844.407915,1228,72,0.091278,0.3516
6206000,1005.696043,1216,68,0.202169,0.3438
6208000,1003.145662,1212,63,0.221429,0.2656
6210000,1008.522238,1207,67,0.211159,0.2422
6212000,1006.036423,1235,73,0.199516,0.3672
6214000,967.969510,1229,75,0.208656,0.2500
6216000,974.579870,1239,66,0.206819,0.2500
6218000,983.361023,1251,61,0.190109,0.2578
6220000,1054.311342,1219,58,0.351394,0.2812
6222000,1055.733510,1210,63,0.282500,0.2188
6224000,1044.363127,1207,63,0.283650,0.2266
6226000,1057.252928,1218,57,0.342689,0.2656
6228000,1054.791692,1200,76,0.347492,0.3281
6230000,1243.394895,1182,91,0.297685,0.2812
6232000,960.634951,1225,61,0.205099,0.2578
6234000,904.273228,1220,71,0.208946,0.2344
6236000,865.120063,1206,69,0.346890,0.3750
6238000,951.125948,1210,67,0.119740,0.2734
6240000,999.862755,1198,72,0.276319,0.2969
6242000,928.871020,1202,63,0.199931,0.2812
6244000,929.777798,1204,70,0.132108,0.2344
6246000,961.924332,1216,62,0.150413,0.3047
6248000,894.167878,1173,79,0.128541,0.2734
6250000,901.552767,1186,70,0.181723,0.2969
6252000,890.932775,1187,71,0.161158,0.3438
6254000,1051.304240,1205,65,0.094958,0.3516
6256000,1141.998735,1236,54,0.136271,0.3203
6258000,1151.598311,1242,57,0.089627,0.2344
6260000,1342.967846,1258,61,0.440567,0.1719
6262000,1608.679160,1242,64,0.128903,0.3125
6264000,1599.849047,1224,70,0.389149,0.2422
6266000,1516.028246,1221,64,0.396551,0.2578
6268000,1509.587179,1213,61,0.315657,0.3359
6270000,1449.498371,1214,77,0.477767,0.3281
6272000,1203.094556,1215,75,0.302032,0.2812
6274000,1099.037055,1224,65,0.177041,0.3281
6276000,1083.583260,1233,74,0.158673,0.2812
6278000,1121.892559,1215,82,0.227802,0.2656
6280000,1197.606200,1227,87,0.273566,0.3125
6282000,1219.544670,1228,64,0.278762,0.2734
6284000,1211.999110,1204,76,0.242819,0.3359
6286000,1092.344259,1203,72,0.207197,0.2891
6288000,984.512655,1205,60,0.169922,0.3438
6290000,1114.482407,1220,69,0.222625,0.2266
6292000,1170.206703,1237,66,0.249127,0.2422
6294000,1168.801471,1223,76,0.215624,0.3359
6296000,1214.096635,1211,72,0.322927,0.2891
6298000,1035.919639,1227,71,0.043283,0.2812
6300000,1040.261339,1223,66,0.032959,0.2891
6302000,1118.487078,1240,70,0.035041,0.3203
6304000,1161.647004,1234,58,0.051838,0.2422
6306000,1019.748104,1220,67,0.051629,0.2500
6308000,1043.654710,1202,90,0.076062,0.2969
6310000,1059.221475,1184,78,0.043239,0.3438
6312000,935.199064,1196,78,0.041019,0.2578
6314000,1162.443259,1190,73,0.161228,0.2188
6316000,949.305279,1190,68,0.011145,0.2969
6318000,1025.337750,1180,70,0.019157,0.2812
6320000,985.276787,1158,75,0.033199,0.2969
6322000,994.712975,1186,70,0.038405,0.2109
6324000,1023.175996,1185,68,0.035903,0.2266
6326000,952.240366,1171,89,0.130120,0.3516
6328000,980.861175,1167,76,0.128332,0.2969
6330000,858.296062,1176,73,0.092417,0.3359
6332000,809.190175,1190,75,0.078937,0.2344
6334000,874.896807,1189,74,0.123460,0.2344
6336000,855.460415,1200,71,0.136865,0.2500
6338000,874.826590,1184,76,0.109402,0.2422
6340000,885.678763,1191,89,0.120686,0.3359
6342000,890.503447,1192,78,0.141320,0.2500
6344000,1011.136551,1161,98,0.161184,0.2969
6346000,883.162460,1197,79,0.125725,0.3203
6348000,885.551664,1189,73,0.081796,0.3906
6350000,945.962060,1212,73,0.084551,0.2656
6352000,847.122838,1208,79,0.029786,0.2812
6354000,882.963590,1229,69,0.085497,0.3594
6356000,822.115020,1207,86,0.001857,0.2969
6358000,904.424127,1205,82,0.012645,0.3672
6360000,960.400110,1221,66,0.030807,0.2344
6362000,870.473654,1219,73,0.015878,0.2500
6364000,897.695752,1222,58,0.017292,0.2812
6366000,920.674956,1218,67,0.088400,0.3125
6368000,920.666603,1217,65,0.081661,0.3047
6370000,869.864492,1222,59,0.116489,0.2500
6372000,856.667235,1211,72,0.141344,0.2812
6374000,861.517595,1212,62,0.187606,0.2812
6376000,870.216920,1184,82,0.153365,0.3281
6378000,847.666360,1183,91,0.112979,0.2812
6380000,864.616719,1190,76,0.119368,0.2734
6382000,943.299030,1180,77,0.165467,0.2422
6384000,916.429566,1216,60,0.190166,0.3281
6386000,897.389894,1192,72,0.210237,0.2969
6388000,937.338531,1197,80,0.219789,0.3281
6390000,999.695507,1186,80,0.186964,0.3047
6392000,938.745560,1194,67,0.241534,0.2734
6394000,991.665342,1188,73,0.140899,0.2734
6396000,874.484280,1218,65,0.238393,0.2734
6398000,973.141583,1212,67,0.072315,0.2031
6400000,998.825295,1224,65,0.168242,0.3359
6402000,979.115500,1212,67,0.195498,0.3359
6404000,1521.025120,1213,63,0.296499,0.2656
6406000,1090.154030,1172,82,0.075483,0.2891
6408000,1072.539916,1174,75,0.074399,0.2266
6410000,1042.170455,1179,77,0.030468,0.2812
6412000,1133.336766,1186,72,0.180388,0.2969
6414000,1160.862147,1197,60,0.204015,0.2734
6416000,758.428712,1174,79,0.068681,0.3438
6418000,765.031811,1188,73,0.073533,0.2656
6420000,713.972883,1167,90,0.020713,0.4062
6422000,706.235795,1174,75,0.036959,0.2812
6424000,813.875935,1161,86,0.097118,0.3125
6426000,798.689403,1175,72,0.083336,0.3750
6428000,749.302511,1189,89,0.185012,0.3672
6430000,702.548780,1214,61,0.125140,0.2891
6432000,738.664815,1226,63,0.052244,0.2812
6434000,757.583415,1198,71,0.059432,0.2812
6436000,754.690400,1178,88,0.114899,0.4062
6438000,746.668510,1186,67,0.124002,0.2969
6440000,823.144815,1215,64,0.046608,0.2500
6442000,827.841571,1210,68,0.076660,0.3359
6444000,779.295491,1216,64,0.044098,0.2188
6446000,764.084158,1205,69,0.038907,0.3359
6448000,823.057144,1196,82,0.069711,0.3281
6450000,828.859631,1193,75,0.067676,0.2969
6452000,786.422715,1178,74,0.068398,0.2734
6454000,781.739750,1171,90,0.044699,0.2891
6456000,821.099310,1174,77,0.059924,0.3359
6458000,808.029363,1207,64,0.060066,0.2969
6460000,751.927910,1188,65,0.114107,0.2969
6462000,732.860824,1179,75,0.078076,0.1953
6464000,757.201870,1175,71,0.021730,0.2812
6466000,707.443887,1202,61,0.070541,0.2422
6468000,707.901691,1181,89,0.048797,0.2578
6470000,766.509231,1166,78,0.126563,0.2188
6472000,768.348078,1156,87,0.103940,0.2656
6474000,759.141600,1165,78,0.102638,0.3047
6476000,803.062670,1171,87,0.060213,0.3672
6478000,788.602595,1149,97,0.042662,0.3594
6480000,766.730328,1169,88,0.035624,0.3594
6482000,771.272620,1165,89,0.035913,0.3125
6484000,959.638206,1197,74,0.112311,0.3438
6486000,971.839542,1202,64,0.082833,0.4141
6488000,1015.919475,1200,67,0.114571,0.2578
6490000,1047.988000,1206,72,0.158510,0.2891
6492000,1026.714919,1192,70,0.117320,0.2422
6494000,989.274375,1188,71,0.161103,0.3203
6496000,994.396750,1188,76,0.176377,0.2969
6498000,973.166407,1189,77,0.182319,0.2656
6500000,876.869123,1216,61,0.099193,0.2734
6502000,974.497072,1218,66,0.115451,0.3047
6504000,944.454887,1203,69,0.098235,0.2578
6506000,958.933179,1201,71,0.015654,0.2422
6508000,1055.801660,1220,67,0.063268,0.2656
6510000,979.571663,1237,56,0.002341,0.3672
6512000,982.149294,1221,70,0.004447,0.2969
6514000,1033.520862,1228,59,0.005089,0.3750
6516000,1016.198428,1219,78,0.011860,0.3359
6518000,1013.347495,1250,64,0.002519,0.2969
6520000,972.749035,1205,90,0.000588,0.2734
6522000,1030.407195,1209,70,0.077863,0.2344
6524000,994.654163,1207,65,0.033065,0.2891
6526000,835.399775,1221,73,0.065752,0.3359
6528000,924.171920,1213,73,0.117361,0.3281
6530000,933.550747,1230,67,0.136203,0.2656
6532000,900.925606,1230,64,0.121202,0.2891
6534000,783.650995,1219,71,0.035136,0.2734
6536000,772.974051,1225,64,0.004161,0.2891
6538000,955.183807,1222,56,0.192915,0.2812
6540000,968.585559,1221,70,0.203793,0.2656
6542000,1064.326715,1206,74,0.284647,0.3047
6544000,938.662635,1224,54,0.177512,0.2578
6546000,946.982911,1230,60,0.058711,0.3281
6548000,976.942462,1226,69,0.088410,0.3359
6550000,824.312940,1207,80,0.069187,0.2656
6552000,847.831695,1178,88,0.014291,0.3828
6554000,840.370744,1188,74,0.019457,0.2500
6556000,1004.200108,1182,83,0.030121,0.2969
6558000,1014.006214,1200,70,0.034069,0.3359
6560000,1004.538956,1195,80,0.021396,0.2578
6562000,1016.028968,1210,72,0.008477,0.3828
6564000,962.988302,1212,64,0.013799,0.2969
6566000,910.996608,1207,71,0.119524,0.2500
6568000,878.525710,1208,70,0.044569,0.2969
6570000,893.624515,1196,71,0.053029,0.2500
6572000,858.857475,1181,79,0.032855,0.2891
6574000,874.310507,1182,83,0.006913,0.2422
6576000,773.393707,1166,91,0.056831,0.3672
6578000,870.378083,1180,81,0.018049,0.3750
6580000,901.227675,1189,70,0.087647,0.3438
6582000,754.553228,1174,71,0.062186,0.2734
6584000,768.630587,1172,70,0.056778,0.3203
6586000,781.564651,1183,83,0.070960,0.2891
6588000,772.756062,1188,75,0.062531,0.3750
6590000,749.887646,1219,65,0.078457,0.3125
6592000,732.732299,1194,76,0.054494,0.3047
6594000,729.470742,1187,59,0.084366,0.1953
6596000,754.387943,1170,68,0.053935,0.2812
6598000,801.335358,1178,79,0.140376,0.2969
6600000,765.819315,1191,77,0.035200,0.2812
6602000,859.314870,1196,76,0.057208,0.2344
6604000,863.176920,1221,63,0.065534,0.3047
6606000,843.352879,1225,73,0.066924,0.2734
6608000,829.717535,1219,49,0.169586,0.2969
6610000,796.105611,1215,68,0.119620,0.2891
6612000,834.581110,1229,67,0.157926,0.3047
6614000,838.742391,1223,59,0.173511,0.3047
6616000,975.099040,1223,62,0.125738,0.2109
6618000,846.052108,1221,66,0.186078,0.3203
6620000,1009.977558,1206,81,0.145703,0.2734
6622000,1010.638499,1209,69,0.148621,0.3281
6624000,1002.592663,1245,55,0.097618,0.3125
6626000,1069.964979,1231,50,0.364506,0.2500
6628000,1063.288067,1196,66,0.357534,0.2109
6630000,1070.547039,1196,75,0.361831,0.2500
6632000,1062.981439,1208,70,0.338155,0.3359
6634000,920.062216,1207,64,0.087308,0.2891
6636000,1259.655615,1204,64,0.523025,0.3047
6638000,948.523715,1176,76,0.166124,0.2734
6640000,929.117910,1202,79,0.160932,0.3359
6642000,870.089623,1217,71,0.149815,0.2734
6644000,884.185630,1217,67,0.131826,0.3359
6646000,895.201147,1219,67,0.107285,0.3594
6648000,882.195894,1201,82,0.133740,0.2969
6650000,903.760515,1198,73,0.108855,0.2734
6652000,893.689091,1196,81,0.088708,0.3125
6654000,869.316947,1174,82,0.099274,0.3281
6656000,767.326035,1206,68,0.131667,0.3359
6658000,762.026550,1181,82,0.104621,0.3047
6660000,760.425606,1191,78,0.090875,0.2266
6662000,779.236863,1183,77,0.080118,0.4219
6664000,1089.531131,1245,57,0.224927,0.3047
6666000,1004.836270,1222,66,0.164254,0.2812
6668000,1100.406534,1210,60,0.406737,0.2969
6670000,1187.820379,1168,67,0.590565,0.2812
6672000,865.680979,1173,79,0.189950,0.2344
6674000,834.676940,1177,74,0.061427,0.2266
6676000,825.427030,1199,73,0.075730,0.3672
6678000,828.676360,1186,68,0.048409,0.2969
6680000,826.821980,1159,86,0.053061,0.2578
6682000,847.046240,1169,80,0.087856,0.3125
6684000,882.728390,1155,88,0.079619,0.3438
6686000,861.994796,1163,85,0.074505,0.2891
6688000,836.607596,1140,103,0.041420,0.3516
6690000,819.699022,1151,92,0.036852,0.3672
6692000,809.428792,1172,84,0.039081,0.2891
6694000,930.754424,1186,66,0.028623,0.3203
6696000,938.689091,1198,59,0.035107,0.3438
6698000,965.984099,1202,79,0.098329,0.2734
6700000,938.315155,1195,65,0.008809,0.2812
6702000,933.111543,1210,62,0.032113,0.2969
6704000,911.237511,1208,74,0.033557,0.3438
6706000,870.261259,1202,73,0.100333,0.2031
6708000,869.583083,1165,78,0.100262,0.3203
6710000,868.591966,1182,82,0.114780,0.2812
6712000,809.621263,1170,79,0.124793,0.3281
6714000,856.594411,1196,67,0.119741,0.2812
6716000,871.481243,1192,77,0.212164,0.3672
6718000,828.687443,1181,84,0.212745,0.2969
6720000,809.653790,1175,67,0.206601,0.3203
6722000,867.285255,1177,75,0.279071,0.3281
6724000,851.412566,1177,81,0.199260,0.3594
6726000,836.957963,1165,72,0.241682,0.2422
6728000,800.729279,1163,81,0.106375,0.2500
6730000,791.160855,1162,84,0.067781,0.3047
6732000,757.703190,1175,86,0.072274,0.3359
6734000,766.350075,1192,76,0.073789,0.3906
6736000,803.151232,1210,78,0.043715,0.2266
6738000,860.387243,1188,70,0.078727,0.2656
6740000,859.170790,1212,79,0.080280,0.2734
6742000,809.171803,1197,84,0.068079,0.3203
6744000,846.209315,1224,64,0.013282,0.2109
6746000,840.467656,1248,62,0.061578,0.2109
6748000,842.743459,1247,64,0.069238,0.3203
6750000,1039.893519,1234,53,0.119650,0.2891
6752000,1050.136835,1225,78,0.132831,0.3047
6754000,1160.019359,1223,70,0.323957,0.3047
6756000,1150.314503,1223,72,0.215692,0.2812
6758000,1161.512019,1219,69,0.103113,0.3125
6760000,1144.490552,1210,70,0.080185,0.2969
6762000,1044.933107,1197,83,0.117366,0.2578
6764000,1047.429654,1197,90,0.052701,0.3438
6766000,1439.144747,1231,58,0.240456,0.2422
6768000,1293.120995,1218,63,0.143556,0.2734
6770000,1144.667776,1237,77,0.006746,0.2422
6772000,1003.853295,1221,61,0.003372,0.2656
6774000,1158.749974,1229,69,0.340117,0.2266
6776000,1155.235399,1220,71,0.399130,0.2969
6778000,1174.892771,1222,62,0.406191,0.2578
6780000,988.917038,1241,61,0.199490,0.2109
6782000,985.232166,1213,72,0.201987,0.2422
6784000,995.314204,1209,75,0.227454,0.2812
6786000,811.520131,1206,71,0.127154,0.4219
6788000,794.960235,1204,71,0.137430,0.2734
6790000,779.027223,1185,78,0.140623,0.4062
6792000,761.914134,1171,92,0.158463,0.3203
6794000,766.491915,1181,92,0.163065,0.3125
6796000,789.092435,1180,86,0.157496,0.3203
6798000,901.626542,1182,83,0.242076,0.3125
6800000,808.922652,1183,88,0.200148,0.3750
6802000,841.309999,1169,80,0.207468,0.2969
6804000,722.988620,1162,82,0.118881,0.3750
6806000,738.585159,1185,82,0.109875,0.3047
6808000,788.479550,1172,77,0.149571,0.2812
6810000,809.823630,1180,75,0.189100,0.3672
6812000,826.471512,1207,79,0.159827,0.3672
6814000,786.633116,1179,88,0.128472,0.2734
6816000,804.607435,1194,74,0.109960,0.3047
6818000,806.156631,1197,62,0.029822,0.3906
6820000,955.575942,1204,64,0.236325,0.2969
6822000,963.242620,1187,61,0.208368,0.2734
6824000,962.871542,1198,68,0.314995,0.2812
6826000,986.081735,1171,95,0.316044,0.3281
6828000,987.156303,1194,79,0.360469,0.3203
6830000,871.538094,1202,61,0.246601,0.2578
6832000,902.236726,1225,67,0.280386,0.2969
6834000,913.575647,1232,64,0.276654,0.2812
6836000,934.884359,1238,69,0.285706,0.3203
6838000,889.399696,1226,68,0.226681,0.2656
6840000,875.760099,1235,68,0.222518,0.2891
6842000,905.859664,1207,71,0.261727,0.3125
6844000,920.095438,1190,72,0.310214,0.2734
6846000,1207.587487,1195,80,0.223791,0.3594
6848000,1045.490531,1189,84,0.468823,0.2891
6850000,1001.419296,1174,70,0.437862,0.3906
6852000,1069.806720,1190,80,0.456682,0.2344
6854000,969.846991,1181,83,0.218816,0.2734
6856000,1187.746918,1177,83,0.319535,0.2734
6858000,1103.061155,1168,87,0.336069,0.3203
6860000,1350.293680,1186,80,0.613964,0.2656
6862000,1315.678750,1213,68,0.597266,0.3594
6864000,839.066028,1243,58,0.146493,0.3516
6866000,875.500147,1228,61,0.148124,0.2891
6868000,1022.269184,1234,53,0.148217,0.2422
6870000,1135.270047,1209,83,0.173142,0.3359
6872000,1228.209480,1218,77,0.269769,0.2578
6874000,1340.960550,1209,72,0.489509,0.2656
6876000,1281.246447,1246,57,0.455585,0.2812
6878000,1265.431195,1209,82,0.458891,0.3516
6880000,1078.063995,1216,68,0.423993,0.2969
6882000,1079.155312,1202,72,0.416639,0.2656
6884000,1041.334607,1218,59,0.210071,0.2578
6886000,1074.435502,1211,55,0.126989,0.2656
6888000,1112.819694,1199,69,0.135530,0.2500
6890000,982.793271,1210,77,0.072971,0.3359
6892000,1006.122655,1197,80,0.065890,0.2812
6894000,1092.117643,1178,77,0.109761,0.2812
6896000,1086.620796,1196,72,0.126849,0.2812
6898000,1074.768383,1174,81,0.122375,0.2344
6900000,969.777526,1197,75,0.019141,0.3281
6902000,948.266879,1200,81,0.023934,0.4219
6904000,845.333894,1193,66,0.030806,0.2891
6906000,918.395992,1202,86,0.010581,0.2812
6908000,999.191830,1191,75,0.030330,0.3750
6910000,800.933550,1191,76,0.091696,0.3125
6912000,811.870860,1204,72,0.072577,0.2891
6914000,788.354494,1194,73,0.071920,0.3125
6916000,722.203647,1188,75,0.066760,0.3203
6918000,700.339470,1181,75,0.125588,0.3203
6920000,832.997324,1196,69,0.038815,0.2812
6922000,826.934460,1183,81,0.035219,0.3281
6924000,774.508590,1177,92,0.021912,0.2656
6926000,653.262955,1213,64,0.130055,0.2578
6928000,648.184040,1210,70,0.128640,0.2734
6930000,639.198398,1214,63,0.144327,0.2812
6932000,648.306959,1207,77,0.144787,0.3672
6934000,676.885196,1228,54,0.196951,0.2422
6936000,662.982799,1223,55,0.173302,0.2500
6938000,709.046872,1192,69,0.088854,0.3203
6940000,712.978396,1196,89,0.069985,0.3828
6942000,707.781830,1213,65,0.004728,0.2578
6944000,648.437020,1208,72,0.056999,0.3359
6946000,632.749343,1184,84,0.061744,0.3359
6948000,651.398055,1193,71,0.049980,0.2969
6950000,735.730990,1209,66,0.084789,0.1953
6952000,742.102396,1212,62,0.093746,0.2969
6954000,855.802543,1200,77,0.044556,0.3281
6956000,925.568638,1199,63,0.133785,0.2422
6958000,936.280115,1195,67,0.113422,0.3047
6960000,932.934716,1190,75,0.115363,0.3438
6962000,850.373070,1195,78,0.088658,0.3594
6964000,851.624531,1194,77,0.072991,0.2734
6966000,875.075278,1177,71,0.058648,0.3906
6968000,972.389382,1169,85,0.064189,0.3594
6970000,789.570462,1199,58,0.149538,0.2734
6972000,755.732840,1174,91,0.141526,0.3047
6974000,767.126700,1162,87,0.144792,0.3438
6976000,803.275096,1165,93,0.146250,0.3125
6978000,1237.975655,1183,77,0.500321,0.2969
6980000,804.202512,1196,66,0.118577,0.3125
6982000,888.156150,1187,76,0.152380,0.3047
6984000,803.911136,1205,61,0.053671,0.3047
6986000,810.720395,1194,78,0.132848,0.3281
6988000,914.218035,1205,70,0.146827,0.3281
6990000,857.107612,1204,73,0.094819,0.2734
6992000,1031.581472,1222,62,0.090309,0.3125
6994000,814.995835,1188,80,0.078869,0.3828
6996000,793.202534,1182,89,0.086891,0.2656
6998000,765.862619,1189,85,0.068957,0.2891
7000000,759.948888,1193,83,0.081125,0.3359
7002000,1049.608246,1209,68,0.243446,0.2266
7004000,977.106343,1221,59,0.114859,0.2812
7006000,874.661519,1211,73,0.097751,0.2578
7008000,863.618950,1205,84,0.103701,0.3047
7010000,782.642671,1190,83,0.065255,0.3125
7012000,803.354851,1210,72,0.069137,0.3438
7014000,832.094375,1204,76,0.066051,0.2344
7016000,811.887948,1218,69,0.069125,0.2500
7018000,803.862710,1211,68,0.076926,0.2422
7020000,884.806263,1199,67,0.135647,0.1562
7022000,765.617462,1186,84,0.043440,0.2500
7024000,797.215862,1192,84,0.023385,0.2656
7026000,814.685967,1190,89,0.196272,0.3047
7028000,872.570264,1168,96,0.187453,0.3203
7030000,1142.511779,1175,83,0.229471,0.3594
7032000,858.950816,1182,90,0.299797,0.2344
7034000,866.221835,1184,76,0.305107,0.3125
7036000,873.319323,1196,75,0.338859,0.3125
7038000,901.838475,1187,71,0.370825,0.2812
7040000,973.186350,1203,67,0.450075,0.2656
7042000,985.981775,1183,89,0.383647,0.2891
7044000,992.628456,1195,83,0.389407,0.2578
7046000,844.158822,1191,83,0.194769,0.2734
7048000,780.563087,1187,73,0.137389,0.3203
7050000,943.804848,1172,88,0.290998,0.2500
7052000,953.289643,1193,77,0.285544,0.3125
7054000,1588.551675,1190,74,0.717622,0.3359
7056000,1452.538315,1217,62,0.649697,0.2109
7058000,1151.314360,1234,58,0.471527,0.2578
7060000,1239.386262,1217,69,0.256008,0.2734
7062000,945.349095,1219,62,0.039889,0.2656
7064000,969.630483,1213,66,0.078532,0.2656
7066000,986.690267,1227,62,0.060963,0.2734
7068000,984.065918,1212,75,0.062240,0.2812
7070000,1023.660350,1201,72,0.172055,0.3125
7072000,989.385939,1201,76,0.189842,0.3281
7074000,824.167979,1226,60,0.037556,0.2734
7076000,755.657375,1204,73,0.027881,0.3672
7078000,768.345519,1208,67,0.040628,0.3125
7080000,722.579847,1204,75,0.034476,0.2266
7082000,821.077660,1182,71,0.160879,0.3438
7084000,799.038147,1213,73,0.163972,0.2578
7086000,857.128912,1210,67,0.239170,0.2344
7088000,679.253950,1194,64,0.133879,0.2734
7090000,691.578283,1190,66,0.121944,0.2969
7092000,722.619515,1183,82,0.055443,0.2734
7094000,722.131743,1177,86,0.044104,0.3906
7096000,714.275139,1181,82,0.037778,0.2969
7098000,686.595343,1215,67,0.089520,0.2188
7100000,703.575686,1194,75,0.099550,0.2500
7102000,713.965574,1187,81,0.071019,0.2812
7104000,710.129227,1191,70,0.062754,0.1641
7106000,714.836263,1201,67,0.054998,0.2500
7108000,735.006636,1169,82,0.058497,0.2969
7110000,773.712870,1176,82,0.030406,0.2500
7112000,771.893448,1195,79,0.021146,0.3438
7114000,916.262891,1197,63,0.064133,0.2422
7116000,905.142883,1192,65,0.062282,0.3125
7118000,919.180447,1210,61,0.066336,0.2422
7120000,874.823035,1213,61,0.071885,0.3281
7122000,826.564454,1195,73,0.013839,0.3438
7124000,809.314675,1224,63,0.008814,0.3047
7126000,794.080463,1231,62,0.086659,0.3672
7128000,796.453920,1210,68,0.085327,0.2812
7130000,798.827916,1183,73,0.079249,0.3047
7132000,838.872307,1161,83,0.086099,0.3828
7134000,848.148990,1178,88,0.090449,0.3516
7136000,838.269067,1197,73,0.101952,0.3125
7138000,881.679775,1203,70,0.063238,0.2969
7140000,910.958179,1190,77,0.014199,0.3047
7142000,876.544111,1193,91,0.024080,0.2578
7144000,876.377206,1201,70,0.025250,0.1719
7146000,873.414268,1203,75,0.017628,0.2891
7148000,819.156854,1193,77,0.033451,0.3281
7150000,810.227955,1181,79,0.029644,0.3438
7152000,822.934155,1215,70,0.040060,0.3281
7154000,836.278120,1189,78,0.135305,0.3125
7156000,847.076267,1197,80,0.189829,0.2188
7158000,899.526675,1214,71,0.166449,0.2578
7160000,820.479567,1175,80,0.067716,0.2656
7162000,916.507275,1177,79,0.034388,0.2500
7164000,887.574955,1199,67,0.028050,0.3438
7166000,977.387115,1188,67,0.030468,0.2422
7168000,959.840583,1188,66,0.029347,0.2578
7170000,1018.166006,1197,63,0.028895,0.2812
7172000,977.888603,1175,67,0.029324,0.3984
7174000,939.348760,1147,82,0.027872,0.3125
7176000,821.361755,1163,86,0.038940,0.3984
7178000,818.945139,1164,77,0.037920,0.3906
7180000,807.600908,1159,82,0.068675,0.3125
7182000,848.029703,1188,70,0.050946,0.3047
7184000,832.970112,1187,76,0.041327,0.3750
7186000,856.946576,1188,71,0.042604,0.2734
7188000,750.186759,1200,68,0.014568,0.3438
7190000,752.306424,1209,61,0.018229,0.2266
7192000,691.186510,1193,72,0.037901,0.3672
7194000,754.239919,1184,88,0.049216,0.3203
7196000,759.613262,1185,72,0.064295,0.2969
7198000,878.869871,1186,87,0.048354,0.3203
7200000,868.340680,1187,78,0.036780,0.2266
7202000,752.834216,1186,81,0.016428,0.3125
7204000,836.052854,1209,70,0.047655,0.2812
7206000,878.437980,1215,82,0.059289,0.2969
7208000,892.038195,1216,58,0.057933,0.3203
7210000,850.046430,1188,72,0.053668,0.2734
7212000,839.760447,1213,65,0.068067,0.2969
7214000,890.887294,1186,82,0.117319,0.3359
7216000,902.667150,1187,87,0.135452,0.2656
7218000,901.273304,1202,73,0.132341,0.3203
7220000,905.150455,1205,65,0.272863,0.2734
7222000,942.322380,1207,72,0.236272,0.2031
7224000,971.172127,1190,76,0.282210,0.3750
7226000,953.045158,1193,75,0.211426,0.2891
7228000,988.022552,1200,83,0.256937,0.2656
7230000,978.504358,1202,78,0.243056,0.2969
7232000,1153.848891,1208,57,0.393757,0.2344
7234000,1168.259855,1202,70,0.401143,0.2344
7236000,852.491982,1190,72,0.074227,0.3438
7238000,835.194555,1202,77,0.041010,0.3281
7240000,808.883555,1192,73,0.038235,0.2656
7242000,870.490940,1194,66,0.050059,0.3125
7244000,845.282030,1191,59,0.041042,0.3203
7246000,835.155720,1179,75,0.046501,0.2656
7248000,854.876060,1184,82,0.043055,0.3203
7250000,791.652166,1187,83,0.081346,0.2891
7252000,729.658911,1173,80,0.074861,0.3203
7254000,699.209187,1203,67,0.082171,0.2422
7256000,710.209519,1197,63,0.063695,0.3125
7258000,721.394475,1194,64,0.089480,0.3359
7260000,765.933960,1213,68,0.138317,0.2656
7262000,712.308310,1179,74,0.040249,0.2656
7264000,770.102591,1184,78,0.147855,0.2812
7266000,861.044684,1199,83,0.182367,0.2969
7268000,831.257875,1190,74,0.203122,0.3047
7270000,801.766670,1198,68,0.170790,0.2500
7272000,788.373950,1195,75,0.156239,0.3203
7274000,839.403660,1183,73,0.173110,0.3047
7276000,848.223694,1179,82,0.191219,0.2656
7278000,924.558392,1181,79,0.159327,0.3047
7280000,954.183935,1175,78,0.178093,0.2969
7282000,770.156819,1184,80,0.069141,0.3594
7284000,773.745755,1175,78,0.045202,0.3047
7286000,769.982675,1184,83,0.042076,0.2266
7288000,765.002615,1181,72,0.060068,0.3828
7290000,756.430175,1212,66,0.058755,0.2578
7292000,747.753035,1189,78,0.066684,0.3125
7294000,805.808623,1196,73,0.106473,0.2500
7296000,767.307591,1202,65,0.076307,0.2812
7298000,793.531024,1213,65,0.075691,0.3281
7300000,806.959974,1208,61,0.074518,0.2500
7302000,825.477926,1205,59,0.009022,0.3125
7304000,881.303430,1191,77,0.072728,0.3203
7306000,875.346223,1177,83,0.155076,0.2969
7308000,951.609966,1192,83,0.050248,0.3125
7310000,936.729439,1201,69,0.110981,0.2656
7312000,906.039110,1192,71,0.232529,0.2500
7314000,939.026475,1170,74,0.200017,0.3438
7316000,903.902412,1166,78,0.249610,0.3438
7318000,854.122475,1158,97,0.265847,0.3359
7320000,859.014879,1157,93,0.251538,0.2734
7322000,881.539400,1177,81,0.232656,0.3516
7324000,899.739819,1202,74,0.244259,0.3203
7326000,895.166446,1194,74,0.237429,0.2969
7328000,770.841758,1191,92,0.123653,0.2656
7330000,773.599903,1185,72,0.095303,0.2734
7332000,873.216367,1194,76,0.126240,0.2656
7334000,875.187055,1176,82,0.131834,0.3359
7336000,976.683128,1176,81,0.087962,0.3281
7338000,984.245863,1213,80,0.090348,0.3281
7340000,895.650383,1194,72,0.211692,0.2578
7342000,861.500455,1197,61,0.194709,0.2656
7344000,838.805422,1181,78,0.187404,0.2969
7346000,858.529030,1195,73,0.174990,0.2812
7348000,844.409615,1205,73,0.184189,0.2969
7350000,844.377715,1216,62,0.023798,0.2344
7352000,844.538460,1200,68,0.173251,0.2891
7354000,865.508655,1201,82,0.154906,0.3203
7356000,816.342240,1210,73,0.186152,0.3125
7358000,857.340348,1198,71,0.069727,0.2734
7360000,832.170972,1192,76,0.024711,0.3125
7362000,871.977059,1203,72,0.007266,0.2734
7364000,786.748743,1184,83,0.252075,0.2969
7366000,787.627196,1192,80,0.257982,0.2422
7368000,850.759047,1181,90,0.338515,0.2891
7370000,838.177731,1204,69,0.325127,0.2812
7372000,974.787768,1177,86,0.094234,0.2891
7374000,848.963143,1159,94,0.345990,0.3594
7376000,800.774990,1174,75,0.121733,0.3047
7378000,946.263043,1203,63,0.063414,0.3516
7380000,833.348843,1212,70,0.090142,0.3047
7382000,731.967755,1210,67,0.211707,0.3203
7384000,718.414327,1217,65,0.209429,0.3359
7386000,727.071804,1217,60,0.206001,0.2812
7388000,761.112614,1200,66,0.171678,0.3203
7390000,759.102675,1207,69,0.239610,0.3125
7392000,813.457383,1190,76,0.276485,0.3203
7394000,795.242631,1198,78,0.189398,0.3203
7396000,805.265903,1179,81,0.104379,0.3047
7398000,867.164503,1176,79,0.121128,0.3125
7400000,827.447750,1190,85,0.088526,0.2422
7402000,852.219479,1190,67,0.069211,0.2812
7404000,854.105900,1190,73,0.076447,0.2812
7406000,857.703811,1197,82,0.082522,0.2656
7408000,809.251798,1208,75,0.127082,0.2656
7410000,799.392159,1201,70,0.115837,0.3516
7412000,816.198428,1185,91,0.108027,0.3203
7414000,734.436371,1201,73,0.074178,0.3594
7416000,785.156632,1187,84,0.033552,0.3125
7418000,822.113311,1188,75,0.036974,0.2812
7420000,889.529999,1170,73,0.115802,0.2969
7422000,880.503912,1192,74,0.160979,0.3125
7424000,912.754879,1190,71,0.183372,0.3203
7426000,935.103651,1190,68,0.189902,0.2734
7428000,967.996519,1194,67,0.167762,0.2578
7430000,921.121110,1187,72,0.136933,0.3438
7432000,923.570623,1179,72,0.111934,0.2656
7434000,869.377603,1186,76,0.045287,0.3047
7436000,847.710367,1178,78,0.041425,0.3047
7438000,876.116220,1175,81,0.026879,0.2422
7440000,797.136262,1163,79,0.070660,0.3438
7442000,770.707640,1158,77,0.074423,0.2891
7444000,817.037366,1157,92,0.181846,0.3203
7446000,923.634040,1175,85,0.312750,0.3047
7448000,928.643622,1175,88,0.283978,0.3281
7450000,919.347195,1205,72,0.241696,0.3125
7452000,885.242715,1179,79,0.150521,0.3438
7454000,906.216147,1190,82,0.176619,0.3203
7456000,932.668638,1199,76,0.170054,0.3281
7458000,1007.722656,1191,83,0.250319,0.2734
7460000,946.930424,1213,61,0.142916,0.2734
7462000,924.699740,1178,79,0.136578,0.2891
7464000,936.074043,1194,72,0.142145,0.3438
7466000,914.767750,1193,78,0.113752,0.3516
7468000,1030.607307,1217,60,0.118618,0.3359
7470000,1014.133195,1192,66,0.141746,0.2266
7472000,982.767119,1213,46,0.186716,0.2422
7474000,1029.105439,1188,76,0.226895,0.2734
7476000,996.156095,1181,76,0.223528,0.3438
7478000,984.565719,1164,94,0.196983,0.3047
7480000,968.585528,1164,88,0.320919,0.3516
7482000,857.466374,1174,98,0.202659,0.3125
7484000,856.394975,1183,83,0.212604,0.3672
7486000,1031.199544,1206,74,0.201484,0.3516
7488000,1084.311398,1157,83,0.174817,0.3906
7490000,1042.560487,1154,92,0.054232,0.3281
7492000,998.803095,1160,92,0.104765,0.2812
7494000,1013.653183,1194,67,0.082572,0.2266
7496000,932.434179,1208,61,0.021673,0.2188
7498000,947.708275,1192,70,0.007367,0.3203
7500000,935.848846,1199,79,0.016042,0.3125
7502000,946.113355,1204,70,0.040903,0.3125
7504000,1050.438579,1208,72,0.075622,0.3047
7506000,1055.304039,1195,71,0.053555,0.2891
7508000,1078.482156,1217,71,0.052066,0.3047
7510000,1048.080396,1225,50,0.112355,0.3203
7512000,916.767308,1199,71,0.079670,0.3359
7514000,1033.138798,1194,82,0.125424,0.3047
7516000,1167.704302,1195,82,0.429650,0.3125
7518000,1185.066486,1207,64,0.296437,0.3047
7520000,1247.792947,1212,64,0.237497,0.2656
7522000,700.451079,1205,74,0.026012,0.2344
7524000,825.556203,1195,78,0.061566,0.2891
7526000,911.455191,1186,85,0.091430,0.3125
7528000,869.390251,1191,69,0.058804,0.3203
7530000,862.246451,1187,70,0.054214,0.2812
7532000,868.918012,1202,68,0.043207,0.3281
7534000,832.615815,1200,78,0.053972,0.3750
7536000,862.593102,1201,72,0.056066,0.3750
7538000,856.831751,1182,88,0.057287,0.2891
7540000,895.195462,1189,89,0.097957,0.3281
7542000,844.647015,1169,80,0.078860,0.3516
7544000,963.273100,1197,71,0.351730,0.3125
7546000,1050.887084,1187,86,0.346481,0.4141
7548000,1046.428159,1190,75,0.290905,0.3594
7550000,1046.972400,1196,78,0.284325,0.3438
7552000,1062.742455,1196,82,0.339881,0.2734
7554000,1061.792863,1195,68,0.342718,0.2578
7556000,1052.180300,1179,72,0.346806,0.3203
7558000,987.592747,1204,69,0.187509,0.3594
7560000,992.154310,1222,68,0.162851,0.2188
7562000,1000.542494,1211,81,0.245531,0.3203
7564000,974.060000,1193,81,0.257240,0.2891
7566000,957.034318,1221,59,0.293104,0.2969
7568000,916.419983,1214,61,0.243318,0.2266
7570000,924.544787,1232,62,0.170137,0.3516
7572000,927.021515,1205,64,0.177513,0.2656
7574000,868.137295,1206,65,0.043608,0.2656
7576000,1014.731095,1197,77,0.289488,0.3828
7578000,1037.672355,1192,73,0.315624,0.2891
7580000,1054.669543,1199,71,0.315345,0.3438
7582000,1027.214094,1183,69,0.335963,0.2422
7584000,906.416491,1177,76,0.134831,0.3203
7586000,933.211854,1179,76,0.082544,0.3516
7588000,1039.505590,1183,79,0.270744,0.3281
7590000,914.916262,1190,81,0.170496,0.2656
7592000,962.313614,1212,62,0.061472,0.2969
7594000,950.087239,1213,72,0.128465,0.2578
7596000,1132.191543,1213,67,0.128984,0.3203
7598000,1119.262310,1218,60,0.081481,0.4219
7600000,1109.832855,1208,64,0.080282,0.2734
7602000,1134.004627,1211,65,0.075906,0.2891
7604000,827.975100,1173,78,0.086641,0.2578
7606000,837.489451,1213,65,0.044762,0.2734
7608000,823.967139,1206,64,0.047344,0.3125
7610000,813.528775,1223,50,0.037985,0.2656
7612000,1012.585660,1204,67,0.017811,0.2812
7614000,1028.402615,1218,74,0.047582,0.2578
7616000,1042.722014,1202,71,0.047839,0.2500
7618000,1117.672142,1202,68,0.009167,0.3047
7620000,1164.271975,1213,60,0.082638,0.3047
7622000,884.222790,1180,66,0.302228,0.3203
7624000,891.678990,1189,75,0.127357,0.2891
7626000,1119.413319,1189,74,0.320088,0.2969
7628000,1134.481928,1212,52,0.468092,0.2344
7630000,1139.783875,1208,67,0.404235,0.2500
7632000,1128.764875,1200,68,0.402077,0.3125
7634000,1028.903984,1195,77,0.379229,0.3750
7636000,1006.698743,1191,78,0.354294,0.3047
7638000,799.791694,1209,64,0.165527,0.3203
7640000,818.806854,1210,75,0.240124,0.2500
7642000,842.674367,1209,67,0.262084,0.3359
7644000,851.301935,1193,78,0.117832,0.2500
7646000,1143.731388,1180,77,0.020170,0.2500
7648000,1069.589359,1176,75,0.394253,0.3125
7650000,1215.570903,1187,65,0.475394,0.2812
7652000,1040.419976,1212,58,0.284993,0.2422
7654000,1068.441215,1214,71,0.285607,0.2812
7656000,1004.975527,1216,57,0.328458,0.2891
7658000,914.576875,1206,68,0.210799,0.2891
7660000,906.779219,1185,63,0.215073,0.2812
7662000,996.953691,1220,55,0.271695,0.2578
7664000,1033.348054,1219,57,0.356793,0.3516
7666000,1042.463094,1203,82,0.192463,0.2344
7668000,1097.136007,1183,69,0.430861,0.3203
7670000,1115.397584,1191,68,0.461848,0.2266
7672000,733.261776,1167,95,0.065048,0.3984
7674000,774.674000,1210,75,0.035494,0.2344
7676000,746.315676,1198,74,0.166368,0.3594
7678000,807.420079,1205,79,0.156465,0.3672
7680000,811.886904,1215,71,0.139647,0.2188
7682000,807.943654,1214,61,0.130572,0.2812
7684000,772.421870,1183,64,0.219807,0.3125
7686000,768.000571,1189,68,0.208610,0.2969
7688000,801.948550,1214,65,0.191495,0.3203
7690000,815.911615,1193,78,0.129664,0.2734
7692000,837.029868,1204,73,0.175775,0.2969
7694000,883.668419,1204,68,0.199053,0.3203
7696000,869.148815,1203,77,0.276257,0.3828
7698000,928.469363,1212,62,0.298000,0.4141
7700000,918.292318,1184,77,0.286852,0.2422
7702000,933.985819,1233,70,0.183564,0.2578
7704000,903.007875,1202,75,0.217071,0.3516
7706000,904.900395,1199,84,0.108255,0.3984
7708000,910.086646,1189,87,0.093290,0.3125
7710000,1110.716812,1196,82,0.102285,0.2344
7712000,1112.513958,1164,86,0.151063,0.3438
7714000,959.303336,1200,64,0.332199,0.3125
7716000,960.653315,1209,69,0.296760,0.3125
7718000,971.207734,1223,63,0.313584,0.3203
7720000,1033.216851,1206,74,0.232079,0.3672
7722000,1050.230854,1189,71,0.101306,0.3281
7724000,899.394220,1178,87,0.114005,0.2812
7726000,891.250591,1209,58,0.105785,0.3828
7728000,864.459518,1187,80,0.143003,0.3438
7730000,866.724700,1177,81,0.135329,0.3672
7732000,848.492339,1204,65,0.094262,0.2812
7734000,818.647630,1194,72,0.054067,0.2734
7736000,1087.395934,1212,67,0.122347,0.2344
7738000,914.161336,1217,60,0.191849,0.3203
7740000,854.516550,1232,57,0.192982,0.3672
7742000,857.520479,1218,53,0.196812,0.2969
7744000,859.344375,1215,75,0.111360,0.2734
7746000,883.502991,1189,68,0.010349,0.3906
7748000,839.428511,1166,85,0.014845,0.2969
7750000,1075.807163,1169,76,0.099808,0.2266
7752000,1072.321184,1179,91,0.097501,0.3750
7754000,935.982339,1168,79,0.010342,0.3125
7756000,1058.910459,1188,67,0.013901,0.2734
7758000,1117.207975,1170,82,0.354131,0.2891
7760000,1104.468112,1167,80,0.341400,0.3203
7762000,892.295030,1175,77,0.148224,0.3672
7764000,905.106208,1176,79,0.174517,0.2969
7766000,937.410654,1183,73,0.232811,0.2500
7768000,940.211382,1195,74,0.234756,0.3516
7770000,922.972780,1182,75,0.238801,0.2266
7772000,935.378622,1178,80,0.183190,0.2656
7774000,1053.362867,1164,72,0.353213,0.2891
7776000,1184.649848,1181,77,0.418941,0.3047
7778000,1120.519575,1199,64,0.467829,0.2578
7780000,931.998094,1214,68,0.345652,0.3047
7782000,908.547736,1187,82,0.313721,0.3594
7784000,891.220543,1205,65,0.311492,0.2656
7786000,913.390315,1214,68,0.033540,0.2188
7788000,961.264102,1206,81,0.355362,0.3047
7790000,976.775838,1208,61,0.361261,0.1641
7792000,1006.362060,1196,79,0.365088,0.2812
7794000,1112.838083,1186,88,0.459996,0.3047
7796000,1038.263816,1203,69,0.399508,0.2656
7798000,753.129944,1193,72,0.111438,0.2734
7800000,725.864075,1187,72,0.096280,0.3125
7802000,771.159623,1168,88,0.111772,0.3125
7804000,772.889932,1172,97,0.103751,0.3125
7806000,784.618475,1187,84,0.081572,0.3281
7808000,752.707046,1185,81,0.056106,0.2891
7810000,757.067852,1224,71,0.067370,0.2734
7812000,734.844895,1208,70,0.061057,0.2500
7814000,731.919995,1217,68,0.077640,0.2891
7816000,738.151723,1207,68,0.075219,0.3281
7818000,725.641110,1184,75,0.065037,0.2812
7820000,736.098063,1174,72,0.062736,0.3203
7822000,753.937351,1198,81,0.019690,0.3203
7824000,767.191583,1211,79,0.021100,0.2031
7826000,712.404379,1183,85,0.030510,0.3047
7828000,715.812472,1198,77,0.034919,0.3281
7830000,740.714520,1190,73,0.028756,0.2344
7832000,829.488470,1184,84,0.038585,0.3281
7834000,742.441875,1197,83,0.017812,0.2734
7836000,734.457759,1211,68,0.014942,0.2344
7838000,741.879950,1201,80,0.011683,0.3438
7840000,724.059950,1184,88,0.008043,0.2812
7842000,692.379310,1201,83,0.026903,0.3359
7844000,704.167336,1200,81,0.019479,0.2656
7846000,705.495374,1218,63,0.016179,0.2734
7848000,694.735695,1197,70,0.007267,0.3203
7850000,718.753027,1196,78,0.017464,0.3281
7852000,742.610678,1191,82,0.020806,0.2812
7854000,746.351375,1187,76,0.022476,0.2344
7856000,762.798375,1194,70,0.024652,0.2734
7858000,746.903888,1185,68,0.037909,0.3047
7860000,735.251191,1182,66,0.020897,0.2734
7862000,745.215920,1201,66,0.014930,0.2969
7864000,751.230807,1218,69,0.015281,0.2891
7866000,749.436582,1223,69,0.020203,0.2969
7868000,721.545007,1226,65,0.020432,0.3125
7870000,738.708367,1207,76,0.013458,0.2656
7872000,745.334703,1190,75,0.014791,0.2578
7874000,765.595420,1196,77,0.022876,0.3125
7876000,831.262755,1206,73,0.088568,0.3359
7878000,822.392603,1195,83,0.077280,0.2969
7880000,838.935998,1192,64,0.033071,0.2500
7882000,843.644320,1180,63,0.024373,0.2734
7884000,840.867398,1175,72,0.025827,0.3438
7886000,842.592863,1187,78,0.025295,0.3047
7888000,966.363784,1200,86,0.123381,0.2891
7890000,889.121318,1186,82,0.173242,0.2656
7892000,880.458550,1198,76,0.081996,0.2969
7894000,872.745382,1182,72,0.079949,0.2578
7896000,918.387868,1203,77,0.196378,0.3359
7898000,1077.953611,1195,78,0.484355,0.3203
7900000,1023.670579,1174,89,0.365360,0.3359
7902000,1069.264451,1173,92,0.375872,0.2812
7904000,1147.074572,1174,85,0.468694,0.2969
7906000,1137.412814,1184,74,0.436619,0.2734
7908000,1210.806475,1186,77,0.543261,0.2578
7910000,1169.629243,1204,60,0.483776,0.2891
7912000,966.111216,1206,71,0.183441,0.2656
7914000,858.173675,1206,79,0.189907,0.2734
7916000,872.426279,1222,60,0.207725,0.2969
7918000,908.818939,1221,63,0.224302,0.3281
7920000,928.031759,1216,63,0.272490,0.2812
7922000,1045.465016,1228,72,0.458020,0.2734
7924000,940.697910,1216,68,0.311555,0.2422
7926000,819.577148,1210,62,0.192055,0.2500
7928000,902.137294,1195,70,0.207176,0.3359
7930000,906.354488,1214,72,0.183187,0.3125
7932000,869.824646,1206,65,0.189960,0.2969
7934000,934.852719,1208,72,0.174330,0.3203
7936000,975.251244,1213,68,0.172000,0.2109
7938000,974.165511,1192,82,0.176917,0.2734
7940000,981.672142,1203,70,0.178968,0.3438
7942000,994.313180,1207,66,0.153370,0.3125
7944000,903.034351,1217,77,0.115490,0.2578
7946000,826.214422,1209,73,0.123813,0.3125
7948000,836.472214,1232,67,0.127569,0.2812
7950000,830.236956,1194,70,0.083819,0.3281
7952000,833.544275,1210,81,0.077308,0.2969
7954000,836.627830,1214,72,0.104736,0.2656
7956000,808.676755,1214,58,0.071964,0.4062
7958000,811.836639,1193,92,0.159290,0.2891
7960000,800.113494,1198,73,0.144173,0.3203
7962000,1252.540651,1202,69,0.481448,0.2344
7964000,1249.693544,1193,68,0.498692,0.2734
7966000,890.112955,1197,77,0.292292,0.2891
7968000,941.310731,1199,71,0.340533,0.3672
7970000,858.827147,1206,72,0.239363,0.3047
7972000,859.432310,1199,67,0.191686,0.3203
7974000,873.096767,1216,76,0.212197,0.3594
7976000,883.339159,1226,76,0.179886,0.2578
7978000,872.458891,1189,69,0.143939,0.2734
7980000,882.139267,1205,61,0.169753,0.2812
7982000,863.079735,1200,72,0.050443,0.2500
7984000,1078.071159,1195,71,0.136744,0.2734
7986000,1059.029603,1224,63,0.124246,0.2188
7988000,1059.111047,1220,73,0.128040,0.2812
7990000,1039.963607,1216,77,0.140565,0.2969
7992000,977.037020,1222,64,0.106101,0.2891
7994000,1012.947387,1217,69,0.111450,0.2109
7996000,962.109679,1188,82,0.125815,0.2656
7998000,1266.959280,1198,87,0.264930,0.2500
8000000,1186.352571,1201,71,0.229548,0.2656
8002000,1177.301007,1219,57,0.236930,0.2422
8004000,872.597070,1200,66,0.099108,0.2969
8006000,868.332923,1212,65,0.096673,0.2812
8008000,812.959000,1206,77,0.001724,0.3047
8010000,815.679800,1189,89,0.004866,0.4141
8012000,821.941790,1179,78,0.034817,0.3203
8014000,835.489278,1195,81,0.038376,0.3438
8016000,839.409343,1202,78,0.038516,0.3672
8018000,819.951100,1170,97,0.034619,0.2656
8020000,846.611075,1196,79,0.103891,0.3516
8022000,825.404195,1206,64,0.085171,0.2969
8024000,821.647838,1185,87,0.080115,0.2734
8026000,868.080926,1189,75,0.055576,0.2891
8028000,806.769795,1183,77,0.068407,0.3672
8030000,788.454302,1186,79,0.075719,0.2969
8032000,797.289196,1181,82,0.102147,0.3672
8034000,799.188003,1175,82,0.099212,0.2812
8036000,799.333868,1181,74,0.100914,0.3125
8038000,1112.888830,1200,76,0.441550,0.2422
8040000,1115.533180,1195,77,0.404223,0.2734
8042000,1255.759695,1165,83,0.459528,0.2812
8044000,1152.574247,1178,87,0.083122,0.3516
8046000,1375.546064,1198,70,0.174356,0.3281
8048000,1509.461260,1173,75,0.158506,0.2891
8050000,1621.364998,1187,74,0.354763,0.2969
8052000,1044.779911,1166,81,0.271125,0.3047
8054000,1173.609302,1177,72,0.040443,0.2969
8056000,1096.447574,1153,94,0.098569,0.3359
8058000,1066.008350,1175,69,0.055604,0.2969
8060000,1058.873580,1166,76,0.069146,0.3438
8062000,1045.948135,1163,83,0.073501,0.3047
8064000,1005.064199,1183,61,0.180236,0.2344
8066000,1267.601718,1185,68,0.315493,0.2734
8068000,1242.226192,1185,86,0.378163,0.2578
8070000,1209.295883,1182,77,0.413931,0.2891
8072000,1025.148092,1175,81,0.209600,0.2812
8074000,1193.212115,1178,78,0.371743,0.3984
8076000,1145.106199,1183,82,0.394534,0.3047
8078000,1174.174016,1203,76,0.470519,0.2578
8080000,1235.500764,1221,57,0.464103,0.2344
8082000,1170.281183,1208,66,0.472028,0.2891
8084000,1136.004678,1220,65,0.333758,0.3203
8086000,1156.338680,1223,64,0.330625,0.2656
8088000,1144.522379,1217,68,0.369451,0.2812
8090000,1143.018486,1210,72,0.436067,0.3047
8092000,1089.411291,1196,68,0.392205,0.2891
8094000,1069.546062,1206,69,0.402380,0.2812
8096000,966.596947,1226,61,0.313081,0.2734
8098000,940.318195,1218,48,0.299547,0.3047
8100000,955.130631,1205,60,0.159318,0.3438
8102000,966.727888,1170,85,0.142717,0.2578
8104000,927.956927,1179,81,0.102143,0.3203
8106000,1109.410590,1204,92,0.354711,0.3203
8108000,1011.430259,1195,86,0.321917,0.3516
8110000,1163.677758,1234,58,0.443350,0.2344
8112000,1086.789731,1199,82,0.423562,0.3047
8114000,1112.310700,1234,70,0.441643,0.3516
8116000,1144.970176,1248,60,0.462421,0.3750
8118000,1093.840654,1263,56,0.443770,0.2188
8120000,1212.230824,1246,67,0.499979,0.2734
8122000,1147.760854,1260,54,0.474292,0.2031
8124000,1138.452467,1230,51,0.417967,0.2344
8126000,995.675751,1210,69,0.430816,0.2578
8128000,946.541382,1217,62,0.359801,0.2344
8130000,1003.759975,1199,86,0.438987,0.2891
8132000,1020.647779,1226,68,0.553308,0.2422
8134000,1017.103260,1228,64,0.568619,0.2734
8136000,1027.470942,1236,67,0.544495,0.2031
8138000,1053.426635,1206,78,0.532862,0.2422
8140000,1037.974075,1203,71,0.461730,0.2734
8142000,1099.609280,1205,76,0.497333,0.3203
8144000,1339.499163,1185,83,0.540172,0.2891
8146000,1029.614136,1199,70,0.478422,0.2266
8148000,1030.233435,1220,60,0.496547,0.2891
8150000,1440.987011,1196,72,0.530630,0.3203
8152000,1387.931196,1213,75,0.528503,0.3281
8154000,1391.490110,1215,71,0.525284,0.2969
8156000,1398.476488,1203,74,0.566827,0.3281
8158000,929.231292,1193,79,0.253208,0.2969
8160000,866.591559,1194,74,0.175758,0.3438
8162000,951.396342,1188,84,0.444668,0.3203
8164000,944.227699,1196,78,0.128636,0.3594
8166000,901.691615,1188,64,0.147330,0.2578
8168000,854.014191,1196,67,0.181627,0.2266
8170000,934.498063,1186,79,0.209562,0.2656
8172000,993.120334,1228,63,0.125902,0.3047
8174000,1009.371000,1233,64,0.109988,0.2500
8176000,1010.824599,1226,65,0.093956,0.3047
8178000,1025.690779,1236,69,0.191272,0.2812
8180000,1004.155950,1212,74,0.200313,0.3438
8182000,1388.884174,1241,66,0.593844,0.2891
8184000,1406.973150,1217,58,0.623218,0.2031
8186000,1113.446291,1235,57,0.435450,0.2422
8188000,1217.373484,1207,68,0.542241,0.2500
8190000,1087.776611,1184,90,0.355499,0.3750
8192000,1048.367964,1197,75,0.392416,0.3203
8194000,941.509567,1211,77,0.249061,0.2734
8196000,998.827975,1236,61,0.270380,0.2422
8198000,1022.155742,1210,64,0.427029,0.2891
8200000,900.293212,1230,61,0.255406,0.2656
8202000,883.816575,1184,84,0.271811,0.3594
8204000,857.560360,1204,79,0.234433,0.2812
8206000,1157.895228,1216,63,0.468637,0.2734
8208000,1206.372126,1198,74,0.519794,0.3281
8210000,1091.439731,1198,72,0.447219,0.3047
8212000,1079.017020,1189,82,0.460759,0.3672
8214000,981.543190,1202,78,0.361194,0.3047
8216000,951.826211,1215,74,0.340058,0.2578
8218000,887.341483,1220,67,0.392168,0.2656
8220000,990.032435,1188,86,0.485753,0.3750
8222000,906.042166,1175,79,0.412317,0.2422
8224000,896.894768,1187,69,0.208600,0.3594
8226000,925.478092,1182,88,0.177346,0.3281
8228000,915.566387,1177,77,0.175145,0.3750
8230000,950.012531,1169,85,0.165625,0.2812
8232000,934.104471,1153,85,0.182980,0.2734
8234000,840.185260,1175,82,0.192592,0.3750
8236000,869.830003,1176,79,0.149496,0.3125
8238000,884.535875,1200,69,0.144353,0.2969
8240000,908.042655,1219,61,0.139908,0.3125
8242000,844.374700,1207,70,0.219442,0.1953
8244000,829.437596,1200,68,0.197948,0.2812
8246000,793.675155,1215,63,0.196653,0.2422
8248000,1149.104600,1183,68,0.457119,0.2188
8250000,946.738348,1193,62,0.179904,0.3203
8252000,971.188643,1176,72,0.165680,0.3047
8254000,1091.415075,1181,64,0.360031,0.2812
8256000,982.256248,1177,75,0.241494,0.3047
8258000,966.054871,1184,75,0.242009,0.3672
8260000,1028.072923,1190,58,0.268673,0.2656
8262000,799.781910,1201,69,0.116923,0.2812
8264000,880.415772,1189,72,0.195622,0.3125
8266000,905.811423,1205,56,0.214073,0.2578
8268000,786.055375,1178,73,0.077656,0.3516
8270000,747.180507,1163,76,0.119784,0.4219
8272000,781.155655,1174,82,0.141727,0.3672
8274000,791.629164,1162,91,0.125787,0.3359
8276000,852.707648,1175,90,0.171705,0.3125
8278000,795.252299,1196,69,0.102995,0.2969
8280000,779.637052,1195,72,0.282575,0.3125
8282000,851.310199,1183,71,0.093832,0.3359
8284000,857.693655,1199,70,0.225335,0.3281
8286000,858.484240,1193,75,0.036625,0.3750
8288000,905.235415,1177,78,0.016932,0.3281
8290000,861.793420,1202,66,0.080885,0.3047
8292000,878.910155,1216,69,0.125456,0.3516
8294000,1008.285292,1204,75,0.198325,0.3594
8296000,929.430175,1194,56,0.154915,0.2578
8298000,919.458287,1191,63,0.146148,0.2812
8300000,876.024616,1221,49,0.001127,0.2500
8302000,959.294592,1219,65,0.089011,0.2891
8304000,970.859790,1208,63,0.089258,0.3047
8306000,868.951395,1218,68,0.104307,0.2266
8308000,841.958556,1200,63,0.090462,0.2266
8310000,976.082295,1206,69,0.293808,0.2812
8312000,1048.964443,1195,59,0.363589,0.2266
8314000,1040.823675,1207,69,0.361697,0.3281
8316000,930.415064,1220,67,0.076673,0.2891
8318000,978.736022,1192,76,0.153168,0.3203
8320000,1013.222352,1194,85,0.185606,0.3047
8322000,1024.682087,1186,80,0.166026,0.2734
8324000,981.615916,1198,82,0.185114,0.3438
8326000,1006.200471,1213,76,0.198248,0.3359
8328000,964.400975,1204,73,0.130342,0.3047
8330000,886.361047,1169,76,0.086534,0.2734
8332000,875.572607,1179,91,0.048128,0.3047
8334000,887.673500,1180,82,0.051497,0.2812
8336000,904.255000,1168,89,0.065694,0.2734
8338000,941.150931,1171,81,0.109179,0.3203
8340000,907.527355,1185,75,0.206162,0.2109
8342000,907.469494,1199,74,0.234436,0.2500
8344000,910.956227,1182,85,0.214787,0.3125
8346000,884.385960,1190,88,0.187674,0.2578
8348000,881.052060,1194,84,0.285591,0.2578
8350000,910.582995,1193,82,0.314906,0.3125
8352000,938.243286,1204,77,0.259726,0.2109
8354000,922.959519,1194,91,0.270989,0.3359
8356000,935.241275,1208,85,0.286665,0.2500
8358000,935.377267,1213,75,0.226517,0.3594
8360000,970.634175,1224,62,0.109223,0.2656
8362000,915.384630,1207,71,0.231106,0.2344
8364000,905.973351,1190,73,0.219551,0.2812
8366000,918.072479,1214,66,0.192473,0.2656
8368000,900.577798,1191,72,0.190786,0.3516
8370000,885.576283,1197,75,0.148356,0.2734
8372000,909.783387,1209,60,0.123419,0.2422
8374000,905.920879,1216,53,0.166900,0.2344
8376000,934.901767,1201,65,0.297898,0.3047
8378000,975.710140,1178,81,0.094748,0.2734
8380000,907.435736,1169,77,0.129287,0.2891
8382000,923.265131,1208,59,0.124658,0.2734
8384000,939.447919,1168,87,0.102710,0.3047
8386000,1024.895406,1194,78,0.305943,0.3672
8388000,996.413550,1185,81,0.255067,0.3281
8390000,968.238750,1188,76,0.170499,0.3438
8392000,927.134839,1182,68,0.190458,0.2891
8394000,981.010956,1205,74,0.130027,0.3984
8396000,814.427187,1208,68,0.084907,0.3047
8398000,822.044028,1202,72,0.055626,0.2734
8400000,872.713868,1220,62,0.095733,0.2656
8402000,878.662051,1218,60,0.094252,0.3438
8404000,827.358475,1202,65,0.099804,0.2578
8406000,856.681116,1206,62,0.137820,0.2266
8408000,827.142294,1202,72,0.098946,0.3203
8410000,829.540108,1203,68,0.102614,0.1953
8412000,827.310796,1187,82,0.154309,0.2969
8414000,840.682374,1192,91,0.183091,0.2344
8416000,820.418791,1190,77,0.172283,0.2500
8418000,787.976567,1165,75,0.168447,0.2734
8420000,765.863036,1166,82,0.134728,0.3047
8422000,770.709032,1162,92,0.197694,0.2891
8424000,785.197500,1161,82,0.206143,0.3047
8426000,913.818303,1171,89,0.427372,0.2734
8428000,751.644534,1175,73,0.222842,0.3594
8430000,826.059352,1155,71,0.313055,0.2734
8432000,878.096984,1161,78,0.357330,0.3359
8434000,893.683084,1172,75,0.374737,0.3828
8436000,871.147247,1183,82,0.391104,0.2891
8438000,932.741382,1186,88,0.424708,0.2891
8440000,954.326435,1206,67,0.400944,0.2578
8442000,965.355350,1217,60,0.423605,0.3047
8444000,980.164823,1209,69,0.447800,0.2422
8446000,983.821900,1210,80,0.477652,0.4453
8448000,939.958382,1195,80,0.367259,0.2891
8450000,927.234839,1189,69,0.329898,0.2891
8452000,903.594467,1182,79,0.317543,0.3125
8454000,903.640979,1188,69,0.305796,0.2734
8456000,913.783835,1191,79,0.351066,0.2656
8458000,908.812435,1193,70,0.335236,0.2891
8460000,934.492270,1192,76,0.327405,0.3203
8462000,970.908875,1191,74,0.317304,0.3750
8464000,976.955895,1183,65,0.318809,0.2734
8466000,1010.182550,1202,81,0.294537,0.3047
8468000,1034.421475,1184,92,0.262094,0.3359
8470000,1050.731839,1196,65,0.313978,0.3047
8472000,956.454908,1184,72,0.197802,0.2891
8474000,862.328880,1197,78,0.255353,0.2969
8476000,871.647039,1201,67,0.256604,0.3203
8478000,855.026044,1198,71,0.257738,0.2500
8480000,831.406576,1197,64,0.026013,0.2734
8482000,805.608759,1220,66,0.160772,0.2891
8484000,814.430806,1236,55,0.148239,0.2031
8486000,803.453427,1214,62,0.159980,0.2812
8488000,800.413679,1220,63,0.196282,0.3047
8490000,729.194055,1182,72,0.123644,0.2109
8492000,750.163727,1187,72,0.081660,0.2734
8494000,739.879215,1180,67,0.104282,0.3125
8496000,899.031454,1169,74,0.299093,0.3359
8498000,852.634303,1182,84,0.222166,0.3203
8500000,856.198871,1179,79,0.227703,0.2109
8502000,804.031950,1184,81,0.244544,0.2109
8504000,824.574086,1175,80,0.315752,0.3203
8506000,836.745323,1175,76,0.324658,0.2891
8508000,854.312635,1172,84,0.326935,0.3047
8510000,895.300539,1198,67,0.362671,0.2891
8512000,873.519287,1188,65,0.400948,0.3438
8514000,954.990510,1185,70,0.491270,0.2891
8516000,912.660604,1192,66,0.426440,0.2969
8518000,892.762615,1178,72,0.420089,0.3281
8520000,819.094195,1184,70,0.351719,0.3438
8522000,815.610523,1143,85,0.349861,0.3281
8524000,820.748819,1162,75,0.353565,0.3359
8526000,803.070951,1139,95,0.329048,0.3594
8528000,829.512444,1140,100,0.374852,0.3125
8530000,847.504063,1182,81,0.139788,0.3281
8532000,855.881699,1203,61,0.122586,0.2969
8534000,904.428703,1179,82,0.198455,0.3594
8536000,856.142652,1169,79,0.186719,0.2812
8538000,848.367840,1159,96,0.176969,0.2344
8540000,1181.199438,1180,73,0.500062,0.3047
8542000,911.227007,1183,72,0.163157,0.3203
8544000,951.949318,1173,73,0.481424,0.2812
8546000,938.286487,1193,67,0.481257,0.3125
8548000,935.625527,1175,81,0.453196,0.2656
8550000,821.521550,1178,75,0.238121,0.3984
8552000,787.635640,1193,70,0.055268,0.3359
8554000,787.378775,1169,84,0.168024,0.2734
8556000,715.416747,1148,89,0.067987,0.3047
8558000,817.480635,1175,86,0.171421,0.3359
8560000,820.215526,1194,65,0.195251,0.3125
8562000,762.906966,1196,70,0.088195,0.3438
8564000,760.338204,1181,73,0.101923,0.3281
8566000,765.570376,1151,95,0.093468,0.3516
8568000,875.081727,1179,84,0.216624,0.2969
8570000,814.750979,1195,78,0.212425,0.3359
8572000,782.837095,1211,77,0.166143,0.3516
8574000,816.957779,1201,81,0.213182,0.2031
8576000,826.544700,1162,98,0.029193,0.3125
8578000,816.683055,1183,102,0.081522,0.3750
8580000,871.196140,1189,77,0.036179,0.3906
8582000,847.600860,1205,74,0.023740,0.3047
8584000,867.630255,1191,81,0.050848,0.3281
8586000,848.542432,1185,76,0.051374,0.2891
8588000,781.226126,1191,74,0.052737,0.2578
8590000,835.728275,1176,82,0.050441,0.3047
8592000,823.817244,1167,82,0.048798,0.3438
8594000,834.919814,1192,68,0.053935,0.2969
8596000,797.296540,1178,81,0.082902,0.2891
8598000,778.817628,1183,65,0.172802,0.2266
8600000,694.000035,1181,63,0.158559,0.3594
8602000,714.215279,1190,69,0.176448,0.3359
8604000,734.791335,1167,80,0.159316,0.2969
8606000,735.974524,1174,80,0.085158,0.2969
8608000,824.217350,1198,66,0.145360,0.3438
8610000,792.664391,1167,75,0.134349,0.2812
8612000,803.653175,1162,70,0.099385,0.3281
8614000,779.685014,1151,82,0.059200,0.3828
8616000,730.944747,1162,85,0.064352,0.3281
8618000,890.487835,1169,66,0.087299,0.3203
8620000,948.780286,1160,77,0.101230,0.2344
8622000,888.952575,1147,79,0.061368,0.3359
8624000,944.323295,1159,73,0.004176,0.2578
8626000,1000.996175,1179,78,0.214747,0.2656
8628000,923.048387,1163,80,0.003357,0.3281
8630000,750.195555,1173,76,0.212252,0.3125
8632000,761.615150,1163,94,0.205320,0.3750
8634000,779.615595,1158,86,0.146619,0.3203
8636000,766.802531,1177,84,0.270529,0.2969
8638000,825.804334,1182,88,0.267882,0.3281
8640000,819.439439,1216,68,0.290153,0.3047
8642000,826.969510,1202,73,0.303361,0.2422
8644000,870.625275,1199,81,0.345279,0.2812
8646000,1071.074859,1220,63,0.384122,0.3359
8648000,1085.076630,1208,75,0.297150,0.3203
8650000,1046.312118,1208,69,0.412033,0.2500
8652000,1020.503820,1174,76,0.410661,0.3047
8654000,1011.966151,1172,87,0.415946,0.3594
8656000,1024.256483,1183,77,0.391780,0.2344
8658000,1048.780780,1193,65,0.422311,0.2578
8660000,1020.917315,1193,71,0.428304,0.3047
8662000,1012.626510,1189,77,0.408437,0.4062
8664000,1052.938648,1196,73,0.441545,0.3125
8666000,1030.742931,1182,70,0.145717,0.2656
8668000,1073.667215,1172,80,0.379513,0.3984
8670000,1090.177711,1162,86,0.383515,0.3281
8672000,1084.745304,1190,72,0.354433,0.3906
8674000,745.728326,1172,83,0.058254,0.3672
8676000,759.909751,1188,72,0.080452,0.3125
8678000,793.789804,1190,62,0.058424,0.2578
8680000,792.204863,1197,65,0.073101,0.3125
8682000,804.712899,1188,81,0.204369,0.3047
8684000,726.443799,1170,76,0.099089,0.2656
8686000,740.757279,1179,82,0.116824,0.3281
8688000,720.771695,1192,76,0.093600,0.2969
8690000,700.214635,1200,76,0.099130,0.2734
8692000,704.826006,1175,76,0.104570,0.3125
8694000,685.835148,1178,86,0.107110,0.3203
8696000,836.772735,1175,80,0.199885,0.2344
8698000,863.341955,1178,91,0.195345,0.3047
8700000,894.518495,1184,70,0.230231,0.2656
8702000,894.695054,1188,75,0.229388,0.2734
8704000,867.672375,1181,93,0.200418,0.3516
8706000,860.736350,1209,75,0.200427,0.2812
8708000,856.185110,1187,75,0.213131,0.3516
8710000,853.114067,1218,68,0.278967,0.2734
8712000,857.914534,1213,73,0.302057,0.2969
8714000,794.090031,1203,80,0.185204,0.3672
8716000,779.980000,1207,77,0.189451,0.3203
8718000,772.681859,1196,66,0.169589,0.2812
8720000,722.426091,1197,70,0.050607,0.2891
8722000,682.277015,1183,79,0.083646,0.3281
8724000,743.668091,1170,72,0.167751,0.2734
8726000,731.165195,1180,74,0.168995,0.3359
8728000,737.142334,1157,92,0.171698,0.4062
8730000,674.697395,1155,73,0.076977,0.2734
8732000,679.332655,1160,90,0.087363,0.2812
8734000,814.169150,1186,74,0.153288,0.2812
8736000,880.340800,1194,76,0.120294,0.2266
8738000,877.423230,1181,66,0.114439,0.3203
8740000,912.374326,1177,79,0.106490,0.3203
8742000,929.556295,1202,58,0.096261,0.2500
8744000,905.419102,1197,65,0.092396,0.3125
8746000,911.930647,1186,75,0.131135,0.3672
8748000,1103.304278,1187,85,0.039479,0.3438
8750000,983.951022,1193,71,0.146400,0.3281
8752000,1226.579462,1188,84,0.240096,0.3203
8754000,1150.213443,1172,91,0.067897,0.3359
8756000,1011.630295,1194,71,0.098914,0.3203
8758000,961.414959,1202,70,0.037858,0.3203
8760000,816.709815,1206,65,0.044818,0.2969
8762000,938.290566,1208,67,0.202027,0.3125
8764000,835.108736,1190,68,0.151871,0.3047
8766000,859.720918,1180,71,0.091542,0.3203
8768000,846.849598,1197,69,0.120778,0.2656
8770000,775.454934,1197,85,0.072923,0.2656
8772000,769.912867,1198,79,0.115733,0.3594
8774000,773.982559,1220,60,0.087971,0.2344
8776000,766.416270,1215,71,0.053329,0.2188
8778000,788.841782,1202,76,0.180125,0.2734
8780000,811.445694,1211,79,0.167522,0.3359
8782000,870.212192,1207,60,0.171586,0.3047
8784000,826.860694,1192,78,0.161925,0.3125
8786000,995.219838,1192,80,0.269717,0.3438
8788000,986.479935,1200,76,0.386561,0.3125
8790000,1133.110950,1187,74,0.410873,0.3672
8792000,1149.927616,1187,81,0.419360,0.2891
8794000,1117.526063,1169,86,0.387768,0.3125
8796000,988.556510,1171,83,0.380238,0.3125
8798000,1005.045704,1185,69,0.374334,0.2812
8800000,1169.922542,1221,67,0.258316,0.2109
8802000,1091.947230,1225,78,0.322031,0.2969
8804000,1032.886806,1220,71,0.309437,0.2656
8806000,1123.927568,1194,66,0.300395,0.3594
8808000,1014.340375,1209,57,0.338663,0.2891
8810000,1132.397710,1200,74,0.484183,0.3047
8812000,929.450103,1209,69,0.148150,0.2891
8814000,882.548219,1219,60,0.154684,0.2891
8816000,869.686815,1190,67,0.158996,0.2969
8818000,880.477070,1207,67,0.176553,0.2734
8820000,888.585643,1217,64,0.178152,0.2422
8822000,1065.092539,1218,57,0.261056,0.2578
8824000,1052.749195,1200,62,0.300192,0.2578
8826000,1373.463640,1200,74,0.639638,0.3047
8828000,1159.796886,1195,71,0.521104,0.2969
8830000,1190.917712,1187,71,0.539871,0.3047
8832000,1224.437679,1196,65,0.574887,0.2812
8834000,1323.341231,1187,63,0.638486,0.2891
8836000,1121.894803,1203,74,0.412464,0.2578
8838000,1147.399815,1206,74,0.396896,0.3125
8840000,1178.376172,1202,66,0.393687,0.2422
8842000,1355.900670,1194,59,0.494129,0.2734
8844000,980.571215,1202,62,0.035594,0.2891
8846000,960.451014,1212,57,0.077117,0.2734
8848000,1053.440270,1168,82,0.152103,0.2656
8850000,1058.388075,1170,80,0.134606,0.3125
8852000,847.313743,1184,71,0.079040,0.2500
8854000,819.767772,1153,72,0.051108,0.3125
8856000,893.466430,1180,85,0.121521,0.2891
8858000,886.541500,1187,81,0.135536,0.2891
8860000,920.557343,1196,66,0.224605,0.3594
8862000,885.636750,1189,72,0.193319,0.3203
8864000,865.780311,1196,85,0.129291,0.3359
8866000,871.401046,1177,95,0.126282,0.3984
8868000,921.886747,1192,75,0.141795,0.2969
8870000,1061.644764,1179,85,0.303559,0.2812
8872000,1055.761575,1169,85,0.302312,0.2969
8874000,1071.640635,1182,75,0.305103,0.2656
8876000,1364.253115,1199,61,0.653543,0.2656
8878000,1127.626495,1180,75,0.297752,0.3281
8880000,1113.866823,1217,61,0.288475,0.2734
8882000,1240.560014,1204,64,0.402072,0.3125
8884000,1050.182704,1198,76,0.189474,0.3672
8886000,1055.174334,1179,91,0.223487,0.3203
8888000,1003.300967,1180,83,0.194771,0.3047
8890000,1289.614299,1201,77,0.561064,0.3125
8892000,970.218651,1165,89,0.180931,0.3672
8894000,958.002270,1184,77,0.205452,0.2656
8896000,1173.319496,1192,81,0.254657,0.3125
8898000,1067.775755,1192,73,0.270636,0.2812
8900000,1032.056088,1168,69,0.115385,0.3047
8902000,1255.853079,1165,86,0.443352,0.3672
8904000,1014.593595,1155,90,0.241404,0.3438
8906000,1014.597640,1163,76,0.235433,0.2734
8908000,1024.434350,1163,81,0.180038,0.1953
8910000,1116.391886,1148,91,0.164657,0.3438
8912000,1182.936502,1147,80,0.343399,0.3984
8914000,994.987339,1156,75,0.213004,0.3359
8916000,1025.273080,1183,68,0.153932,0.3125
8918000,1039.618759,1175,74,0.173443,0.2656
8920000,1198.346227,1184,72,0.320764,0.3359
8922000,1219.766099,1182,69,0.303576,0.2656
8924000,1154.132571,1183,80,0.269150,0.2812
8926000,1083.087318,1186,72,0.218567,0.2734
8928000,981.527870,1182,77,0.152771,0.2734
8930000,1001.111784,1179,65,0.098603,0.2500
8932000,995.837835,1171,82,0.069945,0.3984
8934000,816.231095,1176,73,0.078395,0.2969
8936000,1008.390684,1182,77,0.001106,0.2891
8938000,1006.439548,1179,75,0.001716,0.1875
8940000,1009.485790,1198,71,0.003152,0.2812
8942000,984.098040,1217,56,0.000662,0.2500
8944000,1042.745788,1205,61,0.005836,0.2734
8946000,1014.711311,1184,67,0.008618,0.2500
8948000,876.877027,1193,66,0.030145,0.3438
8950000,870.465150,1226,57,0.019915,0.2891
8952000,905.863563,1220,64,0.023261,0.2500
8954000,845.519270,1219,66,0.052655,0.2422
8956000,839.438550,1216,70,0.055084,0.2422
8958000,852.404812,1222,57,0.041815,0.2891
8960000,838.003100,1192,74,0.113655,0.2578
8962000,846.317235,1191,75,0.116793,0.3047
8964000,906.150971,1195,75,0.254969,0.3125
8966000,820.320950,1192,77,0.122753,0.3359
8968000,810.580351,1170,94,0.089878,0.2734
8970000,805.044720,1170,77,0.094357,0.3047
8972000,808.297660,1175,85,0.087958,0.3047
8974000,795.315308,1182,73,0.041376,0.2109
8976000,828.146268,1185,66,0.230410,0.2500
8978000,1002.050120,1192,73,0.234268,0.2969
8980000,818.660259,1204,66,0.227201,0.3047
8982000,1003.932376,1205,67,0.232045,0.2422
8984000,923.521299,1186,66,0.192636,0.2656
8986000,942.155339,1198,71,0.192326,0.2656
8988000,919.207670,1193,68,0.099971,0.2500
8990000,976.540790,1187,83,0.131905,0.3672
8992000,931.316127,1190,88,0.175372,0.2266
8994000,922.655011,1176,86,0.132653,0.3281
8996000,878.472739,1193,77,0.048921,0.3359
8998000,861.748940,1171,69,0.075817,0.2109
9000000,882.599691,1174,78,0.099871,0.2422
9002000,1012.445799,1183,91,0.066658,0.3594
9004000,977.997435,1189,68,0.028158,0.2812
9006000,953.499084,1178,68,0.046418,0.2812
9008000,969.080231,1181,80,0.087498,0.3828
9010000,994.706523,1215,75,0.045073,0.2109
9012000,1126.616531,1192,81,0.119307,0.2656
9014000,1112.229880,1192,84,0.126864,0.3281
9016000,1072.842000,1212,65,0.056939,0.2656
9018000,1078.678862,1211,66,0.119925,0.2812
9020000,1105.684126,1201,75,0.146160,0.3438
9022000,1117.698279,1192,75,0.151938,0.2578
9024000,1097.968830,1200,77,0.061543,0.2891
9026000,1078.110742,1195,76,0.020354,0.2812
9028000,1109.427775,1212,68,0.014596,0.2734
9030000,1268.180875,1188,80,0.090365,0.2891
9032000,1216.513848,1184,81,0.080698,0.3047
9034000,1017.921870,1200,65,0.269074,0.2188
9036000,848.950523,1206,63,0.096846,0.3516
9038000,927.803406,1212,74,0.107634,0.3281
9040000,958.673336,1200,74,0.131693,0.2812
9042000,963.362443,1208,74,0.143849,0.2812
9044000,952.034743,1186,75,0.138352,0.3047
9046000,930.861271,1209,89,0.119485,0.3359
9048000,914.487192,1207,74,0.125690,0.2578
9050000,926.356460,1174,81,0.107120,0.3516
9052000,903.435198,1195,93,0.149478,0.2812
9054000,907.153455,1217,72,0.117992,0.3047
9056000,897.232215,1223,70,0.205599,0.2422
9058000,920.324867,1229,71,0.014703,0.2891
9060000,887.553150,1218,65,0.032675,0.2734
9062000,992.684011,1203,69,0.005894,0.3672
9064000,1023.500803,1206,63,0.023842,0.2812
9066000,1215.232039,1201,74,0.151810,0.3438
9068000,1072.835456,1202,73,0.050107,0.2422
9070000,1142.425926,1185,71,0.118859,0.3984
9072000,1389.840144,1181,87,0.299560,0.2969
9074000,1407.019110,1187,72,0.306546,0.3203
9076000,1350.958695,1168,81,0.121002,0.3594
9078000,1130.664763,1189,72,0.028500,0.3438
9080000,984.567702,1202,66,0.110236,0.2578
9082000,1072.398160,1206,61,0.019621,0.2188
9084000,1089.766896,1184,75,0.018916,0.3438
9086000,1117.350547,1203,72,0.027166,0.2812
9088000,980.530391,1191,75,0.009496,0.2891
9090000,1141.593942,1217,59,0.174363,0.2969
9092000,1366.681075,1212,73,0.404116,0.3047
9094000,1439.650800,1181,75,0.400921,0.2891
9096000,1396.643291,1206,78,0.103927,0.2891
9098000,1590.336288,1202,82,0.334704,0.2891
9100000,1621.469120,1186,77,0.406334,0.2656
9102000,903.212232,1161,88,0.052355,0.3750
9104000,900.259950,1190,84,0.052033,0.3125
9106000,909.011784,1190,85,0.057327,0.3438
9108000,942.187854,1208,73,0.068763,0.3125
9110000,1609.631420,1234,58,0.303218,0.2188
9112000,1112.982911,1227,55,0.392771,0.2188
9114000,1112.487030,1224,62,0.383428,0.2969
9116000,1175.805676,1214,72,0.238780,0.3594
9118000,1202.852000,1215,75,0.257286,0.2578
9120000,1080.694494,1206,83,0.239222,0.2266
9122000,1110.419795,1206,70,0.267569,0.3594
9124000,1082.898758,1187,82,0.266762,0.3203
9126000,1037.112246,1205,80,0.344054,0.3438
9128000,1034.481887,1175,98,0.348886,0.3203
9130000,1077.972367,1190,73,0.306923,0.2578
9132000,1215.274551,1186,66,0.391583,0.2734
9134000,1210.747095,1185,83,0.362469,0.2656
9136000,1093.632172,1210,64,0.292109,0.2734
9138000,1005.128515,1178,78,0.175294,0.3672
9140000,1035.657675,1202,70,0.236666,0.2422
9142000,1067.464070,1189,73,0.219765,0.3750
9144000,940.141211,1191,85,0.043081,0.3125
9146000,905.113755,1186,79,0.015816,0.2734
9148000,852.000755,1200,70,0.000447,0.2812
9150000,811.469383,1204,63,0.028124,0.2578
9152000,814.471550,1221,62,0.039728,0.2344
9154000,845.553718,1194,73,0.047463,0.2578
9156000,854.199782,1197,62,0.045009,0.2891
9158000,854.671856,1188,74,0.065335,0.3516
9160000,860.695691,1204,60,0.065899,0.2812
9162000,872.913139,1204,54,0.047272,0.3281
9164000,831.913174,1180,78,0.096639,0.2969
9166000,821.619431,1165,73,0.086789,0.3047
9168000,816.523334,1164,76,0.094035,0.2578
9170000,826.425550,1168,79,0.101148,0.2578
9172000,838.316055,1172,78,0.118643,0.2734
9174000,781.915790,1161,73,0.139076,0.2812
9176000,780.793000,1160,76,0.204823,0.3047
9178000,753.306279,1136,88,0.208870,0.3438
9180000,700.888815,1139,92,0.041283,0.3906
9182000,1039.058390,1163,99,0.244356,0.3047
9184000,973.785180,1182,80,0.197011,0.3750
9186000,1022.145478,1202,65,0.273908,0.2188
9188000,1015.371750,1215,65,0.268862,0.3281
9190000,769.593750,1199,79,0.052623,0.3125
9192000,757.277067,1216,79,0.043480,0.2734
9194000,751.081056,1197,87,0.045980,0.2578
9196000,763.442380,1230,62,0.045278,0.2891
9198000,887.046732,1219,63,0.153302,0.2344
9200000,861.728760,1215,69,0.102365,0.2422
9202000,897.252011,1239,67,0.425097,0.3047
9204000,966.031800,1258,53,0.380995,0.3203
9206000,951.347926,1224,66,0.300269,0.3359
9208000,970.695190,1210,76,0.318809,0.3203
9210000,962.159935,1226,61,0.340981,0.2500
9212000,963.757167,1222,59,0.213562,0.2891
9214000,956.345400,1217,57,0.198823,0.2969
9216000,1008.569775,1212,67,0.223805,0.3281
9218000,982.209680,1231,59,0.153758,0.2891
9220000,913.884950,1231,65,0.062399,0.2422
9222000,916.034960,1211,60,0.047060,0.3125
9224000,1004.944855,1204,78,0.149715,0.3984
9226000,1005.404675,1212,81,0.102866,0.2969
9228000,952.992803,1236,51,0.042266,0.2969
9230000,863.508087,1209,79,0.036176,0.3125
9232000,907.106156,1220,65,0.037746,0.2109
9234000,873.037744,1211,69,0.047854,0.2734
9236000,843.913816,1233,64,0.007809,0.2188
9238000,791.727795,1235,71,0.015747,0.3203
9240000,789.824135,1220,60,0.013816,0.2891
9242000,995.873867,1207,71,0.491337,0.2969
9244000,1081.097059,1224,61,0.350127,0.3047
9246000,1088.007326,1213,77,0.370096,0.2891
9248000,1004.987695,1199,66,0.338645,0.3359
9250000,877.448723,1210,54,0.260261,0.3203
9252000,882.544110,1195,75,0.288105,0.2891
9254000,874.960350,1187,73,0.297509,0.2891
9256000,934.611019,1202,77,0.429391,0.3594
9258000,890.904638,1183,80,0.444419,0.3203
9260000,702.436639,1159,84,0.186927,0.3438
9262000,696.814027,1188,79,0.179202,0.3203
9264000,731.107175,1193,67,0.183089,0.2656
9266000,702.984038,1200,79,0.174483,0.2578
9268000,692.776355,1192,82,0.170387,0.3281
9270000,734.454700,1210,64,0.129457,0.2734
9272000,805.096375,1188,76,0.216004,0.2891
9274000,736.579055,1180,72,0.191475,0.3047
9276000,736.816251,1178,83,0.206323,0.2812
9278000,735.251663,1182,72,0.225339,0.2500
9280000,724.572795,1181,75,0.170083,0.2891
9282000,718.335507,1181,80,0.180552,0.2812
9284000,774.970524,1194,70,0.180185,0.3359
9286000,899.841142,1205,62,0.192212,0.2500
9288000,900.402071,1212,58,0.189356,0.2344
9290000,918.567995,1217,61,0.155063,0.2578
9292000,819.941227,1209,56,0.033815,0.2734
9294000,810.709310,1241,56,0.080584,0.2891
9296000,826.756076,1200,65,0.089864,0.2969
9298000,880.397350,1196,75,0.179256,0.2969
9300000,858.143918,1208,71,0.218971,0.2969
9302000,865.991327,1177,81,0.168388,0.3594
9304000,868.363571,1177,80,0.180095,0.3438
9306000,873.447086,1169,73,0.161661,0.3203
9308000,1201.487475,1188,79,0.168003,0.3438
9310000,1270.442800,1174,82,0.265833,0.3203
9312000,912.747899,1182,70,0.202452,0.2891
9314000,912.069984,1168,79,0.184450,0.3281
9316000,867.392731,1193,80,0.199331,0.2891
9318000,987.703219,1166,88,0.123234,0.2891
9320000,1090.385007,1148,89,0.068132,0.3125
9322000,1095.715211,1146,88,0.235725,0.3047
9324000,911.772318,1149,96,0.050518,0.3828
9326000,950.675470,1181,76,0.031034,0.2734
9328000,959.208630,1166,98,0.059496,0.3281
9330000,1147.884070,1202,68,0.232693,0.3672
9332000,991.638438,1187,76,0.059135,0.3594
9334000,973.541244,1199,78,0.065607,0.2266
9336000,1083.134510,1198,75,0.202295,0.3203
9338000,885.151151,1198,73,0.102472,0.3828
9340000,891.884780,1195,57,0.100807,0.2422
9342000,905.235678,1201,56,0.098998,0.3047
9344000,830.808800,1187,84,0.142041,0.3516
9346000,838.794931,1189,83,0.169537,0.3750
9348000,858.612156,1188,73,0.201646,0.2734
9350000,894.088911,1164,72,0.189871,0.3281
9352000,817.100976,1164,100,0.180318,0.3047
9354000,996.255471,1172,84,0.319232,0.2891
9356000,913.746440,1162,83,0.271419,0.2422
9358000,898.442807,1172,86,0.268426,0.3203
9360000,912.689267,1165,88,0.265977,0.3438
9362000,872.193900,1154,82,0.297129,0.2500
9364000,891.994940,1176,81,0.290150,0.2109
9366000,745.663200,1185,68,0.128323,0.2578
9368000,733.302374,1190,65,0.085085,0.2656
9370000,734.430822,1187,63,0.099851,0.3125
9372000,744.072988,1167,80,0.088900,0.3281
9374000,886.276006,1170,89,0.149732,0.2734
9376000,1148.951766,1163,79,0.453723,0.3359
9378000,1145.786627,1182,68,0.491809,0.2188
9380000,1080.764019,1185,65,0.464699,0.3047
9382000,790.068590,1188,67,0.129308,0.3047
9384000,811.119575,1217,70,0.094141,0.3125
9386000,814.792854,1193,75,0.128136,0.2812
9388000,841.964995,1193,74,0.141591,0.2578
9390000,814.852700,1165,83,0.111302,0.3438
9392000,838.806694,1173,84,0.090974,0.3594
9394000,836.866635,1194,80,0.091652,0.3984
9396000,837.492990,1180,79,0.092367,0.3750
9398000,849.680448,1200,66,0.090946,0.2500
9400000,854.543163,1197,69,0.103531,0.3125
9402000,957.140843,1201,69,0.235535,0.2891
9404000,991.921200,1202,66,0.313206,0.3359
9406000,859.463736,1185,67,0.068820,0.2578
9408000,898.370943,1186,66,0.087626,0.2969
9410000,891.958943,1188,78,0.071711,0.2891
9412000,936.459243,1180,75,0.261531,0.3281
9414000,924.748711,1167,92,0.185702,0.2812
9416000,886.767699,1207,68,0.165963,0.2812
9418000,860.969255,1198,76,0.159336,0.2500
9420000,886.090768,1188,77,0.131671,0.3125
9422000,896.049343,1194,73,0.138890,0.2891
9424000,910.005135,1188,76,0.181252,0.3125
9426000,993.214446,1198,81,0.253357,0.3047
9428000,1021.056078,1202,74,0.264480,0.2500
9430000,1092.930751,1207,74,0.260721,0.2969
9432000,817.913516,1201,79,0.034082,0.2734
9434000,775.048583,1188,80,0.007618,0.3125
9436000,764.917719,1182,72,0.011395,0.1719
9438000,761.614460,1174,81,0.015758,0.2891
9440000,1065.452875,1191,85,0.167891,0.3281
9442000,1054.941276,1183,81,0.174625,0.2969
9444000,947.600750,1153,97,0.064214,0.3828
9446000,973.743995,1173,71,0.032342,0.3281
9448000,925.063040,1169,82,0.055189,0.3438
9450000,941.347640,1184,65,0.063104,0.2734
9452000,919.559259,1177,75,0.042120,0.3516
9454000,1145.515191,1181,74,0.202975,0.3438
9456000,1323.311430,1164,79,0.260167,0.2891
9458000,1029.785932,1184,64,0.170607,0.2578
9460000,1056.304515,1198,74,0.075939,0.2188
9462000,874.366790,1216,65,0.100305,0.2578
9464000,858.704175,1207,61,0.090593,0.2656
9466000,847.768446,1203,69,0.067995,0.3984
9468000,884.119951,1203,72,0.090687,0.2266
9470000,853.817820,1215,76,0.091121,0.4062
9472000,792.706190,1217,80,0.057555,0.3125
9474000,816.997243,1218,71,0.070156,0.2891
9476000,800.267244,1229,76,0.053843,0.3594
9478000,774.110855,1236,58,0.062105,0.2109
9480000,775.181294,1232,65,0.077575,0.2109
9482000,791.784763,1226,64,0.081142,0.3281
9484000,767.273127,1201,85,0.089684,0.3906
9486000,813.849391,1214,67,0.121615,0.2891
9488000,825.996571,1220,57,0.112441,0.3281
9490000,912.838750,1203,59,0.280534,0.2266
9492000,913.859839,1199,71,0.271741,0.3047
9494000,899.880775,1171,77,0.276849,0.4141
9496000,899.682071,1176,72,0.306265,0.2891
9498000,878.863334,1170,74,0.136873,0.3828
9500000,1094.445083,1185,85,0.296137,0.2656
9502000,1114.052044,1212,58,0.296155,0.3594
9504000,1010.997772,1178,65,0.215642,0.3047
9506000,998.962838,1195,68,0.206409,0.3203
9508000,984.949127,1172,76,0.247026,0.3516
9510000,989.317799,1171,81,0.252792,0.2031
9512000,968.389200,1165,93,0.193647,0.3359
9514000,1057.836176,1188,71,0.363607,0.2969
9516000,1176.463455,1177,72,0.137745,0.2891
9518000,1142.647711,1176,62,0.220258,0.3203
9520000,1140.030918,1184,84,0.139549,0.3906
9522000,1146.961664,1201,67,0.108659,0.2891
9524000,1323.871846,1182,80,0.202533,0.3359
9526000,1116.337135,1168,92,0.142583,0.2891
9528000,1136.916599,1192,74,0.373001,0.3438
9530000,1057.873555,1183,76,0.415539,0.3359
9532000,1077.742395,1199,68,0.423219,0.2656
9534000,1155.713195,1189,73,0.332003,0.1953
9536000,1230.734390,1163,93,0.194698,0.3203
9538000,1250.466750,1162,91,0.189123,0.3672
9540000,950.497183,1163,102,0.079287,0.3203
9542000,786.963887,1185,77,0.054129,0.3203
9544000,972.392352,1183,79,0.050263,0.2734
9546000,1109.470220,1179,80,0.331230,0.3516
9548000,1158.315612,1184,71,0.335162,0.2500
9550000,1176.484827,1186,70,0.305653,0.3281
9552000,1056.357047,1175,85,0.103336,0.2656
9554000,955.588875,1219,51,0.268052,0.2969
9556000,860.955832,1214,72,0.206500,0.2969
9558000,887.424711,1215,57,0.100865,0.2188
9560000,868.395751,1218,73,0.105428,0.3047
9562000,840.348880,1223,69,0.231529,0.3125
9564000,857.358907,1221,73,0.253120,0.3750
9566000,820.928175,1221,63,0.189646,0.3359
9568000,820.947134,1227,56,0.186792,0.2656
9570000,819.572508,1219,68,0.199371,0.2969
9572000,807.507488,1223,73,0.149718,0.1953
9574000,923.616299,1238,55,0.218182,0.2500
9576000,894.464099,1239,48,0.259144,0.2734
9578000,888.860751,1223,57,0.197328,0.2734
9580000,866.323671,1229,59,0.148643,0.2578
9582000,856.437558,1213,70,0.223254,0.1797
9584000,796.692622,1209,63,0.172915,0.2422
9586000,784.936060,1215,72,0.107429,0.2969
9588000,798.465395,1230,61,0.130255,0.2812
9590000,885.953500,1221,62,0.360417,0.2500
9592000,859.390135,1211,67,0.327900,0.3125
9594000,857.921670,1224,70,0.343496,0.3047
9596000,843.344279,1194,75,0.309181,0.2969
9598000,895.723260,1209,67,0.321003,0.2734
9600000,922.147799,1205,75,0.315623,0.3516
9602000,870.247804,1191,78,0.318303,0.3438
9604000,881.013111,1203,74,0.291228,0.2422
9606000,894.618979,1188,74,0.297935,0.3359
9608000,972.958975,1208,63,0.291390,0.3047
9610000,847.818400,1220,71,0.248648,0.1641
9612000,925.386855,1211,73,0.273989,0.3828
9614000,903.206662,1211,69,0.240184,0.3281
9616000,827.478383,1210,76,0.277876,0.2812
9618000,882.381463,1208,70,0.283917,0.2344
9620000,925.069595,1195,87,0.343961,0.3594
9622000,861.166751,1217,67,0.169413,0.2812
9624000,934.428043,1233,60,0.274705,0.2891
9626000,929.267055,1232,66,0.337337,0.2109
9628000,874.904806,1238,54,0.249334,0.2656
9630000,866.286908,1225,68,0.253518,0.3047
9632000,821.332118,1199,78,0.211966,0.2344
9634000,853.600927,1213,60,0.183060,0.2734
9636000,835.818742,1209,63,0.197673,0.2891
9638000,885.599815,1226,58,0.135240,0.3359
9640000,846.198335,1206,64,0.129676,0.3438
9642000,882.722598,1199,76,0.170842,0.2344
9644000,803.800979,1206,65,0.207475,0.2656
9646000,825.138942,1214,58,0.148762,0.2656
9648000,855.866534,1217,68,0.211973,0.3359
9650000,844.482303,1214,77,0.216439,0.3281
9652000,824.809760,1217,72,0.218268,0.2422
9654000,853.911127,1209,69,0.250688,0.3203
9656000,813.732070,1221,63,0.210465,0.2422
9658000,810.197950,1219,76,0.158783,0.2422
9660000,831.384616,1198,73,0.195681,0.3125
9662000,820.960163,1211,77,0.298020,0.2422
9664000,818.557339,1192,78,0.303450,0.3281
9666000,818.214574,1183,84,0.286450,0.3281
9668000,782.627063,1215,75,0.191606,0.2656
9670000,787.152859,1213,76,0.090025,0.2266
9672000,774.678040,1209,68,0.090944,0.2500
9674000,791.106598,1211,52,0.088123,0.3281
9676000,771.775411,1191,64,0.095782,0.2188
9678000,763.115699,1175,68,0.079679,0.3047
9680000,731.393080,1164,83,0.063754,0.2422
9682000,729.894840,1193,75,0.074221,0.2812
9684000,724.621715,1198,76,0.068758,0.2734
9686000,743.415307,1170,72,0.041134,0.3203
9688000,740.250652,1186,68,0.031459,0.2109
9690000,729.876748,1206,68,0.031983,0.2734
9692000,604.176304,1198,70,0.039730,0.2969
9694000,632.612488,1213,69,0.032059,0.2422
9696000,739.026835,1206,81,0.067289,0.3281
9698000,773.955440,1234,56,0.057445,0.2109
9700000,759.867475,1222,68,0.089314,0.3203
9702000,764.368367,1196,70,0.087881,0.3672
9704000,734.144855,1206,71,0.036069,0.3203
9706000,726.571484,1209,73,0.019818,0.2734
9708000,762.601774,1178,81,0.014517,0.3281
9710000,747.719939,1186,88,0.065434,0.2812
9712000,753.252798,1193,80,0.069914,0.2812
9714000,767.623820,1185,84,0.101830,0.3203
9716000,1057.020607,1194,76,0.444331,0.3203
9718000,985.613331,1215,76,0.430202,0.2891
9720000,845.818424,1205,75,0.116751,0.2812
9722000,676.807612,1211,66,0.018329,0.2656
9724000,740.938504,1191,78,0.092890,0.2734
9726000,814.058679,1188,80,0.157433,0.2344
9728000,812.356707,1196,84,0.132637,0.3594
9730000,836.351815,1198,81,0.140635,0.3750
9732000,904.565387,1196,75,0.193853,0.2734
9734000,896.843927,1194,78,0.099848,0.2891
9736000,795.629340,1190,83,0.082036,0.3125
9738000,811.946795,1197,75,0.117991,0.3281
9740000,813.552022,1185,70,0.101368,0.2422
9742000,789.362767,1196,90,0.083055,0.3516
9744000,745.885327,1193,75,0.123320,0.3047
9746000,748.599926,1216,62,0.125917,0.2109
9748000,794.904700,1206,61,0.097517,0.2578
9750000,749.695651,1184,72,0.104914,0.2734
9752000,747.800111,1177,64,0.108457,0.3203
9754000,672.096675,1188,76,0.125860,0.2422
9756000,670.686414,1191,67,0.147662,0.2812
9758000,664.201248,1187,77,0.151586,0.3672
9760000,650.611123,1190,69,0.141147,0.2812
9762000,674.232891,1182,73,0.188751,0.2109
9764000,729.567688,1173,68,0.175957,0.3594
9766000,736.624899,1173,76,0.182714,0.3828
9768000,782.438270,1176,77,0.146798,0.3516
9770000,780.049931,1197,59,0.170151,0.2812
9772000,764.670835,1175,80,0.162574,0.3203
9774000,762.878184,1162,71,0.156605,0.2969
9776000,748.863299,1122,96,0.166662,0.3359
9778000,855.234608,1144,77,0.457154,0.3359
9780000,881.364099,1163,95,0.279606,0.3359
9782000,910.699055,1183,76,0.352339,0.2734
9784000,950.702847,1180,75,0.367447,0.2500
9786000,945.373720,1164,84,0.388925,0.3984
9788000,836.994867,1148,95,0.252163,0.3594
9790000,761.047080,1179,76,0.049489,0.3125
9792000,786.828063,1164,80,0.245783,0.2969
9794000,802.394715,1177,72,0.249235,0.3438
9796000,745.668575,1159,78,0.129579,0.2969
9798000,811.742467,1196,81,0.148822,0.2891
9800000,983.443884,1209,65,0.350264,0.2578
9802000,813.719542,1201,72,0.123242,0.3281
9804000,930.088440,1203,72,0.309249,0.2500
9806000,808.777070,1176,86,0.282324,0.2500
9808000,833.219982,1178,74,0.257946,0.2969
9810000,729.738000,1164,76,0.299513,0.2109
9812000,761.877150,1166,78,0.364192,0.3672
9814000,891.161039,1190,80,0.373075,0.3438
9816000,900.433539,1207,68,0.325601,0.2656
9818000,903.077740,1205,73,0.311684,0.3125
9820000,902.036678,1210,77,0.324626,0.2109
9822000,936.592320,1202,68,0.315996,0.3359
9824000,916.453128,1220,50,0.313917,0.2656
9826000,916.818494,1220,58,0.324129,0.2891
9828000,919.172795,1210,54,0.323331,0.3047
9830000,886.712655,1231,58,0.317966,0.3438
9832000,1074.548267,1229,66,0.295419,0.3281
9834000,1100.059590,1217,71,0.315339,0.3281
9836000,1450.972300,1198,76,0.592133,0.2656
9838000,1457.556919,1209,68,0.594524,0.3594
9840000,1285.585174,1221,73,0.443939,0.3047
9842000,1287.297854,1235,66,0.395597,0.2812
9844000,1416.887975,1235,72,0.525058,0.2734
9846000,1393.126614,1265,65,0.487410,0.3203
9848000,1431.351932,1232,69,0.613927,0.2734
9850000,1262.388299,1228,63,0.546296,0.2812
9852000,1287.236883,1205,78,0.566929,0.3281
9854000,1281.963791,1197,77,0.559680,0.2656
9856000,1254.997219,1193,65,0.542358,0.3125
9858000,1182.309387,1218,65,0.483953,0.3281
9860000,1326.273155,1214,67,0.487312,0.2500
9862000,1301.268672,1192,72,0.308710,0.2734
9864000,1319.430926,1203,85,0.273173,0.2734
9866000,1484.720531,1230,71,0.496950,0.3125
9868000,1458.708598,1230,64,0.555602,0.3438
9870000,1487.389950,1227,67,0.520916,0.2422
9872000,989.551406,1229,66,0.333385,0.2578
9874000,1047.638915,1258,59,0.317949,0.2344
9876000,964.444847,1245,65,0.232860,0.2734
9878000,982.351843,1261,65,0.224444,0.2812
9880000,960.083703,1250,62,0.172844,0.3828
9882000,1008.820334,1232,67,0.161007,0.2891
9884000,1286.942339,1207,88,0.013873,0.3750
9886000,1246.532982,1209,74,0.256895,0.2500
9888000,1001.028635,1200,80,0.007806,0.3125
9890000,1057.139063,1207,66,0.019588,0.2578
9892000,1069.940422,1221,58,0.108720,0.2734
9894000,1051.872795,1195,88,0.131166,0.2969
9896000,969.819147,1204,75,0.024486,0.3750
9898000,1000.340339,1210,70,0.048625,0.3047
9900000,946.548956,1198,67,0.004582,0.3359
9902000,982.685768,1196,70,0.005932,0.2969
9904000,987.694459,1211,56,0.000724,0.3047
9906000,982.584467,1212,73,0.011475,0.2422
9908000,985.470702,1201,77,0.000182,0.2500
9910000,980.618236,1208,67,0.012416,0.2578
9912000,975.064198,1186,82,0.010192,0.2812
9914000,942.582540,1201,75,0.013889,0.2578
9916000,933.054163,1191,66,0.011753,0.3594
9918000,849.739880,1186,77,0.003566,0.3438
9920000,960.063270,1213,72,0.145043,0.3359
9922000,971.514092,1218,73,0.169077,0.2969
9924000,1074.903326,1183,70,0.094710,0.2891
9926000,1062.840896,1197,67,0.009816,0.2812
9928000,975.784443,1194,70,0.020327,0.3047
9930000,858.377920,1193,77,0.025989,0.3359
9932000,884.185451,1206,74,0.057785,0.2734
9934000,892.942379,1204,65,0.050032,0.2422
9936000,1076.348716,1206,54,0.082629,0.2812
9938000,790.110195,1186,75,0.210846,0.2969
9940000,791.237382,1188,83,0.242360,0.2500
9942000,804.196854,1214,58,0.039871,0.2344
9944000,847.155702,1200,82,0.119508,0.2109
9946000,796.004240,1203,76,0.080858,0.3047
9948000,865.892624,1214,71,0.101465,0.3281
9950000,899.828171,1204,68,0.132042,0.2578
9952000,932.520358,1201,75,0.180497,0.3359
9954000,900.828528,1176,76,0.161558,0.3125
9956000,861.459099,1170,72,0.074493,0.3047
9958000,879.230396,1198,78,0.074737,0.3828
9960000,876.572942,1215,72,0.075982,0.2734
9962000,804.130367,1219,83,0.043267,0.2266
9964000,825.322015,1211,83,0.028712,0.2734
9966000,943.329318,1205,63,0.090348,0.3125
9968000,983.335235,1195,75,0.079429,0.3516
9970000,966.336360,1205,66,0.073373,0.3125
9972000,1116.446611,1202,62,0.173283,0.2500
9974000,984.929995,1200,67,0.181994,0.2734
9976000,980.545299,1190,81,0.155470,0.2891
9978000,1106.866876,1199,69,0.101385,0.2969
9980000,1058.128375,1194,64,0.098900,0.2344
9982000,1044.017004,1179,94,0.083856,0.3906
9984000,1176.837863,1196,70,0.330606,0.2578
9986000,935.471830,1193,74,0.099832,0.2578
9988000,828.738307,1165,78,0.114866,0.3281
9990000,823.482796,1175,73,0.146837,0.3203
9992000,991.101847,1191,73,0.059387,0.2578
9994000,995.622000,1202,76,0.056550,0.3750
9996000,887.104048,1205,70,0.202534,0.3047
9998000,824.534075,1195,64,0.152286,0.2891
10000000,829.961219,1215,66,0.145825,0.3359
10002000,930.156631,1208,81,0.175560,0.2734
10004000,886.593543,1214,72,0.153948,0.2734
10006000,1065.649534,1219,61,0.131056,0.3203
10008000,983.841948,1212,60,0.157463,0.2266
10010000,959.684331,1194,68,0.151034,0.3125
10012000,955.433846,1223,56,0.229754,0.2578
10014000,846.007660,1198,63,0.208698,0.3516
10016000,886.520115,1203,61,0.226259,0.2891
10018000,962.139598,1206,66,0.356423,0.2656
10020000,908.091375,1195,76,0.286268,0.3125
10022000,1035.789740,1184,63,0.249449,0.3672
10024000,940.415107,1187,58,0.117975,0.2734
10026000,994.475711,1167,75,0.132470,0.3438
10028000,972.794643,1171,75,0.318764,0.3516
10030000,924.682547,1166,81,0.167864,0.2656
10032000,875.376638,1163,88,0.203460,0.3203
10034000,761.986475,1175,97,0.138385,0.3438
10036000,796.856638,1200,77,0.138613,0.3281
10038000,733.354415,1194,67,0.080262,0.3672
10040000,727.893175,1200,68,0.060398,0.2891
10042000,765.375447,1188,79,0.127917,0.2734
10044000,799.475272,1194,69,0.139800,0.3047
10046000,756.800560,1202,62,0.071384,0.2656
10048000,734.336790,1193,74,0.054613,0.2500
10050000,745.501867,1194,83,0.056580,0.2344
10052000,753.753031,1207,56,0.154197,0.2734
10054000,741.911270,1190,77,0.155807,0.3516
10056000,732.935126,1176,80,0.146905,0.3438
10058000,757.447030,1180,77,0.159312,0.3359
10060000,748.439851,1181,79,0.186446,0.3359
10062000,720.603608,1190,73,0.068145,0.2344
10064000,746.673200,1190,78,0.104023,0.3047
10066000,734.653055,1175,73,0.107615,0.2422
10068000,714.649155,1162,83,0.092352,0.3281
10070000,707.364272,1156,77,0.078638,0.3203
10072000,681.135759,1150,87,0.053137,0.3828
10074000,673.391838,1184,69,0.035512,0.2891
10076000,634.680678,1180,74,0.011267,0.2422
10078000,639.253635,1184,68,0.011097,0.2734
10080000,654.426931,1208,69,0.022494,0.2812
10082000,697.955703,1213,70,0.033978,0.3047
10084000,693.187750,1202,62,0.030028,0.2500
10086000,658.939054,1197,65,0.013084,0.2734
10088000,655.932131,1187,68,0.031139,0.3125
10090000,611.964775,1208,55,0.015056,0.2969
10092000,632.277558,1192,76,0.041604,0.2734
10094000,609.761883,1185,75,0.042562,0.3281
10096000,619.760643,1189,78,0.034575,0.3438
10098000,612.649548,1177,71,0.026597,0.3359
10100000,645.364131,1165,81,0.010404,0.3047
10102000,656.583367,1179,81,0.012454,0.2578
10104000,655.468636,1176,72,0.017322,0.2891
10106000,660.485260,1218,76,0.006466,0.3203
10108000,713.577016,1220,71,0.008403,0.3359
10110000,793.872199,1226,68,0.381282,0.2266
10112000,736.525596,1204,81,0.290808,0.3047
10114000,715.809675,1217,66,0.072843,0.2578
10116000,696.800303,1220,61,0.084643,0.2891
10118000,736.828390,1193,75,0.163539,0.2891
10120000,742.678678,1195,67,0.161126,0.2812
10122000,730.361963,1190,77,0.174867,0.2891
10124000,727.952006,1182,81,0.174540,0.2891
10126000,745.555747,1186,72,0.165192,0.3750
10128000,774.109404,1190,69,0.163675,0.3203
10130000,797.649327,1174,74,0.067934,0.2969
10132000,796.165910,1167,88,0.057097,0.3594
10134000,829.714131,1165,86,0.046333,0.3906
10136000,883.511175,1187,80,0.120664,0.3594
10138000,906.902691,1203,74,0.088884,0.3125
10140000,893.934027,1185,83,0.113517,0.2031
10142000,841.270159,1179,83,0.100776,0.2812
10144000,898.814775,1168,87,0.200457,0.2266
10146000,912.832478,1183,81,0.214065,0.2422
10148000,945.878687,1172,78,0.321693,0.3828
10150000,920.026059,1203,68,0.352535,0.2500
10152000,796.221947,1189,74,0.092956,0.3281
10154000,799.150760,1196,74,0.082553,0.2891
10156000,879.100110,1181,84,0.133835,0.3359
10158000,874.048838,1204,80,0.138986,0.3438
10160000,876.197350,1206,77,0.079789,0.2812
10162000,878.015155,1223,62,0.099432,0.2578
10164000,914.928686,1203,78,0.139037,0.3047
10166000,865.638760,1198,80,0.120900,0.3438
10168000,824.468300,1191,74,0.080240,0.3125
10170000,820.243792,1181,74,0.085134,0.3359
10172000,796.998838,1176,83,0.091943,0.3281
10174000,863.526479,1192,86,0.094608,0.3125
10176000,888.385950,1193,67,0.166024,0.2812
10178000,907.492486,1198,71,0.142631,0.2969
10180000,942.256351,1197,92,0.129740,0.2812
10182000,989.408638,1205,85,0.082169,0.3672
10184000,947.711510,1182,83,0.112919,0.3281
10186000,853.590207,1200,76,0.048920,0.3281
10188000,850.481100,1192,73,0.098883,0.3438
10190000,831.833510,1177,73,0.102046,0.2891
10192000,852.416000,1182,69,0.104018,0.2578
10194000,921.706886,1172,77,0.056854,0.2656
10196000,925.206976,1177,77,0.068308,0.3047
10198000,909.830172,1213,71,0.136143,0.2578
10200000,886.569023,1237,54,0.150494,0.2031
10202000,904.393255,1214,59,0.161692,0.2500
10204000,833.531795,1230,54,0.047771,0.2188
10206000,840.847614,1212,72,0.076633,0.2656
10208000,838.468751,1190,73,0.107485,0.2500
10210000,974.518503,1223,75,0.048477,0.3672
10212000,885.904559,1216,68,0.094826,0.3203
10214000,869.899819,1215,59,0.112406,0.2969
10216000,818.696118,1216,64,0.135590,0.3281
10218000,708.460015,1226,68,0.014795,0.2969
10220000,785.779099,1182,76,0.039352,0.3047
10222000,811.089607,1196,76,0.050879,0.3281
10224000,826.838750,1216,73,0.029938,0.2344
10226000,836.819219,1196,73,0.041401,0.3047
10228000,845.019767,1206,77,0.088052,0.2969
10230000,816.429726,1208,66,0.080443,0.3359
10232000,791.166187,1192,73,0.086192,0.3438
10234000,1027.828838,1201,67,0.358170,0.2656
10236000,907.146188,1219,66,0.191130,0.3047
10238000,916.877179,1206,68,0.221022,0.2734
10240000,919.420360,1191,83,0.218308,0.2422
10242000,835.963692,1208,70,0.174197,0.2578
10244000,952.394267,1212,73,0.172042,0.2422
10246000,941.671707,1182,84,0.165729,0.4062
10248000,977.187435,1187,68,0.135298,0.2969
10250000,915.353991,1205,66,0.093389,0.3047
10252000,781.796296,1195,75,0.012513,0.2891
10254000,879.111448,1192,76,0.000365,0.2734
10256000,1004.148799,1183,78,0.488948,0.2734
10258000,1014.491830,1184,82,0.485030,0.2812
10260000,1114.344435,1178,70,0.549690,0.3359
10262000,1129.637023,1187,75,0.579677,0.2891
10264000,1069.214463,1164,82,0.407519,0.2578
10266000,1039.028352,1199,72,0.397216,0.2812
10268000,1004.792651,1193,71,0.249018,0.1953
10270000,991.050335,1172,92,0.241732,0.2812
10272000,946.110832,1185,80,0.238149,0.3750
10274000,918.673275,1187,78,0.283809,0.3359
10276000,964.033251,1227,70,0.173955,0.2188
10278000,930.247200,1227,68,0.155813,0.3125
10280000,980.713459,1236,57,0.101239,0.3125
10282000,877.961558,1204,84,0.001720,0.3125
10284000,894.862702,1210,76,0.000555,0.3359
10286000,962.461171,1229,62,0.012621,0.1875
10288000,820.317967,1235,66,0.056649,0.2422
10290000,791.186630,1219,68,0.040235,0.3203
10292000,735.695863,1218,69,0.093303,0.3359
10294000,728.666876,1222,75,0.109226,0.2891
10296000,856.911183,1204,81,0.240061,0.3203
10298000,910.486875,1200,71,0.107895,0.3281
10300000,918.021100,1208,60,0.167177,0.3594
10302000,948.400684,1197,63,0.088168,0.2969
10304000,941.135470,1195,66,0.086885,0.2891
10306000,943.917638,1167,80,0.100279,0.3359
10308000,980.979678,1192,69,0.064080,0.2812
10310000,970.053163,1170,89,0.060844,0.3359
10312000,1052.612860,1180,78,0.106789,0.3359
10314000,1158.020880,1188,62,0.150066,0.2812
10316000,1051.211119,1184,79,0.111016,0.3281
10318000,953.944774,1204,67,0.005825,0.3125
10320000,980.123187,1180,94,0.008746,0.3438
10322000,967.563547,1205,71,0.023130,0.3125
10324000,919.907455,1175,83,0.051704,0.2812
10326000,939.897230,1198,75,0.014894,0.2734
10328000,1042.891955,1223,63,0.185050,0.2734
10330000,944.536539,1211,73,0.295078,0.3047
10332000,836.574342,1211,67,0.256208,0.2891
10334000,1095.814966,1210,60,0.339974,0.3203
10336000,1131.371851,1198,76,0.202877,0.2578
10338000,1180.331420,1197,71,0.248677,0.3047
10340000,1155.990572,1210,71,0.275569,0.2266
10342000,1050.442747,1212,58,0.066716,0.2422
10344000,1091.194140,1190,66,0.222299,0.2578
10346000,910.700003,1177,71,0.086292,0.2422
10348000,929.884748,1172,75,0.067999,0.3203
10350000,932.606095,1169,80,0.069327,0.2812
10352000,953.425375,1199,66,0.065942,0.3125
10354000,951.203003,1201,73,0.199930,0.2891
10356000,983.571971,1233,69,0.205735,0.2344
10358000,1030.292472,1212,69,0.079006,0.3438
10360000,1048.088638,1228,64,0.078301,0.3203
10362000,1067.645836,1230,60,0.096062,0.2734
10364000,1061.238160,1237,65,0.095846,0.3125
10366000,1054.800987,1247,66,0.104624,0.2422
10368000,1014.412736,1226,64,0.157711,0.3281
10370000,1005.549063,1224,62,0.086446,0.2500
10372000,881.025918,1202,77,0.199456,0.3281
10374000,902.482767,1206,61,0.238755,0.2734
10376000,952.743688,1204,78,0.174033,0.2266
10378000,818.422604,1201,70,0.152691,0.2734
10380000,804.460670,1189,66,0.100803,0.3359
10382000,987.182504,1177,72,0.080558,0.3516
10384000,994.804150,1182,69,0.080357,0.3125
10386000,978.879078,1184,93,0.126653,0.3438
10388000,958.891692,1192,73,0.125998,0.2656
10390000,877.068383,1188,82,0.041199,0.3594
10392000,877.103099,1179,93,0.031989,0.3438
10394000,803.602955,1159,73,0.014644,0.2969
10396000,797.176007,1179,71,0.009180,0.3281
10398000,785.900451,1191,77,0.002965,0.3047
10400000,721.206444,1170,82,0.000552,0.2891
10402000,737.110971,1177,67,0.050819,0.3203
10404000,894.568748,1178,74,0.181515,0.2812
10406000,891.800443,1220,70,0.163824,0.2500
10408000,879.756263,1229,60,0.129265,0.2656
10410000,933.703767,1247,55,0.272689,0.3750
10412000,932.445475,1208,61,0.248331,0.2109
10414000,903.838860,1207,56,0.134266,0.2578
10416000,894.009015,1206,74,0.154960,0.2656
10418000,813.419099,1200,67,0.151770,0.2734
10420000,864.728183,1203,75,0.167064,0.2969
10422000,884.535523,1193,68,0.197791,0.2188
10424000,890.876752,1171,83,0.248791,0.2891
10426000,932.895055,1187,70,0.284826,0.2812
10428000,921.121575,1195,78,0.307945,0.4531
10430000,901.429750,1171,90,0.281032,0.3906
10432000,1138.584200,1195,71,0.333140,0.2891
10434000,1174.178768,1188,68,0.541106,0.3438
10436000,1186.318035,1178,79,0.311544,0.3672
10438000,1171.861926,1186,78,0.256978,0.3438
10440000,1156.799199,1180,77,0.278668,0.2812
10442000,1127.363772,1161,96,0.325418,0.2969
10444000,1142.612935,1192,68,0.335107,0.3359
10446000,998.950515,1200,66,0.107454,0.3438
10448000,1058.181158,1196,68,0.322126,0.2812
10450000,875.817751,1195,79,0.229085,0.3828
10452000,855.910798,1213,63,0.250412,0.3125
10454000,1034.444782,1200,66,0.155227,0.2969
10456000,1032.406856,1198,72,0.169740,0.2578
10458000,1029.217775,1194,70,0.276945,0.2422
10460000,944.956023,1201,67,0.202430,0.2734
10462000,1058.221315,1224,68,0.254337,0.2734
10464000,967.055404,1191,58,0.089807,0.2422
10466000,974.631356,1201,70,0.193880,0.2422
10468000,923.066780,1217,69,0.214688,0.3203
10470000,947.791607,1211,68,0.219120,0.3359
10472000,928.460067,1188,78,0.195491,0.2812
10474000,953.717547,1167,79,0.220917,0.2891
10476000,886.154782,1166,76,0.166386,0.3281
10478000,905.829040,1165,79,0.183174,0.3516
10480000,893.986984,1168,67,0.183578,0.2734
10482000,878.638663,1164,83,0.190479,0.2969
10484000,901.576086,1178,77,0.200704,0.3281
10486000,897.211515,1193,62,0.205326,0.2891
10488000,867.760727,1206,72,0.199453,0.2344
10490000,854.990799,1189,78,0.135622,0.3125
10492000,843.300935,1188,84,0.165138,0.3438
10494000,886.453375,1187,84,0.095658,0.3203
10496000,890.697191,1203,79,0.091024,0.3594
10498000,881.349395,1200,74,0.067620,0.2812
10500000,983.590263,1199,74,0.113017,0.3125
10502000,974.198142,1196,76,0.184657,0.3281
10504000,1396.379639,1227,60,0.238601,0.2109
10506000,1231.532851,1234,61,0.032118,0.2656
10508000,1209.769847,1242,50,0.032427,0.2578
10510000,1115.834755,1226,53,0.051226,0.2891
10512000,1127.084700,1204,64,0.051680,0.2734
10514000,1162.770204,1192,68,0.304347,0.3203
10516000,1207.034615,1177,70,0.241046,0.3281
10518000,1166.545467,1199,69,0.151148,0.2422
10520000,1192.885628,1200,63,0.129623,0.2500
10522000,1137.485094,1189,72,0.049917,0.2578
10524000,1136.101528,1200,65,0.061308,0.3125
10526000,1172.159199,1225,60,0.131356,0.2344
10528000,1141.156075,1221,61,0.268443,0.2500
10530000,1247.291830,1212,69,0.179560,0.2500
10532000,1095.052127,1208,59,0.097821,0.2578
10534000,1030.857454,1209,69,0.021105,0.2734
10536000,1043.408572,1187,73,0.018176,0.2812
10538000,1305.079131,1211,67,0.154748,0.2656
10540000,1141.932350,1221,73,0.118454,0.3203
10542000,1049.969760,1202,79,0.112379,0.2656
10544000,1057.960022,1180,82,0.172568,0.3047
10546000,1072.295100,1182,74,0.112828,0.2891
10548000,1119.002739,1197,67,0.073305,0.3438
10550000,1139.618179,1212,55,0.086182,0.2656
10552000,1101.110635,1182,71,0.082957,0.2344
10554000,1115.125286,1174,76,0.255223,0.2188
10556000,1196.493552,1183,79,0.224831,0.2734
10558000,1378.973407,1183,84,0.197715,0.3594
10560000,1304.064719,1204,72,0.276024,0.2656
10562000,1257.098075,1205,74,0.349051,0.3359
10564000,1243.378375,1221,53,0.321054,0.3125
10566000,1399.012895,1205,69,0.275415,0.3281
10568000,1428.440064,1210,69,0.066013,0.2500
10570000,1111.655315,1205,76,0.074297,0.2891
10572000,1140.892702,1204,71,0.120782,0.2500
10574000,1076.729196,1201,76,0.089721,0.2734
10576000,1059.457206,1216,71,0.011689,0.3672
10578000,1014.037982,1200,81,0.007145,0.3359
10580000,1051.798878,1180,73,0.030329,0.3672
10582000,971.557887,1204,76,0.016317,0.2969
10584000,1025.671675,1214,59,0.005247,0.2578
10586000,1075.068438,1199,77,0.067886,0.3359
10588000,988.559128,1209,67,0.008757,0.3125
10590000,952.677691,1215,65,0.013112,0.3672
10592000,927.518283,1204,63,0.121265,0.2969
10594000,948.010931,1184,60,0.119623,0.2266
10596000,941.862867,1208,69,0.171467,0.2812
10598000,988.417454,1211,59,0.291315,0.3203
10600000,756.048278,1200,66,0.040092,0.3125
10602000,789.868492,1230,59,0.059335,0.2578
10604000,793.417959,1211,57,0.052180,0.2891
10606000,726.691502,1220,66,0.022014,0.2891
10608000,791.245584,1215,70,0.032917,0.2734
10610000,766.690795,1220,69,0.065129,0.2812
10612000,767.316430,1208,70,0.014608,0.2969
10614000,729.162035,1207,62,0.017517,0.3047
10616000,749.369500,1199,78,0.022355,0.3047
10618000,781.240350,1201,63,0.022732,0.2500
10620000,777.941598,1194,66,0.013441,0.3047
10622000,1188.890222,1182,75,0.454132,0.3359
10624000,900.491023,1206,75,0.167289,0.2266
10626000,870.934046,1197,70,0.103810,0.2969
10628000,854.586190,1190,73,0.104572,0.2969
10630000,786.979915,1197,76,0.028964,0.3516
10632000,780.534535,1176,84,0.027035,0.3359
10634000,779.231308,1180,78,0.073888,0.2500
10636000,793.816796,1201,75,0.069983,0.2812
10638000,767.258646,1179,64,0.069873,0.2500
10640000,798.970760,1192,74,0.073840,0.3125
10642000,781.402035,1194,71,0.089832,0.2812
10644000,758.394287,1213,76,0.079880,0.2500
10646000,821.401734,1207,65,0.173141,0.3281
10648000,820.447342,1217,65,0.193535,0.2578
10650000,840.825327,1212,76,0.204889,0.2734
10652000,800.504350,1186,77,0.248570,0.2891
10654000,835.842382,1200,78,0.158430,0.2344
10656000,844.187100,1194,71,0.162875,0.2422
10658000,846.153800,1183,87,0.199282,0.3359
10660000,1131.985951,1181,78,0.464676,0.3047
10662000,1119.827135,1211,79,0.378909,0.3281
10664000,821.915374,1216,61,0.014265,0.3125
10666000,839.994950,1212,67,0.019697,0.2578
10668000,856.055470,1197,71,0.016725,0.2812
10670000,817.731315,1195,70,0.028633,0.2344
10672000,953.433600,1209,72,0.239621,0.3516
10674000,941.166679,1224,68,0.169532,0.2891
10676000,909.320750,1223,58,0.082819,0.2969
10678000,857.923918,1213,61,0.103261,0.3125
10680000,861.184467,1218,74,0.097996,0.2578
10682000,908.998750,1218,58,0.070579,0.3594
10684000,1009.792199,1237,63,0.087368,0.2969
10686000,961.100934,1217,67,0.213936,0.2422
10688000,912.256636,1216,62,0.215607,0.2578
10690000,902.261183,1188,79,0.215173,0.2812
10692000,881.666350,1163,91,0.251840,0.3203
10694000,907.890075,1218,67,0.248427,0.2656
10696000,976.044735,1219,64,0.272687,0.2812
10698000,914.967043,1205,75,0.294534,0.2109
10700000,935.533484,1209,67,0.230370,0.3203
10702000,1071.299790,1224,63,0.466670,0.2734
10704000,1098.202683,1184,90,0.476852,0.3828
10706000,1159.216806,1168,87,0.448903,0.3359
10708000,1062.369835,1190,80,0.408720,0.2188
10710000,1132.101555,1199,75,0.483105,0.2969
10712000,1107.555195,1210,56,0.469987,0.2344
10714000,1252.023950,1203,75,0.580416,0.3125
10716000,1137.578075,1182,76,0.511782,0.2969
10718000,1054.557875,1169,73,0.508848,0.3516
10720000,883.996518,1180,71,0.187250,0.3125
10722000,1121.803228,1176,77,0.241497,0.2500
10724000,998.304255,1184,86,0.201360,0.4141
10726000,866.853302,1171,80,0.204200,0.3750
10728000,907.672903,1181,78,0.242099,0.3125
10730000,998.749543,1194,77,0.321700,0.2500
10732000,825.212670,1184,73,0.200303,0.3672
10734000,806.833759,1172,74,0.269845,0.2578
10736000,952.986320,1188,74,0.266309,0.2734
10738000,935.888358,1171,90,0.276125,0.3828
10740000,917.229515,1184,75,0.123277,0.3672
10742000,935.235160,1203,72,0.193369,0.3359
10744000,1000.125475,1214,60,0.255317,0.2500
10746000,1005.595055,1209,64,0.279497,0.2578
10748000,856.348200,1208,78,0.262242,0.2500
10750000,847.671855,1219,52,0.241043,0.2344
10752000,825.763479,1216,54,0.214209,0.3047
10754000,894.726267,1200,69,0.165116,0.3359
10756000,821.998240,1191,73,0.045792,0.3203
10758000,839.310007,1187,80,0.063740,0.2812
10760000,873.044535,1199,72,0.062737,0.3125
10762000,1174.301207,1206,74,0.284332,0.2500
10764000,1202.265075,1186,70,0.277027,0.3984
10766000,834.226411,1198,81,0.133747,0.3203
10768000,804.316651,1218,70,0.128805,0.3047
10770000,849.486307,1198,77,0.156358,0.3203
10772000,862.522870,1205,64,0.148378,0.2891
10774000,879.966862,1209,63,0.130541,0.2344
10776000,982.656875,1196,70,0.183993,0.3281
10778000,960.701487,1200,63,0.199010,0.2891
10780000,1035.062087,1203,73,0.249168,0.2500
10782000,1068.973542,1192,76,0.202991,0.2734
10784000,965.167915,1188,77,0.209242,0.3125
10786000,969.840511,1201,64,0.183747,0.2734
10788000,976.925144,1197,61,0.188755,0.3672
10790000,949.775048,1217,72,0.187860,0.3047
10792000,908.463740,1229,55,0.179949,0.3438
10794000,924.307118,1212,72,0.131360,0.3047
10796000,833.160092,1208,68,0.102298,0.3438
10798000,805.591711,1210,61,0.128974,0.3047
10800000,921.264395,1180,70,0.125113,0.2891
10802000,936.708155,1186,67,0.183146,0.2656
10804000,929.985552,1188,75,0.219819,0.3047
10806000,1150.019139,1196,81,0.465420,0.3359
10808000,993.154028,1207,85,0.193970,0.3047
10810000,964.667958,1193,80,0.097125,0.3203
10812000,959.534979,1202,63,0.095610,0.2656
10814000,884.818347,1180,74,0.338142,0.3047
10816000,901.993195,1215,65,0.306892,0.2500
10818000,980.503375,1202,75,0.141737,0.2969
10820000,975.224847,1211,72,0.133087,0.2422
10822000,873.418520,1205,68,0.102562,0.1875
10824000,890.311439,1191,61,0.095381,0.2969
10826000,936.178563,1211,41,0.143326,0.2578
10828000,892.656390,1201,59,0.168887,0.2812
10830000,1118.374124,1202,65,0.285073,0.2266
10832000,896.798907,1199,65,0.241297,0.2656
10834000,866.029822,1206,63,0.113664,0.2578
10836000,905.936422,1195,69,0.147051,0.2578
10838000,1058.189884,1180,79,0.508555,0.3203
10840000,1097.908428,1189,89,0.566283,0.3672
10842000,1140.077311,1180,77,0.538801,0.3359
10844000,1162.490830,1165,66,0.525004,0.2344
10846000,1050.753686,1139,85,0.559142,0.3516
10848000,1076.651027,1150,78,0.568770,0.3438
10850000,1082.123903,1188,71,0.506022,0.2656
10852000,1092.913439,1173,66,0.488696,0.2734
10854000,1304.131392,1180,71,0.562567,0.3672
10856000,1274.836795,1196,68,0.577839,0.2734
10858000,1223.782211,1199,71,0.522545,0.2422
10860000,1248.216704,1173,91,0.472848,0.3594
10862000,1130.391366,1186,75,0.334183,0.2656
10864000,1158.769139,1186,75,0.380429,0.3203
10866000,1098.082000,1176,74,0.302051,0.2734
10868000,1041.149454,1160,86,0.248151,0.4141
10870000,1022.040735,1179,83,0.240828,0.3047
10872000,1020.235806,1204,61,0.306905,0.2812
10874000,1008.228870,1192,59,0.340693,0.2500
10876000,952.872496,1169,83,0.197237,0.3906
10878000,907.337100,1176,90,0.128404,0.3594
10880000,883.891680,1184,85,0.131548,0.3047
10882000,931.105395,1205,67,0.166509,0.3125
10884000,945.739152,1194,72,0.190092,0.2344
10886000,917.519575,1208,82,0.196848,0.2500
10888000,937.637814,1193,90,0.217810,0.2891
10890000,881.956798,1211,73,0.256614,0.2969
10892000,707.468078,1202,72,0.031624,0.3047
10894000,726.127783,1200,63,0.059953,0.3984
10896000,731.565336,1191,68,0.043429,0.2266
10898000,748.519779,1194,74,0.096034,0.2812
10900000,715.803750,1206,65,0.085265,0.2812
10902000,705.689286,1210,63,0.098830,0.2734
10904000,712.807699,1203,73,0.036060,0.2812
10906000,688.612687,1179,69,0.055413,0.2969
10908000,740.430728,1175,78,0.162109,0.3906
10910000,730.454656,1188,73,0.145630,0.3125
10912000,729.183567,1191,74,0.146356,0.2812
10914000,755.864491,1176,85,0.039871,0.3203
10916000,766.388435,1186,70,0.049725,0.3438
10918000,800.107799,1174,84,0.068264,0.3672
10920000,805.855347,1197,78,0.047733,0.2891
10922000,790.926115,1200,74,0.069733,0.2578
10924000,774.443120,1193,72,0.142457,0.3438
10926000,922.827415,1181,79,0.241210,0.2734
10928000,909.974991,1203,75,0.218047,0.2578
10930000,932.895724,1196,73,0.233901,0.3438
10932000,914.107582,1197,58,0.203943,0.2969
10934000,992.725627,1188,72,0.291946,0.2812
10936000,984.142800,1201,76,0.137521,0.3281
10938000,973.698455,1183,77,0.124708,0.3438
10940000,993.917859,1216,65,0.131530,0.2266
10942000,1003.595439,1204,73,0.125652,0.2969
10944000,1059.059688,1203,80,0.239379,0.2422
10946000,1065.877480,1203,85,0.263345,0.3828
10948000,978.459175,1205,83,0.111704,0.3359
10950000,1252.981214,1213,81,0.246693,0.3750
10952000,1223.673478,1225,72,0.331870,0.2578
10954000,1049.282619,1221,64,0.049857,0.2500
10956000,1078.946727,1194,64,0.020919,0.2891
10958000,1107.203035,1205,71,0.028930,0.2734
10960000,1113.064303,1183,77,0.027591,0.2969
10962000,1231.920382,1205,67,0.419994,0.2891
10964000,1203.316639,1204,78,0.436076,0.2656
10966000,1081.428828,1169,86,0.303237,0.3672
10968000,1023.618723,1191,73,0.372108,0.3359
10970000,995.030150,1224,64,0.138184,0.2266
10972000,990.483935,1221,76,0.148523,0.2578
10974000,1168.650691,1181,89,0.307575,0.2656
10976000,1057.029315,1186,97,0.055229,0.2969
10978000,992.213563,1203,66,0.051173,0.3281
10980000,1013.133830,1177,78,0.072369,0.3047
10982000,925.083867,1173,80,0.153638,0.2734
10984000,1086.680528,1194,74,0.070871,0.3203
10986000,851.745539,1202,58,0.161529,0.2578
10988000,857.159692,1192,59,0.214831,0.2188
10990000,831.026398,1194,75,0.211596,0.2500
10992000,785.688963,1193,71,0.243450,0.2578
10994000,893.162087,1185,80,0.141563,0.2969
10996000,906.254635,1196,66,0.188048,0.3359
10998000,978.486926,1198,66,0.278169,0.2812
11000000,1049.135551,1188,73,0.130100,0.2422
11002000,1045.627878,1220,66,0.119533,0.2734
11004000,970.930632,1197,80,0.126237,0.3125
11006000,1022.206744,1194,69,0.122188,0.2969
11008000,996.607263,1179,90,0.123024,0.2734
11010000,1052.479310,1168,88,0.402519,0.2188
11012000,1078.504415,1195,70,0.385256,0.2031
11014000,1123.066795,1207,77,0.437069,0.2656
11016000,1214.416635,1209,76,0.440133,0.2578
11018000,1171.022363,1210,74,0.468211,0.2578
11020000,1113.529215,1198,72,0.264356,0.2578
11022000,1108.438982,1191,78,0.272827,0.2891
11024000,1063.278700,1186,73,0.393144,0.2188
11026000,908.319352,1194,76,0.391528,0.2734
11028000,916.336316,1229,65,0.432558,0.2812
11030000,1383.582952,1214,70,0.589582,0.2734
11032000,1311.607110,1188,83,0.486375,0.2188
11034000,1296.055750,1183,76,0.491402,0.2734
11036000,1334.837947,1221,64,0.507060,0.2969
11038000,1105.635462,1234,56,0.185971,0.2344
11040000,1098.206903,1188,83,0.161518,0.2344
11042000,1061.678639,1215,64,0.181686,0.3672
11044000,1030.106775,1201,77,0.127720,0.3359
11046000,938.814478,1186,90,0.037129,0.2969
11048000,857.367910,1210,79,0.051609,0.3047
11050000,858.629388,1214,71,0.042633,0.2734
11052000,834.904875,1213,67,0.022387,0.2500
11054000,848.698111,1206,63,0.018140,0.2734
11056000,741.256598,1236,54,0.039367,0.3047
11058000,737.093147,1210,64,0.034735,0.2031
11060000,733.702030,1207,69,0.041033,0.2500
11062000,760.474960,1207,72,0.041006,0.2500
11064000,740.699024,1207,76,0.039028,0.2578
11066000,803.293470,1208,66,0.137776,0.2344
11068000,829.652535,1207,74,0.178957,0.3125
11070000,868.313912,1211,72,0.191554,0.3047
11072000,823.675254,1184,82,0.083555,0.3047
11074000,800.127164,1177,77,0.085762,0.3281
11076000,738.851423,1180,80,0.101345,0.2969
11078000,815.331740,1179,78,0.034472,0.2578
11080000,914.874095,1189,73,0.148517,0.3203
11082000,873.816454,1164,84,0.192939,0.3047
11084000,892.028343,1159,79,0.067154,0.3984
11086000,924.362631,1177,80,0.046106,0.3281
11088000,937.750380,1175,74,0.048848,0.3281
11090000,936.499516,1179,66,0.117951,0.2734
11092000,964.420950,1183,68,0.074746,0.3125
11094000,977.838524,1176,74,0.069044,0.2422
11096000,958.282959,1199,80,0.053255,0.3516
11098000,894.720720,1198,76,0.008509,0.3125
11100000,882.558412,1186,78,0.041617,0.3438
11102000,913.335342,1203,73,0.041075,0.3047
11104000,935.990056,1201,65,0.050680,0.2656
11106000,901.559550,1211,63,0.030863,0.2734
11108000,967.303375,1198,68,0.063143,0.2734
11110000,988.777491,1177,85,0.067351,0.3125
11112000,1038.489820,1209,68,0.048193,0.2812
11114000,911.225879,1211,68,0.121827,0.3281
11116000,933.267607,1191,82,0.089771,0.2812
11118000,990.567158,1169,89,0.093264,0.3125
11120000,990.913215,1189,77,0.104512,0.3828
11122000,992.752220,1155,80,0.089653,0.2969
11124000,1041.280887,1174,77,0.032544,0.2891
11126000,993.089355,1184,90,0.144058,0.2891
11128000,1145.252454,1213,73,0.087046,0.2969
11130000,805.609499,1187,78,0.049192,0.2969
11132000,821.847254,1191,75,0.048504,0.2812
11134000,966.471583,1197,70,0.060132,0.3281
11136000,990.142032,1193,71,0.065628,0.2969
11138000,1000.172755,1169,80,0.078810,0.3594
11140000,913.520200,1187,77,0.180808,0.3828
11142000,932.657939,1189,81,0.195007,0.3047
11144000,969.979790,1186,79,0.385071,0.3125
11146000,941.081086,1179,80,0.329671,0.3281
11148000,917.918811,1168,76,0.288609,0.3906
11150000,932.354662,1160,78,0.296847,0.3516
11152000,942.044172,1187,79,0.282650,0.3281
11154000,947.028051,1166,86,0.287865,0.3125
11156000,863.243075,1163,83,0.266118,0.2891
11158000,880.550790,1135,92,0.297999,0.3203
11160000,911.636214,1146,85,0.282732,0.3359
11162000,822.909971,1171,80,0.058391,0.3594
11164000,917.574700,1169,89,0.074210,0.2734
11166000,781.741384,1162,85,0.064356,0.3594
11168000,840.387175,1184,79,0.033853,0.2578
11170000,861.638508,1196,72,0.026559,0.2656
11172000,883.072579,1188,77,0.026315,0.2578
11174000,874.786750,1189,80,0.010772,0.3203
11176000,900.864635,1222,65,0.020084,0.2969
11178000,865.432135,1190,74,0.098711,0.3281
11180000,838.752750,1192,68,0.059600,0.3047
11182000,825.782463,1190,72,0.054630,0.3047
11184000,844.871328,1222,62,0.006950,0.2656
11186000,898.569920,1218,69,0.036264,0.2578
11188000,883.031535,1220,69,0.033162,0.3359
11190000,814.539207,1204,85,0.017461,0.3047
11192000,818.987595,1195,65,0.008370,0.1797
11194000,816.206870,1222,62,0.006655,0.3281
11196000,842.941227,1203,74,0.003317,0.2578
11198000,1251.787318,1203,74,0.156882,0.2578
11200000,1095.871451,1198,83,0.098928,0.3125
11202000,1090.189555,1187,81,0.168800,0.3281
11204000,1004.178951,1194,69,0.264155,0.2500
11206000,988.343755,1204,72,0.222600,0.3281
11208000,1001.141995,1215,60,0.175244,0.2656
11210000,984.641948,1208,69,0.170084,0.3203
11212000,859.024118,1208,70,0.148075,0.2500
11214000,951.139950,1204,71,0.178220,0.2969
11216000,923.469500,1191,75,0.078694,0.2891
11218000,851.508555,1202,73,0.041597,0.3281
11220000,848.852656,1211,66,0.036260,0.3281
11222000,916.065212,1222,60,0.226754,0.2891
11224000,904.998316,1173,85,0.071587,0.4062
11226000,931.270435,1198,71,0.061255,0.2812
11228000,875.381195,1209,83,0.044256,0.3047
11230000,857.419104,1206,55,0.026702,0.2500
11232000,985.327479,1207,64,0.063275,0.3047
11234000,1026.739707,1217,54,0.123849,0.2812
11236000,970.077923,1206,71,0.131050,0.3125
11238000,969.059302,1205,64,0.135095,0.2891
11240000,925.136947,1190,72,0.153693,0.3203
11242000,916.301292,1203,64,0.244379,0.3594
11244000,1073.935695,1197,69,0.081952,0.3125
11246000,1033.298220,1196,73,0.355192,0.3594
11248000,1045.830750,1182,75,0.357586,0.3047
11250000,1038.380099,1178,65,0.366963,0.2578
11252000,1046.104668,1201,57,0.399891,0.2266
11254000,1035.954654,1183,76,0.412702,0.3047
11256000,926.217516,1175,75,0.164614,0.3984
11258000,995.051075,1201,84,0.242784,0.2891
11260000,1002.768255,1207,73,0.177413,0.3203
11262000,967.077422,1214,76,0.225440,0.2812
11264000,964.740143,1200,82,0.244884,0.3516
11266000,1018.187784,1211,76,0.264505,0.3047
11268000,1045.921579,1220,79,0.233593,0.2500
11270000,1189.051014,1220,76,0.070726,0.3281
11272000,1178.015438,1196,76,0.075865,0.3047
11274000,979.401950,1177,71,0.065149,0.2891
11276000,974.668798,1195,87,0.122092,0.3750
11278000,934.092590,1199,69,0.050196,0.3281
11280000,927.618143,1192,66,0.058062,0.2734
11282000,925.186487,1213,55,0.059984,0.2656
11284000,969.537127,1217,63,0.026801,0.2344
11286000,1040.371635,1218,65,0.046962,0.2266
11288000,1010.624563,1199,70,0.361795,0.2578
11290000,978.862390,1218,68,0.339607,0.2344
11292000,1006.348396,1206,78,0.352311,0.2578
11294000,1025.667360,1203,70,0.363303,0.3203
11296000,1020.634547,1187,81,0.363163,0.3281
11298000,1037.539375,1178,68,0.396034,0.2578
11300000,1098.589183,1175,64,0.409075,0.2812
11302000,1072.646531,1169,74,0.410931,0.2891
11304000,1074.897827,1185,71,0.397769,0.3281
11306000,1099.512686,1191,72,0.040885,0.2500
11308000,1056.632400,1187,76,0.030885,0.3359
11310000,1038.141052,1205,74,0.334013,0.2734
11312000,1051.458375,1205,64,0.364509,0.3359
11314000,1052.280979,1189,78,0.348160,0.3203
11316000,1061.431612,1178,95,0.372091,0.2266
11318000,1137.682159,1198,79,0.403354,0.2656
11320000,1168.107420,1184,72,0.394584,0.3125
11322000,1198.973340,1189,85,0.388581,0.2422
11324000,1193.148463,1208,80,0.438756,0.2812
11326000,1131.153695,1211,63,0.452414,0.2891
11328000,1491.062215,1211,62,0.675739,0.2656
11330000,1308.469724,1178,72,0.613868,0.2500
11332000,1281.910599,1203,58,0.604317,0.2734
11334000,1188.771247,1200,55,0.581324,0.2969
11336000,1157.817315,1196,63,0.524664,0.2734
11338000,1148.850430,1197,79,0.514123,0.2969
11340000,991.607390,1210,71,0.160845,0.2891
11342000,938.182982,1196,82,0.122417,0.2734
11344000,947.004728,1215,74,0.103347,0.2656
11346000,912.068128,1211,72,0.075926,0.3281
11348000,918.349459,1186,78,0.083308,0.2734
11350000,921.232728,1195,76,0.058590,0.3125
11352000,882.649075,1195,72,0.171523,0.2500
11354000,933.029440,1188,86,0.181511,0.2969
11356000,950.632331,1213,86,0.260882,0.2500
11358000,942.476206,1228,74,0.213752,0.3359
11360000,969.097375,1227,72,0.194762,0.2734
11362000,989.672915,1229,70,0.379587,0.2578
11364000,953.159075,1194,85,0.358304,0.3047
11366000,934.241915,1213,66,0.358198,0.2578
11368000,937.504787,1203,65,0.352781,0.2891
11370000,909.715175,1191,69,0.099438,0.2656
11372000,1008.078590,1209,64,0.276288,0.2891
11374000,1020.177904,1223,56,0.259860,0.2031
11376000,1047.451088,1212,60,0.339384,0.2891
11378000,990.965675,1185,77,0.288011,0.2656
11380000,1026.311223,1189,83,0.312872,0.2578
11382000,1008.224918,1199,74,0.324556,0.3281
11384000,1018.400748,1212,69,0.317662,0.2891
11386000,1053.057950,1182,86,0.319788,0.3750
11388000,1048.088559,1179,75,0.421320,0.3125
11390000,1046.494030,1177,61,0.312244,0.3125
11392000,1179.656972,1167,76,0.347353,0.2969
11394000,1136.609790,1189,69,0.353143,0.2656
11396000,1002.737452,1203,68,0.246725,0.3047
11398000,983.833782,1178,75,0.228384,0.3203
11400000,947.526115,1171,97,0.240367,0.4062
11402000,914.904846,1187,74,0.255796,0.3594
11404000,947.046568,1207,64,0.264082,0.3203
11406000,944.673923,1200,64,0.265028,0.2500
11408000,930.667560,1184,72,0.170252,0.2969
11410000,789.046982,1182,71,0.077238,0.3125
11412000,855.211910,1187,80,0.049555,0.3203
11414000,838.137920,1168,77,0.040999,0.2578
11416000,797.825599,1172,75,0.033276,0.3750
11418000,790.050955,1183,78,0.086779,0.2578
11420000,796.744198,1195,67,0.084798,0.2891
11422000,820.214855,1179,82,0.106514,0.3438
11424000,823.656419,1189,77,0.113745,0.3359
11426000,1377.825915,1193,81,0.599169,0.2891
11428000,868.469756,1210,53,0.347624,0.3438
11430000,963.929244,1183,86,0.364588,0.2891
11432000,920.039775,1185,89,0.388059,0.2656
11434000,904.988575,1166,87,0.430132,0.3359
11436000,897.125555,1189,65,0.420181,0.3203
11438000,869.621544,1202,71,0.410760,0.2891
11440000,930.305564,1190,77,0.473309,0.2812
11442000,846.197863,1179,90,0.388712,0.2656
11444000,848.275375,1174,80,0.396825,0.2656
11446000,836.272284,1179,64,0.426760,0.2500
11448000,811.099840,1183,73,0.407321,0.2734
11450000,827.723603,1191,67,0.405555,0.2500
11452000,881.804787,1186,78,0.355656,0.3438
11454000,867.146190,1201,74,0.360628,0.2188
11456000,951.188007,1186,86,0.393891,0.2266
11458000,934.662603,1191,72,0.378652,0.3359
11460000,854.038940,1182,78,0.253024,0.2500
11462000,902.381278,1185,83,0.332752,0.3281
11464000,890.630475,1209,77,0.307638,0.3594
11466000,838.220806,1215,68,0.272514,0.3750
11468000,845.254491,1237,52,0.258085,0.3125
11470000,927.475742,1244,65,0.290474,0.2969
11472000,897.744175,1239,67,0.267486,0.3438
11474000,862.338015,1210,81,0.192097,0.2891
11476000,955.736595,1213,70,0.236518,0.2344
11478000,813.011855,1182,78,0.222427,0.3125
11480000,781.866523,1203,67,0.112613,0.2891
11482000,799.093542,1209,74,0.116360,0.2969
11484000,803.646719,1218,73,0.090573,0.2734
11486000,783.542031,1221,66,0.092017,0.3203
11488000,839.755958,1218,83,0.207585,0.2578
11490000,824.102551,1251,63,0.218936,0.2812
11492000,836.666060,1239,61,0.218048,0.3203
11494000,804.694263,1222,68,0.233692,0.2266
11496000,793.369775,1214,55,0.277941,0.2109
11498000,830.330875,1231,53,0.190040,0.1797
11500000,831.757951,1214,78,0.199327,0.3672
11502000,848.047766,1223,77,0.183553,0.2578
11504000,860.787150,1225,78,0.277358,0.3438
11506000,1091.839036,1234,65,0.220133,0.3438
11508000,1053.055191,1231,71,0.200540,0.2578
11510000,1042.651559,1226,76,0.174987,0.3047
11512000,965.889510,1215,68,0.054666,0.2188
11514000,838.372703,1211,74,0.128092,0.3281
11516000,788.472572,1180,74,0.191935,0.3672
11518000,832.947676,1178,83,0.127498,0.2969
11520000,918.225367,1173,87,0.166843,0.3125
11522000,908.506192,1179,79,0.157490,0.2344
11524000,918.377800,1191,76,0.167986,0.2734
11526000,857.648023,1181,82,0.226082,0.3750
11528000,866.900790,1174,74,0.091356,0.3516
11530000,836.401423,1168,82,0.039990,0.3594
11532000,847.052139,1190,69,0.045477,0.2656
11534000,874.033974,1192,61,0.027757,0.2578
11536000,847.423019,1200,56,0.049965,0.3047
11538000,841.815918,1184,68,0.058682,0.2500
11540000,827.407358,1172,75,0.060298,0.3359
11542000,849.401820,1174,82,0.074324,0.2891
11544000,847.861211,1170,74,0.103341,0.3281
11546000,942.852875,1171,71,0.204894,0.3203
11548000,987.662095,1196,60,0.224809,0.2578
11550000,947.585647,1184,60,0.293692,0.3594
11552000,933.908540,1170,72,0.334361,0.3906
11554000,807.495886,1177,69,0.260661,0.2891
11556000,769.726744,1161,89,0.238970,0.3594
11558000,769.888875,1188,72,0.223014,0.3047
11560000,810.296187,1179,80,0.158615,0.3281
11562000,816.311527,1178,71,0.153686,0.2656
11564000,810.066510,1171,85,0.120958,0.3516
11566000,800.976550,1180,88,0.160045,0.2578
11568000,809.931836,1169,82,0.167095,0.2500
11570000,793.173075,1177,84,0.176101,0.2109
11572000,779.305248,1157,86,0.163115,0.2891
11574000,776.276892,1182,75,0.157016,0.3203
11576000,792.988575,1161,98,0.184595,0.3438
11578000,786.577647,1144,99,0.185572,0.3984
11580000,782.551215,1152,96,0.174035,0.3359
11582000,687.760099,1153,72,0.143835,0.3672
11584000,685.910438,1143,81,0.176734,0.3125
11586000,712.498115,1163,71,0.197695,0.2344
11588000,727.598751,1174,69,0.103410,0.3125
11590000,686.943660,1165,65,0.168485,0.3750
11592000,669.404046,1140,66,0.143409,0.3359
11594000,852.365839,1170,76,0.435742,0.3125
11596000,939.026931,1173,66,0.411742,0.3516
11598000,899.158635,1174,73,0.355959,0.2891
11600000,936.790683,1176,70,0.291368,0.2891
11602000,796.830780,1212,59,0.093304,0.2500
11604000,826.652723,1194,67,0.152823,0.2031
11606000,803.064819,1173,77,0.144045,0.2891
11608000,782.908931,1180,76,0.056823,0.2812
11610000,790.018239,1178,82,0.061751,0.3047
11612000,811.622360,1181,68,0.066979,0.2266
11614000,815.013935,1189,70,0.056377,0.3281
11616000,888.464158,1178,75,0.377901,0.3281
11618000,1029.139439,1162,84,0.479390,0.3828
11620000,998.823795,1198,72,0.430871,0.3750
11622000,1020.686327,1219,66,0.411665,0.2734
11624000,884.468662,1197,81,0.378852,0.3438
11626000,885.588723,1209,71,0.300967,0.3594
11628000,878.798462,1210,68,0.315445,0.2422
11630000,793.227147,1189,73,0.335450,0.2891
11632000,808.588343,1182,84,0.267053,0.3594
11634000,868.697055,1177,86,0.292843,0.2812
11636000,825.525788,1190,76,0.108615,0.2891
11638000,808.536576,1184,65,0.125547,0.2891
11640000,942.209598,1183,60,0.251148,0.2266
11642000,843.140615,1169,78,0.165045,0.3281
11644000,847.210315,1160,90,0.141379,0.3906
11646000,869.299787,1169,75,0.222211,0.2266
11648000,869.848875,1159,76,0.245882,0.2500
11650000,882.126956,1157,81,0.227868,0.3438
11652000,835.050670,1198,78,0.082238,0.3750
11654000,940.224335,1214,64,0.150012,0.2188
11656000,895.349270,1179,83,0.151790,0.3438
11658000,842.197887,1183,80,0.130141,0.3203
11660000,846.771727,1184,84,0.136474,0.2578
11662000,867.048972,1182,87,0.186223,0.3203
11664000,872.456982,1190,72,0.135853,0.2891
11666000,1000.020051,1196,69,0.112081,0.2891
11668000,905.501270,1190,74,0.130485,0.2812
11670000,905.456460,1188,74,0.115192,0.2266
11672000,928.090048,1207,73,0.118721,0.3438
11674000,816.094611,1187,86,0.011068,0.2812
11676000,912.306454,1201,70,0.080179,0.2188
11678000,910.181510,1193,62,0.081954,0.3203
11680000,916.251420,1208,68,0.077261,0.3438
11682000,1107.862252,1207,66,0.171063,0.2734
11684000,1075.322764,1219,58,0.182655,0.2109
11686000,955.392971,1212,67,0.167794,0.2578
11688000,926.096931,1215,64,0.155672,0.2734
11690000,973.171286,1207,75,0.146039,0.2734
11692000,910.029372,1213,60,0.091274,0.3047
11694000,1081.224239,1209,60,0.384382,0.2344
11696000,1094.121022,1183,76,0.389818,0.2188
11698000,1082.596470,1174,78,0.455520,0.3438
11700000,1055.662255,1182,77,0.429552,0.3047
11702000,1151.444631,1193,82,0.563142,0.3203
11704000,1181.730495,1165,88,0.560560,0.2422
11706000,1183.684640,1176,74,0.595997,0.3516
11708000,1157.777068,1163,81,0.601099,0.3047
11710000,1150.269039,1170,80,0.596395,0.2656
11712000,1133.497894,1174,83,0.575150,0.3281
11714000,1111.558399,1198,63,0.555543,0.2656
11716000,1180.941656,1202,64,0.562039,0.2812
11718000,714.577547,1195,71,0.018760,0.3594
11720000,723.432743,1191,74,0.022816,0.3047
11722000,738.908051,1201,73,0.042051,0.2891
11724000,747.198950,1190,75,0.044808,0.3281
11726000,765.143795,1194,74,0.039363,0.3125
11728000,768.957286,1195,63,0.070511,0.2344
11730000,809.145635,1208,64,0.087339,0.3047
11732000,852.122518,1197,66,0.061516,0.3203
11734000,953.065727,1202,77,0.166877,0.3047
11736000,929.019870,1224,65,0.102905,0.3047
11738000,844.966299,1194,72,0.057514,0.3281
11740000,813.871299,1180,69,0.097102,0.3281
11742000,842.455344,1181,79,0.104962,0.3828
11744000,918.330728,1198,74,0.248784,0.3594
11746000,901.324710,1181,80,0.086110,0.2812
11748000,898.769192,1181,87,0.087726,0.2891
11750000,1167.771043,1181,83,0.451328,0.3750
11752000,1123.820060,1204,61,0.565107,0.3438
11754000,1154.246446,1178,74,0.626509,0.2734
11756000,1231.908110,1180,87,0.565638,0.2734
11758000,983.440355,1177,85,0.424362,0.3203
11760000,1050.924575,1200,77,0.398906,0.2969
11762000,1071.439639,1230,79,0.440469,0.3438
11764000,1038.115900,1210,73,0.415960,0.3125
11766000,1027.653900,1202,78,0.417298,0.3359
11768000,916.987736,1169,84,0.222523,0.3047
11770000,904.141875,1201,81,0.163444,0.2656
11772000,901.738175,1168,78,0.188573,0.3438
11774000,870.513671,1187,69,0.179869,0.2969
11776000,889.349219,1179,72,0.151961,0.2656
11778000,914.762444,1174,89,0.203681,0.3984
11780000,819.479699,1184,74,0.091523,0.3594
11782000,871.973406,1184,80,0.209520,0.2578
11784000,881.803451,1196,73,0.305046,0.2656
11786000,890.271555,1173,84,0.309223,0.3047
11788000,906.554536,1166,87,0.287726,0.2656
11790000,863.502411,1159,83,0.214356,0.3281
11792000,941.684683,1158,87,0.199293,0.3516
11794000,939.703230,1186,75,0.218421,0.2812
11796000,1006.027552,1184,79,0.257065,0.2969
11798000,992.308187,1189,75,0.255036,0.2734
11800000,1088.387176,1183,81,0.469535,0.3594
11802000,1119.057766,1191,70,0.538685,0.3203
11804000,982.806515,1210,54,0.390834,0.3125
11806000,1059.779006,1206,76,0.505585,0.3594
11808000,1109.986030,1194,70,0.496578,0.3281
11810000,1126.265214,1200,73,0.332643,0.2969
11812000,1114.388591,1202,77,0.306160,0.2734
11814000,1079.517267,1222,80,0.269343,0.2344
11816000,1098.927643,1208,75,0.286809,0.3906
11818000,1068.522702,1213,63,0.281890,0.2422
11820000,1028.227295,1237,61,0.388101,0.2656
11822000,929.277827,1213,77,0.181346,0.3359
11824000,929.669288,1196,68,0.207292,0.2812
11826000,885.202171,1207,65,0.155208,0.3359
11828000,1020.874107,1210,67,0.157915,0.2812
11830000,1037.957056,1196,71,0.178341,0.3047
11832000,1014.880974,1226,64,0.162549,0.2422
11834000,994.409231,1224,69,0.080456,0.2500
11836000,996.613963,1224,74,0.062612,0.2891
11838000,988.370412,1210,81,0.068730,0.3594
11840000,1202.365006,1214,77,0.159778,0.2344
11842000,1201.321566,1201,90,0.088881,0.3203
11844000,1078.018031,1204,86,0.003660,0.3438
11846000,1015.541887,1193,78,0.193667,0.3047
11848000,837.188387,1246,69,0.122161,0.3125
11850000,822.207358,1241,63,0.101180,0.3125
11852000,860.639019,1225,71,0.148399,0.2422
11854000,850.564391,1206,71,0.216608,0.2969
11856000,918.337919,1179,78,0.252573,0.3438
11858000,980.858422,1178,80,0.193743,0.2891
11860000,913.340940,1176,80,0.166151,0.3359
11862000,1111.195776,1211,78,0.172931,0.3125
11864000,1105.120350,1203,73,0.176815,0.2734
11866000,1059.195279,1217,87,0.149379,0.3516
11868000,1028.580771,1230,74,0.124076,0.2969
11870000,1041.576491,1251,74,0.142691,0.3047
11872000,892.230504,1245,61,0.119735,0.3281
11874000,813.365512,1242,58,0.201116,0.2500
11876000,818.704622,1236,66,0.196599,0.2344
11878000,781.516638,1234,60,0.013928,0.2891
11880000,1077.032534,1235,57,0.166749,0.3047
11882000,1052.534174,1217,77,0.160889,0.3047
11884000,843.800095,1223,69,0.010769,0.3281
11886000,958.529958,1223,69,0.032352,0.2500
11888000,978.793200,1208,83,0.028644,0.3672
11890000,974.028102,1216,72,0.034151,0.2109
11892000,1013.640239,1193,91,0.017715,0.2812
11894000,1098.472307,1211,78,0.216405,0.2656
11896000,1052.115955,1209,72,0.009814,0.3594
11898000,1070.241871,1225,73,0.023053,0.2656
11900000,915.077678,1219,45,0.373150,0.3203
11902000,926.372814,1211,51,0.389344,0.2812
11904000,881.254284,1221,66,0.231282,0.3359
11906000,1092.276871,1236,65,0.047465,0.3516
11908000,1084.632918,1210,79,0.056305,0.2578
11910000,1093.361800,1210,75,0.047413,0.2656
11912000,1135.127891,1210,78,0.057000,0.2422
11914000,1234.879480,1232,67,0.140806,0.3047
11916000,1024.229743,1225,67,0.080197,0.2578
11918000,885.758358,1224,62,0.130567,0.2734
11920000,914.988710,1212,72,0.159412,0.2812
11922000,892.937311,1209,74,0.202284,0.2812
11924000,908.313963,1210,77,0.297145,0.3047
11926000,899.097710,1188,71,0.189853,0.2656
11928000,887.229180,1210,69,0.172472,0.2031
11930000,872.463631,1212,69,0.171408,0.2188
11932000,887.870699,1202,71,0.218444,0.2656
11934000,862.044716,1231,72,0.133523,0.3125
11936000,836.282998,1237,56,0.147293,0.2266
11938000,833.888895,1216,66,0.159651,0.2422
11940000,823.595500,1200,66,0.113055,0.3203
11942000,835.166108,1200,66,0.116613,0.3672
11944000,783.007182,1198,77,0.143267,0.2812
11946000,822.995278,1213,68,0.095961,0.3125
11948000,810.694111,1198,76,0.100344,0.3359
11950000,843.339407,1191,77,0.092222,0.2500
11952000,843.576414,1206,72,0.073379,0.3516
11954000,849.410830,1199,67,0.103352,0.3359
11956000,888.296120,1198,65,0.088202,0.2812
11958000,892.139059,1210,69,0.082401,0.2891
11960000,907.849815,1202,81,0.094297,0.3281
11962000,938.260059,1201,83,0.130300,0.3594
11964000,1088.536975,1197,74,0.155209,0.2500
11966000,1089.316366,1195,70,0.291002,0.2969
11968000,935.500859,1202,65,0.327990,0.2812
11970000,1089.293931,1200,71,0.324136,0.2969
11972000,1009.563975,1184,78,0.323895,0.3125
11974000,1093.302851,1196,76,0.318892,0.2812
11976000,1120.678955,1188,69,0.345266,0.2969
11978000,1166.182967,1181,79,0.318390,0.3281
11980000,1092.086540,1183,75,0.323573,0.2500
11982000,1084.817519,1193,86,0.261132,0.2891
11984000,1062.610011,1172,79,0.291897,0.3281
11986000,1080.383000,1180,79,0.376858,0.3438
11988000,1037.677847,1185,77,0.213024,0.2344
11990000,1055.129260,1203,80,0.137779,0.3125
11992000,1016.941612,1204,67,0.067177,0.2969
11994000,1027.027550,1206,79,0.070091,0.3047
11996000,1077.316155,1195,80,0.035699,0.3203
11998000,1105.105755,1205,75,0.048227,0.2656
12000000,1101.796254,1223,73,0.230876,0.3047
12002000,1096.687987,1190,82,0.033742,0.3672
12004000,1159.576255,1206,76,0.110189,0.2812
12006000,1098.116012,1189,74,0.051448,0.2891
12008000,1093.795815,1185,83,0.092664,0.3281
12010000,1027.366079,1185,73,0.086198,0.2578
12012000,844.085879,1172,76,0.029917,0.2891
12014000,887.489598,1162,83,0.044183,0.2656
12016000,1121.760552,1163,75,0.295615,0.3359
12018000,1195.485203,1183,76,0.361767,0.2656
12020000,1024.090096,1158,88,0.120069,0.2734
12022000,1089.457727,1185,76,0.183577,0.3359
12024000,1110.711607,1159,100,0.177508,0.2891
12026000,961.770830,1166,73,0.107958,0.2891
12028000,994.205912,1167,73,0.314016,0.2344
12030000,1001.477439,1167,80,0.288027,0.3359
12032000,934.305390,1196,66,0.106709,0.3125
12034000,940.348198,1193,73,0.107579,0.3281
12036000,1033.129775,1179,70,0.127687,0.2109
12038000,1025.417718,1193,77,0.128027,0.2578
12040000,996.437320,1199,76,0.130290,0.3438
12042000,859.977644,1185,80,0.190538,0.3281
12044000,868.962140,1197,82,0.167380,0.3906
12046000,873.751672,1191,91,0.158862,0.3047
12048000,990.226355,1177,79,0.199148,0.3672
12050000,1003.981967,1174,73,0.200271,0.2891
12052000,1019.749035,1182,72,0.193517,0.2812
12054000,1034.493935,1171,70,0.234126,0.3438
12056000,1052.944139,1172,78,0.200052,0.3047
12058000,1275.048604,1183,69,0.248814,0.2344
12060000,1255.532835,1166,93,0.364659,0.3750
12062000,1058.488523,1190,60,0.258640,0.2656
12064000,1036.820691,1196,61,0.192353,0.2734
12066000,1048.735995,1201,63,0.363653,0.2812
12068000,1249.574635,1190,61,0.471780,0.3047
12070000,1148.793895,1161,91,0.456441,0.2891
12072000,1156.812844,1159,76,0.293575,0.2266
12074000,1196.660268,1169,85,0.376365,0.3125
12076000,1212.399451,1190,63,0.404129,0.2500
12078000,1136.493148,1198,71,0.201259,0.2969
12080000,1236.124103,1190,69,0.301131,0.2578
12082000,1226.010615,1181,79,0.295693,0.3672
12084000,869.223950,1182,78,0.048874,0.2500
12086000,941.179238,1208,61,0.086373,0.3516
12088000,951.120814,1209,71,0.094650,0.2734
12090000,947.127580,1193,73,0.076485,0.3125
12092000,891.967478,1210,76,0.141722,0.3047
12094000,925.957571,1191,78,0.129936,0.3281
12096000,880.521407,1191,70,0.125166,0.3047
12098000,905.941675,1193,78,0.130857,0.2344
12100000,1362.317406,1210,62,0.501605,0.2656
12102000,1328.276006,1194,71,0.461760,0.3125
12104000,975.639288,1222,69,0.216964,0.2500
12106000,980.779750,1193,72,0.249579,0.2109
12108000,1250.775510,1181,86,0.441465,0.2891
12110000,1000.857916,1213,72,0.360737,0.3125
12112000,985.923091,1219,78,0.354358,0.3594
12114000,985.374227,1196,75,0.318277,0.3047
12116000,884.837903,1181,77,0.212466,0.2891
12118000,909.309462,1197,68,0.134745,0.2891
12120000,966.539079,1193,72,0.262854,0.3906
12122000,1333.773803,1196,71,0.491654,0.3047
12124000,1120.600755,1200,70,0.340563,0.3203
12126000,1244.522683,1206,73,0.183055,0.2891
12128000,1241.340380,1206,80,0.206859,0.3125
12130000,1136.111478,1193,89,0.251506,0.3438
12132000,1126.569488,1195,82,0.294676,0.3594
12134000,1092.957995,1215,72,0.333011,0.2812
12136000,944.654430,1226,60,0.027021,0.3125
12138000,952.881392,1201,80,0.125632,0.3359
12140000,930.547455,1184,93,0.112824,0.3125
12142000,929.857408,1204,63,0.157537,0.3281
12144000,929.691400,1198,67,0.266845,0.2422
12146000,887.912115,1203,71,0.308522,0.2266
12148000,939.394695,1204,65,0.394682,0.2891
12150000,954.953887,1207,67,0.420583,0.2188
12152000,791.987896,1206,64,0.091561,0.2031
12154000,830.831758,1204,57,0.133756,0.2656
12156000,818.543519,1209,57,0.117096,0.2422
12158000,770.962896,1206,60,0.061627,0.2344
12160000,778.937047,1214,64,0.082551,0.2266
12162000,775.468731,1199,68,0.084054,0.2109
12164000,801.645880,1182,79,0.043339,0.3438
12166000,928.755539,1174,76,0.109123,0.2812
12168000,941.989971,1194,74,0.102047,0.3047
12170000,879.780136,1179,79,0.103754,0.3359
12172000,894.899815,1197,76,0.087764,0.3047
12174000,846.954427,1209,64,0.077738,0.2891
12176000,797.172411,1191,79,0.115677,0.2891
12178000,822.085875,1181,91,0.047312,0.3125
12180000,805.594590,1206,69,0.044642,0.2734
12182000,799.082603,1212,59,0.035461,0.2656
12184000,900.981599,1214,58,0.070674,0.2812
12186000,1079.297131,1191,68,0.218104,0.2734
12188000,954.596075,1188,61,0.143152,0.2500
12190000,858.699126,1187,76,0.260561,0.3594
12192000,819.608355,1162,84,0.106895,0.3203
12194000,818.051923,1187,89,0.103115,0.3125
12196000,858.604111,1170,67,0.211750,0.2891
12198000,837.339712,1159,77,0.179249,0.3047
12200000,827.231900,1155,78,0.183009,0.2969
12202000,1029.025238,1157,101,0.446333,0.2812
12204000,1002.369327,1184,81,0.362516,0.3047
12206000,863.568248,1191,88,0.360453,0.3359
12208000,835.768975,1195,74,0.368952,0.3125
12210000,728.724067,1210,76,0.082867,0.2812
12212000,840.945916,1189,72,0.311771,0.3125
12214000,904.569342,1215,78,0.320854,0.2500
12216000,918.983775,1203,66,0.303993,0.3203
12218000,941.192300,1191,66,0.322024,0.2188
12220000,860.010351,1180,81,0.131205,0.2891
12222000,826.552067,1180,82,0.091575,0.2656
12224000,799.410111,1202,73,0.113559,0.2422
12226000,828.352663,1196,78,0.181169,0.3359
12228000,814.145535,1202,65,0.171303,0.2734
12230000,833.076895,1197,73,0.158004,0.2578
12232000,862.508839,1217,68,0.148700,0.2578
12234000,887.207430,1209,82,0.139949,0.3047
12236000,881.197740,1220,71,0.024337,0.2812
12238000,870.342415,1217,88,0.028200,0.3672
12240000,810.723227,1198,78,0.059086,0.2969
12242000,775.164848,1195,85,0.087649,0.2969
12244000,749.527335,1203,84,0.070667,0.3672
12246000,840.987950,1191,78,0.070159,0.3438
12248000,826.988174,1192,74,0.090055,0.3672
12250000,837.302860,1210,74,0.061663,0.2734
12252000,956.888808,1212,80,0.110374,0.2891
12254000,1031.601707,1236,63,0.295537,0.2188
12256000,1015.744558,1224,67,0.273325,0.2969
12258000,1001.613419,1187,77,0.258365,0.3203
12260000,998.018987,1192,77,0.262246,0.2734
12262000,957.271350,1214,60,0.032763,0.2734
12264000,948.339484,1209,68,0.025997,0.3594
12266000,923.847030,1217,64,0.019828,0.2109
12268000,928.391155,1219,60,0.050726,0.3047
12270000,906.097820,1207,66,0.039615,0.2891
12272000,869.716780,1220,69,0.027457,0.2422
12274000,830.547507,1212,65,0.047503,0.2031
12276000,792.272910,1187,68,0.045983,0.3359
12278000,800.450975,1191,77,0.036164,0.2578
12280000,728.368876,1193,71,0.029486,0.2812
12282000,696.928976,1193,72,0.027019,0.2578
12284000,748.641758,1202,85,0.045374,0.2109
12286000,774.154110,1225,63,0.040780,0.2656
12288000,782.959086,1194,68,0.055043,0.2578
12290000,800.396347,1161,87,0.007038,0.2656
12292000,772.690496,1176,84,0.020513,0.3672
12294000,804.139907,1165,87,0.042904,0.2578
12296000,823.579118,1201,68,0.048265,0.2734
12298000,849.576374,1179,75,0.250581,0.2656
12300000,882.814843,1173,84,0.237127,0.3594
12302000,920.748795,1170,91,0.212792,0.3359
12304000,902.353635,1173,84,0.282615,0.3438
12306000,688.037059,1172,75,0.043698,0.3047
12308000,729.828763,1157,93,0.087582,0.3750
12310000,713.598163,1167,78,0.168551,0.2578
12312000,729.904851,1178,80,0.147702,0.3359
12314000,814.499075,1190,70,0.143516,0.3125
12316000,835.312944,1202,64,0.130455,0.2422
12318000,744.390118,1217,68,0.051461,0.3125
12320000,762.856803,1175,84,0.036191,0.2031
12322000,758.473864,1170,79,0.032364,0.3281
12324000,726.228615,1167,87,0.015174,0.3281
12326000,761.709611,1161,86,0.022667,0.2266
12328000,765.790854,1195,80,0.050954,0.3828
12330000,776.907070,1184,83,0.053056,0.3359
12332000,767.545907,1213,72,0.044414,0.2812
12334000,760.296615,1220,59,0.043204,0.3125
12336000,792.448076,1208,59,0.070249,0.2891
12338000,835.393803,1202,77,0.083650,0.3203
12340000,776.159544,1214,68,0.093812,0.2969
12342000,791.700492,1236,66,0.055852,0.2422
12344000,807.211759,1220,61,0.046812,0.2109
12346000,834.879695,1221,60,0.124616,0.2578
12348000,854.733687,1204,73,0.121290,0.3594
12350000,863.126064,1192,87,0.144271,0.3281
12352000,835.178958,1223,68,0.125010,0.3047
12354000,838.878062,1242,68,0.146389,0.3203
12356000,815.889427,1229,72,0.172170,0.2500
12358000,808.070267,1240,69,0.156983,0.2734
12360000,791.601655,1206,70,0.036431,0.2500
12362000,808.514552,1202,75,0.127195,0.2969
12364000,824.505414,1212,69,0.161846,0.2891
12366000,745.460492,1218,70,0.046316,0.2812
12368000,821.460695,1202,78,0.117194,0.3359
12370000,814.384535,1187,79,0.116785,0.2969
12372000,842.517070,1186,77,0.008694,0.3750
12374000,816.658528,1177,88,0.095442,0.3125
12376000,830.239420,1194,67,0.082827,0.3281
12378000,818.679190,1207,64,0.095718,0.3203
12380000,805.066099,1198,76,0.060620,0.2812
12382000,794.850227,1222,59,0.062007,0.2812
12384000,791.823263,1191,84,0.080636,0.2578
12386000,816.097230,1209,75,0.037489,0.2891
12388000,786.846110,1216,73,0.013106,0.3359
12390000,840.227427,1205,69,0.030130,0.3281
12392000,786.624524,1208,64,0.158901,0.2500
12394000,880.348727,1202,75,0.125985,0.2969
12396000,895.160870,1219,56,0.132243,0.2891
12398000,910.399515,1227,47,0.140063,0.2734
12400000,926.337195,1225,49,0.154732,0.2578
12402000,931.569575,1220,56,0.178891,0.2422
12404000,943.401735,1205,73,0.185428,0.2109
12406000,882.382462,1209,61,0.256276,0.1953
12408000,902.581051,1203,70,0.091788,0.3125
12410000,941.902975,1206,71,0.086590,0.3047
12412000,865.977807,1185,70,0.063860,0.3516
12414000,891.109723,1233,58,0.057074,0.1953
12416000,901.950716,1222,63,0.073222,0.3828
12418000,877.648651,1237,72,0.010896,0.3281
12420000,831.989703,1240,62,0.023088,0.2656
12422000,853.883459,1196,86,0.082447,0.3203
12424000,738.036787,1222,73,0.111061,0.1875
12426000,801.061415,1184,83,0.087370,0.2500
12428000,780.533968,1181,81,0.072742,0.3359
12430000,850.564395,1190,67,0.063202,0.2812
12432000,772.056059,1194,63,0.015648,0.2344
12434000,769.541132,1181,83,0.019947,0.2812
12436000,840.431863,1200,73,0.013306,0.2656
12438000,812.921115,1185,85,0.014852,0.2891
12440000,808.224615,1222,67,0.002043,0.2500
12442000,899.772624,1198,68,0.026198,0.2891
12444000,849.480182,1188,79,0.006188,0.2656
12446000,848.441443,1203,68,0.249354,0.3281
12448000,742.599083,1190,85,0.055215,0.2500
12450000,903.498220,1203,80,0.252050,0.2188
12452000,913.188550,1210,83,0.258572,0.2656
12454000,1156.352283,1217,61,0.288556,0.2812
12456000,825.226835,1218,71,0.024051,0.2344
12458000,927.271260,1200,76,0.279169,0.2344
12460000,958.900400,1198,75,0.291524,0.2969
12462000,1142.924390,1192,82,0.365081,0.2031
12464000,1061.643431,1190,86,0.296331,0.3047
12466000,1051.472812,1189,86,0.298663,0.2734
12468000,1100.719592,1190,74,0.288460,0.3438
12470000,1078.482715,1190,77,0.249335,0.3281
12472000,1081.276992,1213,66,0.282070,0.2734
12474000,991.838995,1193,96,0.200976,0.3281
12476000,1128.800662,1192,86,0.259606,0.3125
12478000,1148.207964,1185,76,0.140338,0.3516
12480000,819.391807,1180,71,0.063565,0.3125
12482000,832.816494,1178,67,0.049698,0.2656
12484000,818.385499,1182,66,0.031269,0.3125
12486000,898.427875,1194,73,0.095073,0.3594
12488000,1072.381595,1189,76,0.356479,0.2422
12490000,1061.891584,1203,72,0.357715,0.3438
12492000,841.854678,1207,59,0.105665,0.2578
12494000,903.427280,1215,68,0.028993,0.2812
12496000,845.920839,1199,69,0.010360,0.2266
12498000,805.981510,1203,67,0.011783,0.2578
12500000,789.311694,1194,80,0.006251,0.3516
12502000,845.158859,1198,79,0.021794,0.3516
12504000,868.390379,1198,68,0.010038,0.2500
12506000,818.723094,1198,84,0.014640,0.3438
12508000,826.886732,1201,75,0.023962,0.3359
12510000,859.059703,1205,77,0.011265,0.3750
12512000,903.822670,1208,70,0.015709,0.2734
12514000,873.366126,1218,76,0.015949,0.3516
12516000,939.268006,1227,69,0.015194,0.3125
12518000,979.559672,1199,74,0.023901,0.3047
12520000,959.160780,1210,63,0.025619,0.2422
12522000,1035.555979,1215,60,0.248267,0.2891
12524000,980.246595,1227,54,0.258775,0.2656
12526000,953.569771,1218,66,0.352940,0.2266
12528000,930.970604,1228,62,0.134121,0.3047
12530000,884.127823,1219,61,0.134969,0.2891
12532000,953.860495,1202,86,0.141818,0.2578
12534000,924.330895,1213,76,0.108330,0.3203
12536000,870.398479,1225,59,0.098959,0.2344
12538000,1033.057276,1207,72,0.219318,0.2344
12540000,806.682287,1189,75,0.232320,0.2734
12542000,1071.732875,1200,86,0.086247,0.2969
12544000,1214.093694,1207,77,0.169004,0.2812
12546000,1105.538567,1210,68,0.021378,0.3125
12548000,1025.185646,1217,70,0.045737,0.2734
12550000,983.375510,1196,77,0.048304,0.3047
12552000,937.256862,1185,86,0.040053,0.2344
12554000,1027.403911,1196,77,0.092055,0.2422
12556000,923.553064,1202,60,0.104257,0.3438
12558000,929.245100,1204,64,0.074446,0.2578
12560000,912.499222,1219,61,0.076216,0.3359
12562000,885.563227,1189,72,0.085467,0.2969
12564000,889.568403,1214,62,0.073457,0.2812
12566000,873.849416,1191,65,0.044499,0.3438
12568000,865.057651,1202,62,0.072561,0.2891
12570000,873.278419,1176,66,0.058866,0.3359
12572000,892.241576,1189,74,0.067350,0.2578
12574000,891.355390,1169,74,0.067407,0.3047
12576000,871.188120,1173,75,0.068367,0.3281
12578000,831.386863,1195,77,0.056275,0.3359
12580000,845.592439,1186,79,0.057264,0.2969
12582000,1075.211603,1208,51,0.129354,0.2344
12584000,1020.900134,1201,72,0.105554,0.2891
12586000,1094.373255,1199,65,0.172755,0.2656
12588000,1075.834611,1192,69,0.130663,0.2344
12590000,1322.420780,1189,81,0.388311,0.2891
12592000,1298.939991,1169,93,0.386195,0.3281
12594000,1147.765295,1172,76,0.295908,0.2656
12596000,1310.827596,1155,97,0.382381,0.3281
12598000,1104.358875,1174,76,0.157807,0.2734
12600000,1011.645326,1180,72,0.071571,0.3047
12602000,1001.178095,1187,65,0.154611,0.3047
12604000,993.556686,1184,80,0.146103,0.3359
12606000,930.031590,1190,78,0.071707,0.2500
12608000,847.537019,1217,62,0.013873,0.2500
12610000,843.150711,1199,69,0.024092,0.2812
12612000,944.392975,1179,82,0.056069,0.3125
12614000,734.289680,1187,90,0.020227,0.3203
12616000,969.712624,1210,67,0.005640,0.2500
12618000,981.521735,1204,68,0.060825,0.3047
12620000,988.943884,1221,64,0.124747,0.3594
12622000,1055.266012,1187,67,0.104052,0.2891
12624000,1106.518764,1195,80,0.134745,0.2734
12626000,1122.493670,1209,76,0.155543,0.2500
12628000,1077.414782,1197,75,0.196241,0.2500
12630000,1122.381550,1209,72,0.160964,0.3750
12632000,1127.307528,1212,71,0.147432,0.3828
12634000,1119.290803,1205,68,0.155463,0.3047
12636000,987.427375,1194,77,0.113884,0.2734
12638000,981.751775,1196,65,0.116362,0.3203
12640000,951.775670,1193,76,0.044224,0.2734
12642000,1005.003015,1190,66,0.099831,0.3047
12644000,1033.694638,1203,69,0.109602,0.2969
12646000,1097.087900,1186,74,0.101786,0.3359
12648000,823.249907,1176,76,0.021946,0.3438
12650000,831.004734,1179,68,0.006860,0.2734
12652000,818.772071,1178,69,0.027553,0.3359
12654000,782.746220,1193,81,0.031134,0.3203
12656000,786.869291,1206,71,0.031282,0.2578
12658000,803.179856,1201,64,0.045291,0.3203
12660000,850.311167,1193,72,0.258428,0.3047
12662000,803.724127,1201,69,0.207734,0.3125
12664000,765.656156,1219,66,0.146472,0.2656
12666000,767.801275,1210,66,0.154654,0.2422
12668000,781.804335,1194,68,0.164345,0.3828
12670000,818.725726,1206,66,0.189166,0.2422
12672000,773.002910,1188,80,0.110037,0.3750
12674000,771.412175,1138,98,0.049818,0.2266
12676000,769.286190,1146,83,0.050401,0.2734
12678000,757.650460,1145,78,0.056434,0.2344
12680000,769.285643,1161,89,0.063817,0.2500
12682000,750.422915,1175,80,0.075696,0.3359
12684000,737.298552,1180,79,0.061642,0.2969
12686000,708.181159,1187,80,0.081411,0.3516
12688000,754.131007,1195,73,0.135666,0.2734
12690000,733.702220,1197,72,0.103695,0.2734
12692000,743.441055,1197,82,0.111583,0.2656
12694000,741.644255,1206,73,0.117072,0.3125
12696000,817.465003,1219,75,0.134604,0.2656
12698000,805.870310,1226,66,0.152950,0.2734
12700000,759.700663,1224,55,0.150571,0.3359
12702000,736.569430,1239,50,0.123022,0.2109
12704000,1097.926959,1217,68,0.531671,0.3125
12706000,1080.509235,1225,84,0.412907,0.3516
12708000,922.872395,1196,83,0.242274,0.3125
12710000,933.967767,1202,81,0.251225,0.2500
12712000,988.640108,1197,78,0.363945,0.2891
12714000,968.188208,1196,74,0.422147,0.2734
12716000,968.527068,1196,72,0.436232,0.2812
12718000,984.539055,1214,64,0.417924,0.3203
12720000,874.720198,1201,66,0.175544,0.2188
12722000,890.555526,1201,57,0.175031,0.3125
12724000,852.706470,1197,68,0.191692,0.3203
12726000,861.394347,1176,77,0.199865,0.3203
12728000,862.776231,1183,73,0.199074,0.2188
12730000,868.092487,1183,84,0.194717,0.3047
12732000,846.507459,1203,59,0.155462,0.3281
12734000,782.971534,1204,63,0.159430,0.2734
12736000,770.405990,1191,73,0.136998,0.3203
12738000,798.721327,1188,75,0.154365,0.3125
12740000,805.993120,1203,68,0.164095,0.2344
12742000,787.595806,1193,78,0.159999,0.2969
12744000,795.504575,1220,70,0.161280,0.2969
12746000,1011.089862,1223,60,0.379077,0.2344
12748000,982.204515,1211,63,0.346409,0.3438
12750000,1001.981463,1204,68,0.346540,0.3125
12752000,890.673854,1174,78,0.204050,0.2500
12754000,908.614771,1193,69,0.256988,0.2734
12756000,713.667000,1179,79,0.121931,0.2891
12758000,732.476908,1202,70,0.127990,0.3438
12760000,678.364727,1191,78,0.142607,0.3125
12762000,673.834060,1201,78,0.151564,0.2266
12764000,727.916335,1205,77,0.049061,0.2969
12766000,733.723598,1187,86,0.058862,0.3125
12768000,725.744879,1210,73,0.046666,0.2656
12770000,780.136758,1197,74,0.057960,0.3359
12772000,731.560918,1182,72,0.086579,0.3203
12774000,729.341739,1203,59,0.071134,0.2656
12776000,956.153558,1216,63,0.211208,0.2500
12778000,889.783895,1227,59,0.154905,0.1953
12780000,957.125392,1213,74,0.217874,0.2500
12782000,924.532075,1219,66,0.177934,0.2656
12784000,919.095983,1215,78,0.194591,0.2422
12786000,837.592015,1190,75,0.004857,0.3516
12788000,830.536179,1181,66,0.001227,0.2578
12790000,839.676935,1188,70,0.009918,0.2109
12792000,849.796286,1179,70,0.005268,0.2891
12794000,837.192182,1184,67,0.012342,0.3281
12796000,829.105736,1189,75,0.033715,0.3438
12798000,839.438875,1170,85,0.037582,0.3281
12800000,850.404648,1204,67,0.010045,0.3438
12802000,892.772107,1221,61,0.045917,0.3359
12804000,865.905475,1195,86,0.029691,0.3281
12806000,851.446512,1177,80,0.027592,0.3203
12808000,842.815854,1181,98,0.137442,0.3125
12810000,848.574723,1197,76,0.135064,0.2812
12812000,809.545952,1189,72,0.095171,0.2891
12814000,875.275047,1164,78,0.117410,0.2500
12816000,951.644598,1172,85,0.088299,0.3359
12818000,932.341243,1182,67,0.111408,0.3750
12820000,947.658675,1197,70,0.117084,0.3438
12822000,943.514243,1183,78,0.128818,0.3594
12824000,930.937004,1201,85,0.142183,0.2812
12826000,983.957526,1224,64,0.150380,0.2031
12828000,1002.102351,1216,80,0.157144,0.2578
12830000,982.052595,1209,75,0.150673,0.3125
12832000,972.980494,1201,64,0.157341,0.2188
12834000,997.458008,1207,63,0.138160,0.2734
12836000,918.642782,1192,78,0.136789,0.3281
12838000,806.887287,1191,79,0.020826,0.3047
12840000,750.823372,1193,69,0.006220,0.3750
12842000,724.950390,1190,75,0.015091,0.2578
12844000,721.216214,1201,54,0.019098,0.2969
12846000,710.854380,1170,80,0.026292,0.3359
12848000,761.420750,1196,69,0.009403,0.3516
12850000,837.385104,1196,72,0.029819,0.2578
12852000,804.881343,1187,64,0.083960,0.2031
12854000,738.513415,1173,88,0.026369,0.3047
12856000,730.892723,1185,73,0.039825,0.2734
12858000,710.307272,1186,79,0.036648,0.2656
12860000,704.100480,1184,74,0.016408,0.2109
12862000,775.342415,1185,73,0.007922,0.3281
12864000,753.702704,1188,75,0.002651,0.2500
12866000,892.312582,1194,65,0.185466,0.3750
12868000,904.777975,1216,56,0.155123,0.3438
12870000,902.490044,1217,74,0.182603,0.2812
12872000,1084.927022,1204,72,0.232420,0.2969
12874000,1063.510535,1221,73,0.244587,0.2969
12876000,947.385846,1207,76,0.168797,0.2578
12878000,906.969083,1212,72,0.152703,0.3047
12880000,900.365980,1220,66,0.152828,0.3203
12882000,947.892575,1189,74,0.184766,0.3125
12884000,937.601334,1192,79,0.094699,0.2578
12886000,920.261494,1202,77,0.145370,0.2656
12888000,881.005975,1197,85,0.075098,0.3438
12890000,918.059863,1191,69,0.081457,0.2891
12892000,1061.844279,1202,66,0.332861,0.2891
12894000,1018.880611,1216,67,0.288075,0.2578
12896000,984.604295,1211,75,0.315222,0.2734
12898000,998.102342,1203,68,0.336055,0.2031
12900000,952.159495,1213,51,0.289523,0.2344
12902000,933.847420,1197,65,0.218480,0.3594
12904000,926.285955,1196,69,0.224495,0.2734
12906000,939.688958,1176,82,0.390256,0.3047
12908000,908.375135,1168,77,0.398329,0.4141
12910000,942.325614,1177,77,0.411724,0.3594
12912000,941.669147,1186,72,0.414238,0.2812
12914000,967.189118,1214,64,0.464303,0.2500
12916000,1043.840360,1187,80,0.364338,0.3125
12918000,1057.924320,1202,76,0.376021,0.2656
12920000,999.730950,1182,67,0.358213,0.3125
12922000,964.886915,1200,60,0.345635,0.2500
12924000,978.732667,1175,76,0.343716,0.2734
12926000,975.706591,1165,92,0.270899,0.2891
12928000,917.591367,1173,81,0.315031,0.2500
12930000,914.697942,1187,83,0.317681,0.3125
12932000,948.893868,1166,86,0.350112,0.3438
12934000,960.902390,1194,78,0.331408,0.3359
12936000,1058.586888,1217,51,0.391421,0.2500
12938000,1144.170195,1227,66,0.617523,0.2344
12940000,1172.444607,1215,71,0.655879,0.3203
12942000,1268.587083,1211,72,0.684106,0.2891
12944000,1302.226743,1218,62,0.689430,0.2812
12946000,1231.465032,1194,77,0.656396,0.3438
12948000,966.865275,1195,73,0.257665,0.2656
12950000,955.099008,1190,84,0.325490,0.3125
12952000,1036.240779,1195,78,0.372391,0.3125
12954000,1031.033187,1193,85,0.359663,0.3438
12956000,1207.774926,1213,77,0.569416,0.3750
12958000,939.813135,1174,74,0.169441,0.3125
12960000,951.894656,1179,68,0.057227,0.2109
12962000,948.345952,1189,81,0.066660,0.3359
12964000,960.116975,1155,95,0.159528,0.3281
12966000,930.666887,1181,79,0.093614,0.2812
12968000,884.844126,1185,80,0.068884,0.3125
12970000,902.521190,1180,96,0.114022,0.2812
12972000,909.389926,1183,86,0.092681,0.3203
12974000,804.008670,1186,72,0.198711,0.2344
12976000,814.951900,1213,57,0.150448,0.2812
12978000,798.881100,1204,68,0.148022,0.2734
12980000,827.992999,1200,69,0.149091,0.3281
12982000,819.606819,1179,86,0.155348,0.2734
12984000,882.332320,1203,74,0.086010,0.3438
12986000,801.361267,1220,71,0.032338,0.3438
12988000,778.958454,1210,67,0.018304,0.2812
12990000,782.397950,1203,77,0.017876,0.2656
12992000,781.306175,1198,75,0.085463,0.3047
12994000,773.143870,1187,95,0.066256,0.3594
12996000,897.708982,1187,84,0.135412,0.3516
12998000,915.858486,1211,69,0.219872,0.3125
13000000,916.394924,1210,72,0.183103,0.3047
13002000,972.399555,1219,60,0.197389,0.2578
13004000,992.358950,1206,75,0.230611,0.2969
13006000,1098.611535,1184,85,0.219361,0.3438
13008000,990.102867,1177,81,0.262790,0.3047
13010000,968.182668,1175,78,0.216338,0.3438
13012000,986.880636,1182,73,0.218337,0.3281
13014000,919.286950,1177,72,0.221354,0.2344
13016000,937.134156,1175,72,0.208104,0.3594
13018000,932.488652,1175,65,0.207233,0.3594
13020000,971.397731,1176,82,0.240916,0.3125
13022000,962.295315,1192,71,0.217953,0.2891
13024000,986.937982,1208,64,0.259094,0.2812
13026000,1295.784750,1195,65,0.701072,0.2812
13028000,1503.815628,1225,66,0.688481,0.3672
13030000,1095.937835,1232,61,0.550961,0.3203
13032000,1001.351628,1247,54,0.539098,0.2578
13034000,1013.157020,1210,74,0.541350,0.3125
13036000,1043.062767,1189,78,0.519484,0.2969
13038000,1029.875235,1200,80,0.535654,0.3203
13040000,1034.745358,1197,77,0.416397,0.3359
13042000,1151.648438,1195,69,0.498589,0.3047
13044000,1135.083435,1207,58,0.304638,0.2500
13046000,1091.365195,1181,71,0.322762,0.3125
13048000,1231.120175,1194,61,0.347243,0.3359
13050000,1231.353196,1196,65,0.445500,0.2891
13052000,1156.637100,1199,74,0.376857,0.2891
13054000,878.494044,1184,72,0.136295,0.3516
13056000,1226.737371,1180,76,0.507782,0.3281
13058000,1208.765110,1183,78,0.464773,0.3281
13060000,1170.846955,1212,56,0.407329,0.2500
13062000,1245.932620,1215,67,0.439345,0.3750
13064000,1279.835503,1191,71,0.438531,0.4375
13066000,1264.864119,1214,63,0.438945,0.3203
13068000,1237.090715,1198,81,0.431746,0.3594
13070000,1048.541371,1184,69,0.212874,0.3359
13072000,1067.896128,1187,65,0.224401,0.2422
13074000,948.500960,1167,82,0.229767,0.2891
13076000,1108.306695,1166,77,0.317177,0.3281
13078000,1100.784867,1173,82,0.332116,0.3438
13080000,984.846280,1189,81,0.060354,0.3281
13082000,977.231726,1169,84,0.063102,0.2656
13084000,1071.862743,1163,77,0.248800,0.3047
13086000,1055.971019,1134,93,0.252512,0.2969
13088000,1028.235795,1178,78,0.215324,0.2969
13090000,842.002670,1178,73,0.170503,0.2031
13092000,730.783575,1190,72,0.007716,0.2266
13094000,766.756935,1189,72,0.107461,0.2812
13096000,767.986063,1188,64,0.092246,0.3438
13098000,730.156951,1199,57,0.162625,0.2969
13100000,775.351555,1204,61,0.035140,0.2656
13102000,749.720092,1170,81,0.041957,0.3047
13104000,739.237907,1174,78,0.014717,0.2812
13106000,752.457478,1151,86,0.045691,0.3516
13108000,706.082480,1161,93,0.205927,0.3672
13110000,699.294750,1160,93,0.192962,0.2891
13112000,705.606284,1161,84,0.185584,0.3125
13114000,700.515099,1174,91,0.185824,0.3203
13116000,730.228750,1177,81,0.122009,0.2969
13118000,733.427475,1154,82,0.144304,0.2891
13120000,761.301535,1170,71,0.157856,0.3047
13122000,760.430812,1157,92,0.011732,0.4141
13124000,763.170860,1163,81,0.008720,0.3438
13126000,750.811654,1180,65,0.003293,0.3750
13128000,761.695287,1189,71,0.004085,0.2656
13130000,788.526595,1178,79,0.013816,0.3359
13132000,788.583470,1190,58,0.012039,0.2734
13134000,788.169550,1210,60,0.002624,0.2891
13136000,697.149155,1181,75,0.009837,0.2734
13138000,690.186719,1160,83,0.005719,0.2656
13140000,772.101150,1173,72,0.087252,0.2969
13142000,784.258384,1178,78,0.018394,0.2656
13144000,775.642315,1172,70,0.069544,0.3125
13146000,753.365239,1193,64,0.045987,0.3438
13148000,833.110102,1185,67,0.088760,0.3594
13150000,879.064078,1203,77,0.148263,0.3359
13152000,850.166798,1201,91,0.191319,0.2812
13154000,825.736296,1185,93,0.357980,0.2891
13156000,840.899406,1195,83,0.384628,0.3125
13158000,879.051358,1226,71,0.425337,0.3281
13160000,837.769950,1246,55,0.330058,0.2969
13162000,827.667703,1235,60,0.312854,0.3047
13164000,901.060063,1232,64,0.393239,0.2422
13166000,1067.417275,1200,71,0.477680,0.2891
13168000,1041.607499,1203,71,0.512600,0.3047
13170000,996.350747,1185,76,0.138831,0.2734
13172000,1001.397950,1208,66,0.115136,0.2969
13174000,987.801630,1200,76,0.101515,0.2891
13176000,814.681030,1177,85,0.336239,0.3047
13178000,912.436510,1189,80,0.411845,0.2656
13180000,970.238459,1159,99,0.391912,0.3047
13182000,944.242060,1156,93,0.357781,0.3125
13184000,905.960575,1172,84,0.367524,0.3516
13186000,916.655847,1179,75,0.417775,0.4062
13188000,917.541807,1149,87,0.387412,0.2812
13190000,703.872111,1142,88,0.179512,0.3047
13192000,684.844787,1134,84,0.177568,0.3203
13194000,678.946275,1165,74,0.166199,0.3438
13196000,673.168096,1171,69,0.162235,0.3203
13198000,748.533399,1135,88,0.249748,0.3672
13200000,759.488715,1148,83,0.246634,0.3750
13202000,770.371550,1171,74,0.209281,0.3438
13204000,787.649183,1163,71,0.210222,0.3672
13206000,706.943875,1174,75,0.117487,0.3047
13208000,727.700982,1189,70,0.067769,0.3047
13210000,723.462830,1188,63,0.060298,0.2734
13212000,783.275203,1177,66,0.137103,0.2734
13214000,804.175927,1170,79,0.055682,0.3047
13216000,805.057598,1186,72,0.071885,0.3047
13218000,778.627599,1184,76,0.062537,0.3359
13220000,826.470510,1214,72,0.067287,0.3594
13222000,780.994079,1202,64,0.011783,0.2969
13224000,778.056864,1189,69,0.012998,0.2578
13226000,789.053255,1181,76,0.021425,0.2812
13228000,755.964051,1196,76,0.017605,0.3516
13230000,733.230470,1192,58,0.016620,0.3047
13232000,733.180023,1167,85,0.023515,0.2891
13234000,729.328331,1158,83,0.017938,0.3125
13236000,765.355635,1178,82,0.011240,0.2969
13238000,748.852886,1184,60,0.004421,0.2734
13240000,705.901800,1186,47,0.007602,0.2812
13242000,729.105760,1185,60,0.005973,0.2578
13244000,694.800232,1163,70,0.009074,0.2969
13246000,701.511550,1163,77,0.006933,0.3125
13248000,719.858812,1176,73,0.001451,0.2422
13250000,726.825454,1177,79,0.001355,0.4219
13252000,730.036518,1178,67,0.000182,0.3047
13254000,722.997612,1180,70,0.002129,0.2891
13256000,768.780847,1187,73,0.013282,0.2812
13258000,810.152750,1199,78,0.010611,0.2734
13260000,837.489415,1220,65,0.043184,0.2656
13262000,765.250991,1196,77,0.001576,0.2656
13264000,786.429175,1195,76,0.020012,0.3516
13266000,948.306383,1191,83,0.083620,0.3047
13268000,923.004739,1195,75,0.037901,0.3047
13270000,941.272620,1184,86,0.030286,0.3516
13272000,1011.396635,1182,75,0.019337,0.2344
13274000,1001.812215,1206,66,0.019242,0.2422
13276000,883.640398,1163,86,0.175082,0.2969
13278000,971.796406,1145,111,0.249401,0.3359
13280000,963.223942,1119,107,0.311880,0.3438
13282000,1024.178358,1183,82,0.333792,0.3516
13284000,1078.999115,1142,85,0.100122,0.3750
13286000,1277.626767,1172,74,0.053451,0.3047
13288000,1121.819679,1192,78,0.060242,0.3203
13290000,1073.521510,1195,71,0.075968,0.2188
13292000,1069.804255,1212,68,0.069102,0.2266
13294000,1180.698555,1185,79,0.074348,0.4062
13296000,1085.784675,1181,80,0.285350,0.4219
13298000,1110.144030,1206,77,0.374063,0.2891
13300000,1054.698780,1207,78,0.346187,0.3359
13302000,1001.039747,1177,83,0.377001,0.3594
13304000,988.553036,1203,70,0.260920,0.3281
13306000,972.552427,1203,64,0.327023,0.3438
13308000,993.056091,1180,86,0.261887,0.3750
13310000,977.235223,1190,83,0.268886,0.2656
13312000,948.372947,1189,79,0.300815,0.3516
13314000,946.643600,1208,69,0.286308,0.2734
13316000,931.271422,1222,63,0.000291,0.2578
13318000,864.643611,1207,78,0.026193,0.3516
13320000,870.888675,1178,83,0.014102,0.3359
13322000,947.675719,1202,67,0.000648,0.2656
13324000,862.096175,1191,78,0.025176,0.2422
13326000,865.281139,1196,85,0.075595,0.2578
13328000,771.204151,1185,88,0.013231,0.3359
13330000,880.968638,1168,76,0.120962,0.3359
13332000,881.872967,1170,75,0.112537,0.3203
13334000,886.564870,1161,87,0.055187,0.3828
13336000,833.377475,1205,73,0.027817,0.3359
13338000,899.254239,1200,68,0.022886,0.2188
13340000,920.644915,1206,66,0.003385,0.1953
13342000,899.391928,1197,75,0.045450,0.3125
13344000,1117.555694,1225,58,0.172393,0.2578
13346000,1059.400902,1229,64,0.197358,0.2578
13348000,1063.527352,1228,55,0.201725,0.2188
13350000,1068.958479,1217,62,0.174235,0.3281
13352000,1039.040382,1212,72,0.165447,0.3047
13354000,975.417187,1202,81,0.138718,0.3594
13356000,1007.998830,1190,83,0.142065,0.3203
13358000,909.696695,1170,84,0.132763,0.3828
13360000,882.543635,1178,81,0.121125,0.3047
13362000,851.792243,1179,83,0.031558,0.3672
13364000,880.067718,1178,100,0.000886,0.2891
13366000,865.202451,1173,93,0.011699,0.2578
13368000,855.050086,1168,96,0.007282,0.3594
13370000,801.627710,1167,75,0.040660,0.3359
13372000,881.572955,1176,82,0.047967,0.3047
13374000,869.849302,1172,76,0.091987,0.2891
13376000,827.404972,1163,67,0.077958,0.2969
13378000,826.631262,1187,57,0.051883,0.2422
13380000,824.501707,1192,71,0.055335,0.2578
13382000,796.784267,1199,67,0.050695,0.2578
13384000,790.420691,1206,64,0.054498,0.3047
13386000,819.019150,1168,82,0.035548,0.3047
13388000,815.027334,1181,79,0.166322,0.3125
13390000,851.694728,1187,76,0.176065,0.3281
13392000,728.804902,1221,58,0.036091,0.2344
13394000,722.311950,1203,82,0.024164,0.2656
13396000,749.403260,1205,80,0.018054,0.2969
13398000,772.714055,1213,67,0.035067,0.2734
13400000,761.158087,1198,71,0.060287,0.2891
13402000,829.440168,1219,68,0.057664,0.2656
13404000,789.518755,1230,70,0.137842,0.2812
13406000,767.953975,1202,69,0.098377,0.3203
13408000,772.966956,1189,67,0.115306,0.2734
13410000,773.921580,1215,56,0.119830,0.2188
13412000,812.031755,1212,66,0.139649,0.3047
13414000,785.433823,1219,61,0.101001,0.2500
13416000,799.873296,1214,61,0.139032,0.2266
13418000,815.563990,1221,63,0.198711,0.2500
13420000,811.307463,1206,84,0.197047,0.2812
13422000,822.479516,1234,74,0.193675,0.2578
13424000,719.654071,1226,68,0.048515,0.2188
13426000,717.098684,1223,73,0.046219,0.2578
13428000,862.904991,1228,56,0.147415,0.2734
13430000,837.095278,1222,76,0.109040,0.3438
13432000,877.925807,1234,59,0.117953,0.3125
13434000,795.330540,1220,65,0.120440,0.3203
13436000,750.217750,1197,70,0.028730,0.3125
13438000,787.651548,1211,60,0.046402,0.2969
13440000,756.583112,1200,67,0.040672,0.2891
13442000,754.141559,1189,87,0.037608,0.3750
13444000,768.831484,1188,87,0.043276,0.3203
13446000,774.078208,1167,73,0.053823,0.4062
13448000,732.006083,1189,67,0.098437,0.2812
13450000,721.788607,1204,72,0.099089,0.2734
13452000,1120.604503,1225,64,0.366012,0.2969
13454000,1141.416172,1208,67,0.398015,0.3125
13456000,1140.725787,1193,85,0.418556,0.3516
13458000,732.120515,1210,77,0.072949,0.3047
13460000,791.328720,1234,61,0.070511,0.2891
13462000,819.982255,1221,67,0.049244,0.1953
13464000,893.066315,1212,68,0.128759,0.2734
13466000,938.486535,1216,64,0.189333,0.2969
13468000,1010.560715,1199,72,0.313963,0.3359
13470000,1139.659772,1217,64,0.397277,0.2500
13472000,1134.202086,1233,52,0.541018,0.2734
13474000,1152.914366,1238,53,0.516858,0.3047
13476000,790.868238,1219,78,0.013073,0.3594
13478000,850.840395,1228,65,0.099198,0.3359
13480000,960.140310,1224,75,0.069996,0.2500
13482000,968.257295,1232,69,0.140662,0.3594
13484000,999.943715,1252,58,0.132504,0.2578
13486000,1042.983835,1253,57,0.084182,0.2734
13488000,1079.076854,1223,79,0.199613,0.3125
13490000,1087.894110,1225,67,0.056756,0.2266
13492000,1262.125383,1232,68,0.073998,0.2734
13494000,930.879535,1232,71,0.016945,0.2734
13496000,1117.457539,1218,65,0.233227,0.2422
13498000,1037.675552,1230,72,0.163549,0.3359
13500000,1112.915430,1226,60,0.110501,0.2344
13502000,950.006902,1220,71,0.175073,0.2344
13504000,975.467340,1226,68,0.153440,0.3125
13506000,961.821635,1213,78,0.178080,0.2734
13508000,1058.017875,1228,67,0.190476,0.2969
13510000,1049.903310,1240,59,0.172762,0.3047
13512000,1045.155136,1237,54,0.177478,0.2578
13514000,1080.673975,1190,71,0.162887,0.3047
13516000,1177.644396,1184,78,0.378322,0.2734
13518000,1177.830803,1188,70,0.357930,0.3203
13520000,803.737967,1187,80,0.106384,0.2969
13522000,820.686022,1174,90,0.105612,0.3281
13524000,814.991404,1179,83,0.070918,0.3203
13526000,826.031566,1189,78,0.073237,0.3594
13528000,851.124811,1206,67,0.073694,0.3281
13530000,897.874766,1201,63,0.039698,0.3203
13532000,849.722092,1197,77,0.055848,0.3516
13534000,837.083350,1183,83,0.052306,0.2734
13536000,836.334175,1167,81,0.071185,0.3203
13538000,885.675695,1194,70,0.072351,0.2812
13540000,843.746111,1183,80,0.109853,0.3359
13542000,823.342430,1186,90,0.123910,0.2812
13544000,865.112670,1182,77,0.079536,0.3203
13546000,875.754703,1175,79,0.106818,0.2500
13548000,1018.695820,1190,78,0.198910,0.3125
13550000,986.946695,1189,78,0.281877,0.3516
13552000,856.589811,1209,78,0.073611,0.3359
13554000,809.325975,1233,63,0.255562,0.2969
13556000,817.357375,1201,60,0.260302,0.3516
13558000,1027.588280,1190,76,0.355141,0.2969
13560000,1017.281838,1178,81,0.349447,0.3125
13562000,1011.498823,1198,86,0.319456,0.2969
13564000,1101.323224,1210,77,0.335727,0.3047
13566000,1051.208175,1210,77,0.299440,0.2031
13568000,1045.045107,1215,68,0.248826,0.2812
13570000,987.004775,1237,68,0.235531,0.2891
13572000,969.318744,1227,64,0.162348,0.3203
13574000,1086.486359,1218,69,0.188392,0.2734
13576000,1130.238576,1236,52,0.254019,0.2266
13578000,1161.920211,1216,64,0.241678,0.2266
13580000,913.246012,1212,68,0.090674,0.2422
13582000,919.003184,1186,68,0.102171,0.2969
13584000,940.544520,1199,78,0.101727,0.2578
13586000,936.214918,1223,73,0.110607,0.2500
13588000,903.708435,1201,81,0.107774,0.3516
13590000,949.604222,1206,70,0.099915,0.2969
13592000,979.174470,1208,68,0.110270,0.2734
13594000,792.095676,1190,74,0.022451,0.2969
13596000,771.106230,1200,63,0.019820,0.3438
13598000,805.685350,1198,74,0.277299,0.3125
13600000,811.300779,1195,81,0.296095,0.3281
13602000,816.991495,1213,67,0.299239,0.3125
13604000,928.023451,1222,59,0.333526,0.2344
13606000,921.374787,1204,59,0.334884,0.2891
13608000,866.814775,1215,56,0.266844,0.2969
13610000,837.538342,1220,64,0.259524,0.2891
13612000,851.744675,1188,55,0.363709,0.2656
13614000,890.188203,1201,78,0.382310,0.2734
13616000,871.700659,1205,73,0.361301,0.2812
13618000,900.228723,1205,70,0.318003,0.2656
13620000,912.498971,1214,74,0.365209,0.2500
13622000,692.325256,1233,60,0.083750,0.2578
13624000,681.018015,1219,52,0.087085,0.2500
13626000,721.182415,1226,65,0.114500,0.2188
13628000,781.716307,1231,63,0.020809,0.2109
13630000,767.521927,1223,66,0.013736,0.2891
13632000,745.044839,1218,75,0.011525,0.2578
13634000,751.516051,1185,54,0.012217,0.2734
13636000,757.724475,1188,78,0.024762,0.2812
13638000,760.473319,1193,68,0.011541,0.3047
13640000,742.257518,1177,82,0.023981,0.3281
13642000,867.769228,1196,66,0.203975,0.2734
13644000,872.122376,1178,62,0.211001,0.2422
13646000,739.801846,1196,71,0.097334,0.2812
13648000,749.678086,1179,89,0.095644,0.3516
13650000,739.431340,1166,81,0.096933,0.3438
13652000,856.509731,1155,89,0.064073,0.3594
13654000,851.231715,1184,77,0.068419,0.2656
13656000,766.861975,1199,63,0.054264,0.2266
13658000,736.048095,1212,65,0.054030,0.3359
13660000,709.903419,1212,69,0.055626,0.2344
13662000,704.365707,1171,94,0.095231,0.2891
13664000,689.521439,1175,80,0.128196,0.2578
13666000,691.295614,1195,74,0.116128,0.3281
13668000,692.999139,1187,96,0.082750,0.3359
13670000,722.772127,1193,81,0.092608,0.2266
13672000,700.923724,1221,56,0.063228,0.2891
13674000,713.404603,1214,54,0.060609,0.3047
13676000,726.179352,1194,67,0.059877,0.2734
13678000,733.016971,1195,73,0.072015,0.2891
13680000,716.082126,1193,69,0.074196,0.2734
13682000,698.790275,1191,77,0.070226,0.1875
13684000,1225.372695,1196,75,0.396655,0.2891
13686000,1342.447567,1199,80,0.447090,0.3359
13688000,1310.316462,1178,85,0.455875,0.2812
13690000,758.270440,1197,54,0.120538,0.3594
13692000,1041.018303,1194,83,0.270970,0.3047
13694000,1189.978606,1200,74,0.503966,0.2734
13696000,1211.401502,1213,63,0.180142,0.2656
13698000,1210.827376,1219,72,0.226744,0.2656
13700000,1104.997875,1210,77,0.070551,0.2734
13702000,995.497120,1201,81,0.000245,0.2734
13704000,1107.181400,1194,86,0.092674,0.4141
13706000,1075.395075,1193,77,0.098483,0.3203
13708000,968.492455,1193,76,0.023873,0.2891
13710000,1010.312752,1219,70,0.116739,0.2344
13712000,973.691387,1183,86,0.153637,0.2422
13714000,1268.352526,1189,73,0.333124,0.3047
13716000,1225.228220,1161,86,0.259218,0.2734
13718000,1269.495534,1185,84,0.468443,0.3203
13720000,1317.358790,1194,80,0.481980,0.2734
13722000,1244.775150,1224,68,0.355252,0.2891
13724000,1247.831744,1219,73,0.341764,0.3594
13726000,1239.737644,1204,71,0.078956,0.2734
13728000,1062.251335,1191,73,0.182780,0.3047
13730000,990.928460,1191,57,0.240477,0.2578
13732000,894.142022,1188,75,0.088823,0.2891
13734000,950.184239,1173,83,0.355407,0.3047
13736000,1037.053246,1193,76,0.404295,0.2891
13738000,1012.586460,1187,84,0.367915,0.3281
13740000,827.137599,1191,76,0.058780,0.2656
13742000,810.517255,1187,75,0.076253,0.3125
13744000,946.973982,1198,81,0.321047,0.3281
13746000,942.474350,1185,83,0.320630,0.3984
13748000,975.928531,1156,94,0.353076,0.2891
13750000,942.814688,1193,77,0.305820,0.2891
13752000,984.302332,1199,76,0.329410,0.2500
13754000,1030.927790,1182,85,0.369647,0.2344
13756000,1027.758739,1195,68,0.335700,0.3359
13758000,1015.783830,1174,83,0.150807,0.3281
13760000,1244.542715,1178,83,0.482588,0.3359
13762000,1238.365499,1187,71,0.312407,0.2578
13764000,1341.501783,1218,65,0.519598,0.3203
13766000,848.051995,1203,60,0.227320,0.2812
13768000,859.435846,1176,85,0.164854,0.2969
13770000,875.069851,1184,73,0.168832,0.2656
13772000,886.423707,1195,64,0.241113,0.3125
13774000,888.298560,1204,70,0.319957,0.2891
13776000,864.507038,1221,65,0.239371,0.2734
13778000,849.400027,1221,62,0.166204,0.2734
13780000,791.993275,1204,66,0.170363,0.3281
13782000,765.731694,1176,86,0.176533,0.3438
13784000,750.028140,1164,83,0.170639,0.3594
13786000,745.417288,1154,80,0.163636,0.4062
13788000,852.714939,1198,73,0.176030,0.2734
13790000,834.541646,1199,65,0.171018,0.2891
13792000,823.889375,1181,68,0.168941,0.2812
13794000,817.257670,1175,82,0.162733,0.3125
13796000,851.508599,1210,73,0.269124,0.2969
13798000,785.594675,1196,69,0.213139,0.2344
13800000,799.853820,1212,73,0.210812,0.2188
13802000,876.009575,1223,70,0.206967,0.2109
13804000,866.021695,1215,72,0.198283,0.2266
13806000,1087.055814,1194,75,0.540480,0.3359
13808000,1194.519307,1195,64,0.397990,0.2656
13810000,1210.919515,1197,57,0.439690,0.2031
13812000,1171.085230,1208,69,0.449764,0.2969
13814000,919.359750,1208,62,0.204939,0.2500
13816000,872.239131,1219,68,0.173468,0.2656
13818000,1054.895495,1220,73,0.448258,0.3125
13820000,1074.116055,1201,71,0.534964,0.1953
13822000,1065.871708,1193,84,0.600175,0.3125
13824000,917.402651,1202,83,0.454389,0.3594
13826000,1070.828315,1193,76,0.587234,0.3438
13828000,1082.145516,1196,87,0.575426,0.2969
13830000,1075.065723,1191,79,0.526189,0.2422
13832000,894.811735,1188,91,0.291361,0.3516
13834000,876.665464,1193,72,0.348706,0.2734
13836000,861.730179,1190,82,0.337000,0.2109
13838000,786.322934,1180,81,0.245158,0.3125
13840000,767.126547,1180,79,0.224921,0.3438
13842000,787.247923,1172,78,0.226333,0.3750
13844000,823.104000,1178,72,0.238202,0.3359
13846000,824.440127,1187,76,0.235928,0.2344
13848000,836.691912,1195,70,0.033746,0.3125
13850000,800.169975,1198,86,0.025838,0.3125
13852000,988.252855,1195,80,0.035302,0.3750
13854000,1020.947079,1181,82,0.037941,0.2656
13856000,952.250795,1196,76,0.047656,0.3047
13858000,941.078252,1195,71,0.030461,0.2969
13860000,867.309131,1202,74,0.186032,0.2422
13862000,888.119590,1196,74,0.271218,0.3281
13864000,810.455280,1199,77,0.015102,0.2969
13866000,786.385980,1200,84,0.002492,0.2578
13868000,859.800075,1212,78,0.005711,0.3047
13870000,869.692284,1217,73,0.008628,0.3047
13872000,871.399096,1209,59,0.023736,0.3125
13874000,1085.320694,1233,64,0.389856,0.2656
13876000,1243.620135,1229,68,0.257677,0.2812
13878000,1176.589463,1196,68,0.264383,0.2969
13880000,1388.985168,1204,61,0.427420,0.3516
13882000,1022.618636,1208,65,0.231500,0.2891
13884000,1052.791231,1234,60,0.255935,0.2656
13886000,957.679382,1195,71,0.206332,0.3281
13888000,944.745606,1213,77,0.200724,0.3594
13890000,934.285455,1214,77,0.193673,0.3203
13892000,942.977715,1227,61,0.199505,0.2656
13894000,922.304216,1216,66,0.193085,0.1953
13896000,916.462104,1211,75,0.187509,0.2969
13898000,1019.153470,1238,65,0.083609,0.2188
13900000,913.713464,1213,74,0.095059,0.3203
13902000,906.059927,1214,69,0.132475,0.2891
13904000,885.997231,1186,84,0.141630,0.3516
13906000,881.116847,1208,63,0.123556,0.2344
13908000,882.535563,1215,62,0.117168,0.2656
13910000,772.544896,1204,67,0.041347,0.2734
13912000,773.261119,1197,65,0.039779,0.2656
13914000,777.557831,1195,59,0.016874,0.3203
13916000,788.031948,1206,65,0.017742,0.2578
13918000,818.655455,1183,80,0.042773,0.2656
13920000,843.366563,1193,68,0.041699,0.2969
13922000,856.389075,1188,76,0.036004,0.2812
13924000,783.269567,1208,62,0.117444,0.2734
13926000,794.854750,1216,68,0.118232,0.2891
13928000,804.064648,1214,81,0.099197,0.3672
13930000,966.033822,1205,65,0.030483,0.2812
13932000,1093.137171,1197,78,0.025999,0.3281
13934000,1109.444470,1191,76,0.045219,0.3516
13936000,1221.433950,1211,81,0.011172,0.4062
13938000,1246.244518,1215,66,0.021719,0.3203
13940000,1204.388755,1192,90,0.020588,0.3359
13942000,1336.593147,1190,81,0.128243,0.3125
13944000,1117.651235,1211,77,0.070615,0.3672
13946000,989.936510,1212,67,0.034886,0.2812
13948000,1111.294800,1199,71,0.125494,0.3047
13950000,861.277422,1212,57,0.114779,0.2578
13952000,832.487875,1202,75,0.122574,0.2969
13954000,832.129627,1195,70,0.130029,0.3516
13956000,763.623211,1182,86,0.105543,0.3047
13958000,959.161059,1185,80,0.221509,0.3594
13960000,928.309950,1196,82,0.223765,0.2891
13962000,950.756846,1199,82,0.182597,0.2891
13964000,902.412926,1223,75,0.125041,0.3516
13966000,877.144342,1200,87,0.001767,0.3828
13968000,1140.227964,1205,69,0.091413,0.3438
13970000,1155.308936,1225,69,0.079207,0.1875
13972000,1116.474235,1242,64,0.137394,0.2812
13974000,1052.098623,1209,80,0.230332,0.3281
13976000,1047.969678,1206,84,0.216081,0.2188
13978000,1127.792519,1224,67,0.305170,0.3750
13980000,1143.515475,1212,66,0.273213,0.2812
13982000,1100.245343,1225,64,0.337230,0.2344
13984000,1122.802412,1192,76,0.328975,0.3516
13986000,1007.295804,1210,63,0.327239,0.2500
13988000,1045.638206,1188,64,0.250123,0.3125
13990000,1015.387760,1185,70,0.107006,0.3516
13992000,1003.166956,1198,68,0.072638,0.2500
13994000,972.309091,1200,70,0.059143,0.2969
13996000,993.356414,1210,76,0.048074,0.2578
13998000,915.537179,1203,77,0.170178,0.2578
14000000,817.077852,1178,96,0.145251,0.2500
14002000,803.136830,1177,79,0.148397,0.3359
14004000,824.061803,1169,84,0.175492,0.3125
14006000,878.659980,1176,72,0.226924,0.2578
14008000,860.710552,1204,77,0.216890,0.3594
14010000,891.526719,1212,67,0.349489,0.2578
14012000,894.271126,1164,92,0.329317,0.3516
14014000,860.500646,1167,99,0.297063,0.3125
14016000,1177.929918,1196,78,0.486371,0.3359
14018000,1174.209062,1174,74,0.487924,0.3359
14020000,1138.406448,1181,75,0.490050,0.2266
14022000,786.422039,1167,80,0.103919,0.3047
14024000,775.122683,1158,95,0.124102,0.3047
14026000,790.310022,1207,72,0.104696,0.2734
14028000,777.024222,1186,74,0.095993,0.3672
14030000,788.730651,1195,72,0.146728,0.2266
14032000,764.641287,1193,70,0.131949,0.2031
14034000,739.562600,1182,83,0.168757,0.2812
14036000,762.663859,1190,82,0.156818,0.3047
14038000,799.612151,1179,73,0.081659,0.3047
14040000,813.807707,1200,69,0.155052,0.3125
14042000,810.523340,1184,72,0.107175,0.3125
14044000,800.236182,1169,88,0.122071,0.2969
14046000,784.960230,1184,71,0.040324,0.2422
14048000,767.782119,1190,70,0.034125,0.2734
14050000,866.054039,1209,65,0.091272,0.2969
14052000,745.851259,1221,66,0.010994,0.2969
14054000,804.138907,1210,70,0.090466,0.3125
14056000,775.946144,1192,61,0.121443,0.1953
14058000,776.707107,1175,71,0.142522,0.2891
14060000,753.219470,1171,66,0.154375,0.3672
14062000,722.076287,1181,83,0.136857,0.2734
14064000,737.203020,1206,60,0.125226,0.3516
14066000,743.670035,1200,73,0.127991,0.3359
14068000,715.105388,1195,68,0.143098,0.3047
14070000,736.983710,1206,74,0.150826,0.1875
14072000,703.603511,1192,78,0.027204,0.3047
14074000,714.222854,1183,76,0.026709,0.2578
14076000,712.789255,1198,75,0.029209,0.2422
14078000,762.513039,1209,64,0.055400,0.3125
14080000,764.348723,1207,64,0.064542,0.2422
14082000,746.764110,1202,63,0.069608,0.2812
14084000,728.942236,1227,65,0.046544,0.2656
14086000,742.909431,1243,58,0.027671,0.3281
14088000,710.282630,1210,73,0.022555,0.3125
14090000,712.099495,1214,67,0.024834,0.2109
14092000,807.739942,1199,77,0.092600,0.2969
14094000,785.267495,1199,77,0.088690,0.2734
14096000,808.531763,1223,65,0.083305,0.2422
14098000,776.197867,1210,70,0.081539,0.2734
14100000,794.197291,1190,73,0.072687,0.2734
14102000,810.927595,1211,60,0.084248,0.2422
14104000,820.029616,1210,69,0.100983,0.2500
14106000,679.090427,1188,59,0.045476,0.2578
14108000,778.039734,1169,85,0.067221,0.2969
14110000,781.325150,1157,86,0.120734,0.3047
14112000,751.528011,1156,85,0.075692,0.3047
14114000,755.747774,1188,87,0.081133,0.3984
14116000,864.358934,1178,85,0.185562,0.3906
14118000,886.199755,1188,72,0.195200,0.3203
14120000,867.406876,1175,74,0.190690,0.2344
14122000,878.466398,1185,80,0.255972,0.2109
14124000,854.630140,1195,80,0.320789,0.3516
14126000,875.732991,1180,84,0.356894,0.2812
14128000,937.082171,1202,71,0.345114,0.2812
14130000,854.715142,1187,79,0.076967,0.3672
14132000,927.537726,1196,79,0.186000,0.2891
14134000,942.336095,1198,78,0.226131,0.3125
14136000,944.982027,1192,75,0.227831,0.3047
14138000,793.731984,1198,84,0.222203,0.2969
14140000,838.845400,1197,86,0.205680,0.3359
14142000,1048.869255,1213,81,0.224295,0.2656
14144000,1038.912544,1211,67,0.223195,0.2344
14146000,901.355127,1200,77,0.189613,0.3281
14148000,892.494463,1209,70,0.164616,0.2969
14150000,1031.176939,1224,71,0.224677,0.2734
14152000,1014.981179,1228,64,0.142450,0.2812
14154000,964.946375,1208,74,0.195371,0.3281
14156000,941.624687,1221,74,0.179687,0.1953
14158000,939.896855,1218,66,0.165735,0.3047
14160000,1004.986863,1223,73,0.190928,0.3125
14162000,1027.523112,1222,68,0.174509,0.2656
14164000,1009.264430,1224,74,0.005793,0.3125
14166000,937.861158,1228,80,0.036054,0.3906
14168000,960.574299,1241,68,0.051727,0.2969
14170000,951.228891,1251,70,0.029607,0.2812
14172000,1025.802288,1252,55,0.073796,0.2344
14174000,982.047880,1237,50,0.090338,0.2734
14176000,1011.194750,1222,63,0.013478,0.1953
14178000,921.006931,1195,85,0.040447,0.2422
14180000,864.514766,1216,74,0.008616,0.2734
14182000,856.631500,1232,70,0.006764,0.2500
14184000,848.828598,1230,64,0.003155,0.3516
14186000,950.142686,1234,55,0.013428,0.2891
14188000,805.658990,1220,58,0.093322,0.2969
14190000,913.999635,1217,61,0.034514,0.2812
14192000,1092.161003,1209,67,0.074806,0.3281
14194000,1054.213088,1197,71,0.090235,0.2422
14196000,1066.889083,1194,71,0.098763,0.3516
14198000,886.777231,1197,82,0.026259,0.3047
14200000,860.598491,1203,83,0.083103,0.2734
14202000,867.635747,1205,77,0.069141,0.2656
14204000,854.316476,1204,76,0.084796,0.3203
14206000,835.393099,1194,80,0.062512,0.2578
14208000,850.504923,1206,70,0.017410,0.2734
14210000,788.834303,1213,73,0.017848,0.2969
14212000,789.943095,1197,64,0.027516,0.2031
14214000,705.382732,1195,61,0.040748,0.2891
14216000,719.365435,1189,78,0.048141,0.2812
14218000,729.486163,1198,61,0.042625,0.3047
14220000,854.395223,1217,59,0.000266,0.2422
14222000,749.867398,1192,76,0.052921,0.3203
14224000,1060.262215,1199,75,0.345940,0.3516
14226000,846.577750,1199,72,0.044965,0.3828
14228000,820.730848,1193,77,0.072244,0.3359
14230000,807.558187,1200,69,0.028524,0.2500
14232000,952.076415,1194,85,0.011505,0.3594
14234000,898.663590,1197,74,0.034033,0.3516
14236000,908.223307,1221,63,0.004576,0.2578
14238000,913.509230,1224,62,0.003729,0.3203
14240000,980.058899,1219,60,0.036942,0.2656
14242000,926.161942,1228,55,0.145518,0.2969
14244000,902.167215,1233,51,0.127599,0.2344
14246000,944.876515,1211,69,0.076327,0.2422
14248000,831.462864,1213,64,0.053661,0.2500
14250000,817.031827,1199,62,0.092520,0.3203
14252000,752.348003,1186,76,0.046625,0.2422
14254000,913.147739,1192,67,0.048831,0.3359
14256000,955.127831,1185,82,0.111858,0.3047
14258000,963.007035,1184,74,0.110738,0.3359
14260000,870.802302,1190,74,0.028562,0.2578
14262000,738.888732,1169,76,0.023050,0.3125
14264000,835.728947,1173,79,0.088804,0.2891
14266000,843.276782,1160,86,0.019731,0.3047
14268000,805.789020,1166,84,0.067197,0.2891
14270000,818.994943,1199,77,0.083069,0.3203
14272000,961.179719,1195,70,0.128367,0.2344
14274000,976.167675,1214,69,0.120072,0.2578
14276000,994.889175,1215,68,0.419853,0.3125
14278000,1073.128619,1206,69,0.385320,0.2344
14280000,1047.704460,1187,70,0.143717,0.3281
14282000,1032.878638,1187,80,0.151574,0.2734
14284000,970.379100,1184,84,0.190058,0.3125
14286000,942.250143,1166,82,0.148723,0.2188
14288000,1212.841087,1200,72,0.342753,0.2656
14290000,1152.095335,1235,70,0.239529,0.2578
14292000,1031.411260,1211,72,0.056186,0.2500
14294000,873.175046,1213,74,0.044943,0.2969
14296000,884.989511,1230,69,0.038229,0.2734
14298000,875.888515,1224,77,0.028732,0.2891
14300000,818.708275,1216,82,0.018044,0.3594
14302000,817.298480,1203,68,0.016688,0.3047
14304000,771.975163,1221,72,0.003865,0.3047
14306000,771.778270,1199,90,0.003587,0.2109
14308000,774.192727,1227,74,0.016656,0.2969
14310000,1046.263167,1213,71,0.394034,0.2422
14312000,1251.283854,1221,57,0.415314,0.3203
14314000,1067.160583,1231,63,0.114011,0.3125
14316000,1157.771132,1219,58,0.246353,0.3281
14318000,1021.638727,1188,77,0.230068,0.3516
14320000,937.763046,1187,74,0.194024,0.2656
14322000,904.496967,1216,74,0.144728,0.3359
14324000,836.954950,1206,67,0.088059,0.3047
14326000,845.589987,1209,71,0.005624,0.2969
14328000,813.206024,1183,69,0.005061,0.3125
14330000,790.358630,1178,75,0.002223,0.2344
14332000,779.641408,1178,73,0.001938,0.3281
14334000,799.373278,1192,72,0.015243,0.2656
14336000,813.884444,1181,67,0.009937,0.2422
14338000,822.457916,1178,78,0.054761,0.3359
14340000,770.574060,1180,76,0.064562,0.3359
14342000,767.640987,1188,80,0.051132,0.4141
14344000,824.760278,1176,86,0.093336,0.3281
14346000,1184.940350,1213,77,0.302999,0.3125
14348000,1158.157990,1206,83,0.055190,0.2500
14350000,1168.423630,1217,62,0.066897,0.3281
14352000,1158.496683,1209,80,0.076421,0.2422
14354000,1054.559487,1203,84,0.062997,0.3281
14356000,1057.937500,1219,67,0.095397,0.2891
14358000,1077.002495,1221,67,0.060273,0.2500
14360000,1221.959871,1227,74,0.334487,0.2812
14362000,1181.349355,1203,79,0.431315,0.3750
14364000,1131.802783,1213,65,0.354320,0.2500
14366000,1157.499447,1220,64,0.390359,0.2031
14368000,1010.601744,1200,74,0.283904,0.2188
14370000,920.103126,1188,70,0.394107,0.2812
14372000,914.767163,1199,76,0.379616,0.2422
14374000,987.068351,1178,81,0.296294,0.2812
14376000,929.137815,1195,70,0.240774,0.2344
14378000,944.343783,1215,74,0.253141,0.2578
14380000,1054.083467,1196,82,0.257962,0.3281
14382000,1177.032070,1190,77,0.139216,0.2422
14384000,1083.951270,1180,77,0.070571,0.3203
14386000,1144.589244,1175,86,0.267384,0.3438
14388000,1134.711415,1180,80,0.298520,0.3125
14390000,1099.727148,1152,99,0.257682,0.3281
14392000,1098.111955,1171,83,0.321572,0.3359
14394000,1092.616636,1182,85,0.310614,0.3516
14396000,1111.931822,1169,75,0.474104,0.2422
14398000,1093.048527,1212,57,0.331287,0.2969
14400000,981.666908,1176,80,0.305137,0.3828
14402000,919.513232,1175,83,0.243709,0.3047
14404000,938.288470,1168,75,0.231515,0.3359
14406000,928.237079,1192,73,0.129192,0.3125
14408000,827.329590,1197,80,0.341838,0.3516
14410000,722.453390,1219,74,0.166720,0.3359
14412000,789.797932,1206,74,0.269649,0.3359
14414000,791.164236,1193,76,0.262772,0.3203
14416000,812.937462,1221,63,0.195658,0.2656
14418000,794.792155,1214,73,0.232381,0.2734
14420000,857.454286,1207,70,0.217984,0.3125
14422000,912.518575,1222,70,0.286251,0.3203
14424000,816.483195,1218,72,0.203484,0.3359
14426000,795.310499,1204,74,0.207009,0.3594
14428000,938.788335,1203,69,0.085861,0.2969
14430000,952.769212,1213,71,0.088660,0.2109
14432000,1003.064263,1238,56,0.106873,0.2578
14434000,883.737499,1215,66,0.032054,0.3359
14436000,839.152300,1197,78,0.043028,0.2734
14438000,954.459835,1204,64,0.191741,0.3281
14440000,911.779075,1194,80,0.117639,0.2344
14442000,761.521118,1201,81,0.134294,0.3594
14444000,772.239151,1178,67,0.137330,0.3281
14446000,800.922099,1198,67,0.092840,0.3125
14448000,786.341707,1181,76,0.098571,0.3203
14450000,965.507328,1212,66,0.239475,0.3203
14452000,976.449998,1222,70,0.230776,0.3828
14454000,956.858415,1222,59,0.276559,0.3203
14456000,980.284310,1208,71,0.261662,0.3438
14458000,972.835915,1216,75,0.310461,0.2891
14460000,998.397214,1200,80,0.316508,0.2578
14462000,997.408147,1223,59,0.300024,0.2891
14464000,927.507031,1194,82,0.304908,0.3516
14466000,905.333355,1214,68,0.307792,0.2578
14468000,905.529563,1204,76,0.260517,0.2969
14470000,921.261583,1199,82,0.169997,0.2891
14472000,890.941054,1191,85,0.216771,0.3906
14474000,910.467948,1197,72,0.185525,0.3438
14476000,934.439295,1201,76,0.165338,0.3047
14478000,918.932588,1174,96,0.153364,0.3438
14480000,842.751096,1191,64,0.058407,0.2969
14482000,893.735155,1197,68,0.082528,0.2422
14484000,828.886758,1203,63,0.038378,0.3203
14486000,878.162680,1193,78,0.044498,0.3281
14488000,785.824700,1194,76,0.017264,0.2969
14490000,754.024647,1193,71,0.013568,0.2734
14492000,739.086655,1193,66,0.021173,0.3281
14494000,748.352675,1195,73,0.022162,0.3125
14496000,754.895960,1157,92,0.027426,0.3438
14498000,744.303500,1196,86,0.041053,0.3438
14500000,827.856983,1209,67,0.067045,0.2969
14502000,917.350475,1196,76,0.188248,0.3203
14504000,795.364182,1188,80,0.161461,0.3359
14506000,807.566335,1212,69,0.153832,0.3047
14508000,831.005398,1224,69,0.122223,0.3125
14510000,826.549790,1190,88,0.152653,0.2891
14512000,888.146175,1197,81,0.431638,0.2500
14514000,752.353679,1192,68,0.103027,0.2812
14516000,735.891708,1199,65,0.088898,0.2734
14518000,741.175820,1202,74,0.115803,0.2344
14520000,786.025950,1242,57,0.076979,0.2578
14522000,795.060590,1237,74,0.045237,0.3359
14524000,774.035987,1188,86,0.038302,0.2891
14526000,783.600364,1182,75,0.045238,0.3672
14528000,939.124703,1196,73,0.178479,0.3594
14530000,959.384027,1207,79,0.249876,0.3828
14532000,954.396719,1214,76,0.236128,0.3672
14534000,805.761959,1191,80,0.209213,0.3672
14536000,678.569071,1190,74,0.039406,0.4062
14538000,670.688046,1202,76,0.049299,0.3828
14540000,682.340446,1200,80,0.041699,0.2734
14542000,677.264316,1191,74,0.035798,0.2891
14544000,652.151670,1187,75,0.037552,0.2969
14546000,636.794040,1198,59,0.035058,0.3047
14548000,719.137582,1195,66,0.021832,0.3125
14550000,710.752575,1187,79,0.008247,0.3125
14552000,724.303852,1171,82,0.034344,0.3828
14554000,724.569387,1175,84,0.027115,0.3438
14556000,727.816782,1167,82,0.036554,0.2578
14558000,746.201723,1173,82,0.019762,0.3125
14560000,711.351347,1151,80,0.013147,0.2812
14562000,732.503311,1164,81,0.032208,0.3281
14564000,764.995302,1182,60,0.171988,0.2891
14566000,837.655228,1185,76,0.088504,0.3438
14568000,834.331596,1195,81,0.104330,0.2734
14570000,804.751680,1213,69,0.052407,0.2812
14572000,802.255846,1208,73,0.039723,0.2734
14574000,763.184923,1199,79,0.019554,0.3438
14576000,789.150147,1199,67,0.025105,0.2656
14578000,772.616390,1190,68,0.061481,0.2500
14580000,695.554584,1181,76,0.053187,0.2188
14582000,709.797799,1180,83,0.022074,0.3125
14584000,711.575295,1197,61,0.019966,0.2578
14586000,781.615550,1186,72,0.016543,0.2734
14588000,778.986518,1167,86,0.021354,0.3828
14590000,756.821051,1182,82,0.009566,0.3203
14592000,734.597367,1196,67,0.020735,0.2656
14594000,752.231560,1236,61,0.018657,0.2891
14596000,740.147383,1218,64,0.024821,0.3359
14598000,763.524687,1221,61,0.010600,0.3516
14600000,787.201203,1188,85,0.014705,0.2656
14602000,782.533731,1204,77,0.032579,0.3594
14604000,785.948294,1185,74,0.032739,0.3125
14606000,788.983980,1172,87,0.035304,0.2812
14608000,798.446270,1200,72,0.059377,0.3203
14610000,806.075799,1198,73,0.102258,0.3125
14612000,900.088547,1212,67,0.200411,0.2500
14614000,908.715167,1237,63,0.189834,0.2188
14616000,974.302380,1219,62,0.306019,0.3203
14618000,1022.692187,1222,67,0.242876,0.2578
14620000,1007.478915,1200,81,0.190876,0.2891
14622000,978.397875,1200,68,0.211161,0.2812
14624000,1006.062588,1202,79,0.151250,0.2656
14626000,1184.464271,1210,69,0.440296,0.3203
14628000,887.661259,1207,83,0.180082,0.2422
14630000,843.837683,1238,68,0.116471,0.2734
14632000,816.472999,1224,66,0.086566,0.3438
14634000,830.335855,1220,63,0.088549,0.3125
14636000,832.946147,1209,70,0.089015,0.2344
14638000,792.582720,1189,70,0.084367,0.3203
14640000,763.384855,1172,81,0.062964,0.2969
14642000,784.277150,1177,71,0.075032,0.3750
14644000,778.721251,1163,70,0.071069,0.2812
14646000,698.722870,1180,73,0.006241,0.2656
14648000,713.299823,1183,80,0.008047,0.3594
14650000,770.840318,1172,88,0.010142,0.3203
14652000,753.464300,1178,85,0.012370,0.2578
14654000,763.989150,1166,86,0.019188,0.2969
14656000,743.317230,1195,69,0.011192,0.2891
14658000,786.349875,1193,70,0.008768,0.2344
14660000,765.944686,1170,87,0.037131,0.2578
14662000,629.175395,1170,81,0.038244,0.3047
14664000,653.475206,1196,86,0.044058,0.3047
14666000,646.631239,1186,81,0.034095,0.2500
14668000,704.430107,1174,70,0.040739,0.2812
14670000,700.012200,1184,73,0.040236,0.3125
14672000,686.357895,1204,74,0.022844,0.3516
14674000,667.942419,1195,65,0.023723,0.2500
14676000,687.468943,1191,60,0.030762,0.4141
14678000,803.450246,1173,66,0.077395,0.2891
14680000,807.023259,1171,69,0.071803,0.3047
14682000,755.454079,1197,79,0.126783,0.2031
14684000,1019.213724,1200,72,0.279084,0.2422
14686000,962.301246,1194,71,0.322940,0.2500
14688000,953.293032,1201,69,0.338231,0.2500
14690000,884.794800,1197,72,0.128521,0.3438
14692000,896.489363,1178,76,0.116905,0.3438
14694000,917.185811,1174,82,0.117790,0.3203
14696000,1088.005875,1187,78,0.013473,0.2969
14698000,1043.214758,1194,74,0.242045,0.3438
14700000,1024.731500,1197,73,0.209158,0.2578
14702000,1017.410590,1207,64,0.215622,0.3594
14704000,1039.873635,1180,77,0.310809,0.2578
14706000,1016.082515,1191,87,0.253019,0.2891
14708000,1306.587043,1182,84,0.012074,0.3047
14710000,1032.289515,1184,80,0.068438,0.2734
14712000,1108.956872,1190,75,0.076853,0.2578
14714000,1201.775635,1180,88,0.172869,0.2812
14716000,997.494240,1185,78,0.107431,0.2812
14718000,981.400158,1177,80,0.143049,0.3125
14720000,998.357695,1178,73,0.133561,0.2891
14722000,972.236971,1185,79,0.145065,0.3594
14724000,906.276803,1184,78,0.219338,0.3594
14726000,898.859655,1220,60,0.239163,0.3438
14728000,887.993575,1228,54,0.222859,0.2578
14730000,960.668264,1216,65,0.300352,0.2500
14732000,984.207675,1198,71,0.408699,0.2266
14734000,965.255243,1202,62,0.405140,0.3281
14736000,1129.070343,1198,69,0.356006,0.2656
14738000,1200.239990,1213,65,0.250515,0.1953
14740000,1141.586440,1220,66,0.225691,0.2031
14742000,1149.970652,1223,65,0.216595,0.2891
14744000,955.922716,1201,72,0.374550,0.2812
14746000,1040.986360,1197,75,0.233478,0.2734
14748000,1055.253675,1219,59,0.427538,0.2422
14750000,1075.159240,1228,56,0.411237,0.2188
14752000,1051.973859,1220,70,0.363998,0.3125
14754000,1166.072079,1202,73,0.407659,0.2969
14756000,1168.375420,1221,63,0.390233,0.2500
14758000,1121.563200,1219,72,0.425131,0.2734
14760000,1120.463811,1210,66,0.462913,0.3516
14762000,1153.357391,1210,63,0.375825,0.2656
14764000,1180.224167,1193,65,0.414675,0.3203
14766000,992.887239,1198,73,0.426060,0.3203
14768000,988.614470,1170,80,0.437165,0.2891
14770000,989.708151,1165,77,0.449896,0.2969
14772000,995.591471,1165,87,0.435455,0.2344
14774000,1031.489150,1178,78,0.465473,0.3438
14776000,1060.647166,1178,76,0.448011,0.2812
14778000,1117.078960,1200,67,0.344425,0.2656
14780000,1275.230848,1194,80,0.335836,0.3203
14782000,1300.093294,1193,74,0.367510,0.3203
14784000,1129.363675,1193,74,0.198193,0.2422
14786000,1119.466552,1205,77,0.183530,0.3438
14788000,1103.459500,1204,62,0.168623,0.3594
14790000,1197.852166,1211,71,0.448445,0.2734
14792000,1283.633727,1236,64,0.436443,0.3516
14794000,1160.257259,1213,69,0.350512,0.2266
14796000,1210.710812,1212,70,0.393342,0.3203
14798000,1215.212363,1207,71,0.422334,0.2578
14800000,1174.996019,1208,79,0.567884,0.2500
14802000,1055.649080,1195,74,0.196482,0.2812
14804000,1003.114902,1189,79,0.190574,0.2969
14806000,1207.852512,1173,77,0.484246,0.3594
14808000,1118.027822,1199,81,0.335414,0.2422
14810000,1117.890047,1182,84,0.416420,0.4141
14812000,812.551655,1198,72,0.133509,0.3281
14814000,874.700406,1222,62,0.118041,0.3047
14816000,891.467664,1201,69,0.129771,0.2578
14818000,887.806643,1201,71,0.101764,0.3047
14820000,912.434076,1231,65,0.233246,0.2188
14822000,864.380155,1213,67,0.210493,0.2812
14824000,825.067811,1212,54,0.211870,0.3281
14826000,813.608302,1209,69,0.274221,0.3906
14828000,807.341128,1208,69,0.255788,0.2500
14830000,763.572024,1224,75,0.205226,0.2969
14832000,762.675030,1218,63,0.233396,0.3047
14834000,736.585820,1211,61,0.260521,0.3125
14836000,743.470255,1230,65,0.184636,0.2578
14838000,765.105695,1191,66,0.167873,0.3203
14840000,736.605759,1182,73,0.132348,0.2656
14842000,805.341875,1181,68,0.335153,0.2578
14844000,1066.082990,1179,85,0.239102,0.3125
14846000,1217.525510,1189,70,0.521772,0.2422
14848000,1120.846140,1206,65,0.596683,0.3281
14850000,1101.528303,1187,78,0.604143,0.3906
14852000,952.347127,1167,82,0.141643,0.2266
14854000,990.504803,1169,89,0.201130,0.3281
14856000,949.419388,1175,76,0.138510,0.2812
14858000,1141.581950,1148,106,0.354527,0.3672
14860000,1276.137311,1162,80,0.546775,0.3750
14862000,950.904556,1180,82,0.061219,0.3125
14864000,908.440030,1181,94,0.103363,0.2891
14866000,1210.049499,1167,80,0.474042,0.2344
14868000,1201.034651,1192,75,0.473747,0.2422
14870000,1145.661468,1178,91,0.501777,0.2812
14872000,1164.697694,1177,82,0.505853,0.3047
14874000,942.010003,1147,86,0.462834,0.3281
14876000,786.108051,1175,76,0.028519,0.3516
14878000,745.089815,1173,71,0.039394,0.2656
14880000,704.794199,1182,72,0.032244,0.2656
14882000,723.233543,1194,65,0.046729,0.3359
14884000,704.397846,1171,82,0.052265,0.2969
14886000,709.085823,1188,74,0.023304,0.2734
14888000,739.925286,1195,80,0.064685,0.3281
14890000,710.021750,1196,73,0.072025,0.3281
14892000,702.047038,1202,81,0.064004,0.2734
14894000,732.106995,1188,77,0.066202,0.2500
14896000,738.699979,1202,66,0.053709,0.2422
14898000,764.560139,1209,64,0.061436,0.3203
14900000,736.061118,1201,68,0.109479,0.2812
14902000,763.980494,1212,59,0.120490,0.3125
14904000,792.353931,1198,70,0.055922,0.2969
14906000,792.295000,1211,62,0.042535,0.3125
14908000,717.741030,1196,54,0.013004,0.3047
14910000,737.897052,1189,77,0.004019,0.3203
14912000,765.042619,1191,71,0.004633,0.3359
14914000,805.755943,1200,68,0.026861,0.2266
14916000,764.934575,1198,83,0.005491,0.2812
14918000,784.457558,1209,76,0.030132,0.3047
14920000,762.639158,1194,90,0.032021,0.3203
14922000,730.122648,1205,79,0.009315,0.3594
14924000,711.172067,1197,81,0.022729,0.2109
14926000,703.060091,1187,74,0.023002,0.2500
14928000,658.845343,1194,75,0.039849,0.3281
14930000,730.965531,1196,78,0.024469,0.2656
14932000,730.719531,1205,64,0.015267,0.3047
14934000,774.592636,1197,72,0.028435,0.2344
14936000,680.281638,1220,67,0.020603,0.3359
14938000,679.007591,1220,67,0.015053,0.2422
14940000,859.711279,1239,62,0.058612,0.3125
14942000,829.134716,1221,57,0.029108,0.2578
14944000,1013.263975,1210,73,0.292447,0.2656
14946000,997.006447,1224,69,0.281184,0.3047
14948000,869.493534,1223,56,0.155909,0.2109
14950000,962.738567,1191,71,0.160481,0.3672
14952000,934.708246,1193,71,0.116276,0.2344
14954000,945.616955,1206,53,0.143621,0.2891
14956000,970.896575,1172,82,0.173051,0.3438
14958000,960.386003,1167,85,0.169960,0.2500
14960000,917.699319,1182,77,0.088026,0.2422
14962000,961.666310,1178,83,0.092683,0.2891
14964000,1013.621750,1182,68,0.366493,0.3672
14966000,846.759899,1184,70,0.001951,0.2891
14968000,867.638742,1194,74,0.000848,0.3516
14970000,886.287884,1182,70,0.034289,0.2500
14972000,832.205502,1165,77,0.067140,0.2891
14974000,886.666343,1170,72,0.028778,0.2734
14976000,1072.326400,1185,83,0.549683,0.2656
14978000,1175.468575,1194,74,0.169931,0.2891
14980000,1103.199420,1188,66,0.236849,0.3047
14982000,1039.342684,1211,62,0.276121,0.3203
14984000,1142.599547,1192,68,0.339194,0.2656
14986000,1110.259067,1177,71,0.351173,0.2812
14988000,1035.343991,1169,74,0.417550,0.2891
14990000,957.714748,1161,80,0.487382,0.2422
14992000,1067.366035,1173,84,0.453058,0.3281
14994000,1062.366296,1166,79,0.454956,0.2891
14996000,1060.965599,1190,68,0.435662,0.2812
14998000,1281.383359,1207,56,0.497372,0.2812
15000000,1276.116279,1213,59,0.516320,0.2578
15002000,1391.539532,1204,56,0.647716,0.2578
15004000,1409.716972,1178,77,0.633593,0.3828
15006000,1247.958270,1176,65,0.612457,0.2891
15008000,1239.375999,1204,75,0.650366,0.3281
15010000,1068.695920,1197,63,0.375089,0.2812
15012000,989.573607,1220,52,0.419282,0.2578
15014000,956.184499,1214,62,0.453925,0.2969
15016000,986.904524,1216,65,0.446935,0.2969
15018000,943.419019,1194,73,0.437218,0.2422
15020000,999.760014,1182,71,0.471051,0.3281
15022000,988.740028,1194,66,0.467673,0.3281
15024000,980.827119,1197,66,0.445728,0.2812
15026000,939.273315,1203,60,0.421439,0.2891
15028000,960.415443,1208,55,0.433921,0.2812
15030000,979.331351,1218,67,0.462426,0.3516
15032000,1003.609854,1215,59,0.441340,0.2500
15034000,998.718086,1173,75,0.453749,0.3047
15036000,1118.765020,1194,80,0.454847,0.2422
15038000,1121.430975,1202,62,0.458881,0.3828
15040000,912.376695,1195,85,0.100778,0.2422
15042000,1009.433340,1185,80,0.013111,0.2422
15044000,1009.969375,1188,83,0.011679,0.3750
15046000,793.721475,1175,78,0.060586,0.2656
15048000,779.200208,1215,66,0.051270,0.2969
15050000,787.664291,1197,67,0.066962,0.3203
15052000,841.800422,1201,60,0.071674,0.3125
15054000,870.003958,1201,64,0.084679,0.3438
15056000,904.436895,1175,78,0.053189,0.3828
15058000,858.359275,1179,83,0.040595,0.3750
15060000,772.701320,1184,76,0.043188,0.2969
15062000,768.747646,1174,92,0.006573,0.3359
15064000,851.333963,1194,78,0.042048,0.2812
15066000,842.260316,1186,86,0.045048,0.3750
15068000,784.614390,1178,76,0.064651,0.3125
15070000,788.016819,1205,73,0.064589,0.3047
15072000,806.669804,1205,77,0.073510,0.2969
15074000,852.438782,1212,67,0.121765,0.3359
15076000,1026.607159,1221,82,0.305201,0.2422
15078000,949.887006,1193,79,0.282602,0.2734
15080000,940.352668,1197,86,0.384343,0.2266
15082000,848.959040,1198,73,0.181796,0.2812
15084000,839.685351,1194,78,0.178948,0.2969
15086000,862.843275,1225,67,0.182493,0.2969
15088000,857.602566,1196,76,0.163520,0.3281
15090000,847.071031,1216,70,0.120431,0.3359
15092000,817.729435,1209,80,0.107453,0.3594
15094000,827.165883,1208,63,0.134516,0.3047
15096000,971.489571,1204,79,0.377322,0.3359
15098000,961.917283,1217,77,0.378545,0.3438
15100000,836.248712,1188,80,0.264414,0.3125
15102000,764.503787,1225,61,0.243123,0.2500
15104000,810.759915,1184,83,0.279765,0.3281
15106000,849.827820,1202,84,0.301863,0.3516
15108000,936.340078,1217,65,0.254563,0.2656
15110000,930.516888,1235,76,0.252186,0.2891
15112000,933.313391,1221,71,0.205870,0.2891
15114000,959.786428,1193,84,0.253056,0.3047
15116000,924.785884,1180,80,0.222120,0.2578
15118000,800.619500,1163,84,0.067793,0.3594
15120000,832.904572,1166,94,0.143682,0.2734
15122000,818.671288,1208,68,0.126324,0.2734
15124000,883.387827,1205,73,0.270432,0.2578
15126000,894.691815,1193,77,0.291866,0.2812
15128000,837.648775,1208,71,0.181451,0.2656
15130000,1060.586875,1211,74,0.015944,0.2656
15132000,863.215415,1215,63,0.262607,0.3047
15134000,1016.173495,1199,78,0.274190,0.2891
15136000,986.354827,1201,79,0.342714,0.3125
15138000,974.033327,1192,82,0.037790,0.2500
15140000,990.983036,1222,61,0.073051,0.2578
15142000,969.637880,1206,67,0.109837,0.3125
15144000,1087.286979,1200,65,0.198210,0.2812
15146000,1001.369334,1226,67,0.123549,0.3359
15148000,995.504220,1195,77,0.147468,0.3125
15150000,1126.702831,1166,80,0.243890,0.2734
15152000,1091.790875,1175,81,0.213103,0.3203
15154000,1078.991660,1169,67,0.192714,0.2578
15156000,1091.530750,1140,88,0.191117,0.3281
15158000,978.405303,1182,80,0.253695,0.3359
15160000,1067.914511,1192,79,0.239634,0.2891
15162000,1051.002407,1198,72,0.210318,0.3203
15164000,921.859739,1188,83,0.051535,0.2656
15166000,813.954086,1203,66,0.013551,0.2734
15168000,827.263707,1195,77,0.018244,0.3125
15170000,808.925351,1223,68,0.019803,0.2969
15172000,916.747206,1196,76,0.116315,0.2734
15174000,950.446440,1198,74,0.156627,0.3672
15176000,953.483608,1195,88,0.142455,0.2969
15178000,821.579384,1186,74,0.144471,0.2031
15180000,828.210750,1198,58,0.144695,0.2812
15182000,829.876455,1197,78,0.104272,0.2578
15184000,805.006771,1197,75,0.101090,0.2422
15186000,809.254512,1174,85,0.061591,0.3125
15188000,685.175991,1194,76,0.045337,0.2422
15190000,691.058383,1171,78,0.050435,0.3359
15192000,679.849350,1196,65,0.052270,0.2656
15194000,688.318734,1196,79,0.048025,0.3359
15196000,908.010044,1193,77,0.051609,0.3516
15198000,903.995388,1178,81,0.097975,0.3047
15200000,941.071403,1203,82,0.175541,0.3203
15202000,916.019846,1182,72,0.233387,0.3828
15204000,875.410030,1196,62,0.227337,0.2344
15206000,863.621735,1178,70,0.211634,0.2578
15208000,837.623696,1178,79,0.220652,0.3125
15210000,1055.958950,1154,89,0.350494,0.3906
15212000,1023.414255,1168,87,0.255897,0.2734
15214000,1050.647926,1168,86,0.371738,0.3281
15216000,1100.779735,1172,78,0.374308,0.3281
15218000,1139.557654,1148,93,0.489083,0.3438
15220000,1324.960523,1157,84,0.300289,0.3203
15222000,1420.164160,1162,84,0.340304,0.3281
15224000,1286.638883,1195,80,0.348820,0.2812
15226000,1282.965523,1206,74,0.345226,0.3906
15228000,1118.620663,1184,75,0.262282,0.3438
15230000,1086.357727,1188,76,0.294962,0.3516
15232000,1069.870588,1179,79,0.289665,0.3594
15234000,1061.340727,1178,79,0.305540,0.2734
15236000,969.688430,1185,80,0.072152,0.3438
15238000,1182.390936,1189,87,0.336106,0.3281
15240000,945.656972,1182,89,0.091821,0.3516
15242000,962.267283,1205,72,0.084857,0.2734
15244000,1249.005415,1205,69,0.269800,0.2578
15246000,1264.207015,1205,81,0.184183,0.4062
15248000,1358.238963,1211,79,0.534403,0.3047
15250000,1355.174926,1170,86,0.450874,0.3359
15252000,1193.049942,1201,64,0.173365,0.2969
15254000,1261.380135,1217,57,0.387915,0.2656
15256000,1231.339932,1221,55,0.405463,0.3203
15258000,1122.118935,1223,63,0.194276,0.2734
15260000,1178.741771,1210,70,0.131583,0.2344
15262000,1178.798203,1183,76,0.124124,0.2656
15264000,1195.009535,1161,81,0.023034,0.3125
15266000,1289.328696,1190,73,0.187708,0.2891
15268000,1132.443023,1191,69,0.117122,0.2344
15270000,1163.237607,1172,80,0.111851,0.3359
15272000,1208.340187,1174,83,0.241020,0.3203
15274000,1243.963742,1181,67,0.521754,0.2969
15276000,1270.379471,1199,70,0.530561,0.3047
15278000,1376.379000,1217,69,0.581125,0.2812
15280000,1161.053500,1215,71,0.494695,0.3828
15282000,1108.683240,1213,72,0.460903,0.2891
15284000,1009.743975,1201,69,0.397741,0.2812
15286000,1142.888979,1195,74,0.507705,0.2656
15288000,1038.344567,1179,82,0.383655,0.3281
15290000,1059.478875,1183,83,0.338704,0.3594
15292000,1081.548411,1187,86,0.334308,0.3125
15294000,1151.114523,1177,86,0.376067,0.3281
15296000,1122.066735,1194,73,0.348217,0.3281
15298000,1118.030835,1191,81,0.308659,0.2891
15300000,1089.366523,1217,73,0.279357,0.2891
15302000,760.946315,1220,64,0.027531,0.2031
15304000,860.116935,1194,71,0.136486,0.2109
15306000,879.808863,1220,68,0.079752,0.2734
15308000,895.451110,1218,70,0.097488,0.2578
15310000,936.798007,1201,71,0.078292,0.2969
15312000,944.444775,1188,86,0.087918,0.3125
15314000,955.053000,1177,89,0.143763,0.3203
15316000,967.518223,1176,88,0.141861,0.2344
15318000,1030.180150,1155,102,0.275958,0.3594
15320000,1112.186195,1169,87,0.399761,0.3203
15322000,1155.940827,1167,82,0.372637,0.3125
15324000,1191.067660,1198,61,0.437187,0.2656
15326000,1213.939150,1174,73,0.385487,0.2422
15328000,1256.518183,1158,73,0.528878,0.2969
15330000,1290.107766,1168,70,0.533228,0.3438
15332000,1309.755814,1168,69,0.525713,0.2969
15334000,1262.372235,1173,76,0.512179,0.2812
15336000,1155.590691,1175,69,0.547104,0.3359
15338000,1153.655759,1160,87,0.522254,0.2734
15340000,1095.075031,1163,79,0.578482,0.3281
15342000,745.039694,1150,75,0.028279,0.2578
15344000,762.945535,1173,74,0.027424,0.2422
15346000,760.065452,1169,74,0.028250,0.3203
15348000,885.492460,1189,87,0.088216,0.2969
15350000,1288.038430,1187,81,0.474020,0.2656
15352000,1519.348966,1210,76,0.609940,0.2656
15354000,1531.073870,1225,67,0.769496,0.2500
15356000,1527.369580,1185,91,0.788022,0.2969
15358000,1428.957575,1189,70,0.730182,0.2969
15360000,1258.042399,1178,87,0.507840,0.3281
15362000,1178.966918,1223,69,0.331154,0.3047
15364000,1198.187310,1220,74,0.335954,0.2812
15366000,1163.335312,1220,68,0.328936,0.3125
15368000,1063.381502,1207,74,0.329226,0.3359
15370000,1286.556518,1219,69,0.425086,0.3047
15372000,1408.215404,1210,60,0.333328,0.2969
15374000,1406.509891,1191,88,0.383545,0.3281
15376000,1263.993263,1195,78,0.184225,0.2422
15378000,1235.530144,1220,72,0.190722,0.2891
15380000,1188.827190,1215,70,0.244471,0.2344
15382000,1207.305308,1213,67,0.298352,0.3594
15384000,1217.634300,1203,68,0.212305,0.3516
15386000,1311.462118,1207,68,0.097695,0.2578
15388000,1044.673535,1215,65,0.056604,0.3438
15390000,1042.948536,1231,51,0.146905,0.2656
15392000,1180.149100,1217,72,0.222678,0.2891
15394000,926.701200,1216,65,0.083383,0.2188
15396000,1038.885702,1216,71,0.165025,0.2344
15398000,1016.729315,1222,75,0.171640,0.3281
15400000,1025.024638,1207,79,0.137724,0.2734
15402000,992.922894,1195,77,0.100351,0.3281
15404000,979.356598,1212,72,0.051231,0.3281
15406000,866.523148,1212,73,0.116847,0.3984
15408000,814.843787,1181,81,0.054860,0.3516
15410000,824.268684,1177,84,0.057247,0.2812
15412000,917.487835,1197,69,0.037106,0.3359
15414000,806.374811,1186,75,0.122959,0.2500
15416000,874.508083,1189,81,0.052330,0.2344
15418000,941.581991,1178,82,0.109697,0.2734
15420000,930.139947,1202,65,0.113006,0.3203
15422000,889.876040,1202,75,0.110152,0.3203
15424000,886.691079,1202,93,0.071113,0.2891
15426000,854.631308,1236,66,0.095338,0.3438
15428000,843.065591,1227,63,0.118225,0.2812
15430000,816.898320,1250,59,0.089770,0.2578
15432000,870.969655,1234,66,0.018327,0.2500
15434000,897.094635,1224,69,0.025597,0.2344
15436000,880.389702,1245,55,0.023799,0.2422
15438000,870.030960,1232,54,0.018922,0.3359
15440000,860.369215,1207,78,0.015587,0.4141
15442000,861.246966,1223,62,0.017686,0.3125
15444000,883.028667,1230,66,0.027855,0.2188
15446000,879.333872,1219,66,0.034858,0.2734
15448000,1115.798878,1203,71,0.254324,0.2500
15450000,1114.649980,1194,77,0.254996,0.2500
15452000,1030.385054,1193,71,0.020408,0.3203
15454000,1105.145192,1181,79,0.338160,0.2500
15456000,864.627516,1186,67,0.320757,0.3281
15458000,888.684150,1165,84,0.345344,0.3828
15460000,909.731192,1189,70,0.351994,0.2734
15462000,894.343179,1198,73,0.230411,0.2656
15464000,1097.663862,1217,69,0.250903,0.2969
15466000,993.445463,1240,54,0.098710,0.2500
15468000,1149.232935,1226,68,0.253977,0.2969
15470000,1126.302540,1212,69,0.268746,0.2891
15472000,1107.660083,1196,74,0.255422,0.2734
15474000,1140.613696,1185,83,0.282458,0.3125
15476000,1088.484135,1191,89,0.174152,0.3203
15478000,1121.326646,1196,78,0.098317,0.3047
15480000,1049.730703,1210,70,0.101869,0.3047
15482000,1065.653710,1197,88,0.272632,0.3906
15484000,1095.615083,1251,53,0.260195,0.2656
15486000,1082.889116,1259,71,0.257715,0.3281
15488000,1157.884199,1285,57,0.207660,0.2422
15490000,1149.886035,1257,60,0.217709,0.2969
15492000,1219.473926,1274,53,0.246771,0.2734
15494000,1140.426318,1254,58,0.210556,0.2266
15496000,1117.835934,1243,59,0.159975,0.2344
15498000,1148.794310,1224,62,0.223107,0.2578
15500000,942.288838,1230,70,0.056026,0.2422
15502000,896.075235,1217,77,0.079962,0.2656
15504000,867.121750,1230,67,0.017901,0.2578
15506000,846.902544,1219,69,0.018129,0.3281
15508000,735.630275,1219,75,0.021798,0.2891
15510000,804.236963,1225,72,0.025617,0.2734
15512000,829.871215,1259,56,0.022659,0.2734
15514000,794.045398,1245,66,0.016918,0.2500
15516000,835.797123,1255,63,0.035158,0.3594
15518000,799.715064,1235,73,0.042668,0.2891
15520000,893.823590,1218,62,0.074932,0.2500
15522000,871.281532,1189,71,0.070983,0.2734
15524000,1027.481827,1208,63,0.077369,0.2344
15526000,1072.835206,1202,64,0.331288,0.2812
15528000,1067.420927,1193,75,0.474355,0.2812
15530000,1106.999607,1196,77,0.435218,0.3359
15532000,879.826215,1200,73,0.285231,0.1562
15534000,888.776638,1199,70,0.319916,0.3125
15536000,824.625535,1177,75,0.312662,0.2656
15538000,783.441950,1169,67,0.143405,0.3125
15540000,802.358800,1157,78,0.114518,0.2891
15542000,768.311596,1178,68,0.110559,0.2500
15544000,789.114747,1192,57,0.110289,0.2031
15546000,775.124520,1173,75,0.151932,0.4062
15548000,793.087600,1179,87,0.267038,0.3203
15550000,799.218095,1192,90,0.247972,0.2656
15552000,819.993231,1236,71,0.204494,0.2656
15554000,864.270110,1214,78,0.194139,0.2891
15556000,813.662627,1209,66,0.201771,0.2969
15558000,763.336158,1195,63,0.168519,0.3203
15560000,773.781980,1180,69,0.177159,0.2891
15562000,807.170835,1178,82,0.129993,0.2812
15564000,801.786895,1188,69,0.124693,0.3125
15566000,881.872984,1198,52,0.364575,0.2500
15568000,848.716795,1186,75,0.365495,0.2891
15570000,896.811015,1182,77,0.231652,0.3047
15572000,960.730703,1195,69,0.199870,0.3516
15574000,1014.810568,1214,55,0.226102,0.3125
15576000,1001.229531,1221,62,0.288282,0.2734
15578000,1028.053059,1199,73,0.394323,0.2422
15580000,954.653739,1161,68,0.349212,0.3281
15582000,964.644519,1201,61,0.273272,0.2500
15584000,921.101750,1214,56,0.272325,0.2266
15586000,975.956662,1200,69,0.314401,0.2031
15588000,989.501331,1198,80,0.437349,0.3359
15590000,1022.484435,1196,83,0.224013,0.2812
15592000,1021.721875,1216,61,0.290413,0.3203
15594000,1004.551324,1199,86,0.295827,0.2734
15596000,1012.047727,1199,77,0.265462,0.3828
15598000,1010.664544,1216,60,0.266243,0.2969
15600000,1008.569022,1185,77,0.299247,0.3203
15602000,1024.232876,1186,69,0.248907,0.2812
15604000,942.384071,1168,86,0.353137,0.3281
15606000,910.114735,1170,87,0.321959,0.3359
15608000,898.659710,1143,89,0.334257,0.3125
15610000,956.328940,1161,90,0.274281,0.3750
15612000,907.630403,1142,103,0.086701,0.4297
15614000,937.367559,1165,79,0.069111,0.3203
15616000,943.502542,1156,83,0.071713,0.3359
15618000,882.874703,1168,70,0.096751,0.2812
15620000,884.856527,1150,78,0.346287,0.3203
15622000,962.921998,1163,85,0.263722,0.2891
15624000,932.274335,1187,80,0.228538,0.2812
15626000,949.314200,1170,97,0.231314,0.2969
15628000,942.972294,1172,82,0.204280,0.3125
15630000,921.566806,1170,80,0.221787,0.2891
15632000,936.355276,1186,79,0.187340,0.3594
15634000,870.642335,1156,90,0.124811,0.2969
15636000,868.482158,1166,74,0.127354,0.2891
15638000,883.606175,1190,77,0.105888,0.2500
15640000,1078.437167,1204,70,0.264829,0.2812
15642000,939.147392,1204,75,0.105726,0.3516
15644000,942.774431,1206,68,0.138216,0.2500
15646000,925.273287,1178,77,0.129756,0.3047
15648000,891.524251,1186,79,0.091163,0.3047
15650000,920.306872,1184,87,0.074350,0.2812
15652000,893.380656,1191,77,0.062344,0.3750
15654000,787.738112,1205,78,0.038911,0.2969
15656000,755.215404,1197,67,0.015233,0.3203
15658000,741.418075,1206,67,0.022181,0.2969
15660000,788.778199,1229,58,0.003005,0.2578
15662000,783.767491,1215,61,0.001505,0.3125
15664000,759.769966,1202,66,0.045722,0.2344
15666000,769.219016,1189,75,0.000037,0.2656
15668000,934.304550,1206,77,0.196686,0.3438
15670000,911.194211,1208,73,0.201071,0.2578
15672000,897.600400,1208,70,0.185250,0.2656
15674000,874.200700,1239,53,0.052824,0.2188
15676000,906.754252,1218,83,0.056758,0.3203
15678000,792.029644,1219,63,0.004747,0.2266
15680000,814.351660,1203,74,0.005911,0.2578
15682000,813.695504,1232,64,0.007846,0.2422
15684000,817.399366,1214,67,0.026927,0.1875
15686000,814.206704,1224,64,0.028356,0.3125
15688000,809.972030,1200,70,0.047048,0.2266
15690000,810.173987,1196,74,0.033586,0.2188
15692000,959.088715,1207,59,0.089477,0.2812
15694000,953.416960,1234,57,0.086322,0.3438
15696000,858.316598,1243,48,0.009884,0.2891
15698000,871.355275,1250,49,0.007320,0.2969
15700000,889.995115,1247,60,0.014166,0.3281
15702000,1005.190380,1227,61,0.015258,0.2188
15704000,760.012912,1243,58,0.065997,0.2656
15706000,774.144510,1208,74,0.130256,0.2734
15708000,758.620671,1212,84,0.093403,0.3984
15710000,737.313958,1218,68,0.087245,0.2656
15712000,744.196598,1212,78,0.063147,0.2422
15714000,681.234731,1199,80,0.028526,0.2500
15716000,982.445543,1200,73,0.414990,0.2656
15718000,978.414630,1197,67,0.271210,0.2656
15720000,950.290934,1205,66,0.395325,0.2891
15722000,923.527847,1194,81,0.334062,0.3047
15724000,901.859759,1215,60,0.254972,0.2812
15726000,892.606375,1248,48,0.156695,0.3438
15728000,928.956510,1232,54,0.213858,0.2500
15730000,762.883859,1207,76,0.108624,0.2578
15732000,767.980734,1201,59,0.097434,0.2969
15734000,767.433667,1193,68,0.087269,0.2656
15736000,787.916767,1203,65,0.047225,0.2812
15738000,772.989358,1216,65,0.059466,0.2344
15740000,683.612190,1217,68,0.026771,0.2344
15742000,670.657391,1187,62,0.028197,0.3125
15744000,692.773384,1187,73,0.027695,0.2969
15746000,670.844600,1183,76,0.021136,0.2656
15748000,693.645664,1186,69,0.031118,0.3516
15750000,699.971947,1187,71,0.028490,0.2422
15752000,683.043047,1189,77,0.029455,0.3047
15754000,690.075608,1185,87,0.041935,0.2500
15756000,663.103815,1180,80,0.044515,0.3125
15758000,666.970707,1186,75,0.039256,0.2969
15760000,703.373715,1179,82,0.064978,0.3438
15762000,702.402899,1203,68,0.193213,0.3047
15764000,704.395727,1188,66,0.187251,0.2891
15766000,737.472571,1206,59,0.172450,0.3047
15768000,735.802270,1201,66,0.160017,0.2734
15770000,725.408592,1177,83,0.133646,0.3438
15772000,706.761843,1198,60,0.121046,0.2422
15774000,704.826863,1205,64,0.099387,0.2266
15776000,783.691420,1191,76,0.050069,0.2812
15778000,843.134486,1185,88,0.038034,0.2891
15780000,848.959619,1200,78,0.038735,0.2656
15782000,856.219675,1183,81,0.056597,0.3672
15784000,791.146910,1181,74,0.034497,0.3984
15786000,867.002742,1179,69,0.003478,0.3281
15788000,863.959467,1173,85,0.005445,0.3203
15790000,886.531611,1204,55,0.009384,0.2734
15792000,871.122044,1235,59,0.004331,0.2578
15794000,917.251823,1210,78,0.039735,0.3047
15796000,977.705023,1194,74,0.039829,0.3203
15798000,890.183531,1176,90,0.006531,0.3047
15800000,905.934046,1182,77,0.006328,0.3906
15802000,903.289638,1187,84,0.003645,0.2812
15804000,892.484651,1176,79,0.082835,0.3750
15806000,948.598675,1186,79,0.045501,0.2891
15808000,927.945374,1184,84,0.033555,0.3438
15810000,969.100966,1211,67,0.062762,0.2578
15812000,988.471766,1209,58,0.049544,0.2734
15814000,968.617180,1217,63,0.054972,0.2891
15816000,961.964700,1199,76,0.024603,0.2188
15818000,977.094527,1198,71,0.011322,0.2969
15820000,1007.552759,1193,84,0.017225,0.2656
15822000,997.891475,1184,84,0.021118,0.3047
15824000,900.507587,1211,75,0.005106,0.2500
15826000,997.383827,1205,81,0.067196,0.3906
15828000,1015.932487,1223,64,0.068053,0.2109
15830000,975.885784,1225,66,0.030019,0.2734
15832000,991.803424,1227,62,0.059340,0.3281
15834000,1066.344508,1237,58,0.419369,0.3281
15836000,1017.603815,1206,71,0.450064,0.2891
15838000,1104.367923,1193,66,0.481546,0.3281
15840000,1241.476375,1188,80,0.505293,0.3125
15842000,1237.028551,1196,80,0.519731,0.3047
15844000,1071.611675,1199,77,0.463202,0.3516
15846000,1033.275931,1202,67,0.404683,0.2266
15848000,891.492876,1224,72,0.201511,0.3047
15850000,807.551406,1208,73,0.155905,0.2344
15852000,784.646383,1198,80,0.120526,0.3359
15854000,843.898406,1191,85,0.152144,0.1875
15856000,839.720364,1219,76,0.119142,0.3359
15858000,869.509647,1197,68,0.155471,0.2812
15860000,948.138920,1201,70,0.178453,0.2500
15862000,917.257259,1192,75,0.156316,0.3438
15864000,924.357820,1189,74,0.215759,0.3125
15866000,895.391435,1208,69,0.126621,0.2500
15868000,833.029564,1188,74,0.157206,0.3594
15870000,828.252443,1174,94,0.159812,0.3047
15872000,866.141755,1204,71,0.199855,0.3828
15874000,863.801838,1187,75,0.148316,0.2891
15876000,829.807711,1165,68,0.171792,0.2969
15878000,858.125123,1178,79,0.157648,0.3125
15880000,908.692691,1217,63,0.110755,0.3203
15882000,921.633542,1211,76,0.104752,0.2500
15884000,889.350086,1204,71,0.093802,0.2812
15886000,853.173160,1197,80,0.033230,0.3672
15888000,856.592975,1207,80,0.044112,0.2812
15890000,856.304347,1204,81,0.052275,0.2109
15892000,853.505307,1229,60,0.035256,0.2578
15894000,804.170551,1234,70,0.032177,0.2578
15896000,891.518875,1230,66,0.009176,0.2969
15898000,869.285576,1219,73,0.002311,0.3047
15900000,866.967406,1205,80,0.004397,0.3281
15902000,870.929270,1220,66,0.003645,0.3125
15904000,869.042675,1191,76,0.001144,0.3516
15906000,868.527900,1181,79,0.011370,0.3281
15908000,863.461724,1201,66,0.008901,0.2734
15910000,887.861155,1198,74,0.020450,0.3438
15912000,868.845804,1195,66,0.017327,0.2500
15914000,849.122902,1216,55,0.030926,0.2266
15916000,944.984075,1210,56,0.064858,0.2344
15918000,942.080246,1174,75,0.061894,0.3750
15920000,949.433595,1177,73,0.051744,0.3828
15922000,951.200211,1184,68,0.050399,0.2969
15924000,940.272828,1197,70,0.027509,0.2188
15926000,938.194663,1172,90,0.021141,0.3203
15928000,930.196630,1191,71,0.010299,0.3125
15930000,907.354840,1180,81,0.013327,0.2891
15932000,931.283952,1178,71,0.034530,0.3125
15934000,1159.787510,1192,60,0.352083,0.2578
15936000,1158.281279,1202,81,0.353536,0.2969
15938000,1205.963462,1184,80,0.359053,0.3125
15940000,1003.293639,1163,85,0.178638,0.3984
15942000,916.364118,1165,79,0.133029,0.2891
15944000,815.971583,1193,66,0.026692,0.2500
15946000,848.180846,1197,65,0.019924,0.3125
15948000,878.386491,1189,78,0.006654,0.2969
15950000,888.061047,1175,87,0.040183,0.2969
15952000,878.089207,1170,79,0.037909,0.3516
15954000,909.662687,1180,73,0.074836,0.2500
15956000,864.511470,1191,65,0.062132,0.2969
15958000,905.370455,1194,78,0.062956,0.3672
15960000,887.744819,1183,82,0.082175,0.2734
15962000,897.309070,1197,65,0.071748,0.2578
15964000,862.963607,1173,71,0.047702,0.2969
15966000,914.213830,1183,85,0.037581,0.3203
15968000,828.089503,1211,73,0.021403,0.2422
15970000,760.758495,1203,79,0.034285,0.3047
15972000,731.388284,1159,86,0.025181,0.3516
15974000,932.559384,1164,87,0.073360,0.2969
15976000,901.428518,1168,91,0.083317,0.3359
15978000,923.425255,1170,82,0.093839,0.2500
15980000,892.102075,1154,73,0.045220,0.2891
15982000,1066.632926,1186,72,0.176686,0.2578
15984000,1062.295095,1195,80,0.192937,0.3672
15986000,1058.012051,1185,74,0.182971,0.3047
15988000,1052.756851,1198,72,0.176369,0.2734
15990000,1057.478830,1186,89,0.168951,0.3281
15992000,1056.031560,1193,73,0.208780,0.2734
15994000,1075.154231,1202,73,0.174107,0.3359
15996000,1040.156462,1179,85,0.292507,0.2266
15998000,1077.902134,1186,72,0.271872,0.2812
16000000,1137.681934,1192,80,0.351534,0.3359
16002000,1148.798206,1216,76,0.264134,0.3750
16004000,1089.528094,1232,53,0.261233,0.2031
16006000,1081.487315,1214,71,0.266851,0.2422
16008000,976.501687,1213,53,0.147993,0.3203
16010000,1040.079096,1202,70,0.108826,0.2969
16012000,1033.118367,1202,80,0.106455,0.2969
16014000,1261.760395,1190,91,0.363821,0.3906
16016000,1124.300783,1211,68,0.265772,0.2969
16018000,1099.669038,1181,78,0.266173,0.2734
16020000,1007.592359,1215,66,0.194758,0.3281
16022000,975.255943,1212,66,0.298669,0.2734
16024000,955.033379,1219,58,0.270236,0.2344
16026000,996.266911,1207,74,0.220748,0.2266
16028000,990.400512,1181,83,0.211324,0.2969
16030000,919.841711,1185,79,0.243663,0.3125
16032000,897.980635,1188,74,0.350641,0.2891
16034000,870.973606,1199,67,0.323052,0.2578
16036000,881.051839,1175,72,0.342780,0.2266
16038000,1059.421038,1159,75,0.372702,0.2734
16040000,973.544455,1197,72,0.240134,0.3203
16042000,979.613235,1204,61,0.248260,0.2422
16044000,913.402651,1201,79,0.135218,0.2969
16046000,875.388438,1200,74,0.110378,0.2422
16048000,884.678715,1215,72,0.099958,0.2891
16050000,849.147139,1229,66,0.063258,0.2344
16052000,877.331731,1220,77,0.139329,0.2891
16054000,883.926440,1204,66,0.200178,0.2812
16056000,914.083806,1202,77,0.230763,0.3047
16058000,907.056860,1200,64,0.210011,0.3359
16060000,1112.601740,1209,69,0.475062,0.3516
16062000,761.850559,1208,78,0.098674,0.3203
16064000,759.036643,1202,74,0.085629,0.2188
16066000,728.284139,1186,81,0.057618,0.3281
16068000,751.594999,1197,71,0.094898,0.2422
16070000,724.566988,1215,71,0.063749,0.2578
16072000,723.144076,1207,74,0.053493,0.2969
16074000,816.024947,1215,74,0.113096,0.3438
16076000,921.810136,1223,70,0.048309,0.2891
16078000,998.839855,1229,59,0.030882,0.2422
16080000,929.448222,1219,71,0.036655,0.2969
16082000,932.501347,1170,80,0.029590,0.3438
16084000,1046.600815,1200,81,0.177332,0.3203
16086000,882.315591,1187,87,0.357442,0.1953
16088000,696.861915,1205,73,0.027771,0.3438
16090000,698.107927,1168,89,0.029834,0.3984
16092000,730.694143,1210,62,0.012209,0.3438
16094000,732.526646,1206,71,0.014844,0.2578
16096000,744.746999,1216,69,0.014052,0.2578
16098000,739.299358,1219,64,0.010995,0.2656
16100000,725.537759,1202,75,0.018066,0.2578
16102000,804.703155,1219,70,0.003881,0.2266
16104000,788.314406,1220,59,0.002744,0.3438
16106000,778.247852,1189,77,0.001719,0.2578
16108000,788.742315,1198,75,0.020468,0.2578
16110000,817.012886,1181,80,0.000730,0.3984
16112000,818.932839,1217,64,0.000273,0.3516
16114000,811.767043,1202,70,0.000118,0.2891
16116000,872.267580,1182,79,0.000470,0.3203
16118000,842.845782,1196,75,0.003913,0.3359
16120000,959.131334,1194,82,0.020567,0.2734
16122000,934.632926,1224,68,0.116977,0.2266
16124000,1021.252622,1227,57,0.056617,0.2500
16126000,999.532560,1210,76,0.047971,0.2422
16128000,1038.882070,1202,86,0.024684,0.3047
16130000,964.791547,1208,73,0.019747,0.2891
16132000,972.918103,1238,67,0.022094,0.3047
16134000,942.004094,1223,70,0.017276,0.2656
16136000,927.918430,1220,63,0.014541,0.2812
16138000,906.112415,1213,58,0.020529,0.2266
16140000,965.146591,1218,61,0.025131,0.2656
16142000,1020.029950,1208,74,0.016631,0.3281
16144000,997.266055,1211,64,0.042811,0.2656
16146000,967.210279,1199,64,0.040744,0.3047
16148000,933.183798,1196,75,0.128978,0.2969
16150000,889.491579,1196,88,0.115557,0.2812
16152000,918.170670,1216,65,0.107449,0.3047
16154000,913.533375,1213,71,0.107131,0.2891
16156000,981.998955,1230,70,0.209294,0.3125
16158000,984.499263,1231,67,0.269837,0.2969
16160000,975.846339,1223,60,0.269681,0.2734
16162000,933.993519,1228,63,0.176710,0.3516
16164000,980.747803,1205,86,0.077969,0.2734
16166000,923.929375,1181,85,0.155031,0.3516
16168000,905.919735,1206,74,0.179410,0.2500
16170000,1017.515278,1201,81,0.027135,0.2422
16172000,940.563420,1192,63,0.080501,0.3203
16174000,948.373750,1194,62,0.094797,0.2656
16176000,950.370876,1209,62,0.088319,0.2422
16178000,862.177552,1197,79,0.107008,0.2188
16180000,894.608088,1168,71,0.083538,0.3281
16182000,862.817987,1170,66,0.062129,0.3047
16184000,880.509704,1168,93,0.074830,0.3516
16186000,914.834952,1184,80,0.068828,0.2891
16188000,964.017702,1200,62,0.069726,0.2812
16190000,936.685175,1197,72,0.119029,0.2734
16192000,965.092862,1202,73,0.194470,0.2422
16194000,970.644950,1183,79,0.171537,0.2734
16196000,978.289918,1198,82,0.195646,0.2344
16198000,983.643579,1194,84,0.106432,0.2734
16200000,944.209603,1199,87,0.069498,0.2969
16202000,956.552076,1171,88,0.367227,0.3594
16204000,958.167195,1180,79,0.269672,0.3047
16206000,988.758878,1203,77,0.286111,0.2500
16208000,973.069215,1204,77,0.300293,0.2812
16210000,1025.280667,1210,68,0.283061,0.3828
16212000,1031.220000,1193,71,0.310451,0.3281
16214000,1043.485542,1194,83,0.311604,0.3359
16216000,1015.642668,1209,77,0.337747,0.3750
16218000,860.714382,1180,81,0.366988,0.3203
16220000,845.109547,1184,70,0.227523,0.2734
16222000,851.235100,1200,64,0.212395,0.3359
16224000,887.451374,1198,68,0.158907,0.2344
16226000,1083.297992,1193,56,0.448178,0.3438
16228000,1077.715203,1185,77,0.485000,0.2969
16230000,1041.581784,1174,76,0.479274,0.2500
16232000,906.944296,1176,82,0.419964,0.3203
16234000,927.327775,1172,83,0.440923,0.2891
16236000,862.055020,1188,75,0.279881,0.2344
16238000,892.311078,1179,71,0.051315,0.3203
16240000,819.864887,1167,77,0.323792,0.2969
16242000,850.763912,1164,76,0.023316,0.3750
16244000,886.499934,1169,72,0.050494,0.3594
16246000,713.254095,1160,78,0.023904,0.3750
16248000,808.719895,1176,82,0.150025,0.2969
16250000,799.848703,1196,69,0.157875,0.3359
16252000,691.019979,1195,55,0.039993,0.2422
16254000,699.340182,1170,64,0.057189,0.2422
16256000,698.492182,1156,78,0.051333,0.3750
16258000,692.312278,1159,77,0.059859,0.3203
16260000,699.201055,1176,77,0.041418,0.3516
16262000,729.612230,1174,78,0.052634,0.2812
16264000,709.008915,1190,82,0.052953,0.3047
16266000,793.290299,1174,78,0.090671,0.2891
16268000,779.734790,1184,76,0.081324,0.2656
16270000,813.875100,1195,66,0.083408,0.2344
16272000,802.100935,1187,66,0.087003,0.3281
16274000,827.797171,1185,75,0.068253,0.4297
16276000,822.105708,1162,72,0.079036,0.2969
16278000,832.989143,1188,70,0.060430,0.2422
16280000,823.544495,1212,56,0.064939,0.2891
16282000,817.238750,1228,62,0.055913,0.2656
16284000,882.393200,1185,80,0.034537,0.3125
16286000,901.613507,1205,73,0.211016,0.3438
16288000,886.140235,1171,93,0.253624,0.3047
16290000,983.355103,1192,78,0.213650,0.3750
16292000,810.584843,1199,77,0.026580,0.2578
16294000,771.466179,1189,77,0.032985,0.3203
16296000,786.097311,1201,69,0.045576,0.2969
16298000,849.190280,1212,59,0.051575,0.2578
16300000,892.825632,1223,58,0.052233,0.2188
16302000,896.896302,1187,67,0.102150,0.2812
16304000,926.795571,1180,72,0.130568,0.2500
16306000,852.848342,1199,60,0.210031,0.2734
16308000,985.219883,1188,79,0.041807,0.2969
16310000,847.184166,1191,72,0.005796,0.2422
16312000,845.607187,1198,69,0.005730,0.2891
16314000,743.596095,1193,79,0.029463,0.2812
16316000,861.325027,1210,63,0.001932,0.3281
16318000,862.262195,1204,73,0.012804,0.3203
16320000,803.429916,1208,77,0.088947,0.3594
16322000,845.733927,1210,61,0.041260,0.2734
16324000,818.662782,1205,65,0.029164,0.3203
16326000,895.201579,1208,87,0.247634,0.3281
16328000,956.070278,1211,79,0.186922,0.3359
16330000,821.632974,1213,85,0.304914,0.2500
16332000,840.579094,1195,83,0.241888,0.3047
16334000,999.889566,1193,75,0.094182,0.2266
16336000,947.334263,1218,71,0.068713,0.2734
16338000,862.663919,1222,77,0.030916,0.2031
16340000,819.823168,1211,63,0.311113,0.2969
16342000,994.754187,1202,67,0.318498,0.2578
16344000,990.177167,1208,63,0.335612,0.2500
16346000,1005.901200,1197,70,0.288738,0.2812
16348000,850.228446,1195,63,0.324524,0.3203
16350000,1034.444555,1170,73,0.291493,0.2969
16352000,1011.274310,1160,76,0.310388,0.3672
16354000,1008.683664,1194,76,0.308190,0.3047
16356000,1080.227870,1203,65,0.357320,0.2578
16358000,1081.773143,1171,74,0.257541,0.3359
16360000,1105.051051,1190,67,0.254373,0.3438
16362000,1110.146294,1197,84,0.238575,0.2891
16364000,1160.413224,1204,67,0.384524,0.2656
16366000,1306.522495,1193,85,0.482767,0.3203
16368000,1279.124879,1208,74,0.576014,0.3828
16370000,1158.076904,1210,74,0.557237,0.3281
16372000,1146.764620,1204,75,0.550429,0.3438
16374000,1028.710156,1196,72,0.535260,0.3281
16376000,1021.046071,1187,91,0.536431,0.2891
16378000,1024.147975,1180,75,0.529923,0.2891
16380000,1004.173215,1195,61,0.538172,0.2578
16382000,962.972456,1190,74,0.556319,0.2734
16384000,1039.902071,1191,78,0.537541,0.2812
16386000,1028.870051,1192,92,0.532378,0.2969
16388000,978.090014,1212,62,0.454070,0.2422
16390000,975.891883,1217,61,0.436709,0.3047
16392000,960.040139,1227,62,0.378717,0.2656
16394000,916.335694,1219,66,0.425774,0.2734
16396000,1009.537115,1216,63,0.440911,0.2422
16398000,946.612263,1231,58,0.299057,0.2500
16400000,940.313351,1238,62,0.276846,0.2812
16402000,783.361438,1234,56,0.074986,0.2578
16404000,719.497199,1235,56,0.039280,0.2656
16406000,784.640800,1245,51,0.153545,0.2656
16408000,760.881771,1218,68,0.190305,0.3047
16410000,778.844995,1218,63,0.108640,0.2031
16412000,750.361566,1200,69,0.050386,0.3984
16414000,910.664364,1198,84,0.245428,0.2344
16416000,927.600543,1222,68,0.273287,0.2969
16418000,922.139452,1193,83,0.274945,0.2891
16420000,906.732670,1165,83,0.253744,0.3047
16422000,945.158656,1179,79,0.323791,0.2891
16424000,931.864839,1181,72,0.331821,0.2656
16426000,905.551079,1168,69,0.305710,0.2500
16428000,922.621935,1154,78,0.232181,0.2109
16430000,925.639008,1175,73,0.238591,0.3750
16432000,903.148459,1191,78,0.242942,0.3984
16434000,896.581830,1191,63,0.222937,0.2656
16436000,914.571319,1206,58,0.231831,0.2500
16438000,927.632971,1185,76,0.257565,0.2812
16440000,917.521435,1186,69,0.046701,0.2812
16442000,890.212555,1181,78,0.055032,0.3359
16444000,883.257038,1213,59,0.038787,0.2891
16446000,872.479856,1208,65,0.134954,0.3906
16448000,846.557628,1208,64,0.110117,0.2969
16450000,838.811431,1198,76,0.108125,0.3125
16452000,832.103475,1204,70,0.090318,0.2734
16454000,881.255855,1227,60,0.020257,0.2812
16456000,809.420427,1197,70,0.106244,0.2656
16458000,781.990310,1185,72,0.260030,0.2891
16460000,718.619015,1199,91,0.099529,0.2891
16462000,727.425179,1191,79,0.091184,0.2344
16464000,741.262476,1212,80,0.099194,0.2344
16466000,734.296499,1222,83,0.131106,0.2656
16468000,789.383867,1230,72,0.085346,0.2969
16470000,786.131132,1202,75,0.068001,0.3359
16472000,813.492560,1207,64,0.187297,0.2812
16474000,826.773024,1227,63,0.027961,0.3281
16476000,818.165724,1216,76,0.050130,0.3125
16478000,780.671558,1245,63,0.069789,0.2656
16480000,942.939251,1216,80,0.223395,0.2734
16482000,1014.091415,1240,62,0.224662,0.2656
16484000,847.715148,1233,56,0.059868,0.2344
16486000,784.002534,1239,76,0.031327,0.2969
16488000,809.197276,1234,61,0.016941,0.2969
16490000,885.614062,1224,60,0.100903,0.2969
16492000,859.817960,1239,65,0.185166,0.2109
16494000,843.189496,1220,60,0.080129,0.2344
16496000,1032.441806,1218,68,0.241640,0.2500
16498000,1060.383191,1204,64,0.255165,0.2812
16500000,1053.832219,1213,70,0.187784,0.3281
16502000,1109.858326,1200,78,0.307333,0.2422
16504000,1010.486631,1195,75,0.294749,0.2969
16506000,1121.782504,1219,68,0.365939,0.3516
16508000,1203.212744,1208,77,0.380867,0.2891
16510000,1092.212480,1210,68,0.199794,0.3281
16512000,1031.908207,1182,88,0.213993,0.3359
16514000,896.449096,1188,74,0.152622,0.4219
16516000,933.377150,1168,81,0.167098,0.2891
16518000,957.865022,1185,78,0.371294,0.2500
16520000,899.540814,1196,81,0.253947,0.2891
16522000,1033.854214,1190,74,0.487792,0.2578
16524000,875.044024,1192,80,0.126976,0.3203
16526000,850.583107,1197,73,0.146037,0.3125
16528000,871.480702,1198,82,0.196169,0.3047
16530000,954.641943,1214,73,0.127060,0.3203
16532000,942.403575,1217,61,0.145009,0.2109
16534000,930.882384,1211,87,0.140980,0.2891
16536000,941.906903,1197,92,0.135984,0.2500
16538000,943.827694,1218,69,0.186403,0.3281
16540000,915.868035,1215,63,0.140296,0.3047
16542000,892.202075,1222,56,0.135409,0.2500
16544000,880.980572,1211,68,0.091221,0.2578
16546000,952.143340,1214,67,0.171206,0.3125
16548000,895.377448,1204,70,0.203855,0.3750
16550000,973.417600,1217,64,0.062712,0.3828
16552000,997.703119,1191,73,0.230597,0.3125
16554000,979.093806,1172,75,0.242541,0.3828
16556000,929.115039,1174,98,0.422484,0.3125
16558000,915.918524,1168,85,0.167063,0.3750
16560000,837.462702,1191,80,0.153986,0.3672
16562000,891.577014,1192,82,0.243249,0.2500
16564000,890.986851,1229,73,0.183102,0.2891
16566000,884.732399,1215,64,0.169396,0.2969
16568000,963.526735,1238,64,0.232383,0.2188
16570000,916.427438,1228,65,0.154257,0.2578
16572000,930.365895,1234,59,0.187426,0.2578
16574000,933.338488,1238,68,0.150267,0.2734
16576000,1033.890315,1229,54,0.207645,0.2031
16578000,1019.093788,1240,56,0.229957,0.1562
16580000,993.809599,1218,70,0.251356,0.2812
16582000,996.853587,1205,81,0.304349,0.3281
16584000,750.404012,1205,71,0.265445,0.3047
16586000,768.348150,1202,64,0.282743,0.2500
16588000,690.490719,1212,65,0.070958,0.2422
16590000,678.493135,1162,83,0.078427,0.3203
16592000,666.617007,1179,75,0.079492,0.3438
16594000,655.657230,1193,66,0.078859,0.3125
16596000,651.860284,1180,70,0.075836,0.3125
16598000,655.628615,1168,88,0.058933,0.2969
16600000,664.398191,1186,77,0.062462,0.2578
16602000,660.130135,1220,61,0.008489,0.2891
16604000,687.607678,1199,80,0.031878,0.3125
16606000,697.786359,1194,88,0.027363,0.2422
16608000,694.025260,1163,77,0.029116,0.3047
16610000,742.941307,1177,90,0.020116,0.3125
16612000,703.204015,1186,88,0.020347,0.3281
16614000,727.252000,1192,67,0.036580,0.2969
16616000,741.608731,1199,63,0.032076,0.3047
16618000,756.446615,1197,66,0.032268,0.2500
16620000,770.198815,1180,67,0.038419,0.3125
16622000,768.323500,1197,52,0.032606,0.3281
16624000,782.943158,1184,66,0.051113,0.3594
16626000,768.860910,1144,89,0.057651,0.3516
16628000,816.241750,1169,85,0.294193,0.2891
16630000,793.552096,1176,82,0.226102,0.3359
16632000,790.572550,1153,94,0.088900,0.3828
16634000,813.378736,1163,88,0.078959,0.2969
16636000,703.376319,1175,76,0.001954,0.3516
16638000,703.710207,1186,81,0.001744,0.3125
16640000,731.289359,1176,77,0.002240,0.3125
16642000,742.317596,1175,64,0.003496,0.2734
16644000,751.564635,1175,75,0.000771,0.2344
16646000,713.815360,1181,67,0.013111,0.2578
16648000,833.896366,1181,80,0.282982,0.2578
16650000,935.293371,1180,89,0.228381,0.2656
16652000,971.173462,1168,94,0.090059,0.2969
16654000,911.295071,1203,93,0.053379,0.3594
16656000,806.315184,1214,67,0.103299,0.2500
16658000,809.303471,1189,96,0.203797,0.2578
16660000,802.330515,1185,85,0.212587,0.3203
16662000,802.868024,1174,77,0.209136,0.3516
16664000,798.056014,1189,78,0.195163,0.3750
16666000,831.217334,1186,79,0.110310,0.2656
16668000,886.198067,1213,64,0.241809,0.3438
16670000,923.766995,1198,70,0.267903,0.2656
16672000,920.772860,1181,86,0.270378,0.3672
16674000,903.797751,1178,74,0.257422,0.3047
16676000,904.468998,1215,63,0.245279,0.3047
16678000,1007.341720,1203,68,0.325344,0.2578
16680000,975.309542,1203,75,0.350821,0.2500
16682000,975.597510,1194,65,0.351343,0.3359
16684000,919.244990,1185,85,0.331984,0.2891
16686000,929.776167,1223,60,0.357047,0.3281
16688000,1013.716215,1216,70,0.397882,0.3125
16690000,940.482351,1210,73,0.336216,0.2656
16692000,920.597590,1192,77,0.361047,0.2969
16694000,934.753560,1166,94,0.365171,0.3203
16696000,926.679787,1185,83,0.393064,0.3203
16698000,932.518476,1205,72,0.364228,0.2344
16700000,899.014463,1223,66,0.233706,0.3203
16702000,852.495611,1228,56,0.124246,0.3125
16704000,874.649950,1204,76,0.131926,0.2812
16706000,895.431484,1207,76,0.200121,0.2578
16708000,886.370958,1201,72,0.201632,0.3047
16710000,935.388406,1196,70,0.245948,0.2812
16712000,1020.574975,1206,68,0.290051,0.3125
16714000,1019.892862,1177,70,0.297072,0.2891
16716000,1038.742547,1198,67,0.109413,0.3125
16718000,1027.673555,1188,81,0.116855,0.2656
16720000,1055.156295,1176,85,0.307108,0.2578
16722000,1016.964120,1162,81,0.275127,0.3047
16724000,1072.196907,1168,85,0.153590,0.2188
16726000,1074.804719,1165,81,0.155297,0.3438
16728000,1125.761991,1182,83,0.061250,0.3438
16730000,1184.323639,1164,70,0.139400,0.3594
16732000,993.494974,1173,67,0.271533,0.2578
16734000,1071.087207,1162,85,0.228763,0.2969
16736000,1040.041400,1201,72,0.214509,0.2266
16738000,1216.449374,1179,66,0.333709,0.2656
16740000,1239.709875,1211,62,0.336546,0.2734
16742000,1151.149102,1216,56,0.280655,0.2891
16744000,1227.904995,1217,63,0.295524,0.2891
16746000,1286.010395,1180,70,0.342641,0.1797
16748000,890.441150,1173,67,0.062427,0.2812
16750000,858.893980,1155,85,0.051680,0.3438
16752000,829.032390,1155,87,0.069866,0.2969
16754000,878.859447,1177,75,0.089894,0.2734
16756000,857.934552,1193,82,0.072474,0.3359
16758000,890.152268,1188,75,0.089938,0.3125
16760000,868.862435,1185,87,0.082901,0.3828
16762000,844.739990,1220,59,0.083002,0.3125
16764000,834.905500,1201,69,0.088385,0.3125
16766000,842.826390,1196,74,0.073563,0.3906
16768000,828.699699,1175,79,0.083462,0.2734
16770000,858.516111,1174,80,0.091705,0.3047
16772000,859.709196,1170,84,0.154786,0.3047
16774000,866.084908,1202,80,0.163910,0.1484
16776000,887.540939,1199,68,0.099728,0.2188
16778000,820.832515,1224,59,0.119558,0.2812
16780000,885.200359,1226,63,0.118069,0.3203
16782000,1011.503995,1230,69,0.112515,0.3750
16784000,999.416630,1203,76,0.108283,0.3359
16786000,963.678423,1197,82,0.095570,0.2969
16788000,950.727278,1185,81,0.118387,0.3750
16790000,788.731339,1176,77,0.010327,0.2891
16792000,752.388014,1204,46,0.030757,0.2578
16794000,752.597895,1205,56,0.031012,0.2500
16796000,763.602139,1211,64,0.028906,0.3125
16798000,769.266320,1187,73,0.027670,0.2969
16800000,751.542790,1173,78,0.020689,0.2500
16802000,802.651515,1181,76,0.028025,0.2891
16804000,821.908558,1173,75,0.020397,0.2812
16806000,981.955475,1195,70,0.159611,0.2578
16808000,1021.617062,1199,83,0.277234,0.2969
16810000,999.810088,1183,77,0.266345,0.2891
16812000,975.244511,1212,65,0.222474,0.2109
16814000,939.588355,1184,81,0.198602,0.3359
16816000,943.296750,1184,85,0.225544,0.3203
16818000,959.480220,1172,75,0.231943,0.3047
16820000,973.276027,1170,77,0.346663,0.2500
16822000,926.446655,1183,84,0.242754,0.2656
16824000,952.504995,1198,64,0.205920,0.3984
16826000,1079.467211,1168,80,0.242379,0.3672
16828000,1080.901075,1175,86,0.234366,0.2656
16830000,1010.256510,1163,75,0.207969,0.2969
16832000,963.139875,1185,72,0.222492,0.3047
16834000,847.392063,1193,63,0.091440,0.2656
16836000,843.551295,1191,79,0.072593,0.3047
16838000,928.693459,1189,72,0.371127,0.3281
16840000,968.895278,1179,82,0.413478,0.3828
16842000,937.331840,1160,98,0.356198,0.3281
16844000,1013.070140,1171,82,0.398061,0.2969
16846000,1001.396235,1165,76,0.456876,0.3594
16848000,941.850759,1186,81,0.417749,0.2734
16850000,1064.360992,1177,80,0.375714,0.2969
16852000,1036.521212,1203,66,0.364535,0.2266
16854000,988.561039,1181,81,0.503914,0.3516
16856000,1010.634819,1188,88,0.447453,0.2578
16858000,912.908595,1184,89,0.397819,0.2891
16860000,923.010639,1180,88,0.416006,0.3281
16862000,944.103375,1189,78,0.431975,0.2734
16864000,896.556870,1173,88,0.406355,0.3125
16866000,911.323575,1195,72,0.392669,0.2266
16868000,905.786134,1191,67,0.377781,0.3203
16870000,898.352476,1162,93,0.401835,0.2812
16872000,890.326595,1172,88,0.417884,0.2734
16874000,919.551240,1195,77,0.378842,0.2734
16876000,879.076374,1185,73,0.350951,0.3516
16878000,1035.433775,1173,91,0.437409,0.3359
16880000,986.408910,1165,88,0.461566,0.4219
16882000,1050.787979,1189,100,0.582283,0.2734
16884000,1041.039935,1198,92,0.543619,0.3516
16886000,964.545990,1204,76,0.351052,0.2500
16888000,923.187503,1184,81,0.330546,0.2734
16890000,1146.962816,1206,70,0.304446,0.3594
16892000,1128.587728,1200,77,0.295672,0.2266
16894000,1093.143350,1195,73,0.241038,0.2578
16896000,1094.147606,1183,69,0.348230,0.3438
16898000,1071.442239,1171,85,0.342735,0.3594
16900000,1030.789115,1189,83,0.012848,0.3750
16902000,1157.867563,1213,70,0.145107,0.2344
16904000,1077.238414,1208,65,0.203689,0.2969
16906000,1136.220878,1187,77,0.199853,0.2969
16908000,1040.386415,1190,80,0.279672,0.2812
16910000,916.338854,1206,71,0.393133,0.2656
16912000,943.489406,1200,69,0.418895,0.3359
16914000,1012.113723,1210,68,0.458099,0.2500
16916000,994.262062,1189,79,0.404588,0.3516
16918000,1125.257528,1198,68,0.593089,0.2656
16920000,972.704419,1216,66,0.433101,0.2734
16922000,1014.545150,1222,53,0.426807,0.2656
16924000,1040.123756,1226,63,0.412056,0.2266
16926000,902.646094,1213,73,0.288951,0.2266
16928000,828.788870,1191,80,0.191760,0.2422
16930000,751.010755,1209,68,0.077295,0.3125
16932000,749.558975,1179,78,0.071647,0.2969
16934000,802.310879,1182,83,0.234269,0.3594
16936000,1132.437295,1205,82,0.443802,0.3203
16938000,1124.275654,1214,70,0.511119,0.2422
16940000,1082.984267,1188,85,0.574537,0.3125
16942000,1125.688223,1194,73,0.593126,0.2734
16944000,789.929422,1211,62,0.319074,0.2734
16946000,789.097819,1196,68,0.281560,0.3359
16948000,784.519167,1200,65,0.242589,0.2500
16950000,776.215775,1188,71,0.228509,0.2891
16952000,791.569224,1184,79,0.178545,0.3438
16954000,699.174044,1216,69,0.106402,0.3359
16956000,759.473134,1222,61,0.080883,0.2812
16958000,804.844999,1229,51,0.202597,0.2422
16960000,705.194543,1215,70,0.069392,0.2578
16962000,686.562455,1198,69,0.074417,0.3125
16964000,719.985208,1205,78,0.074970,0.3359
16966000,748.112715,1233,61,0.034319,0.2656
16968000,755.452798,1223,65,0.027598,0.3438
16970000,747.790039,1191,70,0.073069,0.2656
16972000,816.880315,1188,87,0.022318,0.3047
16974000,957.755990,1197,75,0.133127,0.2891
16976000,972.740992,1198,69,0.140910,0.3516
16978000,983.250118,1199,73,0.185041,0.2812
16980000,789.751630,1195,82,0.016895,0.2656
16982000,798.039227,1190,75,0.024393,0.2578
16984000,790.966880,1198,80,0.039524,0.3125
16986000,801.800310,1171,91,0.009039,0.3516
16988000,801.882694,1169,80,0.005181,0.2578
16990000,960.969815,1175,84,0.279084,0.3125
16992000,794.386622,1195,62,0.032135,0.2969
16994000,740.552318,1197,72,0.051668,0.3672
16996000,737.317958,1182,74,0.044320,0.3047
16998000,741.220623,1193,71,0.040488,0.3516
17000000,715.010350,1203,68,0.054531,0.2188
17002000,814.705744,1200,71,0.153103,0.3125
17004000,798.444467,1191,69,0.159724,0.2656
17006000,810.055287,1178,73,0.157530,0.2969
17008000,781.116110,1181,84,0.114571,0.2500
17010000,805.803915,1204,70,0.177053,0.3047
17012000,776.546550,1200,69,0.126924,0.2891
17014000,773.104771,1204,73,0.117903,0.2266
17016000,773.807918,1188,83,0.101020,0.2891
17018000,773.358494,1159,90,0.111003,0.3750
17020000,831.651350,1161,75,0.025932,0.3438
17022000,862.220851,1156,82,0.022226,0.2812
17024000,915.427158,1175,83,0.089720,0.3281
17026000,823.786790,1141,91,0.041870,0.3828
17028000,809.050795,1164,86,0.028212,0.3906
17030000,751.715855,1186,75,0.018262,0.3203
17032000,766.134095,1186,63,0.025746,0.3359
17034000,694.166510,1182,73,0.034444,0.2734
17036000,731.820950,1194,71,0.026019,0.2578
17038000,675.759927,1174,89,0.060144,0.3438
17040000,718.812558,1190,83,0.080498,0.2266
17042000,751.380870,1172,68,0.046414,0.3438
17044000,776.056550,1189,71,0.020022,0.2656
17046000,834.518368,1196,69,0.026111,0.2734
17048000,857.903390,1205,78,0.029420,0.3047
17050000,870.344470,1189,90,0.004598,0.3438
17052000,867.680764,1188,88,0.011553,0.3359
17054000,792.848016,1198,73,0.012552,0.3203
17056000,807.241288,1219,70,0.005187,0.2500
17058000,935.065630,1221,74,0.104273,0.1797
17060000,851.658867,1211,68,0.079833,0.2891
17062000,925.635375,1208,77,0.119385,0.2734
17064000,940.671095,1210,76,0.081755,0.2812
17066000,1053.841607,1207,85,0.164897,0.3672
17068000,984.571526,1211,82,0.096906,0.3203
17070000,1108.784811,1227,67,0.137973,0.3203
17072000,1063.754651,1228,70,0.310388,0.2422
17074000,1061.416763,1224,64,0.330136,0.2812
17076000,1005.156443,1220,69,0.222896,0.2578
17078000,934.662990,1197,81,0.160494,0.3516
17080000,915.318675,1173,79,0.153204,0.3125
17082000,948.399103,1173,80,0.137905,0.2031
17084000,905.767603,1181,84,0.066582,0.3281
17086000,963.111782,1189,64,0.098424,0.3125
17088000,986.931868,1179,73,0.132583,0.3125
17090000,836.016742,1178,69,0.108044,0.3516
17092000,791.931974,1176,69,0.045109,0.2500
17094000,889.123987,1193,79,0.020948,0.3594
17096000,893.816584,1180,73,0.126183,0.2812
17098000,835.597800,1175,78,0.119143,0.2734
17100000,817.833259,1193,66,0.075037,0.2734
17102000,904.129390,1189,72,0.145442,0.3203
17104000,1079.461574,1186,72,0.335682,0.2812
17106000,897.686983,1205,59,0.218047,0.3438
17108000,814.184911,1187,69,0.277938,0.2422
17110000,806.959710,1171,76,0.265981,0.3203
17112000,825.508588,1173,83,0.266691,0.2422
17114000,803.946559,1194,67,0.278085,0.3203
17116000,798.552835,1188,85,0.226935,0.2969
17118000,797.256582,1187,69,0.228177,0.2812
17120000,782.355179,1179,73,0.245834,0.3281
17122000,757.292862,1177,77,0.166525,0.2969
17124000,787.787395,1160,83,0.183318,0.2266
17126000,778.965295,1180,73,0.198270,0.2891
17128000,803.572278,1193,61,0.230450,0.3125
17130000,786.114320,1176,66,0.218322,0.3047
17132000,792.154830,1178,69,0.211596,0.3281
17134000,659.586876,1181,69,0.195081,0.2812
17136000,664.107531,1199,82,0.217776,0.3438
17138000,745.703510,1199,71,0.220691,0.3281
17140000,675.191395,1200,66,0.149530,0.2891
17142000,692.447519,1235,55,0.168744,0.2344
17144000,736.225715,1212,48,0.289409,0.2344
17146000,751.216339,1199,72,0.302102,0.2891
17148000,812.155734,1195,86,0.348630,0.2891
17150000,916.072854,1197,71,0.348257,0.2734
17152000,1101.016582,1165,80,0.482443,0.3750
17154000,1046.883936,1209,64,0.421877,0.2578
17156000,1036.406615,1196,68,0.334615,0.3203
17158000,1015.530720,1190,70,0.287577,0.2578
17160000,978.067150,1174,88,0.256867,0.2891
17162000,976.435275,1192,72,0.266569,0.2422
17164000,803.051223,1190,75,0.005487,0.2812
17166000,788.996915,1220,59,0.014786,0.2578
17168000,780.112479,1213,69,0.001070,0.3203
17170000,689.889519,1236,62,0.004815,0.2969
17172000,733.361063,1188,67,0.005583,0.2656
17174000,735.408108,1191,78,0.006071,0.3672
17176000,737.273006,1184,85,0.010562,0.3047
17178000,713.937830,1190,84,0.029606,0.3359
17180000,838.653980,1195,79,0.007277,0.3984
17182000,832.065052,1190,78,0.019167,0.3047
17184000,868.047836,1207,72,0.077162,0.2812
17186000,885.108710,1223,78,0.112470,0.2344
17188000,1096.610302,1214,69,0.107422,0.2969
17190000,974.556220,1199,74,0.134870,0.3125
17192000,963.010547,1205,80,0.142388,0.2734
17194000,1013.595326,1205,61,0.066004,0.2578
17196000,742.470030,1228,73,0.022306,0.2734
17198000,764.930822,1215,69,0.027055,0.2734
17200000,758.130108,1220,60,0.027133,0.2734
17202000,737.370155,1203,66,0.026513,0.2500
17204000,797.276332,1201,76,0.039100,0.2969
17206000,757.768750,1203,62,0.051731,0.2500
17208000,852.889919,1211,79,0.051373,0.3281
17210000,699.410350,1222,72,0.014498,0.2656
17212000,1118.542230,1238,63,0.421234,0.2422
17214000,1210.912267,1239,59,0.239514,0.2891
17216000,1278.650779,1225,69,0.241573,0.3672
17218000,1223.304143,1227,64,0.273346,0.3281
17220000,1143.431750,1229,74,0.210866,0.3047
17222000,1207.813727,1197,81,0.232714,0.2734
17224000,1122.662328,1200,78,0.377083,0.2969
17226000,1034.624095,1175,80,0.095424,0.2734
17228000,1130.745151,1182,76,0.071512,0.3594
17230000,1092.698168,1176,83,0.112161,0.3203
17232000,994.791478,1189,82,0.059961,0.3125
17234000,979.461640,1208,73,0.068427,0.3047
17236000,1230.791435,1206,70,0.198593,0.2656
17238000,1033.170278,1206,69,0.064466,0.2891
17240000,981.053791,1200,67,0.109050,0.2734
17242000,1006.516635,1187,78,0.093985,0.2656
17244000,910.909500,1180,77,0.135527,0.2734
17246000,848.789555,1218,60,0.250667,0.2578
17248000,843.463707,1205,64,0.120293,0.2734
17250000,839.914987,1167,84,0.083035,0.3047
17252000,856.527934,1206,75,0.033924,0.3047
17254000,931.933150,1217,70,0.062383,0.2969
17256000,901.647910,1195,74,0.064390,0.3125
17258000,818.271448,1185,71,0.081842,0.3125
17260000,850.719483,1196,69,0.079658,0.2812
17262000,800.754918,1179,75,0.100807,0.3359
17264000,793.638300,1198,78,0.069146,0.3359
17266000,793.808359,1184,78,0.070396,0.3359
17268000,746.690959,1155,94,0.041036,0.3594
17270000,775.867571,1157,99,0.046223,0.3047
17272000,779.581070,1177,77,0.036274,0.3281
17274000,776.563255,1205,67,0.022676,0.2734
17276000,777.928864,1182,73,0.031291,0.2812
17278000,789.762787,1186,60,0.023538,0.3438
17280000,787.521246,1190,77,0.022370,0.2344
17282000,817.559800,1185,86,0.049318,0.3047
17284000,838.976174,1181,87,0.073303,0.2812
17286000,920.696607,1177,83,0.215152,0.3594
17288000,918.798454,1158,88,0.217900,0.3281
17290000,926.015038,1172,84,0.218872,0.2891
17292000,883.155520,1188,75,0.199933,0.3047
17294000,851.278875,1195,82,0.198972,0.2266
17296000,867.260167,1177,87,0.090457,0.2969
17298000,767.132699,1170,79,0.107859,0.2656
17300000,853.370014,1199,71,0.115915,0.2969
17302000,735.832558,1186,73,0.076669,0.3125
17304000,800.359548,1207,56,0.120523,0.2812
17306000,805.227367,1193,74,0.143263,0.3047
17308000,809.563655,1201,71,0.138816,0.3125
17310000,809.254140,1200,70,0.155709,0.2422
17312000,838.150059,1181,75,0.041847,0.2969
17314000,761.413612,1180,81,0.026876,0.2969
17316000,756.877067,1177,73,0.015577,0.3047
17318000,758.780456,1184,70,0.011697,0.2656
17320000,831.781100,1193,76,0.023450,0.3438
17322000,877.684407,1214,71,0.064800,0.2500
17324000,886.436383,1201,71,0.068190,0.2344
17326000,885.445550,1220,65,0.064615,0.3516
17328000,849.224726,1202,71,0.281860,0.3125
17330000,864.361750,1172,75,0.220600,0.3516
17332000,864.167427,1189,75,0.203408,0.3203
17334000,838.452863,1203,68,0.134037,0.2969
17336000,801.290710,1219,63,0.143801,0.3203
17338000,824.410104,1209,73,0.149936,0.2969
17340000,830.138092,1210,64,0.127761,0.2656
17342000,943.806200,1216,60,0.373330,0.2344
17344000,983.775790,1201,77,0.407460,0.2656
17346000,985.090431,1219,69,0.414260,0.2969
17348000,939.639963,1217,75,0.411377,0.2969
17350000,1056.673774,1199,84,0.322856,0.2578
17352000,1021.782299,1182,85,0.289788,0.3203
17354000,952.111782,1222,61,0.259917,0.3125
17356000,948.440175,1192,84,0.263758,0.3047
17358000,951.400550,1176,96,0.378797,0.3047
17360000,951.103235,1180,83,0.372137,0.3281
17362000,991.393639,1178,87,0.346463,0.3359
17364000,1012.546352,1172,88,0.279452,0.3516
17366000,1022.734060,1177,78,0.280455,0.2500
17368000,1042.042926,1218,75,0.304118,0.2344
17370000,864.644974,1221,67,0.118885,0.2188
17372000,844.981710,1216,65,0.215178,0.3281
17374000,905.286651,1216,66,0.054513,0.2969
17376000,864.438423,1202,74,0.055761,0.3750
17378000,854.329719,1223,76,0.101710,0.2812
17380000,896.045644,1238,65,0.032597,0.2656
17382000,901.640606,1210,78,0.111184,0.3438
17384000,880.676751,1194,79,0.115280,0.3203
17386000,910.676287,1210,76,0.149142,0.2578
17388000,1068.784216,1215,57,0.340952,0.2969
17390000,1080.071835,1186,76,0.419285,0.3203
17392000,891.323255,1202,69,0.264769,0.3203
17394000,902.173190,1225,53,0.244271,0.2891
17396000,935.104143,1226,58,0.253806,0.2812
17398000,922.657078,1229,55,0.228592,0.2109
17400000,1254.484782,1219,68,0.118005,0.2891
17402000,1008.454056,1195,81,0.078129,0.2344
17404000,1001.750607,1199,79,0.061326,0.3594
17406000,1246.059139,1194,77,0.535615,0.2969
17408000,964.691623,1189,85,0.090490,0.3281
17410000,928.613816,1210,67,0.019175,0.2969
17412000,914.810326,1198,74,0.043887,0.3125
17414000,877.657742,1216,81,0.004222,0.2500
17416000,816.083875,1191,81,0.008351,0.3750
17418000,883.051539,1173,89,0.030789,0.3984
17420000,809.988302,1173,94,0.045710,0.2734
17422000,854.710472,1195,75,0.029434,0.2812
17424000,827.201118,1203,66,0.035282,0.3125
17426000,829.017263,1190,78,0.055337,0.3047
17428000,823.925008,1220,58,0.045781,0.2266
17430000,814.936883,1205,61,0.034408,0.2031
17432000,788.968635,1199,69,0.042451,0.3281
17434000,766.052643,1212,62,0.008982,0.3125
17436000,849.117366,1210,70,0.012794,0.3047
17438000,713.879520,1200,72,0.027308,0.3047
17440000,694.219582,1196,78,0.017691,0.3125
17442000,782.960851,1189,84,0.094901,0.4141
17444000,833.713467,1183,79,0.046940,0.3047
17446000,838.921686,1184,74,0.049734,0.2891
17448000,935.940527,1209,70,0.105032,0.3047
17450000,812.943543,1218,54,0.025235,0.1797
17452000,808.860255,1217,66,0.026192,0.3047
17454000,806.025723,1234,52,0.017468,0.2891
17456000,799.862430,1196,91,0.024912,0.2812
17458000,866.527739,1204,79,0.083372,0.3203
17460000,839.392198,1199,77,0.073175,0.2891
17462000,801.345228,1205,72,0.025674,0.3203
17464000,782.760955,1204,83,0.013170,0.2891
17466000,753.873350,1198,71,0.020650,0.3203
17468000,793.187403,1202,66,0.016705,0.2891
17470000,799.030396,1190,72,0.006367,0.2656
17472000,874.535103,1185,72,0.021323,0.2344
17474000,779.140352,1177,80,0.033863,0.3438
17476000,778.096151,1190,77,0.029956,0.3438
17478000,769.903575,1180,75,0.022550,0.3125
17480000,883.847015,1180,84,0.177865,0.2656
17482000,849.925272,1175,80,0.034134,0.2891
17484000,847.079660,1162,80,0.032609,0.3750
17486000,821.445804,1172,70,0.016238,0.3281
17488000,808.655038,1208,62,0.066391,0.2734
17490000,875.525871,1208,64,0.039476,0.3047
17492000,921.444008,1195,75,0.040324,0.3359
17494000,1201.098651,1179,79,0.210606,0.3203
17496000,1152.151788,1179,71,0.254596,0.2422
17498000,1112.077703,1180,65,0.139793,0.3516
17500000,1177.131555,1188,70,0.493652,0.2891
17502000,1034.254366,1181,83,0.339965,0.3047
17504000,1145.892015,1155,86,0.530208,0.3125
17506000,1168.957100,1181,70,0.525422,0.3203
17508000,1095.292567,1184,72,0.280237,0.2734
17510000,942.848990,1196,81,0.179723,0.2891
17512000,939.315075,1173,77,0.168406,0.2812
17514000,811.740120,1189,74,0.037624,0.3281
17516000,823.949035,1190,72,0.069288,0.2812
17518000,810.367095,1189,72,0.057350,0.3125
17520000,840.035452,1192,77,0.019859,0.2578
17522000,799.942591,1200,73,0.086230,0.3438
17524000,809.311283,1222,69,0.050099,0.2891
17526000,826.540638,1240,57,0.060652,0.2188
17528000,901.698319,1214,62,0.099334,0.3047
17530000,903.356135,1209,67,0.108847,0.2734
17532000,984.663660,1215,54,0.129002,0.2969
17534000,999.831656,1173,71,0.156634,0.3203
17536000,949.452830,1179,69,0.125363,0.2578
17538000,934.943443,1185,84,0.024171,0.2812
17540000,1004.157823,1187,65,0.029482,0.2578
17542000,1077.819974,1187,72,0.085000,0.2656
17544000,961.541654,1181,80,0.221437,0.3359
17546000,968.439511,1179,85,0.220818,0.2969
17548000,809.764303,1180,62,0.207861,0.3203
17550000,764.124195,1198,65,0.232844,0.3203
17552000,759.090270,1185,86,0.225634,0.2734
17554000,1048.632047,1182,94,0.274458,0.3125
17556000,1059.931550,1202,85,0.295094,0.3125
17558000,1037.837200,1201,77,0.240052,0.2891
17560000,987.903190,1229,65,0.181867,0.2656
17562000,1000.612030,1237,70,0.172121,0.2500
17564000,954.319678,1247,67,0.193245,0.2812
17566000,865.243160,1245,61,0.134257,0.2656
17568000,844.466659,1214,61,0.135629,0.2969
17570000,885.657120,1240,64,0.143657,0.2891
17572000,871.660195,1231,65,0.117840,0.2812
17574000,856.293519,1250,57,0.091343,0.2109
17576000,822.003624,1234,63,0.065312,0.2500
17578000,830.894124,1248,50,0.083278,0.3359
17580000,707.664534,1219,71,0.064348,0.3047
17582000,702.281500,1215,73,0.080525,0.3047
17584000,704.078763,1215,63,0.104146,0.2891
17586000,721.784275,1184,76,0.142276,0.3672
17588000,734.500502,1202,74,0.153066,0.3672
17590000,664.740275,1208,76,0.064154,0.2656
17592000,745.623739,1193,74,0.018051,0.2656
17594000,911.046015,1171,91,0.150495,0.3516
17596000,873.523968,1188,63,0.144032,0.2500
17598000,846.088766,1191,68,0.175309,0.2656
17600000,848.914958,1172,81,0.160589,0.2734
17602000,814.352887,1205,67,0.220068,0.2344
17604000,881.128091,1214,71,0.100963,0.2656
17606000,818.499691,1172,83,0.140135,0.3125
17608000,789.609423,1185,83,0.098898,0.2969
17610000,899.313900,1184,77,0.168314,0.3594
17612000,1071.829343,1179,77,0.234432,0.3594
17614000,946.672588,1221,69,0.243519,0.3125
17616000,927.971719,1220,70,0.191753,0.2891
17618000,991.251932,1233,56,0.203018,0.3281
17620000,902.567195,1228,51,0.288523,0.2969
17622000,857.412334,1202,60,0.292224,0.3047
17624000,994.790899,1185,72,0.384299,0.2656
17626000,1012.698316,1209,68,0.350741,0.2188
17628000,1043.155630,1200,69,0.541658,0.3438
17630000,1040.888172,1195,65,0.247134,0.3516
17632000,943.501055,1199,69,0.075779,0.2656
17634000,880.511950,1184,85,0.120582,0.3438
17636000,928.092563,1195,74,0.074229,0.2969
17638000,926.419832,1204,71,0.046086,0.3594
17640000,897.869167,1229,78,0.103757,0.3203
17642000,910.575374,1236,62,0.110697,0.2656
17644000,919.298455,1206,71,0.117561,0.3047
17646000,902.809278,1210,68,0.099350,0.2500
17648000,932.235983,1205,59,0.142357,0.2109
17650000,907.501875,1193,83,0.149903,0.3750
17652000,915.993347,1213,67,0.141396,0.2891
17654000,928.992908,1203,72,0.131193,0.2734
17656000,1011.582622,1199,73,0.255525,0.2656
17658000,912.065128,1192,74,0.103816,0.2969
17660000,917.540894,1196,63,0.108796,0.3203
17662000,971.431147,1219,67,0.383077,0.3906
17664000,1036.792979,1204,71,0.390874,0.3438
17666000,1033.672630,1212,68,0.173066,0.3984
17668000,1026.654975,1200,69,0.261137,0.2812
17670000,1029.527670,1196,73,0.275857,0.2578
17672000,1076.632302,1182,79,0.323664,0.3906
17674000,1068.026672,1191,68,0.353567,0.2656
17676000,1004.816415,1198,74,0.352637,0.2266
17678000,992.461267,1181,78,0.358311,0.2734
17680000,781.978391,1191,78,0.066801,0.2891
17682000,808.888411,1179,84,0.072918,0.2656
17684000,838.548135,1211,68,0.084690,0.3594
17686000,819.861083,1205,68,0.078770,0.2422
17688000,836.756320,1189,76,0.099928,0.2500
17690000,816.755196,1210,63,0.073324,0.2734
17692000,815.945230,1191,74,0.098309,0.2578
17694000,795.006056,1176,74,0.085067,0.3594
17696000,851.657051,1209,68,0.041750,0.2891
17698000,861.022934,1200,62,0.043653,0.3359
17700000,845.648795,1206,70,0.049849,0.3047
17702000,857.321519,1186,71,0.069106,0.2266
17704000,821.001695,1184,69,0.124851,0.3203
17706000,841.873039,1180,74,0.155342,0.3203
17708000,854.824615,1190,75,0.147876,0.3125
17710000,896.689004,1210,61,0.063344,0.2891
17712000,899.051150,1189,69,0.050679,0.3281
17714000,984.382520,1180,70,0.108286,0.3203
17716000,872.766460,1193,66,0.008676,0.3125
17718000,961.687159,1220,55,0.132222,0.3672
17720000,954.475420,1200,59,0.113782,0.2891
17722000,1002.889036,1188,72,0.151790,0.2969
17724000,953.800940,1189,75,0.137680,0.2578
17726000,973.983723,1178,70,0.247355,0.3984
17728000,1124.452211,1181,73,0.171065,0.3438
17730000,1088.237756,1181,77,0.115772,0.3281
17732000,1090.119080,1173,83,0.136153,0.3438
17734000,1084.049155,1171,78,0.162012,0.3438
17736000,1232.968126,1178,71,0.596465,0.3281
17738000,1041.867487,1179,66,0.289395,0.3906
17740000,958.489415,1211,68,0.300185,0.2188
17742000,934.339150,1201,65,0.077550,0.2891
17744000,914.786222,1195,84,0.070206,0.4141
17746000,936.434131,1192,70,0.132020,0.3438
17748000,956.583703,1221,69,0.130638,0.3203
17750000,945.846831,1206,68,0.120172,0.2656
17752000,889.444300,1193,61,0.025443,0.2188
17754000,902.768700,1196,68,0.024976,0.3359
17756000,794.306304,1181,77,0.019877,0.2891
17758000,830.903399,1210,64,0.044138,0.2578
17760000,789.329900,1188,81,0.031047,0.3516
17762000,945.133566,1203,75,0.159724,0.2734
17764000,952.069480,1210,63,0.225838,0.2734
17766000,954.732284,1207,58,0.254170,0.2422
17768000,949.864094,1210,62,0.209145,0.2578
17770000,1020.783715,1190,87,0.343776,0.2812
17772000,1045.946830,1216,81,0.344824,0.3203
17774000,1023.260540,1203,79,0.327498,0.3125
17776000,1017.543023,1198,87,0.336601,0.3281
17778000,1038.605500,1219,69,0.416274,0.2891
17780000,1192.645363,1200,69,0.457984,0.2734
17782000,1034.186903,1201,66,0.183870,0.3125
17784000,1032.921470,1219,60,0.170381,0.2969
17786000,1041.371699,1210,73,0.239909,0.3281
17788000,1096.173259,1191,84,0.309922,0.3750
17790000,1049.736023,1203,71,0.234910,0.3594
17792000,1257.431615,1214,70,0.192699,0.2891
17794000,1370.625223,1219,73,0.319172,0.3359
17796000,1284.244636,1206,80,0.204308,0.2422
17798000,1260.064319,1215,65,0.120408,0.2891
17800000,1048.697847,1217,69,0.001976,0.2656
17802000,1065.125550,1209,71,0.042205,0.3281
17804000,1298.748339,1211,70,0.148007,0.2344
17806000,1269.318463,1213,78,0.018087,0.3594
17808000,1251.086775,1224,75,0.020873,0.3203
17810000,1253.551999,1230,68,0.190400,0.3359
17812000,1315.005475,1239,59,0.206003,0.2266
17814000,1279.757600,1241,64,0.055491,0.3516
17816000,1283.165500,1219,72,0.083725,0.3438
17818000,1290.701552,1201,76,0.121168,0.2969
17820000,1197.065935,1201,73,0.032537,0.2656
17822000,1116.947975,1192,77,0.055565,0.2031
17824000,1163.917430,1178,82,0.108378,0.2344
17826000,1172.755203,1205,61,0.081947,0.2969
17828000,1098.116600,1219,53,0.127700,0.2500
17830000,1111.474758,1224,63,0.126504,0.2969
17832000,1133.569691,1213,72,0.130832,0.3438
17834000,1099.927823,1232,64,0.003840,0.2969
17836000,1163.929087,1216,77,0.074100,0.3047
17838000,975.216620,1183,76,0.050153,0.3203
17840000,909.193055,1191,75,0.002711,0.3750
17842000,830.644483,1167,73,0.040478,0.2969
17844000,754.823868,1215,68,0.012442,0.3672
17846000,722.904831,1206,76,0.017916,0.2422
17848000,850.403311,1208,69,0.065260,0.2188
17850000,944.798019,1227,48,0.048815,0.1797
17852000,926.886440,1201,72,0.166154,0.2344
17854000,834.189247,1179,76,0.050430,0.3125
17856000,888.341340,1199,77,0.074585,0.3438
17858000,716.584332,1192,73,0.095872,0.3359
17860000,734.515470,1179,82,0.055736,0.2344
17862000,737.415375,1200,70,0.072415,0.3125
17864000,749.375468,1206,71,0.081648,0.2422
17866000,859.945075,1203,72,0.193609,0.3516
17868000,839.587263,1199,63,0.212960,0.2656
17870000,803.905030,1203,62,0.188330,0.2734
17872000,787.872124,1200,62,0.111409,0.2188
17874000,869.056515,1208,76,0.159772,0.3828
17876000,883.190510,1208,61,0.027680,0.3594
17878000,891.950764,1217,63,0.028675,0.2812
17880000,854.517491,1207,71,0.012091,0.3359
17882000,993.213403,1210,55,0.319281,0.3203
17884000,1143.762648,1205,76,0.611759,0.2734
17886000,953.452851,1220,58,0.249956,0.3438
17888000,898.710115,1206,67,0.183990,0.3047
17890000,914.449331,1216,67,0.187658,0.1875
17892000,1008.733451,1219,68,0.275091,0.2656
17894000,891.257939,1209,73,0.096165,0.2656
17896000,899.177918,1222,52,0.090049,0.2500
17898000,1001.516015,1218,64,0.339455,0.3594
17900000,1019.409963,1230,56,0.348983,0.2500
17902000,1193.866827,1210,61,0.262328,0.2812
17904000,1115.718750,1202,77,0.254841,0.3516
17906000,1231.553678,1191,68,0.195201,0.2266
17908000,1493.585720,1194,69,0.492975,0.3125
17910000,1268.306700,1214,64,0.539885,0.2656
17912000,1180.196479,1224,64,0.316066,0.3203
17914000,1312.509443,1213,61,0.318476,0.2344
17916000,993.820635,1198,66,0.258758,0.2656
17918000,999.874267,1196,67,0.266402,0.2891
17920000,1013.642224,1176,81,0.270863,0.3359
17922000,1016.709575,1174,87,0.299807,0.3047
17924000,967.340623,1205,68,0.296966,0.2578
17926000,1116.744888,1198,75,0.098990,0.3359
17928000,1123.880695,1205,77,0.102511,0.2969
17930000,1111.578988,1193,72,0.058667,0.2734
17932000,989.980054,1200,71,0.408245,0.2969
17934000,983.530910,1227,53,0.401810,0.2656
17936000,975.070559,1233,62,0.393163,0.3203
17938000,904.257150,1224,58,0.395837,0.2891
17940000,914.075275,1191,77,0.381160,0.3672
17942000,964.742526,1221,69,0.346014,0.3438
17944000,969.199423,1223,64,0.375516,0.2891
17946000,944.002870,1208,62,0.404652,0.2891
17948000,793.727559,1196,70,0.178909,0.2578
17950000,823.318390,1220,60,0.169812,0.3125
17952000,996.545672,1211,63,0.313317,0.2812
17954000,985.978348,1200,66,0.285769,0.2891
17956000,979.575091,1190,80,0.262670,0.2500
17958000,979.686655,1196,71,0.256223,0.2422
17960000,848.105739,1197,77,0.046160,0.3359
17962000,881.501910,1201,74,0.067662,0.3203
17964000,923.931707,1211,76,0.062081,0.3047
17966000,944.991783,1215,77,0.023065,0.2500
17968000,1003.151580,1206,80,0.077643,0.2969
17970000,814.991014,1196,78,0.234503,0.2500
17972000,812.041920,1193,76,0.283813,0.3125
17974000,846.691464,1217,72,0.203868,0.3125
17976000,852.605555,1219,66,0.196047,0.2578
17978000,1067.790395,1219,69,0.351746,0.3281
17980000,939.405366,1206,66,0.316141,0.2578
17982000,898.404695,1211,67,0.212510,0.3750
17984000,886.618923,1192,83,0.192855,0.3828
17986000,886.553767,1188,84,0.182906,0.3594
17988000,884.749596,1161,96,0.204222,0.2891
17990000,841.551655,1159,94,0.210739,0.4062
17992000,906.544855,1170,79,0.095468,0.3281
17994000,876.138630,1184,74,0.159570,0.2969
17996000,841.036592,1204,72,0.110744,0.2656
17998000,885.812503,1207,66,0.322791,0.1797
18000000,879.158675,1233,55,0.324906,0.2656
18002000,821.762846,1184,79,0.082613,0.1953
18004000,823.006799,1211,67,0.126988,0.2422
18006000,960.490204,1220,67,0.181066,0.2031
18008000,905.311020,1209,69,0.085689,0.2656
18010000,824.865694,1198,73,0.044852,0.2812
18012000,803.933715,1184,72,0.059335,0.3281
18014000,973.420124,1182,76,0.283670,0.2188
18016000,962.710831,1171,82,0.335611,0.3438
18018000,850.557235,1171,66,0.328074,0.2891
18020000,803.603019,1186,75,0.114676,0.2656
18022000,798.917551,1212,74,0.106960,0.2734
18024000,819.044475,1216,81,0.133145,0.2812
18026000,793.632524,1191,74,0.137605,0.3125
18028000,825.388988,1169,84,0.169348,0.3125
18030000,798.872311,1190,76,0.098069,0.2734
18032000,764.737976,1194,87,0.025947,0.2812
18034000,841.112255,1194,74,0.045247,0.2422
18036000,800.675759,1200,78,0.040626,0.2344
18038000,916.104643,1183,84,0.191603,0.2891
18040000,1034.284983,1208,63,0.197073,0.2891
18042000,978.358412,1175,75,0.232236,0.2891
18044000,977.589222,1182,75,0.148232,0.3594
18046000,952.421692,1170,85,0.020467,0.3203
18048000,880.518120,1215,56,0.056187,0.1719
18050000,857.014671,1211,49,0.043352,0.2891
18052000,863.133998,1184,79,0.044870,0.3125
18054000,933.846375,1182,69,0.091384,0.3516
18056000,1030.292779,1190,78,0.090459,0.2656
18058000,1119.972399,1184,73,0.024894,0.3047
18060000,961.483120,1193,84,0.223369,0.3125
18062000,945.534679,1192,83,0.221480,0.2656
18064000,916.372491,1193,61,0.202517,0.2422
18066000,854.753943,1191,74,0.029849,0.2891
18068000,862.622220,1201,81,0.018492,0.3203
18070000,899.779495,1213,70,0.034409,0.3203
18072000,887.960139,1199,77,0.018752,0.3359
18074000,823.271631,1201,88,0.000335,0.3281
18076000,788.780395,1200,73,0.037014,0.3281
18078000,830.820235,1235,57,0.045240,0.3125
18080000,832.497531,1226,69,0.074388,0.2656
18082000,875.319190,1243,63,0.050694,0.2812
18084000,860.371072,1221,68,0.051488,0.2969
18086000,795.380646,1230,63,0.007935,0.2891
18088000,800.315518,1234,67,0.001283,0.2734
18090000,894.689158,1206,67,0.040633,0.2656
18092000,876.861999,1204,79,0.009677,0.3047
18094000,823.312998,1180,77,0.014698,0.2734
18096000,827.684207,1185,84,0.035122,0.2188
18098000,846.773359,1195,73,0.023217,0.3359
18100000,966.151815,1234,65,0.005324,0.2188
18102000,953.415830,1232,69,0.148860,0.3281
18104000,934.609160,1234,68,0.149239,0.3359
18106000,915.050895,1224,68,0.103209,0.3047
18108000,940.067999,1224,62,0.111172,0.2812
18110000,872.784755,1216,78,0.149596,0.3203
18112000,905.194255,1225,55,0.005711,0.3203
18114000,863.557486,1231,67,0.050358,0.2656
18116000,854.345503,1222,75,0.047510,0.2969
18118000,861.321020,1207,71,0.000850,0.2656
18120000,891.327475,1202,68,0.004575,0.2344
18122000,896.067420,1200,72,0.001832,0.3438
18124000,928.979771,1178,81,0.008630,0.3516
18126000,873.986400,1151,97,0.066781,0.3125
18128000,886.972351,1176,77,0.035001,0.2656
18130000,883.912670,1173,72,0.036446,0.3203
18132000,867.834331,1173,75,0.059218,0.3828
18134000,843.782990,1176,82,0.145410,0.3047
18136000,798.299422,1181,68,0.109284,0.2500
18138000,777.655979,1205,73,0.127316,0.3203
18140000,857.379191,1172,85,0.024383,0.3359
18142000,826.909271,1204,80,0.070274,0.3203
18144000,821.731462,1214,62,0.071291,0.2734
18146000,818.486295,1207,66,0.073263,0.3203
18148000,825.602863,1214,63,0.075467,0.2891
18150000,824.670070,1203,69,0.050615,0.2578
18152000,741.421471,1191,81,0.074027,0.3359
18154000,861.849063,1187,93,0.041461,0.2969
18156000,838.612576,1171,89,0.048653,0.3672
18158000,879.186446,1184,81,0.081599,0.2734
18160000,1084.741000,1166,88,0.293266,0.3359
18162000,1070.559950,1167,79,0.262801,0.2578
18164000,934.228880,1169,81,0.135783,0.3203
18166000,1048.149062,1177,79,0.188041,0.3594
18168000,1081.337523,1209,67,0.212432,0.2891
18170000,1349.442663,1234,62,0.287628,0.2031
18172000,1376.181015,1204,63,0.290498,0.2344
18174000,1347.107910,1217,80,0.271999,0.4141
18176000,1454.818390,1223,75,0.303566,0.3516
18178000,1314.136627,1231,72,0.235583,0.4062
18180000,997.415223,1248,68,0.165417,0.3203
18182000,915.127955,1230,70,0.153784,0.3125
18184000,944.363804,1239,58,0.129740,0.3203
18186000,889.283447,1236,53,0.112687,0.3281
18188000,861.555067,1248,55,0.064799,0.3125
18190000,861.810023,1223,56,0.076918,0.2578
18192000,895.879958,1215,68,0.090563,0.2891
18194000,887.815430,1194,75,0.077509,0.2344
18196000,940.978300,1207,72,0.107279,0.3281
18198000,979.232424,1211,81,0.133346,0.2969
18200000,977.080684,1232,75,0.220118,0.3047
18202000,961.306950,1204,69,0.190932,0.2891
18204000,968.474855,1250,49,0.324788,0.2109
18206000,812.724875,1217,64,0.340595,0.2969
18208000,810.372510,1214,71,0.362042,0.2109
18210000,819.449990,1234,65,0.357738,0.3125
18212000,937.511775,1253,55,0.412715,0.2891
18214000,928.467707,1235,62,0.383995,0.2422
18216000,912.282652,1200,59,0.239913,0.2578
18218000,848.622127,1188,84,0.268537,0.3438
18220000,851.544875,1186,79,0.292710,0.3047
18222000,796.598751,1162,76,0.325745,0.3828
18224000,725.376939,1181,67,0.161505,0.1953
18226000,745.981926,1190,68,0.127610,0.2891
18228000,759.523000,1197,73,0.125515,0.2500
18230000,782.868460,1194,76,0.135955,0.2422
18232000,777.673851,1215,65,0.108248,0.3125
18234000,754.366510,1204,71,0.084577,0.2344
18236000,756.013175,1213,65,0.093780,0.3203
18238000,766.382183,1213,77,0.081151,0.3125
18240000,1035.727543,1209,75,0.366792,0.3359
18242000,1068.449931,1229,71,0.378071,0.2969
18244000,1068.569599,1237,72,0.391628,0.3438
18246000,1041.784227,1215,84,0.268188,0.3594
18248000,1003.503894,1204,75,0.231525,0.2969
18250000,1017.783512,1199,76,0.319351,0.3203
18252000,785.126435,1196,84,0.173129,0.3047
18254000,760.137203,1197,67,0.208088,0.3359
18256000,755.422967,1199,71,0.189777,0.2812
18258000,743.689503,1197,70,0.187292,0.2891
18260000,750.314035,1188,75,0.178914,0.2109
18262000,748.695276,1188,78,0.179312,0.2188
18264000,964.228371,1199,81,0.306342,0.3438
18266000,1186.236331,1204,74,0.210110,0.3125
18268000,1171.027350,1206,82,0.236289,0.2578
18270000,1134.241451,1202,70,0.244867,0.3359
18272000,1123.408726,1204,77,0.260601,0.3281
18274000,1035.671747,1183,82,0.251350,0.2891
18276000,1188.031135,1196,73,0.377685,0.2812
18278000,1154.545590,1206,66,0.278148,0.3203
18280000,1188.896200,1210,64,0.308903,0.2969
18282000,1051.495750,1212,53,0.249882,0.2812
18284000,984.432080,1229,62,0.226692,0.3047
18286000,998.644572,1195,86,0.194767,0.2734
18288000,960.103471,1205,66,0.218300,0.3047
18290000,938.824579,1206,69,0.296378,0.2891
18292000,958.895350,1218,64,0.313691,0.2109
18294000,928.472267,1223,65,0.305434,0.2578
18296000,915.524095,1229,56,0.297993,0.3438
18298000,942.655582,1244,53,0.327812,0.3203
18300000,934.843171,1222,67,0.329700,0.2656
18302000,964.685414,1199,77,0.221584,0.2891
18304000,886.970070,1191,73,0.311064,0.3359
18306000,904.114555,1195,77,0.243109,0.3516
18308000,899.653260,1201,67,0.194681,0.3281
18310000,911.583388,1193,67,0.152188,0.3359
18312000,835.916043,1195,71,0.111860,0.3672
18314000,817.336460,1169,90,0.114238,0.3828
18316000,813.463900,1198,83,0.090965,0.2891
18318000,797.670144,1221,67,0.085775,0.3359
18320000,793.729542,1221,62,0.095993,0.2578
18322000,796.876120,1224,70,0.084881,0.3438
18324000,820.224480,1227,75,0.098349,0.2891
18326000,827.438543,1219,71,0.098414,0.2891
18328000,806.428828,1207,67,0.210056,0.2891
18330000,750.973351,1180,70,0.181455,0.2656
18332000,759.654968,1211,62,0.160264,0.2969
18334000,740.734374,1216,69,0.115492,0.2734
18336000,739.190710,1223,68,0.108325,0.2891
18338000,806.673899,1218,77,0.062775,0.3281
18340000,807.846791,1215,63,0.104687,0.2656
18342000,973.227111,1203,72,0.266646,0.2969
18344000,1006.567155,1194,73,0.317314,0.2812
18346000,773.395768,1162,79,0.110427,0.2891
18348000,1065.994615,1174,88,0.405083,0.3281
18350000,987.411308,1198,58,0.369369,0.2578
18352000,912.871275,1205,62,0.299013,0.3203
18354000,838.923980,1199,61,0.209186,0.3281
18356000,852.645875,1191,84,0.202310,0.3672
18358000,685.190748,1197,79,0.080895,0.2344
18360000,852.995575,1174,91,0.086236,0.4453
18362000,850.295479,1196,71,0.067954,0.2500
18364000,904.843667,1179,79,0.122750,0.3047
18366000,1016.853515,1171,87,0.160065,0.3281
18368000,1010.650684,1168,87,0.146657,0.2969
18370000,826.940156,1187,76,0.056775,0.3125
18372000,945.148592,1198,76,0.026210,0.3125
18374000,931.823375,1205,75,0.039231,0.2812
18376000,1028.891910,1199,74,0.160034,0.2891
18378000,1016.753382,1209,72,0.108465,0.3672
18380000,1192.166427,1188,71,0.278285,0.2891
18382000,1201.350752,1178,79,0.239734,0.2969
18384000,1184.278259,1195,70,0.167531,0.3281
18386000,1271.207595,1216,63,0.148228,0.2734
18388000,1356.683923,1211,60,0.363486,0.2812
18390000,1351.136646,1226,62,0.438232,0.2812
18392000,1345.450167,1200,72,0.467541,0.3125
18394000,959.247622,1204,65,0.088861,0.2656
18396000,869.579324,1187,81,0.095389,0.2656
18398000,874.436795,1215,72,0.091479,0.3047
18400000,853.165143,1200,69,0.120672,0.3516
18402000,852.181795,1188,78,0.094351,0.2969
18404000,892.454807,1191,75,0.179400,0.2969
18406000,884.406931,1190,77,0.197007,0.3438
18408000,897.743119,1196,73,0.046284,0.3281
18410000,989.618550,1190,83,0.008914,0.3281
18412000,968.491980,1182,75,0.018555,0.3281
18414000,902.586279,1150,88,0.025938,0.3672
18416000,1063.432248,1163,83,0.040267,0.3203
18418000,930.289750,1181,62,0.078018,0.3438
18420000,906.299228,1163,85,0.078338,0.2734
18422000,870.700283,1187,79,0.034565,0.3203
18424000,953.470427,1188,66,0.077215,0.3047
18426000,897.388270,1188,71,0.060570,0.2812
18428000,961.259388,1195,69,0.154258,0.3047
18430000,965.828251,1184,80,0.171752,0.3125
18432000,942.016203,1174,82,0.107548,0.3359
18434000,1034.523596,1184,77,0.133954,0.3281
18436000,1072.731564,1214,59,0.183841,0.2422
18438000,1056.796347,1205,71,0.196426,0.3828
18440000,1187.843035,1192,84,0.207577,0.3984
18442000,1098.477726,1204,75,0.175250,0.2812
18444000,1016.704839,1205,69,0.211001,0.2812
18446000,1024.912022,1197,86,0.207311,0.3203
18448000,1041.432472,1205,71,0.127171,0.2031
18450000,1095.053179,1198,67,0.193246,0.3047
18452000,1095.858350,1175,75,0.233436,0.2656
18454000,1067.238411,1185,72,0.217923,0.2578
18456000,1053.314150,1170,79,0.345794,0.2812
18458000,1132.997239,1176,78,0.356768,0.3516
18460000,1067.261743,1167,75,0.424304,0.3047
18462000,938.772630,1152,84,0.357103,0.2578
18464000,965.612267,1170,83,0.332901,0.2812
18466000,922.262838,1168,80,0.314661,0.2812
18468000,1034.032995,1146,85,0.370534,0.3672
18470000,975.655918,1163,96,0.331613,0.3203
18472000,973.542620,1165,89,0.368107,0.3203
18474000,1002.412374,1190,77,0.335434,0.2734
18476000,947.788983,1167,80,0.368745,0.3516
18478000,776.906223,1187,65,0.184215,0.3125
18480000,823.584159,1205,69,0.110496,0.2422
18482000,817.314699,1177,78,0.117352,0.2656
18484000,842.120974,1192,77,0.151466,0.2812
18486000,957.398287,1198,76,0.278818,0.2578
18488000,915.269959,1190,73,0.135202,0.2578
18490000,935.535635,1205,64,0.148292,0.2891
18492000,1010.223755,1168,71,0.138503,0.2109
18494000,996.642055,1203,72,0.162872,0.2422
18496000,1157.759166,1180,78,0.275149,0.2891
18498000,1079.888556,1191,78,0.368825,0.3125
18500000,1057.271398,1191,69,0.476436,0.3047
18502000,995.220615,1180,82,0.411225,0.3438
18504000,991.237532,1182,68,0.415272,0.3828
18506000,882.978367,1178,70,0.228466,0.3203
18508000,891.027255,1176,69,0.240226,0.3516
18510000,923.154871,1201,68,0.259895,0.3281
18512000,916.081918,1175,96,0.261239,0.3281
18514000,914.746855,1201,90,0.217423,0.2422
18516000,918.401350,1216,70,0.197645,0.3047
18518000,942.646823,1181,96,0.172304,0.2891
18520000,907.416000,1196,79,0.127933,0.2656
18522000,925.025550,1213,70,0.101461,0.3281
18524000,963.395291,1212,75,0.158144,0.3438
18526000,973.261628,1193,66,0.162832,0.3438
18528000,951.561635,1191,69,0.162983,0.2188
18530000,925.936012,1196,66,0.176433,0.2891
18532000,1030.153830,1169,87,0.217980,0.4375
18534000,1051.627702,1161,76,0.102502,0.3359
18536000,1030.367479,1172,78,0.098721,0.2812
18538000,988.733495,1162,70,0.221722,0.2500
18540000,944.968940,1165,65,0.172162,0.2969
18542000,993.393835,1149,83,0.136483,0.3438
18544000,1018.003259,1205,57,0.145091,0.3047
18546000,1005.567334,1208,74,0.148571,0.2578
18548000,1000.028300,1191,71,0.152095,0.3125
18550000,1029.726739,1217,76,0.129768,0.2969
18552000,1215.054470,1200,62,0.447993,0.3203
18554000,1279.671559,1210,66,0.500698,0.3125
18556000,1514.633455,1212,65,0.576539,0.3203
18558000,1551.314550,1185,85,0.593927,0.3359
18560000,1358.545015,1199,82,0.525850,0.2891
18562000,1321.249932,1196,77,0.473417,0.2656
18564000,1025.351755,1196,83,0.132695,0.3125
18566000,913.557726,1204,75,0.138292,0.3047
18568000,829.489779,1217,62,0.075443,0.2969
18570000,819.159211,1205,70,0.080916,0.3594
18572000,834.636747,1210,68,0.098310,0.2969
18574000,992.547772,1213,61,0.219123,0.2578
18576000,966.182359,1189,85,0.217208,0.3906
18578000,754.500595,1207,68,0.114186,0.2969
18580000,772.426235,1177,87,0.126416,0.3125
18582000,794.284079,1189,75,0.128175,0.2734
18584000,753.858599,1176,82,0.101036,0.3281
18586000,756.845459,1196,83,0.081311,0.3125
18588000,753.297176,1210,67,0.076040,0.3203
18590000,833.208806,1191,79,0.125444,0.3438
18592000,819.708287,1206,80,0.080590,0.2891
18594000,814.328375,1207,78,0.068433,0.3359
18596000,828.319158,1206,67,0.088754,0.3281
18598000,826.992880,1204,77,0.076559,0.3203
18600000,873.073212,1193,76,0.119701,0.2969
18602000,878.933374,1185,74,0.096144,0.2344
18604000,886.686840,1191,91,0.096850,0.3594
18606000,949.180819,1184,82,0.207606,0.2969
18608000,917.760614,1166,87,0.253520,0.2422
18610000,935.884840,1200,61,0.266949,0.2969
18612000,900.686800,1204,79,0.218705,0.2969
18614000,911.546974,1180,76,0.268926,0.3594
18616000,867.028556,1160,79,0.214705,0.3281
18618000,862.380998,1163,88,0.133702,0.3984
18620000,857.213839,1158,92,0.131698,0.3281
18622000,852.205315,1177,77,0.127480,0.3047
18624000,836.727867,1188,76,0.118715,0.2812
18626000,813.674462,1180,83,0.116907,0.3438
18628000,854.331955,1171,77,0.054853,0.3047
18630000,1063.468494,1162,78,0.497230,0.3516
18632000,1020.914280,1136,86,0.510825,0.3672
18634000,1103.840311,1165,83,0.524831,0.3672
18636000,1074.520431,1157,91,0.520370,0.3594
18638000,1079.323566,1169,87,0.556325,0.3281
18640000,1094.926967,1148,87,0.587884,0.3281
18642000,1113.049047,1152,103,0.453482,0.3438
18644000,1123.540744,1187,70,0.593528,0.2734
18646000,1095.209095,1187,83,0.537027,0.2891
18648000,1154.496795,1194,77,0.563753,0.2344
18650000,1151.172358,1210,65,0.453921,0.2969
18652000,1148.789487,1221,74,0.417515,0.2578
18654000,1128.960460,1202,78,0.566103,0.3047
18656000,1084.384912,1205,65,0.462038,0.3359
18658000,1151.119427,1213,69,0.491222,0.2344
18660000,1049.314347,1201,73,0.411057,0.3125
18662000,1007.111070,1211,73,0.375563,0.3594
18664000,1037.928886,1233,63,0.382007,0.2422
18666000,1016.037500,1230,70,0.369583,0.2656
18668000,1116.846363,1224,61,0.345338,0.3203
18670000,1090.491136,1222,75,0.326023,0.3359
18672000,1029.475835,1199,81,0.379509,0.2969
18674000,810.222054,1218,73,0.038379,0.3047
18676000,904.583619,1216,67,0.047032,0.2891
18678000,906.492255,1215,81,0.055597,0.3281
18680000,909.212983,1219,67,0.049669,0.2500
18682000,867.910463,1221,65,0.052498,0.3281
18684000,882.846920,1210,67,0.044345,0.2812
18686000,904.595510,1199,69,0.046910,0.2500
18688000,930.879143,1199,62,0.104963,0.2422
18690000,940.914256,1203,63,0.114049,0.3203
18692000,924.240408,1181,71,0.055338,0.3828
18694000,1114.196035,1193,77,0.131890,0.3047
18696000,1019.000040,1185,83,0.109277,0.2266
18698000,997.116158,1215,75,0.082552,0.3359
18700000,873.677180,1227,61,0.080160,0.2500
18702000,1050.918075,1235,69,0.386935,0.2578
18704000,977.483491,1243,64,0.382322,0.2656
18706000,1057.219843,1228,57,0.437849,0.2891
18708000,1044.758278,1211,69,0.329955,0.2891
18710000,1048.594863,1231,62,0.377968,0.2422
18712000,1129.559342,1202,71,0.438755,0.2969
18714000,1222.644311,1202,72,0.514763,0.2734
18716000,1050.053255,1189,89,0.368225,0.3672
18718000,970.238712,1188,82,0.258873,0.2812
18720000,921.883227,1179,72,0.055275,0.3203
18722000,907.817995,1201,68,0.074169,0.3359
18724000,944.269163,1185,77,0.194459,0.3516
18726000,1121.969760,1195,68,0.402481,0.2656
18728000,1152.911718,1200,77,0.429494,0.2969
18730000,1064.461006,1196,80,0.328682,0.2812
18732000,1108.479000,1199,77,0.392477,0.2500
18734000,1067.305110,1201,64,0.363383,0.3359
18736000,819.471155,1213,57,0.201836,0.2734
18738000,963.162766,1191,75,0.316099,0.2812
18740000,915.250198,1181,75,0.279975,0.3516
18742000,944.074798,1184,76,0.248823,0.2891
18744000,988.512796,1179,83,0.292412,0.3672
18746000,1020.794198,1168,81,0.343758,0.3516
18748000,1063.595575,1174,77,0.337937,0.2812
18750000,1115.579387,1166,99,0.357736,0.2734
18752000,810.772454,1194,70,0.246150,0.3125
18754000,730.811995,1187,73,0.159720,0.4062
18756000,736.391800,1189,80,0.143347,0.3125
18758000,717.554422,1193,79,0.150602,0.2969
18760000,717.824470,1211,65,0.188927,0.2812
18762000,722.548155,1181,73,0.162699,0.2734
18764000,734.798182,1196,73,0.158467,0.2188
18766000,723.111356,1174,77,0.186822,0.3281
18768000,727.090723,1187,80,0.172731,0.2969
18770000,748.350828,1181,87,0.212433,0.2969
18772000,748.338239,1219,65,0.201097,0.2500
18774000,738.809555,1219,61,0.228510,0.2656
18776000,727.172392,1182,81,0.232730,0.3203
18778000,742.523215,1156,89,0.070855,0.2422
18780000,737.788843,1167,85,0.087454,0.3281
18782000,760.747276,1197,74,0.104714,0.3125
18784000,795.079675,1195,66,0.098545,0.3516
18786000,800.589383,1175,87,0.090503,0.2969
18788000,801.307904,1189,83,0.094370,0.2422
18790000,795.074575,1209,63,0.100327,0.2656
18792000,782.655558,1202,66,0.096323,0.2891
18794000,838.611758,1194,75,0.216413,0.3203
18796000,833.441112,1194,73,0.228730,0.2812
18798000,957.593371,1180,64,0.112128,0.3516
18800000,896.553558,1226,57,0.178554,0.2422
18802000,836.459059,1202,68,0.105628,0.3359
18804000,823.969903,1201,71,0.101904,0.3203
18806000,767.678750,1205,63,0.082796,0.3359
18808000,770.767254,1213,72,0.082783,0.2969
18810000,904.431023,1193,76,0.056102,0.2656
18812000,879.378016,1216,61,0.043360,0.3047
18814000,873.048223,1205,78,0.173158,0.2656
18816000,775.756855,1187,68,0.091380,0.2500
18818000,735.462236,1189,67,0.059106,0.2578
18820000,759.383963,1178,78,0.065704,0.2266
18822000,829.674942,1210,70,0.175223,0.3516
18824000,908.614835,1205,65,0.131395,0.2812
18826000,976.335839,1175,75,0.214004,0.3594
18828000,1041.909806,1178,87,0.190956,0.3438
18830000,880.016443,1197,80,0.103961,0.3594
18832000,850.134552,1203,72,0.269400,0.2656
18834000,847.826060,1209,72,0.244019,0.3359
18836000,914.138328,1208,67,0.106263,0.3047
18838000,826.802467,1194,77,0.017836,0.2266
18840000,773.642571,1207,72,0.107750,0.2344
18842000,834.192711,1197,76,0.113415,0.3203
18844000,825.448727,1195,73,0.108597,0.3359
18846000,836.951662,1186,77,0.116188,0.3281
18848000,756.359644,1185,76,0.145139,0.4062
18850000,858.784455,1191,79,0.012156,0.2969
18852000,858.443592,1164,87,0.102181,0.3047
18854000,884.209046,1165,77,0.070790,0.2812
18856000,775.637632,1171,79,0.050134,0.2969
18858000,841.301550,1171,74,0.233945,0.3281
18860000,1016.261230,1190,76,0.354255,0.4297
18862000,1017.465167,1197,71,0.359578,0.2812
18864000,1016.046071,1181,64,0.250548,0.2734
18866000,983.387688,1199,70,0.150189,0.3281
18868000,898.526343,1184,76,0.198385,0.3125
18870000,877.363019,1201,68,0.179458,0.2266
18872000,871.334268,1216,63,0.175613,0.1953
18874000,875.160320,1203,84,0.192070,0.2969
18876000,886.972494,1166,85,0.136495,0.2578
18878000,941.418275,1183,85,0.101204,0.3438
18880000,959.587632,1159,95,0.122827,0.2812
18882000,975.125574,1193,80,0.102951,0.3828
18884000,935.490543,1190,77,0.123978,0.2109
18886000,866.376734,1176,81,0.077558,0.3359
18888000,919.746846,1167,77,0.085367,0.3125
18890000,864.833468,1190,76,0.070594,0.2656
18892000,951.752307,1175,76,0.418611,0.3281
18894000,1026.271167,1176,77,0.473414,0.2578
18896000,1104.855150,1185,66,0.444767,0.3281
18898000,975.694158,1182,67,0.108054,0.3125
18900000,1012.695619,1184,79,0.114490,0.3828
18902000,1020.957998,1156,85,0.236516,0.3438
18904000,768.329651,1172,83,0.160973,0.3203
18906000,784.844374,1192,68,0.167349,0.2578
18908000,708.621387,1195,75,0.139541,0.2422
18910000,663.241990,1188,77,0.128895,0.2891
18912000,774.399175,1204,57,0.137482,0.2266
18914000,739.085923,1213,77,0.101107,0.2734
18916000,717.753635,1202,74,0.139726,0.2812
18918000,810.355072,1216,64,0.154282,0.3047
18920000,810.663382,1206,78,0.100823,0.3438
18922000,837.920315,1205,69,0.117198,0.2812
18924000,916.387548,1196,82,0.198413,0.3359
18926000,825.962271,1193,69,0.158611,0.1953
18928000,837.807822,1199,73,0.148235,0.2969
18930000,869.063160,1192,80,0.118104,0.3125
18932000,1021.523467,1189,86,0.210452,0.3047
18934000,915.769511,1197,65,0.253208,0.2812
18936000,862.334615,1158,87,0.297687,0.3828
18938000,867.041747,1170,74,0.320606,0.2891
18940000,893.943862,1166,70,0.236390,0.3281
18942000,672.968982,1137,90,0.060705,0.3281
18944000,673.130079,1134,93,0.041041,0.3125
18946000,644.946944,1162,83,0.055565,0.2812
18948000,796.459318,1169,79,0.197564,0.3125
18950000,808.484726,1171,74,0.205912,0.2812
18952000,950.377590,1170,79,0.077694,0.2812
18954000,880.644424,1166,93,0.060827,0.4453
18956000,908.043052,1177,86,0.155545,0.3125
18958000,805.017086,1159,88,0.039097,0.3047
18960000,1016.532255,1167,92,0.281280,0.2812
18962000,1002.169192,1172,77,0.201015,0.2891
18964000,942.281063,1175,80,0.219910,0.2656
18966000,848.878342,1153,86,0.074364,0.2734
18968000,840.115899,1149,87,0.059295,0.3281
18970000,892.688568,1165,87,0.063554,0.2969
18972000,869.839975,1171,87,0.006986,0.3750
18974000,948.886662,1189,76,0.020647,0.3750
18976000,962.590839,1197,69,0.126238,0.3125
18978000,940.974679,1191,75,0.122150,0.3594
18980000,934.199068,1209,67,0.115495,0.2734
18982000,1063.643590,1203,71,0.279635,0.3281
18984000,1046.492495,1191,70,0.123402,0.2734
18986000,996.358319,1204,60,0.185097,0.1797
18988000,814.575710,1187,87,0.028536,0.3516
18990000,779.118427,1171,87,0.022779,0.3438
18992000,882.294720,1186,86,0.072454,0.2578
18994000,804.779104,1186,79,0.013796,0.3281
18996000,721.422187,1183,79,0.007107,0.3125
18998000,724.607675,1195,76,0.058776,0.4141
19000000,743.331196,1189,79,0.073195,0.3828
19002000,728.001775,1200,79,0.062879,0.2812
19004000,721.405630,1182,72,0.066655,0.2734
19006000,820.295184,1175,80,0.273464,0.2812
19008000,814.940423,1163,89,0.280350,0.2969
19010000,832.044108,1172,62,0.283214,0.3047
19012000,832.284256,1180,81,0.342203,0.3594
19014000,770.457075,1189,86,0.031037,0.3438
19016000,802.744896,1181,79,0.070061,0.3125
19018000,833.619995,1189,71,0.088946,0.3203
19020000,768.693735,1201,70,0.148756,0.2344
19022000,780.463439,1197,78,0.226653,0.2812
19024000,779.275900,1197,71,0.311454,0.2812
19026000,926.201500,1183,69,0.107876,0.3047
19028000,797.700715,1176,74,0.050182,0.3281
19030000,725.671227,1184,68,0.065764,0.3594
19032000,792.599951,1162,84,0.096941,0.2891
19034000,774.346667,1174,82,0.025534,0.2422
19036000,798.317475,1183,82,0.093562,0.2969
19038000,809.799459,1192,71,0.077879,0.2578
19040000,803.102419,1173,84,0.061870,0.2422
19042000,807.581191,1183,66,0.051827,0.3516
19044000,788.653275,1140,93,0.183808,0.4531
19046000,752.157443,1161,95,0.142899,0.3281
19048000,766.867238,1156,95,0.165122,0.3438
19050000,830.044979,1189,90,0.097623,0.2969
19052000,842.005475,1188,78,0.012529,0.2578
19054000,811.116111,1196,59,0.014963,0.2734
19056000,815.734831,1208,82,0.087090,0.2812
19058000,806.354760,1194,65,0.073235,0.3906
19060000,806.038540,1181,93,0.072306,0.3828
19062000,787.955663,1176,85,0.066797,0.3594
19064000,818.656635,1186,85,0.073168,0.2734
19066000,830.608279,1203,60,0.041382,0.2656
19068000,817.812523,1192,71,0.039721,0.2812
19070000,836.810415,1164,70,0.040234,0.3047
19072000,848.486939,1168,71,0.057614,0.2422
19074000,848.552342,1190,65,0.080013,0.2422
19076000,878.565587,1167,74,0.095613,0.2969
19078000,863.119742,1148,78,0.089258,0.3984
19080000,864.641150,1180,69,0.067886,0.2500
19082000,853.745574,1184,66,0.065743,0.1953
19084000,852.891695,1173,77,0.183651,0.3047
19086000,843.327382,1163,74,0.177721,0.3125
19088000,825.712124,1153,78,0.068813,0.2812
19090000,787.340347,1172,85,0.016047,0.2188
19092000,801.736375,1180,75,0.012223,0.3281
19094000,974.581630,1194,76,0.238318,0.3203
19096000,963.346796,1170,73,0.218696,0.3438
19098000,899.957875,1169,79,0.006433,0.3281
19100000,852.317920,1173,79,0.043650,0.3594
19102000,880.334230,1179,70,0.280601,0.3281
19104000,819.162323,1180,70,0.117315,0.3672
19106000,837.354636,1153,84,0.024665,0.2891
19108000,821.654598,1150,85,0.042544,0.2891
19110000,846.818235,1163,81,0.036139,0.3438
19112000,833.904910,1186,74,0.028732,0.2422
19114000,836.257280,1173,78,0.028065,0.3516
19116000,821.971575,1178,87,0.040449,0.2422
19118000,843.301791,1183,86,0.123996,0.2656
19120000,841.113500,1149,96,0.130005,0.3906
19122000,832.407374,1163,82,0.123245,0.2969
19124000,822.857788,1160,84,0.104298,0.2500
19126000,834.117612,1147,91,0.016028,0.3359
19128000,865.610198,1169,77,0.010414,0.2031
19130000,878.288095,1161,71,0.005825,0.2969
19132000,937.801455,1171,76,0.369443,0.2812
19134000,943.149719,1157,84,0.315008,0.3516
19136000,938.271535,1178,83,0.288916,0.3125
19138000,969.084380,1160,66,0.329476,0.2812
19140000,943.426300,1156,72,0.369638,0.2344
19142000,910.677182,1166,84,0.337008,0.3125
19144000,855.701212,1190,84,0.258879,0.2891
19146000,835.598230,1204,66,0.235770,0.2656
19148000,833.079447,1180,80,0.263277,0.3438
19150000,822.559935,1177,75,0.247674,0.3047
19152000,1100.730440,1191,78,0.261179,0.3281
19154000,1124.958071,1198,81,0.223466,0.3594
19156000,1123.244526,1205,78,0.202178,0.2344
19158000,929.488124,1220,63,0.104142,0.2500
19160000,1102.640091,1222,62,0.235801,0.2656
19162000,1062.043798,1218,75,0.217840,0.3594
19164000,1076.685839,1205,72,0.255480,0.2891
19166000,1025.832332,1200,63,0.029397,0.2500
19168000,949.965919,1210,58,0.001520,0.2109
19170000,987.163318,1196,69,0.046757,0.2656
19172000,998.588375,1176,79,0.072466,0.2656
19174000,1114.496094,1180,78,0.234259,0.2031
19176000,1107.126599,1176,85,0.113772,0.3672
19178000,1169.488780,1185,87,0.111094,0.2344
19180000,1156.719224,1167,82,0.119554,0.3047
19182000,1337.761404,1159,86,0.172472,0.3281
19184000,1375.219020,1149,97,0.127009,0.2344
19186000,1148.166782,1187,82,0.158955,0.2656
19188000,1012.801575,1192,76,0.303149,0.2500
19190000,1041.021095,1170,84,0.273054,0.2344
19192000,1084.661550,1191,73,0.096561,0.3438
19194000,862.632670,1196,70,0.166994,0.3203
19196000,937.327880,1203,70,0.368058,0.3359
19198000,803.621859,1210,67,0.113657,0.3516
19200000,967.715414,1178,86,0.076670,0.3281
19202000,966.813315,1199,67,0.099230,0.2812
19204000,961.023464,1194,65,0.103295,0.3047
19206000,1024.519488,1218,58,0.269197,0.2656
19208000,1086.417151,1215,63,0.316690,0.2969
19210000,1114.143472,1221,58,0.242403,0.2656
19212000,757.267415,1196,69,0.148635,0.3047
19214000,780.864040,1209,70,0.175207,0.2812
19216000,863.771544,1203,84,0.077604,0.3281
19218000,869.263607,1200,79,0.069570,0.2422
19220000,856.623054,1191,82,0.077769,0.3516
19222000,843.984880,1190,83,0.059359,0.2578
19224000,1157.069635,1207,70,0.362649,0.3203
19226000,1094.390220,1222,59,0.341972,0.2578
19228000,920.888795,1204,72,0.068415,0.2500
19230000,928.759862,1175,86,0.065728,0.2656
19232000,813.627046,1185,80,0.017776,0.3516
19234000,778.063526,1180,78,0.009126,0.2578
19236000,721.124955,1171,74,0.001939,0.3594
19238000,728.637446,1193,75,0.006956,0.2656
19240000,756.789030,1200,64,0.016844,0.2812
19242000,727.549868,1207,69,0.020655,0.3672
19244000,797.570614,1213,65,0.007435,0.2656
19246000,788.505523,1206,70,0.003957,0.2969
19248000,774.962710,1198,75,0.004501,0.3359
19250000,803.826348,1184,74,0.012316,0.2656
19252000,780.432547,1179,82,0.013780,0.3125
19254000,807.949750,1214,67,0.011716,0.2969
19256000,771.531023,1219,77,0.011665,0.2188
19258000,826.590576,1202,73,0.034671,0.3125
19260000,834.353976,1205,64,0.053971,0.3516
19262000,787.710915,1187,71,0.028920,0.3047
19264000,810.359691,1192,71,0.045795,0.2422
19266000,794.930940,1179,72,0.231634,0.3203
19268000,785.300686,1182,80,0.226767,0.3125
19270000,728.157667,1192,66,0.168632,0.3047
19272000,713.019478,1197,74,0.228518,0.2578
19274000,714.589255,1219,63,0.210662,0.2656
19276000,704.994315,1209,69,0.132474,0.2656
19278000,698.593047,1193,86,0.107170,0.2422
19280000,701.752443,1203,84,0.093219,0.2578
19282000,691.798651,1214,77,0.093783,0.2266
19284000,730.749483,1214,77,0.050094,0.2734
19286000,725.450771,1210,80,0.050201,0.3594
19288000,733.613231,1217,73,0.045331,0.3047
19290000,725.339075,1227,65,0.032288,0.3125
19292000,729.023224,1242,60,0.019790,0.2734
19294000,718.799915,1240,64,0.021486,0.3047
19296000,793.158150,1226,67,0.061388,0.2656
19298000,795.475292,1223,66,0.155441,0.3203
19300000,737.417155,1218,73,0.019937,0.3438
19302000,748.646687,1210,62,0.021465,0.3516
19304000,747.861195,1191,77,0.019068,0.2578
19306000,751.740375,1210,65,0.018439,0.2969
19308000,837.287039,1193,76,0.102765,0.2891
19310000,827.392590,1216,71,0.074128,0.2656
19312000,808.377884,1205,69,0.078810,0.2500
19314000,804.652508,1201,64,0.076357,0.2578
19316000,802.362035,1203,76,0.094649,0.2031
19318000,855.633868,1218,73,0.177605,0.1875
19320000,839.858214,1212,68,0.167082,0.3125
19322000,832.220275,1202,75,0.143363,0.2891
19324000,778.194060,1219,75,0.066616,0.2422
19326000,757.445600,1208,79,0.073024,0.3438
19328000,825.108627,1192,74,0.290192,0.2734
19330000,758.614031,1210,82,0.004343,0.3672
19332000,758.103062,1209,78,0.007964,0.3281
19334000,730.149406,1206,75,0.015854,0.2891
19336000,754.438663,1208,78,0.037799,0.2812
19338000,725.936918,1183,85,0.050358,0.2969
19340000,767.200167,1193,74,0.047196,0.3125
19342000,775.805372,1187,82,0.051242,0.3359
19344000,840.286734,1190,62,0.064970,0.2891
19346000,763.407324,1166,76,0.027904,0.2578
19348000,775.014190,1165,86,0.028604,0.3047
19350000,767.785791,1181,79,0.018811,0.3203
19352000,887.240230,1190,76,0.110559,0.3047
19354000,836.962832,1196,81,0.099632,0.3516
19356000,812.477095,1181,73,0.107333,0.3828
19358000,845.853959,1188,71,0.194594,0.3203
19360000,858.231836,1176,86,0.191464,0.3359
19362000,888.621678,1182,70,0.154429,0.3281
19364000,882.650768,1198,72,0.042567,0.3047
19366000,922.876135,1198,59,0.050361,0.3125
19368000,916.144919,1188,74,0.064776,0.3594
19370000,854.769632,1176,77,0.263251,0.2969
19372000,860.417779,1156,92,0.229281,0.3359
19374000,852.122284,1199,59,0.188675,0.2266
19376000,940.228215,1216,60,0.092691,0.3438
19378000,893.879835,1239,60,0.083126,0.2734
19380000,879.773863,1214,67,0.082735,0.2344
19382000,981.144252,1197,70,0.238510,0.3047
19384000,921.158435,1195,70,0.147617,0.2500
19386000,808.000519,1191,72,0.114988,0.3438
19388000,801.202182,1208,73,0.108227,0.2266
19390000,855.796175,1164,98,0.150328,0.3438
19392000,887.167000,1156,98,0.323140,0.3203
19394000,904.449294,1163,79,0.354885,0.3047
19396000,926.858030,1152,95,0.359203,0.3047
19398000,934.932540,1175,77,0.361338,0.2812
19400000,933.105863,1199,71,0.377452,0.2578
19402000,846.014910,1168,87,0.266524,0.3828
19404000,820.544158,1158,83,0.276808,0.2734
19406000,832.434140,1167,77,0.270088,0.2578
19408000,862.621255,1192,74,0.288071,0.3125
19410000,761.864871,1178,75,0.061717,0.2578
19412000,800.811095,1172,81,0.148266,0.2500
19414000,798.413062,1208,59,0.133101,0.3281
19416000,786.319568,1210,66,0.129518,0.3125
19418000,937.201251,1217,62,0.100683,0.2578
19420000,915.839742,1210,70,0.095611,0.2969
19422000,906.641598,1205,70,0.312935,0.3359
19424000,907.474495,1179,79,0.436941,0.2734
19426000,920.124271,1181,64,0.476210,0.2422
19428000,999.625568,1205,66,0.548271,0.3281
19430000,1075.924999,1203,68,0.355285,0.2031
19432000,1135.874984,1212,65,0.363337,0.3281
19434000,1160.418982,1216,65,0.393085,0.3281
19436000,715.692231,1202,69,0.021307,0.3125
19438000,706.147974,1205,72,0.021881,0.3750
19440000,687.715819,1193,83,0.027597,0.2812
19442000,705.773015,1194,73,0.037126,0.3125
19444000,718.825883,1175,70,0.036840,0.2422
19446000,715.229815,1175,79,0.044818,0.3203
19448000,724.756667,1195,78,0.050037,0.3125
19450000,768.144476,1180,79,0.146499,0.3125
19452000,788.541803,1173,74,0.103373,0.2422
19454000,799.976630,1169,76,0.112973,0.2266
19456000,747.098615,1193,70,0.022466,0.2109
19458000,733.960108,1196,59,0.023990,0.2812
19460000,713.492350,1183,76,0.012736,0.2891
19462000,697.980742,1160,94,0.008723,0.3125
19464000,657.489791,1173,79,0.026022,0.2812
19466000,753.338652,1198,74,0.165506,0.3047
19468000,646.963463,1213,69,0.014592,0.2734
19470000,681.892795,1203,78,0.067877,0.3047
19472000,684.878614,1185,82,0.055346,0.2422
19474000,699.620550,1188,80,0.102219,0.2500
19476000,683.575079,1176,84,0.105299,0.3594
19478000,767.554119,1160,84,0.193710,0.3438
19480000,728.427422,1176,75,0.160453,0.2891
19482000,755.244014,1143,87,0.152078,0.3594
19484000,746.448302,1155,92,0.182204,0.2422
19486000,762.727640,1159,84,0.211537,0.2969
19488000,732.311168,1168,80,0.156344,0.3281
19490000,747.962135,1170,82,0.179496,0.3438
19492000,764.864607,1173,89,0.178089,0.3203
19494000,769.112987,1157,82,0.183047,0.2891
19496000,816.523998,1176,67,0.133500,0.3438
19498000,937.100775,1170,71,0.155939,0.2891
19500000,924.324563,1177,79,0.284791,0.3359
19502000,1165.719499,1189,81,0.468390,0.2812
19504000,1220.940710,1199,71,0.467687,0.3047
19506000,1132.267503,1200,80,0.428335,0.2656
19508000,1042.563955,1189,73,0.338060,0.3516
19510000,997.410319,1192,77,0.166254,0.3125
19512000,999.845318,1194,64,0.155295,0.2891
19514000,1036.660095,1176,70,0.163308,0.2656
19516000,982.823931,1176,76,0.170198,0.3516
19518000,987.389895,1186,80,0.174022,0.1953
19520000,1011.714979,1194,68,0.165969,0.3281
19522000,1050.455550,1177,78,0.205657,0.2422
19524000,1030.405799,1168,84,0.306286,0.3125
19526000,1013.924558,1177,77,0.336965,0.3594
19528000,1002.088475,1207,74,0.323797,0.3672
19530000,1057.979775,1189,77,0.491943,0.3594
19532000,1159.322140,1192,72,0.504959,0.3047
19534000,1025.796846,1196,70,0.474951,0.2812
19536000,1017.730963,1191,66,0.466407,0.3516
19538000,922.645720,1210,75,0.188848,0.2500
19540000,894.196535,1211,84,0.254102,0.2422
19542000,908.614611,1198,68,0.266424,0.2969
19544000,892.383950,1190,75,0.311718,0.4219
19546000,975.890043,1204,64,0.340038,0.1953
19548000,987.476755,1193,72,0.354207,0.3594
19550000,962.296743,1207,75,0.343120,0.2578
19552000,961.360495,1212,68,0.298925,0.3125
19554000,942.182203,1213,70,0.285697,0.3125
19556000,981.937095,1208,75,0.164409,0.3359
19558000,897.457259,1213,67,0.126295,0.2344
19560000,917.116499,1206,73,0.138061,0.2891
19562000,932.235454,1188,84,0.118238,0.3672
19564000,1100.755494,1212,81,0.470416,0.2891
19566000,1116.604158,1213,67,0.476602,0.3047
19568000,1106.248992,1217,59,0.466652,0.2656
19570000,1004.328583,1222,69,0.309571,0.2812
19572000,1122.382796,1194,80,0.413045,0.3203
19574000,1148.891326,1199,83,0.489636,0.3516
19576000,1205.630975,1208,60,0.557100,0.2500
19578000,1051.979388,1183,73,0.501257,0.2266
19580000,1085.254851,1192,79,0.533143,0.2266
19582000,1167.461206,1197,76,0.547534,0.2969
19584000,1188.025611,1189,72,0.445822,0.3125
19586000,878.946460,1186,63,0.152629,0.2969
19588000,859.298675,1188,62,0.081991,0.3125
19590000,848.596767,1185,67,0.088838,0.2734
19592000,892.733996,1191,70,0.101341,0.2500
19594000,904.731500,1195,70,0.071669,0.2578
19596000,923.565846,1192,77,0.071091,0.2656
19598000,918.673822,1190,71,0.077639,0.3359
19600000,900.421224,1189,89,0.061912,0.2969
19602000,816.354227,1174,88,0.072048,0.2734
19604000,807.190011,1174,86,0.069922,0.3125
19606000,803.189415,1178,82,0.059483,0.2891
19608000,728.243760,1182,73,0.073864,0.3359
19610000,750.336671,1204,56,0.052518,0.2422
19612000,771.991884,1190,73,0.071273,0.3281
19614000,895.292499,1217,66,0.232061,0.2891
19616000,880.443422,1205,62,0.226383,0.2422
19618000,834.049115,1194,76,0.203714,0.3125
19620000,887.841935,1181,87,0.261787,0.2266
19622000,855.754854,1193,85,0.298110,0.3047
19624000,826.165123,1211,67,0.219771,0.2891
19626000,803.181039,1222,60,0.212354,0.2734
19628000,787.415678,1229,49,0.193145,0.2812
19630000,810.226766,1240,67,0.198927,0.2969
19632000,754.176411,1240,63,0.274597,0.2812
19634000,744.656407,1229,68,0.290447,0.2969
19636000,818.884070,1242,52,0.328292,0.2734
19638000,948.321214,1222,62,0.334117,0.2422
19640000,974.517963,1226,65,0.301365,0.2734
19642000,1141.974006,1212,65,0.448564,0.2188
19644000,1041.576422,1210,64,0.157643,0.3047
19646000,935.089435,1227,67,0.051957,0.3125
19648000,940.078360,1211,69,0.057232,0.2812
19650000,981.901375,1225,64,0.097387,0.2344
19652000,1051.573260,1233,73,0.308791,0.2969
19654000,1041.673534,1227,75,0.313790,0.3203
19656000,1052.778584,1231,71,0.340547,0.3828
19658000,1031.074204,1235,71,0.326935,0.3281
19660000,1023.924423,1205,70,0.339826,0.3906
19662000,1039.978700,1220,78,0.311788,0.3047
19664000,1043.326086,1208,74,0.364866,0.2500
19666000,1047.509135,1215,77,0.258970,0.3047
19668000,927.208271,1227,62,0.328975,0.2891
19670000,1014.720558,1232,69,0.337720,0.2734
19672000,1013.072310,1224,78,0.331636,0.2891
19674000,1030.556734,1224,62,0.430741,0.2578
19676000,1069.087951,1222,64,0.433728,0.2500
19678000,1077.241868,1212,65,0.274858,0.2500
19680000,1079.142380,1211,63,0.256008,0.2578
19682000,1216.979920,1193,67,0.102294,0.2578
19684000,1073.074166,1179,85,0.366126,0.2734
19686000,956.463547,1188,62,0.136373,0.3125
19688000,950.531663,1205,67,0.141234,0.2891
19690000,956.943823,1208,58,0.168795,0.2656
19692000,924.932235,1210,74,0.174827,0.2656
19694000,927.240782,1214,66,0.200147,0.2500
19696000,869.210092,1207,66,0.231880,0.3125
19698000,861.687470,1200,77,0.281798,0.2266
19700000,838.587660,1213,75,0.226412,0.2969
19702000,873.363462,1211,72,0.209052,0.2891
19704000,1170.857135,1196,82,0.203388,0.3281
19706000,1154.632315,1201,66,0.178593,0.2969
19708000,1005.529560,1208,67,0.114702,0.3047
19710000,973.243435,1204,68,0.135448,0.2812
19712000,1056.090028,1206,72,0.138210,0.3047
19714000,1050.495192,1208,79,0.144077,0.3359
19716000,1187.660582,1216,73,0.273616,0.2812
19718000,1188.750614,1193,82,0.284227,0.3281
19720000,1331.950419,1189,77,0.400113,0.3594
19722000,1339.348286,1199,77,0.412947,0.3281
19724000,967.102863,1208,70,0.103948,0.2969
19726000,967.315595,1214,62,0.113366,0.2734
19728000,889.177526,1209,62,0.274038,0.2266
19730000,885.312955,1211,57,0.257322,0.2344
19732000,863.018958,1206,72,0.237855,0.3047
19734000,868.067759,1201,72,0.232915,0.2578
19736000,879.897439,1192,65,0.188835,0.2734
19738000,1224.619212,1191,86,0.325701,0.3281
19740000,1244.827347,1193,77,0.341945,0.2422
19742000,1211.658150,1195,73,0.333433,0.3281
19744000,1276.503675,1174,91,0.304362,0.3359
19746000,1162.254156,1200,81,0.342980,0.3203
19748000,1047.288062,1236,54,0.226835,0.2656
19750000,1184.767815,1219,65,0.181937,0.3281
19752000,1211.279995,1214,72,0.148393,0.2969
19754000,1258.557535,1200,72,0.174406,0.3203
19756000,1201.572503,1184,74,0.225178,0.3125
19758000,1176.824012,1192,84,0.236495,0.3047
19760000,1458.420015,1178,80,0.537535,0.3281
19762000,1503.652655,1184,88,0.551808,0.3359
19764000,1170.572636,1181,87,0.268106,0.3516
19766000,1161.710371,1194,76,0.276937,0.3047
19768000,1163.322171,1198,67,0.291022,0.2891
19770000,1199.272159,1213,76,0.301969,0.3438
19772000,1176.038188,1211,76,0.297204,0.2734
19774000,1123.352851,1201,77,0.224236,0.2500
19776000,1147.093435,1202,78,0.260653,0.2422
19778000,1165.031171,1183,78,0.273782,0.2812
19780000,1107.297131,1197,76,0.362612,0.3203
19782000,1109.292591,1198,78,0.466098,0.2656
19784000,1160.886863,1186,83,0.461216,0.3203
19786000,962.335075,1160,90,0.298834,0.2656
19788000,976.765267,1169,94,0.298476,0.3047
19790000,966.784880,1161,94,0.282381,0.3359
19792000,997.425651,1147,83,0.229998,0.3438
19794000,1002.714027,1182,77,0.215620,0.3047
19796000,1012.768507,1206,69,0.213004,0.2969
19798000,1075.099035,1197,73,0.378037,0.3359
19800000,1067.904700,1200,74,0.310509,0.2578
19802000,987.749292,1180,65,0.116875,0.4062
19804000,982.491963,1173,84,0.179623,0.3438
19806000,1026.812080,1155,80,0.189240,0.2656
19808000,1110.810159,1180,70,0.321556,0.2812
19810000,1052.944950,1178,74,0.345081,0.3281
19812000,1193.616318,1188,83,0.245254,0.2891
19814000,1205.917875,1175,84,0.231427,0.2734
19816000,1198.493920,1173,70,0.222209,0.2656
19818000,1215.463982,1181,76,0.221618,0.2578
19820000,1067.048603,1191,79,0.042402,0.2969
19822000,1064.548751,1176,80,0.034666,0.2188
19824000,1061.810604,1176,82,0.040245,0.2734
19826000,1076.203558,1177,80,0.041628,0.3125
19828000,1140.693390,1193,72,0.123695,0.3594
19830000,1026.276995,1174,66,0.071840,0.3125
19832000,1005.205619,1164,70,0.023706,0.2969
19834000,828.662380,1172,90,0.039719,0.2891
19836000,1069.040327,1174,84,0.166305,0.2500
19838000,1095.153963,1195,69,0.200345,0.2969
19840000,1122.434819,1170,83,0.230107,0.3438
19842000,1132.705446,1198,69,0.224985,0.3516
19844000,1243.633416,1196,75,0.483317,0.3438
19846000,1225.714150,1196,67,0.480442,0.2578
19848000,907.078771,1182,85,0.169159,0.3594
19850000,945.635227,1212,63,0.208901,0.3359
19852000,975.919670,1213,78,0.206477,0.3125
19854000,931.653023,1195,73,0.274792,0.3281
19856000,812.450295,1204,74,0.199736,0.3516
19858000,803.005880,1198,65,0.204032,0.2656
19860000,781.883943,1189,70,0.254460,0.2734
19862000,767.821360,1196,76,0.232257,0.2422
19864000,754.693255,1191,68,0.239675,0.3281
19866000,754.509958,1183,67,0.238629,0.3516
19868000,770.566150,1199,61,0.223861,0.3047
19870000,767.885967,1191,81,0.211497,0.2578
19872000,815.897967,1167,86,0.225959,0.3828
19874000,828.463355,1170,99,0.225303,0.3594
19876000,931.829039,1148,89,0.359561,0.3125
19878000,928.738982,1193,82,0.361875,0.3984
19880000,919.690331,1192,69,0.344971,0.3203
19882000,1006.844875,1211,81,0.279826,0.3047
19884000,1320.168695,1190,80,0.608061,0.2422
19886000,1197.790318,1190,79,0.567497,0.2969
19888000,1209.055886,1201,76,0.571909,0.3203
19890000,1336.253987,1196,84,0.472949,0.2031
19892000,1034.529206,1214,72,0.090252,0.2422
19894000,1294.416559,1213,68,0.322932,0.2969
19896000,1242.741255,1217,68,0.287842,0.2969
19898000,1382.465960,1252,53,0.611166,0.2344
19900000,1321.283695,1243,64,0.557252,0.2266
19902000,1185.737359,1240,63,0.514353,0.2500
19904000,1182.042355,1211,76,0.528842,0.3281
19906000,1163.646135,1208,66,0.526859,0.3125
19908000,1241.076159,1232,54,0.542661,0.2578
19910000,1171.207907,1229,62,0.497429,0.2891
19912000,1179.296070,1216,60,0.458923,0.2891
19914000,1102.525102,1219,72,0.416151,0.2891
19916000,1081.336883,1209,71,0.518231,0.3203
19918000,1181.271304,1186,72,0.577494,0.2891
19920000,1150.904131,1213,58,0.489588,0.2734
19922000,1462.727996,1232,51,0.500597,0.2656
19924000,997.478902,1227,59,0.076596,0.2422
19926000,981.629420,1205,73,0.090318,0.2812
19928000,1000.761372,1182,77,0.108520,0.3750
19930000,961.210411,1202,64,0.100982,0.3984
19932000,1030.306815,1195,82,0.214962,0.3203
19934000,1009.358870,1219,61,0.218641,0.3203
19936000,939.975147,1222,54,0.159974,0.2969
19938000,955.943375,1225,66,0.146926,0.3203
19940000,991.087927,1224,59,0.089865,0.2578
19942000,1005.389735,1199,66,0.121514,0.1641
19944000,998.888459,1178,86,0.124158,0.1953
19946000,1291.765675,1172,77,0.129250,0.3125
19948000,997.457871,1208,77,0.109354,0.3047
19950000,924.464422,1208,80,0.141403,0.3594
19952000,906.010935,1208,75,0.153231,0.3438
19954000,1112.936615,1171,85,0.032152,0.3203
19956000,1126.238150,1179,71,0.080981,0.2891
19958000,1127.016099,1167,77,0.078451,0.3359
19960000,1053.584766,1179,74,0.061335,0.2969
19962000,986.647443,1170,93,0.198812,0.2969
19964000,948.642283,1177,90,0.105697,0.2969
19966000,897.619660,1178,71,0.101811,0.3203
19968000,881.606774,1162,72,0.148562,0.2891
19970000,840.919340,1159,78,0.024225,0.2812
19972000,844.970200,1170,78,0.021632,0.3203
19974000,870.267211,1153,87,0.025172,0.3594
19976000,882.817608,1163,90,0.027421,0.3594
19978000,833.109182,1159,83,0.062717,0.2969
19980000,794.649195,1167,69,0.072373,0.2812
19982000,800.383760,1147,81,0.062497,0.3281
19984000,755.748496,1143,80,0.070730,0.3047
19986000,742.101959,1164,75,0.099245,0.2734
19988000,757.872179,1186,69,0.097309,0.2969
19990000,716.491824,1172,68,0.087011,0.3047
19992000,685.957131,1176,66,0.066520,0.2188
19994000,670.239790,1154,77,0.070743,0.2578
19996000,667.901375,1177,82,0.052581,0.2891
19998000,687.645006,1176,67,0.196172,0.3125
20000000,929.985916,1168,80,0.122404,0.3047
20002000,852.249475,1173,77,0.281991,0.3047
20004000,860.354931,1193,79,0.326587,0.3281
20006000,905.193864,1194,80,0.377304,0.3125
20008000,895.169870,1169,89,0.384801,0.3828
20010000,815.554748,1179,84,0.263560,0.2422
20012000,822.510011,1194,70,0.230341,0.2656
20014000,823.851208,1169,82,0.210186,0.2891
20016000,848.388364,1177,84,0.205461,0.2656
20018000,819.406140,1183,77,0.172368,0.2891
20020000,836.864651,1170,81,0.150506,0.2891
20022000,852.381350,1161,79,0.121441,0.2812
20024000,777.854934,1178,90,0.061204,0.3750
20026000,792.304300,1175,91,0.081924,0.3984
20028000,696.683800,1155,90,0.037476,0.3125
20030000,680.031256,1170,85,0.036974,0.3438
20032000,691.199520,1167,74,0.040804,0.2969
20034000,728.887559,1180,78,0.076421,0.3125
20036000,705.821979,1213,60,0.087551,0.2891
20038000,712.840032,1199,68,0.109598,0.2578
20040000,795.054515,1188,68,0.103637,0.3125
20042000,951.264494,1190,67,0.107283,0.3359
20044000,908.194623,1182,73,0.142780,0.2266
20046000,950.731203,1189,78,0.239262,0.2578
20048000,947.311311,1183,75,0.224723,0.2188
20050000,921.827671,1161,88,0.212639,0.2812
20052000,969.500972,1173,67,0.200171,0.2734
20054000,959.141120,1179,76,0.171658,0.2969
20056000,1068.999174,1176,77,0.284170,0.2891
20058000,1053.281470,1170,85,0.285950,0.3047
20060000,1025.506963,1154,80,0.258862,0.3047
20062000,930.896479,1176,61,0.227234,0.2734
20064000,926.680694,1175,69,0.228119,0.3828
20066000,925.019467,1198,68,0.191088,0.3203
20068000,876.438511,1206,64,0.171942,0.2422
20070000,884.711335,1178,81,0.169393,0.2812
20072000,891.999463,1189,81,0.191074,0.3594
20074000,885.495755,1184,87,0.177300,0.2891
20076000,872.678472,1182,85,0.193689,0.3281
20078000,888.551615,1203,63,0.177484,0.2578
20080000,952.456759,1191,67,0.166567,0.3438
20082000,908.833168,1214,70,0.125620,0.2422
20084000,1011.576012,1188,78,0.076679,0.2734
20086000,1087.753366,1206,70,0.373253,0.2812
20088000,1043.416182,1211,70,0.358029,0.3203
20090000,986.361500,1202,67,0.276742,0.3125
20092000,859.015350,1189,70,0.250675,0.3438
20094000,805.435111,1168,78,0.257890,0.3047
20096000,827.065403,1169,77,0.270376,0.2734
20098000,825.050856,1200,68,0.314588,0.3516
20100000,822.792943,1189,79,0.263604,0.3047
20102000,839.913134,1225,70,0.292485,0.2969
20104000,816.847151,1201,84,0.248174,0.3047
20106000,894.937944,1200,71,0.340338,0.3047
20108000,896.011628,1201,79,0.315156,0.2344
20110000,892.420307,1204,75,0.287455,0.2422
20112000,850.748095,1215,68,0.241512,0.3047
20114000,896.354883,1198,78,0.324496,0.2031
20116000,830.550220,1211,74,0.181012,0.2266
20118000,847.638315,1208,69,0.116164,0.3203
20120000,875.069110,1192,80,0.116484,0.3359
20122000,895.037294,1189,75,0.119374,0.2578
20124000,908.464046,1188,72,0.176724,0.2891
20126000,917.721027,1204,86,0.161108,0.3906
20128000,909.952659,1185,81,0.180065,0.3203
20130000,875.522862,1165,79,0.187693,0.3906
20132000,908.029832,1153,88,0.134579,0.2969
20134000,1027.897390,1180,86,0.143813,0.3203
20136000,996.150636,1171,83,0.142730,0.3125
20138000,1005.902472,1146,98,0.129212,0.3281
20140000,947.955303,1154,97,0.175562,0.2656
20142000,904.388347,1178,81,0.116723,0.3047
20144000,1017.045555,1177,88,0.036049,0.3281
20146000,1033.062139,1183,94,0.357243,0.3984
20148000,1069.525215,1205,72,0.350179,0.2891
20150000,1046.459583,1194,66,0.307407,0.2891
20152000,1221.098519,1194,65,0.226065,0.3281
20154000,1198.883435,1200,56,0.216754,0.2422
20156000,1169.675175,1200,69,0.221425,0.2891
20158000,1262.602684,1170,78,0.586992,0.2734
20160000,1281.990227,1212,62,0.167664,0.3203
20162000,1217.119139,1209,77,0.036258,0.3047
20164000,1243.642435,1189,70,0.035751,0.3047
20166000,1158.482920,1186,77,0.043262,0.2734
20168000,1107.635964,1204,72,0.013394,0.3281
20170000,1338.640295,1222,69,0.280998,0.2969
20172000,1284.978343,1229,58,0.005632,0.3047
20174000,1258.385606,1236,62,0.075321,0.2891
20176000,1210.426583,1234,68,0.050851,0.2812
20178000,1340.817862,1253,60,0.560307,0.3047
20180000,1545.319623,1247,60,0.660775,0.2891
20182000,1488.155171,1249,52,0.644726,0.2812
20184000,992.418995,1227,64,0.208810,0.2578
20186000,959.118907,1207,78,0.188289,0.2344
20188000,992.550151,1197,75,0.169836,0.3516
20190000,1135.253007,1185,80,0.215694,0.3516
20192000,1046.797352,1202,87,0.302675,0.3516
20194000,1014.617467,1219,67,0.295057,0.2891
20196000,1079.351575,1201,71,0.340770,0.3359
20198000,1073.323535,1205,76,0.388368,0.3125
20200000,964.252975,1184,86,0.150236,0.3281
20202000,1235.243024,1198,76,0.310498,0.3047
20204000,1226.157931,1203,60,0.312599,0.2891
20206000,946.176072,1208,62,0.090378,0.2656
20208000,954.420940,1222,59,0.023028,0.3281
20210000,938.019711,1236,62,0.007099,0.2656
20212000,988.103846,1216,61,0.154947,0.2344
20214000,992.335486,1203,80,0.164210,0.3438
20216000,1014.125495,1175,78,0.054924,0.2422
20218000,849.237324,1194,75,0.104968,0.3438
20220000,857.526396,1174,74,0.105837,0.3438
20222000,908.625175,1177,72,0.126968,0.2812
20224000,905.169584,1187,84,0.112430,0.3125
20226000,910.745907,1192,78,0.087712,0.4141
20228000,899.148108,1208,64,0.080991,0.2656
20230000,906.677118,1215,71,0.076113,0.3125
20232000,787.582076,1222,70,0.049500,0.2578
20234000,801.532700,1224,64,0.045420,0.3672
20236000,933.015919,1237,62,0.031317,0.3281
20238000,957.871438,1229,60,0.035564,0.2734
20240000,961.611259,1253,52,0.059572,0.2266
20242000,1052.013814,1245,73,0.081023,0.2344
20244000,987.668875,1259,67,0.036795,0.2578
20246000,1031.286860,1260,55,0.074914,0.2891
20248000,1187.747462,1225,61,0.096042,0.2656
20250000,1132.582499,1211,75,0.109604,0.3047
20252000,983.645227,1234,76,0.083305,0.2500
20254000,931.553979,1264,64,0.091468,0.2969
20256000,1141.019919,1258,46,0.004074,0.2266
20258000,1119.783756,1239,66,0.001461,0.2656
20260000,1039.887670,1243,64,0.019318,0.3438
20262000,948.095590,1242,65,0.019655,0.2500
20264000,941.215020,1230,56,0.009381,0.2734
20266000,909.349855,1239,64,0.011868,0.3359
20268000,890.738587,1201,80,0.023293,0.2500
20270000,868.420702,1206,69,0.028643,0.2031
20272000,828.086550,1174,95,0.040390,0.3125
20274000,815.955040,1214,78,0.024957,0.2578
20276000,856.018487,1218,77,0.038529,0.3203
20278000,868.196310,1234,63,0.032377,0.2656
20280000,859.733955,1239,58,0.034751,0.2188
20282000,838.234582,1210,70,0.068890,0.2969
20284000,827.038595,1200,65,0.045631,0.2969
20286000,858.045406,1222,61,0.040879,0.3125
20288000,890.583295,1196,66,0.100922,0.2969
20290000,885.495423,1185,73,0.142791,0.2578
20292000,881.114675,1202,76,0.136908,0.3359
20294000,954.656366,1204,78,0.077783,0.2734
20296000,882.084328,1195,75,0.075363,0.2031
20298000,914.355175,1223,74,0.208601,0.2344
20300000,1090.675983,1221,66,0.214311,0.2891
20302000,1231.244479,1206,79,0.161906,0.3594
20304000,1137.146094,1208,77,0.163159,0.3281
20306000,1157.179479,1214,78,0.167185,0.3672
20308000,1088.028035,1215,67,0.021869,0.2266
20310000,1014.198815,1196,73,0.009628,0.3359
20312000,1025.004063,1183,74,0.009670,0.3828
20314000,1003.738407,1195,72,0.012032,0.3594
20316000,962.453886,1204,72,0.019273,0.2734
20318000,951.221484,1235,65,0.026577,0.2500
20320000,881.078108,1214,71,0.010369,0.3047
20322000,909.149051,1193,80,0.009419,0.3516
20324000,1020.380352,1172,79,0.145644,0.2812
20326000,1057.798172,1171,81,0.044009,0.3750
20328000,1051.310460,1155,99,0.054514,0.3359
20330000,1154.785759,1180,77,0.207882,0.3438
20332000,1148.042851,1177,78,0.035832,0.3828
20334000,935.268908,1183,90,0.020605,0.3125
20336000,915.265968,1195,89,0.036992,0.3281
20338000,990.370448,1206,86,0.019818,0.3672
20340000,983.036758,1213,68,0.013740,0.2500
20342000,1036.218795,1215,69,0.020010,0.2109
20344000,1099.164102,1192,77,0.019504,0.2891
20346000,1084.664943,1203,70,0.046636,0.3125
20348000,1138.905403,1209,75,0.038035,0.2500
20350000,960.876892,1191,77,0.068630,0.2578
20352000,968.284195,1189,83,0.078501,0.3047
20354000,934.080663,1203,71,0.037269,0.3438
20356000,907.779374,1191,68,0.242767,0.2500
20358000,937.176870,1198,62,0.275508,0.2734
20360000,938.952271,1193,71,0.273271,0.3516
20362000,908.097024,1193,70,0.251577,0.3438
20364000,827.585470,1190,70,0.247940,0.3203
20366000,1223.478652,1189,71,0.539177,0.2891
20368000,987.280139,1167,85,0.163555,0.2891
20370000,942.396812,1168,86,0.125948,0.3281
20372000,919.090079,1185,79,0.112805,0.2344
20374000,837.396406,1203,74,0.130417,0.3516
20376000,874.370492,1206,66,0.146187,0.3438
20378000,883.670207,1213,63,0.131903,0.2891
20380000,1087.828447,1208,63,0.156766,0.2656
20382000,1105.620620,1181,79,0.091484,0.2969
20384000,1124.499984,1186,77,0.092515,0.3281
20386000,931.231350,1172,70,0.248053,0.2500
20388000,923.667758,1163,80,0.229669,0.3281
20390000,911.444535,1181,72,0.197884,0.2734
20392000,875.151944,1190,66,0.190026,0.2344
20394000,955.365014,1212,72,0.222371,0.3203
20396000,987.552307,1176,86,0.255617,0.2812
20398000,974.835998,1184,79,0.288313,0.3047
20400000,929.421015,1196,81,0.320236,0.3438
20402000,953.224318,1199,79,0.355293,0.2344
20404000,1015.649367,1203,82,0.348917,0.3125
20406000,1021.089244,1186,87,0.352484,0.2969
20408000,974.484475,1172,81,0.275619,0.2656
20410000,1136.783504,1199,69,0.328552,0.2969
20412000,1169.534435,1229,52,0.369829,0.3594
20414000,1086.976174,1220,71,0.324682,0.2969
20416000,1151.436827,1218,61,0.019260,0.2969
20418000,1002.567835,1208,69,0.336317,0.2891
20420000,1042.553350,1191,74,0.336507,0.3438
20422000,1076.667251,1177,83,0.233988,0.2891
20424000,1067.303627,1205,63,0.242910,0.2500
20426000,964.050316,1183,78,0.243545,0.3438
20428000,979.445691,1176,75,0.250978,0.2891
20430000,974.147155,1204,54,0.262802,0.2422
20432000,969.143952,1197,71,0.286691,0.2812
20434000,978.799216,1176,78,0.307659,0.3281
20436000,1089.049603,1188,68,0.045677,0.2891
20438000,1029.481223,1189,85,0.222010,0.3125
20440000,1170.464432,1198,72,0.485508,0.2891
20442000,1052.587982,1191,74,0.539251,0.2969
20444000,1075.795935,1179,92,0.563003,0.3281
20446000,1037.479334,1164,95,0.538148,0.2891
20448000,782.916967,1158,92,0.056857,0.3359
20450000,794.436295,1165,84,0.057721,0.2969
20452000,775.326470,1172,70,0.047557,0.3359
20454000,1018.816595,1159,78,0.354154,0.3438
20456000,906.555355,1148,80,0.376157,0.3125
20458000,896.540079,1144,92,0.363899,0.3047
20460000,967.619848,1149,97,0.502572,0.2422
20462000,924.429710,1152,93,0.456331,0.3672
20464000,942.801203,1170,75,0.497257,0.3438
20466000,871.420811,1158,86,0.440438,0.2891
20468000,870.165116,1137,89,0.453787,0.3828
20470000,901.387867,1149,89,0.466213,0.3359
20472000,1015.024832,1183,71,0.628762,0.2266
20474000,836.990022,1168,78,0.335960,0.3359
20476000,771.169403,1173,77,0.201521,0.3672
20478000,808.496943,1156,85,0.184922,0.2500
20480000,806.195632,1168,85,0.179321,0.2969
20482000,823.514204,1169,82,0.167568,0.3359
20484000,808.266878,1151,100,0.157463,0.3594
20486000,793.116375,1171,78,0.122625,0.2500
20488000,770.420671,1156,81,0.083778,0.3125
20490000,774.982051,1163,83,0.113552,0.2812
20492000,785.929870,1196,68,0.133134,0.4531
20494000,989.368828,1190,65,0.438326,0.2578
20496000,992.537343,1188,79,0.420852,0.2891
20498000,990.315560,1200,73,0.349958,0.3125
20500000,860.361999,1195,68,0.076027,0.2734
20502000,857.125916,1185,76,0.202613,0.3984
20504000,794.860035,1185,75,0.210716,0.2656
20506000,793.266870,1185,71,0.214675,0.2656
20508000,814.546107,1196,68,0.275155,0.3359
20510000,837.586334,1197,82,0.304159,0.3125
20512000,830.307775,1200,72,0.341330,0.2734
20514000,826.197575,1192,78,0.306287,0.3047
20516000,1022.006302,1182,70,0.579357,0.2344
20518000,1103.733302,1182,75,0.615424,0.3047
20520000,1124.745283,1171,69,0.613473,0.2891
20522000,831.218110,1161,84,0.266899,0.3125
20524000,810.922670,1159,81,0.113084,0.3672
20526000,985.887607,1165,82,0.380888,0.3281
20528000,889.215799,1184,73,0.285191,0.2891
20530000,865.934558,1191,66,0.092051,0.2734
20532000,856.820955,1191,79,0.091203,0.3203
20534000,845.807996,1199,71,0.101100,0.3750
20536000,815.034684,1192,86,0.047855,0.2812
20538000,840.003520,1217,67,0.058239,0.2656
20540000,826.903070,1197,79,0.036926,0.2656
20542000,876.220695,1191,66,0.102351,0.3125
20544000,872.363740,1192,73,0.104081,0.3203
20546000,861.954192,1204,73,0.069696,0.2812
20548000,839.116380,1189,82,0.023300,0.2500
20550000,894.729390,1190,58,0.049169,0.1953
20552000,921.818246,1178,72,0.066688,0.4141
20554000,842.756955,1182,88,0.124983,0.3125
20556000,859.298171,1178,81,0.125630,0.2656
20558000,897.110595,1180,72,0.261181,0.2656
20560000,955.796792,1184,59,0.226137,0.2578
20562000,761.137680,1191,77,0.040540,0.2812
20564000,740.013055,1165,92,0.025017,0.3516
20566000,736.112590,1187,82,0.016385,0.2656
20568000,746.234027,1171,77,0.025149,0.2422
20570000,772.896571,1175,84,0.030339,0.3203
20572000,758.474918,1174,85,0.027007,0.2578
20574000,768.995691,1166,86,0.058875,0.3125
20576000,771.930600,1165,89,0.063603,0.2891
20578000,801.462620,1190,74,0.063571,0.3672
20580000,910.035207,1173,87,0.274898,0.3281
20582000,828.314243,1189,87,0.104278,0.2734
20584000,866.535699,1195,59,0.089168,0.1562
20586000,873.620275,1163,66,0.094193,0.2422
20588000,877.719630,1180,77,0.086698,0.2734
20590000,786.977095,1187,68,0.057741,0.2422
20592000,783.001115,1203,55,0.062028,0.2656
20594000,756.804222,1215,55,0.048142,0.1875
20596000,992.415047,1216,63,0.141684,0.2578
20598000,899.664204,1223,58,0.356732,0.2266
20600000,812.218935,1212,68,0.226639,0.2969
20602000,830.053788,1226,66,0.247912,0.2500
20604000,774.657795,1193,65,0.198606,0.2969
20606000,781.388915,1190,65,0.227671,0.3281
20608000,788.297863,1200,73,0.215842,0.2500
20610000,762.461350,1198,81,0.185041,0.2891
20612000,777.903966,1205,67,0.187845,0.3203
20614000,795.556910,1210,58,0.185448,0.3125
20616000,813.095310,1195,81,0.206025,0.3984
20618000,954.547168,1173,78,0.347242,0.3047
20620000,891.332200,1194,67,0.131919,0.2969
20622000,857.628060,1194,68,0.130260,0.3359
20624000,1351.530892,1169,79,0.250041,0.2734
20626000,1053.819804,1187,78,0.139446,0.2344
20628000,1032.066575,1173,75,0.150138,0.3438
20630000,949.836750,1177,77,0.088228,0.3047
20632000,920.329275,1170,79,0.216500,0.3047
20634000,1042.365398,1188,78,0.283873,0.3125
20636000,1036.850350,1178,82,0.270321,0.2812
20638000,1120.063751,1173,76,0.339140,0.3203
20640000,1169.762675,1209,74,0.391762,0.3047
20642000,1162.089708,1213,59,0.390716,0.2188
20644000,1130.688780,1182,66,0.231030,0.2969
20646000,1089.807484,1178,75,0.170928,0.2422
20648000,1112.046631,1207,62,0.159060,0.2109
20650000,1131.609423,1207,66,0.152824,0.2891
20652000,968.183832,1199,69,0.152076,0.2578
20654000,925.267775,1169,74,0.121576,0.2812
20656000,922.778095,1195,66,0.069226,0.3750
20658000,925.755659,1184,76,0.064513,0.3281
20660000,851.103967,1184,69,0.043362,0.2266
20662000,892.170055,1185,70,0.023809,0.2656
20664000,912.373240,1163,84,0.025267,0.3125
20666000,899.439051,1192,73,0.051066,0.2969
20668000,854.573915,1184,70,0.025774,0.2734
20670000,898.961900,1207,65,0.028896,0.3125
20672000,830.671896,1214,63,0.055158,0.3047
20674000,794.342707,1204,67,0.030110,0.2422
20676000,813.494575,1202,67,0.016161,0.2188
20678000,800.202627,1208,57,0.007974,0.1797
20680000,887.273660,1191,80,0.050517,0.2969
20682000,865.277411,1198,61,0.035149,0.2656
20684000,772.511886,1203,61,0.134376,0.2266
20686000,760.051447,1197,63,0.129045,0.1719
20688000,741.029067,1194,70,0.017156,0.2188
20690000,792.871420,1205,74,0.005110,0.2656
20692000,825.725902,1204,69,0.009496,0.2344
20694000,846.800280,1205,75,0.009909,0.3125
20696000,869.454230,1215,63,0.022997,0.3047
20698000,887.276784,1227,67,0.052073,0.3047
20700000,843.980360,1213,65,0.059857,0.2500
20702000,897.160095,1230,63,0.079302,0.2734
20704000,939.593443,1224,71,0.079264,0.2969
20706000,913.143824,1207,72,0.105826,0.2500
20708000,866.366272,1212,72,0.053728,0.2578
20710000,937.733550,1209,71,0.151268,0.3047
20712000,973.221399,1183,89,0.175872,0.2969
20714000,908.551022,1214,78,0.131006,0.3359
20716000,908.150030,1216,82,0.120780,0.3750
20718000,894.958823,1218,65,0.057535,0.2109
20720000,842.148124,1201,68,0.073342,0.3281
20722000,847.597691,1190,67,0.137278,0.2891
20724000,902.850984,1188,64,0.063573,0.2344
20726000,1093.466576,1194,73,0.050738,0.2891
20728000,1110.224486,1177,70,0.117698,0.3203
20730000,1183.897214,1194,72,0.024068,0.2188
20732000,1098.146475,1177,81,0.001509,0.3359
20734000,1003.028215,1181,73,0.049270,0.2891
20736000,924.913430,1200,68,0.061276,0.2734
20738000,923.204590,1198,82,0.066303,0.2578
20740000,962.885839,1191,91,0.034708,0.3516
20742000,965.475372,1195,64,0.191938,0.3750
20744000,977.663852,1187,74,0.159205,0.2891
20746000,918.726288,1171,82,0.190143,0.3672
20748000,960.645755,1187,71,0.080842,0.3047
20750000,842.501208,1182,79,0.115439,0.3516
20752000,920.295347,1192,69,0.077914,0.3672
20754000,939.571398,1211,74,0.053138,0.3359
20756000,933.147740,1183,78,0.057424,0.3047
20758000,861.756607,1197,81,0.058442,0.2344
20760000,862.693527,1212,80,0.018508,0.2422
20762000,851.393038,1216,67,0.015392,0.2422
20764000,828.923276,1197,78,0.009921,0.3047
20766000,837.178691,1213,70,0.010983,0.3281
20768000,849.024427,1210,89,0.009860,0.2578
20770000,844.704407,1202,81,0.013913,0.2578
20772000,820.013592,1196,71,0.000887,0.2734
20774000,1129.090270,1208,75,0.151953,0.3047
20776000,1139.326831,1210,80,0.166315,0.3438
20778000,1174.837542,1212,70,0.151061,0.3281
20780000,1037.292270,1200,81,0.143815,0.3047
20782000,970.206375,1215,72,0.207071,0.2969
20784000,891.444208,1194,76,0.011321,0.3125
20786000,902.093526,1185,79,0.005145,0.2891
20788000,936.443260,1182,90,0.001921,0.1953
20790000,961.312334,1170,80,0.053118,0.3203
20792000,906.403516,1188,77,0.036549,0.3828
20794000,856.081875,1212,68,0.085126,0.2578
20796000,832.808511,1187,73,0.045876,0.3281
20798000,877.552872,1195,70,0.064779,0.2891
20800000,1120.648435,1198,81,0.024328,0.2500
20802000,1067.641216,1203,67,0.178015,0.3047
20804000,1090.543595,1225,69,0.090638,0.2344
20806000,1239.342615,1241,70,0.114432,0.2500
20808000,1158.924975,1226,76,0.160507,0.2734
20810000,1438.085262,1240,69,0.341544,0.2109
20812000,1519.082427,1264,54,0.395197,0.2422
20814000,1528.304095,1241,64,0.297350,0.2344
20816000,1398.111575,1232,70,0.298216,0.2969
20818000,1416.737155,1209,73,0.083068,0.2188
20820000,1194.371500,1231,64,0.281325,0.2344
20822000,967.430327,1213,73,0.179074,0.2812
20824000,993.046919,1227,66,0.080288,0.2734
20826000,980.934670,1258,64,0.088685,0.2969
20828000,829.722255,1239,63,0.049258,0.2969
20830000,840.749783,1236,59,0.089385,0.3281
20832000,824.253143,1253,55,0.087137,0.2578
20834000,789.872239,1249,58,0.088409,0.2578
20836000,778.982995,1216,73,0.027951,0.3203
20838000,771.896495,1230,65,0.010419,0.3281
20840000,777.328262,1220,69,0.014766,0.3438
20842000,743.015747,1230,58,0.000401,0.2578
20844000,782.881663,1243,65,0.023868,0.2656
20846000,775.996544,1211,75,0.017050,0.2344
20848000,832.374862,1216,71,0.168228,0.3281
20850000,815.967979,1229,53,0.137067,0.2266
20852000,767.893075,1234,64,0.111262,0.2891
20854000,745.734908,1236,66,0.009215,0.2891
20856000,750.997288,1198,79,0.010014,0.2344
20858000,820.268812,1200,63,0.000921,0.3672
20860000,812.347790,1193,74,0.002440,0.2969
20862000,961.323239,1220,62,0.059635,0.3281
20864000,899.222175,1217,65,0.072138,0.2344
20866000,894.561743,1213,67,0.089987,0.2578
20868000,911.114190,1189,75,0.073499,0.2500
20870000,895.462718,1185,92,0.066291,0.2734
20872000,902.237280,1152,91,0.037136,0.3359
20874000,939.216307,1169,74,0.002895,0.3203
20876000,1096.902680,1160,87,0.170057,0.2891
20878000,813.537107,1200,70,0.019818,0.3281
20880000,858.624070,1219,67,0.017758,0.3516
20882000,830.679855,1196,67,0.009725,0.2188
20884000,885.505287,1164,80,0.010451,0.3281
20886000,848.386184,1138,83,0.010353,0.3984
20888000,898.988847,1165,79,0.055252,0.3203
20890000,889.171068,1169,79,0.092779,0.2812
20892000,964.673547,1203,67,0.130510,0.3438
20894000,861.723127,1216,62,0.115827,0.2500
20896000,948.188670,1214,53,0.129328,0.2734
20898000,817.969822,1215,62,0.030278,0.2031
20900000,819.433708,1191,77,0.041441,0.2734
20902000,819.114152,1195,79,0.045680,0.2578
20904000,1020.171387,1219,70,0.266562,0.3203
20906000,832.912595,1187,75,0.112273,0.3281
20908000,1115.040775,1176,84,0.264940,0.3438
20910000,1004.982995,1188,80,0.426827,0.2734
20912000,962.351790,1189,66,0.413300,0.2266
20914000,969.144974,1218,73,0.416748,0.3672
20916000,970.832790,1197,76,0.384389,0.3203
20918000,876.195615,1192,73,0.365114,0.3125
20920000,863.536204,1172,80,0.406681,0.3125
20922000,827.338143,1188,78,0.391983,0.3281
20924000,942.824398,1188,77,0.466333,0.3203
20926000,880.795299,1185,71,0.398998,0.3438
20928000,830.899415,1193,63,0.221144,0.3047
20930000,832.497147,1207,72,0.185465,0.2812
20932000,838.680254,1184,74,0.185707,0.3125
20934000,841.692558,1183,82,0.188577,0.2734
20936000,930.989246,1174,93,0.267801,0.3125
20938000,917.749463,1190,71,0.018502,0.2422
20940000,904.472584,1203,67,0.025566,0.2656
20942000,905.411078,1193,72,0.033372,0.2734
20944000,930.379430,1206,70,0.024335,0.2344
20946000,916.445111,1191,75,0.027443,0.3281
20948000,924.046051,1195,68,0.040086,0.3203
20950000,904.814862,1215,67,0.025989,0.2344
20952000,808.257303,1199,68,0.087765,0.2969
20954000,790.538022,1183,76,0.095818,0.2734
20956000,786.693815,1178,90,0.104023,0.3359
20958000,778.444440,1182,88,0.200701,0.3438
20960000,810.853495,1213,68,0.211838,0.3281
20962000,802.083756,1182,72,0.226932,0.2812
20964000,807.819198,1190,78,0.266401,0.2344
20966000,812.942895,1191,74,0.311362,0.2578
20968000,820.371654,1195,70,0.347357,0.2578
20970000,766.221135,1205,69,0.258693,0.2656
20972000,755.188551,1215,59,0.270754,0.2500
20974000,689.216832,1197,71,0.088275,0.2969
20976000,738.989015,1202,71,0.129602,0.2656
20978000,746.780111,1197,67,0.091988,0.3594
20980000,739.972300,1192,88,0.084724,0.2969
20982000,680.911191,1233,55,0.032781,0.3047
20984000,709.695155,1243,60,0.007665,0.3203
20986000,705.039230,1239,70,0.022540,0.2656
20988000,684.587886,1224,70,0.040342,0.2422
20990000,754.136982,1207,72,0.006558,0.2656
20992000,745.877724,1197,69,0.007704,0.3125
20994000,682.907564,1193,70,0.008580,0.2812
20996000,676.810860,1195,69,0.004633,0.2734
20998000,696.804046,1198,69,0.003340,0.2656
21000000,763.838087,1193,82,0.006904,0.2891
21002000,745.297310,1193,71,0.095687,0.3359
21004000,762.640096,1193,83,0.102642,0.3359
21006000,789.878830,1202,78,0.047987,0.2656
21008000,856.960798,1192,81,0.123575,0.2812
21010000,846.202782,1221,71,0.119912,0.3281
21012000,834.593835,1203,74,0.028862,0.2734
21014000,990.810782,1211,69,0.270639,0.2578
21016000,1000.610115,1231,63,0.215758,0.2969
21018000,1044.462142,1229,74,0.263899,0.3438
21020000,947.620383,1213,66,0.213368,0.2344
21022000,934.903910,1200,76,0.195019,0.3359
21024000,935.801326,1213,72,0.192529,0.2734
21026000,838.670595,1183,76,0.266732,0.3906
21028000,851.352940,1193,81,0.211523,0.3203
21030000,847.481016,1201,75,0.238827,0.3828
21032000,827.770940,1197,73,0.026989,0.3125
21034000,834.716031,1209,70,0.025823,0.2109
21036000,818.637039,1221,63,0.048492,0.2656
21038000,822.681579,1221,76,0.038663,0.2500
21040000,937.739878,1217,82,0.222982,0.2656
21042000,967.872707,1197,72,0.235893,0.2578
21044000,950.886415,1206,78,0.224443,0.3125
21046000,936.149576,1190,70,0.185882,0.2500
21048000,1183.865855,1180,66,0.327055,0.2422
21050000,1125.483612,1194,60,0.063794,0.2812
21052000,846.017646,1208,65,0.024920,0.3516
21054000,836.198438,1199,66,0.018943,0.2969
21056000,835.199510,1195,70,0.029670,0.2891
21058000,806.649630,1203,72,0.091433,0.2422
21060000,781.269711,1211,65,0.099288,0.2188
21062000,849.726950,1214,58,0.111906,0.3125
21064000,850.948331,1228,56,0.083729,0.3203
21066000,840.733783,1201,73,0.085089,0.3047
21068000,926.145875,1208,78,0.171068,0.3125
21070000,914.943715,1205,72,0.156228,0.2891
21072000,932.617262,1204,77,0.155517,0.2422
21074000,948.863020,1194,75,0.148984,0.3359
21076000,903.495231,1180,72,0.159618,0.3359
21078000,892.327294,1181,76,0.060256,0.2969
21080000,890.578475,1226,61,0.054861,0.3125
21082000,877.956910,1190,84,0.052883,0.3828
21084000,879.602720,1176,77,0.046755,0.3359
21086000,945.840719,1190,82,0.086666,0.2500
21088000,947.278078,1199,78,0.096466,0.3203
21090000,947.143566,1190,76,0.098025,0.2734
21092000,945.923020,1213,73,0.061977,0.2422
21094000,964.824750,1188,83,0.048183,0.3125
21096000,969.872243,1178,90,0.066142,0.2969
21098000,927.707235,1187,65,0.081050,0.2734
21100000,905.500574,1207,64,0.067083,0.3281
21102000,971.492904,1206,72,0.087203,0.2500
21104000,952.244951,1200,80,0.084722,0.2578
21106000,998.022739,1216,68,0.087956,0.2969
21108000,1004.169047,1216,71,0.082124,0.2734
21110000,1021.551072,1243,65,0.075290,0.3047
21112000,1060.393004,1232,72,0.098611,0.2422
21114000,1162.547800,1211,69,0.193782,0.2109
21116000,1143.440236,1224,55,0.194513,0.1953
21118000,1131.549575,1224,52,0.191351,0.2500
21120000,1116.259519,1229,58,0.175771,0.3125
21122000,1218.800259,1210,79,0.261473,0.2266
21124000,1089.484751,1223,62,0.057133,0.2656
21126000,997.259775,1223,57,0.115440,0.2500
21128000,1128.569384,1207,71,0.210736,0.2266
21130000,1157.970190,1190,72,0.295055,0.2891
21132000,1134.974375,1211,70,0.293957,0.2969
21134000,1040.362363,1222,76,0.162527,0.3906
21136000,1087.845164,1214,76,0.347587,0.2422
21138000,1053.577628,1214,70,0.335669,0.3438
21140000,1228.682246,1223,70,0.465507,0.2812
21142000,1335.746967,1207,74,0.551518,0.3438
21144000,938.407260,1184,71,0.164596,0.2656
21146000,936.261231,1189,77,0.169490,0.2656
21148000,945.983887,1186,65,0.180946,0.3203
21150000,961.846055,1191,75,0.177443,0.2812
21152000,963.717679,1200,67,0.338947,0.3516
21154000,958.477187,1224,62,0.355821,0.2500
21156000,975.521708,1208,69,0.399389,0.2578
21158000,973.701606,1223,70,0.111731,0.1406
21160000,983.474563,1199,76,0.214721,0.2969
21162000,1065.490403,1179,80,0.272221,0.2734
21164000,998.771987,1176,83,0.248930,0.3203
21166000,986.621511,1184,88,0.279833,0.3672
21168000,971.963675,1202,66,0.259739,0.2734
21170000,862.364607,1200,68,0.174499,0.2891
21172000,850.054396,1214,68,0.143406,0.2266
21174000,812.281595,1203,69,0.096249,0.2891
21176000,714.422584,1195,67,0.033817,0.2969
21178000,744.536383,1196,77,0.002100,0.3281
21180000,733.967990,1193,75,0.002014,0.3281
21182000,811.967551,1210,71,0.147730,0.3047
21184000,774.619179,1225,70,0.138219,0.2656
21186000,750.977510,1211,79,0.052008,0.2578
21188000,733.741271,1184,77,0.037141,0.1953
21190000,781.664060,1213,64,0.064605,0.3125
21192000,767.332703,1210,70,0.045550,0.2812
21194000,744.175103,1183,76,0.046643,0.3281
21196000,768.392407,1199,68,0.045165,0.2656
21198000,777.692287,1161,91,0.055274,0.3125
21200000,778.317311,1175,81,0.046338,0.2891
21202000,789.951910,1204,78,0.063105,0.3359
21204000,772.278659,1200,67,0.047431,0.3281
21206000,791.375868,1183,82,0.065886,0.2812
21208000,813.589455,1184,84,0.068718,0.3281
21210000,791.441404,1211,69,0.073542,0.3516
21212000,901.772918,1230,59,0.195264,0.2734
21214000,716.970591,1208,63,0.150674,0.2500
21216000,769.229132,1212,62,0.235089,0.2656
21218000,843.673075,1211,63,0.141743,0.2812
21220000,839.016190,1195,70,0.208626,0.2578
21222000,861.391215,1190,81,0.202978,0.3125
21224000,798.894238,1181,85,0.142468,0.3438
21226000,837.444747,1208,66,0.089175,0.2734
21228000,832.720040,1203,79,0.113498,0.2656
21230000,978.679311,1209,65,0.161305,0.3281
21232000,1060.717430,1208,67,0.125197,0.3438
21234000,1054.714796,1243,59,0.028065,0.2891
21236000,1030.944590,1203,67,0.252933,0.2891
21238000,1183.082091,1176,83,0.091790,0.2969
21240000,1159.785135,1198,63,0.133344,0.2891
21242000,1182.165883,1193,70,0.106917,0.2344
21244000,1099.658435,1192,71,0.282897,0.3438
21246000,967.330792,1180,77,0.244474,0.3672
21248000,880.598195,1169,73,0.253887,0.2891
21250000,980.843003,1180,85,0.208112,0.3047
21252000,978.011691,1191,72,0.205798,0.2578
21254000,998.730702,1189,79,0.269258,0.2969
21256000,1026.107366,1196,73,0.258437,0.3672
21258000,891.422908,1226,56,0.236343,0.2422
21260000,897.419895,1218,61,0.236471,0.2656
21262000,871.299214,1223,73,0.233883,0.2734
21264000,1001.500075,1203,69,0.237060,0.3203
21266000,984.380235,1204,76,0.114333,0.2812
21268000,1084.266062,1221,67,0.190526,0.3047
21270000,1174.790060,1224,75,0.114862,0.2109
21272000,1195.306700,1226,71,0.333578,0.3125
21274000,1149.111015,1216,67,0.393895,0.3594
21276000,1118.444811,1226,74,0.250319,0.2656
21278000,1081.064775,1216,75,0.106311,0.2500
21280000,1307.963006,1206,72,0.604666,0.2734
21282000,1123.259503,1214,68,0.462100,0.2734
21284000,853.450351,1200,86,0.408432,0.3359
21286000,860.649920,1197,78,0.412071,0.3125
21288000,1029.904155,1177,81,0.012638,0.2969
21290000,998.876295,1191,75,0.014565,0.2734
21292000,886.588055,1175,94,0.303419,0.2969
21294000,931.932910,1177,82,0.329445,0.3984
21296000,1118.167142,1186,84,0.037090,0.3203
21298000,1167.262300,1189,70,0.104615,0.2188
21300000,1075.805614,1209,68,0.170867,0.2734
21302000,1012.350022,1204,66,0.121323,0.2578
21304000,1221.999934,1205,55,0.379382,0.2031
21306000,1164.120155,1198,63,0.363304,0.1875
21308000,1157.741678,1212,57,0.331271,0.2812
21310000,1246.135715,1199,80,0.357997,0.3281
21312000,1272.679575,1199,69,0.002769,0.2578
21314000,1138.192015,1193,65,0.107542,0.2266
21316000,1164.343408,1213,67,0.101084,0.2109
21318000,1250.364200,1209,57,0.001689,0.2734
21320000,1205.292691,1200,72,0.036245,0.3125
21322000,1141.497575,1190,73,0.012821,0.2734
21324000,1047.654606,1221,62,0.037094,0.3281
21326000,978.329475,1206,63,0.038113,0.2578
21328000,1056.845358,1205,77,0.014113,0.2188
21330000,1016.194235,1203,86,0.023679,0.3594
21332000,1078.807912,1179,80,0.030429,0.3438
21334000,1167.481283,1207,79,0.016436,0.2969
21336000,864.920003,1191,68,0.267045,0.2656
21338000,895.944096,1209,66,0.219362,0.3281
21340000,1092.002991,1202,79,0.360898,0.2891
21342000,803.656918,1188,88,0.032597,0.2969
21344000,864.189231,1229,65,0.166959,0.2422
21346000,883.559139,1206,78,0.167971,0.2891
21348000,863.783752,1221,72,0.037232,0.2734
21350000,883.206767,1208,71,0.052774,0.2891
21352000,907.414363,1197,79,0.078955,0.3125
21354000,976.301319,1193,78,0.065418,0.3359
21356000,785.886694,1183,86,0.002000,0.3125
21358000,892.276094,1236,57,0.010750,0.3281
21360000,875.935999,1188,66,0.023757,0.2578
21362000,851.023934,1213,64,0.128257,0.2891
21364000,839.035500,1215,56,0.173196,0.3359
21366000,855.929900,1207,72,0.181810,0.3203
21368000,866.397174,1211,64,0.207533,0.2734
21370000,807.291463,1231,72,0.039591,0.2578
21372000,755.609062,1216,72,0.024975,0.2266
21374000,733.532070,1216,72,0.006240,0.2344
21376000,735.052750,1230,67,0.005796,0.2422
21378000,749.181575,1213,61,0.001972,0.2031
21380000,751.615190,1194,65,0.000464,0.2656
21382000,764.111270,1189,73,0.003258,0.3594
21384000,750.311398,1204,76,0.012632,0.2656
21386000,768.723022,1217,66,0.013462,0.3281
21388000,782.027870,1212,68,0.014907,0.2812
21390000,735.457571,1237,47,0.075801,0.2344
21392000,762.038376,1209,65,0.001599,0.3047
21394000,764.260398,1230,53,0.004966,0.3281
21396000,753.015676,1217,65,0.007569,0.2656
21398000,738.104339,1243,49,0.012391,0.2031
21400000,778.216764,1216,67,0.005338,0.1562
21402000,819.852167,1207,61,0.074752,0.2422
21404000,740.098480,1204,76,0.005974,0.2578
21406000,752.641603,1214,60,0.009044,0.2266
21408000,639.485219,1194,68,0.052504,0.2734
21410000,739.285752,1183,82,0.017239,0.3906
21412000,739.292155,1199,81,0.011618,0.2656
21414000,747.951587,1172,86,0.022228,0.3125
21416000,766.936863,1180,79,0.055408,0.2969
21418000,778.632140,1212,70,0.049479,0.3672
21420000,769.783598,1196,84,0.045393,0.3203
21422000,809.283518,1236,67,0.008133,0.2422
21424000,1035.396750,1241,71,0.133387,0.1719
21426000,804.048739,1219,72,0.048265,0.3594
21428000,840.485248,1210,62,0.026986,0.3125
21430000,872.912718,1211,57,0.151750,0.2891
21432000,935.126355,1209,57,0.300698,0.2500
21434000,903.124895,1192,79,0.243606,0.2656
21436000,924.074614,1191,79,0.245480,0.2500
21438000,897.683939,1195,75,0.334493,0.3438
21440000,897.455360,1192,82,0.351399,0.3047
21442000,879.883678,1185,71,0.336029,0.3203
21444000,888.435838,1196,72,0.342981,0.3047
21446000,860.128758,1196,72,0.339265,0.3125
21448000,867.027870,1204,71,0.345878,0.3516
21450000,959.478552,1193,63,0.417349,0.2578
21452000,971.082048,1176,75,0.445485,0.2891
21454000,1094.761171,1183,76,0.597483,0.3672
21456000,1288.505235,1186,73,0.649225,0.2734
21458000,1151.455435,1175,68,0.639033,0.3203
21460000,1217.702155,1171,67,0.628320,0.2188
21462000,1226.454955,1179,77,0.647744,0.2891
21464000,917.832319,1188,62,0.314620,0.2969
21466000,885.630510,1194,81,0.247147,0.2969
21468000,879.715495,1194,83,0.219366,0.3359
21470000,888.388240,1185,96,0.225486,0.2969
21472000,889.988439,1196,81,0.200613,0.3047
21474000,953.585820,1186,69,0.279349,0.2656
21476000,925.767263,1200,67,0.197336,0.3203
21478000,919.801351,1198,65,0.182864,0.3047
21480000,959.680140,1179,78,0.172005,0.2344
21482000,949.669740,1188,58,0.172011,0.2734
21484000,941.704844,1199,83,0.165687,0.3125
21486000,932.757742,1206,66,0.211694,0.2500
21488000,946.643619,1180,65,0.141406,0.3203
21490000,826.735196,1189,57,0.233635,0.2812
21492000,843.979231,1173,64,0.191316,0.3438
21494000,995.123720,1182,71,0.272503,0.2578
21496000,1007.583827,1197,64,0.289667,0.2500
21498000,823.623215,1206,67,0.085517,0.2891
21500000,815.424515,1204,53,0.102931,0.2188
21502000,837.299014,1185,71,0.071917,0.3906
21504000,886.621875,1197,65,0.075804,0.2188
21506000,890.175827,1167,75,0.082415,0.2656
21508000,844.138704,1165,75,0.059683,0.2969
21510000,892.871135,1166,82,0.047950,0.3047
21512000,1043.023743,1168,76,0.239911,0.3750
21514000,941.892744,1174,71,0.189561,0.3359
21516000,864.744763,1201,62,0.174097,0.2734
21518000,826.471020,1188,65,0.175074,0.2578
21520000,866.866318,1204,66,0.118757,0.2266
21522000,880.798300,1193,75,0.098485,0.2344
21524000,881.332335,1210,61,0.123436,0.1875
21526000,946.010478,1211,50,0.133224,0.2031
21528000,969.634096,1202,70,0.169371,0.2891
21530000,977.406495,1215,61,0.057394,0.2891
21532000,960.257950,1215,44,0.068760,0.2969
21534000,924.849139,1207,71,0.076493,0.2422
21536000,927.286460,1204,68,0.204330,0.2891
21538000,1241.567836,1214,65,0.609560,0.2656
21540000,1211.611307,1213,72,0.568358,0.2500
21542000,1212.231128,1197,64,0.517283,0.2656
21544000,1202.399075,1194,72,0.533985,0.3203
21546000,944.678728,1184,80,0.168796,0.3516
21548000,943.929580,1164,79,0.162706,0.3203
21550000,920.418467,1190,82,0.155896,0.3203
21552000,936.972591,1193,65,0.156547,0.2266
21554000,911.621950,1180,80,0.147392,0.2969
21556000,896.670687,1209,68,0.257620,0.2969
21558000,829.775931,1213,68,0.162500,0.2891
21560000,813.020379,1228,71,0.080603,0.2656
21562000,782.745915,1210,75,0.087156,0.2891
21564000,792.415926,1191,69,0.090238,0.3047
21566000,854.840486,1184,74,0.094846,0.3047
21568000,895.134550,1215,66,0.065812,0.2031
21570000,859.100307,1182,71,0.158108,0.3438
21572000,727.831515,1194,77,0.075903,0.2656
21574000,771.013295,1183,80,0.055124,0.2969
21576000,772.783275,1192,62,0.039372,0.2734
21578000,779.210595,1184,74,0.035667,0.3359
21580000,838.265799,1209,58,0.110936,0.3516
21582000,746.198222,1185,57,0.150921,0.2812
21584000,761.584739,1181,80,0.174709,0.3516
21586000,760.123767,1189,73,0.153025,0.4141
21588000,742.153134,1178,72,0.120375,0.3047
21590000,765.821915,1179,81,0.119497,0.3438
21592000,753.842587,1180,69,0.171654,0.2734
21594000,809.785072,1172,75,0.174990,0.3047
21596000,808.063894,1184,69,0.110492,0.2969
21598000,797.237935,1191,55,0.154559,0.3516
21600000,798.297919,1175,73,0.305120,0.2578
21602000,806.269982,1181,71,0.298457,0.2422
21604000,809.666207,1154,67,0.240027,0.2656
21606000,899.723292,1157,76,0.307645,0.3516
21608000,961.957343,1178,74,0.411205,0.3594
21610000,942.724607,1174,70,0.396235,0.3203
21612000,914.164971,1179,74,0.356509,0.2422
21614000,1124.469851,1200,62,0.639191,0.2812
21616000,966.809619,1188,88,0.479217,0.3516
21618000,969.674255,1192,86,0.455190,0.2656
21620000,959.039532,1184,76,0.320622,0.2969
21622000,889.576526,1174,89,0.441975,0.2812
21624000,881.002355,1193,72,0.445365,0.2578
21626000,834.693103,1202,73,0.407294,0.2578
21628000,953.710284,1183,76,0.521424,0.3047
21630000,950.359295,1184,82,0.504569,0.3047
21632000,997.398168,1173,83,0.545850,0.3438
21634000,872.233420,1188,67,0.481085,0.2188
21636000,900.309168,1193,77,0.473402,0.2891
21638000,969.338695,1200,62,0.553912,0.3125
21640000,943.314875,1176,70,0.540207,0.2812
21642000,894.338492,1224,59,0.192276,0.2578
21644000,739.939995,1218,73,0.051494,0.2891
21646000,738.647407,1221,67,0.044647,0.2656
21648000,726.369039,1206,81,0.037791,0.2969
21650000,770.538534,1205,73,0.010832,0.2812
21652000,774.533163,1204,71,0.011250,0.2656
21654000,705.938638,1213,69,0.008430,0.2578
21656000,718.702780,1197,75,0.012636,0.3125
21658000,703.789755,1201,71,0.013218,0.3203
21660000,712.375147,1203,70,0.006355,0.3281
21662000,724.276460,1207,75,0.011721,0.2969
21664000,733.272572,1204,75,0.011108,0.2266
21666000,684.985955,1174,84,0.032758,0.3203
21668000,664.313190,1193,65,0.003779,0.2578
21670000,661.812047,1176,79,0.005783,0.2812
21672000,723.909516,1176,79,0.055991,0.3281
21674000,714.899744,1179,78,0.051430,0.2812
21676000,731.268700,1172,84,0.053368,0.2891
21678000,780.298987,1185,72,0.117821,0.2422
21680000,780.904475,1169,82,0.094972,0.3125
21682000,750.692320,1184,68,0.082659,0.2500
21684000,786.075599,1182,71,0.096534,0.2969
21686000,776.315719,1195,75,0.090207,0.2891
21688000,780.691260,1197,76,0.097430,0.3672
21690000,768.566703,1196,73,0.086015,0.3125
21692000,853.946939,1210,72,0.129077,0.2734
21694000,763.371420,1212,64,0.044661,0.3359
21696000,843.073080,1217,67,0.012993,0.2969
21698000,807.790627,1210,81,0.060092,0.2656
21700000,815.101395,1184,85,0.059790,0.3125
21702000,742.342780,1175,83,0.128727,0.3750
21704000,796.196075,1208,73,0.129010,0.2734
21706000,785.033671,1195,77,0.179606,0.3047
21708000,782.825702,1204,77,0.143624,0.2734
21710000,782.523408,1190,73,0.143060,0.2578
21712000,767.695655,1178,73,0.095184,0.3125
21714000,777.370515,1173,84,0.107271,0.3594
21716000,785.159750,1164,78,0.116475,0.3203
21718000,849.300963,1164,91,0.099555,0.3281
21720000,713.094142,1128,95,0.116047,0.3359
21722000,736.609855,1164,84,0.092865,0.2969
21724000,709.787846,1159,73,0.017950,0.2734
21726000,721.877388,1167,70,0.008923,0.1875
21728000,673.953599,1168,73,0.010976,0.3047
21730000,706.617366,1186,66,0.015086,0.2578
21732000,717.199207,1174,73,0.054864,0.3125
21734000,799.257783,1166,91,0.040001,0.3203
21736000,1184.094575,1156,84,0.568604,0.3203
21738000,961.479580,1172,66,0.335605,0.2734
21740000,830.573147,1169,69,0.316171,0.3828
21742000,818.994795,1158,70,0.286425,0.3281
21744000,762.034972,1177,81,0.283332,0.3438
21746000,856.140935,1193,64,0.222489,0.3047
21748000,858.406200,1191,58,0.211429,0.3281
21750000,870.334640,1175,73,0.215516,0.2969
21752000,852.225839,1167,77,0.205652,0.3672
21754000,895.922651,1190,75,0.258034,0.3047
21756000,856.768766,1182,71,0.217779,0.3047
21758000,1004.407390,1161,84,0.479068,0.3125
21760000,979.665339,1189,78,0.477430,0.3125
21762000,1029.675283,1190,72,0.454053,0.2812
21764000,1020.517718,1174,83,0.462830,0.2422
21766000,998.624374,1169,82,0.514402,0.3828
21768000,1066.172030,1163,82,0.390300,0.2578
21770000,1150.975815,1202,67,0.266422,0.2656
21772000,1229.616380,1193,69,0.373562,0.3359
21774000,1069.564944,1172,82,0.359669,0.3516
21776000,1014.849635,1181,85,0.326629,0.3516
21778000,1051.732694,1177,77,0.286848,0.3047
21780000,1037.448492,1189,79,0.295789,0.3203
21782000,1043.819150,1185,74,0.147050,0.3047
21784000,1123.063191,1190,71,0.235752,0.3047
21786000,1066.800878,1183,75,0.236053,0.3828
21788000,930.059887,1176,85,0.066995,0.3438
21790000,945.555064,1177,83,0.044222,0.3125
21792000,949.902131,1201,67,0.047766,0.2969
21794000,961.362315,1204,67,0.034187,0.3359
21796000,981.413116,1212,57,0.038990,0.3047
21798000,973.967019,1193,65,0.039216,0.3672
21800000,1067.603180,1204,58,0.064628,0.2578
21802000,1034.900638,1198,75,0.070111,0.3281
21804000,1012.914299,1180,84,0.047869,0.3125
21806000,1145.070710,1195,84,0.280491,0.2500
21808000,1121.695308,1208,73,0.205240,0.3359
21810000,1069.452000,1218,58,0.084864,0.2891
21812000,1057.009630,1202,74,0.093357,0.3047
21814000,1059.001102,1197,74,0.104998,0.2266
21816000,1089.035148,1170,79,0.329831,0.3281
21818000,1197.710291,1178,78,0.195664,0.2812
21820000,1159.348367,1160,84,0.199524,0.3281
21822000,1007.013622,1186,89,0.187626,0.2578
21824000,1137.119424,1194,74,0.455715,0.3359
21826000,1059.540046,1206,67,0.029643,0.2578
21828000,1058.067051,1207,69,0.033617,0.3203
21830000,991.211619,1203,71,0.070877,0.2891
21832000,956.994919,1193,79,0.066009,0.2812
21834000,874.347320,1171,84,0.054450,0.3594
21836000,1140.869820,1189,79,0.181830,0.3203
21838000,1125.663259,1171,93,0.086847,0.3828
21840000,1140.899627,1194,78,0.093009,0.2734
21842000,1119.576335,1206,77,0.058251,0.3125
21844000,1025.694979,1192,63,0.032760,0.3203
21846000,1162.943180,1193,73,0.135352,0.3125
21848000,824.796339,1167,89,0.269629,0.3594
21850000,825.841974,1189,80,0.255522,0.3047
21852000,820.576295,1185,74,0.244647,0.3438
21854000,800.859878,1192,76,0.218385,0.3672
21856000,750.977174,1208,73,0.049508,0.2500
21858000,761.914035,1224,58,0.047512,0.2031
21860000,766.967340,1210,74,0.040122,0.2422
21862000,807.934331,1208,73,0.065768,0.2734
21864000,1014.028368,1198,74,0.182541,0.2734
21866000,1023.524600,1204,65,0.161758,0.3594
21868000,1078.698006,1180,76,0.202936,0.2812
21870000,1087.302380,1182,62,0.246667,0.2734
21872000,877.852967,1180,83,0.178742,0.2734
21874000,923.577239,1173,84,0.069281,0.3203
21876000,950.959926,1175,73,0.049908,0.3047
21878000,885.708894,1188,70,0.072766,0.3203
21880000,948.163875,1179,76,0.115290,0.3203
21882000,1060.207900,1203,58,0.344285,0.3203
21884000,1171.034030,1210,61,0.062642,0.3438
21886000,1148.115320,1194,78,0.330299,0.2578
21888000,1147.327696,1207,63,0.202576,0.3281
21890000,1108.551008,1203,68,0.153384,0.2891
21892000,1125.348302,1201,87,0.171461,0.2891
21894000,1107.075515,1195,70,0.211689,0.3516
21896000,1060.368271,1205,81,0.329993,0.4062
21898000,1024.958364,1201,85,0.352119,0.3203
21900000,797.140094,1188,83,0.135682,0.3203
21902000,783.610035,1202,83,0.137314,0.2578
21904000,806.620183,1187,78,0.124570,0.2969
21906000,810.469671,1179,84,0.131682,0.3359
21908000,799.121356,1192,84,0.110142,0.2500
21910000,772.847899,1199,61,0.114108,0.2812
21912000,768.793064,1203,60,0.183152,0.2344
21914000,786.614790,1229,55,0.184908,0.2188
21916000,785.566220,1226,64,0.204348,0.2500
21918000,783.781182,1228,58,0.207004,0.3672
21920000,768.194870,1225,59,0.233874,0.3203
21922000,793.030112,1226,62,0.183458,0.2734
21924000,830.754270,1192,79,0.165017,0.3516
21926000,845.677404,1191,78,0.153887,0.3516
21928000,941.888992,1192,78,0.245514,0.3594
21930000,946.737500,1191,77,0.280582,0.2891
21932000,998.455499,1197,78,0.296409,0.3359
21934000,1008.525931,1232,65,0.155542,0.3047
21936000,989.451467,1215,71,0.191978,0.3125
21938000,1036.868511,1215,70,0.208621,0.3438
21940000,918.819259,1231,62,0.205322,0.3047
21942000,937.558144,1223,74,0.094685,0.2734
21944000,1040.182070,1218,80,0.242986,0.1719
21946000,885.310574,1214,79,0.045501,0.3359
21948000,853.845996,1209,81,0.064396,0.2891
21950000,825.460943,1222,53,0.238015,0.2656
21952000,812.069251,1194,74,0.247627,0.3359
21954000,891.903710,1192,73,0.300448,0.2344
21956000,920.066734,1189,63,0.232021,0.3359
21958000,914.642183,1193,74,0.199933,0.3125
21960000,972.056878,1186,67,0.309002,0.3047
21962000,942.508311,1192,75,0.272443,0.2812
21964000,928.946780,1187,79,0.221452,0.2812
21966000,980.708558,1178,94,0.256837,0.2578
21968000,987.442523,1208,70,0.275584,0.2969
21970000,839.822011,1210,79,0.069107,0.3281
21972000,982.291680,1210,74,0.155824,0.3047
21974000,981.398179,1194,73,0.296911,0.2969
21976000,1016.891083,1202,73,0.255319,0.2969
21978000,935.474236,1229,57,0.078397,0.2500
21980000,892.172246,1203,65,0.124318,0.2422
21982000,836.362115,1192,68,0.105285,0.2656
21984000,1140.935563,1187,70,0.299992,0.2656
21986000,1158.576523,1200,77,0.271926,0.2500
21988000,1081.731868,1206,66,0.328690,0.3281
21990000,1093.049160,1208,65,0.387375,0.3438
21992000,1228.919167,1175,88,0.306783,0.3750
21994000,1076.599004,1181,83,0.048653,0.2500
21996000,999.725695,1184,64,0.058072,0.3281
21998000,1091.922395,1172,70,0.075708,0.3125
22000000,994.093755,1205,76,0.074116,0.2734
22002000,970.065868,1220,59,0.069690,0.2422
22004000,956.367467,1219,77,0.065989,0.2812
22006000,1070.046726,1210,74,0.071495,0.2812
22008000,1156.894070,1182,85,0.083458,0.2734
22010000,1235.025900,1200,73,0.147313,0.3516
22012000,1319.765687,1189,75,0.231364,0.3594
22014000,1046.609004,1222,56,0.292158,0.2734
22016000,1144.080635,1241,65,0.345648,0.3125
22018000,1082.237611,1225,76,0.280437,0.3203
22020000,1068.266430,1219,71,0.277009,0.2734
22022000,1061.876391,1241,65,0.275433,0.2344
22024000,931.803487,1221,75,0.214671,0.3203
22026000,1128.978684,1211,72,0.228660,0.3125
22028000,1155.246871,1214,70,0.229389,0.2969
22030000,1184.036472,1215,70,0.449221,0.3281
22032000,1188.787004,1197,73,0.455035,0.2969
22034000,1219.679360,1187,76,0.437339,0.3203
22036000,1216.313718,1195,68,0.406749,0.2500
22038000,1204.189064,1194,65,0.338957,0.2812
22040000,1036.627103,1190,72,0.265230,0.3203
22042000,1084.339951,1196,73,0.197329,0.3516
22044000,1406.501462,1210,74,0.179219,0.2812
22046000,1259.694760,1218,71,0.127374,0.2344
22048000,1087.360600,1195,79,0.308520,0.3203
22050000,1035.952699,1177,74,0.290108,0.3516
22052000,1191.815432,1197,72,0.344657,0.3359
22054000,1180.172470,1212,73,0.335241,0.2969
22056000,1196.146235,1198,84,0.340314,0.2969
22058000,1156.433435,1211,61,0.319626,0.3203
22060000,1186.189206,1221,66,0.354817,0.3125
22062000,1176.639835,1239,61,0.348926,0.2969
22064000,1165.273471,1210,75,0.320514,0.2891
22066000,1189.648622,1219,63,0.309836,0.2578
22068000,1151.202003,1225,55,0.223992,0.2969
22070000,1127.849719,1219,67,0.126842,0.2969
22072000,1107.644440,1234,58,0.145286,0.3047
22074000,913.147275,1246,68,0.041999,0.3203
22076000,1025.594550,1215,70,0.127805,0.2734
22078000,1021.799566,1205,70,0.107178,0.3125
22080000,994.473150,1207,74,0.041746,0.2578
22082000,1302.652684,1215,59,0.197577,0.2422
22084000,1048.475655,1222,63,0.097126,0.3828
22086000,1747.637635,1230,60,0.586398,0.3047
22088000,1391.456879,1202,69,0.349496,0.2734
22090000,1769.679503,1200,66,0.421485,0.3047
22092000,1849.457955,1217,64,0.425057,0.2969
22094000,1058.191359,1230,67,0.298511,0.2812
22096000,1107.714771,1246,71,0.315676,0.2734
22098000,1049.024959,1243,62,0.346568,0.2266
22100000,1084.872211,1227,64,0.331698,0.2344
22102000,1090.496879,1227,75,0.329260,0.2188
22104000,1018.216203,1197,68,0.321412,0.3125
22106000,978.342279,1217,59,0.202948,0.3125
22108000,1065.219136,1225,62,0.115539,0.2422
22110000,944.558459,1189,76,0.057690,0.3203
22112000,947.915759,1211,67,0.060497,0.2891
22114000,792.186931,1206,70,0.009087,0.3438
22116000,878.049150,1187,75,0.029436,0.2734
22118000,936.343415,1204,69,0.075392,0.2578
22120000,914.491022,1215,79,0.066043,0.2891
22122000,940.502416,1215,72,0.068353,0.2891
22124000,1044.535531,1212,71,0.025526,0.2500
22126000,1092.584663,1205,78,0.183296,0.3516
22128000,1016.728275,1192,89,0.160299,0.3516
22130000,1008.853496,1207,79,0.157269,0.2891
22132000,1012.780675,1199,72,0.164658,0.3203
22134000,1033.643792,1186,84,0.169862,0.3359
22136000,1357.874976,1196,90,0.172458,0.2969
22138000,1084.998891,1220,72,0.189096,0.2656
22140000,1077.302371,1221,74,0.094545,0.3672
22142000,1107.489766,1230,70,0.074145,0.2500
22144000,1199.020695,1226,60,0.070959,0.2578
22146000,1189.925638,1210,78,0.283845,0.3438
22148000,1185.399463,1194,78,0.284460,0.3281
22150000,1118.832860,1206,75,0.251886,0.2656
22152000,1173.785767,1189,63,0.285806,0.2422
22154000,1117.455459,1174,70,0.271061,0.2656
22156000,1069.799719,1180,70,0.209247,0.2891
22158000,1114.975935,1174,75,0.269209,0.3047
22160000,976.073127,1193,66,0.240554,0.2500
22162000,1085.583580,1186,75,0.405511,0.3438
22164000,1090.154951,1208,70,0.322806,0.2812
22166000,920.651720,1217,69,0.263272,0.2578
22168000,870.992572,1205,74,0.203602,0.3281
22170000,988.149859,1209,70,0.160886,0.3281
22172000,1135.055815,1211,80,0.291055,0.2578
22174000,976.856422,1192,66,0.190930,0.3438
22176000,1099.874598,1181,77,0.349795,0.2891
22178000,861.589547,1220,58,0.181266,0.3047
22180000,868.168795,1204,71,0.044911,0.3203
22182000,854.253635,1188,75,0.044251,0.2969
22184000,705.442102,1191,59,0.103338,0.3672
22186000,703.653863,1190,75,0.121396,0.2734
22188000,687.551960,1178,78,0.115245,0.3281
22190000,800.454044,1189,69,0.110778,0.2422
22192000,811.534334,1191,79,0.041652,0.2734
22194000,818.518563,1202,86,0.043997,0.3594
22196000,753.182222,1211,76,0.102095,0.2734
22198000,738.997271,1226,69,0.006898,0.3359
22200000,666.704136,1213,65,0.065045,0.2266
22202000,673.366175,1206,65,0.063372,0.3047
22204000,822.439403,1191,80,0.112246,0.3594
22206000,839.517583,1190,78,0.124336,0.3047
22208000,872.020598,1193,76,0.121314,0.3047
22210000,845.299088,1151,91,0.085421,0.2812
22212000,836.023575,1167,75,0.144040,0.2656
22214000,829.201500,1194,66,0.156945,0.3438
22216000,806.773900,1204,71,0.193275,0.2969
22218000,855.567303,1217,73,0.142727,0.2812
22220000,874.810335,1210,67,0.143528,0.2734
22222000,1010.158224,1203,77,0.113572,0.2734
22224000,951.019035,1184,82,0.148509,0.3359
22226000,1031.469531,1199,69,0.216717,0.2812
22228000,1014.686300,1199,72,0.214224,0.2422
22230000,998.255583,1199,69,0.248481,0.2969
22232000,1103.780600,1177,71,0.271095,0.3125
22234000,929.798307,1189,69,0.106660,0.2578
22236000,923.148318,1195,80,0.042453,0.3594
22238000,967.847004,1198,72,0.097296,0.2500
22240000,1061.975107,1178,76,0.010902,0.2812
22242000,1049.803763,1187,73,0.145680,0.3125
22244000,1034.376535,1180,75,0.149750,0.3438
22246000,941.723134,1180,71,0.165816,0.2812
22248000,929.542495,1189,65,0.154695,0.2812
22250000,997.206991,1208,62,0.056127,0.3203
22252000,988.188294,1187,77,0.103066,0.3438
22254000,986.383571,1184,68,0.006274,0.2344
22256000,1017.143759,1191,68,0.026776,0.2109
22258000,864.571975,1225,58,0.024066,0.3203
22260000,915.699631,1230,59,0.039427,0.3125
22262000,822.939743,1231,59,0.278365,0.3203
22264000,840.070220,1205,64,0.277247,0.2969
22266000,848.450907,1195,71,0.283840,0.3750
22268000,850.963566,1199,78,0.296005,0.2422
22270000,853.617286,1182,83,0.305590,0.3281
22272000,836.079326,1172,70,0.308950,0.3203
22274000,776.572472,1182,60,0.059807,0.2891
22276000,818.471835,1196,62,0.040433,0.2656
22278000,822.481863,1170,76,0.031859,0.2969
22280000,806.496232,1167,81,0.075434,0.2969
22282000,819.584712,1170,83,0.075676,0.3594
22284000,815.055116,1180,83,0.059714,0.3750
22286000,772.201079,1177,78,0.058566,0.2891
22288000,742.013758,1171,78,0.098507,0.2500
22290000,882.765100,1170,76,0.024054,0.2656
22292000,915.870206,1199,79,0.047645,0.2578
22294000,884.976016,1181,74,0.045506,0.3516
22296000,914.826382,1165,76,0.024324,0.3594
22298000,1001.116182,1169,75,0.316648,0.3438
22300000,1009.191792,1196,70,0.299194,0.3125
22302000,767.649918,1156,78,0.077935,0.2109
22304000,809.163160,1149,81,0.049856,0.3359
22306000,772.396035,1168,71,0.014889,0.2344
22308000,703.310935,1194,74,0.004230,0.2812
22310000,718.853854,1190,72,0.006228,0.3672
22312000,724.815484,1187,72,0.005418,0.3047
22314000,776.394118,1186,78,0.000018,0.3750
22316000,758.540115,1165,81,0.002473,0.3203
22318000,806.873310,1168,99,0.035157,0.3203
22320000,826.753075,1189,73,0.080041,0.2812
22322000,833.591580,1174,86,0.088736,0.2422
22324000,808.878748,1210,67,0.013372,0.3281
22326000,834.743871,1227,58,0.007590,0.2188
22328000,816.030375,1220,69,0.002752,0.2422
22330000,732.020247,1212,70,0.153877,0.3047
22332000,845.201199,1236,52,0.250831,0.3125
22334000,872.803758,1243,58,0.215589,0.2656
22336000,963.948775,1238,66,0.411730,0.3047
22338000,852.698955,1217,60,0.252621,0.2891
22340000,839.160774,1204,69,0.234037,0.2578
22342000,791.905358,1207,71,0.227420,0.2812
22344000,890.018695,1216,70,0.230140,0.3047
22346000,954.687707,1213,68,0.303323,0.2344
22348000,850.627318,1215,71,0.307424,0.3516
22350000,905.675551,1209,58,0.385343,0.2031
22352000,899.461592,1194,73,0.342946,0.3438
22354000,887.699526,1194,77,0.321331,0.2500
22356000,906.956070,1181,72,0.127890,0.3516
22358000,890.468614,1177,71,0.320590,0.3359
22360000,888.990251,1163,96,0.368546,0.3047
22362000,919.904566,1179,79,0.285766,0.3359
22364000,945.902110,1179,82,0.297387,0.2500
22366000,940.927550,1145,90,0.305587,0.2891
22368000,1031.564899,1161,77,0.321134,0.2578
22370000,1139.703014,1182,76,0.507233,0.2969
22372000,1144.694190,1185,59,0.498595,0.2812
22374000,1218.724134,1170,78,0.330813,0.3594
22376000,1288.821406,1168,78,0.400903,0.2969
22378000,1186.280051,1158,79,0.158486,0.3438
22380000,1170.651419,1156,77,0.432482,0.2344
22382000,1050.890531,1152,89,0.357872,0.3125
22384000,960.789680,1172,70,0.016640,0.3203
22386000,978.499703,1186,68,0.017527,0.2969
22388000,1274.431227,1185,56,0.466879,0.2500
22390000,990.288472,1166,77,0.163548,0.2500
22392000,887.488060,1198,73,0.127241,0.2969
22394000,863.563855,1156,79,0.134010,0.2969
22396000,878.111763,1134,90,0.131225,0.3750
22398000,934.445295,1167,78,0.127332,0.2500
22400000,1135.218155,1150,78,0.577568,0.2891
22402000,980.475294,1173,78,0.266460,0.3906
22404000,879.347804,1148,85,0.274275,0.3828
22406000,857.000503,1164,91,0.237707,0.3047
22408000,834.320924,1177,78,0.086592,0.2656
22410000,819.861164,1194,66,0.067456,0.2969
22412000,856.421310,1182,76,0.067373,0.2812
22414000,825.157750,1162,90,0.044043,0.3281
22416000,848.443791,1172,87,0.068253,0.3359
22418000,864.986815,1178,88,0.146235,0.4062
22420000,882.600335,1205,68,0.254746,0.3594
22422000,848.348750,1207,65,0.277640,0.2188
22424000,765.119871,1199,72,0.148916,0.3906
22426000,776.016863,1187,70,0.161730,0.3203
22428000,758.879951,1195,66,0.140952,0.2578
22430000,726.128940,1195,66,0.186905,0.2734
22432000,794.688572,1189,74,0.282292,0.2734
22434000,800.545216,1182,74,0.280111,0.3359
22436000,889.134814,1168,93,0.330228,0.3203
22438000,869.724587,1175,85,0.319632,0.3047
22440000,900.017740,1186,77,0.316070,0.3984
22442000,739.276416,1180,87,0.009802,0.3047
22444000,728.514508,1203,63,0.004136,0.2422
22446000,753.013324,1210,72,0.000682,0.2656
22448000,753.756438,1206,66,0.008290,0.3047
22450000,828.744464,1181,71,0.093372,0.3516
22452000,847.012142,1177,82,0.144757,0.3359
22454000,935.909150,1202,59,0.176815,0.3047
22456000,985.345375,1217,64,0.226002,0.3203
22458000,732.344575,1208,71,0.176270,0.3281
22460000,851.153155,1200,67,0.161912,0.3203
22462000,842.379198,1185,84,0.016565,0.2969
22464000,783.983494,1178,69,0.007940,0.3047
22466000,1140.737750,1210,82,0.171871,0.2891
22468000,983.533715,1210,76,0.215698,0.2656
22470000,785.091271,1193,74,0.020067,0.2812
22472000,734.987611,1201,78,0.045754,0.2812
22474000,746.963735,1198,65,0.086448,0.2812
22476000,748.714143,1187,76,0.102943,0.2500
22478000,759.840316,1189,74,0.098046,0.3281
22480000,764.282774,1192,80,0.122936,0.2969
22482000,703.569484,1193,64,0.100626,0.3203
22484000,744.289755,1221,61,0.078938,0.2422
22486000,732.964719,1189,73,0.080226,0.3203
22488000,747.916575,1206,68,0.067945,0.3047
22490000,741.112359,1213,76,0.079259,0.2656
22492000,771.099878,1190,78,0.077164,0.2812
22494000,771.061078,1182,82,0.034891,0.3594
22496000,750.034131,1209,72,0.069774,0.3125
22498000,753.806999,1190,76,0.071786,0.3516
22500000,777.356059,1204,69,0.113883,0.2578
22502000,880.975820,1199,67,0.077148,0.3438
22504000,849.395750,1188,80,0.115406,0.2656
22506000,830.260735,1194,75,0.092544,0.2734
22508000,920.494127,1201,71,0.076614,0.2109
22510000,922.919323,1190,88,0.038943,0.3281
22512000,944.128982,1187,73,0.040175,0.2656
22514000,931.497480,1181,83,0.067532,0.3828
22516000,810.873638,1168,77,0.018377,0.3125
22518000,812.302271,1178,87,0.156391,0.3594
22520000,809.318488,1210,64,0.103403,0.2109
22522000,898.389955,1213,66,0.121357,0.2500
22524000,901.264262,1202,73,0.096134,0.2500
22526000,890.108715,1176,88,0.126198,0.3438
22528000,925.326550,1163,84,0.157002,0.3438
22530000,947.986544,1189,81,0.181521,0.3516
22532000,983.007047,1217,66,0.129598,0.2969
22534000,957.627598,1195,66,0.146809,0.2969
22536000,938.604000,1195,75,0.065534,0.2422
22538000,934.307222,1195,72,0.037023,0.2500
22540000,973.190095,1174,83,0.059766,0.3516
22542000,955.039131,1189,72,0.051405,0.2969
22544000,933.132070,1164,78,0.060996,0.3594
22546000,974.615470,1179,73,0.071866,0.3516
22548000,1027.476390,1184,73,0.059907,0.3516
22550000,947.944726,1176,76,0.230864,0.3047
22552000,1022.500075,1173,75,0.071696,0.2422
22554000,945.663743,1193,66,0.172479,0.3359
22556000,839.417203,1187,72,0.184105,0.3281
22558000,824.336960,1153,89,0.084175,0.3125
22560000,783.851054,1173,75,0.108682,0.3281
22562000,773.785495,1171,78,0.098493,0.3047
22564000,692.259099,1168,89,0.073534,0.2891
22566000,666.111470,1162,81,0.048853,0.2734
22568000,607.851451,1183,67,0.018411,0.3125
22570000,611.178407,1194,78,0.037889,0.2969
22572000,606.556539,1184,73,0.038015,0.2891
22574000,769.616720,1189,85,0.111509,0.3125
22576000,678.899740,1180,85,0.025125,0.2422
22578000,643.524510,1186,77,0.023095,0.3203
22580000,720.273046,1192,80,0.068033,0.3203
22582000,709.919263,1192,69,0.051358,0.2578
22584000,759.090175,1206,59,0.073160,0.2422
22586000,683.110862,1181,72,0.025003,0.2969
22588000,685.295390,1153,86,0.020913,0.3516
22590000,632.499440,1148,90,0.036971,0.3750
22592000,687.122380,1167,82,0.171352,0.3594
22594000,646.208011,1161,92,0.074899,0.2500
22596000,652.777163,1188,78,0.062241,0.2656
22598000,672.587980,1182,82,0.056432,0.2578
22600000,659.133230,1177,77,0.065548,0.2344
22602000,954.530088,1187,66,0.260614,0.3359
22604000,957.713734,1158,80,0.254119,0.3828
22606000,917.406235,1161,78,0.204634,0.3438
22608000,928.048798,1172,78,0.210625,0.2422
22610000,830.198683,1165,97,0.172925,0.3750
22612000,822.372494,1169,80,0.194982,0.2500
22614000,836.084694,1144,92,0.191961,0.2344
22616000,853.953287,1186,89,0.127410,0.3281
22618000,852.537759,1195,84,0.158046,0.2656
22620000,818.951022,1176,79,0.136078,0.2734
22622000,925.785648,1157,92,0.106524,0.3438
22624000,836.344552,1160,92,0.070961,0.3984
22626000,848.251580,1160,87,0.057954,0.2812
22628000,848.793952,1148,85,0.061880,0.3047
22630000,845.904926,1131,87,0.017979,0.3203
22632000,833.281099,1163,79,0.018273,0.2656
22634000,833.921007,1165,67,0.012681,0.2969
22636000,807.225564,1172,75,0.025588,0.2266
22638000,806.926823,1174,65,0.167893,0.2734
22640000,766.879756,1177,65,0.004344,0.2031
22642000,737.725439,1179,80,0.264762,0.2734
22644000,722.996556,1186,75,0.277152,0.2891
22646000,717.500035,1190,89,0.269969,0.2891
22648000,705.785964,1189,72,0.284422,0.3125
22650000,704.054115,1183,78,0.246212,0.3359
22652000,693.039638,1187,78,0.250314,0.2969
22654000,732.114520,1194,77,0.286520,0.3203
22656000,754.365910,1169,76,0.163384,0.2812
22658000,681.666495,1181,85,0.098339,0.3125
22660000,691.279691,1166,79,0.089741,0.3047
22662000,740.078571,1179,73,0.062204,0.2734
22664000,751.133920,1192,61,0.091798,0.3281
22666000,731.287995,1182,81,0.098182,0.3125
22668000,733.813622,1178,73,0.147651,0.2656
22670000,772.617519,1178,70,0.134445,0.2734
22672000,763.190924,1150,93,0.077963,0.2969
22674000,718.945318,1168,80,0.068554,0.3125
22676000,739.734870,1175,66,0.060765,0.3750
22678000,719.960131,1146,83,0.095073,0.3906
22680000,710.101326,1156,91,0.020931,0.3281
22682000,688.378380,1172,92,0.012521,0.3594
22684000,699.791166,1180,79,0.026477,0.3125
22686000,698.130044,1191,74,0.016817,0.3516
22688000,690.902287,1194,75,0.013074,0.2734
22690000,694.890344,1197,75,0.012838,0.2812
22692000,687.077244,1189,87,0.010606,0.2812
22694000,694.802972,1215,64,0.013394,0.3281
22696000,687.766735,1200,71,0.008389,0.3359
22698000,674.860715,1191,76,0.026170,0.3125
22700000,673.953411,1200,70,0.026135,0.3203
22702000,662.703755,1210,61,0.024832,0.2188
22704000,642.528880,1183,90,0.033707,0.3594
22706000,660.525238,1197,61,0.033770,0.2734
22708000,648.411750,1182,79,0.023033,0.3984
22710000,720.032795,1192,75,0.179214,0.2891
22712000,622.613134,1193,74,0.067322,0.2500
22714000,671.254718,1181,76,0.038509,0.2969
22716000,707.322856,1152,83,0.015594,0.2500
22718000,711.780912,1176,85,0.042455,0.2891
22720000,730.036876,1174,80,0.049361,0.3438
22722000,745.237526,1181,73,0.055493,0.2578
22724000,749.591855,1160,91,0.080684,0.3359
22726000,742.062542,1189,74,0.068109,0.3359
22728000,758.053752,1208,64,0.072131,0.3047
22730000,757.328371,1206,63,0.068151,0.3203
22732000,790.133747,1172,79,0.037043,0.3516
22734000,871.565148,1166,86,0.131324,0.2812
22736000,894.676860,1154,79,0.109729,0.3203
22738000,909.844715,1152,82,0.135157,0.2891
22740000,921.017147,1179,89,0.150074,0.3516
22742000,942.755580,1180,81,0.093631,0.3828
22744000,1030.023847,1187,77,0.217077,0.3359
22746000,839.019126,1204,74,0.042414,0.2578
22748000,858.012819,1185,78,0.157145,0.3125
22750000,841.132919,1200,68,0.246699,0.2656
22752000,763.982775,1216,53,0.097724,0.2266
22754000,773.256695,1189,75,0.095273,0.2734
22756000,756.722734,1181,78,0.095412,0.3594
22758000,740.593547,1184,80,0.025924,0.2891
22760000,755.099463,1193,80,0.030719,0.2812
22762000,899.743734,1200,72,0.191961,0.2656
22764000,798.771995,1176,88,0.136737,0.3594
22766000,792.416000,1177,93,0.137605,0.3750
22768000,963.249244,1188,74,0.266034,0.3594
22770000,834.389635,1151,91,0.197745,0.3672
22772000,891.865035,1181,77,0.107718,0.2578
22774000,922.909000,1156,92,0.122737,0.3906
22776000,932.431175,1175,79,0.130600,0.2969
22778000,940.800503,1202,78,0.242574,0.3281
22780000,935.739324,1226,55,0.243022,0.2422
22782000,929.334211,1195,66,0.192829,0.3594
22784000,923.416267,1210,65,0.168038,0.2891
22786000,944.210151,1212,66,0.110263,0.3438
22788000,906.558283,1214,72,0.103748,0.2422
22790000,962.516300,1200,73,0.072545,0.2266
22792000,989.365110,1199,62,0.077533,0.3594
22794000,980.344755,1206,68,0.073742,0.2578
22796000,956.835150,1205,77,0.073863,0.2656
22798000,886.715548,1203,82,0.094471,0.3516
22800000,929.762864,1210,73,0.004982,0.3281
22802000,942.162006,1204,63,0.106531,0.2578
22804000,918.373975,1200,75,0.104758,0.2578
22806000,962.939110,1216,73,0.119110,0.3594
22808000,1127.175955,1219,67,0.029850,0.3438
22810000,1031.790007,1196,69,0.012263,0.3438
22812000,970.749767,1226,75,0.024419,0.2656
22814000,979.921528,1220,81,0.029264,0.3594
22816000,1097.929255,1193,72,0.069703,0.3281
22818000,1050.178606,1184,62,0.185082,0.3359
22820000,1098.410887,1191,65,0.075325,0.3438
22822000,912.503047,1208,63,0.294213,0.2656
22824000,1031.983859,1208,68,0.123961,0.2969
22826000,1044.233630,1239,57,0.230770,0.2969
22828000,1081.872988,1214,66,0.307195,0.4062
22830000,1307.142147,1212,62,0.063974,0.1719
22832000,1232.186875,1209,73,0.047640,0.3438
22834000,1217.790163,1213,63,0.041171,0.2891
22836000,1197.224375,1194,73,0.078553,0.3203
22838000,1136.849372,1150,90,0.071003,0.2656
22840000,1122.381676,1162,76,0.071472,0.3125
22842000,1152.964012,1175,87,0.211379,0.3438
22844000,1101.548142,1180,82,0.231494,0.3359
22846000,1083.482270,1204,75,0.025103,0.2578
22848000,1012.989678,1186,68,0.020862,0.3047
22850000,1049.075603,1157,97,0.202107,0.3438
22852000,1018.234150,1190,80,0.207943,0.2500
22854000,1018.678110,1176,81,0.332972,0.3594
22856000,1045.510732,1201,65,0.340592,0.2500
22858000,964.459118,1230,52,0.201362,0.2734
22860000,984.215807,1207,78,0.196100,0.3203
22862000,1011.119182,1208,73,0.192541,0.2891
22864000,958.450216,1195,72,0.154235,0.3438
22866000,1026.460700,1225,61,0.061462,0.2500
22868000,1026.512286,1219,59,0.019993,0.3828
22870000,970.665488,1218,63,0.073218,0.2031
22872000,998.299583,1214,62,0.108806,0.2734
22874000,1022.756195,1215,64,0.193507,0.2656
22876000,1032.672726,1210,78,0.018125,0.3047
22878000,1038.222239,1197,68,0.038891,0.3047
22880000,1031.509726,1212,67,0.039605,0.2969
22882000,1001.304520,1198,83,0.217799,0.2969
22884000,978.143979,1191,82,0.213219,0.3047
22886000,1003.419975,1216,76,0.221148,0.2734
22888000,1008.112827,1239,53,0.100326,0.2734
22890000,995.366903,1205,70,0.109404,0.2734
22892000,949.952055,1219,72,0.055560,0.2969
22894000,801.995676,1241,65,0.020387,0.2969
22896000,831.430364,1199,72,0.019273,0.2656
22898000,943.570327,1185,78,0.030407,0.3594
22900000,937.760782,1200,75,0.023559,0.2891
22902000,1030.703943,1207,74,0.010735,0.2422
22904000,1004.442264,1205,77,0.005465,0.2734
22906000,917.315479,1190,83,0.003526,0.3125
22908000,812.714835,1209,65,0.055406,0.2656
22910000,823.569195,1211,63,0.004360,0.2500
22912000,806.634590,1195,70,0.000855,0.2734
22914000,766.908214,1198,77,0.011765,0.3359
22916000,739.010155,1204,72,0.021033,0.3047
22918000,956.351552,1205,71,0.280548,0.2656
22920000,1047.172135,1211,68,0.122738,0.2344
22922000,1139.874070,1175,88,0.297657,0.3438
22924000,1033.622072,1158,88,0.097627,0.3984
22926000,969.095580,1174,84,0.279539,0.4141
22928000,977.702379,1153,101,0.289525,0.3203
22930000,806.014235,1178,74,0.131245,0.3984
22932000,779.347787,1192,78,0.110527,0.2109
22934000,869.249820,1165,81,0.205717,0.3828
22936000,873.923463,1190,64,0.208972,0.2734
22938000,979.018750,1196,77,0.278148,0.2812
22940000,1018.256832,1173,74,0.335340,0.2891
22942000,951.611595,1172,74,0.383841,0.3438
22944000,943.208560,1196,64,0.381948,0.2578
22946000,1006.191279,1183,69,0.395577,0.2969
22948000,1047.692878,1162,87,0.458024,0.3828
22950000,1059.395510,1159,80,0.450890,0.3125
22952000,1019.505500,1159,84,0.544372,0.2500
22954000,1019.837542,1183,80,0.509929,0.3359
22956000,1007.710107,1210,63,0.357920,0.2891
22958000,824.753223,1193,69,0.122793,0.3594
22960000,831.800775,1196,68,0.049841,0.2891
22962000,862.254796,1199,81,0.100891,0.2578
22964000,915.989534,1192,76,0.125503,0.3438
22966000,941.841630,1195,78,0.076802,0.3359
22968000,945.505515,1213,74,0.078407,0.2891
22970000,872.960680,1185,94,0.122709,0.3750
22972000,853.420110,1191,77,0.128495,0.2891
22974000,844.204855,1177,82,0.152106,0.2812
22976000,821.706759,1172,71,0.150067,0.2500
22978000,862.129430,1185,70,0.193110,0.2656
22980000,894.849831,1181,75,0.247461,0.3281
22982000,871.366675,1159,86,0.124570,0.3828
22984000,774.149788,1185,66,0.000905,0.2969
22986000,914.576230,1183,62,0.159011,0.2188
22988000,876.504387,1191,60,0.118629,0.3516
22990000,832.269224,1195,73,0.197520,0.3516
22992000,793.128648,1178,77,0.162374,0.2344
22994000,847.467743,1166,86,0.254883,0.3203
22996000,832.172875,1191,71,0.273733,0.3359
22998000,788.129464,1177,84,0.207984,0.2656
23000000,780.019896,1171,70,0.204787,0.2422
23002000,911.206556,1204,74,0.240570,0.3125
23004000,916.176055,1192,82,0.235355,0.2656
23006000,948.604751,1189,79,0.277638,0.2734
23008000,936.601083,1190,73,0.265014,0.2734
23010000,744.086822,1191,79,0.017136,0.2891
23012000,749.361696,1167,85,0.014900,0.3359
23014000,767.278864,1164,78,0.011451,0.2422
23016000,785.278515,1147,100,0.003243,0.2812
23018000,777.156830,1153,95,0.000123,0.3125
23020000,779.145119,1179,76,0.001337,0.2422
23022000,809.169951,1182,75,0.016344,0.2891
23024000,771.931468,1192,68,0.001198,0.2812
23026000,781.011302,1173,87,0.003965,0.3203
23028000,743.875755,1166,87,0.003700,0.3516
23030000,764.067943,1174,83,0.010186,0.3750
23032000,798.693070,1189,75,0.148234,0.2578
23034000,743.426995,1191,77,0.120758,0.3516
23036000,753.883259,1180,79,0.129336,0.3281
23038000,760.801203,1177,69,0.114767,0.3125
23040000,782.903587,1180,79,0.225409,0.3516
23042000,786.205014,1186,67,0.188017,0.2266
23044000,890.237363,1177,68,0.214729,0.2891
23046000,997.878451,1171,71,0.276460,0.3047
23048000,938.827467,1202,64,0.216961,0.3438
23050000,999.400451,1196,84,0.108065,0.3672
23052000,892.461995,1180,78,0.231168,0.2734
23054000,910.772975,1176,75,0.066804,0.3203
23056000,955.780039,1162,77,0.068959,0.3359
23058000,953.318328,1169,88,0.077258,0.2891
23060000,960.818123,1178,87,0.126259,0.3125
23062000,976.860280,1183,85,0.040212,0.3750
23064000,980.040427,1188,66,0.038372,0.3516
23066000,940.449587,1185,66,0.061380,0.3359
23068000,987.366531,1208,67,0.164105,0.3359
23070000,989.524339,1229,54,0.170123,0.3047
23072000,877.719766,1201,72,0.079493,0.3047
23074000,924.729110,1211,76,0.202865,0.2656
23076000,864.471854,1204,75,0.169285,0.3125
23078000,856.562979,1225,64,0.184492,0.3359
23080000,829.798028,1203,63,0.134087,0.2344
23082000,859.333815,1181,76,0.153802,0.2578
23084000,908.869003,1170,73,0.085600,0.2344
23086000,937.158460,1190,79,0.023674,0.2891
23088000,889.183735,1198,71,0.233106,0.3359
23090000,890.804096,1171,80,0.188859,0.3516
23092000,874.747150,1200,74,0.138332,0.3047
23094000,948.994395,1217,67,0.179616,0.2891
23096000,1006.243919,1220,67,0.061110,0.2891
23098000,1065.430364,1222,74,0.256087,0.2656
23100000,1080.408792,1217,69,0.283716,0.2891
23102000,1123.005990,1208,62,0.193497,0.2109
23104000,1104.601451,1216,72,0.185765,0.3125
23106000,1208.080300,1212,62,0.235970,0.2500
23108000,1225.058823,1186,74,0.254216,0.3203
23110000,1225.121383,1210,69,0.214143,0.2656
23112000,1249.396430,1204,76,0.234662,0.3203
23114000,1167.725308,1187,74,0.317586,0.3047
23116000,1143.945435,1208,62,0.112527,0.2344
23118000,900.294060,1212,64,0.097093,0.3438
23120000,888.272015,1202,73,0.104741,0.2734
23122000,910.353387,1194,79,0.111957,0.3203
23124000,945.690491,1186,64,0.094917,0.2109
23126000,995.420331,1211,69,0.201553,0.3359
23128000,1044.012935,1217,76,0.167048,0.3359
23130000,1041.099948,1201,80,0.153062,0.2656
23132000,1033.752438,1191,80,0.170925,0.3125
23134000,1084.537304,1158,87,0.264390,0.3359
23136000,1032.302219,1171,74,0.284435,0.2891
23138000,967.760600,1184,90,0.156639,0.3125
23140000,874.388375,1177,85,0.176526,0.3047
23142000,889.132918,1192,66,0.126042,0.3047
23144000,956.811275,1197,74,0.148040,0.3125
23146000,956.089056,1200,66,0.180842,0.2344
23148000,1015.992647,1184,86,0.163951,0.2969
23150000,830.137374,1182,71,0.307369,0.2422
23152000,1068.568251,1180,78,0.403697,0.2734
23154000,1000.193783,1158,90,0.255378,0.3203
23156000,916.155488,1169,82,0.340568,0.3125
23158000,979.196982,1185,72,0.455319,0.2891
23160000,1048.169015,1192,55,0.365867,0.2578
23162000,1041.513099,1176,73,0.413344,0.3438
23164000,986.638935,1199,55,0.346107,0.3203
23166000,962.499310,1178,76,0.335660,0.2344
23168000,846.502902,1173,85,0.245611,0.3516
23170000,818.826275,1195,70,0.163841,0.3203
23172000,1081.890982,1196,67,0.345426,0.2734
23174000,1021.656268,1205,77,0.345076,0.2500
23176000,1070.821788,1202,79,0.326616,0.3203
23178000,1269.892022,1211,80,0.611270,0.2891
23180000,1350.722639,1218,69,0.604735,0.2812
23182000,1332.754999,1179,96,0.467811,0.2500
23184000,1356.808150,1193,78,0.465754,0.3203
23186000,948.210639,1207,78,0.238596,0.2734
23188000,957.444910,1215,78,0.228521,0.2656
23190000,953.097755,1222,64,0.208969,0.2734
23192000,960.342815,1204,64,0.250332,0.3281
23194000,964.507271,1203,73,0.265471,0.3203
23196000,978.689664,1198,80,0.260762,0.3750
23198000,802.785580,1206,64,0.164683,0.2812
23200000,863.651963,1199,70,0.086871,0.2734
23202000,949.493550,1197,69,0.186797,0.2500
23204000,972.624172,1204,77,0.451589,0.3438
23206000,977.637775,1210,78,0.395035,0.3359
23208000,1017.982622,1192,77,0.411159,0.3438
23210000,1019.100675,1170,89,0.286299,0.3359
23212000,1043.169195,1193,89,0.212498,0.2656
23214000,1025.848919,1218,74,0.230572,0.2812
23216000,985.716059,1190,76,0.173477,0.2500
23218000,986.159782,1173,92,0.096501,0.3359
23220000,996.399292,1195,79,0.098599,0.3438
23222000,1132.452860,1182,74,0.232802,0.3672
23224000,1133.154510,1193,65,0.224559,0.2734
23226000,1078.498495,1215,67,0.244039,0.3047
23228000,1059.916603,1232,61,0.311255,0.3438
23230000,1060.875404,1253,45,0.346604,0.2344
23232000,940.766955,1215,70,0.177598,0.2266
23234000,962.780299,1216,58,0.193710,0.2422
23236000,1005.398620,1203,71,0.116932,0.3125
23238000,988.798182,1188,72,0.183464,0.3281
23240000,980.566838,1206,66,0.197665,0.3203
23242000,1019.944707,1180,76,0.194600,0.2812
23244000,1039.419440,1191,76,0.277838,0.3281
23246000,1035.963739,1159,80,0.102900,0.3125
23248000,988.444396,1157,80,0.105357,0.3828
23250000,954.237315,1208,68,0.052699,0.2500
23252000,931.648348,1230,51,0.169712,0.2812
23254000,930.044814,1204,65,0.167674,0.2578
23256000,922.115571,1219,73,0.150184,0.2578
23258000,913.537291,1212,77,0.145754,0.2500
23260000,922.719943,1200,80,0.130834,0.3125
23262000,945.340150,1204,68,0.074482,0.2969
23264000,933.428695,1199,73,0.017640,0.3359
23266000,919.416355,1197,82,0.018273,0.2969
23268000,1007.431518,1195,79,0.076258,0.2969
23270000,1002.799515,1188,83,0.066843,0.3047
23272000,1074.185815,1211,67,0.102385,0.3281
23274000,1101.802075,1232,70,0.127873,0.2578
23276000,909.675030,1225,66,0.253419,0.3047
23278000,997.860003,1203,82,0.205369,0.2656
23280000,1012.269350,1227,73,0.210738,0.3594
23282000,940.198526,1224,74,0.202612,0.3203
23284000,906.201990,1211,74,0.187561,0.3125
23286000,971.325747,1222,73,0.095522,0.2734
23288000,908.132327,1202,83,0.080374,0.2734
23290000,862.803382,1187,66,0.051260,0.3516
23292000,903.730955,1193,78,0.072619,0.3594
23294000,944.538167,1203,79,0.199584,0.3984
23296000,986.709974,1224,72,0.194859,0.2812
23298000,965.825523,1214,77,0.060163,0.3438
23300000,930.010110,1208,73,0.007147,0.3047
23302000,871.043411,1190,71,0.001079,0.3125
23304000,898.093900,1189,74,0.012294,0.2031
23306000,841.987027,1182,88,0.015109,0.2969
23308000,850.519628,1191,96,0.143691,0.3438
23310000,857.487195,1203,71,0.181025,0.3047
23312000,814.006768,1200,75,0.070856,0.2812
23314000,802.242974,1204,79,0.108203,0.3359
23316000,787.410030,1228,67,0.084008,0.2266
23318000,820.320478,1215,79,0.238543,0.2891
23320000,830.452055,1200,85,0.108351,0.2656
23322000,901.689099,1205,70,0.007762,0.2188
23324000,801.993704,1221,69,0.016284,0.2656
23326000,790.148791,1231,55,0.010779,0.3047
23328000,792.766091,1225,62,0.016142,0.3203
23330000,910.651324,1235,59,0.001016,0.3281
23332000,891.767215,1231,60,0.000109,0.2266
23334000,944.329120,1215,69,0.016868,0.2969
23336000,967.755287,1203,63,0.012367,0.3672
23338000,909.748683,1188,69,0.004610,0.2500
23340000,888.313414,1194,75,0.001404,0.2500
23342000,854.379471,1208,64,0.005750,0.2422
23344000,809.505055,1215,69,0.006830,0.2734
23346000,933.833750,1189,76,0.102290,0.2656
23348000,985.777487,1196,66,0.055798,0.2266
23350000,1094.905671,1181,74,0.100523,0.3125
23352000,860.779975,1172,76,0.079073,0.3047
23354000,831.432555,1181,76,0.091462,0.2344
23356000,778.359720,1166,81,0.057202,0.3438
23358000,773.351003,1170,86,0.183669,0.2812
23360000,764.023654,1168,82,0.174486,0.3984
23362000,758.992975,1194,65,0.178153,0.2578
23364000,770.720864,1195,65,0.172422,0.2734
23366000,884.660911,1196,75,0.059253,0.2812
23368000,819.311280,1212,77,0.142912,0.2344
23370000,858.432231,1181,65,0.134214,0.2422
23372000,902.176360,1160,82,0.140309,0.2891
23374000,877.853054,1156,95,0.128361,0.3750
23376000,874.201155,1155,90,0.143859,0.3672
23378000,898.053819,1150,95,0.139999,0.4375
23380000,895.710759,1161,70,0.179010,0.2812
23382000,858.472187,1184,65,0.135191,0.2344
23384000,893.947548,1191,61,0.116133,0.3047
23386000,859.805395,1183,84,0.103227,0.2969
23388000,904.549990,1185,67,0.132207,0.3359
23390000,900.873415,1188,72,0.020424,0.2734
23392000,968.751355,1167,86,0.007418,0.4219
23394000,927.661967,1164,82,0.079932,0.2891
23396000,937.621815,1183,79,0.073372,0.3125
23398000,987.188400,1176,83,0.068238,0.2734
23400000,1016.787435,1198,71,0.285888,0.2031
23402000,1010.653820,1184,85,0.293146,0.2266
23404000,1036.914375,1199,82,0.341167,0.3281
23406000,1048.833144,1197,83,0.387987,0.2969
23408000,1036.708286,1222,73,0.439547,0.2969
23410000,969.867334,1169,86,0.364093,0.3516
23412000,970.617094,1211,66,0.322028,0.2812
23414000,862.021323,1212,64,0.019341,0.2969
23416000,835.847459,1216,63,0.021400,0.2734
23418000,841.385054,1220,76,0.032644,0.2969
23420000,1244.226808,1238,75,0.166030,0.3047
23422000,1168.275654,1237,72,0.037199,0.2812
23424000,1201.486271,1217,68,0.068426,0.3516
23426000,865.095727,1211,69,0.266883,0.3359
23428000,1109.694958,1216,75,0.293557,0.3047
23430000,1042.954508,1219,71,0.161287,0.2734
23432000,1190.757379,1224,65,0.289333,0.2656
23434000,1133.711900,1212,83,0.331964,0.2969
23436000,1155.147531,1215,70,0.292948,0.2500
23438000,1122.595420,1223,63,0.330691,0.2344
23440000,1112.879964,1208,80,0.271727,0.2578
23442000,1107.901487,1199,62,0.330422,0.2969
23444000,1123.075863,1221,52,0.335025,0.2734
23446000,1017.281006,1220,66,0.068739,0.2578
23448000,1029.935340,1204,74,0.067705,0.3516
23450000,1031.475235,1206,75,0.204015,0.2500
23452000,1035.051979,1205,76,0.213727,0.2578
23454000,991.908822,1226,69,0.176972,0.3359
23456000,991.255942,1227,66,0.174054,0.2188
23458000,833.140316,1205,71,0.183398,0.3594
23460000,882.605120,1216,69,0.169116,0.2578
23462000,852.396055,1203,72,0.035555,0.2578
23464000,925.671070,1214,78,0.033289,0.3438
23466000,905.466743,1226,67,0.027937,0.3828
23468000,994.683495,1221,62,0.103990,0.3281
23470000,998.528558,1224,63,0.068393,0.2656
23472000,1050.318840,1203,75,0.097222,0.3359
23474000,1017.041318,1207,76,0.058585,0.3594
23476000,953.533558,1201,61,0.062331,0.3125
23478000,944.280128,1200,67,0.126953,0.3047
23480000,1096.535735,1172,81,0.164249,0.3750
23482000,1145.194680,1186,75,0.063030,0.2656
23484000,1017.307750,1179,79,0.051688,0.3516
23486000,1074.713375,1193,64,0.132690,0.2578
23488000,1038.599023,1186,70,0.106715,0.2656
23490000,1075.962275,1166,86,0.146338,0.2812
23492000,1149.128655,1179,77,0.201523,0.3281
23494000,1132.447823,1193,72,0.299703,0.3984
23496000,1142.398924,1175,93,0.152619,0.3281
23498000,1061.373616,1189,78,0.124230,0.2656
23500000,908.134391,1217,62,0.096066,0.2578
23502000,920.255695,1216,64,0.115279,0.3984
23504000,917.132838,1195,66,0.106604,0.2969
23506000,910.597467,1220,58,0.112755,0.2031
23508000,898.213390,1216,60,0.085397,0.3516
23510000,1081.138630,1196,60,0.190714,0.3516
23512000,1090.247427,1179,74,0.406482,0.2891
23514000,906.732455,1181,91,0.106742,0.3125
23516000,1018.884875,1220,77,0.059259,0.2891
23518000,907.462620,1221,67,0.128394,0.2188
23520000,909.355823,1228,59,0.135350,0.2500
23522000,924.982822,1198,77,0.128505,0.2422
23524000,1009.790540,1182,78,0.181570,0.2969
23526000,954.602934,1195,77,0.286169,0.3125
23528000,1034.595707,1164,91,0.203941,0.3281
23530000,984.254270,1202,81,0.102832,0.3047
23532000,909.365571,1187,78,0.005187,0.3203
23534000,929.098078,1166,73,0.001979,0.3516
23536000,771.205975,1195,72,0.117606,0.3594
23538000,761.178550,1200,67,0.096458,0.3203
23540000,787.268795,1212,66,0.105096,0.3047
23542000,881.202668,1210,64,0.029077,0.2891
23544000,984.108240,1218,54,0.000398,0.2109
23546000,1023.482115,1200,65,0.012846,0.2891
23548000,782.907119,1196,68,0.042460,0.2656
23550000,787.723662,1222,66,0.016364,0.2656
23552000,777.576263,1200,62,0.149822,0.1953
23554000,747.794647,1210,66,0.085376,0.3281
23556000,858.740759,1199,72,0.144799,0.3359
23558000,841.724728,1199,63,0.120796,0.3047
23560000,858.030462,1194,70,0.083524,0.2734
23562000,851.068979,1193,78,0.093549,0.2031
23564000,880.053847,1183,79,0.099498,0.3516
23566000,980.702830,1198,76,0.057426,0.3359
23568000,1005.762174,1193,72,0.059207,0.2969
23570000,862.632775,1205,65,0.093149,0.2422
23572000,911.330822,1204,79,0.121974,0.3125
23574000,916.703423,1223,73,0.130288,0.3516
23576000,949.703832,1221,69,0.089210,0.2734
23578000,1048.996310,1224,58,0.042783,0.2266
23580000,1060.363102,1199,78,0.037757,0.2734
23582000,1038.997950,1213,61,0.047080,0.2891
23584000,1052.037862,1191,75,0.117372,0.3438
23586000,985.818316,1196,80,0.057111,0.3047
23588000,915.805899,1209,74,0.097981,0.2578
23590000,914.090007,1222,61,0.110544,0.2422
23592000,1183.055094,1231,66,0.036388,0.3125
23594000,1089.315078,1203,73,0.133880,0.2891
23596000,1130.755868,1164,93,0.145805,0.3359
23598000,1124.859512,1168,85,0.115529,0.2891
23600000,1167.558523,1184,72,0.359672,0.3828
23602000,1057.929070,1199,72,0.264512,0.3438
23604000,1001.055510,1202,70,0.243758,0.2656
23606000,941.710355,1197,76,0.248883,0.3984
23608000,956.638140,1211,72,0.245878,0.2109
23610000,933.308892,1189,78,0.239041,0.3281
23612000,917.933742,1218,61,0.250778,0.3125
23614000,982.752475,1221,61,0.301305,0.2344
23616000,948.659718,1219,57,0.283000,0.2500
23618000,1004.938800,1202,71,0.262677,0.2734
23620000,967.448606,1175,76,0.113240,0.2891
23622000,949.116342,1177,84,0.107457,0.3828
23624000,1154.570635,1185,78,0.206828,0.3047
23626000,1137.610590,1197,79,0.202085,0.2578
23628000,1318.831894,1198,74,0.485244,0.2891
23630000,1330.279280,1203,65,0.484443,0.2266
23632000,982.153536,1201,77,0.077712,0.2891
23634000,1044.448595,1202,76,0.078209,0.2891
23636000,1028.710875,1222,64,0.041207,0.2812
23638000,914.778587,1207,67,0.035456,0.3047
23640000,942.327324,1202,69,0.021933,0.2891
23642000,938.599710,1188,73,0.014981,0.2812
23644000,924.367543,1217,68,0.018435,0.2891
23646000,915.749550,1231,63,0.113267,0.2109
23648000,933.495350,1234,57,0.126789,0.3203
23650000,964.405547,1262,54,0.010323,0.2812
23652000,988.571096,1249,54,0.009175,0.3281
23654000,1019.683675,1244,61,0.008258,0.3125
23656000,1043.916070,1197,84,0.025423,0.3203
23658000,1049.246508,1198,74,0.027643,0.3672
23660000,1117.249478,1200,75,0.005584,0.2656
23662000,1081.133227,1198,67,0.020090,0.2734
23664000,972.144791,1191,70,0.008541,0.3750
23666000,945.655179,1205,65,0.044327,0.3438
23668000,982.474150,1205,74,0.022198,0.2812
23670000,1044.884894,1211,70,0.013596,0.2891
23672000,1083.550259,1199,69,0.012927,0.2656
23674000,1070.257848,1179,77,0.011817,0.2812
23676000,1071.602423,1196,82,0.017109,0.2266
23678000,1289.605660,1209,70,0.077999,0.3359
23680000,1168.299342,1188,83,0.075162,0.3359
23682000,1162.007382,1205,75,0.134890,0.3203
23684000,1088.488064,1183,81,0.095287,0.3359
23686000,1158.404070,1178,84,0.219212,0.2891
23688000,1140.650796,1176,79,0.201345,0.3672
23690000,1185.729888,1196,82,0.126291,0.3281
23692000,1123.647478,1191,85,0.267934,0.3125
23694000,1025.437510,1181,67,0.301053,0.2578
23696000,1288.874076,1197,66,0.618492,0.3281
23698000,1341.427815,1215,67,0.649447,0.2891
23700000,1365.046806,1192,74,0.638920,0.3750
23702000,1152.527328,1177,79,0.565454,0.2734
23704000,1284.750015,1177,72,0.654676,0.2891
23706000,1291.314680,1153,84,0.657455,0.3281
23708000,1428.156790,1156,91,0.739460,0.2734
23710000,892.719187,1161,85,0.425842,0.3359
23712000,893.641592,1170,80,0.447085,0.3672
23714000,878.311659,1174,79,0.432131,0.2734
23716000,1042.032400,1163,73,0.375681,0.3594
23718000,937.498780,1168,77,0.083071,0.3281
23720000,846.750060,1165,88,0.126659,0.2500
23722000,828.835318,1176,82,0.120503,0.2969
23724000,804.452870,1172,78,0.147009,0.3906
23726000,812.485131,1164,77,0.251667,0.3516
23728000,765.584136,1157,88,0.220357,0.2266
23730000,759.513630,1182,90,0.239535,0.2656
23732000,757.842988,1193,74,0.228147,0.3281
23734000,793.617132,1193,83,0.223038,0.3281
23736000,788.051287,1183,76,0.217734,0.2891
23738000,791.867935,1198,66,0.216135,0.3516
23740000,779.570366,1211,71,0.198675,0.3203
23742000,838.372472,1223,60,0.098956,0.3125
23744000,791.630060,1223,69,0.049439,0.3047
23746000,784.771992,1214,65,0.054743,0.2891
23748000,770.797078,1202,73,0.040819,0.3125
23750000,758.446203,1201,69,0.032655,0.2969
23752000,750.172070,1218,68,0.033111,0.3359
23754000,840.747726,1200,62,0.146366,0.2344
23756000,832.414467,1207,69,0.148638,0.3125
23758000,857.170067,1210,75,0.168344,0.3828
23760000,834.273198,1228,62,0.134325,0.2812
23762000,834.242195,1243,54,0.138664,0.2266
23764000,848.308499,1249,59,0.131782,0.2969
23766000,835.463111,1255,58,0.131964,0.2891
23768000,804.559180,1246,57,0.130157,0.3203
23770000,810.655143,1224,72,0.127791,0.2969
23772000,930.878635,1227,70,0.113539,0.2969
23774000,789.712204,1232,61,0.041257,0.2734
23776000,811.691543,1217,77,0.043148,0.2969
23778000,691.318719,1229,58,0.036131,0.2344
23780000,700.018332,1236,56,0.030786,0.2266
23782000,708.193967,1226,68,0.026877,0.2734
23784000,770.707339,1234,71,0.005965,0.2578
23786000,729.302550,1216,64,0.034932,0.2500
23788000,715.922427,1201,73,0.076068,0.3516
23790000,713.149600,1198,76,0.076242,0.3438
23792000,979.378419,1198,75,0.185769,0.3203
23794000,957.828542,1173,83,0.185446,0.2812
23796000,1099.075407,1194,82,0.235561,0.2422
23798000,1104.471659,1215,71,0.394825,0.2422
23800000,1080.092336,1194,74,0.223874,0.2422
23802000,1116.287020,1180,82,0.125853,0.3359
23804000,1089.349303,1182,88,0.094962,0.3125
23806000,1091.556950,1177,92,0.098147,0.3516
23808000,1133.416726,1179,79,0.075014,0.3438
23810000,967.338054,1183,79,0.061445,0.2734
23812000,995.929750,1195,73,0.063707,0.2734
23814000,996.640043,1194,66,0.089007,0.3125
23816000,1002.021995,1196,82,0.071130,0.3125
23818000,1033.796416,1204,68,0.053324,0.2656
23820000,967.155619,1202,65,0.066422,0.3359
23822000,927.181772,1193,77,0.073981,0.2969
23824000,941.433599,1209,77,0.085293,0.3359
23826000,926.292832,1227,57,0.022069,0.1875
23828000,984.613950,1218,63,0.051675,0.3203
23830000,927.930891,1222,63,0.064478,0.3281
23832000,952.925075,1217,68,0.076873,0.3125
23834000,1037.815727,1221,69,0.047816,0.2344
23836000,1051.959038,1203,77,0.035430,0.3672
23838000,1100.196792,1220,70,0.032123,0.3203
23840000,1077.138779,1201,75,0.009674,0.3203
23842000,1149.196475,1196,79,0.084121,0.3047
23844000,1088.911095,1189,72,0.271170,0.3281
23846000,1127.004320,1213,66,0.352755,0.3281
23848000,1102.819375,1193,71,0.373174,0.2109
23850000,1119.804638,1191,76,0.071247,0.3359
23852000,1013.422599,1195,82,0.152003,0.3516
23854000,920.384798,1222,77,0.116814,0.2734
23856000,953.126888,1225,70,0.323160,0.3047
23858000,866.718763,1187,76,0.220028,0.3281
23860000,846.813499,1180,80,0.215918,0.3047
23862000,884.697500,1189,80,0.179613,0.3281
23864000,843.193900,1183,78,0.004687,0.3047
23866000,808.994828,1183,80,0.005853,0.3438
23868000,888.574928,1199,70,0.141770,0.2734
23870000,915.362423,1201,67,0.161683,0.2500
23872000,830.315350,1183,90,0.204035,0.2500
23874000,969.703999,1190,65,0.013298,0.2891
23876000,902.262006,1176,68,0.050140,0.2734
23878000,965.327260,1182,71,0.100846,0.3125
23880000,780.231223,1201,78,0.048128,0.2969
23882000,703.552635,1234,60,0.021671,0.2812
23884000,697.941635,1219,72,0.022303,0.2422
23886000,697.701656,1196,83,0.021391,0.2422
23888000,741.828476,1185,85,0.018714,0.2891
23890000,824.642111,1192,76,0.171297,0.2578
23892000,858.164236,1200,66,0.188776,0.2891
23894000,788.613907,1186,76,0.012725,0.3750
23896000,804.982043,1204,66,0.019770,0.2812
23898000,766.918054,1194,79,0.050045,0.3359
23900000,789.991451,1195,65,0.040996,0.3047
23902000,791.935147,1207,78,0.009416,0.3984
23904000,810.934383,1205,77,0.055769,0.3203
23906000,866.592307,1186,80,0.312172,0.3359
23908000,875.405115,1183,87,0.261242,0.3203
23910000,856.365758,1182,86,0.010868,0.3750
23912000,851.087022,1175,88,0.009559,0.3438
23914000,825.366476,1172,93,0.006640,0.3828
23916000,897.328035,1155,80,0.160100,0.3594
23918000,883.248367,1140,94,0.168492,0.3594
23920000,962.041599,1178,68,0.098765,0.3672
23922000,933.846382,1175,82,0.112831,0.3203
23924000,980.557462,1189,64,0.124979,0.2578
23926000,836.489143,1196,74,0.065901,0.3359
23928000,808.383932,1175,75,0.115682,0.2969
23930000,804.124268,1186,71,0.071577,0.3125
23932000,977.634480,1204,72,0.213412,0.3047
23934000,1001.636855,1199,71,0.212825,0.3203
23936000,1006.575688,1202,74,0.229663,0.2500
23938000,1013.093756,1194,89,0.241634,0.3047
23940000,1113.416944,1208,66,0.256633,0.3828
23942000,1128.273006,1190,82,0.227268,0.2344
23944000,1034.480691,1192,82,0.228472,0.2188
23946000,1184.684390,1210,65,0.466219,0.3125
23948000,1081.500024,1208,82,0.321948,0.2656
23950000,1070.985318,1223,63,0.340336,0.2422
23952000,913.378950,1195,72,0.190611,0.2891
23954000,848.317259,1195,64,0.231458,0.2422
23956000,860.260683,1176,67,0.232501,0.2891
23958000,836.428864,1197,58,0.255777,0.2812
23960000,810.088911,1183,84,0.361529,0.2812
23962000,829.137200,1191,67,0.243534,0.2969
23964000,855.029200,1176,69,0.255995,0.2812
23966000,853.236999,1165,83,0.246260,0.3125
23968000,835.899564,1170,74,0.243219,0.3047
23970000,895.120775,1173,70,0.239156,0.4141
23972000,874.770535,1185,62,0.205551,0.3125
23974000,881.761015,1202,66,0.181187,0.2344
23976000,1037.499340,1202,72,0.267356,0.3984
23978000,856.775579,1189,82,0.365557,0.3359
23980000,877.618336,1211,69,0.381821,0.2969
23982000,876.929198,1206,66,0.385758,0.2188
23984000,877.476975,1193,74,0.391779,0.3594
23986000,880.977800,1201,77,0.395446,0.3203
23988000,1099.962387,1184,80,0.505628,0.2969
23990000,1082.475174,1192,71,0.505272,0.3281
23992000,1038.188566,1207,72,0.336444,0.2422
23994000,1011.167840,1192,71,0.332743,0.2578
23996000,903.347475,1204,71,0.135168,0.2891
23998000,907.945243,1203,73,0.332905,0.2969
24000000,883.564300,1175,78,0.321455,0.3516
24002000,712.532491,1167,86,0.088691,0.2422
24004000,712.341267,1175,84,0.094398,0.3359
24006000,932.645355,1171,92,0.185474,0.3359
24008000,915.531040,1194,77,0.218294,0.2734
24010000,927.805699,1213,72,0.185403,0.2578
24012000,890.405247,1225,57,0.141607,0.2656
24014000,800.047695,1217,67,0.070941,0.2266
24016000,831.795015,1215,66,0.178656,0.3125
24018000,897.726775,1227,63,0.271076,0.3828
24020000,814.924635,1235,62,0.123681,0.2500
24022000,811.476815,1224,67,0.072693,0.2422
24024000,816.668795,1233,60,0.064271,0.2422
24026000,859.470635,1233,64,0.176936,0.3516
24028000,781.782043,1220,56,0.107445,0.2812
24030000,790.034300,1217,69,0.117650,0.2812
24032000,781.454534,1227,62,0.129456,0.2344
24034000,801.778535,1222,57,0.138613,0.2969
24036000,906.701983,1193,66,0.063885,0.2812
24038000,824.007835,1214,71,0.079183,0.2578
24040000,815.006035,1204,72,0.058425,0.3594
24042000,769.606675,1215,60,0.027094,0.2266
24044000,794.231766,1207,70,0.087551,0.2891
24046000,861.218864,1201,81,0.060082,0.3125
24048000,880.349475,1210,70,0.006082,0.2109
24050000,865.387006,1226,60,0.048049,0.3516
24052000,830.183648,1216,63,0.029572,0.3906
24054000,798.512871,1258,56,0.049312,0.2656
24056000,770.468414,1235,76,0.051381,0.3203
24058000,769.409884,1192,85,0.080701,0.3750
24060000,804.764935,1195,72,0.001150,0.3516
24062000,802.798855,1192,77,0.020099,0.2969
24064000,811.562227,1180,71,0.020619,0.3281
24066000,797.615494,1178,68,0.022003,0.3047
24068000,812.059263,1189,70,0.024846,0.2109
24070000,818.425974,1192,69,0.026397,0.2891
24072000,823.867863,1191,72,0.054782,0.2969
24074000,1057.816443,1181,69,0.414565,0.3047
24076000,864.626832,1175,72,0.074763,0.3047
24078000,863.935262,1219,59,0.036202,0.2656
24080000,845.791243,1214,53,0.053167,0.2891
24082000,833.323647,1200,70,0.070792,0.3203
24084000,811.150094,1197,75,0.234911,0.2891
24086000,793.659755,1236,60,0.274189,0.2891
24088000,790.130899,1204,74,0.203779,0.2500
24090000,830.962967,1205,71,0.291182,0.3281
24092000,834.367676,1191,73,0.302806,0.3281
24094000,760.228147,1184,77,0.359799,0.2344
24096000,776.901415,1195,75,0.313518,0.2500
24098000,803.245662,1194,67,0.335443,0.3516
24100000,816.678007,1163,81,0.355967,0.3203
24102000,824.308779,1180,69,0.363336,0.2812
24104000,808.130200,1152,88,0.356870,0.3359
24106000,880.786259,1185,69,0.292717,0.2578
24108000,869.758888,1178,88,0.229539,0.2891
24110000,933.296926,1192,82,0.349586,0.3359
24112000,904.368175,1190,73,0.347940,0.3672
24114000,929.292560,1185,80,0.339000,0.3125
24116000,923.287935,1194,69,0.378662,0.3047
24118000,931.943231,1187,69,0.358213,0.3125
24120000,957.364435,1203,69,0.405361,0.3359
24122000,980.269667,1187,68,0.423106,0.2656
24124000,963.950147,1208,68,0.409775,0.2891
24126000,984.841271,1209,76,0.471751,0.2422
24128000,1000.420344,1227,53,0.422505,0.2422
24130000,1015.785830,1204,53,0.418208,0.2969
24132000,1018.871118,1209,58,0.430137,0.3125
24134000,1055.882595,1201,71,0.501274,0.2734
24136000,1085.999903,1184,70,0.502847,0.3359
24138000,997.994035,1196,86,0.471171,0.3672
24140000,1212.968247,1185,75,0.573607,0.2891
24142000,1149.710043,1180,79,0.367846,0.3125
24144000,1131.153766,1194,76,0.352154,0.3125
24146000,1174.906615,1191,71,0.074494,0.3203
24148000,1094.242191,1210,77,0.327452,0.2891
24150000,970.338071,1200,81,0.318919,0.3125
24152000,933.627166,1184,82,0.276383,0.2734
24154000,952.457635,1169,75,0.295591,0.2812
24156000,947.965387,1188,90,0.296371,0.2969
24158000,948.294875,1216,60,0.261828,0.2891
24160000,1320.829291,1181,81,0.495446,0.2734
24162000,1354.262571,1173,78,0.499271,0.3203
24164000,1195.095731,1162,91,0.132824,0.3359
24166000,1265.962075,1203,71,0.153559,0.3750
24168000,1254.319548,1218,80,0.148637,0.3047
24170000,1068.729855,1221,70,0.062465,0.2578
24172000,1055.998000,1217,75,0.079438,0.2812
24174000,972.122555,1212,70,0.147747,0.3203
24176000,1111.964371,1199,68,0.478698,0.3438
24178000,1020.031030,1176,79,0.378195,0.3438
24180000,944.139054,1189,76,0.469949,0.3125
24182000,926.029792,1165,73,0.472051,0.2344
24184000,783.523039,1149,98,0.225030,0.2812
24186000,824.463440,1142,94,0.188924,0.3516
24188000,791.512775,1142,94,0.166756,0.2578
24190000,804.348424,1144,86,0.194189,0.2969
24192000,804.087062,1150,101,0.202697,0.4141
24194000,792.179255,1160,75,0.225738,0.2500
24196000,801.886675,1160,88,0.228417,0.3125
24198000,859.989910,1151,87,0.242816,0.3359
24200000,815.810783,1166,72,0.190167,0.2500
24202000,772.489238,1162,76,0.171055,0.2500
24204000,761.576667,1157,89,0.164725,0.3594
24206000,760.740047,1180,81,0.149707,0.3828
24208000,789.688155,1195,77,0.064407,0.2656
24210000,792.357292,1189,77,0.057519,0.3047
24212000,787.606076,1200,58,0.064316,0.3281
24214000,765.753262,1179,81,0.058168,0.3750
24216000,763.926536,1168,75,0.055157,0.2969
24218000,758.802947,1171,88,0.035041,0.3438
24220000,738.638271,1187,68,0.033666,0.2656
24222000,962.904830,1161,87,0.300357,0.3438
24224000,955.621075,1170,77,0.287246,0.2578
24226000,987.035627,1200,71,0.301693,0.2109
24228000,1017.706275,1212,74,0.289629,0.2500
24230000,961.330696,1184,76,0.256397,0.2812
24232000,957.201808,1165,75,0.261602,0.2891
24234000,940.117127,1173,85,0.263617,0.3281
24236000,941.860871,1144,87,0.304378,0.2500
24238000,951.454510,1161,82,0.301831,0.4219
24240000,852.748903,1132,84,0.197129,0.3359
24242000,881.106550,1148,73,0.229739,0.2891
24244000,871.660815,1139,89,0.290917,0.3594
24246000,861.323344,1130,103,0.270600,0.3047
24248000,870.393820,1159,79,0.283117,0.3203
24250000,861.233099,1131,104,0.293041,0.3594
24252000,802.157132,1163,85,0.221451,0.3828
24254000,785.538478,1178,67,0.193935,0.2578
24256000,757.751215,1188,64,0.155335,0.3438
24258000,737.265855,1175,84,0.123970,0.2656
24260000,777.030891,1160,81,0.100388,0.3125
24262000,790.184695,1163,86,0.134028,0.4297
24264000,779.453135,1187,91,0.165918,0.3750
24266000,769.253708,1179,72,0.181971,0.3203
24268000,721.654007,1196,75,0.067611,0.3984
24270000,715.598940,1229,65,0.058976,0.2734
24272000,714.458060,1226,78,0.072049,0.3594
24274000,720.650764,1215,68,0.075849,0.2969
24276000,726.424880,1192,75,0.241450,0.2891
24278000,726.485187,1190,83,0.213742,0.3672
24280000,721.230115,1197,59,0.179909,0.2500
24282000,726.257939,1188,84,0.180801,0.3359
24284000,719.131788,1187,64,0.173816,0.3047
24286000,702.748455,1161,76,0.176341,0.3281
24288000,759.685800,1172,72,0.371053,0.3281
24290000,818.105884,1187,69,0.339994,0.3516
24292000,821.488056,1199,82,0.333970,0.3125
24294000,812.886390,1206,66,0.327875,0.3359
24296000,818.090790,1194,79,0.273675,0.2188
24298000,881.707580,1215,83,0.317128,0.3047
24300000,858.440075,1220,65,0.312567,0.2891
24302000,849.263760,1198,72,0.206874,0.2656
24304000,856.108787,1217,75,0.211543,0.2812
24306000,815.277512,1227,59,0.133357,0.2422
24308000,904.703948,1224,66,0.166303,0.2656
24310000,894.136748,1197,81,0.138482,0.3438
24312000,937.617470,1201,69,0.188981,0.2812
24314000,1000.697390,1181,79,0.234657,0.3594
24316000,982.355900,1184,68,0.236722,0.3047
24318000,1062.179388,1193,74,0.008468,0.3281
24320000,994.588950,1201,63,0.060363,0.2656
24322000,934.970200,1159,83,0.319771,0.3359
24324000,944.440524,1178,70,0.341518,0.2812
24326000,897.200926,1199,65,0.333984,0.3516
24328000,953.976038,1234,61,0.085490,0.2266
24330000,871.326940,1231,54,0.155214,0.3047
24332000,829.573100,1219,59,0.080110,0.3203
24334000,846.846951,1204,76,0.072359,0.3438
24336000,923.674863,1219,75,0.151144,0.2578
24338000,889.191539,1216,74,0.154312,0.2578
24340000,910.788947,1196,77,0.170793,0.2734
24342000,965.343430,1205,68,0.103788,0.3359
24344000,938.961918,1234,57,0.089160,0.1641
24346000,870.851115,1223,68,0.100296,0.3125
24348000,900.548775,1193,67,0.088837,0.2969
24350000,962.142775,1176,86,0.014106,0.3438
24352000,1004.207415,1205,70,0.058112,0.2266
24354000,1063.820055,1227,76,0.048614,0.2969
24356000,1032.908568,1196,71,0.028799,0.2812
24358000,974.537663,1202,74,0.024014,0.2891
24360000,938.185310,1199,74,0.035762,0.3828
24362000,822.192039,1179,80,0.116524,0.3359
24364000,862.604359,1220,65,0.076940,0.3828
24366000,1057.407724,1217,60,0.245787,0.2500
24368000,1058.875678,1201,70,0.252253,0.2266
24370000,1023.220254,1209,70,0.204342,0.2969
24372000,987.791550,1225,67,0.170786,0.3516
24374000,920.130679,1197,69,0.131363,0.2969
24376000,874.007923,1165,83,0.093855,0.3203
24378000,859.109502,1192,76,0.115654,0.2891
24380000,933.474515,1222,65,0.071211,0.2656
24382000,886.427031,1179,82,0.071722,0.3125
24384000,953.169075,1188,70,0.055740,0.3438
24386000,906.109992,1198,67,0.046203,0.3281
24388000,956.797299,1212,67,0.055447,0.2578
24390000,956.821830,1211,73,0.072893,0.2891
24392000,909.814230,1208,75,0.076471,0.2266
24394000,911.826455,1211,80,0.026428,0.2891
24396000,873.960735,1226,69,0.021724,0.2578
24398000,862.349867,1223,66,0.018616,0.2109
24400000,902.760430,1218,71,0.020855,0.2344
24402000,964.304844,1237,61,0.054131,0.2266
24404000,991.239360,1205,78,0.020258,0.2734
24406000,1099.600044,1196,71,0.039885,0.3359
24408000,1062.413580,1214,76,0.041080,0.3281
24410000,1142.763755,1206,61,0.050168,0.2656
24412000,966.877400,1205,65,0.386293,0.2812
24414000,912.972015,1228,62,0.357509,0.2656
24416000,924.700119,1202,61,0.296799,0.2969
24418000,906.301063,1192,68,0.285100,0.2734
24420000,886.353400,1205,66,0.269749,0.2578
24422000,928.261595,1171,96,0.143072,0.2969
24424000,1483.509096,1192,72,0.643203,0.3359
24426000,1203.267840,1199,56,0.564551,0.2969
24428000,1210.636942,1220,66,0.564189,0.2891
24430000,916.592332,1232,58,0.208420,0.2969
24432000,930.380726,1200,72,0.191203,0.3203
24434000,947.385119,1191,78,0.180556,0.3203
24436000,1045.891083,1212,57,0.087983,0.2344
24438000,892.498460,1214,58,0.270010,0.2500
24440000,893.421895,1192,74,0.248997,0.3516
24442000,896.509367,1217,69,0.238794,0.2891
24444000,890.811886,1209,68,0.242232,0.3047
24446000,906.120711,1227,67,0.191158,0.3125
24448000,843.180135,1220,61,0.207128,0.2891
24450000,917.710134,1208,62,0.184811,0.3359
24452000,931.224987,1233,61,0.212288,0.3750
24454000,943.187760,1232,58,0.205873,0.2734
24456000,958.252422,1221,68,0.162366,0.2109
24458000,1054.225079,1184,78,0.268672,0.3750
24460000,1137.623996,1166,81,0.395186,0.3281
24462000,1085.089375,1185,77,0.247413,0.2812
24464000,1106.410204,1186,89,0.252711,0.3125
24466000,1080.730192,1202,70,0.228991,0.3438
24468000,917.545995,1181,77,0.311475,0.2109
24470000,944.973948,1197,74,0.259312,0.3203
24472000,959.982214,1198,59,0.284208,0.2188
24474000,972.750487,1193,71,0.349146,0.2891
24476000,999.234695,1185,66,0.372752,0.3047
24478000,910.811862,1181,72,0.256263,0.3281
24480000,871.765823,1194,65,0.285303,0.2734
24482000,889.601707,1224,67,0.259829,0.3281
24484000,882.533088,1172,87,0.260542,0.3359
24486000,868.289702,1185,66,0.235993,0.3203
24488000,981.455471,1215,62,0.304664,0.3125
24490000,980.953903,1216,63,0.322644,0.2656
24492000,818.426711,1208,74,0.224872,0.2188
24494000,842.204799,1213,78,0.150648,0.2500
24496000,865.375816,1202,78,0.138573,0.3438
24498000,839.228380,1224,68,0.129448,0.3281
24500000,841.426382,1228,62,0.114681,0.2734
24502000,892.265971,1193,79,0.246886,0.2891
24504000,957.339951,1211,68,0.262205,0.2891
24506000,964.074383,1204,72,0.293073,0.2578
24508000,893.339135,1189,67,0.033382,0.1953
24510000,892.130811,1181,69,0.038918,0.2812
24512000,1047.733375,1205,65,0.124482,0.2891
24514000,1104.966860,1192,70,0.200687,0.2656
24516000,950.257359,1194,80,0.127133,0.2812
24518000,1117.153111,1184,77,0.208189,0.2656
24520000,1140.660979,1177,86,0.216458,0.3047
24522000,1144.347391,1170,86,0.208189,0.3047
24524000,1037.735619,1195,78,0.165814,0.3359
24526000,1050.696747,1208,65,0.273947,0.2734
24528000,1234.475731,1209,59,0.419091,0.2656
24530000,1006.050679,1171,92,0.273026,0.2891
24532000,1070.414230,1187,75,0.306979,0.2969
24534000,1088.455207,1220,57,0.311038,0.2656
24536000,1089.363515,1208,63,0.329479,0.2734
24538000,1074.408774,1207,77,0.325467,0.3281
24540000,1069.685407,1204,74,0.382462,0.3047
24542000,1135.919740,1198,71,0.516124,0.3672
24544000,1072.656206,1206,70,0.456165,0.2656
24546000,1149.222191,1190,84,0.345436,0.3438
24548000,1038.026150,1189,77,0.362679,0.2969
24550000,1043.703790,1177,77,0.368805,0.3281
24552000,981.899660,1167,92,0.314729,0.3438
24554000,1004.345550,1173,92,0.221274,0.2578
24556000,1268.717430,1206,80,0.324545,0.2891
24558000,1350.187774,1157,85,0.246160,0.3281
24560000,1326.215678,1156,97,0.263819,0.3438
24562000,992.763606,1171,88,0.171058,0.3672
24564000,995.433699,1159,81,0.178430,0.3516
24566000,948.263144,1144,95,0.259611,0.3203
24568000,961.339943,1159,90,0.230068,0.3047
24570000,1062.107404,1172,84,0.325047,0.3516
24572000,1189.797720,1202,72,0.209763,0.3359
24574000,1173.198640,1173,82,0.181950,0.2812
24576000,1140.765995,1175,81,0.147726,0.2969
24578000,893.878512,1192,75,0.276123,0.3125
24580000,939.578919,1196,67,0.263013,0.2969
24582000,940.619695,1188,71,0.249263,0.3281
24584000,922.672160,1175,82,0.250492,0.2031
24586000,1029.231471,1186,69,0.127317,0.3281
24588000,895.261630,1193,65,0.329404,0.3359
24590000,963.814758,1182,82,0.302881,0.2891
24592000,1012.149491,1194,69,0.357616,0.3203
24594000,1015.841342,1203,67,0.351791,0.3438
24596000,1069.238230,1199,61,0.213438,0.2812
24598000,951.217532,1194,65,0.423862,0.2812
24600000,1050.304590,1213,61,0.462417,0.2969
24602000,966.079708,1215,68,0.435162,0.3750
24604000,997.414246,1199,63,0.339905,0.2734
24606000,863.281463,1191,71,0.193057,0.3828
24608000,901.377198,1201,60,0.192655,0.2969
24610000,939.731031,1205,78,0.181846,0.3828
24612000,941.355975,1190,71,0.216116,0.2500
24614000,857.150550,1190,71,0.133063,0.4141
24616000,864.564435,1190,77,0.143251,0.3594
24618000,808.069767,1199,71,0.162907,0.3125
24620000,802.362446,1188,84,0.165964,0.3516
24622000,855.526502,1208,68,0.290116,0.3047
24624000,885.893502,1194,81,0.322962,0.3281
24626000,878.414375,1206,60,0.330103,0.3750
24628000,917.234095,1216,62,0.313094,0.2578
24630000,902.320814,1215,56,0.333176,0.2812
24632000,1168.802350,1229,59,0.613759,0.2656
24634000,1213.180412,1228,70,0.623595,0.2969
24636000,1210.551175,1202,78,0.618440,0.3359
24638000,852.487326,1197,73,0.276387,0.3438
24640000,885.569304,1204,78,0.252158,0.3125
24642000,876.875523,1207,73,0.251785,0.3047
24644000,831.068995,1217,69,0.183371,0.3984
24646000,879.787200,1208,75,0.309320,0.3672
24648000,860.347388,1185,82,0.333061,0.3594
24650000,838.267531,1174,80,0.315585,0.2969
24652000,818.423072,1192,83,0.295061,0.3438
24654000,876.716294,1191,70,0.352545,0.3438
24656000,893.363670,1198,61,0.334114,0.2812
24658000,851.632687,1197,79,0.273324,0.2500
24660000,763.199040,1170,82,0.116998,0.2422
24662000,736.161400,1155,76,0.191440,0.2656
24664000,743.047959,1133,81,0.129156,0.3594
24666000,702.384508,1173,82,0.090754,0.2812
24668000,761.039043,1168,87,0.144830,0.3516
24670000,797.416620,1167,62,0.123819,0.3203
24672000,842.256780,1198,67,0.090108,0.3047
24674000,852.622971,1193,74,0.100375,0.3281
24676000,878.341259,1180,86,0.053186,0.2500
24678000,860.743015,1191,76,0.072059,0.2344
24680000,1201.319411,1160,94,0.471675,0.3125
24682000,1214.918259,1175,79,0.409234,0.3203
24684000,1246.945270,1177,72,0.488203,0.3438
24686000,911.587390,1192,71,0.066466,0.3594
24688000,884.962950,1184,74,0.086265,0.3203
24690000,881.520531,1203,72,0.103247,0.2969
24692000,874.834631,1210,69,0.164968,0.2812
24694000,870.865255,1197,74,0.297291,0.3047
24696000,882.654107,1204,71,0.191440,0.3281
24698000,898.496515,1203,67,0.166979,0.2422
24700000,1060.877255,1196,60,0.304342,0.2969
24702000,1020.002419,1199,72,0.187590,0.3750
24704000,971.216800,1171,79,0.169675,0.3281
24706000,997.368883,1205,68,0.184248,0.3203
24708000,985.912887,1199,70,0.180883,0.3125
24710000,995.103900,1203,62,0.177926,0.2656
24712000,1026.713240,1202,73,0.205861,0.2891
24714000,1068.554503,1194,85,0.281464,0.2500
24716000,1133.713043,1185,85,0.234036,0.3281
24718000,1078.363686,1190,76,0.191182,0.2656
24720000,1063.384063,1200,84,0.183854,0.3672
24722000,1069.900739,1206,78,0.223431,0.2188
24724000,1010.587835,1195,80,0.049676,0.2891
24726000,999.277486,1184,86,0.057317,0.2500
24728000,1007.930615,1209,71,0.074262,0.2500
24730000,1049.461582,1193,80,0.155753,0.3359
24732000,1065.169350,1202,82,0.165304,0.2969
24734000,1074.283691,1214,73,0.142791,0.2578
24736000,1084.629287,1226,70,0.162138,0.2812
24738000,1109.846476,1213,67,0.088403,0.2734
24740000,970.010931,1201,73,0.389220,0.3125
24742000,847.307086,1198,72,0.294960,0.2344
24744000,820.944544,1201,88,0.202331,0.2266
24746000,818.263719,1193,84,0.224146,0.3281
24748000,780.860016,1211,72,0.081887,0.3672
24750000,754.384811,1199,80,0.065253,0.2734
24752000,902.067896,1178,72,0.218088,0.2969
24754000,919.028635,1205,66,0.302461,0.2578
24756000,910.152726,1205,70,0.325136,0.2969
24758000,923.280380,1206,71,0.349081,0.2734
24760000,929.287343,1216,64,0.339774,0.3047
24762000,913.588488,1197,73,0.353407,0.2891
24764000,895.564486,1161,89,0.318365,0.2969
24766000,914.111112,1160,90,0.343349,0.2656
24768000,857.901755,1172,84,0.309905,0.3984
24770000,846.548175,1178,93,0.316392,0.2969
24772000,896.435670,1198,71,0.330139,0.2656
24774000,850.367335,1216,59,0.318513,0.2344
24776000,1185.581848,1211,67,0.226641,0.3438
24778000,1147.537430,1205,76,0.197213,0.3047
24780000,1148.325355,1214,74,0.234467,0.2969
24782000,1051.079408,1180,68,0.146509,0.2188
24784000,850.182104,1169,84,0.175772,0.3438
24786000,897.232495,1167,86,0.244569,0.3359
24788000,832.108655,1186,68,0.100892,0.2812
24790000,825.654678,1192,77,0.105719,0.3203
24792000,831.735166,1180,78,0.132556,0.3750
24794000,876.522215,1172,75,0.235150,0.2812
24796000,919.668583,1170,77,0.205153,0.2969
24798000,943.769895,1190,65,0.192214,0.3203
24800000,992.107040,1185,80,0.336886,0.3047
24802000,941.518555,1189,81,0.188333,0.3594
24804000,993.873951,1197,71,0.195484,0.3125
24806000,1025.086655,1192,75,0.200302,0.2578
24808000,972.264638,1204,77,0.222741,0.2578
24810000,994.844150,1214,74,0.160182,0.2812
24812000,1013.951228,1215,61,0.126176,0.2031
24814000,1081.173948,1205,65,0.131224,0.2891
24816000,1033.002627,1195,74,0.084043,0.3203
24818000,947.145547,1186,94,0.095327,0.2891
24820000,981.775660,1185,88,0.289172,0.3672
24822000,969.470638,1214,76,0.286484,0.2500
24824000,1142.584028,1213,71,0.324623,0.2734
24826000,1135.743391,1210,75,0.124846,0.2969
24828000,1031.117774,1176,86,0.199730,0.3672
24830000,1114.835703,1218,63,0.025114,0.3359
24832000,1176.830775,1188,86,0.059996,0.3516
24834000,1156.413212,1190,73,0.082375,0.2578
24836000,1059.549030,1192,78,0.039500,0.2891
24838000,1053.029091,1202,67,0.034970,0.2969
24840000,1031.437587,1191,74,0.184424,0.3047
24842000,988.443375,1192,82,0.142944,0.3438
24844000,1003.031963,1176,71,0.221729,0.2812
24846000,979.966627,1182,85,0.222883,0.3125
24848000,965.885103,1185,76,0.201030,0.4062
24850000,1122.320555,1211,74,0.239846,0.2969
24852000,1058.845415,1198,75,0.216957,0.2266
24854000,1555.450268,1195,76,0.434649,0.3203
24856000,1047.640759,1178,81,0.008078,0.3281
24858000,1219.821400,1171,78,0.095416,0.2344
24860000,1258.599419,1155,93,0.049908,0.3281
24862000,1153.205075,1157,97,0.093452,0.3281
24864000,1145.366940,1197,72,0.026084,0.2344
24866000,1294.910359,1201,71,0.529120,0.3125
24868000,1372.787006,1217,65,0.251973,0.3203
24870000,1304.644236,1207,71,0.114071,0.3359
24872000,1163.270687,1204,70,0.143320,0.2891
24874000,876.833478,1202,67,0.051568,0.2812
24876000,882.947212,1183,74,0.128884,0.3047
24878000,1045.944383,1184,79,0.133038,0.2812
24880000,1003.557910,1193,75,0.252688,0.3125
24882000,985.848636,1187,70,0.214686,0.2656
24884000,940.006718,1195,65,0.168872,0.2969
24886000,1000.481134,1212,68,0.237915,0.3125
24888000,957.606540,1204,67,0.182265,0.2734
24890000,951.174840,1230,61,0.189209,0.2969
24892000,1080.183942,1227,57,0.469088,0.1719
24894000,1237.441635,1249,54,0.383678,0.1641
24896000,1238.105000,1231,79,0.377639,0.3047
24898000,1324.021075,1229,71,0.525581,0.2656
24900000,1409.053926,1227,83,0.398966,0.2734
24902000,1333.213935,1194,80,0.544240,0.3828
24904000,1238.821296,1174,95,0.431216,0.2969
24906000,965.900710,1191,78,0.138588,0.3125
24908000,996.889054,1195,81,0.289062,0.2500
24910000,986.539499,1200,77,0.269680,0.3125
24912000,980.664211,1209,63,0.278533,0.2812
24914000,1054.799359,1210,71,0.510822,0.3047
24916000,1065.122035,1164,84,0.410128,0.3281
24918000,1005.838972,1181,88,0.342444,0.3438
24920000,1005.104550,1177,82,0.360385,0.3125
24922000,1026.626710,1186,63,0.324322,0.3281
24924000,1062.391247,1209,63,0.346571,0.3516
24926000,1103.283419,1195,71,0.372948,0.2891
24928000,912.725563,1187,71,0.210285,0.3281
24930000,914.755886,1189,75,0.089864,0.2344
24932000,1154.304012,1205,67,0.225372,0.3125
24934000,1213.086678,1198,79,0.185445,0.3047
24936000,1229.583927,1192,81,0.252281,0.3047
24938000,940.295499,1188,84,0.016521,0.2812
24940000,991.745014,1200,74,0.023478,0.2812
24942000,880.748623,1187,63,0.008841,0.2969
24944000,907.709531,1191,78,0.001991,0.2578
24946000,921.724198,1196,84,0.000805,0.3281
24948000,915.506150,1192,77,0.001267,0.3516
24950000,832.305883,1209,71,0.044616,0.3125
24952000,796.823875,1201,63,0.051124,0.3047
24954000,856.985916,1189,70,0.011717,0.2656
24956000,758.977135,1177,66,0.060995,0.2422
24958000,669.797251,1189,70,0.075929,0.3047
24960000,686.922795,1167,83,0.073558,0.3594
24962000,686.982803,1170,74,0.049771,0.3203
24964000,632.170075,1159,86,0.197432,0.2031
24966000,704.834055,1182,70,0.269215,0.3047
24968000,715.739507,1172,79,0.228358,0.3047
24970000,731.633534,1181,72,0.228312,0.3281
24972000,726.637239,1185,73,0.225198,0.2656
24974000,725.679535,1187,75,0.224627,0.3516
24976000,778.994940,1193,67,0.289491,0.3047
24978000,756.942460,1194,79,0.272441,0.2344
24980000,668.676539,1195,68,0.182760,0.2578
24982000,849.094334,1206,67,0.070105,0.3359
24984000,863.153814,1212,66,0.006469,0.3203
24986000,841.154159,1200,70,0.070047,0.3438
24988000,751.433600,1181,82,0.021417,0.2969
24990000,782.440915,1183,78,0.010707,0.3203
24992000,782.937263,1176,78,0.011690,0.3672
24994000,732.484750,1196,82,0.001211,0.2734
24996000,722.180880,1211,70,0.003393,0.3203
24998000,840.950951,1213,70,0.063517,0.3047
25000000,847.755632,1187,78,0.057945,0.3516
