step,rg2,perim,cycles,asph,movfrac
2000,2012.868110,1188,73,0.704225,0.3125
4000,1836.616600,1173,85,0.667490,0.3047
6000,1803.524751,1165,75,0.595105,0.3125
8000,2207.297550,1139,93,0.716449,0.2812
10000,2269.406182,1145,97,0.741187,0.3047
12000,2194.552310,1169,85,0.706445,0.3047
14000,2253.670638,1164,76,0.803726,0.2422
16000,2121.013891,1177,68,0.755457,0.1875
18000,1977.459216,1196,67,0.651462,0.3281
20000,2498.278963,1177,76,0.827061,0.2578
22000,2354.935366,1178,86,0.800936,0.3047
24000,2585.288110,1149,91,0.832402,0.3828
26000,2690.315550,1171,86,0.890031,0.4141
28000,2630.498800,1170,90,0.890210,0.3047
30000,2702.816150,1181,72,0.841770,0.3438
32000,2992.281695,1172,77,0.891174,0.2500
34000,3043.900542,1201,70,0.885132,0.4141
36000,2776.906110,1197,75,0.843573,0.2266
38000,2518.090040,1183,78,0.808670,0.2344
40000,2449.223158,1219,52,0.764231,0.2734
42000,2631.354604,1204,67,0.760773,0.2578
44000,2594.698460,1178,74,0.829745,0.2578
46000,2614.449943,1172,88,0.789501,0.3828
48000,2766.593164,1188,75,0.864977,0.2891
50000,2827.891947,1175,73,0.875813,0.3359
52000,2863.825820,1208,71,0.870291,0.2188
54000,2820.619363,1218,76,0.867185,0.3203
56000,2732.987414,1229,73,0.805027,0.2266
58000,2775.567871,1248,53,0.757524,0.2344
60000,2434.885900,1240,59,0.704624,0.3438
62000,2581.824919,1232,59,0.651249,0.2188
64000,3808.357244,1235,63,0.872614,0.2891
66000,3876.929644,1224,61,0.882430,0.3359
68000,4014.684535,1234,63,0.851063,0.2188
70000,3970.914723,1224,70,0.809364,0.3672
72000,4060.272623,1221,70,0.881221,0.2891
74000,3997.027103,1214,68,0.831096,0.2734
76000,4041.809747,1207,80,0.816244,0.2500
78000,4202.687804,1206,75,0.861481,0.2812
80000,4259.221726,1221,67,0.858195,0.2344
82000,4253.256400,1203,86,0.822147,0.3203
84000,4651.337160,1189,83,0.893700,0.2891
86000,4829.221456,1215,68,0.904879,0.2969
88000,4793.329827,1226,66,0.893378,0.2656
90000,4764.486575,1235,69,0.901397,0.3047
92000,4673.978374,1226,62,0.880291,0.3516
94000,4726.593622,1237,66,0.906931,0.2109
96000,4714.257032,1214,67,0.878799,0.3047
98000,4620.451950,1206,76,0.899708,0.2422
100000,4599.676910,1205,71,0.886309,0.2578
102000,4649.800875,1214,62,0.903520,0.2891
104000,4303.130411,1216,62,0.933837,0.2891
106000,4410.994364,1221,64,0.942416,0.3281
108000,4394.872638,1211,76,0.941945,0.2969
110000,3776.451515,1202,76,0.898000,0.2266
112000,3920.993743,1215,69,0.884499,0.2891
114000,4075.222300,1223,69,0.867948,0.2578
116000,4355.906800,1224,64,0.899830,0.2578
118000,4476.872902,1226,62,0.899645,0.2891
120000,4257.142835,1230,60,0.898146,0.3906
122000,4199.877830,1211,79,0.894416,0.3047
124000,4275.436063,1210,87,0.810826,0.2969
126000,4224.033411,1236,76,0.827056,0.2578
128000,4331.777196,1226,73,0.825345,0.2891
130000,4191.257692,1215,70,0.811272,0.2656
132000,4080.368155,1212,70,0.724434,0.2578
134000,5185.790863,1215,79,0.897128,0.3281
136000,5944.890206,1232,58,0.924677,0.2656
138000,5808.217880,1218,63,0.906176,0.2422
140000,5897.086287,1220,70,0.958100,0.2578
142000,5964.309755,1194,78,0.958952,0.2969
144000,5843.289091,1194,82,0.942432,0.3281
146000,5846.410278,1208,67,0.931821,0.2422
148000,5515.029008,1209,83,0.886438,0.2734
150000,5449.041375,1211,74,0.823704,0.3828
152000,6227.728284,1227,73,0.937026,0.3203
154000,6058.584680,1228,65,0.946725,0.3281
156000,6018.536124,1215,64,0.965581,0.3047
158000,5999.196976,1230,68,0.950374,0.2344
160000,6207.043395,1223,56,0.957148,0.2422
162000,5996.149443,1237,58,0.964754,0.2656
164000,6134.044156,1213,63,0.974758,0.2969
166000,6276.130870,1200,77,0.977776,0.3359
168000,6803.839692,1195,72,0.961217,0.3125
170000,6796.001551,1216,72,0.975515,0.2344
172000,7104.712156,1221,52,0.973808,0.2891
174000,7137.448838,1220,75,0.979572,0.3516
176000,6829.868556,1208,54,0.976402,0.2422
178000,6765.677294,1221,66,0.975890,0.2891
180000,6954.589855,1235,63,0.976910,0.2344
182000,7159.860598,1252,59,0.976736,0.3125
184000,6604.860232,1239,51,0.946424,0.2188
186000,7299.989036,1226,70,0.969334,0.2578
188000,7390.924380,1232,68,0.967134,0.3125
190000,6710.461499,1212,66,0.966086,0.2734
192000,7232.708716,1226,63,0.972011,0.2734
194000,7384.603967,1222,69,0.982010,0.2422
196000,7259.540739,1222,68,0.976917,0.2812
198000,7107.030600,1231,66,0.976951,0.2969
200000,6777.794935,1227,66,0.949375,0.2891
202000,6703.154104,1242,53,0.956682,0.2188
204000,6023.693875,1217,72,0.938000,0.3750
206000,6350.468879,1214,67,0.961240,0.3203
208000,6192.109083,1213,87,0.897401,0.2500
210000,6436.873678,1216,56,0.959527,0.2656
212000,6138.475435,1220,58,0.898944,0.2891
214000,6189.893139,1237,70,0.897113,0.3281
216000,6199.604075,1241,69,0.921885,0.2812
218000,6713.533430,1222,56,0.967422,0.2891
220000,6491.576259,1203,69,0.981501,0.3203
222000,6376.369452,1236,63,0.964704,0.2734
224000,6225.825039,1248,61,0.965081,0.1953
226000,6154.099542,1225,55,0.934333,0.2422
228000,6255.679303,1213,75,0.946212,0.2891
230000,6556.152083,1224,77,0.966253,0.2812
232000,6331.197487,1235,74,0.908365,0.2422
234000,6930.012894,1219,72,0.967736,0.2734
236000,6629.758958,1202,89,0.916578,0.2500
238000,6715.695227,1222,70,0.940590,0.3594
240000,6941.213240,1200,73,0.955665,0.2734
242000,6966.505564,1193,85,0.954773,0.2969
244000,6787.223979,1189,73,0.916440,0.3359
246000,7013.232476,1185,75,0.941975,0.2578
248000,7249.434575,1204,72,0.958945,0.3594
250000,7205.093055,1208,73,0.946373,0.3359
252000,7109.014054,1216,67,0.935161,0.1875
254000,6933.078700,1219,70,0.926003,0.4453
256000,7006.443990,1204,61,0.948451,0.3594
258000,6499.021500,1208,68,0.895426,0.2969
260000,6470.156220,1210,78,0.895814,0.3047
262000,6556.410504,1250,71,0.889376,0.2188
264000,6564.688910,1248,55,0.885363,0.2656
266000,6598.938691,1219,88,0.873256,0.2266
268000,6863.834619,1245,48,0.952108,0.2422
270000,6863.370915,1222,62,0.949636,0.3203
272000,6957.780494,1206,74,0.950344,0.3438
274000,6827.858896,1210,76,0.955474,0.2578
276000,7144.519350,1222,60,0.951256,0.3047
278000,7197.269755,1233,64,0.949668,0.2734
280000,7449.036967,1216,79,0.949349,0.2656
282000,7532.479399,1241,78,0.921779,0.2188
284000,8035.641103,1237,65,0.949453,0.2969
286000,7838.817262,1235,69,0.914574,0.2422
288000,7384.910151,1249,61,0.935898,0.2188
290000,7233.435324,1255,57,0.957748,0.2578
292000,7201.896928,1242,66,0.962029,0.2656
294000,7341.533420,1237,67,0.963459,0.3672
296000,7460.747648,1215,67,0.972619,0.2656
298000,7534.930295,1228,65,0.945458,0.2266
300000,7467.858771,1217,80,0.953975,0.3203
302000,7575.034504,1218,76,0.963358,0.2656
304000,7491.549040,1212,82,0.980754,0.3047
306000,7521.311075,1216,74,0.980204,0.3438
308000,7501.820704,1229,57,0.966391,0.3359
310000,7799.061600,1228,61,0.972919,0.3281
312000,8090.245168,1238,67,0.959762,0.2812
314000,8119.746791,1213,64,0.978794,0.2578
316000,8060.371039,1220,72,0.980243,0.2500
318000,7903.391760,1209,67,0.970080,0.3203
320000,7967.087548,1227,62,0.979229,0.2188
322000,7920.689003,1207,69,0.977954,0.3516
324000,7938.116406,1236,62,0.977472,0.2969
326000,7729.644908,1222,65,0.963692,0.2812
328000,7755.657559,1229,68,0.965023,0.3594
330000,7634.038238,1234,69,0.958021,0.3516
332000,7463.437030,1231,68,0.955815,0.2500
334000,7678.642171,1227,76,0.948806,0.2812
336000,7659.866300,1229,80,0.952746,0.2812
338000,7640.880342,1243,74,0.948835,0.3203
340000,7409.858462,1246,61,0.960944,0.1875
342000,7637.364511,1258,64,0.956693,0.3047
344000,7700.168095,1243,62,0.954412,0.2891
346000,7765.746600,1220,65,0.957455,0.3125
348000,7950.261296,1220,56,0.960362,0.1719
350000,7652.021446,1214,70,0.963892,0.3047
352000,7691.277547,1206,69,0.963535,0.2734
354000,7743.091079,1213,62,0.947737,0.2969
356000,7788.040971,1222,56,0.969998,0.2891
358000,7693.270807,1211,71,0.896245,0.3125
360000,7697.373158,1218,61,0.905583,0.2969
362000,8365.787520,1217,68,0.978335,0.3125
364000,8352.725667,1214,71,0.973432,0.2656
366000,8704.573811,1177,82,0.979207,0.2656
368000,8726.745163,1192,74,0.981193,0.2188
370000,8134.880972,1216,69,0.979672,0.3359
372000,8039.521238,1244,77,0.978739,0.2656
374000,7746.846091,1266,45,0.952228,0.2344
376000,7966.306728,1258,41,0.964500,0.2734
378000,8355.930566,1238,64,0.981295,0.2500
380000,8397.523175,1245,49,0.986640,0.3203
382000,8706.198496,1237,47,0.986051,0.2422
384000,7690.586883,1234,63,0.894113,0.2891
386000,8366.291919,1218,59,0.984329,0.3594
388000,8432.496604,1204,66,0.979905,0.2812
390000,7878.504700,1199,67,0.966454,0.2422
392000,8087.138115,1208,73,0.968406,0.2344
394000,8217.230254,1211,84,0.972277,0.2578
396000,7421.761159,1214,77,0.921730,0.2891
398000,7467.377195,1205,85,0.934819,0.2422
400000,7285.801446,1233,64,0.900871,0.2266
402000,7915.347311,1237,62,0.977008,0.1797
404000,7929.280447,1238,59,0.946978,0.2734
406000,8251.668312,1241,64,0.922675,0.3281
408000,8732.014123,1220,67,0.974767,0.2578
410000,8616.003999,1227,57,0.976679,0.2109
412000,8687.099655,1238,53,0.976668,0.2500
414000,9029.315166,1255,53,0.983976,0.1875
416000,8539.515339,1255,47,0.962110,0.2188
418000,8391.352542,1233,71,0.960434,0.2734
420000,8253.616239,1251,72,0.873853,0.3047
422000,7914.106060,1218,72,0.880929,0.2500
424000,8532.395295,1218,60,0.962483,0.2266
426000,8656.479968,1212,78,0.965283,0.3359
428000,8413.116854,1207,82,0.971835,0.2500
430000,8289.205996,1207,77,0.955626,0.3203
432000,8315.780479,1212,67,0.967713,0.2812
434000,8444.943135,1207,78,0.962267,0.3359
436000,8584.196950,1204,71,0.965046,0.2578
438000,8608.857398,1205,84,0.960579,0.3125
440000,8770.640783,1211,94,0.970802,0.3047
442000,8735.670195,1211,73,0.972906,0.3047
444000,8979.009600,1197,76,0.974253,0.2500
446000,8942.699500,1210,87,0.975392,0.3359
448000,8756.741815,1210,71,0.974057,0.2422
450000,8870.712891,1227,65,0.980820,0.2578
452000,8192.293484,1213,75,0.908669,0.2891
454000,8548.502568,1213,77,0.971286,0.3125
456000,8566.015612,1180,90,0.972020,0.2812
458000,8564.798252,1173,79,0.972527,0.3125
460000,8517.725104,1195,72,0.972164,0.2109
462000,8354.790988,1198,78,0.970882,0.2969
464000,7684.966755,1187,75,0.852655,0.2656
466000,8085.827479,1200,70,0.890670,0.2500
468000,8185.379400,1197,77,0.918813,0.3438
470000,7811.609659,1205,74,0.949513,0.3203
472000,7816.098150,1206,54,0.974992,0.3750
474000,7829.298051,1220,68,0.974323,0.2578
476000,7653.792675,1219,67,0.965202,0.2734
478000,7583.374979,1234,81,0.974833,0.3281
480000,7390.661630,1246,62,0.930262,0.2812
482000,7910.737359,1202,79,0.859115,0.3984
484000,8098.864647,1210,73,0.918796,0.2422
486000,7714.222335,1227,83,0.958055,0.2656
488000,7697.830127,1234,65,0.970035,0.3203
490000,7884.258384,1237,66,0.968905,0.2891
492000,7766.328750,1246,71,0.925925,0.2344
494000,6976.884374,1236,63,0.974389,0.4141
496000,7103.651910,1231,63,0.975755,0.2500
498000,6944.028691,1224,65,0.957547,0.2266
500000,7047.238150,1243,69,0.946270,0.2109
502000,6982.971654,1224,64,0.951077,0.2344
504000,7285.570390,1221,74,0.970196,0.2969
506000,7323.137503,1207,83,0.966584,0.3359
508000,6969.410251,1229,60,0.975770,0.2500
510000,6943.934435,1243,58,0.974598,0.2188
512000,6834.419244,1228,69,0.977890,0.2812
514000,7135.203246,1222,63,0.965081,0.3047
516000,7015.052700,1187,79,0.966282,0.3125
518000,6643.835587,1216,65,0.961511,0.2969
520000,7121.300840,1247,54,0.970926,0.2422
522000,6925.114700,1210,74,0.969112,0.2109
524000,6934.387871,1181,83,0.958715,0.2891
526000,6495.431324,1207,77,0.956983,0.3203
528000,6431.631198,1217,62,0.941339,0.3516
530000,6435.923270,1214,71,0.939020,0.2734
532000,6693.389670,1222,59,0.895404,0.3047
534000,6857.690807,1239,61,0.922196,0.2500
536000,6974.428696,1242,60,0.918530,0.2344
538000,7230.601539,1211,79,0.965913,0.3359
540000,7817.079211,1233,69,0.977809,0.1719
542000,7615.972675,1242,77,0.921589,0.2656
544000,7695.575948,1231,64,0.950488,0.2344
546000,7447.285596,1253,64,0.948531,0.3203
548000,7392.265804,1231,74,0.957572,0.2500
550000,7220.444667,1220,73,0.964100,0.2969
552000,7282.680975,1216,74,0.963262,0.2500
554000,7398.050620,1209,76,0.972646,0.2891
556000,7260.939982,1206,75,0.971449,0.3594
558000,7359.857839,1208,75,0.966201,0.3047
560000,7285.460375,1203,92,0.963287,0.3281
562000,7550.078679,1194,78,0.963411,0.4453
564000,7549.486107,1196,85,0.964422,0.3047
566000,7046.495459,1212,63,0.909295,0.2969
568000,7103.794831,1208,70,0.969244,0.3125
570000,7050.163467,1210,77,0.912370,0.2656
572000,6986.433455,1200,77,0.979037,0.3203
574000,6829.906715,1212,76,0.964414,0.2578
576000,6746.162455,1205,77,0.942764,0.3047
578000,6520.367819,1196,78,0.943144,0.3203
580000,6803.977647,1195,79,0.950170,0.3281
582000,6513.787891,1192,86,0.930287,0.3281
584000,6575.742750,1236,54,0.928252,0.2656
586000,6812.472567,1230,73,0.958598,0.2578
588000,6797.828327,1243,68,0.961464,0.2422
590000,6074.201240,1239,64,0.910002,0.3125
592000,6137.479211,1232,64,0.911777,0.2188
594000,6522.621371,1215,78,0.971476,0.2891
596000,5989.858475,1222,70,0.927767,0.2734
598000,5836.034307,1224,76,0.911798,0.2969
600000,6487.430795,1231,61,0.934070,0.2891
602000,6419.245115,1247,45,0.951650,0.3203
604000,6346.513703,1216,64,0.951832,0.2266
606000,6535.813150,1211,69,0.962997,0.3516
608000,6463.227598,1211,77,0.965784,0.2344
610000,6308.798735,1226,77,0.948685,0.2812
612000,6372.200054,1216,76,0.948621,0.3047
614000,6220.661367,1222,73,0.939333,0.2734
616000,6434.755070,1230,67,0.958220,0.2734
618000,5575.040060,1263,61,0.787345,0.3203
620000,5825.201350,1228,68,0.917237,0.2891
622000,5897.755800,1233,59,0.924724,0.2422
624000,5478.368611,1214,61,0.804135,0.3125
626000,5658.965470,1191,73,0.905156,0.2734
628000,5780.407667,1205,66,0.908650,0.3359
630000,6109.051536,1187,72,0.836611,0.3906
632000,6188.297278,1201,82,0.826899,0.2500
634000,6228.952963,1231,71,0.933990,0.2500
636000,6255.839078,1242,65,0.935720,0.2656
638000,6966.230790,1222,62,0.890511,0.2812
640000,7062.660635,1227,64,0.902849,0.2578
642000,6910.311520,1204,83,0.864157,0.2656
644000,7071.832063,1217,76,0.912144,0.2188
646000,7313.542678,1230,60,0.944306,0.2031
648000,7525.253659,1215,72,0.959284,0.2812
650000,7321.345342,1203,70,0.932184,0.2500
652000,7228.794238,1212,72,0.955377,0.2891
654000,7559.021455,1223,74,0.951767,0.3125
656000,7689.245510,1214,72,0.952590,0.3594
658000,7748.799395,1215,74,0.960961,0.2812
660000,8021.405488,1204,84,0.967410,0.3125
662000,7631.694103,1209,81,0.955863,0.3203
664000,7488.160787,1198,82,0.925668,0.2344
666000,7557.918380,1207,81,0.938622,0.2812
668000,7315.218972,1230,76,0.954082,0.3203
670000,7386.978059,1255,54,0.966625,0.2344
672000,7173.944000,1250,55,0.955196,0.2656
674000,7083.771015,1234,61,0.955103,0.2344
676000,7183.026310,1213,87,0.956144,0.2734
678000,7261.020127,1206,78,0.954727,0.3750
680000,7329.841459,1190,91,0.952068,0.3047
682000,7331.728118,1222,66,0.955297,0.3281
684000,6557.440687,1204,73,0.892210,0.3047
686000,7062.030230,1225,81,0.955622,0.3203
688000,7193.014750,1232,60,0.952069,0.2734
690000,7051.541248,1241,55,0.950127,0.2344
692000,7593.370886,1224,63,0.974699,0.3125
694000,7611.133654,1233,57,0.973731,0.2266
696000,7400.268155,1227,62,0.974171,0.2266
698000,7090.847286,1212,74,0.927195,0.3125
700000,7213.230911,1228,68,0.943611,0.2734
702000,7198.036807,1235,69,0.904277,0.1953
704000,7208.900406,1228,65,0.929643,0.2812
706000,7376.274182,1238,57,0.953808,0.3047
708000,7584.388899,1243,76,0.977268,0.3203
710000,7386.985910,1266,59,0.961949,0.2969
712000,7310.100847,1244,59,0.968640,0.2266
714000,7271.481030,1232,65,0.940402,0.2656
716000,7484.441520,1223,73,0.947299,0.2500
718000,7404.952968,1255,57,0.941744,0.2422
720000,7417.561144,1232,70,0.970036,0.3203
722000,7483.775735,1227,62,0.961324,0.2031
724000,7385.326399,1231,74,0.945386,0.3359
726000,6969.619643,1237,61,0.922442,0.2734
728000,7189.281920,1222,69,0.918019,0.2656
730000,7372.793212,1232,62,0.959730,0.3281
732000,7273.213950,1208,78,0.949821,0.3203
734000,7619.067883,1230,73,0.953204,0.3438
736000,7564.121519,1209,78,0.957331,0.2812
738000,7168.432030,1227,58,0.933911,0.2969
740000,7541.048875,1260,65,0.945618,0.3047
742000,7571.597616,1229,60,0.947703,0.3281
744000,7383.040822,1235,58,0.963483,0.2109
746000,7642.902576,1254,60,0.967238,0.2500
748000,7588.015247,1224,77,0.983345,0.2891
750000,7580.393094,1226,75,0.975712,0.2500
752000,7355.754963,1237,71,0.976408,0.3281
754000,7186.911263,1250,61,0.976662,0.2734
756000,7305.330430,1227,73,0.943333,0.3203
758000,7124.774067,1230,69,0.975089,0.2500
760000,7293.310947,1240,59,0.974352,0.2656
762000,7362.087806,1243,64,0.975477,0.2500
764000,7329.364471,1218,68,0.976063,0.3281
766000,7351.844184,1229,63,0.948287,0.2109
768000,7327.761984,1216,80,0.968283,0.2656
770000,7188.208187,1207,83,0.974374,0.2891
772000,7004.972440,1214,86,0.936088,0.2734
774000,7050.478070,1222,78,0.964209,0.3047
776000,7193.388263,1215,77,0.967840,0.3047
778000,7254.224815,1226,62,0.973708,0.3281
780000,6999.437150,1223,62,0.966713,0.2500
782000,7179.820012,1217,69,0.903621,0.2109
784000,7090.075147,1231,71,0.958371,0.2812
786000,7150.857375,1232,63,0.958014,0.3125
788000,7325.777023,1236,64,0.972676,0.2266
790000,7325.300775,1252,72,0.970688,0.2891
792000,7247.813979,1236,66,0.962267,0.2891
794000,7240.050175,1249,66,0.963173,0.3359
796000,7006.300675,1245,65,0.970973,0.2969
798000,6572.216183,1223,64,0.968221,0.3203
800000,6545.738732,1207,68,0.983070,0.2500
802000,6542.954988,1211,79,0.982584,0.2578
804000,6662.624828,1218,69,0.978487,0.3359
806000,6635.996347,1228,69,0.980747,0.2578
808000,6438.615134,1220,68,0.979111,0.2969
810000,6599.009806,1234,64,0.976277,0.3125
812000,6540.448991,1233,73,0.965909,0.2969
814000,6584.270563,1238,54,0.972863,0.2812
816000,6734.151894,1217,81,0.955497,0.2734
818000,6993.600511,1244,63,0.984249,0.2891
820000,7091.281255,1224,66,0.979831,0.2734
822000,7084.544079,1210,71,0.961982,0.2812
824000,7113.686831,1198,77,0.949347,0.2500
826000,6470.399912,1198,75,0.964830,0.3438
828000,6387.382219,1205,73,0.945158,0.3047
830000,6596.307248,1193,77,0.956373,0.2422
832000,6643.290854,1203,69,0.963217,0.3047
834000,6679.091678,1186,90,0.978471,0.2500
836000,6581.783596,1203,76,0.967039,0.2734
838000,6538.020915,1208,75,0.969057,0.3281
840000,6416.849855,1208,70,0.906588,0.2266
842000,6543.023646,1193,77,0.879705,0.2734
844000,6859.143227,1195,88,0.944915,0.2891
846000,6460.526732,1214,68,0.873047,0.2969
848000,6309.215811,1226,62,0.922540,0.3516
850000,6393.016230,1220,73,0.944629,0.3750
852000,6446.245755,1211,81,0.948364,0.2734
854000,5885.070156,1223,81,0.867074,0.3281
856000,5751.249655,1233,70,0.852148,0.2266
858000,6407.298071,1234,54,0.945120,0.2656
860000,6265.222027,1242,60,0.951783,0.2500
862000,6192.396635,1237,64,0.934022,0.3125
864000,6840.927500,1233,63,0.960166,0.2500
866000,6841.048300,1216,71,0.961909,0.2422
868000,6823.876300,1219,78,0.964738,0.2422
870000,6944.624947,1230,66,0.964459,0.2969
872000,7088.599558,1219,76,0.961415,0.2578
874000,7325.861598,1207,66,0.979132,0.2891
876000,7391.983127,1223,67,0.975829,0.1484
878000,7438.355575,1219,77,0.973815,0.2969
880000,7633.789763,1213,79,0.975465,0.3750
882000,7557.615532,1236,69,0.973718,0.2344
884000,7534.979566,1243,65,0.974984,0.2578
886000,7438.254779,1258,69,0.975433,0.3594
888000,7235.131208,1244,57,0.942431,0.2188
890000,6853.910135,1237,62,0.912267,0.2578
892000,7048.503275,1214,74,0.948969,0.2266
894000,7173.134791,1234,63,0.950939,0.3047
896000,6909.710750,1229,74,0.934708,0.2812
898000,6722.347046,1238,78,0.910965,0.3516
900000,6724.413030,1226,65,0.904583,0.2891
902000,6599.075739,1218,69,0.901907,0.1797
904000,7088.730395,1224,63,0.973350,0.2578
906000,6946.849535,1227,68,0.959460,0.2266
908000,7015.734123,1226,70,0.963357,0.3516
910000,7158.352268,1212,75,0.978851,0.2969
912000,7253.384647,1201,76,0.978116,0.3125
914000,7330.186995,1226,57,0.960511,0.2578
916000,7154.419820,1235,54,0.936397,0.3359
918000,7501.826422,1233,71,0.975195,0.3203
920000,7511.208855,1237,60,0.980749,0.3047
922000,6864.759327,1251,63,0.913264,0.2422
924000,7559.563131,1239,63,0.979414,0.2656
926000,7423.760187,1221,74,0.975827,0.2969
928000,7548.211374,1199,73,0.981058,0.2109
930000,6878.187399,1214,73,0.976765,0.2656
932000,6545.612462,1228,67,0.942620,0.3203
934000,6395.264115,1225,72,0.930865,0.2031
936000,6328.280875,1245,68,0.935187,0.3359
938000,6508.329190,1239,63,0.942484,0.2969
940000,6941.926467,1239,46,0.929533,0.2734
942000,6950.292760,1238,61,0.924526,0.2031
944000,7127.376691,1246,67,0.927175,0.2891
946000,6643.539635,1252,65,0.897924,0.2344
948000,6710.088099,1238,68,0.908682,0.2266
950000,7201.706979,1232,65,0.979460,0.3281
952000,6991.309571,1225,74,0.975021,0.3047
954000,6855.184224,1240,61,0.963967,0.2422
956000,6925.985675,1231,73,0.961748,0.2734
958000,6824.084056,1221,65,0.962834,0.2969
960000,6431.415371,1242,67,0.950650,0.2578
962000,6871.293750,1249,61,0.952550,0.3125
964000,6699.398991,1246,62,0.952376,0.2109
966000,6553.833163,1254,51,0.890839,0.3047
968000,7159.978236,1245,66,0.963712,0.2812
970000,6955.172380,1235,57,0.952989,0.3281
972000,6808.350246,1235,59,0.952893,0.3125
974000,6766.356359,1225,70,0.894041,0.3750
976000,7293.012800,1242,58,0.977509,0.2969
978000,7641.097084,1230,63,0.981322,0.2734
980000,7632.596460,1226,71,0.950086,0.2891
982000,7509.348430,1237,69,0.978077,0.2578
984000,6958.641566,1217,65,0.936765,0.3359
986000,7309.464875,1209,77,0.973517,0.2812
988000,7221.324124,1216,67,0.973212,0.3203
990000,6775.719846,1205,74,0.922612,0.3281
992000,6658.143075,1227,81,0.920999,0.3281
994000,7035.659347,1202,75,0.957752,0.3281
996000,7337.461619,1195,72,0.968079,0.3516
998000,6660.023414,1214,79,0.910936,0.2266
1000000,6973.319363,1214,75,0.948068,0.3203
1002000,7302.002903,1191,85,0.971456,0.3750
1004000,7210.360428,1216,68,0.974174,0.3047
1006000,7270.098476,1213,79,0.972970,0.3438
1008000,7156.724408,1196,79,0.964664,0.2969
1010000,7220.165470,1187,86,0.964901,0.3672
1012000,7030.199243,1197,70,0.974128,0.2969
1014000,6952.191278,1208,82,0.969203,0.3047
1016000,7366.123948,1207,65,0.977271,0.2266
1018000,7241.650647,1217,78,0.975845,0.3047
1020000,7472.252166,1219,78,0.984498,0.2500
1022000,7081.451462,1208,75,0.948724,0.2578
1024000,6831.744880,1231,69,0.962781,0.2266
1026000,6957.724239,1216,55,0.958320,0.2734
1028000,6897.768248,1222,72,0.940971,0.3750
1030000,7045.514207,1232,72,0.942311,0.2969
1032000,6619.833822,1240,60,0.949715,0.2500
1034000,6987.002440,1232,64,0.942557,0.3203
1036000,7265.614275,1219,66,0.961422,0.2891
1038000,7335.371264,1211,68,0.967081,0.3281
1040000,7356.268710,1210,71,0.964776,0.3047
1042000,7481.615260,1212,77,0.972189,0.3047
1044000,7403.948254,1210,66,0.972463,0.2969
1046000,7288.177388,1198,72,0.966391,0.3047
1048000,7503.854172,1191,84,0.950963,0.3203
1050000,7472.885499,1205,84,0.973530,0.1953
1052000,7033.608556,1209,68,0.947275,0.2031
1054000,7147.311686,1219,64,0.959315,0.2734
1056000,7092.956159,1224,65,0.979187,0.3359
1058000,7091.736438,1212,65,0.957439,0.2812
1060000,6958.443575,1237,73,0.955452,0.2812
1062000,7135.948323,1231,81,0.937800,0.2656
1064000,7395.352775,1233,72,0.966951,0.3047
1066000,7680.221478,1231,68,0.971935,0.2969
1068000,7698.951548,1234,76,0.978847,0.2188
1070000,7610.770243,1232,73,0.944855,0.3281
1072000,7736.970651,1230,70,0.944197,0.2812
1074000,7941.926702,1234,61,0.978827,0.2344
1076000,7991.171612,1228,63,0.966188,0.2266
1078000,7847.719303,1203,67,0.962908,0.2344
1080000,7880.495455,1220,73,0.961346,0.2578
1082000,7930.191254,1226,54,0.964630,0.2969
1084000,8036.357851,1226,63,0.954090,0.3672
1086000,8002.609750,1223,78,0.953677,0.2812
1088000,8384.789020,1227,75,0.961608,0.3047
1090000,8437.952695,1223,55,0.975319,0.2812
1092000,8539.519375,1238,66,0.914994,0.2734
1094000,9514.190680,1218,70,0.965028,0.2734
1096000,9266.079503,1218,77,0.949524,0.3672
1098000,9409.968140,1222,77,0.967905,0.2500
1100000,9533.779294,1223,61,0.971685,0.3672
1102000,9480.504598,1226,58,0.975699,0.2656
1104000,9677.513430,1227,73,0.977642,0.3359
1106000,9645.115963,1217,73,0.981418,0.2422
1108000,9462.592355,1234,74,0.976001,0.2812
1110000,9337.434300,1236,70,0.975252,0.2422
1112000,9169.988262,1242,71,0.978069,0.2734
1114000,9023.400595,1245,62,0.979088,0.2891
1116000,9425.671911,1233,64,0.977640,0.2734
1118000,9716.954878,1229,63,0.972389,0.2500
1120000,8843.106275,1236,66,0.963739,0.3125
1122000,8718.694198,1244,63,0.966552,0.2266
1124000,8745.088955,1256,63,0.925124,0.3125
1126000,8553.740419,1279,61,0.876555,0.2031
1128000,9325.451238,1252,77,0.979690,0.3047
1130000,9323.484831,1247,67,0.981301,0.3203
1132000,8980.328926,1213,72,0.972739,0.3281
1134000,9111.136572,1227,68,0.978690,0.3281
1136000,9181.618182,1258,59,0.979079,0.2969
1138000,9311.699974,1240,57,0.980377,0.3281
1140000,8638.068767,1251,61,0.907880,0.2969
1142000,8759.846310,1242,65,0.977425,0.3125
1144000,9284.436600,1232,72,0.982206,0.3203
1146000,9155.452406,1228,65,0.978779,0.3047
1148000,8931.505575,1225,57,0.962036,0.2344
1150000,8961.575900,1225,71,0.973888,0.3047
1152000,8785.270172,1236,78,0.957024,0.2500
1154000,8528.817499,1207,84,0.876785,0.3203
1156000,8491.577310,1210,77,0.948098,0.2422
1158000,8377.002830,1225,71,0.923780,0.2266
1160000,8688.725587,1253,57,0.911318,0.3203
1162000,8622.464011,1256,52,0.968799,0.2578
1164000,8698.134715,1228,75,0.968698,0.2812
1166000,8578.683611,1241,68,0.971782,0.2734
1168000,8198.234139,1248,68,0.961437,0.3594
1170000,8454.268111,1208,89,0.971730,0.2266
1172000,8197.474675,1204,79,0.969045,0.3594
1174000,8261.597742,1231,69,0.976546,0.3438
1176000,8410.939667,1234,78,0.971917,0.2891
1178000,8853.194860,1231,74,0.983632,0.2500
1180000,8579.806694,1235,60,0.970125,0.2422
1182000,8513.318504,1240,59,0.973454,0.2656
1184000,8382.777710,1220,71,0.965758,0.3594
1186000,7964.421211,1241,66,0.963065,0.3047
1188000,8021.642083,1244,60,0.962018,0.3125
1190000,7699.954200,1238,52,0.930560,0.2656
1192000,7921.821086,1209,68,0.941120,0.2344
1194000,7586.146863,1232,58,0.944924,0.2812
1196000,8051.653111,1232,53,0.960364,0.2109
1198000,8178.921695,1226,72,0.974672,0.2734
1200000,8560.908779,1235,63,0.980872,0.2969
1202000,8519.569987,1246,68,0.979964,0.2812
1204000,8474.940006,1254,69,0.979477,0.2578
1206000,8473.529575,1246,77,0.979755,0.2734
1208000,8152.328371,1229,70,0.966028,0.3906
1210000,8176.383084,1234,70,0.982578,0.2656
1212000,8385.517047,1218,69,0.978633,0.3516
1214000,8202.593120,1210,59,0.986883,0.2891
1216000,8580.833819,1209,69,0.977438,0.2500
1218000,8670.460502,1225,66,0.977257,0.2500
1220000,8853.409740,1243,69,0.981877,0.2500
1222000,8619.880811,1230,69,0.958437,0.2344
1224000,7986.299414,1239,64,0.932714,0.2578
1226000,7988.898374,1238,62,0.935919,0.1562
1228000,8155.631403,1221,72,0.952937,0.3438
1230000,9026.581944,1231,74,0.988278,0.3438
1232000,9169.426478,1226,70,0.988227,0.2109
1234000,9004.026512,1230,60,0.979801,0.2344
1236000,8632.510715,1258,57,0.964784,0.2656
1238000,8369.238284,1269,56,0.948884,0.2344
1240000,8712.334727,1253,68,0.980568,0.3125
1242000,8554.033479,1264,65,0.966947,0.2422
1244000,8818.608859,1244,63,0.975628,0.2969
1246000,8965.512012,1224,80,0.971607,0.3203
1248000,8084.643966,1233,67,0.970698,0.2969
1250000,8546.526606,1241,54,0.986615,0.1953
1252000,8554.700956,1260,58,0.985699,0.2891
1254000,8783.081790,1251,62,0.983892,0.3203
1256000,8036.740299,1263,56,0.924631,0.3047
1258000,8752.382847,1266,50,0.979451,0.2031
1260000,8611.066188,1264,59,0.983470,0.3125
1262000,8454.184652,1262,55,0.941847,0.3047
1264000,8351.848902,1273,50,0.941616,0.2734
1266000,8704.564150,1279,52,0.982274,0.2734
1268000,8689.596124,1273,60,0.976691,0.2891
1270000,8511.624016,1245,63,0.976272,0.2656
1272000,8727.439375,1234,69,0.980970,0.3359
1274000,8764.417420,1228,79,0.980311,0.2500
1276000,8726.244395,1240,83,0.983600,0.2500
1278000,8596.807272,1220,88,0.980898,0.3281
1280000,8822.302988,1247,64,0.974985,0.2578
1282000,8597.945255,1253,67,0.978440,0.2578
1284000,8537.032550,1230,63,0.972239,0.3281
1286000,8801.360060,1243,59,0.982034,0.2109
1288000,8718.184363,1250,50,0.981151,0.2812
1290000,8579.664080,1242,61,0.982406,0.2578
1292000,8451.097567,1240,64,0.983046,0.2188
1294000,8265.977131,1233,63,0.982944,0.3047
1296000,8423.279867,1212,71,0.961179,0.2891
1298000,8454.517150,1208,79,0.935273,0.3359
1300000,8345.314600,1234,56,0.941136,0.3125
1302000,8431.782414,1219,64,0.982900,0.2812
1304000,8483.792376,1228,69,0.972844,0.3516
1306000,8398.199627,1221,64,0.982604,0.2578
1308000,8226.509006,1214,70,0.974793,0.2500
1310000,8315.729766,1201,81,0.982924,0.2812
1312000,8479.662520,1206,74,0.984038,0.3281
1314000,8478.059900,1230,64,0.952391,0.2500
1316000,8444.960595,1209,62,0.980621,0.2969
1318000,8686.372384,1213,82,0.981498,0.3438
1320000,8497.672419,1209,70,0.980325,0.2109
1322000,8595.569390,1221,75,0.981834,0.2266
1324000,8734.885415,1225,75,0.981342,0.2500
1326000,8755.309152,1216,60,0.987993,0.2188
1328000,8682.736495,1187,82,0.967962,0.3594
1330000,8525.342230,1208,77,0.979481,0.2031
1332000,8186.772207,1211,91,0.971905,0.2656
1334000,8383.080390,1216,81,0.980106,0.3438
1336000,8289.295859,1213,78,0.983300,0.2578
1338000,8359.169191,1246,68,0.982216,0.2812
1340000,8418.329595,1222,68,0.985694,0.2891
1342000,8300.323383,1215,73,0.984972,0.2891
1344000,8299.458766,1234,78,0.955577,0.3438
1346000,8309.426270,1259,51,0.951867,0.2969
1348000,8268.229875,1225,64,0.969046,0.2734
1350000,8239.751816,1210,83,0.977930,0.2812
1352000,8536.725155,1220,74,0.980090,0.3203
1354000,8313.758271,1220,73,0.974292,0.2891
1356000,8211.970135,1224,62,0.973969,0.2969
1358000,8156.653759,1222,81,0.974070,0.3672
1360000,8102.590751,1217,77,0.977382,0.3750
1362000,8375.938008,1216,84,0.960773,0.3359
1364000,8548.882575,1215,72,0.967822,0.3281
1366000,8542.751536,1213,71,0.970161,0.3125
1368000,8618.840182,1223,76,0.971810,0.3594
1370000,8516.970859,1248,56,0.969291,0.2578
1372000,8904.311831,1230,66,0.960804,0.3047
1374000,8839.915963,1225,67,0.960356,0.2734
1376000,8892.949415,1235,71,0.977705,0.2891
1378000,8445.332550,1240,64,0.876496,0.3047
1380000,8115.188155,1207,74,0.893899,0.3516
1382000,8231.990168,1196,82,0.975921,0.2812
1384000,8069.023840,1211,75,0.924783,0.2578
1386000,8133.581502,1230,62,0.968658,0.2578
1388000,8230.591875,1207,79,0.962246,0.2969
1390000,8309.386387,1217,72,0.960992,0.3438
1392000,8330.020431,1222,66,0.957891,0.2891
1394000,8257.119171,1245,61,0.956681,0.2031
1396000,8017.065687,1256,52,0.970188,0.2266
1398000,7832.685340,1245,62,0.977553,0.2656
1400000,7922.711115,1237,56,0.976847,0.2188
1402000,7894.018259,1234,65,0.973543,0.2344
1404000,7472.001275,1228,59,0.943552,0.2266
1406000,7386.283310,1227,68,0.920903,0.2422
1408000,7374.706431,1252,60,0.919391,0.2500
1410000,7011.877095,1241,73,0.874288,0.2422
1412000,6975.052134,1234,71,0.879075,0.2500
1414000,6835.995420,1242,67,0.928955,0.2109
1416000,7039.245724,1221,84,0.922691,0.3203
1418000,7101.383755,1235,68,0.942989,0.3047
1420000,7144.896638,1219,74,0.932727,0.2578
1422000,7409.678007,1234,59,0.972303,0.3203
1424000,7277.517391,1249,59,0.956701,0.2969
1426000,7362.344499,1251,59,0.964347,0.2500
1428000,7185.406272,1240,59,0.902187,0.2891
1430000,6658.439491,1239,72,0.905591,0.2734
1432000,7194.571371,1275,55,0.970595,0.2891
1434000,7209.234923,1272,50,0.971603,0.2422
1436000,7298.025403,1248,60,0.972252,0.3281
1438000,7119.267375,1251,62,0.964639,0.3125
1440000,7181.952775,1249,51,0.967056,0.2422
1442000,7360.008279,1237,54,0.980262,0.2734
1444000,7483.739683,1230,62,0.982960,0.2656
1446000,7478.336070,1223,64,0.965227,0.2734
1448000,7314.838438,1230,63,0.925783,0.3438
1450000,7335.370727,1224,52,0.943706,0.3203
1452000,7143.496312,1244,52,0.980136,0.2891
1454000,7187.788246,1227,68,0.970903,0.3047
1456000,7057.676630,1219,73,0.975580,0.2891
1458000,7044.086352,1192,71,0.967389,0.3281
1460000,7068.049036,1198,59,0.965781,0.2109
1462000,6440.003199,1225,64,0.971411,0.3125
1464000,6295.287750,1208,66,0.962681,0.2266
1466000,6461.545955,1213,62,0.976354,0.3516
1468000,6579.498843,1237,69,0.980266,0.2578
1470000,6472.205980,1249,64,0.938835,0.2500
1472000,6316.863275,1232,65,0.921798,0.3125
1474000,6091.067544,1228,65,0.950675,0.3203
1476000,6641.640280,1214,75,0.949546,0.2734
1478000,6482.832375,1237,68,0.955910,0.2969
1480000,6472.205758,1186,84,0.954842,0.3438
1482000,6172.884963,1195,82,0.891060,0.3594
1484000,6254.385727,1199,82,0.878167,0.2500
1486000,6426.067452,1194,84,0.933308,0.2656
1488000,6656.726988,1220,69,0.961837,0.2812
1490000,6616.218144,1210,75,0.962028,0.2266
1492000,6553.735583,1218,71,0.944485,0.3047
1494000,6357.351271,1227,66,0.900495,0.2656
1496000,6448.230331,1218,57,0.919848,0.2500
1498000,6709.287030,1232,65,0.936283,0.3047
1500000,6693.567631,1224,76,0.938649,0.3125
1502000,6695.067324,1211,71,0.953270,0.3203
1504000,6603.850351,1212,67,0.939203,0.3516
1506000,6679.661660,1198,85,0.943122,0.3125
1508000,6516.559375,1210,77,0.927622,0.3203
1510000,6981.147182,1242,65,0.940544,0.2734
1512000,6667.435575,1234,66,0.960766,0.2344
1514000,6539.787267,1244,63,0.940942,0.2188
1516000,6203.866535,1243,64,0.869851,0.2891
1518000,6479.022892,1245,55,0.951777,0.2422
1520000,6277.460120,1242,61,0.903584,0.2969
1522000,7116.612283,1236,75,0.960669,0.2656
1524000,6882.520123,1227,73,0.940227,0.3047
1526000,6990.122779,1251,57,0.959920,0.2734
1528000,7014.210510,1221,72,0.955890,0.2500
1530000,7175.814683,1216,72,0.933133,0.2812
1532000,7213.531487,1216,68,0.913107,0.3203
1534000,7259.577036,1222,60,0.971936,0.3125
1536000,7128.633542,1219,63,0.967360,0.2812
1538000,7096.464592,1218,49,0.963542,0.4219
1540000,7207.130150,1191,62,0.961140,0.3125
1542000,7616.868022,1200,75,0.977956,0.2656
1544000,7412.395799,1170,86,0.927040,0.2578
1546000,7650.794459,1195,69,0.978578,0.3281
1548000,7286.507211,1194,74,0.969246,0.3516
1550000,7357.384876,1186,75,0.941189,0.2344
1552000,7004.387995,1210,82,0.931364,0.2969
1554000,7016.989390,1211,70,0.922109,0.3125
1556000,6866.061095,1226,63,0.912328,0.2656
1558000,6496.484408,1216,69,0.913686,0.2500
1560000,6988.261150,1216,78,0.912157,0.3828
1562000,7221.078012,1219,80,0.890049,0.3750
1564000,7079.487548,1225,65,0.877649,0.2891
1566000,7650.899455,1205,72,0.901223,0.2891
1568000,7384.603694,1223,71,0.839262,0.3438
1570000,7819.110875,1196,75,0.933549,0.3281
1572000,7855.310720,1210,72,0.945783,0.2422
1574000,7913.711115,1203,77,0.952287,0.2812
1576000,7815.879911,1207,80,0.954380,0.2578
1578000,7683.606270,1201,90,0.905414,0.2812
1580000,8130.492347,1205,83,0.967562,0.2188
1582000,8038.933118,1209,76,0.962377,0.3203
1584000,8402.409654,1202,79,0.967791,0.3203
1586000,8371.960155,1225,66,0.969238,0.3281
1588000,8437.208908,1195,76,0.968525,0.2812
1590000,8106.856940,1184,94,0.946258,0.3281
1592000,7903.097271,1196,81,0.949380,0.2656
1594000,7529.504270,1206,76,0.840991,0.2734
1596000,8091.210855,1229,77,0.970397,0.2969
1598000,8070.768816,1241,63,0.970152,0.2344
1600000,8455.589568,1252,63,0.959736,0.3359
1602000,8507.693959,1242,72,0.959492,0.3047
1604000,8295.739660,1244,67,0.928732,0.2031
1606000,8181.535772,1242,69,0.949158,0.2891
1608000,8108.937190,1265,65,0.942267,0.2734
1610000,8296.715182,1252,68,0.943264,0.2344
1612000,8306.433155,1256,62,0.941609,0.2891
1614000,8273.271223,1227,69,0.944759,0.3203
1616000,7986.691318,1245,54,0.941686,0.2500
1618000,8033.296227,1249,63,0.923123,0.2734
1620000,8078.521055,1245,68,0.949389,0.2891
1622000,7880.476078,1230,71,0.954744,0.2969
1624000,7727.743055,1216,74,0.951962,0.3047
1626000,7849.720950,1218,67,0.950372,0.2734
1628000,7827.589939,1223,61,0.934913,0.3359
1630000,7809.795494,1228,65,0.920061,0.2188
1632000,7939.559200,1248,64,0.924168,0.2891
1634000,7988.538103,1226,74,0.925938,0.2578
1636000,8258.562771,1236,66,0.957239,0.2734
1638000,8332.301119,1232,72,0.961158,0.2969
1640000,8305.833974,1247,66,0.962497,0.2656
1642000,7936.338479,1242,57,0.943227,0.2656
1644000,8009.821555,1260,62,0.965885,0.2422
1646000,7970.344215,1252,61,0.964659,0.2891
1648000,7809.451526,1238,68,0.967243,0.2578
1650000,7686.638267,1249,63,0.964935,0.2109
1652000,7187.256359,1215,66,0.904415,0.2969
1654000,7451.337503,1240,57,0.962738,0.2578
1656000,7430.073934,1250,63,0.961611,0.2266
1658000,7577.205612,1237,74,0.961270,0.3125
1660000,7917.322279,1231,72,0.969563,0.2109
1662000,7994.272878,1231,61,0.967685,0.2656
1664000,8010.514931,1221,65,0.971955,0.2734
1666000,7941.488734,1230,72,0.974215,0.2734
1668000,7521.749068,1228,66,0.920422,0.2109
1670000,7453.403900,1231,81,0.888911,0.2422
1672000,7523.891039,1234,73,0.943167,0.3203
1674000,7447.092566,1250,58,0.946345,0.3359
1676000,7477.514060,1234,72,0.947493,0.2500
1678000,8215.755830,1217,66,0.957555,0.2266
1680000,8174.393392,1224,70,0.950150,0.2734
1682000,7806.652115,1229,62,0.947296,0.2422
1684000,7796.052700,1225,68,0.975640,0.2578
1686000,7838.448790,1245,68,0.978869,0.2422
1688000,7794.885467,1251,61,0.975299,0.2031
1690000,7615.194950,1247,53,0.968781,0.3125
1692000,7561.606604,1225,64,0.961070,0.2891
1694000,6875.438252,1220,70,0.847705,0.3047
1696000,7332.469715,1247,56,0.945745,0.2500
1698000,7218.679855,1241,57,0.955082,0.2812
1700000,6958.423446,1253,56,0.938515,0.2266
1702000,7123.400583,1227,68,0.961743,0.3125
1704000,7011.814172,1217,75,0.972528,0.3516
1706000,7327.618230,1250,66,0.917971,0.3047
1708000,7350.955436,1247,60,0.899585,0.2031
1710000,7298.777063,1233,72,0.942796,0.3828
1712000,7366.680854,1235,68,0.945493,0.2812
1714000,7517.033820,1211,71,0.947396,0.3047
1716000,7059.933907,1227,61,0.933798,0.3203
1718000,7518.097676,1238,60,0.983999,0.3203
1720000,7620.513350,1241,55,0.984198,0.2656
1722000,7531.834287,1231,66,0.977026,0.2500
1724000,7756.391595,1230,67,0.985129,0.3047
1726000,7300.067456,1245,63,0.940452,0.2891
1728000,7354.610559,1244,65,0.933741,0.2812
1730000,7390.571574,1233,69,0.959698,0.3125
1732000,7502.572782,1218,68,0.957429,0.2734
1734000,7477.152607,1223,72,0.948530,0.3359
1736000,7526.000423,1235,67,0.973848,0.3047
1738000,7526.112702,1243,73,0.972283,0.2578
1740000,7560.278639,1216,74,0.977813,0.2500
1742000,7406.592508,1230,74,0.978794,0.3672
1744000,7345.416940,1247,67,0.979198,0.2656
1746000,7457.919992,1250,72,0.964182,0.3125
1748000,7560.391367,1254,60,0.981260,0.3203
1750000,7374.637915,1260,57,0.965472,0.2891
1752000,7562.403864,1235,66,0.976177,0.2969
1754000,7407.089132,1232,73,0.955904,0.3594
1756000,7480.823552,1249,66,0.966433,0.2578
1758000,7460.265775,1230,82,0.938809,0.2969
1760000,7674.886195,1203,79,0.963757,0.2422
1762000,8038.472472,1223,66,0.987428,0.2344
1764000,8060.083911,1234,59,0.984581,0.2656
1766000,8204.827720,1211,61,0.988665,0.3750
1768000,7631.780231,1219,70,0.971753,0.3516
1770000,7601.628638,1203,72,0.972261,0.2734
1772000,7881.121719,1204,85,0.976009,0.3828
1774000,7990.111640,1200,92,0.972366,0.3438
1776000,7784.247859,1212,67,0.908606,0.2734
1778000,7620.343363,1237,60,0.958370,0.2422
1780000,7338.028487,1232,56,0.958362,0.2500
1782000,7475.106540,1217,70,0.972467,0.4141
1784000,7375.514796,1214,65,0.971623,0.2891
1786000,7445.553355,1229,77,0.967474,0.2734
1788000,7670.449435,1251,64,0.982062,0.2969
1790000,7854.230806,1240,70,0.983155,0.3516
1792000,7525.685235,1254,67,0.966620,0.2812
1794000,7582.243255,1230,81,0.964619,0.2812
1796000,7860.943640,1230,81,0.966140,0.2578
1798000,7641.953150,1237,57,0.951788,0.2812
1800000,7765.364318,1229,61,0.941682,0.3125
1802000,7721.228011,1240,55,0.895712,0.3281
1804000,8155.383219,1225,67,0.940934,0.2734
1806000,8120.223759,1229,76,0.945200,0.2656
1808000,8258.779195,1251,66,0.953110,0.2734
1810000,8329.467084,1237,65,0.947497,0.2891
1812000,8468.990771,1245,62,0.970261,0.2422
1814000,8570.381606,1205,85,0.983873,0.2656
1816000,8391.670678,1226,78,0.966043,0.2266
1818000,8567.832620,1239,69,0.982975,0.2422
1820000,8241.957707,1239,67,0.976801,0.2500
1822000,7699.404903,1225,72,0.958811,0.2266
1824000,7987.014955,1211,69,0.977211,0.2734
1826000,8033.244096,1213,81,0.972221,0.2344
1828000,8576.088003,1233,74,0.977660,0.2109
1830000,8739.949495,1232,66,0.978161,0.2422
1832000,8675.724919,1234,55,0.978892,0.2578
1834000,8787.951110,1225,67,0.978610,0.2344
1836000,9019.112214,1241,60,0.985582,0.2656
1838000,9039.749595,1243,56,0.969976,0.2578
1840000,8829.686000,1233,56,0.981731,0.2422
1842000,8623.386715,1241,52,0.937992,0.3047
1844000,8419.352792,1232,62,0.937833,0.3047
1846000,8711.704464,1238,53,0.939332,0.2578
1848000,9109.616747,1238,62,0.987662,0.2422
1850000,8791.068939,1232,77,0.980766,0.3438
1852000,8713.262455,1236,72,0.985630,0.3438
1854000,7638.016542,1266,66,0.906110,0.1797
1856000,7848.570383,1264,57,0.925923,0.3203
1858000,8096.915606,1262,55,0.932622,0.2656
1860000,8023.852784,1244,58,0.926530,0.1953
1862000,7782.090275,1230,59,0.941666,0.2578
1864000,7494.464151,1219,68,0.884815,0.2656
1866000,7897.046038,1205,76,0.954708,0.2969
1868000,7960.914732,1198,74,0.968754,0.2891
1870000,7974.636894,1219,73,0.978560,0.3047
1872000,7723.165548,1216,76,0.967499,0.3047
1874000,7599.715483,1227,67,0.954007,0.2656
1876000,7832.484286,1253,69,0.955675,0.2109
1878000,7728.565478,1251,70,0.958588,0.3594
1880000,7794.388876,1247,61,0.982414,0.2500
1882000,7979.956663,1234,80,0.963859,0.2578
1884000,7926.116758,1237,71,0.960001,0.2500
1886000,8233.471627,1226,68,0.978643,0.2344
1888000,8227.196167,1230,60,0.971392,0.1797
1890000,8140.148332,1224,69,0.983915,0.2266
1892000,7898.723635,1247,63,0.969294,0.2891
1894000,7880.831571,1237,52,0.971356,0.2656
1896000,7703.881623,1204,83,0.968851,0.3750
1898000,8124.457375,1185,93,0.972568,0.3906
1900000,8049.908467,1206,94,0.978101,0.3047
1902000,8119.416199,1199,85,0.982798,0.2734
1904000,8172.595128,1221,67,0.982339,0.3203
1906000,8151.621027,1236,65,0.976298,0.3281
1908000,8115.306487,1241,72,0.977276,0.3438
1910000,8324.474124,1220,74,0.975327,0.2734
1912000,7269.227734,1225,71,0.916849,0.2500
1914000,7386.689526,1226,71,0.952224,0.3047
1916000,8547.722958,1229,62,0.957126,0.3281
1918000,8611.868195,1227,63,0.981337,0.2188
1920000,8521.791984,1230,57,0.983299,0.2031
1922000,8364.981534,1227,67,0.947394,0.1875
1924000,8002.491791,1226,63,0.962157,0.2891
1926000,7882.644940,1204,77,0.965647,0.3359
1928000,8010.067619,1209,79,0.963027,0.2891
1930000,7743.806774,1203,84,0.952016,0.2812
1932000,7574.268160,1208,78,0.962248,0.3047
1934000,7849.187214,1224,68,0.979778,0.3203
1936000,8016.381328,1226,78,0.980925,0.3281
1938000,7829.685088,1233,73,0.960163,0.2578
1940000,7788.604191,1224,65,0.947670,0.3359
1942000,7769.880035,1227,64,0.947159,0.3750
1944000,7686.803804,1217,79,0.974760,0.2578
1946000,7572.134128,1232,69,0.972230,0.2578
1948000,7716.659251,1211,73,0.962003,0.3125
1950000,7534.025203,1229,73,0.960642,0.2734
1952000,7548.337694,1220,71,0.981681,0.2422
1954000,7418.670926,1230,66,0.969680,0.2969
1956000,7656.281734,1243,76,0.963529,0.3047
1958000,7567.861614,1250,67,0.968848,0.2734
1960000,7884.394590,1272,51,0.952966,0.2109
1962000,8068.753080,1286,49,0.957131,0.1875
1964000,7807.241820,1263,60,0.965583,0.2578
1966000,8030.930126,1258,65,0.968180,0.2969
1968000,7473.170508,1268,61,0.954861,0.2734
1970000,7968.664172,1219,72,0.964917,0.2734
1972000,8150.743340,1220,86,0.981840,0.2969
1974000,8158.405503,1232,63,0.984032,0.2891
1976000,8421.369055,1240,75,0.983283,0.2734
1978000,8216.258279,1253,63,0.982736,0.2578
1980000,8200.364615,1227,71,0.986940,0.3047
1982000,8398.837363,1225,68,0.985363,0.2969
1984000,8106.364523,1232,68,0.983530,0.2656
1986000,7936.786515,1217,63,0.975896,0.2422
1988000,7841.707286,1215,67,0.974525,0.3047
1990000,7861.406243,1215,67,0.963873,0.3281
1992000,7890.977740,1225,69,0.947720,0.2656
1994000,8345.161470,1229,70,0.983443,0.2344
1996000,8446.347159,1252,60,0.981295,0.2266
1998000,8295.099519,1233,73,0.987026,0.2188
2000000,8333.597387,1219,81,0.987052,0.2422
2002000,8455.508355,1228,69,0.987440,0.2578
2004000,8186.661830,1221,60,0.969289,0.2422
2006000,7590.514470,1226,63,0.923869,0.2578
2008000,7579.156579,1229,64,0.903299,0.2812
2010000,7816.724511,1220,60,0.982320,0.3047
2012000,7600.547558,1235,65,0.981052,0.2578
2014000,7563.573110,1241,66,0.981826,0.2734
2016000,7393.343592,1213,81,0.982548,0.3281
2018000,7436.335526,1225,70,0.983459,0.2266
2020000,7322.044987,1217,71,0.981501,0.3359
2022000,7296.371015,1215,73,0.979827,0.2891
2024000,7550.428099,1201,72,0.979885,0.3125
2026000,7723.740675,1219,71,0.971934,0.2500
2028000,7840.222716,1217,69,0.966410,0.2188
2030000,7691.038152,1236,63,0.975480,0.2266
2032000,7660.984595,1242,65,0.961839,0.2656
2034000,7601.656278,1243,59,0.949036,0.3281
2036000,7773.914931,1229,58,0.908509,0.2422
2038000,8054.202206,1229,65,0.944897,0.2734
2040000,8019.795515,1224,66,0.973911,0.2656
2042000,7710.742195,1250,62,0.968308,0.3047
2044000,7767.073630,1254,64,0.970180,0.2422
2046000,8005.268459,1247,62,0.965929,0.2344
2048000,7809.870299,1253,68,0.957190,0.2422
2050000,7828.985102,1239,72,0.967380,0.2500
2052000,8647.597198,1244,68,0.983087,0.2734
2054000,8588.150870,1234,63,0.982565,0.2734
2056000,8550.694307,1233,61,0.982924,0.2422
2058000,8503.011519,1200,76,0.983201,0.2734
2060000,8649.665862,1190,73,0.984319,0.2500
2062000,8296.670526,1203,71,0.978625,0.2656
2064000,8427.440230,1197,78,0.980149,0.3203
2066000,8504.958430,1214,73,0.981722,0.2422
2068000,8436.014670,1199,79,0.981081,0.2734
2070000,8225.308016,1200,72,0.965170,0.3047
2072000,8326.423288,1201,73,0.980935,0.3438
2074000,8018.610492,1213,80,0.884069,0.2500
2076000,8658.663275,1228,61,0.986420,0.2812
2078000,8600.038670,1235,53,0.981421,0.3203
2080000,8457.939895,1213,74,0.973643,0.2734
2082000,8703.553763,1197,83,0.978974,0.3203
2084000,8710.959720,1213,74,0.983709,0.2812
2086000,8558.628188,1216,76,0.983023,0.3203
2088000,8747.886299,1228,69,0.987014,0.2812
2090000,8715.448670,1238,75,0.987334,0.2734
2092000,7937.096195,1215,68,0.944670,0.2734
2094000,8526.987366,1229,63,0.981007,0.2734
2096000,8531.004470,1203,79,0.981447,0.2188
2098000,8109.196375,1222,65,0.975381,0.2422
2100000,7997.254415,1240,56,0.973585,0.2969
2102000,8057.505950,1234,61,0.973745,0.1797
2104000,7875.908971,1234,55,0.973107,0.3125
2106000,8012.847854,1231,61,0.973367,0.2344
2108000,8168.011927,1244,64,0.975683,0.3203
2110000,8201.394920,1253,53,0.970373,0.3516
2112000,8107.923468,1258,55,0.961665,0.2891
2114000,7904.606579,1220,81,0.960690,0.3438
2116000,7338.748312,1201,76,0.947733,0.2109
2118000,7263.521055,1187,80,0.947584,0.2500
2120000,7330.525447,1203,71,0.949831,0.2812
2122000,7764.928652,1210,76,0.956798,0.2891
2124000,7370.486126,1230,63,0.910995,0.2969
2126000,7205.261955,1227,61,0.908023,0.2578
2128000,7540.506070,1241,60,0.946449,0.2188
2130000,7460.302415,1240,57,0.945962,0.3047
2132000,7371.558575,1246,64,0.943060,0.2656
2134000,7356.561276,1257,63,0.928286,0.2578
2136000,7478.192975,1275,57,0.913643,0.3047
2138000,8081.820335,1257,70,0.965311,0.2109
2140000,8099.479100,1263,73,0.968275,0.1719
2142000,8032.382550,1251,70,0.968472,0.2969
2144000,7888.847231,1235,72,0.967377,0.2578
2146000,7775.264488,1254,70,0.966996,0.3047
2148000,8031.773527,1245,75,0.964450,0.2812
2150000,8046.117920,1236,65,0.967959,0.3203
2152000,7962.722646,1220,69,0.981719,0.2969
2154000,8023.959515,1218,79,0.983163,0.2891
2156000,8293.865470,1202,80,0.987636,0.2891
2158000,8108.602734,1231,66,0.987094,0.2734
2160000,7496.448111,1260,62,0.952928,0.2891
2162000,7934.767311,1254,63,0.967499,0.2578
2164000,8300.981596,1274,60,0.978956,0.1797
2166000,8216.885472,1249,63,0.972067,0.2500
2168000,8343.821558,1267,58,0.971302,0.2266
2170000,8378.310022,1257,64,0.971363,0.2734
2172000,8280.256332,1241,55,0.896945,0.2109
2174000,8902.573975,1249,69,0.973436,0.2656
2176000,8262.430155,1248,61,0.911561,0.2891
2178000,8362.018815,1233,73,0.949299,0.2109
2180000,8069.739211,1226,64,0.965071,0.2109
2182000,8419.893214,1216,78,0.956344,0.3125
2184000,8442.406320,1212,84,0.946830,0.3203
2186000,8129.144780,1228,69,0.873105,0.3438
2188000,7460.430556,1235,74,0.920945,0.3359
2190000,7624.248038,1251,65,0.922788,0.2734
2192000,7729.198707,1244,66,0.931760,0.2578
2194000,7565.080043,1219,80,0.952308,0.3047
2196000,7382.386683,1204,88,0.950880,0.3438
2198000,7690.946083,1219,75,0.966889,0.2344
2200000,7888.851199,1226,64,0.915408,0.2734
2202000,8151.816284,1214,76,0.958952,0.2734
2204000,7732.874431,1212,75,0.957910,0.2891
2206000,7619.586400,1232,61,0.944226,0.2734
2208000,7495.074715,1249,59,0.945289,0.3516
2210000,7510.744779,1239,54,0.947830,0.2578
2212000,7274.154638,1248,51,0.919228,0.1875
2214000,7083.492480,1219,79,0.936320,0.3672
2216000,7059.807187,1218,70,0.940010,0.2812
2218000,7092.152455,1206,91,0.946503,0.2969
2220000,7186.900951,1197,78,0.944943,0.2422
2222000,7264.665075,1212,69,0.927294,0.2969
2224000,7034.993870,1189,77,0.870064,0.3203
2226000,7293.701996,1230,69,0.946078,0.2578
2228000,7206.610195,1237,59,0.944299,0.2422
2230000,7499.181087,1208,67,0.968753,0.2891
2232000,7694.165328,1198,69,0.966858,0.3047
2234000,7205.113619,1201,67,0.912899,0.2812
2236000,7564.634790,1201,67,0.969245,0.2812
2238000,7676.144060,1190,77,0.966239,0.3750
2240000,7711.408176,1205,82,0.959604,0.2969
2242000,7771.159550,1183,79,0.958541,0.3203
2244000,7697.584631,1181,82,0.957645,0.2734
2246000,7592.273110,1189,69,0.969395,0.2656
2248000,7543.664792,1197,72,0.959693,0.2969
2250000,7350.711008,1240,56,0.965955,0.2578
2252000,7742.308215,1228,68,0.911728,0.3281
2254000,7679.374174,1259,54,0.953763,0.3281
2256000,7373.573004,1269,47,0.873485,0.3203
2258000,7332.748519,1251,55,0.943294,0.2656
2260000,7130.505215,1233,76,0.931070,0.3125
2262000,6765.531382,1233,54,0.895772,0.2500
2264000,6407.613212,1229,78,0.924897,0.3672
2266000,6525.732462,1248,62,0.936185,0.3047
2268000,6514.719515,1267,57,0.940566,0.2578
2270000,6473.028863,1245,63,0.938404,0.3984
2272000,6523.588707,1248,49,0.933316,0.3047
2274000,6363.512822,1253,61,0.929800,0.3125
2276000,6542.071895,1223,61,0.921424,0.3203
2278000,6591.812735,1216,68,0.923419,0.2656
2280000,6647.109415,1203,83,0.932442,0.2969
2282000,6728.972750,1195,70,0.935792,0.2812
2284000,6934.848156,1215,68,0.897914,0.2891
2286000,7248.518375,1229,63,0.904380,0.2812
2288000,7213.787852,1223,68,0.901706,0.2891
2290000,7285.573579,1210,85,0.902438,0.2734
2292000,7313.475366,1228,73,0.962762,0.2891
2294000,7095.391720,1211,85,0.971136,0.2578
2296000,7430.336843,1214,77,0.975865,0.2578
2298000,7558.742304,1233,61,0.972668,0.3125
2300000,7404.479479,1215,70,0.976105,0.3125
2302000,7343.298935,1226,62,0.973820,0.2109
2304000,7160.709563,1221,75,0.958722,0.2812
2306000,7149.784396,1214,72,0.969274,0.3125
2308000,6614.331020,1221,77,0.880193,0.3281
2310000,7442.302955,1238,67,0.958930,0.2656
2312000,7578.443547,1250,50,0.968805,0.2344
2314000,7431.799356,1228,62,0.967738,0.2578
2316000,7324.465775,1216,61,0.958792,0.2188
2318000,7105.204247,1218,66,0.857161,0.2188
2320000,7087.391743,1251,56,0.962590,0.2656
2322000,7327.884839,1258,62,0.969171,0.3281
2324000,7090.568620,1262,54,0.954717,0.2500
2326000,7371.641927,1239,71,0.962891,0.3047
2328000,7482.748956,1232,67,0.914206,0.3047
2330000,7411.833619,1237,68,0.910869,0.2422
2332000,7393.482142,1223,78,0.948502,0.2656
2334000,7955.959475,1233,84,0.962500,0.3203
2336000,7983.190678,1217,72,0.964355,0.3203
2338000,6899.390975,1227,60,0.892943,0.3438
2340000,7020.523710,1209,71,0.929878,0.3438
2342000,7206.646127,1220,73,0.949536,0.2969
2344000,7178.475503,1228,67,0.945744,0.2734
2346000,7110.778695,1240,58,0.945751,0.2656
2348000,6997.523676,1235,60,0.940516,0.2656
2350000,7043.120620,1253,54,0.941098,0.2266
2352000,6549.834700,1250,73,0.912182,0.2734
2354000,7021.746742,1230,71,0.948238,0.2266
2356000,7052.289404,1252,58,0.952370,0.3047
2358000,7009.151100,1230,64,0.963690,0.2578
2360000,7062.027639,1239,66,0.964953,0.2969
2362000,6950.615571,1229,64,0.966527,0.2578
2364000,6649.586455,1252,56,0.899047,0.2578
2366000,6947.758390,1263,66,0.963620,0.3203
2368000,7008.488467,1226,67,0.965305,0.3203
2370000,6993.847691,1242,64,0.964749,0.2656
2372000,6678.987500,1264,52,0.937470,0.2266
2374000,6572.966334,1254,72,0.936300,0.2422
2376000,6346.203887,1230,70,0.864143,0.2812
2378000,6505.586515,1259,55,0.922902,0.2188
2380000,6319.677304,1244,55,0.904208,0.3125
2382000,5884.104983,1224,70,0.902655,0.2969
2384000,6199.289580,1210,80,0.935270,0.3281
2386000,6151.676747,1192,77,0.884964,0.3047
2388000,6399.089319,1193,78,0.942086,0.2734
2390000,6516.218988,1199,87,0.955867,0.3125
2392000,6225.870223,1211,71,0.918941,0.2969
2394000,6479.566275,1209,76,0.935751,0.3047
2396000,6539.923795,1196,79,0.938583,0.3281
2398000,6158.994232,1206,86,0.951085,0.2188
2400000,6269.920595,1223,56,0.953174,0.2734
2402000,6302.459395,1229,67,0.948318,0.3047
2404000,6511.858598,1206,75,0.956481,0.2812
2406000,6579.904735,1213,78,0.956571,0.3672
2408000,6393.531710,1196,72,0.918393,0.2734
2410000,6613.026316,1203,69,0.912180,0.3125
2412000,6985.632207,1205,73,0.927184,0.3125
2414000,6399.213795,1185,87,0.846456,0.3281
2416000,5993.593630,1213,81,0.905838,0.2891
2418000,5968.893372,1227,64,0.851742,0.3203
2420000,6542.458368,1252,59,0.939124,0.2812
2422000,6029.205996,1230,64,0.903745,0.3594
2424000,6230.010048,1229,69,0.948945,0.3438
2426000,6220.370451,1209,85,0.950286,0.3047
2428000,5822.114470,1211,82,0.948097,0.2734
2430000,6093.237294,1226,55,0.978992,0.3203
2432000,6184.277590,1231,65,0.966641,0.2500
2434000,6246.753100,1230,68,0.980481,0.2578
2436000,6285.636268,1234,59,0.976478,0.3203
2438000,6136.708155,1254,49,0.975892,0.2344
2440000,6158.250615,1210,79,0.981426,0.2344
2442000,6163.443859,1247,53,0.982247,0.2578
2444000,6278.818632,1244,68,0.983199,0.2578
2446000,6298.521207,1232,64,0.981370,0.3047
2448000,6307.675406,1248,67,0.979614,0.2422
2450000,6211.853931,1250,60,0.977058,0.2578
2452000,6147.730646,1261,57,0.936318,0.2422
2454000,6316.648350,1254,53,0.963900,0.2734
2456000,6725.146151,1238,65,0.977423,0.2578
2458000,6494.906215,1234,66,0.976518,0.2344
2460000,6422.922700,1234,58,0.968313,0.2969
2462000,5624.172735,1229,62,0.863713,0.2891
2464000,5776.268176,1218,63,0.928566,0.2500
2466000,5733.277222,1244,72,0.910735,0.3125
2468000,5720.668704,1254,56,0.910577,0.2812
2470000,6062.070856,1245,51,0.883378,0.2812
2472000,6216.309158,1229,60,0.959647,0.2969
2474000,5874.441383,1210,71,0.843757,0.3047
2476000,6428.396726,1177,77,0.966846,0.3203
2478000,6231.857191,1208,67,0.959655,0.2734
2480000,6055.987846,1225,66,0.944975,0.2969
2482000,6413.197027,1231,77,0.969041,0.3281
2484000,6143.902782,1216,66,0.940688,0.2422
2486000,5965.598287,1228,65,0.916466,0.3203
2488000,5880.873398,1219,65,0.937280,0.2891
2490000,6373.814120,1228,68,0.954222,0.3047
2492000,6508.003944,1221,70,0.948832,0.2734
2494000,6826.956864,1226,64,0.977180,0.3125
2496000,6033.571296,1221,66,0.868383,0.2344
2498000,6126.605487,1218,71,0.872070,0.2734
2500000,6022.278092,1234,67,0.877136,0.3047
2502000,6128.241375,1216,69,0.962362,0.2969
2504000,6012.082262,1181,95,0.937870,0.3906
2506000,6061.357311,1210,75,0.926747,0.2500
2508000,6440.523430,1199,85,0.957643,0.2422
2510000,6703.653390,1210,63,0.974842,0.2656
2512000,6662.577735,1225,58,0.887820,0.3203
2514000,6683.413695,1242,62,0.953311,0.2578
2516000,6617.469286,1230,65,0.951909,0.2109
2518000,6274.300268,1228,59,0.939670,0.2656
2520000,6429.750019,1207,71,0.940304,0.2109
2522000,6465.024662,1214,73,0.974085,0.3203
2524000,6393.880535,1219,80,0.975886,0.2109
2526000,6430.907916,1210,73,0.976196,0.3281
2528000,6475.325211,1217,79,0.967321,0.2422
2530000,6433.680086,1202,79,0.906650,0.3438
2532000,6576.451287,1203,82,0.901818,0.2734
2534000,6555.742720,1198,80,0.937648,0.2578
2536000,6516.973862,1200,67,0.948749,0.2656
2538000,6261.274736,1214,70,0.915108,0.3672
2540000,6581.980875,1216,75,0.953406,0.2969
2542000,6658.458412,1211,78,0.978738,0.3281
2544000,6611.428552,1220,73,0.975577,0.2500
2546000,6660.883598,1223,68,0.956441,0.2109
2548000,6677.267984,1231,72,0.970271,0.2891
2550000,6819.280542,1228,73,0.958889,0.2734
2552000,6905.110355,1227,73,0.950843,0.2891
2554000,6711.338200,1223,70,0.933443,0.3281
2556000,6542.954571,1218,84,0.932216,0.2578
2558000,6372.207923,1244,66,0.942182,0.2812
2560000,6418.413230,1212,63,0.946139,0.2812
2562000,6395.336627,1217,62,0.953241,0.3281
2564000,6087.762720,1221,68,0.962190,0.2734
2566000,6097.385568,1234,61,0.927536,0.2656
2568000,6429.435135,1226,63,0.941466,0.2891
2570000,6330.716779,1220,62,0.927306,0.2969
2572000,6297.731171,1235,67,0.927802,0.2812
2574000,6311.284651,1207,70,0.954988,0.3203
2576000,6432.424427,1202,77,0.906908,0.1953
2578000,6548.033947,1188,86,0.947130,0.2188
2580000,6174.022363,1196,73,0.911130,0.3125
2582000,6413.165539,1198,84,0.936202,0.3672
2584000,6581.907894,1209,77,0.948818,0.2344
2586000,6443.501670,1218,76,0.933674,0.2500
2588000,6306.233647,1220,78,0.936646,0.2266
2590000,6149.184358,1218,70,0.961455,0.2734
2592000,6109.205656,1203,78,0.949765,0.2891
2594000,6092.167286,1186,67,0.950528,0.2656
2596000,6566.379543,1210,73,0.917225,0.3047
2598000,6459.810763,1178,78,0.926257,0.2891
2600000,6519.166680,1212,77,0.927619,0.3203
2602000,6714.818575,1190,82,0.931087,0.3281
2604000,7038.572571,1198,70,0.958912,0.3125
2606000,6914.497263,1200,64,0.944335,0.3203
2608000,7309.708835,1189,79,0.968445,0.3125
2610000,7391.561399,1201,73,0.959625,0.2812
2612000,7339.379136,1206,78,0.965376,0.3281
2614000,7239.523942,1202,80,0.964180,0.2109
2616000,7130.707279,1221,64,0.966628,0.3359
2618000,7067.975835,1222,68,0.966633,0.2969
2620000,6911.539783,1212,77,0.976660,0.2578
2622000,6790.923955,1246,62,0.941350,0.2812
2624000,6896.028332,1219,74,0.942496,0.2891
2626000,6157.366155,1214,76,0.957370,0.2891
2628000,6102.899411,1229,64,0.959454,0.2422
2630000,6025.428439,1233,56,0.959511,0.2422
2632000,5953.922995,1231,55,0.948891,0.2188
2634000,6231.828942,1227,55,0.955855,0.2344
2636000,6231.823895,1215,73,0.955671,0.3125
2638000,5753.199459,1213,72,0.894758,0.2734
2640000,5816.383075,1231,74,0.908399,0.2891
2642000,5816.970888,1219,68,0.897562,0.2891
2644000,6099.149278,1211,66,0.936480,0.3047
2646000,6225.177011,1243,64,0.931151,0.2578
2648000,6963.867715,1201,68,0.979421,0.2969
2650000,7086.123543,1199,60,0.978980,0.2656
2652000,6437.355910,1194,71,0.962031,0.2734
2654000,6559.630350,1210,72,0.965164,0.2422
2656000,6289.574246,1218,69,0.970148,0.2812
2658000,6162.313159,1190,79,0.976967,0.3203
2660000,6092.341299,1203,74,0.952639,0.3203
2662000,6061.088860,1222,69,0.974285,0.3359
2664000,6212.498067,1220,78,0.959637,0.2422
2666000,6190.533523,1206,82,0.974960,0.2812
2668000,6268.954478,1206,88,0.979041,0.2969
2670000,6330.844350,1217,76,0.980654,0.3047
2672000,6147.095494,1223,63,0.967703,0.2578
2674000,6361.868735,1204,84,0.973274,0.3359
2676000,6226.997667,1196,83,0.963626,0.2500
2678000,5586.008115,1208,82,0.929145,0.2578
2680000,5840.594000,1204,72,0.939586,0.3125
2682000,5681.709660,1222,79,0.938866,0.3516
2684000,5702.053254,1211,78,0.926085,0.3438
2686000,5908.987840,1222,67,0.941486,0.3281
2688000,5990.797628,1230,68,0.958424,0.3438
2690000,6030.783415,1227,60,0.956739,0.2578
2692000,6099.106400,1232,66,0.953678,0.2812
2694000,6100.375771,1221,69,0.948774,0.2969
2696000,6177.564544,1219,69,0.936416,0.2500
2698000,6308.597580,1206,62,0.924403,0.2578
2700000,6205.878095,1194,77,0.954225,0.3047
2702000,5990.926844,1180,95,0.955045,0.3281
2704000,5988.442543,1218,69,0.948653,0.2734
2706000,5988.003854,1222,72,0.955110,0.3750
2708000,6268.219270,1223,70,0.952677,0.3047
2710000,6680.585895,1232,70,0.959778,0.3281
2712000,6370.115171,1240,59,0.937200,0.2500
2714000,6711.603375,1242,76,0.968886,0.3047
2716000,6220.027062,1240,71,0.959516,0.3359
2718000,5716.966382,1231,58,0.856495,0.3047
2720000,5855.469075,1219,69,0.945895,0.2734
2722000,5752.310223,1239,61,0.945486,0.2969
2724000,5772.115198,1224,76,0.929876,0.2812
2726000,5559.277551,1202,72,0.946346,0.3281
2728000,5884.175040,1201,77,0.921983,0.3672
2730000,5802.425260,1234,72,0.904337,0.2734
2732000,5872.681622,1225,72,0.937863,0.2578
2734000,5633.876726,1233,60,0.883687,0.2109
2736000,6108.829379,1251,54,0.936902,0.2891
2738000,5869.122643,1219,67,0.936414,0.2578
2740000,5623.782876,1196,91,0.856028,0.2578
2742000,5719.153467,1206,82,0.887370,0.3125
2744000,6106.980639,1214,64,0.934729,0.2734
2746000,6245.657127,1222,75,0.944362,0.2812
2748000,6473.631623,1221,70,0.940503,0.2109
2750000,6540.433820,1223,60,0.975506,0.2578
2752000,6262.427750,1231,65,0.940647,0.2266
2754000,6256.293047,1226,71,0.944511,0.2969
2756000,6098.721015,1211,67,0.943598,0.2891
2758000,6433.296163,1224,73,0.942551,0.3203
2760000,7132.847227,1230,66,0.976322,0.2500
2762000,7044.297390,1207,67,0.978311,0.2969
2764000,6982.474700,1219,76,0.978334,0.3672
2766000,6828.311644,1231,78,0.977740,0.2578
2768000,6807.759007,1234,71,0.977101,0.2422
2770000,6780.388295,1242,63,0.972489,0.2734
2772000,6852.898763,1242,64,0.972523,0.2734
2774000,6779.802955,1234,59,0.979643,0.3203
2776000,6814.893839,1226,74,0.980262,0.3125
2778000,6317.332563,1231,72,0.963646,0.3203
2780000,6504.446067,1230,68,0.979276,0.2734
2782000,6670.553974,1216,78,0.975000,0.2812
2784000,6747.921359,1223,62,0.967390,0.1875
2786000,6693.400467,1235,64,0.968168,0.2734
2788000,6821.842827,1208,72,0.977251,0.2344
2790000,6599.839039,1210,78,0.959224,0.3594
2792000,6614.247175,1206,77,0.964071,0.2656
2794000,6631.369840,1208,71,0.952439,0.3984
2796000,6805.046934,1206,79,0.966581,0.2812
2798000,6839.135951,1208,62,0.970025,0.2344
2800000,6292.354764,1210,71,0.830873,0.2578
2802000,6095.816240,1218,69,0.856350,0.3047
2804000,5863.934942,1217,68,0.888070,0.2656
2806000,5699.117583,1206,72,0.824043,0.2812
2808000,5668.066975,1219,64,0.830824,0.3125
2810000,5988.199486,1222,71,0.872070,0.3516
2812000,6322.028600,1204,71,0.864723,0.2578
2814000,6347.224924,1217,65,0.872600,0.2500
2816000,6408.975148,1225,64,0.792220,0.2266
2818000,6169.213244,1247,62,0.764194,0.2344
2820000,6153.734203,1237,68,0.814688,0.2500
2822000,6044.706220,1230,78,0.812085,0.3047
2824000,6063.835574,1238,65,0.909529,0.2734
2826000,6218.070572,1227,68,0.922285,0.2422
2828000,7593.770315,1227,74,0.984105,0.2500
2830000,7584.316924,1238,58,0.974229,0.2422
2832000,7360.155820,1231,70,0.982106,0.3516
2834000,7684.537336,1220,75,0.981293,0.3828
2836000,7606.992367,1215,75,0.981520,0.2500
2838000,7422.262224,1207,84,0.986778,0.3672
2840000,7404.771755,1228,61,0.984952,0.3047
2842000,7352.623607,1232,52,0.982953,0.2109
2844000,7201.340104,1210,66,0.981449,0.2812
2846000,6936.051179,1213,62,0.979307,0.2422
2848000,7394.795475,1239,70,0.975741,0.2734
2850000,7000.570070,1227,77,0.977766,0.3281
2852000,7071.595071,1249,70,0.971444,0.3672
2854000,7088.831227,1241,62,0.958546,0.3203
2856000,7184.161534,1225,72,0.974888,0.2656
2858000,7253.125966,1226,81,0.976932,0.3047
2860000,7423.921878,1215,73,0.974876,0.2656
2862000,7430.413724,1231,65,0.974927,0.3672
2864000,7219.681900,1234,70,0.972076,0.3047
2866000,7417.899435,1237,67,0.977164,0.2578
2868000,7330.563678,1228,74,0.968825,0.2969
2870000,7251.565084,1221,66,0.969287,0.2812
2872000,7446.819839,1220,73,0.978393,0.2656
2874000,7536.111615,1224,74,0.950354,0.3438
2876000,7767.456823,1210,73,0.985627,0.2812
2878000,7760.892075,1230,64,0.984276,0.3047
2880000,7542.854415,1237,65,0.970228,0.2578
2882000,7507.803023,1210,72,0.958816,0.3047
2884000,7614.055102,1198,68,0.958733,0.3047
2886000,7739.562846,1202,61,0.969036,0.3359
2888000,7772.439280,1222,60,0.973216,0.3281
2890000,7769.843915,1222,70,0.973927,0.2891
2892000,7903.273835,1253,59,0.974998,0.2500
2894000,7889.856835,1268,66,0.955251,0.2422
2896000,8304.499510,1254,55,0.971201,0.2344
2898000,8615.287932,1255,65,0.978018,0.2656
2900000,8513.622807,1259,58,0.982244,0.2734
2902000,8460.193751,1219,66,0.975001,0.2422
2904000,8474.685795,1212,68,0.975248,0.2812
2906000,8609.730783,1197,71,0.976692,0.2891
2908000,8605.356383,1211,76,0.979685,0.3750
2910000,8522.393615,1222,77,0.978849,0.2891
2912000,8309.429827,1202,81,0.977236,0.3594
2914000,8234.724972,1214,82,0.971199,0.3047
2916000,8318.671123,1201,68,0.979894,0.3359
2918000,8152.956311,1224,71,0.985399,0.3516
2920000,8019.621910,1224,76,0.964485,0.2891
2922000,8080.843931,1214,77,0.977691,0.2500
2924000,8019.549303,1232,62,0.964805,0.2109
2926000,7945.285692,1214,72,0.964362,0.3281
2928000,7884.580310,1211,79,0.970217,0.3516
2930000,8214.171675,1225,79,0.982710,0.3359
2932000,8115.800223,1202,81,0.979884,0.2969
2934000,8040.431195,1215,77,0.980654,0.3281
2936000,8335.100846,1228,60,0.980896,0.2734
2938000,8313.577110,1250,53,0.979609,0.2891
2940000,8047.570540,1264,53,0.965012,0.2422
2942000,8249.115830,1240,60,0.983852,0.2031
2944000,7909.948067,1236,67,0.939985,0.3047
2946000,7997.246534,1221,71,0.976953,0.2422
2948000,7930.644655,1221,60,0.979363,0.2500
2950000,8031.994675,1239,62,0.963867,0.2578
2952000,7985.782827,1221,70,0.970158,0.2500
2954000,7711.358399,1232,63,0.967064,0.3359
2956000,7915.386990,1233,60,0.979509,0.2422
2958000,7857.228574,1243,62,0.979381,0.2812
2960000,7850.965835,1254,55,0.966184,0.3359
2962000,7993.194684,1238,63,0.962296,0.2500
2964000,7946.088926,1232,63,0.952301,0.2812
2966000,7862.910939,1236,57,0.965761,0.2578
2968000,7856.455500,1240,52,0.960694,0.2656
2970000,7213.108144,1258,61,0.896266,0.2891
2972000,7426.444815,1246,65,0.967086,0.3125
2974000,6822.399003,1244,55,0.953286,0.2422
2976000,6602.082775,1211,56,0.922762,0.2266
2978000,6555.042300,1229,52,0.969522,0.2422
2980000,6580.974982,1242,55,0.895025,0.3047
2982000,6464.488387,1244,60,0.944171,0.2578
2984000,6051.251003,1231,68,0.925065,0.3203
2986000,6512.416475,1253,50,0.895434,0.2344
2988000,6347.384230,1237,67,0.893129,0.2734
2990000,6848.744147,1229,63,0.949847,0.2891
2992000,6699.784782,1238,65,0.888360,0.2891
2994000,6361.581244,1249,57,0.941417,0.3047
2996000,6342.583723,1232,68,0.930182,0.2578
2998000,6511.622867,1229,70,0.918243,0.2422
3000000,6198.337239,1238,64,0.959262,0.2969
3002000,6494.360387,1232,67,0.974569,0.1719
3004000,6831.616686,1246,63,0.972903,0.2812
3006000,7044.666598,1259,55,0.972822,0.2812
3008000,7162.587799,1251,57,0.966232,0.2500
3010000,7137.904790,1247,60,0.966585,0.2188
3012000,7106.573375,1258,49,0.967486,0.2109
3014000,7114.186495,1233,57,0.930497,0.3047
3016000,7028.985704,1246,63,0.941470,0.2266
3018000,7461.037199,1240,60,0.941382,0.2031
3020000,7789.453715,1246,59,0.969631,0.2969
3022000,7877.163190,1243,60,0.970858,0.2578
3024000,7690.949407,1250,55,0.945862,0.2656
3026000,7751.105190,1233,66,0.953221,0.2500
3028000,7788.119680,1242,59,0.927890,0.2656
3030000,7631.416887,1204,76,0.911409,0.2578
3032000,7696.965784,1244,61,0.905494,0.2969
3034000,7768.201855,1236,61,0.903192,0.2656
3036000,7983.371744,1232,63,0.917800,0.2422
3038000,8269.368095,1208,74,0.952777,0.2578
3040000,8253.215455,1230,54,0.948643,0.2812
3042000,8326.580142,1207,75,0.950252,0.3125
3044000,8623.718470,1198,74,0.979463,0.3359
3046000,8686.753742,1195,78,0.983414,0.2734
3048000,8634.760246,1209,76,0.988526,0.2188
3050000,8365.194060,1202,86,0.988357,0.3516
3052000,8019.630435,1183,89,0.970534,0.2422
3054000,8027.617926,1199,81,0.970528,0.2891
3056000,8111.676027,1212,65,0.972299,0.2734
3058000,7308.313832,1210,73,0.916599,0.3047
3060000,7294.347480,1219,77,0.884872,0.2109
3062000,7454.426124,1233,78,0.938575,0.2656
3064000,7960.341502,1235,70,0.960066,0.2656
3066000,8238.801299,1207,88,0.943849,0.2969
3068000,8234.905335,1223,78,0.907203,0.2969
3070000,8210.717350,1210,66,0.979039,0.2812
3072000,8258.473260,1233,67,0.973489,0.2500
3074000,8516.037283,1225,66,0.971193,0.3750
3076000,8217.010387,1222,67,0.977416,0.3047
3078000,8295.969839,1223,67,0.976665,0.2344
3080000,8172.023259,1234,59,0.959092,0.2812
3082000,8112.633999,1212,77,0.948245,0.2422
3084000,7830.532775,1206,79,0.967238,0.3203
3086000,8193.462335,1202,74,0.977620,0.3359
3088000,8298.117183,1201,66,0.973444,0.3438
3090000,8274.721158,1220,67,0.974204,0.2656
3092000,8146.922599,1246,56,0.972617,0.2969
3094000,8503.677963,1216,72,0.972082,0.3359
3096000,8825.713116,1227,69,0.983227,0.3125
3098000,8707.777500,1242,65,0.970476,0.2969
3100000,8575.753440,1244,59,0.976316,0.3047
3102000,8966.029856,1237,70,0.975504,0.3281
3104000,8940.441535,1240,56,0.976393,0.2734
3106000,8767.182115,1253,59,0.974465,0.1953
3108000,8525.132664,1254,62,0.971732,0.2422
3110000,8811.008588,1260,59,0.973035,0.2734
3112000,8821.061296,1244,63,0.954413,0.1875
3114000,8621.559342,1258,59,0.966740,0.2969
3116000,8399.974355,1218,67,0.962667,0.2656
3118000,8917.076819,1208,75,0.970456,0.3281
3120000,9258.211976,1212,77,0.976780,0.2734
3122000,9433.289110,1217,79,0.979537,0.3906
3124000,9134.541363,1237,66,0.980460,0.2578
3126000,8990.812598,1240,68,0.968459,0.3203
3128000,9109.046160,1252,59,0.969070,0.2891
3130000,8712.288923,1251,59,0.963055,0.2266
3132000,8633.351830,1241,66,0.956517,0.2578
3134000,8537.761035,1242,64,0.977008,0.3281
3136000,8755.764502,1243,60,0.982994,0.2109
3138000,8611.486819,1245,63,0.975799,0.2969
3140000,8619.592012,1242,51,0.975686,0.2891
3142000,8491.874895,1223,58,0.977051,0.3516
3144000,8931.784710,1241,63,0.976478,0.2656
3146000,8903.728504,1247,71,0.983301,0.2734
3148000,8936.990494,1262,56,0.985276,0.2578
3150000,8748.001020,1242,62,0.969742,0.3047
3152000,8821.448542,1219,74,0.967706,0.3438
3154000,8884.011742,1219,72,0.976991,0.2422
3156000,9220.321502,1199,86,0.980081,0.3438
3158000,9093.190622,1204,99,0.966885,0.3281
3160000,9112.447576,1229,63,0.940610,0.2734
3162000,9282.153070,1233,66,0.968293,0.3203
3164000,9135.191351,1233,53,0.956024,0.3047
3166000,9347.595631,1228,72,0.969479,0.3203
3168000,9240.676558,1233,64,0.969282,0.2500
3170000,9174.987270,1238,68,0.953257,0.3281
3172000,9484.869742,1242,69,0.973089,0.2812
3174000,9348.244972,1222,77,0.974740,0.3203
3176000,9070.425807,1213,86,0.973779,0.2969
3178000,8624.905475,1218,71,0.953168,0.2656
3180000,8618.568350,1213,69,0.953479,0.2969
3182000,9276.858195,1224,72,0.966209,0.3672
3184000,9448.220942,1249,64,0.982400,0.2734
3186000,9562.422715,1231,73,0.966146,0.3281
3188000,9481.088950,1213,86,0.971218,0.2969
3190000,9592.868808,1224,78,0.968284,0.2656
3192000,9546.380271,1245,61,0.966515,0.2812
3194000,9081.200464,1255,50,0.962274,0.3203
3196000,9029.225068,1265,60,0.943151,0.2344
3198000,8945.431142,1247,64,0.957677,0.3594
3200000,8907.513800,1262,64,0.970416,0.2422
3202000,9102.291308,1243,67,0.980517,0.2578
3204000,9128.775686,1236,78,0.975727,0.2578
3206000,9078.923596,1227,70,0.985409,0.2891
3208000,8840.945654,1234,53,0.980795,0.2891
3210000,9211.095214,1220,74,0.985956,0.2734
3212000,9430.939051,1226,55,0.986429,0.3047
3214000,9219.935164,1234,54,0.988486,0.2969
3216000,9282.880048,1236,60,0.964125,0.2656
3218000,9702.845095,1218,69,0.983296,0.2969
3220000,9590.536167,1224,66,0.983334,0.2578
3222000,9670.496160,1233,72,0.966537,0.2891
3224000,9680.543951,1246,53,0.988211,0.2734
3226000,9452.179404,1237,50,0.973929,0.2188
3228000,9447.418940,1261,58,0.981037,0.2344
3230000,9591.922142,1229,64,0.990372,0.2109
3232000,9427.412551,1245,48,0.975750,0.2344
3234000,9055.714715,1240,63,0.982018,0.2891
3236000,9355.512054,1246,51,0.989199,0.2031
3238000,9474.341324,1232,66,0.976276,0.3359
3240000,9456.059870,1247,54,0.979598,0.2500
3242000,9571.995695,1220,48,0.979075,0.1641
3244000,9580.489870,1231,62,0.975639,0.2188
3246000,9782.954910,1239,62,0.980782,0.2656
3248000,9577.398295,1252,59,0.943626,0.2656
3250000,9718.462815,1246,54,0.970605,0.2578
3252000,9916.386556,1246,67,0.983869,0.2500
3254000,9788.860334,1247,62,0.983583,0.2422
3256000,9721.082350,1250,60,0.967523,0.2500
3258000,9680.437580,1226,67,0.965327,0.2109
3260000,9930.647360,1222,64,0.984156,0.2266
3262000,9609.348012,1215,72,0.962773,0.3047
3264000,9585.526835,1233,60,0.956583,0.2734
3266000,9810.411215,1224,58,0.958902,0.3203
3268000,9862.127715,1224,71,0.976518,0.2188
3270000,10133.417135,1243,67,0.964083,0.2734
3272000,9937.338556,1262,60,0.954385,0.2656
3274000,9907.675574,1273,54,0.981298,0.2969
3276000,9854.158023,1279,58,0.987786,0.2500
3278000,9836.621003,1264,68,0.980482,0.3750
3280000,9755.345500,1235,66,0.976597,0.3281
3282000,9814.946940,1242,64,0.981146,0.3125
3284000,9353.808400,1232,68,0.965693,0.2188
3286000,9680.576035,1249,62,0.969715,0.3047
3288000,9929.048476,1230,62,0.979366,0.2656
3290000,9622.903100,1259,57,0.968895,0.3281
3292000,9604.871447,1225,74,0.960329,0.2188
3294000,9626.128799,1227,68,0.971684,0.2578
3296000,9678.330019,1192,83,0.971107,0.2891
3298000,9680.291023,1235,73,0.985964,0.3125
3300000,9870.756880,1230,65,0.966329,0.2500
3302000,9777.365743,1229,68,0.978273,0.2891
3304000,9615.401271,1225,67,0.984163,0.2422
3306000,9663.526830,1234,57,0.983115,0.2422
3308000,9647.894684,1237,71,0.969371,0.3203
3310000,9424.626735,1219,71,0.972007,0.2031
3312000,9510.856895,1228,71,0.978975,0.2969
3314000,9382.834220,1243,63,0.978540,0.2891
3316000,9637.947838,1229,68,0.973790,0.2891
3318000,9946.701800,1210,59,0.967421,0.2422
3320000,10188.918815,1235,61,0.986313,0.2188
3322000,10028.011123,1210,75,0.988511,0.2188
3324000,10175.464215,1186,78,0.976895,0.2734
3326000,9571.630683,1230,69,0.977254,0.2578
3328000,9166.990860,1234,64,0.952324,0.2734
3330000,9156.000848,1244,63,0.963963,0.3047
3332000,9521.367671,1271,58,0.978103,0.2578
3334000,9394.192156,1253,50,0.982151,0.2109
3336000,9429.597160,1243,62,0.980695,0.2812
3338000,9497.825531,1221,71,0.982300,0.2891
3340000,9330.034070,1232,66,0.979913,0.4141
3342000,9417.661574,1217,58,0.989206,0.3047
3344000,9373.268764,1207,74,0.989470,0.3203
3346000,9286.009647,1207,65,0.987113,0.2891
3348000,9218.451527,1202,67,0.984592,0.2656
3350000,9331.395155,1203,67,0.968780,0.3203
3352000,9334.593196,1236,64,0.984085,0.2656
3354000,9334.046240,1230,58,0.981022,0.3438
3356000,9096.283995,1221,70,0.977752,0.2812
3358000,9027.922696,1202,82,0.962718,0.2578
3360000,9209.156534,1234,67,0.968559,0.3203
3362000,9527.515299,1223,81,0.971783,0.2812
3364000,9391.143891,1254,60,0.967677,0.3359
3366000,9455.954755,1226,59,0.965599,0.3516
3368000,9407.113447,1237,71,0.976904,0.3438
3370000,9079.210454,1223,70,0.966576,0.2891
3372000,9375.812312,1217,79,0.979921,0.2500
3374000,8938.237195,1221,78,0.960218,0.2734
3376000,8919.169183,1228,74,0.953217,0.2656
3378000,9313.800375,1223,69,0.985889,0.3047
3380000,9198.259900,1224,66,0.981333,0.3281
3382000,9014.751974,1215,67,0.985216,0.3594
3384000,9134.382894,1228,71,0.956336,0.2578
3386000,9046.502094,1247,49,0.962643,0.1562
3388000,9205.996875,1228,71,0.975640,0.2891
3390000,9017.313420,1226,75,0.980001,0.2344
3392000,8970.506512,1234,61,0.968269,0.2188
3394000,8843.353195,1213,67,0.947317,0.2734
3396000,8791.237292,1236,63,0.933413,0.3594
3398000,8856.508984,1231,71,0.974135,0.2969
3400000,8891.801079,1234,69,0.953414,0.2812
3402000,8808.894904,1224,70,0.969050,0.2344
3404000,8537.934319,1232,56,0.980777,0.2812
3406000,8170.874547,1233,53,0.967567,0.3047
3408000,8712.766918,1220,68,0.977319,0.2891
3410000,9595.649211,1226,76,0.972072,0.3047
3412000,9701.617903,1233,71,0.965686,0.2812
3414000,9528.131928,1235,77,0.976217,0.2344
3416000,9818.698675,1220,77,0.977984,0.2812
3418000,9545.566790,1230,72,0.971772,0.2422
3420000,9663.546763,1210,64,0.969917,0.2734
3422000,9791.420751,1208,69,0.975273,0.2344
3424000,9675.439062,1228,60,0.978503,0.2109
3426000,9466.398539,1215,88,0.967257,0.3125
3428000,9408.294860,1212,74,0.965570,0.2500
3430000,9468.350047,1257,57,0.968446,0.2578
3432000,9564.046775,1243,55,0.962731,0.2422
3434000,9614.352803,1228,63,0.977423,0.2422
3436000,9281.055734,1247,58,0.963193,0.2031
3438000,9255.224631,1239,77,0.976761,0.3516
3440000,9379.772470,1254,50,0.977035,0.2656
3442000,9154.432406,1240,66,0.962699,0.2734
3444000,9193.579083,1251,61,0.964031,0.3594
3446000,8376.626126,1258,53,0.955387,0.2812
3448000,8833.693375,1220,68,0.938120,0.2500
3450000,8628.628960,1230,80,0.965671,0.2969
3452000,8744.724247,1238,65,0.968731,0.2266
3454000,8535.618860,1233,58,0.951545,0.2812
3456000,8249.508624,1236,65,0.921883,0.2812
3458000,8121.037275,1231,66,0.961738,0.3750
3460000,8369.810640,1211,76,0.959925,0.3047
3462000,8396.530107,1208,77,0.955989,0.3125
3464000,8619.618271,1239,58,0.965225,0.2578
3466000,8658.000775,1243,56,0.960227,0.2500
3468000,8651.569190,1221,59,0.966019,0.2422
3470000,8508.467719,1184,88,0.965134,0.2891
3472000,8590.448019,1188,85,0.972866,0.3359
3474000,8297.990870,1210,78,0.981219,0.2656
3476000,8361.286368,1214,79,0.977074,0.2422
3478000,8086.067631,1209,69,0.978398,0.3516
3480000,8331.984927,1206,66,0.969868,0.3203
3482000,8332.673475,1205,75,0.954203,0.2656
3484000,8374.933215,1199,81,0.951216,0.3359
3486000,8391.096607,1183,77,0.982679,0.2656
3488000,8301.628403,1173,92,0.986725,0.3281
3490000,8323.386275,1168,86,0.974249,0.3047
3492000,8598.458222,1180,82,0.977152,0.3203
3494000,8631.705126,1209,79,0.961547,0.2812
3496000,8575.440959,1230,71,0.966001,0.2734
3498000,8364.790728,1233,72,0.974318,0.2891
3500000,8511.839862,1227,76,0.974484,0.2578
3502000,8728.117756,1205,89,0.982977,0.3125
3504000,8501.476400,1205,85,0.984595,0.3359
3506000,8163.057094,1207,69,0.974573,0.3203
3508000,7940.244654,1232,81,0.958240,0.3438
3510000,8226.411020,1224,82,0.976542,0.3281
3512000,8202.932859,1231,63,0.954018,0.3359
3514000,8042.781704,1222,73,0.961884,0.2500
3516000,8091.561211,1210,73,0.960596,0.2266
3518000,8206.693806,1199,79,0.960894,0.3125
3520000,8142.227200,1199,72,0.974510,0.3516
3522000,8045.057676,1205,61,0.949583,0.3594
3524000,7533.309356,1181,78,0.977856,0.2422
3526000,7562.574039,1170,90,0.976740,0.3125
3528000,7273.375875,1186,78,0.957500,0.2734
3530000,7398.589943,1211,64,0.947060,0.3203
3532000,7351.025475,1213,69,0.913519,0.2969
3534000,7535.944926,1200,73,0.956409,0.2656
3536000,7694.036192,1216,75,0.958911,0.2734
3538000,7448.300791,1213,64,0.923449,0.2734
3540000,7458.565475,1214,77,0.914311,0.2109
3542000,7756.215315,1197,76,0.961052,0.1797
3544000,7987.744662,1198,58,0.969929,0.3125
3546000,8142.173519,1227,64,0.958593,0.3047
3548000,8036.679803,1224,72,0.958848,0.2969
3550000,7944.887371,1228,65,0.949787,0.3125
3552000,7835.809910,1225,63,0.947444,0.2812
3554000,7911.260231,1217,65,0.956179,0.2188
3556000,7884.912110,1211,57,0.943876,0.2109
3558000,7842.860095,1192,73,0.925050,0.3281
3560000,8030.702094,1211,69,0.972273,0.2422
3562000,7906.531075,1215,76,0.972940,0.3125
3564000,7790.463148,1218,78,0.948648,0.3125
3566000,7980.439187,1234,66,0.971225,0.2812
3568000,7806.839712,1238,72,0.951546,0.2422
3570000,8342.030219,1235,69,0.957808,0.1953
3572000,8271.460579,1239,69,0.957441,0.2656
3574000,8021.326686,1233,67,0.950776,0.2891
3576000,7652.075744,1215,83,0.920884,0.3203
3578000,7681.400439,1199,90,0.913485,0.2656
3580000,7934.847315,1228,65,0.952737,0.3203
3582000,8062.882151,1195,71,0.954112,0.3359
3584000,8146.654104,1194,77,0.929470,0.3281
3586000,8152.399815,1207,91,0.930790,0.2422
3588000,7882.671971,1221,69,0.949524,0.2812
3590000,7522.119319,1214,77,0.928692,0.3750
3592000,7476.164855,1233,68,0.956390,0.2656
3594000,7569.955688,1210,67,0.954922,0.3203
3596000,7396.737686,1214,64,0.939258,0.3047
3598000,7723.373951,1203,72,0.961522,0.3828
3600000,7743.570627,1188,75,0.947617,0.3203
3602000,7812.717467,1197,68,0.957020,0.2891
3604000,7692.427875,1226,60,0.941860,0.2969
3606000,7727.358088,1228,60,0.960155,0.3281
3608000,7711.279951,1211,81,0.936402,0.2500
3610000,7655.914483,1224,72,0.928892,0.2812
3612000,7843.272503,1223,68,0.957490,0.1875
3614000,7996.161139,1220,71,0.961468,0.3906
3616000,8261.418758,1213,73,0.923375,0.2734
3618000,7690.395011,1228,61,0.947542,0.2422
3620000,7420.715420,1219,66,0.943479,0.2891
3622000,7702.779803,1249,46,0.908352,0.1953
3624000,7704.126495,1223,67,0.935692,0.2344
3626000,8251.833591,1218,73,0.962757,0.2578
3628000,8117.347727,1174,96,0.948080,0.3906
3630000,8026.808535,1206,77,0.946505,0.3125
3632000,8066.300699,1208,66,0.974860,0.2812
3634000,7974.019120,1198,81,0.979284,0.3516
3636000,7958.956955,1180,81,0.978670,0.3438
3638000,7572.838892,1201,70,0.931539,0.3359
3640000,7973.845591,1229,71,0.956090,0.2969
3642000,8412.071343,1234,61,0.960167,0.2344
3644000,8421.297331,1245,57,0.958541,0.2266
3646000,8413.240275,1230,62,0.963106,0.2266
3648000,8655.716248,1221,73,0.965745,0.2891
3650000,8845.959819,1235,62,0.977064,0.3203
3652000,8817.921670,1225,63,0.977351,0.2344
3654000,8221.749543,1246,58,0.967360,0.2422
3656000,8216.891196,1237,59,0.978774,0.2422
3658000,8166.323766,1236,57,0.973564,0.2344
3660000,8238.262470,1235,66,0.951908,0.2891
3662000,7996.844135,1232,64,0.955250,0.3125
3664000,8004.165395,1231,66,0.972100,0.3438
3666000,8099.945991,1249,56,0.972064,0.2109
3668000,8102.188199,1244,65,0.931559,0.2578
3670000,8264.116535,1228,68,0.973838,0.3125
3672000,8452.142326,1191,75,0.974429,0.3359
3674000,8322.921854,1187,73,0.959310,0.3359
3676000,8771.784951,1186,80,0.979054,0.2891
3678000,8416.916368,1209,71,0.968760,0.2266
3680000,8153.655758,1227,68,0.941831,0.1875
3682000,8233.361496,1234,58,0.969295,0.2812
3684000,8510.577094,1229,70,0.977314,0.2188
3686000,8614.805086,1243,62,0.973497,0.3203
3688000,8592.770398,1225,68,0.972661,0.3125
3690000,8333.690195,1251,60,0.934826,0.2656
3692000,8246.520972,1231,78,0.941053,0.3203
3694000,8765.310775,1240,66,0.977065,0.3438
3696000,8744.598515,1233,68,0.976999,0.2578
3698000,8772.531203,1220,84,0.976418,0.3281
3700000,8725.383222,1239,63,0.963991,0.3125
3702000,8430.768428,1233,76,0.961876,0.3672
3704000,8444.786995,1228,76,0.976903,0.2812
3706000,8375.774334,1225,72,0.983992,0.3594
3708000,8357.876590,1250,66,0.984457,0.2031
3710000,8554.215595,1252,67,0.972930,0.2188
3712000,8793.908275,1253,64,0.982018,0.2656
3714000,8686.709760,1254,63,0.980662,0.2109
3716000,8775.365662,1241,69,0.971618,0.2578
3718000,8854.180043,1234,76,0.975700,0.2812
3720000,8744.033646,1244,64,0.962076,0.3047
3722000,8656.766427,1236,54,0.979754,0.2578
3724000,8795.092175,1226,65,0.985491,0.2344
3726000,8599.780007,1221,73,0.979903,0.2656
3728000,8626.732958,1233,68,0.972773,0.2344
3730000,8434.238862,1233,71,0.980565,0.2969
3732000,8182.246040,1247,59,0.983454,0.2422
3734000,8124.484222,1259,61,0.980384,0.3359
3736000,8225.809398,1249,61,0.981799,0.3438
3738000,8183.837580,1240,66,0.975381,0.3047
3740000,8083.918875,1242,63,0.978652,0.1953
3742000,7793.224318,1228,61,0.976942,0.3203
3744000,7717.397046,1222,90,0.969669,0.3359
3746000,7923.542755,1197,82,0.975436,0.3438
3748000,7786.862894,1228,72,0.978449,0.2812
3750000,7970.695068,1246,62,0.971089,0.2188
3752000,8100.103016,1235,69,0.944391,0.3125
3754000,8102.770350,1221,63,0.984693,0.2891
3756000,7942.754895,1227,69,0.986236,0.2344
3758000,7973.617734,1219,68,0.980976,0.2891
3760000,8039.141480,1222,67,0.964073,0.2578
3762000,7876.641430,1235,57,0.952184,0.2734
3764000,8276.494140,1225,70,0.970123,0.3047
3766000,8412.302135,1223,68,0.969838,0.3516
3768000,8384.496182,1223,80,0.970122,0.3047
3770000,8408.182795,1224,73,0.969510,0.3125
3772000,8187.765500,1222,70,0.961052,0.2656
3774000,8456.984678,1207,84,0.984634,0.2812
3776000,8605.788715,1201,75,0.984549,0.3281
3778000,8518.498056,1190,79,0.978129,0.3281
3780000,8457.987427,1202,91,0.963836,0.3203
3782000,8747.674459,1222,72,0.974587,0.3125
3784000,8549.870214,1215,81,0.983527,0.3438
3786000,8252.111854,1229,83,0.982321,0.2500
3788000,8223.776095,1238,67,0.980943,0.2734
3790000,8368.718748,1247,75,0.976897,0.2500
3792000,8507.276791,1227,69,0.981906,0.2812
3794000,8616.372950,1227,78,0.981734,0.2734
3796000,8533.196947,1206,74,0.983494,0.2734
3798000,8593.973719,1223,69,0.982856,0.2969
3800000,8614.192959,1215,71,0.974126,0.3125
3802000,8495.328843,1208,72,0.972972,0.2969
3804000,8411.782447,1221,69,0.977435,0.3516
3806000,8385.200507,1226,65,0.974207,0.2422
3808000,8435.276886,1248,53,0.982026,0.2656
3810000,8447.778111,1230,63,0.984405,0.3438
3812000,8416.403867,1228,68,0.981463,0.2812
3814000,8245.972312,1233,76,0.983698,0.3281
3816000,8495.947755,1237,64,0.986618,0.2969
3818000,8296.882183,1221,66,0.977707,0.3203
3820000,8263.288495,1243,50,0.988381,0.2734
3822000,8327.712067,1215,81,0.973507,0.3438
3824000,8313.620679,1234,70,0.976457,0.3750
3826000,8317.460550,1250,60,0.964794,0.2812
3828000,8195.989043,1255,58,0.976289,0.3125
3830000,8203.150867,1239,71,0.984987,0.2891
3832000,8314.252400,1257,61,0.983510,0.2500
3834000,8475.566358,1240,68,0.985300,0.2578
3836000,7905.310822,1222,77,0.972631,0.3359
3838000,7671.759087,1225,61,0.967143,0.3359
3840000,7903.423763,1212,70,0.983430,0.3125
3842000,8221.546215,1226,63,0.974644,0.3516
3844000,8193.110310,1220,55,0.955089,0.2891
3846000,7988.371832,1223,69,0.980798,0.2422
3848000,7954.581375,1249,52,0.983530,0.2891
3850000,7841.480811,1223,55,0.987334,0.2812
3852000,7847.212715,1211,67,0.986425,0.3125
3854000,7848.900048,1196,76,0.972441,0.3438
3856000,7777.010123,1224,63,0.952362,0.2812
3858000,7757.639303,1220,63,0.952466,0.1719
3860000,7914.911694,1200,76,0.959024,0.3359
3862000,7557.473019,1212,75,0.967879,0.3672
3864000,7568.502775,1229,73,0.968173,0.2891
3866000,7561.968782,1230,67,0.967668,0.3594
3868000,7879.097486,1241,64,0.975454,0.3047
3870000,7925.924875,1235,60,0.980507,0.2812
3872000,7963.856791,1242,56,0.981544,0.2578
3874000,7703.533166,1202,69,0.976015,0.2734
3876000,7758.309535,1192,78,0.976789,0.2422
3878000,7700.805035,1204,67,0.982533,0.2969
3880000,7619.600182,1195,69,0.977569,0.2344
3882000,7524.139935,1173,95,0.976892,0.3125
3884000,7492.590360,1195,76,0.981183,0.2969
3886000,7755.444348,1179,82,0.979910,0.3203
3888000,7858.688827,1195,80,0.981684,0.2812
3890000,7867.529262,1206,71,0.983240,0.3203
3892000,7663.298815,1203,78,0.963680,0.3438
3894000,7679.459878,1182,78,0.973228,0.3125
3896000,8246.145859,1193,83,0.980797,0.3203
3898000,7708.596320,1203,66,0.971920,0.3516
3900000,7844.235628,1214,80,0.966330,0.3438
3902000,7993.703183,1206,70,0.980963,0.2891
3904000,7902.060091,1206,69,0.981335,0.2891
3906000,8042.442039,1218,68,0.971727,0.2578
3908000,8020.942246,1181,87,0.959633,0.3906
3910000,8281.235750,1190,96,0.984443,0.4375
3912000,8216.334343,1208,72,0.974959,0.2734
3914000,8055.450267,1219,82,0.974812,0.3359
3916000,7987.795238,1221,78,0.977119,0.2656
3918000,8077.136598,1190,82,0.970882,0.3281
3920000,8055.522515,1228,63,0.955237,0.2656
3922000,8013.848998,1228,69,0.980799,0.3203
3924000,8030.897115,1207,78,0.982210,0.2969
3926000,7748.326491,1206,70,0.960490,0.3203
3928000,7769.780104,1211,78,0.968882,0.3359
3930000,7935.514875,1210,81,0.970289,0.3828
3932000,7787.167775,1204,64,0.959593,0.3438
3934000,7712.668360,1219,71,0.952811,0.2891
3936000,7550.119320,1222,65,0.951666,0.3047
3938000,7463.294620,1235,69,0.964916,0.2969
3940000,7569.746864,1256,56,0.972026,0.2109
3942000,7712.468620,1262,59,0.973950,0.2969
3944000,8130.262595,1249,65,0.972918,0.2734
3946000,8570.803374,1272,61,0.978841,0.2734
3948000,8310.814475,1261,59,0.977627,0.2266
3950000,8284.804975,1247,66,0.984426,0.2656
3952000,8141.809340,1263,62,0.986207,0.2891
3954000,8076.244800,1221,77,0.986348,0.3203
3956000,8080.397839,1223,77,0.973012,0.3125
3958000,8257.090595,1236,70,0.974917,0.3281
3960000,8280.346750,1220,71,0.989298,0.2578
3962000,8034.390291,1199,84,0.958115,0.3047
3964000,8181.586326,1225,80,0.959307,0.2656
3966000,8287.037595,1220,89,0.967758,0.2656
3968000,8252.885899,1218,77,0.985194,0.2891
3970000,8108.614246,1199,90,0.976709,0.2969
3972000,8299.696732,1201,91,0.983444,0.2734
3974000,8265.421259,1215,85,0.986003,0.3516
3976000,8284.344430,1207,73,0.985196,0.2891
3978000,8438.610003,1238,65,0.981855,0.3125
3980000,8310.517011,1249,64,0.971659,0.3281
3982000,8279.544790,1235,68,0.954522,0.3359
3984000,8322.494350,1236,63,0.968687,0.2422
3986000,8253.310235,1242,67,0.966661,0.3359
3988000,8213.396603,1235,67,0.974347,0.2578
3990000,8031.036320,1216,70,0.963963,0.3125
3992000,8010.772160,1227,55,0.963142,0.2031
3994000,8017.076700,1224,68,0.965865,0.3125
3996000,7974.729440,1249,61,0.966394,0.2734
3998000,7933.922360,1224,73,0.955941,0.2344
4000000,8073.353324,1204,77,0.952997,0.3047
4002000,8344.056654,1222,63,0.952324,0.3281
4004000,8427.806239,1241,62,0.972232,0.2891
4006000,8569.266959,1231,67,0.973342,0.2266
4008000,8371.622814,1257,58,0.929102,0.2266
4010000,8536.986319,1252,60,0.979220,0.2500
4012000,8915.512203,1239,59,0.980609,0.2578
4014000,8866.795435,1251,68,0.977202,0.3359
4016000,8924.816718,1271,68,0.977418,0.2578
4018000,8964.233503,1256,53,0.980281,0.2656
4020000,8829.149167,1240,56,0.984030,0.3203
4022000,8624.141455,1233,71,0.981561,0.2812
4024000,8502.725435,1237,73,0.979191,0.2578
4026000,8584.645740,1232,68,0.976291,0.2734
4028000,8505.087868,1240,58,0.967685,0.3125
4030000,8681.642851,1225,61,0.969682,0.2344
4032000,8670.867195,1237,65,0.968911,0.3359
4034000,8303.794619,1247,61,0.924200,0.2734
4036000,8750.171535,1232,62,0.977563,0.2500
4038000,8979.238694,1220,53,0.986326,0.2578
4040000,8932.564375,1216,62,0.985574,0.2500
4042000,8927.957331,1220,71,0.984061,0.2891
4044000,8557.687951,1231,59,0.961911,0.2578
4046000,8529.716854,1228,75,0.964185,0.3047
4048000,7909.727600,1232,66,0.957884,0.2578
4050000,7856.011878,1254,53,0.974871,0.2344
4052000,7993.310190,1251,51,0.976046,0.2500
4054000,8005.339587,1227,73,0.969612,0.2891
4056000,7826.686950,1236,60,0.967829,0.3359
4058000,7972.063452,1217,63,0.956173,0.3359
4060000,8194.341635,1212,76,0.948205,0.2891
4062000,6831.884790,1206,69,0.816489,0.3125
4064000,7247.768187,1223,64,0.860851,0.2422
4066000,7927.739675,1187,87,0.959722,0.3203
4068000,7554.610699,1198,65,0.964512,0.3047
4070000,7122.083320,1198,67,0.858083,0.3125
4072000,7814.812215,1209,69,0.872190,0.3203
4074000,7969.879335,1190,80,0.942091,0.3047
4076000,7797.122576,1211,83,0.898210,0.3281
4078000,7612.432563,1208,72,0.928995,0.3672
4080000,8390.440296,1221,70,0.963141,0.2344
4082000,8652.276095,1246,73,0.981038,0.2969
4084000,8531.845531,1243,58,0.981086,0.2812
4086000,8342.680675,1234,65,0.964114,0.2578
4088000,7950.924118,1245,62,0.967773,0.2812
4090000,7948.756283,1239,63,0.957846,0.3281
4092000,8166.618230,1247,70,0.956930,0.3594
4094000,7882.453063,1242,81,0.969663,0.2891
4096000,7666.242400,1246,76,0.946649,0.2812
4098000,8163.049947,1241,66,0.957832,0.2734
4100000,8109.358115,1226,74,0.974239,0.3047
4102000,8140.435084,1238,63,0.975929,0.2500
4104000,8093.341454,1225,63,0.960034,0.2422
4106000,8121.567612,1251,62,0.960547,0.3047
4108000,7998.670092,1240,77,0.959952,0.3828
4110000,7921.543782,1242,65,0.963243,0.3047
4112000,8230.289292,1262,65,0.970883,0.2422
4114000,8050.534523,1261,68,0.962745,0.3125
4116000,8433.722919,1239,76,0.975933,0.3516
4118000,8213.435532,1257,69,0.959837,0.2500
4120000,8133.915004,1246,72,0.973600,0.3672
4122000,8190.031662,1253,60,0.980431,0.3125
4124000,8529.911287,1249,56,0.985294,0.2422
4126000,8603.143051,1252,56,0.973277,0.2656
4128000,8396.439495,1244,72,0.980601,0.2500
4130000,8507.325054,1242,73,0.960137,0.2969
4132000,8350.412411,1235,79,0.979974,0.2344
4134000,8308.648360,1247,61,0.978860,0.2891
4136000,8234.345500,1255,65,0.974512,0.2812
4138000,8228.501375,1237,73,0.968640,0.2969
4140000,8300.593575,1220,81,0.969851,0.2500
4142000,7986.777286,1229,66,0.968401,0.3047
4144000,8025.764102,1239,67,0.962590,0.2969
4146000,8329.933555,1242,77,0.983194,0.2266
4148000,8596.231000,1243,71,0.984983,0.3281
4150000,8596.253944,1243,77,0.983799,0.2500
4152000,8480.841424,1259,53,0.983659,0.2578
4154000,8147.796927,1259,56,0.957958,0.2812
4156000,8042.916019,1247,72,0.970009,0.3594
4158000,8159.137587,1246,67,0.975467,0.3047
4160000,8106.573752,1243,75,0.971286,0.2734
4162000,8162.294108,1255,59,0.980370,0.2188
4164000,8311.054780,1245,62,0.974074,0.2969
4166000,8387.039035,1242,62,0.979252,0.2266
4168000,8458.315095,1215,75,0.983430,0.2422
4170000,8516.553135,1218,76,0.984543,0.3203
4172000,8333.929095,1245,60,0.977596,0.2891
4174000,8361.889324,1232,76,0.974097,0.2812
4176000,8258.729126,1241,77,0.968281,0.2109
4178000,8342.082119,1227,86,0.980998,0.2422
4180000,8300.779859,1253,59,0.981921,0.2656
4182000,8154.875275,1241,59,0.979779,0.2578
4184000,8224.572926,1240,59,0.979297,0.2422
4186000,8019.931551,1217,71,0.959661,0.2969
4188000,7739.030759,1240,59,0.942727,0.3516
4190000,7622.591003,1261,58,0.975240,0.2656
4192000,7932.556430,1261,59,0.981375,0.2812
4194000,8027.839406,1258,62,0.959688,0.2422
4196000,7632.002027,1250,70,0.907188,0.3047
4198000,7820.857500,1239,57,0.938849,0.2969
4200000,8519.447118,1235,59,0.988409,0.3281
4202000,7902.731180,1224,71,0.979885,0.2266
4204000,7782.923384,1227,68,0.968810,0.3047
4206000,7852.712895,1248,60,0.983863,0.3125
4208000,7919.565420,1247,59,0.979741,0.2266
4210000,8156.908351,1239,77,0.977984,0.3125
4212000,8125.316840,1214,89,0.972618,0.3359
4214000,8207.709043,1224,75,0.954429,0.3359
4216000,8335.999454,1207,77,0.968479,0.3203
4218000,8513.513820,1221,71,0.978095,0.2891
4220000,8417.516752,1225,72,0.974055,0.3203
4222000,8528.935608,1235,64,0.974671,0.2188
4224000,8537.355998,1216,71,0.974502,0.2969
4226000,8522.867051,1242,55,0.967709,0.2109
4228000,8137.503710,1243,66,0.963319,0.2969
4230000,8252.724467,1250,65,0.965940,0.2969
4232000,8162.149947,1237,62,0.985633,0.3125
4234000,7734.497788,1224,68,0.957723,0.2812
4236000,7896.959519,1222,57,0.920481,0.2500
4238000,7931.976988,1235,61,0.970712,0.2578
4240000,7974.216531,1248,56,0.969640,0.2656
4242000,7987.018992,1232,69,0.968536,0.3203
4244000,7747.917100,1221,71,0.971463,0.2734
4246000,8153.990990,1231,76,0.964921,0.3594
4248000,8265.391910,1251,66,0.960495,0.3125
4250000,8340.524048,1254,62,0.965455,0.3594
4252000,8409.716350,1257,61,0.983876,0.2422
4254000,8193.306862,1245,60,0.983381,0.2344
4256000,8066.823164,1248,80,0.974190,0.2891
4258000,8311.068150,1262,61,0.979965,0.2578
4260000,8183.439655,1245,60,0.978223,0.2344
4262000,8307.159691,1220,70,0.978792,0.2500
4264000,8126.877134,1218,68,0.957367,0.3359
4266000,8247.747164,1241,57,0.968796,0.2656
4268000,8103.291795,1232,67,0.971275,0.2656
4270000,8134.346860,1243,62,0.962447,0.3281
4272000,8631.356592,1235,71,0.960912,0.2578
4274000,8492.958360,1215,81,0.973337,0.2969
4276000,8129.152455,1223,79,0.972074,0.3281
4278000,8043.228622,1204,77,0.975803,0.2969
4280000,7838.231430,1201,73,0.975657,0.2500
4282000,7948.357719,1227,60,0.978804,0.1797
4284000,8047.743119,1224,60,0.984152,0.3516
4286000,7811.428987,1214,69,0.951377,0.3047
4288000,8089.277520,1194,68,0.947452,0.2734
4290000,8577.782003,1212,71,0.984760,0.2734
4292000,8735.916830,1228,63,0.970550,0.2891
4294000,9061.800395,1250,56,0.972973,0.2656
4296000,9034.281299,1236,59,0.972937,0.2500
4298000,8579.338390,1238,58,0.929541,0.2891
4300000,9148.023998,1222,70,0.981993,0.2734
4302000,8646.203180,1217,66,0.941155,0.3203
4304000,8774.848539,1225,62,0.940989,0.2266
4306000,8721.583776,1222,74,0.943700,0.3203
4308000,8818.993848,1204,79,0.967943,0.3516
4310000,9137.232806,1216,59,0.977785,0.3047
4312000,9124.319379,1195,79,0.978189,0.3359
4314000,9095.390375,1193,96,0.980084,0.3281
4316000,8993.532363,1211,78,0.957768,0.2578
4318000,8884.060494,1214,56,0.955844,0.3047
4320000,8175.026668,1239,62,0.926010,0.2891
4322000,7900.864631,1261,52,0.965831,0.2812
4324000,7994.043486,1222,59,0.928774,0.2891
4326000,8214.485991,1234,75,0.943970,0.3516
4328000,7458.680046,1211,81,0.946575,0.3516
4330000,7606.653500,1203,76,0.934276,0.2891
4332000,7522.610127,1220,71,0.944945,0.2344
4334000,7375.939755,1225,70,0.879510,0.2969
4336000,7553.281084,1221,73,0.918749,0.2969
4338000,8275.629486,1200,73,0.965740,0.3125
4340000,8513.595142,1196,71,0.966937,0.3906
4342000,8710.334355,1214,80,0.945280,0.3047
4344000,8356.304632,1233,55,0.974543,0.2344
4346000,8363.827096,1191,76,0.978908,0.3125
4348000,7890.670908,1202,78,0.944791,0.2734
4350000,7998.866076,1216,68,0.957717,0.2422
4352000,7938.574819,1233,68,0.971760,0.2500
4354000,8077.285803,1247,65,0.980600,0.2734
4356000,8225.809662,1223,69,0.979355,0.2891
4358000,8323.129480,1195,83,0.968536,0.2344
4360000,8315.341020,1197,68,0.974600,0.2656
4362000,8468.542247,1224,55,0.978737,0.2812
4364000,8570.866367,1231,55,0.974478,0.2344
4366000,8120.996140,1225,59,0.977645,0.3203
4368000,8130.729398,1221,62,0.976763,0.2578
4370000,8166.220899,1226,64,0.973500,0.2656
4372000,8089.836903,1216,71,0.957857,0.2969
4374000,7789.306800,1233,59,0.969729,0.2734
4376000,7960.114195,1238,65,0.976811,0.3047
4378000,7918.281846,1247,46,0.958962,0.2031
4380000,7988.668640,1199,81,0.958309,0.3047
4382000,7547.076575,1230,65,0.966338,0.3438
4384000,7522.671612,1211,69,0.967295,0.3438
4386000,7480.096667,1198,76,0.984990,0.2656
4388000,6911.919187,1235,68,0.947182,0.3516
4390000,6781.174460,1220,60,0.957073,0.2969
4392000,6729.628552,1210,73,0.961753,0.3125
4394000,6596.273696,1216,74,0.941426,0.2734
4396000,6199.966319,1246,68,0.933816,0.2734
4398000,5985.146344,1207,86,0.896010,0.3281
4400000,6673.336615,1228,66,0.965145,0.3125
4402000,6805.381291,1225,57,0.967709,0.2734
4404000,6866.257334,1218,64,0.946487,0.2500
4406000,6813.783315,1219,56,0.946585,0.2734
4408000,6217.945278,1231,63,0.935113,0.3438
4410000,6695.046611,1241,63,0.956415,0.3438
4412000,5681.167160,1215,77,0.898829,0.2734
4414000,6506.901180,1203,70,0.960528,0.2812
4416000,5968.765180,1199,67,0.917511,0.2734
4418000,6512.912686,1209,65,0.957478,0.2344
4420000,6817.552510,1230,54,0.956271,0.3203
4422000,6520.241939,1246,58,0.967716,0.2344
4424000,6659.517011,1254,66,0.973311,0.3516
4426000,6860.739183,1261,56,0.972163,0.2969
4428000,6748.963020,1235,68,0.858192,0.2891
4430000,6767.018750,1255,56,0.863214,0.2422
4432000,6872.601724,1236,71,0.907036,0.2344
4434000,7356.448380,1234,72,0.975450,0.2891
4436000,7509.417644,1229,69,0.982462,0.2578
4438000,7148.146635,1220,58,0.958781,0.2891
4440000,7405.236083,1212,70,0.960398,0.3203
4442000,7379.651315,1226,60,0.952570,0.3828
4444000,7357.966747,1240,64,0.952912,0.2891
4446000,7500.298486,1239,56,0.961863,0.2266
4448000,7109.632815,1231,64,0.968765,0.2891
4450000,7179.690668,1215,68,0.968609,0.2969
4452000,7184.989311,1236,61,0.966809,0.2891
4454000,6911.188351,1234,52,0.974576,0.2656
4456000,6536.394358,1227,62,0.948086,0.2188
4458000,6436.909158,1205,87,0.952649,0.3281
4460000,6292.763484,1199,85,0.964381,0.2500
4462000,5911.604430,1211,73,0.834804,0.2656
4464000,5883.189899,1219,70,0.805318,0.2969
4466000,5900.047507,1232,72,0.879633,0.3047
4468000,6088.900075,1224,75,0.884514,0.3984
4470000,6104.653838,1241,62,0.872648,0.3516
4472000,6086.475150,1225,76,0.893294,0.2109
4474000,6324.917496,1216,69,0.935063,0.2734
4476000,6404.103900,1229,71,0.946529,0.3203
4478000,6400.821446,1223,57,0.946509,0.2656
4480000,6688.979395,1217,68,0.907677,0.2422
4482000,6663.311819,1225,72,0.961666,0.3438
4484000,7133.699656,1224,68,0.938337,0.2969
4486000,7190.446840,1220,79,0.955483,0.2344
4488000,7037.354519,1216,72,0.945152,0.3203
4490000,7238.697711,1209,83,0.967574,0.2578
4492000,7742.296939,1206,73,0.990964,0.2969
4494000,7788.039271,1218,67,0.990696,0.3281
4496000,7925.625027,1209,72,0.990915,0.3906
4498000,7603.032286,1209,77,0.954411,0.3203
4500000,7487.297614,1216,69,0.943655,0.2891
4502000,7702.222716,1220,66,0.989096,0.2578
4504000,7677.813783,1218,73,0.989038,0.3281
4506000,7228.099211,1207,75,0.956835,0.2891
4508000,7136.719158,1194,68,0.956325,0.3203
4510000,7094.599983,1218,63,0.978761,0.2500
4512000,7291.921838,1218,72,0.968995,0.2500
4514000,7617.684448,1233,75,0.987944,0.3672
4516000,7499.201070,1218,79,0.985963,0.2969
4518000,7334.007500,1213,72,0.971155,0.2891
4520000,7248.926094,1223,72,0.982046,0.2188
4522000,7283.865523,1236,67,0.970380,0.2422
4524000,7412.020508,1237,61,0.966096,0.2578
4526000,7483.075715,1220,68,0.972423,0.2969
4528000,7624.454607,1214,74,0.971896,0.3750
4530000,7747.456107,1210,70,0.968622,0.2891
4532000,7616.824735,1232,66,0.964184,0.2578
4534000,7793.866579,1222,70,0.977432,0.2969
4536000,8238.845003,1223,70,0.978111,0.2266
4538000,7791.009432,1242,72,0.979637,0.2422
4540000,7509.945703,1245,62,0.974875,0.2812
4542000,7649.430059,1250,59,0.975413,0.2656
4544000,7676.683967,1237,55,0.967845,0.2812
4546000,7599.401679,1223,48,0.970594,0.3203
4548000,7658.992439,1220,70,0.973662,0.2734
4550000,8074.311127,1236,73,0.933075,0.3203
4552000,8369.609228,1247,57,0.955293,0.2188
4554000,8579.128279,1256,54,0.964789,0.2891
4556000,8873.728947,1251,60,0.963136,0.1797
4558000,8821.260494,1230,72,0.962947,0.3125
4560000,8679.696111,1237,63,0.962069,0.2734
4562000,8833.846059,1215,86,0.958788,0.2188
4564000,8678.919943,1238,76,0.967717,0.2734
4566000,8349.181959,1247,74,0.955346,0.3125
4568000,8452.482343,1246,52,0.939820,0.2500
4570000,8425.225846,1235,56,0.954797,0.2109
4572000,8802.422555,1221,66,0.970091,0.3359
4574000,8905.293288,1234,64,0.967979,0.1719
4576000,8893.207135,1238,59,0.968063,0.2344
4578000,8750.856383,1246,61,0.970694,0.2656
4580000,8741.465644,1222,69,0.971121,0.2969
4582000,8692.712398,1223,71,0.970445,0.2266
4584000,8676.173975,1225,75,0.968773,0.2969
4586000,8682.567838,1242,70,0.980286,0.2188
4588000,8521.139200,1231,83,0.979268,0.3125
4590000,8588.420679,1231,65,0.980894,0.2500
4592000,8857.862259,1232,64,0.971973,0.2266
4594000,8599.488400,1259,57,0.967329,0.2656
4596000,8282.346283,1257,60,0.911367,0.2188
4598000,8279.020375,1263,58,0.902998,0.1641
4600000,8655.880567,1258,62,0.969303,0.3047
4602000,8479.681375,1242,60,0.972678,0.2578
4604000,8732.833015,1221,81,0.975008,0.3516
4606000,8672.394003,1266,63,0.975657,0.2656
4608000,8812.402668,1263,71,0.974606,0.2812
4610000,8873.990262,1236,66,0.978751,0.2578
4612000,8843.847142,1253,66,0.974960,0.2734
4614000,8647.557087,1250,75,0.951538,0.2656
4616000,8442.141235,1239,73,0.957651,0.2734
4618000,8109.938111,1247,73,0.944774,0.3203
4620000,8349.023723,1229,70,0.963323,0.2500
4622000,8270.515367,1227,71,0.928050,0.1875
4624000,8333.262907,1224,72,0.960557,0.2969
4626000,8344.101279,1238,68,0.954993,0.2031
4628000,8646.096334,1236,72,0.980008,0.2891
4630000,7986.924470,1216,72,0.921972,0.3125
4632000,8069.921350,1221,68,0.964408,0.2422
4634000,7981.243750,1206,78,0.963741,0.3516
4636000,8090.754871,1218,75,0.964702,0.2969
4638000,8423.753374,1198,87,0.972046,0.3203
4640000,8187.551563,1202,68,0.965510,0.3047
4642000,7886.724543,1226,59,0.962603,0.2578
4644000,8044.022095,1212,74,0.957796,0.3203
4646000,8003.145155,1209,64,0.966804,0.2578
4648000,7975.188887,1202,83,0.966930,0.3047
4650000,8301.587456,1230,71,0.933888,0.2344
4652000,8394.587900,1218,57,0.951922,0.2578
4654000,7709.701150,1233,52,0.912988,0.2344
4656000,7499.415720,1234,59,0.918891,0.1328
4658000,7722.074599,1237,62,0.920694,0.2500
4660000,7859.423494,1233,49,0.930447,0.2891
4662000,7920.543206,1253,57,0.953673,0.2344
4664000,7848.533350,1232,77,0.926628,0.3281
4666000,7950.403832,1225,67,0.959568,0.2891
4668000,8340.863355,1252,55,0.970741,0.2109
4670000,8074.117775,1226,65,0.959577,0.2188
4672000,7892.468940,1239,60,0.951787,0.2891
4674000,7964.492231,1242,59,0.954292,0.2656
4676000,7995.606935,1226,65,0.968883,0.3047
4678000,7868.796195,1216,67,0.904672,0.3047
4680000,8838.037835,1239,64,0.960906,0.2734
4682000,8847.821495,1231,69,0.961816,0.3203
4684000,8388.543283,1228,69,0.931790,0.3047
4686000,8459.734947,1237,68,0.933724,0.3125
4688000,7874.741324,1225,67,0.972328,0.3125
4690000,7725.420607,1224,69,0.972713,0.3203
4692000,7690.665511,1221,66,0.974801,0.2656
4694000,7790.310430,1245,53,0.944508,0.1875
4696000,8044.055515,1254,59,0.925692,0.3125
4698000,7918.347003,1274,52,0.924991,0.2422
4700000,8545.182231,1250,53,0.973037,0.3047
4702000,8768.782360,1239,64,0.974036,0.3516
4704000,8870.208159,1250,59,0.980518,0.3594
4706000,8554.314710,1254,61,0.975154,0.2812
4708000,8674.327526,1254,65,0.976157,0.2266
4710000,8779.648894,1245,56,0.976853,0.2969
4712000,8854.961519,1242,70,0.977590,0.2578
4714000,8530.549467,1241,59,0.966532,0.3047
4716000,8957.291815,1243,62,0.977937,0.2578
4718000,8855.939660,1255,54,0.978166,0.2344
4720000,8821.873102,1209,72,0.978847,0.3359
4722000,8452.204632,1219,57,0.956627,0.2266
4724000,8533.728695,1233,60,0.953025,0.2656
4726000,8508.231104,1234,61,0.971519,0.3125
4728000,9132.771180,1251,65,0.979244,0.2734
4730000,9232.455735,1242,63,0.980067,0.3359
4732000,9117.606174,1225,72,0.965945,0.2656
4734000,8848.150051,1244,58,0.968129,0.2266
4736000,8891.696543,1248,64,0.969501,0.2891
4738000,8919.215767,1232,72,0.959030,0.2969
4740000,8879.689820,1242,55,0.960871,0.2734
4742000,8497.524998,1246,69,0.937902,0.2422
4744000,8411.680620,1255,56,0.954932,0.2109
4746000,8469.752710,1249,63,0.955800,0.3047
4748000,8433.989727,1238,70,0.958741,0.2812
4750000,7816.662819,1240,74,0.958839,0.2812
4752000,8211.586678,1235,77,0.946008,0.3125
4754000,8126.038215,1221,79,0.933642,0.2500
4756000,8145.163795,1221,73,0.942449,0.1797
4758000,7994.880268,1228,71,0.938539,0.3438
4760000,7647.957270,1219,68,0.941205,0.3125
4762000,7485.075383,1198,76,0.928851,0.2578
4764000,7429.096272,1204,79,0.920921,0.3594
4766000,7496.906080,1200,80,0.911450,0.3359
4768000,6929.953311,1223,77,0.939991,0.3047
4770000,7119.969395,1215,75,0.949067,0.3047
4772000,6469.102588,1221,61,0.947155,0.2734
4774000,5659.146595,1210,73,0.923757,0.2969
4776000,5097.949095,1206,71,0.858598,0.3125
4778000,5626.685980,1215,70,0.908791,0.3984
4780000,5658.369315,1210,57,0.939943,0.2188
4782000,5785.520032,1201,71,0.938586,0.2344
4784000,5839.098254,1194,81,0.947686,0.2891
4786000,7144.545723,1198,81,0.969941,0.2734
4788000,6782.352286,1196,76,0.961093,0.2812
4790000,6757.728143,1211,73,0.962507,0.2734
4792000,6691.948403,1194,77,0.967218,0.2578
4794000,6890.864566,1207,75,0.970373,0.2578
4796000,7056.905935,1215,69,0.974740,0.3281
4798000,6948.150880,1215,71,0.967924,0.3359
4800000,7012.459020,1214,74,0.968596,0.2422
4802000,6926.975788,1194,69,0.969961,0.3828
4804000,6846.648246,1210,68,0.970847,0.2812
4806000,6889.845486,1211,77,0.969091,0.3750
4808000,6871.419126,1211,83,0.972610,0.3047
4810000,6649.559420,1214,72,0.964214,0.3281
4812000,6590.610223,1241,67,0.964380,0.2969
4814000,7030.303148,1251,69,0.960989,0.3281
4816000,7527.566547,1240,79,0.978053,0.3516
4818000,7500.567167,1229,59,0.979554,0.2734
4820000,7497.245555,1233,63,0.973040,0.2656
4822000,7293.311808,1226,66,0.908614,0.2656
4824000,7397.783303,1232,61,0.935828,0.2812
4826000,7371.712732,1259,54,0.908748,0.3516
4828000,7550.320508,1266,68,0.945293,0.2578
4830000,7514.402860,1257,73,0.946550,0.2734
4832000,7237.585448,1253,57,0.941996,0.2891
4834000,7288.216495,1257,57,0.934568,0.2500
4836000,7307.079555,1260,45,0.963851,0.2812
4838000,7447.134531,1256,65,0.959430,0.2344
4840000,7156.416054,1236,66,0.963198,0.2969
4842000,7196.038872,1230,60,0.963179,0.2188
4844000,7032.565382,1227,67,0.963449,0.3047
4846000,6949.262934,1236,64,0.957115,0.2812
4848000,7098.692175,1227,69,0.974311,0.2266
4850000,6729.999107,1236,71,0.968886,0.2969
4852000,6775.377627,1236,71,0.945580,0.2734
4854000,6873.737500,1241,68,0.958797,0.2734
4856000,6609.703899,1234,63,0.924746,0.2500
4858000,6754.513014,1236,57,0.955602,0.2109
4860000,6623.992911,1206,92,0.956440,0.3438
4862000,6995.071879,1232,74,0.972932,0.2266
4864000,7045.764832,1226,65,0.957789,0.2656
4866000,7314.160779,1199,77,0.978777,0.2812
4868000,7201.652299,1217,77,0.977525,0.2578
4870000,6511.695372,1204,64,0.970160,0.3125
4872000,6331.132140,1221,60,0.958269,0.2969
4874000,6416.297246,1226,71,0.955137,0.2578
4876000,6168.356055,1210,72,0.952743,0.3281
4878000,6337.784935,1224,60,0.965186,0.2344
4880000,6141.784406,1215,69,0.947317,0.2812
4882000,6267.565184,1221,67,0.962668,0.3359
4884000,6078.260067,1237,71,0.904418,0.2891
4886000,5892.083654,1246,63,0.947806,0.2109
4888000,5487.557862,1212,75,0.946198,0.3125
4890000,5981.943091,1216,74,0.962353,0.2812
4892000,6029.017743,1191,80,0.962539,0.2578
4894000,6159.243971,1165,93,0.966024,0.2734
4896000,6030.810451,1174,99,0.950900,0.3359
4898000,5916.720380,1200,67,0.963923,0.3203
4900000,5908.086755,1182,71,0.966590,0.2656
4902000,5613.124087,1182,82,0.963151,0.3438
4904000,5550.749495,1183,84,0.955110,0.2734
4906000,5530.289375,1187,75,0.928672,0.3516
4908000,5457.153475,1202,69,0.927816,0.2500
4910000,5168.441043,1205,79,0.924983,0.2812
4912000,5713.994659,1194,85,0.944429,0.3438
4914000,5676.049400,1197,66,0.969637,0.2812
4916000,5683.588454,1197,66,0.976416,0.3203
4918000,5614.398963,1175,72,0.966658,0.2969
4920000,5691.495590,1196,74,0.966984,0.3438
4922000,5671.469551,1197,67,0.953469,0.2812
4924000,5572.339055,1237,58,0.959427,0.3125
4926000,5336.955335,1201,76,0.919439,0.3984
4928000,5319.311063,1212,77,0.899015,0.3047
4930000,5628.488155,1220,62,0.953909,0.3125
4932000,5544.210540,1207,69,0.959375,0.2812
4934000,5590.418579,1195,77,0.944016,0.2734
4936000,5741.115475,1209,81,0.952295,0.2656
4938000,5731.735287,1213,77,0.941788,0.2578
4940000,5639.914664,1222,61,0.935710,0.1719
4942000,5437.546235,1219,64,0.937125,0.2969
4944000,5507.649910,1218,67,0.968553,0.1953
4946000,5534.335071,1220,65,0.956081,0.1797
4948000,5512.505910,1196,100,0.954368,0.2969
4950000,5568.587635,1203,82,0.954678,0.3359
4952000,5527.189800,1186,84,0.955191,0.3281
4954000,6097.192110,1203,73,0.962420,0.2578
4956000,6221.181550,1194,86,0.959044,0.3750
4958000,6190.921564,1195,79,0.966510,0.3672
4960000,6379.450556,1200,85,0.966359,0.3438
4962000,6259.171830,1222,75,0.979061,0.2891
4964000,5947.955815,1214,73,0.957269,0.2578
4966000,5950.481139,1213,76,0.955268,0.2969
4968000,5525.050588,1217,80,0.877092,0.3906
4970000,5660.114259,1190,88,0.920038,0.4219
4972000,5690.709056,1215,64,0.952658,0.2891
4974000,6052.445011,1183,76,0.964673,0.2656
4976000,6181.179662,1198,75,0.962566,0.2969
4978000,6082.450315,1193,71,0.954877,0.3828
4980000,6088.027008,1185,80,0.950423,0.2500
4982000,6285.281943,1238,67,0.943516,0.2188
4984000,6617.993871,1192,86,0.962708,0.2891
4986000,6421.134540,1194,59,0.959015,0.2109
4988000,6569.391343,1198,75,0.961864,0.3594
4990000,6155.601868,1195,57,0.847798,0.3203
4992000,6848.262195,1212,65,0.960727,0.3516
4994000,6884.252814,1204,70,0.966097,0.2578
4996000,5720.446398,1211,61,0.923009,0.2812
4998000,5654.816028,1231,75,0.918198,0.3047
5000000,5680.050319,1214,71,0.924284,0.2891
5002000,5610.844831,1211,79,0.924603,0.2500
5004000,6111.602432,1241,54,0.960513,0.2188
5006000,6189.588156,1226,66,0.940178,0.2266
5008000,6302.464670,1226,69,0.937332,0.2734
5010000,5967.959550,1263,58,0.879399,0.2969
5012000,6529.217724,1244,73,0.921424,0.2109
5014000,6437.815526,1266,63,0.913548,0.2500
5016000,6499.979735,1254,58,0.929621,0.3125
5018000,7117.204007,1254,61,0.945487,0.2578
5020000,6725.321535,1238,67,0.938708,0.3281
5022000,6710.563379,1244,66,0.926915,0.2500
5024000,6596.929963,1237,56,0.930415,0.2344
5026000,6123.963743,1211,76,0.917948,0.2656
5028000,6728.154875,1232,58,0.939874,0.3438
5030000,6129.277975,1233,60,0.910845,0.1953
5032000,6178.086108,1221,70,0.911084,0.2422
5034000,6711.900931,1232,65,0.949359,0.3203
5036000,6720.969096,1217,77,0.924892,0.2891
5038000,6902.914395,1233,71,0.917664,0.3125
5040000,6884.890899,1242,61,0.929602,0.3516
5042000,7193.607292,1241,55,0.951177,0.2422
5044000,7257.540192,1255,67,0.963709,0.3203
5046000,7222.035240,1255,64,0.959931,0.3125
5048000,7107.234275,1244,59,0.969694,0.2734
5050000,6882.457814,1246,54,0.964620,0.2969
5052000,7093.981070,1221,55,0.965665,0.2031
5054000,7043.945870,1226,68,0.953592,0.2969
5056000,7373.621907,1246,61,0.963919,0.2734
5058000,7068.335779,1228,72,0.941057,0.3125
5060000,6939.975740,1225,58,0.955082,0.2578
5062000,6427.039144,1212,70,0.940492,0.2500
5064000,6713.731516,1221,59,0.953279,0.2969
5066000,6680.985315,1240,57,0.945654,0.2344
5068000,6643.308494,1253,58,0.950390,0.2969
5070000,6637.862782,1248,71,0.943889,0.2969
5072000,6660.885190,1233,67,0.953999,0.1797
5074000,6657.574380,1238,64,0.962186,0.2812
5076000,6630.221395,1240,68,0.954103,0.2734
5078000,6569.021736,1230,75,0.961440,0.2656
5080000,6561.283350,1237,66,0.965045,0.2656
5082000,6779.634990,1243,61,0.965082,0.2500
5084000,6897.857310,1234,68,0.973211,0.2578
5086000,6723.626720,1222,74,0.965425,0.2344
5088000,6731.449212,1228,75,0.960773,0.2891
5090000,6779.891014,1245,71,0.965762,0.2656
5092000,7359.848327,1217,66,0.968234,0.3125
5094000,6990.018828,1222,75,0.935046,0.3359
5096000,7248.561942,1210,77,0.949753,0.2734
5098000,7305.006942,1204,80,0.974347,0.3750
5100000,7553.868550,1203,87,0.963779,0.3828
5102000,7386.052855,1217,60,0.970434,0.2734
5104000,7419.566614,1204,82,0.968420,0.2656
5106000,7587.503046,1198,75,0.972534,0.2969
5108000,7776.188839,1203,76,0.977170,0.3047
5110000,7451.804830,1217,74,0.981227,0.2500
5112000,7222.152300,1222,64,0.960477,0.2734
5114000,7392.981678,1246,57,0.969633,0.2422
5116000,7502.678550,1236,54,0.974595,0.2344
5118000,7786.080979,1239,51,0.983519,0.2891
5120000,7734.878352,1259,53,0.973906,0.2500
5122000,7684.251920,1236,73,0.973623,0.3203
5124000,7013.174291,1223,66,0.954980,0.2656
5126000,6752.035366,1211,77,0.972525,0.1953
5128000,6910.965095,1213,77,0.979891,0.3438
5130000,7271.587875,1223,70,0.974274,0.2734
5132000,7416.484163,1230,72,0.961986,0.2891
5134000,7222.043132,1244,64,0.954294,0.2734
5136000,7780.769671,1242,57,0.976691,0.2969
5138000,7532.336076,1235,62,0.946736,0.2656
5140000,7564.768652,1238,52,0.975479,0.2812
5142000,7716.392715,1221,76,0.982056,0.3359
5144000,7795.422750,1221,58,0.980992,0.3203
5146000,7710.630571,1207,57,0.977729,0.2500
5148000,7862.524447,1210,65,0.979663,0.1797
5150000,7912.481520,1202,62,0.975007,0.2344
5152000,7615.814320,1213,63,0.962828,0.2734
5154000,7620.471244,1213,66,0.967710,0.2734
5156000,7935.192635,1239,72,0.954546,0.2578
5158000,7942.199900,1243,72,0.958025,0.2656
5160000,8225.795084,1236,71,0.962755,0.2656
5162000,8068.036351,1254,54,0.952125,0.1953
5164000,8173.843944,1244,57,0.941807,0.2578
5166000,8398.023619,1230,70,0.979881,0.3203
5168000,8298.258315,1219,77,0.982044,0.3359
5170000,8119.460454,1235,64,0.953428,0.2188
5172000,7870.091470,1254,47,0.963722,0.2578
5174000,7813.564431,1244,58,0.966330,0.3125
5176000,8099.999275,1253,63,0.967455,0.2969
5178000,8143.555607,1199,90,0.971270,0.2031
5180000,7811.851083,1235,72,0.909065,0.2734
5182000,8622.915243,1231,74,0.973069,0.3281
5184000,8418.992451,1244,60,0.963706,0.2656
5186000,8142.450459,1245,59,0.961423,0.2500
5188000,8571.617599,1251,68,0.963000,0.3516
5190000,8490.027230,1261,57,0.962110,0.3047
5192000,8550.067915,1239,64,0.962342,0.2891
5194000,7656.217123,1247,59,0.960286,0.2422
5196000,7773.105955,1261,51,0.926797,0.2656
5198000,7564.859334,1260,62,0.963353,0.2578
5200000,7463.197235,1243,62,0.968940,0.2969
5202000,7624.073070,1238,62,0.960408,0.2656
5204000,7355.600534,1246,57,0.936997,0.3125
5206000,7361.566374,1261,58,0.925480,0.2578
5208000,7433.627260,1251,63,0.952701,0.2734
5210000,7635.221292,1234,60,0.962843,0.2578
5212000,7966.194360,1232,63,0.976993,0.2578
5214000,7936.253095,1220,75,0.972278,0.2344
5216000,8000.395544,1193,76,0.974538,0.2656
5218000,7632.293907,1221,66,0.979875,0.2266
5220000,7279.565327,1236,66,0.973084,0.3047
5222000,7187.355375,1226,68,0.977932,0.2812
5224000,6800.858883,1206,73,0.937591,0.2891
5226000,7423.772592,1198,70,0.978893,0.2891
5228000,7232.720430,1209,60,0.978162,0.2891
5230000,7264.294851,1198,58,0.979073,0.3594
5232000,7244.014862,1194,53,0.976404,0.3828
5234000,7302.998606,1203,65,0.953317,0.3594
5236000,7168.768891,1188,78,0.955229,0.2812
5238000,7239.936408,1187,78,0.930905,0.2500
5240000,7501.621739,1189,72,0.982181,0.3281
5242000,7050.045335,1184,79,0.926051,0.3203
5244000,7458.762588,1212,74,0.980575,0.1797
5246000,7463.637795,1218,76,0.978527,0.3047
5248000,7379.075152,1220,64,0.967853,0.2422
5250000,7314.946878,1206,62,0.963130,0.2188
5252000,7404.140223,1219,64,0.953843,0.3281
5254000,7414.181071,1221,65,0.959809,0.2969
5256000,7386.803735,1231,53,0.951930,0.3359
5258000,7878.519526,1218,66,0.964359,0.3281
5260000,7887.812927,1232,66,0.959939,0.1719
5262000,7340.741055,1203,81,0.964005,0.3359
5264000,7665.933724,1203,73,0.925008,0.2422
5266000,7408.085783,1206,66,0.916548,0.2812
5268000,7652.629263,1192,80,0.957990,0.3047
5270000,7320.596443,1192,77,0.913377,0.2656
5272000,7453.817979,1177,86,0.948722,0.3281
5274000,7515.245939,1193,86,0.954503,0.2188
5276000,7274.394300,1188,78,0.953979,0.3359
5278000,7724.928566,1207,75,0.962003,0.2656
5280000,7850.210814,1213,67,0.964559,0.2500
5282000,8397.017480,1203,63,0.961470,0.3359
5284000,8196.412939,1237,50,0.940453,0.2891
5286000,8255.612918,1207,63,0.970797,0.3359
5288000,7950.340775,1209,76,0.964910,0.3359
5290000,7857.017187,1254,67,0.965336,0.2734
5292000,7640.819062,1238,67,0.944937,0.2812
5294000,7486.528587,1221,73,0.965312,0.2344
5296000,7242.535991,1207,77,0.960122,0.3281
5298000,7246.021323,1187,90,0.977201,0.3125
5300000,7160.720307,1192,79,0.962386,0.3281
5302000,7293.572716,1185,87,0.966094,0.2969
5304000,7201.584054,1206,75,0.952599,0.3047
5306000,7055.174719,1205,64,0.969400,0.2812
5308000,6940.535539,1218,77,0.971359,0.2656
5310000,7037.845775,1217,90,0.971050,0.3125
5312000,6962.207847,1224,73,0.966111,0.2812
5314000,7264.380062,1204,83,0.977181,0.3672
5316000,7063.958399,1211,75,0.980045,0.2891
5318000,7258.517254,1201,82,0.972585,0.3672
5320000,7208.622703,1206,76,0.979440,0.3203
5322000,7612.459504,1212,77,0.987223,0.2891
5324000,7376.263846,1242,66,0.988000,0.2891
5326000,7466.613511,1222,74,0.990441,0.2734
5328000,7379.166030,1227,67,0.985578,0.3203
5330000,7485.548460,1225,67,0.987467,0.2422
5332000,7441.004008,1222,72,0.988106,0.3047
5334000,7358.065131,1219,79,0.987097,0.3125
5336000,7526.042355,1215,75,0.987589,0.3203
5338000,7028.990608,1230,62,0.983897,0.2344
5340000,7094.197251,1226,64,0.989314,0.2578
5342000,6792.985198,1207,75,0.976011,0.2812
5344000,6876.788972,1208,77,0.988598,0.2891
5346000,6436.276796,1218,92,0.974678,0.3750
5348000,6708.218108,1204,87,0.975728,0.2422
5350000,6673.372636,1215,78,0.974536,0.3438
5352000,6597.996582,1222,71,0.964438,0.2891
5354000,6822.102035,1212,67,0.963975,0.2578
5356000,6850.154139,1213,70,0.943743,0.2812
5358000,6746.294382,1216,76,0.961457,0.3125
5360000,6784.491246,1197,77,0.957397,0.3125
5362000,6951.269303,1217,70,0.976213,0.3203
5364000,6936.018491,1198,91,0.973947,0.3594
5366000,7400.584670,1211,60,0.955903,0.2734
5368000,7626.802670,1215,68,0.978613,0.3438
5370000,7412.846427,1206,75,0.963739,0.2891
5372000,7532.645223,1228,64,0.965813,0.3203
5374000,7134.649807,1236,67,0.969519,0.3281
5376000,7313.856919,1224,68,0.972632,0.3125
5378000,7376.724632,1210,73,0.961989,0.2422
5380000,7371.499503,1216,61,0.975840,0.2422
5382000,7356.204032,1203,86,0.968521,0.2969
5384000,7387.473212,1198,84,0.963203,0.3750
5386000,7498.531187,1210,73,0.974089,0.3438
5388000,7375.534510,1222,70,0.980084,0.3281
5390000,7443.278552,1230,61,0.951665,0.3281
5392000,7355.427815,1216,70,0.936063,0.2656
5394000,7031.341015,1221,57,0.941340,0.2969
5396000,7303.045183,1231,62,0.958886,0.1719
5398000,7286.373390,1214,78,0.960074,0.2812
5400000,7311.751086,1222,75,0.961495,0.2812
5402000,7493.285947,1223,68,0.959563,0.1641
5404000,7550.616227,1201,70,0.960599,0.2891
5406000,7684.327255,1214,78,0.949173,0.3281
5408000,7677.472415,1250,52,0.947781,0.2969
5410000,7472.472622,1244,65,0.964742,0.3438
5412000,7420.604700,1233,59,0.965373,0.3047
5414000,6953.090251,1221,66,0.935301,0.2969
5416000,7541.348304,1234,66,0.908173,0.2969
5418000,7613.667915,1230,71,0.912758,0.2500
5420000,7376.478387,1222,65,0.910716,0.2578
5422000,7338.998134,1216,83,0.921126,0.2969
5424000,7462.956088,1228,69,0.917709,0.2656
5426000,7154.319867,1241,74,0.899783,0.2578
5428000,7728.650584,1242,66,0.918929,0.3359
5430000,7837.731499,1233,69,0.934779,0.3281
5432000,7334.834492,1241,69,0.946310,0.3281
5434000,7269.557576,1231,84,0.933811,0.2969
5436000,7287.389132,1271,48,0.949735,0.3125
5438000,7167.703007,1247,62,0.941961,0.2969
5440000,7014.558355,1253,66,0.920617,0.2344
5442000,7140.015699,1254,59,0.920594,0.2422
5444000,7031.264454,1264,47,0.906645,0.2578
5446000,7137.497096,1243,61,0.907259,0.2969
5448000,6792.366638,1247,58,0.942893,0.2578
5450000,6649.003695,1243,66,0.965840,0.3047
5452000,6828.623067,1230,64,0.976665,0.2109
5454000,6630.555175,1218,75,0.949943,0.2734
5456000,6701.755560,1199,80,0.969306,0.3516
5458000,6900.707526,1201,72,0.961013,0.3594
5460000,6828.519683,1217,76,0.912737,0.3203
5462000,6572.058523,1215,73,0.928023,0.2812
5464000,6385.319155,1195,87,0.865441,0.2500
5466000,6746.238599,1204,69,0.902148,0.3047
5468000,7170.157918,1228,71,0.973667,0.2422
5470000,7205.020262,1231,61,0.974226,0.2734
5472000,7202.139175,1236,68,0.969189,0.2656
5474000,7223.342951,1240,60,0.968299,0.2891
5476000,7376.789011,1253,48,0.941961,0.2812
5478000,7457.336870,1253,54,0.943581,0.2500
5480000,7288.176611,1241,63,0.931062,0.2969
5482000,7273.033470,1245,59,0.958779,0.2734
5484000,7327.568815,1232,70,0.958110,0.3281
5486000,7571.002480,1205,72,0.970834,0.2656
5488000,7576.294655,1205,88,0.971258,0.2578
5490000,7094.013942,1214,73,0.954186,0.2891
5492000,7133.222568,1229,71,0.954898,0.3047
5494000,7310.609500,1228,71,0.956533,0.3594
5496000,7292.872443,1210,88,0.957177,0.2812
5498000,7276.739095,1212,74,0.957697,0.2188
5500000,6698.840327,1206,81,0.913383,0.3672
5502000,6660.734619,1214,72,0.820308,0.3438
5504000,6920.754079,1225,65,0.940418,0.3125
5506000,6962.878670,1230,61,0.942012,0.3594
5508000,7191.035267,1233,58,0.941374,0.3906
5510000,6770.806775,1229,73,0.927120,0.3750
5512000,7026.927552,1226,76,0.946868,0.2734
5514000,7145.523968,1243,59,0.937900,0.3359
5516000,6792.087499,1227,73,0.917415,0.2578
5518000,7127.984579,1244,62,0.937870,0.2188
5520000,7278.628222,1240,56,0.940835,0.2969
5522000,7081.525398,1240,51,0.941244,0.2188
5524000,7035.930222,1247,64,0.942295,0.2500
5526000,7116.431015,1262,54,0.953745,0.2031
5528000,7068.202235,1240,52,0.959111,0.1797
5530000,6894.084104,1227,62,0.940024,0.2734
5532000,6607.202728,1231,63,0.943023,0.2812
5534000,6778.913023,1201,72,0.944805,0.2500
5536000,6758.376979,1203,79,0.948182,0.3125
5538000,6586.579051,1223,71,0.955361,0.3516
5540000,6872.074591,1220,64,0.954548,0.2734
5542000,6544.134483,1214,72,0.918871,0.2422
5544000,6537.149276,1210,76,0.830006,0.3203
5546000,6825.333983,1220,75,0.926630,0.2109
5548000,7447.841518,1240,62,0.953736,0.2188
5550000,7585.413511,1231,65,0.954315,0.2812
5552000,7694.739719,1224,76,0.961495,0.3203
5554000,7465.370870,1207,75,0.879610,0.3203
5556000,7980.098631,1205,72,0.973103,0.2734
5558000,8013.599654,1228,67,0.975159,0.2734
5560000,8038.474830,1214,75,0.974032,0.2656
5562000,8008.462247,1234,66,0.978332,0.2891
5564000,8069.577159,1219,68,0.978668,0.2734
5566000,7360.257999,1186,81,0.977497,0.2891
5568000,7466.000782,1187,78,0.979146,0.2500
5570000,7463.065990,1186,77,0.974245,0.3672
5572000,7399.307815,1187,63,0.963463,0.3125
5574000,7257.701944,1190,76,0.951194,0.2734
5576000,7323.575755,1212,71,0.954332,0.2812
5578000,7224.407455,1231,79,0.963981,0.2656
5580000,7027.744190,1214,65,0.961998,0.2500
5582000,7229.360760,1195,65,0.971927,0.2656
5584000,6943.311275,1203,74,0.901660,0.3438
5586000,7558.226075,1199,74,0.975130,0.3516
5588000,7357.947891,1214,70,0.962259,0.3594
5590000,7439.343270,1218,68,0.960588,0.3281
5592000,7551.868750,1233,65,0.966338,0.3516
5594000,7500.770156,1227,70,0.968836,0.2109
5596000,7482.191230,1235,76,0.950099,0.2344
5598000,7536.373694,1245,64,0.928963,0.1875
5600000,6833.747803,1213,68,0.903238,0.2344
5602000,6649.465212,1231,63,0.875525,0.2656
5604000,6480.330587,1233,70,0.895495,0.2969
5606000,7051.274974,1262,57,0.936913,0.3047
5608000,7084.993406,1243,64,0.951107,0.2734
5610000,7018.102555,1228,72,0.936509,0.2969
5612000,7278.899510,1256,57,0.939791,0.3516
5614000,7996.242758,1261,65,0.970723,0.2500
5616000,7678.806999,1252,62,0.953711,0.2500
5618000,7629.947126,1261,58,0.967335,0.2109
5620000,7830.758430,1247,63,0.958010,0.3203
5622000,7518.789404,1249,69,0.943785,0.3750
5624000,7545.631571,1255,78,0.921503,0.2734
5626000,8076.728390,1252,54,0.964040,0.2344
5628000,8299.271390,1264,54,0.961201,0.2812
5630000,8174.374790,1246,66,0.902626,0.2891
5632000,8619.736419,1244,69,0.967412,0.2734
5634000,8163.652812,1237,74,0.961440,0.3438
5636000,8609.227207,1194,70,0.958086,0.3047
5638000,8369.422110,1198,74,0.939076,0.2734
5640000,8469.269246,1214,75,0.963129,0.3125
5642000,8393.238775,1205,77,0.963136,0.3594
5644000,8382.475648,1220,83,0.970736,0.3047
5646000,8235.289654,1219,70,0.971809,0.3906
5648000,8279.068828,1248,59,0.975292,0.2266
5650000,8787.157350,1227,75,0.977789,0.2578
5652000,9072.383147,1212,66,0.979568,0.3125
5654000,9079.400151,1219,76,0.983307,0.2344
5656000,8994.023934,1219,68,0.980669,0.2578
5658000,8984.742675,1199,68,0.985212,0.1953
5660000,8865.486055,1204,64,0.983099,0.3203
5662000,8853.478835,1194,66,0.977067,0.3594
5664000,8901.976542,1189,83,0.973869,0.3047
5666000,8770.873644,1200,78,0.972239,0.2734
5668000,8700.607180,1211,65,0.970752,0.2969
5670000,8693.644219,1236,69,0.978850,0.2578
5672000,8713.955198,1235,77,0.944455,0.3359
5674000,9034.501863,1253,55,0.976759,0.2188
5676000,9076.606060,1252,61,0.921737,0.2656
5678000,9228.670575,1245,68,0.974929,0.2266
5680000,9107.212710,1248,58,0.964027,0.3203
5682000,8849.195500,1241,66,0.961570,0.2344
5684000,9019.100055,1230,74,0.963404,0.2500
5686000,8887.439846,1233,65,0.959820,0.2969
5688000,9356.371966,1230,59,0.978798,0.2812
5690000,9195.012044,1249,59,0.947967,0.2734
5692000,9320.475679,1239,67,0.974715,0.2500
5694000,9301.205152,1241,72,0.973251,0.2578
5696000,8946.217790,1239,77,0.939441,0.2031
5698000,8685.000120,1239,80,0.978548,0.2812
5700000,8402.289255,1202,74,0.973508,0.3281
5702000,8304.225670,1226,62,0.940831,0.3359
5704000,8413.391324,1232,55,0.947507,0.2734
5706000,8387.449454,1228,67,0.958911,0.3203
5708000,8966.875411,1263,61,0.936982,0.2969
5710000,8942.301895,1245,51,0.913799,0.1719
5712000,9100.307750,1223,63,0.957542,0.3438
5714000,9026.302200,1209,69,0.950444,0.2500
5716000,8914.203123,1211,73,0.947357,0.2422
5718000,8756.998763,1226,69,0.947165,0.2344
5720000,8272.366103,1218,69,0.912694,0.3672
5722000,7855.919911,1214,74,0.938027,0.3516
5724000,7995.906275,1213,78,0.951446,0.3594
5726000,8103.795223,1236,63,0.972063,0.2344
5728000,8339.020475,1252,61,0.972364,0.2344
5730000,8698.911179,1229,71,0.948046,0.2578
5732000,8452.278012,1227,69,0.970243,0.2734
5734000,8550.701475,1224,59,0.968481,0.2734
5736000,8388.876471,1227,57,0.969015,0.3125
5738000,8291.805183,1225,61,0.967317,0.3125
5740000,8176.380415,1215,71,0.965731,0.2031
5742000,8144.696879,1215,69,0.965391,0.3203
5744000,7322.606043,1210,77,0.937148,0.2656
5746000,7470.460966,1212,70,0.962671,0.2969
5748000,7824.162678,1216,76,0.918806,0.2500
5750000,7599.079928,1216,67,0.966537,0.2734
5752000,7807.080302,1246,55,0.974069,0.2812
5754000,7342.775432,1252,58,0.973129,0.2578
5756000,7488.878086,1244,70,0.942826,0.2578
5758000,7617.455175,1254,54,0.961659,0.2188
5760000,7668.416422,1258,53,0.962445,0.2812
5762000,6829.145959,1247,58,0.943032,0.2891
5764000,6569.792822,1222,58,0.900282,0.3516
5766000,6501.859158,1229,65,0.879732,0.2266
5768000,6634.904942,1212,78,0.872350,0.3125
5770000,5899.941688,1196,88,0.932483,0.2344
5772000,6176.045803,1200,86,0.958643,0.3438
5774000,6252.085179,1227,70,0.943824,0.2812
5776000,6692.402955,1215,78,0.971845,0.3438
5778000,6633.692699,1225,72,0.970534,0.2891
5780000,6838.195651,1206,65,0.974222,0.2422
5782000,6755.728928,1216,71,0.961309,0.2891
5784000,6846.022375,1243,61,0.969748,0.3281
5786000,6882.382556,1213,61,0.968795,0.2969
5788000,6731.008366,1204,66,0.967323,0.3125
5790000,6597.271920,1187,67,0.967396,0.2578
5792000,6403.684732,1218,59,0.899541,0.2188
5794000,6194.081094,1193,84,0.950089,0.2969
5796000,6363.656407,1214,71,0.937365,0.3672
5798000,6571.837255,1203,76,0.896791,0.3281
5800000,7159.583415,1229,56,0.947822,0.2578
5802000,6871.750214,1223,57,0.943585,0.2891
5804000,6563.883212,1192,67,0.936077,0.2500
5806000,6993.889547,1216,57,0.871333,0.3359
5808000,7802.826670,1231,67,0.978756,0.2969
5810000,7944.514720,1225,63,0.978997,0.2734
5812000,7978.526035,1210,74,0.947759,0.3125
5814000,7885.889454,1195,78,0.971293,0.2969
5816000,7779.376991,1215,75,0.974159,0.3203
5818000,8121.856275,1220,87,0.983969,0.3047
5820000,9015.728126,1225,79,0.981656,0.3828
5822000,8905.900672,1233,62,0.980724,0.2969
5824000,9164.687011,1231,57,0.970634,0.2891
5826000,8800.918382,1256,72,0.976574,0.2578
5828000,8477.789495,1246,72,0.960280,0.3359
5830000,8628.227726,1233,76,0.962140,0.2969
5832000,8682.846550,1235,63,0.978323,0.2656
5834000,8903.182566,1219,65,0.977460,0.3203
5836000,9036.461918,1251,60,0.970996,0.2578
5838000,9020.103767,1244,75,0.974343,0.2656
5840000,8946.311560,1232,77,0.966932,0.3047
5842000,8957.161608,1232,73,0.962533,0.2500
5844000,9229.521095,1212,81,0.978071,0.2188
5846000,9211.436774,1218,75,0.964364,0.2656
5848000,9677.851000,1225,72,0.978772,0.3438
5850000,9807.596126,1230,61,0.943960,0.3203
5852000,10111.307030,1225,59,0.981308,0.3594
5854000,9944.848875,1216,70,0.980281,0.2656
5856000,10209.989211,1219,66,0.982814,0.2578
5858000,9753.138144,1228,60,0.942724,0.2812
5860000,9806.304060,1217,71,0.984401,0.2500
5862000,9515.787206,1226,59,0.930561,0.3125
5864000,9523.115718,1234,75,0.930615,0.2500
5866000,9841.401715,1227,81,0.968149,0.2812
5868000,9653.570295,1232,78,0.972088,0.3203
5870000,9598.745795,1233,47,0.971361,0.2734
5872000,9535.286480,1234,72,0.972364,0.2812
5874000,9762.841363,1244,62,0.975794,0.2500
5876000,9871.982080,1252,62,0.975273,0.2188
5878000,9980.266699,1214,76,0.965560,0.2969
5880000,9723.655183,1230,72,0.968971,0.2969
5882000,9815.344379,1237,68,0.914849,0.3359
5884000,9855.419696,1222,59,0.957612,0.2812
5886000,10062.553995,1206,58,0.948214,0.2109
5888000,10170.184094,1221,64,0.977766,0.2969
5890000,10077.956910,1207,73,0.980855,0.3438
5892000,9687.911067,1206,71,0.952147,0.2422
5894000,9695.497375,1218,62,0.978801,0.2656
5896000,9923.964435,1212,71,0.981606,0.3047
5898000,9078.508172,1224,67,0.964801,0.3281
5900000,9072.540046,1217,79,0.941054,0.2656
5902000,9403.868535,1223,72,0.965709,0.3438
5904000,9385.383838,1236,69,0.965464,0.3828
5906000,9386.817750,1244,67,0.963862,0.2969
5908000,9938.886983,1237,67,0.963686,0.2969
5910000,10153.757334,1215,78,0.963726,0.3359
5912000,10133.942352,1246,60,0.980449,0.2734
5914000,10199.672700,1257,50,0.980436,0.2656
5916000,9893.775534,1256,67,0.980309,0.2578
5918000,9912.647910,1251,72,0.980674,0.4219
5920000,10309.698227,1252,71,0.975335,0.3125
5922000,10531.853303,1242,73,0.981135,0.2422
5924000,10680.116439,1240,59,0.981398,0.3047
5926000,10842.460419,1227,61,0.978678,0.1797
5928000,10936.343200,1230,69,0.982483,0.3125
5930000,10831.124414,1248,64,0.985784,0.3672
5932000,10707.646979,1235,79,0.982108,0.2344
5934000,10523.517015,1236,64,0.983137,0.2969
5936000,10696.273436,1235,77,0.968452,0.2891
5938000,10443.553686,1221,91,0.976052,0.3359
5940000,10604.959119,1226,73,0.969128,0.3203
5942000,10417.693955,1250,62,0.972219,0.2656
5944000,10082.339119,1237,57,0.973893,0.2500
5946000,10109.101495,1239,66,0.976320,0.2266
5948000,9939.386720,1215,68,0.973145,0.3438
5950000,9680.000230,1207,71,0.948451,0.4062
5952000,9977.288684,1223,72,0.963574,0.3281
5954000,9543.207990,1221,76,0.975702,0.3594
5956000,9615.077480,1203,77,0.972215,0.3359
5958000,9672.635915,1213,77,0.975779,0.3125
5960000,9792.135830,1241,60,0.975519,0.2812
5962000,9649.901455,1231,54,0.979630,0.2969
5964000,9495.380915,1218,68,0.966740,0.3203
5966000,9855.855895,1236,62,0.979528,0.3047
5968000,9443.561902,1208,85,0.982389,0.2812
5970000,9851.860814,1226,67,0.975162,0.2969
5972000,9959.743787,1211,77,0.955606,0.3750
5974000,10086.852878,1209,81,0.935267,0.3438
5976000,10099.667343,1241,79,0.985947,0.4062
5978000,9747.072375,1247,70,0.925721,0.3359
5980000,9595.488278,1225,75,0.976730,0.3047
5982000,9471.788718,1228,66,0.976744,0.2578
5984000,9799.371203,1215,58,0.978165,0.2578
5986000,9643.270915,1203,78,0.952677,0.2969
5988000,9979.759307,1216,62,0.959935,0.2656
5990000,10280.470654,1203,66,0.979232,0.2344
5992000,9981.397086,1232,69,0.940755,0.3672
5994000,9676.296271,1240,65,0.945664,0.2031
5996000,9737.907872,1237,62,0.958382,0.2578
5998000,9821.657000,1242,64,0.960938,0.2188
6000000,9338.816115,1252,53,0.913665,0.2656
6002000,9397.649470,1255,49,0.963521,0.2734
6004000,9678.168403,1263,56,0.973703,0.3047
6006000,9260.263367,1257,60,0.921821,0.2734
6008000,9113.497719,1243,60,0.950218,0.2266
6010000,9509.407511,1260,59,0.980362,0.2188
6012000,9686.395095,1221,70,0.984006,0.2734
6014000,9710.667630,1238,66,0.976508,0.2266
6016000,9866.124078,1241,65,0.963491,0.2812
6018000,9536.305372,1254,65,0.980120,0.2031
6020000,9472.150059,1244,75,0.983469,0.3281
6022000,9474.013991,1259,66,0.983025,0.2422
6024000,9547.356987,1248,58,0.982237,0.2266
6026000,9008.456055,1247,55,0.975814,0.2891
6028000,9117.837087,1259,61,0.943106,0.2578
6030000,9380.980000,1260,56,0.935654,0.2031
6032000,9271.910055,1248,64,0.930515,0.2734
6034000,9340.689815,1243,58,0.957874,0.3125
6036000,9259.926715,1242,58,0.907740,0.2422
6038000,9372.652664,1246,59,0.927384,0.3359
6040000,9381.787086,1244,59,0.914446,0.2578
6042000,9054.635464,1244,63,0.969412,0.2500
6044000,9162.390815,1244,54,0.964371,0.2812
6046000,9103.071635,1237,57,0.968873,0.2812
6048000,8960.795376,1251,63,0.956305,0.2969
6050000,8903.879551,1261,60,0.956612,0.3125
6052000,8957.968534,1254,73,0.966794,0.2812
6054000,9153.884700,1245,66,0.966950,0.3125
6056000,9008.175766,1238,64,0.961056,0.2344
6058000,9140.470750,1245,71,0.972755,0.3203
6060000,9060.042400,1248,58,0.974833,0.3516
6062000,9200.374188,1253,55,0.975377,0.2188
6064000,9408.322096,1263,66,0.972760,0.2969
6066000,8809.031395,1243,72,0.938956,0.3203
6068000,8362.080630,1262,58,0.952739,0.2891
6070000,9236.370131,1256,61,0.934581,0.2969
6072000,9746.140575,1265,62,0.974721,0.2578
6074000,9654.007123,1269,54,0.974861,0.2266
6076000,9764.411980,1243,61,0.964771,0.2891
6078000,9717.881574,1250,64,0.969668,0.2266
6080000,9792.017015,1223,66,0.970421,0.3984
6082000,9863.702380,1216,78,0.987195,0.3125
6084000,9406.675427,1214,57,0.954654,0.2656
6086000,9450.216150,1208,74,0.960395,0.3047
6088000,9344.981891,1227,60,0.950604,0.2109
6090000,9784.114560,1208,74,0.941159,0.2891
6092000,10060.420680,1211,66,0.986951,0.2969
6094000,9907.881007,1207,69,0.989093,0.2969
6096000,10161.769230,1212,71,0.990306,0.3047
6098000,9746.590798,1225,72,0.976511,0.2656
6100000,9713.840444,1224,63,0.959593,0.3125
6102000,9569.606231,1202,64,0.940991,0.3594
6104000,9235.057790,1233,73,0.963747,0.2734
6106000,9086.221927,1225,67,0.970179,0.3047
6108000,9313.653103,1236,57,0.970904,0.3047
6110000,9188.494015,1215,76,0.984763,0.2656
6112000,9189.729190,1207,79,0.970224,0.2891
6114000,9134.344955,1236,65,0.967240,0.2422
6116000,9552.347475,1247,54,0.960532,0.1953
6118000,9807.193955,1263,44,0.991174,0.2188
6120000,9686.171736,1262,53,0.987896,0.2891
6122000,9787.973366,1235,68,0.987996,0.2188
6124000,9477.204575,1237,68,0.973032,0.2734
6126000,9256.226291,1230,75,0.980255,0.3203
6128000,9493.615555,1215,84,0.983300,0.3203
6130000,9576.505755,1228,73,0.984477,0.3359
6132000,8980.750435,1243,54,0.973179,0.3047
6134000,9084.647756,1222,73,0.977831,0.2656
6136000,9057.949580,1212,73,0.977174,0.2500
6138000,9730.192099,1221,69,0.985497,0.2578
6140000,9262.712616,1233,60,0.973675,0.2500
6142000,9118.313740,1236,61,0.947253,0.2891
6144000,9029.148232,1213,82,0.975181,0.2891
6146000,8815.438166,1204,82,0.965525,0.3203
6148000,8501.198471,1207,74,0.966490,0.3359
6150000,8538.441630,1211,70,0.978177,0.2188
6152000,8693.236126,1210,80,0.961516,0.2656
6154000,8566.186803,1212,70,0.957316,0.2266
6156000,8807.156920,1191,86,0.954612,0.3047
6158000,8879.255003,1219,68,0.969305,0.3594
6160000,8641.836848,1227,64,0.966533,0.3047
6162000,8426.151507,1220,83,0.984047,0.2969
6164000,8409.226507,1243,60,0.977041,0.2188
6166000,8520.839574,1247,58,0.977752,0.2656
6168000,8874.275262,1223,66,0.988455,0.2422
6170000,8383.261995,1208,83,0.967161,0.3125
6172000,7835.982332,1207,72,0.943992,0.3125
6174000,7672.598680,1233,59,0.947219,0.2266
6176000,7583.683295,1228,75,0.945220,0.2812
6178000,7748.710600,1245,66,0.923368,0.2266
6180000,8277.094028,1229,71,0.972546,0.2812
6182000,7997.387500,1222,68,0.962728,0.2578
6184000,7905.324990,1226,72,0.953204,0.3125
6186000,8233.466587,1246,76,0.977996,0.3438
6188000,8131.977983,1240,70,0.980549,0.3047
6190000,8012.445831,1255,64,0.973240,0.3281
6192000,7879.214910,1236,72,0.977805,0.3281
6194000,7680.567095,1224,73,0.981954,0.3359
6196000,7729.159191,1235,78,0.983218,0.2969
6198000,7987.039670,1231,68,0.982660,0.3359
6200000,8304.146652,1225,69,0.979455,0.2734
6202000,7926.027335,1235,71,0.923988,0.2344
6204000,8145.365923,1233,64,0.967542,0.3438
6206000,8299.095340,1236,59,0.978310,0.2656
6208000,8532.168990,1211,69,0.982501,0.2812
6210000,8987.491035,1206,75,0.986143,0.3203
6212000,8786.660463,1222,71,0.958914,0.2578
6214000,9099.601766,1216,85,0.987477,0.2656
6216000,8875.768780,1214,86,0.974317,0.2734
6218000,8898.762039,1208,84,0.969673,0.3203
6220000,8171.145323,1228,76,0.959087,0.2578
6222000,8406.294172,1244,73,0.963840,0.2734
6224000,8101.462094,1248,64,0.921135,0.2344
6226000,8014.082622,1244,73,0.936910,0.3125
6228000,7948.613019,1239,71,0.939198,0.2422
6230000,7751.370683,1266,58,0.932867,0.2578
6232000,8093.704220,1256,70,0.964678,0.2734
6234000,7963.157875,1262,55,0.982943,0.2969
6236000,7472.107055,1269,44,0.947665,0.2812
6238000,7548.727683,1274,46,0.945402,0.2109
6240000,8018.284040,1242,72,0.980365,0.4219
6242000,8265.077288,1251,57,0.977706,0.2734
6244000,8020.691302,1229,72,0.975745,0.2656
6246000,8359.260902,1240,67,0.984098,0.2344
6248000,8646.139520,1240,72,0.985367,0.2812
6250000,8066.995350,1236,65,0.947980,0.2500
6252000,8164.982075,1218,89,0.954395,0.3359
6254000,8323.341311,1234,79,0.982766,0.2500
6256000,8384.670662,1238,71,0.980762,0.2734
6258000,8349.971243,1231,65,0.971884,0.2969
6260000,7963.186982,1244,58,0.875908,0.2188
6262000,8561.366000,1242,58,0.977521,0.2734
6264000,8464.433287,1224,68,0.975619,0.3203
6266000,7959.636540,1262,62,0.896369,0.3047
6268000,8752.544259,1242,55,0.959720,0.2266
6270000,8547.715222,1263,48,0.960861,0.2734
6272000,8739.894494,1263,46,0.968319,0.2266
6274000,8727.343080,1235,60,0.966656,0.3828
6276000,8244.543900,1217,68,0.961788,0.2734
6278000,8146.845631,1190,99,0.933723,0.4219
6280000,8438.189590,1232,70,0.958773,0.4062
6282000,8423.781399,1236,62,0.942651,0.2812
6284000,8234.680083,1227,71,0.944940,0.1719
6286000,8259.309627,1231,73,0.966838,0.2578
6288000,8618.434315,1225,69,0.972577,0.2969
6290000,8569.919875,1229,56,0.966405,0.3203
6292000,8369.140470,1235,66,0.964770,0.2656
6294000,8138.201110,1216,86,0.942469,0.3281
6296000,8235.255487,1231,68,0.942345,0.2656
6298000,8124.333998,1247,66,0.939201,0.2734
6300000,8349.183103,1246,65,0.956254,0.3125
6302000,8392.890700,1216,65,0.941959,0.2969
6304000,8344.042587,1215,70,0.943752,0.2812
6306000,8264.827051,1207,85,0.922021,0.3203
6308000,8296.107692,1196,84,0.930660,0.2500
6310000,8226.068950,1211,91,0.925066,0.3281
6312000,8361.177091,1232,75,0.965885,0.2578
6314000,8165.063590,1250,57,0.957345,0.2266
6316000,8078.215910,1234,61,0.947581,0.2656
6318000,7678.176751,1214,67,0.925462,0.2422
6320000,7792.147975,1232,69,0.936812,0.2812
6322000,7875.720595,1236,57,0.949684,0.2734
6324000,8193.690807,1236,60,0.955650,0.2734
6326000,8051.903815,1224,64,0.953469,0.2578
6328000,7846.023356,1216,67,0.977095,0.2578
6330000,8138.589983,1197,83,0.950392,0.3047
6332000,8141.316315,1196,82,0.950836,0.2656
6334000,8300.755710,1219,75,0.982755,0.3125
6336000,7846.596950,1228,67,0.978542,0.2578
6338000,8041.696523,1234,75,0.976546,0.2578
6340000,8063.815824,1206,78,0.981498,0.3672
6342000,8109.356062,1193,88,0.979973,0.3203
6344000,8444.128719,1229,72,0.973794,0.2891
6346000,8419.437448,1208,80,0.974785,0.3438
6348000,8291.529671,1243,56,0.975118,0.2266
6350000,8375.292103,1238,58,0.974508,0.2656
6352000,7732.675240,1236,65,0.940485,0.3125
6354000,8027.458358,1226,70,0.964827,0.3203
6356000,8091.360335,1217,76,0.979243,0.2656
6358000,8019.392907,1223,62,0.949698,0.3359
6360000,7513.030223,1216,66,0.944681,0.2188
6362000,7264.739552,1199,87,0.958317,0.3281
6364000,7353.926316,1221,63,0.956894,0.2656
6366000,7271.913951,1210,68,0.941057,0.2812
6368000,7506.239500,1218,55,0.963941,0.2188
6370000,7284.501551,1212,78,0.959882,0.2578
6372000,7602.499735,1184,90,0.927743,0.2656
6374000,7766.294283,1181,91,0.962440,0.2969
6376000,7213.395292,1214,75,0.905604,0.2891
6378000,7162.641048,1201,81,0.966336,0.2344
6380000,7428.309270,1217,76,0.972340,0.2656
6382000,7326.955071,1213,72,0.949657,0.2812
6384000,7505.596238,1225,66,0.975096,0.2812
6386000,7513.686812,1210,77,0.974888,0.3047
6388000,7374.230631,1237,57,0.962262,0.2500
6390000,7340.435975,1234,68,0.961246,0.2812
6392000,7156.989067,1236,60,0.964317,0.3750
6394000,7213.231815,1263,59,0.978970,0.2969
6396000,7178.282999,1234,71,0.973362,0.2422
6398000,6528.882947,1237,56,0.928518,0.2422
6400000,7006.681851,1226,67,0.946362,0.3047
6402000,7037.919640,1210,73,0.952340,0.2891
6404000,6992.390566,1219,66,0.953735,0.2891
6406000,6656.463783,1210,74,0.923152,0.3359
6408000,6395.791806,1216,73,0.954741,0.3125
6410000,6662.406270,1220,63,0.962644,0.2266
6412000,6558.312279,1218,73,0.964666,0.3125
6414000,6451.133302,1210,80,0.939330,0.1953
6416000,6270.232894,1201,71,0.918269,0.3125
6418000,6454.345211,1206,71,0.908850,0.3516
6420000,6584.120950,1220,68,0.880929,0.3125
6422000,6364.833347,1199,86,0.940608,0.2422
6424000,6735.170095,1205,93,0.897015,0.3906
6426000,6785.297835,1215,73,0.942993,0.2891
6428000,6512.411782,1223,70,0.885758,0.2344
6430000,6909.868451,1229,79,0.939226,0.2969
6432000,6987.481175,1213,78,0.954916,0.2500
6434000,6806.928995,1239,61,0.890881,0.2734
6436000,6868.822000,1213,73,0.922007,0.3750
6438000,6749.404184,1216,73,0.895400,0.2500
6440000,6538.239592,1229,66,0.868010,0.2891
6442000,6655.159967,1225,65,0.905690,0.3047
6444000,6596.374791,1228,63,0.905735,0.2891
6446000,7078.896192,1232,68,0.947813,0.2266
6448000,6936.127583,1229,57,0.937973,0.2969
6450000,6189.016003,1234,58,0.851427,0.3281
6452000,6321.073727,1245,55,0.820469,0.3047
6454000,6437.416667,1247,56,0.897866,0.1875
6456000,6592.686743,1219,75,0.892694,0.2891
6458000,6120.202352,1228,62,0.954457,0.2578
6460000,6152.905040,1208,73,0.952776,0.2500
6462000,6601.044015,1207,60,0.970035,0.2969
6464000,5749.045287,1196,74,0.875386,0.3281
6466000,6579.801387,1190,88,0.920096,0.2422
6468000,6679.309391,1218,63,0.932244,0.2812
6470000,6782.716700,1211,68,0.921243,0.2500
6472000,6925.674998,1206,83,0.925422,0.3203
6474000,7166.033734,1230,61,0.975388,0.2344
6476000,7079.833839,1217,68,0.968367,0.2812
6478000,6889.327807,1200,74,0.965985,0.2891
6480000,6849.334839,1244,64,0.940083,0.2734
6482000,6930.877899,1227,70,0.956721,0.2656
6484000,6807.800382,1235,63,0.956155,0.3125
6486000,6700.303304,1232,75,0.909823,0.2266
6488000,6808.610910,1226,72,0.909738,0.3359
6490000,6882.780262,1207,80,0.910930,0.2969
6492000,6968.237016,1213,75,0.952844,0.2578
6494000,6946.864310,1221,84,0.960737,0.2578
6496000,7155.536475,1246,55,0.943566,0.2891
6498000,7482.655143,1239,66,0.960864,0.3047
6500000,7514.754775,1206,71,0.963372,0.2969
6502000,7379.367246,1211,60,0.934686,0.3125
6504000,6694.668415,1220,65,0.930867,0.2578
6506000,6736.405134,1221,74,0.962920,0.3594
6508000,6889.081415,1221,69,0.942947,0.2812
6510000,7007.823520,1206,83,0.947454,0.3672
6512000,7078.604478,1213,81,0.908224,0.3047
6514000,7125.409247,1221,60,0.912566,0.2969
6516000,6746.047215,1221,68,0.896337,0.3203
6518000,7853.534438,1213,74,0.981409,0.2734
6520000,7882.730428,1213,78,0.981301,0.3047
6522000,7673.292766,1217,71,0.981591,0.2578
6524000,7519.050427,1223,71,0.981004,0.2578
6526000,7453.370902,1224,69,0.972569,0.2500
6528000,7379.335371,1227,66,0.959446,0.2734
6530000,7267.696027,1233,55,0.969989,0.2422
6532000,7187.158603,1222,53,0.970863,0.2266
6534000,6679.706016,1211,74,0.936393,0.2734
6536000,6693.445008,1196,75,0.944345,0.2500
6538000,6847.929439,1222,54,0.972769,0.2734
6540000,7120.067115,1213,68,0.961482,0.3359
6542000,6992.190942,1222,65,0.962128,0.3438
6544000,6926.761600,1213,60,0.962677,0.2891
6546000,6690.625638,1190,83,0.965676,0.2812
6548000,6545.705279,1205,77,0.927018,0.2266
6550000,6490.874790,1219,66,0.923988,0.2578
6552000,6573.946591,1235,58,0.939813,0.2656
6554000,6300.293072,1236,61,0.938633,0.2422
6556000,6257.549547,1228,78,0.939338,0.3203
6558000,6159.876806,1205,75,0.939376,0.3438
6560000,5944.541459,1224,66,0.888721,0.3125
6562000,6149.260600,1227,61,0.938143,0.2891
6564000,6082.912651,1215,60,0.955024,0.3438
6566000,6284.827020,1227,65,0.942802,0.2891
6568000,6269.882728,1222,70,0.950703,0.3438
6570000,6393.304012,1223,68,0.952858,0.2812
6572000,6214.777454,1212,73,0.878941,0.2891
6574000,6641.555947,1210,65,0.969689,0.3125
6576000,6793.349518,1242,56,0.968991,0.2734
6578000,6987.084899,1228,60,0.974957,0.1875
6580000,7548.063830,1227,56,0.957053,0.2344
6582000,7718.237980,1215,72,0.964035,0.3516
6584000,7672.628350,1214,65,0.967044,0.2656
6586000,7522.127456,1214,81,0.968225,0.2578
6588000,7395.620830,1210,79,0.964172,0.3438
6590000,7466.650307,1219,72,0.963459,0.2969
6592000,7291.313804,1184,74,0.961932,0.2344
6594000,6666.716496,1204,61,0.803411,0.2344
6596000,7389.602487,1217,65,0.949624,0.2109
6598000,7478.161358,1188,81,0.924233,0.2891
6600000,7974.376792,1205,72,0.969688,0.2188
6602000,7916.094940,1206,74,0.958575,0.2422
6604000,7858.921928,1223,64,0.962928,0.2109
6606000,7807.342175,1224,69,0.962425,0.1484
6608000,7737.840064,1212,83,0.968716,0.2734
6610000,7729.999760,1204,89,0.967789,0.2734
6612000,7746.039324,1204,78,0.966731,0.2500
6614000,7723.557598,1193,87,0.969420,0.2734
6616000,7321.745415,1220,68,0.964598,0.2969
6618000,7318.306550,1214,75,0.958979,0.2812
6620000,7296.849647,1223,78,0.965150,0.2812
6622000,7064.854694,1231,57,0.957344,0.2734
6624000,7009.895990,1225,73,0.953362,0.3281
6626000,7253.522287,1220,79,0.955485,0.2422
6628000,7189.347059,1230,71,0.965645,0.2500
6630000,7423.874430,1231,48,0.960088,0.2500
6632000,7575.757430,1211,60,0.964027,0.1797
6634000,6487.148216,1217,73,0.919442,0.3281
6636000,6618.690179,1219,75,0.922144,0.2500
6638000,6498.419494,1225,83,0.938321,0.2500
6640000,6314.638099,1222,82,0.894959,0.3516
6642000,6420.973363,1219,69,0.940127,0.3125
6644000,5779.829190,1226,72,0.716278,0.2500
6646000,6332.698355,1224,67,0.978222,0.2500
6648000,6331.563103,1232,60,0.975766,0.2500
6650000,6100.382875,1226,69,0.974584,0.3516
6652000,6444.218827,1229,80,0.960967,0.2500
6654000,5697.447467,1226,75,0.919589,0.2578
6656000,5720.338439,1234,77,0.880210,0.2891
6658000,5686.983271,1244,66,0.888777,0.2891
6660000,5781.261995,1233,68,0.884220,0.2812
6662000,5931.899095,1214,69,0.920694,0.2734
6664000,5897.906270,1221,73,0.881290,0.3359
6666000,5641.860611,1240,69,0.770293,0.2656
6668000,6211.161436,1234,75,0.920236,0.2422
6670000,6042.689083,1234,68,0.925113,0.3281
6672000,5926.955839,1222,68,0.890662,0.2578
6674000,5939.349031,1223,61,0.922378,0.3438
6676000,5422.373623,1228,70,0.920020,0.2422
6678000,5634.043323,1225,69,0.945317,0.3281
6680000,5382.767040,1190,80,0.870348,0.2656
6682000,5699.537094,1229,63,0.952902,0.3438
6684000,5458.405455,1202,81,0.954715,0.2656
6686000,5423.464275,1218,72,0.965729,0.2734
6688000,5052.702726,1231,61,0.907679,0.2734
6690000,4891.244215,1227,70,0.929933,0.3047
6692000,5409.452448,1185,79,0.954857,0.1953
6694000,5151.920246,1210,67,0.935086,0.2344
6696000,5117.167260,1197,71,0.942655,0.3203
6698000,4717.699550,1199,77,0.917001,0.2891
6700000,4640.770967,1224,77,0.938937,0.3672
6702000,4689.553407,1230,67,0.938477,0.2812
6704000,4641.933187,1214,66,0.943838,0.2578
6706000,4677.696599,1231,61,0.942369,0.2500
6708000,3461.356344,1242,64,0.553621,0.2734
6710000,4446.312407,1219,72,0.959858,0.3516
6712000,4853.115790,1192,77,0.950215,0.3203
6714000,4682.260855,1190,77,0.934128,0.3359
6716000,4608.065142,1207,80,0.891023,0.3125
6718000,4661.108975,1218,70,0.811093,0.2969
6720000,4713.639278,1181,82,0.941253,0.3594
6722000,4379.977358,1194,72,0.910386,0.3203
6724000,4659.867127,1205,76,0.955014,0.3203
6726000,4870.971071,1203,80,0.950529,0.3672
6728000,4543.691543,1185,79,0.946092,0.2500
6730000,4581.308232,1176,92,0.902659,0.3750
6732000,4932.534839,1193,70,0.948318,0.3281
6734000,4906.371091,1197,78,0.943940,0.3125
6736000,4579.212495,1193,76,0.918358,0.2656
6738000,4833.274678,1186,74,0.953856,0.2969
6740000,4338.242814,1196,83,0.882822,0.2578
6742000,4761.777020,1199,66,0.946788,0.3047
6744000,4849.865270,1214,71,0.940050,0.3047
6746000,5020.619035,1193,82,0.967278,0.3750
6748000,4980.587800,1201,69,0.969719,0.3516
6750000,4818.211020,1202,75,0.924047,0.3125
6752000,4754.316875,1184,85,0.923285,0.2891
6754000,5236.145872,1204,67,0.960190,0.2812
6756000,5209.541222,1219,71,0.958947,0.3125
6758000,5224.528267,1220,65,0.957520,0.2891
6760000,5135.421004,1225,57,0.953875,0.2422
6762000,4584.973166,1209,66,0.894590,0.2188
6764000,4635.151374,1182,81,0.945570,0.2969
6766000,4676.922270,1167,85,0.937723,0.3516
6768000,4770.239027,1196,65,0.928696,0.3672
6770000,4882.873555,1189,60,0.934933,0.3281
6772000,4940.218942,1221,71,0.959787,0.3125
6774000,4981.775502,1222,72,0.971906,0.2734
6776000,4762.105175,1225,67,0.939070,0.2500
6778000,4758.864926,1232,52,0.947072,0.2500
6780000,4880.786844,1223,57,0.965826,0.2656
6782000,4860.329800,1210,73,0.955876,0.2109
6784000,5112.852159,1217,66,0.971113,0.3047
6786000,4919.697527,1213,67,0.843649,0.3203
6788000,4653.356915,1199,72,0.880760,0.2031
6790000,5341.212775,1209,79,0.970562,0.2656
6792000,5309.015214,1212,68,0.958024,0.3125
6794000,5285.953315,1226,54,0.956164,0.2266
6796000,5391.023235,1197,74,0.969716,0.3281
6798000,5443.266755,1219,65,0.966489,0.2734
6800000,5450.961800,1208,76,0.961322,0.3203
6802000,5366.838232,1203,70,0.943039,0.3203
6804000,5269.685174,1228,71,0.953745,0.3672
6806000,5367.232780,1224,69,0.956303,0.3047
6808000,5486.873515,1229,64,0.975242,0.2188
6810000,5212.641699,1218,76,0.961155,0.2734
6812000,5489.199619,1226,57,0.954113,0.3281
6814000,5716.612800,1228,66,0.961052,0.2344
6816000,5640.702419,1228,65,0.969814,0.2344
6818000,5616.384895,1211,72,0.962465,0.2266
6820000,5628.720723,1212,70,0.960914,0.2109
6822000,5514.608355,1223,67,0.934998,0.2656
6824000,5320.010060,1208,84,0.952577,0.2812
6826000,5427.552375,1218,75,0.963753,0.2734
6828000,5329.148331,1207,66,0.971468,0.2344
6830000,5406.940615,1223,64,0.970538,0.2422
6832000,5886.654044,1218,67,0.960699,0.2734
6834000,5871.967400,1235,66,0.961201,0.3203
6836000,6231.847443,1230,60,0.948377,0.2344
6838000,6137.770127,1231,70,0.907511,0.3359
6840000,5899.611603,1225,63,0.938014,0.3125
6842000,6708.740467,1234,65,0.971673,0.2969
6844000,6379.355267,1231,68,0.962907,0.3125
6846000,6360.995806,1211,88,0.961190,0.3125
6848000,6338.955227,1242,54,0.957894,0.3516
6850000,6264.335675,1198,67,0.965748,0.2188
6852000,6195.591950,1199,71,0.965358,0.2500
6854000,6334.622588,1187,77,0.979703,0.3047
6856000,6361.364622,1195,78,0.974360,0.1953
6858000,6285.996688,1202,60,0.962964,0.2500
6860000,6358.509755,1206,67,0.952869,0.3281
6862000,6383.390035,1207,67,0.963684,0.2656
6864000,6275.633100,1210,62,0.963794,0.2734
6866000,6341.099547,1182,82,0.934396,0.2656
6868000,6474.482675,1203,81,0.965359,0.2578
6870000,6458.056915,1184,85,0.967345,0.3750
6872000,6556.208247,1220,64,0.967854,0.2969
6874000,6618.409862,1194,74,0.960187,0.2500
6876000,6539.331110,1190,86,0.979222,0.3516
6878000,6747.576990,1197,74,0.973892,0.2891
6880000,6539.167463,1194,69,0.971720,0.3125
6882000,6268.032275,1208,67,0.964122,0.2891
6884000,6055.274323,1214,74,0.936438,0.2344
6886000,5975.359831,1219,63,0.944533,0.3516
6888000,5731.847587,1190,71,0.933501,0.2812
6890000,5821.479995,1180,81,0.949042,0.2734
6892000,6011.591480,1182,91,0.956820,0.3516
6894000,5966.874838,1169,93,0.955884,0.3750
6896000,5808.136750,1191,62,0.921885,0.3438
6898000,6268.006431,1199,70,0.927375,0.2578
6900000,6361.469070,1213,62,0.952440,0.2734
6902000,6385.398155,1224,60,0.974619,0.3203
6904000,6486.664860,1195,77,0.975282,0.2500
6906000,6367.580955,1194,70,0.975245,0.2969
6908000,6215.597175,1204,79,0.956081,0.3828
6910000,6490.044382,1199,79,0.965534,0.3203
6912000,6563.491902,1203,78,0.962629,0.2969
6914000,6217.408366,1182,81,0.968746,0.3359
6916000,6337.140519,1174,81,0.960873,0.3516
6918000,6129.473550,1182,75,0.976396,0.2656
6920000,6016.349622,1172,78,0.975311,0.3125
6922000,6002.567756,1207,68,0.975781,0.3203
6924000,5931.199040,1194,75,0.975611,0.2969
6926000,6034.745199,1200,68,0.973750,0.2812
6928000,6148.665895,1200,71,0.979219,0.2422
6930000,6123.438102,1183,82,0.974346,0.3203
6932000,6124.708279,1186,74,0.976701,0.3984
6934000,5993.364080,1180,77,0.966532,0.3047
6936000,5836.937934,1182,83,0.955089,0.2969
6938000,6139.616750,1182,82,0.977865,0.2656
6940000,6189.636902,1196,71,0.977981,0.3359
6942000,6175.331915,1194,72,0.968490,0.2500
6944000,6120.266350,1182,80,0.972325,0.3281
6946000,6294.658591,1211,56,0.970035,0.1641
6948000,6212.102334,1201,70,0.970569,0.3047
6950000,6093.671535,1210,67,0.974684,0.2422
6952000,6298.444924,1209,58,0.983863,0.2266
6954000,6340.459079,1200,73,0.969878,0.2812
6956000,6280.907763,1221,70,0.967638,0.3359
6958000,6362.495436,1214,60,0.979950,0.2422
6960000,6105.026039,1216,58,0.972005,0.2734
6962000,5532.761979,1219,70,0.973143,0.2578
6964000,5533.790259,1208,75,0.969938,0.3281
6966000,5925.915787,1196,75,0.948455,0.3516
6968000,5976.146800,1229,63,0.967559,0.2812
6970000,5874.332300,1229,67,0.955475,0.2500
6972000,5961.441015,1248,59,0.972752,0.2188
6974000,6053.732239,1224,76,0.974566,0.2891
6976000,6041.117375,1204,81,0.960406,0.2812
6978000,5515.561211,1193,79,0.943043,0.2812
6980000,5807.191227,1174,90,0.974213,0.3750
6982000,5450.575951,1190,78,0.954220,0.3125
6984000,5621.051224,1203,88,0.966621,0.3438
6986000,5155.477254,1223,52,0.930926,0.2891
6988000,4895.583191,1228,64,0.915029,0.2734
6990000,4939.777083,1224,64,0.944928,0.2344
6992000,5334.366070,1214,67,0.942116,0.3906
6994000,5458.088175,1205,75,0.959421,0.2500
6996000,5296.736015,1229,60,0.948381,0.2891
6998000,5481.975782,1220,69,0.955251,0.2578
7000000,5164.091004,1247,56,0.919109,0.2891
7002000,5344.468639,1218,70,0.947692,0.3203
7004000,5260.383870,1210,75,0.964282,0.1953
7006000,5611.234238,1214,72,0.955406,0.2578
7008000,5794.945462,1207,81,0.974417,0.3359
7010000,5944.964827,1228,71,0.974610,0.2812
7012000,5858.548488,1218,64,0.967727,0.2578
7014000,5956.634904,1210,67,0.974084,0.2656
7016000,5897.065446,1218,64,0.973962,0.3438
7018000,5864.999132,1226,56,0.966181,0.2656
7020000,5566.384060,1185,73,0.954040,0.2812
7022000,5527.816343,1190,66,0.964980,0.3281
7024000,5896.236464,1178,67,0.974320,0.3516
7026000,5919.721518,1175,82,0.974407,0.3125
7028000,5924.103859,1200,71,0.940224,0.3672
7030000,6040.542142,1218,62,0.941577,0.3359
7032000,6091.118855,1229,51,0.952813,0.2812
7034000,6350.489014,1206,66,0.956492,0.3125
7036000,6564.054272,1190,71,0.978388,0.3516
7038000,6265.419015,1187,75,0.971470,0.2969
7040000,5974.718550,1191,70,0.939872,0.2656
7042000,6274.805750,1205,76,0.958437,0.2734
7044000,6176.158774,1216,74,0.968296,0.2734
7046000,6448.162387,1209,65,0.973504,0.2109
7048000,6549.452279,1200,68,0.958239,0.3125
7050000,5874.587535,1203,58,0.933996,0.2031
7052000,6185.808942,1193,76,0.942372,0.3438
7054000,6236.958523,1195,82,0.941105,0.3359
7056000,6371.850587,1203,85,0.950542,0.2891
7058000,6337.659747,1221,67,0.961494,0.3203
7060000,6201.546748,1223,72,0.961280,0.2656
7062000,6165.864691,1237,59,0.946611,0.2656
7064000,6250.144470,1247,56,0.949120,0.2734
7066000,6704.985843,1239,60,0.957622,0.2344
7068000,6672.977919,1209,67,0.965801,0.3125
7070000,6752.714248,1228,56,0.968647,0.3359
7072000,6507.232031,1194,80,0.962826,0.2969
7074000,6584.220014,1205,64,0.953771,0.2656
7076000,6543.668960,1207,72,0.954525,0.2734
7078000,5891.616875,1194,83,0.771303,0.2031
7080000,6744.717470,1198,80,0.957684,0.2656
7082000,6714.315451,1196,65,0.957499,0.2812
7084000,6619.956775,1217,61,0.959926,0.2891
7086000,5889.925663,1212,70,0.763396,0.3047
7088000,6440.816775,1218,50,0.948135,0.1953
7090000,6542.954571,1226,65,0.956071,0.2500
7092000,6169.693974,1208,76,0.835596,0.2500
7094000,6882.264155,1215,72,0.971077,0.2891
7096000,6964.917304,1215,69,0.966221,0.2422
7098000,7003.055948,1218,65,0.973363,0.2812
7100000,6911.258207,1219,69,0.970581,0.2500
7102000,6576.955102,1183,78,0.972762,0.3516
7104000,6501.953950,1204,73,0.951494,0.2656
7106000,6894.952680,1220,74,0.973745,0.2500
7108000,6882.523854,1219,80,0.973814,0.3203
7110000,6830.875310,1236,68,0.972298,0.2812
7112000,6542.765259,1215,68,0.964128,0.2656
7114000,6456.639259,1243,62,0.965345,0.3438
7116000,6377.095990,1238,66,0.964116,0.1719
7118000,6495.904163,1212,73,0.959756,0.3828
7120000,6746.907552,1209,67,0.941072,0.2969
7122000,6710.549420,1194,76,0.941630,0.2734
7124000,6808.814248,1189,88,0.939972,0.2500
7126000,6618.416631,1202,80,0.932054,0.2656
7128000,6922.535790,1232,75,0.909039,0.2578
7130000,6924.372595,1223,64,0.932880,0.2812
7132000,6925.468252,1225,69,0.934775,0.2734
7134000,6616.322963,1206,65,0.896910,0.3672
7136000,6958.816558,1205,71,0.938818,0.3203
7138000,6271.569670,1187,76,0.872759,0.3203
7140000,6266.210204,1208,71,0.923734,0.2734
7142000,6282.936204,1208,71,0.888088,0.3516
7144000,6555.007036,1218,65,0.910215,0.2578
7146000,6604.449100,1215,73,0.904855,0.2812
7148000,6752.821510,1200,71,0.911489,0.2812
7150000,6670.017680,1198,70,0.922433,0.2500
7152000,6756.657575,1178,81,0.912841,0.3125
7154000,6616.843622,1192,65,0.959934,0.2344
7156000,6400.472556,1198,73,0.916245,0.2500
7158000,6960.127862,1206,73,0.959959,0.2891
7160000,6901.102878,1222,54,0.960836,0.2891
7162000,7048.747102,1203,61,0.973283,0.2812
7164000,6780.992126,1209,70,0.959084,0.2891
7166000,6573.037350,1224,71,0.953380,0.2266
7168000,6877.339883,1214,80,0.953654,0.3047
7170000,7358.463235,1210,76,0.982860,0.2891
7172000,7279.034983,1218,73,0.959970,0.2734
7174000,7262.264123,1221,64,0.938139,0.2266
7176000,7548.146567,1220,58,0.967374,0.3516
7178000,6996.986780,1217,66,0.948055,0.2500
7180000,6885.481870,1233,56,0.934145,0.2500
7182000,7574.965374,1239,68,0.949724,0.3125
7184000,7899.338895,1244,56,0.981242,0.2891
7186000,7249.090854,1246,54,0.964500,0.3047
7188000,7393.137635,1249,57,0.965193,0.2812
7190000,7116.981635,1222,74,0.966637,0.2656
7192000,7666.852775,1227,75,0.981749,0.3828
7194000,7620.709279,1219,73,0.970302,0.2188
7196000,7653.695150,1231,74,0.969490,0.2969
7198000,7911.830775,1212,78,0.970968,0.2734
7200000,7910.944156,1206,82,0.972774,0.3594
7202000,7714.381387,1197,78,0.977011,0.2578
7204000,7353.796351,1212,76,0.945423,0.3828
7206000,7664.667795,1228,79,0.976549,0.3047
7208000,7535.479116,1249,51,0.978663,0.2344
7210000,7249.252588,1223,69,0.946212,0.3047
7212000,7478.331507,1240,57,0.970046,0.2578
7214000,7458.580895,1218,65,0.969530,0.2344
7216000,6844.280995,1230,60,0.935934,0.3281
7218000,6590.776019,1212,68,0.934302,0.2266
7220000,6690.452790,1202,74,0.939246,0.2891
7222000,6520.918399,1223,67,0.970149,0.2344
7224000,6325.726279,1240,55,0.938098,0.2812
7226000,6512.952155,1260,47,0.959098,0.1953
7228000,6637.518667,1242,55,0.932546,0.2500
7230000,7051.508462,1222,62,0.959724,0.2344
7232000,7072.713788,1222,62,0.964570,0.2812
7234000,6912.703006,1193,81,0.962921,0.2422
7236000,6541.437991,1217,76,0.948389,0.2266
7238000,6466.101223,1220,75,0.945110,0.2734
7240000,6647.455275,1220,70,0.950380,0.2578
7242000,6697.349558,1223,64,0.935044,0.2344
7244000,6740.002870,1197,89,0.949827,0.3125
7246000,7558.210175,1198,96,0.975743,0.3281
7248000,7615.313228,1190,93,0.966747,0.3672
7250000,7437.270334,1203,84,0.962952,0.3047
7252000,7299.625052,1204,68,0.973338,0.2344
7254000,7353.993695,1184,73,0.960630,0.2109
7256000,7510.877795,1220,57,0.970609,0.3281
7258000,7354.995062,1213,71,0.965680,0.2188
7260000,7623.557190,1240,66,0.974053,0.2578
7262000,7587.093723,1238,62,0.984262,0.2344
7264000,7697.296876,1238,57,0.984468,0.2344
7266000,7555.119150,1215,80,0.982226,0.3125
7268000,7666.288639,1233,66,0.974974,0.3125
7270000,7601.409243,1246,68,0.975943,0.3906
7272000,7728.174175,1230,56,0.984621,0.2422
7274000,7656.124800,1223,63,0.983037,0.2812
7276000,7673.588451,1219,66,0.980087,0.2812
7278000,7584.843846,1216,69,0.984651,0.3203
7280000,7816.766483,1225,68,0.986240,0.2578
7282000,7977.272732,1233,70,0.970194,0.2734
7284000,8078.141263,1235,63,0.979105,0.3047
7286000,8317.702304,1233,64,0.982291,0.2500
7288000,8109.995006,1233,57,0.979196,0.1719
7290000,8088.888060,1227,81,0.949222,0.2344
7292000,7731.433868,1231,66,0.946840,0.3516
7294000,8355.016059,1217,77,0.971369,0.3438
7296000,8133.682846,1219,75,0.971188,0.4062
7298000,7797.194035,1212,70,0.934009,0.3281
7300000,8284.671968,1216,65,0.973313,0.2812
7302000,7614.474332,1220,66,0.953962,0.3516
7304000,7961.835694,1225,63,0.962244,0.2656
7306000,8088.339230,1216,76,0.945234,0.3281
7308000,8115.732091,1209,75,0.944540,0.2891
7310000,8642.803752,1210,75,0.977964,0.2969
7312000,8441.420732,1206,69,0.974160,0.2656
7314000,8377.003359,1193,72,0.970229,0.2266
7316000,8466.257495,1233,53,0.974238,0.2578
7318000,8378.873158,1212,72,0.974771,0.2891
7320000,8244.596411,1230,65,0.977142,0.3203
7322000,8007.734987,1223,74,0.970824,0.2344
7324000,8168.027375,1219,72,0.966309,0.2891
7326000,7766.586055,1234,55,0.963752,0.2656
7328000,7656.880519,1238,64,0.939672,0.2266
7330000,7641.190972,1222,65,0.937719,0.2891
7332000,7918.407164,1229,75,0.967931,0.3125
7334000,7981.493484,1249,66,0.971498,0.3203
7336000,8316.093063,1243,58,0.981191,0.2812
7338000,8168.492583,1240,67,0.973751,0.2969
7340000,8234.896967,1250,60,0.973655,0.3281
7342000,8188.259867,1229,73,0.983370,0.2891
7344000,8028.528638,1238,63,0.976039,0.2578
7346000,8023.833075,1230,68,0.971927,0.2422
7348000,8227.533443,1228,70,0.983553,0.3281
7350000,8214.241980,1221,76,0.979945,0.2578
7352000,8366.645132,1220,67,0.978698,0.2109
7354000,8248.782702,1222,68,0.979100,0.2656
7356000,8131.161295,1222,61,0.957287,0.2891
7358000,7898.532635,1206,68,0.973592,0.2266
7360000,7937.831315,1205,64,0.971568,0.2812
7362000,8086.626835,1211,66,0.977875,0.2812
7364000,7724.293968,1195,73,0.979272,0.3438
7366000,7691.858103,1205,71,0.965255,0.2656
7368000,7597.520950,1218,67,0.973132,0.3125
7370000,7454.983759,1231,60,0.963405,0.2422
7372000,7469.547486,1207,72,0.974369,0.3125
7374000,7431.251203,1207,71,0.947072,0.3281
7376000,7596.625900,1186,99,0.946894,0.3047
7378000,7875.768950,1189,86,0.963988,0.3438
7380000,7862.357991,1195,89,0.978092,0.3750
7382000,7796.524348,1196,81,0.977745,0.2812
7384000,7698.618974,1199,73,0.963698,0.2891
7386000,7596.451575,1196,71,0.981996,0.2969
7388000,7609.421551,1196,89,0.983306,0.3672
7390000,7892.428291,1220,71,0.990670,0.2500
7392000,7800.477391,1211,77,0.984747,0.2578
7394000,7763.198422,1232,69,0.982791,0.3125
7396000,7869.218572,1245,56,0.982899,0.2344
7398000,7857.884364,1217,63,0.987746,0.2812
7400000,7902.618206,1211,76,0.979908,0.2891
7402000,7729.612399,1214,67,0.975908,0.3203
7404000,7607.088620,1228,64,0.967790,0.2422
7406000,8017.611982,1258,54,0.983517,0.2891
7408000,7746.840480,1228,68,0.975731,0.2891
7410000,7509.102495,1245,58,0.972619,0.3359
7412000,7597.868028,1212,75,0.954863,0.3594
7414000,7725.277670,1235,71,0.937831,0.2969
7416000,7711.252582,1229,66,0.963521,0.2578
7418000,7437.446371,1235,63,0.966295,0.3047
7420000,7412.034912,1218,83,0.975962,0.3672
7422000,7414.734030,1227,82,0.967369,0.3438
7424000,7437.763176,1238,67,0.962922,0.2500
7426000,7274.335030,1250,51,0.957959,0.3047
7428000,7096.911670,1223,67,0.971330,0.2734
7430000,7059.321006,1235,63,0.960177,0.2969
7432000,7094.955240,1221,68,0.963029,0.2891
7434000,7034.862347,1206,68,0.963337,0.2812
7436000,7082.055686,1231,60,0.960866,0.2656
7438000,7035.717927,1225,74,0.949718,0.3359
7440000,7250.357475,1223,77,0.954065,0.3438
7442000,7003.530766,1199,68,0.968018,0.2109
7444000,7063.480300,1218,70,0.948602,0.2969
7446000,7336.626687,1209,67,0.970990,0.3516
7448000,7139.166476,1191,79,0.952171,0.3281
7450000,7431.802035,1207,76,0.903160,0.2188
7452000,7339.861667,1215,67,0.901970,0.3438
7454000,7723.021715,1212,69,0.973115,0.3281
7456000,7777.735326,1199,81,0.973556,0.3203
7458000,7910.952015,1210,73,0.978616,0.3125
7460000,7355.564215,1203,75,0.872808,0.3047
7462000,7456.957488,1180,70,0.939739,0.3203
7464000,7523.355150,1209,76,0.959770,0.3047
7466000,7228.453148,1214,65,0.918745,0.1797
7468000,7039.081675,1230,81,0.920690,0.2422
7470000,6747.363099,1222,72,0.875793,0.2266
7472000,6919.983775,1245,71,0.935425,0.3516
7474000,6898.233704,1227,73,0.936748,0.2891
7476000,6235.685387,1235,62,0.931578,0.2266
7478000,6143.425955,1215,66,0.947828,0.2734
7480000,6512.828943,1242,54,0.900730,0.2266
7482000,6755.487032,1230,60,0.907499,0.2812
7484000,6720.553710,1233,60,0.909521,0.2344
7486000,6934.154574,1211,64,0.882191,0.3203
7488000,7376.324591,1201,60,0.962351,0.2734
7490000,7161.753600,1185,81,0.959634,0.3047
7492000,6762.325923,1183,70,0.934231,0.2578
7494000,6560.398872,1198,64,0.934711,0.3047
7496000,6653.458636,1194,86,0.910829,0.3125
7498000,6689.958652,1221,63,0.877814,0.2891
7500000,6453.389775,1226,64,0.889060,0.2656
7502000,7082.287822,1218,72,0.923749,0.2969
7504000,6319.157507,1207,68,0.828697,0.2812
7506000,6775.119270,1198,81,0.900466,0.2969
7508000,7022.419615,1233,66,0.947824,0.3125
7510000,6753.112670,1232,68,0.916506,0.2500
7512000,7012.570190,1239,60,0.945958,0.2344
7514000,6174.962315,1241,68,0.775383,0.2891
7516000,6164.584956,1222,80,0.896108,0.3047
7518000,6524.488403,1240,62,0.926210,0.2578
7520000,6683.688451,1273,51,0.954495,0.2812
7522000,6493.915331,1271,48,0.951498,0.2344
7524000,6038.246647,1246,58,0.887296,0.2734
7526000,5953.241910,1253,51,0.879016,0.2188
7528000,6308.970888,1236,65,0.961841,0.2891
7530000,5995.501430,1245,61,0.953009,0.2266
7532000,6154.393955,1246,62,0.796485,0.2734
7534000,6670.591867,1233,78,0.933860,0.2812
7536000,6675.494230,1235,59,0.907581,0.2969
7538000,7213.687692,1220,64,0.977716,0.2969
7540000,6759.300726,1227,70,0.966647,0.2969
7542000,6616.020755,1246,61,0.954130,0.3359
7544000,6536.641795,1240,65,0.927335,0.2812
7546000,6439.521451,1237,70,0.927854,0.3594
7548000,6516.950227,1227,67,0.957363,0.2812
7550000,6053.757215,1233,71,0.888077,0.2656
7552000,6409.112542,1214,76,0.968295,0.2812
7554000,6462.936278,1243,65,0.970225,0.2734
7556000,6315.292102,1230,69,0.959851,0.2734
7558000,6240.129950,1228,72,0.960848,0.2578
7560000,6392.477195,1252,67,0.962004,0.1875
7562000,6454.655891,1250,66,0.962144,0.2812
7564000,5798.249340,1239,56,0.942213,0.2500
7566000,6101.254270,1232,64,0.949171,0.2422
7568000,6217.976559,1235,70,0.919491,0.2578
7570000,6327.837750,1233,70,0.962893,0.2266
7572000,6445.251790,1237,77,0.970928,0.2734
7574000,6275.836368,1233,74,0.942866,0.3281
7576000,6619.601875,1233,54,0.949016,0.2422
7578000,6403.906632,1244,63,0.933892,0.2734
7580000,6247.660446,1250,57,0.959838,0.2891
7582000,6324.775339,1245,57,0.965635,0.1953
7584000,6295.459500,1236,66,0.966448,0.3438
7586000,6324.158155,1240,70,0.973870,0.2656
7588000,6405.104896,1223,75,0.972614,0.2500
7590000,6286.760854,1218,66,0.944100,0.2656
7592000,6281.449387,1235,65,0.963071,0.2812
7594000,6282.378620,1233,60,0.963735,0.2500
7596000,6463.390091,1240,58,0.965988,0.2109
7598000,5837.571590,1210,63,0.893566,0.2969
7600000,5708.250719,1203,74,0.795929,0.2969
7602000,5476.271575,1198,64,0.918399,0.2891
7604000,5533.687915,1204,71,0.849440,0.3359
7606000,5714.004700,1207,71,0.845169,0.3281
7608000,5430.087084,1225,62,0.756349,0.3203
7610000,5707.391643,1213,74,0.927317,0.2734
7612000,5754.015203,1234,61,0.882724,0.2891
7614000,5618.216155,1209,62,0.865852,0.2578
7616000,5545.994214,1201,74,0.872327,0.3203
7618000,6088.568886,1208,65,0.935419,0.3047
7620000,6060.589158,1204,70,0.873185,0.2500
7622000,5942.250006,1176,84,0.881372,0.2812
7624000,5871.823755,1190,80,0.929982,0.3828
7626000,6046.596764,1213,65,0.881798,0.2500
7628000,5720.884400,1196,82,0.923890,0.2578
7630000,5720.767630,1207,66,0.921882,0.2969
7632000,6080.976347,1221,59,0.968180,0.3281
7634000,6194.925324,1200,79,0.966597,0.3750
7636000,6129.983575,1190,70,0.962920,0.3828
7638000,6038.312771,1199,77,0.960673,0.2969
7640000,5781.407608,1181,76,0.954403,0.2891
7642000,5733.813278,1181,89,0.853993,0.3281
7644000,6213.395295,1192,86,0.966366,0.2969
7646000,6286.820735,1221,66,0.892015,0.2188
7648000,6012.724887,1206,64,0.856309,0.2578
7650000,6494.571430,1210,63,0.926319,0.2891
7652000,6713.251022,1205,63,0.930565,0.2500
7654000,6828.951486,1212,68,0.940650,0.2266
7656000,7361.693518,1232,66,0.985027,0.2734
7658000,6928.384168,1222,63,0.942906,0.2500
7660000,6795.605347,1221,68,0.963166,0.2891
7662000,6571.138860,1219,66,0.958739,0.2578
7664000,6552.110060,1219,65,0.959060,0.2109
7666000,6211.752302,1244,57,0.955673,0.3047
7668000,5857.870955,1213,79,0.937969,0.2734
7670000,6412.117371,1222,70,0.969199,0.2344
7672000,6238.916060,1208,67,0.965974,0.3047
7674000,6229.076310,1214,64,0.968060,0.3281
7676000,6263.659911,1241,61,0.970918,0.2344
7678000,6639.366531,1240,60,0.979847,0.2266
7680000,6429.757663,1225,57,0.971802,0.2812
7682000,6478.471095,1227,58,0.972145,0.2656
7684000,6244.153184,1219,77,0.960931,0.3672
7686000,6013.861606,1188,71,0.965729,0.2344
7688000,6140.249883,1196,73,0.969247,0.3516
7690000,6304.511051,1193,77,0.969854,0.2812
7692000,6816.539750,1197,76,0.982446,0.2734
7694000,6306.671707,1224,66,0.904583,0.2812
7696000,6565.205347,1211,60,0.979497,0.3047
7698000,6308.552110,1230,56,0.958083,0.2344
7700000,6464.492131,1197,68,0.979505,0.2578
7702000,5941.867675,1189,76,0.964332,0.2812
7704000,5207.585248,1201,78,0.941405,0.2734
7706000,5579.456627,1221,63,0.956465,0.2969
7708000,5524.063612,1227,56,0.956824,0.2734
7710000,6162.427523,1216,73,0.956411,0.3047
7712000,6049.878280,1219,64,0.973938,0.2891
7714000,6037.603875,1192,64,0.973485,0.2734
7716000,5874.669539,1221,56,0.967711,0.3125
7718000,5731.154024,1205,70,0.969322,0.2344
7720000,5668.067495,1219,76,0.912214,0.3125
7722000,5600.048523,1209,69,0.950613,0.2578
7724000,5982.452947,1219,78,0.972962,0.3359
7726000,6297.936151,1242,64,0.978526,0.2891
7728000,6373.807952,1224,63,0.978732,0.2344
7730000,6177.683971,1200,71,0.962616,0.2812
7732000,6386.989592,1197,75,0.950921,0.2266
7734000,6071.766583,1208,75,0.956566,0.3672
7736000,6146.285420,1252,50,0.956886,0.2422
7738000,5786.210451,1232,55,0.926743,0.2656
7740000,6216.672523,1229,63,0.972856,0.2734
7742000,6013.850955,1238,73,0.918594,0.3125
7744000,5994.988366,1211,70,0.929657,0.2969
7746000,6033.773063,1200,66,0.947061,0.2734
7748000,6084.506364,1214,84,0.944635,0.2422
7750000,6006.051535,1219,85,0.963435,0.3438
7752000,5983.172911,1207,70,0.917969,0.2500
7754000,6073.142270,1193,85,0.903483,0.2656
7756000,5774.126991,1197,73,0.907525,0.3750
7758000,5459.080476,1222,74,0.888071,0.2656
7760000,6061.567566,1216,79,0.928865,0.2578
7762000,5834.525920,1204,79,0.939147,0.2891
7764000,5941.251804,1210,64,0.859899,0.2891
7766000,5857.734955,1214,70,0.868779,0.2734
7768000,6175.804556,1202,69,0.978585,0.3047
7770000,5900.398443,1200,83,0.977314,0.2656
7772000,6358.305760,1216,65,0.981270,0.3594
7774000,6430.492415,1209,77,0.980054,0.2812
7776000,6492.512119,1180,74,0.975558,0.2812
7778000,6569.939808,1198,64,0.975984,0.2891
7780000,6517.226294,1206,73,0.969661,0.2812
7782000,6582.308775,1198,71,0.969078,0.3203
7784000,6394.656175,1226,48,0.957910,0.2500
7786000,6799.358003,1213,73,0.946219,0.3281
7788000,6758.438151,1198,71,0.943842,0.2891
7790000,6853.235071,1200,77,0.952383,0.2578
7792000,6454.803155,1190,76,0.927564,0.2656
7794000,6404.621175,1216,68,0.920454,0.2969
7796000,6166.472367,1233,69,0.923396,0.2422
7798000,6286.528204,1199,69,0.958628,0.2891
7800000,6459.818966,1205,77,0.963730,0.2891
7802000,6303.284547,1204,72,0.960624,0.3438
7804000,6289.988150,1206,73,0.957404,0.2812
7806000,6252.600695,1201,65,0.965974,0.2969
7808000,6584.816702,1209,70,0.974391,0.2734
7810000,6705.624952,1224,69,0.979917,0.3359
7812000,6809.059555,1205,87,0.980242,0.3203
7814000,6485.828691,1213,73,0.959918,0.2656
7816000,6398.169960,1206,72,0.958377,0.3359
7818000,6651.161100,1230,67,0.971931,0.2734
7820000,6830.087774,1216,72,0.972827,0.3203
7822000,6388.993063,1221,80,0.928890,0.2578
7824000,6434.531919,1230,63,0.952221,0.2500
7826000,6367.802396,1241,64,0.958386,0.3125
7828000,6506.327292,1228,72,0.965021,0.2812
7830000,6478.179464,1220,65,0.969230,0.2891
7832000,6374.112007,1228,71,0.951745,0.1953
7834000,6236.032316,1212,72,0.967705,0.2578
7836000,6266.692822,1203,73,0.969830,0.3828
7838000,6280.688104,1213,73,0.968736,0.3281
7840000,6302.114664,1219,60,0.927217,0.2891
7842000,6214.779915,1212,82,0.955154,0.3047
7844000,6322.084428,1236,67,0.966448,0.3125
7846000,6268.752944,1215,74,0.958168,0.2656
7848000,6351.724060,1237,59,0.948946,0.2578
7850000,6311.678335,1216,67,0.945127,0.2812
7852000,6189.276894,1204,78,0.935943,0.2656
7854000,6405.234867,1216,66,0.963297,0.3047
7856000,6599.622960,1214,67,0.934208,0.2656
7858000,7165.300840,1221,63,0.963492,0.2812
7860000,6841.236819,1202,79,0.907071,0.3281
7862000,6698.482411,1222,69,0.891366,0.2969
7864000,6147.303356,1228,66,0.942800,0.2188
7866000,6103.924310,1211,70,0.943446,0.2500
7868000,6136.828236,1209,81,0.930176,0.3359
7870000,6092.376427,1228,69,0.921698,0.3125
7872000,6280.294446,1197,93,0.954243,0.3516
7874000,6214.024851,1216,71,0.920489,0.2422
7876000,6651.968012,1234,63,0.937257,0.4141
7878000,6508.552656,1239,65,0.945369,0.2891
7880000,6473.956923,1224,71,0.924208,0.2891
7882000,7024.065175,1212,71,0.910720,0.3125
7884000,6883.401510,1229,59,0.919660,0.2422
7886000,6893.954995,1221,56,0.944067,0.2500
7888000,7023.747175,1229,67,0.944995,0.3047
7890000,7154.327614,1235,64,0.951538,0.3203
7892000,6476.605639,1220,61,0.951957,0.2812
7894000,6224.726763,1203,77,0.943105,0.2734
7896000,6498.569963,1212,70,0.935969,0.2422
7898000,6797.121675,1241,66,0.965785,0.2734
7900000,6722.003046,1236,62,0.931194,0.2109
7902000,7026.811292,1217,68,0.938968,0.3438
7904000,7018.895726,1213,72,0.942311,0.2578
7906000,6868.096191,1205,72,0.954458,0.3281
7908000,6760.841455,1182,79,0.922945,0.3594
7910000,6760.156243,1202,70,0.927458,0.2812
7912000,6565.825088,1196,70,0.962749,0.2422
7914000,6717.471548,1195,82,0.955406,0.3594
7916000,6688.136038,1203,78,0.882437,0.2969
7918000,6930.568684,1216,59,0.925928,0.2891
7920000,6640.574535,1210,80,0.919164,0.2656
7922000,6180.026495,1229,78,0.946176,0.3125
7924000,6104.821228,1200,92,0.957495,0.2734
7926000,5919.371971,1228,69,0.949490,0.3203
7928000,5832.786595,1228,70,0.936408,0.2266
7930000,5704.550843,1235,61,0.904001,0.2422
7932000,5689.244463,1240,57,0.887203,0.2344
7934000,6064.740419,1264,46,0.929108,0.2031
7936000,5913.212695,1263,45,0.907064,0.2578
7938000,6188.299640,1239,60,0.927425,0.3359
7940000,6308.070075,1230,67,0.909958,0.2812
7942000,6391.506775,1235,62,0.955572,0.2031
7944000,6613.508358,1259,62,0.948463,0.2500
7946000,6439.914007,1234,67,0.931751,0.2734
7948000,6263.350902,1253,69,0.932383,0.2734
7950000,6263.533470,1250,63,0.925754,0.2656
7952000,5912.643267,1250,55,0.927816,0.3125
7954000,5880.505950,1242,58,0.922008,0.3125
7956000,5890.576382,1246,64,0.932416,0.2812
7958000,6312.096598,1256,58,0.938700,0.2656
7960000,6007.461427,1279,51,0.932404,0.2578
7962000,6390.334615,1243,80,0.936976,0.3828
7964000,6052.142043,1236,77,0.929800,0.2422
7966000,6133.791180,1231,79,0.935486,0.2344
7968000,6077.644139,1218,77,0.930521,0.2891
7970000,6305.110727,1235,61,0.948504,0.2891
7972000,6257.674070,1270,52,0.933376,0.2422
7974000,6375.567155,1257,59,0.934694,0.2812
7976000,6627.100028,1248,61,0.948361,0.2812
7978000,6598.514454,1235,70,0.948665,0.2734
7980000,6667.612039,1259,49,0.948410,0.2656
7982000,6973.260979,1240,65,0.961523,0.2891
7984000,6789.193176,1230,72,0.954879,0.2500
7986000,6702.425592,1255,59,0.951023,0.2734
7988000,6786.638027,1250,57,0.949081,0.2891
7990000,6859.131868,1238,57,0.947495,0.2188
7992000,6547.383023,1227,64,0.913664,0.2422
7994000,6148.711980,1213,78,0.859054,0.3047
7996000,6608.009468,1220,81,0.937748,0.3125
7998000,6662.809980,1219,68,0.941199,0.2578
8000000,6650.405035,1222,66,0.926231,0.2969
8002000,6646.677455,1213,78,0.945602,0.3594
8004000,6208.490295,1206,80,0.896963,0.3125
8006000,6471.793035,1232,59,0.939469,0.2969
8008000,6357.330278,1213,70,0.908227,0.2891
8010000,6492.048319,1219,63,0.910456,0.2266
8012000,6588.593680,1200,83,0.962655,0.3125
8014000,6166.896831,1227,72,0.908776,0.3281
8016000,6252.715750,1241,64,0.915921,0.2656
8018000,6028.311171,1223,64,0.939466,0.3203
8020000,5960.236446,1227,69,0.924027,0.3359
8022000,5965.381435,1199,79,0.920196,0.3281
8024000,6118.393171,1213,70,0.911172,0.3203
8026000,6473.847782,1227,68,0.965131,0.3359
8028000,6522.010923,1205,73,0.960916,0.2812
8030000,6311.696895,1195,79,0.931919,0.2734
8032000,6374.993516,1202,75,0.955126,0.2500
8034000,6509.739431,1214,71,0.955852,0.2422
8036000,6525.396875,1246,57,0.951829,0.2500
8038000,6762.957374,1234,66,0.964013,0.2656
8040000,6525.560331,1224,64,0.964388,0.2422
8042000,6400.237334,1223,75,0.962373,0.2734
8044000,5366.176864,1214,69,0.906989,0.3281
8046000,5438.613324,1244,60,0.909774,0.2891
8048000,5731.977659,1225,61,0.922862,0.2500
8050000,5627.238711,1214,72,0.943277,0.2734
8052000,5703.974495,1235,59,0.938164,0.3125
8054000,5751.863624,1200,70,0.922903,0.2656
8056000,6623.076979,1226,61,0.925464,0.3047
8058000,6541.179295,1204,76,0.933885,0.3203
8060000,6516.171991,1202,75,0.939137,0.2812
8062000,6342.043335,1208,73,0.960070,0.2422
8064000,6359.841180,1206,77,0.952191,0.3516
8066000,6535.981907,1226,70,0.949917,0.2578
8068000,6512.944375,1206,78,0.956895,0.3359
8070000,6544.132854,1193,88,0.951701,0.2969
8072000,6421.100056,1168,89,0.953627,0.2969
8074000,6126.641223,1195,79,0.952797,0.3281
8076000,6148.253870,1209,65,0.968535,0.2969
8078000,6174.529675,1201,63,0.967361,0.3359
8080000,5693.568838,1237,49,0.952156,0.3281
8082000,5953.587071,1197,66,0.979695,0.3359
8084000,5810.844527,1195,75,0.957756,0.2578
8086000,5828.035095,1208,71,0.956884,0.2578
8088000,5582.117675,1208,80,0.907865,0.3281
8090000,4150.426651,1222,72,0.916395,0.2500
8092000,4421.061367,1196,69,0.950594,0.2266
8094000,3606.814790,1223,74,0.647614,0.2656
8096000,3477.807894,1215,66,0.621033,0.2891
8098000,3682.638332,1219,67,0.716284,0.2734
8100000,4487.431927,1214,69,0.883224,0.3047
8102000,4619.734563,1226,63,0.863906,0.2500
8104000,4529.787534,1226,63,0.808184,0.2500
8106000,4445.193215,1229,63,0.906243,0.3125
8108000,4289.919320,1212,66,0.893675,0.2344
8110000,4126.207375,1216,68,0.818894,0.3125
8112000,4141.340364,1199,76,0.824956,0.3125
8114000,4289.062007,1194,78,0.917073,0.3672
8116000,4553.461427,1216,57,0.931866,0.2109
8118000,4594.784476,1217,65,0.939335,0.2500
8120000,4678.964447,1222,69,0.959852,0.2812
8122000,4270.914478,1219,72,0.866917,0.3672
8124000,4909.982646,1205,71,0.951268,0.3281
8126000,4886.466291,1202,73,0.951002,0.2812
8128000,4868.888147,1186,79,0.952490,0.2969
8130000,4916.336295,1211,73,0.950681,0.2969
8132000,4819.000879,1228,70,0.903698,0.3125
8134000,4434.834992,1204,73,0.883573,0.2891
8136000,4710.557831,1208,63,0.932903,0.2969
8138000,4335.384775,1225,58,0.922708,0.3438
8140000,4829.316315,1233,62,0.891459,0.3125
8142000,4881.908118,1245,62,0.901158,0.2500
8144000,4942.132615,1217,59,0.904535,0.2969
8146000,4748.539635,1205,74,0.915979,0.2656
8148000,4580.324915,1216,64,0.789270,0.4062
8150000,5311.360460,1202,71,0.941827,0.2812
8152000,4668.801544,1180,69,0.758754,0.2500
8154000,4866.901387,1206,68,0.920986,0.2812
8156000,5068.650543,1228,52,0.925325,0.2969
8158000,5065.000588,1223,53,0.880779,0.2578
8160000,5175.098523,1199,80,0.909814,0.2500
8162000,5346.240590,1213,76,0.947599,0.3203
8164000,5287.026630,1225,62,0.948634,0.3438
8166000,5163.129000,1223,65,0.852122,0.2344
8168000,5070.823455,1225,55,0.872269,0.3672
8170000,5496.603135,1222,57,0.962868,0.3203
8172000,5306.240950,1247,54,0.962014,0.3359
8174000,5241.923760,1221,64,0.958292,0.2422
8176000,5116.086127,1225,69,0.957266,0.3125
8178000,5194.051375,1231,69,0.956518,0.2578
8180000,4626.499612,1215,70,0.841155,0.2578
8182000,4787.563315,1221,66,0.945413,0.2656
8184000,4673.592063,1206,59,0.852957,0.2500
8186000,4112.406766,1204,63,0.785039,0.3047
8188000,3842.621414,1208,75,0.639160,0.2656
8190000,5203.707590,1215,62,0.907874,0.3047
8192000,5307.516150,1216,65,0.934914,0.2734
8194000,5459.125558,1219,56,0.967999,0.2266
8196000,5039.604060,1237,70,0.912640,0.3594
8198000,5367.867627,1244,60,0.969952,0.3281
8200000,5545.285646,1251,51,0.971903,0.3047
8202000,5603.877782,1253,50,0.975406,0.2734
8204000,5505.436255,1245,63,0.974577,0.2891
8206000,5134.349150,1239,74,0.953532,0.2891
8208000,5185.769670,1225,69,0.925210,0.2734
8210000,5040.551238,1217,65,0.933595,0.2969
8212000,5407.344824,1215,74,0.940563,0.2969
8214000,5583.986072,1193,69,0.963836,0.2969
8216000,5546.148710,1191,69,0.965492,0.2188
8218000,5646.178975,1200,72,0.957894,0.3672
8220000,5707.141787,1211,75,0.975959,0.3203
8222000,5435.710483,1196,71,0.963402,0.2500
8224000,5369.557275,1205,75,0.972832,0.3203
8226000,5389.557150,1195,76,0.965243,0.2344
8228000,5423.567395,1179,74,0.965772,0.3281
8230000,5374.979248,1192,66,0.950205,0.2891
8232000,5172.755030,1213,82,0.965785,0.2969
8234000,5196.162710,1219,77,0.965910,0.2969
8236000,5037.806952,1216,68,0.937224,0.2969
8238000,5368.671035,1222,66,0.943027,0.2422
8240000,4806.893487,1223,70,0.958380,0.2266
8242000,4962.353544,1229,54,0.936366,0.2422
8244000,4623.682151,1222,65,0.887435,0.2109
8246000,4571.008236,1203,76,0.888738,0.2656
8248000,4809.692787,1214,74,0.944830,0.2891
8250000,4812.929847,1187,76,0.942551,0.3125
8252000,4858.415883,1189,67,0.954042,0.2812
8254000,5125.611200,1192,65,0.977371,0.3281
8256000,4930.424428,1206,76,0.973134,0.3750
8258000,4912.516678,1208,76,0.974181,0.2656
8260000,4848.413768,1218,72,0.953583,0.2812
8262000,4733.170526,1229,76,0.875077,0.3203
8264000,4697.894366,1227,61,0.912385,0.2578
8266000,4893.990168,1221,66,0.955205,0.2812
8268000,4704.136150,1207,70,0.961900,0.2969
8270000,4967.919240,1230,64,0.967796,0.2500
8272000,5225.212627,1206,72,0.965000,0.3672
8274000,5103.569350,1222,75,0.948044,0.2812
8276000,5112.564963,1216,74,0.967678,0.3125
8278000,5197.509187,1212,76,0.967919,0.2812
8280000,5084.196175,1211,81,0.955690,0.2109
8282000,5095.673359,1204,80,0.954585,0.3750
8284000,5266.092091,1244,73,0.965995,0.3203
8286000,3818.925048,1229,82,0.830731,0.2969
8288000,4137.975766,1233,77,0.768427,0.2656
8290000,4316.099356,1205,81,0.791381,0.2812
8292000,4958.394350,1191,89,0.910059,0.3125
8294000,5482.266024,1199,73,0.944479,0.2812
8296000,5210.297150,1198,75,0.949284,0.2578
8298000,5208.200048,1206,60,0.949523,0.2031
8300000,5115.631950,1181,74,0.952430,0.3047
8302000,4588.921483,1176,76,0.893019,0.2578
8304000,4710.750675,1193,69,0.899831,0.2891
8306000,5248.730227,1192,82,0.940178,0.3125
8308000,5219.965632,1209,71,0.932370,0.2891
8310000,4776.750678,1190,85,0.909776,0.2969
8312000,4771.278251,1210,65,0.910326,0.2266
8314000,4513.064839,1210,69,0.923186,0.2734
8316000,4284.293548,1206,70,0.841734,0.3516
8318000,4352.236971,1233,70,0.884474,0.2812
8320000,4252.495015,1231,69,0.861406,0.2812
8322000,4207.607831,1229,70,0.885971,0.2422
8324000,3987.236296,1233,78,0.833544,0.3359
8326000,3353.818143,1231,67,0.743019,0.3125
8328000,4373.028384,1226,62,0.945680,0.2344
8330000,4311.462800,1226,63,0.925575,0.2656
8332000,4103.668072,1238,69,0.860513,0.2734
8334000,4075.331750,1231,59,0.856949,0.2188
8336000,4394.151839,1219,71,0.898097,0.3125
8338000,4370.814216,1223,85,0.881614,0.2891
8340000,4376.719875,1222,68,0.902612,0.2422
8342000,3584.431779,1220,63,0.770286,0.3828
8344000,4098.603916,1227,70,0.880279,0.2344
8346000,4370.069327,1235,71,0.893289,0.2656
8348000,4207.729151,1227,73,0.888899,0.2578
8350000,4703.490390,1237,57,0.900131,0.2031
8352000,4151.502920,1210,69,0.820055,0.2578
8354000,3991.513383,1189,88,0.714869,0.2891
8356000,3966.879294,1195,74,0.716522,0.2734
8358000,4426.818262,1199,73,0.894441,0.3047
8360000,4535.562523,1206,61,0.890441,0.3281
8362000,4551.621475,1195,80,0.853703,0.3203
8364000,4718.329304,1195,75,0.945588,0.3516
8366000,4205.481164,1188,84,0.878442,0.2656
8368000,3917.339619,1207,80,0.752560,0.3672
8370000,3891.241600,1218,73,0.829521,0.2969
8372000,3895.753420,1210,79,0.827314,0.3125
8374000,4349.273228,1208,91,0.897245,0.2969
8376000,4247.426870,1205,80,0.923277,0.2812
8378000,4828.939639,1198,74,0.929194,0.3125
8380000,4830.699966,1179,81,0.931057,0.2812
8382000,5123.907075,1205,62,0.921235,0.2969
8384000,5139.368319,1198,83,0.935748,0.2812
8386000,4944.075931,1200,69,0.939629,0.2656
8388000,4463.246086,1213,69,0.799371,0.3203
8390000,3728.273648,1204,83,0.927673,0.3672
8392000,3698.982807,1191,76,0.909789,0.2656
8394000,3860.497231,1214,58,0.911694,0.3203
8396000,3783.211915,1193,74,0.839529,0.2891
8398000,3926.137795,1196,76,0.835782,0.2812
8400000,3945.752471,1234,47,0.840432,0.2031
8402000,3931.789515,1222,59,0.861823,0.2734
8404000,3753.028251,1240,62,0.860981,0.2891
8406000,3787.520502,1228,74,0.858736,0.2812
8408000,3788.866975,1207,64,0.870561,0.2812
8410000,3803.994718,1215,68,0.851406,0.2812
8412000,3642.553515,1227,72,0.790846,0.3359
8414000,3721.040742,1223,61,0.922511,0.2578
8416000,3699.971310,1238,48,0.792834,0.2578
8418000,3701.364271,1220,67,0.796819,0.3047
8420000,3752.900550,1213,69,0.897264,0.2891
8422000,4024.686839,1216,70,0.960704,0.2891
8424000,3785.459827,1206,67,0.842735,0.2578
8426000,3522.127967,1212,72,0.852910,0.2344
8428000,3662.295420,1217,76,0.907686,0.3438
8430000,3526.209639,1212,75,0.902735,0.2812
8432000,3204.478355,1235,55,0.918004,0.2891
8434000,3214.775355,1240,59,0.912963,0.2266
8436000,3162.675799,1241,70,0.872856,0.3203
8438000,3252.570375,1258,62,0.837828,0.2266
8440000,3386.978391,1266,64,0.875904,0.2344
8442000,3284.363964,1255,59,0.789064,0.2500
8444000,3220.799030,1254,55,0.719693,0.2266
8446000,3211.050311,1256,56,0.753473,0.2578
8448000,2168.694144,1252,65,0.586304,0.2812
8450000,2975.799723,1239,65,0.797250,0.2656
8452000,3121.351272,1225,72,0.780101,0.2891
8454000,3121.805206,1230,70,0.737265,0.3516
8456000,3255.784176,1216,65,0.752397,0.2578
8458000,3408.358663,1217,74,0.772952,0.2656
8460000,2789.854223,1227,64,0.498383,0.3516
8462000,5269.104891,1218,63,0.933930,0.2500
8464000,5269.362950,1240,65,0.928571,0.3281
8466000,4888.082491,1203,78,0.889257,0.3359
8468000,4896.672684,1199,82,0.907442,0.2656
8470000,4868.649575,1204,69,0.911660,0.3359
8472000,4904.198531,1217,65,0.891387,0.2734
8474000,4933.121175,1232,69,0.890892,0.3594
8476000,4692.185239,1240,59,0.816371,0.2500
8478000,4810.959467,1233,61,0.894017,0.2422
8480000,4744.063816,1240,62,0.896278,0.3047
8482000,4764.731131,1238,63,0.908453,0.2266
8484000,4603.303270,1233,68,0.846918,0.2969
8486000,4498.023795,1232,77,0.817063,0.1953
8488000,4368.633695,1249,69,0.853070,0.2578
8490000,4101.554040,1271,55,0.817429,0.1328
8492000,3841.754990,1264,59,0.824813,0.3516
8494000,4194.780275,1256,63,0.893961,0.3984
8496000,4147.775643,1202,77,0.862347,0.3203
8498000,4125.344766,1200,80,0.865362,0.3125
8500000,4256.003799,1216,66,0.880020,0.3438
8502000,4030.072844,1204,79,0.876234,0.3906
8504000,4043.763659,1252,58,0.860201,0.2656
8506000,4029.431751,1252,58,0.870929,0.2969
8508000,4093.324284,1244,71,0.870846,0.2500
8510000,4266.102280,1219,71,0.857404,0.1953
8512000,4443.007120,1234,67,0.900707,0.2656
8514000,4484.328219,1237,72,0.900498,0.2891
8516000,4419.281279,1232,71,0.889781,0.3047
8518000,4231.519415,1218,72,0.864362,0.3047
8520000,4168.207502,1223,72,0.866222,0.3984
8522000,4058.915612,1206,67,0.892462,0.2578
8524000,4197.378904,1202,67,0.889297,0.2969
8526000,4322.600620,1213,72,0.896862,0.2266
8528000,4422.459655,1225,59,0.899544,0.2656
8530000,4557.262150,1206,66,0.882018,0.2031
8532000,4546.650551,1194,79,0.887021,0.2031
8534000,4543.127771,1206,71,0.896530,0.2188
8536000,4322.305875,1188,80,0.887644,0.2812
8538000,4224.902780,1198,79,0.933173,0.2422
8540000,4277.704008,1219,60,0.913926,0.2812
8542000,4191.076731,1225,55,0.923037,0.2656
8544000,4177.578046,1208,70,0.921470,0.2734
8546000,3732.260718,1191,79,0.850299,0.3125
8548000,3639.975107,1196,76,0.867121,0.3203
8550000,3729.812262,1185,85,0.878450,0.3594
8552000,3798.392451,1194,70,0.880554,0.2422
8554000,3669.195440,1192,70,0.880115,0.2969
8556000,3704.814635,1199,78,0.881022,0.2578
8558000,3681.696526,1194,67,0.883654,0.2734
8560000,3612.488055,1166,85,0.885957,0.3594
8562000,3639.120038,1180,82,0.804448,0.2578
8564000,3722.579206,1171,89,0.889408,0.3438
8566000,3580.712140,1173,86,0.761439,0.3125
8568000,3582.829502,1161,94,0.759783,0.2812
8570000,3786.233515,1183,79,0.839312,0.2188
8572000,3521.407934,1194,75,0.838095,0.2969
8574000,4484.504835,1178,81,0.913543,0.3359
8576000,4460.175235,1184,88,0.901202,0.3047
8578000,4312.991807,1195,78,0.887420,0.2500
8580000,4267.121078,1171,74,0.918361,0.2734
8582000,4259.044590,1203,67,0.942213,0.3203
8584000,4241.804375,1173,98,0.856393,0.3750
8586000,4100.108279,1193,73,0.822312,0.2734
8588000,4137.644523,1222,64,0.827999,0.2422
8590000,4362.443320,1217,67,0.923618,0.2891
8592000,4363.945374,1189,80,0.903556,0.2656
8594000,4841.906919,1164,86,0.965471,0.3125
8596000,4759.428528,1178,89,0.942107,0.3281
8598000,4841.812775,1164,77,0.958995,0.2891
8600000,5071.732872,1195,72,0.968477,0.2734
8602000,5230.427007,1203,75,0.967728,0.2891
8604000,5304.180719,1201,76,0.969675,0.3594
8606000,5284.565500,1195,78,0.967243,0.3125
8608000,5062.202639,1182,90,0.942061,0.2734
8610000,5014.850179,1196,87,0.963613,0.2734
8612000,4708.050230,1188,79,0.939359,0.3438
8614000,4845.355135,1213,72,0.935248,0.2344
8616000,4672.140990,1197,75,0.920381,0.2656
8618000,5260.897520,1211,85,0.958458,0.3203
8620000,5181.299670,1228,63,0.932613,0.2969
8622000,5297.018400,1257,57,0.930201,0.2422
8624000,5490.637168,1259,57,0.945593,0.1953
8626000,5564.882103,1238,59,0.947669,0.2969
8628000,5432.187308,1205,83,0.954024,0.3047
8630000,5349.712630,1204,65,0.910028,0.2891
8632000,5316.642920,1226,81,0.941261,0.2578
8634000,5283.832375,1232,72,0.825099,0.2578
8636000,5216.738302,1221,68,0.922567,0.3438
8638000,5354.803852,1200,70,0.947420,0.4062
8640000,5169.513435,1184,69,0.920405,0.2969
8642000,5377.287247,1189,76,0.910865,0.2969
8644000,5570.402791,1210,84,0.943678,0.2891
8646000,5668.303240,1179,72,0.930212,0.2656
8648000,5912.544751,1192,82,0.937673,0.3281
8650000,5878.422715,1190,65,0.964798,0.2266
8652000,5884.403694,1207,68,0.962417,0.2969
8654000,5974.336780,1187,84,0.963245,0.3359
8656000,5767.000416,1201,80,0.965710,0.2422
8658000,4889.074735,1219,63,0.883860,0.2656
8660000,4835.319055,1203,68,0.939236,0.3125
8662000,5381.957000,1182,76,0.959239,0.3281
8664000,5384.653763,1169,93,0.958535,0.3672
8666000,5579.144798,1193,69,0.962046,0.2812
8668000,5438.287750,1179,70,0.962335,0.3125
8670000,4919.490096,1201,85,0.864770,0.2500
8672000,5154.271983,1195,68,0.958523,0.3281
8674000,5278.888124,1214,63,0.960207,0.3281
8676000,5269.814080,1221,49,0.960118,0.2344
8678000,4945.757511,1201,66,0.773247,0.2266
8680000,5303.130486,1203,72,0.959162,0.2969
8682000,5210.015558,1196,86,0.951208,0.3047
8684000,5248.063206,1217,71,0.916277,0.3359
8686000,5428.848408,1191,65,0.923918,0.3047
8688000,5324.189991,1181,75,0.920182,0.2734
8690000,5343.576835,1188,66,0.919806,0.2500
8692000,5384.594739,1186,80,0.919745,0.3750
8694000,5408.280878,1175,86,0.920242,0.3516
8696000,5402.513436,1185,81,0.922555,0.3125
8698000,5125.821054,1195,70,0.898557,0.2656
8700000,5053.048382,1198,69,0.912779,0.3281
8702000,5348.372870,1186,82,0.943935,0.3438
8704000,5099.886816,1177,72,0.943710,0.3125
8706000,5058.453580,1209,58,0.940076,0.2969
8708000,4696.218256,1186,75,0.818370,0.2891
8710000,5390.443350,1195,66,0.941736,0.2578
8712000,5109.290127,1207,69,0.940357,0.3438
8714000,4653.544790,1218,64,0.818714,0.2812
8716000,5179.674188,1218,71,0.882101,0.2734
8718000,5508.137951,1225,81,0.959750,0.3125
8720000,5333.180460,1221,74,0.923842,0.2734
8722000,5284.263659,1235,57,0.939553,0.3203
8724000,5277.034355,1253,63,0.926200,0.2734
8726000,5349.867523,1245,58,0.926917,0.3047
8728000,5371.206215,1239,58,0.926361,0.3125
8730000,5434.128920,1238,76,0.875857,0.2812
8732000,5472.475287,1242,64,0.909899,0.3203
8734000,5363.392636,1219,69,0.941904,0.2266
8736000,5264.223564,1224,66,0.939014,0.3047
8738000,5150.165222,1240,57,0.947675,0.2188
8740000,4921.853887,1250,49,0.906894,0.2734
8742000,4911.025550,1243,57,0.879011,0.2578
8744000,4824.806115,1235,64,0.875888,0.2188
8746000,5106.548342,1241,71,0.895324,0.2344
8748000,5074.888771,1228,67,0.842861,0.2422
8750000,4648.814590,1223,74,0.803673,0.3203
8752000,5348.878519,1242,70,0.893397,0.2891
8754000,5812.762828,1237,61,0.967662,0.2109
8756000,5296.949180,1209,64,0.867419,0.2734
8758000,6131.581510,1228,63,0.974193,0.2109
8760000,5946.204923,1221,72,0.972828,0.2188
8762000,6137.428454,1241,79,0.977037,0.3516
8764000,6200.473350,1244,73,0.971957,0.3203
8766000,6118.519215,1249,66,0.973739,0.2578
8768000,5940.221040,1241,53,0.973872,0.3047
8770000,6063.550375,1238,68,0.976406,0.2500
8772000,5766.732679,1223,70,0.945729,0.2969
8774000,5848.312028,1234,59,0.960326,0.3203
8776000,5462.538275,1228,64,0.928034,0.3125
8778000,5513.204447,1220,78,0.945929,0.3906
8780000,5338.975435,1190,91,0.920557,0.3906
8782000,5735.647696,1186,88,0.943363,0.3203
8784000,6190.663675,1172,89,0.967410,0.2422
8786000,6045.279139,1185,81,0.961137,0.3359
8788000,6535.064134,1190,72,0.977638,0.2500
8790000,6752.324883,1205,70,0.977645,0.2188
8792000,6739.089596,1178,94,0.978708,0.2812
8794000,6717.668919,1190,79,0.978675,0.2969
8796000,6647.546411,1201,81,0.978497,0.3125
8798000,6348.712332,1195,81,0.954615,0.2812
8800000,6120.571590,1202,74,0.945780,0.2891
8802000,6118.277127,1204,72,0.944979,0.3047
8804000,6079.798115,1213,77,0.941877,0.3359
8806000,5811.123190,1203,65,0.871486,0.3438
8808000,5686.561575,1233,60,0.902356,0.2969
8810000,5618.812635,1213,66,0.899773,0.2344
8812000,5761.488155,1234,56,0.844140,0.2891
8814000,5836.791223,1218,66,0.899185,0.2891
8816000,6070.950572,1232,56,0.960874,0.3672
8818000,5975.979375,1198,76,0.940557,0.2812
8820000,6005.424179,1208,71,0.936252,0.2891
8822000,6189.383750,1184,76,0.936424,0.2812
8824000,6305.047120,1176,80,0.943364,0.3047
8826000,6172.618256,1208,67,0.946354,0.3047
8828000,4978.000430,1210,68,0.834038,0.2500
8830000,5014.197495,1240,71,0.836757,0.3984
8832000,5246.572350,1232,63,0.901150,0.2812
8834000,5789.062512,1248,53,0.841513,0.2344
8836000,6266.367351,1251,58,0.955034,0.2578
8838000,6233.217462,1217,75,0.908248,0.3281
8840000,6220.993436,1235,65,0.957484,0.3047
8842000,6112.822956,1238,51,0.967788,0.3359
8844000,6061.752575,1238,69,0.951186,0.2734
8846000,6117.744439,1194,84,0.950846,0.3125
8848000,6233.711083,1187,73,0.949916,0.3281
8850000,6115.169190,1189,82,0.971490,0.2656
8852000,6032.335035,1195,80,0.935735,0.2734
8854000,6241.488523,1192,69,0.963392,0.2969
8856000,6319.827687,1194,71,0.960356,0.2266
8858000,6199.495539,1189,87,0.955232,0.2734
8860000,6272.529575,1197,77,0.935303,0.3281
8862000,6244.010503,1199,68,0.961180,0.3438
8864000,6127.879400,1190,74,0.956563,0.3047
8866000,6134.553518,1205,65,0.958225,0.2969
8868000,6094.959751,1184,86,0.958737,0.3203
8870000,6110.313875,1177,82,0.959916,0.2891
8872000,6034.336974,1165,87,0.965101,0.3516
8874000,5886.047630,1182,82,0.939070,0.3047
8876000,5809.658854,1190,70,0.962425,0.3516
8878000,5965.899902,1226,61,0.970436,0.2656
8880000,5747.097015,1221,70,0.954070,0.3047
8882000,5732.804252,1228,59,0.954460,0.3125
8884000,5661.309334,1227,52,0.954779,0.3125
8886000,5712.324251,1221,66,0.956224,0.2578
8888000,5833.493500,1236,71,0.940977,0.2578
8890000,5879.281580,1200,75,0.961421,0.3203
8892000,5585.089771,1177,84,0.962659,0.2656
8894000,5639.912651,1202,74,0.959888,0.3203
8896000,5629.202539,1230,62,0.961684,0.3047
8898000,5947.766655,1217,69,0.966703,0.3125
8900000,5651.227294,1212,66,0.959931,0.3750
8902000,5755.536278,1212,59,0.960824,0.2578
8904000,5703.214167,1220,73,0.967288,0.3359
8906000,5548.237340,1235,63,0.959847,0.2266
8908000,5623.933583,1211,69,0.960523,0.3047
8910000,5628.813219,1173,82,0.951319,0.3047
8912000,5576.103582,1205,74,0.940781,0.2500
8914000,5600.764408,1193,69,0.946928,0.2812
8916000,4913.690600,1193,70,0.935651,0.3672
8918000,4873.856535,1174,93,0.882884,0.2891
8920000,5054.367755,1191,80,0.949778,0.2891
8922000,4841.105107,1195,76,0.944627,0.2266
8924000,4824.019190,1189,76,0.946030,0.2734
8926000,4979.278035,1185,79,0.945561,0.3203
8928000,4983.192654,1185,78,0.913969,0.3750
8930000,4893.456931,1216,63,0.912551,0.2422
8932000,5163.776238,1191,80,0.868624,0.2734
8934000,5040.317368,1194,76,0.920490,0.3516
8936000,5182.835836,1201,73,0.910002,0.3594
8938000,5087.503519,1224,69,0.876907,0.2578
8940000,4995.725174,1214,61,0.945345,0.3594
8942000,4944.349288,1219,57,0.926396,0.2031
8944000,4729.213219,1219,63,0.825163,0.3516
8946000,5434.095075,1196,74,0.914247,0.3125
8948000,5670.188279,1197,74,0.962517,0.3203
8950000,5655.668795,1213,71,0.961512,0.2734
8952000,6151.367855,1202,73,0.953917,0.3594
8954000,6183.350454,1184,88,0.945860,0.2812
8956000,6133.216208,1196,69,0.946621,0.2969
8958000,6155.284752,1199,85,0.960612,0.3750
8960000,6192.369896,1220,64,0.949990,0.2891
8962000,6367.718646,1223,70,0.951552,0.3828
8964000,6387.328222,1200,78,0.952182,0.2422
8966000,6156.019127,1193,67,0.951307,0.2891
8968000,6221.668806,1228,60,0.952355,0.2656
8970000,5917.972699,1213,74,0.918517,0.3125
8972000,5856.003660,1200,69,0.913728,0.3359
8974000,6326.990694,1219,73,0.927702,0.2891
8976000,6302.877575,1238,78,0.917533,0.2266
8978000,6380.495310,1252,55,0.943384,0.3672
8980000,6475.514835,1240,67,0.942119,0.3438
8982000,6159.873603,1232,67,0.942383,0.2656
8984000,6228.777150,1214,74,0.942616,0.3281
8986000,6327.964811,1231,67,0.943524,0.2734
8988000,6388.572875,1229,70,0.948503,0.2734
8990000,6347.643095,1228,66,0.940623,0.2422
8992000,6448.818651,1223,78,0.955782,0.3047
8994000,6483.196195,1228,64,0.950502,0.3281
8996000,6375.165950,1212,84,0.950376,0.2969
8998000,6306.142048,1200,87,0.953047,0.2891
9000000,6053.757251,1210,79,0.955898,0.2734
9002000,6024.529020,1183,90,0.954097,0.3906
9004000,5984.921603,1198,86,0.940906,0.3750
9006000,5953.528051,1222,56,0.940361,0.2422
9008000,5932.530007,1231,61,0.945724,0.2422
9010000,5897.379142,1220,77,0.929407,0.2812
9012000,6021.405710,1232,58,0.966364,0.1875
9014000,6186.159838,1222,68,0.969066,0.3125
9016000,6170.264600,1246,72,0.968366,0.3125
9018000,5735.148971,1231,65,0.957687,0.2734
9020000,5917.031775,1228,74,0.970469,0.3594
9022000,5723.351007,1235,65,0.965140,0.2891
9024000,5872.680606,1216,74,0.951087,0.3281
9026000,6057.645302,1239,63,0.952713,0.3359
9028000,6166.200859,1228,63,0.975740,0.2734
9030000,6185.237500,1230,69,0.962604,0.2656
9032000,6215.070972,1230,77,0.979297,0.3047
9034000,6198.780790,1235,62,0.980182,0.2656
9036000,6242.053615,1242,60,0.958581,0.3594
9038000,5884.091600,1243,67,0.969070,0.2422
9040000,5952.525000,1220,71,0.966310,0.2656
9042000,5989.606828,1219,66,0.978229,0.2188
9044000,5959.117324,1221,70,0.971307,0.2734
9046000,6099.551175,1227,74,0.971072,0.2344
9048000,6166.746595,1218,80,0.971389,0.3359
9050000,6038.714744,1228,74,0.967289,0.3359
9052000,6033.954675,1236,77,0.967864,0.2344
9054000,6009.623707,1243,63,0.977199,0.3203
9056000,6027.074875,1240,55,0.978586,0.2969
9058000,6132.152214,1238,65,0.974091,0.3125
9060000,6199.269823,1247,72,0.953231,0.2578
9062000,6138.873575,1248,62,0.958709,0.2891
9064000,6080.613244,1249,63,0.966082,0.2344
9066000,5960.925975,1233,74,0.947300,0.2578
9068000,5922.607975,1256,60,0.970233,0.2969
9070000,5785.067790,1267,56,0.947466,0.2656
9072000,5863.024019,1256,56,0.968885,0.2500
9074000,5960.510444,1244,59,0.967496,0.2422
9076000,5958.118696,1215,72,0.972748,0.3438
9078000,6155.435259,1238,58,0.972253,0.2344
9080000,6284.551820,1248,60,0.964163,0.2109
9082000,6388.188262,1255,48,0.966332,0.2812
9084000,6982.025760,1245,58,0.984208,0.2734
9086000,7267.211035,1223,62,0.985110,0.3359
9088000,7149.370070,1221,82,0.985022,0.3203
9090000,7026.256455,1223,77,0.975046,0.2969
9092000,7092.014878,1229,69,0.976238,0.3203
9094000,6548.685014,1231,60,0.969459,0.3438
9096000,6348.658627,1214,56,0.964496,0.2578
9098000,6398.444447,1218,64,0.954656,0.2969
9100000,6213.800839,1238,58,0.891333,0.3516
9102000,6188.475959,1223,69,0.967606,0.2734
9104000,6260.078511,1222,70,0.965137,0.2422
9106000,5939.958654,1234,71,0.931815,0.3047
9108000,5915.212215,1247,50,0.932876,0.2578
9110000,6123.395478,1235,53,0.967456,0.3672
9112000,6218.587990,1216,65,0.968685,0.2578
9114000,6253.246315,1219,82,0.969160,0.3047
9116000,6163.378310,1204,97,0.955264,0.2500
9118000,6254.504942,1219,87,0.973020,0.2734
9120000,6191.231150,1242,77,0.966997,0.3125
9122000,6014.085646,1223,74,0.964925,0.2500
9124000,6104.265046,1237,74,0.964456,0.3047
9126000,6300.448195,1212,74,0.968436,0.3203
9128000,5908.115075,1220,71,0.914981,0.2891
9130000,5867.636855,1223,74,0.839240,0.2578
9132000,6365.856214,1200,73,0.928615,0.3281
9134000,6174.633422,1231,67,0.939652,0.2578
9136000,5816.335083,1248,61,0.950873,0.2500
9138000,5904.060671,1228,74,0.949807,0.3594
9140000,6090.180067,1229,58,0.956744,0.3281
9142000,6032.022774,1239,64,0.956584,0.2734
9144000,6081.314015,1218,65,0.947837,0.3281
9146000,5436.505088,1207,71,0.953094,0.2344
9148000,5845.275639,1227,73,0.950430,0.2891
9150000,5118.100499,1200,72,0.937034,0.1875
9152000,4999.485639,1209,79,0.918487,0.2812
9154000,5234.845895,1218,69,0.872929,0.2266
9156000,5718.067235,1201,76,0.965148,0.2969
9158000,5764.358179,1196,73,0.970006,0.3047
9160000,5867.899286,1188,81,0.963354,0.3281
9162000,5987.117435,1183,83,0.952580,0.3125
9164000,5622.515408,1204,78,0.953600,0.2812
9166000,5570.331891,1204,76,0.950300,0.3750
9168000,5583.936998,1232,63,0.954485,0.2188
9170000,5299.385216,1227,65,0.928662,0.2578
9172000,5382.472188,1214,69,0.947012,0.2031
9174000,5345.590758,1201,73,0.937760,0.3516
9176000,5313.925112,1193,81,0.957943,0.3594
9178000,5144.635251,1178,75,0.931089,0.2734
9180000,4998.224819,1194,69,0.924025,0.2266
9182000,5239.845478,1196,72,0.954088,0.2969
9184000,5198.721240,1212,61,0.896660,0.2891
9186000,5308.586364,1191,80,0.897669,0.2969
9188000,5664.217758,1216,57,0.915961,0.2656
9190000,5776.744847,1234,58,0.920458,0.2891
9192000,6161.705088,1243,73,0.963024,0.2266
9194000,6125.849515,1236,60,0.962285,0.2578
9196000,5955.905980,1224,74,0.964085,0.2734
9198000,6041.951931,1230,69,0.963468,0.2422
9200000,5787.910075,1222,78,0.969814,0.3438
9202000,5834.684704,1237,63,0.950915,0.2656
9204000,5417.634428,1212,60,0.947686,0.2266
9206000,5376.655355,1203,70,0.938722,0.3125
9208000,5543.286550,1210,67,0.946246,0.3281
9210000,5421.573183,1198,76,0.942298,0.3281
9212000,5836.537059,1196,70,0.963732,0.2969
9214000,5639.493951,1189,78,0.964838,0.2891
9216000,5578.481591,1201,71,0.906800,0.3281
9218000,5867.347823,1182,78,0.966678,0.3203
9220000,6208.253543,1192,85,0.946817,0.3594
9222000,6115.363020,1226,68,0.948924,0.3047
9224000,6230.828255,1202,89,0.954459,0.3203
9226000,6180.423939,1182,73,0.951887,0.3516
9228000,6241.330807,1221,61,0.952521,0.2031
9230000,6325.753211,1212,63,0.954036,0.3281
9232000,6150.083030,1218,49,0.954066,0.2188
9234000,6161.316486,1210,57,0.949621,0.2656
9236000,5928.397475,1206,67,0.935097,0.2812
9238000,6003.888515,1206,66,0.932694,0.2891
9240000,6086.517015,1214,68,0.935356,0.2578
9242000,5769.151875,1206,71,0.830510,0.3359
9244000,6506.099915,1206,80,0.935236,0.3750
9246000,6608.222915,1181,78,0.936438,0.3047
9248000,6562.961963,1197,74,0.933987,0.2734
9250000,6402.443840,1212,66,0.939764,0.2266
9252000,6222.857343,1232,62,0.927955,0.2656
9254000,6198.093960,1220,69,0.928359,0.2891
9256000,6119.149016,1218,82,0.917412,0.2422
9258000,6247.990019,1227,67,0.927183,0.2031
9260000,6013.887675,1248,68,0.929560,0.2734
9262000,5937.123806,1218,71,0.929255,0.2344
9264000,5619.829135,1236,71,0.924549,0.2812
9266000,5819.504300,1229,62,0.925474,0.3438
9268000,5865.631219,1232,79,0.951638,0.3594
9270000,5688.098911,1225,67,0.923663,0.2891
9272000,5470.408830,1239,64,0.933722,0.3281
9274000,5574.688166,1215,80,0.888770,0.3125
9276000,5582.848083,1218,68,0.891453,0.2656
9278000,5376.558380,1205,81,0.941120,0.3047
9280000,5416.617047,1231,51,0.942244,0.2109
9282000,5793.534150,1222,59,0.949371,0.2422
9284000,6286.610390,1201,70,0.959497,0.2969
9286000,6300.394223,1221,61,0.942584,0.3359
9288000,5750.895775,1245,56,0.897478,0.2500
9290000,5943.053400,1230,58,0.893469,0.2812
9292000,6045.975263,1220,76,0.899982,0.3125
9294000,6156.409599,1234,63,0.930350,0.2969
9296000,6055.443374,1229,68,0.934735,0.2578
9298000,6177.380670,1221,78,0.956363,0.3594
9300000,6284.008190,1203,85,0.972949,0.3125
9302000,5945.256204,1199,73,0.942080,0.3125
9304000,6273.168384,1174,78,0.957274,0.2500
9306000,6270.086491,1183,71,0.974767,0.3828
9308000,6088.295500,1189,85,0.964511,0.3203
9310000,6219.801063,1197,76,0.969594,0.3203
9312000,6017.237216,1199,72,0.955085,0.2891
9314000,5837.347535,1194,77,0.960479,0.2734
9316000,5794.715030,1217,72,0.936485,0.2578
9318000,5769.207966,1233,72,0.882996,0.3203
9320000,5752.697564,1234,65,0.901539,0.2734
9322000,5815.961179,1255,53,0.940281,0.3281
9324000,5525.221679,1224,60,0.940270,0.3203
9326000,6392.385622,1213,65,0.949682,0.2891
9328000,6461.186784,1219,72,0.929895,0.2500
9330000,6498.595814,1229,62,0.934753,0.2891
9332000,6420.277691,1235,62,0.955509,0.2812
9334000,6314.019488,1216,68,0.943094,0.2656
9336000,6192.745075,1195,73,0.940709,0.2891
9338000,6280.519419,1191,78,0.951828,0.2812
9340000,6426.134323,1213,72,0.965413,0.3359
9342000,6253.690099,1200,72,0.964178,0.2734
9344000,5963.833287,1227,65,0.965324,0.3047
9346000,5928.989590,1234,62,0.946303,0.3438
9348000,5438.655295,1234,69,0.871679,0.2656
9350000,5476.228790,1232,54,0.864696,0.2656
9352000,5131.490091,1205,67,0.863354,0.2656
9354000,5052.134892,1187,82,0.912181,0.3281
9356000,4972.956718,1201,82,0.910279,0.2422
9358000,4955.102960,1192,87,0.894540,0.3125
9360000,5095.742062,1206,75,0.909158,0.3125
9362000,5001.297128,1193,63,0.905772,0.2734
9364000,5312.588775,1215,67,0.926812,0.2812
9366000,5523.617115,1239,53,0.955832,0.2891
9368000,5669.997887,1221,49,0.959162,0.3125
9370000,5361.420700,1216,63,0.940099,0.2500
9372000,5276.730000,1224,66,0.940437,0.2656
9374000,5092.131382,1229,64,0.934692,0.3281
9376000,5338.191527,1229,74,0.964055,0.3516
9378000,5278.253512,1199,77,0.964065,0.3281
9380000,5439.914542,1212,60,0.967575,0.2734
9382000,5347.589414,1218,71,0.962616,0.2031
9384000,5581.758352,1223,69,0.969624,0.3047
9386000,5706.621799,1195,83,0.971494,0.2578
9388000,5448.334539,1194,83,0.968938,0.3516
9390000,5109.229856,1202,80,0.909629,0.2734
9392000,4874.125424,1225,68,0.928175,0.2266
9394000,4764.100584,1233,61,0.920366,0.2500
9396000,4972.937832,1231,58,0.951930,0.2656
9398000,4723.897368,1221,64,0.924488,0.2500
9400000,4784.177768,1196,71,0.947967,0.2734
9402000,4755.622870,1214,68,0.950419,0.3359
9404000,4814.141091,1193,69,0.947535,0.2500
9406000,4762.871467,1202,70,0.926699,0.2500
9408000,4769.017735,1211,74,0.925815,0.3125
9410000,4822.251886,1224,64,0.928696,0.2656
9412000,5048.805582,1216,61,0.965480,0.2344
9414000,4925.580891,1218,72,0.910121,0.2422
9416000,5503.601119,1205,61,0.950867,0.2891
9418000,5659.668136,1209,72,0.954253,0.3359
9420000,5634.982643,1186,89,0.943453,0.3594
9422000,5522.481311,1196,81,0.930810,0.2969
9424000,5579.832075,1197,77,0.955779,0.2891
9426000,5788.542368,1204,73,0.959258,0.2891
9428000,5198.756144,1213,77,0.815054,0.3594
9430000,5383.327403,1210,75,0.951506,0.2969
9432000,5617.232316,1213,63,0.953565,0.3203
9434000,5468.223035,1209,71,0.939840,0.2422
9436000,5312.066278,1197,78,0.886924,0.2812
9438000,5410.970536,1200,78,0.927067,0.3438
9440000,5477.909715,1221,67,0.932018,0.2656
9442000,5486.701900,1237,63,0.932367,0.3594
9444000,5368.721755,1243,66,0.920978,0.3203
9446000,4939.778886,1218,62,0.849453,0.2344
9448000,5253.565478,1239,62,0.886394,0.2500
9450000,5253.107680,1220,79,0.888846,0.2812
9452000,5623.836835,1240,49,0.926984,0.1875
9454000,5431.310475,1251,46,0.920033,0.2812
9456000,5441.821283,1237,57,0.780274,0.2500
9458000,5600.301579,1233,60,0.911671,0.2891
9460000,5663.716115,1199,69,0.904456,0.3203
9462000,5366.049200,1229,62,0.877681,0.2578
9464000,5317.071135,1222,64,0.874926,0.2891
9466000,5419.297823,1253,69,0.927935,0.2734
9468000,5034.836782,1250,66,0.782025,0.2188
9470000,5017.500070,1246,61,0.821279,0.2578
9472000,5569.653462,1243,74,0.931975,0.3125
9474000,5307.994255,1230,72,0.942107,0.2656
9476000,5144.795835,1243,55,0.942234,0.2266
9478000,5481.193243,1242,52,0.897476,0.2734
9480000,5452.925064,1231,58,0.943602,0.3125
9482000,5316.318510,1239,70,0.969007,0.3047
9484000,5066.018934,1234,64,0.936519,0.2109
9486000,4974.448203,1235,61,0.925358,0.1953
9488000,5081.173340,1222,66,0.960997,0.2578
9490000,4976.809663,1256,44,0.943595,0.2266
9492000,5172.114435,1245,58,0.960050,0.2734
9494000,5135.190982,1240,68,0.941759,0.2578
9496000,5029.856588,1236,72,0.939174,0.2812
9498000,5111.001100,1245,66,0.940450,0.2500
9500000,5256.751062,1238,68,0.954787,0.3359
9502000,4959.954011,1213,80,0.942435,0.3125
9504000,5238.753260,1222,69,0.965451,0.3047
9506000,5249.006159,1181,75,0.968333,0.3203
9508000,5380.274391,1189,87,0.888968,0.2891
9510000,5283.642790,1216,73,0.935629,0.2891
9512000,5383.381478,1221,68,0.946839,0.2344
9514000,5229.958448,1213,76,0.910011,0.3906
9516000,5293.468315,1193,66,0.940090,0.3828
9518000,5340.248223,1211,77,0.953364,0.2422
9520000,4990.646620,1217,72,0.909444,0.2578
9522000,5981.391075,1208,73,0.954326,0.2891
9524000,5475.308959,1207,72,0.928791,0.2812
9526000,5518.912543,1188,77,0.948584,0.3281
9528000,5593.070279,1181,82,0.950361,0.2578
9530000,5363.322471,1194,70,0.911808,0.3359
9532000,5358.463590,1183,79,0.915099,0.2500
9534000,5142.599479,1192,73,0.890545,0.3281
9536000,5174.150112,1210,59,0.955166,0.2812
9538000,5047.469851,1215,63,0.938665,0.2500
9540000,4936.542168,1214,53,0.940916,0.2500
9542000,4937.491260,1229,61,0.933864,0.3359
9544000,4941.262239,1193,79,0.938020,0.3281
9546000,5374.910870,1205,87,0.928468,0.3594
9548000,5495.694198,1196,88,0.946625,0.2891
9550000,5426.725059,1210,76,0.968754,0.3516
9552000,4741.785151,1209,77,0.960305,0.3516
9554000,4799.479935,1216,63,0.955205,0.3359
9556000,4640.059743,1215,83,0.954395,0.2734
9558000,4444.134195,1210,72,0.953559,0.2500
9560000,5176.153680,1208,72,0.962694,0.2812
9562000,5348.612587,1209,75,0.918421,0.3047
9564000,5377.450974,1183,82,0.958961,0.3438
9566000,5302.949175,1209,73,0.943369,0.2891
9568000,5434.733150,1204,82,0.948075,0.3125
9570000,5532.619231,1203,64,0.947867,0.2969
9572000,5716.208846,1183,86,0.939047,0.2812
9574000,5964.181500,1180,80,0.968343,0.3047
9576000,5565.382760,1186,69,0.962972,0.2812
9578000,5598.665582,1194,76,0.963434,0.3438
9580000,5466.685952,1182,84,0.945161,0.3203
9582000,5690.435755,1210,70,0.957187,0.3203
9584000,6050.635367,1206,70,0.966702,0.2969
9586000,5664.668887,1207,75,0.898248,0.2578
9588000,5848.814860,1213,67,0.972054,0.2578
9590000,5860.765939,1214,65,0.972683,0.2969
9592000,5837.241400,1201,75,0.972929,0.2969
9594000,5651.876671,1197,85,0.954601,0.2891
9596000,5465.556174,1181,89,0.919463,0.2578
9598000,5557.956495,1197,75,0.953955,0.3438
9600000,5529.968352,1205,76,0.950906,0.2578
9602000,5551.428311,1204,72,0.952404,0.2188
9604000,5703.424046,1209,62,0.982489,0.3047
9606000,5699.639174,1195,79,0.981758,0.3359
9608000,5604.215975,1199,66,0.971736,0.3594
9610000,5427.275952,1211,70,0.921600,0.3672
9612000,5592.910080,1202,78,0.883660,0.2969
9614000,5484.752302,1197,69,0.939483,0.3047
9616000,5413.489084,1190,84,0.918451,0.3203
9618000,5262.519723,1224,69,0.944500,0.3047
9620000,5187.694131,1226,67,0.931516,0.2578
9622000,5112.377783,1218,70,0.925821,0.2031
9624000,5170.538172,1194,74,0.952905,0.3438
9626000,5527.277531,1211,60,0.971322,0.2656
9628000,5476.591623,1200,71,0.964286,0.3125
9630000,5382.767187,1211,76,0.950253,0.3047
9632000,5298.830259,1219,72,0.950529,0.2656
9634000,5339.798855,1214,83,0.941851,0.2891
9636000,5491.541414,1201,70,0.924580,0.2891
9638000,5742.044483,1199,72,0.970558,0.2188
9640000,5930.263351,1227,54,0.976098,0.2344
9642000,5517.525211,1232,58,0.959492,0.2031
9644000,5646.951164,1242,70,0.976884,0.3047
9646000,5448.772163,1232,70,0.977215,0.2188
9648000,5743.630272,1212,64,0.959660,0.2188
9650000,5721.047960,1220,65,0.963490,0.2578
9652000,5766.247030,1215,80,0.962353,0.3047
9654000,5384.869851,1196,74,0.915485,0.3516
9656000,6003.164879,1196,79,0.922021,0.2578
9658000,5945.732663,1181,85,0.897862,0.3984
9660000,5451.038027,1186,74,0.887361,0.2734
9662000,4984.699952,1205,77,0.923599,0.2656
9664000,4907.986120,1201,77,0.908827,0.3594
9666000,4917.763895,1226,65,0.906390,0.3281
9668000,4964.464310,1212,60,0.914353,0.2344
9670000,5068.346590,1199,78,0.924299,0.2500
9672000,5102.740299,1215,67,0.930195,0.3047
9674000,4957.316727,1232,57,0.961073,0.2578
9676000,5070.267494,1243,48,0.939978,0.2656
9678000,4349.265934,1241,66,0.847646,0.2969
9680000,4203.754759,1236,54,0.885869,0.3281
9682000,4183.534287,1218,62,0.886845,0.2500
9684000,4041.160855,1220,75,0.897730,0.2891
9686000,4470.906047,1222,73,0.941203,0.2578
9688000,4503.968412,1240,67,0.941332,0.2344
9690000,4409.469243,1244,66,0.950198,0.2109
9692000,4552.700588,1201,83,0.920511,0.2578
9694000,4730.810222,1207,80,0.918304,0.2578
9696000,4732.175275,1187,78,0.922880,0.3281
9698000,4752.712486,1211,76,0.926769,0.3125
9700000,3936.723326,1210,67,0.709307,0.2344
9702000,4295.979020,1226,70,0.911586,0.3516
9704000,4262.305563,1209,66,0.930248,0.2109
9706000,4253.994175,1221,56,0.928736,0.2188
9708000,4438.717919,1213,67,0.903936,0.3203
9710000,4295.825123,1215,73,0.876145,0.3125
9712000,4414.379751,1205,71,0.894552,0.3203
9714000,4435.636763,1196,78,0.892104,0.3281
9716000,4531.845787,1198,80,0.930793,0.2734
9718000,4443.173110,1212,78,0.933400,0.2891
9720000,4529.675595,1201,82,0.933328,0.2969
9722000,4153.407455,1221,71,0.844420,0.2500
9724000,4569.081420,1209,74,0.923096,0.2969
9726000,4593.174415,1210,69,0.925528,0.2812
9728000,4487.245502,1211,67,0.921891,0.2891
9730000,4413.042907,1234,64,0.877554,0.2422
9732000,4523.829935,1244,58,0.884872,0.2891
9734000,4646.414830,1262,62,0.852149,0.2891
9736000,4791.346476,1210,82,0.915961,0.2578
9738000,4839.262390,1239,67,0.952947,0.2031
9740000,3932.789947,1224,66,0.877700,0.2422
9742000,3844.574891,1202,67,0.873717,0.2969
9744000,3753.386627,1201,72,0.865182,0.2969
9746000,4473.772124,1214,64,0.924220,0.3359
9748000,3922.190152,1226,57,0.874833,0.3047
9750000,4213.404910,1231,68,0.873384,0.2656
9752000,4615.555320,1239,56,0.955639,0.2734
9754000,4612.441795,1236,68,0.942887,0.3125
9756000,4656.205875,1217,67,0.952038,0.2891
9758000,4651.522430,1210,75,0.951816,0.2188
9760000,4431.308875,1207,69,0.918470,0.2656
9762000,4799.452363,1209,75,0.925299,0.2891
9764000,4433.546424,1219,67,0.919322,0.3359
9766000,4270.304568,1218,67,0.902166,0.2266
9768000,4456.100263,1218,71,0.918992,0.3750
9770000,4450.515974,1220,68,0.941080,0.3047
9772000,4456.731750,1199,75,0.943464,0.2344
9774000,4320.834654,1191,74,0.909434,0.2188
9776000,4253.320023,1177,79,0.907207,0.2969
9778000,4303.078971,1179,82,0.912899,0.3984
9780000,4446.348728,1182,93,0.849761,0.3672
9782000,4244.424492,1205,81,0.755200,0.3906
9784000,4256.209724,1195,73,0.796722,0.3516
9786000,4389.633000,1208,85,0.821610,0.3203
9788000,4176.061079,1226,67,0.784122,0.2578
9790000,4050.807510,1199,73,0.761190,0.2969
9792000,4389.002795,1206,86,0.851444,0.2734
9794000,4290.747400,1196,85,0.850090,0.3359
9796000,4594.322814,1181,97,0.912816,0.3750
9798000,4536.294750,1191,84,0.915710,0.3359
9800000,4514.292728,1211,82,0.908184,0.2969
9802000,4047.532790,1190,77,0.804883,0.2734
9804000,4248.423440,1179,71,0.889664,0.2969
9806000,4060.951815,1194,72,0.780528,0.2656
9808000,4632.574358,1211,78,0.918381,0.3438
9810000,4811.445750,1221,69,0.947675,0.3125
9812000,3916.814659,1210,57,0.909428,0.2969
9814000,4386.452760,1216,73,0.914940,0.2656
9816000,4857.021404,1211,68,0.944949,0.2734
9818000,4827.332179,1207,84,0.932831,0.3359
9820000,4824.174316,1249,63,0.934155,0.2578
9822000,4920.777179,1252,57,0.939768,0.2656
9824000,4809.730940,1232,59,0.934147,0.2734
9826000,4463.123208,1233,65,0.913255,0.2656
9828000,4593.560262,1227,71,0.870604,0.3359
9830000,4863.595328,1220,56,0.951620,0.2344
9832000,4731.805964,1217,72,0.938337,0.2578
9834000,4667.567566,1219,68,0.936901,0.3438
9836000,4776.248144,1195,83,0.924287,0.3672
9838000,4374.465311,1173,88,0.917623,0.3359
9840000,4477.171660,1173,78,0.855128,0.3047
9842000,4505.396291,1173,72,0.881433,0.3984
9844000,4547.611715,1174,69,0.868120,0.3906
9846000,4763.034534,1178,83,0.837617,0.3281
9848000,5181.721574,1193,81,0.901556,0.2812
9850000,5805.116135,1217,64,0.970834,0.2656
9852000,5564.617887,1206,73,0.848750,0.2500
9854000,5604.053475,1213,72,0.848989,0.2422
9856000,6123.069260,1185,89,0.963356,0.3281
9858000,5551.196584,1200,76,0.960295,0.3203
9860000,5583.663782,1184,92,0.960898,0.3281
9862000,5660.007516,1187,84,0.947828,0.2734
9864000,5553.940776,1172,89,0.948298,0.2734
9866000,5489.637875,1190,61,0.939251,0.2578
9868000,5458.525659,1221,71,0.940481,0.2812
9870000,5476.669950,1200,67,0.915357,0.2578
9872000,5060.182915,1205,59,0.931682,0.2266
9874000,5243.202735,1197,69,0.945879,0.2344
9876000,5173.975944,1196,69,0.943532,0.2422
9878000,4835.950908,1207,63,0.931328,0.3203
9880000,4524.212944,1172,79,0.872994,0.2578
9882000,4536.009591,1142,80,0.920713,0.2500
9884000,4450.213502,1163,76,0.901145,0.3359
9886000,4476.424031,1175,71,0.896214,0.2344
9888000,4708.021846,1192,68,0.938359,0.3281
9890000,4747.949078,1157,86,0.942293,0.3359
9892000,4821.325902,1182,80,0.946426,0.2656
9894000,4652.111848,1192,70,0.945716,0.3125
9896000,4846.561448,1173,89,0.945649,0.2188
9898000,4872.574686,1175,89,0.949807,0.4141
9900000,4755.174895,1197,88,0.944097,0.2969
9902000,4654.107772,1183,83,0.941501,0.3203
9904000,4937.395723,1193,78,0.932906,0.2891
9906000,5282.570375,1179,86,0.943993,0.2578
9908000,5368.143127,1213,75,0.943375,0.2812
9910000,5270.978668,1190,68,0.944193,0.3125
9912000,5531.384755,1187,76,0.955295,0.2578
9914000,5426.037120,1183,87,0.954421,0.3125
9916000,5427.013707,1172,82,0.950982,0.2734
9918000,5399.390188,1194,82,0.948131,0.2969
9920000,5403.978518,1221,72,0.928256,0.2656
9922000,5789.969931,1224,64,0.973921,0.3359
9924000,5542.943534,1220,66,0.952191,0.3047
9926000,5463.993590,1208,68,0.946230,0.2891
9928000,5583.782406,1191,73,0.953497,0.3359
9930000,5008.029070,1182,84,0.775773,0.2578
9932000,5534.356590,1216,75,0.935938,0.2734
9934000,5599.794315,1202,71,0.949882,0.2891
9936000,5551.466200,1199,63,0.948491,0.3047
9938000,5549.033583,1205,77,0.948954,0.2969
9940000,5552.191660,1214,66,0.951207,0.2578
9942000,5621.392555,1216,68,0.951128,0.2656
9944000,5634.647550,1227,65,0.951883,0.2734
9946000,5296.782910,1228,64,0.962546,0.2266
9948000,5037.774467,1230,63,0.887095,0.3125
9950000,5083.435171,1205,76,0.891001,0.3438
9952000,5481.272892,1218,72,0.938740,0.3047
9954000,5809.046587,1203,75,0.949334,0.2500
9956000,5746.925596,1191,78,0.943172,0.2734
9958000,5773.433411,1214,75,0.935885,0.2734
9960000,5692.059767,1228,60,0.936546,0.3047
9962000,4720.330188,1218,66,0.943969,0.2656
9964000,4745.306806,1217,71,0.925298,0.2891
9966000,4702.366630,1213,78,0.942998,0.3359
9968000,4745.650471,1188,80,0.936282,0.3125
9970000,4885.174670,1219,70,0.920597,0.3359
9972000,4929.648270,1201,70,0.918203,0.2812
9974000,4676.533232,1225,62,0.872242,0.2812
9976000,5348.937091,1216,58,0.895220,0.2031
9978000,5257.838406,1247,49,0.895185,0.3125
9980000,5612.831112,1253,46,0.895713,0.2656
9982000,6114.597439,1229,68,0.937428,0.2891
9984000,6150.085627,1218,65,0.936409,0.2500
9986000,6077.383078,1247,51,0.913053,0.2656
9988000,6400.866507,1237,47,0.951844,0.2188
9990000,6192.305064,1190,68,0.905659,0.2109
9992000,6306.722679,1206,67,0.924051,0.3203
9994000,6388.448627,1208,69,0.929459,0.2812
9996000,6330.980035,1224,70,0.928826,0.2656
9998000,6215.948366,1233,65,0.917852,0.2344
10000000,6617.982172,1232,61,0.928076,0.3672
10002000,6710.620219,1217,72,0.932375,0.2500
10004000,6288.379935,1226,73,0.925119,0.3047
10006000,6433.597342,1208,84,0.923337,0.2812
10008000,6442.111515,1229,67,0.923619,0.2578
10010000,5747.965667,1217,70,0.942146,0.2656
10012000,6089.339883,1218,69,0.936199,0.2422
10014000,6195.941955,1209,79,0.935977,0.3594
10016000,6535.121774,1210,81,0.969513,0.2422
10018000,6525.061664,1204,85,0.969208,0.2891
10020000,6416.200440,1211,72,0.968690,0.3047
10022000,6368.493500,1233,60,0.968698,0.2656
10024000,6322.703855,1223,69,0.968208,0.2266
10026000,6440.342092,1201,65,0.967285,0.2422
10028000,6458.623775,1209,76,0.967453,0.2578
10030000,6377.767640,1200,79,0.932374,0.2734
10032000,6478.792958,1224,63,0.935252,0.3047
10034000,6685.557614,1207,65,0.978047,0.2266
10036000,6582.735094,1194,80,0.976667,0.3203
10038000,6530.353783,1234,56,0.970888,0.1953
10040000,6585.554604,1219,62,0.962878,0.2500
10042000,6249.018955,1219,70,0.960344,0.2422
10044000,6168.535235,1226,59,0.959256,0.2500
10046000,5639.159372,1208,76,0.939144,0.3125
10048000,5797.877382,1227,74,0.940567,0.2422
10050000,5990.348006,1239,59,0.940837,0.2656
10052000,5928.398168,1238,67,0.948912,0.3203
10054000,6083.581150,1252,57,0.951344,0.2656
10056000,5936.015774,1242,71,0.933464,0.2344
10058000,6290.955772,1253,67,0.934345,0.3047
10060000,6211.868390,1251,66,0.933941,0.2109
10062000,6427.844135,1248,71,0.931125,0.2891
10064000,6418.932175,1224,74,0.936620,0.2656
10066000,6256.151143,1219,81,0.940841,0.2734
10068000,6295.621015,1217,66,0.943708,0.2734
10070000,6323.982211,1221,61,0.941575,0.3672
10072000,6457.270299,1223,66,0.958412,0.2656
10074000,6317.263587,1223,77,0.909440,0.2344
10076000,6159.937043,1222,75,0.885194,0.3672
10078000,6718.731683,1223,66,0.949238,0.2578
10080000,6794.548000,1245,69,0.948247,0.4141
10082000,6908.697288,1230,76,0.958630,0.3750
10084000,6856.306251,1229,69,0.958604,0.3672
10086000,6801.674880,1227,67,0.967749,0.3203
10088000,6698.491960,1228,65,0.964673,0.2266
10090000,6722.204742,1201,69,0.960772,0.3125
10092000,6757.740163,1195,79,0.962503,0.3359
10094000,6700.750140,1187,78,0.964657,0.2734
10096000,6912.195127,1235,77,0.945674,0.2266
10098000,6551.183223,1225,74,0.952615,0.3359
10100000,6344.479358,1226,65,0.953943,0.3359
10102000,6277.842679,1238,57,0.953797,0.2266
10104000,6350.871040,1240,61,0.949787,0.2891
10106000,6439.211820,1251,64,0.953643,0.3047
10108000,6481.641502,1250,61,0.953055,0.2109
10110000,6475.903123,1235,69,0.961472,0.2734
10112000,6619.977407,1232,69,0.960582,0.2969
10114000,6485.529470,1231,71,0.939611,0.3047
10116000,6859.105555,1231,67,0.955236,0.2031
10118000,6670.508958,1240,56,0.954788,0.2344
10120000,6683.870326,1230,71,0.959735,0.3047
10122000,6522.826358,1206,84,0.957370,0.3359
10124000,6289.989734,1211,75,0.954157,0.3125
10126000,6382.774334,1214,63,0.964484,0.2734
10128000,5696.292700,1197,81,0.855322,0.3281
10130000,5614.347822,1191,70,0.919824,0.3516
10132000,5545.574264,1201,75,0.918488,0.3125
10134000,5672.300987,1208,75,0.956804,0.3203
10136000,5305.765928,1220,78,0.930736,0.2266
10138000,5440.038751,1225,70,0.929046,0.2500
10140000,5448.424046,1212,90,0.929173,0.2656
10142000,5137.339006,1212,74,0.888662,0.2734
10144000,4978.734006,1208,74,0.825748,0.3047
10146000,5063.697395,1203,74,0.893603,0.3125
10148000,5164.358028,1183,83,0.835960,0.3359
10150000,5556.643499,1237,58,0.861988,0.3047
10152000,5774.093772,1202,78,0.941876,0.3984
10154000,5496.412431,1205,69,0.940115,0.2734
10156000,5438.741771,1206,77,0.926868,0.3672
10158000,5119.035838,1209,75,0.891407,0.3281
10160000,5224.413862,1225,65,0.881385,0.2969
10162000,5474.931916,1218,64,0.807159,0.2500
10164000,5379.046715,1211,77,0.792831,0.3672
10166000,5206.287523,1200,72,0.829674,0.2578
10168000,5767.226499,1219,61,0.833592,0.2734
10170000,5694.641423,1215,66,0.849673,0.1953
10172000,5640.808243,1219,58,0.851837,0.2969
10174000,6151.295283,1215,71,0.963510,0.2969
10176000,6596.349579,1202,77,0.973776,0.3203
10178000,6777.196182,1192,67,0.971467,0.2812
10180000,6909.211100,1225,68,0.969292,0.3047
10182000,6398.796543,1216,70,0.866826,0.2578
10184000,6642.372691,1217,65,0.929108,0.2969
10186000,6979.527015,1246,54,0.969885,0.2734
10188000,6775.472419,1209,76,0.946556,0.2344
10190000,6900.816734,1221,69,0.953108,0.1953
10192000,6751.744630,1204,78,0.927264,0.2734
10194000,6905.867175,1210,71,0.950984,0.2188
10196000,6865.073128,1215,76,0.939600,0.3750
10198000,6663.872071,1208,78,0.921487,0.3125
10200000,6498.377035,1216,85,0.953820,0.3672
10202000,6591.735527,1176,80,0.955575,0.3281
10204000,6712.790675,1208,69,0.940473,0.2656
10206000,6916.710894,1229,67,0.950018,0.2891
10208000,6705.277667,1207,77,0.934173,0.3750
10210000,6605.050611,1187,91,0.914146,0.3203
10212000,6749.761382,1190,77,0.927672,0.3438
10214000,6694.282111,1195,72,0.915597,0.2656
10216000,6729.036595,1197,61,0.935934,0.2891
10218000,6349.184302,1198,72,0.952665,0.3125
10220000,6657.866751,1189,77,0.953722,0.3203
10222000,6790.173884,1215,71,0.951410,0.2656
10224000,6756.064991,1205,87,0.936329,0.2812
10226000,7150.870150,1230,72,0.959629,0.2578
10228000,6939.442275,1240,58,0.926929,0.2891
10230000,6890.957975,1251,59,0.910711,0.2891
10232000,7003.445756,1253,61,0.964467,0.2656
10234000,6720.830387,1258,61,0.969088,0.3203
10236000,6871.794920,1241,67,0.971135,0.2344
10238000,6842.137327,1216,62,0.970944,0.3516
10240000,6574.219831,1219,68,0.910249,0.2812
10242000,6240.128296,1218,67,0.910691,0.2891
10244000,6481.754460,1217,79,0.840910,0.2812
10246000,6386.981630,1239,69,0.921878,0.2500
10248000,5977.569775,1227,63,0.965367,0.3047
10250000,5845.390080,1237,62,0.910186,0.3438
10252000,5863.219283,1213,77,0.901761,0.3672
10254000,5953.891411,1255,69,0.937366,0.2500
10256000,6031.272454,1255,64,0.904683,0.2578
10258000,6041.315095,1247,59,0.907598,0.2812
10260000,5634.174400,1243,72,0.951451,0.3281
10262000,5737.453903,1244,57,0.946671,0.2969
10264000,5850.628219,1229,66,0.925898,0.2734
10266000,5972.175478,1226,70,0.919388,0.3047
10268000,6006.029775,1200,79,0.964392,0.3672
10270000,5871.026142,1216,65,0.930772,0.2812
10272000,5909.591971,1206,71,0.928521,0.2422
10274000,5791.051043,1202,86,0.927808,0.3047
10276000,5898.533551,1211,76,0.963723,0.2891
10278000,5967.580198,1205,77,0.961730,0.2891
10280000,6096.433983,1214,69,0.944805,0.3359
10282000,5799.652070,1206,81,0.942825,0.3438
10284000,6043.266815,1203,84,0.923875,0.3125
10286000,6297.919136,1215,67,0.965469,0.2812
10288000,6583.966187,1203,68,0.969261,0.2969
10290000,6645.650675,1207,73,0.965758,0.3203
10292000,6342.596027,1218,68,0.927198,0.2656
10294000,6048.830799,1210,74,0.883520,0.2891
10296000,6768.501100,1224,81,0.959584,0.2656
10298000,6009.445483,1241,67,0.937622,0.3359
10300000,6828.543302,1237,66,0.935856,0.2969
10302000,6958.308775,1253,63,0.967449,0.2656
10304000,6951.851995,1260,62,0.960989,0.2656
10306000,6490.432446,1242,67,0.954096,0.2812
10308000,6932.238019,1253,58,0.944526,0.2578
10310000,6736.708686,1225,65,0.956262,0.2188
10312000,6726.117499,1236,59,0.954592,0.2812
10314000,6803.057176,1227,66,0.959472,0.2969
10316000,6976.067775,1219,75,0.971407,0.2656
10318000,7069.289660,1214,67,0.971577,0.2578
10320000,6771.732092,1228,67,0.971510,0.2734
10322000,6210.775875,1218,62,0.959272,0.2578
10324000,6196.416079,1228,62,0.913022,0.2734
10326000,6286.398296,1219,68,0.912457,0.3281
10328000,6247.569335,1217,65,0.913137,0.3047
10330000,6109.654407,1228,56,0.918452,0.2578
10332000,5614.969359,1229,62,0.911656,0.2734
10334000,5497.375464,1193,69,0.945220,0.2812
10336000,5572.049187,1214,57,0.970748,0.2891
10338000,6259.284147,1230,61,0.974323,0.2344
10340000,5914.059127,1210,76,0.947409,0.2656
10342000,5863.500124,1210,66,0.956072,0.3438
10344000,5965.719900,1206,69,0.942505,0.3281
10346000,5990.131654,1223,62,0.959145,0.2578
10348000,6216.852460,1209,76,0.958304,0.2891
10350000,6401.705139,1212,67,0.969154,0.3047
10352000,6464.626371,1210,83,0.969794,0.3594
10354000,6423.344367,1205,82,0.971744,0.2812
10356000,6408.009323,1212,74,0.973267,0.2031
10358000,6469.235327,1223,68,0.974488,0.2812
10360000,6478.123147,1219,64,0.976632,0.2578
10362000,6087.419451,1253,50,0.957201,0.1953
10364000,6066.893470,1249,48,0.952076,0.2500
10366000,5704.186663,1241,57,0.935124,0.3047
10368000,6112.151038,1262,54,0.934050,0.2266
10370000,5882.356908,1228,70,0.934327,0.2422
10372000,5717.409831,1221,73,0.939912,0.2500
10374000,5767.761184,1213,78,0.959822,0.2656
10376000,5958.128940,1233,64,0.958493,0.2969
10378000,5838.370166,1234,74,0.953379,0.2969
10380000,5723.251319,1210,78,0.910555,0.2188
10382000,5955.178567,1244,66,0.956976,0.3203
10384000,5651.830875,1260,61,0.928338,0.2969
10386000,5606.622555,1258,58,0.940390,0.1953
10388000,5421.468695,1251,58,0.957229,0.3047
10390000,5594.168094,1224,62,0.916603,0.2188
10392000,5653.247783,1224,71,0.941641,0.2109
10394000,5762.948459,1229,74,0.913792,0.2188
10396000,5924.420924,1249,62,0.957776,0.2422
10398000,6197.834615,1245,65,0.955888,0.2969
10400000,6143.868344,1219,80,0.965325,0.2422
10402000,6092.734032,1212,70,0.955883,0.3828
10404000,6114.993942,1204,77,0.953219,0.3516
10406000,5935.701244,1201,78,0.954023,0.2891
10408000,5938.019854,1222,60,0.969245,0.2734
10410000,6072.990032,1215,58,0.946972,0.2500
10412000,5853.812875,1237,64,0.942395,0.2891
10414000,5854.661080,1241,55,0.973812,0.2188
10416000,5844.517214,1205,74,0.949142,0.3359
10418000,5951.692855,1236,61,0.974176,0.2734
10420000,6095.316975,1219,65,0.970631,0.3359
10422000,6097.932294,1194,70,0.972313,0.3984
10424000,6025.025132,1194,72,0.931100,0.2891
10426000,5956.031676,1199,82,0.949011,0.2188
10428000,5893.062867,1218,71,0.925510,0.2969
10430000,6043.019030,1194,77,0.971914,0.3125
10432000,6101.379155,1220,65,0.968369,0.2812
10434000,6191.347260,1198,66,0.964500,0.2188
10436000,5817.816879,1214,68,0.946155,0.2891
10438000,6043.503164,1212,76,0.974921,0.2969
10440000,5808.586300,1204,76,0.966335,0.3359
10442000,5899.735280,1204,91,0.949372,0.2969
10444000,6103.661979,1226,63,0.944209,0.3281
10446000,6327.821795,1189,77,0.975829,0.2578
10448000,6232.262200,1188,81,0.975752,0.3125
10450000,6256.827686,1204,73,0.976131,0.2891
10452000,5939.909932,1202,75,0.944250,0.3047
10454000,6110.922731,1182,74,0.955137,0.3125
10456000,6250.971758,1184,87,0.969351,0.3359
10458000,6278.106759,1194,74,0.973951,0.2891
10460000,6329.194878,1191,75,0.955458,0.2969
10462000,6286.032942,1202,70,0.959006,0.3203
10464000,6111.854990,1224,70,0.960277,0.2656
10466000,6099.907323,1236,70,0.961478,0.2109
10468000,6110.347515,1214,62,0.957857,0.2344
10470000,6121.274876,1229,55,0.963871,0.2812
10472000,6099.554087,1233,56,0.968559,0.2422
10474000,6055.836835,1227,57,0.965301,0.1953
10476000,6046.097180,1235,62,0.942967,0.2188
10478000,6215.574475,1233,66,0.975836,0.3516
10480000,5793.227503,1240,65,0.923620,0.2734
10482000,5622.044735,1220,78,0.911728,0.2578
10484000,5591.986995,1211,80,0.884232,0.2734
10486000,5641.421000,1215,72,0.909549,0.3281
10488000,5816.256423,1202,79,0.938521,0.2969
10490000,6041.605558,1215,70,0.941510,0.3203
10492000,6000.989580,1218,71,0.949632,0.1875
10494000,5988.894190,1238,66,0.951500,0.2969
10496000,6092.442540,1216,83,0.951030,0.3438
10498000,6565.998454,1224,77,0.969872,0.2656
10500000,6454.415819,1203,75,0.964183,0.2656
10502000,6197.030022,1208,68,0.940571,0.3594
10504000,6224.434200,1197,67,0.945789,0.3516
10506000,6454.554331,1207,78,0.961893,0.2891
10508000,6442.224332,1190,86,0.936888,0.2812
10510000,6262.037758,1189,83,0.962462,0.3359
10512000,6274.888739,1176,83,0.957232,0.2969
10514000,6373.536875,1188,90,0.962389,0.2812
10516000,5799.228095,1205,79,0.946818,0.3984
10518000,5937.390883,1221,69,0.932196,0.3125
10520000,6355.352051,1224,61,0.943023,0.1953
10522000,6279.947638,1234,56,0.938191,0.1875
10524000,6480.522355,1220,65,0.941554,0.2578
10526000,6841.479995,1217,70,0.960498,0.3047
10528000,6986.646831,1200,80,0.978840,0.2969
10530000,6833.944300,1195,82,0.980176,0.3594
10532000,7050.503463,1177,95,0.982264,0.3594
10534000,6967.554832,1203,75,0.978010,0.3203
10536000,6941.378940,1197,77,0.978310,0.2891
10538000,7027.893919,1185,89,0.972371,0.3125
10540000,6912.387735,1207,64,0.978057,0.2656
10542000,6972.625187,1214,64,0.979472,0.2031
10544000,7114.607175,1192,79,0.965570,0.2109
10546000,7037.386606,1193,72,0.977857,0.2969
10548000,6787.840623,1198,75,0.972122,0.2969
10550000,6530.442558,1219,67,0.970196,0.3516
10552000,6378.974635,1244,57,0.956387,0.3438
10554000,6289.890335,1222,70,0.966318,0.3203
10556000,6647.148556,1224,74,0.975655,0.2734
10558000,6930.278735,1228,67,0.960340,0.2266
10560000,6967.231070,1241,61,0.958625,0.3594
10562000,6318.259800,1239,64,0.933966,0.2500
10564000,6379.840300,1217,63,0.927349,0.2812
10566000,6331.082959,1223,68,0.935745,0.2969
10568000,6359.635659,1202,83,0.939548,0.2656
10570000,6368.534030,1235,69,0.931356,0.2734
10572000,6167.592051,1232,63,0.938143,0.2812
10574000,6140.823462,1244,47,0.967703,0.2500
10576000,5696.576255,1244,66,0.873033,0.2500
10578000,6227.190979,1226,70,0.955100,0.2891
10580000,5915.102435,1209,76,0.939841,0.2891
10582000,5818.800875,1213,64,0.929143,0.2812
10584000,5934.642891,1210,66,0.886686,0.3281
10586000,6688.075755,1202,63,0.968442,0.2891
10588000,6635.540910,1216,63,0.943156,0.2031
10590000,6497.063359,1218,57,0.953325,0.2344
10592000,6460.611995,1208,67,0.956834,0.3125
10594000,6690.104435,1207,72,0.961944,0.3438
10596000,6788.749084,1207,68,0.978129,0.2891
10598000,6560.647747,1204,70,0.932983,0.2969
10600000,6746.002111,1198,74,0.964546,0.2344
10602000,6820.803190,1185,78,0.956524,0.2266
10604000,6813.312136,1194,68,0.935744,0.3359
10606000,6765.791878,1180,79,0.937902,0.3359
10608000,6743.385235,1177,84,0.947397,0.2422
10610000,6675.698831,1199,68,0.939028,0.2656
10612000,6658.517607,1190,81,0.948207,0.3906
10614000,6430.511454,1173,78,0.922310,0.3359
10616000,6825.441767,1196,66,0.947543,0.2344
10618000,6479.272894,1175,74,0.932907,0.2812
10620000,6350.366023,1175,85,0.925266,0.2344
10622000,6370.967400,1208,73,0.936385,0.3125
10624000,6856.103564,1214,80,0.970174,0.2891
10626000,6523.595640,1179,89,0.855180,0.2891
10628000,6878.841511,1191,59,0.954346,0.3203
10630000,6382.805326,1191,79,0.865781,0.3594
10632000,6293.224680,1188,82,0.950083,0.3125
10634000,5782.412167,1220,64,0.911087,0.2266
10636000,5760.310719,1203,68,0.904535,0.2734
10638000,5807.118892,1225,70,0.943717,0.2656
10640000,5827.037500,1225,74,0.947031,0.2891
10642000,6172.344627,1232,67,0.918138,0.2969
10644000,5969.836555,1241,67,0.902595,0.3281
10646000,6944.418403,1246,56,0.949946,0.3203
10648000,6435.875531,1246,64,0.939893,0.3438
10650000,6637.371775,1249,56,0.965391,0.2188
10652000,6545.166375,1235,62,0.966770,0.2344
10654000,6353.391750,1223,69,0.951842,0.3438
10656000,5815.747516,1214,82,0.844086,0.2656
10658000,6554.107680,1221,64,0.893213,0.2891
10660000,6678.134295,1219,69,0.937947,0.3359
10662000,6513.385292,1207,61,0.944929,0.2500
10664000,5974.241943,1226,69,0.856308,0.2578
10666000,6752.565464,1230,57,0.938911,0.2578
10668000,6199.871779,1224,59,0.914636,0.2266
10670000,6560.563390,1233,57,0.932999,0.3281
10672000,6608.633886,1207,63,0.933098,0.3594
10674000,6664.682040,1227,61,0.922046,0.2969
10676000,6604.453468,1240,56,0.923342,0.2969
10678000,6846.952256,1258,54,0.926713,0.1875
10680000,6627.043582,1228,65,0.893251,0.2891
10682000,6842.488092,1202,76,0.932228,0.2734
10684000,6683.500315,1218,70,0.960651,0.2812
10686000,6982.761240,1232,46,0.923916,0.2422
10688000,6972.486167,1242,49,0.949465,0.1953
10690000,6835.920360,1207,79,0.922644,0.3594
10692000,6916.510908,1225,62,0.947026,0.2969
10694000,7205.303814,1230,70,0.951642,0.3516
10696000,6948.528870,1226,66,0.961202,0.2109
10698000,6472.859470,1229,72,0.925108,0.2109
10700000,6044.026118,1249,65,0.776352,0.3203
10702000,5872.725128,1234,61,0.761516,0.2578
10704000,6747.618332,1204,70,0.888291,0.2578
10706000,7323.594307,1201,72,0.966598,0.2578
10708000,7421.933011,1217,75,0.958038,0.3047
10710000,7261.748591,1196,64,0.930601,0.2656
10712000,7656.080395,1205,68,0.972693,0.2578
10714000,7618.760611,1207,64,0.972833,0.2969
10716000,7611.001800,1208,63,0.970141,0.2422
10718000,7341.420300,1228,67,0.963641,0.3047
10720000,6951.657904,1226,67,0.905442,0.2422
10722000,6880.036384,1230,64,0.905089,0.2656
10724000,7094.807822,1205,58,0.903267,0.2500
10726000,7214.635150,1218,66,0.941310,0.2422
10728000,6585.092790,1200,69,0.847051,0.3125
10730000,7185.796376,1216,65,0.962397,0.3203
10732000,7168.581872,1199,76,0.961891,0.3672
10734000,6533.018092,1194,75,0.945243,0.3438
10736000,6426.387595,1218,69,0.958539,0.3125
10738000,6166.977335,1233,71,0.910011,0.3047
10740000,6462.742487,1221,68,0.919308,0.3438
10742000,6478.980928,1208,74,0.973445,0.1953
10744000,6895.087040,1203,78,0.970049,0.2422
10746000,6631.962231,1206,73,0.933968,0.2578
10748000,6680.093438,1230,65,0.963940,0.2891
10750000,6582.689248,1247,53,0.960486,0.2188
10752000,6727.353592,1257,58,0.964872,0.3438
10754000,6598.718175,1239,58,0.972422,0.2344
10756000,6520.874719,1232,64,0.964354,0.2422
10758000,6532.655087,1244,51,0.976617,0.2656
10760000,6515.309222,1229,66,0.949259,0.2344
10762000,6539.201798,1240,56,0.951665,0.2500
10764000,6641.908455,1232,59,0.953099,0.2031
10766000,6678.198967,1238,57,0.978182,0.2812
10768000,6466.991710,1242,53,0.962018,0.2969
10770000,6669.643687,1233,64,0.958550,0.2656
10772000,6815.780252,1229,72,0.959887,0.3047
10774000,7028.409832,1202,68,0.949248,0.2812
10776000,6680.731663,1184,85,0.946315,0.2344
10778000,6915.204054,1209,73,0.970386,0.2422
10780000,7006.507550,1205,74,0.964685,0.2500
10782000,6988.120894,1196,78,0.967097,0.2812
10784000,6616.887856,1224,58,0.952547,0.2578
10786000,6735.978428,1218,68,0.929581,0.2031
10788000,6590.466936,1205,67,0.916596,0.3281
10790000,6425.399496,1217,76,0.923748,0.2422
10792000,6811.177592,1215,69,0.922146,0.1797
10794000,6878.766374,1230,60,0.977285,0.2734
10796000,6954.043286,1229,61,0.978731,0.2734
10798000,6783.678622,1212,70,0.947470,0.3281
10800000,6822.237422,1213,57,0.967402,0.3203
10802000,6545.615571,1214,76,0.949893,0.3047
10804000,6806.486712,1208,65,0.971596,0.2812
10806000,7097.806488,1229,53,0.966405,0.1875
10808000,7123.879760,1212,77,0.961859,0.3203
10810000,7023.382115,1221,74,0.932536,0.2656
10812000,7046.645672,1220,65,0.932626,0.3203
10814000,7140.802459,1223,66,0.927153,0.2031
10816000,7390.301776,1221,73,0.961362,0.2422
10818000,7320.979020,1202,67,0.931175,0.2578
10820000,7552.354675,1227,68,0.972281,0.2422
10822000,7420.457343,1213,73,0.972789,0.2578
10824000,7434.428275,1222,72,0.974893,0.2656
10826000,6660.688620,1212,73,0.959262,0.2734
10828000,6695.208659,1227,68,0.965155,0.2812
10830000,6943.961319,1242,54,0.881443,0.2812
10832000,6660.301783,1235,54,0.908696,0.2656
10834000,6882.420115,1242,72,0.963425,0.2656
10836000,6728.713359,1225,60,0.922899,0.2734
10838000,6832.382214,1240,64,0.950462,0.2734
10840000,6557.833840,1243,65,0.894579,0.2578
10842000,6857.168192,1232,77,0.944781,0.3047
10844000,6932.321175,1225,77,0.950759,0.2891
10846000,6820.396620,1233,73,0.950825,0.2891
10848000,6500.527227,1212,82,0.936072,0.2656
10850000,6510.174680,1204,71,0.943578,0.3516
10852000,6689.657775,1208,73,0.924628,0.3203
10854000,6890.851488,1234,62,0.961953,0.2734
10856000,7028.436403,1225,59,0.963696,0.2422
10858000,6892.140310,1240,64,0.943952,0.2656
10860000,7188.400566,1229,72,0.932666,0.3359
10862000,7555.327100,1228,81,0.943366,0.3594
10864000,7942.731832,1228,71,0.973085,0.3359
10866000,7933.264990,1243,63,0.961631,0.2578
10868000,7690.160551,1253,54,0.952096,0.3203
10870000,7462.560688,1253,61,0.934288,0.2266
10872000,7453.086870,1265,66,0.939687,0.2109
10874000,7688.822611,1245,67,0.963174,0.2266
10876000,7418.402350,1240,66,0.963097,0.3359
10878000,7333.334028,1233,74,0.950020,0.2734
10880000,7135.827390,1242,75,0.952364,0.3516
10882000,6697.956318,1244,62,0.944984,0.2656
10884000,6641.178670,1246,66,0.959102,0.2422
10886000,6539.433519,1222,83,0.953115,0.2500
10888000,6475.397822,1239,54,0.939323,0.3125
10890000,6761.791907,1250,57,0.959000,0.2891
10892000,6714.689302,1252,62,0.973090,0.2344
10894000,6737.478111,1226,80,0.975177,0.2891
10896000,6913.976446,1235,59,0.969991,0.2812
10898000,6874.470343,1236,55,0.972649,0.2422
10900000,5874.484796,1224,70,0.920416,0.3281
10902000,5938.304459,1232,54,0.926936,0.2891
10904000,5997.881443,1224,69,0.956318,0.2812
10906000,6165.127006,1217,59,0.957826,0.2422
10908000,6324.502975,1224,67,0.951444,0.2734
10910000,5894.165587,1215,67,0.853596,0.2969
10912000,6078.191712,1219,66,0.938250,0.2734
10914000,5755.826256,1228,62,0.890496,0.2422
10916000,5737.979235,1241,63,0.868444,0.3047
10918000,6009.432915,1241,70,0.938002,0.3438
10920000,6234.371015,1250,50,0.915006,0.3047
10922000,6332.912279,1236,76,0.927902,0.2656
10924000,6337.270028,1244,65,0.926212,0.2812
10926000,5571.218363,1235,76,0.791236,0.2578
10928000,5518.531631,1226,69,0.823421,0.3203
10930000,5634.695935,1206,75,0.855493,0.3125
10932000,5815.327171,1213,76,0.923017,0.2344
10934000,6109.297671,1215,63,0.948726,0.2188
10936000,6228.219046,1227,71,0.928005,0.3047
10938000,6082.550867,1228,79,0.934873,0.3047
10940000,5902.615758,1222,80,0.906935,0.2734
10942000,6053.354187,1216,74,0.908231,0.2812
10944000,6325.491150,1193,77,0.953778,0.2891
10946000,5866.753495,1196,86,0.930107,0.2656
10948000,6083.432718,1207,74,0.904349,0.3125
10950000,6254.528750,1213,82,0.927615,0.2969
10952000,6454.586368,1216,66,0.946994,0.3047
10954000,5382.794230,1241,71,0.743582,0.2812
10956000,5447.715704,1221,74,0.806035,0.4062
10958000,5678.755087,1193,79,0.850213,0.3125
10960000,5368.217623,1204,66,0.825505,0.2891
10962000,5348.445180,1188,86,0.834980,0.3359
10964000,5107.815855,1190,86,0.760097,0.2812
10966000,4985.214672,1218,73,0.679158,0.3281
10968000,5033.514174,1201,74,0.692109,0.3047
10970000,5391.952172,1216,68,0.863975,0.3125
10972000,6129.383163,1230,57,0.964342,0.2344
10974000,6211.451500,1212,60,0.975311,0.2734
10976000,6092.180835,1206,79,0.949640,0.2656
10978000,5499.344395,1207,67,0.847852,0.2578
10980000,6328.800264,1187,82,0.955311,0.3828
10982000,6550.013651,1201,78,0.974638,0.3594
10984000,6659.478006,1224,66,0.975548,0.2891
10986000,6443.188599,1224,65,0.972485,0.2969
10988000,6434.295260,1210,69,0.982101,0.2969
10990000,6247.690142,1176,79,0.962169,0.3125
10992000,6500.888375,1182,65,0.980493,0.2578
10994000,6480.002479,1203,62,0.969971,0.2422
10996000,6225.257462,1197,79,0.946458,0.2734
10998000,6225.669832,1204,73,0.938972,0.2812
11000000,6255.006055,1185,77,0.953766,0.2891
11002000,5981.264166,1197,78,0.936494,0.2812
11004000,5834.592735,1200,74,0.954440,0.1953
11006000,5877.881998,1225,76,0.954766,0.3047
11008000,5881.554620,1213,82,0.953706,0.2656
11010000,5838.079950,1224,58,0.960206,0.2500
11012000,5802.577142,1200,78,0.962675,0.2656
11014000,5895.061982,1184,79,0.958804,0.3047
11016000,5955.871451,1193,83,0.969725,0.3594
11018000,6007.071964,1221,64,0.968271,0.3281
11020000,6391.087355,1215,74,0.961820,0.3281
11022000,6251.114743,1231,65,0.955162,0.3438
11024000,6412.681678,1226,73,0.947350,0.2734
11026000,6174.652267,1241,70,0.951836,0.2891
11028000,6291.771662,1226,61,0.950411,0.2891
11030000,6168.101478,1210,59,0.951077,0.2344
11032000,5906.198915,1197,69,0.954789,0.3672
11034000,5907.060119,1201,77,0.924874,0.3047
11036000,6510.999582,1188,83,0.958822,0.2031
11038000,6541.446636,1222,66,0.957917,0.3203
11040000,6585.810939,1233,65,0.958691,0.3203
11042000,6457.150435,1237,58,0.924429,0.2188
11044000,6476.895059,1243,55,0.926389,0.2969
11046000,6784.133955,1208,64,0.939863,0.3359
11048000,6511.399699,1209,64,0.898624,0.2656
11050000,6642.918171,1196,80,0.936996,0.3047
11052000,6257.498696,1216,76,0.902186,0.3203
11054000,5916.783502,1221,68,0.907597,0.2656
11056000,6368.788815,1216,65,0.910542,0.2734
11058000,5936.307340,1210,86,0.929361,0.2578
11060000,6518.942560,1233,65,0.950740,0.2344
11062000,6748.921214,1217,78,0.931979,0.3203
11064000,6755.995327,1228,69,0.940924,0.2812
11066000,6838.928351,1228,76,0.969394,0.3125
11068000,6664.843542,1232,80,0.952549,0.2812
11070000,6418.182943,1223,71,0.924237,0.2812
11072000,6324.444939,1196,81,0.974936,0.3594
11074000,6471.072332,1197,87,0.959023,0.2578
11076000,6500.529295,1198,73,0.964776,0.3438
11078000,6551.866471,1233,59,0.917917,0.3359
11080000,6325.864155,1242,58,0.904409,0.2578
11082000,6259.171670,1225,62,0.936407,0.2500
11084000,6521.467327,1229,68,0.939179,0.3047
11086000,6468.663036,1222,63,0.977241,0.2109
11088000,6543.129804,1230,67,0.974957,0.2422
11090000,6696.794123,1237,54,0.960129,0.2578
11092000,6504.894003,1225,60,0.970248,0.2500
11094000,6582.209575,1231,56,0.955489,0.2891
11096000,6296.257455,1212,70,0.955979,0.2969
11098000,6443.881263,1194,78,0.962029,0.3203
11100000,6532.893803,1186,71,0.976589,0.3125
11102000,6602.900107,1199,70,0.964889,0.3125
11104000,6494.604278,1239,61,0.973751,0.3203
11106000,6237.780942,1229,59,0.954402,0.2109
11108000,5897.938011,1225,58,0.944864,0.3047
11110000,5837.220376,1227,53,0.911734,0.2578
11112000,5996.955902,1204,61,0.923502,0.2578
11114000,5764.380630,1197,69,0.913761,0.3125
11116000,6292.249751,1202,79,0.963405,0.3750
11118000,6839.740988,1202,76,0.956651,0.2812
11120000,6675.266275,1243,61,0.934469,0.2500
11122000,6664.149526,1233,59,0.931559,0.2812
11124000,6728.371875,1218,67,0.941890,0.1797
11126000,6487.335500,1211,64,0.890354,0.1641
11128000,6359.101270,1221,64,0.896494,0.2500
11130000,6389.541022,1200,74,0.868823,0.2812
11132000,6622.611275,1199,75,0.871156,0.2188
11134000,6954.625239,1203,74,0.971228,0.2734
11136000,7109.461324,1193,83,0.967772,0.3359
11138000,6936.311100,1202,70,0.951063,0.3438
11140000,7117.088835,1204,69,0.961241,0.2031
11142000,6996.194471,1221,68,0.942802,0.2578
11144000,7083.137200,1228,60,0.948568,0.2734
11146000,6911.545459,1212,72,0.953243,0.2969
11148000,6846.393772,1242,65,0.970928,0.2578
11150000,7068.089686,1237,68,0.971276,0.2891
11152000,7083.228764,1246,56,0.979765,0.2500
11154000,7038.751975,1254,62,0.979304,0.2734
11156000,7031.670999,1246,60,0.952532,0.2578
11158000,7311.914723,1254,54,0.959809,0.3594
11160000,7097.666235,1239,57,0.969049,0.2891
11162000,7348.578995,1250,67,0.964555,0.3359
11164000,7253.070720,1243,60,0.966477,0.2578
11166000,7001.974864,1209,72,0.940374,0.2969
11168000,6597.596876,1194,76,0.947695,0.2344
11170000,6489.728110,1211,69,0.940047,0.2734
11172000,6762.240379,1203,70,0.976579,0.3203
11174000,6563.086694,1217,77,0.973606,0.3438
11176000,5979.126184,1216,68,0.959024,0.3125
11178000,5751.807500,1188,79,0.959945,0.2422
11180000,5677.152343,1184,83,0.887467,0.3047
11182000,5943.690454,1209,77,0.844290,0.2344
11184000,5416.463630,1215,71,0.606241,0.2812
11186000,6371.933350,1218,64,0.936133,0.3203
11188000,6615.779675,1217,63,0.950615,0.2812
11190000,6761.399030,1226,65,0.956489,0.3203
11192000,6700.929135,1206,67,0.934587,0.3125
11194000,6178.782606,1199,77,0.875998,0.3594
11196000,6457.369830,1204,77,0.909653,0.2734
11198000,6413.588374,1215,72,0.964716,0.2188
11200000,6525.674475,1219,71,0.971234,0.2812
11202000,6478.770207,1204,77,0.977209,0.2578
11204000,6485.699527,1207,64,0.954935,0.2734
11206000,6428.569916,1207,67,0.963222,0.3125
11208000,6433.477494,1197,83,0.969375,0.3594
11210000,6640.425814,1209,84,0.955960,0.2969
11212000,6512.023863,1189,75,0.962377,0.3203
11214000,6540.725875,1209,65,0.961561,0.3672
11216000,6573.620411,1188,70,0.964342,0.3047
11218000,6617.840240,1196,78,0.972223,0.2969
11220000,6681.605275,1182,84,0.947979,0.2422
11222000,6757.178783,1194,76,0.966960,0.3203
11224000,6587.860983,1200,69,0.964803,0.2891
11226000,6741.595030,1188,80,0.979777,0.3281
11228000,6407.047675,1184,68,0.925188,0.3594
11230000,6301.955350,1205,64,0.966738,0.2578
11232000,6611.904603,1201,77,0.963791,0.2656
11234000,6563.797227,1208,85,0.962523,0.2188
11236000,7192.022039,1205,68,0.948484,0.2734
11238000,7005.107291,1201,71,0.943631,0.3047
11240000,6546.455782,1199,69,0.937362,0.3906
11242000,6616.772783,1180,78,0.962778,0.2578
11244000,6463.264455,1175,66,0.944552,0.2344
11246000,6458.288555,1207,78,0.920928,0.2656
11248000,6325.081731,1190,79,0.908631,0.2969
11250000,6775.798726,1203,65,0.944598,0.2734
11252000,7034.737375,1212,63,0.971768,0.2578
11254000,6232.625400,1207,64,0.951238,0.2891
11256000,6598.950711,1184,86,0.961566,0.3047
11258000,6431.358935,1184,76,0.964608,0.2422
11260000,6255.598455,1200,78,0.926276,0.3516
11262000,6633.508348,1196,85,0.958754,0.3203
11264000,6807.652875,1188,95,0.969992,0.3125
11266000,7112.016252,1211,74,0.978289,0.3047
11268000,7044.834091,1213,74,0.976762,0.2656
11270000,6837.638504,1214,64,0.942670,0.2891
11272000,6891.174175,1228,57,0.918469,0.2578
11274000,6618.696350,1217,70,0.858337,0.2891
11276000,6590.663975,1193,91,0.960967,0.3516
11278000,6440.887950,1198,76,0.960180,0.3594
11280000,5688.849502,1223,76,0.925342,0.3047
11282000,5612.608798,1242,54,0.924192,0.2734
11284000,6368.768320,1258,50,0.948950,0.3438
11286000,6399.086086,1226,76,0.951333,0.3359
11288000,6083.542923,1227,80,0.931452,0.2266
11290000,5826.260520,1218,71,0.946280,0.3203
11292000,5645.554870,1232,63,0.940504,0.3203
11294000,5645.339142,1248,56,0.942136,0.2344
11296000,5634.720335,1233,67,0.942206,0.2656
11298000,5909.264103,1220,70,0.953994,0.3672
11300000,5712.235560,1225,69,0.946294,0.2812
11302000,5700.158707,1215,66,0.949353,0.2734
11304000,5415.833335,1186,89,0.897378,0.2812
11306000,5473.374380,1213,77,0.920513,0.3203
11308000,5453.172515,1203,80,0.878175,0.2891
11310000,5496.174822,1223,71,0.853235,0.2656
11312000,5340.394622,1201,83,0.864147,0.2891
11314000,5412.023308,1193,80,0.868242,0.3516
11316000,5649.564095,1186,83,0.920405,0.3672
11318000,5576.089910,1200,76,0.891235,0.2969
11320000,6060.101035,1233,67,0.942786,0.2891
11322000,5891.834659,1218,72,0.913071,0.2656
11324000,5891.075864,1214,72,0.941177,0.2734
11326000,5709.136286,1211,82,0.931519,0.2969
11328000,5494.613948,1218,66,0.947043,0.1953
11330000,5509.680683,1206,70,0.938171,0.3125
11332000,5700.580039,1223,65,0.960665,0.2656
11334000,5217.692558,1214,83,0.856173,0.3594
11336000,5225.306879,1227,73,0.918306,0.3438
11338000,5232.653875,1227,73,0.863083,0.3594
11340000,5085.904648,1249,63,0.915458,0.2422
11342000,4850.896279,1203,69,0.833001,0.2500
11344000,4974.763935,1200,65,0.943988,0.3203
11346000,4849.800140,1188,84,0.959098,0.2734
11348000,4801.424774,1189,80,0.958626,0.2578
11350000,4754.537350,1211,79,0.948121,0.3672
11352000,4715.451340,1205,66,0.947017,0.2344
11354000,4675.987863,1211,63,0.949244,0.3047
11356000,4694.299560,1194,72,0.951433,0.2812
11358000,4462.649855,1172,101,0.818347,0.4062
11360000,3996.812294,1177,82,0.751070,0.2734
11362000,3986.403902,1192,74,0.784777,0.2422
11364000,3957.199576,1194,77,0.841648,0.2578
11366000,3802.707648,1199,85,0.825601,0.2734
11368000,4240.585211,1219,68,0.633699,0.2891
11370000,4295.895659,1184,95,0.728157,0.3125
11372000,4276.997584,1187,84,0.727230,0.3672
11374000,4394.635475,1228,60,0.930200,0.2656
11376000,4337.232175,1205,77,0.923719,0.3203
11378000,4173.621711,1206,63,0.893021,0.2969
11380000,4158.582488,1208,82,0.879464,0.3672
11382000,4228.403991,1213,69,0.910727,0.3281
11384000,3677.710775,1206,72,0.843004,0.3281
11386000,3589.468375,1209,62,0.827675,0.2812
11388000,3587.374695,1227,60,0.813130,0.3047
11390000,3518.046071,1227,51,0.855594,0.2656
11392000,3969.139966,1227,61,0.920354,0.2188
11394000,3847.735292,1196,91,0.854084,0.2812
11396000,4201.195255,1220,67,0.886584,0.2656
11398000,4089.383635,1222,66,0.748518,0.2656
11400000,3928.500798,1222,67,0.881005,0.2891
11402000,4079.266627,1239,61,0.925890,0.2969
11404000,3979.356335,1246,62,0.949628,0.2969
11406000,4393.574742,1245,69,0.939120,0.2344
11408000,4227.106726,1201,77,0.710688,0.2344
11410000,3808.057158,1211,72,0.903546,0.2969
11412000,3964.703139,1228,67,0.881526,0.2734
11414000,4082.732935,1252,58,0.890846,0.2188
11416000,4106.932991,1229,74,0.922409,0.2812
11418000,4228.170499,1211,70,0.916768,0.3672
11420000,4192.809302,1209,73,0.898387,0.2344
11422000,4151.714840,1196,80,0.813692,0.2812
11424000,4131.637536,1233,58,0.879053,0.2812
11426000,4020.785046,1246,70,0.873735,0.2344
11428000,3949.478503,1247,70,0.850000,0.3359
11430000,3604.726755,1223,60,0.899272,0.2656
11432000,3794.037719,1245,56,0.860920,0.2812
11434000,3747.689318,1237,58,0.863161,0.2969
11436000,3746.147083,1224,66,0.861237,0.3125
11438000,3911.718134,1200,78,0.843700,0.2656
11440000,3934.932011,1188,71,0.806257,0.2891
11442000,3661.648774,1182,82,0.859508,0.3203
11444000,3608.543723,1177,84,0.724006,0.3203
11446000,3614.521260,1169,82,0.759531,0.3438
11448000,3924.093235,1175,79,0.893336,0.3203
11450000,3863.991295,1172,75,0.851966,0.3203
11452000,3790.188463,1202,66,0.851299,0.2891
11454000,3713.074358,1199,74,0.839047,0.3047
11456000,3196.627694,1207,81,0.702393,0.2891
11458000,3873.722423,1212,72,0.867760,0.2578
11460000,3890.560387,1190,70,0.829085,0.2578
11462000,3874.624855,1196,78,0.830653,0.2812
11464000,3940.110667,1220,68,0.876810,0.2188
11466000,4012.267415,1226,56,0.899515,0.2422
11468000,4004.114280,1246,64,0.899339,0.2656
11470000,3926.088348,1243,54,0.875803,0.2891
11472000,3703.780536,1223,58,0.931116,0.2656
11474000,3943.870575,1223,68,0.917798,0.3281
11476000,3622.717728,1225,65,0.752886,0.2734
11478000,3844.324835,1206,72,0.849441,0.2656
11480000,3913.523395,1211,79,0.850201,0.2422
11482000,4084.389895,1225,75,0.925997,0.2891
11484000,4144.873480,1223,76,0.919871,0.3281
11486000,4066.256135,1241,76,0.832140,0.2891
11488000,4005.786043,1258,64,0.863572,0.2500
11490000,4160.242131,1220,67,0.920054,0.3125
11492000,4175.652936,1222,77,0.856488,0.2969
11494000,4437.506700,1222,69,0.926920,0.3125
11496000,4182.296255,1226,68,0.775255,0.3125
11498000,4675.464438,1220,65,0.875605,0.2500
11500000,4982.557872,1231,65,0.946111,0.2656
11502000,4958.882350,1222,65,0.944463,0.2031
11504000,4854.281183,1234,69,0.913180,0.2031
11506000,4412.741195,1220,62,0.928317,0.3203
11508000,4359.330200,1209,78,0.932292,0.3359
11510000,4401.835915,1206,78,0.936103,0.4062
11512000,3688.600055,1196,86,0.820506,0.2734
11514000,4380.143750,1203,81,0.903247,0.2266
11516000,4527.473551,1203,68,0.782244,0.2812
11518000,4189.719907,1194,67,0.878730,0.3125
11520000,4676.644007,1185,75,0.944297,0.3281
11522000,4720.816455,1196,73,0.944195,0.3047
11524000,4629.267435,1185,97,0.928828,0.3281
11526000,4587.559451,1193,78,0.910505,0.3750
11528000,4684.093020,1178,89,0.906228,0.2969
11530000,4596.981726,1202,71,0.942825,0.3359
11532000,4599.583740,1209,65,0.942743,0.2656
11534000,4573.815974,1225,59,0.932610,0.3359
11536000,4563.325040,1209,62,0.934181,0.2812
11538000,4769.707072,1182,81,0.953704,0.3281
11540000,4755.624312,1187,85,0.961279,0.3203
11542000,4762.510535,1189,73,0.962507,0.2891
11544000,4935.118951,1187,63,0.942648,0.2656
11546000,5185.794671,1196,70,0.932806,0.2500
11548000,4948.199158,1188,75,0.931521,0.3750
11550000,5098.539371,1209,73,0.942210,0.2812
11552000,5146.503020,1191,70,0.940723,0.3594
11554000,5036.439020,1208,66,0.894128,0.3516
11556000,4871.303398,1219,63,0.879707,0.2891
11558000,4917.704540,1210,63,0.881137,0.2500
11560000,4967.585399,1185,74,0.890799,0.2656
11562000,5007.894220,1198,78,0.875963,0.2500
11564000,5468.047591,1191,88,0.963175,0.2344
11566000,5426.923911,1193,84,0.967107,0.2344
11568000,5336.402919,1200,82,0.946174,0.2578
11570000,5399.344606,1207,77,0.933502,0.2578
11572000,5585.826715,1223,64,0.949736,0.3125
11574000,5590.801230,1209,61,0.956207,0.2734
11576000,5550.068695,1212,72,0.958340,0.2969
11578000,5586.649379,1218,61,0.964828,0.2188
11580000,5434.192667,1209,77,0.955275,0.3125
11582000,5535.641576,1206,60,0.955313,0.3281
11584000,5246.710207,1196,69,0.916961,0.2734
11586000,5215.113795,1208,74,0.924415,0.2812
11588000,4993.370315,1196,89,0.883302,0.2734
11590000,5111.091575,1195,78,0.816912,0.3047
11592000,5108.168924,1197,77,0.875889,0.3125
11594000,5306.909560,1196,79,0.897358,0.2344
11596000,5316.801539,1213,77,0.887972,0.3125
11598000,4963.290120,1221,75,0.783970,0.2812
11600000,4323.803302,1218,60,0.758098,0.2656
11602000,4631.653475,1215,61,0.776759,0.2344
11604000,4740.437267,1199,77,0.907442,0.2891
11606000,4621.254575,1196,86,0.914787,0.2734
11608000,5009.948892,1237,63,0.913298,0.2422
11610000,5020.222947,1235,74,0.909744,0.2500
11612000,4186.627255,1258,51,0.750475,0.2422
11614000,4437.636678,1234,53,0.836721,0.2656
11616000,4822.818495,1235,62,0.890929,0.2656
11618000,4950.994391,1215,68,0.925629,0.3281
11620000,4957.045056,1240,60,0.898260,0.2422
11622000,5004.297283,1228,73,0.910422,0.3203
11624000,4939.320760,1238,72,0.911480,0.3203
11626000,4928.482700,1235,76,0.931910,0.2109
11628000,4853.335776,1239,65,0.926923,0.2734
11630000,4926.404054,1232,69,0.934137,0.2656
11632000,4873.665515,1223,57,0.914238,0.2422
11634000,4489.294171,1240,64,0.928561,0.3047
11636000,4711.373435,1217,75,0.904174,0.3125
11638000,5107.717323,1235,58,0.915551,0.2891
11640000,5226.431216,1240,66,0.890669,0.2656
11642000,5149.051951,1237,65,0.889481,0.3750
11644000,4948.292380,1248,55,0.825266,0.2109
11646000,5238.995686,1207,84,0.858936,0.2734
11648000,4842.485387,1209,74,0.894905,0.2188
11650000,4935.432643,1229,72,0.894318,0.2969
11652000,5078.960019,1235,57,0.917513,0.2734
11654000,4767.746503,1234,58,0.905405,0.2422
11656000,4737.963935,1206,76,0.911650,0.2422
11658000,4466.267375,1192,89,0.875260,0.3594
11660000,4190.402303,1204,76,0.813161,0.2812
11662000,4266.631470,1186,90,0.889241,0.3516
11664000,3987.528315,1196,60,0.839335,0.2266
11666000,4375.205335,1211,73,0.817447,0.1953
11668000,3808.448048,1228,58,0.667915,0.2031
11670000,3899.684863,1225,68,0.708024,0.2422
11672000,3899.457950,1230,84,0.640283,0.3359
11674000,4635.864959,1203,72,0.848569,0.3047
11676000,4507.441583,1204,72,0.884141,0.3125
11678000,4861.176135,1219,77,0.958177,0.2812
11680000,4710.090310,1247,62,0.940365,0.2344
11682000,4952.520344,1224,69,0.950984,0.3047
11684000,4920.708763,1191,69,0.953403,0.2578
11686000,4948.487814,1202,70,0.955010,0.2969
11688000,4657.751918,1190,84,0.913642,0.3594
11690000,4829.235151,1193,91,0.937920,0.2812
11692000,4670.184483,1194,73,0.913266,0.2734
11694000,4792.304112,1212,70,0.922251,0.2969
11696000,4832.121950,1212,66,0.901290,0.2031
11698000,4799.870743,1221,71,0.929105,0.2109
11700000,4800.023486,1208,74,0.933329,0.3125
11702000,4835.677595,1188,87,0.939022,0.3594
11704000,4883.021382,1197,89,0.937496,0.3359
11706000,4812.258422,1200,100,0.937129,0.3438
11708000,4847.600910,1216,74,0.930730,0.2734
11710000,4997.816955,1203,76,0.938388,0.3672
11712000,5210.031851,1189,68,0.960489,0.2500
11714000,5249.356268,1201,72,0.965817,0.2969
11716000,4836.576144,1238,63,0.916274,0.3047
11718000,5072.519590,1223,66,0.957893,0.2188
11720000,4975.016751,1213,67,0.941957,0.2578
11722000,4975.023751,1204,65,0.961740,0.2812
11724000,4800.091855,1223,78,0.942676,0.3281
11726000,4332.510894,1226,67,0.857144,0.3047
11728000,4368.566894,1215,70,0.929515,0.3359
11730000,4283.097491,1219,80,0.861922,0.2969
11732000,4382.894350,1231,60,0.919994,0.2734
11734000,4286.716750,1234,55,0.928953,0.2578
11736000,4452.607660,1219,61,0.919213,0.2344
11738000,4734.767903,1241,57,0.913790,0.2891
11740000,4690.819955,1225,64,0.902542,0.2188
11742000,4742.752843,1196,68,0.906010,0.2891
11744000,4475.926887,1208,68,0.938197,0.2109
11746000,4376.639775,1226,54,0.944180,0.3203
11748000,4165.515504,1215,66,0.892608,0.3203
11750000,4179.238060,1201,76,0.849879,0.2969
11752000,3875.012555,1206,83,0.823259,0.3438
11754000,4045.126855,1189,82,0.947192,0.3828
11756000,3348.016435,1218,71,0.778148,0.3047
11758000,3282.187678,1226,68,0.861943,0.2734
11760000,3290.260235,1229,62,0.878042,0.3047
11762000,2634.500371,1202,62,0.797801,0.3672
11764000,3155.879830,1200,80,0.912908,0.2734
11766000,3230.907800,1199,80,0.908806,0.3047
11768000,3007.213550,1212,81,0.735748,0.3438
11770000,2878.804150,1209,79,0.755854,0.2500
11772000,2947.987991,1213,73,0.759045,0.3516
11774000,3391.173470,1201,86,0.891314,0.2188
11776000,3352.576806,1237,58,0.898871,0.2422
11778000,3447.828143,1253,61,0.875339,0.2031
11780000,3462.019175,1247,57,0.885719,0.2578
11782000,3370.326470,1226,63,0.880536,0.2969
11784000,2487.064332,1227,66,0.585222,0.2891
11786000,2484.194486,1218,71,0.612436,0.3125
11788000,2359.514220,1213,79,0.765377,0.3203
11790000,2334.280844,1211,74,0.768342,0.2734
11792000,2627.685095,1223,70,0.737918,0.3438
11794000,2811.940790,1207,68,0.756094,0.2031
11796000,3682.551735,1208,66,0.830758,0.2656
11798000,4027.582040,1229,43,0.865367,0.3125
11800000,4351.241563,1232,54,0.886592,0.2422
11802000,3653.296264,1230,57,0.757672,0.3125
11804000,3813.680883,1232,58,0.712098,0.2500
11806000,4555.068167,1216,73,0.893108,0.2812
11808000,4701.481918,1237,59,0.920247,0.2812
11810000,4715.166508,1227,66,0.903515,0.2266
11812000,4668.321900,1228,71,0.919815,0.3281
11814000,4594.157742,1214,64,0.947555,0.3203
11816000,4957.445311,1201,65,0.945032,0.2188
11818000,4272.692483,1213,60,0.865283,0.2969
11820000,4474.218902,1216,67,0.877945,0.2656
11822000,4476.392455,1219,67,0.870133,0.2656
11824000,4368.467340,1231,59,0.861056,0.2656
11826000,4372.659591,1230,70,0.843571,0.3047
11828000,4478.041315,1212,83,0.900248,0.3906
11830000,4716.084407,1231,75,0.928563,0.3125
11832000,4990.410567,1202,77,0.947660,0.2344
11834000,5000.380750,1208,67,0.950819,0.2656
11836000,4682.342871,1188,81,0.868089,0.3516
11838000,5028.645735,1186,89,0.888750,0.2969
11840000,4854.755631,1180,71,0.934364,0.3047
11842000,4796.196860,1201,76,0.917891,0.2891
11844000,4700.079868,1204,71,0.919638,0.2656
11846000,4660.351942,1195,72,0.916885,0.2656
11848000,4779.693756,1218,65,0.933318,0.2031
11850000,4600.964172,1233,68,0.921229,0.3125
11852000,4433.181575,1234,74,0.770349,0.2578
11854000,4794.178035,1219,82,0.946071,0.2578
11856000,4853.634766,1221,68,0.945838,0.2734
11858000,4727.294531,1227,60,0.943424,0.2188
11860000,4679.074759,1241,69,0.951883,0.3438
11862000,4628.885151,1221,68,0.952122,0.2031
11864000,4628.171619,1221,67,0.950950,0.3828
11866000,4360.442027,1242,77,0.922625,0.2344
11868000,3973.271335,1252,59,0.798924,0.2656
11870000,4521.758360,1237,69,0.912168,0.2969
11872000,4337.574475,1238,62,0.817289,0.2578
11874000,4429.766035,1256,66,0.810718,0.2344
11876000,4386.158555,1239,71,0.869541,0.2812
11878000,4914.483979,1237,71,0.935399,0.2656
11880000,4832.657372,1229,74,0.925597,0.2891
11882000,5061.541950,1245,64,0.927999,0.2578
11884000,4981.686915,1235,63,0.927537,0.3203
11886000,5174.208903,1246,64,0.962278,0.2891
11888000,5107.849020,1237,63,0.960374,0.2578
11890000,5027.863660,1218,69,0.958818,0.3047
11892000,4869.454451,1225,74,0.935695,0.3125
11894000,5033.149707,1246,50,0.956175,0.2969
11896000,4910.094774,1234,70,0.950656,0.2891
11898000,4720.951102,1223,78,0.926513,0.2656
11900000,4765.169692,1208,80,0.912991,0.2969
11902000,4612.420318,1225,59,0.912232,0.2734
11904000,4696.712427,1227,79,0.931278,0.2031
11906000,4807.711567,1230,65,0.932020,0.2578
11908000,5328.044262,1230,63,0.967920,0.2344
11910000,5466.019299,1212,71,0.918890,0.2812
11912000,5522.130790,1190,91,0.943682,0.3594
11914000,5425.010510,1188,76,0.926727,0.3281
11916000,5283.958563,1192,69,0.926395,0.2891
11918000,5407.063670,1209,58,0.918139,0.2891
11920000,5394.914110,1203,72,0.909114,0.3438
11922000,5140.298624,1210,70,0.944832,0.3281
11924000,5069.929575,1211,59,0.940620,0.1953
11926000,5089.350640,1205,68,0.946968,0.2266
11928000,5294.303750,1227,63,0.964484,0.2812
11930000,5283.559548,1234,69,0.953140,0.3281
11932000,5137.903303,1219,68,0.959706,0.2500
11934000,5189.895008,1230,59,0.959833,0.2969
11936000,5327.667694,1233,57,0.923000,0.2734
11938000,5225.458895,1227,68,0.930318,0.3359
11940000,5175.627211,1226,69,0.929380,0.3203
11942000,5175.213660,1233,58,0.928381,0.2422
11944000,5090.129536,1232,54,0.958378,0.2812
11946000,5338.179164,1216,56,0.944550,0.2500
11948000,5596.133875,1223,65,0.966095,0.2969
11950000,7244.113982,1214,64,0.982045,0.2969
11952000,7052.328766,1207,73,0.970344,0.2812
11954000,6951.695175,1189,77,0.976085,0.2422
11956000,6734.133078,1200,72,0.971837,0.3750
11958000,6605.889987,1206,74,0.950849,0.3203
11960000,6267.477107,1189,82,0.940084,0.3125
11962000,5903.295926,1208,79,0.943870,0.3047
11964000,5835.785759,1211,76,0.943687,0.3203
11966000,6106.750070,1195,68,0.940052,0.2969
11968000,6084.583379,1194,79,0.942481,0.2109
11970000,5999.010470,1202,68,0.943732,0.2734
11972000,6257.977671,1187,83,0.965289,0.2500
11974000,6073.251630,1185,97,0.922249,0.3125
11976000,6175.996895,1203,69,0.944477,0.2969
11978000,6009.910702,1198,79,0.960028,0.2969
11980000,5996.292662,1221,66,0.961589,0.2969
11982000,5873.525763,1194,71,0.938655,0.3516
11984000,5411.312175,1191,86,0.944374,0.4609
11986000,5429.671895,1210,66,0.946948,0.2578
11988000,6111.477579,1207,66,0.955448,0.3125
11990000,6360.947931,1242,66,0.965778,0.3672
11992000,6450.669815,1243,70,0.960964,0.2734
11994000,6323.155340,1233,64,0.931252,0.2266
11996000,6507.263350,1240,72,0.964837,0.3125
11998000,6898.272382,1234,73,0.972692,0.2734
12000000,6871.071464,1235,68,0.971583,0.2656
12002000,6771.464315,1229,59,0.972196,0.3125
12004000,6835.213031,1228,65,0.982100,0.2656
12006000,6613.942275,1220,62,0.962351,0.3125
12008000,6165.016279,1212,76,0.935794,0.2969
12010000,6564.456475,1240,66,0.949579,0.2812
12012000,6621.592486,1237,56,0.951467,0.2656
12014000,6498.764044,1242,58,0.951650,0.2266
12016000,6820.663455,1242,69,0.973070,0.3047
12018000,6928.533928,1188,80,0.974152,0.3203
12020000,6636.957710,1190,91,0.951189,0.4141
12022000,6746.942956,1222,70,0.969564,0.2578
12024000,6588.431675,1237,62,0.965120,0.2812
12026000,6598.347964,1224,67,0.971552,0.2500
12028000,6338.070684,1177,97,0.970634,0.3281
12030000,6388.139923,1223,80,0.968985,0.3047
12032000,6389.916235,1208,73,0.971020,0.3906
12034000,6558.554135,1190,73,0.963267,0.2969
12036000,5472.494031,1198,76,0.791658,0.3047
12038000,6428.609550,1220,65,0.962325,0.2578
12040000,6376.561176,1208,75,0.965281,0.2500
12042000,6573.297392,1213,58,0.964546,0.2734
12044000,6753.051631,1182,84,0.973472,0.4062
12046000,6356.804315,1185,78,0.979610,0.3594
12048000,6243.267388,1198,68,0.978208,0.2734
12050000,6144.614035,1190,79,0.978482,0.3203
12052000,6203.737983,1178,87,0.981042,0.3359
12054000,6308.724422,1188,68,0.979426,0.2812
12056000,6411.863215,1194,73,0.983063,0.3203
12058000,6319.750030,1189,87,0.971802,0.2578
12060000,6313.239886,1205,77,0.971324,0.4062
12062000,6261.985935,1220,77,0.972353,0.3125
12064000,6552.886203,1217,76,0.976054,0.3594
12066000,6773.478326,1223,67,0.975075,0.2422
12068000,6589.317292,1214,67,0.966282,0.3984
12070000,6474.940075,1222,55,0.941291,0.3594
12072000,6667.388995,1207,76,0.981146,0.3203
12074000,6632.921851,1222,68,0.981194,0.2812
12076000,6619.458120,1217,73,0.979951,0.2109
12078000,6662.664875,1226,72,0.978919,0.2188
12080000,6621.475595,1219,66,0.978771,0.2578
12082000,6641.843350,1208,66,0.970834,0.3359
12084000,6570.501500,1199,75,0.963485,0.3359
12086000,6588.803715,1201,66,0.948800,0.3594
12088000,6719.145951,1213,74,0.966142,0.2578
12090000,6690.609315,1232,69,0.972274,0.2578
12092000,6436.281324,1245,65,0.975007,0.2656
12094000,6506.461655,1228,68,0.958991,0.3047
12096000,6338.098588,1206,71,0.960959,0.2891
12098000,6511.391447,1214,65,0.971300,0.2891
12100000,6026.009979,1190,67,0.936942,0.2734
12102000,6228.374510,1166,74,0.963477,0.2812
12104000,6245.180134,1180,80,0.965690,0.3281
12106000,6351.698923,1177,88,0.965032,0.3281
12108000,6172.824870,1187,81,0.949499,0.2266
12110000,5984.164438,1198,69,0.955194,0.2812
12112000,5053.642166,1181,76,0.642460,0.2734
12114000,4994.559196,1162,77,0.678065,0.3047
12116000,5232.407772,1162,106,0.865327,0.3828
12118000,5045.535676,1176,82,0.861124,0.3359
12120000,5175.514631,1190,78,0.872604,0.3047
12122000,5015.488895,1189,87,0.792559,0.2812
12124000,5049.518731,1199,86,0.812869,0.3281
12126000,5092.167504,1211,85,0.753969,0.2891
12128000,5724.309390,1200,85,0.926591,0.3359
12130000,4890.979331,1213,72,0.534994,0.2969
12132000,5894.369310,1225,76,0.939112,0.2578
12134000,5444.670655,1219,68,0.780981,0.3203
12136000,6333.242128,1212,73,0.952014,0.3125
12138000,6719.173603,1195,72,0.985365,0.2266
12140000,6552.266607,1201,77,0.966273,0.3047
12142000,6521.995350,1202,80,0.914545,0.3203
12144000,6536.981355,1220,56,0.911794,0.1875
12146000,6207.882350,1205,68,0.938414,0.2969
12148000,6274.102475,1187,82,0.949958,0.2812
12150000,6386.221631,1206,71,0.958193,0.3594
12152000,6229.803574,1221,68,0.971145,0.3125
12154000,5879.755663,1205,67,0.920873,0.3516
12156000,6007.433960,1225,55,0.902882,0.2500
12158000,6219.592198,1230,48,0.924054,0.2578
12160000,6888.091043,1236,59,0.913451,0.2734
12162000,6807.365955,1234,60,0.939729,0.2266
12164000,7520.148827,1212,77,0.987590,0.3047
12166000,7425.187870,1229,71,0.987156,0.3281
12168000,7332.031590,1208,69,0.966337,0.2734
12170000,7606.739135,1221,69,0.976124,0.2422
12172000,7516.127195,1218,78,0.972853,0.2891
12174000,7428.996883,1239,66,0.975302,0.3281
12176000,7284.481135,1245,70,0.976052,0.2891
12178000,7176.671030,1242,69,0.980634,0.2734
12180000,7169.733603,1258,55,0.982773,0.2031
12182000,6384.665479,1253,59,0.940449,0.2891
12184000,6934.849542,1254,58,0.915205,0.2422
12186000,7112.149790,1255,64,0.946265,0.2188
12188000,7198.982043,1245,68,0.976057,0.2188
12190000,7114.154140,1242,65,0.963353,0.2500
12192000,6994.100331,1253,67,0.963156,0.2656
12194000,6877.800780,1249,66,0.964829,0.2812
12196000,6999.063950,1248,60,0.973366,0.2734
12198000,7114.342931,1249,59,0.965279,0.2422
12200000,7164.766038,1246,66,0.972527,0.2656
12202000,7088.881767,1269,59,0.966166,0.1953
12204000,7169.112839,1271,59,0.965024,0.2422
12206000,7427.501054,1239,59,0.959712,0.3516
12208000,7482.058166,1243,53,0.931458,0.2656
12210000,7850.416204,1248,62,0.987341,0.3828
12212000,7752.825743,1248,73,0.985904,0.2812
12214000,7760.881291,1241,72,0.985417,0.2656
12216000,7848.431398,1248,60,0.986300,0.2188
12218000,7808.634150,1220,70,0.987701,0.3203
12220000,7394.925703,1229,62,0.976599,0.2734
12222000,7264.466715,1219,69,0.977921,0.2969
12224000,7226.408231,1247,67,0.976182,0.2344
12226000,6979.952323,1257,58,0.955842,0.2734
12228000,7114.674604,1246,58,0.955137,0.2812
12230000,7013.605670,1220,60,0.955196,0.2812
12232000,7005.495391,1244,58,0.967361,0.3516
12234000,7347.828027,1238,59,0.948891,0.2656
12236000,6539.380684,1238,68,0.935555,0.2812
12238000,7142.301183,1240,73,0.938200,0.3359
12240000,7160.116543,1242,61,0.916821,0.2500
12242000,7114.109852,1243,64,0.944881,0.2422
12244000,7218.823070,1233,53,0.945126,0.2500
12246000,7354.400600,1199,80,0.916916,0.2656
12248000,7380.972396,1208,79,0.944944,0.2734
12250000,7150.295212,1211,88,0.902535,0.3750
12252000,7036.435806,1210,72,0.944357,0.2266
12254000,6821.256342,1221,63,0.931024,0.2734
12256000,6877.867526,1211,62,0.926130,0.2500
12258000,6496.009559,1221,59,0.923925,0.2734
12260000,6691.404411,1205,72,0.931761,0.3359
12262000,6729.483431,1201,67,0.926535,0.2812
12264000,6863.709631,1199,69,0.960473,0.2578
12266000,7005.087503,1203,69,0.939881,0.3828
12268000,7068.982744,1219,66,0.947772,0.2500
12270000,7216.605323,1210,70,0.939247,0.3438
12272000,7124.840895,1212,74,0.928700,0.2578
12274000,6874.087555,1199,78,0.928855,0.3594
12276000,6442.575128,1206,79,0.836685,0.2109
12278000,6793.192635,1220,79,0.944857,0.2969
12280000,6880.102896,1219,68,0.950141,0.2656
12282000,6565.924439,1225,70,0.938280,0.2422
12284000,6334.580998,1205,86,0.900762,0.3281
12286000,6566.290371,1216,70,0.955195,0.2188
12288000,6707.815740,1232,61,0.933903,0.2266
12290000,7145.640750,1221,57,0.930570,0.2891
12292000,7255.918723,1199,76,0.958907,0.2891
12294000,6951.351823,1214,70,0.956862,0.2578
12296000,7124.889468,1217,74,0.958080,0.3047
12298000,6782.200407,1223,65,0.947473,0.2734
12300000,6866.784800,1222,63,0.945586,0.3281
12302000,6834.332684,1232,71,0.971308,0.3438
12304000,6678.947263,1235,62,0.971330,0.3281
12306000,6893.905470,1220,66,0.957467,0.2578
12308000,6985.132107,1217,73,0.947791,0.2812
12310000,6931.892131,1227,77,0.945934,0.2969
12312000,6807.408039,1237,64,0.951478,0.3750
12314000,6794.102680,1246,52,0.902815,0.3203
12316000,6808.240476,1216,72,0.982332,0.3281
12318000,6933.129120,1232,74,0.961128,0.2891
12320000,6992.240267,1224,72,0.972799,0.3828
12322000,6733.068950,1249,55,0.977099,0.2266
12324000,7318.546371,1258,57,0.984099,0.2578
12326000,7071.619676,1249,59,0.950565,0.2422
12328000,8079.041775,1253,55,0.969260,0.2656
12330000,7940.697755,1242,59,0.972718,0.2266
12332000,8221.010195,1247,53,0.972382,0.2266
12334000,8319.391472,1230,70,0.981928,0.3125
12336000,8118.691615,1213,79,0.977797,0.2891
12338000,8029.379030,1206,77,0.976711,0.2031
12340000,8520.957415,1206,79,0.973279,0.3359
12342000,8567.142688,1248,55,0.982535,0.2422
12344000,8386.641222,1225,69,0.982388,0.2656
12346000,8387.998430,1210,76,0.969714,0.2891
12348000,7968.826680,1192,74,0.968149,0.2891
12350000,7807.357260,1210,69,0.965728,0.3750
12352000,7978.527006,1194,81,0.966178,0.3594
12354000,8370.045799,1191,81,0.970491,0.2500
12356000,8493.364895,1206,76,0.969810,0.2734
12358000,8327.878808,1187,89,0.980369,0.3203
12360000,8332.626422,1188,79,0.980406,0.2734
12362000,8104.272166,1189,84,0.968492,0.2891
12364000,8148.306572,1186,77,0.965004,0.2891
12366000,8234.549260,1180,92,0.981160,0.3047
12368000,8192.724135,1181,87,0.985278,0.3359
12370000,8021.848448,1196,81,0.988199,0.2969
12372000,7748.365047,1213,75,0.952026,0.3516
12374000,7770.730807,1207,79,0.956209,0.2734
12376000,8171.108172,1196,80,0.962000,0.3281
12378000,7730.946831,1220,64,0.907596,0.3438
12380000,8102.653884,1222,70,0.962709,0.3203
12382000,7840.392643,1214,87,0.919957,0.2656
12384000,7995.197470,1240,62,0.963330,0.2812
12386000,7967.749110,1229,77,0.963074,0.2734
12388000,7185.524046,1216,79,0.916527,0.2812
12390000,7443.604795,1244,65,0.932969,0.1953
12392000,8050.544623,1249,53,0.924188,0.2812
12394000,8539.482695,1239,59,0.962872,0.2656
12396000,8714.913607,1217,62,0.977178,0.2734
12398000,8605.142348,1213,84,0.980529,0.3516
12400000,8190.465900,1219,76,0.974351,0.2578
12402000,8203.741147,1216,78,0.952211,0.3438
12404000,8237.025407,1230,72,0.979945,0.2891
12406000,8545.361916,1241,59,0.949011,0.2578
12408000,8607.895128,1229,62,0.980855,0.2734
12410000,8596.769511,1240,73,0.981848,0.2891
12412000,8179.329582,1252,61,0.973709,0.2734
12414000,8406.795376,1247,65,0.975504,0.2734
12416000,8493.321315,1228,66,0.953923,0.2344
12418000,8113.897816,1232,61,0.967640,0.2344
12420000,8337.631800,1223,67,0.974517,0.2969
12422000,8311.235175,1234,61,0.975313,0.2812
12424000,8171.044375,1238,56,0.953127,0.2422
12426000,8643.435371,1224,69,0.974220,0.2578
12428000,8441.092567,1224,73,0.967357,0.2344
12430000,8098.603372,1229,70,0.965548,0.2656
12432000,8127.138195,1191,83,0.958069,0.2266
12434000,7910.193628,1207,86,0.966131,0.2734
12436000,8050.839123,1219,75,0.987636,0.2812
12438000,7890.679135,1220,73,0.984247,0.2578
12440000,8116.656472,1211,79,0.986737,0.3438
12442000,8030.050168,1210,78,0.972536,0.2656
12444000,7983.197863,1201,82,0.983745,0.3203
12446000,8111.712940,1184,86,0.980346,0.3359
12448000,7430.637471,1213,66,0.955815,0.2812
12450000,7520.744895,1216,71,0.971932,0.3203
12452000,7413.007715,1210,75,0.972197,0.3125
12454000,7654.592591,1222,81,0.961028,0.2891
12456000,7875.153222,1225,70,0.974292,0.2734
12458000,7482.969806,1215,71,0.924477,0.2031
12460000,7606.956699,1221,68,0.982138,0.2969
12462000,7315.771310,1234,67,0.958419,0.1953
12464000,7507.798940,1233,71,0.970372,0.2812
12466000,7448.455622,1228,71,0.977837,0.3203
12468000,7262.053515,1236,59,0.976353,0.2969
12470000,6978.997432,1233,70,0.974272,0.3359
12472000,7242.674559,1209,83,0.976533,0.2812
12474000,7212.516806,1227,66,0.977223,0.2578
12476000,6999.346460,1210,66,0.961762,0.3203
12478000,7278.273036,1223,66,0.928309,0.3281
12480000,7639.157771,1213,74,0.977895,0.2969
12482000,7253.726044,1219,65,0.958373,0.3125
12484000,7215.253907,1212,77,0.977659,0.3203
12486000,7445.547822,1212,62,0.961047,0.2812
12488000,7400.297875,1214,70,0.962346,0.2344
12490000,7656.543115,1216,64,0.984545,0.3125
12492000,7687.283111,1214,67,0.976998,0.3125
12494000,8124.796750,1214,71,0.987473,0.3281
12496000,7661.913664,1215,67,0.976687,0.3047
12498000,7457.726910,1217,66,0.970760,0.3047
12500000,7613.935680,1218,67,0.947508,0.3359
12502000,7599.640550,1213,76,0.972454,0.2734
12504000,7504.654524,1208,65,0.940923,0.2500
12506000,7512.882355,1211,61,0.940709,0.2500
12508000,7601.591695,1218,68,0.936648,0.2812
12510000,7498.970710,1236,59,0.953234,0.2734
12512000,7677.916732,1224,71,0.936545,0.3125
12514000,7754.938462,1195,85,0.980604,0.3359
12516000,7549.779488,1182,79,0.950904,0.3672
12518000,7571.569875,1217,87,0.949818,0.3984
12520000,7705.536462,1206,85,0.954634,0.2891
12522000,7832.797382,1202,80,0.977611,0.2344
12524000,7573.616387,1190,78,0.921249,0.2891
12526000,7584.843320,1197,83,0.966747,0.3438
12528000,7292.895270,1219,73,0.974930,0.3594
12530000,7299.266227,1205,69,0.975510,0.3516
12532000,7145.857059,1230,60,0.975914,0.2422
12534000,7385.287467,1214,78,0.947295,0.3359
12536000,7335.692990,1232,66,0.980008,0.2734
12538000,7094.093550,1236,68,0.978621,0.3203
12540000,7079.783566,1241,63,0.977225,0.3203
12542000,7167.098971,1246,77,0.958785,0.2969
12544000,7369.059542,1256,61,0.959009,0.2109
12546000,7381.641382,1251,65,0.960597,0.3047
12548000,7222.000336,1223,77,0.955975,0.2969
12550000,7154.206415,1226,76,0.955335,0.1875
12552000,7396.575580,1218,75,0.964728,0.3281
12554000,7410.646435,1227,81,0.983175,0.2812
12556000,7435.467726,1242,74,0.978696,0.3672
12558000,7404.021175,1264,57,0.975914,0.2891
12560000,7404.331662,1238,66,0.970230,0.3125
12562000,7699.816960,1243,66,0.969753,0.2422
12564000,7460.799342,1247,64,0.975831,0.2344
12566000,7587.177320,1254,47,0.979669,0.2734
12568000,7500.312830,1239,63,0.976479,0.2266
12570000,7235.778047,1243,58,0.965441,0.2812
12572000,7370.545947,1251,68,0.966555,0.2734
12574000,7649.218480,1230,73,0.975415,0.2891
12576000,7382.919070,1241,62,0.961078,0.3281
12578000,7278.959224,1243,58,0.971482,0.2109
12580000,7284.603910,1236,73,0.953527,0.3438
12582000,7641.956771,1238,66,0.963867,0.3516
12584000,7572.182171,1243,74,0.962801,0.3047
12586000,7631.416780,1242,64,0.958580,0.2109
12588000,7767.000524,1229,70,0.972878,0.2656
12590000,7732.415750,1207,70,0.976864,0.3281
12592000,7882.999990,1221,67,0.978060,0.2656
12594000,8192.965179,1219,69,0.967413,0.2031
12596000,7994.242843,1230,62,0.962291,0.2812
12598000,8026.389884,1227,58,0.959570,0.2656
12600000,7073.664883,1226,72,0.944939,0.2656
12602000,6635.712255,1231,63,0.948263,0.2422
12604000,6496.316118,1221,67,0.961165,0.2812
12606000,6395.819104,1194,62,0.961690,0.2891
12608000,6308.082627,1192,71,0.939922,0.2812
12610000,6164.627895,1225,71,0.952616,0.2266
12612000,6698.593435,1227,75,0.948982,0.2734
12614000,6180.843750,1242,71,0.929505,0.2812
12616000,5889.189599,1233,70,0.908265,0.2188
12618000,5784.697663,1234,68,0.916049,0.2891
12620000,5781.929326,1243,70,0.919182,0.2266
12622000,5902.181804,1241,64,0.920116,0.2500
12624000,5857.735328,1246,70,0.912852,0.2812
12626000,5503.019440,1244,71,0.844956,0.3359
12628000,5426.898255,1236,68,0.909495,0.2578
12630000,5368.792207,1247,61,0.935926,0.3281
12632000,5492.712135,1247,57,0.944556,0.3047
12634000,5348.643598,1246,69,0.946443,0.2656
12636000,5528.823763,1234,72,0.883381,0.3359
12638000,5282.380155,1233,65,0.899500,0.3438
12640000,5481.326195,1247,51,0.866403,0.2422
12642000,5616.364526,1254,54,0.868991,0.2188
12644000,5472.302140,1230,67,0.893644,0.2266
12646000,5503.797798,1237,72,0.889659,0.2891
12648000,5487.334159,1202,79,0.922015,0.3516
12650000,4760.695560,1231,74,0.948263,0.2578
12652000,4954.739711,1210,73,0.830546,0.2891
12654000,5077.039158,1207,67,0.837955,0.3984
12656000,5110.833760,1228,66,0.858137,0.3672
12658000,5183.522575,1232,64,0.875142,0.3750
12660000,4983.740712,1207,78,0.942787,0.2734
12662000,4915.797470,1229,68,0.949907,0.2812
12664000,4808.941227,1220,73,0.953755,0.2812
12666000,4857.583651,1207,72,0.958725,0.2891
12668000,5022.550219,1229,74,0.946045,0.2656
12670000,5146.969455,1225,65,0.948439,0.2891
12672000,5270.603891,1214,66,0.804083,0.2656
12674000,5451.871395,1214,67,0.898691,0.2734
12676000,5487.556230,1230,68,0.878010,0.2812
12678000,5530.412011,1230,64,0.927275,0.3047
12680000,5816.173755,1221,74,0.934413,0.2969
12682000,5832.619063,1229,53,0.927743,0.2578
12684000,5734.427532,1239,51,0.871258,0.2578
12686000,5975.947583,1227,61,0.945058,0.3047
12688000,6236.032335,1216,78,0.954733,0.2812
12690000,6218.921080,1209,60,0.948411,0.2891
12692000,6060.786779,1219,69,0.887330,0.3672
12694000,6368.738335,1216,70,0.944398,0.2656
12696000,6233.949544,1208,72,0.945957,0.2812
12698000,6149.930406,1224,63,0.945858,0.2031
12700000,6086.894147,1201,71,0.945759,0.2500
12702000,5895.915559,1210,67,0.886533,0.2500
12704000,5979.327854,1228,70,0.908462,0.3047
12706000,5938.647235,1224,67,0.906254,0.2734
12708000,6575.448767,1217,70,0.863026,0.3047
12710000,6955.308766,1218,74,0.942799,0.2734
12712000,6350.737598,1222,66,0.840891,0.3125
12714000,6010.301884,1217,67,0.944617,0.3438
12716000,5755.153615,1226,70,0.927939,0.2891
12718000,5693.381131,1210,75,0.947815,0.2422
12720000,5722.373095,1200,74,0.956289,0.3672
12722000,5749.446510,1226,70,0.947015,0.2812
12724000,5999.522575,1228,73,0.930109,0.2969
12726000,6206.677875,1249,71,0.957766,0.1797
12728000,6136.932236,1248,69,0.958381,0.3047
12730000,6027.543891,1225,69,0.951910,0.2578
12732000,6200.950287,1218,78,0.943029,0.3516
12734000,6184.042679,1240,60,0.919488,0.2578
12736000,6111.359403,1249,59,0.942114,0.3516
12738000,5971.196171,1243,60,0.936831,0.2578
12740000,6513.791203,1261,50,0.883419,0.1641
12742000,6720.083852,1222,78,0.889168,0.2734
12744000,6329.645206,1229,70,0.872218,0.2969
12746000,6386.244332,1210,84,0.870263,0.2578
12748000,6801.639295,1209,73,0.932043,0.2812
12750000,6226.361271,1217,87,0.938839,0.3516
12752000,6214.559166,1219,79,0.939292,0.3125
12754000,6759.348662,1228,69,0.954198,0.2812
12756000,6790.865527,1240,58,0.922273,0.2812
12758000,7286.028095,1233,58,0.964437,0.2656
12760000,6747.599315,1234,66,0.925600,0.2891
12762000,6869.795547,1219,77,0.940884,0.3594
12764000,6755.717814,1244,65,0.932899,0.2812
12766000,6239.375246,1227,80,0.820892,0.2344
12768000,7027.698171,1219,76,0.915812,0.2891
12770000,6711.625590,1212,72,0.926221,0.2969
12772000,6683.479584,1243,60,0.936306,0.2578
12774000,6253.549747,1232,70,0.946264,0.2734
12776000,6108.913900,1215,90,0.952274,0.3438
12778000,6145.171511,1210,81,0.964614,0.3203
12780000,6298.227656,1229,75,0.974405,0.3203
12782000,6291.015255,1215,71,0.956732,0.3047
12784000,6268.222726,1230,55,0.967405,0.2578
12786000,6393.378451,1222,64,0.962713,0.2422
12788000,6427.320535,1218,78,0.974954,0.1562
12790000,6441.869030,1223,71,0.979568,0.2969
12792000,6464.800430,1195,81,0.974038,0.2812
12794000,6442.045067,1192,85,0.969914,0.3438
12796000,6854.545355,1206,89,0.973707,0.3750
12798000,6672.193710,1205,64,0.978504,0.2969
12800000,6779.275515,1210,74,0.977498,0.3281
12802000,6714.628447,1204,80,0.967253,0.2734
12804000,6703.601403,1210,68,0.952299,0.3047
12806000,6809.504647,1226,54,0.972879,0.2109
12808000,6820.574959,1237,65,0.975481,0.2656
12810000,6829.564720,1242,66,0.954653,0.2734
12812000,7179.688940,1239,55,0.958287,0.1797
12814000,7294.324979,1247,58,0.958419,0.2656
12816000,7561.319815,1241,52,0.967157,0.2266
12818000,7375.650983,1239,70,0.898990,0.2578
12820000,7937.984975,1223,73,0.979228,0.3359
12822000,8068.018942,1217,68,0.979541,0.2500
12824000,7772.535131,1223,62,0.941559,0.3125
12826000,7833.063854,1235,68,0.962576,0.2734
12828000,7820.575783,1226,67,0.941458,0.3438
12830000,8108.420735,1220,66,0.982081,0.2656
12832000,8015.091615,1220,61,0.980265,0.2812
12834000,7975.962496,1231,66,0.977039,0.2500
12836000,7794.637244,1210,81,0.978732,0.2969
12838000,7912.974423,1214,72,0.975153,0.2812
12840000,7663.515870,1200,75,0.978029,0.3281
12842000,7484.302579,1227,62,0.965212,0.2500
12844000,7536.520243,1232,61,0.979848,0.2422
12846000,7695.243055,1220,78,0.981317,0.3047
12848000,7576.199535,1225,67,0.963521,0.2891
12850000,7603.789934,1213,65,0.958732,0.2812
12852000,7840.935868,1217,65,0.978202,0.2969
12854000,7733.070748,1206,83,0.977375,0.2969
12856000,8006.905083,1209,63,0.948780,0.3281
12858000,8407.458815,1195,73,0.984459,0.3203
12860000,7945.915886,1175,72,0.979034,0.2656
12862000,7933.663275,1198,74,0.978452,0.2969
12864000,7541.278302,1196,93,0.911975,0.3438
12866000,7570.463462,1206,79,0.968621,0.3359
12868000,7302.175024,1199,79,0.904803,0.2891
12870000,7258.023944,1223,76,0.899458,0.2891
12872000,7218.181692,1221,82,0.880544,0.2344
12874000,7354.445799,1218,74,0.886887,0.3359
12876000,7289.490460,1245,63,0.870322,0.2188
12878000,7240.506015,1231,67,0.966358,0.2578
12880000,7228.330830,1229,62,0.966665,0.2891
12882000,7327.947375,1213,72,0.961848,0.2734
12884000,7280.494124,1198,71,0.962082,0.3203
12886000,7213.884755,1227,72,0.959997,0.3203
12888000,7117.296355,1224,68,0.965477,0.2891
12890000,7379.578811,1194,69,0.940378,0.2969
12892000,7389.643435,1210,63,0.979609,0.2500
12894000,7243.000235,1220,69,0.964363,0.2812
12896000,6882.599436,1200,78,0.956064,0.2422
12898000,6914.286310,1198,86,0.966129,0.2812
12900000,6843.878035,1208,79,0.969720,0.2344
12902000,6991.964088,1221,77,0.976080,0.2969
12904000,6561.455923,1212,72,0.964076,0.3125
12906000,7154.770463,1225,66,0.929666,0.2969
12908000,7081.645708,1221,76,0.914723,0.2891
12910000,6758.517683,1205,77,0.931550,0.2188
12912000,6828.296507,1210,68,0.929654,0.2422
12914000,6789.944547,1221,58,0.945995,0.2266
12916000,6866.539123,1247,45,0.899984,0.2969
12918000,6565.340760,1245,56,0.966498,0.2734
12920000,6634.191375,1218,72,0.968399,0.3047
12922000,6968.139934,1220,71,0.942758,0.2656
12924000,7049.017286,1217,60,0.964888,0.2500
12926000,6726.871887,1226,66,0.943747,0.2969
12928000,6910.046400,1213,74,0.964274,0.2891
12930000,6862.153670,1218,65,0.965079,0.3281
12932000,6886.149452,1205,70,0.968674,0.2344
12934000,6612.563384,1202,76,0.941039,0.2266
12936000,6528.444262,1205,72,0.938608,0.2969
12938000,6770.138303,1216,64,0.961243,0.2734
12940000,6842.882976,1240,58,0.958666,0.2656
12942000,6805.474935,1211,72,0.948883,0.2500
12944000,6848.198510,1217,66,0.960459,0.1953
12946000,6645.233660,1185,79,0.937982,0.3359
12948000,6743.799110,1194,76,0.936298,0.2812
12950000,6565.940431,1222,60,0.945561,0.3047
12952000,6954.966652,1231,64,0.955609,0.2266
12954000,6792.272043,1239,61,0.932819,0.2969
12956000,6720.919596,1225,58,0.931906,0.2891
12958000,6679.439934,1234,58,0.907537,0.2969
12960000,6735.763630,1209,81,0.908254,0.3203
12962000,6678.867295,1208,81,0.892198,0.3125
12964000,6464.873190,1217,67,0.876328,0.2812
12966000,6244.129839,1234,63,0.847671,0.2812
12968000,6371.713750,1232,58,0.921110,0.2500
12970000,6456.293687,1224,62,0.900246,0.2812
12972000,6291.064588,1211,68,0.898099,0.3125
12974000,6684.101080,1214,67,0.950880,0.4062
12976000,6531.829411,1223,67,0.920167,0.3281
12978000,6584.648848,1226,73,0.930156,0.2578
12980000,6661.551334,1225,74,0.937527,0.2969
12982000,6601.412678,1224,64,0.934639,0.2734
12984000,6005.966630,1218,62,0.910113,0.2656
12986000,5837.382495,1213,61,0.906490,0.2891
12988000,5757.804518,1195,72,0.925094,0.2656
12990000,6219.636150,1192,78,0.922302,0.2422
12992000,6260.958910,1180,85,0.930234,0.2578
12994000,6337.800460,1180,88,0.939395,0.3203
12996000,6235.824359,1193,87,0.931964,0.3516
12998000,6094.276860,1184,67,0.915865,0.2812
13000000,6208.431815,1199,81,0.902632,0.2812
13002000,6301.883790,1187,83,0.921324,0.2656
13004000,6483.747355,1196,76,0.959986,0.2969
13006000,6475.962143,1213,64,0.961944,0.2578
13008000,5829.509959,1206,81,0.936875,0.2969
13010000,6166.419187,1204,80,0.964895,0.3359
13012000,6391.806150,1230,64,0.963019,0.2656
13014000,6327.937596,1227,62,0.962969,0.2188
13016000,5452.819027,1221,69,0.882618,0.2891
13018000,5588.598003,1219,78,0.948602,0.2969
13020000,5655.728780,1207,73,0.948375,0.3359
13022000,5769.322780,1218,59,0.952382,0.2734
13024000,5775.900726,1213,59,0.957107,0.3750
13026000,5989.765580,1194,68,0.964544,0.2891
13028000,5936.265327,1222,66,0.963835,0.2656
13030000,5743.670475,1237,51,0.861086,0.2344
13032000,6326.042046,1230,66,0.961480,0.3672
13034000,5972.447315,1233,70,0.956801,0.2422
13036000,6497.315262,1236,66,0.964302,0.2344
13038000,5521.054035,1250,67,0.908820,0.2266
13040000,5446.382496,1223,68,0.923489,0.3203
13042000,5741.699959,1230,86,0.958546,0.2812
13044000,5551.188475,1238,60,0.927221,0.2578
13046000,5678.628270,1221,70,0.921721,0.2500
13048000,5714.758838,1240,65,0.939242,0.3281
13050000,5872.977280,1237,70,0.933177,0.3516
13052000,5547.970524,1219,68,0.954985,0.2891
13054000,6135.845232,1211,72,0.948227,0.2812
13056000,5972.813840,1255,52,0.861605,0.2188
13058000,5956.444055,1239,55,0.837815,0.2500
13060000,5988.729467,1238,53,0.958556,0.2188
13062000,5823.698547,1228,72,0.941124,0.3438
13064000,5733.912992,1250,61,0.957783,0.3203
13066000,5999.778438,1229,67,0.956585,0.2812
13068000,6231.112415,1222,63,0.964971,0.2500
13070000,6528.186579,1224,74,0.963322,0.3359
13072000,6425.608387,1227,70,0.965753,0.1953
13074000,6239.095120,1216,81,0.952889,0.2500
13076000,6360.246316,1218,72,0.975124,0.2734
13078000,6232.725054,1199,80,0.973299,0.2656
13080000,6259.406607,1233,63,0.969237,0.2734
13082000,6487.301288,1248,66,0.973176,0.3047
13084000,6486.866795,1213,75,0.972764,0.3516
13086000,6318.125155,1222,82,0.967357,0.3281
13088000,6217.629710,1232,69,0.967486,0.3281
13090000,6127.952047,1233,55,0.967204,0.2656
13092000,6160.136371,1239,61,0.911196,0.2969
13094000,5910.417383,1243,51,0.945617,0.2500
13096000,6035.283174,1199,86,0.863853,0.2500
13098000,6052.650127,1216,86,0.892098,0.2422
13100000,6052.676582,1204,77,0.933555,0.2891
13102000,6310.222463,1228,75,0.894498,0.2109
13104000,6335.045910,1200,79,0.910440,0.3594
13106000,6362.069790,1194,68,0.927299,0.2891
13108000,6345.999871,1209,77,0.904695,0.2734
13110000,6503.235742,1221,65,0.946332,0.2891
13112000,6484.958236,1210,73,0.941685,0.2656
13114000,6564.949000,1208,67,0.939942,0.2344
13116000,6300.152752,1227,69,0.889927,0.2734
13118000,6348.785747,1234,70,0.939015,0.2734
13120000,5949.497132,1182,107,0.869715,0.2500
13122000,6332.034206,1183,79,0.941773,0.3047
13124000,5875.249071,1215,64,0.920143,0.2422
13126000,6433.690382,1230,50,0.943213,0.2734
13128000,5663.098759,1203,77,0.926947,0.2500
13130000,5888.355807,1201,72,0.966970,0.2500
13132000,5375.549292,1218,72,0.902560,0.1875
13134000,5215.581427,1241,62,0.884743,0.3125
13136000,5152.439982,1229,57,0.869215,0.3750
13138000,5505.618764,1245,52,0.815044,0.2188
13140000,5736.414744,1233,59,0.899006,0.2734
13142000,5521.662623,1219,64,0.916575,0.3203
13144000,5462.652095,1223,78,0.939280,0.2891
13146000,5443.519702,1207,62,0.880048,0.2344
13148000,5379.582435,1191,80,0.900970,0.3672
13150000,5349.169163,1211,66,0.935444,0.2578
13152000,5638.805307,1201,86,0.833202,0.2891
13154000,5546.652904,1186,84,0.820537,0.3672
13156000,5681.851566,1200,81,0.817029,0.3359
13158000,6553.426520,1198,71,0.855002,0.3281
13160000,6767.987310,1209,69,0.917605,0.2734
13162000,6584.429318,1211,74,0.837393,0.3125
13164000,6531.308559,1226,57,0.826637,0.3125
13166000,6543.210835,1225,51,0.830246,0.3047
13168000,6734.512883,1247,49,0.831821,0.3203
13170000,7132.594007,1232,56,0.937704,0.2344
13172000,7137.023340,1215,70,0.938736,0.2578
13174000,7151.516396,1248,49,0.940433,0.2344
13176000,6889.787710,1218,76,0.911489,0.3125
13178000,7087.464691,1229,52,0.934552,0.2812
13180000,6908.859518,1232,68,0.858799,0.3359
13182000,7215.096427,1220,73,0.933030,0.2891
13184000,7278.587655,1224,87,0.936098,0.3047
13186000,7171.894255,1237,69,0.923365,0.2734
13188000,7109.126607,1226,71,0.938212,0.2656
13190000,7183.590220,1230,73,0.945843,0.3281
13192000,6871.394748,1228,62,0.824189,0.2578
13194000,7191.331951,1228,53,0.942688,0.3125
13196000,6974.276151,1234,56,0.914787,0.3359
13198000,6430.088198,1228,70,0.947256,0.2891
13200000,6625.237336,1217,67,0.804516,0.3281
13202000,7210.445639,1228,69,0.961274,0.2188
13204000,7048.965115,1202,80,0.980129,0.3047
13206000,7138.760355,1179,97,0.975299,0.2969
13208000,6925.028488,1196,86,0.966786,0.2969
13210000,7065.717299,1202,71,0.978852,0.3516
13212000,7144.386815,1213,65,0.974611,0.3516
13214000,7124.615255,1196,79,0.963054,0.2734
13216000,7204.640091,1199,66,0.979447,0.3516
13218000,7066.534827,1202,77,0.910722,0.3750
13220000,7202.391848,1236,67,0.974517,0.2969
13222000,6958.851534,1237,58,0.948421,0.2578
13224000,6811.490375,1228,70,0.939706,0.2891
13226000,6735.813215,1193,75,0.938303,0.2500
13228000,6625.946960,1217,62,0.977869,0.2734
13230000,6689.762207,1215,67,0.973859,0.2891
13232000,6538.883559,1232,61,0.909801,0.3359
13234000,6696.577259,1236,60,0.901389,0.2578
13236000,6926.478227,1239,63,0.938751,0.3203
13238000,7002.936455,1247,64,0.956363,0.2656
13240000,6849.884531,1232,63,0.955920,0.2266
13242000,6993.303420,1214,71,0.953240,0.3438
13244000,7089.050352,1212,62,0.953190,0.2969
13246000,7154.015275,1187,92,0.948375,0.3281
13248000,6615.957907,1216,81,0.905407,0.1953
13250000,6688.430364,1219,78,0.896771,0.2734
13252000,6807.695275,1235,67,0.961569,0.2891
13254000,7253.505051,1218,77,0.974833,0.3906
13256000,7119.238143,1227,62,0.941335,0.3203
13258000,6980.054744,1220,81,0.948446,0.2812
13260000,7159.041579,1209,69,0.921656,0.3047
13262000,7029.773055,1212,65,0.961739,0.2891
13264000,6997.444270,1194,83,0.959875,0.3359
13266000,6939.706167,1232,67,0.960222,0.3125
13268000,7164.575580,1228,69,0.960342,0.2500
13270000,6883.435919,1225,52,0.949991,0.3281
13272000,7108.536376,1228,56,0.974811,0.2109
13274000,7049.500599,1228,53,0.965671,0.2734
13276000,7019.517219,1204,69,0.950417,0.2812
13278000,7171.820551,1221,65,0.973653,0.2578
13280000,7195.803864,1208,66,0.973193,0.3047
13282000,7296.033223,1207,69,0.975485,0.2500
13284000,7265.853379,1207,70,0.974995,0.3516
13286000,7266.867911,1210,85,0.970526,0.2578
13288000,7365.547404,1231,73,0.965313,0.2500
13290000,7569.470191,1216,86,0.964897,0.3047
13292000,7855.730959,1216,90,0.960897,0.3359
13294000,7094.415660,1225,77,0.926602,0.3359
13296000,7801.765000,1228,84,0.956253,0.3125
13298000,7811.195715,1213,78,0.957674,0.2656
13300000,7976.245654,1248,66,0.969958,0.2812
13302000,7816.141411,1233,65,0.957880,0.2812
13304000,7900.202534,1221,74,0.964774,0.2969
13306000,8038.039499,1238,58,0.972520,0.2500
13308000,8048.539639,1226,78,0.972905,0.3984
13310000,8118.553966,1225,72,0.966163,0.2656
13312000,8050.124823,1225,62,0.965593,0.3281
13314000,7229.913180,1217,76,0.922285,0.2812
13316000,7352.989855,1218,79,0.925932,0.2578
13318000,7472.569558,1214,77,0.942518,0.2812
13320000,7171.638396,1221,78,0.912277,0.2578
13322000,7418.733467,1259,70,0.975962,0.2656
13324000,7578.969675,1254,57,0.979086,0.2734
13326000,6779.925679,1230,61,0.930938,0.2266
13328000,6716.459406,1228,67,0.932020,0.3359
13330000,6467.256408,1201,91,0.796707,0.2734
13332000,6626.002326,1229,80,0.856246,0.2266
13334000,6662.769495,1232,62,0.908294,0.2500
13336000,6849.172288,1210,78,0.959927,0.2656
13338000,7107.978771,1231,71,0.967025,0.2734
13340000,7110.830472,1237,59,0.936259,0.2578
13342000,7462.891912,1236,68,0.909709,0.2656
13344000,7843.530440,1233,64,0.960682,0.2969
13346000,7573.668764,1222,79,0.966831,0.3438
13348000,7335.785891,1234,78,0.961929,0.2656
13350000,7957.794568,1213,60,0.966334,0.2891
13352000,8168.173671,1220,63,0.955369,0.3594
13354000,7980.743336,1218,75,0.944726,0.2969
13356000,7930.318191,1210,81,0.945464,0.2500
13358000,7989.275775,1202,74,0.946105,0.2266
13360000,7851.608856,1180,82,0.956864,0.3359
13362000,7584.049479,1197,82,0.928125,0.2578
13364000,7607.324883,1195,69,0.928205,0.2734
13366000,8071.605083,1196,59,0.945778,0.3359
13368000,8171.588460,1194,66,0.965675,0.2344
13370000,7889.202924,1210,70,0.968103,0.2969
13372000,7424.333755,1207,75,0.891880,0.2812
13374000,8102.574310,1213,71,0.973666,0.3203
13376000,8083.700750,1225,71,0.971713,0.2656
13378000,8207.683822,1227,59,0.973037,0.2891
13380000,8066.975564,1234,64,0.971230,0.2578
13382000,8162.983719,1207,72,0.974986,0.2734
13384000,8051.902246,1204,76,0.982393,0.2812
13386000,7543.722995,1218,73,0.948247,0.2812
13388000,7777.874844,1249,51,0.935099,0.3125
13390000,8713.174476,1235,59,0.961530,0.2500
13392000,8652.577000,1240,52,0.957644,0.3125
13394000,8785.601006,1228,61,0.969507,0.2969
13396000,8784.409486,1223,70,0.948702,0.3125
13398000,8836.787888,1203,73,0.948761,0.2422
13400000,8472.887759,1208,71,0.930556,0.3203
13402000,8947.741948,1212,70,0.955226,0.2500
13404000,8707.695072,1241,44,0.967773,0.2109
13406000,8417.801515,1213,62,0.958713,0.2734
13408000,8627.507087,1220,58,0.962570,0.2734
13410000,8006.535270,1211,69,0.937088,0.2891
13412000,8222.163263,1228,66,0.941494,0.3281
13414000,9089.340471,1239,63,0.974538,0.2812
13416000,9321.485871,1251,54,0.975668,0.2422
13418000,9349.017935,1252,65,0.977906,0.2656
13420000,8931.544979,1249,74,0.969887,0.3125
13422000,8533.890486,1250,71,0.891976,0.2422
13424000,8376.898758,1238,64,0.923238,0.2344
13426000,8574.676815,1217,80,0.970015,0.2969
13428000,8823.395404,1225,74,0.974473,0.2422
13430000,8925.966646,1223,68,0.974311,0.2422
13432000,8759.105255,1218,80,0.948549,0.3984
13434000,8835.460094,1220,79,0.975625,0.2734
13436000,8853.345574,1258,64,0.974235,0.2266
13438000,9247.835795,1249,73,0.983907,0.2812
13440000,8802.079859,1251,66,0.937822,0.2891
13442000,9591.340915,1243,67,0.951430,0.3125
13444000,9187.321487,1256,63,0.951898,0.2188
13446000,9094.551387,1278,52,0.959723,0.2578
13448000,9124.558267,1274,52,0.952701,0.2891
13450000,9007.762870,1269,59,0.953795,0.2578
13452000,8766.335742,1246,58,0.945214,0.2734
13454000,8949.454695,1225,56,0.946855,0.2812
13456000,8473.760279,1222,71,0.915495,0.2031
13458000,8132.112147,1213,77,0.940466,0.2266
13460000,8506.049096,1238,66,0.943125,0.3047
13462000,8475.331935,1254,56,0.935205,0.3047
13464000,8262.237038,1251,59,0.965372,0.3125
13466000,8364.128335,1259,63,0.967932,0.1953
13468000,8408.154662,1255,67,0.961750,0.2891
13470000,8179.456856,1263,53,0.920855,0.2578
13472000,8493.956955,1263,57,0.946516,0.2891
13474000,8215.918743,1248,58,0.954733,0.2344
13476000,8051.826375,1231,57,0.955981,0.2734
13478000,7906.996447,1248,57,0.938680,0.2422
13480000,8148.510918,1252,57,0.949511,0.2812
13482000,8179.573631,1272,56,0.946891,0.2578
13484000,8469.253347,1268,52,0.956742,0.2734
13486000,8226.147294,1234,69,0.959694,0.2969
13488000,8440.326432,1234,70,0.950688,0.3203
13490000,8533.979435,1238,66,0.949991,0.2266
13492000,8432.667958,1243,56,0.953311,0.2188
13494000,8077.388046,1231,76,0.946073,0.3906
13496000,7917.760971,1259,61,0.945821,0.2109
13498000,8172.961660,1247,70,0.922254,0.2656
13500000,7658.318883,1255,66,0.860954,0.2109
13502000,7636.881851,1237,68,0.942423,0.2422
13504000,7867.615294,1253,73,0.951113,0.3359
13506000,7802.756323,1243,74,0.956464,0.2578
13508000,7596.846551,1238,66,0.959195,0.2500
13510000,7259.153475,1225,65,0.944210,0.2656
13512000,7214.935615,1243,60,0.897853,0.2969
13514000,7801.672451,1265,57,0.964169,0.2266
13516000,7816.217839,1260,59,0.965657,0.3359
13518000,6968.984990,1229,73,0.929368,0.3594
13520000,6720.556251,1235,78,0.937945,0.3047
13522000,6851.389455,1247,75,0.899820,0.3203
13524000,6929.667195,1262,62,0.907217,0.2344
13526000,6631.244979,1254,63,0.908434,0.2344
13528000,6682.975071,1248,67,0.925426,0.2891
13530000,6558.710232,1255,49,0.934210,0.2266
13532000,6506.773371,1261,60,0.948039,0.2578
13534000,6521.906924,1255,73,0.958998,0.2891
13536000,6642.990672,1244,72,0.962827,0.3359
13538000,6736.199214,1227,74,0.941291,0.3594
13540000,6762.483687,1227,77,0.942054,0.3438
13542000,6935.293692,1222,76,0.972803,0.2734
13544000,6577.454435,1227,78,0.971604,0.3281
13546000,6933.576710,1228,60,0.974869,0.2734
13548000,6848.667035,1213,80,0.973560,0.3438
13550000,6770.037262,1220,71,0.974207,0.2500
13552000,6701.825735,1211,73,0.975463,0.3047
13554000,6639.420415,1214,73,0.960478,0.2812
13556000,6649.505430,1219,71,0.961044,0.3203
13558000,6563.080430,1218,66,0.960601,0.3281
13560000,7003.726667,1208,77,0.977823,0.3047
13562000,7030.647807,1232,76,0.976621,0.2422
13564000,6995.868240,1218,62,0.979638,0.2109
13566000,7045.303948,1220,71,0.977023,0.2188
13568000,7089.960870,1210,77,0.976812,0.2031
13570000,7118.646248,1205,96,0.979852,0.3203
13572000,6871.938191,1237,81,0.962166,0.2969
13574000,7085.198150,1242,67,0.975361,0.2188
13576000,6957.932398,1257,66,0.977395,0.2266
13578000,7041.372614,1239,69,0.981751,0.2891
13580000,7270.970531,1250,64,0.981786,0.2266
13582000,7625.004675,1247,64,0.987386,0.2812
13584000,7541.195367,1272,56,0.977993,0.2266
13586000,7923.487239,1266,59,0.985485,0.2500
13588000,7812.127000,1251,71,0.985177,0.2500
13590000,7809.245283,1266,54,0.985410,0.2969
13592000,7571.256940,1266,55,0.966912,0.3516
13594000,7621.028044,1262,55,0.973545,0.2500
13596000,7555.097072,1233,56,0.955149,0.3125
13598000,7848.654911,1230,65,0.977750,0.2734
13600000,7626.279566,1232,57,0.982920,0.2969
13602000,7265.714835,1212,73,0.979852,0.2734
13604000,7594.002715,1219,73,0.980248,0.3047
13606000,7642.196643,1227,77,0.979565,0.2578
13608000,7491.457471,1216,78,0.971485,0.2734
13610000,7476.482983,1237,68,0.964101,0.2344
13612000,7288.020444,1258,50,0.944336,0.3047
13614000,7173.748944,1252,61,0.944729,0.1953
13616000,7141.979723,1247,65,0.972333,0.2734
13618000,7329.742926,1243,69,0.972704,0.2656
13620000,7502.582972,1246,61,0.971083,0.2578
13622000,7253.110955,1244,68,0.957767,0.3125
13624000,7350.018915,1268,57,0.973078,0.3125
13626000,7560.427020,1247,58,0.975183,0.2344
13628000,7564.219132,1229,59,0.974617,0.2656
13630000,7702.951955,1227,64,0.974692,0.2812
13632000,7619.523676,1249,58,0.961792,0.2109
13634000,7618.865035,1251,57,0.963417,0.2734
13636000,7469.484588,1240,59,0.959397,0.2969
13638000,7231.846171,1224,56,0.955821,0.2656
13640000,7402.171084,1218,63,0.971077,0.3359
13642000,7517.284455,1219,65,0.977020,0.3594
13644000,7379.707016,1225,67,0.963738,0.3203
13646000,7403.647486,1238,57,0.959401,0.2891
13648000,7631.884316,1227,67,0.957149,0.1953
13650000,7569.216470,1227,80,0.944810,0.2891
13652000,7716.369760,1236,57,0.947808,0.2500
13654000,7601.948235,1202,71,0.946550,0.2188
13656000,7192.763215,1214,75,0.940585,0.1953
13658000,7265.531180,1213,82,0.944839,0.3750
13660000,7183.961043,1208,56,0.946728,0.3125
13662000,7394.283495,1192,75,0.947434,0.3125
13664000,7389.783094,1226,70,0.949832,0.2969
13666000,7325.133262,1228,86,0.913729,0.3125
13668000,6995.419595,1220,75,0.928642,0.2812
13670000,7011.850888,1215,72,0.961062,0.3203
13672000,7089.507407,1227,58,0.959480,0.2891
13674000,6977.347555,1199,80,0.958036,0.3984
13676000,6988.933500,1193,71,0.966279,0.2812
13678000,6973.723020,1205,71,0.962764,0.2578
13680000,7118.527863,1192,68,0.976326,0.3203
13682000,7109.427663,1163,88,0.985948,0.2891
13684000,7203.359720,1167,79,0.979897,0.3047
13686000,7241.724592,1193,69,0.985716,0.3047
13688000,6442.920935,1194,66,0.946152,0.3047
13690000,6551.623855,1208,62,0.948119,0.3359
13692000,6692.050540,1219,59,0.978414,0.2422
13694000,6928.360428,1198,67,0.973901,0.3047
13696000,6795.675835,1190,79,0.964566,0.3984
13698000,6953.223019,1187,77,0.955977,0.3281
13700000,6961.326183,1166,81,0.944873,0.3281
13702000,7291.635630,1191,74,0.974566,0.2344
13704000,6954.440462,1199,65,0.965349,0.3203
13706000,6726.403438,1195,69,0.931447,0.2266
13708000,6672.086531,1195,77,0.949641,0.2969
13710000,7134.440254,1195,72,0.978617,0.2812
13712000,7324.114848,1184,72,0.978642,0.3203
13714000,7287.408139,1181,73,0.978119,0.3281
13716000,7047.187094,1177,81,0.967611,0.3281
13718000,7027.399803,1206,66,0.958817,0.3203
13720000,6840.414635,1206,71,0.957757,0.2969
13722000,6772.197675,1208,67,0.958807,0.2891
13724000,6742.380707,1182,74,0.935347,0.3047
13726000,6749.933040,1199,65,0.958544,0.2812
13728000,6975.738120,1205,77,0.957297,0.2969
13730000,6854.139356,1193,67,0.978428,0.3516
13732000,6896.713036,1178,82,0.977359,0.2578
13734000,6892.242398,1185,80,0.952404,0.2344
13736000,7065.256206,1217,75,0.953365,0.3281
13738000,7053.144715,1193,80,0.954615,0.3359
13740000,7245.261104,1199,74,0.973776,0.2891
13742000,7703.193910,1194,82,0.976109,0.3516
13744000,8009.035415,1204,82,0.975828,0.2734
13746000,7789.178750,1211,78,0.916981,0.2109
13748000,7630.322583,1243,70,0.960525,0.2734
13750000,7467.116935,1229,72,0.958809,0.3281
13752000,7614.732975,1246,62,0.955061,0.2578
13754000,7503.747999,1250,53,0.952390,0.3828
13756000,7329.153192,1248,64,0.945632,0.2656
13758000,7002.085180,1223,74,0.956078,0.3516
13760000,6869.252663,1242,60,0.928787,0.3594
13762000,6564.097155,1242,55,0.939957,0.2344
13764000,6423.825275,1260,52,0.940382,0.2891
13766000,6637.968598,1252,61,0.962291,0.3281
13768000,6615.432695,1214,66,0.965577,0.4062
13770000,6620.580280,1201,87,0.947793,0.2500
13772000,6662.451110,1207,77,0.933518,0.3203
13774000,6578.464358,1222,78,0.940142,0.2188
13776000,6442.006942,1247,64,0.917221,0.3750
13778000,6555.782854,1220,76,0.931101,0.2266
13780000,6497.865280,1220,66,0.931867,0.3203
13782000,6435.484435,1203,68,0.941981,0.3047
13784000,6222.072739,1193,67,0.919669,0.3125
13786000,6217.565875,1207,72,0.867153,0.2656
13788000,6229.123326,1203,81,0.887607,0.2969
13790000,6375.701868,1231,60,0.946843,0.2500
13792000,6304.442899,1211,68,0.947671,0.2812
13794000,6460.102479,1199,80,0.937780,0.2812
13796000,6324.862782,1190,78,0.915821,0.2812
13798000,6393.147366,1187,81,0.953776,0.3672
13800000,6404.590507,1206,63,0.929668,0.2891
13802000,6662.723276,1210,68,0.970941,0.2109
13804000,6672.389550,1238,46,0.970369,0.1875
13806000,6600.479494,1226,71,0.960951,0.2578
13808000,6844.056635,1239,56,0.981782,0.3047
13810000,6820.877175,1231,62,0.973670,0.2734
13812000,6824.983260,1213,62,0.957290,0.3516
13814000,6666.604380,1222,63,0.970415,0.2734
13816000,6856.339998,1216,68,0.980767,0.3281
13818000,6716.816855,1222,55,0.978637,0.2500
13820000,6482.682551,1196,64,0.945040,0.2656
13822000,6319.901335,1188,64,0.931753,0.1875
13824000,6263.049350,1207,77,0.942436,0.3125
13826000,6250.110659,1220,61,0.934401,0.3047
13828000,6839.073783,1223,63,0.953050,0.3047
13830000,6790.008064,1206,65,0.953192,0.2656
13832000,6825.024008,1204,80,0.954286,0.3047
13834000,6725.661110,1195,73,0.941138,0.2969
13836000,6810.114940,1208,73,0.943198,0.2422
13838000,6898.117020,1208,67,0.940871,0.2031
13840000,6745.341120,1208,75,0.954370,0.3750
13842000,6554.387014,1211,74,0.953724,0.2344
13844000,6880.087030,1196,70,0.968495,0.2812
13846000,6771.297023,1211,69,0.958155,0.2422
13848000,6771.445699,1196,71,0.966473,0.2969
13850000,6703.809783,1195,72,0.949475,0.2891
13852000,6718.028406,1209,79,0.947594,0.2812
13854000,6726.051846,1213,75,0.947397,0.3359
13856000,6669.478603,1216,70,0.967202,0.2891
13858000,6761.948268,1211,65,0.971593,0.2422
13860000,6608.307075,1210,69,0.960155,0.3438
13862000,6531.254910,1165,81,0.952340,0.3125
13864000,6565.301904,1177,94,0.961254,0.3828
13866000,6544.024976,1205,71,0.953343,0.2812
13868000,6604.155072,1201,55,0.957506,0.2734
13870000,6846.428975,1218,57,0.936651,0.2422
13872000,6537.538435,1249,57,0.901112,0.2500
13874000,6208.038654,1240,64,0.892259,0.2578
13876000,6567.659147,1226,57,0.942881,0.2734
13878000,6387.061027,1247,58,0.959172,0.2500
13880000,6421.623803,1246,57,0.947767,0.2656
13882000,6164.714974,1248,59,0.939712,0.2266
13884000,6118.320127,1229,59,0.864145,0.2500
13886000,6715.229515,1222,70,0.971355,0.2734
13888000,6494.382952,1236,74,0.954221,0.3359
13890000,6373.532508,1229,91,0.945283,0.3203
13892000,6710.752030,1224,77,0.958565,0.3125
13894000,6150.121255,1207,70,0.907202,0.2891
13896000,6264.400662,1226,72,0.922486,0.2656
13898000,6195.720451,1245,60,0.882098,0.2188
13900000,6184.430795,1249,57,0.920893,0.2344
13902000,5557.083895,1236,60,0.908173,0.2578
13904000,5546.658127,1236,70,0.911894,0.2422
13906000,5903.858508,1230,69,0.924936,0.2812
13908000,5486.678759,1252,57,0.843454,0.3750
13910000,5659.964523,1237,62,0.912947,0.3047
13912000,5634.830262,1239,63,0.923653,0.2656
13914000,5872.060731,1226,64,0.933639,0.2578
13916000,6159.223875,1227,61,0.953017,0.2969
13918000,7019.037783,1222,72,0.965162,0.3047
13920000,6957.862460,1226,62,0.963312,0.2578
13922000,6907.555920,1228,75,0.962620,0.2578
13924000,7008.826411,1221,71,0.958042,0.2969
13926000,7034.441998,1233,69,0.959068,0.2734
13928000,7048.469835,1233,65,0.959984,0.3125
13930000,7038.881743,1233,62,0.974405,0.2734
13932000,6987.936863,1243,66,0.972406,0.3359
13934000,7089.361063,1248,57,0.972646,0.2109
13936000,6607.797823,1243,65,0.945214,0.2734
13938000,6770.013763,1239,63,0.941998,0.2109
13940000,7297.544287,1211,67,0.977743,0.2578
13942000,7267.823595,1227,72,0.971061,0.2344
13944000,7448.490939,1209,69,0.944985,0.2422
13946000,7503.441439,1204,72,0.976507,0.2812
13948000,7428.163215,1211,78,0.976438,0.2188
13950000,6931.128744,1209,61,0.969598,0.2891
13952000,6875.477915,1218,72,0.965573,0.2422
13954000,7230.260166,1204,68,0.939774,0.2891
13956000,7450.005355,1208,71,0.966430,0.3438
13958000,7540.492143,1198,64,0.964426,0.2422
13960000,7527.534030,1196,77,0.950216,0.3125
13962000,7665.165815,1214,60,0.947326,0.3047
13964000,7613.400915,1210,70,0.964196,0.3203
13966000,7033.468972,1226,65,0.963875,0.3438
13968000,6925.898796,1206,86,0.968353,0.3281
13970000,7129.688076,1221,70,0.974123,0.2734
13972000,7199.619710,1218,71,0.975158,0.3672
13974000,7221.320764,1236,71,0.977349,0.2812
13976000,6974.880059,1223,71,0.952115,0.2422
13978000,7112.630823,1233,67,0.951878,0.2734
13980000,7061.305851,1212,71,0.962165,0.3047
13982000,6982.856510,1207,73,0.970184,0.2891
13984000,7213.387990,1208,81,0.976945,0.2812
13986000,7228.962135,1204,83,0.964311,0.2812
13988000,6863.127328,1207,65,0.955357,0.3125
13990000,6937.248256,1220,50,0.968803,0.2578
13992000,7425.322940,1237,59,0.938815,0.2500
13994000,7840.788022,1214,77,0.968192,0.2656
13996000,7858.401455,1208,76,0.959332,0.3828
13998000,7613.699351,1225,59,0.927841,0.2188
14000000,7456.336103,1236,58,0.967767,0.3047
14002000,7426.516736,1242,57,0.964683,0.2734
14004000,7297.905128,1234,59,0.967123,0.3047
14006000,6917.467135,1211,69,0.963492,0.2734
14008000,7081.531230,1210,65,0.977060,0.2891
14010000,7045.351310,1208,70,0.966438,0.3125
14012000,6779.355420,1212,71,0.969000,0.2578
14014000,6531.367590,1221,72,0.952270,0.2656
14016000,6975.848316,1200,78,0.953444,0.3125
14018000,7383.723486,1208,65,0.976433,0.2578
14020000,7358.234095,1206,77,0.978812,0.2891
14022000,7378.810952,1215,69,0.971680,0.3203
14024000,7230.914355,1190,81,0.977522,0.3281
14026000,7032.326070,1196,75,0.971656,0.3047
14028000,7059.516998,1193,72,0.967522,0.2734
14030000,7296.239195,1204,77,0.987119,0.3281
14032000,7167.542935,1232,53,0.971957,0.2891
14034000,7038.862699,1226,56,0.972348,0.2578
14036000,6890.217832,1184,78,0.963818,0.3594
14038000,6848.734483,1200,74,0.935854,0.3047
14040000,6918.355175,1180,78,0.983607,0.3438
14042000,6969.663560,1197,72,0.965495,0.3359
14044000,7024.056568,1195,81,0.966495,0.2812
14046000,6800.975119,1182,85,0.984274,0.3438
14048000,6883.371862,1189,95,0.983635,0.2266
14050000,7136.058654,1211,67,0.985044,0.3047
14052000,7366.555022,1219,67,0.977016,0.2812
14054000,7349.697383,1232,67,0.983396,0.2656
14056000,7468.212743,1208,81,0.983431,0.2734
14058000,7382.921299,1207,79,0.983748,0.2266
14060000,7316.538463,1228,57,0.981581,0.2812
14062000,7409.917750,1222,61,0.983159,0.2578
14064000,7369.922886,1202,78,0.983814,0.2891
14066000,7395.774371,1214,73,0.977494,0.2812
14068000,7559.862367,1210,89,0.979112,0.2578
14070000,7479.099532,1205,77,0.984822,0.2656
14072000,7419.367100,1208,72,0.985449,0.3203
14074000,7400.539960,1221,71,0.986907,0.3203
14076000,7364.594579,1206,70,0.984193,0.2656
14078000,7348.403910,1204,74,0.984930,0.2422
14080000,7532.699467,1215,64,0.982479,0.2188
14082000,7443.670054,1224,57,0.982517,0.2891
14084000,7497.584822,1228,55,0.962230,0.2500
14086000,7682.752695,1225,55,0.959734,0.1719
14088000,7743.454470,1214,75,0.987682,0.2656
14090000,7754.684702,1204,89,0.980177,0.3906
14092000,7661.507195,1212,64,0.976457,0.3516
14094000,7729.351292,1224,66,0.983630,0.3438
14096000,7902.676620,1225,74,0.980093,0.2422
14098000,7821.023343,1225,75,0.980360,0.3047
14100000,7922.362540,1203,73,0.979923,0.2422
14102000,7640.362720,1213,73,0.976825,0.3125
14104000,7759.451384,1195,74,0.977720,0.2969
14106000,7406.225198,1197,75,0.970140,0.2969
14108000,7483.637191,1188,87,0.926680,0.3203
14110000,7641.700246,1196,75,0.970406,0.2109
14112000,7533.090248,1206,62,0.924911,0.2344
14114000,7662.284351,1221,70,0.975071,0.2969
14116000,7580.988060,1210,78,0.951372,0.2656
14118000,7370.348859,1200,76,0.929452,0.2656
14120000,6790.885560,1218,71,0.927938,0.2500
14122000,6721.379639,1209,76,0.927743,0.3672
14124000,6625.218668,1203,71,0.935825,0.2266
14126000,7420.910023,1213,68,0.977208,0.3438
14128000,7095.579756,1210,74,0.953250,0.2578
14130000,7441.828071,1223,82,0.978325,0.2812
14132000,7542.177030,1251,62,0.970256,0.2344
14134000,7518.516600,1262,52,0.979166,0.3047
14136000,7361.533435,1256,53,0.975661,0.2422
14138000,7339.892875,1255,56,0.968468,0.2422
14140000,7180.106664,1233,55,0.971870,0.3047
14142000,7155.813567,1225,72,0.959851,0.3438
14144000,6888.258291,1227,64,0.963161,0.2812
14146000,6984.535532,1211,68,0.969398,0.2266
14148000,6926.296480,1222,76,0.957039,0.2969
14150000,7050.861655,1198,75,0.958897,0.2812
14152000,7028.922447,1210,73,0.877928,0.3359
14154000,7160.151388,1226,62,0.973624,0.2891
14156000,6884.052735,1203,78,0.969620,0.3516
14158000,7439.754588,1192,80,0.957135,0.2188
14160000,7329.868815,1223,62,0.936633,0.2344
14162000,7320.024283,1243,57,0.978794,0.2109
14164000,7576.006755,1236,68,0.961000,0.2812
14166000,7451.472983,1233,71,0.982587,0.3750
14168000,7569.388860,1235,71,0.970300,0.2656
14170000,7908.226376,1197,75,0.963596,0.3594
14172000,7798.595430,1202,80,0.981147,0.3672
14174000,7543.994662,1221,67,0.969417,0.2344
14176000,7646.620758,1207,82,0.967532,0.2891
14178000,7752.271676,1209,72,0.948747,0.2656
14180000,7851.825384,1211,75,0.952603,0.2266
14182000,7759.187644,1210,76,0.944559,0.3203
14184000,7842.881870,1209,70,0.977946,0.3359
14186000,7839.401815,1196,76,0.980677,0.3516
14188000,7991.577134,1212,66,0.966390,0.3203
14190000,7980.570542,1220,75,0.974233,0.2656
14192000,8124.162652,1222,79,0.978182,0.2812
14194000,8224.260695,1198,94,0.983706,0.3516
14196000,8222.372331,1239,63,0.966313,0.2891
14198000,8153.533302,1239,70,0.970340,0.2656
14200000,8427.756606,1218,64,0.972220,0.3203
14202000,8465.551176,1217,69,0.981741,0.3125
14204000,8366.404400,1219,68,0.960701,0.2344
14206000,8220.901580,1203,67,0.938735,0.2266
14208000,8147.569643,1193,82,0.936003,0.2812
14210000,6793.520831,1196,78,0.892400,0.3750
14212000,6769.855278,1187,71,0.876983,0.3438
14214000,7768.025900,1197,80,0.936595,0.3359
14216000,7569.393808,1203,70,0.936902,0.3438
14218000,7571.534831,1190,76,0.950325,0.2891
14220000,7550.167110,1204,67,0.939085,0.2656
14222000,7824.270844,1229,63,0.967530,0.2812
14224000,7744.417318,1213,74,0.976887,0.2891
14226000,8123.530283,1228,65,0.978491,0.2188
14228000,7905.395516,1226,69,0.975255,0.3047
14230000,8274.174230,1225,57,0.973371,0.2969
14232000,8319.240995,1215,76,0.962855,0.2500
14234000,8272.066024,1248,55,0.961063,0.2891
14236000,8392.807750,1218,69,0.982572,0.3281
14238000,8139.301944,1212,76,0.953800,0.3125
14240000,8297.141800,1214,72,0.976877,0.3047
14242000,8250.664895,1209,83,0.974278,0.3203
14244000,8239.079132,1193,80,0.967260,0.3672
14246000,8324.528775,1207,72,0.980178,0.2891
14248000,8310.967439,1187,90,0.977216,0.3281
14250000,8022.595360,1205,70,0.953669,0.2422
14252000,7936.226166,1219,76,0.958555,0.3047
14254000,7883.685263,1221,68,0.960732,0.2891
14256000,7956.558284,1210,65,0.954528,0.3438
14258000,8110.636739,1219,58,0.940139,0.2812
14260000,7812.069692,1221,66,0.958482,0.2812
14262000,7563.837920,1227,72,0.940401,0.3516
14264000,7660.332235,1239,63,0.957776,0.2344
14266000,7964.979027,1225,67,0.985469,0.2109
14268000,7897.543323,1215,70,0.986014,0.3750
14270000,7896.486499,1218,73,0.985635,0.3203
14272000,7761.398375,1232,58,0.983866,0.2891
14274000,7555.428079,1200,74,0.982624,0.3594
14276000,7570.216460,1193,73,0.980276,0.3750
14278000,7451.530406,1193,81,0.975971,0.3359
14280000,7397.170379,1183,73,0.975399,0.3047
14282000,7529.871559,1195,65,0.975442,0.3203
14284000,7175.249791,1197,82,0.970733,0.3516
14286000,7374.912806,1202,77,0.974971,0.3047
14288000,7286.696387,1180,90,0.979764,0.3359
14290000,6950.612830,1217,80,0.979428,0.2578
14292000,6696.609390,1220,65,0.962896,0.2812
14294000,6389.588038,1231,60,0.945842,0.2266
14296000,6369.923278,1207,74,0.928078,0.2891
14298000,6436.741039,1214,73,0.930153,0.2812
14300000,6480.848487,1219,69,0.955218,0.3750
14302000,6686.604815,1207,68,0.972192,0.2422
14304000,6455.802243,1217,63,0.930855,0.3047
14306000,6417.276700,1213,79,0.946242,0.2344
14308000,6493.561228,1222,68,0.971280,0.2266
14310000,6594.022827,1218,68,0.967458,0.3906
14312000,6534.004086,1200,73,0.954640,0.3359
14314000,6587.700024,1194,88,0.960514,0.3125
14316000,6735.790598,1228,66,0.961614,0.2969
14318000,6794.906486,1225,68,0.963588,0.2969
14320000,6759.994899,1221,76,0.963943,0.2734
14322000,6558.646912,1260,53,0.944376,0.2500
14324000,6588.791175,1239,57,0.946412,0.2344
14326000,6430.025440,1222,60,0.946435,0.2656
14328000,6436.590040,1231,65,0.946722,0.2266
14330000,6617.687868,1234,61,0.946997,0.2500
14332000,6855.479400,1210,69,0.978895,0.3594
14334000,6834.790319,1228,69,0.977604,0.2656
14336000,6788.932686,1222,69,0.978293,0.2500
14338000,6920.900131,1218,65,0.978903,0.3359
14340000,6772.921231,1201,65,0.978765,0.2891
14342000,6504.055343,1221,69,0.932210,0.2266
14344000,6599.692046,1183,79,0.970035,0.3125
14346000,6462.206728,1218,69,0.970318,0.2188
14348000,6218.577887,1212,68,0.956200,0.2500
14350000,6290.408215,1215,66,0.924152,0.3281
14352000,6182.291195,1233,65,0.906679,0.2656
14354000,6202.205643,1216,60,0.853056,0.2578
14356000,6791.298550,1224,57,0.958416,0.2969
14358000,6365.374966,1204,71,0.889723,0.3125
14360000,6749.018838,1187,77,0.936719,0.2969
14362000,6737.500712,1203,67,0.936194,0.2422
14364000,6441.916355,1222,62,0.932803,0.2500
14366000,6388.489975,1234,60,0.916929,0.2188
14368000,5711.529335,1216,67,0.867303,0.3359
14370000,5605.678374,1252,62,0.930035,0.2812
14372000,5617.405260,1260,58,0.952731,0.2578
14374000,5410.781875,1254,56,0.932061,0.2109
14376000,5629.966547,1231,73,0.954326,0.3203
14378000,5509.699230,1226,67,0.952714,0.2656
14380000,5376.891900,1243,59,0.919489,0.2891
14382000,5382.794995,1240,69,0.906378,0.3047
14384000,5694.909020,1218,86,0.950690,0.3047
14386000,5557.844023,1222,73,0.895822,0.2422
14388000,5900.380796,1218,68,0.950725,0.3281
14390000,6104.061160,1220,85,0.962336,0.2812
14392000,6141.052323,1220,70,0.962392,0.2812
14394000,6098.634807,1220,75,0.957701,0.3203
14396000,6204.102158,1224,75,0.957186,0.3047
14398000,5789.880494,1215,69,0.934192,0.2891
14400000,5795.807774,1209,68,0.942381,0.2656
14402000,5650.613895,1214,71,0.926694,0.3672
14404000,5731.136860,1210,85,0.940626,0.2891
14406000,5713.195983,1222,67,0.950059,0.2656
14408000,5627.728275,1239,58,0.927900,0.2812
14410000,5418.437884,1244,60,0.934354,0.2500
14412000,5373.055526,1236,63,0.951868,0.2812
14414000,5615.557366,1218,75,0.939789,0.2969
14416000,5754.461935,1243,63,0.938832,0.2812
14418000,5908.677644,1232,63,0.922298,0.2969
14420000,5836.018751,1220,77,0.925373,0.2812
14422000,5687.294987,1224,63,0.953394,0.3359
14424000,6043.774119,1207,72,0.947004,0.2266
14426000,5993.927815,1206,69,0.929210,0.3047
14428000,5842.429398,1195,73,0.969866,0.2734
14430000,5757.474291,1208,72,0.969705,0.2500
14432000,5520.966796,1218,66,0.951644,0.3125
14434000,5514.355651,1222,69,0.950724,0.2344
14436000,5330.330862,1221,67,0.949863,0.3281
14438000,5266.810063,1237,63,0.951680,0.2656
14440000,4466.771310,1251,58,0.928324,0.2031
14442000,4907.115171,1246,55,0.938738,0.2266
14444000,5221.142654,1226,66,0.943269,0.2500
14446000,5693.208463,1207,69,0.940500,0.2891
14448000,5713.413927,1187,86,0.950608,0.2734
14450000,5449.271974,1188,83,0.961839,0.3516
14452000,5400.583470,1191,80,0.961771,0.2031
14454000,5568.827030,1201,81,0.966772,0.2812
14456000,5357.663470,1214,75,0.964953,0.3047
14458000,4797.801694,1236,64,0.831059,0.2344
14460000,4764.016795,1203,82,0.923631,0.2969
14462000,4782.610631,1213,80,0.923201,0.2969
14464000,4726.417918,1231,60,0.877634,0.2031
14466000,4742.554275,1213,70,0.875941,0.2969
14468000,4979.925564,1197,71,0.900644,0.2656
14470000,5846.484534,1223,70,0.954842,0.3125
14472000,5737.515975,1235,74,0.931862,0.2812
14474000,5339.614718,1199,80,0.918419,0.2812
14476000,5336.183735,1191,77,0.921009,0.2266
14478000,5124.751590,1202,70,0.923942,0.2969
14480000,5144.524227,1216,74,0.940961,0.2812
14482000,5078.728390,1188,83,0.926246,0.2656
14484000,5218.744783,1213,81,0.946439,0.2656
14486000,5170.646670,1229,67,0.909295,0.3359
14488000,5196.704455,1244,66,0.923563,0.2969
14490000,5441.202343,1233,64,0.941204,0.3359
14492000,5292.338135,1234,61,0.937731,0.3047
14494000,5354.348400,1219,68,0.957316,0.2891
14496000,5429.121735,1206,76,0.963006,0.3359
14498000,5360.292867,1203,84,0.971040,0.3672
14500000,5229.823510,1212,65,0.970859,0.3047
14502000,4515.681835,1229,57,0.813078,0.2734
14504000,4659.966992,1222,58,0.950658,0.2734
14506000,4688.549355,1216,61,0.958124,0.3125
14508000,4638.421836,1217,62,0.951375,0.2734
14510000,4850.711867,1225,67,0.959424,0.2500
14512000,4950.468735,1220,67,0.954572,0.3125
14514000,4364.916022,1232,62,0.874105,0.3359
14516000,4305.758807,1231,73,0.854092,0.3125
14518000,4908.022223,1206,74,0.950466,0.3047
14520000,4920.301231,1199,74,0.960780,0.2500
14522000,4950.608672,1198,75,0.960534,0.1953
14524000,5062.061616,1188,86,0.950124,0.3125
14526000,4988.048790,1178,75,0.920637,0.2266
14528000,4985.190343,1205,77,0.955527,0.2344
14530000,4869.976686,1218,66,0.933714,0.2500
14532000,4863.806919,1216,65,0.930799,0.3203
14534000,4797.549131,1227,68,0.930800,0.3281
14536000,4847.328862,1229,63,0.956816,0.3203
14538000,4745.012275,1245,61,0.928417,0.2656
14540000,4998.334672,1231,50,0.942347,0.2500
14542000,4917.421415,1247,61,0.926080,0.2422
14544000,4932.314624,1235,68,0.923031,0.3516
14546000,4146.056491,1228,76,0.910327,0.3203
14548000,3981.948515,1243,70,0.902613,0.3047
14550000,3530.821612,1248,65,0.703113,0.2734
14552000,3170.733324,1230,72,0.564367,0.2422
14554000,3112.563404,1229,67,0.558619,0.2422
14556000,3530.404832,1253,49,0.825798,0.2734
14558000,3808.711116,1244,56,0.927300,0.2344
14560000,3623.513887,1232,73,0.935332,0.3438
14562000,3690.398275,1211,66,0.917501,0.2578
14564000,3865.416175,1206,72,0.907795,0.3203
14566000,3993.320295,1222,71,0.926696,0.3750
14568000,4013.407976,1241,58,0.926434,0.3281
14570000,4009.803371,1214,75,0.910196,0.2812
14572000,3985.074158,1202,73,0.872581,0.2578
14574000,3990.262483,1185,84,0.858646,0.2891
14576000,3903.241038,1166,88,0.845153,0.3438
14578000,3562.885310,1180,82,0.891470,0.2656
14580000,3688.497791,1196,76,0.834821,0.3281
14582000,3833.913675,1192,85,0.778022,0.2578
14584000,3781.491055,1172,95,0.759166,0.3828
14586000,3862.614775,1191,83,0.873690,0.3047
14588000,3834.044014,1189,71,0.880858,0.2656
14590000,3708.724400,1175,85,0.909168,0.2578
14592000,3982.135719,1198,83,0.887184,0.2812
14594000,4087.544015,1221,71,0.892759,0.3047
14596000,4187.636380,1208,72,0.890180,0.1953
14598000,4989.767743,1219,71,0.894723,0.2422
14600000,4970.269527,1194,90,0.852067,0.2578
14602000,4982.762332,1214,70,0.805054,0.3047
14604000,4924.548012,1211,79,0.845942,0.3438
14606000,5202.850535,1200,85,0.942212,0.2969
14608000,5094.626326,1216,77,0.890178,0.2578
14610000,4972.093944,1204,76,0.883878,0.3203
14612000,4861.250327,1187,78,0.781911,0.3047
14614000,4781.222054,1192,77,0.783655,0.2578
14616000,4671.560511,1201,75,0.871211,0.3047
14618000,4663.324598,1201,66,0.945256,0.3359
14620000,4710.459843,1200,63,0.951627,0.2969
14622000,4651.164620,1214,70,0.952538,0.3047
14624000,4569.440171,1228,67,0.939994,0.2969
14626000,4547.182478,1234,61,0.949365,0.2656
14628000,4582.127080,1231,52,0.948614,0.3672
14630000,4495.989687,1234,61,0.868053,0.2656
14632000,4699.968519,1209,82,0.949230,0.2969
14634000,4700.245215,1235,67,0.950657,0.2578
14636000,4816.073835,1211,77,0.845439,0.3125
14638000,4818.156491,1231,73,0.860034,0.3047
14640000,4816.445728,1230,84,0.923383,0.2578
14642000,4132.525596,1209,81,0.942518,0.2891
14644000,3891.744875,1205,78,0.907207,0.2656
14646000,3832.690158,1216,78,0.901410,0.3125
14648000,3889.318070,1208,64,0.886457,0.3594
14650000,4064.204494,1220,68,0.831666,0.2969
14652000,4035.305340,1222,67,0.880188,0.2891
14654000,4315.147055,1217,75,0.891498,0.2578
14656000,4119.532012,1229,61,0.860739,0.3047
14658000,3968.640246,1217,69,0.844605,0.3516
14660000,4018.792814,1222,63,0.841103,0.2344
14662000,3695.481340,1232,59,0.842028,0.2969
14664000,3952.736112,1245,57,0.834057,0.2812
14666000,4213.684860,1225,67,0.853535,0.2734
14668000,4373.788988,1230,64,0.870166,0.2188
14670000,4348.370128,1244,70,0.873568,0.3281
14672000,4341.594807,1236,62,0.878659,0.2891
14674000,3702.066040,1216,65,0.836434,0.3047
14676000,4165.582126,1203,81,0.877849,0.2891
14678000,4459.840108,1208,67,0.914007,0.3359
14680000,4466.353384,1213,72,0.895468,0.3359
14682000,4385.440455,1215,59,0.896575,0.3203
14684000,3662.438707,1213,64,0.768599,0.3047
14686000,4420.671115,1218,70,0.897112,0.3203
14688000,4489.471031,1209,77,0.894642,0.2891
14690000,4320.409566,1201,67,0.899362,0.3125
14692000,4177.844990,1213,68,0.835111,0.2734
14694000,4592.342454,1217,72,0.923771,0.3281
14696000,4650.979875,1224,67,0.807418,0.3203
14698000,5538.099883,1227,63,0.941561,0.2422
14700000,5271.250870,1205,66,0.895737,0.2188
14702000,5184.800646,1184,65,0.900856,0.3672
14704000,4788.134675,1198,80,0.922212,0.2812
14706000,4826.773155,1220,60,0.928417,0.1875
14708000,4807.868371,1214,69,0.924536,0.3047
14710000,4718.157015,1230,58,0.918103,0.2969
14712000,4857.821123,1221,71,0.948055,0.4062
14714000,4948.645184,1224,63,0.943512,0.2656
14716000,4896.432924,1208,77,0.959212,0.2891
14718000,4914.970460,1206,78,0.960052,0.3516
14720000,4351.348347,1198,74,0.897513,0.3203
14722000,4196.551531,1205,61,0.867888,0.2812
14724000,4873.830758,1182,97,0.929374,0.2891
14726000,4717.040870,1200,76,0.877809,0.2656
14728000,4698.856236,1196,85,0.880037,0.3281
14730000,4736.279631,1209,72,0.881083,0.3203
14732000,4662.160136,1197,78,0.875087,0.3125
14734000,4818.922368,1189,86,0.882277,0.3516
14736000,4715.571750,1181,79,0.888071,0.3672
14738000,4771.717095,1204,83,0.886525,0.3203
14740000,4625.168748,1219,63,0.795838,0.3203
14742000,4781.700328,1218,62,0.945268,0.1797
14744000,4642.437091,1207,62,0.939070,0.3359
14746000,4874.349974,1212,80,0.931142,0.3203
14748000,4847.346579,1211,77,0.931930,0.2656
14750000,4616.840459,1217,69,0.926368,0.2891
14752000,4650.994871,1189,72,0.876463,0.1797
14754000,4815.324675,1181,91,0.939967,0.3594
14756000,4740.252839,1171,97,0.943426,0.2578
14758000,4799.870534,1177,83,0.963648,0.2344
14760000,4826.456726,1171,87,0.962223,0.2969
14762000,5006.477735,1166,80,0.953833,0.2969
14764000,5062.775846,1183,83,0.953500,0.3281
14766000,5039.084796,1195,81,0.959053,0.3359
14768000,4934.308851,1200,74,0.946964,0.2656
14770000,5049.978055,1207,63,0.938356,0.2891
14772000,4877.967827,1188,81,0.948434,0.2422
14774000,5216.369835,1195,74,0.961370,0.2891
14776000,5122.539787,1231,53,0.957124,0.2344
14778000,5012.468910,1219,69,0.947255,0.3047
14780000,5003.253500,1218,65,0.933885,0.2969
14782000,4813.479859,1215,69,0.915174,0.2891
14784000,4509.365600,1196,66,0.912484,0.2500
14786000,4409.585379,1197,77,0.919727,0.3594
14788000,4322.769830,1201,60,0.925199,0.2500
14790000,4407.874739,1220,58,0.921465,0.2188
14792000,4593.029550,1216,76,0.886314,0.2891
14794000,4648.940054,1205,75,0.932716,0.2344
14796000,4761.080307,1247,57,0.943374,0.2578
14798000,5063.003976,1227,67,0.959495,0.2500
14800000,5041.570559,1219,72,0.959982,0.2109
14802000,4943.607916,1201,82,0.966719,0.3281
14804000,5189.142891,1220,73,0.972738,0.3828
14806000,5276.526550,1215,69,0.962571,0.3203
14808000,5179.023660,1220,73,0.936947,0.2656
14810000,5235.615695,1228,69,0.957078,0.2656
14812000,5153.314830,1227,64,0.957103,0.3438
14814000,5289.396352,1216,65,0.958402,0.3047
14816000,5646.973760,1205,77,0.960997,0.3125
14818000,5721.806683,1210,61,0.960751,0.3047
14820000,5658.260726,1202,71,0.960637,0.3359
14822000,5634.632155,1211,60,0.962546,0.2969
14824000,5638.508636,1210,68,0.962536,0.2188
14826000,5593.403064,1235,57,0.956554,0.2969
14828000,5500.340360,1227,63,0.947071,0.2812
14830000,5354.354623,1220,72,0.947216,0.3047
14832000,5440.468975,1202,67,0.955665,0.3047
14834000,5292.500280,1214,64,0.954657,0.2891
14836000,5711.440200,1185,72,0.960164,0.2656
14838000,5576.662631,1210,66,0.957302,0.3125
14840000,5319.855839,1194,80,0.952995,0.3047
14842000,5314.117068,1214,81,0.953518,0.3516
14844000,5334.507632,1214,66,0.952424,0.2812
14846000,5465.357471,1227,57,0.963666,0.3516
14848000,4808.663302,1203,74,0.959478,0.2344
14850000,4973.644183,1209,74,0.964516,0.2578
14852000,4984.367950,1181,82,0.964315,0.2969
14854000,5009.760647,1194,75,0.969171,0.2812
14856000,5083.958222,1202,66,0.972164,0.2266
14858000,5215.761899,1206,69,0.973261,0.2188
14860000,4509.612806,1192,75,0.932060,0.3047
14862000,4549.295054,1210,61,0.924632,0.2812
14864000,4453.203318,1213,60,0.938606,0.2812
14866000,4574.843702,1198,70,0.907728,0.2656
14868000,4366.365078,1191,75,0.949871,0.3750
14870000,4226.200059,1193,77,0.945523,0.2500
14872000,4195.160956,1193,80,0.904179,0.3516
14874000,4214.713603,1195,75,0.880528,0.2891
14876000,3965.633014,1215,61,0.905507,0.2500
14878000,4052.985552,1197,78,0.909387,0.2969
14880000,4100.980478,1192,64,0.891408,0.3203
14882000,3797.429000,1204,65,0.821747,0.2500
14884000,4258.343275,1189,69,0.922213,0.2578
14886000,4278.702582,1200,71,0.904385,0.2656
14888000,4187.178510,1190,82,0.915774,0.2188
14890000,4186.157375,1175,87,0.918207,0.2891
14892000,4051.648440,1181,74,0.937092,0.2891
14894000,3387.017614,1193,73,0.818310,0.2656
14896000,3974.533496,1181,77,0.899801,0.3125
14898000,3972.497339,1187,79,0.901118,0.2969
14900000,4043.545487,1187,66,0.919853,0.2969
14902000,3802.001243,1162,79,0.925477,0.3281
14904000,4011.881020,1188,71,0.937184,0.2969
14906000,3953.238940,1190,74,0.934961,0.2969
14908000,4015.977692,1182,76,0.935445,0.2734
14910000,4060.637862,1185,81,0.937366,0.3359
14912000,4111.463911,1178,76,0.938608,0.3281
14914000,4182.071734,1204,65,0.919979,0.2500
14916000,4118.644315,1199,64,0.921526,0.2734
14918000,3864.907742,1194,72,0.907549,0.2422
14920000,4307.428952,1181,91,0.930474,0.2734
14922000,4434.890968,1190,74,0.934278,0.3203
14924000,4284.090991,1189,75,0.930520,0.2500
14926000,4088.643646,1184,71,0.923414,0.2578
14928000,3796.858255,1190,81,0.900336,0.3047
14930000,4047.940375,1187,85,0.923731,0.2578
14932000,3923.020375,1193,64,0.848121,0.2578
14934000,3994.250871,1208,73,0.886007,0.2891
14936000,3877.265654,1218,73,0.880802,0.2812
14938000,3856.790639,1200,74,0.846825,0.3281
14940000,3884.808675,1193,78,0.850549,0.2500
14942000,3658.735376,1224,52,0.703837,0.2188
14944000,3611.468275,1218,63,0.838554,0.2656
14946000,3588.640311,1211,67,0.833025,0.2344
14948000,3608.952179,1221,78,0.860535,0.2812
14950000,3551.444495,1227,75,0.859016,0.2891
14952000,3668.230495,1226,72,0.807822,0.3125
14954000,3812.451404,1232,71,0.869247,0.3203
14956000,4089.929126,1219,50,0.911206,0.2188
14958000,3872.235779,1208,76,0.853914,0.3047
14960000,3837.580144,1191,71,0.843044,0.2266
14962000,3802.581099,1207,77,0.842227,0.2422
14964000,3611.262275,1233,67,0.907327,0.2656
14966000,3799.880767,1232,67,0.888496,0.2969
14968000,3651.733982,1226,69,0.900561,0.2891
14970000,3770.131531,1192,69,0.934109,0.2578
14972000,3685.721023,1175,91,0.830247,0.3203
14974000,4010.476142,1202,78,0.954942,0.2578
14976000,3653.139532,1209,71,0.914166,0.3047
14978000,3776.352735,1212,77,0.927776,0.2656
14980000,3734.556191,1224,71,0.921987,0.3516
14982000,4081.645518,1219,90,0.786458,0.2344
14984000,3898.911334,1213,77,0.887995,0.2578
14986000,3967.907692,1221,70,0.884671,0.3047
14988000,4264.162988,1215,70,0.863343,0.3203
14990000,4457.835839,1209,68,0.930578,0.2812
14992000,4325.003550,1213,71,0.927409,0.2656
14994000,4538.452310,1207,76,0.941990,0.2344
14996000,4183.770220,1219,70,0.813836,0.3359
14998000,4589.575635,1219,74,0.941936,0.2891
15000000,4600.065214,1234,59,0.943469,0.3125
15002000,4425.681795,1229,66,0.924783,0.2734
15004000,4536.827680,1236,70,0.927966,0.3125
15006000,4454.036992,1247,60,0.919179,0.2188
15008000,4639.245667,1222,78,0.930705,0.2969
15010000,4687.970750,1208,75,0.912048,0.2812
15012000,4848.769255,1221,84,0.966869,0.3281
15014000,4844.011598,1216,73,0.967478,0.3047
15016000,4728.500243,1219,75,0.966865,0.3359
15018000,4703.627067,1203,90,0.960253,0.3125
15020000,4312.488200,1205,84,0.921203,0.3047
15022000,4248.908371,1218,76,0.922302,0.2344
15024000,4298.736536,1217,69,0.954852,0.2734
15026000,4272.344528,1241,62,0.951603,0.3203
15028000,4133.314363,1223,73,0.892449,0.3125
15030000,4125.248583,1219,67,0.913012,0.2500
15032000,4232.623155,1226,68,0.915001,0.2422
15034000,4123.619275,1219,70,0.888840,0.3594
15036000,4293.245515,1232,59,0.907610,0.3125
15038000,4326.707926,1208,76,0.903310,0.3750
15040000,4296.957883,1198,71,0.901628,0.3750
15042000,4284.783515,1212,63,0.897732,0.2500
15044000,4111.921392,1210,80,0.880671,0.2188
15046000,4188.798231,1224,66,0.890294,0.2188
15048000,4044.895750,1241,66,0.886219,0.2266
15050000,4008.172567,1245,66,0.896971,0.2344
15052000,3953.800076,1249,66,0.899974,0.3203
15054000,4001.951904,1247,58,0.956547,0.3203
15056000,4004.299179,1234,61,0.953582,0.2266
15058000,4114.206262,1235,64,0.957674,0.3438
15060000,4128.419512,1215,68,0.955128,0.3438
15062000,4073.486732,1196,77,0.914746,0.2969
15064000,4177.854427,1194,87,0.920760,0.3594
15066000,4209.132183,1217,72,0.926612,0.3125
15068000,4327.921295,1215,75,0.935914,0.4531
15070000,4348.207664,1210,69,0.928203,0.2891
15072000,4216.419830,1206,89,0.873877,0.2969
15074000,4259.662832,1232,69,0.850553,0.2656
15076000,4552.658310,1230,65,0.928405,0.3047
15078000,4630.914975,1212,76,0.818720,0.2734
15080000,4729.246140,1238,61,0.927922,0.2812
15082000,4610.964075,1230,64,0.899632,0.2969
15084000,4461.756982,1210,69,0.873335,0.2812
15086000,4484.505614,1211,74,0.921751,0.2188
15088000,4431.580515,1187,85,0.930674,0.2891
15090000,4563.403144,1200,63,0.933891,0.2344
15092000,4637.153184,1192,73,0.949602,0.3125
15094000,4538.011728,1185,74,0.944410,0.2656
15096000,4490.427299,1189,75,0.935429,0.1953
15098000,4543.600607,1174,74,0.934318,0.3359
15100000,4156.880839,1183,77,0.838174,0.3125
15102000,4057.538675,1203,67,0.922308,0.2891
15104000,4115.234991,1220,67,0.939105,0.3047
15106000,4036.354796,1224,61,0.912203,0.2734
15108000,4230.591695,1230,67,0.916865,0.2969
15110000,4333.927214,1201,83,0.937639,0.2969
15112000,4202.806539,1195,68,0.940191,0.3125
15114000,3969.788700,1213,63,0.902264,0.3125
15116000,4043.672620,1191,68,0.888147,0.2969
15118000,4024.466646,1181,68,0.889326,0.3203
15120000,4810.437935,1183,94,0.908880,0.3125
15122000,4716.804190,1207,64,0.916492,0.3672
15124000,4943.653107,1192,75,0.887521,0.2812
15126000,4642.144255,1219,65,0.874860,0.2266
15128000,4773.238156,1204,84,0.892789,0.2812
15130000,4906.978867,1212,79,0.883542,0.3516
15132000,4933.802416,1225,73,0.892697,0.2969
15134000,4940.657600,1233,77,0.883483,0.3281
15136000,5080.163195,1234,64,0.892490,0.1875
15138000,5124.780566,1239,64,0.892313,0.2656
15140000,5172.658655,1233,69,0.892113,0.3125
15142000,4617.058206,1229,67,0.844632,0.2578
15144000,4644.612379,1216,68,0.890819,0.3672
15146000,4665.901603,1231,68,0.892489,0.2578
15148000,4780.319766,1222,63,0.897282,0.2734
15150000,4930.498915,1205,71,0.906286,0.2812
15152000,4722.007707,1203,78,0.886229,0.2578
15154000,4814.742587,1190,80,0.915091,0.2891
15156000,4526.713232,1177,95,0.894992,0.3594
15158000,4548.674140,1238,62,0.874128,0.2266
15160000,4745.387827,1212,76,0.884728,0.3203
15162000,4674.782972,1183,88,0.914266,0.4062
15164000,4829.190107,1208,83,0.922566,0.3281
15166000,4885.434750,1223,71,0.919285,0.2656
15168000,4874.091935,1224,64,0.945152,0.2266
15170000,4824.897583,1214,69,0.931176,0.2656
15172000,4860.537216,1215,78,0.959124,0.2656
15174000,4718.152139,1224,79,0.948606,0.2891
15176000,4405.386739,1216,70,0.899085,0.3828
15178000,4469.886203,1205,73,0.905202,0.3203
15180000,4504.281583,1217,57,0.899520,0.2266
15182000,4581.853975,1221,64,0.936942,0.3281
15184000,4306.664131,1228,65,0.891283,0.2891
15186000,4476.141292,1240,66,0.894783,0.2734
15188000,4101.708551,1252,54,0.883959,0.2734
15190000,4388.157339,1250,62,0.926977,0.3125
15192000,4392.290150,1226,70,0.927309,0.3047
15194000,4268.785495,1223,70,0.882219,0.2656
15196000,4759.434230,1218,75,0.953283,0.3750
15198000,4350.917163,1201,86,0.938164,0.3516
15200000,4476.468763,1206,79,0.938652,0.2891
15202000,4373.360380,1231,59,0.903636,0.2812
15204000,4243.322700,1208,83,0.903507,0.3672
15206000,4361.879070,1220,72,0.918742,0.3047
15208000,4412.341291,1211,78,0.929674,0.3359
15210000,4635.622155,1201,82,0.922840,0.3047
15212000,4677.539110,1176,80,0.930627,0.2422
15214000,3844.198878,1205,73,0.874142,0.2109
15216000,4023.210172,1207,75,0.879384,0.2656
15218000,4158.131735,1223,77,0.896891,0.3047
15220000,3939.595687,1184,82,0.907080,0.2656
15222000,3610.711580,1194,89,0.895297,0.2734
15224000,3548.162295,1193,69,0.921870,0.2656
15226000,3420.239191,1206,68,0.874523,0.2734
15228000,3543.300515,1222,72,0.841671,0.1875
15230000,3585.897491,1238,59,0.834246,0.2578
15232000,3545.769691,1214,72,0.845450,0.2656
15234000,3333.947079,1230,68,0.842958,0.3203
15236000,3511.675375,1217,67,0.892067,0.2500
15238000,3493.494015,1230,67,0.894103,0.2656
15240000,3684.226536,1250,65,0.899402,0.3203
15242000,3519.690940,1225,76,0.870628,0.2578
15244000,3432.759782,1220,60,0.836325,0.2578
15246000,3587.249968,1234,63,0.844853,0.3281
15248000,3607.897718,1222,56,0.821901,0.2656
15250000,3646.488584,1227,66,0.817395,0.2969
15252000,3650.236875,1245,54,0.833288,0.2734
15254000,3584.951854,1238,63,0.827984,0.2812
15256000,3475.217116,1234,66,0.840816,0.3047
15258000,3358.928991,1230,65,0.827806,0.2109
15260000,3308.971835,1221,59,0.848147,0.2266
15262000,3407.292950,1215,68,0.878869,0.3125
15264000,3324.200110,1234,63,0.830611,0.2656
15266000,3421.190071,1236,68,0.893394,0.2891
15268000,3301.814294,1223,62,0.896940,0.2344
15270000,3361.090127,1232,78,0.899288,0.3125
15272000,3764.684316,1230,70,0.922660,0.2891
15274000,3361.760360,1219,73,0.903828,0.3047
15276000,3395.240423,1210,88,0.932533,0.2812
15278000,3238.987500,1236,55,0.901047,0.2578
15280000,3668.702046,1220,55,0.907924,0.2734
15282000,3800.325975,1216,73,0.923929,0.3594
15284000,3615.684000,1241,65,0.835575,0.3047
15286000,2951.319555,1242,67,0.803250,0.2656
15288000,3042.130600,1235,61,0.795689,0.2734
15290000,3626.977475,1253,57,0.851121,0.3047
15292000,3761.410731,1243,61,0.889465,0.3047
15294000,3903.715543,1222,67,0.929479,0.2891
15296000,3801.943955,1222,64,0.922458,0.3594
15298000,3805.192150,1223,60,0.840134,0.2734
15300000,3825.174960,1197,86,0.855801,0.2812
15302000,3724.602920,1197,82,0.816199,0.2969
15304000,3674.086048,1202,76,0.873572,0.3281
15306000,3977.289064,1194,90,0.920576,0.2500
15308000,3939.766495,1199,74,0.914568,0.3203
15310000,3834.465355,1224,67,0.937614,0.2734
15312000,3911.613126,1241,54,0.898474,0.3359
15314000,3832.530115,1200,86,0.904434,0.3359
15316000,3696.376870,1215,73,0.904261,0.2266
15318000,3621.528795,1202,70,0.929714,0.2344
15320000,3615.240926,1213,68,0.931895,0.3281
15322000,3590.114190,1235,72,0.920635,0.3125
15324000,3673.606044,1220,65,0.937504,0.3750
15326000,3515.937835,1211,71,0.912456,0.3203
15328000,3641.859991,1202,74,0.925787,0.3516
15330000,3757.173560,1224,64,0.915731,0.3516
15332000,3997.484814,1235,71,0.930780,0.2812
15334000,3723.020635,1212,65,0.911257,0.2422
15336000,3738.481208,1217,56,0.911248,0.2656
15338000,4112.379992,1233,66,0.950684,0.3047
15340000,4140.269935,1246,66,0.947624,0.2500
15342000,4179.691422,1258,57,0.944231,0.2578
15344000,3932.365932,1235,66,0.902568,0.2812
15346000,3780.647968,1223,69,0.929395,0.2969
15348000,3964.893023,1197,85,0.920448,0.3594
15350000,3987.137624,1202,68,0.902402,0.2969
15352000,4084.446447,1201,73,0.948445,0.2734
15354000,3898.509519,1203,70,0.943270,0.2969
15356000,3601.730588,1214,62,0.851322,0.2656
15358000,3752.958150,1221,55,0.922631,0.2734
15360000,3606.550627,1229,54,0.877891,0.2891
15362000,3377.586654,1239,58,0.890688,0.2266
15364000,3339.393703,1236,62,0.905494,0.2578
15366000,3388.217670,1228,69,0.905920,0.3672
15368000,3379.517907,1196,71,0.902805,0.2500
15370000,2799.602060,1203,71,0.739328,0.3672
15372000,3024.871823,1197,79,0.863036,0.3047
15374000,2755.532630,1163,84,0.855887,0.3203
15376000,2554.547334,1169,94,0.758420,0.3359
15378000,2558.948987,1189,84,0.755604,0.3281
15380000,2555.365371,1200,83,0.768255,0.3594
15382000,2187.689667,1210,66,0.664650,0.2812
15384000,2236.373575,1211,57,0.661665,0.2422
15386000,2306.792326,1222,65,0.811251,0.3516
15388000,2209.811707,1218,72,0.683127,0.3047
15390000,2213.676800,1197,78,0.772735,0.2891
15392000,2124.907318,1208,73,0.674344,0.1953
15394000,2087.608440,1217,77,0.872237,0.2891
15396000,1975.989164,1209,75,0.816363,0.2578
15398000,2000.604540,1205,76,0.814271,0.2969
15400000,2035.191791,1213,60,0.742374,0.3047
15402000,1796.737580,1201,78,0.666264,0.3125
15404000,1615.510270,1208,70,0.569872,0.2188
15406000,1911.245655,1199,79,0.751609,0.2734
15408000,1864.809119,1201,74,0.701971,0.3203
15410000,1867.458944,1211,76,0.717856,0.3125
15412000,1829.760867,1180,87,0.751013,0.3828
15414000,1847.021574,1204,66,0.769280,0.3438
15416000,1817.375195,1219,65,0.769500,0.3047
15418000,1703.435340,1199,70,0.630143,0.2812
15420000,1674.821308,1201,70,0.626749,0.2266
15422000,2114.271320,1193,77,0.804936,0.3203
15424000,2329.692183,1205,81,0.864353,0.2891
15426000,1858.591692,1198,92,0.733039,0.3125
15428000,1760.809755,1195,86,0.700325,0.2656
15430000,1722.551191,1206,78,0.678399,0.2422
15432000,1980.250940,1214,79,0.657854,0.2812
15434000,2077.941806,1198,65,0.653194,0.3125
15436000,2127.181484,1188,77,0.796091,0.3203
15438000,2168.840750,1196,71,0.780709,0.2578
15440000,1721.422966,1211,63,0.624808,0.2500
15442000,1385.651998,1186,79,0.435632,0.2734
15444000,1415.194686,1190,64,0.452221,0.2344
15446000,1672.207980,1182,75,0.572750,0.2891
15448000,1715.280167,1216,63,0.588114,0.2266
15450000,1708.431899,1205,66,0.571924,0.2969
15452000,1795.184971,1248,45,0.618593,0.2188
15454000,1985.734335,1270,38,0.787708,0.2812
15456000,1968.512766,1213,56,0.793582,0.2578
15458000,1949.657447,1206,66,0.739957,0.2344
15460000,1936.549196,1228,68,0.740764,0.2266
15462000,1557.967232,1204,65,0.469957,0.2344
15464000,1404.454008,1211,69,0.593615,0.3750
15466000,1438.435695,1187,73,0.431406,0.2812
15468000,1334.260875,1178,83,0.322707,0.3906
15470000,1056.244284,1191,78,0.250000,0.3359
15472000,1060.712115,1172,79,0.271936,0.3203
15474000,1040.075415,1175,83,0.262586,0.2656
15476000,1388.852798,1185,67,0.514318,0.3203
15478000,1297.840614,1196,70,0.428571,0.1953
15480000,1215.207055,1196,59,0.255200,0.2500
15482000,1639.357438,1214,73,0.578538,0.2500
15484000,1803.034927,1207,64,0.657990,0.2656
15486000,1854.683406,1202,68,0.622485,0.2734
15488000,1848.868527,1205,74,0.598307,0.3750
15490000,1748.975339,1218,56,0.645324,0.2109
15492000,1825.021871,1241,58,0.666935,0.3359
15494000,1777.885351,1232,64,0.702593,0.3516
15496000,1804.775718,1224,68,0.686000,0.3281
15498000,2240.300240,1218,67,0.689764,0.3516
15500000,2111.173343,1219,66,0.714099,0.2812
15502000,2100.015995,1215,68,0.720153,0.2812
15504000,2091.638300,1240,60,0.717273,0.2500
15506000,2319.316160,1227,65,0.682727,0.2188
15508000,2455.123935,1219,67,0.737744,0.2266
15510000,2362.867407,1226,63,0.753286,0.2500
15512000,2421.398236,1204,86,0.771005,0.2578
15514000,2371.863430,1223,83,0.807391,0.2578
15516000,2170.708443,1210,71,0.774818,0.2500
15518000,2309.188595,1210,76,0.814878,0.2656
15520000,2468.839983,1224,66,0.849004,0.2891
15522000,2350.725763,1212,74,0.829579,0.3438
15524000,2455.441531,1219,76,0.844106,0.2422
15526000,2294.956854,1219,76,0.845992,0.3203
15528000,2076.844283,1218,73,0.783792,0.2344
15530000,1981.479795,1229,73,0.770008,0.2891
15532000,1997.316963,1205,73,0.745624,0.2734
15534000,1885.694350,1207,73,0.761946,0.2812
15536000,2239.699596,1202,62,0.860421,0.2969
15538000,1803.075875,1207,57,0.425344,0.3359
15540000,1809.678302,1215,64,0.607560,0.2344
15542000,1843.066759,1186,74,0.600923,0.3281
15544000,3016.263420,1179,77,0.506119,0.3438
15546000,3936.034123,1197,74,0.931437,0.2891
15548000,3993.228807,1201,77,0.929434,0.2969
15550000,3967.028391,1213,83,0.929949,0.2891
15552000,3464.872830,1216,70,0.839240,0.2734
15554000,4124.289526,1212,66,0.953042,0.3125
15556000,4303.004006,1206,78,0.874121,0.2578
15558000,4353.416862,1198,86,0.934018,0.3125
15560000,4419.733375,1187,77,0.935743,0.2266
15562000,3935.222779,1182,75,0.882187,0.2812
15564000,3988.543414,1201,68,0.898885,0.2578
15566000,4178.843544,1214,57,0.895235,0.2891
15568000,4152.724780,1202,65,0.888365,0.2578
15570000,4101.136982,1202,64,0.905276,0.2344
15572000,3925.110238,1187,83,0.827337,0.2969
15574000,3910.407782,1168,82,0.824612,0.3125
15576000,4311.508183,1164,86,0.932548,0.2656
15578000,4004.099795,1193,75,0.919825,0.3203
15580000,3858.646199,1191,67,0.928735,0.2812
15582000,3747.312188,1177,73,0.947552,0.3672
15584000,3864.968310,1182,70,0.935827,0.3047
15586000,3746.116086,1190,71,0.925343,0.2578
15588000,3733.990795,1217,66,0.906835,0.2891
15590000,3758.090375,1227,57,0.902240,0.2578
15592000,3731.332790,1217,54,0.901651,0.3281
15594000,3757.014019,1223,46,0.897400,0.2344
15596000,4073.491230,1217,62,0.911680,0.2031
15598000,3775.691486,1201,63,0.901241,0.3516
15600000,3990.076174,1209,59,0.916634,0.2578
15602000,3797.901180,1196,79,0.897615,0.2656
15604000,3735.809704,1218,70,0.896051,0.2031
15606000,3654.857870,1216,66,0.890963,0.2812
15608000,3125.791651,1209,65,0.757858,0.2734
15610000,3106.367091,1206,57,0.840893,0.2578
15612000,3367.111155,1198,66,0.830478,0.2422
15614000,3287.541350,1204,73,0.827774,0.2578
15616000,3227.949343,1207,78,0.804029,0.3359
15618000,2906.056910,1216,79,0.671169,0.2969
15620000,2992.903548,1220,67,0.739626,0.2969
15622000,3108.153660,1195,88,0.772265,0.3203
15624000,3113.395759,1202,84,0.781359,0.2734
15626000,3080.888396,1206,72,0.775716,0.3203
15628000,3336.976392,1214,69,0.840006,0.3281
15630000,3373.364134,1224,66,0.682226,0.2734
15632000,3393.838670,1220,57,0.851432,0.3125
15634000,3640.041918,1219,60,0.916188,0.2734
15636000,3555.362774,1208,69,0.921720,0.2812
15638000,3644.986775,1212,73,0.897226,0.2969
15640000,3465.345430,1205,73,0.903828,0.2656
15642000,3440.575868,1206,58,0.902540,0.2500
15644000,3500.005670,1191,69,0.918615,0.2969
15646000,3506.460971,1214,59,0.867600,0.3125
15648000,3300.170767,1224,55,0.854950,0.3516
15650000,3429.630204,1213,60,0.860796,0.2422
15652000,3387.252215,1211,70,0.881195,0.2031
15654000,3422.248999,1220,63,0.883039,0.2969
15656000,3602.217211,1219,65,0.829642,0.3203
15658000,3593.668504,1216,73,0.828543,0.3047
15660000,3559.927267,1195,84,0.836810,0.2734
15662000,3494.631335,1188,85,0.903446,0.2812
15664000,3258.842256,1191,86,0.899494,0.2344
15666000,2803.046719,1193,88,0.849165,0.3203
15668000,2898.848524,1194,89,0.843635,0.3203
15670000,2725.147232,1218,57,0.842475,0.3438
15672000,2770.967838,1205,81,0.822812,0.2422
15674000,2856.012118,1235,67,0.854309,0.3594
15676000,2890.306524,1223,59,0.872840,0.3047
15678000,2964.621371,1208,70,0.872188,0.2500
15680000,2936.692287,1205,77,0.824602,0.2969
15682000,2795.646623,1201,76,0.894842,0.3203
15684000,2856.006454,1207,63,0.866076,0.3047
15686000,2748.702887,1196,68,0.750777,0.3047
15688000,2638.802662,1196,63,0.783714,0.2188
15690000,2895.228828,1195,74,0.813871,0.3125
15692000,2562.287975,1166,84,0.729944,0.3594
15694000,3153.086967,1186,78,0.762648,0.2969
15696000,3291.300859,1158,84,0.756625,0.2422
15698000,3817.291580,1189,80,0.923298,0.2734
15700000,3683.995120,1186,70,0.932980,0.3359
15702000,3680.368131,1184,75,0.910935,0.2656
15704000,3700.439088,1183,79,0.912728,0.2500
15706000,3613.399455,1210,65,0.915754,0.2578
15708000,3502.777990,1219,62,0.856811,0.2500
15710000,3693.055795,1210,71,0.908316,0.2734
15712000,3896.197907,1220,77,0.942662,0.2500
15714000,3922.275678,1212,75,0.940887,0.4219
15716000,4089.559766,1220,69,0.943028,0.2656
15718000,4071.030406,1199,89,0.943721,0.3203
15720000,3785.102871,1209,84,0.877720,0.3906
15722000,3774.320264,1214,74,0.877507,0.2812
15724000,3634.975515,1208,84,0.883252,0.3359
15726000,3553.859255,1210,72,0.871097,0.2656
15728000,3609.672187,1222,77,0.886818,0.3359
15730000,3579.206126,1245,65,0.878244,0.3125
15732000,3677.816972,1230,74,0.849186,0.2500
15734000,3606.033708,1229,62,0.892607,0.2422
15736000,3597.423502,1215,65,0.874371,0.2656
15738000,3706.023500,1227,63,0.911560,0.2812
15740000,3808.393031,1220,74,0.860938,0.2422
15742000,3789.959470,1236,60,0.894038,0.2734
15744000,3789.315975,1211,75,0.929436,0.3594
15746000,3676.529420,1190,82,0.929259,0.3750
15748000,3569.900606,1194,78,0.939850,0.3047
15750000,3550.675691,1202,72,0.916191,0.2578
15752000,3789.504550,1221,54,0.911344,0.2656
15754000,3616.347751,1200,65,0.878023,0.2578
15756000,3598.406523,1204,75,0.893271,0.3281
15758000,3737.891990,1197,80,0.912144,0.3281
15760000,3874.486687,1195,77,0.873326,0.3438
15762000,3860.448680,1176,83,0.958424,0.3984
15764000,3921.956928,1174,78,0.953958,0.2969
15766000,3934.845406,1174,74,0.966328,0.3203
15768000,4074.378011,1170,68,0.970745,0.2812
15770000,4156.450399,1193,69,0.971995,0.2891
15772000,3989.365388,1169,79,0.921118,0.2969
15774000,4070.037846,1167,81,0.930817,0.4141
15776000,4075.754360,1170,90,0.957263,0.2969
15778000,3975.455584,1200,70,0.928014,0.3828
15780000,4052.851896,1188,71,0.934380,0.2578
15782000,4469.020400,1191,85,0.920582,0.2734
15784000,4296.668566,1185,81,0.948790,0.2812
15786000,4340.124172,1179,81,0.943842,0.3516
15788000,4306.729247,1187,88,0.953072,0.2734
15790000,4217.991491,1191,71,0.955512,0.3203
15792000,4154.068342,1178,74,0.952480,0.2812
15794000,4076.974063,1178,76,0.938637,0.3125
15796000,4227.077695,1189,67,0.955388,0.3516
15798000,4223.591270,1165,80,0.955533,0.3906
15800000,4199.088787,1191,74,0.956593,0.2266
15802000,4047.190470,1166,94,0.951407,0.2891
15804000,3995.220558,1178,82,0.955232,0.3359
15806000,4179.395111,1206,64,0.953271,0.2891
15808000,4192.474523,1218,59,0.933079,0.3125
15810000,4334.051494,1204,67,0.956161,0.2734
15812000,4283.636055,1190,78,0.955100,0.2734
15814000,3716.075960,1201,67,0.838736,0.2812
15816000,3726.906688,1202,66,0.833456,0.2578
15818000,3792.766944,1202,61,0.817673,0.3047
15820000,3892.907495,1191,80,0.812394,0.3594
15822000,4142.916700,1189,71,0.919386,0.2578
15824000,4163.150783,1203,72,0.913552,0.3438
15826000,4255.269335,1188,70,0.931937,0.2578
15828000,4376.058787,1181,77,0.917959,0.2734
15830000,4240.617475,1185,87,0.895854,0.3203
15832000,4173.310168,1192,83,0.880091,0.2812
15834000,4124.658430,1195,78,0.920040,0.3281
15836000,4056.773887,1209,69,0.908355,0.2812
15838000,4217.243407,1205,68,0.901440,0.3359
15840000,4345.133372,1215,64,0.936353,0.3203
15842000,4286.997239,1205,70,0.935144,0.2734
15844000,4129.576783,1202,69,0.933961,0.2344
15846000,3971.574988,1226,76,0.920932,0.3516
15848000,4080.830191,1226,63,0.920397,0.3672
15850000,4270.299595,1218,62,0.921777,0.3438
15852000,4136.805159,1209,59,0.922930,0.2656
15854000,3989.023516,1181,71,0.945486,0.3047
15856000,3994.547143,1188,68,0.946790,0.3125
15858000,4034.886188,1180,82,0.950736,0.3594
15860000,3985.968991,1177,77,0.950694,0.3281
15862000,3974.468315,1155,90,0.950661,0.3672
15864000,4250.720972,1170,84,0.961769,0.3438
15866000,4309.922508,1173,79,0.938866,0.2266
15868000,4282.232919,1173,69,0.948906,0.3281
15870000,4368.155340,1160,84,0.949597,0.3281
15872000,4226.995775,1178,88,0.942452,0.3750
15874000,4127.233144,1189,74,0.927362,0.3281
15876000,4320.398539,1209,68,0.937341,0.3281
15878000,4341.291351,1182,81,0.937870,0.3047
15880000,4298.978395,1184,72,0.963174,0.3047
15882000,4286.689974,1203,66,0.960370,0.2422
15884000,4468.079832,1201,72,0.965834,0.3125
15886000,4438.353131,1210,56,0.953465,0.3672
15888000,4378.178615,1226,64,0.953973,0.2734
15890000,4449.459094,1229,64,0.952341,0.3047
15892000,4033.367820,1208,77,0.932615,0.2734
15894000,4052.859600,1194,77,0.925422,0.3359
15896000,4653.034463,1205,87,0.964950,0.2500
15898000,4146.657035,1222,72,0.887855,0.2734
15900000,4432.450940,1225,62,0.954579,0.2109
15902000,4388.950883,1239,59,0.956275,0.1797
15904000,4382.756407,1218,68,0.955628,0.1875
15906000,4124.785030,1211,70,0.943253,0.2969
15908000,4296.725150,1225,68,0.927901,0.2500
15910000,4270.954124,1226,68,0.926732,0.2500
15912000,3996.314000,1207,69,0.948330,0.3672
15914000,4288.775431,1208,72,0.930708,0.3281
15916000,4199.548166,1215,69,0.903873,0.3125
15918000,4064.704582,1217,72,0.826087,0.3203
15920000,4125.365735,1207,81,0.829494,0.2891
15922000,4278.254875,1215,55,0.892027,0.2656
15924000,4380.569110,1206,70,0.817483,0.2422
15926000,4713.767699,1170,78,0.859213,0.3125
15928000,5021.315144,1206,68,0.941198,0.3516
15930000,4711.243651,1209,68,0.921463,0.2734
15932000,4511.400431,1207,62,0.911039,0.2891
15934000,4563.099160,1208,57,0.915106,0.2500
15936000,4155.151680,1174,80,0.888693,0.2812
15938000,4054.990719,1194,70,0.886449,0.2500
15940000,4191.276015,1211,75,0.912875,0.2891
15942000,4277.030875,1178,80,0.927558,0.2812
15944000,4012.952875,1197,66,0.828201,0.3047
15946000,3853.211950,1187,70,0.835786,0.3125
15948000,4173.908320,1200,70,0.927835,0.3047
15950000,4122.056375,1174,80,0.929577,0.3438
15952000,4218.227614,1205,69,0.932976,0.2422
15954000,4198.881151,1236,57,0.928633,0.2109
15956000,4370.542455,1242,63,0.930379,0.2734
15958000,4390.962955,1229,55,0.931181,0.2578
15960000,4269.966995,1213,61,0.926628,0.2891
15962000,4145.299974,1206,70,0.911739,0.3047
15964000,4336.812075,1217,75,0.921849,0.2891
15966000,4283.119903,1236,63,0.912547,0.2656
15968000,3683.092863,1203,77,0.746601,0.2891
15970000,3872.318619,1215,70,0.883113,0.2656
15972000,4609.060375,1205,82,0.956926,0.3125
15974000,4456.966815,1227,65,0.924254,0.3281
15976000,4460.304919,1218,67,0.968145,0.2969
15978000,4418.984348,1192,79,0.969852,0.2734
15980000,4469.206475,1194,69,0.964670,0.3203
15982000,4494.930495,1193,72,0.963049,0.2734
15984000,4260.849096,1180,82,0.967093,0.3125
15986000,4239.482560,1184,79,0.963966,0.2812
15988000,4186.521067,1168,84,0.962981,0.3594
15990000,4201.047118,1199,67,0.934350,0.2656
15992000,4312.497283,1182,76,0.930808,0.2344
15994000,4240.748870,1213,58,0.946318,0.3125
15996000,4294.323043,1166,73,0.946571,0.3203
15998000,4250.990350,1170,78,0.902592,0.2969
16000000,4432.291903,1173,66,0.946416,0.2734
16002000,4566.191326,1205,66,0.929600,0.3281
16004000,4573.493470,1217,63,0.928491,0.2422
16006000,4544.483003,1194,78,0.917790,0.3359
16008000,4588.958774,1205,73,0.928634,0.3203
16010000,4682.679520,1220,64,0.950365,0.3125
16012000,4520.506990,1202,81,0.962451,0.3203
16014000,4540.503654,1189,83,0.959162,0.2734
16016000,4689.798927,1207,71,0.937069,0.3516
16018000,4590.886375,1217,59,0.947273,0.3750
16020000,4418.730118,1212,73,0.950448,0.2734
16022000,4382.380835,1223,67,0.954462,0.2344
16024000,4262.962175,1205,81,0.939671,0.2656
16026000,4376.354375,1229,62,0.949822,0.2656
16028000,4412.881340,1214,63,0.940955,0.3203
16030000,4624.795519,1224,69,0.956628,0.3047
16032000,4778.653750,1212,75,0.934569,0.3203
16034000,5094.165707,1234,71,0.944638,0.3438
16036000,5007.711392,1243,51,0.960235,0.2578
16038000,4467.213766,1231,65,0.958843,0.2734
16040000,4210.782318,1238,65,0.940688,0.2188
16042000,4195.512280,1222,61,0.934815,0.2969
16044000,4290.769795,1219,70,0.927835,0.2969
16046000,4366.164687,1210,57,0.949943,0.2422
16048000,4279.038774,1228,63,0.921552,0.1953
16050000,4207.729019,1236,63,0.930555,0.2188
16052000,4116.019966,1213,64,0.935743,0.3281
16054000,4288.178166,1209,70,0.955651,0.2344
16056000,4326.694246,1222,76,0.934725,0.2656
16058000,4245.634316,1219,69,0.918919,0.2891
16060000,4248.843116,1243,58,0.933053,0.3281
16062000,4343.814595,1233,69,0.935480,0.2344
16064000,4448.796907,1241,63,0.933422,0.2578
16066000,4362.549760,1237,63,0.937566,0.3281
16068000,4474.171775,1225,63,0.912830,0.2969
16070000,4417.078615,1215,76,0.904336,0.2500
16072000,4472.974568,1194,79,0.922883,0.2344
16074000,4387.867635,1200,78,0.906028,0.2734
16076000,4723.214940,1198,73,0.893793,0.3672
16078000,4829.244204,1192,83,0.789434,0.3672
16080000,5297.511043,1205,77,0.954054,0.3516
16082000,4863.799638,1204,71,0.807488,0.3281
16084000,4225.398446,1188,70,0.824003,0.2891
16086000,4493.468360,1194,81,0.900796,0.2969
16088000,4589.147670,1185,73,0.926696,0.2656
16090000,4579.012220,1197,84,0.907708,0.2734
16092000,4641.787960,1184,78,0.907731,0.2500
16094000,4689.045035,1195,71,0.930372,0.3828
16096000,4513.321399,1199,72,0.933470,0.3516
16098000,4152.116439,1200,71,0.927872,0.3281
16100000,3913.945292,1207,74,0.857218,0.2656
16102000,3575.140691,1198,64,0.803753,0.2969
16104000,3743.469935,1218,67,0.818128,0.2344
16106000,3992.581436,1205,68,0.921843,0.2188
16108000,3897.594544,1196,76,0.920002,0.2891
16110000,4047.966542,1218,71,0.914950,0.3125
16112000,3705.132871,1210,73,0.923232,0.2812
16114000,3755.084491,1192,74,0.926575,0.2656
16116000,3696.126854,1195,76,0.925248,0.4062
16118000,3649.109662,1201,81,0.929068,0.3125
16120000,4022.851703,1194,79,0.888758,0.3359
16122000,4462.739847,1216,70,0.897463,0.3203
16124000,4490.382286,1216,78,0.898324,0.3125
16126000,3971.232187,1233,65,0.714253,0.3203
16128000,4414.592408,1217,73,0.895442,0.3438
16130000,4389.515035,1204,72,0.864591,0.3359
16132000,4259.472646,1218,79,0.842264,0.2734
16134000,4355.594835,1205,89,0.851094,0.2500
16136000,4419.087303,1175,84,0.902510,0.2812
16138000,4460.350300,1183,92,0.875886,0.3281
16140000,4243.797280,1191,76,0.842694,0.3281
16142000,4849.146310,1205,77,0.928067,0.2969
16144000,5241.423580,1223,57,0.936249,0.2891
16146000,5588.169699,1225,69,0.940380,0.2344
16148000,5251.702275,1243,69,0.919443,0.3047
16150000,4818.480078,1274,65,0.909150,0.2656
16152000,4909.655238,1264,50,0.889264,0.2812
16154000,5054.001375,1258,64,0.907298,0.1719
16156000,5313.218711,1249,72,0.926021,0.3672
16158000,5131.995563,1253,64,0.929978,0.2656
16160000,4709.564000,1260,60,0.827880,0.2266
16162000,5065.503000,1262,61,0.900234,0.3047
16164000,5088.667667,1229,74,0.914735,0.3750
16166000,5139.229155,1216,75,0.915366,0.2266
16168000,4813.140204,1203,87,0.850974,0.3359
16170000,4708.048592,1220,73,0.918728,0.3359
16172000,4561.418255,1225,73,0.850709,0.3047
16174000,4488.216759,1233,72,0.881261,0.2734
16176000,4427.175103,1210,76,0.879591,0.3281
16178000,4406.031214,1222,76,0.885032,0.3125
16180000,4298.093043,1224,63,0.883269,0.2422
16182000,4319.980470,1230,62,0.911649,0.3281
16184000,4416.828030,1195,68,0.914023,0.2500
16186000,4654.803103,1184,81,0.921168,0.3281
16188000,4050.462908,1195,73,0.772063,0.2812
16190000,4368.615244,1174,77,0.841726,0.3281
16192000,4503.266127,1223,69,0.923705,0.3281
16194000,4645.479856,1216,77,0.911832,0.3047
16196000,4804.924163,1216,75,0.913639,0.2656
16198000,4855.417640,1209,70,0.912609,0.3125
16200000,4672.889223,1225,52,0.860183,0.2266
16202000,5092.914542,1240,56,0.933845,0.2891
16204000,5043.608432,1249,52,0.934454,0.2266
16206000,4551.511927,1239,57,0.692375,0.2266
16208000,4906.382732,1233,67,0.947337,0.2578
16210000,4899.892220,1221,64,0.954694,0.2891
16212000,4852.451260,1239,67,0.939341,0.2500
16214000,4958.645787,1256,65,0.943225,0.2031
16216000,5002.400899,1249,56,0.943307,0.3984
16218000,4964.065086,1240,64,0.905682,0.2891
16220000,4900.564846,1216,65,0.891602,0.3203
16222000,4880.733591,1229,76,0.911127,0.2578
16224000,4827.975374,1227,69,0.908544,0.3750
16226000,5073.911835,1213,67,0.908776,0.2656
16228000,5114.567846,1208,82,0.943275,0.2578
16230000,5281.264444,1224,69,0.939808,0.3672
16232000,5210.979031,1213,66,0.950159,0.3125
16234000,5383.593307,1210,71,0.971531,0.3594
16236000,5299.348487,1208,75,0.972497,0.3047
16238000,5444.596623,1224,69,0.973116,0.2891
16240000,5193.821535,1212,74,0.977884,0.3516
16242000,5147.218059,1207,76,0.972669,0.2734
16244000,5293.282454,1209,79,0.969150,0.3281
16246000,4870.438283,1224,68,0.917787,0.3438
16248000,5023.315227,1228,70,0.959921,0.2969
16250000,4586.270108,1224,65,0.848155,0.3203
16252000,4310.698543,1212,72,0.900072,0.3047
16254000,4812.950934,1201,66,0.952276,0.3359
16256000,4960.021519,1214,68,0.967627,0.2656
16258000,5004.811196,1207,71,0.959950,0.3203
16260000,4590.945047,1210,73,0.965065,0.2500
16262000,4846.374374,1203,69,0.964996,0.2656
16264000,4435.960812,1240,69,0.940963,0.2891
16266000,4545.197408,1220,73,0.927437,0.2812
16268000,4809.395995,1219,68,0.956100,0.3438
16270000,4673.267436,1231,67,0.953997,0.2969
16272000,4683.026800,1208,76,0.955880,0.2422
16274000,4691.681718,1188,73,0.948599,0.3359
16276000,4779.504251,1203,62,0.967912,0.3125
16278000,4705.687187,1201,76,0.953487,0.2031
16280000,4767.706950,1180,84,0.956843,0.2109
16282000,4811.336835,1182,95,0.948842,0.3281
16284000,4691.768995,1178,77,0.949935,0.3047
16286000,4538.832027,1191,75,0.952440,0.2578
16288000,4309.126735,1177,77,0.906668,0.2734
16290000,4368.380075,1177,87,0.934742,0.3203
16292000,4315.788332,1197,75,0.907409,0.3516
16294000,4309.306027,1176,83,0.957562,0.3203
16296000,4234.660435,1161,88,0.942798,0.3359
16298000,4308.448160,1194,83,0.959047,0.2188
16300000,4340.708806,1190,71,0.944604,0.2891
16302000,3828.911195,1217,68,0.860021,0.3125
16304000,4014.753903,1188,82,0.911739,0.2578
16306000,4073.638118,1207,67,0.839081,0.3047
16308000,4017.469103,1215,59,0.928403,0.2578
16310000,4185.104982,1214,58,0.903738,0.2969
16312000,4090.103575,1176,75,0.934353,0.3203
16314000,4000.397055,1185,76,0.893746,0.2812
16316000,4073.143183,1205,68,0.904507,0.3281
16318000,3427.394279,1200,70,0.748987,0.2891
16320000,3595.925399,1170,78,0.872185,0.2812
16322000,3956.062912,1181,80,0.905647,0.3438
16324000,3909.217190,1198,64,0.873044,0.2656
16326000,3118.739295,1194,72,0.877873,0.2031
16328000,3219.099888,1188,64,0.877470,0.2422
16330000,2913.276571,1186,72,0.770962,0.2578
16332000,3381.945128,1199,61,0.869433,0.3281
16334000,3639.159807,1205,64,0.910702,0.2969
16336000,4212.994190,1198,73,0.935986,0.2109
16338000,4159.224271,1209,81,0.931413,0.3516
16340000,3821.951039,1201,69,0.912154,0.2422
16342000,3618.849510,1170,91,0.922508,0.2578
16344000,3826.161152,1189,71,0.854760,0.3047
16346000,4148.997279,1190,81,0.925215,0.2891
16348000,4526.725687,1189,71,0.948883,0.3281
16350000,4538.471606,1190,80,0.948209,0.3438
16352000,4411.841468,1189,73,0.932817,0.2812
16354000,4331.844206,1176,91,0.930952,0.3203
16356000,4924.606670,1213,76,0.953218,0.3594
16358000,4620.988367,1221,63,0.891194,0.3203
16360000,4584.301032,1199,74,0.894326,0.3672
16362000,4515.128702,1176,91,0.963751,0.3906
16364000,4594.473276,1167,76,0.957416,0.3203
16366000,4197.994315,1160,84,0.806859,0.3750
16368000,4397.747660,1158,76,0.866876,0.4141
16370000,4345.864390,1179,85,0.862318,0.2969
16372000,4506.313303,1156,83,0.935347,0.2969
16374000,4612.807315,1176,78,0.933815,0.2969
16376000,4119.905043,1190,80,0.890079,0.3203
16378000,3754.389295,1187,78,0.705455,0.3281
16380000,3714.865862,1174,89,0.790651,0.2891
16382000,3804.458104,1180,83,0.801314,0.3438
16384000,3740.903510,1201,76,0.847065,0.2812
16386000,3775.759827,1210,74,0.908343,0.2344
16388000,3938.038828,1199,72,0.660283,0.2500
16390000,4348.792166,1196,74,0.807227,0.3203
16392000,4441.333619,1215,66,0.938498,0.2969
16394000,4408.579142,1211,82,0.951315,0.2734
16396000,4557.484694,1202,73,0.937840,0.3047
16398000,4751.070059,1196,67,0.956586,0.2422
16400000,4803.630568,1190,68,0.953014,0.2578
16402000,4789.858555,1195,72,0.954690,0.3516
16404000,4734.436636,1210,64,0.941580,0.2812
16406000,4865.348211,1212,73,0.944449,0.3203
16408000,4527.964872,1194,75,0.912435,0.2266
16410000,4696.484478,1178,76,0.954733,0.3359
16412000,4746.325710,1190,91,0.949182,0.4219
16414000,4852.045035,1192,76,0.948563,0.3125
16416000,4916.993550,1192,64,0.950295,0.3125
16418000,4915.252412,1183,74,0.949855,0.4375
16420000,5131.955787,1179,86,0.917627,0.3672
16422000,5061.990188,1179,83,0.916402,0.3203
16424000,5361.376547,1171,77,0.934038,0.2969
16426000,4877.161151,1199,68,0.850272,0.2734
16428000,5088.029100,1214,71,0.956643,0.2734
16430000,4767.724006,1211,63,0.890093,0.3125
16432000,4731.792091,1210,67,0.929663,0.2422
16434000,4836.374879,1194,70,0.954244,0.3828
16436000,4993.641894,1190,73,0.945049,0.3516
16438000,5000.602990,1202,70,0.911685,0.2500
16440000,4867.139878,1181,80,0.931010,0.3672
16442000,5303.290379,1196,71,0.950924,0.3125
16444000,5171.906755,1216,67,0.909181,0.2734
16446000,5214.180444,1208,64,0.912093,0.3203
16448000,5428.846358,1216,70,0.946275,0.2109
16450000,5412.105819,1204,71,0.957332,0.3125
16452000,4923.793375,1208,79,0.936003,0.3359
16454000,5169.701835,1216,68,0.893531,0.2266
16456000,5445.063467,1218,60,0.925680,0.2500
16458000,5644.368320,1216,62,0.944119,0.3203
16460000,5512.969374,1227,59,0.950172,0.2656
16462000,5518.678688,1233,68,0.971871,0.2891
16464000,5691.002254,1217,77,0.955879,0.2578
16466000,5504.538375,1229,73,0.938285,0.3047
16468000,4942.417023,1228,64,0.926043,0.2734
16470000,4732.152574,1191,78,0.965433,0.3281
16472000,4802.844775,1230,61,0.965402,0.2812
16474000,4702.086144,1226,60,0.911066,0.2734
16476000,4545.256647,1227,63,0.855204,0.2969
16478000,4755.222231,1217,60,0.860277,0.3047
16480000,4667.267679,1230,59,0.958438,0.2656
16482000,3984.486846,1217,62,0.894426,0.3359
16484000,4084.930695,1203,75,0.944389,0.3125
16486000,4217.478552,1199,72,0.893396,0.2422
16488000,4318.266315,1205,67,0.920148,0.2891
16490000,4400.999891,1203,77,0.924577,0.2812
16492000,4368.629084,1193,67,0.928102,0.3125
16494000,4119.581335,1196,73,0.903535,0.4141
16496000,4549.314387,1242,58,0.946070,0.2266
16498000,4738.676870,1218,70,0.964506,0.3281
16500000,5020.525611,1178,79,0.968035,0.2656
16502000,4947.108664,1187,77,0.966537,0.2344
16504000,5160.804166,1216,73,0.972160,0.2734
16506000,5046.513406,1221,69,0.962450,0.2812
16508000,4941.654403,1217,64,0.932368,0.3516
16510000,5161.740995,1200,81,0.970423,0.2969
16512000,5273.646702,1222,65,0.969922,0.2812
16514000,5132.058843,1218,60,0.969743,0.2266
16516000,5003.714703,1215,63,0.967565,0.3359
16518000,5052.839020,1210,75,0.972708,0.3359
16520000,5219.986414,1229,70,0.934250,0.3750
16522000,5107.579852,1212,82,0.936753,0.2578
16524000,5288.489600,1227,75,0.964554,0.2969
16526000,5434.789116,1220,79,0.963544,0.2891
16528000,5479.352515,1223,62,0.969491,0.2891
16530000,5450.823795,1221,71,0.972973,0.3672
16532000,5576.346843,1210,80,0.964887,0.3359
16534000,5573.824715,1236,70,0.940847,0.3359
16536000,5623.167835,1232,65,0.937279,0.3359
16538000,5680.140150,1222,60,0.966404,0.3047
16540000,5542.990695,1229,54,0.963589,0.2266
16542000,5578.594703,1227,63,0.967577,0.2734
16544000,5640.389886,1224,80,0.968767,0.3125
16546000,5651.201055,1202,76,0.965090,0.2266
16548000,5712.836075,1215,67,0.963084,0.2344
16550000,5720.339526,1224,70,0.960624,0.2344
16552000,6046.291230,1207,70,0.971595,0.2891
16554000,5694.310931,1209,66,0.954122,0.2578
16556000,5900.245632,1205,72,0.955538,0.2891
16558000,6011.078923,1207,67,0.953164,0.3047
16560000,5864.906350,1217,69,0.953224,0.2734
16562000,6183.862027,1206,74,0.933716,0.3359
16564000,6236.820315,1188,74,0.943638,0.3125
16566000,6224.008379,1182,75,0.946859,0.3359
16568000,6214.343875,1175,84,0.950423,0.3125
16570000,6184.762459,1183,63,0.967601,0.2500
16572000,6059.699968,1211,68,0.909761,0.2656
16574000,6308.512367,1194,85,0.985898,0.2969
16576000,5815.631740,1206,65,0.966169,0.2891
16578000,6145.780446,1190,74,0.967424,0.2969
16580000,6270.873564,1187,75,0.980161,0.3125
16582000,6579.267416,1181,70,0.952263,0.2656
16584000,6456.472655,1189,74,0.948702,0.3438
16586000,6931.246367,1201,75,0.975749,0.2656
16588000,6954.074518,1215,64,0.980190,0.2578
16590000,6604.212460,1204,71,0.981691,0.2578
16592000,6490.389280,1216,70,0.959778,0.2500
16594000,6427.387019,1231,66,0.967866,0.3125
16596000,6611.819310,1237,64,0.923432,0.2266
16598000,6484.921240,1221,77,0.941153,0.2656
16600000,6714.090523,1225,67,0.907367,0.2656
16602000,6754.529911,1215,71,0.946985,0.2578
16604000,6551.096652,1212,68,0.899111,0.2734
16606000,6494.298495,1189,81,0.947726,0.2500
16608000,6543.386491,1202,64,0.948590,0.2422
16610000,6573.059094,1190,72,0.949804,0.3594
16612000,6478.286062,1220,66,0.941519,0.2734
16614000,6387.471311,1233,66,0.944176,0.2891
16616000,6281.570616,1243,54,0.958321,0.2656
16618000,6323.758843,1215,62,0.919997,0.3438
16620000,6667.940851,1217,65,0.947454,0.2344
16622000,6550.670446,1221,72,0.969196,0.3438
16624000,6155.303900,1206,86,0.927309,0.2422
16626000,6349.168750,1217,78,0.930417,0.3828
16628000,6413.585555,1217,88,0.958018,0.2578
16630000,6536.549710,1209,76,0.971665,0.3516
16632000,6688.291792,1241,62,0.972503,0.2891
16634000,6967.291991,1228,68,0.970066,0.2891
16636000,7148.977787,1220,68,0.974585,0.2656
16638000,7114.922343,1207,68,0.969377,0.3281
16640000,7090.457774,1211,81,0.967718,0.4062
16642000,7218.666748,1222,79,0.969064,0.2656
16644000,7291.681046,1239,61,0.968524,0.2734
16646000,7301.202172,1230,68,0.963077,0.3203
16648000,7285.652000,1244,66,0.958999,0.3281
16650000,7381.335723,1220,86,0.979958,0.3203
16652000,7343.976910,1226,72,0.975766,0.2656
16654000,7108.929750,1220,75,0.958579,0.2891
16656000,7066.382254,1229,82,0.963465,0.3203
16658000,7021.021126,1211,77,0.966988,0.3047
16660000,6875.973436,1212,82,0.965311,0.2812
16662000,6763.795038,1211,78,0.973217,0.2891
16664000,6129.979900,1213,77,0.926198,0.2969
16666000,6374.977775,1227,62,0.951706,0.2422
16668000,6050.020303,1211,73,0.956866,0.2812
16670000,6450.248142,1199,68,0.976321,0.2422
16672000,6327.648515,1189,74,0.970207,0.3203
16674000,6276.319515,1187,79,0.975551,0.3672
16676000,6011.182307,1190,81,0.950390,0.3203
16678000,6086.867415,1206,79,0.942689,0.3359
16680000,6083.121270,1211,69,0.941184,0.2109
16682000,5918.244135,1205,77,0.949389,0.3047
16684000,6157.847567,1202,74,0.936056,0.3125
16686000,6694.903731,1207,65,0.967145,0.3281
16688000,6591.911559,1196,74,0.969324,0.3203
16690000,6591.336430,1225,63,0.964424,0.3047
16692000,6746.291407,1212,63,0.970846,0.2656
16694000,6708.764515,1221,68,0.976264,0.3750
16696000,6794.289712,1218,68,0.973463,0.2109
16698000,6829.951880,1213,77,0.970668,0.2891
16700000,6854.630175,1202,72,0.972373,0.2188
16702000,6666.678071,1221,66,0.968704,0.2500
16704000,6570.762220,1222,76,0.967210,0.2969
16706000,6550.176563,1200,82,0.966203,0.2734
16708000,6572.779575,1198,79,0.979889,0.3125
16710000,6579.606443,1206,72,0.961865,0.2891
16712000,6699.598427,1232,62,0.967387,0.2422
16714000,6532.226092,1217,68,0.975310,0.3203
16716000,6584.353471,1225,72,0.973346,0.3125
16718000,6528.173759,1240,72,0.971453,0.3828
16720000,6605.176160,1251,62,0.965780,0.2031
16722000,6872.599430,1256,56,0.920599,0.2656
16724000,6893.298615,1255,63,0.964276,0.3516
16726000,7115.695070,1253,64,0.959312,0.3281
16728000,6983.964275,1270,57,0.979101,0.2812
16730000,6914.235627,1268,55,0.975901,0.2266
16732000,6676.439792,1228,50,0.954350,0.3125
16734000,6641.183950,1263,56,0.939267,0.2500
16736000,6553.791975,1240,64,0.939184,0.2656
16738000,6688.553739,1237,64,0.963893,0.3047
16740000,6518.276392,1223,70,0.962755,0.2344
16742000,6565.298795,1229,70,0.962573,0.3438
16744000,6356.080630,1248,67,0.969113,0.2656
16746000,6130.696862,1229,73,0.966518,0.2656
16748000,6048.575347,1237,59,0.972717,0.2109
16750000,6092.399387,1211,71,0.973191,0.2812
16752000,6052.984224,1202,69,0.973889,0.3281
16754000,6132.440475,1220,68,0.977894,0.3203
16756000,5939.963295,1232,74,0.953822,0.2578
16758000,5773.216880,1216,81,0.959466,0.2891
16760000,5646.747175,1250,62,0.959249,0.3281
16762000,6049.750231,1234,60,0.923801,0.2812
16764000,5939.875564,1228,69,0.924288,0.2656
16766000,5662.406843,1251,64,0.907700,0.3125
16768000,6223.197951,1223,77,0.954196,0.2656
16770000,6130.983468,1234,61,0.956412,0.3125
16772000,6206.906248,1238,65,0.917933,0.2969
16774000,6286.794438,1245,65,0.955388,0.2969
16776000,6022.774647,1240,69,0.957641,0.2500
16778000,6006.561726,1215,76,0.956981,0.3047
16780000,6126.216832,1250,60,0.956205,0.3281
16782000,5735.273126,1228,68,0.950766,0.2891
16784000,5229.145415,1228,66,0.729623,0.3203
16786000,4942.395870,1206,79,0.739913,0.2969
16788000,5281.286560,1228,63,0.885197,0.2812
16790000,4969.212412,1214,66,0.916819,0.2500
16792000,4981.267134,1206,75,0.943839,0.3359
16794000,4775.910935,1169,95,0.891302,0.3281
16796000,5133.740336,1205,73,0.882979,0.2969
16798000,5072.877075,1203,58,0.874166,0.3516
16800000,4628.548630,1193,79,0.850199,0.2891
16802000,5111.844710,1206,62,0.938469,0.2656
16804000,5509.423091,1209,67,0.891185,0.3203
16806000,5517.161531,1213,68,0.916223,0.2031
16808000,5268.682870,1181,80,0.894373,0.3516
16810000,5820.112239,1185,71,0.971205,0.2891
16812000,5749.417454,1195,71,0.962827,0.4609
16814000,5525.883875,1220,62,0.952500,0.3359
16816000,5825.643744,1225,68,0.934665,0.2500
16818000,5649.298415,1219,69,0.954888,0.2266
16820000,5681.871595,1207,76,0.932311,0.2656
16822000,5729.750236,1202,84,0.932274,0.3047
16824000,6131.099523,1220,55,0.979476,0.2500
16826000,5963.524780,1229,73,0.978893,0.2188
16828000,5697.911175,1224,58,0.967047,0.3125
16830000,5595.618278,1231,67,0.957355,0.3203
16832000,5590.851611,1238,58,0.956388,0.1797
16834000,5725.474763,1229,70,0.957809,0.2422
16836000,5681.817043,1242,63,0.963910,0.2734
16838000,5550.193675,1222,73,0.894191,0.3594
16840000,5748.104007,1252,62,0.906393,0.2734
16842000,5794.736616,1218,65,0.948643,0.2891
16844000,5831.817799,1244,62,0.956717,0.2266
16846000,5632.451004,1223,71,0.946446,0.2891
16848000,5797.061191,1225,61,0.946245,0.2891
16850000,5442.684743,1227,86,0.942232,0.2266
16852000,5160.493715,1228,71,0.959073,0.2812
16854000,5275.172368,1235,71,0.958082,0.2891
16856000,5057.477527,1225,73,0.959175,0.2188
16858000,5175.148791,1218,76,0.949524,0.2891
16860000,5041.490326,1194,71,0.943346,0.2812
16862000,5099.290550,1208,84,0.961240,0.2109
16864000,5120.560934,1213,73,0.964598,0.2578
16866000,5027.349555,1220,65,0.968751,0.3281
16868000,5057.378207,1230,58,0.969566,0.2656
16870000,4974.759200,1226,68,0.957953,0.2344
16872000,4887.365275,1231,61,0.962946,0.2734
16874000,4875.021232,1228,57,0.960247,0.2344
16876000,5177.424956,1235,66,0.976304,0.2891
16878000,5149.285502,1222,60,0.961854,0.2891
16880000,5101.790647,1232,55,0.959647,0.1875
16882000,5203.473119,1262,58,0.959474,0.2422
16884000,5260.872246,1258,50,0.936920,0.2891
16886000,5238.733719,1246,66,0.947374,0.2891
16888000,5386.592635,1265,53,0.947887,0.2734
16890000,5233.519854,1248,56,0.963887,0.3203
16892000,5165.876902,1243,65,0.947928,0.1953
16894000,5183.130115,1241,58,0.941058,0.2812
16896000,5312.763695,1221,63,0.942415,0.2812
16898000,5153.626615,1229,61,0.928608,0.2344
16900000,4993.008039,1217,71,0.930194,0.2266
16902000,5014.513775,1224,68,0.963043,0.3516
16904000,4665.682507,1231,66,0.924333,0.2656
16906000,4697.416382,1228,75,0.913530,0.2734
16908000,4802.832563,1227,76,0.952527,0.1797
16910000,4811.546032,1238,67,0.950613,0.2656
16912000,4775.123415,1221,75,0.943172,0.3672
16914000,4594.971335,1238,66,0.932504,0.2891
16916000,4534.317342,1229,65,0.924678,0.2812
16918000,4613.638227,1225,66,0.909443,0.2734
16920000,4612.279439,1203,82,0.904796,0.2734
16922000,4602.213608,1207,72,0.926992,0.3359
16924000,4567.499790,1211,72,0.914332,0.2500
16926000,4486.195419,1198,75,0.918164,0.3125
16928000,4562.444364,1192,80,0.920851,0.3438
16930000,5106.666079,1190,82,0.972141,0.2344
16932000,5255.564479,1213,69,0.965341,0.2891
16934000,4936.711596,1188,73,0.910807,0.3359
16936000,5068.650350,1200,76,0.941178,0.3438
16938000,5245.129075,1204,80,0.962728,0.2500
16940000,5210.257334,1235,75,0.939067,0.3203
16942000,5029.466391,1194,78,0.939051,0.2969
16944000,5450.604407,1199,79,0.967523,0.2578
16946000,5511.637464,1194,78,0.964074,0.2656
16948000,5339.113943,1196,86,0.831922,0.2969
16950000,5666.177950,1206,80,0.938405,0.2656
16952000,5693.810366,1222,79,0.946343,0.3359
16954000,5652.536998,1226,73,0.874206,0.2578
16956000,5785.068056,1228,68,0.857872,0.3359
16958000,6205.619448,1240,61,0.934381,0.2344
16960000,6340.037216,1252,54,0.935767,0.2578
16962000,6238.938843,1221,72,0.922275,0.2969
16964000,6327.170735,1224,74,0.935950,0.2578
16966000,6360.526439,1190,91,0.914554,0.3438
16968000,6215.392286,1194,71,0.847728,0.3359
16970000,5756.492150,1218,67,0.815013,0.2656
16972000,6337.210942,1201,79,0.843821,0.3438
16974000,6243.854990,1205,66,0.844044,0.2188
16976000,6448.792870,1194,82,0.956682,0.3359
16978000,6304.432156,1191,83,0.943207,0.3438
16980000,6427.574339,1218,72,0.939659,0.2812
16982000,6519.393131,1207,64,0.945117,0.2578
16984000,6525.607390,1224,60,0.946039,0.2578
16986000,6297.364700,1217,76,0.966286,0.3203
16988000,6358.830112,1215,73,0.975714,0.3359
16990000,6366.530888,1221,69,0.975734,0.3047
16992000,6347.934219,1237,66,0.976797,0.2500
16994000,6260.981920,1230,57,0.973386,0.2578
16996000,6319.574335,1191,83,0.925793,0.3828
16998000,6356.166390,1201,65,0.967611,0.2422
17000000,6055.525928,1213,67,0.934424,0.2969
17002000,6663.223247,1223,63,0.975451,0.2969
17004000,6831.787660,1221,63,0.973101,0.2812
17006000,6742.938587,1224,68,0.959007,0.2812
17008000,6556.171699,1243,49,0.934034,0.2500
17010000,6566.698315,1247,52,0.952373,0.2734
17012000,6394.110524,1242,52,0.910090,0.3047
17014000,6636.471040,1237,67,0.939356,0.3750
17016000,6604.624595,1215,76,0.953650,0.2969
17018000,6595.594363,1232,70,0.956737,0.3516
17020000,6453.043703,1193,77,0.954049,0.2578
17022000,6480.986623,1190,72,0.953890,0.2812
17024000,6584.015983,1189,81,0.952740,0.3516
17026000,6773.308575,1179,79,0.955513,0.3594
17028000,6788.048934,1198,72,0.964408,0.2422
17030000,6962.796859,1185,83,0.967979,0.2891
17032000,7036.170251,1189,81,0.960956,0.2656
17034000,7191.557862,1186,80,0.967820,0.2891
17036000,7154.729395,1220,65,0.968933,0.2656
17038000,7005.849439,1198,76,0.967558,0.3203
17040000,7081.367628,1201,66,0.968335,0.1953
17042000,6965.766775,1198,69,0.967077,0.2578
17044000,6546.112396,1204,75,0.968993,0.3438
17046000,6186.360558,1209,84,0.950145,0.3438
17048000,5895.900115,1206,70,0.902116,0.2969
17050000,5997.787054,1203,88,0.889990,0.2969
17052000,6384.109000,1207,74,0.955453,0.3203
17054000,6428.740907,1218,67,0.959652,0.2656
17056000,6382.714534,1191,74,0.944681,0.2109
17058000,6435.869255,1214,61,0.943455,0.2969
17060000,6570.950476,1207,61,0.957040,0.3516
17062000,6500.715150,1202,68,0.942307,0.3594
17064000,6532.912984,1220,71,0.943230,0.3047
17066000,6422.667884,1224,69,0.947906,0.2969
17068000,6446.594476,1222,69,0.945827,0.2656
17070000,6100.159814,1219,57,0.961706,0.2812
17072000,6032.105055,1200,66,0.949606,0.2578
17074000,6035.343336,1203,77,0.951187,0.2500
17076000,6099.438875,1201,58,0.953132,0.2969
17078000,5918.951951,1204,73,0.956883,0.3125
17080000,6009.570088,1224,68,0.972286,0.2656
17082000,6068.655430,1213,67,0.976569,0.2422
17084000,5944.098683,1207,88,0.977260,0.2656
17086000,5563.773775,1214,75,0.898350,0.3047
17088000,5888.226480,1218,68,0.969889,0.2500
17090000,6081.798126,1219,67,0.970063,0.3203
17092000,6117.251583,1228,68,0.970309,0.3672
17094000,6032.382236,1218,64,0.971616,0.2656
17096000,6201.926995,1216,74,0.974023,0.3359
17098000,5954.844007,1201,79,0.971360,0.3281
17100000,5685.135702,1204,83,0.969144,0.2969
17102000,5481.603127,1189,82,0.966663,0.3203
17104000,5262.777619,1208,70,0.936468,0.2891
17106000,4685.096235,1193,74,0.829369,0.3281
17108000,5230.816803,1225,60,0.932953,0.2109
17110000,5644.870286,1212,58,0.968992,0.2734
17112000,5132.024035,1201,76,0.899007,0.2812
17114000,5310.134406,1205,77,0.934337,0.3281
17116000,5516.709219,1207,75,0.953384,0.2891
17118000,5779.742126,1225,58,0.931023,0.2969
17120000,5607.841104,1208,72,0.934348,0.3438
17122000,5595.709807,1217,59,0.860127,0.2188
17124000,5325.217895,1217,73,0.885274,0.3906
17126000,6159.518990,1183,84,0.942387,0.2969
17128000,6213.367843,1205,67,0.941068,0.2500
17130000,5173.191662,1218,63,0.882161,0.2266
17132000,5214.040675,1209,77,0.886343,0.2656
17134000,5357.673223,1202,72,0.912683,0.2891
17136000,5034.227086,1212,75,0.906683,0.2188
17138000,4944.554350,1208,69,0.915323,0.3203
17140000,4617.864718,1201,59,0.852598,0.2891
17142000,5099.967510,1190,74,0.786442,0.3203
17144000,5096.128251,1188,72,0.787982,0.3438
17146000,5928.355151,1203,80,0.935652,0.3047
17148000,6133.519811,1199,83,0.939256,0.2969
17150000,6005.264359,1202,74,0.895525,0.3047
17152000,5940.363895,1218,72,0.896706,0.3828
17154000,5920.615239,1225,64,0.895258,0.3203
17156000,5090.238675,1217,67,0.800567,0.2422
17158000,5234.949983,1199,78,0.877757,0.3047
17160000,5027.469526,1215,71,0.841085,0.3047
17162000,5381.278540,1198,74,0.958859,0.2969
17164000,5462.658683,1199,77,0.957320,0.3359
17166000,5708.184158,1186,81,0.962065,0.2969
17168000,4749.630195,1197,72,0.896417,0.2266
17170000,5073.718215,1200,79,0.928411,0.3281
17172000,5289.964460,1238,54,0.937804,0.2891
17174000,5231.999462,1228,61,0.951104,0.2031
17176000,5227.992483,1203,66,0.951568,0.2031
17178000,5297.993736,1202,67,0.952883,0.2656
17180000,5324.446428,1192,91,0.954680,0.2969
17182000,5162.144951,1183,76,0.908533,0.2578
17184000,5072.810967,1193,73,0.960870,0.2969
17186000,4937.193420,1196,66,0.962863,0.2656
17188000,4947.981671,1207,76,0.958577,0.2422
17190000,4984.602670,1215,66,0.923131,0.2344
17192000,4731.536812,1201,82,0.887357,0.2969
17194000,5158.847387,1182,80,0.958385,0.3359
17196000,4850.794075,1202,73,0.908942,0.3516
17198000,4793.958030,1170,89,0.913229,0.2812
17200000,4850.450688,1168,92,0.918012,0.3516
17202000,4781.097343,1184,86,0.919261,0.3203
17204000,5005.187292,1218,70,0.955155,0.3047
17206000,5323.076395,1209,74,0.951085,0.3281
17208000,5245.523375,1205,76,0.880128,0.3594
17210000,5604.892835,1196,87,0.969137,0.3203
17212000,5629.718038,1190,90,0.969877,0.2969
17214000,5722.684380,1183,81,0.951339,0.2578
17216000,5743.342096,1162,92,0.959300,0.3203
17218000,5721.850510,1172,90,0.962710,0.3359
17220000,5676.594551,1193,76,0.961900,0.2578
17222000,5383.466934,1185,80,0.898750,0.3516
17224000,5302.893699,1174,85,0.924209,0.3203
17226000,5339.115775,1203,68,0.922764,0.2500
17228000,5194.475315,1218,58,0.867315,0.3281
17230000,5113.056751,1188,79,0.905088,0.3203
17232000,4677.656454,1209,67,0.879245,0.3438
17234000,4492.254967,1222,68,0.804989,0.3594
17236000,4600.741031,1220,62,0.915980,0.2656
17238000,4766.883500,1220,75,0.919234,0.3828
17240000,4120.362710,1213,64,0.826619,0.2812
17242000,4684.086543,1216,70,0.875518,0.2266
17244000,4797.226700,1221,63,0.949393,0.3281
17246000,4478.111232,1208,68,0.930670,0.3516
17248000,4649.703939,1209,64,0.931384,0.2578
17250000,4764.973628,1211,75,0.942088,0.2344
17252000,4552.580870,1237,58,0.936315,0.2891
17254000,4867.086455,1213,68,0.944741,0.2656
17256000,5178.772399,1223,62,0.941960,0.2344
17258000,5093.314011,1214,72,0.970337,0.3047
17260000,5289.922931,1228,65,0.955615,0.2734
17262000,5519.341223,1227,60,0.963275,0.2266
17264000,5485.160686,1193,76,0.929623,0.2969
17266000,5493.939495,1210,73,0.954143,0.3047
17268000,5566.756348,1207,71,0.953874,0.3203
17270000,5529.191495,1183,81,0.962785,0.2969
17272000,5399.477766,1204,73,0.907359,0.2734
17274000,5029.971208,1234,62,0.932798,0.2969
17276000,5176.111084,1234,65,0.956093,0.2656
17278000,5004.453846,1220,63,0.946030,0.2578
17280000,5204.276555,1231,67,0.905081,0.2891
17282000,5430.107495,1228,70,0.961877,0.3516
17284000,5230.826846,1243,67,0.950718,0.2422
17286000,5334.447871,1211,74,0.943028,0.3516
17288000,4861.664315,1216,73,0.946010,0.2812
17290000,4704.664014,1194,75,0.905984,0.3047
17292000,5190.645256,1204,57,0.938189,0.1953
17294000,5305.674355,1212,55,0.935987,0.2969
17296000,5119.059750,1205,72,0.909720,0.3281
17298000,5228.914915,1201,75,0.917144,0.2656
17300000,5097.056123,1195,72,0.914144,0.2344
17302000,4608.213239,1205,75,0.773510,0.2969
17304000,4911.118535,1212,57,0.887061,0.3047
17306000,5067.351175,1194,78,0.917703,0.2812
17308000,4468.641875,1202,75,0.781318,0.2578
17310000,4616.915311,1215,74,0.771479,0.2969
17312000,4628.678875,1209,70,0.800107,0.3438
17314000,5362.316655,1221,67,0.903924,0.3281
17316000,5482.093526,1230,76,0.913707,0.2812
17318000,5371.374248,1253,57,0.920596,0.2891
17320000,5268.383687,1233,71,0.946638,0.2578
17322000,5216.796270,1223,64,0.946657,0.2500
17324000,5320.401687,1229,61,0.953951,0.2969
17326000,5477.492087,1237,55,0.951015,0.3516
17328000,5482.869638,1250,54,0.966889,0.2500
17330000,5637.866816,1254,53,0.947123,0.1797
17332000,5632.387203,1253,64,0.954481,0.3438
17334000,5737.283318,1229,68,0.948187,0.2656
17336000,5689.975584,1219,78,0.947908,0.3516
17338000,5545.800350,1221,64,0.964336,0.2734
17340000,5664.229230,1218,60,0.960022,0.3594
17342000,6118.555671,1221,69,0.951731,0.3516
17344000,6001.103856,1225,67,0.936225,0.2656
17346000,5751.662615,1234,76,0.867011,0.2031
17348000,5355.547771,1225,68,0.901094,0.2656
17350000,5469.978911,1224,74,0.866215,0.2578
17352000,5432.888043,1220,72,0.860366,0.3594
17354000,5567.458595,1198,87,0.951944,0.3516
17356000,5355.214040,1211,61,0.908458,0.2500
17358000,5496.904907,1197,83,0.867487,0.2891
17360000,5688.554583,1247,55,0.874685,0.2734
17362000,5935.741075,1256,44,0.934832,0.2188
17364000,5707.921187,1251,57,0.923635,0.3516
17366000,5764.437980,1264,58,0.948516,0.3828
17368000,5510.087168,1281,53,0.944660,0.2812
17370000,5503.053612,1246,60,0.943585,0.3125
17372000,5443.341755,1241,72,0.953186,0.3594
17374000,5410.840566,1214,90,0.967928,0.3125
17376000,5554.665623,1242,66,0.967901,0.2969
17378000,5472.768227,1263,58,0.966937,0.2891
17380000,5483.640328,1252,59,0.935448,0.2422
17382000,5763.737199,1255,67,0.878997,0.2969
17384000,6150.614491,1235,76,0.953647,0.3594
17386000,6249.410139,1253,66,0.957782,0.2969
17388000,6058.068108,1244,63,0.960456,0.2500
17390000,6037.535752,1219,75,0.938821,0.2734
17392000,6015.351260,1242,75,0.938469,0.3828
17394000,5590.372126,1229,80,0.878078,0.3359
17396000,5407.391518,1249,65,0.933396,0.2891
17398000,5496.495084,1219,76,0.909995,0.2109
17400000,5818.006614,1234,66,0.965918,0.3281
17402000,5645.070355,1238,65,0.908926,0.3281
17404000,5724.106439,1246,62,0.932707,0.2734
17406000,5728.139803,1225,59,0.920757,0.2656
17408000,5699.524958,1224,70,0.940998,0.2422
17410000,5761.047950,1229,60,0.962940,0.2656
17412000,5766.221196,1200,74,0.910819,0.3125
17414000,5747.222115,1208,86,0.932701,0.3047
17416000,5842.672275,1206,77,0.930351,0.2734
17418000,5585.549119,1210,71,0.925621,0.2891
17420000,6002.502910,1230,59,0.903940,0.2891
17422000,6137.968247,1231,64,0.940156,0.2734
17424000,5615.224075,1232,66,0.907167,0.2812
17426000,5774.889987,1230,76,0.906930,0.3359
17428000,5533.243888,1234,75,0.910467,0.2422
17430000,5825.252431,1225,77,0.879546,0.3984
17432000,5902.033246,1204,84,0.896697,0.3516
17434000,5895.687779,1216,72,0.857412,0.2891
17436000,6019.578752,1237,57,0.858591,0.2578
17438000,6372.896867,1236,58,0.957452,0.2734
17440000,6403.442572,1230,74,0.954633,0.2188
17442000,6257.624811,1256,50,0.912846,0.2188
17444000,6242.924110,1266,56,0.942911,0.2578
17446000,6385.750616,1220,67,0.945089,0.2344
17448000,5996.625615,1237,51,0.928127,0.3047
17450000,6122.402968,1191,80,0.968711,0.2969
17452000,5661.428135,1206,82,0.958161,0.2891
17454000,5813.836172,1230,68,0.960093,0.2891
17456000,6318.038487,1202,71,0.976600,0.2656
17458000,6127.552731,1204,69,0.962336,0.2734
17460000,6232.226451,1196,79,0.932958,0.3359
17462000,6238.825947,1201,74,0.934345,0.2812
17464000,6339.931211,1201,68,0.948964,0.2891
17466000,6507.881939,1196,74,0.950518,0.3047
17468000,6095.613027,1218,57,0.922779,0.2188
17470000,6062.233902,1215,62,0.916559,0.2422
17472000,6288.731875,1191,72,0.942443,0.2656
17474000,6808.134615,1209,71,0.931817,0.2188
17476000,6935.474336,1218,74,0.932025,0.3047
17478000,6775.533326,1201,73,0.922982,0.2734
17480000,6289.131595,1214,73,0.904233,0.2266
17482000,7332.971900,1207,84,0.964146,0.3125
17484000,7252.491515,1209,79,0.963521,0.3438
17486000,7366.679912,1220,78,0.968463,0.2734
17488000,7459.389950,1245,53,0.952956,0.2656
17490000,7336.430147,1254,53,0.940506,0.2578
17492000,7315.874110,1245,64,0.935485,0.2188
17494000,7070.527855,1228,78,0.941017,0.3047
17496000,6987.190907,1234,59,0.925643,0.2266
17498000,6472.244540,1201,70,0.732630,0.2891
17500000,6304.561280,1196,81,0.886335,0.2969
17502000,6685.076403,1197,86,0.968461,0.3359
17504000,6456.806700,1190,79,0.957955,0.2891
17506000,6325.696254,1218,69,0.801773,0.2891
17508000,6471.322414,1217,72,0.914624,0.2578
17510000,7065.971160,1182,92,0.950100,0.2734
17512000,7078.489135,1181,97,0.949482,0.4531
17514000,7127.922086,1195,83,0.950295,0.3828
17516000,6898.027240,1214,67,0.940770,0.2734
17518000,6612.796632,1206,88,0.908460,0.2734
17520000,6737.917038,1203,79,0.923906,0.3359
17522000,6713.555015,1218,70,0.912061,0.2891
17524000,7111.818070,1228,67,0.943561,0.2266
17526000,6923.446739,1215,72,0.923823,0.3438
17528000,7126.637795,1225,65,0.938033,0.2734
17530000,7098.119683,1215,76,0.938600,0.3047
17532000,7094.233999,1233,70,0.933653,0.1953
17534000,6672.188910,1225,74,0.760134,0.2891
17536000,6861.566819,1224,76,0.910120,0.2969
17538000,6867.580878,1220,70,0.925351,0.2734
17540000,6844.161999,1216,74,0.914819,0.2344
17542000,6969.769615,1227,65,0.914115,0.2266
17544000,6680.482582,1196,72,0.882875,0.3672
17546000,7501.704507,1205,78,0.934601,0.1797
17548000,7430.790419,1220,72,0.919460,0.2656
17550000,7376.856156,1240,51,0.920979,0.2891
17552000,7391.087292,1238,58,0.902886,0.1875
17554000,7548.456919,1227,73,0.935771,0.2422
17556000,7304.779680,1201,77,0.931495,0.2578
17558000,6424.026460,1209,75,0.936593,0.2734
17560000,7050.358271,1205,88,0.948774,0.3125
17562000,7114.605160,1196,79,0.970096,0.3203
17564000,7058.734675,1216,73,0.962860,0.2812
17566000,7400.633703,1218,80,0.954675,0.2969
17568000,7214.515494,1231,61,0.940056,0.3359
17570000,6970.662395,1226,62,0.882265,0.3047
17572000,7189.189072,1218,71,0.965967,0.3047
17574000,7293.897531,1194,70,0.963254,0.2969
17576000,7201.304638,1208,73,0.961418,0.2969
17578000,6528.877251,1204,72,0.802331,0.2656
17580000,7090.098255,1201,62,0.958935,0.2422
17582000,6969.230300,1196,64,0.959647,0.2891
17584000,7100.902750,1210,75,0.964186,0.3203
17586000,5432.472887,1193,75,0.747724,0.2734
17588000,5890.061391,1194,74,0.890001,0.3281
17590000,5923.871275,1215,59,0.868137,0.3047
17592000,6505.397263,1211,68,0.962432,0.3125
17594000,6513.590550,1208,73,0.947888,0.3047
17596000,7051.669035,1217,62,0.977352,0.2578
17598000,7139.965387,1217,68,0.964932,0.2734
17600000,6954.031251,1221,71,0.944487,0.3125
17602000,6912.225592,1248,63,0.946998,0.2344
17604000,6764.979167,1238,65,0.941562,0.2422
17606000,6716.453808,1227,68,0.972580,0.2188
17608000,6653.444323,1211,79,0.946799,0.3281
17610000,6957.825927,1223,84,0.970408,0.3281
17612000,6812.842566,1205,74,0.958845,0.3047
17614000,6904.986355,1205,75,0.924051,0.2812
17616000,6901.736126,1233,81,0.952137,0.2656
17618000,7041.176155,1219,70,0.952865,0.3047
17620000,7492.293582,1215,67,0.941116,0.2578
17622000,7475.685823,1212,72,0.942447,0.2422
17624000,7567.541643,1225,74,0.944508,0.3359
17626000,7610.518304,1207,76,0.896048,0.2812
17628000,7640.018931,1207,78,0.901125,0.2969
17630000,6828.026086,1223,73,0.956914,0.2734
17632000,7048.073688,1202,76,0.936192,0.2734
17634000,6938.330038,1216,64,0.942499,0.3125
17636000,6932.614891,1216,65,0.937969,0.1797
17638000,7062.684886,1207,85,0.962980,0.2656
17640000,7046.588574,1221,82,0.955257,0.2266
17642000,6921.256255,1219,86,0.954539,0.2969
17644000,7495.905315,1233,70,0.967471,0.3594
17646000,7344.906315,1224,80,0.965053,0.3359
17648000,7051.873814,1236,63,0.965699,0.2891
17650000,7040.217019,1230,53,0.953557,0.2734
17652000,7167.825975,1236,60,0.969456,0.2344
17654000,6756.768630,1221,59,0.969786,0.2891
17656000,6763.812415,1221,60,0.951620,0.2812
17658000,6574.041027,1226,56,0.889727,0.2656
17660000,6230.637775,1222,72,0.924494,0.2812
17662000,6485.529175,1243,64,0.873221,0.2344
17664000,6387.065260,1229,72,0.918968,0.2578
17666000,6767.832215,1210,77,0.961728,0.3516
17668000,6787.708807,1230,75,0.961154,0.3047
17670000,6581.171963,1233,77,0.950604,0.2500
17672000,6731.791814,1218,76,0.948424,0.2188
17674000,6813.535739,1212,75,0.958667,0.2500
17676000,6816.631500,1211,88,0.947163,0.2891
17678000,6945.391123,1217,77,0.963213,0.3125
17680000,7296.175206,1234,60,0.956070,0.3438
17682000,7365.682806,1228,74,0.955046,0.2422
17684000,7525.786014,1225,66,0.945185,0.2734
17686000,7728.924430,1223,68,0.981692,0.2812
17688000,7838.774515,1229,59,0.982367,0.2422
17690000,8111.257723,1214,65,0.985696,0.2031
17692000,7965.673608,1200,72,0.984986,0.2891
17694000,7945.158087,1196,76,0.982089,0.2969
17696000,7721.443820,1203,80,0.984443,0.2891
17698000,7493.807951,1169,90,0.970017,0.3359
17700000,7480.023075,1188,83,0.980433,0.3125
17702000,7401.969879,1201,77,0.942781,0.3438
17704000,7539.539483,1215,67,0.949167,0.3125
17706000,7299.382627,1231,61,0.979054,0.2344
17708000,7298.723983,1242,56,0.970904,0.2422
17710000,7512.760247,1212,62,0.962997,0.2812
17712000,7449.534687,1203,56,0.976010,0.2422
17714000,7501.355980,1217,62,0.956481,0.2812
17716000,7616.132286,1212,74,0.968376,0.2422
17718000,7864.675792,1191,79,0.976847,0.2656
17720000,7629.022091,1204,72,0.963541,0.2656
17722000,7475.708886,1224,55,0.958875,0.2656
17724000,7378.897379,1215,66,0.969033,0.2109
17726000,7431.431199,1202,61,0.968773,0.3203
17728000,7537.880243,1217,61,0.962356,0.2734
17730000,7784.578995,1201,80,0.975247,0.2422
17732000,7326.018051,1211,68,0.970669,0.2969
17734000,7667.585366,1207,78,0.961841,0.3047
17736000,6138.728072,1225,67,0.949304,0.2422
17738000,6024.325755,1238,71,0.949290,0.3047
17740000,6324.939371,1237,73,0.908862,0.3203
17742000,6702.749771,1242,68,0.951350,0.2969
17744000,6839.894022,1226,71,0.948958,0.2812
17746000,6680.304300,1231,75,0.949715,0.2344
17748000,6723.269340,1218,62,0.950610,0.2812
17750000,6620.356732,1220,65,0.943357,0.2422
17752000,6671.500630,1200,73,0.956635,0.2812
17754000,6710.236958,1208,92,0.940968,0.3047
17756000,6980.684107,1207,84,0.946368,0.3203
17758000,6959.703155,1245,59,0.944840,0.2578
17760000,7058.572828,1233,63,0.943887,0.2500
17762000,6880.753120,1243,63,0.845923,0.3438
17764000,6740.122460,1235,63,0.881727,0.2422
17766000,6691.237708,1220,63,0.882740,0.2734
17768000,6762.924012,1217,75,0.896359,0.2656
17770000,7291.321592,1233,64,0.928164,0.2500
17772000,7689.300479,1222,75,0.922121,0.3203
17774000,7580.122795,1236,71,0.941459,0.3359
17776000,7384.720403,1248,55,0.907041,0.3516
17778000,7291.003382,1231,57,0.953993,0.2578
17780000,7903.035912,1243,59,0.938869,0.2500
17782000,7842.145030,1236,66,0.848748,0.2422
17784000,8385.709932,1248,56,0.959744,0.3203
17786000,7847.255715,1227,71,0.936869,0.3203
17788000,8019.233479,1222,70,0.956579,0.2969
17790000,7555.023823,1212,76,0.862531,0.3203
17792000,7751.150040,1221,75,0.907787,0.3047
17794000,7599.163243,1213,92,0.934078,0.2969
17796000,7476.946127,1235,68,0.924820,0.2578
17798000,7945.103662,1253,62,0.938681,0.2891
17800000,7952.633894,1286,54,0.943294,0.3203
17802000,8003.983980,1242,59,0.944482,0.2891
17804000,7575.253851,1249,57,0.930692,0.3359
17806000,7529.183400,1251,72,0.925365,0.3438
17808000,7520.712830,1220,81,0.922705,0.2656
17810000,7721.790215,1231,62,0.921481,0.2656
17812000,8294.847167,1206,81,0.974870,0.2422
17814000,8325.131223,1227,75,0.975187,0.3281
17816000,7939.396031,1233,67,0.981714,0.2344
17818000,8260.970759,1237,64,0.972211,0.3125
17820000,8316.824678,1230,67,0.972196,0.3047
17822000,8316.474135,1231,63,0.971406,0.3516
17824000,8457.300520,1230,65,0.970900,0.3125
17826000,8419.071654,1224,70,0.969262,0.3438
17828000,8381.314572,1220,67,0.968173,0.2734
17830000,8295.770087,1229,77,0.968046,0.2969
17832000,8457.381523,1216,83,0.969958,0.3203
17834000,8539.491280,1237,86,0.970149,0.3047
17836000,8622.009740,1241,73,0.969698,0.3516
17838000,8538.471095,1214,77,0.970171,0.2422
17840000,8688.513068,1205,81,0.971713,0.3203
17842000,8765.163355,1230,64,0.973155,0.2891
17844000,8729.654344,1197,74,0.973646,0.2734
17846000,8236.478615,1197,68,0.975091,0.2031
17848000,8610.690191,1192,82,0.973037,0.3047
17850000,8637.899598,1196,76,0.972927,0.3672
17852000,8689.545455,1203,79,0.973329,0.3516
17854000,8726.706179,1208,77,0.971272,0.3125
17856000,8729.261295,1223,69,0.981384,0.2734
17858000,8685.468359,1222,71,0.948814,0.3047
17860000,8768.445324,1224,64,0.949890,0.2734
17862000,8579.120652,1222,64,0.955211,0.3125
17864000,8662.520750,1224,74,0.972097,0.3359
17866000,8642.238531,1213,82,0.972082,0.2734
17868000,8670.697771,1242,67,0.960752,0.3281
17870000,8352.343718,1233,64,0.977600,0.2812
17872000,8502.978566,1214,66,0.974013,0.2812
17874000,8095.936575,1233,67,0.973550,0.2109
17876000,7879.635884,1242,67,0.969919,0.2734
17878000,7724.965467,1246,74,0.968696,0.2734
17880000,7335.591115,1247,58,0.891793,0.2109
17882000,7550.619643,1240,68,0.891976,0.2969
17884000,7472.845899,1232,67,0.847291,0.2812
17886000,8400.058886,1227,55,0.974736,0.2500
17888000,8012.103403,1233,59,0.962671,0.2344
17890000,8195.111507,1223,55,0.978595,0.2500
17892000,8381.968295,1229,54,0.982690,0.2578
17894000,7540.375054,1221,77,0.956807,0.3359
17896000,7452.679951,1237,63,0.965023,0.2656
17898000,7435.463415,1225,71,0.962095,0.2734
17900000,7279.591827,1220,76,0.962844,0.2266
17902000,7379.117211,1204,77,0.958617,0.2891
17904000,7290.401790,1201,72,0.959881,0.3438
17906000,7217.137536,1218,70,0.958340,0.3203
17908000,6923.126791,1220,74,0.927225,0.2891
17910000,6771.280823,1223,70,0.922885,0.2891
17912000,7081.589758,1236,60,0.868368,0.2578
17914000,6993.311975,1215,65,0.874689,0.2266
17916000,7005.347303,1208,71,0.870831,0.2500
17918000,6889.992911,1196,80,0.867978,0.2734
17920000,7607.616598,1216,73,0.974480,0.2656
17922000,7449.663347,1212,71,0.974453,0.2969
17924000,7194.199955,1202,76,0.962943,0.2500
17926000,7191.263622,1198,69,0.959181,0.3594
17928000,7036.794838,1206,78,0.953042,0.2578
17930000,6922.788819,1211,60,0.954927,0.3047
17932000,6829.798806,1207,89,0.943644,0.3438
17934000,6748.134008,1219,78,0.946649,0.2891
17936000,6905.444140,1209,71,0.947588,0.3047
17938000,6943.535523,1203,77,0.947924,0.2734
17940000,7048.157078,1217,64,0.950009,0.2422
17942000,7278.602556,1224,58,0.953006,0.2812
17944000,7332.720030,1240,52,0.963724,0.2578
17946000,7361.109880,1249,59,0.962577,0.2031
17948000,7451.410271,1229,60,0.963892,0.3359
17950000,7151.565584,1248,70,0.959896,0.2812
17952000,7165.936076,1241,64,0.966126,0.2656
17954000,7145.775327,1229,65,0.965231,0.2578
17956000,7025.196198,1209,79,0.966199,0.3047
17958000,6940.512088,1208,82,0.966441,0.2188
17960000,6978.790550,1219,65,0.966792,0.3281
17962000,6679.622262,1234,68,0.950300,0.2891
17964000,6769.765422,1219,69,0.950072,0.2109
17966000,6816.735574,1200,77,0.951063,0.2734
17968000,6872.795502,1211,76,0.954305,0.2500
17970000,6868.742076,1231,64,0.953493,0.2656
17972000,7087.195068,1250,68,0.951958,0.2344
17974000,7146.715755,1232,68,0.940394,0.2656
17976000,7453.306232,1249,64,0.977600,0.2031
17978000,7459.146867,1234,68,0.978431,0.2344
17980000,7106.780699,1203,93,0.963561,0.2578
17982000,7196.980230,1229,81,0.958140,0.3125
17984000,7017.808375,1231,76,0.958346,0.2734
17986000,6845.633247,1214,76,0.954397,0.3281
17988000,6767.170791,1218,70,0.951736,0.2344
17990000,7006.878835,1199,83,0.973841,0.3594
17992000,6871.811190,1220,72,0.972412,0.3516
17994000,6452.583068,1210,63,0.946167,0.2969
17996000,6335.378272,1206,73,0.946514,0.2812
17998000,6092.268958,1198,71,0.941466,0.3438
18000000,6281.438103,1222,65,0.945634,0.2578
18002000,6113.991790,1212,73,0.946765,0.2109
18004000,6079.527548,1230,68,0.862396,0.2656
18006000,6391.625500,1220,67,0.899408,0.3047
18008000,6474.035243,1255,49,0.897353,0.2734
18010000,6527.746047,1223,57,0.903553,0.2812
18012000,7104.472115,1222,61,0.959794,0.2891
18014000,7216.732639,1230,71,0.971584,0.2578
18016000,7401.879990,1261,67,0.972978,0.2422
18018000,7227.525483,1253,67,0.971508,0.2734
18020000,7010.838780,1263,60,0.903098,0.1797
18022000,7058.948047,1242,62,0.923223,0.2812
18024000,6822.743263,1235,65,0.909744,0.3359
18026000,6910.872463,1217,64,0.971188,0.2734
18028000,6550.917084,1212,86,0.960552,0.2969
18030000,6822.711219,1213,64,0.979996,0.2188
18032000,6209.033507,1233,67,0.906223,0.2734
18034000,6429.723894,1229,63,0.961622,0.2891
18036000,6662.001950,1239,62,0.961415,0.2578
18038000,6315.772716,1226,69,0.935873,0.3047
18040000,6166.485438,1208,65,0.934729,0.2656
18042000,6453.658700,1222,62,0.967194,0.2969
18044000,6161.110620,1206,68,0.901671,0.3125
18046000,6427.995128,1196,77,0.965309,0.3516
18048000,6435.258076,1210,59,0.964832,0.2422
18050000,6353.346375,1192,77,0.961884,0.3984
18052000,6351.304319,1199,84,0.969593,0.3203
18054000,6243.696304,1181,92,0.968580,0.3203
18056000,6370.386799,1175,92,0.968493,0.2891
18058000,6438.655571,1199,74,0.968761,0.2344
18060000,5682.650910,1176,93,0.940669,0.2891
18062000,5105.198620,1199,84,0.749744,0.3516
18064000,4922.866179,1232,69,0.834873,0.2500
18066000,4973.241459,1235,65,0.821141,0.3203
18068000,5095.580563,1208,77,0.842377,0.3047
18070000,4675.830667,1239,55,0.848397,0.2812
18072000,4537.863014,1242,63,0.947067,0.3203
18074000,4260.837880,1234,68,0.856341,0.1875
18076000,4314.309995,1235,65,0.923797,0.2969
18078000,4383.670550,1208,69,0.921453,0.2734
18080000,4275.625230,1214,62,0.900350,0.3125
18082000,5362.224135,1222,77,0.855441,0.3047
18084000,5375.427480,1223,68,0.871713,0.2969
18086000,5109.223324,1239,62,0.854817,0.2422
18088000,5362.418140,1228,70,0.875129,0.3672
18090000,5192.116415,1212,64,0.909358,0.2734
18092000,5232.236430,1219,77,0.942328,0.3125
18094000,5384.686950,1223,71,0.945997,0.3047
18096000,5370.802688,1220,80,0.912736,0.2656
18098000,5337.987484,1257,57,0.929805,0.2578
18100000,5431.005199,1250,72,0.960445,0.2891
18102000,5351.732622,1257,69,0.943152,0.2500
18104000,5637.888835,1241,61,0.952410,0.2266
18106000,5940.890027,1242,52,0.959140,0.2500
18108000,5917.939672,1219,65,0.964775,0.3359
18110000,5905.791676,1244,60,0.964291,0.2344
18112000,5863.601390,1243,58,0.954953,0.2500
18114000,5792.767894,1236,55,0.959004,0.2344
18116000,5659.169998,1257,60,0.963016,0.2578
18118000,5738.870851,1245,71,0.964040,0.3203
18120000,5639.337676,1244,65,0.966301,0.3047
18122000,5007.721959,1227,73,0.889124,0.2578
18124000,4866.613840,1231,65,0.824724,0.3438
18126000,5991.632990,1237,65,0.971170,0.2422
18128000,6040.205294,1241,55,0.965505,0.2422
18130000,5971.366086,1243,46,0.955042,0.1250
18132000,6013.169630,1240,53,0.972723,0.2734
18134000,5773.537928,1219,69,0.913963,0.2656
18136000,6145.819483,1231,66,0.975503,0.2500
18138000,6074.489795,1212,64,0.971552,0.3047
18140000,5523.739655,1210,54,0.880098,0.2109
18142000,6057.119563,1225,61,0.873064,0.2578
18144000,5795.980571,1239,62,0.893621,0.2891
18146000,5917.914310,1220,69,0.886353,0.2891
18148000,5618.964750,1226,64,0.925253,0.3359
18150000,5782.787075,1208,77,0.920328,0.3516
18152000,5838.190415,1237,72,0.920042,0.2812
18154000,6187.868278,1225,62,0.965311,0.2891
18156000,6115.636440,1250,44,0.963852,0.2656
18158000,6065.636631,1229,64,0.963668,0.3047
18160000,5455.082751,1217,61,0.852788,0.2969
18162000,5432.364416,1203,73,0.857559,0.3594
18164000,5715.579398,1197,82,0.954968,0.2891
18166000,5995.856935,1195,79,0.963135,0.2656
18168000,6067.502451,1209,81,0.967082,0.2656
18170000,5160.956487,1196,78,0.803768,0.2969
18172000,5267.197735,1194,82,0.859972,0.2891
18174000,5338.441575,1199,84,0.861897,0.2266
18176000,5119.026246,1190,76,0.850961,0.3281
18178000,5251.497795,1200,82,0.869785,0.3672
18180000,6004.036262,1195,80,0.960949,0.2656
18182000,5912.627875,1218,67,0.962453,0.2109
18184000,5955.640275,1240,50,0.944051,0.2266
18186000,5912.446716,1253,63,0.937278,0.2578
18188000,5784.364966,1225,67,0.956167,0.3047
18190000,5686.092011,1228,81,0.951380,0.2578
18192000,5318.875660,1222,69,0.873536,0.2812
18194000,5338.013775,1219,65,0.896862,0.2969
18196000,5635.164278,1221,69,0.940169,0.3125
18198000,5614.406667,1221,72,0.943539,0.2812
18200000,5516.466003,1223,76,0.887466,0.3281
18202000,5457.414891,1220,61,0.881876,0.2734
18204000,5767.961135,1246,67,0.962479,0.2188
18206000,5856.295820,1253,57,0.965217,0.2734
18208000,5501.630332,1251,60,0.901030,0.3047
18210000,5930.474379,1230,73,0.935463,0.3047
18212000,5594.909214,1245,77,0.934689,0.3984
18214000,5898.615974,1245,71,0.965821,0.3594
18216000,5912.933139,1217,72,0.948165,0.2891
18218000,5679.429979,1224,80,0.944343,0.3828
18220000,5522.916175,1231,72,0.957877,0.2656
18222000,5434.383100,1231,67,0.959137,0.2891
18224000,5481.482678,1261,58,0.948277,0.2031
18226000,5641.213326,1241,66,0.936177,0.3281
18228000,5690.146011,1229,72,0.958494,0.2969
18230000,5692.055084,1237,70,0.968551,0.2344
18232000,5841.150776,1239,67,0.964852,0.2031
18234000,5921.787375,1248,59,0.979936,0.2500
18236000,5939.903486,1228,87,0.980712,0.2656
18238000,5715.943619,1205,72,0.966194,0.3672
18240000,5414.903215,1208,85,0.964696,0.3125
18242000,5421.345559,1217,67,0.963586,0.2812
18244000,5172.035254,1205,77,0.967217,0.2891
18246000,5256.428110,1217,75,0.964321,0.2734
18248000,5531.226603,1220,76,0.953786,0.3281
18250000,5720.300359,1224,85,0.978565,0.3438
18252000,5609.760092,1224,65,0.972713,0.3125
18254000,5611.079635,1224,59,0.960368,0.2812
18256000,5612.672702,1228,67,0.967620,0.3203
18258000,5752.053046,1249,58,0.979654,0.1953
18260000,5372.264150,1232,71,0.960925,0.2656
18262000,5652.084508,1236,68,0.965156,0.3438
18264000,5661.578012,1226,70,0.918204,0.2734
18266000,6365.146124,1233,62,0.936640,0.2031
18268000,6295.107548,1241,62,0.956544,0.2969
18270000,6295.296140,1214,75,0.957948,0.3750
18272000,6136.201915,1204,70,0.946049,0.2969
18274000,5882.034214,1201,73,0.956803,0.2891
18276000,5819.017536,1212,87,0.906282,0.3203
18278000,5894.171859,1209,77,0.909673,0.3438
18280000,5687.189643,1231,62,0.922705,0.3125
18282000,5889.539015,1240,71,0.928051,0.3203
18284000,6337.475515,1235,58,0.941679,0.3047
18286000,6674.713932,1237,56,0.896893,0.2656
18288000,6224.265472,1234,58,0.899885,0.2188
18290000,6336.660816,1233,71,0.903241,0.2812
18292000,6560.705639,1226,61,0.923625,0.3047
18294000,6186.904860,1219,72,0.880404,0.3047
18296000,6265.217038,1201,80,0.864804,0.2109
18298000,5629.550966,1224,62,0.741082,0.2891
18300000,5962.596766,1239,64,0.831380,0.2578
18302000,6096.792550,1243,64,0.829358,0.2500
18304000,6180.271516,1242,59,0.838950,0.2734
18306000,6102.083343,1228,68,0.801434,0.2109
18308000,6604.887224,1210,72,0.960140,0.3438
18310000,6662.313276,1203,71,0.949473,0.3047
18312000,6262.229436,1224,67,0.852293,0.2109
18314000,6734.752710,1220,77,0.954223,0.2422
18316000,6937.460775,1215,68,0.907922,0.2656
18318000,7029.141710,1236,69,0.940104,0.3281
18320000,7093.461846,1228,54,0.929124,0.2109
18322000,6921.188107,1217,60,0.931478,0.2656
18324000,6709.259046,1211,65,0.908287,0.2188
18326000,6722.305511,1218,63,0.944113,0.3125
18328000,6743.542603,1228,62,0.920035,0.2891
18330000,6567.147875,1247,70,0.901455,0.2422
18332000,6757.534712,1241,71,0.925902,0.2500
18334000,6904.845015,1250,69,0.925125,0.3125
18336000,7090.441920,1259,59,0.941030,0.2969
18338000,7016.792616,1276,58,0.939196,0.2812
18340000,6944.979947,1252,77,0.938998,0.2422
18342000,7290.742984,1263,68,0.908074,0.2422
18344000,7295.420750,1265,67,0.924381,0.2109
18346000,7156.673680,1249,68,0.956812,0.2969
18348000,7300.464060,1235,69,0.957400,0.3438
18350000,6681.234811,1242,71,0.908309,0.2578
18352000,7032.488831,1244,63,0.886442,0.2891
18354000,7158.679678,1246,61,0.885490,0.2734
18356000,6399.041334,1239,67,0.818901,0.2422
18358000,7836.872039,1214,74,0.968213,0.3203
18360000,7840.838374,1246,65,0.968334,0.2266
18362000,7635.255150,1268,52,0.906854,0.2656
18364000,7639.244443,1258,52,0.904988,0.3203
18366000,8034.592563,1253,62,0.966264,0.2969
18368000,7858.235120,1230,65,0.969012,0.2812
18370000,7838.123219,1236,64,0.924717,0.2812
18372000,8277.226544,1245,56,0.957942,0.2500
18374000,8313.792555,1234,64,0.949218,0.2344
18376000,8689.911766,1252,60,0.979874,0.3047
18378000,8590.838847,1263,54,0.969407,0.2031
18380000,8507.321039,1263,40,0.985544,0.2109
18382000,8383.886519,1250,56,0.981666,0.3125
18384000,8477.574494,1230,72,0.981147,0.3359
18386000,7826.669744,1237,70,0.953165,0.3359
18388000,7448.488775,1234,72,0.949698,0.2578
18390000,7923.973491,1234,62,0.962220,0.3047
18392000,8248.165595,1244,58,0.965202,0.2188
18394000,8648.903884,1239,66,0.976122,0.3359
18396000,8618.020975,1248,67,0.975608,0.2734
18398000,8760.341715,1254,68,0.974049,0.2969
18400000,8652.262332,1257,59,0.967755,0.2812
18402000,8501.525731,1250,64,0.955464,0.2812
18404000,8408.451695,1231,73,0.975024,0.3047
18406000,8631.914944,1227,82,0.981956,0.2422
18408000,8549.655031,1230,75,0.974315,0.2812
18410000,8381.030574,1243,51,0.974177,0.2734
18412000,8569.401603,1239,69,0.970259,0.2656
18414000,8685.952688,1235,76,0.965311,0.2891
18416000,8448.997615,1251,69,0.971824,0.2500
18418000,8641.757644,1246,54,0.957616,0.1719
18420000,8575.448160,1271,51,0.951152,0.2656
18422000,8414.039683,1240,61,0.961842,0.3672
18424000,8021.054430,1238,60,0.961374,0.3281
18426000,8470.075654,1255,61,0.959769,0.2734
18428000,8656.760156,1247,63,0.966463,0.2656
18430000,8902.655515,1232,60,0.979533,0.2656
18432000,8660.302315,1226,62,0.943868,0.3359
18434000,8691.229475,1217,72,0.963169,0.2891
18436000,8286.621471,1217,67,0.936884,0.2422
18438000,8041.409375,1235,73,0.923442,0.2344
18440000,7998.162823,1235,61,0.936216,0.2422
18442000,8084.695454,1226,81,0.947497,0.2734
18444000,8194.379947,1233,73,0.964974,0.1875
18446000,8119.326775,1242,71,0.963472,0.2422
18448000,8295.698284,1220,70,0.914781,0.2422
18450000,8217.148523,1222,68,0.899625,0.2812
18452000,8837.397168,1213,67,0.969985,0.2344
18454000,8721.191703,1220,71,0.964458,0.3203
18456000,8661.431299,1212,67,0.955965,0.2812
18458000,8845.881734,1227,59,0.965822,0.2578
18460000,8775.292776,1212,78,0.968094,0.3125
18462000,8531.323142,1237,51,0.944080,0.2812
18464000,8199.278494,1218,66,0.935298,0.2656
18466000,8727.907543,1226,62,0.929593,0.2734
18468000,8593.427471,1210,76,0.926960,0.2109
18470000,9107.641835,1213,79,0.983743,0.2500
18472000,9025.355032,1209,72,0.983475,0.2969
18474000,8518.745550,1209,70,0.945528,0.3125
18476000,8494.941846,1218,78,0.956712,0.3047
18478000,8519.319740,1233,71,0.945940,0.2812
18480000,8647.778215,1244,77,0.964247,0.3047
18482000,9367.268302,1229,74,0.972104,0.3516
18484000,9565.437278,1224,69,0.948221,0.2578
18486000,9845.787635,1232,60,0.965193,0.3516
18488000,9705.544732,1218,64,0.942860,0.2656
18490000,9415.806782,1241,70,0.961612,0.3047
18492000,9873.738390,1223,68,0.964247,0.3594
18494000,10090.457576,1222,76,0.973804,0.3203
18496000,10503.665670,1226,80,0.991225,0.2578
18498000,10472.021638,1250,63,0.985374,0.1797
18500000,10646.280662,1270,51,0.986344,0.2500
18502000,10724.965148,1266,64,0.989949,0.2891
18504000,10681.303900,1258,65,0.989706,0.3281
18506000,10549.455798,1255,58,0.988898,0.2344
18508000,10767.513375,1245,69,0.989732,0.2734
18510000,10172.653494,1256,65,0.964810,0.2969
18512000,10096.953655,1242,69,0.962936,0.3594
18514000,10369.290503,1227,63,0.979661,0.2969
18516000,10514.841656,1235,70,0.986521,0.2969
18518000,10367.945436,1205,77,0.988516,0.3438
18520000,10353.807859,1236,55,0.988407,0.2578
18522000,10020.807164,1222,79,0.931698,0.2422
18524000,10764.450439,1242,75,0.935915,0.3125
18526000,11344.421575,1239,68,0.987695,0.2891
18528000,11022.184279,1263,64,0.955467,0.2812
18530000,10967.918158,1243,66,0.980769,0.2578
18532000,11000.681414,1250,65,0.967205,0.2500
18534000,11177.853416,1253,54,0.986065,0.2891
18536000,10441.606079,1256,53,0.980401,0.2266
18538000,10429.714019,1238,59,0.984671,0.2578
18540000,10293.157991,1223,62,0.981499,0.2969
18542000,10308.379404,1223,76,0.989721,0.2891
18544000,10194.886375,1231,76,0.983455,0.2344
18546000,10561.469480,1239,61,0.989588,0.2188
18548000,10546.918774,1241,60,0.988263,0.3047
18550000,10525.552595,1237,50,0.988615,0.2578
18552000,10897.227126,1251,57,0.989574,0.1953
18554000,10370.566955,1263,55,0.956561,0.2188
18556000,10753.171195,1247,61,0.990172,0.2578
18558000,10501.650380,1237,73,0.991891,0.3438
18560000,10360.434687,1243,71,0.966285,0.2266
18562000,10414.901543,1261,65,0.966019,0.2266
18564000,10317.670723,1254,61,0.988415,0.3281
18566000,10535.938950,1231,63,0.989455,0.2031
18568000,10446.984903,1224,76,0.983686,0.2656
18570000,10594.862327,1231,65,0.981428,0.2812
18572000,10542.208550,1233,67,0.977240,0.2891
18574000,10346.018863,1249,59,0.967115,0.3125
18576000,10942.947496,1247,68,0.975089,0.2422
18578000,10949.345319,1246,64,0.978996,0.2188
18580000,10395.726774,1260,50,0.958729,0.2344
18582000,10429.105543,1268,57,0.937876,0.2266
18584000,10301.330047,1240,61,0.969948,0.2891
18586000,10497.314400,1243,74,0.946268,0.2969
18588000,9509.459564,1235,67,0.938404,0.2656
18590000,10228.773235,1225,75,0.848511,0.3750
18592000,10593.415707,1243,62,0.957134,0.2734
18594000,10294.111211,1248,65,0.957126,0.2656
18596000,10337.678950,1236,82,0.969956,0.3672
18598000,9683.681744,1235,76,0.978643,0.2578
18600000,9375.730775,1215,79,0.931386,0.3203
18602000,9368.031022,1244,57,0.967619,0.2500
18604000,9354.800636,1232,73,0.949239,0.2969
18606000,9342.520588,1243,70,0.961523,0.3203
18608000,9351.393148,1248,67,0.922428,0.2969
18610000,9325.927644,1223,63,0.929038,0.2422
18612000,9785.900366,1226,81,0.970169,0.3516
18614000,9401.847310,1239,70,0.963580,0.2578
18616000,9392.083655,1243,66,0.975407,0.3125
18618000,9320.838727,1241,70,0.938471,0.2500
18620000,9052.763630,1260,63,0.973608,0.2031
18622000,9224.376758,1258,64,0.963368,0.2344
18624000,9294.937990,1264,65,0.963051,0.2500
18626000,9270.553838,1271,55,0.918458,0.2891
18628000,9930.510907,1257,58,0.978144,0.2188
18630000,9930.017007,1269,59,0.978338,0.2891
18632000,9464.347814,1266,48,0.960269,0.2656
18634000,9521.858078,1245,71,0.964672,0.2812
18636000,9336.002503,1259,67,0.966585,0.2812
18638000,9242.250795,1258,56,0.980335,0.2500
18640000,9091.440123,1256,64,0.973068,0.2031
18642000,9214.720654,1253,65,0.968493,0.3594
18644000,8817.354951,1272,58,0.969292,0.2500
18646000,8528.392879,1276,55,0.963368,0.2812
18648000,8700.254635,1281,68,0.951582,0.3203
18650000,9008.151772,1274,67,0.958455,0.3281
18652000,9106.925775,1276,62,0.960434,0.2188
18654000,8961.857190,1270,55,0.932992,0.2578
18656000,9038.198000,1290,51,0.926767,0.2344
18658000,9127.383328,1293,52,0.942571,0.1953
18660000,9143.467616,1304,44,0.931113,0.1250
18662000,9824.439527,1269,64,0.978170,0.2812
18664000,9812.249006,1285,57,0.980627,0.3047
18666000,9968.419646,1290,68,0.988723,0.2266
18668000,10105.039623,1258,73,0.977508,0.2891
18670000,9848.230636,1260,68,0.984856,0.3438
18672000,9976.526630,1260,67,0.988350,0.2188
18674000,10257.695403,1266,60,0.984387,0.2500
18676000,10704.027815,1251,56,0.986330,0.2656
18678000,10789.908115,1250,72,0.987865,0.2344
18680000,10856.792287,1250,73,0.989380,0.2188
18682000,10311.277651,1260,63,0.984265,0.3125
18684000,10312.821155,1229,75,0.985141,0.3594
18686000,10291.474808,1240,74,0.981014,0.2500
18688000,10242.980019,1241,67,0.984435,0.2109
18690000,10291.989175,1245,72,0.983132,0.2969
18692000,10424.994283,1251,70,0.982758,0.3281
18694000,10046.184460,1234,65,0.969471,0.2500
18696000,9956.144211,1234,70,0.972608,0.3516
18698000,9589.277895,1228,72,0.969705,0.2734
18700000,9605.028907,1234,65,0.962373,0.3203
18702000,9838.699003,1225,80,0.937330,0.3672
18704000,10056.714616,1233,78,0.984933,0.3281
18706000,9966.867355,1239,67,0.980962,0.2891
18708000,9830.116796,1236,61,0.968131,0.3047
18710000,9971.369951,1222,68,0.974577,0.2578
18712000,10099.704652,1232,67,0.979018,0.3359
18714000,10149.596048,1255,62,0.983681,0.2266
18716000,9864.351471,1252,57,0.948326,0.2031
18718000,10193.065395,1230,72,0.984439,0.3594
18720000,10003.382655,1225,69,0.979116,0.2734
18722000,9878.229067,1236,65,0.942753,0.2578
18724000,10190.249883,1252,68,0.985456,0.2578
18726000,9826.277587,1242,68,0.989018,0.2266
18728000,9775.803563,1224,64,0.986661,0.2891
18730000,9919.727975,1207,68,0.980126,0.2656
18732000,10096.852360,1198,80,0.984666,0.3203
18734000,9912.070395,1222,72,0.970200,0.2578
18736000,9896.119278,1224,71,0.979262,0.2734
18738000,9832.893616,1234,64,0.989258,0.2812
18740000,9940.839692,1224,65,0.988196,0.3047
18742000,10012.535180,1212,67,0.985634,0.2656
18744000,9845.276519,1230,66,0.974256,0.2344
18746000,9436.326203,1235,77,0.970647,0.3281
18748000,9626.036279,1251,67,0.987825,0.3203
18750000,9276.914092,1217,87,0.981801,0.2656
18752000,9359.567799,1222,75,0.977219,0.2734
18754000,9198.602227,1228,69,0.987801,0.3047
18756000,9150.430623,1233,71,0.977754,0.1719
18758000,9460.691235,1250,66,0.981825,0.2969
18760000,9599.089275,1246,56,0.987520,0.2891
18762000,9641.237575,1261,57,0.969744,0.2266
18764000,9463.651815,1244,67,0.969084,0.2109
18766000,9571.173790,1231,65,0.966310,0.2578
18768000,9459.984471,1215,73,0.968996,0.3672
18770000,9492.721478,1236,71,0.988397,0.2812
18772000,9182.847326,1229,65,0.964365,0.2109
18774000,8946.582399,1249,65,0.975035,0.2656
18776000,8812.890347,1244,68,0.955792,0.3047
18778000,9143.863179,1268,60,0.977871,0.2969
18780000,9251.232876,1255,69,0.978036,0.2812
18782000,9062.647631,1251,64,0.981881,0.3438
18784000,9214.680056,1229,73,0.983935,0.2578
18786000,8099.055510,1238,75,0.890419,0.2188
18788000,8626.699543,1233,67,0.953474,0.2344
18790000,8613.782006,1213,83,0.965482,0.2344
18792000,8097.804163,1238,75,0.964015,0.3203
18794000,8485.739955,1244,69,0.976979,0.2734
18796000,8483.717550,1254,57,0.976119,0.2891
18798000,8439.087035,1265,59,0.969271,0.2500
18800000,8284.835555,1245,68,0.961311,0.2266
18802000,8267.448230,1252,65,0.912030,0.2734
18804000,8553.803200,1264,68,0.956320,0.1953
18806000,8041.687191,1245,79,0.907754,0.3359
18808000,8369.132504,1241,64,0.924728,0.2656
18810000,8841.590979,1235,74,0.931665,0.2969
18812000,8666.134496,1255,71,0.953280,0.2734
18814000,9104.799390,1271,55,0.961922,0.2344
18816000,8810.425886,1263,53,0.881833,0.1953
18818000,9120.258044,1238,76,0.955268,0.2812
18820000,8723.421734,1249,66,0.829238,0.2656
18822000,9306.126599,1229,75,0.970875,0.3359
18824000,9195.308047,1237,66,0.975611,0.3359
18826000,9095.982856,1234,62,0.975125,0.2969
18828000,9016.870775,1235,70,0.965459,0.3281
18830000,8841.620576,1226,68,0.963286,0.3203
18832000,8262.946975,1233,64,0.938306,0.2266
18834000,8248.762982,1236,51,0.939402,0.2891
18836000,8290.745119,1242,53,0.936785,0.3047
18838000,8452.644695,1244,61,0.941238,0.2422
18840000,8720.787199,1235,66,0.978908,0.2578
18842000,9021.397975,1243,60,0.980790,0.2734
18844000,8529.141614,1268,49,0.911314,0.3203
18846000,8796.384407,1287,50,0.934825,0.2812
18848000,8523.958440,1250,57,0.960173,0.2969
18850000,9230.222747,1254,60,0.939812,0.2500
18852000,8981.002764,1244,70,0.964828,0.3125
18854000,9305.017115,1256,62,0.971422,0.2812
18856000,8773.403891,1245,64,0.934957,0.2656
18858000,9443.048983,1237,65,0.990017,0.2031
18860000,9028.609539,1258,58,0.929691,0.2734
18862000,9073.161939,1274,57,0.955389,0.2422
18864000,9038.713555,1262,53,0.945005,0.2188
18866000,9592.017888,1278,58,0.970802,0.2578
18868000,9724.902075,1271,49,0.933273,0.2031
18870000,9687.043183,1269,59,0.977894,0.2109
18872000,9415.273067,1257,59,0.946627,0.2812
18874000,9413.559550,1277,47,0.979709,0.2812
18876000,9251.406300,1249,67,0.940451,0.2656
18878000,9408.140926,1214,82,0.980868,0.3594
18880000,9281.421167,1235,76,0.974648,0.2578
18882000,9435.190112,1250,66,0.974062,0.2734
18884000,9406.707280,1246,61,0.933887,0.2734
18886000,9439.371710,1238,64,0.950163,0.2969
18888000,9565.066206,1213,86,0.974645,0.4062
18890000,9860.209063,1258,53,0.975055,0.2422
18892000,10568.084487,1251,56,0.977206,0.3047
18894000,10493.737518,1238,64,0.984114,0.2656
18896000,10290.597291,1234,63,0.983429,0.1875
18898000,10045.955276,1242,62,0.983930,0.2656
18900000,10120.606415,1268,52,0.974429,0.2500
18902000,9702.029840,1250,53,0.965701,0.2734
18904000,9187.436870,1239,74,0.957431,0.3438
18906000,8876.523350,1216,73,0.948070,0.2344
18908000,8709.069510,1232,69,0.947815,0.2422
18910000,8415.772395,1196,81,0.949332,0.3203
18912000,8448.605527,1201,68,0.952858,0.2891
18914000,8343.768406,1222,72,0.941553,0.1953
18916000,8498.812491,1192,79,0.955353,0.2969
18918000,8661.919630,1219,63,0.976842,0.2812
18920000,8765.055251,1221,64,0.976909,0.2031
18922000,8806.605727,1208,78,0.982148,0.2344
18924000,8818.637590,1209,81,0.981649,0.3047
18926000,8896.775134,1199,86,0.983140,0.3828
18928000,8693.119739,1219,75,0.976764,0.2500
18930000,8612.506278,1232,60,0.966545,0.2578
18932000,8689.359806,1230,61,0.965572,0.2266
18934000,7954.313020,1221,54,0.964639,0.1953
18936000,7641.494243,1237,71,0.918087,0.2422
18938000,7896.314750,1240,68,0.958580,0.2812
18940000,7776.320823,1224,68,0.898727,0.2734
18942000,8084.257678,1220,69,0.962102,0.2969
18944000,8089.732147,1222,76,0.965298,0.2031
18946000,8133.835711,1230,75,0.964779,0.3203
18948000,8787.672460,1228,72,0.982291,0.2812
18950000,9105.200895,1222,77,0.978752,0.3047
18952000,9279.692640,1208,80,0.964292,0.2266
18954000,9049.832134,1223,73,0.971936,0.2500
18956000,8884.422182,1225,77,0.968462,0.2891
18958000,8862.911158,1232,71,0.969088,0.2422
18960000,8806.507235,1232,58,0.972634,0.2734
18962000,8793.000999,1253,54,0.972663,0.2188
18964000,8683.294380,1255,56,0.939751,0.2188
18966000,8589.914075,1244,65,0.920985,0.3125
18968000,8889.620022,1246,54,0.973366,0.2188
18970000,9066.536231,1212,85,0.974031,0.3281
18972000,9005.882295,1219,72,0.968519,0.2344
18974000,8587.418439,1219,75,0.950506,0.2656
18976000,8713.333379,1214,72,0.940483,0.3047
18978000,8857.430799,1226,61,0.941848,0.2188
18980000,8709.696446,1228,69,0.963717,0.3359
18982000,9020.505455,1217,66,0.967860,0.2969
18984000,8619.879635,1260,52,0.967869,0.2109
18986000,8573.728734,1237,67,0.966859,0.2109
18988000,8850.839999,1229,68,0.976205,0.2656
18990000,8991.168467,1230,70,0.977077,0.2188
18992000,8990.844014,1242,61,0.976573,0.2578
18994000,8798.573512,1222,67,0.976966,0.3828
18996000,8799.936615,1209,78,0.977431,0.2500
18998000,8847.762515,1236,61,0.976139,0.2109
19000000,8602.826430,1223,63,0.972285,0.2656
19002000,8259.882851,1207,71,0.930523,0.2969
19004000,8282.742870,1221,78,0.932314,0.3594
19006000,8652.987244,1238,76,0.979088,0.2969
19008000,8255.725423,1227,69,0.968335,0.2500
19010000,8540.965662,1225,67,0.978177,0.3047
19012000,8198.381271,1226,65,0.957786,0.2422
19014000,8242.267987,1220,65,0.957223,0.3125
19016000,8316.220782,1239,63,0.957017,0.3281
19018000,8778.110603,1239,68,0.975399,0.1797
19020000,8822.665887,1254,59,0.967160,0.2656
19022000,8736.323774,1241,60,0.964906,0.2734
19024000,9163.390760,1223,76,0.962616,0.3359
19026000,8843.564748,1233,62,0.967973,0.3125
19028000,8813.929999,1245,68,0.969664,0.3594
19030000,8994.753919,1254,61,0.972300,0.2969
19032000,9029.649110,1245,61,0.972831,0.2969
19034000,8857.788195,1245,62,0.959255,0.2266
19036000,8581.409875,1252,54,0.973418,0.2344
19038000,8486.745787,1241,65,0.969833,0.2812
19040000,8751.517900,1236,61,0.978203,0.2500
19042000,8841.157174,1212,70,0.978171,0.2734
19044000,8613.037756,1188,78,0.972092,0.2656
19046000,9079.378790,1185,72,0.981621,0.3125
19048000,8636.652091,1188,90,0.976287,0.2969
19050000,8730.995308,1177,87,0.973222,0.3359
19052000,8817.624592,1181,79,0.974218,0.2422
19054000,8623.657512,1186,83,0.973418,0.3359
19056000,8768.277062,1202,82,0.974424,0.3047
19058000,8711.499334,1212,82,0.977251,0.2734
19060000,8571.541363,1215,67,0.980116,0.2656
19062000,8816.118223,1220,75,0.979947,0.2734
19064000,8828.136587,1226,68,0.982983,0.2969
19066000,7716.316700,1206,94,0.895812,0.3359
19068000,7608.470854,1192,85,0.894820,0.3047
19070000,7706.246766,1218,64,0.920709,0.2578
19072000,8654.668375,1218,65,0.975111,0.3203
19074000,8321.732558,1209,81,0.946933,0.2578
19076000,8354.508384,1242,60,0.961494,0.3203
19078000,8487.723755,1227,71,0.955808,0.2969
19080000,8279.573447,1239,55,0.953064,0.2031
19082000,8455.685350,1244,64,0.977532,0.2422
19084000,8009.680515,1258,61,0.976623,0.2109
19086000,8269.147159,1275,63,0.963537,0.2188
19088000,8370.711223,1246,62,0.903626,0.3438
19090000,8457.236926,1237,73,0.907152,0.2031
19092000,8515.967910,1247,71,0.976943,0.2500
19094000,8692.261436,1254,60,0.979569,0.3438
19096000,8578.316587,1258,67,0.964696,0.3125
19098000,8567.933542,1241,58,0.970882,0.2578
19100000,8920.427294,1254,59,0.984175,0.2812
19102000,8348.006375,1256,59,0.956087,0.1953
19104000,8421.742911,1271,52,0.980889,0.2266
19106000,8275.111935,1252,68,0.982569,0.3281
19108000,8266.422894,1238,67,0.982252,0.3281
19110000,8106.295047,1241,58,0.974221,0.2734
19112000,8245.307055,1246,61,0.928094,0.3047
19114000,7858.815307,1239,61,0.900919,0.2969
19116000,7904.093003,1236,65,0.951263,0.2656
19118000,7891.900347,1244,65,0.945125,0.2891
19120000,7833.107991,1260,58,0.944766,0.2422
19122000,7684.135560,1268,52,0.913244,0.2734
19124000,8018.567868,1247,63,0.958895,0.2188
19126000,7893.740510,1244,66,0.932949,0.2734
19128000,7586.238200,1249,60,0.906536,0.2969
19130000,7666.225046,1232,74,0.954146,0.2734
19132000,7536.145238,1216,68,0.880642,0.3203
19134000,7399.612415,1236,66,0.882944,0.2188
19136000,8024.768383,1254,58,0.960295,0.2109
19138000,7117.024259,1237,60,0.927102,0.2500
19140000,7698.405774,1254,80,0.963277,0.3281
19142000,8035.393191,1243,64,0.969889,0.2891
19144000,8242.095500,1219,72,0.944256,0.3281
19146000,8303.050680,1226,60,0.967284,0.2500
19148000,8584.258551,1200,83,0.971823,0.2656
19150000,8269.916926,1214,62,0.972788,0.3359
19152000,9204.593015,1221,69,0.943965,0.3594
19154000,9081.043726,1219,66,0.943510,0.2266
19156000,9033.342547,1225,69,0.950344,0.2344
19158000,8873.289967,1243,63,0.961047,0.2422
19160000,9566.289046,1226,60,0.972127,0.2500
19162000,9570.325707,1252,56,0.968066,0.3125
19164000,9697.248640,1255,60,0.984727,0.2734
19166000,9644.341279,1257,57,0.976149,0.3047
19168000,9699.297719,1242,63,0.972548,0.2578
19170000,9720.528319,1236,66,0.974949,0.3125
19172000,9789.690699,1256,67,0.983170,0.2344
19174000,9683.280614,1254,51,0.983380,0.2656
19176000,9059.685782,1252,64,0.958300,0.2656
19178000,9091.693459,1233,70,0.981176,0.3203
19180000,9065.327383,1231,68,0.978417,0.3125
19182000,9120.446071,1236,55,0.918717,0.3125
19184000,9037.440915,1232,67,0.885614,0.3203
19186000,9187.239030,1247,65,0.961758,0.3125
19188000,8873.560560,1259,63,0.954964,0.2969
19190000,8876.035920,1274,56,0.960907,0.2344
19192000,8941.715587,1259,52,0.950645,0.2812
19194000,8497.930287,1275,51,0.918177,0.2578
19196000,8677.763208,1266,56,0.890034,0.2812
19198000,8353.902248,1258,60,0.882489,0.2969
19200000,8929.572023,1265,50,0.965596,0.3359
19202000,8476.289920,1268,46,0.928011,0.1875
19204000,8056.689019,1247,60,0.936553,0.2266
19206000,8627.831187,1243,73,0.965523,0.3125
19208000,7908.271943,1236,69,0.865671,0.2344
19210000,8588.755150,1226,74,0.972878,0.3281
19212000,8459.644598,1222,79,0.974132,0.2344
19214000,8220.117504,1226,79,0.961876,0.2578
19216000,7941.883062,1238,67,0.933857,0.3125
19218000,7838.284710,1251,61,0.929227,0.3047
19220000,7941.873270,1243,67,0.946047,0.3438
19222000,8702.102060,1266,62,0.981281,0.2109
19224000,8389.582040,1249,61,0.970720,0.3281
19226000,8679.397175,1243,65,0.968227,0.2500
19228000,8056.713310,1259,51,0.953538,0.2578
19230000,8072.382667,1229,61,0.948038,0.2422
19232000,8395.262540,1238,61,0.960063,0.2344
19234000,7604.740368,1251,55,0.797303,0.2422
19236000,7641.179958,1245,63,0.789946,0.2734
19238000,7634.622444,1261,53,0.788231,0.2734
19240000,7868.054086,1263,57,0.934749,0.2266
19242000,7982.919966,1231,65,0.927714,0.3047
19244000,8139.802198,1230,71,0.934213,0.3203
19246000,8124.463320,1224,69,0.959486,0.2734
19248000,8291.893427,1228,67,0.968652,0.2969
19250000,8346.125584,1224,81,0.961255,0.2188
19252000,8371.825470,1220,75,0.965750,0.3672
19254000,7967.934319,1238,73,0.926640,0.2734
19256000,7980.788175,1248,64,0.940730,0.2891
19258000,7672.987390,1229,74,0.895344,0.2266
19260000,7703.414974,1230,68,0.890843,0.2812
19262000,8208.664947,1248,54,0.949392,0.2500
19264000,8067.366460,1248,62,0.916313,0.2734
19266000,8560.615644,1263,59,0.953117,0.2500
19268000,8586.071811,1263,68,0.948459,0.2500
19270000,8489.306812,1264,57,0.942787,0.2734
19272000,9245.250343,1255,53,0.970916,0.3672
19274000,9380.601383,1258,61,0.974838,0.2812
19276000,9294.913179,1265,56,0.971728,0.2578
19278000,9101.465452,1262,60,0.971377,0.2344
19280000,9659.582604,1256,55,0.986279,0.2422
19282000,9575.384808,1246,56,0.986013,0.2969
19284000,9398.274935,1219,70,0.982312,0.2891
19286000,9611.223931,1204,86,0.981774,0.2891
19288000,9735.531820,1210,77,0.981852,0.2891
19290000,9494.539915,1218,59,0.969315,0.2812
19292000,9527.871023,1213,68,0.964336,0.2578
19294000,9411.127215,1223,83,0.963602,0.3359
19296000,9424.425838,1217,79,0.969412,0.3438
19298000,9280.036503,1213,82,0.928753,0.3281
19300000,9312.904839,1214,76,0.963534,0.2656
19302000,9327.277606,1226,60,0.960885,0.2734
19304000,9064.252639,1200,82,0.964127,0.3281
19306000,8951.724391,1226,66,0.972712,0.2031
19308000,8834.589047,1221,69,0.977529,0.3438
19310000,8964.576239,1215,69,0.975772,0.2500
19312000,8687.402398,1202,71,0.955399,0.2734
19314000,9029.871560,1207,70,0.970008,0.2969
19316000,8868.846779,1212,76,0.969200,0.2422
19318000,9395.528150,1227,58,0.976912,0.2188
19320000,9116.960792,1209,67,0.972759,0.2344
19322000,8766.636695,1216,77,0.967810,0.3125
19324000,8545.027611,1221,70,0.969737,0.2656
19326000,8603.501902,1214,65,0.940567,0.3359
19328000,8966.314175,1219,58,0.980373,0.2734
19330000,8999.371219,1192,75,0.980941,0.3516
19332000,8830.394715,1207,70,0.986982,0.3281
19334000,8104.387015,1208,69,0.968086,0.2891
19336000,8233.481052,1211,80,0.979405,0.3125
19338000,8378.220124,1200,77,0.979521,0.2812
19340000,8517.286299,1225,74,0.963511,0.2812
19342000,8460.980876,1205,92,0.973534,0.2812
19344000,8304.207500,1231,64,0.974589,0.2734
19346000,8523.850606,1222,76,0.966332,0.3203
19348000,8566.486015,1225,66,0.965801,0.2188
19350000,8608.016783,1213,66,0.982971,0.2812
19352000,8364.279951,1207,68,0.985397,0.2656
19354000,8434.703419,1205,73,0.987822,0.3281
19356000,8471.026400,1227,62,0.974647,0.2656
19358000,8349.369164,1214,78,0.969570,0.3438
19360000,8528.173084,1226,61,0.965719,0.2578
19362000,8498.188590,1234,68,0.976260,0.2969
19364000,8603.106875,1231,69,0.975303,0.2578
19366000,8619.019631,1229,64,0.982203,0.2422
19368000,8449.146056,1254,48,0.980159,0.1797
19370000,8573.493039,1240,63,0.951107,0.2734
19372000,8573.332636,1257,55,0.956479,0.2891
19374000,8698.760110,1230,70,0.974207,0.2578
19376000,8574.331771,1215,87,0.965913,0.2812
19378000,8546.992991,1233,63,0.948659,0.3672
19380000,8703.571368,1232,63,0.955700,0.2734
19382000,8816.893056,1214,73,0.971358,0.3281
19384000,8587.155784,1224,67,0.974474,0.2812
19386000,8593.118222,1217,75,0.977106,0.2344
19388000,8750.093200,1213,67,0.951109,0.2109
19390000,8886.369475,1234,61,0.971783,0.2422
19392000,8929.636732,1242,59,0.977300,0.3047
19394000,8595.050255,1222,64,0.966273,0.2422
19396000,8574.474015,1219,76,0.969071,0.2891
19398000,8488.820151,1239,70,0.976113,0.2656
19400000,8553.836415,1229,70,0.976166,0.2266
19402000,8495.460055,1240,74,0.980131,0.2812
19404000,8646.290583,1234,64,0.973259,0.3047
19406000,8655.414203,1245,63,0.981576,0.2031
19408000,8656.074800,1240,56,0.981935,0.3203
19410000,8729.623619,1223,80,0.980901,0.2500
19412000,8367.865123,1237,69,0.980599,0.3047
19414000,8469.535950,1217,67,0.988789,0.2969
19416000,8651.003619,1230,78,0.987431,0.2891
19418000,8533.465696,1225,78,0.989680,0.2891
19420000,8544.702483,1214,84,0.967718,0.3125
19422000,8715.986782,1209,73,0.956194,0.2734
19424000,9137.992895,1220,62,0.989607,0.3047
19426000,9324.519519,1219,60,0.990581,0.2812
19428000,9185.136476,1219,60,0.990541,0.2734
19430000,8978.447987,1242,63,0.990235,0.2422
19432000,8932.300030,1237,57,0.987856,0.2266
19434000,8469.138223,1239,61,0.961102,0.2500
19436000,8529.431075,1216,57,0.983847,0.2266
19438000,9130.098335,1233,66,0.984751,0.2266
19440000,8888.421230,1231,70,0.985907,0.2188
19442000,8402.285752,1227,76,0.975267,0.3047
19444000,8137.205590,1215,64,0.982100,0.2422
19446000,8133.450150,1214,67,0.981722,0.2578
19448000,8323.393667,1217,74,0.979613,0.3438
19450000,7940.216975,1215,73,0.980641,0.3281
19452000,7980.246499,1208,77,0.976466,0.3359
19454000,8035.307000,1217,80,0.975758,0.3672
19456000,8025.560872,1234,61,0.971867,0.2188
19458000,7784.183375,1236,69,0.981796,0.3125
19460000,7792.188847,1232,66,0.981654,0.2578
19462000,8038.263368,1225,70,0.979970,0.2969
19464000,8291.732470,1223,76,0.978708,0.3516
19466000,8338.833804,1228,62,0.975267,0.3359
19468000,8357.402492,1226,68,0.966123,0.3047
19470000,8376.100350,1209,73,0.972122,0.3828
19472000,8323.432462,1221,70,0.965392,0.3594
19474000,8264.077056,1220,77,0.961240,0.2500
19476000,8518.581846,1244,68,0.973170,0.2734
19478000,8832.316974,1257,62,0.969476,0.2656
19480000,8563.137836,1230,66,0.947158,0.2969
19482000,8404.344748,1216,66,0.914376,0.2266
19484000,8560.072460,1221,60,0.968238,0.2500
19486000,8255.807923,1229,59,0.957003,0.3047
19488000,8373.117095,1226,65,0.970619,0.3203
19490000,8451.832238,1214,79,0.966377,0.3359
19492000,8917.637958,1197,83,0.982639,0.3047
19494000,8884.270803,1201,88,0.977887,0.2266
19496000,8658.206755,1212,77,0.975310,0.2812
19498000,8477.043366,1236,72,0.977965,0.3125
19500000,8825.082558,1223,66,0.975159,0.3203
19502000,8917.722763,1210,75,0.981691,0.2500
19504000,8916.759967,1216,68,0.979144,0.2500
19506000,8728.784974,1177,82,0.980965,0.2969
19508000,8916.250448,1193,90,0.985852,0.3438
19510000,9204.542494,1210,82,0.986748,0.3203
19512000,9042.142575,1198,74,0.981391,0.1875
19514000,9015.639379,1203,69,0.968461,0.2969
19516000,8956.875779,1213,70,0.972590,0.2812
19518000,9534.987580,1185,89,0.985740,0.3906
19520000,9427.042600,1216,62,0.927421,0.3125
19522000,9114.419715,1229,61,0.958187,0.2422
19524000,9017.227391,1218,68,0.969959,0.2812
19526000,8794.661710,1216,66,0.976409,0.3750
19528000,8921.607195,1242,59,0.984320,0.2422
19530000,9010.810734,1246,65,0.975402,0.3281
19532000,8908.541671,1251,71,0.958934,0.2656
19534000,9072.803515,1236,76,0.960475,0.2656
19536000,8729.175347,1209,80,0.970356,0.3516
19538000,8797.671270,1207,62,0.965628,0.3203
19540000,8724.619036,1209,74,0.969099,0.2891
19542000,8804.023595,1209,72,0.985003,0.3516
19544000,8780.369548,1233,66,0.971422,0.2656
19546000,8488.238851,1232,67,0.941358,0.2500
19548000,8384.569798,1231,72,0.975506,0.2891
19550000,8423.210843,1235,50,0.978529,0.2969
19552000,8232.570135,1222,59,0.969611,0.1562
19554000,8072.900550,1192,78,0.975412,0.3125
19556000,8361.277791,1210,71,0.957527,0.2812
19558000,8788.608070,1204,69,0.973077,0.2891
19560000,8796.024443,1224,61,0.968490,0.1953
19562000,9045.683015,1207,67,0.971492,0.2578
19564000,8772.008350,1223,71,0.973430,0.2891
19566000,8494.642892,1221,79,0.974990,0.3281
19568000,8448.335719,1224,74,0.958162,0.1406
19570000,8436.892432,1211,79,0.956830,0.3203
19572000,8549.020310,1220,71,0.987640,0.2734
19574000,8965.510975,1213,71,0.989666,0.2109
19576000,8978.720367,1204,78,0.983812,0.3359
19578000,8735.637131,1216,67,0.986964,0.2031
19580000,8480.218939,1203,71,0.975121,0.2891
19582000,8395.625375,1220,64,0.971441,0.2109
19584000,8637.268899,1222,62,0.955066,0.2266
19586000,8850.795814,1226,58,0.980526,0.2188
19588000,9019.412175,1218,70,0.975266,0.2266
19590000,9038.561692,1211,85,0.980540,0.2734
19592000,9171.763510,1221,72,0.934447,0.2734
19594000,9161.596214,1226,68,0.943824,0.2891
19596000,9618.819948,1240,70,0.985383,0.2500
19598000,9238.804750,1253,58,0.951875,0.2422
19600000,9269.857255,1226,66,0.950151,0.3203
19602000,9352.298967,1231,67,0.981635,0.2578
19604000,8878.184895,1230,76,0.983906,0.2812
19606000,9282.464011,1235,70,0.984166,0.3359
19608000,9467.537015,1254,62,0.988776,0.2188
19610000,9246.518552,1232,67,0.976712,0.2734
19612000,8833.111000,1234,63,0.970088,0.2812
19614000,8834.835798,1228,69,0.969861,0.2812
19616000,8992.659435,1240,61,0.972101,0.2500
19618000,8980.159423,1251,58,0.962263,0.2500
19620000,8958.029435,1246,65,0.961602,0.2500
19622000,9095.251116,1218,74,0.955548,0.2109
19624000,9212.227750,1239,71,0.961534,0.2500
19626000,9222.897119,1225,75,0.981982,0.2891
19628000,9082.822462,1213,78,0.971014,0.2891
19630000,9300.595580,1203,81,0.983885,0.2578
19632000,9374.610880,1215,64,0.982983,0.3125
19634000,9477.528040,1224,62,0.989301,0.2500
19636000,9168.338816,1214,79,0.962053,0.3047
19638000,9416.323455,1210,69,0.959645,0.2969
19640000,9727.043547,1201,85,0.987174,0.3047
19642000,9635.648316,1226,73,0.985655,0.2500
19644000,9864.360095,1232,62,0.986452,0.2969
19646000,9859.316280,1205,72,0.986183,0.3281
19648000,9733.569030,1182,77,0.987813,0.3125
19650000,9842.041448,1199,70,0.986173,0.2734
19652000,9932.021803,1198,58,0.986379,0.2578
19654000,9544.930238,1209,69,0.948054,0.2344
19656000,9862.693390,1201,64,0.981986,0.3125
19658000,9757.737959,1204,68,0.981351,0.2891
19660000,9890.844823,1219,58,0.955272,0.2891
19662000,9554.978799,1216,55,0.940718,0.2266
19664000,10178.437995,1220,61,0.989582,0.2344
19666000,10024.529631,1227,56,0.987836,0.2891
19668000,9639.245798,1226,48,0.982813,0.2969
19670000,9978.951595,1233,53,0.990663,0.2734
19672000,9878.268735,1239,56,0.992236,0.2266
19674000,10068.567075,1231,64,0.991328,0.2188
19676000,9773.895440,1218,80,0.985525,0.2969
19678000,9631.292843,1236,69,0.969736,0.3516
19680000,9804.028800,1233,72,0.989485,0.3359
19682000,9548.581296,1226,80,0.983541,0.3125
19684000,9154.438959,1229,81,0.967135,0.3125
19686000,8897.001726,1224,78,0.976050,0.3359
19688000,8869.804556,1223,71,0.972933,0.3594
19690000,8942.810491,1222,63,0.968110,0.2109
19692000,8807.373020,1234,58,0.983049,0.2578
19694000,8683.290590,1215,79,0.982169,0.2656
19696000,8565.386427,1236,66,0.977065,0.2891
19698000,8580.498351,1231,64,0.966632,0.3203
19700000,8557.629596,1226,74,0.954425,0.3203
19702000,8623.521315,1229,47,0.984719,0.2734
19704000,8485.120910,1220,68,0.985140,0.2734
19706000,8740.763766,1233,67,0.990326,0.2422
19708000,8517.224407,1228,73,0.986661,0.2109
19710000,8446.844920,1203,73,0.980899,0.2812
19712000,8431.185363,1211,71,0.984756,0.3906
19714000,8594.329004,1225,63,0.974082,0.3047
19716000,8603.472227,1252,56,0.972732,0.2266
19718000,8640.210171,1217,61,0.986653,0.3516
19720000,8266.032926,1221,63,0.973262,0.1875
19722000,8124.893779,1212,76,0.978619,0.3047
19724000,7799.505304,1226,67,0.965580,0.2734
19726000,7745.916046,1229,57,0.967073,0.2891
19728000,7620.064910,1237,55,0.970396,0.3047
19730000,7439.513182,1222,75,0.953625,0.3203
19732000,7419.725375,1217,79,0.946952,0.3047
19734000,7691.058727,1238,72,0.973042,0.3125
19736000,7583.676235,1234,59,0.957457,0.2422
19738000,7888.223223,1218,79,0.953412,0.2578
19740000,7097.854495,1223,75,0.899900,0.2031
19742000,7297.964715,1211,68,0.882875,0.3281
19744000,7505.907100,1203,69,0.924173,0.3359
19746000,7369.421008,1188,78,0.881281,0.3438
19748000,7491.302240,1187,74,0.892551,0.2500
19750000,7359.817695,1206,77,0.877376,0.2266
19752000,7720.794990,1197,82,0.968825,0.3438
19754000,7845.190662,1214,74,0.971702,0.3125
19756000,7830.650375,1248,52,0.971480,0.2891
19758000,7904.431183,1222,60,0.971763,0.2891
19760000,7867.159879,1223,65,0.969363,0.2812
19762000,7954.462719,1216,76,0.974772,0.2500
19764000,7892.815991,1213,72,0.973944,0.3516
19766000,7974.712643,1223,74,0.953425,0.2031
19768000,7952.433531,1239,62,0.954066,0.2500
19770000,7940.308975,1249,62,0.968346,0.2891
19772000,7948.892152,1244,59,0.973520,0.2578
19774000,8124.740158,1240,68,0.967660,0.2812
19776000,8093.496140,1232,78,0.966496,0.2578
19778000,7807.555967,1242,68,0.911729,0.2500
19780000,7610.559654,1286,58,0.933046,0.2109
19782000,7632.857059,1253,66,0.958735,0.2031
19784000,7756.266046,1243,73,0.909701,0.2656
19786000,7607.255571,1229,76,0.927415,0.2344
19788000,7502.608862,1223,74,0.928070,0.1875
19790000,7351.692603,1251,62,0.926114,0.2812
19792000,7827.685311,1248,60,0.966992,0.2500
19794000,7720.082158,1275,46,0.937866,0.2188
19796000,7730.630204,1240,62,0.905272,0.2500
19798000,7982.464063,1224,68,0.963472,0.2656
19800000,7806.043478,1263,60,0.968419,0.2812
19802000,7688.846511,1268,59,0.964209,0.3125
19804000,7622.851231,1234,58,0.966620,0.2656
19806000,7614.335891,1231,64,0.935350,0.2734
19808000,7637.867359,1227,61,0.958033,0.2500
19810000,7760.019207,1211,79,0.954671,0.2969
19812000,8085.236348,1242,62,0.953431,0.2578
19814000,7888.553419,1232,66,0.947580,0.3047
19816000,7607.965462,1224,66,0.958615,0.3125
19818000,7591.256048,1206,76,0.963895,0.3203
19820000,7532.830150,1224,70,0.951444,0.2891
19822000,7526.349155,1225,65,0.946296,0.2578
19824000,7469.222832,1233,54,0.950659,0.3047
19826000,7371.583831,1230,54,0.963344,0.2344
19828000,7152.875203,1226,60,0.964887,0.2109
19830000,7313.812071,1222,59,0.959001,0.2188
19832000,7129.168656,1213,64,0.935358,0.2578
19834000,7289.397206,1245,57,0.960550,0.3125
19836000,7174.425099,1240,70,0.956915,0.3203
19838000,7202.887303,1252,60,0.953645,0.2969
19840000,7676.980526,1229,65,0.977870,0.1953
19842000,7399.101006,1236,70,0.973400,0.3047
19844000,7485.983836,1233,65,0.969499,0.2812
19846000,7546.027795,1231,73,0.938416,0.2969
19848000,7627.975203,1236,58,0.974336,0.2969
19850000,7248.776316,1233,60,0.948759,0.2422
19852000,7457.779771,1216,62,0.928727,0.3203
19854000,7354.694200,1212,64,0.973924,0.3828
19856000,7102.984302,1203,77,0.960548,0.2734
19858000,7173.181115,1209,78,0.969667,0.3125
19860000,6961.721107,1237,61,0.950772,0.2031
19862000,7181.637591,1234,68,0.961647,0.2969
19864000,7044.419931,1221,73,0.967111,0.3203
19866000,6743.372015,1240,64,0.949683,0.2812
19868000,6759.904390,1239,63,0.972146,0.2812
19870000,6746.064771,1235,71,0.967182,0.2812
19872000,6691.880403,1214,85,0.967406,0.2734
19874000,6357.623894,1235,69,0.967826,0.2969
19876000,6256.516902,1236,63,0.965941,0.2734
19878000,6793.985832,1240,65,0.979726,0.3594
19880000,6556.675875,1249,63,0.976533,0.3516
19882000,6596.434855,1245,60,0.971454,0.3125
19884000,6675.567640,1237,71,0.974092,0.2812
19886000,6658.543955,1228,78,0.972237,0.2969
19888000,6738.854268,1235,64,0.954418,0.2500
19890000,6527.221795,1232,60,0.928994,0.2891
19892000,6334.096774,1234,59,0.921822,0.2969
19894000,6021.461230,1228,57,0.917552,0.2656
19896000,6308.665875,1232,55,0.976031,0.2734
19898000,6120.652816,1218,68,0.928459,0.2891
19900000,5832.177251,1238,56,0.897471,0.2812
19902000,5857.436150,1242,57,0.948089,0.2500
19904000,5283.557523,1226,57,0.889378,0.1562
19906000,5189.782167,1239,58,0.955899,0.2500
19908000,5271.146975,1231,61,0.952225,0.2969
19910000,5298.913039,1232,60,0.946378,0.2734
19912000,5212.040403,1226,61,0.943582,0.2656
19914000,5158.025647,1237,62,0.956423,0.2656
19916000,5174.864326,1208,69,0.953970,0.3281
19918000,5235.887644,1212,72,0.897790,0.3203
19920000,5173.775163,1220,70,0.910834,0.3672
19922000,5427.362475,1198,84,0.953374,0.2656
19924000,5394.818238,1224,67,0.953246,0.3672
19926000,5438.417884,1231,70,0.957679,0.2578
19928000,5410.160072,1217,72,0.931207,0.3438
19930000,5469.393531,1243,66,0.972793,0.2188
19932000,5031.917223,1220,72,0.896466,0.2969
19934000,5339.989411,1217,73,0.955386,0.2500
19936000,5565.892771,1229,57,0.957010,0.2500
19938000,5506.720035,1216,63,0.971493,0.1953
19940000,5654.894432,1237,59,0.969122,0.2734
19942000,5617.817740,1238,61,0.965072,0.2891
19944000,5665.652430,1243,63,0.961316,0.2422
19946000,5623.071367,1232,71,0.961936,0.2891
19948000,5803.443575,1237,66,0.958160,0.2734
19950000,5701.891900,1238,63,0.959884,0.3125
19952000,5792.890075,1215,84,0.947999,0.2188
19954000,5814.075160,1243,64,0.941628,0.2500
19956000,5790.763815,1225,69,0.970017,0.2812
19958000,5696.973575,1236,77,0.969938,0.3047
19960000,5420.514528,1224,66,0.960223,0.2969
19962000,5293.779223,1231,77,0.946639,0.3750
19964000,5251.613470,1217,68,0.961179,0.2188
19966000,5431.733454,1229,71,0.967660,0.2344
19968000,5308.458150,1221,68,0.969560,0.2266
19970000,5036.812875,1229,71,0.946689,0.3125
19972000,4996.858835,1208,79,0.899047,0.3359
19974000,5474.658224,1214,59,0.959687,0.2578
19976000,5216.636755,1213,68,0.937035,0.2734
19978000,5473.233579,1212,62,0.959785,0.2422
19980000,5330.064582,1200,67,0.956754,0.2812
19982000,5529.442167,1210,59,0.942892,0.2969
19984000,4899.852211,1199,62,0.914092,0.2891
19986000,5351.284975,1202,79,0.924786,0.3594
19988000,5427.088399,1230,67,0.929243,0.1875
19990000,5583.355718,1214,70,0.953871,0.2891
19992000,5605.232947,1215,63,0.949567,0.2891
19994000,5575.954896,1209,67,0.948472,0.2891
19996000,5579.367478,1187,83,0.936068,0.3359
19998000,5707.914039,1195,79,0.936170,0.3594
20000000,5481.865551,1200,63,0.909304,0.3125
20002000,5568.830006,1203,65,0.836310,0.3281
20004000,5591.001115,1196,88,0.945527,0.3047
20006000,5796.045259,1209,68,0.971458,0.2969
20008000,5611.585750,1202,79,0.963627,0.2188
20010000,5748.826828,1187,83,0.964307,0.3438
20012000,5836.029612,1187,81,0.951060,0.3594
20014000,5810.672448,1196,73,0.968389,0.2578
20016000,6146.018444,1223,75,0.965658,0.3047
20018000,6030.506315,1231,66,0.968068,0.2578
20020000,5668.225775,1202,75,0.946274,0.3516
20022000,5646.808716,1203,89,0.959677,0.3750
20024000,5368.991566,1199,65,0.948992,0.3125
20026000,5177.590510,1186,82,0.958274,0.3594
20028000,5246.202416,1174,76,0.935982,0.3125
20030000,5531.228192,1166,94,0.952200,0.2422
20032000,5615.007891,1171,78,0.935897,0.3438
20034000,5563.126391,1184,73,0.941691,0.3125
20036000,5544.387035,1188,82,0.940506,0.2500
20038000,5377.264907,1204,79,0.955861,0.3047
20040000,5398.070635,1198,82,0.954887,0.2734
20042000,5563.914544,1213,75,0.960172,0.3047
20044000,5482.224415,1213,72,0.952004,0.2656
20046000,5419.494110,1217,74,0.955485,0.2969
20048000,5335.007702,1246,63,0.953619,0.3125
20050000,5239.513079,1233,66,0.931616,0.2969
20052000,4968.117468,1224,71,0.924985,0.2031
20054000,4964.433868,1244,61,0.939588,0.2188
20056000,5018.010704,1230,60,0.933381,0.2266
20058000,4717.013835,1248,68,0.913527,0.2734
20060000,5443.344062,1218,73,0.956973,0.3047
20062000,5417.693208,1208,70,0.955661,0.2578
20064000,5279.680091,1202,85,0.951006,0.2578
20066000,5376.045231,1216,68,0.960401,0.3047
20068000,5436.114956,1222,61,0.952026,0.2578
20070000,5249.109755,1213,75,0.969666,0.2266
20072000,5474.498563,1201,68,0.967583,0.3281
20074000,5473.637519,1186,72,0.967929,0.2422
20076000,5569.654191,1203,70,0.967619,0.2266
20078000,5507.454355,1206,66,0.966061,0.2188
20080000,5299.968134,1205,59,0.954229,0.3359
20082000,5246.764542,1198,80,0.951594,0.3594
20084000,5405.479515,1202,67,0.939614,0.2500
20086000,5259.180311,1197,59,0.904944,0.2266
20088000,5391.809360,1212,63,0.890572,0.2891
20090000,5276.127982,1189,63,0.899933,0.3438
20092000,5281.856667,1187,74,0.959089,0.3125
20094000,5295.890619,1192,66,0.952130,0.2969
20096000,5076.460438,1181,89,0.937576,0.3281
20098000,5534.729750,1201,71,0.966241,0.3281
20100000,5239.888171,1161,87,0.909623,0.3516
20102000,5336.387148,1160,82,0.964193,0.3359
20104000,5111.139798,1170,80,0.907665,0.2188
20106000,5133.762182,1171,94,0.902630,0.3203
20108000,5183.882160,1161,92,0.956773,0.3750
20110000,5133.762894,1150,78,0.965861,0.3438
20112000,5132.862984,1177,68,0.968422,0.3516
20114000,5067.981726,1169,73,0.945645,0.3359
20116000,5142.660286,1171,86,0.955782,0.2812
20118000,5358.986392,1192,74,0.969949,0.2812
20120000,5204.553900,1183,80,0.937693,0.3438
20122000,5203.553900,1186,85,0.952370,0.2734
20124000,5257.363795,1185,92,0.962512,0.3438
20126000,5195.898975,1207,80,0.961451,0.3828
20128000,5342.939643,1189,82,0.970408,0.3516
20130000,4999.498694,1208,73,0.927892,0.3047
20132000,5273.876390,1184,74,0.958055,0.3125
20134000,4982.602379,1194,70,0.933984,0.2578
20136000,5424.819100,1211,61,0.956819,0.2266
20138000,5422.018204,1221,61,0.943552,0.3281
20140000,5505.052160,1219,66,0.946039,0.2422
20142000,5382.378790,1228,54,0.947030,0.2344
20144000,4959.401440,1230,60,0.963691,0.3125
20146000,4890.034110,1218,70,0.956190,0.2422
20148000,4947.295742,1226,52,0.931937,0.2188
20150000,4883.471087,1217,65,0.934749,0.3281
20152000,4849.005240,1196,69,0.914627,0.2578
20154000,4995.291811,1222,55,0.949761,0.2734
20156000,5247.354428,1212,70,0.950762,0.3672
20158000,4923.077335,1217,64,0.914347,0.3203
20160000,4473.211303,1212,83,0.756120,0.2734
20162000,4397.971406,1219,70,0.735204,0.2734
20164000,4910.417518,1202,79,0.919459,0.3047
20166000,4861.763687,1215,80,0.887774,0.3125
20168000,4911.611174,1209,73,0.896514,0.3906
20170000,4654.210823,1222,59,0.874793,0.3125
20172000,4863.311175,1220,63,0.868970,0.2891
20174000,4636.419726,1219,63,0.726145,0.2422
20176000,4779.959479,1228,67,0.866839,0.2578
20178000,4969.584163,1212,67,0.958707,0.2344
20180000,4757.798430,1215,69,0.886286,0.2969
20182000,4760.415806,1213,70,0.908344,0.3594
20184000,4635.005455,1210,66,0.919670,0.2422
20186000,4925.058447,1205,73,0.821318,0.2891
20188000,5308.836735,1218,57,0.919675,0.2656
20190000,5354.529563,1213,71,0.942494,0.3750
20192000,5032.592046,1206,69,0.937826,0.2578
20194000,5074.317575,1205,66,0.939578,0.2812
20196000,5107.004590,1191,71,0.925047,0.3281
20198000,5173.825532,1202,75,0.948323,0.3125
20200000,5337.013571,1195,75,0.930946,0.3125
20202000,4561.515315,1216,57,0.769997,0.2344
20204000,4876.734563,1175,70,0.860736,0.2656
20206000,5324.267560,1187,68,0.886654,0.2500
20208000,5517.289875,1194,72,0.965190,0.2578
20210000,5536.199820,1200,65,0.962002,0.2734
20212000,5683.403270,1177,85,0.950621,0.3359
20214000,5045.411356,1168,73,0.927848,0.2812
20216000,4521.272595,1183,75,0.927482,0.2891
20218000,5169.287216,1189,74,0.937736,0.3672
20220000,5246.575612,1196,73,0.938225,0.2656
20222000,5356.637127,1171,93,0.940612,0.3984
20224000,5605.126299,1183,90,0.948484,0.3828
20226000,5489.456086,1198,77,0.964925,0.2812
20228000,5500.678928,1216,69,0.972575,0.2969
20230000,5433.259832,1194,72,0.975891,0.2344
20232000,5345.830199,1194,68,0.950829,0.2969
20234000,5281.824655,1195,66,0.953176,0.2578
20236000,5196.515075,1183,77,0.906492,0.2656
20238000,5191.829291,1197,63,0.943593,0.2969
20240000,5541.897179,1201,73,0.946917,0.3281
20242000,5233.678179,1202,64,0.944438,0.2891
20244000,5182.455724,1221,67,0.964448,0.3203
20246000,5459.535880,1220,77,0.966426,0.3750
20248000,5509.486316,1220,74,0.961256,0.2812
20250000,5462.802923,1213,61,0.945463,0.2969
20252000,5789.859260,1178,77,0.936651,0.2812
20254000,5759.491475,1195,67,0.932047,0.3359
20256000,5766.085711,1183,82,0.934046,0.3281
20258000,5740.794087,1218,69,0.944700,0.2812
20260000,5629.644227,1209,80,0.937606,0.3438
20262000,5742.796950,1200,72,0.941711,0.3047
20264000,5594.751403,1216,79,0.893470,0.2969
20266000,5563.113276,1217,69,0.927905,0.3047
20268000,5477.202268,1227,62,0.925544,0.1953
20270000,5419.455883,1209,69,0.954696,0.2891
20272000,5691.578168,1216,73,0.955173,0.3203
20274000,5759.891926,1222,73,0.944953,0.2109
20276000,5731.365875,1230,65,0.944297,0.2656
20278000,5749.880582,1196,75,0.945890,0.2344
20280000,5715.100459,1233,63,0.939397,0.2500
20282000,5686.773262,1233,71,0.944941,0.3281
20284000,5649.649883,1233,58,0.952700,0.2422
20286000,5599.350455,1230,63,0.941871,0.3516
20288000,5555.993047,1224,64,0.951591,0.1797
20290000,5983.161404,1218,77,0.970290,0.2109
20292000,6043.987887,1241,61,0.973653,0.2422
20294000,6033.827851,1250,57,0.967798,0.1953
20296000,5825.089719,1236,73,0.955789,0.2656
20298000,5652.183932,1212,73,0.919921,0.2266
20300000,5670.789216,1214,74,0.935265,0.2656
20302000,5794.645550,1195,81,0.968122,0.2656
20304000,5916.486055,1212,78,0.967493,0.2734
20306000,5895.176515,1177,84,0.964032,0.3359
20308000,5740.152815,1196,80,0.956389,0.3672
20310000,5422.996459,1204,77,0.912914,0.2266
20312000,5483.540295,1218,73,0.911583,0.3516
20314000,5571.347215,1223,64,0.911107,0.2422
20316000,5780.622475,1229,63,0.965600,0.3047
20318000,5647.626387,1229,71,0.961138,0.3203
20320000,5730.025195,1217,83,0.960146,0.2891
20322000,5693.230220,1230,67,0.960041,0.2500
20324000,5664.477979,1246,50,0.953118,0.2891
20326000,5647.989740,1238,62,0.907926,0.2031
20328000,5534.207531,1244,64,0.932117,0.3203
20330000,5567.243774,1250,69,0.931685,0.2500
20332000,5818.090683,1252,50,0.959016,0.2891
20334000,5649.962368,1230,76,0.920758,0.3125
20336000,6157.503459,1243,55,0.971260,0.2578
20338000,5947.455235,1250,47,0.956657,0.2656
20340000,5970.066247,1211,68,0.967052,0.2891
20342000,5997.853655,1212,70,0.970324,0.2812
20344000,5851.533527,1188,81,0.965625,0.3359
20346000,6060.482079,1193,83,0.963996,0.2578
20348000,6324.023315,1197,74,0.943005,0.3203
20350000,6308.404631,1184,76,0.970701,0.3203
20352000,6312.020240,1212,58,0.967148,0.3047
20354000,6140.879916,1208,73,0.969764,0.3047
20356000,6161.395366,1208,67,0.971647,0.1875
20358000,5996.677259,1212,78,0.968008,0.3125
20360000,6008.637179,1208,78,0.949832,0.2656
20362000,5972.687614,1217,67,0.942152,0.3281
20364000,5851.158510,1208,69,0.926931,0.2266
20366000,6069.396823,1201,65,0.950728,0.2734
20368000,6165.818044,1231,76,0.953017,0.3125
20370000,6593.481064,1234,77,0.944366,0.1953
20372000,6015.537039,1240,64,0.941414,0.2969
20374000,5957.535174,1259,71,0.946276,0.2422
20376000,5755.618255,1230,69,0.959424,0.3359
20378000,5934.835599,1209,76,0.949886,0.2344
20380000,6174.630460,1226,69,0.955159,0.2969
20382000,6213.793470,1213,74,0.963326,0.3047
20384000,5944.053222,1233,74,0.952453,0.2656
20386000,6041.849030,1228,73,0.950272,0.2344
20388000,6272.258800,1219,68,0.959039,0.2734
20390000,6338.882662,1214,69,0.954711,0.2500
20392000,6171.488438,1229,69,0.961766,0.2188
20394000,6001.213983,1216,78,0.953041,0.2656
20396000,6126.161542,1222,70,0.958377,0.2891
20398000,6308.994115,1211,74,0.973186,0.2734
20400000,6378.167542,1211,59,0.971271,0.3438
20402000,6383.612927,1208,73,0.972153,0.2578
20404000,6379.024606,1224,64,0.914330,0.2734
20406000,6799.824191,1227,65,0.968571,0.3125
20408000,6646.654067,1231,65,0.969958,0.2266
20410000,6128.783350,1231,68,0.928036,0.2344
20412000,6361.511142,1217,71,0.968771,0.2812
20414000,6274.213731,1218,71,0.947234,0.3594
20416000,6223.344339,1235,66,0.931577,0.3281
20418000,6637.296855,1217,73,0.930024,0.3750
20420000,6637.668632,1203,83,0.936642,0.2578
20422000,6828.914607,1186,84,0.972566,0.2422
20424000,6500.938263,1216,58,0.963336,0.2578
20426000,6323.545315,1206,65,0.959441,0.3125
20428000,6350.537259,1196,72,0.967344,0.2969
20430000,6344.964300,1198,66,0.970892,0.2188
20432000,6102.049795,1179,77,0.968062,0.2969
20434000,6535.918647,1185,80,0.974947,0.2969
20436000,6633.099027,1175,81,0.968087,0.3516
20438000,6551.541399,1199,73,0.972583,0.3438
20440000,6405.585368,1206,68,0.975947,0.3125
20442000,6419.409900,1222,66,0.972415,0.2656
20444000,6274.619255,1200,69,0.965846,0.2812
20446000,6280.572375,1209,78,0.937422,0.2656
20448000,6300.580751,1211,75,0.978825,0.2891
20450000,6336.024334,1197,86,0.978718,0.3125
20452000,6162.156424,1193,89,0.978441,0.3203
20454000,6180.588574,1199,65,0.977958,0.2734
20456000,6222.045356,1201,78,0.960313,0.2344
20458000,6015.424483,1168,81,0.964942,0.3203
20460000,5699.587024,1182,90,0.953716,0.3672
20462000,5796.823710,1198,80,0.926763,0.2812
20464000,5963.168444,1217,69,0.959529,0.2734
20466000,6302.345580,1222,56,0.967505,0.2812
20468000,6320.400526,1228,57,0.939623,0.2734
20470000,6481.724108,1195,82,0.964265,0.3047
20472000,6607.800635,1211,76,0.965420,0.2031
20474000,6455.001294,1182,82,0.957371,0.3438
20476000,6293.110268,1202,71,0.960475,0.2344
20478000,6127.006958,1218,68,0.967548,0.3125
20480000,6174.976572,1201,67,0.977396,0.3203
20482000,6271.898455,1191,76,0.971910,0.3828
20484000,6335.658648,1206,58,0.984795,0.2500
20486000,6102.504566,1223,60,0.986515,0.2734
20488000,6020.514382,1190,76,0.978016,0.2969
20490000,6129.596910,1215,52,0.979824,0.2500
20492000,6043.406175,1248,51,0.962748,0.2031
20494000,5994.588448,1235,62,0.955588,0.2812
20496000,5885.684343,1226,65,0.957664,0.3594
20498000,5988.618455,1219,80,0.974408,0.3125
20500000,6103.952587,1208,80,0.961112,0.3359
20502000,5871.568124,1216,71,0.960915,0.3516
20504000,5867.129927,1239,63,0.963589,0.2578
20506000,5972.316223,1215,79,0.963876,0.3281
20508000,5929.931512,1219,73,0.964546,0.2891
20510000,6101.995399,1195,85,0.948845,0.3438
20512000,6101.319360,1200,75,0.928369,0.2891
20514000,6278.498200,1191,89,0.911314,0.3047
20516000,6128.247983,1224,65,0.880148,0.2344
20518000,6107.023267,1241,60,0.882161,0.2734
20520000,6295.411038,1232,58,0.883786,0.2656
20522000,6399.228179,1222,63,0.887275,0.2500
20524000,6693.160390,1199,69,0.951984,0.2734
20526000,6748.807742,1198,69,0.950632,0.3438
20528000,6182.964160,1209,63,0.928953,0.2656
20530000,6223.420510,1195,59,0.858424,0.3047
20532000,5848.774727,1187,73,0.928616,0.2969
20534000,5702.193795,1211,63,0.880197,0.2656
20536000,5787.868364,1221,71,0.930138,0.2656
20538000,6296.826603,1221,61,0.931823,0.2500
20540000,5768.363270,1232,62,0.862325,0.3672
20542000,6200.493231,1239,65,0.931375,0.2422
20544000,6068.443916,1259,43,0.920508,0.2188
20546000,6123.058915,1257,52,0.929322,0.3359
20548000,6257.914782,1238,62,0.974600,0.2969
20550000,6116.640163,1236,68,0.943074,0.3125
20552000,5929.606510,1227,64,0.926570,0.2500
20554000,5808.792427,1213,74,0.932444,0.2422
20556000,5790.459150,1204,77,0.956748,0.3281
20558000,5893.731339,1235,69,0.963024,0.2891
20560000,6591.281520,1227,72,0.972552,0.2891
20562000,6641.337830,1229,63,0.974303,0.2578
20564000,6732.226963,1230,71,0.972111,0.3594
20566000,6816.220491,1219,64,0.972706,0.2969
20568000,6538.601046,1219,57,0.978492,0.3828
20570000,6526.136955,1200,79,0.973041,0.2812
20572000,6703.819755,1201,63,0.952835,0.3516
20574000,6770.570910,1205,72,0.955491,0.2734
20576000,6884.456511,1225,67,0.969934,0.2969
20578000,6787.400878,1223,57,0.958354,0.2656
20580000,6938.326860,1209,63,0.980832,0.2500
20582000,6315.819871,1201,83,0.907411,0.3516
20584000,6687.207663,1207,55,0.933454,0.2656
20586000,6624.186470,1192,78,0.933809,0.2969
20588000,6848.463715,1215,67,0.912777,0.2344
20590000,6842.957743,1225,67,0.926616,0.2500
20592000,6723.950270,1195,82,0.923460,0.2656
20594000,6510.301270,1226,70,0.940928,0.2500
20596000,6795.518300,1210,74,0.914712,0.2891
20598000,6792.359963,1227,78,0.914980,0.2891
20600000,6989.654435,1221,74,0.915803,0.3281
20602000,7270.821260,1219,72,0.973615,0.3125
20604000,7039.098550,1218,65,0.900824,0.2031
20606000,7143.863655,1241,61,0.967667,0.2578
20608000,7437.518091,1268,51,0.984693,0.3047
20610000,7462.998750,1255,56,0.984473,0.2500
20612000,7228.114150,1240,58,0.967194,0.2891
20614000,7217.263983,1234,65,0.967623,0.2578
20616000,7301.197175,1255,53,0.982026,0.3281
20618000,7398.808615,1253,65,0.977508,0.2734
20620000,7434.722679,1252,64,0.985252,0.3281
20622000,7537.132855,1238,69,0.982625,0.3281
20624000,7516.779500,1238,62,0.984050,0.2500
20626000,7217.248835,1221,80,0.959072,0.2734
20628000,6173.741307,1219,71,0.884197,0.2734
20630000,6164.274471,1208,80,0.929488,0.3203
20632000,6169.131599,1219,72,0.956944,0.2891
20634000,6561.668107,1219,72,0.977064,0.2734
20636000,6307.811030,1241,62,0.949884,0.2734
20638000,6324.268972,1209,69,0.979200,0.3125
20640000,6198.960475,1203,77,0.978433,0.2578
20642000,6072.718907,1197,72,0.972246,0.3125
20644000,6104.318927,1205,79,0.951972,0.3047
20646000,6172.496508,1200,73,0.935113,0.2109
20648000,6193.594688,1206,65,0.962750,0.2578
20650000,6103.604779,1189,72,0.959032,0.2188
20652000,6124.211630,1177,76,0.964478,0.3594
20654000,6219.620195,1203,61,0.968954,0.2422
20656000,5906.360799,1205,62,0.875148,0.2812
20658000,6025.396652,1190,79,0.960589,0.2891
20660000,6102.164172,1204,73,0.977503,0.2656
20662000,6069.237207,1192,79,0.977127,0.2969
20664000,5891.195774,1190,71,0.969109,0.3203
20666000,5891.987915,1220,77,0.964783,0.3281
20668000,5709.252431,1193,86,0.932076,0.3359
20670000,5854.606368,1185,91,0.971545,0.3359
20672000,5941.125331,1205,83,0.952917,0.2891
20674000,5690.274359,1192,84,0.949309,0.3047
20676000,6172.003550,1186,83,0.969645,0.3438
20678000,6301.914054,1207,76,0.977889,0.2969
20680000,6167.451583,1214,71,0.943582,0.3359
20682000,6236.711726,1201,66,0.939424,0.2812
20684000,6174.800855,1198,87,0.936251,0.3125
20686000,6309.955659,1194,83,0.975903,0.3047
20688000,6202.336166,1204,69,0.961694,0.3125
20690000,6122.504635,1202,77,0.978750,0.3125
20692000,6296.309595,1203,74,0.981494,0.2031
20694000,6355.551102,1210,69,0.979133,0.3125
20696000,6242.536911,1222,52,0.952227,0.2891
20698000,6002.683630,1218,66,0.943766,0.2266
20700000,5989.245767,1197,76,0.930256,0.2969
20702000,5954.119062,1203,89,0.923189,0.3359
20704000,6026.037135,1196,84,0.967821,0.3594
20706000,6219.336934,1210,73,0.962953,0.2969
20708000,6333.662111,1234,62,0.962080,0.3516
20710000,6367.449424,1205,68,0.962453,0.3125
20712000,6427.327564,1205,79,0.927936,0.3438
20714000,6287.611910,1219,74,0.961219,0.3203
20716000,6478.463375,1211,82,0.965464,0.2891
20718000,6275.485936,1199,89,0.960276,0.3594
20720000,6183.704328,1193,83,0.953273,0.3516
20722000,6520.584775,1209,59,0.955242,0.3047
20724000,6704.365971,1208,66,0.925910,0.2734
20726000,6763.409708,1193,78,0.973384,0.2578
20728000,6617.447055,1183,79,0.971237,0.3047
20730000,6273.439966,1212,65,0.910073,0.2969
20732000,6313.375758,1210,70,0.917687,0.3281
20734000,6276.121430,1215,73,0.956525,0.3047
20736000,6074.634320,1208,85,0.940876,0.3672
20738000,6119.435470,1223,74,0.941027,0.2969
20740000,6595.172383,1234,77,0.926297,0.2500
20742000,6683.613110,1225,63,0.924267,0.2500
20744000,6946.650092,1199,78,0.968086,0.2109
20746000,6619.899723,1187,84,0.969080,0.2500
20748000,6602.513198,1197,73,0.967269,0.2344
20750000,6659.397976,1214,68,0.968104,0.2812
20752000,6905.547950,1204,63,0.943825,0.3047
20754000,6661.082700,1203,70,0.896371,0.2891
20756000,6950.090806,1188,83,0.904989,0.3203
20758000,6865.005287,1196,74,0.946331,0.2734
20760000,7037.976142,1210,75,0.933954,0.2812
20762000,6921.666395,1199,83,0.931247,0.2891
20764000,7342.782206,1215,67,0.924161,0.3203
20766000,7327.516646,1237,54,0.929277,0.2109
20768000,7553.276779,1236,70,0.972260,0.2422
20770000,7728.679200,1246,75,0.982487,0.2812
20772000,7665.275388,1215,74,0.978342,0.3438
20774000,7718.373775,1232,68,0.980898,0.2812
20776000,7840.173711,1235,61,0.978721,0.3516
20778000,7576.531839,1225,65,0.969646,0.2891
20780000,7832.953403,1202,76,0.980133,0.2734
20782000,7800.121142,1193,73,0.973540,0.2656
20784000,8039.895755,1234,61,0.976093,0.2578
20786000,8092.743302,1224,71,0.975536,0.2344
20788000,7937.192611,1238,54,0.935736,0.2656
20790000,8042.216063,1243,46,0.970829,0.3125
20792000,7964.922023,1240,55,0.970146,0.2578
20794000,8418.568950,1256,55,0.977056,0.2188
20796000,8191.585175,1224,56,0.977718,0.2578
20798000,8096.874860,1233,48,0.952841,0.2734
20800000,8240.772142,1211,78,0.953399,0.4297
20802000,8033.000348,1210,76,0.975042,0.3750
20804000,7616.359683,1224,65,0.966341,0.2188
20806000,7777.886091,1218,63,0.972808,0.2891
20808000,7011.474444,1210,75,0.954319,0.3281
20810000,7678.520846,1238,60,0.963912,0.2578
20812000,7548.066251,1244,60,0.964517,0.3203
20814000,7674.857119,1202,75,0.966369,0.2188
20816000,7847.429152,1226,53,0.952121,0.2578
20818000,7979.746944,1230,79,0.958650,0.2656
20820000,7848.556987,1251,60,0.937996,0.3125
20822000,8198.232030,1227,62,0.955091,0.2969
20824000,8128.675075,1229,68,0.955516,0.2344
20826000,8082.895243,1219,65,0.966942,0.2422
20828000,8071.586246,1229,64,0.933620,0.2344
20830000,7918.525231,1246,51,0.942481,0.3047
20832000,8129.382415,1241,59,0.974501,0.2109
20834000,8102.217950,1239,70,0.968817,0.2734
20836000,8284.079875,1244,66,0.969435,0.3047
20838000,8367.581848,1248,57,0.973373,0.2266
20840000,8436.257175,1236,72,0.969685,0.3047
20842000,8370.122502,1251,51,0.974004,0.2891
20844000,8255.648400,1249,48,0.969421,0.2344
20846000,8149.391260,1222,62,0.972211,0.2500
20848000,8142.966731,1204,78,0.964568,0.2734
20850000,8591.286550,1198,75,0.979382,0.2812
20852000,8199.420460,1214,75,0.941356,0.3203
20854000,8829.597510,1205,84,0.983020,0.3984
20856000,8613.674075,1199,73,0.987616,0.2656
20858000,8672.525583,1181,92,0.985307,0.2422
20860000,8331.097630,1217,69,0.970454,0.2266
20862000,8148.872023,1226,61,0.975380,0.2734
20864000,8209.214718,1206,77,0.974984,0.3125
20866000,8240.739084,1221,60,0.985544,0.2812
20868000,8269.790375,1181,81,0.987045,0.3906
20870000,8186.276295,1181,77,0.985880,0.3516
20872000,8790.267212,1195,86,0.983658,0.3359
20874000,8798.306675,1221,85,0.982814,0.3828
20876000,8715.647640,1235,70,0.983956,0.3438
20878000,8346.620247,1245,64,0.940586,0.2891
20880000,8534.822935,1264,59,0.949459,0.1953
20882000,8054.575276,1234,80,0.952172,0.2734
20884000,8154.902155,1223,70,0.962250,0.2578
20886000,8203.876558,1215,71,0.946721,0.2578
20888000,8297.450871,1211,78,0.980259,0.3047
20890000,8368.238616,1231,55,0.977276,0.2891
20892000,8598.386075,1227,65,0.973333,0.2578
20894000,8385.301115,1256,63,0.968235,0.2891
20896000,8311.342076,1249,59,0.928037,0.3359
20898000,8646.289724,1237,64,0.976581,0.2578
20900000,8898.667799,1235,67,0.977010,0.2812
20902000,8791.143699,1239,73,0.983324,0.2734
20904000,8558.561063,1238,71,0.981642,0.2656
20906000,8322.323814,1228,59,0.943435,0.3203
20908000,8078.258567,1238,70,0.952649,0.2109
20910000,7992.890310,1225,63,0.957691,0.2500
20912000,8193.678323,1228,58,0.966934,0.2500
20914000,8467.800526,1252,52,0.978348,0.3125
20916000,8097.948483,1244,74,0.965084,0.2656
20918000,7861.300366,1238,65,0.980696,0.2344
20920000,7958.864780,1230,62,0.981111,0.2891
20922000,7672.714179,1220,68,0.977371,0.3203
20924000,7563.477691,1227,79,0.968860,0.3203
20926000,7966.886102,1241,66,0.972321,0.2812
20928000,7545.932300,1241,77,0.927340,0.3203
20930000,8374.491435,1232,75,0.970312,0.2344
20932000,8477.104727,1228,62,0.971105,0.3281
20934000,8321.456760,1194,75,0.966542,0.3203
20936000,8184.239355,1212,73,0.955726,0.2891
20938000,8192.702671,1241,61,0.952980,0.2500
20940000,8400.752334,1247,57,0.973957,0.2812
20942000,8717.035486,1227,66,0.963777,0.3047
20944000,8665.734599,1242,46,0.963781,0.2656
20946000,8655.523443,1216,71,0.976561,0.2109
20948000,8896.901083,1225,64,0.980113,0.2891
20950000,8856.173724,1210,68,0.979110,0.3125
20952000,8871.985260,1227,62,0.947546,0.3594
20954000,8912.429335,1222,64,0.977113,0.2734
20956000,8809.011916,1213,76,0.961007,0.3203
20958000,8745.273608,1230,74,0.961268,0.3203
20960000,8820.848275,1249,63,0.959892,0.2500
20962000,8928.306300,1205,75,0.981360,0.3438
20964000,8330.217856,1215,73,0.890389,0.3125
20966000,8810.177359,1231,54,0.964530,0.2500
20968000,8465.992972,1222,71,0.929951,0.3281
20970000,8659.111335,1226,70,0.941459,0.3594
20972000,8412.293519,1232,59,0.885476,0.2656
20974000,7794.267835,1220,61,0.958109,0.2578
20976000,8236.179247,1240,54,0.949354,0.2656
20978000,8400.068615,1236,59,0.945432,0.2578
20980000,8268.475390,1243,59,0.938848,0.3047
20982000,8567.827167,1232,58,0.937012,0.3359
20984000,9090.976220,1239,56,0.976046,0.2344
20986000,8842.788924,1249,57,0.973413,0.2578
20988000,8930.096831,1242,57,0.892087,0.2578
20990000,9050.251910,1247,70,0.957104,0.3516
20992000,8845.654520,1239,84,0.910267,0.2812
20994000,8928.298635,1230,81,0.911877,0.3516
20996000,8613.836851,1248,65,0.911608,0.2188
20998000,8710.822076,1234,63,0.954952,0.3125
21000000,7971.358272,1240,66,0.890861,0.2422
21002000,7813.022700,1264,71,0.937879,0.2734
21004000,8268.435550,1252,68,0.934474,0.2344
21006000,8262.454812,1226,74,0.939963,0.3438
21008000,8040.970307,1239,76,0.958711,0.2734
21010000,8295.618744,1227,61,0.973402,0.3047
21012000,8280.793179,1235,62,0.973685,0.2109
21014000,8603.834016,1254,68,0.954812,0.2969
21016000,8590.417423,1242,71,0.950130,0.3203
21018000,8611.095846,1247,66,0.921674,0.2500
21020000,8908.412342,1236,73,0.963213,0.3125
21022000,8754.130427,1248,59,0.964180,0.2344
21024000,8016.327320,1242,62,0.940736,0.2969
21026000,7994.362736,1249,54,0.893820,0.3203
21028000,7938.054424,1257,52,0.930203,0.2188
21030000,7864.350934,1252,65,0.919604,0.2812
21032000,7201.333799,1247,64,0.888405,0.3359
21034000,7311.438550,1235,70,0.898359,0.2656
21036000,6874.705230,1260,56,0.903259,0.3203
21038000,6602.584910,1230,63,0.827838,0.3438
21040000,6673.974064,1221,67,0.833712,0.3047
21042000,7390.093270,1221,70,0.875590,0.2344
21044000,7384.646174,1242,60,0.909656,0.2734
21046000,7585.534982,1262,65,0.916917,0.2891
21048000,7443.905950,1240,65,0.928573,0.2891
21050000,7518.923992,1238,55,0.934028,0.1719
21052000,7743.432275,1239,54,0.947573,0.2188
21054000,7199.053590,1241,53,0.813163,0.2812
21056000,7327.141180,1234,76,0.883394,0.2656
21058000,7506.448278,1246,56,0.960359,0.2422
21060000,7283.446611,1251,52,0.906249,0.2500
21062000,7502.438859,1242,63,0.962223,0.2578
21064000,7614.310806,1238,71,0.962226,0.2500
21066000,7529.700910,1241,69,0.963308,0.2109
21068000,7520.825251,1237,50,0.963810,0.2266
21070000,7122.392190,1219,72,0.930319,0.2578
21072000,6873.886735,1200,76,0.825148,0.2656
21074000,7231.653520,1214,85,0.931952,0.3359
21076000,6546.488174,1248,58,0.770385,0.2812
21078000,7103.717571,1230,63,0.920007,0.2734
21080000,6834.580531,1264,53,0.779035,0.2422
21082000,7136.774555,1257,59,0.929950,0.2188
21084000,7022.442160,1245,57,0.953864,0.2109
21086000,6641.527223,1230,76,0.919599,0.3750
21088000,6772.685670,1235,70,0.966443,0.2578
21090000,6856.506758,1233,66,0.942428,0.3281
21092000,6497.784039,1242,52,0.935596,0.2500
21094000,6515.118134,1258,50,0.885053,0.2500
21096000,6354.645875,1251,60,0.942624,0.2734
21098000,5946.036444,1244,63,0.952501,0.2891
21100000,6301.000630,1251,67,0.945568,0.2578
21102000,6119.151880,1226,78,0.952580,0.2109
21104000,7032.750300,1226,74,0.905246,0.2891
21106000,7184.723550,1241,59,0.961773,0.2500
21108000,7163.967198,1244,65,0.968859,0.2734
21110000,7165.871439,1266,61,0.966514,0.2891
21112000,6150.099815,1274,57,0.733682,0.2500
21114000,5808.447340,1276,62,0.899865,0.3203
21116000,6480.254691,1260,64,0.948524,0.2891
21118000,6454.398827,1265,60,0.948233,0.2734
21120000,6553.046950,1280,50,0.949609,0.2266
21122000,6890.426222,1249,55,0.953750,0.2109
21124000,6672.276835,1250,63,0.907072,0.3047
21126000,6709.933094,1266,51,0.942544,0.2891
21128000,6624.584159,1242,54,0.879510,0.2188
21130000,6588.687783,1230,71,0.893608,0.2891
21132000,6615.195440,1245,53,0.954783,0.2578
21134000,6521.057015,1238,59,0.952852,0.2969
21136000,6511.577070,1247,66,0.953933,0.2422
21138000,6760.051100,1261,51,0.956080,0.2266
21140000,6804.382575,1250,49,0.955939,0.2188
21142000,7163.935383,1251,53,0.971015,0.2031
21144000,6828.937072,1240,65,0.968382,0.2500
21146000,6901.079899,1214,72,0.967374,0.3203
21148000,6928.235547,1208,68,0.966716,0.1875
21150000,6915.839910,1225,60,0.962270,0.2578
21152000,6926.719451,1233,59,0.961269,0.3125
21154000,6677.452455,1215,49,0.926795,0.3203
21156000,6748.644859,1217,74,0.958869,0.2500
21158000,6296.488278,1212,65,0.955273,0.3359
21160000,5864.222067,1245,54,0.918540,0.2500
21162000,6075.118604,1241,65,0.872506,0.2656
21164000,6469.574655,1233,75,0.814563,0.2109
21166000,6893.776695,1219,79,0.921718,0.3594
21168000,7037.191902,1215,72,0.922694,0.3438
21170000,6954.200715,1203,75,0.921732,0.2812
21172000,7212.471095,1191,79,0.934535,0.3750
21174000,7041.295894,1208,78,0.912568,0.3828
21176000,7217.638443,1217,76,0.943824,0.2031
21178000,7365.036214,1223,73,0.951186,0.2344
21180000,7204.118272,1219,73,0.935990,0.2422
21182000,7460.525279,1199,83,0.911885,0.3047
21184000,7397.969740,1218,73,0.908930,0.3828
21186000,7495.805072,1246,70,0.915787,0.2891
21188000,7641.903791,1250,61,0.921030,0.3594
21190000,7954.383435,1218,71,0.941176,0.2734
21192000,7873.602663,1242,61,0.946577,0.2500
21194000,7831.669051,1245,54,0.942690,0.2969
21196000,7871.874615,1251,56,0.966068,0.2734
21198000,7776.395715,1252,54,0.961450,0.2891
21200000,8028.078888,1231,65,0.967454,0.2891
21202000,7549.336103,1232,68,0.920322,0.2969
21204000,7459.590566,1229,67,0.892710,0.2578
21206000,7436.745676,1242,59,0.925360,0.2500
21208000,7811.218127,1228,64,0.937323,0.2422
21210000,8064.506022,1220,60,0.938195,0.2109
21212000,8071.187075,1220,70,0.945109,0.2422
21214000,7477.284231,1228,56,0.889238,0.2109
21216000,7845.169438,1241,55,0.960454,0.3203
21218000,7768.979455,1264,57,0.962163,0.2578
21220000,7507.365320,1270,46,0.965021,0.2344
21222000,7453.845550,1264,48,0.939318,0.2969
21224000,7813.790108,1257,60,0.952674,0.2266
21226000,8233.995656,1247,54,0.960581,0.2266
21228000,7961.083248,1236,65,0.962638,0.3125
21230000,8037.172174,1246,66,0.962410,0.2109
21232000,8063.526519,1261,57,0.960236,0.2344
21234000,8112.064928,1246,56,0.958251,0.2266
21236000,7981.817302,1242,57,0.956723,0.3359
21238000,8084.097870,1235,57,0.954353,0.2578
21240000,8028.727415,1226,76,0.955741,0.2500
21242000,7498.318843,1234,64,0.967868,0.2969
21244000,7495.842040,1254,66,0.964949,0.2891
21246000,7077.800456,1244,58,0.869653,0.2734
21248000,7216.258376,1222,76,0.915147,0.2578
21250000,7716.398000,1213,72,0.968221,0.2734
21252000,7812.740815,1211,73,0.973530,0.3359
21254000,7646.774624,1213,74,0.966293,0.2969
21256000,7508.037080,1216,63,0.926830,0.2578
21258000,7680.591950,1237,70,0.967726,0.2656
21260000,7519.723164,1235,51,0.959849,0.2578
21262000,7504.658703,1225,60,0.958223,0.2500
21264000,7696.529263,1224,62,0.966895,0.3047
21266000,7813.901310,1196,63,0.964969,0.2656
21268000,7513.485822,1208,60,0.937681,0.2422
21270000,7066.285423,1204,68,0.803043,0.3516
21272000,7143.592822,1231,51,0.927905,0.3125
21274000,7370.798295,1243,59,0.923502,0.2812
21276000,7578.224335,1241,53,0.937765,0.3438
21278000,7593.816367,1218,58,0.944795,0.3047
21280000,8235.009596,1221,65,0.982304,0.3281
21282000,8108.230475,1221,76,0.981674,0.2891
21284000,8275.664955,1224,72,0.982377,0.2734
21286000,8142.045280,1232,65,0.977201,0.2812
21288000,8042.900091,1233,60,0.972661,0.3438
21290000,7871.642120,1204,74,0.962672,0.2578
21292000,7869.004771,1218,86,0.977905,0.2812
21294000,7733.756099,1210,79,0.968997,0.2969
21296000,7799.639075,1231,64,0.969168,0.3672
21298000,7757.216407,1251,50,0.967596,0.3125
21300000,7738.084790,1248,57,0.967754,0.2500
21302000,7487.564135,1238,63,0.966042,0.2422
21304000,7757.365536,1237,71,0.960964,0.2969
21306000,7306.434311,1257,53,0.947394,0.2734
21308000,7594.044222,1226,71,0.970667,0.2891
21310000,7491.565070,1220,80,0.975196,0.3047
21312000,7445.119835,1225,71,0.954638,0.3906
21314000,7297.924343,1225,73,0.948676,0.3203
21316000,7906.683640,1211,76,0.962423,0.2812
21318000,7780.727926,1214,77,0.937363,0.3125
21320000,7944.447343,1248,61,0.959412,0.2734
21322000,7975.224606,1224,76,0.965485,0.2500
21324000,8094.437648,1218,84,0.964002,0.2969
21326000,8501.664735,1223,70,0.969978,0.3047
21328000,8147.702015,1234,58,0.966376,0.3281
21330000,7909.813360,1222,74,0.965929,0.2656
21332000,7881.061534,1216,73,0.973719,0.2891
21334000,8046.108623,1233,73,0.974394,0.2812
21336000,8123.761431,1231,65,0.973683,0.2891
21338000,8429.361027,1220,63,0.976637,0.3516
21340000,7980.143132,1242,50,0.971009,0.2422
21342000,7335.542750,1220,61,0.967404,0.2578
21344000,7373.325590,1230,59,0.964458,0.2812
21346000,7339.617772,1250,58,0.973335,0.2812
21348000,7076.794920,1243,60,0.970229,0.3125
21350000,7000.752047,1240,64,0.949800,0.3125
21352000,7062.212704,1227,69,0.957293,0.2812
21354000,7293.228462,1233,69,0.969498,0.2344
21356000,7435.575254,1227,69,0.983588,0.3516
21358000,6895.668179,1234,66,0.979816,0.2500
21360000,6345.509788,1230,65,0.879769,0.3438
21362000,7065.296243,1188,92,0.975382,0.3750
21364000,6864.578499,1210,64,0.963131,0.2266
21366000,6904.955500,1200,73,0.974820,0.3125
21368000,6320.463102,1211,80,0.946862,0.3516
21370000,6119.221815,1210,73,0.953246,0.2812
21372000,6245.867022,1217,67,0.949292,0.2812
21374000,6348.251036,1209,67,0.963799,0.2969
21376000,6133.668510,1206,75,0.946814,0.2734
21378000,6240.983539,1213,70,0.959788,0.3359
21380000,6357.293459,1215,69,0.963705,0.2578
21382000,6225.434814,1206,72,0.953024,0.2578
21384000,6337.383891,1231,64,0.963124,0.2656
21386000,6585.865947,1232,60,0.960362,0.3438
21388000,6445.640163,1225,58,0.955421,0.3828
21390000,6669.741104,1192,76,0.955700,0.3359
21392000,6540.312904,1175,92,0.956257,0.3594
21394000,6617.224908,1211,81,0.949590,0.3125
21396000,6550.130355,1199,87,0.956028,0.3203
21398000,6654.146550,1208,77,0.962556,0.3203
21400000,6540.213756,1230,71,0.965983,0.2969
21402000,6691.960134,1203,80,0.966268,0.2891
21404000,6639.821612,1217,76,0.957284,0.2969
21406000,6686.477211,1213,67,0.948929,0.2891
21408000,6725.720535,1205,79,0.959478,0.3047
21410000,6817.498403,1221,79,0.964995,0.2891
21412000,6903.761163,1215,79,0.965073,0.3281
21414000,6845.424160,1214,72,0.919540,0.2969
21416000,7132.352072,1217,65,0.957361,0.2578
21418000,6856.125503,1222,60,0.961361,0.2734
21420000,6780.823566,1232,61,0.955169,0.2578
21422000,6601.541664,1213,90,0.961661,0.3359
21424000,6330.426206,1226,70,0.958254,0.2422
21426000,6164.381347,1236,59,0.967979,0.2422
21428000,6237.432268,1230,72,0.972164,0.2734
21430000,6617.961535,1222,64,0.968614,0.2422
21432000,6504.578319,1232,72,0.966738,0.3594
21434000,6488.428139,1201,82,0.941356,0.2656
21436000,6330.889771,1208,83,0.967490,0.2422
21438000,6190.414655,1217,74,0.959350,0.2578
21440000,6461.807702,1224,66,0.904940,0.3047
21442000,6372.182142,1227,65,0.957559,0.2734
21444000,6593.336131,1244,53,0.962480,0.1797
21446000,6355.168675,1231,55,0.929434,0.2344
21448000,6502.669007,1241,58,0.960754,0.2500
21450000,6346.609590,1220,67,0.955989,0.2812
21452000,6147.881960,1221,80,0.954014,0.2734
21454000,6247.578030,1236,66,0.967857,0.3672
21456000,6691.557200,1223,57,0.981635,0.2734
21458000,6672.523160,1242,54,0.980666,0.2891
21460000,6704.854875,1224,64,0.976184,0.1562
21462000,6832.923864,1207,79,0.982385,0.2578
21464000,6717.971590,1206,74,0.976814,0.3125
21466000,6789.023886,1228,64,0.981762,0.2109
21468000,6645.461755,1212,63,0.978976,0.3750
21470000,6495.602032,1198,76,0.961203,0.3359
21472000,6521.383979,1190,85,0.975228,0.2891
21474000,6558.075100,1202,82,0.974546,0.3516
21476000,6662.357123,1202,79,0.961482,0.2812
21478000,6747.462574,1229,77,0.980020,0.3438
21480000,6779.560590,1207,83,0.976250,0.2891
21482000,6907.580955,1206,83,0.984396,0.2578
21484000,6663.212590,1212,77,0.979731,0.2891
21486000,6770.885308,1210,86,0.983889,0.2891
21488000,6891.087975,1223,68,0.979942,0.3359
21490000,6875.539086,1207,67,0.977178,0.2500
21492000,6695.703831,1211,79,0.947037,0.2422
21494000,6606.922179,1214,72,0.964515,0.2734
21496000,6787.874876,1207,79,0.975395,0.2891
21498000,6692.370639,1231,62,0.958047,0.2734
21500000,6632.096783,1228,59,0.973475,0.2266
21502000,6644.053143,1242,71,0.970776,0.2734
21504000,6563.893182,1217,72,0.957794,0.2188
21506000,6850.960483,1224,81,0.967323,0.2812
21508000,6720.933435,1236,61,0.949138,0.2656
21510000,6886.409036,1243,60,0.951208,0.2656
21512000,6735.113747,1233,68,0.887284,0.2969
21514000,6641.405503,1215,62,0.924900,0.2500
21516000,7189.126475,1233,67,0.887041,0.2656
21518000,7722.735500,1234,70,0.973978,0.3203
21520000,7711.247598,1223,69,0.978321,0.2891
21522000,7692.539463,1227,59,0.977995,0.2969
21524000,7566.663375,1227,67,0.945548,0.2422
21526000,7504.215910,1219,65,0.944971,0.2812
21528000,7555.224760,1225,66,0.966787,0.2812
21530000,7653.918175,1223,61,0.977357,0.2969
21532000,7574.110907,1207,80,0.976963,0.3438
21534000,7316.703276,1221,66,0.957224,0.2422
21536000,7482.258760,1227,61,0.971166,0.2500
21538000,7503.099735,1232,63,0.971747,0.3125
21540000,7744.094823,1214,62,0.982078,0.3125
21542000,7675.351296,1221,61,0.981591,0.2969
21544000,7530.066175,1235,56,0.960499,0.2656
21546000,7537.209052,1223,56,0.978438,0.2578
21548000,7574.033950,1216,74,0.978174,0.2891
21550000,7358.726300,1212,68,0.967261,0.2500
21552000,7339.892140,1232,65,0.966468,0.2734
21554000,7352.688023,1236,60,0.953533,0.2500
21556000,7240.872288,1211,74,0.965568,0.2109
21558000,7509.421275,1215,67,0.974842,0.2344
21560000,7384.034951,1222,59,0.977483,0.2969
21562000,7257.947976,1232,58,0.958705,0.2188
21564000,7429.244398,1215,70,0.959656,0.3125
21566000,7316.526220,1224,72,0.969934,0.3047
21568000,7233.838790,1203,70,0.971636,0.3125
21570000,7278.493243,1212,62,0.971106,0.3516
21572000,7200.354348,1205,72,0.970212,0.3672
21574000,7087.092455,1193,78,0.963053,0.3125
21576000,7507.662710,1204,84,0.966907,0.2969
21578000,7229.134758,1232,77,0.888009,0.3438
21580000,7554.348784,1230,72,0.962678,0.3438
21582000,7068.021495,1215,76,0.897819,0.3359
21584000,7354.201475,1204,69,0.964965,0.3516
21586000,7393.925039,1185,74,0.964737,0.3359
21588000,7461.208419,1199,71,0.965630,0.2188
21590000,7485.831088,1216,71,0.962305,0.3203
21592000,6760.954559,1206,71,0.858993,0.1875
21594000,6598.706275,1203,77,0.863853,0.3047
21596000,7467.418976,1220,69,0.972180,0.3594
21598000,7247.395452,1230,70,0.970923,0.2969
21600000,7239.764243,1213,68,0.961097,0.2812
21602000,7539.511775,1217,82,0.955368,0.3281
21604000,7290.269947,1212,75,0.954868,0.3438
21606000,7024.501886,1214,70,0.974288,0.2500
21608000,7004.873324,1230,47,0.968663,0.2812
21610000,6885.566990,1226,55,0.942783,0.3125
21612000,6972.231415,1215,67,0.958374,0.2422
21614000,6861.014364,1234,59,0.960207,0.2812
21616000,6894.642382,1232,65,0.957196,0.3516
21618000,6098.163580,1224,73,0.897874,0.3047
21620000,6436.896135,1232,68,0.907406,0.2812
21622000,6302.339291,1219,74,0.841509,0.4766
21624000,6598.487542,1227,69,0.949978,0.2812
21626000,6987.968744,1237,60,0.806099,0.2500
21628000,7083.699263,1228,63,0.911562,0.2891
21630000,7241.280879,1233,65,0.922088,0.2734
21632000,7795.425670,1222,70,0.977956,0.2578
21634000,7845.416558,1217,76,0.983624,0.2891
21636000,7698.939564,1216,79,0.981811,0.2891
21638000,7656.517555,1216,73,0.964112,0.2578
21640000,7752.802742,1220,63,0.963231,0.2188
21642000,7747.075350,1262,65,0.971465,0.2969
21644000,7473.520094,1246,49,0.933761,0.2500
21646000,7615.033595,1231,60,0.956802,0.2969
21648000,7477.216623,1231,61,0.956802,0.3516
21650000,7681.017070,1204,88,0.973259,0.2734
21652000,7591.826771,1225,78,0.971368,0.2656
21654000,7353.766127,1217,80,0.982065,0.2266
21656000,7224.172475,1225,68,0.982228,0.2812
21658000,6927.672543,1212,70,0.929253,0.2734
21660000,7571.557840,1228,61,0.981575,0.2969
21662000,7004.228832,1233,74,0.892373,0.3125
21664000,7391.003583,1232,65,0.981408,0.1953
21666000,6645.756766,1253,60,0.900010,0.2969
21668000,6874.472423,1240,60,0.949293,0.2734
21670000,6866.524176,1222,76,0.927209,0.2734
21672000,7144.484598,1229,74,0.972551,0.3047
21674000,7302.454967,1229,68,0.972445,0.2344
21676000,7500.453644,1223,78,0.969260,0.3438
21678000,7254.015272,1228,73,0.965740,0.2578
21680000,7123.289398,1230,79,0.937021,0.3281
21682000,7133.471480,1258,63,0.939551,0.2188
21684000,6574.240780,1255,56,0.837761,0.1797
21686000,6796.052764,1255,66,0.914047,0.2891
21688000,6687.125094,1247,68,0.907356,0.2656
21690000,6944.496211,1230,65,0.937441,0.2578
21692000,7086.590910,1245,59,0.883896,0.2109
21694000,6992.401267,1245,69,0.949668,0.2891
21696000,7564.878408,1249,64,0.971037,0.2422
21698000,6823.302540,1230,72,0.951667,0.3125
21700000,7156.710251,1235,66,0.957087,0.2500
21702000,7252.146846,1252,70,0.959524,0.3125
21704000,7103.312459,1282,53,0.938010,0.2656
21706000,6991.788055,1270,55,0.940063,0.2344
21708000,6204.838075,1288,44,0.769417,0.2656
21710000,6646.668519,1275,50,0.893750,0.2109
21712000,7366.501004,1244,61,0.937466,0.2578
21714000,7794.905272,1237,70,0.925415,0.3047
21716000,7794.249759,1237,63,0.927458,0.2734
21718000,7947.704800,1233,58,0.948237,0.2969
21720000,8137.338343,1213,79,0.957247,0.3359
21722000,8748.994960,1199,87,0.962035,0.2969
21724000,8387.573376,1214,77,0.959161,0.2969
21726000,8420.048334,1223,64,0.960178,0.3125
21728000,8706.443887,1250,62,0.966943,0.2891
21730000,8565.694160,1233,65,0.965822,0.2812
21732000,8434.550603,1233,75,0.953142,0.3047
21734000,8659.069560,1250,54,0.953483,0.2500
21736000,8240.434987,1241,58,0.843655,0.3125
21738000,8064.260526,1235,69,0.850048,0.2422
21740000,7695.260950,1209,69,0.847327,0.2500
21742000,8156.993310,1204,80,0.952207,0.3516
21744000,8248.072195,1206,71,0.940364,0.2344
21746000,8174.773662,1217,66,0.918112,0.2578
21748000,8334.436880,1211,68,0.919250,0.2812
21750000,8372.206895,1214,62,0.925590,0.2734
21752000,8513.664795,1214,69,0.914811,0.3203
21754000,8600.738230,1206,70,0.930084,0.2500
21756000,8779.014600,1212,65,0.928729,0.1953
21758000,8708.034830,1241,69,0.933541,0.3047
21760000,8574.373363,1233,69,0.902605,0.3516
21762000,7378.787192,1219,75,0.921452,0.3203
21764000,7487.051646,1212,88,0.970012,0.2891
21766000,7384.957555,1216,81,0.914992,0.2734
21768000,7246.279055,1246,66,0.923635,0.2891
21770000,7749.004499,1230,69,0.966366,0.1875
21772000,7599.697547,1197,78,0.959171,0.2656
21774000,6819.636236,1207,83,0.905036,0.2656
21776000,6818.505679,1193,79,0.932007,0.2734
21778000,7247.458155,1213,73,0.966077,0.2969
21780000,7486.515248,1222,60,0.947615,0.2969
21782000,7472.145675,1206,77,0.949656,0.2734
21784000,7627.185639,1229,70,0.954334,0.3906
21786000,7819.458440,1223,56,0.963674,0.2891
21788000,7639.412942,1210,57,0.946331,0.2891
21790000,6956.197855,1226,69,0.870907,0.2578
21792000,8499.227007,1217,72,0.985901,0.3125
21794000,8257.063675,1202,77,0.982666,0.3047
21796000,8377.946891,1203,73,0.982426,0.3125
21798000,8229.898648,1203,72,0.919460,0.2734
21800000,8419.379351,1243,65,0.973489,0.2812
21802000,8757.483510,1216,66,0.981527,0.2344
21804000,8844.964299,1216,73,0.981960,0.3203
21806000,8910.311852,1258,63,0.981756,0.3047
21808000,8560.082975,1248,54,0.981468,0.3281
21810000,8225.489710,1235,60,0.982943,0.2969
21812000,7347.658200,1229,61,0.913211,0.3047
21814000,6689.445967,1247,64,0.897260,0.2891
21816000,6788.498103,1254,64,0.946910,0.2656
21818000,6713.558864,1250,61,0.961699,0.3125
21820000,6604.076734,1236,73,0.963178,0.2891
21822000,6670.320883,1225,67,0.968229,0.2344
21824000,6479.425743,1243,61,0.943232,0.2188
21826000,6739.588031,1256,55,0.943096,0.2344
21828000,6622.710550,1261,50,0.912523,0.3594
21830000,6605.423350,1253,58,0.970275,0.2188
21832000,6422.420287,1234,65,0.951570,0.2969
21834000,6397.619435,1218,68,0.966356,0.2500
21836000,6648.662315,1228,67,0.935754,0.2656
21838000,6559.642246,1220,65,0.945360,0.2812
21840000,6986.406488,1203,70,0.987709,0.3750
21842000,6729.153740,1223,71,0.954678,0.3281
21844000,6574.303262,1202,86,0.953539,0.2656
21846000,7111.727075,1202,83,0.974139,0.3906
21848000,7106.974440,1202,72,0.971812,0.3125
21850000,6921.354150,1217,73,0.973195,0.2500
21852000,7095.050358,1200,77,0.983457,0.3672
21854000,6851.185855,1220,71,0.934945,0.2656
21856000,6961.270515,1207,80,0.954687,0.2578
21858000,6714.512739,1174,79,0.938770,0.2969
21860000,6829.263910,1186,75,0.941346,0.3203
21862000,6909.433131,1184,84,0.942034,0.3984
21864000,6973.535310,1208,81,0.966265,0.3125
21866000,7035.000047,1175,78,0.967789,0.3672
21868000,6847.453223,1189,66,0.955826,0.2969
21870000,6619.493566,1190,72,0.959205,0.3125
21872000,6750.436215,1190,76,0.965950,0.3594
21874000,6828.326118,1205,76,0.966078,0.2734
21876000,6807.141335,1220,69,0.969991,0.3438
21878000,5844.654814,1213,62,0.943708,0.3203
21880000,6005.303779,1209,69,0.939317,0.2812
21882000,6764.863827,1214,64,0.968005,0.2188
21884000,6807.110211,1216,73,0.966192,0.3047
21886000,6673.998731,1217,53,0.975248,0.2656
21888000,6438.090131,1212,65,0.972115,0.2812
21890000,6375.642572,1195,74,0.955916,0.3203
21892000,6555.488143,1174,80,0.962153,0.2812
21894000,6722.092891,1178,85,0.959983,0.2891
21896000,6715.371895,1192,76,0.945353,0.2266
21898000,6678.068987,1176,81,0.944075,0.2422
21900000,7068.709296,1187,74,0.910761,0.3516
21902000,7449.788063,1195,75,0.982173,0.2969
21904000,7437.199024,1207,63,0.981136,0.3203
21906000,7573.848523,1208,76,0.981789,0.2266
21908000,7138.832014,1234,52,0.954726,0.3125
21910000,7141.622380,1191,74,0.954846,0.3203
21912000,6790.764775,1231,61,0.926072,0.2891
21914000,7378.999743,1209,76,0.980686,0.3047
21916000,7426.810255,1212,70,0.980248,0.2656
21918000,7441.792411,1205,76,0.979692,0.3906
21920000,7196.246812,1230,74,0.978168,0.3359
21922000,7126.848616,1213,73,0.978407,0.2891
21924000,7452.711926,1224,77,0.979719,0.3047
21926000,7214.343695,1221,65,0.977746,0.3281
21928000,6529.106899,1225,74,0.829451,0.3203
21930000,7398.560095,1240,66,0.966096,0.2734
21932000,7756.176727,1244,55,0.957800,0.2500
21934000,7842.935507,1235,62,0.957715,0.3047
21936000,8254.583779,1225,59,0.965889,0.2812
21938000,8262.022700,1214,62,0.950972,0.3438
21940000,7983.354863,1188,78,0.958264,0.2734
21942000,8198.277819,1219,69,0.979528,0.1797
21944000,7473.572335,1205,65,0.961823,0.3125
21946000,7523.744430,1228,62,0.970426,0.3047
21948000,8313.659275,1228,65,0.974830,0.2656
21950000,8250.331319,1220,69,0.966838,0.2500
21952000,8539.784124,1233,63,0.963273,0.3047
21954000,8363.916275,1217,64,0.963906,0.2812
21956000,8412.631795,1235,54,0.961789,0.2109
21958000,8240.740679,1229,69,0.962892,0.2578
21960000,8458.457795,1189,82,0.965283,0.3438
21962000,8040.153526,1206,73,0.926005,0.3438
21964000,8101.392828,1206,82,0.927243,0.2812
21966000,8442.677031,1232,66,0.964265,0.2578
21968000,8561.205063,1232,53,0.973608,0.2812
21970000,8366.556390,1238,62,0.972354,0.3047
21972000,8444.119547,1241,63,0.976297,0.2422
21974000,8270.243500,1235,59,0.956140,0.1797
21976000,8403.844590,1218,77,0.980140,0.2266
21978000,7936.543783,1209,67,0.964938,0.2891
21980000,7572.697167,1203,73,0.971459,0.2734
21982000,7667.321646,1210,65,0.965599,0.2500
21984000,7635.626331,1206,71,0.971800,0.3828
21986000,7521.062844,1186,79,0.969314,0.3750
21988000,7467.925575,1195,69,0.967105,0.3047
21990000,7867.635630,1209,63,0.982011,0.2656
21992000,7771.289100,1186,78,0.975717,0.1953
21994000,7875.998555,1202,75,0.983051,0.2891
21996000,8029.541152,1206,70,0.981160,0.2422
21998000,7961.008511,1202,69,0.983631,0.2266
22000000,7805.207310,1196,77,0.980586,0.2812
22002000,8032.485840,1207,73,0.980085,0.3281
22004000,8029.796848,1206,83,0.979864,0.3516
22006000,8287.800428,1193,93,0.979891,0.2969
22008000,8099.999367,1195,82,0.981208,0.2109
22010000,8248.554575,1191,75,0.950446,0.2969
22012000,7972.542655,1197,87,0.977541,0.3516
22014000,7975.675342,1185,85,0.984045,0.3828
22016000,7724.888475,1200,81,0.962539,0.2891
22018000,8229.682939,1227,65,0.983299,0.2812
22020000,7933.316815,1226,59,0.965863,0.2734
22022000,8046.479447,1225,70,0.971121,0.2969
22024000,7783.261315,1238,56,0.986726,0.2891
22026000,7939.175979,1242,64,0.987791,0.3672
22028000,7851.902975,1241,55,0.979728,0.3359
22030000,7939.941980,1236,61,0.972535,0.3047
22032000,8117.737199,1229,59,0.968351,0.2422
22034000,8331.860935,1201,77,0.976790,0.3281
22036000,8066.779030,1209,80,0.966719,0.3359
22038000,8091.168315,1218,61,0.979922,0.2656
22040000,8266.000268,1207,62,0.971081,0.2656
22042000,8203.568279,1229,68,0.980009,0.3594
22044000,8197.660651,1223,61,0.973098,0.2734
22046000,8111.722008,1226,69,0.959475,0.3125
22048000,8253.846315,1214,69,0.983468,0.2812
22050000,8121.294440,1232,60,0.954525,0.3125
22052000,8430.496064,1248,52,0.979366,0.2422
22054000,8319.486742,1219,77,0.976649,0.2656
22056000,8017.054614,1213,85,0.928456,0.2812
22058000,8174.730291,1242,55,0.923040,0.2422
22060000,8153.641040,1257,58,0.971392,0.2578
22062000,7781.854718,1252,64,0.961691,0.3672
22064000,7816.362470,1233,70,0.960001,0.2891
22066000,8141.347032,1244,61,0.984654,0.3203
22068000,8408.183966,1231,61,0.986560,0.2891
22070000,8539.287806,1229,69,0.987170,0.2344
22072000,8379.129375,1245,62,0.975970,0.3047
22074000,8339.676207,1235,70,0.979873,0.2422
22076000,8589.703022,1235,65,0.979354,0.2500
22078000,8658.620271,1219,66,0.979549,0.2344
22080000,8517.357774,1207,81,0.975769,0.3359
22082000,8532.234336,1216,77,0.980937,0.2969
22084000,8696.356056,1233,69,0.975871,0.2188
22086000,8808.944015,1224,73,0.970125,0.2734
22088000,8647.423936,1219,78,0.978431,0.2500
22090000,8773.004195,1214,62,0.960689,0.1953
22092000,8672.556240,1193,78,0.956981,0.2812
22094000,8639.218702,1207,73,0.960572,0.3516
22096000,8685.059067,1200,72,0.974923,0.2812
22098000,8991.529728,1182,76,0.977037,0.3594
22100000,8929.426606,1193,67,0.971344,0.3125
22102000,8798.743891,1210,52,0.966626,0.2422
22104000,8890.068158,1216,75,0.953617,0.2812
22106000,9035.616963,1235,64,0.964760,0.2812
22108000,9197.295996,1226,72,0.966536,0.3125
22110000,9058.996995,1200,77,0.938346,0.3750
22112000,9013.330380,1198,76,0.976480,0.3047
22114000,8597.953147,1220,60,0.966754,0.2266
22116000,8600.830171,1218,60,0.968570,0.3125
22118000,9194.887635,1228,62,0.978721,0.2500
22120000,9202.252652,1228,66,0.982786,0.2500
22122000,9084.510995,1243,55,0.979663,0.2969
22124000,9294.792295,1254,48,0.976490,0.2656
22126000,9381.612600,1256,52,0.977258,0.2812
22128000,9349.830743,1246,57,0.987718,0.2578
22130000,9408.566710,1248,55,0.987383,0.1875
22132000,9657.684135,1237,67,0.985325,0.1875
22134000,9988.520943,1262,54,0.986477,0.2578
22136000,9763.144955,1233,61,0.988911,0.2422
22138000,9410.979612,1240,59,0.985424,0.2656
22140000,9378.488710,1259,56,0.984363,0.2422
22142000,9358.835360,1260,61,0.986674,0.2266
22144000,9793.020958,1255,57,0.990248,0.2891
22146000,9560.970206,1221,64,0.983125,0.2188
22148000,9525.879755,1217,63,0.984931,0.2500
22150000,9358.260439,1218,77,0.981894,0.2969
22152000,9338.026735,1240,59,0.983789,0.3281
22154000,9395.793916,1232,61,0.977922,0.2500
22156000,9397.996380,1231,59,0.978499,0.3125
22158000,9380.566166,1210,77,0.984045,0.3125
22160000,9403.441336,1225,70,0.985768,0.3125
22162000,9349.825550,1220,74,0.982076,0.2578
22164000,9437.361683,1228,54,0.988045,0.1875
22166000,9178.626542,1249,64,0.971025,0.2891
22168000,9196.695270,1245,70,0.970238,0.2500
22170000,9244.579964,1234,63,0.974971,0.2266
22172000,9390.038184,1230,58,0.976710,0.2734
22174000,9420.078188,1219,75,0.977249,0.2969
22176000,9235.694027,1201,72,0.977055,0.3281
22178000,9071.988940,1187,84,0.983466,0.3125
22180000,8861.787438,1191,73,0.985272,0.2734
22182000,8744.257180,1207,60,0.984845,0.2344
22184000,8808.009355,1200,62,0.982838,0.2422
22186000,8592.364120,1217,70,0.981828,0.2578
22188000,8914.979303,1206,76,0.990782,0.2656
22190000,8775.704415,1197,75,0.984955,0.2500
22192000,8688.272110,1228,81,0.984420,0.3516
22194000,8843.998060,1231,69,0.988242,0.2656
22196000,8967.858835,1224,73,0.987158,0.2266
22198000,8352.537500,1239,71,0.949706,0.2891
22200000,8452.701115,1227,80,0.932416,0.3125
22202000,8603.634135,1235,78,0.956893,0.2734
22204000,8456.258919,1237,79,0.970922,0.2891
22206000,8457.284312,1264,54,0.977676,0.2344
22208000,8460.799750,1241,77,0.965266,0.1797
22210000,8293.512412,1247,71,0.970774,0.2734
22212000,8136.387015,1247,63,0.970531,0.2734
22214000,8078.761630,1259,53,0.969533,0.3359
22216000,7885.859667,1274,57,0.975827,0.2891
22218000,8030.746435,1246,61,0.967989,0.2969
22220000,7978.000127,1249,64,0.973101,0.3125
22222000,7956.898835,1242,59,0.972320,0.3047
22224000,8004.495279,1238,67,0.974809,0.3047
22226000,8180.182972,1229,71,0.973740,0.2656
22228000,8352.733358,1224,73,0.935826,0.2500
22230000,8644.717851,1216,72,0.984967,0.3047
22232000,8457.140055,1225,65,0.983001,0.2344
22234000,8174.258839,1200,87,0.974142,0.2344
22236000,8247.547127,1219,77,0.981166,0.3047
22238000,8159.930374,1221,78,0.977273,0.2656
22240000,8131.983907,1229,87,0.976813,0.3281
22242000,7732.973112,1231,70,0.962110,0.3047
22244000,7745.401398,1236,58,0.969298,0.2656
22246000,7937.042759,1230,55,0.961003,0.2266
22248000,8200.176495,1248,62,0.945554,0.2422
22250000,8454.702976,1255,53,0.950674,0.2734
22252000,8630.066455,1228,78,0.977962,0.3047
22254000,8523.889062,1217,76,0.976629,0.2266
22256000,8644.301500,1216,87,0.970380,0.3125
22258000,8766.305904,1229,73,0.976324,0.3594
22260000,8576.051807,1248,60,0.975959,0.3359
22262000,8765.245174,1270,45,0.976413,0.2422
22264000,8389.596392,1274,58,0.971406,0.2578
22266000,8085.171579,1267,57,0.942832,0.2578
22268000,8047.913435,1285,52,0.977186,0.2500
22270000,8060.090470,1277,58,0.975368,0.2500
22272000,7910.931971,1277,57,0.979650,0.2109
22274000,8071.953447,1264,55,0.980904,0.3047
22276000,7713.460510,1256,60,0.978597,0.2578
22278000,7767.988918,1262,62,0.977916,0.2969
22280000,7792.245415,1256,63,0.963442,0.2812
22282000,7699.804303,1245,69,0.953829,0.2891
22284000,7865.757131,1226,65,0.943503,0.2891
22286000,7159.526556,1238,66,0.807205,0.2734
22288000,7955.077328,1235,71,0.975849,0.3359
22290000,7530.979420,1228,75,0.955878,0.3047
22292000,7601.115455,1228,55,0.964859,0.2891
22294000,7802.269147,1229,51,0.974098,0.2734
22296000,7986.601255,1234,53,0.952816,0.2031
22298000,7917.606295,1231,70,0.946270,0.2891
22300000,7672.199355,1211,74,0.852903,0.2891
22302000,8495.336127,1214,72,0.963136,0.2578
22304000,7929.694459,1206,85,0.913681,0.3359
22306000,7749.386398,1234,67,0.964076,0.2656
22308000,7766.667662,1220,81,0.964247,0.3203
22310000,7682.615302,1239,75,0.961866,0.3281
22312000,7767.596515,1241,69,0.965828,0.2734
22314000,7438.245260,1223,78,0.947043,0.2734
22316000,7354.897544,1232,76,0.947055,0.2188
22318000,7655.358055,1225,69,0.949327,0.3281
22320000,7546.168259,1202,74,0.923333,0.3047
22322000,7646.010140,1213,73,0.866633,0.3438
22324000,7500.501895,1186,84,0.958073,0.3047
22326000,7586.833171,1220,75,0.974996,0.2422
22328000,7440.965283,1223,74,0.953043,0.3672
22330000,6983.110910,1230,64,0.959075,0.3281
22332000,7687.720620,1236,64,0.977430,0.2109
22334000,7522.535016,1249,62,0.966010,0.2734
22336000,7579.966976,1229,71,0.973415,0.2578
22338000,7595.362175,1229,73,0.980251,0.3516
22340000,7653.179243,1257,60,0.980784,0.2969
22342000,7791.955927,1274,55,0.967944,0.2344
22344000,7458.100774,1253,65,0.953138,0.2266
22346000,7613.422775,1252,56,0.974254,0.2891
22348000,7702.962684,1270,67,0.976454,0.2500
22350000,7640.986739,1258,81,0.960685,0.2656
22352000,7626.429415,1255,74,0.971060,0.2344
22354000,7828.667692,1264,57,0.977592,0.2969
22356000,7792.980672,1253,62,0.916754,0.2344
22358000,7913.920536,1243,61,0.976651,0.2344
22360000,8062.827580,1229,72,0.976169,0.2734
22362000,7945.562875,1237,74,0.971102,0.2812
22364000,7949.014924,1242,72,0.923155,0.2422
22366000,7667.189171,1240,63,0.930138,0.2656
22368000,7872.764071,1213,73,0.972744,0.3672
22370000,7834.855366,1220,57,0.961257,0.2422
22372000,7523.035900,1191,73,0.954000,0.2578
22374000,7628.535302,1188,77,0.963929,0.3359
22376000,7352.935371,1186,92,0.951343,0.2891
22378000,7217.206755,1172,93,0.978921,0.3125
22380000,7256.267407,1191,75,0.973871,0.3281
22382000,7225.876811,1190,69,0.981574,0.2500
22384000,7233.208848,1206,74,0.966606,0.2969
22386000,7321.015494,1185,77,0.978056,0.4297
22388000,6535.078030,1186,83,0.958106,0.2656
22390000,6225.614575,1186,77,0.937923,0.2812
22392000,6221.866547,1203,83,0.965265,0.3281
22394000,6607.091755,1220,71,0.972161,0.2734
22396000,6395.742790,1227,61,0.938003,0.1953
22398000,6578.712470,1251,51,0.959115,0.2344
22400000,6312.710479,1212,71,0.958114,0.2656
22402000,6366.367819,1203,71,0.963223,0.3516
22404000,6292.742918,1203,72,0.960712,0.3047
22406000,6371.392326,1199,78,0.941254,0.2812
22408000,6386.695510,1197,89,0.942166,0.2656
22410000,6311.782030,1207,99,0.939283,0.2812
22412000,6233.011406,1225,73,0.963019,0.3203
22414000,5991.503275,1244,73,0.955514,0.3281
22416000,6190.385143,1242,80,0.888158,0.2656
22418000,6064.404140,1237,57,0.944723,0.2344
22420000,5934.838207,1220,59,0.958040,0.3672
22422000,5999.154939,1207,71,0.954214,0.2891
22424000,6206.822608,1230,61,0.955630,0.2344
22426000,6280.486830,1224,74,0.941522,0.2812
22428000,6358.106575,1194,77,0.949011,0.3594
22430000,6360.246838,1206,74,0.948905,0.3594
22432000,6336.730387,1202,72,0.947833,0.2266
22434000,6410.072583,1226,75,0.955407,0.2188
22436000,6017.505374,1210,74,0.916729,0.3750
22438000,5993.346955,1233,64,0.944284,0.3203
22440000,5764.385598,1224,57,0.946490,0.2734
22442000,5864.742568,1205,63,0.961544,0.3047
22444000,5817.680135,1203,72,0.939652,0.3359
22446000,5860.684400,1226,79,0.951981,0.2422
22448000,5755.786294,1206,71,0.947441,0.2891
22450000,5812.484600,1227,67,0.947644,0.3125
22452000,5983.121863,1226,70,0.943177,0.3203
22454000,5878.702335,1196,83,0.943365,0.2969
22456000,5562.002126,1196,82,0.934036,0.2891
22458000,5759.688335,1212,69,0.883802,0.2891
22460000,5746.373654,1217,65,0.928269,0.2578
22462000,5531.045363,1213,69,0.916086,0.2734
22464000,5440.022895,1221,61,0.917228,0.3125
22466000,5748.614766,1205,76,0.939658,0.3125
22468000,5879.273843,1214,69,0.942623,0.2656
22470000,6029.088190,1211,78,0.945242,0.2969
22472000,6029.901014,1196,75,0.946648,0.3281
22474000,6319.698440,1194,80,0.931722,0.4297
22476000,6439.013215,1207,70,0.943939,0.2344
22478000,6230.356350,1189,73,0.950628,0.2891
22480000,6634.355595,1217,67,0.932948,0.3203
22482000,6757.445548,1217,63,0.921861,0.2891
22484000,6834.314163,1222,66,0.924680,0.2500
22486000,6548.638139,1227,56,0.938798,0.3281
22488000,6648.399115,1215,74,0.940939,0.3438
22490000,6115.022044,1198,72,0.927365,0.2891
22492000,6168.735299,1206,73,0.932331,0.3125
22494000,6153.536891,1217,71,0.939409,0.2969
22496000,6250.676031,1211,61,0.960946,0.2812
22498000,6169.619663,1220,58,0.939217,0.3125
22500000,6053.886718,1213,72,0.923675,0.3516
22502000,6023.949022,1204,70,0.923604,0.2500
22504000,6199.277091,1211,66,0.943419,0.2891
22506000,5917.914559,1220,68,0.924030,0.3672
22508000,5902.111247,1240,54,0.947188,0.2578
22510000,6248.836191,1213,73,0.956657,0.2812
22512000,6380.644988,1228,58,0.938212,0.3047
22514000,6143.395142,1222,74,0.936395,0.2422
22516000,6143.926867,1222,77,0.922957,0.3359
22518000,6068.620478,1208,91,0.947947,0.3594
22520000,6100.872608,1207,80,0.947000,0.3516
22522000,6073.619904,1225,59,0.919116,0.2266
22524000,6185.760867,1236,67,0.964703,0.2656
22526000,6245.720315,1234,68,0.961064,0.3359
22528000,6172.467870,1233,63,0.972981,0.2812
22530000,5943.104150,1252,52,0.943493,0.3047
22532000,6445.977174,1227,61,0.970964,0.2344
22534000,6418.279750,1224,80,0.964682,0.2656
22536000,6612.359216,1203,79,0.970144,0.3359
22538000,5808.671847,1224,77,0.903639,0.2734
22540000,5725.285187,1220,67,0.937609,0.2578
22542000,6141.219179,1200,74,0.959622,0.2266
22544000,5758.081416,1188,72,0.939082,0.2500
22546000,6117.014795,1201,78,0.966171,0.2812
22548000,6006.081270,1199,73,0.968412,0.2891
22550000,6214.102950,1203,70,0.926365,0.2891
22552000,6184.018915,1217,75,0.958497,0.3281
22554000,6029.136030,1212,73,0.910459,0.3125
22556000,5887.672590,1235,63,0.917905,0.2734
22558000,6060.142259,1244,46,0.900346,0.3203
22560000,6148.909923,1230,55,0.952622,0.2422
22562000,5930.529523,1213,63,0.905550,0.2422
22564000,6181.108443,1225,61,0.942807,0.2109
22566000,5799.686735,1199,82,0.919204,0.2266
22568000,5852.162476,1188,87,0.951873,0.3281
22570000,4800.705899,1196,70,0.958588,0.2656
22572000,4754.043867,1200,76,0.901214,0.3125
22574000,4629.779343,1218,62,0.894396,0.2266
22576000,4786.040588,1210,72,0.916614,0.2422
22578000,5609.959267,1185,88,0.975953,0.2969
22580000,5492.302027,1212,60,0.969268,0.2812
22582000,5462.602172,1213,75,0.969367,0.2266
22584000,5532.213576,1216,67,0.970504,0.3125
22586000,5458.887488,1220,72,0.933318,0.2578
22588000,5338.460715,1224,70,0.920104,0.3203
22590000,5165.221675,1224,74,0.876800,0.3438
22592000,5262.858360,1227,65,0.897804,0.3125
22594000,5200.042335,1226,76,0.922540,0.3828
22596000,5337.469815,1228,67,0.930370,0.3125
22598000,5269.641611,1202,72,0.937713,0.2891
22600000,5281.222526,1201,80,0.948965,0.2969
22602000,5045.319415,1210,71,0.899211,0.3828
22604000,5121.260439,1195,72,0.911571,0.2969
22606000,5123.514411,1191,84,0.912355,0.2734
22608000,4965.405260,1206,62,0.926856,0.2188
22610000,5121.297735,1221,65,0.937166,0.2812
22612000,5100.431500,1222,67,0.921250,0.3359
22614000,5207.856000,1205,75,0.951310,0.2891
22616000,5421.639006,1195,73,0.952453,0.2734
22618000,5387.794350,1201,63,0.942434,0.2500
22620000,5321.487639,1213,67,0.944844,0.3047
22622000,5301.496783,1204,73,0.931748,0.2500
22624000,4958.954131,1199,66,0.915733,0.3438
22626000,5066.926115,1202,87,0.889141,0.3672
22628000,5387.254784,1183,100,0.916903,0.3125
22630000,5362.154931,1212,82,0.951984,0.2891
22632000,5231.556095,1236,78,0.946863,0.2812
22634000,5185.859288,1212,72,0.943492,0.2734
22636000,5078.029150,1208,76,0.936685,0.2969
22638000,4867.565864,1233,77,0.888967,0.3594
22640000,4948.086839,1233,66,0.863519,0.3203
22642000,4635.882175,1213,65,0.903783,0.3672
22644000,4636.419580,1218,73,0.905670,0.2578
22646000,4701.782972,1202,73,0.915093,0.3203
22648000,4624.492375,1211,76,0.818537,0.3047
22650000,4803.256460,1201,76,0.905531,0.3047
22652000,5086.452800,1209,75,0.885411,0.2969
22654000,5067.528963,1209,70,0.941874,0.2812
22656000,5108.980070,1211,71,0.939868,0.3516
22658000,5159.963430,1190,87,0.953177,0.4297
22660000,5093.505883,1188,95,0.943199,0.2969
22662000,4612.317651,1167,75,0.832582,0.2891
22664000,4957.882710,1172,62,0.857561,0.3281
22666000,5082.307219,1220,65,0.910308,0.2656
22668000,5059.270907,1221,64,0.906966,0.2734
22670000,5100.139419,1228,56,0.921870,0.2578
22672000,5038.643766,1234,61,0.936044,0.2422
22674000,4966.739982,1229,61,0.833222,0.2578
22676000,5157.646534,1236,63,0.929628,0.3281
22678000,5122.611907,1229,66,0.931393,0.3984
22680000,5218.949900,1249,61,0.934065,0.2422
22682000,5152.491383,1242,74,0.920872,0.2656
22684000,5152.172268,1241,65,0.916276,0.2344
22686000,4918.317119,1251,68,0.876464,0.2656
22688000,5006.738935,1246,58,0.924081,0.2578
22690000,4960.363422,1240,67,0.837883,0.2891
22692000,4899.531759,1246,70,0.815508,0.2266
22694000,5042.959683,1258,56,0.920729,0.2656
22696000,4970.347995,1232,65,0.830750,0.3203
22698000,4870.722015,1251,57,0.804314,0.2812
22700000,5212.249271,1245,57,0.907260,0.2031
22702000,5366.443547,1241,65,0.914062,0.2891
22704000,5424.384719,1231,63,0.915201,0.3203
22706000,5720.155110,1236,63,0.946379,0.2891
22708000,5474.156000,1231,75,0.883645,0.2656
22710000,5177.034107,1223,74,0.919876,0.2969
22712000,4986.894959,1243,70,0.875534,0.2969
22714000,5116.876327,1257,49,0.887543,0.3438
22716000,4871.399644,1242,64,0.869993,0.2891
22718000,4927.692614,1222,61,0.878949,0.2031
22720000,4751.350459,1240,56,0.921557,0.2734
22722000,5031.240255,1238,78,0.910048,0.3125
22724000,5023.064679,1244,64,0.908214,0.3359
22726000,4939.688494,1238,74,0.908531,0.2812
22728000,5105.064796,1218,68,0.898605,0.2422
22730000,5134.271699,1198,83,0.930002,0.3672
22732000,4989.051534,1180,91,0.896664,0.3984
22734000,4615.368775,1201,91,0.878249,0.3281
22736000,4363.077811,1208,79,0.794985,0.2422
22738000,4947.002222,1190,84,0.939208,0.3359
22740000,4820.707415,1217,78,0.932328,0.2344
22742000,4890.145255,1231,58,0.926450,0.1562
22744000,4993.654300,1241,66,0.898885,0.2500
22746000,4986.103563,1232,56,0.919937,0.2891
22748000,4780.893083,1220,76,0.890552,0.2812
22750000,4979.190227,1195,87,0.896409,0.3281
22752000,4603.873051,1226,68,0.792250,0.2266
22754000,4924.584999,1206,75,0.814650,0.3047
22756000,4992.274215,1213,80,0.813452,0.2969
22758000,4991.540158,1225,73,0.880350,0.2656
22760000,5088.179903,1213,79,0.924117,0.2656
22762000,5371.177062,1216,73,0.933315,0.2656
22764000,4716.538204,1193,78,0.852850,0.2734
22766000,4640.018552,1200,71,0.846970,0.2500
22768000,5056.329640,1180,83,0.874559,0.2031
22770000,5202.148315,1206,76,0.909819,0.3125
22772000,4868.580828,1196,82,0.751395,0.2500
22774000,5332.956435,1179,102,0.918569,0.4062
22776000,5171.834798,1206,74,0.752853,0.2422
22778000,5280.835735,1226,68,0.863037,0.2109
22780000,5488.345847,1218,70,0.889029,0.3125
22782000,5619.601583,1213,74,0.874394,0.2812
22784000,5568.922691,1220,61,0.864565,0.2969
22786000,5989.221980,1230,68,0.897510,0.2891
22788000,5623.970590,1218,75,0.901886,0.2188
22790000,5224.681894,1226,77,0.868678,0.3125
22792000,5235.569807,1228,72,0.888477,0.3047
22794000,5686.094323,1228,58,0.880093,0.2734
22796000,6343.026391,1249,56,0.880678,0.1875
22798000,5931.827035,1222,75,0.911435,0.3047
22800000,6589.851227,1228,71,0.948166,0.2734
22802000,6439.656403,1212,56,0.935982,0.2891
22804000,6557.122151,1182,86,0.951393,0.3047
22806000,6412.039160,1196,85,0.902540,0.2969
22808000,6324.073774,1204,75,0.931070,0.3281
22810000,6297.705203,1207,72,0.931629,0.2266
22812000,6199.169430,1233,61,0.931943,0.3125
22814000,6414.471891,1240,61,0.871340,0.2891
22816000,6304.420875,1215,67,0.889623,0.2344
22818000,6581.879315,1224,55,0.952697,0.2734
22820000,6057.201750,1236,67,0.891804,0.2188
22822000,5685.337047,1226,65,0.832083,0.2656
22824000,6034.174732,1231,66,0.866542,0.2578
22826000,6375.965119,1248,66,0.946565,0.3125
22828000,6717.367783,1255,60,0.978323,0.2500
22830000,6305.992455,1245,58,0.937578,0.2266
22832000,5975.335630,1238,71,0.916132,0.2891
22834000,5873.007975,1235,63,0.913445,0.2969
22836000,5928.868700,1228,65,0.950333,0.2891
22838000,5843.363950,1203,71,0.902000,0.2109
22840000,5729.639696,1210,62,0.917007,0.3203
22842000,5655.751280,1205,73,0.920167,0.2734
22844000,5800.849916,1205,67,0.934573,0.2969
22846000,6025.245820,1223,65,0.931555,0.3125
22848000,6022.169670,1219,75,0.946183,0.2578
22850000,6099.048860,1228,71,0.942977,0.2188
22852000,5248.034851,1221,64,0.891753,0.3516
22854000,4914.459135,1217,65,0.882909,0.2344
22856000,4889.023131,1209,70,0.859429,0.2969
22858000,5029.652491,1215,72,0.878810,0.2969
22860000,4885.403630,1207,66,0.892789,0.2344
22862000,4943.171715,1229,65,0.847255,0.2891
22864000,4421.122687,1233,53,0.833592,0.2656
22866000,4772.008295,1254,53,0.895602,0.2266
22868000,5122.422971,1239,77,0.917303,0.2891
22870000,5342.117083,1205,80,0.919253,0.2969
22872000,5399.782830,1190,72,0.954393,0.3516
22874000,5583.001350,1208,64,0.956812,0.2734
22876000,5652.023507,1181,86,0.918493,0.3125
22878000,5685.330795,1202,80,0.897766,0.3594
22880000,5702.773323,1202,70,0.821476,0.2578
22882000,5294.990891,1210,70,0.785922,0.3203
22884000,5163.720635,1213,63,0.786661,0.2734
22886000,5552.447254,1214,71,0.898779,0.3203
22888000,6355.656060,1234,61,0.962622,0.2656
22890000,6229.535367,1217,64,0.963581,0.3125
22892000,6227.384327,1219,71,0.963850,0.2656
22894000,6419.235871,1220,63,0.950984,0.2969
22896000,6215.801692,1221,75,0.966288,0.3281
22898000,6168.867918,1226,71,0.947623,0.2422
22900000,6186.043831,1217,80,0.948752,0.2969
22902000,6315.494775,1221,65,0.921796,0.2188
22904000,5870.973191,1223,63,0.925362,0.2266
22906000,5923.913935,1208,63,0.890963,0.3047
22908000,5843.916491,1207,72,0.924314,0.2969
22910000,5792.161712,1207,76,0.934786,0.3281
22912000,6453.330019,1207,77,0.963962,0.2500
22914000,6393.415800,1215,64,0.940147,0.2891
22916000,6510.229838,1203,60,0.946339,0.3203
22918000,6260.400875,1200,72,0.925578,0.2188
22920000,6758.255095,1210,62,0.902297,0.2500
22922000,6908.529704,1189,67,0.922748,0.2578
22924000,6558.795340,1194,77,0.904866,0.2734
22926000,6573.651079,1195,76,0.929330,0.2812
22928000,6570.066110,1218,59,0.962492,0.2500
22930000,6310.513504,1218,67,0.963383,0.2734
22932000,5979.627980,1239,57,0.974388,0.2344
22934000,5955.858183,1229,70,0.948523,0.3047
22936000,6026.102943,1208,74,0.964218,0.2500
22938000,6079.541755,1193,79,0.948669,0.2656
22940000,5703.237100,1223,65,0.945711,0.2344
22942000,6081.841607,1236,66,0.956068,0.2812
22944000,6304.178432,1220,67,0.955969,0.3203
22946000,6822.629187,1236,68,0.965707,0.2734
22948000,6843.214620,1220,68,0.954849,0.1953
22950000,6866.684286,1221,68,0.965846,0.2344
22952000,6712.999126,1210,69,0.954280,0.2578
22954000,6534.289571,1191,83,0.948540,0.2422
22956000,6682.657542,1213,61,0.937664,0.2812
22958000,6642.458659,1210,70,0.946383,0.3047
22960000,6721.088675,1236,53,0.956068,0.1953
22962000,6634.413616,1230,65,0.946883,0.2266
22964000,6129.851975,1213,69,0.930432,0.3359
22966000,6226.235688,1214,69,0.933627,0.2656
22968000,5806.042255,1237,52,0.922082,0.2969
22970000,5538.107430,1229,64,0.882162,0.2578
22972000,5761.187340,1216,71,0.936695,0.2500
22974000,6030.307299,1208,66,0.954639,0.2812
22976000,5622.729366,1199,72,0.885054,0.2969
22978000,5971.027071,1233,60,0.906936,0.3438
22980000,5985.125470,1231,53,0.911146,0.2578
22982000,5900.356019,1228,54,0.880074,0.2734
22984000,6234.997430,1230,51,0.947051,0.3047
22986000,6179.808515,1224,68,0.940060,0.2969
22988000,6254.368975,1202,72,0.964976,0.2969
22990000,6320.972199,1196,88,0.961664,0.3828
22992000,6269.587023,1206,72,0.954240,0.3906
22994000,6028.496159,1216,72,0.913879,0.3125
22996000,6187.792758,1187,88,0.938091,0.3672
22998000,5869.185420,1218,82,0.921829,0.2812
23000000,6342.920627,1202,72,0.944868,0.3125
23002000,6382.835580,1217,63,0.958944,0.3203
23004000,6425.495600,1187,79,0.955781,0.2656
23006000,6230.682110,1192,91,0.901992,0.3203
23008000,6393.331051,1206,67,0.911212,0.2969
23010000,6310.399599,1232,72,0.915503,0.3281
23012000,6427.793888,1234,62,0.959377,0.2812
23014000,6629.245614,1184,84,0.965035,0.2656
23016000,6336.951182,1208,63,0.913531,0.2656
23018000,6657.733875,1198,72,0.919623,0.2656
23020000,6893.994323,1210,61,0.951735,0.2266
23022000,6909.737215,1213,62,0.953796,0.3203
23024000,6937.482991,1190,78,0.960235,0.2969
23026000,6600.280534,1193,76,0.950694,0.3047
23028000,6589.222675,1203,80,0.952418,0.3672
23030000,6625.054430,1210,72,0.965769,0.2656
23032000,6530.303483,1213,64,0.961238,0.3047
23034000,6928.381583,1227,76,0.963560,0.2969
23036000,7057.199686,1220,70,0.978272,0.4141
23038000,7021.711183,1234,75,0.976812,0.3125
23040000,7118.438359,1233,56,0.977090,0.2891
23042000,7117.027312,1235,69,0.974077,0.3047
23044000,6806.577120,1215,81,0.970480,0.2969
23046000,6626.687326,1222,74,0.957580,0.2500
23048000,6818.955363,1207,81,0.972244,0.3516
23050000,6959.665479,1224,72,0.982759,0.2656
23052000,6802.604815,1204,80,0.947957,0.2812
23054000,7208.138839,1194,76,0.987202,0.2031
23056000,7262.500470,1170,79,0.987763,0.3203
23058000,7050.091500,1182,84,0.986665,0.2891
23060000,6767.423068,1180,86,0.977910,0.4062
23062000,6795.879660,1217,79,0.972614,0.3359
23064000,6491.959308,1222,66,0.952248,0.2578
23066000,6667.407687,1204,74,0.969698,0.2812
23068000,6651.705084,1229,78,0.955889,0.3281
23070000,6421.341519,1201,84,0.956515,0.2656
23072000,6219.878695,1227,65,0.877667,0.3203
23074000,6967.210859,1253,68,0.965357,0.2031
23076000,6936.889064,1254,64,0.964736,0.2969
23078000,6956.330536,1260,58,0.961367,0.3125
23080000,6806.005227,1239,62,0.959432,0.2891
23082000,6854.667548,1228,64,0.959545,0.3125
23084000,6493.040220,1242,58,0.965205,0.2578
23086000,6063.585079,1240,58,0.929720,0.2500
23088000,6317.734827,1235,61,0.942550,0.3750
23090000,6966.058670,1242,54,0.954351,0.3203
23092000,7449.520779,1206,65,0.963417,0.3359
23094000,7373.707070,1184,78,0.964860,0.2734
23096000,7470.396175,1194,83,0.964120,0.3984
23098000,7416.715231,1202,78,0.935790,0.3438
23100000,6702.114819,1216,78,0.898978,0.2812
23102000,6926.024556,1193,80,0.900179,0.2656
23104000,6657.250323,1189,81,0.937021,0.2812
23106000,6943.997398,1200,75,0.895127,0.2188
23108000,7271.001000,1210,73,0.935145,0.3125
23110000,7183.953751,1208,81,0.943801,0.2188
23112000,7143.514075,1220,64,0.943128,0.2969
23114000,7055.056140,1207,80,0.946373,0.3828
23116000,7164.491950,1218,69,0.953189,0.3047
23118000,6963.955743,1206,85,0.906836,0.2656
23120000,7021.826766,1218,70,0.965454,0.3359
23122000,7204.674951,1211,72,0.902697,0.3203
23124000,7463.211200,1206,83,0.974571,0.3672
23126000,7123.829692,1216,81,0.967865,0.3047
23128000,7026.486295,1206,75,0.966183,0.3047
23130000,7008.689000,1185,67,0.805112,0.3672
23132000,6751.090167,1210,77,0.878196,0.3594
23134000,6783.255436,1207,62,0.916510,0.3594
23136000,6725.598975,1189,70,0.896204,0.3125
23138000,6994.943271,1189,73,0.942454,0.2734
23140000,6781.207723,1191,76,0.966880,0.2812
23142000,6610.189822,1227,56,0.900560,0.1719
23144000,6852.166142,1226,54,0.966184,0.2188
23146000,6648.437979,1223,52,0.957532,0.2969
23148000,6422.654200,1193,61,0.857655,0.2656
23150000,6469.681382,1204,73,0.851566,0.2031
23152000,7445.289995,1206,68,0.953383,0.2656
23154000,7702.004700,1190,77,0.964065,0.2500
23156000,7676.560819,1197,76,0.935207,0.2891
23158000,7860.850950,1207,84,0.963486,0.3125
23160000,7823.146140,1225,62,0.965262,0.2734
23162000,7706.950046,1223,70,0.962949,0.2188
23164000,7578.877383,1223,72,0.948716,0.3359
23166000,7510.894667,1199,76,0.960690,0.1797
23168000,7414.625675,1203,77,0.959127,0.3125
23170000,7365.141990,1202,82,0.929719,0.3203
23172000,7408.702451,1216,65,0.959812,0.3281
23174000,7891.045948,1216,57,0.972606,0.2969
23176000,7206.748287,1216,69,0.889894,0.2188
23178000,6262.565679,1203,77,0.929249,0.2578
23180000,6691.940380,1190,86,0.960801,0.3359
23182000,7221.661416,1196,83,0.962617,0.3438
23184000,7049.586124,1209,74,0.956012,0.3047
23186000,7458.947692,1215,73,0.897747,0.3750
23188000,7770.955150,1237,55,0.938978,0.2422
23190000,7814.817535,1213,74,0.946962,0.1953
23192000,7801.815015,1239,66,0.954678,0.3125
23194000,7555.086951,1217,70,0.930339,0.3125
23196000,7590.880691,1225,68,0.949939,0.3359
23198000,7376.294310,1219,62,0.963367,0.2578
23200000,7518.928475,1222,70,0.962957,0.2734
23202000,6868.434747,1218,63,0.772664,0.3359
23204000,6917.905067,1205,85,0.935378,0.2422
23206000,6908.624238,1222,80,0.948637,0.2812
23208000,6823.369371,1242,68,0.925069,0.2500
23210000,7185.893056,1218,91,0.904266,0.2734
23212000,7148.662214,1214,82,0.923082,0.2422
23214000,7093.864396,1220,57,0.895377,0.3203
23216000,7369.086495,1222,75,0.935176,0.2578
23218000,7318.913318,1237,58,0.939112,0.2422
23220000,7313.735051,1238,59,0.929581,0.3125
23222000,7237.593430,1238,67,0.931317,0.2266
23224000,6708.950390,1236,83,0.910488,0.3281
23226000,6636.869718,1239,69,0.909015,0.2500
23228000,7003.801542,1231,73,0.903662,0.2422
23230000,6750.265150,1251,62,0.899729,0.2891
23232000,6684.153727,1227,76,0.879872,0.2500
23234000,7063.249315,1225,66,0.889312,0.2812
23236000,7296.707535,1199,66,0.922093,0.3281
23238000,7285.511400,1200,76,0.926721,0.2344
23240000,6902.122039,1230,66,0.873407,0.2500
23242000,7174.178143,1250,62,0.948964,0.2734
23244000,6651.433591,1240,59,0.947978,0.1953
23246000,6199.609004,1228,64,0.920197,0.2031
23248000,6686.421646,1232,69,0.952237,0.2969
23250000,6732.715575,1234,70,0.924591,0.2578
23252000,6779.620935,1231,73,0.938192,0.2891
23254000,6828.194936,1235,64,0.967937,0.3125
23256000,6844.433008,1237,63,0.941300,0.2891
23258000,7015.667027,1229,66,0.974118,0.2891
23260000,7085.723710,1242,58,0.978126,0.2188
23262000,7048.862535,1209,73,0.979033,0.3438
23264000,6867.824135,1226,62,0.977906,0.3438
23266000,6750.950080,1234,63,0.974155,0.2891
23268000,6798.291975,1201,76,0.976503,0.3516
23270000,6942.095072,1229,64,0.980122,0.2812
23272000,6924.585335,1208,66,0.977716,0.2734
23274000,7066.716508,1193,74,0.978318,0.2812
23276000,7255.709182,1199,83,0.974418,0.3281
23278000,7236.154240,1195,88,0.976204,0.2969
23280000,7179.908630,1213,80,0.967151,0.2969
23282000,7158.586023,1219,70,0.963239,0.3203
23284000,7202.286831,1230,70,0.965166,0.2891
23286000,6995.867323,1235,58,0.954277,0.1953
23288000,6965.466840,1218,71,0.959327,0.3516
23290000,7080.302115,1198,79,0.960181,0.3359
23292000,6974.119791,1213,74,0.960783,0.3672
23294000,6929.373342,1200,79,0.966286,0.3359
23296000,7186.379868,1200,84,0.967856,0.2812
23298000,7160.428675,1194,79,0.973116,0.2422
23300000,7204.637212,1188,94,0.974235,0.2656
23302000,7347.979255,1207,77,0.972850,0.3125
23304000,7454.597443,1202,82,0.967775,0.2891
23306000,7603.359084,1199,79,0.977653,0.3359
23308000,7457.461190,1235,59,0.974372,0.2500
23310000,7333.920264,1215,70,0.955189,0.3281
23312000,7254.915527,1176,82,0.966691,0.2969
23314000,7132.456236,1194,86,0.967076,0.2578
23316000,6895.363023,1195,77,0.921532,0.3516
23318000,7626.925742,1186,76,0.955639,0.2656
23320000,7695.020911,1204,67,0.976592,0.2734
23322000,7320.817475,1215,64,0.971688,0.2500
23324000,7364.172895,1212,76,0.981067,0.3516
23326000,7509.079580,1230,66,0.979251,0.3125
23328000,7497.059503,1237,63,0.981396,0.3359
23330000,7426.579215,1211,64,0.965300,0.3047
23332000,7550.820543,1225,83,0.969859,0.3281
23334000,7605.530678,1220,66,0.980686,0.3047
23336000,7293.453036,1229,71,0.943631,0.3672
23338000,7330.585527,1208,79,0.969322,0.3203
23340000,7315.385443,1207,78,0.970544,0.3594
23342000,7406.666814,1216,71,0.976972,0.3125
23344000,7607.018583,1215,76,0.974881,0.2891
23346000,7173.645035,1236,67,0.924394,0.2734
23348000,7184.044550,1224,62,0.976509,0.3203
23350000,6940.228766,1221,60,0.971304,0.2500
23352000,6766.715511,1198,70,0.968598,0.3125
23354000,6736.658352,1201,78,0.968084,0.2422
23356000,6555.948364,1204,70,0.955912,0.3047
23358000,6370.286439,1210,72,0.966446,0.2578
23360000,6389.861328,1203,73,0.976440,0.2891
23362000,6304.223531,1204,73,0.971668,0.2656
23364000,6375.943790,1194,83,0.971813,0.3672
23366000,6212.585134,1212,65,0.973523,0.2812
23368000,6256.897007,1227,58,0.969584,0.2891
23370000,6311.315622,1225,56,0.970333,0.2422
23372000,6358.322427,1223,59,0.965428,0.2656
23374000,6374.556411,1199,74,0.967749,0.3438
23376000,6178.136743,1206,63,0.967760,0.2188
23378000,6310.103095,1218,63,0.970230,0.2188
23380000,6406.830435,1205,71,0.974670,0.3906
23382000,6302.637459,1189,96,0.972322,0.3125
23384000,6460.705448,1222,68,0.977433,0.3672
23386000,6560.495976,1232,63,0.969974,0.2734
23388000,6603.568599,1245,67,0.970794,0.2734
23390000,6969.935187,1227,62,0.981274,0.3047
23392000,6859.027500,1216,72,0.976377,0.3281
23394000,6812.494560,1193,79,0.954764,0.3047
23396000,6757.016364,1216,70,0.980790,0.2812
23398000,6913.241755,1221,64,0.979059,0.2734
23400000,7017.321651,1221,71,0.981120,0.2969
23402000,6981.009742,1222,75,0.981453,0.2266
23404000,7028.224939,1214,68,0.974680,0.2500
23406000,7009.797550,1231,60,0.978110,0.2266
23408000,7073.045515,1209,70,0.977792,0.2500
23410000,6580.144431,1216,54,0.954977,0.2188
23412000,6471.919192,1234,51,0.932254,0.2344
23414000,6455.737147,1241,54,0.947908,0.3281
23416000,7302.087803,1233,64,0.978685,0.2656
23418000,7205.896670,1220,73,0.972934,0.2344
23420000,7166.100700,1213,71,0.971543,0.2734
23422000,7412.624979,1240,63,0.968870,0.1953
23424000,6923.565215,1215,76,0.970016,0.3594
23426000,6876.250591,1213,68,0.969982,0.2969
23428000,6713.784695,1204,79,0.962483,0.2344
23430000,6961.409587,1185,98,0.962884,0.2656
23432000,7025.375503,1207,69,0.961948,0.2969
23434000,6988.399647,1229,71,0.936519,0.2734
23436000,6783.445950,1244,64,0.955568,0.2734
23438000,7051.550844,1215,74,0.972577,0.3125
23440000,7161.657230,1207,77,0.974394,0.3203
23442000,7026.070303,1212,66,0.965760,0.2969
23444000,7065.551806,1220,63,0.966776,0.2891
23446000,7019.339500,1214,70,0.965937,0.3281
23448000,7114.006255,1202,91,0.967475,0.2969
23450000,7174.422780,1211,81,0.962261,0.3281
23452000,6857.438748,1236,62,0.952310,0.2812
23454000,6697.236182,1214,69,0.971173,0.2969
23456000,6695.261830,1240,54,0.968721,0.2969
23458000,6655.575230,1225,58,0.959405,0.2500
23460000,6883.289875,1227,57,0.967473,0.2734
23462000,6970.311452,1229,60,0.969074,0.2578
23464000,7007.178284,1199,77,0.968059,0.2344
23466000,6945.374606,1211,74,0.960226,0.2188
23468000,6954.401371,1212,79,0.960804,0.2656
23470000,7421.051087,1221,65,0.982063,0.2500
23472000,7522.570294,1261,54,0.982556,0.2891
23474000,7301.455340,1252,69,0.978410,0.2734
23476000,7221.584587,1243,78,0.979925,0.3594
23478000,7357.157075,1250,61,0.969085,0.2656
23480000,7512.003340,1236,58,0.965599,0.2578
23482000,7454.448726,1250,49,0.964032,0.2578
23484000,7488.284647,1207,68,0.956933,0.2031
23486000,7493.801871,1221,63,0.937374,0.2734
23488000,7328.999390,1229,68,0.945853,0.2266
23490000,7159.747559,1233,67,0.882933,0.2891
23492000,7508.689374,1227,70,0.878306,0.3594
23494000,7386.605334,1231,66,0.879326,0.3359
23496000,7526.223871,1235,75,0.937887,0.3047
23498000,7589.897288,1253,69,0.944783,0.2812
23500000,7573.987735,1259,59,0.902951,0.2422
23502000,7424.792551,1224,75,0.848513,0.3438
23504000,7949.694175,1224,82,0.974948,0.3203
23506000,7883.757398,1237,75,0.950444,0.3047
23508000,7793.480046,1255,68,0.949906,0.2969
23510000,7617.442198,1252,62,0.964740,0.2344
23512000,7401.080710,1229,74,0.946215,0.3125
23514000,7318.805468,1237,73,0.951412,0.3516
23516000,7597.529804,1202,69,0.965970,0.2656
23518000,8039.783591,1211,75,0.973031,0.2969
23520000,8028.015752,1227,65,0.973116,0.2891
23522000,7059.831596,1235,82,0.863674,0.2891
23524000,7708.422643,1229,74,0.892448,0.2812
23526000,8107.930027,1226,59,0.941427,0.2188
23528000,7796.384424,1210,81,0.868614,0.3672
23530000,8616.809687,1211,67,0.962330,0.2500
23532000,8538.693030,1215,68,0.961259,0.2891
23534000,8836.145335,1202,61,0.973706,0.2656
23536000,9022.899315,1193,73,0.974763,0.2578
23538000,8721.520995,1224,76,0.972322,0.2031
23540000,8859.548616,1213,78,0.975467,0.3672
23542000,8138.574624,1229,71,0.867164,0.2578
23544000,8068.758803,1231,82,0.941402,0.2812
23546000,7938.456606,1218,76,0.942049,0.2422
23548000,7921.426184,1207,76,0.907003,0.2969
23550000,7694.141331,1217,72,0.913202,0.2500
23552000,7469.379335,1216,72,0.951387,0.2969
23554000,7367.838110,1230,70,0.950203,0.2891
23556000,7102.009358,1239,63,0.920694,0.2891
23558000,7636.051102,1239,57,0.956521,0.3359
23560000,7739.153638,1248,63,0.969474,0.3047
23562000,7748.944108,1236,72,0.976219,0.2500
23564000,7783.851315,1237,68,0.973112,0.3125
23566000,7338.143820,1245,65,0.947997,0.3438
23568000,7879.993734,1230,78,0.970198,0.2969
23570000,7331.661779,1246,63,0.885967,0.1875
23572000,7715.127147,1246,57,0.972232,0.2188
23574000,7662.369520,1235,71,0.971297,0.2656
23576000,7162.600774,1226,66,0.962510,0.3125
23578000,7114.924243,1212,70,0.961705,0.2891
23580000,6945.178496,1231,61,0.960432,0.2891
23582000,6680.491836,1228,62,0.914428,0.3125
23584000,6224.621035,1221,74,0.928865,0.3125
23586000,6485.486491,1208,72,0.930501,0.3203
23588000,6487.705691,1220,52,0.940930,0.3203
23590000,6513.590371,1226,64,0.937011,0.2109
23592000,6866.614431,1244,60,0.959986,0.3438
23594000,7100.446444,1224,69,0.963313,0.3047
23596000,6688.492947,1232,54,0.899194,0.2031
23598000,6866.739735,1217,57,0.963549,0.2344
23600000,6605.481415,1228,61,0.881228,0.2266
23602000,6711.213950,1235,61,0.956197,0.3047
23604000,6605.999171,1231,77,0.943613,0.2578
23606000,6923.605435,1221,74,0.956238,0.3125
23608000,6709.233334,1209,64,0.967811,0.2422
23610000,6635.069864,1208,65,0.971336,0.2969
23612000,6726.186875,1222,61,0.974865,0.2188
23614000,6634.367775,1224,52,0.948725,0.3203
23616000,6649.684551,1203,70,0.947631,0.3516
23618000,6819.391103,1181,88,0.979140,0.2578
23620000,6727.525195,1192,84,0.964088,0.2578
23622000,6746.430302,1223,66,0.950445,0.2812
23624000,6730.000326,1205,67,0.964915,0.3438
23626000,5984.751184,1202,68,0.777090,0.2500
23628000,6853.166630,1185,87,0.970862,0.2891
23630000,6850.194764,1204,72,0.934218,0.3203
23632000,6935.533660,1205,70,0.969234,0.3203
23634000,7050.589267,1201,72,0.973936,0.3828
23636000,6934.074950,1185,72,0.974840,0.2500
23638000,6917.856679,1199,69,0.974513,0.3594
23640000,6919.831600,1208,52,0.953753,0.3125
23642000,6318.048435,1182,82,0.940690,0.3359
23644000,6416.475295,1206,75,0.968235,0.3203
23646000,6648.195086,1194,75,0.966977,0.2344
23648000,6549.168062,1179,70,0.971517,0.3047
23650000,5655.952972,1195,57,0.869916,0.3359
23652000,5881.067368,1199,72,0.928690,0.2969
23654000,5994.581887,1197,72,0.934881,0.3125
23656000,6002.027803,1212,66,0.903176,0.3125
23658000,6026.897350,1209,77,0.925638,0.3203
23660000,5877.881656,1212,74,0.956333,0.3203
23662000,6025.068115,1195,89,0.958473,0.2891
23664000,5999.507740,1210,77,0.957295,0.2656
23666000,6022.795947,1197,81,0.957890,0.2734
23668000,6165.730115,1201,70,0.958794,0.3047
23670000,5974.934206,1211,73,0.962514,0.3203
23672000,5614.518187,1200,72,0.959022,0.2109
23674000,5742.728687,1197,72,0.967657,0.3203
23676000,5789.415916,1197,69,0.966555,0.2734
23678000,5637.802415,1202,71,0.958652,0.3203
23680000,6015.310275,1181,80,0.956698,0.2578
23682000,5999.370616,1173,84,0.954402,0.2812
23684000,5402.985446,1193,83,0.923327,0.2500
23686000,5134.155854,1189,74,0.889791,0.3203
23688000,5772.650704,1203,71,0.935945,0.2891
23690000,5660.904766,1205,75,0.930920,0.3125
23692000,5605.468358,1199,89,0.720232,0.3203
23694000,6504.426035,1194,74,0.978349,0.2891
23696000,6946.731918,1185,77,0.978568,0.3281
23698000,6748.594543,1200,66,0.980683,0.3359
23700000,6854.522032,1198,85,0.978943,0.3281
23702000,6950.640571,1235,63,0.970480,0.3516
23704000,7198.894926,1200,77,0.983493,0.2891
23706000,6494.425855,1215,64,0.949466,0.2969
23708000,6259.586840,1226,62,0.959604,0.2578
23710000,6543.050975,1199,72,0.968004,0.2578
23712000,6556.888171,1205,71,0.966690,0.2578
23714000,6539.866560,1190,76,0.966959,0.2891
23716000,5906.496152,1207,75,0.925265,0.2969
23718000,5871.920760,1196,77,0.924278,0.3359
23720000,6193.551139,1200,82,0.957911,0.2422
23722000,6173.752351,1204,88,0.956318,0.3047
23724000,6136.915931,1211,76,0.947591,0.3281
23726000,6417.776400,1220,78,0.964857,0.3516
23728000,6378.779800,1198,83,0.945560,0.3672
23730000,6368.406838,1184,82,0.946175,0.3047
23732000,5769.479678,1199,77,0.875817,0.3438
23734000,5807.693283,1208,77,0.935843,0.3203
23736000,5827.114535,1213,67,0.927622,0.2578
23738000,5719.471071,1185,84,0.890613,0.3672
23740000,6139.240731,1181,74,0.964747,0.2812
23742000,6206.205884,1162,74,0.965409,0.3516
23744000,5532.001216,1174,78,0.960466,0.2969
23746000,5511.113191,1172,68,0.961241,0.1953
23748000,5196.415159,1193,72,0.841648,0.2656
23750000,5599.408976,1193,72,0.977366,0.2266
23752000,5739.311807,1203,69,0.977166,0.2812
23754000,5735.617719,1197,72,0.973593,0.2188
23756000,5239.851895,1205,79,0.962083,0.3125
23758000,4693.457607,1234,67,0.863570,0.3203
23760000,5561.694535,1220,64,0.964361,0.2344
23762000,5545.681110,1215,59,0.968234,0.2500
23764000,5632.281454,1228,60,0.968567,0.1875
23766000,5300.163715,1247,55,0.958159,0.2656
23768000,4893.154614,1251,48,0.885124,0.2656
23770000,6116.764102,1216,73,0.957517,0.2578
23772000,6145.564360,1215,62,0.960397,0.3047
23774000,5815.758000,1195,71,0.948082,0.3047
23776000,5396.146108,1201,83,0.954182,0.3125
23778000,5899.765735,1187,89,0.962611,0.2891
23780000,5314.822395,1203,77,0.867762,0.2969
23782000,5473.350992,1219,51,0.940302,0.3203
23784000,5383.491420,1194,70,0.912600,0.3281
23786000,5315.739587,1198,70,0.902850,0.3125
23788000,5688.925190,1185,77,0.949061,0.3594
23790000,5183.417486,1175,80,0.891455,0.2891
23792000,5484.394827,1187,87,0.925543,0.3750
23794000,5573.359899,1190,87,0.912246,0.2266
23796000,5743.095975,1199,69,0.840649,0.2734
23798000,6211.359967,1216,64,0.956002,0.2422
23800000,6251.871619,1223,56,0.941413,0.2969
23802000,6330.063020,1238,59,0.964353,0.3281
23804000,6150.180503,1235,53,0.971351,0.2500
23806000,6004.665470,1246,61,0.958926,0.2422
23808000,5942.164124,1241,60,0.950607,0.2188
23810000,6077.317243,1223,68,0.955641,0.2656
23812000,6215.386235,1223,66,0.979062,0.2656
23814000,6392.003950,1223,52,0.982730,0.2656
23816000,6128.843875,1212,61,0.981981,0.2891
23818000,6384.617980,1219,66,0.981073,0.2891
23820000,6274.131824,1212,65,0.978579,0.3672
23822000,6375.459190,1192,74,0.981056,0.3438
23824000,6336.355815,1202,76,0.980202,0.2422
23826000,5949.949999,1222,74,0.967218,0.3672
23828000,6307.603695,1233,66,0.972973,0.3047
23830000,6292.369080,1200,71,0.977735,0.2891
23832000,6048.004300,1197,84,0.908960,0.3047
23834000,5793.916958,1203,87,0.900202,0.3125
23836000,6331.048958,1209,79,0.961992,0.4062
23838000,6270.059948,1196,73,0.957960,0.2969
23840000,5657.711420,1180,90,0.946140,0.3828
23842000,5194.728742,1164,88,0.954690,0.3125
23844000,5243.570988,1203,69,0.950864,0.2812
23846000,5177.338200,1191,69,0.951202,0.3438
23848000,5272.049496,1191,74,0.952214,0.2812
23850000,4805.425967,1193,70,0.893013,0.2578
23852000,4939.983775,1211,63,0.912016,0.2891
23854000,5221.782350,1206,57,0.914700,0.2109
23856000,5216.879532,1231,64,0.951094,0.2578
23858000,5197.402675,1227,68,0.922088,0.2656
23860000,4842.667502,1224,70,0.909431,0.2500
23862000,4892.138566,1228,63,0.915625,0.2266
23864000,4873.806331,1231,63,0.914214,0.1562
23866000,4288.875795,1219,66,0.933936,0.2812
23868000,5231.858871,1218,54,0.963330,0.3125
23870000,5259.638278,1220,72,0.967756,0.3203
23872000,5259.933030,1209,68,0.964433,0.2656
23874000,5148.147731,1205,77,0.963807,0.3047
23876000,5428.054323,1227,72,0.925639,0.3047
23878000,5507.700924,1215,64,0.941009,0.2656
23880000,5357.028646,1249,60,0.913613,0.2969
23882000,5595.247855,1248,66,0.941766,0.2891
23884000,5609.876891,1220,61,0.949720,0.1875
23886000,5401.323054,1228,46,0.927236,0.2578
23888000,5370.154536,1228,66,0.948983,0.3125
23890000,5141.374527,1202,74,0.925995,0.2422
23892000,5119.591532,1190,78,0.924549,0.2891
23894000,5164.026102,1210,63,0.886169,0.2891
23896000,5540.912835,1215,61,0.937235,0.2812
23898000,5565.509134,1218,66,0.936870,0.2578
23900000,5545.544643,1220,62,0.935468,0.2344
23902000,4985.232838,1201,70,0.872780,0.3516
23904000,5096.234510,1183,80,0.895986,0.2266
23906000,5362.501071,1195,73,0.931801,0.2734
23908000,5441.822775,1183,79,0.957451,0.3516
23910000,5531.118355,1192,67,0.946487,0.2500
23912000,5444.066928,1198,59,0.916618,0.2812
23914000,5414.180256,1193,73,0.917926,0.2656
23916000,5826.899203,1211,72,0.913009,0.3359
23918000,5884.489272,1206,69,0.916530,0.2656
23920000,5816.018495,1210,73,0.910488,0.2578
23922000,5800.005775,1216,68,0.900546,0.2734
23924000,5789.607443,1192,69,0.900546,0.2969
23926000,5272.995550,1195,64,0.821039,0.2969
23928000,5538.940739,1179,84,0.851170,0.3672
23930000,6133.167766,1190,86,0.921092,0.2656
23932000,6142.452456,1189,84,0.925591,0.3281
23934000,6283.591054,1188,81,0.927114,0.3203
23936000,6294.373424,1188,72,0.930669,0.3438
23938000,6440.535022,1189,81,0.947447,0.2734
23940000,6411.214014,1200,71,0.962681,0.3438
23942000,6337.494102,1217,70,0.930528,0.2969
23944000,6323.538078,1224,77,0.920350,0.3672
23946000,6279.322183,1215,76,0.957475,0.3047
23948000,6440.410315,1197,76,0.960940,0.3281
23950000,6677.653175,1198,78,0.960857,0.2656
23952000,6621.339767,1196,77,0.958584,0.3125
23954000,6419.853536,1209,79,0.900608,0.2656
23956000,7006.913995,1194,84,0.968703,0.3672
23958000,6684.779855,1193,74,0.975278,0.2891
23960000,7002.250587,1193,71,0.972534,0.1797
23962000,6934.689159,1197,75,0.970472,0.2500
23964000,6935.685990,1225,68,0.969558,0.2969
23966000,6972.491991,1235,73,0.969471,0.3281
23968000,6855.661915,1243,57,0.962292,0.2812
23970000,6546.112134,1204,71,0.935173,0.2891
23972000,6100.327059,1192,89,0.711607,0.3594
23974000,6495.263015,1198,87,0.800425,0.3047
23976000,6515.896190,1227,85,0.933283,0.3047
23978000,6292.484952,1195,76,0.944355,0.2422
23980000,6007.037782,1211,78,0.945838,0.2969
23982000,5957.043855,1200,80,0.945432,0.2969
23984000,6263.283910,1216,69,0.955076,0.2656
23986000,6348.028635,1242,62,0.953555,0.2734
23988000,6468.820775,1228,63,0.957476,0.2812
23990000,6486.000446,1251,53,0.968095,0.2422
23992000,6379.928875,1239,59,0.957629,0.2812
23994000,6479.819859,1236,70,0.957893,0.2891
23996000,6460.583827,1253,65,0.957467,0.3125
23998000,6059.419382,1235,69,0.940356,0.2344
24000000,5849.614872,1238,80,0.944228,0.2891
24002000,5855.551555,1210,82,0.963745,0.2812
24004000,6004.905991,1212,85,0.976573,0.2969
24006000,5778.309459,1241,67,0.968931,0.3125
24008000,5855.546279,1214,69,0.970771,0.2578
24010000,6001.824112,1211,78,0.964193,0.2812
24012000,6335.485372,1215,86,0.904847,0.3359
24014000,6371.035136,1231,77,0.903378,0.3047
24016000,6463.295511,1226,73,0.970297,0.3047
24018000,6263.147935,1261,52,0.969637,0.2188
24020000,6480.732710,1234,64,0.959395,0.3438
24022000,6336.574080,1228,73,0.964206,0.3516
24024000,6021.675483,1225,67,0.917923,0.3125
24026000,5922.621712,1227,70,0.915049,0.2656
24028000,5765.480955,1250,57,0.923096,0.2422
24030000,6289.467740,1264,57,0.975280,0.2500
24032000,6132.518607,1265,55,0.969716,0.3047
24034000,6162.189403,1227,62,0.928435,0.2891
24036000,6188.253580,1241,51,0.929747,0.3203
24038000,6038.877054,1249,55,0.967401,0.2969
24040000,6177.308051,1237,60,0.960584,0.2109
24042000,6090.824435,1218,64,0.933496,0.3047
24044000,6159.715160,1200,75,0.941361,0.2812
24046000,6011.160780,1208,79,0.958625,0.3125
24048000,6152.398252,1204,72,0.961525,0.2891
24050000,5977.379459,1214,67,0.962581,0.2969
24052000,5701.655807,1190,70,0.924781,0.3594
24054000,6080.907352,1181,66,0.953686,0.3359
24056000,5447.332060,1194,74,0.948104,0.3047
24058000,5991.961911,1190,70,0.964171,0.2031
24060000,5731.440496,1181,85,0.973153,0.2578
24062000,5901.385895,1184,73,0.964132,0.3047
24064000,5826.219255,1186,76,0.934281,0.3047
24066000,6062.991875,1188,69,0.949240,0.2734
24068000,5980.198403,1172,79,0.949446,0.3047
24070000,5909.138910,1197,76,0.942884,0.3359
24072000,5751.524630,1211,68,0.935984,0.3281
24074000,6187.957527,1189,73,0.975724,0.3047
24076000,6131.186312,1209,72,0.975041,0.2734
24078000,6104.009203,1209,69,0.960315,0.2500
24080000,5983.409999,1240,60,0.950224,0.2109
24082000,6024.653822,1249,63,0.952406,0.2109
24084000,5685.779864,1256,59,0.944274,0.2578
24086000,5077.029979,1232,54,0.904714,0.3281
24088000,5071.701975,1233,54,0.905998,0.1875
24090000,5658.813934,1208,72,0.962053,0.2656
24092000,5845.950560,1202,63,0.953725,0.3125
24094000,6084.477171,1196,71,0.968250,0.2188
24096000,5871.550359,1188,82,0.965428,0.3203
24098000,5521.770510,1193,78,0.934796,0.2891
24100000,5410.866700,1216,70,0.928462,0.3047
24102000,5660.978475,1208,61,0.964104,0.2422
24104000,5498.065667,1221,58,0.873663,0.2500
24106000,5808.010374,1244,54,0.952186,0.2656
24108000,5786.801255,1231,69,0.954375,0.2422
24110000,5206.807879,1235,61,0.836609,0.2734
24112000,5119.308504,1221,68,0.831691,0.3203
24114000,5808.923055,1210,83,0.968580,0.3203
24116000,5663.847083,1247,66,0.966985,0.2422
24118000,5396.665532,1242,56,0.853209,0.2656
24120000,5618.291278,1226,61,0.961585,0.1875
24122000,5608.800668,1235,68,0.959211,0.2344
24124000,5548.871118,1221,68,0.975977,0.2812
24126000,5335.963006,1212,66,0.971107,0.2500
24128000,5150.115295,1228,67,0.957267,0.3047
24130000,5197.820796,1217,67,0.959794,0.2656
24132000,5357.831800,1209,66,0.906300,0.2891
24134000,5473.683547,1201,68,0.900855,0.2891
24136000,5889.016351,1224,64,0.971877,0.2656
24138000,5804.883246,1206,70,0.959481,0.2812
24140000,5775.281654,1218,74,0.960979,0.3359
24142000,5093.577811,1230,65,0.879725,0.3281
24144000,5583.667516,1203,78,0.959003,0.3359
24146000,5311.645935,1226,66,0.934375,0.2578
24148000,5373.554636,1204,77,0.959240,0.2578
24150000,5160.325839,1214,62,0.938205,0.2656
24152000,5116.863374,1233,68,0.947828,0.2891
24154000,5171.313143,1237,68,0.947371,0.3516
24156000,5000.346542,1233,64,0.938198,0.2031
24158000,5039.480886,1232,63,0.934463,0.2891
24160000,4954.382875,1202,72,0.910633,0.3672
24162000,4815.602478,1210,68,0.934779,0.2891
24164000,4977.013022,1194,74,0.947093,0.3828
24166000,4828.668715,1211,81,0.956261,0.2578
24168000,5031.049790,1201,80,0.968140,0.2344
24170000,4954.383206,1213,77,0.960322,0.3516
24172000,4984.549335,1201,74,0.959828,0.2734
24174000,5066.107387,1231,64,0.940149,0.2891
24176000,5065.360792,1219,71,0.927205,0.2969
24178000,5124.870824,1226,65,0.944035,0.2500
24180000,5085.126415,1244,61,0.946364,0.2578
24182000,5001.332859,1223,66,0.942797,0.3359
24184000,5025.611182,1213,68,0.953148,0.2422
24186000,5094.994856,1213,72,0.885645,0.2969
24188000,5214.024024,1240,61,0.952989,0.2109
24190000,4845.033742,1231,72,0.914016,0.2734
24192000,5219.225958,1220,80,0.907588,0.3516
24194000,5012.225052,1235,70,0.892314,0.2578
24196000,5255.919143,1222,57,0.910780,0.2812
24198000,5201.607720,1234,62,0.921658,0.2344
24200000,5277.034438,1234,76,0.917774,0.2344
24202000,5434.278694,1236,71,0.915187,0.2734
24204000,5372.989134,1210,67,0.926112,0.2578
24206000,5400.301475,1232,60,0.939878,0.2656
24208000,5346.565331,1208,79,0.923528,0.3125
24210000,5437.362975,1195,75,0.937981,0.3516
24212000,5767.588988,1217,75,0.951970,0.2656
24214000,5838.392664,1212,58,0.936819,0.2734
24216000,5764.789262,1203,65,0.971679,0.2891
24218000,5511.288919,1229,68,0.901686,0.3047
24220000,5501.883547,1220,75,0.924641,0.3203
24222000,4875.239139,1232,70,0.809831,0.3047
24224000,5345.170092,1218,73,0.953407,0.2656
24226000,5397.737479,1196,74,0.946441,0.3516
24228000,5362.908668,1216,74,0.935568,0.2969
24230000,5644.062040,1228,63,0.954315,0.3125
24232000,5718.438828,1239,57,0.944447,0.2422
24234000,5952.434583,1253,47,0.975527,0.2656
24236000,5959.289835,1232,57,0.976517,0.1875
24238000,5858.786326,1261,61,0.942351,0.2578
24240000,5731.927223,1258,59,0.933934,0.2734
24242000,5651.002955,1251,59,0.924203,0.2500
24244000,5573.732931,1235,73,0.955556,0.2188
24246000,5598.318926,1232,56,0.903925,0.2422
24248000,5594.359750,1226,57,0.931916,0.2891
24250000,5544.332456,1222,65,0.969843,0.2812
24252000,5668.007200,1209,69,0.972007,0.3984
24254000,5650.263518,1214,83,0.955903,0.3359
24256000,5036.476910,1203,82,0.899302,0.2656
24258000,5356.089334,1195,81,0.942845,0.2734
24260000,5383.426455,1198,74,0.943134,0.2266
24262000,5355.991955,1189,71,0.947820,0.2734
24264000,4859.302295,1198,74,0.941565,0.2188
24266000,5015.249142,1215,66,0.952787,0.3281
24268000,4922.069632,1201,76,0.939735,0.2969
24270000,4714.342547,1195,72,0.852765,0.2344
24272000,5015.809007,1220,62,0.915185,0.2266
24274000,5086.162892,1214,73,0.838617,0.2969
24276000,5609.878158,1220,60,0.969443,0.2734
24278000,4864.826919,1225,72,0.842844,0.3047
24280000,4754.604291,1201,76,0.948977,0.2969
24282000,4839.519775,1217,66,0.935558,0.3125
24284000,4800.067595,1212,61,0.953458,0.2344
24286000,4903.452574,1222,72,0.956909,0.3828
24288000,4520.997272,1235,56,0.937473,0.2344
24290000,4832.508734,1221,66,0.936633,0.2734
24292000,4804.182230,1214,69,0.934367,0.3047
24294000,4735.727915,1230,77,0.930262,0.2266
24296000,4578.721447,1244,52,0.901033,0.2109
24298000,5173.755368,1233,65,0.945737,0.2188
24300000,5047.476867,1204,80,0.950110,0.2891
24302000,4858.064230,1214,70,0.937945,0.2734
24304000,4555.249915,1202,81,0.857732,0.2422
24306000,4398.171142,1215,76,0.818110,0.3438
24308000,4522.514327,1209,82,0.938233,0.2812
24310000,3995.644603,1192,85,0.884926,0.3438
24312000,4365.458707,1189,89,0.940005,0.3125
24314000,4457.604592,1203,79,0.936738,0.3516
24316000,4391.894366,1228,70,0.893175,0.2188
24318000,4484.619619,1223,67,0.894577,0.2734
24320000,4781.874719,1217,65,0.947638,0.3359
24322000,4734.486163,1228,65,0.923237,0.2109
24324000,4596.429811,1244,65,0.911936,0.3125
24326000,4308.549948,1221,69,0.922695,0.2344
24328000,4790.084419,1224,57,0.951887,0.3047
24330000,4664.504263,1221,67,0.918672,0.2578
24332000,4566.883356,1219,61,0.944087,0.1953
24334000,4410.648115,1213,72,0.881472,0.3438
24336000,4231.446414,1242,53,0.866489,0.2188
24338000,4227.221510,1245,59,0.869227,0.2891
24340000,4251.884039,1245,64,0.894752,0.2109
24342000,4040.058006,1232,67,0.884983,0.2969
24344000,4019.698022,1236,71,0.830159,0.2422
24346000,4134.151324,1224,71,0.772526,0.2578
24348000,4441.722739,1243,55,0.875269,0.2812
24350000,4037.494686,1223,71,0.864066,0.2891
24352000,4076.693624,1251,58,0.856875,0.3047
24354000,4311.545387,1241,66,0.800642,0.2812
24356000,4390.456199,1231,58,0.810052,0.2969
24358000,4058.715740,1228,55,0.773466,0.1953
24360000,4395.689350,1232,55,0.884964,0.3281
24362000,3854.205875,1254,63,0.838024,0.2656
24364000,4759.619683,1254,51,0.906466,0.2344
24366000,5244.064924,1234,61,0.892201,0.2969
24368000,5251.366859,1227,53,0.885738,0.2578
24370000,5186.772790,1222,67,0.891587,0.2578
24372000,4660.479127,1203,74,0.870192,0.3750
24374000,4803.838539,1189,82,0.865371,0.3516
24376000,4979.934167,1197,72,0.866816,0.2656
24378000,4755.984767,1221,67,0.828916,0.3125
24380000,4787.966508,1225,61,0.835901,0.2891
24382000,5198.002238,1227,67,0.968435,0.3047
24384000,5327.671535,1240,60,0.968700,0.3438
24386000,5160.853510,1236,60,0.908175,0.3281
24388000,5028.088967,1216,62,0.941712,0.3672
24390000,4988.782059,1214,81,0.931163,0.2891
24392000,4935.666718,1200,79,0.929867,0.3750
24394000,5152.529872,1187,85,0.936730,0.2500
24396000,5274.788467,1216,73,0.935362,0.2734
24398000,5070.084200,1236,58,0.931262,0.2500
24400000,5049.257238,1256,52,0.927547,0.2422
24402000,5268.856939,1238,65,0.924536,0.3594
24404000,5035.299235,1249,48,0.931873,0.2656
24406000,5105.827059,1228,72,0.919902,0.2422
24408000,5057.292350,1232,62,0.944957,0.2656
24410000,5120.060675,1251,62,0.949063,0.2891
24412000,5189.890779,1261,54,0.920821,0.2344
24414000,5125.661655,1242,61,0.917006,0.2812
24416000,5303.481062,1243,62,0.934213,0.2656
24418000,5290.915824,1240,63,0.932613,0.3047
24420000,4713.705171,1240,58,0.887199,0.2188
24422000,4988.420487,1203,68,0.910362,0.3281
24424000,4867.135598,1210,75,0.918242,0.3281
24426000,4781.791163,1210,84,0.902073,0.3594
24428000,4694.112550,1230,74,0.906953,0.3203
24430000,4727.322539,1227,61,0.917078,0.2422
24432000,4676.150876,1238,65,0.937401,0.2734
24434000,4537.881982,1237,51,0.924388,0.2031
24436000,4414.083655,1222,70,0.874139,0.2656
24438000,4215.949211,1253,52,0.846792,0.3125
24440000,4205.619615,1232,69,0.869538,0.3125
24442000,4227.997327,1242,53,0.833505,0.2656
24444000,4291.653115,1251,64,0.854293,0.2500
24446000,4602.258831,1235,72,0.822941,0.2969
24448000,4628.898552,1234,64,0.817193,0.2188
24450000,4567.464590,1229,68,0.927838,0.2578
24452000,4579.839643,1231,64,0.938611,0.3203
24454000,4467.647654,1217,62,0.930694,0.2500
24456000,4454.309878,1236,63,0.940947,0.2266
24458000,4501.756462,1221,76,0.938259,0.3828
24460000,4337.334111,1229,65,0.896458,0.3281
24462000,4288.689627,1234,64,0.878949,0.2578
24464000,4641.333575,1214,79,0.923513,0.2656
24466000,4551.834559,1236,61,0.921019,0.2891
24468000,4510.158108,1223,77,0.873463,0.2266
24470000,4472.601875,1216,73,0.877890,0.2891
24472000,4492.552220,1230,72,0.875306,0.3281
24474000,4670.957470,1225,65,0.899044,0.3516
24476000,4697.521875,1214,79,0.895116,0.2422
24478000,4802.197356,1217,81,0.895783,0.3125
24480000,4889.639383,1215,79,0.907135,0.2969
24482000,5056.933758,1202,76,0.915477,0.3516
24484000,5159.371211,1213,67,0.946145,0.2656
24486000,5086.469055,1207,61,0.936137,0.3281
24488000,5052.299291,1204,69,0.936742,0.2188
24490000,5097.104630,1200,86,0.952840,0.2812
24492000,5122.540142,1220,73,0.959249,0.3125
24494000,5140.948678,1222,60,0.968517,0.2266
24496000,5409.674334,1225,63,0.953699,0.3281
24498000,5334.296091,1222,73,0.954104,0.2891
24500000,5045.931891,1222,68,0.919672,0.2656
24502000,4937.207099,1209,76,0.917052,0.3359
24504000,4946.754167,1211,80,0.904223,0.2812
24506000,4817.524623,1205,67,0.912088,0.2969
24508000,5083.055622,1227,75,0.870573,0.2656
24510000,4773.331750,1225,77,0.803375,0.2891
24512000,4928.206926,1241,56,0.867095,0.2656
24514000,4960.677704,1228,62,0.868815,0.2969
24516000,4421.016390,1211,75,0.915535,0.2266
24518000,4411.552624,1195,84,0.911421,0.3125
24520000,4351.138704,1204,70,0.913692,0.2734
24522000,4450.767535,1207,73,0.912967,0.2891
24524000,4261.197155,1215,76,0.904745,0.2578
24526000,4136.155960,1211,62,0.880715,0.2500
24528000,3922.453160,1239,64,0.882923,0.3203
24530000,4176.606134,1242,65,0.895666,0.2344
24532000,4073.982126,1245,72,0.851852,0.2344
24534000,4155.801596,1245,69,0.895158,0.3281
24536000,3806.343919,1232,76,0.774464,0.2969
24538000,3894.144732,1199,80,0.799542,0.2969
24540000,4192.827670,1192,84,0.794272,0.2734
24542000,4090.846959,1204,81,0.790419,0.3203
24544000,4215.988952,1203,75,0.845776,0.2969
24546000,4075.482459,1233,58,0.804306,0.2578
24548000,4109.868211,1223,80,0.812919,0.2734
24550000,3974.175400,1234,57,0.852392,0.3750
24552000,3875.385120,1207,81,0.867228,0.2266
24554000,3668.365830,1220,69,0.688168,0.2734
24556000,3234.842895,1222,65,0.595874,0.2578
24558000,3041.444790,1224,62,0.803661,0.2422
24560000,3208.491395,1205,72,0.797061,0.2188
24562000,3378.232806,1214,74,0.891964,0.3438
24564000,3368.685990,1231,59,0.878496,0.2578
24566000,3211.923123,1198,65,0.872021,0.2500
24568000,3234.309891,1205,68,0.872457,0.2500
24570000,3013.953975,1203,76,0.820955,0.3281
24572000,3237.350583,1184,78,0.870139,0.3047
24574000,3073.199667,1209,71,0.832829,0.3203
24576000,3322.937879,1229,65,0.883196,0.2891
24578000,3338.424335,1223,79,0.882839,0.3438
24580000,3296.241000,1232,60,0.870791,0.2344
24582000,3511.047020,1206,67,0.931261,0.3594
24584000,3388.309947,1211,71,0.924174,0.3125
24586000,3323.668191,1215,64,0.781378,0.2812
24588000,3453.983630,1219,65,0.893847,0.2266
24590000,3202.025678,1203,74,0.901075,0.3281
24592000,3281.067127,1197,73,0.860154,0.3281
24594000,3236.316015,1202,60,0.828224,0.3047
24596000,3255.675710,1214,68,0.859714,0.2812
24598000,3321.796270,1216,59,0.844764,0.2344
24600000,3260.200047,1227,66,0.859848,0.3906
24602000,3206.117976,1240,54,0.851676,0.3203
24604000,3218.196471,1224,63,0.883676,0.2891
24606000,3321.932555,1201,75,0.891507,0.2656
24608000,2993.752110,1180,84,0.870769,0.2344
24610000,3050.084700,1177,86,0.892772,0.3047
24612000,3120.978316,1160,96,0.871133,0.3359
24614000,3160.998991,1197,63,0.856567,0.1484
24616000,2852.986115,1196,77,0.815640,0.2656
24618000,3344.306175,1210,79,0.898434,0.2344
24620000,3233.605735,1196,75,0.893573,0.3359
24622000,3189.251195,1208,71,0.896910,0.3359
24624000,3291.796958,1213,70,0.893424,0.2578
24626000,3190.419691,1202,78,0.902740,0.2578
24628000,3212.422438,1209,73,0.892503,0.2891
24630000,3247.972115,1220,68,0.854341,0.3203
24632000,3080.694807,1229,63,0.874364,0.2422
24634000,2936.464471,1213,77,0.790379,0.3203
24636000,2917.613600,1215,62,0.800456,0.2891
24638000,2927.439175,1201,61,0.799015,0.2812
24640000,2623.513651,1208,60,0.580847,0.2344
24642000,2544.564630,1174,76,0.610069,0.2969
24644000,2141.634479,1191,88,0.437150,0.2344
24646000,2141.979275,1194,72,0.409721,0.2969
24648000,2424.984944,1174,78,0.384786,0.2969
24650000,2586.349767,1187,79,0.792155,0.2734
24652000,2664.583275,1178,93,0.778410,0.3906
24654000,2421.218024,1184,76,0.848609,0.2891
24656000,2399.908670,1178,72,0.858630,0.3359
24658000,2356.628907,1177,82,0.866760,0.3281
24660000,2345.627198,1190,86,0.872783,0.3125
24662000,2387.512055,1202,76,0.880280,0.3047
24664000,2663.253670,1194,76,0.876565,0.3047
24666000,2506.729535,1199,78,0.795074,0.3281
24668000,2267.280470,1197,76,0.639637,0.2656
24670000,2835.642446,1192,75,0.800663,0.2500
24672000,2859.502335,1184,69,0.766163,0.3203
24674000,3294.501427,1184,73,0.925342,0.2734
24676000,3156.910515,1170,73,0.917008,0.2969
24678000,3077.416703,1168,78,0.829162,0.2656
24680000,3280.396598,1196,73,0.922214,0.2734
24682000,3015.511788,1213,55,0.883407,0.2969
24684000,3006.680056,1209,71,0.929319,0.3047
24686000,2819.518950,1196,66,0.728148,0.2500
24688000,2902.780811,1186,68,0.839872,0.3047
24690000,3093.395270,1218,70,0.863414,0.3047
24692000,3401.466927,1210,74,0.911236,0.2109
24694000,3455.543184,1200,65,0.914671,0.3828
24696000,3440.174716,1210,68,0.905756,0.2656
24698000,2590.771584,1208,75,0.824046,0.2734
24700000,3097.956220,1197,75,0.764724,0.2812
24702000,3052.562535,1214,59,0.757091,0.3125
24704000,2880.332659,1216,58,0.772847,0.2734
24706000,3537.821950,1216,67,0.929853,0.2422
24708000,3570.598499,1198,71,0.932171,0.3203
24710000,3511.557110,1217,71,0.932586,0.2031
24712000,3507.491614,1203,67,0.934427,0.3203
24714000,3484.744028,1193,71,0.927995,0.2969
24716000,3555.589763,1178,72,0.911980,0.3125
24718000,3467.396783,1190,75,0.905260,0.3438
24720000,3486.763356,1190,78,0.882835,0.2969
24722000,3578.540126,1203,58,0.882594,0.2734
24724000,3455.512860,1211,62,0.888309,0.3359
24726000,3556.921755,1187,81,0.930897,0.2812
24728000,3411.805023,1172,89,0.903793,0.3359
24730000,3258.491000,1200,73,0.907910,0.2656
24732000,3148.182675,1204,65,0.915690,0.2422
24734000,3157.704415,1214,71,0.914137,0.3516
24736000,3261.495687,1196,66,0.924839,0.3281
24738000,3202.358616,1194,81,0.919924,0.3594
24740000,3164.803387,1199,81,0.921339,0.3047
24742000,3146.378238,1207,74,0.915243,0.2812
24744000,3217.073350,1208,70,0.918904,0.3047
24746000,3164.718967,1206,69,0.917328,0.3438
24748000,3355.130208,1209,62,0.942730,0.3047
24750000,3358.584643,1214,66,0.931527,0.2734
24752000,3304.570967,1206,70,0.923806,0.2500
24754000,3226.304371,1186,92,0.942903,0.2422
24756000,3191.733180,1196,79,0.930510,0.3047
24758000,3252.567659,1195,71,0.916784,0.2578
24760000,3255.363351,1193,59,0.924134,0.2578
24762000,3165.707035,1190,69,0.887850,0.2500
24764000,3148.193559,1187,75,0.881658,0.2969
24766000,3293.752462,1202,63,0.918874,0.2656
24768000,3376.858656,1196,61,0.928506,0.2109
24770000,3386.432160,1212,68,0.917760,0.2578
24772000,3427.248632,1193,75,0.902391,0.2812
24774000,3378.215923,1210,59,0.894108,0.3125
24776000,3443.462691,1216,74,0.907349,0.3672
24778000,3414.337340,1237,51,0.916427,0.2266
24780000,3277.077150,1228,56,0.895916,0.1953
24782000,3210.269135,1211,66,0.883143,0.2656
24784000,3291.664219,1214,73,0.885062,0.2578
24786000,3303.339038,1211,72,0.841513,0.2969
24788000,3200.539591,1209,75,0.876722,0.3047
24790000,3223.374748,1201,72,0.825208,0.3047
24792000,3360.288667,1197,62,0.915612,0.2578
24794000,3297.047228,1189,74,0.915848,0.3203
24796000,2986.584555,1211,71,0.804108,0.3125
24798000,3067.892735,1216,59,0.817468,0.2188
24800000,2989.890700,1196,72,0.883076,0.2812
24802000,2643.516127,1173,72,0.805218,0.2656
24804000,2499.916768,1158,83,0.798201,0.3203
24806000,2697.920571,1183,73,0.766226,0.2656
24808000,2681.861884,1185,80,0.857625,0.2734
24810000,2802.259219,1186,83,0.857243,0.3203
24812000,2446.982887,1223,69,0.775997,0.3047
24814000,2785.617804,1225,56,0.817106,0.2266
24816000,2959.670423,1237,55,0.899231,0.2969
24818000,2808.890715,1255,54,0.891221,0.2031
24820000,2902.321055,1216,64,0.895174,0.2656
24822000,3079.153455,1196,83,0.877135,0.2969
24824000,3440.427326,1220,69,0.836187,0.3203
24826000,3419.930643,1233,62,0.810517,0.2734
24828000,3513.981839,1218,76,0.831732,0.2734
24830000,3861.346175,1230,55,0.919775,0.2969
24832000,3678.748167,1229,61,0.841584,0.2734
24834000,3932.415414,1229,71,0.905369,0.3047
24836000,3990.939743,1231,56,0.910294,0.2344
24838000,4188.291487,1224,60,0.911884,0.2734
24840000,4164.101827,1223,56,0.940823,0.2578
24842000,3736.494971,1213,81,0.932676,0.3047
24844000,3808.602278,1207,70,0.926954,0.2734
24846000,3308.031630,1222,61,0.792978,0.2188
24848000,3624.696315,1217,69,0.787159,0.2344
24850000,3091.031510,1207,72,0.551949,0.3125
24852000,3391.963875,1196,83,0.663448,0.2422
24854000,3328.831835,1199,78,0.665850,0.3047
24856000,4082.306262,1176,87,0.922942,0.3359
24858000,4139.453036,1196,86,0.865823,0.3125
24860000,3878.347147,1194,80,0.869116,0.2891
24862000,4071.985390,1179,79,0.886017,0.2500
24864000,4055.387110,1182,78,0.893562,0.3125
24866000,4093.156851,1185,71,0.919662,0.3281
24868000,4492.544444,1191,81,0.907843,0.3047
24870000,4456.635374,1192,76,0.909155,0.2578
24872000,4591.986702,1170,76,0.910911,0.2422
24874000,4357.998043,1178,72,0.906670,0.3203
24876000,4215.253292,1213,72,0.877740,0.2500
24878000,4301.755811,1205,71,0.905418,0.2969
24880000,4479.440220,1220,65,0.951318,0.3516
24882000,4463.565975,1228,61,0.947538,0.1797
24884000,4399.126892,1206,67,0.942226,0.3203
24886000,4202.516279,1199,81,0.941564,0.3203
24888000,3930.594867,1225,65,0.868160,0.2500
24890000,4437.438415,1234,54,0.950735,0.2812
24892000,4478.394415,1233,66,0.940674,0.2656
24894000,4343.795868,1229,79,0.938731,0.4375
24896000,4332.325824,1215,63,0.942443,0.3516
24898000,4069.846048,1198,67,0.749980,0.2891
24900000,4267.456987,1189,74,0.906109,0.3516
24902000,4160.699340,1168,84,0.918493,0.2891
24904000,4211.761427,1180,69,0.929746,0.2500
24906000,4173.289351,1223,68,0.929053,0.2891
24908000,4125.474716,1219,66,0.933687,0.2891
24910000,4635.113200,1205,74,0.945357,0.2891
24912000,4635.133782,1192,63,0.945754,0.3516
24914000,4448.271840,1189,81,0.953610,0.2891
24916000,4617.628375,1173,95,0.958783,0.3281
24918000,4467.936023,1207,82,0.955337,0.3047
24920000,4272.371235,1201,72,0.856409,0.3047
24922000,4430.727686,1182,77,0.822110,0.2656
24924000,4402.379767,1206,67,0.828794,0.2891
24926000,4572.592526,1197,75,0.830931,0.2266
24928000,4944.901599,1222,63,0.950917,0.2578
24930000,4697.129824,1224,57,0.899881,0.3047
24932000,4664.128958,1210,66,0.897246,0.2891
24934000,4788.619630,1213,60,0.944578,0.2344
24936000,4639.831004,1219,64,0.905042,0.2578
24938000,4534.781212,1200,73,0.894448,0.3125
24940000,4196.960156,1190,74,0.831105,0.3047
24942000,4784.173079,1217,61,0.934476,0.2578
24944000,4765.899875,1211,68,0.929690,0.2266
24946000,4762.928067,1210,74,0.942280,0.2812
24948000,4777.166198,1215,68,0.943901,0.3516
24950000,4605.580915,1224,59,0.930766,0.1953
24952000,5020.156198,1194,75,0.946214,0.2422
24954000,4722.749523,1221,54,0.931664,0.2188
24956000,4746.714156,1221,66,0.932362,0.3594
24958000,4709.053500,1219,75,0.933288,0.3281
24960000,4757.639055,1223,72,0.933340,0.3047
24962000,4649.791180,1220,82,0.929797,0.3203
24964000,4701.490075,1192,82,0.939861,0.3906
24966000,4636.729971,1225,67,0.926333,0.3203
24968000,4318.719803,1200,81,0.890217,0.3359
24970000,4487.290120,1202,77,0.917443,0.3359
24972000,4453.333015,1174,76,0.918714,0.2891
24974000,4957.842479,1200,76,0.963870,0.2266
24976000,4831.469750,1202,63,0.910091,0.2188
24978000,4891.451614,1194,80,0.912909,0.3438
24980000,4371.509320,1198,72,0.902741,0.3359
24982000,4341.688182,1192,67,0.917206,0.3125
24984000,4283.746819,1220,63,0.907316,0.2578
24986000,4196.047022,1186,69,0.907701,0.2812
24988000,4290.107164,1189,57,0.910360,0.2656
24990000,4360.199740,1209,71,0.934712,0.3516
24992000,4347.341015,1200,74,0.931903,0.2812
24994000,4533.687967,1189,65,0.924601,0.3125
24996000,4521.582431,1176,70,0.940201,0.3125
24998000,5019.500503,1168,87,0.910069,0.3828
25000000,4938.957286,1187,71,0.913901,0.2422
