step,rg2,perim,cycles,asph,movfrac
2000,1124.912315,1201,70,0.467486,0.2500
4000,1072.597264,1199,82,0.461007,0.3125
6000,1013.946918,1166,89,0.435455,0.2812
8000,989.532735,1152,91,0.443670,0.2969
10000,917.729075,1169,93,0.431527,0.3281
12000,896.466059,1189,91,0.420444,0.3516
14000,886.503299,1187,81,0.417038,0.2891
16000,875.391014,1176,66,0.418375,0.2734
18000,772.442115,1162,71,0.171554,0.3594
20000,761.006678,1165,93,0.166066,0.3828
22000,749.886575,1157,88,0.154256,0.4219
24000,723.174822,1164,80,0.115393,0.3203
26000,725.801291,1144,84,0.105042,0.3672
28000,671.388447,1152,81,0.026153,0.3281
30000,605.891014,1148,76,0.055297,0.2578
32000,598.478110,1152,79,0.055295,0.3359
34000,585.693584,1154,79,0.045598,0.2422
36000,582.077195,1121,93,0.050100,0.3906
38000,578.237264,1120,93,0.046745,0.3047
40000,563.892860,1140,83,0.059578,0.2812
42000,565.774463,1147,69,0.050190,0.2969
44000,567.115915,1157,79,0.046164,0.3359
46000,569.942968,1146,86,0.058947,0.2812
48000,549.141510,1140,81,0.053615,0.2969
50000,536.484163,1129,89,0.056336,0.3906
52000,531.543099,1116,85,0.070340,0.3125
54000,520.780300,1135,84,0.057819,0.3203
56000,535.933155,1137,80,0.060810,0.2969
58000,513.025750,1132,73,0.029135,0.3359
60000,500.275131,1141,75,0.030275,0.3438
62000,504.415851,1160,75,0.004549,0.3516
64000,492.591920,1164,75,0.003602,0.3047
66000,501.396416,1171,68,0.003297,0.2500
68000,487.533087,1145,85,0.004226,0.3125
70000,491.706844,1136,79,0.003168,0.3047
72000,492.194550,1158,85,0.001958,0.3438
74000,479.373139,1145,86,0.000283,0.2656
76000,478.818486,1136,98,0.000672,0.2578
78000,475.832046,1135,95,0.000035,0.3438
80000,473.885510,1144,78,0.000148,0.2344
82000,480.758192,1131,84,0.000747,0.3984
84000,478.730134,1141,87,0.000059,0.4453
86000,472.573031,1136,81,0.000260,0.3438
88000,461.744535,1129,93,0.001035,0.2734
90000,457.142700,1142,84,0.000071,0.3125
92000,453.139228,1139,89,0.000367,0.2969
94000,455.444796,1146,74,0.000779,0.2188
96000,457.066460,1161,87,0.004671,0.2891
98000,449.087375,1155,75,0.003870,0.3359
100000,435.060039,1141,74,0.002015,0.2109
102000,440.524236,1141,83,0.002338,0.3281
104000,435.986911,1163,77,0.002145,0.3125
106000,438.314918,1158,78,0.000628,0.3828
108000,438.931702,1159,61,0.001524,0.3672
110000,435.178555,1144,95,0.002009,0.2969
112000,427.170550,1118,97,0.002132,0.3438
114000,420.492024,1120,79,0.000453,0.3906
116000,413.719443,1126,71,0.000368,0.2422
118000,412.655511,1107,91,0.000454,0.3594
120000,411.782875,1096,92,0.000528,0.3047
122000,401.758147,1116,82,0.000302,0.3438
124000,405.000111,1132,70,0.000210,0.4219
126000,403.326566,1121,79,0.000969,0.2891
128000,405.454156,1123,75,0.000715,0.3594
130000,407.472347,1091,91,0.002182,0.3906
132000,415.550963,1106,88,0.004699,0.4297
134000,402.046411,1085,88,0.003685,0.2578
136000,400.876343,1077,88,0.002041,0.2891
138000,400.765951,1080,94,0.001710,0.3594
140000,404.323228,1098,88,0.001644,0.3672
142000,398.613070,1097,104,0.006574,0.3047
144000,403.963982,1082,90,0.010249,0.2969
146000,397.397606,1090,89,0.011846,0.4062
148000,400.140079,1082,115,0.008305,0.4844
150000,401.453334,1084,107,0.006936,0.3750
152000,403.742348,1081,98,0.008198,0.3281
154000,401.033804,1101,90,0.010615,0.3359
156000,403.792950,1103,86,0.011508,0.3438
158000,404.394286,1102,102,0.013760,0.3516
160000,398.366918,1094,96,0.009454,0.3672
162000,385.740224,1069,91,0.004760,0.3047
164000,385.860636,1085,102,0.004687,0.3516
166000,386.613598,1094,80,0.004383,0.4141
168000,398.249884,1102,86,0.006243,0.3203
170000,398.599307,1105,80,0.000655,0.3594
172000,400.361990,1091,103,0.000223,0.3906
174000,405.865135,1119,79,0.000966,0.3047
176000,401.845900,1110,94,0.002474,0.3359
178000,398.217467,1110,82,0.001602,0.3828
180000,401.918635,1109,85,0.001144,0.3203
182000,389.668275,1104,93,0.001905,0.3203
184000,383.779280,1087,97,0.001224,0.4062
186000,388.048147,1069,111,0.001416,0.3516
188000,389.112687,1082,99,0.003231,0.3047
190000,385.193422,1068,94,0.002550,0.2656
192000,392.415519,1089,89,0.006517,0.2812
194000,387.002363,1080,91,0.004356,0.2734
196000,388.768747,1098,80,0.007788,0.3828
198000,393.503454,1097,78,0.006439,0.3828
200000,402.755726,1102,73,0.006888,0.3281
202000,400.146446,1102,88,0.004367,0.3359
204000,404.797927,1082,102,0.005171,0.3438
206000,398.658844,1077,96,0.005081,0.3281
208000,402.037744,1068,106,0.002276,0.3047
210000,405.561100,1068,96,0.001776,0.3906
212000,400.262411,1065,110,0.002647,0.3281
214000,402.573307,1075,99,0.006895,0.2969
216000,398.271495,1070,106,0.009997,0.3438
218000,393.861606,1081,95,0.008454,0.4453
220000,395.239779,1088,96,0.006380,0.3125
222000,395.114968,1079,105,0.005112,0.4375
224000,388.718686,1076,103,0.007735,0.3516
226000,389.380508,1064,97,0.003396,0.3359
228000,389.609056,1073,108,0.002728,0.3125
230000,392.210540,1058,103,0.001524,0.4453
232000,397.826390,1062,127,0.000884,0.4141
234000,392.155280,1048,104,0.000179,0.4062
236000,388.523215,1040,102,0.000800,0.4062
238000,385.103067,1068,99,0.000086,0.4609
240000,388.516787,1067,93,0.003647,0.3359
242000,389.028230,1074,97,0.000329,0.3750
244000,387.441660,1072,98,0.004699,0.3594
246000,385.102515,1064,105,0.002194,0.3828
248000,392.260620,1076,86,0.002620,0.3047
250000,388.573190,1064,85,0.002659,0.3203
252000,387.668894,1057,100,0.001622,0.2812
254000,383.808087,1079,94,0.006059,0.3047
256000,381.026572,1071,85,0.004398,0.3125
258000,374.973804,1056,102,0.006651,0.3047
260000,373.568332,1051,104,0.006121,0.4062
262000,365.939820,1053,96,0.002804,0.3203
264000,366.431151,1044,112,0.000757,0.3516
266000,368.276182,1065,108,0.001628,0.3672
268000,365.486608,1082,89,0.001236,0.2891
270000,361.468438,1060,108,0.001246,0.3594
272000,355.256131,1039,115,0.003743,0.3203
274000,355.364691,1027,123,0.003245,0.3594
276000,360.255615,1048,108,0.007020,0.4297
278000,367.498710,1048,94,0.007344,0.3281
280000,367.492515,1029,104,0.009138,0.3984
282000,372.143612,1033,104,0.011071,0.3125
284000,380.590019,1053,98,0.009848,0.3359
286000,386.194286,1056,104,0.007346,0.4062
288000,383.049774,1065,96,0.006891,0.3750
290000,379.864695,1076,81,0.005931,0.4062
292000,387.584454,1082,100,0.004337,0.3359
294000,387.579916,1094,91,0.003699,0.3672
296000,379.814968,1070,99,0.002349,0.2891
298000,390.262679,1100,95,0.004372,0.3750
300000,383.743047,1074,103,0.003020,0.3438
302000,389.897587,1069,101,0.001290,0.4219
304000,388.046851,1066,107,0.000217,0.3359
306000,383.488000,1075,110,0.004254,0.3594
308000,379.352011,1084,99,0.006171,0.3047
310000,375.805095,1078,82,0.013326,0.4297
312000,382.494963,1093,83,0.012192,0.3281
314000,385.336395,1064,102,0.011844,0.3594
316000,381.587304,1061,96,0.008815,0.3281
318000,384.757712,1068,93,0.008854,0.3516
320000,390.350827,1081,96,0.006346,0.3594
322000,388.635446,1113,80,0.008339,0.2578
324000,382.545308,1085,83,0.006598,0.2656
326000,380.014695,1082,89,0.007255,0.3828
328000,385.146431,1097,78,0.008744,0.3906
330000,379.058079,1062,86,0.007114,0.3516
332000,376.189750,1067,100,0.005133,0.3672
334000,372.262300,1042,107,0.002076,0.3359
336000,366.335179,1041,86,0.000799,0.3516
338000,373.712638,1060,92,0.000486,0.3672
340000,369.776590,1061,92,0.002268,0.3359
342000,367.266295,1063,115,0.003163,0.4609
344000,371.018832,1058,98,0.005015,0.3828
346000,376.358118,1064,106,0.003752,0.3672
348000,372.139878,1036,115,0.004487,0.4062
350000,365.348955,1044,125,0.003801,0.4141
352000,369.911310,1045,106,0.001875,0.3438
354000,372.870795,1030,118,0.001687,0.4688
356000,368.505907,1026,112,0.001147,0.4141
358000,372.625950,1041,108,0.004886,0.3516
360000,372.158195,1061,101,0.003884,0.3281
362000,374.542651,1069,97,0.001280,0.3203
364000,371.012350,1072,96,0.001799,0.3125
366000,366.160294,1052,101,0.003915,0.3047
368000,367.972467,1064,103,0.006240,0.3203
370000,365.926686,1059,111,0.011136,0.4531
372000,368.103420,1035,113,0.009996,0.4531
374000,369.470910,1050,103,0.006979,0.2969
376000,372.452235,1051,100,0.005871,0.3750
378000,371.106075,1063,93,0.006565,0.3047
380000,364.272540,1064,85,0.005172,0.3828
382000,363.009976,1056,80,0.004040,0.2812
384000,359.678384,1051,99,0.004968,0.3984
386000,359.419980,1053,101,0.004679,0.3594
388000,366.693659,1057,94,0.009342,0.4453
390000,360.724630,1047,102,0.005728,0.3047
392000,363.157870,1057,94,0.005519,0.3281
394000,362.726390,1063,92,0.004242,0.3203
396000,360.316380,1057,101,0.001289,0.2812
398000,357.574040,1060,90,0.003306,0.4531
400000,359.960135,1065,93,0.008329,0.3203
402000,362.901299,1060,92,0.003315,0.4297
404000,365.509840,1075,87,0.004919,0.3047
406000,362.535307,1068,100,0.007782,0.2891
408000,366.900575,1079,90,0.005363,0.3594
410000,368.229611,1068,86,0.006241,0.3203
412000,363.255895,1034,93,0.006846,0.3359
414000,359.912727,1038,107,0.013109,0.3438
416000,365.688012,1026,109,0.016630,0.2734
418000,367.917915,1010,120,0.019957,0.4453
420000,360.993990,1039,91,0.017905,0.4141
422000,364.539342,1050,98,0.019174,0.3125
424000,360.582475,1040,99,0.016882,0.3047
426000,362.179059,1028,105,0.015238,0.4141
428000,361.624651,1023,111,0.022260,0.5156
430000,359.526031,1033,104,0.016691,0.4531
432000,363.946630,1029,98,0.010168,0.3750
434000,363.451072,1053,101,0.009635,0.3203
436000,362.837855,1021,110,0.008054,0.4219
438000,361.210775,1045,99,0.005894,0.3906
440000,354.949086,1034,92,0.006271,0.3984
442000,357.468268,1040,102,0.004770,0.4141
444000,357.879004,1031,104,0.003968,0.3594
446000,368.691151,1050,96,0.006295,0.4609
448000,369.965750,1044,97,0.002813,0.3828
450000,370.315003,1064,97,0.004609,0.3359
452000,369.673491,1059,94,0.005124,0.3828
454000,370.490915,1061,99,0.003399,0.3906
456000,375.829255,1045,98,0.002153,0.3125
458000,376.495740,1052,88,0.001962,0.3359
460000,367.056255,1048,111,0.007186,0.2812
462000,365.382200,1059,102,0.004277,0.3203
464000,362.926615,1047,106,0.001504,0.3438
466000,364.589635,1058,88,0.000105,0.2969
468000,367.493295,1057,96,0.000528,0.2266
470000,366.549344,1049,92,0.001339,0.3125
472000,362.605180,1040,101,0.002261,0.3359
474000,364.703947,1053,108,0.002043,0.3672
476000,368.617475,1034,102,0.007896,0.3672
478000,361.256883,1035,108,0.008295,0.2812
480000,356.204115,1031,112,0.008463,0.4844
482000,361.341820,1018,108,0.005440,0.4297
484000,360.611915,1025,107,0.006059,0.3828
486000,363.525263,1037,109,0.002290,0.3750
488000,358.621222,1039,105,0.002234,0.3828
490000,361.884147,1038,86,0.001473,0.3516
492000,363.154215,1065,87,0.001196,0.3359
494000,369.123835,1078,89,0.005195,0.3359
496000,371.300615,1076,88,0.012102,0.3438
498000,371.942279,1045,94,0.010493,0.4297
500000,366.299527,1030,102,0.009705,0.3125
502000,365.152380,1032,115,0.009613,0.3359
504000,364.530958,1044,89,0.009879,0.3203
506000,364.809563,1064,106,0.013884,0.3984
508000,363.243438,1081,85,0.007982,0.4062
510000,365.520551,1072,91,0.007858,0.4219
512000,367.467408,1073,102,0.008371,0.4219
514000,361.582615,1047,95,0.006594,0.3359
516000,355.381900,1035,95,0.007405,0.3984
518000,356.230619,1034,111,0.003816,0.3828
520000,351.091371,1035,107,0.003209,0.4375
522000,357.608750,1041,105,0.005249,0.4375
524000,365.050950,1055,97,0.003558,0.3828
526000,356.704615,1052,99,0.004073,0.4453
528000,357.976926,1054,83,0.003760,0.3516
530000,352.378171,1048,108,0.003859,0.3750
532000,352.262119,1045,94,0.005281,0.3516
534000,348.491531,1024,116,0.002963,0.3984
536000,357.175931,1045,105,0.003008,0.3594
538000,359.957302,1044,113,0.010112,0.3750
540000,360.845416,1039,103,0.008054,0.4062
542000,358.645390,1052,105,0.006489,0.3359
544000,356.536444,1046,96,0.009527,0.3125
546000,364.182623,1057,97,0.011904,0.4375
548000,367.274655,1043,106,0.008665,0.4375
550000,371.876000,1055,102,0.008423,0.4766
552000,368.933560,1046,108,0.006271,0.3203
554000,363.269878,1036,99,0.011573,0.4453
556000,361.867015,1044,102,0.011703,0.3281
558000,364.066140,1043,90,0.006525,0.3516
560000,367.931180,1040,102,0.008247,0.3672
562000,366.964415,1033,116,0.007248,0.3672
564000,371.803116,1059,100,0.005033,0.2891
566000,370.228902,1061,93,0.001981,0.3594
568000,368.064543,1066,84,0.001145,0.2812
570000,368.550430,1063,90,0.003169,0.2969
572000,365.843900,1052,97,0.002853,0.3359
574000,370.190540,1036,110,0.006021,0.3438
576000,366.644988,1053,101,0.006090,0.3359
578000,365.209543,1058,99,0.004148,0.4453
580000,366.174239,1037,98,0.008133,0.3984
582000,367.221075,1050,96,0.016921,0.3281
584000,364.643787,1037,103,0.015734,0.4141
586000,365.273763,1033,98,0.013972,0.3828
588000,378.549584,1058,100,0.014951,0.3359
590000,372.985254,1070,99,0.020135,0.3750
592000,369.115950,1054,92,0.026723,0.3516
594000,371.218886,1047,100,0.031009,0.3047
596000,374.600591,1052,98,0.027465,0.2500
598000,373.345750,1061,100,0.028452,0.3359
600000,374.249518,1033,104,0.037843,0.3281
602000,376.821070,1050,86,0.033007,0.4141
604000,374.410367,1047,103,0.026242,0.4609
606000,377.276822,1059,88,0.026486,0.2031
608000,374.145356,1078,86,0.021936,0.3203
610000,375.724003,1086,89,0.024881,0.2656
612000,368.351774,1057,89,0.026991,0.3125
614000,368.047539,1057,99,0.020555,0.3438
616000,368.575398,1043,115,0.020901,0.2969
618000,367.657711,1067,103,0.022809,0.4219
620000,368.218667,1021,130,0.024336,0.3438
622000,360.468503,1025,115,0.020561,0.5234
624000,363.398275,1025,108,0.022625,0.4375
626000,365.234383,1027,112,0.021006,0.4141
628000,359.470000,1022,101,0.019083,0.4531
630000,364.313091,1049,87,0.017975,0.3672
632000,368.760646,1049,97,0.014255,0.4531
634000,369.558028,1061,103,0.012005,0.3828
636000,372.803638,1051,97,0.017246,0.3594
638000,373.971459,1060,105,0.009862,0.4375
640000,375.443832,1069,90,0.007007,0.3828
642000,382.921975,1078,88,0.005852,0.3047
644000,392.940975,1085,93,0.007335,0.3516
646000,390.545510,1098,91,0.010614,0.3672
648000,383.540232,1071,92,0.002094,0.3672
650000,382.751987,1081,88,0.002553,0.2969
652000,385.868231,1078,93,0.001696,0.2969
654000,391.737887,1095,77,0.004160,0.3516
656000,392.123918,1069,102,0.000751,0.3438
658000,385.073254,1040,110,0.001951,0.4531
660000,380.697910,1068,104,0.005340,0.4062
662000,379.559030,1057,105,0.002370,0.3047
664000,381.369016,1053,108,0.005641,0.3672
666000,380.551382,1066,98,0.004222,0.3750
668000,375.755691,1075,91,0.004692,0.3750
670000,365.148544,1067,111,0.005109,0.3516
672000,367.454375,1041,109,0.005697,0.3594
674000,365.938424,1033,104,0.004789,0.3672
676000,371.111804,1050,102,0.004723,0.3516
678000,364.932232,1054,101,0.004332,0.3203
680000,372.948328,1062,99,0.003720,0.3438
682000,373.875032,1056,96,0.002257,0.3594
684000,374.868087,1052,109,0.001293,0.2578
686000,375.351030,1055,106,0.002874,0.4766
688000,369.389359,1064,105,0.002392,0.3438
690000,362.017424,1060,104,0.001753,0.3750
692000,360.718224,1052,107,0.002131,0.3984
694000,358.953799,1057,98,0.002191,0.2969
696000,358.491166,1023,105,0.001618,0.4141
698000,356.407500,1025,104,0.000777,0.3750
700000,359.257259,1045,107,0.000905,0.3594
702000,357.105900,1045,110,0.000501,0.4062
704000,365.808030,1053,112,0.001223,0.4844
706000,359.840214,1051,101,0.002855,0.4609
708000,364.119843,1071,102,0.003652,0.4141
710000,367.203439,1065,100,0.003452,0.3281
712000,363.923879,1065,91,0.004378,0.4062
714000,364.889711,1066,111,0.003350,0.4453
716000,372.776780,1070,104,0.003682,0.3750
718000,377.221228,1075,90,0.000828,0.3516
720000,381.465839,1091,91,0.000822,0.3516
722000,375.362206,1060,102,0.000136,0.2734
724000,373.034556,1058,104,0.000208,0.3438
726000,365.357616,1030,112,0.000612,0.3672
728000,370.384686,1036,92,0.000444,0.4219
730000,373.221504,1055,109,0.000369,0.3984
732000,374.347679,1055,109,0.000132,0.3203
734000,370.655760,1038,127,0.000119,0.4453
736000,364.322187,1027,106,0.000955,0.3594
738000,366.944159,1028,109,0.004424,0.3047
740000,371.477855,1053,117,0.002909,0.3203
742000,357.605175,1050,109,0.001697,0.3516
744000,354.385827,1041,118,0.001012,0.4219
746000,354.857116,1039,97,0.001012,0.4453
748000,355.275308,1039,109,0.001063,0.3203
750000,351.623051,1044,97,0.000115,0.3203
752000,358.962430,1046,111,0.001738,0.4844
754000,352.863983,1053,92,0.000669,0.4062
756000,351.406731,1043,93,0.002450,0.3828
758000,353.616544,1047,76,0.003768,0.3438
760000,355.983215,1058,92,0.004274,0.3594
762000,360.854428,1053,90,0.005810,0.3984
764000,356.736663,1014,109,0.008223,0.3359
766000,367.495414,1021,107,0.005757,0.3359
768000,367.058320,1037,96,0.001753,0.3281
770000,366.958152,1049,109,0.001832,0.3750
772000,367.059616,1035,106,0.000340,0.5000
774000,360.931868,1031,111,0.001138,0.3594
776000,360.872150,1038,114,0.000926,0.3047
778000,365.307723,1028,115,0.000256,0.3359
780000,366.952278,1051,106,0.000151,0.3828
782000,361.857630,1033,103,0.001852,0.3594
784000,352.087711,1014,116,0.000157,0.4141
786000,362.403062,1015,126,0.000459,0.3516
788000,359.607699,1005,116,0.000977,0.3906
790000,366.067404,1033,111,0.002547,0.3906
792000,361.304895,1038,117,0.003179,0.4062
794000,360.021142,1056,92,0.003559,0.3438
796000,365.893976,1050,89,0.007234,0.4531
798000,366.926647,1038,115,0.006746,0.4531
800000,366.115630,1064,86,0.005706,0.2969
802000,368.068686,1045,106,0.002232,0.3672
804000,367.725424,1061,104,0.002362,0.2969
806000,364.192223,1077,96,0.002602,0.3047
808000,364.225807,1051,96,0.001385,0.3516
810000,366.826815,1051,98,0.002170,0.2422
812000,371.835366,1066,88,0.001612,0.2812
814000,366.174312,1063,93,0.001558,0.3359
816000,366.520214,1042,101,0.000859,0.4062
818000,369.861427,1063,94,0.001237,0.2500
820000,372.757174,1060,98,0.000760,0.3672
822000,368.648584,1061,85,0.001212,0.3359
824000,374.879750,1074,102,0.002391,0.4844
826000,375.748694,1092,88,0.002233,0.3359
828000,381.286670,1093,91,0.001176,0.4141
830000,378.308998,1089,88,0.000710,0.3281
832000,377.429966,1082,89,0.001501,0.3359
834000,380.405094,1070,79,0.003251,0.3906
836000,383.187100,1066,93,0.001715,0.4453
838000,385.742790,1063,98,0.002733,0.3984
840000,384.410294,1055,113,0.003808,0.3828
842000,382.497862,1062,97,0.001560,0.3594
844000,376.388528,1082,92,0.001649,0.3516
846000,373.656927,1084,93,0.001604,0.3672
848000,372.646731,1079,84,0.001834,0.2656
850000,378.269840,1091,96,0.003611,0.4453
852000,377.086870,1073,91,0.006112,0.4219
854000,385.784334,1061,103,0.006435,0.3516
856000,382.704903,1070,97,0.006492,0.4219
858000,379.186950,1075,94,0.002581,0.3359
860000,377.415431,1082,99,0.001696,0.2969
862000,380.950224,1090,85,0.001939,0.3906
864000,379.713523,1078,91,0.002431,0.3672
866000,393.799667,1081,93,0.006314,0.3750
868000,382.642887,1087,86,0.006710,0.3203
870000,380.291555,1080,99,0.008777,0.3906
872000,379.371819,1064,106,0.005884,0.3984
874000,384.652078,1060,114,0.005932,0.3359
876000,383.878718,1083,84,0.003767,0.2734
878000,380.762700,1073,84,0.003539,0.2422
880000,378.674876,1076,90,0.003739,0.3438
882000,382.384748,1076,98,0.004953,0.3750
884000,380.446304,1070,106,0.005374,0.3672
886000,383.007846,1061,112,0.002035,0.3359
888000,382.028614,1093,92,0.003640,0.3516
890000,378.029811,1072,104,0.003258,0.2891
892000,375.843571,1070,89,0.001899,0.3125
894000,376.077235,1076,80,0.003912,0.3750
896000,376.555100,1063,90,0.005585,0.2812
898000,381.709875,1089,87,0.004996,0.3750
900000,383.349483,1083,95,0.005845,0.3594
902000,380.934755,1103,84,0.005100,0.3906
904000,381.081939,1092,85,0.003528,0.2969
906000,374.212351,1079,101,0.004617,0.2969
908000,368.218854,1066,106,0.004825,0.4219
910000,378.003014,1048,104,0.001981,0.3359
912000,385.632199,1069,91,0.000921,0.3203
914000,383.231790,1067,95,0.002713,0.3750
916000,378.975750,1053,100,0.001902,0.2812
918000,382.258663,1050,100,0.003046,0.3125
920000,387.190735,1052,104,0.002212,0.3516
922000,382.522515,1040,112,0.001280,0.3281
924000,379.513891,1029,107,0.000614,0.3594
926000,378.320396,1046,97,0.000570,0.4062
928000,378.023430,1048,102,0.000391,0.4531
930000,378.321951,1042,97,0.004223,0.3516
932000,384.435727,1039,124,0.005927,0.4531
934000,372.840862,1054,101,0.005517,0.3828
936000,378.420028,1077,90,0.006843,0.3672
938000,377.501046,1076,78,0.005581,0.3438
940000,372.873350,1049,96,0.006976,0.3047
942000,377.678364,1072,102,0.007076,0.3125
944000,380.577187,1057,120,0.012706,0.2891
946000,382.808144,1051,95,0.012186,0.3984
948000,380.364796,1047,110,0.009607,0.2812
950000,385.716790,1023,128,0.010471,0.4219
952000,384.350014,1054,100,0.010666,0.3984
954000,388.174851,1061,96,0.012210,0.3672
956000,384.176440,1079,101,0.014283,0.3594
958000,378.998479,1053,106,0.016960,0.3984
960000,372.135327,1074,95,0.019271,0.3516
962000,376.174899,1079,95,0.020582,0.2969
964000,374.043375,1025,123,0.023580,0.3906
966000,376.050203,1032,112,0.020527,0.2969
968000,373.331187,1043,100,0.024584,0.3047
970000,371.786855,1040,119,0.003989,0.3828
972000,370.255311,1036,112,0.004680,0.4375
974000,370.811200,1026,115,0.008780,0.3906
976000,372.386278,1034,101,0.001901,0.3359
978000,365.954095,1023,103,0.000241,0.4453
980000,366.301775,1042,105,0.000093,0.3281
982000,366.074615,1048,93,0.003041,0.3359
984000,366.536371,1037,104,0.007581,0.4531
986000,373.793663,1058,83,0.010715,0.3125
988000,375.252763,1082,92,0.011006,0.3281
990000,379.737950,1077,83,0.012535,0.3125
992000,372.897500,1068,92,0.011650,0.3125
994000,374.276486,1080,85,0.014788,0.3594
996000,373.337099,1078,93,0.014983,0.3281
998000,370.852334,1058,97,0.012989,0.3125
1000000,369.804182,1065,96,0.015573,0.3516
1002000,379.166700,1091,80,0.016326,0.3047
1004000,383.508398,1057,99,0.018892,0.3828
1006000,381.033899,1052,103,0.020733,0.4141
1008000,378.939935,1071,99,0.023245,0.3672
1010000,383.056227,1052,108,0.025444,0.4922
1012000,380.713215,1041,103,0.018459,0.3906
1014000,373.230750,1032,112,0.017471,0.4141
1016000,370.917292,1038,109,0.014687,0.3281
1018000,374.935675,1063,97,0.015368,0.4531
1020000,379.722262,1050,98,0.006701,0.3906
1022000,382.969943,1052,90,0.009367,0.4141
1024000,385.810790,1064,102,0.010714,0.4219
1026000,379.651719,1063,102,0.012351,0.3047
1028000,382.616140,1054,96,0.021816,0.4922
1030000,376.870120,1049,112,0.031352,0.3203
1032000,382.094747,1076,92,0.029839,0.4141
1034000,379.652950,1073,86,0.022773,0.3594
1036000,387.318675,1088,109,0.024691,0.3828
1038000,378.205790,1075,102,0.017181,0.4141
1040000,375.923062,1104,95,0.016314,0.3750
1042000,372.475935,1081,100,0.020475,0.3828
1044000,371.247990,1077,100,0.025690,0.2891
1046000,367.056627,1050,114,0.022045,0.3125
1048000,362.081019,1050,100,0.020208,0.2891
1050000,361.240123,1048,103,0.023093,0.3828
1052000,362.992312,1068,92,0.020504,0.2969
1054000,363.419039,1055,94,0.021160,0.3906
1056000,370.882243,1075,102,0.023216,0.2734
1058000,373.182254,1061,96,0.022771,0.3750
1060000,374.509203,1064,102,0.027271,0.3438
1062000,379.383820,1052,121,0.028402,0.4062
1064000,375.980255,1049,103,0.026979,0.4219
1066000,382.794934,1066,92,0.022091,0.3359
1068000,384.939324,1076,95,0.024521,0.3594
1070000,378.702719,1061,105,0.019217,0.3828
1072000,376.879791,1082,90,0.023809,0.3359
1074000,385.700743,1080,91,0.020798,0.3125
1076000,382.857215,1087,86,0.018490,0.3828
1078000,382.821935,1073,99,0.009100,0.3828
1080000,377.726742,1058,103,0.016934,0.4141
1082000,366.188587,1043,109,0.015631,0.3984
1084000,361.586750,1034,105,0.008997,0.4531
1086000,365.412430,1056,88,0.006878,0.2422
1088000,363.966878,1060,80,0.009729,0.2812
1090000,363.304083,1050,88,0.010180,0.3438
1092000,370.932828,1058,99,0.011462,0.4375
1094000,364.258864,1030,110,0.010254,0.3672
1096000,363.760131,1019,128,0.011177,0.4062
1098000,362.924127,1046,90,0.011055,0.3672
1100000,360.024407,1035,106,0.013048,0.3125
1102000,362.225180,1014,124,0.011464,0.3281
1104000,355.005595,1013,118,0.015154,0.3672
1106000,361.767227,1023,109,0.009521,0.3984
1108000,355.761110,1033,111,0.006881,0.3281
1110000,365.488582,1045,103,0.004746,0.4922
1112000,366.226035,1074,101,0.002940,0.3125
1114000,359.641587,1073,98,0.004757,0.3672
1116000,363.321488,1059,102,0.004191,0.4531
1118000,364.701686,1065,86,0.003875,0.3281
1120000,362.552812,1044,114,0.007924,0.4297
1122000,370.876643,1060,102,0.005827,0.4219
1124000,367.625392,1047,101,0.003743,0.3516
1126000,368.436940,1043,93,0.002304,0.3594
1128000,364.543331,1051,107,0.001822,0.3516
1130000,362.798800,1057,126,0.003611,0.4609
1132000,370.520451,1071,101,0.002247,0.3828
1134000,366.270287,1061,99,0.002307,0.3984
1136000,370.774168,1063,98,0.003312,0.3047
1138000,369.981695,1086,97,0.003751,0.4062
1140000,365.292168,1059,98,0.005394,0.3984
1142000,370.198742,1084,70,0.008027,0.2578
1144000,373.706894,1090,85,0.008385,0.2734
1146000,370.714599,1073,88,0.010318,0.4141
1148000,368.904542,1070,93,0.007796,0.3594
1150000,370.097071,1070,86,0.005538,0.3594
1152000,377.173102,1068,97,0.005991,0.2656
1154000,373.525451,1061,94,0.003200,0.2734
1156000,375.711150,1075,94,0.007504,0.3984
1158000,373.278783,1051,113,0.003776,0.3672
1160000,372.587443,1051,99,0.005872,0.3516
1162000,374.395315,1059,105,0.013553,0.3281
1164000,380.780038,1082,84,0.004275,0.3438
1166000,377.348040,1062,92,0.004055,0.4688
1168000,376.483224,1069,88,0.002784,0.3359
1170000,377.338838,1064,96,0.002589,0.3281
1172000,376.629614,1025,111,0.003072,0.2891
1174000,370.981375,1039,114,0.004221,0.3750
1176000,368.863203,1041,106,0.001143,0.3516
1178000,358.889078,1013,109,0.004180,0.4531
1180000,349.847583,1009,105,0.006706,0.4609
1182000,357.071271,1030,97,0.007190,0.3438
1184000,362.292011,1014,113,0.003529,0.3984
1186000,360.103127,1029,102,0.004696,0.3672
1188000,357.012963,1017,108,0.006978,0.4062
1190000,356.595070,1014,108,0.004473,0.3906
1192000,358.919315,1012,108,0.006439,0.3906
1194000,361.970215,1028,98,0.006796,0.3828
1196000,358.534539,1028,102,0.004492,0.3359
1198000,352.322934,1001,117,0.005279,0.4375
1200000,349.343395,1008,104,0.004217,0.3828
1202000,348.441728,1009,115,0.004807,0.3906
1204000,349.742220,1030,113,0.000255,0.4844
1206000,350.647148,1043,91,0.000249,0.4219
1208000,356.080615,1028,101,0.000434,0.3672
1210000,365.812028,1045,113,0.004132,0.3516
1212000,363.809675,1040,106,0.009151,0.3594
1214000,367.583104,1032,102,0.005300,0.2969
1216000,364.202076,1039,98,0.003430,0.3828
1218000,364.097166,1066,87,0.005915,0.3906
1220000,363.783532,1054,94,0.008399,0.3438
1222000,371.405679,1061,92,0.010100,0.3281
1224000,369.983747,1046,114,0.009956,0.3906
1226000,367.577951,1051,111,0.007065,0.3438
1228000,369.234491,1058,93,0.009389,0.3906
1230000,364.621311,1051,80,0.006504,0.3281
1232000,367.795259,1039,104,0.004269,0.3516
1234000,361.786267,1049,109,0.003137,0.3125
1236000,366.646635,1052,97,0.001741,0.3203
1238000,374.228899,1058,99,0.003743,0.3516
1240000,374.598236,1070,86,0.001627,0.2969
1242000,380.491983,1096,77,0.003926,0.3906
1244000,376.224463,1100,84,0.000742,0.3359
1246000,374.441227,1083,92,0.001572,0.3047
1248000,367.343055,1086,98,0.001650,0.3594
1250000,371.963691,1087,88,0.000374,0.4141
1252000,365.822080,1088,95,0.000788,0.3516
1254000,364.729635,1055,102,0.000480,0.3672
1256000,366.056396,1083,94,0.001600,0.3828
1258000,366.294235,1094,80,0.000802,0.3125
1260000,360.504035,1083,85,0.001067,0.3906
1262000,362.049683,1067,114,0.001659,0.4922
1264000,373.308147,1065,96,0.000209,0.3359
1266000,369.097948,1074,89,0.000407,0.3828
1268000,367.565014,1066,90,0.000235,0.3047
1270000,365.049231,1052,110,0.000920,0.4062
1272000,361.238558,1074,90,0.002096,0.2969
1274000,357.363323,1056,89,0.004018,0.3984
1276000,355.704800,1068,88,0.002754,0.2969
1278000,359.011011,1061,97,0.002173,0.3516
1280000,366.533502,1092,86,0.003240,0.3594
1282000,366.693091,1089,90,0.005288,0.3906
1284000,373.210323,1097,89,0.002098,0.4375
1286000,375.656256,1076,82,0.003165,0.3203
1288000,374.205276,1063,92,0.002850,0.3359
1290000,374.459942,1063,104,0.002927,0.3516
1292000,377.745900,1087,97,0.004563,0.3594
1294000,376.463518,1102,69,0.002788,0.2812
1296000,372.114134,1095,84,0.000503,0.3281
1298000,374.129055,1077,113,0.002338,0.3984
1300000,369.015100,1067,89,0.001217,0.2969
1302000,376.964326,1070,86,0.001968,0.3672
1304000,370.347900,1054,99,0.001381,0.4062
1306000,372.851227,1047,97,0.000425,0.4062
1308000,371.649096,1040,110,0.000016,0.3828
1310000,364.510830,1028,115,0.000478,0.4062
1312000,366.712380,1047,100,0.000228,0.3594
1314000,372.427488,1057,88,0.000910,0.3047
1316000,381.635326,1074,75,0.000172,0.3516
1318000,382.839527,1088,87,0.000949,0.3906
1320000,377.603470,1074,87,0.000910,0.3672
1322000,376.679339,1075,99,0.000526,0.2969
1324000,378.719854,1062,87,0.001416,0.2812
1326000,378.648003,1057,101,0.002247,0.5078
1328000,377.486871,1068,101,0.001461,0.2422
1330000,372.722319,1063,106,0.002219,0.3594
1332000,373.092955,1043,105,0.001099,0.4219
1334000,372.427551,1014,110,0.001267,0.3359
1336000,374.554535,1013,118,0.000344,0.3906
1338000,375.738030,1040,122,0.000879,0.5000
1340000,375.511751,1063,97,0.000385,0.3359
1342000,368.031103,1057,112,0.000331,0.3672
1344000,373.485751,1063,96,0.001298,0.4688
1346000,370.891590,1052,102,0.001490,0.2969
1348000,377.436275,1095,86,0.001320,0.3203
1350000,380.662475,1087,88,0.001517,0.3594
1352000,380.433334,1074,90,0.001835,0.2969
1354000,376.281867,1083,89,0.001993,0.2812
1356000,369.154864,1067,92,0.001162,0.4531
1358000,368.263591,1080,92,0.001071,0.4141
1360000,360.218115,1053,90,0.007492,0.4219
1362000,357.541838,1064,96,0.009609,0.3438
1364000,359.286200,1051,98,0.011378,0.3828
1366000,365.302750,1044,105,0.010020,0.3516
1368000,368.132150,1044,106,0.013686,0.3047
1370000,366.871563,1049,103,0.014248,0.3594
1372000,366.588758,1048,103,0.012369,0.4141
1374000,362.079302,1034,104,0.012560,0.3672
1376000,364.731667,1020,105,0.010508,0.3359
1378000,367.095416,1040,96,0.016718,0.3438
1380000,367.528375,1045,102,0.014377,0.4766
1382000,367.279135,1028,111,0.014861,0.3516
1384000,370.274262,1037,105,0.017167,0.3125
1386000,366.528803,1024,109,0.013841,0.4766
1388000,366.940611,1037,102,0.012517,0.3906
1390000,360.781070,1018,118,0.016001,0.3828
1392000,360.136815,1002,116,0.013602,0.3750
1394000,364.975184,1036,119,0.018346,0.3281
1396000,368.418582,1037,109,0.018778,0.3359
1398000,365.021900,1014,120,0.023249,0.5000
1400000,362.009027,1011,111,0.020579,0.3906
1402000,364.413486,1000,125,0.022978,0.3750
1404000,359.803095,1031,111,0.024493,0.3516
1406000,363.740567,1047,100,0.030309,0.3672
1408000,362.862155,1025,112,0.022198,0.3984
1410000,357.017414,1042,103,0.021405,0.3594
1412000,356.947171,1039,96,0.022517,0.3047
1414000,356.339379,1041,95,0.018757,0.3281
1416000,361.313415,1050,98,0.014966,0.3203
1418000,361.145075,1048,96,0.010238,0.3906
1420000,359.025400,1008,103,0.017137,0.4297
1422000,357.224315,1012,114,0.012657,0.3203
1424000,362.571728,1025,106,0.012978,0.4531
1426000,356.907243,1015,115,0.014792,0.4844
1428000,354.174339,1008,114,0.017290,0.3906
1430000,354.501718,989,120,0.017483,0.4609
1432000,356.878435,969,137,0.013609,0.3594
1434000,364.622823,1011,115,0.014353,0.3984
1436000,365.552798,1020,121,0.014280,0.3438
1438000,363.790287,1022,116,0.019581,0.4375
1440000,362.020950,1013,115,0.029505,0.3984
1442000,369.286875,1014,112,0.028343,0.4609
1444000,370.292384,1034,112,0.019771,0.4219
1446000,363.079916,1020,119,0.026890,0.3203
1448000,365.880475,1027,98,0.034862,0.4141
1450000,368.932822,1027,112,0.029587,0.3203
1452000,380.292147,1059,105,0.035400,0.3906
1454000,377.222991,1059,82,0.025434,0.3438
1456000,376.142163,1060,92,0.029376,0.3516
1458000,372.286939,1076,85,0.023506,0.3125
1460000,376.469372,1078,80,0.012493,0.3594
1462000,369.878175,1074,105,0.012759,0.3594
1464000,368.114479,1064,94,0.013888,0.3750
1466000,363.145286,1052,89,0.015657,0.3438
1468000,369.528270,1061,77,0.017780,0.3359
1470000,364.199563,1054,80,0.017724,0.2734
1472000,356.488699,1047,92,0.019225,0.3672
1474000,343.767895,1021,98,0.012343,0.3516
1476000,346.313595,1020,116,0.009871,0.4297
1478000,348.718350,1036,88,0.011918,0.3359
1480000,349.760140,1037,114,0.014955,0.3594
1482000,354.125955,1034,109,0.014403,0.4062
1484000,353.400363,1038,106,0.010942,0.3984
1486000,351.703270,1031,112,0.008098,0.3594
1488000,355.615311,1027,116,0.006173,0.3750
1490000,362.944646,1043,107,0.008461,0.4062
1492000,366.126011,1044,93,0.003936,0.3203
1494000,361.758139,1020,105,0.005623,0.3203
1496000,366.336366,1041,95,0.004699,0.3594
1498000,355.854118,1037,98,0.005297,0.3594
1500000,354.239982,1045,96,0.002781,0.4141
1502000,354.370695,1029,111,0.001983,0.4609
1504000,354.626107,1039,97,0.000242,0.3516
1506000,353.767312,1037,92,0.001709,0.4375
1508000,352.866235,1037,101,0.003103,0.3281
1510000,359.474743,1032,98,0.002900,0.3516
1512000,364.102780,1059,94,0.004129,0.4297
1514000,361.069707,1034,114,0.005661,0.4844
1516000,365.182904,1069,86,0.002049,0.3984
1518000,367.393840,1072,90,0.002255,0.3047
1520000,370.012007,1065,97,0.002355,0.3047
1522000,372.056414,1062,102,0.003816,0.3750
1524000,371.192907,1061,113,0.001952,0.4062
1526000,370.548632,1050,105,0.004465,0.4453
1528000,369.921790,1049,95,0.005005,0.3047
1530000,371.653564,1056,102,0.001923,0.3438
1532000,367.571992,1058,98,0.003619,0.3984
1534000,370.727308,1079,86,0.004388,0.2500
1536000,367.692403,1056,100,0.003200,0.2812
1538000,372.756319,1067,76,0.004364,0.2891
1540000,371.177952,1071,87,0.001438,0.3047
1542000,368.895726,1068,93,0.001077,0.3125
1544000,372.402307,1063,99,0.000674,0.3750
1546000,374.847567,1082,80,0.000786,0.3438
1548000,377.538380,1072,88,0.000611,0.3438
1550000,373.726155,1054,96,0.000582,0.3281
1552000,373.335447,1055,96,0.003268,0.3594
1554000,367.771511,1052,112,0.001533,0.4297
1556000,373.335160,1066,113,0.003025,0.3594
1558000,370.584688,1071,93,0.001063,0.3281
1560000,366.220491,1068,95,0.001803,0.2969
1562000,368.795031,1060,102,0.002939,0.3125
1564000,363.983135,1047,110,0.003117,0.3281
1566000,369.672732,1049,116,0.003949,0.3594
1568000,371.308287,1050,116,0.003624,0.3906
1570000,367.128975,1059,112,0.005845,0.3438
1572000,369.011280,1056,95,0.009393,0.4062
1574000,370.381838,1050,107,0.008223,0.3672
1576000,371.433799,1047,100,0.007297,0.3828
1578000,374.627580,1056,93,0.003222,0.3203
1580000,373.674027,1062,82,0.007002,0.3516
1582000,375.234599,1063,104,0.004969,0.3125
1584000,370.406599,1074,94,0.004370,0.3516
1586000,364.206844,1054,102,0.003381,0.3125
1588000,366.190575,1053,102,0.005813,0.3281
1590000,367.407900,1080,97,0.004786,0.3672
1592000,367.289355,1064,103,0.003553,0.3516
1594000,370.522139,1071,86,0.003945,0.3906
1596000,375.735651,1091,102,0.002742,0.3438
1598000,376.350207,1084,89,0.002980,0.3594
1600000,381.367715,1085,98,0.006420,0.3359
1602000,384.220556,1091,92,0.004732,0.3359
1604000,383.164931,1090,98,0.002147,0.3984
1606000,381.915875,1071,102,0.003327,0.3750
1608000,380.018246,1080,95,0.001981,0.2422
1610000,379.737155,1069,99,0.002123,0.2734
1612000,377.871728,1077,110,0.001029,0.4141
1614000,374.295902,1068,116,0.002120,0.3516
1616000,379.916179,1056,107,0.002536,0.3594
1618000,377.827244,1067,97,0.000640,0.3047
1620000,374.282435,1065,101,0.001693,0.4141
1622000,372.593926,1062,95,0.002022,0.3672
1624000,373.104527,1070,95,0.002308,0.3594
1626000,373.459324,1064,108,0.003541,0.3984
1628000,367.291331,1064,91,0.002350,0.3281
1630000,362.799967,1052,98,0.002259,0.3750
1632000,362.687115,1039,107,0.002728,0.3828
1634000,363.911200,1048,98,0.002471,0.3828
1636000,365.882280,1029,107,0.006745,0.4844
1638000,368.955931,1039,113,0.008479,0.3203
1640000,364.406855,1051,106,0.011616,0.3281
1642000,364.334054,1053,106,0.008672,0.3359
1644000,363.139740,1054,99,0.005214,0.3281
1646000,367.939659,1029,115,0.004678,0.3984
1648000,366.361379,1037,109,0.004447,0.3750
1650000,368.758727,1051,97,0.003533,0.4062
1652000,371.408390,1066,107,0.002377,0.3750
1654000,366.202808,1038,95,0.003560,0.3672
1656000,360.937403,1025,99,0.000849,0.3594
1658000,371.078860,1047,96,0.003776,0.4531
1660000,365.073431,1048,104,0.004622,0.3594
1662000,366.489015,1042,99,0.003143,0.3906
1664000,359.657436,1035,112,0.004293,0.3516
1666000,358.403243,1038,119,0.006294,0.3750
1668000,358.017695,1046,104,0.008150,0.4453
1670000,362.052655,1039,125,0.011203,0.3750
1672000,357.091451,1019,131,0.009136,0.3828
1674000,358.189275,1029,111,0.006498,0.4297
1676000,358.637479,1034,108,0.005399,0.3750
1678000,363.082759,1027,105,0.007277,0.3047
1680000,366.444318,1043,110,0.009124,0.3594
1682000,365.506815,1034,107,0.011759,0.3984
1684000,362.557659,1049,105,0.008483,0.3359
1686000,357.958667,1045,110,0.007598,0.3828
1688000,366.857918,1057,92,0.013848,0.3281
1690000,368.764623,1054,107,0.012354,0.3984
1692000,363.776430,1029,106,0.012798,0.3438
1694000,361.847155,1036,102,0.017205,0.3047
1696000,359.715371,1029,117,0.019769,0.4375
1698000,362.736747,1036,109,0.016155,0.3672
1700000,365.188695,1037,96,0.012082,0.4609
1702000,364.170447,1031,94,0.009726,0.3359
1704000,365.743103,1041,92,0.006174,0.5078
1706000,365.419548,1061,89,0.005457,0.3672
1708000,365.219440,1064,101,0.007060,0.2969
1710000,363.506899,1054,104,0.004814,0.3125
1712000,373.819046,1061,81,0.004218,0.3203
1714000,373.833534,1063,98,0.003947,0.3672
1716000,374.119670,1064,86,0.005977,0.4375
1718000,372.983180,1058,96,0.008940,0.3438
1720000,367.319942,1039,102,0.007430,0.3750
1722000,372.016919,1052,108,0.006145,0.2734
1724000,378.027175,1073,98,0.005326,0.3359
1726000,373.191003,1048,93,0.005846,0.2578
1728000,365.078595,1027,112,0.005061,0.4141
1730000,371.112614,1042,110,0.001886,0.4219
1732000,373.063206,1059,106,0.001527,0.4375
1734000,371.718256,1082,94,0.002143,0.3359
1736000,367.622299,1059,98,0.005453,0.3594
1738000,371.115443,1060,90,0.005003,0.3594
1740000,368.002523,1077,69,0.005885,0.4375
1742000,368.453935,1058,108,0.003892,0.3672
1744000,369.562779,1066,91,0.004908,0.3125
1746000,368.909176,1035,99,0.006215,0.3281
1748000,371.762171,1051,88,0.005706,0.4062
1750000,369.264843,1042,104,0.005368,0.2891
1752000,369.102991,1067,85,0.008088,0.3125
1754000,370.340351,1055,99,0.005814,0.4297
1756000,371.543070,1057,105,0.009536,0.3984
1758000,362.479830,1063,94,0.006007,0.3359
1760000,362.269843,1055,97,0.005059,0.2969
1762000,364.080198,1049,96,0.005406,0.4297
1764000,367.052567,1060,97,0.003948,0.3828
1766000,372.350495,1063,100,0.001420,0.3672
1768000,368.924828,1053,111,0.002294,0.3672
1770000,370.096875,1051,98,0.001607,0.3750
1772000,368.545374,1060,92,0.000789,0.3125
1774000,368.117331,1067,100,0.000830,0.3047
1776000,366.213975,1065,102,0.000593,0.3359
1778000,362.857422,1073,94,0.000667,0.3750
1780000,362.537500,1054,106,0.001273,0.4062
1782000,359.780414,1037,105,0.001288,0.3438
1784000,362.309100,1047,100,0.000624,0.2578
1786000,365.335655,1048,96,0.001946,0.3984
1788000,369.427415,1056,109,0.002495,0.3594
1790000,370.089136,1042,98,0.001519,0.3359
1792000,374.392891,1043,109,0.000448,0.3438
1794000,373.477707,1036,110,0.003857,0.3594
1796000,364.839542,1028,96,0.003560,0.3594
1798000,361.903590,1010,103,0.001410,0.4062
1800000,368.259830,1028,114,0.003595,0.2656
1802000,373.053487,1046,95,0.001954,0.2578
1804000,371.184588,1045,107,0.000385,0.3906
1806000,369.337960,1065,96,0.003817,0.3828
1808000,369.480371,1060,95,0.003762,0.4062
1810000,368.482451,1054,94,0.000820,0.3438
1812000,366.078687,1028,116,0.000291,0.3828
1814000,367.649451,1044,109,0.004402,0.3672
1816000,361.407203,1039,103,0.001935,0.3047
1818000,359.109675,1028,97,0.004394,0.3984
1820000,358.320668,1034,107,0.005824,0.4219
1822000,364.418520,1017,108,0.004069,0.3438
1824000,359.224131,1020,119,0.001750,0.3438
1826000,360.838150,1002,111,0.002086,0.4297
1828000,358.154430,1024,114,0.002780,0.4141
1830000,360.103715,1047,82,0.003358,0.2969
1832000,361.725720,1041,82,0.002954,0.2812
1834000,366.323900,1045,94,0.003480,0.3984
1836000,367.725203,1042,102,0.004591,0.3125
1838000,370.169619,1050,96,0.004811,0.3203
1840000,370.751856,1056,94,0.002802,0.4141
1842000,364.716422,1065,103,0.006874,0.3672
1844000,367.186950,1054,112,0.005158,0.4844
1846000,371.745275,1067,104,0.006472,0.3906
1848000,375.411760,1046,117,0.008471,0.3047
1850000,370.295280,1057,99,0.003733,0.4219
1852000,366.378400,1028,109,0.002979,0.4531
1854000,365.607847,1029,102,0.008936,0.4062
1856000,367.463375,1054,104,0.006648,0.4375
1858000,375.769115,1058,83,0.004537,0.3750
1860000,373.991615,1049,99,0.001815,0.3281
1862000,373.763960,1042,122,0.003204,0.3750
1864000,368.780246,1038,111,0.000878,0.3359
1866000,371.550491,1062,101,0.002069,0.3125
1868000,367.017979,1041,105,0.003004,0.3438
1870000,365.250071,1041,107,0.002081,0.3984
1872000,365.326766,1028,121,0.001800,0.3438
1874000,361.157843,1028,107,0.004908,0.4688
1876000,355.139111,1037,103,0.004489,0.3828
1878000,362.385215,1044,112,0.007412,0.3359
1880000,358.833575,1047,107,0.010151,0.3359
1882000,353.078887,1043,110,0.009243,0.4531
1884000,355.553351,1038,91,0.003950,0.3594
1886000,360.617526,1052,84,0.003729,0.3047
1888000,369.081119,1029,103,0.002627,0.3359
1890000,358.942072,1030,106,0.000420,0.4766
1892000,357.787822,1043,100,0.000353,0.4297
1894000,359.478195,1030,109,0.001598,0.3906
1896000,357.159776,1028,88,0.001034,0.4062
1898000,367.219740,1040,108,0.000804,0.3047
1900000,367.336595,1059,101,0.002966,0.3203
1902000,357.418152,1065,93,0.001968,0.5000
1904000,354.905115,1033,101,0.002676,0.4062
1906000,357.774775,1025,108,0.006606,0.3828
1908000,356.344406,1024,136,0.007914,0.4531
1910000,361.328412,1031,117,0.007274,0.3750
1912000,359.959579,1048,102,0.006827,0.2891
1914000,359.961628,1054,102,0.010141,0.3047
1916000,364.206327,1053,94,0.010522,0.3438
1918000,366.464859,1054,104,0.011979,0.4453
1920000,364.313576,1058,105,0.012400,0.4453
1922000,362.560095,1061,95,0.008565,0.3359
1924000,365.525775,1057,100,0.008088,0.2578
1926000,360.995900,1040,111,0.007716,0.4531
1928000,362.553087,1029,114,0.009427,0.4141
1930000,364.074975,1045,105,0.005265,0.3984
1932000,365.582875,1078,89,0.003480,0.3438
1934000,367.131982,1051,107,0.000900,0.4297
1936000,369.548812,1053,89,0.001946,0.2266
1938000,365.978391,1058,89,0.001710,0.2891
1940000,365.329631,1068,101,0.000942,0.3594
1942000,377.304395,1070,106,0.003514,0.2969
1944000,370.340075,1061,116,0.001007,0.3672
1946000,365.024891,1057,99,0.000004,0.3438
1948000,363.623775,1060,92,0.002115,0.3594
1950000,364.638220,1082,84,0.003612,0.3359
1952000,372.262318,1091,80,0.000275,0.3281
1954000,369.704675,1072,92,0.000352,0.3359
1956000,363.014315,1062,100,0.000537,0.3594
1958000,361.571814,1053,88,0.000412,0.4375
1960000,362.496028,1038,97,0.000011,0.4609
1962000,360.040603,1045,91,0.000263,0.3516
1964000,350.074918,1016,130,0.000403,0.3828
1966000,357.003175,1026,103,0.003975,0.3594
1968000,356.761435,1026,109,0.002021,0.3906
1970000,357.779320,1003,124,0.003054,0.3984
1972000,363.443115,1033,115,0.005252,0.3906
1974000,356.290078,1022,113,0.009552,0.3750
1976000,357.599510,1026,104,0.011063,0.3359
1978000,355.775430,1030,109,0.008063,0.4375
1980000,359.984686,1046,91,0.010314,0.3906
1982000,359.362463,1032,103,0.018421,0.3984
1984000,357.047416,1026,101,0.014738,0.3281
1986000,360.122827,1031,104,0.011016,0.3125
1988000,360.358239,1044,102,0.012490,0.4453
1990000,361.809134,1020,118,0.005783,0.3828
1992000,363.960348,1025,114,0.012051,0.3672
1994000,359.734488,1039,98,0.012262,0.3750
1996000,364.650955,1049,96,0.014341,0.3516
1998000,367.243775,1039,119,0.012435,0.4297
2000000,372.559715,1063,85,0.013525,0.3125
2002000,371.457760,1045,115,0.014218,0.4297
2004000,375.261819,1052,106,0.012943,0.4531
2006000,375.576086,1038,105,0.009044,0.3906
2008000,372.144790,1062,98,0.004883,0.3516
2010000,369.873478,1060,98,0.003008,0.3594
2012000,364.848919,1058,78,0.001041,0.3594
2014000,366.865059,1058,98,0.000753,0.3672
2016000,367.684782,1064,93,0.000960,0.2656
2018000,363.795859,1062,104,0.000848,0.3672
2020000,362.943467,1048,108,0.000090,0.3438
2022000,360.493166,1044,116,0.002115,0.3516
2024000,359.956775,1053,112,0.002460,0.3281
2026000,364.784479,1042,127,0.001079,0.4609
2028000,371.151775,1041,113,0.004757,0.3281
2030000,375.661244,1040,101,0.003715,0.4062
2032000,377.264862,1053,111,0.002714,0.3516
2034000,381.170800,1060,98,0.001218,0.4062
2036000,379.717375,1085,92,0.000809,0.3750
2038000,371.675475,1066,91,0.000948,0.3438
2040000,366.736599,1083,89,0.000826,0.4297
2042000,359.861670,1059,110,0.002470,0.4062
2044000,363.465135,1058,92,0.000563,0.4219
2046000,372.219511,1058,94,0.000920,0.3125
2048000,371.159798,1051,89,0.000381,0.3281
2050000,377.477982,1060,97,0.000427,0.4062
2052000,373.421279,1058,93,0.000611,0.3750
2054000,377.892396,1068,92,0.001884,0.4297
2056000,381.845264,1082,93,0.001943,0.4688
2058000,381.130927,1084,100,0.003842,0.3359
2060000,380.845755,1076,102,0.007493,0.3047
2062000,377.713392,1087,93,0.004070,0.3672
2064000,371.220412,1080,105,0.004013,0.4453
2066000,373.130335,1073,84,0.004507,0.3594
2068000,376.111435,1065,103,0.003894,0.3047
2070000,373.889407,1042,122,0.003386,0.4297
2072000,370.412310,1066,88,0.004278,0.4141
2074000,374.390455,1076,97,0.005103,0.4688
2076000,374.160694,1080,90,0.005297,0.3516
2078000,376.807758,1084,86,0.005773,0.2578
2080000,374.359115,1092,82,0.005944,0.3438
2082000,372.413803,1072,98,0.011911,0.2891
2084000,373.148614,1072,100,0.009606,0.4062
2086000,370.050975,1047,90,0.011313,0.3438
2088000,372.575936,1051,108,0.014469,0.3828
2090000,379.210904,1053,98,0.018051,0.4688
2092000,377.517443,1062,91,0.019049,0.4688
2094000,376.369611,1071,96,0.023130,0.4141
2096000,375.691343,1064,99,0.024269,0.3750
2098000,378.743195,1062,104,0.028014,0.4297
2100000,388.489115,1101,101,0.026140,0.4609
2102000,384.928739,1067,112,0.023028,0.4219
2104000,383.463335,1082,81,0.022016,0.3828
2106000,382.380942,1101,75,0.019841,0.3203
2108000,392.347678,1101,82,0.025550,0.2969
2110000,388.299104,1088,105,0.018698,0.3594
2112000,392.069884,1107,85,0.020634,0.2734
2114000,392.323899,1101,89,0.024163,0.2969
2116000,387.234611,1082,95,0.023345,0.3672
2118000,386.456550,1082,91,0.015935,0.3672
2120000,389.002230,1070,93,0.020102,0.4219
2122000,380.009744,1048,112,0.013028,0.3516
2124000,379.447020,1052,108,0.012844,0.3281
2126000,386.233743,1045,105,0.007400,0.4766
2128000,377.326939,1030,116,0.009299,0.3125
2130000,376.144902,1034,103,0.006363,0.3203
2132000,377.364951,1038,102,0.012886,0.3828
2134000,382.568431,1064,90,0.011688,0.3516
2136000,385.037647,1071,100,0.016331,0.3594
2138000,379.455132,1068,100,0.015842,0.3203
2140000,372.852334,1056,91,0.019178,0.2891
2142000,372.214535,1064,100,0.019427,0.3750
2144000,367.818102,1060,86,0.016949,0.3359
2146000,365.617735,1044,107,0.013690,0.3828
2148000,372.315287,1042,104,0.014941,0.3984
2150000,368.468075,1032,112,0.016557,0.3125
2152000,375.030268,1033,111,0.017651,0.4609
2154000,376.405051,1053,99,0.020790,0.4141
2156000,369.732687,1037,86,0.025860,0.4766
2158000,363.965659,1041,102,0.026086,0.3906
2160000,367.526156,1043,102,0.020082,0.3906
2162000,369.837500,1022,117,0.020865,0.4375
2164000,373.837171,1032,113,0.022337,0.3906
2166000,365.470150,1013,119,0.019679,0.4375
2168000,369.225531,1030,100,0.018701,0.3594
2170000,376.155566,1055,80,0.013492,0.3516
2172000,371.695148,1056,101,0.006301,0.3594
2174000,370.472910,1068,86,0.008122,0.3203
2176000,373.132150,1079,87,0.004464,0.3906
2178000,370.004675,1087,84,0.003393,0.3281
2180000,373.455800,1076,91,0.004479,0.3750
2182000,371.934039,1071,88,0.003004,0.3203
2184000,365.769320,1059,103,0.005321,0.3516
2186000,377.634022,1075,108,0.004027,0.2969
2188000,377.233219,1042,119,0.005505,0.2891
2190000,372.381320,1049,95,0.009523,0.3594
2192000,371.938195,1081,90,0.008061,0.3750
2194000,383.298248,1076,92,0.007768,0.4062
2196000,388.227628,1088,86,0.010715,0.3359
2198000,379.743360,1083,83,0.007006,0.3594
2200000,387.046502,1081,111,0.005385,0.4688
2202000,391.770695,1089,102,0.001512,0.3125
2204000,388.971836,1088,101,0.003893,0.4453
2206000,386.969942,1096,91,0.003115,0.3750
2208000,383.602390,1079,98,0.002423,0.3594
2210000,377.967903,1090,91,0.000886,0.3281
2212000,385.260671,1090,93,0.001213,0.3750
2214000,379.503070,1074,113,0.001003,0.3516
2216000,375.167440,1071,102,0.001338,0.3281
2218000,372.989024,1083,97,0.000228,0.4297
2220000,369.486707,1076,93,0.000096,0.2969
2222000,362.977375,1061,96,0.000456,0.4453
2224000,357.119900,1055,114,0.001339,0.4141
2226000,364.119160,1071,102,0.001539,0.3047
2228000,368.682847,1073,103,0.002562,0.3906
2230000,369.970167,1071,97,0.001290,0.3906
2232000,367.473115,1061,90,0.000142,0.3828
2234000,366.859591,1075,77,0.000302,0.3281
2236000,367.032102,1066,91,0.001973,0.3516
2238000,369.493596,1070,103,0.000677,0.3359
2240000,371.717606,1063,93,0.001512,0.3516
2242000,370.782270,1073,103,0.001406,0.3672
2244000,379.393367,1078,101,0.003479,0.3906
2246000,381.921139,1075,89,0.003420,0.2891
2248000,385.580118,1093,93,0.002842,0.2656
2250000,386.827420,1095,92,0.005049,0.2578
2252000,381.399944,1084,95,0.005992,0.4766
2254000,381.967078,1081,101,0.001955,0.4062
2256000,382.150463,1108,67,0.003662,0.2812
2258000,382.286254,1094,81,0.004431,0.2891
2260000,383.261151,1083,101,0.004880,0.3594
2262000,376.797115,1073,89,0.002695,0.3438
2264000,370.835958,1099,75,0.001086,0.4062
2266000,371.072891,1061,84,0.001798,0.2969
2268000,369.009535,1072,76,0.000269,0.4531
2270000,371.667174,1069,82,0.002068,0.3750
2272000,374.091694,1063,88,0.001683,0.2734
2274000,370.473702,1049,97,0.002738,0.3672
2276000,365.212375,1045,122,0.002204,0.4219
2278000,368.844735,1053,98,0.001785,0.3672
2280000,364.194147,1030,104,0.000571,0.4062
2282000,357.967567,1032,96,0.000490,0.2812
2284000,352.336878,991,117,0.000845,0.4297
2286000,348.707251,1000,116,0.001422,0.4844
2288000,353.162711,998,116,0.000650,0.5078
2290000,351.789198,1028,103,0.001841,0.3438
2292000,352.942139,1022,109,0.001455,0.4297
2294000,358.522044,1035,100,0.001789,0.4453
2296000,357.125006,1034,110,0.003148,0.4141
2298000,358.362182,1030,102,0.003093,0.3281
2300000,366.039870,1047,113,0.003250,0.4453
2302000,366.407942,1075,97,0.002518,0.4297
2304000,375.715299,1074,91,0.003787,0.3125
2306000,375.429455,1081,92,0.005354,0.3828
2308000,374.199470,1069,102,0.006395,0.3516
2310000,371.851095,1064,102,0.009208,0.3672
2312000,374.059759,1088,82,0.010753,0.3672
2314000,369.886927,1060,96,0.008939,0.3594
2316000,371.498198,1061,95,0.009660,0.3438
2318000,368.030390,1046,109,0.007796,0.4609
2320000,373.212003,1048,112,0.007726,0.4141
2322000,379.579639,1082,110,0.005987,0.4375
2324000,383.858415,1071,101,0.004478,0.3750
2326000,388.603459,1081,102,0.006812,0.4062
2328000,384.092555,1085,101,0.006702,0.3203
2330000,389.676428,1102,87,0.007521,0.3281
2332000,385.746423,1099,92,0.008008,0.4375
2334000,383.072782,1111,88,0.005941,0.3359
2336000,385.566392,1102,92,0.010138,0.3672
2338000,384.166150,1095,93,0.011931,0.3594
2340000,378.645468,1076,91,0.009247,0.3828
2342000,378.634455,1080,84,0.009204,0.3203
2344000,379.283966,1056,92,0.004398,0.3125
2346000,375.637006,1057,107,0.004464,0.3516
2348000,370.534712,1049,112,0.005443,0.4844
2350000,376.091500,1061,104,0.005488,0.3281
2352000,379.087128,1066,113,0.006959,0.3047
2354000,386.597580,1071,98,0.009598,0.3438
2356000,393.731783,1081,91,0.012347,0.3594
2358000,395.335400,1079,104,0.013252,0.3281
2360000,388.804700,1086,86,0.010254,0.2500
2362000,384.360790,1090,84,0.010616,0.3047
2364000,391.880350,1094,91,0.007993,0.3828
2366000,386.125583,1073,100,0.006101,0.4219
2368000,382.546575,1063,100,0.005734,0.4688
2370000,380.909475,1050,114,0.005259,0.4219
2372000,373.440748,1063,98,0.003753,0.3594
2374000,380.834470,1065,98,0.005926,0.3516
2376000,379.995918,1060,98,0.005301,0.3750
2378000,385.368758,1069,93,0.003722,0.3750
2380000,390.343302,1073,95,0.002864,0.3125
2382000,387.027547,1061,96,0.003069,0.2656
2384000,386.749795,1075,96,0.002492,0.3516
2386000,391.909347,1075,99,0.001066,0.3750
2388000,388.081648,1057,110,0.000776,0.4062
2390000,384.756408,1055,103,0.001085,0.4375
2392000,383.653551,1073,89,0.000602,0.3594
2394000,377.094846,1062,108,0.002057,0.3438
2396000,375.896115,1068,101,0.003607,0.3359
2398000,378.959406,1069,104,0.000232,0.3984
2400000,381.432575,1066,107,0.000902,0.2891
2402000,384.858182,1084,98,0.000387,0.3125
2404000,388.192991,1064,107,0.000500,0.5938
2406000,396.988275,1100,105,0.000829,0.3047
2408000,400.309471,1093,93,0.000639,0.3594
2410000,394.373070,1096,86,0.000597,0.2969
2412000,396.361063,1079,96,0.003935,0.3672
2414000,392.267168,1081,93,0.001097,0.3984
2416000,387.006556,1075,81,0.002155,0.2422
2418000,387.700531,1074,93,0.003783,0.3516
2420000,384.577734,1095,94,0.005808,0.3047
2422000,386.287095,1093,104,0.003413,0.3516
2424000,374.522387,1083,93,0.009628,0.3281
2426000,374.977086,1063,108,0.007133,0.3281
2428000,371.822696,1065,106,0.010756,0.3594
2430000,382.136403,1084,91,0.010859,0.3359
2432000,378.228156,1073,85,0.011245,0.3984
2434000,384.274803,1071,79,0.011248,0.2969
2436000,381.960630,1056,97,0.007488,0.3828
2438000,374.646076,1069,99,0.005480,0.3594
2440000,374.109375,1078,95,0.002584,0.3281
2442000,371.842102,1094,98,0.001002,0.3984
2444000,371.586318,1072,98,0.000737,0.3984
2446000,380.363831,1100,82,0.000861,0.3125
2448000,378.557996,1099,90,0.000538,0.3594
2450000,370.075931,1081,100,0.000473,0.3594
2452000,368.248875,1069,104,0.000337,0.5000
2454000,373.710750,1070,101,0.001532,0.3750
2456000,378.580755,1058,102,0.001406,0.3125
2458000,383.041167,1064,91,0.001354,0.2734
2460000,388.387715,1058,101,0.002126,0.3047
2462000,380.966894,1039,118,0.002427,0.2734
2464000,387.976470,1079,106,0.003451,0.3672
2466000,382.821715,1073,91,0.002060,0.3203
2468000,381.981095,1074,87,0.000385,0.2422
2470000,382.612655,1043,104,0.000771,0.3047
2472000,384.374571,1072,88,0.000324,0.3438
2474000,377.382595,1068,92,0.000152,0.3516
2476000,379.508510,1075,90,0.000104,0.3750
2478000,380.376907,1061,104,0.000006,0.3203
2480000,379.191878,1080,91,0.000009,0.3281
2482000,375.042699,1060,99,0.000709,0.4062
2484000,378.122366,1085,93,0.001330,0.3516
2486000,369.885515,1056,119,0.001784,0.3438
2488000,375.616590,1086,98,0.002602,0.3438
2490000,377.665559,1087,83,0.001650,0.2891
2492000,379.386795,1081,80,0.001331,0.3281
2494000,379.070523,1069,100,0.001298,0.3047
2496000,371.774112,1071,98,0.000033,0.3438
2498000,371.728599,1074,104,0.000409,0.2891
2500000,368.712992,1063,97,0.000756,0.3281
2502000,369.964694,1074,108,0.002228,0.4531
2504000,371.177799,1063,99,0.000838,0.5000
2506000,366.875398,1062,86,0.002025,0.3672
2508000,363.909430,1067,91,0.002732,0.4219
2510000,363.213835,1059,87,0.002275,0.3672
2512000,369.917100,1062,84,0.004357,0.3750
2514000,372.699535,1051,102,0.003237,0.3359
2516000,370.383607,1062,90,0.001717,0.3359
2518000,365.670966,1052,88,0.000225,0.4297
2520000,379.399943,1062,111,0.000005,0.2578
2522000,381.198863,1082,89,0.001484,0.3047
2524000,377.928992,1049,100,0.000870,0.3750
2526000,380.147975,1065,104,0.003976,0.3984
2528000,381.898415,1056,113,0.001241,0.4375
2530000,379.301750,1062,94,0.002823,0.3750
2532000,381.328302,1066,97,0.001888,0.3281
2534000,378.883600,1068,89,0.000482,0.3281
2536000,377.632499,1080,95,0.000422,0.3672
2538000,380.848895,1078,100,0.000383,0.4141
2540000,378.832060,1071,106,0.001055,0.3672
2542000,378.403911,1074,99,0.000540,0.4141
2544000,380.179630,1093,94,0.000440,0.3125
2546000,372.694615,1084,98,0.001781,0.4141
2548000,374.841427,1088,94,0.000271,0.3516
2550000,360.541075,1060,102,0.000711,0.4453
2552000,363.648646,1064,109,0.003561,0.4062
2554000,366.221375,1068,96,0.000528,0.5547
2556000,364.684622,1076,97,0.001054,0.3125
2558000,366.198263,1071,97,0.001218,0.3359
2560000,360.582480,1082,99,0.000710,0.3906
2562000,359.131687,1070,93,0.000157,0.3984
2564000,366.175575,1078,94,0.001458,0.3984
2566000,364.767974,1074,88,0.003697,0.4062
2568000,354.577395,1054,97,0.000620,0.3281
2570000,353.223887,1048,97,0.000854,0.4844
2572000,359.016910,1071,104,0.003246,0.3516
2574000,371.726428,1073,89,0.001249,0.3594
2576000,370.372083,1078,86,0.003492,0.3438
2578000,369.561094,1056,92,0.002921,0.3750
2580000,370.390622,1071,93,0.001444,0.2891
2582000,371.119275,1067,83,0.001112,0.2812
2584000,372.038419,1060,101,0.001317,0.3047
2586000,372.780123,1052,105,0.000821,0.3516
2588000,376.029868,1054,104,0.001072,0.3281
2590000,380.912795,1059,112,0.000359,0.2812
2592000,373.060399,1044,96,0.000353,0.3750
2594000,371.547443,1073,91,0.000102,0.4297
2596000,378.451147,1075,87,0.000542,0.3750
2598000,382.974606,1073,95,0.000979,0.3516
2600000,379.592275,1082,80,0.000610,0.2578
2602000,373.587455,1069,98,0.000886,0.3984
2604000,371.747315,1083,94,0.000295,0.3672
2606000,376.720583,1085,93,0.000974,0.3906
2608000,376.583403,1059,91,0.001298,0.2578
2610000,378.486275,1078,93,0.001287,0.3594
2612000,379.799515,1071,104,0.000671,0.3984
2614000,378.569551,1079,90,0.000809,0.3516
2616000,379.111350,1065,97,0.000015,0.3828
2618000,384.582902,1080,102,0.000553,0.3984
2620000,385.937387,1072,89,0.002981,0.3047
2622000,385.811230,1073,101,0.003030,0.3672
2624000,387.634174,1088,83,0.002716,0.2891
2626000,382.728235,1075,83,0.005350,0.2891
2628000,384.600175,1068,93,0.004257,0.4062
2630000,374.591526,1071,92,0.001245,0.3672
2632000,374.492171,1067,83,0.000877,0.3516
2634000,375.119644,1070,100,0.001609,0.3359
2636000,371.748568,1042,107,0.001704,0.4375
2638000,376.063095,1057,93,0.000593,0.3516
2640000,378.682911,1065,94,0.000851,0.3516
2642000,373.956526,1071,100,0.001576,0.3594
2644000,380.416700,1089,74,0.002963,0.3047
2646000,374.794775,1094,87,0.002370,0.2344
2648000,370.439395,1065,95,0.000569,0.4453
2650000,371.720070,1053,101,0.001718,0.3672
2652000,366.417747,1053,107,0.000651,0.4141
2654000,374.008795,1062,98,0.000578,0.4062
2656000,370.144275,1054,101,0.000671,0.3906
2658000,377.445879,1039,115,0.001203,0.4375
2660000,370.325500,1030,114,0.000949,0.3125
2662000,370.182600,1040,115,0.000094,0.3906
2664000,366.151543,1050,99,0.000172,0.3828
2666000,371.986311,1050,85,0.000738,0.3359
2668000,373.783319,1075,82,0.000316,0.1953
2670000,368.860400,1065,94,0.000546,0.3047
2672000,372.149392,1075,88,0.001771,0.3281
2674000,366.833795,1071,103,0.001129,0.3594
2676000,371.297872,1057,112,0.001611,0.3672
2678000,372.422440,1049,108,0.002556,0.3281
2680000,369.361120,1039,102,0.001126,0.4219
2682000,373.120107,1053,109,0.002007,0.3516
2684000,365.818095,1051,107,0.002697,0.3438
2686000,367.274140,1051,100,0.004995,0.3750
2688000,365.698334,1085,90,0.006476,0.2656
2690000,364.696027,1070,88,0.009220,0.3984
2692000,367.765567,1081,89,0.009940,0.2891
2694000,361.902123,1067,102,0.009189,0.3125
2696000,365.967548,1076,107,0.012909,0.4297
2698000,363.931755,1067,95,0.007719,0.2969
2700000,368.432951,1071,108,0.007508,0.4531
2702000,363.824207,1057,114,0.004225,0.3594
2704000,369.124035,1083,88,0.001653,0.3594
2706000,377.799143,1094,84,0.005188,0.3125
2708000,380.317982,1063,106,0.001893,0.3203
2710000,380.140936,1074,86,0.001920,0.3047
2712000,374.578438,1071,99,0.001653,0.3984
2714000,377.634875,1098,81,0.001081,0.3281
2716000,371.285814,1077,97,0.002204,0.3047
2718000,367.109350,1039,112,0.003691,0.3828
2720000,361.999900,1034,100,0.004029,0.2656
2722000,358.979551,1032,108,0.002665,0.3359
2724000,360.571790,1019,125,0.004744,0.3672
2726000,349.693375,1015,111,0.001594,0.4219
2728000,349.863595,1009,113,0.001805,0.3984
2730000,353.470710,1009,114,0.003676,0.4297
2732000,354.895015,999,124,0.002878,0.4297
2734000,346.670675,1008,119,0.003632,0.4688
2736000,343.765615,1033,100,0.000831,0.4375
2738000,344.908855,1036,111,0.004089,0.4531
2740000,344.569744,1008,112,0.003912,0.4688
2742000,347.054923,1024,106,0.008270,0.3750
2744000,355.481695,1029,109,0.005031,0.5391
2746000,357.223375,1017,114,0.004055,0.3750
2748000,350.438982,1027,104,0.004299,0.5000
2750000,347.892198,1025,110,0.007352,0.3750
2752000,349.059423,1035,91,0.008619,0.4062
2754000,347.169379,1036,91,0.005751,0.3359
2756000,350.202659,1026,100,0.004601,0.3516
2758000,352.099471,1046,98,0.010077,0.3281
2760000,360.540671,1031,111,0.011776,0.3672
2762000,364.132998,1048,85,0.011274,0.3203
2764000,363.622096,1064,97,0.008418,0.3516
2766000,365.279772,1052,98,0.013775,0.3828
2768000,362.614056,1073,85,0.016542,0.3984
2770000,366.026579,1063,90,0.017358,0.3359
2772000,360.411635,1052,103,0.009079,0.3516
2774000,360.634403,1057,108,0.012425,0.4062
2776000,361.217943,1053,82,0.010119,0.3125
2778000,360.052390,1043,101,0.010289,0.4062
2780000,359.898192,1052,87,0.009104,0.3281
2782000,360.941375,1017,118,0.007588,0.3516
2784000,359.628387,1039,110,0.010751,0.3828
2786000,357.649159,1050,118,0.011996,0.4062
2788000,364.059087,1028,102,0.017225,0.4219
2790000,360.497175,1050,103,0.013916,0.3203
2792000,360.961307,1035,106,0.010226,0.4062
2794000,358.707675,1022,105,0.005815,0.5000
2796000,359.538035,1035,100,0.004171,0.4297
2798000,362.098315,1045,101,0.007218,0.3750
2800000,355.375367,1039,106,0.008567,0.3438
2802000,359.759350,1038,106,0.008159,0.4297
2804000,362.739500,1012,112,0.008057,0.3750
2806000,358.848968,1014,118,0.008061,0.3906
2808000,359.923164,1029,108,0.006183,0.3281
2810000,364.672699,1041,102,0.005980,0.4453
2812000,362.624367,1035,100,0.007754,0.3672
2814000,366.304623,1037,106,0.003327,0.4453
2816000,363.123059,1040,101,0.003604,0.3594
2818000,360.017351,1039,94,0.003029,0.3359
2820000,360.485967,1027,97,0.003418,0.3125
2822000,362.654183,1033,107,0.002550,0.3672
2824000,361.933944,1040,104,0.000891,0.2812
2826000,359.591024,1041,105,0.001671,0.4609
2828000,364.999247,1054,97,0.000712,0.3203
2830000,363.164875,1023,118,0.000419,0.3828
2832000,366.957455,1044,104,0.002535,0.3906
2834000,361.479390,1029,103,0.004759,0.3672
2836000,360.480462,1012,108,0.001567,0.4219
2838000,363.070096,1033,103,0.002239,0.3203
2840000,368.161175,1047,99,0.001160,0.3594
2842000,373.324076,1039,113,0.000364,0.4141
2844000,372.050895,1044,113,0.002914,0.3828
2846000,374.008652,1037,107,0.001578,0.3047
2848000,367.613655,1039,98,0.000332,0.4375
2850000,365.729963,1027,114,0.000058,0.3281
2852000,374.428343,1068,101,0.000428,0.3594
2854000,374.431359,1071,115,0.000270,0.3750
2856000,380.228807,1066,89,0.001209,0.2656
2858000,377.942167,1065,86,0.000231,0.3359
2860000,379.298915,1038,99,0.003081,0.3203
2862000,380.480550,1056,99,0.002120,0.4141
2864000,380.966063,1076,98,0.002249,0.3906
2866000,386.822423,1120,90,0.002406,0.3594
2868000,385.067088,1104,88,0.002540,0.3516
2870000,381.666556,1082,103,0.002842,0.5312
2872000,376.600955,1070,92,0.001261,0.3125
2874000,381.249775,1076,88,0.002808,0.3516
2876000,375.807726,1074,90,0.002413,0.4219
2878000,378.732651,1102,85,0.002207,0.3125
2880000,379.683884,1083,99,0.002751,0.2891
2882000,381.289726,1090,95,0.001772,0.3672
2884000,381.172336,1103,80,0.003058,0.4297
2886000,375.608108,1108,82,0.006178,0.3203
2888000,379.254895,1078,95,0.005034,0.2812
2890000,380.299084,1084,98,0.007530,0.3047
2892000,380.336835,1087,83,0.005763,0.3203
2894000,383.453278,1077,92,0.005527,0.2891
2896000,387.624143,1094,88,0.004384,0.3516
2898000,385.243486,1084,108,0.005313,0.3594
2900000,383.839263,1088,93,0.007118,0.3203
2902000,383.181655,1086,72,0.001743,0.3125
2904000,381.263030,1097,79,0.000958,0.3359
2906000,382.408240,1079,88,0.000038,0.3750
2908000,379.182351,1053,89,0.000625,0.3438
2910000,388.794652,1053,106,0.001216,0.3594
2912000,386.317955,1078,113,0.002147,0.4062
2914000,376.408670,1080,92,0.001804,0.3438
2916000,379.460835,1087,90,0.000941,0.3672
2918000,378.127590,1088,77,0.001750,0.3438
2920000,375.508648,1069,80,0.002500,0.2344
2922000,371.230710,1063,94,0.004132,0.3438
2924000,375.625452,1060,96,0.004972,0.2891
2926000,374.832595,1057,97,0.003556,0.2969
2928000,371.568655,1047,99,0.003346,0.3281
2930000,374.373195,1066,98,0.007089,0.3203
2932000,372.137072,1048,119,0.003894,0.4922
2934000,373.535214,1064,113,0.006546,0.3984
2936000,371.651303,1025,120,0.006208,0.3906
2938000,376.188566,1064,99,0.006318,0.2891
2940000,375.490912,1044,118,0.012576,0.4453
2942000,378.352680,1037,103,0.012328,0.3516
2944000,383.775036,1061,109,0.010022,0.3906
2946000,382.525455,1059,120,0.009491,0.3984
2948000,373.733888,1053,99,0.006527,0.4141
2950000,376.491619,1073,95,0.006484,0.5078
2952000,373.574796,1077,97,0.001456,0.3438
2954000,373.951142,1083,88,0.001012,0.3516
2956000,373.408135,1074,91,0.003148,0.3750
2958000,367.636279,1072,80,0.001779,0.3828
2960000,365.846184,1087,76,0.001534,0.3047
2962000,362.296883,1072,95,0.000692,0.2891
2964000,362.421111,1044,108,0.000825,0.3828
2966000,365.932355,1030,106,0.001220,0.3047
2968000,359.825590,1030,108,0.001132,0.4531
2970000,360.016819,1031,102,0.000957,0.3438
2972000,356.331035,1030,107,0.000964,0.5000
2974000,357.133655,1023,103,0.000525,0.3906
2976000,370.497950,1045,117,0.000273,0.3594
2978000,359.541420,1049,101,0.000081,0.3281
2980000,363.216875,1048,102,0.003014,0.4297
2982000,367.383190,1059,97,0.003542,0.3594
2984000,370.917335,1071,85,0.003963,0.3047
2986000,367.788812,1062,89,0.001965,0.3828
2988000,360.475563,1052,101,0.000993,0.3516
2990000,357.688871,1032,108,0.000939,0.3594
2992000,360.142331,1041,96,0.001938,0.3594
2994000,358.102270,1056,93,0.003515,0.2656
2996000,357.393163,1045,104,0.003403,0.3438
2998000,358.866779,1055,103,0.003611,0.3359
3000000,359.133127,1042,104,0.004348,0.4609
3002000,364.450508,1066,85,0.009945,0.4297
3004000,365.588040,1048,99,0.008200,0.2969
3006000,364.916876,1034,101,0.008471,0.2891
3008000,360.623518,1032,103,0.006287,0.3281
3010000,348.902390,1016,120,0.006049,0.4688
3012000,352.428870,983,124,0.004079,0.3984
3014000,348.598343,985,133,0.011821,0.3359
3016000,351.061535,1012,99,0.016032,0.3438
3018000,356.386620,1047,92,0.013002,0.4375
3020000,361.088790,1045,97,0.009242,0.3672
3022000,362.018971,1043,96,0.009414,0.3906
3024000,364.722200,1057,94,0.010173,0.3906
3026000,363.809383,1041,102,0.004877,0.3359
3028000,363.590670,1039,107,0.009421,0.3125
3030000,372.565559,1031,105,0.014270,0.2969
3032000,364.249590,1049,82,0.013049,0.2734
3034000,361.897102,1027,100,0.010515,0.4062
3036000,358.221472,1010,119,0.018695,0.4375
3038000,357.319559,1030,94,0.008427,0.4688
3040000,354.228155,1020,117,0.008783,0.3672
3042000,364.472000,1036,94,0.008731,0.3750
3044000,356.035627,1042,91,0.008060,0.3516
3046000,360.080798,1057,104,0.005747,0.3750
3048000,356.055439,1043,108,0.010214,0.3750
3050000,360.298300,1029,116,0.014521,0.3750
3052000,370.008252,1038,113,0.007181,0.4297
3054000,365.004311,1033,97,0.007455,0.3984
3056000,365.407766,1034,102,0.005292,0.3984
3058000,368.821383,1036,116,0.003953,0.3594
3060000,369.988030,1037,108,0.008885,0.3984
3062000,359.736367,1039,94,0.008386,0.3438
3064000,359.251852,1026,95,0.003989,0.3203
3066000,363.972876,1029,101,0.010313,0.3438
3068000,365.834207,1038,96,0.006935,0.3203
3070000,354.720439,1019,113,0.005315,0.3672
3072000,355.648779,1020,112,0.009268,0.4453
3074000,358.279928,1052,102,0.009967,0.3359
3076000,354.299792,1055,96,0.008067,0.3516
3078000,353.811248,1056,98,0.013811,0.3359
3080000,356.016219,1055,90,0.010946,0.3750
3082000,356.063660,1030,115,0.013927,0.4609
3084000,357.622647,1039,104,0.014220,0.3203
3086000,356.016924,1026,113,0.010190,0.3438
3088000,356.930003,1032,115,0.013087,0.5078
3090000,361.917452,1049,89,0.011683,0.3281
3092000,365.219838,1033,103,0.014733,0.4531
3094000,362.689431,1043,98,0.012046,0.3125
3096000,362.380027,1035,102,0.014203,0.3594
3098000,361.571227,1051,101,0.016769,0.4688
3100000,360.395907,1035,95,0.020349,0.4531
3102000,359.006950,1055,91,0.017444,0.3906
3104000,363.054667,1053,96,0.012128,0.3750
3106000,363.903423,1065,100,0.007780,0.4531
3108000,357.981967,1064,100,0.007433,0.4062
3110000,364.694339,1040,104,0.003227,0.3672
3112000,360.219575,1043,94,0.004303,0.2656
3114000,364.210599,1067,102,0.005197,0.3906
3116000,365.834275,1059,93,0.005202,0.2812
3118000,360.970347,1055,92,0.003282,0.3594
3120000,366.982031,1058,82,0.002928,0.4375
3122000,364.082003,1037,116,0.001959,0.5547
3124000,361.829439,1022,120,0.001801,0.4297
3126000,360.331475,1040,105,0.005935,0.3672
3128000,359.737855,1051,94,0.004591,0.3906
3130000,361.835150,1044,104,0.005606,0.3047
3132000,362.507484,1061,101,0.003640,0.3906
3134000,363.259600,1051,100,0.004942,0.3672
3136000,365.921654,1046,99,0.004872,0.3125
3138000,369.905155,1059,106,0.005348,0.3828
3140000,365.130248,1071,97,0.003972,0.2578
3142000,360.808195,1033,112,0.004732,0.4219
3144000,354.582430,1012,121,0.003431,0.3750
3146000,348.783758,1015,129,0.002756,0.4531
3148000,351.326355,1001,114,0.010848,0.4219
3150000,357.965459,1024,109,0.009167,0.4531
3152000,359.550286,1007,118,0.009889,0.4219
3154000,357.824430,1034,109,0.008986,0.4375
3156000,361.323022,1046,104,0.007079,0.3438
3158000,363.104142,1020,103,0.012180,0.3203
3160000,359.084700,1037,103,0.010423,0.4219
3162000,360.768328,1031,108,0.012749,0.3828
3164000,360.984732,1023,96,0.012079,0.3594
3166000,361.439983,1016,113,0.011088,0.4609
3168000,359.136990,1009,112,0.010569,0.3828
3170000,369.533420,1055,100,0.011322,0.3750
3172000,369.727958,1068,90,0.011267,0.4453
3174000,367.321590,1039,103,0.013098,0.3594
3176000,360.311379,1028,99,0.016902,0.3828
3178000,363.001990,1017,107,0.019218,0.3359
3180000,365.423438,1044,95,0.014938,0.2969
3182000,363.902515,1050,107,0.011083,0.3906
3184000,361.231627,1052,76,0.007832,0.3438
3186000,372.461291,1068,92,0.010140,0.2734
3188000,366.330327,1058,93,0.008553,0.3594
3190000,371.519502,1086,77,0.008669,0.3125
3192000,369.060726,1083,76,0.007797,0.2734
3194000,373.456819,1068,88,0.010706,0.3672
3196000,365.208526,1055,85,0.009551,0.3359
3198000,361.326670,1051,86,0.005541,0.3438
3200000,360.168574,1040,116,0.003023,0.4453
3202000,360.965943,1043,104,0.002515,0.3438
3204000,366.911094,1040,106,0.009109,0.3438
3206000,361.020059,1026,112,0.010096,0.4062
3208000,359.368371,1034,106,0.008162,0.3984
3210000,361.857148,1042,116,0.008811,0.3359
3212000,365.280595,1040,105,0.006575,0.3203
3214000,370.548211,1067,100,0.015551,0.3594
3216000,371.352774,1075,92,0.017180,0.3047
3218000,368.653047,1039,109,0.017685,0.3750
3220000,373.747783,1053,102,0.010742,0.3984
3222000,379.406158,1048,113,0.010258,0.3047
3224000,375.192583,1067,110,0.011901,0.4375
3226000,374.572315,1069,98,0.009283,0.3047
3228000,372.722428,1091,69,0.004452,0.3516
3230000,371.886270,1093,76,0.006754,0.2969
3232000,373.139246,1083,78,0.004098,0.3359
3234000,367.871467,1052,97,0.002108,0.2969
3236000,370.399436,1036,111,0.002963,0.3516
3238000,373.661982,1038,97,0.000869,0.3438
3240000,367.878550,1030,118,0.001445,0.3516
3242000,363.612624,1004,127,0.001401,0.4062
3244000,358.065263,1017,109,0.002346,0.5000
3246000,365.122967,1039,100,0.001831,0.3203
3248000,368.545075,1060,105,0.001660,0.3672
3250000,366.538155,1060,85,0.001734,0.3594
3252000,361.666347,1042,96,0.000712,0.4062
3254000,363.384055,1043,101,0.001894,0.4062
3256000,364.830694,1035,104,0.000626,0.4375
3258000,364.325902,1055,78,0.000307,0.3281
3260000,360.803198,1060,97,0.000209,0.3516
3262000,357.335958,1067,90,0.001817,0.3984
3264000,362.388595,1074,95,0.003348,0.3516
3266000,361.532607,1075,91,0.002650,0.3359
3268000,363.091495,1056,87,0.003816,0.3203
3270000,359.735999,1070,93,0.003722,0.3047
3272000,353.926599,1027,102,0.002809,0.3438
3274000,359.139352,1028,117,0.004292,0.3594
3276000,358.410375,1038,95,0.003000,0.3438
3278000,356.077571,1061,80,0.001815,0.2969
3280000,359.807867,1077,89,0.000942,0.3203
3282000,359.806200,1070,82,0.000265,0.3281
3284000,370.252315,1062,92,0.000186,0.3750
3286000,370.898318,1043,113,0.000160,0.3984
3288000,368.341695,1052,103,0.000454,0.3750
3290000,372.133998,1065,100,0.000817,0.2969
3292000,378.557766,1080,89,0.000047,0.2969
3294000,380.274702,1081,102,0.000844,0.3359
3296000,372.479902,1086,97,0.001434,0.3594
3298000,375.221495,1095,92,0.001301,0.3047
3300000,367.540406,1060,97,0.002961,0.2656
3302000,368.593910,1056,91,0.003139,0.3125
3304000,363.987227,1040,101,0.001741,0.3594
3306000,367.335479,1049,102,0.005701,0.3359
3308000,377.038303,1051,109,0.004304,0.4375
3310000,379.869672,1056,109,0.004916,0.3906
3312000,377.417190,1075,96,0.002004,0.3125
3314000,372.441415,1090,74,0.002988,0.3359
3316000,366.580990,1059,87,0.003898,0.2812
3318000,366.272286,1054,90,0.005251,0.3594
3320000,370.015560,1071,84,0.001699,0.3516
3322000,373.559519,1068,87,0.002532,0.2891
3324000,370.898364,1051,84,0.011161,0.4297
3326000,374.911214,1058,88,0.011297,0.2891
3328000,368.236175,1037,91,0.012473,0.3750
3330000,373.237006,1067,88,0.014154,0.3359
3332000,368.034239,1032,96,0.010899,0.4062
3334000,366.145518,1019,108,0.012991,0.3438
3336000,368.877710,1034,99,0.015114,0.3125
3338000,373.173875,1059,90,0.018817,0.2891
3340000,369.167958,1051,110,0.019293,0.3594
3342000,364.484735,1041,107,0.018660,0.4531
3344000,360.000023,1024,110,0.012931,0.4453
3346000,360.573100,1032,113,0.010988,0.3672
3348000,361.304206,1035,94,0.011261,0.3750
3350000,365.737027,1039,97,0.016977,0.4297
3352000,372.151187,1061,95,0.020928,0.4688
3354000,373.902155,1063,100,0.031508,0.3828
3356000,372.566531,1063,100,0.020339,0.3672
3358000,372.110191,1062,96,0.021630,0.2891
3360000,364.766444,1058,108,0.016819,0.3750
3362000,362.774727,1062,95,0.008895,0.3438
3364000,374.188934,1070,88,0.011821,0.4531
3366000,369.203166,1062,100,0.014897,0.3125
3368000,369.285134,1066,100,0.013805,0.3359
3370000,368.861846,1074,116,0.007380,0.4688
3372000,371.934286,1046,116,0.010215,0.3281
3374000,364.896775,1039,113,0.009119,0.4141
3376000,369.957910,1043,107,0.008359,0.3359
3378000,377.610688,1069,105,0.005343,0.2656
3380000,378.114891,1075,87,0.008093,0.2812
3382000,374.620723,1058,87,0.004611,0.2969
3384000,370.690935,1060,93,0.006090,0.3516
3386000,364.957870,1058,86,0.008429,0.3516
3388000,367.500279,1048,91,0.004945,0.4062
3390000,363.581847,1061,85,0.005613,0.2812
3392000,363.695900,1038,102,0.009707,0.4453
3394000,361.672203,1054,85,0.006849,0.3672
3396000,360.390134,1055,90,0.007284,0.3281
3398000,361.468598,1047,89,0.000254,0.3438
3400000,362.013964,1076,92,0.002140,0.3828
3402000,361.057984,1062,104,0.001991,0.3438
3404000,351.023900,1032,123,0.002047,0.3828
3406000,353.808732,1046,120,0.001069,0.3672
3408000,355.710575,1038,124,0.000902,0.4688
3410000,364.284780,1046,119,0.000902,0.3828
3412000,374.455100,1067,110,0.000654,0.4375
3414000,374.363419,1075,91,0.000506,0.3438
3416000,374.337547,1078,98,0.000326,0.2734
3418000,364.068303,1055,95,0.000480,0.4531
3420000,357.867648,1059,94,0.001213,0.3438
3422000,362.721800,1068,92,0.000979,0.4922
3424000,363.397496,1095,91,0.003117,0.3594
3426000,361.088015,1059,102,0.005541,0.3750
3428000,368.053087,1065,91,0.004253,0.4375
3430000,367.881398,1071,100,0.003380,0.4141
3432000,367.579686,1075,105,0.001170,0.3672
3434000,365.538380,1081,100,0.000857,0.3516
3436000,360.889575,1074,87,0.001844,0.3125
3438000,364.878655,1059,103,0.002074,0.3281
3440000,368.651200,1049,101,0.002676,0.4609
3442000,371.520704,1076,96,0.004618,0.3125
3444000,376.323215,1038,110,0.004094,0.3047
3446000,378.103798,1052,109,0.011618,0.4141
3448000,372.259756,1044,95,0.016208,0.3594
3450000,367.074462,1060,92,0.012937,0.3828
3452000,364.121687,1051,98,0.013315,0.3359
3454000,369.508454,1073,98,0.009091,0.3516
3456000,369.784915,1065,89,0.012045,0.3750
3458000,370.890975,1069,80,0.017691,0.2969
3460000,368.041991,1068,73,0.011187,0.2734
3462000,364.882767,1062,84,0.012087,0.3359
3464000,364.018155,1048,93,0.012964,0.3516
3466000,366.251374,1022,105,0.010275,0.3281
3468000,364.898307,1042,91,0.010085,0.3594
3470000,367.222375,1063,88,0.008346,0.2734
3472000,362.601710,1064,92,0.009268,0.3281
3474000,361.648555,1065,86,0.007137,0.4297
3476000,371.430240,1068,91,0.008708,0.3984
3478000,368.174447,1089,86,0.006823,0.3594
3480000,369.879475,1077,107,0.007539,0.4062
3482000,364.952790,1075,100,0.004864,0.3750
3484000,368.745755,1064,100,0.005473,0.3594
3486000,362.422235,1049,92,0.005244,0.3359
3488000,365.210414,1049,101,0.004188,0.3359
3490000,364.799648,1039,103,0.006119,0.3047
3492000,367.075726,1034,102,0.004481,0.3672
3494000,363.675470,1032,101,0.008701,0.3906
3496000,363.416755,1045,95,0.007323,0.3516
3498000,368.063464,1055,92,0.004826,0.3281
3500000,367.481083,1073,80,0.004341,0.3672
3502000,362.305950,1060,90,0.007545,0.3125
3504000,371.874663,1073,87,0.007549,0.3984
3506000,374.113067,1052,106,0.009090,0.3672
3508000,370.261710,1061,79,0.007408,0.4297
3510000,367.751839,1060,103,0.010886,0.3984
3512000,365.282040,1048,91,0.011991,0.3672
3514000,370.028718,1036,92,0.016049,0.4062
3516000,368.873839,1022,114,0.017258,0.3906
3518000,368.626032,1041,92,0.018892,0.4219
3520000,368.156422,1025,102,0.009144,0.4062
3522000,368.359478,1054,87,0.008866,0.3438
3524000,373.804743,1049,94,0.007430,0.3359
3526000,377.783791,1053,88,0.010866,0.2969
3528000,377.588175,1042,112,0.010825,0.4688
3530000,371.449611,1044,112,0.010945,0.4297
3532000,367.901430,1037,100,0.014954,0.3516
3534000,370.567911,1029,102,0.019712,0.3359
3536000,382.719975,1042,95,0.023450,0.4141
3538000,377.373715,1050,109,0.022532,0.3516
3540000,372.085375,1042,106,0.019798,0.3516
3542000,370.744643,1060,96,0.011639,0.3203
3544000,367.323003,1037,104,0.012112,0.3594
3546000,366.434520,1056,84,0.007049,0.3594
3548000,365.776918,1053,101,0.006235,0.3281
3550000,367.709435,1017,137,0.007683,0.4453
3552000,369.697659,1049,108,0.008495,0.3906
3554000,368.196094,1063,81,0.013598,0.4062
3556000,355.455435,1031,106,0.016331,0.4766
3558000,356.116638,1048,106,0.009464,0.3281
3560000,358.234316,1039,119,0.006812,0.3516
3562000,345.768528,1021,105,0.008268,0.3672
3564000,347.009547,1003,110,0.006870,0.3906
3566000,353.047660,1021,105,0.004359,0.4375
3568000,353.234051,1029,94,0.006020,0.3281
3570000,357.439959,1018,99,0.008092,0.4297
3572000,361.333475,1048,95,0.009366,0.3281
3574000,365.838175,1067,89,0.009398,0.4297
3576000,368.871446,1072,97,0.007673,0.3203
3578000,367.455660,1070,88,0.006611,0.3984
3580000,365.495408,1068,100,0.004386,0.3594
3582000,365.420028,1069,85,0.003521,0.5078
3584000,361.718808,1057,104,0.002217,0.4219
3586000,357.767591,1075,88,0.001740,0.3984
3588000,357.791622,1060,91,0.004137,0.3828
3590000,361.679875,1064,98,0.002150,0.4219
3592000,366.649704,1065,115,0.001125,0.4062
3594000,368.934439,1060,102,0.001295,0.3594
3596000,371.446860,1077,88,0.002177,0.3203
3598000,365.091470,1083,87,0.001616,0.3516
3600000,366.700915,1074,87,0.000587,0.3438
3602000,375.069559,1086,86,0.001306,0.3594
3604000,378.104392,1101,86,0.002369,0.3672
3606000,377.443910,1084,80,0.002063,0.2969
3608000,372.444310,1069,87,0.002331,0.3672
3610000,370.181950,1081,85,0.001870,0.3672
3612000,372.043323,1088,86,0.001345,0.3359
3614000,366.201079,1074,103,0.002944,0.3672
3616000,366.401655,1049,107,0.002909,0.3359
3618000,359.525980,1053,103,0.002704,0.3438
3620000,351.400355,1039,108,0.002360,0.4297
3622000,358.048430,1057,106,0.003720,0.3984
3624000,363.203228,1055,115,0.003377,0.5156
3626000,360.637608,1038,106,0.003661,0.4766
3628000,376.708700,1081,95,0.005515,0.3672
3630000,368.701395,1048,105,0.002781,0.2734
3632000,369.026124,1064,110,0.002036,0.2812
3634000,371.561843,1057,104,0.002069,0.2734
3636000,369.761963,1080,96,0.000744,0.3047
3638000,365.473019,1091,88,0.000771,0.3828
3640000,369.870456,1077,106,0.005364,0.3750
3642000,368.896156,1062,98,0.005150,0.3438
3644000,374.978207,1064,121,0.006234,0.4297
3646000,372.767827,1068,116,0.007506,0.3672
3648000,364.360447,1043,120,0.004050,0.3828
3650000,373.712478,1050,98,0.004448,0.3672
3652000,371.927068,1033,93,0.006383,0.3047
3654000,369.740719,1043,114,0.005547,0.4453
3656000,371.425790,1022,110,0.005991,0.4531
3658000,368.866851,1037,114,0.003561,0.3516
3660000,369.048808,1037,113,0.008892,0.4375
3662000,365.859768,1043,93,0.006629,0.2891
3664000,367.285415,1044,117,0.004464,0.3750
3666000,361.238654,1028,105,0.006929,0.4062
3668000,369.918579,1050,95,0.004034,0.3125
3670000,367.522028,1057,103,0.003277,0.3750
3672000,372.803095,1087,92,0.002952,0.3281
3674000,376.472219,1076,89,0.001970,0.2812
3676000,375.988935,1087,76,0.001872,0.3438
3678000,379.304894,1077,93,0.000890,0.3125
3680000,374.192510,1077,96,0.000693,0.2969
3682000,377.382560,1077,85,0.000666,0.2109
3684000,385.127583,1061,104,0.000421,0.3203
3686000,376.094060,1071,104,0.000644,0.3281
3688000,374.146875,1065,110,0.000048,0.2969
3690000,377.612375,1065,99,0.000343,0.3281
3692000,378.461320,1075,87,0.000305,0.3516
3694000,371.808380,1052,108,0.000505,0.3750
3696000,371.441083,1058,109,0.000269,0.3672
3698000,369.259998,1039,111,0.000632,0.3047
3700000,377.772539,1066,93,0.001401,0.2812
3702000,385.223528,1077,105,0.000364,0.5000
3704000,378.993667,1032,142,0.001032,0.4609
3706000,376.081923,1049,109,0.000645,0.3516
3708000,370.670475,1024,127,0.000657,0.4141
3710000,371.516880,1025,121,0.003200,0.4297
3712000,370.162439,1025,114,0.001545,0.4062
3714000,368.773212,1033,129,0.000990,0.4453
3716000,369.615591,1043,108,0.002260,0.3438
3718000,369.595087,1060,100,0.002046,0.2734
3720000,368.654974,1059,90,0.001966,0.4141
3722000,370.207259,1071,89,0.002667,0.3438
3724000,376.713974,1072,101,0.004012,0.4219
3726000,375.551558,1083,88,0.003397,0.3281
3728000,374.544752,1077,80,0.001748,0.3281
3730000,379.662839,1101,85,0.005612,0.3359
3732000,376.709672,1088,99,0.007329,0.3203
3734000,378.395310,1068,90,0.004556,0.3906
3736000,369.040230,1058,91,0.006249,0.3281
3738000,364.906695,1022,111,0.012472,0.3750
3740000,372.274280,1055,103,0.010684,0.3359
3742000,368.574860,1041,100,0.011664,0.3203
3744000,371.594275,1049,99,0.014931,0.3750
3746000,366.105779,1054,113,0.012521,0.3984
3748000,366.483575,1039,123,0.009445,0.5000
3750000,371.740268,1067,108,0.007561,0.3906
3752000,374.686348,1073,108,0.012899,0.4219
3754000,375.656536,1067,90,0.011140,0.3594
3756000,375.904131,1074,100,0.010422,0.3750
3758000,366.808039,1063,99,0.005725,0.2969
3760000,366.332800,1042,113,0.003431,0.3594
3762000,372.393487,1058,85,0.003248,0.3828
3764000,369.204083,1046,114,0.001134,0.4219
3766000,366.483446,1054,101,0.002017,0.3516
3768000,366.616342,1048,106,0.002515,0.3750
3770000,370.483095,1048,115,0.001163,0.4922
3772000,369.975534,1060,106,0.003030,0.4375
3774000,371.568951,1048,107,0.007384,0.4141
3776000,372.638547,1072,79,0.008649,0.2891
3778000,370.859491,1076,100,0.011519,0.3438
3780000,371.626528,1091,87,0.010476,0.3906
3782000,369.927656,1073,90,0.006453,0.2266
3784000,363.424575,1045,89,0.008261,0.3906
3786000,368.584359,1074,75,0.008720,0.3125
3788000,367.676896,1059,91,0.004021,0.4531
3790000,361.914920,1051,107,0.003407,0.3984
3792000,363.470678,1060,111,0.008685,0.3281
3794000,368.154435,1051,103,0.007643,0.3594
3796000,368.440995,1050,108,0.006600,0.3828
3798000,362.575111,1044,97,0.004311,0.3984
3800000,371.550470,1062,93,0.005405,0.3203
3802000,370.710168,1101,82,0.004741,0.3047
3804000,363.180950,1081,80,0.007799,0.3203
3806000,365.324335,1050,104,0.006552,0.3984
3808000,365.824150,1057,96,0.007787,0.3672
3810000,359.802511,1053,91,0.011390,0.2734
3812000,360.556648,1067,79,0.006676,0.2734
3814000,354.794664,1035,87,0.005401,0.3516
3816000,360.746950,1035,113,0.006042,0.4141
3818000,359.350540,1038,112,0.005163,0.4453
3820000,356.559734,1024,105,0.001725,0.4297
3822000,360.499420,1044,96,0.000559,0.3828
3824000,360.018334,1051,96,0.002021,0.3516
3826000,364.721819,1068,95,0.000904,0.3750
3828000,367.947958,1048,99,0.001342,0.3438
3830000,367.950494,1045,106,0.002527,0.3125
3832000,374.242732,1056,88,0.004441,0.4141
3834000,370.017007,1045,110,0.004449,0.3750
3836000,376.745190,1074,89,0.001082,0.3906
3838000,371.800216,1083,75,0.000780,0.2891
3840000,374.636315,1089,85,0.001988,0.3281
3842000,382.098974,1080,86,0.001705,0.3516
3844000,383.860094,1079,90,0.002570,0.3125
3846000,388.011595,1080,83,0.002641,0.3203
3848000,378.560236,1067,106,0.001488,0.4062
3850000,378.858175,1062,90,0.001689,0.3203
3852000,376.830750,1058,89,0.002742,0.3906
3854000,373.124012,1066,95,0.002975,0.3125
3856000,371.816060,1046,95,0.001167,0.3984
3858000,367.685070,1057,88,0.003464,0.2734
3860000,370.235707,1044,95,0.005922,0.4375
3862000,366.889395,1040,97,0.001726,0.3750
3864000,359.182348,1008,115,0.002565,0.4062
3866000,358.096832,1027,103,0.002158,0.3516
3868000,351.591966,1033,105,0.002332,0.3438
3870000,361.352460,1042,92,0.002440,0.4297
3872000,359.839035,1035,98,0.002591,0.3516
3874000,365.872350,1021,115,0.004747,0.3984
3876000,361.078419,1029,107,0.005661,0.3438
3878000,359.643574,1039,109,0.005773,0.4297
3880000,359.254998,1064,87,0.012115,0.3281
3882000,359.543590,1040,103,0.009587,0.3516
3884000,355.812443,1030,126,0.008506,0.3516
3886000,358.626503,1024,115,0.011126,0.4844
3888000,372.648447,1045,112,0.006648,0.3906
3890000,362.400239,1023,112,0.003904,0.4688
3892000,349.474854,1012,118,0.005383,0.4531
3894000,360.186990,1030,116,0.004070,0.3750
3896000,361.627875,1033,120,0.003987,0.3750
3898000,358.342350,1048,110,0.003936,0.3516
3900000,360.598830,1042,108,0.004972,0.4141
3902000,360.915175,1029,104,0.007568,0.3125
3904000,360.573559,1016,108,0.004596,0.4453
3906000,370.369919,1022,111,0.010487,0.3906
3908000,375.607350,1048,116,0.008853,0.4844
3910000,367.644891,1013,112,0.009966,0.4453
3912000,370.480503,1044,104,0.010688,0.3594
3914000,368.732459,1043,94,0.017131,0.3281
3916000,368.501974,1041,116,0.019256,0.4688
3918000,366.699695,1047,93,0.015067,0.4766
3920000,371.343395,1003,130,0.012994,0.3984
3922000,375.266351,1045,110,0.009802,0.3516
3924000,375.217635,1058,98,0.006343,0.3594
3926000,376.707206,1067,96,0.008570,0.3438
3928000,375.268670,1056,115,0.005558,0.4141
3930000,379.690360,1067,95,0.006838,0.3672
3932000,381.468222,1074,94,0.007655,0.3828
3934000,374.130912,1060,95,0.012002,0.4219
3936000,378.214800,1053,109,0.006745,0.4141
3938000,377.736959,1065,108,0.006080,0.4297
3940000,379.392248,1088,99,0.006491,0.3984
3942000,373.443980,1082,86,0.003420,0.4609
3944000,381.929710,1090,98,0.007327,0.2734
3946000,381.610635,1070,113,0.004178,0.3203
3948000,381.854716,1074,92,0.007824,0.3516
3950000,375.422675,1044,119,0.010959,0.3750
3952000,373.752183,1058,100,0.007754,0.3047
3954000,378.683320,1065,111,0.007867,0.3438
3956000,381.728640,1079,95,0.012780,0.4062
3958000,377.958375,1079,96,0.006401,0.4453
3960000,382.169595,1064,99,0.002427,0.4844
3962000,377.628390,1056,100,0.003867,0.4531
3964000,375.174190,1043,114,0.004200,0.3359
3966000,371.348958,1044,91,0.001169,0.3594
3968000,363.332550,1038,106,0.000872,0.4297
3970000,364.951612,1056,87,0.000907,0.3594
3972000,363.537695,1035,103,0.003466,0.3438
3974000,367.877606,1049,107,0.005574,0.2812
3976000,365.569024,1071,96,0.004693,0.3047
3978000,362.788527,1062,100,0.002881,0.4141
3980000,369.407835,1077,88,0.002430,0.3594
3982000,367.094342,1073,94,0.000437,0.4141
3984000,369.702199,1089,80,0.001433,0.3672
3986000,374.808535,1101,84,0.000591,0.3594
3988000,381.045772,1095,80,0.001847,0.3672
3990000,383.773112,1085,82,0.003686,0.4531
3992000,375.537999,1065,88,0.003265,0.3750
3994000,374.435774,1086,72,0.005452,0.3203
3996000,377.165574,1065,101,0.004526,0.3750
3998000,376.219804,1053,92,0.013491,0.2891
4000000,382.028135,1053,97,0.011707,0.3359
4002000,379.874615,1051,103,0.005508,0.3984
4004000,382.178719,1091,90,0.008020,0.3906
4006000,383.289916,1088,84,0.006333,0.3438
4008000,377.284303,1082,100,0.001844,0.3281
4010000,377.793959,1056,112,0.002033,0.4219
4012000,372.167406,1063,110,0.002797,0.4141
4014000,373.990236,1088,106,0.006213,0.4219
4016000,367.341356,1078,84,0.010970,0.3047
4018000,368.502528,1068,97,0.005607,0.3047
4020000,371.700671,1070,79,0.006415,0.3438
4022000,373.665980,1073,99,0.009059,0.3359
4024000,375.459550,1064,93,0.004763,0.3984
4026000,372.547382,1055,94,0.008816,0.3750
4028000,372.701527,1060,111,0.014436,0.3516
4030000,374.907918,1060,105,0.010724,0.3984
4032000,372.777712,1052,96,0.014794,0.3438
4034000,373.295263,1043,106,0.011057,0.3359
4036000,372.232720,1059,99,0.010069,0.4922
4038000,381.260755,1059,101,0.013182,0.2969
4040000,375.464411,1051,97,0.008340,0.3984
4042000,381.214318,1071,82,0.015168,0.4062
4044000,383.904328,1093,72,0.015545,0.2734
4046000,382.969587,1068,102,0.015492,0.4297
4048000,379.059175,1074,81,0.011392,0.2734
4050000,374.412422,1067,89,0.006468,0.4141
4052000,382.218940,1079,99,0.003891,0.3594
4054000,375.099656,1049,111,0.005288,0.3672
4056000,376.184423,1068,104,0.006423,0.3906
4058000,371.975187,1056,91,0.005944,0.3828
4060000,367.689535,1051,99,0.006355,0.3750
4062000,357.460015,1029,112,0.007100,0.3984
4064000,356.830350,1036,101,0.004905,0.4297
4066000,357.940803,1044,114,0.005331,0.3828
4068000,359.188750,1067,98,0.003833,0.3359
4070000,360.026455,1059,111,0.005489,0.3750
4072000,356.661315,1043,100,0.005854,0.3828
4074000,357.478979,1030,99,0.005343,0.3672
4076000,355.725608,1048,95,0.006714,0.4219
4078000,360.749414,1041,104,0.008199,0.3281
4080000,358.783448,1026,125,0.008809,0.3047
4082000,359.076683,1041,91,0.009197,0.4141
4084000,362.440894,1056,88,0.010623,0.3281
4086000,362.393750,1041,92,0.008403,0.3828
4088000,359.350923,1034,107,0.012325,0.4922
4090000,361.395379,1033,113,0.008702,0.3906
4092000,364.851807,1071,84,0.012184,0.3047
4094000,365.431299,1067,89,0.012839,0.3828
4096000,366.298142,1077,89,0.012602,0.3438
4098000,374.973451,1092,84,0.015978,0.3750
4100000,381.170959,1095,88,0.020519,0.3359
4102000,375.542215,1084,93,0.009958,0.2578
4104000,376.670790,1073,89,0.005177,0.2969
4106000,378.777411,1085,86,0.002611,0.3750
4108000,371.498511,1084,84,0.001102,0.4062
4110000,369.092656,1067,87,0.002410,0.3125
4112000,364.426879,1061,86,0.004491,0.3594
4114000,361.926955,1054,92,0.002056,0.3281
4116000,356.397115,1053,98,0.003269,0.3828
4118000,361.727500,1054,102,0.002016,0.4453
4120000,359.968536,1045,94,0.003192,0.4531
4122000,356.902875,1067,106,0.004620,0.3203
4124000,353.992071,1047,111,0.002541,0.3359
4126000,358.225875,1044,100,0.001761,0.3359
4128000,356.991003,1057,92,0.001537,0.3594
4130000,359.338792,1065,101,0.001800,0.3359
4132000,354.906411,1055,97,0.007116,0.2969
4134000,361.407887,1043,116,0.003974,0.4062
4136000,363.811499,1044,118,0.006755,0.3125
4138000,361.795030,1058,97,0.007195,0.3672
4140000,360.639695,1049,102,0.005057,0.4844
4142000,354.082140,1046,105,0.005116,0.3828
4144000,366.391358,1047,99,0.002012,0.4219
4146000,368.226598,1057,89,0.001291,0.3594
4148000,370.667863,1065,97,0.001515,0.3125
4150000,369.179176,1034,123,0.000912,0.4141
4152000,369.476686,1050,101,0.000295,0.4062
4154000,368.800075,1053,89,0.000460,0.2734
4156000,365.997086,1046,109,0.000150,0.3828
4158000,372.812279,1054,103,0.000432,0.4297
4160000,376.836632,1053,105,0.000380,0.3203
4162000,369.501795,1056,84,0.000393,0.3906
4164000,374.912350,1074,96,0.000489,0.3203
4166000,361.094535,1061,117,0.000673,0.3828
4168000,361.200510,1052,99,0.000162,0.4453
4170000,365.558534,1064,96,0.001172,0.3828
4172000,368.894012,1108,76,0.002340,0.2891
4174000,376.723888,1095,86,0.001464,0.3672
4176000,366.283736,1082,98,0.001611,0.4531
4178000,365.874519,1054,112,0.002754,0.4141
4180000,367.864790,1052,96,0.003864,0.4062
4182000,366.684040,1067,99,0.001951,0.3906
4184000,358.022480,1049,109,0.002112,0.3438
4186000,352.927628,1051,109,0.001439,0.2656
4188000,348.800310,1062,111,0.000546,0.4062
4190000,350.950038,1057,120,0.002360,0.4922
4192000,355.101923,1064,102,0.003067,0.3672
4194000,363.065487,1069,101,0.002000,0.3047
4196000,358.137150,1050,106,0.002287,0.3594
4198000,367.686835,1061,95,0.002436,0.3828
4200000,370.731420,1063,96,0.002015,0.3047
4202000,375.709430,1066,97,0.002929,0.2969
4204000,373.826934,1067,95,0.004974,0.3359
4206000,375.246184,1099,80,0.000955,0.3594
4208000,372.965856,1090,90,0.000508,0.2969
4210000,368.092876,1082,106,0.001175,0.4531
4212000,372.895851,1083,99,0.000401,0.3672
4214000,367.398416,1062,99,0.000293,0.3516
4216000,365.729247,1065,111,0.000655,0.3828
4218000,358.616779,1026,113,0.001164,0.3203
4220000,359.691016,1044,104,0.001067,0.3438
4222000,360.894203,1049,89,0.001825,0.3750
4224000,364.455575,1053,83,0.001488,0.3672
4226000,361.753443,1026,98,0.002802,0.3828
4228000,354.804022,1026,106,0.003444,0.4297
4230000,350.087068,999,117,0.006592,0.5703
4232000,351.489995,1022,108,0.003051,0.4531
4234000,351.447595,1036,101,0.004694,0.3828
4236000,361.282088,1051,89,0.005766,0.2500
4238000,361.703734,1066,86,0.003586,0.3672
4240000,365.026588,1069,99,0.000897,0.2891
4242000,366.346622,1068,94,0.000870,0.3828
4244000,363.394262,1055,89,0.001643,0.4062
4246000,375.542227,1070,80,0.001501,0.3672
4248000,366.178424,1050,108,0.000204,0.4531
4250000,367.757740,1047,100,0.000089,0.3672
4252000,362.949767,1049,92,0.000181,0.3984
4254000,362.433788,1052,104,0.000314,0.3125
4256000,362.284951,1024,96,0.000320,0.4141
4258000,366.488502,1032,98,0.000374,0.3281
4260000,364.922526,1002,105,0.000309,0.4297
4262000,368.498295,1014,121,0.000449,0.4453
4264000,364.360504,1025,113,0.002883,0.4219
4266000,370.417795,1039,97,0.002477,0.3750
4268000,368.993999,1045,108,0.001017,0.4453
4270000,373.579022,1081,91,0.001231,0.3125
4272000,369.693771,1075,91,0.001720,0.3906
4274000,365.064519,1069,108,0.002483,0.3359
4276000,368.420035,1078,90,0.002203,0.3359
4278000,365.188811,1062,74,0.004584,0.2812
4280000,365.274582,1039,87,0.004800,0.3906
4282000,359.287431,1041,94,0.004459,0.4375
4284000,360.871376,1052,103,0.005794,0.3203
4286000,364.738175,1051,99,0.008921,0.3750
4288000,366.394304,1064,90,0.007783,0.3906
4290000,366.500575,1050,104,0.007055,0.3828
4292000,361.859671,1046,112,0.010867,0.4062
4294000,364.826843,1072,101,0.007649,0.3125
4296000,363.253947,1075,91,0.004587,0.3438
4298000,371.133900,1074,90,0.010894,0.3203
4300000,363.085755,1062,95,0.023042,0.3047
4302000,363.904235,1070,79,0.025198,0.3516
4304000,366.374895,1058,90,0.016994,0.3203
4306000,369.431334,1041,110,0.014992,0.2969
4308000,363.702062,1061,101,0.010972,0.4219
4310000,369.205875,1063,99,0.015820,0.2109
4312000,376.202039,1080,100,0.016884,0.3750
4314000,374.092470,1079,93,0.015308,0.3438
4316000,375.790507,1059,96,0.020765,0.3438
4318000,382.150091,1062,109,0.015626,0.4375
4320000,377.655174,1067,110,0.017388,0.3750
4322000,377.772270,1068,96,0.018726,0.3125
4324000,380.986287,1051,109,0.027337,0.4219
4326000,378.283280,1061,96,0.015350,0.4141
4328000,380.903187,1064,82,0.015044,0.2969
4330000,372.478735,1069,79,0.009799,0.2812
4332000,376.578399,1040,88,0.013629,0.3750
4334000,373.961531,1036,98,0.011511,0.3438
4336000,372.431078,1033,114,0.021761,0.4531
4338000,367.035488,1046,101,0.017012,0.3359
4340000,361.159792,1041,88,0.016852,0.3438
4342000,362.530406,1029,97,0.020635,0.3906
4344000,372.111740,1048,95,0.025153,0.3125
4346000,372.364099,1027,106,0.024128,0.3906
4348000,368.961955,1051,86,0.025864,0.3984
4350000,365.202671,1041,106,0.025611,0.3984
4352000,370.712267,1052,95,0.026365,0.3906
4354000,370.187788,1051,101,0.027635,0.3047
4356000,374.891590,1061,98,0.030883,0.3516
4358000,373.179662,1061,114,0.026012,0.3906
4360000,375.359182,1041,103,0.033147,0.3984
4362000,374.003372,1040,103,0.027267,0.3516
4364000,377.983235,1072,90,0.020597,0.3281
4366000,380.941920,1069,104,0.022313,0.3984
4368000,381.404975,1065,106,0.019185,0.3906
4370000,378.472971,1058,117,0.022734,0.3984
4372000,375.622243,1049,98,0.017559,0.3125
4374000,373.256750,1048,113,0.017549,0.3203
4376000,378.921767,1057,91,0.014409,0.3906
4378000,382.824035,1081,94,0.015115,0.3047
4380000,380.884867,1068,86,0.015996,0.3828
4382000,380.893670,1073,105,0.016021,0.3828
4384000,376.414390,1075,87,0.018990,0.4219
4386000,376.466126,1062,99,0.011504,0.3438
4388000,376.137568,1066,96,0.009330,0.3438
4390000,370.716070,1071,102,0.007574,0.3281
4392000,365.128011,1042,114,0.005468,0.4297
4394000,370.759814,1065,89,0.008445,0.3672
4396000,365.941051,1063,87,0.005037,0.3047
4398000,363.517936,1063,104,0.002153,0.3359
4400000,363.716267,1066,103,0.004815,0.3594
4402000,364.164007,1056,89,0.004565,0.3125
4404000,374.523515,1064,94,0.004609,0.3125
4406000,370.114220,1072,95,0.007123,0.3672
4408000,363.664622,1046,103,0.003560,0.4141
4410000,362.452987,1058,97,0.004411,0.3438
4412000,371.475775,1080,82,0.005008,0.3438
4414000,365.042316,1052,85,0.004829,0.3828
4416000,371.083452,1088,70,0.005458,0.2734
4418000,370.669750,1077,82,0.004707,0.3672
4420000,373.053990,1085,84,0.008934,0.4922
4422000,370.637715,1047,94,0.005706,0.3516
4424000,365.848638,1058,89,0.008380,0.3359
4426000,372.944615,1070,72,0.009106,0.3047
4428000,374.943206,1078,91,0.009859,0.2422
4430000,377.725283,1084,84,0.010693,0.3203
4432000,374.782780,1065,106,0.007159,0.3594
4434000,380.672999,1094,93,0.002437,0.3516
4436000,378.617795,1103,75,0.003287,0.3438
4438000,373.111563,1087,85,0.003121,0.4062
4440000,371.495918,1097,86,0.004085,0.2734
4442000,373.337515,1083,110,0.001681,0.3203
4444000,371.159062,1059,101,0.001248,0.4219
4446000,375.654974,1091,97,0.002717,0.3438
4448000,374.668670,1081,93,0.002987,0.3672
4450000,382.661006,1101,87,0.002758,0.3281
4452000,382.332278,1087,95,0.002717,0.3047
4454000,384.256307,1087,92,0.003940,0.3281
4456000,379.238702,1070,97,0.012485,0.3672
4458000,374.525963,1069,99,0.004902,0.4219
4460000,377.586748,1052,105,0.009092,0.3984
4462000,380.006950,1065,123,0.005372,0.3828
4464000,373.881091,1061,97,0.004625,0.3438
4466000,366.875198,1068,84,0.006703,0.2891
4468000,363.339100,1059,92,0.002028,0.3750
4470000,366.089575,1049,99,0.002671,0.3984
4472000,371.604000,1065,93,0.005968,0.3906
4474000,371.858380,1072,83,0.005661,0.3281
4476000,382.787966,1084,95,0.005158,0.3828
4478000,383.197071,1080,90,0.004637,0.3984
4480000,378.082915,1095,89,0.009396,0.3203
4482000,377.131515,1075,93,0.006841,0.3516
4484000,367.623150,1033,114,0.004140,0.3516
4486000,367.235963,1046,96,0.005103,0.3906
4488000,371.897912,1079,81,0.005607,0.3203
4490000,373.383614,1066,81,0.007554,0.2891
4492000,373.497079,1068,81,0.007191,0.3359
4494000,372.000200,1059,100,0.010332,0.3281
4496000,373.071899,1062,98,0.006787,0.3828
4498000,364.287803,1079,82,0.004651,0.3047
4500000,368.261990,1063,95,0.004159,0.4141
4502000,374.164451,1079,112,0.005078,0.3750
4504000,369.095715,1063,80,0.008249,0.3906
4506000,367.268763,1052,100,0.004389,0.3516
4508000,368.078728,1046,103,0.001990,0.3125
4510000,364.425847,1059,90,0.003070,0.3281
4512000,374.214364,1082,101,0.006974,0.3359
4514000,369.919120,1057,106,0.005698,0.3516
4516000,367.211131,1053,95,0.001474,0.3125
4518000,368.923299,1071,113,0.001647,0.3438
4520000,368.280656,1068,102,0.000518,0.4688
4522000,365.627550,1063,105,0.001598,0.3281
4524000,361.341550,1059,103,0.000625,0.3125
4526000,364.053059,1059,85,0.002729,0.2812
4528000,362.094424,1049,88,0.003515,0.3906
4530000,362.232995,1046,87,0.002921,0.3750
4532000,363.230267,1051,90,0.001863,0.3047
4534000,360.925750,1060,86,0.001230,0.3672
4536000,362.330175,1048,95,0.000712,0.3906
4538000,363.044758,1025,111,0.002924,0.4531
4540000,363.026107,1037,118,0.005325,0.3906
4542000,362.316044,1047,102,0.004169,0.2812
4544000,358.579235,1038,99,0.002472,0.3516
4546000,354.447215,1039,106,0.001854,0.4062
4548000,354.103660,1061,76,0.001956,0.3281
4550000,355.772575,1046,92,0.002545,0.3203
4552000,349.936419,1031,105,0.000827,0.2969
4554000,349.064883,1013,106,0.001825,0.3359
4556000,352.581856,1035,84,0.001146,0.3281
4558000,361.960939,1084,79,0.001893,0.3750
4560000,359.125495,1055,104,0.002819,0.3047
4562000,355.408784,1048,98,0.003187,0.3672
4564000,358.327486,1059,93,0.002140,0.3750
4566000,363.933208,1078,95,0.002109,0.3359
4568000,369.801000,1072,103,0.002466,0.2812
4570000,371.333887,1078,103,0.004788,0.3516
4572000,369.838887,1076,80,0.003991,0.3203
4574000,369.099344,1085,72,0.003733,0.3672
4576000,366.901494,1063,110,0.001878,0.3750
4578000,371.193198,1058,95,0.002881,0.3906
4580000,377.191491,1058,99,0.006016,0.3281
4582000,381.633494,1070,86,0.003975,0.4062
4584000,376.214203,1074,86,0.004158,0.3516
4586000,376.728087,1075,109,0.008380,0.3359
4588000,381.825451,1073,97,0.011081,0.3594
4590000,381.771990,1078,88,0.010282,0.3438
4592000,376.654080,1076,90,0.010816,0.3516
4594000,383.234267,1070,82,0.016299,0.3359
4596000,374.906502,1079,78,0.016590,0.2734
4598000,379.419923,1073,99,0.010947,0.4531
4600000,371.957439,1061,98,0.008601,0.2656
4602000,381.836108,1087,94,0.015424,0.3828
4604000,372.109875,1083,91,0.014224,0.3359
4606000,377.504182,1086,103,0.015004,0.2969
4608000,371.252310,1088,93,0.016123,0.3047
4610000,375.329094,1086,91,0.012406,0.4219
4612000,374.663995,1065,114,0.013947,0.4609
4614000,375.393411,1073,95,0.011558,0.3750
4616000,369.079075,1076,94,0.012431,0.3828
4618000,370.113247,1052,103,0.013667,0.3594
4620000,361.103676,1030,93,0.012705,0.4297
4622000,363.246540,1028,97,0.005481,0.4219
4624000,363.684431,1011,114,0.006668,0.4219
4626000,361.399614,1038,100,0.006550,0.3125
4628000,364.191462,1042,92,0.008906,0.4141
4630000,362.579127,1038,106,0.011092,0.3828
4632000,362.390891,1032,93,0.015250,0.3984
4634000,365.300342,1050,77,0.021294,0.3906
4636000,373.356507,1068,73,0.023149,0.3594
4638000,373.562303,1059,89,0.027304,0.3516
4640000,364.759523,1048,93,0.024531,0.4141
4642000,365.075463,1036,104,0.021165,0.3672
4644000,369.430492,1055,104,0.019767,0.3281
4646000,368.411142,1058,96,0.011915,0.3672
4648000,370.180286,1051,97,0.011046,0.3359
4650000,370.818140,1071,96,0.009864,0.4141
4652000,368.927099,1063,104,0.008191,0.4062
4654000,373.834278,1055,97,0.006133,0.3828
4656000,372.118979,1053,94,0.004669,0.3281
4658000,379.166487,1060,97,0.004063,0.3828
4660000,381.097982,1073,98,0.002662,0.3359
4662000,384.327775,1045,114,0.001777,0.3359
4664000,375.497726,1066,100,0.006496,0.3438
4666000,369.390806,1065,91,0.005881,0.3906
4668000,364.573190,1036,87,0.007194,0.3516
4670000,367.646940,1032,106,0.008542,0.4375
4672000,364.665567,1023,109,0.007805,0.3594
4674000,370.311816,1030,116,0.004886,0.3359
4676000,364.543036,1027,117,0.006671,0.4141
4678000,368.479075,1022,125,0.003769,0.5000
4680000,365.251900,992,138,0.001744,0.5078
4682000,359.562415,1000,123,0.000512,0.3516
4684000,368.534654,1026,104,0.000304,0.3984
4686000,372.131918,1036,95,0.001167,0.3438
4688000,358.689219,1005,114,0.002259,0.4688
4690000,353.886780,1030,105,0.004927,0.3125
4692000,355.271526,1037,105,0.006238,0.4219
4694000,356.085480,1059,79,0.004949,0.3516
4696000,354.913270,1026,106,0.007652,0.3906
4698000,354.721606,1044,104,0.004642,0.4375
4700000,353.891868,1001,128,0.004141,0.4375
4702000,363.971103,1049,101,0.006513,0.4453
4704000,371.333384,1065,93,0.003054,0.3750
4706000,365.673891,1055,95,0.002022,0.3984
4708000,361.441511,1051,111,0.000375,0.4219
4710000,361.564102,1057,106,0.002181,0.3203
4712000,366.307483,1061,109,0.001424,0.3906
4714000,362.350471,1044,91,0.003887,0.3516
4716000,370.098894,1068,100,0.004754,0.3438
4718000,369.945723,1070,103,0.002740,0.3438
4720000,369.379550,1057,101,0.001875,0.3047
4722000,369.578744,1070,96,0.002281,0.4609
4724000,361.910319,1061,89,0.002631,0.3594
4726000,366.381103,1078,95,0.000961,0.3047
4728000,372.581807,1075,76,0.000913,0.2734
4730000,368.339199,1056,90,0.001776,0.2969
4732000,365.380408,1062,80,0.006674,0.3594
4734000,362.967279,1065,91,0.002586,0.4297
4736000,364.681702,1056,91,0.005321,0.3750
4738000,362.880519,1062,96,0.006060,0.3047
4740000,358.311262,1056,96,0.006691,0.2500
4742000,361.883199,1046,106,0.004315,0.3359
4744000,362.184768,1036,100,0.003882,0.3828
4746000,367.888800,1063,94,0.005200,0.3281
4748000,374.097347,1060,92,0.004244,0.3203
4750000,365.451500,1064,96,0.010123,0.4219
4752000,372.345239,1060,110,0.009040,0.4688
4754000,376.109062,1059,96,0.005364,0.4219
4756000,373.151323,1066,77,0.003918,0.3125
4758000,368.796940,1067,89,0.001443,0.3125
4760000,370.362988,1083,82,0.005908,0.3516
4762000,378.835619,1080,92,0.006396,0.2656
4764000,385.421571,1095,78,0.007676,0.3281
4766000,380.913128,1075,93,0.005750,0.3359
4768000,377.377471,1069,95,0.005678,0.3281
4770000,372.528559,1053,118,0.007341,0.3828
4772000,368.244478,1063,111,0.009235,0.4062
4774000,376.152430,1079,90,0.007476,0.4766
4776000,374.983075,1056,100,0.005733,0.4688
4778000,371.816614,1072,98,0.005210,0.3438
4780000,374.160003,1093,100,0.004657,0.3672
4782000,369.324875,1093,99,0.003725,0.3359
4784000,371.055719,1091,79,0.003785,0.2812
4786000,375.638988,1084,90,0.005453,0.3047
4788000,372.805647,1052,89,0.004813,0.4219
4790000,372.647036,1044,96,0.004385,0.4375
4792000,372.101422,1056,84,0.003075,0.3125
4794000,371.734870,1023,116,0.003327,0.3906
4796000,369.887628,1022,96,0.005612,0.4375
4798000,369.301103,1046,102,0.004350,0.3594
4800000,372.061359,1042,108,0.004689,0.3672
4802000,371.804918,1035,105,0.007751,0.3203
4804000,367.351260,1030,103,0.007533,0.3438
4806000,378.419895,1038,108,0.008990,0.3828
4808000,376.947475,1041,96,0.008210,0.3828
4810000,381.946574,1058,87,0.008182,0.3203
4812000,376.037275,1034,85,0.011985,0.3047
4814000,367.954942,1029,116,0.007579,0.3984
4816000,369.942535,1029,111,0.007724,0.3906
4818000,372.474140,1027,111,0.008149,0.4062
4820000,377.984326,1073,107,0.006879,0.3906
4822000,376.575535,1083,103,0.006708,0.4062
4824000,372.711550,1069,74,0.007138,0.3516
4826000,370.229063,1060,94,0.010294,0.3984
4828000,367.491582,1083,92,0.008150,0.3125
4830000,369.420390,1066,95,0.008924,0.3594
4832000,367.591206,1054,108,0.009319,0.4141
4834000,371.854435,1065,96,0.008524,0.4219
4836000,379.951203,1095,84,0.006464,0.3359
4838000,369.080600,1057,91,0.005334,0.3672
4840000,370.483635,1042,111,0.008961,0.3359
4842000,372.207843,1043,89,0.007768,0.2969
4844000,370.874910,1050,87,0.005071,0.4375
4846000,368.215118,1037,99,0.002590,0.3750
4848000,364.976118,1029,96,0.003035,0.3672
4850000,364.671375,1001,118,0.007824,0.3125
4852000,369.738939,1022,111,0.006048,0.4609
4854000,371.531870,1026,105,0.003031,0.3047
4856000,372.381791,1045,98,0.001998,0.3594
4858000,373.356240,1047,102,0.004372,0.4062
4860000,368.811195,1026,114,0.002868,0.3828
4862000,376.690534,1041,97,0.006706,0.3203
4864000,370.689455,1069,101,0.007500,0.3672
4866000,371.712742,1071,93,0.009324,0.4141
4868000,362.991350,1062,88,0.009470,0.3281
4870000,369.432012,1079,93,0.009026,0.4219
4872000,362.034375,1045,103,0.005940,0.3359
4874000,368.946380,1060,93,0.009523,0.3125
4876000,362.981315,1063,105,0.013165,0.3906
4878000,361.903887,1070,95,0.017320,0.3672
4880000,365.518259,1070,81,0.025289,0.3281
4882000,370.870776,1072,83,0.027428,0.3281
4884000,376.743632,1098,75,0.027432,0.2969
4886000,382.016927,1084,74,0.024950,0.3047
4888000,373.995903,1098,88,0.012601,0.2656
4890000,372.544659,1088,76,0.015000,0.3672
4892000,373.858350,1106,87,0.017166,0.3359
4894000,370.141566,1100,71,0.014561,0.3359
4896000,370.658631,1072,88,0.011143,0.4141
4898000,367.802910,1055,93,0.015724,0.3594
4900000,363.540667,1056,84,0.009025,0.3828
4902000,360.819160,1038,112,0.008541,0.3828
4904000,352.906135,1038,108,0.012946,0.3828
4906000,360.777280,1038,101,0.004304,0.3047
4908000,361.323855,1043,95,0.003607,0.3672
4910000,357.331276,1039,108,0.008826,0.3906
4912000,354.457142,1010,122,0.011845,0.4922
4914000,353.283870,1018,120,0.012143,0.3281
4916000,347.450504,1009,106,0.005736,0.3125
4918000,349.920231,1019,121,0.005333,0.3594
4920000,355.322575,1019,117,0.009878,0.3672
4922000,355.352763,1008,123,0.008555,0.4531
4924000,358.014600,1005,111,0.010529,0.3516
4926000,355.604230,1017,111,0.012179,0.4141
4928000,353.734327,1016,122,0.012989,0.3516
4930000,352.957980,1016,114,0.009905,0.3203
4932000,348.728035,1016,98,0.002181,0.3672
4934000,356.498759,1025,101,0.002431,0.3828
4936000,361.507675,1028,108,0.007123,0.3438
4938000,364.222398,1026,111,0.006247,0.4375
4940000,366.539487,1040,107,0.007080,0.3516
4942000,370.758086,1051,97,0.005363,0.3203
4944000,372.259567,1055,104,0.004101,0.4062
4946000,371.484835,1058,105,0.005606,0.3516
4948000,377.412595,1045,102,0.006910,0.3906
4950000,371.869342,1015,104,0.003046,0.3594
4952000,369.074671,1035,95,0.002298,0.4062
4954000,367.053847,1033,110,0.001155,0.3984
4956000,369.172718,1043,92,0.002705,0.2578
4958000,371.636639,1044,95,0.003074,0.4141
4960000,367.095400,1048,113,0.008112,0.3672
4962000,367.506455,1041,106,0.009425,0.2891
4964000,373.178254,1049,112,0.011378,0.3516
4966000,366.315580,1031,117,0.011342,0.3750
4968000,371.545595,1031,109,0.006765,0.3359
4970000,371.590759,1039,93,0.007078,0.3594
4972000,368.772743,1036,99,0.007132,0.3672
4974000,363.626840,1049,101,0.004069,0.3906
4976000,368.908492,1069,95,0.007354,0.3750
4978000,365.905963,1075,89,0.010150,0.3203
4980000,364.347375,1087,80,0.008709,0.3125
4982000,365.227084,1086,79,0.006927,0.3281
4984000,368.462099,1073,103,0.004611,0.3594
4986000,373.792220,1072,99,0.006894,0.3594
4988000,372.879900,1079,85,0.005930,0.2422
4990000,375.445480,1085,93,0.006802,0.4375
4992000,369.267815,1066,102,0.003537,0.4219
4994000,369.129275,1061,99,0.002688,0.3203
4996000,367.805983,1056,110,0.003020,0.3281
4998000,361.434950,1051,111,0.005076,0.4062
5000000,362.407855,1038,101,0.004217,0.3359
5002000,373.110363,1071,87,0.003883,0.3594
5004000,371.036883,1073,96,0.004804,0.3281
5006000,371.172728,1069,96,0.006056,0.3125
5008000,372.342999,1055,100,0.008301,0.4375
5010000,376.361503,1067,91,0.004553,0.3672
5012000,379.773083,1081,82,0.001952,0.4062
5014000,372.118790,1077,104,0.003645,0.3594
5016000,371.678435,1047,100,0.004804,0.3203
5018000,363.862119,1062,100,0.002902,0.3047
5020000,371.168287,1083,92,0.005792,0.3125
5022000,371.293526,1088,85,0.003905,0.3438
5024000,366.249020,1096,89,0.003887,0.4062
5026000,368.272982,1085,81,0.004391,0.4453
5028000,373.438686,1101,67,0.005883,0.2891
5030000,371.512695,1092,92,0.007000,0.3828
5032000,362.141931,1063,96,0.002732,0.3047
5034000,357.604824,1027,108,0.001054,0.4141
5036000,361.758134,1028,111,0.003275,0.3672
5038000,371.713654,1065,89,0.003929,0.3828
5040000,378.467103,1066,84,0.003615,0.3750
5042000,376.350335,1062,87,0.004401,0.3984
5044000,378.306659,1067,105,0.002087,0.3203
5046000,370.485180,1056,107,0.002254,0.3359
5048000,373.035894,1074,101,0.003505,0.4219
5050000,374.523999,1067,110,0.002771,0.4219
5052000,377.051040,1067,99,0.005416,0.4766
5054000,383.443084,1068,95,0.005023,0.3672
5056000,386.198022,1086,90,0.004761,0.3984
5058000,385.489763,1080,96,0.005566,0.3594
5060000,386.397014,1080,95,0.006432,0.3281
5062000,383.791999,1071,99,0.003413,0.3828
5064000,382.903447,1067,96,0.003811,0.3438
5066000,390.320975,1069,89,0.004586,0.3359
5068000,388.210878,1066,95,0.006286,0.3438
5070000,385.581011,1054,111,0.003817,0.2656
5072000,389.337560,1064,96,0.003908,0.3438
5074000,396.217974,1095,96,0.002640,0.3281
5076000,401.922875,1070,105,0.001625,0.3984
5078000,402.387815,1091,90,0.002502,0.3516
5080000,396.724195,1095,84,0.002326,0.3828
5082000,401.604076,1083,91,0.002803,0.3281
5084000,406.467576,1077,82,0.005344,0.2891
5086000,400.155787,1070,96,0.007024,0.3594
5088000,394.301295,1092,102,0.005488,0.4297
5090000,392.409755,1083,82,0.002926,0.3906
5092000,384.778543,1070,103,0.003899,0.4375
5094000,386.565467,1092,92,0.007200,0.3906
5096000,387.027366,1096,84,0.005262,0.4219
5098000,383.753164,1069,96,0.005032,0.3750
5100000,387.431182,1095,81,0.001922,0.3203
5102000,387.181070,1096,87,0.002366,0.2969
5104000,388.240510,1083,92,0.004532,0.3516
5106000,391.397054,1092,108,0.006992,0.3438
5108000,386.932110,1070,110,0.010465,0.3125
5110000,378.322320,1054,121,0.010837,0.4297
5112000,377.391494,1062,105,0.006174,0.4141
5114000,372.912175,1066,122,0.002910,0.5234
5116000,374.260615,1066,108,0.001514,0.3672
5118000,368.386351,1050,110,0.003542,0.3203
5120000,368.646860,1049,93,0.002067,0.2656
5122000,369.243920,1045,100,0.006233,0.3750
5124000,366.721280,1039,93,0.015786,0.3906
5126000,363.007142,1059,100,0.011426,0.3438
5128000,368.857678,1050,90,0.005783,0.3750
5130000,366.245103,1054,100,0.003248,0.3438
5132000,358.661934,1040,100,0.002553,0.3359
5134000,364.391175,1043,92,0.003193,0.3516
5136000,363.806075,1054,93,0.007369,0.3594
5138000,368.889967,1069,91,0.005539,0.3672
5140000,371.185287,1071,84,0.002197,0.3359
5142000,364.149320,1049,88,0.004459,0.2734
5144000,360.538315,1054,100,0.009021,0.3359
5146000,362.972480,1064,98,0.007718,0.4141
5148000,367.837616,1061,100,0.003190,0.3750
5150000,368.674732,1067,99,0.003515,0.3672
5152000,372.981646,1033,112,0.004651,0.5703
5154000,371.206003,1049,110,0.004443,0.4219
5156000,367.657935,1052,97,0.002666,0.3125
5158000,368.792495,1051,88,0.007086,0.3203
5160000,362.464376,1055,103,0.008022,0.3906
5162000,366.066750,1070,101,0.007214,0.2500
5164000,365.392535,1071,104,0.008130,0.4219
5166000,368.667175,1075,96,0.007085,0.4141
5168000,367.430460,1068,103,0.004950,0.3438
5170000,372.427547,1074,103,0.002855,0.3281
5172000,365.064875,1065,102,0.000955,0.2891
5174000,365.280411,1060,96,0.000645,0.3281
5176000,365.053639,1063,104,0.000661,0.4922
5178000,367.065407,1070,90,0.000735,0.3594
5180000,357.658648,1043,95,0.000363,0.4141
5182000,357.341910,1047,90,0.001416,0.4141
5184000,367.841990,1033,103,0.002068,0.3516
5186000,357.764300,1026,113,0.002497,0.3281
5188000,361.206307,1045,105,0.002223,0.3906
5190000,360.834199,1059,95,0.000785,0.2969
5192000,360.889278,1041,101,0.000928,0.3438
5194000,364.208540,1053,99,0.003056,0.3438
5196000,373.019055,1069,98,0.003977,0.2734
5198000,365.138416,1065,97,0.004625,0.3516
5200000,363.125678,1067,92,0.004055,0.2500
5202000,361.422646,1045,105,0.006381,0.4375
5204000,366.430924,1064,96,0.005569,0.3672
5206000,364.035567,1052,98,0.007037,0.3750
5208000,358.882863,1061,95,0.006012,0.3906
5210000,351.889059,1050,113,0.006639,0.4141
5212000,355.691036,1059,98,0.005375,0.2969
5214000,356.549356,1050,101,0.007500,0.3984
5216000,365.600675,1058,101,0.008500,0.3203
5218000,363.342976,1043,103,0.020023,0.3203
5220000,362.827740,1059,97,0.016423,0.3359
5222000,366.533294,1079,89,0.009216,0.3750
5224000,360.911590,1075,90,0.014878,0.3359
5226000,358.837059,1059,107,0.011991,0.4609
5228000,360.186767,1061,100,0.018151,0.3672
5230000,363.631943,1061,82,0.014569,0.3516
5232000,364.985734,1042,97,0.016288,0.2734
5234000,361.957100,1059,103,0.011616,0.3750
5236000,367.497219,1061,98,0.007642,0.4062
5238000,368.085943,1059,95,0.014517,0.4141
5240000,371.099707,1048,109,0.011517,0.3594
5242000,374.123366,1053,105,0.015554,0.3203
5244000,371.083784,1054,91,0.017191,0.2656
5246000,368.664635,1043,109,0.014540,0.4375
5248000,369.800024,1054,106,0.014700,0.4141
5250000,372.110022,1052,91,0.015254,0.4609
5252000,372.437959,1066,107,0.009993,0.3203
5254000,379.947324,1101,93,0.008209,0.3359
5256000,382.668675,1102,92,0.009304,0.4297
5258000,379.542243,1089,89,0.009475,0.3672
5260000,382.833454,1073,109,0.008209,0.2891
5262000,384.882871,1066,100,0.005798,0.3594
5264000,380.571287,1070,97,0.004268,0.3516
5266000,382.631836,1082,89,0.006327,0.3203
5268000,383.295646,1073,115,0.009574,0.3516
5270000,379.660648,1097,90,0.010696,0.2500
5272000,380.414559,1088,84,0.007629,0.3984
5274000,374.924887,1081,94,0.006893,0.3438
5276000,366.522012,1066,93,0.007580,0.3672
5278000,361.040519,1047,95,0.007726,0.3047
5280000,365.776022,1059,97,0.006328,0.2656
5282000,364.372620,1055,90,0.003078,0.3906
5284000,365.190700,1047,93,0.004329,0.3828
5286000,363.423143,1039,113,0.007313,0.3672
5288000,362.244639,1057,99,0.007017,0.3750
5290000,363.788812,1043,111,0.011332,0.3672
5292000,363.434895,1039,105,0.011719,0.3984
5294000,369.105615,1061,110,0.009291,0.4688
5296000,373.688703,1044,94,0.010226,0.4297
5298000,369.294091,1060,106,0.008613,0.3281
5300000,365.397176,1060,95,0.006480,0.3594
5302000,366.348691,1063,94,0.010089,0.3438
5304000,363.786940,1057,96,0.007933,0.3438
5306000,359.989235,1042,101,0.007111,0.4062
5308000,362.039699,1057,98,0.005345,0.3281
5310000,355.310815,1046,104,0.007029,0.3672
5312000,354.205947,1043,105,0.006006,0.3906
5314000,349.678835,1039,113,0.004173,0.4531
5316000,353.913435,1040,108,0.008608,0.3672
5318000,352.397512,1023,106,0.006615,0.3906
5320000,358.614696,1043,98,0.004524,0.3594
5322000,365.005654,1051,93,0.003696,0.4375
5324000,356.165487,1040,112,0.001101,0.2969
5326000,356.710031,1032,118,0.001035,0.3047
5328000,349.764816,1001,110,0.003006,0.4453
5330000,349.818400,1009,125,0.002315,0.4141
5332000,355.518636,1026,102,0.000582,0.3750
5334000,361.344083,1051,98,0.001794,0.3516
5336000,360.828771,1036,95,0.002313,0.3438
5338000,361.133280,1047,113,0.000951,0.4609
5340000,360.089350,1044,107,0.001732,0.4375
5342000,360.123644,1069,97,0.002289,0.3125
5344000,354.521304,1063,81,0.002950,0.2812
5346000,357.166375,1055,103,0.003005,0.2734
5348000,362.751375,1060,96,0.005005,0.3359
5350000,362.717315,1054,119,0.009845,0.4844
5352000,364.460144,1041,108,0.007499,0.3984
5354000,367.244796,1041,105,0.003250,0.3281
5356000,364.273755,1044,94,0.003037,0.3594
5358000,359.747179,1065,91,0.002839,0.2812
5360000,360.643644,1057,104,0.002383,0.3047
5362000,368.505559,1071,86,0.000456,0.4297
5364000,362.576140,1049,114,0.001138,0.3672
5366000,363.213304,1054,108,0.001156,0.4297
5368000,364.749176,1067,95,0.002170,0.3516
5370000,367.734352,1075,85,0.000642,0.3750
5372000,369.284254,1068,107,0.001886,0.3281
5374000,366.936927,1083,99,0.002776,0.3516
5376000,364.895430,1069,103,0.003145,0.3750
5378000,355.424092,1049,100,0.002102,0.4688
5380000,357.812235,1057,100,0.001814,0.3359
5382000,357.099208,1034,112,0.002118,0.3828
5384000,368.711107,1049,110,0.001728,0.3438
5386000,359.198175,1017,109,0.001298,0.4141
5388000,356.172227,1032,113,0.006130,0.3828
5390000,359.821711,1020,117,0.011461,0.3672
5392000,360.820135,1047,122,0.008715,0.4609
5394000,358.162755,1048,110,0.012289,0.3594
5396000,345.658231,1019,109,0.014574,0.3828
5398000,346.384363,1036,91,0.013619,0.3984
5400000,344.286163,1024,103,0.011137,0.2578
5402000,351.273999,1046,98,0.011738,0.3828
5404000,353.429766,1040,100,0.010140,0.2891
5406000,357.940715,1041,112,0.009759,0.4375
5408000,358.640668,1044,109,0.012395,0.4922
5410000,350.222495,1050,100,0.008990,0.4375
5412000,348.235807,1036,103,0.012835,0.3750
5414000,352.391511,1035,102,0.020038,0.4062
5416000,358.785283,1068,93,0.008339,0.3516
5418000,346.859308,1053,104,0.006148,0.3359
5420000,353.040159,1049,102,0.007774,0.3047
5422000,349.619143,1059,93,0.013907,0.3438
5424000,340.621968,1022,102,0.011261,0.3828
5426000,352.531086,1028,88,0.014180,0.4531
5428000,348.873175,1017,115,0.012301,0.4375
5430000,345.236488,996,129,0.015231,0.4453
5432000,347.259987,997,121,0.013656,0.4297
5434000,354.797191,1002,129,0.018607,0.3828
5436000,348.034028,996,127,0.009443,0.3906
5438000,352.009526,1001,104,0.008427,0.4141
5440000,353.478670,1022,98,0.012481,0.3047
5442000,345.866143,1015,112,0.013861,0.4297
5444000,348.548606,1038,107,0.010422,0.4062
5446000,352.717420,1042,109,0.007629,0.3594
5448000,347.287055,1055,89,0.009310,0.4141
5450000,353.909548,1032,101,0.009934,0.3516
5452000,352.363947,1017,112,0.008484,0.3516
5454000,356.109431,1030,112,0.006160,0.3906
5456000,352.822126,1024,111,0.007362,0.2578
5458000,354.304392,1044,104,0.008638,0.3984
5460000,349.684495,1046,91,0.011141,0.3359
5462000,346.533435,1024,108,0.009064,0.3672
5464000,343.141256,1015,115,0.013120,0.4609
5466000,338.844892,1018,100,0.017147,0.4609
5468000,343.554158,1040,97,0.010716,0.3516
5470000,345.113563,1022,99,0.005971,0.4609
5472000,342.286348,1003,115,0.002653,0.4766
5474000,344.424156,1005,131,0.004512,0.4062
5476000,346.541720,1027,105,0.005104,0.3047
5478000,349.489263,1039,105,0.005347,0.3750
5480000,362.731544,1045,100,0.007882,0.3984
5482000,362.440380,1044,107,0.010829,0.4844
5484000,360.893196,1036,100,0.009419,0.3750
5486000,365.943500,1032,97,0.012566,0.5000
5488000,362.166615,1031,109,0.007367,0.3594
5490000,374.845580,1059,89,0.011510,0.3203
5492000,367.776254,1036,93,0.010055,0.3672
5494000,375.597655,1039,100,0.012486,0.3906
5496000,376.160695,1051,85,0.007748,0.3281
5498000,379.943295,1064,89,0.010537,0.4297
5500000,378.922303,1063,99,0.007236,0.4297
5502000,383.037875,1067,106,0.008791,0.3203
5504000,382.829694,1061,101,0.010031,0.3828
5506000,384.594380,1079,86,0.011358,0.2812
5508000,390.226348,1085,87,0.015446,0.3047
5510000,395.278267,1103,81,0.011883,0.2812
5512000,390.229167,1094,89,0.006013,0.2891
5514000,385.536991,1097,78,0.005695,0.4297
5516000,385.213535,1106,85,0.005299,0.4219
5518000,383.143100,1093,79,0.005200,0.3672
5520000,377.943280,1089,82,0.006080,0.3672
5522000,378.860583,1090,91,0.005029,0.3281
5524000,380.409675,1094,78,0.005137,0.2891
5526000,385.746731,1083,86,0.009158,0.3281
5528000,381.934723,1077,89,0.004710,0.3438
5530000,387.316968,1080,78,0.007139,0.3281
5532000,385.642910,1064,87,0.006711,0.2891
5534000,383.442175,1066,97,0.007284,0.3438
5536000,385.100652,1075,97,0.002064,0.3750
5538000,386.304623,1095,71,0.002716,0.2266
5540000,382.484782,1102,82,0.005771,0.3906
5542000,375.134467,1090,94,0.005072,0.3438
5544000,369.876163,1079,97,0.005006,0.3750
5546000,369.587180,1071,85,0.004726,0.3516
5548000,367.390019,1063,104,0.006459,0.3828
5550000,371.198430,1071,105,0.006484,0.3359
5552000,376.268143,1064,103,0.007999,0.3750
5554000,386.126059,1088,87,0.014241,0.2812
5556000,386.553886,1073,92,0.013010,0.3281
5558000,387.700102,1094,111,0.014962,0.3906
5560000,380.242120,1063,94,0.014630,0.3594
5562000,373.643504,1072,103,0.012893,0.3750
5564000,377.468918,1059,113,0.007860,0.3984
5566000,379.973671,1103,93,0.011506,0.3750
5568000,382.167663,1107,80,0.010078,0.3516
5570000,383.584492,1109,76,0.009475,0.3047
5572000,377.754238,1103,71,0.007591,0.3906
5574000,369.470835,1078,86,0.011519,0.3750
5576000,378.415822,1109,76,0.016956,0.3359
5578000,373.612220,1091,90,0.013277,0.3359
5580000,368.266118,1060,96,0.024474,0.3906
5582000,373.251400,1086,88,0.025962,0.3516
5584000,381.308475,1078,83,0.023489,0.3906
5586000,380.081270,1063,92,0.022879,0.4062
5588000,377.809094,1061,100,0.020090,0.3203
5590000,379.796510,1096,73,0.024250,0.3203
5592000,385.392624,1085,92,0.026313,0.2891
5594000,394.271334,1094,86,0.031355,0.3828
5596000,382.766380,1080,99,0.021456,0.4062
5598000,376.344908,1071,99,0.023333,0.3984
5600000,377.352054,1074,103,0.030166,0.2656
5602000,383.747515,1073,96,0.033416,0.4531
5604000,390.317792,1088,92,0.038769,0.2891
5606000,389.070616,1104,78,0.036950,0.3438
5608000,388.500860,1112,73,0.026527,0.3828
5610000,384.159022,1081,96,0.019966,0.3281
5612000,384.143678,1103,81,0.024581,0.2891
5614000,385.880991,1107,81,0.020206,0.3984
5616000,381.948915,1089,94,0.025307,0.3594
5618000,384.699374,1102,97,0.019584,0.3672
5620000,381.181655,1081,85,0.025404,0.3125
5622000,384.793064,1077,86,0.021996,0.3438
5624000,385.613347,1099,73,0.016346,0.3047
5626000,377.574040,1081,98,0.013127,0.3359
5628000,369.039270,1063,99,0.011332,0.2578
5630000,369.454854,1054,114,0.012614,0.4453
5632000,371.767487,1055,105,0.007225,0.5312
5634000,372.664283,1047,116,0.012451,0.3281
5636000,377.121263,1053,109,0.010899,0.3984
5638000,380.026279,1050,104,0.010467,0.4141
5640000,383.302415,1052,95,0.018173,0.4766
5642000,383.814560,1061,104,0.019485,0.3438
5644000,386.908000,1054,100,0.020867,0.3750
5646000,384.318190,1076,85,0.019712,0.3906
5648000,383.021399,1080,90,0.017029,0.3203
5650000,373.947927,1066,91,0.022775,0.4766
5652000,378.679902,1066,112,0.020879,0.4375
5654000,384.372240,1054,118,0.014273,0.4531
5656000,385.418220,1052,116,0.016235,0.3281
5658000,381.779471,1066,97,0.018224,0.4531
5660000,382.100952,1069,103,0.015022,0.3828
5662000,381.787196,1068,90,0.018745,0.3828
5664000,384.197126,1069,99,0.014801,0.3125
5666000,383.433059,1062,97,0.014554,0.4297
5668000,375.962742,1045,102,0.014144,0.3906
5670000,379.332355,1046,100,0.013716,0.3750
5672000,375.898187,1045,105,0.015810,0.3672
5674000,372.737318,1067,91,0.006398,0.4375
5676000,375.939591,1076,91,0.005127,0.3125
5678000,373.773080,1054,111,0.003314,0.3203
5680000,373.179051,1063,95,0.005881,0.3750
5682000,377.662416,1064,93,0.006369,0.4297
5684000,377.943116,1053,105,0.004359,0.4766
5686000,378.354400,1067,111,0.003881,0.4297
5688000,374.447990,1068,101,0.002115,0.3438
5690000,369.055088,1070,93,0.000949,0.3516
5692000,367.655167,1071,98,0.002333,0.2500
5694000,366.776631,1064,102,0.001940,0.3203
5696000,362.182428,1059,110,0.003230,0.4453
5698000,362.295207,1061,96,0.003767,0.3438
5700000,368.673615,1058,93,0.004168,0.4219
5702000,369.609647,1075,87,0.002822,0.4531
5704000,370.840935,1078,89,0.003678,0.2969
5706000,371.670091,1090,84,0.003986,0.3438
5708000,374.880910,1097,106,0.003370,0.3516
5710000,369.644734,1086,97,0.003908,0.3984
5712000,374.021404,1085,95,0.004873,0.3750
5714000,380.804475,1083,105,0.005044,0.3281
5716000,378.995742,1080,108,0.003627,0.3125
5718000,383.400719,1072,109,0.009108,0.3750
5720000,383.309015,1089,87,0.008145,0.3516
5722000,378.170239,1075,90,0.006632,0.3828
5724000,372.960831,1061,89,0.011525,0.2891
5726000,371.673544,1065,94,0.012624,0.3438
5728000,374.550412,1083,98,0.011993,0.3438
5730000,373.767731,1087,86,0.008201,0.3359
5732000,373.483118,1076,109,0.007656,0.3984
5734000,371.541887,1072,106,0.010468,0.3203
5736000,373.776863,1057,102,0.015470,0.3047
5738000,370.240440,1068,96,0.010173,0.3516
5740000,370.671640,1066,88,0.009779,0.2812
5742000,369.148928,1066,91,0.015039,0.3281
5744000,372.915942,1068,87,0.011863,0.2891
5746000,374.911123,1091,87,0.009094,0.2969
5748000,374.547475,1102,92,0.005300,0.3828
5750000,375.251191,1096,79,0.014996,0.2734
5752000,375.268119,1081,91,0.019876,0.4219
5754000,371.742123,1059,106,0.017932,0.3047
5756000,374.125326,1057,110,0.019397,0.4375
5758000,371.521183,1054,95,0.013392,0.3594
5760000,366.102727,1045,105,0.011190,0.4219
5762000,367.992419,1067,87,0.007713,0.3047
5764000,374.089975,1071,95,0.006498,0.3984
5766000,374.973383,1088,92,0.010684,0.2344
5768000,373.650667,1064,107,0.014256,0.3828
5770000,375.195720,1064,90,0.015971,0.3594
5772000,372.450470,1059,103,0.015467,0.3594
5774000,369.499088,1034,126,0.014505,0.5000
5776000,376.336415,1072,92,0.013179,0.3438
5778000,379.155222,1050,91,0.010719,0.3828
5780000,383.892552,1041,114,0.011573,0.4062
5782000,385.283724,1036,121,0.019447,0.3906
5784000,384.702783,1052,86,0.013356,0.3438
5786000,378.210235,1075,84,0.011809,0.4062
5788000,384.285751,1054,101,0.012926,0.4453
5790000,384.346699,1054,98,0.011270,0.3359
5792000,381.101184,1058,97,0.010705,0.3750
5794000,387.852335,1066,98,0.007473,0.3125
5796000,391.746190,1069,113,0.009780,0.3672
5798000,398.428104,1078,98,0.010902,0.3047
5800000,394.821955,1072,103,0.016460,0.3359
5802000,395.694635,1091,90,0.019344,0.3594
5804000,392.890358,1072,104,0.020522,0.3750
5806000,388.133164,1068,99,0.016874,0.3750
5808000,382.770875,1087,79,0.011524,0.3281
5810000,385.634576,1103,80,0.008810,0.3438
5812000,380.221043,1092,91,0.006795,0.3516
5814000,375.155356,1073,97,0.006222,0.3828
5816000,381.325307,1096,97,0.005812,0.3281
5818000,379.655955,1083,93,0.003995,0.3281
5820000,385.668247,1105,79,0.004944,0.3125
5822000,378.610855,1103,85,0.002878,0.3047
5824000,373.496604,1088,91,0.000016,0.2969
5826000,370.803579,1083,94,0.000136,0.2969
5828000,372.672347,1087,91,0.000089,0.3047
5830000,372.194910,1081,97,0.000101,0.3125
5832000,377.080335,1088,92,0.000242,0.3594
5834000,374.389119,1073,93,0.000396,0.3438
5836000,375.492600,1077,110,0.000159,0.3828
5838000,376.336495,1090,86,0.000513,0.4062
5840000,384.233438,1087,87,0.000057,0.3281
5842000,382.257987,1114,72,0.000295,0.2812
5844000,383.289595,1111,81,0.001466,0.4219
5846000,373.715595,1092,95,0.001405,0.4141
5848000,374.402715,1089,97,0.000699,0.3516
5850000,378.361568,1089,98,0.002353,0.3672
5852000,369.817004,1066,109,0.002322,0.3438
5854000,374.848515,1079,82,0.007424,0.3125
5856000,368.845075,1057,96,0.004903,0.2969
5858000,367.248135,1045,106,0.006327,0.3359
5860000,370.208390,1057,106,0.005203,0.3125
5862000,369.263435,1036,116,0.009119,0.4688
5864000,365.783118,1042,93,0.005460,0.2969
5866000,363.369931,1063,100,0.002727,0.4297
5868000,366.095702,1051,95,0.004167,0.2891
5870000,366.562942,1049,110,0.003377,0.4297
5872000,362.033107,1048,99,0.004878,0.3203
5874000,362.265278,1039,102,0.006522,0.3438
5876000,358.897180,1058,92,0.004502,0.2969
5878000,362.458702,1058,95,0.006670,0.3672
5880000,361.964447,1062,109,0.002295,0.4766
5882000,363.314364,1056,120,0.001358,0.3359
5884000,364.013191,1039,133,0.004041,0.4062
5886000,360.929772,1047,104,0.003672,0.3906
5888000,363.531270,1071,98,0.000869,0.4531
5890000,363.812876,1059,89,0.002993,0.3047
5892000,362.642127,1051,96,0.007171,0.3828
5894000,364.663384,1058,96,0.009037,0.3750
5896000,360.707246,1057,92,0.008427,0.3594
5898000,358.825304,1028,120,0.010057,0.3359
5900000,359.309672,1036,117,0.009353,0.3906
5902000,360.152411,1033,123,0.007287,0.3750
5904000,366.802750,1043,94,0.006603,0.3672
5906000,363.746334,1050,104,0.007809,0.3203
5908000,364.132139,1072,83,0.005126,0.5156
5910000,368.321187,1065,89,0.004029,0.4766
5912000,366.515598,1069,97,0.007600,0.2344
5914000,362.422072,1073,102,0.006825,0.4219
5916000,359.922159,1073,91,0.002636,0.4609
5918000,365.351950,1067,100,0.001516,0.3438
5920000,364.852574,1065,106,0.000624,0.2578
5922000,370.726320,1078,88,0.000024,0.3203
5924000,372.580280,1071,80,0.000489,0.3438
5926000,366.016280,1070,97,0.002314,0.3125
5928000,372.463919,1083,101,0.004155,0.3203
5930000,371.164199,1080,98,0.003683,0.4219
5932000,377.925395,1066,91,0.006549,0.2734
5934000,372.831486,1065,104,0.004969,0.4297
5936000,368.519875,1051,101,0.006577,0.3594
5938000,371.278446,1048,112,0.004701,0.3359
5940000,380.489235,1052,108,0.007190,0.4219
5942000,377.806119,1041,108,0.004280,0.3672
5944000,376.895446,1075,111,0.003883,0.4141
5946000,376.850630,1054,97,0.002584,0.3516
5948000,374.706764,1030,108,0.001842,0.3438
5950000,376.527463,1034,111,0.001669,0.3203
5952000,378.691622,1052,116,0.004974,0.4219
5954000,373.656246,1067,96,0.003914,0.2969
5956000,372.265043,1071,106,0.003620,0.3516
5958000,372.016284,1076,92,0.003769,0.3672
5960000,375.557859,1081,91,0.012485,0.3438
5962000,373.803254,1080,98,0.014810,0.3984
5964000,378.140239,1076,96,0.008015,0.3984
5966000,375.210124,1048,107,0.010748,0.3828
5968000,373.347975,1045,108,0.010140,0.3672
5970000,376.749320,1055,103,0.006515,0.3516
5972000,381.543707,1075,83,0.008923,0.3906
5974000,383.821855,1054,94,0.007901,0.4375
5976000,379.412847,1071,87,0.002204,0.3906
5978000,384.306455,1085,75,0.007310,0.3281
5980000,385.872816,1063,109,0.005233,0.4219
5982000,388.956827,1085,94,0.002603,0.3438
5984000,392.592803,1071,96,0.000742,0.3281
5986000,399.027510,1072,105,0.001329,0.3516
5988000,401.320840,1069,102,0.001696,0.3750
5990000,403.116960,1097,77,0.001400,0.3516
5992000,402.350775,1076,89,0.001620,0.3281
5994000,400.465375,1083,102,0.001740,0.3359
5996000,392.341575,1094,103,0.000607,0.3281
5998000,382.973920,1080,98,0.000023,0.4531
6000000,382.753607,1084,89,0.000849,0.3359
6002000,387.375150,1077,108,0.000424,0.4766
6004000,385.013811,1095,93,0.000985,0.2969
6006000,384.484972,1083,100,0.003691,0.3672
6008000,385.840588,1104,87,0.001862,0.2969
6010000,386.745111,1101,93,0.000870,0.3047
6012000,384.750371,1109,90,0.000167,0.3906
6014000,376.227283,1087,83,0.000592,0.3047
6016000,373.019846,1068,81,0.002508,0.3125
6018000,365.180343,1047,92,0.000048,0.3672
6020000,370.372371,1041,102,0.000104,0.4375
6022000,373.497839,1064,91,0.001002,0.3359
6024000,368.409110,1060,105,0.001834,0.3672
6026000,368.520600,1054,111,0.000788,0.2891
6028000,365.964579,1042,117,0.001376,0.3125
6030000,363.053008,1054,92,0.000070,0.2969
6032000,359.268270,1044,108,0.001794,0.3750
6034000,361.453120,1041,110,0.002956,0.4062
6036000,367.958560,1067,105,0.003713,0.3984
6038000,365.536750,1075,94,0.002443,0.3828
6040000,361.700982,1109,70,0.000807,0.2969
6042000,359.190151,1077,85,0.002306,0.3750
6044000,360.414995,1091,85,0.002451,0.3359
6046000,362.730590,1078,99,0.001934,0.3516
6048000,354.514750,1028,103,0.002441,0.4375
6050000,352.901548,1043,103,0.001122,0.4688
6052000,352.084575,1031,90,0.001099,0.4375
6054000,356.805823,1023,118,0.004962,0.2891
6056000,356.445584,1008,115,0.006147,0.4219
6058000,356.913144,1027,86,0.008298,0.3359
6060000,347.794102,990,121,0.008184,0.4609
6062000,346.926400,1021,105,0.004337,0.3750
6064000,349.153623,1018,104,0.004789,0.3594
6066000,347.835848,999,121,0.002152,0.4609
6068000,351.589147,1023,110,0.006572,0.3906
6070000,349.959598,998,121,0.005564,0.4375
6072000,357.898015,1026,99,0.000999,0.3516
6074000,364.328764,1033,114,0.002652,0.3594
6076000,361.440895,1040,110,0.005747,0.3828
6078000,356.837326,1038,105,0.005195,0.3203
6080000,357.366675,1036,97,0.005931,0.4766
6082000,358.892887,1036,100,0.009924,0.4062
6084000,354.141756,1041,95,0.009773,0.3359
6086000,351.534582,1052,92,0.009992,0.3594
6088000,360.643611,1074,84,0.008160,0.3594
6090000,354.368214,1063,87,0.001626,0.2734
6092000,346.353720,1026,107,0.000779,0.3438
6094000,351.013254,1040,88,0.001544,0.3438
6096000,358.449846,1058,92,0.003918,0.3047
6098000,356.625763,1065,94,0.002905,0.4219
6100000,358.663591,1052,102,0.001999,0.3906
6102000,360.731148,1049,107,0.002901,0.4531
6104000,360.465758,1029,100,0.005716,0.4297
6106000,360.234019,1047,93,0.001407,0.3828
6108000,364.339427,1055,96,0.003259,0.3828
6110000,357.784331,1024,117,0.002965,0.4766
6112000,357.907775,1048,95,0.002010,0.4062
6114000,353.936876,1038,102,0.002176,0.4297
6116000,357.781792,1050,94,0.003141,0.4141
6118000,355.391792,1039,125,0.001156,0.3281
6120000,354.328735,1020,104,0.000554,0.2969
6122000,362.404600,1023,104,0.004472,0.3984
6124000,357.433251,999,124,0.005645,0.4062
6126000,357.297159,1010,112,0.008411,0.3906
6128000,360.427120,1024,120,0.009830,0.3984
6130000,356.229240,1021,115,0.004441,0.3594
6132000,359.189391,1004,122,0.004602,0.4297
6134000,356.169142,1006,112,0.003150,0.3828
6136000,350.122187,1025,117,0.001039,0.3516
6138000,349.349107,1036,96,0.001333,0.3672
6140000,348.584811,1032,113,0.001048,0.4609
6142000,344.136631,1053,93,0.000595,0.3594
6144000,346.684638,1024,110,0.000667,0.3906
6146000,354.759415,1035,114,0.000953,0.3984
6148000,362.649870,1064,96,0.000252,0.3047
6150000,358.592030,1034,94,0.000694,0.3359
6152000,358.854399,1033,96,0.002395,0.3828
6154000,351.748044,1034,93,0.000783,0.3281
6156000,353.173144,1024,93,0.001875,0.3125
6158000,356.143246,1037,105,0.002655,0.2969
6160000,364.380400,1051,94,0.004228,0.3750
6162000,369.914816,1076,89,0.003328,0.3906
6164000,368.601180,1086,99,0.001044,0.3594
6166000,367.361075,1078,103,0.000404,0.3516
6168000,371.488704,1065,93,0.000237,0.3828
6170000,366.549398,1064,79,0.001159,0.3203
6172000,354.488799,1053,82,0.003251,0.4062
6174000,358.429911,1060,85,0.002433,0.3281
6176000,360.400875,1038,104,0.009296,0.3906
6178000,361.334806,1038,117,0.009643,0.3672
6180000,360.153815,1040,105,0.002881,0.3906
6182000,359.908095,1045,106,0.001717,0.4531
6184000,359.602268,1054,94,0.001493,0.3047
6186000,353.436671,1012,109,0.002189,0.4531
6188000,359.260791,1021,113,0.008470,0.3906
6190000,361.235075,1037,105,0.007159,0.3672
6192000,354.466151,1019,89,0.003771,0.4297
6194000,353.046747,1025,94,0.005447,0.2891
6196000,351.180780,1041,102,0.003930,0.3906
6198000,353.069544,1048,103,0.001669,0.3594
6200000,352.383643,1030,98,0.000567,0.4062
6202000,348.835259,1020,111,0.002015,0.3672
6204000,355.803875,1039,100,0.001547,0.4297
6206000,354.261148,1050,107,0.000626,0.3672
6208000,364.004942,1060,96,0.002845,0.3125
6210000,362.707003,1056,100,0.003153,0.4141
6212000,367.635919,1052,92,0.004265,0.3828
6214000,366.606968,1065,86,0.001109,0.3359
6216000,369.296320,1041,100,0.000173,0.3438
6218000,365.393100,1024,104,0.000410,0.3906
6220000,358.361431,1017,114,0.000215,0.4375
6222000,364.644935,1053,107,0.000514,0.4141
6224000,361.267075,1025,103,0.000020,0.3906
6226000,357.661563,1029,115,0.001046,0.3281
6228000,355.189094,1019,113,0.000767,0.3516
6230000,354.145135,1039,100,0.002706,0.3438
6232000,353.330352,1036,111,0.004235,0.3750
6234000,359.218679,1037,91,0.004496,0.4297
6236000,355.877895,1028,109,0.001342,0.3594
6238000,352.637707,1006,126,0.000123,0.3984
6240000,354.961135,1033,121,0.000020,0.3516
6242000,358.054400,1031,111,0.000094,0.3359
6244000,356.818342,1015,112,0.000176,0.3984
6246000,351.347196,1009,112,0.000211,0.4219
6248000,356.350716,1024,99,0.000088,0.3750
6250000,354.506431,1008,117,0.000095,0.4531
6252000,348.474460,1015,108,0.000056,0.4453
6254000,346.873040,1023,103,0.000389,0.3672
6256000,352.547884,1020,119,0.006576,0.4062
6258000,351.676604,1023,119,0.010855,0.4062
6260000,347.710495,1029,100,0.007220,0.2969
6262000,350.080760,1016,119,0.007625,0.3984
6264000,353.791455,1035,93,0.008272,0.4844
6266000,352.894560,1041,86,0.009855,0.3047
6268000,357.892455,1027,98,0.011808,0.4062
6270000,356.873832,1054,94,0.007644,0.3359
6272000,363.293031,1066,87,0.007027,0.3516
6274000,361.457747,1049,116,0.011194,0.3828
6276000,362.472376,1060,94,0.009020,0.3594
6278000,359.554327,1061,107,0.012468,0.4062
6280000,363.052399,1066,88,0.010520,0.4219
6282000,366.108990,1050,106,0.006919,0.3516
6284000,365.825366,1055,107,0.005568,0.5234
6286000,355.841248,1055,90,0.013407,0.2969
6288000,355.451795,1028,115,0.016035,0.3750
6290000,361.393355,1023,95,0.011908,0.4375
6292000,362.369564,1030,99,0.011170,0.3203
6294000,364.374435,1031,112,0.011885,0.3594
6296000,361.855047,1055,109,0.013262,0.2969
6298000,367.927526,1033,109,0.010547,0.3750
6300000,378.410551,1061,97,0.012917,0.3359
6302000,382.491607,1067,110,0.014607,0.3359
6304000,373.490400,1059,89,0.014847,0.3281
6306000,373.358632,1064,85,0.011861,0.4375
6308000,373.450207,1044,98,0.013637,0.4062
6310000,370.293624,1059,82,0.008016,0.3359
6312000,369.281238,1054,95,0.010465,0.4297
6314000,366.988950,1050,105,0.010157,0.3750
6316000,371.751692,1055,101,0.014571,0.3047
6318000,366.378462,1055,95,0.019598,0.3359
6320000,364.543150,1060,94,0.023385,0.3828
6322000,366.413871,1055,97,0.023352,0.4297
6324000,356.617267,1037,102,0.017646,0.4062
6326000,361.014656,1058,89,0.022547,0.3438
6328000,362.802390,1062,80,0.017338,0.3750
6330000,362.644288,1027,102,0.011432,0.3438
6332000,352.949951,1039,108,0.008201,0.3906
6334000,352.437375,1049,100,0.008942,0.3438
6336000,354.912475,1055,98,0.012344,0.3594
6338000,356.896899,1059,111,0.015083,0.3359
6340000,351.023919,1053,91,0.017765,0.2266
6342000,347.814040,1025,113,0.014397,0.3828
6344000,352.137735,1034,107,0.009616,0.3203
6346000,350.731864,1026,105,0.007823,0.3750
6348000,358.415286,1025,106,0.008091,0.3672
6350000,356.431179,1020,103,0.010986,0.4141
6352000,359.440467,1020,114,0.014648,0.3906
6354000,356.789415,1046,104,0.015552,0.3672
6356000,355.052462,1047,95,0.011200,0.3906
6358000,365.764632,1049,106,0.012273,0.4297
6360000,370.196550,1060,94,0.009768,0.3672
6362000,367.674440,1057,94,0.012372,0.3359
6364000,359.598467,1038,100,0.012694,0.3359
6366000,360.879991,1047,95,0.013265,0.3203
6368000,359.864188,1030,105,0.014036,0.4219
6370000,361.294367,1033,106,0.016554,0.4219
6372000,367.132734,1048,91,0.013138,0.4141
6374000,365.251839,1052,96,0.012661,0.3594
6376000,376.866979,1068,95,0.013564,0.4062
6378000,375.993635,1067,94,0.009453,0.3516
6380000,372.859600,1061,96,0.007699,0.3125
6382000,374.714079,1083,84,0.007226,0.3047
6384000,376.255404,1078,86,0.009867,0.3203
6386000,365.295527,1058,98,0.010593,0.3594
6388000,368.818124,1061,97,0.014557,0.3047
6390000,370.920623,1059,91,0.014160,0.4141
6392000,371.265575,1046,99,0.012526,0.3594
6394000,373.781291,1053,98,0.016200,0.3359
6396000,362.385375,1031,96,0.013896,0.2969
6398000,366.175900,1045,106,0.013319,0.4922
6400000,366.420360,1051,107,0.018864,0.3125
6402000,371.419571,1043,100,0.018059,0.3359
6404000,375.751039,1029,96,0.015270,0.3750
6406000,377.550950,1018,112,0.018129,0.3438
6408000,372.261163,1006,114,0.015054,0.3750
6410000,375.744008,1044,107,0.005355,0.3672
6412000,377.524230,1044,107,0.007145,0.3203
6414000,379.738059,1050,105,0.009109,0.3906
6416000,378.450987,1084,73,0.007943,0.2656
6418000,379.218083,1083,84,0.006205,0.4141
6420000,382.340407,1082,88,0.006552,0.3672
6422000,382.443463,1098,100,0.006878,0.2891
6424000,372.529592,1082,81,0.007296,0.3125
6426000,370.742606,1076,95,0.005366,0.2500
6428000,373.095014,1078,86,0.003140,0.3984
6430000,365.814663,1068,93,0.003082,0.3594
6432000,371.723100,1047,108,0.003269,0.3516
6434000,372.866110,1083,92,0.004816,0.3125
6436000,375.004687,1055,102,0.006082,0.3516
6438000,387.107591,1092,82,0.002752,0.4141
6440000,386.656806,1105,90,0.003108,0.3125
6442000,393.560526,1123,80,0.004152,0.3438
6444000,382.572886,1098,96,0.003359,0.2812
6446000,382.311539,1064,107,0.004115,0.3750
6448000,382.223302,1092,93,0.003876,0.3438
6450000,378.449286,1085,83,0.010550,0.4297
6452000,376.135527,1058,106,0.010584,0.3125
6454000,380.655264,1067,109,0.015023,0.3828
6456000,381.822940,1058,102,0.013982,0.3516
6458000,381.709278,1066,102,0.013194,0.2734
6460000,377.697055,1063,96,0.005830,0.3359
6462000,377.422023,1062,89,0.010097,0.2969
6464000,374.600279,1066,77,0.006515,0.2969
6466000,387.629388,1095,80,0.009449,0.3984
6468000,383.188095,1100,77,0.009376,0.2656
6470000,380.107835,1077,86,0.007764,0.3672
6472000,385.552039,1078,87,0.006393,0.2578
6474000,388.260950,1075,94,0.003479,0.3047
6476000,389.485734,1065,98,0.004454,0.4062
6478000,394.107942,1076,98,0.002230,0.3516
6480000,393.194435,1075,90,0.003567,0.3281
6482000,390.789455,1079,97,0.003376,0.3828
6484000,384.072220,1061,98,0.001653,0.3594
6486000,384.149062,1069,92,0.001064,0.2578
6488000,388.034464,1079,101,0.002853,0.3359
6490000,389.388846,1075,101,0.003865,0.2891
6492000,387.673310,1084,85,0.004498,0.3906
6494000,392.776248,1099,78,0.004004,0.2500
6496000,389.841795,1101,100,0.002524,0.3594
6498000,389.096414,1078,102,0.002407,0.3438
6500000,390.866335,1076,103,0.001035,0.3516
6502000,385.503198,1072,109,0.001868,0.3594
6504000,382.009510,1065,98,0.001586,0.3203
6506000,379.860983,1053,106,0.000372,0.3594
6508000,376.821283,1062,96,0.001337,0.3359
6510000,380.097550,1073,104,0.001621,0.3516
6512000,384.901870,1076,96,0.004492,0.2969
6514000,380.354848,1047,115,0.009204,0.2578
6516000,380.210302,1057,105,0.008836,0.4453
6518000,386.835166,1076,96,0.005783,0.3984
6520000,379.601086,1074,92,0.003293,0.3516
6522000,376.673688,1078,101,0.004957,0.3828
6524000,371.633918,1048,94,0.002657,0.4062
6526000,368.452859,1048,91,0.004237,0.2734
6528000,377.805148,1062,110,0.004296,0.4141
6530000,377.711724,1067,100,0.012613,0.4219
6532000,382.282870,1059,106,0.010857,0.4375
6534000,388.206343,1069,108,0.008138,0.3438
6536000,388.343775,1073,105,0.005164,0.3281
6538000,390.048342,1070,97,0.002018,0.2734
6540000,386.162975,1079,108,0.003662,0.4375
6542000,389.089011,1089,86,0.002776,0.3281
6544000,382.306771,1095,80,0.002837,0.3516
6546000,382.471775,1089,90,0.002280,0.2734
6548000,382.506335,1092,94,0.003131,0.3281
6550000,381.204363,1097,91,0.003384,0.3906
6552000,381.752955,1082,92,0.003746,0.3359
6554000,385.108147,1068,98,0.002295,0.3125
6556000,383.618275,1068,83,0.001694,0.3125
6558000,383.905436,1054,85,0.000440,0.4297
6560000,381.960392,1075,85,0.000375,0.2969
6562000,391.548183,1089,96,0.001688,0.3906
6564000,394.041447,1103,85,0.000282,0.4062
6566000,392.091451,1106,80,0.000212,0.3750
6568000,392.052027,1100,91,0.000459,0.3516
6570000,401.981943,1110,88,0.000138,0.2500
6572000,400.816892,1113,87,0.002637,0.2578
6574000,399.702864,1111,87,0.002445,0.3281
6576000,399.387054,1097,93,0.004382,0.3125
6578000,396.381228,1097,92,0.004500,0.3203
6580000,392.711223,1079,103,0.003479,0.3359
6582000,391.425155,1085,103,0.003292,0.3438
6584000,381.134750,1084,83,0.004827,0.3359
6586000,380.983502,1099,86,0.006134,0.4141
6588000,375.230988,1064,99,0.004921,0.3984
6590000,379.629880,1072,102,0.005357,0.3984
6592000,377.612744,1076,99,0.004033,0.3984
6594000,378.871699,1082,81,0.004807,0.3984
6596000,377.255895,1083,74,0.004276,0.3281
6598000,377.302047,1076,80,0.004604,0.4141
6600000,373.484107,1065,92,0.005077,0.2734
6602000,373.169175,1052,102,0.006155,0.4453
6604000,374.742780,1067,108,0.001482,0.3359
6606000,378.662771,1062,98,0.000674,0.3516
6608000,376.784988,1070,98,0.000358,0.3438
6610000,375.015527,1058,100,0.001738,0.2969
6612000,369.276683,1040,102,0.001289,0.4609
6614000,368.004790,1060,95,0.001973,0.3828
6616000,369.432364,1061,85,0.002188,0.3594
6618000,375.401980,1093,67,0.001321,0.2891
6620000,374.970895,1101,72,0.001647,0.3906
6622000,373.176550,1104,80,0.001632,0.4219
6624000,377.019936,1093,79,0.001186,0.3438
6626000,377.473515,1095,77,0.001700,0.2969
6628000,377.675015,1094,90,0.000989,0.3203
6630000,376.369459,1082,85,0.003259,0.3125
6632000,374.629519,1091,80,0.008887,0.3281
6634000,374.570607,1075,111,0.005533,0.4766
6636000,372.250024,1071,102,0.003361,0.3047
6638000,379.215974,1071,90,0.022294,0.2812
6640000,381.857182,1081,108,0.023318,0.3516
6642000,379.959912,1071,98,0.027468,0.3359
6644000,387.876339,1081,93,0.034071,0.3594
6646000,391.050400,1094,92,0.031233,0.3203
6648000,390.002015,1096,94,0.019664,0.3359
6650000,385.799670,1075,108,0.018768,0.4062
6652000,388.141568,1080,105,0.018853,0.2969
6654000,387.666348,1073,98,0.021421,0.3750
6656000,386.531526,1053,101,0.018715,0.3906
6658000,394.326572,1063,109,0.016599,0.3047
6660000,394.476264,1061,110,0.022893,0.3906
6662000,389.637859,1046,117,0.021832,0.3672
6664000,392.777847,1046,109,0.024287,0.3750
6666000,393.450027,1073,98,0.025593,0.4453
6668000,387.270968,1070,89,0.021076,0.3594
6670000,386.418396,1066,93,0.020692,0.3516
6672000,390.805164,1076,102,0.020531,0.3047
6674000,384.558107,1061,106,0.018331,0.3125
6676000,384.894583,1072,86,0.019826,0.3828
6678000,381.770887,1074,90,0.020833,0.3047
6680000,380.272950,1095,85,0.020124,0.3672
6682000,382.251215,1098,96,0.011015,0.3281
6684000,376.950270,1099,87,0.008205,0.2969
6686000,387.632760,1092,101,0.012729,0.3359
6688000,382.032550,1106,73,0.015788,0.3359
6690000,386.529422,1088,89,0.018091,0.4141
6692000,387.427886,1062,95,0.019447,0.3438
6694000,384.077615,1075,91,0.017661,0.3516
6696000,389.483051,1100,80,0.019156,0.3203
6698000,390.834811,1095,92,0.015873,0.3594
6700000,381.748140,1086,75,0.014873,0.3047
6702000,391.689311,1119,69,0.013753,0.3047
6704000,387.645368,1074,92,0.010901,0.3594
6706000,394.318654,1073,94,0.010624,0.3594
6708000,392.650288,1105,82,0.010254,0.3672
6710000,387.943263,1074,94,0.009834,0.3359
6712000,380.610552,1085,97,0.014038,0.3359
6714000,381.165175,1081,94,0.012899,0.3359
6716000,377.657363,1062,96,0.007793,0.3203
6718000,376.171472,1055,109,0.007748,0.3984
6720000,374.482710,1044,114,0.009235,0.3672
6722000,373.137270,1064,95,0.005651,0.3750
6724000,371.077359,1042,110,0.002487,0.4609
6726000,370.106775,1063,101,0.003927,0.3281
6728000,374.812792,1073,91,0.004195,0.3359
6730000,367.949550,1060,115,0.005760,0.3516
6732000,362.769939,1045,116,0.005840,0.3438
6734000,367.899015,1073,85,0.004216,0.3203
6736000,368.061763,1041,101,0.006523,0.3984
6738000,373.188502,1062,112,0.007660,0.3828
6740000,376.297654,1052,108,0.009095,0.3281
6742000,376.680336,1066,91,0.007350,0.3281
6744000,374.611659,1077,87,0.007782,0.2969
6746000,380.750092,1071,88,0.009826,0.3516
6748000,379.704550,1057,97,0.009496,0.3359
6750000,378.168227,1079,85,0.009722,0.3281
6752000,372.065755,1053,78,0.006523,0.2969
6754000,377.980439,1066,77,0.004608,0.3750
6756000,375.649772,1049,93,0.004513,0.2734
6758000,376.884583,1060,99,0.002848,0.3047
6760000,370.498135,1069,106,0.000450,0.3594
6762000,364.195767,1060,100,0.001066,0.3438
6764000,364.811995,1049,104,0.001306,0.3750
6766000,361.988199,1055,102,0.000063,0.3750
6768000,359.003574,1050,113,0.001549,0.4141
6770000,362.194115,1045,104,0.000721,0.3203
6772000,359.975583,1044,113,0.000040,0.3828
6774000,360.584075,1069,95,0.000456,0.3281
6776000,357.013552,1052,95,0.001997,0.3281
6778000,353.482163,1046,102,0.005006,0.3203
6780000,355.376159,1036,102,0.005759,0.4453
6782000,358.609774,1042,95,0.008096,0.2891
6784000,357.905435,1039,106,0.008569,0.3516
6786000,359.086352,1034,106,0.006537,0.3984
6788000,355.138412,1039,113,0.007841,0.4375
6790000,360.724351,1053,92,0.005141,0.2969
6792000,359.795955,1053,91,0.005218,0.3906
6794000,357.124390,1060,83,0.005751,0.3594
6796000,361.371742,1064,104,0.006502,0.3281
6798000,363.996470,1064,89,0.008097,0.4219
6800000,361.666668,1049,99,0.012226,0.3125
6802000,360.076540,1025,101,0.014607,0.3672
6804000,363.999342,1034,115,0.009304,0.3672
6806000,364.729759,1050,103,0.009139,0.4141
6808000,359.838475,1041,109,0.011348,0.2891
6810000,364.175382,1054,90,0.009043,0.3281
6812000,369.146398,1063,100,0.012058,0.3438
6814000,366.091479,1067,97,0.010586,0.4297
6816000,360.064795,1041,112,0.009931,0.4062
6818000,367.158944,1069,86,0.013715,0.2812
6820000,371.405819,1062,89,0.008297,0.3281
6822000,363.824027,1045,121,0.007965,0.4375
6824000,360.976678,1044,102,0.009263,0.3047
6826000,366.053000,1063,99,0.010331,0.3672
6828000,363.270716,1045,102,0.008173,0.2969
6830000,366.275590,1070,104,0.008225,0.4766
6832000,374.717724,1079,104,0.010081,0.3984
6834000,369.453679,1058,103,0.005626,0.3750
6836000,374.813320,1083,97,0.011713,0.3438
6838000,381.798607,1086,91,0.008847,0.3984
6840000,378.541915,1077,89,0.006762,0.3516
6842000,377.671558,1100,75,0.008895,0.2891
6844000,376.389430,1066,99,0.007593,0.4141
6846000,373.783008,1089,89,0.001894,0.3906
6848000,371.622703,1105,84,0.001585,0.2891
6850000,368.137830,1062,101,0.000061,0.3906
6852000,372.454590,1067,98,0.001286,0.4141
6854000,365.098814,1073,92,0.000698,0.3359
6856000,364.879046,1066,99,0.002397,0.3828
6858000,370.860702,1057,97,0.004426,0.3906
6860000,368.641912,1061,83,0.003770,0.2578
6862000,371.343947,1048,108,0.002535,0.3125
6864000,371.237900,1050,114,0.002982,0.3828
6866000,373.802460,1059,116,0.002207,0.3594
6868000,364.860699,1050,110,0.007845,0.4609
6870000,368.025360,1052,105,0.006038,0.2812
6872000,367.124671,1051,109,0.004115,0.3281
6874000,360.048220,1026,115,0.006457,0.4609
6876000,360.228670,1021,111,0.004112,0.3359
6878000,360.178875,1021,106,0.001808,0.3750
6880000,365.213955,1032,113,0.001559,0.3750
6882000,369.993830,1049,99,0.004257,0.3438
6884000,372.646039,1036,95,0.001700,0.3828
6886000,376.777110,1050,98,0.001930,0.4922
6888000,371.891014,1026,125,0.003597,0.4766
6890000,370.182935,1043,108,0.007799,0.4219
6892000,378.739500,1063,94,0.008257,0.3672
6894000,380.659155,1067,94,0.012178,0.3672
6896000,379.960326,1046,114,0.002177,0.5078
6898000,384.326839,1065,97,0.004617,0.3516
6900000,386.987630,1076,102,0.002486,0.3438
6902000,386.391211,1067,101,0.000758,0.3047
6904000,372.434960,1081,94,0.001674,0.4453
6906000,372.189960,1083,91,0.001993,0.2891
6908000,380.556030,1082,92,0.001818,0.3516
6910000,383.734219,1090,75,0.001411,0.3750
6912000,379.425607,1081,93,0.000350,0.3047
6914000,382.721388,1102,86,0.002659,0.3672
6916000,374.574414,1061,92,0.001757,0.4609
6918000,383.557155,1080,100,0.000596,0.2734
6920000,389.268092,1064,94,0.001167,0.3828
6922000,376.733040,1080,81,0.003110,0.2500
6924000,381.025111,1068,87,0.006227,0.3438
6926000,380.631831,1065,91,0.004929,0.4062
6928000,382.761998,1074,100,0.007559,0.3594
6930000,381.363491,1039,100,0.007934,0.4062
6932000,392.840680,1065,102,0.002733,0.3906
6934000,394.603555,1078,91,0.004495,0.3750
6936000,396.319055,1094,86,0.004313,0.3047
6938000,400.919271,1086,102,0.005361,0.3203
6940000,396.000232,1066,104,0.002742,0.3047
6942000,393.637715,1044,117,0.002025,0.4219
6944000,393.702110,1064,104,0.002897,0.3125
6946000,395.313451,1100,92,0.003263,0.3828
6948000,393.433419,1067,110,0.003546,0.3828
6950000,395.727470,1064,88,0.005817,0.3125
6952000,401.046118,1064,85,0.006577,0.2109
6954000,399.013871,1073,85,0.004494,0.3594
6956000,394.012300,1068,98,0.002695,0.3594
6958000,401.084155,1093,94,0.001037,0.3750
6960000,391.323383,1078,90,0.000350,0.3672
6962000,392.269307,1068,108,0.001317,0.2969
6964000,390.667126,1057,104,0.001509,0.3438
6966000,394.512864,1071,103,0.000731,0.4141
6968000,389.567292,1058,101,0.000979,0.4844
6970000,389.149840,1074,101,0.000030,0.3516
6972000,385.515195,1054,119,0.001145,0.3750
6974000,383.165312,1072,105,0.000438,0.4453
6976000,385.445896,1076,99,0.000559,0.3203
6978000,386.558734,1068,95,0.002006,0.3672
6980000,379.404684,1062,95,0.003232,0.3594
6982000,386.791356,1071,92,0.009671,0.3516
6984000,393.282604,1087,98,0.006687,0.3672
6986000,396.960695,1091,78,0.007555,0.3359
6988000,395.398107,1083,88,0.010836,0.2891
6990000,399.624915,1068,100,0.009925,0.4219
6992000,397.572135,1078,104,0.003352,0.4219
6994000,392.854364,1076,101,0.002310,0.3359
6996000,384.830987,1074,101,0.001889,0.3594
6998000,378.841502,1068,100,0.005021,0.4297
7000000,382.369360,1076,104,0.002883,0.4062
7002000,384.242376,1069,107,0.006355,0.3906
7004000,389.837280,1078,98,0.005786,0.4141
7006000,388.006310,1076,101,0.005014,0.4297
7008000,384.596199,1068,104,0.003962,0.3438
7010000,371.041688,1062,96,0.007983,0.3281
7012000,370.050268,1062,103,0.004767,0.4688
7014000,367.224732,1066,114,0.002337,0.4219
7016000,364.914399,1063,100,0.001743,0.3203
7018000,367.577340,1069,102,0.000634,0.3750
7020000,365.922942,1075,82,0.001910,0.3438
7022000,371.720287,1062,85,0.003109,0.3984
7024000,372.778070,1068,100,0.003220,0.3359
7026000,372.532375,1075,101,0.004781,0.3516
7028000,377.852015,1079,108,0.005430,0.4297
7030000,376.400235,1074,83,0.008120,0.3125
7032000,376.110326,1050,97,0.011968,0.4141
7034000,381.197911,1096,82,0.008679,0.2422
7036000,376.998059,1083,94,0.011346,0.3828
7038000,373.421800,1070,104,0.013414,0.3281
7040000,371.607206,1069,96,0.015722,0.3984
7042000,373.662000,1083,92,0.012524,0.3906
7044000,370.991494,1088,84,0.011228,0.3203
7046000,373.974679,1079,93,0.009496,0.4375
7048000,375.197542,1093,91,0.009286,0.3438
7050000,366.501627,1063,104,0.010720,0.3672
7052000,364.166662,1030,117,0.010117,0.3672
7054000,369.137427,1058,104,0.014418,0.3281
7056000,366.133431,1058,95,0.009703,0.3906
7058000,365.436955,1047,102,0.008611,0.2969
7060000,359.283070,1048,94,0.012973,0.3984
7062000,365.641911,1052,101,0.006933,0.3750
7064000,364.629502,1060,91,0.010585,0.3125
7066000,364.517670,1045,95,0.010332,0.3281
7068000,368.081848,1043,111,0.007897,0.3203
7070000,372.211248,1024,117,0.006456,0.4688
7072000,378.240552,1058,93,0.006657,0.3906
7074000,375.963670,1059,112,0.009255,0.3516
7076000,375.145062,1050,120,0.006548,0.3750
7078000,374.974448,1075,97,0.007694,0.3359
7080000,372.536107,1047,107,0.005638,0.3203
7082000,372.034899,1077,102,0.011486,0.3672
7084000,372.088495,1071,88,0.011830,0.3672
7086000,378.985814,1062,108,0.013468,0.3516
7088000,374.861302,1063,106,0.012313,0.4531
7090000,376.673631,1077,100,0.024519,0.3125
7092000,385.987832,1082,97,0.020120,0.3594
7094000,386.044128,1087,89,0.015691,0.3125
7096000,387.917100,1066,92,0.016818,0.3828
7098000,375.992470,1057,97,0.008174,0.3984
7100000,381.604383,1057,97,0.015346,0.2969
7102000,377.113707,1064,117,0.016261,0.3906
7104000,369.725302,1061,107,0.004677,0.4062
7106000,373.637180,1068,84,0.005354,0.2578
7108000,374.136310,1050,104,0.009519,0.3828
7110000,365.950919,1042,108,0.007532,0.3281
7112000,360.456998,1036,111,0.006999,0.3750
7114000,361.582567,1023,107,0.006263,0.4375
7116000,364.663830,1040,111,0.011246,0.3438
7118000,353.479190,1011,122,0.010108,0.4453
7120000,359.252375,1036,109,0.010782,0.3672
7122000,351.606040,1009,122,0.015528,0.3828
7124000,351.464908,1004,111,0.009161,0.3359
7126000,350.904091,1019,108,0.005867,0.3359
7128000,349.730735,1025,108,0.004722,0.4062
7130000,349.003707,1027,121,0.008209,0.4141
7132000,350.196028,1032,107,0.006036,0.4141
7134000,364.513499,1040,103,0.004323,0.3125
7136000,365.778790,1041,100,0.004556,0.3516
7138000,369.978215,1060,99,0.006252,0.3906
7140000,370.116275,1040,117,0.006059,0.4297
7142000,363.805015,1063,101,0.005195,0.3750
7144000,366.537023,1061,93,0.005636,0.3906
7146000,365.796983,1066,93,0.009179,0.3906
7148000,366.130344,1071,89,0.007201,0.2969
7150000,365.057500,1060,101,0.010515,0.3906
7152000,367.737011,1057,107,0.005748,0.3281
7154000,367.665975,1065,95,0.010108,0.3672
7156000,369.500427,1069,87,0.007369,0.3828
7158000,369.463791,1063,90,0.008105,0.3828
7160000,367.343967,1037,106,0.004800,0.3516
7162000,369.551415,1055,108,0.004733,0.3906
7164000,361.879046,1041,117,0.005441,0.3984
7166000,362.690655,1047,99,0.006623,0.4531
7168000,374.478983,1073,98,0.004831,0.2734
7170000,373.283670,1069,110,0.003722,0.3672
7172000,380.215839,1084,92,0.006284,0.3125
7174000,383.955830,1072,110,0.006250,0.4062
7176000,387.669174,1084,92,0.008304,0.3594
7178000,389.776512,1074,99,0.005825,0.3125
7180000,388.367243,1094,75,0.002626,0.2891
7182000,383.120535,1080,90,0.003722,0.3750
7184000,380.364350,1073,98,0.003459,0.4297
7186000,381.581283,1072,107,0.007810,0.3438
7188000,384.320422,1074,109,0.004094,0.3984
7190000,382.668399,1093,91,0.006323,0.3672
7192000,386.623975,1108,80,0.008774,0.3828
7194000,385.096926,1101,77,0.007283,0.3047
7196000,388.127710,1105,85,0.015805,0.3828
7198000,388.676798,1108,85,0.013378,0.3906
7200000,396.944979,1108,99,0.011892,0.3359
7202000,391.645388,1098,80,0.010032,0.3125
7204000,397.974508,1128,69,0.013173,0.3125
7206000,399.647295,1124,80,0.016146,0.3438
7208000,391.996139,1088,104,0.016662,0.3984
7210000,385.320343,1081,90,0.015091,0.3516
7212000,378.240471,1069,100,0.009183,0.3906
7214000,378.931367,1053,104,0.010459,0.3516
7216000,382.722336,1063,106,0.009804,0.2500
7218000,376.351847,1070,94,0.013012,0.3438
7220000,371.775672,1061,103,0.011716,0.4062
7222000,368.146379,1055,100,0.009667,0.3125
7224000,365.581235,1067,95,0.015823,0.2734
7226000,367.921975,1056,94,0.015509,0.3984
7228000,360.675675,1064,85,0.011731,0.3750
7230000,365.181823,1053,92,0.007424,0.4297
7232000,364.700103,1065,99,0.009190,0.3750
7234000,364.633848,1065,103,0.010382,0.4531
7236000,368.037207,1065,97,0.011979,0.4062
7238000,368.790120,1077,90,0.017452,0.4453
7240000,370.063190,1074,88,0.012107,0.3359
7242000,364.394123,1081,75,0.007719,0.2734
7244000,372.301598,1083,90,0.009555,0.3906
7246000,368.412195,1069,90,0.008627,0.2891
7248000,365.503359,1044,105,0.012576,0.3438
7250000,375.608504,1062,93,0.021968,0.4531
7252000,375.675390,1084,82,0.020702,0.3906
7254000,373.195395,1067,102,0.017065,0.2812
7256000,371.852783,1072,98,0.022174,0.3672
7258000,374.381875,1044,103,0.021936,0.3828
7260000,373.708775,1050,101,0.018047,0.4141
7262000,370.658667,1052,101,0.015670,0.3750
7264000,368.068459,1053,90,0.014714,0.3125
7266000,369.067600,1052,92,0.013753,0.4062
7268000,366.230204,1062,100,0.016191,0.4922
7270000,369.491822,1070,82,0.018257,0.3359
7272000,365.542908,1093,83,0.017012,0.3281
7274000,369.597590,1076,100,0.017800,0.3594
7276000,376.667755,1072,90,0.019762,0.4062
7278000,377.506395,1080,89,0.021829,0.3281
7280000,379.513998,1069,90,0.021385,0.3594
7282000,380.846563,1076,89,0.014918,0.3438
7284000,386.842863,1067,98,0.007445,0.5000
7286000,379.743312,1075,86,0.011005,0.3750
7288000,381.100776,1073,100,0.008915,0.2969
7290000,382.620943,1095,88,0.010111,0.3984
7292000,380.810972,1083,96,0.008394,0.3203
7294000,373.423214,1087,98,0.007598,0.3438
7296000,376.704895,1082,105,0.008266,0.3750
7298000,375.568315,1076,111,0.008082,0.3359
7300000,380.044763,1076,100,0.009612,0.3594
7302000,381.429366,1084,108,0.007842,0.3359
7304000,383.628063,1090,107,0.006012,0.3359
7306000,379.580824,1102,98,0.008023,0.4453
7308000,377.410175,1094,83,0.008307,0.3438
7310000,376.760995,1082,100,0.009289,0.3672
7312000,376.166048,1064,119,0.011003,0.4297
7314000,378.221200,1086,109,0.005852,0.4219
7316000,377.527356,1072,107,0.006477,0.3984
7318000,370.509174,1048,93,0.006353,0.3828
7320000,377.071987,1051,99,0.008892,0.2812
7322000,373.891734,1030,115,0.000367,0.4375
7324000,367.947324,1012,113,0.000905,0.3047
7326000,367.769391,1011,114,0.002039,0.4297
7328000,365.888375,1011,124,0.000056,0.3984
7330000,359.623196,1008,127,0.000188,0.4375
7332000,351.706768,1014,114,0.000407,0.4141
7334000,347.848358,1017,117,0.000362,0.4375
7336000,357.206860,1025,107,0.002206,0.3281
7338000,353.224267,1012,119,0.002274,0.3438
7340000,353.436651,1031,101,0.004147,0.3672
7342000,352.042974,1018,112,0.005009,0.4688
7344000,361.020695,1045,95,0.005403,0.3594
7346000,359.062572,1029,104,0.002748,0.3125
7348000,366.370503,1063,83,0.000842,0.3125
7350000,375.363471,1053,115,0.000893,0.3438
7352000,369.856091,1047,112,0.001318,0.3828
7354000,373.782862,1058,90,0.000166,0.3125
7356000,378.893900,1094,81,0.001383,0.3438
7358000,380.256823,1066,106,0.001197,0.3438
7360000,379.358135,1084,103,0.000984,0.3516
7362000,381.051135,1083,109,0.002193,0.4219
7364000,385.358079,1083,97,0.001845,0.3594
7366000,373.539347,1066,113,0.004038,0.3594
7368000,376.181110,1052,104,0.001880,0.4453
7370000,373.554303,1057,109,0.001621,0.3516
7372000,369.771943,1059,104,0.001642,0.3125
7374000,371.093755,1059,106,0.000190,0.4219
7376000,373.331707,1054,116,0.001434,0.3750
7378000,377.952830,1051,114,0.000565,0.3594
7380000,376.312431,1055,101,0.000020,0.3359
7382000,376.989200,1069,100,0.000371,0.3203
7384000,379.605500,1073,92,0.001525,0.4141
7386000,377.161171,1065,97,0.001119,0.3906
7388000,374.593927,1050,96,0.003632,0.3672
7390000,377.677255,1069,95,0.004003,0.3125
7392000,377.744395,1066,78,0.000788,0.3750
7394000,383.867983,1068,97,0.002749,0.3672
7396000,388.757735,1099,86,0.003298,0.3672
7398000,383.084275,1082,87,0.003300,0.4453
7400000,382.187790,1070,102,0.002748,0.2891
7402000,374.684656,1063,101,0.005694,0.3750
7404000,372.936278,1069,97,0.003971,0.3672
7406000,368.814215,1072,95,0.006264,0.3594
7408000,378.226867,1084,85,0.003250,0.2656
7410000,376.970446,1091,82,0.003029,0.2812
7412000,377.132815,1075,89,0.005324,0.3281
7414000,382.653548,1092,94,0.007288,0.3516
7416000,383.955094,1081,96,0.005408,0.3750
7418000,383.599903,1103,81,0.006278,0.4062
7420000,380.610958,1076,92,0.006520,0.3750
7422000,384.156455,1098,83,0.004466,0.3047
7424000,377.841775,1094,94,0.005441,0.4219
7426000,374.240875,1066,104,0.003416,0.4453
7428000,374.490871,1073,104,0.003081,0.3906
7430000,369.176363,1057,98,0.004169,0.2969
7432000,372.156119,1049,105,0.008246,0.3750
7434000,360.660872,1049,105,0.004446,0.3984
7436000,362.629335,1086,83,0.002695,0.4609
7438000,369.144883,1091,77,0.004102,0.2891
7440000,364.512611,1049,86,0.002963,0.3984
7442000,363.869358,1060,98,0.001990,0.3516
7444000,358.779840,1050,97,0.002919,0.3281
7446000,361.756115,1049,90,0.002704,0.3828
7448000,356.205735,1031,101,0.001653,0.3438
7450000,363.920800,1052,95,0.003093,0.4297
7452000,363.320943,1048,109,0.003410,0.3047
7454000,357.200188,1046,112,0.004978,0.2891
7456000,360.733996,1048,105,0.004186,0.3984
7458000,366.329468,1038,106,0.005746,0.3828
7460000,366.288718,1042,124,0.003923,0.4141
7462000,372.461168,1053,104,0.003759,0.3672
7464000,366.065758,1050,98,0.003284,0.3516
7466000,364.121800,1032,104,0.002176,0.3906
7468000,360.923543,1043,106,0.002669,0.3828
7470000,359.433767,1050,91,0.001380,0.3359
7472000,359.764995,1012,115,0.002063,0.3906
7474000,362.495116,1037,107,0.000500,0.3672
7476000,361.161927,1029,94,0.003115,0.3516
7478000,361.998275,1032,99,0.000450,0.4141
7480000,363.613660,1040,99,0.003512,0.4141
7482000,368.616375,1040,106,0.002399,0.3281
7484000,363.337328,1036,100,0.002300,0.3594
7486000,360.023854,1015,111,0.000789,0.4141
7488000,365.261036,1037,104,0.000987,0.3984
7490000,367.426796,1046,92,0.003347,0.4062
7492000,371.285455,1066,98,0.003843,0.3750
7494000,363.740675,1068,94,0.002273,0.3750
7496000,363.673702,1097,85,0.001858,0.3203
7498000,368.224115,1073,84,0.001232,0.2891
7500000,366.408511,1062,93,0.000729,0.3516
7502000,363.981795,1079,99,0.001766,0.4062
7504000,380.761548,1097,84,0.004241,0.2891
7506000,379.780219,1094,93,0.004501,0.3672
7508000,385.278886,1097,88,0.004790,0.3359
7510000,380.822463,1094,101,0.003906,0.4688
7512000,380.541260,1071,106,0.007521,0.4062
7514000,380.578371,1059,97,0.012461,0.3047
7516000,373.289631,1088,81,0.008997,0.3594
7518000,373.731478,1074,83,0.008537,0.3750
7520000,370.047750,1074,98,0.005229,0.2891
7522000,368.553659,1075,91,0.010014,0.3047
7524000,369.958940,1085,104,0.007234,0.3828
7526000,366.719035,1069,106,0.017680,0.3594
7528000,361.914406,1062,83,0.020903,0.3203
7530000,365.705471,1065,77,0.020192,0.3359
7532000,364.782051,1085,74,0.015013,0.2812
7534000,360.458598,1071,82,0.017331,0.3516
7536000,357.752715,1041,102,0.014472,0.3125
7538000,360.601222,1034,104,0.018338,0.3906
7540000,367.660726,1057,98,0.013083,0.3047
7542000,362.494259,1042,102,0.013242,0.3828
7544000,359.782806,1045,102,0.008856,0.4453
7546000,359.053974,1027,102,0.007507,0.4219
7548000,360.141107,1040,97,0.008699,0.3828
7550000,361.709875,1039,107,0.007248,0.3828
7552000,361.773590,1047,99,0.005923,0.3750
7554000,368.559019,1040,102,0.005248,0.3047
7556000,366.343062,1054,113,0.013421,0.3516
7558000,373.682636,1077,86,0.012034,0.3516
7560000,373.625539,1095,79,0.011542,0.3672
7562000,363.750271,1082,77,0.010483,0.3281
7564000,366.050974,1061,101,0.008801,0.4219
7566000,369.977135,1053,107,0.004182,0.3438
7568000,372.541635,1068,94,0.004598,0.4141
7570000,366.023750,1064,94,0.003848,0.2812
7572000,365.026803,1078,91,0.001830,0.3438
7574000,367.360715,1057,87,0.005650,0.4219
7576000,371.569083,1068,88,0.007074,0.2891
7578000,373.163055,1080,98,0.010638,0.3672
7580000,375.358334,1086,93,0.009732,0.3750
7582000,382.982427,1089,95,0.011946,0.4453
7584000,384.332947,1080,101,0.015422,0.3125
7586000,381.027032,1078,99,0.011622,0.4062
7588000,383.759110,1083,83,0.012566,0.2656
7590000,378.631670,1062,98,0.024122,0.3203
7592000,374.269631,1054,81,0.026399,0.3359
7594000,369.504310,1062,88,0.022708,0.2969
7596000,371.231990,1061,105,0.014583,0.3828
7598000,368.004015,1081,99,0.008580,0.3281
7600000,372.191136,1070,95,0.008017,0.3203
7602000,365.268428,1055,105,0.007085,0.4141
7604000,370.516630,1063,103,0.006892,0.3203
7606000,367.677515,1064,88,0.007117,0.3203
7608000,370.527575,1088,78,0.007441,0.3203
7610000,364.869000,1077,91,0.005733,0.4062
7612000,363.781080,1062,93,0.007731,0.4219
7614000,365.146408,1054,94,0.004069,0.3438
7616000,369.701739,1085,63,0.004824,0.2812
7618000,380.173975,1098,72,0.005187,0.3203
7620000,376.128984,1074,110,0.005022,0.3984
7622000,377.007702,1087,87,0.002301,0.3906
7624000,379.374891,1091,91,0.000567,0.4141
7626000,383.803195,1101,94,0.000486,0.3828
7628000,378.904476,1072,109,0.000304,0.3672
7630000,372.762892,1072,93,0.000562,0.2734
7632000,366.970947,1055,89,0.000756,0.3906
7634000,363.078415,1048,94,0.001605,0.4297
7636000,367.099430,1046,105,0.001210,0.5000
7638000,368.173136,1066,98,0.000130,0.3516
7640000,371.300846,1079,92,0.000434,0.3672
7642000,365.949899,1039,113,0.000470,0.3984
7644000,376.291215,1057,111,0.002098,0.3906
7646000,371.618131,1056,99,0.001069,0.2734
7648000,372.607590,1061,96,0.002136,0.4219
7650000,369.965014,1047,96,0.000259,0.2891
7652000,371.882131,1046,96,0.003116,0.3516
7654000,371.504262,1041,103,0.002213,0.4219
7656000,371.372115,1040,95,0.000588,0.3359
7658000,371.651739,1041,115,0.000083,0.4062
7660000,373.828502,1042,105,0.001143,0.3906
7662000,374.561675,1047,100,0.001291,0.3516
7664000,364.065855,1046,99,0.000704,0.2656
7666000,367.587548,1050,89,0.000447,0.3750
7668000,365.082302,1049,102,0.000106,0.3125
7670000,366.875340,1063,92,0.000023,0.3438
7672000,363.175287,1039,100,0.000272,0.4062
7674000,365.643483,1026,103,0.000291,0.3359
7676000,365.255615,1027,95,0.000033,0.4219
7678000,366.944519,1032,111,0.000233,0.4531
7680000,374.148999,1034,121,0.001629,0.3281
7682000,377.586323,1061,93,0.000899,0.3281
7684000,382.966051,1051,110,0.003162,0.3594
7686000,388.757675,1069,104,0.001227,0.3984
7688000,384.343630,1055,100,0.002004,0.3672
7690000,384.545875,1079,84,0.001523,0.3203
7692000,388.878687,1071,113,0.000617,0.3906
7694000,393.590539,1063,113,0.000512,0.4219
7696000,397.162719,1072,96,0.001255,0.3281
7698000,388.687503,1051,98,0.000334,0.4375
7700000,385.667811,1080,88,0.000802,0.4062
7702000,382.888758,1059,106,0.001278,0.3984
7704000,388.085515,1091,86,0.001633,0.3047
7706000,388.421438,1081,89,0.003942,0.3516
7708000,387.048460,1074,81,0.003888,0.3281
7710000,378.919932,1055,91,0.011376,0.3594
7712000,375.324320,1062,88,0.013315,0.3125
7714000,377.262326,1065,91,0.012012,0.3594
7716000,379.720935,1068,74,0.014255,0.2891
7718000,384.532951,1075,86,0.012739,0.2578
7720000,385.059750,1063,108,0.014681,0.3672
7722000,386.550252,1055,111,0.012967,0.4141
7724000,377.741527,1075,82,0.018647,0.2500
7726000,376.979375,1076,81,0.021651,0.3516
7728000,373.260047,1075,100,0.021153,0.3516
7730000,368.761422,1051,115,0.019774,0.4062
7732000,369.764251,1038,120,0.025057,0.3906
7734000,369.443675,1017,116,0.020478,0.4688
7736000,376.235740,1055,107,0.013771,0.4609
7738000,374.165760,1045,98,0.010071,0.3672
7740000,372.999472,1038,100,0.007836,0.3906
7742000,370.347400,1046,110,0.010235,0.4141
7744000,371.822983,1054,101,0.010990,0.2578
7746000,370.914683,1055,93,0.013420,0.2812
7748000,373.824415,1048,103,0.010558,0.2891
7750000,378.794350,1053,101,0.013680,0.2734
7752000,380.197107,1060,108,0.015848,0.3516
7754000,383.884620,1078,110,0.010710,0.4141
7756000,381.823356,1075,96,0.009127,0.3984
7758000,386.096830,1069,116,0.008197,0.2891
7760000,391.062403,1091,96,0.012230,0.4531
7762000,388.923087,1112,69,0.012301,0.3281
7764000,380.993103,1101,72,0.011101,0.4141
7766000,375.980227,1080,89,0.012564,0.2656
7768000,375.645995,1083,96,0.010970,0.4375
7770000,370.237566,1073,120,0.009696,0.4062
7772000,369.497655,1091,97,0.011502,0.3516
7774000,371.402555,1075,90,0.015451,0.3906
7776000,374.139727,1095,92,0.016138,0.3438
7778000,370.998255,1084,91,0.016512,0.2891
7780000,371.108822,1087,88,0.021759,0.3672
7782000,371.004695,1074,101,0.026848,0.2734
7784000,370.953691,1074,102,0.030456,0.4062
7786000,366.720135,1055,84,0.035783,0.4375
7788000,361.621872,1048,105,0.024656,0.3906
7790000,352.945174,1034,105,0.021189,0.3203
7792000,349.679756,1026,111,0.027451,0.3047
7794000,355.279111,1052,99,0.022883,0.3828
7796000,360.990880,1059,99,0.015481,0.2891
7798000,360.959687,1051,86,0.018954,0.2891
7800000,364.700856,1059,74,0.021825,0.3438
7802000,362.580270,1051,91,0.024146,0.3125
7804000,364.641036,1041,105,0.028664,0.3281
7806000,361.333083,1039,114,0.016961,0.4062
7808000,358.906695,1038,114,0.020509,0.4688
7810000,367.237343,1043,100,0.019864,0.4453
7812000,367.419227,1059,102,0.018319,0.3828
7814000,369.544047,1066,101,0.008507,0.4062
7816000,373.867294,1083,91,0.008860,0.3984
7818000,375.886755,1097,83,0.008417,0.3906
7820000,375.044624,1077,100,0.006443,0.3203
7822000,374.729155,1063,103,0.006703,0.3594
7824000,380.258275,1067,95,0.004908,0.3906
7826000,391.058838,1084,87,0.004461,0.2969
7828000,392.700783,1083,92,0.003834,0.2578
7830000,391.803896,1099,90,0.005243,0.3750
7832000,389.608815,1084,100,0.003284,0.4062
7834000,387.807350,1052,107,0.004227,0.3906
7836000,389.611895,1092,85,0.003246,0.3281
7838000,386.977910,1090,99,0.006023,0.3516
7840000,389.812636,1105,91,0.009720,0.2891
7842000,383.138054,1087,96,0.008856,0.3672
7844000,377.990108,1087,98,0.011437,0.3672
7846000,380.395267,1086,103,0.017082,0.3750
7848000,381.279118,1091,100,0.014571,0.3828
7850000,382.673150,1088,91,0.014386,0.4453
7852000,377.139750,1057,106,0.010990,0.3516
7854000,380.161758,1068,112,0.014376,0.3984
7856000,376.248350,1067,105,0.017527,0.3047
7858000,375.372563,1087,97,0.010803,0.2656
7860000,369.005971,1087,95,0.014614,0.3594
7862000,370.941718,1070,97,0.020028,0.3750
7864000,378.648694,1066,108,0.017348,0.3906
7866000,382.480694,1085,90,0.016287,0.3516
7868000,375.475895,1086,91,0.030289,0.3359
7870000,374.768684,1072,89,0.026831,0.3594
7872000,365.051367,1049,101,0.029039,0.3438
7874000,365.213575,1054,101,0.026866,0.3359
7876000,359.739756,1031,106,0.029882,0.3047
7878000,358.308335,1017,105,0.022888,0.3750
7880000,353.118222,1037,110,0.020822,0.3203
7882000,349.186760,1030,108,0.021343,0.3359
7884000,353.536480,1015,107,0.018407,0.3906
7886000,353.205190,1018,124,0.017420,0.3984
7888000,350.862635,1015,129,0.013880,0.4219
7890000,353.105756,1051,89,0.012626,0.3594
7892000,362.511654,1037,95,0.008189,0.4141
7894000,363.760435,1049,112,0.007354,0.4141
7896000,365.396715,1049,91,0.007900,0.3984
7898000,356.900315,1029,98,0.008782,0.3750
7900000,359.357756,1011,124,0.005984,0.5312
7902000,361.184790,1034,106,0.012164,0.3594
7904000,359.731334,1014,116,0.004917,0.3281
7906000,362.192396,1035,121,0.002899,0.3438
7908000,363.422006,1049,103,0.004109,0.3594
7910000,359.317948,1045,108,0.009241,0.2812
7912000,362.447040,1050,113,0.012092,0.4219
7914000,366.438086,1068,107,0.015044,0.3828
7916000,358.422335,1041,109,0.008742,0.3203
7918000,366.115215,1049,108,0.007914,0.3281
7920000,363.763379,1061,106,0.006820,0.3203
7922000,359.494547,1051,97,0.007333,0.4297
7924000,360.527318,1026,114,0.005172,0.4531
7926000,356.291566,1019,123,0.005392,0.4062
7928000,359.664966,1024,117,0.007627,0.3438
7930000,361.850694,1054,91,0.008074,0.4219
7932000,363.962680,1053,107,0.003876,0.4062
7934000,360.887335,1038,103,0.001077,0.3906
7936000,361.219823,1049,102,0.002277,0.3984
7938000,365.844355,1058,92,0.003698,0.3438
7940000,364.430803,1062,89,0.007094,0.4766
7942000,367.126971,1062,92,0.002646,0.4141
7944000,370.602471,1066,91,0.003038,0.3203
7946000,370.762483,1079,91,0.004466,0.3203
7948000,365.950630,1056,97,0.003856,0.3906
7950000,360.817660,1053,100,0.003225,0.4062
7952000,362.778079,1042,104,0.004736,0.3359
7954000,359.822328,1042,107,0.004755,0.4062
7956000,365.169115,1045,102,0.005400,0.3984
7958000,367.701500,1060,103,0.004252,0.4297
7960000,363.870199,1056,102,0.006625,0.4375
7962000,365.729430,1072,104,0.003793,0.3594
7964000,366.613647,1055,102,0.002135,0.4219
7966000,361.342435,1061,88,0.002510,0.3203
7968000,357.194508,1045,88,0.003938,0.3359
7970000,354.204923,1034,102,0.007542,0.2891
7972000,355.491646,1025,107,0.008010,0.3281
7974000,355.437900,1022,121,0.007661,0.4062
7976000,360.202360,1029,108,0.003870,0.4297
7978000,360.026630,1038,103,0.004963,0.3672
7980000,356.512043,1036,104,0.005560,0.3359
7982000,359.337880,1056,110,0.007050,0.3594
7984000,354.339019,1052,99,0.006174,0.3359
7986000,356.129878,1042,96,0.007572,0.3984
7988000,351.390006,1009,118,0.011272,0.4141
7990000,353.587683,1012,121,0.014880,0.3594
7992000,361.897419,1040,112,0.012107,0.4375
7994000,364.838508,1046,108,0.011724,0.3438
7996000,362.623663,1031,113,0.010004,0.4141
7998000,364.074872,1061,100,0.003486,0.2969
8000000,362.618563,1048,107,0.005662,0.3359
8002000,366.403436,1046,103,0.001403,0.3828
8004000,366.105712,1028,99,0.003008,0.3750
8006000,363.072915,1035,102,0.006110,0.4219
8008000,360.223899,1009,119,0.004316,0.3594
8010000,361.318899,1017,115,0.004862,0.3594
8012000,361.132534,1014,112,0.003159,0.3750
8014000,361.716759,1037,102,0.005751,0.3906
8016000,357.757111,1047,93,0.004843,0.3516
8018000,359.050611,1024,125,0.004632,0.3906
8020000,353.393996,1031,120,0.004321,0.3516
8022000,352.001910,1032,112,0.009471,0.3984
8024000,353.581947,1056,100,0.009042,0.4375
8026000,354.209423,1030,94,0.009468,0.3516
8028000,358.789630,1040,88,0.011217,0.3984
8030000,356.063980,1039,93,0.009726,0.3125
8032000,347.657392,1034,105,0.004950,0.3672
8034000,348.265830,1040,108,0.010018,0.3594
8036000,353.465035,1047,118,0.010442,0.2969
8038000,359.415475,1044,122,0.013495,0.3594
8040000,355.145630,1021,129,0.013741,0.3984
8042000,358.108511,1045,116,0.006762,0.3906
8044000,362.752886,1061,92,0.004933,0.3203
8046000,362.963918,1079,86,0.003859,0.3047
8048000,369.378959,1067,94,0.011149,0.3516
8050000,369.237894,1050,106,0.012387,0.3516
8052000,365.697144,1024,120,0.014951,0.4688
8054000,366.517235,1048,108,0.015618,0.4297
8056000,368.196510,1057,91,0.013925,0.4062
8058000,370.572310,1048,92,0.019727,0.3906
8060000,371.189707,1060,98,0.017449,0.2969
8062000,366.865432,1062,96,0.021798,0.3516
8064000,366.018662,1054,104,0.013060,0.4609
8066000,367.572731,1055,106,0.008433,0.3750
8068000,367.312823,1038,111,0.010266,0.4062
8070000,366.472979,1059,109,0.011368,0.3750
8072000,365.245215,1065,103,0.005848,0.3594
8074000,365.270175,1040,99,0.008387,0.4453
8076000,366.900940,1058,86,0.003402,0.3281
8078000,365.697015,1033,109,0.001116,0.3359
8080000,364.963499,1050,99,0.003112,0.3906
8082000,367.211910,1068,96,0.003802,0.3984
8084000,365.032638,1043,89,0.002616,0.4062
8086000,372.928315,1049,103,0.003014,0.3359
8088000,367.005884,1065,97,0.005537,0.2656
8090000,365.273635,1061,108,0.007581,0.3594
8092000,361.194095,1041,100,0.002551,0.4297
8094000,361.212935,1033,104,0.002787,0.3359
8096000,361.866492,1046,108,0.004900,0.4375
8098000,364.465379,1037,101,0.003003,0.4062
8100000,366.012735,1059,91,0.003323,0.3047
8102000,367.513331,1087,82,0.002342,0.3047
8104000,371.532656,1089,80,0.002289,0.3125
8106000,371.103871,1089,79,0.002365,0.3281
8108000,374.448076,1090,66,0.001582,0.3047
8110000,371.050510,1069,79,0.003004,0.3906
8112000,374.478150,1065,83,0.003566,0.3906
8114000,377.762695,1059,95,0.002044,0.3516
8116000,380.057023,1054,115,0.001212,0.3828
8118000,377.732798,1067,114,0.001795,0.4375
8120000,377.625824,1080,87,0.001759,0.3047
8122000,377.417491,1074,100,0.001501,0.2656
8124000,385.734875,1061,96,0.000353,0.4297
8126000,381.879715,1073,102,0.006291,0.3125
8128000,378.942486,1049,101,0.006551,0.3438
8130000,369.568155,1043,99,0.008506,0.3906
8132000,368.009804,1044,107,0.003351,0.4062
8134000,365.347436,1063,102,0.003006,0.4062
8136000,368.388182,1057,112,0.002771,0.3984
8138000,370.617407,1052,108,0.003218,0.4453
8140000,364.358375,1051,83,0.003909,0.3281
8142000,366.835103,1058,88,0.003166,0.3281
8144000,366.589686,1044,97,0.002453,0.3672
8146000,372.775155,1061,107,0.006397,0.3359
8148000,370.422235,1053,98,0.005530,0.3359
8150000,362.927560,1032,94,0.002082,0.4219
8152000,361.938639,1031,104,0.004029,0.4062
8154000,365.663430,1038,87,0.004705,0.3984
8156000,357.697419,1044,94,0.003763,0.2500
8158000,364.419067,1043,95,0.003249,0.4062
8160000,369.212595,1053,92,0.007497,0.3125
8162000,368.693607,1045,110,0.003437,0.4219
8164000,376.187960,1074,113,0.005156,0.3672
8166000,377.040110,1057,122,0.006655,0.3672
8168000,380.363100,1039,113,0.005331,0.4375
8170000,382.323774,1057,111,0.004545,0.4062
8172000,380.356919,1051,115,0.002010,0.3203
8174000,377.513175,1079,96,0.002606,0.3906
8176000,380.240790,1060,110,0.001590,0.4219
8178000,382.381102,1060,99,0.003084,0.3516
8180000,381.179143,1066,95,0.003294,0.3750
8182000,376.267600,1083,82,0.001840,0.3828
8184000,373.773863,1097,82,0.001399,0.2891
8186000,368.557806,1072,83,0.002139,0.3125
8188000,371.616774,1044,107,0.001996,0.3750
8190000,380.519132,1078,92,0.002082,0.3906
8192000,379.899830,1077,99,0.000204,0.3516
8194000,375.238470,1077,104,0.001052,0.4141
8196000,370.946735,1061,106,0.000496,0.4453
8198000,371.074155,1052,98,0.002533,0.3516
8200000,379.168412,1061,102,0.005514,0.3672
8202000,379.401590,1058,115,0.004673,0.4531
8204000,376.483304,1069,102,0.007489,0.4141
8206000,375.045022,1051,100,0.006914,0.3125
8208000,369.513420,1053,104,0.003446,0.3672
8210000,376.063662,1069,90,0.008649,0.3281
8212000,376.388295,1076,83,0.004936,0.2891
8214000,374.429568,1057,89,0.005774,0.3203
8216000,378.614303,1053,93,0.001633,0.3672
8218000,374.551267,1054,88,0.001760,0.2891
8220000,378.631379,1058,87,0.002007,0.3438
8222000,375.728200,1065,86,0.003983,0.3203
8224000,379.148672,1071,73,0.007844,0.2891
8226000,379.130443,1077,90,0.008076,0.3516
8228000,372.679843,1064,106,0.006396,0.3359
8230000,378.166952,1076,92,0.006433,0.3516
8232000,382.966918,1095,93,0.007535,0.3594
8234000,389.933111,1103,76,0.004086,0.3203
8236000,387.933055,1093,83,0.005077,0.3125
8238000,387.397660,1102,83,0.006516,0.3203
8240000,378.493755,1098,79,0.008307,0.2422
8242000,385.224107,1126,75,0.007629,0.3594
8244000,382.600492,1101,76,0.007131,0.3047
8246000,381.399771,1097,81,0.008109,0.3672
8248000,365.771687,1068,84,0.010388,0.2812
8250000,371.008028,1102,75,0.008609,0.3594
8252000,376.326075,1089,88,0.014182,0.2344
8254000,377.496220,1080,82,0.016265,0.4453
8256000,371.975500,1061,87,0.021123,0.4141
8258000,373.087640,1069,85,0.015983,0.3438
8260000,371.895950,1053,97,0.013825,0.3359
8262000,372.976223,1085,88,0.010090,0.3281
8264000,374.073840,1071,107,0.009393,0.3906
8266000,374.576876,1069,109,0.009097,0.3750
8268000,375.237480,1076,92,0.011543,0.2500
8270000,372.520046,1053,102,0.014344,0.4297
8272000,366.295743,1060,93,0.010413,0.2891
8274000,365.859083,1051,89,0.011851,0.3516
8276000,364.070620,1050,100,0.012945,0.2969
8278000,359.260806,1030,116,0.013965,0.3984
8280000,364.131863,1046,101,0.017887,0.2969
8282000,364.711007,1070,92,0.017575,0.3984
8284000,369.404267,1056,106,0.011665,0.3438
8286000,371.837100,1069,95,0.006888,0.3359
8288000,369.648062,1051,95,0.009752,0.3594
8290000,373.093935,1059,100,0.004986,0.3906
8292000,380.427750,1077,99,0.003187,0.3281
8294000,379.925406,1067,94,0.003640,0.3516
8296000,379.668147,1074,89,0.005166,0.3906
8298000,385.627123,1099,75,0.008226,0.3047
8300000,381.762920,1095,73,0.008905,0.3438
8302000,375.358235,1080,79,0.004794,0.2578
8304000,368.838812,1047,86,0.007757,0.3828
8306000,365.995991,1035,96,0.008360,0.3594
8308000,361.008251,1027,103,0.009169,0.3828
8310000,364.607840,1016,110,0.012604,0.3750
8312000,366.104300,1022,114,0.009666,0.3359
8314000,367.380040,1007,125,0.012465,0.3828
8316000,364.581095,1027,112,0.009223,0.3438
8318000,373.316950,1043,100,0.008980,0.4609
8320000,374.744344,1065,89,0.009965,0.3984
8322000,372.009750,1052,107,0.006014,0.3984
8324000,368.049852,1045,109,0.006334,0.3828
8326000,366.518412,1072,100,0.007416,0.3984
8328000,374.821631,1075,97,0.002466,0.3672
8330000,366.758911,1080,90,0.003608,0.3203
8332000,369.141982,1043,100,0.002148,0.4844
8334000,373.059526,1082,87,0.003812,0.3281
8336000,381.744550,1080,85,0.007800,0.2812
8338000,378.226283,1059,93,0.005611,0.2734
8340000,378.035286,1077,97,0.004238,0.2812
8342000,374.264766,1071,93,0.004428,0.3516
8344000,374.667470,1050,98,0.005860,0.3594
8346000,373.498271,1042,108,0.005220,0.3516
8348000,381.865115,1072,99,0.005368,0.3125
8350000,381.226278,1064,106,0.001618,0.4141
8352000,378.075004,1060,118,0.002586,0.3516
8354000,375.777148,1065,103,0.004048,0.3281
8356000,377.375611,1046,111,0.007083,0.3125
8358000,385.499454,1063,95,0.010095,0.3750
8360000,379.253395,1081,92,0.006366,0.3516
8362000,381.917750,1079,92,0.007454,0.3594
8364000,377.766120,1079,96,0.010759,0.3516
8366000,383.354019,1097,100,0.007291,0.4453
8368000,378.755340,1064,98,0.005639,0.3203
8370000,383.199375,1090,94,0.004954,0.4062
8372000,376.758028,1087,98,0.007262,0.3203
8374000,369.528134,1085,95,0.004748,0.3438
8376000,369.510767,1083,108,0.005820,0.2969
8378000,367.380630,1086,100,0.005172,0.4844
8380000,362.793395,1079,95,0.001592,0.2734
8382000,368.187655,1063,82,0.001142,0.3516
8384000,365.539128,1056,108,0.000859,0.3516
8386000,366.448622,1048,112,0.000216,0.4375
8388000,373.329631,1055,112,0.001261,0.4141
8390000,373.400398,1041,111,0.002296,0.4531
8392000,372.537715,1054,92,0.001118,0.3750
8394000,377.139827,1090,91,0.000957,0.3594
8396000,381.277712,1094,92,0.000191,0.2812
8398000,379.262654,1076,110,0.000585,0.3438
8400000,367.423878,1064,110,0.000667,0.3984
8402000,367.005422,1048,96,0.000350,0.3438
8404000,365.536398,1033,98,0.000231,0.3438
8406000,364.816672,1060,102,0.001990,0.4141
8408000,365.831680,1053,112,0.003732,0.3125
8410000,371.573982,1054,103,0.003573,0.4688
8412000,365.729055,1053,110,0.003515,0.3047
8414000,359.879372,1058,97,0.003629,0.4062
8416000,361.240560,1044,94,0.001590,0.3203
8418000,362.577515,1077,105,0.001429,0.3047
8420000,365.960710,1085,93,0.000898,0.4297
8422000,366.842915,1084,94,0.000398,0.3359
8424000,370.518646,1056,106,0.000956,0.3594
8426000,372.898375,1071,95,0.001693,0.3438
8428000,373.332230,1065,105,0.001490,0.6016
8430000,373.463318,1085,85,0.001733,0.3125
8432000,365.016139,1069,93,0.002319,0.3203
8434000,360.023591,1076,87,0.001063,0.3594
8436000,363.605455,1063,95,0.001755,0.3359
8438000,359.575527,1042,99,0.001442,0.3594
8440000,358.833070,1048,113,0.001623,0.4453
8442000,362.838251,1072,94,0.001603,0.3359
8444000,360.287307,1049,101,0.000729,0.3516
8446000,370.010935,1061,111,0.000272,0.4141
8448000,374.154796,1049,113,0.001056,0.4453
8450000,369.769822,1041,112,0.001693,0.4219
8452000,364.526631,1060,100,0.002857,0.3984
8454000,361.407575,1070,95,0.009184,0.3984
8456000,364.493535,1053,99,0.008761,0.3906
8458000,360.042200,1067,100,0.008570,0.3828
8460000,361.202487,1051,105,0.005163,0.3906
8462000,364.817935,1042,112,0.004015,0.4219
8464000,361.644800,1027,112,0.006139,0.3906
8466000,358.542062,1042,94,0.006911,0.4062
8468000,363.950611,1045,109,0.005354,0.4297
8470000,364.608479,1032,104,0.005866,0.4531
8472000,355.349760,1040,101,0.001598,0.3594
8474000,353.938715,1043,95,0.003106,0.3125
8476000,362.498291,1059,93,0.009631,0.3750
8478000,362.012910,1050,87,0.006376,0.3516
8480000,365.555915,1034,108,0.004979,0.4297
8482000,367.629403,1052,80,0.005101,0.3281
8484000,359.466699,1051,99,0.005642,0.2734
8486000,365.115484,1039,101,0.004696,0.3203
8488000,365.079040,1053,100,0.004954,0.3516
8490000,364.611003,1057,92,0.008272,0.4062
8492000,365.233920,1038,99,0.009855,0.3984
8494000,364.494526,1041,99,0.007342,0.3047
8496000,361.847150,1032,105,0.004216,0.3672
8498000,358.816279,1047,117,0.000908,0.3672
8500000,360.897542,1044,104,0.002057,0.3672
8502000,359.944828,1037,116,0.002436,0.4141
8504000,364.790856,1036,89,0.002076,0.3047
8506000,363.460855,1038,102,0.005631,0.3750
8508000,359.210015,1024,101,0.005910,0.4219
8510000,360.010230,1045,108,0.005293,0.3828
8512000,364.001775,1028,117,0.005840,0.4375
8514000,364.196535,1052,106,0.008545,0.3750
8516000,363.801552,1061,99,0.003132,0.3672
8518000,365.865067,1056,117,0.007456,0.4609
8520000,364.306971,1058,120,0.005599,0.3594
8522000,365.673679,1025,112,0.006916,0.3203
8524000,370.087375,1051,110,0.008778,0.3594
8526000,364.263612,1050,104,0.005775,0.4141
8528000,370.337568,1072,95,0.005595,0.3281
8530000,368.449695,1054,93,0.007908,0.3203
8532000,366.587206,1051,77,0.008881,0.3281
8534000,368.284811,1062,82,0.008291,0.3438
8536000,368.703515,1073,82,0.003083,0.3359
8538000,368.310431,1069,80,0.003153,0.3125
8540000,373.129702,1055,102,0.005972,0.3125
8542000,371.597875,1043,112,0.002313,0.3516
8544000,373.447595,1045,106,0.001520,0.3594
8546000,365.822670,1045,98,0.003605,0.4297
8548000,368.466655,1060,100,0.002845,0.4141
8550000,369.760599,1054,111,0.003617,0.3047
8552000,378.010262,1070,104,0.004987,0.3281
8554000,378.751311,1067,97,0.002646,0.3438
8556000,373.578519,1047,98,0.002914,0.4297
8558000,378.945624,1046,101,0.002300,0.2812
8560000,375.654940,1021,113,0.003901,0.3047
8562000,373.587212,1053,93,0.001242,0.2578
8564000,378.621118,1046,96,0.000136,0.3438
8566000,378.874926,1044,99,0.000893,0.4453
8568000,372.404731,1063,93,0.000007,0.2969
8570000,365.284478,1055,92,0.000722,0.3359
8572000,362.717854,1042,108,0.000915,0.3594
8574000,355.975583,1015,93,0.001372,0.3594
8576000,349.590566,1008,93,0.001302,0.4609
8578000,350.936166,1012,116,0.003425,0.4453
8580000,352.946520,999,120,0.005568,0.3906
8582000,357.173675,1036,104,0.005141,0.3828
8584000,357.156844,1076,79,0.004591,0.3203
8586000,350.522678,1058,101,0.006797,0.3750
8588000,350.594791,1049,104,0.005166,0.3828
8590000,359.355431,1056,110,0.006044,0.3750
8592000,366.783935,1061,123,0.002191,0.3672
8594000,372.207971,1076,97,0.004843,0.3672
8596000,376.824208,1060,101,0.006698,0.3203
8598000,374.138223,1060,96,0.008254,0.3359
8600000,378.453100,1079,95,0.004141,0.4453
8602000,375.638843,1065,101,0.004667,0.3438
8604000,382.665142,1061,100,0.005031,0.2500
8606000,385.484747,1070,105,0.003415,0.3828
8608000,387.549014,1081,93,0.002984,0.2891
8610000,378.996219,1073,94,0.006174,0.2344
8612000,376.729095,1069,97,0.011755,0.3047
8614000,376.765160,1056,96,0.011497,0.3672
8616000,380.653063,1060,107,0.018363,0.3672
8618000,379.836574,1049,115,0.020448,0.3359
8620000,375.254079,1037,115,0.018522,0.3672
8622000,369.188195,1036,101,0.016697,0.3281
8624000,369.055030,1039,99,0.018861,0.4453
8626000,371.464707,1041,102,0.013398,0.4062
8628000,368.639203,1037,101,0.014261,0.3984
8630000,378.097855,1048,98,0.014747,0.3672
8632000,382.449150,1054,103,0.016940,0.4062
8634000,380.576355,1052,95,0.013899,0.4297
8636000,373.634536,1056,101,0.012901,0.4453
8638000,375.094598,1057,97,0.024367,0.4297
8640000,372.904940,1056,90,0.022959,0.4062
8642000,376.696515,1055,98,0.020178,0.3516
8644000,373.048283,1052,105,0.023556,0.3828
8646000,370.152524,1043,100,0.020906,0.2891
8648000,366.720412,1047,86,0.023284,0.3750
8650000,361.161478,1033,112,0.018412,0.3672
8652000,367.664078,1043,104,0.019146,0.4375
8654000,369.556915,1043,101,0.028022,0.3750
8656000,369.682310,1025,104,0.031805,0.3594
8658000,369.752254,1040,96,0.027570,0.2734
8660000,373.392792,1046,91,0.029441,0.4062
8662000,371.910659,1055,93,0.032429,0.3984
8664000,367.894060,1043,100,0.038711,0.4219
8666000,374.829899,1069,91,0.040259,0.3047
8668000,377.202699,1066,108,0.044897,0.4453
8670000,379.999927,1088,88,0.041116,0.3438
8672000,377.117334,1081,94,0.028110,0.3438
8674000,375.678535,1075,106,0.029930,0.3828
8676000,381.172663,1084,94,0.022567,0.4453
8678000,374.766742,1064,89,0.019453,0.3281
8680000,376.459990,1063,88,0.018337,0.3438
8682000,371.344583,1051,96,0.019860,0.3516
8684000,368.945206,1046,92,0.018801,0.3359
8686000,363.523127,1036,108,0.017914,0.3203
8688000,368.102175,1048,97,0.017410,0.3125
8690000,375.546491,1046,117,0.014925,0.3672
8692000,372.100582,1051,109,0.011437,0.3438
8694000,375.718883,1053,109,0.010401,0.4141
8696000,377.487415,1041,108,0.010210,0.4141
8698000,379.651790,1066,84,0.007553,0.3594
8700000,380.090867,1084,87,0.008869,0.3984
8702000,383.671235,1075,95,0.007080,0.3984
8704000,384.848670,1085,98,0.006274,0.4141
8706000,379.021756,1078,102,0.005413,0.3828
8708000,384.808640,1085,89,0.002639,0.3359
8710000,384.910830,1078,90,0.002594,0.3906
8712000,382.800620,1081,86,0.002268,0.3047
8714000,382.293587,1061,97,0.005019,0.3125
8716000,384.128563,1072,105,0.008117,0.3594
8718000,385.591243,1075,112,0.010396,0.4531
8720000,385.679775,1074,99,0.016013,0.3359
8722000,392.770787,1067,103,0.019334,0.4375
8724000,390.134435,1069,107,0.016785,0.4062
8726000,396.378448,1082,98,0.016005,0.4453
8728000,398.506555,1083,96,0.011104,0.3906
8730000,393.178920,1074,96,0.008667,0.3594
8732000,399.546043,1069,108,0.013107,0.3672
8734000,387.912732,1086,93,0.014117,0.3281
8736000,388.914967,1092,80,0.011751,0.3047
8738000,396.226651,1094,90,0.008804,0.2578
8740000,401.190819,1115,98,0.007468,0.2734
8742000,403.408163,1108,84,0.002943,0.3906
8744000,403.937859,1101,82,0.002221,0.3125
8746000,399.419340,1091,97,0.002258,0.4141
8748000,405.079548,1101,91,0.000615,0.2969
8750000,396.551519,1109,86,0.002893,0.3281
8752000,393.059982,1115,66,0.002273,0.3672
8754000,392.933855,1107,80,0.002402,0.3516
8756000,386.666782,1097,84,0.001723,0.3906
8758000,386.686854,1085,89,0.002456,0.2891
8760000,392.572630,1094,82,0.004404,0.2891
8762000,380.584038,1058,93,0.005538,0.4062
8764000,384.573779,1070,104,0.004716,0.4297
8766000,385.538031,1084,88,0.005312,0.3516
8768000,376.192115,1087,89,0.004010,0.3047
8770000,380.063836,1081,87,0.002702,0.3125
8772000,377.737135,1067,87,0.000904,0.2891
8774000,375.811740,1054,94,0.000179,0.2500
8776000,375.177974,1058,101,0.001379,0.3672
8778000,374.333255,1062,102,0.001792,0.5000
8780000,372.979678,1071,104,0.004720,0.3594
8782000,373.128011,1078,95,0.002754,0.3906
8784000,377.898479,1091,87,0.002311,0.3359
8786000,380.073059,1094,73,0.002451,0.3594
8788000,379.992275,1102,76,0.000534,0.2734
8790000,382.421375,1063,85,0.000854,0.3984
8792000,379.089895,1064,102,0.001840,0.4219
8794000,379.537391,1052,97,0.001650,0.3359
8796000,379.116262,1049,106,0.001996,0.3594
8798000,385.159419,1051,108,0.001307,0.3359
8800000,391.241190,1050,103,0.000663,0.3672
8802000,382.427755,1059,102,0.000524,0.3750
8804000,384.613075,1053,97,0.001146,0.3438
8806000,379.824336,1049,96,0.001695,0.3672
8808000,381.213175,1069,95,0.001824,0.2969
8810000,385.397776,1096,89,0.002466,0.3984
8812000,383.424639,1069,86,0.001156,0.3125
8814000,377.561535,1050,95,0.001323,0.3438
8816000,380.556982,1056,106,0.000822,0.3125
8818000,377.637438,1023,108,0.000030,0.3906
8820000,375.884520,1052,116,0.000095,0.3594
8822000,372.305539,1060,90,0.000589,0.3906
8824000,379.891500,1066,113,0.001193,0.3359
8826000,377.930839,1066,107,0.000888,0.4766
8828000,378.861207,1058,114,0.001585,0.3047
8830000,377.010160,1058,88,0.003060,0.3125
8832000,375.997639,1052,99,0.002276,0.4141
8834000,382.306070,1048,103,0.003085,0.3125
8836000,383.393159,1051,104,0.001532,0.4688
8838000,386.336862,1076,86,0.002119,0.3594
8840000,384.789932,1102,74,0.002536,0.3594
8842000,379.359416,1082,83,0.001307,0.2578
8844000,372.740366,1069,74,0.005376,0.3516
8846000,376.416060,1068,107,0.014559,0.3438
8848000,373.521075,1040,110,0.006551,0.3359
8850000,373.721260,1064,97,0.005698,0.4453
8852000,376.635136,1055,100,0.007556,0.3906
8854000,367.353542,1042,100,0.004925,0.3750
8856000,369.015507,1041,91,0.006878,0.3125
8858000,371.989854,1041,103,0.003703,0.3516
8860000,363.188115,1027,118,0.002296,0.3672
8862000,368.877966,1043,102,0.005718,0.2500
8864000,364.871035,1049,89,0.007470,0.3203
8866000,366.409150,1011,117,0.004397,0.4062
8868000,363.799491,1058,98,0.003195,0.3828
8870000,363.971910,1058,102,0.003570,0.3359
8872000,374.131112,1082,93,0.005044,0.3047
8874000,373.076995,1067,106,0.007127,0.3438
8876000,378.234572,1063,99,0.006580,0.3516
8878000,375.280947,1053,99,0.008890,0.3125
8880000,372.631079,1071,87,0.004907,0.3828
8882000,371.953223,1074,98,0.002872,0.3359
8884000,367.707150,1056,102,0.002022,0.3984
8886000,371.947052,1067,97,0.003166,0.3672
8888000,371.845975,1063,95,0.003174,0.3281
8890000,369.454348,1085,82,0.002157,0.3047
8892000,367.393870,1079,86,0.001113,0.2188
8894000,365.317254,1080,86,0.000616,0.3906
8896000,367.344975,1093,80,0.000749,0.3359
8898000,371.636966,1086,92,0.000920,0.3203
8900000,371.897750,1073,95,0.000064,0.3125
8902000,377.221123,1089,84,0.000557,0.3906
8904000,377.771087,1095,83,0.000264,0.3438
8906000,375.655739,1085,89,0.001040,0.3672
8908000,371.656283,1076,97,0.000947,0.2812
8910000,369.982924,1060,92,0.000529,0.3438
8912000,367.824199,1066,109,0.001094,0.3906
8914000,357.741787,1063,100,0.000104,0.3203
8916000,358.866679,1056,99,0.000156,0.3203
8918000,354.638679,1035,103,0.000856,0.4375
8920000,359.255775,1036,110,0.001270,0.3984
8922000,354.202128,1037,107,0.000414,0.3828
8924000,358.173100,1017,119,0.001936,0.3594
8926000,362.479443,1017,118,0.001278,0.3594
8928000,359.894607,1017,105,0.001323,0.4297
8930000,365.202358,1030,107,0.002401,0.3359
8932000,366.800870,1031,94,0.001451,0.2812
8934000,364.811550,1049,94,0.003194,0.3672
8936000,368.577694,1032,93,0.003857,0.4531
8938000,360.265003,1037,86,0.003138,0.4219
8940000,359.545267,1040,95,0.002319,0.3438
8942000,363.223390,1044,96,0.006646,0.3125
8944000,363.099091,1058,91,0.011321,0.3594
8946000,371.258719,1089,73,0.012368,0.2031
8948000,375.386787,1083,89,0.007534,0.3203
8950000,371.662358,1074,92,0.006240,0.3594
8952000,374.666251,1069,86,0.005540,0.4219
8954000,376.766687,1082,88,0.003759,0.4453
8956000,373.603854,1059,96,0.001976,0.3047
8958000,368.561744,1052,90,0.004295,0.3125
8960000,368.166620,1038,84,0.008077,0.2891
8962000,371.121724,1047,102,0.009860,0.4688
8964000,381.037420,1054,111,0.010266,0.3516
8966000,378.894646,1057,97,0.008103,0.3984
8968000,374.551475,1065,108,0.007703,0.3672
8970000,379.225942,1055,105,0.007559,0.3281
8972000,375.546687,1058,101,0.002936,0.3281
8974000,378.765502,1076,95,0.003452,0.3672
8976000,379.371520,1088,82,0.003811,0.3203
8978000,378.200383,1072,94,0.004125,0.3828
8980000,379.063464,1066,110,0.001960,0.3281
8982000,372.600950,1050,112,0.003447,0.4062
8984000,380.128104,1059,109,0.005875,0.4062
8986000,370.694310,1061,96,0.003458,0.3672
8988000,366.974156,1056,97,0.004270,0.3828
8990000,375.349932,1075,86,0.003798,0.3281
8992000,381.406028,1090,83,0.006006,0.3359
8994000,387.080127,1092,94,0.007110,0.3516
8996000,380.114062,1075,97,0.004479,0.3828
8998000,385.407772,1078,73,0.003960,0.2969
9000000,384.926268,1075,99,0.002814,0.3906
9002000,381.868455,1092,78,0.003989,0.3516
9004000,386.046987,1088,97,0.004143,0.4141
9006000,378.270451,1081,88,0.003860,0.3828
9008000,374.438812,1080,97,0.003487,0.3750
9010000,370.931423,1058,102,0.005706,0.3438
9012000,370.049455,1060,118,0.000901,0.4219
9014000,369.936028,1045,113,0.000455,0.4609
9016000,373.524286,1063,96,0.002062,0.3906
9018000,364.024686,1036,110,0.002081,0.3906
9020000,369.729224,1052,102,0.001063,0.3281
9022000,374.470651,1054,93,0.002296,0.3750
9024000,384.114855,1034,123,0.009547,0.4844
9026000,374.715910,1040,115,0.004041,0.4609
9028000,372.637283,1053,94,0.003983,0.3672
9030000,375.196686,1076,95,0.005752,0.4297
9032000,380.023787,1102,79,0.001760,0.2891
9034000,385.954726,1074,101,0.005066,0.4062
9036000,376.791359,1074,98,0.001559,0.3594
9038000,373.022140,1057,100,0.005236,0.3516
9040000,372.989566,1066,102,0.005487,0.3984
9042000,374.435628,1018,134,0.008742,0.4375
9044000,380.100271,1029,134,0.006716,0.4062
9046000,374.286915,1028,103,0.009934,0.3750
9048000,366.008700,1044,108,0.009593,0.3125
9050000,365.536651,1040,97,0.011950,0.3984
9052000,361.751932,1050,81,0.010668,0.3594
9054000,362.250435,1056,92,0.015203,0.3672
9056000,372.183198,1052,86,0.013816,0.4297
9058000,371.478014,1041,79,0.015807,0.3750
9060000,370.861064,1036,91,0.018903,0.2734
9062000,370.156339,1045,108,0.020307,0.3125
9064000,370.355856,1047,95,0.022792,0.4141
9066000,361.785407,1024,99,0.025120,0.4062
9068000,360.170438,1026,89,0.021036,0.2891
9070000,359.248759,1039,97,0.017723,0.3125
9072000,360.991811,1027,101,0.022989,0.4141
9074000,358.687870,1024,112,0.029130,0.4141
9076000,358.032390,1024,109,0.032815,0.4609
9078000,354.156014,1020,105,0.025529,0.3828
9080000,351.180350,1025,105,0.020959,0.3906
9082000,357.405015,1033,101,0.019877,0.3047
9084000,361.093315,1049,108,0.021746,0.3672
9086000,363.240822,1056,101,0.021988,0.3203
9088000,355.013059,1061,95,0.018407,0.3438
9090000,354.214780,1046,87,0.025283,0.2578
9092000,355.267051,1049,98,0.024053,0.3828
9094000,356.200667,1041,92,0.013708,0.3281
9096000,357.547235,1037,101,0.018800,0.3281
9098000,362.063179,1038,96,0.017928,0.3516
9100000,362.020344,1037,104,0.020891,0.3594
9102000,363.049699,1037,120,0.018360,0.4453
9104000,355.279375,1032,101,0.016302,0.3125
9106000,355.557499,1019,98,0.013038,0.3516
9108000,350.506572,1003,119,0.007027,0.4375
9110000,354.143915,1026,108,0.008384,0.4062
9112000,352.350358,1040,106,0.008401,0.3672
9114000,351.495771,1021,108,0.010722,0.5000
9116000,354.388256,1026,110,0.012080,0.3906
9118000,354.884635,1031,113,0.013935,0.2656
9120000,352.449167,1001,103,0.023215,0.3516
9122000,355.932284,1021,108,0.014914,0.3281
9124000,357.175064,1041,99,0.010780,0.3516
9126000,361.026111,1048,100,0.015791,0.3359
9128000,362.107926,1052,91,0.010745,0.3281
9130000,359.486919,1064,93,0.013202,0.2891
9132000,366.100792,1060,92,0.014432,0.3359
9134000,360.719151,1048,108,0.017816,0.3281
9136000,365.895182,1058,108,0.023187,0.4766
9138000,369.391971,1081,98,0.023659,0.4062
9140000,368.924423,1045,113,0.022375,0.4766
9142000,377.727718,1077,100,0.024227,0.3594
9144000,371.706870,1067,97,0.016227,0.3594
9146000,375.899852,1073,86,0.008264,0.3281
9148000,373.299342,1052,100,0.009050,0.4453
9150000,375.164695,1044,107,0.015530,0.3672
9152000,373.681959,1043,113,0.011211,0.3672
9154000,374.164248,1049,102,0.012732,0.3281
9156000,372.285480,1031,108,0.013788,0.4453
9158000,377.628855,1056,109,0.012388,0.4453
9160000,379.084982,1072,95,0.015987,0.3359
9162000,384.433574,1069,102,0.016965,0.3672
9164000,383.556824,1062,101,0.021409,0.3672
9166000,381.415824,1068,93,0.019579,0.3672
9168000,381.450844,1081,78,0.018914,0.3672
9170000,378.913271,1089,78,0.015677,0.3750
9172000,373.989315,1065,98,0.012654,0.2656
9174000,376.051859,1061,88,0.010340,0.3750
9176000,379.642350,1078,94,0.008002,0.3906
9178000,378.744638,1054,92,0.005906,0.2734
9180000,375.411150,1066,102,0.006232,0.2891
9182000,373.916440,1072,100,0.008999,0.3125
9184000,373.343995,1058,97,0.006885,0.3750
9186000,372.619852,1080,90,0.008386,0.3281
9188000,366.622150,1084,90,0.005929,0.3203
9190000,375.045275,1098,70,0.006015,0.2969
9192000,376.088254,1075,93,0.005505,0.3672
9194000,370.712550,1059,92,0.004041,0.2891
9196000,377.462188,1072,85,0.006255,0.2812
9198000,377.433939,1080,91,0.007703,0.3359
9200000,379.440175,1081,102,0.010799,0.2969
9202000,382.295632,1091,85,0.011714,0.2500
9204000,373.481804,1087,92,0.008701,0.3828
9206000,366.440950,1045,98,0.005768,0.3281
9208000,364.280686,1025,96,0.005684,0.2578
9210000,360.663198,1041,122,0.011076,0.5078
9212000,369.738667,1060,102,0.019895,0.2969
9214000,370.497152,1037,107,0.026713,0.4453
9216000,359.244275,1059,95,0.022010,0.2812
9218000,360.789310,1072,99,0.013899,0.3828
9220000,359.085040,1058,109,0.021483,0.3750
9222000,359.091768,1061,102,0.025448,0.3125
9224000,359.114275,1074,84,0.031808,0.3672
9226000,363.937835,1052,105,0.028859,0.3906
9228000,372.006182,1067,111,0.020998,0.3281
9230000,368.926270,1051,102,0.015066,0.3281
9232000,364.584867,1040,107,0.010624,0.4688
9234000,369.010710,1061,96,0.013945,0.3828
9236000,375.817854,1073,95,0.011797,0.4219
9238000,379.909015,1071,101,0.012015,0.2969
9240000,375.119878,1086,108,0.006154,0.4219
9242000,377.617823,1072,105,0.008887,0.3516
9244000,377.535036,1100,95,0.005136,0.3438
9246000,380.831168,1081,93,0.005912,0.3359
9248000,374.234600,1068,91,0.005301,0.3516
9250000,374.844855,1074,93,0.008647,0.3984
9252000,373.225868,1071,93,0.002244,0.3203
9254000,377.907939,1074,92,0.005193,0.4062
9256000,377.017654,1060,81,0.005868,0.3281
9258000,376.986355,1060,97,0.004445,0.4453
9260000,381.019155,1072,88,0.002915,0.3828
9262000,381.731052,1078,88,0.004370,0.2578
9264000,382.785190,1069,94,0.005368,0.3672
9266000,383.109180,1085,81,0.002393,0.3984
9268000,382.579275,1078,93,0.005167,0.3125
9270000,375.700131,1080,103,0.006619,0.3359
9272000,380.975208,1080,101,0.005175,0.4453
9274000,371.152700,1052,101,0.001824,0.4375
9276000,373.855447,1089,76,0.001566,0.4219
9278000,374.471991,1088,88,0.001323,0.4609
9280000,378.159035,1102,78,0.002628,0.3203
9282000,373.829499,1106,70,0.003430,0.2969
9284000,370.883336,1081,89,0.006700,0.4062
9286000,370.109843,1072,88,0.004911,0.3125
9288000,368.490560,1072,98,0.002535,0.3750
9290000,364.180499,1052,99,0.002178,0.4297
9292000,364.708782,1067,90,0.003154,0.3906
9294000,362.697775,1058,91,0.002673,0.2656
9296000,365.193302,1069,105,0.004624,0.3594
9298000,373.888363,1075,104,0.004482,0.3906
9300000,375.048902,1095,93,0.001567,0.2969
9302000,371.660083,1073,95,0.002861,0.3672
9304000,381.098379,1091,86,0.001562,0.4219
9306000,385.060766,1089,78,0.002941,0.3125
9308000,381.511870,1072,89,0.004273,0.3516
9310000,376.334123,1066,92,0.003142,0.3828
9312000,370.944702,1061,102,0.008433,0.2812
9314000,369.387448,1060,118,0.005034,0.4453
9316000,372.977368,1067,93,0.003800,0.3750
9318000,372.900990,1067,83,0.006068,0.3281
9320000,372.954776,1043,111,0.006854,0.3281
9322000,367.173836,1036,111,0.003469,0.4297
9324000,362.502187,1018,113,0.002458,0.4844
9326000,363.950067,1020,111,0.005519,0.3203
9328000,359.983900,1027,107,0.002202,0.3672
9330000,367.761735,1041,93,0.000189,0.3750
9332000,363.496640,1034,97,0.000371,0.3359
9334000,357.450835,1046,81,0.001666,0.3438
9336000,352.750430,1021,102,0.000912,0.3281
9338000,363.191875,1035,93,0.001743,0.3281
9340000,362.706790,1037,105,0.004726,0.3906
9342000,362.267260,1028,107,0.004198,0.4297
9344000,361.759342,1033,105,0.003832,0.3828
9346000,363.949974,1045,101,0.001533,0.3281
9348000,361.606800,1056,78,0.001807,0.2656
9350000,357.298828,1015,100,0.002157,0.3750
9352000,360.376575,1031,100,0.000373,0.4297
9354000,365.884599,1032,101,0.000135,0.3594
9356000,364.929856,1036,118,0.000130,0.4297
9358000,365.714910,1026,109,0.000080,0.3047
9360000,370.526167,1043,105,0.000232,0.4219
9362000,369.256627,1049,93,0.000531,0.3516
9364000,368.543987,1034,96,0.000256,0.3047
9366000,366.388700,1045,94,0.000078,0.4766
9368000,363.165452,1050,87,0.000095,0.3047
9370000,368.567884,1074,79,0.000090,0.3750
9372000,367.996172,1069,91,0.000017,0.3125
9374000,379.655644,1086,82,0.000010,0.2344
9376000,376.019040,1088,67,0.000029,0.2812
9378000,371.567948,1072,86,0.000307,0.4062
9380000,373.839260,1073,85,0.000263,0.4062
9382000,374.712995,1079,100,0.000155,0.3516
9384000,373.061471,1068,88,0.001104,0.4062
9386000,378.396623,1089,85,0.002961,0.2969
9388000,377.763275,1072,92,0.000281,0.4297
9390000,373.948223,1087,81,0.001054,0.2891
9392000,374.211887,1073,79,0.000845,0.2969
9394000,371.939710,1065,115,0.002936,0.4844
9396000,370.811287,1059,91,0.002242,0.3516
9398000,370.968680,1074,86,0.001821,0.2969
9400000,371.606454,1077,80,0.000902,0.3906
9402000,366.373215,1059,95,0.002511,0.3281
9404000,364.422359,1068,96,0.001945,0.3359
9406000,366.504219,1065,90,0.002762,0.2969
9408000,366.847999,1060,88,0.003017,0.4375
9410000,362.129819,1044,93,0.005997,0.3281
9412000,361.235030,1047,82,0.007446,0.4688
9414000,363.206935,1040,100,0.009099,0.4141
9416000,361.418670,1044,93,0.007339,0.3984
9418000,368.085840,1046,80,0.006329,0.3594
9420000,361.763523,1035,105,0.004640,0.3828
9422000,363.459871,1032,119,0.003530,0.3906
9424000,362.885830,1055,108,0.003938,0.4453
9426000,371.921975,1065,101,0.007082,0.3672
9428000,371.759168,1079,83,0.009531,0.3750
9430000,372.434396,1080,86,0.004309,0.3047
9432000,372.875542,1066,92,0.005242,0.3594
9434000,375.349400,1082,86,0.008566,0.2734
9436000,379.372027,1065,110,0.003190,0.3750
9438000,378.242235,1063,113,0.001072,0.3828
9440000,377.528991,1094,82,0.000508,0.3750
9442000,382.504047,1074,91,0.001548,0.3594
9444000,386.036595,1057,105,0.001500,0.3906
9446000,384.023335,1065,86,0.001409,0.3672
9448000,385.180184,1060,103,0.001290,0.4922
9450000,388.313315,1067,95,0.001873,0.4766
9452000,392.490300,1072,98,0.003625,0.4219
9454000,392.633795,1095,86,0.008781,0.3594
9456000,396.196960,1096,102,0.007419,0.4141
9458000,396.001310,1088,94,0.007533,0.3828
9460000,399.822398,1078,102,0.005003,0.3906
9462000,403.515622,1065,105,0.002999,0.3281
9464000,396.033020,1049,110,0.003188,0.2812
9466000,389.368979,1073,113,0.005995,0.3281
9468000,393.043191,1074,113,0.006258,0.4219
9470000,395.670510,1083,93,0.008313,0.3750
9472000,383.925267,1070,103,0.003605,0.4141
9474000,381.851900,1082,85,0.003387,0.3359
9476000,371.842590,1052,99,0.006535,0.3359
9478000,374.101991,1065,107,0.005934,0.4141
9480000,374.385579,1063,98,0.004957,0.3594
9482000,386.926619,1073,87,0.006270,0.3438
9484000,385.477863,1055,104,0.008833,0.3750
9486000,385.726875,1069,98,0.005015,0.3750
9488000,382.299966,1079,88,0.005298,0.3750
9490000,384.191390,1071,90,0.005961,0.4219
9492000,376.493095,1067,92,0.008032,0.3516
9494000,370.533383,1043,94,0.007385,0.3906
9496000,366.181880,1047,100,0.007849,0.2812
9498000,365.580728,1023,116,0.006645,0.3203
9500000,366.229399,1011,115,0.002894,0.3906
9502000,365.144480,1014,109,0.008736,0.3125
9504000,359.919406,1022,100,0.004928,0.2812
9506000,359.320847,1010,108,0.003751,0.4297
9508000,366.678598,1029,104,0.006446,0.4609
9510000,368.188502,1035,104,0.005780,0.3906
9512000,367.824014,1039,98,0.010119,0.3516
9514000,371.096870,1043,105,0.005301,0.4141
9516000,372.155735,1067,99,0.008742,0.3516
9518000,370.308272,1073,91,0.005732,0.2734
9520000,374.026782,1094,73,0.008858,0.3828
9522000,371.178279,1087,85,0.003645,0.3203
9524000,366.287280,1080,92,0.005629,0.3516
9526000,361.196039,1080,100,0.003075,0.3516
9528000,369.490974,1063,104,0.004344,0.4141
9530000,372.071772,1066,106,0.002190,0.3594
9532000,368.344495,1067,92,0.006414,0.3906
9534000,374.158560,1071,102,0.005714,0.3516
9536000,380.366060,1080,99,0.004607,0.3906
9538000,381.931560,1087,100,0.005066,0.3672
9540000,381.849894,1118,66,0.007351,0.3047
9542000,378.802347,1111,76,0.006937,0.2500
9544000,386.293888,1076,98,0.008943,0.3516
9546000,382.311175,1081,90,0.008288,0.3359
9548000,378.900620,1088,87,0.012644,0.3203
9550000,387.804060,1095,92,0.013375,0.3594
9552000,386.867575,1089,90,0.007647,0.2422
9554000,384.782535,1086,97,0.010557,0.3438
9556000,382.957711,1084,94,0.012971,0.3594
9558000,372.361212,1065,99,0.013871,0.2891
9560000,372.962956,1063,89,0.020113,0.3203
9562000,372.253292,1067,90,0.018606,0.3047
9564000,372.118700,1071,94,0.021383,0.2656
9566000,379.716952,1084,93,0.011981,0.2812
9568000,378.383407,1088,89,0.018239,0.4219
9570000,369.881695,1089,93,0.021417,0.3516
9572000,375.658875,1089,84,0.022440,0.3359
9574000,380.799550,1068,95,0.023231,0.3828
9576000,376.096015,1051,107,0.017694,0.4141
9578000,376.934255,1051,98,0.019836,0.3438
9580000,385.582718,1056,86,0.024942,0.3438
9582000,382.623323,1052,96,0.028334,0.3750
9584000,387.789590,1054,92,0.026370,0.2734
9586000,382.357952,1072,98,0.023810,0.3750
9588000,376.942424,1060,107,0.024906,0.2969
9590000,377.151515,1076,104,0.024642,0.3594
9592000,380.234700,1052,106,0.029536,0.3047
9594000,380.213564,1044,113,0.028403,0.4141
9596000,376.300092,1047,93,0.024639,0.3594
9598000,373.167820,1071,77,0.020735,0.3672
9600000,380.184460,1070,81,0.026193,0.2344
9602000,382.419571,1077,73,0.025383,0.3125
9604000,383.527864,1070,84,0.022645,0.2891
9606000,374.744224,1069,90,0.020461,0.2891
9608000,378.772319,1082,93,0.023877,0.3125
9610000,375.061843,1088,100,0.022432,0.2500
9612000,375.694374,1095,100,0.030387,0.3984
9614000,380.082102,1081,96,0.030752,0.4219
9616000,379.924534,1087,88,0.024798,0.3047
9618000,385.751995,1083,91,0.030605,0.3906
9620000,388.383390,1094,77,0.029466,0.2734
9622000,385.957390,1110,83,0.024982,0.2812
9624000,390.538195,1071,91,0.027206,0.3359
9626000,385.378791,1072,98,0.020002,0.3203
9628000,379.856520,1096,97,0.021161,0.3203
9630000,385.295859,1119,84,0.020424,0.3438
9632000,380.348590,1103,82,0.022511,0.4375
9634000,378.964000,1090,91,0.026720,0.2969
9636000,386.591660,1067,91,0.019296,0.3281
9638000,375.345571,1054,115,0.017627,0.4297
9640000,376.706534,1050,102,0.024914,0.3594
9642000,383.591899,1062,84,0.021030,0.3359
9644000,384.374755,1063,89,0.018937,0.3359
9646000,375.738351,1044,111,0.016165,0.3281
9648000,373.692822,1029,95,0.015268,0.3828
9650000,372.015222,1045,114,0.011305,0.3906
9652000,367.081216,1035,98,0.009845,0.3438
9654000,369.162079,1048,94,0.010860,0.3594
9656000,371.021075,1037,105,0.011439,0.3672
9658000,369.180534,1053,111,0.011847,0.3594
9660000,366.828188,1062,98,0.012850,0.3750
9662000,375.178303,1068,102,0.017295,0.3672
9664000,373.550940,1080,82,0.019616,0.3750
9666000,373.577180,1069,102,0.021571,0.3594
9668000,372.541244,1063,93,0.015026,0.3516
9670000,376.605164,1056,109,0.013549,0.3516
9672000,364.307500,1057,105,0.010644,0.3672
9674000,364.650342,1051,98,0.010643,0.4531
9676000,367.366960,1066,101,0.006158,0.2891
9678000,366.664459,1076,83,0.006705,0.2656
9680000,362.567167,1063,100,0.006707,0.3828
9682000,365.384780,1066,87,0.009638,0.3516
9684000,367.777040,1075,99,0.010804,0.3594
9686000,366.535022,1064,113,0.008014,0.4062
9688000,365.003331,1064,103,0.006540,0.3438
9690000,370.070391,1057,90,0.011208,0.3516
9692000,368.218787,1036,110,0.016773,0.3047
9694000,365.593079,1024,111,0.018867,0.3594
9696000,367.000700,1061,97,0.016416,0.3125
9698000,372.772735,1093,93,0.024568,0.3906
9700000,370.782414,1087,86,0.019519,0.3281
9702000,374.746988,1083,85,0.024020,0.3828
9704000,379.801827,1068,94,0.019952,0.3438
9706000,383.310195,1102,73,0.023736,0.3047
9708000,378.621054,1085,97,0.022464,0.3516
9710000,385.971340,1084,74,0.030185,0.3281
9712000,381.122774,1084,89,0.020294,0.4297
9714000,375.770175,1062,111,0.023646,0.4062
9716000,377.660131,1066,105,0.021186,0.3438
9718000,371.783878,1059,88,0.030014,0.3516
9720000,366.718416,1078,82,0.022340,0.3281
9722000,364.989275,1068,94,0.021987,0.2812
9724000,365.187339,1070,91,0.028987,0.2734
9726000,366.852515,1058,91,0.028116,0.2891
9728000,372.035431,1055,99,0.018301,0.3047
9730000,364.523612,1008,112,0.013768,0.3516
9732000,367.955955,1041,108,0.023891,0.3516
9734000,369.282451,1038,105,0.030490,0.3438
9736000,371.502152,1037,108,0.029039,0.3516
9738000,367.599915,1023,103,0.020021,0.3984
9740000,370.970059,1036,107,0.012487,0.3984
9742000,370.684055,1066,87,0.016719,0.3203
9744000,369.163584,1057,94,0.015572,0.3750
9746000,372.255463,1058,91,0.015878,0.3516
9748000,364.846095,1029,111,0.011582,0.4219
9750000,368.427936,1046,122,0.009656,0.4062
9752000,370.590320,1064,95,0.008876,0.2891
9754000,369.599880,1057,104,0.010030,0.4141
9756000,370.428755,1068,97,0.008217,0.3516
9758000,370.590663,1062,95,0.006074,0.4297
9760000,369.671702,1051,101,0.010753,0.3594
9762000,366.608102,1054,96,0.009934,0.2969
9764000,367.511896,1055,109,0.010086,0.3516
9766000,368.371132,1054,91,0.010185,0.3594
9768000,363.882238,1031,113,0.009689,0.4609
9770000,357.566878,1064,91,0.005804,0.3281
9772000,371.734055,1081,73,0.004179,0.3203
9774000,371.736167,1080,87,0.003526,0.4531
9776000,374.351520,1070,90,0.005668,0.2500
9778000,367.372731,1045,110,0.006689,0.3438
9780000,364.718663,1045,99,0.003993,0.2969
9782000,356.099830,1018,117,0.005200,0.4688
9784000,357.276700,1055,99,0.010045,0.2969
9786000,361.721310,1053,90,0.007759,0.4766
9788000,361.250076,1047,98,0.007225,0.4297
9790000,350.743623,1020,109,0.010646,0.4219
9792000,352.382440,1008,95,0.009778,0.4531
9794000,353.379439,1018,96,0.005550,0.3750
9796000,360.225019,1038,111,0.006113,0.4297
9798000,367.010220,1045,105,0.007881,0.4219
9800000,360.564655,1053,92,0.006256,0.3359
9802000,358.536815,1061,102,0.004124,0.3750
9804000,363.539311,1052,107,0.008194,0.3906
9806000,366.360652,1043,116,0.002049,0.3672
9808000,370.973646,1039,112,0.006762,0.3984
9810000,374.593499,1055,112,0.006758,0.3984
9812000,375.820092,1074,93,0.002511,0.3750
9814000,370.365623,1058,108,0.003759,0.2969
9816000,370.314935,1056,96,0.005546,0.3750
9818000,370.186286,1051,117,0.006601,0.4375
9820000,365.471190,1069,86,0.006085,0.3203
9822000,370.613356,1058,84,0.005727,0.3516
9824000,368.475243,1074,78,0.004887,0.3438
9826000,370.403763,1059,91,0.001390,0.3359
9828000,377.623515,1056,90,0.003467,0.3203
9830000,374.423422,1042,89,0.003622,0.4062
9832000,372.935838,1046,99,0.000887,0.3359
9834000,371.300430,1072,90,0.004056,0.4141
9836000,373.232307,1016,128,0.004124,0.4297
9838000,373.285280,1020,125,0.009232,0.3438
9840000,377.589651,1050,108,0.005442,0.3516
9842000,378.221999,1076,105,0.002837,0.3359
9844000,377.218990,1063,107,0.004427,0.5156
9846000,375.537150,1072,84,0.010441,0.3359
9848000,378.194911,1063,87,0.009814,0.3906
9850000,379.584075,1080,94,0.009682,0.2969
9852000,374.580651,1061,109,0.014974,0.3750
9854000,378.769911,1075,100,0.016905,0.4297
9856000,375.428215,1072,99,0.016078,0.3750
9858000,368.518787,1061,98,0.011633,0.4141
9860000,373.707651,1042,100,0.011672,0.4297
9862000,376.978876,1075,89,0.010729,0.2969
9864000,376.253174,1065,94,0.011551,0.3906
9866000,375.803206,1063,100,0.016618,0.3672
9868000,379.397855,1061,103,0.014205,0.3516
9870000,376.324422,1061,102,0.009959,0.3281
9872000,376.545360,1065,97,0.010512,0.4609
9874000,378.238960,1045,108,0.011978,0.3828
9876000,379.717190,1061,102,0.007631,0.3203
9878000,379.741243,1064,106,0.007798,0.4766
9880000,373.352206,1041,112,0.011565,0.5391
9882000,374.755278,1046,105,0.017997,0.3281
9884000,373.533251,1066,94,0.013902,0.2578
9886000,376.490470,1074,89,0.009329,0.3594
9888000,379.251976,1051,87,0.010188,0.4531
9890000,373.213563,1044,99,0.010889,0.3047
9892000,372.155675,1036,99,0.006372,0.4922
9894000,371.285118,1059,104,0.011062,0.4219
9896000,370.775943,1046,106,0.011093,0.2422
9898000,370.005582,1061,107,0.013788,0.3203
9900000,376.507820,1094,91,0.013188,0.2422
9902000,377.122511,1072,85,0.011884,0.4219
9904000,381.128208,1072,86,0.014593,0.3047
9906000,382.861400,1065,91,0.010458,0.3047
9908000,382.750524,1074,101,0.016882,0.3359
9910000,385.835403,1066,105,0.017255,0.2891
9912000,387.104675,1060,98,0.013768,0.3672
9914000,387.012467,1081,96,0.008284,0.3281
9916000,390.817880,1064,103,0.008463,0.3750
9918000,391.495739,1078,105,0.010094,0.4062
9920000,390.720220,1080,106,0.003271,0.3828
9922000,390.216486,1086,96,0.001873,0.3281
9924000,391.799510,1094,94,0.003413,0.2734
9926000,387.528803,1098,92,0.004214,0.3203
9928000,385.670758,1089,86,0.003134,0.4141
9930000,391.182743,1105,85,0.003534,0.2734
9932000,381.498883,1095,73,0.003251,0.2891
9934000,383.780875,1093,96,0.003002,0.4375
9936000,391.640528,1108,89,0.003525,0.3125
9938000,384.045175,1086,94,0.001922,0.2734
9940000,374.888590,1049,107,0.000640,0.3750
9942000,382.085675,1073,92,0.001801,0.3281
9944000,383.940958,1076,96,0.002450,0.4297
9946000,385.548303,1078,100,0.003223,0.3750
9948000,381.199086,1070,108,0.004286,0.3594
9950000,378.162867,1076,91,0.004400,0.3125
9952000,374.782315,1092,83,0.006488,0.4141
9954000,380.665135,1089,96,0.008807,0.3984
9956000,376.305155,1073,96,0.004005,0.4062
9958000,366.655308,1079,88,0.004365,0.2969
9960000,366.017595,1056,102,0.004805,0.2891
9962000,374.843070,1048,109,0.001419,0.4766
9964000,368.514590,1059,101,0.002183,0.3906
9966000,373.138430,1073,100,0.000617,0.2578
9968000,375.596259,1072,104,0.001135,0.3672
9970000,371.424784,1060,102,0.001730,0.3906
9972000,376.894024,1068,89,0.001404,0.3828
9974000,383.458296,1069,85,0.002561,0.3594
9976000,385.241630,1069,98,0.001775,0.3828
9978000,380.250735,1061,91,0.002583,0.3672
9980000,380.701103,1077,88,0.001295,0.3438
9982000,380.205782,1068,94,0.000227,0.3125
9984000,376.630246,1074,94,0.000423,0.3516
9986000,387.589590,1093,83,0.000578,0.2969
9988000,384.431744,1080,92,0.000777,0.2891
9990000,380.006959,1079,86,0.000360,0.4375
9992000,383.622915,1084,93,0.000574,0.2969
9994000,386.795870,1080,89,0.000276,0.3984
9996000,388.809779,1071,105,0.000418,0.2734
9998000,378.652803,1041,114,0.001295,0.4219
10000000,382.814950,1061,109,0.000783,0.4609
10002000,378.855107,1052,104,0.000709,0.4219
10004000,382.984955,1058,103,0.000379,0.3906
10006000,381.220560,1073,95,0.001912,0.4062
10008000,383.477596,1050,108,0.002693,0.3516
10010000,381.288310,1039,108,0.002058,0.4062
10012000,380.444471,1032,107,0.002357,0.3516
10014000,380.838307,1064,87,0.001358,0.3281
10016000,378.887630,1072,88,0.001588,0.2734
10018000,371.663078,1054,106,0.001368,0.3359
10020000,378.024076,1071,87,0.000622,0.2891
10022000,379.458419,1096,82,0.000026,0.2969
10024000,379.105772,1088,87,0.001234,0.3438
10026000,382.106960,1087,92,0.000886,0.3203
10028000,377.005756,1075,93,0.000959,0.3047
10030000,375.452584,1090,80,0.001191,0.3516
10032000,375.027510,1065,100,0.001215,0.3672
10034000,375.980110,1099,83,0.000641,0.3203
10036000,378.764427,1090,87,0.000758,0.2500
10038000,373.872175,1096,91,0.001021,0.3359
10040000,371.522604,1094,80,0.001484,0.1953
10042000,370.358055,1075,89,0.002825,0.4219
10044000,365.374303,1063,96,0.001257,0.3906
10046000,365.652222,1053,99,0.000370,0.3203
10048000,367.001647,1051,104,0.000099,0.3906
10050000,372.469502,1058,87,0.000622,0.4219
10052000,373.063118,1048,106,0.000689,0.3906
10054000,379.073004,1064,97,0.003480,0.3516
10056000,385.484008,1087,86,0.004631,0.3672
10058000,380.369000,1060,87,0.002484,0.4688
10060000,381.871606,1061,107,0.002149,0.2812
10062000,383.133283,1093,97,0.002256,0.4297
10064000,384.880047,1091,85,0.001472,0.2891
10066000,380.137660,1074,96,0.000880,0.3438
10068000,372.963950,1049,100,0.000522,0.2891
10070000,374.905606,1079,90,0.002262,0.4141
10072000,375.718702,1064,106,0.001370,0.3672
10074000,378.588286,1067,92,0.000571,0.3516
10076000,376.791007,1054,95,0.001338,0.3594
10078000,384.788184,1047,103,0.002888,0.4531
10080000,387.876419,1086,93,0.002135,0.3047
10082000,389.061190,1093,76,0.003774,0.3594
10084000,386.501446,1099,78,0.005411,0.3047
10086000,379.167310,1088,83,0.004053,0.3281
10088000,371.209415,1077,91,0.002125,0.3594
10090000,372.921276,1087,91,0.002749,0.4141
10092000,374.088910,1066,100,0.002412,0.3203
10094000,370.983139,1071,95,0.004952,0.3906
10096000,370.751454,1063,100,0.004451,0.4375
10098000,372.882750,1086,90,0.005516,0.3516
10100000,377.707484,1074,96,0.002822,0.3672
10102000,376.137407,1057,120,0.001593,0.4141
10104000,368.416542,1049,99,0.002313,0.3125
10106000,370.141340,1047,116,0.002296,0.5000
10108000,366.240928,1037,105,0.005143,0.4531
10110000,371.564375,1055,99,0.008331,0.4062
10112000,369.660075,1066,107,0.009538,0.2734
10114000,369.729558,1074,91,0.006061,0.2734
10116000,371.938870,1075,94,0.003958,0.3672
10118000,371.219052,1060,96,0.004222,0.3438
10120000,369.782700,1045,100,0.004347,0.3828
10122000,361.299655,1017,126,0.005241,0.4688
10124000,364.251915,1050,106,0.005327,0.3516
10126000,361.041839,1046,99,0.007469,0.3672
10128000,356.194267,1048,100,0.004612,0.4766
10130000,354.750515,1024,113,0.003600,0.3750
10132000,351.314206,1003,117,0.007940,0.4531
10134000,353.341800,1018,108,0.009252,0.3516
10136000,351.128494,1004,115,0.005936,0.4688
10138000,349.520091,1018,81,0.008682,0.3438
10140000,354.469720,1036,103,0.010231,0.4844
10142000,358.708903,1062,86,0.008025,0.3125
10144000,358.346371,1064,81,0.011427,0.3750
10146000,356.383160,1067,95,0.004643,0.4141
10148000,355.146075,1070,81,0.003220,0.3828
10150000,353.715995,1033,123,0.003509,0.4922
10152000,351.434574,1040,110,0.001577,0.4766
10154000,345.740870,1051,96,0.004792,0.2812
10156000,343.059886,1009,116,0.002548,0.3594
10158000,346.054643,1027,102,0.000896,0.2891
10160000,354.321408,1070,96,0.000896,0.2812
10162000,353.639211,1068,87,0.002190,0.2734
10164000,355.173115,1068,94,0.002266,0.3125
10166000,359.653494,1054,108,0.006675,0.5000
10168000,358.392915,1065,106,0.004637,0.2891
10170000,355.817187,1043,113,0.005961,0.3984
10172000,356.017299,1046,99,0.006912,0.3594
10174000,357.383975,1039,106,0.005821,0.4219
10176000,359.764894,1030,102,0.011569,0.3672
10178000,362.020899,1047,96,0.009462,0.3828
10180000,356.967799,1036,99,0.007369,0.4766
10182000,356.060511,1018,112,0.007063,0.3203
10184000,360.289310,1027,116,0.017667,0.3984
10186000,352.905918,1033,118,0.018082,0.4062
10188000,353.809174,1031,106,0.012974,0.4297
10190000,357.588840,1043,105,0.011308,0.3906
10192000,364.891151,1051,103,0.004527,0.4062
10194000,368.470812,1060,98,0.005005,0.3750
10196000,365.572526,1047,96,0.007297,0.3047
10198000,360.759695,1025,101,0.002552,0.4766
10200000,362.626251,1031,114,0.001977,0.3672
10202000,359.949595,1052,120,0.002209,0.3828
10204000,366.351815,1039,112,0.003936,0.4062
10206000,365.325070,1053,86,0.003304,0.3750
10208000,361.464264,1020,111,0.001741,0.3438
10210000,362.867455,1030,120,0.004709,0.4062
10212000,364.367059,1039,106,0.006212,0.3594
10214000,362.863270,1018,100,0.011546,0.3672
10216000,357.329111,1029,104,0.009848,0.3516
10218000,357.674479,1065,82,0.005183,0.3672
10220000,357.493055,1063,80,0.005620,0.2812
10222000,363.118864,1078,82,0.006060,0.2812
10224000,369.027055,1058,93,0.005297,0.3438
10226000,365.298283,1052,91,0.011642,0.3516
10228000,362.202944,1028,95,0.018452,0.3359
10230000,358.441260,1050,94,0.013018,0.4062
10232000,362.340510,1068,93,0.015565,0.3359
10234000,367.069235,1086,89,0.014407,0.3125
10236000,363.160780,1045,91,0.007149,0.3359
10238000,362.212614,1056,92,0.011200,0.3672
10240000,357.753462,1037,115,0.008724,0.4141
10242000,365.247974,1038,108,0.011064,0.3516
10244000,361.568808,1027,113,0.009851,0.3984
10246000,363.435875,1055,104,0.010678,0.3594
10248000,369.802990,1073,105,0.007525,0.3359
10250000,373.223815,1087,87,0.007845,0.4219
10252000,369.054254,1083,86,0.007484,0.2812
10254000,367.873830,1055,110,0.005562,0.3125
10256000,362.443608,1079,85,0.003018,0.2891
10258000,360.731399,1076,82,0.001686,0.2734
10260000,364.532878,1062,88,0.001090,0.3672
10262000,364.316070,1064,98,0.000870,0.3594
10264000,367.529094,1069,88,0.002959,0.3203
10266000,370.705020,1055,98,0.001025,0.3906
10268000,379.098060,1054,99,0.004390,0.4688
10270000,381.812728,1078,95,0.007061,0.4375
10272000,372.036620,1070,86,0.006563,0.2969
10274000,369.349244,1051,91,0.009661,0.4141
10276000,377.350275,1072,103,0.009104,0.2969
10278000,376.918843,1047,113,0.011772,0.3438
10280000,380.613230,1052,100,0.014897,0.3125
10282000,380.069311,1055,98,0.009571,0.4297
10284000,373.620155,1034,108,0.007590,0.3594
10286000,382.760067,1075,102,0.007357,0.3281
10288000,382.131555,1083,87,0.007485,0.3438
10290000,385.304175,1081,91,0.004833,0.3438
10292000,396.978211,1117,80,0.004635,0.3203
10294000,393.151231,1111,91,0.002509,0.2578
10296000,391.558379,1091,93,0.003389,0.3594
10298000,387.416255,1091,110,0.001930,0.3516
10300000,386.389446,1093,80,0.002793,0.3359
10302000,384.575120,1089,90,0.002457,0.3047
10304000,382.490000,1102,92,0.007116,0.3125
10306000,387.028800,1076,95,0.009804,0.3438
10308000,380.768054,1083,100,0.008727,0.4609
10310000,374.364198,1064,105,0.010190,0.3359
10312000,374.979086,1061,101,0.009608,0.2422
10314000,372.568315,1046,103,0.009581,0.3672
10316000,366.804447,1059,111,0.009271,0.3906
10318000,367.236670,1061,95,0.012843,0.3203
10320000,365.130035,1059,110,0.010818,0.3516
10322000,370.872943,1074,84,0.010310,0.3359
10324000,372.506487,1094,79,0.009310,0.3594
10326000,373.402807,1107,82,0.010632,0.3906
10328000,377.678502,1097,88,0.006694,0.4062
10330000,378.484172,1061,107,0.006979,0.3984
10332000,370.636940,1068,95,0.006902,0.3750
10334000,373.045100,1065,84,0.004990,0.3281
10336000,377.184750,1097,90,0.005138,0.3281
10338000,375.536803,1095,95,0.005202,0.3281
10340000,378.141900,1097,87,0.009345,0.4141
10342000,380.596152,1085,84,0.013923,0.3203
10344000,378.973030,1077,88,0.017075,0.2891
10346000,372.144715,1072,99,0.019819,0.4141
10348000,373.619275,1079,94,0.020560,0.3984
10350000,373.519260,1082,92,0.019497,0.4141
10352000,373.304115,1089,82,0.014802,0.3906
10354000,370.585952,1079,85,0.018603,0.2734
10356000,363.303776,1082,89,0.010117,0.3828
10358000,369.976431,1088,84,0.012198,0.4453
10360000,367.224156,1066,95,0.005994,0.3047
10362000,367.858223,1077,82,0.007822,0.3750
10364000,363.655947,1062,105,0.009161,0.4062
10366000,363.685550,1079,86,0.008182,0.3203
10368000,363.873143,1055,92,0.009490,0.3750
10370000,372.727135,1056,107,0.007645,0.3828
10372000,371.930991,1045,101,0.006099,0.3906
10374000,366.800663,1051,101,0.006880,0.3828
10376000,370.091608,1067,90,0.007047,0.3750
10378000,366.941667,1060,103,0.002935,0.3203
10380000,371.244072,1045,98,0.005931,0.3516
10382000,372.561807,1057,101,0.006801,0.3359
10384000,372.880812,1079,94,0.005063,0.3281
10386000,372.970924,1056,103,0.003667,0.3750
10388000,371.040911,1071,92,0.002534,0.3438
10390000,364.940379,1035,111,0.002674,0.3594
10392000,364.991904,1016,113,0.001741,0.3984
10394000,359.928843,1017,125,0.001438,0.5469
10396000,354.405910,1027,110,0.001870,0.4062
10398000,357.029774,1038,98,0.000827,0.3359
10400000,364.244646,1066,96,0.006083,0.3203
10402000,364.094622,1054,107,0.005931,0.2969
10404000,369.571431,1058,92,0.002602,0.2812
10406000,374.332715,1091,79,0.002775,0.2578
10408000,374.289510,1062,103,0.001523,0.4062
10410000,364.421067,1054,91,0.000768,0.3125
10412000,367.028671,1075,87,0.000495,0.3672
10414000,363.544680,1088,105,0.000378,0.3828
10416000,369.837523,1088,91,0.000499,0.3594
10418000,368.771515,1063,94,0.000254,0.3203
10420000,361.986700,1048,87,0.000690,0.4375
10422000,367.018152,1052,96,0.000224,0.3594
10424000,364.739166,1047,100,0.000152,0.4062
10426000,363.436222,1039,103,0.000067,0.3359
10428000,357.061071,1067,87,0.000617,0.2734
10430000,360.993942,1059,71,0.004570,0.3516
10432000,363.820646,1077,75,0.001253,0.2891
10434000,361.235436,1042,112,0.000708,0.3359
10436000,358.200795,1029,102,0.002433,0.3438
10438000,372.784139,1064,85,0.002300,0.3125
10440000,369.004854,1063,95,0.002603,0.3516
10442000,365.462556,1068,101,0.001816,0.3828
10444000,366.723390,1057,107,0.001798,0.3750
10446000,355.450700,1067,100,0.000698,0.2578
10448000,359.530315,1052,116,0.000036,0.3281
10450000,360.920934,1081,94,0.000187,0.4141
10452000,366.759023,1084,99,0.000002,0.3203
10454000,370.467936,1095,86,0.001597,0.2891
10456000,374.006075,1107,79,0.002282,0.3516
10458000,372.641824,1097,99,0.002596,0.3828
10460000,369.652535,1087,82,0.006567,0.3281
10462000,376.539350,1068,97,0.007148,0.3828
10464000,368.995087,1062,84,0.007681,0.3984
10466000,368.746960,1057,96,0.014448,0.3672
10468000,363.588491,1034,117,0.009809,0.3281
10470000,365.868895,1046,96,0.005998,0.4062
10472000,365.873254,1042,111,0.007741,0.4062
10474000,357.181996,1040,102,0.005862,0.3828
10476000,361.836924,1055,99,0.007634,0.2891
10478000,360.086518,1064,83,0.007515,0.3750
10480000,361.250699,1041,104,0.012409,0.4062
10482000,365.263163,1067,99,0.009430,0.4453
10484000,367.572615,1081,83,0.008599,0.2969
10486000,367.636639,1066,113,0.008155,0.3984
10488000,364.409478,1061,99,0.008765,0.3516
10490000,364.239575,1058,102,0.003923,0.3516
10492000,363.135392,1063,86,0.001721,0.3438
10494000,368.536395,1059,104,0.001555,0.3203
10496000,366.823910,1056,97,0.001241,0.4141
10498000,372.311895,1067,98,0.004311,0.2656
10500000,371.943931,1061,96,0.008538,0.3438
10502000,367.066251,1069,83,0.006610,0.3281
10504000,369.837703,1074,89,0.004282,0.3906
10506000,374.860499,1076,97,0.007167,0.3125
10508000,372.469111,1066,101,0.005196,0.4062
10510000,368.505259,1073,93,0.005313,0.4141
10512000,367.024860,1073,107,0.004785,0.4688
10514000,375.245846,1067,102,0.004461,0.3281
10516000,372.030175,1070,98,0.001890,0.3516
10518000,374.188672,1091,86,0.002317,0.2500
10520000,369.846915,1092,76,0.003153,0.3672
10522000,367.969982,1079,96,0.004963,0.2734
10524000,367.515639,1074,100,0.003690,0.3281
10526000,368.046195,1069,115,0.002784,0.3438
10528000,373.733935,1079,94,0.004346,0.3984
10530000,366.933135,1073,83,0.008375,0.3359
10532000,361.486462,1064,96,0.006437,0.2500
10534000,367.776278,1056,95,0.004726,0.2578
10536000,373.621878,1063,105,0.005203,0.3125
10538000,368.269772,1073,94,0.004170,0.3750
10540000,362.848624,1052,109,0.008464,0.3672
10542000,361.861271,1073,107,0.002728,0.4375
10544000,365.070831,1057,105,0.003493,0.4062
10546000,366.256099,1058,93,0.004693,0.2578
10548000,367.571814,1054,96,0.001190,0.4609
10550000,370.966520,1082,105,0.001284,0.3984
10552000,366.433164,1092,86,0.000621,0.3359
10554000,366.833350,1087,74,0.001829,0.2812
10556000,366.056111,1070,85,0.000202,0.5234
10558000,368.012543,1066,87,0.000413,0.3828
10560000,370.230111,1055,85,0.001107,0.3516
10562000,372.986607,1075,81,0.000579,0.3281
10564000,372.853752,1073,87,0.002544,0.3828
10566000,376.628423,1076,78,0.002100,0.3594
10568000,375.132319,1062,97,0.001399,0.3984
10570000,376.948503,1069,98,0.003089,0.3281
10572000,376.410352,1045,106,0.003915,0.5156
10574000,382.321736,1072,101,0.000658,0.4062
10576000,374.871295,1070,92,0.001107,0.4219
10578000,375.178487,1080,88,0.000690,0.3438
10580000,368.679395,1084,100,0.001939,0.4141
10582000,375.117351,1072,88,0.005089,0.3750
10584000,369.269878,1049,112,0.006883,0.4453
10586000,362.816487,1037,99,0.005151,0.3438
10588000,373.515664,1083,77,0.010177,0.4062
10590000,366.275723,1050,103,0.004352,0.3984
10592000,360.288939,1044,104,0.005124,0.3750
10594000,355.168415,1040,95,0.003637,0.3516
10596000,360.251750,1056,106,0.001991,0.4141
10598000,364.337532,1043,109,0.000872,0.4453
10600000,365.723407,1019,120,0.000975,0.2188
10602000,360.542124,1022,117,0.001194,0.3281
10604000,358.090099,1039,93,0.001788,0.4062
10606000,359.541075,1050,110,0.007139,0.4062
10608000,370.031271,1046,106,0.006706,0.3750
10610000,372.327768,1045,106,0.002262,0.3047
10612000,369.143414,1049,90,0.004880,0.3359
10614000,374.795927,1069,97,0.002490,0.3750
10616000,376.425035,1059,115,0.004168,0.2578
10618000,373.003043,1065,99,0.005198,0.3672
10620000,368.532163,1040,102,0.008798,0.3516
10622000,362.021475,1039,107,0.008139,0.3828
10624000,360.510092,1045,86,0.009460,0.2812
10626000,364.157276,1031,114,0.010341,0.3906
10628000,355.676438,1036,106,0.009692,0.3984
10630000,350.366435,1034,98,0.007912,0.4531
10632000,359.535598,1038,109,0.004834,0.3828
10634000,363.323360,1036,102,0.003340,0.3203
10636000,365.183246,1035,110,0.003216,0.4297
10638000,358.710955,1027,100,0.003716,0.4375
10640000,358.190550,1050,106,0.007422,0.3203
10642000,357.998446,1048,101,0.006732,0.3672
10644000,362.392915,1052,104,0.006081,0.3750
10646000,358.387870,1065,98,0.005979,0.4609
10648000,359.365246,1063,93,0.005262,0.3359
10650000,364.020142,1065,106,0.004235,0.3203
10652000,368.985115,1066,91,0.005660,0.2891
10654000,366.355110,1041,111,0.007704,0.3672
10656000,372.445086,1051,103,0.007248,0.3906
10658000,374.291635,1056,106,0.005865,0.3125
10660000,380.665519,1054,103,0.022506,0.3281
10662000,380.378976,1045,102,0.013156,0.3359
10664000,377.245286,1045,106,0.008483,0.4141
10666000,374.020270,1067,99,0.007551,0.3125
10668000,381.729835,1080,94,0.005847,0.3359
10670000,371.652966,1069,109,0.006929,0.3984
10672000,366.817054,1072,104,0.012969,0.3047
10674000,367.527471,1077,77,0.010316,0.2969
10676000,370.501547,1081,87,0.012722,0.3906
10678000,370.963420,1073,99,0.008627,0.4062
10680000,368.211271,1061,100,0.006526,0.3594
10682000,373.796254,1082,105,0.008520,0.3750
10684000,375.491871,1079,106,0.006488,0.4141
10686000,372.421639,1069,101,0.011157,0.3516
10688000,368.200222,1041,112,0.013167,0.4297
10690000,366.426646,1087,95,0.011174,0.3672
10692000,369.866726,1080,107,0.009296,0.3594
10694000,373.408620,1061,100,0.005570,0.3750
10696000,372.848940,1076,91,0.008015,0.3438
10698000,377.943838,1081,88,0.005283,0.3359
10700000,376.328727,1068,98,0.001462,0.3828
10702000,378.702151,1100,89,0.003029,0.3359
10704000,374.322795,1098,89,0.003312,0.3750
10706000,373.305991,1077,94,0.003116,0.3359
10708000,368.854140,1084,92,0.004159,0.3203
10710000,365.665174,1068,95,0.002039,0.3359
10712000,375.371419,1071,85,0.002313,0.2500
10714000,368.427395,1068,88,0.002154,0.4766
10716000,374.597680,1097,89,0.003586,0.3047
10718000,371.247750,1086,86,0.002331,0.4297
10720000,378.070075,1080,82,0.005279,0.3125
10722000,378.667278,1072,89,0.005611,0.3828
10724000,377.959179,1085,104,0.007721,0.3516
10726000,380.795175,1082,93,0.007539,0.3125
10728000,387.937884,1074,88,0.004025,0.3047
10730000,384.784019,1072,100,0.008558,0.3828
10732000,382.191558,1079,84,0.009955,0.3594
10734000,384.021256,1070,94,0.005241,0.2578
10736000,373.944992,1068,104,0.004876,0.3828
10738000,373.299270,1047,96,0.005750,0.3594
10740000,370.774455,1064,90,0.002914,0.3750
10742000,371.771230,1071,87,0.004286,0.2969
10744000,370.572396,1045,111,0.006607,0.3594
10746000,367.183166,1045,119,0.009408,0.5078
10748000,365.675795,1050,108,0.010047,0.3594
10750000,369.393315,1057,95,0.006855,0.3594
10752000,371.097030,1079,105,0.007437,0.5156
10754000,368.801351,1072,93,0.006955,0.3047
10756000,367.366126,1041,109,0.009785,0.3750
10758000,367.529891,1047,110,0.006869,0.4609
10760000,372.224528,1056,103,0.009466,0.4453
10762000,370.654566,1079,89,0.009121,0.3672
10764000,366.255080,1069,91,0.008854,0.3750
10766000,364.619635,1072,91,0.010887,0.3828
10768000,363.139564,1050,122,0.009148,0.3984
10770000,364.028680,1063,104,0.009428,0.3828
10772000,370.252928,1051,108,0.010971,0.3125
10774000,367.251959,1051,108,0.012018,0.2969
10776000,366.369939,1035,94,0.009070,0.3359
10778000,371.250719,1043,110,0.012274,0.4141
10780000,371.726412,1066,97,0.008096,0.3438
10782000,363.648247,1045,118,0.010285,0.4297
10784000,361.728599,1062,110,0.004851,0.2891
10786000,364.202766,1076,89,0.007270,0.3281
10788000,362.250223,1053,96,0.010554,0.3281
10790000,356.007096,1044,108,0.006820,0.3125
10792000,351.855334,1048,92,0.006583,0.3906
10794000,351.854179,1046,83,0.004758,0.2422
10796000,347.944334,1047,94,0.003411,0.4453
10798000,354.337406,1043,94,0.002016,0.4062
10800000,354.737183,1036,96,0.003571,0.3516
10802000,356.052982,1033,112,0.002030,0.4219
10804000,352.783015,1031,114,0.000383,0.3906
10806000,356.428423,1057,82,0.000637,0.3047
10808000,352.097200,1045,88,0.001480,0.4219
10810000,350.315406,1029,120,0.003599,0.4688
10812000,351.415384,1044,98,0.002551,0.3672
10814000,355.975215,1043,103,0.001573,0.3516
10816000,358.295750,1020,115,0.001794,0.3516
10818000,357.635887,1033,98,0.001027,0.5000
10820000,366.928300,1039,107,0.001816,0.3984
10822000,364.690687,1036,105,0.002652,0.3047
10824000,362.766639,1043,96,0.002793,0.3828
10826000,361.449007,1050,94,0.002792,0.3203
10828000,359.461955,1031,102,0.004924,0.4531
10830000,358.322455,1046,105,0.001488,0.3047
10832000,365.412220,1040,101,0.003784,0.3125
10834000,364.353996,1062,107,0.001097,0.3203
10836000,359.172871,1043,107,0.001787,0.4141
10838000,355.696972,1029,105,0.002246,0.3594
10840000,359.704075,1043,93,0.004941,0.4297
10842000,360.752287,1059,114,0.010205,0.3828
10844000,364.702535,1062,87,0.010648,0.3125
10846000,361.548607,1066,105,0.009944,0.3750
10848000,351.172006,1035,95,0.005522,0.3906
10850000,357.093695,1058,90,0.003984,0.4375
10852000,361.740979,1041,96,0.005857,0.4844
10854000,363.239903,1031,104,0.004655,0.3906
10856000,357.730534,1019,104,0.003221,0.4922
10858000,359.247555,1025,103,0.004128,0.3984
10860000,359.586975,1035,93,0.002845,0.3125
10862000,359.397094,1040,102,0.003873,0.2969
10864000,362.525720,1061,100,0.003597,0.2891
10866000,373.085400,1069,108,0.002252,0.3281
10868000,377.857871,1108,72,0.003137,0.3359
10870000,379.101580,1127,85,0.003295,0.3281
10872000,372.979775,1098,101,0.002836,0.3906
10874000,377.545475,1086,91,0.001483,0.2891
10876000,370.427692,1059,102,0.001855,0.3047
10878000,375.888327,1061,102,0.002213,0.3594
10880000,374.782411,1070,98,0.004588,0.3047
10882000,375.447815,1069,99,0.005618,0.2969
10884000,376.606575,1089,92,0.007155,0.3047
10886000,376.196395,1088,93,0.008935,0.2891
10888000,374.610575,1071,101,0.009905,0.4297
10890000,376.714984,1064,99,0.006822,0.3594
10892000,379.948582,1065,100,0.008088,0.3125
10894000,382.533455,1097,77,0.008465,0.3047
10896000,378.178691,1103,85,0.010051,0.3516
10898000,382.114615,1114,76,0.007405,0.3359
10900000,376.191903,1091,93,0.007024,0.3750
10902000,372.240126,1075,95,0.007620,0.3750
10904000,377.486651,1068,115,0.004948,0.3281
10906000,377.332935,1083,93,0.006679,0.3438
10908000,378.538055,1086,81,0.009187,0.3984
10910000,373.561180,1069,81,0.014157,0.3828
10912000,372.622751,1082,86,0.012740,0.3125
10914000,379.925800,1071,99,0.008164,0.3359
10916000,366.868374,1040,103,0.005198,0.3438
10918000,362.900390,1052,112,0.005219,0.3125
10920000,364.848814,1078,89,0.004897,0.3125
10922000,368.471886,1090,83,0.008468,0.3672
10924000,371.144550,1077,89,0.005837,0.3281
10926000,372.749000,1051,107,0.009965,0.3984
10928000,374.909095,1038,123,0.008545,0.2734
10930000,379.351710,1067,101,0.008800,0.3438
10932000,381.212191,1073,109,0.013567,0.4453
10934000,374.944379,1076,103,0.015903,0.3594
10936000,376.507191,1082,95,0.012002,0.3438
10938000,376.384030,1096,79,0.015915,0.3984
10940000,371.402315,1075,93,0.023921,0.4609
10942000,370.596560,1068,96,0.024068,0.2266
10944000,371.581064,1062,87,0.018341,0.3750
10946000,371.446012,1060,103,0.014139,0.3281
10948000,371.912184,1053,93,0.020934,0.3516
10950000,367.923815,1063,94,0.025741,0.4062
10952000,370.878411,1047,95,0.024964,0.3906
10954000,372.678239,1042,96,0.024489,0.3281
10956000,366.823950,1044,103,0.019605,0.4531
10958000,368.432304,1053,91,0.016278,0.3906
10960000,360.763500,1049,90,0.011786,0.3672
10962000,370.679854,1069,88,0.015078,0.2969
10964000,371.619175,1063,91,0.016187,0.2578
10966000,367.493932,1063,94,0.017370,0.3438
10968000,365.747276,1034,101,0.016246,0.3984
10970000,368.671515,1050,97,0.014226,0.3359
10972000,373.496475,1062,101,0.016215,0.2891
10974000,366.280188,1031,99,0.007267,0.3750
10976000,373.035755,1058,99,0.006679,0.4375
10978000,364.436350,1039,118,0.012667,0.3672
10980000,361.954460,1015,117,0.013789,0.3828
10982000,362.373971,1048,108,0.012062,0.3594
10984000,373.296375,1064,102,0.015303,0.3984
10986000,381.579164,1076,95,0.011611,0.3359
10988000,374.433719,1060,91,0.010366,0.3672
10990000,372.522238,1064,91,0.007218,0.3672
10992000,368.565198,1053,100,0.005651,0.3906
10994000,364.634819,1034,109,0.005684,0.3906
10996000,368.795196,1063,84,0.006562,0.3516
10998000,363.582672,1067,94,0.002564,0.3516
11000000,361.760710,1072,100,0.000820,0.4531
11002000,356.185811,1061,86,0.000276,0.3281
11004000,354.889063,1038,112,0.000275,0.4453
11006000,358.633158,1052,101,0.003197,0.4375
11008000,366.856119,1041,96,0.001572,0.2891
11010000,368.859590,1028,100,0.000892,0.5000
11012000,368.765832,1044,103,0.001612,0.3281
11014000,370.519723,1064,95,0.005060,0.3047
11016000,373.245803,1069,89,0.003436,0.3516
11018000,370.012840,1046,109,0.006744,0.2578
11020000,359.726895,1054,91,0.005390,0.3203
11022000,362.027359,1037,103,0.004195,0.3906
11024000,357.550156,1009,115,0.004665,0.3750
11026000,360.440867,1034,104,0.005537,0.3906
11028000,356.107439,1025,113,0.002436,0.4922
11030000,358.629399,1024,120,0.003275,0.4531
11032000,351.598392,1015,112,0.001219,0.3906
11034000,358.210414,1045,90,0.001024,0.3438
11036000,353.989568,1043,101,0.000118,0.2969
11038000,353.946623,1043,77,0.000142,0.4609
11040000,352.645020,1041,90,0.000150,0.3672
11042000,358.059155,1026,107,0.000153,0.3672
11044000,360.450715,1029,104,0.000959,0.3750
11046000,365.471750,1060,87,0.000448,0.3438
11048000,359.763526,1049,104,0.000344,0.3438
11050000,357.119815,1057,82,0.000613,0.3125
11052000,358.737430,1052,100,0.001513,0.3750
11054000,358.556118,1083,89,0.001238,0.3750
11056000,356.906758,1054,100,0.001222,0.3281
11058000,357.671484,1051,104,0.002100,0.3594
11060000,359.644364,1050,95,0.002474,0.2500
11062000,354.057071,1027,108,0.002486,0.4375
11064000,351.491411,1025,123,0.002767,0.4766
11066000,352.597340,1013,124,0.001346,0.3828
11068000,348.810700,1011,101,0.000837,0.3516
11070000,360.956407,1013,99,0.000456,0.3594
11072000,361.100920,1010,119,0.000796,0.4922
11074000,358.834380,1008,103,0.000169,0.3906
11076000,356.084139,1002,115,0.000080,0.4141
11078000,363.905422,1047,105,0.001872,0.3516
11080000,357.814091,1029,120,0.004454,0.4062
11082000,362.680503,1041,98,0.001283,0.3125
11084000,363.164691,1054,102,0.001059,0.3281
11086000,356.285638,1047,99,0.001296,0.3828
11088000,360.605720,1040,104,0.000957,0.4141
11090000,358.342423,1056,93,0.000248,0.3281
11092000,360.956632,1058,93,0.000181,0.4141
11094000,359.841868,1058,87,0.000133,0.3125
11096000,361.110039,1022,126,0.000120,0.4531
11098000,365.513950,1039,111,0.000268,0.3984
11100000,362.935859,1042,97,0.001433,0.3516
11102000,364.646275,1054,88,0.000733,0.2500
11104000,363.183091,1057,111,0.002714,0.3594
11106000,370.602342,1085,96,0.001812,0.3281
11108000,371.222555,1092,82,0.001385,0.3828
11110000,379.933111,1095,100,0.001229,0.3047
11112000,382.833783,1083,93,0.000764,0.3281
11114000,390.672764,1084,97,0.001541,0.3672
11116000,390.935600,1112,77,0.001403,0.4453
11118000,391.298775,1098,96,0.001760,0.3438
11120000,388.688742,1099,84,0.001318,0.3906
11122000,391.958771,1104,86,0.000626,0.3359
11124000,390.632495,1083,99,0.000895,0.2969
11126000,389.934555,1104,106,0.002987,0.3750
11128000,387.133814,1091,93,0.000794,0.3438
11130000,388.670311,1089,105,0.000491,0.3906
11132000,381.463878,1096,106,0.000407,0.2812
11134000,377.259966,1074,94,0.000100,0.3203
11136000,379.716875,1072,101,0.000035,0.3750
11138000,379.424675,1062,105,0.000395,0.2500
11140000,379.876567,1076,101,0.000213,0.3750
11142000,382.070166,1100,97,0.000146,0.3516
11144000,385.443035,1094,84,0.000424,0.2656
11146000,388.969870,1078,92,0.001574,0.3516
11148000,384.090431,1090,97,0.000680,0.3984
11150000,380.815867,1103,94,0.000680,0.3906
11152000,382.726163,1110,88,0.000641,0.3750
11154000,386.467084,1111,87,0.001007,0.3359
11156000,386.599470,1067,105,0.002816,0.3281
11158000,385.791427,1072,92,0.002744,0.4922
11160000,382.540131,1063,92,0.000913,0.4062
11162000,379.299147,1049,106,0.000088,0.3438
11164000,370.457715,1043,99,0.000688,0.3516
11166000,369.956595,1035,107,0.001766,0.3750
11168000,371.563414,1034,107,0.005891,0.2891
11170000,377.257275,1054,80,0.010214,0.3438
11172000,380.414982,1063,101,0.010661,0.3516
11174000,381.046615,1064,97,0.005005,0.4766
11176000,379.559612,1045,106,0.005006,0.4609
11178000,382.822367,1077,76,0.004405,0.2891
11180000,381.066700,1070,93,0.004103,0.3281
11182000,387.151864,1084,89,0.005926,0.2969
11184000,383.687247,1078,93,0.001790,0.3047
11186000,376.076127,1072,92,0.002301,0.3594
11188000,373.187438,1060,82,0.002660,0.3203
11190000,377.236076,1076,91,0.001321,0.3516
11192000,378.929366,1078,83,0.002148,0.3594
11194000,376.047590,1074,91,0.003065,0.3516
11196000,375.620296,1070,92,0.001882,0.3047
11198000,378.330630,1077,94,0.002528,0.3750
11200000,374.847462,1091,80,0.002220,0.3359
11202000,370.321675,1061,92,0.001304,0.4375
11204000,376.559143,1074,89,0.001335,0.3125
11206000,376.690512,1035,103,0.006073,0.3047
11208000,385.000108,1069,94,0.007668,0.2969
11210000,387.175031,1067,103,0.005069,0.3672
11212000,381.589431,1066,101,0.005873,0.4375
11214000,381.222807,1066,93,0.007398,0.4141
11216000,386.601555,1085,82,0.006539,0.3906
11218000,378.991003,1090,71,0.005047,0.2734
11220000,377.596871,1071,91,0.004090,0.3828
11222000,375.077759,1074,87,0.002350,0.3125
11224000,372.884300,1067,88,0.001639,0.3359
11226000,367.856220,1050,96,0.002100,0.3594
11228000,367.425230,1037,112,0.003555,0.3906
11230000,368.329054,1052,105,0.004096,0.3516
11232000,369.942270,1049,100,0.003572,0.3594
11234000,376.902606,1050,86,0.007042,0.4453
11236000,369.002755,1055,107,0.002452,0.4688
11238000,363.662910,1075,92,0.003104,0.3281
11240000,359.137054,1074,94,0.003784,0.2969
11242000,361.017228,1057,90,0.003930,0.4219
11244000,354.213443,1036,111,0.006449,0.4609
11246000,357.652798,1039,116,0.006879,0.3906
11248000,361.660560,1025,113,0.007883,0.4375
11250000,365.722918,1037,94,0.007745,0.3906
11252000,372.450923,1040,103,0.007832,0.3828
11254000,367.521344,1027,110,0.010038,0.4922
11256000,361.304275,1029,92,0.007941,0.3516
11258000,355.000014,1044,119,0.008839,0.3828
11260000,352.534131,1024,112,0.002972,0.3984
11262000,356.380099,1036,104,0.001530,0.3438
11264000,352.762460,1036,94,0.002344,0.2734
11266000,362.428550,1039,103,0.002559,0.4219
11268000,357.826620,1024,111,0.002738,0.3828
11270000,358.342616,1026,95,0.004762,0.4219
11272000,359.992667,1031,111,0.003709,0.4141
11274000,352.339791,1033,107,0.000597,0.4219
11276000,359.854800,1047,80,0.004450,0.2969
11278000,351.831496,1046,97,0.003261,0.3281
11280000,350.352790,1048,109,0.001941,0.3047
11282000,350.604828,1062,96,0.001743,0.3984
11284000,357.998550,1056,96,0.000664,0.3828
11286000,355.054607,1023,112,0.000456,0.3047
11288000,354.773224,1017,118,0.001296,0.3984
11290000,349.028470,1008,123,0.001712,0.4453
11292000,360.189126,1054,105,0.000621,0.2891
11294000,360.917886,1035,106,0.001273,0.3438
11296000,357.839231,1027,93,0.001415,0.4609
11298000,356.994982,1015,108,0.004352,0.3594
11300000,363.438646,1033,93,0.006791,0.4062
11302000,362.961115,1052,100,0.009975,0.3359
11304000,365.468491,1051,104,0.009457,0.4062
11306000,367.088523,1025,110,0.006038,0.3984
11308000,369.178800,1053,112,0.001560,0.3359
11310000,373.768412,1075,87,0.003646,0.3438
11312000,369.603507,1064,99,0.002336,0.3906
11314000,364.137999,1055,112,0.004760,0.4297
11316000,368.999358,1064,113,0.004235,0.2812
11318000,364.975278,1046,110,0.008491,0.3203
11320000,362.246950,1043,98,0.010322,0.4062
11322000,359.393296,1046,100,0.006950,0.3750
11324000,364.559563,1064,94,0.004209,0.3906
11326000,365.152475,1075,93,0.006339,0.3906
11328000,361.992270,1056,102,0.011144,0.2891
11330000,358.837543,1039,102,0.011258,0.3516
11332000,366.398960,1061,82,0.012587,0.3438
11334000,366.603263,1055,104,0.011962,0.3672
11336000,363.020319,1047,101,0.009142,0.3359
11338000,369.266575,1063,103,0.010054,0.4062
11340000,369.528680,1058,102,0.012360,0.2500
11342000,363.478031,1050,96,0.009211,0.4453
11344000,362.526534,1046,113,0.006523,0.4062
11346000,359.479168,1033,112,0.006694,0.3906
11348000,354.687352,1034,106,0.004296,0.3672
11350000,354.202887,1058,81,0.006928,0.3438
11352000,351.955675,1060,88,0.006223,0.3047
11354000,353.911959,1052,97,0.006406,0.3594
11356000,352.674923,1032,97,0.006046,0.3359
11358000,354.396920,1037,109,0.004979,0.3828
11360000,363.718054,1050,98,0.003140,0.3750
11362000,373.362350,1069,97,0.002707,0.3672
11364000,373.111990,1061,106,0.002497,0.4219
11366000,367.169051,1048,106,0.001029,0.3516
11368000,360.005480,1049,111,0.000038,0.3906
11370000,363.791895,1060,101,0.000515,0.3047
11372000,360.951696,1054,85,0.000054,0.3672
11374000,364.049095,1060,91,0.000100,0.3516
11376000,365.187100,1064,90,0.002199,0.3359
11378000,365.210300,1094,85,0.001227,0.3047
11380000,358.097927,1053,91,0.002103,0.3281
11382000,360.452574,1060,99,0.000686,0.3906
11384000,360.966503,1055,98,0.001189,0.3906
11386000,362.429000,1070,97,0.001091,0.3125
11388000,361.094390,1047,100,0.000258,0.3906
11390000,360.411756,1047,89,0.000154,0.3438
11392000,360.232575,1059,96,0.000155,0.3594
11394000,359.447823,1038,94,0.000225,0.4453
11396000,361.432387,1052,98,0.000159,0.4297
11398000,356.695863,1041,94,0.000034,0.3516
11400000,362.872703,1042,113,0.000027,0.4766
11402000,363.971020,1074,85,0.000301,0.2734
11404000,372.073542,1046,110,0.001023,0.3516
11406000,369.562951,1064,99,0.000703,0.4219
11408000,368.407798,1073,92,0.000540,0.3516
11410000,365.576143,1069,82,0.001660,0.3594
11412000,367.034588,1068,111,0.001034,0.3828
11414000,374.726655,1069,97,0.001213,0.3125
11416000,376.463183,1068,109,0.001007,0.3516
11418000,376.576015,1049,114,0.000694,0.4141
11420000,374.798876,1057,115,0.000559,0.3750
11422000,375.497582,1047,114,0.002554,0.3672
11424000,371.354070,1049,107,0.001487,0.3281
11426000,369.673955,1042,109,0.000618,0.4062
11428000,375.976723,1058,120,0.001420,0.4297
11430000,371.440368,1072,107,0.002520,0.4375
11432000,373.258075,1072,98,0.001272,0.3906
11434000,367.563855,1051,98,0.002480,0.3281
11436000,363.945695,1059,89,0.000484,0.2500
11438000,365.907735,1046,99,0.000534,0.4297
11440000,362.428563,1029,109,0.000496,0.4531
11442000,364.364800,1050,93,0.002315,0.2891
11444000,369.395075,1050,93,0.002459,0.4062
11446000,373.727022,1037,93,0.003796,0.3984
11448000,371.698603,1040,103,0.003242,0.4297
11450000,374.105095,1063,91,0.004001,0.3359
11452000,376.229470,1077,90,0.006058,0.3750
11454000,378.195063,1085,83,0.002832,0.3906
11456000,382.904983,1092,81,0.002318,0.3125
11458000,378.010300,1093,85,0.001768,0.3281
11460000,378.645387,1091,86,0.002570,0.3125
11462000,376.556636,1092,85,0.000882,0.3672
11464000,378.007100,1111,70,0.000054,0.3203
11466000,378.907483,1111,79,0.000262,0.3438
11468000,373.920000,1096,83,0.000713,0.3359
11470000,373.120979,1106,81,0.001846,0.3594
11472000,382.400099,1117,81,0.001544,0.2344
11474000,375.441038,1091,87,0.001129,0.2734
11476000,379.460895,1106,76,0.000173,0.3828
11478000,381.357835,1107,78,0.000424,0.3516
11480000,382.416095,1103,99,0.000075,0.2812
11482000,386.211404,1089,99,0.000404,0.3516
11484000,373.875983,1099,83,0.000091,0.3438
11486000,377.340190,1089,108,0.001709,0.3516
11488000,373.221059,1102,82,0.001511,0.3438
11490000,374.989390,1059,98,0.002134,0.3125
11492000,379.555798,1082,85,0.003851,0.3281
11494000,376.844807,1073,84,0.001307,0.3594
11496000,381.323692,1070,90,0.000929,0.3359
11498000,378.486143,1088,82,0.003950,0.3125
11500000,378.952927,1083,95,0.004735,0.3359
11502000,377.725139,1086,85,0.003883,0.3828
11504000,377.802419,1074,96,0.002461,0.3672
11506000,382.061603,1093,80,0.003133,0.3906
11508000,383.974155,1073,91,0.001785,0.3672
11510000,376.917964,1061,96,0.002425,0.4375
11512000,378.184507,1066,85,0.001296,0.2812
11514000,371.179820,1067,98,0.000243,0.3672
11516000,368.359047,1067,93,0.002222,0.2969
11518000,374.882878,1094,85,0.003961,0.3281
11520000,373.194342,1077,96,0.003341,0.4219
11522000,372.734215,1099,86,0.002647,0.3516
11524000,370.407128,1087,83,0.003017,0.3516
11526000,360.388815,1060,100,0.001769,0.4766
11528000,368.110619,1099,73,0.001473,0.3438
11530000,369.522187,1106,85,0.001027,0.3125
11532000,362.584940,1083,89,0.001944,0.3594
11534000,360.126710,1078,87,0.005222,0.2734
11536000,356.769151,1051,100,0.004271,0.3047
11538000,353.365943,1047,113,0.006685,0.3438
11540000,354.562240,1067,97,0.002841,0.4375
11542000,358.005875,1067,105,0.003349,0.3594
11544000,363.080448,1050,109,0.003816,0.3203
11546000,370.399990,1064,104,0.002020,0.4766
11548000,371.156055,1043,101,0.003839,0.4688
11550000,365.026140,1067,105,0.004478,0.2891
11552000,357.024823,1048,104,0.001670,0.4062
11554000,364.087228,1094,78,0.008487,0.4219
11556000,362.346571,1082,81,0.003858,0.3594
11558000,360.087480,1054,93,0.004016,0.3203
11560000,359.478803,1062,81,0.004192,0.3125
11562000,358.155486,1042,95,0.000703,0.2891
11564000,356.549991,1032,113,0.001264,0.3672
11566000,349.633183,1040,103,0.004935,0.3750
11568000,350.515835,1056,110,0.006330,0.3984
11570000,348.514575,1047,92,0.006235,0.3672
11572000,348.055771,1020,95,0.006129,0.3516
11574000,358.410815,1039,97,0.007639,0.3203
11576000,357.294655,1008,109,0.010881,0.4297
11578000,355.593584,1005,112,0.009371,0.3438
11580000,350.145575,1009,116,0.004932,0.4297
11582000,353.277644,1025,110,0.003362,0.2891
11584000,360.013790,1038,97,0.007022,0.4141
11586000,362.713783,1027,99,0.016529,0.3906
11588000,361.060019,1048,74,0.018083,0.2578
11590000,361.673975,1041,86,0.017474,0.3750
11592000,360.078887,1030,96,0.021278,0.3672
11594000,359.789086,1029,114,0.019218,0.4531
11596000,362.692471,1022,131,0.015170,0.3359
11598000,363.597635,1001,130,0.027875,0.4453
11600000,365.727243,1021,124,0.029423,0.5078
11602000,363.052579,1011,104,0.021781,0.3281
11604000,361.412135,1027,95,0.021308,0.3750
11606000,360.356363,1020,123,0.012443,0.2734
11608000,364.451318,1039,105,0.012626,0.3359
11610000,366.660742,1047,101,0.020348,0.2578
11612000,358.056222,1036,108,0.016357,0.3984
11614000,362.592735,1040,105,0.014544,0.4297
11616000,370.669304,1036,113,0.021861,0.3984
11618000,369.755928,1047,116,0.014467,0.4219
11620000,370.964502,1057,86,0.015699,0.2891
11622000,372.648134,1044,96,0.020145,0.3594
11624000,371.784024,1053,93,0.025899,0.3984
11626000,365.735119,1066,95,0.022011,0.3281
11628000,365.200060,1053,98,0.016588,0.3672
11630000,370.658398,1047,114,0.013494,0.3828
11632000,369.402750,1052,103,0.013072,0.3672
11634000,366.371246,1026,109,0.011972,0.3125
11636000,369.447398,1021,110,0.017655,0.5156
11638000,370.414875,1028,124,0.016681,0.5391
11640000,368.218795,1038,104,0.020606,0.3984
11642000,372.473772,1049,104,0.023997,0.5000
11644000,372.492683,1056,102,0.021655,0.3672
11646000,376.353371,1070,85,0.021860,0.2891
11648000,374.878423,1057,91,0.024899,0.3125
11650000,373.067343,1064,95,0.028872,0.3594
11652000,373.480483,1039,108,0.030174,0.4531
11654000,378.130755,1071,94,0.028652,0.4219
11656000,382.527391,1065,94,0.036639,0.2891
11658000,391.640104,1058,85,0.042101,0.3438
11660000,389.045219,1080,93,0.046964,0.3594
11662000,390.917272,1064,104,0.044609,0.3828
11664000,381.930959,1066,99,0.050989,0.3516
11666000,381.629775,1050,108,0.049838,0.3281
11668000,385.458110,1068,108,0.040786,0.3359
11670000,386.259639,1077,97,0.041343,0.3750
11672000,386.703870,1080,85,0.040772,0.3984
11674000,385.734700,1062,111,0.040719,0.4688
11676000,384.928875,1064,92,0.048898,0.3516
11678000,383.044310,1063,94,0.049828,0.3125
11680000,378.772267,1066,112,0.053294,0.3984
11682000,374.683038,1059,95,0.044686,0.3047
11684000,376.306736,1070,98,0.034725,0.4766
11686000,390.177718,1065,102,0.034524,0.4297
11688000,391.699240,1079,90,0.025933,0.3203
11690000,383.842110,1076,90,0.027880,0.4141
11692000,378.671790,1066,98,0.031393,0.3750
11694000,387.071902,1091,81,0.032964,0.4062
11696000,387.073936,1099,74,0.027796,0.2656
11698000,382.746352,1085,88,0.031989,0.3047
11700000,379.497895,1089,93,0.037044,0.3516
11702000,368.159279,1067,95,0.039632,0.2969
11704000,372.704063,1071,97,0.039847,0.3594
11706000,365.289760,1049,101,0.036083,0.4375
11708000,362.793222,1048,105,0.029973,0.3750
11710000,363.499350,1040,100,0.030110,0.3672
11712000,369.603179,1059,101,0.031873,0.3984
11714000,363.063014,1056,87,0.027881,0.3672
11716000,369.240107,1040,103,0.027171,0.2891
11718000,369.442880,1054,93,0.036174,0.3750
11720000,369.943883,1062,92,0.027171,0.3281
11722000,369.668999,1037,124,0.024625,0.4375
11724000,364.107979,1027,129,0.025929,0.4297
11726000,363.201472,1023,123,0.032470,0.3516
11728000,356.419507,1029,117,0.034027,0.3906
11730000,363.748044,1030,93,0.034406,0.2969
11732000,368.711654,1035,101,0.044796,0.4141
11734000,367.182955,1077,88,0.039162,0.3828
11736000,371.473463,1065,96,0.036550,0.3359
11738000,374.098748,1064,100,0.040586,0.3828
11740000,372.004270,1052,98,0.034200,0.3984
11742000,374.557054,1056,96,0.031524,0.3125
11744000,367.403638,1047,98,0.033554,0.3438
11746000,373.211448,1092,74,0.035547,0.2734
11748000,378.103955,1079,86,0.019902,0.3438
11750000,378.730179,1061,103,0.032821,0.3750
11752000,380.763575,1070,81,0.031816,0.3516
11754000,381.496652,1082,83,0.031268,0.3047
11756000,382.539688,1091,85,0.024017,0.3438
11758000,382.383756,1072,93,0.023876,0.3516
11760000,380.930235,1062,107,0.019152,0.3984
11762000,376.572670,1059,101,0.019990,0.3438
11764000,371.974092,1069,116,0.010815,0.3750
11766000,372.090060,1077,92,0.010199,0.3359
11768000,372.538430,1063,91,0.008606,0.3516
11770000,371.064871,1052,100,0.008444,0.3438
11772000,371.904143,1072,81,0.008719,0.3750
11774000,367.258390,1089,86,0.011811,0.3438
11776000,370.237759,1066,96,0.012163,0.3203
11778000,368.537787,1063,88,0.007087,0.2969
11780000,367.189475,1045,114,0.009129,0.3438
11782000,371.737422,1064,97,0.007718,0.3516
11784000,370.068063,1077,85,0.009239,0.3984
11786000,377.142171,1072,90,0.009686,0.3047
11788000,380.611275,1082,102,0.009592,0.3984
11790000,376.585160,1081,100,0.008444,0.3359
11792000,380.848518,1097,93,0.011927,0.2500
11794000,384.469134,1123,88,0.021837,0.3906
11796000,384.056931,1085,91,0.023622,0.3438
11798000,384.294536,1093,97,0.026539,0.2500
11800000,388.276759,1094,85,0.028865,0.3203
11802000,390.562699,1106,89,0.028864,0.3281
11804000,389.404160,1093,86,0.023658,0.2891
11806000,386.989694,1071,99,0.019857,0.3750
11808000,385.967131,1065,95,0.020145,0.4609
11810000,379.400988,1054,94,0.015315,0.2969
11812000,379.519904,1047,106,0.013700,0.2734
11814000,380.914646,1057,94,0.011644,0.3359
11816000,377.322878,1068,95,0.008822,0.4375
11818000,376.362107,1070,96,0.010770,0.3125
11820000,377.043688,1065,96,0.009686,0.3828
11822000,382.359776,1074,104,0.011612,0.4141
11824000,374.281964,1054,102,0.014604,0.3359
11826000,373.860062,1051,98,0.006188,0.3516
11828000,376.195340,1052,104,0.006238,0.2969
11830000,374.920183,1061,95,0.006773,0.2969
11832000,371.786892,1085,87,0.004820,0.3203
11834000,378.350435,1088,88,0.003597,0.4062
11836000,373.316384,1055,118,0.001222,0.3594
11838000,368.972255,1076,94,0.005907,0.3516
11840000,374.837959,1104,84,0.008980,0.3438
11842000,372.421043,1090,78,0.007436,0.3281
11844000,369.091712,1076,85,0.004507,0.3047
11846000,363.604655,1058,89,0.005715,0.3750
11848000,356.570755,1057,97,0.006496,0.4922
11850000,363.917003,1059,95,0.005630,0.3047
11852000,361.032262,1043,111,0.004633,0.4766
11854000,368.031015,1062,96,0.005739,0.3203
11856000,366.660155,1065,99,0.004314,0.3750
11858000,365.589679,1066,94,0.002370,0.3516
11860000,361.289400,1057,103,0.003810,0.3516
11862000,360.107520,1077,93,0.001324,0.3438
11864000,371.987964,1080,101,0.001042,0.4219
11866000,374.174940,1074,108,0.001218,0.3750
11868000,370.503535,1083,96,0.001749,0.3750
11870000,368.437255,1072,91,0.000423,0.3828
11872000,368.059567,1066,96,0.000227,0.3906
11874000,361.225200,1066,100,0.001738,0.2891
11876000,366.275790,1053,100,0.000919,0.3125
11878000,365.101862,1078,88,0.001035,0.3359
11880000,363.360172,1059,101,0.000891,0.2266
11882000,368.056620,1064,105,0.001253,0.3438
11884000,373.801375,1078,83,0.002423,0.3750
11886000,376.190092,1057,99,0.002115,0.3750
11888000,372.354080,1042,97,0.006834,0.4062
11890000,378.365199,1068,93,0.003572,0.2656
11892000,379.626295,1084,86,0.002536,0.3438
11894000,371.058019,1060,106,0.003483,0.3516
11896000,371.103510,1067,80,0.004577,0.3203
11898000,363.990030,1060,96,0.005316,0.3750
11900000,368.968539,1059,92,0.005840,0.3281
11902000,362.538960,1065,98,0.006090,0.3281
11904000,367.288159,1064,95,0.004010,0.4141
11906000,369.272972,1052,92,0.005411,0.2969
11908000,361.471902,1048,98,0.003076,0.3281
11910000,369.181526,1029,101,0.006674,0.3438
11912000,358.925548,1015,103,0.010496,0.3438
11914000,360.548627,1031,100,0.011832,0.4453
11916000,361.148687,1052,92,0.011919,0.3516
11918000,366.728427,1056,114,0.007492,0.5000
11920000,383.196459,1068,96,0.009563,0.4062
11922000,386.468975,1077,107,0.012954,0.3438
11924000,383.636955,1101,87,0.010133,0.3203
11926000,375.705772,1090,88,0.009436,0.4297
11928000,373.777231,1078,96,0.009572,0.4141
11930000,375.137011,1065,97,0.005546,0.3984
11932000,372.253310,1055,101,0.005608,0.4062
11934000,367.601443,1025,111,0.002780,0.3750
11936000,367.659950,1031,116,0.004847,0.4219
11938000,371.624846,1040,98,0.002454,0.5156
11940000,368.941519,1049,99,0.002406,0.3906
11942000,371.038115,1050,101,0.003701,0.3906
11944000,380.405979,1039,108,0.005876,0.3359
11946000,372.341151,1048,99,0.007529,0.4297
11948000,365.804883,1048,92,0.008325,0.2734
11950000,364.809331,1031,113,0.007528,0.3750
11952000,364.735483,1024,111,0.008825,0.3047
11954000,363.072767,1034,115,0.019453,0.4141
11956000,358.679695,1025,106,0.026178,0.3516
11958000,363.173259,1047,104,0.032092,0.3203
11960000,365.380822,1067,99,0.030127,0.3203
11962000,359.894620,1038,92,0.023662,0.2891
11964000,355.865660,1031,92,0.017604,0.3906
11966000,357.548320,1031,100,0.020348,0.4219
11968000,350.707931,1024,105,0.021327,0.5000
11970000,360.333406,1024,125,0.022742,0.4062
11972000,361.198334,1016,113,0.022315,0.3359
11974000,358.595388,1020,105,0.024298,0.3750
11976000,363.817294,1053,98,0.024747,0.4297
11978000,362.655542,1032,111,0.023429,0.3672
11980000,366.951343,1049,111,0.020173,0.4375
11982000,368.381567,1048,115,0.031623,0.5000
11984000,376.518302,1050,123,0.035576,0.4219
11986000,374.293575,1048,103,0.031568,0.3594
11988000,366.977331,1042,103,0.030500,0.4141
11990000,374.545904,1053,111,0.032514,0.3984
11992000,370.622108,1039,105,0.032923,0.3594
11994000,367.107238,1043,103,0.040333,0.3125
11996000,369.053007,1023,135,0.037815,0.3594
11998000,366.927875,1063,108,0.014203,0.3516
12000000,371.536071,1060,102,0.012049,0.3359
12002000,372.933806,1064,89,0.013391,0.3359
12004000,375.919628,1074,82,0.008063,0.2891
12006000,371.564483,1087,84,0.009549,0.4062
12008000,379.417163,1088,85,0.007091,0.3047
12010000,382.878336,1075,102,0.008691,0.3203
12012000,382.116795,1037,120,0.009183,0.3672
12014000,377.167590,1044,107,0.005670,0.3594
12016000,385.978806,1032,128,0.009036,0.4766
12018000,384.320015,1035,113,0.009507,0.3125
12020000,382.622742,1048,107,0.008017,0.3438
12022000,380.153691,1041,122,0.009498,0.3828
12024000,374.749715,1031,121,0.015871,0.4297
12026000,376.502683,1068,100,0.012034,0.3906
12028000,372.940974,1069,89,0.011180,0.4297
12030000,379.242808,1108,89,0.011704,0.3906
12032000,366.313270,1079,95,0.013012,0.3438
12034000,364.111032,1066,79,0.009830,0.3828
12036000,374.493270,1087,76,0.006251,0.2656
12038000,383.807580,1096,88,0.005848,0.2891
12040000,383.298539,1103,84,0.005426,0.2656
12042000,374.703847,1084,105,0.003588,0.4219
12044000,377.816571,1083,101,0.001305,0.3672
12046000,381.527302,1072,109,0.005401,0.3828
12048000,391.859926,1100,98,0.004613,0.3672
12050000,392.112115,1097,95,0.010698,0.3359
12052000,395.197731,1113,66,0.004838,0.2891
12054000,392.417192,1112,82,0.005353,0.3828
12056000,397.254287,1089,88,0.004402,0.3516
12058000,399.605235,1098,82,0.002416,0.2734
12060000,398.775655,1080,104,0.000716,0.3750
12062000,402.038854,1103,89,0.001199,0.3047
12064000,402.342542,1101,101,0.012296,0.3438
12066000,402.206508,1112,100,0.010307,0.2812
12068000,400.657216,1119,77,0.010833,0.3438
12070000,403.246032,1082,100,0.009250,0.4531
12072000,401.235163,1096,86,0.002270,0.3359
12074000,400.224379,1112,83,0.005476,0.3516
12076000,402.097304,1088,106,0.004455,0.3047
12078000,398.530556,1087,102,0.003248,0.3516
12080000,388.571628,1097,92,0.001635,0.3281
12082000,385.812839,1093,81,0.002419,0.3125
12084000,388.217510,1111,84,0.001802,0.2500
12086000,381.785992,1095,96,0.001830,0.3750
12088000,377.568854,1086,88,0.000678,0.3438
12090000,377.705003,1107,94,0.000530,0.3125
12092000,377.265158,1083,100,0.000312,0.3516
12094000,378.860478,1090,95,0.000091,0.3203
12096000,372.654222,1097,97,0.000199,0.4141
12098000,378.024099,1107,87,0.001041,0.3438
12100000,371.998670,1094,89,0.002078,0.3438
12102000,370.337735,1080,93,0.001578,0.3516
12104000,370.512704,1060,106,0.001898,0.3125
12106000,374.658239,1077,104,0.003522,0.4062
12108000,377.753119,1066,106,0.002960,0.2891
12110000,377.030784,1058,93,0.004112,0.3203
12112000,375.872988,1050,103,0.002820,0.4297
12114000,373.034744,1043,111,0.005248,0.3281
12116000,377.774574,1062,103,0.007983,0.3594
12118000,372.875980,1061,99,0.006090,0.3359
12120000,369.816558,1051,106,0.009628,0.3750
12122000,369.519375,1059,102,0.010500,0.3359
12124000,373.316235,1047,108,0.004721,0.4375
12126000,374.878142,1058,95,0.006557,0.3750
12128000,379.586243,1063,105,0.005448,0.3125
12130000,379.879664,1062,89,0.005182,0.3516
12132000,379.457195,1066,98,0.002146,0.3516
12134000,377.036475,1084,85,0.002910,0.3750
12136000,378.459198,1084,86,0.001194,0.3438
12138000,380.435324,1062,89,0.001392,0.2266
12140000,380.257831,1077,93,0.007853,0.3828
12142000,373.574886,1063,87,0.007653,0.4062
12144000,374.680280,1027,102,0.009716,0.3672
12146000,372.561900,1039,96,0.006460,0.3906
12148000,372.442335,1065,100,0.009897,0.3906
12150000,380.075059,1086,80,0.006402,0.2656
12152000,379.663775,1059,84,0.004634,0.3594
12154000,387.117916,1085,86,0.003945,0.3125
12156000,380.421475,1062,98,0.006402,0.3672
12158000,373.562411,1071,104,0.002388,0.3750
12160000,382.765286,1096,79,0.003308,0.3672
12162000,386.393447,1087,97,0.005349,0.3359
12164000,390.202188,1104,93,0.003706,0.3359
12166000,388.121563,1091,89,0.003166,0.2812
12168000,383.972782,1084,97,0.003739,0.4141
12170000,381.647916,1087,96,0.004288,0.4062
12172000,377.693395,1107,85,0.002574,0.2812
12174000,384.135831,1113,77,0.008576,0.3750
12176000,383.232291,1104,93,0.009436,0.4062
12178000,369.688582,1098,99,0.006055,0.4219
12180000,371.163520,1088,85,0.011106,0.4141
12182000,372.821543,1080,93,0.009404,0.3516
12184000,375.086511,1092,88,0.006706,0.3125
12186000,379.078651,1069,101,0.005180,0.2969
12188000,375.922070,1082,98,0.011827,0.3359
12190000,376.503787,1081,93,0.011013,0.3438
12192000,375.230662,1076,75,0.009134,0.3203
12194000,376.492166,1066,108,0.013163,0.3594
12196000,375.299955,1066,106,0.007539,0.3828
12198000,374.279947,1085,89,0.008511,0.3594
12200000,376.380958,1087,92,0.007128,0.3672
12202000,379.709916,1082,89,0.007054,0.2578
12204000,376.763655,1074,86,0.010027,0.3047
12206000,373.733772,1070,93,0.014080,0.3516
12208000,366.996355,1048,108,0.014800,0.3594
12210000,368.174390,1035,110,0.013968,0.3125
12212000,368.864110,1062,97,0.008247,0.3281
12214000,366.332875,1057,93,0.014563,0.3438
12216000,374.663532,1056,103,0.017300,0.3984
12218000,377.324110,1079,107,0.022270,0.3906
12220000,382.273982,1108,76,0.022222,0.3984
12222000,383.381350,1087,95,0.018415,0.2656
12224000,379.990888,1072,98,0.012282,0.3828
12226000,390.259775,1076,90,0.011009,0.2812
12228000,385.629807,1068,94,0.009469,0.3750
12230000,381.700155,1062,100,0.008155,0.3438
12232000,379.665879,1064,100,0.004867,0.4219
12234000,384.112870,1084,82,0.005532,0.3984
12236000,389.531515,1071,84,0.012355,0.3594
12238000,386.694646,1092,80,0.019588,0.3594
12240000,380.576355,1084,87,0.013263,0.4219
12242000,376.221955,1073,99,0.014796,0.3594
12244000,379.914424,1083,93,0.014978,0.3438
12246000,384.213896,1103,81,0.020769,0.2891
12248000,381.142471,1080,76,0.024444,0.3672
12250000,386.937870,1084,83,0.019107,0.3594
12252000,377.848070,1060,93,0.019397,0.3438
12254000,382.231579,1081,94,0.016324,0.3594
12256000,385.828531,1090,94,0.015078,0.3438
12258000,385.210235,1085,105,0.013873,0.3672
12260000,378.140576,1057,108,0.013347,0.3672
12262000,387.074792,1085,102,0.013081,0.3672
12264000,384.283192,1080,82,0.013553,0.3828
12266000,385.996299,1078,97,0.010099,0.3438
12268000,387.967683,1072,104,0.006236,0.4062
12270000,389.429054,1098,86,0.010582,0.3516
12272000,389.543500,1094,69,0.008976,0.2578
12274000,388.558527,1071,101,0.006262,0.3125
12276000,387.692508,1067,96,0.011416,0.2812
12278000,391.476188,1066,94,0.016364,0.3672
12280000,382.569788,1054,84,0.008964,0.4062
12282000,383.950747,1065,90,0.007034,0.3516
12284000,374.541774,1064,111,0.004197,0.3828
12286000,379.915475,1054,119,0.008945,0.3203
12288000,380.385919,1063,117,0.010369,0.4219
12290000,391.529363,1084,98,0.008035,0.4141
12292000,394.972136,1075,106,0.014766,0.3750
12294000,386.665735,1054,108,0.009330,0.4297
12296000,385.921072,1067,90,0.007280,0.3984
12298000,385.468172,1076,83,0.006720,0.3281
12300000,392.512599,1090,92,0.004377,0.3281
12302000,385.256995,1086,96,0.001667,0.3750
12304000,374.732684,1056,114,0.001946,0.3672
12306000,385.389600,1071,108,0.001195,0.3828
12308000,389.987664,1070,103,0.000823,0.3750
12310000,392.017656,1085,105,0.001856,0.3281
12312000,383.970396,1091,107,0.000537,0.4141
12314000,381.907998,1085,92,0.000089,0.3125
12316000,388.847647,1102,91,0.000466,0.3203
12318000,388.566615,1135,90,0.000531,0.3125
12320000,387.869363,1109,80,0.001101,0.4453
12322000,388.654476,1106,87,0.003272,0.4297
12324000,381.595175,1108,85,0.002246,0.3203
12326000,375.017592,1106,90,0.001291,0.3047
12328000,372.366950,1089,103,0.003436,0.3984
12330000,361.648128,1080,100,0.003391,0.4062
12332000,372.550700,1096,88,0.002876,0.2812
12334000,365.582824,1066,100,0.006252,0.3594
12336000,368.252807,1061,110,0.004212,0.3984
12338000,371.730540,1065,93,0.005364,0.3672
12340000,368.033295,1052,91,0.002940,0.3281
12342000,358.032924,1030,112,0.001783,0.3438
12344000,365.761238,1049,102,0.002586,0.3047
12346000,365.786187,1036,102,0.001714,0.4297
12348000,361.013875,1026,113,0.001789,0.4688
12350000,360.518158,1043,108,0.007822,0.4297
12352000,358.780140,1044,112,0.008328,0.2891
12354000,361.138895,1032,123,0.005113,0.3438
12356000,360.860079,1051,98,0.003590,0.3906
12358000,362.878936,1030,108,0.004750,0.4141
12360000,361.248766,1016,120,0.005672,0.3047
12362000,361.919004,1052,101,0.004520,0.3359
12364000,353.717478,1039,93,0.005704,0.3984
12366000,346.018107,1045,91,0.005252,0.3281
12368000,350.049710,1027,115,0.003617,0.3906
12370000,348.912540,1028,103,0.005318,0.4609
12372000,350.881007,1027,98,0.005767,0.3750
12374000,358.309942,1049,83,0.011572,0.2812
12376000,358.785320,1051,89,0.008503,0.3594
12378000,360.556671,1063,99,0.005593,0.3672
12380000,355.935606,1029,117,0.009088,0.3203
12382000,357.929063,1056,93,0.011870,0.4062
12384000,354.342155,1053,95,0.012906,0.3906
12386000,352.801087,1042,99,0.014997,0.4062
12388000,346.858395,1040,97,0.020489,0.3828
12390000,336.328222,988,116,0.015835,0.4141
12392000,342.697360,1009,118,0.016241,0.4688
12394000,347.908335,1024,108,0.017654,0.3672
12396000,352.440391,1036,95,0.013526,0.3750
12398000,355.262940,1055,106,0.018336,0.3984
12400000,350.938483,1036,112,0.016710,0.2969
12402000,354.049375,1017,104,0.013826,0.4609
12404000,353.934747,1037,101,0.015566,0.4062
12406000,362.806694,1085,88,0.012626,0.2812
12408000,361.099880,1056,97,0.006076,0.3281
12410000,351.838912,1038,104,0.005086,0.4219
12412000,356.173320,1048,94,0.006114,0.4062
12414000,355.027366,1050,97,0.006511,0.3750
12416000,358.206158,1030,105,0.005430,0.4531
12418000,353.146520,1008,116,0.005763,0.3672
12420000,353.666350,1015,108,0.008041,0.3906
12422000,352.439068,1001,117,0.007166,0.3672
12424000,358.068963,1021,115,0.006029,0.3203
12426000,365.677214,1031,119,0.008659,0.4531
12428000,366.979363,1042,107,0.011182,0.4297
12430000,364.519054,1041,110,0.012071,0.3594
12432000,365.454060,1040,110,0.010368,0.3984
12434000,362.056839,1042,110,0.008229,0.2969
12436000,357.864670,1037,96,0.011338,0.3750
12438000,356.891182,1016,109,0.014903,0.3359
12440000,355.857326,1042,99,0.014490,0.2500
12442000,355.699223,1036,103,0.009056,0.2812
12444000,352.949151,1043,100,0.016811,0.3203
12446000,361.689068,1025,108,0.013513,0.3203
12448000,357.336166,1036,96,0.011049,0.3672
12450000,356.271448,1047,93,0.006996,0.3516
12452000,358.480391,1040,107,0.006044,0.4141
12454000,363.581711,1036,110,0.007367,0.3828
12456000,364.082528,1043,107,0.007458,0.3594
12458000,362.746435,1036,104,0.010760,0.3906
12460000,368.319623,1058,90,0.017493,0.3203
12462000,359.450835,1040,96,0.012181,0.4141
12464000,355.069515,1053,93,0.009973,0.3594
12466000,359.140259,1049,84,0.006660,0.3672
12468000,355.666558,1025,96,0.007720,0.3281
12470000,360.272927,1042,87,0.010213,0.3516
12472000,358.541215,1038,101,0.008855,0.3203
12474000,366.689567,1058,99,0.008392,0.3281
12476000,370.263000,1065,86,0.008466,0.3750
12478000,367.244198,1062,99,0.008789,0.3516
12480000,369.057500,1059,94,0.010349,0.3359
12482000,372.419735,1073,94,0.010846,0.2734
12484000,367.473855,1066,89,0.008076,0.2969
12486000,363.750803,1043,108,0.006876,0.3281
12488000,367.725855,1031,101,0.006265,0.3281
12490000,370.172499,1029,89,0.008124,0.3984
12492000,374.776960,1036,112,0.011269,0.4141
12494000,375.594331,1033,98,0.012390,0.4219
12496000,381.828140,1070,91,0.017149,0.3516
12498000,385.143259,1063,92,0.015325,0.3750
12500000,390.358275,1066,99,0.014103,0.3516
12502000,382.120440,1071,78,0.014120,0.2891
12504000,384.764543,1084,85,0.015276,0.3516
12506000,380.645180,1070,100,0.012391,0.3984
12508000,373.597699,1061,110,0.012696,0.4375
12510000,369.305022,1036,115,0.010995,0.3906
12512000,373.230518,1055,95,0.014769,0.3125
12514000,372.868051,1050,97,0.014789,0.3438
12516000,376.886348,1078,85,0.016605,0.2656
12518000,376.782678,1067,108,0.015627,0.2969
12520000,373.917167,1052,116,0.018808,0.3984
12522000,372.446280,1060,115,0.013395,0.3906
12524000,366.917303,1048,112,0.008423,0.3984
12526000,369.125919,1028,120,0.012360,0.3984
12528000,371.280284,1049,100,0.016765,0.3594
12530000,363.712615,1038,105,0.012174,0.3750
12532000,366.331318,1056,101,0.010044,0.3828
12534000,367.250828,1063,95,0.011050,0.4453
12536000,360.475319,1058,95,0.010354,0.3516
12538000,358.203199,1047,103,0.011968,0.3906
12540000,357.666867,1031,117,0.009283,0.4062
12542000,358.511007,1047,101,0.006996,0.3516
12544000,360.822375,1042,110,0.006999,0.4453
12546000,363.962455,1046,84,0.007224,0.3359
12548000,362.634203,1044,101,0.006718,0.4141
12550000,362.112110,1047,95,0.003985,0.3516
12552000,361.635287,1053,97,0.004297,0.3359
12554000,363.464828,1041,106,0.006019,0.2734
12556000,363.442088,1026,103,0.014317,0.3516
12558000,363.782966,1038,102,0.010560,0.3828
12560000,369.645887,1049,106,0.009509,0.3750
12562000,376.174910,1043,105,0.005768,0.4062
12564000,373.664963,1044,118,0.005164,0.4844
12566000,373.672150,1045,102,0.003674,0.3906
12568000,373.549510,1043,87,0.004034,0.3125
12570000,370.101875,1043,119,0.007291,0.4375
12572000,371.890563,1040,110,0.008793,0.3125
12574000,366.485115,1028,121,0.016692,0.4766
12576000,370.114592,1046,104,0.018208,0.3906
12578000,367.372936,1061,91,0.011025,0.3203
12580000,370.646780,1035,104,0.011451,0.2891
12582000,368.646764,1027,107,0.016600,0.4141
12584000,359.688439,1004,118,0.015113,0.4453
12586000,362.612380,1012,116,0.015458,0.3359
12588000,365.995110,1032,115,0.015161,0.3438
12590000,354.899291,998,110,0.013066,0.4453
12592000,362.657100,1019,116,0.013232,0.4375
12594000,368.456990,1049,107,0.015768,0.4297
12596000,368.574235,1063,92,0.018574,0.3672
12598000,370.099679,1055,102,0.021977,0.4219
12600000,365.922623,1075,88,0.020322,0.3516
12602000,370.482926,1062,105,0.016319,0.2734
12604000,366.347475,1065,97,0.014892,0.3359
12606000,364.272463,1070,102,0.013649,0.3906
12608000,359.529379,1047,114,0.015271,0.3750
12610000,360.162392,1049,99,0.014404,0.3672
12612000,363.797455,1055,106,0.021417,0.3203
12614000,357.125235,1041,112,0.012361,0.4141
12616000,362.660558,1061,94,0.019170,0.4141
12618000,358.619054,1046,101,0.015910,0.4297
12620000,358.773063,1027,116,0.008221,0.2734
12622000,358.124888,1011,122,0.007195,0.4531
12624000,359.730620,1040,97,0.007314,0.4219
12626000,358.372830,1055,97,0.006225,0.3438
12628000,361.327288,1041,96,0.007970,0.3516
12630000,356.506239,1017,118,0.005067,0.4453
12632000,361.427059,1010,109,0.005005,0.4141
12634000,354.902864,1021,107,0.007863,0.3594
12636000,351.335139,1015,114,0.010920,0.3281
12638000,357.758027,1013,103,0.025105,0.3828
12640000,360.350575,1032,113,0.027179,0.4062
12642000,354.098598,1037,102,0.019024,0.3203
12644000,355.177367,1039,99,0.024164,0.4062
12646000,359.677536,1030,111,0.017521,0.4375
12648000,352.100670,1026,114,0.021397,0.2734
12650000,353.863275,1020,99,0.014829,0.4062
12652000,355.517036,1036,108,0.016376,0.3516
12654000,355.543340,1027,104,0.011731,0.3594
12656000,356.853371,1021,111,0.019291,0.3516
12658000,357.979366,1011,115,0.020236,0.3828
12660000,357.888096,1017,113,0.018117,0.3750
12662000,364.925603,1034,112,0.018974,0.3750
12664000,364.981511,1034,99,0.014998,0.3750
12666000,361.950086,1043,113,0.012796,0.4141
12668000,358.050739,1045,97,0.014936,0.4531
12670000,356.236284,1050,100,0.016600,0.3750
12672000,357.945843,1063,102,0.014933,0.3594
12674000,354.024755,1058,90,0.017329,0.3438
12676000,356.932094,1053,101,0.014834,0.3359
12678000,359.500119,1040,102,0.011166,0.3984
12680000,359.624899,1054,97,0.009685,0.3359
12682000,362.223999,1047,103,0.010788,0.4922
12684000,360.701430,1038,108,0.006836,0.3125
12686000,368.005840,1061,102,0.008296,0.4297
12688000,369.697884,1054,110,0.010381,0.3750
12690000,375.705651,1066,93,0.018463,0.3359
12692000,375.675259,1060,100,0.024559,0.3281
12694000,372.910375,1025,113,0.013012,0.3906
12696000,373.769267,1045,102,0.015980,0.3594
12698000,370.835395,1023,108,0.009436,0.4297
12700000,377.784815,1038,97,0.007094,0.3594
12702000,372.518764,1013,120,0.007729,0.4844
12704000,377.211431,1048,95,0.008661,0.2656
12706000,376.938958,1055,81,0.007680,0.2969
12708000,375.480700,1060,97,0.007510,0.3672
12710000,380.657886,1072,96,0.008801,0.4141
12712000,379.696822,1057,102,0.008324,0.3125
12714000,384.388920,1062,105,0.005113,0.4844
12716000,384.524950,1069,101,0.008204,0.3906
12718000,382.750375,1078,95,0.004996,0.3906
12720000,382.597235,1073,108,0.004867,0.3516
12722000,381.725927,1080,96,0.005389,0.3906
12724000,370.954087,1068,94,0.004234,0.3359
12726000,382.134600,1099,78,0.003091,0.3281
12728000,377.182382,1071,99,0.001535,0.3281
12730000,375.428727,1055,99,0.000703,0.4062
12732000,370.937235,1058,103,0.002534,0.5312
12734000,375.573515,1061,108,0.002331,0.3828
12736000,373.744150,1078,89,0.004982,0.3281
12738000,379.725895,1068,111,0.002955,0.3438
12740000,382.784335,1084,93,0.002205,0.4375
12742000,382.127375,1089,94,0.003591,0.4297
12744000,386.535631,1079,99,0.003933,0.3203
12746000,385.257096,1086,96,0.008232,0.3672
12748000,391.109139,1101,93,0.010208,0.3906
12750000,394.392795,1103,93,0.013032,0.3516
12752000,391.481667,1074,96,0.013734,0.3828
12754000,393.601248,1088,94,0.014606,0.3047
12756000,390.688748,1073,92,0.025053,0.3672
12758000,390.423331,1088,82,0.022701,0.3672
12760000,383.916791,1040,96,0.021922,0.3438
12762000,390.773654,1062,105,0.020950,0.3516
12764000,388.149670,1078,91,0.016097,0.4531
12766000,384.876950,1060,94,0.020626,0.3125
12768000,387.983334,1050,108,0.025577,0.2812
12770000,384.104751,1056,113,0.021465,0.2891
12772000,383.705046,1062,100,0.018511,0.3750
12774000,386.380780,1093,91,0.019838,0.4688
12776000,393.821584,1083,99,0.022302,0.4062
12778000,388.767342,1065,108,0.018080,0.3750
12780000,387.220744,1074,105,0.016868,0.3750
12782000,386.858968,1093,82,0.011667,0.3359
12784000,381.509435,1090,94,0.011605,0.3516
12786000,373.320295,1078,96,0.017112,0.3438
12788000,373.452299,1071,101,0.019926,0.3516
12790000,369.470920,1053,116,0.013737,0.3438
12792000,374.466779,1055,104,0.016281,0.2656
12794000,376.630655,1047,103,0.010344,0.3750
12796000,374.341963,1066,81,0.013720,0.3047
12798000,369.141480,1023,105,0.007685,0.3281
12800000,380.221400,1053,97,0.011121,0.3281
12802000,373.306995,1035,95,0.009428,0.3359
12804000,372.363440,1050,100,0.010673,0.4062
12806000,377.114539,1029,115,0.008446,0.4297
12808000,383.033142,1027,116,0.011792,0.4844
12810000,377.621839,1041,92,0.013748,0.3984
12812000,375.213740,1035,105,0.009673,0.4297
12814000,370.873819,1041,85,0.012859,0.2891
12816000,369.796732,1047,102,0.008538,0.4062
12818000,377.019014,1079,86,0.007153,0.3516
12820000,367.190799,1072,92,0.004064,0.3438
12822000,364.232947,1058,106,0.004189,0.3750
12824000,376.042507,1083,93,0.001898,0.3906
12826000,379.014664,1076,99,0.000188,0.3203
12828000,375.060664,1089,84,0.000753,0.3047
12830000,376.738039,1061,101,0.002316,0.3672
12832000,376.576316,1074,85,0.002982,0.4531
12834000,375.511278,1076,81,0.002020,0.3594
12836000,377.586044,1079,95,0.001514,0.3438
12838000,372.822527,1059,109,0.001789,0.3594
12840000,373.976855,1080,94,0.000800,0.3828
12842000,369.176995,1079,90,0.000757,0.3438
12844000,371.291451,1061,83,0.002699,0.3047
12846000,370.599203,1068,85,0.001986,0.3828
12848000,373.700123,1058,98,0.000674,0.2812
12850000,381.583119,1077,91,0.000738,0.3203
12852000,375.153175,1058,101,0.001281,0.3281
12854000,379.214620,1054,94,0.001630,0.4453
12856000,379.327820,1095,86,0.007310,0.3047
12858000,377.080727,1079,94,0.010630,0.2891
12860000,377.228894,1084,99,0.015313,0.3828
12862000,376.607855,1069,97,0.014276,0.3672
12864000,381.909532,1082,102,0.012067,0.3359
12866000,373.834902,1070,108,0.013151,0.3281
12868000,371.718931,1068,91,0.011487,0.2891
12870000,369.629798,1065,81,0.010740,0.2344
12872000,376.462838,1072,80,0.007833,0.3359
12874000,368.390870,1057,84,0.006512,0.3984
12876000,371.124764,1068,91,0.005129,0.3750
12878000,365.485275,1057,91,0.004347,0.3125
12880000,365.748972,1053,75,0.004710,0.3438
12882000,357.203468,1046,81,0.005133,0.3203
12884000,364.052391,1056,89,0.003795,0.4141
12886000,361.786400,1051,94,0.003634,0.3516
12888000,365.425196,1065,85,0.004587,0.4062
12890000,368.503563,1067,89,0.004673,0.4766
12892000,370.029931,1068,95,0.003459,0.3125
12894000,362.236358,1035,100,0.004652,0.3516
12896000,363.310438,1044,100,0.002495,0.3984
12898000,367.256950,1061,103,0.003625,0.3281
12900000,367.629735,1058,94,0.002155,0.3828
12902000,370.113328,1070,84,0.003617,0.2500
12904000,378.690755,1085,90,0.003988,0.3359
12906000,378.596972,1053,107,0.011731,0.3203
12908000,381.306431,1056,98,0.009554,0.4688
12910000,377.849830,1040,103,0.007949,0.3516
12912000,388.892528,1058,98,0.005059,0.4219
12914000,390.502143,1078,106,0.002181,0.3047
12916000,388.702415,1105,87,0.002895,0.3672
12918000,389.008870,1127,73,0.000787,0.3125
12920000,386.652003,1109,81,0.000386,0.3047
12922000,380.631952,1078,104,0.001714,0.2734
12924000,388.136280,1097,70,0.001129,0.3281
12926000,388.469480,1111,71,0.000568,0.2891
12928000,390.221310,1109,82,0.000992,0.2891
12930000,385.285011,1092,84,0.000449,0.3203
12932000,383.635095,1092,85,0.002677,0.3359
12934000,386.231454,1083,86,0.000678,0.4219
12936000,378.997323,1080,85,0.003775,0.3516
12938000,375.024147,1080,91,0.003189,0.3047
12940000,365.331575,1064,95,0.001724,0.2734
12942000,361.750991,1055,108,0.003673,0.3906
12944000,365.503419,1051,107,0.004634,0.3438
12946000,367.063836,1054,100,0.002301,0.3906
12948000,365.695547,1040,117,0.002085,0.3750
12950000,367.222918,1058,97,0.001907,0.4219
12952000,359.857995,1035,97,0.001422,0.3203
12954000,360.630472,1041,97,0.000728,0.3984
12956000,356.313278,1024,105,0.000051,0.4141
12958000,359.028591,1019,109,0.000118,0.4062
12960000,359.265243,1025,113,0.001428,0.4688
12962000,365.374395,1039,112,0.002493,0.4375
12964000,370.138096,1050,98,0.003448,0.3125
12966000,362.699475,1057,81,0.001774,0.3984
12968000,371.496460,1052,89,0.001987,0.3203
12970000,369.814499,1077,93,0.002099,0.3359
12972000,368.372710,1084,92,0.001555,0.3281
12974000,371.243015,1090,72,0.001243,0.2969
12976000,373.470507,1093,89,0.001775,0.3125
12978000,372.985910,1094,93,0.000907,0.4297
12980000,371.758238,1100,73,0.002400,0.3438
12982000,380.309550,1081,86,0.003240,0.3047
12984000,378.006966,1059,101,0.004258,0.3359
12986000,381.515532,1080,90,0.009822,0.3047
12988000,377.261350,1065,95,0.011269,0.3438
12990000,379.789920,1055,93,0.010544,0.3047
12992000,379.268430,1069,89,0.014815,0.3203
12994000,376.837723,1073,88,0.014445,0.3516
12996000,377.096124,1052,99,0.013872,0.4688
12998000,371.035454,1070,90,0.009080,0.3281
13000000,369.155047,1047,82,0.012178,0.3359
13002000,367.453374,1049,107,0.009607,0.4453
13004000,369.608800,1046,99,0.010256,0.3125
13006000,375.159672,1055,101,0.013817,0.3516
13008000,372.663276,1068,90,0.010194,0.3203
13010000,367.778159,1039,91,0.006632,0.3281
13012000,375.160908,1052,100,0.008913,0.3438
13014000,376.517391,1070,93,0.014116,0.2812
13016000,374.992935,1078,96,0.015435,0.3750
13018000,380.774160,1079,94,0.009690,0.2266
13020000,376.969907,1079,81,0.006562,0.4375
13022000,374.251319,1079,81,0.007851,0.3359
13024000,377.525327,1068,106,0.003611,0.3203
13026000,377.485932,1072,97,0.002166,0.3281
13028000,379.962454,1055,101,0.003961,0.3516
13030000,383.138211,1073,93,0.005419,0.3125
13032000,388.489183,1092,89,0.009002,0.3203
13034000,389.334267,1093,95,0.005089,0.3594
13036000,385.007607,1095,94,0.003068,0.2969
13038000,386.453387,1082,95,0.007449,0.3203
13040000,387.620715,1092,102,0.004006,0.3125
13042000,381.500976,1087,98,0.004535,0.4062
13044000,383.786927,1095,92,0.003748,0.3438
13046000,382.399766,1073,91,0.001976,0.3359
13048000,376.060863,1075,109,0.011297,0.4062
13050000,375.801591,1068,93,0.010797,0.2734
13052000,375.438432,1057,105,0.007634,0.4141
13054000,376.574086,1072,108,0.010597,0.3281
13056000,380.708891,1074,101,0.013632,0.3438
13058000,383.962235,1072,100,0.008164,0.3125
13060000,384.856910,1081,86,0.013754,0.3672
13062000,377.806000,1095,97,0.013131,0.3359
13064000,378.339046,1088,92,0.007465,0.2891
13066000,382.627843,1094,79,0.011398,0.3359
13068000,385.583115,1095,83,0.010854,0.4062
13070000,387.443944,1091,88,0.012657,0.3594
13072000,383.781371,1075,90,0.010238,0.3984
13074000,379.797806,1062,99,0.005829,0.3047
13076000,376.366731,1084,95,0.007592,0.3125
13078000,380.155275,1096,92,0.007441,0.3281
13080000,374.455563,1100,85,0.005853,0.4062
13082000,374.282496,1109,75,0.005641,0.2656
13084000,373.775916,1074,95,0.009801,0.2969
13086000,378.302988,1069,97,0.006053,0.3672
13088000,372.836510,1068,95,0.007073,0.3750
13090000,375.838263,1090,78,0.006432,0.3438
13092000,378.027435,1071,105,0.009487,0.4609
13094000,377.821291,1083,92,0.009567,0.3281
13096000,371.490127,1078,107,0.014250,0.3594
13098000,374.455980,1055,106,0.010456,0.3750
13100000,378.284944,1070,97,0.015361,0.3750
13102000,379.519118,1070,78,0.017049,0.3125
13104000,376.273471,1086,78,0.012586,0.3203
13106000,377.538350,1093,88,0.013511,0.3125
13108000,371.260462,1088,87,0.012385,0.2969
13110000,371.148335,1060,116,0.006328,0.3594
13112000,375.618550,1079,108,0.007487,0.4453
13114000,378.860078,1076,98,0.009574,0.3672
13116000,376.523400,1082,85,0.011339,0.2500
13118000,380.121971,1088,90,0.009960,0.3750
13120000,375.213403,1089,102,0.015744,0.3594
13122000,373.977315,1063,98,0.008482,0.3906
13124000,366.492775,1061,103,0.006227,0.3359
13126000,361.679999,1067,97,0.008391,0.3516
13128000,362.615831,1055,88,0.013562,0.3984
13130000,360.920206,1059,91,0.008377,0.3594
13132000,357.794775,1040,113,0.007393,0.3828
13134000,364.977375,1059,108,0.003913,0.3906
13136000,361.601960,1047,82,0.006647,0.4375
13138000,363.699659,1020,117,0.004442,0.3047
13140000,364.226600,1020,122,0.001287,0.3203
13142000,363.562707,1035,103,0.002233,0.3828
13144000,367.182654,1035,99,0.002955,0.3750
13146000,367.200742,1068,91,0.003368,0.3281
13148000,363.649935,1049,105,0.001069,0.4375
13150000,366.966771,1057,99,0.002099,0.3672
13152000,363.738471,1053,98,0.007289,0.3359
13154000,362.874995,1048,99,0.007148,0.4297
13156000,369.278795,1049,97,0.012250,0.3828
13158000,369.947775,1062,93,0.007459,0.3438
13160000,375.249262,1056,94,0.008231,0.2969
13162000,381.620060,1073,92,0.015513,0.4219
13164000,375.403759,1071,85,0.010085,0.3984
13166000,380.980183,1064,91,0.004821,0.2969
13168000,380.379486,1061,79,0.003394,0.3672
13170000,373.662675,1070,82,0.004377,0.3516
13172000,370.423359,1056,100,0.004926,0.3516
13174000,370.457783,1083,89,0.003576,0.2969
13176000,367.877555,1081,87,0.001952,0.3359
13178000,372.910007,1087,82,0.002887,0.3047
13180000,366.439484,1071,80,0.000781,0.2500
13182000,371.525544,1068,94,0.000887,0.3984
13184000,372.560620,1057,105,0.000364,0.3672
13186000,370.846175,1081,87,0.000481,0.3828
13188000,369.342390,1065,106,0.000129,0.3750
13190000,370.497468,1060,95,0.001046,0.2969
13192000,373.095059,1052,103,0.001119,0.4844
13194000,368.037679,1046,117,0.001494,0.3906
13196000,362.301750,1032,120,0.000823,0.3594
13198000,364.100451,1014,111,0.001729,0.3750
13200000,356.798111,1031,101,0.002515,0.3984
13202000,353.127503,1011,119,0.003826,0.5391
13204000,356.241856,1034,99,0.004984,0.3516
13206000,354.651335,1029,111,0.002874,0.4375
13208000,358.600108,1040,89,0.004200,0.2969
13210000,351.443615,1023,90,0.006401,0.3359
13212000,356.997340,1009,118,0.005870,0.4297
13214000,353.812984,1024,115,0.004290,0.3203
13216000,350.289819,1017,111,0.006353,0.3984
13218000,358.788854,1024,110,0.008134,0.3203
13220000,360.796604,1032,107,0.003609,0.4219
13222000,363.935430,1065,92,0.001901,0.3125
13224000,365.811435,1056,86,0.001928,0.3281
13226000,368.429447,1063,95,0.002838,0.3750
13228000,369.989750,1058,93,0.006365,0.3281
13230000,365.052574,1066,93,0.010812,0.3359
13232000,369.509430,1074,94,0.006138,0.3203
13234000,371.646110,1062,89,0.004632,0.2969
13236000,362.642326,1043,105,0.007352,0.3594
13238000,365.275075,1066,103,0.006314,0.3984
13240000,360.886467,1063,96,0.006301,0.3359
13242000,368.505975,1081,111,0.004920,0.3750
13244000,364.549235,1082,97,0.002609,0.3047
13246000,364.184839,1074,88,0.004191,0.4375
13248000,366.463343,1055,99,0.003693,0.3750
13250000,367.358751,1050,105,0.007196,0.3984
13252000,362.089575,1072,92,0.009353,0.3516
13254000,371.250983,1071,80,0.009543,0.3672
13256000,370.022310,1078,109,0.018618,0.3750
13258000,369.958630,1057,101,0.012257,0.2891
13260000,365.610960,1063,106,0.015113,0.3828
13262000,364.308507,1063,110,0.012498,0.3672
13264000,364.294263,1084,84,0.015610,0.3359
13266000,366.001767,1094,77,0.021666,0.3750
13268000,365.910798,1067,95,0.013491,0.3203
13270000,362.316598,1054,112,0.008175,0.3516
13272000,354.631944,1040,107,0.006444,0.3594
13274000,371.021212,1050,106,0.008066,0.3672
13276000,371.834203,1059,97,0.009773,0.3516
13278000,361.818271,1039,97,0.005481,0.3438
13280000,366.777712,1063,111,0.005953,0.3516
13282000,362.778995,1062,92,0.003885,0.3906
13284000,367.589035,1052,95,0.002594,0.4297
13286000,364.282838,1051,108,0.003644,0.3906
13288000,361.629214,1058,100,0.002984,0.4062
13290000,363.264800,1045,101,0.003417,0.3125
13292000,362.998335,1049,104,0.004633,0.3125
13294000,368.617432,1061,112,0.007573,0.4531
13296000,367.922107,1035,103,0.005044,0.3672
13298000,362.440471,1034,100,0.005321,0.3438
13300000,364.459315,1027,117,0.003429,0.3047
13302000,358.737171,1025,120,0.001023,0.4375
13304000,355.013271,1037,112,0.001294,0.3047
13306000,351.891979,1014,125,0.000581,0.3984
13308000,358.269368,1027,114,0.003364,0.4844
13310000,354.605435,1027,115,0.004566,0.3984
13312000,354.661992,1034,102,0.003375,0.4219
13314000,359.236831,1055,95,0.004547,0.4453
13316000,353.539190,1057,94,0.005569,0.4141
13318000,353.460375,1059,95,0.005514,0.3047
13320000,352.800542,1035,111,0.005695,0.3125
13322000,355.803131,1046,102,0.003085,0.3984
13324000,358.786288,1055,92,0.005357,0.3828
13326000,357.632328,1058,91,0.006097,0.4297
13328000,365.503043,1065,83,0.009317,0.3359
13330000,371.590171,1090,77,0.018621,0.3281
13332000,369.094862,1077,85,0.018856,0.3984
13334000,369.063871,1068,95,0.013867,0.3672
13336000,373.370331,1067,98,0.018833,0.3359
13338000,374.468012,1039,105,0.010366,0.3984
13340000,370.231422,1020,106,0.008554,0.3906
13342000,368.837742,1033,107,0.013207,0.3750
13344000,371.893295,1046,91,0.012283,0.3438
13346000,360.960622,1034,106,0.010946,0.4062
13348000,349.583995,1039,87,0.012325,0.2891
13350000,352.281896,1038,98,0.014223,0.3047
13352000,356.342891,1035,100,0.012881,0.3984
13354000,355.886230,1017,116,0.011094,0.3828
13356000,356.289262,1043,104,0.009416,0.4297
13358000,350.709880,1028,121,0.008481,0.4453
13360000,354.202927,1025,107,0.009237,0.4062
13362000,349.912635,1020,105,0.009356,0.3828
13364000,347.082544,1021,96,0.007141,0.3828
13366000,343.217559,1031,80,0.009518,0.3906
13368000,349.956600,1046,82,0.008202,0.3203
13370000,347.624646,1013,104,0.007564,0.4609
13372000,345.531355,1052,94,0.009966,0.3047
13374000,347.934158,1039,102,0.005419,0.3906
13376000,347.691391,1039,96,0.012405,0.3828
13378000,344.354655,1032,112,0.005500,0.4141
13380000,349.454475,1048,103,0.003820,0.4141
13382000,355.538111,1034,89,0.000681,0.3281
13384000,352.318742,1026,106,0.000873,0.3906
13386000,354.463499,1061,91,0.003233,0.2422
13388000,354.222910,1052,99,0.003297,0.3906
13390000,349.451519,1062,100,0.005448,0.3594
13392000,350.371159,1040,99,0.005840,0.3984
13394000,357.386843,1039,96,0.006548,0.3594
13396000,354.280480,1060,101,0.002772,0.3984
13398000,357.531379,1071,92,0.001244,0.3047
13400000,356.304119,1058,109,0.000697,0.4844
13402000,359.062355,1065,97,0.001130,0.2812
13404000,357.199015,1052,110,0.000824,0.3281
13406000,361.108631,1046,103,0.001302,0.2422
13408000,359.181575,1034,108,0.001909,0.3125
13410000,356.956139,1022,118,0.006810,0.3984
13412000,355.091984,1034,102,0.005363,0.4062
13414000,353.401659,1043,84,0.004044,0.4141
13416000,354.046315,1033,107,0.005734,0.3047
13418000,357.883126,1068,85,0.007360,0.3281
13420000,362.636958,1060,96,0.003913,0.4141
13422000,364.733075,1044,101,0.003567,0.4219
13424000,370.686774,1061,93,0.003643,0.3203
13426000,363.902703,1047,100,0.009585,0.3906
13428000,367.022400,1059,104,0.010155,0.3594
13430000,375.113504,1058,113,0.010477,0.3281
13432000,373.965982,1068,91,0.012445,0.3672
13434000,369.224652,1079,100,0.010232,0.3516
13436000,365.966655,1076,104,0.014252,0.3438
13438000,366.408494,1060,99,0.009633,0.3125
13440000,365.394680,1063,107,0.009307,0.4609
13442000,362.048039,1036,110,0.015017,0.4688
13444000,356.472543,1024,119,0.014652,0.3828
13446000,359.956251,1044,105,0.011385,0.3906
13448000,362.884675,1050,98,0.012016,0.3516
13450000,363.428670,1049,107,0.008711,0.4141
13452000,369.821152,1051,104,0.011551,0.3438
13454000,366.596459,1032,118,0.013553,0.4375
13456000,369.055567,1021,120,0.013695,0.3750
13458000,368.035048,1016,109,0.014957,0.3516
13460000,365.879235,1026,110,0.015101,0.2891
13462000,372.146870,1054,91,0.011541,0.3594
13464000,371.712299,1058,106,0.018166,0.4062
13466000,371.764150,1045,95,0.011989,0.4219
13468000,367.714131,1046,99,0.012111,0.3438
13470000,364.814380,1047,87,0.009664,0.3984
13472000,364.564171,1065,90,0.009185,0.3125
13474000,368.591523,1057,94,0.014465,0.3203
13476000,367.654955,1067,89,0.015885,0.3125
13478000,359.899078,1053,99,0.017694,0.3438
13480000,366.447851,1061,99,0.014303,0.3438
13482000,368.809966,1090,93,0.018743,0.3359
13484000,372.521427,1091,80,0.022706,0.2422
13486000,374.152572,1087,84,0.017208,0.3125
13488000,368.473660,1064,105,0.020301,0.3594
13490000,366.782087,1037,116,0.019686,0.3672
13492000,363.258366,1043,103,0.020074,0.3828
13494000,366.193158,1031,118,0.016822,0.3750
13496000,358.882902,1023,120,0.014962,0.3750
13498000,358.807224,1011,117,0.017671,0.4688
13500000,355.067575,1013,127,0.022660,0.4297
13502000,357.884371,1041,104,0.018388,0.3047
13504000,360.817207,1032,102,0.017818,0.3281
13506000,359.539430,1041,101,0.012232,0.3516
13508000,363.715643,1050,105,0.009363,0.3984
13510000,363.972620,1055,98,0.008249,0.5078
13512000,370.150462,1075,94,0.009137,0.3594
13514000,362.272110,1067,95,0.008806,0.3047
13516000,362.152807,1065,102,0.011518,0.3047
13518000,364.622151,1074,81,0.007125,0.3047
13520000,356.108815,1050,104,0.012900,0.4219
13522000,354.740935,1027,106,0.014119,0.3203
13524000,359.840083,1059,89,0.009394,0.3359
13526000,361.034615,1061,90,0.006240,0.3984
13528000,361.328511,1050,100,0.005584,0.3672
13530000,360.029503,1033,102,0.003230,0.3672
13532000,358.277747,1047,107,0.001293,0.3750
13534000,360.823115,1043,107,0.001611,0.3203
13536000,360.471628,1052,85,0.001615,0.3438
13538000,357.972070,1032,94,0.002054,0.3984
13540000,351.295788,1029,110,0.003264,0.3984
13542000,361.921259,1034,112,0.003586,0.4531
13544000,351.007675,1012,114,0.001866,0.3906
13546000,347.330140,988,127,0.000820,0.4219
13548000,346.138270,1007,112,0.001182,0.3672
13550000,345.531831,991,139,0.001021,0.3984
13552000,345.785555,1006,106,0.001756,0.2656
13554000,354.122019,1030,109,0.002439,0.3672
13556000,352.242627,1011,119,0.004154,0.3203
13558000,351.134043,1037,110,0.002680,0.4922
13560000,353.854915,1032,107,0.005005,0.3438
13562000,354.600827,1022,105,0.005727,0.3984
13564000,350.659270,1034,104,0.002355,0.3828
13566000,360.728667,1042,107,0.003402,0.2969
13568000,361.830571,1053,107,0.005973,0.4141
13570000,356.091980,1027,118,0.003972,0.4531
13572000,358.113750,1057,111,0.002363,0.4219
13574000,357.024310,1032,100,0.002329,0.2969
13576000,364.138207,1041,88,0.001665,0.2500
13578000,358.151323,1037,94,0.002170,0.4297
13580000,346.728470,1041,96,0.005300,0.3672
13582000,357.741404,1055,98,0.003642,0.3594
13584000,362.595355,1072,97,0.003284,0.2656
13586000,359.407051,1081,87,0.000029,0.3203
13588000,359.324636,1059,100,0.000088,0.3750
13590000,363.397820,1063,100,0.000260,0.3750
13592000,367.987148,1069,104,0.001918,0.3672
13594000,362.544376,1069,96,0.001353,0.3750
13596000,366.124288,1068,102,0.000687,0.3750
13598000,366.298623,1058,95,0.000888,0.3750
13600000,367.706732,1073,103,0.000556,0.3047
13602000,368.184600,1075,86,0.001719,0.3516
13604000,371.717807,1053,97,0.001359,0.4453
13606000,368.211740,1029,99,0.002118,0.4141
13608000,359.774695,1032,109,0.000820,0.3828
13610000,363.418870,1061,87,0.001293,0.3672
13612000,364.233379,1055,106,0.002232,0.3516
13614000,363.511400,1050,109,0.002720,0.3281
13616000,361.128439,1027,104,0.000302,0.4609
13618000,361.086150,1016,120,0.000115,0.4922
13620000,355.371628,1036,112,0.000196,0.4453
13622000,353.059823,1041,99,0.001009,0.3672
13624000,367.584310,1044,108,0.002113,0.3672
13626000,358.858075,1051,98,0.002529,0.3828
13628000,359.298716,1046,110,0.002891,0.3906
13630000,356.380619,1038,120,0.002072,0.3750
13632000,359.974415,1049,110,0.003514,0.3125
13634000,364.105455,1066,98,0.002826,0.4688
13636000,361.918732,1069,94,0.001683,0.3125
13638000,356.953427,1047,114,0.000470,0.3672
13640000,361.679535,1050,102,0.001174,0.3594
13642000,360.390855,1058,94,0.001279,0.4375
13644000,354.016215,1063,94,0.001132,0.3984
13646000,356.022086,1048,112,0.000920,0.4062
13648000,358.659870,1062,90,0.003045,0.3359
13650000,359.052379,1048,108,0.000892,0.4062
13652000,366.803591,1052,97,0.003203,0.3438
13654000,374.972375,1055,96,0.002340,0.3594
13656000,373.334790,1052,90,0.002074,0.2969
13658000,376.709823,1039,113,0.003448,0.4297
13660000,373.634431,1027,106,0.005137,0.3828
13662000,365.301702,1036,101,0.004672,0.3359
13664000,363.106295,1032,109,0.002996,0.3984
13666000,365.650648,1040,108,0.007123,0.3984
13668000,373.643326,1026,113,0.005202,0.3750
13670000,370.967375,1064,108,0.005370,0.3984
13672000,368.122411,1062,90,0.012131,0.4297
13674000,373.789292,1064,110,0.009926,0.3203
13676000,378.518268,1094,92,0.009217,0.3594
13678000,377.341379,1084,87,0.012188,0.3281
13680000,376.492167,1073,91,0.010549,0.2891
13682000,375.706711,1083,75,0.015380,0.3203
13684000,371.982747,1060,94,0.014918,0.4141
13686000,375.069216,1055,111,0.019527,0.3906
13688000,375.143990,1042,120,0.028711,0.4375
13690000,368.594887,1036,108,0.021596,0.3281
13692000,367.783830,1036,108,0.026625,0.3906
13694000,360.050991,1010,112,0.021349,0.2969
13696000,361.582195,1023,88,0.027124,0.2578
13698000,366.051183,1021,108,0.017042,0.3906
13700000,361.596350,1041,113,0.015772,0.4219
13702000,365.757470,1050,99,0.014390,0.3516
13704000,375.963079,1067,91,0.020266,0.3438
13706000,370.760990,1052,101,0.022282,0.3984
13708000,367.662604,1038,106,0.017944,0.3906
13710000,366.077375,1050,92,0.026549,0.3047
13712000,369.352567,1063,93,0.022868,0.3516
13714000,372.178878,1053,89,0.013675,0.3750
13716000,371.589327,1035,103,0.018784,0.3359
13718000,368.788475,1029,92,0.024045,0.2656
13720000,371.994495,1037,111,0.025772,0.3516
13722000,367.483832,1021,118,0.022302,0.3594
13724000,363.683035,1008,130,0.016655,0.3984
13726000,372.238467,1035,104,0.020934,0.3594
13728000,364.103182,1013,120,0.021495,0.4141
13730000,357.196115,1020,111,0.024030,0.3672
13732000,356.952255,1012,108,0.014865,0.3828
13734000,351.055200,993,131,0.013034,0.4766
13736000,353.045075,1005,96,0.011305,0.3906
13738000,361.339687,1026,86,0.009789,0.3438
13740000,358.082470,1012,94,0.011388,0.3438
13742000,357.172307,1037,121,0.006480,0.4062
13744000,362.833230,1027,116,0.006633,0.3516
13746000,367.528255,1026,100,0.007622,0.3828
13748000,364.095891,1024,114,0.006905,0.4375
13750000,364.201135,1042,90,0.005229,0.3516
13752000,366.068467,1060,94,0.004195,0.3750
13754000,373.447718,1089,93,0.005988,0.3125
13756000,372.082355,1069,100,0.005301,0.3047
13758000,374.307395,1069,95,0.003551,0.3828
13760000,368.739895,1081,106,0.002032,0.3438
13762000,372.579480,1082,100,0.004247,0.3750
13764000,374.401787,1081,89,0.002532,0.4219
13766000,366.820422,1056,97,0.001630,0.3281
13768000,366.854775,1070,92,0.001533,0.2734
13770000,370.387319,1071,98,0.002591,0.3438
13772000,377.088311,1064,88,0.000899,0.4609
13774000,381.416247,1073,88,0.002573,0.3125
13776000,377.655180,1070,85,0.002701,0.3047
13778000,380.779027,1080,83,0.003720,0.2812
13780000,380.590630,1086,81,0.001736,0.3203
13782000,382.863591,1105,80,0.000631,0.4375
13784000,379.185534,1095,88,0.001109,0.3906
13786000,380.842247,1081,92,0.000706,0.3984
13788000,382.611750,1081,100,0.002179,0.2891
13790000,377.755886,1068,109,0.002407,0.3594
13792000,381.674108,1077,100,0.002237,0.2656
13794000,381.424216,1063,102,0.002283,0.3359
13796000,377.331214,1074,93,0.004301,0.3828
13798000,379.348667,1078,85,0.004843,0.3828
13800000,382.866059,1079,85,0.000959,0.3984
13802000,383.002311,1088,83,0.000379,0.4141
13804000,381.097467,1067,106,0.000306,0.3594
13806000,379.564630,1068,105,0.000816,0.3750
13808000,386.099255,1069,100,0.000926,0.3828
13810000,392.822675,1060,112,0.001786,0.3672
13812000,401.217932,1056,109,0.000191,0.3750
13814000,402.953648,1061,107,0.001940,0.4141
13816000,397.228252,1066,107,0.000592,0.3750
13818000,397.323468,1085,101,0.001232,0.4609
13820000,404.305102,1114,71,0.001193,0.3047
13822000,407.744860,1096,91,0.001704,0.3281
13824000,407.503228,1095,93,0.004515,0.3594
13826000,403.170238,1095,93,0.004444,0.3438
13828000,404.500211,1091,95,0.004775,0.3281
13830000,400.738899,1091,100,0.003368,0.4062
13832000,394.404239,1078,91,0.001214,0.3984
13834000,399.411420,1084,92,0.001783,0.4062
13836000,390.489936,1100,84,0.001176,0.3672
13838000,386.907840,1083,94,0.002198,0.3438
13840000,386.383260,1074,80,0.004267,0.3516
13842000,373.957455,1065,94,0.002079,0.2422
13844000,371.815295,1042,102,0.004529,0.3984
13846000,380.047679,1057,101,0.002820,0.4766
13848000,376.783991,1059,96,0.000754,0.3281
13850000,379.397463,1062,99,0.002716,0.3828
13852000,378.522654,1065,99,0.001443,0.4062
13854000,377.074046,1070,93,0.001220,0.2812
13856000,373.861030,1072,92,0.002758,0.4062
13858000,380.591035,1070,97,0.002631,0.3594
13860000,385.402024,1058,87,0.002131,0.4141
13862000,378.823966,1054,95,0.001216,0.4297
13864000,376.558334,1033,132,0.002221,0.3359
13866000,373.385839,1045,106,0.002006,0.4453
13868000,375.257896,1053,110,0.003009,0.3359
13870000,376.511456,1060,104,0.002044,0.3359
13872000,368.379207,1033,121,0.001102,0.4531
13874000,366.117207,1018,115,0.003630,0.4141
13876000,366.804331,1023,115,0.004641,0.3750
13878000,369.901735,1024,105,0.007072,0.4219
13880000,368.919491,1030,102,0.004104,0.2969
13882000,368.407515,1046,101,0.005807,0.3594
13884000,368.201403,1063,77,0.003402,0.3047
13886000,362.936284,1029,118,0.004307,0.3672
13888000,366.116864,1052,87,0.004036,0.3203
13890000,362.795094,1023,120,0.003978,0.3594
13892000,360.603951,1023,112,0.003499,0.3594
13894000,366.588995,1040,105,0.003247,0.4453
13896000,368.366744,1062,95,0.001603,0.3750
13898000,371.437724,1071,83,0.000245,0.2812
13900000,361.867439,1062,82,0.000048,0.3438
13902000,362.703855,1063,99,0.002277,0.3672
13904000,361.904011,1039,96,0.001266,0.3438
13906000,358.470454,1042,88,0.001912,0.3672
13908000,356.509035,1035,99,0.000675,0.3281
13910000,358.666815,1044,80,0.000779,0.3672
13912000,359.620183,1034,102,0.001117,0.3203
13914000,358.906686,1035,92,0.002542,0.3359
13916000,358.480960,1039,105,0.004985,0.4609
13918000,352.547203,1014,107,0.002735,0.4141
13920000,354.782971,998,130,0.001287,0.4219
13922000,363.241275,1024,104,0.003517,0.3203
13924000,362.956264,1033,100,0.004131,0.4219
13926000,363.634215,1049,95,0.003812,0.3672
13928000,360.030636,1051,94,0.005677,0.3281
13930000,362.154311,1023,116,0.007462,0.4609
13932000,358.320150,1033,103,0.007742,0.3125
13934000,363.127499,1035,99,0.006275,0.3750
13936000,360.206887,1027,114,0.003764,0.4297
13938000,363.230827,1037,101,0.008280,0.3438
13940000,363.473963,1032,98,0.015434,0.3203
13942000,363.412638,1032,98,0.016759,0.3594
13944000,359.665575,1033,93,0.010548,0.3203
13946000,366.049603,1040,112,0.010023,0.3828
13948000,366.954240,1019,102,0.010839,0.3672
13950000,366.789294,995,123,0.008617,0.4531
13952000,364.956540,1029,97,0.010308,0.3828
13954000,369.118230,1040,109,0.009088,0.3047
13956000,371.594118,1054,96,0.007199,0.2812
13958000,378.746796,1088,91,0.008516,0.3672
13960000,381.443591,1087,83,0.008824,0.3984
13962000,384.628163,1089,90,0.008997,0.2969
13964000,387.030687,1075,93,0.008689,0.3125
13966000,383.563326,1075,84,0.008415,0.3047
13968000,384.377131,1054,87,0.009115,0.4375
13970000,384.558279,1064,89,0.019568,0.4219
13972000,382.877080,1062,89,0.023201,0.3438
13974000,381.949750,1064,95,0.024156,0.3750
13976000,384.207183,1077,96,0.027896,0.3359
13978000,385.924959,1084,93,0.041722,0.3125
13980000,387.354531,1075,99,0.034583,0.3359
13982000,383.899235,1063,104,0.030038,0.3984
13984000,380.252200,1038,101,0.034194,0.5156
13986000,378.846443,1065,92,0.034219,0.3281
13988000,379.708780,1051,96,0.034346,0.3516
13990000,378.235120,1051,111,0.035656,0.4375
13992000,380.377942,1079,91,0.035737,0.3203
13994000,372.806095,1076,96,0.034825,0.3203
13996000,377.662220,1053,115,0.043092,0.3672
13998000,378.508616,1079,97,0.048018,0.4062
14000000,375.081286,1066,98,0.040196,0.3281
14002000,376.895480,1075,90,0.044987,0.3750
14004000,381.212652,1075,88,0.047113,0.2266
14006000,382.222588,1103,76,0.033276,0.2734
14008000,386.436460,1116,78,0.031427,0.3203
14010000,383.778302,1094,92,0.045774,0.3047
14012000,381.204894,1085,87,0.043920,0.3672
14014000,378.877550,1061,91,0.047293,0.2812
14016000,381.158262,1056,90,0.048768,0.3594
14018000,385.287206,1078,96,0.040818,0.2891
14020000,387.664827,1088,82,0.045040,0.3359
14022000,377.781663,1078,95,0.039683,0.3359
14024000,376.219503,1066,99,0.036873,0.3203
14026000,377.698254,1079,102,0.037285,0.4219
14028000,387.236748,1073,100,0.042391,0.3672
14030000,391.157795,1066,100,0.039956,0.2734
14032000,392.308700,1089,83,0.043177,0.3047
14034000,391.544615,1066,94,0.044132,0.4375
14036000,380.399995,1082,93,0.036189,0.3828
14038000,377.070995,1059,91,0.032484,0.3203
14040000,380.937926,1065,109,0.028090,0.3672
14042000,375.289950,1064,92,0.030484,0.4062
14044000,383.005655,1083,94,0.028566,0.4844
14046000,382.018527,1065,100,0.029664,0.3516
14048000,374.034971,1034,117,0.021895,0.4688
14050000,378.763008,1049,103,0.030230,0.3359
14052000,379.308535,1081,90,0.028325,0.3984
14054000,384.293279,1090,86,0.024045,0.2969
14056000,385.577603,1104,85,0.025831,0.3203
14058000,379.126835,1074,94,0.024769,0.4219
14060000,373.267271,1090,86,0.026642,0.3516
14062000,371.504243,1069,97,0.028525,0.3750
14064000,369.350987,1074,87,0.026044,0.3281
14066000,377.201423,1048,95,0.028213,0.3516
14068000,378.118943,1017,114,0.020597,0.4062
14070000,377.446071,1050,100,0.015130,0.3438
14072000,376.989142,1050,104,0.014151,0.3984
14074000,370.150992,1051,95,0.011732,0.3438
14076000,373.631151,1046,98,0.010031,0.4062
14078000,390.582350,1063,94,0.006161,0.3203
14080000,384.416040,1077,92,0.009224,0.3516
14082000,382.591582,1084,91,0.001990,0.3047
14084000,381.746687,1081,82,0.004432,0.3281
14086000,378.239099,1092,77,0.002441,0.3125
14088000,377.578587,1103,97,0.001457,0.3203
14090000,379.614843,1093,88,0.003699,0.3672
14092000,374.964475,1077,88,0.002271,0.3828
14094000,373.118743,1099,82,0.002153,0.3594
14096000,373.083487,1105,85,0.003154,0.3672
14098000,376.069240,1088,84,0.008881,0.3828
14100000,368.754447,1052,88,0.007900,0.2891
14102000,369.331926,1062,100,0.012546,0.3906
14104000,362.499782,1037,105,0.016654,0.4141
14106000,365.584614,1044,108,0.019630,0.4375
14108000,374.350158,1060,89,0.015053,0.3047
14110000,376.393355,1084,79,0.006213,0.4141
14112000,367.136750,1069,77,0.011019,0.2891
14114000,367.278419,1052,113,0.012906,0.4062
14116000,371.161542,1059,113,0.021027,0.4062
14118000,370.165102,1052,106,0.017618,0.4219
14120000,374.610254,1045,102,0.019799,0.4609
14122000,381.989871,1050,99,0.020868,0.3906
14124000,380.464700,1051,109,0.020289,0.3672
14126000,377.370844,1032,104,0.022873,0.4453
14128000,379.842752,1024,116,0.019296,0.4688
14130000,384.571944,1065,112,0.016665,0.3594
14132000,383.276915,1060,100,0.012775,0.3594
14134000,378.095142,1058,99,0.013443,0.3359
14136000,380.797975,1083,92,0.014416,0.3047
14138000,387.606091,1058,105,0.014321,0.3281
14140000,382.706184,1050,100,0.013780,0.4062
14142000,380.531830,1064,102,0.010248,0.3359
14144000,378.120323,1087,86,0.008358,0.3359
14146000,375.225155,1095,87,0.003455,0.3828
14148000,375.435867,1055,103,0.005281,0.3359
14150000,374.498723,1060,110,0.002333,0.3984
14152000,366.352495,1043,94,0.001980,0.2734
14154000,362.805046,1054,87,0.002923,0.3281
14156000,357.702155,1022,115,0.004198,0.3203
14158000,358.800078,1009,121,0.002747,0.3672
14160000,370.460552,1057,112,0.003979,0.3047
14162000,366.144620,1029,116,0.003232,0.3672
14164000,365.151798,1037,98,0.001421,0.3203
14166000,369.794502,1057,97,0.004956,0.3359
14168000,373.393867,1063,100,0.008244,0.4297
14170000,368.436990,1057,86,0.005686,0.3438
14172000,372.890524,1072,79,0.004540,0.2422
14174000,374.896259,1062,104,0.003425,0.3438
14176000,376.814118,1041,106,0.001690,0.3594
14178000,373.631900,1040,107,0.002383,0.3828
14180000,378.704078,1071,97,0.000445,0.3516
14182000,377.628095,1065,88,0.000656,0.3438
14184000,375.016115,1067,93,0.002516,0.3828
14186000,370.739020,1075,97,0.001317,0.3750
14188000,369.388499,1053,107,0.000247,0.3594
14190000,367.858935,1070,91,0.002826,0.2188
14192000,375.682432,1073,102,0.006455,0.2969
14194000,376.570430,1054,112,0.006048,0.4375
14196000,377.589235,1051,105,0.007553,0.3906
14198000,377.961750,1054,108,0.007267,0.3750
14200000,378.044344,1056,108,0.007207,0.3594
14202000,371.923896,1044,91,0.004900,0.2734
14204000,375.963935,1053,94,0.004238,0.2734
14206000,380.043911,1072,103,0.005893,0.4141
14208000,372.129719,1042,104,0.015040,0.3984
14210000,371.967507,1052,96,0.020865,0.3125
14212000,370.286926,1037,111,0.019198,0.3906
14214000,370.573304,1019,125,0.017412,0.3906
14216000,373.012206,1042,95,0.022544,0.3672
14218000,372.712803,1067,101,0.025039,0.3750
14220000,378.977432,1076,89,0.026444,0.3281
14222000,378.953478,1061,88,0.014184,0.4297
14224000,377.333662,1047,110,0.015276,0.4062
14226000,378.660115,1044,106,0.013800,0.3984
14228000,381.467387,1080,98,0.016203,0.3516
14230000,381.290139,1053,109,0.016181,0.4297
14232000,385.352323,1052,98,0.010923,0.3438
14234000,380.461195,1065,93,0.013811,0.3438
14236000,377.291711,1075,73,0.017239,0.3047
14238000,381.796387,1084,88,0.019175,0.3672
14240000,379.032508,1091,84,0.018948,0.3828
14242000,375.793195,1083,91,0.017839,0.4062
14244000,374.641548,1066,96,0.014788,0.3672
14246000,367.703047,1050,110,0.011352,0.3828
14248000,369.599687,1072,100,0.006446,0.4688
14250000,382.908846,1094,82,0.005849,0.2812
14252000,386.639491,1089,86,0.005878,0.3594
14254000,376.825128,1075,102,0.018817,0.4297
14256000,380.030398,1094,92,0.011607,0.2969
14258000,376.708750,1079,95,0.012854,0.3984
14260000,387.313678,1084,97,0.011812,0.4375
14262000,378.964908,1064,95,0.010292,0.3750
14264000,380.882830,1075,94,0.009161,0.4453
14266000,375.624571,1056,102,0.012884,0.3828
14268000,371.092135,1053,124,0.015728,0.3516
14270000,369.526499,1067,119,0.018322,0.3672
14272000,363.899484,1033,107,0.019266,0.3906
14274000,365.020092,1038,116,0.021819,0.3516
14276000,368.321574,1032,105,0.021960,0.2188
14278000,373.464119,1054,102,0.020624,0.3906
14280000,371.949368,1060,98,0.012030,0.3594
14282000,367.091595,1057,100,0.012227,0.3672
14284000,367.288240,1060,102,0.006992,0.3906
14286000,364.710863,1043,118,0.006028,0.4219
14288000,363.993376,1042,102,0.007890,0.3438
14290000,362.985531,1041,92,0.005434,0.4141
14292000,368.159459,1048,95,0.004988,0.3359
14294000,371.961150,1050,97,0.003866,0.3438
14296000,371.635695,1063,87,0.003279,0.3125
14298000,380.469470,1060,97,0.002098,0.3125
14300000,377.862219,1075,91,0.001519,0.3438
14302000,379.164583,1074,94,0.003886,0.3750
14304000,379.428300,1073,86,0.004836,0.2578
14306000,383.293687,1071,89,0.006092,0.2969
14308000,393.158255,1103,91,0.013695,0.4688
14310000,386.538755,1076,83,0.013064,0.3906
14312000,383.613740,1063,87,0.016484,0.3828
14314000,389.387051,1052,88,0.008774,0.3516
14316000,390.120846,1061,106,0.011530,0.2812
14318000,381.384519,1058,99,0.006384,0.4297
14320000,379.396963,1075,91,0.006553,0.4297
14322000,374.891043,1044,107,0.006725,0.3672
14324000,384.011440,1045,125,0.007090,0.4609
14326000,383.477550,1049,106,0.010511,0.3906
14328000,375.261679,1066,104,0.009567,0.4141
14330000,371.875462,1064,100,0.006522,0.3750
14332000,377.758318,1067,100,0.007020,0.3594
14334000,370.410251,1073,102,0.015114,0.3828
14336000,367.358000,1058,99,0.016376,0.3359
14338000,365.238700,1049,118,0.013863,0.4141
14340000,367.641707,1045,99,0.012193,0.3906
14342000,372.019454,1086,86,0.011621,0.3203
14344000,374.854015,1063,107,0.014422,0.4375
14346000,374.079480,1055,87,0.015084,0.3828
14348000,365.591235,1038,100,0.017540,0.3438
14350000,367.730582,1042,104,0.020129,0.4141
14352000,371.337582,1075,100,0.019606,0.3906
14354000,365.216568,1038,108,0.021851,0.3906
14356000,360.808479,1064,96,0.025454,0.4297
14358000,354.703531,1038,82,0.021449,0.3594
14360000,359.093900,1058,90,0.021539,0.3203
14362000,359.941243,1048,110,0.019495,0.4062
14364000,357.522355,1028,111,0.013649,0.3281
14366000,355.453031,1036,103,0.012261,0.4062
14368000,356.172750,1054,99,0.022038,0.4062
14370000,354.688279,1044,112,0.018584,0.4141
14372000,356.263072,1039,116,0.021142,0.4453
14374000,348.547263,1045,109,0.017650,0.3672
14376000,358.286935,1084,95,0.020406,0.3516
14378000,359.638163,1063,83,0.028167,0.3203
14380000,362.545596,1061,93,0.026812,0.3516
14382000,366.297963,1061,99,0.036031,0.3906
14384000,368.865847,1065,95,0.039094,0.3516
14386000,369.524006,1048,111,0.033391,0.4062
14388000,367.955639,1041,110,0.023946,0.4219
14390000,359.641463,1022,103,0.026696,0.3281
14392000,364.561523,1038,102,0.034845,0.3359
14394000,362.702764,1035,92,0.033211,0.3125
14396000,356.275779,1024,110,0.024431,0.3594
14398000,353.905088,1028,97,0.029510,0.3906
14400000,357.354520,1034,99,0.020363,0.3125
14402000,356.166582,1034,98,0.022607,0.3438
14404000,356.649695,1030,104,0.032845,0.3594
14406000,360.562335,1038,91,0.031080,0.3516
14408000,356.251686,1014,95,0.020668,0.3359
14410000,360.143318,1039,93,0.024203,0.3203
14412000,368.804782,1017,136,0.034285,0.3750
14414000,367.064647,1037,105,0.025574,0.3984
14416000,363.701179,1011,101,0.025357,0.3984
14418000,362.165430,1022,126,0.026689,0.4141
14420000,366.535902,1048,91,0.030253,0.3516
14422000,367.628254,1036,97,0.028563,0.3828
14424000,369.111438,1042,104,0.029094,0.3438
14426000,371.245278,1046,102,0.034216,0.3906
14428000,375.983531,1055,110,0.037240,0.3672
14430000,374.681910,1043,106,0.028691,0.3906
14432000,371.775935,1049,107,0.035333,0.3438
14434000,375.972748,1063,87,0.030158,0.3281
14436000,379.565595,1055,96,0.030498,0.3672
14438000,382.815855,1062,85,0.031207,0.3359
14440000,386.588747,1082,81,0.020170,0.3750
14442000,393.155182,1079,88,0.027432,0.3672
14444000,390.535368,1070,97,0.029253,0.3672
14446000,392.089507,1094,104,0.025772,0.3359
14448000,386.127478,1090,95,0.029475,0.3438
14450000,379.301151,1089,98,0.032032,0.3438
14452000,374.389500,1056,101,0.023649,0.3672
14454000,382.116019,1069,90,0.019813,0.3203
14456000,383.117174,1075,90,0.023211,0.3047
14458000,385.302139,1056,105,0.034666,0.3594
14460000,383.390715,1074,89,0.022893,0.3438
14462000,377.937999,1064,100,0.027926,0.3594
14464000,375.013468,1059,110,0.028599,0.4219
14466000,379.697664,1042,97,0.025193,0.3594
14468000,380.680758,1057,111,0.023673,0.3906
14470000,378.780603,1071,95,0.021739,0.2969
14472000,382.368814,1071,108,0.021697,0.3438
14474000,385.509259,1073,98,0.015520,0.4531
14476000,382.248195,1069,101,0.013746,0.4062
14478000,383.368127,1074,90,0.017010,0.3516
14480000,374.239006,1063,93,0.013518,0.3750
14482000,373.878070,1063,84,0.014823,0.3359
14484000,374.526204,1071,102,0.016415,0.3828
14486000,373.099190,1060,105,0.013203,0.3984
14488000,367.801943,1067,100,0.012548,0.4844
14490000,368.875939,1082,87,0.010653,0.2422
14492000,367.577660,1070,100,0.008410,0.3594
14494000,365.217375,1062,88,0.008066,0.3672
14496000,367.319795,1067,93,0.007444,0.3828
14498000,361.200220,1057,83,0.004782,0.4219
14500000,358.679483,1058,98,0.002390,0.4375
14502000,351.257431,1042,98,0.003779,0.3750
14504000,361.356055,1050,113,0.004559,0.4609
14506000,358.266636,1043,102,0.004722,0.4219
14508000,355.707503,1021,99,0.008738,0.3906
14510000,358.356176,1026,107,0.009455,0.3750
14512000,354.792771,1026,109,0.009299,0.3984
14514000,356.643100,1027,107,0.010642,0.5547
14516000,354.186124,1038,117,0.008559,0.3438
14518000,352.477750,1042,102,0.004157,0.3125
14520000,354.593276,1056,95,0.003218,0.2891
14522000,348.921631,1047,101,0.000290,0.3906
14524000,351.924491,1034,101,0.000724,0.4141
14526000,347.995630,1045,109,0.000183,0.3203
14528000,343.188527,1009,114,0.001707,0.4688
14530000,350.872892,1042,113,0.003005,0.4219
14532000,356.902835,1045,106,0.000071,0.2969
14534000,355.907964,1049,98,0.000006,0.3672
14536000,355.282072,1046,91,0.000098,0.3906
14538000,359.457587,1038,100,0.000422,0.4062
14540000,359.908310,1036,106,0.000184,0.3438
14542000,361.884087,1052,93,0.000023,0.3750
14544000,364.330419,1034,91,0.000166,0.4062
14546000,365.549120,1035,113,0.000223,0.3750
14548000,372.767291,1076,96,0.000022,0.3672
14550000,375.145239,1072,96,0.000058,0.3828
14552000,373.860460,1086,93,0.001571,0.3359
14554000,374.772475,1091,89,0.002569,0.2578
14556000,375.720355,1074,94,0.002177,0.3516
14558000,377.518480,1075,86,0.003435,0.3438
14560000,373.473720,1067,102,0.001974,0.3047
14562000,377.928748,1087,89,0.000898,0.3906
14564000,374.159579,1057,114,0.004610,0.3281
14566000,374.320027,1071,90,0.003568,0.4141
14568000,375.460963,1067,88,0.007758,0.3359
14570000,373.734604,1080,89,0.006296,0.3281
14572000,374.710923,1057,101,0.013078,0.3359
14574000,369.191703,1045,101,0.010412,0.4141
14576000,366.597200,1043,103,0.012569,0.4531
14578000,356.610107,1057,103,0.006109,0.4062
14580000,354.902910,1050,92,0.005690,0.3203
14582000,358.059232,1062,76,0.007361,0.3906
14584000,359.113139,1039,87,0.006036,0.3438
14586000,357.505004,1025,99,0.008389,0.4297
14588000,362.459936,1040,106,0.014177,0.3828
14590000,368.220302,1059,96,0.013926,0.3359
14592000,371.729644,1048,113,0.010838,0.3125
14594000,373.720459,1051,113,0.011418,0.2891
14596000,371.460723,1070,113,0.007688,0.4766
14598000,377.093500,1060,107,0.009362,0.3750
14600000,375.625247,1089,91,0.015168,0.4141
14602000,377.717068,1085,91,0.018856,0.2969
14604000,381.381147,1076,93,0.015543,0.3906
14606000,379.284015,1076,103,0.012222,0.4609
14608000,373.380435,1067,101,0.017269,0.3984
14610000,374.726795,1068,93,0.019364,0.2578
14612000,370.345775,1062,105,0.028019,0.3281
14614000,379.650190,1083,90,0.027237,0.3047
14616000,377.740430,1086,69,0.024917,0.2891
14618000,375.183163,1065,83,0.020425,0.5234
14620000,381.727055,1080,86,0.015599,0.3359
14622000,385.492003,1088,102,0.014375,0.3672
14624000,389.665855,1075,96,0.023259,0.3516
14626000,393.850392,1083,84,0.031419,0.3516
14628000,393.148230,1071,89,0.031466,0.3359
14630000,391.504127,1094,78,0.033848,0.3672
14632000,391.669675,1068,100,0.039379,0.4141
14634000,391.533987,1093,88,0.035085,0.3672
14636000,386.456412,1063,102,0.029708,0.4062
14638000,389.350831,1075,96,0.024832,0.3281
14640000,379.299279,1098,98,0.028797,0.3594
14642000,377.408806,1090,88,0.009553,0.3438
14644000,378.009947,1078,85,0.012911,0.2891
14646000,385.666863,1107,68,0.012143,0.2891
14648000,383.823991,1096,77,0.014713,0.3594
14650000,380.751559,1084,98,0.011594,0.3203
14652000,377.706955,1078,93,0.010883,0.2656
14654000,379.269007,1060,104,0.010442,0.3672
14656000,375.986323,1068,91,0.010846,0.3359
14658000,371.175775,1069,92,0.012068,0.3359
14660000,374.581358,1073,98,0.013451,0.3672
14662000,377.064270,1078,91,0.005854,0.3594
14664000,381.009984,1076,87,0.008881,0.2969
14666000,376.157095,1062,115,0.015983,0.3516
14668000,370.713270,1050,102,0.016979,0.3828
14670000,377.913900,1053,92,0.025769,0.2734
14672000,377.495500,1059,88,0.028690,0.3203
14674000,380.826640,1082,86,0.030142,0.3516
14676000,382.535515,1083,95,0.022586,0.2891
14678000,391.321254,1098,82,0.022448,0.3828
14680000,399.161055,1099,93,0.024076,0.3203
14682000,391.202416,1102,86,0.019806,0.3828
14684000,394.438716,1091,94,0.032939,0.4453
14686000,399.192119,1076,99,0.030965,0.4297
14688000,400.538255,1092,93,0.027636,0.3359
14690000,386.579854,1088,82,0.027388,0.2891
14692000,381.160606,1065,102,0.018813,0.3750
14694000,382.384667,1064,110,0.017519,0.3906
14696000,376.224007,1071,100,0.019456,0.3984
14698000,373.190358,1064,93,0.013146,0.3281
14700000,372.941519,1069,88,0.022076,0.3125
14702000,377.354854,1075,104,0.019170,0.3906
14704000,377.507375,1065,94,0.020424,0.3594
14706000,378.801895,1071,101,0.018170,0.3125
14708000,381.618054,1085,90,0.019213,0.2812
14710000,380.845004,1092,87,0.026778,0.3516
14712000,390.400588,1086,101,0.027400,0.4219
14714000,394.135020,1092,102,0.028920,0.4609
14716000,393.497712,1098,90,0.019989,0.3750
14718000,393.596910,1099,100,0.019000,0.2969
14720000,391.002275,1105,96,0.017194,0.3047
14722000,390.483254,1100,89,0.015502,0.3203
14724000,392.423544,1115,84,0.018197,0.3047
14726000,394.686219,1114,92,0.023306,0.3203
14728000,387.043952,1078,112,0.023392,0.4141
14730000,382.867747,1061,102,0.020870,0.4062
14732000,386.911799,1064,108,0.027993,0.4141
14734000,385.594655,1077,106,0.025532,0.4297
14736000,383.559900,1074,83,0.018008,0.3359
14738000,384.174280,1076,90,0.028700,0.3750
14740000,390.220382,1092,81,0.023139,0.4453
14742000,384.229207,1066,91,0.021175,0.3125
14744000,383.347443,1069,107,0.018358,0.3672
14746000,387.187820,1086,99,0.017427,0.3594
14748000,392.437587,1092,100,0.020719,0.3516
14750000,393.593404,1108,83,0.025605,0.4062
14752000,394.439622,1106,89,0.014374,0.3359
14754000,395.427550,1109,81,0.018723,0.3203
14756000,390.358262,1110,85,0.019037,0.3516
14758000,392.853760,1101,93,0.010375,0.3438
14760000,388.275867,1110,91,0.012014,0.3281
14762000,383.092079,1106,95,0.012638,0.3125
14764000,385.237039,1121,79,0.011878,0.3047
14766000,389.091859,1109,85,0.013165,0.2734
14768000,387.040755,1112,80,0.011776,0.3125
14770000,390.417747,1110,77,0.018717,0.3438
14772000,394.832599,1081,92,0.013334,0.4141
14774000,388.374838,1066,78,0.013204,0.2969
14776000,384.465203,1085,85,0.009865,0.3906
14778000,381.606191,1058,102,0.006450,0.4219
14780000,380.084443,1045,119,0.007633,0.4297
14782000,380.223175,1062,102,0.009831,0.2969
14784000,375.305408,1073,94,0.010425,0.3047
14786000,378.815615,1070,98,0.006661,0.3516
14788000,376.927983,1080,89,0.009232,0.2969
14790000,382.127984,1081,97,0.005273,0.2812
14792000,376.566867,1061,98,0.007575,0.3594
14794000,371.833110,1057,89,0.007285,0.3516
14796000,375.226460,1055,102,0.005733,0.3359
14798000,371.305548,1057,92,0.007622,0.2812
14800000,366.942076,1055,88,0.005374,0.3203
14802000,372.030140,1080,85,0.003842,0.2578
14804000,376.969960,1093,76,0.002548,0.2812
14806000,375.384590,1073,99,0.003496,0.3672
14808000,379.969680,1089,88,0.002884,0.3125
14810000,375.306571,1074,89,0.002854,0.4062
14812000,381.161052,1082,94,0.003866,0.3672
14814000,377.403694,1074,86,0.003907,0.4062
14816000,375.559375,1076,83,0.000598,0.2891
14818000,384.723000,1076,95,0.000253,0.2812
14820000,381.308750,1055,114,0.001907,0.3359
14822000,379.788315,1063,111,0.001077,0.3125
14824000,385.129008,1083,79,0.000858,0.3281
14826000,378.406134,1057,105,0.000202,0.2969
14828000,378.067350,1056,98,0.000767,0.3594
14830000,373.470428,1045,102,0.002478,0.2812
14832000,364.691339,1028,107,0.001398,0.3828
14834000,362.529375,1023,114,0.002402,0.4531
14836000,363.310147,1026,106,0.001883,0.3203
14838000,361.090335,1050,103,0.001965,0.4375
14840000,359.663798,1042,104,0.001235,0.3203
14842000,362.878892,1041,103,0.000427,0.3906
14844000,356.169915,1029,107,0.001833,0.3125
14846000,358.430750,1029,105,0.002277,0.3906
14848000,359.766595,1048,90,0.003241,0.3516
14850000,362.245055,1054,109,0.001176,0.3125
14852000,367.664300,1063,97,0.001284,0.4375
14854000,374.823912,1070,89,0.000161,0.4688
14856000,375.237791,1070,92,0.000969,0.4375
14858000,367.504600,1053,97,0.000328,0.4062
14860000,372.018503,1071,105,0.000323,0.3203
14862000,369.662515,1058,99,0.000246,0.3125
14864000,376.531950,1066,108,0.000278,0.3906
14866000,373.162739,1065,101,0.000669,0.3438
14868000,370.708875,1085,92,0.000766,0.3906
14870000,374.938940,1096,85,0.000093,0.3047
14872000,370.576323,1081,86,0.000377,0.3438
14874000,371.164774,1076,94,0.000007,0.4141
14876000,365.833815,1073,84,0.000084,0.4297
14878000,372.200902,1085,92,0.000931,0.3438
14880000,376.458703,1095,88,0.000261,0.2812
14882000,378.919135,1073,103,0.000484,0.3281
14884000,377.042547,1072,105,0.001828,0.3438
14886000,376.900054,1065,101,0.001353,0.5000
14888000,377.146851,1090,77,0.001494,0.4062
14890000,375.410095,1072,97,0.002896,0.3438
14892000,379.688140,1056,101,0.000231,0.3906
14894000,371.742783,1075,95,0.000287,0.3984
14896000,378.107574,1080,105,0.000684,0.3281
14898000,372.910732,1092,90,0.004281,0.3359
14900000,372.770390,1073,82,0.002027,0.3750
14902000,362.320875,1067,103,0.001356,0.2969
14904000,364.957230,1060,87,0.001381,0.3672
14906000,364.926108,1056,91,0.001771,0.3906
14908000,368.598300,1041,102,0.000600,0.3281
14910000,363.561598,1050,103,0.000076,0.3203
14912000,366.452718,1040,106,0.001617,0.3438
14914000,368.861743,1060,99,0.001959,0.3984
14916000,369.165071,1065,109,0.002046,0.4297
14918000,360.417308,1044,115,0.004938,0.3594
14920000,365.778480,1049,95,0.005567,0.4141
14922000,365.529867,1022,107,0.003368,0.4062
14924000,361.548704,1049,106,0.007682,0.4219
14926000,364.026775,1063,92,0.007435,0.3047
14928000,374.420215,1071,93,0.007335,0.3438
14930000,371.401563,1067,98,0.005501,0.3359
14932000,372.268054,1073,105,0.003130,0.3906
14934000,377.779040,1101,92,0.002273,0.3516
14936000,388.314860,1079,106,0.005333,0.3984
14938000,384.854846,1099,87,0.007306,0.3438
14940000,388.956447,1105,76,0.006260,0.3672
14942000,389.899715,1099,81,0.007327,0.3828
14944000,386.780430,1101,70,0.004444,0.3438
14946000,376.237519,1073,87,0.006554,0.3359
14948000,380.731295,1076,97,0.006802,0.4375
14950000,371.241310,1068,100,0.006972,0.3438
14952000,371.463575,1056,107,0.009509,0.4688
14954000,372.554828,1053,85,0.011216,0.3359
14956000,372.271195,1050,111,0.008536,0.3594
14958000,375.876435,1064,98,0.008501,0.3203
14960000,377.177223,1062,107,0.009206,0.3984
14962000,372.568635,1044,100,0.006496,0.3906
14964000,369.510310,1047,109,0.005346,0.3516
14966000,365.879710,1064,101,0.006104,0.4141
14968000,369.253539,1066,83,0.004822,0.3750
14970000,367.102076,1058,85,0.008239,0.4531
14972000,370.047472,1060,86,0.009911,0.2969
14974000,373.425950,1075,90,0.016856,0.3125
14976000,376.512376,1073,83,0.009502,0.3359
14978000,370.527094,1065,92,0.007031,0.2812
14980000,368.521591,1052,96,0.004360,0.3750
14982000,360.808780,1046,96,0.006623,0.4219
14984000,360.951462,1054,92,0.004023,0.3281
14986000,352.312238,1038,111,0.003180,0.3594
14988000,356.613742,1049,75,0.002291,0.3438
14990000,355.487040,1055,81,0.007043,0.4141
14992000,358.773183,1050,95,0.007320,0.3594
14994000,359.734230,1066,95,0.013193,0.3438
14996000,357.535336,1042,100,0.007020,0.4141
14998000,361.484636,1059,90,0.008686,0.3594
15000000,360.591359,1038,107,0.004558,0.3828
15002000,357.043980,1034,104,0.009116,0.3359
15004000,366.480062,1046,97,0.009040,0.3047
15006000,362.290435,1037,108,0.009311,0.4219
15008000,361.474712,1039,107,0.008801,0.3672
15010000,362.984830,1044,100,0.005960,0.4844
15012000,360.902140,1042,94,0.008689,0.4219
15014000,361.351831,1047,97,0.011680,0.3984
15016000,361.341631,1055,92,0.010999,0.3047
15018000,356.127276,1034,109,0.010842,0.3906
15020000,360.679688,1047,103,0.010386,0.3047
15022000,360.652615,1053,107,0.010933,0.3984
15024000,364.926543,1062,118,0.007743,0.3984
15026000,363.553622,1073,100,0.007913,0.4531
15028000,355.823356,1055,109,0.007298,0.3359
15030000,356.150430,1052,108,0.011424,0.3828
15032000,364.526731,1066,104,0.012282,0.3203
15034000,360.298174,1065,102,0.006951,0.4453
15036000,358.925507,1092,99,0.004646,0.4141
15038000,359.735452,1077,86,0.007642,0.2734
15040000,362.447676,1070,96,0.007959,0.3672
15042000,368.855715,1066,107,0.009295,0.3516
15044000,370.836808,1089,73,0.008420,0.3438
15046000,372.790215,1094,78,0.011112,0.3516
15048000,373.672355,1076,84,0.018286,0.3516
15050000,364.751863,1074,89,0.011862,0.4141
15052000,367.395811,1056,104,0.014653,0.3438
15054000,368.149000,1034,121,0.012779,0.3203
15056000,369.280168,1053,107,0.011038,0.3047
15058000,367.224464,1056,85,0.007883,0.3281
15060000,367.318463,1057,91,0.009160,0.3125
15062000,369.572183,1043,100,0.009401,0.4609
15064000,360.121115,1035,109,0.004313,0.3359
15066000,363.782488,1050,100,0.002232,0.3438
15068000,362.139910,1034,94,0.005732,0.3594
15070000,368.769923,1046,101,0.005230,0.4219
15072000,365.132296,1052,106,0.007215,0.3906
15074000,366.956140,1045,95,0.006768,0.3203
15076000,366.946558,1034,108,0.010251,0.2812
15078000,368.374716,1056,104,0.013379,0.4375
15080000,370.256839,1044,105,0.008969,0.4375
15082000,369.091320,1033,109,0.011609,0.4141
15084000,369.087147,1027,109,0.012631,0.4922
15086000,371.221358,1038,103,0.011343,0.3125
15088000,361.937624,1030,105,0.008428,0.3516
15090000,361.457867,1020,122,0.008378,0.3438
15092000,362.860543,1022,115,0.013162,0.4375
15094000,360.954355,1017,105,0.009955,0.3984
15096000,363.260171,1034,93,0.014042,0.3984
15098000,362.219750,1015,97,0.018182,0.3125
15100000,359.151150,1043,113,0.015640,0.3906
15102000,363.604128,1036,108,0.014204,0.4219
15104000,368.427534,1024,112,0.018671,0.3125
15106000,371.889431,1049,101,0.021916,0.3203
15108000,375.195167,1075,95,0.022310,0.4141
15110000,373.787148,1063,94,0.020897,0.3281
15112000,365.772343,1056,78,0.017569,0.4297
15114000,362.671070,1065,97,0.012625,0.3359
15116000,367.682831,1070,87,0.011335,0.4609
15118000,372.970923,1059,104,0.012230,0.4219
15120000,368.035383,1060,107,0.014621,0.3125
15122000,367.063694,1075,97,0.017951,0.3516
15124000,373.985419,1079,95,0.015076,0.3594
15126000,374.142294,1089,88,0.013649,0.3594
15128000,371.167350,1067,99,0.012513,0.4219
15130000,376.083852,1068,85,0.009403,0.4297
15132000,373.186600,1088,78,0.012077,0.2969
15134000,377.814839,1081,89,0.010077,0.2969
15136000,372.300559,1066,87,0.006770,0.3359
15138000,372.272920,1058,101,0.002778,0.5078
15140000,380.223686,1071,92,0.003853,0.3281
15142000,380.911910,1058,114,0.007182,0.4219
15144000,380.450615,1084,101,0.006268,0.4297
15146000,377.221099,1100,91,0.006780,0.3125
15148000,383.467975,1102,86,0.009286,0.3906
15150000,377.770838,1079,96,0.003826,0.2969
15152000,375.180806,1058,101,0.002852,0.4062
15154000,385.267256,1097,84,0.004988,0.3047
15156000,375.279854,1089,90,0.008098,0.3203
15158000,370.228142,1074,90,0.009860,0.3438
15160000,372.525915,1061,101,0.011955,0.4453
15162000,372.875755,1054,99,0.005941,0.3828
15164000,375.277159,1037,105,0.007228,0.3203
15166000,373.946110,1059,85,0.008440,0.2812
15168000,366.357382,1058,101,0.007638,0.3438
15170000,363.000460,1024,115,0.012255,0.2656
15172000,366.934910,1029,103,0.011398,0.3906
15174000,365.413403,1026,129,0.010442,0.3984
15176000,376.991198,1051,98,0.017184,0.3828
15178000,372.307896,1045,94,0.017865,0.4297
15180000,368.435907,1078,76,0.015237,0.3359
15182000,371.944551,1072,89,0.018882,0.2656
15184000,367.782526,1090,84,0.017027,0.3203
15186000,364.802483,1061,106,0.017362,0.3359
15188000,364.343536,1072,91,0.013723,0.3438
15190000,363.499120,1065,107,0.012440,0.3516
15192000,362.457355,1039,108,0.006994,0.4453
15194000,361.740167,1030,99,0.007715,0.2656
15196000,362.552691,1033,108,0.011811,0.4297
15198000,361.551500,1055,101,0.019294,0.3203
15200000,364.721167,1044,111,0.012714,0.3438
15202000,360.504062,1043,103,0.013943,0.3750
15204000,362.627855,1049,120,0.013179,0.3750
15206000,364.737822,1048,92,0.013518,0.3984
15208000,365.600075,1054,88,0.012710,0.3359
15210000,356.337983,1058,93,0.010644,0.3906
15212000,356.467775,1045,104,0.007314,0.2891
15214000,358.311974,1048,96,0.008569,0.4219
15216000,357.479063,1052,106,0.004263,0.4297
15218000,351.870595,1046,97,0.005885,0.3516
15220000,354.869150,1044,91,0.005702,0.3906
15222000,350.363160,1052,86,0.003969,0.2578
15224000,356.904375,1062,86,0.003924,0.4219
15226000,355.126011,1057,97,0.001985,0.4062
15228000,352.743175,1069,85,0.002388,0.2656
15230000,357.304275,1049,93,0.004375,0.2422
15232000,355.539128,1053,94,0.005302,0.3438
15234000,358.820447,1045,96,0.007102,0.3828
15236000,360.864716,1045,94,0.004127,0.3594
15238000,363.659175,1056,90,0.007137,0.3906
15240000,360.733382,1058,99,0.006984,0.3438
15242000,361.097179,1063,99,0.009696,0.4297
15244000,363.347486,1078,86,0.011827,0.4141
15246000,362.735691,1073,91,0.013712,0.2500
15248000,368.092375,1095,83,0.013080,0.3359
15250000,366.093375,1075,82,0.011592,0.2656
15252000,360.041339,1056,100,0.006932,0.3516
15254000,367.165855,1080,106,0.009449,0.3984
15256000,362.172120,1072,98,0.009355,0.3984
15258000,366.862119,1065,88,0.009591,0.3281
15260000,364.137527,1062,92,0.010105,0.3672
15262000,362.932764,1048,100,0.009330,0.3984
15264000,370.295715,1066,91,0.007385,0.3438
15266000,375.786375,1061,100,0.008370,0.3906
15268000,372.597775,1034,112,0.006724,0.3359
15270000,365.045430,1056,94,0.006133,0.4375
15272000,362.441467,1071,92,0.004730,0.3750
15274000,368.342783,1085,84,0.004934,0.3203
15276000,371.053470,1069,88,0.008668,0.3516
15278000,375.612567,1071,86,0.008336,0.3516
15280000,375.961760,1084,79,0.007374,0.3359
15282000,366.561083,1057,94,0.005274,0.3203
15284000,367.672347,1063,98,0.004529,0.3828
15286000,367.014975,1031,116,0.012304,0.3516
15288000,361.447907,1050,97,0.012033,0.3047
15290000,366.109798,1066,88,0.012378,0.4219
15292000,366.924844,1056,94,0.013915,0.3984
15294000,365.149036,1061,86,0.014525,0.3281
15296000,364.033548,1065,100,0.013681,0.5234
15298000,357.965974,1060,88,0.008576,0.3047
15300000,360.413735,1060,87,0.013000,0.4531
15302000,360.209414,1069,76,0.012630,0.2422
15304000,366.012603,1071,86,0.011377,0.3281
15306000,360.976031,1077,95,0.013250,0.3125
15308000,365.309372,1081,92,0.011770,0.3906
15310000,370.744486,1079,92,0.014292,0.3438
15312000,372.363960,1062,99,0.019516,0.3125
15314000,375.211822,1065,101,0.017709,0.4062
15316000,367.927868,1069,99,0.023632,0.4062
15318000,361.523344,1054,108,0.020907,0.4062
15320000,362.202043,1035,110,0.017270,0.3828
15322000,373.149255,1032,100,0.009076,0.3047
15324000,369.649286,1024,104,0.015440,0.3203
15326000,371.096652,1032,119,0.013675,0.3047
15328000,364.821215,1045,103,0.011172,0.4141
15330000,363.202252,1043,106,0.005236,0.2969
15332000,363.010188,1061,101,0.002972,0.2969
15334000,359.010008,1036,124,0.000869,0.4531
15336000,366.709215,1040,122,0.003184,0.4609
15338000,378.354302,1061,100,0.009493,0.3203
15340000,375.149302,1057,105,0.007703,0.3672
15342000,375.342767,1063,84,0.006527,0.3828
15344000,375.118518,1058,98,0.004072,0.4062
15346000,368.440070,1058,101,0.006387,0.3203
15348000,363.305710,1059,102,0.007280,0.3516
15350000,363.302003,1055,90,0.007554,0.3750
15352000,366.147574,1038,97,0.004007,0.3438
15354000,362.261707,1032,108,0.002609,0.3984
15356000,357.771923,1026,111,0.001168,0.2656
15358000,357.634744,1032,107,0.001937,0.3047
15360000,361.179867,1028,116,0.004059,0.3438
15362000,356.653436,1022,102,0.003940,0.3281
15364000,359.551532,1032,111,0.005641,0.4453
15366000,361.637724,1035,110,0.002898,0.4766
15368000,366.815820,1040,95,0.006722,0.4141
15370000,365.028651,1063,93,0.005576,0.3906
15372000,365.457008,1056,88,0.010378,0.3125
15374000,364.648886,1037,110,0.010051,0.3516
15376000,364.875372,1043,97,0.002299,0.2422
15378000,366.972967,1059,92,0.000640,0.3906
15380000,371.297015,1083,88,0.000132,0.3281
15382000,364.628155,1044,108,0.000321,0.3281
15384000,363.133276,1052,112,0.001101,0.4219
15386000,365.738088,1043,99,0.001078,0.4062
15388000,361.831011,1038,107,0.003018,0.4219
15390000,366.264086,1057,103,0.001035,0.4062
15392000,358.394903,1059,105,0.003778,0.4688
15394000,356.794438,1055,98,0.001245,0.3438
15396000,362.539582,1056,108,0.000946,0.3672
15398000,360.764134,1046,109,0.001381,0.4922
15400000,367.076055,1057,111,0.000988,0.3516
15402000,371.741971,1063,103,0.000722,0.3672
15404000,373.469532,1036,115,0.000246,0.4844
15406000,372.369863,1042,113,0.000479,0.3594
15408000,369.486827,1032,114,0.000401,0.4453
15410000,373.039643,1032,121,0.001491,0.4062
15412000,383.028220,1057,119,0.001720,0.4141
15414000,381.816790,1063,106,0.008154,0.4688
15416000,376.932844,1066,95,0.006842,0.3438
15418000,373.189391,1052,112,0.003134,0.3203
15420000,373.967110,1061,102,0.000522,0.2969
15422000,372.700879,1051,96,0.000124,0.3672
15424000,365.985211,1047,112,0.000401,0.4922
15426000,364.479139,1047,94,0.000808,0.4531
15428000,365.952092,1034,116,0.000208,0.4375
15430000,365.577123,1044,102,0.000005,0.3438
15432000,371.372364,1058,98,0.000127,0.2734
15434000,371.495654,1075,113,0.000343,0.3672
15436000,369.515804,1069,104,0.000795,0.4531
15438000,365.876271,1071,101,0.002624,0.4531
15440000,365.426975,1051,93,0.003568,0.3516
15442000,362.614063,1048,92,0.000460,0.3516
15444000,371.335327,1056,91,0.002257,0.3125
15446000,359.706039,1031,119,0.002374,0.3828
15448000,368.038719,1051,90,0.005156,0.4453
15450000,367.068398,1032,100,0.001588,0.3359
15452000,363.403990,1051,97,0.001760,0.3047
15454000,362.212094,1051,88,0.001851,0.2734
15456000,362.083391,1030,105,0.005126,0.3516
15458000,364.110126,1041,104,0.001611,0.4062
15460000,369.641951,1058,110,0.001132,0.3438
15462000,368.523116,1066,99,0.000265,0.3281
15464000,372.392875,1043,109,0.000120,0.3359
15466000,370.885870,1075,98,0.000065,0.3828
15468000,366.804883,1073,81,0.000732,0.3438
15470000,366.277088,1080,88,0.001289,0.4766
15472000,368.708286,1071,84,0.000996,0.3672
15474000,366.828006,1053,83,0.000531,0.3984
15476000,362.048156,1035,106,0.000265,0.4062
15478000,363.851751,1037,112,0.004756,0.3672
15480000,358.634759,1032,118,0.001861,0.4141
15482000,361.585463,1051,100,0.001725,0.3203
15484000,361.348060,1041,86,0.001307,0.4141
15486000,364.255875,1058,82,0.001165,0.3125
15488000,364.903607,1057,87,0.002141,0.3359
15490000,367.489340,1042,113,0.003120,0.3359
15492000,361.027995,1011,119,0.003635,0.4141
15494000,360.109019,1031,109,0.002972,0.3203
15496000,356.809900,1022,108,0.002269,0.3672
15498000,357.855839,1040,102,0.002119,0.3750
15500000,355.490316,1013,112,0.003800,0.3047
15502000,350.138095,1023,111,0.004192,0.3516
15504000,357.160007,1060,113,0.004233,0.3047
15506000,356.922659,1047,115,0.001306,0.3984
15508000,353.835548,1033,116,0.001757,0.4219
15510000,356.099283,1038,98,0.002977,0.3516
15512000,361.510430,1043,106,0.002438,0.3516
15514000,368.428080,1051,89,0.004634,0.3438
15516000,373.506507,1080,83,0.008848,0.2812
15518000,369.177372,1072,80,0.005151,0.3672
15520000,365.466071,1051,103,0.006281,0.4219
15522000,367.418231,1064,92,0.004073,0.3359
15524000,367.845676,1071,97,0.001257,0.3906
15526000,367.103960,1061,95,0.001828,0.2969
15528000,360.768387,1044,102,0.001202,0.3672
15530000,362.259838,1050,85,0.000122,0.3828
15532000,362.382819,1027,110,0.000490,0.3281
15534000,362.342892,1036,99,0.000866,0.3828
15536000,368.260758,1057,92,0.001585,0.3750
15538000,372.535502,1057,98,0.002277,0.3516
15540000,369.705086,1055,95,0.000559,0.4141
15542000,374.923054,1051,107,0.002106,0.4141
15544000,384.504939,1072,92,0.000702,0.3906
15546000,383.679096,1049,113,0.001824,0.3672
15548000,384.209307,1057,114,0.002036,0.4922
15550000,373.959038,1040,113,0.001128,0.4531
15552000,375.725836,1033,109,0.005624,0.3672
15554000,374.753600,1035,91,0.002552,0.3984
15556000,381.738655,1056,89,0.001453,0.4141
15558000,384.044875,1050,103,0.001790,0.3750
15560000,381.633488,1078,87,0.000715,0.3594
15562000,384.212211,1063,94,0.000926,0.4219
15564000,388.252294,1087,86,0.000698,0.3594
15566000,386.835315,1072,91,0.000746,0.3750
15568000,387.453548,1064,104,0.000667,0.3594
15570000,384.566600,1063,102,0.001187,0.3906
15572000,388.407662,1071,112,0.004018,0.3984
15574000,390.420040,1076,97,0.006707,0.2812
15576000,386.988204,1063,113,0.003911,0.3516
15578000,388.421286,1097,93,0.001904,0.3203
15580000,375.296583,1058,105,0.002219,0.3906
15582000,376.631387,1053,98,0.002202,0.3984
15584000,378.810979,1044,105,0.003156,0.4219
15586000,376.615070,1066,91,0.002876,0.3438
15588000,375.553115,1043,101,0.004326,0.3828
15590000,373.164264,1045,101,0.004860,0.3438
15592000,378.467340,1015,114,0.004610,0.5078
15594000,372.638566,1031,110,0.002984,0.4375
15596000,374.092286,1035,118,0.009948,0.3438
15598000,371.542022,1040,106,0.007192,0.4219
15600000,370.485020,1035,116,0.004148,0.3750
15602000,374.356790,1042,107,0.005187,0.3516
15604000,373.948166,1062,99,0.004920,0.3281
15606000,375.688870,1048,100,0.003220,0.4141
15608000,373.457243,1054,92,0.002367,0.4141
15610000,376.649559,1013,124,0.002927,0.2891
15612000,369.750510,1011,123,0.001195,0.4062
15614000,369.509030,1011,121,0.000786,0.3750
15616000,361.292728,1001,121,0.000408,0.4922
15618000,352.789343,997,121,0.000178,0.4219
15620000,363.234775,1019,116,0.000067,0.3438
15622000,359.148015,1023,104,0.000586,0.4062
15624000,364.625180,1026,105,0.000060,0.3828
15626000,358.889160,1037,101,0.001156,0.3984
15628000,355.833687,1048,112,0.001409,0.3281
15630000,349.016615,1024,103,0.002626,0.4453
15632000,357.902375,1064,97,0.002485,0.4609
15634000,358.076211,1067,95,0.004686,0.4219
15636000,353.352430,1058,87,0.002764,0.3828
15638000,359.640376,1051,103,0.002801,0.3281
15640000,353.300591,1022,106,0.000796,0.4062
15642000,362.398604,1062,76,0.001654,0.2500
15644000,362.460832,1042,98,0.002499,0.4375
15646000,362.127915,1031,108,0.003685,0.3516
15648000,368.310108,1043,104,0.004713,0.3984
15650000,368.467110,1040,101,0.005540,0.4297
15652000,369.981806,1066,90,0.000398,0.5469
15654000,372.720055,1081,89,0.000297,0.3594
15656000,363.539760,1058,108,0.000842,0.3750
15658000,362.626047,1047,102,0.000314,0.3359
15660000,363.464028,1058,104,0.000549,0.3438
15662000,366.504828,1055,103,0.000418,0.3516
15664000,366.100863,1072,93,0.001129,0.3516
15666000,371.958686,1064,88,0.001788,0.3438
15668000,371.623327,1046,89,0.001617,0.3906
15670000,375.252531,1060,94,0.001843,0.3203
15672000,377.227495,1056,94,0.000810,0.3594
15674000,372.673646,1063,101,0.000031,0.3516
15676000,370.865710,1068,94,0.000175,0.3281
15678000,368.424219,1038,109,0.000064,0.3438
15680000,369.133351,1049,95,0.000479,0.3672
15682000,370.454982,1050,98,0.001046,0.3125
15684000,364.136079,1030,108,0.003506,0.4453
15686000,368.116659,1054,93,0.002904,0.3359
15688000,366.442019,1051,104,0.005059,0.2891
15690000,366.900611,1043,99,0.003918,0.3594
15692000,375.254183,1078,70,0.005000,0.3281
15694000,375.769627,1074,90,0.006706,0.2969
15696000,368.643275,1051,88,0.005355,0.4922
15698000,364.153579,1040,115,0.005227,0.4453
15700000,361.506150,1039,103,0.004199,0.3672
15702000,362.158028,1043,85,0.007834,0.3359
15704000,357.121660,1023,114,0.006198,0.3984
15706000,358.773046,1025,113,0.004633,0.3125
15708000,360.277227,1044,113,0.004176,0.3984
15710000,361.175728,1067,90,0.003536,0.3359
15712000,362.761472,1079,88,0.001351,0.4453
15714000,363.149638,1084,80,0.003073,0.3594
15716000,362.741159,1067,91,0.001355,0.3906
15718000,363.444019,1066,89,0.001344,0.3281
15720000,363.019644,1056,93,0.000580,0.3828
15722000,365.137344,1074,79,0.000734,0.3594
15724000,364.010300,1063,99,0.000896,0.3047
15726000,361.934332,1057,94,0.001334,0.2656
15728000,355.931500,1065,87,0.000201,0.3906
15730000,351.611807,1045,104,0.000585,0.3438
15732000,353.362328,1031,112,0.000302,0.4609
15734000,361.226095,1024,119,0.000526,0.4453
15736000,354.544872,1021,120,0.000990,0.3984
15738000,354.491070,1021,103,0.000051,0.4297
15740000,362.155840,1026,117,0.000589,0.4219
15742000,358.513487,1032,98,0.001896,0.3672
15744000,358.425280,1027,109,0.000743,0.3594
15746000,359.322840,1022,114,0.000522,0.3906
15748000,364.880683,1067,102,0.001693,0.3594
15750000,366.365755,1072,82,0.001343,0.3516
15752000,369.538051,1099,83,0.004414,0.2812
15754000,371.427950,1077,87,0.002561,0.2656
15756000,373.136875,1052,97,0.000423,0.3516
15758000,373.432735,1049,95,0.000850,0.2344
15760000,367.858471,1053,85,0.000322,0.2891
15762000,365.189795,1047,105,0.000854,0.2812
15764000,357.651870,1023,116,0.000614,0.4453
15766000,364.279819,1036,100,0.000040,0.3594
15768000,362.708814,1054,101,0.001339,0.3828
15770000,362.901822,1049,99,0.004023,0.2734
15772000,365.175943,1047,94,0.003892,0.3516
15774000,367.514803,1068,98,0.002418,0.3516
15776000,378.870766,1068,114,0.002181,0.3359
15778000,380.929331,1082,91,0.001944,0.3281
15780000,378.185847,1092,88,0.003666,0.2734
15782000,378.191180,1084,94,0.004910,0.3203
15784000,379.459595,1092,89,0.003497,0.3359
15786000,372.976156,1072,90,0.000508,0.3125
15788000,372.737456,1084,91,0.001938,0.3750
15790000,378.007743,1076,84,0.005865,0.3359
15792000,378.713775,1080,88,0.007919,0.3281
15794000,368.729870,1090,78,0.007727,0.3516
15796000,368.918940,1089,83,0.005716,0.3750
15798000,365.450659,1070,82,0.010133,0.2812
15800000,377.388038,1087,92,0.010236,0.3984
15802000,373.374595,1083,83,0.009173,0.3594
15804000,372.246827,1084,75,0.007667,0.3906
15806000,373.581747,1055,85,0.007967,0.3906
15808000,368.604800,1045,104,0.010249,0.3125
15810000,370.783692,1054,113,0.014273,0.3438
15812000,374.128275,1057,106,0.018712,0.3203
15814000,377.838094,1059,103,0.020203,0.3828
15816000,379.176000,1092,90,0.018132,0.3281
15818000,376.013331,1078,99,0.017139,0.2656
15820000,372.476188,1048,108,0.015611,0.3203
15822000,366.144747,1036,117,0.014544,0.3359
15824000,367.679867,1033,107,0.014629,0.3125
15826000,370.543915,1018,116,0.016095,0.3672
15828000,368.906495,1045,90,0.023031,0.3438
15830000,369.607231,1055,99,0.022871,0.4141
15832000,371.792454,1065,87,0.022262,0.4297
15834000,378.709263,1055,105,0.020276,0.4297
15836000,375.300254,1070,88,0.010468,0.3359
15838000,367.908171,1068,89,0.004695,0.3203
15840000,363.733179,1076,84,0.006397,0.2969
15842000,359.154444,1059,82,0.004849,0.3828
15844000,365.664374,1059,93,0.006665,0.3906
15846000,364.892390,1052,87,0.009415,0.3125
15848000,362.347927,1039,99,0.006163,0.3203
15850000,366.293196,1035,119,0.009056,0.3906
15852000,356.090175,1056,98,0.005189,0.3672
15854000,356.511596,1053,97,0.004387,0.3828
15856000,358.423068,1029,96,0.004297,0.3906
15858000,360.273206,1047,101,0.005744,0.3125
15860000,356.092291,1061,98,0.002461,0.3281
15862000,366.517438,1084,77,0.000785,0.3281
15864000,361.251075,1057,94,0.000492,0.4219
15866000,353.173375,1045,100,0.001406,0.4219
15868000,354.453207,1047,85,0.000278,0.3281
15870000,365.875624,1069,106,0.000267,0.4375
15872000,359.440768,1058,97,0.000052,0.3984
15874000,366.539331,1048,92,0.000333,0.3359
15876000,370.631995,1053,94,0.000512,0.3047
15878000,374.742763,1085,78,0.002130,0.2578
15880000,372.004284,1054,104,0.000592,0.3906
15882000,368.008739,1075,96,0.000284,0.3203
15884000,365.221416,1049,104,0.002259,0.3672
15886000,370.303374,1058,111,0.004280,0.3047
15888000,368.400524,1049,109,0.003291,0.4375
15890000,365.669304,1052,95,0.004124,0.3438
15892000,358.213963,1060,96,0.001320,0.4062
15894000,361.480975,1078,82,0.004290,0.2969
15896000,366.509838,1065,89,0.000571,0.4219
15898000,371.882207,1053,109,0.000707,0.3828
15900000,369.529407,1054,117,0.002245,0.3984
15902000,367.817159,1042,118,0.002691,0.3750
15904000,370.124862,1044,99,0.005340,0.3359
15906000,375.558839,1084,88,0.004182,0.2812
15908000,379.972912,1091,87,0.005012,0.2656
15910000,377.289075,1086,107,0.013222,0.3125
15912000,379.238670,1057,109,0.015437,0.4141
15914000,387.777056,1066,104,0.013618,0.4219
15916000,379.109080,1062,109,0.020607,0.3594
15918000,367.466380,1030,105,0.018242,0.3750
15920000,368.927736,1027,118,0.020511,0.4219
15922000,363.533759,1032,107,0.016446,0.3438
15924000,373.505310,1042,104,0.010880,0.3281
15926000,373.622446,1051,93,0.010163,0.3281
15928000,368.551368,1047,99,0.005878,0.3750
15930000,366.805142,1049,96,0.007565,0.2812
15932000,368.861535,1032,108,0.006327,0.4375
15934000,373.748071,1048,94,0.009033,0.3359
15936000,372.076350,1070,101,0.014696,0.3750
15938000,370.246220,1069,90,0.016102,0.3672
15940000,369.038910,1036,99,0.008566,0.3438
15942000,368.260175,1054,101,0.009743,0.3828
15944000,366.257942,1050,100,0.007957,0.3438
15946000,361.014310,1040,112,0.008314,0.3359
15948000,366.940416,1065,99,0.014063,0.3359
15950000,365.578504,1060,98,0.018164,0.3594
15952000,365.787928,1062,92,0.008010,0.3047
15954000,362.870419,1072,87,0.007941,0.2891
15956000,357.299455,1063,109,0.009111,0.3828
15958000,358.329047,1050,97,0.007198,0.2734
15960000,358.703499,1040,108,0.009542,0.3750
15962000,360.121326,1044,97,0.006016,0.3125
15964000,353.141740,1036,106,0.006647,0.2891
15966000,358.110716,1065,101,0.006255,0.3125
15968000,358.796478,1041,111,0.007656,0.3516
15970000,358.762295,1036,105,0.011961,0.3516
15972000,360.110035,1043,112,0.014179,0.3672
15974000,361.821454,1061,87,0.009212,0.3516
15976000,366.551910,1045,91,0.009286,0.3828
15978000,364.984510,1036,113,0.014430,0.4844
15980000,369.338363,1047,111,0.011459,0.3828
15982000,370.833635,1070,109,0.010947,0.5625
15984000,367.995575,1063,107,0.004613,0.4219
15986000,370.969420,1051,111,0.004855,0.4062
15988000,374.561415,1058,109,0.006220,0.3828
15990000,373.490047,1071,97,0.003448,0.3750
15992000,379.345934,1068,87,0.003451,0.3359
15994000,372.797943,1078,100,0.003073,0.3594
15996000,371.959552,1036,106,0.002608,0.3672
15998000,367.395036,1038,104,0.002737,0.4375
16000000,367.790332,1036,97,0.002283,0.3828
16002000,357.214496,1027,113,0.000782,0.3203
16004000,356.721870,1046,107,0.001144,0.3125
16006000,359.803820,1045,90,0.000615,0.4062
16008000,352.793495,1039,111,0.000732,0.3516
16010000,360.852206,1047,101,0.001262,0.3828
16012000,358.752224,1059,93,0.004204,0.3672
16014000,363.643395,1072,78,0.002819,0.3516
16016000,364.069148,1074,97,0.004744,0.3359
16018000,368.565040,1056,106,0.003557,0.4297
16020000,362.378107,1046,121,0.005558,0.2812
16022000,356.749291,1050,113,0.007935,0.4062
16024000,357.142668,1046,104,0.003357,0.3047
16026000,364.483030,1051,96,0.003189,0.3984
16028000,365.327803,1071,94,0.007367,0.3906
16030000,363.411067,1054,81,0.007675,0.3047
16032000,363.168967,1059,98,0.005488,0.3203
16034000,356.583184,1040,103,0.010029,0.3281
16036000,356.736591,1043,106,0.014415,0.4219
16038000,358.348351,1037,109,0.017209,0.3906
16040000,357.911195,1052,87,0.015996,0.2812
16042000,355.459135,1032,96,0.015770,0.3438
16044000,353.092103,1018,106,0.015241,0.3438
16046000,351.536743,1029,94,0.007109,0.3438
16048000,350.555088,1038,102,0.004016,0.4688
16050000,354.390800,1049,102,0.002064,0.3906
16052000,350.551750,1036,97,0.002783,0.3672
16054000,356.433383,1028,103,0.007554,0.3359
16056000,358.508966,1052,100,0.007292,0.3906
16058000,356.009959,1049,92,0.010223,0.3828
16060000,359.042547,1056,104,0.011189,0.3672
16062000,363.236590,1044,98,0.008457,0.3594
16064000,355.727475,1007,122,0.012039,0.5000
16066000,362.136860,1031,107,0.007656,0.5391
16068000,362.728300,1059,91,0.009229,0.3750
16070000,367.389580,1053,91,0.009941,0.3203
16072000,366.245611,1064,95,0.011271,0.3984
16074000,364.450075,1040,103,0.008946,0.3438
16076000,366.217803,1054,100,0.014124,0.2656
16078000,370.405375,1031,109,0.020041,0.3672
16080000,378.911755,1066,91,0.023585,0.3750
16082000,367.240380,1033,104,0.019355,0.3359
16084000,360.450283,1040,111,0.015172,0.3438
16086000,359.888588,1040,98,0.018962,0.3984
16088000,358.137159,1036,99,0.010761,0.3906
16090000,361.701995,1050,97,0.005656,0.3672
16092000,356.801163,1038,101,0.010609,0.3984
16094000,368.192795,1047,109,0.012424,0.3281
16096000,366.360063,1032,98,0.007346,0.4375
16098000,366.624080,1064,83,0.011543,0.3594
16100000,369.688079,1055,105,0.007990,0.2734
16102000,368.299219,1045,105,0.005067,0.3750
16104000,368.247356,1043,105,0.007251,0.3359
16106000,372.698592,1047,101,0.006629,0.3516
16108000,370.260455,1050,102,0.005646,0.3672
16110000,366.445375,1045,100,0.001900,0.3828
16112000,371.714812,1057,98,0.001380,0.4375
16114000,368.497275,1038,81,0.001892,0.3750
16116000,365.970359,1040,95,0.004235,0.3516
16118000,366.961910,1044,98,0.005741,0.3906
16120000,365.703039,1045,100,0.004238,0.3125
16122000,360.266103,1043,90,0.001853,0.3359
16124000,371.714427,1075,76,0.004243,0.3125
16126000,362.563663,1067,86,0.003041,0.3047
16128000,364.592844,1069,93,0.004205,0.3203
16130000,364.422976,1075,83,0.003395,0.3594
16132000,367.585688,1059,89,0.002907,0.3438
16134000,364.946774,1041,98,0.001595,0.3594
16136000,371.208270,1057,92,0.003782,0.3203
16138000,373.528688,1049,110,0.003250,0.4688
16140000,371.764540,1060,97,0.004267,0.4531
16142000,364.787100,1069,84,0.005179,0.3359
16144000,367.492038,1049,96,0.004489,0.3906
16146000,368.297875,1045,96,0.003532,0.2734
16148000,363.374807,1039,100,0.001723,0.3359
16150000,363.611007,1036,112,0.001089,0.4375
16152000,361.975091,1013,124,0.003794,0.4609
16154000,365.321951,1032,110,0.005540,0.4297
16156000,366.986622,1029,101,0.004103,0.3672
16158000,362.466831,1036,97,0.008824,0.3438
16160000,373.116230,1041,90,0.010416,0.3984
16162000,365.520111,1028,88,0.013414,0.4062
16164000,364.767519,1045,105,0.008223,0.4219
16166000,369.278518,1048,115,0.012379,0.3828
16168000,367.218807,1066,100,0.008602,0.3359
16170000,365.682510,1068,87,0.011022,0.3516
16172000,364.504271,1018,116,0.014238,0.4844
16174000,364.425243,1038,104,0.012429,0.3672
16176000,363.005494,1048,102,0.005425,0.4141
16178000,364.341496,1065,85,0.006042,0.2578
16180000,370.424179,1056,107,0.008917,0.3516
16182000,369.990083,1048,106,0.008255,0.5000
16184000,367.998304,1050,88,0.011463,0.3828
16186000,363.124203,1063,96,0.010663,0.2578
16188000,363.419407,1067,104,0.009113,0.3203
16190000,361.702862,1069,94,0.008239,0.3750
16192000,362.887870,1030,112,0.009847,0.3516
16194000,358.953599,1046,99,0.010095,0.4062
16196000,361.431926,1039,103,0.012326,0.3828
16198000,366.048156,1052,99,0.012199,0.2266
16200000,361.874664,1028,101,0.016489,0.3203
16202000,375.319915,1053,113,0.015063,0.3203
16204000,380.859067,1079,90,0.009730,0.2891
16206000,381.161820,1084,87,0.011264,0.2734
16208000,381.552295,1077,96,0.019380,0.3438
16210000,377.733883,1071,99,0.016128,0.3672
16212000,380.133099,1077,100,0.016610,0.3750
16214000,380.091676,1092,96,0.018649,0.3594
16216000,379.027680,1062,95,0.013106,0.3203
16218000,374.275584,1052,105,0.016216,0.3906
16220000,379.310302,1063,104,0.019366,0.3906
16222000,380.644975,1070,97,0.018765,0.3984
16224000,375.665383,1069,99,0.015115,0.3047
16226000,374.337750,1037,115,0.010795,0.4375
16228000,364.725590,1044,104,0.013883,0.3047
16230000,366.187643,1046,105,0.009201,0.3203
16232000,370.194800,1060,96,0.011991,0.3281
16234000,371.430030,1056,89,0.009573,0.2734
16236000,376.661035,1076,94,0.010338,0.2812
16238000,374.556444,1049,106,0.014307,0.3906
16240000,374.819111,1061,100,0.016886,0.3203
16242000,376.911415,1045,107,0.017375,0.3359
16244000,368.408683,1074,94,0.014950,0.3281
16246000,376.939276,1093,91,0.011376,0.3750
16248000,371.700814,1070,90,0.015614,0.2422
16250000,376.465991,1061,103,0.016980,0.3672
16252000,379.567020,1086,84,0.013231,0.4297
16254000,374.323822,1087,87,0.010854,0.3672
16256000,384.019039,1103,78,0.009763,0.2969
16258000,378.775399,1069,94,0.013116,0.3594
16260000,376.093740,1057,95,0.014750,0.3750
16262000,371.703430,1052,111,0.008564,0.3359
16264000,372.505128,1054,101,0.011628,0.3125
16266000,371.968150,1073,94,0.011397,0.3828
16268000,372.120495,1072,99,0.010629,0.3516
16270000,372.567928,1078,94,0.010943,0.2891
16272000,369.564830,1081,101,0.008822,0.3672
16274000,370.152982,1081,108,0.013230,0.2500
16276000,365.454060,1068,91,0.010204,0.3203
16278000,360.203907,1054,90,0.016135,0.2891
16280000,358.240451,1034,109,0.011800,0.3047
16282000,357.140379,1040,89,0.012295,0.2422
16284000,357.965559,1041,102,0.009790,0.3672
16286000,361.938510,1035,95,0.008062,0.2969
16288000,358.660272,1043,103,0.008251,0.2344
16290000,359.824734,1039,93,0.011244,0.4141
16292000,361.032076,1038,105,0.011598,0.3281
16294000,361.370055,1055,100,0.009577,0.3125
16296000,363.306451,1081,92,0.006589,0.3438
16298000,357.666227,1058,107,0.005606,0.3438
16300000,356.117131,1074,82,0.005858,0.2734
16302000,358.176075,1026,117,0.006465,0.4062
16304000,361.680215,1041,103,0.007440,0.4297
16306000,358.946860,1041,102,0.007309,0.3828
16308000,364.397750,1067,86,0.009101,0.3516
16310000,362.465367,1045,95,0.013053,0.3672
16312000,358.501375,1062,87,0.012743,0.4062
16314000,358.885180,1051,93,0.013303,0.4453
16316000,360.453371,1037,97,0.018622,0.3203
16318000,360.630195,1036,106,0.014846,0.4766
16320000,361.639926,1036,97,0.009203,0.3828
16322000,357.045599,1024,97,0.007439,0.3828
16324000,356.076070,1032,107,0.013782,0.4297
16326000,356.274795,1040,98,0.017325,0.4297
16328000,357.335148,1052,91,0.018879,0.3047
16330000,362.362070,1055,93,0.009232,0.3047
16332000,362.941070,1040,98,0.007693,0.3594
16334000,361.936958,1017,101,0.008587,0.3984
16336000,357.864942,1020,113,0.007577,0.3203
16338000,353.834640,1033,89,0.007515,0.3438
16340000,358.532871,1038,114,0.007345,0.3750
16342000,356.853174,1026,111,0.004259,0.3594
16344000,355.154607,1012,120,0.005309,0.3516
16346000,354.927720,1034,105,0.005809,0.4531
16348000,357.731507,1053,103,0.007924,0.3281
16350000,355.509340,1040,95,0.009433,0.3906
16352000,354.684380,1036,111,0.007282,0.4297
16354000,358.085958,1042,103,0.008841,0.3438
16356000,353.802835,1040,98,0.006995,0.4453
16358000,355.195887,1060,94,0.004426,0.4062
16360000,354.652475,1054,93,0.004053,0.2500
16362000,356.656092,1053,98,0.003081,0.3281
16364000,357.682255,1053,105,0.001988,0.2812
16366000,360.357614,1061,106,0.001809,0.3828
16368000,360.840832,1064,107,0.001971,0.3594
16370000,364.196392,1068,110,0.001065,0.3750
16372000,363.907612,1069,105,0.001104,0.4141
16374000,373.601206,1078,98,0.002466,0.3594
16376000,374.142691,1068,98,0.003942,0.2891
16378000,376.629750,1079,97,0.003490,0.3750
16380000,375.082060,1081,86,0.003313,0.3750
16382000,380.012803,1097,82,0.006788,0.3828
16384000,373.884011,1086,104,0.003014,0.4297
16386000,366.276903,1079,85,0.003857,0.3281
16388000,367.396459,1065,95,0.005088,0.3750
16390000,368.474439,1065,111,0.006825,0.3359
16392000,361.917374,1047,105,0.003231,0.4062
16394000,358.878920,1049,104,0.001915,0.3984
16396000,360.531851,1040,121,0.003251,0.3594
16398000,361.704531,1045,119,0.004142,0.4219
16400000,361.021358,1065,101,0.004924,0.3984
16402000,359.784931,1045,104,0.003209,0.3594
16404000,354.617916,1046,95,0.003824,0.3281
16406000,359.755979,1064,99,0.002168,0.3828
16408000,362.807587,1064,84,0.002073,0.3281
16410000,360.664284,1037,105,0.004592,0.3828
16412000,357.412359,1014,124,0.003485,0.2891
16414000,359.566766,1037,122,0.006440,0.3672
16416000,354.002015,1038,105,0.004984,0.3281
16418000,355.273351,1024,107,0.010765,0.3594
16420000,362.737110,1028,99,0.008799,0.3125
16422000,352.673959,1026,92,0.008051,0.4297
16424000,356.638862,1040,100,0.012405,0.3438
16426000,358.128779,1041,106,0.005732,0.4766
16428000,362.779950,1057,95,0.002850,0.2969
16430000,367.045000,1061,87,0.003441,0.3359
16432000,364.705775,1071,92,0.003833,0.3516
16434000,356.451507,1058,94,0.012500,0.3906
16436000,351.956118,1045,100,0.011875,0.3281
16438000,353.167355,1035,114,0.010324,0.4922
16440000,350.800459,1015,109,0.011635,0.3984
16442000,352.422471,1013,121,0.010364,0.4375
16444000,349.117436,1016,119,0.007725,0.3750
16446000,353.224374,1054,95,0.005390,0.3672
16448000,362.577328,1065,102,0.004669,0.4062
16450000,353.464616,1042,105,0.001116,0.3984
16452000,354.156732,1040,109,0.001827,0.3984
16454000,358.635704,1056,102,0.002592,0.3594
16456000,362.520763,1043,95,0.003301,0.3359
16458000,356.844864,1056,89,0.002725,0.3594
16460000,362.250227,1074,95,0.001330,0.3672
16462000,356.853099,1059,95,0.002495,0.3125
16464000,358.801542,1060,111,0.003126,0.4062
16466000,362.704918,1051,87,0.002705,0.3750
16468000,358.575022,1050,95,0.001348,0.3125
16470000,360.019710,1042,92,0.000795,0.3359
16472000,363.416630,1041,95,0.003404,0.3438
16474000,363.023335,1049,86,0.003958,0.4297
16476000,368.868310,1055,96,0.001851,0.2891
16478000,367.786630,1036,90,0.002011,0.3594
16480000,364.894476,1044,95,0.003180,0.3906
16482000,363.558344,1052,94,0.002521,0.2969
16484000,363.389126,1035,119,0.002335,0.4141
16486000,359.521103,1021,126,0.001552,0.5312
16488000,360.836142,1047,106,0.001722,0.4453
16490000,364.435047,1058,97,0.005329,0.3906
16492000,369.953535,1043,111,0.009169,0.4375
16494000,364.399671,1039,101,0.011595,0.4141
16496000,360.668998,1026,100,0.010501,0.3906
16498000,365.383163,1022,109,0.009343,0.3359
16500000,359.079174,1020,94,0.009711,0.3281
16502000,354.415403,1011,111,0.006474,0.4688
16504000,363.162075,1036,105,0.005691,0.3516
16506000,363.211271,1049,94,0.006431,0.3281
16508000,362.957800,1047,100,0.007542,0.4375
16510000,366.727696,1067,89,0.010310,0.4375
16512000,365.111840,1058,89,0.011858,0.3438
16514000,368.699510,1073,86,0.013032,0.3438
16516000,378.823296,1056,101,0.020401,0.3906
16518000,372.631004,1054,109,0.017707,0.4062
16520000,368.412419,1030,108,0.025785,0.4531
16522000,365.482691,1034,118,0.018360,0.4844
16524000,363.382124,1022,110,0.014441,0.3750
16526000,358.348854,1010,115,0.011253,0.3672
16528000,360.634430,1035,115,0.010059,0.3672
16530000,358.337191,1024,121,0.009867,0.3594
16532000,366.554491,1038,115,0.015328,0.3984
16534000,364.949254,1051,88,0.019821,0.3516
16536000,360.936971,1058,79,0.017335,0.3594
16538000,358.758400,1027,112,0.018708,0.3203
16540000,363.505487,1022,105,0.019837,0.3438
16542000,361.266076,1008,128,0.021819,0.4062
16544000,357.743055,1022,118,0.022957,0.3828
16546000,354.736736,1025,117,0.017753,0.4141
16548000,361.027759,1036,99,0.024224,0.4219
16550000,358.096566,1032,109,0.031780,0.5000
16552000,360.643235,1042,102,0.026951,0.4453
16554000,356.704563,1029,106,0.020532,0.3672
16556000,361.213446,1069,79,0.021823,0.2969
16558000,357.626572,1054,91,0.012018,0.3203
16560000,363.286235,1056,98,0.010809,0.3984
16562000,365.417487,1072,93,0.021318,0.3438
16564000,364.172374,1075,88,0.024020,0.2891
16566000,367.088966,1066,86,0.021290,0.2969
16568000,370.172142,1067,99,0.015647,0.2812
16570000,369.504887,1070,100,0.016249,0.3906
16572000,367.390790,1082,106,0.025597,0.3672
16574000,373.806206,1061,101,0.021233,0.2891
16576000,376.412780,1056,90,0.020330,0.4453
16578000,374.595459,1044,102,0.018725,0.3984
16580000,376.276910,1071,89,0.010106,0.3438
16582000,377.849547,1045,87,0.014302,0.3516
16584000,375.988519,1054,115,0.014158,0.4219
16586000,373.210846,1048,95,0.010993,0.3984
16588000,377.921516,1053,95,0.007406,0.3672
16590000,375.219919,1044,92,0.007603,0.4141
16592000,373.386942,1067,94,0.006738,0.3125
16594000,380.484495,1073,92,0.004478,0.3672
16596000,384.327070,1048,88,0.007269,0.3750
16598000,384.681510,1057,90,0.008247,0.3906
16600000,371.347895,1049,110,0.018093,0.3906
16602000,379.622222,1046,103,0.013636,0.3828
16604000,376.089587,1031,123,0.015879,0.4609
16606000,377.427052,1061,98,0.019150,0.2422
16608000,380.262268,1073,102,0.017693,0.4141
16610000,380.509214,1052,98,0.010698,0.2969
16612000,376.391148,1042,102,0.011591,0.4375
16614000,384.634615,1077,92,0.006061,0.3438
16616000,389.614443,1059,101,0.006201,0.3750
16618000,384.094008,1046,99,0.006564,0.4297
16620000,392.106247,1035,97,0.011155,0.2969
16622000,373.782552,1030,105,0.016515,0.3203
16624000,375.155254,1023,119,0.012467,0.3359
16626000,376.464967,1045,98,0.013130,0.3828
16628000,372.371614,1036,118,0.012727,0.3594
16630000,370.116486,1039,101,0.018635,0.3750
16632000,369.900203,1014,123,0.014700,0.4219
16634000,371.511240,1037,119,0.014548,0.4062
16636000,371.893598,1036,108,0.009965,0.3828
16638000,370.537664,1036,104,0.010516,0.3203
16640000,371.318598,1049,116,0.004826,0.3750
16642000,374.202188,1061,109,0.008818,0.4062
16644000,375.402008,1056,98,0.009471,0.3203
16646000,373.693803,1054,92,0.010453,0.3281
16648000,373.356547,1049,110,0.010204,0.5312
16650000,379.992694,1069,109,0.012004,0.4219
16652000,370.120886,1058,117,0.015074,0.3906
16654000,366.864815,1057,111,0.009760,0.3438
16656000,374.359059,1061,99,0.004937,0.2891
16658000,374.430190,1065,96,0.007440,0.3516
16660000,365.767446,1057,108,0.011425,0.3594
16662000,372.020783,1053,100,0.008144,0.3750
16664000,380.279870,1073,89,0.011871,0.4297
16666000,376.904511,1086,94,0.022327,0.2891
16668000,366.101942,1075,82,0.013832,0.3125
16670000,369.931567,1074,103,0.016887,0.3047
16672000,373.900504,1072,92,0.017379,0.3594
16674000,364.135567,1057,106,0.008825,0.4141
16676000,359.817411,1051,107,0.010445,0.3672
16678000,359.731452,1062,92,0.011886,0.3750
16680000,366.708764,1041,104,0.015005,0.3984
16682000,363.494060,1026,104,0.010653,0.3438
16684000,361.159107,1055,98,0.007322,0.4375
16686000,365.112366,1061,95,0.009640,0.3516
16688000,364.008844,1058,97,0.010458,0.3516
16690000,366.365120,1056,97,0.010521,0.4375
16692000,367.317855,1056,96,0.006701,0.3047
16694000,365.899414,1046,91,0.007431,0.3047
16696000,359.398563,1035,119,0.006999,0.4297
16698000,358.985980,1033,102,0.011592,0.3672
16700000,361.227630,1045,80,0.012647,0.3203
16702000,362.305559,1048,95,0.011660,0.3359
16704000,354.656204,1043,108,0.003790,0.4609
16706000,357.613516,1043,116,0.008205,0.3594
16708000,362.074755,1055,105,0.011388,0.3672
16710000,362.207856,1058,99,0.011085,0.4141
16712000,365.805910,1039,92,0.004524,0.2969
16714000,362.443135,1040,107,0.005898,0.4297
16716000,359.840391,1044,106,0.006283,0.3203
16718000,363.432748,1034,102,0.009016,0.3984
16720000,366.489411,1053,101,0.008349,0.3438
16722000,367.339123,1067,98,0.012981,0.3828
16724000,368.035411,1060,101,0.011163,0.3672
16726000,367.488555,1057,90,0.005427,0.3125
16728000,368.120871,1056,99,0.004502,0.3125
16730000,370.101955,1057,94,0.002756,0.3516
16732000,372.738451,1049,106,0.001216,0.3750
16734000,377.785179,1046,105,0.005940,0.4219
16736000,378.384355,1040,99,0.003771,0.3594
16738000,380.034175,1060,92,0.002515,0.3750
16740000,377.735520,1039,101,0.004574,0.3516
16742000,376.732131,1034,120,0.005567,0.4141
16744000,378.357150,1047,101,0.007250,0.3672
16746000,378.948240,1055,102,0.008530,0.2891
16748000,378.769740,1062,90,0.010334,0.3359
16750000,380.727374,1093,94,0.005993,0.4453
16752000,379.987843,1081,97,0.012130,0.2656
16754000,378.319932,1064,107,0.005301,0.2969
16756000,380.026908,1053,103,0.009874,0.4297
16758000,378.062600,1085,106,0.006716,0.3516
16760000,375.806030,1078,89,0.007438,0.3906
16762000,380.300587,1085,96,0.005618,0.2500
16764000,379.077711,1068,104,0.006449,0.3906
16766000,380.038063,1081,97,0.006799,0.2578
16768000,384.135495,1087,90,0.005655,0.3516
16770000,385.138926,1098,97,0.005130,0.2891
16772000,386.450851,1097,78,0.004190,0.3906
16774000,381.280499,1076,84,0.001997,0.2812
16776000,375.302780,1072,98,0.003715,0.3281
16778000,370.813563,1061,106,0.002603,0.4453
16780000,370.186239,1062,103,0.002148,0.3750
16782000,373.960686,1047,113,0.003302,0.5078
16784000,375.310987,1043,110,0.000941,0.4297
16786000,373.008899,1055,106,0.001507,0.2891
16788000,375.919199,1068,90,0.002889,0.3281
16790000,379.889215,1091,91,0.002998,0.3047
16792000,374.495740,1065,94,0.002892,0.4453
16794000,376.873155,1058,93,0.002064,0.3516
16796000,376.445879,1057,98,0.004092,0.3828
16798000,372.983103,1092,86,0.001575,0.3828
16800000,376.854172,1079,94,0.002809,0.3672
16802000,378.640019,1072,98,0.002020,0.3672
16804000,374.570875,1078,95,0.002185,0.4141
16806000,373.324723,1079,88,0.000652,0.3047
16808000,377.601134,1067,99,0.000771,0.3906
16810000,370.470307,1073,107,0.000248,0.3203
16812000,373.410475,1075,93,0.000306,0.3438
16814000,362.901526,1074,94,0.000950,0.3516
16816000,360.078739,1060,105,0.001897,0.4062
16818000,363.456715,1055,102,0.000259,0.3281
16820000,366.452963,1048,106,0.000366,0.3750
16822000,378.768958,1039,111,0.001729,0.3438
16824000,376.951871,1046,95,0.000807,0.3594
16826000,377.783339,1072,98,0.003563,0.3438
16828000,374.193926,1059,99,0.001155,0.3750
16830000,375.890931,1061,90,0.002529,0.3203
16832000,375.890675,1054,111,0.002219,0.3750
16834000,371.768755,1077,87,0.003833,0.3047
16836000,373.693468,1080,85,0.001556,0.3047
16838000,374.933756,1051,109,0.003921,0.3203
16840000,370.714959,1058,99,0.008193,0.3594
16842000,376.281454,1083,100,0.011769,0.3828
16844000,376.655015,1069,95,0.006667,0.3516
16846000,373.240798,1070,84,0.006082,0.2734
16848000,368.691582,1042,103,0.010270,0.3828
16850000,371.422543,1069,95,0.009681,0.3594
16852000,373.406699,1061,96,0.009909,0.4219
16854000,377.927059,1079,97,0.009364,0.4062
16856000,372.154406,1043,112,0.011475,0.3125
16858000,375.447607,1042,105,0.009092,0.3750
16860000,371.053324,1053,109,0.009218,0.3125
16862000,361.351390,1027,116,0.010662,0.3828
16864000,364.037139,1024,106,0.015928,0.4062
16866000,356.782871,1030,92,0.013411,0.4453
16868000,351.905463,1041,107,0.011549,0.4062
16870000,354.202267,1049,86,0.012861,0.3906
16872000,357.503320,1054,99,0.008242,0.3281
16874000,355.744851,1036,106,0.009122,0.4219
16876000,354.586499,1047,100,0.009015,0.3672
16878000,359.528327,1036,110,0.012361,0.3516
16880000,356.406300,1054,95,0.017594,0.3203
16882000,355.257031,1037,95,0.017889,0.3125
16884000,359.329388,1052,96,0.016148,0.3594
16886000,358.656552,1043,92,0.020835,0.3047
16888000,353.408758,1034,118,0.015099,0.3828
16890000,354.013278,1042,118,0.015627,0.4453
16892000,361.245870,1047,110,0.017208,0.3281
16894000,370.819299,1044,112,0.020503,0.3906
16896000,361.903567,1026,86,0.021457,0.3594
16898000,359.594715,1031,113,0.032352,0.4062
16900000,361.074990,1023,112,0.022373,0.3125
16902000,364.034947,1050,102,0.023589,0.3516
16904000,364.416727,1047,102,0.029615,0.4141
16906000,369.611510,1062,93,0.016140,0.3359
16908000,368.878999,1064,103,0.011433,0.3203
16910000,366.890798,1064,93,0.006781,0.3438
16912000,363.300867,1054,95,0.003928,0.4141
16914000,363.223776,1070,102,0.009443,0.3906
16916000,359.359547,1055,94,0.006744,0.3438
16918000,358.308755,1040,113,0.007339,0.3984
16920000,361.286007,1060,75,0.006405,0.3906
16922000,357.458715,1039,115,0.004980,0.3125
16924000,362.368958,1048,105,0.009121,0.3516
16926000,360.067830,1025,124,0.009762,0.3047
16928000,360.553340,1026,121,0.014251,0.3281
16930000,367.229219,1070,98,0.012807,0.4531
16932000,368.949219,1056,103,0.013666,0.3672
16934000,374.421479,1061,92,0.017989,0.4141
16936000,371.668078,1062,92,0.010721,0.4062
16938000,378.739662,1082,86,0.013780,0.3047
16940000,374.039894,1075,83,0.011205,0.3281
16942000,375.016940,1080,107,0.010541,0.4219
16944000,377.397675,1092,98,0.008047,0.3438
16946000,372.920136,1083,83,0.009517,0.2969
16948000,373.962526,1095,90,0.010500,0.2969
16950000,377.584672,1066,93,0.008243,0.4609
16952000,374.337051,1072,97,0.003353,0.3516
16954000,372.341054,1048,97,0.004429,0.3359
16956000,376.826134,1053,90,0.005196,0.4141
16958000,371.763975,1050,94,0.005563,0.3438
16960000,373.828044,1051,95,0.006112,0.4375
16962000,374.655296,1038,120,0.004942,0.4766
16964000,376.946374,1035,100,0.001163,0.3203
16966000,376.959307,1043,97,0.002323,0.3672
16968000,368.758955,1025,108,0.004404,0.3516
16970000,367.082860,1064,84,0.003625,0.3906
16972000,366.531171,1063,95,0.004775,0.4531
16974000,367.869375,1054,84,0.001378,0.2812
16976000,363.949135,1032,92,0.001758,0.3438
16978000,359.553904,1005,127,0.000173,0.5391
16980000,362.350190,1013,103,0.000432,0.4219
16982000,365.430915,1028,112,0.000366,0.3594
16984000,360.353975,1045,120,0.000591,0.4453
16986000,361.164470,1040,111,0.000077,0.3281
16988000,359.418215,1022,94,0.000211,0.4453
16990000,361.179470,1039,93,0.000113,0.3438
16992000,365.812334,1035,98,0.001684,0.4453
16994000,364.600875,1033,104,0.000321,0.3438
16996000,367.753223,1054,91,0.001378,0.4297
16998000,369.908760,1066,93,0.002362,0.3047
17000000,358.384024,1049,116,0.002880,0.4141
17002000,366.783355,1050,119,0.002578,0.3438
17004000,369.607384,1058,106,0.001622,0.3984
17006000,365.731934,1053,111,0.001248,0.3750
17008000,370.668044,1037,117,0.000545,0.4219
17010000,365.231611,1048,102,0.001149,0.3672
17012000,372.355484,1059,102,0.000744,0.3750
17014000,377.235671,1067,89,0.002406,0.3516
17016000,375.916107,1062,91,0.003762,0.3906
17018000,373.587691,1062,96,0.003142,0.3281
17020000,371.410647,1031,112,0.003602,0.4141
17022000,371.899819,1063,84,0.004642,0.3281
17024000,368.761771,1060,104,0.003137,0.3359
17026000,373.268415,1066,90,0.002650,0.3984
17028000,372.819344,1057,107,0.002052,0.3203
17030000,379.063072,1060,118,0.004379,0.4297
17032000,374.225359,1063,103,0.005592,0.4453
17034000,372.378630,1065,88,0.002797,0.3516
17036000,371.187119,1064,83,0.002954,0.3750
17038000,367.902622,1069,86,0.000577,0.2891
17040000,370.111014,1059,96,0.000164,0.3984
17042000,373.279320,1063,94,0.000173,0.3125
17044000,379.913715,1061,105,0.000489,0.2812
17046000,383.981484,1076,94,0.000745,0.3125
17048000,383.241950,1070,98,0.000444,0.3047
17050000,383.298615,1083,105,0.003480,0.3594
17052000,376.619190,1081,102,0.016524,0.3906
17054000,374.137051,1067,96,0.019433,0.4375
17056000,368.948976,1057,89,0.018717,0.2969
17058000,370.971259,1039,119,0.019089,0.3750
17060000,369.622220,1062,102,0.017060,0.3438
17062000,366.544062,1043,111,0.012897,0.3984
17064000,368.813491,1033,112,0.017795,0.3672
17066000,367.410939,1036,99,0.031181,0.3125
17068000,365.607248,1044,95,0.033159,0.4375
17070000,364.853654,1024,107,0.042534,0.4688
17072000,363.280552,1022,113,0.031427,0.3828
17074000,369.780571,1005,116,0.034925,0.4141
17076000,366.155222,1025,113,0.026030,0.3516
17078000,365.738807,1033,99,0.026926,0.4844
17080000,365.747600,1063,88,0.034767,0.4219
17082000,362.489468,1053,95,0.024495,0.4531
17084000,364.275371,1071,95,0.030570,0.3516
17086000,369.587151,1056,98,0.021076,0.4062
17088000,365.051651,1054,106,0.021276,0.4062
17090000,362.028395,1047,104,0.018213,0.4141
17092000,359.512672,1043,90,0.017894,0.3438
17094000,358.713696,1051,96,0.020235,0.3359
17096000,354.056640,1041,106,0.023267,0.3828
17098000,356.784924,1062,88,0.017382,0.3594
17100000,356.078768,1038,97,0.016240,0.3750
17102000,355.006287,1041,103,0.012941,0.3516
17104000,368.063687,1058,90,0.024590,0.3594
17106000,362.475446,1066,95,0.022322,0.3594
17108000,360.953819,1057,109,0.019598,0.3125
17110000,370.025734,1064,86,0.015741,0.3359
17112000,365.115459,1060,87,0.015653,0.4219
17114000,362.037955,1038,114,0.011307,0.4453
17116000,366.115515,1049,106,0.012944,0.3359
17118000,369.077475,1041,114,0.014311,0.3750
17120000,362.598939,1033,101,0.017177,0.4375
17122000,361.747555,1035,112,0.015045,0.3984
17124000,363.393431,1045,111,0.013113,0.3516
17126000,368.791742,1056,100,0.014452,0.3359
17128000,370.143299,1072,98,0.011895,0.3906
17130000,364.542632,1073,101,0.012652,0.4922
17132000,366.176870,1054,96,0.009660,0.4219
17134000,370.186814,1061,87,0.008099,0.3906
17136000,367.554575,1053,109,0.011694,0.3984
17138000,365.501304,1057,94,0.009702,0.3047
17140000,370.284790,1043,111,0.006553,0.3516
17142000,372.037462,1045,98,0.007175,0.3672
17144000,375.471675,1052,111,0.005863,0.2734
17146000,379.859670,1080,89,0.003276,0.3203
17148000,375.832935,1061,92,0.006066,0.3516
17150000,380.421200,1054,100,0.009162,0.5234
17152000,373.875735,1034,97,0.006241,0.3984
17154000,376.965654,1063,97,0.006722,0.4062
17156000,374.783852,1058,92,0.008931,0.4219
17158000,373.975271,1064,70,0.005240,0.3594
17160000,370.189075,1047,99,0.007711,0.4688
17162000,372.835599,1071,91,0.002791,0.3359
17164000,372.140790,1064,87,0.003686,0.3828
17166000,369.571215,1068,108,0.005429,0.3906
17168000,367.585388,1069,92,0.005379,0.2734
17170000,367.712600,1062,96,0.004077,0.3047
17172000,361.866567,1054,100,0.003808,0.3906
17174000,361.480083,1042,113,0.006682,0.3984
17176000,360.161400,1061,94,0.002515,0.3203
17178000,365.134995,1075,90,0.006024,0.3984
17180000,367.254407,1074,91,0.003593,0.3906
17182000,374.035747,1067,87,0.001425,0.4062
17184000,374.306334,1070,102,0.000696,0.5078
17186000,366.139247,1064,95,0.000430,0.2812
17188000,366.782956,1075,103,0.001173,0.3203
17190000,364.893774,1039,111,0.001085,0.4766
17192000,362.436719,1029,115,0.004138,0.4062
17194000,369.893884,1061,85,0.001142,0.2656
17196000,363.905803,1036,112,0.004209,0.3438
17198000,366.741896,1058,114,0.001023,0.3672
17200000,367.891531,1045,98,0.000107,0.3359
17202000,363.074384,1042,93,0.001530,0.4531
17204000,362.697208,1031,112,0.002558,0.2969
17206000,371.132000,1069,93,0.002757,0.3984
17208000,379.825091,1047,102,0.006084,0.3359
17210000,374.436134,1056,101,0.008635,0.3516
17212000,367.462552,1029,117,0.006837,0.3359
17214000,361.769112,1021,113,0.006813,0.4062
17216000,354.916675,999,128,0.001860,0.3594
17218000,361.509758,1032,114,0.001374,0.3594
17220000,366.885334,1035,122,0.001858,0.4141
17222000,370.498587,1029,112,0.001232,0.3516
17224000,368.814142,1038,89,0.001378,0.2969
17226000,377.834291,1065,108,0.001263,0.3984
17228000,378.759799,1056,106,0.001596,0.3594
17230000,377.638054,1057,106,0.002014,0.3594
17232000,374.821299,1076,92,0.001049,0.2891
17234000,369.086966,1050,109,0.004300,0.3906
17236000,367.019339,1057,106,0.003493,0.3203
17238000,367.182739,1042,115,0.001827,0.3984
17240000,374.823486,1060,83,0.002259,0.3047
17242000,374.896152,1061,93,0.002808,0.4219
17244000,366.664536,1025,109,0.003859,0.3984
17246000,362.260288,1039,99,0.002172,0.3438
17248000,362.446855,1068,104,0.001885,0.3125
17250000,361.535007,1041,96,0.000934,0.4141
17252000,360.803551,1036,107,0.001650,0.3828
17254000,363.669288,1057,99,0.002270,0.4453
17256000,359.594899,1043,101,0.002937,0.3984
17258000,360.675555,1043,80,0.005147,0.3672
17260000,363.482382,1054,95,0.008387,0.4219
17262000,367.764375,1071,91,0.012542,0.3672
17264000,367.555510,1058,93,0.016893,0.3359
17266000,366.849383,1059,92,0.020599,0.3438
17268000,362.324000,1043,115,0.012873,0.4141
17270000,364.886495,1055,91,0.006185,0.3359
17272000,352.040759,1022,101,0.002859,0.3828
17274000,349.291063,1017,107,0.003951,0.3828
17276000,351.480366,1023,93,0.003862,0.3906
17278000,359.102355,1040,99,0.002851,0.3516
17280000,361.197902,1024,119,0.004194,0.4297
17282000,366.254095,1036,106,0.002363,0.3359
17284000,362.286460,1029,127,0.003711,0.3672
17286000,367.452547,1056,101,0.004280,0.3906
17288000,364.630774,1042,96,0.002724,0.3438
17290000,373.740640,1046,116,0.002742,0.4297
17292000,368.386268,1057,93,0.005342,0.3047
17294000,369.121580,1057,101,0.003225,0.3516
17296000,367.898254,1072,105,0.005677,0.3984
17298000,365.058750,1043,110,0.007613,0.3359
17300000,366.574519,1053,102,0.008970,0.3125
17302000,369.137488,1062,95,0.017967,0.3906
17304000,377.455891,1079,98,0.014033,0.3750
17306000,381.670663,1078,86,0.011401,0.3438
17308000,382.446243,1078,102,0.005481,0.3594
17310000,375.762070,1070,103,0.007473,0.3828
17312000,377.626750,1066,108,0.005522,0.3203
17314000,378.195750,1057,91,0.004684,0.2891
17316000,376.036915,1050,115,0.008769,0.3125
17318000,377.690188,1055,106,0.006617,0.4375
17320000,370.045583,1066,94,0.006731,0.3516
17322000,368.380471,1042,104,0.005450,0.3828
17324000,367.324147,1048,107,0.005320,0.3828
17326000,377.198798,1088,97,0.008367,0.2891
17328000,380.906158,1071,101,0.009348,0.2734
17330000,383.335788,1078,93,0.013267,0.3281
17332000,379.995675,1065,103,0.011639,0.3672
17334000,381.132396,1053,101,0.011354,0.4219
17336000,375.465710,1058,101,0.011437,0.3281
17338000,374.750150,1043,122,0.015844,0.4922
17340000,374.063564,1046,105,0.019606,0.4531
17342000,378.413462,1057,98,0.016852,0.3438
17344000,383.261084,1042,115,0.013129,0.3828
17346000,387.907559,1082,84,0.012903,0.2969
17348000,389.999504,1071,88,0.016321,0.2266
17350000,382.901166,1068,80,0.010501,0.3203
17352000,378.603808,1053,83,0.011344,0.2656
17354000,368.437127,1040,95,0.007925,0.3359
17356000,364.829039,1030,94,0.005977,0.4219
17358000,366.726572,1032,93,0.007766,0.3438
17360000,369.734726,1032,101,0.005879,0.4375
17362000,365.751708,1040,102,0.005598,0.4531
17364000,361.031470,1021,114,0.004799,0.4062
17366000,362.231315,1021,113,0.007088,0.3750
17368000,365.477303,1035,112,0.008913,0.2969
17370000,358.043871,1032,93,0.000724,0.3438
17372000,354.541340,1032,96,0.002406,0.3984
17374000,354.177302,1025,106,0.001324,0.3828
17376000,362.625815,1051,110,0.001132,0.3828
17378000,354.364892,1029,114,0.003602,0.3828
17380000,353.960535,1055,101,0.001262,0.3594
17382000,356.986975,1059,101,0.002745,0.4141
17384000,362.181790,1084,95,0.001665,0.3750
17386000,360.914892,1053,93,0.000684,0.3281
17388000,366.055775,1054,96,0.000286,0.4062
17390000,364.561966,1060,88,0.000245,0.3672
17392000,359.989550,1040,99,0.001011,0.3516
17394000,362.059116,1030,106,0.000379,0.4219
17396000,359.734015,1048,96,0.000635,0.3672
17398000,357.180224,1030,105,0.001362,0.3047
17400000,355.655683,1035,104,0.001290,0.3906
17402000,361.347003,1034,101,0.000369,0.4297
17404000,370.242488,1050,84,0.002955,0.3125
17406000,371.240750,1040,116,0.003428,0.4297
17408000,369.071820,1051,119,0.002021,0.3906
17410000,367.595340,1046,118,0.000602,0.4375
17412000,365.578139,1050,127,0.000126,0.4375
17414000,367.802678,1048,109,0.000048,0.2969
17416000,366.086283,1065,90,0.000300,0.3203
17418000,365.916503,1066,93,0.000398,0.3281
17420000,368.294139,1079,103,0.000626,0.3047
17422000,369.384920,1058,101,0.000074,0.3516
17424000,365.057543,1051,115,0.000143,0.4062
17426000,368.180367,1056,89,0.000142,0.3516
17428000,364.977055,1083,94,0.000073,0.3984
17430000,367.774662,1056,100,0.000584,0.3516
17432000,366.668103,1061,98,0.001362,0.3203
17434000,366.026526,1059,99,0.001347,0.3828
17436000,364.598879,1056,101,0.003612,0.3594
17438000,358.496231,1044,95,0.002635,0.3672
17440000,362.088912,1045,93,0.001790,0.3672
17442000,365.009542,1044,99,0.002288,0.4922
17444000,369.418959,1068,91,0.002004,0.3359
17446000,370.496400,1080,90,0.002906,0.4453
17448000,373.978819,1075,93,0.003561,0.3203
17450000,372.055310,1087,95,0.003162,0.3828
17452000,371.181223,1062,105,0.003988,0.3359
17454000,371.897251,1056,104,0.004493,0.3359
17456000,373.463510,1064,103,0.005950,0.4141
17458000,376.300918,1073,104,0.008172,0.4297
17460000,370.964678,1038,106,0.002611,0.2578
17462000,365.450166,1046,101,0.003083,0.3516
17464000,372.662654,1072,100,0.003447,0.3281
17466000,367.161195,1072,88,0.003409,0.3750
17468000,369.517223,1083,72,0.005187,0.3203
17470000,359.489375,1066,92,0.002254,0.3672
17472000,360.228566,1043,104,0.002232,0.3203
17474000,364.898256,1044,100,0.001478,0.3281
17476000,370.774175,1059,84,0.003838,0.3594
17478000,379.289710,1067,97,0.004758,0.3438
17480000,376.247907,1077,91,0.007585,0.2812
17482000,373.855031,1065,94,0.008572,0.2969
17484000,374.607495,1053,103,0.004559,0.3828
17486000,367.145891,1045,102,0.001337,0.4141
17488000,369.247795,1048,105,0.002356,0.3203
17490000,366.737375,1038,124,0.002609,0.6406
17492000,373.247526,1053,98,0.000722,0.3594
17494000,368.258190,1054,101,0.002040,0.3438
17496000,365.371619,1056,95,0.001767,0.3906
17498000,363.201276,1053,107,0.001229,0.3750
17500000,363.452903,1052,97,0.001265,0.4297
17502000,366.533134,1049,103,0.001675,0.3438
17504000,368.022867,1060,99,0.000965,0.4297
17506000,363.360700,1062,92,0.001101,0.3984
17508000,377.715835,1075,102,0.001270,0.4453
17510000,381.644600,1084,86,0.002821,0.3672
17512000,375.811127,1061,98,0.001581,0.3750
17514000,371.164319,1075,100,0.000058,0.3828
17516000,370.979259,1057,106,0.001097,0.3516
17518000,374.027431,1076,87,0.003264,0.3203
17520000,373.861247,1087,91,0.002660,0.3281
17522000,378.502494,1084,88,0.001663,0.4062
17524000,373.804576,1083,74,0.000892,0.2812
17526000,378.040668,1088,80,0.001475,0.3906
17528000,377.385475,1098,78,0.004636,0.2578
17530000,370.734959,1058,100,0.003503,0.3750
17532000,367.653718,1065,91,0.002516,0.3750
17534000,371.580912,1069,95,0.002345,0.2812
17536000,372.902867,1066,94,0.002203,0.3281
17538000,378.518110,1060,92,0.003728,0.4141
17540000,378.734030,1059,104,0.002883,0.3672
17542000,373.741920,1084,91,0.003326,0.3281
17544000,374.891166,1075,98,0.003484,0.3906
17546000,376.584615,1078,92,0.003124,0.3359
17548000,373.240803,1070,92,0.003898,0.2891
17550000,373.561054,1063,106,0.004514,0.3984
17552000,373.271212,1091,96,0.003390,0.3828
17554000,373.395510,1089,85,0.004186,0.2812
17556000,372.813430,1083,101,0.002667,0.3672
17558000,379.155255,1109,75,0.001989,0.3750
17560000,378.917372,1089,87,0.002064,0.4219
17562000,382.599643,1112,86,0.002587,0.3203
17564000,383.082983,1097,86,0.002555,0.3984
17566000,379.765280,1088,90,0.004930,0.3672
17568000,373.880518,1075,88,0.005309,0.3750
17570000,373.310511,1074,100,0.006100,0.3672
17572000,371.043200,1073,100,0.012079,0.3828
17574000,372.640622,1059,99,0.010275,0.3047
17576000,372.298379,1060,102,0.008872,0.3125
17578000,369.733507,1038,116,0.005245,0.3750
17580000,367.951966,1068,105,0.005597,0.3906
17582000,360.328951,1054,98,0.004956,0.3594
17584000,353.850691,1046,75,0.004115,0.3203
17586000,352.769495,1044,94,0.005087,0.4219
17588000,357.181147,1038,102,0.007097,0.3438
17590000,352.434055,1051,92,0.011628,0.3359
17592000,350.943782,1047,83,0.015444,0.3594
17594000,352.356675,1028,102,0.014319,0.3594
17596000,347.267726,1031,92,0.012411,0.3125
17598000,347.669567,1030,107,0.006395,0.3594
17600000,348.047075,1024,116,0.003161,0.3516
17602000,351.474326,1041,100,0.000942,0.3438
17604000,351.555230,1044,108,0.006080,0.3203
17606000,357.268350,1035,106,0.007047,0.4141
17608000,352.382455,1041,96,0.004985,0.3516
17610000,352.247971,1021,121,0.004652,0.4922
17612000,357.128828,1008,108,0.005742,0.3594
17614000,359.370590,1021,111,0.010295,0.3281
17616000,355.629155,1028,88,0.005940,0.3203
17618000,357.797198,1015,120,0.003296,0.3984
17620000,354.615183,1044,93,0.005177,0.3828
17622000,355.391459,1022,107,0.002218,0.3516
17624000,358.707007,1023,100,0.002817,0.3750
17626000,355.784415,1028,106,0.001431,0.4141
17628000,356.505943,1006,115,0.002280,0.4219
17630000,353.875775,987,131,0.002183,0.3750
17632000,356.003846,1012,109,0.000593,0.3672
17634000,356.774311,1035,93,0.001674,0.3516
17636000,355.313718,1031,104,0.001371,0.3984
17638000,357.430963,1041,97,0.000797,0.5312
17640000,355.906920,1039,112,0.000949,0.3750
17642000,349.900780,1031,112,0.000936,0.3516
17644000,351.285027,1052,88,0.001101,0.4141
17646000,354.712031,1053,96,0.001128,0.3203
17648000,354.956380,1065,82,0.000106,0.3359
17650000,355.062371,1051,109,0.000340,0.2891
17652000,355.450299,1064,94,0.000443,0.3750
17654000,353.815839,1061,90,0.000162,0.3125
17656000,359.125302,1056,94,0.000277,0.3984
17658000,364.062483,1052,108,0.001347,0.3438
17660000,359.869926,1059,107,0.002447,0.3750
17662000,363.865160,1063,98,0.003052,0.4453
17664000,361.249440,1072,91,0.003759,0.4531
17666000,361.470508,1057,94,0.003467,0.3281
17668000,361.889635,1070,102,0.004967,0.3359
17670000,366.137510,1071,87,0.002309,0.2969
17672000,369.276310,1091,100,0.001408,0.3516
17674000,358.901484,1054,106,0.001196,0.4219
17676000,358.323135,1028,123,0.002572,0.5000
17678000,360.102995,1033,122,0.005773,0.3281
17680000,356.347555,1046,102,0.004102,0.5547
17682000,359.701795,1054,85,0.003740,0.2812
17684000,363.381132,1069,91,0.005530,0.2422
17686000,363.700870,1068,92,0.010095,0.3672
17688000,364.101495,1055,102,0.006154,0.3906
17690000,368.317299,1052,106,0.007196,0.4531
17692000,378.535190,1072,100,0.009763,0.3828
17694000,374.742638,1094,96,0.011711,0.4375
17696000,380.165739,1101,93,0.012284,0.3359
17698000,374.495390,1079,92,0.009053,0.3828
17700000,377.636795,1082,81,0.004935,0.3672
17702000,381.769271,1086,93,0.003719,0.3438
17704000,376.813795,1085,94,0.002698,0.3516
17706000,379.562647,1081,94,0.003071,0.3203
17708000,382.062720,1075,89,0.004486,0.3672
17710000,374.918534,1095,74,0.003730,0.4375
17712000,382.930574,1073,94,0.005639,0.3438
17714000,375.881550,1058,94,0.003399,0.2812
17716000,380.155843,1063,95,0.006105,0.3672
17718000,379.171239,1041,103,0.004851,0.4609
17720000,378.593935,1062,102,0.009472,0.4297
17722000,383.722254,1063,93,0.011708,0.2969
17724000,375.193875,1040,101,0.005861,0.3750
17726000,374.795206,1030,116,0.006161,0.3047
17728000,379.205695,1079,104,0.007367,0.3672
17730000,374.660150,1066,100,0.007994,0.3516
17732000,377.562271,1066,96,0.003501,0.3594
17734000,372.997715,1083,86,0.005646,0.3906
17736000,380.007079,1066,106,0.004736,0.3281
17738000,380.784652,1053,104,0.003668,0.2812
17740000,375.350300,1062,102,0.003537,0.2969
17742000,383.055390,1076,89,0.004928,0.3281
17744000,381.354598,1074,91,0.002074,0.2891
17746000,392.153100,1092,88,0.000137,0.3828
17748000,396.806843,1104,99,0.002204,0.3203
17750000,396.237523,1087,100,0.002452,0.4141
17752000,384.335720,1093,102,0.000260,0.3281
17754000,384.156880,1100,106,0.000121,0.3594
17756000,375.917435,1091,88,0.000143,0.3281
17758000,376.041419,1069,92,0.000491,0.4766
17760000,375.035627,1087,85,0.001596,0.2891
17762000,373.876716,1097,90,0.004868,0.2891
17764000,380.563743,1083,85,0.003704,0.3281
17766000,375.315251,1094,87,0.005559,0.3750
17768000,374.241766,1092,87,0.010361,0.3203
17770000,379.644560,1103,91,0.010375,0.4219
17772000,380.784990,1097,88,0.009182,0.3203
17774000,377.522140,1071,96,0.010779,0.4531
17776000,380.919230,1089,101,0.011659,0.2969
17778000,377.403350,1064,94,0.009691,0.2656
17780000,370.781755,1046,95,0.007416,0.3438
17782000,373.858416,1039,100,0.006615,0.3906
17784000,371.501030,1064,94,0.005505,0.3203
17786000,369.518598,1057,102,0.007639,0.3281
17788000,377.450479,1066,102,0.008053,0.3672
17790000,380.921535,1072,102,0.009718,0.3516
17792000,381.156252,1073,97,0.012189,0.3359
17794000,381.382955,1059,108,0.014653,0.3281
17796000,380.613351,1043,113,0.015083,0.4297
17798000,373.026526,1060,97,0.012521,0.3828
17800000,368.115840,1041,106,0.013252,0.3594
17802000,362.209510,1020,115,0.005131,0.4375
17804000,357.281259,1014,124,0.002873,0.4141
17806000,363.717799,1053,111,0.006104,0.3125
17808000,365.731980,1062,101,0.003971,0.4219
17810000,361.534299,1037,98,0.005078,0.4531
17812000,360.612007,1040,102,0.007712,0.3750
17814000,356.980863,1010,119,0.003617,0.3672
17816000,364.266971,1040,100,0.002075,0.3359
17818000,362.433996,1053,98,0.002949,0.4219
17820000,363.016630,1057,92,0.003399,0.3203
17822000,361.160055,1038,113,0.012200,0.4141
17824000,361.471884,1039,115,0.012023,0.3828
17826000,360.066675,1031,120,0.005619,0.4062
17828000,357.980435,1042,95,0.004249,0.3359
17830000,353.528659,1051,84,0.002678,0.3125
17832000,350.541020,1042,101,0.001758,0.4141
17834000,356.089163,1039,97,0.004105,0.3047
17836000,354.096974,1061,85,0.004618,0.3984
17838000,357.401611,1042,99,0.004031,0.3125
17840000,359.098880,1027,108,0.007628,0.3203
17842000,355.296915,1032,110,0.006924,0.3281
17844000,360.817958,1053,97,0.009742,0.3047
17846000,357.268838,1044,110,0.007989,0.3828
17848000,356.995192,1039,104,0.009892,0.4219
17850000,355.177040,1019,126,0.005621,0.3516
17852000,357.860787,1046,114,0.003314,0.4141
17854000,361.131600,1071,101,0.001146,0.3750
17856000,359.030172,1064,85,0.000766,0.3359
17858000,358.625448,1085,75,0.000181,0.2500
17860000,359.412415,1070,102,0.001257,0.4219
17862000,355.714075,1051,108,0.000820,0.4609
17864000,354.285079,1055,96,0.001611,0.3359
17866000,360.925238,1086,78,0.001653,0.4219
17868000,359.285630,1057,93,0.000525,0.4531
17870000,358.392751,1058,94,0.000862,0.3594
17872000,366.284236,1063,102,0.000606,0.3359
17874000,364.897958,1056,104,0.001797,0.3984
17876000,355.567255,1061,86,0.002194,0.3359
17878000,356.946975,1048,98,0.003964,0.4453
17880000,362.642611,1065,94,0.001519,0.3281
17882000,358.770643,1062,90,0.001588,0.3047
17884000,351.052171,1055,102,0.000910,0.3594
17886000,353.605739,1040,92,0.002909,0.3516
17888000,354.472136,1032,107,0.002006,0.3984
17890000,353.565580,1041,94,0.001226,0.3203
17892000,357.566367,1063,90,0.003617,0.3750
17894000,362.295295,1064,106,0.002535,0.3438
17896000,356.181839,1059,108,0.003849,0.4141
17898000,356.630387,1062,108,0.000984,0.3828
17900000,354.402335,1072,99,0.000617,0.3750
17902000,350.149751,1052,104,0.000630,0.3516
17904000,350.644790,1062,109,0.000480,0.3438
17906000,356.050895,1091,82,0.000352,0.4453
17908000,353.765678,1072,97,0.000635,0.3750
17910000,357.741358,1062,112,0.000413,0.3047
17912000,361.514956,1080,93,0.000712,0.2422
17914000,362.675670,1070,110,0.000104,0.3906
17916000,366.696075,1056,108,0.000293,0.3984
17918000,364.403550,1063,95,0.000400,0.4453
17920000,369.879139,1072,90,0.000264,0.3359
17922000,374.156366,1060,101,0.000238,0.3125
17924000,370.453099,1068,109,0.000394,0.4375
17926000,363.245576,1071,103,0.000376,0.3828
17928000,362.545276,1072,91,0.000397,0.3672
17930000,363.692319,1064,96,0.000446,0.4062
17932000,364.007771,1048,96,0.000929,0.3828
17934000,360.926015,1036,114,0.001949,0.4609
17936000,360.827440,1044,113,0.001013,0.3594
17938000,367.358166,1057,90,0.003169,0.3516
17940000,371.897958,1063,87,0.007594,0.3750
17942000,373.079110,1083,96,0.011196,0.3359
17944000,372.253695,1079,93,0.009067,0.3359
17946000,378.953600,1080,92,0.008500,0.2969
17948000,383.556892,1077,85,0.005372,0.3281
17950000,381.224183,1066,100,0.004720,0.2969
17952000,377.973500,1081,86,0.004902,0.2891
17954000,385.570423,1081,90,0.007282,0.2969
17956000,382.104783,1084,89,0.007924,0.3516
17958000,383.164718,1067,99,0.012749,0.3281
17960000,380.052747,1052,94,0.014090,0.3594
17962000,385.946790,1045,91,0.013880,0.3047
17964000,388.708668,1059,85,0.015866,0.3281
17966000,386.362655,1075,81,0.016215,0.2891
17968000,387.928022,1061,94,0.017009,0.3516
17970000,393.879855,1069,96,0.015579,0.3203
17972000,394.725278,1062,97,0.010496,0.3281
17974000,388.990275,1090,85,0.008199,0.3047
17976000,390.945919,1089,91,0.007892,0.3359
17978000,386.764599,1105,92,0.008845,0.2969
17980000,388.654387,1074,91,0.007379,0.2812
17982000,382.520159,1067,89,0.011681,0.2422
17984000,378.747655,1063,100,0.010542,0.3750
17986000,375.065775,1062,97,0.014266,0.3281
17988000,370.512476,1064,101,0.016885,0.3047
17990000,363.341462,1051,103,0.021187,0.3594
17992000,367.937351,1042,95,0.025165,0.3281
17994000,369.567190,1047,91,0.021662,0.3281
17996000,374.689180,1058,89,0.022593,0.3672
17998000,374.127107,1058,100,0.018535,0.2500
18000000,376.016595,1071,106,0.013176,0.3359
18002000,377.301192,1051,103,0.013123,0.3359
18004000,378.724295,1048,119,0.017460,0.3516
18006000,372.513710,1052,115,0.014754,0.3125
18008000,371.719903,1066,92,0.014825,0.3594
18010000,367.669916,1068,87,0.013626,0.4062
18012000,371.376019,1050,103,0.012069,0.2812
18014000,368.330216,1051,87,0.008059,0.2969
18016000,374.871470,1056,101,0.011309,0.3438
18018000,377.416632,1087,85,0.010446,0.3047
18020000,381.043036,1081,89,0.011685,0.3281
18022000,380.930027,1083,80,0.015273,0.2656
18024000,379.414499,1075,101,0.011705,0.3438
18026000,384.741755,1082,92,0.011865,0.3906
18028000,384.831635,1080,84,0.007014,0.3281
18030000,381.755888,1060,89,0.008101,0.4766
18032000,370.555580,1054,98,0.008539,0.3594
18034000,368.647960,1058,111,0.003602,0.3281
18036000,364.852839,1069,91,0.003574,0.3203
18038000,363.881411,1067,95,0.008102,0.3281
18040000,364.808310,1060,101,0.008614,0.3984
18042000,368.287534,1057,106,0.007191,0.4375
18044000,368.453606,1046,106,0.000029,0.3906
18046000,371.780430,1056,101,0.001580,0.3438
18048000,372.169747,1061,101,0.005203,0.3359
18050000,377.043855,1060,98,0.003744,0.3594
18052000,366.119683,1042,104,0.003453,0.3672
18054000,365.001015,1037,111,0.002070,0.4141
18056000,371.716006,1049,107,0.001558,0.3594
18058000,373.916875,1065,100,0.001930,0.3203
18060000,376.253975,1050,97,0.002911,0.3047
18062000,372.567436,1054,101,0.004220,0.3047
18064000,364.930790,1028,100,0.002233,0.4062
18066000,364.150011,1050,92,0.000493,0.4375
18068000,359.560075,1033,104,0.000670,0.3438
18070000,368.102695,1045,104,0.001766,0.4062
18072000,367.227743,1033,114,0.003728,0.4141
18074000,377.229468,1077,102,0.000555,0.3516
18076000,373.054054,1046,100,0.001428,0.2969
18078000,367.842831,1053,95,0.000167,0.4531
18080000,365.595742,1058,81,0.002005,0.4609
18082000,370.059695,1070,81,0.002487,0.3594
18084000,358.445480,1041,101,0.003471,0.2969
18086000,368.020075,1061,101,0.004292,0.3750
18088000,371.932608,1057,97,0.002752,0.4141
18090000,369.182875,1070,95,0.005125,0.3203
18092000,373.004675,1078,92,0.004438,0.3594
18094000,370.015635,1069,105,0.009719,0.4531
18096000,370.660415,1066,88,0.006131,0.3281
18098000,368.068142,1055,98,0.007367,0.3594
18100000,371.708710,1031,113,0.007329,0.3281
18102000,375.962395,1043,105,0.009001,0.3047
18104000,372.406595,1024,108,0.009000,0.4062
18106000,378.234247,1033,116,0.007407,0.3750
18108000,369.029846,1047,96,0.004773,0.3906
18110000,373.042070,1075,94,0.003922,0.3750
18112000,370.015323,1060,97,0.001664,0.3750
18114000,378.206254,1049,101,0.000201,0.3359
18116000,376.838640,1080,97,0.000761,0.3438
18118000,377.564942,1063,116,0.001908,0.3359
18120000,374.161415,1076,97,0.000846,0.3281
18122000,382.587414,1076,95,0.002084,0.3047
18124000,375.318902,1062,104,0.000587,0.3125
18126000,372.150715,1070,97,0.001538,0.4688
18128000,376.210720,1067,105,0.001669,0.3750
18130000,374.739126,1060,104,0.001753,0.3438
18132000,378.181404,1060,90,0.003246,0.4062
18134000,374.071670,1050,106,0.003033,0.3828
18136000,375.287663,1059,110,0.004419,0.3750
18138000,374.132323,1032,113,0.002263,0.3828
18140000,373.953452,1050,96,0.006339,0.3047
18142000,379.455388,1064,103,0.015744,0.4453
18144000,378.786579,1069,78,0.012642,0.3438
18146000,375.084415,1053,110,0.009829,0.3750
18148000,382.434830,1075,94,0.015058,0.3203
18150000,374.276951,1071,80,0.019218,0.2812
18152000,374.151723,1071,107,0.011956,0.3906
18154000,375.041676,1073,102,0.012019,0.5234
18156000,378.925724,1060,90,0.011619,0.2656
18158000,379.446750,1077,97,0.012893,0.3438
18160000,377.647231,1083,93,0.022126,0.4297
18162000,376.842632,1091,89,0.018162,0.2188
18164000,375.303399,1076,89,0.016656,0.3047
18166000,377.182327,1087,89,0.010043,0.2891
18168000,377.777798,1084,90,0.006632,0.3438
18170000,378.676318,1088,104,0.006091,0.2891
18172000,375.747575,1077,108,0.006127,0.3281
18174000,372.470291,1066,95,0.007554,0.3359
18176000,372.085583,1080,87,0.008589,0.3438
18178000,373.796460,1074,91,0.011033,0.2344
18180000,374.287011,1070,102,0.009944,0.3906
18182000,373.871840,1052,110,0.009463,0.2734
18184000,371.991875,1059,102,0.007349,0.3750
18186000,379.199435,1070,95,0.010529,0.3359
18188000,371.679080,1058,106,0.006594,0.3828
18190000,369.005180,1084,98,0.006131,0.2578
18192000,369.834470,1065,96,0.005872,0.2891
18194000,362.299614,1054,95,0.004600,0.3672
18196000,371.608702,1071,91,0.001284,0.3594
18198000,374.112099,1066,94,0.001059,0.3281
18200000,377.663107,1071,86,0.001604,0.3906
18202000,370.998595,1080,83,0.003424,0.3047
18204000,368.778486,1092,94,0.002871,0.2656
18206000,371.034055,1081,103,0.003821,0.3516
18208000,372.878758,1070,91,0.011735,0.4375
18210000,368.472200,1065,82,0.007407,0.3438
18212000,367.893275,1057,106,0.007615,0.3672
18214000,367.194134,1085,84,0.003431,0.3281
18216000,372.503212,1080,89,0.002448,0.3984
18218000,370.521500,1060,108,0.000894,0.3594
18220000,371.927646,1089,82,0.003121,0.3203
18222000,369.596160,1079,69,0.004443,0.2734
18224000,369.767872,1057,97,0.006348,0.3281
18226000,362.667886,1048,100,0.006177,0.3516
18228000,362.590299,1044,98,0.006072,0.3750
18230000,363.112303,1036,101,0.010330,0.3672
18232000,359.352086,1059,99,0.013770,0.3594
18234000,361.869990,1071,94,0.014060,0.3125
18236000,361.768110,1049,113,0.016170,0.3516
18238000,365.839327,1043,99,0.013943,0.3438
18240000,361.057343,1039,94,0.012895,0.3281
18242000,356.843640,1021,105,0.016726,0.4453
18244000,360.168604,1034,99,0.028180,0.2656
18246000,363.699839,1040,110,0.030046,0.4375
18248000,371.025051,1060,84,0.026993,0.3750
18250000,374.737435,1063,101,0.023685,0.2812
18252000,376.291387,1083,90,0.029038,0.3438
18254000,369.836060,1079,86,0.021438,0.3594
18256000,373.896680,1067,96,0.019663,0.3828
18258000,367.747511,1073,97,0.019880,0.3125
18260000,370.213286,1072,87,0.014296,0.3438
18262000,371.506111,1074,88,0.019431,0.3594
18264000,371.558311,1076,101,0.017177,0.3516
18266000,372.248504,1089,76,0.022611,0.4531
18268000,371.313963,1093,85,0.020868,0.4453
18270000,369.370483,1072,83,0.011621,0.3125
18272000,366.347383,1069,82,0.012083,0.3359
18274000,368.206795,1070,97,0.017224,0.3828
18276000,369.309596,1060,93,0.023068,0.2969
18278000,369.829079,1073,87,0.020517,0.3516
18280000,361.709943,1057,101,0.016401,0.3203
18282000,366.210342,1059,97,0.015249,0.4297
18284000,371.682360,1049,105,0.019312,0.3516
18286000,363.271367,1072,98,0.013708,0.3828
18288000,369.992456,1059,98,0.017339,0.3672
18290000,365.564891,1038,81,0.023191,0.4141
18292000,362.268275,1023,113,0.020170,0.4531
18294000,363.269239,1017,127,0.017882,0.4375
18296000,359.820847,1020,116,0.017328,0.4688
18298000,360.082944,1047,105,0.013662,0.3125
18300000,368.895259,1032,108,0.019777,0.4062
18302000,365.743655,1055,110,0.023938,0.3047
18304000,362.064966,1027,115,0.027479,0.3359
18306000,368.055622,1053,77,0.017792,0.3125
18308000,370.669435,1050,105,0.023970,0.3750
18310000,372.077088,1041,93,0.017687,0.3203
18312000,372.832143,1044,120,0.019215,0.4062
18314000,368.958270,1019,118,0.013933,0.2891
18316000,364.803295,1027,106,0.016099,0.3125
18318000,369.380006,1048,108,0.009331,0.3828
18320000,372.443630,1042,98,0.012252,0.4219
18322000,369.707883,1031,104,0.012211,0.4766
18324000,368.107959,1064,88,0.012542,0.3672
18326000,366.809847,1065,91,0.010366,0.3594
18328000,368.622124,1076,97,0.010813,0.3438
18330000,367.116355,1060,97,0.010106,0.3281
18332000,361.660283,1045,107,0.012979,0.4531
18334000,365.237415,1028,113,0.008823,0.4297
18336000,363.111739,1038,106,0.007659,0.3828
18338000,361.846270,1021,102,0.009258,0.5625
18340000,367.576263,1056,102,0.009940,0.4219
18342000,368.331342,1065,106,0.007173,0.3516
18344000,370.884203,1063,104,0.008241,0.3047
18346000,369.852903,1066,99,0.007234,0.3594
18348000,366.937155,1071,86,0.006054,0.3125
18350000,363.612348,1056,87,0.003671,0.3750
18352000,360.112455,1040,99,0.002188,0.3047
18354000,366.776855,1057,97,0.006314,0.3828
18356000,361.226246,1052,93,0.006243,0.3594
18358000,358.757504,1055,101,0.009844,0.3438
18360000,359.178556,1026,115,0.011327,0.4531
18362000,354.897932,1016,124,0.009480,0.3750
18364000,359.296064,1025,108,0.010418,0.4609
18366000,357.900252,1041,101,0.009651,0.3359
18368000,360.808470,1038,97,0.007379,0.4141
18370000,364.709275,1041,108,0.005550,0.3672
18372000,364.393599,1016,109,0.009584,0.4609
18374000,363.422518,1032,108,0.005716,0.3828
18376000,370.619707,1040,99,0.013979,0.4453
18378000,369.602703,1049,105,0.015263,0.3906
18380000,373.904934,1040,105,0.009034,0.4297
18382000,373.049179,1062,100,0.010410,0.3984
18384000,380.351718,1094,95,0.012632,0.4453
18386000,372.429390,1075,93,0.011782,0.3750
18388000,377.264806,1077,105,0.015435,0.3125
18390000,382.810102,1075,96,0.017610,0.3516
18392000,381.005043,1071,96,0.015534,0.3906
18394000,381.948204,1063,96,0.018844,0.3750
18396000,378.431180,1074,85,0.022105,0.3516
18398000,375.798307,1068,108,0.015795,0.3281
18400000,380.917550,1070,100,0.014905,0.3516
18402000,382.155187,1068,109,0.019688,0.3984
18404000,386.807779,1059,99,0.014070,0.3984
18406000,378.158270,1039,115,0.013306,0.3594
18408000,382.161935,1050,105,0.011913,0.3984
18410000,379.782558,1057,92,0.015256,0.3281
18412000,377.043783,1086,86,0.007436,0.2344
18414000,376.497163,1052,99,0.003904,0.3438
18416000,379.463723,1036,90,0.005116,0.3906
18418000,377.705827,1025,85,0.003529,0.3672
18420000,376.870471,1034,105,0.003421,0.3750
18422000,374.366875,1045,103,0.007142,0.3828
18424000,375.218470,1057,94,0.013624,0.3672
18426000,370.775943,1037,105,0.010875,0.3672
18428000,371.052867,1044,116,0.013537,0.3906
18430000,371.615310,1044,101,0.008046,0.4062
18432000,370.907048,1021,118,0.011349,0.3828
18434000,374.202014,1044,105,0.008690,0.3438
18436000,373.819047,1025,97,0.008361,0.4062
18438000,373.483863,1025,114,0.011410,0.3828
18440000,374.950072,1034,109,0.008134,0.4141
18442000,371.103582,1017,109,0.011838,0.4375
18444000,372.666059,1013,111,0.005800,0.3594
18446000,369.863100,1043,102,0.007105,0.3594
18448000,379.586470,1057,94,0.008732,0.3516
18450000,380.875111,1059,83,0.008544,0.3516
18452000,377.519523,1050,109,0.007063,0.3906
18454000,380.432790,1062,115,0.014846,0.4688
18456000,394.286028,1088,98,0.008888,0.3906
18458000,385.885392,1071,88,0.008512,0.3203
18460000,381.352528,1078,91,0.011740,0.3672
18462000,384.644950,1075,76,0.009596,0.3516
18464000,389.543535,1083,91,0.008650,0.3906
18466000,389.361846,1079,111,0.008820,0.3672
18468000,386.097068,1080,100,0.008019,0.3906
18470000,382.783283,1070,86,0.006269,0.3047
18472000,383.916475,1088,88,0.006646,0.3281
18474000,381.500695,1098,76,0.005289,0.3203
18476000,388.284270,1080,92,0.005781,0.3203
18478000,387.697703,1082,101,0.007028,0.3516
18480000,393.467830,1090,97,0.009306,0.3906
18482000,396.878782,1076,95,0.011750,0.3906
18484000,394.230278,1064,103,0.011791,0.3359
18486000,394.997550,1077,104,0.011057,0.3594
18488000,388.045614,1096,71,0.015676,0.2500
18490000,381.266715,1075,86,0.015276,0.3359
18492000,388.248270,1089,74,0.019962,0.3984
18494000,397.629560,1082,94,0.022732,0.3672
18496000,393.542319,1076,88,0.018299,0.3750
18498000,393.095926,1080,92,0.025540,0.3828
18500000,393.633240,1065,108,0.018714,0.3750
18502000,390.113115,1058,93,0.021774,0.3203
18504000,390.349567,1089,98,0.014618,0.3281
18506000,398.571843,1083,100,0.024791,0.3438
18508000,394.750140,1100,84,0.013752,0.2500
18510000,393.407531,1085,100,0.011399,0.3672
18512000,396.511935,1084,105,0.012751,0.3984
18514000,388.291950,1109,92,0.013317,0.2734
18516000,390.049991,1112,76,0.008926,0.2969
18518000,385.618891,1085,83,0.009788,0.2734
18520000,384.303078,1079,90,0.010338,0.2969
18522000,389.248022,1094,78,0.012970,0.3750
18524000,389.548472,1094,99,0.020606,0.3359
18526000,388.696127,1082,95,0.020930,0.3828
18528000,384.870375,1079,95,0.015649,0.3594
18530000,386.323020,1070,102,0.009431,0.3203
18532000,388.247991,1066,104,0.013375,0.3281
18534000,382.708603,1072,100,0.009817,0.3359
18536000,387.064875,1076,85,0.005563,0.3281
18538000,390.285635,1060,82,0.003681,0.2812
18540000,385.896135,1053,97,0.009141,0.3438
18542000,387.682576,1052,113,0.006650,0.4531
18544000,382.242011,1080,100,0.007961,0.3984
18546000,383.968636,1077,90,0.008737,0.3594
18548000,385.165064,1091,98,0.014296,0.3047
18550000,379.847168,1066,92,0.012060,0.3906
18552000,375.093760,1064,82,0.013408,0.3203
18554000,379.914092,1073,98,0.013229,0.2969
18556000,380.489542,1064,100,0.009034,0.3203
18558000,389.469811,1066,93,0.005875,0.2969
18560000,385.982967,1052,107,0.008076,0.3438
18562000,388.905720,1042,117,0.005565,0.5391
18564000,384.067415,1034,125,0.003956,0.3438
18566000,391.645296,1080,98,0.004932,0.3125
18568000,394.144647,1072,109,0.004182,0.3516
18570000,393.741547,1077,99,0.003594,0.3438
18572000,390.618334,1075,104,0.001818,0.3125
18574000,382.743886,1061,116,0.000570,0.3594
18576000,385.088358,1059,108,0.002840,0.3203
18578000,388.265756,1078,87,0.003359,0.2812
18580000,388.193767,1079,101,0.001128,0.3906
18582000,383.750475,1088,93,0.004086,0.3281
18584000,384.032028,1072,105,0.004603,0.3125
18586000,383.691735,1086,95,0.002632,0.4219
18588000,385.180527,1093,82,0.001030,0.3125
18590000,383.349327,1085,98,0.000424,0.3047
18592000,382.019459,1075,96,0.001936,0.5156
18594000,375.807619,1080,89,0.003602,0.3203
18596000,374.189020,1061,94,0.001086,0.2969
18598000,381.135475,1090,98,0.000643,0.4375
18600000,378.980231,1073,89,0.000897,0.2266
18602000,371.894862,1066,96,0.000912,0.4609
18604000,377.531910,1068,95,0.001110,0.3906
18606000,381.270718,1080,81,0.000774,0.3828
18608000,375.534958,1069,95,0.000451,0.3672
18610000,370.055136,1070,88,0.000948,0.3672
18612000,369.755211,1076,90,0.001145,0.4062
18614000,378.004078,1064,95,0.002315,0.3281
18616000,382.648715,1083,83,0.001640,0.3516
18618000,383.728220,1093,87,0.000998,0.3516
18620000,380.438552,1074,104,0.001983,0.4141
18622000,372.786511,1057,106,0.004971,0.3359
18624000,374.584334,1058,104,0.006699,0.2891
18626000,377.238780,1061,101,0.010265,0.3516
18628000,370.900620,1077,98,0.006894,0.3828
18630000,377.632000,1065,90,0.006453,0.3438
18632000,367.820115,1056,103,0.008373,0.3359
18634000,362.586222,1031,112,0.012806,0.3906
18636000,366.563320,1030,107,0.012704,0.3672
18638000,372.078543,1055,88,0.015042,0.3047
18640000,367.761459,1045,95,0.015256,0.3906
18642000,364.126027,1060,84,0.019404,0.3281
18644000,367.973255,1060,93,0.021681,0.3047
18646000,366.977323,1039,102,0.014284,0.3438
18648000,374.806599,1055,101,0.013862,0.3203
18650000,369.491326,1043,114,0.017860,0.3906
18652000,367.481342,1040,109,0.016063,0.3672
18654000,368.628972,1047,103,0.010718,0.4062
18656000,365.961550,1048,104,0.016096,0.3203
18658000,370.018640,1054,102,0.013324,0.4141
18660000,373.015230,1060,94,0.013556,0.3438
18662000,374.171206,1036,99,0.013863,0.4141
18664000,369.837196,1032,101,0.016798,0.3516
18666000,376.177062,1068,97,0.019322,0.3906
18668000,379.102015,1068,92,0.020242,0.2891
18670000,379.762895,1084,101,0.021018,0.3594
18672000,377.447015,1086,85,0.022270,0.4609
18674000,374.227971,1090,94,0.014431,0.3750
18676000,372.401462,1065,95,0.012344,0.3047
18678000,372.872048,1065,101,0.011362,0.4297
18680000,370.593715,1082,95,0.015073,0.3750
18682000,370.627310,1074,98,0.011053,0.3203
18684000,379.492472,1069,89,0.010579,0.2969
18686000,379.996331,1074,99,0.009376,0.4141
18688000,378.852840,1089,73,0.013019,0.2656
18690000,383.249036,1090,74,0.003323,0.3047
18692000,380.146519,1073,96,0.001382,0.2656
18694000,380.720988,1079,86,0.002837,0.3125
18696000,381.217150,1054,109,0.004243,0.3750
18698000,379.520683,1050,110,0.003861,0.3750
18700000,377.591120,1048,112,0.006194,0.3516
18702000,382.742455,1050,99,0.006348,0.3594
18704000,376.848215,1055,106,0.007289,0.3750
18706000,375.711350,1052,100,0.006303,0.3438
18708000,375.239198,1065,90,0.009526,0.3438
18710000,368.314700,1059,79,0.010016,0.2891
18712000,363.836172,1038,82,0.010985,0.4766
18714000,367.552886,1035,88,0.009057,0.4141
18716000,361.759520,1037,102,0.010498,0.3281
18718000,357.679590,1054,91,0.003117,0.3750
18720000,358.101231,1052,95,0.005860,0.3828
18722000,362.176134,1029,108,0.004380,0.3906
18724000,364.636064,1020,123,0.002885,0.4375
18726000,359.195190,1033,121,0.004066,0.3438
18728000,358.408600,1029,117,0.002715,0.3672
18730000,366.515326,1046,107,0.003335,0.3750
18732000,366.678094,1070,99,0.001127,0.3281
18734000,362.338475,1039,99,0.004645,0.3906
18736000,359.151926,1053,90,0.004896,0.4141
18738000,362.424030,1052,100,0.008127,0.3359
18740000,370.706343,1066,106,0.005524,0.3359
18742000,367.799507,1051,102,0.005868,0.3203
18744000,362.059720,1042,92,0.003651,0.4219
18746000,355.355799,1001,104,0.007260,0.3047
18748000,360.659710,1035,97,0.004637,0.2969
18750000,359.678478,1023,103,0.006208,0.3906
18752000,364.935795,1051,89,0.006790,0.3594
18754000,361.732415,1040,110,0.007750,0.3672
18756000,363.782176,1050,92,0.008260,0.3438
18758000,356.773360,1016,115,0.008068,0.3984
18760000,357.350019,1026,101,0.005466,0.3672
18762000,357.750734,1026,112,0.009341,0.4062
18764000,357.016016,1020,117,0.013083,0.4219
18766000,363.547054,1021,113,0.013020,0.3594
18768000,362.884587,1041,104,0.019874,0.4297
18770000,365.209704,1032,118,0.024006,0.3672
18772000,362.126558,1032,98,0.019294,0.4062
18774000,359.518846,1030,108,0.022468,0.4062
18776000,367.037155,1034,101,0.023819,0.4062
18778000,371.984550,1046,113,0.019855,0.2578
18780000,373.079004,1033,107,0.020916,0.4141
18782000,367.389747,1049,104,0.019806,0.3125
18784000,367.952315,1081,77,0.015473,0.2969
18786000,368.256251,1077,81,0.015200,0.3984
18788000,367.588590,1060,98,0.012563,0.2969
18790000,369.715840,1063,108,0.010187,0.3203
18792000,371.867702,1040,106,0.010741,0.3672
18794000,372.354758,1021,133,0.013766,0.4375
18796000,368.610347,1040,120,0.018809,0.3594
18798000,370.198295,1049,109,0.024258,0.4453
18800000,370.302518,1086,99,0.022308,0.3281
18802000,377.024319,1070,106,0.020155,0.3594
18804000,372.691243,1065,96,0.022689,0.3438
18806000,376.574795,1091,83,0.022230,0.3594
18808000,374.226443,1074,100,0.018522,0.3828
18810000,372.486936,1064,90,0.022260,0.3438
18812000,376.322811,1067,98,0.016729,0.3672
18814000,374.569886,1064,109,0.019747,0.4453
18816000,375.483070,1076,99,0.025431,0.3516
18818000,368.547574,1047,123,0.020755,0.3984
18820000,366.204867,1051,100,0.013578,0.3906
18822000,368.618887,1046,93,0.012421,0.3438
18824000,370.978470,1043,102,0.008378,0.3750
18826000,367.924358,1062,84,0.008142,0.3516
18828000,372.407059,1068,93,0.005563,0.2812
18830000,370.206766,1039,105,0.008768,0.2891
18832000,373.234150,1050,96,0.006507,0.3984
18834000,372.099350,1031,106,0.006630,0.3438
18836000,378.129095,1027,110,0.003248,0.6016
18838000,385.216908,1043,108,0.004538,0.3359
18840000,383.517315,1080,86,0.003812,0.3359
18842000,391.822383,1096,82,0.002176,0.3594
18844000,391.043623,1101,81,0.001956,0.2344
18846000,381.672463,1096,85,0.002953,0.2891
18848000,378.128131,1068,85,0.002509,0.3203
18850000,379.100046,1062,81,0.001202,0.3594
18852000,381.908796,1056,95,0.001750,0.3125
18854000,377.304796,1068,99,0.002331,0.4062
18856000,369.396231,1040,101,0.002664,0.3281
18858000,376.458487,1062,90,0.002725,0.3047
18860000,379.034200,1069,107,0.003486,0.3750
18862000,382.386748,1068,103,0.006031,0.3359
18864000,380.599323,1100,92,0.005610,0.3906
18866000,379.258783,1095,101,0.004973,0.3125
18868000,377.474456,1079,85,0.007595,0.2578
18870000,378.142734,1082,92,0.009242,0.3203
18872000,376.142095,1083,92,0.007392,0.3594
18874000,380.509415,1074,96,0.006636,0.3047
18876000,383.093950,1058,91,0.010476,0.3516
18878000,379.639335,1040,105,0.009474,0.3672
18880000,377.086951,1051,116,0.008448,0.3438
18882000,375.569072,1065,96,0.012348,0.3438
18884000,374.834571,1054,115,0.008832,0.2500
18886000,378.017244,1054,112,0.005202,0.3672
18888000,379.559646,1044,109,0.005779,0.3828
18890000,376.437255,1063,98,0.002800,0.3203
18892000,372.007350,1046,101,0.000850,0.3203
18894000,371.693136,1048,110,0.002359,0.3750
18896000,368.592406,1041,100,0.002037,0.3438
18898000,365.238659,1034,99,0.003708,0.3750
18900000,364.631742,1044,100,0.003028,0.3438
18902000,367.535835,1018,121,0.002733,0.4609
18904000,366.544200,1036,96,0.001913,0.3672
18906000,370.633276,1026,105,0.004621,0.3984
18908000,370.855859,1048,94,0.004847,0.3359
18910000,381.548375,1050,87,0.003053,0.3516
18912000,382.291982,1071,88,0.003587,0.3203
18914000,383.757950,1078,94,0.005806,0.2969
18916000,390.323755,1053,109,0.006183,0.4141
18918000,386.824766,1059,101,0.005334,0.3281
18920000,380.644651,1056,98,0.009068,0.3828
18922000,372.184716,1046,111,0.007496,0.4375
18924000,379.552135,1048,102,0.006708,0.5469
18926000,380.122507,1070,85,0.009507,0.3438
18928000,380.634032,1081,80,0.010108,0.2500
18930000,379.454767,1076,99,0.012122,0.3203
18932000,379.437030,1043,98,0.019984,0.3594
18934000,376.469755,1061,98,0.016002,0.3516
18936000,375.207422,1070,106,0.017046,0.2969
18938000,373.360710,1060,104,0.016356,0.3828
18940000,373.402510,1053,107,0.014452,0.4062
18942000,373.846027,1066,90,0.011780,0.3125
18944000,369.814255,1050,113,0.010702,0.4141
18946000,367.887030,1068,103,0.008587,0.3281
18948000,374.251991,1066,108,0.010317,0.3516
18950000,373.615271,1088,90,0.009571,0.2422
18952000,382.092423,1086,92,0.007223,0.3438
18954000,378.921215,1083,99,0.009524,0.3672
18956000,374.273180,1075,102,0.013385,0.3125
18958000,372.641472,1092,75,0.010590,0.2500
18960000,370.098763,1073,87,0.012642,0.3125
18962000,373.332990,1087,97,0.015000,0.3672
18964000,375.880608,1088,105,0.016342,0.3594
18966000,377.315615,1074,107,0.019283,0.3906
18968000,371.265907,1061,103,0.012682,0.3828
18970000,375.871022,1058,98,0.009501,0.3594
18972000,376.930030,1056,100,0.007491,0.2891
18974000,372.383560,1044,106,0.011131,0.4141
18976000,378.784558,1067,91,0.007999,0.3516
18978000,380.434216,1052,97,0.010246,0.3359
18980000,369.638460,1058,89,0.003844,0.2891
18982000,367.175811,1050,99,0.004585,0.3750
18984000,361.909184,1061,92,0.004730,0.3906
18986000,366.682396,1079,95,0.005612,0.3672
18988000,371.214135,1057,111,0.001492,0.3594
18990000,368.842379,1056,98,0.002956,0.5234
18992000,370.045947,1064,95,0.003322,0.3203
18994000,371.947030,1035,111,0.004244,0.4062
18996000,366.599995,1048,91,0.005761,0.3906
18998000,369.832735,1052,88,0.008556,0.3594
19000000,370.307499,1060,93,0.004081,0.3438
19002000,372.873115,1040,100,0.004989,0.3906
19004000,375.221519,1047,96,0.006028,0.3203
19006000,371.090600,1035,98,0.009375,0.3750
19008000,364.618088,1019,113,0.007566,0.3828
19010000,372.171695,1072,89,0.008203,0.3594
19012000,372.173550,1053,95,0.005344,0.3516
19014000,369.249222,1060,95,0.005931,0.4062
19016000,375.058595,1038,109,0.004800,0.3906
19018000,371.043420,1041,91,0.001792,0.3750
19020000,366.868748,1047,106,0.000718,0.4141
19022000,370.997056,1062,91,0.000726,0.4375
19024000,367.883951,1046,120,0.001179,0.4062
19026000,371.273238,1056,99,0.001428,0.4375
19028000,371.655296,1050,91,0.000724,0.3750
19030000,369.894967,1073,85,0.000863,0.3906
19032000,370.137000,1061,98,0.001812,0.3672
19034000,370.851622,1072,89,0.003936,0.3359
19036000,375.311422,1090,84,0.002294,0.2656
19038000,375.232332,1087,96,0.002477,0.4141
19040000,374.306246,1054,113,0.003055,0.3281
19042000,370.559040,1052,98,0.000889,0.3984
19044000,372.361323,1065,95,0.003709,0.2734
19046000,361.924950,1058,87,0.002631,0.3203
19048000,365.328087,1059,92,0.000601,0.3359
19050000,370.062503,1049,114,0.000541,0.4531
19052000,368.653686,1053,102,0.000709,0.3594
19054000,374.068767,1069,103,0.003516,0.2344
19056000,374.600870,1065,95,0.002650,0.4453
19058000,371.699910,1040,95,0.001132,0.4688
19060000,370.596195,1042,97,0.000727,0.4219
19062000,358.023355,1048,86,0.000465,0.4609
19064000,357.024550,1028,112,0.000440,0.3984
19066000,352.619791,1023,119,0.000199,0.3906
19068000,351.883155,1019,110,0.000119,0.3828
19070000,358.473459,1032,96,0.000730,0.3125
19072000,360.294174,1017,105,0.001511,0.4141
19074000,351.849960,988,116,0.003138,0.4141
19076000,356.385455,1033,118,0.001951,0.4297
19078000,360.235936,1042,104,0.006709,0.3672
19080000,363.478195,1048,108,0.004813,0.4141
19082000,362.236455,1024,107,0.008851,0.3984
19084000,362.856415,1053,110,0.012198,0.3516
19086000,360.235411,1039,115,0.011465,0.3203
19088000,367.128518,1061,101,0.007766,0.3281
19090000,363.855759,1066,79,0.009054,0.4062
19092000,364.202643,1067,103,0.004166,0.3672
19094000,370.917900,1085,67,0.007257,0.3359
19096000,373.777691,1071,94,0.005291,0.2891
19098000,369.886606,1055,95,0.001671,0.2891
19100000,371.131502,1055,103,0.004849,0.3672
19102000,371.528623,1045,109,0.007273,0.3516
19104000,377.560566,1044,102,0.003159,0.3047
19106000,375.079660,1064,109,0.001973,0.3125
19108000,368.919116,1049,107,0.003164,0.3906
19110000,370.304479,1025,98,0.004585,0.2734
19112000,375.902070,1038,91,0.003163,0.4141
19114000,370.452339,1046,94,0.002745,0.3281
19116000,364.055182,1046,104,0.000194,0.2422
19118000,362.739308,1030,105,0.000423,0.5469
19120000,366.620439,1046,106,0.001461,0.4297
19122000,359.344734,1052,111,0.001644,0.4453
19124000,362.981276,1063,100,0.002300,0.4062
19126000,368.525035,1060,98,0.001001,0.2656
19128000,370.684835,1055,106,0.001758,0.3750
19130000,378.324940,1060,98,0.001393,0.3672
19132000,380.134863,1060,104,0.001545,0.3750
19134000,374.585491,1057,98,0.002005,0.3047
19136000,372.036675,1054,98,0.003283,0.3828
19138000,373.902131,1066,94,0.001742,0.3516
19140000,372.842171,1068,83,0.003380,0.2891
19142000,373.766527,1068,92,0.000137,0.3125
19144000,378.019471,1087,100,0.001147,0.3438
19146000,374.727638,1071,113,0.000385,0.2969
19148000,378.791468,1077,109,0.000901,0.4688
19150000,389.463228,1085,108,0.000902,0.3984
19152000,389.927600,1080,97,0.003402,0.3203
19154000,388.806619,1080,91,0.008051,0.2734
19156000,391.744028,1091,89,0.007272,0.4375
19158000,388.720894,1105,89,0.006021,0.3594
19160000,394.262415,1102,83,0.008058,0.3203
19162000,393.373958,1110,84,0.011214,0.2891
19164000,394.806487,1099,95,0.006580,0.3281
19166000,396.971695,1099,95,0.007553,0.3516
19168000,398.146236,1110,65,0.007730,0.2969
19170000,394.663251,1105,90,0.007431,0.4141
19172000,396.891158,1093,95,0.005486,0.3359
19174000,393.939320,1085,99,0.005478,0.3125
19176000,394.080063,1087,98,0.004796,0.3047
19178000,399.645691,1121,78,0.004892,0.3281
19180000,401.294912,1120,82,0.001967,0.3047
19182000,400.239247,1071,105,0.000964,0.4609
19184000,400.900582,1094,109,0.000100,0.4375
19186000,400.281948,1119,95,0.000584,0.3203
19188000,400.636670,1130,86,0.000933,0.3359
19190000,394.398131,1108,101,0.001487,0.3828
19192000,392.499472,1098,99,0.001652,0.3359
19194000,391.522086,1111,90,0.002496,0.3750
19196000,387.373647,1116,83,0.002600,0.3281
19198000,381.812220,1104,80,0.001855,0.4062
19200000,386.525054,1088,95,0.003542,0.3594
19202000,378.247206,1064,86,0.002408,0.3906
19204000,381.608396,1106,80,0.001495,0.4062
19206000,385.969223,1100,90,0.000834,0.3594
19208000,382.846880,1110,83,0.000021,0.3438
19210000,383.813638,1122,74,0.000427,0.3438
19212000,384.095555,1117,80,0.000286,0.3359
19214000,375.094527,1080,100,0.001419,0.3281
19216000,376.591811,1082,101,0.000122,0.3594
19218000,373.434142,1075,108,0.000008,0.3438
19220000,372.966824,1083,99,0.000841,0.4688
19222000,381.147515,1097,85,0.000915,0.3984
19224000,373.508236,1071,87,0.000093,0.4141
19226000,374.048983,1073,100,0.000140,0.3906
19228000,375.731299,1078,108,0.001245,0.3281
19230000,370.587995,1076,98,0.000487,0.3359
19232000,372.449516,1068,88,0.000092,0.3125
19234000,366.105983,1042,106,0.000771,0.3359
19236000,364.565212,1055,97,0.001688,0.3672
19238000,364.549758,1036,100,0.001743,0.3125
19240000,365.671695,1038,108,0.003084,0.3906
19242000,365.160110,1058,99,0.001495,0.4453
19244000,370.322150,1058,94,0.001604,0.3359
19246000,366.090219,1055,97,0.001609,0.3281
19248000,369.711094,1057,84,0.001156,0.4141
19250000,363.663739,1071,92,0.001607,0.3828
19252000,362.386000,1058,95,0.001792,0.3984
19254000,363.888815,1054,94,0.000197,0.4297
19256000,363.392315,1044,95,0.001384,0.4219
19258000,361.445007,1032,116,0.004668,0.3750
19260000,361.367112,1027,106,0.009051,0.3906
19262000,365.456190,1053,116,0.001886,0.3516
19264000,362.223403,1056,111,0.001857,0.4297
19266000,363.806479,1067,95,0.000901,0.4062
19268000,355.478430,1041,97,0.000356,0.4531
19270000,364.109776,1052,101,0.000615,0.3828
19272000,359.899711,1051,110,0.000807,0.3984
19274000,363.364640,1027,107,0.001529,0.3359
19276000,364.543375,1041,111,0.005551,0.3828
19278000,363.378380,1032,112,0.003997,0.3359
19280000,360.778007,1031,106,0.006748,0.3984
19282000,363.687747,1037,100,0.000815,0.3594
19284000,363.434439,1041,103,0.002841,0.3750
19286000,363.060460,1040,102,0.005007,0.3281
19288000,365.840607,1034,107,0.004200,0.4375
19290000,364.133395,1025,96,0.001801,0.3438
19292000,365.858774,1030,108,0.000740,0.4219
19294000,365.555560,1035,111,0.001831,0.4062
19296000,362.551174,1061,89,0.003309,0.3125
19298000,362.602748,1048,80,0.004625,0.2500
19300000,357.375222,1060,108,0.002355,0.3438
19302000,361.915430,1062,94,0.001466,0.4062
19304000,363.988720,1074,95,0.002940,0.4922
19306000,359.943531,1073,104,0.006523,0.3594
19308000,366.768907,1071,103,0.009604,0.4219
19310000,366.035063,1086,95,0.008339,0.3516
19312000,358.574204,1078,91,0.009778,0.3047
19314000,353.582686,1038,101,0.007371,0.4297
19316000,351.755975,1038,108,0.009844,0.4297
19318000,354.965091,1053,79,0.009858,0.3047
19320000,351.913296,1031,111,0.004011,0.4531
19322000,360.933382,1011,115,0.007856,0.3750
19324000,363.838055,1037,89,0.007848,0.3438
19326000,362.246755,1027,101,0.007424,0.3750
19328000,360.888231,1022,91,0.006549,0.3125
19330000,362.685046,1036,87,0.005796,0.3359
19332000,369.045214,1056,110,0.008302,0.3984
19334000,366.142600,1046,93,0.005599,0.3359
19336000,369.809758,1052,96,0.007053,0.3281
19338000,371.400912,1058,105,0.005734,0.2812
19340000,367.123982,1065,109,0.003364,0.4141
19342000,366.441500,1066,104,0.003630,0.3672
19344000,371.942550,1053,100,0.002816,0.4141
19346000,370.513800,1061,99,0.005778,0.3672
19348000,373.317310,1083,93,0.006040,0.3281
19350000,379.825240,1082,81,0.005106,0.3828
19352000,382.407718,1084,99,0.005121,0.3359
19354000,385.111390,1090,109,0.003530,0.3125
19356000,383.239128,1067,106,0.005670,0.3906
19358000,383.939823,1096,86,0.003596,0.2891
19360000,378.923255,1077,84,0.007846,0.1719
19362000,378.701520,1090,86,0.008784,0.3203
19364000,377.776003,1081,94,0.011645,0.3281
19366000,378.828379,1090,97,0.011941,0.3516
19368000,367.172875,1088,86,0.008342,0.4141
19370000,360.207054,1063,97,0.007209,0.3594
19372000,365.466710,1046,96,0.010291,0.3750
19374000,363.674526,1048,104,0.012021,0.4219
19376000,364.845014,1059,103,0.009969,0.3203
19378000,366.512575,1073,86,0.008547,0.2891
19380000,360.819896,1022,140,0.008203,0.4609
19382000,354.815355,1031,113,0.007825,0.2891
19384000,353.889039,1032,89,0.004671,0.4375
19386000,354.386636,1028,99,0.008854,0.4922
19388000,354.926024,1036,101,0.002074,0.4609
19390000,353.864727,1024,93,0.002910,0.3750
19392000,346.886828,1013,100,0.004407,0.3438
19394000,355.249800,1031,105,0.003821,0.4141
19396000,356.036719,1051,91,0.004604,0.3672
19398000,354.927875,1055,79,0.004865,0.3750
19400000,357.107955,1043,93,0.004436,0.3203
19402000,355.552099,1027,106,0.004809,0.3203
19404000,359.308630,1047,100,0.006300,0.3516
19406000,353.724070,1047,85,0.006086,0.4297
19408000,355.762515,1054,102,0.007582,0.3203
19410000,359.792334,1058,101,0.009198,0.4297
19412000,360.073443,1047,113,0.006047,0.3594
19414000,367.308832,1044,106,0.009732,0.4531
19416000,373.542406,1055,100,0.013387,0.3906
19418000,363.049799,1046,95,0.016070,0.3281
19420000,358.016907,1041,113,0.020379,0.3828
19422000,357.660555,1045,117,0.012952,0.4297
19424000,361.714627,1050,109,0.012722,0.3438
19426000,365.743627,1068,99,0.009139,0.3281
19428000,364.980716,1071,89,0.010651,0.3359
19430000,363.197311,1042,81,0.014062,0.3984
19432000,368.490062,1056,93,0.011826,0.3125
19434000,367.473020,1069,101,0.011247,0.4531
19436000,373.894428,1086,88,0.011010,0.3281
19438000,368.939971,1082,84,0.011862,0.2969
19440000,372.618075,1072,94,0.015296,0.4062
19442000,377.783358,1092,96,0.018064,0.3359
19444000,373.048415,1078,95,0.017702,0.2344
19446000,365.754655,1041,108,0.022569,0.5000
19448000,362.543375,1057,94,0.022653,0.3281
19450000,362.674892,1051,106,0.017116,0.4531
19452000,362.380375,1027,114,0.018642,0.3750
19454000,362.883262,1013,103,0.025142,0.2969
19456000,358.350550,1011,95,0.014908,0.3906
19458000,361.794750,1025,116,0.022900,0.4219
19460000,358.480079,1035,124,0.018991,0.3828
19462000,362.623243,1042,103,0.021758,0.4297
19464000,367.247191,1035,111,0.017012,0.3359
19466000,369.117579,1052,115,0.013747,0.3359
19468000,372.965619,1039,119,0.018177,0.4375
19470000,374.399500,1042,108,0.016786,0.4609
19472000,376.001235,1041,101,0.020308,0.3828
19474000,372.565259,1044,103,0.021757,0.3438
19476000,366.335307,1056,107,0.019650,0.3906
19478000,371.400439,1063,103,0.024009,0.3125
19480000,379.868286,1070,92,0.022147,0.3438
19482000,378.895710,1070,88,0.015183,0.3906
19484000,378.720398,1044,104,0.026406,0.3281
19486000,376.599471,1047,109,0.021458,0.4062
19488000,368.207820,1055,98,0.025556,0.4766
19490000,371.460088,1076,93,0.033641,0.4219
19492000,371.184763,1085,80,0.032288,0.3594
19494000,369.894275,1067,96,0.030311,0.4219
19496000,369.076380,1057,96,0.026797,0.3906
19498000,375.987996,1071,87,0.023692,0.3438
19500000,378.757670,1064,94,0.029167,0.3906
19502000,384.183815,1065,105,0.029277,0.3359
19504000,387.435038,1081,94,0.019415,0.3672
19506000,383.443310,1064,108,0.023602,0.4219
19508000,383.065504,1074,108,0.016009,0.2891
19510000,382.024990,1086,104,0.012848,0.3516
19512000,384.802878,1115,72,0.018735,0.2578
19514000,378.082095,1086,81,0.019128,0.3516
19516000,380.897788,1072,104,0.032184,0.3516
19518000,382.181862,1079,93,0.027435,0.3906
19520000,373.419815,1062,99,0.015772,0.3359
19522000,370.109686,1040,116,0.015820,0.3906
19524000,373.335646,1043,97,0.015039,0.3438
19526000,374.990798,1051,103,0.016018,0.3359
19528000,366.873915,1046,103,0.015632,0.4062
19530000,376.053299,1047,109,0.017079,0.3359
19532000,380.674463,1073,105,0.017878,0.2891
19534000,378.943072,1061,99,0.015940,0.3516
19536000,382.827400,1073,95,0.016533,0.3203
19538000,384.282915,1077,90,0.018539,0.3750
19540000,386.837575,1070,108,0.014526,0.4453
19542000,384.422664,1072,92,0.019334,0.3047
19544000,392.732859,1091,84,0.029677,0.3438
19546000,389.254267,1059,102,0.032453,0.4062
19548000,392.662815,1105,70,0.028880,0.3750
19550000,390.381795,1070,104,0.032842,0.3516
19552000,390.532662,1073,108,0.027324,0.3438
19554000,392.991600,1071,96,0.019282,0.3125
19556000,392.190735,1094,86,0.013158,0.3516
19558000,393.176844,1080,87,0.011505,0.3359
19560000,389.640739,1083,84,0.013091,0.2812
19562000,393.855319,1100,92,0.017991,0.3828
19564000,394.063175,1087,90,0.009457,0.3359
19566000,400.317320,1090,95,0.010087,0.2891
19568000,399.780176,1088,94,0.010099,0.3281
19570000,400.979808,1088,88,0.007745,0.3438
19572000,399.998435,1074,102,0.007870,0.3672
19574000,392.457215,1069,109,0.009774,0.3906
19576000,399.697336,1087,105,0.009926,0.2969
19578000,398.284620,1113,81,0.010853,0.3750
19580000,399.244859,1098,92,0.007637,0.3828
19582000,393.174847,1089,101,0.002672,0.3594
19584000,389.850864,1081,108,0.007013,0.4219
19586000,394.344566,1092,85,0.005795,0.3594
19588000,400.385774,1094,73,0.010263,0.2891
19590000,403.665912,1080,83,0.006753,0.3594
19592000,402.190455,1083,86,0.010174,0.4531
19594000,406.036595,1078,92,0.013431,0.2891
19596000,400.369795,1087,85,0.009796,0.3906
19598000,406.199150,1083,94,0.011842,0.3125
19600000,414.726727,1101,73,0.013545,0.3828
19602000,407.759224,1095,91,0.020673,0.3828
19604000,407.013907,1084,103,0.022404,0.4297
19606000,419.506439,1107,99,0.026085,0.3281
19608000,419.140830,1114,87,0.025789,0.3984
19610000,414.949150,1075,103,0.020083,0.3594
19612000,406.717079,1085,91,0.024075,0.3672
19614000,405.201719,1078,83,0.026550,0.3047
19616000,406.426995,1086,95,0.017986,0.3828
19618000,406.817875,1099,90,0.021600,0.3750
19620000,404.188911,1114,95,0.022265,0.3359
19622000,405.062508,1094,93,0.016509,0.2969
19624000,401.141852,1114,77,0.017349,0.2578
19626000,397.593731,1114,77,0.015346,0.3359
19628000,388.384327,1081,108,0.014487,0.4375
19630000,390.750147,1064,111,0.014561,0.4297
19632000,397.367134,1089,85,0.017467,0.3281
19634000,398.266310,1110,83,0.016739,0.3984
19636000,394.288768,1109,84,0.014037,0.2266
19638000,391.213847,1106,109,0.010386,0.4141
19640000,388.615539,1086,107,0.010432,0.2891
19642000,385.336339,1067,100,0.005664,0.3672
19644000,387.056300,1080,102,0.005815,0.4141
19646000,390.259455,1083,102,0.005754,0.3828
19648000,389.304716,1064,111,0.002708,0.3281
19650000,391.797203,1084,93,0.002198,0.2891
19652000,386.947900,1075,90,0.005107,0.3438
19654000,387.977647,1098,81,0.005426,0.3750
19656000,386.383270,1095,85,0.007450,0.2969
19658000,381.596988,1082,98,0.005165,0.4219
19660000,385.366636,1061,109,0.004710,0.3984
19662000,386.738012,1070,108,0.003847,0.2812
19664000,387.413375,1072,97,0.011259,0.3828
19666000,387.200534,1053,116,0.013311,0.4297
19668000,380.768419,1062,107,0.018791,0.4531
19670000,379.211190,1064,103,0.018008,0.3281
19672000,373.199363,1023,98,0.017798,0.3203
19674000,376.239980,1037,111,0.009782,0.4219
19676000,371.250747,1045,99,0.013112,0.4062
19678000,372.177851,1050,103,0.012206,0.2969
19680000,368.939750,1043,101,0.012925,0.3359
19682000,364.763355,1039,112,0.012629,0.2969
19684000,369.531262,1056,101,0.010154,0.4531
19686000,373.584551,1058,96,0.015417,0.3125
19688000,368.883880,1060,98,0.010230,0.3203
19690000,371.978603,1069,90,0.008282,0.3281
19692000,374.018264,1079,80,0.007659,0.2734
19694000,371.259360,1075,93,0.002688,0.4453
19696000,373.705543,1070,99,0.007403,0.3281
19698000,374.669646,1072,104,0.003360,0.2891
19700000,377.502024,1100,86,0.004730,0.3281
19702000,371.570910,1076,99,0.007309,0.3906
19704000,366.668668,1058,109,0.009539,0.4375
19706000,371.350975,1068,112,0.011202,0.3828
19708000,372.734566,1087,87,0.016257,0.3281
19710000,367.863840,1088,93,0.008068,0.3672
19712000,369.396062,1088,88,0.007089,0.4297
19714000,371.351660,1070,110,0.006237,0.3516
19716000,368.972606,1088,85,0.005326,0.2656
19718000,361.701990,1074,92,0.006608,0.3750
19720000,363.381862,1080,92,0.008696,0.4062
19722000,368.670971,1078,92,0.010305,0.3203
19724000,368.681996,1059,86,0.013509,0.2656
19726000,374.246267,1067,103,0.013376,0.3828
19728000,377.184983,1071,94,0.011887,0.4688
19730000,375.541051,1058,103,0.003813,0.3047
19732000,375.966076,1057,97,0.005060,0.3125
19734000,376.100656,1058,95,0.006174,0.3594
19736000,371.925264,1055,102,0.007341,0.3906
19738000,371.831495,1039,107,0.004174,0.3359
19740000,368.795710,1055,96,0.004177,0.2891
19742000,373.718275,1051,97,0.010893,0.4453
19744000,375.004827,1067,93,0.008748,0.3516
19746000,368.478966,1060,110,0.008835,0.3281
19748000,365.522518,1057,102,0.012665,0.3203
19750000,370.947150,1045,105,0.009636,0.3438
19752000,373.359491,1062,109,0.013434,0.3672
19754000,373.030807,1061,120,0.012900,0.4141
19756000,381.584447,1078,92,0.012652,0.3281
19758000,380.663568,1068,90,0.014174,0.3359
19760000,380.215836,1077,82,0.014705,0.3516
19762000,375.212955,1065,100,0.011239,0.3594
19764000,375.568947,1052,94,0.009241,0.4609
19766000,376.770462,1056,103,0.010812,0.2969
19768000,376.949375,1055,103,0.017704,0.3438
19770000,381.153344,1055,105,0.013746,0.4453
19772000,377.942390,1064,118,0.009411,0.4219
19774000,384.394327,1073,100,0.011425,0.4297
19776000,382.476727,1073,104,0.010867,0.4141
19778000,389.808076,1094,88,0.011331,0.2891
19780000,390.364206,1093,91,0.021951,0.2891
19782000,393.085980,1061,117,0.027929,0.3984
19784000,395.848995,1107,90,0.016311,0.3203
19786000,400.592763,1098,100,0.009387,0.3203
19788000,403.049947,1107,93,0.008902,0.2891
19790000,402.780299,1118,80,0.007103,0.3047
19792000,403.432947,1111,89,0.007152,0.3516
19794000,403.036895,1109,106,0.009661,0.3672
19796000,397.609551,1106,89,0.006721,0.3594
19798000,398.103195,1087,95,0.011669,0.3750
19800000,395.684659,1074,93,0.010180,0.3125
19802000,395.564395,1100,86,0.007732,0.3203
19804000,401.118720,1114,84,0.007712,0.2812
19806000,397.063654,1119,86,0.002135,0.3750
19808000,387.437443,1097,95,0.001559,0.4297
19810000,388.823691,1099,85,0.001463,0.3047
19812000,384.340174,1069,99,0.001436,0.4141
19814000,382.376302,1083,87,0.002463,0.3750
19816000,387.199500,1081,92,0.002711,0.3594
19818000,377.975971,1075,86,0.003033,0.3438
19820000,377.203931,1042,118,0.002764,0.3906
19822000,371.167724,1066,94,0.003453,0.3828
19824000,362.034880,1039,105,0.002192,0.3672
19826000,361.171676,1034,115,0.008573,0.3828
19828000,364.016419,1036,113,0.004956,0.4141
19830000,369.821534,1032,110,0.003241,0.4141
19832000,372.707259,1040,123,0.003228,0.3516
19834000,365.250748,1049,96,0.002561,0.3281
19836000,365.539687,1062,101,0.000818,0.3359
19838000,370.267960,1066,103,0.000487,0.4062
19840000,366.636060,1049,102,0.000521,0.3594
19842000,369.516940,1078,82,0.000451,0.3047
19844000,369.767155,1060,99,0.000930,0.3203
19846000,373.968095,1068,74,0.000743,0.2891
19848000,367.103344,1044,93,0.000473,0.3672
19850000,374.417671,1037,105,0.000336,0.3516
19852000,376.995134,1053,102,0.000001,0.3203
19854000,372.704119,1050,102,0.002028,0.3984
19856000,367.627820,1068,93,0.000408,0.3047
19858000,369.894934,1050,106,0.000412,0.3594
19860000,367.059875,1042,110,0.000779,0.4531
19862000,367.228255,1056,122,0.000745,0.3750
19864000,374.053795,1060,102,0.000364,0.3047
19866000,374.545436,1064,99,0.000037,0.3750
19868000,375.891551,1081,82,0.000292,0.3516
19870000,372.648120,1052,94,0.001016,0.3203
19872000,371.359630,1057,99,0.002883,0.3125
19874000,371.632584,1056,104,0.003575,0.3828
19876000,365.916398,1044,88,0.003677,0.3359
19878000,360.844271,1021,113,0.002291,0.4219
19880000,362.139427,1043,98,0.001772,0.3047
19882000,365.598222,1046,95,0.000323,0.2969
19884000,368.954102,1054,106,0.001312,0.2969
19886000,365.920911,1066,87,0.003249,0.3359
19888000,371.120024,1072,91,0.005356,0.3672
19890000,367.428235,1071,91,0.005881,0.3594
19892000,370.177118,1090,80,0.003106,0.3828
19894000,365.339340,1075,94,0.005185,0.3672
19896000,372.860431,1084,91,0.008288,0.3281
19898000,372.770275,1070,101,0.007846,0.3516
19900000,371.738739,1064,103,0.004725,0.4141
19902000,369.421580,1077,88,0.001980,0.3281
19904000,370.336651,1077,94,0.005080,0.3828
19906000,369.793503,1066,84,0.003815,0.4531
19908000,362.357468,1062,91,0.003357,0.3672
19910000,367.296428,1065,99,0.003399,0.3125
19912000,363.849611,1067,93,0.003511,0.3281
19914000,360.557740,1055,97,0.004369,0.3594
19916000,361.271395,1052,103,0.004134,0.2656
19918000,361.707654,1077,96,0.003327,0.3281
19920000,359.435503,1063,109,0.001459,0.3828
19922000,368.058790,1093,95,0.003643,0.3203
19924000,370.064855,1085,89,0.005139,0.3984
19926000,370.264043,1085,84,0.005652,0.3281
19928000,364.634343,1072,89,0.003529,0.3828
19930000,371.956515,1090,85,0.004712,0.3438
19932000,375.553560,1078,80,0.008112,0.3594
19934000,365.213902,1040,109,0.007590,0.3281
19936000,371.892535,1045,109,0.009995,0.3984
19938000,370.518760,1036,113,0.007507,0.3906
19940000,369.518680,1034,106,0.007204,0.3359
19942000,367.796572,1026,120,0.006561,0.3516
19944000,365.075670,1036,113,0.006210,0.4062
19946000,365.956855,1071,102,0.006975,0.3672
19948000,364.546991,1065,96,0.006507,0.3125
19950000,367.631806,1045,99,0.006674,0.3438
19952000,368.417791,1054,116,0.008239,0.3828
19954000,370.797355,1064,104,0.009820,0.2812
19956000,368.985723,1047,95,0.006669,0.3828
19958000,374.960311,1049,103,0.008800,0.3984
19960000,375.218319,1036,107,0.007640,0.4141
19962000,375.704600,1058,109,0.003606,0.4531
19964000,371.687191,1060,102,0.004271,0.3750
19966000,368.721320,1054,106,0.007624,0.4766
19968000,369.471279,1044,91,0.008656,0.3906
19970000,366.398827,1031,107,0.009458,0.4297
19972000,370.784988,1052,108,0.007457,0.3594
19974000,373.889180,1039,111,0.008106,0.4219
19976000,373.474487,1059,88,0.010988,0.2422
19978000,372.631694,1063,98,0.013500,0.2734
19980000,377.874659,1077,102,0.020119,0.3359
19982000,376.112795,1074,86,0.014212,0.3438
19984000,379.244911,1067,97,0.014296,0.3906
19986000,381.663883,1084,82,0.008215,0.3438
19988000,375.167468,1072,100,0.006642,0.4219
19990000,371.327820,1063,103,0.003165,0.4219
19992000,369.971891,1056,101,0.005067,0.3594
19994000,367.357863,1060,92,0.003142,0.3281
19996000,365.325750,1050,95,0.002470,0.3281
19998000,362.800367,1061,102,0.001231,0.3906
20000000,360.317196,1035,108,0.004682,0.2891
20002000,357.948732,1048,94,0.003961,0.4062
20004000,358.389936,1042,96,0.003453,0.2812
20006000,363.634750,1055,85,0.000757,0.2500
20008000,363.286511,1035,94,0.003684,0.3906
20010000,356.647315,1018,115,0.003024,0.3906
20012000,353.200638,1032,100,0.003150,0.3516
20014000,353.099323,1036,89,0.003433,0.3906
20016000,348.264310,1036,100,0.002004,0.4297
20018000,351.469052,1026,104,0.001617,0.3828
20020000,355.951182,1029,100,0.002552,0.3984
20022000,355.798632,1029,102,0.002448,0.3828
20024000,360.783360,1026,101,0.001370,0.4453
20026000,361.162318,1034,117,0.001276,0.4297
20028000,361.346795,1023,106,0.001914,0.3906
20030000,360.903467,1042,122,0.004343,0.4609
20032000,363.577548,1028,121,0.005417,0.3594
20034000,368.312195,1053,101,0.005595,0.3125
20036000,363.053692,1035,107,0.003709,0.4062
20038000,359.613967,1026,106,0.003439,0.3906
20040000,354.683519,1017,117,0.002821,0.4219
20042000,357.719084,1037,112,0.000578,0.4922
20044000,350.254716,1020,110,0.000239,0.4531
20046000,357.078831,1043,95,0.000060,0.3516
20048000,359.916835,1039,102,0.000474,0.4297
20050000,359.639800,1045,99,0.001842,0.3906
20052000,360.515899,1051,100,0.001758,0.3281
20054000,362.044444,1048,91,0.000448,0.3125
20056000,367.642695,1051,105,0.002271,0.3516
20058000,365.233500,1038,108,0.002865,0.2734
20060000,365.505455,1051,92,0.003467,0.3750
20062000,362.508247,1055,98,0.002187,0.3828
20064000,366.983736,1074,97,0.001885,0.2812
20066000,365.153976,1049,112,0.001912,0.3516
20068000,361.790055,1050,112,0.000553,0.4219
20070000,357.959851,1043,116,0.006080,0.3359
20072000,363.397254,1053,91,0.006871,0.3047
20074000,366.385639,1063,82,0.009067,0.4062
20076000,362.643526,1042,93,0.006411,0.3672
20078000,373.574790,1056,93,0.006737,0.3516
20080000,370.368588,1049,97,0.005895,0.3203
20082000,369.248828,1056,88,0.006479,0.3359
20084000,368.010150,1063,102,0.005987,0.4062
20086000,371.893607,1049,110,0.009877,0.4375
20088000,368.198015,1038,117,0.006603,0.3828
20090000,366.645750,1055,100,0.002033,0.3984
20092000,363.765635,1029,107,0.001476,0.3438
20094000,361.347303,1045,104,0.001198,0.3906
20096000,355.217670,1040,105,0.001980,0.3125
20098000,362.722887,1033,106,0.000359,0.4297
20100000,361.932278,1049,93,0.000563,0.3281
20102000,363.003495,1056,97,0.000914,0.3359
20104000,363.188475,1055,105,0.000395,0.3594
20106000,361.850780,1054,107,0.000342,0.3203
20108000,360.813150,1047,92,0.000012,0.2656
20110000,366.341580,1072,87,0.000126,0.3828
20112000,364.007627,1056,92,0.000064,0.3438
20114000,367.033115,1058,94,0.000231,0.3047
20116000,365.490748,1057,99,0.001652,0.3828
20118000,367.388620,1072,103,0.001351,0.3047
20120000,374.270487,1068,92,0.001272,0.3438
20122000,378.949328,1074,104,0.000652,0.4141
20124000,374.607999,1053,108,0.004717,0.3594
20126000,371.973680,1039,106,0.000971,0.3594
20128000,365.364415,1052,111,0.000722,0.4141
20130000,363.417099,1059,91,0.001480,0.3594
20132000,366.527164,1057,105,0.000931,0.3281
20134000,364.182575,1052,89,0.000232,0.3359
20136000,372.041055,1050,93,0.000342,0.3906
20138000,369.281631,1048,114,0.000136,0.5547
20140000,370.971270,1055,97,0.001404,0.3750
20142000,369.385982,1071,107,0.002787,0.3828
20144000,368.411484,1053,109,0.002926,0.2578
20146000,368.928678,1073,99,0.003314,0.4062
20148000,368.986896,1070,89,0.006322,0.4219
20150000,374.531287,1053,103,0.010439,0.3594
20152000,374.429566,1057,94,0.008594,0.3438
20154000,373.875983,1046,97,0.008503,0.3203
20156000,373.613100,1037,115,0.007013,0.3672
20158000,368.013118,1046,96,0.003855,0.3438
20160000,367.143750,1051,97,0.009249,0.4219
20162000,364.396288,1074,97,0.007249,0.3906
20164000,368.604655,1074,90,0.009461,0.4062
20166000,364.503715,1067,97,0.011586,0.3906
20168000,370.362358,1098,76,0.010246,0.4219
20170000,373.240135,1092,83,0.013202,0.3047
20172000,377.252478,1075,94,0.013130,0.2891
20174000,374.629740,1077,103,0.009811,0.3750
20176000,376.557915,1063,109,0.012448,0.4062
20178000,373.973687,1061,113,0.012260,0.3984
20180000,378.551884,1086,101,0.010035,0.3594
20182000,365.548011,1091,86,0.019256,0.3672
20184000,374.183880,1084,88,0.013541,0.3047
20186000,370.174943,1074,93,0.014699,0.4453
20188000,368.368750,1059,102,0.022409,0.3438
20190000,365.801820,1073,93,0.014128,0.3906
20192000,365.488280,1075,79,0.012445,0.2812
20194000,361.939628,1071,105,0.012740,0.3906
20196000,364.767278,1052,102,0.012635,0.3828
20198000,363.917379,1043,102,0.012744,0.3672
20200000,364.190076,1051,113,0.016068,0.4531
20202000,362.157350,1036,124,0.012286,0.3828
20204000,359.372519,1029,111,0.011182,0.3594
20206000,363.341420,1053,95,0.010825,0.3359
20208000,364.178539,1072,83,0.006680,0.2656
20210000,361.172175,1058,103,0.008025,0.3438
20212000,364.291995,1057,102,0.010203,0.4453
20214000,367.693559,1060,100,0.005156,0.3359
20216000,360.697822,1050,100,0.006136,0.2656
20218000,362.988040,1042,117,0.006529,0.3438
20220000,356.910070,1053,105,0.008514,0.3594
20222000,357.176455,1043,107,0.004184,0.4141
20224000,356.531307,1042,104,0.005791,0.4453
20226000,360.775270,1068,96,0.006665,0.4297
20228000,362.994230,1057,93,0.005365,0.3984
20230000,361.033759,1061,90,0.002339,0.4766
20232000,361.648092,1070,95,0.001706,0.4609
20234000,370.023155,1060,94,0.003265,0.3516
20236000,367.715982,1082,92,0.004568,0.2344
20238000,363.934095,1057,96,0.004945,0.3281
20240000,363.494187,1063,94,0.003998,0.3047
20242000,364.151179,1068,80,0.004573,0.2500
20244000,366.324620,1076,84,0.005860,0.3203
20246000,371.085262,1075,86,0.005502,0.2812
20248000,375.626390,1061,101,0.007719,0.3438
20250000,384.318227,1052,106,0.002516,0.3359
20252000,380.731355,1080,100,0.001083,0.4844
20254000,381.996051,1084,74,0.000747,0.3125
20256000,379.747094,1061,82,0.001572,0.3594
20258000,380.236927,1057,102,0.001105,0.3828
20260000,373.706966,1037,118,0.001887,0.3750
20262000,371.118112,1043,108,0.003039,0.3984
20264000,377.466359,1068,91,0.001885,0.3125
20266000,374.623942,1060,106,0.001669,0.2812
20268000,380.799071,1054,109,0.000639,0.3438
20270000,382.260435,1085,89,0.000905,0.3281
20272000,377.581407,1065,85,0.001473,0.4219
20274000,378.340316,1072,91,0.000914,0.3438
20276000,379.292300,1091,95,0.000507,0.3125
20278000,388.145020,1099,87,0.000104,0.4062
20280000,383.003094,1105,87,0.000566,0.3672
20282000,385.681975,1099,94,0.000610,0.4062
20284000,383.619995,1086,89,0.001870,0.3125
20286000,380.301452,1080,86,0.002284,0.3906
20288000,388.153662,1098,91,0.001247,0.3359
20290000,384.588587,1075,99,0.001121,0.3516
20292000,386.059366,1071,90,0.000178,0.3438
20294000,390.812236,1079,89,0.001351,0.2656
20296000,391.567436,1067,89,0.001784,0.3203
20298000,381.401038,1077,94,0.004081,0.4688
20300000,381.928791,1083,90,0.001647,0.4375
20302000,383.206480,1082,93,0.001692,0.3203
20304000,389.974947,1080,88,0.002437,0.3516
20306000,383.579059,1074,107,0.001551,0.4375
20308000,384.846654,1068,95,0.003148,0.2422
20310000,380.050111,1070,84,0.004386,0.2656
20312000,377.370143,1076,75,0.003103,0.3594
20314000,372.995715,1064,71,0.002284,0.3203
20316000,374.593176,1076,80,0.000427,0.2812
20318000,365.109150,1073,105,0.001058,0.4062
20320000,367.577455,1081,94,0.000372,0.3047
20322000,369.013990,1094,83,0.000801,0.4375
20324000,378.844990,1055,106,0.001587,0.3359
20326000,379.986590,1062,99,0.001450,0.3438
20328000,375.729254,1065,87,0.003510,0.3047
20330000,371.093782,1036,110,0.002152,0.4062
20332000,364.064471,1035,113,0.002508,0.3906
20334000,370.765283,1045,102,0.003935,0.2734
20336000,367.783998,1071,109,0.003010,0.3750
20338000,367.339755,1071,97,0.002323,0.2656
20340000,377.189052,1096,94,0.005830,0.3438
20342000,375.620783,1082,106,0.005935,0.3594
20344000,379.611827,1076,99,0.006650,0.3984
20346000,375.302443,1073,101,0.003709,0.3281
20348000,382.401875,1076,83,0.004556,0.2656
20350000,375.344814,1070,100,0.003694,0.3281
20352000,382.903215,1080,98,0.004283,0.3438
20354000,383.225438,1088,94,0.001628,0.3125
20356000,383.511734,1099,91,0.000580,0.3672
20358000,379.935998,1104,91,0.000085,0.3359
20360000,383.219910,1083,105,0.001550,0.3438
20362000,382.372510,1074,113,0.000871,0.3047
20364000,391.701567,1095,95,0.003621,0.4297
20366000,388.861355,1084,101,0.001719,0.3594
20368000,392.883095,1095,88,0.001403,0.2734
20370000,398.646812,1113,86,0.001273,0.3359
20372000,399.134727,1114,81,0.004347,0.3047
20374000,400.954855,1100,88,0.002563,0.3672
20376000,393.645446,1098,87,0.001409,0.3594
20378000,396.933886,1097,84,0.001707,0.3438
20380000,391.039692,1087,85,0.003970,0.4219
20382000,392.382439,1096,90,0.005432,0.4141
20384000,392.253750,1102,89,0.001149,0.3672
20386000,392.439782,1123,81,0.000009,0.3594
20388000,391.650558,1090,105,0.000682,0.4219
20390000,393.375611,1088,99,0.002171,0.3672
20392000,385.750910,1088,96,0.002423,0.3359
20394000,384.544023,1106,87,0.000320,0.3672
20396000,385.116635,1084,100,0.001477,0.3828
20398000,380.891767,1100,92,0.000501,0.3359
20400000,389.899448,1111,90,0.001369,0.3047
20402000,394.564455,1112,89,0.001228,0.4062
20404000,395.631160,1087,98,0.002263,0.3516
20406000,401.574616,1108,86,0.000494,0.3125
20408000,406.171495,1101,88,0.001819,0.3047
20410000,409.238750,1099,86,0.002683,0.3438
20412000,410.271099,1085,99,0.000585,0.3281
20414000,405.475078,1096,95,0.000326,0.3828
20416000,396.183264,1091,108,0.000621,0.3594
20418000,396.822275,1096,95,0.000176,0.3672
20420000,392.629820,1083,108,0.001273,0.3438
20422000,395.846056,1116,83,0.002081,0.4141
20424000,392.142515,1100,105,0.002575,0.3125
20426000,392.149558,1093,84,0.002975,0.3672
20428000,382.966291,1105,75,0.003557,0.2812
20430000,379.148904,1102,77,0.006781,0.3594
20432000,382.908526,1082,84,0.002923,0.3672
20434000,381.102919,1098,86,0.003478,0.3359
20436000,379.475084,1113,85,0.005811,0.3438
20438000,379.773667,1103,90,0.004810,0.3203
20440000,373.628422,1076,89,0.005689,0.3594
20442000,370.003000,1056,113,0.004528,0.2969
20444000,366.109375,1055,90,0.004040,0.3594
20446000,362.753951,1038,96,0.007986,0.4297
20448000,369.757011,1061,103,0.011213,0.3672
20450000,371.704491,1058,108,0.010803,0.3672
20452000,371.506364,1077,93,0.009568,0.3047
20454000,366.377987,1056,92,0.012260,0.4141
20456000,370.096331,1038,102,0.013809,0.3828
20458000,372.645427,1045,102,0.014572,0.3906
20460000,369.721470,1056,89,0.018813,0.3438
20462000,366.994134,1055,100,0.015779,0.3828
20464000,373.092659,1077,103,0.011343,0.3125
20466000,367.529528,1078,92,0.007257,0.3125
20468000,365.900908,1073,96,0.009510,0.5078
20470000,363.601846,1076,89,0.006454,0.4219
20472000,359.232774,1058,95,0.007728,0.4141
20474000,357.122915,1042,99,0.008098,0.3828
20476000,354.872395,1043,102,0.010058,0.4219
20478000,362.332475,1059,96,0.006514,0.3672
20480000,370.199715,1057,99,0.000994,0.3359
20482000,364.234707,1043,110,0.001898,0.3594
20484000,368.834694,1042,119,0.000924,0.3750
20486000,370.459960,1035,121,0.000876,0.3984
20488000,371.050843,1033,113,0.001115,0.4453
20490000,373.223078,1034,116,0.000396,0.3594
20492000,369.632075,1044,116,0.000095,0.4141
20494000,367.194519,1062,90,0.000130,0.3438
20496000,371.989352,1056,101,0.000040,0.3516
20498000,369.688408,1042,80,0.000967,0.3359
20500000,361.141039,1003,109,0.002342,0.3750
20502000,362.587102,1020,105,0.000603,0.3750
20504000,362.191379,1016,114,0.002593,0.3672
20506000,366.778275,1038,102,0.002132,0.3750
20508000,365.646630,1054,97,0.001292,0.3359
20510000,370.934198,1053,100,0.002460,0.2812
20512000,361.636696,1054,99,0.002519,0.4609
20514000,362.044451,1053,94,0.001633,0.3125
20516000,364.728870,1073,76,0.001676,0.3750
20518000,367.588078,1093,81,0.001951,0.3672
20520000,372.945304,1078,86,0.001741,0.2656
20522000,372.418031,1081,94,0.003756,0.3672
20524000,372.017307,1075,98,0.001699,0.4297
20526000,376.669198,1075,97,0.001905,0.3359
20528000,376.723484,1053,92,0.000730,0.3125
20530000,375.720031,1066,96,0.001782,0.2969
20532000,376.418136,1059,98,0.001018,0.3047
20534000,381.695187,1066,98,0.002246,0.2891
20536000,379.079270,1072,88,0.002408,0.3203
20538000,381.837446,1092,89,0.001072,0.3047
20540000,371.267259,1070,96,0.003268,0.3125
20542000,368.487483,1049,105,0.001737,0.3984
20544000,360.897983,1053,113,0.001516,0.4297
20546000,367.060588,1053,109,0.001671,0.3984
20548000,364.566350,1043,98,0.000047,0.3359
20550000,367.935182,1050,98,0.002533,0.3906
20552000,362.471240,1037,105,0.001412,0.3281
20554000,359.408024,1032,97,0.000834,0.2891
20556000,353.835916,1035,96,0.005651,0.4688
20558000,357.131923,1036,104,0.006933,0.3672
20560000,356.882262,1057,92,0.006865,0.3281
20562000,362.172735,1051,93,0.007811,0.3906
20564000,365.015895,1063,102,0.011248,0.3828
20566000,353.941790,1044,105,0.010357,0.3906
20568000,351.263304,1025,103,0.011872,0.3516
20570000,354.807750,1015,107,0.013748,0.3359
20572000,358.937100,1038,99,0.011418,0.4531
20574000,360.127280,1041,96,0.010782,0.5000
20576000,360.471195,1031,109,0.010316,0.3359
20578000,358.992028,1033,109,0.011724,0.4141
20580000,357.284083,1029,105,0.017169,0.3828
20582000,359.099036,1040,107,0.013547,0.3906
20584000,356.460103,1055,97,0.014117,0.3984
20586000,357.003375,1060,105,0.013871,0.3203
20588000,354.462204,1048,114,0.011431,0.3281
20590000,351.188479,1032,105,0.009562,0.2812
20592000,351.205280,1034,111,0.010423,0.3281
20594000,357.715135,1069,93,0.011408,0.3594
20596000,363.744179,1087,86,0.010590,0.3125
20598000,362.908584,1050,95,0.016219,0.3594
20600000,370.818147,1076,86,0.009322,0.3203
20602000,372.859830,1074,87,0.008187,0.3359
20604000,363.028406,1061,105,0.005965,0.3828
20606000,362.539343,1024,118,0.004391,0.4922
20608000,365.201147,1043,105,0.003994,0.4219
20610000,367.336638,1058,112,0.006215,0.3984
20612000,363.435551,1059,101,0.005343,0.3906
20614000,357.616560,1049,110,0.006023,0.3906
20616000,361.397939,1034,115,0.011542,0.3828
20618000,366.319820,1027,108,0.008503,0.2891
20620000,370.420310,1063,89,0.004559,0.2969
20622000,367.017102,1055,107,0.003112,0.3594
20624000,360.864235,1035,100,0.003220,0.3125
20626000,366.771670,1046,99,0.004251,0.3047
20628000,359.211678,1032,95,0.008460,0.2891
20630000,354.625046,1024,101,0.003953,0.3594
20632000,358.936806,1022,117,0.004617,0.4297
20634000,359.833731,1032,99,0.003460,0.3516
20636000,361.125768,1022,111,0.002458,0.3750
20638000,357.187251,1038,97,0.005308,0.5625
20640000,356.660750,1052,100,0.005314,0.3828
20642000,367.646334,1058,98,0.003867,0.3047
20644000,366.352902,1062,92,0.002413,0.3750
20646000,370.009063,1082,84,0.003011,0.2891
20648000,367.085459,1058,98,0.008823,0.3750
20650000,366.500440,1039,100,0.008287,0.3438
20652000,370.424550,1041,108,0.004702,0.3594
20654000,363.992663,1016,120,0.003878,0.3828
20656000,360.397590,1042,95,0.003747,0.3750
20658000,363.240175,1045,98,0.004097,0.3047
20660000,360.265699,1050,96,0.004544,0.3203
20662000,360.721619,1027,113,0.006964,0.3516
20664000,361.090620,1023,114,0.007393,0.3750
20666000,358.701519,1014,110,0.012971,0.3594
20668000,359.811750,1027,106,0.011957,0.3438
20670000,360.490600,1026,101,0.014324,0.3281
20672000,358.542022,1024,106,0.016245,0.3516
20674000,360.505832,1034,104,0.016987,0.4219
20676000,362.285651,1001,124,0.019258,0.4922
20678000,361.746963,1012,105,0.018613,0.3203
20680000,364.221015,1035,111,0.011101,0.3281
20682000,361.548875,1058,97,0.010202,0.3516
20684000,363.721119,1052,99,0.009451,0.3594
20686000,367.483980,1064,109,0.006774,0.3594
20688000,361.224815,1048,105,0.009108,0.4766
20690000,366.802540,1068,94,0.009417,0.4766
20692000,363.614055,1055,88,0.011395,0.4141
20694000,369.566574,1054,103,0.010155,0.3750
20696000,366.412995,1043,108,0.009728,0.3906
20698000,367.800022,1047,114,0.006173,0.3125
20700000,369.285583,1044,112,0.004363,0.5078
20702000,373.388396,1037,95,0.004752,0.3359
20704000,366.444671,1010,107,0.009837,0.5391
20706000,376.526627,1051,103,0.010837,0.2969
20708000,374.792124,1063,94,0.011904,0.4297
20710000,374.394815,1046,99,0.009011,0.3281
20712000,370.304187,1080,93,0.010162,0.4141
20714000,371.657550,1059,103,0.010769,0.3359
20716000,370.668219,1049,92,0.010080,0.4062
20718000,364.923566,1035,96,0.007805,0.2969
20720000,365.199535,1036,112,0.008005,0.4219
20722000,364.204235,1016,118,0.005958,0.2969
20724000,359.728710,1023,103,0.007989,0.4375
20726000,354.707486,1015,104,0.009232,0.4531
20728000,355.844587,1021,107,0.006235,0.5312
20730000,359.156795,1032,106,0.004207,0.3750
20732000,356.025800,1033,112,0.005339,0.3828
20734000,357.196150,1030,100,0.003307,0.3281
20736000,348.906092,1032,112,0.009109,0.3359
20738000,352.522347,1033,116,0.006485,0.3125
20740000,357.725304,1039,107,0.004617,0.4141
20742000,358.229998,1038,111,0.009272,0.2891
20744000,359.534123,1028,121,0.014394,0.5391
20746000,356.632440,1034,112,0.009181,0.3984
20748000,351.474623,1033,92,0.008412,0.3516
20750000,343.559486,1027,106,0.011124,0.4219
20752000,352.894703,1047,91,0.013984,0.3359
20754000,354.355579,1036,108,0.020486,0.4062
20756000,360.895960,1030,105,0.025247,0.3906
20758000,365.459260,1042,115,0.028040,0.4531
20760000,362.955431,1029,113,0.027056,0.3516
20762000,368.750300,1046,109,0.037606,0.3438
20764000,367.395640,1035,111,0.030795,0.3438
20766000,369.605139,1047,111,0.027570,0.3047
20768000,373.574156,1049,104,0.027063,0.3359
20770000,371.868955,1064,80,0.019705,0.3359
20772000,372.831851,1050,114,0.024423,0.3203
20774000,370.114135,1060,97,0.015444,0.3047
20776000,374.861324,1079,89,0.017644,0.3672
20778000,379.371659,1061,91,0.014568,0.4453
20780000,382.742646,1055,105,0.017605,0.3828
20782000,379.453499,1066,92,0.012815,0.2656
20784000,376.988331,1053,113,0.008145,0.3359
20786000,377.952375,1065,92,0.007408,0.3750
20788000,376.532016,1069,99,0.009587,0.3828
20790000,377.222667,1054,101,0.005509,0.3516
20792000,378.286355,1064,107,0.008881,0.3906
20794000,388.199488,1072,91,0.012139,0.3359
20796000,388.538191,1070,103,0.017567,0.4375
20798000,387.401327,1070,89,0.016388,0.2891
20800000,376.880710,1054,94,0.013270,0.3359
20802000,380.883750,1071,97,0.016518,0.4531
20804000,384.727086,1069,105,0.018724,0.3906
20806000,382.185600,1056,91,0.018058,0.3906
20808000,377.423067,1080,91,0.019953,0.3047
20810000,378.075910,1085,76,0.018330,0.2891
20812000,382.602926,1112,79,0.024119,0.3672
20814000,382.533903,1092,93,0.023136,0.3281
20816000,376.405790,1084,92,0.016872,0.3203
20818000,374.371259,1064,82,0.012858,0.3984
20820000,371.911006,1063,106,0.018502,0.3203
20822000,377.059948,1064,96,0.019860,0.4219
20824000,380.176919,1065,103,0.018290,0.3672
20826000,379.747560,1062,95,0.015630,0.3359
20828000,380.152223,1049,118,0.011889,0.4688
20830000,380.405260,1049,100,0.015219,0.3906
20832000,372.538668,1053,90,0.012247,0.3594
20834000,369.238063,1047,108,0.011783,0.3906
20836000,368.631175,1046,104,0.010433,0.3672
20838000,374.551646,1042,102,0.007185,0.3984
20840000,376.251068,1055,100,0.011876,0.3281
20842000,383.927334,1075,94,0.004635,0.3359
20844000,375.642807,1054,99,0.005750,0.3594
20846000,374.077534,1080,98,0.005087,0.3750
20848000,375.481278,1071,90,0.002733,0.4219
20850000,377.207671,1063,103,0.004976,0.4688
20852000,378.854062,1085,97,0.001889,0.3047
20854000,378.710038,1079,97,0.000925,0.2891
20856000,378.301496,1082,93,0.000730,0.3828
20858000,375.466940,1099,87,0.000963,0.3359
20860000,384.246619,1117,86,0.001112,0.3594
20862000,373.000646,1090,88,0.001186,0.4141
20864000,373.671435,1099,77,0.000924,0.3125
20866000,373.268720,1080,89,0.001250,0.4609
20868000,371.893104,1085,91,0.001678,0.3438
20870000,372.515952,1098,93,0.000545,0.3594
20872000,368.730887,1075,99,0.000134,0.2812
20874000,374.496223,1089,84,0.001175,0.3750
20876000,365.148476,1081,96,0.000645,0.3359
20878000,365.995287,1072,101,0.001070,0.3125
20880000,373.670310,1077,94,0.000420,0.3906
20882000,375.109275,1071,107,0.001337,0.2969
20884000,370.631560,1069,106,0.000385,0.3750
20886000,376.521800,1092,94,0.002553,0.3750
20888000,382.243164,1114,76,0.001176,0.2500
20890000,382.878327,1094,88,0.001197,0.3359
20892000,387.851436,1094,96,0.000386,0.3672
20894000,399.307083,1095,99,0.000494,0.2734
20896000,397.868587,1097,85,0.000128,0.3828
20898000,389.733222,1084,94,0.000196,0.3594
20900000,383.975595,1078,96,0.000016,0.2109
20902000,382.832455,1091,89,0.000231,0.3281
20904000,377.912851,1084,79,0.000424,0.3281
20906000,381.841472,1069,96,0.000328,0.2891
20908000,381.012208,1060,86,0.000384,0.3125
20910000,381.818435,1060,89,0.000796,0.2969
20912000,385.241079,1053,99,0.000489,0.4141
20914000,387.253439,1083,94,0.000279,0.3125
20916000,390.740923,1112,91,0.000689,0.2969
20918000,390.999900,1102,83,0.002307,0.2891
20920000,390.380963,1100,89,0.003448,0.3203
20922000,388.815190,1088,93,0.001019,0.3359
20924000,387.029367,1076,95,0.001372,0.2969
20926000,379.267815,1063,103,0.000659,0.3047
20928000,386.821855,1081,109,0.001895,0.4219
20930000,385.700835,1086,93,0.001418,0.3516
20932000,382.341600,1063,108,0.004971,0.3594
20934000,372.954995,1059,96,0.004380,0.3516
20936000,377.175806,1105,74,0.005087,0.2891
20938000,379.126588,1098,87,0.006497,0.2734
20940000,368.404763,1064,98,0.011083,0.3828
20942000,365.062571,1054,93,0.010089,0.3516
20944000,366.045100,1079,88,0.014733,0.4062
20946000,369.114732,1066,87,0.019915,0.3047
20948000,365.624300,1098,95,0.016569,0.3594
20950000,365.153452,1092,96,0.013910,0.4062
20952000,365.473643,1088,75,0.015145,0.2734
20954000,363.103859,1080,100,0.014008,0.3750
20956000,362.341843,1054,119,0.013111,0.4062
20958000,361.106083,1042,113,0.014330,0.4219
20960000,364.385127,1049,115,0.012469,0.4062
20962000,368.319670,1058,90,0.014376,0.2812
20964000,378.090335,1074,93,0.013351,0.3203
20966000,373.172543,1072,94,0.015711,0.4297
20968000,370.941175,1082,90,0.016228,0.3672
20970000,370.575691,1054,114,0.010683,0.3359
20972000,372.473399,1058,102,0.012621,0.3672
20974000,373.978391,1062,100,0.008709,0.4062
20976000,371.922487,1072,91,0.010850,0.3750
20978000,371.443223,1070,100,0.005441,0.2656
20980000,366.912735,1070,96,0.007794,0.4141
20982000,363.741531,1078,100,0.007720,0.3281
20984000,361.202727,1039,102,0.008967,0.4062
20986000,361.647995,1036,96,0.009927,0.4062
20988000,362.904616,1029,95,0.005476,0.3594
20990000,355.946479,1027,94,0.002988,0.4453
20992000,359.218150,1042,101,0.004459,0.3828
20994000,358.368700,1064,91,0.006228,0.3516
20996000,361.236843,1082,89,0.007236,0.3828
20998000,365.795067,1066,98,0.016672,0.3750
21000000,367.989734,1043,110,0.024924,0.4531
21002000,367.490935,1047,111,0.023566,0.3984
21004000,364.913590,1028,110,0.016087,0.4062
21006000,362.616547,1051,98,0.011366,0.3281
21008000,367.749691,1059,108,0.014459,0.3984
21010000,367.864023,1052,101,0.013684,0.3672
21012000,371.397358,1051,107,0.008503,0.4062
21014000,373.561903,1066,104,0.008039,0.3750
21016000,371.718955,1088,90,0.010677,0.3438
21018000,366.768556,1055,105,0.011144,0.3281
21020000,359.655334,1050,102,0.007452,0.3516
21022000,359.138879,1040,101,0.006785,0.5469
21024000,361.249078,1022,106,0.007619,0.3750
21026000,360.175835,1019,123,0.007587,0.3750
21028000,355.395974,1006,109,0.005397,0.3828
21030000,355.086875,1013,107,0.007955,0.3750
21032000,364.825475,1023,100,0.009042,0.4453
21034000,366.878207,1034,99,0.013805,0.4219
21036000,375.228495,1052,105,0.016220,0.3594
21038000,367.884975,1040,104,0.013870,0.3281
21040000,370.459254,1057,107,0.011765,0.4297
21042000,373.847900,1063,100,0.007768,0.4453
21044000,371.189491,1053,115,0.008366,0.4219
21046000,367.937084,1039,116,0.012483,0.4062
21048000,368.214168,1035,108,0.020618,0.3672
21050000,370.561271,1050,93,0.019798,0.3516
21052000,370.718400,1095,80,0.020118,0.2812
21054000,375.460040,1061,91,0.027004,0.3516
21056000,371.786735,1075,107,0.011885,0.3047
21058000,371.378215,1066,103,0.009718,0.4062
21060000,363.353936,1054,97,0.011835,0.3516
21062000,360.426182,1032,107,0.010128,0.3672
21064000,360.076983,1034,94,0.008923,0.2969
21066000,363.789928,1019,111,0.007672,0.3438
21068000,364.524559,1031,112,0.007459,0.4922
21070000,372.069422,1034,111,0.006119,0.4531
21072000,361.222871,1041,95,0.007763,0.3438
21074000,358.390476,1046,85,0.011664,0.3984
21076000,363.580800,1042,101,0.010583,0.4219
21078000,369.853630,1030,110,0.006868,0.4375
21080000,370.526638,1055,93,0.006836,0.3438
21082000,368.982191,1055,104,0.003312,0.3438
21084000,361.563758,1061,100,0.005677,0.2969
21086000,367.216846,1082,83,0.003419,0.2578
21088000,366.264840,1083,98,0.005136,0.3516
21090000,361.827820,1056,101,0.009877,0.3359
21092000,369.137902,1049,113,0.009855,0.3828
21094000,371.927455,1060,99,0.015371,0.3984
21096000,377.270691,1059,108,0.016485,0.4062
21098000,371.165143,1047,99,0.023965,0.4219
21100000,370.234435,1028,119,0.021818,0.3750
21102000,371.993504,1039,105,0.021501,0.5000
21104000,374.211100,1069,88,0.013825,0.3672
21106000,370.946734,1064,97,0.010275,0.4062
21108000,375.893355,1059,108,0.020855,0.3047
21110000,374.886107,1057,108,0.018331,0.3906
21112000,374.615630,1035,102,0.014214,0.3047
21114000,371.805904,1034,113,0.017570,0.4141
21116000,361.580523,1030,94,0.011480,0.3672
21118000,361.284475,1031,96,0.017609,0.3125
21120000,357.220534,1044,92,0.007389,0.4609
21122000,365.867926,1062,92,0.010596,0.3047
21124000,367.711355,1065,101,0.008569,0.3906
21126000,369.091228,1054,110,0.008247,0.5000
21128000,373.860060,1077,79,0.011591,0.2891
21130000,374.428886,1071,85,0.010615,0.3438
21132000,368.063759,1082,83,0.007523,0.3281
21134000,361.065702,1053,109,0.002982,0.4219
21136000,359.235900,1055,96,0.005093,0.3984
21138000,367.221063,1064,108,0.005550,0.3984
21140000,368.940575,1059,99,0.003528,0.3906
21142000,372.963686,1074,93,0.001529,0.3828
21144000,379.005624,1049,98,0.001150,0.3672
21146000,377.941611,1055,95,0.003041,0.2812
21148000,373.346668,1076,87,0.001633,0.3672
21150000,371.932875,1070,92,0.003460,0.3516
21152000,372.780075,1067,101,0.001793,0.3828
21154000,372.840380,1057,100,0.001576,0.3359
21156000,373.234358,1062,102,0.006734,0.3359
21158000,370.648742,1046,105,0.008348,0.4453
21160000,376.487558,1055,88,0.008019,0.2344
21162000,373.677475,1045,111,0.005501,0.3906
21164000,375.615179,1079,86,0.005619,0.1875
21166000,376.447740,1078,106,0.003935,0.3750
21168000,373.632675,1063,93,0.008223,0.3516
21170000,378.857139,1066,82,0.022301,0.3438
21172000,376.398460,1062,91,0.015867,0.4062
21174000,375.919342,1060,91,0.018146,0.4219
21176000,372.538518,1056,95,0.015507,0.1953
21178000,376.624919,1061,93,0.016157,0.2969
21180000,372.264830,1053,111,0.018543,0.3750
21182000,373.118831,1054,108,0.016670,0.4219
21184000,376.164688,1061,109,0.015922,0.3125
21186000,377.276200,1073,97,0.020546,0.3906
21188000,383.177590,1083,95,0.023632,0.4141
21190000,381.247167,1097,91,0.017711,0.3516
21192000,380.514915,1075,99,0.019784,0.3984
21194000,372.277920,1027,118,0.021255,0.4531
21196000,378.407980,1061,100,0.018665,0.3828
21198000,372.061835,1057,108,0.020954,0.3281
21200000,366.829507,1053,108,0.015260,0.3359
21202000,370.771310,1062,99,0.018979,0.3750
21204000,368.687703,1036,110,0.015691,0.3828
21206000,367.784695,1031,110,0.012074,0.3047
21208000,365.834908,1056,102,0.011098,0.3125
21210000,368.030343,1058,102,0.009553,0.4297
21212000,363.619267,1031,118,0.008295,0.4297
21214000,359.151695,1012,131,0.007396,0.4922
21216000,359.256955,1028,116,0.005267,0.3125
21218000,359.781723,1032,98,0.005018,0.3984
21220000,360.173183,1055,101,0.007934,0.2734
21222000,360.409019,1033,91,0.010820,0.3047
21224000,358.499708,1049,114,0.011595,0.4453
21226000,356.104734,1040,105,0.012564,0.4375
21228000,360.192844,1040,100,0.014026,0.3438
21230000,361.922678,1029,97,0.006091,0.3359
21232000,366.051904,1045,98,0.007964,0.3125
21234000,365.872862,1043,107,0.005719,0.3828
21236000,365.496359,1031,116,0.007066,0.4531
21238000,360.354831,1032,124,0.007929,0.4297
21240000,366.881247,1053,104,0.006488,0.4062
21242000,367.779958,1056,106,0.003460,0.3047
21244000,375.234139,1093,92,0.002875,0.3828
21246000,376.956014,1092,96,0.005376,0.3594
21248000,371.795379,1092,94,0.007380,0.2656
21250000,373.634895,1084,91,0.005353,0.3984
21252000,370.546470,1054,99,0.005868,0.3672
21254000,361.992563,1057,109,0.003366,0.3516
21256000,363.432515,1059,101,0.007055,0.3047
21258000,362.707838,1055,96,0.005568,0.3594
21260000,364.901278,1055,92,0.009941,0.3750
21262000,366.632123,1044,104,0.007179,0.4609
21264000,367.823324,1076,88,0.009453,0.3281
21266000,361.011768,1059,95,0.012133,0.3594
21268000,364.321135,1056,97,0.011901,0.4141
21270000,361.050942,1045,102,0.013269,0.2578
21272000,359.588595,1030,105,0.015881,0.3672
21274000,365.021603,1031,111,0.015046,0.3750
21276000,366.663100,1025,126,0.015896,0.4688
21278000,366.287295,1019,112,0.017781,0.3906
21280000,365.294687,1037,109,0.013552,0.3750
21282000,363.499231,1026,110,0.012205,0.3750
21284000,356.873007,1056,92,0.010455,0.4141
21286000,356.875039,1045,97,0.014317,0.3828
21288000,354.023750,1041,103,0.009560,0.4141
21290000,372.421248,1096,88,0.005183,0.3125
21292000,371.704355,1088,86,0.010108,0.3281
21294000,370.435020,1069,94,0.010840,0.2969
21296000,370.190535,1059,94,0.006624,0.3047
21298000,365.823720,1049,101,0.004193,0.3594
21300000,363.323822,1042,104,0.005437,0.3984
21302000,368.605644,1016,103,0.006770,0.3516
21304000,372.761980,1023,99,0.006073,0.3906
21306000,375.128486,1064,87,0.005610,0.3359
21308000,368.082960,1048,90,0.007526,0.3984
21310000,370.242604,1055,88,0.007311,0.3750
21312000,365.639148,1056,100,0.011700,0.3984
21314000,362.660124,1059,107,0.008363,0.4609
21316000,371.913900,1071,99,0.011576,0.4453
21318000,373.739199,1073,89,0.010634,0.3516
21320000,372.015399,1068,90,0.006892,0.2578
21322000,378.486231,1066,118,0.007393,0.3516
21324000,380.890667,1067,110,0.005281,0.3438
21326000,381.181342,1066,96,0.008529,0.3438
21328000,388.826155,1076,100,0.010731,0.4297
21330000,388.086232,1067,97,0.010828,0.3594
21332000,384.762503,1067,94,0.008647,0.4297
21334000,388.085051,1099,71,0.008625,0.3281
21336000,393.480078,1078,89,0.011110,0.3125
21338000,381.992678,1097,94,0.013219,0.3203
21340000,381.053215,1079,99,0.017389,0.3672
21342000,379.106051,1086,79,0.011320,0.3281
21344000,380.445659,1081,101,0.008164,0.3828
21346000,386.217171,1058,96,0.016294,0.3203
21348000,376.499128,1057,88,0.014012,0.3047
21350000,382.032620,1047,94,0.009458,0.3359
21352000,376.521632,1070,102,0.011617,0.4062
21354000,376.946014,1069,104,0.007763,0.3984
21356000,371.487510,1062,86,0.007226,0.3203
21358000,374.954750,1069,91,0.007493,0.4219
21360000,369.690380,1068,80,0.005337,0.3203
21362000,361.405787,1050,95,0.003281,0.3281
21364000,361.606219,1044,117,0.006037,0.5312
21366000,360.865663,1051,102,0.009818,0.4453
21368000,356.261299,1027,113,0.008009,0.4297
21370000,360.047331,1028,117,0.011593,0.4375
21372000,361.904140,1057,98,0.012683,0.3906
21374000,361.526230,1079,96,0.012136,0.4219
21376000,366.093966,1071,103,0.010217,0.3516
21378000,361.680616,1063,92,0.009879,0.3672
21380000,365.480483,1077,99,0.007224,0.4766
21382000,355.259423,1075,87,0.001053,0.3906
21384000,354.997035,1068,87,0.002337,0.3359
21386000,354.754150,1052,97,0.001262,0.3750
21388000,355.642430,1028,116,0.003970,0.4453
21390000,357.117571,1044,100,0.002863,0.3281
21392000,353.715887,1055,91,0.005771,0.3828
21394000,356.204254,1057,79,0.001719,0.3672
21396000,354.218972,1029,95,0.000487,0.3906
21398000,355.860940,1009,109,0.006881,0.3750
21400000,354.301184,1005,116,0.010697,0.3516
21402000,352.636668,1027,92,0.006943,0.3359
21404000,356.959875,1040,96,0.010113,0.4062
21406000,364.087519,1066,92,0.010176,0.3203
21408000,365.409614,1069,99,0.015376,0.2891
21410000,360.943543,1072,93,0.003066,0.3906
21412000,359.274307,1063,88,0.002685,0.3438
21414000,363.843944,1068,93,0.003169,0.4219
21416000,366.078675,1073,89,0.003299,0.3828
21418000,366.054463,1079,92,0.002928,0.4375
21420000,364.183895,1069,92,0.002307,0.3438
21422000,365.784790,1086,83,0.004666,0.4375
21424000,374.806327,1072,83,0.002579,0.3672
21426000,374.843635,1073,72,0.003016,0.3125
21428000,379.488030,1081,83,0.005475,0.3047
21430000,378.203372,1062,94,0.003417,0.3281
21432000,378.159663,1072,94,0.000497,0.3594
21434000,374.332508,1065,104,0.000176,0.3984
21436000,362.338374,1045,116,0.000649,0.4141
21438000,369.706527,1072,92,0.001397,0.3359
21440000,377.244294,1075,86,0.000554,0.3750
21442000,373.693231,1075,98,0.003298,0.2969
21444000,377.106710,1054,106,0.002033,0.3594
21446000,375.797967,1051,105,0.004698,0.3125
21448000,371.553190,1052,102,0.003288,0.3438
21450000,377.367875,1071,96,0.006449,0.3750
21452000,377.305607,1069,89,0.011817,0.3516
21454000,376.110183,1055,102,0.004912,0.4375
21456000,368.086179,1022,104,0.012118,0.3359
21458000,367.047595,1013,113,0.011983,0.3359
21460000,372.145371,1043,107,0.009741,0.3906
21462000,362.027423,1045,101,0.008735,0.3828
21464000,365.897179,1045,95,0.007526,0.2500
21466000,365.187926,1036,104,0.003790,0.3594
21468000,364.133247,1061,93,0.005326,0.2891
21470000,358.642204,1047,92,0.005599,0.4609
21472000,365.345584,1038,115,0.001421,0.3594
21474000,368.142966,1045,98,0.002997,0.3281
21476000,366.978651,1058,101,0.000976,0.3359
21478000,364.123619,1061,113,0.000290,0.3203
21480000,370.092126,1092,85,0.000286,0.3359
21482000,367.922451,1075,99,0.000302,0.3672
21484000,369.946351,1087,69,0.000610,0.2969
21486000,373.798447,1087,96,0.000350,0.4688
21488000,366.620494,1086,85,0.000184,0.3516
21490000,366.172230,1067,105,0.000002,0.3516
21492000,355.259959,1076,101,0.000805,0.3750
21494000,363.859395,1072,93,0.000856,0.3672
21496000,367.307771,1091,85,0.000979,0.3281
21498000,362.776679,1076,94,0.001577,0.3281
21500000,361.642364,1062,97,0.002898,0.3984
21502000,362.784067,1056,108,0.001193,0.3984
21504000,366.733590,1058,106,0.000820,0.4453
21506000,365.994583,1068,104,0.003526,0.3125
21508000,369.243830,1087,81,0.004319,0.3750
21510000,363.802295,1078,93,0.005286,0.3281
21512000,363.173640,1072,98,0.002500,0.3203
21514000,364.938380,1082,92,0.003395,0.3516
21516000,366.542859,1106,71,0.004585,0.1953
21518000,362.140174,1073,81,0.004649,0.2656
21520000,357.439382,1050,83,0.003744,0.4531
21522000,358.517174,1038,101,0.007377,0.3750
21524000,365.213023,1049,104,0.008545,0.3203
21526000,365.261728,1024,108,0.017770,0.4844
21528000,371.129628,1042,104,0.013860,0.3750
21530000,374.399790,1059,94,0.019159,0.2812
21532000,376.694411,1070,96,0.024247,0.3828
21534000,370.874726,1063,103,0.019948,0.2734
21536000,373.416608,1040,106,0.027778,0.4375
21538000,375.022047,1046,110,0.019878,0.3594
21540000,379.392812,1067,100,0.022146,0.4375
21542000,378.461707,1099,94,0.018682,0.3672
21544000,377.342782,1059,104,0.008681,0.3984
21546000,379.909436,1078,75,0.004998,0.3047
21548000,383.187512,1072,81,0.004394,0.3047
21550000,376.781918,1074,90,0.002682,0.3516
21552000,378.207118,1053,95,0.005981,0.3750
21554000,369.857167,1062,85,0.011603,0.3594
21556000,371.948814,1066,88,0.008717,0.2656
21558000,384.786636,1101,75,0.005037,0.3047
21560000,383.380454,1069,90,0.010022,0.3828
21562000,382.940175,1072,80,0.013039,0.3438
21564000,383.886015,1066,105,0.007000,0.3594
21566000,374.354110,1063,94,0.005742,0.2734
21568000,371.846728,1067,96,0.002597,0.3516
21570000,376.393795,1082,93,0.005237,0.3594
21572000,374.416156,1088,83,0.003170,0.3047
21574000,371.626246,1080,86,0.001588,0.2891
21576000,371.690584,1070,94,0.000925,0.2969
21578000,377.770415,1075,92,0.001515,0.3047
21580000,367.942271,1047,95,0.003672,0.2891
21582000,376.490087,1060,90,0.002331,0.3281
21584000,370.520179,1065,86,0.003646,0.3828
21586000,363.159463,1061,94,0.005020,0.3281
21588000,361.306908,1046,102,0.002974,0.3750
21590000,357.809755,1023,101,0.004061,0.3906
21592000,356.240606,1033,91,0.004817,0.4062
21594000,357.173075,1027,101,0.004666,0.3984
21596000,354.178575,1019,113,0.006305,0.3438
21598000,357.611663,1035,103,0.006125,0.3594
21600000,354.507456,1015,110,0.008037,0.4062
21602000,351.765038,1044,96,0.004139,0.4375
21604000,347.634079,1023,93,0.002313,0.3047
21606000,346.187555,1019,98,0.004496,0.3828
21608000,347.266099,1010,94,0.001492,0.4531
21610000,344.023443,996,118,0.001635,0.4141
21612000,342.425131,996,106,0.000749,0.3984
21614000,346.487630,1000,103,0.001320,0.3906
21616000,346.297591,994,128,0.000598,0.3516
21618000,349.217707,1016,108,0.002263,0.4922
21620000,349.328716,1021,101,0.002141,0.3516
21622000,349.858876,1017,101,0.003277,0.4062
21624000,345.845150,1006,107,0.009831,0.3750
21626000,354.642544,1002,127,0.008047,0.5938
21628000,358.080171,1028,111,0.011142,0.3906
21630000,360.341670,1036,99,0.009007,0.4062
21632000,368.000656,1074,79,0.004973,0.2734
21634000,368.218771,1060,83,0.002815,0.3828
21636000,365.273855,1060,83,0.003407,0.2344
21638000,359.654767,1042,98,0.004577,0.4375
21640000,362.278792,1049,110,0.007635,0.3516
21642000,361.400035,1049,102,0.004048,0.3672
21644000,363.341095,1054,99,0.004333,0.3516
21646000,360.847704,1051,94,0.002226,0.3359
21648000,367.100451,1065,89,0.003710,0.3281
21650000,366.392204,1026,112,0.005492,0.4688
21652000,360.752391,1021,99,0.006191,0.3750
21654000,364.351580,1049,94,0.003628,0.2656
21656000,369.721008,1043,104,0.003447,0.4766
21658000,370.402792,1053,97,0.004150,0.3203
21660000,370.738187,1042,119,0.004277,0.3281
21662000,367.806560,1050,92,0.005191,0.3516
21664000,374.638491,1067,85,0.006944,0.2969
21666000,373.617535,1066,94,0.005641,0.3594
21668000,373.108411,1055,91,0.003275,0.3828
21670000,378.773438,1061,94,0.003923,0.3984
21672000,381.200928,1069,100,0.003736,0.3203
21674000,379.568783,1075,95,0.011000,0.3047
21676000,385.827030,1085,94,0.019686,0.4219
21678000,383.637022,1070,92,0.016944,0.2812
21680000,386.139751,1075,97,0.014730,0.3281
21682000,381.018479,1079,89,0.014304,0.3906
21684000,381.923151,1067,92,0.013975,0.3047
21686000,379.932135,1074,85,0.009998,0.3516
21688000,385.555772,1045,91,0.014998,0.4219
21690000,381.700316,1053,107,0.021790,0.4609
21692000,381.856006,1049,112,0.017188,0.3984
21694000,382.852579,1043,104,0.016823,0.3984
21696000,386.123816,1039,110,0.017647,0.2969
21698000,380.203532,1045,108,0.021572,0.4062
21700000,376.544200,1066,108,0.021496,0.3359
21702000,377.421158,1050,103,0.014141,0.2656
21704000,373.990764,1059,100,0.007277,0.3594
21706000,376.932147,1066,101,0.012324,0.3516
21708000,378.300535,1080,95,0.011461,0.2812
21710000,381.101155,1072,94,0.008325,0.3594
21712000,379.908415,1053,110,0.007097,0.2734
21714000,377.237675,1080,89,0.012766,0.3906
21716000,375.780230,1070,103,0.011649,0.4531
21718000,378.687910,1072,104,0.012262,0.2344
21720000,383.862750,1080,99,0.015278,0.3281
21722000,383.880679,1079,100,0.017294,0.4062
21724000,376.194200,1059,99,0.007905,0.3672
21726000,380.481471,1042,101,0.009755,0.3125
21728000,365.959775,1026,125,0.006929,0.4141
21730000,360.280443,1040,82,0.001656,0.3516
21732000,361.471180,1019,100,0.001504,0.4141
21734000,359.571260,1018,105,0.004119,0.4297
21736000,367.296611,1047,88,0.005468,0.2656
21738000,370.460255,1053,94,0.003946,0.3359
21740000,374.310183,1060,90,0.003481,0.3984
21742000,375.848028,1057,102,0.001471,0.4219
21744000,375.691750,1055,97,0.004379,0.4531
21746000,371.842508,1057,73,0.004536,0.3516
21748000,373.020395,1057,100,0.005596,0.3359
21750000,370.102867,1073,104,0.004109,0.3828
21752000,368.350076,1086,90,0.003050,0.3750
21754000,371.882663,1070,93,0.005002,0.3594
21756000,365.951590,1039,103,0.006129,0.4219
21758000,365.515264,1049,91,0.008152,0.3438
21760000,362.663948,1054,98,0.005331,0.4062
21762000,361.083286,1055,99,0.003896,0.3828
21764000,359.139910,1026,106,0.006144,0.4531
21766000,357.505310,1029,106,0.008042,0.4688
21768000,358.424392,1023,111,0.006297,0.3438
21770000,358.089431,1032,113,0.004646,0.3984
21772000,354.952072,1022,105,0.000734,0.4219
21774000,353.905487,1016,115,0.005706,0.4062
21776000,352.791187,1027,114,0.006873,0.4609
21778000,354.340510,1019,123,0.005310,0.3438
21780000,355.996887,1044,105,0.005771,0.3750
21782000,357.688395,1044,111,0.007382,0.3750
21784000,357.203310,1058,103,0.013475,0.4688
21786000,354.421176,1061,96,0.012523,0.3906
21788000,351.642174,1036,110,0.002689,0.4609
21790000,360.475246,1064,107,0.006477,0.3438
21792000,360.549795,1038,107,0.009178,0.3203
21794000,359.863935,1021,116,0.012023,0.4453
21796000,359.115015,1026,120,0.009746,0.3828
21798000,360.543375,1029,95,0.006402,0.3984
21800000,361.230734,1018,110,0.008785,0.3984
21802000,370.979388,1050,112,0.010301,0.2891
21804000,374.368155,1070,111,0.007463,0.4062
21806000,376.682347,1083,102,0.009354,0.3359
21808000,380.137527,1088,106,0.007170,0.3828
21810000,378.691507,1082,96,0.010152,0.3281
21812000,382.387350,1089,88,0.008189,0.3516
21814000,376.659027,1089,88,0.005860,0.2969
21816000,369.246300,1057,90,0.004185,0.4062
21818000,368.845136,1045,96,0.004323,0.3906
21820000,364.425216,1055,89,0.002825,0.3203
21822000,366.817171,1042,100,0.005502,0.3594
21824000,367.256190,1070,94,0.003059,0.3438
21826000,365.726150,1064,99,0.003503,0.4141
21828000,362.006108,1051,102,0.002530,0.4141
21830000,358.834835,1049,111,0.004462,0.4766
21832000,364.821772,1062,105,0.001522,0.4531
21834000,376.166640,1067,104,0.000754,0.2812
21836000,366.610131,1061,91,0.000041,0.3516
21838000,366.999447,1058,105,0.000984,0.2812
21840000,369.549950,1061,98,0.002516,0.3359
21842000,375.031155,1072,91,0.001613,0.4219
21844000,373.506648,1077,96,0.003092,0.3516
21846000,372.379167,1077,87,0.001634,0.3672
21848000,376.070256,1075,106,0.002303,0.3672
21850000,367.440403,1067,114,0.004532,0.4922
21852000,360.457516,1065,101,0.003785,0.3906
21854000,363.711374,1060,100,0.007839,0.3828
21856000,364.236940,1072,98,0.005365,0.3125
21858000,359.747167,1052,86,0.004392,0.3516
21860000,364.621143,1046,98,0.002724,0.4141
21862000,362.102803,1059,105,0.001996,0.4688
21864000,357.193975,1051,106,0.001253,0.3828
21866000,360.709167,1048,115,0.000359,0.3672
21868000,361.962023,1058,97,0.001332,0.2734
21870000,362.272815,1051,106,0.004462,0.3906
21872000,367.121022,1063,82,0.003350,0.3438
21874000,364.978175,1027,107,0.005605,0.4531
21876000,359.239675,1022,104,0.003048,0.3984
21878000,355.984796,1002,117,0.004759,0.3672
21880000,356.829612,1026,112,0.003231,0.4375
21882000,361.749900,1031,105,0.006978,0.3125
21884000,359.703247,1027,108,0.010293,0.4766
21886000,361.002700,1032,118,0.007944,0.3281
21888000,365.842862,1073,95,0.007748,0.3984
21890000,360.375278,1049,107,0.003889,0.3203
21892000,365.594971,1058,97,0.004125,0.4062
21894000,361.994095,1067,105,0.006972,0.4062
21896000,370.913303,1046,102,0.009800,0.3672
21898000,369.560240,1072,87,0.008442,0.3125
21900000,372.880543,1067,97,0.009059,0.3750
21902000,377.596859,1065,112,0.013073,0.3984
21904000,373.278848,1046,105,0.013132,0.3828
21906000,370.719736,1041,101,0.015221,0.3594
21908000,368.563192,1046,83,0.014914,0.3047
21910000,364.695360,1045,104,0.007723,0.3359
21912000,361.205623,1059,99,0.006451,0.3203
21914000,357.035467,1059,90,0.008625,0.3281
21916000,359.073175,1058,87,0.011028,0.3594
21918000,363.766520,1067,92,0.011757,0.2578
21920000,349.416702,1033,107,0.010442,0.4297
21922000,348.684771,1033,104,0.005369,0.2812
21924000,354.176718,1067,90,0.005522,0.3359
21926000,360.049468,1068,89,0.005908,0.3047
21928000,366.074912,1066,94,0.006870,0.2812
21930000,362.115390,1053,103,0.003830,0.3203
21932000,364.479630,1041,108,0.005573,0.5000
21934000,360.534892,1044,107,0.007037,0.4062
21936000,356.887900,1045,100,0.010046,0.4844
21938000,364.140380,1057,110,0.013782,0.4141
21940000,357.106651,1033,116,0.016379,0.3516
21942000,359.710371,1039,111,0.015516,0.3750
21944000,362.273279,1049,88,0.017966,0.4141
21946000,358.312135,1070,72,0.021547,0.2656
21948000,357.528015,1073,62,0.023925,0.2578
21950000,351.366723,1062,89,0.024112,0.4141
21952000,350.106915,1022,98,0.022924,0.3203
21954000,352.617702,1040,93,0.022947,0.4297
21956000,355.485078,1058,101,0.021819,0.3438
21958000,352.173148,1041,95,0.019314,0.3828
21960000,359.976615,1049,80,0.019493,0.3516
21962000,359.619231,1036,108,0.020253,0.3984
21964000,359.003327,1031,96,0.012936,0.3906
21966000,354.221404,1026,98,0.017969,0.3047
21968000,357.979630,1047,102,0.005931,0.3438
21970000,357.651275,1048,98,0.005586,0.2734
21972000,359.842284,1049,111,0.005392,0.3281
21974000,359.693955,1050,105,0.004184,0.3672
21976000,361.130710,1041,115,0.004608,0.3438
21978000,367.026907,1060,106,0.006452,0.4297
21980000,370.537228,1067,102,0.004962,0.3984
21982000,372.204027,1073,108,0.005343,0.4922
21984000,379.084230,1081,113,0.007409,0.2969
21986000,372.716059,1073,105,0.004643,0.3438
21988000,373.366987,1064,108,0.003017,0.3750
21990000,376.924299,1075,104,0.003364,0.2500
21992000,373.844235,1072,99,0.006261,0.2891
21994000,372.463783,1079,90,0.007643,0.2812
21996000,372.237667,1060,90,0.004867,0.3672
21998000,377.761390,1054,86,0.005521,0.3281
22000000,371.060156,1056,101,0.006138,0.3828
22002000,371.045539,1059,92,0.010367,0.3672
22004000,377.913688,1041,110,0.007514,0.3359
22006000,376.431707,1040,92,0.009432,0.3750
22008000,379.313454,1083,90,0.006555,0.4297
22010000,380.352000,1069,94,0.009292,0.3438
22012000,378.633920,1052,101,0.009863,0.3516
22014000,378.617596,1063,88,0.010466,0.4297
22016000,384.681779,1058,112,0.014904,0.3516
22018000,382.790600,1071,87,0.012790,0.3438
22020000,379.459163,1063,95,0.016768,0.3359
22022000,381.508062,1086,85,0.009431,0.3516
22024000,376.561692,1089,80,0.006497,0.3047
22026000,373.383695,1086,87,0.006603,0.3281
22028000,372.862755,1092,90,0.005035,0.3281
22030000,374.566396,1087,84,0.002209,0.3281
22032000,377.130640,1084,99,0.003856,0.4141
22034000,373.173496,1061,86,0.002274,0.3359
22036000,371.490120,1070,103,0.000843,0.4141
22038000,375.994155,1067,104,0.002324,0.2969
22040000,373.854319,1061,92,0.002718,0.3594
22042000,376.621755,1075,91,0.001501,0.3359
22044000,379.956355,1078,80,0.002812,0.3516
22046000,374.060150,1051,105,0.003440,0.3828
22048000,374.312975,1025,105,0.005904,0.2344
22050000,367.751303,1033,104,0.002605,0.3906
22052000,365.571215,1040,106,0.001408,0.4297
22054000,362.415259,1052,108,0.001761,0.3438
22056000,355.933900,1047,111,0.000886,0.4062
22058000,354.448204,1043,104,0.002805,0.3906
22060000,358.679014,1045,98,0.002291,0.4062
22062000,363.289707,1057,100,0.001845,0.4531
22064000,356.519115,1048,94,0.001627,0.3672
22066000,353.989326,1045,89,0.005644,0.3438
22068000,356.236718,1030,94,0.002576,0.3281
22070000,352.106700,1008,104,0.002890,0.3438
22072000,349.802067,990,126,0.002489,0.4453
22074000,346.943174,997,125,0.000522,0.4062
22076000,344.443403,1004,104,0.000468,0.4453
22078000,342.172027,998,130,0.000020,0.4375
22080000,347.216198,1005,111,0.000285,0.3047
22082000,353.422595,1040,107,0.000952,0.5078
22084000,354.376887,1020,110,0.000662,0.3984
22086000,355.873406,1016,104,0.000603,0.4141
22088000,354.435308,1023,107,0.000587,0.4062
22090000,349.072971,1032,110,0.000915,0.2656
22092000,349.672428,1024,109,0.001797,0.4375
22094000,348.690295,1021,110,0.002504,0.3594
22096000,353.753023,1028,111,0.001657,0.3203
22098000,355.472991,1020,120,0.002161,0.4141
22100000,353.045880,1026,118,0.002910,0.3672
22102000,355.612959,1020,116,0.000844,0.3594
22104000,352.315756,1031,112,0.002090,0.3828
22106000,358.669320,1044,103,0.004745,0.3828
22108000,356.457275,1043,87,0.004931,0.3828
22110000,361.855835,1065,82,0.004394,0.3906
22112000,358.056310,1054,105,0.004107,0.4531
22114000,366.331419,1049,91,0.003518,0.3750
22116000,369.609519,1039,92,0.003773,0.2812
22118000,366.043878,1046,97,0.004979,0.3750
22120000,365.547910,1057,94,0.006041,0.3750
22122000,363.076336,1026,134,0.007749,0.3594
22124000,364.446422,1050,117,0.007045,0.4375
22126000,358.191838,1052,102,0.004727,0.3984
22128000,362.717750,1047,107,0.009590,0.3906
22130000,373.438398,1065,95,0.007153,0.4062
22132000,377.270055,1061,95,0.008580,0.4688
22134000,383.304030,1063,99,0.013618,0.3594
22136000,386.427224,1087,85,0.009871,0.3828
22138000,383.691360,1092,87,0.011373,0.3281
22140000,375.630083,1065,90,0.006351,0.2734
22142000,372.821935,1055,101,0.008017,0.4297
22144000,373.936815,1052,101,0.003819,0.4219
22146000,374.672294,1044,100,0.003727,0.3984
22148000,377.410080,1048,120,0.002149,0.3672
22150000,375.958303,1041,122,0.001742,0.3906
22152000,375.817072,1050,102,0.003976,0.3594
22154000,375.531920,1039,107,0.005115,0.3750
22156000,380.193595,1079,89,0.002975,0.4375
22158000,372.410118,1070,85,0.002115,0.3203
22160000,382.170358,1078,99,0.000130,0.2734
22162000,379.275195,1075,90,0.000550,0.3516
22164000,377.978999,1069,97,0.000507,0.3047
22166000,377.136124,1074,97,0.005946,0.3828
22168000,369.746027,1066,92,0.004740,0.3203
22170000,366.381902,1052,97,0.004919,0.3438
22172000,369.067276,1002,103,0.006972,0.4062
22174000,368.386119,1039,108,0.007590,0.3594
22176000,366.016695,1051,104,0.006786,0.4141
22178000,362.061575,1058,109,0.004398,0.3281
22180000,358.507030,1047,98,0.003968,0.3750
22182000,354.545222,1038,107,0.003443,0.3594
22184000,357.562286,1051,98,0.002862,0.3828
22186000,356.389016,1069,91,0.002656,0.2891
22188000,354.370438,1045,89,0.004763,0.3828
22190000,355.042763,1049,108,0.002764,0.3594
22192000,354.352910,1035,102,0.005622,0.4766
22194000,358.736188,1051,96,0.005743,0.3281
22196000,358.567368,1031,108,0.004125,0.3828
22198000,362.917011,1065,97,0.001967,0.4062
22200000,365.375691,1075,77,0.002146,0.3750
22202000,365.481934,1077,90,0.001738,0.3672
22204000,362.747416,1061,94,0.001889,0.3203
22206000,359.094080,1056,91,0.002082,0.3750
22208000,359.697219,1057,100,0.000261,0.2266
22210000,363.494412,1067,78,0.002339,0.3516
22212000,352.011331,1042,114,0.001271,0.3672
22214000,353.293455,1048,103,0.000504,0.2969
22216000,358.602070,1038,106,0.001459,0.4375
22218000,351.391175,1031,106,0.001520,0.3828
22220000,359.265838,1023,107,0.001607,0.6094
22222000,359.142455,1024,89,0.002252,0.2812
22224000,366.735715,1066,87,0.001593,0.3516
22226000,372.418400,1069,89,0.004116,0.3359
22228000,372.078703,1067,107,0.001084,0.5078
22230000,370.825507,1064,100,0.001020,0.2812
22232000,363.395830,1076,96,0.001506,0.4688
22234000,368.371534,1084,90,0.001273,0.3203
22236000,366.300555,1076,92,0.000170,0.3438
22238000,371.586779,1050,91,0.000544,0.3359
22240000,365.569750,1045,107,0.001135,0.3828
22242000,362.390572,1032,106,0.004189,0.2891
22244000,369.837255,1070,102,0.008929,0.3828
22246000,364.373343,1048,105,0.007963,0.3828
22248000,361.480440,1066,80,0.007747,0.3359
22250000,360.348798,1061,94,0.004924,0.3203
22252000,358.669470,1056,98,0.002669,0.3359
22254000,362.929731,1072,81,0.006947,0.3828
22256000,363.884934,1065,101,0.008065,0.2656
22258000,368.704764,1066,103,0.008150,0.3203
22260000,373.077187,1068,100,0.009207,0.4453
22262000,369.798975,1076,99,0.004719,0.4062
22264000,368.212318,1078,93,0.004752,0.4062
22266000,367.873310,1060,98,0.004915,0.4453
22268000,367.103590,1067,103,0.006212,0.4531
22270000,370.280371,1070,105,0.005876,0.3672
22272000,374.897968,1074,99,0.002714,0.3672
22274000,371.011870,1062,99,0.000813,0.3281
22276000,367.214675,1052,92,0.000955,0.3359
22278000,368.293894,1061,108,0.003839,0.3984
22280000,366.781916,1061,106,0.003322,0.3828
22282000,367.160431,1049,96,0.002998,0.3516
22284000,362.826686,1070,101,0.001780,0.3984
22286000,358.591840,1056,104,0.000362,0.4375
22288000,365.957054,1052,105,0.000040,0.4375
22290000,361.678835,1042,106,0.001234,0.3984
22292000,361.178862,1052,102,0.001397,0.3750
22294000,366.350347,1064,90,0.001957,0.3672
22296000,363.005020,1058,106,0.000921,0.3359
22298000,358.356814,1031,114,0.002536,0.4219
22300000,359.869900,1046,106,0.003747,0.3750
22302000,357.904795,1040,105,0.006245,0.3047
22304000,355.158556,1029,106,0.001324,0.3516
22306000,359.414910,1049,100,0.001668,0.3438
22308000,363.412135,1064,106,0.000738,0.3594
22310000,364.118590,1075,93,0.001921,0.3828
22312000,368.508888,1069,107,0.001575,0.3906
22314000,364.836528,1064,111,0.002308,0.3984
22316000,373.037776,1054,95,0.002017,0.3047
22318000,376.569248,1079,105,0.000423,0.3906
22320000,374.877803,1059,99,0.000222,0.2578
22322000,369.719831,1051,95,0.000400,0.3750
22324000,365.534910,1036,110,0.000063,0.4219
22326000,368.134335,1048,95,0.000891,0.3281
22328000,363.599647,1047,98,0.003042,0.3828
22330000,359.061440,1052,97,0.004143,0.3828
22332000,354.056975,1033,123,0.001982,0.4375
22334000,356.735207,1048,94,0.000546,0.3203
22336000,359.900647,1054,90,0.001954,0.3516
22338000,361.364438,1024,106,0.002160,0.3438
22340000,363.113990,1049,101,0.003734,0.4062
22342000,355.734839,1025,112,0.002748,0.2969
22344000,361.053967,1013,121,0.001661,0.3516
22346000,362.913227,1045,103,0.003233,0.3984
22348000,362.240739,1056,106,0.003325,0.3281
22350000,356.347927,1064,86,0.004769,0.4297
22352000,354.042307,1028,103,0.007461,0.3125
22354000,353.758099,1027,115,0.010956,0.3281
22356000,350.482915,1018,116,0.004092,0.4062
22358000,349.895928,1037,109,0.006048,0.4375
22360000,353.006560,1021,106,0.002948,0.3750
22362000,361.146454,1009,115,0.001725,0.4062
22364000,353.453326,1013,107,0.002543,0.3984
22366000,359.018280,1037,129,0.001062,0.5391
22368000,357.815355,1032,129,0.004510,0.2891
22370000,358.667315,1017,129,0.004345,0.4844
22372000,357.840008,1023,116,0.003949,0.4688
22374000,359.955543,1036,99,0.005877,0.4062
22376000,359.403271,1046,108,0.004577,0.3906
22378000,365.791571,1030,121,0.004202,0.3672
22380000,363.404540,1038,99,0.008453,0.4766
22382000,358.117511,1034,112,0.005492,0.3047
22384000,356.026070,1021,121,0.008709,0.4844
22386000,356.214872,1038,113,0.011339,0.4844
22388000,353.795475,985,124,0.016141,0.3594
22390000,352.352075,1011,113,0.015310,0.3750
22392000,349.161052,1024,114,0.012014,0.3359
22394000,353.761911,1038,110,0.015846,0.4062
22396000,349.722955,1022,113,0.008279,0.3594
22398000,356.591878,1030,118,0.011518,0.4219
22400000,357.747824,1039,107,0.012272,0.3281
22402000,362.133711,1039,101,0.014228,0.3125
22404000,367.313975,1045,100,0.014293,0.3984
22406000,361.817310,1040,110,0.007989,0.4531
22408000,366.838460,1041,88,0.012521,0.4297
22410000,373.684107,1048,96,0.014312,0.3125
22412000,366.365388,1026,111,0.007718,0.4609
22414000,366.898363,1011,113,0.009247,0.4688
22416000,369.596400,1027,110,0.003843,0.4062
22418000,364.248735,1015,106,0.006473,0.3516
22420000,361.039582,1016,117,0.005070,0.5078
22422000,358.947100,1001,103,0.004241,0.3125
22424000,357.560784,1016,111,0.005016,0.3828
22426000,358.199215,1035,102,0.001660,0.3047
22428000,361.482598,1025,115,0.002613,0.3281
22430000,359.549695,1015,102,0.003434,0.3359
22432000,356.794275,1041,111,0.001609,0.3828
22434000,354.113427,1053,87,0.000418,0.3594
22436000,362.073683,1073,88,0.000700,0.3281
22438000,358.518526,1066,100,0.001120,0.2969
22440000,355.934190,1055,99,0.001346,0.3516
22442000,356.884174,1042,100,0.000825,0.3828
22444000,357.690175,1030,99,0.001323,0.3750
22446000,356.674606,1021,106,0.003467,0.4922
22448000,357.787048,1030,99,0.001448,0.3516
22450000,361.005100,1040,106,0.001352,0.3125
22452000,361.664030,1027,102,0.001519,0.3438
22454000,358.440835,1024,105,0.006590,0.3125
22456000,357.946035,1048,96,0.007543,0.2891
22458000,363.562782,1055,106,0.009646,0.3984
22460000,364.206982,1041,99,0.004928,0.3281
22462000,355.411287,1032,97,0.004005,0.3516
22464000,362.893920,1023,121,0.004884,0.3828
22466000,362.436015,1046,120,0.003565,0.3984
22468000,360.070812,1023,109,0.004145,0.3516
22470000,357.825110,1031,97,0.002977,0.3281
22472000,357.682891,1032,108,0.002202,0.4609
22474000,354.358718,1026,117,0.001052,0.4062
22476000,348.136279,1009,122,0.000878,0.3672
22478000,351.582716,1015,118,0.001653,0.4219
22480000,360.132908,1055,96,0.001312,0.2969
22482000,357.916726,1033,107,0.000131,0.4766
22484000,365.270927,1047,108,0.000356,0.4297
22486000,364.941836,1038,110,0.000275,0.4609
22488000,365.943895,1055,108,0.000236,0.4453
22490000,363.971975,1061,94,0.000867,0.4609
22492000,369.019579,1071,87,0.001452,0.3047
22494000,369.013950,1077,94,0.002057,0.3438
22496000,373.198703,1068,97,0.003870,0.2969
22498000,376.505822,1083,93,0.007345,0.4219
22500000,371.904575,1078,92,0.005761,0.3828
22502000,370.750792,1079,98,0.002174,0.2734
22504000,375.983596,1061,100,0.004978,0.3594
22506000,374.163191,1066,95,0.005527,0.3516
22508000,369.227648,1070,96,0.005085,0.3047
22510000,370.563720,1052,94,0.006091,0.2656
22512000,362.785680,1028,120,0.002524,0.4219
22514000,357.514051,1021,122,0.003329,0.3672
22516000,357.866902,1022,125,0.002530,0.4766
22518000,360.722726,1046,96,0.004463,0.4219
22520000,363.059472,1053,88,0.002559,0.2969
22522000,363.969507,1055,88,0.000928,0.4141
22524000,360.829640,1064,86,0.002316,0.3203
22526000,356.565414,1054,95,0.001071,0.2344
22528000,355.590646,1047,92,0.002098,0.4297
22530000,352.633854,1036,89,0.002033,0.3984
22532000,356.531118,1041,98,0.006713,0.4219
22534000,355.579440,1058,114,0.005846,0.4141
22536000,351.854663,1054,92,0.004595,0.3750
22538000,352.292983,1065,83,0.005306,0.3359
22540000,349.849879,1049,96,0.005216,0.4062
22542000,345.821359,1052,94,0.002257,0.4062
22544000,349.686624,1047,98,0.001496,0.4375
22546000,350.120419,1031,116,0.001024,0.4297
22548000,357.561187,1055,102,0.004103,0.4531
22550000,362.884172,1060,104,0.002065,0.2500
22552000,368.355207,1083,75,0.001667,0.3438
22554000,367.920135,1045,106,0.002911,0.3828
22556000,373.796419,1069,95,0.004097,0.3203
22558000,373.212623,1080,111,0.003453,0.2891
22560000,374.355479,1074,119,0.005122,0.3672
22562000,370.559976,1073,98,0.003467,0.3516
22564000,370.675638,1063,90,0.003109,0.3828
22566000,374.637119,1075,90,0.006111,0.3594
22568000,368.348571,1065,94,0.003072,0.4141
22570000,363.904823,1057,87,0.005205,0.4297
22572000,371.958750,1077,93,0.005269,0.2891
22574000,370.091807,1064,85,0.005073,0.3359
22576000,365.593735,1050,102,0.002228,0.4141
22578000,364.796990,1054,98,0.001636,0.3203
22580000,359.978747,1050,99,0.003108,0.4062
22582000,365.274744,1046,108,0.002422,0.3438
22584000,361.958582,1036,114,0.004978,0.2969
22586000,361.858695,1050,95,0.005006,0.3516
22588000,361.556055,1036,95,0.006886,0.4766
22590000,360.649470,1035,102,0.005720,0.3359
22592000,360.495851,1027,119,0.001186,0.4297
22594000,360.056011,1021,116,0.001010,0.3984
22596000,365.727359,1038,105,0.001349,0.3359
22598000,366.971355,1026,114,0.004663,0.3672
22600000,372.730511,1051,105,0.008908,0.3359
22602000,376.749107,1066,101,0.012991,0.3750
22604000,372.101743,1046,102,0.012253,0.3828
22606000,369.774931,1068,91,0.012836,0.4141
22608000,369.253575,1046,94,0.012891,0.4062
22610000,363.480219,1031,104,0.007712,0.3984
22612000,362.368651,1033,110,0.010955,0.4375
22614000,360.226419,1032,106,0.011989,0.4609
22616000,363.764251,1045,101,0.008074,0.2891
22618000,365.918608,1039,109,0.011175,0.3516
22620000,372.840968,1050,112,0.015344,0.3281
22622000,373.296070,1051,110,0.009261,0.4609
22624000,378.991262,1047,103,0.009694,0.4062
22626000,383.404031,1056,114,0.011224,0.3750
22628000,378.288403,1052,119,0.016136,0.3984
22630000,380.848974,1059,86,0.020829,0.2812
22632000,382.942368,1047,106,0.024559,0.3516
22634000,381.015267,1070,99,0.024987,0.4219
22636000,380.179478,1063,102,0.015455,0.3984
22638000,376.677939,1078,90,0.014468,0.4141
22640000,370.714140,1080,83,0.012304,0.3594
22642000,373.889815,1085,84,0.010945,0.3984
22644000,362.447891,1054,92,0.009384,0.2578
22646000,364.468440,1039,119,0.008844,0.4688
22648000,366.238243,1053,100,0.006386,0.3125
22650000,373.483672,1066,101,0.009650,0.3438
22652000,375.411135,1082,83,0.007242,0.3438
22654000,376.827574,1070,75,0.010717,0.3750
22656000,377.292643,1092,89,0.013901,0.4297
22658000,379.203483,1090,82,0.015599,0.3359
22660000,374.931203,1067,91,0.014805,0.3438
22662000,376.413767,1065,96,0.018129,0.4453
22664000,377.843991,1073,92,0.018786,0.3594
22666000,381.932415,1066,101,0.014683,0.3281
22668000,375.770619,1064,101,0.015397,0.3047
22670000,376.131484,1080,87,0.019969,0.4062
22672000,372.133680,1076,102,0.021792,0.3828
22674000,377.086519,1100,88,0.023826,0.3359
22676000,379.982047,1086,88,0.027907,0.3906
22678000,373.622267,1077,97,0.022076,0.3750
22680000,373.439384,1063,95,0.018546,0.3125
22682000,371.863655,1071,103,0.013974,0.4062
22684000,369.805750,1068,99,0.006468,0.3750
22686000,378.509775,1067,98,0.008344,0.3281
22688000,382.004915,1087,89,0.009243,0.3438
22690000,384.357195,1085,89,0.009011,0.2969
22692000,376.738135,1071,79,0.012131,0.2812
22694000,375.043406,1052,95,0.009008,0.4375
22696000,374.378399,1058,104,0.006994,0.4141
22698000,378.589180,1070,105,0.006226,0.3047
22700000,379.399212,1080,83,0.004961,0.3750
22702000,367.654214,1045,92,0.006921,0.3828
22704000,369.277416,1058,102,0.003190,0.3359
22706000,367.285926,1043,90,0.002828,0.3438
22708000,368.088907,1055,92,0.004474,0.4219
22710000,366.522302,1053,108,0.006156,0.3750
22712000,365.779135,1039,112,0.003624,0.3438
22714000,365.015520,1070,97,0.000478,0.3203
22716000,363.459292,1062,99,0.000632,0.2578
22718000,365.892495,1059,80,0.000155,0.3125
22720000,363.753960,1037,103,0.000237,0.3516
22722000,354.093003,1012,120,0.000210,0.4453
22724000,358.811500,1056,80,0.001850,0.3438
22726000,355.332427,1052,102,0.000353,0.4219
22728000,346.931084,1013,110,0.000072,0.4531
22730000,345.862588,1013,103,0.000357,0.3906
22732000,341.173075,1009,121,0.000217,0.2891
22734000,338.855944,1006,122,0.000885,0.4375
22736000,339.344416,976,129,0.001879,0.3516
22738000,338.981991,982,141,0.001469,0.4453
22740000,340.473595,1001,108,0.000880,0.3594
22742000,342.013083,1006,110,0.004725,0.4062
22744000,347.377087,1023,113,0.000888,0.4297
22746000,342.609515,1020,111,0.001004,0.3359
22748000,342.778395,1020,105,0.000515,0.3906
22750000,343.482771,1017,109,0.000524,0.4141
22752000,341.471838,1026,118,0.000999,0.4453
22754000,346.489019,1055,98,0.000976,0.4062
22756000,343.665064,1027,100,0.000814,0.3438
22758000,344.415822,1033,108,0.000141,0.4141
22760000,344.307208,1018,110,0.000994,0.3672
22762000,344.607566,1011,100,0.000098,0.4297
22764000,355.906424,1029,103,0.001242,0.3359
22766000,358.343407,1019,101,0.000273,0.3984
22768000,355.730483,1039,110,0.000021,0.4375
22770000,365.698971,1062,99,0.000048,0.3438
22772000,363.001647,1054,105,0.000532,0.4219
22774000,371.637203,1073,85,0.000057,0.3438
22776000,362.723751,1042,105,0.000212,0.4219
22778000,364.703835,1036,105,0.000094,0.4688
22780000,368.303851,1068,96,0.000529,0.3281
22782000,360.735372,1046,109,0.000960,0.4844
22784000,357.129239,1045,108,0.000662,0.3438
22786000,360.781675,1015,131,0.000286,0.3672
22788000,360.243830,1053,120,0.001618,0.3828
22790000,361.619422,1047,108,0.003398,0.2812
22792000,368.961308,1058,97,0.003144,0.3281
22794000,368.903422,1060,93,0.003104,0.3203
22796000,366.568295,1037,104,0.006396,0.3281
22798000,367.022428,1049,95,0.010183,0.2656
22800000,361.785824,1055,92,0.006218,0.3359
22802000,365.129702,1035,100,0.011120,0.3438
22804000,361.310167,1044,112,0.013995,0.3906
22806000,365.506351,1053,91,0.014591,0.3047
22808000,359.334919,1021,110,0.016015,0.4141
22810000,353.164614,1011,120,0.013824,0.4375
22812000,353.094199,1008,112,0.006476,0.4375
22814000,348.141271,1014,105,0.005131,0.4453
22816000,352.749430,1010,117,0.002306,0.3516
22818000,359.286252,1032,111,0.002112,0.3828
22820000,360.562835,1042,106,0.004107,0.3125
22822000,361.846999,1027,114,0.005048,0.3125
22824000,367.998923,1027,111,0.005077,0.3828
22826000,363.919451,1048,94,0.004689,0.2891
22828000,367.154396,1053,101,0.004595,0.3516
22830000,369.816236,1040,108,0.010933,0.2969
22832000,369.090024,1012,112,0.013841,0.4062
22834000,362.415500,1008,120,0.010204,0.4375
22836000,369.186750,1048,96,0.007739,0.3594
22838000,369.552183,1032,106,0.005427,0.3828
22840000,372.132150,1050,94,0.004798,0.3516
22842000,366.931916,1054,104,0.003338,0.3281
22844000,363.167579,1048,104,0.007148,0.3750
22846000,363.272531,1034,100,0.007366,0.3594
22848000,366.325563,1034,110,0.005444,0.3047
22850000,369.817095,1045,87,0.002861,0.3828
22852000,371.691475,1035,99,0.006066,0.3594
22854000,366.536044,1058,89,0.006911,0.3828
22856000,369.468620,1038,101,0.005165,0.4062
22858000,370.564910,1043,111,0.007473,0.3672
22860000,368.261375,1048,82,0.004598,0.3516
22862000,364.126936,1040,111,0.006191,0.5391
22864000,368.367375,1029,131,0.008778,0.4141
22866000,367.732600,1032,120,0.008766,0.4297
22868000,364.887075,1034,114,0.010187,0.3984
22870000,368.525771,1062,103,0.009073,0.3516
22872000,362.259310,1056,102,0.012414,0.3125
22874000,366.576300,1073,88,0.004609,0.3594
22876000,358.903582,1044,101,0.001849,0.3438
22878000,360.292494,1033,114,0.002902,0.3672
22880000,360.001244,1055,96,0.001115,0.3906
22882000,364.214790,1076,65,0.001718,0.3203
22884000,358.233263,1052,87,0.000404,0.3750
22886000,360.221439,1048,88,0.000449,0.3125
22888000,356.377760,1044,99,0.001054,0.3672
22890000,354.979324,1029,103,0.001830,0.4219
22892000,348.919635,1002,122,0.002945,0.4844
22894000,353.014975,1060,91,0.002072,0.3047
22896000,356.501299,1049,105,0.001380,0.3594
22898000,364.535454,1044,114,0.003309,0.5312
22900000,362.670883,1043,108,0.004201,0.4219
22902000,361.262204,1043,99,0.011534,0.3281
22904000,355.842300,1032,95,0.010396,0.2344
22906000,363.143196,1043,100,0.008691,0.3203
22908000,360.011223,1043,105,0.006935,0.3359
22910000,358.061840,1044,104,0.009133,0.4531
22912000,362.553318,1050,98,0.006946,0.3438
22914000,364.852328,1049,106,0.005297,0.3359
22916000,365.512171,1040,96,0.005096,0.3516
22918000,363.422891,1042,94,0.002885,0.3750
22920000,368.740843,1047,106,0.004987,0.4609
22922000,372.541040,1056,101,0.003006,0.3750
22924000,366.361720,1058,101,0.004773,0.4141
22926000,363.821875,1077,98,0.001699,0.3672
22928000,360.304135,1055,108,0.000534,0.3828
22930000,360.434431,1060,101,0.002118,0.3516
22932000,362.669608,1086,86,0.001872,0.3359
22934000,359.592627,1054,109,0.001540,0.3672
22936000,358.913240,1064,89,0.001454,0.3359
22938000,362.591475,1062,96,0.000775,0.3359
22940000,362.624230,1050,103,0.000026,0.4219
22942000,361.430808,1056,91,0.000172,0.4219
22944000,360.975600,1037,112,0.000532,0.5078
22946000,360.837430,1050,103,0.003001,0.3281
22948000,360.360494,1056,99,0.000909,0.3828
22950000,363.425510,1056,103,0.001211,0.4297
22952000,358.462422,1033,110,0.004048,0.5000
22954000,357.397838,1018,110,0.003067,0.4375
22956000,354.782300,1033,108,0.002168,0.3438
22958000,359.189839,1062,88,0.002504,0.3906
22960000,360.882271,1062,93,0.007729,0.3750
22962000,369.812231,1032,99,0.009105,0.4141
22964000,366.397436,1046,97,0.006426,0.3594
22966000,368.584575,1045,109,0.006324,0.3438
22968000,365.797646,1040,114,0.002930,0.3828
22970000,366.039200,1029,121,0.003348,0.4609
22972000,372.024043,1053,103,0.000907,0.3594
22974000,369.518604,1062,86,0.000333,0.2891
22976000,376.259630,1067,89,0.003145,0.3203
22978000,368.667100,1069,105,0.006213,0.4453
22980000,363.689294,1065,101,0.005349,0.3203
22982000,358.744688,1041,107,0.007057,0.4141
22984000,357.609728,1026,99,0.005486,0.4453
22986000,367.015500,1050,96,0.007961,0.4141
22988000,362.928895,1054,98,0.004775,0.3672
22990000,368.708046,1065,91,0.005344,0.3594
22992000,367.775259,1047,96,0.008258,0.3359
22994000,369.182558,1067,99,0.006762,0.3516
22996000,364.152995,1053,113,0.005804,0.3516
22998000,365.673851,1062,110,0.003803,0.3672
23000000,365.796403,1064,87,0.005853,0.3828
23002000,368.988055,1063,100,0.005100,0.2734
23004000,366.648659,1069,83,0.007617,0.3672
23006000,362.987243,1053,94,0.001789,0.3359
23008000,360.468067,1029,105,0.001961,0.3594
23010000,366.983359,1046,97,0.000671,0.2891
23012000,365.848204,1035,112,0.005368,0.3359
23014000,371.560771,1046,94,0.007110,0.3984
23016000,376.709916,1090,89,0.004870,0.4219
23018000,374.004643,1060,108,0.003960,0.3906
23020000,372.990368,1063,84,0.002617,0.4062
23022000,366.542366,1042,117,0.003026,0.4219
23024000,366.219142,1041,104,0.001103,0.3125
23026000,374.260703,1050,98,0.000352,0.2500
23028000,374.092412,1067,89,0.002571,0.4297
23030000,381.692000,1079,93,0.002809,0.2812
23032000,377.736504,1068,96,0.001088,0.3516
23034000,375.616483,1069,104,0.001446,0.3672
23036000,371.886920,1047,109,0.001426,0.4141
23038000,377.676383,1070,93,0.000871,0.3672
23040000,386.051571,1068,100,0.004088,0.2969
23042000,381.257470,1070,91,0.001815,0.3203
23044000,379.984371,1077,109,0.000684,0.4141
23046000,380.246295,1072,92,0.000864,0.2500
23048000,378.454771,1081,89,0.001303,0.3906
23050000,378.316095,1061,108,0.000051,0.3984
23052000,379.949907,1070,101,0.001164,0.3125
23054000,381.354015,1096,84,0.000683,0.3359
23056000,383.103875,1066,103,0.000006,0.3672
23058000,381.177150,1076,96,0.001094,0.4531
23060000,380.559446,1063,112,0.002219,0.3516
23062000,381.757820,1071,102,0.002718,0.3828
23064000,376.878415,1051,94,0.003781,0.3516
23066000,380.168527,1053,85,0.002715,0.2734
23068000,377.820332,1057,109,0.003867,0.3594
23070000,378.530734,1060,107,0.002748,0.4531
23072000,378.617366,1077,97,0.004157,0.3359
23074000,379.893179,1045,105,0.003730,0.3438
23076000,378.569936,1033,97,0.003326,0.2656
23078000,383.433116,1045,105,0.008298,0.4609
23080000,386.052844,1066,100,0.008891,0.3438
23082000,382.090166,1062,94,0.002934,0.2891
23084000,379.978648,1060,88,0.004889,0.2734
23086000,378.233038,1062,106,0.007010,0.3203
23088000,377.943751,1078,89,0.005706,0.3438
23090000,376.883628,1061,104,0.002431,0.3359
23092000,370.079446,1030,119,0.002635,0.3672
23094000,372.112271,1045,104,0.005649,0.4062
23096000,367.563955,1057,107,0.003530,0.4219
23098000,369.522700,1066,86,0.006707,0.4297
23100000,368.597095,1076,97,0.004644,0.4062
23102000,373.388531,1070,87,0.003324,0.3672
23104000,382.618811,1062,104,0.006884,0.3828
23106000,381.704787,1067,101,0.010240,0.2500
23108000,374.431247,1075,90,0.009275,0.3438
23110000,375.394958,1081,104,0.010682,0.3281
23112000,384.839678,1111,79,0.007674,0.2734
23114000,384.547619,1106,90,0.007467,0.3047
23116000,387.188550,1098,107,0.006317,0.4688
23118000,384.602259,1101,83,0.008044,0.3828
23120000,389.669830,1109,79,0.006978,0.3672
23122000,383.845475,1090,97,0.001625,0.4531
23124000,378.989230,1100,87,0.007000,0.3047
23126000,371.375340,1051,108,0.014431,0.3516
23128000,366.614790,1045,104,0.012046,0.3906
23130000,366.106991,1027,114,0.007154,0.3672
23132000,370.226619,1036,94,0.004877,0.3594
23134000,382.409766,1044,105,0.004936,0.4375
23136000,382.585600,1067,114,0.003940,0.3359
23138000,378.402156,1051,101,0.004034,0.3984
23140000,376.182691,1073,107,0.006713,0.3203
23142000,373.449163,1054,102,0.008013,0.4531
23144000,380.990984,1072,92,0.005348,0.3125
23146000,380.115875,1070,88,0.007821,0.3359
23148000,374.610062,1067,101,0.008230,0.3203
23150000,381.572320,1094,98,0.006081,0.3672
23152000,381.266174,1080,87,0.004925,0.3672
23154000,379.324955,1094,95,0.002925,0.3359
23156000,380.744371,1085,92,0.001146,0.3672
23158000,382.034336,1074,99,0.002930,0.3125
23160000,380.366375,1072,88,0.003619,0.3750
23162000,382.127999,1063,98,0.003222,0.3672
23164000,377.314278,1054,88,0.001329,0.2812
23166000,377.376555,1059,84,0.001502,0.3125
23168000,371.404099,1050,105,0.003132,0.3828
23170000,383.814375,1061,91,0.000492,0.3438
23172000,379.529811,1042,117,0.000959,0.4219
23174000,383.474870,1063,82,0.001331,0.3125
23176000,380.330775,1058,88,0.001901,0.2812
23178000,376.759628,1055,100,0.003253,0.3828
23180000,377.569035,1062,107,0.001988,0.3984
23182000,369.292380,1066,101,0.001341,0.3359
23184000,372.032539,1069,91,0.001099,0.3906
23186000,371.941955,1074,87,0.000693,0.3047
23188000,376.217118,1048,115,0.000590,0.3281
23190000,374.493255,1042,99,0.000653,0.4062
23192000,365.924539,1035,115,0.000406,0.3438
23194000,369.923443,1033,113,0.000812,0.3828
23196000,366.523023,1041,108,0.001856,0.3672
23198000,374.258583,1042,94,0.000468,0.3672
23200000,374.887787,1056,102,0.000651,0.3984
23202000,375.451824,1062,88,0.000191,0.2578
23204000,370.681787,1049,102,0.000419,0.3594
23206000,373.308495,1080,99,0.002726,0.3438
23208000,381.924143,1088,98,0.003718,0.3516
23210000,382.975611,1076,105,0.002620,0.3594
23212000,380.425251,1080,93,0.005828,0.4141
23214000,379.933855,1072,100,0.004820,0.3828
23216000,381.708952,1095,98,0.004737,0.3594
23218000,380.383260,1083,92,0.001403,0.3594
23220000,387.766755,1094,98,0.001707,0.3438
23222000,387.624635,1106,89,0.000359,0.3125
23224000,387.919632,1094,91,0.000524,0.4688
23226000,389.594700,1102,90,0.000936,0.2891
23228000,388.790603,1099,106,0.000918,0.3750
23230000,384.340620,1060,109,0.000541,0.4531
23232000,380.366259,1071,97,0.001319,0.3594
23234000,378.291180,1066,94,0.006613,0.3594
23236000,380.143404,1069,91,0.005264,0.3828
23238000,383.886799,1068,88,0.005272,0.2734
23240000,378.997510,1057,90,0.007997,0.3828
23242000,379.202823,1073,90,0.006515,0.3516
23244000,375.105535,1062,96,0.004346,0.3906
23246000,376.689895,1087,100,0.003525,0.3438
23248000,385.351606,1097,85,0.003875,0.2891
23250000,385.924686,1101,77,0.001820,0.3125
23252000,375.176151,1067,102,0.007455,0.4062
23254000,367.059100,1066,90,0.008399,0.2891
23256000,371.144075,1054,98,0.010838,0.3828
23258000,372.781480,1029,117,0.011368,0.4922
23260000,371.156732,1019,112,0.021093,0.3672
23262000,374.095799,1058,96,0.019945,0.3281
23264000,383.764750,1070,92,0.017664,0.3516
23266000,380.037003,1070,97,0.021380,0.3438
23268000,375.408300,1046,103,0.018898,0.4453
23270000,378.834839,1048,107,0.013687,0.2969
23272000,376.706824,1069,95,0.024330,0.4297
23274000,372.818680,1065,107,0.030175,0.3438
23276000,376.777656,1052,111,0.025432,0.4297
23278000,380.298174,1062,91,0.029068,0.4297
23280000,381.887008,1060,93,0.029268,0.3984
23282000,377.453862,1051,90,0.025309,0.3359
23284000,376.603150,1062,103,0.026755,0.3281
23286000,376.557259,1060,103,0.022323,0.3906
23288000,380.903452,1080,95,0.018186,0.3438
23290000,377.801320,1074,95,0.018355,0.3750
23292000,382.416779,1077,97,0.018095,0.3359
23294000,377.492662,1073,95,0.011258,0.3359
23296000,376.296879,1067,102,0.010348,0.3516
23298000,375.574335,1068,111,0.008765,0.3906
23300000,380.336876,1081,82,0.005408,0.2734
23302000,380.268799,1073,90,0.007029,0.3438
23304000,383.953275,1082,95,0.006814,0.3125
23306000,384.470536,1085,90,0.006077,0.2812
23308000,382.764380,1069,89,0.002552,0.4141
23310000,382.190236,1089,89,0.006824,0.3906
23312000,384.199032,1090,94,0.008386,0.3750
23314000,379.559615,1065,104,0.010677,0.4375
23316000,374.422335,1068,107,0.008846,0.3047
23318000,372.571091,1043,107,0.017103,0.3359
23320000,370.593262,1030,125,0.018591,0.4375
23322000,365.529750,1045,108,0.019769,0.3672
23324000,376.371596,1077,75,0.017177,0.3281
23326000,385.908955,1074,92,0.015142,0.3594
23328000,380.603403,1064,92,0.011351,0.3906
23330000,378.769406,1067,98,0.016222,0.3203
23332000,383.267403,1087,89,0.019429,0.3125
23334000,376.491059,1063,104,0.016306,0.2812
23336000,376.678491,1063,94,0.020901,0.3828
23338000,378.456526,1062,102,0.025164,0.3984
23340000,379.689035,1077,81,0.018947,0.3281
23342000,378.956155,1073,94,0.020468,0.4453
23344000,379.665151,1084,103,0.025043,0.4297
23346000,374.817166,1070,92,0.020660,0.3281
23348000,369.211196,1055,89,0.020026,0.3672
23350000,365.878595,1081,87,0.023387,0.2891
23352000,367.051164,1065,79,0.026477,0.3438
23354000,368.513963,1060,92,0.023737,0.3828
23356000,368.926096,1061,93,0.020434,0.4062
23358000,362.912831,1068,88,0.022326,0.3516
23360000,363.156015,1058,98,0.022408,0.4062
23362000,363.476918,1057,119,0.021502,0.3828
23364000,369.209048,1076,101,0.015754,0.3047
23366000,368.569100,1081,82,0.016281,0.3516
23368000,374.599227,1062,96,0.017155,0.3672
23370000,367.151318,1054,113,0.015539,0.4844
23372000,369.374255,1075,86,0.022929,0.2812
23374000,371.413302,1078,99,0.024718,0.3984
23376000,375.311251,1092,103,0.022500,0.3516
23378000,370.597415,1076,97,0.022436,0.3828
23380000,374.501598,1067,91,0.022583,0.3594
23382000,379.615836,1080,106,0.021748,0.3359
23384000,380.039535,1086,92,0.026065,0.3438
23386000,384.831507,1072,98,0.023920,0.3594
23388000,387.552747,1075,106,0.020993,0.3438
23390000,382.945939,1077,84,0.029889,0.3516
23392000,391.005168,1082,91,0.028521,0.3359
23394000,388.062648,1091,85,0.031346,0.2500
23396000,393.934515,1103,77,0.025636,0.2969
23398000,395.171742,1113,76,0.022995,0.2891
23400000,395.474879,1111,94,0.018717,0.3438
23402000,400.505814,1121,68,0.023403,0.4922
23404000,392.900155,1131,67,0.011512,0.3750
23406000,392.615343,1111,72,0.013882,0.3984
23408000,390.154172,1123,72,0.006813,0.3906
23410000,393.584855,1098,82,0.005044,0.3125
23412000,390.535008,1090,90,0.003165,0.3594
23414000,385.880279,1105,91,0.006271,0.3438
23416000,389.171567,1110,81,0.002191,0.3359
23418000,383.283750,1091,90,0.002073,0.3828
23420000,382.300603,1091,87,0.004109,0.3281
23422000,384.888542,1086,84,0.002062,0.2656
23424000,388.943484,1066,90,0.004285,0.2969
23426000,390.094727,1076,84,0.004616,0.3594
23428000,394.193206,1087,90,0.006050,0.4141
23430000,394.908199,1095,95,0.005097,0.3281
23432000,392.774887,1096,80,0.008549,0.3359
23434000,396.047030,1095,92,0.013261,0.3594
23436000,389.857750,1077,92,0.005600,0.3906
23438000,393.014862,1088,85,0.006913,0.3750
23440000,393.513148,1056,99,0.006093,0.3672
23442000,399.006731,1086,89,0.007750,0.3359
23444000,395.802075,1075,89,0.012087,0.2969
23446000,389.914915,1096,85,0.012968,0.2500
23448000,380.856872,1072,98,0.022100,0.3906
23450000,384.553855,1067,100,0.020138,0.3438
23452000,386.181484,1050,105,0.013152,0.3906
23454000,388.620464,1086,84,0.012696,0.3281
23456000,387.008175,1078,93,0.017190,0.3359
23458000,386.696720,1076,95,0.017616,0.4141
23460000,378.788030,1052,98,0.017010,0.4219
23462000,382.612728,1067,108,0.019068,0.3281
23464000,378.683630,1041,106,0.018755,0.3984
23466000,380.289091,1050,111,0.015401,0.4297
23468000,376.285191,1053,87,0.013134,0.3438
23470000,377.624183,1081,78,0.016843,0.3906
23472000,373.856883,1064,92,0.024264,0.2812
23474000,379.653150,1080,85,0.028496,0.4453
23476000,377.103827,1086,86,0.024985,0.3984
23478000,375.487320,1080,92,0.023213,0.3047
23480000,376.854328,1071,100,0.023459,0.3281
23482000,381.193655,1080,80,0.038536,0.3750
23484000,376.198371,1078,90,0.034462,0.4453
23486000,378.521103,1063,101,0.031088,0.3750
23488000,373.674759,1052,103,0.034128,0.3984
23490000,371.362915,1044,108,0.034589,0.3672
23492000,370.926263,1029,98,0.037714,0.4297
23494000,377.054982,1056,99,0.034340,0.3359
23496000,367.976707,1049,108,0.031828,0.3984
23498000,377.430630,1063,87,0.041820,0.3438
23500000,381.443635,1066,101,0.023692,0.3359
23502000,380.669056,1081,84,0.028353,0.4219
23504000,378.632795,1082,88,0.026300,0.3125
23506000,377.588024,1085,81,0.022558,0.2812
23508000,376.382087,1088,85,0.021887,0.3125
23510000,379.881996,1064,94,0.024020,0.3125
23512000,376.206983,1048,109,0.021545,0.3828
23514000,382.627998,1054,104,0.026033,0.3594
23516000,380.501088,1034,108,0.030326,0.3359
23518000,384.950156,1063,98,0.024239,0.4141
23520000,390.131756,1062,96,0.023192,0.3750
23522000,393.553303,1062,108,0.019046,0.2891
23524000,389.650239,1059,100,0.022950,0.4141
23526000,378.959622,1065,94,0.021769,0.3828
23528000,375.995814,1050,99,0.020764,0.3359
23530000,373.267371,1039,117,0.025436,0.4453
23532000,374.318940,1046,96,0.019392,0.4141
23534000,371.453715,1055,105,0.022849,0.4219
23536000,372.047550,1068,93,0.023159,0.3281
23538000,364.245676,1017,120,0.023451,0.3672
23540000,367.062654,1033,98,0.009464,0.5000
23542000,368.479171,1031,88,0.005222,0.3203
23544000,372.447456,1062,94,0.003875,0.3516
23546000,371.982391,1056,97,0.003908,0.3906
23548000,372.662731,1043,103,0.006176,0.3438
23550000,379.090135,1045,115,0.006875,0.2500
23552000,367.503118,1037,104,0.007263,0.2969
23554000,358.733851,1011,105,0.008846,0.3594
23556000,359.758360,1034,96,0.004563,0.4062
23558000,361.143200,1045,98,0.005527,0.4297
23560000,359.519315,1044,95,0.005917,0.4375
23562000,361.297310,1049,101,0.003233,0.3516
23564000,359.362646,1083,91,0.003031,0.3906
23566000,356.649020,1071,91,0.001685,0.3906
23568000,352.150151,1040,104,0.002270,0.3906
23570000,352.134318,1037,111,0.002901,0.4062
23572000,355.866550,1017,110,0.003693,0.4219
23574000,357.074495,1036,114,0.003594,0.4531
23576000,357.676940,1034,100,0.002490,0.3047
23578000,366.558615,1043,102,0.005184,0.3359
23580000,365.315134,1049,88,0.003973,0.3438
23582000,363.489006,1051,105,0.003228,0.3516
23584000,363.002139,1060,110,0.004422,0.2656
23586000,375.931851,1091,100,0.000795,0.3438
23588000,375.753918,1077,96,0.002094,0.2969
23590000,383.597756,1071,106,0.001320,0.3359
23592000,384.013083,1087,113,0.001973,0.3750
23594000,381.386603,1087,104,0.000912,0.3438
23596000,375.516143,1071,87,0.000817,0.3516
23598000,363.784118,1067,80,0.000422,0.2734
23600000,361.235350,1056,88,0.001712,0.4062
23602000,363.909247,1067,82,0.001683,0.3047
23604000,365.208412,1070,92,0.002169,0.3750
23606000,370.279846,1057,103,0.001589,0.3203
23608000,374.103447,1071,91,0.002009,0.3359
23610000,369.048902,1060,104,0.008931,0.3516
23612000,364.161512,1044,103,0.002135,0.3984
23614000,361.444752,1047,102,0.004767,0.3203
23616000,357.977388,1017,110,0.004035,0.3125
23618000,363.440934,1029,100,0.003723,0.3828
23620000,368.580214,1041,112,0.000823,0.3984
23622000,368.989359,1043,102,0.001983,0.3828
23624000,368.332499,1051,111,0.000600,0.4766
23626000,365.707180,1057,94,0.001009,0.3672
23628000,358.609759,1052,93,0.000264,0.3359
23630000,367.228671,1063,99,0.000213,0.2969
23632000,360.542984,1028,104,0.000794,0.3438
23634000,360.591230,1050,86,0.002633,0.2734
23636000,357.806223,1058,80,0.001707,0.4609
23638000,360.834203,1060,82,0.004071,0.3125
23640000,369.419051,1070,74,0.001846,0.2812
23642000,365.746976,1077,79,0.001492,0.3594
23644000,366.244630,1056,103,0.001888,0.3594
23646000,370.814859,1044,108,0.001760,0.3672
23648000,376.865299,1065,95,0.001242,0.2812
23650000,383.870871,1070,84,0.003858,0.3906
23652000,382.188326,1072,100,0.003095,0.3359
23654000,379.341947,1070,92,0.003054,0.2969
23656000,381.567603,1065,101,0.004642,0.3750
23658000,378.630955,1075,94,0.003053,0.3438
23660000,374.708384,1051,118,0.003892,0.3984
23662000,368.093395,1051,99,0.004230,0.3203
23664000,369.942859,1044,106,0.007035,0.3672
23666000,365.576895,1055,108,0.009426,0.3750
23668000,373.028683,1065,90,0.006516,0.4375
23670000,367.641528,1050,97,0.005643,0.4609
23672000,370.679375,1057,108,0.004421,0.4531
23674000,375.970075,1088,91,0.005792,0.3750
23676000,377.915395,1069,84,0.008465,0.3516
23678000,380.641270,1050,119,0.008652,0.4688
23680000,376.323347,1066,111,0.012433,0.3594
23682000,376.333768,1065,101,0.013978,0.3594
23684000,377.446115,1060,96,0.015724,0.3281
23686000,381.881283,1068,89,0.020284,0.3516
23688000,381.392796,1087,89,0.017857,0.3906
23690000,393.050662,1098,80,0.018385,0.3594
23692000,385.465115,1091,81,0.015361,0.3047
23694000,382.082035,1087,90,0.013715,0.3906
23696000,375.267608,1087,82,0.012658,0.3047
23698000,382.117007,1084,79,0.015606,0.3203
23700000,378.013763,1065,96,0.015698,0.3203
23702000,386.035510,1077,100,0.014780,0.3594
23704000,384.979200,1072,105,0.008882,0.4531
23706000,377.690615,1065,102,0.013553,0.2969
23708000,378.384934,1069,79,0.007603,0.3750
23710000,377.275195,1052,101,0.007323,0.3516
23712000,376.378139,1084,79,0.004388,0.3359
23714000,374.158310,1075,74,0.005615,0.3672
23716000,376.082055,1068,103,0.008038,0.4297
23718000,375.172710,1068,111,0.014329,0.4062
23720000,374.891100,1064,96,0.015715,0.3828
23722000,378.552572,1063,83,0.013932,0.2812
23724000,382.595110,1076,86,0.012546,0.3750
23726000,380.906607,1087,72,0.017643,0.2812
23728000,381.863516,1079,85,0.012066,0.3906
23730000,381.394236,1075,83,0.005695,0.3516
23732000,377.834195,1066,97,0.003280,0.3281
23734000,374.065875,1051,109,0.004597,0.4453
23736000,379.240431,1071,85,0.003322,0.3281
23738000,380.538110,1055,103,0.000600,0.3828
23740000,380.949886,1057,100,0.000550,0.4219
23742000,379.776823,1060,107,0.000335,0.4453
23744000,369.923511,1059,102,0.002080,0.4219
23746000,377.457878,1074,103,0.001756,0.4453
23748000,376.288204,1057,95,0.002128,0.3906
23750000,372.572831,1058,113,0.000728,0.3047
23752000,379.706783,1051,134,0.002030,0.3984
23754000,367.967388,1078,91,0.002308,0.3594
23756000,374.317166,1085,109,0.002187,0.5078
23758000,376.496910,1110,89,0.004878,0.3438
23760000,381.976332,1081,100,0.002317,0.3750
23762000,375.599560,1083,98,0.001586,0.3516
23764000,386.517239,1091,88,0.001079,0.3281
23766000,377.724899,1074,84,0.003037,0.3750
23768000,375.411503,1084,85,0.003030,0.3984
23770000,379.409452,1091,75,0.004728,0.3672
23772000,378.087535,1097,79,0.003599,0.2422
23774000,382.575915,1095,86,0.002486,0.3516
23776000,379.653430,1085,96,0.006203,0.3906
23778000,382.742099,1097,95,0.012043,0.3750
23780000,373.939471,1082,120,0.007047,0.2969
23782000,374.806492,1086,103,0.006397,0.3672
23784000,369.732440,1084,87,0.007074,0.3203
23786000,364.707382,1103,78,0.001897,0.2891
23788000,372.187500,1098,87,0.004263,0.3438
23790000,378.608030,1108,72,0.007429,0.2969
23792000,377.637015,1102,79,0.007040,0.3594
23794000,376.521990,1085,85,0.003608,0.2812
23796000,377.389564,1099,86,0.002650,0.4219
23798000,374.276567,1071,89,0.000086,0.4141
23800000,371.116006,1062,99,0.001245,0.3672
23802000,369.306519,1070,91,0.000274,0.3516
23804000,364.437583,1052,107,0.000087,0.3906
23806000,365.524627,1044,112,0.000893,0.3359
23808000,368.074382,1041,118,0.001619,0.3672
23810000,365.445515,1057,108,0.001624,0.3750
23812000,365.710758,1069,100,0.001127,0.3594
23814000,371.421342,1070,97,0.004022,0.3203
23816000,378.039630,1094,90,0.005687,0.2578
23818000,375.539992,1096,91,0.004453,0.3359
23820000,371.080150,1087,94,0.007672,0.3047
23822000,377.139875,1081,86,0.010208,0.3594
23824000,375.441878,1080,80,0.009747,0.3828
23826000,376.240803,1088,92,0.009547,0.3125
23828000,375.911563,1058,101,0.010914,0.3359
23830000,376.778508,1064,93,0.011164,0.4297
23832000,380.652524,1089,76,0.007939,0.3906
23834000,383.113007,1100,80,0.005904,0.3828
23836000,387.612428,1104,75,0.005415,0.3516
23838000,386.160395,1092,101,0.008394,0.3672
23840000,389.448775,1073,107,0.009066,0.3750
23842000,392.475182,1090,110,0.005796,0.2891
23844000,391.889519,1067,110,0.003688,0.3125
23846000,388.256043,1065,107,0.005813,0.3672
23848000,382.767495,1056,116,0.010988,0.4141
23850000,386.162262,1051,117,0.011506,0.3828
23852000,389.174520,1089,95,0.009263,0.3359
23854000,385.350524,1087,93,0.012292,0.3516
23856000,382.200687,1088,99,0.012512,0.3359
23858000,380.175799,1059,111,0.007316,0.3828
23860000,375.992751,1051,94,0.006843,0.3672
23862000,378.495775,1063,93,0.009616,0.2969
23864000,373.961211,1072,91,0.009015,0.4297
23866000,377.181975,1074,99,0.008568,0.2812
23868000,375.761488,1064,107,0.006995,0.3672
23870000,372.034956,1052,106,0.009028,0.4141
23872000,372.787883,1044,109,0.009073,0.3906
23874000,374.306759,1043,106,0.011267,0.3906
23876000,377.764284,1048,112,0.012815,0.3438
23878000,377.375806,1056,96,0.016266,0.3516
23880000,381.228403,1048,105,0.013461,0.3594
23882000,376.280255,1044,114,0.008910,0.3750
23884000,380.776022,1066,106,0.009070,0.4219
23886000,378.038587,1063,96,0.009643,0.4453
23888000,376.383624,1055,89,0.007192,0.2891
23890000,368.434795,1059,99,0.008839,0.2812
23892000,374.996303,1041,103,0.010463,0.2891
23894000,367.119247,1044,95,0.011274,0.4219
23896000,369.441672,1061,91,0.006774,0.3203
23898000,370.106240,1060,100,0.006129,0.3594
23900000,372.317100,1072,99,0.010808,0.2500
23902000,373.631899,1057,96,0.012265,0.3594
23904000,375.546143,1059,110,0.008144,0.4062
23906000,379.974783,1076,80,0.011230,0.3281
23908000,385.190035,1102,80,0.004998,0.3672
23910000,383.152875,1090,93,0.007530,0.3359
23912000,386.141791,1097,86,0.008237,0.4453
23914000,386.807015,1094,85,0.004564,0.2969
23916000,384.164103,1102,84,0.006359,0.3672
23918000,375.845550,1054,124,0.002070,0.3750
23920000,379.006367,1070,105,0.001520,0.4375
23922000,379.295182,1085,89,0.001406,0.3906
23924000,386.845055,1103,76,0.004982,0.3203
23926000,375.035286,1069,91,0.002011,0.3594
23928000,371.706888,1076,96,0.002980,0.3281
23930000,366.828734,1062,94,0.002442,0.3203
23932000,372.526103,1061,93,0.000823,0.3594
23934000,372.372099,1044,105,0.001247,0.3906
23936000,375.456734,1056,102,0.000800,0.4219
23938000,372.330976,1034,113,0.001256,0.5078
23940000,372.462627,1024,115,0.001253,0.4453
23942000,371.302320,1047,98,0.000501,0.3281
23944000,371.306124,1051,100,0.001492,0.2734
23946000,378.439040,1041,115,0.002552,0.4141
23948000,372.696430,1044,96,0.003578,0.3281
23950000,365.380622,1066,98,0.001954,0.3984
23952000,368.390135,1084,102,0.003249,0.3594
23954000,366.800895,1054,110,0.003227,0.4219
23956000,370.589315,1041,106,0.004246,0.3594
23958000,377.416198,1054,98,0.002650,0.4062
23960000,381.073510,1059,95,0.004031,0.3594
23962000,378.963327,1055,98,0.004557,0.3047
23964000,386.342903,1075,89,0.008560,0.3438
23966000,385.088040,1068,92,0.008102,0.4609
23968000,386.062443,1079,78,0.010885,0.3281
23970000,392.489603,1079,82,0.009270,0.2969
23972000,388.565279,1075,83,0.009261,0.2734
23974000,387.666310,1092,93,0.009634,0.2656
23976000,382.812552,1098,74,0.009623,0.3984
23978000,380.813671,1082,88,0.007934,0.3203
23980000,387.993254,1078,91,0.011028,0.2969
23982000,390.382731,1086,84,0.010532,0.2188
23984000,386.093759,1098,103,0.007536,0.3828
23986000,385.687222,1079,98,0.007359,0.3750
23988000,384.612819,1090,93,0.010463,0.3594
23990000,382.016271,1092,81,0.008524,0.3438
23992000,379.060931,1056,112,0.008910,0.3281
23994000,378.129735,1059,110,0.009250,0.4062
23996000,379.683475,1055,100,0.006396,0.3516
23998000,376.450232,1059,108,0.006669,0.3984
24000000,373.086358,1055,101,0.005821,0.3281
24002000,369.624560,1055,93,0.008613,0.3281
24004000,368.045568,1052,98,0.015539,0.3750
24006000,366.935843,1047,98,0.012157,0.4609
24008000,363.863555,1044,110,0.011998,0.3984
24010000,360.972750,1039,102,0.007328,0.3438
24012000,357.284094,1046,119,0.005922,0.2812
24014000,353.227235,1037,107,0.004336,0.4453
24016000,358.323135,1021,109,0.002420,0.4141
24018000,355.306364,1025,102,0.002000,0.2891
24020000,359.288455,1028,114,0.004212,0.4141
24022000,360.612559,1047,90,0.006359,0.4219
24024000,361.383982,1050,96,0.009542,0.3047
24026000,363.931551,1057,94,0.013421,0.3125
24028000,365.555052,1063,89,0.013956,0.3594
24030000,371.152063,1077,104,0.020364,0.2344
24032000,378.456615,1070,89,0.018556,0.3672
24034000,379.626750,1081,101,0.017414,0.3828
24036000,379.390703,1062,94,0.022381,0.3516
24038000,378.224463,1050,124,0.019477,0.4062
24040000,380.342395,1068,109,0.015686,0.3516
24042000,378.428295,1058,115,0.014844,0.2656
24044000,377.145831,1059,105,0.011929,0.3516
24046000,375.814438,1069,114,0.014921,0.3594
24048000,380.716960,1069,104,0.007298,0.4062
24050000,379.846590,1052,117,0.004887,0.3750
24052000,373.083318,1052,114,0.005372,0.3438
24054000,372.580675,1063,98,0.005477,0.3281
24056000,377.382256,1053,100,0.007477,0.3125
24058000,376.423295,1073,95,0.007022,0.3203
24060000,372.877374,1058,98,0.007099,0.2812
24062000,366.704555,1060,91,0.010847,0.3672
24064000,367.614342,1059,96,0.006834,0.4141
24066000,363.750483,1037,110,0.010027,0.4453
24068000,366.811910,1048,94,0.006506,0.3438
24070000,368.774615,1051,101,0.010121,0.3594
24072000,369.620720,1057,102,0.008144,0.3359
24074000,368.979443,1055,97,0.004309,0.3984
24076000,370.746995,1035,97,0.002420,0.3438
24078000,365.904216,1032,105,0.002600,0.3906
24080000,366.274867,1042,101,0.004394,0.2500
24082000,364.359727,1062,100,0.003037,0.3359
24084000,368.952251,1069,90,0.003352,0.2500
24086000,362.662360,1061,98,0.004398,0.3750
24088000,360.195127,1079,103,0.002088,0.3750
24090000,366.203526,1066,89,0.002516,0.4297
24092000,357.009000,1053,98,0.004519,0.4062
24094000,363.466396,1046,106,0.003189,0.4219
24096000,360.114136,1049,104,0.002905,0.2812
24098000,360.584590,1037,101,0.005538,0.4453
24100000,364.860387,1054,111,0.006551,0.4844
24102000,366.668095,1032,111,0.005508,0.3438
24104000,371.302251,1045,91,0.005356,0.4141
24106000,372.301800,1052,83,0.003476,0.3047
24108000,371.088579,1052,102,0.005941,0.4297
24110000,370.044700,1051,105,0.003928,0.3672
24112000,367.330207,1057,101,0.003390,0.4141
24114000,359.976263,1064,102,0.002105,0.3828
24116000,363.824851,1057,94,0.001380,0.3281
24118000,359.345820,1060,97,0.000938,0.3359
24120000,355.551032,1040,99,0.000350,0.3125
24122000,357.577355,1032,94,0.000765,0.2969
24124000,357.949676,1047,87,0.001052,0.3672
24126000,353.422975,1035,104,0.000086,0.4375
24128000,355.945158,1047,98,0.000112,0.3047
24130000,352.378702,1042,103,0.001028,0.3125
24132000,349.716491,1032,109,0.000065,0.4219
24134000,358.500182,1035,113,0.000201,0.3828
24136000,356.823587,1036,101,0.000290,0.3359
24138000,359.134955,1060,96,0.000723,0.3047
24140000,358.955436,1044,105,0.000919,0.4219
24142000,356.429315,1052,80,0.001974,0.3047
24144000,358.384875,1055,99,0.001641,0.3516
24146000,358.263750,1051,88,0.001254,0.4453
24148000,355.348310,1053,96,0.001621,0.4219
24150000,357.826096,1055,106,0.002095,0.4375
24152000,360.168415,1049,99,0.004183,0.2969
24154000,362.049582,1059,97,0.003049,0.3516
24156000,361.460615,1047,96,0.001599,0.3672
24158000,366.132667,1049,100,0.003813,0.3359
24160000,364.197580,1049,92,0.005286,0.3672
24162000,356.923935,1037,105,0.002260,0.2891
24164000,360.133683,1029,115,0.002159,0.3984
24166000,360.022792,1025,118,0.001861,0.4766
24168000,361.690614,1038,97,0.001322,0.4766
24170000,359.804590,1045,99,0.002420,0.3281
24172000,360.379027,1046,95,0.001136,0.3359
24174000,358.840668,1040,114,0.003004,0.4375
24176000,359.453155,1024,125,0.005678,0.4141
24178000,357.747582,1034,100,0.003251,0.4609
24180000,354.507704,1018,97,0.006792,0.3906
24182000,355.189407,1023,103,0.009792,0.3984
24184000,357.685624,1025,112,0.007079,0.3438
24186000,357.958446,1038,123,0.008104,0.4688
24188000,357.051195,1023,107,0.007995,0.3906
24190000,351.761580,1031,93,0.010151,0.4297
24192000,357.169283,1023,94,0.020015,0.3906
24194000,358.383215,1013,110,0.014892,0.3672
24196000,361.860590,1045,86,0.008378,0.4062
24198000,362.497055,1065,81,0.010166,0.2500
24200000,363.915334,1049,96,0.007766,0.2578
24202000,359.361982,1053,89,0.009010,0.3047
24204000,356.770732,1048,92,0.006727,0.3906
24206000,351.719967,1020,119,0.006860,0.3906
24208000,353.448823,1026,93,0.006419,0.4219
24210000,349.259926,1027,115,0.010373,0.3906
24212000,356.892908,1016,113,0.009475,0.3750
24214000,352.086270,1016,94,0.003529,0.3047
24216000,352.301166,1011,113,0.004557,0.3906
24218000,357.835975,1024,114,0.003823,0.3047
24220000,353.192472,993,122,0.002960,0.4766
24222000,352.465895,1012,109,0.003444,0.3516
24224000,359.671063,1008,120,0.000744,0.4688
24226000,357.780419,1019,116,0.000153,0.3516
24228000,357.905603,1020,110,0.001299,0.3984
24230000,354.938456,1039,99,0.002503,0.3672
24232000,356.015919,1030,112,0.004830,0.4141
24234000,353.550399,1033,112,0.006982,0.3359
24236000,366.446963,1069,83,0.004772,0.3906
24238000,364.519086,1080,82,0.005403,0.4062
24240000,369.945006,1073,89,0.006231,0.3828
24242000,370.742107,1063,96,0.004365,0.3750
24244000,367.428987,1064,105,0.001709,0.3438
24246000,364.505247,1068,95,0.001556,0.3125
24248000,367.304942,1082,91,0.001726,0.3281
24250000,365.369399,1072,100,0.003963,0.4219
24252000,362.026175,1074,81,0.002917,0.3359
24254000,359.431760,1072,81,0.002538,0.3828
24256000,359.994854,1069,100,0.003626,0.3750
24258000,353.804991,1046,98,0.003367,0.4297
24260000,352.142395,1051,92,0.000994,0.4297
24262000,351.748775,1010,116,0.000511,0.3594
24264000,359.825643,1026,106,0.006854,0.3984
24266000,366.315491,1058,104,0.007252,0.3438
24268000,370.792152,1054,99,0.013453,0.3750
24270000,366.031996,1047,102,0.011390,0.4375
24272000,370.566880,1063,101,0.009368,0.3750
24274000,374.397495,1041,109,0.008453,0.3828
24276000,380.398403,1062,82,0.008926,0.3906
24278000,377.905064,1075,92,0.007975,0.3438
24280000,372.808315,1059,92,0.002981,0.3594
24282000,375.452107,1049,111,0.002337,0.3750
24284000,375.526678,1060,94,0.000870,0.3516
24286000,373.379208,1046,97,0.002298,0.3516
24288000,369.729355,1042,102,0.001172,0.3438
24290000,371.471947,1049,104,0.003403,0.3359
24292000,366.276679,1056,96,0.001611,0.4141
24294000,375.174044,1053,108,0.000747,0.3750
24296000,372.866870,1080,88,0.002010,0.3594
24298000,383.632359,1068,94,0.001123,0.3203
24300000,380.057695,1070,98,0.003720,0.4062
24302000,379.940875,1050,115,0.002802,0.3906
24304000,377.727763,1053,99,0.004383,0.3672
24306000,381.023112,1053,124,0.005282,0.4062
24308000,382.206328,1059,106,0.001989,0.3828
24310000,393.092139,1087,99,0.001582,0.3750
24312000,387.804879,1073,103,0.002295,0.3281
24314000,383.079622,1065,99,0.003195,0.3125
24316000,389.361606,1079,96,0.005324,0.4688
24318000,380.744603,1060,86,0.004163,0.3750
24320000,382.077575,1064,114,0.002591,0.4141
24322000,384.565451,1092,79,0.003314,0.3594
24324000,386.360060,1106,78,0.002704,0.3047
24326000,383.174070,1090,97,0.003322,0.3359
24328000,379.683919,1081,102,0.002346,0.3203
24330000,381.635347,1082,87,0.003175,0.3125
24332000,379.470526,1079,104,0.003969,0.3906
24334000,386.666470,1108,77,0.003382,0.2812
24336000,380.636460,1083,99,0.003319,0.3281
24338000,379.587215,1084,93,0.004208,0.3984
24340000,374.344515,1055,92,0.001974,0.4219
24342000,372.780440,1039,94,0.003145,0.3516
24344000,369.551359,1046,105,0.001440,0.2500
24346000,374.678819,1072,94,0.002555,0.3359
24348000,371.221480,1075,101,0.003083,0.3125
24350000,370.556867,1093,88,0.000280,0.2891
24352000,369.335838,1077,81,0.001356,0.4375
24354000,370.903990,1084,80,0.002414,0.3438
24356000,365.844830,1057,101,0.002202,0.4453
24358000,371.193500,1072,103,0.003376,0.3594
24360000,375.543702,1085,89,0.005216,0.3047
24362000,374.568847,1066,88,0.005784,0.3672
24364000,374.316131,1065,96,0.007174,0.3516
24366000,381.713228,1066,103,0.001590,0.4141
24368000,383.141415,1068,86,0.008081,0.2500
24370000,380.900982,1054,102,0.005491,0.3594
24372000,380.744220,1060,101,0.009038,0.3828
24374000,375.675600,1073,86,0.006255,0.3906
24376000,381.167575,1089,84,0.006561,0.2891
24378000,378.155079,1084,96,0.006193,0.4375
24380000,375.792316,1067,88,0.008647,0.3281
24382000,381.378414,1067,92,0.007610,0.3125
24384000,377.534632,1044,112,0.012476,0.4141
24386000,371.885131,1064,84,0.010044,0.3047
24388000,368.194123,1039,112,0.015518,0.4453
24390000,369.980647,1056,100,0.015889,0.4062
24392000,368.418142,1057,100,0.012889,0.3047
24394000,369.149550,1064,91,0.015212,0.3438
24396000,374.543862,1064,93,0.019106,0.3516
24398000,383.044112,1067,99,0.020745,0.3906
24400000,380.910320,1045,92,0.012606,0.4219
24402000,380.287879,1051,97,0.011595,0.3672
24404000,378.787371,1064,98,0.014427,0.3516
24406000,380.181011,1066,97,0.021466,0.4297
24408000,382.847830,1067,90,0.023673,0.4844
24410000,392.221655,1065,90,0.030220,0.3047
24412000,392.521955,1074,90,0.023358,0.3359
24414000,392.392352,1075,85,0.020330,0.3281
24416000,391.816806,1087,93,0.023025,0.2656
24418000,393.491195,1069,92,0.022425,0.2969
24420000,397.750460,1076,85,0.016802,0.3672
24422000,395.895707,1072,83,0.026244,0.3906
24424000,395.661995,1086,86,0.021969,0.3672
24426000,392.187862,1081,89,0.013402,0.3672
24428000,397.318703,1093,96,0.011916,0.3984
24430000,393.813267,1081,105,0.016060,0.2656
24432000,389.482335,1072,104,0.012766,0.4375
24434000,385.524079,1072,116,0.019138,0.2656
24436000,383.614679,1080,107,0.017251,0.3828
24438000,383.370095,1061,101,0.027191,0.3516
24440000,385.067054,1068,93,0.026292,0.3516
24442000,383.846496,1044,108,0.017409,0.3516
24444000,381.236511,1064,110,0.017561,0.3906
24446000,377.853078,1059,84,0.018525,0.3750
24448000,379.895560,1058,89,0.021664,0.3203
24450000,379.350606,1073,84,0.020452,0.4297
24452000,383.144124,1094,76,0.020493,0.3516
24454000,380.771624,1076,93,0.019943,0.3438
24456000,376.749008,1070,102,0.021156,0.3750
24458000,377.037859,1072,103,0.017736,0.3516
24460000,371.872528,1048,98,0.020092,0.3750
24462000,374.885824,1019,120,0.018455,0.3828
24464000,381.247771,1062,94,0.018456,0.3672
24466000,367.172019,1049,107,0.020991,0.3672
24468000,378.449000,1059,92,0.021909,0.3047
24470000,385.325655,1078,94,0.022982,0.3750
24472000,388.512267,1099,79,0.024176,0.2891
24474000,382.843883,1072,100,0.019453,0.4062
24476000,387.789607,1076,105,0.017238,0.3828
24478000,392.943260,1070,94,0.019261,0.3516
24480000,390.606695,1078,94,0.019505,0.3359
24482000,390.116247,1068,86,0.022005,0.3750
24484000,384.581435,1073,103,0.027625,0.3672
24486000,388.081507,1073,102,0.029131,0.3750
24488000,380.543456,1084,95,0.027778,0.3594
24490000,384.159324,1071,87,0.022948,0.3438
24492000,383.654412,1069,99,0.025591,0.3672
24494000,388.998643,1065,98,0.029641,0.3594
24496000,385.084670,1086,93,0.019067,0.2812
24498000,380.084190,1059,97,0.012975,0.3359
24500000,376.604631,1052,97,0.009181,0.2812
24502000,374.155155,1045,97,0.004351,0.3359
24504000,362.561998,1040,103,0.004194,0.3516
24506000,363.758219,1033,123,0.003311,0.4219
24508000,365.632527,1041,114,0.008504,0.4766
24510000,366.404635,1055,104,0.011182,0.5234
24512000,368.359527,1054,101,0.006144,0.2656
24514000,372.649475,1060,93,0.010262,0.4219
24516000,374.195511,1067,87,0.011257,0.2578
24518000,371.160139,1053,85,0.007533,0.3750
24520000,366.832995,1042,101,0.007146,0.3984
24522000,370.794592,1053,100,0.002622,0.4766
24524000,368.274983,1054,96,0.003114,0.2500
24526000,376.111456,1078,98,0.003587,0.3125
24528000,376.687078,1079,99,0.004049,0.4062
24530000,378.028390,1057,109,0.003947,0.3750
24532000,376.116435,1057,99,0.003162,0.2656
24534000,377.796731,1075,88,0.002293,0.2656
24536000,374.677927,1061,98,0.001920,0.4766
24538000,385.743836,1087,78,0.003558,0.3750
24540000,382.152584,1085,71,0.003691,0.2891
24542000,381.714795,1082,74,0.014606,0.3516
24544000,375.808691,1059,102,0.005124,0.2812
24546000,377.581879,1058,97,0.007575,0.4062
24548000,379.388796,1067,94,0.004087,0.3438
24550000,388.348350,1073,105,0.002823,0.3750
24552000,390.723478,1082,99,0.004295,0.3984
24554000,383.504355,1091,97,0.003368,0.3203
24556000,380.739535,1073,94,0.005386,0.3672
24558000,375.707755,1059,83,0.001837,0.3828
24560000,373.728700,1062,99,0.006631,0.3281
24562000,375.332236,1038,102,0.003926,0.4062
24564000,368.940444,1033,118,0.003550,0.4062
24566000,369.686262,1048,120,0.002660,0.3828
24568000,372.058935,1046,109,0.005018,0.3984
24570000,362.928582,1064,107,0.006605,0.3203
24572000,366.938295,1059,101,0.006092,0.3672
24574000,366.059435,1069,86,0.004571,0.2969
24576000,362.503900,1043,94,0.002266,0.3906
24578000,363.497183,1051,94,0.001515,0.3828
24580000,364.812463,1053,102,0.002528,0.3047
24582000,366.137998,1033,108,0.002390,0.4531
24584000,371.422248,1056,99,0.006757,0.4141
24586000,370.027816,1051,102,0.007094,0.4297
24588000,365.826359,1048,107,0.008765,0.3672
24590000,363.407391,1071,98,0.003869,0.2891
24592000,364.952387,1069,98,0.003667,0.3281
24594000,363.116974,1054,93,0.002985,0.3672
24596000,357.462574,1039,100,0.005416,0.3203
24598000,359.760992,1048,101,0.008074,0.3438
24600000,364.455500,1054,101,0.006726,0.4688
24602000,375.554188,1078,93,0.008202,0.3984
24604000,375.930326,1067,78,0.006324,0.3203
24606000,373.810871,1053,103,0.008982,0.3359
24608000,364.348667,1047,88,0.006598,0.2969
24610000,366.933035,1056,90,0.013476,0.3750
24612000,375.141055,1055,101,0.021365,0.3125
24614000,368.370110,1040,124,0.020849,0.4297
24616000,365.899358,1028,120,0.023793,0.5000
24618000,363.916156,1028,115,0.019508,0.2656
24620000,357.751107,1011,102,0.014375,0.3906
24622000,361.022348,1038,89,0.015146,0.3359
24624000,368.010115,1032,88,0.010820,0.3281
24626000,365.538687,1021,100,0.014229,0.3594
24628000,367.918990,1041,96,0.011768,0.4844
24630000,373.811763,1022,115,0.009948,0.3750
24632000,366.677263,1029,98,0.011041,0.3984
24634000,358.666795,1019,112,0.002200,0.3438
24636000,362.919148,1024,103,0.004428,0.4141
24638000,371.843655,1040,103,0.006530,0.3203
24640000,372.861443,1062,94,0.005555,0.3672
24642000,371.730686,1056,97,0.003096,0.2969
24644000,364.108552,1056,97,0.001426,0.3047
24646000,360.066399,1068,100,0.000864,0.4297
24648000,360.791550,1066,100,0.001050,0.3828
24650000,357.078011,1058,85,0.000231,0.2969
24652000,358.247950,1064,97,0.000907,0.3203
24654000,365.072555,1066,90,0.001047,0.3750
24656000,359.869150,1072,93,0.001514,0.4531
24658000,356.219958,1068,101,0.000706,0.3828
24660000,357.842870,1046,104,0.000927,0.3359
24662000,360.327883,1046,96,0.000054,0.3281
24664000,355.803542,1028,125,0.001131,0.4062
24666000,359.040755,1043,113,0.000908,0.3594
24668000,363.916403,1054,119,0.001074,0.3984
24670000,354.741999,1045,109,0.000524,0.3594
24672000,362.529520,1056,99,0.001738,0.3438
24674000,365.988860,1044,103,0.002905,0.4297
24676000,360.878595,1033,101,0.003429,0.4453
24678000,365.577862,1064,101,0.003365,0.3281
24680000,366.634715,1066,97,0.001322,0.3125
24682000,374.369859,1067,101,0.000611,0.3906
24684000,379.410191,1048,93,0.002160,0.3516
24686000,371.450575,1039,97,0.001933,0.4531
24688000,371.639456,1049,83,0.000603,0.2891
24690000,372.512040,1065,106,0.000901,0.4219
24692000,369.733302,1059,98,0.000125,0.3438
24694000,370.378835,1080,93,0.001693,0.3984
24696000,366.562216,1051,95,0.000231,0.3828
24698000,368.060335,1044,101,0.000920,0.3125
24700000,368.378462,1080,85,0.000812,0.3516
24702000,361.213400,1059,88,0.000648,0.3125
24704000,359.670447,1065,104,0.002925,0.3203
24706000,355.184375,1069,89,0.002620,0.3672
24708000,358.848247,1043,97,0.002165,0.3359
24710000,364.755759,1041,102,0.002335,0.3672
24712000,361.603102,1022,113,0.001993,0.4141
24714000,350.519948,1028,115,0.000058,0.3828
24716000,354.549048,1018,112,0.001255,0.3672
24718000,357.929483,1033,101,0.005066,0.3984
24720000,355.583607,1030,106,0.004756,0.3438
24722000,358.801075,1036,101,0.005356,0.3594
24724000,360.604715,1035,108,0.004505,0.3750
24726000,363.419832,1036,94,0.003842,0.3750
24728000,360.083390,1047,95,0.003598,0.3984
24730000,362.787598,1043,103,0.002630,0.4141
24732000,366.290414,1053,87,0.003643,0.3516
24734000,366.658216,1042,107,0.003043,0.3125
24736000,370.790083,1061,119,0.003103,0.3438
24738000,363.837772,1058,98,0.001916,0.3047
24740000,361.226204,1054,99,0.001651,0.3516
24742000,355.765939,1047,100,0.001446,0.3359
24744000,354.757710,1034,112,0.003711,0.4375
24746000,356.949166,1024,109,0.004639,0.3906
24748000,354.335383,1023,102,0.002710,0.3672
24750000,349.268542,1045,93,0.001584,0.3281
24752000,354.413654,1055,97,0.001999,0.4375
24754000,359.151483,1055,94,0.004211,0.4297
24756000,357.173800,1055,104,0.004589,0.3438
24758000,354.281499,1044,98,0.003680,0.3828
24760000,350.579627,1019,98,0.000837,0.3359
24762000,356.220495,1036,87,0.001531,0.4688
24764000,356.786230,1053,100,0.000385,0.3047
24766000,362.004502,1062,98,0.001610,0.3281
24768000,362.601307,1056,95,0.002692,0.3125
24770000,357.950942,1050,105,0.002416,0.3047
24772000,367.457519,1058,99,0.002891,0.3594
24774000,369.440060,1067,107,0.003431,0.3750
24776000,361.951079,1054,94,0.001791,0.3516
24778000,366.297607,1071,110,0.001043,0.3906
24780000,368.770403,1067,100,0.002691,0.3125
24782000,365.665599,1075,90,0.003060,0.3281
24784000,372.200172,1076,83,0.006689,0.2969
24786000,371.153462,1073,90,0.004432,0.4141
24788000,368.116727,1064,103,0.006814,0.3906
24790000,360.998055,1043,103,0.005696,0.3516
24792000,355.999419,1043,105,0.005893,0.3359
24794000,364.697235,1040,115,0.002687,0.3594
24796000,364.151859,1031,103,0.004032,0.4609
24798000,358.000363,1055,82,0.004289,0.3203
24800000,350.614955,1011,109,0.004417,0.3906
24802000,347.274860,1018,101,0.006863,0.3828
24804000,355.154872,1030,107,0.002108,0.3438
24806000,362.833470,1044,99,0.001337,0.3750
24808000,364.037195,1071,94,0.001404,0.2969
24810000,360.001195,1067,95,0.002124,0.3359
24812000,355.721859,1047,85,0.002673,0.3281
24814000,356.055740,1039,95,0.001569,0.3359
24816000,358.705584,1037,91,0.002162,0.3516
24818000,359.660918,1043,96,0.002449,0.4141
24820000,357.737420,1037,101,0.002339,0.3516
24822000,357.952271,1032,106,0.002266,0.3828
24824000,355.921971,1020,106,0.001993,0.4062
24826000,362.702535,1045,105,0.001638,0.3672
24828000,361.930915,1046,109,0.000719,0.3438
24830000,357.971899,1035,113,0.001090,0.4766
24832000,360.121051,1025,114,0.001349,0.4766
24834000,364.281174,1037,106,0.000603,0.3828
24836000,366.217980,1054,114,0.000626,0.4219
24838000,374.279443,1055,116,0.002063,0.3047
24840000,373.037675,1055,98,0.001413,0.3281
24842000,367.594028,1075,90,0.000645,0.3516
24844000,370.774440,1084,107,0.000345,0.4219
24846000,371.776255,1086,102,0.000051,0.2812
24848000,372.968588,1081,104,0.000084,0.3906
24850000,368.606339,1066,106,0.000122,0.4141
24852000,368.506230,1073,90,0.000220,0.3281
24854000,371.012430,1074,105,0.000210,0.3906
24856000,371.400463,1059,100,0.000524,0.4219
24858000,366.185894,1057,108,0.000325,0.2500
24860000,364.373248,1040,122,0.001414,0.4141
24862000,359.605543,1061,107,0.000202,0.4531
24864000,357.668350,1072,95,0.000217,0.3516
24866000,360.013479,1061,81,0.000016,0.3984
24868000,365.893579,1057,99,0.000280,0.4141
24870000,366.903287,1040,100,0.001178,0.3438
24872000,359.382523,1026,114,0.001600,0.4141
24874000,374.517243,1047,115,0.003186,0.3438
24876000,377.192095,1052,94,0.007192,0.3359
24878000,370.867000,1038,117,0.008017,0.3203
24880000,369.621910,1053,108,0.007456,0.4688
24882000,371.320067,1071,92,0.008931,0.2188
24884000,371.931096,1066,87,0.004136,0.3672
24886000,377.137880,1052,95,0.003248,0.3047
24888000,373.045278,1052,83,0.005038,0.2891
24890000,375.371366,1045,115,0.003626,0.3828
24892000,374.466231,1033,113,0.004547,0.3516
24894000,371.579343,1041,109,0.002599,0.3906
24896000,374.120871,1054,94,0.002955,0.3750
24898000,377.293648,1056,106,0.003289,0.3047
24900000,383.161830,1087,86,0.004432,0.3672
24902000,383.282079,1098,85,0.003981,0.3203
24904000,385.552844,1105,104,0.006971,0.3047
24906000,389.813590,1107,83,0.006537,0.2891
24908000,384.936263,1101,93,0.006396,0.3594
24910000,380.417246,1076,98,0.008689,0.3750
24912000,385.648510,1080,107,0.009361,0.3594
24914000,379.321836,1074,105,0.009157,0.3906
24916000,383.007583,1082,85,0.013598,0.2969
24918000,390.344947,1103,87,0.009022,0.2891
24920000,379.542311,1091,65,0.010303,0.2891
24922000,380.338222,1088,87,0.006601,0.3750
24924000,374.163680,1064,111,0.003780,0.3828
24926000,377.072875,1068,85,0.006361,0.2344
24928000,373.636550,1066,90,0.012025,0.2812
24930000,370.269895,1059,102,0.010997,0.3594
24932000,370.171055,1052,103,0.012090,0.3906
24934000,369.383487,1051,93,0.012638,0.3203
24936000,366.536375,1045,93,0.005794,0.4141
24938000,367.476696,1034,96,0.008641,0.3594
24940000,368.145571,1040,115,0.007474,0.5703
24942000,371.445960,1045,94,0.008619,0.4297
24944000,370.188727,1058,93,0.008949,0.2969
24946000,368.797086,1058,98,0.007916,0.3516
24948000,367.699899,1039,102,0.008442,0.4141
24950000,366.140406,1043,89,0.012504,0.3438
24952000,370.465775,1029,97,0.017541,0.3750
24954000,364.189851,1053,94,0.013462,0.3906
24956000,377.694840,1057,90,0.018382,0.4062
24958000,379.181191,1072,80,0.018685,0.3906
24960000,370.524430,1045,106,0.016669,0.4766
24962000,372.082815,1080,83,0.017170,0.3281
24964000,378.271336,1110,78,0.015509,0.3906
24966000,372.334998,1084,95,0.019846,0.3984
24968000,368.398283,1054,84,0.016489,0.3672
24970000,366.271827,1052,99,0.009832,0.3984
24972000,369.727891,1055,95,0.010297,0.3750
24974000,369.320924,1073,91,0.007709,0.2969
24976000,370.286775,1034,123,0.010128,0.4062
24978000,367.649495,1035,114,0.017430,0.3359
24980000,379.793231,1047,84,0.017957,0.4297
24982000,372.759934,1047,95,0.019701,0.3516
24984000,370.714599,1050,103,0.018840,0.4375
24986000,371.966327,1037,105,0.017735,0.3516
24988000,368.079811,1012,119,0.015546,0.3750
24990000,362.904766,1017,107,0.016644,0.3125
24992000,359.560798,1035,95,0.014617,0.4766
24994000,361.797996,1042,100,0.012772,0.2422
24996000,368.510668,1042,102,0.014249,0.3281
24998000,361.972555,1026,104,0.015319,0.3828
25000000,361.454124,1035,99,0.016195,0.3594
