step,rg2,perim,cycles,asph,movfrac
2000,4595.081966,3606,224,0.488382,0.2812
4000,4370.446611,3624,196,0.406693,0.2969
6000,4379.116311,3607,222,0.403994,0.3516
8000,3249.220141,3618,196,0.280461,0.3281
10000,3240.909339,3632,200,0.269676,0.3281
12000,3186.015543,3639,201,0.260891,0.2656
14000,3127.987538,3628,219,0.249251,0.2344
16000,3126.174760,3619,234,0.253025,0.3203
18000,3107.620325,3601,235,0.250457,0.3281
20000,3127.254501,3601,251,0.233315,0.3281
22000,3108.715852,3591,247,0.234435,0.2578
24000,3121.899607,3595,237,0.237722,0.3281
26000,3082.497056,3584,239,0.246750,0.3359
28000,3086.607442,3556,243,0.250289,0.2812
30000,3074.253365,3555,236,0.240356,0.2969
32000,3040.081315,3548,246,0.230234,0.2500
34000,3030.397733,3561,244,0.228550,0.2969
36000,3039.297758,3579,241,0.239817,0.3203
38000,3056.883519,3564,228,0.231921,0.2969
40000,3080.909952,3561,212,0.239337,0.3594
42000,3058.460956,3553,219,0.236682,0.2969
44000,3044.068532,3580,210,0.227105,0.2656
46000,3058.780846,3564,227,0.233786,0.2188
48000,3077.372034,3576,224,0.238308,0.3516
50000,3048.001077,3540,241,0.237250,0.3281
52000,3050.201234,3550,230,0.235807,0.2812
54000,2990.934260,3581,224,0.237121,0.2969
56000,2982.483850,3591,218,0.229500,0.2969
58000,2942.051362,3568,211,0.191830,0.3125
60000,2954.179518,3566,217,0.192935,0.2969
62000,2953.169447,3546,223,0.190433,0.2656
64000,2963.477799,3557,252,0.189856,0.3672
66000,2962.238311,3582,235,0.193153,0.2891
68000,2970.517411,3582,236,0.198462,0.2734
70000,2957.192431,3582,231,0.192902,0.3984
72000,2919.283281,3604,225,0.189645,0.3203
74000,2920.578228,3598,221,0.193211,0.2656
76000,2929.308767,3586,238,0.188003,0.2734
78000,2877.950203,3598,205,0.198301,0.3359
80000,2873.105087,3564,212,0.194601,0.2656
82000,2839.923382,3580,230,0.185794,0.2891
84000,2865.836725,3578,236,0.203303,0.2812
86000,2859.553968,3560,232,0.200325,0.3125
88000,2872.849018,3576,234,0.195920,0.2344
90000,2761.081619,3571,219,0.169208,0.2812
92000,2639.722547,3617,201,0.118765,0.3047
94000,2657.247821,3627,204,0.119619,0.3125
96000,2649.703271,3618,208,0.115407,0.1875
98000,2653.300757,3592,218,0.119579,0.3047
100000,2652.637931,3575,212,0.117531,0.2656
102000,2614.811056,3580,207,0.128644,0.2656
104000,2610.617780,3579,207,0.126101,0.3281
106000,2615.074828,3601,190,0.126342,0.3281
108000,2610.413613,3617,188,0.126966,0.3281
110000,2639.034938,3619,190,0.138876,0.3672
112000,2628.772626,3577,197,0.113345,0.2578
114000,2615.055084,3560,217,0.118706,0.2969
116000,2604.755733,3569,232,0.106708,0.2734
118000,2610.728648,3589,237,0.114076,0.2500
120000,2552.749956,3575,225,0.115248,0.2969
122000,2525.799116,3577,216,0.116808,0.3281
124000,2514.689256,3584,224,0.117709,0.2734
126000,2529.843176,3611,207,0.113294,0.3359
128000,2519.067389,3601,201,0.113526,0.3984
130000,2532.013255,3586,205,0.111990,0.3203
132000,2540.439019,3557,243,0.112182,0.3828
134000,2543.604885,3534,269,0.118435,0.3125
136000,2519.843176,3548,255,0.114421,0.3359
138000,2511.415249,3560,222,0.116127,0.3047
140000,2498.010553,3570,220,0.099921,0.3047
142000,2487.553359,3567,236,0.101163,0.3672
144000,2502.104762,3579,222,0.101254,0.3125
146000,2520.066526,3603,207,0.107794,0.2891
148000,2501.486277,3585,221,0.111688,0.2812
150000,2490.169913,3580,205,0.108769,0.2812
152000,2490.793146,3562,218,0.112064,0.2422
154000,2484.598386,3537,240,0.109841,0.2969
156000,2491.343855,3580,218,0.109389,0.3281
158000,2504.132404,3568,208,0.122175,0.3203
160000,2528.209713,3577,196,0.122708,0.3047
162000,2501.604410,3596,194,0.114715,0.2656
164000,2497.230283,3626,202,0.115632,0.2656
166000,2496.152307,3658,200,0.112983,0.2734
168000,2485.114256,3645,180,0.115101,0.3438
170000,2470.778909,3597,224,0.115197,0.3125
172000,2444.892703,3591,209,0.114981,0.2812
174000,2439.293367,3578,199,0.119563,0.3672
176000,2413.685767,3546,208,0.121801,0.2969
178000,2412.854626,3536,216,0.122054,0.2734
180000,2430.074497,3516,228,0.119562,0.3594
182000,2430.744579,3550,208,0.112942,0.2344
184000,2435.024506,3543,241,0.110894,0.2969
186000,2457.268706,3567,215,0.105636,0.2891
188000,2461.274583,3589,220,0.105604,0.2734
190000,2465.533412,3555,229,0.088933,0.3203
192000,2435.400170,3553,219,0.095062,0.3359
194000,2433.193479,3540,241,0.091337,0.2656
196000,2438.737309,3530,245,0.088270,0.4141
198000,2446.750551,3536,241,0.086005,0.3672
200000,2450.281919,3561,228,0.092407,0.3672
202000,2432.752873,3570,223,0.091776,0.3516
204000,2427.404508,3574,215,0.090876,0.3047
206000,2435.727637,3588,216,0.088014,0.3516
208000,2369.919609,3576,235,0.109957,0.3984
210000,2385.526098,3579,239,0.111954,0.3516
212000,2386.664097,3580,222,0.113700,0.2578
214000,2387.595992,3567,227,0.110879,0.3047
216000,2362.532555,3590,209,0.111461,0.2734
218000,2360.788098,3603,206,0.111655,0.2969
220000,2346.821749,3597,205,0.115092,0.2812
222000,2348.954960,3560,226,0.117335,0.2969
224000,2336.613403,3558,221,0.108121,0.2891
226000,2357.937803,3560,229,0.096115,0.2656
228000,2362.049124,3555,244,0.097046,0.3125
230000,2366.818827,3552,238,0.097255,0.3125
232000,2406.246031,3574,227,0.087085,0.3438
234000,2428.357996,3548,239,0.085708,0.3047
236000,2428.129299,3551,218,0.089017,0.3516
238000,2434.494697,3547,212,0.088364,0.2891
240000,2429.583351,3531,231,0.087193,0.2734
242000,2434.394097,3553,231,0.087219,0.3047
244000,2464.077274,3547,235,0.092734,0.2812
246000,2454.861373,3538,240,0.102988,0.3359
248000,2465.017693,3553,239,0.103362,0.2969
250000,2463.248022,3534,260,0.101217,0.3281
252000,2481.746365,3513,258,0.107471,0.2500
254000,2453.466290,3546,256,0.115431,0.2422
256000,2461.307754,3569,237,0.105076,0.2734
258000,2460.247280,3560,236,0.103564,0.3438
260000,2442.563503,3558,221,0.101736,0.2812
262000,2449.465278,3542,236,0.101344,0.2891
264000,2450.064304,3544,222,0.104023,0.3047
266000,2437.971291,3531,209,0.103386,0.2891
268000,2449.454303,3515,229,0.106253,0.3438
270000,2446.764672,3527,222,0.109668,0.3594
272000,2437.126458,3540,241,0.104771,0.2969
274000,2379.624308,3522,252,0.120961,0.3281
276000,2368.743531,3507,239,0.118736,0.2891
278000,2364.382044,3536,245,0.116427,0.3594
280000,2365.320700,3544,238,0.114162,0.3438
282000,2371.071017,3546,227,0.114712,0.3594
284000,2343.447143,3521,238,0.111046,0.3750
286000,2330.220030,3496,235,0.105474,0.3438
288000,2205.481706,3511,234,0.004699,0.3516
290000,2219.017253,3508,235,0.003476,0.3203
292000,2224.617680,3518,241,0.004001,0.3594
294000,2237.903426,3543,235,0.005201,0.3438
296000,2269.215732,3528,232,0.003238,0.2500
298000,2280.460855,3532,232,0.003503,0.2344
300000,2267.217431,3548,208,0.003147,0.3047
302000,2261.932609,3536,217,0.002482,0.2891
304000,2255.731273,3533,221,0.001841,0.2656
306000,2257.104586,3540,221,0.001712,0.2734
308000,2303.162268,3524,237,0.003932,0.3281
310000,2301.335461,3537,239,0.006403,0.2500
312000,2309.665424,3560,241,0.007973,0.3750
314000,2297.531641,3551,223,0.007566,0.3203
316000,2300.727823,3578,213,0.007494,0.2500
318000,2279.303112,3555,231,0.007826,0.3047
320000,2285.401864,3567,222,0.008040,0.3203
322000,2241.949185,3524,245,0.013035,0.3203
324000,2240.223805,3532,239,0.013048,0.2969
326000,2258.634653,3562,230,0.014293,0.3047
328000,2210.912560,3543,242,0.008269,0.2500
330000,2202.065143,3553,242,0.007355,0.3125
332000,2197.206906,3538,246,0.006518,0.4141
334000,2207.695163,3563,224,0.007870,0.3906
336000,2216.616351,3566,226,0.007496,0.3594
338000,2214.372316,3538,218,0.006070,0.3516
340000,2219.777772,3542,219,0.004600,0.3047
342000,2217.253606,3535,203,0.006552,0.2656
344000,2218.968316,3534,229,0.007810,0.3359
346000,2221.433121,3535,238,0.008615,0.3594
348000,2224.064451,3531,229,0.007703,0.3438
350000,2229.650647,3533,235,0.006874,0.4062
352000,2220.216639,3551,235,0.007121,0.2812
354000,2208.485557,3550,232,0.006002,0.3047
356000,2196.694165,3559,231,0.005187,0.3203
358000,2232.973937,3548,231,0.008105,0.3281
360000,2245.105315,3564,213,0.009317,0.2344
362000,2236.919108,3567,218,0.011213,0.2578
364000,2231.968442,3544,216,0.010864,0.2344
366000,2217.928077,3579,193,0.014388,0.2656
368000,2228.493724,3562,213,0.009087,0.3281
370000,2219.234305,3546,217,0.006338,0.3516
372000,2215.407179,3555,223,0.005830,0.2891
374000,2210.583135,3574,191,0.005392,0.3047
376000,2214.727492,3595,193,0.005111,0.2969
378000,2201.908850,3562,212,0.004451,0.3594
380000,2207.288768,3551,226,0.003670,0.3281
382000,2227.484879,3518,237,0.005949,0.2500
384000,2212.197384,3531,231,0.007220,0.3125
386000,2220.931811,3553,233,0.006090,0.2891
388000,2233.388677,3544,237,0.005319,0.3438
390000,2238.095930,3558,234,0.006306,0.3281
392000,2243.214609,3551,222,0.004331,0.2500
394000,2241.570586,3573,228,0.005185,0.2344
396000,2245.807544,3581,211,0.005193,0.2734
398000,2251.140103,3568,221,0.005847,0.2188
400000,2244.516020,3558,211,0.005179,0.3516
402000,2246.486597,3557,210,0.006772,0.3672
404000,2237.232771,3559,220,0.006703,0.2266
406000,2234.973793,3569,218,0.006694,0.3047
408000,2192.756593,3559,206,0.012548,0.2422
410000,2231.844441,3545,234,0.095170,0.3125
412000,2241.369991,3526,239,0.095887,0.2969
414000,2246.886842,3542,224,0.095033,0.2734
416000,2257.668198,3515,237,0.093661,0.2578
418000,2277.381706,3540,237,0.097173,0.2812
420000,2279.536472,3548,234,0.097974,0.3125
422000,2249.431168,3566,229,0.090823,0.3047
424000,2270.363359,3560,236,0.094018,0.3047
426000,2248.723290,3579,221,0.098081,0.3750
428000,2248.352888,3565,222,0.093060,0.3125
430000,2235.170076,3534,229,0.096467,0.2266
432000,2216.427116,3528,208,0.093819,0.2109
434000,2219.629208,3550,225,0.090397,0.3125
436000,2209.889283,3535,229,0.092005,0.2969
438000,2212.365431,3539,230,0.094814,0.3438
440000,2210.021593,3536,221,0.090710,0.3359
442000,2218.190419,3524,219,0.091291,0.3438
444000,2232.039324,3553,223,0.092002,0.4062
446000,2221.154592,3552,233,0.096402,0.3047
448000,2202.641866,3535,232,0.119244,0.3828
450000,2198.607519,3515,248,0.121547,0.3281
452000,2191.108882,3527,253,0.122909,0.2812
454000,2154.890875,3535,236,0.119080,0.3047
456000,2146.100344,3535,225,0.116695,0.3359
458000,2163.134261,3540,230,0.112357,0.3438
460000,2161.264037,3550,234,0.109898,0.2891
462000,2140.499333,3533,227,0.112738,0.3516
464000,2151.582263,3553,210,0.112753,0.3047
466000,2157.654516,3541,209,0.112377,0.2188
468000,2154.032136,3542,227,0.111454,0.2734
470000,2163.569264,3563,218,0.109889,0.2188
472000,2160.658955,3572,212,0.104511,0.3516
474000,2159.262534,3581,235,0.105284,0.3203
476000,2138.800178,3572,224,0.102642,0.3125
478000,2157.519487,3586,218,0.097971,0.2344
480000,2170.922352,3594,224,0.101056,0.2656
482000,2185.555231,3595,214,0.103085,0.4141
484000,2182.433820,3594,214,0.103880,0.2500
486000,2182.634066,3578,234,0.099096,0.2734
488000,2184.517249,3563,236,0.099809,0.3203
490000,2192.090979,3574,256,0.095771,0.3516
492000,2188.676737,3578,236,0.091246,0.3672
494000,2191.195213,3541,267,0.091005,0.2812
496000,2196.585942,3562,271,0.094196,0.3750
498000,2187.803219,3539,250,0.094715,0.2891
500000,2193.331790,3546,247,0.092135,0.3047
502000,2226.131671,3557,250,0.092788,0.3359
504000,2221.855592,3539,250,0.089212,0.2891
506000,2217.471956,3573,236,0.088274,0.3672
508000,2219.012577,3577,222,0.098065,0.2266
510000,2211.371486,3574,229,0.103148,0.2578
512000,2209.136389,3548,235,0.101861,0.4297
514000,2208.042848,3528,244,0.103142,0.3438
516000,2217.766743,3566,217,0.100837,0.3203
518000,2222.775836,3562,221,0.105015,0.2578
520000,2225.624700,3558,214,0.099991,0.3516
522000,2228.795730,3539,215,0.103908,0.3125
524000,2208.108790,3494,237,0.101105,0.3047
526000,2151.840764,3481,246,0.075139,0.2969
528000,2182.438498,3505,224,0.073801,0.2969
530000,2177.736533,3524,212,0.075134,0.2109
532000,2166.553935,3552,226,0.073531,0.2891
534000,2137.104174,3544,227,0.065963,0.3203
536000,2124.981991,3520,241,0.065531,0.3438
538000,2118.535636,3533,236,0.067507,0.2500
540000,2118.014079,3523,247,0.068041,0.2266
542000,2133.889037,3542,221,0.065096,0.3906
544000,2136.689240,3557,225,0.060165,0.3047
546000,2149.877346,3562,203,0.065006,0.3281
548000,2144.636833,3566,208,0.063979,0.3281
550000,2147.122842,3549,231,0.062944,0.2656
552000,2153.236108,3542,218,0.063414,0.2891
554000,2139.809454,3503,245,0.059463,0.3047
556000,2145.092336,3529,225,0.059292,0.3047
558000,2147.371102,3506,226,0.060958,0.3203
560000,2138.559566,3539,227,0.057534,0.3203
562000,2134.720868,3527,240,0.058772,0.2812
564000,2140.595416,3519,240,0.057488,0.3047
566000,2150.225410,3518,242,0.054663,0.2969
568000,2156.453466,3546,219,0.057817,0.2422
570000,2158.904393,3550,229,0.057858,0.3203
572000,2151.011339,3543,243,0.063644,0.2422
574000,2149.014674,3547,244,0.063165,0.3359
576000,2126.356411,3554,235,0.056560,0.3125
578000,2136.976014,3521,255,0.064184,0.3359
580000,2142.912664,3515,237,0.067988,0.3594
582000,2107.265632,3534,233,0.063851,0.2578
584000,2109.277928,3535,235,0.060843,0.3203
586000,2113.774197,3527,241,0.065538,0.2422
588000,2116.486348,3530,237,0.066552,0.3047
590000,2118.971383,3525,226,0.063195,0.2891
592000,2109.374429,3535,226,0.068776,0.2734
594000,2108.043367,3531,228,0.064603,0.2891
596000,2110.429980,3538,239,0.061920,0.3828
598000,2108.625505,3540,242,0.057613,0.3203
600000,2106.893340,3547,212,0.060097,0.2656
602000,2105.479212,3554,217,0.063303,0.3125
604000,2071.715275,3532,230,0.034979,0.2812
606000,2055.918150,3530,223,0.035700,0.2969
608000,2049.960328,3534,220,0.035501,0.2734
610000,2062.205829,3508,241,0.035243,0.3281
612000,2078.361480,3513,241,0.036032,0.2578
614000,2074.890456,3517,216,0.034422,0.3672
616000,2098.150500,3538,226,0.035338,0.3516
618000,2112.143050,3563,227,0.034030,0.2734
620000,2119.592512,3563,227,0.036672,0.3672
622000,2072.833957,3540,238,0.005329,0.3203
624000,2062.774781,3530,248,0.004463,0.2500
626000,2083.497663,3550,228,0.002983,0.2734
628000,2089.662673,3571,214,0.003346,0.4062
630000,2099.450271,3572,219,0.004266,0.2578
632000,2108.199363,3579,197,0.007665,0.3594
634000,2083.697838,3576,203,0.012147,0.2578
636000,2077.917475,3583,213,0.009825,0.2500
638000,2068.602124,3609,206,0.009871,0.2969
640000,2058.498176,3614,214,0.012819,0.2812
642000,2040.436279,3606,216,0.014747,0.2578
644000,2041.891791,3607,211,0.013310,0.3672
646000,2029.640453,3604,212,0.010890,0.2344
648000,2021.579297,3603,199,0.007600,0.2891
650000,2035.291180,3585,212,0.008879,0.3438
652000,2033.880567,3586,218,0.009035,0.2578
654000,2039.858100,3584,212,0.008263,0.2500
656000,2036.172993,3560,209,0.008279,0.3828
658000,2022.712938,3582,207,0.004592,0.2734
660000,2025.082849,3569,212,0.003200,0.2969
662000,2019.751983,3577,198,0.003410,0.2891
664000,2031.531262,3572,215,0.002909,0.2344
666000,2051.666967,3570,222,0.003308,0.3281
668000,2050.304889,3595,218,0.003975,0.2656
670000,2049.040750,3621,216,0.005255,0.3125
672000,2031.634074,3601,217,0.005522,0.2969
674000,2037.940679,3609,219,0.004133,0.3047
676000,2059.645566,3575,240,0.004157,0.2109
678000,2047.853164,3554,241,0.003668,0.2656
680000,2034.456770,3539,241,0.004882,0.3359
682000,2053.649748,3558,232,0.005260,0.3047
684000,2052.257610,3552,230,0.004629,0.2500
686000,2050.596689,3547,227,0.004259,0.2734
688000,2048.351770,3555,218,0.004973,0.3359
690000,2044.502792,3586,210,0.004066,0.2891
692000,2039.197442,3569,232,0.005448,0.3516
694000,2043.658153,3596,190,0.005999,0.2109
696000,2077.330511,3574,213,0.007091,0.2734
698000,2077.015124,3569,222,0.006753,0.3594
700000,2033.852384,3579,219,0.004416,0.3359
702000,2033.518917,3589,221,0.006313,0.2969
704000,2028.781376,3552,221,0.006435,0.2500
706000,2020.983787,3570,221,0.006641,0.2578
708000,2022.240085,3566,203,0.007403,0.2734
710000,2023.154997,3552,203,0.010056,0.2969
712000,2036.283250,3547,203,0.008140,0.2812
714000,2031.968023,3539,204,0.008511,0.3828
716000,2047.242039,3548,208,0.007614,0.2969
718000,2051.842116,3561,213,0.007126,0.2734
720000,2056.469296,3570,207,0.007382,0.2578
722000,2056.390115,3571,208,0.010462,0.2969
724000,2049.763346,3596,212,0.010495,0.3516
726000,2054.009095,3611,203,0.008489,0.2344
728000,2013.985213,3593,199,0.010724,0.2188
730000,2018.315468,3599,198,0.008239,0.2734
732000,2014.445324,3577,216,0.007048,0.3203
734000,2023.248711,3579,207,0.007359,0.3594
736000,1993.260208,3575,205,0.005067,0.2891
738000,2006.619883,3546,206,0.004059,0.3672
740000,2022.662017,3502,231,0.004667,0.3438
742000,2020.385182,3504,231,0.005533,0.2734
744000,2016.928639,3495,243,0.005567,0.2891
746000,2005.097928,3509,232,0.006952,0.3281
748000,1998.338313,3497,242,0.007877,0.2812
750000,1997.928607,3493,265,0.007356,0.2656
752000,2001.610989,3515,240,0.008017,0.3281
754000,2022.315855,3495,239,0.007822,0.3828
756000,2005.180053,3497,244,0.006119,0.4141
758000,2002.694237,3497,253,0.005768,0.2656
760000,2003.386050,3516,231,0.004825,0.3281
762000,2015.930608,3531,217,0.004238,0.4141
764000,1999.615382,3516,221,0.004339,0.2969
766000,1998.455953,3511,222,0.003535,0.3047
768000,1995.257586,3542,218,0.003323,0.2734
770000,1995.439176,3544,219,0.003411,0.2734
772000,1996.819794,3521,220,0.003249,0.2969
774000,2015.944104,3523,224,0.004931,0.3359
776000,2012.939335,3491,236,0.003434,0.3125
778000,2015.086253,3519,233,0.004606,0.2500
780000,2002.073063,3509,244,0.005415,0.3281
782000,1995.699654,3513,234,0.005521,0.2812
784000,1977.393173,3504,246,0.004387,0.2734
786000,1967.754036,3514,240,0.005969,0.3047
788000,1980.604431,3516,221,0.005892,0.3047
790000,1965.820445,3528,235,0.007061,0.3750
792000,1974.164222,3533,236,0.009351,0.2578
794000,1982.750441,3511,247,0.010150,0.2656
796000,1976.806969,3518,256,0.011281,0.3516
798000,1984.489919,3525,240,0.010137,0.3438
800000,1979.029008,3508,233,0.009629,0.3203
802000,1979.742572,3524,215,0.006856,0.3203
804000,1972.362183,3538,215,0.006339,0.3281
806000,1976.992177,3529,232,0.005393,0.3125
808000,1966.123482,3524,224,0.004159,0.3281
810000,1963.985433,3518,217,0.005347,0.3359
812000,1951.653643,3533,218,0.005667,0.2734
814000,1958.806419,3550,224,0.005010,0.3359
816000,1960.705052,3537,225,0.004036,0.2500
818000,1948.342061,3527,223,0.003634,0.2656
820000,1946.671150,3512,222,0.004314,0.3438
822000,1970.054439,3520,217,0.005092,0.3672
824000,1980.946811,3512,216,0.007045,0.3203
826000,1977.150792,3542,222,0.008367,0.2500
828000,1968.814597,3534,217,0.008296,0.2578
830000,1967.076299,3526,228,0.007836,0.2734
832000,1969.091297,3546,199,0.006218,0.3672
834000,1967.670140,3504,231,0.006503,0.3125
836000,2053.655125,3504,248,0.001942,0.3281
838000,2070.995276,3522,244,0.001995,0.2656
840000,2077.869111,3535,238,0.001372,0.3047
842000,2072.461732,3536,257,0.001537,0.2734
844000,2063.094234,3559,240,0.001086,0.2734
846000,2058.755132,3553,245,0.002039,0.2656
848000,2066.587646,3543,244,0.001153,0.3047
850000,2078.684827,3539,233,0.001654,0.2812
852000,2078.789880,3540,229,0.002692,0.2344
854000,2092.708842,3561,222,0.003775,0.3047
856000,2087.021584,3528,231,0.002943,0.3125
858000,2093.357350,3536,222,0.003273,0.2266
860000,2138.188919,3544,234,0.002262,0.3672
862000,2132.917313,3546,226,0.002256,0.2578
864000,2123.630990,3560,227,0.002304,0.3125
866000,2130.734305,3558,210,0.002017,0.3203
868000,2116.227476,3537,241,0.002211,0.3203
870000,2118.434260,3549,214,0.001641,0.2188
872000,2118.244886,3561,224,0.001318,0.2734
874000,2130.714519,3542,223,0.002060,0.3516
876000,2138.280193,3538,225,0.001301,0.3125
878000,2124.598765,3502,227,0.001080,0.2812
880000,2114.787528,3496,235,0.001412,0.2422
882000,2113.545536,3516,207,0.001387,0.2812
884000,2115.159656,3508,209,0.002501,0.2422
886000,2127.840370,3519,230,0.001452,0.2344
888000,2119.406857,3517,212,0.001496,0.3359
890000,2111.001444,3518,224,0.001017,0.2969
892000,2108.482711,3538,219,0.004314,0.3906
894000,2103.656580,3534,226,0.004558,0.2031
896000,2097.642204,3544,227,0.004629,0.2500
898000,2099.831269,3547,218,0.005100,0.3125
900000,2106.029128,3525,232,0.005715,0.2734
902000,2111.999614,3520,244,0.005258,0.2969
904000,2107.549986,3482,254,0.006778,0.2578
906000,2093.013804,3485,229,0.006643,0.3125
908000,2083.092503,3512,224,0.009033,0.3203
910000,2088.437967,3517,254,0.007881,0.3906
912000,2087.380375,3554,228,0.008339,0.3281
914000,2117.395218,3533,235,0.008659,0.2812
916000,2100.932018,3499,223,0.009865,0.3594
918000,2082.328312,3493,239,0.008505,0.2578
920000,2082.275978,3448,256,0.005622,0.3281
922000,2077.651377,3472,240,0.006856,0.2891
924000,2097.790845,3489,220,0.008634,0.3047
926000,2100.237135,3515,201,0.006331,0.2969
928000,2096.369335,3509,223,0.005267,0.2969
930000,2074.533939,3508,225,0.003798,0.3359
932000,2076.875013,3546,215,0.003921,0.2422
934000,2086.237542,3542,220,0.003174,0.2812
936000,2107.182300,3519,244,0.004583,0.2578
938000,2099.063402,3520,230,0.005098,0.3203
940000,2094.931093,3505,225,0.006594,0.2812
942000,2102.312353,3500,254,0.010463,0.3594
944000,2111.012536,3476,248,0.013136,0.3516
946000,2102.595825,3483,239,0.013968,0.3359
948000,2114.893659,3507,222,0.013997,0.3047
950000,2106.650335,3515,249,0.013221,0.3594
952000,2110.898386,3520,238,0.019478,0.2812
954000,2127.340595,3516,237,0.018866,0.2891
956000,2128.342425,3531,233,0.017431,0.3125
958000,2103.270067,3557,218,0.016854,0.3125
960000,2109.892855,3570,220,0.013134,0.2969
962000,2095.387691,3557,234,0.013386,0.3047
964000,2102.312514,3550,237,0.015954,0.2656
966000,2102.016559,3556,223,0.014728,0.3203
968000,2112.156176,3546,238,0.018963,0.3594
970000,2106.531158,3538,250,0.017488,0.3281
972000,2121.647884,3553,236,0.019703,0.2969
974000,2114.580251,3547,250,0.021098,0.2500
976000,2097.641159,3577,216,0.024931,0.2344
978000,2109.417042,3603,214,0.026492,0.3281
980000,2125.309793,3580,201,0.025915,0.2422
982000,2113.605513,3584,231,0.027318,0.3125
984000,2099.824740,3568,231,0.026040,0.3125
986000,2105.214312,3563,215,0.028822,0.3047
988000,2109.382307,3577,212,0.033485,0.2734
990000,2102.758753,3579,212,0.036882,0.3203
992000,2106.590387,3545,220,0.043894,0.3125
994000,2108.633147,3532,237,0.041700,0.3281
996000,2107.513043,3529,225,0.043900,0.2266
998000,2123.389024,3517,234,0.035605,0.2578
1000000,2129.348977,3541,237,0.037472,0.3516
1002000,2132.695498,3542,232,0.039135,0.3750
1004000,2136.781675,3530,241,0.041694,0.3125
1006000,2137.860056,3545,233,0.043009,0.3984
1008000,2130.274873,3537,230,0.036611,0.2578
1010000,2127.996719,3541,240,0.031880,0.2969
1012000,2125.250225,3555,223,0.030696,0.3281
1014000,2107.806568,3564,203,0.033458,0.2969
1016000,2124.903062,3571,199,0.036983,0.2578
1018000,2058.225797,3513,218,0.038467,0.2109
1020000,2053.241994,3524,226,0.038626,0.3359
1022000,2054.881257,3569,223,0.037815,0.2422
1024000,2075.386458,3558,226,0.038827,0.2891
1026000,2060.501893,3549,218,0.040581,0.3281
1028000,2067.910450,3552,239,0.039370,0.3281
1030000,2072.471459,3563,213,0.036364,0.2812
1032000,2060.388701,3585,204,0.042936,0.3125
1034000,2048.955153,3577,215,0.046795,0.2969
1036000,2066.108873,3550,234,0.044278,0.3125
1038000,2063.495312,3548,220,0.044616,0.2891
1040000,2061.873759,3544,225,0.044588,0.3203
1042000,2069.927519,3571,232,0.043377,0.3125
1044000,2070.934621,3574,217,0.041404,0.2891
1046000,2063.649199,3517,242,0.038243,0.2969
1048000,2057.386271,3541,224,0.041208,0.3203
1050000,2070.650810,3545,225,0.043139,0.3047
1052000,2078.843643,3559,217,0.044912,0.3438
1054000,2069.484142,3548,233,0.043916,0.2344
1056000,2080.171298,3556,217,0.043447,0.3047
1058000,2060.576059,3545,240,0.036286,0.3203
1060000,2034.980513,3547,245,0.036987,0.2891
1062000,2031.822104,3543,235,0.037364,0.3047
1064000,2038.017400,3533,239,0.036193,0.2891
1066000,2040.975751,3543,230,0.035375,0.2812
1068000,2040.040314,3500,238,0.034975,0.2266
1070000,2018.849333,3534,235,0.030685,0.2891
1072000,1910.783009,3517,254,0.034885,0.2188
1074000,1918.604153,3539,246,0.035724,0.2578
1076000,1919.465266,3531,245,0.045176,0.2578
1078000,1910.054607,3550,242,0.044024,0.2422
1080000,1908.850486,3532,235,0.042498,0.3359
1082000,1904.682279,3506,227,0.039814,0.2734
1084000,1902.261549,3501,241,0.035086,0.3281
1086000,1950.556694,3481,251,0.034154,0.3516
1088000,1935.978093,3488,251,0.034895,0.3281
1090000,1927.496698,3479,256,0.032954,0.3281
1092000,1916.023750,3482,262,0.032016,0.4453
1094000,1921.797968,3487,246,0.024537,0.2422
1096000,1932.234101,3481,248,0.023265,0.2969
1098000,1910.088516,3467,248,0.021917,0.3359
1100000,1907.329572,3486,245,0.023533,0.3359
1102000,1902.261971,3468,236,0.025481,0.3203
1104000,1896.877668,3463,243,0.024885,0.2734
1106000,1890.821962,3479,238,0.025974,0.2734
1108000,1901.912357,3496,241,0.030293,0.2734
1110000,1894.438567,3515,199,0.029984,0.3047
1112000,1897.195964,3510,219,0.032310,0.3047
1114000,1871.116843,3501,210,0.024048,0.2734
1116000,1885.143168,3522,222,0.030342,0.3750
1118000,1896.138743,3503,241,0.028470,0.3516
1120000,1877.352026,3508,230,0.027373,0.3281
1122000,1869.811984,3505,231,0.028192,0.3203
1124000,1874.777872,3492,250,0.024683,0.3203
1126000,1887.703914,3519,245,0.028447,0.3594
1128000,1880.998437,3508,261,0.032022,0.3281
1130000,1875.478947,3522,240,0.029500,0.3750
1132000,1873.987504,3553,218,0.027511,0.3203
1134000,1877.963011,3536,240,0.028561,0.2500
1136000,1860.963481,3494,247,0.025398,0.2422
1138000,1858.069256,3480,255,0.028010,0.3203
1140000,1856.090656,3476,239,0.026196,0.2969
1142000,1851.478883,3477,245,0.025150,0.2891
1144000,1821.265911,3522,228,0.030699,0.3047
1146000,1817.770493,3527,230,0.032268,0.2734
1148000,1821.155920,3535,224,0.030750,0.2969
1150000,1822.796078,3517,228,0.031078,0.2891
1152000,1823.584764,3541,241,0.044705,0.2578
1154000,1824.246462,3524,241,0.045433,0.3438
1156000,1812.694946,3515,240,0.040086,0.3516
1158000,1819.714005,3527,222,0.041479,0.3047
1160000,1810.197349,3555,208,0.060391,0.2344
1162000,1806.388497,3534,224,0.060024,0.3047
1164000,1798.546328,3526,217,0.058788,0.3125
1166000,1804.622389,3503,221,0.058335,0.3125
1168000,1817.989394,3532,229,0.056351,0.3203
1170000,1815.311832,3524,218,0.055089,0.2891
1172000,1821.502520,3515,229,0.050629,0.2734
1174000,1810.629331,3503,219,0.043149,0.2656
1176000,1802.644071,3490,239,0.040884,0.3594
1178000,1805.369375,3499,227,0.041090,0.3438
1180000,1808.709960,3532,226,0.041535,0.3203
1182000,1810.601787,3527,214,0.044104,0.4219
1184000,1815.458574,3510,218,0.047274,0.3516
1186000,1823.803993,3510,228,0.049484,0.3203
1188000,1829.563503,3529,218,0.047814,0.2578
1190000,1869.944305,3551,217,0.042964,0.2891
1192000,1874.073707,3520,229,0.041237,0.2734
1194000,1873.808444,3545,205,0.042684,0.3047
1196000,1880.823490,3554,203,0.042486,0.2422
1198000,1879.799681,3524,224,0.045384,0.3672
1200000,1892.813531,3531,213,0.036921,0.2812
1202000,1886.117679,3510,217,0.039198,0.2656
1204000,1890.305697,3526,231,0.038218,0.3984
1206000,1890.053170,3521,237,0.036169,0.2578
1208000,1910.668890,3499,247,0.034998,0.3438
1210000,1903.168093,3485,244,0.026243,0.3047
1212000,1896.740377,3499,234,0.022771,0.3125
1214000,1900.187494,3507,233,0.017131,0.3359
1216000,1901.091821,3484,240,0.019779,0.3359
1218000,1914.444262,3526,212,0.017370,0.2969
1220000,1916.685327,3488,236,0.019068,0.3203
1222000,1927.651508,3476,242,0.019222,0.3125
1224000,1927.447632,3471,251,0.016736,0.2969
1226000,1913.687940,3492,226,0.016443,0.3750
1228000,1901.424842,3485,246,0.013998,0.3594
1230000,1904.890403,3492,239,0.015962,0.2969
1232000,1904.590721,3502,251,0.016118,0.3359
1234000,1900.718948,3504,237,0.015612,0.2891
1236000,1904.303399,3451,263,0.014890,0.2656
1238000,1911.932700,3451,266,0.018781,0.3750
1240000,1911.241957,3469,243,0.017177,0.2891
1242000,1905.196245,3436,260,0.017142,0.3906
1244000,1890.945267,3471,253,0.013575,0.2734
1246000,1901.256397,3500,233,0.016669,0.3516
1248000,1880.153485,3514,225,0.021456,0.3750
1250000,1861.726220,3524,230,0.020860,0.3125
1252000,1861.960781,3508,249,0.021282,0.3047
1254000,1891.485913,3495,239,0.028114,0.3438
1256000,1898.280206,3522,230,0.026698,0.3047
1258000,1874.334211,3520,222,0.026887,0.2812
1260000,1864.782271,3542,217,0.027490,0.2188
1262000,1858.466832,3550,208,0.024983,0.3047
1264000,1851.369820,3537,223,0.022776,0.2891
1266000,1850.001235,3516,228,0.028538,0.3672
1268000,1859.328948,3503,235,0.032523,0.3672
1270000,1861.277584,3481,248,0.042010,0.3125
1272000,1891.277977,3502,235,0.038095,0.3359
1274000,1891.292238,3541,217,0.040962,0.2969
1276000,1889.046845,3525,210,0.041845,0.2188
1278000,1898.514382,3518,202,0.040390,0.2891
1280000,1932.193607,3490,221,0.042596,0.2812
1282000,1923.472169,3496,225,0.044370,0.2578
1284000,1908.590400,3498,232,0.040191,0.2734
1286000,1916.694160,3495,238,0.038291,0.2969
1288000,1923.457436,3506,221,0.039573,0.3203
1290000,1943.328907,3502,240,0.044954,0.3594
1292000,1940.500644,3509,244,0.044280,0.3125
1294000,1927.338474,3484,228,0.047493,0.3359
1296000,1912.601576,3499,234,0.054720,0.2891
1298000,1911.854018,3506,239,0.047099,0.2969
1300000,1895.654549,3499,222,0.045004,0.2656
1302000,1897.878826,3474,247,0.048597,0.3203
1304000,1879.396883,3495,243,0.043837,0.3672
1306000,1863.115043,3494,232,0.050709,0.2266
1308000,1870.579052,3492,229,0.050829,0.3438
1310000,1887.402090,3492,226,0.050010,0.2344
1312000,1874.951944,3494,216,0.045055,0.2578
1314000,1881.933608,3487,216,0.045843,0.2812
1316000,1889.413009,3508,216,0.044445,0.3203
1318000,1887.868247,3491,234,0.043356,0.3125
1320000,1891.173873,3481,238,0.040637,0.2656
1322000,1899.233252,3492,248,0.041131,0.2734
1324000,1905.839883,3494,263,0.045108,0.3125
1326000,1897.711877,3500,244,0.045180,0.2578
1328000,1894.804306,3496,246,0.045876,0.3125
1330000,1881.552797,3509,243,0.050683,0.2656
1332000,1886.378390,3506,251,0.057664,0.2656
1334000,1885.761578,3488,265,0.056941,0.3203
1336000,1896.269175,3507,272,0.056333,0.2891
1338000,1903.997939,3506,236,0.054961,0.3047
1340000,1905.212664,3512,246,0.058541,0.2891
1342000,1915.141155,3516,264,0.061867,0.3203
1344000,1907.364340,3527,265,0.071706,0.3359
1346000,1911.438013,3532,244,0.070485,0.2656
1348000,1911.701333,3530,236,0.075130,0.4297
1350000,1931.577835,3531,235,0.066709,0.3516
1352000,1932.607047,3522,233,0.063727,0.2500
1354000,1934.746381,3546,223,0.064708,0.3359
1356000,1935.239070,3539,222,0.062912,0.3906
1358000,1928.979781,3544,206,0.059982,0.3125
1360000,1942.512866,3569,194,0.063885,0.2656
1362000,1922.330181,3556,206,0.059384,0.2422
1364000,1909.436126,3554,212,0.059606,0.2422
1366000,1916.747082,3501,238,0.063185,0.2812
1368000,1905.776772,3507,236,0.064845,0.2969
1370000,1924.597760,3510,251,0.065868,0.2188
1372000,1921.937519,3498,244,0.062954,0.3672
1374000,1929.378951,3502,221,0.065348,0.2109
1376000,1920.182675,3514,222,0.067285,0.3281
1378000,1913.685966,3518,229,0.065625,0.3516
1380000,1896.263875,3526,215,0.074040,0.3047
1382000,1898.783011,3535,229,0.073699,0.3516
1384000,1895.722168,3539,242,0.077902,0.2422
1386000,1904.246041,3576,225,0.076715,0.3203
1388000,1933.698426,3573,232,0.084240,0.2656
1390000,1934.559198,3551,228,0.087102,0.2969
1392000,1916.969504,3556,217,0.090002,0.3125
1394000,1916.687631,3545,219,0.088798,0.3047
1396000,1900.300507,3551,210,0.083149,0.3516
1398000,1887.137027,3560,207,0.081380,0.3438
1400000,1890.822634,3561,209,0.080746,0.3516
1402000,1920.638066,3551,214,0.082315,0.3359
1404000,1927.062199,3524,246,0.089869,0.3516
1406000,1914.532319,3519,250,0.094813,0.3516
1408000,1906.371514,3539,232,0.097945,0.2969
1410000,1931.190873,3550,232,0.097846,0.3359
1412000,1927.612357,3555,229,0.096771,0.2891
1414000,1930.784078,3570,211,0.095727,0.2344
1416000,1918.448671,3558,215,0.096488,0.2656
1418000,1920.533974,3545,208,0.096441,0.2891
1420000,1933.587399,3547,218,0.087793,0.2656
1422000,1924.530226,3559,206,0.087217,0.3125
1424000,1902.388536,3562,218,0.071569,0.2734
1426000,1908.398225,3534,234,0.070973,0.2812
1428000,1902.397376,3549,223,0.072828,0.3203
1430000,1889.777337,3556,215,0.070133,0.3281
1432000,1905.925215,3533,228,0.071829,0.3828
1434000,1893.933943,3540,216,0.070470,0.3281
1436000,1891.120575,3545,214,0.068759,0.3125
1438000,1894.409818,3516,224,0.068877,0.2891
1440000,1905.881308,3534,207,0.072092,0.2188
1442000,1877.485746,3526,226,0.069090,0.2891
1444000,1887.622455,3507,227,0.072084,0.2891
1446000,1878.843153,3502,255,0.071704,0.3672
1448000,1892.652648,3507,250,0.053617,0.3125
1450000,1894.800869,3524,250,0.051770,0.3828
1452000,1909.654778,3520,235,0.057764,0.3125
1454000,1912.173324,3491,253,0.058948,0.2969
1456000,1920.135400,3489,259,0.060117,0.2812
1458000,1911.308374,3503,254,0.060250,0.2969
1460000,1901.754642,3473,252,0.063925,0.3047
1462000,1910.760849,3502,243,0.063137,0.3047
1464000,1917.017568,3504,252,0.061946,0.2812
1466000,1904.972216,3529,242,0.059332,0.3438
1468000,1890.396580,3532,219,0.055640,0.2969
1470000,1837.215731,3531,217,0.064797,0.3438
1472000,1850.150857,3539,216,0.071230,0.3203
1474000,1853.348420,3535,216,0.068272,0.2578
1476000,1852.736612,3555,202,0.072045,0.3516
1478000,1862.756764,3560,215,0.077113,0.2734
1480000,1858.769571,3518,233,0.080621,0.2969
1482000,1851.644471,3524,225,0.075056,0.2812
1484000,1843.096175,3487,244,0.071396,0.3828
1486000,1843.400707,3498,252,0.074939,0.2734
1488000,1879.541797,3548,215,0.080219,0.2891
1490000,1898.380388,3543,235,0.088437,0.3125
1492000,1892.334107,3540,249,0.082185,0.4141
1494000,1893.386787,3556,245,0.082659,0.2891
1496000,1890.630585,3557,233,0.077672,0.3594
1498000,1898.881399,3550,230,0.082173,0.3828
1500000,1914.572042,3554,230,0.083568,0.3203
1502000,1898.659195,3528,242,0.080460,0.2812
1504000,1890.823144,3526,237,0.077971,0.2266
1506000,1876.645989,3538,229,0.076268,0.3203
1508000,1877.426846,3546,213,0.074976,0.3438
1510000,1885.730219,3567,204,0.072182,0.2812
1512000,1893.903889,3570,215,0.072462,0.2500
1514000,1899.386299,3562,225,0.069235,0.2812
1516000,1885.958208,3563,228,0.068222,0.2734
1518000,1885.597009,3581,235,0.067352,0.2969
1520000,1914.341418,3601,236,0.070997,0.3203
1522000,1916.198423,3602,230,0.082250,0.2656
1524000,1917.889127,3604,217,0.076751,0.3203
1526000,1941.766756,3602,218,0.084696,0.3438
1528000,1934.953811,3621,212,0.086420,0.2734
1530000,1936.666112,3621,211,0.086281,0.2734
1532000,1945.648355,3578,219,0.093007,0.3672
1534000,1974.803695,3578,226,0.094565,0.3750
1536000,1978.619328,3576,217,0.093753,0.3047
1538000,1960.242652,3562,215,0.094200,0.3281
1540000,1972.309467,3586,197,0.095906,0.4141
1542000,1985.396564,3600,214,0.097367,0.2500
1544000,1989.573556,3599,212,0.098384,0.3438
1546000,1991.187001,3587,207,0.097244,0.2734
1548000,1994.983123,3554,231,0.102975,0.3438
1550000,1985.513279,3561,240,0.098735,0.3125
1552000,1978.975669,3556,253,0.095950,0.3516
1554000,1973.618394,3574,225,0.093136,0.3203
1556000,1940.842207,3576,227,0.062817,0.2422
1558000,1950.374035,3579,214,0.068740,0.3828
1560000,1950.498520,3597,202,0.074693,0.3438
1562000,1964.122736,3583,223,0.078863,0.3438
1564000,1973.965461,3603,222,0.075177,0.2344
1566000,1938.157983,3586,231,0.075740,0.2266
1568000,1936.355964,3580,220,0.082278,0.2344
1570000,1933.164485,3561,232,0.077784,0.3047
1572000,1924.700524,3567,213,0.072143,0.2656
1574000,1913.053594,3576,203,0.070776,0.3281
1576000,1949.574946,3591,185,0.070666,0.2656
1578000,1937.946940,3605,180,0.071441,0.3750
1580000,1958.045213,3594,191,0.068895,0.3203
1582000,1964.008484,3579,222,0.073341,0.3125
1584000,1959.169903,3549,231,0.071657,0.3516
1586000,1954.196124,3546,217,0.067862,0.2500
1588000,1952.263591,3549,227,0.067698,0.2266
1590000,1967.505945,3552,237,0.068240,0.3125
1592000,1947.048087,3569,229,0.064439,0.2969
1594000,1947.240576,3562,215,0.065594,0.2969
1596000,1971.317657,3532,219,0.077929,0.3281
1598000,1956.639790,3517,218,0.077080,0.3125
1600000,1953.731748,3521,233,0.080554,0.2891
1602000,1956.803855,3542,234,0.077497,0.2344
1604000,1932.856540,3574,207,0.074332,0.3047
1606000,1921.986873,3583,209,0.072799,0.1719
1608000,1920.237794,3583,220,0.077304,0.3281
1610000,1909.252954,3582,222,0.063767,0.3125
1612000,1918.332863,3587,216,0.059309,0.2812
1614000,1910.196185,3580,228,0.061228,0.3438
1616000,1901.164935,3564,240,0.057119,0.3438
1618000,1918.399047,3588,231,0.054217,0.3750
1620000,1915.448633,3593,206,0.054069,0.2812
1622000,1912.590789,3579,233,0.053619,0.3047
1624000,1924.641297,3560,253,0.055481,0.3203
1626000,1918.899075,3569,234,0.049362,0.2656
1628000,1921.359314,3555,212,0.048085,0.3516
1630000,1916.043153,3568,207,0.050151,0.2734
1632000,1912.487516,3570,211,0.043990,0.2500
1634000,1912.920211,3578,204,0.042669,0.2109
1636000,1878.475749,3541,208,0.044325,0.3359
1638000,1865.088053,3545,212,0.041914,0.2266
1640000,1866.004099,3555,222,0.041651,0.2734
1642000,1871.705789,3559,236,0.043443,0.2891
1644000,1883.940977,3575,223,0.045685,0.2500
1646000,1862.448724,3580,225,0.044130,0.3438
1648000,1859.009081,3585,202,0.040740,0.2344
1650000,1859.446219,3603,197,0.036542,0.3438
1652000,1856.337581,3570,212,0.034621,0.2969
1654000,1864.239296,3586,193,0.034748,0.2891
1656000,1857.145368,3567,198,0.039722,0.2812
1658000,1858.770941,3550,214,0.041194,0.3203
1660000,1852.003186,3544,228,0.035662,0.2891
1662000,1844.481026,3543,234,0.039236,0.3516
1664000,1850.217514,3547,239,0.041121,0.3359
1666000,1853.250219,3545,231,0.037819,0.3516
1668000,1852.783191,3584,197,0.036277,0.2812
1670000,1857.314381,3575,208,0.040628,0.3516
1672000,1857.378433,3564,223,0.039872,0.2500
1674000,1862.742613,3552,234,0.042901,0.3047
1676000,1850.054528,3555,234,0.039669,0.2656
1678000,1849.301628,3570,220,0.043409,0.3828
1680000,1848.156062,3566,224,0.045516,0.3516
1682000,1850.231782,3569,223,0.045329,0.2734
1684000,1846.827510,3558,222,0.047660,0.3281
1686000,1834.406777,3531,240,0.045610,0.4375
1688000,1836.600197,3559,208,0.047204,0.2891
1690000,1849.159467,3557,228,0.047589,0.2344
1692000,1858.655811,3533,228,0.046960,0.3125
1694000,1858.163290,3521,240,0.047769,0.2734
1696000,1855.067541,3539,230,0.045494,0.3047
1698000,1857.632878,3537,217,0.045610,0.3125
1700000,1850.641538,3539,235,0.043819,0.3594
1702000,1841.311683,3559,236,0.042597,0.3438
1704000,1838.645219,3563,242,0.042755,0.3125
1706000,1802.887412,3563,230,0.019369,0.3281
1708000,1800.527487,3570,222,0.021504,0.2422
1710000,1805.530806,3567,230,0.023483,0.2969
1712000,1811.091401,3562,228,0.026536,0.2812
1714000,1806.128809,3543,251,0.026531,0.3203
1716000,1822.635132,3548,242,0.025057,0.2812
1718000,1809.356705,3543,218,0.022229,0.2422
1720000,1817.158098,3559,215,0.022093,0.3828
1722000,1811.038094,3530,236,0.017128,0.2812
1724000,1803.462546,3520,246,0.019115,0.3516
1726000,1782.334047,3525,236,0.018194,0.2969
1728000,1790.010016,3511,237,0.021195,0.4219
1730000,1790.761043,3524,245,0.018284,0.3203
1732000,1780.754688,3537,242,0.021159,0.3750
1734000,1780.390752,3551,232,0.025167,0.2812
1736000,1785.803934,3538,228,0.021476,0.2656
1738000,1780.020571,3536,247,0.022511,0.2969
1740000,1769.153074,3524,259,0.021595,0.3047
1742000,1760.938887,3515,244,0.022527,0.3516
1744000,1757.122930,3551,228,0.022714,0.2734
1746000,1783.818232,3542,225,0.017704,0.3125
1748000,1791.528721,3535,228,0.018684,0.2969
1750000,1797.529919,3565,222,0.018211,0.2891
1752000,1808.510224,3563,223,0.023868,0.2578
1754000,1793.629884,3530,227,0.020368,0.3047
1756000,1795.372645,3540,228,0.019753,0.2891
1758000,1783.420090,3560,251,0.021222,0.3516
1760000,1800.456025,3567,241,0.024498,0.3672
1762000,1794.190005,3568,225,0.025930,0.3125
1764000,1793.556594,3568,219,0.033111,0.2578
1766000,1782.977712,3550,214,0.033145,0.2891
1768000,1766.418001,3548,221,0.030274,0.2891
1770000,1756.912655,3553,223,0.030263,0.3125
1772000,1741.477086,3545,211,0.037935,0.3516
1774000,1738.816194,3563,204,0.040399,0.2969
1776000,1759.640851,3552,217,0.040675,0.3047
1778000,1749.191183,3549,223,0.039797,0.2969
1780000,1740.502093,3551,230,0.039289,0.3047
1782000,1743.337436,3539,233,0.038441,0.3047
1784000,1749.887452,3515,244,0.040429,0.3281
1786000,1760.666177,3536,214,0.044436,0.2422
1788000,1753.858384,3552,209,0.043360,0.2812
1790000,1745.744597,3549,224,0.044965,0.3359
1792000,1750.020126,3540,215,0.043696,0.3516
1794000,1752.452897,3579,210,0.037412,0.3047
1796000,1757.498584,3567,222,0.036770,0.3359
1798000,1774.561262,3559,234,0.031124,0.3203
1800000,1768.638609,3563,239,0.029176,0.3281
1802000,1770.986282,3576,216,0.032307,0.2734
1804000,1764.570853,3540,225,0.030393,0.2969
1806000,1775.299825,3554,224,0.031289,0.2422
1808000,1780.507880,3541,226,0.030781,0.2812
1810000,1787.090011,3514,236,0.030100,0.3047
1812000,1788.006676,3513,237,0.034090,0.3438
1814000,1781.751281,3550,222,0.041918,0.2891
1816000,1774.486126,3519,242,0.034221,0.2891
1818000,1781.588988,3494,267,0.035428,0.3516
1820000,1772.410050,3496,251,0.030004,0.3516
1822000,1777.834504,3507,235,0.026058,0.3125
1824000,1777.079203,3511,241,0.022866,0.2812
1826000,1794.281628,3511,239,0.025055,0.3984
1828000,1800.228931,3524,218,0.021181,0.3359
1830000,1802.051918,3554,224,0.020109,0.3047
1832000,1811.877819,3562,218,0.019170,0.3516
1834000,1821.804672,3568,219,0.021990,0.3203
1836000,1829.974802,3550,238,0.020900,0.3281
1838000,1834.816431,3549,233,0.022638,0.3203
1840000,1819.659743,3554,218,0.022696,0.3203
1842000,1809.490347,3548,225,0.022051,0.2344
1844000,1799.821349,3522,241,0.020890,0.3594
1846000,1798.595029,3506,246,0.017890,0.3281
1848000,1789.124588,3502,232,0.018008,0.2734
1850000,1788.742479,3488,238,0.017717,0.3672
1852000,1797.327734,3488,258,0.017953,0.3359
1854000,1796.021431,3483,253,0.018366,0.3828
1856000,1782.453556,3502,244,0.016888,0.3359
1858000,1788.426275,3520,222,0.018648,0.2891
1860000,1790.595186,3513,216,0.018728,0.3359
1862000,1772.267404,3521,224,0.016323,0.2344
1864000,1768.632063,3502,241,0.018314,0.2969
1866000,1765.534356,3508,242,0.018876,0.2969
1868000,1765.949472,3499,233,0.022462,0.3594
1870000,1767.350924,3490,242,0.022219,0.3203
1872000,1750.647818,3496,231,0.020154,0.3516
1874000,1760.860563,3507,229,0.021294,0.2500
1876000,1753.125415,3545,215,0.019158,0.3125
1878000,1778.780308,3534,207,0.018020,0.3203
1880000,1785.746033,3552,214,0.016938,0.2891
1882000,1775.588598,3523,226,0.018576,0.3516
1884000,1759.967909,3527,217,0.017693,0.3203
1886000,1745.888136,3540,220,0.014849,0.2734
1888000,1745.450333,3579,204,0.012771,0.3594
1890000,1745.884166,3559,214,0.014309,0.3359
1892000,1761.951804,3547,219,0.013533,0.3047
1894000,1765.104521,3533,227,0.011392,0.3359
1896000,1778.747594,3535,238,0.011605,0.2969
1898000,1784.092029,3533,231,0.011615,0.2969
1900000,1782.468587,3518,237,0.012496,0.3047
1902000,1783.842715,3543,230,0.013292,0.2734
1904000,1784.447197,3515,240,0.012180,0.2891
1906000,1792.415240,3511,241,0.012046,0.3125
1908000,1796.360664,3527,244,0.011574,0.3047
1910000,1824.113234,3528,234,0.014976,0.2891
1912000,1827.403924,3543,221,0.017269,0.3203
1914000,1833.099075,3565,217,0.018090,0.3281
1916000,1855.982265,3556,233,0.019327,0.3359
1918000,1842.549542,3569,234,0.018669,0.3125
1920000,1819.690030,3564,251,0.019123,0.3047
1922000,1829.108516,3543,257,0.018429,0.3359
1924000,1800.486197,3541,242,0.016653,0.3047
1926000,1809.181517,3529,225,0.018247,0.3125
1928000,1800.559824,3524,223,0.021722,0.2734
1930000,1797.667649,3520,210,0.019371,0.3750
1932000,1801.571448,3517,219,0.020834,0.2891
1934000,1793.184323,3489,234,0.019356,0.3359
1936000,1783.980834,3485,243,0.017359,0.2656
1938000,1775.960111,3495,237,0.020079,0.2891
1940000,1782.056898,3472,235,0.019286,0.2891
1942000,1777.286636,3455,240,0.024547,0.4062
1944000,1776.754447,3496,230,0.022470,0.2734
1946000,1774.660521,3513,234,0.020950,0.3516
1948000,1787.443977,3499,223,0.018899,0.3281
1950000,1797.169383,3551,204,0.019709,0.2656
1952000,1797.207013,3530,230,0.022997,0.2422
1954000,1789.881786,3505,233,0.022768,0.3281
1956000,1791.535111,3500,238,0.022259,0.2969
1958000,1801.021958,3486,254,0.024880,0.3828
1960000,1812.756218,3480,255,0.025383,0.3359
1962000,1793.121402,3476,240,0.022800,0.2969
1964000,1798.903678,3505,236,0.020997,0.3281
1966000,1797.959121,3496,238,0.020453,0.3828
1968000,1804.353982,3479,246,0.017674,0.2578
1970000,1789.724010,3461,250,0.016983,0.3359
1972000,1790.990616,3454,250,0.015688,0.3125
1974000,1772.343764,3450,254,0.013515,0.3516
1976000,1787.147665,3467,238,0.012823,0.3828
1978000,1784.882847,3476,232,0.013423,0.3125
1980000,1803.731298,3497,226,0.012332,0.2891
1982000,1832.377013,3469,251,0.006609,0.3984
1984000,1826.002210,3498,245,0.007663,0.3906
1986000,1821.305130,3525,215,0.006714,0.3438
1988000,1823.265899,3498,234,0.005035,0.3125
1990000,1822.637386,3490,222,0.005825,0.3281
1992000,1825.232072,3466,229,0.005927,0.3125
1994000,1812.678705,3452,229,0.006761,0.4219
1996000,1806.567905,3480,245,0.009797,0.2891
1998000,1828.536344,3464,272,0.011263,0.3281
2000000,1836.284000,3448,270,0.013300,0.2266
2002000,1819.546806,3450,253,0.015672,0.2891
2004000,1823.713906,3458,242,0.015950,0.2344
2006000,1828.698639,3481,246,0.017553,0.3125
2008000,1833.147061,3486,255,0.018289,0.3203
2010000,1830.220117,3475,238,0.016077,0.3047
2012000,1839.997525,3476,235,0.016605,0.3203
2014000,1822.624977,3453,255,0.016503,0.3750
2016000,1811.775042,3440,256,0.005688,0.3125
2018000,1785.572652,3470,256,0.002539,0.3047
2020000,1782.488254,3459,266,0.003641,0.2969
2022000,1776.444778,3454,270,0.002970,0.3281
2024000,1785.638575,3485,249,0.002516,0.3438
2026000,1783.835805,3478,260,0.002376,0.3203
2028000,1800.859696,3453,277,0.002493,0.3516
2030000,1810.045314,3475,243,0.003198,0.3438
2032000,1805.728193,3468,253,0.003592,0.3438
2034000,1805.667754,3469,259,0.003324,0.3594
2036000,1798.067852,3487,261,0.002428,0.3359
2038000,1763.398714,3485,253,0.002441,0.3672
2040000,1786.405018,3495,250,0.003015,0.3125
2042000,1795.846264,3492,243,0.003034,0.3359
2044000,1804.167556,3489,246,0.004062,0.3750
2046000,1808.319406,3482,256,0.003246,0.3047
2048000,1820.078298,3478,247,0.005347,0.3125
2050000,1815.580862,3481,229,0.007018,0.3047
2052000,1838.555348,3473,224,0.010149,0.3203
2054000,1824.203092,3472,241,0.009899,0.2500
2056000,1818.074395,3480,232,0.008382,0.3203
2058000,1829.385077,3485,247,0.009593,0.3750
2060000,1842.594481,3520,241,0.010128,0.2188
2062000,1836.741771,3529,237,0.008408,0.3125
2064000,1843.812353,3542,220,0.010986,0.3203
2066000,1833.250372,3509,238,0.013618,0.3047
2068000,1845.009671,3521,229,0.014665,0.3203
2070000,1841.518653,3513,229,0.013805,0.3047
2072000,1805.971221,3483,244,0.008274,0.3281
2074000,1838.118306,3481,225,0.013064,0.2578
2076000,1849.984572,3468,228,0.014809,0.4297
2078000,1855.557642,3518,215,0.012441,0.2812
2080000,1842.014269,3522,223,0.012085,0.2812
2082000,1825.101219,3490,234,0.005794,0.2578
2084000,1831.603693,3472,232,0.007013,0.3906
2086000,1832.210241,3499,224,0.007355,0.3594
2088000,1846.073369,3497,215,0.006849,0.2734
2090000,1835.478267,3499,215,0.006220,0.3828
2092000,1847.749612,3501,220,0.007398,0.3359
2094000,1855.784208,3510,234,0.007812,0.3359
2096000,1864.707132,3498,223,0.008975,0.3125
2098000,1853.976864,3494,231,0.014193,0.2422
2100000,1858.794392,3529,203,0.014087,0.3203
2102000,1874.888106,3530,219,0.013029,0.2812
2104000,1870.936186,3512,226,0.013571,0.3203
2106000,1859.575153,3528,220,0.013187,0.2656
2108000,1861.473937,3533,228,0.011708,0.2891
2110000,1870.725166,3553,206,0.010641,0.3438
2112000,1879.267131,3547,206,0.014356,0.3203
2114000,1871.715612,3571,219,0.012131,0.2578
2116000,1872.566647,3570,217,0.011656,0.2031
2118000,1862.053121,3581,201,0.011551,0.3203
2120000,1870.876882,3571,205,0.012096,0.3125
2122000,1861.724322,3569,200,0.012308,0.2812
2124000,1868.364194,3573,196,0.011824,0.2500
2126000,1857.605011,3569,195,0.007722,0.2188
2128000,1860.464933,3573,199,0.006261,0.3203
2130000,1861.062942,3539,209,0.007109,0.3203
2132000,1854.800254,3552,200,0.006619,0.2969
2134000,1835.749632,3549,215,0.006463,0.2578
2136000,1832.887323,3530,242,0.006866,0.2891
2138000,1835.364974,3523,219,0.005670,0.3125
2140000,1832.617135,3533,219,0.006307,0.2891
2142000,1836.296467,3511,226,0.007653,0.3047
2144000,1846.931722,3512,248,0.010896,0.2969
2146000,1852.329041,3499,236,0.012871,0.3281
2148000,1850.203944,3508,228,0.012704,0.2812
2150000,1842.320664,3511,247,0.012996,0.3359
2152000,1835.911837,3516,244,0.012256,0.2891
2154000,1831.126573,3462,261,0.012791,0.3359
2156000,1828.552929,3467,255,0.013306,0.3672
2158000,1828.181958,3459,253,0.012551,0.2969
2160000,1861.189800,3471,252,0.011366,0.2500
2162000,1843.003994,3478,247,0.016423,0.3828
2164000,1862.051551,3495,229,0.016259,0.3203
2166000,1872.855419,3493,250,0.013383,0.3359
2168000,1858.992327,3520,227,0.014313,0.3281
2170000,1858.935242,3529,233,0.016306,0.2266
2172000,1865.198478,3540,235,0.018046,0.3203
2174000,1849.807684,3566,215,0.015062,0.3047
2176000,1843.910837,3557,211,0.014033,0.2656
2178000,1822.822451,3548,220,0.012138,0.3125
2180000,1822.937186,3539,238,0.010117,0.3125
2182000,1819.732861,3560,229,0.009816,0.2344
2184000,1807.092237,3542,228,0.016947,0.3438
2186000,1806.074947,3524,252,0.018711,0.3594
2188000,1816.161130,3512,246,0.017114,0.2891
2190000,1824.785107,3499,257,0.018306,0.2969
2192000,1832.330751,3487,249,0.018148,0.2812
2194000,1833.412807,3486,249,0.017314,0.3359
2196000,1834.247149,3504,241,0.016507,0.2734
2198000,1827.432145,3479,255,0.018825,0.3438
2200000,1829.720630,3473,259,0.018164,0.3047
2202000,1824.636078,3463,271,0.020089,0.2969
2204000,1827.120211,3453,241,0.021301,0.3047
2206000,1830.782016,3461,261,0.025340,0.3203
2208000,1826.427167,3481,246,0.022812,0.3281
2210000,1813.840632,3504,245,0.028246,0.3438
2212000,1808.055567,3501,242,0.026160,0.2500
2214000,1793.719472,3510,226,0.027254,0.2656
2216000,1797.610879,3525,216,0.028326,0.2891
2218000,1787.155810,3507,240,0.028658,0.3203
2220000,1771.622162,3516,225,0.024325,0.2344
2222000,1788.215097,3504,226,0.023009,0.3594
2224000,1791.113465,3513,231,0.010651,0.2500
2226000,1795.656709,3471,233,0.011972,0.2891
2228000,1796.037197,3512,224,0.012648,0.3594
2230000,1804.742853,3509,231,0.013414,0.3438
2232000,1797.640578,3481,247,0.015769,0.3125
2234000,1799.736402,3507,235,0.012201,0.3125
2236000,1797.059913,3518,226,0.013765,0.2422
2238000,1794.316509,3512,229,0.014856,0.2891
2240000,1788.423456,3544,215,0.013321,0.3516
2242000,1792.546177,3531,214,0.013846,0.3281
2244000,1788.395790,3534,193,0.013693,0.2422
2246000,1796.599188,3540,193,0.013335,0.2500
2248000,1802.249710,3541,211,0.014685,0.2812
2250000,1838.282879,3529,214,0.013037,0.3359
2252000,1831.191967,3491,246,0.012056,0.3750
2254000,1824.958958,3506,228,0.011371,0.2891
2256000,1827.307797,3483,238,0.007917,0.2734
2258000,1828.360372,3512,219,0.008122,0.3281
2260000,1817.184258,3546,209,0.006839,0.3203
2262000,1858.393850,3563,192,0.011281,0.3125
2264000,1863.747513,3562,205,0.009948,0.3594
2266000,1858.838764,3539,195,0.008666,0.3203
2268000,1851.091426,3546,209,0.008854,0.2734
2270000,1839.896361,3529,217,0.007157,0.2969
2272000,1853.941474,3502,229,0.010069,0.3047
2274000,1848.490607,3510,230,0.010240,0.2109
2276000,1885.181090,3519,223,0.010713,0.4141
2278000,1877.997131,3490,258,0.009768,0.2656
2280000,1885.709908,3498,247,0.010157,0.3047
2282000,1882.605443,3527,237,0.007871,0.2188
2284000,1885.063133,3538,227,0.009573,0.2969
2286000,1866.147679,3534,255,0.005672,0.3438
2288000,1865.075327,3542,238,0.003784,0.2969
2290000,1851.833819,3530,245,0.004621,0.3594
2292000,1901.917497,3526,241,0.013151,0.2891
2294000,1878.643089,3533,237,0.024799,0.2734
2296000,1865.016797,3542,220,0.026479,0.2891
2298000,1855.117297,3526,225,0.027799,0.3359
2300000,1862.941364,3519,236,0.028636,0.2891
2302000,1879.010782,3528,230,0.030939,0.3594
2304000,1873.989024,3529,219,0.032399,0.3203
2306000,1877.216771,3529,233,0.029799,0.3359
2308000,1851.947919,3516,240,0.031109,0.3125
2310000,1844.999639,3521,228,0.030751,0.2969
2312000,1824.377501,3529,232,0.030937,0.2578
2314000,1831.917811,3513,234,0.032233,0.3516
2316000,1830.975989,3499,243,0.029394,0.2422
2318000,1886.219306,3493,245,0.044248,0.3438
2320000,1887.637697,3519,201,0.044830,0.3281
2322000,1925.138697,3515,222,0.048121,0.2500
2324000,1942.636596,3537,223,0.048594,0.2812
2326000,1930.693635,3529,213,0.034755,0.3047
2328000,1921.292897,3496,227,0.033725,0.3047
2330000,1933.731813,3523,211,0.031113,0.3359
2332000,1916.471971,3530,202,0.029950,0.2656
2334000,1924.226891,3533,197,0.034196,0.3047
2336000,1910.493076,3541,190,0.035404,0.2031
2338000,1885.326261,3557,201,0.035140,0.2656
2340000,1894.476428,3553,207,0.037695,0.2969
2342000,1879.741189,3516,230,0.032729,0.2969
2344000,1826.203938,3524,223,0.030061,0.2500
2346000,1839.751265,3525,239,0.023078,0.2812
2348000,1877.014615,3528,235,0.017076,0.3594
2350000,1863.439661,3541,235,0.013087,0.2734
2352000,1848.377687,3530,238,0.014426,0.3750
2354000,1909.675168,3529,236,0.025166,0.2500
2356000,1921.087414,3509,243,0.025121,0.3359
2358000,1930.099597,3543,229,0.023925,0.3672
2360000,1902.336852,3547,232,0.019988,0.3203
2362000,1878.318356,3561,220,0.024375,0.2812
2364000,1894.387601,3544,237,0.021772,0.3359
2366000,1910.184524,3549,230,0.020603,0.3672
2368000,1910.168739,3557,221,0.022750,0.3047
2370000,1909.156874,3572,213,0.026542,0.2969
2372000,1844.803763,3543,228,0.018695,0.2578
2374000,1872.465652,3526,242,0.020168,0.3359
2376000,1863.485106,3516,244,0.016616,0.3203
2378000,1827.582210,3508,240,0.008726,0.2344
2380000,1844.121504,3539,214,0.018905,0.2891
2382000,1841.012580,3544,211,0.021687,0.2422
2384000,1827.419580,3529,220,0.019704,0.3359
2386000,1851.588673,3533,196,0.017317,0.3047
2388000,1857.293578,3516,224,0.019761,0.2578
2390000,1850.722419,3507,230,0.020900,0.2969
2392000,1856.209159,3524,226,0.020027,0.2969
2394000,1844.081189,3503,246,0.021818,0.3438
2396000,1834.079018,3523,225,0.021678,0.3125
2398000,1826.793871,3494,233,0.025088,0.2578
2400000,1834.319029,3544,212,0.024982,0.2578
2402000,1823.581162,3521,199,0.025091,0.3047
2404000,1816.118337,3508,215,0.026372,0.3047
2406000,1867.260004,3494,233,0.034191,0.2891
2408000,1863.085782,3490,252,0.031309,0.3516
2410000,1862.063707,3497,263,0.044196,0.3203
2412000,1870.337103,3487,283,0.039371,0.2969
2414000,1868.521454,3488,281,0.040323,0.3906
2416000,1877.809311,3498,250,0.039383,0.3672
2418000,1886.219547,3510,247,0.037541,0.3906
2420000,1892.152514,3507,248,0.040288,0.2344
2422000,1905.722660,3552,213,0.039926,0.2734
2424000,1913.305631,3543,217,0.038429,0.2969
2426000,1899.483247,3548,214,0.036174,0.2656
2428000,1922.356577,3508,229,0.043825,0.2578
2430000,1916.158496,3507,241,0.047920,0.3125
2432000,1907.790787,3521,215,0.045235,0.3047
2434000,1916.340523,3516,224,0.048542,0.2969
2436000,1881.736377,3503,244,0.046156,0.3125
2438000,1882.312217,3506,236,0.047650,0.3203
2440000,1879.618866,3530,222,0.048142,0.3203
2442000,1854.494522,3520,230,0.036164,0.2812
2444000,1860.047425,3523,229,0.034832,0.3047
2446000,1867.195097,3527,235,0.031797,0.2812
2448000,1857.611071,3542,242,0.031677,0.2656
2450000,1851.288828,3526,242,0.034747,0.2969
2452000,1848.664971,3536,237,0.034998,0.2578
2454000,1861.607985,3510,259,0.034831,0.4062
2456000,1846.224198,3515,261,0.035569,0.3516
2458000,1839.148043,3500,254,0.038851,0.3203
2460000,1830.734597,3502,255,0.038862,0.3750
2462000,1835.787244,3530,244,0.040985,0.3359
2464000,1824.675619,3527,242,0.040815,0.3594
2466000,1856.786928,3512,234,0.056246,0.3750
2468000,1860.342426,3555,235,0.055737,0.3672
2470000,1836.781484,3531,240,0.053982,0.2812
2472000,1845.834753,3558,214,0.051325,0.3359
2474000,1836.581521,3574,204,0.034828,0.3047
2476000,1832.158778,3550,217,0.035222,0.2109
2478000,1831.931419,3563,179,0.033297,0.2578
2480000,1829.519365,3555,193,0.032502,0.2578
2482000,1837.208495,3570,211,0.033043,0.2500
2484000,1846.409332,3566,190,0.034595,0.3125
2486000,1839.053882,3575,194,0.033733,0.3047
2488000,1843.255619,3563,209,0.035404,0.2891
2490000,1821.384809,3528,226,0.037365,0.3281
2492000,1818.489319,3544,214,0.035741,0.3281
2494000,1831.626007,3556,203,0.034025,0.2578
2496000,1859.492117,3564,206,0.031130,0.2578
2498000,1850.418128,3554,220,0.031771,0.2969
2500000,1858.830082,3522,230,0.033373,0.3438
2502000,1882.310888,3543,226,0.034160,0.3125
2504000,1884.296874,3533,234,0.032599,0.3359
2506000,1885.435602,3558,226,0.048908,0.2344
2508000,1892.745290,3581,213,0.045192,0.3594
2510000,1893.579761,3593,224,0.042144,0.2734
2512000,1864.138314,3579,222,0.049343,0.3750
2514000,1847.942376,3566,217,0.053456,0.3750
2516000,1837.668250,3603,207,0.036422,0.2969
2518000,1862.099996,3596,205,0.035496,0.3438
2520000,1838.064249,3576,219,0.036099,0.3203
2522000,1852.914442,3579,224,0.030938,0.2656
2524000,1848.410699,3572,218,0.030856,0.2969
2526000,1867.245391,3577,219,0.028627,0.3125
2528000,1852.055229,3572,216,0.028019,0.2969
2530000,1855.885365,3582,205,0.029382,0.3125
2532000,1857.270666,3575,214,0.031009,0.2578
2534000,1873.861068,3571,204,0.031167,0.2969
2536000,1849.231476,3578,187,0.026785,0.2344
2538000,1837.380787,3568,193,0.023831,0.2656
2540000,1840.934951,3551,207,0.023462,0.2969
2542000,1838.741155,3552,213,0.022832,0.2734
2544000,1840.347362,3518,229,0.023698,0.3047
2546000,1849.185433,3513,230,0.019653,0.2891
2548000,1840.768044,3494,245,0.019724,0.3438
2550000,1832.052287,3507,237,0.018424,0.2578
2552000,1824.741666,3524,228,0.018234,0.3281
2554000,1807.510258,3536,240,0.015832,0.3203
2556000,1823.657544,3546,236,0.015652,0.3203
2558000,1831.600183,3558,236,0.016062,0.3125
2560000,1825.954417,3549,233,0.018803,0.2734
2562000,1847.103728,3560,215,0.019931,0.3438
2564000,1861.767724,3554,230,0.020366,0.3594
2566000,1860.671857,3546,234,0.019071,0.3281
2568000,1865.138141,3550,223,0.018391,0.2344
2570000,1860.704681,3542,218,0.015563,0.2500
2572000,1863.955333,3531,218,0.016131,0.2578
2574000,1862.088024,3535,228,0.016785,0.2344
2576000,1867.650019,3573,207,0.018916,0.2500
2578000,1868.909247,3546,195,0.024247,0.2734
2580000,1864.108723,3542,191,0.023127,0.3516
2582000,1881.728183,3539,198,0.021009,0.3594
2584000,1875.678014,3549,214,0.022269,0.3047
2586000,1886.511386,3553,205,0.022659,0.2656
2588000,1963.240215,3557,227,0.033942,0.2578
2590000,1977.066394,3566,240,0.034791,0.3125
2592000,1959.234600,3570,229,0.033112,0.3125
2594000,2016.669628,3562,240,0.054491,0.3516
2596000,2038.839289,3576,229,0.061713,0.3281
2598000,2046.673788,3590,224,0.058206,0.2344
2600000,2067.420712,3617,209,0.064359,0.2734
2602000,2063.421756,3625,208,0.058872,0.2812
2604000,2044.255530,3601,220,0.073502,0.3281
2606000,2030.142986,3584,219,0.074188,0.2812
2608000,2030.186994,3609,218,0.076925,0.2969
2610000,2018.456904,3612,197,0.075439,0.3047
2612000,2012.587203,3591,205,0.077126,0.3359
2614000,2012.661383,3558,243,0.076296,0.3281
2616000,2006.200124,3570,216,0.075329,0.3047
2618000,1995.468023,3571,199,0.075892,0.2812
2620000,1977.684269,3568,196,0.081199,0.3672
2622000,1983.078497,3582,194,0.074789,0.1875
2624000,1989.444387,3579,212,0.079316,0.2656
2626000,1968.884866,3548,230,0.081074,0.2578
2628000,1920.352172,3569,220,0.070311,0.2578
2630000,1934.843649,3576,222,0.075838,0.2266
2632000,1927.488085,3557,231,0.073166,0.2812
2634000,1931.559684,3557,217,0.071523,0.3672
2636000,1924.899753,3558,216,0.071248,0.3047
2638000,1931.876570,3528,217,0.063296,0.2734
2640000,1939.848626,3531,234,0.060907,0.3516
2642000,1940.886095,3553,221,0.059469,0.2656
2644000,1946.153990,3520,245,0.055033,0.2578
2646000,1946.136502,3518,239,0.062006,0.3438
2648000,1951.918626,3523,235,0.059648,0.2578
2650000,1960.681277,3545,212,0.062110,0.3125
2652000,1964.738012,3558,185,0.063748,0.3203
2654000,1953.857854,3556,194,0.060598,0.2656
2656000,1953.355217,3563,197,0.051765,0.2812
2658000,1948.345970,3561,203,0.051185,0.3281
2660000,1962.230243,3574,208,0.054453,0.2578
2662000,1972.752148,3579,206,0.052821,0.3047
2664000,1991.622727,3599,202,0.057408,0.3203
2666000,2000.696828,3607,206,0.055674,0.2969
2668000,2004.894103,3625,203,0.053027,0.2500
2670000,2013.656883,3612,206,0.054234,0.3516
2672000,1979.298800,3602,214,0.030736,0.3828
2674000,1984.006253,3607,210,0.024985,0.3281
2676000,1992.021996,3629,194,0.029965,0.3125
2678000,1995.981317,3597,215,0.015747,0.3438
2680000,1988.060327,3588,220,0.016671,0.2812
2682000,2018.662034,3595,206,0.023091,0.3828
2684000,2011.727378,3572,203,0.025385,0.2734
2686000,1999.898585,3551,221,0.025421,0.2812
2688000,1999.466869,3540,224,0.023483,0.3672
2690000,2045.991371,3546,242,0.020212,0.2812
2692000,2061.636034,3550,226,0.021096,0.3281
2694000,2059.325553,3538,242,0.022410,0.2969
2696000,2043.020058,3552,223,0.026288,0.2734
2698000,2034.430319,3550,214,0.028045,0.2812
2700000,2031.825139,3531,236,0.028184,0.3125
2702000,2035.597617,3539,229,0.030368,0.3125
2704000,2055.506351,3523,235,0.031395,0.3438
2706000,2052.836460,3517,231,0.031669,0.2344
2708000,2058.138541,3517,237,0.031444,0.2891
2710000,2075.436252,3511,237,0.039167,0.2500
2712000,2072.222651,3510,218,0.040787,0.2812
2714000,2060.991858,3517,223,0.043389,0.3203
2716000,2054.581218,3506,246,0.043875,0.2266
2718000,2037.768959,3485,249,0.038404,0.3984
2720000,2047.810491,3498,248,0.039400,0.2578
2722000,2046.065931,3501,246,0.045420,0.3047
2724000,2042.483391,3501,242,0.051924,0.3359
2726000,2023.160537,3507,239,0.041542,0.2969
2728000,2056.487629,3516,250,0.034792,0.2656
2730000,2026.121746,3510,263,0.037435,0.3906
2732000,2032.943706,3542,222,0.031607,0.2734
2734000,2024.192839,3542,217,0.030918,0.2734
2736000,2038.359278,3539,222,0.031208,0.2500
2738000,2030.699561,3557,233,0.030979,0.3281
2740000,2027.915706,3545,224,0.033849,0.3359
2742000,2002.212997,3537,228,0.041487,0.3359
2744000,2005.913813,3520,233,0.036741,0.3516
2746000,2003.847386,3535,230,0.036110,0.3359
2748000,1982.571260,3536,221,0.037440,0.2344
2750000,1987.542617,3513,222,0.038248,0.3047
2752000,1982.403966,3513,234,0.038194,0.2734
2754000,1990.122622,3533,242,0.041253,0.2734
2756000,1982.559768,3530,246,0.042492,0.2500
2758000,1990.001239,3493,274,0.040334,0.3750
2760000,1985.887572,3515,243,0.040006,0.3359
2762000,1951.780462,3522,243,0.038331,0.3359
2764000,2022.287848,3506,225,0.060127,0.2500
2766000,2028.192798,3531,211,0.062358,0.3281
2768000,2032.788335,3545,229,0.064232,0.3203
2770000,2024.527767,3530,233,0.067861,0.3359
2772000,2021.336064,3529,252,0.068030,0.3281
2774000,2012.147647,3534,234,0.066203,0.2969
2776000,2015.937173,3521,246,0.069975,0.2891
2778000,2027.050970,3562,232,0.070653,0.2344
2780000,2037.341910,3540,244,0.070012,0.3281
2782000,2042.202787,3545,241,0.069122,0.3047
2784000,2012.035195,3547,228,0.050483,0.2812
2786000,2005.307442,3555,228,0.049153,0.2734
2788000,2015.761188,3549,242,0.048769,0.3750
2790000,2017.941580,3542,243,0.048802,0.3125
2792000,2014.977522,3545,226,0.049546,0.2266
2794000,2016.777674,3557,222,0.056398,0.3047
2796000,2019.115106,3543,225,0.058006,0.2578
2798000,2021.160877,3581,222,0.058591,0.3047
2800000,2017.579299,3565,222,0.052407,0.3281
2802000,2016.125084,3561,236,0.050184,0.3672
2804000,2028.113720,3544,232,0.045946,0.3359
2806000,2026.846164,3543,227,0.044241,0.3047
2808000,2032.804197,3527,238,0.043620,0.2109
2810000,2067.431868,3505,268,0.039037,0.2500
2812000,2059.047018,3492,262,0.034391,0.3359
2814000,2076.322260,3506,254,0.030287,0.2422
2816000,2091.563871,3509,246,0.031742,0.2734
2818000,2076.694608,3520,233,0.032551,0.2578
2820000,2070.896921,3542,241,0.033215,0.2969
2822000,2049.628915,3524,231,0.035175,0.2969
2824000,2064.837751,3517,234,0.037540,0.3047
2826000,2048.392620,3531,246,0.034386,0.3281
2828000,2041.838141,3504,238,0.037267,0.3516
2830000,2054.913427,3493,247,0.038476,0.3984
2832000,2055.646803,3511,246,0.036986,0.3516
2834000,2057.338422,3504,246,0.034201,0.3281
2836000,2060.903494,3499,249,0.035346,0.3047
2838000,2036.911216,3504,248,0.033372,0.4297
2840000,2038.155925,3478,247,0.033646,0.3125
2842000,2040.385356,3486,255,0.031603,0.3359
2844000,2041.529458,3499,241,0.033850,0.2734
2846000,2029.948997,3489,230,0.035313,0.3047
2848000,2017.716323,3457,237,0.040654,0.2891
2850000,2014.025705,3504,233,0.035803,0.2969
2852000,2053.434927,3533,217,0.053529,0.2578
2854000,2066.920890,3508,232,0.052131,0.3438
2856000,2066.504274,3508,238,0.049009,0.3516
2858000,2017.717452,3503,246,0.030899,0.2578
2860000,2023.320700,3479,249,0.032815,0.3594
2862000,2030.179873,3485,254,0.033275,0.2969
2864000,2017.223967,3481,246,0.033385,0.3047
2866000,2019.020894,3497,222,0.032803,0.3359
2868000,2019.694559,3499,235,0.039970,0.3594
2870000,2023.864668,3494,247,0.044031,0.3359
2872000,2020.469750,3481,247,0.047170,0.3438
2874000,2015.393673,3488,243,0.045140,0.3594
2876000,1995.195066,3471,235,0.046668,0.3359
2878000,1993.780636,3472,230,0.043123,0.2891
2880000,2004.677535,3467,226,0.047368,0.3047
2882000,1978.152324,3461,223,0.043209,0.3672
2884000,1988.595157,3451,233,0.041148,0.2969
2886000,1984.424370,3484,219,0.043504,0.3047
2888000,1972.558586,3471,213,0.038339,0.4141
2890000,1972.389639,3464,233,0.033148,0.2734
2892000,1968.215661,3445,254,0.030053,0.2656
2894000,1947.091703,3465,233,0.028080,0.3750
2896000,1950.426769,3506,241,0.028482,0.2734
2898000,1968.551653,3505,236,0.032197,0.3125
2900000,1950.501978,3508,238,0.038913,0.3828
2902000,1943.774339,3496,251,0.038325,0.4141
2904000,1942.358738,3513,234,0.036487,0.2344
2906000,1957.928763,3498,230,0.032869,0.3047
2908000,1969.449293,3513,229,0.038253,0.3672
2910000,1957.814364,3553,210,0.031510,0.3047
2912000,1967.130051,3523,248,0.034280,0.2656
2914000,1960.836484,3505,240,0.030631,0.3203
2916000,1958.680400,3509,241,0.032919,0.3047
2918000,1953.001650,3502,242,0.031214,0.2500
2920000,1958.871911,3531,221,0.033161,0.2891
2922000,1972.448009,3508,234,0.034333,0.2812
2924000,1966.342374,3482,256,0.034707,0.2578
2926000,1962.091670,3464,274,0.036796,0.2578
2928000,1971.211586,3486,253,0.034044,0.3594
2930000,1975.030608,3484,233,0.034658,0.3125
2932000,1995.396661,3488,221,0.037931,0.2891
2934000,1994.211776,3478,234,0.034917,0.3047
2936000,1995.493533,3458,258,0.033586,0.4297
2938000,2010.874545,3451,273,0.032673,0.3438
2940000,1999.361793,3470,255,0.034372,0.2734
2942000,1954.264012,3467,264,0.035827,0.3672
2944000,1961.379883,3496,275,0.031290,0.2656
2946000,1950.726564,3483,273,0.036203,0.3047
2948000,1960.087738,3481,262,0.039569,0.3438
2950000,1956.874946,3470,260,0.040764,0.2969
2952000,1952.739131,3497,256,0.038326,0.3281
2954000,1952.395122,3509,238,0.044765,0.2578
2956000,1919.712147,3494,235,0.040309,0.2734
2958000,1920.696968,3519,221,0.036919,0.2969
2960000,1920.958546,3542,202,0.034648,0.2969
2962000,1959.921245,3535,204,0.029032,0.2891
2964000,1987.464864,3516,234,0.028515,0.3125
2966000,1990.594756,3515,223,0.028448,0.3047
2968000,1986.343223,3510,220,0.026120,0.2891
2970000,2000.254504,3508,240,0.025540,0.2969
2972000,2002.390272,3489,237,0.024573,0.2734
2974000,2021.784979,3483,230,0.020495,0.3047
2976000,2018.504098,3499,248,0.019358,0.2891
2978000,2015.582371,3520,231,0.020840,0.3438
2980000,2016.478111,3542,219,0.019486,0.2578
2982000,1995.665943,3494,259,0.026395,0.3047
2984000,2012.206090,3466,262,0.028889,0.3438
2986000,1993.716528,3487,247,0.028266,0.3359
2988000,1991.611855,3503,245,0.026096,0.3047
2990000,1978.261162,3504,240,0.029669,0.3438
2992000,1968.502898,3513,250,0.034495,0.3516
2994000,1962.398271,3494,234,0.033622,0.3125
2996000,1970.233860,3525,229,0.034036,0.2422
2998000,1971.123906,3542,227,0.031042,0.1953
3000000,1969.592086,3491,250,0.030511,0.3672
3002000,1964.012083,3516,245,0.031473,0.3594
3004000,1945.062053,3490,253,0.028453,0.2969
3006000,1942.878126,3481,254,0.028660,0.2656
3008000,1941.999581,3490,248,0.028423,0.3438
3010000,1938.800754,3486,239,0.028502,0.2969
3012000,1938.516215,3520,218,0.027235,0.2188
3014000,1930.717684,3540,216,0.026527,0.3281
3016000,1970.544863,3524,242,0.031086,0.2969
3018000,1961.849060,3531,241,0.035424,0.3125
3020000,1948.946332,3517,248,0.034642,0.2734
3022000,1972.277352,3516,251,0.030605,0.2891
3024000,1978.292473,3497,248,0.025916,0.3516
3026000,1972.206154,3509,243,0.027142,0.3281
3028000,1930.122889,3517,246,0.032587,0.2969
3030000,1947.516033,3516,259,0.034213,0.2969
3032000,1938.899038,3506,250,0.035433,0.3203
3034000,1961.240421,3506,235,0.038937,0.3281
3036000,1973.757567,3516,222,0.043317,0.3594
3038000,1973.235733,3547,205,0.042677,0.2578
3040000,1962.468308,3558,189,0.042457,0.3047
3042000,1954.376617,3561,206,0.041977,0.3359
3044000,1955.945697,3545,223,0.048193,0.3125
3046000,1945.918553,3554,216,0.044805,0.2812
3048000,1934.171041,3516,219,0.040445,0.2734
3050000,1919.348154,3540,239,0.038978,0.2969
3052000,1925.423839,3559,231,0.035004,0.3438
3054000,1932.854991,3550,241,0.036686,0.2891
3056000,1931.672119,3508,250,0.038529,0.2734
3058000,1929.108653,3518,240,0.037321,0.2656
3060000,1921.451174,3512,228,0.040966,0.3828
3062000,1905.066805,3532,226,0.039374,0.2969
3064000,1902.304801,3539,210,0.037193,0.2656
3066000,1917.083329,3571,222,0.034641,0.3750
3068000,1903.560803,3585,229,0.033948,0.3359
3070000,1896.939771,3552,214,0.033228,0.3359
3072000,1894.747331,3537,236,0.031884,0.3281
3074000,1891.330973,3567,225,0.031489,0.2031
3076000,1888.876158,3564,229,0.033428,0.3281
3078000,1892.690283,3555,211,0.030016,0.2812
3080000,1886.774466,3559,232,0.032054,0.2891
3082000,1885.816682,3574,210,0.032141,0.3125
3084000,1878.656942,3575,210,0.029524,0.2656
3086000,1880.417606,3558,218,0.027734,0.2578
3088000,1904.882371,3554,229,0.026276,0.3828
3090000,1915.770042,3584,213,0.029243,0.2891
3092000,1911.073323,3550,240,0.029708,0.3438
3094000,1912.653639,3545,229,0.029868,0.3438
3096000,1910.560540,3555,220,0.030784,0.3125
3098000,1909.347576,3544,228,0.033482,0.2734
3100000,1881.472633,3573,210,0.035670,0.2969
3102000,1885.918229,3582,216,0.038110,0.2344
3104000,1880.762164,3599,204,0.039739,0.3203
3106000,1887.353809,3599,192,0.037589,0.2812
3108000,1924.502153,3599,197,0.040163,0.3281
3110000,1927.300923,3567,212,0.042149,0.3672
3112000,1943.422451,3582,215,0.034206,0.2812
3114000,1950.609137,3562,216,0.038072,0.3438
3116000,1945.676179,3538,224,0.036082,0.3203
3118000,1945.256837,3577,219,0.035937,0.2031
3120000,1939.341410,3572,224,0.033670,0.2344
3122000,1935.573830,3566,216,0.034958,0.3047
3124000,1929.184031,3579,226,0.024870,0.3125
3126000,1941.848892,3567,223,0.026390,0.3125
3128000,2009.168744,3559,247,0.011907,0.3594
3130000,2004.704027,3561,244,0.009946,0.3281
3132000,1988.062099,3547,234,0.007646,0.2891
3134000,1988.237889,3562,233,0.006857,0.3906
3136000,1997.090585,3578,208,0.007847,0.3594
3138000,2011.384631,3567,218,0.009084,0.3203
3140000,2003.321636,3569,241,0.009486,0.3125
3142000,2013.810529,3593,211,0.008504,0.2109
3144000,2004.593294,3567,207,0.006687,0.2891
3146000,2011.404626,3576,204,0.006673,0.2734
3148000,2002.449870,3566,198,0.006700,0.2656
3150000,2003.360503,3552,207,0.006799,0.2500
3152000,2017.819664,3544,215,0.006619,0.2422
3154000,2024.451345,3565,202,0.006262,0.2891
3156000,2024.911148,3554,215,0.005509,0.2422
3158000,2028.732188,3549,214,0.005716,0.2422
3160000,2019.561797,3581,218,0.007726,0.2500
3162000,2038.529761,3568,229,0.005648,0.2656
3164000,2043.734131,3584,224,0.004924,0.2891
3166000,2061.492541,3598,211,0.005876,0.3359
3168000,2040.813819,3571,218,0.005724,0.3203
3170000,2052.082526,3562,236,0.006321,0.3672
3172000,2036.420517,3546,243,0.005011,0.2969
3174000,2050.761768,3535,242,0.005675,0.3438
3176000,2050.040300,3518,256,0.005478,0.3047
3178000,2033.722083,3517,239,0.004675,0.3359
3180000,2028.430433,3531,239,0.004455,0.2969
3182000,2059.011531,3521,245,0.002980,0.3203
3184000,2046.558741,3492,242,0.002143,0.2734
3186000,2034.907407,3492,247,0.001276,0.3516
3188000,2006.505441,3506,237,0.001013,0.3203
3190000,2007.772011,3518,217,0.000828,0.3125
3192000,1994.334792,3517,237,0.000332,0.2734
3194000,1989.884512,3529,235,0.000321,0.3594
3196000,1993.338647,3524,246,0.000849,0.2344
3198000,1989.460515,3541,272,0.001068,0.3438
3200000,2026.570224,3534,263,0.004795,0.3594
3202000,2019.692698,3513,253,0.005596,0.3516
3204000,2019.104346,3516,235,0.006560,0.3516
3206000,2047.081681,3544,247,0.004309,0.2734
3208000,2052.182724,3548,245,0.004047,0.2422
3210000,2062.776200,3559,227,0.003888,0.2891
3212000,2030.821866,3566,237,0.001321,0.2969
3214000,2046.987109,3573,236,0.001975,0.2891
3216000,2035.883928,3580,222,0.001755,0.3203
3218000,2030.017768,3587,208,0.002042,0.2656
3220000,2041.642459,3577,218,0.001917,0.2734
3222000,2046.452975,3613,208,0.001836,0.2734
3224000,2048.763116,3627,199,0.001886,0.2891
3226000,2030.822554,3588,215,0.002140,0.3438
3228000,2027.370709,3595,199,0.001240,0.2812
3230000,2033.031331,3571,214,0.001548,0.3203
3232000,2030.401346,3549,259,0.003693,0.3594
3234000,2049.809506,3545,241,0.002384,0.3359
3236000,2046.539155,3541,236,0.002153,0.2812
3238000,2049.986504,3564,228,0.003337,0.2422
3240000,2055.543829,3550,246,0.001858,0.3203
3242000,2018.508528,3561,230,0.001993,0.2969
3244000,2018.962850,3519,212,0.003170,0.2734
3246000,2022.407514,3520,219,0.002031,0.2734
3248000,2010.589390,3548,217,0.002177,0.3984
3250000,2012.762300,3538,235,0.002520,0.2891
3252000,2036.114805,3550,247,0.000850,0.2500
3254000,2038.267568,3549,237,0.001253,0.3047
3256000,2045.218842,3562,263,0.001359,0.3125
3258000,2034.862833,3559,248,0.000589,0.2812
3260000,2040.817802,3561,244,0.000541,0.2656
3262000,2044.438977,3583,225,0.000613,0.2344
3264000,2007.246392,3583,219,0.002153,0.3281
3266000,1993.035473,3567,229,0.003042,0.3359
3268000,2000.134271,3594,226,0.002151,0.3438
3270000,1995.164120,3599,208,0.000930,0.3594
3272000,1995.767216,3629,202,0.006548,0.3203
3274000,1996.369833,3604,216,0.006479,0.3281
3276000,1997.185767,3608,213,0.005368,0.2891
3278000,2003.273197,3552,248,0.004961,0.3281
3280000,2006.996319,3567,230,0.005419,0.3828
3282000,1992.160162,3555,232,0.005466,0.2422
3284000,1990.475663,3522,245,0.005896,0.3359
3286000,1982.464028,3527,252,0.005520,0.2734
3288000,1969.679647,3536,246,0.007715,0.3750
3290000,1969.711706,3540,249,0.007260,0.3125
3292000,1969.396621,3562,237,0.006107,0.3750
3294000,1979.642688,3562,230,0.005517,0.2734
3296000,1991.757694,3551,231,0.003956,0.3125
3298000,1986.839079,3536,230,0.004802,0.2969
3300000,1986.576586,3544,227,0.005649,0.2812
3302000,1997.631719,3529,248,0.007501,0.2891
3304000,1990.286815,3552,230,0.007964,0.3359
3306000,1990.926895,3580,201,0.007529,0.2500
3308000,1979.759500,3570,213,0.009557,0.3281
3310000,1990.831204,3565,228,0.007111,0.3281
3312000,2009.038106,3557,204,0.006346,0.3125
3314000,1990.759741,3550,204,0.005956,0.3047
3316000,1999.642341,3545,213,0.004529,0.3047
3318000,2001.258236,3554,227,0.004604,0.3438
3320000,2020.473819,3543,217,0.006415,0.3203
3322000,2019.946945,3538,227,0.005846,0.2422
3324000,2018.820764,3533,229,0.007745,0.2891
3326000,2002.563681,3542,223,0.009115,0.3203
3328000,1982.217639,3524,231,0.007536,0.3203
3330000,1991.063489,3525,226,0.007961,0.2500
3332000,1993.607024,3522,239,0.006618,0.3906
3334000,1984.023239,3554,208,0.007350,0.2969
3336000,1973.454972,3561,207,0.008474,0.2422
3338000,1978.760698,3548,214,0.007462,0.3125
3340000,1944.569511,3576,214,0.012236,0.3516
3342000,1960.009425,3580,219,0.010387,0.3125
3344000,1962.921223,3551,237,0.009002,0.3594
3346000,1956.837975,3547,232,0.006561,0.2969
3348000,1950.653576,3535,237,0.007193,0.2734
3350000,1973.369263,3520,237,0.009487,0.3125
3352000,1969.748154,3507,230,0.010688,0.2891
3354000,1961.016406,3500,250,0.010842,0.2969
3356000,1966.011597,3514,227,0.010360,0.2188
3358000,1957.702364,3485,240,0.011421,0.3281
3360000,1957.507008,3479,233,0.011737,0.2656
3362000,1954.991253,3477,232,0.011979,0.2734
3364000,1960.345536,3478,250,0.010420,0.3438
3366000,1966.418826,3508,240,0.009863,0.2812
3368000,1965.707886,3517,229,0.010244,0.2422
3370000,1975.820660,3533,213,0.008591,0.2969
3372000,1970.053551,3528,234,0.008468,0.3047
3374000,1945.477073,3505,254,0.004157,0.2812
3376000,1944.462771,3505,256,0.004302,0.3672
3378000,1947.253784,3541,236,0.004589,0.2578
3380000,1959.187588,3526,265,0.003391,0.3750
3382000,1954.316474,3545,244,0.003842,0.2578
3384000,1952.378137,3545,233,0.004007,0.3672
3386000,1963.167334,3554,230,0.004031,0.2891
3388000,1967.677516,3567,217,0.003591,0.2188
3390000,1951.042411,3579,210,0.003132,0.3281
3392000,1945.165228,3580,204,0.003534,0.3281
3394000,1947.732048,3553,219,0.003887,0.2500
3396000,1956.314476,3533,225,0.003296,0.3438
3398000,1973.243036,3545,194,0.003747,0.3125
3400000,2034.264720,3536,211,0.003572,0.2969
3402000,2075.864253,3549,218,0.001653,0.3359
3404000,2066.851418,3539,227,0.001588,0.2500
3406000,2078.698185,3529,232,0.002306,0.3359
3408000,2075.191375,3553,207,0.002176,0.2109
3410000,2059.951966,3532,213,0.001908,0.3438
3412000,2062.999457,3526,225,0.000631,0.3125
3414000,2051.990706,3518,224,0.000914,0.2891
3416000,2049.204215,3521,220,0.001255,0.3516
3418000,2044.852419,3502,249,0.000594,0.2734
3420000,2049.404395,3505,237,0.000765,0.2500
3422000,2050.618567,3520,224,0.001207,0.3516
3424000,2069.102753,3535,230,0.000573,0.3047
3426000,1992.301676,3500,231,0.003347,0.3203
3428000,1998.307218,3499,244,0.003853,0.3281
3430000,2016.507444,3492,255,0.003868,0.2969
3432000,1999.430348,3486,247,0.004722,0.2812
3434000,2026.875181,3496,250,0.007546,0.2969
3436000,2043.279624,3502,231,0.005978,0.3047
3438000,2047.992313,3492,263,0.005703,0.4062
3440000,2050.671064,3501,235,0.005332,0.2656
3442000,2024.512050,3513,237,0.004447,0.3125
3444000,2021.732499,3519,213,0.003393,0.2578
3446000,1994.317946,3557,215,0.035748,0.2812
3448000,1991.393783,3538,217,0.038313,0.2891
3450000,1982.222121,3552,204,0.037103,0.3359
3452000,1999.471970,3582,206,0.033749,0.2656
3454000,1991.123303,3555,213,0.031355,0.3203
3456000,1993.377196,3561,221,0.033439,0.2734
3458000,1992.594221,3537,227,0.033992,0.3516
3460000,1996.581144,3523,218,0.032191,0.2812
3462000,1991.283665,3517,213,0.034563,0.2500
3464000,1991.446442,3519,217,0.039828,0.2891
3466000,1982.229985,3528,210,0.040112,0.2734
3468000,1975.456086,3533,236,0.037222,0.3203
3470000,1976.499347,3548,224,0.036218,0.3672
3472000,1951.835810,3551,234,0.043708,0.2578
3474000,1944.314351,3564,219,0.041394,0.3594
3476000,1926.372394,3598,214,0.035614,0.2969
3478000,1923.583715,3593,216,0.034739,0.2891
3480000,1942.725675,3571,222,0.038776,0.1797
3482000,1949.783903,3561,215,0.039497,0.3359
3484000,1953.262251,3572,214,0.038245,0.2969
3486000,1961.213295,3601,200,0.040783,0.2656
3488000,1964.493508,3577,208,0.043282,0.2812
3490000,1952.004891,3573,222,0.033778,0.3359
3492000,1947.028080,3565,215,0.032903,0.2734
3494000,1943.908022,3572,229,0.035836,0.2734
3496000,1944.064353,3568,228,0.030503,0.2891
3498000,1945.380249,3561,231,0.032861,0.2734
3500000,1940.342005,3547,232,0.031284,0.3906
3502000,1953.242287,3562,206,0.028079,0.3125
3504000,1943.470190,3555,218,0.029018,0.2812
3506000,1932.859693,3530,221,0.029280,0.2891
3508000,1919.921758,3494,214,0.029009,0.3438
3510000,1921.805785,3495,229,0.028115,0.3281
3512000,1923.229053,3502,218,0.029570,0.3359
3514000,1938.239117,3512,211,0.028187,0.2891
3516000,1920.526009,3510,212,0.033078,0.3047
3518000,1914.968150,3501,225,0.032831,0.3203
3520000,1914.605519,3512,225,0.030054,0.2422
3522000,1921.924437,3528,213,0.032065,0.2500
3524000,1913.119649,3538,209,0.030111,0.3359
3526000,1925.177912,3555,226,0.025376,0.2969
3528000,1929.820978,3580,213,0.024172,0.2266
3530000,1926.595144,3569,204,0.022552,0.3125
3532000,1928.571919,3544,219,0.019954,0.3594
3534000,1950.295384,3550,219,0.022448,0.2266
3536000,1964.462142,3528,225,0.023845,0.2969
3538000,1968.659363,3540,238,0.024453,0.3438
3540000,1973.151989,3520,251,0.023694,0.3281
3542000,1983.962082,3517,247,0.023293,0.2656
3544000,1988.459113,3522,247,0.022802,0.3594
3546000,2030.861831,3515,236,0.025263,0.2969
3548000,2013.368640,3519,225,0.021039,0.2578
3550000,2002.852757,3539,226,0.020517,0.3203
3552000,1999.594612,3519,211,0.020624,0.2812
3554000,2000.338623,3525,216,0.021795,0.3359
3556000,1989.649650,3531,216,0.020508,0.3281
3558000,1975.652994,3526,218,0.021883,0.2969
3560000,1968.561124,3503,227,0.022593,0.2578
3562000,1956.742693,3485,249,0.022580,0.2812
3564000,1961.326596,3515,242,0.021481,0.2266
3566000,1968.218916,3531,227,0.020580,0.3125
3568000,1959.766233,3539,225,0.023324,0.3359
3570000,1949.941343,3526,232,0.025245,0.2734
3572000,1979.442882,3551,223,0.030413,0.2656
3574000,1990.322034,3534,241,0.029034,0.2578
3576000,2010.424083,3542,249,0.031083,0.3281
3578000,1993.712786,3543,249,0.029733,0.3047
3580000,1992.164080,3550,233,0.029585,0.3047
3582000,1987.492311,3536,251,0.025357,0.3438
3584000,2003.404261,3551,236,0.026191,0.3047
3586000,1983.851688,3531,234,0.025304,0.4062
3588000,2008.272038,3534,228,0.030421,0.2344
3590000,2001.211133,3567,216,0.032134,0.2891
3592000,1991.745640,3557,230,0.028163,0.2891
3594000,2003.212384,3541,226,0.026494,0.2031
3596000,1968.677517,3525,234,0.022231,0.2969
3598000,1979.861462,3507,249,0.021810,0.2266
3600000,1993.626364,3494,244,0.037360,0.3281
3602000,1991.082394,3507,233,0.042365,0.2812
3604000,2000.967871,3511,246,0.040575,0.2578
3606000,1982.080979,3511,235,0.040093,0.4062
3608000,1975.508868,3502,239,0.035611,0.3047
3610000,1965.830669,3508,243,0.037432,0.3438
3612000,2016.020972,3493,232,0.035677,0.2266
3614000,2016.253850,3529,248,0.035809,0.3594
3616000,2034.781253,3503,243,0.037693,0.2812
3618000,2042.452252,3511,249,0.040700,0.3125
3620000,2035.524647,3501,250,0.052250,0.3047
3622000,2024.886741,3513,231,0.035985,0.3047
3624000,2027.601312,3516,234,0.035050,0.2812
3626000,2038.377340,3492,243,0.035113,0.2578
3628000,2060.725606,3495,229,0.040539,0.2734
3630000,2072.732839,3489,250,0.041424,0.3359
3632000,2048.657720,3488,239,0.041212,0.2500
3634000,2034.627304,3480,255,0.041898,0.3047
3636000,2028.470964,3501,242,0.048400,0.3281
3638000,2031.709678,3534,224,0.043583,0.2969
3640000,2038.746377,3553,209,0.051019,0.3125
3642000,2032.906096,3544,206,0.055485,0.2891
3644000,1993.726878,3526,242,0.026983,0.2812
3646000,1986.394986,3540,219,0.026605,0.3047
3648000,1994.826953,3566,213,0.025386,0.2891
3650000,1988.285960,3544,223,0.028001,0.3906
3652000,1996.744446,3556,222,0.029267,0.2656
3654000,2000.423826,3547,229,0.027773,0.2891
3656000,2008.550013,3563,218,0.026137,0.3359
3658000,1970.991403,3586,211,0.027125,0.3672
3660000,1970.650915,3578,213,0.037922,0.3047
3662000,1963.428426,3546,219,0.043653,0.3438
3664000,1968.620158,3550,230,0.042634,0.2969
3666000,1999.562000,3542,211,0.045147,0.2891
3668000,1998.099688,3553,208,0.045069,0.2500
3670000,2008.820707,3564,218,0.043206,0.3281
3672000,2016.739242,3537,232,0.042152,0.2969
3674000,2010.833072,3536,225,0.043033,0.2969
3676000,2007.451138,3513,227,0.038144,0.2734
3678000,2027.791909,3523,230,0.035279,0.3516
3680000,2005.919417,3527,229,0.030115,0.3203
3682000,1999.496146,3528,220,0.031486,0.2656
3684000,1997.213109,3515,225,0.028058,0.3438
3686000,1999.522373,3514,222,0.034261,0.2656
3688000,2016.594133,3513,207,0.034907,0.2891
3690000,2006.423889,3512,223,0.034296,0.3125
3692000,2004.316711,3496,242,0.034747,0.3047
3694000,2010.372671,3503,226,0.034793,0.3047
3696000,2000.022590,3478,247,0.035382,0.3281
3698000,1977.836435,3494,235,0.034639,0.2891
3700000,1983.429873,3483,259,0.030929,0.3359
3702000,1974.061047,3545,232,0.025495,0.2344
3704000,1973.206630,3550,240,0.023349,0.3672
3706000,1971.124505,3541,227,0.025132,0.2734
3708000,1971.378008,3551,226,0.018279,0.2422
3710000,1967.667684,3553,216,0.010946,0.2812
3712000,1945.809752,3566,188,0.013014,0.3281
3714000,1953.418322,3582,213,0.014569,0.2734
3716000,1948.727079,3572,200,0.015282,0.2109
3718000,1938.951323,3533,212,0.021014,0.2891
3720000,1929.695105,3556,204,0.020468,0.2734
3722000,1958.257802,3547,191,0.021669,0.3203
3724000,1960.814358,3526,226,0.021828,0.2734
3726000,1951.227210,3541,228,0.019842,0.3047
3728000,1945.384852,3537,228,0.022843,0.3281
3730000,1931.878798,3547,229,0.030510,0.2734
3732000,1928.332620,3575,231,0.032302,0.3047
3734000,1949.701313,3563,226,0.032482,0.3281
3736000,1947.067078,3525,223,0.029837,0.2500
3738000,1938.511420,3533,231,0.033383,0.2344
3740000,1952.356661,3554,217,0.033373,0.2734
3742000,1952.637274,3529,229,0.037312,0.2812
3744000,1966.627107,3531,227,0.035495,0.3203
3746000,1977.674404,3522,217,0.036524,0.3047
3748000,1975.436257,3524,209,0.035536,0.3047
3750000,1982.129400,3506,223,0.037300,0.3281
3752000,1960.364653,3515,216,0.037743,0.2578
3754000,1938.842471,3516,223,0.035443,0.2578
3756000,1932.116568,3484,230,0.036042,0.3203
3758000,1964.752039,3461,242,0.028357,0.3672
3760000,1979.186913,3455,262,0.026779,0.2734
3762000,1961.175672,3532,236,0.026701,0.3125
3764000,1967.577598,3549,226,0.025008,0.3672
3766000,1979.084829,3542,241,0.025789,0.2812
3768000,2011.221723,3551,219,0.028584,0.3125
3770000,2004.912280,3520,240,0.030900,0.2812
3772000,2017.361825,3521,239,0.030639,0.3672
3774000,2027.806288,3516,244,0.026939,0.3203
3776000,2027.731057,3539,232,0.024855,0.2344
3778000,2034.094630,3518,251,0.026268,0.2422
3780000,2038.022544,3510,264,0.029188,0.3125
3782000,2024.778163,3510,256,0.030077,0.2891
3784000,2048.341285,3511,253,0.034080,0.2734
3786000,2045.671353,3521,235,0.034796,0.2891
3788000,1941.381279,3532,225,0.022733,0.2891
3790000,1938.809141,3527,227,0.020807,0.3281
3792000,1909.603416,3523,239,0.005535,0.2500
3794000,1911.419372,3529,246,0.004407,0.2891
3796000,1912.989503,3533,239,0.003675,0.2891
3798000,1907.912519,3543,245,0.003889,0.2656
3800000,1888.944081,3534,256,0.006074,0.3516
3802000,1881.867594,3524,244,0.006384,0.3438
3804000,1891.100839,3541,225,0.007339,0.2734
3806000,1883.859536,3565,210,0.008219,0.2734
3808000,1882.878022,3556,206,0.007625,0.3438
3810000,1856.354531,3557,206,0.010178,0.2891
3812000,1858.333732,3562,215,0.008670,0.2969
3814000,1862.050833,3559,212,0.008653,0.3594
3816000,1863.009941,3542,227,0.008936,0.3359
3818000,1861.169911,3554,210,0.009542,0.3438
3820000,1860.395425,3539,222,0.009574,0.2500
3822000,1864.594333,3528,228,0.009994,0.2969
3824000,1864.974885,3536,215,0.010010,0.3281
3826000,1870.372849,3492,234,0.009428,0.2891
3828000,1887.314059,3483,240,0.010834,0.3672
3830000,1882.185775,3470,249,0.009616,0.3594
3832000,1881.729586,3486,241,0.009446,0.2500
3834000,1877.753584,3510,237,0.008837,0.2344
3836000,1890.836771,3486,243,0.006729,0.2344
3838000,1888.904894,3494,251,0.007565,0.3125
3840000,1893.951474,3504,248,0.007499,0.2656
3842000,1904.203362,3472,257,0.006829,0.2969
3844000,1894.583585,3493,240,0.006615,0.2812
3846000,1906.055323,3512,233,0.008610,0.2422
3848000,1926.679002,3525,224,0.009828,0.2891
3850000,1919.282922,3545,227,0.009255,0.2578
3852000,1929.072408,3519,228,0.011423,0.2891
3854000,1936.077025,3504,236,0.014365,0.3828
3856000,1925.965764,3490,240,0.012516,0.2578
3858000,1935.620752,3502,233,0.011886,0.3281
3860000,1945.973109,3541,230,0.015899,0.2891
3862000,1937.721484,3549,228,0.021292,0.3438
3864000,1935.372378,3534,243,0.019847,0.2734
3866000,1918.575462,3505,242,0.022932,0.3281
3868000,1921.290309,3509,247,0.018378,0.3594
3870000,1953.857136,3489,234,0.014367,0.3047
3872000,1966.808381,3483,242,0.014045,0.3125
3874000,1982.687424,3482,253,0.011932,0.2188
3876000,1982.367666,3491,247,0.010808,0.3359
3878000,1978.917596,3521,240,0.010874,0.2578
3880000,1981.999975,3501,234,0.011991,0.2656
3882000,1986.848532,3499,245,0.012005,0.2578
3884000,1989.215887,3518,242,0.013772,0.2578
3886000,1992.534007,3528,238,0.013322,0.3047
3888000,1982.405840,3526,228,0.010060,0.2891
3890000,1989.798232,3525,234,0.009515,0.3516
3892000,1980.303116,3515,232,0.008718,0.2734
3894000,1976.242074,3545,217,0.008478,0.3359
3896000,1972.361487,3539,234,0.008556,0.3438
3898000,1971.212435,3525,230,0.007877,0.2656
3900000,1977.981697,3554,208,0.006564,0.3672
3902000,1978.011426,3555,230,0.006519,0.3203
3904000,1987.011440,3562,232,0.008736,0.2578
3906000,1976.784526,3546,230,0.007952,0.3906
3908000,1954.867341,3537,232,0.007805,0.3828
3910000,1940.888085,3563,216,0.007169,0.2891
3912000,1937.915324,3548,222,0.007980,0.2578
3914000,1934.274466,3551,224,0.006743,0.3750
3916000,1944.885258,3561,231,0.009717,0.2188
3918000,1931.900952,3550,245,0.010160,0.2969
3920000,1927.243162,3535,241,0.011639,0.2891
3922000,1933.613391,3512,268,0.009882,0.3203
3924000,1941.456794,3526,245,0.008958,0.3203
3926000,1951.361524,3519,227,0.008807,0.3672
3928000,1953.103784,3535,224,0.007840,0.3125
3930000,2000.047559,3535,226,0.009709,0.3125
3932000,1983.283753,3555,220,0.007079,0.2812
3934000,2002.162935,3551,227,0.005181,0.2812
3936000,1923.453546,3527,230,0.005635,0.3516
3938000,1921.516781,3516,239,0.005971,0.2812
3940000,1919.847906,3524,218,0.004530,0.2734
3942000,1918.201454,3520,220,0.003933,0.3672
3944000,1953.804335,3501,244,0.005262,0.4219
3946000,1954.304426,3487,269,0.004899,0.3516
3948000,1960.881300,3469,266,0.005597,0.2891
3950000,1945.773853,3490,235,0.005530,0.2422
3952000,1964.789206,3511,221,0.006512,0.3594
3954000,1954.459059,3518,229,0.005447,0.3203
3956000,1941.354557,3528,217,0.006095,0.3047
3958000,1937.471178,3512,235,0.008720,0.2969
3960000,1952.744529,3519,245,0.008639,0.3203
3962000,1946.404630,3509,231,0.007673,0.2891
3964000,1932.441890,3489,234,0.007598,0.3516
3966000,1929.525368,3501,222,0.007830,0.3203
3968000,1928.749726,3523,219,0.008808,0.3125
3970000,1939.797615,3559,205,0.009183,0.2812
3972000,1935.080003,3523,240,0.008693,0.3516
3974000,1942.293490,3501,249,0.009174,0.3203
3976000,1940.953641,3480,251,0.008763,0.3047
3978000,1947.319155,3499,237,0.006992,0.2969
3980000,1921.681675,3483,255,0.007078,0.3750
3982000,1914.925825,3492,226,0.008090,0.3125
3984000,1913.942387,3493,260,0.007824,0.3516
3986000,1922.589018,3495,231,0.009480,0.3438
3988000,1933.261556,3519,219,0.009839,0.2891
3990000,1919.188394,3534,206,0.008940,0.3203
3992000,1905.339919,3520,213,0.008498,0.3359
3994000,1931.978428,3536,208,0.009436,0.3125
3996000,1921.072335,3557,214,0.007859,0.3984
3998000,1919.933322,3523,235,0.007303,0.3281
4000000,1910.390859,3541,224,0.008201,0.3438
4002000,1916.407239,3554,219,0.008088,0.2734
4004000,1917.993842,3556,215,0.008459,0.2578
4006000,1926.493666,3546,220,0.008397,0.2031
4008000,1934.282433,3575,202,0.007474,0.2969
4010000,1933.162877,3582,191,0.014991,0.3594
4012000,1932.952298,3574,203,0.013547,0.3984
4014000,1920.716661,3559,203,0.015019,0.2578
4016000,1917.267703,3557,198,0.018129,0.3281
4018000,1922.840259,3554,196,0.019533,0.3906
4020000,1929.276992,3587,191,0.019012,0.2656
4022000,1940.905221,3547,215,0.014138,0.2656
4024000,1942.364901,3507,234,0.016090,0.3516
4026000,1935.621242,3518,236,0.013955,0.3672
4028000,1944.101597,3534,221,0.016022,0.3516
4030000,1965.965245,3571,229,0.016512,0.3984
4032000,1955.491123,3559,218,0.016480,0.2734
4034000,1940.286390,3548,219,0.009154,0.2891
4036000,1921.740711,3531,236,0.007523,0.3281
4038000,1945.107756,3525,232,0.007519,0.2734
4040000,1934.679044,3507,242,0.007324,0.3047
4042000,1928.615909,3502,246,0.006264,0.3594
4044000,1934.735720,3515,255,0.006858,0.2500
4046000,1931.829177,3526,226,0.008601,0.2812
4048000,1918.837630,3548,207,0.008798,0.2266
4050000,1922.287066,3517,231,0.007894,0.2891
4052000,1924.336453,3512,234,0.005362,0.2812
4054000,1915.768114,3526,228,0.005888,0.2891
4056000,1909.904112,3529,235,0.005826,0.3047
4058000,1915.871870,3540,216,0.005808,0.3516
4060000,1908.041876,3542,217,0.009101,0.2422
4062000,1912.025940,3529,232,0.010009,0.2969
4064000,1951.976706,3523,233,0.009920,0.3125
4066000,1940.635701,3513,225,0.008402,0.3047
4068000,1925.670897,3559,228,0.007920,0.2969
4070000,1927.246207,3565,231,0.007194,0.3516
4072000,1951.835846,3542,231,0.008062,0.3750
4074000,1950.078730,3582,216,0.007639,0.3906
4076000,1943.615522,3567,207,0.010425,0.2812
4078000,1939.783247,3586,210,0.010881,0.2812
4080000,1958.672146,3582,213,0.017090,0.3672
4082000,1961.658314,3600,207,0.028250,0.3516
4084000,1965.019872,3600,210,0.025836,0.2812
4086000,1953.568796,3588,204,0.026494,0.2578
4088000,1936.462703,3585,196,0.023881,0.3359
4090000,1940.778607,3598,199,0.027319,0.2812
4092000,1942.221404,3583,208,0.027457,0.3047
4094000,1899.556771,3585,189,0.021669,0.2891
4096000,1886.159510,3534,219,0.019188,0.3438
4098000,1877.242912,3522,239,0.017915,0.3594
4100000,1885.273481,3477,257,0.018746,0.3203
4102000,1884.033595,3519,238,0.019230,0.2812
4104000,1898.395235,3549,226,0.019163,0.3047
4106000,1896.637797,3541,207,0.022224,0.4219
4108000,1890.990686,3558,206,0.020346,0.2812
4110000,1902.019889,3564,205,0.023628,0.3438
4112000,1897.832824,3542,203,0.021523,0.2969
4114000,1896.459130,3529,211,0.023341,0.2188
4116000,1887.658336,3543,219,0.022136,0.2422
4118000,1884.185045,3560,228,0.017450,0.2812
4120000,1905.429916,3545,225,0.021078,0.2891
4122000,1903.520655,3531,221,0.020261,0.2969
4124000,1901.730696,3540,216,0.018874,0.2578
4126000,1915.932862,3539,222,0.020049,0.2422
4128000,1934.509826,3525,219,0.023326,0.3047
4130000,1927.170492,3525,215,0.021776,0.3203
4132000,1929.227507,3548,221,0.024043,0.3516
4134000,1952.459648,3543,226,0.020872,0.2266
4136000,1949.706108,3532,251,0.021744,0.3125
4138000,1963.567906,3529,237,0.023211,0.2656
4140000,1949.203802,3524,217,0.021898,0.2891
4142000,1941.560921,3513,232,0.022261,0.2812
4144000,1940.351734,3523,222,0.020761,0.3281
4146000,1939.245555,3525,230,0.022571,0.2578
4148000,1944.203219,3517,225,0.024744,0.3984
4150000,1927.860565,3508,226,0.024413,0.3828
4152000,1923.932173,3484,239,0.021148,0.2422
4154000,1931.838019,3478,223,0.024427,0.2656
4156000,2023.898447,3472,250,0.034484,0.3359
4158000,2029.372233,3479,234,0.033992,0.3125
4160000,2029.547812,3481,219,0.038822,0.3125
4162000,2035.113828,3485,213,0.044430,0.2969
4164000,2035.812514,3521,211,0.038916,0.2422
4166000,2045.801935,3536,227,0.040943,0.2188
4168000,2060.992469,3516,228,0.044516,0.3047
4170000,2066.962764,3511,240,0.044254,0.3203
4172000,2055.527523,3522,238,0.041984,0.3672
4174000,2084.284130,3515,235,0.046241,0.2734
4176000,2081.391482,3520,232,0.051748,0.3359
4178000,2088.994504,3511,225,0.056086,0.2500
4180000,2058.928122,3486,252,0.052783,0.3359
4182000,2053.474165,3505,245,0.051156,0.3672
4184000,2045.863799,3518,235,0.050596,0.3125
4186000,2039.945103,3518,227,0.051119,0.2891
4188000,2034.737102,3510,223,0.053678,0.2891
4190000,2065.590011,3523,234,0.055137,0.3359
4192000,2055.875920,3526,219,0.054006,0.3047
4194000,2075.312890,3556,210,0.058350,0.3438
4196000,2072.782325,3543,195,0.056224,0.3203
4198000,2082.766932,3538,215,0.055891,0.2969
4200000,2081.428578,3532,218,0.057698,0.3125
4202000,2083.642537,3516,217,0.057971,0.3516
4204000,2091.258482,3505,227,0.061306,0.3594
4206000,2085.197119,3551,209,0.058691,0.2734
4208000,2066.204158,3565,211,0.042813,0.2656
4210000,2046.012697,3556,220,0.047986,0.2891
4212000,2020.507190,3579,207,0.046192,0.3047
4214000,2016.701411,3538,213,0.045239,0.2969
4216000,2030.753862,3541,220,0.044432,0.2734
4218000,2051.561893,3523,241,0.031505,0.3125
4220000,2055.175393,3516,242,0.032611,0.2266
4222000,2033.131543,3490,247,0.029732,0.2734
4224000,2026.569578,3488,251,0.026809,0.3594
4226000,2016.861617,3508,224,0.026663,0.3125
4228000,2015.369110,3499,229,0.022387,0.3125
4230000,1990.184264,3495,218,0.019809,0.3203
4232000,2009.767315,3507,222,0.021444,0.3438
4234000,1987.125555,3548,211,0.032255,0.2734
4236000,1992.849244,3538,214,0.035127,0.2891
4238000,1976.806380,3559,202,0.029943,0.2734
4240000,1972.583635,3556,199,0.029462,0.2812
4242000,1958.245220,3544,212,0.031173,0.3828
4244000,1937.944980,3510,226,0.030336,0.2656
4246000,1912.813136,3536,216,0.034273,0.3359
4248000,1932.348878,3539,207,0.037653,0.3203
4250000,1953.586078,3522,234,0.030728,0.3438
4252000,1966.467622,3536,226,0.029851,0.2891
4254000,1962.180071,3553,212,0.033595,0.2812
4256000,1960.428380,3576,213,0.032529,0.3828
4258000,1939.225971,3549,255,0.031373,0.3594
4260000,1940.518474,3539,239,0.033733,0.3125
4262000,1949.224170,3563,220,0.030508,0.2891
4264000,1943.544024,3558,228,0.026501,0.3438
4266000,1944.827779,3557,217,0.024958,0.2969
4268000,2040.511175,3562,224,0.034827,0.2109
4270000,2040.576154,3558,221,0.035197,0.2500
4272000,2034.936686,3556,232,0.036269,0.3047
4274000,2014.142242,3578,224,0.036344,0.3672
4276000,2000.773922,3551,226,0.035028,0.3438
4278000,2016.794468,3552,209,0.033258,0.2891
4280000,2013.681355,3545,216,0.039612,0.2969
4282000,1964.049431,3510,243,0.021060,0.2500
4284000,1944.313071,3500,257,0.016227,0.3125
4286000,1927.080105,3508,251,0.015341,0.2656
4288000,1924.813145,3498,256,0.015734,0.3438
4290000,1941.802362,3509,250,0.018656,0.3359
4292000,1973.710431,3511,240,0.016560,0.3281
4294000,1931.250463,3511,225,0.007188,0.3203
4296000,1919.825607,3501,253,0.005885,0.2656
4298000,1911.357904,3530,224,0.006484,0.3203
4300000,1890.028985,3542,222,0.009063,0.2031
4302000,1887.545432,3541,234,0.010667,0.2422
4304000,1910.174861,3530,230,0.011436,0.3047
4306000,1927.466833,3523,236,0.009839,0.3438
4308000,1943.791728,3520,234,0.008805,0.2969
4310000,1951.531999,3513,241,0.010504,0.2578
4312000,1957.153209,3521,239,0.009790,0.3047
4314000,1962.642931,3492,262,0.011202,0.3359
4316000,1958.938113,3492,246,0.011659,0.3281
4318000,1920.998697,3489,245,0.012811,0.2734
4320000,1921.078519,3526,226,0.011971,0.3047
4322000,1900.439265,3525,235,0.013541,0.2812
4324000,1905.721987,3500,235,0.010655,0.3750
4326000,1920.772808,3535,210,0.011037,0.3594
4328000,1910.023743,3512,234,0.012141,0.3359
4330000,1921.554706,3528,235,0.012926,0.3047
4332000,1912.893889,3521,247,0.009480,0.2891
4334000,1908.411172,3515,243,0.010088,0.3047
4336000,1925.728974,3511,228,0.008232,0.3281
4338000,1906.587429,3476,240,0.008889,0.2734
4340000,1928.671035,3531,242,0.005330,0.3828
4342000,1933.350983,3513,256,0.004192,0.2969
4344000,1928.916848,3538,244,0.003272,0.3750
4346000,1941.291222,3541,238,0.002801,0.3359
4348000,1945.335035,3539,232,0.003454,0.2266
4350000,1951.968369,3536,209,0.004972,0.3125
4352000,1959.482563,3553,205,0.004156,0.3516
4354000,1957.344231,3561,208,0.004536,0.3125
4356000,1967.507384,3534,209,0.004699,0.3047
4358000,1959.347819,3518,236,0.008314,0.3359
4360000,1965.165589,3526,223,0.008104,0.2812
4362000,1975.402060,3549,227,0.007423,0.2344
4364000,1977.865623,3548,210,0.008466,0.2266
4366000,1980.559111,3517,236,0.008877,0.3672
4368000,1976.473552,3516,223,0.008511,0.2734
4370000,1970.741255,3528,222,0.007434,0.2656
4372000,1989.207938,3527,212,0.009920,0.2969
4374000,1991.445831,3507,243,0.008253,0.3359
4376000,2006.018696,3525,246,0.006577,0.2891
4378000,2011.829967,3516,229,0.009558,0.3203
4380000,2018.080778,3516,234,0.010216,0.3828
4382000,2003.443304,3514,240,0.012033,0.2969
4384000,2001.614558,3552,232,0.010545,0.3203
4386000,1964.611560,3538,230,0.004581,0.3672
4388000,1975.687092,3541,230,0.004153,0.2891
4390000,1948.875206,3542,249,0.004141,0.2969
4392000,1938.392805,3528,246,0.004747,0.3516
4394000,1941.210722,3519,251,0.004691,0.2734
4396000,1937.143970,3536,237,0.003373,0.3203
4398000,1955.380199,3523,245,0.003331,0.2656
4400000,1949.161086,3518,239,0.003378,0.3750
4402000,1936.548713,3483,244,0.003000,0.3047
4404000,1935.668026,3477,253,0.003761,0.3516
4406000,1935.962563,3484,250,0.002293,0.2422
4408000,1934.539302,3528,244,0.004116,0.2891
4410000,1922.769099,3534,238,0.003129,0.3125
4412000,1921.767633,3531,237,0.001847,0.3672
4414000,1921.426783,3528,237,0.001651,0.2734
4416000,1943.163201,3531,238,0.000532,0.2344
4418000,1933.890764,3538,220,0.000958,0.3359
4420000,1915.930516,3537,210,0.000836,0.3281
4422000,1911.231377,3555,195,0.000858,0.2422
4424000,1920.251002,3568,215,0.006887,0.2891
4426000,1930.139427,3552,202,0.008606,0.2656
4428000,1929.718828,3553,210,0.007629,0.2891
4430000,1936.814748,3575,190,0.007882,0.3281
4432000,1952.596373,3568,200,0.008103,0.2031
4434000,1945.034359,3551,219,0.008910,0.4141
4436000,1954.328057,3552,221,0.004714,0.3203
4438000,1961.973379,3539,216,0.005988,0.3281
4440000,1918.976508,3529,228,0.005269,0.2656
4442000,1908.246791,3550,228,0.006556,0.2656
4444000,1905.618097,3539,251,0.006443,0.3281
4446000,1903.906736,3547,237,0.004367,0.2734
4448000,1893.253274,3578,213,0.005451,0.2734
4450000,1890.052723,3575,213,0.006131,0.3047
4452000,1889.395503,3566,233,0.007343,0.2891
4454000,1882.606475,3515,238,0.006502,0.2812
4456000,1884.297188,3530,233,0.006079,0.3672
4458000,1878.788884,3542,227,0.005895,0.2656
4460000,1880.178645,3498,212,0.006646,0.3047
4462000,1893.469022,3510,212,0.008250,0.3438
4464000,1891.191797,3522,202,0.008000,0.2578
4466000,1901.224039,3531,203,0.008635,0.2891
4468000,1894.540797,3505,216,0.007796,0.2969
4470000,1884.585245,3520,227,0.007809,0.3281
4472000,1894.437474,3506,242,0.008015,0.2109
4474000,1896.464088,3517,225,0.009175,0.2656
4476000,1895.188163,3524,232,0.008510,0.2969
4478000,1888.639133,3551,189,0.007462,0.2656
4480000,1891.211556,3537,202,0.006997,0.3125
4482000,1908.498786,3549,208,0.005643,0.2422
4484000,1924.151335,3524,210,0.005254,0.2578
4486000,1920.669313,3496,213,0.004546,0.3203
4488000,1920.895468,3511,213,0.004899,0.3047
4490000,1928.364585,3502,218,0.006987,0.3125
4492000,1922.760584,3487,219,0.007501,0.2578
4494000,1936.018638,3475,233,0.007318,0.2734
4496000,1937.353050,3483,238,0.006994,0.3281
4498000,1939.604440,3453,248,0.006445,0.2969
4500000,1932.961556,3455,266,0.005241,0.3828
4502000,1928.651270,3487,258,0.005585,0.3125
4504000,1940.080831,3485,225,0.005539,0.3047
4506000,1940.709171,3477,239,0.004765,0.2578
4508000,1931.368906,3479,248,0.006448,0.2656
4510000,1939.117268,3477,259,0.006547,0.3203
4512000,1930.709139,3484,262,0.005284,0.2734
4514000,1923.537439,3509,239,0.006279,0.2812
4516000,1913.775038,3513,210,0.005006,0.3359
4518000,1864.099014,3540,212,0.006159,0.2969
4520000,1880.602912,3528,214,0.010404,0.3047
4522000,1889.005142,3554,199,0.009154,0.2891
4524000,1886.902978,3538,216,0.007355,0.2812
4526000,1885.731132,3519,232,0.009166,0.2891
4528000,1892.769833,3544,238,0.011202,0.3203
4530000,1885.570603,3552,229,0.010721,0.2812
4532000,1892.063365,3533,241,0.009206,0.2656
4534000,1878.561700,3550,208,0.009487,0.2812
4536000,1866.648873,3564,218,0.008100,0.3672
4538000,1850.580796,3543,228,0.007283,0.2812
4540000,1858.377627,3557,227,0.008437,0.2891
4542000,1854.184146,3574,223,0.009779,0.2500
4544000,1863.133307,3570,234,0.010993,0.3594
4546000,1859.947855,3570,240,0.009473,0.3359
4548000,1876.769426,3560,247,0.010761,0.3203
4550000,1882.347056,3550,262,0.011282,0.3359
4552000,1874.663632,3573,249,0.012544,0.3203
4554000,1873.099940,3586,228,0.012542,0.3047
4556000,1877.201704,3580,234,0.016184,0.2891
4558000,1873.726458,3570,221,0.013696,0.3281
4560000,1879.845564,3592,247,0.011926,0.2891
4562000,1886.789913,3560,248,0.010813,0.3203
4564000,1890.344130,3581,227,0.009516,0.3047
4566000,1873.489089,3568,240,0.008656,0.2344
4568000,1856.649575,3552,237,0.008797,0.3594
4570000,1871.799314,3554,236,0.010188,0.2344
4572000,1876.782335,3572,210,0.011457,0.3438
4574000,1897.738603,3566,226,0.008614,0.2656
4576000,1899.770525,3564,223,0.009207,0.2891
4578000,1919.672852,3563,228,0.006206,0.3438
4580000,1920.127652,3558,225,0.006763,0.3125
4582000,1924.719539,3543,227,0.007291,0.2656
4584000,1931.203340,3548,242,0.007549,0.3438
4586000,1919.311089,3559,231,0.006308,0.3125
4588000,1912.800850,3548,211,0.006123,0.2969
4590000,1903.417904,3576,206,0.008750,0.2812
4592000,1927.298895,3563,223,0.005318,0.2500
4594000,1925.921794,3550,236,0.004084,0.3359
4596000,1950.875049,3554,243,0.003930,0.3203
4598000,1947.658940,3538,235,0.004249,0.2812
4600000,1946.191991,3532,242,0.006192,0.2734
4602000,1949.537776,3528,238,0.007381,0.2422
4604000,1931.084739,3500,253,0.007920,0.3359
4606000,1944.064062,3508,261,0.008075,0.3203
4608000,1939.086026,3502,242,0.005415,0.2891
4610000,1922.090119,3527,216,0.006455,0.2656
4612000,1923.976398,3523,223,0.007803,0.2812
4614000,1939.513290,3542,221,0.007915,0.2812
4616000,1943.496343,3510,225,0.007879,0.2422
4618000,1949.269473,3526,212,0.006807,0.3047
4620000,1960.051088,3522,218,0.007231,0.3438
4622000,1963.169379,3501,227,0.008318,0.3281
4624000,1981.908313,3503,230,0.009024,0.2891
4626000,1986.053621,3522,238,0.008149,0.2812
4628000,1965.287278,3521,229,0.006542,0.2656
4630000,1956.221746,3534,238,0.005527,0.2656
4632000,1943.357026,3560,229,0.005546,0.2812
4634000,1946.750913,3555,229,0.004615,0.2812
4636000,1945.996078,3571,209,0.006263,0.3125
4638000,1946.129216,3540,228,0.006329,0.1953
4640000,1951.429239,3542,207,0.007274,0.2344
4642000,1924.537109,3549,194,0.004600,0.2578
4644000,1920.187835,3555,205,0.006380,0.2812
4646000,1919.363590,3561,195,0.006259,0.3828
4648000,1937.520531,3562,207,0.006152,0.2266
4650000,1951.419831,3559,208,0.003581,0.3125
4652000,1956.196943,3570,217,0.003205,0.3203
4654000,1940.955283,3570,224,0.001948,0.3828
4656000,1946.874979,3581,230,0.001446,0.3281
4658000,1961.924362,3587,209,0.001547,0.3281
4660000,1957.456667,3578,236,0.002464,0.2969
4662000,1955.048354,3565,231,0.004055,0.3281
4664000,1959.909335,3553,250,0.002647,0.2656
4666000,1950.672570,3513,239,0.002236,0.2500
4668000,1953.740825,3544,226,0.002574,0.3125
4670000,1936.028468,3544,226,0.002820,0.3047
4672000,1923.113834,3542,219,0.004226,0.2891
4674000,1916.357664,3554,227,0.004858,0.3516
4676000,1931.671654,3584,220,0.005450,0.2891
4678000,1935.268221,3577,228,0.004989,0.3203
4680000,1942.492083,3556,234,0.008297,0.3438
4682000,1951.471396,3548,236,0.008653,0.2969
4684000,1989.154801,3550,219,0.004653,0.2578
4686000,1981.602991,3542,222,0.002926,0.3281
4688000,1978.636424,3546,224,0.002952,0.2266
4690000,1989.287359,3561,221,0.005130,0.2969
4692000,1968.184381,3558,211,0.006277,0.2812
4694000,1973.802801,3559,221,0.005009,0.3359
4696000,1974.430265,3577,216,0.005791,0.3828
4698000,1998.646184,3573,217,0.004292,0.2812
4700000,2002.564644,3544,228,0.004400,0.3125
4702000,1984.497904,3517,235,0.006928,0.3672
4704000,1988.605548,3525,229,0.006811,0.3203
4706000,1944.766090,3523,233,0.002269,0.2891
4708000,1930.129572,3511,238,0.001348,0.2812
4710000,1919.896125,3532,225,0.001840,0.3516
4712000,1945.162452,3520,228,0.000354,0.3047
4714000,1954.605229,3501,240,0.000379,0.2578
4716000,1994.189931,3504,236,0.006373,0.2812
4718000,1985.387758,3520,228,0.006796,0.2969
4720000,1994.538125,3517,218,0.006568,0.2656
4722000,2015.137859,3500,221,0.004050,0.2891
4724000,2027.200264,3537,207,0.005415,0.3672
4726000,2016.632698,3541,224,0.005930,0.3047
4728000,2010.931704,3550,229,0.006742,0.2656
4730000,2010.777379,3541,223,0.008069,0.2734
4732000,2010.410298,3515,218,0.010254,0.3281
4734000,2008.905227,3521,211,0.009412,0.2500
4736000,1999.855555,3539,223,0.008086,0.3047
4738000,1982.260344,3535,236,0.010043,0.2812
4740000,1974.782343,3526,243,0.009021,0.2891
4742000,1961.148320,3514,264,0.008632,0.2500
4744000,1956.643112,3501,275,0.006158,0.2422
4746000,1969.343108,3538,229,0.006227,0.3047
4748000,2000.869731,3536,228,0.008664,0.3750
4750000,1986.457988,3568,212,0.008438,0.2578
4752000,1995.356133,3530,235,0.007331,0.2578
4754000,2004.920439,3529,240,0.008314,0.2969
4756000,2011.303566,3515,248,0.008090,0.2812
4758000,2007.838138,3513,235,0.006474,0.2344
4760000,2014.191995,3499,243,0.007589,0.2656
4762000,2010.394964,3480,244,0.006621,0.2656
4764000,2015.196083,3481,252,0.004674,0.3906
4766000,2021.661376,3472,255,0.004861,0.3047
4768000,2026.409328,3501,232,0.003877,0.2812
4770000,1997.794886,3527,221,0.002635,0.2812
4772000,1995.639324,3519,235,0.002441,0.2891
4774000,2012.079055,3509,235,0.002234,0.2969
4776000,2024.219925,3551,232,0.002800,0.3438
4778000,1982.710264,3537,226,0.002317,0.3125
4780000,1981.067679,3528,243,0.002179,0.3281
4782000,1986.621893,3528,235,0.003622,0.3281
4784000,1968.934442,3536,231,0.004047,0.3516
4786000,1956.323937,3526,227,0.004683,0.2969
4788000,1969.508830,3514,225,0.004823,0.3125
4790000,1983.970181,3535,227,0.006453,0.2500
4792000,1975.688868,3541,220,0.006192,0.2891
4794000,1994.753661,3542,217,0.003072,0.3672
4796000,2031.553855,3531,217,0.002448,0.3906
4798000,2022.499978,3529,209,0.002982,0.3359
4800000,2014.010865,3560,215,0.002431,0.2969
4802000,2004.173517,3575,211,0.002396,0.2969
4804000,1934.318649,3555,211,0.006770,0.3125
4806000,1928.486291,3550,200,0.007315,0.2969
4808000,1926.560887,3528,224,0.006681,0.3125
4810000,1933.972721,3541,221,0.007110,0.2969
4812000,1940.981722,3551,210,0.005996,0.2734
4814000,1926.422606,3551,209,0.004989,0.2656
4816000,1947.957721,3566,205,0.002010,0.2891
4818000,1965.046419,3592,200,0.001396,0.3125
4820000,1955.078723,3559,225,0.001104,0.3203
4822000,1932.242181,3579,205,0.001696,0.2422
4824000,1935.100051,3565,217,0.001996,0.3047
4826000,1930.194273,3551,225,0.001526,0.2969
4828000,1924.062551,3566,214,0.001664,0.2656
4830000,1929.275177,3569,221,0.002118,0.2500
4832000,1935.796763,3541,223,0.002502,0.3438
4834000,1934.025109,3567,225,0.003234,0.2969
4836000,1946.244187,3593,208,0.001865,0.3672
4838000,1934.691993,3580,205,0.003808,0.2500
4840000,1924.363657,3540,223,0.002597,0.3281
4842000,1943.814190,3527,233,0.003514,0.2969
4844000,1935.403736,3549,229,0.002578,0.2812
4846000,1942.857987,3530,233,0.004320,0.3203
4848000,1962.240785,3536,228,0.005956,0.3984
4850000,1948.389669,3559,233,0.005048,0.2969
4852000,1962.308273,3543,231,0.006261,0.3125
4854000,1973.879536,3546,249,0.001170,0.2578
4856000,1952.323142,3516,244,0.001121,0.2891
4858000,1962.036280,3520,252,0.001800,0.3047
4860000,1957.622554,3520,239,0.002060,0.2578
4862000,1951.808391,3523,226,0.002099,0.3672
4864000,1935.654777,3534,229,0.000462,0.3125
4866000,1938.816714,3545,225,0.000633,0.3047
4868000,1936.389074,3524,224,0.000560,0.2969
4870000,1944.358083,3536,224,0.000367,0.3281
4872000,1928.504199,3521,218,0.000756,0.2578
4874000,1950.764564,3494,239,0.001050,0.3203
4876000,1957.859303,3513,228,0.001810,0.3281
4878000,1930.974979,3512,240,0.002518,0.2344
4880000,1917.580478,3532,238,0.001991,0.2109
4882000,1914.886240,3511,247,0.002702,0.2734
4884000,1907.290544,3512,235,0.004247,0.3203
4886000,1899.601733,3497,251,0.003036,0.3047
4888000,1893.651024,3514,230,0.004270,0.3203
4890000,1893.542297,3523,233,0.003867,0.3516
4892000,1890.846626,3525,221,0.006786,0.2969
4894000,1876.352004,3550,242,0.007995,0.2188
4896000,1894.522005,3509,262,0.007754,0.2656
4898000,1901.787906,3531,247,0.006737,0.2812
4900000,1914.579234,3521,251,0.007292,0.3047
4902000,1930.600651,3510,242,0.007330,0.2891
4904000,1906.995676,3515,227,0.006669,0.3047
4906000,1907.912704,3542,205,0.005471,0.2969
4908000,1905.521770,3550,201,0.003659,0.3203
4910000,1913.338844,3541,241,0.003796,0.3203
4912000,1901.608706,3535,251,0.003440,0.3750
4914000,1891.217397,3536,245,0.003273,0.3516
4916000,1891.718305,3560,231,0.003306,0.2812
4918000,1919.658485,3558,226,0.005251,0.2969
4920000,1932.932000,3552,219,0.006783,0.3125
4922000,1930.861937,3546,236,0.007031,0.2500
4924000,1948.546057,3544,225,0.011451,0.2891
4926000,1949.233218,3538,229,0.011483,0.3203
4928000,1957.159927,3571,210,0.007738,0.2422
4930000,1945.426431,3558,242,0.006686,0.3203
4932000,1952.282739,3531,229,0.009901,0.3828
4934000,1942.087034,3514,240,0.009323,0.3203
4936000,1890.834548,3508,235,0.018358,0.3516
4938000,1877.708261,3502,244,0.018535,0.3359
4940000,1867.645802,3516,221,0.016496,0.3047
4942000,1875.431722,3503,231,0.018758,0.2734
4944000,1865.487521,3482,252,0.016481,0.3438
4946000,1868.359039,3492,248,0.016461,0.3203
4948000,1892.285452,3510,250,0.016352,0.2812
4950000,1895.528510,3540,249,0.017700,0.2656
4952000,1895.504171,3538,229,0.015515,0.2656
4954000,1913.523358,3533,241,0.015565,0.3594
4956000,1911.014563,3562,220,0.013964,0.2891
4958000,1929.510448,3566,224,0.016243,0.2188
4960000,1937.080626,3580,219,0.017313,0.2344
4962000,1931.178494,3556,217,0.017883,0.3047
4964000,1931.584423,3548,210,0.018929,0.2734
4966000,1897.436084,3558,206,0.018511,0.3047
4968000,1905.377618,3568,201,0.019020,0.2891
4970000,1906.903283,3545,214,0.019865,0.3516
4972000,1926.292893,3532,226,0.020537,0.3438
4974000,1926.618067,3507,244,0.019758,0.2344
4976000,1922.039338,3510,225,0.025308,0.3047
4978000,1928.116052,3488,218,0.024217,0.2734
4980000,1937.213260,3532,235,0.028056,0.2500
4982000,1930.646427,3500,243,0.028890,0.3203
4984000,1919.958786,3504,234,0.028546,0.3438
4986000,1943.049451,3496,249,0.026805,0.2969
4988000,1932.011998,3527,244,0.028024,0.2969
4990000,1900.224973,3519,249,0.026973,0.2969
4992000,1909.470375,3504,251,0.028832,0.2734
4994000,1913.848325,3520,227,0.026321,0.3516
4996000,1906.299331,3514,214,0.026708,0.3359
4998000,1904.287127,3520,215,0.025348,0.2969
5000000,1912.213956,3511,225,0.024298,0.3359
5002000,1922.158513,3523,212,0.016449,0.2734
5004000,1928.579183,3493,231,0.016767,0.2969
5006000,1916.709128,3500,221,0.016765,0.2891
5008000,1929.126919,3501,235,0.017236,0.3750
5010000,1919.856202,3516,239,0.019714,0.2891
5012000,1922.271700,3532,230,0.020528,0.3438
5014000,1908.933908,3535,226,0.017353,0.2422
5016000,1926.429053,3514,233,0.014318,0.2656
5018000,1915.703003,3519,232,0.012203,0.3438
5020000,1920.419304,3531,210,0.010112,0.2891
5022000,1913.610231,3533,225,0.009223,0.3125
5024000,1918.308742,3543,223,0.009526,0.2578
5026000,1932.541305,3576,210,0.012005,0.2266
5028000,1925.297197,3586,219,0.012473,0.2266
5030000,1938.840602,3579,237,0.013170,0.3984
5032000,1934.980137,3552,252,0.012391,0.3125
5034000,1930.855746,3555,240,0.012820,0.3203
5036000,1916.475284,3591,223,0.012126,0.2969
5038000,1915.371742,3578,218,0.011834,0.3516
5040000,1926.164444,3576,216,0.012761,0.3047
5042000,1926.961452,3559,211,0.012854,0.2578
5044000,1925.027628,3559,230,0.014885,0.2500
5046000,1929.650986,3566,219,0.013970,0.2969
5048000,1929.800239,3541,215,0.014280,0.2656
5050000,1938.974113,3552,215,0.012390,0.3047
5052000,1939.661672,3568,204,0.013243,0.2734
5054000,1952.473897,3560,207,0.012737,0.2422
5056000,1957.742177,3528,233,0.012013,0.2656
5058000,1935.548325,3521,215,0.012388,0.2734
5060000,1955.317550,3551,204,0.012094,0.2656
5062000,1972.010464,3571,210,0.009050,0.2734
5064000,1971.626069,3564,205,0.009500,0.3125
5066000,1976.825292,3569,219,0.008645,0.3047
5068000,1953.487439,3542,223,0.010154,0.2969
5070000,1968.565964,3570,234,0.012570,0.2109
5072000,1960.760714,3568,225,0.009296,0.3047
5074000,1973.579909,3569,227,0.008134,0.3438
5076000,1990.747059,3552,222,0.005670,0.3047
5078000,1991.894315,3536,234,0.004837,0.3828
5080000,1986.900608,3551,220,0.004572,0.2578
5082000,1983.134436,3560,212,0.004499,0.3203
5084000,1972.049452,3555,225,0.004638,0.2500
5086000,1966.126031,3551,228,0.004497,0.3281
5088000,1966.758755,3565,227,0.004800,0.2734
5090000,1976.147820,3543,218,0.005625,0.3203
5092000,1982.547120,3549,225,0.006157,0.3516
5094000,1988.848556,3550,220,0.007349,0.2500
5096000,1994.818342,3550,228,0.006265,0.2266
5098000,1994.448893,3567,220,0.006037,0.2656
5100000,1996.015486,3565,241,0.007107,0.2969
5102000,1973.871433,3558,244,0.007810,0.3047
5104000,1973.510119,3554,229,0.007721,0.2422
5106000,2000.026356,3550,228,0.006536,0.3359
5108000,2001.854316,3573,230,0.006719,0.2734
5110000,1997.103486,3561,220,0.005472,0.2891
5112000,1992.139398,3565,233,0.004459,0.2891
5114000,1982.992596,3586,195,0.005240,0.2812
5116000,1997.286347,3579,213,0.006768,0.2266
5118000,1997.889711,3587,211,0.007170,0.3047
5120000,1998.680796,3563,215,0.008707,0.2812
5122000,1980.442498,3570,213,0.008336,0.2812
5124000,1976.906368,3554,239,0.008114,0.2969
5126000,1970.262450,3557,229,0.006608,0.3906
5128000,1971.822555,3574,220,0.005263,0.3047
5130000,1974.294936,3562,221,0.004324,0.2969
5132000,1978.556043,3534,245,0.004871,0.3359
5134000,1984.088434,3530,245,0.004225,0.2812
5136000,2014.711446,3537,227,0.019631,0.3281
5138000,2015.822460,3549,203,0.020131,0.2891
5140000,2015.810556,3564,210,0.020670,0.3359
5142000,2006.377416,3572,212,0.033828,0.2656
5144000,1997.753169,3571,206,0.041253,0.2891
5146000,1993.558143,3551,235,0.044779,0.2578
5148000,2001.016182,3591,209,0.039295,0.2734
5150000,1997.712464,3573,220,0.034830,0.2266
5152000,2001.741206,3582,210,0.034808,0.3359
5154000,2012.983660,3535,224,0.030606,0.2656
5156000,2006.766136,3552,214,0.030092,0.3047
5158000,2041.329526,3557,221,0.032336,0.2422
5160000,2043.953309,3548,237,0.032614,0.2266
5162000,2051.991274,3547,225,0.033297,0.2266
5164000,2059.350906,3558,214,0.037705,0.3203
5166000,2078.861746,3553,209,0.039733,0.2734
5168000,2068.227629,3567,227,0.037209,0.3047
5170000,2051.227775,3576,221,0.034772,0.3281
5172000,2068.172038,3563,235,0.036252,0.2891
5174000,2054.978992,3547,231,0.034101,0.2734
5176000,2031.666313,3571,225,0.027820,0.2500
5178000,2030.045570,3541,245,0.026900,0.3281
5180000,2014.412513,3531,237,0.024171,0.3281
5182000,2014.859764,3537,242,0.024781,0.2969
5184000,2011.292377,3543,242,0.027285,0.3047
5186000,1996.833778,3530,242,0.029452,0.3359
5188000,2009.858258,3539,230,0.013504,0.3594
5190000,2010.716796,3529,241,0.037616,0.2891
5192000,2001.873959,3526,240,0.033684,0.2891
5194000,2005.145837,3530,237,0.035077,0.2891
5196000,1977.065972,3523,240,0.029655,0.3438
5198000,1995.455365,3529,234,0.030203,0.2734
5200000,1994.673237,3536,245,0.028715,0.3516
5202000,2017.007353,3515,246,0.029790,0.4062
5204000,2019.373290,3526,242,0.025582,0.3281
5206000,2010.982028,3521,229,0.021566,0.3047
5208000,2016.180318,3501,246,0.020866,0.3047
5210000,2018.590231,3506,227,0.021652,0.3125
5212000,2006.357592,3498,232,0.020073,0.3047
5214000,1999.565776,3510,237,0.023228,0.3750
5216000,2032.169314,3505,224,0.045671,0.3516
5218000,2042.772513,3527,221,0.048390,0.3906
5220000,2029.023924,3536,218,0.050427,0.3516
5222000,2027.338277,3532,212,0.051442,0.2734
5224000,2049.990723,3558,190,0.050906,0.2344
5226000,2037.796268,3591,197,0.052814,0.3359
5228000,2050.132300,3574,202,0.056113,0.2344
5230000,2043.616591,3559,209,0.054761,0.2656
5232000,2051.606143,3555,207,0.055906,0.2578
5234000,2034.185368,3541,219,0.050723,0.3125
5236000,2061.035791,3512,243,0.048229,0.2500
5238000,2062.851373,3503,263,0.045077,0.3125
5240000,2022.900921,3525,273,0.049494,0.3047
5242000,2005.589749,3512,244,0.051814,0.2969
5244000,1959.349542,3540,228,0.021185,0.3047
5246000,1973.068937,3539,232,0.019370,0.1875
5248000,1956.691346,3535,225,0.026488,0.2578
5250000,1952.031903,3525,236,0.026435,0.2422
5252000,1974.092399,3526,239,0.028500,0.3047
5254000,1949.370590,3516,243,0.025542,0.2734
5256000,1937.186520,3504,249,0.025072,0.3828
5258000,1941.074389,3506,233,0.025673,0.2891
5260000,1945.686421,3533,221,0.022108,0.1641
5262000,1937.389764,3555,218,0.020528,0.3125
5264000,1919.399330,3545,233,0.020493,0.2812
5266000,1927.686838,3560,209,0.022358,0.2969
5268000,1939.113363,3562,206,0.026788,0.3047
5270000,1938.644416,3565,210,0.027191,0.2578
5272000,1926.104437,3573,208,0.022272,0.2891
5274000,1937.959573,3560,219,0.022962,0.3047
5276000,1927.925754,3567,198,0.022743,0.3359
5278000,1919.111783,3545,222,0.020735,0.2734
5280000,1951.774574,3571,209,0.026032,0.2734
5282000,1955.142611,3566,201,0.027064,0.2812
5284000,1964.619653,3584,204,0.030600,0.2422
5286000,1965.649994,3563,209,0.026260,0.3125
5288000,1928.370221,3584,218,0.019609,0.3359
5290000,1944.446173,3553,220,0.019990,0.3438
5292000,1948.851764,3536,232,0.018865,0.2578
5294000,1954.109822,3547,242,0.017963,0.3281
5296000,1980.485906,3544,241,0.025317,0.3125
5298000,2006.758232,3577,222,0.025337,0.2734
5300000,1984.599164,3553,230,0.023198,0.2344
5302000,1989.814888,3543,231,0.023897,0.2969
5304000,1995.293697,3533,229,0.022517,0.3125
5306000,1996.575653,3537,223,0.021925,0.3125
5308000,2007.709200,3522,240,0.021895,0.2891
5310000,1993.930310,3541,233,0.017913,0.3359
5312000,2000.383114,3531,244,0.015270,0.3125
5314000,2025.071026,3534,222,0.017954,0.2500
5316000,2024.539813,3555,211,0.016717,0.3359
5318000,2028.078319,3548,220,0.019763,0.3359
5320000,2034.922079,3599,201,0.021520,0.2969
5322000,2041.465151,3585,218,0.021511,0.2656
5324000,2042.141166,3577,226,0.019242,0.2734
5326000,2023.516053,3579,230,0.013995,0.2188
5328000,2020.556590,3559,238,0.014129,0.2734
5330000,2026.862531,3594,208,0.016610,0.2578
5332000,2037.721014,3600,205,0.013169,0.2109
5334000,2044.817180,3594,226,0.012532,0.3047
5336000,2035.792728,3572,214,0.014212,0.2266
5338000,2026.157055,3581,219,0.018071,0.2656
5340000,1987.940775,3594,218,0.018282,0.3516
5342000,1987.531604,3618,206,0.017370,0.3516
5344000,1983.626948,3592,204,0.020684,0.2734
5346000,1980.278629,3623,183,0.021105,0.2656
5348000,1961.823605,3609,208,0.005124,0.2500
5350000,1948.911473,3601,207,0.005485,0.3203
5352000,1912.533813,3585,233,0.009827,0.2891
5354000,1907.394160,3605,218,0.010643,0.3594
5356000,1899.150277,3604,210,0.005643,0.3125
5358000,1894.260944,3595,199,0.004518,0.3047
5360000,1905.237568,3574,216,0.004747,0.3594
5362000,1900.408069,3597,202,0.004411,0.3281
5364000,1900.099850,3578,218,0.004229,0.2656
5366000,1879.140096,3570,224,0.004290,0.2734
5368000,1896.736074,3580,221,0.005347,0.2891
5370000,1908.408523,3611,219,0.004633,0.3281
5372000,1916.194978,3611,227,0.004077,0.3281
5374000,1917.549575,3580,231,0.003747,0.3438
5376000,1904.863451,3616,206,0.004439,0.1875
5378000,1928.028921,3620,188,0.016120,0.2969
5380000,1917.713083,3618,183,0.014731,0.2344
5382000,1925.318638,3614,193,0.006895,0.2891
5384000,1925.308729,3604,193,0.006834,0.2969
5386000,1932.231173,3607,191,0.004913,0.3281
5388000,1945.055642,3566,212,0.005315,0.3359
5390000,1963.977701,3561,230,0.006548,0.3047
5392000,1942.388665,3538,245,0.005264,0.2734
5394000,1946.021578,3551,257,0.006004,0.3203
5396000,1943.904930,3558,243,0.006873,0.2969
5398000,1917.461862,3560,233,0.006977,0.2578
5400000,1939.635486,3557,242,0.008867,0.3516
5402000,1929.035695,3583,242,0.008051,0.3594
5404000,1916.296496,3560,242,0.007423,0.2969
5406000,1904.352953,3553,249,0.007744,0.3281
5408000,1912.763226,3554,246,0.006817,0.2578
5410000,1931.183904,3567,236,0.004452,0.2656
5412000,1933.792800,3569,213,0.006630,0.3516
5414000,1985.377811,3554,228,0.005882,0.3906
5416000,1994.265541,3535,245,0.004770,0.2891
5418000,1994.377727,3567,232,0.004821,0.2734
5420000,2001.431071,3552,227,0.004123,0.2969
5422000,2011.621394,3537,220,0.003590,0.2734
5424000,2021.695984,3553,218,0.004038,0.3438
5426000,2017.174830,3549,239,0.003794,0.3125
5428000,2024.621394,3575,230,0.003004,0.2969
5430000,2028.794603,3584,219,0.002251,0.2344
5432000,2065.901150,3608,205,0.002941,0.2500
5434000,2061.784031,3609,213,0.003267,0.2891
5436000,2062.398268,3582,238,0.004468,0.3281
5438000,2053.682300,3541,245,0.005540,0.3125
5440000,2070.669735,3544,229,0.007197,0.2812
5442000,2018.212391,3546,232,0.010407,0.3047
5444000,2000.182554,3568,220,0.009405,0.2656
5446000,2019.708815,3571,207,0.007545,0.2656
5448000,2030.245431,3570,224,0.007516,0.3281
5450000,2021.870484,3537,227,0.008462,0.2578
5452000,2009.212575,3563,221,0.007889,0.3984
5454000,1999.081522,3545,227,0.006837,0.2891
5456000,2004.116103,3554,214,0.005486,0.2891
5458000,2014.593763,3543,241,0.005334,0.3594
5460000,1996.350939,3550,237,0.004950,0.2266
5462000,1996.093554,3540,249,0.003930,0.3359
5464000,1983.300187,3539,246,0.005608,0.2891
5466000,1985.695782,3530,228,0.005878,0.3594
5468000,1987.741416,3508,237,0.007309,0.3125
5470000,2000.827572,3498,257,0.007998,0.4062
5472000,2003.733181,3552,215,0.008206,0.2969
5474000,1995.513847,3549,209,0.005919,0.3438
5476000,1991.026575,3545,206,0.006741,0.2344
5478000,1987.182101,3562,211,0.002590,0.2891
5480000,1996.518090,3551,214,0.002449,0.3203
5482000,1979.316419,3544,219,0.004018,0.3281
5484000,1975.703672,3550,230,0.005055,0.2969
5486000,1992.280314,3523,229,0.004547,0.2422
5488000,1992.580531,3522,231,0.004673,0.3125
5490000,1970.466856,3503,222,0.008129,0.2812
5492000,1961.672044,3531,224,0.009322,0.2969
5494000,1917.136320,3539,221,0.008675,0.3359
5496000,1911.797368,3540,224,0.008056,0.4453
5498000,1917.773639,3546,215,0.009292,0.2656
5500000,1909.832087,3532,231,0.010653,0.2812
5502000,1908.646119,3541,231,0.010574,0.2891
5504000,1876.293482,3546,220,0.010299,0.2891
5506000,1897.397674,3547,222,0.009944,0.2500
5508000,1900.332895,3540,238,0.007738,0.3125
5510000,1876.125973,3561,221,0.007982,0.3047
5512000,1876.158329,3555,207,0.009924,0.2500
5514000,1883.733719,3540,234,0.009965,0.3594
5516000,1896.991692,3530,222,0.009456,0.3125
5518000,1909.191616,3528,230,0.008609,0.3203
5520000,1899.476341,3549,215,0.007362,0.3047
5522000,1898.087495,3563,202,0.008724,0.2109
5524000,1896.330506,3599,186,0.008254,0.2812
5526000,1871.989419,3609,197,0.005457,0.3203
5528000,1872.908432,3593,206,0.005853,0.2734
5530000,1878.124643,3581,211,0.005575,0.2578
5532000,1896.207171,3588,215,0.012902,0.3281
5534000,1899.133917,3594,222,0.013742,0.2812
5536000,1876.394389,3590,213,0.013766,0.2891
5538000,1939.526250,3598,188,0.013335,0.2500
5540000,1934.262728,3600,196,0.013722,0.2734
5542000,1935.041331,3608,193,0.012537,0.2266
5544000,1937.186757,3605,204,0.014966,0.2656
5546000,1934.630565,3594,220,0.015197,0.2812
5548000,1931.604174,3590,240,0.020086,0.3438
5550000,1934.860362,3575,229,0.016651,0.3750
5552000,1932.922933,3550,234,0.016421,0.3125
5554000,1926.974044,3563,228,0.015041,0.3281
5556000,1904.943065,3564,240,0.015476,0.3125
5558000,1944.105529,3569,223,0.013523,0.2656
5560000,1958.955623,3566,214,0.012809,0.2656
5562000,1967.658435,3566,217,0.012513,0.2422
5564000,1977.534051,3561,219,0.010296,0.3047
5566000,1959.062154,3568,223,0.010673,0.2734
5568000,1955.259929,3550,217,0.009838,0.2891
5570000,1934.470477,3532,215,0.010095,0.3125
5572000,1924.445120,3551,206,0.005154,0.2344
5574000,1931.691303,3555,204,0.005373,0.2500
5576000,1927.988580,3548,231,0.006166,0.2812
5578000,1931.622846,3567,224,0.005998,0.2969
5580000,1922.071777,3557,218,0.003299,0.3516
5582000,1907.977717,3585,209,0.000532,0.2812
5584000,1915.568621,3564,217,0.000870,0.3438
5586000,1906.638630,3568,222,0.000670,0.2812
5588000,1904.756004,3583,218,0.000699,0.2734
5590000,1905.837568,3596,208,0.000416,0.3125
5592000,1901.336238,3574,222,0.000720,0.3516
5594000,1897.522856,3592,227,0.001133,0.3281
5596000,1895.344728,3578,229,0.000977,0.2812
5598000,1897.209943,3552,234,0.000968,0.3203
5600000,1906.824602,3558,236,0.000978,0.2344
5602000,1873.282497,3543,237,0.002449,0.2500
5604000,1875.205758,3534,239,0.001031,0.2891
5606000,1869.742397,3517,242,0.000960,0.2578
5608000,1856.337351,3511,231,0.001391,0.2891
5610000,1856.988235,3507,221,0.002013,0.2812
5612000,1870.603420,3525,214,0.002961,0.3047
5614000,1865.836567,3522,217,0.002493,0.2344
5616000,1856.476230,3495,227,0.002831,0.2500
5618000,1866.447865,3499,219,0.003762,0.3281
5620000,1867.429423,3507,219,0.002387,0.2422
5622000,1879.968705,3548,202,0.003125,0.2266
5624000,1889.144917,3534,209,0.003565,0.3203
5626000,1907.045313,3551,207,0.003200,0.2422
5628000,1964.605744,3563,199,0.004973,0.2812
5630000,1966.436224,3578,194,0.005474,0.2578
5632000,1914.397645,3512,226,0.005060,0.2578
5634000,1916.533333,3530,207,0.004647,0.2969
5636000,1918.633648,3532,217,0.005137,0.3047
5638000,1900.688397,3522,216,0.005954,0.3438
5640000,1903.557994,3517,234,0.004575,0.2812
5642000,1913.529027,3546,243,0.004428,0.3359
5644000,1923.660719,3559,244,0.004074,0.3281
5646000,1952.230418,3549,234,0.004891,0.3203
5648000,1944.194221,3558,233,0.003831,0.2891
5650000,1935.558072,3561,215,0.005978,0.3672
5652000,1949.610956,3560,210,0.004428,0.2578
5654000,1913.025219,3540,209,0.000710,0.2969
5656000,1921.309191,3536,210,0.000663,0.2656
5658000,1922.529496,3573,199,0.001572,0.3516
5660000,1923.160337,3556,221,0.001316,0.3359
5662000,1925.547062,3550,206,0.001939,0.3438
5664000,1941.973019,3548,192,0.001965,0.2812
5666000,1931.555977,3542,216,0.001682,0.3359
5668000,1924.081610,3509,231,0.001497,0.2969
5670000,1918.246922,3493,242,0.000788,0.3594
5672000,1916.959744,3516,247,0.001031,0.2422
5674000,1899.371879,3520,237,0.000654,0.3516
5676000,1901.984794,3513,234,0.001593,0.3516
5678000,1893.089519,3521,247,0.001560,0.3516
5680000,1920.497794,3533,247,0.001565,0.2422
5682000,1931.483832,3528,253,0.003070,0.2656
5684000,1943.130327,3543,242,0.002561,0.3125
5686000,1942.751808,3516,235,0.001122,0.3516
5688000,1941.289441,3520,220,0.001477,0.3438
5690000,1938.292831,3524,218,0.001957,0.3047
5692000,1933.510307,3546,230,0.004034,0.2344
5694000,1943.417245,3545,234,0.006819,0.1875
5696000,1927.171950,3522,236,0.007088,0.3281
5698000,1943.562802,3529,241,0.006923,0.3438
5700000,1943.063362,3519,245,0.005655,0.1953
5702000,1892.582914,3526,235,0.001110,0.3281
5704000,1901.187358,3526,233,0.001353,0.2734
5706000,1896.314389,3505,223,0.000662,0.2969
5708000,1892.178817,3510,228,0.000458,0.2891
5710000,1914.434951,3531,222,0.001208,0.2891
5712000,1910.177866,3532,230,0.001028,0.3203
5714000,1936.096275,3530,229,0.001934,0.3047
5716000,1920.507719,3536,238,0.001009,0.3125
5718000,1943.287774,3530,248,0.001269,0.2969
5720000,1919.251473,3519,254,0.000108,0.2422
5722000,1933.853637,3529,216,0.000194,0.2734
5724000,1958.126042,3501,234,0.000257,0.3125
5726000,1956.033367,3506,244,0.000658,0.3047
5728000,1948.333653,3532,248,0.000754,0.2578
5730000,1944.326352,3522,252,0.000727,0.2500
5732000,1934.343355,3529,246,0.000714,0.3281
5734000,1923.585420,3540,235,0.000867,0.3594
5736000,1922.720840,3547,218,0.000969,0.3047
5738000,1922.296842,3549,211,0.001603,0.2266
5740000,1917.077758,3536,229,0.002455,0.3750
5742000,1913.011111,3542,215,0.002919,0.2969
5744000,1917.131563,3527,235,0.003600,0.3203
5746000,1930.885295,3531,225,0.003843,0.3047
5748000,1943.376916,3527,239,0.004946,0.3047
5750000,1955.336708,3525,238,0.004597,0.2578
5752000,1944.897435,3536,238,0.004277,0.3047
5754000,1952.571614,3520,238,0.004237,0.3750
5756000,1925.845540,3527,246,0.005549,0.2344
5758000,1925.665270,3505,237,0.004401,0.3984
5760000,1925.715457,3489,256,0.000675,0.3594
5762000,1926.701577,3473,260,0.000461,0.2656
5764000,1907.196990,3530,251,0.000526,0.3203
5766000,1904.905938,3499,243,0.000952,0.3047
5768000,1891.369366,3511,225,0.001271,0.3125
5770000,1878.652738,3491,245,0.002045,0.2500
5772000,1866.270660,3442,267,0.001965,0.3828
5774000,1858.557562,3470,266,0.001636,0.3672
5776000,1885.960682,3498,245,0.002884,0.2812
5778000,1868.565963,3524,244,0.010526,0.3281
5780000,1869.899871,3540,245,0.013405,0.2500
5782000,1869.467209,3521,257,0.013620,0.3047
5784000,1873.651578,3487,266,0.012914,0.3125
5786000,1853.044445,3488,245,0.011079,0.3203
5788000,1854.257201,3476,262,0.009615,0.2734
5790000,1859.265546,3503,257,0.010231,0.2812
5792000,1843.825826,3527,242,0.011723,0.2969
5794000,1846.003215,3529,219,0.011720,0.2734
5796000,1856.677968,3547,202,0.011264,0.3828
5798000,1860.157083,3560,202,0.010054,0.2969
5800000,1834.298066,3563,215,0.011149,0.2500
5802000,1858.357237,3550,226,0.012081,0.2656
5804000,1852.149490,3536,244,0.009190,0.3672
5806000,1836.896602,3569,214,0.007286,0.2734
5808000,1844.091668,3541,221,0.007656,0.2266
5810000,1799.854741,3519,242,0.005016,0.2812
5812000,1814.202968,3509,253,0.005777,0.3516
5814000,1813.690601,3511,248,0.006826,0.2969
5816000,1816.644733,3528,240,0.006016,0.2969
5818000,1800.866251,3528,233,0.004896,0.3281
5820000,1801.415951,3555,222,0.005397,0.3203
5822000,1796.617967,3551,239,0.005871,0.2500
5824000,1796.753604,3544,212,0.006265,0.3281
5826000,1795.425500,3527,224,0.002090,0.2891
5828000,1794.842314,3503,228,0.001352,0.2500
5830000,1801.719028,3503,220,0.001986,0.3672
5832000,1810.513085,3490,230,0.002252,0.2578
5834000,1798.605181,3486,247,0.002926,0.3672
5836000,1801.024524,3521,244,0.003603,0.2969
5838000,1801.682806,3519,244,0.003167,0.3281
5840000,1817.934524,3507,250,0.003487,0.3516
5842000,1822.431528,3500,263,0.002951,0.3672
5844000,1829.685430,3541,240,0.005238,0.4609
5846000,1824.594996,3538,244,0.005643,0.2969
5848000,1844.042291,3544,237,0.004344,0.3125
5850000,1865.489714,3555,223,0.003171,0.1953
5852000,1877.679909,3573,213,0.004668,0.3203
5854000,1874.921391,3577,210,0.012059,0.3281
5856000,1887.554195,3560,241,0.013132,0.3438
5858000,1890.722369,3573,233,0.011942,0.3047
5860000,1894.985941,3557,229,0.012276,0.3281
5862000,1871.998946,3539,249,0.013367,0.3516
5864000,1864.184263,3554,228,0.010630,0.2578
5866000,1874.369046,3563,234,0.011273,0.2891
5868000,1896.602490,3527,225,0.011922,0.3047
5870000,1852.416370,3544,209,0.011666,0.2578
5872000,1849.750759,3562,197,0.012044,0.2734
5874000,1839.276286,3565,212,0.010455,0.2812
5876000,1834.377139,3580,203,0.009981,0.3359
5878000,1827.292251,3577,231,0.011061,0.2812
5880000,1827.375706,3595,210,0.011432,0.3359
5882000,1859.414024,3598,227,0.012672,0.2656
5884000,1853.530627,3564,221,0.014713,0.2891
5886000,1864.448836,3577,215,0.013438,0.2578
5888000,1864.143970,3548,212,0.014217,0.2422
5890000,1867.943201,3544,223,0.014952,0.3203
5892000,1858.792127,3550,209,0.015078,0.2734
5894000,1841.611189,3552,212,0.014356,0.3281
5896000,1849.656389,3574,207,0.013315,0.2734
5898000,1853.853916,3570,195,0.014394,0.3438
5900000,1863.688593,3574,213,0.012643,0.3438
5902000,1882.544433,3576,204,0.013225,0.2969
5904000,1887.160750,3584,197,0.013647,0.3516
5906000,1876.214633,3571,202,0.012245,0.2734
5908000,1882.996065,3587,219,0.013421,0.3594
5910000,1898.656874,3571,216,0.012803,0.2969
5912000,1885.720240,3583,222,0.010916,0.3516
5914000,1910.658117,3595,223,0.010454,0.3281
5916000,1900.122181,3573,217,0.011045,0.2812
5918000,1888.919255,3538,230,0.009849,0.3516
5920000,1904.634055,3548,230,0.010186,0.2734
5922000,1902.814168,3552,220,0.010307,0.3750
5924000,1911.070271,3534,222,0.007856,0.2109
5926000,1924.976287,3555,225,0.009780,0.3047
5928000,1967.431042,3526,228,0.011545,0.2500
5930000,1971.897834,3526,238,0.010636,0.2656
5932000,1971.049167,3526,233,0.013138,0.3828
5934000,1942.604332,3511,228,0.011489,0.3125
5936000,1936.995513,3522,238,0.011701,0.2969
5938000,1912.282340,3527,231,0.016905,0.2734
5940000,1913.211295,3507,234,0.012954,0.3203
5942000,1909.197706,3530,228,0.011558,0.2812
5944000,1907.955997,3558,223,0.012674,0.2500
5946000,1929.930254,3563,227,0.013446,0.3047
5948000,1929.042951,3548,228,0.012257,0.2812
5950000,1915.388195,3521,251,0.009639,0.3594
5952000,1923.078664,3499,265,0.010271,0.2656
5954000,1935.465147,3495,254,0.011030,0.2422
5956000,1943.083704,3525,234,0.010903,0.2656
5958000,1956.078932,3542,220,0.011239,0.3125
5960000,1958.590557,3531,215,0.011220,0.3047
5962000,1973.066414,3529,224,0.010323,0.3125
5964000,1979.213051,3536,217,0.009790,0.2969
5966000,1971.823176,3535,207,0.010192,0.3203
5968000,1994.086607,3552,210,0.005449,0.2969
5970000,1989.555295,3554,230,0.006267,0.2109
5972000,1975.853814,3541,239,0.005382,0.2500
5974000,1972.789111,3538,225,0.005054,0.3516
5976000,1989.437086,3528,231,0.010791,0.3125
5978000,1975.353934,3531,223,0.009849,0.2656
5980000,1975.734426,3530,221,0.009604,0.3203
5982000,2034.944837,3561,221,0.008929,0.3047
5984000,2019.591361,3572,225,0.010357,0.3203
5986000,2017.264205,3588,224,0.010433,0.2812
5988000,2023.060466,3603,208,0.010722,0.3125
5990000,2010.732192,3579,209,0.012286,0.2969
5992000,2005.810330,3573,216,0.012570,0.2812
5994000,1993.973962,3584,204,0.014783,0.2500
5996000,1997.504458,3567,186,0.014798,0.2031
5998000,1992.768131,3551,199,0.014328,0.3125
6000000,2005.875173,3555,200,0.016292,0.3125
6002000,2025.528640,3542,201,0.013140,0.2969
6004000,2023.180506,3539,209,0.013700,0.2891
6006000,2018.044445,3543,222,0.011061,0.3125
6008000,2024.653306,3546,227,0.010627,0.3281
6010000,2022.895044,3534,234,0.010565,0.2656
6012000,2028.678106,3522,235,0.010844,0.2969
6014000,2020.535725,3493,232,0.015108,0.3672
6016000,2008.246886,3470,250,0.015576,0.2734
6018000,2010.013611,3487,226,0.015291,0.2109
6020000,2006.940457,3508,218,0.014680,0.2891
6022000,1996.861302,3540,208,0.005271,0.3203
6024000,2021.887784,3559,204,0.009004,0.3047
6026000,2019.111068,3561,213,0.008098,0.2812
6028000,2012.154434,3561,214,0.009064,0.2578
6030000,1995.715123,3534,216,0.010678,0.2578
6032000,1973.426356,3536,227,0.007380,0.3516
6034000,1965.234004,3541,215,0.007911,0.2891
6036000,1966.522531,3553,211,0.008802,0.3359
6038000,1961.769649,3527,236,0.009417,0.2578
6040000,1957.269854,3514,253,0.009206,0.3750
6042000,1978.439349,3508,235,0.009732,0.3047
6044000,1967.896688,3547,216,0.006078,0.2422
6046000,1960.603336,3539,216,0.005243,0.2656
6048000,1966.516737,3525,213,0.005112,0.3516
6050000,1951.587182,3541,206,0.006770,0.3203
6052000,1960.487719,3536,202,0.011282,0.3438
6054000,1953.596193,3545,204,0.010268,0.3125
6056000,1971.112114,3553,206,0.011909,0.2656
6058000,1982.852025,3578,203,0.013251,0.2500
6060000,1982.885440,3537,222,0.011736,0.2656
6062000,1943.561349,3533,236,0.011566,0.2812
6064000,1951.320165,3544,223,0.009466,0.3125
6066000,1940.916330,3534,228,0.009676,0.3047
6068000,1986.928781,3527,228,0.025601,0.2344
6070000,1988.962429,3507,217,0.028900,0.3047
6072000,1981.410456,3498,218,0.032500,0.3047
6074000,1984.007130,3536,226,0.028773,0.3203
6076000,1988.637657,3523,240,0.026750,0.2969
6078000,1981.549765,3506,240,0.027663,0.3359
6080000,1973.284477,3499,248,0.025756,0.3125
6082000,1970.135695,3514,244,0.024378,0.3125
6084000,1963.098016,3509,259,0.016410,0.3516
6086000,1959.732330,3501,236,0.019301,0.3984
6088000,1959.184885,3511,232,0.019933,0.2891
6090000,1934.482987,3510,220,0.009213,0.4062
6092000,1921.083572,3510,228,0.013336,0.2969
6094000,1923.882167,3517,214,0.014583,0.3125
6096000,1931.816106,3503,218,0.013041,0.3906
6098000,1922.897226,3508,224,0.012202,0.4141
6100000,1919.247093,3540,199,0.011161,0.2734
6102000,1916.809752,3524,218,0.012627,0.2500
6104000,1920.062209,3532,217,0.014233,0.3047
6106000,1931.328689,3548,205,0.012986,0.2656
6108000,1932.284959,3511,219,0.013891,0.4141
6110000,1921.742794,3545,217,0.011609,0.2578
6112000,1905.145616,3538,226,0.012659,0.3828
6114000,1913.172893,3548,212,0.012826,0.2500
6116000,1913.735733,3546,216,0.013211,0.3125
6118000,1936.695567,3543,214,0.014881,0.3750
6120000,1949.215259,3545,217,0.015033,0.2344
6122000,1951.926092,3548,221,0.013898,0.2578
6124000,1946.052964,3526,230,0.012896,0.3203
6126000,1964.261556,3538,223,0.010940,0.3125
6128000,1938.985749,3526,231,0.013909,0.3359
6130000,1939.146727,3489,232,0.016169,0.2656
6132000,1969.516562,3499,221,0.021055,0.3359
6134000,1973.525550,3492,211,0.020671,0.3750
6136000,1941.116659,3486,224,0.028987,0.2891
6138000,1925.942336,3474,246,0.027957,0.3906
6140000,1939.950469,3474,261,0.027936,0.3203
6142000,1918.489000,3483,225,0.028362,0.3594
6144000,1923.313529,3509,205,0.028690,0.3047
6146000,1928.446661,3517,204,0.027220,0.3594
6148000,1929.671145,3540,199,0.025143,0.2344
6150000,1932.450964,3554,203,0.014810,0.2734
6152000,1926.975325,3557,209,0.019236,0.2500
6154000,1922.462404,3541,212,0.021764,0.2969
6156000,1932.207768,3526,207,0.019845,0.3984
6158000,1935.558347,3491,241,0.016778,0.2969
6160000,1918.159593,3492,234,0.019325,0.2812
6162000,1942.161114,3511,227,0.019090,0.2734
6164000,1935.083775,3517,237,0.017836,0.2969
6166000,1930.266928,3500,230,0.019745,0.3750
6168000,1883.441844,3513,221,0.035113,0.3281
6170000,1875.088433,3524,218,0.035753,0.2500
6172000,1886.747886,3540,214,0.034709,0.2344
6174000,1899.278863,3563,210,0.033396,0.2969
6176000,1895.137740,3557,222,0.032469,0.4219
6178000,1908.292363,3542,216,0.027967,0.3125
6180000,1908.468240,3517,225,0.029917,0.2891
6182000,1898.379015,3498,234,0.026243,0.3281
6184000,1926.922757,3554,209,0.021547,0.3672
6186000,1949.773573,3550,212,0.021190,0.2969
6188000,2008.015422,3549,218,0.012073,0.3125
6190000,1998.926957,3555,207,0.010845,0.3125
6192000,1988.045900,3547,215,0.011527,0.2891
6194000,1994.957551,3545,218,0.009463,0.3047
6196000,1992.108954,3545,236,0.010405,0.3359
6198000,1992.604969,3542,228,0.009553,0.2578
6200000,2017.711344,3517,255,0.011437,0.3125
6202000,2012.534440,3555,241,0.012761,0.2656
6204000,2004.353797,3549,239,0.011933,0.2578
6206000,2008.478469,3522,246,0.013652,0.2891
6208000,2001.723432,3550,219,0.015103,0.2734
6210000,2017.059495,3536,209,0.013734,0.3125
6212000,2026.966218,3538,216,0.012008,0.2891
6214000,2037.996086,3537,218,0.008874,0.2734
6216000,2046.995534,3523,221,0.010048,0.2812
6218000,2028.279603,3500,213,0.007798,0.3594
6220000,2031.931644,3509,206,0.007956,0.3203
6222000,2012.754164,3517,219,0.006620,0.3047
6224000,1994.934353,3533,214,0.005636,0.2500
6226000,2007.132149,3532,205,0.006515,0.2891
6228000,2024.893329,3540,215,0.008166,0.2656
6230000,2005.243637,3538,203,0.006471,0.2500
6232000,2006.568042,3532,212,0.003667,0.2734
6234000,2008.805429,3536,214,0.004804,0.2734
6236000,2016.576738,3532,228,0.004417,0.3438
6238000,2024.319554,3525,221,0.003417,0.2500
6240000,2011.429622,3529,216,0.002800,0.2969
6242000,2023.115293,3565,230,0.003351,0.2969
6244000,2011.959695,3549,231,0.002918,0.3359
6246000,2014.728789,3534,224,0.002501,0.2812
6248000,2022.988228,3522,224,0.003180,0.2578
6250000,2039.823911,3542,224,0.003472,0.2500
6252000,2047.905244,3523,229,0.003968,0.4766
6254000,2045.342367,3553,210,0.002411,0.2812
6256000,2036.293379,3577,202,0.002533,0.2891
6258000,2016.828194,3566,220,0.010401,0.3359
6260000,2025.696186,3537,235,0.014300,0.3750
6262000,2068.116492,3525,236,0.009852,0.3281
6264000,2066.541320,3514,243,0.011077,0.3359
6266000,2069.764928,3526,242,0.010613,0.3438
6268000,2058.944474,3522,250,0.009311,0.3281
6270000,2055.434608,3536,226,0.007884,0.3125
6272000,2048.761208,3509,252,0.009599,0.3438
6274000,2046.382286,3511,242,0.010371,0.2031
6276000,2034.124266,3526,240,0.010302,0.2344
6278000,2024.217663,3524,219,0.008426,0.3125
6280000,2006.255911,3505,232,0.006906,0.3594
6282000,2014.295045,3502,255,0.009188,0.3594
6284000,2022.608880,3495,253,0.011501,0.3281
6286000,2039.429932,3486,239,0.012107,0.2656
6288000,2039.845056,3529,247,0.004937,0.3203
6290000,2048.067646,3522,238,0.006162,0.2969
6292000,2041.272179,3514,236,0.004146,0.3047
6294000,2048.607795,3526,240,0.007224,0.3438
6296000,2052.902828,3537,225,0.008034,0.2266
6298000,2037.811258,3501,239,0.004705,0.2500
6300000,2027.563932,3490,242,0.005792,0.2656
6302000,1976.073599,3487,235,0.002646,0.3047
6304000,1949.873886,3493,233,0.001601,0.2422
6306000,1951.988677,3520,220,0.001519,0.3750
6308000,1955.454017,3544,207,0.000901,0.3203
6310000,1946.823494,3554,206,0.001372,0.3047
6312000,1918.596266,3550,216,0.005195,0.2578
6314000,1922.712668,3551,217,0.006139,0.2578
6316000,1874.309813,3569,209,0.013917,0.3672
6318000,1863.804801,3506,223,0.011019,0.2734
6320000,1865.852421,3506,234,0.014752,0.2109
6322000,1870.061443,3526,226,0.015683,0.3438
6324000,1874.531218,3532,220,0.016603,0.3750
6326000,1883.212180,3537,199,0.012448,0.3047
6328000,1882.616784,3536,211,0.018875,0.2109
6330000,1883.416184,3527,207,0.017541,0.3281
6332000,1875.543631,3507,221,0.019002,0.2344
6334000,1885.346527,3511,241,0.019305,0.2734
6336000,1882.487005,3495,250,0.021329,0.2578
6338000,1888.652737,3505,226,0.018189,0.3203
6340000,1907.183429,3522,226,0.019458,0.2578
6342000,1912.356802,3504,231,0.020588,0.3281
6344000,1924.250773,3487,248,0.023245,0.2891
6346000,1926.438834,3485,254,0.022753,0.2344
6348000,1917.730586,3462,260,0.021352,0.3047
6350000,1929.370794,3486,241,0.020935,0.2578
6352000,1923.488107,3478,244,0.020230,0.2656
6354000,1927.977598,3477,226,0.019644,0.3594
6356000,1917.544085,3486,229,0.018024,0.2969
6358000,1938.793239,3480,230,0.016390,0.2734
6360000,1934.965084,3498,235,0.015747,0.2969
6362000,1936.522787,3522,213,0.017923,0.2969
6364000,1934.400515,3521,225,0.018433,0.3516
6366000,1931.161858,3509,227,0.019876,0.3359
6368000,1941.192843,3503,213,0.020009,0.2578
6370000,1944.070785,3521,209,0.021521,0.2578
6372000,1929.872856,3501,218,0.020468,0.3203
6374000,1939.278978,3521,202,0.020865,0.2500
6376000,1936.372193,3530,204,0.021122,0.2188
6378000,1933.544054,3525,212,0.020083,0.2656
6380000,1941.545599,3529,215,0.022835,0.2578
6382000,1936.992597,3529,220,0.022704,0.3594
6384000,1930.434401,3512,223,0.023787,0.3359
6386000,1952.941401,3495,249,0.022547,0.3047
6388000,1953.616013,3549,229,0.022685,0.3438
6390000,1951.363775,3541,243,0.023397,0.2969
6392000,1971.795080,3542,242,0.027049,0.3438
6394000,1981.563847,3568,217,0.026843,0.2266
6396000,1977.186172,3564,221,0.027818,0.3281
6398000,1962.739630,3558,207,0.027336,0.3594
6400000,1966.118597,3577,196,0.026562,0.2812
6402000,1929.220684,3579,195,0.029620,0.2812
6404000,1927.738924,3564,209,0.031579,0.2969
6406000,1936.799528,3560,227,0.030783,0.1875
6408000,1937.142724,3565,223,0.030235,0.3203
6410000,1951.893906,3581,218,0.030153,0.2734
6412000,1973.099258,3615,199,0.028530,0.3594
6414000,2005.037399,3603,192,0.019609,0.2344
6416000,1992.961506,3595,195,0.024711,0.3125
6418000,1972.054083,3598,212,0.018492,0.4062
6420000,1979.927102,3598,216,0.019133,0.2188
6422000,1975.062890,3583,222,0.020708,0.2969
6424000,1988.426984,3598,202,0.022185,0.2812
6426000,1982.514089,3596,217,0.021545,0.2500
6428000,2028.444986,3595,213,0.018175,0.3047
6430000,2031.076604,3608,212,0.017914,0.2812
6432000,1995.910111,3595,218,0.006528,0.3281
6434000,1996.087146,3595,219,0.007179,0.3516
6436000,2001.991340,3596,206,0.004266,0.3125
6438000,2011.145938,3575,225,0.002798,0.3125
6440000,2000.755282,3592,222,0.002016,0.2969
6442000,2001.923079,3600,232,0.002290,0.3359
6444000,1997.273762,3598,218,0.002653,0.3438
6446000,1986.619794,3591,234,0.002534,0.3359
6448000,2000.307610,3579,206,0.002001,0.3203
6450000,1991.561091,3567,223,0.000274,0.2734
6452000,2015.511388,3556,226,0.000185,0.2812
6454000,2023.342085,3559,222,0.000276,0.2812
6456000,1999.052214,3570,234,0.000748,0.3203
6458000,1984.772879,3555,239,0.000656,0.2344
6460000,1988.039414,3549,233,0.000605,0.2500
6462000,1996.525655,3535,231,0.000548,0.2969
6464000,2000.593330,3547,235,0.000102,0.3047
6466000,1990.198406,3545,221,0.001735,0.2812
6468000,1983.964696,3520,232,0.001966,0.2344
6470000,1972.218103,3511,236,0.001832,0.2812
6472000,1966.318989,3515,247,0.001196,0.3438
6474000,1976.276784,3525,244,0.001622,0.2266
6476000,1982.602384,3532,244,0.000253,0.2969
6478000,2004.105221,3520,243,0.001578,0.2656
6480000,2002.090095,3536,232,0.001249,0.2812
6482000,2009.376266,3557,210,0.001046,0.2734
6484000,1995.003030,3578,206,0.001073,0.3203
6486000,1982.668907,3546,214,0.000835,0.2500
6488000,1990.757436,3508,241,0.000223,0.3047
6490000,1980.902213,3519,233,0.000287,0.2734
6492000,1969.190060,3519,223,0.000261,0.2891
6494000,1959.472801,3525,237,0.000221,0.3281
6496000,1939.766659,3546,224,0.000046,0.3281
6498000,1938.878821,3560,207,0.000045,0.2891
6500000,1955.331998,3578,201,0.000038,0.3359
6502000,1965.597128,3578,197,0.000111,0.2969
6504000,1962.558937,3587,202,0.000102,0.2500
6506000,1966.096991,3578,204,0.000280,0.2734
6508000,1985.138849,3576,207,0.001008,0.3828
6510000,1958.265762,3592,216,0.000052,0.3047
6512000,1927.999989,3551,229,0.000772,0.3438
6514000,1937.877526,3539,237,0.000892,0.3203
6516000,1929.108535,3534,255,0.000463,0.3125
6518000,1936.892449,3527,267,0.000567,0.2812
6520000,1939.229833,3546,248,0.000213,0.3438
6522000,1920.368077,3537,234,0.000637,0.2500
6524000,1923.482671,3527,238,0.001110,0.2656
6526000,1936.270452,3536,221,0.001188,0.2344
6528000,1972.977780,3546,226,0.002971,0.2891
6530000,1965.738153,3540,240,0.002059,0.2969
6532000,1968.366384,3547,222,0.002537,0.3516
6534000,1972.184410,3555,221,0.002427,0.2891
6536000,1978.919071,3585,215,0.002932,0.3203
6538000,1957.280754,3592,211,0.002886,0.3672
6540000,1974.481065,3576,214,0.003202,0.2734
6542000,1943.935343,3559,220,0.000427,0.3516
6544000,1933.755114,3588,219,0.000313,0.3359
6546000,1923.424026,3595,210,0.000026,0.2812
6548000,1923.369042,3590,202,0.000118,0.2031
6550000,1939.825559,3564,224,0.000095,0.3125
6552000,1941.950478,3561,237,0.000197,0.3125
6554000,1926.723563,3568,226,0.000473,0.2969
6556000,1918.576451,3620,195,0.000976,0.2188
6558000,1920.438355,3591,200,0.000364,0.2266
6560000,1910.697943,3593,211,0.000265,0.3672
6562000,1896.400520,3559,214,0.000170,0.3281
6564000,1884.391760,3570,209,0.000310,0.3047
6566000,1883.382007,3559,214,0.000274,0.2578
6568000,1891.961716,3557,215,0.000410,0.2734
6570000,1884.693104,3566,206,0.000443,0.2734
6572000,1896.956101,3544,221,0.001028,0.2812
6574000,1908.741975,3557,217,0.001504,0.2734
6576000,1911.476906,3562,200,0.001553,0.2578
6578000,1927.208463,3556,216,0.002095,0.3359
6580000,1923.137928,3536,230,0.002163,0.3047
6582000,1913.532016,3532,222,0.002007,0.2812
6584000,1943.184374,3572,219,0.001573,0.2188
6586000,1941.270387,3538,230,0.001436,0.2734
6588000,1941.357688,3553,224,0.001635,0.2734
6590000,1951.805023,3568,230,0.001535,0.2734
6592000,1955.938139,3570,244,0.000893,0.2500
6594000,1955.983007,3580,222,0.001042,0.3047
6596000,1953.740893,3572,212,0.001446,0.2969
6598000,1944.309525,3580,200,0.001155,0.2969
6600000,1932.663586,3529,261,0.001071,0.3125
6602000,1957.664384,3543,247,0.000527,0.3516
6604000,1971.430591,3553,240,0.000617,0.2969
6606000,1983.606511,3549,216,0.000429,0.3125
6608000,1983.122044,3532,237,0.000194,0.3438
6610000,1983.618599,3500,239,0.000535,0.3359
6612000,1981.849157,3492,247,0.000462,0.3359
6614000,1980.359917,3518,223,0.000741,0.2500
6616000,1990.085652,3495,241,0.000578,0.3281
6618000,1985.049852,3526,253,0.000662,0.2656
6620000,1993.846564,3522,235,0.000477,0.2656
6622000,1986.029523,3520,265,0.000501,0.3281
6624000,1995.173639,3522,259,0.000418,0.2734
6626000,1988.577416,3518,245,0.000220,0.2422
6628000,1997.892083,3531,234,0.000181,0.2891
6630000,2004.386262,3559,236,0.000150,0.2812
6632000,2010.086370,3562,251,0.000503,0.2500
6634000,1997.016483,3595,236,0.000702,0.2891
6636000,1996.254152,3580,229,0.001325,0.2734
6638000,1997.814984,3560,216,0.000948,0.2422
6640000,1981.766730,3553,228,0.000853,0.2578
6642000,1987.843259,3573,230,0.000629,0.3203
6644000,1994.217870,3583,211,0.000863,0.2969
6646000,1997.136560,3587,197,0.000995,0.3203
6648000,1991.338100,3574,206,0.000582,0.2812
6650000,1995.806753,3592,201,0.000618,0.2500
6652000,1984.353770,3563,213,0.004212,0.2422
6654000,1986.905170,3593,209,0.006598,0.3516
6656000,1990.273589,3579,223,0.007784,0.2891
6658000,1982.466791,3588,242,0.006797,0.2344
6660000,1965.464223,3591,217,0.008123,0.2969
6662000,1962.864880,3570,229,0.009435,0.2500
6664000,1969.668505,3585,229,0.008683,0.3281
6666000,1948.430559,3570,232,0.007429,0.3516
6668000,1941.998309,3582,218,0.007486,0.3125
6670000,1929.978611,3604,217,0.006010,0.3203
6672000,1929.293085,3617,222,0.006011,0.3203
6674000,1920.452910,3601,203,0.005845,0.2500
6676000,1919.719252,3595,212,0.008134,0.3438
6678000,1928.736948,3602,210,0.007354,0.2578
6680000,1936.100793,3593,199,0.008338,0.3047
6682000,1927.193299,3568,231,0.006626,0.3125
6684000,1941.453470,3564,232,0.007524,0.2344
6686000,1957.712258,3588,219,0.007485,0.3281
6688000,1948.801297,3565,219,0.006889,0.2812
6690000,1947.446623,3582,217,0.007719,0.2656
6692000,1951.110211,3586,214,0.006172,0.2578
6694000,1968.669707,3606,210,0.018244,0.2969
6696000,1966.658017,3603,211,0.017118,0.3281
6698000,1965.602636,3587,209,0.017203,0.2734
6700000,1966.882366,3556,222,0.018602,0.2969
6702000,1951.209756,3561,214,0.016019,0.3516
6704000,1944.089077,3553,219,0.015414,0.2891
6706000,1951.767470,3522,223,0.013630,0.3750
6708000,1956.231556,3516,230,0.013637,0.2656
6710000,1942.584671,3504,239,0.011940,0.3984
6712000,1958.974323,3494,229,0.011527,0.2656
6714000,1962.872360,3492,231,0.011957,0.3438
6716000,1961.684586,3498,233,0.014398,0.3281
6718000,1955.065937,3505,216,0.016641,0.2656
6720000,1946.906755,3513,209,0.020034,0.2734
6722000,1941.075852,3520,211,0.019133,0.2656
6724000,1935.546493,3521,214,0.017832,0.2969
6726000,1918.931989,3513,209,0.016974,0.3125
6728000,1926.885364,3517,217,0.015761,0.3438
6730000,1918.571763,3505,224,0.015142,0.2734
6732000,1920.748789,3489,235,0.017104,0.3047
6734000,1931.201501,3485,242,0.016065,0.2812
6736000,1956.471999,3465,242,0.011548,0.2812
6738000,1951.844670,3476,250,0.009925,0.2891
6740000,1958.770264,3484,232,0.008980,0.2734
6742000,1960.959520,3451,250,0.010053,0.2891
6744000,1969.248241,3446,249,0.008550,0.2812
6746000,1969.572100,3464,227,0.009671,0.2812
6748000,1974.944151,3483,232,0.010497,0.3672
6750000,1972.502467,3492,246,0.009738,0.3281
6752000,1957.867701,3505,244,0.007533,0.3281
6754000,1967.746504,3507,234,0.008351,0.3438
6756000,1960.879069,3491,237,0.007960,0.2891
6758000,1956.825297,3486,246,0.012392,0.3125
6760000,1964.132386,3488,270,0.013929,0.3516
6762000,1970.540576,3519,238,0.008496,0.3281
6764000,1966.839585,3499,252,0.009793,0.3047
6766000,1963.838178,3468,244,0.012705,0.3047
6768000,1977.309611,3508,234,0.009448,0.3047
6770000,1974.846504,3531,227,0.005521,0.2891
6772000,1976.936084,3509,240,0.006279,0.3438
6774000,1975.058329,3533,219,0.006127,0.2656
6776000,1979.464350,3524,233,0.006214,0.3047
6778000,1984.754820,3530,230,0.006553,0.3438
6780000,1965.827483,3513,235,0.006568,0.3125
6782000,2001.558432,3525,229,0.007236,0.3594
6784000,2003.325096,3514,227,0.009687,0.3281
6786000,1999.062759,3519,218,0.009257,0.3594
6788000,1968.526171,3546,212,0.006851,0.3125
6790000,1966.412126,3530,212,0.006331,0.3125
6792000,1981.978770,3524,218,0.007055,0.3125
6794000,1983.220077,3494,236,0.007059,0.3516
6796000,1980.610451,3489,240,0.006326,0.3281
6798000,1977.933017,3500,229,0.008524,0.2812
6800000,1976.972254,3482,262,0.006539,0.2969
6802000,1978.382046,3477,259,0.005495,0.3281
6804000,1970.915501,3466,265,0.006413,0.2578
6806000,1984.042141,3484,236,0.007016,0.2969
6808000,1966.250952,3498,236,0.011728,0.2656
6810000,1960.951849,3497,230,0.010325,0.2891
6812000,1950.576332,3448,249,0.011596,0.3906
6814000,1950.950619,3462,248,0.011041,0.3359
6816000,1946.236506,3483,235,0.013025,0.3672
6818000,1957.364242,3512,238,0.011123,0.2734
6820000,1977.951302,3507,232,0.013387,0.3281
6822000,1978.650336,3492,235,0.012905,0.3750
6824000,1995.958914,3502,233,0.012894,0.2656
6826000,1995.853088,3505,252,0.015235,0.3359
6828000,1984.425503,3505,231,0.015324,0.3125
6830000,2001.021472,3503,233,0.016272,0.2812
6832000,2002.294061,3500,224,0.011850,0.3125
6834000,1994.507188,3504,243,0.011535,0.3281
6836000,1986.118838,3514,256,0.010884,0.2656
6838000,1977.116159,3492,243,0.008924,0.3438
6840000,1985.261393,3511,247,0.009840,0.3281
6842000,1999.449223,3522,231,0.006075,0.2344
6844000,2004.497352,3527,227,0.005562,0.4062
6846000,2005.131977,3543,234,0.004141,0.3984
6848000,1996.200906,3530,228,0.004043,0.2422
6850000,1988.513753,3526,221,0.004407,0.2969
6852000,2011.629394,3519,214,0.004039,0.2969
6854000,2004.195559,3485,231,0.007052,0.3125
6856000,2012.289608,3504,211,0.008846,0.3047
6858000,2024.988947,3488,219,0.009697,0.2578
6860000,2036.046689,3496,216,0.009080,0.2500
6862000,2026.985139,3501,218,0.009348,0.3047
6864000,2043.579338,3488,227,0.011013,0.3125
6866000,2049.096608,3488,222,0.011704,0.2109
6868000,2041.566476,3496,223,0.007921,0.3047
6870000,2042.402145,3511,222,0.009679,0.3516
6872000,2038.982248,3524,222,0.009651,0.3203
6874000,2044.590464,3511,230,0.011341,0.2578
6876000,2034.417047,3526,226,0.009964,0.3594
6878000,2055.773306,3529,217,0.010693,0.3438
6880000,2025.754434,3534,222,0.010012,0.3281
6882000,2019.926446,3571,199,0.011607,0.3516
6884000,2092.894842,3543,196,0.020178,0.3047
6886000,2093.634312,3522,219,0.018904,0.2812
6888000,2083.496787,3536,221,0.019585,0.2188
6890000,2070.783331,3547,227,0.020507,0.2422
6892000,2082.493761,3520,239,0.021004,0.2734
6894000,2095.757893,3525,227,0.020640,0.3281
6896000,2087.126417,3533,232,0.020341,0.2578
6898000,2086.696894,3521,215,0.020577,0.3125
6900000,2060.594128,3495,227,0.015874,0.3359
6902000,2064.820300,3488,226,0.019363,0.2812
6904000,2074.015184,3498,235,0.018168,0.2812
6906000,2084.970449,3520,227,0.010806,0.3906
6908000,2102.816135,3551,222,0.013413,0.3047
6910000,2098.363862,3511,238,0.012016,0.2578
6912000,2096.407408,3509,250,0.012768,0.2891
6914000,2081.304027,3479,267,0.014387,0.2812
6916000,2083.704023,3495,250,0.014361,0.3203
6918000,2114.129160,3530,234,0.018022,0.3594
6920000,2107.410354,3520,255,0.019186,0.3359
6922000,2103.105618,3533,252,0.018213,0.2578
6924000,2124.086772,3527,245,0.020427,0.3438
6926000,2112.533147,3529,252,0.018520,0.2656
6928000,2124.486439,3546,218,0.018350,0.2969
6930000,2138.183637,3543,236,0.022052,0.3203
6932000,2115.489662,3513,242,0.019997,0.3750
6934000,2107.353915,3511,245,0.019406,0.3594
6936000,2094.459121,3548,224,0.017026,0.2891
6938000,2111.516647,3558,237,0.015493,0.3281
6940000,2123.475680,3569,218,0.018675,0.2969
6942000,2111.176079,3539,245,0.024442,0.3125
6944000,2121.069287,3552,246,0.023222,0.2812
6946000,2119.068314,3560,240,0.019389,0.3281
6948000,2114.222356,3552,242,0.020002,0.3359
6950000,2118.241106,3538,245,0.019600,0.2578
6952000,2108.455181,3550,237,0.020903,0.2812
6954000,2113.761074,3525,254,0.019622,0.2812
6956000,2108.307626,3544,249,0.020225,0.3281
6958000,2100.695956,3556,234,0.019219,0.3047
6960000,2100.303841,3547,240,0.017483,0.3125
6962000,2094.858768,3536,237,0.015816,0.2734
6964000,2083.854972,3561,212,0.016646,0.3516
6966000,2079.403300,3536,213,0.016372,0.2500
6968000,2089.401307,3549,212,0.015126,0.2109
6970000,2105.268107,3546,220,0.017518,0.2578
6972000,2090.315527,3589,210,0.015939,0.3750
6974000,2052.629593,3585,207,0.011545,0.2656
6976000,2050.882088,3582,222,0.012046,0.3359
6978000,2033.433987,3559,208,0.014316,0.2734
6980000,2032.666444,3557,215,0.013897,0.2422
6982000,2024.431774,3569,205,0.016489,0.3125
6984000,2031.435370,3553,221,0.016787,0.3281
6986000,2026.976828,3537,216,0.016307,0.3281
6988000,2023.870965,3556,222,0.015552,0.3281
6990000,2022.181557,3518,238,0.013001,0.2969
6992000,2017.329507,3513,239,0.013325,0.2656
6994000,2018.887504,3511,222,0.011809,0.3750
6996000,2006.957841,3511,244,0.008826,0.3906
6998000,2032.296122,3527,232,0.007036,0.2891
7000000,2041.872631,3514,252,0.007161,0.3359
7002000,2047.140337,3518,260,0.008408,0.3203
7004000,2042.266376,3520,260,0.009653,0.2812
7006000,2025.149472,3508,235,0.011216,0.2891
7008000,2026.887459,3554,208,0.009317,0.3516
7010000,2044.434321,3537,233,0.014885,0.2734
7012000,2044.546574,3514,245,0.014513,0.2656
7014000,2048.752023,3521,231,0.013260,0.3047
7016000,2061.699637,3541,223,0.016618,0.2734
7018000,2086.803888,3559,236,0.021603,0.3203
7020000,2091.337208,3556,231,0.018024,0.3672
7022000,2109.948178,3575,208,0.017872,0.2500
7024000,2096.519507,3587,212,0.016802,0.3203
7026000,2098.338631,3597,228,0.015612,0.2031
7028000,2073.603343,3590,227,0.015062,0.2109
7030000,2086.088164,3576,244,0.017491,0.3281
7032000,2089.559835,3579,229,0.018489,0.3203
7034000,2086.431550,3581,206,0.018505,0.3828
7036000,2079.672768,3564,225,0.016345,0.3281
7038000,2088.198669,3564,227,0.013899,0.3828
7040000,2072.205381,3552,228,0.016518,0.2812
7042000,2074.684394,3570,234,0.015818,0.3281
7044000,2056.551155,3522,264,0.014892,0.2969
7046000,2066.203443,3498,278,0.014556,0.3438
7048000,2071.453550,3518,268,0.015182,0.3438
7050000,2054.204604,3510,247,0.012098,0.2969
7052000,2056.392295,3539,226,0.012326,0.3125
7054000,2055.248738,3573,217,0.011799,0.3203
7056000,2035.279979,3552,234,0.013462,0.3750
7058000,2021.159013,3548,234,0.013738,0.3203
7060000,2043.091597,3553,225,0.015401,0.3047
7062000,2044.469044,3586,217,0.016796,0.2578
7064000,2043.494002,3550,235,0.017137,0.3906
7066000,2038.444115,3549,223,0.019117,0.3516
7068000,2033.580975,3576,218,0.018840,0.2969
7070000,2037.492636,3552,233,0.022343,0.2656
7072000,2036.017161,3545,232,0.022394,0.3203
7074000,2029.416895,3538,237,0.018833,0.3594
7076000,1966.654373,3542,219,0.017447,0.3203
7078000,1983.200417,3527,247,0.019027,0.3750
7080000,1985.893219,3522,254,0.018149,0.2891
7082000,1981.140371,3548,254,0.016966,0.2891
7084000,1986.170173,3543,246,0.018419,0.2969
7086000,1993.666925,3541,243,0.018836,0.3203
7088000,1996.267034,3524,242,0.019443,0.3438
7090000,2045.443045,3546,231,0.018204,0.2578
7092000,2045.622478,3522,239,0.016562,0.2656
7094000,2043.618920,3519,240,0.014952,0.3516
7096000,2029.892417,3526,250,0.016126,0.2891
7098000,1980.233525,3524,228,0.013855,0.2500
7100000,1982.849941,3531,235,0.013446,0.2578
7102000,1985.834017,3549,232,0.014258,0.3359
7104000,1988.032297,3554,244,0.015349,0.3750
7106000,1998.730816,3552,233,0.016360,0.2969
7108000,2001.831240,3545,233,0.014896,0.3594
7110000,1999.988720,3533,238,0.013764,0.3281
7112000,2006.218972,3526,246,0.016530,0.2500
7114000,1983.541267,3553,243,0.019905,0.2891
7116000,1978.114211,3540,242,0.020778,0.3281
7118000,1966.415106,3521,244,0.020631,0.3047
7120000,1957.763645,3505,250,0.017966,0.3047
7122000,1968.683660,3511,250,0.021927,0.2344
7124000,1972.668055,3541,235,0.020847,0.3047
7126000,1955.309672,3533,231,0.020142,0.3438
7128000,1957.120899,3517,237,0.018357,0.2656
7130000,1967.526728,3545,244,0.020157,0.2578
7132000,1937.341206,3545,222,0.014746,0.3516
7134000,1922.257813,3520,234,0.013358,0.3047
7136000,1920.458406,3569,216,0.013187,0.3984
7138000,1918.473440,3559,229,0.017694,0.3594
7140000,1911.193408,3589,219,0.017611,0.3516
7142000,1901.558122,3560,210,0.013112,0.2812
7144000,1914.520072,3564,207,0.013423,0.3047
7146000,1910.443858,3584,197,0.012235,0.2969
7148000,1914.175264,3591,196,0.010771,0.3125
7150000,1925.768382,3559,208,0.009081,0.3516
7152000,1932.105711,3580,205,0.011958,0.3594
7154000,1945.652786,3598,192,0.010426,0.2969
7156000,1941.660736,3579,215,0.009906,0.3047
7158000,1940.767604,3563,216,0.008882,0.2734
7160000,1934.694389,3552,233,0.007722,0.3125
7162000,1909.480372,3524,235,0.014165,0.3906
7164000,1893.154106,3558,228,0.012870,0.2344
7166000,1884.809365,3553,228,0.013893,0.3203
7168000,1893.281758,3554,222,0.013880,0.3828
7170000,1891.341678,3544,221,0.013594,0.3047
7172000,1908.567516,3549,214,0.009975,0.3047
7174000,1925.805497,3566,203,0.011344,0.3047
7176000,1929.839385,3581,204,0.011513,0.2422
7178000,1931.579649,3565,212,0.009812,0.2969
7180000,1906.779591,3552,212,0.009214,0.2344
7182000,1918.698584,3534,224,0.010812,0.3203
7184000,1928.641050,3550,219,0.010963,0.3281
7186000,1917.942623,3519,229,0.011998,0.3281
7188000,1918.066275,3547,224,0.016151,0.2734
7190000,1922.877908,3545,235,0.015367,0.2969
7192000,1928.506622,3543,240,0.016587,0.3516
7194000,1928.731890,3525,248,0.017875,0.3672
7196000,1936.510715,3525,252,0.015898,0.2578
7198000,1939.474246,3528,259,0.016950,0.3125
7200000,1951.704158,3523,236,0.019920,0.3047
7202000,1955.642163,3527,239,0.019237,0.3594
7204000,1980.628141,3546,231,0.020801,0.2578
7206000,1978.363366,3533,228,0.020917,0.2734
7208000,1977.335876,3544,224,0.021325,0.3281
7210000,1981.948557,3547,242,0.024441,0.2500
7212000,2004.119205,3575,222,0.025762,0.2344
7214000,1998.339767,3570,213,0.027397,0.3594
7216000,1998.961392,3542,231,0.026095,0.3125
7218000,1989.585189,3543,236,0.024789,0.2422
7220000,2024.980428,3569,219,0.028628,0.3438
7222000,2018.523112,3578,217,0.027584,0.2656
7224000,2017.485152,3593,210,0.026783,0.2734
7226000,2016.433577,3602,205,0.025061,0.2656
7228000,2022.067479,3597,207,0.026742,0.2969
7230000,2004.422514,3587,209,0.034096,0.3047
7232000,1993.676644,3575,209,0.032543,0.3516
7234000,1989.793839,3573,231,0.032944,0.3203
7236000,1999.696069,3565,245,0.012057,0.2422
7238000,1996.853068,3548,229,0.013483,0.3359
7240000,1974.792474,3518,227,0.011812,0.2891
7242000,1959.697362,3542,223,0.022437,0.3203
7244000,1970.684806,3538,229,0.020618,0.2109
7246000,1972.301303,3551,228,0.019186,0.2656
7248000,1952.064931,3536,253,0.013262,0.2891
7250000,1945.319124,3548,236,0.009685,0.2891
7252000,1953.398452,3528,219,0.011377,0.2500
7254000,1939.081540,3503,232,0.011537,0.3203
7256000,1935.422737,3522,233,0.014920,0.2422
7258000,1952.412762,3526,209,0.015475,0.3047
7260000,1945.161491,3541,217,0.017708,0.3438
7262000,1953.729942,3569,199,0.015402,0.2891
7264000,1967.880233,3577,200,0.013385,0.2578
7266000,1975.305586,3550,228,0.013543,0.2656
7268000,1974.959187,3533,223,0.011749,0.3672
7270000,1977.331498,3544,216,0.013189,0.3047
7272000,1980.504880,3528,220,0.012285,0.3203
7274000,1995.398234,3527,232,0.003564,0.1875
7276000,1986.077918,3532,246,0.003802,0.3047
7278000,1973.106521,3511,245,0.004825,0.3203
7280000,1987.656527,3499,229,0.002631,0.3906
7282000,1972.786386,3527,225,0.002204,0.2734
7284000,1983.273641,3525,225,0.002205,0.2188
7286000,1988.743315,3517,221,0.002015,0.2812
7288000,1988.529857,3499,241,0.002079,0.3438
7290000,2001.869848,3514,238,0.002742,0.2578
7292000,1970.653447,3518,216,0.002692,0.2969
7294000,1963.055090,3533,221,0.003473,0.2656
7296000,1957.177558,3530,239,0.004496,0.2344
7298000,1964.370648,3514,238,0.004988,0.2969
7300000,1930.672522,3531,228,0.005479,0.2812
7302000,1946.095888,3511,231,0.005636,0.3672
7304000,1951.756602,3539,209,0.006544,0.2734
7306000,1954.800663,3527,222,0.008337,0.2891
7308000,1955.193282,3518,225,0.006965,0.3281
7310000,1959.232446,3521,220,0.003992,0.3047
7312000,1954.623217,3495,240,0.003136,0.2734
7314000,1942.133637,3506,219,0.004469,0.3672
7316000,1932.688200,3504,228,0.004062,0.3828
7318000,1930.765572,3528,209,0.003451,0.3203
7320000,1928.526607,3504,214,0.002765,0.2656
7322000,1935.062436,3507,243,0.002383,0.2734
7324000,1956.512152,3516,226,0.001993,0.2578
7326000,1963.586074,3536,216,0.003298,0.3281
7328000,1955.332816,3570,202,0.002930,0.2969
7330000,1950.900967,3553,212,0.003976,0.3438
7332000,1960.599458,3541,226,0.002885,0.2891
7334000,1953.832574,3558,234,0.003112,0.3125
7336000,1945.264642,3555,231,0.004054,0.3359
7338000,1939.302124,3542,232,0.003538,0.3359
7340000,1931.900498,3549,230,0.003781,0.3281
7342000,1932.649434,3540,222,0.003072,0.3047
7344000,1933.398564,3513,224,0.002168,0.3047
7346000,1918.455140,3468,253,0.001240,0.3047
7348000,1900.855738,3478,252,0.001855,0.3516
7350000,1916.201671,3495,248,0.002592,0.3203
7352000,1920.429277,3469,256,0.002165,0.2969
7354000,1904.927413,3447,261,0.001945,0.3359
7356000,1895.107919,3462,242,0.003350,0.3359
7358000,1896.886735,3463,261,0.002464,0.3047
7360000,1908.658836,3471,252,0.003317,0.2266
7362000,1881.738169,3491,244,0.002913,0.2344
7364000,1880.593113,3484,242,0.003573,0.3203
7366000,1876.846618,3506,234,0.004436,0.2500
7368000,1923.472812,3501,238,0.007032,0.3359
7370000,1915.236143,3524,227,0.009100,0.3047
7372000,1913.262177,3524,229,0.007937,0.3281
7374000,1910.643947,3528,226,0.005622,0.2578
7376000,1907.166357,3520,238,0.005368,0.2812
7378000,1909.652908,3539,243,0.004926,0.2188
7380000,1914.530499,3531,245,0.005596,0.3203
7382000,1897.133019,3529,233,0.006115,0.3438
7384000,1902.742131,3529,232,0.006335,0.2734
7386000,1896.785928,3500,247,0.004422,0.3281
7388000,1887.808602,3529,228,0.006217,0.2656
7390000,1888.598836,3510,226,0.004329,0.3672
7392000,1881.976984,3498,229,0.004547,0.3750
7394000,1883.756919,3524,225,0.005925,0.2812
7396000,1890.212589,3508,231,0.007027,0.3203
7398000,1885.324496,3499,246,0.007560,0.3594
7400000,1886.996264,3506,243,0.007312,0.3438
7402000,1885.037954,3523,258,0.007812,0.3203
7404000,1890.954129,3520,242,0.008212,0.3359
7406000,1899.102061,3521,242,0.008993,0.3281
7408000,1927.688079,3501,247,0.007748,0.2969
7410000,1905.398919,3553,217,0.009270,0.2891
7412000,1909.810762,3548,213,0.010061,0.3438
7414000,1899.947519,3544,217,0.010489,0.2734
7416000,1893.224250,3553,219,0.010033,0.3125
7418000,1899.731695,3568,216,0.004187,0.3125
7420000,1906.598367,3553,219,0.003882,0.2578
7422000,1918.401271,3540,212,0.004103,0.2812
7424000,1914.288024,3539,218,0.001611,0.2031
7426000,1921.655740,3539,223,0.001684,0.3281
7428000,1930.060324,3565,225,0.001252,0.3203
7430000,1945.509359,3581,213,0.001620,0.2969
7432000,1953.736076,3562,230,0.002167,0.2969
7434000,1964.679381,3539,260,0.001513,0.2656
7436000,1957.345833,3514,251,0.001385,0.2969
7438000,1970.913819,3518,262,0.001726,0.3125
7440000,1982.252174,3536,230,0.006999,0.2656
7442000,1972.780277,3522,219,0.006737,0.2344
7444000,1978.933549,3546,213,0.009181,0.3359
7446000,1983.119977,3534,213,0.008931,0.3281
7448000,1964.894678,3547,222,0.008887,0.2891
7450000,1948.467099,3566,215,0.005007,0.3281
7452000,1932.019660,3564,210,0.006624,0.2656
7454000,1931.429968,3569,215,0.006870,0.3047
7456000,1931.989425,3531,240,0.007188,0.3047
7458000,1937.473777,3540,242,0.007746,0.2656
7460000,1945.136636,3561,244,0.005348,0.3125
7462000,1947.822949,3559,245,0.004590,0.3281
7464000,1956.136325,3579,217,0.005797,0.3281
7466000,1951.239242,3584,226,0.007357,0.3203
7468000,1950.372210,3553,236,0.009814,0.3047
7470000,1925.927889,3526,238,0.009363,0.2734
7472000,1939.905864,3533,249,0.010776,0.3203
7474000,1926.720270,3553,221,0.009126,0.3203
7476000,1939.642447,3568,199,0.011837,0.2344
7478000,1932.659277,3565,217,0.014898,0.3438
7480000,1932.463550,3550,227,0.013153,0.3125
7482000,1945.385595,3549,226,0.013049,0.2656
7484000,1937.264586,3556,227,0.011904,0.2812
7486000,1949.691145,3574,219,0.012682,0.3438
7488000,1935.281394,3561,227,0.011798,0.2734
7490000,1941.040538,3565,228,0.011564,0.3516
7492000,1942.548618,3593,224,0.011490,0.2969
7494000,1938.826812,3590,232,0.009712,0.3359
7496000,1951.376319,3569,249,0.008862,0.2578
7498000,1900.908511,3525,261,0.004680,0.3047
7500000,1897.392782,3550,232,0.004254,0.2734
7502000,1879.912732,3573,237,0.004453,0.2891
7504000,1876.039091,3586,205,0.003429,0.2500
7506000,1880.671413,3595,190,0.003579,0.2578
7508000,1861.438495,3587,201,0.005672,0.3125
7510000,1887.990655,3581,214,0.006190,0.2734
7512000,1905.336988,3583,203,0.004773,0.2656
7514000,1901.488141,3598,185,0.004333,0.3125
7516000,1899.247363,3543,217,0.003709,0.3203
7518000,1902.739381,3542,206,0.003939,0.3281
7520000,1910.502707,3568,205,0.004738,0.3047
7522000,1902.611462,3529,205,0.003637,0.3359
7524000,1905.875020,3524,200,0.003697,0.2812
7526000,1924.206724,3537,211,0.005115,0.2812
7528000,1929.675212,3554,215,0.004218,0.2969
7530000,1932.255917,3559,214,0.005341,0.2812
7532000,1930.381376,3578,228,0.004892,0.3203
7534000,1908.300071,3520,254,0.006134,0.2969
7536000,1905.952780,3527,231,0.006485,0.2656
7538000,1901.540772,3523,228,0.006980,0.3359
7540000,1892.364405,3532,220,0.005957,0.3516
7542000,1883.812508,3510,226,0.003922,0.3359
7544000,1877.850893,3529,220,0.005179,0.2969
7546000,1900.332993,3536,214,0.005765,0.2266
7548000,1879.264862,3559,213,0.008569,0.3359
7550000,1890.070785,3576,207,0.008968,0.3516
7552000,1891.698641,3545,228,0.010197,0.3281
7554000,1907.118365,3545,233,0.006674,0.3359
7556000,1904.983233,3535,215,0.006395,0.3125
7558000,1905.485555,3534,228,0.005538,0.3125
7560000,1902.593140,3529,228,0.006079,0.3047
7562000,1896.152686,3532,224,0.006874,0.2734
7564000,1866.255241,3515,240,0.008115,0.2969
7566000,1868.578076,3520,221,0.009318,0.2422
7568000,1885.188075,3534,205,0.009808,0.3203
7570000,1892.458246,3531,201,0.010862,0.3438
7572000,1896.206459,3532,219,0.010254,0.3594
7574000,1894.185540,3529,224,0.010566,0.3359
7576000,1894.180329,3523,227,0.012133,0.3203
7578000,1896.379375,3481,244,0.011955,0.3047
7580000,1902.966674,3478,246,0.010999,0.3203
7582000,1948.048547,3497,244,0.014791,0.3516
7584000,1895.581109,3489,237,0.011906,0.3203
7586000,1869.061532,3516,221,0.009530,0.3281
7588000,1837.686731,3525,217,0.006033,0.2969
7590000,1832.197579,3544,207,0.003293,0.2812
7592000,1831.508546,3536,207,0.003623,0.2656
7594000,1830.079853,3513,209,0.004515,0.3281
7596000,1830.940728,3524,212,0.003642,0.2891
7598000,1845.413093,3509,231,0.003359,0.2422
7600000,1840.476578,3501,235,0.002897,0.3516
7602000,1839.795933,3514,233,0.003980,0.3281
7604000,1828.975008,3532,228,0.004327,0.3516
7606000,1837.806729,3508,235,0.003919,0.3359
7608000,1832.985426,3500,232,0.004437,0.3125
7610000,1834.773497,3502,224,0.005539,0.3125
7612000,1815.502540,3528,226,0.005772,0.2578
7614000,1821.504464,3540,217,0.004569,0.3203
7616000,1831.893218,3532,212,0.005131,0.2422
7618000,1830.926599,3528,224,0.006910,0.2422
7620000,1826.926661,3505,230,0.006986,0.3750
7622000,1827.443624,3500,227,0.006454,0.3438
7624000,1831.227304,3524,201,0.005517,0.2109
7626000,1852.456159,3537,214,0.006047,0.3125
7628000,1856.171588,3517,228,0.006355,0.3047
7630000,1865.294573,3525,224,0.006640,0.2812
7632000,1859.913338,3513,232,0.005216,0.3125
7634000,1832.453238,3515,218,0.006336,0.3359
7636000,1832.075301,3537,197,0.004846,0.2734
7638000,1829.983599,3532,219,0.004800,0.2891
7640000,1850.385655,3507,213,0.004775,0.2656
7642000,1854.325765,3550,190,0.004870,0.2500
7644000,1857.766703,3556,194,0.004861,0.3516
7646000,1853.768804,3551,196,0.005527,0.3047
7648000,1850.347097,3549,216,0.012923,0.3281
7650000,1834.423907,3521,225,0.012688,0.3906
7652000,1845.290282,3520,242,0.014251,0.3359
7654000,1828.880862,3502,218,0.013516,0.2812
7656000,1833.556008,3504,225,0.012626,0.3281
7658000,1828.706501,3538,228,0.012666,0.3125
7660000,1806.238673,3490,237,0.011731,0.3906
7662000,1806.426102,3494,229,0.011832,0.2188
7664000,1810.240530,3485,245,0.011959,0.3047
7666000,1804.919706,3480,247,0.010040,0.2344
7668000,1781.348319,3493,240,0.009464,0.2969
7670000,1792.962207,3449,253,0.010368,0.2812
7672000,1803.732872,3461,248,0.008627,0.2812
7674000,1787.842448,3477,251,0.009017,0.3828
7676000,1797.685850,3496,243,0.008653,0.3359
7678000,1803.825506,3543,226,0.009000,0.2500
7680000,1814.503364,3541,223,0.007974,0.3047
7682000,1805.290122,3530,227,0.007708,0.3203
7684000,1809.557745,3543,206,0.007496,0.2734
7686000,1826.245149,3531,205,0.009956,0.2812
7688000,1824.725692,3529,196,0.007916,0.3516
7690000,1855.542119,3530,218,0.004471,0.3047
7692000,1863.150446,3534,231,0.003732,0.3906
7694000,1838.905176,3563,201,0.005191,0.3047
7696000,1829.503106,3570,215,0.005792,0.2969
7698000,1830.106496,3589,210,0.005573,0.2578
7700000,1829.371969,3604,204,0.004837,0.2891
7702000,1807.808856,3575,212,0.005267,0.3984
7704000,1805.987290,3545,218,0.007816,0.3047
7706000,1810.232922,3549,222,0.007477,0.3125
7708000,1819.362711,3568,203,0.008260,0.2266
7710000,1808.250885,3541,208,0.007015,0.3047
7712000,1806.404067,3533,217,0.005857,0.2656
7714000,1778.354804,3510,219,0.004141,0.2109
7716000,1797.515935,3515,219,0.001733,0.3438
7718000,1788.777364,3510,221,0.009532,0.2109
7720000,1786.765527,3481,240,0.009483,0.3516
7722000,1799.874975,3495,235,0.012220,0.2812
7724000,1786.257059,3539,212,0.009456,0.2656
7726000,1786.841597,3531,211,0.010073,0.3906
7728000,1789.038781,3524,227,0.011019,0.3125
7730000,1793.702909,3502,217,0.010406,0.2109
7732000,1804.067127,3478,228,0.013247,0.3203
7734000,1790.016584,3472,243,0.015097,0.3125
7736000,1790.705201,3458,243,0.012871,0.2812
7738000,1819.798859,3452,239,0.015860,0.3281
7740000,1818.536541,3471,253,0.015558,0.3047
7742000,1817.507847,3481,254,0.016827,0.2969
7744000,1828.178540,3514,242,0.016876,0.3125
7746000,1831.594994,3473,243,0.017835,0.3516
7748000,1784.874024,3479,234,0.007652,0.2969
7750000,1796.147055,3475,248,0.009372,0.2969
7752000,1800.530196,3463,271,0.006637,0.3672
7754000,1806.633341,3446,274,0.005177,0.3281
7756000,1806.507495,3447,252,0.004691,0.3047
7758000,1803.396299,3466,252,0.005691,0.3047
7760000,1797.821735,3479,243,0.004662,0.3203
7762000,1792.229450,3478,252,0.003730,0.2734
7764000,1784.268731,3524,230,0.003811,0.3125
7766000,1791.716730,3518,232,0.005451,0.2656
7768000,1803.891942,3527,232,0.010399,0.2812
7770000,1794.650683,3501,255,0.008297,0.2969
7772000,1778.334602,3530,220,0.008392,0.3750
7774000,1773.159802,3514,216,0.002736,0.2891
7776000,1768.734773,3528,218,0.003026,0.3047
7778000,1790.961575,3528,220,0.004015,0.3438
7780000,1791.764224,3550,221,0.004202,0.2969
7782000,1798.463597,3535,209,0.004741,0.3203
7784000,1818.682186,3530,229,0.004516,0.3281
7786000,1826.292168,3519,237,0.003277,0.3594
7788000,1835.863633,3535,229,0.005624,0.3125
7790000,1828.371042,3545,218,0.005236,0.3359
7792000,1825.041324,3541,222,0.004008,0.2734
7794000,1829.654632,3533,242,0.002934,0.3281
7796000,1799.207152,3515,260,0.008862,0.2812
7798000,1794.538892,3497,271,0.006840,0.3203
7800000,1801.862579,3513,236,0.007178,0.2578
7802000,1801.777221,3523,211,0.008254,0.2422
7804000,1807.593604,3519,219,0.009498,0.2266
7806000,1800.670986,3531,205,0.008373,0.2812
7808000,1809.889540,3548,222,0.007212,0.2812
7810000,1820.808168,3572,224,0.007712,0.3047
7812000,1825.322911,3565,221,0.007326,0.2891
7814000,1826.611098,3583,213,0.007645,0.3125
7816000,1819.378177,3585,207,0.006407,0.2188
7818000,1810.916258,3584,205,0.005959,0.2891
7820000,1810.533073,3580,209,0.007531,0.2891
7822000,1816.469583,3565,199,0.006996,0.3281
7824000,1819.505883,3567,221,0.007727,0.2656
7826000,1823.982673,3556,235,0.008222,0.2656
7828000,1811.737889,3535,221,0.007853,0.3828
7830000,1808.680658,3556,216,0.008141,0.2812
7832000,1819.190986,3572,204,0.005747,0.2344
7834000,1816.722143,3571,198,0.006783,0.3438
7836000,1815.264290,3569,202,0.005738,0.2734
7838000,1808.090903,3568,217,0.006416,0.2812
7840000,1823.149080,3572,209,0.008339,0.2969
7842000,1819.200514,3566,198,0.008242,0.3281
7844000,1817.052458,3552,194,0.011275,0.2891
7846000,1801.965778,3524,206,0.008834,0.2734
7848000,1806.183402,3546,221,0.009731,0.2578
7850000,1811.574135,3561,219,0.010232,0.3125
7852000,1813.622578,3582,211,0.012528,0.2500
7854000,1796.611333,3541,219,0.007570,0.3359
7856000,1810.079831,3534,226,0.005993,0.2891
7858000,1822.525358,3526,249,0.006491,0.3125
7860000,1818.937238,3545,260,0.005281,0.2656
7862000,1807.001216,3541,236,0.004271,0.2578
7864000,1806.846082,3548,232,0.003710,0.2578
7866000,1800.257039,3552,224,0.004788,0.2344
7868000,1819.487406,3545,231,0.004526,0.2969
7870000,1829.051271,3562,235,0.005300,0.3359
7872000,1824.687050,3561,239,0.005117,0.2891
7874000,1817.902725,3544,238,0.005242,0.3828
7876000,1818.474736,3551,224,0.004911,0.3125
7878000,1810.792185,3550,226,0.005693,0.3516
7880000,1803.222896,3559,231,0.002710,0.3047
7882000,1787.654439,3549,247,0.002124,0.3516
7884000,1783.572971,3576,213,0.001854,0.2500
7886000,1784.722213,3556,217,0.001925,0.2812
7888000,1777.019464,3553,210,0.001608,0.2734
7890000,1789.120880,3534,229,0.001402,0.2656
7892000,1795.021043,3535,230,0.001678,0.3906
7894000,1788.134734,3504,238,0.001536,0.2891
7896000,1793.640007,3492,253,0.001352,0.3359
7898000,1798.127687,3513,239,0.001191,0.2656
7900000,1798.034114,3489,230,0.000969,0.2891
7902000,1782.831118,3481,240,0.003053,0.3047
7904000,1785.613428,3496,233,0.002264,0.3359
7906000,1788.308360,3518,237,0.001973,0.3281
7908000,1785.937251,3524,224,0.002192,0.2891
7910000,1793.052405,3478,240,0.001760,0.3359
7912000,1795.992194,3497,227,0.000029,0.3203
7914000,1801.523072,3480,257,0.000157,0.3438
7916000,1800.524447,3478,239,0.000264,0.3438
7918000,1786.590122,3484,227,0.000400,0.2031
7920000,1799.343414,3507,218,0.000011,0.2109
7922000,1820.223156,3522,225,0.000018,0.2266
7924000,1813.104253,3539,229,0.000011,0.3125
7926000,1818.420764,3521,231,0.000113,0.4141
7928000,1827.333448,3516,229,0.000141,0.3047
7930000,1830.643617,3520,220,0.000049,0.2500
7932000,1821.145599,3514,226,0.000345,0.2734
7934000,1837.998059,3508,235,0.000360,0.3359
7936000,1842.920828,3510,227,0.000584,0.2656
7938000,1836.993432,3526,215,0.000446,0.2500
7940000,1844.030706,3531,217,0.001245,0.2969
7942000,1832.559728,3541,223,0.001737,0.3594
7944000,1833.359249,3529,224,0.002948,0.3594
7946000,1828.573775,3516,240,0.002418,0.4141
7948000,1832.045328,3507,245,0.003567,0.3281
7950000,1830.059208,3512,251,0.003242,0.3125
7952000,1822.964779,3526,229,0.002554,0.3125
7954000,1833.919932,3512,232,0.003989,0.3047
7956000,1839.670590,3494,260,0.003952,0.3594
7958000,1849.705815,3504,230,0.003357,0.2344
7960000,1853.590223,3504,248,0.003682,0.2891
7962000,1860.862645,3499,236,0.004270,0.2188
7964000,1848.818459,3503,233,0.004631,0.2891
7966000,1854.676008,3521,219,0.006541,0.2578
7968000,1855.284607,3552,201,0.004634,0.2969
7970000,1850.559983,3550,197,0.005678,0.3203
7972000,1863.299412,3570,199,0.006632,0.2500
7974000,1867.247432,3536,212,0.007817,0.3047
7976000,1848.692026,3540,218,0.006415,0.3047
7978000,1853.421219,3554,207,0.007276,0.2578
7980000,1852.767757,3529,218,0.006725,0.2969
7982000,1844.232211,3527,218,0.006186,0.3047
7984000,1834.101892,3506,221,0.006715,0.3438
7986000,1830.071260,3509,222,0.006682,0.2891
7988000,1827.076747,3487,248,0.007155,0.3438
7990000,1820.228975,3501,233,0.008836,0.2422
7992000,1815.227949,3506,241,0.009858,0.3203
7994000,1821.124779,3512,225,0.009358,0.3359
7996000,1814.812770,3544,217,0.009027,0.3047
7998000,1818.953159,3497,262,0.009189,0.3203
8000000,1816.847631,3477,263,0.010267,0.2891
8002000,1822.447971,3484,257,0.009972,0.3281
8004000,1826.569046,3504,252,0.010360,0.3438
8006000,1823.946439,3497,238,0.008710,0.2734
8008000,1822.043393,3494,253,0.010111,0.3125
8010000,1865.740933,3505,246,0.001544,0.3203
8012000,1867.354784,3487,241,0.002090,0.2969
8014000,1868.737749,3496,218,0.002292,0.3203
8016000,1881.173559,3499,232,0.001970,0.3672
8018000,1884.908435,3510,235,0.002426,0.3047
8020000,1917.296940,3534,226,0.003477,0.3125
8022000,1900.788363,3532,215,0.003823,0.2500
8024000,1899.166764,3522,217,0.003594,0.3047
8026000,1893.604001,3515,211,0.004267,0.3281
8028000,1907.482171,3540,211,0.006101,0.2344
8030000,1912.467173,3548,209,0.007173,0.3125
8032000,1916.513374,3537,208,0.008594,0.3359
8034000,1901.624638,3507,213,0.008081,0.2500
8036000,1889.587873,3516,221,0.007494,0.3281
8038000,1882.002533,3513,226,0.006692,0.3359
8040000,1868.985351,3523,224,0.007534,0.3516
8042000,1865.711636,3511,215,0.006676,0.2734
8044000,1856.760871,3508,218,0.005914,0.3359
8046000,1867.154211,3512,225,0.005859,0.3125
8048000,1877.877470,3507,237,0.006254,0.3125
8050000,1877.895485,3513,246,0.006325,0.3828
8052000,1875.125151,3493,251,0.007392,0.3203
8054000,1873.486522,3527,238,0.006678,0.3047
8056000,1873.284906,3523,234,0.006211,0.2891
8058000,1857.192875,3557,215,0.005611,0.3047
8060000,1851.184603,3554,217,0.006419,0.3047
8062000,1862.901519,3535,234,0.005916,0.3281
8064000,1868.949156,3538,233,0.006495,0.3516
8066000,1872.224325,3548,219,0.006382,0.3125
8068000,1878.865881,3535,205,0.006776,0.3203
8070000,1876.455463,3547,205,0.005980,0.2656
8072000,1886.854424,3533,203,0.005854,0.3203
8074000,1894.510637,3544,196,0.005959,0.2969
8076000,1884.949382,3577,183,0.004164,0.2266
8078000,1870.689241,3585,191,0.004767,0.3047
8080000,1882.206824,3564,205,0.004304,0.3047
8082000,1873.798101,3545,224,0.004097,0.3047
8084000,1871.015080,3559,221,0.004096,0.2891
8086000,1867.127492,3534,216,0.004591,0.2266
8088000,1862.945321,3522,225,0.005253,0.3281
8090000,1857.988306,3513,221,0.005270,0.3438
8092000,1861.034545,3542,228,0.006065,0.2812
8094000,1856.232765,3537,239,0.005897,0.2812
8096000,1860.758945,3548,230,0.005414,0.2891
8098000,1861.738564,3561,223,0.004267,0.3438
8100000,1856.936159,3551,224,0.005859,0.2656
8102000,1863.873646,3559,214,0.005605,0.3906
8104000,1864.713488,3514,224,0.005464,0.3125
8106000,1866.543652,3550,222,0.005434,0.3672
8108000,1893.849774,3560,211,0.004071,0.3359
8110000,1888.406718,3566,197,0.004332,0.3047
8112000,1902.791189,3571,211,0.004104,0.2656
8114000,1897.981603,3549,232,0.000934,0.3047
8116000,1875.589653,3541,245,0.001215,0.3516
8118000,1883.649882,3543,238,0.001215,0.3359
8120000,1877.489603,3521,237,0.001240,0.3906
8122000,1882.064510,3560,202,0.000627,0.2266
8124000,1883.028966,3551,214,0.000838,0.2891
8126000,1898.938239,3537,222,0.000878,0.2031
8128000,1883.531714,3532,238,0.002380,0.2969
8130000,1882.531199,3544,223,0.002442,0.2891
8132000,1870.044713,3573,206,0.004633,0.2734
8134000,1885.726172,3557,213,0.005553,0.3906
8136000,1891.937482,3550,241,0.005477,0.3281
8138000,1872.617111,3590,218,0.004762,0.2969
8140000,1875.995891,3589,225,0.004085,0.3594
8142000,1876.524289,3577,215,0.003410,0.2969
8144000,1899.187418,3592,220,0.003299,0.2578
8146000,1885.940816,3592,228,0.003325,0.2812
8148000,1888.142061,3563,237,0.002827,0.4219
8150000,1892.502552,3557,235,0.004334,0.3828
8152000,1888.064420,3539,239,0.004850,0.3672
8154000,1875.670045,3538,228,0.003895,0.3125
8156000,1861.989061,3532,217,0.003138,0.3281
8158000,1873.742453,3531,228,0.003617,0.3359
8160000,1877.851919,3526,226,0.003157,0.3672
8162000,1895.229231,3501,235,0.002420,0.3125
8164000,1890.708839,3532,226,0.002984,0.4062
8166000,1896.501086,3509,230,0.003368,0.2891
8168000,1871.796423,3504,241,0.004359,0.2500
8170000,1880.401099,3493,241,0.004215,0.2891
8172000,1876.930435,3502,235,0.004783,0.3125
8174000,1899.330528,3516,235,0.005085,0.2969
8176000,1876.573438,3521,233,0.005079,0.2656
8178000,1872.542309,3523,238,0.004249,0.3438
8180000,1858.693023,3489,241,0.003140,0.2891
8182000,1865.692489,3529,223,0.002248,0.2578
8184000,1875.051218,3508,239,0.001969,0.2812
8186000,1879.578336,3518,225,0.005382,0.3281
8188000,1871.878624,3511,253,0.005002,0.3203
8190000,1855.969440,3529,238,0.004728,0.2734
8192000,1852.818901,3511,250,0.004604,0.3438
8194000,1843.961091,3512,234,0.004992,0.3828
8196000,1865.894351,3479,238,0.005794,0.2734
8198000,1875.702045,3508,233,0.004442,0.3125
8200000,1875.316786,3509,224,0.003201,0.3906
8202000,1871.950674,3500,226,0.003065,0.3672
8204000,1858.612597,3496,241,0.002588,0.3203
8206000,1851.605944,3495,253,0.004012,0.3906
8208000,1856.488622,3503,250,0.002363,0.2891
8210000,1853.488399,3477,275,0.002659,0.2969
8212000,1849.490209,3510,243,0.002329,0.2656
8214000,1819.542780,3513,229,0.003474,0.3672
8216000,1814.474526,3546,215,0.004260,0.2734
8218000,1824.016179,3545,215,0.002602,0.2891
8220000,1827.163184,3563,201,0.003707,0.3672
8222000,1824.271179,3566,199,0.002983,0.3203
8224000,1826.948909,3555,222,0.002725,0.3359
8226000,1825.558406,3550,221,0.002679,0.2812
8228000,1818.127558,3546,216,0.002941,0.2734
8230000,1823.061753,3519,230,0.003182,0.3750
8232000,1814.843841,3556,208,0.002988,0.2891
8234000,1813.845203,3555,219,0.004558,0.2891
8236000,1820.178744,3547,208,0.005961,0.3359
8238000,1840.843359,3577,206,0.006344,0.2969
8240000,1833.991759,3557,214,0.006618,0.2969
8242000,1848.453293,3596,197,0.008178,0.2891
8244000,1850.034725,3615,195,0.007711,0.2969
8246000,1880.252447,3597,206,0.012660,0.3203
8248000,1880.732531,3595,213,0.012045,0.2656
8250000,1897.154864,3577,214,0.012549,0.2891
8252000,1892.618338,3610,190,0.012649,0.2656
8254000,1891.243479,3604,184,0.011875,0.2578
8256000,1875.852817,3594,197,0.009940,0.2891
8258000,1864.307538,3579,196,0.010638,0.2812
8260000,1866.215322,3591,184,0.010620,0.2578
8262000,1851.134651,3583,184,0.010078,0.2422
8264000,1833.462835,3603,180,0.014270,0.3359
8266000,1840.584660,3610,183,0.014779,0.2969
8268000,1850.531151,3585,194,0.013714,0.2578
8270000,1841.132834,3574,200,0.013764,0.3125
8272000,1833.225444,3548,203,0.012934,0.2812
8274000,1832.303591,3561,192,0.012546,0.2969
8276000,1836.109264,3573,209,0.014771,0.2891
8278000,1838.274580,3566,201,0.014482,0.2344
8280000,1829.551292,3561,210,0.014674,0.2734
8282000,1829.524307,3601,201,0.014471,0.2969
8284000,1831.541040,3606,196,0.013487,0.2656
8286000,1824.312629,3590,207,0.013260,0.2656
8288000,1815.844888,3578,202,0.011594,0.2891
8290000,1822.669674,3579,212,0.009836,0.3203
8292000,1822.789475,3533,219,0.010674,0.3281
8294000,1822.226065,3551,226,0.009397,0.3125
8296000,1821.906587,3569,203,0.011150,0.2578
8298000,1832.545256,3547,210,0.011398,0.3359
8300000,1823.339539,3523,212,0.010089,0.3125
8302000,1816.234688,3518,210,0.007737,0.3125
8304000,1819.740731,3501,224,0.009136,0.2891
8306000,1814.652971,3523,217,0.006755,0.3672
8308000,1812.902231,3549,224,0.006158,0.2578
8310000,1814.961153,3494,253,0.006634,0.2578
8312000,1823.075466,3509,246,0.007254,0.2891
8314000,1822.223797,3526,241,0.007005,0.2969
8316000,1816.164725,3562,219,0.005778,0.3750
8318000,1829.997112,3546,216,0.005606,0.3281
8320000,1832.477626,3548,215,0.006398,0.3047
8322000,1824.416036,3546,218,0.007061,0.2969
8324000,1824.113829,3538,214,0.007160,0.3203
8326000,1820.268036,3551,219,0.005489,0.3125
8328000,1824.642220,3534,230,0.005073,0.2812
8330000,1824.559171,3544,213,0.004700,0.3359
8332000,1828.005348,3544,221,0.004021,0.2891
8334000,1842.105606,3510,226,0.002176,0.2266
8336000,1831.922215,3526,229,0.001641,0.2734
8338000,1818.274651,3540,210,0.001139,0.2969
8340000,1818.586287,3499,228,0.001787,0.3125
8342000,1833.914839,3489,241,0.002580,0.2812
8344000,1836.039936,3483,237,0.001747,0.3281
8346000,1815.786250,3448,258,0.004967,0.3359
8348000,1815.681122,3465,254,0.005456,0.2969
8350000,1822.265471,3502,249,0.006677,0.2969
8352000,1837.699532,3522,234,0.007045,0.3281
8354000,1833.807724,3523,229,0.007430,0.3359
8356000,1842.603242,3502,243,0.001560,0.3359
8358000,1842.331385,3504,240,0.001826,0.3281
8360000,1845.637898,3540,229,0.001686,0.3672
8362000,1845.142030,3525,227,0.000904,0.2734
8364000,1875.190187,3540,226,0.007153,0.2578
8366000,1871.315528,3548,233,0.007576,0.3047
8368000,1867.889797,3569,238,0.007683,0.3516
8370000,1872.166932,3564,223,0.009208,0.2969
8372000,1878.687930,3563,220,0.010179,0.2969
8374000,1884.217468,3578,202,0.010175,0.2422
8376000,1884.033516,3585,194,0.010909,0.2500
8378000,1875.796222,3577,210,0.013472,0.3516
8380000,1889.234228,3567,220,0.011169,0.3047
8382000,1887.354110,3577,233,0.010677,0.2344
8384000,1909.526266,3539,242,0.009558,0.3125
8386000,1893.563637,3552,216,0.008487,0.3906
8388000,1892.470022,3544,211,0.008414,0.2500
8390000,1887.611146,3527,220,0.007536,0.3359
8392000,1891.874883,3547,203,0.007415,0.3203
8394000,1895.573738,3551,209,0.006037,0.3594
8396000,1901.379259,3533,227,0.004780,0.3281
8398000,1904.373054,3540,211,0.005313,0.2812
8400000,1895.531867,3518,215,0.004586,0.3203
8402000,1889.449033,3545,225,0.005484,0.2969
8404000,1886.956624,3552,235,0.004370,0.2812
8406000,1888.022869,3556,232,0.004209,0.2422
8408000,1877.224489,3553,238,0.004450,0.4062
8410000,1894.803181,3554,226,0.003641,0.2891
8412000,1881.949146,3566,219,0.003547,0.2969
8414000,1898.171600,3548,225,0.003737,0.2578
8416000,1898.955130,3541,208,0.003956,0.2969
8418000,1890.761252,3526,211,0.003632,0.3125
8420000,1892.966511,3542,195,0.003825,0.3516
8422000,1900.054652,3536,199,0.004665,0.3281
8424000,1896.488075,3535,211,0.004813,0.3047
8426000,1897.855866,3533,213,0.004777,0.3438
8428000,1910.870798,3516,220,0.004789,0.3125
8430000,1891.445132,3493,236,0.005551,0.3125
8432000,1888.930290,3448,263,0.006523,0.2891
8434000,1877.961948,3447,253,0.005894,0.3125
8436000,1879.040957,3459,240,0.005361,0.2422
8438000,1881.870923,3447,242,0.005015,0.3828
8440000,1881.095533,3433,244,0.005417,0.3125
8442000,1883.156024,3476,233,0.007776,0.3203
8444000,1881.306768,3472,239,0.006315,0.2969
8446000,1881.968529,3503,224,0.004525,0.2422
8448000,1890.765056,3515,222,0.003400,0.3828
8450000,1873.234908,3521,221,0.003251,0.2734
8452000,1868.468183,3522,218,0.003608,0.2812
8454000,1872.769160,3534,203,0.002259,0.2500
8456000,1877.194013,3504,231,0.002354,0.2969
8458000,1886.234283,3509,219,0.002185,0.2500
8460000,1886.543893,3515,220,0.003218,0.3047
8462000,1885.593002,3503,227,0.003718,0.2734
8464000,1894.145120,3518,235,0.003345,0.2891
8466000,1892.034231,3496,255,0.002580,0.3047
8468000,1887.423351,3483,245,0.002614,0.2422
8470000,1869.168639,3512,231,0.001510,0.3203
8472000,1885.751608,3528,231,0.002818,0.2734
8474000,1886.988631,3527,230,0.003585,0.3125
8476000,1893.699202,3523,243,0.004392,0.2734
8478000,1881.033506,3523,250,0.005052,0.3203
8480000,1869.099048,3539,226,0.007142,0.2891
8482000,1883.890053,3516,244,0.008265,0.2344
8484000,1861.592097,3510,240,0.009246,0.3750
8486000,1849.330372,3535,224,0.007547,0.3906
8488000,1850.535393,3542,218,0.008895,0.3047
8490000,1832.079568,3546,189,0.009167,0.2656
8492000,1873.576479,3535,197,0.007266,0.2578
8494000,1869.333716,3542,184,0.003842,0.2422
8496000,1850.911508,3528,201,0.004471,0.2656
8498000,1864.371682,3519,200,0.007131,0.3359
8500000,1863.828004,3508,217,0.006304,0.2109
8502000,1854.277519,3462,247,0.006318,0.3047
8504000,1846.029078,3448,252,0.005548,0.2656
8506000,1842.377824,3454,256,0.004649,0.3359
8508000,1841.859370,3464,253,0.004685,0.3281
8510000,1849.259114,3478,232,0.004517,0.3047
8512000,1846.541103,3494,229,0.004771,0.2891
8514000,1861.887850,3515,237,0.005711,0.2500
8516000,1861.762592,3535,249,0.007477,0.2812
8518000,1860.424459,3560,218,0.005880,0.2734
8520000,1866.312741,3535,218,0.004896,0.2891
8522000,1839.571259,3504,224,0.009136,0.3047
8524000,1834.751918,3511,236,0.011504,0.3203
8526000,1834.002395,3511,241,0.011115,0.3125
8528000,1865.480875,3494,240,0.009604,0.3125
8530000,1873.449953,3478,260,0.009890,0.3203
8532000,1864.548899,3503,242,0.010717,0.3672
8534000,1873.612138,3482,242,0.010232,0.2344
8536000,1879.578001,3483,244,0.013210,0.3125
8538000,1882.824620,3480,240,0.012997,0.3906
8540000,1875.924306,3501,236,0.011984,0.3438
8542000,1879.905912,3472,232,0.011188,0.2812
8544000,1890.773957,3484,233,0.012498,0.3203
8546000,1889.291252,3484,248,0.012261,0.2188
8548000,1886.367377,3476,264,0.013564,0.3359
8550000,1900.221694,3498,242,0.013123,0.3047
8552000,1899.099750,3517,248,0.016134,0.3281
8554000,1898.646716,3499,217,0.021457,0.2969
8556000,1906.523932,3517,211,0.022319,0.3359
8558000,1906.008293,3499,246,0.022672,0.3359
8560000,1890.923247,3508,262,0.024323,0.2109
8562000,1886.361813,3518,244,0.025822,0.3516
8564000,1878.085428,3537,250,0.023997,0.3516
8566000,1890.844911,3519,243,0.012586,0.2734
8568000,1888.965071,3498,257,0.013130,0.2969
8570000,1919.037086,3483,259,0.005635,0.2969
8572000,1916.986082,3526,243,0.006687,0.2891
8574000,1908.729200,3521,233,0.006846,0.2344
8576000,1919.912356,3525,227,0.005394,0.2656
8578000,1910.339866,3515,235,0.003830,0.3281
8580000,1922.821834,3566,206,0.003847,0.3203
8582000,1915.631797,3540,213,0.004176,0.3438
8584000,1920.674483,3561,201,0.004903,0.2188
8586000,1921.052762,3542,226,0.004450,0.2969
8588000,1906.584642,3545,224,0.003365,0.2891
8590000,1915.580016,3542,214,0.003179,0.3672
8592000,1912.748738,3534,212,0.003271,0.2812
8594000,1920.695497,3507,237,0.003302,0.2891
8596000,1920.294537,3497,234,0.003132,0.3750
8598000,1928.561122,3502,240,0.001435,0.2891
8600000,1923.171227,3498,249,0.002417,0.2500
8602000,1915.665007,3493,233,0.002571,0.2578
8604000,1920.590267,3510,227,0.003315,0.2500
8606000,1914.007219,3506,227,0.004743,0.2656
8608000,1932.729978,3500,236,0.003385,0.3281
8610000,1934.267076,3514,232,0.002506,0.2500
8612000,1936.578338,3522,236,0.001624,0.3984
8614000,1926.059719,3531,230,0.002958,0.3047
8616000,1929.730035,3526,229,0.003812,0.2969
8618000,1929.002205,3523,221,0.002566,0.3047
8620000,1941.837562,3546,225,0.003279,0.3516
8622000,1935.846412,3554,217,0.002625,0.2188
8624000,1929.504554,3562,212,0.001927,0.3281
8626000,1913.766083,3534,237,0.002662,0.2344
8628000,1930.768879,3529,231,0.003014,0.3359
8630000,1927.715269,3519,233,0.005274,0.3125
8632000,1910.226468,3516,232,0.005626,0.2969
8634000,1903.404378,3519,237,0.005422,0.3125
8636000,1882.679966,3504,240,0.004173,0.2656
8638000,1864.394077,3520,226,0.006102,0.3516
8640000,1883.990762,3503,232,0.006026,0.3125
8642000,1886.960092,3566,206,0.005504,0.2344
8644000,1881.633066,3525,231,0.005218,0.2344
8646000,1886.149563,3538,217,0.004449,0.3359
8648000,1892.412304,3521,236,0.004578,0.2578
8650000,1913.884111,3539,224,0.006225,0.3281
8652000,1905.063421,3548,205,0.006132,0.3203
8654000,1904.197439,3547,208,0.006340,0.2500
8656000,1914.717615,3532,235,0.007295,0.3516
8658000,1905.694219,3566,225,0.005734,0.3594
8660000,1906.563352,3592,205,0.006109,0.2500
8662000,1926.212478,3578,203,0.005982,0.3047
8664000,1935.815546,3573,216,0.006542,0.2578
8666000,1943.185273,3565,224,0.009965,0.2891
8668000,1932.844956,3587,220,0.008883,0.2734
8670000,1945.161642,3576,223,0.006479,0.2812
8672000,1963.417730,3560,237,0.006638,0.3438
8674000,1973.882590,3547,224,0.007787,0.2656
8676000,1977.724767,3538,235,0.007558,0.3203
8678000,1980.854462,3549,226,0.008171,0.3359
8680000,1985.986592,3571,213,0.008503,0.2734
8682000,1988.141507,3540,229,0.006612,0.2812
8684000,1998.819577,3522,215,0.008303,0.2500
8686000,2007.674053,3517,215,0.009943,0.3281
8688000,2009.011101,3501,219,0.010093,0.2812
8690000,2000.044931,3502,240,0.007974,0.2969
8692000,1977.388062,3507,232,0.011282,0.2812
8694000,1974.535917,3528,244,0.011533,0.3203
8696000,1970.234647,3558,249,0.009853,0.3203
8698000,1963.585585,3569,228,0.008200,0.2656
8700000,1946.289894,3543,240,0.010481,0.3203
8702000,1923.547534,3556,238,0.010520,0.2812
8704000,1917.865278,3551,235,0.012931,0.2734
8706000,1919.570247,3549,217,0.013160,0.1719
8708000,1923.023315,3576,195,0.014370,0.3203
8710000,1913.484371,3583,199,0.012483,0.3594
8712000,1926.672335,3554,193,0.010566,0.3281
8714000,1919.429793,3560,200,0.008805,0.2734
8716000,1905.066594,3570,191,0.008676,0.2734
8718000,1908.840856,3573,206,0.010283,0.2266
8720000,1903.701115,3585,198,0.011087,0.3203
8722000,1901.180480,3554,213,0.009137,0.3281
8724000,1903.202146,3566,228,0.008059,0.3047
8726000,1916.809278,3575,230,0.008096,0.3906
8728000,1925.030449,3560,236,0.007997,0.2812
8730000,1935.283493,3596,210,0.007941,0.3281
8732000,1929.741599,3561,226,0.007227,0.3203
8734000,1935.015874,3589,228,0.007921,0.2656
8736000,1935.569427,3583,220,0.008968,0.2812
8738000,1931.702714,3592,211,0.008895,0.3203
8740000,1934.302165,3607,201,0.008523,0.3125
8742000,1935.579799,3580,222,0.006916,0.1875
8744000,1941.372706,3578,221,0.004993,0.3828
8746000,1930.202952,3568,239,0.004392,0.3047
8748000,1936.862730,3574,237,0.003586,0.2969
8750000,1929.859953,3585,235,0.003642,0.3750
8752000,1954.073979,3595,215,0.005459,0.2578
8754000,1954.809511,3600,204,0.008020,0.2891
8756000,1945.986623,3602,198,0.007621,0.3672
8758000,1957.134239,3608,194,0.006247,0.2656
8760000,1947.333128,3599,209,0.005266,0.3203
8762000,1956.635160,3582,224,0.005253,0.3359
8764000,1942.315172,3588,223,0.004084,0.2344
8766000,1961.958424,3583,221,0.008690,0.3125
8768000,1958.275778,3574,217,0.007805,0.3359
8770000,1962.722011,3564,229,0.007758,0.2812
8772000,1941.390328,3587,220,0.008648,0.2422
8774000,1948.140131,3574,210,0.008625,0.2891
8776000,1956.919985,3573,222,0.007957,0.3125
8778000,1962.266910,3585,206,0.008603,0.3359
8780000,1953.465791,3578,214,0.008185,0.2734
8782000,1968.662579,3581,217,0.007796,0.3438
8784000,1964.361000,3549,240,0.006959,0.3203
8786000,1970.703150,3557,231,0.007726,0.1953
8788000,1970.755265,3562,224,0.006155,0.2812
8790000,1971.894441,3555,230,0.009213,0.2031
8792000,1975.456051,3557,220,0.009891,0.2891
8794000,1971.349092,3560,231,0.006839,0.3047
8796000,1961.171702,3566,235,0.008067,0.3594
8798000,1967.336916,3559,224,0.007792,0.3359
8800000,1964.424394,3540,229,0.007221,0.3047
8802000,1956.436563,3551,223,0.007079,0.2812
8804000,1950.217954,3536,245,0.006056,0.2734
8806000,1938.186110,3512,246,0.006805,0.2734
8808000,1942.006876,3510,246,0.008427,0.3203
8810000,1967.573413,3485,255,0.008741,0.2422
8812000,1958.169722,3500,257,0.007458,0.3516
8814000,1964.335150,3492,262,0.008029,0.2891
8816000,1941.235981,3511,255,0.008537,0.3125
8818000,1937.585981,3528,237,0.007284,0.3203
8820000,1939.256502,3527,234,0.006045,0.2891
8822000,1926.531556,3531,227,0.005005,0.2891
8824000,1928.656682,3531,234,0.005894,0.3828
8826000,1934.544411,3562,223,0.006300,0.3203
8828000,1934.152513,3569,224,0.005440,0.2188
8830000,1936.863598,3560,228,0.005312,0.3203
8832000,1950.296131,3539,244,0.005239,0.3047
8834000,1935.661460,3532,232,0.005793,0.3047
8836000,1945.072277,3548,228,0.006753,0.2656
8838000,1951.210252,3566,226,0.007626,0.3281
8840000,1947.664898,3533,228,0.006283,0.3125
8842000,1945.960217,3556,222,0.006195,0.3750
8844000,1941.659711,3534,228,0.005809,0.2578
8846000,1955.170637,3549,225,0.005207,0.2344
8848000,1931.755808,3529,253,0.008827,0.2344
8850000,1938.064738,3523,232,0.009513,0.2500
8852000,1942.995664,3518,239,0.010156,0.2891
8854000,1934.712289,3521,235,0.011210,0.3359
8856000,1938.152097,3517,237,0.011753,0.3125
8858000,1954.763269,3523,221,0.010931,0.3047
8860000,1985.543754,3519,239,0.010459,0.3516
8862000,1987.333121,3576,215,0.011872,0.2578
8864000,1986.847999,3526,251,0.009707,0.3203
8866000,1989.993339,3564,223,0.010136,0.2578
8868000,1979.399952,3570,237,0.010303,0.2891
8870000,2013.772144,3564,224,0.015339,0.3047
8872000,2016.551164,3564,205,0.013895,0.3125
8874000,2020.470729,3570,205,0.013085,0.2422
8876000,2015.801614,3554,224,0.015665,0.3203
8878000,2015.898101,3550,215,0.014485,0.3359
8880000,2023.707528,3565,201,0.013514,0.2422
8882000,2014.624521,3555,211,0.014641,0.3047
8884000,1997.413089,3552,204,0.014339,0.2578
8886000,1999.762283,3570,211,0.013530,0.3281
8888000,1999.957560,3571,200,0.013632,0.2891
8890000,1999.305082,3589,202,0.012393,0.2891
8892000,1993.885657,3586,204,0.011195,0.2734
8894000,1990.419559,3575,205,0.011940,0.3359
8896000,1986.218993,3570,210,0.011088,0.2422
8898000,1969.363685,3565,212,0.010420,0.2422
8900000,1955.630693,3541,246,0.011019,0.2344
8902000,1975.513668,3548,235,0.009909,0.3516
8904000,1974.601413,3574,233,0.009846,0.2969
8906000,1971.128191,3571,219,0.011906,0.3750
8908000,1979.062374,3601,213,0.011679,0.3359
8910000,1980.525725,3592,203,0.011123,0.2891
8912000,1995.370449,3584,204,0.011159,0.2969
8914000,2008.058097,3609,207,0.004802,0.3203
8916000,2009.412644,3617,193,0.004954,0.2812
8918000,1998.727103,3601,209,0.005079,0.3281
8920000,1983.986469,3609,207,0.006165,0.2656
8922000,1981.783957,3585,207,0.004756,0.2031
8924000,1988.333971,3590,209,0.004948,0.3281
8926000,1993.130117,3567,223,0.006316,0.2969
8928000,1989.449879,3587,222,0.005771,0.3359
8930000,1993.027791,3583,222,0.005992,0.2734
8932000,1998.535888,3568,216,0.005291,0.2891
8934000,1978.304460,3599,208,0.004720,0.3359
8936000,1996.963281,3583,210,0.004380,0.2422
8938000,1993.854390,3588,209,0.005036,0.3203
8940000,1996.445474,3589,215,0.005793,0.2969
8942000,2005.848441,3587,221,0.005782,0.3906
8944000,2017.877183,3593,218,0.006389,0.3047
8946000,2002.824379,3592,218,0.005498,0.2891
8948000,1999.961941,3596,231,0.006721,0.2656
8950000,2010.103431,3598,216,0.005370,0.3516
8952000,2007.313627,3595,224,0.003488,0.3281
8954000,2009.875253,3606,225,0.004853,0.2578
8956000,2004.284647,3596,227,0.002654,0.2422
8958000,2004.276413,3595,229,0.008210,0.2891
8960000,2002.349757,3594,225,0.007801,0.2969
8962000,1985.493481,3591,231,0.008430,0.3281
8964000,1997.894324,3561,224,0.008794,0.2656
8966000,1997.576898,3541,229,0.010187,0.3281
8968000,1985.144697,3558,233,0.010703,0.2578
8970000,1975.360659,3559,227,0.011074,0.2188
8972000,2001.193374,3547,233,0.012230,0.2812
8974000,1965.902633,3546,247,0.018127,0.2578
8976000,1981.326439,3530,238,0.016184,0.2656
8978000,1957.623299,3496,249,0.015425,0.3516
8980000,1966.152035,3523,235,0.014708,0.3047
8982000,1961.992300,3526,228,0.014198,0.2578
8984000,1961.176609,3498,239,0.013721,0.2266
8986000,1956.063118,3520,224,0.013585,0.2969
8988000,1936.879819,3487,237,0.016728,0.2891
8990000,1922.638246,3471,242,0.014978,0.3516
8992000,1911.435306,3481,258,0.013487,0.3828
8994000,1927.105266,3479,264,0.012305,0.3672
8996000,1920.548078,3488,244,0.011958,0.2969
8998000,1918.881677,3523,238,0.013185,0.2969
9000000,1920.062938,3520,223,0.011543,0.3359
9002000,1921.728962,3519,224,0.015181,0.3125
9004000,1927.853164,3551,225,0.016130,0.2969
9006000,1914.954209,3562,214,0.017082,0.2812
9008000,1911.430958,3567,224,0.018167,0.3438
9010000,1922.385763,3569,232,0.019593,0.3125
9012000,1925.543619,3554,226,0.021939,0.2812
9014000,1921.030506,3519,232,0.024629,0.3125
9016000,1922.053994,3548,235,0.024794,0.2891
9018000,1919.429550,3529,233,0.026983,0.3750
9020000,1919.954794,3546,220,0.028354,0.2422
9022000,1924.977674,3567,208,0.026913,0.3359
9024000,1903.483831,3532,226,0.021277,0.3047
9026000,1895.732888,3523,244,0.022875,0.3125
9028000,1894.093628,3541,231,0.020124,0.3516
9030000,1888.088026,3506,249,0.020760,0.2812
9032000,1898.642353,3497,255,0.018777,0.2969
9034000,1875.745589,3491,262,0.016068,0.3047
9036000,1876.512903,3498,243,0.016313,0.2656
9038000,1888.843897,3486,248,0.015291,0.3438
9040000,1889.129991,3508,229,0.013423,0.3047
9042000,1871.244705,3504,219,0.013881,0.2578
9044000,1874.892204,3482,241,0.013441,0.2656
9046000,1862.419461,3457,256,0.012633,0.2656
9048000,1853.545966,3488,236,0.010990,0.3281
9050000,1869.008614,3486,238,0.011044,0.2969
9052000,1878.754934,3516,235,0.011510,0.2891
9054000,1872.324877,3500,246,0.013982,0.3281
9056000,1868.067891,3507,234,0.017222,0.2734
9058000,1862.026695,3500,228,0.017267,0.2188
9060000,1863.887345,3505,224,0.017336,0.3516
9062000,1875.242664,3480,242,0.016941,0.3125
9064000,1881.119743,3492,240,0.016805,0.3516
9066000,1889.005306,3494,242,0.015788,0.3125
9068000,1892.575340,3505,248,0.014584,0.3438
9070000,1885.619481,3524,241,0.016633,0.2969
9072000,1906.551595,3548,215,0.013954,0.2500
9074000,1915.842323,3558,217,0.013490,0.2578
9076000,1908.315837,3551,214,0.014949,0.3438
9078000,1919.548404,3564,213,0.013624,0.3438
9080000,1932.396185,3578,221,0.015173,0.3438
9082000,1935.884991,3569,230,0.013640,0.2500
9084000,1912.009753,3618,194,0.010800,0.2656
9086000,1894.579319,3602,192,0.009005,0.3516
9088000,1888.725736,3606,205,0.010244,0.2891
9090000,1875.137625,3594,230,0.011440,0.3203
9092000,1892.698531,3600,219,0.011363,0.2891
9094000,1893.573059,3598,216,0.012122,0.2578
9096000,1899.216120,3602,208,0.009865,0.2422
9098000,1903.486764,3631,201,0.010111,0.2812
9100000,1911.821562,3632,186,0.010091,0.2812
9102000,1888.267830,3605,189,0.008260,0.3047
9104000,1894.385291,3633,182,0.009829,0.2344
9106000,1920.431062,3633,190,0.012898,0.2969
9108000,1930.693228,3597,216,0.011801,0.2969
9110000,1915.936243,3584,224,0.012109,0.3047
9112000,1910.843503,3587,219,0.010458,0.2188
9114000,1911.764631,3595,213,0.008937,0.2891
9116000,1913.403699,3591,226,0.006953,0.2734
9118000,1924.991051,3575,225,0.007671,0.3125
9120000,1922.344044,3580,225,0.008117,0.2734
9122000,1942.439349,3587,223,0.008801,0.4375
9124000,1938.847232,3604,218,0.008934,0.2969
9126000,1963.947633,3596,241,0.011799,0.3047
9128000,1968.514351,3602,229,0.013557,0.2578
9130000,1971.448477,3553,232,0.014263,0.3750
9132000,1973.239928,3532,238,0.012549,0.2578
9134000,1960.679821,3541,233,0.010127,0.3594
9136000,1974.496622,3536,234,0.013482,0.2578
9138000,1958.597752,3534,230,0.018147,0.3438
9140000,1966.596283,3561,230,0.016530,0.2734
9142000,1972.177020,3539,241,0.015440,0.2500
9144000,1971.033671,3549,241,0.015753,0.2969
9146000,1967.695084,3551,246,0.016036,0.3125
9148000,1962.538604,3553,226,0.013164,0.2344
9150000,1985.155556,3552,246,0.018852,0.3906
9152000,1984.295553,3519,250,0.021543,0.3125
9154000,1980.195839,3520,248,0.022175,0.2812
9156000,1978.626762,3510,251,0.020117,0.3125
9158000,1955.807351,3537,222,0.018028,0.3516
9160000,1952.717732,3564,208,0.017936,0.3281
9162000,1937.878307,3555,218,0.015455,0.4688
9164000,1937.090707,3549,215,0.016559,0.3125
9166000,1946.350506,3554,217,0.018837,0.2812
9168000,1940.070602,3540,234,0.016506,0.3594
9170000,1961.518122,3550,228,0.014346,0.3125
9172000,1946.822421,3540,253,0.015096,0.3125
9174000,1961.497845,3530,256,0.017320,0.2891
9176000,1970.031795,3522,268,0.018510,0.3516
9178000,1938.874673,3525,252,0.018467,0.3438
9180000,1907.537970,3546,229,0.025399,0.3281
9182000,1901.599507,3558,227,0.028323,0.3125
9184000,1890.263135,3550,226,0.018946,0.3672
9186000,1911.448443,3563,208,0.020264,0.2344
9188000,1922.642079,3569,208,0.019446,0.2500
9190000,1964.213778,3584,218,0.025431,0.3203
9192000,1967.320522,3575,216,0.027275,0.3672
9194000,1971.815154,3551,220,0.028442,0.3203
9196000,1967.940946,3545,223,0.029601,0.3125
9198000,1987.501608,3569,186,0.033467,0.2500
9200000,2008.261577,3548,194,0.019262,0.2891
9202000,2008.277710,3528,207,0.019747,0.3281
9204000,1997.344879,3508,237,0.021518,0.2812
9206000,1992.118241,3513,229,0.016959,0.3359
9208000,1982.579697,3512,233,0.016126,0.2656
9210000,1983.478871,3517,237,0.011955,0.2969
9212000,1982.908658,3521,220,0.013185,0.2891
9214000,1990.557844,3506,234,0.013597,0.2734
9216000,2004.565431,3523,224,0.015091,0.2422
9218000,1997.543977,3539,226,0.015831,0.3203
9220000,2020.816949,3537,242,0.014367,0.3125
9222000,1995.743123,3541,252,0.010046,0.2734
9224000,1943.208238,3532,255,0.005822,0.2656
9226000,1939.525678,3528,252,0.006374,0.3281
9228000,1932.676794,3516,252,0.005439,0.3516
9230000,1928.235039,3503,242,0.006907,0.3438
9232000,1936.841479,3507,260,0.013062,0.2500
9234000,1974.003074,3524,248,0.013376,0.3203
9236000,1981.769046,3524,227,0.014272,0.2578
9238000,1986.084485,3509,235,0.016522,0.3281
9240000,1990.822264,3544,236,0.014027,0.2891
9242000,1986.258824,3565,232,0.012454,0.3281
9244000,1999.047040,3576,213,0.011021,0.2812
9246000,2026.112653,3588,206,0.005286,0.2188
9248000,2051.351922,3589,207,0.005898,0.2812
9250000,2022.576034,3593,205,0.006107,0.3047
9252000,2030.440730,3597,185,0.006071,0.2500
9254000,2015.074165,3578,193,0.005898,0.3359
9256000,2022.714611,3589,201,0.011164,0.2500
9258000,2033.637947,3576,198,0.011232,0.3125
9260000,2042.321997,3571,229,0.010797,0.2969
9262000,2034.512108,3557,245,0.009692,0.3125
9264000,1980.150035,3529,233,0.000279,0.3359
9266000,1993.218642,3522,232,0.000991,0.3281
9268000,1974.933331,3549,223,0.000785,0.3438
9270000,1980.979912,3534,228,0.001243,0.2891
9272000,1984.676512,3521,245,0.000811,0.3672
9274000,1979.641668,3520,248,0.001099,0.3594
9276000,1972.770166,3520,275,0.001020,0.3828
9278000,1978.584945,3517,245,0.001444,0.3203
9280000,1969.603808,3505,259,0.001507,0.2969
9282000,1968.648146,3495,248,0.001205,0.3281
9284000,1968.335905,3544,229,0.001716,0.3438
9286000,1977.063880,3523,242,0.001513,0.3438
9288000,1953.893460,3545,228,0.001570,0.3047
9290000,1955.301026,3576,247,0.002516,0.2422
9292000,1969.120486,3571,231,0.001623,0.2891
9294000,1986.819736,3578,237,0.001249,0.3047
9296000,1983.836922,3555,231,0.001983,0.3047
9298000,1939.024924,3543,226,0.001173,0.3516
9300000,1940.596218,3549,235,0.001732,0.3359
9302000,1942.903988,3567,229,0.001004,0.3828
9304000,1943.179113,3586,216,0.000558,0.3047
9306000,1946.517312,3562,221,0.000301,0.3281
9308000,1962.817522,3583,212,0.000419,0.2266
9310000,1947.156762,3581,225,0.000399,0.3359
9312000,1937.840499,3592,208,0.000836,0.3281
9314000,1913.529625,3577,220,0.000132,0.2891
9316000,1931.817566,3592,206,0.000211,0.2891
9318000,1936.279873,3562,244,0.000254,0.3125
9320000,1929.805595,3574,221,0.000336,0.3438
9322000,1943.837197,3588,200,0.000320,0.2500
9324000,1941.258178,3568,215,0.000326,0.2422
9326000,1937.804282,3571,214,0.002389,0.2891
9328000,1946.352816,3539,238,0.001560,0.3047
9330000,1939.861080,3540,231,0.000721,0.3203
9332000,1951.509422,3552,224,0.000986,0.3047
9334000,1960.507179,3531,223,0.001136,0.2812
9336000,1956.211236,3561,212,0.001334,0.2812
9338000,1965.146979,3564,219,0.002274,0.3203
9340000,1970.005591,3566,212,0.002023,0.3047
9342000,1967.905740,3543,208,0.002579,0.2578
9344000,1984.311524,3533,226,0.002027,0.3047
9346000,1935.893498,3540,216,0.002841,0.3125
9348000,1943.900331,3554,197,0.002827,0.2734
9350000,1917.755812,3578,202,0.001665,0.2969
9352000,1910.599792,3567,209,0.001450,0.3359
9354000,1902.638988,3567,206,0.001591,0.2344
9356000,1899.870432,3543,224,0.001187,0.3125
9358000,1930.423588,3557,211,0.002157,0.2656
9360000,1946.637279,3574,206,0.002867,0.3047
9362000,1945.793951,3582,223,0.002063,0.2578
9364000,1946.908846,3600,193,0.001996,0.2891
9366000,1952.847947,3586,208,0.003086,0.2422
9368000,1957.494943,3596,216,0.003163,0.2734
9370000,1955.601518,3585,218,0.004293,0.2500
9372000,2016.715491,3569,220,0.015083,0.3203
9374000,1986.842449,3574,217,0.006726,0.2734
9376000,1983.028058,3597,201,0.009384,0.3281
9378000,2032.196711,3571,222,0.020054,0.3359
9380000,2043.574571,3569,210,0.019996,0.3359
9382000,2038.155342,3568,208,0.019098,0.2656
9384000,2033.769799,3564,220,0.016725,0.3125
9386000,2038.457301,3595,210,0.015578,0.2969
9388000,2059.418034,3565,213,0.015218,0.2891
9390000,2081.973545,3583,218,0.022069,0.3984
9392000,2053.721964,3579,229,0.051964,0.2500
9394000,2040.355393,3589,209,0.051033,0.2656
9396000,2037.237598,3592,225,0.055563,0.2422
9398000,2029.271278,3605,212,0.053040,0.2969
9400000,2022.481416,3609,194,0.053221,0.3125
9402000,2034.885121,3610,199,0.054775,0.2891
9404000,2045.821603,3605,201,0.045701,0.3203
9406000,2040.431289,3594,202,0.044413,0.2812
9408000,2059.259544,3588,207,0.045948,0.2422
9410000,2079.855267,3578,219,0.047212,0.2578
9412000,2075.481756,3563,209,0.047115,0.2812
9414000,2094.713942,3567,215,0.051571,0.2969
9416000,2099.200576,3572,212,0.049681,0.2891
9418000,2076.530344,3568,206,0.055597,0.3203
9420000,2100.202691,3584,208,0.063423,0.2656
9422000,2091.817304,3578,203,0.062936,0.2266
9424000,2087.767828,3592,210,0.061378,0.3281
9426000,2091.045869,3595,206,0.060895,0.2422
9428000,2087.066986,3591,189,0.062606,0.2891
9430000,2094.868687,3580,205,0.063075,0.3203
9432000,2042.062140,3573,195,0.011881,0.2031
9434000,2016.988478,3572,201,0.013353,0.3594
9436000,2038.285533,3575,222,0.012928,0.2812
9438000,2051.441873,3592,212,0.013966,0.3125
9440000,2055.755025,3553,228,0.015254,0.2812
9442000,2040.884267,3548,226,0.018143,0.3047
9444000,2025.158842,3520,241,0.016292,0.3516
9446000,2014.191473,3518,235,0.014508,0.3750
9448000,2007.955781,3507,251,0.013323,0.3203
9450000,2019.051803,3509,248,0.013790,0.3125
9452000,2027.958919,3526,223,0.013014,0.3047
9454000,2035.099340,3518,218,0.013254,0.2891
9456000,2024.187623,3528,239,0.014645,0.2812
9458000,2027.543623,3525,228,0.017279,0.2578
9460000,2013.762476,3525,232,0.015404,0.3594
9462000,2013.011942,3534,248,0.016984,0.3281
9464000,2016.137546,3523,245,0.016529,0.2734
9466000,2026.725278,3497,251,0.016558,0.3516
9468000,2024.301790,3525,236,0.016853,0.3047
9470000,2010.505074,3535,251,0.018684,0.2969
9472000,2022.438314,3537,236,0.021892,0.3359
9474000,1996.685461,3524,233,0.019500,0.3125
9476000,2002.831810,3544,238,0.019530,0.2656
9478000,2067.647061,3533,248,0.012447,0.3281
9480000,2070.856186,3541,241,0.011949,0.3047
9482000,2064.950518,3529,219,0.010883,0.2734
9484000,2075.837514,3548,231,0.009449,0.3672
9486000,2067.671030,3554,231,0.008583,0.3359
9488000,2087.577725,3534,245,0.008527,0.2734
9490000,2048.183498,3544,233,0.011768,0.3047
9492000,2029.166091,3544,225,0.011131,0.2734
9494000,2033.813340,3511,244,0.012358,0.3047
9496000,2028.640268,3516,228,0.012583,0.3359
9498000,2006.695737,3552,221,0.013299,0.2734
9500000,1999.371925,3560,214,0.007300,0.2734
9502000,1990.819664,3574,207,0.006704,0.2812
9504000,1969.913578,3560,218,0.007640,0.3438
9506000,1971.021923,3576,221,0.008633,0.2500
9508000,1967.116903,3563,236,0.007866,0.2656
9510000,1978.284817,3586,231,0.006436,0.2734
9512000,1980.676384,3580,221,0.006838,0.2891
9514000,1987.099728,3566,234,0.006490,0.2891
9516000,1992.687094,3549,224,0.007462,0.2812
9518000,1975.735380,3561,216,0.009738,0.2500
9520000,1959.644361,3588,220,0.009471,0.3281
9522000,1968.780997,3568,227,0.007403,0.3047
9524000,1971.350781,3606,226,0.006743,0.3281
9526000,1965.582033,3631,191,0.008471,0.3125
9528000,1960.001123,3654,197,0.007903,0.2578
9530000,1972.023694,3637,191,0.009444,0.2734
9532000,1978.893918,3612,208,0.008890,0.3125
9534000,1975.237676,3629,193,0.007647,0.2266
9536000,1989.012548,3615,203,0.011895,0.2891
9538000,1965.354003,3605,211,0.014414,0.3594
9540000,1941.978457,3607,209,0.013495,0.2734
9542000,1945.495482,3611,208,0.013282,0.2734
9544000,1957.126042,3604,207,0.014001,0.3203
9546000,1931.374842,3612,217,0.015339,0.2188
9548000,1927.188001,3566,222,0.014241,0.3047
9550000,1935.116445,3557,226,0.015013,0.3047
9552000,1917.170407,3560,241,0.014998,0.3438
9554000,1956.008168,3560,220,0.010736,0.3203
9556000,1967.121081,3582,203,0.010164,0.3438
9558000,1959.087196,3589,194,0.010992,0.2109
9560000,1953.323541,3588,208,0.010265,0.2734
9562000,1949.658668,3595,210,0.006756,0.3438
9564000,1966.863627,3560,228,0.007867,0.3125
9566000,1961.474715,3540,218,0.008257,0.2188
9568000,1987.307920,3559,201,0.009529,0.2734
9570000,1985.171937,3558,226,0.011076,0.3438
9572000,1991.564580,3575,217,0.011239,0.2812
9574000,2005.302716,3560,223,0.011851,0.3359
9576000,1997.078605,3585,220,0.010268,0.2969
9578000,2006.905568,3606,213,0.009995,0.2344
9580000,2010.315648,3604,199,0.009469,0.2188
9582000,1993.270162,3580,207,0.003792,0.2344
9584000,1997.400841,3577,215,0.003610,0.3672
9586000,1972.453962,3556,229,0.004022,0.2578
9588000,1972.037226,3546,218,0.005415,0.1953
9590000,1996.707610,3574,218,0.007842,0.3047
9592000,2009.912199,3572,218,0.009930,0.2812
9594000,2011.412708,3557,221,0.010893,0.2656
9596000,2009.392470,3554,235,0.008104,0.2656
9598000,1984.029233,3565,224,0.013540,0.3125
9600000,1977.810378,3582,228,0.014165,0.3359
9602000,1979.291107,3574,238,0.017319,0.2500
9604000,1972.729191,3583,219,0.018985,0.2656
9606000,1985.596827,3588,222,0.018636,0.2500
9608000,1989.862544,3596,200,0.021320,0.3281
9610000,1992.562015,3564,212,0.024414,0.2812
9612000,1990.316159,3564,223,0.022622,0.2891
9614000,1999.316113,3557,227,0.020997,0.2812
9616000,2004.860951,3575,220,0.021897,0.2812
9618000,2002.937667,3593,194,0.022565,0.3125
9620000,1994.712609,3586,200,0.022351,0.3281
9622000,1994.627548,3573,206,0.022024,0.2656
9624000,1979.383964,3555,214,0.017348,0.2344
9626000,1984.527328,3558,225,0.016176,0.2812
9628000,1970.405204,3537,237,0.014919,0.2734
9630000,1976.151037,3561,232,0.015605,0.3359
9632000,1984.898271,3557,237,0.016163,0.2812
9634000,1996.786960,3564,238,0.018824,0.2812
9636000,1995.090833,3535,252,0.012880,0.2812
9638000,1985.664923,3516,246,0.012620,0.2734
9640000,1976.326386,3499,247,0.012963,0.3281
9642000,1988.863871,3508,241,0.017230,0.2891
9644000,1985.545960,3503,251,0.017732,0.3203
9646000,1992.045863,3548,230,0.017484,0.2969
9648000,1980.083364,3550,242,0.019460,0.2656
9650000,1992.809754,3533,230,0.019629,0.2812
9652000,2000.496785,3545,229,0.019691,0.3750
9654000,1981.087944,3542,232,0.019112,0.2969
9656000,1987.597861,3545,235,0.017442,0.2969
9658000,1989.792682,3542,222,0.017826,0.3203
9660000,1996.974873,3551,210,0.019438,0.3203
9662000,2004.371389,3551,215,0.020451,0.2891
9664000,1984.724552,3521,226,0.031058,0.3047
9666000,1997.017552,3513,222,0.027095,0.3203
9668000,2003.617007,3512,228,0.025568,0.2109
9670000,2023.169486,3491,239,0.026407,0.3281
9672000,2042.175528,3495,239,0.027652,0.2969
9674000,2048.760856,3509,249,0.026727,0.3125
9676000,2051.011394,3514,224,0.025753,0.3359
9678000,2062.151268,3499,226,0.029260,0.3594
9680000,2056.954771,3503,224,0.031366,0.3281
9682000,2063.975981,3492,252,0.031637,0.3516
9684000,2083.790117,3494,242,0.032375,0.3047
9686000,2068.777280,3518,227,0.030023,0.3281
9688000,2074.411146,3537,218,0.028079,0.2891
9690000,2024.786092,3520,223,0.050419,0.3828
9692000,2037.296856,3551,214,0.050629,0.3359
9694000,2008.885401,3545,221,0.051391,0.2812
9696000,2039.536092,3526,218,0.056970,0.2422
9698000,2020.909445,3535,228,0.052736,0.3203
9700000,2008.038625,3522,223,0.054609,0.2656
9702000,2002.343194,3531,219,0.057739,0.3438
9704000,1985.450082,3508,231,0.048858,0.3750
9706000,2005.044398,3515,219,0.050319,0.3516
9708000,2011.814319,3498,208,0.052247,0.3281
9710000,2043.015626,3518,206,0.055410,0.3672
9712000,2070.818895,3544,190,0.046814,0.2266
9714000,2063.163019,3595,178,0.046078,0.2422
9716000,2014.545579,3542,199,0.038955,0.2734
9718000,1997.470727,3530,199,0.017943,0.2734
9720000,2007.885141,3529,231,0.018631,0.3203
9722000,1993.572258,3511,249,0.014912,0.2969
9724000,1997.634678,3515,241,0.012618,0.2422
9726000,2008.109807,3523,236,0.012153,0.3203
9728000,1999.248212,3503,236,0.020697,0.2656
9730000,1976.457424,3506,235,0.019245,0.2578
9732000,1981.568743,3533,221,0.017462,0.2344
9734000,1987.791910,3494,241,0.015382,0.2969
9736000,1978.221532,3511,233,0.015964,0.2578
9738000,1983.230233,3518,229,0.015192,0.2344
9740000,1981.509495,3483,250,0.016764,0.2891
9742000,1968.406194,3494,258,0.024613,0.4297
9744000,1963.128689,3547,227,0.017871,0.3672
9746000,1968.685939,3547,225,0.024911,0.2969
9748000,1959.908815,3558,225,0.026892,0.4453
9750000,1970.630431,3563,230,0.026180,0.2578
9752000,1956.324723,3568,216,0.026432,0.2578
9754000,1952.198827,3553,245,0.026873,0.3750
9756000,1940.610718,3558,224,0.015460,0.2578
9758000,1927.173928,3534,235,0.013358,0.3125
9760000,1918.018945,3505,233,0.017701,0.3828
9762000,1920.340691,3505,226,0.018097,0.2891
9764000,1923.222693,3516,228,0.015278,0.3281
9766000,1916.511698,3517,230,0.014646,0.3125
9768000,1924.554903,3542,219,0.017892,0.2734
9770000,1927.343212,3557,234,0.017411,0.2812
9772000,1937.423984,3536,228,0.029652,0.2734
9774000,1927.242471,3524,236,0.027934,0.3516
9776000,1931.147052,3535,213,0.029843,0.2656
9778000,1910.517506,3533,205,0.029319,0.3672
9780000,1921.796559,3553,216,0.028969,0.2734
9782000,1935.223371,3538,218,0.031483,0.2891
9784000,1948.613914,3541,227,0.029897,0.3281
9786000,1939.060947,3559,210,0.033362,0.3047
9788000,1935.790991,3539,229,0.035800,0.2812
9790000,1920.743056,3539,217,0.034619,0.3125
9792000,1919.873466,3551,248,0.037202,0.3125
9794000,1919.937041,3528,242,0.035267,0.2422
9796000,1908.074514,3510,251,0.030773,0.2734
9798000,1903.621379,3511,248,0.028800,0.3672
9800000,1903.197751,3501,260,0.030605,0.3359
9802000,1918.111749,3502,276,0.031692,0.2969
9804000,1910.122719,3497,261,0.033619,0.2891
9806000,1900.730540,3485,239,0.033447,0.3984
9808000,1911.459100,3494,248,0.034379,0.2812
9810000,1920.508829,3501,252,0.034112,0.3516
9812000,1929.614351,3508,229,0.032512,0.2812
9814000,1939.385770,3506,247,0.019363,0.3906
9816000,1917.325060,3514,228,0.018832,0.2891
9818000,1941.742372,3523,241,0.029968,0.3281
9820000,1936.770319,3532,237,0.028181,0.2812
9822000,1962.079655,3546,212,0.035754,0.2969
9824000,1947.556940,3536,224,0.057747,0.2344
9826000,1900.983199,3526,237,0.050265,0.3125
9828000,1907.874526,3517,241,0.055194,0.3203
9830000,1903.536802,3503,249,0.049857,0.2500
9832000,1908.541297,3526,253,0.052209,0.2734
9834000,1921.594319,3523,251,0.055506,0.3516
9836000,1902.512853,3522,242,0.064180,0.3047
9838000,1893.153110,3523,236,0.060245,0.3281
9840000,1900.342909,3527,234,0.059529,0.2969
9842000,1901.844764,3509,256,0.055748,0.2891
9844000,1916.385877,3531,230,0.046650,0.2500
9846000,1922.576392,3525,221,0.049801,0.3125
9848000,1930.477725,3529,211,0.053535,0.2969
9850000,1922.851575,3503,222,0.053457,0.2969
9852000,1931.074821,3482,235,0.054324,0.2734
9854000,1941.960105,3512,221,0.052703,0.3438
9856000,1961.836856,3533,228,0.027316,0.3047
9858000,1928.364639,3542,203,0.024407,0.2969
9860000,1929.396542,3518,213,0.024493,0.3125
9862000,1904.722194,3515,221,0.052434,0.3047
9864000,1894.364661,3517,235,0.047271,0.3203
9866000,1883.147306,3511,234,0.049149,0.2891
9868000,1862.309658,3535,208,0.021056,0.2891
9870000,1871.827239,3535,202,0.024250,0.2734
9872000,1879.256931,3527,229,0.023444,0.3594
9874000,1861.833210,3529,230,0.022767,0.3281
9876000,1862.116863,3514,236,0.024689,0.3281
9878000,1877.842266,3509,230,0.025046,0.4141
9880000,1886.412415,3497,239,0.028289,0.3203
9882000,1875.623630,3546,218,0.040304,0.2891
9884000,1876.498914,3507,232,0.040997,0.3359
9886000,1849.970852,3494,224,0.042095,0.3125
9888000,1859.813100,3489,230,0.033107,0.3359
9890000,1860.881796,3499,234,0.033341,0.3125
9892000,1858.253989,3477,230,0.035912,0.2812
9894000,1861.863021,3482,223,0.035262,0.3203
9896000,1852.671884,3479,240,0.033214,0.3203
9898000,1881.132994,3475,247,0.033543,0.3438
9900000,1858.115908,3485,240,0.032877,0.4219
9902000,1854.579749,3501,225,0.033413,0.3281
9904000,1870.803612,3492,225,0.032721,0.3594
9906000,1872.666713,3503,238,0.031452,0.3672
9908000,1859.449968,3487,239,0.031948,0.3438
9910000,1862.719554,3514,242,0.031131,0.3281
9912000,1863.601029,3507,241,0.030072,0.3516
9914000,1875.273322,3501,234,0.029408,0.3984
9916000,1870.672485,3509,239,0.030626,0.3203
9918000,1868.930408,3524,237,0.031023,0.2422
9920000,1858.388932,3502,233,0.026903,0.2188
9922000,1870.109134,3502,242,0.029873,0.3516
9924000,1884.582839,3500,253,0.032065,0.3203
9926000,1930.652711,3505,233,0.029582,0.3359
9928000,1918.777447,3499,233,0.031107,0.2891
9930000,1930.355307,3506,230,0.030208,0.3047
9932000,1931.937571,3481,239,0.034483,0.2891
9934000,1955.654785,3514,214,0.030023,0.2734
9936000,1941.624037,3525,226,0.036934,0.3125
9938000,1934.207327,3525,239,0.036776,0.3125
9940000,1941.187923,3510,265,0.035860,0.3125
9942000,1954.554202,3543,251,0.041533,0.3125
9944000,1954.434990,3545,238,0.041841,0.2812
9946000,1955.500197,3582,225,0.039548,0.3438
9948000,1965.624547,3563,249,0.038136,0.2969
9950000,1980.421877,3566,233,0.037328,0.3203
9952000,1979.399641,3550,249,0.036266,0.3047
9954000,1979.383777,3552,237,0.035893,0.2344
9956000,1957.378599,3548,239,0.032639,0.2734
9958000,1943.507132,3557,233,0.034272,0.2656
9960000,1936.884682,3553,238,0.035998,0.2734
9962000,1936.547199,3536,244,0.034616,0.3438
9964000,1935.092872,3513,251,0.033815,0.3828
9966000,1946.257196,3545,217,0.029753,0.2812
9968000,1928.328677,3508,227,0.028305,0.3047
9970000,1938.872817,3510,237,0.028481,0.2891
9972000,1934.327121,3505,247,0.030269,0.2812
9974000,1935.849247,3522,239,0.029845,0.2656
9976000,1937.116130,3537,238,0.031514,0.3359
9978000,1937.262356,3535,228,0.029199,0.2812
9980000,1923.252878,3532,255,0.027410,0.2891
9982000,1924.903108,3552,229,0.029100,0.3281
9984000,1935.971107,3528,241,0.029714,0.3047
9986000,1941.387358,3528,242,0.032491,0.3984
9988000,1925.136815,3515,250,0.036848,0.3672
9990000,1968.954979,3520,245,0.021646,0.2656
9992000,1977.730805,3540,221,0.020671,0.3203
9994000,1974.532366,3539,233,0.022050,0.2344
9996000,1986.994237,3547,225,0.018552,0.2734
9998000,1980.096439,3563,211,0.018011,0.3281
10000000,1984.905192,3578,199,0.017216,0.2812
10002000,1978.073505,3554,223,0.015496,0.2734
10004000,2004.732434,3556,238,0.017029,0.2812
10006000,1966.430869,3506,250,0.023115,0.3438
10008000,1984.866426,3512,241,0.024600,0.2969
10010000,2006.057183,3520,234,0.019369,0.3125
10012000,1994.512030,3499,245,0.017844,0.3594
10014000,2006.728215,3532,221,0.021832,0.2812
10016000,2001.752592,3547,202,0.020808,0.2812
10018000,2030.520367,3547,211,0.022018,0.3359
10020000,2020.798647,3578,198,0.021435,0.3047
10022000,2041.706653,3575,202,0.037062,0.3594
10024000,2041.475436,3578,204,0.032337,0.2891
10026000,2052.470767,3577,222,0.033000,0.3047
10028000,2030.219010,3594,195,0.034910,0.1953
10030000,2022.419088,3594,206,0.033064,0.3047
10032000,2044.393511,3565,214,0.035796,0.3047
10034000,2055.368789,3537,225,0.035407,0.2891
10036000,2050.468978,3542,217,0.058356,0.2500
10038000,2032.571589,3534,231,0.057010,0.3516
10040000,2011.975784,3504,211,0.055368,0.2891
10042000,1981.373434,3502,238,0.047522,0.2734
10044000,1984.832079,3539,220,0.048343,0.2266
10046000,1987.114263,3533,244,0.057750,0.2891
10048000,1996.592661,3516,236,0.053211,0.2578
10050000,2003.666219,3531,232,0.053626,0.2500
10052000,2007.871523,3555,211,0.051959,0.2734
10054000,2003.873495,3562,203,0.053002,0.2109
10056000,1993.240121,3538,223,0.049304,0.2344
10058000,1994.976301,3532,237,0.049313,0.2969
10060000,1993.665580,3533,224,0.050590,0.3047
10062000,1986.355655,3534,217,0.050065,0.2500
10064000,1989.147195,3530,226,0.049270,0.2812
10066000,1973.037036,3492,242,0.048406,0.2734
10068000,1975.405152,3499,250,0.048148,0.3281
10070000,1972.753372,3514,228,0.048275,0.2109
10072000,1973.807242,3505,226,0.044671,0.3125
10074000,1987.547535,3541,212,0.047563,0.2656
10076000,2006.857731,3524,213,0.049924,0.3125
10078000,2048.974849,3535,194,0.057861,0.2734
10080000,2043.705489,3535,232,0.053287,0.3203
10082000,2044.015056,3549,231,0.056222,0.2812
10084000,2060.973549,3555,227,0.055997,0.2578
10086000,2080.621257,3546,229,0.047262,0.2812
10088000,2066.646805,3528,213,0.048357,0.3047
10090000,2062.817823,3525,226,0.049163,0.3750
10092000,2060.094464,3559,204,0.049314,0.3047
10094000,2076.170869,3550,223,0.049959,0.3516
10096000,2090.203772,3521,242,0.052403,0.2969
10098000,2108.771290,3519,237,0.055324,0.2891
10100000,2044.630908,3538,238,0.047953,0.3125
10102000,2020.362205,3529,228,0.037034,0.3281
10104000,2016.457368,3536,232,0.036183,0.2812
10106000,2014.982392,3543,232,0.037914,0.2969
10108000,1994.189153,3532,224,0.040443,0.2734
10110000,2002.723945,3526,236,0.044289,0.2734
10112000,2000.357006,3521,238,0.039753,0.3125
10114000,1980.765831,3517,228,0.041419,0.2969
10116000,1990.168494,3521,211,0.042827,0.3125
10118000,1999.812816,3531,222,0.042909,0.2891
10120000,2004.563980,3527,248,0.045672,0.3516
10122000,2012.850572,3499,252,0.048229,0.2656
10124000,2007.392172,3489,243,0.076396,0.3438
10126000,1994.083240,3499,230,0.079665,0.2656
10128000,1997.902213,3522,231,0.085154,0.3203
10130000,1997.066165,3518,230,0.081082,0.2891
10132000,1985.742063,3539,205,0.072975,0.2812
10134000,1972.812476,3514,203,0.063497,0.2500
10136000,1979.247542,3533,198,0.077332,0.2812
10138000,1977.201142,3527,213,0.073238,0.3438
10140000,1965.165070,3552,213,0.076111,0.3203
10142000,2005.747501,3547,214,0.064249,0.3281
10144000,2010.992066,3541,210,0.064007,0.2891
10146000,2009.964491,3533,236,0.065451,0.3281
10148000,2011.426976,3524,218,0.060882,0.2656
10150000,2003.598273,3530,213,0.055710,0.3203
10152000,2018.584136,3548,224,0.057398,0.3750
10154000,2000.321162,3527,236,0.060388,0.3281
10156000,1951.893452,3539,217,0.046076,0.2734
10158000,1954.745557,3523,248,0.043725,0.2578
10160000,1962.500843,3513,241,0.050226,0.2500
10162000,1969.448583,3520,243,0.042713,0.2500
10164000,1961.539529,3523,245,0.047905,0.3672
10166000,1944.218741,3537,223,0.046235,0.3047
10168000,1942.992954,3546,229,0.042957,0.2891
10170000,1935.886623,3560,213,0.048056,0.3125
10172000,1932.117015,3612,194,0.046905,0.2500
10174000,1940.417358,3641,167,0.048323,0.2500
10176000,1962.569518,3600,186,0.049245,0.2812
10178000,1959.671481,3567,235,0.050670,0.2969
10180000,1945.796166,3563,235,0.057182,0.2734
10182000,1933.118595,3587,215,0.057232,0.2578
10184000,1940.942143,3578,208,0.055560,0.3047
10186000,1967.790150,3582,209,0.048636,0.2812
10188000,1962.412180,3578,205,0.051811,0.2734
10190000,1973.006798,3600,197,0.052123,0.2656
10192000,1967.026833,3556,228,0.051865,0.3438
10194000,1975.748042,3548,232,0.052931,0.3438
10196000,1943.054697,3538,237,0.049443,0.3359
10198000,1946.227367,3541,228,0.048963,0.2188
10200000,1948.278811,3526,245,0.048557,0.3828
10202000,1979.361946,3519,231,0.044240,0.2578
10204000,1986.967488,3541,218,0.043813,0.2969
10206000,1986.522426,3537,223,0.041585,0.2891
10208000,1996.073290,3553,216,0.039028,0.3359
10210000,1989.253122,3551,224,0.039590,0.2891
10212000,1994.674380,3541,224,0.044391,0.3047
10214000,2001.945519,3570,219,0.044827,0.3203
10216000,1972.500691,3558,213,0.040110,0.3125
10218000,1953.245166,3542,219,0.040572,0.2812
10220000,1948.319589,3541,223,0.038150,0.3125
10222000,1949.268027,3523,234,0.042904,0.3438
10224000,1933.022503,3538,228,0.038391,0.2969
10226000,1904.969303,3548,221,0.035075,0.2656
10228000,1894.927458,3557,216,0.034559,0.3125
10230000,1898.220732,3552,209,0.031768,0.2891
10232000,1917.298622,3542,227,0.034169,0.2891
10234000,1896.652662,3535,228,0.034574,0.2422
10236000,1893.315661,3513,246,0.034990,0.2109
10238000,1884.126240,3535,233,0.032417,0.2500
10240000,1886.862860,3531,239,0.030780,0.2812
10242000,1891.801976,3513,255,0.031325,0.2500
10244000,1905.663321,3505,241,0.031292,0.3047
10246000,1911.593657,3512,244,0.029256,0.3359
10248000,1911.447191,3479,252,0.028359,0.3047
10250000,1922.393877,3472,253,0.037013,0.2969
10252000,1922.672136,3481,238,0.037990,0.2812
10254000,1920.105492,3493,239,0.039106,0.3125
10256000,1902.504714,3477,245,0.037132,0.3203
10258000,1894.384499,3471,231,0.017327,0.2578
10260000,1900.160061,3490,231,0.016183,0.2969
10262000,1907.581001,3488,241,0.020226,0.2969
10264000,1901.015225,3479,247,0.018835,0.3672
10266000,1892.700343,3502,240,0.020077,0.2969
10268000,1894.628341,3470,253,0.017595,0.2578
10270000,1883.200925,3461,239,0.017937,0.2891
10272000,1872.893986,3482,234,0.016847,0.3047
10274000,1866.954964,3458,240,0.017762,0.3203
10276000,1871.146542,3497,227,0.018304,0.2891
10278000,1849.072718,3493,210,0.013765,0.2656
10280000,1826.754420,3458,230,0.010987,0.3047
10282000,1827.689371,3448,230,0.011917,0.2656
10284000,1825.065382,3441,245,0.013695,0.3203
10286000,1816.347274,3431,252,0.014080,0.3359
10288000,1818.158749,3435,241,0.012889,0.3672
10290000,1825.247215,3443,243,0.016045,0.3438
10292000,1821.082446,3437,255,0.014842,0.2656
10294000,1815.946244,3430,253,0.013484,0.2422
10296000,1830.432032,3437,251,0.016352,0.3516
10298000,1836.537125,3446,264,0.013411,0.3750
10300000,1855.760791,3481,247,0.011389,0.2969
10302000,1849.719615,3462,247,0.011705,0.3047
10304000,1862.639986,3473,259,0.008640,0.3047
10306000,1862.609985,3472,251,0.008725,0.3359
10308000,1848.190071,3466,257,0.012394,0.3359
10310000,1848.283031,3472,250,0.011588,0.3125
10312000,1848.326741,3489,235,0.012317,0.2734
10314000,1833.067799,3476,231,0.011773,0.2188
10316000,1832.664063,3476,246,0.015514,0.3672
10318000,1828.663516,3467,239,0.014298,0.3984
10320000,1832.211273,3489,236,0.014544,0.2500
10322000,1854.659026,3481,252,0.014663,0.2969
10324000,1860.339092,3484,257,0.015004,0.3047
10326000,1862.411439,3499,252,0.014183,0.3047
10328000,1863.133809,3527,247,0.014759,0.3438
10330000,1858.936802,3524,241,0.013822,0.2500
10332000,1860.867011,3496,256,0.013104,0.3750
10334000,1870.250216,3514,235,0.014324,0.3359
10336000,1845.251589,3513,239,0.021655,0.3125
10338000,1841.066897,3502,248,0.021964,0.3672
10340000,1824.755185,3530,244,0.022052,0.2969
10342000,1842.043021,3549,236,0.017421,0.3203
10344000,1849.448101,3550,226,0.020372,0.3125
10346000,1842.731008,3542,226,0.019446,0.2969
10348000,1837.034034,3526,223,0.019364,0.2344
10350000,1837.369961,3524,213,0.021940,0.3047
10352000,1848.739431,3522,239,0.022304,0.2578
10354000,1849.861843,3506,251,0.021849,0.3203
10356000,1845.606211,3520,231,0.027934,0.3438
10358000,1850.515380,3523,225,0.029445,0.2266
10360000,1870.843386,3489,240,0.025018,0.3359
10362000,1846.198173,3508,234,0.036818,0.3359
10364000,1849.393458,3493,228,0.035779,0.2969
10366000,1841.735089,3498,224,0.036110,0.2891
10368000,1854.812256,3522,227,0.035879,0.2734
10370000,1879.854159,3550,221,0.033226,0.3672
10372000,1889.358898,3548,232,0.031996,0.2656
10374000,1915.807228,3548,227,0.029618,0.2969
10376000,1907.449625,3558,225,0.029941,0.3047
10378000,1899.960932,3555,211,0.033326,0.2578
10380000,1873.859728,3550,204,0.028263,0.3438
10382000,1870.508522,3540,217,0.029958,0.2812
10384000,1869.239984,3558,204,0.033524,0.2891
10386000,1852.904441,3573,211,0.030373,0.1875
10388000,1872.960248,3548,220,0.029439,0.2969
10390000,1877.906142,3545,219,0.026213,0.3359
10392000,1880.108923,3549,230,0.032870,0.3516
10394000,1871.998349,3523,238,0.030646,0.2891
10396000,1869.219665,3536,247,0.040052,0.2891
10398000,1885.873979,3526,234,0.045268,0.2812
10400000,1889.729370,3522,243,0.048323,0.3359
10402000,1873.118873,3528,244,0.039049,0.2656
10404000,1865.107100,3547,215,0.034631,0.2188
10406000,1867.318559,3526,223,0.035284,0.3047
10408000,1864.424697,3550,200,0.036022,0.2578
10410000,1856.126055,3551,222,0.037161,0.2734
10412000,1830.719757,3540,220,0.032793,0.2891
10414000,1834.925758,3521,201,0.035120,0.2578
10416000,1834.207391,3532,198,0.038012,0.2812
10418000,1838.246933,3554,190,0.036072,0.2812
10420000,1832.750317,3562,211,0.035242,0.3750
10422000,1811.167910,3545,223,0.023052,0.3594
10424000,1803.329397,3535,221,0.020147,0.3281
10426000,1802.794886,3536,228,0.017829,0.3281
10428000,1802.314993,3510,221,0.019457,0.3203
10430000,1798.306409,3510,229,0.021468,0.3203
10432000,1781.713589,3506,244,0.020757,0.3203
10434000,1779.452667,3506,245,0.020865,0.3359
10436000,1786.160243,3499,232,0.019872,0.2578
10438000,1779.538436,3497,242,0.019663,0.3672
10440000,1792.626178,3515,244,0.018281,0.3359
10442000,1791.874346,3539,221,0.020191,0.2812
10444000,1817.710786,3569,213,0.026244,0.3125
10446000,1801.462343,3554,220,0.020841,0.3047
10448000,1794.066739,3547,216,0.021343,0.2578
10450000,1799.797378,3567,216,0.020215,0.3281
10452000,1799.895802,3555,241,0.021356,0.3281
10454000,1799.722133,3528,254,0.022254,0.3125
10456000,1806.912802,3518,244,0.021531,0.3125
10458000,1791.501679,3513,251,0.020488,0.2578
10460000,1774.178593,3533,228,0.017986,0.3594
10462000,1781.278546,3524,215,0.023431,0.2422
10464000,1774.419642,3531,224,0.019329,0.3672
10466000,1785.678019,3557,225,0.020537,0.3594
10468000,1802.758339,3565,213,0.020453,0.3438
10470000,1811.800308,3581,205,0.019698,0.2812
10472000,1823.974741,3596,203,0.019244,0.2969
10474000,1820.097206,3619,194,0.018758,0.2812
10476000,1827.162211,3618,206,0.023581,0.3359
10478000,1819.979145,3586,207,0.021564,0.2500
10480000,1812.713688,3560,225,0.019457,0.2734
10482000,1802.007975,3546,247,0.018563,0.2812
10484000,1772.835839,3534,235,0.018290,0.3125
10486000,1794.116248,3552,216,0.015531,0.3047
10488000,1800.504548,3547,212,0.013585,0.2969
10490000,1793.667393,3527,241,0.014653,0.2578
10492000,1808.999492,3526,242,0.012292,0.3750
10494000,1810.079471,3513,220,0.012110,0.3359
10496000,1816.123599,3503,243,0.013041,0.2812
10498000,1832.507809,3528,230,0.014504,0.3516
10500000,1840.608382,3505,235,0.014460,0.3047
10502000,1854.726104,3481,252,0.017576,0.2969
10504000,1855.955589,3479,261,0.018059,0.3281
10506000,1848.528288,3514,233,0.018118,0.3359
10508000,1856.323274,3520,247,0.016911,0.3359
10510000,1859.008405,3543,245,0.016857,0.2969
10512000,1870.982324,3550,237,0.016274,0.2891
10514000,1859.330130,3549,227,0.018761,0.3203
10516000,1888.445074,3580,215,0.017007,0.2656
10518000,1895.947121,3596,198,0.014507,0.3203
10520000,1906.394709,3599,197,0.015231,0.2812
10522000,1900.220944,3579,207,0.017119,0.2422
10524000,1907.265340,3573,226,0.018961,0.2266
10526000,1902.878597,3577,206,0.022596,0.2812
10528000,1899.282981,3570,213,0.021982,0.4062
10530000,1908.292205,3573,225,0.015944,0.2031
10532000,1894.481987,3557,218,0.016909,0.3125
10534000,1891.061143,3575,221,0.014433,0.2891
10536000,1897.804667,3579,203,0.016452,0.3125
10538000,1908.044894,3563,223,0.015891,0.3281
10540000,1893.313218,3566,206,0.014959,0.2578
10542000,1895.574557,3555,217,0.011991,0.3203
10544000,1902.412994,3539,234,0.015532,0.2656
10546000,1846.340018,3507,240,0.021821,0.2969
10548000,1850.042488,3506,249,0.020038,0.3047
10550000,1845.704535,3465,261,0.018609,0.3594
10552000,1847.539879,3493,254,0.018364,0.2812
10554000,1842.397799,3501,247,0.015216,0.3828
10556000,1844.822238,3522,245,0.013568,0.2500
10558000,1850.867082,3536,230,0.014339,0.2891
10560000,1858.039413,3511,231,0.013213,0.3281
10562000,1857.766967,3528,230,0.014065,0.2812
10564000,1862.042987,3544,231,0.014208,0.2891
10566000,1849.877780,3571,219,0.012107,0.3125
10568000,1858.398520,3559,216,0.012572,0.2578
10570000,1855.052272,3543,246,0.011600,0.2500
10572000,1874.029923,3538,244,0.015783,0.2891
10574000,1868.437380,3513,260,0.014047,0.2578
10576000,1882.819169,3544,237,0.014136,0.2500
10578000,1878.229041,3525,237,0.015919,0.2969
10580000,1886.985796,3517,263,0.014146,0.2969
10582000,1885.680871,3506,248,0.014009,0.3594
10584000,1890.723338,3479,256,0.014044,0.3359
10586000,1907.149742,3495,249,0.016487,0.2812
10588000,1926.551123,3505,246,0.016451,0.3047
10590000,1897.634131,3473,274,0.014850,0.2734
10592000,1893.338334,3487,260,0.012753,0.3125
10594000,1907.329313,3502,235,0.014585,0.2969
10596000,1901.012267,3529,223,0.015718,0.2891
10598000,1885.150869,3507,222,0.016005,0.2891
10600000,1884.700879,3532,206,0.018169,0.3203
10602000,1869.869005,3547,207,0.016425,0.2812
10604000,1881.122384,3546,209,0.018054,0.2422
10606000,1874.995908,3529,232,0.018469,0.3047
10608000,1844.870964,3518,239,0.016807,0.2500
10610000,1848.545571,3509,241,0.014552,0.2891
10612000,1851.933770,3549,206,0.013283,0.2266
10614000,1860.282919,3541,202,0.014461,0.2734
10616000,1873.588736,3546,207,0.015872,0.2734
10618000,1868.271283,3544,200,0.014824,0.2656
10620000,1860.332325,3527,205,0.015094,0.2734
10622000,1864.426149,3516,205,0.013270,0.3203
10624000,1872.936830,3500,222,0.014499,0.2500
10626000,1861.252537,3507,203,0.015456,0.2812
10628000,1866.997050,3504,231,0.019603,0.2812
10630000,1870.425714,3529,221,0.017122,0.2109
10632000,1915.378970,3506,234,0.017079,0.3828
10634000,1896.880721,3483,226,0.018434,0.3750
10636000,1893.368137,3510,216,0.016312,0.3047
10638000,1889.439309,3535,223,0.018323,0.2500
10640000,1883.698084,3540,227,0.013258,0.3047
10642000,1879.572519,3546,220,0.013764,0.2500
10644000,1881.097298,3580,210,0.012556,0.2422
10646000,1898.484688,3544,216,0.012994,0.2578
10648000,1905.372371,3578,194,0.014221,0.2812
10650000,1847.932880,3595,187,0.013848,0.3125
10652000,1838.012302,3608,179,0.013383,0.3125
10654000,1851.282764,3585,212,0.013927,0.3281
10656000,1862.170835,3590,205,0.017337,0.2891
10658000,1857.576488,3578,211,0.014792,0.2422
10660000,1844.971119,3553,229,0.012521,0.2500
10662000,1839.526955,3558,224,0.013317,0.2891
10664000,1834.233311,3576,220,0.010391,0.2344
10666000,1866.355542,3587,222,0.014972,0.2578
10668000,1887.013781,3580,218,0.016735,0.2969
10670000,1862.617259,3596,202,0.015869,0.3359
10672000,1865.837437,3608,215,0.017510,0.3047
10674000,1859.256189,3633,209,0.016464,0.2734
10676000,1887.570547,3605,222,0.019895,0.3047
10678000,1837.970938,3591,223,0.010569,0.3047
10680000,1839.574292,3583,220,0.012839,0.2969
10682000,1833.150151,3574,232,0.013189,0.3359
10684000,1837.235989,3553,219,0.012400,0.2891
10686000,1832.505822,3570,195,0.012375,0.3047
10688000,1832.049339,3530,207,0.012550,0.3203
10690000,1835.089875,3548,200,0.015341,0.3125
10692000,1851.262565,3568,193,0.015012,0.2812
10694000,1860.571156,3546,203,0.013918,0.2656
10696000,1871.868882,3560,193,0.014197,0.2891
10698000,1856.736860,3574,202,0.010980,0.2109
10700000,1871.793955,3560,212,0.009964,0.2656
10702000,1850.879808,3545,236,0.009363,0.3047
10704000,1843.644693,3546,233,0.008367,0.3203
10706000,1844.568277,3525,256,0.010477,0.2969
10708000,1841.541461,3558,226,0.011220,0.2344
10710000,1846.062301,3543,224,0.013262,0.2891
10712000,1842.977512,3551,219,0.013310,0.2500
10714000,1835.630225,3535,233,0.013839,0.3438
10716000,1830.134268,3513,239,0.012935,0.2969
10718000,1831.140650,3501,252,0.014339,0.3125
10720000,1833.279297,3527,239,0.014030,0.3047
10722000,1832.781493,3555,217,0.013524,0.3203
10724000,1840.920799,3552,230,0.015979,0.3047
10726000,1843.166599,3552,235,0.015643,0.3047
10728000,1849.695419,3561,216,0.017003,0.3203
10730000,1846.761248,3563,214,0.018852,0.2891
10732000,1854.729470,3551,221,0.018595,0.3438
10734000,1872.800356,3512,222,0.021589,0.2969
10736000,1871.940277,3523,210,0.022692,0.3594
10738000,1863.514368,3534,223,0.019964,0.3594
10740000,1864.434188,3529,211,0.018177,0.2969
10742000,1859.012120,3540,209,0.018989,0.2969
10744000,1857.993856,3540,224,0.018428,0.2578
10746000,1851.086207,3565,207,0.022179,0.3438
10748000,1859.234420,3573,206,0.029356,0.2266
10750000,1849.079362,3577,200,0.025795,0.2891
10752000,1839.750692,3583,210,0.028800,0.3203
10754000,1825.234768,3573,229,0.032177,0.2891
10756000,1808.908911,3566,218,0.027777,0.3047
10758000,1806.129947,3566,232,0.028937,0.2812
10760000,1798.477695,3541,232,0.031791,0.3203
10762000,1807.304796,3551,209,0.035516,0.3047
10764000,1813.169809,3536,214,0.035528,0.3047
10766000,1818.054150,3568,199,0.037231,0.2656
10768000,1815.734551,3548,215,0.036336,0.2734
10770000,1828.975536,3528,209,0.036181,0.2656
10772000,1825.019824,3509,220,0.030415,0.3203
10774000,1820.814466,3512,217,0.029700,0.2578
10776000,1806.789645,3550,210,0.033221,0.3203
10778000,1810.212755,3554,228,0.034468,0.3516
10780000,1810.618023,3565,218,0.031774,0.2969
10782000,1806.898760,3555,224,0.030465,0.2266
10784000,1807.420217,3521,232,0.033056,0.3984
10786000,1810.694745,3527,214,0.031869,0.2578
10788000,1817.570933,3541,217,0.033575,0.2656
10790000,1821.232297,3524,213,0.032299,0.2734
10792000,1831.686131,3536,220,0.036032,0.2656
10794000,1835.957986,3522,211,0.034507,0.2344
10796000,1837.451642,3513,217,0.037651,0.3203
10798000,1835.244511,3503,233,0.036193,0.3594
10800000,1839.303299,3510,222,0.036449,0.3047
10802000,1836.622169,3525,218,0.032154,0.2891
10804000,1829.359412,3527,236,0.029576,0.3281
10806000,1844.829756,3518,238,0.027270,0.3438
10808000,1848.604683,3512,238,0.030335,0.3359
10810000,1858.021266,3518,231,0.027979,0.2500
10812000,1840.459592,3480,246,0.030101,0.3047
10814000,1840.871458,3481,238,0.026866,0.3750
10816000,1844.982840,3490,239,0.029403,0.3281
10818000,1844.683546,3484,224,0.032114,0.2422
10820000,1840.250159,3483,244,0.031808,0.3906
10822000,1829.497584,3487,234,0.029037,0.3125
10824000,1830.094183,3494,227,0.031204,0.2812
10826000,1836.450794,3495,236,0.030593,0.3359
10828000,1854.903139,3525,221,0.033732,0.2734
10830000,1863.906848,3501,242,0.023204,0.3125
10832000,1856.672543,3505,245,0.022586,0.3359
10834000,1846.714984,3524,231,0.023264,0.3047
10836000,1852.820426,3498,249,0.025816,0.3281
10838000,1857.811938,3488,235,0.025455,0.2969
10840000,1856.547847,3507,236,0.026259,0.3203
10842000,1865.772368,3488,262,0.022590,0.3516
10844000,1873.065435,3516,237,0.021131,0.3516
10846000,1854.472411,3536,218,0.019798,0.3047
10848000,1855.067380,3516,221,0.020527,0.3594
10850000,1854.705295,3550,221,0.020531,0.3125
10852000,1853.534336,3559,220,0.016471,0.2188
10854000,1849.841479,3570,216,0.017815,0.2656
10856000,1834.587824,3543,223,0.017256,0.3828
10858000,1818.724206,3552,222,0.018773,0.3125
10860000,1824.070101,3554,207,0.018543,0.2812
10862000,1819.657613,3560,214,0.016975,0.3047
10864000,1817.025071,3544,222,0.006766,0.2578
10866000,1813.331816,3490,234,0.007703,0.3672
10868000,1820.214429,3500,233,0.007149,0.3750
10870000,1815.459002,3507,236,0.006856,0.3750
10872000,1810.340125,3509,243,0.007642,0.2422
10874000,1805.613797,3518,224,0.007875,0.2812
10876000,1824.687735,3485,219,0.007758,0.2422
10878000,1829.154864,3480,240,0.007828,0.2969
10880000,1816.686375,3477,229,0.013894,0.3047
10882000,1818.846921,3451,226,0.011953,0.3203
10884000,1872.077517,3453,224,0.018928,0.2969
10886000,1896.122615,3463,247,0.020431,0.3047
10888000,1823.977853,3474,239,0.012435,0.4219
10890000,1823.954503,3460,250,0.013587,0.2734
10892000,1831.816986,3473,243,0.015496,0.2734
10894000,1821.201944,3509,245,0.020705,0.2734
10896000,1806.891719,3514,250,0.020035,0.3672
10898000,1808.604698,3500,235,0.022803,0.2656
10900000,1822.469504,3503,247,0.021405,0.4062
10902000,1828.403729,3534,217,0.020918,0.2734
10904000,1839.061805,3515,229,0.026082,0.3594
10906000,1840.243552,3519,232,0.025164,0.3047
10908000,1823.653221,3510,240,0.019397,0.2969
10910000,1833.211786,3513,235,0.020768,0.2656
10912000,1839.060763,3505,228,0.023218,0.2734
10914000,1841.834672,3503,201,0.023182,0.2891
10916000,1850.993647,3487,215,0.021202,0.2656
10918000,1842.815368,3505,221,0.022393,0.3125
10920000,1836.528838,3506,219,0.021306,0.2812
10922000,1830.496750,3492,234,0.026236,0.3281
10924000,1822.185151,3519,229,0.025259,0.3281
10926000,1831.563581,3490,229,0.025620,0.2969
10928000,1825.350927,3480,223,0.027032,0.2969
10930000,1820.916084,3510,222,0.020193,0.3359
10932000,1836.113053,3505,234,0.020473,0.3516
10934000,1835.269569,3522,221,0.023244,0.2969
10936000,1840.243660,3479,244,0.024606,0.3750
10938000,1831.079284,3477,228,0.023641,0.3359
10940000,1834.249746,3482,248,0.023116,0.2969
10942000,1838.669897,3489,245,0.021695,0.3438
10944000,1833.825685,3498,221,0.020875,0.2969
10946000,1845.132397,3486,242,0.021519,0.2656
10948000,1854.796305,3513,228,0.019147,0.3359
10950000,1860.311795,3519,223,0.018616,0.4375
10952000,1846.221130,3525,225,0.018310,0.3047
10954000,1856.249618,3547,230,0.020728,0.3828
10956000,1848.923629,3515,234,0.016598,0.2422
10958000,1852.215451,3526,231,0.017832,0.3281
10960000,1846.296384,3564,212,0.020122,0.3203
10962000,1845.396157,3554,206,0.018167,0.3750
10964000,1853.299371,3541,216,0.017837,0.2969
10966000,1848.652780,3519,234,0.019672,0.2734
10968000,1843.909986,3519,218,0.019596,0.2734
10970000,1833.547883,3525,204,0.018188,0.2734
10972000,1850.247322,3535,216,0.017685,0.2969
10974000,1853.300826,3528,236,0.018177,0.3203
10976000,1861.859298,3505,243,0.019507,0.2656
10978000,1843.970408,3522,234,0.024399,0.3203
10980000,1826.358572,3527,223,0.020026,0.3047
10982000,1802.797380,3524,208,0.016748,0.2109
10984000,1817.160475,3550,197,0.019338,0.3125
10986000,1816.876640,3542,206,0.015565,0.2891
10988000,1822.621148,3540,209,0.018649,0.3672
10990000,1825.595153,3542,195,0.021372,0.2891
10992000,1839.660581,3544,197,0.022085,0.2578
10994000,1840.562953,3514,205,0.023553,0.2188
10996000,1839.307372,3519,209,0.022976,0.2578
10998000,1845.971330,3548,213,0.021248,0.2031
11000000,1835.706273,3546,216,0.022445,0.2969
11002000,1830.915541,3546,206,0.022838,0.2578
11004000,1828.848856,3557,194,0.028591,0.3516
11006000,1829.858142,3552,206,0.027990,0.3125
11008000,1829.512111,3539,220,0.027649,0.3125
11010000,1833.902502,3532,218,0.026346,0.3047
11012000,1854.592823,3538,223,0.024608,0.2734
11014000,1855.844933,3564,210,0.027237,0.3438
11016000,1838.079630,3569,219,0.025217,0.2031
11018000,1839.078527,3569,226,0.024773,0.2266
11020000,1840.837465,3549,220,0.026140,0.2578
11022000,1846.407522,3552,212,0.023986,0.3359
11024000,1839.303629,3562,216,0.023521,0.3047
11026000,1843.544819,3550,210,0.022404,0.2500
11028000,1840.875054,3560,210,0.020523,0.3438
11030000,1838.501051,3557,207,0.020960,0.2891
11032000,1844.750530,3541,224,0.021221,0.3359
11034000,1834.847196,3536,221,0.019431,0.2109
11036000,1835.804118,3551,213,0.020922,0.2266
11038000,1853.721015,3557,202,0.022785,0.2656
11040000,1858.076554,3555,210,0.022313,0.2969
11042000,1860.945456,3560,196,0.014335,0.3281
11044000,1852.532716,3542,214,0.012432,0.2422
11046000,1861.019173,3514,225,0.010877,0.3125
11048000,1866.061312,3533,216,0.011431,0.3125
11050000,1860.423528,3503,229,0.009897,0.2891
11052000,1859.035632,3491,251,0.007702,0.3984
11054000,1859.755949,3488,246,0.007545,0.3125
11056000,1876.094290,3512,231,0.007432,0.3594
11058000,1875.729074,3504,238,0.008451,0.3125
11060000,1860.081759,3499,231,0.012925,0.2891
11062000,1869.180289,3531,234,0.013604,0.2734
11064000,1861.711906,3542,225,0.012974,0.2500
11066000,1861.228594,3526,235,0.011875,0.2969
11068000,1879.273079,3540,211,0.014694,0.2500
11070000,1870.286950,3543,211,0.015687,0.3672
11072000,1867.029493,3569,213,0.017449,0.3281
11074000,1852.753681,3548,237,0.015726,0.2891
11076000,1842.340239,3548,223,0.015941,0.2500
11078000,1844.000027,3567,207,0.016171,0.3359
11080000,1849.760217,3578,206,0.016615,0.2188
11082000,1850.313673,3568,201,0.015594,0.2812
11084000,1860.302437,3553,208,0.017500,0.2812
11086000,1875.075596,3541,222,0.018403,0.3203
11088000,1872.335114,3509,235,0.019039,0.3828
11090000,1883.837767,3550,209,0.018117,0.3281
11092000,1886.485740,3538,228,0.016397,0.2734
11094000,1890.965021,3541,229,0.015293,0.3516
11096000,1871.127201,3538,234,0.012305,0.2188
11098000,1877.151155,3555,226,0.011773,0.3125
11100000,1866.806604,3569,213,0.014070,0.2969
11102000,1863.110181,3536,225,0.012389,0.3047
11104000,1853.160923,3558,219,0.010037,0.2812
11106000,1855.905690,3571,226,0.009664,0.3281
11108000,1855.887354,3567,215,0.009064,0.2812
11110000,1854.170879,3577,229,0.010581,0.2578
11112000,1849.504037,3583,233,0.009849,0.2891
11114000,1855.593618,3576,222,0.011654,0.2812
11116000,1855.867150,3574,207,0.012818,0.2969
11118000,1857.753448,3560,213,0.013582,0.2734
11120000,1858.361614,3576,225,0.015261,0.2812
11122000,1880.093742,3577,230,0.015476,0.2578
11124000,1887.327084,3552,231,0.014768,0.2344
11126000,1890.739855,3551,239,0.013689,0.2656
11128000,1876.261596,3550,228,0.014941,0.3281
11130000,1868.433490,3555,224,0.015159,0.2812
11132000,1879.650195,3576,217,0.013965,0.2188
11134000,1909.027439,3571,219,0.013313,0.3594
11136000,1910.155109,3540,227,0.013815,0.2656
11138000,1923.365918,3582,234,0.016138,0.3047
11140000,1917.626752,3564,224,0.016835,0.2734
11142000,1905.682572,3566,213,0.018194,0.2891
11144000,1879.367285,3562,218,0.007290,0.3125
11146000,1882.235756,3540,207,0.008288,0.2578
11148000,1887.631591,3526,213,0.006926,0.3594
11150000,1849.469248,3487,221,0.006736,0.2812
11152000,1853.379232,3518,211,0.004629,0.3516
11154000,1846.953434,3536,210,0.003666,0.3750
11156000,1855.703332,3525,223,0.003142,0.2188
11158000,1869.832122,3539,223,0.002906,0.2422
11160000,1871.961434,3545,242,0.003046,0.2578
11162000,1861.173938,3579,210,0.001989,0.2500
11164000,1859.287981,3557,213,0.002174,0.2031
11166000,1854.914792,3527,225,0.001896,0.3047
11168000,1856.872899,3538,221,0.001882,0.2500
11170000,1872.879778,3544,217,0.000650,0.2422
11172000,1872.608090,3516,251,0.000244,0.3359
11174000,1891.297987,3543,224,0.000345,0.2969
11176000,1884.015933,3508,228,0.000572,0.3047
11178000,1864.623346,3527,222,0.001394,0.3359
11180000,1899.360756,3535,214,0.002011,0.2656
11182000,1902.210204,3539,215,0.002570,0.2891
11184000,1913.114314,3558,221,0.003799,0.2578
11186000,1916.336471,3568,217,0.002640,0.2969
11188000,1910.528150,3595,213,0.002744,0.2734
11190000,1915.002122,3589,209,0.005245,0.2422
11192000,1902.919098,3564,210,0.003889,0.3125
11194000,1907.172613,3562,221,0.002815,0.3281
11196000,1928.139442,3527,243,0.004814,0.3438
11198000,1930.733673,3552,227,0.004231,0.3125
11200000,1942.081568,3551,217,0.002512,0.2656
11202000,1945.630447,3575,233,0.001995,0.2734
11204000,1955.395920,3574,245,0.001645,0.2969
11206000,1942.927879,3561,234,0.002041,0.3125
11208000,1945.781808,3559,224,0.003447,0.2812
11210000,1978.210016,3561,232,0.004367,0.3203
11212000,1934.509669,3576,223,0.001455,0.3047
11214000,1958.835801,3584,211,0.002602,0.2812
11216000,1958.236698,3571,224,0.002084,0.2578
11218000,1954.271570,3564,225,0.003026,0.2969
11220000,1961.807607,3569,212,0.002926,0.2969
11222000,1933.976405,3541,221,0.003942,0.3125
11224000,1939.805341,3551,214,0.004488,0.3672
11226000,1942.610924,3553,207,0.004476,0.3516
11228000,1948.893694,3536,232,0.004288,0.3438
11230000,1958.428829,3558,245,0.005453,0.2656
11232000,1967.342846,3554,223,0.005935,0.2969
11234000,1952.402315,3532,244,0.008170,0.3125
11236000,1955.413777,3545,228,0.007785,0.3125
11238000,1941.902709,3532,209,0.006473,0.4219
11240000,1947.049045,3523,223,0.005955,0.2734
11242000,1957.534089,3551,209,0.005664,0.2891
11244000,1922.546241,3537,230,0.004125,0.2422
11246000,1922.522572,3526,227,0.004175,0.2422
11248000,1924.848553,3528,205,0.005765,0.3125
11250000,1922.009457,3551,189,0.006802,0.2344
11252000,1931.307606,3545,208,0.007259,0.2266
11254000,1915.721748,3545,218,0.007660,0.2812
11256000,1911.218745,3552,197,0.006419,0.3672
11258000,1940.384441,3532,210,0.004752,0.2500
11260000,1935.811664,3535,208,0.006137,0.3281
11262000,1912.851246,3498,218,0.006101,0.2891
11264000,1908.195298,3518,218,0.006322,0.2891
11266000,1898.748073,3524,214,0.006685,0.3438
11268000,1906.116894,3510,228,0.006252,0.2969
11270000,1898.708145,3531,204,0.005897,0.2422
11272000,1896.924639,3536,205,0.005134,0.3047
11274000,1907.192559,3533,214,0.006198,0.2734
11276000,1898.125526,3514,208,0.005461,0.2812
11278000,1896.742594,3532,215,0.004328,0.3203
11280000,1900.534533,3518,223,0.001319,0.2812
11282000,1860.982320,3521,224,0.008039,0.2734
11284000,1850.432528,3528,223,0.007588,0.2969
11286000,1843.623886,3516,222,0.012581,0.3281
11288000,1854.896163,3537,228,0.010543,0.2969
11290000,1863.913331,3503,249,0.010783,0.2969
11292000,1861.020757,3529,220,0.011198,0.2578
11294000,1858.621306,3517,211,0.010307,0.2891
11296000,1844.746376,3527,209,0.010975,0.2266
11298000,1846.744064,3515,233,0.010040,0.3438
11300000,1845.890596,3516,235,0.013746,0.3438
11302000,1841.096442,3481,230,0.013227,0.2969
11304000,1842.833592,3497,224,0.014354,0.3906
11306000,1851.319493,3501,230,0.012322,0.3281
11308000,1849.787384,3518,212,0.013945,0.3203
11310000,1843.882629,3508,226,0.011986,0.2969
11312000,1850.002846,3505,234,0.009953,0.2266
11314000,1855.151074,3507,242,0.011553,0.2734
11316000,1854.176986,3488,243,0.011971,0.2656
11318000,1842.927679,3536,214,0.013075,0.3359
11320000,1837.559183,3510,227,0.013069,0.4141
11322000,1848.198240,3513,232,0.014337,0.2734
11324000,1853.273986,3491,246,0.012893,0.3203
11326000,1848.808421,3518,240,0.013785,0.3516
11328000,1876.262426,3517,238,0.010879,0.3438
11330000,1879.138456,3543,213,0.010963,0.3125
11332000,1870.484711,3534,226,0.009549,0.3281
11334000,1857.143684,3516,233,0.011094,0.3281
11336000,1889.808566,3538,232,0.009756,0.3125
11338000,1881.393144,3543,227,0.010312,0.3828
11340000,1889.329051,3549,221,0.010829,0.2891
11342000,1910.386866,3561,222,0.009211,0.3203
11344000,1901.887927,3573,214,0.004600,0.2344
11346000,1901.318626,3554,230,0.004806,0.3281
11348000,1902.719165,3546,233,0.005261,0.3672
11350000,1892.362504,3551,227,0.006916,0.3203
11352000,1877.208387,3552,234,0.002519,0.2734
11354000,1897.902441,3540,257,0.002649,0.2500
11356000,1886.489448,3547,241,0.002174,0.3125
11358000,1881.005653,3526,238,0.002946,0.2344
11360000,1873.555348,3516,247,0.003189,0.3047
11362000,1879.482233,3527,233,0.002547,0.3125
11364000,1873.982797,3529,240,0.002945,0.2266
11366000,1878.362039,3526,230,0.001321,0.3672
11368000,1878.423994,3549,216,0.001705,0.2891
11370000,1880.557569,3526,226,0.001287,0.4062
11372000,1884.352266,3527,235,0.001226,0.3203
11374000,1887.105157,3538,228,0.001320,0.2266
11376000,1893.116367,3529,219,0.000861,0.2969
11378000,1895.035967,3540,203,0.001137,0.2266
11380000,1878.778103,3535,220,0.002059,0.2734
11382000,1850.186261,3518,214,0.001086,0.2812
11384000,1870.158946,3505,226,0.000759,0.2969
11386000,1873.365526,3503,241,0.000753,0.3125
11388000,1865.473037,3508,217,0.002280,0.2578
11390000,1868.051208,3508,211,0.001816,0.2734
11392000,1875.344921,3485,232,0.002787,0.2891
11394000,1891.395657,3507,223,0.002118,0.2266
11396000,1888.846192,3502,236,0.001819,0.3438
11398000,1876.857398,3520,225,0.001931,0.3047
11400000,1882.348073,3514,222,0.002142,0.2031
11402000,1884.676646,3525,227,0.002341,0.3281
11404000,1886.672624,3532,219,0.001593,0.2734
11406000,1881.852426,3502,220,0.001352,0.3281
11408000,1877.938309,3507,221,0.001167,0.2891
11410000,1880.450842,3516,241,0.000873,0.3359
11412000,1868.342144,3506,220,0.001001,0.3281
11414000,1882.113644,3532,217,0.002366,0.3125
11416000,1885.227436,3554,222,0.001560,0.3047
11418000,1889.864691,3548,205,0.001478,0.2578
11420000,1874.080802,3542,217,0.001122,0.2969
11422000,1880.316417,3557,209,0.000949,0.2734
11424000,1877.724922,3538,230,0.001200,0.2344
11426000,1880.920206,3528,236,0.000559,0.3516
11428000,1876.140658,3506,232,0.000878,0.3672
11430000,1863.294628,3508,227,0.000516,0.2422
11432000,1866.641359,3513,232,0.000225,0.2578
11434000,1875.876213,3539,232,0.000290,0.2969
11436000,1877.528782,3517,231,0.000195,0.3125
11438000,1885.167141,3534,223,0.000020,0.3438
11440000,1906.680150,3544,220,0.000194,0.2891
11442000,1902.070364,3553,219,0.000266,0.2500
11444000,1924.203324,3557,220,0.000451,0.2812
11446000,1905.283658,3542,220,0.000389,0.2969
11448000,1890.828909,3555,212,0.000158,0.2734
11450000,1888.241480,3538,240,0.000210,0.2891
11452000,1898.163097,3537,214,0.000072,0.2891
11454000,1886.015198,3551,214,0.000002,0.2734
11456000,1882.763532,3528,232,0.000003,0.3203
11458000,1877.379519,3536,222,0.000160,0.3047
11460000,1900.621365,3540,215,0.000168,0.2812
11462000,1898.378991,3529,225,0.000198,0.2734
11464000,1894.877727,3542,218,0.000188,0.2500
11466000,1890.018489,3528,241,0.000028,0.2969
11468000,1902.778449,3509,239,0.000429,0.2969
11470000,1907.198281,3500,237,0.000213,0.2891
11472000,1909.913862,3526,232,0.001049,0.3359
11474000,1950.038464,3560,231,0.001298,0.2891
11476000,1930.176484,3537,231,0.001424,0.3125
11478000,1919.592455,3534,224,0.001373,0.3047
11480000,1916.602486,3530,240,0.002008,0.3828
11482000,1915.780905,3522,235,0.002285,0.2656
11484000,1928.620058,3537,244,0.001966,0.2656
11486000,1923.555306,3548,242,0.002080,0.3203
11488000,1917.547556,3521,258,0.001748,0.2891
11490000,1920.000577,3538,215,0.001987,0.3281
11492000,1914.707546,3524,235,0.002417,0.2734
11494000,1917.552808,3552,230,0.002426,0.3516
11496000,1921.442506,3546,226,0.002558,0.2969
11498000,1930.002024,3552,221,0.003380,0.3203
11500000,1930.751157,3551,219,0.003134,0.3750
11502000,1937.059616,3546,221,0.003307,0.3125
11504000,1936.740576,3539,245,0.004230,0.2891
11506000,1945.567202,3594,225,0.005596,0.3281
11508000,1937.451997,3596,213,0.004588,0.2969
11510000,1922.457557,3597,210,0.004585,0.2969
11512000,1939.585862,3612,181,0.004128,0.2812
11514000,1953.930571,3606,195,0.003820,0.2109
11516000,1937.809914,3599,198,0.005693,0.2422
11518000,1941.069975,3597,206,0.004811,0.3047
11520000,1953.539020,3601,216,0.005028,0.2578
11522000,1945.519486,3579,228,0.006493,0.3359
11524000,1937.002907,3563,211,0.005174,0.2969
11526000,1928.315074,3565,215,0.005553,0.3438
11528000,1918.579525,3546,233,0.007149,0.2891
11530000,1865.854790,3547,234,0.012693,0.2891
11532000,1871.905183,3533,233,0.010649,0.3203
11534000,1897.248953,3533,221,0.011068,0.2734
11536000,1888.149861,3532,232,0.010654,0.2969
11538000,1888.394826,3557,218,0.009975,0.2656
11540000,1886.956300,3543,213,0.009771,0.3047
11542000,1890.222291,3538,233,0.009563,0.2812
11544000,1897.068921,3540,230,0.007308,0.3281
11546000,1883.013301,3536,223,0.007669,0.3281
11548000,1899.364497,3548,216,0.008949,0.3281
11550000,1899.374394,3559,218,0.009240,0.2734
11552000,1888.043447,3529,228,0.009627,0.3281
11554000,1899.474351,3494,249,0.009084,0.3516
11556000,1899.379458,3490,235,0.007483,0.3984
11558000,1938.970199,3490,216,0.007164,0.3359
11560000,1921.323286,3489,230,0.005909,0.3828
11562000,1939.284284,3500,223,0.006437,0.3516
11564000,1935.677026,3528,197,0.007151,0.3203
11566000,1932.051021,3502,225,0.006827,0.3125
11568000,1927.921651,3514,223,0.005967,0.3516
11570000,1922.460961,3524,234,0.005647,0.3047
11572000,1917.903613,3533,237,0.004296,0.3438
11574000,1915.576213,3508,241,0.004887,0.2500
11576000,1920.143699,3512,255,0.005209,0.3203
11578000,1900.745998,3518,256,0.004170,0.2734
11580000,1900.322354,3542,244,0.004051,0.2578
11582000,1904.321204,3543,225,0.003222,0.3047
11584000,1909.430704,3562,222,0.002503,0.2891
11586000,1914.357731,3528,247,0.002749,0.3828
11588000,1920.837411,3506,256,0.003661,0.2812
11590000,1920.367701,3544,238,0.003748,0.2969
11592000,1921.102411,3540,233,0.003402,0.3203
11594000,1914.344228,3530,244,0.004612,0.3828
11596000,1903.867306,3536,255,0.003216,0.3438
11598000,1902.917612,3530,243,0.002968,0.2891
11600000,1896.166957,3519,257,0.004136,0.3203
11602000,1887.551626,3512,261,0.003201,0.3516
11604000,1889.527026,3492,262,0.002607,0.3672
11606000,1885.017916,3490,253,0.002653,0.2969
11608000,1870.458238,3493,246,0.002913,0.2734
11610000,1886.209501,3498,244,0.002742,0.2969
11612000,1894.470471,3495,240,0.003404,0.3125
11614000,1903.104464,3483,228,0.003842,0.3125
11616000,1911.847733,3476,248,0.003718,0.3125
11618000,1924.332464,3486,232,0.003806,0.3594
11620000,1926.109717,3493,234,0.003283,0.3438
11622000,1923.061797,3497,238,0.003813,0.3125
11624000,1918.805528,3491,230,0.002737,0.3047
11626000,1914.570441,3522,229,0.002397,0.3750
11628000,1904.006300,3545,225,0.002033,0.2578
11630000,1891.551697,3550,217,0.001971,0.2500
11632000,1909.533708,3552,209,0.003321,0.2891
11634000,1892.150937,3530,218,0.002544,0.2891
11636000,1888.736573,3527,237,0.002442,0.2734
11638000,1905.821099,3556,230,0.001221,0.2734
11640000,1915.564298,3561,225,0.002339,0.3750
11642000,1901.906153,3573,217,0.001473,0.3281
11644000,1902.735106,3551,217,0.001457,0.2734
11646000,1903.339111,3563,234,0.001674,0.3047
11648000,1915.807954,3561,228,0.000939,0.2656
11650000,1936.661551,3540,231,0.000281,0.3281
11652000,1948.399624,3550,227,0.000314,0.3516
11654000,1942.586849,3548,213,0.000587,0.2578
11656000,1945.370752,3531,219,0.000011,0.3359
11658000,1937.746736,3533,196,0.000034,0.2891
11660000,1942.032893,3537,191,0.000070,0.3281
11662000,1929.337461,3534,209,0.000013,0.3125
11664000,1945.851386,3510,223,0.000396,0.2578
11666000,1945.392422,3522,224,0.000484,0.3359
11668000,1948.945030,3521,222,0.000239,0.3516
11670000,1937.711617,3545,230,0.000188,0.3047
11672000,1961.776613,3541,207,0.000868,0.3359
11674000,1968.842215,3550,212,0.001478,0.2578
11676000,1970.530953,3529,227,0.001842,0.4297
11678000,1957.725791,3521,215,0.001906,0.2656
11680000,1954.378037,3523,238,0.001830,0.2891
11682000,1957.214707,3504,229,0.002242,0.3281
11684000,1965.734627,3499,216,0.001980,0.3594
11686000,1984.482106,3495,233,0.001802,0.3750
11688000,1994.365482,3484,229,0.001346,0.2969
11690000,1994.808107,3499,229,0.001600,0.2656
11692000,2022.645000,3491,236,0.003343,0.2734
11694000,2031.755432,3513,234,0.003784,0.3203
11696000,2020.887059,3508,233,0.003322,0.2891
11698000,2042.628021,3509,233,0.001856,0.3281
11700000,2063.884079,3486,235,0.001562,0.3594
11702000,2054.749472,3486,247,0.001301,0.3594
11704000,2072.459499,3499,232,0.005341,0.3359
11706000,2063.095647,3493,220,0.006819,0.3438
11708000,2059.178915,3506,242,0.007352,0.3438
11710000,2028.777562,3486,243,0.003807,0.2969
11712000,2041.672977,3509,227,0.002738,0.3672
11714000,2053.695064,3516,224,0.002769,0.2891
11716000,2087.052090,3533,223,0.002512,0.2891
11718000,2085.717587,3535,228,0.002853,0.3047
11720000,2078.576440,3547,241,0.002903,0.3516
11722000,2065.865356,3558,219,0.003456,0.3359
11724000,2050.817489,3561,214,0.001990,0.2266
11726000,2038.333944,3537,220,0.001680,0.3516
11728000,2034.265679,3504,254,0.002511,0.2891
11730000,2041.272501,3515,255,0.001074,0.3125
11732000,2026.733818,3523,228,0.001486,0.3203
11734000,2017.830245,3505,238,0.001533,0.2344
11736000,2017.052879,3514,235,0.001086,0.2109
11738000,2008.015174,3538,228,0.000567,0.2969
11740000,2010.442535,3517,245,0.000806,0.3359
11742000,2026.161749,3542,222,0.000249,0.2969
11744000,2034.898244,3523,235,0.000192,0.3125
11746000,2027.411513,3520,252,0.000217,0.3203
11748000,2036.457861,3543,244,0.000975,0.3359
11750000,2034.534527,3536,241,0.001097,0.3516
11752000,2036.817158,3552,220,0.001042,0.2578
11754000,2030.491671,3548,224,0.001149,0.3438
11756000,2032.745967,3548,218,0.001620,0.3047
11758000,2023.756274,3534,227,0.001765,0.2812
11760000,2026.855653,3524,229,0.001316,0.3594
11762000,2029.413328,3522,246,0.001048,0.2109
11764000,2013.376311,3539,223,0.001347,0.2656
11766000,2005.695198,3528,245,0.001857,0.3047
11768000,1989.927957,3526,241,0.003023,0.2891
11770000,1975.568704,3527,241,0.003164,0.3281
11772000,1984.817919,3551,241,0.004458,0.2422
11774000,1982.699634,3560,241,0.003385,0.3672
11776000,1966.020244,3585,228,0.003734,0.3203
11778000,1962.292538,3568,249,0.002768,0.3203
11780000,1971.984739,3565,237,0.003328,0.3203
11782000,1965.924378,3535,244,0.002922,0.2969
11784000,1966.391456,3547,245,0.002736,0.2812
11786000,1973.651651,3537,244,0.002945,0.2656
11788000,1961.126504,3563,243,0.001868,0.3047
11790000,1975.412686,3579,224,0.003742,0.2266
11792000,1988.048649,3519,252,0.003104,0.3750
11794000,1986.071693,3514,247,0.004135,0.3047
11796000,1958.039011,3521,235,0.003065,0.2422
11798000,1944.312151,3542,230,0.004122,0.2578
11800000,1945.584308,3565,228,0.005572,0.2734
11802000,1949.865663,3577,231,0.005430,0.2812
11804000,1900.930109,3570,216,0.003500,0.2422
11806000,1925.157046,3573,210,0.003204,0.2656
11808000,1921.039512,3582,204,0.009198,0.3047
11810000,1929.284039,3555,210,0.008371,0.3828
11812000,1932.205237,3565,199,0.009123,0.3203
11814000,1925.735008,3545,226,0.010561,0.3594
11816000,1933.763680,3537,228,0.010599,0.2734
11818000,1948.065223,3577,208,0.009500,0.3750
11820000,1976.365403,3573,224,0.009071,0.2891
11822000,1964.354013,3587,234,0.011296,0.3125
11824000,1968.265261,3560,224,0.011710,0.2109
11826000,1966.645899,3551,245,0.010027,0.2812
11828000,1968.564485,3559,229,0.008663,0.2969
11830000,1966.138866,3568,219,0.007910,0.2422
11832000,1961.025580,3548,224,0.007286,0.3438
11834000,1957.347496,3564,232,0.007519,0.2891
11836000,1962.889520,3566,206,0.008574,0.2734
11838000,1961.108984,3547,221,0.009511,0.2891
11840000,1983.351307,3544,213,0.004782,0.3516
11842000,1986.413448,3565,215,0.004002,0.2734
11844000,1981.424778,3550,223,0.003761,0.2500
11846000,1983.536972,3596,211,0.003401,0.2734
11848000,1995.807035,3597,208,0.003121,0.2422
11850000,2018.743130,3576,230,0.002926,0.2578
11852000,2006.222954,3560,224,0.003434,0.2891
11854000,1995.442637,3567,227,0.002760,0.2891
11856000,2001.088132,3556,249,0.003226,0.3125
11858000,1999.492029,3522,264,0.003277,0.3047
11860000,1996.115807,3525,243,0.006053,0.3203
11862000,1998.780830,3541,231,0.006197,0.3047
11864000,2004.903141,3562,200,0.006194,0.2891
11866000,2012.447011,3571,219,0.007320,0.2891
11868000,2025.624043,3555,222,0.005879,0.2891
11870000,2015.217402,3586,213,0.006332,0.2500
11872000,2029.424487,3580,215,0.006491,0.2969
11874000,2028.836836,3576,220,0.005260,0.3438
11876000,2020.959866,3563,237,0.004106,0.3906
11878000,2012.427806,3563,228,0.005148,0.2578
11880000,2005.225111,3566,254,0.005652,0.3516
11882000,2009.447855,3584,245,0.007010,0.3047
11884000,2021.671992,3557,244,0.006771,0.2969
11886000,2009.616930,3569,235,0.005770,0.2578
11888000,2004.922222,3559,239,0.006096,0.2656
11890000,1995.367699,3553,260,0.008149,0.2891
11892000,1989.269994,3552,247,0.007862,0.3359
11894000,2006.852857,3581,229,0.008978,0.2812
11896000,1998.985257,3590,230,0.009232,0.2578
11898000,2014.778593,3594,223,0.009856,0.2812
11900000,1991.715828,3605,197,0.011419,0.3203
11902000,2014.752772,3606,199,0.008883,0.2500
11904000,2004.684359,3576,198,0.008642,0.3281
11906000,2008.016177,3558,223,0.009193,0.2266
11908000,2014.325031,3560,220,0.010090,0.2812
11910000,2005.723258,3551,215,0.009213,0.3281
11912000,1990.698522,3559,208,0.008384,0.2969
11914000,1996.693780,3517,218,0.008541,0.3203
11916000,1999.713203,3518,212,0.006612,0.2578
11918000,1990.308057,3513,216,0.006602,0.3047
11920000,1984.211994,3506,233,0.008294,0.2266
11922000,2003.301679,3521,232,0.007762,0.3438
11924000,2005.206248,3533,240,0.008649,0.2969
11926000,2012.702464,3550,213,0.007387,0.2734
11928000,2008.669431,3529,239,0.007801,0.2734
11930000,2012.041738,3554,231,0.010537,0.2656
11932000,2011.863669,3563,222,0.010136,0.3516
11934000,2013.534660,3574,223,0.008220,0.3125
11936000,2001.350289,3574,226,0.008313,0.3047
11938000,1985.128338,3559,230,0.007491,0.2812
11940000,2000.851073,3572,224,0.008903,0.2812
11942000,1986.972638,3585,237,0.009010,0.3438
11944000,1976.551754,3567,232,0.009463,0.2109
11946000,1978.769391,3548,230,0.010955,0.3828
11948000,1956.105062,3527,238,0.009043,0.2812
11950000,1951.333287,3530,234,0.008983,0.3281
11952000,1962.429624,3558,228,0.008785,0.3047
11954000,1965.711057,3552,223,0.008554,0.3438
11956000,1955.962979,3555,197,0.009554,0.2266
11958000,1950.810239,3567,209,0.010804,0.3047
11960000,1954.976413,3564,212,0.012449,0.2266
11962000,1955.255948,3560,214,0.012579,0.3281
11964000,1957.149232,3581,206,0.012778,0.3125
11966000,1975.756487,3568,226,0.018442,0.3125
11968000,1993.894689,3587,226,0.016170,0.3047
11970000,1973.411897,3570,222,0.020823,0.3047
11972000,1975.479968,3549,232,0.019734,0.3047
11974000,2004.847948,3578,221,0.013288,0.2500
11976000,2005.877399,3586,221,0.014292,0.3047
11978000,1995.391965,3588,204,0.017208,0.2656
11980000,1982.224481,3567,217,0.015044,0.2734
11982000,1976.031396,3561,213,0.015328,0.2656
11984000,1977.708662,3579,215,0.014412,0.4141
11986000,1969.165819,3583,215,0.014461,0.2500
11988000,1999.286010,3583,221,0.026859,0.2891
11990000,1986.067066,3582,221,0.025108,0.3594
11992000,1978.749688,3583,225,0.027768,0.2969
11994000,1932.748954,3573,223,0.029803,0.3047
11996000,1926.222042,3586,217,0.028988,0.2422
11998000,1919.621722,3586,234,0.028677,0.3672
12000000,1916.619977,3596,237,0.028915,0.2656
12002000,1917.990948,3625,225,0.029729,0.3594
12004000,1932.523940,3606,214,0.033104,0.3281
12006000,1904.543322,3611,201,0.033538,0.2656
12008000,1914.621589,3590,230,0.027785,0.2500
12010000,1890.970422,3609,201,0.022273,0.2656
12012000,1877.731204,3579,211,0.021592,0.3281
12014000,1869.524377,3576,226,0.026012,0.3203
12016000,1870.889166,3582,231,0.024442,0.3203
12018000,1881.994953,3571,217,0.024434,0.3672
12020000,1880.811594,3566,227,0.019623,0.3438
12022000,1880.050950,3597,219,0.019840,0.3438
12024000,1888.508855,3605,206,0.017476,0.2969
12026000,1882.042789,3577,221,0.018773,0.2500
12028000,1885.215365,3577,216,0.019536,0.2891
12030000,1889.914114,3574,222,0.018653,0.3906
12032000,1900.820254,3577,221,0.024649,0.2656
12034000,1910.325461,3590,222,0.024983,0.3203
12036000,1908.355061,3588,222,0.023258,0.2266
12038000,1907.202211,3601,225,0.023278,0.2656
12040000,1892.904124,3609,207,0.022206,0.3281
12042000,1886.069285,3606,211,0.027082,0.2656
12044000,1904.279953,3625,209,0.025441,0.3125
12046000,1896.916801,3611,216,0.016104,0.2891
12048000,1908.847732,3631,225,0.010006,0.2344
12050000,1910.642257,3578,226,0.009513,0.2188
12052000,1907.667733,3597,219,0.009826,0.3359
12054000,1915.516851,3639,187,0.009345,0.3281
12056000,1906.431741,3629,202,0.006893,0.3359
12058000,1908.744051,3639,194,0.006630,0.2969
12060000,1910.211251,3622,205,0.007353,0.1953
12062000,1906.198709,3591,207,0.006790,0.2969
12064000,1895.406238,3589,202,0.007227,0.2422
12066000,1898.624409,3592,197,0.005007,0.3125
12068000,1897.119722,3603,207,0.005784,0.3672
12070000,1902.894997,3601,205,0.006664,0.2812
12072000,1884.912709,3589,207,0.007373,0.2500
12074000,1887.090827,3588,203,0.007326,0.2812
12076000,1891.302830,3565,218,0.006060,0.2891
12078000,1900.479690,3558,220,0.007377,0.2500
12080000,1909.409530,3552,213,0.006030,0.3359
12082000,1920.558422,3523,225,0.006286,0.2891
12084000,1925.886046,3529,227,0.006368,0.2422
12086000,1917.014653,3545,214,0.006006,0.3438
12088000,1929.783602,3510,235,0.008166,0.2734
12090000,1912.863932,3499,241,0.008160,0.3672
12092000,1911.655806,3519,238,0.008841,0.3203
12094000,1923.331144,3521,245,0.009759,0.3281
12096000,1918.172883,3504,247,0.007570,0.3359
12098000,1915.956875,3463,260,0.008594,0.2969
12100000,1921.687555,3441,271,0.008112,0.3906
12102000,1932.326369,3489,250,0.007481,0.2891
12104000,1918.316993,3513,244,0.007011,0.2812
12106000,1922.492007,3509,243,0.007844,0.3047
12108000,1936.381264,3523,233,0.007597,0.2891
12110000,1927.753627,3543,219,0.007605,0.3047
12112000,1924.998009,3551,208,0.007464,0.2656
12114000,1925.790635,3535,238,0.006658,0.3359
12116000,1923.208031,3537,221,0.007745,0.3047
12118000,1888.030391,3513,240,0.007724,0.3359
12120000,1897.873484,3513,232,0.009125,0.2266
12122000,1897.325103,3516,236,0.009163,0.3594
12124000,1895.528389,3504,242,0.005906,0.2578
12126000,1869.513851,3513,238,0.005970,0.2891
12128000,1874.800568,3521,235,0.006139,0.3047
12130000,1880.251279,3522,220,0.006099,0.3125
12132000,1869.772170,3501,228,0.007552,0.3125
12134000,1865.546410,3517,221,0.006374,0.2734
12136000,1823.503711,3494,234,0.007881,0.3672
12138000,1826.700350,3477,235,0.007560,0.3047
12140000,1826.308937,3469,222,0.006791,0.2969
12142000,1835.270489,3477,232,0.004672,0.2891
12144000,1836.997466,3450,237,0.004923,0.2734
12146000,1837.521213,3450,238,0.004814,0.2344
12148000,1836.488404,3455,236,0.004913,0.2344
12150000,1839.464757,3479,236,0.005961,0.2578
12152000,1842.031405,3479,245,0.008625,0.3672
12154000,1861.340113,3517,225,0.010887,0.3594
12156000,1833.236810,3494,235,0.009243,0.3047
12158000,1842.280203,3507,226,0.010913,0.3281
12160000,1848.877418,3511,235,0.010442,0.2656
12162000,1831.234647,3512,224,0.007736,0.3438
12164000,1827.467084,3525,210,0.008310,0.2656
12166000,1831.464222,3509,218,0.006883,0.2422
12168000,1815.898516,3541,208,0.004847,0.3047
12170000,1813.854200,3558,203,0.004245,0.2812
12172000,1801.204680,3584,217,0.005171,0.3203
12174000,1804.968605,3546,216,0.005101,0.2266
12176000,1804.458427,3537,214,0.005935,0.3203
12178000,1810.067469,3531,222,0.005924,0.2266
12180000,1814.739061,3509,232,0.005864,0.3203
12182000,1815.630681,3542,222,0.007209,0.2500
12184000,1805.600871,3552,225,0.008380,0.2422
12186000,1806.359556,3554,245,0.008861,0.3516
12188000,1802.201773,3533,243,0.009640,0.3672
12190000,1798.262794,3567,224,0.010560,0.3047
12192000,1795.369745,3544,227,0.005259,0.3203
12194000,1801.189777,3553,221,0.005704,0.2734
12196000,1795.727232,3538,241,0.005921,0.2500
12198000,1784.511147,3557,242,0.004757,0.3516
12200000,1790.364745,3579,218,0.005092,0.2656
12202000,1789.925823,3577,209,0.004341,0.2500
12204000,1793.521906,3552,209,0.004033,0.3281
12206000,1795.736564,3544,215,0.003229,0.2812
12208000,1795.526085,3531,221,0.003401,0.2891
12210000,1796.019799,3529,216,0.003405,0.3359
12212000,1800.190477,3514,229,0.003497,0.2969
12214000,1791.172650,3537,215,0.002455,0.2891
12216000,1803.058571,3492,233,0.003270,0.3203
12218000,1811.028996,3505,237,0.002996,0.2500
12220000,1803.568178,3479,268,0.004129,0.3438
12222000,1797.880353,3501,252,0.004297,0.3516
12224000,1802.734338,3497,246,0.004488,0.3672
12226000,1795.846505,3481,236,0.002922,0.2812
12228000,1780.907207,3449,252,0.002046,0.3047
12230000,1780.035619,3477,246,0.005997,0.3672
12232000,1777.193032,3483,256,0.003487,0.3047
12234000,1803.935257,3491,248,0.006153,0.3594
12236000,1807.426261,3525,228,0.004554,0.3672
12238000,1795.410058,3501,234,0.004887,0.2969
12240000,1798.408116,3489,243,0.004415,0.2656
12242000,1791.263917,3486,242,0.016613,0.2344
12244000,1790.790084,3487,245,0.016169,0.2734
12246000,1805.992322,3504,212,0.015969,0.3750
12248000,1795.694930,3485,213,0.016582,0.2031
12250000,1797.283564,3507,234,0.017685,0.3203
12252000,1790.996254,3522,217,0.020346,0.3281
12254000,1786.330447,3507,222,0.019043,0.3047
12256000,1804.599928,3499,234,0.024520,0.3125
12258000,1810.258579,3480,243,0.023017,0.3203
12260000,1807.702410,3470,257,0.024382,0.3359
12262000,1821.517528,3495,230,0.032947,0.3281
12264000,1820.504418,3477,245,0.021544,0.4062
12266000,1814.295539,3521,229,0.020630,0.3438
12268000,1815.658390,3526,227,0.022044,0.3125
12270000,1826.750391,3535,215,0.018866,0.2578
12272000,1819.298682,3536,220,0.019879,0.3438
12274000,1805.911131,3535,227,0.016253,0.2734
12276000,1799.492851,3533,232,0.016615,0.2812
12278000,1809.140749,3548,243,0.017378,0.3203
12280000,1814.014339,3541,224,0.016189,0.3516
12282000,1820.593071,3521,237,0.013890,0.3672
12284000,1838.193846,3539,223,0.015023,0.2812
12286000,1829.490802,3563,212,0.015203,0.3125
12288000,1827.287417,3585,203,0.013660,0.2812
12290000,1824.838522,3577,212,0.013411,0.2734
12292000,1847.965559,3568,216,0.012473,0.2578
12294000,1852.292962,3542,223,0.014052,0.3047
12296000,1847.650570,3536,214,0.014890,0.2188
12298000,1844.104595,3538,217,0.014031,0.2656
12300000,1841.159326,3542,202,0.012670,0.2656
12302000,1858.010415,3527,220,0.011759,0.3203
12304000,1874.959914,3515,222,0.012256,0.3203
12306000,1874.612819,3528,210,0.012321,0.2578
12308000,1888.419439,3529,217,0.010277,0.3281
12310000,1874.941990,3538,230,0.008413,0.3281
12312000,1875.804959,3554,224,0.010928,0.2266
12314000,1875.880963,3593,206,0.012620,0.2344
12316000,1862.932089,3590,217,0.012988,0.2422
12318000,1841.477674,3600,210,0.021257,0.2891
12320000,1834.860804,3587,215,0.022294,0.3047
12322000,1833.929137,3591,197,0.022890,0.3125
12324000,1836.771242,3570,214,0.021375,0.2578
12326000,1837.753342,3574,210,0.018898,0.3359
12328000,1839.134924,3543,225,0.019116,0.3125
12330000,1848.106810,3520,230,0.017632,0.2812
12332000,1854.347457,3527,207,0.021250,0.2734
12334000,1836.783170,3528,187,0.021330,0.3281
12336000,1846.683208,3516,199,0.024586,0.2891
12338000,1834.397922,3509,199,0.023530,0.2109
12340000,1818.713138,3517,215,0.023556,0.3438
12342000,1812.553162,3515,222,0.024365,0.2969
12344000,1813.040921,3520,221,0.025789,0.3203
12346000,1793.527164,3529,220,0.023036,0.2734
12348000,1801.910084,3533,216,0.023077,0.2734
12350000,1806.203455,3502,229,0.024371,0.3438
12352000,1801.257922,3504,226,0.020433,0.2500
12354000,1790.175078,3513,229,0.019754,0.3047
12356000,1806.183284,3521,225,0.019174,0.3359
12358000,1789.558276,3513,227,0.021410,0.2188
12360000,1798.544047,3516,224,0.022413,0.3047
12362000,1805.118896,3506,231,0.025235,0.2891
12364000,1808.703897,3497,243,0.027367,0.3125
12366000,1810.221243,3494,252,0.027220,0.3203
12368000,1809.860344,3513,242,0.026844,0.3203
12370000,1819.103722,3529,255,0.028618,0.3516
12372000,1835.684191,3541,237,0.028676,0.3438
12374000,1830.302124,3527,233,0.028037,0.3594
12376000,1821.599610,3521,215,0.028475,0.2969
12378000,1819.294083,3483,247,0.027520,0.3281
12380000,1810.401319,3481,253,0.028391,0.2891
12382000,1795.665664,3486,242,0.029291,0.3359
12384000,1805.124263,3460,250,0.029512,0.3281
12386000,1805.898787,3471,254,0.034836,0.2734
12388000,1798.071701,3484,238,0.032653,0.3047
12390000,1797.659019,3482,248,0.032824,0.3594
12392000,1823.876012,3485,255,0.025136,0.2812
12394000,1811.675733,3472,249,0.026892,0.3828
12396000,1812.470749,3493,228,0.027524,0.2969
12398000,1825.900105,3477,247,0.029527,0.2656
12400000,1817.835855,3477,245,0.029241,0.2812
12402000,1803.926837,3516,233,0.030100,0.3750
12404000,1803.166798,3522,222,0.028003,0.2969
12406000,1804.119497,3513,210,0.026099,0.3438
12408000,1810.743050,3512,233,0.027320,0.2656
12410000,1822.235104,3510,247,0.028384,0.2812
12412000,1821.643760,3545,228,0.024797,0.3281
12414000,1748.312480,3512,240,0.035336,0.3828
12416000,1742.102842,3498,251,0.032575,0.4219
12418000,1755.928797,3520,246,0.028160,0.3047
12420000,1760.482158,3535,225,0.029802,0.2500
12422000,1757.941533,3529,226,0.024126,0.2969
12424000,1758.771137,3516,238,0.021170,0.2188
12426000,1769.182965,3519,229,0.021931,0.3125
12428000,1771.001549,3526,231,0.021854,0.3672
12430000,1763.143354,3547,243,0.018836,0.2812
12432000,1754.284785,3540,243,0.020884,0.2422
12434000,1761.623000,3512,237,0.021839,0.3125
12436000,1751.023158,3501,233,0.022262,0.3125
12438000,1758.456279,3505,239,0.019880,0.2969
12440000,1760.314371,3485,258,0.021298,0.3281
12442000,1764.733226,3513,247,0.018720,0.3203
12444000,1785.832284,3530,248,0.010448,0.2578
12446000,1804.336541,3564,231,0.007679,0.3281
12448000,1801.822518,3551,242,0.005652,0.3438
12450000,1810.284101,3535,221,0.004725,0.3281
12452000,1828.066897,3539,213,0.004185,0.2188
12454000,1809.109366,3557,225,0.003759,0.2656
12456000,1803.940476,3563,236,0.004771,0.3203
12458000,1817.760382,3546,231,0.005972,0.2656
12460000,1799.356745,3549,235,0.006327,0.3203
12462000,1798.410672,3520,248,0.006756,0.3906
12464000,1791.924528,3525,238,0.005601,0.3359
12466000,1790.633354,3526,226,0.010613,0.2578
12468000,1794.759043,3524,215,0.010471,0.2969
12470000,1783.446092,3527,218,0.010679,0.2812
12472000,1783.318718,3565,205,0.009508,0.3438
12474000,1781.123987,3567,209,0.008133,0.2344
12476000,1785.860785,3547,211,0.010305,0.2969
12478000,1782.372547,3545,203,0.009996,0.3281
12480000,1787.600542,3546,220,0.009354,0.3047
12482000,1789.108869,3541,216,0.009185,0.3047
12484000,1787.395989,3518,223,0.009797,0.2578
12486000,1802.028629,3532,201,0.006700,0.3047
12488000,1778.481571,3500,233,0.008874,0.3281
12490000,1759.646682,3522,214,0.008228,0.3203
12492000,1773.659173,3546,206,0.008747,0.2500
12494000,1749.303458,3519,214,0.004067,0.3203
12496000,1752.706234,3508,202,0.007443,0.2500
12498000,1745.257338,3510,193,0.008037,0.2578
12500000,1745.093764,3510,201,0.008597,0.3281
12502000,1744.958516,3550,192,0.007829,0.2812
12504000,1751.359892,3538,220,0.003715,0.2500
12506000,1761.893641,3530,220,0.003016,0.3125
12508000,1789.735751,3519,228,0.001977,0.1875
12510000,1773.902964,3544,216,0.005135,0.2734
12512000,1784.978733,3555,195,0.005306,0.2812
12514000,1796.093188,3546,219,0.004784,0.2969
12516000,1800.709296,3520,220,0.003576,0.3594
12518000,1803.611688,3522,211,0.004071,0.3047
12520000,1786.180623,3493,211,0.003151,0.3594
12522000,1790.558322,3486,229,0.001539,0.2734
12524000,1792.560040,3482,248,0.001449,0.3516
12526000,1795.144316,3499,254,0.000489,0.2891
12528000,1771.449044,3527,234,0.000142,0.3125
12530000,1755.991995,3555,225,0.002821,0.2812
12532000,1738.858783,3549,217,0.002549,0.2578
12534000,1729.624473,3512,222,0.002535,0.2969
12536000,1726.180340,3527,207,0.003736,0.3047
12538000,1711.747336,3512,221,0.004866,0.2891
12540000,1739.301908,3519,225,0.004150,0.3828
12542000,1738.180159,3512,233,0.004063,0.3047
12544000,1745.236399,3492,226,0.004135,0.2500
12546000,1739.903797,3486,242,0.004403,0.3516
12548000,1733.802511,3498,239,0.003935,0.3516
12550000,1709.775323,3488,231,0.001876,0.3359
12552000,1709.340059,3511,218,0.001223,0.2891
12554000,1713.618542,3541,219,0.001640,0.3047
12556000,1711.432152,3549,209,0.001976,0.3594
12558000,1707.284988,3553,202,0.000390,0.2891
12560000,1712.191074,3556,218,0.000250,0.3828
12562000,1717.205360,3528,229,0.000193,0.2812
12564000,1699.894354,3538,212,0.000237,0.2812
12566000,1687.073674,3523,221,0.000149,0.2891
12568000,1701.467071,3522,226,0.000193,0.2969
12570000,1699.732200,3529,221,0.000107,0.3359
12572000,1700.352601,3506,227,0.000236,0.3203
12574000,1701.722083,3512,221,0.000293,0.3438
12576000,1712.609221,3506,230,0.000132,0.3359
12578000,1715.287959,3531,209,0.000013,0.3281
12580000,1718.854326,3544,200,0.000143,0.2500
12582000,1745.347786,3547,218,0.001421,0.3359
12584000,1738.571310,3518,224,0.001070,0.2812
12586000,1731.718450,3514,231,0.001750,0.3047
12588000,1716.297768,3534,225,0.002704,0.3750
12590000,1735.681233,3544,226,0.016988,0.3359
12592000,1712.261612,3535,225,0.015814,0.3906
12594000,1712.410747,3536,241,0.013804,0.3047
12596000,1710.450791,3522,238,0.007932,0.3750
12598000,1751.511719,3527,234,0.001134,0.3125
12600000,1751.287236,3524,238,0.003806,0.3125
12602000,1756.073792,3509,241,0.003631,0.3047
12604000,1714.777559,3547,226,0.001634,0.2812
12606000,1715.925932,3560,216,0.001533,0.2188
12608000,1716.201962,3569,209,0.002190,0.2969
12610000,1738.706146,3575,192,0.001257,0.2656
12612000,1732.961366,3565,211,0.001639,0.2891
12614000,1736.934312,3536,233,0.000839,0.3672
12616000,1736.136197,3555,222,0.000785,0.3203
12618000,1734.401086,3552,213,0.001012,0.2188
12620000,1758.236636,3550,210,0.000866,0.3047
12622000,1748.599588,3541,224,0.000964,0.2656
12624000,1744.893623,3548,220,0.001041,0.3516
12626000,1736.953476,3508,245,0.000997,0.3906
12628000,1722.803587,3516,246,0.001122,0.3047
12630000,1722.689390,3511,242,0.000935,0.3281
12632000,1726.644306,3538,232,0.001075,0.2969
12634000,1732.679075,3525,242,0.000624,0.3125
12636000,1747.976897,3523,228,0.000876,0.2969
12638000,1751.880713,3502,224,0.002189,0.2500
12640000,1747.487620,3515,235,0.001702,0.3672
12642000,1744.864260,3504,245,0.001634,0.3672
12644000,1744.949104,3518,242,0.001643,0.3047
12646000,1745.773418,3507,257,0.000954,0.3516
12648000,1749.245256,3502,234,0.001344,0.3438
12650000,1775.797195,3502,245,0.000577,0.2656
12652000,1774.518682,3509,243,0.000525,0.3594
12654000,1772.544484,3526,216,0.000030,0.2969
12656000,1764.090367,3515,245,0.000546,0.2969
12658000,1752.058000,3511,251,0.000798,0.3906
12660000,1740.670727,3491,248,0.001824,0.3594
12662000,1730.716234,3506,222,0.006166,0.3594
12664000,1727.494391,3473,243,0.006474,0.3281
12666000,1724.349235,3500,244,0.005087,0.3750
12668000,1716.925827,3514,222,0.003442,0.2891
12670000,1720.129872,3489,236,0.004420,0.2188
12672000,1726.327140,3492,245,0.003830,0.3047
12674000,1723.952711,3498,231,0.003456,0.2031
12676000,1729.030295,3516,224,0.003620,0.3047
12678000,1739.989005,3523,220,0.003258,0.2734
12680000,1743.286257,3525,229,0.002865,0.3438
12682000,1746.881056,3522,233,0.003005,0.3359
12684000,1753.738535,3542,221,0.003183,0.2422
12686000,1748.432662,3546,218,0.000982,0.2891
12688000,1764.768292,3518,221,0.001071,0.3516
12690000,1765.252634,3523,226,0.000867,0.2656
12692000,1765.582053,3522,215,0.001181,0.2891
12694000,1753.708216,3522,221,0.001869,0.3281
12696000,1751.334975,3543,232,0.001558,0.3125
12698000,1748.416611,3542,213,0.003333,0.3281
12700000,1736.952491,3533,212,0.003185,0.3203
12702000,1753.914692,3558,200,0.003451,0.2656
12704000,1764.542368,3595,195,0.003464,0.3359
12706000,1764.386315,3602,200,0.003074,0.2422
12708000,1751.696119,3575,186,0.004708,0.2578
12710000,1751.564079,3557,199,0.006628,0.2969
12712000,1760.645986,3525,214,0.005686,0.3203
12714000,1769.476547,3537,219,0.007332,0.3672
12716000,1773.379743,3533,218,0.006882,0.3125
12718000,1764.560537,3517,242,0.006434,0.3438
12720000,1774.246280,3545,218,0.007552,0.2344
12722000,1772.609296,3555,227,0.006601,0.3125
12724000,1778.940681,3554,226,0.006908,0.3359
12726000,1767.998378,3514,246,0.006372,0.3984
12728000,1777.078954,3523,240,0.007063,0.2656
12730000,1791.244000,3540,222,0.007011,0.2656
12732000,1799.405323,3533,216,0.006656,0.3203
12734000,1816.075255,3520,214,0.006675,0.2734
12736000,1800.284422,3506,223,0.008246,0.3828
12738000,1787.445804,3501,215,0.014955,0.2891
12740000,1780.870091,3459,240,0.013799,0.3438
12742000,1782.556766,3458,238,0.015818,0.4141
12744000,1775.117784,3468,223,0.014225,0.2734
12746000,1770.981298,3443,258,0.012936,0.3281
12748000,1772.625762,3477,244,0.012183,0.2734
12750000,1773.760997,3513,237,0.012270,0.3359
12752000,1769.191632,3542,210,0.016882,0.3125
12754000,1761.092906,3547,211,0.015842,0.2422
12756000,1753.457320,3511,226,0.013742,0.3438
12758000,1763.482368,3523,255,0.014067,0.3047
12760000,1751.647011,3516,254,0.015626,0.3438
12762000,1738.202204,3487,254,0.014971,0.2969
12764000,1738.487123,3501,229,0.014246,0.3281
12766000,1759.611909,3483,235,0.007330,0.3594
12768000,1753.102706,3515,219,0.009118,0.3125
12770000,1745.465802,3471,257,0.008773,0.3047
12772000,1738.439598,3501,208,0.009338,0.3281
12774000,1748.734022,3511,228,0.010142,0.3672
12776000,1753.049804,3533,226,0.011459,0.2578
12778000,1758.436702,3547,216,0.010022,0.3438
12780000,1759.189721,3536,221,0.010981,0.3281
12782000,1787.349609,3538,214,0.021314,0.2656
12784000,1789.509786,3548,214,0.018960,0.2891
12786000,1786.142163,3529,225,0.019795,0.2578
12788000,1782.903595,3535,221,0.016339,0.3281
12790000,1780.820138,3493,227,0.018658,0.3125
12792000,1778.768091,3513,220,0.013578,0.3281
12794000,1788.055335,3538,215,0.011014,0.3047
12796000,1752.971688,3502,213,0.010591,0.2891
12798000,1754.001754,3500,226,0.011195,0.3047
12800000,1756.035514,3528,202,0.010942,0.2656
12802000,1763.641014,3481,229,0.011828,0.3047
12804000,1757.525765,3485,230,0.011762,0.2656
12806000,1769.964156,3489,229,0.009838,0.3203
12808000,1769.214837,3489,232,0.009482,0.2891
12810000,1759.283418,3474,252,0.008665,0.2891
12812000,1776.767706,3492,221,0.011282,0.3438
12814000,1775.025530,3502,227,0.007854,0.3125
12816000,1774.859157,3487,245,0.008359,0.3203
12818000,1788.710132,3490,245,0.007974,0.3516
12820000,1787.409420,3482,229,0.009484,0.3438
12822000,1790.744511,3476,234,0.010106,0.2812
12824000,1773.653884,3474,228,0.010205,0.3672
12826000,1760.577160,3488,252,0.008436,0.2812
12828000,1778.758708,3487,255,0.008850,0.2578
12830000,1782.978556,3465,241,0.009371,0.3125
12832000,1801.232791,3469,241,0.009565,0.3594
12834000,1774.712344,3495,247,0.009621,0.3047
12836000,1770.935591,3519,233,0.012196,0.3359
12838000,1777.948316,3514,225,0.013713,0.3047
12840000,1824.473897,3510,250,0.008321,0.2734
12842000,1823.650678,3523,242,0.006534,0.2891
12844000,1828.347991,3543,225,0.006901,0.2422
12846000,1849.808058,3553,209,0.007236,0.2812
12848000,1859.024396,3574,209,0.008000,0.3438
12850000,1848.340193,3565,219,0.007186,0.3516
12852000,1842.965892,3538,249,0.005820,0.3203
12854000,1842.081455,3519,234,0.005309,0.3516
12856000,1897.767407,3554,210,0.000125,0.3984
12858000,1910.998625,3527,204,0.000426,0.2891
12860000,1918.030088,3530,209,0.000830,0.2969
12862000,1942.122466,3552,199,0.001803,0.2266
12864000,1942.776510,3550,183,0.002271,0.2969
12866000,1954.610848,3528,210,0.002115,0.4141
12868000,1970.495519,3548,201,0.002344,0.2969
12870000,1974.545693,3544,226,0.002600,0.3516
12872000,1984.054226,3576,216,0.002314,0.3516
12874000,1978.227731,3570,211,0.002304,0.2656
12876000,1974.345664,3554,220,0.000435,0.3281
12878000,1973.447960,3575,200,0.001130,0.3125
12880000,1968.159644,3565,206,0.000517,0.3906
12882000,1958.268677,3561,197,0.000768,0.2578
12884000,1948.589488,3533,222,0.000931,0.4141
12886000,1972.861961,3545,228,0.001564,0.3125
12888000,1964.453120,3521,218,0.002397,0.2891
12890000,1946.463733,3537,212,0.015652,0.2500
12892000,1935.414505,3537,244,0.014919,0.3438
12894000,1897.802964,3519,255,0.037540,0.3047
12896000,1901.007612,3533,238,0.037835,0.3359
12898000,1897.916611,3543,237,0.037210,0.3750
12900000,1880.805254,3517,248,0.043543,0.2266
12902000,1889.823182,3540,238,0.027671,0.2891
12904000,1896.422428,3558,224,0.021189,0.2812
12906000,1881.141045,3558,226,0.022809,0.2578
12908000,1875.273282,3563,212,0.024273,0.3594
12910000,1861.529365,3574,202,0.026278,0.3516
12912000,1869.413526,3569,213,0.027604,0.3281
12914000,1871.115717,3535,222,0.027737,0.2422
12916000,1859.820870,3559,219,0.022052,0.3750
12918000,1870.624331,3530,238,0.020561,0.3125
12920000,1886.843346,3551,228,0.020110,0.2969
12922000,1856.980532,3558,224,0.024894,0.3281
12924000,1842.627845,3540,217,0.024427,0.2656
12926000,1865.248091,3575,201,0.017285,0.2891
12928000,1862.761537,3572,208,0.017048,0.3359
12930000,1863.540783,3554,218,0.020650,0.3281
12932000,1875.720964,3562,209,0.020049,0.2500
12934000,1870.418086,3561,200,0.018728,0.2578
12936000,1855.815877,3533,223,0.018706,0.3203
12938000,1867.161753,3546,227,0.016185,0.3125
12940000,1864.286562,3554,213,0.068325,0.2969
12942000,1863.169241,3555,207,0.059460,0.3750
12944000,1854.450236,3553,220,0.062013,0.2812
12946000,1861.759578,3553,226,0.058345,0.2969
12948000,1874.611242,3538,240,0.060158,0.2812
12950000,1871.909059,3568,214,0.057133,0.3438
12952000,1861.447527,3551,225,0.053602,0.3359
12954000,1861.600327,3531,239,0.052309,0.2734
12956000,1854.681564,3527,241,0.056299,0.2969
12958000,1855.435293,3505,253,0.059462,0.3203
12960000,1836.565983,3528,236,0.055587,0.2734
12962000,1829.268770,3521,243,0.058643,0.2578
12964000,1844.881252,3538,238,0.055004,0.1953
12966000,1826.601069,3524,242,0.052962,0.3203
12968000,1826.038626,3512,242,0.045449,0.3047
12970000,1835.106145,3506,223,0.047531,0.3047
12972000,1840.323239,3489,222,0.047945,0.3750
12974000,1818.877902,3472,232,0.042824,0.2734
12976000,1845.468455,3478,250,0.042891,0.2812
12978000,1839.587217,3476,239,0.041020,0.3516
12980000,1820.147538,3497,231,0.040891,0.3359
12982000,1831.185071,3498,231,0.040369,0.2500
12984000,1840.256799,3503,222,0.041989,0.2031
12986000,1854.144174,3499,230,0.041349,0.3125
12988000,1829.330983,3458,243,0.038697,0.2891
12990000,1829.707298,3443,251,0.036217,0.4297
12992000,1836.398114,3473,238,0.033818,0.3828
12994000,1833.858937,3471,263,0.031831,0.2812
12996000,1853.472191,3474,236,0.034820,0.2578
12998000,1849.438264,3477,249,0.035343,0.3047
13000000,1850.553615,3508,242,0.032986,0.3047
13002000,1838.680257,3504,253,0.034031,0.3750
13004000,1846.816128,3510,249,0.032245,0.3047
13006000,1833.217072,3502,236,0.028791,0.2969
13008000,1841.000420,3521,226,0.032188,0.2578
13010000,1840.507171,3513,235,0.037121,0.4297
13012000,1829.676127,3499,240,0.037860,0.3750
13014000,1829.969274,3503,235,0.037786,0.3672
13016000,1794.667077,3524,222,0.039308,0.2891
13018000,1793.113957,3523,216,0.042144,0.3281
13020000,1794.757079,3527,226,0.036888,0.3359
13022000,1811.755274,3558,224,0.039873,0.3203
13024000,1803.373308,3541,215,0.036180,0.2109
13026000,1811.377700,3512,223,0.036761,0.3516
13028000,1848.060529,3514,236,0.040077,0.3203
13030000,1838.633791,3494,233,0.042811,0.2812
13032000,1855.068541,3474,216,0.035521,0.1875
13034000,1840.012010,3455,223,0.033690,0.3516
13036000,1837.431269,3450,230,0.024943,0.3672
13038000,1838.357610,3434,253,0.025178,0.2969
13040000,1856.828875,3455,241,0.024499,0.2969
13042000,1861.245761,3442,264,0.025054,0.2734
13044000,1862.305792,3449,255,0.025440,0.3281
13046000,1851.267162,3436,251,0.023754,0.3438
13048000,1850.087382,3486,240,0.020734,0.3125
13050000,1852.647650,3491,219,0.020875,0.3516
13052000,1875.620976,3499,224,0.017764,0.2734
13054000,1873.011168,3480,240,0.019446,0.3125
13056000,1865.963322,3504,233,0.022166,0.3125
13058000,1835.072529,3498,238,0.018735,0.3203
13060000,1838.833408,3542,226,0.020146,0.2734
13062000,1871.160210,3542,224,0.026638,0.3047
13064000,1883.080500,3531,212,0.028911,0.3047
13066000,1882.968861,3556,201,0.028575,0.2578
13068000,1886.434061,3524,202,0.031667,0.2891
13070000,1847.188167,3517,227,0.035277,0.3125
13072000,1833.953775,3519,215,0.034882,0.2812
13074000,1843.711873,3535,212,0.031688,0.2500
13076000,1850.028376,3532,225,0.034827,0.3203
13078000,1848.542823,3515,242,0.033724,0.2578
13080000,1861.212798,3537,227,0.031755,0.3047
13082000,1851.482031,3550,219,0.032781,0.2578
13084000,1842.532008,3566,199,0.034395,0.3594
13086000,1837.045831,3554,217,0.032005,0.2656
13088000,1830.957786,3579,203,0.030263,0.3828
13090000,1839.341977,3573,185,0.031751,0.2734
13092000,1818.409570,3564,211,0.032457,0.2656
13094000,1819.395649,3566,210,0.036359,0.3672
13096000,1840.885114,3529,214,0.037970,0.3359
13098000,1824.763433,3540,218,0.039313,0.2969
13100000,1825.950548,3568,219,0.038555,0.3594
13102000,1815.389639,3564,229,0.038883,0.3203
13104000,1812.949907,3572,212,0.034209,0.3203
13106000,1810.481195,3577,195,0.051673,0.2812
13108000,1808.136290,3560,212,0.053368,0.2891
13110000,1805.635217,3595,214,0.050883,0.3359
13112000,1810.500974,3541,240,0.051152,0.2656
13114000,1853.338968,3576,226,0.054174,0.2812
13116000,1857.324898,3599,209,0.055287,0.3203
13118000,1838.292484,3582,211,0.057085,0.2656
13120000,1821.171789,3566,217,0.056566,0.2969
13122000,1832.605573,3574,219,0.058176,0.2578
13124000,1829.789123,3558,227,0.057099,0.3281
13126000,1817.001639,3549,225,0.059215,0.2891
13128000,1827.664736,3543,229,0.058038,0.3281
13130000,1821.638136,3504,233,0.059621,0.3047
13132000,1820.674901,3502,235,0.047964,0.3438
13134000,1815.279940,3539,219,0.052567,0.3047
13136000,1832.342227,3550,213,0.042891,0.2734
13138000,1820.630490,3520,241,0.043911,0.2344
13140000,1836.551654,3494,238,0.049197,0.2812
13142000,1828.348131,3459,249,0.048634,0.3125
13144000,1810.434746,3497,240,0.049248,0.3203
13146000,1808.144231,3501,242,0.048873,0.3438
13148000,1815.977043,3512,245,0.043925,0.3203
13150000,1808.957963,3497,234,0.040689,0.3438
13152000,1821.582747,3500,234,0.041010,0.3047
13154000,1830.638412,3507,233,0.039983,0.3359
13156000,1841.499399,3491,233,0.042989,0.3594
13158000,1854.181703,3487,238,0.040859,0.3047
13160000,1832.918693,3450,229,0.039611,0.3594
13162000,1859.807462,3447,239,0.040404,0.3281
13164000,1849.475948,3429,240,0.039493,0.3125
13166000,1848.898937,3468,239,0.026977,0.3516
13168000,1856.794764,3471,257,0.025955,0.3125
13170000,1840.226037,3465,252,0.025289,0.2656
13172000,1840.486004,3500,254,0.025807,0.3906
13174000,1833.858405,3471,277,0.026557,0.3594
13176000,1834.026319,3459,293,0.023765,0.3516
13178000,1831.648464,3481,266,0.024159,0.2812
13180000,1829.940241,3489,254,0.027482,0.2422
13182000,1842.192631,3481,240,0.028637,0.2969
13184000,1843.610002,3463,227,0.031199,0.2734
13186000,1822.916234,3470,228,0.031312,0.2734
13188000,1820.037136,3460,249,0.033229,0.2578
13190000,1827.198637,3475,234,0.030896,0.2734
13192000,1828.324461,3462,249,0.029018,0.4219
13194000,1834.445426,3462,234,0.031155,0.2969
13196000,1828.392731,3497,225,0.032305,0.3125
13198000,1846.917416,3481,249,0.037501,0.2656
13200000,1854.532882,3481,254,0.039889,0.2891
13202000,1853.886677,3485,253,0.039280,0.3203
13204000,1843.449248,3473,246,0.037906,0.2969
13206000,1834.696148,3470,243,0.034958,0.3516
13208000,1829.046375,3464,241,0.034413,0.2734
13210000,1838.950643,3504,218,0.034575,0.2578
13212000,1850.811192,3481,231,0.036915,0.3125
13214000,1836.825249,3477,225,0.040550,0.2500
13216000,1848.853157,3444,255,0.036177,0.3125
13218000,1848.286328,3455,244,0.035519,0.3125
13220000,1859.629270,3463,250,0.029534,0.2969
13222000,1845.518377,3474,227,0.030878,0.3359
13224000,1850.129693,3478,252,0.029106,0.3594
13226000,1861.342036,3492,250,0.026510,0.2734
13228000,1846.528875,3493,243,0.031203,0.3203
13230000,1836.469261,3506,237,0.032517,0.3047
13232000,1825.926790,3496,252,0.029962,0.2812
13234000,1823.101924,3480,268,0.031993,0.2969
13236000,1812.449117,3462,244,0.029170,0.2812
13238000,1848.691874,3478,231,0.035265,0.3047
13240000,1843.514019,3478,233,0.035921,0.2578
13242000,1826.370135,3492,236,0.029300,0.3516
13244000,1837.617317,3502,242,0.028800,0.3359
13246000,1805.264804,3515,233,0.027065,0.2891
13248000,1797.760740,3507,248,0.026675,0.3281
13250000,1789.531176,3493,252,0.027855,0.3594
13252000,1798.834261,3481,252,0.028759,0.2891
13254000,1813.221479,3486,246,0.029182,0.3438
13256000,1826.858357,3489,242,0.029910,0.2891
13258000,1824.714931,3488,242,0.027710,0.2656
13260000,1837.924612,3493,240,0.031588,0.2969
13262000,1845.859153,3506,232,0.032332,0.2734
13264000,1855.465444,3494,233,0.030161,0.2812
13266000,1864.614974,3482,244,0.031773,0.2891
13268000,1866.716147,3505,236,0.029841,0.3359
13270000,1881.537795,3512,234,0.031727,0.3047
13272000,1887.437009,3505,238,0.030851,0.3672
13274000,1885.925793,3483,247,0.032690,0.3125
13276000,1871.776818,3504,246,0.032079,0.2891
13278000,1871.884888,3511,232,0.034028,0.2891
13280000,1873.993427,3500,234,0.036010,0.2891
13282000,1880.097240,3512,239,0.033801,0.2891
13284000,1893.783979,3487,236,0.032286,0.3281
13286000,1893.434423,3501,216,0.032655,0.3047
13288000,1876.049159,3534,209,0.034472,0.3359
13290000,1869.398700,3530,211,0.034133,0.2812
13292000,1882.621916,3517,221,0.035852,0.2656
13294000,1899.162619,3494,224,0.038809,0.2812
13296000,1898.552064,3481,230,0.041987,0.2891
13298000,1919.164587,3495,229,0.032296,0.3047
13300000,1902.265402,3507,218,0.033952,0.3047
13302000,1895.396360,3507,225,0.040056,0.2969
13304000,1905.461406,3500,218,0.032618,0.2812
13306000,1909.534920,3497,217,0.031314,0.2891
13308000,1902.228336,3497,228,0.029250,0.2734
13310000,1903.377619,3507,226,0.029667,0.3203
13312000,1869.422563,3512,243,0.028803,0.2812
13314000,1867.579920,3534,229,0.026939,0.2500
13316000,1866.124708,3505,232,0.024598,0.2656
13318000,1869.293637,3500,225,0.023759,0.2969
13320000,1855.548719,3503,222,0.028942,0.3281
13322000,1856.487854,3472,251,0.026863,0.3438
13324000,1852.771056,3463,250,0.030065,0.2969
13326000,1853.730964,3491,229,0.028609,0.3594
13328000,1851.754656,3504,243,0.027706,0.2812
13330000,1846.976029,3530,229,0.031106,0.2891
13332000,1857.385079,3546,233,0.033147,0.3516
13334000,1858.603159,3547,222,0.031848,0.1875
13336000,1853.902836,3586,198,0.032354,0.2891
13338000,1840.821503,3619,192,0.033095,0.2812
13340000,1836.763360,3612,192,0.035768,0.3281
13342000,1841.790954,3632,195,0.033548,0.2266
13344000,1862.613379,3634,206,0.032481,0.3438
13346000,1884.204599,3602,216,0.028770,0.2656
13348000,1886.518708,3615,212,0.029745,0.3203
13350000,1884.230633,3610,224,0.031797,0.2969
13352000,1875.843477,3616,223,0.028754,0.2266
13354000,1874.956532,3617,228,0.027358,0.3672
13356000,1890.329877,3579,242,0.025359,0.3359
13358000,1885.476548,3581,225,0.025847,0.2891
13360000,1883.194548,3566,228,0.025787,0.3281
13362000,1879.762972,3565,223,0.025742,0.1875
13364000,1884.237603,3580,212,0.025388,0.3672
13366000,1881.612762,3572,220,0.024116,0.2891
13368000,1871.442921,3587,197,0.025526,0.2500
13370000,1868.429327,3570,216,0.024418,0.2734
13372000,1866.369527,3576,220,0.020960,0.3359
13374000,1863.139640,3586,218,0.019896,0.3516
13376000,1872.119497,3571,230,0.017285,0.2656
13378000,1868.902653,3513,231,0.022900,0.2578
13380000,1851.010986,3538,223,0.023703,0.2500
13382000,1855.973053,3512,238,0.027176,0.2656
13384000,1859.845844,3515,246,0.026463,0.3438
13386000,1866.079187,3531,218,0.027360,0.2812
13388000,1869.106725,3523,223,0.025706,0.2656
13390000,1855.973061,3527,222,0.025837,0.3047
13392000,1867.728121,3530,240,0.022974,0.2812
13394000,1876.857169,3551,226,0.023267,0.2891
13396000,1868.192106,3577,206,0.025179,0.3047
13398000,1876.518781,3583,196,0.026866,0.3203
13400000,1879.213049,3586,216,0.027136,0.2656
13402000,1866.424692,3562,217,0.028639,0.3047
13404000,1871.930571,3568,212,0.027827,0.2812
13406000,1859.432226,3542,206,0.023449,0.2891
13408000,1861.248942,3547,213,0.023909,0.3672
13410000,1853.921757,3546,204,0.024109,0.3203
13412000,1862.510279,3550,205,0.025318,0.2812
13414000,1868.735427,3566,202,0.027421,0.2891
13416000,1873.194024,3553,211,0.027442,0.3359
13418000,1880.625825,3540,216,0.026699,0.3359
13420000,1888.938879,3542,217,0.027675,0.3438
13422000,1916.788120,3540,219,0.028492,0.3047
13424000,1915.242858,3523,227,0.027835,0.2734
13426000,1910.477999,3523,222,0.027662,0.3516
13428000,1913.956161,3504,220,0.025797,0.2891
13430000,1869.918970,3509,231,0.032562,0.3828
13432000,1867.351714,3499,232,0.031879,0.3516
13434000,1876.165503,3518,216,0.033901,0.3125
13436000,1880.495927,3529,226,0.034047,0.2891
13438000,1871.137720,3532,227,0.031349,0.3203
13440000,1873.799290,3546,223,0.031965,0.2656
13442000,1872.021018,3546,239,0.031963,0.2812
13444000,1887.479301,3552,227,0.029880,0.2969
13446000,1877.406364,3553,223,0.030062,0.3750
13448000,1886.401131,3522,240,0.030915,0.2891
13450000,1881.052246,3519,239,0.029115,0.3438
13452000,1887.508997,3500,255,0.027335,0.2734
13454000,1880.196112,3536,238,0.029391,0.3125
13456000,1895.388753,3555,214,0.025385,0.2344
13458000,1882.207323,3533,210,0.024341,0.3594
13460000,1891.021476,3522,214,0.026306,0.2656
13462000,1885.708041,3500,230,0.026127,0.3516
13464000,1885.847537,3514,218,0.028031,0.2969
13466000,1899.006635,3542,204,0.026246,0.2891
13468000,1905.220447,3558,198,0.026283,0.2891
13470000,1893.839608,3526,201,0.025211,0.2969
13472000,1906.067294,3523,221,0.025685,0.2812
13474000,1912.633008,3545,235,0.027221,0.3047
13476000,1925.177036,3525,231,0.022926,0.3203
13478000,1926.416106,3544,224,0.021332,0.2969
13480000,1917.032178,3519,234,0.022612,0.3125
13482000,1914.244597,3537,219,0.024838,0.3281
13484000,1912.526452,3552,212,0.024811,0.3516
13486000,1930.435653,3578,202,0.020965,0.2266
13488000,1919.065694,3574,221,0.022939,0.3047
13490000,1913.746300,3558,213,0.018542,0.2422
13492000,1935.042081,3544,218,0.022496,0.1875
13494000,1936.765359,3562,208,0.021093,0.2812
13496000,1923.781325,3576,202,0.020625,0.2656
13498000,1905.964307,3557,196,0.017106,0.2656
13500000,1900.876379,3558,208,0.018703,0.2891
13502000,1894.480028,3580,206,0.018586,0.3359
13504000,1887.932767,3568,194,0.016982,0.3281
13506000,1900.442380,3570,190,0.016612,0.3281
13508000,1891.298403,3556,205,0.014689,0.1875
13510000,1894.038995,3565,216,0.013358,0.3203
13512000,1876.922469,3528,225,0.013542,0.3359
13514000,1886.379380,3559,212,0.014994,0.2656
13516000,1899.724972,3560,212,0.017449,0.3750
13518000,1926.894091,3567,222,0.021561,0.3438
13520000,1934.856674,3545,226,0.023276,0.2734
13522000,1939.690346,3552,232,0.024101,0.3594
13524000,1924.140673,3553,241,0.020560,0.2734
13526000,1908.615997,3538,249,0.022570,0.2656
13528000,1915.754882,3565,234,0.022818,0.2969
13530000,1907.702440,3572,226,0.023456,0.3125
13532000,1899.821319,3588,224,0.023782,0.3125
13534000,1909.374168,3609,205,0.021913,0.2969
13536000,1917.601742,3588,211,0.021992,0.3047
13538000,1914.204759,3590,205,0.021268,0.2891
13540000,1920.076285,3584,206,0.020934,0.3359
13542000,1923.619614,3568,206,0.021062,0.2734
13544000,1917.648268,3549,217,0.023476,0.3281
13546000,1945.131152,3576,203,0.020761,0.2734
13548000,1962.848460,3575,224,0.022058,0.2812
13550000,1970.856706,3570,218,0.025262,0.3281
13552000,1973.956702,3567,205,0.030072,0.2344
13554000,1950.470597,3569,218,0.026463,0.2344
13556000,1927.076297,3567,218,0.024397,0.2891
13558000,1919.839865,3560,222,0.021266,0.2734
13560000,1911.387877,3539,230,0.023042,0.2812
13562000,1906.693518,3556,224,0.022497,0.3047
13564000,1923.496721,3548,213,0.021534,0.2812
13566000,1904.554592,3553,218,0.014675,0.2969
13568000,1901.461915,3524,220,0.013592,0.2891
13570000,1899.513834,3543,220,0.013030,0.3203
13572000,1892.276622,3567,221,0.013116,0.2734
13574000,1903.520006,3586,212,0.012115,0.2891
13576000,1893.159034,3563,225,0.010505,0.3359
13578000,1906.471148,3574,215,0.010537,0.2422
13580000,1909.375342,3535,241,0.013299,0.2969
13582000,1901.129879,3546,226,0.012077,0.3203
13584000,1911.394183,3543,230,0.013998,0.4062
13586000,1908.003760,3587,228,0.015968,0.2812
13588000,1897.548648,3581,225,0.016038,0.2969
13590000,1917.890281,3625,202,0.016138,0.2969
13592000,1923.044285,3628,205,0.015878,0.2656
13594000,1916.249857,3608,209,0.014602,0.3281
13596000,1925.396020,3628,187,0.012315,0.2422
13598000,1924.346607,3611,200,0.013216,0.3359
13600000,1928.620413,3571,215,0.014330,0.3828
13602000,1917.117328,3579,226,0.013188,0.2500
13604000,1936.799049,3553,239,0.014770,0.2656
13606000,1923.542569,3563,222,0.017641,0.2812
13608000,1934.460238,3552,218,0.016207,0.2734
13610000,1932.599083,3529,219,0.014744,0.3203
13612000,1959.077105,3517,238,0.016914,0.2969
13614000,1948.981390,3554,207,0.017352,0.2578
13616000,1948.330975,3538,227,0.019203,0.2969
13618000,1936.112924,3504,246,0.018337,0.3203
13620000,1949.445136,3523,231,0.020630,0.2969
13622000,1943.613399,3508,252,0.019952,0.2266
13624000,1918.361616,3506,235,0.021808,0.2734
13626000,1907.490219,3528,219,0.019479,0.3828
13628000,1899.685981,3532,217,0.018442,0.3047
13630000,1914.290137,3523,242,0.022464,0.2734
13632000,1907.863393,3523,240,0.019156,0.2812
13634000,1917.522093,3528,229,0.022025,0.2891
13636000,1905.360106,3541,234,0.018444,0.2656
13638000,1917.169794,3549,224,0.019669,0.2500
13640000,1918.644911,3549,214,0.017124,0.2734
13642000,1926.807715,3559,229,0.017223,0.2969
13644000,1926.962300,3556,231,0.018617,0.2422
13646000,1931.697268,3554,222,0.015581,0.2656
13648000,1931.717177,3521,234,0.014220,0.2891
13650000,1892.482974,3514,228,0.010856,0.3047
13652000,1889.153859,3510,226,0.011079,0.2422
13654000,1906.643128,3524,229,0.012383,0.2891
13656000,1924.455795,3544,209,0.013426,0.2734
13658000,1919.600741,3540,215,0.014049,0.3438
13660000,1903.538292,3525,224,0.011605,0.2969
13662000,1896.104972,3532,232,0.012291,0.3281
13664000,1909.112255,3542,224,0.011238,0.3281
13666000,1907.317484,3538,227,0.015517,0.3203
13668000,1907.231822,3536,232,0.018392,0.2969
13670000,1901.439834,3542,227,0.016827,0.2812
13672000,1906.733279,3539,230,0.016352,0.2969
13674000,1900.654530,3524,223,0.012366,0.3281
13676000,1901.982564,3533,215,0.014204,0.2891
13678000,1913.552611,3509,241,0.013905,0.3281
13680000,1907.107657,3495,240,0.014141,0.3594
13682000,1898.992328,3480,231,0.013503,0.3047
13684000,1902.299049,3482,218,0.015385,0.2891
13686000,1913.785298,3525,197,0.015003,0.3203
13688000,1917.245796,3538,211,0.012050,0.2969
13690000,1894.609357,3520,222,0.007983,0.3281
13692000,1891.722989,3524,221,0.007429,0.2734
13694000,1882.239544,3500,232,0.008858,0.2812
13696000,1858.456884,3526,226,0.007325,0.2734
13698000,1857.002605,3521,214,0.008449,0.1953
13700000,1843.540526,3513,220,0.009309,0.2812
13702000,1862.511074,3560,209,0.011792,0.3203
13704000,1869.549725,3509,219,0.011610,0.3594
13706000,1870.842001,3528,206,0.011761,0.3359
13708000,1881.629249,3523,229,0.013117,0.2656
13710000,1876.579624,3504,231,0.013764,0.2656
13712000,1859.689092,3495,235,0.011828,0.2344
13714000,1885.888268,3515,215,0.008758,0.3438
13716000,1892.411351,3504,225,0.010200,0.2578
13718000,1899.218638,3512,222,0.009469,0.3281
13720000,1903.310599,3536,218,0.013298,0.3828
13722000,1915.782734,3578,197,0.014309,0.2891
13724000,1918.941474,3580,217,0.013701,0.3125
13726000,1920.968886,3554,201,0.014913,0.2578
13728000,1920.482355,3536,227,0.015784,0.3750
13730000,1902.064886,3534,224,0.014322,0.2500
13732000,1908.103362,3543,217,0.018101,0.3203
13734000,1921.804344,3523,224,0.017384,0.3047
13736000,1913.629944,3495,233,0.017355,0.3047
13738000,1906.861421,3484,250,0.017291,0.3203
13740000,1914.609035,3484,255,0.015870,0.2969
13742000,1927.517799,3493,231,0.016359,0.2812
13744000,1918.470444,3495,221,0.014793,0.3281
13746000,1918.525500,3484,236,0.015297,0.3281
13748000,1909.865802,3494,218,0.014241,0.3516
13750000,1875.534464,3492,232,0.006521,0.2969
13752000,1881.562986,3492,238,0.005279,0.2812
13754000,1890.055426,3491,220,0.004597,0.2969
13756000,1892.576564,3500,226,0.004047,0.2734
13758000,1895.318404,3533,220,0.004088,0.3359
13760000,1910.453998,3556,197,0.002176,0.2266
13762000,1919.503815,3550,211,0.001291,0.3438
13764000,1904.459983,3535,215,0.001171,0.2969
13766000,1909.534579,3540,210,0.001372,0.2500
13768000,1916.054042,3537,212,0.002112,0.2969
13770000,1923.704119,3502,211,0.001201,0.2344
13772000,1926.830650,3503,213,0.001280,0.3125
13774000,1914.057348,3525,215,0.001335,0.3516
13776000,1905.360884,3499,228,0.002804,0.2656
13778000,1905.082737,3529,231,0.003278,0.3359
13780000,1913.441087,3520,216,0.003820,0.3594
13782000,1914.803707,3505,240,0.003701,0.4062
13784000,1889.795640,3493,243,0.004096,0.2812
13786000,1881.643561,3482,251,0.003945,0.3438
13788000,1923.927464,3491,235,0.003960,0.1953
13790000,1931.166127,3466,263,0.003183,0.3438
13792000,1928.986486,3437,253,0.002797,0.3516
13794000,1963.377822,3453,264,0.005280,0.3672
13796000,1950.103231,3479,267,0.005847,0.3281
13798000,1952.257778,3499,245,0.005984,0.2422
13800000,1941.945336,3525,247,0.003486,0.3203
13802000,1942.989370,3518,259,0.003851,0.3516
13804000,1928.581387,3516,248,0.002898,0.3203
13806000,1937.976506,3489,238,0.002572,0.3672
13808000,1922.188160,3496,231,0.001370,0.3281
13810000,1916.139631,3499,230,0.001790,0.3828
13812000,1925.511473,3508,239,0.001189,0.3672
13814000,1922.175715,3495,236,0.001726,0.2734
13816000,1923.315311,3507,233,0.000855,0.3906
13818000,1916.980413,3512,233,0.001055,0.3516
13820000,1912.534419,3507,217,0.001200,0.2656
13822000,1934.562218,3508,217,0.000913,0.2500
13824000,1920.607194,3493,244,0.001166,0.2969
13826000,1937.177402,3471,252,0.001941,0.2266
13828000,1960.247469,3475,259,0.002061,0.2969
13830000,1969.856852,3505,236,0.002601,0.2812
13832000,1976.921674,3498,242,0.002723,0.3438
13834000,1984.014500,3531,222,0.002891,0.3672
13836000,1972.158473,3510,228,0.001636,0.2578
13838000,1962.735750,3525,239,0.002136,0.2969
13840000,1983.696559,3528,237,0.002824,0.3750
13842000,1996.076309,3546,237,0.004141,0.3047
13844000,2026.928723,3543,225,0.005913,0.2109
13846000,2010.092893,3580,202,0.005710,0.2188
13848000,2017.035981,3517,221,0.005162,0.2500
13850000,2046.908984,3518,234,0.006371,0.3438
13852000,2053.407255,3536,215,0.007168,0.2422
13854000,2043.448808,3555,197,0.008020,0.2578
13856000,2039.553789,3525,216,0.008201,0.2969
13858000,2000.468066,3543,230,0.011515,0.3047
13860000,2003.589393,3505,218,0.012976,0.3203
13862000,2003.425114,3486,238,0.013483,0.3594
13864000,2003.048923,3522,227,0.012061,0.2891
13866000,2008.561016,3512,230,0.010152,0.3047
13868000,2007.796073,3510,239,0.010400,0.2656
13870000,2024.673454,3561,217,0.014271,0.3047
13872000,2010.219482,3543,235,0.012885,0.2578
13874000,1995.544387,3539,238,0.015032,0.3672
13876000,1989.684073,3557,242,0.011717,0.3359
13878000,2058.641588,3561,234,0.002509,0.2812
13880000,2053.339580,3548,219,0.002840,0.3281
13882000,2062.209653,3520,225,0.002280,0.3750
13884000,2043.767048,3491,233,0.001692,0.3047
13886000,2013.448119,3496,251,0.000839,0.3359
13888000,2009.582974,3469,268,0.000929,0.2812
13890000,1999.770210,3473,263,0.001049,0.3672
13892000,1991.068772,3501,249,0.001242,0.2969
13894000,1997.839346,3526,239,0.001080,0.2969
13896000,1996.894174,3533,219,0.001029,0.2266
13898000,1999.858708,3520,234,0.000789,0.2500
13900000,1963.932584,3520,234,0.000093,0.2969
13902000,1966.213892,3491,262,0.002897,0.4375
13904000,1948.784218,3514,239,0.008768,0.3203
13906000,1944.453221,3515,230,0.007591,0.2734
13908000,1943.216483,3495,257,0.008722,0.2188
13910000,1946.394522,3510,239,0.009208,0.3438
13912000,1963.857519,3515,235,0.008798,0.4062
13914000,1977.502981,3511,226,0.009261,0.3516
13916000,1980.877951,3495,239,0.007994,0.2812
13918000,1976.472197,3524,223,0.008757,0.2812
13920000,1965.801286,3566,208,0.009381,0.3047
13922000,1964.271380,3567,206,0.010190,0.2578
13924000,1967.528137,3561,216,0.008144,0.2969
13926000,1972.118784,3556,215,0.008029,0.2891
13928000,1979.093114,3576,219,0.009057,0.2734
13930000,1979.572814,3594,202,0.009753,0.3047
13932000,1975.577325,3574,203,0.009994,0.3047
13934000,1971.002761,3562,215,0.011430,0.3359
13936000,1964.721213,3558,225,0.011173,0.2109
13938000,1922.390071,3546,216,0.019584,0.2500
13940000,1909.353092,3548,223,0.019120,0.2812
13942000,1912.377994,3576,224,0.022490,0.2656
13944000,1920.317503,3574,224,0.020795,0.2578
13946000,1920.052778,3576,212,0.022830,0.2969
13948000,1905.015305,3578,202,0.021021,0.3516
13950000,1915.692301,3560,210,0.022511,0.3203
13952000,1917.224530,3573,215,0.022751,0.2734
13954000,1915.592801,3584,201,0.025853,0.2422
13956000,1915.208733,3588,212,0.025174,0.1719
13958000,1912.688182,3606,189,0.026905,0.2812
13960000,1961.114116,3602,195,0.036908,0.2969
13962000,1964.215838,3587,220,0.041449,0.2812
13964000,1962.118308,3579,220,0.042325,0.3516
13966000,1957.800884,3601,205,0.041618,0.2656
13968000,1921.518236,3597,208,0.037251,0.3047
13970000,1904.376207,3599,209,0.032065,0.3047
13972000,1911.196294,3605,202,0.035067,0.2891
13974000,1904.023698,3598,225,0.034802,0.2812
13976000,1943.237813,3588,221,0.025003,0.2812
13978000,1919.223033,3553,228,0.020603,0.3125
13980000,1914.695858,3526,251,0.020846,0.2344
13982000,1896.926891,3557,234,0.016552,0.2969
13984000,1872.898427,3531,241,0.015786,0.2031
13986000,1867.349784,3528,250,0.013906,0.3594
13988000,1839.990707,3507,254,0.016684,0.1797
13990000,1846.259057,3549,229,0.019618,0.2812
13992000,1851.296633,3525,234,0.021361,0.2812
13994000,1847.931558,3542,232,0.020356,0.2969
13996000,1842.229288,3514,239,0.020625,0.2734
13998000,1841.772175,3518,234,0.022705,0.3906
14000000,1854.089478,3514,236,0.022788,0.2891
14002000,1849.280812,3506,237,0.024703,0.3125
14004000,1848.214905,3521,242,0.015196,0.3203
14006000,1857.818081,3503,243,0.013701,0.3203
14008000,1867.844551,3495,228,0.013798,0.2578
14010000,1859.610394,3498,224,0.012779,0.3203
14012000,1850.996877,3481,247,0.014026,0.3594
14014000,1846.901164,3504,233,0.014803,0.3047
14016000,1861.909507,3519,217,0.013918,0.3281
14018000,1886.689755,3515,232,0.011044,0.3516
14020000,1875.930682,3517,231,0.010015,0.3672
14022000,1885.587315,3518,224,0.011510,0.4297
14024000,1867.858538,3496,206,0.012280,0.2891
14026000,1871.222760,3472,228,0.011898,0.3281
14028000,1863.919375,3460,237,0.011912,0.3047
14030000,1870.577726,3498,231,0.012364,0.3594
14032000,1866.172536,3484,236,0.009777,0.3516
14034000,1895.050591,3500,250,0.005990,0.2500
14036000,1864.754189,3497,237,0.004576,0.3438
14038000,1854.627926,3493,242,0.002947,0.3516
14040000,1871.121804,3501,216,0.002896,0.2344
14042000,1891.546431,3497,215,0.004736,0.2422
14044000,1875.147106,3500,229,0.005379,0.3125
14046000,1872.613198,3507,233,0.005729,0.3281
14048000,1885.053106,3522,250,0.006909,0.2344
14050000,1886.640417,3531,226,0.006585,0.3750
14052000,1880.032025,3544,219,0.007486,0.3359
14054000,1903.570250,3544,220,0.007087,0.2266
14056000,1912.088639,3510,216,0.006481,0.2266
14058000,1887.185301,3472,254,0.006125,0.2812
14060000,1861.430164,3466,262,0.006201,0.2891
14062000,1863.154287,3473,256,0.006923,0.3438
14064000,1868.656392,3480,262,0.006380,0.3281
14066000,1897.049919,3507,226,0.006424,0.2969
14068000,1915.412606,3513,225,0.006771,0.3281
14070000,1923.280778,3527,212,0.008093,0.2969
14072000,1978.761583,3528,227,0.003180,0.3203
14074000,1962.965023,3531,209,0.004451,0.3047
14076000,1961.274871,3496,246,0.004358,0.3047
14078000,1973.257278,3485,251,0.004123,0.3047
14080000,1913.247504,3457,245,0.006410,0.3594
14082000,1905.018606,3457,252,0.007506,0.3984
14084000,1939.523438,3450,261,0.006753,0.3438
14086000,1969.705638,3491,233,0.004728,0.3438
14088000,1971.124689,3501,228,0.019457,0.2656
14090000,1985.449315,3477,249,0.029371,0.2891
14092000,1994.869882,3463,262,0.029784,0.3281
14094000,1986.347906,3471,247,0.031056,0.2891
14096000,1966.489515,3459,253,0.029643,0.2656
14098000,1935.571937,3476,247,0.024488,0.2969
14100000,1917.965348,3478,233,0.022450,0.3047
14102000,1918.297357,3452,233,0.031378,0.3359
14104000,1908.656900,3471,225,0.028739,0.3125
14106000,1909.044731,3488,218,0.028913,0.2969
14108000,1906.436908,3486,219,0.024958,0.2969
14110000,1911.400647,3501,217,0.024135,0.2891
14112000,1921.219766,3493,250,0.022513,0.2578
14114000,1922.085853,3482,237,0.021278,0.3516
14116000,1928.378852,3497,239,0.022170,0.2812
14118000,1932.726629,3518,243,0.020514,0.2969
14120000,1973.180245,3491,229,0.024248,0.2812
14122000,1975.760428,3483,229,0.023215,0.2891
14124000,1956.852700,3495,228,0.026718,0.2969
14126000,2010.941140,3495,222,0.032284,0.3125
14128000,1984.613491,3506,236,0.020329,0.3203
14130000,1963.006826,3527,228,0.020839,0.2656
14132000,1972.855455,3511,242,0.017380,0.2812
14134000,2000.493920,3495,246,0.022540,0.2734
14136000,1998.816604,3506,241,0.023338,0.3203
14138000,2019.038318,3518,225,0.028604,0.3438
14140000,2007.618558,3520,226,0.028894,0.2656
14142000,2006.619406,3503,224,0.031474,0.3672
14144000,2014.163920,3535,210,0.023189,0.3281
14146000,2037.480920,3542,196,0.025015,0.3594
14148000,2030.061349,3532,205,0.023235,0.3047
14150000,2028.086208,3518,225,0.021812,0.3047
14152000,2031.223519,3524,202,0.021510,0.3281
14154000,2043.957833,3519,217,0.031563,0.3438
14156000,2053.499874,3510,203,0.035235,0.2734
14158000,1970.952610,3499,196,0.020946,0.2500
14160000,1975.194967,3506,197,0.018235,0.2969
14162000,1967.717844,3518,199,0.016046,0.3359
14164000,1968.687264,3522,201,0.013011,0.2812
14166000,1961.708004,3499,220,0.015853,0.2969
14168000,1945.542430,3534,230,0.017960,0.2812
14170000,1941.269139,3508,248,0.017270,0.3516
14172000,1922.240278,3497,252,0.003314,0.3125
14174000,1904.520084,3491,245,0.003834,0.3281
14176000,1919.300196,3487,245,0.004457,0.3359
14178000,1926.801861,3485,256,0.005819,0.3750
14180000,1937.714802,3508,240,0.008110,0.3281
14182000,2003.526851,3506,242,0.013369,0.3281
14184000,1995.273591,3501,237,0.014351,0.3438
14186000,2009.136511,3479,245,0.016892,0.3203
14188000,2006.098354,3507,255,0.019552,0.3359
14190000,2002.127173,3518,247,0.011465,0.3047
14192000,2002.711464,3527,246,0.012977,0.3438
14194000,2011.015778,3522,236,0.010300,0.3281
14196000,1997.990778,3529,231,0.009962,0.3750
14198000,2003.263375,3547,230,0.011532,0.3281
14200000,2001.582832,3514,241,0.011556,0.2891
14202000,1986.795849,3508,250,0.009673,0.3516
14204000,1990.450899,3495,252,0.012942,0.3438
14206000,1981.242468,3501,235,0.012211,0.3281
14208000,1990.805591,3521,231,0.014152,0.3594
14210000,2005.337550,3529,221,0.016996,0.2969
14212000,2017.372305,3538,204,0.015842,0.3203
14214000,2022.375154,3504,214,0.015432,0.3047
14216000,2063.179975,3520,217,0.020838,0.3281
14218000,2078.065787,3496,237,0.023178,0.2812
14220000,2058.806856,3498,219,0.018047,0.2188
14222000,2068.954405,3508,223,0.017332,0.3516
14224000,2065.273456,3521,220,0.015059,0.2578
14226000,2059.840184,3526,218,0.014562,0.3359
14228000,2057.826541,3513,217,0.014099,0.2891
14230000,2050.606194,3489,238,0.015612,0.3359
14232000,2054.486508,3503,235,0.015936,0.2422
14234000,2055.158905,3498,259,0.016816,0.3750
14236000,2057.298393,3474,249,0.017073,0.2266
14238000,2048.358007,3493,241,0.016293,0.2734
14240000,2054.418953,3515,235,0.015148,0.3359
14242000,2051.193368,3517,233,0.013721,0.3125
14244000,2026.756833,3511,226,0.011558,0.2812
14246000,2034.200887,3513,223,0.011056,0.3438
14248000,2049.689875,3512,222,0.012813,0.3125
14250000,2051.444197,3513,229,0.012432,0.3281
14252000,2049.342201,3523,236,0.014036,0.1953
14254000,2059.672262,3515,232,0.015669,0.3672
14256000,2085.603138,3513,249,0.016546,0.2812
14258000,2050.070936,3515,265,0.006921,0.3203
14260000,2046.456688,3523,251,0.006547,0.3281
14262000,2056.197279,3559,226,0.004681,0.2500
14264000,2085.961598,3538,239,0.005876,0.3516
14266000,2079.054212,3523,244,0.006778,0.2656
14268000,2060.654439,3518,247,0.005119,0.2578
14270000,2068.608769,3508,260,0.007025,0.3438
14272000,2075.347159,3525,262,0.005213,0.2891
14274000,2049.216897,3524,243,0.006307,0.3125
14276000,2089.273367,3524,229,0.007625,0.3047
14278000,2105.908116,3533,234,0.009772,0.3750
14280000,2101.990890,3519,231,0.009436,0.3125
14282000,2089.249381,3496,242,0.009047,0.3438
14284000,2078.877863,3479,236,0.008050,0.3359
14286000,2057.176943,3489,238,0.014683,0.3047
14288000,2071.803911,3532,237,0.017903,0.2422
14290000,2070.707621,3519,236,0.014517,0.2812
14292000,2072.772248,3529,226,0.014307,0.2656
14294000,2083.981777,3572,215,0.012908,0.3438
14296000,2060.189658,3556,228,0.011337,0.3516
14298000,2069.574535,3576,212,0.010726,0.2578
14300000,2074.961634,3590,212,0.013214,0.2969
14302000,2067.616426,3584,213,0.005978,0.3281
14304000,2073.204075,3588,229,0.005140,0.2656
14306000,2076.658983,3581,220,0.005269,0.3125
14308000,2065.861813,3592,215,0.004417,0.2969
14310000,2072.190950,3612,207,0.004287,0.3125
14312000,2071.402603,3604,203,0.002843,0.3750
14314000,2009.317479,3570,207,0.000427,0.3281
14316000,1992.768113,3558,225,0.000290,0.2812
14318000,1993.479096,3555,213,0.000201,0.2422
14320000,2001.495656,3557,220,0.000112,0.2969
14322000,2010.512246,3570,209,0.000617,0.2578
14324000,2013.854873,3568,222,0.000334,0.3828
14326000,2021.778896,3546,233,0.000339,0.3438
14328000,2028.421488,3541,241,0.000376,0.3281
14330000,2047.493698,3503,247,0.000516,0.2656
14332000,2021.848839,3494,247,0.000484,0.3516
14334000,2021.652866,3474,271,0.000655,0.2891
14336000,2002.438097,3477,264,0.000204,0.2500
14338000,1998.988976,3503,256,0.000272,0.3359
14340000,2002.149434,3525,245,0.000248,0.3203
14342000,2013.442822,3538,242,0.000281,0.3281
14344000,1993.840771,3515,237,0.000123,0.2969
14346000,1987.411890,3517,244,0.000497,0.3125
14348000,1989.734586,3494,232,0.001246,0.3984
14350000,2000.258270,3516,222,0.001402,0.2891
14352000,1947.061447,3508,212,0.002384,0.3594
14354000,1976.877333,3558,197,0.003713,0.3828
14356000,1968.407916,3541,206,0.007583,0.3203
14358000,1970.441008,3531,219,0.006653,0.2422
14360000,1967.130882,3525,220,0.006346,0.3047
14362000,1971.709691,3505,234,0.007494,0.3828
14364000,1970.119384,3488,243,0.007818,0.3828
14366000,1980.654098,3517,237,0.007856,0.3203
14368000,2001.996017,3517,239,0.005035,0.3359
14370000,2004.112517,3521,221,0.004041,0.3359
14372000,2022.865865,3519,220,0.005590,0.2969
14374000,2008.233445,3499,236,0.004557,0.3750
14376000,2024.196538,3498,227,0.004683,0.3672
14378000,2020.967189,3508,225,0.006033,0.2734
14380000,2024.032535,3536,242,0.004739,0.2812
14382000,2049.231968,3550,235,0.003084,0.4219
14384000,2025.128864,3577,215,0.003791,0.2812
14386000,2013.254156,3573,215,0.003161,0.2969
14388000,2001.634937,3556,208,0.003808,0.2969
14390000,2002.786382,3559,210,0.003820,0.3359
14392000,2003.426354,3545,221,0.004185,0.3516
14394000,1979.713402,3564,218,0.007064,0.2578
14396000,1983.147572,3562,220,0.006309,0.2812
14398000,1986.625616,3562,221,0.006687,0.2734
14400000,1983.652853,3556,215,0.006257,0.3047
14402000,1988.230261,3521,232,0.006435,0.2500
14404000,1990.550881,3517,230,0.006633,0.2656
14406000,1978.282540,3517,243,0.005234,0.2969
14408000,1992.273092,3546,226,0.005817,0.2578
14410000,1965.431912,3514,230,0.004633,0.2812
14412000,1966.689053,3525,230,0.002814,0.3906
14414000,1962.592984,3514,236,0.002871,0.3203
14416000,1960.501295,3554,224,0.003084,0.2812
14418000,1942.148072,3567,209,0.001534,0.3359
14420000,1932.003152,3554,222,0.002792,0.2422
14422000,1926.629866,3558,219,0.002719,0.3281
14424000,1926.890157,3542,214,0.003181,0.2734
14426000,1941.694878,3565,200,0.002858,0.2891
14428000,1931.225181,3526,215,0.000879,0.2578
14430000,1919.640176,3529,235,0.000993,0.2734
14432000,1933.009832,3510,252,0.000351,0.3438
14434000,1932.967384,3496,244,0.001023,0.2812
14436000,1931.006975,3483,251,0.000551,0.3438
14438000,1920.385098,3512,262,0.000584,0.3047
14440000,1941.342786,3517,245,0.000682,0.3125
14442000,1949.016986,3493,262,0.000367,0.2812
14444000,1942.096836,3521,237,0.000404,0.2891
14446000,1926.574863,3550,242,0.000242,0.3203
14448000,1944.507728,3536,241,0.000281,0.3047
14450000,1977.184937,3556,244,0.000654,0.3438
14452000,1984.073231,3566,225,0.001109,0.2656
14454000,2002.202834,3570,220,0.003829,0.2578
14456000,1999.236438,3572,224,0.004464,0.3516
14458000,1992.110617,3577,224,0.003560,0.2500
14460000,1988.092488,3560,238,0.004759,0.2344
14462000,1967.707879,3562,213,0.001222,0.2812
14464000,1966.731853,3598,201,0.000710,0.3281
14466000,1967.416664,3595,192,0.000728,0.2188
14468000,1979.597237,3570,190,0.000214,0.2734
14470000,1996.113871,3557,203,0.000307,0.3047
14472000,1966.408476,3549,210,0.000478,0.3516
14474000,1963.274272,3527,222,0.000006,0.3047
14476000,1968.220701,3533,231,0.000006,0.3047
14478000,1974.226487,3511,222,0.000002,0.3594
14480000,1986.480790,3540,227,0.000193,0.2969
14482000,2010.550531,3529,230,0.001856,0.2969
14484000,2002.903955,3536,219,0.004761,0.2969
14486000,2011.582781,3525,237,0.004676,0.3516
14488000,1989.802874,3522,231,0.002541,0.3047
14490000,2019.970037,3514,252,0.000204,0.2891
14492000,2013.312478,3484,269,0.000042,0.3594
14494000,1981.104038,3510,251,0.001295,0.3125
14496000,1998.566697,3530,246,0.002123,0.3281
14498000,1985.355059,3538,250,0.002212,0.3281
14500000,1959.506848,3524,230,0.002880,0.2422
14502000,1952.254442,3543,227,0.003709,0.3359
14504000,1934.302119,3524,221,0.001884,0.3125
14506000,1950.532053,3520,231,0.003637,0.3594
14508000,1942.546041,3534,217,0.004111,0.2891
14510000,1942.621421,3508,216,0.003656,0.3047
14512000,1896.979631,3544,220,0.001940,0.3438
14514000,1898.761754,3528,208,0.001238,0.3125
14516000,1898.832750,3508,230,0.000704,0.2969
14518000,1908.947927,3517,245,0.000765,0.3594
14520000,1877.162330,3505,229,0.002531,0.3359
14522000,1891.106055,3509,228,0.001687,0.3047
14524000,1897.599061,3491,242,0.001974,0.3516
14526000,1874.223820,3505,235,0.000791,0.2891
14528000,1880.146251,3513,207,0.002055,0.2812
14530000,1887.944010,3497,228,0.002093,0.2344
14532000,1882.405398,3533,222,0.000404,0.2578
14534000,1879.711784,3550,221,0.000088,0.3828
14536000,1872.898021,3514,234,0.000004,0.3438
14538000,1878.428353,3548,213,0.000001,0.3047
14540000,1885.501060,3549,203,0.000021,0.3125
14542000,1877.621760,3572,213,0.000020,0.2422
14544000,1886.419984,3541,223,0.000005,0.2969
14546000,1887.419120,3530,232,0.000057,0.2812
14548000,1890.953111,3542,230,0.000024,0.2969
14550000,1881.368011,3537,217,0.000078,0.2891
14552000,1863.927527,3553,213,0.000303,0.2734
14554000,1850.972842,3540,224,0.000425,0.2891
14556000,1860.099799,3517,220,0.000978,0.2578
14558000,1864.839083,3493,228,0.001633,0.3125
14560000,1883.981641,3489,249,0.001223,0.2969
14562000,1880.108120,3495,261,0.002517,0.3125
14564000,1867.358237,3487,228,0.002551,0.2656
14566000,1851.569527,3499,226,0.002484,0.2891
14568000,1856.107944,3508,230,0.001182,0.2656
14570000,1841.761739,3491,240,0.003574,0.3359
14572000,1853.840516,3518,226,0.003944,0.3438
14574000,1842.564229,3490,231,0.004859,0.2656
14576000,1834.840474,3478,244,0.000885,0.2578
14578000,1819.272496,3470,240,0.001433,0.2969
14580000,1816.683590,3500,233,0.001274,0.3203
14582000,1818.081020,3500,221,0.001354,0.3047
14584000,1807.628424,3528,200,0.001568,0.3594
14586000,1810.507069,3526,195,0.001989,0.3203
14588000,1817.042291,3504,216,0.001544,0.2734
14590000,1819.153241,3516,212,0.000917,0.3438
14592000,1811.733909,3528,195,0.001079,0.2578
14594000,1834.543711,3542,196,0.018771,0.2578
14596000,1843.738587,3555,179,0.019184,0.2109
14598000,1837.150599,3556,200,0.016408,0.2578
14600000,1842.339229,3517,239,0.015419,0.2500
14602000,1838.112263,3519,238,0.017250,0.2812
14604000,1832.441231,3520,219,0.016409,0.2109
14606000,1836.030562,3542,204,0.017888,0.2734
14608000,1824.955346,3517,235,0.018970,0.2812
14610000,1823.240165,3515,225,0.019147,0.3359
14612000,1838.567266,3564,198,0.022325,0.2969
14614000,1880.793140,3530,223,0.012574,0.3438
14616000,1885.369404,3532,209,0.013387,0.3672
14618000,1881.508516,3499,224,0.013466,0.2812
14620000,1882.601141,3491,231,0.017033,0.3281
14622000,1885.641314,3478,250,0.016947,0.3359
14624000,1886.947515,3464,235,0.017548,0.2578
14626000,1890.106186,3481,229,0.017330,0.2656
14628000,1855.796500,3509,227,0.018906,0.3828
14630000,1841.156031,3521,227,0.014636,0.3359
14632000,1849.411759,3529,216,0.014457,0.2734
14634000,1840.511297,3504,230,0.013462,0.3516
14636000,1844.899897,3502,235,0.014161,0.2422
14638000,1855.559454,3532,239,0.014297,0.3750
14640000,1837.675199,3526,226,0.003724,0.3672
14642000,1845.986825,3538,230,0.004135,0.2891
14644000,1830.168106,3524,238,0.007457,0.2500
14646000,1830.046979,3530,248,0.006359,0.2578
14648000,1800.677608,3522,248,0.008382,0.2656
14650000,1804.206020,3527,231,0.008590,0.2969
14652000,1815.763955,3520,236,0.008102,0.3438
14654000,1812.095167,3520,233,0.011653,0.2891
14656000,1806.317159,3521,232,0.010484,0.2812
14658000,1798.094773,3522,231,0.007366,0.2578
14660000,1808.080159,3523,232,0.007642,0.3438
14662000,1800.852085,3526,234,0.007328,0.3438
14664000,1803.543077,3542,220,0.006780,0.3281
14666000,1806.137321,3553,220,0.006540,0.2891
14668000,1784.052803,3540,207,0.007009,0.3047
14670000,1774.554920,3548,214,0.010140,0.2500
14672000,1797.022902,3547,211,0.010328,0.2578
14674000,1792.874186,3546,211,0.012087,0.2344
14676000,1789.764971,3554,199,0.013592,0.2500
14678000,1806.404723,3590,202,0.013436,0.4062
14680000,1818.337354,3551,226,0.017477,0.2578
14682000,1797.583313,3538,232,0.018460,0.3203
14684000,1801.112727,3570,227,0.020330,0.3359
14686000,1803.091084,3582,225,0.019270,0.2812
14688000,1807.709931,3587,223,0.020848,0.3516
14690000,1808.406344,3600,202,0.019371,0.2891
14692000,1808.796147,3575,214,0.016772,0.2734
14694000,1813.351811,3556,225,0.016316,0.2891
14696000,1803.643063,3526,240,0.021767,0.3281
14698000,1801.018212,3512,246,0.020090,0.2812
14700000,1804.355353,3509,234,0.018983,0.3594
14702000,1798.818180,3493,251,0.020931,0.3828
14704000,1787.005134,3505,231,0.020452,0.2344
14706000,1790.242099,3528,201,0.020037,0.3203
14708000,1770.426026,3513,223,0.018096,0.3281
14710000,1773.436333,3515,221,0.018789,0.2969
14712000,1744.748788,3512,224,0.012237,0.2812
14714000,1739.719264,3509,222,0.015846,0.2734
14716000,1724.188971,3493,238,0.013735,0.3906
14718000,1718.732031,3511,226,0.009668,0.3359
14720000,1733.034598,3489,245,0.010789,0.2344
14722000,1744.509458,3500,249,0.010897,0.2734
14724000,1757.545337,3508,231,0.009860,0.3594
14726000,1755.317861,3514,227,0.010571,0.3359
14728000,1748.274254,3507,220,0.003960,0.3203
14730000,1769.001324,3490,254,0.004449,0.3125
14732000,1755.409025,3486,239,0.003433,0.2891
14734000,1761.523914,3485,248,0.002711,0.4219
14736000,1758.965791,3492,244,0.002629,0.3281
14738000,1773.620986,3524,220,0.003343,0.2734
14740000,1772.121404,3519,217,0.002909,0.2344
14742000,1773.215359,3508,229,0.003773,0.3594
14744000,1778.363771,3511,233,0.003731,0.3047
14746000,1777.591159,3501,234,0.003210,0.2969
14748000,1770.962567,3521,235,0.003781,0.3047
14750000,1760.985775,3526,230,0.009272,0.3281
14752000,1768.206479,3517,241,0.009409,0.2188
14754000,1757.558479,3502,252,0.012472,0.3203
14756000,1733.567813,3501,250,0.009661,0.3125
14758000,1739.742074,3508,249,0.008491,0.3359
14760000,1736.873514,3485,256,0.008064,0.3047
14762000,1737.677450,3516,236,0.009663,0.2734
14764000,1730.819091,3530,223,0.009235,0.3594
14766000,1796.599879,3522,215,0.015983,0.3516
14768000,1785.284618,3522,249,0.020962,0.2266
14770000,1796.205861,3507,250,0.022546,0.3516
14772000,1782.363002,3498,246,0.021878,0.3594
14774000,1781.345290,3485,250,0.022214,0.2812
14776000,1777.613792,3528,225,0.024842,0.3047
14778000,1772.794737,3531,229,0.024954,0.3516
14780000,1781.414046,3557,228,0.026358,0.3047
14782000,1796.365640,3547,221,0.026901,0.3438
14784000,1793.867572,3533,206,0.024145,0.2500
14786000,1785.047553,3535,217,0.024832,0.3359
14788000,1780.577322,3536,228,0.028617,0.3281
14790000,1749.884316,3508,228,0.023504,0.3438
14792000,1760.017251,3512,237,0.023616,0.3516
14794000,1759.680239,3521,218,0.025742,0.3125
14796000,1749.923088,3514,209,0.023517,0.2891
14798000,1744.531999,3507,207,0.019692,0.2344
14800000,1753.012342,3511,223,0.018874,0.2891
14802000,1745.764459,3547,200,0.020901,0.2969
14804000,1746.821924,3533,209,0.022190,0.2734
14806000,1730.705669,3497,246,0.009574,0.3906
14808000,1742.461600,3509,237,0.008432,0.2266
14810000,1726.936740,3520,231,0.008884,0.2422
14812000,1732.064097,3494,241,0.011423,0.2109
14814000,1714.150303,3481,257,0.012710,0.3281
14816000,1719.285386,3486,245,0.015919,0.3203
14818000,1721.848836,3480,247,0.014630,0.2812
14820000,1713.950904,3478,246,0.013931,0.3516
14822000,1730.470031,3491,255,0.014875,0.3047
14824000,1747.296939,3473,253,0.012329,0.3516
14826000,1718.596943,3457,245,0.017043,0.2578
14828000,1710.581624,3465,243,0.017104,0.3125
14830000,1697.347792,3451,237,0.014764,0.2891
14832000,1706.059394,3465,235,0.008610,0.3047
14834000,1700.362156,3494,232,0.009368,0.2578
14836000,1715.312256,3493,228,0.009865,0.3672
14838000,1721.782572,3484,212,0.008907,0.3203
14840000,1732.186698,3483,235,0.006925,0.2812
14842000,1732.385706,3481,231,0.006670,0.2578
14844000,1743.940273,3496,239,0.007639,0.3281
14846000,1714.413482,3487,250,0.008575,0.3828
14848000,1707.925314,3505,241,0.010828,0.3047
14850000,1714.270083,3497,248,0.009409,0.2656
14852000,1700.097602,3479,258,0.007794,0.2422
14854000,1702.153774,3500,258,0.006485,0.2500
14856000,1706.137173,3504,250,0.006781,0.3828
14858000,1702.725690,3509,240,0.006193,0.2969
14860000,1706.649265,3546,224,0.007810,0.2422
14862000,1696.512652,3544,223,0.008425,0.2422
14864000,1696.064023,3501,234,0.007582,0.2969
14866000,1709.210672,3519,227,0.008291,0.3203
14868000,1710.378580,3526,228,0.008134,0.3359
14870000,1716.784417,3536,211,0.009655,0.3125
14872000,1721.057844,3543,218,0.010064,0.3438
14874000,1702.196978,3545,205,0.010359,0.3047
14876000,1701.038342,3564,201,0.010748,0.3047
14878000,1710.785974,3567,229,0.012470,0.2266
14880000,1717.596271,3558,230,0.010165,0.3594
14882000,1723.909374,3555,225,0.012400,0.2969
14884000,1717.975542,3551,234,0.013293,0.2422
14886000,1732.150117,3521,241,0.012123,0.3203
14888000,1725.771375,3529,231,0.010450,0.2578
14890000,1736.534241,3541,220,0.005621,0.2812
14892000,1732.750855,3517,217,0.005537,0.3281
14894000,1738.417856,3523,239,0.005810,0.3203
14896000,1731.225610,3533,217,0.004848,0.2500
14898000,1729.013845,3519,224,0.004840,0.3828
14900000,1717.540913,3518,242,0.005693,0.3203
14902000,1735.694791,3523,231,0.028047,0.3438
14904000,1731.530858,3514,247,0.029373,0.4062
14906000,1726.382008,3502,252,0.033846,0.2734
14908000,1727.627802,3483,267,0.037074,0.3281
14910000,1728.088417,3484,244,0.041637,0.3438
14912000,1727.254101,3479,240,0.043127,0.2734
14914000,1743.204631,3495,242,0.040769,0.3281
14916000,1724.104214,3479,264,0.036286,0.3125
14918000,1720.588578,3486,252,0.039195,0.3125
14920000,1697.845787,3515,226,0.032671,0.3281
14922000,1702.377938,3501,249,0.021575,0.2344
14924000,1718.851912,3519,234,0.024177,0.2500
14926000,1722.418306,3505,222,0.027453,0.3047
14928000,1725.129652,3509,218,0.030013,0.3125
14930000,1729.176414,3502,223,0.029713,0.3047
14932000,1725.717465,3475,243,0.029140,0.2578
14934000,1716.122471,3474,251,0.026101,0.3438
14936000,1709.564215,3476,238,0.032108,0.3203
14938000,1720.149032,3483,235,0.025093,0.2656
14940000,1726.209573,3495,239,0.025482,0.2969
14942000,1731.709388,3513,213,0.020491,0.2734
14944000,1750.424984,3490,240,0.021418,0.3750
14946000,1746.018610,3509,231,0.019777,0.3359
14948000,1730.029277,3504,236,0.020868,0.3203
14950000,1741.607537,3534,226,0.028331,0.2891
14952000,1747.197725,3529,221,0.029254,0.2656
14954000,1746.401096,3519,243,0.026838,0.3984
14956000,1742.259230,3473,260,0.018217,0.2422
14958000,1732.791527,3446,276,0.020287,0.3828
14960000,1740.267653,3471,248,0.019719,0.2891
14962000,1748.729968,3475,253,0.020167,0.3281
14964000,1753.648972,3474,239,0.022282,0.2734
14966000,1747.373214,3497,234,0.021955,0.3516
14968000,1755.385659,3522,221,0.017239,0.3047
14970000,1769.245024,3511,238,0.021680,0.3203
14972000,1771.488379,3523,230,0.020790,0.3281
14974000,1764.007108,3495,224,0.021907,0.2891
14976000,1772.263989,3509,219,0.023854,0.2812
14978000,1780.508292,3497,229,0.023642,0.2891
14980000,1783.323446,3500,235,0.025116,0.3281
14982000,1785.369740,3453,260,0.025879,0.3516
14984000,1803.201559,3497,232,0.026842,0.2734
14986000,1803.671145,3504,235,0.023498,0.2891
14988000,1824.866729,3512,231,0.023172,0.3672
14990000,1819.174084,3486,231,0.022439,0.3281
14992000,1808.616171,3461,257,0.023851,0.3359
14994000,1804.713210,3480,243,0.023973,0.2734
14996000,1809.962965,3514,253,0.022569,0.2656
14998000,1797.630853,3494,240,0.022020,0.3047
15000000,1793.456851,3483,240,0.018978,0.2969
15002000,1812.004896,3496,227,0.017041,0.3203
15004000,1803.623171,3506,213,0.016664,0.3906
15006000,1817.989926,3482,228,0.017158,0.4219
15008000,1818.271142,3500,211,0.017193,0.2500
15010000,1824.679670,3497,221,0.019649,0.2812
15012000,1790.332136,3492,225,0.014308,0.2344
15014000,1779.498261,3461,230,0.012349,0.3281
15016000,1777.178870,3491,228,0.010244,0.2969
15018000,1770.684046,3509,240,0.013024,0.4141
15020000,1759.873407,3499,245,0.014531,0.2656
15022000,1767.893429,3497,259,0.015568,0.3359
15024000,1786.392566,3497,244,0.017257,0.3281
15026000,1782.894347,3492,242,0.026055,0.3438
15028000,1788.423113,3477,253,0.030418,0.3672
15030000,1766.354409,3494,245,0.022538,0.2969
15032000,1782.043703,3508,242,0.024014,0.2734
15034000,1779.203964,3514,231,0.022401,0.3047
15036000,1783.094494,3540,224,0.020277,0.2969
15038000,1788.341544,3544,219,0.011963,0.3438
15040000,1777.330715,3538,222,0.011169,0.3594
15042000,1783.731562,3538,216,0.014217,0.2578
15044000,1770.999986,3537,220,0.017234,0.3047
15046000,1793.559890,3507,218,0.027917,0.3125
15048000,1785.119742,3528,222,0.025125,0.3047
15050000,1789.184239,3520,214,0.022219,0.3281
15052000,1771.184762,3506,214,0.021360,0.2969
15054000,1787.495628,3536,184,0.019243,0.3438
15056000,1789.978106,3535,207,0.018000,0.3594
15058000,1786.316337,3554,211,0.018041,0.2734
15060000,1790.608855,3543,210,0.017831,0.3281
15062000,1784.662810,3512,224,0.018520,0.3125
15064000,1801.208656,3486,259,0.019542,0.3438
15066000,1801.482731,3456,274,0.019448,0.3203
15068000,1811.079839,3468,246,0.018155,0.3047
15070000,1816.665781,3479,258,0.020004,0.3125
15072000,1816.103760,3488,249,0.023418,0.3750
15074000,1810.562522,3497,253,0.022011,0.2734
15076000,1799.588308,3477,258,0.028789,0.3047
15078000,1803.484940,3464,253,0.024638,0.2969
15080000,1802.530587,3462,238,0.027788,0.3672
15082000,1786.912562,3467,256,0.023966,0.2891
15084000,1784.391527,3496,232,0.020795,0.2188
15086000,1789.106973,3487,241,0.023217,0.3281
15088000,1790.693562,3489,236,0.022035,0.3750
15090000,1787.710893,3532,219,0.022395,0.2656
15092000,1793.107285,3542,226,0.024455,0.2969
15094000,1797.044977,3537,218,0.023784,0.3203
15096000,1795.199719,3492,237,0.028913,0.3828
15098000,1807.151088,3486,224,0.041887,0.3516
15100000,1797.788363,3479,217,0.040984,0.2656
15102000,1780.916607,3473,222,0.041560,0.2500
15104000,1785.982853,3485,221,0.046046,0.2734
15106000,1805.368771,3472,218,0.053300,0.3750
15108000,1823.359760,3492,216,0.046101,0.3359
15110000,1821.431063,3474,241,0.041283,0.2578
15112000,1803.408686,3460,236,0.022816,0.3359
15114000,1804.123972,3463,254,0.025476,0.3438
15116000,1805.185701,3459,252,0.026881,0.3281
15118000,1801.282396,3451,244,0.023043,0.3906
15120000,1808.726563,3484,228,0.023112,0.2188
15122000,1797.836196,3494,211,0.048057,0.2656
15124000,1783.828865,3500,216,0.021146,0.3125
15126000,1792.750177,3486,218,0.020594,0.2969
15128000,1793.343891,3500,230,0.019900,0.2734
15130000,1775.279987,3468,232,0.007286,0.3594
15132000,1782.174442,3476,248,0.005077,0.3750
15134000,1780.236429,3483,237,0.004690,0.2891
15136000,1802.072556,3469,257,0.002150,0.3359
15138000,1801.631531,3466,243,0.003537,0.3125
15140000,1808.441304,3507,243,0.003051,0.2734
15142000,1811.501342,3496,269,0.003664,0.3516
15144000,1809.676416,3473,270,0.003982,0.2812
15146000,1807.429616,3485,257,0.003986,0.3281
15148000,1805.034019,3492,238,0.006873,0.2734
15150000,1773.965220,3497,219,0.007867,0.2188
15152000,1764.227351,3471,243,0.006881,0.3281
15154000,1754.992819,3464,261,0.015899,0.3359
15156000,1757.650474,3509,224,0.014639,0.3516
15158000,1765.840586,3516,220,0.014930,0.2812
15160000,1771.972958,3534,222,0.016244,0.2422
15162000,1769.623247,3536,226,0.017209,0.2734
15164000,1804.564723,3533,229,0.003863,0.3359
15166000,1808.953804,3527,237,0.003370,0.3594
15168000,1810.289749,3530,230,0.004087,0.3359
15170000,1798.787910,3510,224,0.007138,0.3359
15172000,1791.147889,3524,213,0.007298,0.3047
15174000,1799.039509,3528,223,0.007392,0.2969
15176000,1794.222071,3522,228,0.008232,0.2969
15178000,1802.128209,3498,218,0.009934,0.2422
15180000,1796.679056,3508,237,0.008090,0.3516
15182000,1798.098795,3488,240,0.008528,0.3203
15184000,1803.671589,3503,214,0.006807,0.4141
15186000,1800.722814,3517,215,0.005441,0.3281
15188000,1815.367949,3497,245,0.005587,0.3203
15190000,1800.065057,3492,235,0.004832,0.3047
15192000,1798.837548,3493,247,0.004773,0.3906
15194000,1825.362112,3472,258,0.003191,0.3203
15196000,1826.582293,3457,257,0.002989,0.3281
15198000,1834.338378,3456,247,0.003089,0.3438
15200000,1816.694776,3469,259,0.002557,0.2578
15202000,1820.378233,3486,236,0.001958,0.3047
15204000,1800.384562,3497,222,0.015028,0.3359
15206000,1786.484901,3488,234,0.013991,0.3438
15208000,1779.254559,3477,240,0.015660,0.2812
15210000,1787.800638,3492,228,0.017969,0.3047
15212000,1772.394451,3481,214,0.018555,0.2656
15214000,1787.909187,3475,217,0.013307,0.2656
15216000,1779.506423,3486,240,0.012645,0.2891
15218000,1789.537325,3515,237,0.013662,0.3047
15220000,1793.005220,3492,228,0.012258,0.3125
15222000,1799.103178,3499,232,0.013697,0.3594
15224000,1796.900318,3541,218,0.012828,0.2578
15226000,1803.127196,3501,231,0.014203,0.3359
15228000,1806.866353,3527,227,0.014862,0.2500
15230000,1799.405657,3509,217,0.013687,0.2812
15232000,1799.816373,3516,217,0.013746,0.3047
15234000,1786.339761,3560,198,0.012230,0.3125
15236000,1772.897498,3538,197,0.013053,0.3359
15238000,1777.174155,3558,199,0.012936,0.2734
15240000,1801.521138,3540,217,0.010241,0.2891
15242000,1769.937171,3536,216,0.008622,0.3516
15244000,1748.887191,3520,215,0.007782,0.2891
15246000,1792.825719,3530,205,0.000518,0.2109
15248000,1802.647853,3519,206,0.000223,0.3203
15250000,1816.922899,3516,214,0.000238,0.2969
15252000,1818.740267,3513,221,0.000643,0.2891
15254000,1819.987087,3500,228,0.000557,0.3281
15256000,1815.155778,3496,241,0.000162,0.3281
15258000,1813.917360,3494,233,0.000279,0.3047
15260000,1830.682128,3539,212,0.000114,0.2188
15262000,1808.866786,3539,206,0.000011,0.2500
15264000,1813.579241,3553,214,0.001557,0.2812
15266000,1816.296520,3543,221,0.001904,0.3281
15268000,1821.717875,3536,225,0.002615,0.2891
15270000,1834.843882,3534,226,0.002013,0.3281
15272000,1839.642442,3509,241,0.002286,0.2969
15274000,1840.359805,3534,217,0.002146,0.3594
15276000,1829.755200,3517,226,0.002992,0.3906
15278000,1825.315703,3530,210,0.003097,0.2734
15280000,1815.742235,3511,224,0.002835,0.3203
15282000,1813.372293,3514,232,0.002729,0.2891
15284000,1816.877239,3514,228,0.002082,0.3516
15286000,1833.429489,3517,216,0.002301,0.3047
15288000,1852.805610,3516,227,0.002394,0.2109
15290000,1847.932111,3552,227,0.001647,0.3125
15292000,1852.995463,3518,242,0.001413,0.2891
15294000,1857.464214,3523,219,0.000682,0.3125
15296000,1857.966966,3529,216,0.000651,0.3203
15298000,1864.580800,3496,248,0.000323,0.4453
15300000,1849.110142,3495,226,0.000283,0.2188
15302000,1844.521825,3550,211,0.000211,0.2578
15304000,1850.033059,3548,228,0.000448,0.3125
15306000,1851.470867,3526,226,0.000693,0.3359
15308000,1843.487913,3534,209,0.001079,0.2266
15310000,1865.045469,3542,193,0.001363,0.3047
15312000,1852.988646,3537,200,0.001268,0.2891
15314000,1845.159257,3519,203,0.002173,0.2812
15316000,1856.709020,3556,189,0.003009,0.2266
15318000,1860.012334,3542,206,0.002635,0.2500
15320000,1861.296986,3526,224,0.001775,0.3203
15322000,1859.894363,3520,239,0.003434,0.3125
15324000,1866.696206,3532,227,0.004959,0.2578
15326000,1904.883811,3539,213,0.005523,0.2734
15328000,1911.515441,3523,225,0.004274,0.2656
15330000,1904.049864,3520,233,0.003971,0.3125
15332000,1906.803994,3540,237,0.005276,0.2578
15334000,1915.575091,3530,222,0.004635,0.3438
15336000,1908.963066,3525,216,0.005499,0.3281
15338000,1913.527341,3528,230,0.005900,0.3047
15340000,1913.435355,3546,231,0.005910,0.2812
15342000,1906.671263,3531,239,0.005807,0.2812
15344000,1891.150362,3515,219,0.007942,0.3047
15346000,1900.348956,3513,220,0.006947,0.2656
15348000,1878.091402,3485,243,0.004945,0.2500
15350000,1887.692352,3507,240,0.005057,0.3047
15352000,1889.966496,3499,238,0.004186,0.3750
15354000,1917.715471,3511,227,0.002286,0.3750
15356000,1924.113310,3515,232,0.002771,0.3203
15358000,1931.309212,3507,236,0.003123,0.3672
15360000,1937.447757,3512,236,0.004227,0.2500
15362000,1948.538878,3538,236,0.004915,0.3359
15364000,1963.897879,3557,222,0.004456,0.2656
15366000,1938.692320,3546,222,0.003058,0.2969
15368000,1946.047097,3546,228,0.002529,0.2812
15370000,1955.427722,3524,237,0.002534,0.3516
15372000,1950.729671,3558,219,0.002327,0.3594
15374000,1949.559208,3544,213,0.002139,0.2188
15376000,1958.156806,3562,237,0.002569,0.2969
15378000,1946.377609,3543,235,0.002404,0.2812
15380000,1949.621698,3552,227,0.002928,0.3438
15382000,1948.446794,3544,232,0.003099,0.3281
15384000,1944.843469,3548,226,0.002695,0.3516
15386000,1927.919075,3549,220,0.002106,0.2578
15388000,1943.880714,3574,225,0.002450,0.3828
15390000,1942.511104,3559,216,0.003432,0.3047
15392000,1944.259017,3550,218,0.004270,0.2812
15394000,1945.192499,3517,220,0.004834,0.3672
15396000,1943.678476,3501,225,0.006226,0.3438
15398000,1940.505036,3475,232,0.002707,0.2969
15400000,1946.101968,3485,227,0.001493,0.3203
15402000,1939.435282,3478,220,0.001431,0.2188
15404000,1893.365443,3494,229,0.000939,0.3438
15406000,1898.605613,3525,210,0.000775,0.3516
15408000,1894.344533,3509,226,0.000883,0.3672
15410000,1887.913838,3514,235,0.000564,0.3281
15412000,1885.937733,3506,240,0.000777,0.3203
15414000,1887.986266,3496,237,0.000608,0.2891
15416000,1868.768180,3518,250,0.000378,0.2656
15418000,1863.926510,3495,251,0.000333,0.3516
15420000,1857.220001,3518,244,0.000353,0.2891
15422000,1846.695793,3513,253,0.000483,0.3828
15424000,1863.065549,3518,230,0.009094,0.3438
15426000,1871.558337,3510,238,0.008044,0.3125
15428000,1874.830993,3529,220,0.008332,0.3047
15430000,1847.121730,3519,236,0.009194,0.2812
15432000,1841.287588,3540,236,0.010006,0.2734
15434000,1849.420937,3542,213,0.010719,0.3516
15436000,1841.313813,3547,215,0.010241,0.2578
15438000,1834.587826,3586,207,0.008629,0.2266
15440000,1847.878788,3588,204,0.007282,0.2656
15442000,1854.009011,3586,220,0.009903,0.2109
15444000,1842.010319,3573,207,0.007706,0.2812
15446000,1850.402379,3554,223,0.003638,0.2109
15448000,1838.766647,3556,226,0.003871,0.2656
15450000,1842.129425,3572,230,0.004734,0.3984
15452000,1824.790766,3581,229,0.003803,0.3672
15454000,1814.012730,3590,236,0.004995,0.2812
15456000,1790.605479,3571,237,0.007560,0.3438
15458000,1770.973422,3545,244,0.009039,0.2812
15460000,1782.429164,3549,226,0.007612,0.2266
15462000,1787.790610,3520,220,0.007578,0.2422
15464000,1785.384645,3508,212,0.007728,0.2734
15466000,1799.818057,3519,218,0.006996,0.2500
15468000,1797.117751,3550,213,0.006210,0.3047
15470000,1789.634029,3550,225,0.006537,0.2344
15472000,1792.986224,3542,225,0.005952,0.2656
15474000,1788.773088,3532,226,0.005092,0.2188
15476000,1782.301639,3544,214,0.006462,0.3203
15478000,1781.639784,3559,215,0.006349,0.3359
15480000,1782.751644,3569,207,0.006825,0.2188
15482000,1771.279965,3558,195,0.005038,0.3203
15484000,1786.143781,3559,193,0.005287,0.2188
15486000,1791.284589,3555,215,0.007061,0.2266
15488000,1779.298800,3531,225,0.007345,0.3047
15490000,1780.257464,3502,227,0.005613,0.3438
15492000,1778.088692,3487,236,0.005171,0.2109
15494000,1759.409507,3486,238,0.006971,0.2109
15496000,1791.247011,3497,252,0.010947,0.2578
15498000,1839.390346,3493,256,0.016037,0.3047
15500000,1821.541462,3498,243,0.013897,0.3047
15502000,1825.547865,3526,231,0.013667,0.3047
15504000,1819.108584,3521,229,0.012444,0.3047
15506000,1813.783253,3505,249,0.013197,0.2891
15508000,1815.782886,3497,237,0.015374,0.3438
15510000,1809.973278,3494,232,0.014011,0.3359
15512000,1827.016621,3503,240,0.012802,0.2500
15514000,1840.426430,3512,240,0.016751,0.2891
15516000,1856.598815,3499,250,0.018982,0.3828
15518000,1857.444938,3560,217,0.020944,0.2422
15520000,1851.607272,3571,213,0.024025,0.2500
15522000,1853.042303,3543,231,0.027170,0.2500
15524000,1825.575372,3540,225,0.019744,0.2031
15526000,1822.973833,3531,237,0.019241,0.3125
15528000,1825.167279,3534,229,0.018970,0.3281
15530000,1824.062818,3542,216,0.017319,0.2812
15532000,1818.953228,3566,216,0.015799,0.2422
15534000,1808.281839,3566,215,0.012002,0.2734
15536000,1806.311303,3581,219,0.012359,0.2734
15538000,1811.059986,3561,207,0.012766,0.2969
15540000,1787.138863,3532,242,0.019553,0.2734
15542000,1781.929612,3525,235,0.019853,0.2734
15544000,1788.851129,3527,230,0.019839,0.3359
15546000,1780.192340,3527,246,0.021642,0.2891
15548000,1777.146237,3512,233,0.022131,0.2969
15550000,1756.407290,3524,217,0.019525,0.2734
15552000,1776.947969,3545,211,0.022527,0.3203
15554000,1762.811626,3554,205,0.025848,0.2578
15556000,1764.134859,3546,222,0.025783,0.2812
15558000,1772.260793,3567,213,0.025982,0.2891
15560000,1765.139728,3561,239,0.025476,0.2500
15562000,1754.236705,3552,237,0.026777,0.3281
15564000,1758.182729,3539,254,0.025748,0.3047
15566000,1757.898499,3534,246,0.027905,0.2656
15568000,1770.071456,3513,236,0.026989,0.2891
15570000,1764.582652,3506,238,0.025821,0.2812
15572000,1770.996330,3504,239,0.030941,0.2812
15574000,1766.687946,3541,226,0.031422,0.2500
15576000,1777.946231,3572,207,0.034253,0.3672
15578000,1778.378659,3589,199,0.033261,0.3125
15580000,1773.072211,3587,207,0.041760,0.2812
15582000,1782.360878,3588,207,0.042274,0.3281
15584000,1793.324411,3583,207,0.044202,0.2812
15586000,1806.314346,3586,229,0.039456,0.3125
15588000,1815.215844,3567,225,0.044802,0.2578
15590000,1812.260213,3576,218,0.045060,0.2891
15592000,1802.230237,3545,220,0.046422,0.2812
15594000,1796.887078,3557,201,0.048779,0.2422
15596000,1803.682250,3572,194,0.049798,0.2891
15598000,1806.419624,3585,190,0.048414,0.2891
15600000,1803.592864,3581,215,0.047344,0.2656
15602000,1797.108594,3593,214,0.044685,0.2969
15604000,1796.233914,3588,209,0.043249,0.3281
15606000,1807.787019,3588,208,0.046071,0.2812
15608000,1812.274665,3582,203,0.039959,0.3438
15610000,1792.648167,3576,198,0.037314,0.2500
15612000,1776.076195,3566,213,0.033712,0.2656
15614000,1784.209544,3557,206,0.027340,0.3125
15616000,1795.139821,3556,222,0.028369,0.3125
15618000,1785.246579,3543,225,0.027461,0.3125
15620000,1777.432397,3537,216,0.026354,0.2578
15622000,1785.518506,3537,220,0.027725,0.2500
15624000,1784.954511,3540,207,0.026491,0.2422
15626000,1784.632719,3544,225,0.026164,0.3359
15628000,1791.445493,3564,218,0.024049,0.2500
15630000,1785.684094,3540,233,0.024871,0.2422
15632000,1779.694102,3564,223,0.023835,0.2891
15634000,1797.455715,3558,218,0.024021,0.2812
15636000,1787.710912,3549,210,0.026131,0.2969
15638000,1788.159843,3543,234,0.024638,0.2812
15640000,1794.163237,3551,240,0.024889,0.3516
15642000,1787.572707,3546,227,0.021808,0.2656
15644000,1788.786339,3576,213,0.024634,0.2578
15646000,1805.959187,3555,224,0.031504,0.3203
15648000,1805.811442,3557,213,0.032997,0.2500
15650000,1798.887108,3540,213,0.032323,0.2812
15652000,1804.725939,3529,228,0.032599,0.2969
15654000,1806.200359,3550,220,0.032488,0.3438
15656000,1823.649039,3562,210,0.036890,0.3672
15658000,1815.294024,3565,208,0.033848,0.3672
15660000,1811.147731,3559,221,0.032866,0.3203
15662000,1826.725010,3558,219,0.027231,0.2812
15664000,1817.032572,3576,216,0.030381,0.2812
15666000,1825.152517,3601,206,0.032943,0.2969
15668000,1813.830566,3578,211,0.032079,0.3281
15670000,1824.239811,3577,207,0.033005,0.3047
15672000,1810.741444,3568,214,0.032011,0.3750
15674000,1814.011369,3571,227,0.028188,0.2578
15676000,1823.424286,3577,218,0.026630,0.3281
15678000,1822.712034,3569,226,0.026392,0.2500
15680000,1817.469546,3583,231,0.023285,0.3516
15682000,1824.004162,3582,232,0.023825,0.2656
15684000,1828.919091,3585,241,0.024173,0.2656
15686000,1828.402269,3579,230,0.027134,0.2266
15688000,1815.790722,3565,235,0.024795,0.2656
15690000,1818.451129,3567,226,0.024474,0.3203
15692000,1812.114075,3545,229,0.023617,0.3125
15694000,1827.273279,3538,232,0.029203,0.3281
15696000,1836.340793,3542,230,0.034187,0.2109
15698000,1840.845955,3534,247,0.034807,0.2734
15700000,1842.630517,3547,236,0.037462,0.3438
15702000,1848.055960,3552,229,0.039193,0.2422
15704000,1855.167193,3544,217,0.038709,0.2812
15706000,1844.848739,3519,230,0.040234,0.3281
15708000,1834.603207,3511,237,0.044877,0.3281
15710000,1838.746129,3490,254,0.052653,0.3359
15712000,1852.545037,3513,247,0.056439,0.3047
15714000,1834.271447,3512,244,0.053499,0.3516
15716000,1826.928316,3538,240,0.051476,0.2656
15718000,1839.052816,3526,247,0.036465,0.2891
15720000,1835.254506,3515,228,0.032120,0.2500
15722000,1815.870499,3529,229,0.046271,0.2812
15724000,1830.199489,3517,232,0.047430,0.2891
15726000,1846.471733,3514,215,0.051465,0.2188
15728000,1864.666719,3509,240,0.050444,0.2188
15730000,1849.618701,3515,225,0.049263,0.2656
15732000,1835.346728,3498,227,0.047553,0.3516
15734000,1822.900997,3482,251,0.050050,0.3125
15736000,1820.124783,3483,251,0.053105,0.3828
15738000,1811.075550,3509,232,0.051548,0.2734
15740000,1814.912766,3502,229,0.052460,0.2969
15742000,1806.276485,3516,238,0.044946,0.2344
15744000,1798.602881,3544,240,0.044115,0.3359
15746000,1792.743609,3515,237,0.038176,0.2969
15748000,1819.977283,3523,238,0.031698,0.3359
15750000,1814.946566,3512,235,0.033163,0.2891
15752000,1795.104849,3510,234,0.030725,0.2344
15754000,1796.230201,3513,229,0.027498,0.2344
15756000,1774.477825,3508,234,0.024510,0.2500
15758000,1760.060982,3469,258,0.027450,0.3828
15760000,1751.141858,3465,230,0.027139,0.3203
15762000,1759.419115,3458,230,0.029395,0.2656
15764000,1766.082447,3474,230,0.030854,0.3906
15766000,1766.545965,3462,255,0.029804,0.3750
15768000,1775.925879,3462,251,0.027041,0.3125
15770000,1779.298381,3475,240,0.034092,0.3203
15772000,1775.556386,3480,255,0.033542,0.3516
15774000,1776.925444,3477,254,0.031848,0.3125
15776000,1773.051656,3501,230,0.027891,0.2578
15778000,1769.224236,3516,228,0.027523,0.2812
15780000,1765.162180,3526,202,0.025752,0.2422
15782000,1757.691198,3503,221,0.023738,0.3125
15784000,1761.919802,3489,239,0.023320,0.2812
15786000,1771.566716,3509,221,0.032138,0.3203
15788000,1767.052273,3497,234,0.027736,0.3203
15790000,1774.094252,3465,241,0.024838,0.2734
15792000,1783.647262,3449,254,0.026810,0.3438
15794000,1778.861328,3460,242,0.024533,0.2578
15796000,1770.829514,3463,235,0.023221,0.2578
15798000,1787.680338,3476,235,0.019494,0.2656
15800000,1780.150322,3489,240,0.018888,0.3203
15802000,1788.269674,3505,236,0.019692,0.2734
15804000,1783.211470,3479,247,0.019784,0.4141
15806000,1777.141251,3491,243,0.020229,0.3281
15808000,1769.618657,3511,230,0.016602,0.3203
15810000,1767.454243,3521,229,0.016175,0.3359
15812000,1763.200553,3513,233,0.014554,0.3047
15814000,1760.698929,3510,239,0.018662,0.3125
15816000,1752.884613,3497,250,0.019704,0.2969
15818000,1755.387328,3496,250,0.019190,0.3594
15820000,1762.394169,3523,232,0.019516,0.3281
15822000,1747.952624,3508,243,0.017781,0.2734
15824000,1753.358412,3492,246,0.017749,0.2578
15826000,1751.713689,3495,241,0.014537,0.2891
15828000,1755.790543,3508,242,0.016688,0.3516
15830000,1776.982336,3532,240,0.019326,0.3438
15832000,1783.727216,3520,236,0.017759,0.4297
15834000,1792.921811,3540,227,0.019928,0.2734
15836000,1794.329734,3554,216,0.021028,0.2812
15838000,1812.666666,3557,207,0.024821,0.3516
15840000,1795.494096,3547,221,0.024756,0.3359
15842000,1796.960311,3529,222,0.028537,0.2969
15844000,1806.591933,3542,229,0.026315,0.3125
15846000,1818.052408,3558,227,0.026103,0.3281
15848000,1810.475614,3555,232,0.026450,0.3047
15850000,1803.808161,3540,232,0.031627,0.2734
15852000,1813.654490,3545,232,0.030671,0.2969
15854000,1807.764956,3553,223,0.031852,0.3125
15856000,1800.498204,3542,225,0.028601,0.2891
15858000,1790.108250,3539,237,0.028556,0.3281
15860000,1788.991906,3551,229,0.027900,0.2656
15862000,1797.301349,3538,230,0.025649,0.2500
15864000,1789.245312,3543,237,0.027857,0.2578
15866000,1765.887294,3538,231,0.025887,0.2812
15868000,1769.069737,3531,240,0.025852,0.3125
15870000,1787.911444,3528,260,0.025682,0.2969
15872000,1799.204869,3513,242,0.024181,0.1953
15874000,1794.248695,3497,258,0.025988,0.3906
15876000,1796.988861,3531,232,0.025572,0.2812
15878000,1784.321656,3487,241,0.022899,0.3359
15880000,1786.575439,3472,245,0.023358,0.4375
15882000,1787.149507,3489,233,0.019981,0.2734
15884000,1790.564951,3485,229,0.022139,0.2891
15886000,1779.538525,3488,235,0.021879,0.3438
15888000,1777.176930,3499,237,0.021933,0.3047
15890000,1783.938145,3489,248,0.021106,0.3516
15892000,1765.974388,3524,221,0.023421,0.3203
15894000,1772.349631,3516,229,0.022419,0.3750
15896000,1773.143440,3494,246,0.022108,0.3359
15898000,1767.274151,3521,231,0.027587,0.2500
15900000,1776.330413,3507,242,0.028089,0.3125
15902000,1783.784031,3509,231,0.029577,0.3672
15904000,1791.160346,3510,231,0.026708,0.2891
15906000,1798.228065,3529,217,0.024864,0.3203
15908000,1784.316235,3519,221,0.025929,0.2188
15910000,1771.280464,3531,212,0.025612,0.2891
15912000,1769.289184,3545,215,0.023342,0.3438
15914000,1742.613506,3537,229,0.021690,0.2734
15916000,1730.377589,3522,230,0.021718,0.2656
15918000,1737.478642,3501,232,0.021120,0.3516
15920000,1732.787495,3490,239,0.021792,0.3359
15922000,1742.948092,3484,241,0.022441,0.2969
15924000,1753.559971,3470,266,0.020653,0.3359
15926000,1753.044541,3470,255,0.023800,0.3438
15928000,1771.154357,3490,249,0.019844,0.2969
15930000,1766.066096,3462,253,0.020522,0.3516
15932000,1763.477953,3466,246,0.017388,0.3828
15934000,1761.877580,3489,233,0.015886,0.3125
15936000,1764.337876,3500,227,0.015521,0.3359
15938000,1768.551763,3504,221,0.014209,0.3125
15940000,1778.582645,3561,219,0.011053,0.3359
15942000,1786.128594,3556,206,0.011663,0.3047
15944000,1779.278564,3579,189,0.013400,0.2891
15946000,1789.869927,3576,213,0.016487,0.3281
15948000,1789.092252,3578,219,0.020878,0.3438
15950000,1794.264922,3571,224,0.019736,0.2500
15952000,1781.148362,3543,221,0.018257,0.2734
15954000,1786.646003,3562,214,0.019059,0.2734
15956000,1792.205408,3541,231,0.018206,0.3047
15958000,1797.831004,3554,234,0.017558,0.1875
15960000,1796.697985,3551,229,0.016737,0.2891
15962000,1808.894364,3540,220,0.015820,0.2812
15964000,1810.904707,3532,239,0.016615,0.2578
15966000,1806.535200,3496,252,0.014530,0.3203
15968000,1796.074020,3494,235,0.014600,0.2734
15970000,1777.557135,3505,232,0.014489,0.3828
15972000,1782.476893,3501,229,0.015580,0.3438
15974000,1790.516055,3528,216,0.015041,0.2891
15976000,1777.417986,3535,210,0.014359,0.3281
15978000,1755.953470,3528,214,0.007033,0.3672
15980000,1759.907766,3498,236,0.007290,0.2500
15982000,1755.549739,3487,224,0.009317,0.3359
15984000,1763.328298,3485,225,0.011303,0.2578
15986000,1740.233472,3456,244,0.008825,0.2734
15988000,1757.051821,3468,248,0.013396,0.2578
15990000,1751.723456,3472,252,0.013632,0.2578
15992000,1754.769718,3475,249,0.011591,0.3125
15994000,1757.181713,3502,244,0.012552,0.4531
15996000,1765.595141,3478,252,0.012964,0.2578
15998000,1779.724571,3469,243,0.017343,0.3516
16000000,1788.119094,3475,231,0.015240,0.3281
16002000,1793.819038,3484,238,0.016521,0.3125
16004000,1788.757176,3498,218,0.013705,0.3281
16006000,1785.478715,3501,232,0.013939,0.3203
16008000,1800.795660,3497,206,0.020818,0.3281
16010000,1810.753806,3480,226,0.024078,0.2891
16012000,1817.077573,3483,224,0.019025,0.2969
16014000,1829.055461,3434,261,0.020400,0.3594
16016000,1833.104278,3444,243,0.022087,0.2969
16018000,1832.003456,3435,245,0.021810,0.3047
16020000,1835.362969,3446,243,0.022927,0.3750
16022000,1844.384788,3463,259,0.028785,0.2422
16024000,1869.728668,3465,254,0.030333,0.3672
16026000,1885.659410,3493,229,0.029803,0.3828
16028000,1876.495036,3502,222,0.032464,0.2656
16030000,1865.279481,3507,216,0.030237,0.2969
16032000,1861.453700,3489,229,0.029188,0.2969
16034000,1864.092328,3475,248,0.026502,0.3125
16036000,1862.997158,3479,249,0.025360,0.2812
16038000,1863.495829,3488,240,0.027081,0.4062
16040000,1875.448784,3481,236,0.027667,0.2969
16042000,1868.630838,3485,221,0.024901,0.3047
16044000,1845.778387,3477,229,0.020176,0.2812
16046000,1859.004076,3485,224,0.020318,0.3203
16048000,1860.030588,3471,251,0.019990,0.3672
16050000,1830.833633,3463,259,0.015007,0.2969
16052000,1838.778041,3454,257,0.016335,0.3359
16054000,1844.089035,3472,254,0.016409,0.3516
16056000,1855.107479,3506,238,0.017302,0.3281
16058000,1859.996287,3490,239,0.019487,0.2969
16060000,1849.145472,3539,219,0.019379,0.2891
16062000,1855.153940,3521,238,0.018750,0.3594
16064000,1848.495191,3479,259,0.018825,0.3047
16066000,1849.198314,3481,244,0.020773,0.2969
16068000,1844.170994,3476,219,0.021132,0.2734
16070000,1838.618624,3467,236,0.019921,0.2812
16072000,1850.572587,3523,212,0.018007,0.2969
16074000,1827.947988,3500,219,0.019249,0.3359
16076000,1820.416751,3507,229,0.018077,0.2969
16078000,1818.521559,3479,259,0.018921,0.3594
16080000,1819.774791,3482,252,0.017795,0.2422
16082000,1836.003648,3488,242,0.015775,0.3281
16084000,1842.921114,3509,238,0.015902,0.2812
16086000,1837.243004,3541,211,0.014425,0.3125
16088000,1844.328876,3529,225,0.015059,0.2422
16090000,1860.725589,3540,235,0.016663,0.3516
16092000,1859.875171,3528,246,0.017535,0.3750
16094000,1834.202530,3530,242,0.016898,0.2578
16096000,1856.321506,3537,234,0.017152,0.3359
16098000,1864.649695,3530,222,0.016355,0.2891
16100000,1855.835808,3551,206,0.016517,0.2500
16102000,1850.425790,3564,226,0.014692,0.1641
16104000,1847.886185,3564,231,0.013368,0.2656
16106000,1849.714480,3575,189,0.014432,0.2578
16108000,1845.406271,3562,201,0.012409,0.2734
16110000,1847.066697,3522,215,0.014568,0.2734
16112000,1852.836375,3537,220,0.012407,0.2734
16114000,1862.997377,3525,222,0.012337,0.3594
16116000,1876.979190,3502,225,0.013629,0.3516
16118000,1876.813491,3496,229,0.012370,0.3359
16120000,1850.812378,3484,238,0.011074,0.3047
16122000,1851.062041,3482,245,0.009845,0.2656
16124000,1859.744706,3508,227,0.009552,0.2969
16126000,1848.550450,3486,237,0.010019,0.2969
16128000,1792.467642,3487,228,0.008606,0.3203
16130000,1790.004250,3470,250,0.008423,0.3828
16132000,1779.029327,3486,233,0.007620,0.3438
16134000,1783.400886,3529,200,0.011290,0.2969
16136000,1775.253612,3548,195,0.010512,0.2812
16138000,1772.868623,3557,202,0.006722,0.3281
16140000,1777.059613,3540,222,0.011982,0.3203
16142000,1775.945306,3535,217,0.012754,0.2266
16144000,1847.990309,3534,228,0.019977,0.2734
16146000,1850.182327,3524,233,0.018620,0.2656
16148000,1842.485624,3552,227,0.014803,0.2891
16150000,1847.006108,3524,236,0.011917,0.2969
16152000,1832.715428,3516,234,0.009830,0.2656
16154000,1829.607922,3473,239,0.009462,0.2969
16156000,1833.739144,3463,243,0.009698,0.3906
16158000,1822.704301,3453,250,0.011450,0.3672
16160000,1824.549053,3464,256,0.010689,0.3516
16162000,1833.266375,3463,245,0.010381,0.4062
16164000,1834.616606,3472,238,0.010762,0.3516
16166000,1829.701021,3476,244,0.008764,0.3203
16168000,1819.418597,3470,253,0.007847,0.3125
16170000,1805.178137,3481,243,0.004716,0.3281
16172000,1798.344349,3477,248,0.004369,0.3359
16174000,1804.121374,3466,246,0.004336,0.3125
16176000,1789.884897,3472,243,0.004034,0.2344
16178000,1785.394195,3470,241,0.003526,0.3672
16180000,1791.019284,3465,242,0.022564,0.3125
16182000,1782.802788,3474,228,0.023102,0.2812
16184000,1770.164407,3454,263,0.023680,0.3125
16186000,1760.899191,3462,277,0.023335,0.3125
16188000,1753.244247,3472,261,0.021513,0.3203
16190000,1777.721082,3446,267,0.024533,0.3359
16192000,1759.010873,3481,249,0.021544,0.2500
16194000,1750.358998,3462,250,0.021393,0.3438
16196000,1758.787270,3458,241,0.019572,0.3203
16198000,1758.163009,3468,229,0.019821,0.3125
16200000,1759.884860,3502,214,0.020006,0.3750
16202000,1748.674504,3487,224,0.020853,0.2500
16204000,1742.068970,3480,229,0.022405,0.3203
16206000,1734.117896,3505,218,0.023137,0.2656
16208000,1736.309428,3494,224,0.025978,0.3516
16210000,1739.938450,3499,222,0.021768,0.3047
16212000,1751.656176,3512,229,0.022428,0.2969
16214000,1751.181700,3508,231,0.018274,0.2812
16216000,1742.866684,3514,231,0.019269,0.3125
16218000,1747.796961,3504,233,0.023032,0.2891
16220000,1772.458434,3501,251,0.026934,0.3047
16222000,1769.967933,3523,236,0.024378,0.3047
16224000,1774.075826,3501,238,0.026151,0.3125
16226000,1790.980153,3512,224,0.028496,0.3203
16228000,1799.007637,3518,215,0.028599,0.2812
16230000,1796.864634,3524,209,0.021533,0.2891
16232000,1794.817267,3494,209,0.030338,0.2500
16234000,1787.140526,3489,233,0.035674,0.3281
16236000,1760.463368,3503,220,0.011093,0.2188
16238000,1761.118209,3497,215,0.005626,0.3203
16240000,1772.416091,3520,201,0.005725,0.3359
16242000,1785.299158,3516,228,0.006030,0.2734
16244000,1801.629802,3513,226,0.004125,0.3438
16246000,1807.812997,3496,235,0.004627,0.2812
16248000,1796.715573,3463,236,0.004319,0.2812
16250000,1813.393252,3489,232,0.005979,0.2969
16252000,1817.246789,3482,238,0.005764,0.3438
16254000,1812.671805,3476,242,0.006270,0.3438
16256000,1820.342994,3509,220,0.008719,0.3047
16258000,1800.904558,3468,240,0.008534,0.2578
16260000,1805.712565,3467,240,0.007604,0.3125
16262000,1813.030097,3496,236,0.007098,0.3125
16264000,1806.713811,3501,229,0.009302,0.2578
16266000,1846.091513,3505,210,0.009390,0.2422
16268000,1867.197427,3528,205,0.007677,0.2734
16270000,1873.685293,3514,211,0.008904,0.2656
16272000,1871.738297,3516,215,0.010200,0.3125
16274000,1875.398062,3521,191,0.009057,0.2500
16276000,1874.632589,3532,198,0.015500,0.2500
16278000,1867.883074,3503,216,0.016757,0.3281
16280000,1881.101180,3527,223,0.012413,0.2969
16282000,1885.112639,3511,224,0.014678,0.3594
16284000,1881.596345,3489,244,0.014934,0.3438
16286000,1883.473370,3510,230,0.015636,0.2969
16288000,1908.077149,3478,249,0.026224,0.3203
16290000,1894.019749,3483,254,0.027434,0.3516
16292000,1875.434443,3458,246,0.034977,0.2969
16294000,1874.421771,3455,261,0.035867,0.3594
16296000,1895.170692,3449,254,0.038683,0.2656
16298000,1893.014458,3438,252,0.034382,0.2578
16300000,1844.487644,3439,238,0.028425,0.2812
16302000,1839.969688,3415,232,0.034126,0.3438
16304000,1840.916712,3441,255,0.032832,0.3672
16306000,1849.163951,3447,242,0.032234,0.3906
16308000,1840.319722,3436,253,0.036321,0.2109
16310000,1838.667424,3443,247,0.035563,0.2891
16312000,1838.346267,3467,252,0.034717,0.3047
16314000,1837.707042,3503,252,0.036994,0.2344
16316000,1848.638580,3521,241,0.036331,0.4062
16318000,1846.339539,3493,251,0.037819,0.2734
16320000,1846.485827,3456,251,0.036599,0.3516
16322000,1852.503998,3480,243,0.039085,0.2969
16324000,1856.033710,3524,234,0.036343,0.2656
16326000,1850.617596,3521,229,0.039859,0.2578
16328000,1847.638018,3516,238,0.039761,0.3047
16330000,1848.754387,3523,233,0.039784,0.2500
16332000,1843.856433,3503,244,0.040808,0.3672
16334000,1858.482957,3511,225,0.043708,0.2812
16336000,1870.346484,3517,227,0.044632,0.3516
16338000,1875.440784,3534,226,0.042860,0.2812
16340000,1876.057068,3517,239,0.047032,0.2656
16342000,1878.395387,3531,211,0.047021,0.3047
16344000,1886.604916,3525,234,0.051013,0.3984
16346000,1876.395057,3526,242,0.057474,0.3828
16348000,1873.648997,3527,225,0.060360,0.2812
16350000,1887.101944,3510,226,0.052901,0.3203
16352000,1898.818331,3513,215,0.040897,0.2500
16354000,1907.367131,3523,232,0.043611,0.2891
16356000,1905.747678,3535,220,0.044236,0.3438
16358000,1910.643009,3524,231,0.046573,0.3047
16360000,1898.940384,3519,226,0.052042,0.3438
16362000,1906.325364,3509,231,0.053975,0.3281
16364000,1899.114901,3512,212,0.047968,0.3906
16366000,1899.469473,3550,220,0.047698,0.3281
16368000,1919.009435,3531,218,0.039617,0.2422
16370000,1868.660852,3517,235,0.024569,0.2734
16372000,1872.495510,3544,223,0.021518,0.2891
16374000,1896.825513,3544,207,0.020644,0.3125
16376000,1904.767776,3577,198,0.022525,0.2812
16378000,1883.851009,3548,205,0.018285,0.3281
16380000,1893.785270,3540,214,0.017400,0.2500
16382000,1899.119973,3485,229,0.016879,0.3516
16384000,1916.129022,3508,211,0.014679,0.2500
16386000,1910.966329,3510,213,0.015018,0.3047
16388000,1914.545440,3520,216,0.016268,0.3516
16390000,1897.336119,3512,230,0.017173,0.2812
16392000,1885.309884,3517,217,0.019489,0.3594
16394000,1887.519207,3500,217,0.021451,0.2969
16396000,1887.019594,3512,226,0.018301,0.3672
16398000,1909.401507,3534,218,0.020137,0.2969
16400000,1909.306071,3522,224,0.020163,0.3359
16402000,1904.061688,3486,247,0.024275,0.3516
16404000,1898.118098,3500,238,0.024250,0.3203
16406000,1904.864287,3491,247,0.025438,0.2500
16408000,1902.579910,3489,244,0.026577,0.4297
16410000,1896.637833,3504,247,0.025737,0.3203
16412000,1890.853874,3528,252,0.028695,0.3047
16414000,1890.494471,3538,238,0.025750,0.3359
16416000,1883.226671,3529,234,0.023869,0.2734
16418000,1899.222666,3532,210,0.025355,0.3516
16420000,1919.528597,3571,199,0.024277,0.2578
16422000,1908.499541,3553,221,0.025734,0.3281
16424000,1908.744108,3554,217,0.029710,0.2734
16426000,1914.877986,3555,213,0.030230,0.3516
16428000,1913.232243,3553,218,0.029242,0.2656
16430000,1897.339610,3567,204,0.025171,0.2578
16432000,1913.331524,3580,206,0.020602,0.2969
16434000,1905.671116,3546,206,0.018852,0.3203
16436000,1888.055498,3553,210,0.015925,0.2891
16438000,1884.183998,3559,199,0.016089,0.3125
16440000,1899.764362,3534,211,0.018123,0.3125
16442000,1927.954586,3557,192,0.018890,0.2969
16444000,1941.699338,3551,188,0.016432,0.1875
16446000,1961.292207,3538,217,0.016070,0.2891
16448000,1958.541893,3545,211,0.015706,0.3359
16450000,1973.791677,3533,216,0.014846,0.2500
16452000,1973.025221,3528,224,0.015780,0.3203
16454000,1969.325634,3539,227,0.017007,0.2891
16456000,1966.605645,3555,234,0.016935,0.3359
16458000,1963.191821,3585,219,0.015083,0.3203
16460000,1958.456118,3613,216,0.013871,0.3047
16462000,1953.649296,3605,205,0.013251,0.2422
16464000,1953.576966,3620,205,0.014378,0.2344
16466000,1944.307679,3605,205,0.014577,0.3125
16468000,1926.146837,3579,219,0.019818,0.2812
16470000,1916.361874,3571,215,0.020817,0.3047
16472000,1916.400153,3542,234,0.019248,0.2891
16474000,1915.177859,3538,230,0.020028,0.2734
16476000,1938.172077,3554,205,0.022847,0.3750
16478000,1927.419189,3550,219,0.023154,0.2969
16480000,1932.181304,3565,233,0.021309,0.2969
16482000,1924.866434,3559,227,0.019196,0.3047
16484000,1918.852069,3539,252,0.018958,0.3047
16486000,1917.845559,3538,245,0.023406,0.2969
16488000,1928.856453,3541,232,0.024073,0.2188
16490000,1921.893659,3531,229,0.024396,0.2422
16492000,1925.829925,3528,220,0.023247,0.3047
16494000,1941.692865,3506,220,0.023421,0.2969
16496000,1930.012989,3531,214,0.021775,0.3047
16498000,1929.011593,3504,242,0.023129,0.3125
16500000,1928.083324,3502,240,0.024353,0.3516
16502000,1926.021937,3506,249,0.022428,0.3359
16504000,1917.905591,3523,241,0.020919,0.3125
16506000,1917.850330,3506,239,0.023784,0.3984
16508000,1914.037907,3519,234,0.024180,0.4297
16510000,1927.796462,3525,243,0.021357,0.2656
16512000,1917.770096,3557,225,0.020515,0.3594
16514000,1905.296466,3555,223,0.019649,0.2891
16516000,1920.118248,3531,219,0.024227,0.3047
16518000,1901.052287,3517,223,0.019472,0.3750
16520000,1902.609337,3495,246,0.017666,0.2734
16522000,1901.194376,3484,253,0.016368,0.3125
16524000,1901.563543,3473,253,0.019195,0.3828
16526000,1920.759019,3490,238,0.019350,0.3438
16528000,1926.347532,3517,233,0.019858,0.3125
16530000,1920.689799,3542,213,0.020228,0.2344
16532000,1921.532356,3541,203,0.021254,0.2891
16534000,1927.321177,3571,205,0.021426,0.3125
16536000,1931.551411,3555,205,0.022414,0.3047
16538000,1909.921744,3558,226,0.019358,0.3125
16540000,1899.705826,3547,210,0.019173,0.3203
16542000,1907.010252,3535,220,0.017601,0.3203
16544000,1904.508300,3541,223,0.020014,0.3438
16546000,1863.084205,3569,210,0.016737,0.2656
16548000,1850.478980,3568,220,0.015401,0.3359
16550000,1862.261474,3551,225,0.015685,0.3516
16552000,1863.954380,3542,225,0.014340,0.3125
16554000,1856.373661,3551,232,0.016077,0.3359
16556000,1864.139414,3567,226,0.015840,0.2500
16558000,1864.768655,3553,229,0.018728,0.2812
16560000,1866.911769,3556,223,0.018300,0.3438
16562000,1852.032819,3498,233,0.019461,0.2578
16564000,1847.001639,3509,234,0.021336,0.2812
16566000,1823.897056,3527,232,0.022123,0.3125
16568000,1810.409444,3524,227,0.021975,0.2969
16570000,1799.387854,3510,228,0.020948,0.3750
16572000,1819.058975,3459,268,0.030649,0.3672
16574000,1812.957231,3432,260,0.034270,0.3516
16576000,1821.790961,3450,245,0.036888,0.3125
16578000,1827.900640,3461,262,0.035188,0.2500
16580000,1829.884993,3468,267,0.035129,0.3438
16582000,1826.252516,3476,239,0.035250,0.3047
16584000,1827.595216,3443,247,0.043216,0.3047
16586000,1815.001926,3432,254,0.045455,0.2500
16588000,1808.607662,3440,240,0.043469,0.2891
16590000,1810.085653,3453,241,0.043883,0.2891
16592000,1805.437788,3446,239,0.043246,0.3438
16594000,1792.743511,3440,251,0.041347,0.2500
16596000,1784.659072,3466,240,0.039121,0.2344
16598000,1790.479494,3511,239,0.042422,0.2812
16600000,1782.919729,3494,235,0.040183,0.2422
16602000,1784.534336,3472,246,0.042579,0.2812
16604000,1776.802540,3491,225,0.040115,0.3203
16606000,1775.951606,3506,231,0.040151,0.2266
16608000,1774.017811,3509,228,0.037936,0.3516
16610000,1774.563511,3492,243,0.039961,0.2969
16612000,1763.252250,3487,248,0.039774,0.3281
16614000,1761.920112,3521,229,0.039861,0.2891
16616000,1785.669887,3545,207,0.045084,0.2656
16618000,1775.946658,3538,217,0.043523,0.3438
16620000,1794.536219,3535,228,0.041417,0.3750
16622000,1816.221098,3524,225,0.048435,0.3125
16624000,1810.769707,3520,221,0.047283,0.2656
16626000,1796.609655,3517,214,0.043853,0.2891
16628000,1792.648269,3554,217,0.042270,0.3125
16630000,1778.736959,3547,225,0.041067,0.3359
16632000,1795.750021,3539,219,0.038570,0.3125
16634000,1801.217747,3556,207,0.034567,0.2188
16636000,1787.967875,3548,194,0.034283,0.2578
16638000,1793.149100,3537,208,0.036946,0.3203
16640000,1798.915588,3542,223,0.037312,0.2344
16642000,1798.412241,3529,251,0.035161,0.2812
16644000,1802.329224,3514,252,0.035119,0.3125
16646000,1811.317338,3525,249,0.038585,0.2656
16648000,1800.459674,3496,265,0.038482,0.3359
16650000,1796.845666,3495,263,0.037775,0.2891
16652000,1782.983439,3495,259,0.038204,0.2812
16654000,1771.570212,3502,240,0.036690,0.3281
16656000,1779.846565,3498,255,0.036055,0.3047
16658000,1785.543938,3539,235,0.037220,0.2734
16660000,1789.618845,3527,228,0.036336,0.3125
16662000,1793.994173,3516,231,0.033196,0.3984
16664000,1809.171044,3489,237,0.034258,0.2969
16666000,1806.541480,3472,233,0.034828,0.3438
16668000,1799.560407,3482,240,0.027852,0.4219
16670000,1798.969664,3478,234,0.029309,0.2891
16672000,1805.420654,3496,234,0.027664,0.2891
16674000,1818.966471,3492,242,0.028382,0.3281
16676000,1827.919418,3515,227,0.027199,0.3594
16678000,1820.778153,3502,232,0.027179,0.2266
16680000,1817.520591,3502,240,0.025064,0.3438
16682000,1805.644424,3500,222,0.025383,0.3750
16684000,1806.694160,3493,237,0.025079,0.3125
16686000,1786.605594,3535,220,0.022429,0.3359
16688000,1775.687806,3528,231,0.026504,0.3828
16690000,1780.977604,3548,219,0.026521,0.3672
16692000,1801.900572,3549,215,0.023053,0.3516
16694000,1802.917123,3529,210,0.020130,0.2969
16696000,1780.490688,3520,217,0.021116,0.3203
16698000,1777.043754,3537,231,0.019831,0.3281
16700000,1776.369359,3522,237,0.020723,0.3750
16702000,1773.328471,3522,233,0.017923,0.2422
16704000,1778.133035,3533,221,0.017681,0.2578
16706000,1767.247773,3514,212,0.018547,0.3359
16708000,1766.903116,3501,234,0.018249,0.2891
16710000,1772.533810,3501,226,0.019998,0.3203
16712000,1775.389353,3512,220,0.020166,0.3359
16714000,1771.452608,3492,255,0.018500,0.3359
16716000,1773.539126,3505,242,0.018963,0.2969
16718000,1767.840964,3506,219,0.019219,0.2578
16720000,1773.695591,3479,218,0.013449,0.2500
16722000,1773.997781,3480,221,0.012688,0.2812
16724000,1779.225027,3474,238,0.013424,0.3672
16726000,1790.019949,3469,242,0.015919,0.2891
16728000,1785.000319,3470,250,0.016054,0.3125
16730000,1777.795277,3484,235,0.017430,0.2578
16732000,1777.460481,3497,234,0.020085,0.2969
16734000,1782.961639,3493,251,0.020912,0.3438
16736000,1829.082719,3505,228,0.026291,0.2891
16738000,1798.303859,3501,248,0.020480,0.3281
16740000,1798.105729,3502,231,0.020962,0.3672
16742000,1799.851566,3499,235,0.020894,0.2969
16744000,1798.447474,3508,233,0.027641,0.2969
16746000,1809.971121,3482,254,0.030119,0.3984
16748000,1809.217692,3475,270,0.027777,0.3750
16750000,1801.027938,3473,263,0.026026,0.2734
16752000,1804.521867,3481,238,0.024651,0.3125
16754000,1824.415806,3504,234,0.030147,0.2656
16756000,1824.385536,3530,229,0.031596,0.3359
16758000,1825.182499,3524,216,0.027342,0.2500
16760000,1819.761292,3504,235,0.025843,0.3672
16762000,1818.630691,3496,246,0.024119,0.2500
16764000,1822.941693,3507,256,0.024729,0.3281
16766000,1824.404886,3509,232,0.023694,0.3047
16768000,1825.150540,3503,236,0.023379,0.2969
16770000,1817.996224,3485,240,0.021865,0.2578
16772000,1810.996169,3493,223,0.020769,0.2812
16774000,1808.440364,3494,228,0.019946,0.2578
16776000,1801.980222,3491,227,0.017868,0.3359
16778000,1810.562417,3535,214,0.014528,0.3750
16780000,1817.816333,3527,237,0.011694,0.2578
16782000,1824.360478,3519,257,0.012459,0.2500
16784000,1812.927432,3496,252,0.016150,0.2188
16786000,1818.631702,3531,233,0.017666,0.3125
16788000,1830.064258,3539,206,0.017858,0.3047
16790000,1834.094997,3529,219,0.016403,0.3047
16792000,1832.536172,3528,216,0.013682,0.3359
16794000,1833.798202,3530,223,0.016289,0.2812
16796000,1829.835197,3516,213,0.019294,0.2891
16798000,1813.578515,3511,217,0.011747,0.2734
16800000,1800.862928,3488,237,0.010684,0.3125
16802000,1799.307884,3475,237,0.010318,0.3047
16804000,1786.980380,3478,251,0.010300,0.2891
16806000,1799.502380,3476,266,0.009902,0.2891
16808000,1790.450256,3495,261,0.009244,0.2969
16810000,1791.483173,3485,243,0.009778,0.2344
16812000,1784.069661,3497,245,0.009844,0.3047
16814000,1782.999457,3502,238,0.010748,0.3125
16816000,1786.528899,3537,225,0.012168,0.3438
16818000,1779.393430,3519,234,0.012728,0.3438
16820000,1773.893811,3543,220,0.011878,0.3047
16822000,1786.703144,3537,215,0.014217,0.2969
16824000,1784.461366,3543,223,0.015230,0.2812
16826000,1789.898377,3549,228,0.013003,0.2422
16828000,1789.285944,3535,224,0.014060,0.2969
16830000,1779.821141,3523,249,0.013007,0.3281
16832000,1786.847856,3516,249,0.010820,0.3047
16834000,1782.855911,3513,248,0.010749,0.2578
16836000,1798.544919,3549,226,0.014060,0.3594
16838000,1793.875463,3573,222,0.009913,0.3125
16840000,1798.749236,3540,247,0.010435,0.3516
16842000,1815.232489,3541,236,0.010478,0.3281
16844000,1813.757799,3530,220,0.009185,0.2422
16846000,1828.172965,3545,228,0.009298,0.3281
16848000,1835.796115,3534,228,0.011390,0.3359
16850000,1831.880452,3534,238,0.008696,0.3672
16852000,1843.765061,3531,255,0.006857,0.3281
16854000,1841.140896,3522,261,0.005578,0.2969
16856000,1842.614817,3531,249,0.006085,0.3203
16858000,1838.281797,3516,251,0.006428,0.2734
16860000,1830.777408,3525,238,0.007048,0.2891
16862000,1820.519559,3518,243,0.006416,0.2656
16864000,1838.804853,3525,241,0.005776,0.2500
16866000,1837.582369,3531,230,0.007110,0.3047
16868000,1858.394021,3534,231,0.002925,0.3203
16870000,1850.298929,3507,234,0.003591,0.2578
16872000,1854.345795,3511,233,0.003627,0.3047
16874000,1865.250177,3506,238,0.008447,0.2500
16876000,1878.750211,3515,241,0.011775,0.2734
16878000,1854.970471,3488,244,0.011914,0.3125
16880000,1830.769119,3511,239,0.011004,0.3359
16882000,1823.227600,3492,245,0.011157,0.3594
16884000,1818.019269,3502,220,0.017558,0.3672
16886000,1839.009168,3535,209,0.021743,0.3203
16888000,1847.926879,3541,215,0.019913,0.2734
16890000,1859.646850,3493,224,0.017417,0.2656
16892000,1873.241695,3504,214,0.020054,0.2891
16894000,1876.053402,3512,219,0.021303,0.2969
16896000,1854.719540,3520,241,0.024627,0.3672
16898000,1862.703337,3556,224,0.022811,0.3125
16900000,1864.316695,3567,238,0.026614,0.2891
16902000,1879.413240,3582,244,0.028206,0.3438
16904000,1870.194844,3587,227,0.027915,0.2656
16906000,1886.955886,3592,218,0.027148,0.3047
16908000,1878.785566,3566,223,0.024159,0.3281
16910000,1889.219786,3597,214,0.026077,0.3047
16912000,1882.077278,3634,216,0.025766,0.2656
16914000,1877.856920,3630,220,0.026970,0.2500
16916000,1870.655981,3624,213,0.025789,0.2812
16918000,1866.995859,3636,207,0.023668,0.3828
16920000,1875.203937,3613,211,0.023594,0.2109
16922000,1876.088215,3589,192,0.025796,0.2344
16924000,1886.810776,3585,203,0.020202,0.2656
16926000,1892.375707,3603,188,0.021658,0.2891
16928000,1874.316715,3604,205,0.022142,0.2500
16930000,1871.443420,3586,199,0.025651,0.3828
16932000,1880.885438,3572,212,0.022477,0.3359
16934000,1882.343999,3548,217,0.021927,0.3516
16936000,1890.275023,3557,205,0.022455,0.3047
16938000,1886.637520,3567,215,0.023872,0.2812
16940000,1909.884594,3547,204,0.027216,0.2734
16942000,1860.718306,3536,212,0.029961,0.2500
16944000,1865.571384,3522,216,0.028896,0.2812
16946000,1861.278672,3545,206,0.027927,0.2891
16948000,1861.610567,3546,205,0.029542,0.2344
16950000,1838.958042,3536,216,0.029506,0.2266
16952000,1822.126536,3531,234,0.023107,0.3516
16954000,1799.433944,3521,224,0.018358,0.3359
16956000,1782.096513,3531,246,0.017040,0.3672
16958000,1783.516158,3545,256,0.016081,0.4219
16960000,1783.398492,3536,254,0.016646,0.3203
16962000,1782.103305,3528,245,0.015589,0.3438
16964000,1776.932054,3540,236,0.016934,0.2891
16966000,1772.944278,3547,202,0.014882,0.2188
16968000,1766.362637,3556,200,0.016226,0.2734
16970000,1777.127446,3569,199,0.018083,0.2344
16972000,1783.659470,3551,221,0.020374,0.2812
16974000,1770.262677,3558,223,0.019017,0.3828
16976000,1782.321060,3551,213,0.020175,0.3281
16978000,1795.157078,3519,245,0.019314,0.3047
16980000,1793.860888,3518,252,0.023393,0.2969
16982000,1796.884615,3534,226,0.023141,0.3281
16984000,1790.252784,3540,242,0.018747,0.3125
16986000,1770.482298,3512,241,0.017215,0.3594
16988000,1783.224855,3513,231,0.019194,0.3516
16990000,1782.686418,3512,250,0.022620,0.3984
16992000,1782.512894,3489,240,0.021540,0.4062
16994000,1771.395856,3486,250,0.022030,0.2656
16996000,1774.744291,3500,243,0.019760,0.2812
16998000,1764.752282,3482,237,0.016089,0.3047
17000000,1763.011699,3497,225,0.014454,0.2656
17002000,1781.162044,3497,241,0.016822,0.4219
17004000,1767.287324,3490,244,0.017723,0.3359
17006000,1763.155056,3464,260,0.018447,0.4141
17008000,1765.787856,3488,238,0.017066,0.3438
17010000,1765.476991,3469,247,0.015313,0.3125
17012000,1769.121491,3483,234,0.014896,0.3125
17014000,1761.513883,3487,223,0.013886,0.2734
17016000,1765.422652,3492,218,0.015831,0.2891
17018000,1756.557403,3520,216,0.017065,0.2812
17020000,1753.248580,3511,221,0.019249,0.3359
17022000,1755.370298,3497,232,0.016969,0.2812
17024000,1751.274379,3511,233,0.018177,0.2812
17026000,1752.530605,3525,211,0.016790,0.3047
17028000,1737.329556,3532,226,0.013631,0.3125
17030000,1736.312751,3545,227,0.014670,0.2344
17032000,1746.300911,3543,221,0.013248,0.3047
17034000,1761.083951,3526,227,0.013768,0.2266
17036000,1773.941421,3503,233,0.013517,0.3281
17038000,1759.275746,3493,233,0.007585,0.2891
17040000,1753.775676,3516,235,0.007604,0.2969
17042000,1757.555537,3521,251,0.008069,0.3125
17044000,1765.548308,3520,229,0.006786,0.3281
17046000,1750.764291,3502,220,0.006251,0.2422
17048000,1753.712197,3485,241,0.006494,0.3203
17050000,1761.185125,3476,238,0.005441,0.3828
17052000,1767.509151,3468,249,0.005543,0.3281
17054000,1789.605760,3466,236,0.006079,0.2891
17056000,1805.359222,3472,230,0.006792,0.2891
17058000,1803.417173,3474,242,0.008882,0.2656
17060000,1796.968492,3483,238,0.007572,0.3516
17062000,1794.838986,3467,257,0.007530,0.2578
17064000,1780.174132,3467,249,0.007609,0.3203
17066000,1781.132068,3501,219,0.007144,0.2812
17068000,1774.487026,3533,226,0.007161,0.2891
17070000,1796.084038,3528,230,0.007446,0.3203
17072000,1798.663091,3521,234,0.007997,0.3359
17074000,1793.955291,3489,248,0.007721,0.2812
17076000,1784.278022,3483,248,0.007035,0.3594
17078000,1795.650751,3450,273,0.005989,0.2578
17080000,1811.941911,3458,256,0.005193,0.3359
17082000,1803.821310,3425,239,0.011058,0.3125
17084000,1810.396778,3426,241,0.012768,0.3594
17086000,1807.172053,3429,243,0.011892,0.2812
17088000,1821.528658,3445,245,0.010820,0.3125
17090000,1810.258229,3439,226,0.010560,0.2969
17092000,1817.754016,3468,235,0.009168,0.2969
17094000,1815.343236,3457,258,0.009044,0.2734
17096000,1815.121594,3450,273,0.007316,0.2734
17098000,1806.627317,3471,250,0.008088,0.2734
17100000,1819.969978,3491,247,0.007344,0.3359
17102000,1818.805272,3505,250,0.008544,0.3984
17104000,1801.167913,3508,241,0.007258,0.3047
17106000,1824.423552,3520,230,0.003280,0.2656
17108000,1836.844549,3529,230,0.002499,0.3672
17110000,1833.320812,3526,224,0.002693,0.3047
17112000,1832.546682,3548,228,0.002839,0.3125
17114000,1875.688476,3530,238,0.003038,0.2656
17116000,1855.018013,3525,238,0.011566,0.3594
17118000,1862.909726,3524,247,0.012059,0.3438
17120000,1867.705188,3530,241,0.011929,0.3281
17122000,1859.497234,3510,251,0.010484,0.2891
17124000,1863.801022,3506,249,0.010657,0.3672
17126000,1890.078567,3497,263,0.013595,0.2969
17128000,1889.214075,3504,246,0.014948,0.2734
17130000,1867.475788,3483,257,0.012667,0.3750
17132000,1867.002951,3462,254,0.012805,0.2812
17134000,1863.991903,3475,255,0.014093,0.3203
17136000,1887.785503,3503,238,0.003492,0.2891
17138000,1876.405876,3537,213,0.004717,0.3438
17140000,1875.206631,3548,212,0.004310,0.3203
17142000,1902.647278,3542,212,0.005221,0.3438
17144000,1897.471939,3536,218,0.004439,0.3281
17146000,1882.983216,3538,217,0.004871,0.2578
17148000,1876.162732,3539,205,0.005976,0.3359
17150000,1875.976330,3533,216,0.006783,0.2734
17152000,1878.351771,3503,234,0.005506,0.2969
17154000,1865.696429,3522,230,0.000275,0.3125
17156000,1851.690325,3525,241,0.000265,0.3047
17158000,1839.558784,3518,229,0.000324,0.2500
17160000,1855.188382,3539,229,0.000218,0.2734
17162000,1858.009436,3540,229,0.001794,0.2891
17164000,1861.163224,3509,237,0.002047,0.2969
17166000,1851.737520,3496,245,0.000592,0.2734
17168000,1853.573034,3487,258,0.000203,0.3047
17170000,1881.840380,3502,241,0.000036,0.3281
17172000,1891.988536,3501,231,0.001607,0.3516
17174000,1887.937628,3517,248,0.001398,0.3750
17176000,1888.581695,3514,240,0.001505,0.3516
17178000,1895.917146,3518,239,0.001657,0.3906
17180000,1904.527479,3542,218,0.000966,0.3125
17182000,1895.976200,3566,206,0.001558,0.3281
17184000,1897.074005,3546,210,0.002315,0.3359
17186000,1895.157159,3551,213,0.001583,0.2969
17188000,1885.279138,3535,233,0.001660,0.3125
17190000,1892.578997,3525,239,0.000219,0.3828
17192000,1891.795688,3522,265,0.000068,0.3047
17194000,1889.944901,3516,264,0.000002,0.3281
17196000,1897.762611,3511,265,0.000009,0.2891
17198000,1902.367799,3533,239,0.000063,0.3359
17200000,1894.327020,3515,242,0.000121,0.3594
17202000,1928.632674,3495,243,0.000370,0.3594
17204000,1929.685085,3520,240,0.000346,0.3125
17206000,1941.463817,3508,223,0.000295,0.3438
17208000,1955.258241,3524,218,0.000591,0.2891
17210000,1950.143116,3511,225,0.000607,0.2656
17212000,1956.697326,3554,202,0.000229,0.3828
17214000,1944.174821,3533,222,0.000686,0.3203
17216000,1941.467783,3546,204,0.000836,0.2500
17218000,1940.377349,3542,214,0.000937,0.2969
17220000,1944.101560,3525,227,0.001210,0.3594
17222000,1935.915399,3531,221,0.001285,0.2812
17224000,1944.242240,3526,222,0.001857,0.3828
17226000,1954.024621,3540,230,0.001381,0.2891
17228000,1948.289163,3564,226,0.000809,0.2656
17230000,1945.160594,3563,219,0.000686,0.2734
17232000,1957.859995,3572,220,0.000630,0.3125
17234000,1959.379412,3562,240,0.000520,0.2969
17236000,1958.144558,3559,222,0.000016,0.2969
17238000,1949.274178,3584,230,0.000040,0.2969
17240000,1936.521136,3571,228,0.000052,0.2500
17242000,1934.840182,3585,198,0.000051,0.2891
17244000,1926.612919,3571,209,0.000078,0.2656
17246000,1917.562713,3569,238,0.000120,0.2891
17248000,1910.654746,3582,230,0.000043,0.2812
17250000,1906.493901,3589,212,0.000062,0.2734
17252000,1906.825993,3578,212,0.000089,0.2344
17254000,1899.509294,3596,222,0.000108,0.3594
17256000,1898.664479,3579,225,0.000264,0.2812
17258000,1913.204165,3567,221,0.000096,0.3203
17260000,1922.437913,3587,214,0.000073,0.2578
17262000,1912.346642,3605,206,0.000224,0.2422
17264000,1915.701393,3589,202,0.000248,0.2500
17266000,1908.749610,3566,205,0.000539,0.3047
17268000,1929.542188,3597,205,0.000829,0.2500
17270000,1939.194115,3591,210,0.000544,0.2578
17272000,1936.827281,3597,222,0.000974,0.2891
17274000,1943.042656,3619,208,0.001026,0.2812
17276000,1948.757395,3595,219,0.001209,0.2969
17278000,1943.638506,3578,223,0.000774,0.2812
17280000,1950.740822,3528,247,0.001291,0.2891
17282000,1966.656306,3546,231,0.000365,0.2969
17284000,1964.477262,3551,222,0.000135,0.2500
17286000,1951.253226,3573,224,0.000534,0.3672
17288000,1945.432922,3597,238,0.000603,0.2734
17290000,1953.766058,3563,221,0.001105,0.3594
17292000,1945.844519,3548,227,0.000621,0.2969
17294000,1952.578996,3546,209,0.000603,0.3672
17296000,1933.143530,3548,204,0.000237,0.2734
17298000,1945.516528,3545,214,0.000359,0.2734
17300000,1946.499801,3522,216,0.001010,0.2734
17302000,1953.177280,3525,223,0.001945,0.2422
17304000,1931.786190,3514,240,0.002015,0.2891
17306000,1938.781007,3503,254,0.002206,0.4062
17308000,1926.844812,3504,249,0.001044,0.3516
17310000,1928.300224,3542,213,0.000813,0.3203
17312000,1931.223034,3524,221,0.000842,0.2891
17314000,1932.442999,3508,199,0.000936,0.2812
17316000,1899.815210,3523,211,0.023758,0.2891
17318000,1889.983807,3527,227,0.011028,0.3047
17320000,1906.257439,3534,212,0.007950,0.2891
17322000,1911.629083,3544,211,0.007665,0.2344
17324000,1923.187637,3515,206,0.006974,0.2656
17326000,1919.969850,3488,240,0.009543,0.2500
17328000,1925.215287,3501,230,0.009886,0.3516
17330000,1922.967239,3506,236,0.026431,0.2422
17332000,1932.509551,3520,241,0.024322,0.2656
17334000,1937.720869,3534,236,0.022400,0.2969
17336000,1946.881902,3535,250,0.022825,0.3125
17338000,1948.856930,3551,239,0.021419,0.3516
17340000,1943.903333,3560,222,0.021917,0.2969
17342000,1943.527474,3568,216,0.021554,0.2812
17344000,1936.762149,3553,226,0.023421,0.2734
17346000,1935.543236,3552,233,0.025380,0.2656
17348000,1935.255690,3544,239,0.025351,0.2188
17350000,1934.401368,3528,235,0.026795,0.3125
17352000,1938.420959,3556,228,0.027029,0.3125
17354000,1947.560788,3572,215,0.030326,0.2969
17356000,1951.775688,3552,224,0.028148,0.2656
17358000,1942.918948,3544,231,0.025800,0.3281
17360000,1939.001882,3572,214,0.028235,0.2812
17362000,1937.627441,3565,213,0.027653,0.3672
17364000,1960.259203,3562,220,0.030132,0.3281
17366000,1947.567751,3539,229,0.030369,0.3438
17368000,1960.676124,3559,222,0.031093,0.2891
17370000,1937.301733,3548,232,0.025862,0.3281
17372000,1941.779018,3584,217,0.027826,0.2500
17374000,1934.772531,3590,189,0.029511,0.3047
17376000,1921.085359,3563,210,0.012685,0.2578
17378000,1908.077346,3589,193,0.007727,0.2031
17380000,1918.880187,3588,188,0.006983,0.2578
17382000,1892.409759,3558,223,0.005378,0.3203
17384000,1893.944670,3546,227,0.005388,0.3203
17386000,1895.564574,3565,204,0.005683,0.2969
17388000,1900.273767,3539,229,0.007675,0.2969
17390000,1895.066511,3540,245,0.007040,0.2812
17392000,1914.647219,3546,249,0.006124,0.3047
17394000,1920.678271,3557,231,0.006212,0.2969
17396000,1912.421740,3566,228,0.007685,0.2891
17398000,1909.674717,3564,231,0.007369,0.2656
17400000,1901.230785,3571,222,0.008540,0.3516
17402000,1869.329570,3572,225,0.009133,0.2344
17404000,1847.576370,3559,235,0.010980,0.3125
17406000,1851.434885,3570,237,0.010280,0.2812
17408000,1868.723792,3569,229,0.008490,0.2344
17410000,1871.863372,3555,219,0.007639,0.3438
17412000,1851.637394,3568,220,0.002998,0.2422
17414000,1853.047290,3562,207,0.004148,0.3203
17416000,1845.576410,3597,181,0.005293,0.2109
17418000,1839.169630,3605,184,0.005602,0.2812
17420000,1848.533383,3578,201,0.003718,0.2578
17422000,1836.661327,3581,205,0.003624,0.2188
17424000,1839.375275,3580,206,0.005087,0.2578
17426000,1842.538999,3567,230,0.004348,0.3047
17428000,1858.126647,3569,242,0.004669,0.3047
17430000,1861.316469,3587,233,0.003387,0.3281
17432000,1872.721020,3603,228,0.003794,0.2422
17434000,1910.875585,3613,230,0.020100,0.3281
17436000,1898.353010,3599,217,0.019284,0.2578
17438000,1896.235735,3586,223,0.017304,0.3047
17440000,1900.246744,3590,216,0.017812,0.3203
17442000,1872.224551,3586,217,0.012577,0.3125
17444000,1865.140303,3612,204,0.013442,0.2734
17446000,1863.112824,3592,193,0.015371,0.2578
17448000,1868.275308,3617,193,0.015945,0.3047
17450000,1863.942328,3593,225,0.015075,0.3203
17452000,1886.494127,3580,231,0.011903,0.2734
17454000,1892.403353,3557,249,0.011490,0.2891
17456000,1879.640650,3567,230,0.010817,0.2422
17458000,1865.682224,3569,230,0.029896,0.2578
17460000,1872.264684,3570,224,0.030822,0.2266
17462000,1872.570806,3565,221,0.030545,0.3047
17464000,1862.900471,3562,235,0.033732,0.2734
17466000,1866.874007,3544,253,0.034260,0.3047
17468000,1860.007001,3514,260,0.033753,0.2969
17470000,1849.877277,3529,249,0.032429,0.3203
17472000,1837.905856,3530,237,0.035214,0.3359
17474000,1820.204197,3550,234,0.033547,0.2969
17476000,1822.055230,3539,252,0.031577,0.3281
17478000,1835.847744,3561,251,0.029506,0.3359
17480000,1868.699909,3559,244,0.024541,0.2109
17482000,1848.585112,3588,225,0.024630,0.2812
17484000,1865.607247,3577,237,0.025643,0.2656
17486000,1868.189885,3572,244,0.026551,0.3203
17488000,1875.614931,3572,242,0.023857,0.3906
17490000,1871.699199,3596,228,0.024207,0.3516
17492000,1856.440335,3590,225,0.024585,0.2969
17494000,1872.737106,3598,205,0.024368,0.3203
17496000,1868.095942,3593,204,0.026167,0.2891
17498000,1866.203539,3598,206,0.027380,0.3516
17500000,1885.817370,3590,215,0.026474,0.2891
17502000,1893.710005,3582,222,0.025137,0.3047
17504000,1903.651724,3594,214,0.029426,0.2969
17506000,1901.170546,3584,217,0.030234,0.3125
17508000,1899.201397,3604,200,0.028186,0.3203
17510000,1900.311850,3586,207,0.030269,0.2656
17512000,1901.587393,3599,220,0.029943,0.2656
17514000,1898.459891,3590,232,0.029774,0.3125
17516000,1894.626086,3587,231,0.030493,0.2891
17518000,1892.797245,3587,234,0.028804,0.2734
17520000,1900.291914,3620,219,0.028111,0.2969
17522000,1894.625575,3609,223,0.026890,0.3359
17524000,1899.719148,3616,226,0.022548,0.3594
17526000,1894.295821,3614,217,0.023022,0.2656
17528000,1895.598054,3600,213,0.022743,0.2891
17530000,1913.835791,3592,219,0.025375,0.2891
17532000,1910.816994,3626,192,0.026870,0.2734
17534000,1900.350547,3607,201,0.027370,0.2500
17536000,1889.263021,3605,206,0.027427,0.3125
17538000,1910.838979,3632,197,0.026107,0.2656
17540000,1890.281667,3598,236,0.025243,0.2891
17542000,1898.511986,3585,230,0.028866,0.3359
17544000,1888.323144,3607,212,0.031606,0.3281
17546000,1881.047064,3586,218,0.030694,0.2812
17548000,1869.914819,3565,238,0.029264,0.3281
17550000,1855.119345,3572,231,0.029909,0.3516
17552000,1857.844231,3578,211,0.031353,0.3125
17554000,1853.422807,3564,206,0.034796,0.3203
17556000,1865.524678,3548,225,0.032800,0.2969
17558000,1870.839384,3543,226,0.032105,0.2578
17560000,1863.968831,3521,238,0.029374,0.3281
17562000,1866.311068,3529,228,0.033428,0.3125
17564000,1872.387897,3555,230,0.031949,0.2891
17566000,1882.215847,3565,234,0.034909,0.3672
17568000,1876.586894,3567,245,0.035547,0.3125
17570000,1849.199845,3571,229,0.028950,0.2734
17572000,1829.718106,3565,236,0.026720,0.2812
17574000,1815.774693,3556,249,0.026748,0.2891
17576000,1818.022624,3562,227,0.024252,0.3125
17578000,1829.685768,3579,203,0.024976,0.2422
17580000,1820.426307,3588,204,0.024915,0.2578
17582000,1824.575219,3606,206,0.024385,0.2656
17584000,1820.102757,3607,207,0.023997,0.2266
17586000,1819.671076,3619,206,0.023909,0.3047
17588000,1814.883547,3601,210,0.019840,0.2891
17590000,1795.995604,3574,217,0.015574,0.2656
17592000,1793.579348,3578,204,0.015235,0.3516
17594000,1797.612297,3577,220,0.013597,0.2734
17596000,1805.965541,3571,213,0.011529,0.2656
17598000,1793.192287,3551,214,0.014235,0.2812
17600000,1791.091383,3557,212,0.015325,0.2969
17602000,1765.631009,3536,237,0.014060,0.2812
17604000,1768.740541,3546,233,0.014570,0.3281
17606000,1766.433707,3548,222,0.020970,0.3438
17608000,1773.197205,3552,211,0.018743,0.2266
17610000,1779.579456,3536,208,0.020882,0.1953
17612000,1780.172398,3538,218,0.020594,0.2891
17614000,1785.483214,3535,209,0.020680,0.2266
17616000,1782.879899,3535,223,0.021142,0.2969
17618000,1784.869602,3531,238,0.019780,0.3281
17620000,1796.337786,3513,248,0.017008,0.3281
17622000,1797.579999,3535,238,0.016156,0.2812
17624000,1789.566516,3523,236,0.014675,0.3594
17626000,1804.143876,3528,229,0.013681,0.3906
17628000,1815.473133,3490,246,0.015568,0.2109
17630000,1818.574525,3498,230,0.016194,0.3359
17632000,1832.532935,3491,226,0.017242,0.3906
17634000,1829.168398,3520,218,0.016974,0.3359
17636000,1828.084052,3538,225,0.019047,0.2422
17638000,1810.132215,3537,231,0.019569,0.2734
17640000,1817.705307,3520,242,0.019399,0.3359
17642000,1820.470757,3555,235,0.019597,0.3516
17644000,1811.890996,3535,239,0.021246,0.2891
17646000,1803.471269,3555,228,0.021705,0.3438
17648000,1815.139154,3555,233,0.021103,0.3047
17650000,1817.479009,3543,235,0.020356,0.2812
17652000,1807.568684,3547,225,0.010034,0.2266
17654000,1803.986205,3542,221,0.009723,0.3672
17656000,1808.752579,3553,220,0.009236,0.3203
17658000,1825.794945,3541,244,0.010795,0.2969
17660000,1821.221602,3535,224,0.011673,0.2812
17662000,1812.827970,3535,233,0.012624,0.2266
17664000,1814.823614,3501,248,0.012432,0.3203
17666000,1817.243079,3492,249,0.013543,0.3750
17668000,1819.962842,3508,257,0.013400,0.3359
17670000,1801.497883,3534,232,0.011424,0.3906
17672000,1804.766959,3579,217,0.013244,0.3672
17674000,1813.150372,3567,226,0.012567,0.2969
17676000,1824.676357,3546,237,0.012719,0.3047
17678000,1818.200326,3528,235,0.010865,0.3125
17680000,1809.385100,3520,234,0.011645,0.2422
17682000,1810.039519,3539,236,0.011136,0.2578
17684000,1805.617872,3536,243,0.011041,0.2891
17686000,1781.703097,3525,242,0.012213,0.3203
17688000,1788.017156,3493,243,0.014579,0.3438
17690000,1800.268564,3519,236,0.017985,0.2969
17692000,1798.986879,3507,250,0.016612,0.3047
17694000,1786.881581,3538,240,0.018758,0.3594
17696000,1787.818273,3532,231,0.017176,0.2969
17698000,1780.345124,3543,224,0.016012,0.3359
17700000,1797.144217,3551,237,0.015094,0.2734
17702000,1800.938994,3547,234,0.016538,0.3203
17704000,1839.667280,3549,215,0.015596,0.3047
17706000,1854.064846,3591,193,0.014194,0.2422
17708000,1846.904129,3608,194,0.015433,0.2812
17710000,1799.518814,3606,213,0.018936,0.2109
17712000,1794.657892,3595,205,0.015983,0.2969
17714000,1790.864784,3570,234,0.018656,0.2656
17716000,1794.253111,3581,223,0.020362,0.2812
17718000,1791.009444,3571,225,0.022227,0.3047
17720000,1786.639048,3542,241,0.020845,0.3359
17722000,1789.912717,3550,226,0.020506,0.3359
17724000,1796.133767,3544,224,0.018710,0.3359
17726000,1802.957894,3538,218,0.017377,0.3906
17728000,1805.494727,3550,247,0.018678,0.3359
17730000,1796.232448,3559,235,0.019577,0.3828
17732000,1788.197304,3556,235,0.021243,0.3125
17734000,1795.057155,3580,231,0.023630,0.3359
17736000,1827.255092,3570,243,0.017568,0.2344
17738000,1823.989395,3588,212,0.036115,0.2812
17740000,1814.059706,3606,193,0.036338,0.2188
17742000,1815.422836,3577,219,0.035811,0.2734
17744000,1817.842298,3571,223,0.034039,0.2969
17746000,1814.237597,3579,203,0.032206,0.3281
17748000,1835.404981,3560,208,0.031219,0.2734
17750000,1882.619874,3556,225,0.028698,0.3672
17752000,1821.137726,3581,227,0.009775,0.3125
17754000,1816.884425,3550,245,0.010608,0.3125
17756000,1803.620019,3536,229,0.012123,0.3438
17758000,1793.473233,3522,259,0.010440,0.3438
17760000,1790.956643,3537,243,0.011828,0.3438
17762000,1801.687034,3552,231,0.010475,0.3281
17764000,1794.626389,3517,220,0.010516,0.3359
17766000,1800.057682,3534,210,0.009819,0.3047
17768000,1808.805170,3542,211,0.011000,0.2969
17770000,1822.918972,3530,253,0.009868,0.3047
17772000,1819.654635,3541,232,0.012843,0.2656
17774000,1813.747770,3544,235,0.012919,0.3047
17776000,1823.409944,3545,229,0.012834,0.3203
17778000,1822.382293,3527,222,0.011585,0.3281
17780000,1815.357084,3532,227,0.012232,0.2656
17782000,1808.203923,3498,240,0.011738,0.3438
17784000,1801.498498,3518,229,0.011067,0.3359
17786000,1801.491393,3507,233,0.011937,0.2891
17788000,1801.069068,3502,233,0.011387,0.2969
17790000,1768.162436,3501,228,0.016128,0.2969
17792000,1778.854374,3509,229,0.016567,0.3203
17794000,1789.639762,3505,234,0.018557,0.2578
17796000,1785.023350,3476,258,0.019554,0.4141
17798000,1786.726874,3481,242,0.021277,0.2812
17800000,1782.158368,3490,241,0.020553,0.4219
17802000,1769.557576,3530,232,0.020953,0.3203
17804000,1770.596521,3549,227,0.022431,0.2812
17806000,1794.661921,3549,214,0.022928,0.2656
17808000,1797.921786,3525,222,0.027167,0.2969
17810000,1781.742728,3523,247,0.025294,0.3594
17812000,1778.641715,3533,231,0.026433,0.2969
17814000,1780.132195,3538,238,0.027795,0.3125
17816000,1812.056399,3540,223,0.021095,0.4062
17818000,1820.714779,3538,229,0.018087,0.3047
17820000,1823.455697,3547,226,0.018049,0.4062
17822000,1824.398686,3517,236,0.018886,0.2266
17824000,1822.699030,3512,236,0.017368,0.3125
17826000,1824.264005,3511,250,0.014625,0.2891
17828000,1817.682042,3526,238,0.014045,0.3125
17830000,1823.152388,3559,238,0.016280,0.3203
17832000,1831.651056,3529,250,0.017799,0.2969
17834000,1823.010196,3558,225,0.016357,0.3438
17836000,1816.068026,3544,218,0.015470,0.2109
17838000,1811.915162,3548,217,0.017028,0.2969
17840000,1813.818356,3554,217,0.014939,0.2969
17842000,1818.432873,3534,227,0.018334,0.3203
17844000,1821.816844,3523,233,0.019484,0.3047
17846000,1810.279090,3512,235,0.015737,0.2812
17848000,1807.730727,3516,234,0.014995,0.3672
17850000,1809.262648,3521,228,0.015520,0.3047
17852000,1810.788566,3525,240,0.013194,0.2656
17854000,1825.241249,3537,231,0.017599,0.2500
17856000,1825.062499,3522,230,0.016565,0.2812
17858000,1827.839199,3527,230,0.018146,0.3438
17860000,1820.220354,3494,250,0.014882,0.3281
17862000,1816.362586,3471,241,0.015872,0.2578
17864000,1804.648593,3476,251,0.011360,0.3438
17866000,1821.599117,3503,232,0.011321,0.2500
17868000,1806.217341,3518,225,0.010054,0.3047
17870000,1815.393538,3528,234,0.010232,0.3125
17872000,1824.208317,3514,235,0.014376,0.3125
17874000,1813.021084,3519,236,0.012183,0.2969
17876000,1804.407926,3529,221,0.011833,0.2812
17878000,1794.676573,3524,236,0.009024,0.2891
17880000,1791.028820,3523,223,0.006039,0.2891
17882000,1780.219257,3503,226,0.006008,0.3359
17884000,1777.147520,3536,233,0.006326,0.3750
17886000,1800.798807,3526,236,0.005371,0.2734
17888000,1824.008777,3536,222,0.009508,0.3594
17890000,1816.500650,3495,239,0.010208,0.3828
17892000,1821.437424,3491,242,0.009709,0.3047
17894000,1824.961695,3496,237,0.009721,0.2969
17896000,1827.068311,3490,234,0.009617,0.2891
17898000,1833.424594,3487,243,0.009946,0.3203
17900000,1821.803388,3504,209,0.011926,0.2422
17902000,1811.786094,3494,207,0.011477,0.2734
17904000,1810.188516,3486,227,0.010685,0.3359
17906000,1809.168922,3461,230,0.012097,0.2969
17908000,1818.438068,3457,235,0.012024,0.2891
17910000,1819.928592,3453,244,0.012588,0.3750
17912000,1807.392922,3436,256,0.014055,0.3516
17914000,1817.085326,3422,269,0.014462,0.3750
17916000,1814.757692,3458,255,0.015582,0.3906
17918000,1856.536940,3434,258,0.022149,0.2266
17920000,1840.975282,3443,254,0.020316,0.3594
17922000,1861.262705,3436,260,0.026402,0.3125
17924000,1859.610394,3458,247,0.025859,0.2969
17926000,1857.048595,3487,222,0.025189,0.2812
17928000,1874.714697,3489,244,0.025829,0.3438
17930000,1863.252403,3495,225,0.026270,0.2656
17932000,1818.586839,3513,222,0.021339,0.2422
17934000,1787.695780,3481,244,0.022718,0.3750
17936000,1784.045853,3474,232,0.025124,0.3281
17938000,1791.423423,3490,228,0.023533,0.2500
17940000,1794.109572,3463,258,0.023132,0.2656
17942000,1804.765266,3454,257,0.024272,0.3281
17944000,1808.704711,3477,238,0.027112,0.2734
17946000,1809.895103,3463,242,0.027739,0.3438
17948000,1806.371448,3461,263,0.026582,0.2969
17950000,1822.021602,3460,262,0.022415,0.2344
17952000,1830.539684,3471,244,0.021485,0.3281
17954000,1795.890684,3469,257,0.020329,0.3438
17956000,1798.602504,3472,254,0.022416,0.3516
17958000,1797.847745,3462,253,0.022028,0.3281
17960000,1828.066883,3452,257,0.019962,0.3906
17962000,1826.821213,3482,235,0.022444,0.3750
17964000,1816.277882,3483,245,0.024117,0.3047
17966000,1811.506824,3448,264,0.023040,0.3750
17968000,1817.734761,3450,267,0.025488,0.3828
17970000,1832.378379,3469,244,0.031050,0.2891
17972000,1827.192879,3476,242,0.034514,0.3594
17974000,1811.576760,3477,237,0.036740,0.2734
17976000,1811.208257,3464,242,0.038981,0.2969
17978000,1813.092971,3451,243,0.036842,0.2656
17980000,1812.771248,3456,236,0.035163,0.3359
17982000,1839.675630,3446,232,0.037695,0.2656
17984000,1840.769317,3431,262,0.039361,0.2812
17986000,1820.641461,3432,257,0.037319,0.3125
17988000,1809.048827,3423,259,0.036048,0.4453
17990000,1823.837859,3443,236,0.036870,0.3750
17992000,1805.302973,3449,258,0.035404,0.2891
17994000,1806.144122,3465,256,0.030919,0.2656
17996000,1802.810032,3475,261,0.029698,0.3047
17998000,1808.017763,3478,244,0.030903,0.3203
18000000,1802.173431,3502,227,0.030016,0.2422
18002000,1805.305802,3473,234,0.031893,0.3281
18004000,1811.852999,3488,247,0.032525,0.2969
18006000,1825.957472,3479,255,0.035263,0.2734
18008000,1821.121275,3486,248,0.034143,0.3281
18010000,1815.003680,3527,220,0.031159,0.3203
18012000,1865.869750,3543,222,0.037832,0.3203
18014000,1842.406938,3532,229,0.039027,0.3125
18016000,1834.540690,3533,218,0.038951,0.3047
18018000,1858.232549,3541,226,0.038544,0.3125
18020000,1861.793782,3523,231,0.036564,0.3125
18022000,1857.343381,3522,242,0.037290,0.3438
18024000,1864.607991,3541,217,0.036445,0.3359
18026000,1871.487678,3518,220,0.038223,0.3203
18028000,1900.511566,3534,202,0.021010,0.3203
18030000,1915.676054,3527,229,0.024241,0.3047
18032000,1915.410751,3509,225,0.023142,0.2500
18034000,1911.155026,3509,221,0.021604,0.2578
18036000,1894.352410,3526,211,0.020302,0.2266
18038000,1909.672161,3557,212,0.023378,0.3516
18040000,1903.210578,3533,227,0.025073,0.3516
18042000,1902.300819,3521,232,0.026074,0.3828
18044000,1895.646172,3532,242,0.022780,0.3672
18046000,1881.823389,3569,195,0.019299,0.3359
18048000,1878.583738,3559,214,0.020737,0.2969
18050000,1898.837867,3539,222,0.016707,0.3125
18052000,1895.152875,3540,230,0.019730,0.2891
18054000,1903.364291,3522,229,0.020900,0.3359
18056000,1913.440749,3516,232,0.015452,0.2812
18058000,1905.508586,3487,246,0.011349,0.3203
18060000,1892.087336,3504,242,0.012475,0.2812
18062000,1890.801651,3513,225,0.012160,0.3594
18064000,1882.200119,3488,218,0.010470,0.3125
18066000,1891.653232,3481,222,0.013129,0.3438
18068000,1917.260331,3486,246,0.014427,0.3125
18070000,1932.947011,3504,232,0.011231,0.2891
18072000,1923.699466,3486,233,0.011060,0.2969
18074000,1897.848864,3472,255,0.006529,0.3281
18076000,1890.515700,3450,245,0.008076,0.2656
18078000,1879.641044,3438,251,0.007677,0.2969
18080000,1836.127931,3473,237,0.009174,0.2734
18082000,1829.594716,3517,228,0.009525,0.3516
18084000,1820.925387,3514,227,0.008939,0.2656
18086000,1799.811429,3526,224,0.008276,0.3047
18088000,1804.511322,3535,241,0.008254,0.3438
18090000,1787.165109,3552,230,0.006094,0.2734
18092000,1783.381173,3542,230,0.006953,0.2812
18094000,1791.568985,3521,233,0.006482,0.3906
18096000,1782.839328,3506,230,0.010655,0.3047
18098000,1784.227464,3531,196,0.010803,0.2891
18100000,1780.030482,3522,216,0.010203,0.2812
18102000,1779.416478,3526,220,0.009361,0.3125
18104000,1785.198935,3549,201,0.008590,0.2969
18106000,1790.201701,3529,208,0.008973,0.2344
18108000,1793.895833,3537,203,0.009971,0.3438
18110000,1787.710199,3534,214,0.007527,0.3047
18112000,1807.307946,3505,240,0.006979,0.2891
18114000,1829.137984,3513,241,0.007481,0.3594
18116000,1837.178531,3493,236,0.008148,0.2969
18118000,1841.940972,3467,247,0.006019,0.2422
18120000,1841.551305,3482,252,0.006202,0.3516
18122000,1849.282011,3447,263,0.005354,0.3906
18124000,1849.460455,3443,277,0.006375,0.3281
18126000,1866.873793,3401,297,0.004085,0.2578
18128000,1861.937850,3413,282,0.002400,0.3125
18130000,1893.566542,3430,265,0.007818,0.3594
18132000,1890.208570,3438,259,0.008601,0.3047
18134000,1893.117303,3489,247,0.008109,0.3359
18136000,1899.302994,3481,251,0.007604,0.3281
18138000,1898.400419,3469,250,0.007497,0.2578
18140000,1904.602864,3461,251,0.004747,0.2344
18142000,1890.122803,3472,247,0.004915,0.4375
18144000,1902.052596,3485,259,0.004968,0.2500
18146000,1904.104489,3477,267,0.004530,0.3750
18148000,1916.729170,3472,252,0.004333,0.3125
18150000,1918.932243,3469,224,0.004148,0.2344
18152000,1915.821781,3475,236,0.004334,0.3828
18154000,1921.939656,3505,219,0.005888,0.3047
18156000,1915.269765,3504,224,0.006384,0.3047
18158000,1925.323060,3519,226,0.006184,0.3047
18160000,1928.618885,3518,215,0.003949,0.2734
18162000,1921.195892,3533,233,0.003533,0.2578
18164000,1898.557704,3534,224,0.005307,0.2656
18166000,1900.566684,3533,219,0.003200,0.3281
18168000,1942.627097,3511,225,0.010571,0.3516
18170000,1947.337101,3512,239,0.008789,0.2812
18172000,1948.950932,3489,249,0.008689,0.3750
18174000,1936.437186,3517,235,0.008098,0.2812
18176000,1931.809171,3499,227,0.014739,0.2812
18178000,1931.301664,3511,245,0.014661,0.3359
18180000,1940.415772,3497,247,0.016149,0.3125
18182000,1911.049504,3462,255,0.022150,0.2812
18184000,1919.613601,3480,234,0.021168,0.3125
18186000,1915.662431,3483,224,0.022295,0.3281
18188000,1900.143188,3506,209,0.031100,0.3047
18190000,1905.149742,3504,206,0.037323,0.2969
18192000,1902.659283,3511,213,0.035522,0.3672
18194000,1912.627685,3517,245,0.039859,0.2812
18196000,1907.829727,3541,230,0.032699,0.3125
18198000,1907.794922,3546,231,0.031649,0.2891
18200000,1907.297998,3529,243,0.031858,0.4219
18202000,1902.780831,3523,239,0.034642,0.2656
18204000,1904.983876,3520,234,0.029684,0.3203
18206000,1892.848939,3532,214,0.025906,0.2656
18208000,1891.240849,3518,197,0.028604,0.2500
18210000,1894.377911,3518,192,0.025436,0.2578
18212000,1893.973059,3511,215,0.026112,0.2344
18214000,1884.583117,3507,228,0.028090,0.2656
18216000,1880.375093,3510,223,0.028435,0.3438
18218000,1879.913380,3500,235,0.025344,0.2812
18220000,1879.596846,3513,237,0.023632,0.3125
18222000,1880.388215,3527,228,0.022642,0.3359
18224000,1890.769639,3560,217,0.013454,0.2891
18226000,1896.886505,3552,214,0.012437,0.2344
18228000,1899.382028,3544,241,0.011097,0.2734
18230000,1898.331154,3523,234,0.010589,0.3047
18232000,1902.753898,3497,236,0.014767,0.2734
18234000,1877.397402,3493,237,0.018126,0.3125
18236000,1871.397042,3479,241,0.020574,0.3203
18238000,1874.895512,3494,238,0.021911,0.3359
18240000,1872.239909,3520,248,0.020703,0.3125
18242000,1864.967644,3527,236,0.019162,0.3672
18244000,1895.840469,3554,219,0.020492,0.3203
18246000,1898.224073,3548,227,0.021909,0.3906
18248000,1894.543675,3536,211,0.021880,0.3359
18250000,1884.103938,3558,219,0.027575,0.2812
18252000,1892.964362,3532,223,0.025312,0.2656
18254000,1894.275170,3534,216,0.023774,0.3281
18256000,1903.007160,3538,238,0.024590,0.2734
18258000,1898.357101,3551,217,0.028734,0.2891
18260000,1885.640068,3540,224,0.022250,0.2578
18262000,1883.335653,3559,233,0.021991,0.3828
18264000,1884.442756,3571,221,0.019911,0.2656
18266000,1854.268810,3527,219,0.015203,0.3516
18268000,1841.610357,3551,212,0.015403,0.2891
18270000,1824.601324,3538,232,0.022964,0.2578
18272000,1810.978637,3534,219,0.023151,0.2188
18274000,1822.269039,3527,227,0.027453,0.3125
18276000,1823.628131,3528,223,0.025613,0.3438
18278000,1796.784409,3507,245,0.024463,0.3047
18280000,1794.321597,3570,209,0.023998,0.3203
18282000,1833.815731,3557,213,0.022504,0.2969
18284000,1816.661381,3558,205,0.022132,0.2578
18286000,1814.073603,3557,212,0.023020,0.3359
18288000,1787.992231,3558,224,0.022465,0.2656
18290000,1795.690879,3552,222,0.021078,0.3047
18292000,1789.555447,3517,239,0.020731,0.2656
18294000,1790.471289,3526,239,0.017141,0.2969
18296000,1802.132100,3533,232,0.017815,0.3203
18298000,1807.071004,3521,221,0.017064,0.3203
18300000,1820.572356,3506,215,0.017843,0.3281
18302000,1815.855787,3497,233,0.014928,0.2891
18304000,1806.883651,3510,240,0.015994,0.2266
18306000,1806.707755,3533,225,0.016233,0.2969
18308000,1816.601331,3546,218,0.020619,0.2344
18310000,1806.220746,3558,206,0.016814,0.3203
18312000,1794.933786,3556,209,0.018946,0.3125
18314000,1798.811011,3600,201,0.018443,0.2891
18316000,1789.351818,3620,198,0.018832,0.2578
18318000,1801.817225,3593,213,0.020300,0.3438
18320000,1801.383408,3583,205,0.018346,0.3203
18322000,1780.273861,3596,198,0.017393,0.2266
18324000,1782.841228,3630,192,0.015043,0.3438
18326000,1803.052034,3625,202,0.015622,0.3594
18328000,1793.290125,3636,189,0.015483,0.2578
18330000,1780.154831,3623,194,0.016324,0.3125
18332000,1826.786913,3604,189,0.006832,0.2734
18334000,1831.246113,3611,203,0.023884,0.2656
18336000,1811.339647,3635,190,0.025736,0.2422
18338000,1814.347118,3605,205,0.022803,0.3359
18340000,1815.139022,3585,221,0.028593,0.3125
18342000,1827.572784,3533,240,0.027579,0.2891
18344000,1834.232730,3538,230,0.026677,0.2188
18346000,1828.306434,3558,233,0.025177,0.2891
18348000,1835.594239,3564,223,0.028734,0.2891
18350000,1853.910810,3580,217,0.029997,0.2812
18352000,1843.694164,3563,222,0.025742,0.3125
18354000,1880.255559,3560,237,0.026324,0.3047
18356000,1859.434997,3561,236,0.025629,0.3125
18358000,1852.364079,3588,209,0.027225,0.2891
18360000,1813.089527,3547,231,0.029613,0.2656
18362000,1811.665870,3564,225,0.026462,0.2812
18364000,1811.372634,3565,235,0.023898,0.3516
18366000,1799.383331,3526,238,0.023016,0.2891
18368000,1801.254759,3537,238,0.022891,0.3672
18370000,1782.631147,3534,238,0.025674,0.2578
18372000,1785.311652,3497,262,0.024685,0.3906
18374000,1770.556786,3517,251,0.027613,0.2969
18376000,1769.297299,3470,254,0.025311,0.2344
18378000,1770.333351,3478,251,0.023539,0.3125
18380000,1764.717412,3493,247,0.021393,0.2734
18382000,1755.143939,3499,241,0.018811,0.3828
18384000,1770.590978,3495,239,0.020652,0.3516
18386000,1776.767123,3509,233,0.021713,0.3359
18388000,1789.873425,3531,236,0.023271,0.3594
18390000,1809.108663,3518,231,0.023808,0.3359
18392000,1811.414401,3508,226,0.023681,0.3750
18394000,1813.650051,3491,237,0.026121,0.3516
18396000,1813.191278,3510,233,0.022308,0.3438
18398000,1800.858901,3503,249,0.022824,0.3203
18400000,1808.573717,3518,235,0.023425,0.2734
18402000,1801.611502,3541,244,0.022878,0.3672
18404000,1856.920069,3528,237,0.019021,0.3906
18406000,1876.566848,3509,240,0.020023,0.3516
18408000,1870.288883,3496,226,0.016545,0.3203
18410000,1846.671906,3513,227,0.017647,0.3359
18412000,1852.224760,3497,253,0.016501,0.3125
18414000,1864.860479,3513,244,0.016942,0.3203
18416000,1887.077351,3534,245,0.018654,0.2812
18418000,1890.768252,3553,228,0.019520,0.3828
18420000,1892.738406,3565,229,0.019203,0.3203
18422000,1909.433863,3552,220,0.024147,0.2422
18424000,1892.867692,3509,240,0.020148,0.3047
18426000,1895.901751,3524,241,0.018014,0.2969
18428000,1882.843853,3542,244,0.017526,0.2891
18430000,1889.367418,3520,238,0.020837,0.3672
18432000,1917.114809,3531,233,0.016835,0.2500
18434000,1912.979955,3506,245,0.017622,0.3672
18436000,1900.017525,3495,247,0.019227,0.2969
18438000,1907.792909,3528,250,0.016615,0.3438
18440000,1916.757327,3581,217,0.017677,0.3281
18442000,1921.085667,3543,231,0.015937,0.3828
18444000,1921.517401,3519,226,0.015986,0.2422
18446000,1911.592650,3536,237,0.016524,0.2891
18448000,1906.580757,3544,237,0.015704,0.3281
18450000,1900.194317,3559,221,0.012907,0.2578
18452000,1893.155666,3575,201,0.014155,0.2812
18454000,1906.212685,3581,213,0.013638,0.3438
18456000,1910.797851,3569,217,0.010664,0.2656
18458000,1906.598417,3563,230,0.012520,0.3438
18460000,1914.542877,3541,226,0.014066,0.3125
18462000,1916.390354,3542,228,0.013691,0.2578
18464000,1915.626559,3560,206,0.014838,0.2422
18466000,1909.259380,3560,203,0.015140,0.2969
18468000,1927.968793,3593,193,0.011057,0.2578
18470000,1922.617671,3584,196,0.011570,0.2500
18472000,1914.736264,3540,227,0.012664,0.2969
18474000,1919.023874,3537,216,0.010570,0.2656
18476000,1928.834831,3565,195,0.012063,0.2812
18478000,1921.889768,3541,214,0.013039,0.2812
18480000,1931.797880,3544,226,0.013512,0.3359
18482000,1921.351431,3568,213,0.015962,0.2812
18484000,1928.857175,3554,226,0.016196,0.2656
18486000,1918.313159,3537,224,0.015036,0.2656
18488000,1880.266746,3545,226,0.011316,0.2969
18490000,1885.183474,3533,236,0.004985,0.3047
18492000,1872.505045,3525,227,0.003141,0.3984
18494000,1860.682842,3536,241,0.004633,0.3438
18496000,1853.809137,3545,224,0.004563,0.3672
18498000,1855.748404,3531,248,0.004154,0.3828
18500000,1831.155473,3513,230,0.002805,0.3203
18502000,1831.033265,3523,205,0.003726,0.3125
18504000,1826.881695,3513,213,0.004694,0.2734
18506000,1819.651591,3488,238,0.004155,0.3516
18508000,1822.954307,3483,251,0.003802,0.3125
18510000,1840.843260,3491,246,0.003799,0.3359
18512000,1828.986138,3484,244,0.003593,0.3281
18514000,1839.216862,3511,226,0.001696,0.3594
18516000,1841.265624,3535,203,0.002284,0.2344
18518000,1836.783409,3531,226,0.004102,0.2891
18520000,1848.315268,3557,206,0.004258,0.2812
18522000,1830.145098,3524,227,0.003144,0.3906
18524000,1837.638656,3504,241,0.002146,0.3203
18526000,1830.835118,3497,243,0.003005,0.2500
18528000,1840.574572,3504,218,0.002638,0.3203
18530000,1825.634090,3501,231,0.002256,0.2969
18532000,1845.190416,3516,225,0.001992,0.2812
18534000,1854.683553,3496,241,0.002019,0.3984
18536000,1862.180391,3489,238,0.002642,0.3516
18538000,1857.585450,3511,219,0.002976,0.2812
18540000,1849.084684,3492,225,0.003539,0.2656
18542000,1834.596063,3478,249,0.001957,0.3906
18544000,1836.697738,3465,256,0.004073,0.3125
18546000,1821.384419,3504,221,0.003618,0.3516
18548000,1855.211012,3526,225,0.004492,0.3359
18550000,1854.516479,3511,224,0.005310,0.3047
18552000,1842.033420,3496,227,0.006972,0.2422
18554000,1856.558024,3499,235,0.008510,0.2812
18556000,1855.077242,3493,244,0.007476,0.2969
18558000,1857.904549,3508,225,0.008110,0.3281
18560000,1848.766528,3542,209,0.008929,0.3203
18562000,1857.051566,3554,210,0.011208,0.2500
18564000,1891.904389,3555,205,0.013334,0.3359
18566000,1887.368913,3553,206,0.012501,0.2500
18568000,1884.014388,3541,221,0.011825,0.2656
18570000,1854.533525,3541,211,0.017598,0.3125
18572000,1854.853086,3557,223,0.017673,0.2422
18574000,1859.901804,3578,209,0.020181,0.2500
18576000,1855.393445,3563,210,0.021419,0.3125
18578000,1870.608629,3597,211,0.020574,0.3047
18580000,1890.488019,3570,224,0.021116,0.2812
18582000,1882.098172,3570,221,0.017695,0.3516
18584000,1882.308181,3570,216,0.019629,0.3906
18586000,1899.381011,3565,206,0.016047,0.3438
18588000,1907.782160,3559,202,0.015752,0.3203
18590000,1911.162992,3581,205,0.017842,0.2188
18592000,1924.672243,3589,213,0.021620,0.2891
18594000,1918.977337,3588,218,0.020122,0.2969
18596000,1890.460176,3537,239,0.023714,0.3047
18598000,1877.812792,3524,215,0.023527,0.3594
18600000,1889.628061,3553,209,0.025146,0.2969
18602000,1880.387286,3550,193,0.020880,0.2422
18604000,1875.257857,3528,209,0.019804,0.2578
18606000,1893.866610,3507,222,0.018259,0.2812
18608000,1887.240509,3514,217,0.016869,0.3125
18610000,1902.837228,3507,229,0.022611,0.2578
18612000,1903.282487,3503,252,0.021800,0.3203
18614000,1903.205476,3506,247,0.024511,0.3594
18616000,1907.249614,3506,235,0.025640,0.2812
18618000,1913.252264,3513,240,0.023960,0.3125
18620000,1899.063444,3535,229,0.019014,0.2969
18622000,1895.735431,3534,240,0.019420,0.3047
18624000,1907.961783,3528,258,0.020281,0.2891
18626000,1890.498897,3536,251,0.017015,0.4062
18628000,1900.467821,3520,253,0.015102,0.3281
18630000,1895.415806,3518,257,0.016639,0.3672
18632000,1901.040323,3547,233,0.017069,0.2578
18634000,1920.295130,3554,240,0.019470,0.2578
18636000,1866.601393,3566,229,0.021181,0.3438
18638000,1859.187739,3567,216,0.021083,0.2734
18640000,1852.035700,3574,207,0.018399,0.2500
18642000,1844.485850,3568,214,0.019155,0.2344
18644000,1846.797739,3539,247,0.019694,0.3281
18646000,1842.018327,3562,226,0.018895,0.3984
18648000,1844.146923,3551,244,0.019265,0.2422
18650000,1828.800717,3510,246,0.018952,0.3203
18652000,1834.031633,3530,249,0.020912,0.3203
18654000,1830.507599,3508,263,0.018195,0.3359
18656000,1829.415961,3530,244,0.020017,0.3125
18658000,1840.996395,3532,218,0.019144,0.2891
18660000,1856.428111,3533,222,0.019617,0.3750
18662000,1863.699257,3495,238,0.016563,0.3203
18664000,1861.053618,3507,224,0.008500,0.2734
18666000,1873.675491,3498,235,0.007375,0.2969
18668000,1877.797613,3529,212,0.009664,0.3203
18670000,1863.695131,3561,201,0.007736,0.2812
18672000,1866.061101,3553,229,0.006179,0.2891
18674000,1877.916471,3575,218,0.006309,0.2422
18676000,1896.634926,3555,226,0.006736,0.2578
18678000,1903.342056,3554,224,0.008185,0.3750
18680000,1898.213381,3553,237,0.006377,0.2812
18682000,1896.642237,3567,235,0.006079,0.3047
18684000,1891.946428,3592,204,0.005715,0.2344
18686000,1905.905166,3585,212,0.005377,0.2969
18688000,1895.731971,3582,211,0.005058,0.2500
18690000,1883.048784,3571,209,0.005675,0.2656
18692000,1874.674600,3552,213,0.004572,0.2891
18694000,1862.905677,3551,198,0.004462,0.2344
18696000,1856.823161,3565,197,0.004091,0.2656
18698000,1858.496846,3593,204,0.002867,0.3750
18700000,1857.426577,3610,181,0.002435,0.2188
18702000,1880.824406,3571,199,0.004991,0.2812
18704000,1887.397286,3546,215,0.006713,0.3594
18706000,1882.506892,3539,200,0.008441,0.3047
18708000,1882.069194,3553,204,0.009973,0.2969
18710000,1866.198053,3541,222,0.008729,0.3984
18712000,1874.174011,3535,224,0.009303,0.2422
18714000,1866.711407,3544,231,0.008898,0.2812
18716000,1866.907339,3519,250,0.009395,0.2812
18718000,1884.220403,3535,241,0.006742,0.2578
18720000,1895.132634,3515,252,0.007792,0.3125
18722000,1889.312666,3525,248,0.005494,0.3828
18724000,1880.615253,3522,233,0.006151,0.3203
18726000,1879.782043,3526,220,0.005557,0.2891
18728000,1986.047620,3530,225,0.000722,0.2734
18730000,1996.341377,3532,228,0.000651,0.3906
18732000,2005.200050,3514,221,0.000687,0.2812
18734000,2011.921989,3518,235,0.000902,0.3594
18736000,2011.922700,3509,232,0.001207,0.3281
18738000,2008.183761,3481,241,0.000802,0.3203
18740000,2018.239914,3482,235,0.000672,0.2969
18742000,2018.023187,3501,220,0.000874,0.3125
18744000,2022.470956,3506,234,0.000869,0.2812
18746000,2013.205841,3506,251,0.005163,0.3281
18748000,2002.034439,3498,237,0.003503,0.1953
18750000,1994.599431,3511,244,0.004707,0.2891
18752000,2007.847591,3494,252,0.003876,0.3594
18754000,2007.284076,3514,241,0.003966,0.2656
18756000,2004.735767,3529,254,0.003660,0.3594
18758000,2011.736485,3522,245,0.004160,0.3203
18760000,2007.587613,3512,239,0.004229,0.2812
18762000,2009.502637,3542,212,0.004051,0.3203
18764000,2011.341488,3542,205,0.003323,0.2422
18766000,1951.093765,3543,204,0.007428,0.3750
18768000,1958.537028,3549,218,0.009936,0.3750
18770000,1963.258690,3559,227,0.009149,0.2969
18772000,1968.974521,3554,216,0.010463,0.2969
18774000,1975.130576,3552,225,0.012177,0.2812
18776000,1953.713471,3545,239,0.011099,0.3750
18778000,1969.003902,3525,244,0.010136,0.3984
18780000,1957.841800,3523,245,0.009284,0.3594
18782000,1953.346283,3540,242,0.008169,0.3125
18784000,1945.261270,3538,256,0.007635,0.3359
18786000,1932.759335,3540,249,0.007423,0.3828
18788000,1927.617572,3543,230,0.005671,0.2969
18790000,1929.566931,3598,200,0.005039,0.2266
18792000,1941.026915,3613,185,0.006048,0.3594
18794000,1951.182743,3607,185,0.005989,0.2812
18796000,1918.229581,3612,204,0.003943,0.3047
18798000,1933.451266,3578,208,0.003893,0.2969
18800000,1941.121288,3543,210,0.003562,0.3672
18802000,1940.759117,3557,210,0.003893,0.3125
18804000,1932.125635,3566,205,0.002841,0.2891
18806000,1928.103068,3565,203,0.003879,0.3047
18808000,1920.530306,3553,213,0.004688,0.3359
18810000,1941.509577,3556,224,0.003906,0.2734
18812000,1962.485996,3561,219,0.002634,0.3516
18814000,1970.325477,3576,214,0.003787,0.2734
18816000,1969.355891,3586,221,0.003484,0.2422
18818000,1974.095410,3601,214,0.003413,0.2891
18820000,1977.677874,3603,208,0.003601,0.1953
18822000,1962.829144,3614,210,0.003668,0.2422
18824000,1945.214957,3609,210,0.002951,0.3672
18826000,1941.975097,3606,219,0.002450,0.3047
18828000,1943.141379,3603,207,0.002682,0.2891
18830000,1926.614409,3567,221,0.003148,0.1953
18832000,1935.871166,3575,208,0.003405,0.3359
18834000,1931.146199,3562,219,0.002646,0.3281
18836000,1929.528824,3582,202,0.002917,0.2812
18838000,1894.985188,3602,205,0.003788,0.2500
18840000,1915.497652,3624,199,0.003002,0.3047
18842000,1907.332655,3615,205,0.004993,0.3359
18844000,1897.860117,3587,200,0.004408,0.2812
18846000,1878.746273,3585,218,0.005119,0.3672
18848000,1881.552845,3559,223,0.006255,0.3516
18850000,1883.639960,3535,236,0.004608,0.3125
18852000,1894.481762,3545,232,0.004362,0.3125
18854000,1907.731401,3526,232,0.005555,0.3438
18856000,1919.079128,3522,242,0.005893,0.3906
18858000,1927.865128,3537,239,0.007042,0.3438
18860000,1957.998088,3551,219,0.004126,0.2734
18862000,1967.177732,3560,231,0.004941,0.3750
18864000,1972.172965,3542,239,0.004874,0.3516
18866000,1978.879797,3545,231,0.005065,0.2969
18868000,1949.088900,3586,202,0.005003,0.3203
18870000,1955.894138,3608,196,0.004838,0.3047
18872000,1950.724429,3624,195,0.003913,0.2344
18874000,1938.085302,3646,187,0.004225,0.2188
18876000,1959.291663,3639,190,0.004692,0.2344
18878000,1968.428892,3633,198,0.004182,0.2812
18880000,1952.312371,3652,200,0.004439,0.3516
18882000,1949.088723,3650,193,0.004985,0.2031
18884000,1948.825439,3645,200,0.003727,0.2656
18886000,1950.656716,3644,198,0.002985,0.2891
18888000,1947.464088,3606,206,0.002750,0.2812
18890000,1938.193285,3571,220,0.003191,0.3281
18892000,1930.871135,3575,212,0.003799,0.2812
18894000,1931.486824,3568,224,0.003898,0.3984
18896000,1928.183931,3586,223,0.002911,0.3438
18898000,1939.967813,3568,221,0.003288,0.3203
18900000,1952.521757,3613,189,0.002938,0.3281
18902000,1938.878453,3604,191,0.003270,0.2266
18904000,1935.957065,3583,203,0.002224,0.2656
18906000,1947.321570,3576,213,0.001988,0.2969
18908000,1943.435236,3571,204,0.001842,0.3359
18910000,1922.430801,3561,208,0.000795,0.2500
18912000,1920.713916,3562,220,0.000531,0.3281
18914000,1922.734827,3583,227,0.000209,0.3359
18916000,1928.242240,3601,213,0.000221,0.3203
18918000,1937.558426,3603,204,0.000340,0.2344
18920000,1930.502792,3620,196,0.000840,0.3047
18922000,1931.740563,3600,207,0.000752,0.2500
18924000,1943.065367,3581,217,0.000932,0.3047
18926000,1945.766978,3600,220,0.000602,0.2734
18928000,1936.393292,3597,219,0.000359,0.2891
18930000,1929.863727,3587,227,0.000382,0.2891
18932000,1933.315205,3593,227,0.000396,0.2578
18934000,1942.379085,3592,214,0.000410,0.3047
18936000,1942.979598,3577,218,0.000122,0.2656
18938000,1950.120849,3558,233,0.000227,0.3125
18940000,1936.259483,3544,221,0.000029,0.3594
18942000,1914.434992,3537,210,0.000743,0.2578
18944000,1895.771388,3531,205,0.000461,0.2422
18946000,1906.040528,3527,205,0.000169,0.2969
18948000,1932.494877,3533,210,0.005674,0.3516
18950000,1928.426756,3528,228,0.006190,0.3047
18952000,1921.540235,3526,230,0.005085,0.3594
18954000,1912.003767,3551,217,0.005601,0.2656
18956000,1919.899164,3564,221,0.007161,0.3125
18958000,1911.163708,3562,229,0.007072,0.3047
18960000,1891.669169,3573,229,0.003485,0.3359
18962000,1903.862177,3577,209,0.002688,0.2734
18964000,1889.195064,3574,216,0.003164,0.3203
18966000,1882.265289,3575,218,0.004330,0.2969
18968000,1877.489164,3589,210,0.004078,0.2656
18970000,1875.216576,3603,208,0.004538,0.2891
18972000,1879.349034,3576,220,0.006775,0.2266
18974000,1874.079722,3581,228,0.007324,0.2578
18976000,1888.198572,3575,226,0.005426,0.3125
18978000,1874.744821,3587,222,0.005707,0.3125
18980000,1858.181672,3567,227,0.005117,0.2578
18982000,1847.148749,3519,237,0.003604,0.3750
18984000,1825.121064,3490,242,0.003205,0.2812
18986000,1822.986797,3519,233,0.003364,0.2812
18988000,1834.220713,3530,222,0.004431,0.2969
18990000,1843.595924,3544,215,0.004640,0.3359
18992000,1848.174611,3535,225,0.004144,0.2812
18994000,1855.515175,3521,240,0.007153,0.2891
18996000,1848.802548,3502,233,0.007276,0.3906
18998000,1851.299301,3518,226,0.006763,0.3203
19000000,1839.138312,3497,226,0.006749,0.2344
19002000,1842.583146,3512,219,0.006032,0.3047
19004000,1846.850991,3487,253,0.005499,0.3594
19006000,1857.349274,3461,251,0.005534,0.3281
19008000,1861.268318,3469,243,0.007735,0.3281
19010000,1857.868474,3484,230,0.008488,0.3359
19012000,1859.598996,3488,222,0.010516,0.2969
19014000,1855.680586,3495,235,0.009739,0.3438
19016000,1847.465414,3504,238,0.009961,0.2812
19018000,1887.103004,3485,230,0.012013,0.4062
19020000,1878.946835,3492,235,0.014164,0.2969
19022000,1872.902234,3503,210,0.013998,0.3047
19024000,1883.829618,3505,231,0.013825,0.3672
19026000,1873.843919,3504,232,0.011000,0.2344
19028000,1878.312593,3476,257,0.011555,0.3281
19030000,1896.176567,3481,244,0.012273,0.3203
19032000,1877.290219,3492,266,0.011925,0.3281
19034000,1881.831511,3495,269,0.011922,0.3047
19036000,1867.390765,3517,239,0.012610,0.3203
19038000,1869.283402,3510,228,0.012054,0.3359
19040000,1869.783714,3488,234,0.016476,0.3203
19042000,1858.079371,3501,225,0.018967,0.2812
19044000,1847.708276,3493,227,0.016155,0.2812
19046000,1848.272360,3495,239,0.014863,0.3828
19048000,1853.786022,3490,250,0.016994,0.2344
19050000,1850.873895,3495,236,0.017786,0.2969
19052000,1839.225454,3516,235,0.012954,0.3203
19054000,1836.459305,3523,215,0.012895,0.2109
19056000,1831.747015,3492,219,0.015254,0.3281
19058000,1842.266860,3484,212,0.014002,0.3125
19060000,1842.072652,3503,218,0.011456,0.3750
19062000,1846.482986,3496,214,0.012812,0.3438
19064000,1844.953185,3511,201,0.011651,0.3281
19066000,1835.104850,3519,207,0.008431,0.2656
19068000,1836.191666,3536,207,0.008510,0.2656
19070000,1816.321701,3498,228,0.006838,0.3125
19072000,1812.043620,3503,209,0.006067,0.3594
19074000,1807.494247,3508,209,0.006860,0.2734
19076000,1854.122571,3514,214,0.012109,0.3828
19078000,1838.243218,3526,236,0.012863,0.3438
19080000,1837.863058,3514,228,0.016115,0.3125
19082000,1844.799121,3530,205,0.016235,0.2500
19084000,1851.218707,3528,208,0.015740,0.2188
19086000,1846.846607,3505,215,0.015999,0.2812
19088000,1831.084947,3514,222,0.011588,0.3281
19090000,1845.716952,3541,223,0.012364,0.3281
19092000,1838.484109,3540,222,0.012818,0.3125
19094000,1815.057685,3530,224,0.010805,0.3359
19096000,1812.396433,3536,221,0.011144,0.3203
19098000,1808.356593,3537,212,0.016054,0.3125
19100000,1816.403515,3546,210,0.017823,0.2578
19102000,1810.794818,3526,222,0.016281,0.2969
19104000,1815.040864,3537,213,0.015315,0.3281
19106000,1806.094534,3531,203,0.018049,0.2812
19108000,1811.922017,3520,215,0.015380,0.2031
19110000,1817.213474,3517,217,0.016513,0.3438
19112000,1806.830178,3482,256,0.017323,0.3750
19114000,1802.643778,3486,229,0.019573,0.3672
19116000,1804.217706,3504,234,0.020635,0.3828
19118000,1804.855692,3516,229,0.019337,0.3359
19120000,1812.656318,3534,234,0.019320,0.2578
19122000,1822.824208,3508,234,0.019160,0.2188
19124000,1830.026229,3500,228,0.020756,0.3125
19126000,1819.379424,3486,235,0.020309,0.3359
19128000,1817.710814,3494,236,0.020349,0.3047
19130000,1808.541542,3495,232,0.019010,0.3203
19132000,1808.527984,3497,222,0.020214,0.3984
19134000,1815.762046,3511,218,0.021072,0.2734
19136000,1819.021547,3492,231,0.022663,0.3125
19138000,1819.007791,3527,214,0.018857,0.2891
19140000,1841.788961,3553,193,0.014277,0.2656
19142000,1847.670797,3524,220,0.014401,0.3203
19144000,1833.215060,3531,212,0.012369,0.3594
19146000,1811.541817,3547,225,0.012495,0.3281
19148000,1812.922357,3552,220,0.014352,0.3594
19150000,1821.131199,3532,223,0.014607,0.3125
19152000,1760.397463,3521,231,0.006918,0.3125
19154000,1758.398566,3512,220,0.005221,0.2812
19156000,1761.744586,3504,235,0.006003,0.3438
19158000,1773.031475,3493,252,0.006295,0.3047
19160000,1768.581367,3488,252,0.006408,0.2734
19162000,1776.890119,3482,251,0.005426,0.3438
19164000,1804.096594,3498,239,0.006941,0.2812
19166000,1780.146080,3468,265,0.007328,0.3203
19168000,1770.505471,3488,256,0.005646,0.3203
19170000,1777.715113,3519,243,0.006622,0.3125
19172000,1763.758493,3527,224,0.006295,0.2812
19174000,1752.499370,3504,225,0.005482,0.3359
19176000,1845.507178,3495,229,0.016226,0.3359
19178000,1846.400412,3486,234,0.018136,0.2734
19180000,1834.779228,3486,219,0.016511,0.3125
19182000,1854.006801,3486,222,0.018482,0.3203
19184000,1846.236217,3493,235,0.018764,0.2578
19186000,1840.683951,3530,208,0.016577,0.3281
19188000,1846.240272,3546,219,0.016541,0.3359
19190000,1830.728394,3521,229,0.017241,0.3203
19192000,1822.516891,3514,210,0.013993,0.4297
19194000,1809.761875,3534,220,0.013373,0.2969
19196000,1808.616595,3517,225,0.006003,0.2422
19198000,1817.690833,3518,226,0.005690,0.2812
19200000,1804.336406,3492,245,0.005576,0.2969
19202000,1800.794642,3520,235,0.005014,0.3203
19204000,1778.745886,3519,223,0.004680,0.2969
19206000,1791.922300,3505,243,0.004918,0.3281
19208000,1788.715208,3508,233,0.005697,0.3359
19210000,1798.710530,3515,231,0.005519,0.4062
19212000,1799.318484,3550,220,0.006369,0.2891
19214000,1801.932075,3552,230,0.007709,0.3047
19216000,1806.686580,3536,217,0.007461,0.2891
19218000,1800.014772,3547,207,0.033900,0.2656
19220000,1772.814320,3503,250,0.033909,0.2969
19222000,1790.414675,3540,241,0.032541,0.3125
19224000,1767.296394,3522,246,0.031855,0.2812
19226000,1774.430942,3534,217,0.029858,0.3438
19228000,1765.320016,3524,235,0.029764,0.3047
19230000,1779.955003,3507,234,0.029599,0.2969
19232000,1768.815716,3492,243,0.029150,0.3750
19234000,1755.318806,3492,254,0.028910,0.2656
19236000,1769.199156,3518,237,0.032520,0.2969
19238000,1753.653892,3544,217,0.030615,0.3281
19240000,1760.942635,3543,223,0.033474,0.3203
19242000,1769.171129,3527,230,0.033796,0.3359
19244000,1815.231745,3507,215,0.025382,0.2344
19246000,1813.450366,3524,223,0.025711,0.2656
19248000,1817.939769,3515,230,0.024909,0.3125
19250000,1824.979888,3523,227,0.026660,0.2422
19252000,1833.709777,3551,209,0.025219,0.2734
19254000,1825.770292,3532,202,0.024374,0.3125
19256000,1821.813123,3524,211,0.025258,0.3047
19258000,1831.373659,3514,209,0.025193,0.2969
19260000,1832.762014,3515,220,0.024343,0.3594
19262000,1833.434516,3537,214,0.025276,0.2969
19264000,1837.058446,3533,222,0.025632,0.2578
19266000,1824.009685,3533,225,0.030006,0.2578
19268000,1817.023638,3510,238,0.029719,0.2266
19270000,1806.771719,3516,233,0.027434,0.4297
19272000,1796.670322,3559,220,0.027778,0.2656
19274000,1785.814244,3545,241,0.026092,0.3438
19276000,1801.162966,3547,223,0.027868,0.2969
19278000,1810.318336,3543,229,0.028197,0.2734
19280000,1805.370006,3533,241,0.026717,0.3594
19282000,1773.785611,3540,232,0.031694,0.3125
19284000,1765.389544,3531,226,0.043305,0.2891
19286000,1758.946399,3523,233,0.042135,0.2500
19288000,1747.743392,3542,213,0.041394,0.3125
19290000,1751.316976,3528,222,0.042167,0.2734
19292000,1754.411461,3510,208,0.040204,0.2891
19294000,1739.686901,3522,205,0.042453,0.3203
19296000,1737.354151,3510,239,0.040094,0.2500
19298000,1753.901883,3534,220,0.039758,0.3047
19300000,1751.984486,3525,231,0.043310,0.3203
19302000,1753.421634,3536,233,0.036995,0.2812
19304000,1773.880759,3519,238,0.020563,0.3828
19306000,1782.308013,3509,230,0.020733,0.3594
19308000,1796.413522,3529,226,0.021182,0.3125
19310000,1786.248916,3535,218,0.018597,0.3203
19312000,1781.370346,3538,218,0.019684,0.2812
19314000,1775.967386,3533,221,0.020567,0.2891
19316000,1787.015054,3561,211,0.023146,0.3125
19318000,1775.009999,3559,226,0.021465,0.2891
19320000,1778.708475,3557,225,0.020062,0.3125
19322000,1773.020389,3552,230,0.019700,0.2656
19324000,1773.378133,3531,227,0.016797,0.2969
19326000,1816.509564,3541,225,0.005815,0.2969
19328000,1830.408308,3532,237,0.004340,0.3906
19330000,1840.582421,3529,242,0.004926,0.2656
19332000,1820.557015,3531,237,0.004749,0.2500
19334000,1812.450288,3548,235,0.006060,0.3516
19336000,1802.878377,3536,242,0.006421,0.3594
19338000,1805.466289,3576,223,0.006377,0.3047
19340000,1802.845212,3570,226,0.006135,0.3516
19342000,1790.282931,3540,233,0.013897,0.2500
19344000,1782.440325,3519,225,0.011456,0.3047
19346000,1771.806311,3497,235,0.012823,0.3047
19348000,1770.212990,3474,239,0.012711,0.3359
19350000,1760.061591,3473,233,0.011144,0.2891
19352000,1769.381367,3485,221,0.011026,0.2969
19354000,1761.408552,3476,231,0.009742,0.3125
19356000,1760.578245,3492,236,0.007703,0.2812
19358000,1758.725774,3489,222,0.008101,0.2734
19360000,1752.217466,3509,225,0.007929,0.3828
19362000,1763.738595,3486,238,0.008737,0.3672
19364000,1753.305489,3449,238,0.010900,0.3047
19366000,1757.482317,3473,239,0.012504,0.3125
19368000,1721.069207,3456,243,0.020478,0.3125
19370000,1732.704186,3451,254,0.016841,0.2656
19372000,1729.547712,3456,257,0.018576,0.2812
19374000,1739.049377,3479,236,0.020932,0.2812
19376000,1741.219917,3513,210,0.019657,0.2734
19378000,1736.250671,3524,229,0.021074,0.3750
19380000,1752.173394,3539,214,0.026894,0.3203
19382000,1746.615242,3561,214,0.025519,0.2188
19384000,1736.037085,3526,230,0.027139,0.3828
19386000,1743.847703,3499,252,0.019357,0.2969
19388000,1739.179639,3478,267,0.020329,0.3359
19390000,1736.072111,3500,275,0.019842,0.3047
19392000,1744.414946,3489,239,0.020119,0.3281
19394000,1750.755264,3500,239,0.018907,0.2969
19396000,1750.227087,3523,231,0.019308,0.2969
19398000,1763.093459,3507,236,0.017122,0.3047
19400000,1765.015378,3495,230,0.018353,0.3750
19402000,1789.210073,3489,229,0.021368,0.3359
19404000,1796.533489,3505,224,0.021544,0.3594
19406000,1793.005799,3484,238,0.023241,0.3125
19408000,1788.762197,3512,237,0.022018,0.3125
19410000,1791.937418,3493,256,0.022658,0.3125
19412000,1792.274623,3514,228,0.020425,0.3203
19414000,1787.362239,3497,221,0.019442,0.3828
19416000,1795.398317,3536,209,0.022705,0.3203
19418000,1780.388716,3530,218,0.020966,0.2422
19420000,1767.307866,3530,217,0.024328,0.3281
19422000,1764.940783,3531,212,0.025790,0.3047
19424000,1757.662772,3543,220,0.029004,0.3125
19426000,1748.636935,3523,227,0.027284,0.3516
19428000,1749.542125,3516,240,0.026994,0.3438
19430000,1752.220489,3522,221,0.028199,0.3438
19432000,1745.138244,3514,232,0.023336,0.2188
19434000,1752.261858,3504,235,0.028058,0.2578
19436000,1772.901939,3493,235,0.032312,0.3359
19438000,1747.719897,3510,222,0.028880,0.2891
19440000,1754.631697,3510,210,0.031035,0.2422
19442000,1756.720655,3529,216,0.029549,0.3828
19444000,1742.811235,3495,221,0.030501,0.2969
19446000,1752.644144,3485,234,0.030682,0.3125
19448000,1747.594190,3482,237,0.029843,0.3516
19450000,1738.127674,3475,234,0.029363,0.3047
19452000,1738.463704,3502,241,0.026164,0.3203
19454000,1740.272609,3499,229,0.025649,0.2891
19456000,1752.230710,3460,227,0.026179,0.3125
19458000,1737.879271,3467,240,0.025269,0.2969
19460000,1742.086169,3476,233,0.026107,0.3906
19462000,1737.978872,3482,229,0.023445,0.2422
19464000,1743.745369,3467,235,0.023559,0.3047
19466000,1727.026739,3472,240,0.019221,0.3281
19468000,1719.500629,3467,265,0.020218,0.2969
19470000,1757.872164,3516,210,0.015184,0.2109
19472000,1769.829130,3519,219,0.015894,0.3125
19474000,1774.182223,3510,236,0.014603,0.2969
19476000,1766.592106,3508,242,0.017379,0.3438
19478000,1780.622952,3500,240,0.015897,0.1953
19480000,1803.155328,3483,251,0.018152,0.3906
19482000,1788.364561,3496,239,0.012834,0.2578
19484000,1779.158575,3509,221,0.011973,0.3438
19486000,1782.402033,3521,207,0.012175,0.2891
19488000,1780.967699,3534,210,0.011940,0.3516
19490000,1787.085618,3562,200,0.010555,0.3438
19492000,1774.377330,3543,207,0.010854,0.2656
19494000,1777.118102,3553,221,0.012192,0.2500
19496000,1760.333087,3539,230,0.007902,0.2656
19498000,1764.960793,3533,239,0.008621,0.2734
19500000,1742.859068,3543,230,0.009754,0.3281
19502000,1737.483676,3530,214,0.010168,0.3359
19504000,1753.091808,3559,212,0.006758,0.2734
19506000,1734.831972,3568,214,0.007818,0.2969
19508000,1739.839250,3589,191,0.009986,0.3125
19510000,1733.397517,3546,198,0.008798,0.2734
19512000,1729.083760,3537,198,0.018236,0.2812
19514000,1751.434135,3546,214,0.019427,0.3359
19516000,1745.738600,3534,220,0.016565,0.3203
19518000,1749.446205,3540,230,0.020457,0.3828
19520000,1767.325480,3522,221,0.020899,0.3438
19522000,1771.333859,3555,210,0.019584,0.2891
19524000,1781.307441,3543,214,0.020333,0.2812
19526000,1777.541038,3538,213,0.020385,0.2891
19528000,1777.403741,3574,185,0.022600,0.2812
19530000,1793.053692,3542,238,0.020232,0.3125
19532000,1811.250947,3574,218,0.024219,0.2500
19534000,1810.245667,3566,211,0.024145,0.2734
19536000,1812.353746,3567,216,0.025451,0.2734
19538000,1789.549489,3539,208,0.024046,0.3984
19540000,1778.172172,3547,206,0.022553,0.3203
19542000,1787.139624,3563,195,0.021994,0.2969
19544000,1787.103186,3552,192,0.022075,0.2500
19546000,1772.651451,3520,225,0.026436,0.3281
19548000,1740.361951,3521,205,0.022421,0.3047
19550000,1734.120898,3475,213,0.023150,0.3438
19552000,1736.173983,3454,233,0.022667,0.3203
19554000,1743.231820,3445,250,0.019346,0.3750
19556000,1740.347597,3458,231,0.019118,0.3438
19558000,1732.588462,3452,243,0.020820,0.2969
19560000,1740.776788,3474,246,0.018602,0.3281
19562000,1723.047916,3451,251,0.020546,0.3047
19564000,1723.325551,3508,254,0.021751,0.2812
19566000,1742.368492,3508,238,0.017033,0.3984
19568000,1730.160753,3523,226,0.020174,0.2656
19570000,1734.725683,3520,216,0.021812,0.2344
19572000,1736.044253,3506,233,0.017889,0.2812
19574000,1739.883343,3493,228,0.015250,0.3438
19576000,1718.877526,3483,245,0.006766,0.2891
19578000,1746.836283,3500,254,0.007813,0.4141
19580000,1763.700515,3490,250,0.004584,0.3203
19582000,1766.031648,3476,238,0.004278,0.2969
19584000,1753.323061,3488,239,0.002040,0.3516
19586000,1752.026142,3456,250,0.001877,0.3281
19588000,1751.554174,3459,252,0.001883,0.2734
19590000,1753.661253,3472,255,0.002790,0.3516
19592000,1762.136468,3484,258,0.002196,0.3438
19594000,1759.518233,3493,250,0.001836,0.3594
19596000,1767.198685,3497,250,0.003438,0.2578
19598000,1762.358389,3481,247,0.003611,0.2656
19600000,1760.005760,3486,247,0.004806,0.3047
19602000,1748.809922,3489,235,0.003306,0.3047
19604000,1747.168234,3480,267,0.004603,0.3438
19606000,1742.786034,3505,258,0.004146,0.3906
19608000,1750.208750,3533,232,0.004495,0.3281
19610000,1751.932153,3563,218,0.003855,0.2812
19612000,1756.077050,3554,205,0.004310,0.2969
19614000,1748.023802,3530,215,0.005962,0.3203
19616000,1751.129600,3504,227,0.005013,0.2969
19618000,1765.212535,3500,214,0.004068,0.3125
19620000,1763.130309,3494,210,0.001941,0.3438
19622000,1747.754906,3474,227,0.002455,0.3438
19624000,1737.766992,3468,236,0.003026,0.3047
19626000,1742.716526,3477,243,0.001948,0.2812
19628000,1752.664721,3500,238,0.002097,0.3125
19630000,1735.017464,3493,234,0.002442,0.2969
19632000,1734.681836,3500,234,0.002872,0.3125
19634000,1728.804886,3497,236,0.003310,0.3281
19636000,1732.820690,3500,247,0.005018,0.2656
19638000,1727.668844,3480,242,0.004435,0.3203
19640000,1737.124782,3508,246,0.006210,0.3281
19642000,1720.714897,3508,238,0.006089,0.3359
19644000,1718.095183,3530,237,0.007827,0.3203
19646000,1729.606511,3578,216,0.009059,0.3359
19648000,1735.994726,3575,215,0.008698,0.3438
19650000,1719.193535,3579,215,0.006385,0.3594
19652000,1732.977073,3597,204,0.006326,0.3203
19654000,1743.122001,3585,221,0.007682,0.3047
19656000,1753.968664,3580,211,0.008323,0.3281
19658000,1755.843631,3548,214,0.006890,0.3125
19660000,1760.780007,3537,242,0.009140,0.3203
19662000,1770.572951,3538,237,0.008787,0.3828
19664000,1772.571864,3568,233,0.009381,0.3438
19666000,1762.857373,3549,216,0.010496,0.3594
19668000,1771.148408,3540,240,0.012451,0.3125
19670000,1764.940415,3546,246,0.013436,0.3125
19672000,1761.031816,3562,235,0.015273,0.3203
19674000,1767.301688,3583,230,0.014309,0.3047
19676000,1756.838820,3589,217,0.013388,0.2266
19678000,1758.230879,3579,207,0.011709,0.3359
19680000,1758.982516,3562,209,0.014718,0.3594
19682000,1776.778047,3563,229,0.012927,0.2734
19684000,1786.343358,3533,240,0.011278,0.2734
19686000,1782.085669,3519,232,0.011067,0.3359
19688000,1777.308050,3535,245,0.010470,0.3047
19690000,1774.888448,3530,222,0.011103,0.3125
19692000,1782.778371,3534,239,0.010461,0.3125
19694000,1769.823871,3516,237,0.010169,0.2734
19696000,1753.506818,3507,250,0.009437,0.3281
19698000,1741.718394,3492,252,0.009837,0.3594
19700000,1741.833755,3490,252,0.009786,0.3438
19702000,1731.004389,3514,236,0.009019,0.3281
19704000,1734.753141,3487,249,0.009551,0.2891
19706000,1715.407396,3486,257,0.006960,0.3359
19708000,1715.681192,3502,236,0.006368,0.3438
19710000,1728.945964,3488,235,0.009840,0.3047
19712000,1732.450222,3493,228,0.007307,0.3359
19714000,1723.675045,3515,228,0.006995,0.3047
19716000,1728.049897,3522,228,0.007008,0.3516
19718000,1765.875721,3510,220,0.005823,0.2734
19720000,1764.832163,3504,235,0.006181,0.3672
19722000,1776.098599,3488,237,0.006957,0.2656
19724000,1771.206697,3461,265,0.006326,0.3594
19726000,1766.732958,3471,230,0.006353,0.3203
19728000,1774.263680,3471,243,0.007538,0.3359
19730000,1754.559929,3478,233,0.007039,0.3906
19732000,1767.699493,3484,244,0.005392,0.2734
19734000,1752.944543,3502,223,0.006522,0.2734
19736000,1741.146405,3520,219,0.007395,0.3594
19738000,1750.037683,3490,229,0.005871,0.3594
19740000,1760.811761,3493,233,0.005631,0.3359
19742000,1753.041324,3512,216,0.005567,0.3047
19744000,1770.865784,3518,224,0.005200,0.2891
19746000,1765.744154,3512,214,0.007086,0.3203
19748000,1760.807062,3507,235,0.006270,0.3359
19750000,1751.834786,3527,230,0.007191,0.3281
19752000,1755.397854,3541,219,0.007296,0.2812
19754000,1770.244078,3508,227,0.006261,0.2422
19756000,1781.448597,3483,241,0.008788,0.3594
19758000,1779.236102,3493,257,0.006906,0.2969
19760000,1772.321052,3504,244,0.008328,0.3281
19762000,1772.924139,3492,247,0.008534,0.2969
19764000,1768.683379,3491,250,0.008391,0.3047
19766000,1766.535651,3461,244,0.008123,0.3047
19768000,1775.309972,3447,243,0.009874,0.2656
19770000,1781.110736,3438,247,0.009039,0.3125
19772000,1775.222867,3451,247,0.010043,0.3750
19774000,1778.529928,3459,253,0.010165,0.3125
19776000,1792.048162,3492,244,0.008926,0.3281
19778000,1791.585707,3495,241,0.008098,0.3125
19780000,1808.407511,3487,241,0.009599,0.2656
19782000,1789.537934,3505,231,0.011932,0.2734
19784000,1796.910027,3487,240,0.010761,0.2734
19786000,1798.092079,3494,229,0.013380,0.2734
19788000,1817.301113,3512,226,0.014734,0.2734
19790000,1817.037834,3517,240,0.014909,0.2891
19792000,1828.128874,3484,248,0.014085,0.3047
19794000,1828.473331,3467,246,0.013904,0.3438
19796000,1834.391113,3474,245,0.014487,0.2578
19798000,1830.162365,3480,243,0.014541,0.3203
19800000,1846.313906,3494,237,0.015414,0.2500
19802000,1857.682774,3501,223,0.015423,0.2656
19804000,1858.389027,3517,225,0.016095,0.2891
19806000,1844.403031,3489,240,0.013737,0.3047
19808000,1856.377909,3509,238,0.015000,0.3047
19810000,1849.742988,3513,240,0.013475,0.3359
19812000,1848.078064,3536,235,0.014525,0.3125
19814000,1851.882431,3551,230,0.015901,0.3906
19816000,1854.255722,3530,227,0.015229,0.2266
19818000,1867.122282,3527,215,0.014246,0.2891
19820000,1879.696226,3539,217,0.016487,0.2891
19822000,1884.815674,3551,213,0.017351,0.2656
19824000,1873.062828,3534,211,0.017490,0.2422
19826000,1862.817324,3518,236,0.017052,0.3516
19828000,1859.356579,3522,226,0.014532,0.2969
19830000,1853.258364,3528,214,0.012199,0.3359
19832000,1854.375324,3520,228,0.011266,0.3438
19834000,1854.719658,3504,237,0.014250,0.2891
19836000,1857.296221,3538,245,0.015517,0.2734
19838000,1859.544337,3536,230,0.015997,0.3438
19840000,1869.631301,3564,221,0.014201,0.3281
19842000,1858.353375,3548,225,0.013139,0.3750
19844000,1860.709397,3530,216,0.011666,0.2109
19846000,1878.906824,3574,205,0.009694,0.3125
19848000,1869.662436,3540,214,0.010088,0.2109
19850000,1844.224598,3533,204,0.008531,0.3281
19852000,1812.413924,3545,214,0.011428,0.3594
19854000,1807.445802,3578,203,0.013220,0.2969
19856000,1789.659336,3552,215,0.014727,0.3203
19858000,1796.027314,3552,216,0.013693,0.2422
19860000,1801.750650,3550,217,0.013328,0.3047
19862000,1806.489797,3552,228,0.013085,0.2734
19864000,1807.014306,3535,242,0.012088,0.2891
19866000,1812.436615,3541,242,0.003279,0.2578
19868000,1820.817411,3558,210,0.004603,0.3125
19870000,1794.762087,3532,213,0.004658,0.3047
19872000,1795.835394,3530,234,0.004157,0.3594
19874000,1790.676478,3532,211,0.004322,0.2812
19876000,1791.406000,3502,226,0.005002,0.2656
19878000,1790.104849,3502,234,0.005745,0.2109
19880000,1782.555436,3505,249,0.007682,0.2812
19882000,1778.259646,3513,230,0.007036,0.2734
19884000,1786.879007,3498,243,0.007906,0.3516
19886000,1780.671066,3508,238,0.008154,0.2734
19888000,1788.499286,3492,234,0.005426,0.2578
19890000,1804.394511,3526,230,0.005475,0.2734
19892000,1781.959950,3497,245,0.006889,0.3125
19894000,1790.145084,3520,236,0.006291,0.2734
19896000,1791.712038,3533,235,0.005202,0.4297
19898000,1779.514945,3504,229,0.007861,0.3281
19900000,1776.459616,3512,218,0.007469,0.3125
19902000,1779.621126,3519,231,0.008580,0.2891
19904000,1776.804051,3476,246,0.009693,0.3047
19906000,1781.403710,3488,249,0.008972,0.3750
19908000,1772.640261,3483,240,0.008450,0.2812
19910000,1760.589179,3498,245,0.008821,0.2734
19912000,1764.994660,3487,255,0.007999,0.3438
19914000,1755.810366,3466,252,0.009260,0.2891
19916000,1753.892791,3454,255,0.008130,0.3047
19918000,1774.988364,3466,248,0.006998,0.2578
19920000,1772.400367,3453,256,0.007099,0.3125
19922000,1788.107164,3482,233,0.006317,0.3203
19924000,1777.667679,3486,230,0.005756,0.3359
19926000,1767.010480,3497,228,0.008217,0.2969
19928000,1788.580986,3468,245,0.008988,0.2969
19930000,1784.518971,3470,252,0.009479,0.2812
19932000,1778.051474,3466,244,0.008114,0.3203
19934000,1780.926148,3479,232,0.009223,0.3281
19936000,1794.268174,3475,226,0.009946,0.2266
19938000,1809.790737,3477,224,0.014488,0.3438
19940000,1809.871097,3485,231,0.012904,0.3438
19942000,1799.095509,3472,224,0.012867,0.3594
19944000,1804.110459,3492,247,0.013301,0.2891
19946000,1802.136987,3498,231,0.013552,0.3359
19948000,1792.685108,3482,222,0.014027,0.3125
19950000,1778.464914,3497,222,0.012445,0.2891
19952000,1769.863184,3512,225,0.014630,0.3281
19954000,1751.602897,3488,237,0.016853,0.2188
19956000,1770.595645,3484,255,0.018948,0.2500
19958000,1760.021866,3487,234,0.018270,0.3281
19960000,1763.980175,3479,257,0.018406,0.3438
19962000,1766.215831,3500,247,0.017014,0.3281
19964000,1784.414090,3509,238,0.011250,0.2812
19966000,1772.823695,3488,252,0.008579,0.2500
19968000,1767.382432,3495,235,0.008367,0.3594
19970000,1753.296261,3510,242,0.011703,0.3047
19972000,1749.398101,3525,239,0.010033,0.3047
19974000,1736.866857,3521,252,0.009605,0.2578
19976000,1721.416015,3511,235,0.011766,0.3438
19978000,1723.930828,3517,240,0.011984,0.2891
19980000,1716.979980,3520,238,0.015228,0.3672
19982000,1714.518990,3533,224,0.015468,0.3438
19984000,1708.562416,3540,232,0.013698,0.2578
19986000,1733.970253,3551,223,0.012607,0.3203
19988000,1735.223082,3560,217,0.009463,0.2734
19990000,1753.928344,3534,223,0.015662,0.2500
19992000,1763.523455,3521,220,0.018463,0.2812
19994000,1763.367257,3508,238,0.018944,0.3281
19996000,1761.918320,3479,255,0.017570,0.3359
19998000,1758.781466,3498,230,0.015940,0.3047
20000000,1759.471444,3509,226,0.017165,0.2891
20002000,1765.411154,3525,203,0.017845,0.2969
20004000,1768.542677,3521,210,0.021366,0.2891
20006000,1774.956913,3499,229,0.021795,0.3047
20008000,1776.828607,3513,226,0.020798,0.3438
20010000,1751.056416,3472,238,0.018418,0.2344
20012000,1742.662468,3474,251,0.028181,0.3359
20014000,1743.324867,3490,259,0.029777,0.2422
20016000,1742.893679,3483,242,0.030963,0.2812
20018000,1744.889615,3508,257,0.031252,0.3594
20020000,1752.517431,3522,247,0.027783,0.3203
20022000,1773.575784,3525,231,0.031910,0.3125
20024000,1774.540833,3555,233,0.032888,0.2344
20026000,1781.934227,3523,235,0.033800,0.3438
20028000,1781.072401,3511,236,0.033785,0.3594
20030000,1778.592658,3479,243,0.037507,0.3594
20032000,1789.370492,3510,230,0.037494,0.2656
20034000,1795.648528,3519,228,0.039726,0.2578
20036000,1808.350117,3520,213,0.040142,0.3359
20038000,1797.327676,3551,217,0.037822,0.2734
20040000,1773.152140,3548,214,0.036797,0.3125
20042000,1771.112312,3559,200,0.036399,0.2734
20044000,1764.848362,3530,211,0.037591,0.2344
20046000,1774.568245,3498,239,0.034799,0.3438
20048000,1781.721646,3494,242,0.036958,0.2422
20050000,1777.354990,3523,241,0.037990,0.2969
20052000,1780.359679,3548,231,0.037911,0.3125
20054000,1785.672428,3544,228,0.039761,0.3438
20056000,1783.338680,3533,233,0.042037,0.1875
20058000,1790.186280,3527,239,0.042945,0.3125
20060000,1808.198061,3498,243,0.040118,0.3828
20062000,1815.392586,3502,229,0.036413,0.3594
20064000,1799.856926,3490,233,0.042995,0.2031
20066000,1812.587973,3509,236,0.045108,0.2969
20068000,1815.658650,3511,257,0.046981,0.2578
20070000,1807.884415,3511,256,0.047462,0.2344
20072000,1805.146644,3498,248,0.047308,0.3125
20074000,1805.344219,3507,229,0.044723,0.3047
20076000,1823.975114,3501,240,0.042498,0.3516
20078000,1817.201920,3488,247,0.044312,0.3594
20080000,1812.494976,3520,229,0.040869,0.3750
20082000,1823.423315,3486,231,0.037950,0.2656
20084000,1832.745895,3498,226,0.041190,0.2578
20086000,1852.017902,3496,224,0.040543,0.2266
20088000,1864.637006,3503,218,0.043319,0.2891
20090000,1864.040035,3517,218,0.042545,0.3438
20092000,1874.446058,3509,237,0.043352,0.3125
20094000,1858.072341,3525,228,0.040703,0.2812
20096000,1842.750495,3511,225,0.038445,0.2891
20098000,1831.119982,3507,220,0.038351,0.3594
20100000,1835.256706,3523,213,0.034548,0.3281
20102000,1833.391770,3508,225,0.034936,0.3750
20104000,1834.556736,3508,230,0.037638,0.3359
20106000,1843.298919,3471,232,0.039481,0.2266
20108000,1835.798493,3480,217,0.038520,0.3672
20110000,1840.208287,3467,225,0.037907,0.3359
20112000,1839.675150,3486,217,0.037032,0.2578
20114000,1857.199126,3483,237,0.034761,0.3125
20116000,1859.661820,3501,226,0.034957,0.3125
20118000,1854.413968,3483,227,0.035583,0.2500
20120000,1862.153455,3495,233,0.036329,0.2578
20122000,1853.361304,3489,234,0.035862,0.2656
20124000,1851.675571,3491,235,0.035288,0.2188
20126000,1871.432039,3514,220,0.027544,0.2188
20128000,1865.129309,3545,220,0.032772,0.2969
20130000,1883.686076,3590,201,0.035445,0.2812
20132000,1879.547991,3569,196,0.037998,0.2812
20134000,1855.882891,3560,213,0.046482,0.3125
20136000,1863.387077,3567,213,0.044598,0.2812
20138000,1861.928861,3574,228,0.036323,0.2969
20140000,1861.780364,3565,217,0.036414,0.3203
20142000,1849.473813,3536,248,0.039047,0.3438
20144000,1844.626020,3559,229,0.042796,0.2891
20146000,1852.718691,3548,222,0.041801,0.3438
20148000,1839.860366,3530,230,0.038454,0.3125
20150000,1836.053587,3575,211,0.036152,0.2578
20152000,1846.189354,3550,209,0.032787,0.3047
20154000,1831.433717,3558,220,0.030518,0.2656
20156000,1851.590810,3538,242,0.025100,0.3828
20158000,1858.446890,3517,252,0.026108,0.3125
20160000,1854.647058,3497,258,0.026322,0.3672
20162000,1831.762007,3500,236,0.031276,0.2578
20164000,1831.662850,3484,252,0.034186,0.3750
20166000,1816.820692,3516,221,0.041003,0.3203
20168000,1815.950245,3531,210,0.043677,0.2266
20170000,1825.130822,3549,211,0.041519,0.4219
20172000,1816.743763,3525,217,0.042609,0.2500
20174000,1841.337707,3509,226,0.101356,0.3047
20176000,1842.782774,3524,219,0.103551,0.2500
20178000,1832.083532,3515,233,0.104818,0.2656
20180000,1829.229807,3505,240,0.102677,0.2812
20182000,1825.458479,3541,233,0.101029,0.3125
20184000,1828.275682,3557,204,0.091590,0.3281
20186000,1820.583026,3564,196,0.084225,0.2656
20188000,1820.246141,3516,225,0.082989,0.3047
20190000,1829.276419,3520,202,0.083337,0.3047
20192000,1833.786508,3520,200,0.085879,0.3047
20194000,1828.502353,3496,225,0.080513,0.3359
20196000,1799.994106,3442,259,0.074802,0.3281
20198000,1794.865456,3450,236,0.075872,0.3438
20200000,1787.054693,3463,247,0.074919,0.3359
20202000,1788.191385,3440,255,0.071794,0.4219
20204000,1802.917482,3455,260,0.069860,0.3594
20206000,1789.587862,3453,256,0.069999,0.2891
20208000,1796.478597,3484,225,0.072135,0.2812
20210000,1792.625723,3493,227,0.068050,0.2500
20212000,1805.353711,3530,219,0.063567,0.2422
20214000,1820.964084,3537,223,0.067194,0.3281
20216000,1821.907573,3544,227,0.068692,0.2266
20218000,1845.692646,3526,233,0.055893,0.2656
20220000,1841.484285,3559,207,0.053844,0.2734
20222000,1842.826835,3540,218,0.058283,0.2812
20224000,1837.105331,3538,213,0.061566,0.3047
20226000,1836.442672,3543,208,0.066235,0.2344
20228000,1833.053234,3559,199,0.068935,0.3125
20230000,1844.205311,3535,215,0.071664,0.2891
20232000,1816.882144,3494,225,0.069451,0.2812
20234000,1795.908269,3518,231,0.079009,0.3672
20236000,1805.914593,3536,219,0.084860,0.2891
20238000,1800.676806,3536,214,0.079517,0.3281
20240000,1817.103248,3523,215,0.078417,0.2500
20242000,1820.081040,3511,232,0.075085,0.2578
20244000,1825.090456,3499,242,0.071561,0.2891
20246000,1843.811525,3483,271,0.061667,0.2812
20248000,1842.425897,3473,254,0.064771,0.3047
20250000,1834.979284,3473,244,0.067471,0.4141
20252000,1824.716497,3454,250,0.063602,0.3750
20254000,1819.982239,3466,223,0.060571,0.3594
20256000,1830.551654,3473,214,0.063031,0.3359
20258000,1823.171772,3453,232,0.060924,0.3125
20260000,1829.160144,3440,247,0.062528,0.2891
20262000,1843.118308,3445,245,0.061276,0.3672
20264000,1833.199479,3428,260,0.063188,0.3438
20266000,1846.606969,3442,267,0.066113,0.2969
20268000,1847.765343,3454,251,0.065738,0.2969
20270000,1854.379761,3433,254,0.066329,0.2812
20272000,1858.725669,3430,245,0.068355,0.3750
20274000,1871.612799,3441,245,0.074897,0.2969
20276000,1862.655886,3444,236,0.073354,0.2734
20278000,1857.309555,3446,243,0.081256,0.3516
20280000,1855.956418,3453,251,0.083463,0.3828
20282000,1870.351136,3461,250,0.080315,0.3203
20284000,1923.706433,3438,260,0.061891,0.3438
20286000,1927.782435,3451,249,0.060247,0.2656
20288000,1942.115392,3450,257,0.056486,0.3281
20290000,1956.366427,3449,263,0.056855,0.3125
20292000,1954.838692,3466,267,0.058752,0.2812
20294000,1903.842306,3453,267,0.092811,0.3672
20296000,1918.072705,3472,229,0.102895,0.2422
20298000,1924.367444,3489,220,0.110423,0.3203
20300000,1928.077222,3493,245,0.105126,0.3516
20302000,1942.885730,3504,229,0.100250,0.2422
20304000,1936.803715,3528,215,0.096875,0.2969
20306000,1935.298112,3532,221,0.095549,0.3281
20308000,1938.089334,3578,197,0.100305,0.3047
20310000,1946.105170,3522,227,0.101203,0.3516
20312000,1957.381959,3536,220,0.091817,0.4141
20314000,1962.409131,3544,214,0.095273,0.2578
20316000,1932.684268,3527,229,0.090455,0.3047
20318000,1931.721696,3545,217,0.087021,0.3125
20320000,1919.690711,3507,239,0.086693,0.2969
20322000,1909.342898,3492,256,0.086486,0.2578
20324000,1902.042886,3472,273,0.085112,0.3438
20326000,1901.766738,3487,268,0.079718,0.3047
20328000,1903.513621,3473,266,0.079718,0.3047
20330000,1904.482681,3495,244,0.076639,0.3047
20332000,1901.279265,3495,245,0.080866,0.3281
20334000,1883.937172,3492,243,0.084987,0.2578
20336000,1850.450067,3490,242,0.046443,0.3203
20338000,1845.039278,3477,256,0.045678,0.3594
20340000,1839.033682,3500,250,0.043742,0.2812
20342000,1869.504719,3493,264,0.047295,0.2969
20344000,1876.801335,3501,259,0.043638,0.3203
20346000,1879.671249,3515,250,0.047642,0.2578
20348000,1874.553779,3490,261,0.047536,0.3359
20350000,1875.861159,3510,244,0.047628,0.3281
20352000,1888.117835,3506,246,0.043502,0.3672
20354000,1890.213001,3485,261,0.046335,0.3047
20356000,1879.676638,3525,229,0.043609,0.2969
20358000,1877.110291,3533,230,0.041875,0.3203
20360000,1854.268753,3546,233,0.041146,0.3672
20362000,1856.218117,3570,220,0.046812,0.2500
20364000,1867.751044,3548,239,0.045886,0.3281
20366000,1861.167539,3551,230,0.046578,0.3438
20368000,1848.787599,3534,229,0.044154,0.3047
20370000,1847.462010,3520,216,0.042309,0.3047
20372000,1853.011319,3515,213,0.042903,0.2812
20374000,1863.364591,3540,200,0.035792,0.3516
20376000,1856.582857,3500,215,0.038878,0.3203
20378000,1837.228814,3505,211,0.037163,0.3047
20380000,1850.585134,3503,211,0.033374,0.2969
20382000,1848.269540,3558,188,0.032166,0.2734
20384000,1862.964479,3575,200,0.032218,0.2656
20386000,1854.500664,3579,206,0.028499,0.2812
20388000,1856.073573,3553,199,0.025854,0.3125
20390000,1847.513820,3570,200,0.023103,0.3125
20392000,1840.711816,3549,217,0.028795,0.2969
20394000,1846.931877,3538,213,0.024514,0.3203
20396000,1857.772708,3547,228,0.025878,0.3047
20398000,1849.721013,3565,239,0.034166,0.3047
20400000,1842.972908,3562,220,0.030876,0.3281
20402000,1840.751917,3549,248,0.030138,0.3281
20404000,1851.416606,3550,229,0.030891,0.3047
20406000,1857.945798,3528,221,0.031080,0.2344
20408000,1860.800202,3516,220,0.027138,0.2812
20410000,1872.180788,3518,229,0.030295,0.2812
20412000,1860.672346,3496,232,0.030505,0.3359
20414000,1856.610969,3502,238,0.029949,0.3047
20416000,1863.550257,3534,223,0.028842,0.2344
20418000,1858.806131,3530,218,0.024959,0.3281
20420000,1855.746631,3514,225,0.025283,0.2656
20422000,1883.069925,3524,216,0.016241,0.2500
20424000,1881.856271,3547,220,0.015816,0.3516
20426000,1879.567082,3550,200,0.017036,0.2812
20428000,1869.144065,3545,204,0.016750,0.3125
20430000,1867.448747,3536,214,0.018154,0.3203
20432000,1852.804264,3528,208,0.018091,0.2188
20434000,1879.311045,3518,217,0.015416,0.3516
20436000,1879.231567,3530,215,0.016756,0.3203
20438000,1862.512538,3531,197,0.022088,0.2734
20440000,1856.530869,3502,214,0.022453,0.3438
20442000,1868.544079,3475,244,0.021040,0.2734
20444000,1844.116693,3474,254,0.023318,0.4062
20446000,1854.395398,3502,245,0.024606,0.3359
20448000,1857.439181,3481,273,0.022793,0.3203
20450000,1859.794860,3453,265,0.019977,0.4062
20452000,1868.765145,3460,267,0.020770,0.2969
20454000,1844.367970,3475,256,0.011706,0.3359
20456000,1848.941294,3506,249,0.015574,0.3281
20458000,1875.240356,3546,224,0.024357,0.3125
20460000,1883.710648,3537,257,0.023299,0.2812
20462000,1901.848114,3516,254,0.024239,0.2812
20464000,1886.728432,3525,220,0.023375,0.3438
20466000,1884.303449,3526,222,0.027210,0.2578
20468000,1897.616224,3512,235,0.026687,0.3125
20470000,1879.077753,3508,227,0.023650,0.2812
20472000,1866.402656,3514,221,0.023777,0.3438
20474000,1856.982794,3505,239,0.024826,0.3281
20476000,1862.310900,3487,235,0.024016,0.2812
20478000,1865.174764,3533,221,0.022030,0.3203
20480000,1873.102266,3506,227,0.040206,0.3047
20482000,1858.891674,3506,227,0.036193,0.2344
20484000,1870.225164,3503,234,0.036639,0.2812
20486000,1872.237905,3511,227,0.034157,0.2969
20488000,1872.975011,3493,248,0.034766,0.3203
20490000,1882.375242,3462,257,0.031331,0.2812
20492000,1874.430879,3478,253,0.031174,0.2656
20494000,1868.422208,3507,236,0.028400,0.2891
20496000,1869.976728,3518,233,0.031608,0.3047
20498000,1887.441102,3522,223,0.024409,0.3516
20500000,1893.470351,3527,226,0.025113,0.3672
20502000,1880.143177,3503,246,0.044231,0.3125
20504000,1895.608985,3514,227,0.044664,0.2500
20506000,1910.590146,3534,213,0.048532,0.2891
20508000,1895.840297,3539,225,0.045141,0.2578
20510000,1898.758293,3556,218,0.046662,0.3359
20512000,1895.451722,3565,199,0.046310,0.3047
20514000,1899.500744,3584,185,0.047582,0.3438
20516000,1893.237290,3580,197,0.046971,0.3359
20518000,1876.194271,3547,215,0.033208,0.3047
20520000,1880.666847,3532,214,0.033475,0.3047
20522000,1901.983525,3547,229,0.034014,0.3359
20524000,1894.569538,3551,224,0.034639,0.3047
20526000,1893.737397,3536,247,0.036252,0.2812
20528000,1894.163579,3555,219,0.036066,0.2422
20530000,1882.776477,3553,224,0.041011,0.3125
20532000,1879.764670,3545,223,0.045763,0.2734
20534000,1867.690517,3543,214,0.046950,0.3828
20536000,1916.104522,3535,213,0.043909,0.2656
20538000,1930.893185,3547,211,0.043216,0.3594
20540000,1933.327269,3554,199,0.039192,0.2812
20542000,1922.533801,3559,216,0.039328,0.2734
20544000,1939.571085,3556,214,0.044894,0.3984
20546000,1914.634290,3554,220,0.056251,0.3594
20548000,1888.523046,3566,196,0.043617,0.2656
20550000,1897.259492,3563,210,0.044885,0.3359
20552000,1889.816951,3544,223,0.057222,0.2969
20554000,1871.888018,3548,224,0.052374,0.2578
20556000,1887.261461,3565,216,0.053395,0.3203
20558000,1887.017696,3583,202,0.050573,0.2578
20560000,1876.711023,3583,215,0.047367,0.2891
20562000,1868.056713,3573,228,0.064976,0.3359
20564000,1857.222241,3601,223,0.065817,0.2422
20566000,1859.679417,3573,227,0.070941,0.2812
20568000,1862.726890,3548,238,0.076134,0.3516
20570000,1853.478461,3550,222,0.069538,0.2734
20572000,1834.284436,3524,228,0.054668,0.2656
20574000,1838.727945,3524,216,0.057624,0.2109
20576000,1846.161854,3514,213,0.059228,0.3672
20578000,1845.075434,3507,223,0.065017,0.2969
20580000,1842.163642,3527,204,0.068654,0.3438
20582000,1834.108561,3525,218,0.066784,0.2891
20584000,1856.272802,3541,225,0.063253,0.3906
20586000,1852.173685,3515,227,0.064696,0.3672
20588000,1844.194695,3501,235,0.058936,0.2969
20590000,1853.362445,3503,241,0.057926,0.3594
20592000,1842.773589,3507,227,0.057897,0.1953
20594000,1840.376131,3512,239,0.059128,0.3750
20596000,1834.398871,3500,229,0.058495,0.2812
20598000,1827.957292,3512,219,0.061468,0.2969
20600000,1863.751144,3506,226,0.059068,0.2812
20602000,1851.712954,3537,214,0.058437,0.2969
20604000,1857.648217,3540,215,0.063731,0.3438
20606000,1877.522650,3560,212,0.071379,0.2422
20608000,1875.870230,3548,219,0.064779,0.4062
20610000,1863.108746,3553,233,0.061063,0.3203
20612000,1854.188424,3543,223,0.064193,0.3438
20614000,1851.900081,3533,227,0.059918,0.3438
20616000,1839.461964,3512,234,0.064471,0.3047
20618000,1838.583403,3556,212,0.061048,0.2422
20620000,1859.755677,3551,224,0.059961,0.2422
20622000,1836.710279,3533,249,0.062090,0.3047
20624000,1839.249491,3520,247,0.062271,0.2734
20626000,1862.452535,3541,224,0.071922,0.2812
20628000,1767.569294,3576,224,0.012225,0.3438
20630000,1771.336616,3556,226,0.011324,0.2969
20632000,1770.622202,3579,220,0.011916,0.2578
20634000,1770.801981,3578,207,0.014214,0.2812
20636000,1773.095203,3575,214,0.015799,0.2969
20638000,1770.177753,3552,217,0.015421,0.3672
20640000,1762.930391,3525,229,0.014848,0.2578
20642000,1764.723450,3499,247,0.017361,0.2969
20644000,1760.983573,3496,254,0.015699,0.3203
20646000,1761.631931,3490,256,0.016710,0.2969
20648000,1789.665882,3499,249,0.019846,0.2891
20650000,1780.309405,3496,247,0.020518,0.1953
20652000,1777.338469,3513,232,0.022502,0.2344
20654000,1788.566583,3520,232,0.022032,0.3281
20656000,1791.378967,3493,257,0.022710,0.2500
20658000,1777.406762,3523,244,0.024250,0.3125
20660000,1787.274306,3522,242,0.024109,0.2969
20662000,1788.394406,3515,247,0.024421,0.3281
20664000,1801.784244,3571,236,0.022813,0.2031
20666000,1804.933585,3567,221,0.022511,0.3359
20668000,1808.911931,3556,227,0.023427,0.2891
20670000,1800.614249,3544,243,0.022223,0.3047
20672000,1799.964404,3553,237,0.023807,0.3125
20674000,1791.321364,3550,233,0.024886,0.2578
20676000,1796.445980,3544,223,0.024656,0.3125
20678000,1799.458191,3568,229,0.024412,0.3047
20680000,1806.054001,3566,208,0.024928,0.2344
20682000,1820.502767,3566,221,0.027305,0.2500
20684000,1818.535885,3560,218,0.026640,0.2812
20686000,1809.401585,3529,253,0.026660,0.3125
20688000,1808.981043,3524,246,0.023897,0.2891
20690000,1818.171114,3538,234,0.025709,0.2891
20692000,1817.083647,3556,221,0.025216,0.2969
20694000,1821.382474,3542,234,0.030302,0.2969
20696000,1822.161352,3551,217,0.032035,0.3359
20698000,1820.467600,3544,222,0.034824,0.2422
20700000,1825.472867,3532,224,0.037397,0.2891
20702000,1823.540297,3519,234,0.035471,0.2578
20704000,1833.763706,3524,236,0.030699,0.3047
20706000,1831.746395,3532,220,0.033953,0.3516
20708000,1842.122373,3514,221,0.032650,0.3828
20710000,1831.172131,3502,219,0.032090,0.2188
20712000,1854.634033,3513,241,0.029689,0.3594
20714000,1865.329714,3520,247,0.035354,0.3359
20716000,1847.575265,3506,244,0.034889,0.2891
20718000,1857.545470,3513,243,0.037773,0.3125
20720000,1859.863625,3538,223,0.037460,0.3203
20722000,1864.135278,3560,226,0.041715,0.2969
20724000,1882.101786,3564,208,0.041708,0.3203
20726000,1896.098631,3551,221,0.043109,0.3125
20728000,1864.700795,3557,220,0.039677,0.3203
20730000,1871.471722,3562,206,0.037093,0.3672
20732000,1890.597536,3573,200,0.034696,0.2891
20734000,1902.568492,3573,200,0.033055,0.2891
20736000,1917.350915,3559,198,0.027244,0.3281
20738000,1934.720842,3580,196,0.036242,0.2500
20740000,1938.833600,3572,209,0.039915,0.2578
20742000,1944.856444,3564,210,0.036723,0.2422
20744000,1946.135106,3568,203,0.035063,0.2578
20746000,1942.216484,3547,222,0.033394,0.2656
20748000,1935.755315,3543,228,0.032483,0.2656
20750000,1940.192391,3574,224,0.033316,0.3359
20752000,1939.590613,3551,226,0.031952,0.2188
20754000,1948.957041,3537,217,0.031334,0.2578
20756000,1944.347970,3520,227,0.030357,0.2891
20758000,1947.476519,3553,229,0.030807,0.2812
20760000,1944.375510,3537,231,0.028408,0.2969
20762000,1933.086583,3557,238,0.028553,0.2812
20764000,1912.544934,3554,241,0.026710,0.3203
20766000,1898.816546,3554,237,0.030820,0.2969
20768000,1900.713145,3587,228,0.030296,0.2578
20770000,1897.899031,3570,222,0.028932,0.2891
20772000,1892.653569,3576,212,0.028198,0.3516
20774000,1881.057849,3565,207,0.029033,0.3203
20776000,1872.867628,3545,221,0.029662,0.2891
20778000,1871.135841,3521,225,0.032075,0.3359
20780000,1869.116554,3541,231,0.035570,0.3203
20782000,1853.411904,3533,232,0.031341,0.2969
20784000,1847.165247,3497,244,0.032917,0.3359
20786000,1820.391075,3492,239,0.024954,0.2734
20788000,1790.591657,3524,220,0.031920,0.3672
20790000,1797.653600,3529,223,0.031387,0.3594
20792000,1794.107379,3536,216,0.034225,0.2734
20794000,1802.430812,3530,224,0.035429,0.3438
20796000,1810.776770,3526,219,0.035678,0.3203
20798000,1815.569889,3507,221,0.036923,0.2031
20800000,1798.746050,3528,219,0.039075,0.2969
20802000,1794.440604,3566,209,0.037889,0.2969
20804000,1786.522991,3553,219,0.038607,0.3281
20806000,1781.317227,3528,225,0.042583,0.2969
20808000,1774.320838,3541,212,0.041777,0.3203
20810000,1770.910128,3510,223,0.042022,0.2891
20812000,1764.597085,3504,222,0.041717,0.2266
20814000,1764.792069,3547,223,0.034275,0.2578
20816000,1764.714025,3550,227,0.037491,0.3203
20818000,1765.187648,3553,223,0.035458,0.3594
20820000,1775.872141,3537,242,0.032643,0.3828
20822000,1776.931642,3539,230,0.029726,0.3906
20824000,1778.428362,3568,194,0.029357,0.3203
20826000,1775.407476,3573,206,0.029012,0.2422
20828000,1772.841899,3565,211,0.030084,0.2422
20830000,1769.134667,3562,209,0.031850,0.3047
20832000,1765.150794,3550,213,0.034056,0.2891
20834000,1768.329307,3536,223,0.034004,0.3125
20836000,1762.873195,3540,223,0.045421,0.2812
20838000,1770.465773,3523,227,0.049223,0.2734
20840000,1797.551817,3519,236,0.056385,0.3516
20842000,1797.147250,3542,228,0.063424,0.3359
20844000,1800.710018,3578,188,0.062958,0.3203
20846000,1809.702055,3553,200,0.068789,0.3438
20848000,1803.053001,3556,205,0.067945,0.2812
20850000,1800.231392,3539,220,0.065685,0.2656
20852000,1797.724718,3516,226,0.067343,0.3516
20854000,1815.376372,3495,241,0.067355,0.2891
20856000,1823.240304,3492,256,0.068997,0.3281
20858000,1818.902879,3482,246,0.071788,0.3359
20860000,1808.924980,3460,256,0.059189,0.2734
20862000,1808.392501,3481,248,0.060903,0.3125
20864000,1806.395754,3504,236,0.059826,0.2422
20866000,1803.388248,3515,253,0.064217,0.3281
20868000,1806.550835,3541,219,0.076992,0.3359
20870000,1807.512993,3533,212,0.058272,0.3203
20872000,1809.040866,3539,214,0.054876,0.3984
20874000,1825.719863,3528,221,0.056050,0.2969
20876000,1817.846084,3550,229,0.052999,0.3281
20878000,1815.129799,3567,215,0.053707,0.2500
20880000,1815.487384,3561,205,0.056447,0.2422
20882000,1806.015751,3550,200,0.057465,0.2891
20884000,1808.308944,3539,216,0.056855,0.2891
20886000,1812.429137,3508,234,0.056154,0.2266
20888000,1797.241939,3500,237,0.065367,0.3984
20890000,1796.947028,3477,270,0.067918,0.3203
20892000,1796.787609,3497,260,0.061993,0.3281
20894000,1807.703385,3504,249,0.068684,0.3438
20896000,1808.350967,3504,243,0.070153,0.2500
20898000,1802.673903,3515,238,0.069800,0.2812
20900000,1784.313644,3507,237,0.064647,0.3047
20902000,1775.869707,3492,226,0.065281,0.3047
20904000,1775.583488,3520,204,0.067404,0.2188
20906000,1775.398686,3521,203,0.069357,0.3750
20908000,1781.618612,3530,225,0.055831,0.3203
20910000,1793.548306,3562,207,0.056863,0.3047
20912000,1783.489202,3532,225,0.055453,0.3438
20914000,1787.761264,3555,209,0.054879,0.2734
20916000,1783.504013,3573,195,0.051151,0.2891
20918000,1790.615655,3555,215,0.049471,0.2656
20920000,1774.919668,3528,221,0.049687,0.3438
20922000,1787.547125,3528,220,0.052526,0.3594
20924000,1784.030164,3523,222,0.053530,0.2891
20926000,1779.413262,3523,232,0.052020,0.3047
20928000,1779.821928,3550,217,0.050543,0.3047
20930000,1776.608106,3532,223,0.048324,0.3047
20932000,1844.022975,3539,236,0.058855,0.2734
20934000,1840.350128,3560,214,0.056479,0.2891
20936000,1835.186419,3563,208,0.058623,0.2344
20938000,1835.464659,3570,204,0.061777,0.2812
20940000,1846.706737,3545,229,0.075897,0.2812
20942000,1830.640429,3532,232,0.067946,0.2891
20944000,1835.975461,3548,232,0.058986,0.3047
20946000,1834.754547,3513,233,0.059286,0.2969
20948000,1826.745223,3518,215,0.058768,0.2656
20950000,1815.242194,3515,234,0.058893,0.2344
20952000,1815.905198,3508,222,0.054726,0.2109
20954000,1823.378496,3538,229,0.052168,0.3281
20956000,1816.306706,3550,216,0.045202,0.3125
20958000,1827.416014,3538,229,0.043739,0.2812
20960000,1840.592228,3532,236,0.046081,0.3203
20962000,1830.513771,3505,226,0.049016,0.2656
20964000,1817.615490,3530,220,0.047243,0.2656
20966000,1827.274511,3524,228,0.048348,0.3750
20968000,1835.339121,3552,220,0.048357,0.3125
20970000,1837.997391,3554,214,0.052735,0.2969
20972000,1854.702048,3534,221,0.051684,0.3203
20974000,1875.131602,3566,216,0.053705,0.2891
20976000,1855.736993,3566,215,0.045117,0.2500
20978000,1852.817524,3553,213,0.048065,0.2891
20980000,1844.451946,3534,223,0.046137,0.3281
20982000,1848.499317,3566,220,0.050332,0.4219
20984000,1822.566382,3537,217,0.048604,0.3047
20986000,1824.685839,3523,212,0.049093,0.3438
20988000,1817.953465,3520,215,0.048442,0.2656
20990000,1814.156579,3522,203,0.046176,0.2969
20992000,1817.652236,3517,229,0.045701,0.2969
20994000,1812.153604,3519,219,0.042685,0.2188
20996000,1807.031075,3520,230,0.042502,0.2734
20998000,1817.488133,3530,240,0.043108,0.4141
21000000,1809.692462,3535,246,0.045465,0.3516
21002000,1807.570869,3529,247,0.047224,0.2891
21004000,1812.648816,3527,224,0.050787,0.2812
21006000,1831.319179,3530,235,0.050243,0.2656
21008000,1846.217835,3510,234,0.046680,0.3203
21010000,1842.005871,3530,241,0.046178,0.2109
21012000,1843.473148,3513,229,0.045086,0.2500
21014000,1846.317463,3536,219,0.048397,0.3359
21016000,1847.082461,3557,211,0.047282,0.2266
21018000,1845.573301,3556,225,0.048115,0.2578
21020000,1847.567313,3520,231,0.048544,0.3594
21022000,1829.588869,3514,248,0.052215,0.3594
21024000,1831.310997,3510,243,0.048605,0.3125
21026000,1823.671278,3488,248,0.047128,0.3984
21028000,1822.714359,3498,241,0.047130,0.3047
21030000,1825.921043,3524,213,0.047620,0.2656
21032000,1819.860433,3534,217,0.046743,0.3203
21034000,1845.809015,3512,212,0.044936,0.4062
21036000,1838.286761,3504,222,0.051733,0.2500
21038000,1852.121200,3474,241,0.049139,0.3359
21040000,1845.416020,3492,237,0.055847,0.2500
21042000,1832.374407,3510,242,0.054010,0.3203
21044000,1817.919808,3524,234,0.054596,0.2812
21046000,1819.439735,3523,226,0.053541,0.2969
21048000,1823.167340,3512,216,0.039086,0.3047
21050000,1837.147373,3545,207,0.038528,0.3203
21052000,1839.235862,3512,234,0.039143,0.2656
21054000,1848.821339,3495,231,0.043659,0.3203
21056000,1849.946320,3506,226,0.044180,0.3203
21058000,1843.173790,3504,227,0.045272,0.2578
21060000,1821.304420,3526,224,0.043315,0.3828
21062000,1824.104022,3519,230,0.043496,0.3672
21064000,1828.249481,3494,233,0.045562,0.3359
21066000,1839.094522,3470,250,0.045114,0.2969
21068000,1841.831516,3488,229,0.043618,0.3203
21070000,1834.949297,3468,245,0.045633,0.3438
21072000,1835.584426,3503,227,0.044559,0.2891
21074000,1845.909279,3493,225,0.048456,0.3047
21076000,1850.366770,3485,224,0.049457,0.3359
21078000,1835.576741,3447,268,0.052103,0.2969
21080000,1833.040826,3463,255,0.051811,0.3438
21082000,1851.106087,3460,253,0.051492,0.2578
21084000,1874.231057,3472,242,0.043847,0.2969
21086000,1872.578795,3496,238,0.047693,0.3359
21088000,1869.395989,3497,236,0.048127,0.3203
21090000,1863.553583,3516,213,0.045592,0.3047
21092000,1852.777296,3513,214,0.046000,0.3047
21094000,1852.764191,3513,217,0.047783,0.3672
21096000,1851.105345,3494,234,0.048966,0.2812
21098000,1841.869972,3481,228,0.049449,0.2578
21100000,1852.839898,3477,212,0.049529,0.2578
21102000,1864.855306,3475,222,0.051524,0.3047
21104000,1860.669432,3507,222,0.051513,0.3438
21106000,1840.172543,3508,240,0.050163,0.3047
21108000,1860.266806,3495,245,0.047564,0.3203
21110000,1866.928797,3535,233,0.046582,0.3359
21112000,1876.563763,3514,227,0.048806,0.3438
21114000,1871.265689,3529,222,0.048038,0.2891
21116000,1878.380220,3526,214,0.049839,0.2344
21118000,1879.662764,3499,219,0.046980,0.3516
21120000,1871.518683,3494,236,0.040002,0.2891
21122000,1871.326117,3488,233,0.039684,0.3281
21124000,1872.694896,3496,247,0.042061,0.2656
21126000,1918.333683,3507,240,0.030294,0.3203
21128000,1904.584776,3500,245,0.025711,0.3125
21130000,1906.328032,3486,247,0.025226,0.2734
21132000,1922.914989,3494,251,0.050240,0.2734
21134000,1927.296937,3522,228,0.047616,0.2344
21136000,1923.427517,3506,241,0.046400,0.3672
21138000,1927.245644,3500,234,0.048337,0.2656
21140000,1968.490408,3506,231,0.049589,0.3125
21142000,1963.936608,3533,200,0.043117,0.3047
21144000,1936.328916,3539,209,0.037613,0.3203
21146000,1918.929977,3489,222,0.015487,0.3125
21148000,1928.896467,3501,251,0.015579,0.4297
21150000,1950.771919,3513,234,0.011074,0.2578
21152000,1962.169458,3545,218,0.013429,0.3125
21154000,1969.244920,3553,219,0.019858,0.3438
21156000,1942.578519,3541,215,0.006325,0.3359
21158000,1944.817731,3521,226,0.009303,0.3594
21160000,1951.811538,3524,238,0.010199,0.2734
21162000,1943.134648,3504,228,0.011963,0.3281
21164000,1944.996856,3507,234,0.013656,0.2891
21166000,1945.041012,3511,234,0.012547,0.3125
21168000,1960.505166,3508,239,0.014675,0.2969
21170000,1975.862836,3501,261,0.013651,0.2656
21172000,1981.696554,3516,243,0.013454,0.2969
21174000,2002.461237,3506,237,0.014225,0.2031
21176000,1997.981289,3521,230,0.016186,0.4062
21178000,2003.825088,3510,242,0.015113,0.2812
21180000,2002.114038,3523,228,0.014897,0.3047
21182000,2007.050181,3514,235,0.016728,0.3750
21184000,1990.721182,3500,249,0.015607,0.3203
21186000,1983.205094,3519,222,0.017425,0.3516
21188000,1971.072254,3505,223,0.018101,0.2891
21190000,1989.003533,3515,220,0.016453,0.2656
21192000,1977.098472,3523,241,0.015084,0.3203
21194000,1921.588882,3544,226,0.010861,0.2734
21196000,1924.209477,3568,219,0.012464,0.2656
21198000,1918.485869,3590,199,0.013653,0.2500
21200000,1920.047685,3580,203,0.014714,0.3594
21202000,1909.372740,3556,205,0.014460,0.3125
21204000,1907.468156,3546,216,0.020242,0.2578
21206000,1894.140578,3556,205,0.020432,0.3281
21208000,1925.604245,3541,221,0.021950,0.2656
21210000,1926.466172,3510,233,0.021607,0.3594
21212000,1924.647562,3503,234,0.019516,0.3281
21214000,1928.454976,3511,215,0.018998,0.2969
21216000,1927.827966,3524,223,0.017408,0.3438
21218000,1947.292442,3515,243,0.018978,0.3516
21220000,1947.934017,3483,249,0.019604,0.3203
21222000,1958.696341,3493,256,0.018007,0.3203
21224000,1943.693962,3496,245,0.015547,0.3047
21226000,1945.840147,3526,227,0.015195,0.3203
21228000,1936.319329,3504,243,0.015160,0.3125
21230000,1937.116143,3505,231,0.014804,0.3047
21232000,1965.299179,3503,240,0.016222,0.3281
21234000,1949.952345,3510,250,0.017629,0.3047
21236000,1955.439889,3494,239,0.018513,0.2500
21238000,1949.449295,3498,234,0.018438,0.3359
21240000,1986.850107,3509,237,0.021594,0.3047
21242000,1978.390012,3488,249,0.020966,0.3281
21244000,1964.554577,3503,255,0.020252,0.2422
21246000,1968.742125,3538,235,0.020869,0.3125
21248000,1967.448678,3560,213,0.022093,0.3047
21250000,1959.346462,3575,210,0.019629,0.2891
21252000,1958.749875,3560,234,0.017663,0.3594
21254000,1963.585695,3546,250,0.016315,0.3281
21256000,1971.292030,3565,248,0.016733,0.2891
21258000,1977.836477,3571,231,0.014950,0.3047
21260000,1947.385674,3579,211,0.014357,0.3438
21262000,1944.849819,3567,222,0.012465,0.3516
21264000,1935.222133,3585,221,0.015725,0.2422
21266000,1926.065034,3584,207,0.007210,0.2578
21268000,1947.924923,3553,219,0.007664,0.2969
21270000,1945.261737,3540,222,0.007818,0.3438
21272000,1962.866229,3507,232,0.010249,0.3516
21274000,1959.643375,3510,234,0.009926,0.2812
21276000,1940.540735,3521,241,0.007769,0.3672
21278000,1953.700514,3527,237,0.008623,0.2188
21280000,1986.011450,3533,242,0.008018,0.2656
21282000,1985.224840,3524,226,0.007847,0.3047
21284000,1988.844322,3543,206,0.007564,0.2891
21286000,1974.014901,3532,213,0.007382,0.2422
21288000,1987.442261,3541,214,0.007362,0.2656
21290000,1970.687177,3525,222,0.008360,0.2812
21292000,1947.669596,3526,205,0.007790,0.2344
21294000,1876.853806,3518,215,0.008814,0.3203
21296000,1861.932002,3522,224,0.007809,0.3281
21298000,1854.312097,3527,218,0.008289,0.2578
21300000,1858.400541,3503,250,0.007759,0.3359
21302000,1862.676144,3487,245,0.007865,0.3203
21304000,1856.830737,3500,257,0.007928,0.3047
21306000,1850.103397,3519,251,0.007029,0.3516
21308000,1856.873375,3530,239,0.012504,0.3125
21310000,1839.884161,3525,239,0.006202,0.2031
21312000,1829.012668,3561,212,0.006046,0.3125
21314000,1834.203385,3540,230,0.006673,0.3125
21316000,1829.389719,3549,231,0.005510,0.3281
21318000,1832.419234,3546,237,0.005777,0.2969
21320000,1837.363182,3562,230,0.005538,0.2422
21322000,1851.378524,3547,259,0.006004,0.3203
21324000,1849.361849,3551,246,0.006721,0.2969
21326000,1845.846356,3575,217,0.008951,0.2734
21328000,1837.090623,3545,207,0.007212,0.3281
21330000,1833.619317,3524,218,0.006601,0.3281
21332000,1822.477271,3532,218,0.009816,0.3594
21334000,1846.314033,3522,229,0.014037,0.3125
21336000,1881.832755,3505,223,0.027232,0.2891
21338000,1897.303414,3530,224,0.030336,0.3047
21340000,1892.894369,3537,214,0.028507,0.2812
21342000,1876.681491,3500,228,0.027540,0.3125
21344000,1866.837444,3523,250,0.024886,0.3750
21346000,1856.141796,3535,238,0.025380,0.2891
21348000,1860.949042,3544,232,0.028667,0.3047
21350000,1879.771580,3507,250,0.029095,0.2812
21352000,1901.188468,3527,242,0.029701,0.2891
21354000,1920.516504,3512,228,0.031694,0.3203
21356000,1915.578206,3533,238,0.025822,0.3438
21358000,1901.320613,3550,241,0.019652,0.2734
21360000,1908.121681,3525,234,0.016460,0.2734
21362000,1896.783533,3519,221,0.016683,0.3125
21364000,1903.848890,3515,229,0.015403,0.3359
21366000,1940.439444,3536,229,0.009169,0.2656
21368000,1932.001903,3531,229,0.011249,0.3281
21370000,1941.789999,3531,214,0.014108,0.2266
21372000,1930.080181,3540,226,0.019558,0.2500
21374000,1941.244767,3533,230,0.017074,0.2734
21376000,1925.900291,3523,230,0.018868,0.2969
21378000,1913.306598,3537,223,0.019010,0.3125
21380000,1916.001858,3514,227,0.020711,0.3594
21382000,1906.845224,3480,238,0.017518,0.2578
21384000,1903.407477,3517,232,0.012141,0.3359
21386000,1891.405831,3539,234,0.008866,0.2266
21388000,1900.254603,3529,239,0.007770,0.3281
21390000,1918.480398,3536,232,0.007458,0.3203
21392000,1905.943725,3506,244,0.008709,0.3750
21394000,1930.608206,3489,229,0.012157,0.2500
21396000,1943.228636,3488,247,0.007747,0.3281
21398000,1936.521077,3506,249,0.010168,0.3281
21400000,1946.533907,3542,239,0.013142,0.3047
21402000,1962.139021,3526,226,0.013930,0.3203
21404000,1958.793524,3538,223,0.015420,0.2734
21406000,1946.043128,3532,232,0.014529,0.2578
21408000,1943.672219,3542,238,0.014606,0.2344
21410000,1932.487511,3545,246,0.017377,0.3281
21412000,1927.410464,3526,248,0.017130,0.2734
21414000,1917.240552,3521,250,0.017439,0.2969
21416000,1910.600586,3548,228,0.020405,0.2969
21418000,1905.614220,3530,241,0.020741,0.3203
21420000,1868.234343,3530,249,0.010705,0.3594
21422000,1878.062799,3553,225,0.010597,0.3359
21424000,1875.127942,3563,223,0.011483,0.3594
21426000,1886.164878,3586,216,0.009241,0.2734
21428000,1888.239319,3578,206,0.011093,0.3203
21430000,1881.757802,3578,219,0.011843,0.2812
21432000,1890.870599,3581,207,0.010545,0.2031
21434000,1899.923523,3541,229,0.009454,0.2422
21436000,1868.922859,3567,217,0.013772,0.2578
21438000,1871.293466,3572,205,0.013063,0.3047
21440000,1869.837135,3575,211,0.011901,0.3281
21442000,1880.019954,3568,204,0.021579,0.2109
21444000,1871.553593,3541,226,0.021065,0.3672
21446000,1849.259109,3506,235,0.018834,0.3125
21448000,1819.477142,3531,212,0.005264,0.3359
21450000,1814.584539,3510,218,0.005028,0.2969
21452000,1824.897112,3495,237,0.002349,0.3594
21454000,1821.442267,3478,236,0.002985,0.3203
21456000,1806.199033,3475,244,0.002501,0.3281
21458000,1796.261433,3514,226,0.003753,0.3203
21460000,1798.410803,3510,221,0.003924,0.3438
21462000,1782.233082,3483,239,0.004716,0.2891
21464000,1770.263587,3494,228,0.003819,0.2812
21466000,1769.085150,3503,251,0.004563,0.2734
21468000,1768.343136,3510,230,0.004369,0.3281
21470000,1777.299066,3517,225,0.004505,0.2266
21472000,1804.845950,3551,230,0.003212,0.2500
21474000,1809.232742,3537,232,0.004854,0.3281
21476000,1835.153498,3542,223,0.011812,0.3047
21478000,1824.647530,3527,204,0.010535,0.3750
21480000,1836.333093,3543,213,0.009883,0.3750
21482000,1845.514365,3553,221,0.010791,0.3047
21484000,1843.478563,3561,209,0.009877,0.3203
21486000,1832.921471,3557,209,0.009245,0.2891
21488000,1833.838709,3546,233,0.010640,0.2344
21490000,1816.640514,3543,235,0.015074,0.3203
21492000,1803.441693,3564,210,0.013011,0.2109
21494000,1805.594973,3567,196,0.011580,0.2812
21496000,1788.737947,3563,195,0.008307,0.2812
21498000,1782.074274,3571,197,0.008340,0.2891
21500000,1788.736646,3569,209,0.007863,0.2734
21502000,1789.475453,3572,202,0.007248,0.2422
21504000,1782.380904,3537,226,0.008211,0.3438
21506000,1784.016553,3545,227,0.009417,0.2656
21508000,1809.935651,3506,224,0.009881,0.2969
21510000,1809.833941,3485,240,0.010290,0.2344
21512000,1797.020964,3498,249,0.011027,0.3203
21514000,1795.325939,3501,244,0.013550,0.3047
21516000,1786.607186,3518,226,0.012356,0.2656
21518000,1791.040122,3535,220,0.012417,0.2344
21520000,1791.518475,3552,195,0.011728,0.3438
21522000,1794.667474,3558,210,0.010621,0.3438
21524000,1792.600786,3536,222,0.010795,0.2734
21526000,1808.487351,3529,229,0.009217,0.3125
21528000,1808.478031,3532,238,0.009531,0.3047
21530000,1809.321757,3501,242,0.012851,0.3203
21532000,1796.879661,3487,253,0.016180,0.3516
21534000,1781.705932,3503,242,0.014533,0.3281
21536000,1781.780105,3487,243,0.016573,0.2578
21538000,1805.450078,3471,242,0.018028,0.3359
21540000,1807.975851,3456,254,0.018980,0.3281
21542000,1798.983912,3425,275,0.017362,0.2969
21544000,1799.622274,3432,276,0.018149,0.3125
21546000,1797.725672,3415,276,0.019262,0.3594
21548000,1766.532920,3447,251,0.014403,0.3047
21550000,1773.699426,3487,250,0.012943,0.3438
21552000,1778.846506,3502,226,0.013723,0.2344
21554000,1774.898337,3489,231,0.012475,0.3281
21556000,1784.231021,3483,235,0.012212,0.3594
21558000,1803.488433,3480,214,0.015217,0.2578
21560000,1786.910949,3476,215,0.016258,0.2656
21562000,1806.002132,3495,216,0.017146,0.3281
21564000,1798.072890,3503,212,0.018376,0.2578
21566000,1771.825008,3505,221,0.035220,0.3906
21568000,1766.302864,3510,218,0.033891,0.2656
21570000,1762.118629,3509,208,0.032523,0.2734
21572000,1777.655837,3498,204,0.036742,0.3672
21574000,1782.472204,3497,228,0.033752,0.2344
21576000,1778.449175,3487,221,0.046606,0.3203
21578000,1781.547737,3467,235,0.044494,0.3047
21580000,1774.551727,3471,231,0.045437,0.2891
21582000,1783.836674,3469,237,0.047542,0.3516
21584000,1770.064888,3462,245,0.046313,0.3203
21586000,1763.744587,3471,234,0.046081,0.3125
21588000,1770.414325,3473,242,0.042462,0.3281
21590000,1767.272916,3474,244,0.041851,0.3438
21592000,1765.945536,3498,205,0.038439,0.2656
21594000,1764.067175,3485,225,0.039551,0.2656
21596000,1772.532343,3483,229,0.044559,0.3203
21598000,1768.984883,3500,229,0.042906,0.2969
21600000,1760.191487,3508,213,0.042030,0.2422
21602000,1755.395591,3476,231,0.038566,0.3438
21604000,1752.502612,3493,232,0.038067,0.3047
21606000,1759.044050,3516,225,0.037041,0.2969
21608000,1771.633700,3494,244,0.037910,0.3125
21610000,1774.761268,3518,224,0.039476,0.2969
21612000,1774.915573,3518,247,0.036402,0.2891
21614000,1802.430159,3490,251,0.043115,0.2891
21616000,1794.164664,3493,248,0.041099,0.2891
21618000,1805.836337,3511,245,0.041840,0.3672
21620000,1793.528682,3492,240,0.036611,0.3281
21622000,1804.698360,3520,232,0.041265,0.2891
21624000,1824.290491,3539,222,0.038867,0.3203
21626000,1803.757167,3553,220,0.039961,0.3359
21628000,1805.916701,3541,229,0.042122,0.3203
21630000,1818.409844,3563,215,0.042725,0.2969
21632000,1841.588778,3573,230,0.034995,0.2422
21634000,1839.311999,3575,229,0.036620,0.2422
21636000,1836.975891,3578,228,0.040125,0.3125
21638000,1839.975426,3569,221,0.048770,0.1953
21640000,1846.970575,3569,228,0.036482,0.3047
21642000,1831.894559,3555,224,0.034000,0.3438
21644000,1837.083101,3557,213,0.037110,0.2578
21646000,1828.385449,3593,184,0.038016,0.2500
21648000,1763.010515,3600,177,0.007781,0.3281
21650000,1763.770354,3592,193,0.007065,0.2656
21652000,1773.313877,3583,204,0.011528,0.1797
21654000,1773.488098,3607,193,0.010423,0.3906
21656000,1765.666020,3574,214,0.011284,0.3125
21658000,1762.328048,3563,209,0.010284,0.2734
21660000,1805.511973,3582,202,0.006084,0.2734
21662000,1810.354092,3576,211,0.003881,0.2812
21664000,1816.292069,3556,216,0.004183,0.2656
21666000,1833.320533,3531,234,0.002254,0.2969
21668000,1830.675884,3537,226,0.002156,0.3125
21670000,1830.353283,3536,225,0.003187,0.3203
21672000,1829.697211,3545,207,0.003698,0.2812
21674000,1808.086869,3535,212,0.003803,0.3594
21676000,1799.980619,3496,231,0.004915,0.3203
21678000,1774.076341,3504,235,0.006004,0.2812
21680000,1791.784164,3521,224,0.008783,0.3359
21682000,1809.141544,3515,233,0.015904,0.3438
21684000,1808.463353,3512,246,0.011126,0.2812
21686000,1820.232463,3541,221,0.011555,0.3594
21688000,1833.224420,3523,234,0.011236,0.3281
21690000,1834.125272,3492,238,0.011257,0.3359
21692000,1846.758183,3514,227,0.012628,0.2969
21694000,1826.115029,3504,241,0.013120,0.2266
21696000,1844.592973,3489,233,0.012452,0.2969
21698000,1808.688573,3489,245,0.007329,0.3594
21700000,1810.614695,3489,248,0.012059,0.3359
21702000,1815.066403,3485,251,0.011122,0.2891
21704000,1831.608916,3514,247,0.012378,0.3594
21706000,1813.844849,3496,251,0.013328,0.3438
21708000,1810.991404,3521,248,0.013855,0.3125
21710000,1830.174274,3540,240,0.013761,0.3203
21712000,1822.883392,3519,224,0.013638,0.2812
21714000,1782.844186,3501,240,0.022170,0.2734
21716000,1778.223576,3493,239,0.019569,0.3047
21718000,1771.216658,3508,235,0.019233,0.2969
21720000,1779.824508,3494,247,0.021006,0.3750
21722000,1781.602855,3503,233,0.021343,0.3125
21724000,1785.101792,3521,218,0.021279,0.2344
21726000,1817.068418,3507,235,0.015083,0.2578
21728000,1823.035997,3500,236,0.015619,0.3438
21730000,1848.752697,3497,232,0.014033,0.3203
21732000,1852.335987,3491,243,0.013382,0.3047
21734000,1856.890142,3514,227,0.012086,0.3281
21736000,1859.469819,3516,228,0.011649,0.2422
21738000,1854.023347,3523,228,0.009822,0.3047
21740000,1854.649569,3544,227,0.010197,0.2734
21742000,1851.337804,3559,216,0.014687,0.2656
21744000,1832.117339,3531,226,0.014458,0.3047
21746000,1829.779722,3537,238,0.015430,0.2812
21748000,1812.075251,3507,255,0.015541,0.2891
21750000,1823.882649,3506,238,0.019067,0.2578
21752000,1819.575141,3487,245,0.018697,0.3281
21754000,1815.967013,3474,250,0.018589,0.3438
21756000,1828.407533,3464,268,0.017888,0.3125
21758000,1834.697212,3459,270,0.019112,0.3281
21760000,1850.622433,3438,291,0.019736,0.3516
21762000,1848.508504,3479,263,0.016497,0.3516
21764000,1845.496428,3449,283,0.005123,0.3906
21766000,1837.989928,3439,250,0.005930,0.3359
21768000,1840.154679,3470,236,0.006044,0.2500
21770000,1853.413082,3479,244,0.007274,0.2812
21772000,1847.301719,3469,272,0.005456,0.2656
21774000,1852.043719,3449,275,0.007802,0.3359
21776000,1834.258525,3439,265,0.005981,0.3203
21778000,1829.183944,3453,285,0.005969,0.3438
21780000,1828.504073,3447,290,0.005183,0.3438
21782000,1825.035178,3500,261,0.005989,0.3047
21784000,1834.176455,3500,248,0.005917,0.3125
21786000,1820.574575,3492,235,0.006548,0.3438
21788000,1852.553745,3508,246,0.008975,0.3047
21790000,1848.277565,3508,236,0.008087,0.3906
21792000,1857.535651,3499,242,0.007890,0.3984
21794000,1867.318282,3508,230,0.009289,0.2812
21796000,1878.424791,3531,217,0.008847,0.3438
21798000,1870.413482,3550,212,0.008903,0.2500
21800000,1869.665004,3549,217,0.008967,0.3281
21802000,1855.308976,3559,199,0.008225,0.2656
21804000,1873.459110,3587,195,0.007391,0.2734
21806000,1856.453960,3564,208,0.007571,0.2500
21808000,1850.504011,3549,233,0.008189,0.2734
21810000,1852.013959,3535,235,0.008613,0.3906
21812000,1852.268372,3531,238,0.007073,0.3438
21814000,1846.386405,3538,220,0.008344,0.3203
21816000,1835.917222,3518,221,0.008522,0.2969
21818000,1824.717445,3527,229,0.010226,0.3125
21820000,1826.284949,3530,232,0.010161,0.3047
21822000,1862.644097,3540,221,0.011049,0.2656
21824000,1854.546036,3515,216,0.010363,0.2734
21826000,1852.493411,3551,193,0.010051,0.3672
21828000,1858.502953,3541,202,0.010456,0.2812
21830000,1872.113697,3530,207,0.010103,0.2891
21832000,1876.881261,3523,231,0.010679,0.3672
21834000,1883.255464,3523,232,0.009118,0.3125
21836000,1878.111740,3508,242,0.008397,0.2734
21838000,1889.307894,3468,239,0.008196,0.3672
21840000,1866.000447,3503,211,0.006652,0.2656
21842000,1879.492128,3495,218,0.007380,0.3125
21844000,1890.925734,3497,211,0.008482,0.2812
21846000,1878.420271,3482,241,0.008340,0.3750
21848000,1885.059009,3484,234,0.007586,0.3438
21850000,1888.174947,3497,234,0.007976,0.2500
21852000,1894.891361,3482,252,0.008814,0.3281
21854000,1863.551270,3464,264,0.011156,0.3281
21856000,1853.922596,3446,267,0.011129,0.2344
21858000,1863.590698,3438,259,0.011675,0.3594
21860000,1850.638888,3502,223,0.010417,0.2656
21862000,1849.203752,3522,223,0.007140,0.3359
21864000,1914.215340,3514,218,0.007783,0.2734
21866000,1914.730559,3545,214,0.007455,0.3125
21868000,1908.539230,3532,230,0.007820,0.3047
21870000,1911.074519,3559,219,0.007782,0.2656
21872000,1889.340899,3538,236,0.008411,0.3438
21874000,1894.588780,3539,233,0.008049,0.3203
21876000,1898.273281,3512,250,0.007314,0.2188
21878000,1913.770184,3519,236,0.008870,0.2578
21880000,1915.656199,3503,263,0.007854,0.3672
21882000,1901.333409,3533,246,0.009628,0.2422
21884000,1897.559916,3542,234,0.012249,0.3750
21886000,1923.506687,3540,245,0.037102,0.2891
21888000,1926.462506,3560,226,0.037078,0.3438
21890000,1923.195417,3551,215,0.037239,0.2891
21892000,1933.179583,3555,206,0.039189,0.2500
21894000,1939.566962,3538,221,0.038209,0.3281
21896000,1933.360956,3530,212,0.038275,0.2500
21898000,1925.945446,3534,222,0.036949,0.3125
21900000,1920.166175,3533,214,0.038526,0.2734
21902000,1913.399655,3524,220,0.039166,0.3047
21904000,1922.153246,3513,220,0.040462,0.2578
21906000,1920.541532,3523,212,0.038883,0.3047
21908000,1937.746648,3548,210,0.041375,0.2344
21910000,1940.731087,3515,226,0.040597,0.2656
21912000,1942.893425,3478,244,0.041347,0.2578
21914000,1926.995237,3465,260,0.037153,0.4141
21916000,1935.003722,3464,247,0.039393,0.2422
21918000,2019.685009,3479,233,0.011281,0.3984
21920000,2020.491292,3501,239,0.010365,0.2188
21922000,2018.669767,3497,250,0.009450,0.2969
21924000,2003.436114,3540,234,0.038659,0.2969
21926000,1996.426770,3548,226,0.039146,0.2656
21928000,1998.946909,3548,233,0.040470,0.3281
21930000,1985.769741,3553,233,0.045020,0.2656
21932000,1970.047084,3563,217,0.044613,0.3281
21934000,2003.784006,3575,211,0.052868,0.3125
21936000,2009.515354,3571,232,0.053511,0.3594
21938000,2007.881653,3574,218,0.054057,0.2422
21940000,1998.292431,3567,216,0.058239,0.2734
21942000,1998.604669,3566,214,0.060669,0.2578
21944000,2003.080932,3548,219,0.061144,0.3359
21946000,2046.813051,3536,229,0.053494,0.2891
21948000,2035.490106,3522,234,0.051759,0.3359
21950000,2024.081215,3527,246,0.053229,0.2656
21952000,2021.550930,3512,240,0.061097,0.2734
21954000,2033.469648,3473,254,0.061915,0.2812
21956000,2037.097416,3481,256,0.059890,0.3125
21958000,2022.395698,3479,267,0.057671,0.3359
21960000,2009.132695,3495,250,0.052621,0.3438
21962000,2043.536953,3483,241,0.053368,0.2891
21964000,2057.153545,3482,221,0.057381,0.4062
21966000,1952.677955,3488,251,0.049460,0.3750
21968000,1931.135384,3471,255,0.048302,0.4297
21970000,1947.099961,3490,248,0.048679,0.3359
21972000,1944.461544,3488,247,0.045826,0.2969
21974000,1923.030773,3522,228,0.044809,0.3359
21976000,1922.406953,3521,235,0.044870,0.3516
21978000,1927.629013,3540,227,0.047952,0.3203
21980000,1934.115450,3544,213,0.043635,0.3516
21982000,1936.358926,3553,212,0.046089,0.3203
21984000,1967.294106,3572,225,0.013908,0.3047
21986000,1935.162528,3546,223,0.026078,0.2734
21988000,1938.800956,3556,213,0.027253,0.2812
21990000,1931.809665,3547,215,0.027874,0.2891
21992000,1929.626159,3533,214,0.026828,0.2344
21994000,1887.363486,3521,214,0.020703,0.2656
21996000,1894.582621,3531,209,0.020671,0.3203
21998000,1905.600653,3531,207,0.021552,0.3281
22000000,1894.028011,3528,228,0.024816,0.2500
22002000,1891.852198,3536,241,0.020434,0.3672
22004000,1884.587462,3541,220,0.020092,0.2812
22006000,1899.318017,3514,225,0.019094,0.2969
22008000,1912.365738,3536,222,0.018484,0.2734
22010000,1914.217711,3533,220,0.019589,0.2812
22012000,1913.734647,3547,223,0.018440,0.2266
22014000,1921.916525,3529,221,0.021821,0.3125
22016000,1932.621893,3534,225,0.020821,0.3125
22018000,1931.210897,3576,221,0.023148,0.3281
22020000,1924.213278,3561,219,0.023367,0.3125
22022000,1918.978643,3533,226,0.022251,0.2422
22024000,1902.706047,3528,215,0.019944,0.2188
22026000,1898.837220,3532,228,0.018888,0.3203
22028000,1894.468297,3530,246,0.016329,0.3125
22030000,1892.653489,3526,233,0.018706,0.3516
22032000,1886.031198,3491,228,0.020377,0.3125
22034000,1886.782711,3492,234,0.016892,0.3359
22036000,1864.713084,3483,232,0.012897,0.2734
22038000,1894.153140,3469,232,0.011566,0.3672
22040000,1890.366172,3460,232,0.011157,0.2812
22042000,1897.245108,3445,256,0.013745,0.2344
22044000,1889.030016,3472,247,0.013999,0.3281
22046000,1884.952681,3509,225,0.013875,0.4062
22048000,1897.266658,3515,216,0.013940,0.3594
22050000,1863.069815,3483,231,0.012606,0.3359
22052000,1855.860704,3501,241,0.010102,0.2656
22054000,1868.242969,3503,235,0.010094,0.3125
22056000,1855.317300,3504,206,0.009226,0.3203
22058000,1857.318044,3487,227,0.008278,0.2578
22060000,1862.764991,3474,223,0.010358,0.2969
22062000,1867.380692,3475,218,0.011414,0.3047
22064000,1880.706175,3457,230,0.013975,0.3359
22066000,1881.935544,3464,253,0.014003,0.3281
22068000,1889.247865,3465,244,0.011805,0.3125
22070000,1892.674045,3485,235,0.010647,0.1953
22072000,1875.769439,3478,246,0.009052,0.3516
22074000,1857.324005,3497,238,0.007397,0.3203
22076000,1863.069577,3516,223,0.006080,0.3359
22078000,1870.831996,3499,221,0.007932,0.3047
22080000,1875.048475,3495,250,0.007241,0.2812
22082000,1878.889208,3517,226,0.007992,0.3359
22084000,1885.151265,3527,231,0.006108,0.3047
22086000,1907.225445,3545,225,0.006170,0.3281
22088000,1900.259773,3550,221,0.011323,0.2578
22090000,1886.116441,3532,223,0.010335,0.2812
22092000,1901.912287,3529,238,0.011822,0.3047
22094000,1905.757572,3521,241,0.015092,0.2656
22096000,1915.688908,3537,209,0.017916,0.3125
22098000,1902.357897,3514,221,0.015833,0.3047
22100000,1909.608596,3529,221,0.016277,0.3516
22102000,1920.925186,3535,234,0.017249,0.3359
22104000,1905.348800,3523,225,0.015028,0.2969
22106000,1925.607271,3520,221,0.017990,0.2969
22108000,1939.765456,3497,246,0.005526,0.2891
22110000,1933.766352,3482,240,0.007837,0.3516
22112000,1944.173959,3498,225,0.008284,0.2969
22114000,1939.404156,3470,241,0.007519,0.3281
22116000,1943.421687,3498,248,0.008269,0.3516
22118000,1924.966018,3501,252,0.007284,0.2969
22120000,1923.226616,3479,249,0.008653,0.3438
22122000,1921.450659,3511,235,0.008187,0.2578
22124000,1900.370907,3514,221,0.008043,0.3125
22126000,1912.066199,3526,211,0.009099,0.2969
22128000,1924.663228,3539,208,0.010012,0.2891
22130000,1888.719378,3562,221,0.012556,0.2969
22132000,1895.765855,3555,205,0.009206,0.2891
22134000,1892.441539,3547,220,0.011993,0.3438
22136000,1889.129751,3554,220,0.014282,0.2578
22138000,1894.496882,3546,215,0.015139,0.3359
22140000,1901.348579,3559,210,0.016516,0.3203
22142000,1891.314131,3526,210,0.020029,0.2734
22144000,1903.152465,3555,204,0.016548,0.2891
22146000,1915.320178,3546,192,0.015706,0.2656
22148000,1920.009386,3525,204,0.011503,0.2969
22150000,1918.191178,3533,211,0.010247,0.3438
22152000,1917.577999,3496,212,0.011037,0.2969
22154000,1909.695724,3490,235,0.011121,0.2969
22156000,1921.692726,3508,221,0.011453,0.3281
22158000,1918.147464,3510,232,0.010016,0.3828
22160000,1926.916423,3498,230,0.010895,0.3047
22162000,1917.784072,3510,225,0.009341,0.3359
22164000,1919.016552,3495,233,0.007518,0.3125
22166000,1898.117172,3506,223,0.007572,0.2969
22168000,1899.622608,3528,215,0.010669,0.3125
22170000,1898.323580,3555,211,0.011226,0.2812
22172000,1909.667039,3560,210,0.009982,0.3594
22174000,1898.894148,3538,221,0.009524,0.3047
22176000,1906.312381,3528,222,0.009587,0.2188
22178000,1909.477251,3522,240,0.008662,0.2578
22180000,1934.569615,3523,246,0.010758,0.3203
22182000,1920.838584,3518,236,0.010650,0.2188
22184000,1912.997350,3513,248,0.009674,0.4062
22186000,1909.718909,3528,244,0.007485,0.3516
22188000,1920.134956,3520,230,0.007325,0.2969
22190000,1908.599313,3526,233,0.006003,0.2578
22192000,1911.132629,3541,203,0.011073,0.1797
22194000,1925.148871,3552,216,0.011047,0.3047
22196000,1927.403976,3554,231,0.011949,0.3281
22198000,1930.877767,3536,226,0.009410,0.2422
22200000,1911.758800,3548,224,0.012133,0.3281
22202000,1931.375634,3562,223,0.014414,0.3516
22204000,1895.336005,3553,213,0.011706,0.2891
22206000,1877.463411,3566,221,0.008162,0.3516
22208000,1893.293445,3568,232,0.009344,0.3516
22210000,1889.343368,3575,217,0.009547,0.2812
22212000,1891.305331,3571,224,0.008070,0.3047
22214000,1891.842909,3560,236,0.007042,0.2969
22216000,1881.084448,3559,233,0.006019,0.2656
22218000,1874.336987,3584,212,0.005838,0.2969
22220000,1886.977596,3614,199,0.004715,0.2734
22222000,1850.405124,3626,194,0.002373,0.2656
22224000,1855.966997,3613,217,0.002210,0.2734
22226000,1866.902642,3588,232,0.001749,0.2656
22228000,1879.466146,3574,234,0.002013,0.2656
22230000,1877.540330,3558,236,0.001232,0.3359
22232000,1878.291048,3585,226,0.000947,0.2500
22234000,1882.794578,3591,211,0.001272,0.3281
22236000,1904.824874,3565,233,0.001730,0.3203
22238000,1914.074861,3569,222,0.004036,0.2734
22240000,1924.443506,3539,240,0.004194,0.3125
22242000,1948.305970,3541,231,0.002579,0.3125
22244000,1940.716449,3564,228,0.003106,0.2500
22246000,1935.811709,3562,223,0.003271,0.3594
22248000,1938.779951,3583,209,0.004366,0.3516
22250000,1937.321063,3582,214,0.004639,0.3516
22252000,1935.159028,3591,226,0.005484,0.3125
22254000,1934.405931,3574,214,0.003834,0.2812
22256000,1942.528758,3579,211,0.006094,0.2656
22258000,1934.804833,3596,215,0.005632,0.2344
22260000,1923.575511,3584,223,0.004046,0.2578
22262000,1909.658808,3571,226,0.004321,0.3281
22264000,1908.613242,3569,236,0.005412,0.2578
22266000,1916.513906,3575,233,0.005011,0.2969
22268000,1894.192408,3564,226,0.002631,0.2969
22270000,1905.396577,3566,218,0.002831,0.3203
22272000,1897.263522,3558,228,0.001554,0.2891
22274000,1903.544203,3553,247,0.002239,0.2812
22276000,1895.874688,3557,227,0.001957,0.2969
22278000,1892.616462,3519,253,0.002002,0.3203
22280000,1868.983986,3535,248,0.002799,0.3594
22282000,1868.753048,3547,241,0.005775,0.3203
22284000,1864.868803,3551,242,0.006349,0.3047
22286000,1876.749957,3549,227,0.006459,0.2500
22288000,1862.868644,3542,245,0.001569,0.2656
22290000,1880.844353,3555,226,0.002209,0.2969
22292000,1880.230032,3552,228,0.002447,0.3281
22294000,1877.550755,3532,243,0.002337,0.2734
22296000,1881.743040,3523,251,0.001296,0.3281
22298000,1871.552953,3549,230,0.001364,0.2812
22300000,1870.407633,3558,218,0.001631,0.3516
22302000,1867.282455,3538,254,0.001567,0.2656
22304000,1866.576093,3552,233,0.001713,0.3594
22306000,1857.004017,3568,230,0.001104,0.3281
22308000,1894.224603,3582,224,0.001028,0.3203
22310000,1910.896016,3590,222,0.001307,0.2891
22312000,1911.113407,3591,220,0.001348,0.3984
22314000,1911.965667,3562,213,0.001383,0.1719
22316000,1892.527409,3566,213,0.000772,0.3516
22318000,1884.312091,3580,215,0.000968,0.3125
22320000,1893.984998,3595,212,0.000735,0.2891
22322000,1884.286415,3557,236,0.000844,0.2734
22324000,1886.939589,3562,234,0.001603,0.3125
22326000,1904.083334,3570,224,0.002267,0.3594
22328000,1913.616506,3566,223,0.001631,0.3672
22330000,1897.037500,3549,222,0.001308,0.3125
22332000,1901.504525,3553,215,0.001077,0.3438
22334000,1889.718667,3564,207,0.001950,0.2734
22336000,1912.502928,3566,202,0.004757,0.2344
22338000,1922.126182,3569,203,0.003984,0.3281
22340000,1919.702670,3578,198,0.005047,0.2734
22342000,1946.355178,3553,205,0.005892,0.3594
22344000,1948.292443,3552,217,0.005534,0.2578
22346000,1960.700979,3563,243,0.009073,0.3594
22348000,1953.219207,3589,212,0.008955,0.2891
22350000,1934.371829,3587,214,0.009060,0.2734
22352000,1942.973656,3549,232,0.008185,0.2422
22354000,1950.647728,3565,217,0.008798,0.3281
22356000,1963.589606,3555,235,0.010509,0.2812
22358000,1947.804320,3529,224,0.010088,0.2344
22360000,1945.367557,3520,234,0.007747,0.3359
22362000,1935.107256,3533,226,0.006188,0.2578
22364000,1976.936960,3520,221,0.003849,0.3125
22366000,1972.253191,3548,209,0.002878,0.2656
22368000,1982.523024,3552,234,0.003425,0.3281
22370000,1972.801902,3552,216,0.003001,0.3125
22372000,1955.977986,3543,207,0.003521,0.2812
22374000,1988.118128,3576,213,0.003185,0.2734
22376000,1953.485169,3569,195,0.000629,0.2344
22378000,1951.574126,3562,207,0.000237,0.3359
22380000,1949.105843,3546,221,0.000298,0.2812
22382000,1963.592597,3562,223,0.000154,0.2422
22384000,1960.264608,3543,213,0.000465,0.3672
22386000,1917.748020,3537,237,0.004881,0.2344
22388000,1952.664546,3514,241,0.005139,0.2656
22390000,1937.139569,3511,245,0.004262,0.3203
22392000,1937.202863,3520,232,0.004331,0.2109
22394000,1929.428829,3507,246,0.003830,0.2891
22396000,1976.678435,3532,236,0.052412,0.3125
22398000,1978.614660,3545,238,0.050513,0.2109
22400000,1962.421986,3554,236,0.050548,0.2500
22402000,1953.604441,3546,234,0.068572,0.3984
22404000,1943.880228,3549,219,0.064513,0.3125
22406000,1941.839837,3530,227,0.064437,0.3359
22408000,1952.457966,3554,222,0.065210,0.3047
22410000,1952.366249,3606,202,0.056781,0.2734
22412000,1952.129266,3588,208,0.056156,0.3203
22414000,1954.014635,3593,201,0.043007,0.2422
22416000,1955.660344,3609,204,0.042672,0.3047
22418000,1951.445799,3592,206,0.043215,0.2969
22420000,1957.598481,3582,221,0.046731,0.2500
22422000,1959.048031,3610,193,0.048194,0.3516
22424000,1957.564967,3589,214,0.047139,0.2578
22426000,1965.802211,3591,207,0.050503,0.2812
22428000,1956.767502,3588,203,0.049121,0.3359
22430000,1968.207839,3591,208,0.049360,0.3047
22432000,1953.916652,3576,204,0.046228,0.2891
22434000,1957.441028,3590,188,0.045883,0.3203
22436000,1971.893938,3559,215,0.038156,0.3984
22438000,1981.608713,3573,210,0.040478,0.2578
22440000,1984.524776,3583,200,0.036643,0.2891
22442000,1971.453097,3614,182,0.036271,0.2578
22444000,1982.998833,3615,189,0.034869,0.3281
22446000,1988.648879,3614,205,0.034631,0.2891
22448000,1961.693200,3631,185,0.035143,0.2734
22450000,1961.180661,3606,206,0.037229,0.3125
22452000,1951.738090,3602,200,0.036212,0.2812
22454000,1947.609781,3601,205,0.033380,0.3047
22456000,1948.235671,3582,210,0.034003,0.3516
22458000,1965.061634,3600,199,0.038802,0.2734
22460000,1947.383953,3600,202,0.038086,0.3281
22462000,1929.920488,3592,207,0.036151,0.3594
22464000,1927.795518,3548,220,0.039622,0.3281
22466000,1932.321440,3559,224,0.040885,0.3125
22468000,1917.618823,3534,223,0.045110,0.2812
22470000,1917.996752,3535,228,0.048924,0.3047
22472000,1930.856746,3542,217,0.048144,0.3438
22474000,1916.113966,3540,211,0.037678,0.2578
22476000,1917.938106,3548,221,0.036524,0.2734
22478000,1915.713015,3554,213,0.040703,0.2969
22480000,1892.053097,3539,213,0.045052,0.3125
22482000,1910.412490,3553,219,0.045219,0.3359
22484000,1917.147263,3578,214,0.051249,0.2656
22486000,1899.073951,3559,245,0.046979,0.3047
22488000,1897.905349,3542,243,0.041351,0.3906
22490000,1910.820176,3552,218,0.043203,0.3828
22492000,1918.499274,3566,218,0.045910,0.3594
22494000,1924.580029,3535,222,0.046175,0.2578
22496000,1909.423439,3544,206,0.048012,0.2500
22498000,1905.167141,3564,208,0.049025,0.2422
22500000,1911.032434,3542,221,0.048498,0.2578
22502000,1894.000874,3518,233,0.042650,0.3203
22504000,1887.175287,3527,216,0.050692,0.2812
22506000,1883.131319,3536,214,0.057339,0.3281
22508000,1833.361408,3534,231,0.045867,0.3203
22510000,1834.985352,3523,243,0.048402,0.3438
22512000,1826.109408,3509,236,0.045272,0.3281
22514000,1822.130572,3519,214,0.045933,0.3203
22516000,1804.018255,3504,232,0.051515,0.3281
22518000,1796.669876,3514,230,0.053000,0.2344
22520000,1803.624191,3502,234,0.057108,0.4219
22522000,1814.715512,3516,222,0.047744,0.3438
22524000,1858.440958,3516,259,0.066548,0.3047
22526000,1862.995359,3530,225,0.068367,0.2812
22528000,1852.221652,3560,213,0.069686,0.2969
22530000,1861.126548,3574,210,0.071333,0.2812
22532000,1918.523449,3579,204,0.059676,0.3516
22534000,1904.321707,3592,208,0.054059,0.2734
22536000,1898.502818,3568,209,0.055322,0.3359
22538000,1914.823344,3576,204,0.054486,0.3438
22540000,1909.740099,3585,211,0.056823,0.2578
22542000,1901.393179,3582,206,0.061798,0.3125
22544000,1894.817195,3578,232,0.062870,0.3203
22546000,1892.485180,3552,234,0.061390,0.3281
22548000,1916.378549,3556,239,0.071345,0.3594
22550000,1935.402698,3557,234,0.090150,0.2734
22552000,1939.603604,3559,230,0.088203,0.2422
22554000,1920.586293,3557,227,0.082232,0.2422
22556000,1914.794049,3509,246,0.083044,0.3359
22558000,1909.387101,3567,219,0.059467,0.3125
22560000,1899.479484,3575,217,0.055584,0.2500
22562000,1909.876452,3547,230,0.057558,0.3125
22564000,1911.325758,3552,233,0.058919,0.2812
22566000,1915.007938,3585,211,0.057156,0.3203
22568000,1925.955191,3572,227,0.056502,0.2891
22570000,1932.714359,3529,229,0.060732,0.3906
22572000,1919.761737,3552,203,0.063279,0.3906
22574000,1893.623299,3539,214,0.065276,0.3047
22576000,1896.178987,3521,221,0.061930,0.3047
22578000,1877.208192,3507,228,0.051563,0.3516
22580000,1900.307514,3543,214,0.050417,0.3125
22582000,1905.731927,3517,221,0.049616,0.2656
22584000,1900.250618,3488,247,0.048614,0.3047
22586000,1891.603990,3511,223,0.046273,0.3828
22588000,1889.255921,3515,226,0.045447,0.2969
22590000,1917.329451,3519,229,0.052544,0.2969
22592000,1917.267160,3506,229,0.050630,0.2578
22594000,1904.515220,3509,219,0.047548,0.2891
22596000,1872.115103,3492,249,0.036643,0.2969
22598000,1892.636886,3495,225,0.041133,0.3203
22600000,1903.499027,3515,219,0.044270,0.2734
22602000,1899.747605,3540,219,0.045032,0.3438
22604000,1892.321309,3539,224,0.044063,0.2734
22606000,1898.227568,3507,238,0.040920,0.3125
22608000,1892.281300,3481,234,0.039185,0.3516
22610000,1881.018263,3494,219,0.031629,0.3359
22612000,1868.718700,3495,229,0.031429,0.2891
22614000,1875.175920,3522,244,0.034604,0.3438
22616000,1872.200944,3509,236,0.034293,0.3438
22618000,1852.456709,3518,234,0.033610,0.3438
22620000,1847.372374,3508,246,0.034984,0.3125
22622000,1838.331063,3501,239,0.035495,0.3516
22624000,1842.935436,3507,239,0.035950,0.2344
22626000,1832.267178,3464,266,0.036149,0.3125
22628000,1854.796562,3471,254,0.037255,0.3828
22630000,1828.193826,3464,254,0.036778,0.2891
22632000,1838.576853,3467,237,0.036813,0.3281
22634000,1818.708304,3492,240,0.033128,0.2344
22636000,1814.521078,3518,207,0.033386,0.3906
22638000,1824.877006,3515,226,0.035915,0.3125
22640000,1828.324191,3512,238,0.036209,0.2734
22642000,1839.026613,3501,253,0.038148,0.3516
22644000,1843.488532,3476,259,0.041534,0.3125
22646000,1837.492141,3477,256,0.041711,0.2422
22648000,1836.109261,3511,238,0.049415,0.2812
22650000,1799.438583,3513,230,0.045220,0.3438
22652000,1806.049780,3532,217,0.042945,0.3047
22654000,1811.392074,3527,222,0.043736,0.2734
22656000,1813.616168,3511,216,0.040779,0.3281
22658000,1810.176756,3493,231,0.038533,0.3203
22660000,1812.139085,3478,247,0.039335,0.3047
22662000,1806.248951,3502,243,0.041417,0.2812
22664000,1803.286023,3503,253,0.047903,0.3359
22666000,1814.098297,3479,244,0.052341,0.3828
22668000,1811.076306,3496,232,0.055208,0.3438
22670000,1815.605738,3501,242,0.056351,0.3750
22672000,1805.900551,3496,243,0.055151,0.3281
22674000,1799.022553,3475,268,0.054312,0.3047
22676000,1806.502627,3528,246,0.053704,0.2344
22678000,1793.515891,3534,228,0.056908,0.3047
22680000,1782.815463,3537,211,0.056015,0.3359
22682000,1783.147879,3582,190,0.057869,0.2578
22684000,1780.651251,3577,198,0.058079,0.2500
22686000,1768.063046,3557,207,0.055549,0.2969
22688000,1770.610048,3559,201,0.054726,0.2656
22690000,1779.318280,3548,222,0.055772,0.2656
22692000,1764.357062,3572,206,0.053198,0.2656
22694000,1770.941859,3554,214,0.051146,0.3203
22696000,1767.889060,3542,229,0.050394,0.2969
22698000,1770.164225,3573,223,0.049792,0.2578
22700000,1772.630433,3567,220,0.050345,0.3281
22702000,1784.741651,3583,221,0.050408,0.3984
22704000,1790.895162,3539,230,0.052274,0.2188
22706000,1796.805004,3551,228,0.057496,0.3203
22708000,1810.809979,3543,228,0.058993,0.3359
22710000,1808.533728,3549,211,0.055989,0.2656
22712000,1814.911832,3546,233,0.057681,0.2812
22714000,1811.680019,3571,216,0.058744,0.2500
22716000,1791.917173,3567,213,0.064060,0.2969
22718000,1796.937039,3563,225,0.067116,0.3203
22720000,1787.966582,3546,216,0.067529,0.2109
22722000,1798.070050,3523,226,0.070459,0.3438
22724000,1817.120384,3510,236,0.072166,0.3125
22726000,1816.192295,3497,219,0.074424,0.2812
22728000,1817.556540,3508,232,0.073053,0.2969
22730000,1807.615131,3491,218,0.068825,0.2734
22732000,1809.225577,3471,215,0.067795,0.3750
22734000,1811.673084,3475,222,0.069706,0.3125
22736000,1803.157969,3477,231,0.069604,0.3281
22738000,1804.954023,3492,226,0.074875,0.2578
22740000,1787.248492,3470,233,0.077993,0.3281
22742000,1778.873089,3478,224,0.051717,0.3438
22744000,1787.236106,3480,237,0.049745,0.3750
22746000,1785.595299,3477,247,0.051305,0.3203
22748000,1788.015768,3475,248,0.052910,0.3516
22750000,1794.475419,3464,254,0.055216,0.2656
22752000,1791.369011,3464,248,0.054598,0.2969
22754000,1785.734517,3485,233,0.052334,0.2812
22756000,1795.215135,3494,208,0.050143,0.3672
22758000,1798.488260,3517,219,0.049306,0.2656
22760000,1815.967210,3529,203,0.048709,0.2969
22762000,1802.562804,3504,223,0.048571,0.3359
22764000,1786.001640,3516,222,0.047794,0.2656
22766000,1783.432228,3494,231,0.049947,0.3438
22768000,1770.526829,3482,239,0.048135,0.3359
22770000,1774.029451,3477,231,0.050208,0.3281
22772000,1767.905443,3461,246,0.050875,0.3281
22774000,1773.830576,3465,262,0.047122,0.2734
22776000,1798.408352,3468,273,0.052857,0.3203
22778000,1786.472011,3469,258,0.051188,0.3828
22780000,1782.778949,3471,243,0.051759,0.3203
22782000,1793.089602,3477,241,0.049011,0.3281
22784000,1778.404827,3496,244,0.044554,0.2734
22786000,1798.925099,3511,238,0.045014,0.2578
22788000,1794.047194,3500,234,0.043353,0.2734
22790000,1795.690181,3513,244,0.046149,0.3125
22792000,1786.470705,3495,264,0.042923,0.2812
22794000,1794.339015,3472,264,0.046328,0.3438
22796000,1806.293137,3464,263,0.045015,0.2969
22798000,1805.882108,3470,249,0.048885,0.3672
22800000,1798.857029,3487,224,0.045886,0.2578
22802000,1796.017386,3477,226,0.043649,0.3984
22804000,1780.762915,3485,242,0.043476,0.3516
22806000,1775.550022,3489,249,0.040845,0.3438
22808000,1774.885999,3527,234,0.039318,0.2422
22810000,1765.358932,3542,232,0.038803,0.3906
22812000,1761.854151,3554,222,0.037903,0.3438
22814000,1770.888880,3541,226,0.040436,0.2812
22816000,1778.075555,3547,223,0.040548,0.3281
22818000,1763.751773,3562,219,0.044833,0.2969
22820000,1757.101897,3556,234,0.041038,0.3906
22822000,1758.692364,3581,223,0.043528,0.2734
22824000,1771.450280,3590,241,0.046502,0.2969
22826000,1777.151748,3537,256,0.052608,0.2812
22828000,1765.809538,3549,234,0.054790,0.3438
22830000,1760.929231,3535,233,0.054752,0.2969
22832000,1768.295525,3509,246,0.057615,0.3750
22834000,1747.325638,3501,228,0.048869,0.3203
22836000,1743.927623,3512,234,0.047040,0.2891
22838000,1726.449693,3506,236,0.047412,0.2891
22840000,1711.787261,3509,237,0.048599,0.3594
22842000,1708.089946,3501,242,0.045412,0.3594
22844000,1710.029197,3498,253,0.046688,0.2969
22846000,1718.832422,3489,251,0.052261,0.3125
22848000,1708.125128,3484,240,0.044338,0.2344
22850000,1701.126689,3509,224,0.043001,0.2812
22852000,1700.237501,3506,224,0.040350,0.3750
22854000,1721.373260,3474,242,0.038137,0.3359
22856000,1729.874764,3454,253,0.036003,0.3359
22858000,1711.164676,3500,249,0.038071,0.2812
22860000,1718.711123,3504,242,0.043947,0.2812
22862000,1716.907867,3481,246,0.043561,0.3359
22864000,1732.076056,3493,239,0.046699,0.3203
22866000,1747.545066,3526,224,0.047055,0.2891
22868000,1742.151104,3521,225,0.048037,0.2891
22870000,1730.193889,3507,226,0.047074,0.2578
22872000,1723.298994,3507,235,0.050808,0.3203
22874000,1732.318094,3500,232,0.048580,0.2422
22876000,1726.138400,3512,227,0.043431,0.3359
22878000,1732.819778,3520,224,0.041399,0.3125
22880000,1732.668307,3521,221,0.043929,0.3125
22882000,1742.660536,3542,216,0.046378,0.2656
22884000,1748.853710,3542,219,0.046347,0.3047
22886000,1737.877328,3506,230,0.047498,0.3281
22888000,1742.133146,3520,227,0.045939,0.2656
22890000,1732.012555,3552,230,0.046576,0.3125
22892000,1736.619681,3531,249,0.044137,0.3750
22894000,1734.768517,3515,239,0.042509,0.2812
22896000,1741.281694,3484,241,0.039945,0.3203
22898000,1729.802373,3504,232,0.037889,0.2422
22900000,1737.166649,3510,230,0.041429,0.3125
22902000,1735.177404,3524,226,0.038980,0.3750
22904000,1732.885431,3522,229,0.038876,0.2734
22906000,1740.820259,3501,248,0.038272,0.3047
22908000,1744.108064,3502,235,0.039345,0.3281
22910000,1808.138119,3501,242,0.050370,0.2812
22912000,1826.278318,3522,236,0.049198,0.3203
22914000,1814.341745,3535,219,0.048446,0.3125
22916000,1828.239333,3581,213,0.049042,0.3125
22918000,1833.177585,3578,205,0.048490,0.1875
22920000,1832.045453,3570,210,0.047869,0.3203
22922000,1816.594496,3577,212,0.049822,0.2891
22924000,1815.418459,3564,189,0.049353,0.2891
22926000,1823.015764,3557,208,0.049054,0.2812
22928000,1826.093911,3563,204,0.052013,0.2891
22930000,1796.417361,3534,206,0.050943,0.3828
22932000,1794.780513,3528,210,0.046693,0.2891
22934000,1799.505078,3539,221,0.042916,0.3125
22936000,1792.187282,3532,227,0.026607,0.2891
22938000,1782.185233,3521,227,0.029866,0.2969
22940000,1779.844134,3521,232,0.030778,0.3125
22942000,1781.736329,3524,223,0.028390,0.3125
22944000,1782.422362,3538,214,0.028119,0.2578
22946000,1793.559840,3520,245,0.026613,0.2969
22948000,1785.588097,3501,246,0.028913,0.2656
22950000,1785.458712,3517,256,0.028815,0.2891
22952000,1791.823237,3491,261,0.031327,0.2578
22954000,1799.246364,3511,251,0.032762,0.3281
22956000,1798.218081,3524,252,0.032941,0.3125
22958000,1809.859023,3503,266,0.037587,0.3516
22960000,1827.229446,3529,225,0.039560,0.3594
22962000,1823.582409,3531,210,0.037163,0.2812
22964000,1822.545425,3553,198,0.036832,0.3203
22966000,1841.767582,3558,202,0.037544,0.3281
22968000,1830.912804,3531,219,0.037892,0.3047
22970000,1850.958654,3549,215,0.037751,0.2422
22972000,1834.056632,3557,217,0.036765,0.2812
22974000,1829.900751,3549,229,0.033838,0.3047
22976000,1826.293780,3545,225,0.035200,0.2656
22978000,1832.023343,3560,202,0.035400,0.2188
22980000,1824.883164,3543,232,0.033968,0.2891
22982000,1820.805678,3548,227,0.042205,0.2344
22984000,1813.625897,3526,234,0.041691,0.3047
22986000,1832.389157,3521,223,0.032938,0.2734
22988000,1822.947114,3524,232,0.016137,0.3750
22990000,1814.441497,3500,240,0.018260,0.3828
22992000,1775.598645,3529,232,0.029542,0.2891
22994000,1765.628269,3484,270,0.026472,0.3359
22996000,1762.356259,3465,265,0.023221,0.3047
22998000,1759.557260,3473,244,0.024465,0.3438
23000000,1755.215153,3496,246,0.022277,0.3125
23002000,1749.293017,3515,241,0.021996,0.3203
23004000,1763.915461,3497,245,0.020931,0.2734
23006000,1763.453049,3499,227,0.019121,0.2734
23008000,1773.614179,3504,210,0.017867,0.2812
23010000,1774.492999,3494,248,0.015762,0.3047
23012000,1782.179223,3521,221,0.015776,0.2656
23014000,1789.713942,3489,230,0.016153,0.2734
23016000,1778.571544,3488,245,0.018047,0.3906
23018000,1759.293601,3495,228,0.021084,0.3203
23020000,1762.046760,3496,240,0.020484,0.4141
23022000,1773.285668,3527,222,0.017542,0.2344
23024000,1785.244487,3526,221,0.024645,0.2578
23026000,1794.414819,3553,206,0.020983,0.2969
23028000,1796.788955,3567,199,0.023120,0.3438
23030000,1807.527188,3545,217,0.023156,0.3984
23032000,1813.787427,3546,226,0.026548,0.2969
23034000,1801.443143,3566,211,0.025938,0.2891
23036000,1791.279452,3553,219,0.020979,0.2031
23038000,1793.806044,3557,234,0.020313,0.2656
23040000,1803.133434,3546,223,0.024152,0.2656
23042000,1813.800434,3519,238,0.023615,0.2891
23044000,1817.939331,3514,231,0.022268,0.3125
23046000,1835.413582,3510,237,0.023081,0.4219
23048000,1777.313642,3490,243,0.034166,0.3203
23050000,1775.405635,3493,256,0.040839,0.2969
23052000,1772.932372,3507,247,0.038566,0.2969
23054000,1791.453915,3512,249,0.036778,0.3125
23056000,1800.095663,3505,258,0.037436,0.2500
23058000,1797.204690,3524,234,0.032181,0.3203
23060000,1766.599571,3532,243,0.038621,0.3281
23062000,1757.892652,3525,242,0.032981,0.2891
23064000,1767.899298,3518,256,0.029750,0.2891
23066000,1779.541294,3528,238,0.029930,0.2109
23068000,1783.070696,3517,273,0.029962,0.3047
23070000,1774.408986,3516,249,0.032651,0.3281
23072000,1763.599875,3498,259,0.031065,0.3438
23074000,1763.554720,3486,260,0.030025,0.3828
23076000,1752.699396,3481,251,0.031132,0.3203
23078000,1753.094922,3494,268,0.030854,0.2969
23080000,1756.425995,3513,245,0.032524,0.3984
23082000,1767.616180,3519,242,0.033684,0.2891
23084000,1784.097738,3530,243,0.033968,0.3047
23086000,1774.269789,3521,240,0.035167,0.2500
23088000,1759.691855,3546,228,0.034274,0.3281
23090000,1757.401607,3542,219,0.031778,0.3125
23092000,1753.963245,3525,230,0.028405,0.3594
23094000,1753.073332,3527,241,0.027839,0.2656
23096000,1752.596576,3539,239,0.025138,0.3516
23098000,1756.659923,3522,242,0.026441,0.3359
23100000,1757.806852,3511,243,0.027750,0.3516
23102000,1813.000685,3529,230,0.043091,0.2656
23104000,1807.383726,3512,232,0.039279,0.3438
23106000,1812.293117,3517,230,0.043352,0.2969
23108000,1802.136503,3513,213,0.042171,0.3672
23110000,1814.501274,3513,222,0.042488,0.3203
23112000,1803.093176,3510,232,0.044794,0.3359
23114000,1787.894859,3511,220,0.040414,0.2891
23116000,1798.119991,3526,225,0.043919,0.3125
23118000,1796.756834,3533,227,0.041719,0.3516
23120000,1792.520835,3487,248,0.039339,0.2578
23122000,1791.423313,3498,242,0.041219,0.3359
23124000,1791.975763,3478,250,0.034919,0.2969
23126000,1771.137137,3442,253,0.036645,0.3203
23128000,1782.853966,3445,245,0.038796,0.3516
23130000,1789.453005,3464,238,0.035859,0.3750
23132000,1794.842697,3517,223,0.036240,0.3359
23134000,1791.460197,3491,240,0.037471,0.3125
23136000,1784.452924,3484,239,0.039204,0.3281
23138000,1800.424232,3475,243,0.051772,0.3438
23140000,1791.485065,3464,248,0.048687,0.2422
23142000,1802.855683,3467,228,0.046515,0.2891
23144000,1795.390656,3462,233,0.047389,0.2969
23146000,1798.199165,3473,235,0.048539,0.2734
23148000,1780.811385,3489,226,0.041698,0.3281
23150000,1769.147426,3495,236,0.041207,0.2812
23152000,1748.338172,3505,226,0.038629,0.2578
23154000,1761.906558,3513,219,0.037860,0.3125
23156000,1766.121487,3523,220,0.043431,0.3125
23158000,1787.274034,3547,202,0.039171,0.3516
23160000,1782.413616,3533,224,0.040632,0.2422
23162000,1750.501826,3525,198,0.046590,0.2578
23164000,1753.924928,3520,221,0.044899,0.2969
23166000,1755.946208,3531,214,0.047750,0.2656
23168000,1754.648510,3543,223,0.046291,0.3125
23170000,1740.779852,3516,209,0.042518,0.2578
23172000,1731.264710,3494,214,0.043521,0.2578
23174000,1736.450578,3485,249,0.042517,0.2812
23176000,1744.115761,3474,265,0.046446,0.2578
23178000,1742.399323,3486,246,0.051007,0.2891
23180000,1746.052044,3477,249,0.051585,0.2734
23182000,1745.883200,3540,222,0.054542,0.3516
23184000,1740.689521,3549,219,0.052696,0.3203
23186000,1749.281034,3607,183,0.053088,0.3203
23188000,1724.553585,3595,201,0.055184,0.2812
23190000,1756.102746,3589,192,0.040354,0.2422
23192000,1764.472636,3582,181,0.040972,0.3125
23194000,1788.831821,3567,207,0.044651,0.3047
23196000,1795.344812,3551,220,0.044691,0.2500
23198000,1825.290281,3513,245,0.052834,0.3359
23200000,1866.444092,3487,251,0.041607,0.3438
23202000,1857.624339,3518,232,0.040954,0.2891
23204000,1871.495214,3552,233,0.037934,0.3828
23206000,1885.539581,3561,229,0.038046,0.2734
23208000,1876.880996,3570,218,0.034356,0.2500
23210000,1860.928026,3554,227,0.037638,0.2969
23212000,1866.620053,3555,217,0.035763,0.2812
23214000,1861.803133,3572,220,0.037231,0.3281
23216000,1845.950714,3563,217,0.035263,0.2891
23218000,1844.969690,3551,232,0.032820,0.3281
23220000,1832.067279,3538,217,0.033037,0.3359
23222000,1830.623087,3540,211,0.028746,0.3203
23224000,1829.781441,3525,220,0.034446,0.2500
23226000,1815.812170,3514,223,0.041152,0.3125
23228000,1839.594297,3511,221,0.047144,0.4531
23230000,1845.369654,3540,209,0.045153,0.3359
23232000,1844.161089,3562,193,0.043386,0.3125
23234000,1833.403195,3560,210,0.040623,0.2188
23236000,1831.166167,3563,213,0.039582,0.2578
23238000,1843.174275,3565,199,0.040095,0.2500
23240000,1862.863066,3579,201,0.041930,0.3750
23242000,1864.993765,3566,210,0.042022,0.2969
23244000,1855.564122,3562,227,0.048482,0.2812
23246000,1844.831176,3553,226,0.053734,0.3359
23248000,1831.847333,3543,228,0.055255,0.2812
23250000,1826.815097,3546,214,0.055048,0.2500
23252000,1823.512663,3557,230,0.058585,0.2266
23254000,1829.711085,3547,226,0.058864,0.2969
23256000,1832.796254,3544,223,0.059710,0.3594
23258000,1829.143298,3544,221,0.062153,0.2969
23260000,1851.483448,3509,244,0.061677,0.3281
23262000,1873.226275,3532,227,0.055971,0.2891
23264000,1880.226309,3568,212,0.053568,0.3125
23266000,1870.304666,3556,213,0.054677,0.2969
23268000,1864.251511,3526,227,0.051228,0.2578
23270000,1873.230012,3552,212,0.054253,0.3594
23272000,1858.270158,3550,206,0.053122,0.3203
23274000,1859.133243,3521,224,0.057228,0.2969
23276000,1848.437865,3503,219,0.054245,0.3516
23278000,1852.169363,3500,213,0.054388,0.3047
23280000,1843.472764,3497,229,0.053439,0.3047
23282000,1855.299400,3500,233,0.054775,0.3516
23284000,1857.139870,3482,236,0.058026,0.2578
23286000,1881.936119,3465,240,0.065661,0.3906
23288000,1874.541073,3447,255,0.057567,0.3359
23290000,1869.471889,3457,245,0.050958,0.3516
23292000,1881.518172,3473,234,0.052600,0.3047
23294000,1883.686732,3441,241,0.053883,0.3984
23296000,1871.548887,3444,252,0.055237,0.3672
23298000,1858.208784,3456,256,0.055059,0.2500
23300000,1856.713145,3469,249,0.054941,0.3516
23302000,1853.321570,3486,229,0.054006,0.3359
23304000,1862.139141,3486,241,0.050338,0.2578
23306000,1854.630960,3499,220,0.048974,0.2344
23308000,1842.127493,3483,216,0.049159,0.2969
23310000,1845.471060,3482,243,0.052914,0.2969
23312000,1851.127795,3487,238,0.059478,0.3672
23314000,1890.974104,3475,245,0.035941,0.3125
23316000,1890.627904,3474,248,0.043656,0.3047
23318000,1896.238239,3479,250,0.041046,0.2500
23320000,1911.791333,3504,245,0.041796,0.3047
23322000,1906.830850,3516,235,0.042703,0.3906
23324000,1896.922539,3514,236,0.042434,0.3359
23326000,1912.710536,3516,229,0.041557,0.2891
23328000,1916.832075,3538,224,0.042367,0.3281
23330000,1928.371669,3514,236,0.035595,0.3047
23332000,1924.790118,3486,241,0.033293,0.2734
23334000,1928.561115,3477,268,0.030005,0.2812
23336000,1939.950954,3484,260,0.029496,0.3516
23338000,1934.199513,3489,256,0.045931,0.2812
23340000,1934.217564,3512,235,0.045982,0.3672
23342000,1894.815422,3518,224,0.055366,0.2812
23344000,1896.928579,3517,222,0.052709,0.2656
23346000,1898.084638,3507,240,0.050866,0.3203
23348000,1894.619219,3494,255,0.049346,0.3516
23350000,1892.824471,3483,240,0.048931,0.3203
23352000,1891.643110,3519,233,0.042080,0.2891
23354000,1924.365610,3542,209,0.042858,0.3594
23356000,1921.855069,3544,210,0.032293,0.3750
23358000,1887.852424,3519,228,0.028276,0.2656
23360000,1884.712194,3521,230,0.029842,0.3438
23362000,1883.580602,3536,228,0.029347,0.2500
23364000,1875.660148,3532,220,0.029525,0.3516
23366000,1872.253155,3509,239,0.029976,0.3359
23368000,1885.716380,3511,238,0.033786,0.2266
23370000,1917.008049,3522,234,0.030993,0.2734
23372000,1910.913744,3537,225,0.030885,0.3359
23374000,1897.913491,3532,217,0.031696,0.3594
23376000,1890.146191,3555,206,0.029785,0.2422
23378000,1884.670714,3551,203,0.028116,0.3047
23380000,1883.885415,3544,214,0.024875,0.3125
23382000,1890.961953,3544,211,0.029360,0.2734
23384000,1889.880740,3544,206,0.032536,0.2578
23386000,1887.727810,3519,210,0.030916,0.3281
23388000,1893.911324,3514,213,0.027812,0.2969
23390000,1875.790929,3502,218,0.029303,0.2969
23392000,1895.268803,3506,221,0.030657,0.3594
23394000,1910.400458,3489,267,0.033520,0.3203
23396000,1914.277390,3473,236,0.035650,0.2969
23398000,1867.086461,3484,232,0.054106,0.2891
23400000,1864.338496,3486,234,0.059539,0.3984
23402000,1857.144606,3463,260,0.061459,0.2812
23404000,1862.590604,3474,250,0.057858,0.3203
23406000,1842.311867,3463,257,0.058540,0.2578
23408000,1844.784802,3460,245,0.059476,0.3438
23410000,1840.167922,3465,227,0.060657,0.2969
23412000,1839.140575,3471,238,0.062219,0.2422
23414000,1856.593876,3461,228,0.063656,0.2891
23416000,1852.408959,3466,243,0.064722,0.2656
23418000,1860.352175,3485,238,0.061794,0.3125
23420000,1888.305122,3439,252,0.076615,0.2578
23422000,1898.679597,3455,255,0.074461,0.3438
23424000,1912.196306,3439,253,0.078365,0.2734
23426000,1910.904746,3461,266,0.074696,0.3125
23428000,1911.615639,3475,226,0.072866,0.3203
23430000,1907.315012,3462,237,0.071750,0.2422
23432000,1898.036387,3467,240,0.071358,0.3047
23434000,1906.753927,3458,265,0.089250,0.2891
23436000,1897.811739,3444,264,0.083438,0.3125
23438000,1876.031697,3462,242,0.076918,0.3594
23440000,1892.359706,3472,261,0.072100,0.3125
23442000,1907.524264,3490,254,0.078998,0.3438
23444000,1899.187723,3491,247,0.077679,0.3516
23446000,1900.524026,3464,259,0.076803,0.3516
23448000,1906.300286,3507,239,0.075003,0.2812
23450000,1895.222229,3521,233,0.065944,0.3281
23452000,1902.318552,3535,233,0.072999,0.2344
23454000,1924.455333,3531,262,0.076994,0.3281
23456000,1917.313797,3526,242,0.073410,0.3125
23458000,1917.035982,3537,251,0.081380,0.2969
23460000,1911.551716,3534,235,0.080582,0.3047
23462000,1923.897779,3531,222,0.080895,0.3750
23464000,1933.231750,3530,232,0.078844,0.3594
23466000,1927.635578,3540,212,0.082224,0.2656
23468000,1924.298166,3542,220,0.078879,0.3047
23470000,1923.824005,3525,240,0.088269,0.2891
23472000,1926.840113,3516,249,0.096135,0.3906
23474000,1904.576076,3503,257,0.098777,0.3594
23476000,1898.297306,3513,240,0.096962,0.3047
23478000,1899.874812,3493,248,0.097866,0.2969
23480000,1906.235029,3480,249,0.096982,0.4062
23482000,1900.461171,3486,263,0.096751,0.3359
23484000,1899.765834,3497,258,0.094160,0.3828
23486000,1895.165548,3507,237,0.093141,0.3203
23488000,1895.199461,3495,238,0.092480,0.2344
23490000,1899.281351,3525,216,0.089541,0.3047
23492000,1908.578807,3517,230,0.083014,0.2734
23494000,1920.218033,3481,252,0.085608,0.2891
23496000,1928.204761,3497,251,0.084045,0.3438
23498000,1929.299286,3495,247,0.081960,0.3125
23500000,1926.523565,3507,253,0.079039,0.3125
23502000,1936.615539,3501,251,0.079456,0.2734
23504000,1981.255129,3535,242,0.082254,0.3125
23506000,2044.107073,3562,227,0.096973,0.3203
23508000,2048.786024,3618,209,0.095575,0.3203
23510000,2058.619851,3625,201,0.100571,0.2734
23512000,2042.729832,3637,208,0.109279,0.2969
23514000,2040.234101,3630,208,0.114257,0.2891
23516000,2050.528716,3591,222,0.112891,0.3047
23518000,2035.661659,3591,221,0.108445,0.3047
23520000,2041.033492,3596,225,0.097754,0.3203
23522000,2043.047709,3592,213,0.098876,0.3203
23524000,2036.401914,3587,209,0.100885,0.3438
23526000,2025.929839,3598,215,0.090228,0.3125
23528000,2035.586078,3588,218,0.094086,0.2891
23530000,2043.834615,3569,226,0.083917,0.2969
23532000,2041.525544,3572,224,0.087345,0.3516
23534000,2049.775816,3554,223,0.086422,0.2812
23536000,2050.070716,3553,218,0.082295,0.2891
23538000,2054.788365,3567,235,0.079470,0.3047
23540000,2063.501631,3565,224,0.082786,0.3594
23542000,2083.678095,3551,245,0.078304,0.3359
23544000,2077.537952,3523,247,0.078855,0.3125
23546000,2089.724767,3513,244,0.077344,0.2891
23548000,2074.295431,3545,234,0.075492,0.2969
23550000,2078.994933,3550,222,0.076395,0.3594
23552000,2090.771390,3546,226,0.075682,0.2734
23554000,2083.232346,3575,223,0.071652,0.3047
23556000,2082.587608,3573,214,0.076538,0.2734
23558000,2078.727775,3573,203,0.066639,0.3047
23560000,2080.918601,3567,205,0.066520,0.2969
23562000,2089.236724,3562,234,0.066891,0.3203
23564000,2097.040123,3560,252,0.061482,0.2734
23566000,2125.474477,3565,251,0.059472,0.2422
23568000,2110.614304,3549,249,0.055149,0.3516
23570000,2065.993744,3534,237,0.047445,0.2734
23572000,2045.229797,3555,219,0.047058,0.3203
23574000,2047.559545,3556,224,0.046432,0.2812
23576000,2051.610902,3518,227,0.051553,0.2812
23578000,2063.377977,3502,246,0.053866,0.3047
23580000,2051.661606,3517,227,0.048201,0.2578
23582000,2038.657287,3528,234,0.039433,0.2969
23584000,2044.708222,3534,227,0.043242,0.2734
23586000,2039.795903,3550,218,0.045631,0.2969
23588000,2027.726215,3571,229,0.041220,0.3281
23590000,2024.505791,3552,244,0.041714,0.2422
23592000,2013.876779,3523,240,0.037865,0.2656
23594000,2021.979631,3532,246,0.037047,0.2891
23596000,2011.295325,3550,227,0.040914,0.2656
23598000,1986.177212,3544,250,0.037895,0.2422
23600000,1972.332619,3550,240,0.038446,0.3281
23602000,1991.739684,3577,218,0.046146,0.3203
23604000,1983.937922,3568,225,0.043659,0.3594
23606000,1990.954626,3586,218,0.046928,0.3203
23608000,1975.318277,3578,230,0.044723,0.2969
23610000,1969.883131,3575,234,0.049605,0.3203
23612000,1980.329119,3597,216,0.049269,0.2656
23614000,2032.532854,3599,199,0.040488,0.2969
23616000,2042.343053,3586,197,0.037852,0.2656
23618000,2030.452549,3599,198,0.038797,0.2812
23620000,2040.172258,3586,187,0.037102,0.3359
23622000,2035.365129,3580,219,0.031962,0.2500
23624000,2041.371285,3560,229,0.031951,0.3672
23626000,2061.552372,3569,233,0.028801,0.2109
23628000,2059.404188,3569,222,0.032225,0.2969
23630000,2045.885114,3558,221,0.029057,0.3594
23632000,2026.029537,3553,218,0.022084,0.2031
23634000,2040.097096,3551,214,0.026014,0.3281
23636000,2052.759772,3533,234,0.028999,0.3672
23638000,2065.994804,3551,229,0.030098,0.2500
23640000,2051.423671,3544,238,0.021009,0.3125
23642000,2058.357293,3540,211,0.021181,0.2969
23644000,2057.501535,3546,210,0.020076,0.3281
23646000,2074.130703,3546,223,0.017173,0.2422
23648000,2059.846559,3564,220,0.018858,0.2656
23650000,2068.667906,3580,230,0.017805,0.2422
23652000,2048.925235,3567,239,0.014798,0.2969
23654000,2047.347527,3571,239,0.015131,0.2734
23656000,2048.891327,3572,229,0.014756,0.2734
23658000,2040.310542,3546,227,0.014756,0.1875
23660000,2065.106189,3553,230,0.015577,0.2422
23662000,2056.563204,3554,225,0.015104,0.3203
23664000,2071.584244,3553,210,0.014856,0.2969
23666000,2065.189207,3572,214,0.013666,0.3125
23668000,2053.541801,3575,208,0.013388,0.2891
23670000,2139.362013,3603,206,0.013632,0.3906
23672000,2133.750380,3635,184,0.035580,0.2812
23674000,2100.415624,3609,199,0.028444,0.2578
23676000,2121.086268,3590,202,0.030745,0.2812
23678000,2134.794175,3580,207,0.032244,0.3203
23680000,2117.709525,3607,207,0.028473,0.2812
23682000,2088.322582,3623,196,0.021187,0.2266
23684000,2103.092469,3634,201,0.019773,0.3516
23686000,2109.305866,3652,192,0.021256,0.3438
23688000,2093.046765,3630,208,0.021753,0.3125
23690000,2096.838078,3618,206,0.021022,0.2734
23692000,2088.836659,3589,206,0.018071,0.3203
23694000,2106.078658,3614,202,0.019132,0.3359
23696000,2058.727847,3590,204,0.004173,0.3281
23698000,2056.250704,3567,227,0.003352,0.3984
23700000,2034.669446,3585,221,0.002625,0.2656
23702000,2043.314180,3568,234,0.002589,0.2422
23704000,2044.271279,3579,225,0.002904,0.2344
23706000,2034.678524,3593,216,0.004446,0.2578
23708000,2036.434961,3601,206,0.005053,0.2578
23710000,2038.938555,3608,202,0.004472,0.2578
23712000,2010.937803,3610,213,0.003575,0.3203
23714000,2020.903294,3579,205,0.003655,0.2656
23716000,2030.770798,3582,213,0.004872,0.2656
23718000,2031.459324,3586,230,0.004576,0.2344
23720000,2038.997465,3558,243,0.005926,0.2578
23722000,2034.392979,3591,226,0.004711,0.3359
23724000,2041.438917,3607,227,0.004564,0.3047
23726000,1989.973625,3598,228,0.004487,0.3125
23728000,1988.523932,3605,224,0.003576,0.3672
23730000,1973.044102,3561,240,0.003292,0.3203
23732000,1973.563324,3593,225,0.003522,0.2812
23734000,1979.899941,3589,224,0.003595,0.2344
23736000,1985.331794,3596,216,0.004452,0.3438
23738000,2000.126179,3582,224,0.005001,0.3203
23740000,1968.253784,3570,225,0.004190,0.2891
23742000,1971.871027,3583,219,0.004020,0.2656
23744000,1956.151146,3609,190,0.004905,0.2578
23746000,1957.641311,3594,203,0.005730,0.2891
23748000,1946.372052,3567,235,0.006284,0.2734
23750000,1969.845249,3571,216,0.003036,0.2969
23752000,1968.173742,3567,218,0.003459,0.3281
23754000,1985.829874,3593,208,0.000800,0.2500
23756000,1982.454662,3586,210,0.002815,0.2734
23758000,2016.482616,3561,219,0.002152,0.2969
23760000,2008.990971,3568,226,0.002660,0.3125
23762000,2030.234000,3554,215,0.002795,0.2656
23764000,2056.904167,3596,203,0.007117,0.2656
23766000,2074.604179,3586,220,0.004597,0.3594
23768000,2068.216564,3570,229,0.004024,0.2344
23770000,2070.713645,3535,232,0.004681,0.3203
23772000,2074.139551,3518,242,0.006767,0.2734
23774000,2073.053249,3518,237,0.006020,0.2969
23776000,2073.292154,3523,226,0.006157,0.3828
23778000,2070.835554,3524,241,0.005276,0.2578
23780000,2056.494318,3549,217,0.004248,0.2734
23782000,2046.125102,3542,216,0.003961,0.2812
23784000,2070.693896,3529,209,0.004749,0.2578
23786000,2069.214404,3545,206,0.005816,0.2969
23788000,2057.633360,3539,225,0.005482,0.2266
23790000,2043.510482,3529,227,0.007630,0.3281
23792000,2034.290023,3529,247,0.007728,0.3516
23794000,2031.685464,3539,233,0.006760,0.2969
23796000,2021.086515,3547,221,0.006071,0.3359
23798000,2006.108229,3555,234,0.009634,0.3047
23800000,2033.376841,3525,254,0.013582,0.3359
23802000,2028.270079,3511,252,0.012186,0.3281
23804000,2029.168782,3495,251,0.010192,0.3125
23806000,2015.680531,3490,252,0.008055,0.2812
23808000,2022.866117,3506,239,0.007701,0.3672
23810000,2044.131189,3507,249,0.008353,0.3906
23812000,2037.815396,3516,246,0.010175,0.3047
23814000,2038.245102,3533,224,0.011250,0.2812
23816000,2042.457359,3542,221,0.011544,0.3203
23818000,2007.275155,3521,229,0.009767,0.2734
23820000,2003.573819,3518,220,0.009445,0.3359
23822000,1998.420130,3500,246,0.010357,0.2812
23824000,1997.502434,3504,244,0.010719,0.2578
23826000,2002.424364,3516,243,0.011559,0.2969
23828000,2006.235980,3538,224,0.013166,0.2969
23830000,1999.466772,3540,204,0.015957,0.2656
23832000,2013.028261,3532,200,0.001729,0.3906
23834000,2021.203858,3542,216,0.001871,0.2266
23836000,2018.320394,3550,228,0.000869,0.3125
23838000,2020.785455,3573,209,0.001005,0.3359
23840000,2041.082296,3557,213,0.001195,0.3125
23842000,2033.345116,3567,217,0.001302,0.3359
23844000,2026.995808,3557,222,0.001817,0.2656
23846000,2033.823597,3559,221,0.002323,0.3125
23848000,2049.824554,3529,224,0.004071,0.2891
23850000,2042.242197,3521,234,0.002362,0.2734
23852000,2005.497941,3527,214,0.002193,0.3047
23854000,1988.181048,3565,188,0.004572,0.3047
23856000,1977.471758,3559,196,0.005279,0.2578
23858000,1977.896412,3561,194,0.004825,0.2422
23860000,1965.480917,3546,201,0.004889,0.2188
23862000,1977.065421,3535,210,0.005904,0.2109
23864000,1977.933442,3550,219,0.006576,0.3828
23866000,1975.380641,3552,224,0.008503,0.3438
23868000,1952.463549,3551,209,0.010905,0.3047
23870000,1965.810154,3546,216,0.011336,0.3359
23872000,1976.880935,3570,218,0.009957,0.2969
23874000,1985.661116,3555,214,0.009111,0.3125
23876000,1978.963623,3498,242,0.010414,0.4531
23878000,1955.266821,3501,238,0.010937,0.3438
23880000,1942.614300,3511,224,0.008321,0.3125
23882000,1939.063701,3529,229,0.009028,0.2812
23884000,1988.405991,3492,229,0.014420,0.3047
23886000,1984.096309,3480,247,0.013272,0.2891
23888000,1981.410482,3493,254,0.014157,0.3359
23890000,1975.379748,3510,248,0.019564,0.3047
23892000,1970.626411,3543,232,0.020213,0.3281
23894000,1942.184643,3545,231,0.013595,0.2734
23896000,1957.122298,3554,237,0.010717,0.3750
23898000,1968.489498,3534,235,0.010468,0.3281
23900000,1952.007787,3518,235,0.008140,0.3359
23902000,1971.205860,3513,232,0.012526,0.2812
23904000,1960.890920,3522,227,0.013751,0.2422
23906000,1949.078293,3519,219,0.012469,0.3594
23908000,1960.811438,3505,231,0.012268,0.4141
23910000,1966.732278,3516,237,0.009023,0.3047
23912000,1932.049998,3509,246,0.003865,0.2656
23914000,1905.913969,3522,229,0.013267,0.2500
23916000,1903.070991,3527,232,0.010676,0.2969
23918000,1906.907160,3523,226,0.007763,0.2656
23920000,1926.063218,3542,250,0.007239,0.2500
23922000,1918.009644,3511,234,0.007232,0.3438
23924000,1939.744753,3534,240,0.008077,0.2969
23926000,1938.859900,3532,233,0.006357,0.2891
23928000,2007.563458,3553,235,0.014254,0.3047
23930000,2016.679239,3577,220,0.011575,0.3438
23932000,2012.882866,3585,210,0.010929,0.3125
23934000,2017.127719,3558,204,0.009628,0.2734
23936000,2003.635586,3565,210,0.008206,0.3438
23938000,2007.680352,3551,228,0.009589,0.2891
23940000,2001.191745,3534,223,0.010911,0.2344
23942000,1996.272522,3570,224,0.010769,0.3438
23944000,2004.865329,3569,231,0.012018,0.3672
23946000,1999.819625,3547,238,0.012295,0.3828
23948000,1988.401791,3561,245,0.010987,0.3047
23950000,1983.636704,3583,226,0.010558,0.3359
23952000,2000.067916,3568,241,0.009565,0.3047
23954000,1990.353404,3584,220,0.011267,0.3828
23956000,2008.079819,3581,211,0.010238,0.3047
23958000,2016.128064,3570,222,0.010904,0.2812
23960000,2003.636380,3544,232,0.007990,0.2891
23962000,1999.483960,3524,241,0.007183,0.3750
23964000,2006.811093,3514,250,0.008178,0.3516
23966000,2000.568350,3507,249,0.007993,0.3984
23968000,1985.022959,3514,248,0.008020,0.2891
23970000,1978.162356,3525,222,0.009335,0.3359
23972000,1972.313053,3568,205,0.007868,0.2812
23974000,1970.167965,3562,209,0.011826,0.2500
23976000,1960.103408,3551,217,0.012429,0.3516
23978000,1928.681554,3546,237,0.005583,0.2656
23980000,1931.301537,3532,232,0.004076,0.2812
23982000,1923.378389,3550,222,0.006388,0.3125
23984000,1910.200317,3564,215,0.005257,0.2734
23986000,1921.442630,3584,220,0.004811,0.3281
23988000,1920.171505,3575,228,0.006539,0.2891
23990000,1930.200986,3566,224,0.005625,0.3359
23992000,1947.866510,3542,220,0.002965,0.3125
23994000,1929.438826,3535,225,0.002227,0.2812
23996000,1920.737059,3542,216,0.002582,0.3516
23998000,1918.126200,3546,217,0.002256,0.3047
24000000,1902.036156,3537,207,0.004390,0.3594
24002000,1896.713313,3546,220,0.004953,0.2266
24004000,1890.589973,3532,239,0.003213,0.3047
24006000,1904.450023,3541,229,0.004302,0.3125
24008000,1899.006428,3545,222,0.003384,0.2969
24010000,1913.184142,3536,237,0.004038,0.3438
24012000,1910.595491,3517,246,0.004449,0.3359
24014000,1907.260922,3513,240,0.005173,0.2656
24016000,1896.550195,3487,260,0.006764,0.3594
24018000,1923.716967,3496,250,0.006795,0.2656
24020000,1923.142529,3522,234,0.006734,0.3828
24022000,1918.958520,3526,244,0.006305,0.3281
24024000,1921.717939,3497,254,0.004107,0.2969
24026000,1910.395643,3520,237,0.003884,0.2891
24028000,1926.292114,3498,236,0.002499,0.2969
24030000,1883.286271,3493,244,0.001332,0.2344
24032000,1886.864382,3523,238,0.000954,0.3203
24034000,1881.631247,3537,236,0.000930,0.2969
24036000,1889.743047,3528,255,0.001417,0.3906
24038000,1879.807077,3513,251,0.001995,0.3203
24040000,1875.573571,3541,244,0.001685,0.2891
24042000,1873.078830,3534,248,0.002443,0.2891
24044000,1912.479246,3566,237,0.000047,0.2969
24046000,1918.111245,3585,214,0.000195,0.2266
24048000,1924.834309,3586,218,0.000346,0.2578
24050000,1929.832360,3571,224,0.000594,0.3203
24052000,1938.839384,3530,235,0.000987,0.3281
24054000,1924.833753,3515,246,0.000836,0.3594
24056000,1964.415669,3545,228,0.000319,0.2891
24058000,1975.801317,3541,240,0.000337,0.2656
24060000,1965.234653,3548,228,0.000294,0.3047
24062000,1982.383607,3554,212,0.000170,0.2734
24064000,1966.341523,3558,215,0.000496,0.3125
24066000,1960.825079,3557,222,0.000497,0.3281
24068000,1965.535343,3584,216,0.000541,0.2969
24070000,1966.545510,3597,221,0.000881,0.3047
24072000,1962.515722,3592,216,0.000149,0.3047
24074000,1956.366899,3592,192,0.000038,0.3047
24076000,1965.264311,3570,204,0.000237,0.3438
24078000,1962.534232,3547,207,0.000254,0.2500
24080000,1972.162259,3557,208,0.000156,0.2734
24082000,1981.398351,3573,194,0.000237,0.2812
24084000,1975.667700,3533,200,0.000749,0.3359
24086000,1988.904433,3544,211,0.001227,0.3359
24088000,1969.444653,3551,210,0.001268,0.3203
24090000,1949.454048,3544,224,0.001631,0.2656
24092000,1935.594862,3534,221,0.001165,0.2969
24094000,1924.531547,3548,213,0.001555,0.1641
24096000,1935.260652,3539,222,0.001196,0.2500
24098000,1932.033260,3549,221,0.001690,0.2656
24100000,1943.735629,3569,209,0.001642,0.3359
24102000,1942.950300,3600,210,0.000740,0.3438
24104000,1956.941162,3614,211,0.001606,0.2891
24106000,1953.840457,3592,200,0.000958,0.3047
24108000,1960.750333,3556,218,0.000685,0.2500
24110000,1963.090933,3553,238,0.000664,0.2734
24112000,1984.995184,3576,214,0.002086,0.3203
24114000,2003.201461,3569,217,0.003390,0.3203
24116000,1980.926434,3534,222,0.004464,0.3359
24118000,1961.667713,3549,203,0.001298,0.2656
24120000,1977.266513,3532,234,0.000894,0.2891
24122000,1987.146417,3534,241,0.001269,0.2656
24124000,1966.427015,3524,222,0.001128,0.3281
24126000,1967.849185,3548,203,0.001371,0.2422
24128000,1989.252798,3552,209,0.001287,0.3359
24130000,1980.427916,3544,214,0.001175,0.3438
24132000,1980.847639,3531,216,0.000652,0.2734
24134000,1990.093466,3562,211,0.000824,0.3047
24136000,1987.354240,3536,237,0.000652,0.3125
24138000,2062.768599,3487,242,0.000825,0.3047
24140000,2047.265651,3494,240,0.000740,0.3125
24142000,2047.717848,3504,250,0.000826,0.3438
24144000,2062.416702,3494,264,0.004552,0.3281
24146000,2056.335571,3512,247,0.004247,0.2891
24148000,2066.062457,3516,254,0.003367,0.3750
24150000,2065.743606,3522,246,0.001783,0.3281
24152000,2065.397247,3513,244,0.001089,0.3359
24154000,2113.173201,3534,232,0.005995,0.3203
24156000,2107.537794,3521,245,0.005027,0.3359
24158000,2085.543479,3522,214,0.005792,0.3203
24160000,2073.666436,3550,231,0.005897,0.3984
24162000,2082.872157,3567,230,0.005861,0.2500
24164000,1996.426131,3532,240,0.007795,0.3359
24166000,2006.859401,3521,237,0.008309,0.3438
24168000,2022.279738,3513,234,0.005621,0.2969
24170000,2018.890741,3511,258,0.006150,0.2969
24172000,2017.067788,3514,248,0.006916,0.3594
24174000,2032.345319,3509,249,0.005847,0.3125
24176000,2027.621244,3487,259,0.005956,0.3125
24178000,2043.382206,3525,239,0.006496,0.3906
24180000,1975.082296,3468,250,0.007193,0.2969
24182000,1955.682591,3490,232,0.007588,0.3438
24184000,1968.282200,3475,233,0.007145,0.2656
24186000,1967.972986,3467,230,0.007428,0.3047
24188000,1967.521011,3474,237,0.008257,0.2891
24190000,1975.527732,3462,240,0.009883,0.3438
24192000,1967.777628,3436,262,0.011105,0.3047
24194000,1967.091295,3463,243,0.010798,0.3438
24196000,1970.952357,3467,249,0.008627,0.3750
24198000,1960.606175,3460,245,0.007319,0.3516
24200000,1945.067953,3462,262,0.006611,0.3438
24202000,1939.350002,3445,253,0.008193,0.2891
24204000,1940.297221,3467,249,0.006723,0.3125
24206000,1945.372547,3459,244,0.007346,0.2109
24208000,1954.232355,3502,230,0.010328,0.2969
24210000,1947.441409,3479,228,0.009027,0.2734
24212000,1945.691754,3484,233,0.008152,0.3047
24214000,1945.828193,3484,246,0.006034,0.2266
24216000,1944.213156,3500,245,0.006089,0.2812
24218000,1971.213559,3494,236,0.007171,0.2734
24220000,1965.290889,3497,235,0.006248,0.2656
24222000,1993.006542,3490,251,0.005739,0.2969
24224000,1988.573691,3487,237,0.005630,0.3203
24226000,1988.614233,3466,247,0.005718,0.2891
24228000,2000.503573,3499,252,0.006203,0.3359
24230000,1959.358078,3473,262,0.006050,0.2891
24232000,1971.424060,3483,254,0.007019,0.3438
24234000,1967.927249,3471,243,0.012305,0.3516
24236000,1969.554899,3496,243,0.011341,0.3125
24238000,1974.114284,3467,259,0.011173,0.2812
24240000,1986.072227,3485,256,0.010390,0.3359
24242000,1970.961783,3503,236,0.010474,0.2344
24244000,1977.944546,3460,252,0.009010,0.3750
24246000,1970.070867,3479,226,0.010341,0.3125
24248000,1965.442209,3477,252,0.009680,0.2812
24250000,1967.139580,3457,270,0.008058,0.2969
24252000,1978.305560,3459,250,0.008312,0.3125
24254000,1988.758933,3482,230,0.007914,0.2812
24256000,1981.770224,3495,220,0.011865,0.3203
24258000,1971.189909,3520,217,0.009999,0.2812
24260000,1974.604709,3510,215,0.009602,0.2812
24262000,1969.821759,3534,207,0.009800,0.2109
24264000,1969.748799,3520,231,0.009398,0.3203
24266000,1938.143405,3524,238,0.011389,0.2656
24268000,1948.583153,3523,215,0.002486,0.2578
24270000,1940.996859,3515,225,0.002584,0.3047
24272000,1935.909384,3513,225,0.002745,0.3516
24274000,1930.318394,3518,241,0.007018,0.3281
24276000,1929.397194,3523,252,0.005070,0.3750
24278000,1937.637426,3507,251,0.004251,0.3359
24280000,1939.706617,3494,257,0.005947,0.3047
24282000,1945.435014,3503,269,0.004518,0.3672
24284000,1974.271439,3494,250,0.001409,0.2578
24286000,1962.998038,3520,263,0.002739,0.2969
24288000,1950.007016,3520,231,0.002913,0.2891
24290000,1979.138766,3549,210,0.005933,0.2656
24292000,1964.235609,3564,212,0.005347,0.2891
24294000,1956.524819,3571,202,0.005025,0.2266
24296000,1956.629435,3539,205,0.005425,0.3281
24298000,1955.720558,3541,222,0.006347,0.2578
24300000,1967.018246,3538,216,0.005865,0.2891
24302000,1990.353809,3527,219,0.008174,0.3047
24304000,1994.454286,3521,213,0.008444,0.4062
24306000,2004.419977,3512,233,0.008438,0.3281
24308000,1951.335695,3507,219,0.009151,0.3203
24310000,1947.267027,3485,223,0.009258,0.2734
24312000,1942.314013,3458,249,0.010168,0.2812
24314000,1945.656504,3468,236,0.006210,0.2734
24316000,1951.721714,3458,231,0.007450,0.3594
24318000,1944.065067,3470,245,0.007648,0.2656
24320000,1956.669325,3492,237,0.007728,0.3047
24322000,1967.525594,3507,230,0.007328,0.2969
24324000,1970.689861,3526,240,0.006809,0.3125
24326000,1958.229319,3557,241,0.005425,0.2344
24328000,1949.006230,3533,243,0.006082,0.3359
24330000,1940.371444,3524,237,0.005991,0.2500
24332000,1937.176394,3534,236,0.007956,0.2656
24334000,1932.724777,3509,238,0.006471,0.2500
24336000,1932.849739,3487,231,0.008464,0.2969
24338000,1930.699506,3517,225,0.007122,0.2656
24340000,1928.684510,3501,232,0.006287,0.3125
24342000,1954.861991,3494,223,0.013103,0.3047
24344000,1964.389411,3518,217,0.014815,0.3047
24346000,1982.357537,3523,222,0.010622,0.3359
24348000,1968.128612,3515,221,0.008575,0.2969
24350000,1958.540106,3506,219,0.007894,0.3281
24352000,1955.761133,3500,215,0.012915,0.2578
24354000,1945.218074,3508,240,0.012835,0.3906
24356000,1945.638084,3530,256,0.012113,0.2266
24358000,1943.949506,3544,241,0.014101,0.3359
24360000,1943.488054,3508,242,0.017712,0.2969
24362000,1949.325975,3520,253,0.015689,0.3125
24364000,1962.445842,3494,266,0.017220,0.3281
24366000,1963.793463,3485,267,0.018825,0.3047
24368000,1973.167240,3470,269,0.015906,0.2891
24370000,1958.885848,3496,247,0.014233,0.2969
24372000,1952.057106,3512,242,0.015508,0.2969
24374000,1960.339042,3526,237,0.013356,0.2891
24376000,1958.495141,3534,202,0.012690,0.2969
24378000,1968.948610,3539,227,0.010652,0.3672
24380000,1977.501922,3518,232,0.007785,0.2578
24382000,1989.099464,3517,244,0.007327,0.3281
24384000,1959.125258,3506,257,0.003104,0.2344
24386000,1959.738682,3511,222,0.004455,0.2969
24388000,1958.639988,3533,226,0.004139,0.3594
24390000,1960.201429,3530,246,0.004672,0.2109
24392000,1958.938522,3524,262,0.003874,0.2812
24394000,1968.369671,3544,250,0.004409,0.2812
24396000,1967.492797,3582,217,0.002990,0.3047
24398000,1962.931664,3575,217,0.002918,0.3203
24400000,1962.900760,3520,235,0.002447,0.3594
24402000,1979.493448,3534,223,0.001781,0.3359
24404000,1960.094398,3519,235,0.003274,0.2969
24406000,1970.509429,3501,234,0.004065,0.2656
24408000,1957.483403,3526,231,0.004104,0.2734
24410000,1959.664067,3548,232,0.002776,0.2578
24412000,1950.048963,3562,209,0.003371,0.3438
24414000,1971.900175,3538,214,0.003567,0.2969
24416000,1969.352351,3540,204,0.004125,0.2812
24418000,1950.418752,3504,239,0.003716,0.2578
24420000,1963.805489,3521,250,0.003354,0.3203
24422000,1969.900909,3517,244,0.002678,0.3906
24424000,1968.626403,3516,230,0.003090,0.2891
24426000,1962.078600,3512,241,0.003767,0.3125
24428000,1989.179492,3478,257,0.003638,0.3750
24430000,2016.941642,3497,233,0.009467,0.2578
24432000,2020.006281,3511,245,0.006455,0.2578
24434000,2024.099926,3533,243,0.007411,0.2891
24436000,2024.009886,3546,223,0.006827,0.2891
24438000,2018.259042,3536,230,0.007008,0.3281
24440000,2031.936010,3551,219,0.007483,0.3047
24442000,2022.523711,3523,240,0.006630,0.3281
24444000,2043.280318,3506,233,0.006460,0.3438
24446000,2049.241587,3520,223,0.007739,0.3203
24448000,2018.128861,3532,228,0.008244,0.3203
24450000,2005.983155,3540,224,0.008319,0.3359
24452000,2015.020431,3528,220,0.008778,0.2969
24454000,2016.617572,3535,233,0.008294,0.2656
24456000,2006.460842,3541,237,0.009046,0.3438
24458000,2022.262518,3521,240,0.010374,0.3047
24460000,2034.247237,3534,244,0.011097,0.2812
24462000,2036.733833,3563,218,0.010741,0.3203
24464000,2027.006444,3548,222,0.009734,0.3203
24466000,2021.242061,3556,221,0.010339,0.2891
24468000,2030.018143,3546,221,0.010537,0.2422
24470000,2020.086633,3550,238,0.009294,0.2891
24472000,2009.295869,3532,220,0.002630,0.2578
24474000,2011.100785,3542,230,0.002361,0.3828
24476000,1983.925423,3543,238,0.002615,0.3125
24478000,1963.041849,3524,255,0.003574,0.2422
24480000,1949.894412,3530,245,0.001004,0.2969
24482000,1934.498654,3554,207,0.000661,0.3125
24484000,1935.806171,3554,211,0.000477,0.2578
24486000,1937.333059,3553,203,0.000165,0.2969
24488000,1951.868426,3547,219,0.001037,0.2734
24490000,1936.490829,3542,219,0.001161,0.3203
24492000,1928.723815,3573,210,0.000727,0.2656
24494000,1928.925639,3568,210,0.000445,0.3750
24496000,1937.873506,3579,201,0.000088,0.3438
24498000,1971.111709,3583,208,0.000028,0.3672
24500000,1952.568488,3584,213,0.000011,0.2109
24502000,1945.976356,3575,230,0.000407,0.3594
24504000,1914.697686,3575,224,0.000698,0.4219
24506000,1914.082385,3580,230,0.000613,0.1797
24508000,1904.949788,3571,244,0.000591,0.2734
24510000,1906.796184,3546,258,0.000555,0.3047
24512000,1901.418010,3548,246,0.000820,0.2812
24514000,1900.355186,3588,214,0.000535,0.2969
24516000,1891.348368,3573,226,0.000100,0.2812
24518000,1893.180601,3561,241,0.000023,0.2891
24520000,1928.785338,3552,214,0.000828,0.2578
24522000,1899.867473,3543,217,0.000513,0.3047
24524000,1911.231959,3571,211,0.001120,0.2500
24526000,1902.317823,3568,200,0.001538,0.2578
24528000,1902.481113,3553,233,0.001334,0.2656
24530000,1915.574963,3541,229,0.000770,0.2500
24532000,1868.862214,3514,231,0.000456,0.2812
24534000,1867.367788,3546,233,0.000016,0.3281
24536000,1872.531943,3544,243,0.000148,0.2734
24538000,1882.146663,3531,244,0.000441,0.2656
24540000,1880.534420,3512,240,0.000359,0.3906
24542000,1887.682229,3510,243,0.000373,0.3359
24544000,1883.325586,3504,251,0.000444,0.3281
24546000,1902.550807,3498,260,0.000191,0.2812
24548000,1911.391337,3523,253,0.000227,0.3359
24550000,1915.318161,3530,238,0.000025,0.2891
24552000,1892.490169,3518,253,0.000050,0.3750
24554000,1884.195278,3485,252,0.000009,0.2578
24556000,1889.295517,3485,244,0.000026,0.3125
24558000,1887.751217,3498,238,0.000374,0.3125
24560000,1879.962780,3517,222,0.000382,0.2812
24562000,1880.423034,3508,221,0.000363,0.3359
24564000,1881.807906,3488,243,0.000578,0.3047
24566000,1892.191694,3480,248,0.000890,0.3125
24568000,1882.146484,3493,226,0.000244,0.3125
24570000,1879.258045,3478,229,0.000215,0.2891
24572000,1893.611530,3483,249,0.000223,0.2734
24574000,1912.052717,3524,238,0.000691,0.3672
24576000,1930.601663,3543,224,0.000672,0.2891
24578000,1912.892159,3557,215,0.000404,0.3125
24580000,1911.435011,3542,206,0.000157,0.3281
24582000,1913.622519,3536,218,0.000266,0.3125
24584000,1905.179247,3538,235,0.000187,0.3516
24586000,1911.862973,3558,224,0.000470,0.2812
24588000,1914.822431,3591,219,0.000301,0.2969
24590000,1922.112337,3562,209,0.000138,0.2344
24592000,1900.034221,3538,212,0.000063,0.2812
24594000,1985.305055,3543,211,0.002187,0.2969
24596000,1972.435956,3547,206,0.002208,0.2812
24598000,1957.429852,3554,202,0.002263,0.2422
24600000,1952.015561,3557,203,0.003026,0.2734
24602000,1936.310317,3537,208,0.003642,0.2578
24604000,1939.605186,3545,220,0.006807,0.2734
24606000,1946.531431,3529,235,0.014217,0.3047
24608000,1939.072479,3537,213,0.011890,0.1953
24610000,1941.700771,3541,208,0.013069,0.3594
24612000,1939.832437,3511,215,0.013833,0.3047
24614000,1946.565172,3511,217,0.014355,0.2969
24616000,1949.320029,3530,236,0.016235,0.2891
24618000,1940.252075,3548,242,0.018041,0.2656
24620000,1942.804810,3559,236,0.020767,0.2969
24622000,1938.592481,3566,220,0.015774,0.2266
24624000,1938.219553,3567,222,0.017888,0.4062
24626000,1932.960658,3565,209,0.017464,0.3594
24628000,1948.340210,3567,220,0.019092,0.3203
24630000,1959.437100,3577,207,0.017713,0.2812
24632000,1934.151513,3573,187,0.015459,0.2656
24634000,1941.284081,3563,208,0.013011,0.2969
24636000,1965.094581,3558,214,0.014920,0.2812
24638000,1967.772271,3548,218,0.014150,0.3359
24640000,1971.283648,3529,218,0.012949,0.3047
24642000,1954.152776,3524,228,0.019026,0.2812
24644000,1950.998023,3547,222,0.017416,0.3047
24646000,1951.112606,3559,208,0.017880,0.2578
24648000,1943.539812,3529,216,0.016640,0.3438
24650000,1899.045955,3542,218,0.016922,0.3203
24652000,1896.242559,3516,249,0.016512,0.4375
24654000,1897.514082,3501,237,0.014768,0.3516
24656000,1899.048291,3515,243,0.018205,0.3125
24658000,1875.728687,3545,233,0.014540,0.2891
24660000,1863.517836,3526,245,0.013149,0.2812
24662000,1861.637650,3531,227,0.011610,0.2344
24664000,1858.400829,3555,229,0.010018,0.2969
24666000,1862.569248,3515,247,0.011764,0.3750
24668000,1863.022036,3508,231,0.012188,0.3438
24670000,1868.802318,3514,234,0.015347,0.3281
24672000,1854.841294,3501,243,0.014332,0.2578
24674000,1853.330493,3478,259,0.014274,0.3438
24676000,1851.346573,3496,246,0.013245,0.2578
24678000,1844.197857,3485,243,0.012836,0.2656
24680000,1843.080957,3477,248,0.009601,0.3047
24682000,1830.056946,3470,240,0.005994,0.3281
24684000,1829.760000,3449,256,0.006171,0.2656
24686000,1847.811314,3470,240,0.006158,0.3672
24688000,1836.508297,3484,248,0.006327,0.2656
24690000,1839.824356,3490,245,0.004452,0.2969
24692000,1851.400385,3498,242,0.004292,0.3359
24694000,1838.188649,3474,228,0.005048,0.2656
24696000,1835.004616,3466,240,0.004336,0.2734
24698000,1843.195879,3487,218,0.005458,0.2812
24700000,1859.998661,3517,225,0.005329,0.3047
24702000,1866.712861,3544,218,0.005743,0.2812
24704000,1878.099954,3527,229,0.007517,0.3750
24706000,1889.415989,3542,228,0.008799,0.3047
24708000,1888.438338,3530,220,0.008373,0.2734
24710000,1907.134726,3510,219,0.010586,0.2812
24712000,1886.330937,3485,219,0.006927,0.2656
24714000,1871.336733,3524,222,0.006048,0.2500
24716000,1861.535291,3517,232,0.010024,0.3359
24718000,1860.784634,3484,263,0.014391,0.3125
24720000,1856.110884,3469,261,0.013728,0.2891
24722000,1854.616375,3492,246,0.013311,0.2500
24724000,1831.755851,3485,246,0.009868,0.3672
24726000,1821.607492,3498,233,0.007505,0.2656
24728000,1797.642478,3470,244,0.005645,0.2969
24730000,1797.493898,3489,231,0.007503,0.3828
24732000,1790.223498,3482,228,0.007141,0.2734
24734000,1789.599723,3463,229,0.007115,0.3047
24736000,1782.564551,3469,240,0.006776,0.3125
24738000,1799.223390,3466,235,0.005584,0.4062
24740000,1796.085806,3499,228,0.005256,0.2969
24742000,1788.329423,3501,222,0.005341,0.2812
24744000,1797.448041,3500,245,0.002770,0.3359
24746000,1798.129520,3498,238,0.003002,0.3594
24748000,1806.794245,3513,233,0.003626,0.3359
24750000,1806.925994,3538,226,0.004538,0.3203
24752000,1809.585711,3518,230,0.004391,0.3359
24754000,1795.357396,3506,240,0.006915,0.2734
24756000,1782.076550,3510,229,0.005729,0.2578
24758000,1790.495431,3541,215,0.004054,0.3438
24760000,1798.644327,3534,244,0.004293,0.2812
24762000,1800.865332,3538,236,0.004503,0.2578
24764000,1807.817146,3560,229,0.004708,0.2578
24766000,1827.353427,3570,212,0.004062,0.3281
24768000,1822.979733,3592,212,0.004475,0.3281
24770000,1822.326556,3609,214,0.003589,0.2969
24772000,1823.697581,3590,224,0.003446,0.3672
24774000,1818.985511,3563,239,0.003472,0.3672
24776000,1824.290081,3583,219,0.003464,0.3516
24778000,1834.318183,3540,248,0.005469,0.3359
24780000,1830.558749,3549,247,0.004962,0.3906
24782000,1832.273575,3551,230,0.005238,0.2500
24784000,1816.149877,3520,237,0.005841,0.3203
24786000,1813.712453,3529,229,0.005091,0.3359
24788000,1810.398759,3528,236,0.005876,0.3516
24790000,1806.287084,3549,232,0.005104,0.2812
24792000,1805.816964,3537,236,0.004496,0.3047
24794000,1810.335166,3546,225,0.002565,0.2734
24796000,1817.926028,3551,213,0.003413,0.2812
24798000,1809.829064,3545,239,0.002791,0.2578
24800000,1819.988995,3549,221,0.002843,0.3516
24802000,1827.877251,3551,230,0.003435,0.3203
24804000,1836.517057,3550,229,0.002920,0.3672
24806000,1831.934367,3560,215,0.002415,0.3047
24808000,1831.091848,3542,214,0.003074,0.2891
24810000,1850.263539,3526,229,0.002512,0.3047
24812000,1836.197879,3513,223,0.001406,0.3281
24814000,1836.649524,3533,205,0.001248,0.3828
24816000,1871.643815,3537,202,0.000971,0.3672
24818000,1869.970950,3508,225,0.000791,0.4062
24820000,1881.261826,3517,210,0.000938,0.2344
24822000,1880.218308,3528,208,0.001584,0.2812
24824000,1893.026096,3518,231,0.001175,0.3828
24826000,1893.786496,3516,229,0.001037,0.3125
24828000,1891.575118,3512,236,0.000763,0.3281
24830000,1917.920954,3537,208,0.000727,0.3359
24832000,1924.726795,3536,232,0.001414,0.3125
24834000,1939.771414,3533,204,0.003031,0.2656
24836000,1944.712301,3546,216,0.003127,0.2812
24838000,1946.848892,3548,205,0.003879,0.2344
24840000,1938.378926,3536,200,0.002887,0.2344
24842000,1912.580951,3531,207,0.002433,0.3438
24844000,1923.175892,3517,228,0.002272,0.3594
24846000,1929.352661,3506,249,0.001360,0.2578
24848000,1922.143840,3520,246,0.001985,0.3203
24850000,1924.815542,3509,243,0.002338,0.3203
24852000,1918.071738,3526,243,0.002098,0.2734
24854000,1914.489671,3500,236,0.000770,0.3203
24856000,1923.813774,3529,232,0.000766,0.2969
24858000,1929.458146,3547,220,0.000929,0.2891
24860000,1937.408607,3549,228,0.000831,0.3047
24862000,1926.902087,3508,242,0.000641,0.3672
24864000,1915.540413,3525,225,0.000806,0.2422
24866000,1914.709004,3551,227,0.000852,0.2266
24868000,1927.093376,3539,227,0.000343,0.2969
24870000,1924.387613,3549,212,0.000292,0.2734
24872000,1924.617246,3569,211,0.000419,0.3516
24874000,1930.827349,3565,214,0.000263,0.3594
24876000,1936.661655,3572,200,0.000105,0.3203
24878000,1969.290933,3552,232,0.000781,0.2734
24880000,1974.418863,3566,219,0.000791,0.3281
24882000,1960.778460,3544,212,0.000881,0.3672
24884000,1953.127177,3539,207,0.000544,0.4297
24886000,1955.387216,3535,231,0.000973,0.3125
24888000,1941.755653,3588,205,0.001360,0.3203
24890000,1953.077129,3573,213,0.000746,0.2344
24892000,1959.167708,3551,218,0.001039,0.3281
24894000,1933.061436,3506,228,0.000085,0.3359
24896000,1929.119943,3556,207,0.000232,0.3516
24898000,1931.792447,3552,209,0.000119,0.2969
24900000,1928.642359,3550,208,0.000146,0.3594
24902000,1911.402262,3520,231,0.000093,0.3047
24904000,1908.693285,3541,208,0.000256,0.1953
24906000,1899.928069,3546,217,0.000363,0.3203
24908000,1932.163799,3561,235,0.000439,0.3359
24910000,1911.929655,3546,238,0.001088,0.3047
24912000,1910.569113,3552,226,0.000730,0.2891
24914000,1922.078629,3529,229,0.000587,0.2891
24916000,1925.079937,3547,228,0.000428,0.2500
24918000,1932.287307,3545,209,0.000476,0.3281
24920000,1926.045343,3549,231,0.000857,0.3359
24922000,1918.200732,3560,222,0.000450,0.2500
24924000,1905.002775,3537,232,0.000731,0.3047
24926000,1922.857575,3552,216,0.000882,0.3281
24928000,1915.443048,3559,216,0.000755,0.2578
24930000,1912.774433,3585,216,0.001499,0.3516
24932000,1901.186613,3600,198,0.000525,0.2500
24934000,1890.458861,3609,185,0.000499,0.2891
24936000,1863.509636,3626,185,0.000250,0.2422
24938000,1872.589467,3596,194,0.000272,0.3047
24940000,1868.938576,3593,201,0.000371,0.3281
24942000,1863.126677,3591,216,0.000084,0.2812
24944000,1850.488753,3581,219,0.000099,0.3203
24946000,1849.756370,3570,219,0.000008,0.2344
24948000,1852.064753,3567,228,0.000028,0.2734
24950000,1874.997541,3549,220,0.000001,0.2812
24952000,1871.869129,3530,217,0.000036,0.3828
24954000,1885.226151,3555,225,0.000216,0.3125
24956000,1876.996766,3563,238,0.000035,0.3047
24958000,1875.231047,3565,236,0.000068,0.3203
24960000,1885.824511,3554,230,0.000268,0.3125
24962000,1888.580065,3537,223,0.000161,0.3594
24964000,1892.260752,3526,225,0.000187,0.3516
24966000,1894.427080,3545,221,0.000054,0.3672
24968000,1898.000382,3567,212,0.000009,0.2734
24970000,1905.457401,3546,247,0.000022,0.3594
24972000,1914.519480,3533,250,0.000052,0.2891
24974000,1912.328615,3558,227,0.000039,0.3750
24976000,1925.539818,3562,229,0.000021,0.2891
24978000,1923.646486,3560,234,0.000070,0.3438
24980000,1924.452039,3565,222,0.000035,0.2891
24982000,1917.904168,3542,263,0.000034,0.2500
24984000,1912.755272,3556,235,0.000423,0.3125
24986000,1910.592719,3567,236,0.000394,0.2891
24988000,1933.644186,3601,203,0.000055,0.3359
24990000,1953.847732,3593,216,0.000048,0.3047
24992000,1959.763176,3597,227,0.000004,0.2734
24994000,1956.844951,3594,227,0.000017,0.2812
24996000,1965.240607,3607,228,0.000088,0.3516
24998000,1966.687895,3641,222,0.000486,0.3047
25000000,1967.359242,3632,229,0.000608,0.2812
25002000,1960.292241,3650,237,0.000244,0.2578
25004000,1948.835296,3659,206,0.000045,0.3047
25006000,1944.349475,3617,223,0.000023,0.3203
25008000,1945.228119,3585,230,0.000025,0.2734
25010000,1944.213198,3586,239,0.000022,0.3750
25012000,1941.059136,3572,239,0.000025,0.2578
25014000,1937.043326,3561,242,0.000224,0.3359
25016000,1943.057856,3593,213,0.000321,0.2891
25018000,1943.308789,3572,220,0.000376,0.2500
25020000,1955.308596,3593,203,0.000333,0.2969
25022000,1942.427079,3574,215,0.000475,0.2656
25024000,1935.866707,3578,207,0.000347,0.3047
25026000,1936.692074,3581,210,0.001479,0.2812
25028000,1940.707960,3564,223,0.001618,0.2891
25030000,1923.967664,3563,223,0.000939,0.3359
25032000,1920.379480,3563,232,0.000939,0.2500
25034000,1909.560575,3559,227,0.000554,0.2656
25036000,1903.966996,3560,207,0.001761,0.2656
25038000,1904.196844,3527,228,0.002595,0.3281
25040000,1900.828981,3510,232,0.001696,0.2734
25042000,1899.319735,3503,244,0.002283,0.2891
25044000,1897.940306,3495,246,0.002281,0.2734
25046000,1892.973182,3503,255,0.002400,0.2969
25048000,1893.114292,3531,248,0.001588,0.3359
25050000,1854.874628,3556,231,0.002689,0.2500
25052000,1858.677097,3567,231,0.003952,0.3516
25054000,1865.348364,3522,248,0.003807,0.2891
25056000,1904.639315,3516,242,0.001571,0.3125
25058000,1889.044753,3540,247,0.002367,0.2969
25060000,1892.584283,3540,235,0.003078,0.3203
25062000,1922.686179,3528,223,0.001227,0.3047
25064000,1915.357731,3516,211,0.000758,0.2734
25066000,1908.811507,3508,220,0.000213,0.3125
25068000,1921.165530,3523,227,0.000470,0.2344
25070000,1915.603575,3508,229,0.001110,0.3203
25072000,1894.403339,3497,218,0.000730,0.2969
25074000,1884.891041,3492,219,0.000174,0.3594
25076000,1907.381058,3481,227,0.000263,0.4219
25078000,1913.366303,3490,227,0.000342,0.3203
25080000,1930.258105,3489,228,0.000369,0.3125
25082000,1928.248118,3457,232,0.000221,0.3281
25084000,1937.035514,3451,243,0.000270,0.3359
25086000,1934.007604,3474,237,0.000537,0.2969
25088000,1934.658990,3492,237,0.000615,0.3203
25090000,1913.006745,3507,218,0.000208,0.2969
25092000,1916.735267,3492,224,0.000145,0.3438
25094000,1896.929927,3471,236,0.000898,0.2500
25096000,1895.620935,3479,217,0.000759,0.3281
25098000,1890.473391,3484,234,0.001481,0.2812
25100000,1898.267182,3483,221,0.000787,0.3750
25102000,1897.556597,3491,231,0.000784,0.2969
25104000,1898.536012,3509,222,0.001141,0.2500
25106000,1892.505549,3496,237,0.002156,0.2969
25108000,1887.047408,3479,242,0.002362,0.3047
25110000,1876.993395,3493,234,0.004084,0.2109
25112000,1859.993533,3464,248,0.003781,0.3516
25114000,1861.901848,3499,233,0.004204,0.3203
25116000,1865.873869,3473,234,0.003726,0.3438
25118000,1861.638642,3499,236,0.002536,0.3203
25120000,1874.493231,3491,245,0.002306,0.3516
25122000,1885.903888,3501,231,0.003140,0.3047
25124000,1888.160061,3492,231,0.002967,0.2812
25126000,1897.459706,3461,232,0.003402,0.2969
25128000,1899.069315,3459,228,0.003688,0.3828
25130000,1883.457206,3441,243,0.003448,0.3359
25132000,1882.125874,3449,246,0.003418,0.3828
25134000,1880.098327,3437,234,0.003803,0.2500
25136000,1884.709562,3440,254,0.004084,0.3359
25138000,1884.792281,3495,223,0.006293,0.3281
25140000,1882.160097,3479,216,0.005545,0.2891
25142000,1876.256928,3468,213,0.005456,0.3594
25144000,1872.240585,3475,213,0.006217,0.2734
25146000,1872.114929,3475,210,0.005326,0.3047
25148000,1871.528428,3507,200,0.003847,0.2891
25150000,1880.681946,3473,223,0.004286,0.2734
25152000,1883.081724,3447,236,0.003258,0.3828
25154000,1888.009665,3468,237,0.003385,0.2656
25156000,1881.113621,3491,222,0.003024,0.2578
25158000,1877.429861,3492,208,0.004225,0.3125
25160000,1915.541086,3484,229,0.008250,0.3750
25162000,1904.997903,3506,226,0.007676,0.3125
25164000,1898.164328,3480,234,0.008747,0.2578
25166000,1896.585031,3482,242,0.006041,0.2812
25168000,1906.263501,3495,233,0.006127,0.2812
25170000,1919.592892,3474,248,0.006273,0.3438
25172000,1902.804573,3480,258,0.005995,0.3047
25174000,1888.925925,3481,262,0.006902,0.3516
25176000,1881.781760,3460,271,0.005389,0.3828
25178000,1876.309819,3506,243,0.006411,0.3125
25180000,1861.379111,3499,268,0.007234,0.2969
25182000,1863.264095,3521,238,0.006530,0.3203
25184000,1855.931750,3520,229,0.006534,0.3281
25186000,1858.897897,3524,232,0.007914,0.2891
25188000,1863.292252,3530,228,0.008869,0.2500
25190000,1868.851037,3514,238,0.008280,0.4219
25192000,1873.306132,3514,229,0.009369,0.3438
25194000,1883.643629,3514,223,0.008023,0.2266
25196000,1880.712597,3520,222,0.007766,0.3359
25198000,1882.267555,3538,223,0.005137,0.3594
25200000,1875.449202,3533,230,0.005321,0.3516
25202000,1872.655636,3510,228,0.006710,0.3828
25204000,1882.023691,3536,229,0.006361,0.2969
25206000,1873.891831,3526,231,0.006529,0.3750
25208000,1876.687580,3526,217,0.008415,0.3047
25210000,1876.537512,3506,234,0.008291,0.2812
25212000,1869.403412,3493,230,0.008973,0.3750
25214000,1873.952706,3482,246,0.006771,0.3672
25216000,1873.189153,3492,244,0.005618,0.2578
25218000,1867.435204,3487,236,0.005967,0.2812
25220000,1874.501191,3485,239,0.004088,0.3047
25222000,1876.913060,3468,245,0.006053,0.2969
25224000,1869.089047,3458,241,0.009239,0.3281
25226000,1859.527895,3473,242,0.009864,0.3594
25228000,1881.871088,3474,262,0.007213,0.2891
25230000,1868.096090,3441,286,0.010241,0.3672
25232000,1845.401455,3403,282,0.014271,0.3359
25234000,1838.718287,3406,266,0.015595,0.3047
25236000,1841.585459,3439,267,0.016418,0.3594
25238000,1837.862762,3441,289,0.016351,0.3359
25240000,1828.781098,3442,286,0.017366,0.3672
25242000,1828.817669,3460,258,0.018778,0.2734
25244000,1805.296409,3481,241,0.018002,0.3047
25246000,1797.133659,3481,236,0.019798,0.4141
25248000,1801.669397,3517,219,0.017053,0.2891
25250000,1812.337166,3512,221,0.017394,0.3750
25252000,1804.841473,3496,234,0.016680,0.2578
25254000,1795.365834,3494,228,0.013584,0.3125
25256000,1822.129471,3496,248,0.013322,0.3125
25258000,1830.570196,3499,250,0.014174,0.3438
25260000,1838.658963,3484,252,0.012512,0.3438
25262000,1853.679918,3501,232,0.013583,0.3516
25264000,1841.862774,3480,241,0.015734,0.3828
25266000,1828.213657,3481,258,0.014690,0.2734
25268000,1830.165379,3499,249,0.018295,0.3125
25270000,1804.105394,3500,241,0.024930,0.2422
25272000,1811.163270,3511,240,0.025944,0.3203
25274000,1794.801661,3502,236,0.025448,0.3047
25276000,1789.875194,3513,220,0.024641,0.3125
25278000,1785.136378,3520,230,0.020922,0.2500
25280000,1784.222411,3513,227,0.022211,0.2812
25282000,1798.510019,3527,226,0.020394,0.2734
25284000,1839.234156,3524,214,0.015388,0.3281
25286000,1832.626451,3511,207,0.014072,0.2812
25288000,1829.856215,3519,224,0.014579,0.3047
25290000,1837.202859,3506,231,0.015393,0.3516
25292000,1838.205349,3506,247,0.014370,0.3203
25294000,1833.800979,3527,228,0.015338,0.3047
25296000,1850.325552,3526,233,0.013650,0.3047
25298000,1860.984746,3525,246,0.014481,0.2656
25300000,1867.864628,3534,241,0.013641,0.3359
25302000,1873.296383,3542,234,0.013138,0.2578
25304000,1862.874026,3543,225,0.013728,0.3047
25306000,1870.262816,3538,225,0.013065,0.3984
25308000,1877.715863,3522,241,0.015822,0.2969
25310000,1903.679148,3538,221,0.016245,0.3438
25312000,1903.854964,3487,241,0.017173,0.3359
25314000,1912.629836,3518,223,0.016983,0.2500
25316000,1897.936810,3528,213,0.016878,0.2812
25318000,1899.759782,3537,210,0.015335,0.2891
25320000,1887.528237,3509,216,0.014900,0.2812
25322000,1885.424982,3480,230,0.012093,0.2969
25324000,1893.363455,3455,224,0.009906,0.2422
25326000,1879.031608,3473,210,0.014931,0.4141
25328000,1867.811984,3472,218,0.014445,0.2656
25330000,1895.801420,3516,212,0.017144,0.3047
25332000,1904.369651,3496,218,0.018871,0.3281
25334000,1891.678523,3529,215,0.026728,0.3281
25336000,1889.368568,3487,246,0.024835,0.3359
25338000,1900.213064,3530,213,0.026433,0.2734
25340000,1885.399678,3511,222,0.021274,0.3359
25342000,1858.629004,3491,224,0.019741,0.3047
25344000,1863.102947,3481,229,0.021867,0.3125
25346000,1861.079198,3493,228,0.034219,0.3047
25348000,1862.972002,3476,238,0.036452,0.3906
25350000,1858.188579,3483,227,0.034483,0.3125
25352000,1854.940339,3506,227,0.029812,0.2578
25354000,1852.088750,3502,233,0.031157,0.3203
25356000,1848.962692,3511,211,0.030937,0.2891
25358000,1836.377995,3548,206,0.007857,0.2500
25360000,1836.106082,3527,228,0.009192,0.3203
25362000,1838.473283,3505,230,0.008544,0.3281
25364000,1849.410797,3517,231,0.006526,0.3750
25366000,1852.273350,3506,235,0.007435,0.2812
25368000,1841.670262,3536,230,0.003004,0.2188
25370000,1840.576929,3526,237,0.003050,0.3125
25372000,1870.339871,3532,240,0.006441,0.2734
25374000,1870.764550,3537,231,0.007012,0.3438
25376000,1878.261555,3542,217,0.006710,0.3203
25378000,1891.554110,3545,233,0.005613,0.3438
25380000,1892.232366,3560,210,0.006425,0.2812
25382000,1887.129939,3549,222,0.007495,0.2656
25384000,1886.607757,3526,203,0.007728,0.3125
25386000,1892.081764,3507,215,0.006389,0.2266
25388000,1891.870000,3498,222,0.007057,0.3047
25390000,1879.482961,3524,218,0.009549,0.2031
25392000,1875.066073,3548,208,0.008342,0.2891
25394000,1884.553425,3544,208,0.007714,0.2969
25396000,1865.441899,3574,202,0.007887,0.3438
25398000,1867.970610,3600,208,0.009662,0.2734
25400000,1875.079082,3570,218,0.009022,0.3906
25402000,1869.981258,3569,228,0.008823,0.2891
25404000,1877.521144,3557,227,0.009931,0.3438
25406000,1826.412570,3541,246,0.007397,0.2812
25408000,1846.778988,3523,237,0.009543,0.3281
25410000,1832.403277,3507,244,0.007895,0.3359
25412000,1829.284866,3513,251,0.008209,0.3125
25414000,1835.458211,3493,239,0.008628,0.3438
25416000,1845.416336,3493,233,0.008328,0.3359
25418000,1850.671484,3528,222,0.007997,0.2344
25420000,1855.879807,3529,202,0.007453,0.2969
25422000,1852.197254,3529,210,0.006757,0.2891
25424000,1852.981151,3509,224,0.005773,0.2891
25426000,1854.344551,3544,203,0.007385,0.2812
25428000,1856.529066,3562,224,0.008146,0.3281
25430000,1863.334644,3569,216,0.007893,0.2578
25432000,1853.821655,3545,238,0.009328,0.2969
25434000,1873.905322,3550,230,0.025672,0.2656
25436000,1890.935712,3552,215,0.028046,0.2734
25438000,1874.419542,3553,220,0.024821,0.2266
25440000,1867.521400,3552,212,0.023904,0.2969
25442000,1831.274778,3546,218,0.022139,0.3516
25444000,1843.643044,3551,206,0.021176,0.2891
25446000,1841.495675,3569,226,0.018630,0.3359
25448000,1834.368060,3597,205,0.018431,0.3594
25450000,1840.456444,3598,212,0.017307,0.3359
25452000,1841.747653,3563,213,0.018038,0.3047
25454000,1840.698377,3552,234,0.019521,0.2656
25456000,1851.110975,3553,230,0.016148,0.3516
25458000,1862.835704,3574,215,0.018707,0.2656
25460000,1859.209164,3576,210,0.019149,0.2656
25462000,1846.703171,3567,217,0.022161,0.3047
25464000,1837.545703,3542,217,0.018853,0.2969
25466000,1825.644207,3521,227,0.019379,0.2578
25468000,1834.326357,3531,227,0.021490,0.2266
25470000,1822.984058,3530,227,0.019631,0.2734
25472000,1835.360194,3495,223,0.023686,0.3438
25474000,1839.533758,3512,216,0.024914,0.3594
25476000,1848.845921,3511,235,0.025726,0.3125
25478000,1878.242704,3516,227,0.024302,0.3203
25480000,1877.343188,3536,231,0.023189,0.2500
25482000,1879.661747,3551,222,0.027604,0.2734
25484000,1885.547948,3525,214,0.027400,0.2578
25486000,1875.209775,3508,239,0.027803,0.3594
25488000,1877.908014,3527,246,0.029414,0.3281
25490000,1876.150850,3527,245,0.029618,0.2500
25492000,1863.902914,3538,234,0.031115,0.3438
25494000,1858.185289,3574,208,0.030283,0.2578
25496000,1873.315447,3554,225,0.029446,0.3594
25498000,1863.577285,3568,217,0.028597,0.2344
25500000,1877.107893,3563,223,0.024806,0.2891
25502000,1874.650560,3565,210,0.017084,0.3047
25504000,1884.100412,3555,203,0.018242,0.2812
25506000,1886.257830,3566,216,0.016839,0.3281
25508000,1896.016006,3547,221,0.016446,0.2734
25510000,1906.411486,3535,232,0.017124,0.3750
25512000,1913.497476,3564,214,0.019236,0.2812
25514000,1919.337790,3550,225,0.022635,0.2031
25516000,1909.752653,3526,244,0.018682,0.2812
25518000,1918.601364,3508,243,0.017653,0.3359
25520000,1924.658127,3515,245,0.014784,0.3672
25522000,1911.287497,3509,236,0.013914,0.3047
25524000,1898.407742,3528,222,0.012766,0.2969
25526000,1905.092073,3534,216,0.016024,0.3516
25528000,1929.965359,3516,237,0.032261,0.3281
25530000,1906.785418,3506,244,0.034496,0.4297
25532000,1905.768647,3528,237,0.038091,0.3516
25534000,1928.686539,3514,245,0.045195,0.2734
25536000,1897.198517,3503,259,0.042408,0.3203
25538000,1882.855863,3513,261,0.038053,0.3438
25540000,1780.333258,3556,244,0.006217,0.3828
25542000,1782.524369,3552,234,0.006056,0.2344
25544000,1768.733986,3559,224,0.006821,0.2656
25546000,1770.359997,3544,221,0.007557,0.2969
25548000,1760.644653,3563,214,0.008554,0.3125
25550000,1768.632753,3546,224,0.008650,0.3594
25552000,1766.891282,3546,215,0.010312,0.2812
25554000,1782.513782,3538,233,0.010038,0.3672
25556000,1773.562757,3561,214,0.005767,0.2812
25558000,1788.227415,3583,222,0.005402,0.3203
25560000,1784.187628,3566,217,0.005148,0.2734
25562000,1776.652388,3533,228,0.003805,0.3672
25564000,1778.905499,3523,225,0.003793,0.2734
25566000,1775.358088,3533,209,0.003128,0.3672
25568000,1777.600995,3549,208,0.002325,0.2734
25570000,1778.149886,3528,221,0.001831,0.2734
25572000,1785.807861,3514,242,0.004427,0.3281
25574000,1783.383959,3510,242,0.003271,0.2656
25576000,1776.331590,3511,260,0.004427,0.2812
25578000,1772.922250,3529,228,0.004356,0.2969
25580000,1768.614402,3548,228,0.004306,0.3125
25582000,1773.662365,3543,230,0.004465,0.1797
25584000,1764.964814,3537,242,0.003958,0.2422
25586000,1776.200192,3501,232,0.004288,0.3125
25588000,1792.007047,3522,245,0.004330,0.2734
25590000,1797.309039,3533,233,0.012967,0.3047
25592000,1811.036537,3549,227,0.012522,0.2500
25594000,1824.581006,3520,248,0.012148,0.2891
25596000,1830.595506,3503,256,0.012801,0.2891
25598000,1822.724260,3497,278,0.013274,0.3047
25600000,1815.369290,3505,266,0.013415,0.1719
25602000,1825.948558,3529,245,0.011835,0.2891
25604000,1826.218707,3522,245,0.013567,0.3281
25606000,1817.078702,3545,231,0.013477,0.2656
25608000,1821.874434,3565,247,0.022982,0.3281
25610000,1816.010059,3558,228,0.021964,0.3359
25612000,1823.801826,3553,234,0.021847,0.2266
25614000,1833.367302,3579,221,0.022899,0.2969
25616000,1835.726674,3551,230,0.026406,0.2344
25618000,1826.686749,3544,234,0.023440,0.3125
25620000,1814.393343,3568,216,0.019491,0.3281
25622000,1776.817861,3579,212,0.016216,0.2734
25624000,1785.810378,3592,196,0.016266,0.3281
25626000,1795.289208,3565,222,0.015935,0.2656
25628000,1787.755950,3528,231,0.016291,0.3594
25630000,1766.306019,3560,225,0.016148,0.2891
25632000,1746.244962,3536,217,0.014432,0.2812
25634000,1729.287093,3517,235,0.014118,0.3203
25636000,1729.972770,3518,240,0.016012,0.3203
25638000,1731.210423,3508,233,0.015051,0.4219
25640000,1742.810451,3543,237,0.016451,0.3672
25642000,1738.994578,3549,231,0.015545,0.3359
25644000,1739.949649,3551,223,0.013607,0.2891
25646000,1748.818616,3555,245,0.012221,0.3047
25648000,1745.880122,3571,225,0.010992,0.3750
25650000,1744.403784,3581,213,0.010997,0.2422
25652000,1733.701223,3563,229,0.010995,0.3828
25654000,1734.073832,3560,225,0.011729,0.2812
25656000,1727.862449,3527,229,0.011813,0.3359
25658000,1747.212628,3516,224,0.012846,0.2734
25660000,1745.843504,3501,241,0.010886,0.3672
25662000,1745.390815,3489,234,0.008897,0.2734
25664000,1740.409079,3509,218,0.008165,0.3594
25666000,1741.681531,3495,207,0.011373,0.3359
25668000,1728.265790,3514,196,0.009548,0.2891
25670000,1726.422001,3505,230,0.009342,0.3438
25672000,1720.636643,3514,227,0.009612,0.2656
25674000,1740.057244,3536,211,0.011754,0.2734
25676000,1726.639371,3542,215,0.008086,0.3125
25678000,1722.100557,3544,192,0.008899,0.3672
25680000,1727.622389,3555,204,0.008587,0.2578
25682000,1709.885197,3554,218,0.012406,0.2891
25684000,1688.263717,3586,198,0.011233,0.2266
25686000,1685.362634,3611,199,0.009869,0.2422
25688000,1684.864690,3585,203,0.012684,0.3047
25690000,1683.585605,3561,208,0.014040,0.3594
25692000,1667.523637,3536,226,0.010484,0.2891
25694000,1709.454852,3528,236,0.011852,0.2734
25696000,1708.905953,3523,232,0.010133,0.3125
25698000,1696.483740,3526,230,0.010095,0.3281
25700000,1697.027697,3523,219,0.011944,0.2500
25702000,1647.302729,3551,201,0.005030,0.3359
25704000,1648.724698,3540,219,0.005322,0.3125
25706000,1653.344062,3513,236,0.006592,0.2969
25708000,1649.209180,3529,243,0.006007,0.2656
25710000,1651.950495,3523,222,0.006483,0.2891
25712000,1666.710631,3505,209,0.007023,0.3438
25714000,1669.223901,3516,232,0.007807,0.2656
25716000,1670.366759,3560,218,0.006626,0.3125
25718000,1675.597826,3544,217,0.007264,0.3672
25720000,1672.924377,3560,204,0.013429,0.2812
25722000,1679.165631,3552,214,0.010861,0.2344
25724000,1684.465353,3535,228,0.010165,0.2109
25726000,1687.380653,3540,223,0.009944,0.3125
25728000,1671.431159,3539,229,0.009925,0.3359
25730000,1712.378085,3541,234,0.014938,0.4141
25732000,1699.103383,3546,221,0.013177,0.2500
25734000,1703.633771,3529,225,0.010829,0.2969
25736000,1702.580703,3519,227,0.010776,0.2734
25738000,1701.712151,3504,232,0.010678,0.4141
25740000,1733.495127,3519,238,0.020947,0.2656
25742000,1737.765055,3511,233,0.020652,0.3203
25744000,1743.815970,3490,228,0.017498,0.2656
25746000,1749.816922,3489,226,0.015082,0.2734
25748000,1723.382495,3497,211,0.015919,0.3125
25750000,1722.515223,3485,250,0.016421,0.3359
25752000,1727.312126,3479,243,0.017744,0.2969
25754000,1736.070996,3473,250,0.020505,0.2891
25756000,1732.760218,3491,238,0.019581,0.2812
25758000,1719.361678,3462,251,0.015288,0.3594
25760000,1719.064116,3472,256,0.013489,0.2734
25762000,1720.891980,3480,227,0.017195,0.3594
25764000,1736.995544,3479,235,0.033338,0.3047
25766000,1744.105942,3481,244,0.033203,0.3125
25768000,1718.289485,3481,240,0.027542,0.2812
25770000,1710.656442,3483,247,0.026866,0.3672
25772000,1717.478742,3528,222,0.025754,0.2969
25774000,1711.186128,3504,236,0.026101,0.3047
25776000,1729.494807,3483,243,0.023767,0.3281
25778000,1733.258170,3459,259,0.024020,0.3047
25780000,1742.187600,3474,229,0.024257,0.3359
25782000,1789.897083,3493,250,0.030013,0.2500
25784000,1777.616117,3477,256,0.026489,0.3125
25786000,1765.665086,3455,245,0.024228,0.3125
25788000,1763.416011,3471,228,0.025340,0.2891
25790000,1765.842133,3474,219,0.023836,0.3125
25792000,1775.898104,3486,221,0.021055,0.2109
25794000,1778.852346,3506,216,0.020530,0.3125
25796000,1791.875818,3525,211,0.022757,0.2656
25798000,1802.130713,3528,216,0.022836,0.3203
25800000,1779.907286,3527,231,0.021202,0.2812
25802000,1789.037465,3523,241,0.018747,0.3125
25804000,1794.946719,3533,239,0.019303,0.3672
25806000,1790.800455,3507,242,0.018448,0.2812
25808000,1784.879282,3514,238,0.018620,0.3750
25810000,1778.737041,3488,250,0.018240,0.3516
25812000,1775.694888,3523,237,0.018446,0.3359
25814000,1776.780203,3497,247,0.018664,0.3359
25816000,1783.697228,3485,255,0.017930,0.3047
25818000,1786.986811,3511,224,0.018094,0.2734
25820000,1799.849076,3513,224,0.017041,0.3438
25822000,1810.993984,3513,229,0.016015,0.3594
25824000,1802.799930,3534,202,0.015113,0.2031
25826000,1789.966966,3509,231,0.013644,0.3047
25828000,1768.151775,3495,245,0.013486,0.2891
25830000,1762.772341,3501,248,0.012899,0.2578
25832000,1761.468906,3516,225,0.014822,0.2969
25834000,1766.604059,3519,227,0.013589,0.2969
25836000,1754.850600,3492,220,0.014026,0.3125
25838000,1757.571484,3511,213,0.012919,0.3828
25840000,1752.490664,3520,197,0.011654,0.3203
25842000,1746.127547,3511,213,0.012391,0.3125
25844000,1755.849925,3502,229,0.012103,0.3438
25846000,1771.025542,3486,229,0.013082,0.2734
25848000,1740.211284,3478,264,0.018211,0.3047
25850000,1727.678964,3486,262,0.015531,0.3203
25852000,1724.008520,3498,243,0.016605,0.3438
25854000,1697.835835,3505,257,0.018276,0.3594
25856000,1698.886711,3497,234,0.015718,0.3750
25858000,1707.794506,3512,228,0.015946,0.2891
25860000,1712.754426,3507,240,0.014663,0.2969
25862000,1720.803454,3521,244,0.014512,0.3281
25864000,1712.275710,3521,238,0.012682,0.2656
25866000,1714.776843,3517,239,0.012764,0.2812
25868000,1704.455346,3520,230,0.012575,0.3438
25870000,1721.649196,3509,222,0.012496,0.2734
25872000,1716.400089,3506,234,0.011762,0.2109
25874000,1714.161914,3504,235,0.013025,0.2500
25876000,1723.032704,3530,207,0.011068,0.2500
25878000,1728.592220,3535,215,0.013504,0.2891
25880000,1743.242615,3506,227,0.006775,0.3516
25882000,1744.596053,3466,248,0.008275,0.3672
25884000,1755.538787,3490,235,0.007589,0.2656
25886000,1759.858591,3518,221,0.009644,0.3516
25888000,1759.866193,3522,221,0.010037,0.3516
25890000,1752.370003,3504,234,0.011033,0.3516
25892000,1745.400268,3479,249,0.009344,0.2812
25894000,1744.180199,3484,226,0.008840,0.2656
25896000,1736.624901,3487,261,0.010775,0.3203
25898000,1731.247143,3514,246,0.008687,0.2266
25900000,1721.982347,3478,231,0.008055,0.3594
25902000,1730.628502,3479,236,0.008396,0.3594
25904000,1731.832492,3502,237,0.020786,0.3828
25906000,1728.718376,3490,260,0.020921,0.3203
25908000,1728.067779,3502,252,0.021054,0.2734
25910000,1722.858167,3506,241,0.020061,0.2500
25912000,1710.096295,3508,222,0.021275,0.3359
25914000,1716.954219,3532,210,0.022953,0.2266
25916000,1710.116138,3499,223,0.023469,0.3125
25918000,1716.856019,3491,214,0.021163,0.3047
25920000,1704.870542,3490,234,0.017868,0.3203
25922000,1710.156103,3514,225,0.018074,0.2812
25924000,1729.881041,3506,238,0.020695,0.2969
25926000,1727.581988,3470,242,0.020824,0.3203
25928000,1744.935369,3473,230,0.020828,0.2578
25930000,1745.514614,3454,247,0.023607,0.3203
25932000,1729.914422,3457,238,0.022014,0.4375
25934000,1733.685981,3459,244,0.023698,0.3438
25936000,1738.011400,3453,249,0.022634,0.3047
25938000,1734.719071,3479,236,0.021469,0.2578
25940000,1728.192430,3466,254,0.019949,0.3438
25942000,1730.539127,3483,239,0.019112,0.2969
25944000,1728.814385,3473,248,0.018303,0.2969
25946000,1726.448277,3488,227,0.019484,0.3359
25948000,1715.269642,3498,236,0.018857,0.2891
25950000,1712.219725,3488,229,0.021961,0.2656
25952000,1736.848047,3472,240,0.029632,0.2812
25954000,1724.986331,3469,234,0.030014,0.3984
25956000,1733.214275,3460,230,0.032682,0.3438
25958000,1742.001017,3475,227,0.033002,0.3359
25960000,1749.319384,3471,236,0.035215,0.3438
25962000,1742.681796,3490,216,0.030396,0.3047
25964000,1744.876745,3510,223,0.027611,0.2578
25966000,1758.904205,3473,248,0.028384,0.3125
25968000,1758.961174,3474,256,0.025515,0.3125
25970000,1757.433297,3465,249,0.027400,0.3984
25972000,1759.793685,3492,238,0.029693,0.3203
25974000,1748.812634,3491,230,0.028621,0.2969
25976000,1752.764199,3499,220,0.028786,0.3203
25978000,1742.233319,3471,238,0.028409,0.3203
25980000,1744.235842,3498,223,0.027001,0.2578
25982000,1745.036736,3498,230,0.024460,0.3438
25984000,1748.779319,3493,233,0.023547,0.2734
25986000,1753.131822,3488,215,0.021216,0.2656
25988000,1753.583329,3491,225,0.021340,0.3438
25990000,1759.141386,3513,217,0.018469,0.2344
25992000,1745.799847,3499,219,0.018482,0.3359
25994000,1738.940709,3472,232,0.021383,0.3281
25996000,1744.328333,3482,223,0.019258,0.3516
25998000,1733.176558,3472,238,0.018579,0.2891
26000000,1736.392705,3456,256,0.018712,0.2656
26002000,1731.118421,3434,278,0.017053,0.3203
26004000,1722.483279,3462,272,0.017621,0.3359
26006000,1710.758922,3494,239,0.017774,0.3125
26008000,1728.243440,3496,232,0.017830,0.3516
26010000,1735.906609,3455,247,0.017354,0.3281
26012000,1739.016191,3457,267,0.016627,0.2656
26014000,1732.500618,3457,258,0.016197,0.3047
26016000,1733.699040,3448,250,0.017423,0.3203
26018000,1710.376606,3439,250,0.021930,0.3203
26020000,1704.638791,3463,241,0.019736,0.2891
26022000,1697.397989,3448,243,0.019030,0.2656
26024000,1701.699131,3489,238,0.017862,0.3359
26026000,1709.792639,3487,245,0.017014,0.3516
26028000,1713.444573,3460,237,0.018155,0.3125
26030000,1706.824933,3474,230,0.012671,0.2891
26032000,1702.742214,3462,235,0.013399,0.2656
26034000,1697.428414,3448,259,0.014447,0.2891
26036000,1699.202399,3448,267,0.013929,0.2578
26038000,1700.479426,3447,257,0.013579,0.3438
26040000,1702.892787,3438,252,0.013742,0.3516
26042000,1710.872337,3451,251,0.015308,0.2656
26044000,1704.575493,3441,253,0.014045,0.3672
26046000,1703.028051,3462,271,0.014763,0.3672
26048000,1710.456404,3467,257,0.014147,0.2578
26050000,1722.085687,3482,232,0.014772,0.2812
26052000,1728.714639,3499,217,0.013215,0.2500
26054000,1730.589718,3477,224,0.013459,0.2734
26056000,1772.728984,3467,225,0.011421,0.2891
26058000,1770.114941,3465,235,0.008646,0.2812
26060000,1790.132119,3478,219,0.002880,0.3359
26062000,1768.437532,3456,225,0.003808,0.2891
26064000,1779.833687,3482,217,0.002904,0.2812
26066000,1767.817612,3468,235,0.003626,0.3047
26068000,1771.660835,3485,219,0.003610,0.3281
26070000,1759.185092,3490,219,0.004100,0.3359
26072000,1769.565308,3489,215,0.004632,0.3047
26074000,1764.944327,3503,218,0.004266,0.2656
26076000,1762.933897,3486,232,0.003468,0.2656
26078000,1811.445119,3477,236,0.006024,0.3281
26080000,1796.502009,3465,235,0.006203,0.3672
26082000,1796.029450,3469,233,0.006050,0.2656
26084000,1808.247601,3473,242,0.007206,0.3594
26086000,1876.545556,3455,242,0.014603,0.2656
26088000,1849.645216,3474,233,0.019540,0.2500
26090000,1842.052460,3449,269,0.018153,0.3203
26092000,1826.537124,3433,262,0.017031,0.2969
26094000,1822.406931,3438,252,0.016478,0.3359
26096000,1821.721121,3438,261,0.017831,0.3672
26098000,1817.659883,3459,257,0.018108,0.3047
26100000,1812.684511,3469,241,0.019974,0.2812
26102000,1791.342661,3464,238,0.016793,0.3047
26104000,1724.500703,3467,225,0.008117,0.3516
26106000,1741.430022,3455,232,0.010422,0.3438
26108000,1722.574308,3431,238,0.009965,0.3281
26110000,1717.559333,3439,260,0.009979,0.2891
26112000,1738.137614,3465,232,0.010608,0.2969
26114000,1760.715344,3468,233,0.012630,0.2656
26116000,1747.596944,3445,255,0.011859,0.3359
26118000,1745.060513,3449,246,0.013276,0.2891
26120000,1743.096360,3451,241,0.012937,0.3594
26122000,1743.007761,3469,237,0.015652,0.2969
26124000,1755.133716,3482,233,0.016133,0.3281
26126000,1745.604299,3487,233,0.013860,0.3203
26128000,1735.882663,3471,220,0.016607,0.2812
26130000,1734.820994,3467,225,0.017236,0.2500
26132000,1739.811249,3490,216,0.016099,0.3047
26134000,1742.811795,3523,214,0.015622,0.3359
26136000,1750.818380,3515,225,0.020516,0.2891
26138000,1769.880444,3509,236,0.025504,0.2969
26140000,1787.972172,3526,216,0.017571,0.2578
26142000,1786.732196,3531,208,0.018216,0.2734
26144000,1771.693096,3516,222,0.014644,0.3438
26146000,1749.065024,3493,232,0.015415,0.3906
26148000,1755.856596,3495,238,0.012802,0.2734
26150000,1760.737771,3494,244,0.013370,0.3281
26152000,1759.863015,3486,223,0.012200,0.2734
26154000,1745.129263,3464,237,0.012892,0.2969
26156000,1767.066321,3511,233,0.010132,0.3516
26158000,1773.178181,3539,237,0.008893,0.3281
26160000,1766.632108,3520,236,0.009017,0.3281
26162000,1765.570957,3516,237,0.008321,0.3281
26164000,1785.940799,3521,246,0.009948,0.2734
26166000,1789.378975,3532,234,0.007849,0.3203
26168000,1791.120988,3512,235,0.005850,0.3672
26170000,1785.150272,3498,252,0.005279,0.3281
26172000,1772.731828,3511,228,0.005407,0.4062
26174000,1767.989616,3514,233,0.005347,0.2812
26176000,1759.935003,3539,225,0.005519,0.2969
26178000,1746.291248,3530,221,0.002834,0.2656
26180000,1738.874959,3537,204,0.003228,0.2656
26182000,1734.210693,3514,223,0.003115,0.2500
26184000,1728.555953,3500,225,0.004312,0.2734
26186000,1733.304643,3502,237,0.004280,0.2188
26188000,1739.924587,3502,243,0.004199,0.2422
26190000,1734.971539,3505,218,0.004100,0.3438
26192000,1734.553100,3514,218,0.004000,0.2656
26194000,1731.994779,3508,218,0.004012,0.3125
26196000,1745.075642,3513,231,0.004103,0.3281
26198000,1755.384342,3522,226,0.004896,0.3047
26200000,1769.304491,3536,211,0.004727,0.2344
26202000,1762.007907,3510,224,0.005708,0.3672
26204000,1765.717699,3524,213,0.004512,0.2969
26206000,1740.967212,3525,223,0.007202,0.2578
26208000,1754.732508,3528,222,0.003141,0.3047
26210000,1759.024864,3531,226,0.003009,0.2578
26212000,1765.011276,3515,222,0.003075,0.2656
26214000,1785.773991,3540,216,0.003150,0.3672
26216000,1775.270366,3522,236,0.003689,0.3281
26218000,1779.822331,3510,252,0.003407,0.3125
26220000,1787.770134,3474,251,0.003496,0.3750
26222000,1797.884504,3477,232,0.004340,0.2734
26224000,1793.345407,3477,242,0.004591,0.3047
26226000,1791.586623,3497,236,0.007527,0.3672
26228000,1789.159913,3504,234,0.005276,0.2891
26230000,1794.142642,3505,235,0.005673,0.2812
26232000,1790.113045,3501,242,0.005872,0.3281
26234000,1773.357861,3477,240,0.009557,0.3516
26236000,1818.521947,3485,253,0.009344,0.3516
26238000,1824.485392,3521,246,0.009580,0.2812
26240000,1819.882295,3538,232,0.009076,0.2188
26242000,1808.415862,3518,246,0.008306,0.3359
26244000,1798.168363,3538,220,0.007000,0.3516
26246000,1805.492513,3543,220,0.006636,0.2812
26248000,1788.306029,3526,228,0.006230,0.3359
26250000,1778.878653,3523,225,0.006125,0.2578
26252000,1779.928270,3519,215,0.006261,0.2812
26254000,1766.857954,3544,229,0.003970,0.3047
26256000,1736.821378,3540,231,0.004037,0.2734
26258000,1741.464023,3509,242,0.003978,0.2812
26260000,1747.641691,3515,241,0.003430,0.3281
26262000,1760.696466,3550,235,0.003749,0.3516
26264000,1776.125334,3548,227,0.004519,0.2812
26266000,1772.613372,3534,235,0.004718,0.2734
26268000,1798.462286,3565,229,0.004868,0.2344
26270000,1773.750793,3528,237,0.021534,0.2734
26272000,1776.585770,3578,234,0.025613,0.2656
26274000,1774.736420,3564,216,0.025731,0.3125
26276000,1780.086139,3586,197,0.028521,0.2812
26278000,1787.031885,3562,220,0.030537,0.3516
26280000,1781.386597,3583,207,0.027983,0.3203
26282000,1782.718905,3557,219,0.029578,0.3594
26284000,1778.627405,3561,222,0.027101,0.3125
26286000,1773.227340,3526,232,0.026115,0.3750
26288000,1773.255121,3528,235,0.024611,0.3203
26290000,1773.155787,3537,230,0.025539,0.3672
26292000,1778.551964,3528,240,0.025665,0.3125
26294000,1798.122256,3540,233,0.022610,0.3438
26296000,1790.581033,3538,232,0.024160,0.2812
26298000,1776.995342,3563,223,0.025041,0.2969
26300000,1778.726267,3577,214,0.028027,0.2734
26302000,1782.917570,3563,246,0.026485,0.3516
26304000,1775.912153,3544,253,0.031036,0.3438
26306000,1797.758529,3515,260,0.029967,0.3125
26308000,1801.250554,3520,262,0.027264,0.2344
26310000,1800.435278,3540,238,0.023601,0.2109
26312000,1794.689075,3547,209,0.024680,0.2656
26314000,1762.890640,3517,226,0.022868,0.2812
26316000,1781.223786,3523,218,0.027069,0.3281
26318000,1780.815497,3532,218,0.025547,0.3125
26320000,1783.800507,3542,210,0.021864,0.2344
26322000,1780.785299,3515,228,0.023506,0.3047
26324000,1799.204828,3523,247,0.026218,0.2812
26326000,1805.670265,3543,226,0.028723,0.2422
26328000,1810.581920,3556,215,0.031035,0.3203
26330000,1816.550097,3542,212,0.030103,0.3281
26332000,1822.337220,3532,219,0.033338,0.2734
26334000,1818.777449,3519,214,0.029671,0.2812
26336000,1819.940521,3552,212,0.029989,0.3125
26338000,1825.936782,3561,222,0.031609,0.2969
26340000,1836.574638,3539,242,0.029771,0.3359
26342000,1836.491648,3554,219,0.028196,0.2969
26344000,1835.180613,3554,227,0.027107,0.3281
26346000,1825.608308,3552,239,0.027799,0.2891
26348000,1809.220037,3563,229,0.026755,0.2422
26350000,1820.730502,3556,226,0.028149,0.2734
26352000,1826.889597,3578,199,0.029691,0.2578
26354000,1849.515984,3562,224,0.029996,0.2656
26356000,1857.424096,3576,223,0.029924,0.3203
26358000,1837.991340,3603,217,0.026397,0.2812
26360000,1820.913768,3580,218,0.028417,0.2812
26362000,1819.074366,3594,221,0.026131,0.3594
26364000,1804.972393,3615,203,0.027958,0.3281
26366000,1812.585356,3604,209,0.028513,0.3125
26368000,1820.438519,3617,214,0.030376,0.2969
26370000,1822.823333,3598,202,0.026947,0.3047
26372000,1813.537578,3589,196,0.026791,0.2812
26374000,1800.333776,3605,214,0.029581,0.3203
26376000,1806.963801,3596,207,0.027465,0.3281
26378000,1808.754431,3571,209,0.028874,0.2578
26380000,1801.364410,3535,217,0.025011,0.2969
26382000,1792.727159,3545,225,0.024183,0.2969
26384000,1796.918959,3559,213,0.023740,0.2500
26386000,1787.536260,3549,219,0.022006,0.2891
26388000,1790.743379,3543,222,0.022557,0.2500
26390000,1781.761666,3573,209,0.023453,0.3203
26392000,1801.593334,3545,226,0.023356,0.3516
26394000,1809.110821,3545,207,0.023358,0.2734
26396000,1813.735016,3568,190,0.024058,0.2891
26398000,1815.703389,3571,211,0.017906,0.3516
26400000,1827.122553,3564,211,0.015704,0.3516
26402000,1818.615957,3563,217,0.015688,0.2734
26404000,1821.009743,3557,227,0.015087,0.2656
26406000,1826.384104,3540,241,0.015263,0.3203
26408000,1834.083395,3550,228,0.015019,0.3203
26410000,1821.845203,3557,206,0.008139,0.1797
26412000,1814.729655,3557,224,0.008440,0.2734
26414000,1835.275375,3570,220,0.007689,0.3516
26416000,1831.622501,3548,221,0.008297,0.2891
26418000,1833.590156,3551,235,0.009034,0.3281
26420000,1840.626593,3533,217,0.010448,0.2969
26422000,1852.063346,3519,211,0.012185,0.3281
26424000,1872.436544,3540,214,0.012815,0.2734
26426000,1877.153074,3552,207,0.012160,0.2344
26428000,1873.528067,3540,217,0.013271,0.2969
26430000,1888.385464,3534,216,0.012717,0.3359
26432000,1894.456064,3534,239,0.015386,0.3125
26434000,1886.323740,3549,236,0.015604,0.2500
26436000,1888.380228,3538,227,0.014145,0.2969
26438000,1879.359750,3541,219,0.011326,0.2656
26440000,1886.327727,3538,224,0.010367,0.3984
26442000,1875.313594,3523,232,0.011045,0.3203
26444000,1873.413264,3534,219,0.011016,0.3047
26446000,1885.840874,3548,211,0.004523,0.2969
26448000,1871.226756,3550,209,0.005259,0.3203
26450000,1865.687824,3555,229,0.005588,0.3125
26452000,1869.122988,3567,226,0.005769,0.2266
26454000,1862.080470,3551,222,0.006761,0.3594
26456000,1878.786451,3536,230,0.008713,0.3125
26458000,1895.905898,3548,231,0.008259,0.2812
26460000,1866.868613,3554,207,0.012629,0.3047
26462000,1873.382426,3555,218,0.013872,0.2656
26464000,1860.598378,3545,225,0.018458,0.3281
26466000,1855.024837,3559,219,0.016240,0.3281
26468000,1852.912688,3532,218,0.016921,0.1953
26470000,1857.368499,3525,233,0.015790,0.3047
26472000,1855.649937,3530,247,0.029569,0.3125
26474000,1853.322007,3505,245,0.031600,0.2812
26476000,1851.540567,3531,218,0.030345,0.3125
26478000,1861.528675,3539,201,0.030796,0.3359
26480000,1860.929159,3502,240,0.031878,0.4141
26482000,1866.272532,3503,240,0.035365,0.2812
26484000,1869.106227,3524,229,0.033303,0.2734
26486000,1874.273402,3545,223,0.030695,0.2656
26488000,1879.054922,3559,228,0.026874,0.3281
26490000,1875.625847,3552,218,0.027831,0.3281
26492000,1888.741998,3547,224,0.026961,0.3281
26494000,1876.007989,3532,216,0.029589,0.3047
26496000,1876.911677,3531,228,0.028873,0.3281
26498000,1914.888884,3536,231,0.022687,0.2812
26500000,1930.221026,3564,228,0.023450,0.2812
26502000,1932.774289,3580,208,0.023951,0.2812
26504000,1941.050896,3591,205,0.025424,0.3906
26506000,1934.191007,3596,211,0.024274,0.3203
26508000,1933.253891,3609,201,0.027368,0.2500
26510000,1936.031786,3608,181,0.027427,0.2656
26512000,1928.503849,3586,184,0.027017,0.2578
26514000,1922.289701,3588,202,0.025393,0.2344
26516000,1924.723646,3587,195,0.027329,0.2734
26518000,1919.020970,3577,225,0.026918,0.3047
26520000,1921.689470,3579,222,0.024122,0.2578
26522000,1926.172583,3584,209,0.024886,0.2578
26524000,1938.105412,3599,198,0.016558,0.2734
26526000,1941.464825,3608,215,0.017310,0.2812
26528000,1949.590800,3618,205,0.015491,0.3359
26530000,1947.315706,3610,219,0.017069,0.2734
26532000,1952.930264,3609,212,0.017820,0.2656
26534000,1964.640415,3605,205,0.019805,0.2734
26536000,1940.411509,3625,205,0.017532,0.3359
26538000,1928.171643,3631,204,0.017267,0.2422
26540000,1928.727324,3644,199,0.029124,0.2422
26542000,1919.880110,3635,184,0.031672,0.2656
26544000,1920.943317,3623,194,0.032807,0.2188
26546000,1915.671651,3603,206,0.030968,0.3828
26548000,1915.342216,3597,217,0.029934,0.2656
26550000,1917.043043,3576,218,0.047332,0.2578
26552000,1921.415916,3539,247,0.051847,0.2812
26554000,1954.758784,3535,246,0.059204,0.3359
26556000,1941.251156,3527,257,0.059550,0.3203
26558000,1951.412448,3550,242,0.060321,0.2812
26560000,1955.790463,3550,228,0.062688,0.2969
26562000,1978.202487,3556,230,0.063535,0.2344
26564000,1964.299209,3588,233,0.061405,0.1875
26566000,1948.785428,3589,232,0.053875,0.2734
26568000,1935.853884,3595,223,0.064873,0.2578
26570000,1932.265855,3567,244,0.064746,0.3750
26572000,1926.155010,3569,238,0.060147,0.3516
26574000,1917.073079,3549,250,0.061615,0.2734
26576000,1903.617205,3566,227,0.072609,0.2578
26578000,1918.476167,3599,206,0.076443,0.2422
26580000,1918.015264,3599,199,0.073069,0.3438
26582000,1912.403969,3597,207,0.073923,0.3672
26584000,1921.159481,3566,203,0.080180,0.2734
26586000,1924.189018,3573,213,0.084873,0.3203
26588000,1946.823044,3602,190,0.080302,0.2422
26590000,1959.381405,3578,217,0.078265,0.2734
26592000,1958.343296,3578,219,0.083831,0.3125
26594000,1951.368231,3586,224,0.086947,0.2969
26596000,1933.469295,3573,216,0.080945,0.2656
26598000,1928.812985,3574,222,0.081428,0.3125
26600000,1927.234332,3548,225,0.079430,0.2734
26602000,1907.072369,3555,225,0.073190,0.3906
26604000,1933.670153,3532,219,0.069067,0.3047
26606000,1919.383522,3561,214,0.069545,0.2812
26608000,1909.815913,3514,248,0.067548,0.3516
26610000,1900.267217,3526,244,0.065367,0.3438
26612000,1899.664951,3531,247,0.065032,0.3047
26614000,1906.741738,3542,243,0.058598,0.3672
26616000,1903.678989,3543,219,0.060550,0.2891
26618000,1898.561419,3545,205,0.069013,0.2812
26620000,1906.270652,3565,206,0.070497,0.2344
26622000,1919.463130,3564,213,0.070768,0.3125
26624000,1907.637215,3565,199,0.067525,0.2812
26626000,1890.169486,3565,199,0.069256,0.1953
26628000,1867.658013,3585,209,0.086371,0.3203
26630000,1857.198671,3564,221,0.087155,0.2969
26632000,1858.037663,3542,221,0.093627,0.2812
26634000,1862.998373,3529,218,0.089617,0.3125
26636000,1860.106870,3547,216,0.089029,0.2812
26638000,1850.659875,3535,218,0.086933,0.2500
26640000,1842.440402,3494,245,0.087816,0.2656
26642000,1873.821008,3508,257,0.094517,0.3047
26644000,1884.552740,3524,249,0.095761,0.2578
26646000,1882.500631,3546,239,0.092501,0.2812
26648000,1886.746854,3534,244,0.095065,0.3125
26650000,1894.233532,3560,219,0.091595,0.3047
26652000,1909.768281,3553,222,0.093094,0.2969
26654000,1906.261424,3577,223,0.090225,0.3047
26656000,1890.118496,3558,231,0.083958,0.2656
26658000,1890.533302,3558,217,0.083887,0.3125
26660000,1893.349954,3554,238,0.084519,0.3672
26662000,1910.253617,3565,213,0.081944,0.3125
26664000,1919.190455,3542,202,0.086324,0.3125
26666000,1901.241572,3557,220,0.083071,0.2656
26668000,1902.493212,3536,218,0.079703,0.2891
26670000,1899.301453,3562,202,0.081963,0.2812
26672000,1917.686711,3570,209,0.083307,0.2734
26674000,1936.465280,3568,237,0.079297,0.2734
26676000,1930.351929,3581,230,0.077644,0.3125
26678000,1918.034698,3559,222,0.082030,0.2969
26680000,1926.826720,3529,245,0.084541,0.3359
26682000,1928.469216,3547,240,0.088076,0.3438
26684000,1934.069495,3559,221,0.079486,0.3438
26686000,1943.939005,3555,226,0.076770,0.2891
26688000,1948.744353,3545,236,0.075678,0.3203
26690000,1941.150102,3547,235,0.071647,0.3281
26692000,1938.903866,3549,236,0.074768,0.3203
26694000,1947.020333,3554,217,0.073079,0.2891
26696000,1918.959845,3543,220,0.060315,0.2422
26698000,1926.768320,3533,226,0.065923,0.2656
26700000,1919.294037,3507,246,0.070979,0.3359
26702000,1940.013512,3499,252,0.069635,0.2891
26704000,1954.859177,3509,236,0.076737,0.2656
26706000,1928.299831,3517,221,0.080388,0.3438
26708000,1936.156733,3508,242,0.080067,0.3281
26710000,1951.706287,3523,234,0.077009,0.3750
26712000,1954.741774,3515,256,0.084017,0.3594
26714000,1960.454554,3524,229,0.078825,0.3203
26716000,1961.887309,3503,236,0.087380,0.3203
26718000,1965.106573,3515,230,0.089257,0.3438
26720000,1968.847104,3528,223,0.091999,0.2734
26722000,1993.530259,3515,233,0.067379,0.4141
26724000,1981.711189,3547,211,0.058137,0.2109
26726000,1912.518873,3540,219,0.048341,0.3359
26728000,1949.174772,3544,224,0.049430,0.2188
26730000,1942.103689,3535,221,0.049617,0.2734
26732000,1966.086161,3525,226,0.044810,0.2422
26734000,1963.063274,3554,214,0.043360,0.2500
26736000,1984.870653,3549,209,0.040683,0.3359
26738000,1971.660714,3544,198,0.039774,0.2891
26740000,1964.216209,3544,205,0.036614,0.3125
26742000,1913.295890,3536,213,0.028989,0.2109
26744000,1914.359588,3514,234,0.029528,0.2500
26746000,1901.905548,3543,227,0.031143,0.3438
26748000,1900.985123,3545,223,0.026853,0.2344
26750000,1913.396053,3548,213,0.027863,0.2812
26752000,1921.744567,3553,224,0.029436,0.3203
26754000,1926.411036,3547,229,0.033285,0.2578
26756000,1939.811177,3541,236,0.029665,0.2578
26758000,1955.716291,3532,239,0.033334,0.3125
26760000,1968.077387,3537,242,0.036839,0.3203
26762000,1961.400192,3536,234,0.032541,0.2500
26764000,1949.420255,3506,240,0.030409,0.4141
26766000,1946.969460,3546,232,0.028580,0.3047
26768000,1939.350753,3578,198,0.012516,0.3047
26770000,1937.223876,3580,207,0.014092,0.3203
26772000,1938.732612,3572,202,0.014540,0.2812
26774000,1916.214879,3550,211,0.021589,0.2266
26776000,1925.851271,3574,201,0.020558,0.2500
26778000,1928.619902,3587,206,0.019996,0.2266
26780000,1920.362072,3594,200,0.019769,0.2344
26782000,1916.161690,3608,199,0.018337,0.3281
26784000,1923.047116,3591,210,0.016738,0.3984
26786000,1925.908297,3588,208,0.016602,0.2578
26788000,1923.422513,3593,203,0.016378,0.3594
26790000,1914.841287,3553,225,0.018788,0.3438
26792000,1912.229793,3563,236,0.012139,0.3203
26794000,1916.118154,3577,222,0.012894,0.2891
26796000,1902.431329,3556,215,0.011401,0.3828
26798000,1900.997205,3561,217,0.011794,0.3281
26800000,1902.345195,3543,224,0.014819,0.3438
26802000,1913.247256,3544,247,0.014800,0.3359
26804000,1906.607521,3528,242,0.016679,0.2969
26806000,1856.104884,3551,231,0.012057,0.3203
26808000,1855.570852,3534,235,0.010569,0.3203
26810000,1846.723405,3500,248,0.010984,0.3594
26812000,1835.864686,3526,240,0.015075,0.3594
26814000,1816.963664,3545,216,0.017298,0.2734
26816000,1810.596541,3517,229,0.021393,0.3750
26818000,1890.828825,3524,243,0.039007,0.2578
26820000,1874.488145,3533,227,0.037617,0.2578
26822000,1876.410071,3560,224,0.041505,0.2891
26824000,1866.455088,3575,203,0.043808,0.2422
26826000,1845.930518,3559,216,0.040746,0.3516
26828000,1840.055813,3556,205,0.040440,0.2812
26830000,1897.653932,3579,217,0.048983,0.2656
26832000,1898.739025,3571,209,0.046477,0.2969
26834000,1896.886310,3593,209,0.047921,0.3359
26836000,1908.342164,3576,214,0.047736,0.3203
26838000,1900.359355,3581,214,0.045375,0.2969
26840000,1889.550692,3610,222,0.010286,0.2109
26842000,1893.232120,3590,240,0.010436,0.3594
26844000,1884.605489,3607,236,0.009010,0.3438
26846000,1876.445646,3591,219,0.005714,0.3359
26848000,1880.510913,3575,234,0.004907,0.3438
26850000,1881.268229,3582,225,0.005752,0.3125
26852000,1885.153340,3582,216,0.007386,0.2969
26854000,1876.799632,3572,224,0.007028,0.2578
26856000,1868.115353,3584,222,0.005389,0.2188
26858000,1863.010962,3609,200,0.004101,0.3047
26860000,1871.306541,3615,182,0.004134,0.3359
26862000,1874.273352,3586,184,0.003388,0.2422
26864000,1864.589411,3567,206,0.003620,0.2969
26866000,1876.597443,3586,195,0.002734,0.3281
26868000,1867.261245,3599,186,0.003205,0.2500
26870000,1857.411571,3574,217,0.003458,0.2891
26872000,1873.356654,3592,192,0.003725,0.3047
26874000,1883.423923,3578,207,0.003244,0.3203
26876000,1869.322997,3546,233,0.003729,0.2812
26878000,1884.246463,3530,242,0.004744,0.2734
26880000,1891.730508,3560,223,0.006068,0.2969
26882000,1902.539571,3570,207,0.005786,0.2969
26884000,1901.288682,3567,209,0.005405,0.2344
26886000,1893.658186,3550,213,0.004018,0.3438
26888000,1890.848861,3576,216,0.008025,0.3672
26890000,1880.110256,3580,207,0.006964,0.2656
26892000,1890.062549,3549,237,0.007623,0.3203
26894000,1887.725982,3549,242,0.006143,0.3047
26896000,1887.717428,3553,239,0.006181,0.2656
26898000,1886.342766,3544,234,0.006828,0.3047
26900000,1878.983628,3554,224,0.007090,0.3125
26902000,1884.853156,3560,213,0.009453,0.2734
26904000,1872.761652,3560,210,0.009827,0.3281
26906000,1868.732941,3542,224,0.009553,0.3047
26908000,1870.504847,3544,233,0.009099,0.2344
26910000,1862.659820,3577,218,0.006931,0.2734
26912000,1869.626824,3562,221,0.007729,0.2500
26914000,1872.624981,3545,232,0.007903,0.3125
26916000,1880.520809,3589,213,0.008101,0.2812
26918000,1884.175642,3569,212,0.008636,0.3125
26920000,1861.233388,3569,210,0.005573,0.3203
26922000,1837.769221,3584,219,0.005992,0.3125
26924000,1823.451818,3591,225,0.007247,0.2656
26926000,1830.393075,3551,233,0.008643,0.2344
26928000,1840.282469,3534,257,0.008934,0.3281
26930000,1860.969143,3552,252,0.008221,0.2578
26932000,1868.301620,3556,236,0.008008,0.3203
26934000,1871.159493,3531,249,0.008505,0.2969
26936000,1865.734284,3521,246,0.007171,0.3281
26938000,1860.690951,3551,234,0.007244,0.2891
26940000,1861.357823,3550,246,0.005798,0.3438
26942000,1862.080841,3545,250,0.007739,0.2734
26944000,1864.581004,3528,245,0.008535,0.3281
26946000,1853.593092,3534,237,0.006588,0.3047
26948000,1847.319895,3525,218,0.005992,0.2969
26950000,1867.973626,3530,233,0.004698,0.3047
26952000,1857.971985,3542,237,0.003398,0.3438
26954000,1875.433966,3529,236,0.002308,0.2812
26956000,1875.091404,3510,235,0.003005,0.3203
26958000,1905.463040,3526,234,0.005021,0.3516
26960000,1897.270637,3535,200,0.004914,0.3203
26962000,1886.442739,3529,206,0.004730,0.2969
26964000,1893.716481,3523,202,0.004089,0.3203
26966000,1882.723987,3527,217,0.003081,0.2812
26968000,1871.710911,3533,227,0.002474,0.2422
26970000,1873.594725,3537,215,0.003198,0.4453
26972000,1856.025137,3512,222,0.003438,0.2969
26974000,1848.384349,3502,244,0.002876,0.3281
26976000,1836.511189,3514,251,0.002938,0.2812
26978000,1826.508265,3519,247,0.003729,0.3047
26980000,1824.065705,3543,228,0.003512,0.3281
26982000,1827.297799,3545,223,0.004164,0.1875
26984000,1840.350942,3544,228,0.003589,0.3125
26986000,1839.842054,3575,218,0.003637,0.2969
26988000,1842.588976,3571,214,0.003037,0.2656
26990000,1849.476719,3551,215,0.003116,0.2734
26992000,1837.458680,3537,213,0.002486,0.2969
26994000,1819.581259,3567,191,0.004816,0.2969
26996000,1810.002401,3575,196,0.004185,0.3203
26998000,1817.209466,3586,210,0.004544,0.2734
27000000,1817.222526,3567,209,0.003905,0.3203
27002000,1866.969730,3544,250,0.008356,0.3906
27004000,1869.411172,3563,232,0.007407,0.2734
27006000,1868.066597,3569,232,0.011645,0.2422
27008000,1876.381722,3582,213,0.010123,0.2812
27010000,1866.994856,3576,212,0.008054,0.3672
27012000,1871.765804,3609,200,0.009148,0.2734
27014000,1866.353353,3626,191,0.011458,0.2734
27016000,1848.541661,3585,203,0.009530,0.2891
27018000,1883.437089,3581,224,0.008329,0.2188
27020000,1879.475324,3579,224,0.009374,0.3281
27022000,1867.051554,3556,228,0.012415,0.2422
27024000,1877.356718,3536,217,0.010212,0.3438
27026000,1903.255205,3556,207,0.012116,0.3125
27028000,1898.284008,3528,212,0.012029,0.2969
27030000,1894.430546,3564,212,0.009110,0.3438
27032000,1865.791134,3546,230,0.003396,0.3516
27034000,1869.457373,3554,204,0.003276,0.2500
27036000,1863.587638,3567,193,0.003644,0.2578
27038000,1875.373843,3560,220,0.003682,0.3359
27040000,1872.984172,3550,213,0.002970,0.3281
27042000,1861.675454,3539,235,0.002113,0.3203
27044000,1866.493890,3527,249,0.000968,0.2969
27046000,1877.612559,3529,231,0.000540,0.3516
27048000,1892.884420,3524,231,0.001181,0.3438
27050000,1882.210646,3510,216,0.001225,0.3125
27052000,1869.311230,3516,227,0.001262,0.2812
27054000,1873.492411,3531,225,0.001124,0.3438
27056000,1868.656795,3536,217,0.001543,0.2500
27058000,1870.067872,3548,224,0.001049,0.2812
27060000,1840.913239,3531,235,0.000007,0.3750
27062000,1854.255047,3531,237,0.000190,0.2969
27064000,1848.993228,3509,224,0.000337,0.2734
27066000,1845.593557,3504,228,0.000553,0.2734
27068000,1829.839968,3515,221,0.000714,0.2812
27070000,1829.158031,3513,222,0.000906,0.2891
27072000,1834.177327,3525,221,0.001170,0.3125
27074000,1843.533498,3511,225,0.000853,0.2891
27076000,1839.511719,3479,238,0.000944,0.3359
27078000,1846.538451,3515,219,0.001136,0.3047
27080000,1847.229024,3509,221,0.000463,0.3203
27082000,1830.123697,3528,215,0.000792,0.3125
27084000,1827.711450,3538,207,0.000860,0.2578
27086000,1824.409953,3532,211,0.000695,0.3516
27088000,1836.307130,3532,210,0.001873,0.2969
27090000,1825.570839,3523,223,0.002293,0.3828
27092000,1834.545356,3547,217,0.002270,0.3047
27094000,1827.095679,3561,203,0.001925,0.3594
27096000,1818.730526,3597,199,0.001873,0.2812
27098000,1793.242408,3575,204,0.001935,0.2891
27100000,1796.584148,3559,201,0.002092,0.3047
27102000,1823.771968,3547,208,0.005570,0.3203
27104000,1827.530871,3527,211,0.005556,0.3203
27106000,1830.616018,3497,219,0.006821,0.3594
27108000,1832.354225,3508,214,0.004463,0.2578
27110000,1839.441048,3496,228,0.005433,0.2812
27112000,1833.681587,3503,220,0.004462,0.2344
27114000,1837.422173,3479,242,0.005384,0.2656
27116000,1837.784152,3472,240,0.007680,0.3125
27118000,1839.018943,3485,246,0.006380,0.3047
27120000,1824.138039,3488,237,0.004916,0.2812
27122000,1822.647497,3480,244,0.005107,0.3281
27124000,1816.434791,3485,239,0.011849,0.3047
27126000,1821.609003,3496,242,0.011276,0.3203
27128000,1811.418750,3493,232,0.011049,0.2969
27130000,1816.011575,3477,240,0.010392,0.3281
27132000,1811.509693,3481,224,0.011094,0.3047
27134000,1850.775262,3487,229,0.001418,0.3359
27136000,1839.896911,3461,242,0.002008,0.3984
27138000,1832.090607,3488,238,0.001778,0.3125
27140000,1843.464761,3494,233,0.002651,0.3594
27142000,1835.148311,3483,257,0.002838,0.3047
27144000,1840.008126,3505,232,0.002207,0.3672
27146000,1834.721471,3485,239,0.001741,0.2656
27148000,1831.315386,3498,233,0.000709,0.3125
27150000,1825.178946,3514,228,0.000739,0.3438
27152000,1831.988759,3526,210,0.000901,0.2891
27154000,1832.720985,3539,202,0.001015,0.2500
27156000,1837.063695,3521,218,0.001090,0.3438
27158000,1812.156191,3503,222,0.000735,0.3125
27160000,1816.414064,3517,219,0.010066,0.2656
27162000,1867.158408,3505,233,0.019082,0.3594
27164000,1875.740002,3494,237,0.016669,0.2812
27166000,1878.058562,3511,223,0.017488,0.3594
27168000,1874.143260,3507,224,0.016839,0.3281
27170000,1877.626179,3499,224,0.018813,0.2578
27172000,1869.112622,3487,230,0.017969,0.3750
27174000,1860.294455,3474,244,0.011534,0.2500
27176000,1869.752869,3468,257,0.010710,0.3516
27178000,1867.857924,3449,273,0.010233,0.2812
27180000,1866.665773,3437,256,0.009687,0.3281
27182000,1863.949668,3436,262,0.008594,0.2734
27184000,1873.961710,3431,265,0.008396,0.3203
27186000,1881.310954,3488,236,0.009527,0.3125
27188000,1871.414217,3508,227,0.008363,0.2656
27190000,1912.792695,3512,224,0.013110,0.2578
27192000,1913.674765,3496,224,0.012706,0.3828
27194000,1912.053817,3492,224,0.012668,0.3047
27196000,1908.327771,3488,223,0.008650,0.3672
27198000,1915.080759,3490,230,0.009307,0.2266
27200000,1907.379205,3467,241,0.008416,0.2969
27202000,1915.434928,3506,244,0.008512,0.3125
27204000,1924.964110,3531,223,0.010026,0.3750
27206000,1931.393075,3535,221,0.012558,0.3359
27208000,1932.988408,3545,216,0.011090,0.2422
27210000,1932.591864,3534,218,0.012047,0.2656
27212000,1939.884250,3537,221,0.014249,0.3125
27214000,1909.062071,3532,225,0.008050,0.2344
27216000,1899.210855,3521,237,0.008821,0.3750
27218000,1887.230261,3518,260,0.008048,0.3047
27220000,1901.793911,3528,258,0.006007,0.2656
27222000,1890.808599,3548,253,0.005773,0.3594
27224000,1876.809895,3541,233,0.004329,0.2578
27226000,1877.768497,3542,239,0.004997,0.3672
27228000,1880.191757,3538,234,0.004028,0.3438
27230000,1883.610653,3522,240,0.004556,0.3125
27232000,1886.614919,3523,247,0.004047,0.2891
27234000,1904.328483,3531,248,0.002622,0.3281
27236000,1902.867919,3544,237,0.003846,0.3281
27238000,1898.635604,3553,238,0.002311,0.2578
27240000,1906.861656,3537,234,0.002457,0.2734
27242000,1905.721880,3522,236,0.003016,0.3125
27244000,1914.056629,3486,245,0.004238,0.2969
27246000,1911.951033,3492,247,0.005059,0.3125
27248000,1900.159451,3503,244,0.006033,0.2891
27250000,1906.279263,3495,246,0.006483,0.2734
27252000,1912.405092,3497,243,0.007093,0.3672
27254000,1905.543866,3517,256,0.007148,0.3203
27256000,1920.403996,3520,253,0.005950,0.3594
27258000,1883.868526,3501,275,0.002005,0.3281
27260000,1873.869999,3517,255,0.001734,0.2969
27262000,1886.261309,3501,270,0.001272,0.3281
27264000,1873.560290,3514,238,0.000750,0.3125
27266000,1881.834900,3530,238,0.000452,0.2656
27268000,1890.410973,3529,233,0.000598,0.3281
27270000,1889.544851,3565,216,0.002052,0.2969
27272000,1890.340631,3562,219,0.001203,0.3906
27274000,1848.445531,3555,230,0.000395,0.3906
27276000,1842.750042,3530,241,0.000295,0.2812
27278000,1853.911011,3553,232,0.000167,0.2812
27280000,1865.333931,3544,225,0.000243,0.2734
27282000,1864.605203,3534,233,0.000455,0.2578
27284000,1843.886584,3535,238,0.001566,0.2812
27286000,1844.866236,3537,232,0.002915,0.2266
27288000,1839.198713,3536,239,0.003389,0.2891
27290000,1842.419772,3522,241,0.003918,0.2812
27292000,1837.634970,3535,229,0.003575,0.3594
27294000,1836.309344,3547,226,0.004462,0.3125
27296000,1847.593304,3520,255,0.004687,0.2969
27298000,1840.189109,3520,246,0.003464,0.3047
27300000,1836.479417,3511,243,0.003928,0.2969
27302000,1845.687823,3518,236,0.001998,0.2812
27304000,1855.415058,3512,236,0.002444,0.3594
27306000,1900.025038,3544,213,0.003233,0.2969
27308000,1906.693472,3567,203,0.002925,0.2188
27310000,1922.733937,3550,213,0.019840,0.3047
27312000,1933.647043,3544,225,0.020992,0.3516
27314000,1907.469353,3533,222,0.017277,0.3828
27316000,1915.910180,3549,222,0.012887,0.3516
27318000,1920.223304,3555,214,0.014667,0.2656
27320000,1909.749821,3533,206,0.013708,0.2266
27322000,1911.373251,3535,207,0.013923,0.3438
27324000,1914.121964,3572,196,0.014008,0.2969
27326000,1920.076994,3566,214,0.013161,0.2969
27328000,1926.214143,3556,219,0.012642,0.3906
27330000,1914.965451,3562,218,0.014937,0.3125
27332000,1923.965552,3559,239,0.016125,0.3672
27334000,1935.366840,3582,226,0.015992,0.2969
27336000,1944.241329,3595,218,0.014956,0.2969
27338000,1915.584187,3608,206,0.015525,0.2891
27340000,1921.215744,3617,220,0.014898,0.2578
27342000,1905.189412,3607,232,0.014977,0.3047
27344000,1913.197791,3630,215,0.016492,0.2344
27346000,1913.450024,3628,205,0.015029,0.2266
27348000,1917.268324,3611,215,0.013591,0.3203
27350000,1918.122461,3633,200,0.016988,0.2656
27352000,1894.090186,3611,209,0.016304,0.2969
27354000,1888.941829,3608,211,0.015288,0.2656
27356000,1904.791096,3611,224,0.016906,0.3750
27358000,1901.907961,3593,225,0.016551,0.3125
27360000,1898.521039,3574,218,0.015591,0.3047
27362000,1898.431544,3562,219,0.017426,0.2656
27364000,1925.535435,3537,242,0.019674,0.3125
27366000,1942.136990,3529,245,0.021314,0.2500
27368000,1930.828164,3535,242,0.020548,0.3750
27370000,1932.031070,3546,233,0.019046,0.2734
27372000,1941.044945,3527,259,0.019521,0.2812
27374000,1931.347354,3519,243,0.018398,0.2969
27376000,1907.784964,3540,256,0.017414,0.3516
27378000,1894.828105,3554,225,0.019008,0.2500
27380000,1881.743705,3521,243,0.021739,0.3906
27382000,1875.101834,3494,251,0.023155,0.3047
27384000,1875.966045,3507,233,0.026920,0.2969
27386000,1870.272986,3515,223,0.027369,0.2734
27388000,1870.305700,3533,219,0.027088,0.3438
27390000,1858.521364,3532,228,0.023287,0.3359
27392000,1867.516891,3556,219,0.020536,0.3516
27394000,1864.732488,3539,237,0.024412,0.2812
27396000,1880.225642,3553,211,0.023257,0.2734
27398000,1873.628559,3534,234,0.021781,0.3047
27400000,1880.973725,3533,255,0.021525,0.2891
27402000,1875.730609,3569,223,0.021963,0.2891
27404000,1866.500394,3562,230,0.021694,0.2734
27406000,1857.182914,3508,259,0.023573,0.3281
27408000,1867.546860,3523,240,0.023695,0.3516
27410000,1864.771831,3541,237,0.022907,0.2734
27412000,1891.361994,3546,229,0.026568,0.3203
27414000,1900.462429,3547,222,0.027803,0.2812
27416000,1895.125453,3553,232,0.026964,0.3125
27418000,1890.571674,3572,216,0.027709,0.3047
27420000,1878.876888,3557,227,0.029347,0.2656
27422000,1861.428243,3543,240,0.023305,0.3594
27424000,1864.830411,3541,251,0.023932,0.2969
27426000,1864.627332,3541,253,0.024978,0.2891
27428000,1884.463971,3533,246,0.026960,0.3594
27430000,1893.794149,3531,234,0.028365,0.3750
27432000,1897.780853,3545,245,0.030130,0.3125
27434000,1898.683888,3549,249,0.032722,0.3125
27436000,1914.383914,3517,234,0.032115,0.3047
27438000,1913.763721,3537,234,0.034120,0.3125
27440000,1919.614821,3530,221,0.035981,0.3750
27442000,1909.880071,3504,233,0.037020,0.3750
27444000,1905.625923,3482,247,0.034672,0.2891
27446000,1913.268535,3492,233,0.040139,0.3047
27448000,1909.005610,3480,247,0.039810,0.3281
27450000,1902.271184,3491,254,0.041877,0.3359
27452000,1898.027432,3491,241,0.042709,0.2969
27454000,1888.560736,3491,242,0.038399,0.2891
27456000,1877.703490,3485,238,0.035337,0.3438
27458000,1891.508727,3496,233,0.032103,0.3906
27460000,1867.537226,3521,224,0.016536,0.3516
27462000,1858.971189,3520,231,0.015771,0.3125
27464000,1861.532373,3491,227,0.016029,0.3281
27466000,1839.278467,3489,225,0.015387,0.3828
27468000,1839.770014,3506,221,0.013202,0.2891
27470000,1807.391878,3493,221,0.008911,0.2578
27472000,1804.157341,3497,228,0.009400,0.2812
27474000,1793.517591,3503,232,0.009647,0.3438
27476000,1797.085165,3491,233,0.008167,0.3125
27478000,1805.047061,3504,231,0.008609,0.3750
27480000,1802.467732,3538,213,0.007153,0.3281
27482000,1811.277837,3522,221,0.006696,0.2734
27484000,1807.280098,3532,218,0.005961,0.2578
27486000,1820.723891,3524,211,0.006117,0.3359
27488000,1832.173295,3522,227,0.006476,0.2578
27490000,1836.912848,3500,250,0.004975,0.2812
27492000,1834.714609,3507,226,0.006621,0.2891
27494000,1829.867184,3499,234,0.007485,0.3203
27496000,1839.478222,3511,226,0.006559,0.3359
27498000,1825.934720,3533,220,0.008043,0.2266
27500000,1830.872830,3518,226,0.006754,0.2656
27502000,1838.822697,3528,230,0.006953,0.2891
27504000,1858.068675,3536,222,0.008482,0.2734
27506000,1851.370061,3520,232,0.009050,0.3203
27508000,1848.708154,3521,226,0.007150,0.2656
27510000,1842.185216,3513,229,0.009478,0.3516
27512000,1844.456194,3569,217,0.008843,0.3359
27514000,1850.960513,3553,211,0.007472,0.3672
27516000,1852.749044,3539,208,0.006161,0.3125
27518000,1864.574282,3573,222,0.005382,0.3438
27520000,1852.815348,3543,239,0.004102,0.3359
27522000,1857.371269,3548,251,0.005705,0.2578
27524000,1859.378750,3568,226,0.005713,0.2891
27526000,1875.732050,3550,237,0.005349,0.3750
27528000,1872.259420,3539,249,0.004976,0.2969
27530000,1866.597486,3530,231,0.005837,0.2266
27532000,1887.532353,3538,210,0.006563,0.3438
27534000,1898.001308,3529,221,0.003086,0.3125
27536000,1899.320923,3523,219,0.003271,0.2969
27538000,1911.576177,3539,210,0.003477,0.3125
27540000,1885.160256,3534,225,0.004401,0.3125
27542000,1890.832595,3530,208,0.004273,0.3125
27544000,1876.137701,3494,228,0.003703,0.3047
27546000,1882.640664,3472,233,0.003774,0.3516
27548000,1864.450828,3509,234,0.005520,0.3281
27550000,1863.960851,3512,234,0.006601,0.2500
27552000,1884.318473,3526,237,0.005911,0.2969
27554000,1879.334022,3539,224,0.006344,0.2812
27556000,1870.774137,3512,218,0.006046,0.2891
27558000,1873.625324,3503,235,0.006118,0.3438
27560000,1862.810147,3495,231,0.006117,0.3594
27562000,1848.077106,3513,222,0.003647,0.3125
27564000,1850.243026,3480,241,0.002715,0.2656
27566000,1848.070098,3511,222,0.002779,0.2734
27568000,1852.102951,3512,227,0.002199,0.3047
27570000,1849.887657,3527,221,0.000712,0.3438
27572000,1843.136666,3557,216,0.000526,0.2812
27574000,1878.904634,3568,218,0.001518,0.1641
27576000,1880.222056,3579,210,0.001292,0.3203
27578000,1874.576216,3524,246,0.002283,0.2656
27580000,1874.721089,3512,239,0.001677,0.3359
27582000,1892.628598,3531,248,0.003686,0.3516
27584000,1891.462590,3551,229,0.002549,0.3438
27586000,1892.880778,3570,222,0.003333,0.3594
27588000,1894.167186,3600,214,0.003359,0.2656
27590000,1890.156947,3572,223,0.004742,0.2578
27592000,1885.800096,3554,237,0.005731,0.3281
27594000,1892.822663,3576,219,0.011122,0.3438
27596000,1888.758119,3576,215,0.011407,0.2266
27598000,1888.223733,3557,216,0.011003,0.2734
27600000,1903.525582,3544,219,0.009757,0.3203
27602000,1884.135975,3550,207,0.009952,0.2500
27604000,1874.974271,3540,224,0.008997,0.2812
27606000,1887.889391,3532,224,0.008202,0.2500
27608000,1877.319423,3544,227,0.008286,0.2812
27610000,1876.509507,3534,240,0.006562,0.3359
27612000,1898.973738,3539,235,0.000668,0.3594
27614000,1897.071108,3524,246,0.000626,0.3125
27616000,1904.490875,3516,254,0.000613,0.2188
27618000,1883.840319,3528,215,0.000768,0.3125
27620000,1896.521255,3546,243,0.000353,0.3438
27622000,1896.044719,3568,211,0.000552,0.3594
27624000,1901.000135,3546,204,0.000553,0.2734
27626000,1917.447776,3551,213,0.001103,0.2734
27628000,1925.867883,3574,214,0.002120,0.3203
27630000,1921.270909,3581,226,0.001975,0.2891
27632000,1924.493379,3563,209,0.001809,0.1797
27634000,1913.235734,3540,208,0.002951,0.2656
27636000,1907.199912,3527,228,0.002803,0.3594
27638000,1915.026559,3552,214,0.005281,0.3438
27640000,1913.093546,3552,209,0.004549,0.3125
27642000,1912.919241,3520,230,0.004604,0.2891
27644000,1915.232154,3561,218,0.005246,0.3125
27646000,1919.724402,3511,239,0.004159,0.3594
27648000,1922.172211,3516,238,0.003229,0.3203
27650000,1930.431893,3512,260,0.006228,0.3047
27652000,1932.412815,3477,274,0.005540,0.4219
27654000,1949.799867,3500,248,0.004084,0.3125
27656000,1943.545544,3492,243,0.003418,0.2578
27658000,1952.351125,3488,240,0.003278,0.3281
27660000,1944.248132,3510,231,0.002206,0.3438
27662000,1925.004233,3525,225,0.004791,0.3438
27664000,1929.892814,3534,222,0.004095,0.3359
27666000,1919.610756,3523,219,0.004010,0.3047
27668000,1935.174173,3532,215,0.004448,0.2891
27670000,1932.189951,3530,226,0.004101,0.3516
27672000,1921.011741,3549,206,0.004370,0.2422
27674000,1928.519152,3572,198,0.000939,0.2812
27676000,1936.527163,3601,197,0.000780,0.2734
27678000,1939.146308,3600,192,0.001307,0.2734
27680000,1963.071412,3572,233,0.002207,0.2969
27682000,1938.673476,3567,230,0.001543,0.3984
27684000,1952.152887,3558,237,0.001021,0.2734
27686000,2003.596065,3583,210,0.001116,0.3203
27688000,2018.684639,3595,206,0.001580,0.3594
27690000,2013.731748,3580,214,0.001386,0.2969
27692000,2011.247205,3582,208,0.001439,0.3203
27694000,2006.188846,3566,220,0.001096,0.3359
27696000,2003.011048,3559,206,0.001793,0.3828
27698000,2040.937119,3550,231,0.001503,0.3047
27700000,2032.509009,3551,216,0.001437,0.3281
27702000,1986.213623,3584,203,0.001242,0.2578
27704000,1986.178246,3584,199,0.001568,0.2422
27706000,1967.332691,3580,197,0.001019,0.3125
27708000,1964.475083,3567,220,0.001110,0.3359
27710000,1963.798955,3570,223,0.003070,0.2578
27712000,1950.448272,3571,223,0.003081,0.2891
27714000,1948.320102,3576,215,0.003010,0.2656
27716000,1966.823980,3590,207,0.002079,0.2891
27718000,1975.705561,3560,231,0.002432,0.3438
27720000,1980.771584,3560,233,0.002804,0.2656
27722000,1979.306431,3578,223,0.002308,0.2422
27724000,1965.115064,3567,218,0.004040,0.2266
27726000,1989.918066,3569,231,0.003136,0.2812
27728000,1981.393843,3553,233,0.004619,0.2500
27730000,1994.112531,3546,246,0.005755,0.3906
27732000,1965.371041,3552,237,0.004548,0.3438
27734000,1960.864355,3545,248,0.004011,0.3984
27736000,1987.017583,3533,246,0.004199,0.2891
27738000,1994.662708,3535,250,0.004766,0.3203
27740000,1965.043890,3529,246,0.007814,0.2812
27742000,1958.514001,3524,247,0.006822,0.3203
27744000,1980.034622,3531,244,0.010636,0.3281
27746000,1972.456877,3522,243,0.011579,0.3125
27748000,1971.077251,3569,223,0.010023,0.2656
27750000,1970.381741,3552,227,0.009551,0.3281
27752000,1981.171682,3566,223,0.009864,0.3047
27754000,1969.887662,3560,228,0.010226,0.2891
27756000,1969.177416,3526,239,0.014442,0.3125
27758000,1969.844248,3529,237,0.015052,0.2969
27760000,1968.874640,3524,240,0.012238,0.2969
27762000,1944.326442,3539,237,0.014775,0.3203
27764000,1941.165845,3555,213,0.011697,0.1953
27766000,1940.613519,3523,220,0.011583,0.2109
27768000,1962.232171,3533,212,0.008647,0.3047
27770000,1962.729724,3527,217,0.009071,0.2266
27772000,1966.872097,3563,204,0.009081,0.2422
27774000,1952.758924,3546,235,0.009070,0.2891
27776000,1960.306213,3560,224,0.010462,0.3438
27778000,1948.668428,3551,233,0.009871,0.2422
27780000,1953.184884,3550,221,0.011511,0.3594
27782000,1938.903205,3542,220,0.012846,0.2734
27784000,1934.230259,3572,211,0.012427,0.2578
27786000,1917.741042,3581,209,0.011181,0.2578
27788000,1927.266799,3605,211,0.010532,0.3281
27790000,1928.451608,3609,198,0.009890,0.2891
27792000,1920.080539,3606,181,0.008397,0.2422
27794000,1958.578082,3613,194,0.018723,0.3047
27796000,1952.356116,3610,180,0.015771,0.1875
27798000,1936.289139,3631,204,0.016158,0.3281
27800000,1954.652009,3620,211,0.014938,0.3438
27802000,1959.558594,3597,215,0.015418,0.2656
27804000,1955.053794,3597,212,0.016421,0.2656
27806000,1950.694502,3610,206,0.016946,0.3203
27808000,1949.370103,3606,205,0.017204,0.2891
27810000,1962.388427,3593,229,0.021387,0.2734
27812000,1972.584304,3602,234,0.025463,0.3047
27814000,1958.632098,3609,220,0.025078,0.3359
27816000,1904.734240,3582,217,0.009006,0.2500
27818000,1908.090447,3572,224,0.007842,0.2500
27820000,1933.400933,3566,223,0.012720,0.3203
27822000,1934.880972,3557,216,0.011865,0.3594
27824000,1937.560992,3559,218,0.013689,0.3359
27826000,1888.211511,3561,205,0.014915,0.2266
27828000,1889.377074,3553,222,0.015537,0.2812
27830000,1896.041011,3554,217,0.013033,0.2500
27832000,1883.615652,3562,213,0.010538,0.3672
27834000,1883.651290,3555,229,0.010549,0.3672
27836000,1861.031458,3584,201,0.009946,0.2734
27838000,1856.661600,3593,221,0.008648,0.3359
27840000,1831.641301,3599,217,0.010398,0.2031
27842000,1833.210210,3592,188,0.010052,0.2422
27844000,1871.267880,3549,214,0.003524,0.2891
27846000,1889.769278,3536,214,0.004204,0.3125
27848000,1886.957004,3547,220,0.004258,0.3359
27850000,1880.954125,3537,217,0.004469,0.2969
27852000,1894.400070,3576,206,0.003663,0.3125
27854000,1892.760053,3568,204,0.004216,0.3125
27856000,1898.627026,3550,215,0.006149,0.3047
27858000,1905.795291,3552,214,0.004834,0.3125
27860000,1891.629700,3548,225,0.005749,0.3672
27862000,1901.366528,3545,216,0.005663,0.3516
27864000,1882.604868,3549,220,0.005830,0.3125
27866000,1872.668744,3536,229,0.005761,0.3203
27868000,1894.998240,3570,221,0.003378,0.2656
27870000,1890.726000,3556,234,0.000328,0.3125
27872000,1901.385248,3534,232,0.000166,0.2969
27874000,1905.073496,3541,220,0.000277,0.2969
27876000,1899.994882,3535,221,0.000077,0.3281
27878000,1887.847058,3528,236,0.000152,0.3047
27880000,1880.302909,3526,233,0.000314,0.2812
27882000,1875.280698,3539,216,0.000703,0.3047
27884000,1876.560624,3552,235,0.000324,0.2891
27886000,1873.368789,3524,229,0.000178,0.3359
27888000,1861.465350,3533,222,0.000174,0.2812
27890000,1857.554738,3531,212,0.000222,0.2266
27892000,1841.471058,3536,213,0.000075,0.2109
27894000,1848.402752,3526,219,0.000182,0.2969
27896000,1843.896476,3529,224,0.000052,0.2266
27898000,1848.164150,3509,219,0.000636,0.2344
27900000,1853.543841,3494,249,0.000441,0.3672
27902000,1855.183301,3494,237,0.000200,0.2812
27904000,1855.027711,3493,261,0.000185,0.3594
27906000,1871.047428,3481,238,0.000060,0.3047
27908000,1867.811039,3550,205,0.002592,0.2422
27910000,1875.942341,3561,203,0.001994,0.2422
27912000,1881.836669,3545,209,0.002257,0.3047
27914000,1878.907347,3556,192,0.001299,0.3203
27916000,1873.568872,3554,203,0.001320,0.1953
27918000,1878.548243,3542,224,0.001421,0.2812
27920000,1873.023906,3524,229,0.001407,0.2188
27922000,1883.069052,3548,224,0.001854,0.2812
27924000,1900.512935,3537,224,0.001179,0.2734
27926000,1884.276756,3538,227,0.002069,0.2266
27928000,1892.752634,3560,219,0.003572,0.3203
27930000,1888.032611,3547,221,0.003385,0.3359
27932000,1880.026441,3544,220,0.003885,0.3594
27934000,1879.714374,3534,227,0.004601,0.2422
27936000,1880.157396,3542,227,0.004409,0.3438
27938000,1890.417046,3534,223,0.004586,0.2656
27940000,1871.306174,3530,238,0.004875,0.3281
27942000,1878.688431,3506,236,0.006330,0.3438
27944000,1885.695922,3515,235,0.006509,0.2734
27946000,1893.877283,3511,245,0.006131,0.2734
27948000,1895.914317,3499,246,0.005844,0.2812
27950000,1896.038377,3527,242,0.004944,0.3281
27952000,1886.816403,3524,242,0.004568,0.3125
27954000,1887.986724,3551,231,0.004349,0.3594
27956000,1887.957250,3558,222,0.005376,0.2812
27958000,1903.316929,3541,239,0.004649,0.2656
27960000,1920.006441,3533,238,0.006942,0.3516
27962000,1925.426800,3560,228,0.009010,0.3203
27964000,1920.144625,3553,223,0.007031,0.2656
27966000,1918.476163,3553,220,0.007321,0.2734
27968000,1885.657257,3548,221,0.012305,0.2578
27970000,1903.282118,3538,227,0.010306,0.2656
27972000,1907.703833,3542,226,0.012652,0.2266
27974000,1896.103109,3553,216,0.014380,0.2891
27976000,1895.948968,3579,191,0.013661,0.3438
27978000,1918.216677,3573,203,0.012415,0.2891
27980000,1906.231698,3552,209,0.014010,0.3125
27982000,1896.413261,3554,223,0.015502,0.3203
27984000,1887.410365,3524,211,0.012638,0.3125
27986000,1877.575335,3514,219,0.014123,0.2422
27988000,1879.772093,3515,249,0.015364,0.3047
27990000,1872.826299,3543,226,0.013429,0.3203
27992000,1925.357405,3525,220,0.017737,0.2969
27994000,1921.309744,3510,248,0.015130,0.2969
27996000,1935.226253,3531,241,0.016029,0.3047
27998000,1930.394366,3526,231,0.015574,0.2812
28000000,1941.659404,3491,241,0.014177,0.3516
28002000,1941.863181,3456,254,0.013832,0.3047
28004000,1902.939541,3485,241,0.008879,0.3047
28006000,1903.533314,3464,242,0.010194,0.2500
28008000,1928.110292,3485,231,0.010234,0.2578
28010000,1925.577843,3495,234,0.010055,0.2891
28012000,1922.159976,3490,233,0.008112,0.3125
28014000,1923.765577,3483,237,0.009159,0.3203
28016000,1938.288138,3510,246,0.007915,0.2969
28018000,1935.807758,3505,246,0.007530,0.3281
28020000,1929.719663,3477,225,0.007714,0.3203
28022000,1921.838228,3477,238,0.005535,0.3203
28024000,1928.292846,3473,261,0.005861,0.3828
28026000,1924.685927,3490,239,0.006967,0.2266
28028000,1910.350012,3483,257,0.007480,0.3047
28030000,1926.166001,3493,259,0.008962,0.3125
28032000,1905.770433,3498,242,0.012282,0.3594
28034000,1905.101455,3481,259,0.014958,0.3359
28036000,1916.004965,3493,237,0.014229,0.2422
28038000,1914.958028,3490,242,0.014652,0.2500
28040000,1913.178547,3500,235,0.014276,0.3438
28042000,1923.765791,3503,219,0.017530,0.2500
28044000,1913.798945,3501,228,0.018387,0.3750
28046000,1924.682697,3511,233,0.018648,0.3125
28048000,1897.553424,3522,264,0.019000,0.2891
28050000,1907.953153,3555,247,0.018607,0.3359
28052000,1917.239335,3548,252,0.010837,0.3438
28054000,1916.831988,3560,235,0.011883,0.2812
28056000,1929.817283,3543,249,0.011601,0.3047
28058000,1934.932888,3562,231,0.012710,0.3047
28060000,1945.809684,3558,216,0.015973,0.3672
28062000,1928.640586,3573,214,0.014196,0.2969
28064000,1944.144429,3575,216,0.017670,0.2969
28066000,1937.186655,3558,220,0.019545,0.3203
28068000,1904.968123,3526,232,0.021940,0.3438
28070000,1891.786234,3526,234,0.021524,0.2734
28072000,1884.518538,3508,236,0.022082,0.3281
28074000,1886.166569,3485,238,0.022208,0.2266
28076000,1897.384195,3482,237,0.022707,0.3125
28078000,1893.234803,3463,258,0.021347,0.2812
28080000,1885.140764,3467,261,0.020223,0.3047
28082000,1879.369426,3460,258,0.020859,0.2812
28084000,1904.132670,3448,267,0.014753,0.3359
28086000,1922.863914,3482,263,0.013908,0.3125
28088000,1914.411827,3532,232,0.014308,0.3359
28090000,1921.382037,3522,242,0.016537,0.2500
28092000,1920.488614,3506,246,0.014251,0.3672
28094000,1927.321807,3519,231,0.014919,0.2734
28096000,1923.311819,3512,240,0.013694,0.2734
28098000,1961.514785,3552,238,0.007549,0.3594
28100000,1949.190399,3572,213,0.007115,0.3047
28102000,1928.917912,3554,228,0.009098,0.3906
28104000,1934.570267,3560,222,0.010179,0.3203
28106000,1938.632458,3536,227,0.011660,0.2891
28108000,1894.423275,3517,239,0.020714,0.2969
28110000,1887.410364,3561,202,0.020079,0.2734
28112000,1897.989057,3555,202,0.022160,0.3281
28114000,1936.347213,3553,216,0.015681,0.2969
28116000,1918.313681,3547,225,0.019009,0.3672
28118000,1924.064855,3558,218,0.016280,0.3516
28120000,1925.552217,3548,202,0.016326,0.3203
28122000,1908.890389,3573,201,0.014748,0.2422
28124000,1926.311589,3561,201,0.012865,0.2656
28126000,1933.394999,3570,210,0.019654,0.2812
28128000,1919.269890,3581,186,0.018599,0.2422
28130000,1919.407682,3598,201,0.021898,0.2969
28132000,1910.459494,3579,218,0.019666,0.2969
28134000,1870.957941,3570,216,0.019522,0.2344
28136000,1878.580147,3548,211,0.016766,0.2500
28138000,1900.200059,3558,205,0.015439,0.2578
28140000,1897.480242,3550,234,0.014438,0.2891
28142000,1908.903932,3547,230,0.012796,0.3594
28144000,1907.925741,3560,223,0.014707,0.2812
28146000,1941.419298,3559,211,0.015383,0.2344
28148000,1951.504694,3562,214,0.013491,0.3750
28150000,1942.401422,3551,214,0.017931,0.2891
28152000,1940.559716,3564,220,0.018420,0.2188
28154000,1941.524692,3569,214,0.018538,0.3203
28156000,1929.854703,3579,194,0.017938,0.2812
28158000,1949.830816,3557,232,0.020778,0.3359
28160000,1945.755326,3563,228,0.021368,0.2500
28162000,1955.945596,3553,214,0.019984,0.3125
28164000,1950.038522,3539,217,0.020249,0.2656
28166000,1946.083649,3530,233,0.008527,0.2656
28168000,1938.888784,3517,229,0.009611,0.2109
28170000,1958.635511,3537,224,0.010221,0.3047
28172000,1947.771898,3519,248,0.011222,0.2578
28174000,1928.305697,3522,246,0.006977,0.2734
28176000,1929.606087,3536,235,0.007062,0.3203
28178000,1945.631019,3505,251,0.008430,0.2812
28180000,1941.824485,3515,243,0.008541,0.3281
28182000,1929.377722,3527,249,0.007803,0.3125
28184000,1941.071949,3531,249,0.007303,0.3281
28186000,1981.948898,3530,231,0.011148,0.3594
28188000,1967.466809,3478,251,0.011189,0.2812
28190000,1972.013556,3498,228,0.009250,0.2891
28192000,1995.683930,3483,234,0.012405,0.3438
28194000,2012.584261,3501,228,0.008984,0.2891
28196000,1985.729631,3474,241,0.014814,0.3125
28198000,1978.155066,3463,260,0.017308,0.3672
28200000,1948.617611,3486,261,0.009963,0.3125
28202000,1936.106719,3498,248,0.008856,0.3281
28204000,1948.064626,3470,257,0.006500,0.3125
28206000,1934.120360,3488,254,0.007306,0.3125
28208000,1942.693137,3508,235,0.008744,0.2969
28210000,1953.968988,3522,214,0.009795,0.3047
28212000,1965.224164,3547,214,0.009451,0.2578
28214000,1969.344551,3550,217,0.008983,0.2812
28216000,1971.411218,3533,228,0.009795,0.2734
28218000,2001.634504,3543,243,0.008909,0.2812
28220000,1998.043850,3534,231,0.009673,0.3281
28222000,1996.203957,3500,245,0.010230,0.3438
28224000,1985.647865,3499,239,0.009052,0.2734
28226000,1981.029017,3509,250,0.010310,0.2891
28228000,2021.119096,3527,240,0.006524,0.3125
28230000,2016.675151,3546,217,0.008985,0.2734
28232000,2023.041641,3524,253,0.009257,0.3125
28234000,2024.314515,3508,243,0.010004,0.2578
28236000,2019.377767,3504,255,0.009784,0.3516
28238000,2044.127666,3499,252,0.011307,0.3125
28240000,2013.320807,3497,264,0.008569,0.3672
28242000,2021.961343,3514,261,0.008409,0.2891
28244000,2011.838596,3509,266,0.007510,0.2969
28246000,2018.332130,3513,248,0.005967,0.3438
28248000,2017.571367,3553,237,0.006533,0.3047
28250000,2024.171234,3573,220,0.006314,0.3672
28252000,2018.345811,3567,232,0.006308,0.2812
28254000,2016.624026,3582,218,0.005759,0.2266
28256000,2023.017577,3583,233,0.005604,0.3047
28258000,2018.747181,3553,243,0.006514,0.3047
28260000,2015.523674,3557,231,0.006803,0.2422
28262000,2010.989846,3565,231,0.007191,0.2344
28264000,2014.705530,3549,256,0.005973,0.2969
28266000,2020.319538,3558,240,0.005850,0.2812
28268000,2019.368443,3586,236,0.004752,0.3047
28270000,2052.642487,3582,229,0.002766,0.2734
28272000,2057.550874,3582,217,0.004183,0.2656
28274000,2044.763172,3605,209,0.003624,0.3281
28276000,2021.637688,3601,193,0.004469,0.3359
28278000,2019.555157,3573,223,0.003585,0.3281
28280000,2024.514882,3584,204,0.004614,0.2578
28282000,2027.004537,3582,208,0.004346,0.3438
28284000,2040.859897,3561,218,0.003822,0.3125
28286000,2044.822813,3567,210,0.003999,0.3984
28288000,2056.590215,3574,213,0.003949,0.2422
28290000,2057.037699,3562,222,0.002827,0.2812
28292000,2057.299077,3581,202,0.006876,0.3281
28294000,2056.091227,3570,205,0.006837,0.3125
28296000,2058.808869,3596,215,0.005986,0.2969
28298000,2044.180275,3598,194,0.002782,0.2188
28300000,2041.985258,3599,195,0.002058,0.2578
28302000,2007.239253,3571,202,0.017400,0.2734
28304000,2002.175529,3579,205,0.017199,0.2266
28306000,1992.635436,3537,227,0.018276,0.2734
28308000,2001.746927,3568,200,0.018020,0.2344
28310000,2001.461510,3583,203,0.018299,0.3203
28312000,1999.368976,3561,216,0.017953,0.3359
28314000,2012.776278,3545,226,0.016945,0.2500
28316000,2013.513016,3593,221,0.017208,0.2422
28318000,2021.433112,3574,221,0.018980,0.2969
28320000,2010.752626,3581,209,0.021309,0.2969
28322000,2036.658854,3572,225,0.019366,0.2109
28324000,2019.664873,3551,218,0.015265,0.2812
28326000,2057.359868,3549,234,0.016682,0.3359
28328000,2057.762113,3550,248,0.017088,0.2812
28330000,2063.388162,3544,229,0.015461,0.3203
28332000,2058.520029,3531,219,0.015315,0.3281
28334000,1995.843455,3530,202,0.021782,0.2812
28336000,1991.022425,3537,207,0.022845,0.2969
28338000,1983.888457,3550,213,0.022882,0.2266
28340000,1981.868608,3566,209,0.020764,0.2500
28342000,1988.297292,3561,212,0.028952,0.2500
28344000,1962.216201,3525,239,0.024771,0.3359
28346000,1977.594512,3511,263,0.024399,0.3438
28348000,1952.896430,3537,252,0.023420,0.3203
28350000,1945.437895,3555,222,0.023810,0.3750
28352000,1956.450693,3525,242,0.020084,0.3281
28354000,1978.058612,3522,244,0.021243,0.3828
28356000,1962.776701,3506,254,0.018409,0.3359
28358000,1962.870135,3498,232,0.019510,0.2500
28360000,1967.707265,3495,239,0.017776,0.3438
28362000,1960.345951,3522,213,0.016163,0.2422
28364000,1965.032817,3513,229,0.017735,0.3125
28366000,1964.959195,3499,233,0.017585,0.2266
28368000,1947.317806,3514,245,0.018051,0.2109
28370000,1945.797840,3518,259,0.019093,0.2891
28372000,1934.583579,3477,249,0.020947,0.3516
28374000,1940.000930,3509,245,0.018549,0.3125
28376000,1925.418684,3519,198,0.018532,0.2969
28378000,1910.778627,3522,221,0.018195,0.3594
28380000,1923.495476,3557,219,0.018021,0.3281
28382000,1961.004188,3538,230,0.015824,0.3281
28384000,1960.175483,3541,229,0.017062,0.3281
28386000,1971.738489,3533,215,0.017519,0.3438
28388000,1965.432481,3545,214,0.017237,0.3438
28390000,1974.946656,3530,217,0.015816,0.3203
28392000,1970.799171,3517,229,0.016403,0.2812
28394000,1971.632915,3513,216,0.014032,0.2734
28396000,1977.898886,3517,226,0.014455,0.3203
28398000,1988.550469,3516,216,0.020180,0.2969
28400000,1961.799964,3509,243,0.018303,0.4062
28402000,1977.982497,3507,224,0.021056,0.3203
28404000,1967.567567,3515,206,0.023320,0.3750
28406000,1966.239073,3518,221,0.026895,0.3125
28408000,1978.050174,3517,216,0.023397,0.2891
28410000,1983.459312,3531,241,0.025193,0.3125
28412000,1975.277064,3534,251,0.023499,0.3594
28414000,1982.288394,3553,231,0.021386,0.2500
28416000,2005.832055,3548,248,0.020518,0.3516
28418000,2009.412098,3534,239,0.021090,0.2969
28420000,1963.000109,3532,228,0.029346,0.2031
28422000,1970.054697,3530,231,0.030935,0.3359
28424000,1969.084802,3568,205,0.031257,0.3594
28426000,1938.273876,3558,217,0.027405,0.2422
28428000,1919.308146,3575,215,0.026212,0.2500
28430000,1909.974879,3556,209,0.030963,0.3516
28432000,1906.798324,3543,220,0.029341,0.2656
28434000,1897.472719,3559,228,0.029706,0.3672
28436000,1897.731475,3547,231,0.032289,0.3750
28438000,1870.957082,3556,225,0.037712,0.4141
28440000,1866.256462,3541,236,0.036493,0.2734
28442000,1871.817758,3547,230,0.038530,0.2891
28444000,1878.064591,3571,207,0.037813,0.3906
28446000,1870.986731,3556,219,0.040239,0.3281
28448000,1909.230387,3531,237,0.033509,0.3047
28450000,1920.346244,3566,207,0.032328,0.2578
28452000,1950.420099,3574,209,0.034196,0.3281
28454000,1945.913125,3589,198,0.033187,0.2734
28456000,1945.537409,3559,215,0.032671,0.2969
28458000,1942.997255,3547,223,0.032483,0.2656
28460000,1918.602424,3558,221,0.032788,0.3047
28462000,1906.618230,3522,245,0.029347,0.3281
28464000,1907.600668,3552,232,0.026640,0.2422
28466000,1901.841648,3552,221,0.028176,0.3984
28468000,1910.209450,3564,223,0.029392,0.3594
28470000,1917.657316,3535,219,0.029373,0.3281
28472000,1917.421172,3545,217,0.028930,0.2891
28474000,1922.947411,3553,211,0.030418,0.3203
28476000,1929.129498,3571,205,0.030887,0.2812
28478000,1936.410848,3561,218,0.031878,0.3047
28480000,1946.276367,3583,202,0.030982,0.2734
28482000,1959.079813,3556,218,0.021778,0.2734
28484000,1963.795084,3525,238,0.021066,0.3281
28486000,1972.130091,3564,226,0.019434,0.2812
28488000,1957.366143,3557,215,0.026488,0.2891
28490000,1959.893435,3545,233,0.024612,0.2500
28492000,1962.435159,3530,215,0.023876,0.3438
28494000,1984.054133,3548,203,0.007887,0.2734
28496000,1972.810271,3557,216,0.011825,0.2656
28498000,1973.775306,3564,210,0.014841,0.3438
28500000,1970.606020,3571,202,0.013448,0.2891
28502000,1968.182562,3575,199,0.015666,0.3203
28504000,1976.350009,3559,201,0.017570,0.1953
28506000,1965.154146,3535,226,0.017238,0.2656
28508000,1963.847764,3553,234,0.016211,0.2422
28510000,1963.131526,3552,218,0.016131,0.2891
28512000,1982.597252,3563,220,0.023654,0.2969
28514000,1971.012277,3559,217,0.024143,0.3359
28516000,1966.853809,3543,221,0.022636,0.3125
28518000,1973.618143,3562,236,0.022504,0.3438
28520000,1999.593874,3546,229,0.027161,0.3047
28522000,2015.280182,3561,218,0.026387,0.2969
28524000,2004.819809,3573,196,0.024975,0.3672
28526000,2013.454556,3556,220,0.026475,0.3750
28528000,1992.374938,3593,208,0.026981,0.3125
28530000,1996.402073,3599,225,0.025945,0.3438
28532000,1984.620964,3610,204,0.025623,0.3281
28534000,1979.046067,3624,210,0.025174,0.3281
28536000,1940.311759,3606,229,0.033156,0.2812
28538000,1947.991940,3612,213,0.034614,0.2578
28540000,1953.027261,3619,215,0.032179,0.2891
28542000,1956.906572,3606,224,0.030721,0.2891
28544000,1968.307543,3613,216,0.027131,0.2188
28546000,1952.931200,3597,207,0.035109,0.2969
28548000,1953.961167,3621,188,0.035165,0.3516
28550000,1943.587920,3587,197,0.037202,0.2891
28552000,1941.245767,3578,215,0.037525,0.3359
28554000,1911.863035,3585,224,0.031283,0.3125
28556000,1893.435059,3584,212,0.032535,0.3516
28558000,1908.455680,3585,214,0.032022,0.3125
28560000,1882.865889,3578,222,0.031158,0.3672
28562000,1881.140270,3574,219,0.031756,0.2891
28564000,1880.272491,3562,230,0.033243,0.3516
28566000,1873.238889,3550,244,0.029415,0.2891
28568000,1870.406935,3565,219,0.031957,0.3125
28570000,1863.517076,3551,232,0.033122,0.2891
28572000,1862.209541,3537,231,0.030854,0.3359
28574000,1861.278104,3553,223,0.034592,0.3438
28576000,1877.756682,3531,242,0.036708,0.3047
28578000,1892.304938,3516,244,0.026555,0.3203
28580000,1894.422858,3567,224,0.027561,0.3047
28582000,1907.185894,3535,249,0.027055,0.3906
28584000,1907.448281,3551,234,0.026952,0.2656
28586000,1902.227118,3546,237,0.024929,0.2734
28588000,1934.786954,3546,233,0.026123,0.2188
28590000,1931.252766,3551,229,0.033629,0.3281
28592000,1925.008596,3547,220,0.032042,0.2266
28594000,1919.401023,3514,246,0.032140,0.3438
28596000,1917.015199,3543,225,0.031423,0.2656
28598000,1917.236644,3571,220,0.034171,0.3984
28600000,1938.758560,3572,221,0.031877,0.2656
28602000,1932.723218,3559,224,0.029975,0.2578
28604000,1913.032782,3539,213,0.029274,0.3281
28606000,1955.444163,3563,208,0.036948,0.2891
28608000,1952.992056,3570,204,0.037401,0.3359
28610000,1940.035919,3546,222,0.035685,0.2891
28612000,1947.020268,3523,229,0.031734,0.2969
28614000,1953.273717,3549,222,0.033647,0.3359
28616000,1955.599439,3565,210,0.039023,0.3047
28618000,1941.989975,3545,226,0.035022,0.3281
28620000,1945.295421,3566,209,0.039882,0.3594
28622000,1933.521722,3580,213,0.040062,0.2656
28624000,1937.815459,3560,217,0.038339,0.2344
28626000,1979.178129,3555,220,0.033560,0.3047
28628000,1979.920845,3575,221,0.033469,0.2891
28630000,1988.184999,3552,215,0.029638,0.2734
28632000,1961.106416,3550,226,0.030420,0.3125
28634000,1950.898759,3570,218,0.025307,0.2734
28636000,1963.404025,3591,204,0.020381,0.3438
28638000,1955.726898,3580,208,0.019091,0.2656
28640000,1954.144991,3586,205,0.017611,0.2812
28642000,1952.871688,3581,209,0.022938,0.2422
28644000,1961.340652,3587,207,0.023945,0.3438
28646000,1943.092837,3562,211,0.021656,0.3828
28648000,1924.456719,3535,241,0.017868,0.3516
28650000,1919.623059,3516,255,0.018525,0.2266
28652000,1924.943905,3500,246,0.018038,0.2656
28654000,1919.914474,3519,235,0.022148,0.3203
28656000,1910.858724,3532,241,0.020223,0.3672
28658000,1903.288706,3550,224,0.016609,0.2734
28660000,1898.763426,3542,205,0.017093,0.3047
28662000,1887.399700,3540,213,0.013322,0.2656
28664000,1880.889144,3541,222,0.013070,0.2500
28666000,1887.734205,3541,240,0.014322,0.3906
28668000,1858.672679,3540,227,0.013135,0.3203
28670000,1865.720688,3558,228,0.012838,0.3516
28672000,1871.550253,3584,211,0.013152,0.2734
28674000,1880.064638,3591,198,0.011908,0.2969
28676000,1881.243838,3582,210,0.012160,0.3281
28678000,1883.665699,3557,220,0.012843,0.2344
28680000,1886.971090,3550,225,0.012515,0.1953
28682000,1870.545155,3536,222,0.013548,0.3047
28684000,1844.161281,3533,237,0.012082,0.3125
28686000,1864.210820,3533,237,0.012104,0.3203
28688000,1864.649684,3537,229,0.012442,0.3828
28690000,1874.034286,3541,229,0.013729,0.3203
28692000,1862.633124,3522,241,0.013641,0.3516
28694000,1888.794604,3540,216,0.015914,0.2266
28696000,1881.018061,3528,230,0.014925,0.2969
28698000,1882.485577,3525,230,0.013870,0.3047
28700000,1868.140097,3514,239,0.015103,0.2812
28702000,1874.626865,3519,216,0.013649,0.2266
28704000,1885.087517,3526,222,0.011823,0.2266
28706000,1875.768464,3540,219,0.010870,0.3203
28708000,1875.678359,3528,233,0.007662,0.3047
28710000,1835.327909,3507,224,0.006838,0.3203
28712000,1844.661793,3528,223,0.006585,0.4062
28714000,1829.048206,3513,243,0.013168,0.2969
28716000,1840.030256,3527,230,0.012560,0.2344
28718000,1827.707434,3536,203,0.010452,0.2109
28720000,1853.740886,3535,195,0.012526,0.2812
28722000,1866.329486,3525,203,0.013370,0.2500
28724000,1859.555748,3536,201,0.011409,0.2891
28726000,1871.337680,3521,221,0.010372,0.2500
28728000,1872.481306,3536,213,0.010444,0.2656
28730000,1864.145047,3511,218,0.007252,0.2500
28732000,1870.946663,3497,237,0.014399,0.2656
28734000,1861.550961,3502,223,0.014634,0.3438
28736000,1878.128215,3488,222,0.013545,0.2891
28738000,1892.066094,3498,222,0.015359,0.2188
28740000,1896.394964,3502,236,0.014468,0.2812
28742000,1853.250174,3506,238,0.011363,0.3125
28744000,1847.250264,3477,253,0.010573,0.3359
28746000,1882.507085,3484,258,0.007486,0.2969
28748000,1865.358452,3496,245,0.004606,0.2812
28750000,1863.749501,3489,244,0.004696,0.3047
28752000,1877.354853,3480,243,0.004155,0.2578
28754000,1912.967989,3494,229,0.000571,0.3047
28756000,1900.737342,3462,244,0.000933,0.2969
28758000,1898.266945,3475,251,0.001185,0.3750
28760000,1888.819079,3524,218,0.005050,0.3203
28762000,1877.810090,3521,232,0.004291,0.3203
28764000,1882.009779,3502,241,0.005999,0.3125
28766000,1897.685084,3499,229,0.008787,0.3359
28768000,1927.339232,3499,233,0.008864,0.3672
28770000,1942.609504,3518,225,0.014218,0.3125
28772000,1887.162317,3523,212,0.017267,0.2734
28774000,1890.074459,3534,228,0.004294,0.2812
28776000,1879.173385,3540,212,0.002342,0.2969
28778000,1857.620810,3535,213,0.005575,0.2969
28780000,1869.347444,3549,217,0.005116,0.3203
28782000,1868.334255,3557,213,0.004834,0.3047
28784000,1870.594701,3549,227,0.005288,0.2891
28786000,1875.685153,3560,221,0.005342,0.3047
28788000,1881.677827,3560,188,0.003652,0.2422
28790000,1872.298375,3534,205,0.003780,0.2422
28792000,1852.377630,3529,207,0.005484,0.2578
28794000,1862.551666,3511,219,0.002230,0.2656
28796000,1855.837794,3526,208,0.002025,0.2500
28798000,1852.839959,3525,225,0.001934,0.3047
28800000,1847.028359,3512,239,0.001667,0.2734
28802000,1855.998583,3527,228,0.002746,0.2500
28804000,1851.642411,3557,218,0.001720,0.2422
28806000,1854.249594,3569,208,0.000764,0.2422
28808000,1850.777077,3562,206,0.000417,0.2734
28810000,1857.595844,3548,219,0.000569,0.3516
28812000,1861.985017,3530,237,0.000566,0.2969
28814000,1826.496609,3528,229,0.002560,0.2812
28816000,1817.181319,3544,208,0.002320,0.2812
28818000,1838.795569,3559,197,0.002464,0.2891
28820000,1850.454324,3579,191,0.002987,0.3516
28822000,1864.136364,3575,183,0.003024,0.2734
28824000,1868.885733,3591,190,0.001942,0.2969
28826000,1854.620975,3584,199,0.001451,0.3438
28828000,1896.283928,3617,176,0.001513,0.2656
28830000,1904.369215,3628,182,0.002553,0.2656
28832000,1904.748998,3615,200,0.002642,0.2734
28834000,1905.162558,3612,211,0.002987,0.3359
28836000,1902.722426,3607,202,0.004386,0.2188
28838000,1919.491877,3623,216,0.004496,0.2969
28840000,1919.723493,3628,212,0.004264,0.2578
28842000,1908.196159,3608,205,0.005638,0.3594
28844000,1903.737717,3593,212,0.007411,0.3047
28846000,1907.721523,3523,258,0.007336,0.2969
28848000,1899.405331,3521,252,0.007097,0.2656
28850000,1908.888837,3551,230,0.008165,0.3047
28852000,1896.385662,3565,215,0.008234,0.2891
28854000,1878.955207,3568,228,0.007001,0.3750
28856000,1868.233056,3566,214,0.008131,0.2500
28858000,1869.260391,3585,212,0.013630,0.2734
28860000,1865.988410,3562,225,0.015043,0.2266
28862000,1868.685103,3598,213,0.016863,0.2500
28864000,1870.710224,3577,232,0.017501,0.2734
28866000,1946.230528,3576,219,0.021315,0.2656
28868000,1938.686797,3577,209,0.024562,0.3359
28870000,1945.665455,3571,217,0.020374,0.2422
28872000,1910.883397,3559,206,0.026516,0.3516
28874000,1920.356451,3536,216,0.030156,0.3594
28876000,1926.227069,3531,224,0.029393,0.3359
28878000,1931.939828,3549,223,0.023823,0.2734
28880000,1920.558373,3548,222,0.020617,0.2812
28882000,1889.143260,3528,254,0.021375,0.2969
28884000,1873.280636,3515,252,0.024330,0.2891
28886000,1879.021720,3511,253,0.027938,0.3203
28888000,1869.877950,3499,263,0.029966,0.2891
28890000,1877.482215,3541,231,0.028033,0.3203
28892000,1868.201073,3545,227,0.028653,0.2969
28894000,1879.061579,3544,226,0.028468,0.3047
28896000,1873.898491,3514,242,0.026357,0.2969
28898000,1850.107703,3511,251,0.019429,0.3281
28900000,1844.204749,3535,234,0.019719,0.2812
28902000,1852.425751,3526,260,0.019540,0.3203
28904000,1841.112167,3530,252,0.018573,0.2734
28906000,1822.178864,3537,246,0.016622,0.2656
28908000,1813.159295,3552,237,0.017686,0.2969
28910000,1823.742350,3559,240,0.015314,0.2891
28912000,1834.293928,3550,227,0.015853,0.3281
28914000,1831.703189,3529,236,0.016764,0.2734
28916000,1841.861442,3530,229,0.017254,0.3047
28918000,1848.191320,3532,246,0.015410,0.2812
28920000,1841.788551,3550,219,0.012710,0.3125
28922000,1840.144382,3566,219,0.011632,0.3125
28924000,1838.260713,3574,226,0.012902,0.3359
28926000,1820.480853,3581,223,0.009987,0.2812
28928000,1830.059019,3571,227,0.006624,0.2578
28930000,1827.354482,3575,232,0.006223,0.3203
28932000,1833.145194,3584,221,0.007235,0.3516
28934000,1817.860154,3589,222,0.010225,0.2500
28936000,1819.279004,3599,207,0.009723,0.2422
28938000,1814.372639,3602,215,0.008527,0.3203
28940000,1820.397287,3612,204,0.010071,0.3203
28942000,1822.985994,3631,193,0.008885,0.3359
28944000,1824.464967,3619,194,0.009371,0.3516
28946000,1816.229001,3601,226,0.009675,0.2969
28948000,1817.707151,3626,201,0.011396,0.3203
28950000,1801.785721,3618,194,0.011869,0.2422
28952000,1780.407298,3616,185,0.012960,0.2734
28954000,1772.339564,3599,194,0.011414,0.3203
28956000,1779.293178,3578,218,0.010704,0.3203
28958000,1778.290246,3560,219,0.009398,0.3672
28960000,1849.088177,3560,228,0.002328,0.3047
28962000,1857.501769,3548,213,0.002054,0.2734
28964000,1868.174933,3573,206,0.001131,0.2969
28966000,1885.602207,3577,211,0.001745,0.2578
28968000,1890.845707,3579,212,0.001161,0.3203
28970000,1906.091796,3562,226,0.002676,0.2578
28972000,1877.998808,3580,201,0.002729,0.3516
28974000,1860.271082,3571,208,0.002420,0.2891
28976000,1856.171797,3567,219,0.002724,0.2969
28978000,1856.968875,3553,219,0.002680,0.3438
28980000,1840.193388,3550,217,0.003526,0.3125
28982000,1828.576144,3543,227,0.006961,0.2109
28984000,1826.875817,3528,237,0.006031,0.2734
28986000,1811.324901,3561,210,0.006038,0.3203
28988000,1803.037684,3541,218,0.006951,0.3125
28990000,1813.456740,3537,235,0.007501,0.3203
28992000,1801.801856,3552,230,0.007703,0.3438
28994000,1790.931674,3565,223,0.006072,0.3125
28996000,1800.417330,3569,202,0.006329,0.2188
28998000,1835.922913,3575,199,0.005989,0.2500
29000000,1880.059148,3568,197,0.005593,0.3359
29002000,1876.017817,3568,221,0.004934,0.2891
29004000,1854.829112,3574,211,0.007005,0.3672
29006000,1853.671018,3588,196,0.010545,0.3047
29008000,1856.726265,3564,211,0.010856,0.3359
29010000,1834.354649,3552,204,0.011738,0.2812
29012000,1823.808151,3553,220,0.011855,0.2891
29014000,1822.075792,3558,219,0.009776,0.3359
29016000,1815.447552,3529,231,0.010363,0.3516
29018000,1820.493004,3543,216,0.009180,0.2969
29020000,1813.909752,3533,242,0.010311,0.2656
29022000,1818.494704,3553,235,0.010271,0.3359
29024000,1817.227499,3553,226,0.013176,0.2969
29026000,1825.500556,3566,223,0.014158,0.2656
29028000,1852.294265,3580,194,0.018822,0.2891
29030000,1843.012370,3584,194,0.020250,0.2500
29032000,1861.758259,3560,217,0.018136,0.3125
29034000,1857.212007,3561,211,0.016710,0.3203
29036000,1949.859500,3557,206,0.027291,0.2734
29038000,1960.740770,3543,211,0.032980,0.3359
29040000,1970.222405,3575,201,0.028515,0.2656
29042000,1908.025575,3576,213,0.017652,0.3359
29044000,1913.801810,3569,213,0.017748,0.3125
29046000,1921.024631,3560,227,0.018699,0.3203
29048000,1920.547717,3568,224,0.019490,0.3203
29050000,1918.218733,3568,225,0.021537,0.2578
29052000,1917.825706,3552,240,0.020644,0.3203
29054000,1909.660014,3573,237,0.017124,0.2656
29056000,1949.447005,3575,224,0.021436,0.2891
29058000,1950.709589,3566,233,0.026417,0.2969
29060000,1952.487370,3561,239,0.027275,0.2422
29062000,1974.815125,3579,232,0.026505,0.3047
29064000,1973.236041,3553,253,0.027185,0.3516
29066000,1966.492693,3570,229,0.027691,0.2891
29068000,1958.384937,3559,220,0.029452,0.2812
29070000,1994.807712,3565,231,0.032472,0.2656
29072000,2022.370925,3565,220,0.033693,0.3203
29074000,2040.758367,3552,243,0.029052,0.3047
29076000,2029.454689,3569,234,0.028363,0.2969
29078000,2023.184649,3547,232,0.027273,0.2500
29080000,1931.625239,3543,226,0.019391,0.3438
29082000,1921.464178,3544,248,0.020581,0.2969
29084000,1918.681279,3528,244,0.018710,0.3047
29086000,1935.373379,3544,219,0.021243,0.2656
29088000,1912.546158,3547,218,0.021315,0.2734
29090000,1914.111231,3553,214,0.020889,0.3281
29092000,1906.818231,3582,207,0.023244,0.2734
29094000,1910.877413,3560,207,0.022601,0.2422
29096000,1920.875163,3582,191,0.022218,0.1875
29098000,1928.192724,3577,195,0.023537,0.3438
29100000,1897.280061,3558,209,0.012587,0.3203
29102000,1893.749429,3567,210,0.012614,0.2344
29104000,1910.874512,3545,210,0.011087,0.3281
29106000,1899.093021,3529,217,0.009029,0.3672
29108000,1901.886430,3508,211,0.010291,0.3281
29110000,1898.507944,3507,228,0.010831,0.3438
29112000,1899.463342,3522,222,0.011341,0.3203
29114000,1891.473413,3509,232,0.012567,0.3281
29116000,1903.566746,3519,234,0.006678,0.3359
29118000,1892.563998,3527,223,0.006332,0.2578
29120000,1925.479885,3552,224,0.009601,0.2969
29122000,1940.409904,3566,226,0.010248,0.3438
29124000,1915.662311,3564,222,0.006931,0.3125
29126000,1900.682372,3543,218,0.007469,0.2969
29128000,1904.906551,3532,245,0.007005,0.3672
29130000,1917.120448,3566,243,0.007158,0.3438
29132000,1898.878702,3562,232,0.006991,0.2656
29134000,1895.219946,3546,228,0.007599,0.3047
29136000,1888.589685,3567,227,0.006733,0.3281
29138000,1878.496685,3575,209,0.005219,0.2969
29140000,1862.614664,3566,228,0.004133,0.2812
29142000,1869.692359,3558,243,0.004407,0.3047
29144000,1866.441826,3549,230,0.003840,0.3438
29146000,1875.001113,3544,214,0.004678,0.3125
29148000,1889.412684,3544,227,0.004640,0.2656
29150000,1878.684754,3550,217,0.005114,0.2969
29152000,1894.760542,3569,202,0.005061,0.3047
29154000,1893.262053,3575,216,0.004018,0.3203
29156000,1898.013943,3572,228,0.004569,0.2500
29158000,1907.285246,3557,199,0.003634,0.2734
29160000,1888.731928,3540,220,0.003604,0.2266
29162000,1882.506164,3556,215,0.003893,0.3359
29164000,1858.444801,3555,215,0.004786,0.3125
29166000,1849.184209,3548,225,0.003920,0.2891
29168000,1865.089080,3567,209,0.003152,0.2891
29170000,1868.995556,3602,194,0.003359,0.2344
29172000,1854.341946,3591,203,0.005137,0.2344
29174000,1852.531941,3577,206,0.005336,0.2344
29176000,1846.547668,3600,178,0.004104,0.2500
29178000,1836.953900,3604,168,0.006300,0.2969
29180000,1838.022114,3600,188,0.005014,0.3047
29182000,1848.953256,3601,188,0.005881,0.2891
29184000,1859.256898,3596,199,0.005560,0.2031
29186000,1854.024906,3582,228,0.004686,0.3438
29188000,1865.295659,3589,212,0.001690,0.2969
29190000,1875.392111,3564,227,0.002361,0.2812
29192000,1861.095439,3536,239,0.002047,0.3203
29194000,1871.026867,3539,219,0.002623,0.3047
29196000,1872.961950,3547,221,0.004557,0.3125
29198000,1851.085968,3573,205,0.005097,0.3047
29200000,1837.281767,3543,214,0.005354,0.2422
29202000,1852.008952,3554,237,0.005335,0.3203
29204000,1856.255154,3524,246,0.006166,0.2891
29206000,1849.085822,3546,227,0.006638,0.2031
29208000,1848.349505,3552,221,0.005930,0.2578
29210000,1849.935850,3526,232,0.003700,0.3047
29212000,1856.568041,3532,216,0.002289,0.3125
29214000,1860.379767,3523,206,0.003995,0.2656
29216000,1854.391717,3507,215,0.007464,0.3750
29218000,1860.237862,3515,219,0.007921,0.3594
29220000,1855.171983,3498,226,0.008049,0.3359
29222000,1853.737269,3511,222,0.007879,0.2969
29224000,1860.650501,3516,228,0.008386,0.2734
29226000,1872.122752,3529,221,0.010488,0.2656
29228000,1878.253506,3532,223,0.008970,0.3359
29230000,1869.874727,3498,242,0.008433,0.3516
29232000,1874.386611,3503,246,0.005671,0.2656
29234000,1865.377706,3503,245,0.005635,0.3281
29236000,1867.599303,3496,248,0.007064,0.2188
29238000,1883.567812,3508,222,0.007161,0.2891
29240000,1884.496251,3509,233,0.006888,0.2969
29242000,1869.339746,3502,242,0.003005,0.2734
29244000,1858.420076,3525,210,0.003938,0.3828
29246000,1863.751557,3533,217,0.002999,0.3828
29248000,1865.230034,3531,210,0.002885,0.3203
29250000,1858.296277,3551,203,0.003097,0.2891
29252000,1866.938494,3571,213,0.003310,0.2812
29254000,1873.037423,3561,201,0.003176,0.3594
29256000,1879.796545,3548,194,0.001855,0.2891
29258000,1866.027188,3546,212,0.001489,0.3516
29260000,1880.318534,3562,208,0.002511,0.2891
29262000,1865.279377,3555,226,0.000825,0.3672
29264000,1905.618283,3563,218,0.001455,0.3359
29266000,1907.335242,3536,243,0.001683,0.2891
29268000,1907.924961,3530,249,0.001846,0.3281
29270000,1906.751464,3562,222,0.002710,0.3516
29272000,1904.239095,3555,226,0.002404,0.2969
29274000,1905.313155,3538,231,0.005917,0.2812
29276000,1899.896199,3518,226,0.006923,0.2578
29278000,1908.772305,3520,227,0.005612,0.3125
29280000,1907.298510,3536,215,0.006263,0.3438
29282000,1889.074077,3541,222,0.005958,0.3203
29284000,1895.858229,3542,224,0.007811,0.2891
29286000,1902.503664,3520,224,0.010638,0.3203
29288000,1921.246446,3531,224,0.009770,0.3125
29290000,1937.458771,3556,221,0.009776,0.3359
29292000,1935.251511,3548,231,0.009250,0.2500
29294000,1928.498053,3543,222,0.008687,0.3594
29296000,1944.166259,3528,235,0.004081,0.2578
29298000,1947.670253,3531,234,0.005207,0.2891
29300000,1901.685450,3545,215,0.015792,0.3125
29302000,1897.278459,3542,206,0.015732,0.3750
29304000,1891.136972,3545,219,0.017706,0.2578
29306000,1890.639844,3532,221,0.015176,0.2344
29308000,1904.273203,3564,210,0.019729,0.2812
29310000,1915.442031,3582,210,0.020185,0.3750
29312000,1919.142510,3560,211,0.018563,0.4062
29314000,1957.891821,3546,218,0.014508,0.2969
29316000,1892.771861,3560,222,0.004361,0.2422
29318000,1890.745424,3531,224,0.002133,0.2969
29320000,1901.143867,3562,222,0.003740,0.3047
29322000,1914.199889,3565,215,0.002701,0.2891
29324000,1918.856165,3566,220,0.002359,0.2734
29326000,1902.203840,3585,204,0.004344,0.2812
29328000,1890.842629,3570,212,0.003718,0.3281
29330000,1900.015986,3557,217,0.005605,0.3438
29332000,1891.005131,3561,209,0.004553,0.2500
29334000,1900.088707,3559,218,0.003737,0.3047
29336000,1900.231943,3555,214,0.003207,0.3125
29338000,1884.862396,3562,213,0.000212,0.3125
29340000,1908.483586,3569,226,0.000184,0.3047
29342000,1906.239067,3556,231,0.000317,0.2422
29344000,1911.661443,3552,232,0.000780,0.3281
29346000,1905.160905,3544,228,0.000666,0.3281
29348000,1904.628030,3530,226,0.000650,0.3281
29350000,1903.601201,3526,215,0.001094,0.3203
29352000,1892.887589,3518,212,0.000929,0.3047
29354000,1886.727147,3527,210,0.001255,0.2969
29356000,1918.877775,3514,226,0.003281,0.3125
29358000,1922.384104,3524,229,0.001697,0.2734
29360000,1918.268085,3540,234,0.001187,0.3750
29362000,1936.476963,3563,223,0.001621,0.2188
29364000,1941.184942,3551,202,0.001811,0.2109
29366000,1936.676899,3535,233,0.001592,0.3594
29368000,1945.719420,3520,238,0.002241,0.3281
29370000,1941.491155,3539,222,0.001202,0.2734
29372000,1916.460053,3568,213,0.000812,0.3047
29374000,1934.635660,3580,203,0.002296,0.3125
29376000,1933.853134,3573,216,0.005286,0.3047
29378000,1935.245789,3546,211,0.003104,0.2422
29380000,1924.947353,3545,214,0.002872,0.3438
29382000,1927.378719,3548,221,0.005395,0.2656
29384000,1945.732618,3532,226,0.006455,0.2422
29386000,1968.796381,3536,226,0.004890,0.2969
29388000,1960.491663,3534,235,0.002783,0.2578
29390000,1971.459514,3507,241,0.004007,0.2812
29392000,1972.375143,3506,223,0.004089,0.2891
29394000,1968.189741,3525,220,0.004057,0.2969
29396000,1965.150903,3523,200,0.002620,0.2500
29398000,1944.201480,3539,205,0.001196,0.3359
29400000,1940.106398,3527,202,0.000992,0.2891
29402000,1915.089893,3533,208,0.000012,0.2969
29404000,1920.340933,3529,205,0.000128,0.3672
29406000,1916.690991,3537,209,0.000058,0.2969
29408000,1909.435701,3541,207,0.000353,0.3281
29410000,1908.892430,3546,201,0.000133,0.3281
29412000,1912.421205,3534,220,0.000142,0.3281
29414000,1934.232465,3551,209,0.000549,0.2422
29416000,1933.490343,3575,194,0.000878,0.2500
29418000,1933.207628,3545,210,0.000844,0.3359
29420000,1949.588089,3514,227,0.000526,0.2969
29422000,1952.443017,3500,220,0.001077,0.2891
29424000,1972.249957,3554,197,0.001130,0.2812
29426000,1945.944828,3549,207,0.000705,0.3281
29428000,1941.076316,3530,219,0.000461,0.3281
29430000,1937.064094,3538,211,0.000559,0.3047
29432000,1942.305434,3517,221,0.000313,0.2734
29434000,1941.470480,3479,248,0.000239,0.3047
29436000,1933.954151,3497,226,0.000102,0.2969
29438000,1924.180134,3504,223,0.000306,0.2656
29440000,1925.652460,3501,229,0.000165,0.3672
29442000,1911.338501,3504,223,0.000069,0.2188
29444000,1908.328328,3492,223,0.000070,0.3125
29446000,1917.745812,3504,221,0.000114,0.3438
29448000,1926.584639,3490,259,0.000299,0.3047
29450000,1931.089614,3483,247,0.000174,0.3438
29452000,1932.241997,3471,243,0.000311,0.3672
29454000,1923.450009,3468,242,0.001119,0.3281
29456000,1966.229650,3486,235,0.001612,0.3828
29458000,1964.144933,3490,241,0.000754,0.3281
29460000,1969.437439,3481,237,0.000573,0.1875
29462000,1969.146825,3486,242,0.000881,0.3594
29464000,1970.923015,3512,240,0.000925,0.2812
29466000,1970.246529,3532,206,0.000742,0.3047
29468000,1967.601753,3528,226,0.001094,0.2969
29470000,1970.973886,3516,216,0.000739,0.3203
29472000,1976.284437,3504,215,0.001003,0.2656
29474000,1949.602726,3513,217,0.000131,0.2656
29476000,1944.441125,3539,213,0.000135,0.3047
29478000,1949.974250,3516,229,0.004665,0.3672
29480000,1964.007036,3519,230,0.006433,0.3594
29482000,1947.481034,3539,235,0.006931,0.2812
29484000,1946.084514,3518,248,0.005152,0.3438
29486000,1937.310396,3529,251,0.003189,0.3984
29488000,1955.980044,3507,251,0.003107,0.3594
29490000,1956.788452,3517,249,0.001073,0.2578
29492000,1944.811519,3519,224,0.000760,0.3281
29494000,1972.974362,3533,233,0.003420,0.3828
29496000,1988.631910,3509,233,0.003691,0.2891
29498000,1975.409990,3539,217,0.001750,0.2969
29500000,1978.897072,3539,216,0.001628,0.3594
29502000,1984.317189,3492,226,0.002171,0.2812
29504000,1971.467586,3476,230,0.002015,0.3281
29506000,2010.201461,3493,231,0.000865,0.2344
29508000,2010.852345,3505,225,0.001379,0.3750
29510000,2006.634444,3500,228,0.001745,0.2812
29512000,1963.268623,3544,206,0.020531,0.2734
29514000,1975.566954,3545,224,0.016990,0.3047
29516000,1967.452209,3537,219,0.017366,0.3203
29518000,1978.557194,3525,232,0.018439,0.3125
29520000,1977.099157,3514,245,0.020306,0.3359
29522000,1980.932341,3531,231,0.021484,0.3281
29524000,1983.174554,3505,246,0.022275,0.2969
29526000,1984.699008,3497,248,0.022199,0.3203
29528000,1997.910101,3515,243,0.023820,0.3906
29530000,1988.997775,3494,242,0.022362,0.2891
29532000,1980.414609,3480,238,0.024966,0.2891
29534000,1989.262416,3472,251,0.023388,0.3750
29536000,1983.106267,3508,243,0.023470,0.2891
29538000,1974.355119,3538,219,0.017797,0.2500
29540000,1971.094754,3541,220,0.018355,0.2891
29542000,1981.342519,3530,218,0.016595,0.3750
29544000,1977.662857,3504,232,0.014920,0.3281
29546000,1962.004985,3493,232,0.016070,0.3359
29548000,1968.584970,3475,245,0.016859,0.3047
29550000,1979.562764,3473,235,0.015539,0.3984
29552000,1968.867796,3506,237,0.014592,0.3125
29554000,1926.036814,3501,243,0.014964,0.3203
29556000,1928.468890,3484,242,0.014497,0.3281
29558000,1917.544154,3475,254,0.014887,0.3125
29560000,1997.599950,3481,251,0.010247,0.3125
29562000,1998.550313,3483,252,0.013487,0.2812
29564000,2010.970599,3505,251,0.009623,0.2891
29566000,2008.324901,3514,235,0.007328,0.2266
29568000,2008.686929,3517,243,0.007337,0.3203
29570000,2022.984144,3533,232,0.007182,0.2422
29572000,2019.486471,3537,229,0.006333,0.2812
29574000,1995.539386,3528,233,0.011388,0.2969
29576000,2010.048264,3514,223,0.009455,0.3281
29578000,2003.457685,3522,218,0.009453,0.2969
29580000,1989.975744,3509,233,0.010056,0.3047
29582000,1996.471699,3543,220,0.009963,0.2578
29584000,1996.666595,3535,235,0.009370,0.2812
29586000,1992.575951,3550,227,0.010321,0.2578
29588000,1999.244156,3536,224,0.010138,0.3203
29590000,1984.151457,3532,231,0.011275,0.3203
29592000,1981.763334,3548,221,0.011609,0.2422
29594000,1970.075126,3585,225,0.011658,0.3828
29596000,1965.990866,3544,222,0.014386,0.2422
29598000,1966.795197,3551,211,0.013921,0.3594
29600000,1963.815730,3574,192,0.013438,0.2656
29602000,1966.456864,3581,191,0.015616,0.2578
29604000,1972.007964,3571,218,0.013238,0.3047
29606000,1982.267449,3592,205,0.013503,0.3125
29608000,2002.809959,3569,227,0.005451,0.2891
29610000,2012.764237,3545,232,0.004592,0.3984
29612000,2009.737749,3539,228,0.004895,0.3047
29614000,2009.082418,3528,226,0.004163,0.2812
29616000,2023.412044,3541,229,0.003822,0.2422
29618000,2003.533747,3523,225,0.006259,0.3125
29620000,2005.284714,3502,247,0.005727,0.3281
29622000,1998.371297,3492,253,0.007156,0.2891
29624000,1988.998219,3498,253,0.007182,0.3828
29626000,2000.440565,3498,256,0.008025,0.3125
29628000,2008.940971,3493,262,0.007264,0.3281
29630000,2013.545408,3492,245,0.005853,0.2734
29632000,2015.073286,3493,236,0.010731,0.2969
29634000,2009.200764,3495,222,0.012079,0.3203
29636000,2017.542177,3501,229,0.012288,0.3438
29638000,2021.494755,3525,245,0.010950,0.3281
29640000,2024.238280,3510,250,0.011891,0.3359
29642000,2012.273602,3512,235,0.011067,0.2188
29644000,2007.223636,3519,223,0.010547,0.2500
29646000,2001.812424,3521,213,0.011102,0.3438
29648000,1975.749420,3533,239,0.007232,0.3516
29650000,1984.868170,3541,230,0.008799,0.2656
29652000,1968.989200,3556,238,0.006894,0.2422
29654000,1978.759331,3535,233,0.004016,0.3281
29656000,1956.898010,3538,244,0.004158,0.2812
29658000,1942.650508,3563,232,0.003700,0.2578
29660000,1937.180796,3547,241,0.004055,0.1953
29662000,1940.187818,3554,230,0.004046,0.2891
29664000,1945.670501,3551,234,0.003488,0.2734
29666000,1957.365736,3525,238,0.003674,0.3984
29668000,1954.866249,3561,215,0.003474,0.3359
29670000,1947.158151,3590,204,0.003977,0.2422
29672000,1958.724869,3602,190,0.005074,0.2891
29674000,1954.807900,3585,193,0.005899,0.3438
29676000,1946.892595,3582,198,0.004594,0.2891
29678000,1953.005129,3571,201,0.003995,0.2734
29680000,1953.614628,3559,192,0.001656,0.2734
29682000,1954.515138,3564,203,0.001808,0.2109
29684000,1932.022668,3599,185,0.002474,0.3125
29686000,1935.831279,3614,201,0.001114,0.3125
29688000,1939.149328,3618,197,0.001326,0.3047
29690000,1946.456046,3616,205,0.001357,0.3047
29692000,1951.494487,3585,215,0.001300,0.2812
29694000,1944.054342,3576,210,0.001298,0.3125
29696000,1924.050660,3564,235,0.000990,0.3438
29698000,1918.192325,3544,228,0.001564,0.2891
29700000,1903.559463,3522,245,0.003463,0.2812
29702000,1933.305590,3515,241,0.001946,0.3594
29704000,1905.710302,3519,241,0.002391,0.2578
29706000,1908.494558,3514,232,0.002451,0.2969
29708000,1916.698447,3526,229,0.002157,0.4062
29710000,1919.996275,3525,231,0.002278,0.2969
29712000,1923.596819,3537,208,0.001868,0.2812
29714000,1928.245310,3541,229,0.002443,0.3125
29716000,1932.456527,3523,244,0.002754,0.2812
29718000,1933.732289,3511,236,0.002480,0.3438
29720000,1933.070992,3530,222,0.002944,0.3516
29722000,1934.057246,3531,214,0.002761,0.3047
29724000,1911.192441,3530,233,0.001064,0.2734
29726000,1903.771686,3525,230,0.001183,0.3828
29728000,1908.906728,3515,214,0.002562,0.3047
29730000,1918.823706,3512,207,0.002561,0.2812
29732000,1899.865624,3510,214,0.002452,0.2891
29734000,1902.180745,3492,233,0.001656,0.2891
29736000,1916.271025,3511,244,0.001016,0.3672
29738000,1906.444066,3531,228,0.002033,0.2422
29740000,1898.150175,3529,235,0.002706,0.2891
29742000,1932.323093,3559,217,0.003126,0.3203
29744000,1944.003086,3528,249,0.002049,0.4219
29746000,1943.614911,3529,236,0.002067,0.3672
29748000,1936.974063,3527,252,0.001806,0.3672
29750000,1939.689407,3523,246,0.001906,0.3125
29752000,1968.412583,3521,248,0.000790,0.2734
29754000,1947.800239,3543,220,0.001854,0.2969
29756000,1953.971919,3546,216,0.001055,0.2578
29758000,1932.597626,3560,218,0.001248,0.3281
29760000,1922.616238,3570,194,0.001746,0.2891
29762000,1942.967431,3562,181,0.002434,0.2266
29764000,1951.714553,3534,187,0.004178,0.2891
29766000,1969.947714,3508,206,0.007024,0.2656
29768000,1947.563208,3525,210,0.005602,0.2969
29770000,1938.934015,3522,218,0.005346,0.2656
29772000,1941.402855,3522,214,0.005140,0.3203
29774000,1939.137159,3534,214,0.005188,0.2031
29776000,1928.552837,3565,206,0.006003,0.2891
29778000,1948.007211,3543,195,0.008142,0.2734
29780000,1941.648553,3533,199,0.008640,0.3203
29782000,1920.389718,3533,194,0.008633,0.2812
29784000,1976.593686,3539,222,0.015778,0.2109
29786000,1977.123164,3545,221,0.017719,0.3047
29788000,1975.950862,3550,224,0.017341,0.2578
29790000,1979.627151,3569,220,0.016403,0.3203
29792000,1986.811405,3582,208,0.015214,0.3047
29794000,1985.002560,3580,220,0.015773,0.2891
29796000,1986.743802,3568,241,0.016079,0.3438
29798000,1983.113171,3566,220,0.018913,0.2656
29800000,2000.456496,3564,221,0.024003,0.2500
29802000,2007.913206,3541,224,0.024620,0.2656
29804000,2018.106967,3539,216,0.028564,0.2969
29806000,1992.325842,3539,198,0.027870,0.3750
29808000,1967.294951,3555,198,0.024430,0.3203
29810000,1995.059801,3587,202,0.021387,0.3047
29812000,1990.656171,3591,227,0.022853,0.3047
29814000,1984.424504,3606,220,0.023159,0.4531
29816000,1999.647671,3571,234,0.022375,0.2422
29818000,1992.133074,3584,223,0.025113,0.2969
29820000,1935.699913,3570,215,0.017514,0.2656
29822000,1925.036008,3538,234,0.016019,0.2812
29824000,1914.145314,3544,220,0.016307,0.3672
29826000,1925.517837,3541,218,0.017281,0.2734
29828000,1923.486058,3542,222,0.016750,0.2734
29830000,1926.289511,3511,220,0.013934,0.2812
29832000,1916.940840,3501,237,0.011574,0.2500
29834000,1902.656140,3467,254,0.011559,0.3047
29836000,1914.512195,3465,262,0.012200,0.3359
29838000,1908.191076,3466,258,0.014175,0.3203
29840000,1917.985092,3484,252,0.015916,0.3281
29842000,1917.908234,3495,231,0.016443,0.2734
29844000,1920.701381,3497,234,0.016363,0.3359
29846000,1919.289534,3518,214,0.016284,0.3125
29848000,1914.852357,3523,212,0.013570,0.3047
29850000,1925.776964,3542,209,0.014540,0.2578
29852000,1885.545005,3548,199,0.007178,0.2812
29854000,1897.171930,3556,203,0.006053,0.3125
29856000,1881.829383,3516,218,0.005501,0.2422
29858000,1892.965360,3526,219,0.006900,0.2578
29860000,1888.019762,3543,219,0.005614,0.3203
29862000,1894.157101,3554,226,0.004446,0.3047
29864000,1888.093322,3567,210,0.004293,0.3438
29866000,1910.626554,3555,213,0.008382,0.3203
29868000,1908.868777,3569,219,0.008251,0.3125
29870000,1907.900407,3548,239,0.008041,0.3281
29872000,1906.433200,3519,241,0.008956,0.2969
29874000,1900.713308,3529,256,0.008103,0.2656
29876000,1902.442856,3505,244,0.006568,0.2734
29878000,1910.581368,3525,222,0.006799,0.2891
29880000,1908.222706,3523,217,0.005659,0.2578
29882000,1920.821850,3521,220,0.007878,0.3047
29884000,1889.598956,3524,227,0.010466,0.2734
29886000,1883.626799,3536,212,0.010665,0.2656
29888000,1875.623580,3519,235,0.008614,0.3125
29890000,1910.174995,3516,227,0.011737,0.2734
29892000,1907.856149,3498,234,0.012219,0.3125
29894000,1917.340440,3521,224,0.012979,0.2734
29896000,1911.762640,3517,235,0.011571,0.3125
29898000,1907.584412,3538,217,0.010708,0.3359
29900000,1907.391553,3538,203,0.008659,0.2266
29902000,1905.814496,3542,211,0.008505,0.3281
29904000,1934.549384,3530,214,0.011160,0.3203
29906000,1930.714068,3535,222,0.010578,0.3359
29908000,1944.687588,3539,213,0.009422,0.3047
29910000,1931.231394,3541,214,0.009784,0.3359
29912000,1928.954303,3548,213,0.010004,0.3203
29914000,1929.360122,3551,199,0.006618,0.2734
29916000,1939.013381,3561,193,0.006071,0.2656
29918000,1939.479167,3525,223,0.005695,0.3281
29920000,1938.323229,3520,209,0.006142,0.2578
29922000,1930.195969,3517,225,0.005371,0.2891
29924000,1969.045897,3541,231,0.001545,0.3984
29926000,1957.338266,3570,212,0.001981,0.2344
29928000,1957.152367,3542,225,0.001474,0.2891
29930000,1957.324836,3543,233,0.001896,0.3203
29932000,1938.595984,3546,217,0.001156,0.3125
29934000,1922.889846,3561,213,0.003778,0.2266
29936000,1935.358880,3559,221,0.002242,0.2578
29938000,1945.112938,3550,225,0.002393,0.2891
29940000,1930.088264,3546,210,0.003030,0.2734
29942000,1979.922738,3519,216,0.000051,0.3203
29944000,1956.041434,3548,199,0.000401,0.3047
29946000,1970.939746,3550,216,0.000441,0.3281
29948000,1952.222437,3534,212,0.000269,0.2969
29950000,1930.513972,3541,213,0.000412,0.3359
29952000,1910.245764,3522,242,0.000650,0.3203
29954000,1899.741322,3545,246,0.000637,0.2500
29956000,1905.348879,3518,246,0.001088,0.3125
29958000,1906.646954,3540,227,0.001207,0.2578
29960000,1917.311436,3548,232,0.001210,0.2734
29962000,1911.412211,3590,196,0.003080,0.3203
29964000,1894.636128,3593,195,0.002885,0.3203
29966000,1903.350433,3596,191,0.003410,0.2734
29968000,1877.497108,3604,175,0.000596,0.2266
29970000,1865.437349,3585,187,0.000872,0.2656
29972000,1873.340887,3572,189,0.000287,0.2500
29974000,1867.092346,3562,217,0.000369,0.3516
29976000,1870.705608,3566,205,0.000559,0.3125
29978000,1871.979148,3549,204,0.001345,0.2891
29980000,1881.543546,3563,197,0.001739,0.2422
29982000,1875.972532,3553,221,0.001721,0.3750
29984000,1871.503395,3542,228,0.001559,0.3047
29986000,1871.314880,3596,215,0.000830,0.2969
29988000,1856.971666,3582,211,0.001191,0.2734
29990000,1871.332663,3597,203,0.000866,0.2734
29992000,1884.272319,3576,227,0.001708,0.3047
29994000,1878.488917,3600,214,0.004526,0.2969
29996000,1887.086984,3587,223,0.005728,0.2500
29998000,1860.941503,3578,214,0.006080,0.2344
30000000,1876.097634,3578,199,0.005503,0.3281
