step,rg2,perim,cycles,asph,movfrac
2000,5301.101297,3607,220,0.588679,0.3047
4000,5294.536975,3599,249,0.596909,0.2969
6000,4256.897414,3615,211,0.395464,0.3047
8000,4200.982284,3596,227,0.345812,0.2734
10000,4873.963081,3607,225,0.461743,0.2891
12000,4610.148239,3614,212,0.491380,0.2812
14000,4086.580515,3626,218,0.421433,0.3281
16000,5091.400839,3639,202,0.485470,0.3125
18000,5115.888888,3598,224,0.456258,0.3359
20000,5905.164456,3607,226,0.588306,0.3594
22000,5913.884170,3567,249,0.589014,0.3047
24000,5903.541276,3553,251,0.625581,0.2344
26000,5861.060004,3587,236,0.623788,0.2734
28000,5706.986171,3583,226,0.627971,0.2656
30000,5719.566825,3600,205,0.635353,0.3047
32000,5665.455797,3589,222,0.632731,0.2578
34000,5573.796559,3584,247,0.626910,0.2969
36000,5773.511397,3603,228,0.602926,0.2500
38000,5609.770809,3609,231,0.572649,0.2734
40000,5750.582008,3615,213,0.534974,0.2969
42000,4231.498964,3604,228,0.357370,0.3359
44000,4568.551898,3617,197,0.213571,0.3281
46000,3639.587376,3595,193,0.080791,0.2266
48000,3786.300073,3595,200,0.129571,0.2656
50000,3753.842509,3597,192,0.050884,0.2344
52000,6254.543799,3595,200,0.443002,0.2578
54000,4505.877340,3617,195,0.244850,0.3438
56000,4462.494274,3636,200,0.246796,0.2500
58000,4424.542164,3635,187,0.329028,0.2031
60000,3710.728175,3619,201,0.340173,0.2812
62000,3263.079905,3632,205,0.329894,0.2812
64000,3227.442931,3635,209,0.321390,0.2656
66000,3097.017322,3630,204,0.236674,0.2891
68000,3120.573796,3663,206,0.238149,0.3672
70000,3187.756222,3662,194,0.259909,0.2969
72000,3181.692273,3661,196,0.251426,0.3125
74000,3184.620797,3658,212,0.252710,0.3125
76000,3141.916762,3665,201,0.239799,0.2891
78000,3127.280141,3661,191,0.231132,0.3047
80000,3800.336796,3643,196,0.193389,0.2969
82000,4080.519229,3627,213,0.239255,0.2734
84000,3558.993933,3634,214,0.171169,0.1875
86000,3525.942216,3610,210,0.159604,0.2266
88000,3501.585311,3606,200,0.161597,0.2812
90000,3466.610594,3617,206,0.164368,0.2812
92000,3498.791821,3585,205,0.163857,0.2812
94000,3502.292851,3587,198,0.168278,0.3047
96000,3474.348410,3557,216,0.174465,0.2891
98000,2868.736033,3554,211,0.032158,0.3203
100000,2884.157235,3549,210,0.032046,0.3672
102000,2882.595817,3595,203,0.036881,0.2422
104000,3039.784538,3569,210,0.047373,0.2188
106000,3012.586144,3561,221,0.049791,0.2891
108000,2979.587633,3570,223,0.016582,0.3438
110000,2886.844573,3558,227,0.025566,0.2656
112000,3140.660753,3564,228,0.113810,0.3125
114000,3201.824649,3574,214,0.117645,0.2969
116000,3240.576201,3587,206,0.111822,0.2578
118000,3302.212948,3601,181,0.094807,0.2344
120000,3297.405588,3622,184,0.086751,0.2422
122000,3282.464166,3601,210,0.086184,0.2109
124000,3289.717086,3614,210,0.088372,0.2344
126000,3209.249806,3604,212,0.095362,0.3750
128000,3209.522184,3572,238,0.091810,0.2812
130000,3181.916335,3576,223,0.075612,0.3281
132000,3193.062419,3569,234,0.072739,0.2734
134000,3240.636741,3585,233,0.085033,0.3203
136000,3191.329027,3587,214,0.110929,0.2734
138000,3147.582127,3581,224,0.105425,0.3438
140000,3487.142346,3602,206,0.168002,0.3125
142000,3444.907567,3592,199,0.172813,0.2734
144000,3458.302187,3589,204,0.174521,0.2422
146000,3756.198443,3572,216,0.301151,0.3047
148000,3709.994649,3549,237,0.319795,0.3672
150000,3700.424544,3542,223,0.328986,0.2969
152000,4127.156713,3568,196,0.455980,0.2734
154000,4081.386784,3555,223,0.449701,0.3125
156000,4213.150314,3552,224,0.419130,0.2656
158000,5098.884710,3541,213,0.563031,0.2266
160000,4903.015961,3546,206,0.421105,0.3594
162000,4890.132078,3566,209,0.418857,0.3203
164000,4785.100937,3580,206,0.414186,0.3047
166000,4830.351760,3582,219,0.410937,0.2266
168000,4832.115805,3572,234,0.415388,0.3516
170000,4757.996200,3571,237,0.420153,0.2422
172000,3777.390455,3583,209,0.297603,0.3359
174000,3659.170035,3601,204,0.295458,0.2891
176000,3710.836358,3616,201,0.285630,0.2578
178000,3715.336061,3613,208,0.293936,0.3203
180000,3750.044198,3611,200,0.295577,0.2500
182000,3767.145056,3579,230,0.286545,0.3438
184000,3751.250887,3584,216,0.247290,0.3125
186000,3711.622798,3562,221,0.247782,0.3672
188000,3735.123004,3574,230,0.216945,0.3203
190000,3728.708411,3581,218,0.216840,0.3594
192000,3694.410439,3572,226,0.211811,0.2812
194000,3748.753227,3563,227,0.216389,0.2734
196000,6418.086138,3557,230,0.500330,0.2578
198000,6384.766353,3558,222,0.496911,0.3906
200000,6367.692013,3578,214,0.493705,0.3047
202000,6116.106510,3531,238,0.544397,0.3438
204000,6060.550744,3547,241,0.542516,0.2422
206000,3861.346528,3571,223,0.205192,0.2578
208000,4291.191477,3575,214,0.331517,0.2812
210000,4074.011770,3559,231,0.364587,0.2891
212000,3498.160806,3573,227,0.129838,0.2578
214000,5106.343206,3565,245,0.603616,0.3047
216000,5115.160084,3547,239,0.605290,0.3047
218000,5205.113442,3559,218,0.612261,0.2891
220000,5090.157979,3573,226,0.615300,0.2422
222000,5205.513288,3573,217,0.624770,0.3125
224000,5246.141041,3562,216,0.616819,0.2344
226000,5588.722041,3584,218,0.739647,0.3047
228000,5568.078546,3592,225,0.745645,0.2422
230000,5504.116034,3602,224,0.741106,0.2266
232000,5561.145463,3586,232,0.744936,0.3750
234000,5348.799219,3584,229,0.729032,0.2891
236000,5757.907795,3579,245,0.632524,0.3359
238000,5665.650197,3567,237,0.560077,0.2344
240000,5719.502562,3571,232,0.563271,0.3047
242000,4557.673006,3563,229,0.428704,0.2734
244000,4130.061016,3559,226,0.213559,0.3203
246000,4163.308300,3571,219,0.212183,0.3828
248000,4696.044292,3580,211,0.482501,0.2891
250000,5721.354875,3592,205,0.568925,0.3203
252000,5680.172055,3580,208,0.564149,0.3047
254000,4051.402193,3599,216,0.527247,0.2656
256000,4852.026980,3605,225,0.562828,0.2578
258000,5603.283746,3580,239,0.519560,0.2734
260000,4774.969224,3613,223,0.466821,0.2812
262000,4309.397719,3620,189,0.072405,0.2891
264000,4315.182170,3621,204,0.054192,0.2656
266000,4314.586620,3618,197,0.055031,0.2031
268000,6557.074856,3586,220,0.569959,0.2266
270000,6198.061037,3578,227,0.574109,0.3203
272000,5132.076073,3581,223,0.524412,0.2891
274000,5151.169379,3553,234,0.523794,0.3203
276000,4522.215850,3561,244,0.371874,0.3203
278000,5104.229873,3557,241,0.531186,0.3672
280000,5043.625674,3572,218,0.526156,0.2969
282000,4764.883876,3569,220,0.473480,0.2734
284000,4527.923083,3583,227,0.423474,0.2578
286000,4530.274565,3583,240,0.414276,0.2344
288000,4524.449615,3537,248,0.410693,0.3594
290000,4530.337834,3534,239,0.397544,0.3203
292000,4521.799984,3538,234,0.399835,0.3125
294000,4555.634811,3558,236,0.400449,0.3125
296000,4226.821996,3548,232,0.412441,0.2500
298000,4182.176898,3547,231,0.401949,0.3125
300000,4400.278824,3562,218,0.420627,0.3047
302000,4406.337578,3547,213,0.417783,0.2891
304000,4169.485485,3554,240,0.376965,0.3203
306000,4140.148747,3555,230,0.352081,0.3203
308000,4122.563146,3541,241,0.343581,0.3203
310000,3546.918451,3555,233,0.247262,0.2891
312000,3658.123657,3568,254,0.196922,0.2734
314000,3643.172520,3586,238,0.241539,0.3438
316000,3754.128779,3584,233,0.287633,0.2188
318000,3901.016621,3609,222,0.294422,0.2891
320000,3899.536507,3644,205,0.266061,0.2656
322000,4091.958953,3619,213,0.433192,0.2656
324000,4130.147310,3603,225,0.303640,0.3047
326000,4141.996819,3637,204,0.294308,0.2656
328000,4031.115138,3602,206,0.278091,0.2734
330000,3653.806562,3607,215,0.158118,0.2969
332000,3928.853054,3628,202,0.112713,0.3516
334000,4035.587260,3600,209,0.088116,0.2891
336000,4511.920018,3617,214,0.304283,0.2109
338000,4528.587383,3604,215,0.313690,0.3438
340000,4537.673077,3588,217,0.318969,0.2344
342000,4660.192658,3586,204,0.333813,0.2812
344000,4501.598779,3581,206,0.355174,0.2812
346000,3835.081533,3550,215,0.054810,0.3672
348000,5041.735513,3584,219,0.460215,0.3984
350000,4913.652244,3579,214,0.471251,0.2344
352000,4833.131399,3548,269,0.477088,0.3047
354000,4648.747669,3560,243,0.248497,0.3203
356000,4898.578013,3565,204,0.367267,0.3203
358000,4834.704354,3543,222,0.363722,0.3750
360000,3478.783812,3543,232,0.007906,0.2734
362000,3467.073808,3536,246,0.006225,0.3125
364000,3551.456826,3546,234,0.003902,0.3125
366000,4233.025117,3558,224,0.066040,0.3828
368000,4287.951479,3528,231,0.061752,0.3203
370000,7391.905365,3553,224,0.498242,0.3047
372000,5993.852894,3581,209,0.409665,0.2500
374000,6644.187117,3581,203,0.638953,0.2109
376000,8104.861983,3604,218,0.707627,0.3438
378000,8169.830108,3610,219,0.712517,0.2734
380000,8329.642065,3604,207,0.738277,0.2578
382000,8028.558939,3596,213,0.742706,0.3359
384000,8111.469929,3583,216,0.644784,0.2969
386000,7250.099431,3585,223,0.530566,0.3359
388000,6756.007283,3551,229,0.584913,0.3516
390000,6762.347169,3554,203,0.585866,0.2578
392000,6010.265404,3545,224,0.711314,0.3359
394000,5731.526399,3564,221,0.430958,0.2891
396000,5738.331579,3551,224,0.436652,0.3516
398000,5507.265678,3548,226,0.299999,0.3281
400000,5779.668069,3566,216,0.406076,0.3359
402000,6991.863698,3559,216,0.524893,0.2969
404000,6867.970980,3583,219,0.530973,0.2422
406000,6555.425932,3592,207,0.490848,0.3125
408000,7106.900317,3549,222,0.559954,0.2656
410000,7074.205322,3537,227,0.394627,0.2344
412000,6967.023643,3546,222,0.380212,0.3203
414000,6824.724606,3561,209,0.394185,0.2812
416000,6772.289376,3578,204,0.286673,0.2266
418000,6574.249064,3571,199,0.361822,0.2734
420000,6573.254139,3603,196,0.342924,0.3047
422000,6288.649407,3612,213,0.322161,0.2109
424000,6528.264849,3593,212,0.330709,0.3203
426000,6529.610396,3579,209,0.314240,0.2109
428000,6462.487397,3569,200,0.314443,0.2500
430000,5893.398059,3564,202,0.191284,0.3516
432000,6239.185573,3554,223,0.334608,0.3906
434000,7232.527797,3569,214,0.778276,0.2578
436000,6892.741737,3546,231,0.694548,0.3281
438000,7165.440039,3569,212,0.805425,0.3359
440000,6676.049645,3556,230,0.792519,0.2969
442000,6402.694541,3534,243,0.695354,0.2891
444000,5390.192855,3565,213,0.547892,0.2578
446000,6340.096299,3547,213,0.776488,0.3125
448000,6309.983584,3577,214,0.703232,0.2188
450000,6062.823408,3619,187,0.615745,0.3438
452000,5404.114234,3610,198,0.636957,0.2891
454000,5712.117395,3596,210,0.611010,0.2969
456000,5995.551290,3579,218,0.691602,0.3359
458000,6803.202153,3538,233,0.775887,0.3750
460000,6967.552092,3515,231,0.748799,0.2891
462000,6890.346382,3534,207,0.758026,0.2656
464000,6512.268327,3550,223,0.702886,0.2422
466000,6285.972673,3554,203,0.656729,0.3281
468000,6554.653642,3561,215,0.698766,0.3203
470000,6568.950353,3593,214,0.696255,0.3359
472000,6610.501493,3598,219,0.700641,0.3047
474000,6712.546251,3571,239,0.497413,0.3438
476000,6767.164195,3570,232,0.501248,0.3125
478000,7379.818829,3595,210,0.682516,0.2812
480000,7282.049759,3586,218,0.724658,0.3281
482000,8109.272399,3564,229,0.761472,0.2734
484000,4757.645259,3566,218,0.112214,0.3438
486000,4764.232097,3550,232,0.112785,0.2969
488000,5587.166284,3586,233,0.373889,0.3047
490000,5654.984457,3592,221,0.362212,0.2188
492000,5668.443416,3557,235,0.365711,0.3125
494000,4257.333613,3553,214,0.195066,0.3516
496000,3680.024556,3539,230,0.050683,0.3359
498000,4756.357294,3560,227,0.336321,0.2656
500000,4990.023156,3564,238,0.400760,0.2891
502000,7084.916928,3584,225,0.676663,0.3594
504000,8044.983251,3594,230,0.816595,0.2734
506000,7933.939664,3572,229,0.816428,0.2578
508000,7422.394430,3577,224,0.228481,0.2891
510000,6851.059536,3615,221,0.460857,0.3359
512000,6769.361573,3621,210,0.350888,0.2656
514000,8181.895111,3600,204,0.802839,0.3047
516000,8635.220509,3614,208,0.735424,0.2656
518000,6207.844007,3617,225,0.200341,0.3438
520000,5412.947877,3622,201,0.181014,0.3047
522000,6515.457621,3621,207,0.507238,0.2734
524000,5831.978098,3629,199,0.318938,0.2500
526000,6159.937524,3626,199,0.248813,0.3047
528000,6307.720973,3603,207,0.258323,0.3281
530000,6371.989753,3615,199,0.250524,0.2656
532000,6612.649518,3644,202,0.207743,0.3125
534000,6092.666461,3641,185,0.499786,0.2344
536000,6087.334980,3616,212,0.500680,0.2891
538000,5943.679306,3607,201,0.509596,0.3047
540000,5880.759985,3589,210,0.506594,0.2812
542000,4104.665672,3615,207,0.236715,0.3359
544000,4076.320687,3615,220,0.267882,0.2734
546000,5254.505933,3585,218,0.594690,0.3203
548000,4875.170731,3558,228,0.315078,0.2578
550000,4457.598461,3551,231,0.312809,0.2578
552000,5947.702103,3526,261,0.352714,0.3281
554000,5775.130217,3548,241,0.401838,0.3047
556000,5845.813670,3570,217,0.371991,0.2812
558000,6058.965390,3564,210,0.315044,0.2969
560000,6113.165039,3574,202,0.173183,0.2656
562000,5613.152031,3579,196,0.158522,0.2891
564000,5862.280324,3566,216,0.169231,0.3359
566000,6695.342594,3572,222,0.341830,0.2266
568000,6586.903751,3597,203,0.372025,0.2891
570000,6777.730667,3583,215,0.305279,0.3281
572000,6734.588815,3572,234,0.299469,0.2812
574000,6981.636317,3597,231,0.331253,0.3047
576000,4973.639284,3603,236,0.205879,0.2969
578000,4730.895111,3616,211,0.148563,0.2422
580000,4364.185719,3636,202,0.205718,0.2812
582000,5365.268065,3651,221,0.372568,0.2188
584000,4792.375972,3666,203,0.261529,0.2188
586000,3452.655898,3646,218,0.050839,0.2578
588000,3397.299039,3657,207,0.044446,0.3281
590000,3397.364587,3651,220,0.060085,0.2734
592000,3409.451421,3636,207,0.075221,0.2891
594000,3348.246884,3640,223,0.086167,0.2656
596000,3686.564210,3672,199,0.014899,0.3359
598000,4314.181111,3650,209,0.207767,0.2812
600000,4285.033396,3656,223,0.036297,0.1953
602000,4252.667992,3644,205,0.046137,0.3047
604000,4544.291755,3630,217,0.013823,0.3125
606000,4036.121019,3660,194,0.065591,0.2578
608000,3812.549678,3642,183,0.152756,0.2734
610000,4573.440060,3650,195,0.017758,0.3516
612000,5154.961221,3634,209,0.084986,0.3125
614000,4387.533821,3611,209,0.269727,0.2734
616000,3381.940803,3591,228,0.160711,0.2734
618000,4281.131118,3601,216,0.384821,0.3594
620000,4300.327085,3591,230,0.326860,0.3047
622000,4166.249111,3609,219,0.112634,0.3125
624000,4159.484073,3596,210,0.124948,0.2812
626000,4170.853393,3619,209,0.118953,0.2656
628000,4162.376883,3588,230,0.114077,0.3125
630000,4161.459168,3589,223,0.166135,0.3359
632000,4521.739370,3574,228,0.168868,0.2266
634000,4529.384885,3588,220,0.168131,0.2891
636000,4775.162295,3576,232,0.199182,0.3047
638000,4128.371802,3557,242,0.137195,0.3672
640000,4154.840212,3555,230,0.121538,0.3438
642000,4222.893786,3582,221,0.274570,0.2500
644000,4233.129331,3554,230,0.282631,0.2969
646000,4801.520874,3554,215,0.371873,0.2969
648000,3531.939187,3557,217,0.419443,0.2578
650000,3521.737776,3580,199,0.420109,0.3047
652000,4299.428835,3587,199,0.465412,0.2734
654000,4541.999628,3611,187,0.208340,0.4141
656000,4371.505667,3619,190,0.188551,0.2969
658000,5214.784964,3619,191,0.311712,0.3594
660000,5169.902564,3624,203,0.300378,0.3906
662000,4936.653904,3618,212,0.298524,0.3438
664000,3513.383772,3617,212,0.028171,0.2344
666000,3531.044878,3615,207,0.027315,0.3281
668000,3540.791504,3601,225,0.024583,0.2578
670000,3396.345269,3628,205,0.093885,0.2891
672000,3439.670375,3647,192,0.080831,0.2500
674000,4271.789881,3608,205,0.325710,0.3047
676000,4321.384421,3611,193,0.413007,0.2812
678000,4266.216887,3583,204,0.417607,0.2500
680000,4232.138189,3588,202,0.303911,0.3125
682000,4220.758592,3577,223,0.300194,0.3281
684000,4161.347824,3588,208,0.103991,0.2500
686000,3285.191109,3607,205,0.076030,0.2812
688000,3280.070322,3602,196,0.073426,0.2656
690000,3587.892629,3595,211,0.112985,0.3750
692000,4621.373795,3584,227,0.228419,0.2812
694000,4586.960202,3593,234,0.042115,0.2891
696000,4624.726485,3602,228,0.044370,0.3359
698000,4716.073013,3613,221,0.054377,0.2969
700000,4932.019957,3589,233,0.145694,0.3125
702000,4925.196830,3586,233,0.132545,0.2734
704000,5183.023215,3601,229,0.296947,0.2656
706000,4380.356078,3617,225,0.350797,0.3359
708000,4508.240619,3614,215,0.341804,0.2812
710000,4494.938570,3634,192,0.340336,0.2266
712000,4476.287397,3613,207,0.370323,0.3047
714000,4511.680658,3590,201,0.358659,0.3047
716000,4541.213691,3597,201,0.372942,0.2656
718000,4416.347528,3569,223,0.423702,0.1953
720000,5833.118318,3536,221,0.385404,0.2969
722000,5804.779302,3520,231,0.373185,0.3203
724000,3766.656489,3546,225,0.131464,0.2578
726000,3795.703224,3543,235,0.209474,0.3203
728000,3764.379569,3571,205,0.147141,0.3125
730000,6370.284764,3589,199,0.603421,0.2188
732000,6531.029450,3575,198,0.609004,0.3516
734000,6735.589661,3573,205,0.594059,0.1953
736000,6218.195291,3549,220,0.491367,0.2578
738000,5958.334896,3570,223,0.538174,0.3203
740000,6089.187704,3603,208,0.687635,0.3359
742000,4705.745836,3589,199,0.398671,0.3125
744000,4706.047608,3559,229,0.398087,0.3359
746000,4123.529971,3578,229,0.243365,0.2734
748000,4702.284170,3556,219,0.349706,0.2734
750000,4437.059871,3560,239,0.321900,0.2656
752000,5605.231286,3562,231,0.547888,0.3125
754000,5643.963516,3568,206,0.551375,0.2812
756000,4545.834886,3555,222,0.024738,0.2031
758000,4797.011820,3567,217,0.087621,0.2891
760000,4904.731020,3577,210,0.068072,0.2891
762000,5052.881852,3547,225,0.062577,0.2266
764000,4901.337011,3558,225,0.322003,0.2812
766000,5757.564539,3566,221,0.486686,0.3203
768000,5231.150474,3568,235,0.221053,0.3203
770000,5545.252181,3579,220,0.289726,0.3984
772000,5585.590511,3564,230,0.281463,0.3125
774000,5713.760266,3591,214,0.371893,0.2891
776000,6028.005037,3583,210,0.512420,0.2812
778000,5306.290712,3577,220,0.480783,0.2500
780000,5266.576621,3581,214,0.479510,0.3125
782000,5030.774588,3563,225,0.470913,0.2891
784000,5092.225666,3572,222,0.466452,0.2500
786000,5085.140213,3590,197,0.457619,0.2891
788000,5171.564409,3599,190,0.473253,0.2656
790000,5268.095119,3587,215,0.508327,0.3047
792000,5132.689454,3591,208,0.370259,0.2812
794000,5015.850619,3585,200,0.545305,0.2891
796000,5191.236598,3612,192,0.565410,0.3125
798000,5136.101474,3580,201,0.548854,0.3203
800000,4711.451832,3541,224,0.320566,0.2578
802000,3910.187684,3557,227,0.050867,0.2734
804000,4058.585308,3583,211,0.039041,0.3438
806000,5010.811215,3595,210,0.472907,0.3281
808000,4906.080835,3595,223,0.462894,0.2969
810000,4943.556794,3629,213,0.459635,0.2969
812000,4973.517376,3602,230,0.462269,0.2969
814000,5512.479994,3615,212,0.254141,0.2734
816000,6265.496170,3615,201,0.684887,0.2422
818000,6436.357000,3631,205,0.703454,0.3438
820000,6444.923113,3626,194,0.707155,0.3203
822000,6341.207426,3633,193,0.667507,0.2734
824000,6322.923548,3627,186,0.694142,0.3125
826000,6546.013202,3635,199,0.648461,0.2266
828000,7306.675031,3632,193,0.669678,0.2969
830000,7282.699392,3617,198,0.667255,0.4375
832000,7433.387693,3598,218,0.737692,0.3828
834000,4231.071648,3619,201,0.131897,0.3281
836000,4276.894396,3606,205,0.131204,0.2969
838000,6540.550197,3636,211,0.684633,0.2734
840000,6555.264694,3632,199,0.698142,0.3047
842000,6159.155746,3595,197,0.701077,0.3203
844000,5495.251232,3581,214,0.530159,0.3594
846000,5533.612217,3581,214,0.520499,0.2891
848000,5438.471222,3614,200,0.498754,0.2656
850000,5604.922609,3593,211,0.658151,0.2656
852000,5359.164204,3575,227,0.652367,0.2812
854000,5090.641764,3570,233,0.531739,0.3047
856000,5065.604196,3580,221,0.505274,0.2031
858000,3483.140913,3587,209,0.387286,0.3672
860000,3689.116728,3577,215,0.414159,0.3281
862000,3569.186307,3577,218,0.364374,0.3125
864000,3603.782862,3530,230,0.358850,0.3906
866000,3387.067861,3520,244,0.419921,0.3359
868000,3428.263547,3548,236,0.389927,0.3359
870000,4116.703197,3576,241,0.490466,0.2734
872000,4305.680097,3604,222,0.113029,0.2969
874000,4317.914356,3595,218,0.115281,0.2578
876000,5899.074186,3564,223,0.629403,0.3203
878000,5730.853975,3561,226,0.412255,0.3281
880000,5743.790260,3580,226,0.404594,0.2734
882000,5528.099100,3600,220,0.558824,0.3203
884000,5529.347618,3592,218,0.568563,0.3125
886000,5260.718739,3594,215,0.633745,0.3359
888000,3475.644497,3588,200,0.087599,0.2891
890000,3551.635724,3583,197,0.079539,0.3047
892000,3543.042298,3589,215,0.078918,0.2188
894000,3626.444994,3570,213,0.091630,0.3203
896000,3603.747531,3584,208,0.094398,0.2500
898000,3652.629091,3588,207,0.083005,0.3672
900000,3636.564469,3567,206,0.081026,0.3047
902000,3890.717519,3558,205,0.141521,0.2578
904000,3890.853313,3571,212,0.155263,0.3281
906000,3897.784446,3553,205,0.226596,0.3047
908000,3999.156738,3556,210,0.212812,0.3828
910000,5787.636281,3576,212,0.560774,0.2891
912000,5829.552899,3563,208,0.562877,0.3281
914000,5467.713288,3560,222,0.525252,0.3750
916000,6618.455204,3573,217,0.732613,0.3750
918000,6600.026594,3569,222,0.741915,0.2500
920000,6070.764399,3599,231,0.718791,0.3047
922000,6175.249579,3590,217,0.692964,0.3438
924000,5435.660866,3583,212,0.585279,0.3203
926000,5604.931162,3598,204,0.628648,0.3281
928000,5772.666638,3613,191,0.700421,0.2891
930000,5930.036648,3617,208,0.657410,0.3750
932000,6572.450239,3596,217,0.776095,0.2422
934000,6217.138085,3611,215,0.740442,0.2812
936000,4540.516952,3634,202,0.330495,0.2266
938000,4537.076946,3650,190,0.320886,0.3203
940000,7290.629463,3635,187,0.766984,0.3047
942000,6493.870475,3615,207,0.577176,0.2422
944000,6464.452285,3630,203,0.572925,0.3047
946000,6867.224495,3647,190,0.645716,0.3594
948000,4812.691647,3630,190,0.303423,0.2344
950000,4941.064657,3615,183,0.268488,0.2578
952000,5067.821164,3620,185,0.313055,0.2266
954000,4462.189941,3617,194,0.287847,0.2656
956000,4467.686971,3613,202,0.292623,0.2812
958000,4497.082975,3589,211,0.298734,0.2266
960000,4649.228763,3604,213,0.265783,0.3281
962000,4443.342456,3595,225,0.251338,0.3359
964000,4521.637051,3583,226,0.262162,0.2422
966000,4384.910993,3583,225,0.280989,0.2969
968000,4170.192966,3570,223,0.291061,0.2734
970000,4412.913186,3574,233,0.062196,0.3906
972000,4336.124522,3569,228,0.059028,0.2812
974000,4160.722010,3556,225,0.023515,0.1875
976000,4189.971170,3574,210,0.020768,0.2500
978000,4862.030776,3570,223,0.064945,0.3359
980000,4808.386733,3563,225,0.104294,0.3438
982000,4905.868594,3565,220,0.112154,0.2422
984000,4041.141923,3555,220,0.002376,0.3125
986000,7141.599243,3523,243,0.656017,0.3047
988000,7284.089367,3535,227,0.636271,0.2344
990000,7351.372383,3548,228,0.578195,0.3281
992000,6650.566918,3562,232,0.491362,0.3047
994000,6671.221546,3553,230,0.497407,0.2500
996000,6003.661652,3584,217,0.663922,0.2188
998000,5892.288024,3564,234,0.607237,0.3359
1000000,5912.143496,3531,234,0.604823,0.2969
1002000,4001.953013,3551,247,0.169214,0.2656
1004000,3944.164988,3562,252,0.166457,0.2891
1006000,3926.157412,3529,254,0.168195,0.3359
1008000,5299.611176,3539,240,0.424101,0.3125
1010000,5551.265503,3547,221,0.538960,0.2734
1012000,5747.105997,3560,216,0.531569,0.3438
1014000,5580.965611,3567,223,0.514793,0.3125
1016000,5325.912296,3581,205,0.465034,0.2578
1018000,4785.036806,3606,213,0.392473,0.3047
1020000,4960.645030,3588,212,0.412380,0.3359
1022000,5096.755701,3608,211,0.434168,0.2578
1024000,5233.384644,3606,227,0.448910,0.3125
1026000,7069.383502,3611,215,0.613091,0.2656
1028000,4463.648501,3627,202,0.113382,0.2656
1030000,5015.060714,3606,212,0.446812,0.2969
1032000,5044.406634,3596,235,0.446076,0.2578
1034000,3568.373538,3577,247,0.172415,0.2578
1036000,3595.251755,3567,256,0.163546,0.2500
1038000,3555.988729,3585,256,0.183171,0.3203
1040000,3567.807617,3592,246,0.188059,0.2734
1042000,3840.301342,3615,230,0.280988,0.2812
1044000,3821.046023,3609,216,0.300822,0.2422
1046000,3783.110854,3604,208,0.293758,0.2266
1048000,3735.966816,3608,203,0.282185,0.3047
1050000,4658.778661,3568,228,0.488527,0.3125
1052000,4826.693697,3612,215,0.499662,0.2422
1054000,4855.002869,3603,229,0.490473,0.3125
1056000,4966.867674,3621,221,0.498406,0.3438
1058000,5020.461350,3638,221,0.500236,0.3047
1060000,5100.143880,3640,210,0.515998,0.2578
1062000,4752.836046,3618,198,0.323627,0.2891
1064000,4403.238304,3602,214,0.277980,0.3516
1066000,4477.077965,3584,241,0.203363,0.3281
1068000,4674.502479,3588,236,0.145794,0.2734
1070000,4997.978611,3563,238,0.289410,0.3281
1072000,4856.486499,3579,221,0.242326,0.2578
1074000,4691.459133,3584,214,0.376149,0.2656
1076000,4371.741747,3608,214,0.210550,0.2109
1078000,4536.225221,3602,223,0.157953,0.3594
1080000,4344.092003,3614,205,0.202973,0.3203
1082000,4285.863351,3594,216,0.177049,0.3516
1084000,4357.094146,3610,207,0.144655,0.3125
1086000,3938.591807,3625,191,0.167568,0.3047
1088000,4316.748431,3660,190,0.037288,0.2891
1090000,4301.361514,3657,191,0.038067,0.3047
1092000,4102.608212,3632,209,0.075588,0.2734
1094000,4301.106180,3629,219,0.088278,0.2656
1096000,4340.062551,3627,213,0.089700,0.2812
1098000,3556.474236,3600,226,0.049779,0.3047
1100000,3557.045607,3589,229,0.048406,0.3125
1102000,3522.673696,3568,217,0.041465,0.3047
1104000,3489.876237,3560,218,0.037637,0.2734
1106000,3490.731157,3572,228,0.046931,0.2812
1108000,3233.634272,3568,227,0.003010,0.3750
1110000,3551.981577,3574,228,0.060461,0.3203
1112000,3589.724385,3579,219,0.058380,0.2344
1114000,4244.493079,3604,213,0.311506,0.3359
1116000,4271.143704,3592,218,0.316427,0.2500
1118000,3278.006698,3571,241,0.113238,0.3281
1120000,3508.711309,3584,217,0.122298,0.2578
1122000,3781.622104,3603,220,0.167772,0.2266
1124000,3767.216087,3597,208,0.113822,0.3047
1126000,3565.127960,3615,202,0.159213,0.3438
1128000,4112.372378,3623,204,0.215931,0.3359
1130000,4106.692330,3592,210,0.217013,0.2344
1132000,3946.857495,3588,215,0.098088,0.3359
1134000,4167.042031,3609,211,0.193967,0.2578
1136000,4175.432441,3592,213,0.186984,0.2578
1138000,4255.179699,3629,207,0.323949,0.3359
1140000,4288.982074,3622,223,0.291778,0.2656
1142000,4245.035635,3594,231,0.277429,0.2891
1144000,3795.050918,3575,237,0.111899,0.3281
1146000,4117.380737,3572,238,0.244518,0.3906
1148000,3780.105359,3567,216,0.116137,0.2969
1150000,3708.775297,3576,219,0.126777,0.3438
1152000,3788.759551,3580,201,0.141571,0.3203
1154000,3980.285238,3572,217,0.204568,0.3203
1156000,4607.672186,3570,219,0.441886,0.2812
1158000,4707.298616,3556,216,0.488970,0.3125
1160000,4779.270318,3570,215,0.467247,0.2969
1162000,4741.745931,3577,197,0.467763,0.2891
1164000,4822.355328,3590,185,0.471514,0.3047
1166000,4759.903850,3595,186,0.462859,0.2891
1168000,4711.663855,3605,178,0.353929,0.3047
1170000,4683.822195,3592,196,0.355567,0.2969
1172000,4657.954591,3602,208,0.482208,0.2344
1174000,4598.945820,3588,213,0.422308,0.2734
1176000,3710.334750,3565,211,0.184868,0.2891
1178000,3941.520364,3569,221,0.387191,0.3281
1180000,3976.074331,3585,234,0.397477,0.2656
1182000,4028.027458,3576,224,0.410468,0.3281
1184000,4743.948282,3594,211,0.293973,0.2500
1186000,5963.439932,3614,209,0.552103,0.2344
1188000,5923.282122,3613,214,0.548835,0.2969
1190000,3910.056410,3621,214,0.001351,0.3672
1192000,3946.515541,3600,227,0.006265,0.2969
1194000,3926.328932,3593,213,0.188702,0.2969
1196000,3950.349084,3597,210,0.238229,0.3359
1198000,3913.118144,3558,216,0.231679,0.2422
1200000,3903.344427,3581,224,0.233748,0.2422
1202000,4409.875709,3584,214,0.513060,0.3125
1204000,4354.379694,3604,214,0.506838,0.2656
1206000,4788.825327,3604,220,0.459891,0.3047
1208000,4769.256178,3604,212,0.418322,0.2812
1210000,5496.689031,3607,214,0.353218,0.2891
1212000,5505.607665,3575,222,0.362890,0.3281
1214000,5258.050040,3599,218,0.371031,0.3125
1216000,5344.175557,3605,202,0.434953,0.2422
1218000,3439.925098,3603,199,0.131889,0.3359
1220000,3824.595865,3600,215,0.067026,0.2812
1222000,4057.119706,3607,223,0.046870,0.2734
1224000,4051.988927,3620,214,0.035205,0.3125
1226000,3894.928656,3645,218,0.061535,0.2578
1228000,4442.385582,3641,222,0.220516,0.2891
1230000,4418.865732,3646,216,0.227130,0.3125
1232000,4382.747625,3681,204,0.225222,0.2734
1234000,4606.715812,3660,200,0.268156,0.2891
1236000,4600.983465,3667,189,0.271421,0.2891
1238000,4601.030370,3646,190,0.306739,0.2812
1240000,4697.210506,3639,197,0.219594,0.2500
1242000,4781.830095,3639,199,0.481107,0.3359
1244000,5163.750190,3670,205,0.610728,0.2188
1246000,5320.683425,3623,221,0.429244,0.3594
1248000,5030.077535,3645,221,0.396596,0.2891
1250000,4502.176376,3630,242,0.350585,0.2422
1252000,4712.321926,3613,228,0.316751,0.2500
1254000,6920.868460,3599,219,0.442636,0.2422
1256000,7161.380745,3602,209,0.594110,0.3281
1258000,7041.701473,3603,214,0.712025,0.3359
1260000,7066.277356,3610,191,0.704357,0.2578
1262000,7365.404326,3623,184,0.709269,0.2266
1264000,6077.273622,3592,205,0.517745,0.2812
1266000,6012.154346,3587,201,0.503406,0.2734
1268000,4404.787082,3623,182,0.044690,0.2734
1270000,3953.357274,3612,210,0.006894,0.2891
1272000,3408.492391,3633,186,0.014219,0.2656
1274000,3649.718799,3599,218,0.028553,0.3359
1276000,4514.799533,3602,218,0.130967,0.2891
1278000,3792.888002,3617,213,0.272373,0.3281
1280000,3602.857198,3630,215,0.296610,0.2266
1282000,3579.498182,3637,222,0.300171,0.3438
1284000,3685.370101,3633,225,0.306692,0.3281
1286000,3695.050223,3613,226,0.304862,0.2891
1288000,3695.149625,3592,238,0.275337,0.3906
1290000,4423.390582,3600,217,0.358634,0.2578
1292000,4315.969447,3605,213,0.357912,0.2891
1294000,4281.410893,3614,213,0.320400,0.2891
1296000,5437.765213,3610,220,0.549842,0.3047
1298000,5757.942005,3601,225,0.526138,0.2500
1300000,6301.870490,3610,220,0.568422,0.2891
1302000,5520.065348,3584,221,0.507349,0.3594
1304000,6253.039745,3555,230,0.522551,0.3516
1306000,6334.569195,3565,226,0.582425,0.3047
1308000,6146.664028,3544,232,0.429534,0.2891
1310000,5496.529260,3575,237,0.342852,0.2969
1312000,5475.202256,3576,239,0.354217,0.2266
1314000,6593.198506,3555,240,0.446621,0.3281
1316000,7339.327680,3553,218,0.682314,0.2969
1318000,4215.193617,3523,239,0.053774,0.2891
1320000,4710.020015,3501,251,0.025585,0.2812
1322000,4760.170656,3560,234,0.021497,0.3438
1324000,4450.369991,3550,247,0.046822,0.2734
1326000,5690.860343,3562,239,0.267644,0.3359
1328000,5910.024322,3558,232,0.335611,0.2891
1330000,5286.512817,3583,225,0.272801,0.2188
1332000,5028.194995,3586,232,0.542433,0.3125
1334000,5062.721038,3580,212,0.428932,0.2812
1336000,4293.843022,3577,215,0.182567,0.2969
1338000,4686.953834,3565,208,0.267250,0.2734
1340000,4641.417934,3583,216,0.279721,0.3281
1342000,4704.206724,3560,226,0.284458,0.3438
1344000,5396.375831,3561,211,0.332951,0.2344
1346000,4687.592146,3547,222,0.220939,0.2578
1348000,5389.329448,3536,228,0.373920,0.2891
1350000,5988.647885,3523,228,0.350287,0.3828
1352000,5854.126548,3528,233,0.322483,0.3125
1354000,5715.778131,3549,222,0.347862,0.3359
1356000,5175.335253,3547,226,0.046994,0.3281
1358000,6299.762308,3569,226,0.035127,0.2656
1360000,6462.188718,3554,213,0.086979,0.2891
1362000,5640.430432,3572,217,0.036302,0.2422
1364000,5334.949919,3552,228,0.199434,0.2969
1366000,4877.502944,3580,222,0.198772,0.2734
1368000,4781.190467,3584,224,0.188813,0.3359
1370000,5773.121134,3607,213,0.223470,0.2266
1372000,5987.259146,3599,207,0.220076,0.2891
1374000,6064.725586,3604,215,0.042210,0.3516
1376000,6071.568949,3617,214,0.129175,0.2500
1378000,5287.198097,3638,207,0.049207,0.2578
1380000,5351.071977,3606,204,0.029118,0.2500
1382000,5603.489262,3590,203,0.246899,0.2656
1384000,5756.088685,3584,212,0.287005,0.2656
1386000,5644.171098,3586,221,0.233773,0.3750
1388000,6112.492647,3586,222,0.270973,0.3203
1390000,6371.599298,3594,213,0.258722,0.2500
1392000,6425.296557,3581,214,0.261515,0.2422
1394000,5089.592732,3574,203,0.309735,0.2422
1396000,4992.293194,3554,219,0.353635,0.3516
1398000,4935.835185,3576,213,0.318575,0.3203
1400000,4908.932758,3611,215,0.368498,0.3203
1402000,4869.336172,3615,208,0.380139,0.3047
1404000,5019.166673,3609,213,0.252619,0.2969
1406000,4590.408116,3597,199,0.037919,0.2578
1408000,4434.181417,3589,229,0.032545,0.3203
1410000,4909.125873,3566,239,0.019469,0.3438
1412000,4788.886771,3579,212,0.305999,0.3594
1414000,4773.755524,3562,232,0.304484,0.2891
1416000,4724.060095,3580,246,0.309420,0.2969
1418000,4696.424970,3574,244,0.333611,0.2891
1420000,4764.481871,3583,237,0.346130,0.2969
1422000,3764.499260,3569,246,0.252899,0.3047
1424000,3719.419649,3546,242,0.247401,0.3359
1426000,3580.680073,3548,245,0.233029,0.2969
1428000,3687.553986,3533,250,0.125167,0.3906
1430000,3689.089305,3547,258,0.126518,0.4375
1432000,4367.576446,3542,227,0.070902,0.2344
1434000,4649.594056,3568,220,0.070768,0.3281
1436000,4413.480468,3568,204,0.015889,0.3047
1438000,4612.951439,3572,217,0.004413,0.3125
1440000,4708.198826,3602,215,0.363154,0.2344
1442000,3634.042275,3611,217,0.258979,0.2344
1444000,4535.999899,3588,231,0.346336,0.2891
1446000,4736.365426,3574,208,0.034413,0.2734
1448000,4735.725493,3586,210,0.119327,0.3672
1450000,4701.317401,3575,226,0.116679,0.2266
1452000,4696.680413,3576,223,0.119701,0.2891
1454000,4444.489515,3579,235,0.111460,0.2891
1456000,4436.516416,3582,227,0.113452,0.2500
1458000,4379.507553,3565,253,0.111130,0.2422
1460000,4400.188566,3569,226,0.016421,0.2891
1462000,4877.545596,3574,240,0.049157,0.3281
1464000,4601.992519,3567,235,0.033417,0.3750
1466000,4661.476139,3561,228,0.136685,0.2969
1468000,5822.456772,3560,228,0.053453,0.2344
1470000,5468.213910,3579,220,0.472691,0.2812
1472000,5871.560003,3564,252,0.497209,0.3125
1474000,5719.520413,3576,255,0.543140,0.2891
1476000,5821.016276,3581,251,0.528480,0.2578
1478000,5775.569838,3591,254,0.498569,0.2578
1480000,4247.562544,3578,248,0.020849,0.3203
1482000,5894.342334,3585,237,0.129006,0.3125
1484000,7235.112628,3603,208,0.050237,0.3203
1486000,5885.186058,3619,220,0.347101,0.2969
1488000,5853.928027,3655,198,0.340551,0.2109
1490000,5409.486464,3658,209,0.300062,0.2578
1492000,5645.222429,3656,183,0.334579,0.2656
1494000,5233.344363,3627,193,0.251189,0.2812
1496000,5069.609697,3620,201,0.231484,0.2891
1498000,5470.055061,3619,207,0.077935,0.2188
1500000,5778.128649,3609,219,0.014673,0.3359
1502000,5064.920261,3591,215,0.096067,0.3594
1504000,5130.045109,3588,204,0.108826,0.2891
1506000,5138.197647,3584,222,0.102401,0.2891
1508000,5435.842589,3573,245,0.095094,0.3047
1510000,5672.859524,3557,226,0.059507,0.3359
1512000,5748.943726,3559,237,0.074606,0.3438
1514000,5676.198883,3571,233,0.053047,0.2656
1516000,5555.195425,3560,246,0.142536,0.3984
1518000,5260.730988,3558,256,0.089405,0.3516
1520000,6563.386653,3596,237,0.564545,0.3125
1522000,6665.084052,3580,228,0.570162,0.2656
1524000,6581.869579,3575,223,0.568756,0.3594
1526000,7893.506960,3592,230,0.729374,0.2734
1528000,7024.372427,3596,227,0.648413,0.3203
1530000,6965.890292,3575,246,0.458387,0.2891
1532000,6922.796581,3583,252,0.486126,0.2656
1534000,6007.511189,3544,251,0.031116,0.2344
1536000,5796.486872,3551,233,0.060592,0.3359
1538000,5541.734964,3572,228,0.283577,0.3906
1540000,5732.948813,3567,226,0.179469,0.3047
1542000,4859.505304,3567,213,0.109452,0.2969
1544000,3765.411154,3573,206,0.079174,0.2812
1546000,3682.858199,3558,217,0.074826,0.3672
1548000,3758.341604,3563,226,0.205863,0.3125
1550000,3961.498865,3552,234,0.160594,0.2812
1552000,4580.830303,3522,245,0.199932,0.4062
1554000,4609.887315,3548,225,0.208143,0.2734
1556000,5068.701388,3553,230,0.299304,0.3672
1558000,5223.490121,3541,240,0.428467,0.3281
1560000,5244.645602,3547,247,0.376035,0.2969
1562000,4397.265691,3530,252,0.170887,0.2969
1564000,3861.018911,3540,238,0.079600,0.3594
1566000,3935.280149,3545,238,0.049906,0.2578
1568000,3969.589149,3569,238,0.053614,0.3281
1570000,4171.095177,3564,239,0.055572,0.2891
1572000,4136.645026,3555,243,0.039361,0.3125
1574000,4160.992647,3572,227,0.044086,0.2734
1576000,6226.048153,3579,242,0.603353,0.2969
1578000,6202.413126,3562,235,0.597076,0.2734
1580000,6682.705133,3538,243,0.673261,0.3203
1582000,4606.965812,3531,235,0.403343,0.3594
1584000,4638.841940,3556,233,0.403051,0.2812
1586000,4397.470213,3571,220,0.376536,0.2734
1588000,5555.490997,3551,217,0.276248,0.2578
1590000,6549.008621,3547,227,0.634418,0.2734
1592000,4803.684990,3527,209,0.482633,0.2500
1594000,4925.734920,3547,218,0.465170,0.3125
1596000,3743.371697,3560,203,0.201855,0.3281
1598000,3691.422671,3600,200,0.228480,0.3125
1600000,3729.267831,3599,201,0.210866,0.2891
1602000,3759.101152,3596,220,0.221413,0.3438
1604000,4959.189883,3586,231,0.400322,0.3438
1606000,4904.120362,3606,216,0.403817,0.3281
1608000,4869.943294,3585,217,0.421855,0.2969
1610000,5341.745126,3591,226,0.127227,0.2891
1612000,5334.621456,3582,226,0.132347,0.2734
1614000,4875.445272,3610,221,0.386887,0.2969
1616000,4006.884182,3578,210,0.360343,0.2188
1618000,4796.484988,3610,208,0.453169,0.2578
1620000,4625.392594,3652,205,0.116579,0.2734
1622000,4464.790907,3650,229,0.032994,0.1953
1624000,4470.620906,3639,220,0.033449,0.3359
1626000,5029.124423,3616,207,0.634659,0.3203
1628000,4918.156320,3597,222,0.607613,0.2500
1630000,3799.332854,3581,224,0.413641,0.2109
1632000,5026.756104,3577,223,0.457289,0.3281
1634000,4269.592412,3562,249,0.404965,0.3516
1636000,4979.400239,3557,225,0.300499,0.3203
1638000,4884.523243,3550,232,0.300876,0.3281
1640000,7133.618631,3602,210,0.718215,0.3047
1642000,4938.437492,3572,224,0.316103,0.3203
1644000,4963.415091,3580,228,0.311688,0.3828
1646000,4722.398921,3589,232,0.181924,0.3203
1648000,4961.558217,3594,230,0.220323,0.3750
1650000,3445.649044,3602,223,0.145114,0.3047
1652000,3528.601183,3586,231,0.119112,0.3281
1654000,3994.426636,3617,215,0.040443,0.2734
1656000,6174.898634,3589,236,0.705960,0.2812
1658000,6161.950858,3567,244,0.699320,0.3516
1660000,7044.837623,3563,231,0.739219,0.3047
1662000,7052.247566,3581,225,0.737797,0.2969
1664000,7033.371589,3562,229,0.736010,0.3047
1666000,6493.887908,3563,202,0.696467,0.2578
1668000,7058.480074,3555,205,0.657011,0.2734
1670000,6829.940857,3561,225,0.560048,0.3516
1672000,3598.235775,3541,233,0.082016,0.2656
1674000,4163.169669,3572,211,0.187762,0.2812
1676000,5852.634889,3571,236,0.499329,0.2500
1678000,7588.781401,3575,224,0.687783,0.3203
1680000,7105.831059,3536,237,0.630006,0.2500
1682000,5477.984502,3510,227,0.160444,0.3359
1684000,5390.415735,3510,232,0.318964,0.3359
1686000,5288.550132,3513,220,0.004817,0.3281
1688000,4865.895677,3515,224,0.228594,0.2422
1690000,6959.112304,3526,249,0.015320,0.3281
1692000,8540.951925,3530,234,0.653303,0.3203
1694000,7468.660837,3551,232,0.536919,0.3359
1696000,7884.920068,3558,215,0.549775,0.2344
1698000,8623.396912,3566,211,0.541005,0.2812
1700000,7618.679491,3573,196,0.325333,0.2188
1702000,8161.812033,3572,201,0.491988,0.2891
1704000,8248.190066,3560,219,0.502719,0.2812
1706000,4561.835584,3601,220,0.046903,0.2656
1708000,6747.955528,3590,209,0.600289,0.2891
1710000,6712.273156,3607,212,0.595513,0.2266
1712000,6585.394379,3613,204,0.592788,0.2734
1714000,6594.300819,3619,209,0.619485,0.3047
1716000,5435.024999,3603,202,0.102275,0.3359
1718000,4576.794659,3573,213,0.085852,0.2891
1720000,4640.379774,3559,244,0.206447,0.2656
1722000,5100.036189,3520,253,0.332596,0.3438
1724000,5083.607004,3535,250,0.337376,0.2969
1726000,5182.598920,3521,241,0.403295,0.3203
1728000,5456.500661,3542,232,0.337227,0.3047
1730000,4582.556602,3554,221,0.250907,0.2969
1732000,4414.157860,3563,202,0.097650,0.3047
1734000,4438.591664,3538,229,0.099916,0.3125
1736000,4400.527448,3533,227,0.145188,0.3359
1738000,5120.233120,3541,230,0.204851,0.2891
1740000,4962.809624,3567,238,0.312356,0.2656
1742000,5075.801757,3560,226,0.208655,0.3047
1744000,4770.144950,3587,213,0.229249,0.4219
1746000,5050.259325,3591,216,0.049812,0.3438
1748000,4776.858926,3596,200,0.142629,0.2266
1750000,4747.982776,3569,220,0.167874,0.2812
1752000,5438.126054,3591,204,0.312696,0.2969
1754000,5498.690955,3562,208,0.302642,0.2656
1756000,5540.639338,3551,234,0.277338,0.2344
1758000,6607.763728,3569,230,0.616153,0.2891
1760000,7180.416263,3552,227,0.268231,0.3281
1762000,7224.054290,3554,239,0.267571,0.2891
1764000,7054.468766,3570,241,0.348838,0.2344
1766000,6731.361207,3561,228,0.111170,0.2812
1768000,6765.664410,3577,232,0.109385,0.2969
1770000,5735.070504,3557,265,0.023064,0.3125
1772000,5476.902378,3569,238,0.007887,0.2891
1774000,7227.839316,3569,248,0.618810,0.2891
1776000,7199.870211,3575,241,0.621839,0.2812
1778000,6583.948118,3590,233,0.582722,0.2734
1780000,5192.599600,3610,218,0.296339,0.3594
1782000,4615.459862,3608,225,0.510162,0.2188
1784000,5777.731475,3613,213,0.531070,0.2031
1786000,5989.824380,3611,219,0.489262,0.2344
1788000,6068.919362,3626,218,0.497118,0.3047
1790000,8034.991506,3620,224,0.498746,0.3516
1792000,9299.995713,3621,223,0.826178,0.3359
1794000,9378.950678,3615,219,0.759245,0.2344
1796000,7639.416052,3614,219,0.401022,0.2656
1798000,8154.439559,3613,207,0.458499,0.2266
1800000,8493.087545,3622,202,0.551107,0.2812
1802000,7416.580861,3624,198,0.634980,0.3047
1804000,7487.274020,3618,185,0.544746,0.2500
1806000,8269.433456,3608,198,0.459418,0.2969
1808000,8158.237753,3633,206,0.702141,0.3672
1810000,7906.304373,3621,193,0.345478,0.2734
1812000,7821.015249,3605,203,0.343100,0.2656
1814000,6174.753449,3608,218,0.102127,0.3906
1816000,4501.775280,3636,203,0.153321,0.2812
1818000,5763.311970,3623,211,0.238832,0.2344
1820000,5609.637662,3627,221,0.552054,0.3359
1822000,3995.988472,3627,221,0.095071,0.3359
1824000,4021.208197,3609,222,0.104155,0.2734
1826000,5610.681789,3619,218,0.526235,0.2422
1828000,4825.687797,3600,225,0.106237,0.3125
1830000,4814.193126,3601,219,0.041572,0.2969
1832000,5261.774161,3577,225,0.213819,0.2500
1834000,5174.907115,3594,226,0.200774,0.3438
1836000,5137.254190,3575,231,0.226925,0.3203
1838000,5899.442666,3599,223,0.618803,0.2969
1840000,5872.086865,3603,208,0.354613,0.2969
1842000,5637.982743,3590,222,0.335447,0.3125
1844000,5643.064061,3581,228,0.355946,0.3984
1846000,4924.816111,3571,223,0.417247,0.2734
1848000,4944.005989,3596,198,0.393065,0.3281
1850000,5113.605407,3605,190,0.376175,0.3125
1852000,4708.789560,3601,194,0.256755,0.2031
1854000,5162.914779,3600,180,0.295256,0.2500
1856000,5155.429775,3591,203,0.303866,0.1719
1858000,4855.998933,3568,212,0.236949,0.3047
1860000,4163.539474,3544,238,0.025613,0.3203
1862000,4172.427070,3558,216,0.027940,0.2969
1864000,4450.827067,3558,228,0.113198,0.3359
1866000,4175.675170,3562,230,0.121270,0.3047
1868000,3819.576195,3547,234,0.097106,0.2812
1870000,3851.215909,3527,243,0.080824,0.2734
1872000,3848.389146,3562,226,0.075223,0.2500
1874000,3719.840900,3556,232,0.302477,0.2656
1876000,4343.228558,3571,223,0.132887,0.3203
1878000,4003.057406,3552,245,0.081822,0.2734
1880000,3973.268898,3558,240,0.073467,0.2500
1882000,3838.914486,3558,230,0.193845,0.3750
1884000,3773.527216,3528,247,0.223111,0.2422
1886000,3884.023577,3548,220,0.191191,0.2031
1888000,3861.394951,3551,228,0.172545,0.3672
1890000,3704.963839,3530,227,0.146105,0.3125
1892000,3674.117450,3558,213,0.145163,0.2734
1894000,4191.385216,3566,207,0.328812,0.2500
1896000,4646.268661,3568,207,0.450277,0.2734
1898000,3979.683342,3548,225,0.164919,0.2891
1900000,3831.546175,3572,229,0.031496,0.2578
1902000,4163.997360,3549,227,0.330938,0.2344
1904000,4012.824585,3553,236,0.418917,0.3203
1906000,4047.582720,3548,213,0.425107,0.2969
1908000,3994.963426,3556,209,0.470559,0.3281
1910000,4002.908776,3587,215,0.464223,0.2422
1912000,4029.199716,3552,224,0.006024,0.2969
1914000,4011.011352,3582,217,0.007389,0.3203
1916000,4293.806076,3588,222,0.363260,0.3672
1918000,3473.643520,3572,209,0.209339,0.2734
1920000,3603.351694,3555,231,0.174841,0.2891
1922000,3647.977213,3574,244,0.185600,0.3203
1924000,4858.756930,3568,235,0.335142,0.3359
1926000,5148.823380,3573,235,0.369504,0.3047
1928000,5174.895300,3575,217,0.332510,0.2734
1930000,5539.941097,3597,221,0.372974,0.3594
1932000,5475.251944,3610,216,0.460229,0.2969
1934000,5285.461216,3638,205,0.449009,0.3750
1936000,4961.818229,3604,215,0.067686,0.2734
1938000,7345.946559,3604,202,0.578522,0.2812
1940000,7356.977386,3622,205,0.559734,0.2734
1942000,7363.060111,3603,214,0.297609,0.3359
1944000,7349.745494,3597,205,0.299442,0.2500
1946000,5767.081235,3587,216,0.203125,0.3438
1948000,5522.303484,3582,233,0.198404,0.3203
1950000,4617.906853,3568,246,0.335021,0.2812
1952000,5218.361619,3566,226,0.388138,0.2422
1954000,5241.339324,3566,227,0.394337,0.2734
1956000,5223.368146,3583,229,0.381208,0.3750
1958000,5446.944214,3559,251,0.236508,0.3047
1960000,5433.797693,3544,245,0.233209,0.2891
1962000,6760.813450,3594,215,0.475235,0.3516
1964000,4110.786503,3590,220,0.205953,0.3359
1966000,4036.191261,3587,226,0.163650,0.2891
1968000,4025.632098,3605,189,0.322486,0.2812
1970000,4337.011856,3622,179,0.422786,0.2031
1972000,4334.376978,3637,187,0.410346,0.3125
1974000,5139.755553,3617,206,0.017899,0.2266
1976000,5100.364683,3593,206,0.048804,0.2969
1978000,5256.792764,3634,189,0.496008,0.3281
1980000,5250.452981,3627,190,0.504981,0.2578
1982000,5144.908751,3610,185,0.494424,0.3359
1984000,5174.798704,3600,202,0.492380,0.2969
1986000,6157.305906,3619,194,0.272531,0.2891
1988000,6492.381401,3596,216,0.134675,0.2734
1990000,5968.419662,3627,211,0.299136,0.2969
1992000,5781.625544,3633,210,0.559967,0.2891
1994000,5991.186689,3618,220,0.591011,0.2422
1996000,6109.612799,3620,203,0.400827,0.2812
1998000,6189.357993,3622,223,0.451193,0.3594
2000000,6262.252604,3625,220,0.452350,0.2188
2002000,6177.894011,3617,213,0.359118,0.2422
2004000,5201.480388,3594,220,0.536149,0.3516
2006000,4701.913038,3580,217,0.451358,0.3125
2008000,4550.614449,3557,223,0.358221,0.2891
2010000,5010.816221,3558,226,0.553941,0.3359
2012000,7642.285102,3552,223,0.700233,0.2812
2014000,7760.562072,3546,240,0.540954,0.3203
2016000,8598.083168,3523,248,0.806885,0.2891
2018000,8256.156584,3539,244,0.717703,0.3594
2020000,8049.154404,3546,244,0.665432,0.2500
2022000,5779.808719,3525,259,0.123784,0.3594
2024000,4728.276917,3535,243,0.048267,0.3516
2026000,4793.475667,3539,233,0.081090,0.2969
2028000,8517.514765,3562,222,0.683232,0.3203
2030000,7788.250009,3545,226,0.632526,0.3828
2032000,4970.436883,3551,237,0.366243,0.2734
2034000,5420.492637,3557,221,0.328863,0.2422
2036000,7121.291537,3595,208,0.420975,0.3125
2038000,8165.457502,3566,217,0.542637,0.2031
2040000,6153.542005,3585,195,0.320441,0.3203
2042000,7155.877886,3572,209,0.614371,0.3750
2044000,6749.003877,3564,220,0.635522,0.2734
2046000,6327.278890,3549,216,0.543215,0.1953
2048000,6285.055780,3533,223,0.546507,0.2578
2050000,6798.363684,3588,212,0.596920,0.2578
2052000,6896.118239,3575,228,0.604736,0.3047
2054000,7414.189603,3581,228,0.609238,0.3125
2056000,7463.787459,3587,224,0.609038,0.2812
2058000,7237.241180,3586,203,0.564737,0.3516
2060000,7214.395466,3536,229,0.546099,0.2891
2062000,6440.951678,3550,228,0.355937,0.3281
2064000,6009.448246,3550,232,0.412201,0.3047
2066000,6015.402339,3534,239,0.420630,0.2891
2068000,5329.467085,3588,221,0.301570,0.2734
2070000,5294.871872,3617,216,0.249759,0.3203
2072000,5476.416595,3618,225,0.229022,0.2812
2074000,6253.006102,3613,233,0.347398,0.2891
2076000,6582.200082,3571,239,0.387417,0.3281
2078000,6305.717278,3569,232,0.352429,0.2891
2080000,7100.502168,3577,235,0.568070,0.2656
2082000,7060.742141,3598,225,0.556227,0.3359
2084000,5835.838593,3613,223,0.280264,0.3047
2086000,5644.863385,3602,236,0.287613,0.3047
2088000,5683.662466,3592,220,0.308300,0.3594
2090000,5733.082888,3580,219,0.320597,0.2578
2092000,4556.319725,3573,226,0.137651,0.2812
2094000,5412.172941,3583,246,0.141234,0.3203
2096000,5331.426008,3584,235,0.111524,0.2812
2098000,3621.312327,3603,215,0.273212,0.2812
2100000,3669.855469,3609,210,0.154622,0.2656
2102000,3618.353286,3610,198,0.144086,0.2891
2104000,4019.551767,3601,205,0.213716,0.2500
2106000,4216.319929,3594,217,0.417057,0.3281
2108000,4354.257943,3596,213,0.452428,0.1953
2110000,4341.407406,3618,215,0.456880,0.3203
2112000,4525.298873,3614,206,0.443433,0.3125
2114000,5690.560357,3606,208,0.540221,0.2969
2116000,6916.461178,3591,214,0.685051,0.2734
2118000,5968.657722,3604,206,0.412381,0.2891
2120000,6087.147733,3590,228,0.411558,0.2969
2122000,6511.091368,3584,220,0.681806,0.3594
2124000,6568.210979,3620,195,0.676974,0.2891
2126000,5919.043989,3614,191,0.624402,0.2656
2128000,6184.313890,3612,196,0.629760,0.2422
2130000,5036.007817,3593,197,0.375101,0.2734
2132000,5027.038089,3584,206,0.376635,0.3203
2134000,4492.869456,3587,201,0.254917,0.1797
2136000,5164.466324,3590,209,0.448468,0.2891
2138000,5775.689524,3614,190,0.589731,0.1797
2140000,5790.807958,3605,212,0.577787,0.3203
2142000,5450.422508,3604,218,0.311410,0.4141
2144000,5620.100258,3593,218,0.441436,0.2969
2146000,4999.703589,3583,225,0.283400,0.3594
2148000,4596.050661,3617,220,0.205249,0.3438
2150000,4561.964373,3608,226,0.167808,0.3516
2152000,5690.031918,3614,207,0.548684,0.2812
2154000,5694.722912,3615,218,0.563709,0.2734
2156000,5346.107578,3589,223,0.440736,0.2891
2158000,5185.826336,3595,231,0.372078,0.2188
2160000,6133.229997,3595,221,0.576766,0.2266
2162000,5820.965580,3582,194,0.273518,0.2578
2164000,5105.249206,3589,204,0.120123,0.3516
2166000,5146.293936,3617,171,0.129421,0.2578
2168000,5443.676488,3609,197,0.169119,0.3125
2170000,4822.669009,3600,203,0.418315,0.2812
2172000,3817.826233,3598,205,0.260427,0.2891
2174000,3490.934945,3569,233,0.208421,0.2344
2176000,4027.375538,3554,238,0.193219,0.3203
2178000,5839.432919,3569,227,0.458395,0.3047
2180000,5475.542417,3570,228,0.334875,0.2656
2182000,5646.388522,3567,223,0.359283,0.3047
2184000,5412.552959,3585,206,0.030959,0.2891
2186000,5386.866748,3600,196,0.028408,0.2812
2188000,5553.090108,3577,218,0.481715,0.2500
2190000,5418.770047,3582,224,0.496740,0.2812
2192000,5784.871227,3600,236,0.468554,0.3203
2194000,5427.926110,3612,213,0.487337,0.3047
2196000,3243.430599,3626,199,0.034772,0.3047
2198000,3208.777741,3640,213,0.047684,0.2891
2200000,3176.484928,3625,210,0.050609,0.2891
2202000,3238.759297,3629,221,0.038250,0.2656
2204000,3298.383853,3663,220,0.044987,0.2188
2206000,3341.061399,3683,197,0.056313,0.3359
2208000,3332.531536,3676,196,0.066578,0.3125
2210000,3238.967544,3643,214,0.031499,0.2578
2212000,3240.675294,3660,202,0.031418,0.2578
2214000,3062.045150,3639,210,0.000043,0.2891
2216000,3151.102752,3627,204,0.056251,0.2734
2218000,3148.100008,3634,185,0.058146,0.2812
2220000,3126.378031,3621,207,0.057110,0.2500
2222000,4090.815012,3620,213,0.137567,0.2891
2224000,4059.871057,3617,228,0.139055,0.3281
2226000,3913.787214,3602,230,0.135066,0.2812
2228000,3924.022657,3613,217,0.134209,0.2578
2230000,2871.283544,3622,205,0.040934,0.2812
2232000,3678.795658,3623,220,0.242906,0.3281
2234000,4866.497039,3607,219,0.148789,0.2578
2236000,4877.971674,3605,208,0.147547,0.3438
2238000,4832.394237,3622,220,0.150185,0.3359
2240000,4763.467108,3614,215,0.156501,0.2734
2242000,4634.956126,3611,223,0.097057,0.2969
2244000,4601.274930,3608,211,0.083896,0.2656
2246000,4844.978426,3610,202,0.096309,0.2344
2248000,5132.074899,3619,189,0.127199,0.3359
2250000,4985.529111,3634,191,0.213778,0.2344
2252000,4869.542386,3652,196,0.149388,0.2891
2254000,4751.179867,3656,186,0.074572,0.2891
2256000,4907.248962,3661,194,0.151904,0.2422
2258000,5057.989527,3656,202,0.138302,0.3203
2260000,5104.693306,3673,197,0.139915,0.2500
2262000,4958.657126,3664,201,0.182103,0.3125
2264000,4591.598500,3642,214,0.055082,0.2969
2266000,4249.316183,3634,228,0.355578,0.2422
2268000,4237.087707,3637,223,0.338876,0.2500
2270000,5012.217017,3649,218,0.034318,0.2812
2272000,5457.312290,3604,231,0.106322,0.3672
2274000,5441.217624,3588,237,0.103761,0.2812
2276000,5565.544020,3607,229,0.414044,0.2500
2278000,5621.950664,3613,205,0.419108,0.2500
2280000,4642.525573,3574,221,0.151408,0.3203
2282000,4438.194723,3583,226,0.089048,0.3047
2284000,3807.209745,3579,240,0.138369,0.2969
2286000,3808.729107,3598,227,0.137839,0.3359
2288000,3753.271786,3621,219,0.142635,0.3203
2290000,3802.081903,3607,226,0.148713,0.3047
2292000,3880.352813,3601,235,0.151039,0.3203
2294000,4552.462180,3576,245,0.205387,0.2266
2296000,4517.529768,3581,269,0.009618,0.2734
2298000,4350.928536,3596,242,0.063608,0.2969
2300000,3943.293306,3611,250,0.123366,0.2734
2302000,4004.458841,3609,245,0.120673,0.3203
2304000,3988.361582,3589,251,0.119334,0.3047
2306000,3373.213919,3578,250,0.084825,0.2812
2308000,3950.981867,3589,228,0.164550,0.2578
2310000,5005.585495,3576,230,0.321178,0.2891
2312000,4179.426247,3577,227,0.150078,0.3203
2314000,4064.542316,3572,227,0.081128,0.3281
2316000,4326.908682,3583,228,0.089364,0.3281
2318000,4236.882069,3558,236,0.087827,0.3203
2320000,4032.297250,3560,228,0.069529,0.2266
2322000,4261.754935,3554,218,0.072991,0.3281
2324000,4015.637546,3566,241,0.056757,0.2969
2326000,3953.571601,3600,226,0.051242,0.3047
2328000,3939.517000,3575,232,0.046379,0.2344
2330000,5270.816164,3586,225,0.475674,0.3750
2332000,4787.585097,3582,219,0.542516,0.3438
2334000,4352.421748,3550,229,0.244704,0.2578
2336000,4303.850776,3543,226,0.258827,0.2969
2338000,5297.476689,3549,221,0.592992,0.3516
2340000,4942.691900,3554,227,0.537132,0.3359
2342000,5042.395008,3558,226,0.554719,0.3906
2344000,4519.715458,3559,224,0.406358,0.3125
2346000,4311.277343,3580,216,0.292652,0.3281
2348000,5703.538895,3583,208,0.621535,0.2891
2350000,5278.695349,3578,222,0.554850,0.3359
2352000,5167.475258,3557,238,0.471423,0.3281
2354000,5850.389603,3563,227,0.651450,0.3438
2356000,5216.254753,3554,244,0.572919,0.3359
2358000,5220.728123,3586,218,0.577160,0.2578
2360000,5253.076616,3593,205,0.564833,0.2734
2362000,5195.499992,3588,222,0.463209,0.2734
2364000,5316.307262,3562,220,0.533672,0.2422
2366000,5600.333251,3558,219,0.661635,0.2109
2368000,5443.995975,3548,220,0.637629,0.3281
2370000,3755.745504,3552,237,0.242243,0.3125
2372000,3554.129468,3564,222,0.213139,0.3281
2374000,3527.213946,3579,228,0.212399,0.3203
2376000,3527.320923,3591,215,0.215397,0.3203
2378000,3531.060708,3589,230,0.244130,0.2812
2380000,3523.437174,3591,224,0.236290,0.2422
2382000,3358.808273,3622,202,0.300570,0.2578
2384000,3353.851511,3620,206,0.296297,0.2344
2386000,3365.157020,3636,214,0.294636,0.2891
2388000,3682.316128,3661,191,0.284115,0.2812
2390000,3622.813116,3653,207,0.265886,0.2656
2392000,3403.945661,3664,212,0.316407,0.3672
2394000,3577.836189,3664,215,0.279078,0.2500
2396000,3755.097473,3653,222,0.226651,0.2578
2398000,4567.710786,3649,219,0.326464,0.2734
2400000,4578.880286,3608,220,0.326035,0.2656
2402000,3740.426373,3591,223,0.265701,0.3516
2404000,3256.480296,3579,226,0.018153,0.3438
2406000,3401.449219,3590,229,0.028034,0.2969
2408000,2773.111236,3568,245,0.009252,0.2578
2410000,2807.905725,3593,224,0.010302,0.2891
2412000,3722.289486,3570,234,0.170978,0.2969
2414000,3688.481036,3576,220,0.153794,0.3047
2416000,3736.356282,3573,222,0.173860,0.3438
2418000,3725.161748,3574,227,0.171464,0.2891
2420000,3816.730306,3568,240,0.118917,0.3047
2422000,3805.334831,3573,229,0.122817,0.2109
2424000,3760.864815,3582,218,0.131740,0.2578
2426000,3751.465328,3591,215,0.141531,0.3125
2428000,4398.747867,3567,233,0.045027,0.2656
2430000,4383.793056,3583,206,0.045655,0.3438
2432000,4074.206436,3608,194,0.296010,0.2656
2434000,4029.271849,3617,215,0.279661,0.2344
2436000,4092.277298,3601,209,0.210447,0.2031
2438000,4084.372389,3586,214,0.222369,0.2500
2440000,4203.139069,3602,209,0.193569,0.2812
2442000,3974.032343,3622,190,0.134292,0.2891
2444000,3563.111142,3635,188,0.081642,0.2578
2446000,4249.876811,3604,211,0.505110,0.2500
2448000,4337.447518,3600,196,0.500575,0.2734
2450000,4255.284474,3597,200,0.490446,0.2656
2452000,4277.022598,3568,226,0.487350,0.3125
2454000,4403.773903,3603,209,0.395427,0.2891
2456000,4268.663813,3597,217,0.366310,0.3516
2458000,4310.164317,3597,225,0.336517,0.2578
2460000,4079.219197,3640,188,0.270625,0.2734
2462000,3858.798948,3636,213,0.229620,0.2969
2464000,3826.226754,3636,219,0.226271,0.2344
2466000,3809.841153,3632,209,0.225433,0.3203
2468000,3797.748011,3628,222,0.211729,0.3594
2470000,3809.341932,3645,189,0.296444,0.2734
2472000,3832.653002,3631,198,0.257072,0.1875
2474000,3672.524108,3623,224,0.308855,0.3125
2476000,3815.068499,3610,233,0.280657,0.3203
2478000,4418.581231,3590,229,0.344949,0.2656
2480000,4383.549298,3600,219,0.337057,0.3438
2482000,4328.304704,3598,214,0.324917,0.2422
2484000,4933.049191,3582,226,0.301792,0.2578
2486000,4692.550784,3590,234,0.297102,0.2969
2488000,4719.248706,3607,227,0.389237,0.3203
2490000,4671.388533,3592,230,0.391193,0.3203
2492000,4731.900448,3584,227,0.385797,0.2656
2494000,4791.187210,3564,239,0.383081,0.3672
2496000,5222.747829,3582,229,0.493337,0.3438
2498000,5167.208661,3574,219,0.546501,0.3672
2500000,5283.432090,3585,219,0.546645,0.2656
2502000,5191.243526,3589,223,0.584890,0.3516
2504000,5069.484545,3619,209,0.553602,0.2656
2506000,5041.215162,3618,204,0.567306,0.2500
2508000,5267.943753,3629,211,0.577833,0.3125
2510000,5264.497507,3621,215,0.597011,0.2188
2512000,5288.134798,3622,206,0.472094,0.3047
2514000,4999.382672,3634,214,0.352535,0.2266
2516000,5016.990834,3602,225,0.356282,0.3906
2518000,4978.052851,3608,216,0.412192,0.2422
2520000,4872.331325,3628,197,0.395911,0.3438
2522000,4206.167109,3621,187,0.377416,0.3281
2524000,4587.203051,3588,217,0.355764,0.2969
2526000,5013.371519,3609,206,0.560109,0.3047
2528000,4442.968064,3612,204,0.506767,0.2500
2530000,4211.483799,3584,223,0.459569,0.3359
2532000,4189.831091,3582,213,0.458962,0.2422
2534000,4266.881858,3582,221,0.570579,0.2266
2536000,4357.205728,3594,204,0.566219,0.2188
2538000,4392.242289,3583,221,0.574163,0.2266
2540000,4189.409684,3545,229,0.399795,0.3125
2542000,4111.426612,3536,239,0.371458,0.3203
2544000,4132.893664,3559,244,0.361227,0.3047
2546000,4153.115764,3529,235,0.362541,0.3359
2548000,3553.003813,3546,232,0.301657,0.3281
2550000,4219.670321,3523,236,0.402422,0.2266
2552000,3547.483132,3532,220,0.292799,0.2812
2554000,3537.809263,3538,230,0.284397,0.2891
2556000,3258.977009,3575,212,0.154946,0.3203
2558000,3631.490367,3569,214,0.324995,0.2500
2560000,3585.057587,3553,236,0.318527,0.2500
2562000,3901.207228,3546,243,0.217844,0.2812
2564000,3852.551584,3548,247,0.207512,0.3203
2566000,3794.508072,3537,235,0.214009,0.3359
2568000,3352.686986,3547,237,0.092083,0.3203
2570000,3365.462819,3566,231,0.098058,0.2656
2572000,3425.508721,3528,243,0.099843,0.2891
2574000,3451.043105,3547,214,0.085455,0.3516
2576000,3431.578507,3527,245,0.087254,0.3516
2578000,4518.204357,3544,235,0.439079,0.2344
2580000,5055.647755,3593,233,0.553755,0.3672
2582000,5109.231794,3604,224,0.554802,0.2891
2584000,5180.286226,3596,228,0.560639,0.3047
2586000,4646.743306,3596,212,0.462044,0.2891
2588000,3702.902179,3618,210,0.125913,0.2344
2590000,3673.781671,3629,216,0.084997,0.3047
2592000,4804.184164,3619,216,0.332124,0.2109
2594000,3607.244122,3607,212,0.157610,0.2812
2596000,3655.722675,3597,220,0.160987,0.2812
2598000,3649.785829,3590,224,0.166557,0.3281
2600000,3734.949364,3582,216,0.119783,0.2969
2602000,5541.713615,3574,218,0.500242,0.3125
2604000,5621.437835,3567,226,0.449025,0.2969
2606000,5161.729657,3579,230,0.089401,0.4062
2608000,5889.393426,3583,244,0.529753,0.2891
2610000,5928.031480,3588,227,0.521379,0.2891
2612000,5974.604367,3609,198,0.521022,0.2578
2614000,6563.907822,3616,194,0.643343,0.2500
2616000,5899.915901,3618,192,0.420599,0.2656
2618000,5750.364218,3606,212,0.421640,0.3047
2620000,5326.326660,3604,220,0.539905,0.3125
2622000,5266.436200,3617,206,0.543466,0.3438
2624000,5851.199898,3622,212,0.564006,0.3750
2626000,5039.362789,3640,208,0.595236,0.3047
2628000,6294.943272,3621,205,0.695822,0.3125
2630000,4993.190208,3615,215,0.001836,0.2344
2632000,5045.484768,3618,196,0.017631,0.2891
2634000,4726.545229,3604,205,0.269081,0.3203
2636000,4618.073499,3611,203,0.101675,0.2812
2638000,4940.138419,3605,205,0.094605,0.3125
2640000,4764.521386,3586,221,0.084560,0.3828
2642000,3806.430555,3599,214,0.254548,0.3359
2644000,3792.200453,3599,210,0.253230,0.2656
2646000,3991.564748,3617,201,0.283756,0.3281
2648000,3753.476804,3608,197,0.268197,0.2656
2650000,3948.650553,3625,191,0.095401,0.2656
2652000,3963.523417,3605,211,0.087684,0.1875
2654000,3929.929353,3576,214,0.087148,0.3516
2656000,3764.718210,3581,213,0.133898,0.3047
2658000,3863.809339,3594,209,0.200456,0.2969
2660000,4476.317394,3555,234,0.263274,0.3516
2662000,4632.027859,3550,232,0.339425,0.3906
2664000,4509.354235,3561,230,0.299796,0.3125
2666000,4535.639877,3549,224,0.302798,0.3203
2668000,7695.020543,3562,210,0.733003,0.3359
2670000,7532.601173,3556,212,0.748131,0.3203
2672000,7246.841189,3557,223,0.799768,0.3203
2674000,7593.000181,3546,239,0.775367,0.3125
2676000,5445.037597,3562,251,0.073144,0.2891
2678000,5951.628405,3615,224,0.094597,0.2656
2680000,6389.151519,3620,227,0.199241,0.3359
2682000,7567.828987,3613,228,0.805618,0.2734
2684000,7069.104378,3616,217,0.751917,0.2812
2686000,7789.478958,3607,194,0.775380,0.3438
2688000,6359.517229,3599,200,0.488626,0.3203
2690000,8657.416031,3605,212,0.741399,0.3594
2692000,6022.099371,3606,204,0.374487,0.2969
2694000,5812.683571,3585,222,0.343036,0.3203
2696000,5647.091427,3572,216,0.349143,0.2500
2698000,5894.857271,3597,193,0.399451,0.2656
2700000,5652.264851,3622,190,0.407722,0.2891
2702000,5729.392643,3610,206,0.362875,0.3125
2704000,4975.943410,3594,220,0.368381,0.3906
2706000,4916.025463,3581,231,0.327385,0.3125
2708000,4920.764119,3571,236,0.333877,0.3047
2710000,4438.701774,3579,235,0.199070,0.2969
2712000,4367.209937,3563,231,0.213448,0.3438
2714000,4443.209402,3575,233,0.200080,0.3750
2716000,4985.299078,3592,218,0.444976,0.2969
2718000,5125.088465,3590,226,0.521649,0.2969
2720000,4465.888489,3597,237,0.261043,0.2969
2722000,4469.268954,3569,234,0.267191,0.2344
2724000,4476.382962,3587,235,0.263372,0.3125
2726000,5208.991775,3558,226,0.469429,0.3047
2728000,5186.003710,3574,214,0.453921,0.3281
2730000,5135.041119,3558,226,0.464353,0.3438
2732000,5744.017052,3566,235,0.588939,0.3281
2734000,5558.400445,3569,239,0.464948,0.3359
2736000,5303.509646,3569,227,0.448914,0.3203
2738000,5268.835831,3563,234,0.436613,0.3438
2740000,4793.855851,3562,225,0.235590,0.2578
2742000,4913.824170,3558,231,0.242965,0.3438
2744000,4882.744498,3549,247,0.252002,0.2422
2746000,4927.686560,3546,235,0.408752,0.3438
2748000,5072.089234,3540,234,0.433088,0.2734
2750000,5860.453964,3537,242,0.690339,0.3438
2752000,5634.033015,3539,223,0.656583,0.2344
2754000,5640.122366,3529,220,0.663368,0.3516
2756000,5629.576339,3548,201,0.692966,0.3125
2758000,5685.781066,3544,198,0.695352,0.3125
2760000,3375.379377,3538,217,0.185398,0.2969
2762000,4714.943975,3537,212,0.640531,0.2891
2764000,4662.812625,3540,219,0.639523,0.2734
2766000,4635.634503,3558,224,0.637467,0.3516
2768000,4461.919159,3536,219,0.519159,0.3359
2770000,3926.749023,3528,229,0.480005,0.2812
2772000,4024.921959,3554,220,0.491310,0.3359
2774000,4596.644103,3555,222,0.401511,0.3438
2776000,4626.965284,3543,228,0.406758,0.3047
2778000,4698.119232,3546,224,0.434030,0.2656
2780000,4624.467703,3559,216,0.394834,0.2656
2782000,4626.629587,3550,236,0.406731,0.2422
2784000,4609.510947,3541,231,0.393913,0.3438
2786000,4632.444591,3536,236,0.393740,0.2188
2788000,4327.175108,3526,242,0.352559,0.3203
2790000,4361.225795,3562,219,0.363673,0.2344
2792000,4353.307506,3550,233,0.359230,0.3047
2794000,4608.040141,3557,230,0.461296,0.3203
2796000,4616.154344,3566,229,0.414043,0.2500
2798000,4596.883328,3602,210,0.436592,0.2891
2800000,5031.829591,3600,203,0.480994,0.3203
2802000,4976.030671,3581,208,0.463510,0.2812
2804000,5344.398891,3583,231,0.406049,0.3047
2806000,5262.060774,3569,237,0.402248,0.2734
2808000,5284.746919,3583,231,0.400477,0.2500
2810000,5330.420294,3545,220,0.401689,0.2891
2812000,5060.243027,3582,211,0.361692,0.2891
2814000,4848.250544,3568,239,0.396597,0.2344
2816000,4798.351903,3533,246,0.496646,0.3047
2818000,4836.419988,3554,260,0.559430,0.3516
2820000,5171.165138,3556,239,0.605407,0.2188
2822000,4976.828041,3576,227,0.564831,0.3203
2824000,5013.932937,3576,228,0.575515,0.3125
2826000,5248.675990,3581,219,0.714239,0.2656
2828000,5300.029922,3583,231,0.714065,0.2500
2830000,5272.182431,3581,213,0.715641,0.2812
2832000,5263.681794,3576,219,0.656190,0.2578
2834000,5240.374172,3543,239,0.654454,0.3359
2836000,4812.116277,3554,215,0.524477,0.3359
2838000,4288.891811,3571,214,0.454961,0.2969
2840000,4317.139806,3540,227,0.462136,0.2578
2842000,4262.825478,3533,242,0.452971,0.3359
2844000,5097.302980,3544,221,0.585783,0.4062
2846000,5183.369263,3519,227,0.592824,0.3359
2848000,6963.690673,3544,218,0.799217,0.3203
2850000,7002.822799,3557,219,0.773952,0.2969
2852000,7084.819552,3492,261,0.771988,0.2734
2854000,7057.373570,3521,235,0.707936,0.2344
2856000,5813.878979,3540,220,0.484104,0.3594
2858000,5872.024764,3530,226,0.468338,0.3672
2860000,4238.296730,3542,214,0.318547,0.2891
2862000,3847.832744,3564,218,0.263255,0.2500
2864000,6219.823277,3553,219,0.587426,0.3984
2866000,6464.444550,3570,222,0.651067,0.3516
2868000,6384.191181,3572,219,0.673060,0.2734
2870000,5592.369159,3550,227,0.658774,0.2734
2872000,4132.180139,3568,210,0.439021,0.2969
2874000,4162.269379,3551,212,0.438705,0.2344
2876000,3940.587140,3573,230,0.467341,0.3438
2878000,3885.396194,3583,229,0.524780,0.3438
2880000,3965.573921,3592,214,0.468302,0.3203
2882000,4015.513156,3579,222,0.417843,0.2969
2884000,4888.897990,3580,237,0.675337,0.3281
2886000,4006.465306,3576,235,0.406792,0.3047
2888000,3864.223713,3579,230,0.418607,0.2734
2890000,3825.476784,3592,224,0.414346,0.2891
2892000,4825.141757,3622,210,0.600257,0.3438
2894000,4843.044236,3582,220,0.597310,0.2891
2896000,4840.513409,3582,211,0.600889,0.2812
2898000,4946.923847,3573,195,0.588409,0.2578
2900000,5008.715196,3572,201,0.585346,0.3359
2902000,5033.999939,3580,194,0.587318,0.3203
2904000,4994.672419,3562,207,0.649159,0.2656
2906000,4920.396289,3592,213,0.609826,0.3359
2908000,4857.139706,3576,232,0.597507,0.2344
2910000,4739.221426,3558,222,0.618201,0.3047
2912000,4929.151258,3576,204,0.419711,0.2891
2914000,5133.231736,3540,218,0.297704,0.2422
2916000,6559.496960,3548,229,0.510251,0.3047
2918000,6277.991342,3551,233,0.441293,0.2812
2920000,6858.186301,3583,212,0.742469,0.2344
2922000,3932.320709,3576,224,0.181264,0.3906
2924000,3604.809708,3574,218,0.274231,0.2734
2926000,4290.337799,3570,213,0.326556,0.3125
2928000,4300.098471,3577,214,0.336791,0.3438
2930000,4282.763772,3563,231,0.329173,0.2578
2932000,2892.812646,3567,220,0.007421,0.3047
2934000,2909.770701,3592,211,0.007937,0.3281
2936000,3733.112490,3561,231,0.161923,0.2656
2938000,4054.582178,3564,229,0.108578,0.2812
2940000,4550.394225,3583,212,0.180784,0.3281
2942000,4150.820978,3587,193,0.122965,0.3203
2944000,4037.212071,3581,207,0.097264,0.3359
2946000,4461.816778,3612,194,0.148791,0.3359
2948000,4187.824268,3611,188,0.157497,0.2422
2950000,4380.911638,3621,194,0.281134,0.2969
2952000,5400.576840,3628,190,0.455970,0.2812
2954000,5300.822344,3620,211,0.384158,0.2969
2956000,5494.216419,3596,210,0.471206,0.3516
2958000,5482.853543,3569,226,0.460762,0.3047
2960000,5497.621416,3584,228,0.458130,0.2812
2962000,5635.436397,3564,228,0.501132,0.3125
2964000,5632.215558,3592,216,0.496691,0.2969
2966000,5554.603994,3607,213,0.493930,0.2734
2968000,5620.021862,3619,218,0.502241,0.3203
2970000,4592.715621,3597,202,0.309455,0.3203
2972000,4600.274204,3599,200,0.317225,0.2734
2974000,4009.073201,3627,187,0.142700,0.3281
2976000,4025.474693,3627,205,0.148397,0.3281
2978000,4462.866971,3622,217,0.070606,0.3750
2980000,4469.674048,3600,236,0.072327,0.3047
2982000,3927.991802,3599,227,0.070489,0.3359
2984000,5678.132486,3597,217,0.250335,0.3125
2986000,5833.760119,3606,225,0.319068,0.2422
2988000,7789.897821,3611,214,0.780265,0.2578
2990000,5754.766765,3619,217,0.512108,0.3047
2992000,5377.075929,3626,211,0.546971,0.2969
2994000,6075.376988,3646,186,0.625584,0.2734
2996000,6073.599129,3659,175,0.633104,0.3984
2998000,6170.617824,3652,185,0.564659,0.3516
3000000,7729.196765,3614,196,0.584052,0.2891
3002000,8254.438502,3627,200,0.613642,0.2109
3004000,8174.861481,3631,194,0.671680,0.2969
3006000,8124.791962,3607,205,0.688362,0.3750
3008000,6270.753601,3576,205,0.617914,0.3438
3010000,6214.822767,3581,206,0.600994,0.3125
3012000,6201.113008,3574,215,0.587620,0.3047
3014000,5944.459132,3552,227,0.504182,0.2812
3016000,6018.641800,3566,219,0.512727,0.3125
3018000,5977.930882,3545,218,0.555859,0.2656
3020000,6021.124289,3535,237,0.756045,0.3672
3022000,5908.077713,3527,222,0.430754,0.3125
3024000,5801.041552,3556,206,0.381764,0.2656
3026000,5865.730499,3526,220,0.382897,0.2734
3028000,6115.475524,3557,216,0.404941,0.3047
3030000,6430.901384,3561,202,0.283914,0.3125
3032000,6454.642994,3568,205,0.276443,0.3125
3034000,4420.395274,3566,208,0.372198,0.3438
3036000,4729.680267,3572,211,0.449336,0.2344
3038000,4826.762343,3565,225,0.468941,0.3672
3040000,5553.758464,3606,201,0.542810,0.2656
3042000,7039.659437,3598,219,0.301377,0.3359
3044000,7542.037002,3629,208,0.519309,0.2422
3046000,5635.505395,3621,210,0.203352,0.2734
3048000,6196.748037,3607,216,0.430100,0.2500
3050000,7408.306589,3641,200,0.495970,0.2656
3052000,8521.063103,3624,220,0.595041,0.2500
3054000,7859.896295,3608,222,0.559601,0.3516
3056000,7813.251182,3589,220,0.582970,0.2656
3058000,7590.344939,3583,223,0.541731,0.3359
3060000,6411.744209,3579,216,0.380960,0.2188
3062000,6127.537274,3565,226,0.268052,0.2812
3064000,4802.273324,3535,234,0.302965,0.2969
3066000,3721.993531,3557,231,0.154305,0.3281
3068000,3717.847599,3550,244,0.151114,0.2891
3070000,3747.172667,3552,237,0.211447,0.2812
3072000,5355.984423,3562,222,0.535965,0.3359
3074000,5336.038812,3597,202,0.527692,0.3203
3076000,5259.541308,3594,203,0.519985,0.2891
3078000,6209.153835,3544,232,0.553763,0.3516
3080000,6212.915724,3551,217,0.530272,0.2969
3082000,6039.079370,3563,238,0.423427,0.2578
3084000,4503.201304,3575,226,0.462446,0.3047
3086000,4531.490097,3582,230,0.455802,0.2891
3088000,4543.215649,3593,234,0.471577,0.2656
3090000,4424.412444,3540,254,0.445842,0.2969
3092000,4292.545119,3546,241,0.441560,0.3438
3094000,4267.915212,3592,218,0.437050,0.2812
3096000,3902.898970,3551,236,0.410876,0.3516
3098000,4083.327503,3589,222,0.418468,0.3047
3100000,5755.915154,3614,189,0.379959,0.3203
3102000,5622.981914,3618,193,0.361372,0.3516
3104000,5960.041738,3611,194,0.336971,0.3125
3106000,6020.948668,3606,198,0.349298,0.2656
3108000,6045.547486,3610,200,0.365172,0.3203
3110000,3598.154753,3625,199,0.038306,0.1953
3112000,3580.486542,3629,223,0.039470,0.3281
3114000,3607.332695,3648,224,0.041498,0.2891
3116000,3585.113837,3636,216,0.042896,0.3125
3118000,3617.886737,3638,207,0.213037,0.3047
3120000,3782.904090,3660,195,0.241920,0.2812
3122000,3887.461695,3659,200,0.245286,0.3125
3124000,3695.729322,3607,232,0.165594,0.3906
3126000,3599.732655,3591,232,0.168469,0.2500
3128000,3807.354719,3550,249,0.211379,0.2891
3130000,3514.760440,3552,242,0.212379,0.3203
3132000,3478.089306,3532,260,0.201545,0.2812
3134000,4059.700882,3541,240,0.203581,0.3672
3136000,4319.658993,3576,236,0.118644,0.3047
3138000,4486.011502,3556,227,0.327428,0.3125
3140000,5056.156335,3562,226,0.376961,0.3047
3142000,5028.530380,3552,237,0.383507,0.3750
3144000,5048.842786,3549,247,0.387266,0.2969
3146000,5039.979599,3567,258,0.393998,0.3516
3148000,4259.839119,3565,245,0.442276,0.2969
3150000,4462.111646,3545,235,0.423397,0.3516
3152000,4469.043883,3541,239,0.419193,0.2656
3154000,4551.982477,3534,223,0.485006,0.3359
3156000,4527.966910,3583,194,0.488039,0.2891
3158000,4526.213716,3592,222,0.484011,0.2188
3160000,4528.551953,3588,230,0.462389,0.2422
3162000,4939.259077,3576,240,0.454672,0.2578
3164000,3608.637461,3579,237,0.313706,0.3594
3166000,3574.198987,3586,231,0.310483,0.3047
3168000,3599.779991,3596,216,0.322377,0.3359
3170000,5316.183557,3589,222,0.540773,0.3438
3172000,5403.712430,3616,232,0.507938,0.3516
3174000,5429.630465,3617,200,0.507096,0.2578
3176000,5457.113186,3631,210,0.504789,0.2812
3178000,9885.475298,3632,212,0.863691,0.3672
3180000,9075.264895,3636,202,0.816514,0.2578
3182000,8975.353039,3622,210,0.820084,0.2500
3184000,5444.619158,3642,198,0.354863,0.2109
3186000,5303.387599,3611,201,0.357815,0.2422
3188000,5262.156485,3623,207,0.380329,0.2734
3190000,5180.730707,3609,212,0.497769,0.2812
3192000,4527.642972,3598,201,0.494100,0.3125
3194000,5034.205687,3591,204,0.454810,0.3750
3196000,4259.882317,3614,185,0.400311,0.2578
3198000,5656.288306,3604,212,0.529579,0.3516
3200000,8404.064033,3614,196,0.796738,0.3047
3202000,8506.536758,3635,198,0.796678,0.2969
3204000,7642.587615,3618,201,0.656325,0.2891
3206000,5752.207788,3615,205,0.646036,0.2500
3208000,5550.159119,3605,200,0.648959,0.3281
3210000,5626.045528,3610,198,0.652376,0.3125
3212000,5114.369349,3598,226,0.223954,0.3281
3214000,7509.045265,3590,215,0.608781,0.2266
3216000,7506.858695,3616,206,0.596942,0.3281
3218000,8428.100853,3631,218,0.799892,0.3203
3220000,7772.671337,3633,210,0.718735,0.2969
3222000,3680.729124,3642,214,0.214045,0.3125
3224000,3685.255962,3632,207,0.207088,0.2500
3226000,3656.835166,3644,205,0.215197,0.3047
3228000,3691.023032,3665,190,0.184452,0.2891
3230000,6539.628100,3650,195,0.571626,0.3125
3232000,7532.333269,3637,214,0.733949,0.3438
3234000,6272.244347,3635,190,0.578598,0.2344
3236000,6263.482141,3640,217,0.618248,0.3359
3238000,3824.787156,3630,209,0.308991,0.3359
3240000,6353.883633,3640,205,0.659900,0.2812
3242000,6380.673214,3638,219,0.599197,0.2734
3244000,7722.483697,3621,223,0.554185,0.2734
3246000,6356.001077,3604,225,0.467970,0.2812
3248000,5595.778728,3581,227,0.349549,0.2891
3250000,6240.980382,3583,210,0.631281,0.2031
3252000,5556.324078,3603,182,0.409497,0.2422
3254000,6530.567393,3609,195,0.533025,0.3516
3256000,5707.017277,3629,197,0.606121,0.2656
3258000,5716.034682,3651,182,0.624160,0.2266
3260000,5668.986773,3627,203,0.632460,0.2969
3262000,5350.262085,3606,209,0.567796,0.2734
3264000,5153.227140,3653,194,0.572046,0.3125
3266000,5136.842194,3655,212,0.569310,0.2734
3268000,5043.424528,3673,181,0.565902,0.2422
3270000,5968.437016,3664,171,0.595316,0.2500
3272000,5953.019681,3619,190,0.549985,0.2969
3274000,7415.829308,3617,188,0.687912,0.2500
3276000,10235.296810,3630,193,0.775223,0.2500
3278000,3809.899288,3622,185,0.251447,0.2656
3280000,6896.347255,3609,216,0.680786,0.2734
3282000,6922.049498,3585,235,0.683364,0.3359
3284000,7068.756170,3610,236,0.694503,0.3203
3286000,4322.951569,3611,233,0.437450,0.2656
3288000,4411.542467,3591,240,0.119624,0.3125
3290000,4444.665338,3571,241,0.133251,0.2969
3292000,4541.751973,3566,227,0.167041,0.2500
3294000,3990.286768,3585,226,0.100688,0.2422
3296000,3842.540084,3608,218,0.071967,0.2656
3298000,4032.434450,3600,227,0.099263,0.3438
3300000,4162.786018,3562,245,0.053933,0.3359
3302000,3499.175453,3573,240,0.122150,0.3125
3304000,3456.491313,3575,226,0.128402,0.3047
3306000,5489.081827,3574,231,0.444292,0.2656
3308000,6729.225260,3578,236,0.587423,0.2891
3310000,4817.661699,3582,230,0.227420,0.2969
3312000,4681.434668,3601,219,0.274031,0.2969
3314000,4693.219802,3609,215,0.275225,0.2891
3316000,5572.521148,3613,207,0.518888,0.3359
3318000,6397.221817,3615,234,0.247067,0.3203
3320000,6426.822893,3615,214,0.254680,0.4219
3322000,6470.317674,3612,203,0.259566,0.2109
3324000,5384.702762,3598,223,0.159141,0.2812
3326000,5353.460948,3605,197,0.166808,0.3047
3328000,5346.178226,3603,216,0.158386,0.4062
3330000,5395.601150,3602,207,0.168707,0.2891
3332000,6580.178323,3620,211,0.446281,0.2969
3334000,5875.729038,3618,206,0.382402,0.3281
3336000,6036.361536,3601,216,0.589463,0.2734
3338000,5457.654738,3597,212,0.496529,0.2891
3340000,5464.772650,3601,206,0.494003,0.2578
3342000,5356.343115,3609,204,0.519706,0.2422
3344000,5348.689874,3604,206,0.512008,0.2891
3346000,5317.376977,3595,213,0.509088,0.2812
3348000,3673.727329,3589,197,0.217550,0.3047
3350000,3674.351779,3588,205,0.213355,0.2969
3352000,3796.747828,3570,227,0.210877,0.2812
3354000,5351.862486,3563,226,0.222388,0.3125
3356000,5753.614209,3552,232,0.317444,0.3203
3358000,5815.483445,3546,245,0.317235,0.2891
3360000,7247.843453,3565,222,0.723985,0.2734
3362000,7217.547971,3587,211,0.667784,0.2500
3364000,5094.111983,3596,200,0.573811,0.3438
3366000,3698.845648,3584,209,0.277110,0.3047
3368000,3696.705236,3577,211,0.273564,0.3359
3370000,3614.049583,3588,223,0.180255,0.3516
3372000,3537.791809,3589,214,0.173658,0.3594
3374000,4382.637789,3586,230,0.501983,0.2734
3376000,7129.952818,3570,238,0.534183,0.3594
3378000,6696.840359,3564,238,0.616087,0.2969
3380000,5264.903106,3561,222,0.549791,0.3047
3382000,4950.890188,3562,237,0.511411,0.3516
3384000,5781.354924,3581,217,0.460882,0.3672
3386000,5994.505025,3588,215,0.482188,0.2422
3388000,7542.899749,3588,220,0.668524,0.2344
3390000,9790.842299,3615,209,0.807214,0.2812
3392000,5332.460143,3639,192,0.202621,0.2578
3394000,5310.291953,3624,188,0.204951,0.3125
3396000,6544.668407,3619,199,0.325009,0.2656
3398000,6580.384634,3638,197,0.331984,0.2891
3400000,6622.830828,3637,201,0.336329,0.3359
3402000,6595.463359,3610,217,0.334492,0.3125
3404000,7062.798205,3609,225,0.274104,0.3047
3406000,6994.016461,3622,227,0.303076,0.3047
3408000,6960.889531,3622,219,0.298152,0.2969
3410000,6977.053565,3632,207,0.301390,0.3281
3412000,6964.656799,3647,192,0.208470,0.2656
3414000,7022.909061,3639,197,0.217527,0.2734
3416000,7428.011521,3653,185,0.347013,0.2656
3418000,6955.924376,3627,194,0.360508,0.2422
3420000,7464.558481,3600,213,0.694569,0.2500
3422000,6853.035944,3601,240,0.614549,0.3828
3424000,6125.960650,3598,232,0.510911,0.2891
3426000,6110.639813,3613,206,0.509181,0.3281
3428000,6491.393508,3583,213,0.464750,0.2969
3430000,4777.246513,3590,213,0.277450,0.2656
3432000,4427.684694,3620,183,0.057800,0.2969
3434000,4364.511392,3583,213,0.055789,0.3047
3436000,5109.526064,3583,208,0.019956,0.3125
3438000,5955.297486,3564,230,0.437439,0.2578
3440000,5802.210536,3586,225,0.456663,0.3438
3442000,5736.586612,3565,236,0.450279,0.2969
3444000,5730.142176,3573,236,0.448292,0.2500
3446000,6450.330442,3582,233,0.352113,0.2578
3448000,4234.360413,3575,217,0.178299,0.3203
3450000,6872.448597,3555,224,0.485617,0.2734
3452000,4299.786844,3516,243,0.014410,0.3438
3454000,6497.717781,3512,242,0.249423,0.3281
3456000,7407.013295,3528,245,0.601028,0.3359
3458000,6704.923890,3524,240,0.596878,0.3516
3460000,5323.968264,3507,263,0.268052,0.3281
3462000,6120.780328,3535,230,0.528226,0.3281
3464000,6085.016234,3525,228,0.529183,0.3125
3466000,6400.598659,3526,245,0.708244,0.3750
3468000,6519.894301,3525,242,0.710618,0.3125
3470000,6757.784994,3515,235,0.716718,0.3203
3472000,6706.972084,3508,229,0.714214,0.2969
3474000,6741.346423,3510,237,0.713297,0.3125
3476000,5521.629018,3533,232,0.205103,0.3594
3478000,4355.012623,3548,229,0.043805,0.3750
3480000,4349.355608,3559,232,0.044529,0.2656
3482000,4331.619880,3551,218,0.039209,0.3359
3484000,8515.355233,3533,229,0.693532,0.3203
3486000,8599.173273,3566,233,0.701548,0.3672
3488000,7126.875754,3580,219,0.311481,0.2656
3490000,7074.453991,3568,216,0.306703,0.2969
3492000,6968.532567,3581,225,0.460212,0.2422
3494000,6928.223821,3591,198,0.452595,0.2266
3496000,6917.023279,3591,193,0.452526,0.2344
3498000,6689.490201,3601,202,0.449158,0.2812
3500000,6096.583180,3584,223,0.381923,0.3359
3502000,5997.989324,3558,228,0.304212,0.3125
3504000,5461.119624,3558,238,0.500317,0.2969
3506000,5390.599856,3549,238,0.504205,0.2500
3508000,5374.178251,3588,231,0.484021,0.3125
3510000,6840.242648,3606,227,0.488819,0.3359
3512000,7153.766231,3594,222,0.560010,0.2969
3514000,7074.074657,3565,224,0.555945,0.3516
3516000,7162.160383,3569,222,0.569323,0.3203
3518000,6865.079772,3565,226,0.444758,0.3438
3520000,6900.620195,3575,222,0.444332,0.3281
3522000,6432.969426,3561,217,0.198458,0.2734
3524000,6995.750291,3588,214,0.491126,0.3281
3526000,5010.805569,3563,214,0.146107,0.3281
3528000,5435.296099,3542,239,0.177153,0.3672
3530000,6936.803448,3533,224,0.558435,0.3125
3532000,7362.325955,3555,219,0.709973,0.2969
3534000,7461.630103,3531,233,0.716883,0.2891
3536000,7168.967216,3535,227,0.782918,0.3438
3538000,4783.139239,3545,223,0.156399,0.3438
3540000,4684.089121,3557,226,0.319139,0.2969
3542000,4913.128398,3546,214,0.264923,0.2969
3544000,4934.745488,3528,215,0.266175,0.2422
3546000,5523.553866,3538,211,0.586834,0.2422
3548000,5960.814234,3543,213,0.662097,0.3203
3550000,6013.949044,3582,214,0.659710,0.2969
3552000,5944.279170,3614,216,0.656261,0.2656
3554000,3896.844020,3647,201,0.066941,0.2344
3556000,3823.255745,3633,190,0.061910,0.2891
3558000,4172.378089,3636,193,0.069921,0.3438
3560000,4182.821466,3616,206,0.071586,0.3047
3562000,5511.411384,3576,207,0.608272,0.3281
3564000,6655.357504,3567,217,0.622469,0.3047
3566000,5017.767345,3560,219,0.387583,0.3438
3568000,5068.682925,3569,218,0.388709,0.3047
3570000,6147.771933,3587,203,0.614689,0.2812
3572000,6051.152472,3585,205,0.603651,0.2891
3574000,6084.903616,3557,220,0.603502,0.3594
3576000,5753.872526,3562,223,0.608104,0.2891
3578000,5062.369497,3550,231,0.650691,0.3125
3580000,5457.143689,3538,239,0.691510,0.3359
3582000,6026.505927,3545,232,0.546114,0.2969
3584000,6450.810511,3540,220,0.722709,0.3359
3586000,6584.569311,3499,249,0.735910,0.3125
3588000,6726.049528,3515,234,0.764842,0.3438
3590000,6742.841116,3538,234,0.639552,0.3281
3592000,6748.942573,3559,221,0.471375,0.2812
3594000,6532.339628,3559,229,0.414630,0.3828
3596000,6521.919022,3574,223,0.415177,0.3438
3598000,6556.147804,3565,238,0.424311,0.3750
3600000,6096.790604,3541,243,0.348067,0.3047
3602000,6352.468321,3548,244,0.495659,0.2969
3604000,6194.745992,3549,240,0.492234,0.3359
3606000,6352.451097,3567,247,0.502933,0.3125
3608000,5714.118287,3614,208,0.312710,0.2812
3610000,4703.189565,3616,198,0.287493,0.2734
3612000,4807.679570,3589,213,0.168441,0.2656
3614000,6135.082658,3594,216,0.468354,0.3203
3616000,6283.728288,3580,220,0.502726,0.2891
3618000,6219.780190,3615,206,0.501381,0.2188
3620000,6297.190410,3618,210,0.498697,0.2734
3622000,6048.043860,3614,208,0.489993,0.3750
3624000,6048.572633,3596,218,0.484253,0.2891
3626000,6625.588697,3596,224,0.602150,0.2578
3628000,6673.908135,3608,222,0.599599,0.2344
3630000,6805.792831,3629,222,0.529405,0.2344
3632000,5393.235153,3612,227,0.195663,0.3281
3634000,5872.566020,3615,223,0.186730,0.3203
3636000,5749.145326,3609,220,0.157997,0.2891
3638000,4590.563410,3601,209,0.124608,0.3438
3640000,5890.942317,3615,214,0.153932,0.2891
3642000,6210.579357,3631,224,0.065231,0.3594
3644000,6234.290553,3606,225,0.067300,0.3203
3646000,6417.909442,3619,213,0.073504,0.3359
3648000,6703.396716,3617,216,0.344511,0.2891
3650000,6774.739284,3624,206,0.345470,0.2969
3652000,7291.527548,3589,211,0.368391,0.3203
3654000,7586.736984,3590,220,0.370673,0.3594
3656000,7677.829752,3593,217,0.366700,0.2500
3658000,7988.781107,3605,215,0.469819,0.3438
3660000,7630.333946,3614,217,0.691048,0.2344
3662000,7671.228222,3587,231,0.694409,0.2812
3664000,7125.720079,3586,237,0.742186,0.3516
3666000,7965.331939,3581,235,0.748951,0.3594
3668000,8254.750499,3600,208,0.751238,0.2656
3670000,8243.898452,3596,229,0.751486,0.3047
3672000,7452.769051,3608,222,0.782352,0.2188
3674000,5360.721173,3602,213,0.051231,0.3047
3676000,4215.530739,3598,213,0.205906,0.2734
3678000,7415.556763,3603,231,0.634599,0.2969
3680000,7130.415786,3611,218,0.642496,0.3203
3682000,9863.204720,3601,220,0.731916,0.2891
3684000,7085.797050,3616,232,0.430972,0.2734
3686000,5227.614021,3632,228,0.384319,0.3125
3688000,6766.726349,3617,223,0.551511,0.2734
3690000,6566.637518,3606,233,0.541831,0.3828
3692000,6822.569584,3639,215,0.623060,0.3672
3694000,5669.084052,3647,197,0.286580,0.2656
3696000,11735.667530,3613,223,0.785503,0.3359
3698000,7105.269653,3605,225,0.262425,0.2422
3700000,7078.459845,3613,223,0.253586,0.3047
3702000,7201.276760,3626,202,0.230384,0.3516
3704000,5861.172179,3604,209,0.027838,0.2969
3706000,5383.863876,3598,218,0.108951,0.3125
3708000,5485.222503,3585,232,0.135100,0.3125
3710000,5596.823562,3549,239,0.175455,0.2500
3712000,6583.920748,3567,216,0.300112,0.2734
3714000,5956.949613,3586,209,0.223492,0.3516
3716000,7667.640427,3560,210,0.267277,0.3672
3718000,7672.286762,3573,227,0.266315,0.2891
3720000,6023.740121,3564,237,0.203701,0.2969
3722000,6066.075642,3544,227,0.197963,0.2734
3724000,9462.940179,3574,213,0.738465,0.3281
3726000,6583.032223,3580,219,0.449564,0.2656
3728000,6256.032982,3595,220,0.654533,0.3672
3730000,6839.647947,3573,233,0.671108,0.2188
3732000,6748.222388,3557,244,0.662541,0.3359
3734000,6912.085434,3523,275,0.464672,0.3047
3736000,7163.077438,3539,243,0.553755,0.3906
3738000,5202.544946,3554,238,0.378000,0.3125
3740000,5209.896037,3532,249,0.380247,0.3125
3742000,5216.153523,3532,251,0.370406,0.3125
3744000,5405.635791,3526,249,0.404953,0.2031
3746000,5251.321891,3541,219,0.234801,0.3672
3748000,5016.822404,3553,198,0.204931,0.2891
3750000,5174.441048,3596,201,0.205010,0.2031
3752000,4695.088684,3594,212,0.350616,0.2969
3754000,4661.500657,3558,234,0.342940,0.2266
3756000,4461.162878,3587,214,0.359865,0.3516
3758000,4425.134800,3625,205,0.355739,0.3359
3760000,5312.626924,3620,210,0.133134,0.3125
3762000,7550.208518,3597,210,0.706223,0.2891
3764000,7589.596772,3594,205,0.704892,0.2500
3766000,8972.462812,3573,211,0.482811,0.2734
3768000,5961.251753,3594,188,0.013100,0.3125
3770000,5724.632161,3566,197,0.069605,0.2969
3772000,5836.006839,3585,195,0.188109,0.2266
3774000,8123.669010,3557,208,0.545484,0.2891
3776000,8135.840756,3546,213,0.544362,0.2344
3778000,12802.314926,3537,210,0.865914,0.3359
3780000,8128.477980,3525,239,0.626559,0.2031
3782000,8098.969670,3515,231,0.626762,0.3203
3784000,7952.684444,3524,228,0.613920,0.2578
3786000,8675.379369,3521,221,0.766729,0.2422
3788000,7902.634622,3568,214,0.788069,0.2578
3790000,8433.330809,3537,226,0.802036,0.2969
3792000,7855.283739,3532,224,0.611336,0.2734
3794000,8064.190047,3560,227,0.599263,0.4219
3796000,7271.816055,3534,244,0.653693,0.3281
3798000,9291.639959,3549,230,0.808021,0.2656
3800000,8309.590084,3571,220,0.652766,0.3047
3802000,7676.106431,3580,225,0.563392,0.3438
3804000,7635.104663,3570,235,0.567748,0.2812
3806000,6249.955432,3577,220,0.306361,0.3203
3808000,9428.177944,3600,216,0.780094,0.3750
3810000,7670.484312,3585,222,0.656544,0.2578
3812000,6105.731090,3594,237,0.497348,0.2734
3814000,8324.839267,3604,228,0.667809,0.2500
3816000,8019.616945,3596,211,0.679801,0.2500
3818000,7906.515755,3602,225,0.676175,0.3594
3820000,5593.922999,3570,232,0.472914,0.2656
3822000,5497.943421,3567,232,0.412431,0.3438
3824000,5493.875304,3565,243,0.408252,0.3281
3826000,5446.863354,3546,252,0.407737,0.3281
3828000,5790.348482,3555,260,0.447179,0.2969
3830000,11032.215719,3529,270,0.852141,0.3281
3832000,11114.235779,3521,245,0.859013,0.3984
3834000,10626.638798,3543,223,0.864544,0.2969
3836000,10347.034522,3544,209,0.876324,0.2656
3838000,10364.958389,3551,218,0.875205,0.2891
3840000,9062.317478,3530,228,0.833216,0.2969
3842000,9200.646452,3540,236,0.832325,0.4062
3844000,7476.548867,3542,221,0.532052,0.2891
3846000,3587.443353,3545,222,0.234286,0.3594
3848000,3290.952122,3542,219,0.002430,0.2969
3850000,3201.348859,3580,215,0.002211,0.2266
3852000,4211.174350,3564,212,0.238232,0.3359
3854000,6463.571343,3560,222,0.571440,0.2734
3856000,6481.506468,3561,218,0.572827,0.2266
3858000,6475.733029,3548,213,0.577093,0.2969
3860000,6915.358171,3586,195,0.625971,0.3203
3862000,5492.545224,3568,206,0.531496,0.3438
3864000,6638.391544,3557,212,0.799759,0.2734
3866000,7037.541496,3544,211,0.757685,0.2812
3868000,5819.297494,3539,210,0.556019,0.2266
3870000,5447.381976,3529,208,0.314511,0.3359
3872000,5010.540293,3519,212,0.086638,0.3359
3874000,4238.702997,3497,230,0.117521,0.3906
3876000,4806.666021,3516,237,0.411981,0.3984
3878000,5206.605646,3499,243,0.439993,0.2734
3880000,5298.108309,3518,235,0.435145,0.2891
3882000,5036.936022,3549,223,0.196408,0.2500
3884000,4935.695446,3562,230,0.261365,0.2656
3886000,4959.040660,3550,238,0.260086,0.3125
3888000,5085.244096,3537,231,0.269059,0.2969
3890000,4911.192149,3535,247,0.183104,0.3672
3892000,4623.358589,3548,224,0.155712,0.3203
3894000,4139.312048,3565,228,0.319224,0.2734
3896000,4118.740115,3576,216,0.315726,0.2422
3898000,4634.232907,3608,199,0.391996,0.2109
3900000,4426.539306,3593,217,0.099487,0.2734
3902000,4324.364053,3603,219,0.289940,0.3594
3904000,4510.612922,3607,213,0.060456,0.2812
3906000,4669.432484,3588,230,0.035193,0.3281
3908000,4866.215995,3572,228,0.023273,0.2891
3910000,4795.109619,3573,228,0.021948,0.3125
3912000,4083.095653,3571,232,0.224376,0.2266
3914000,4216.189431,3577,212,0.153115,0.3359
3916000,4332.797889,3581,215,0.019085,0.2734
3918000,4846.024444,3577,207,0.058196,0.2734
3920000,5319.493413,3575,210,0.374926,0.2969
3922000,5772.460593,3571,230,0.001359,0.3438
3924000,6792.503511,3587,223,0.102764,0.2734
3926000,6731.405511,3565,239,0.118926,0.2734
3928000,6405.523227,3565,240,0.084779,0.2734
3930000,6053.640922,3574,231,0.119741,0.2734
3932000,5984.660954,3561,222,0.111153,0.2812
3934000,5626.036688,3549,228,0.253777,0.2812
3936000,5862.650559,3592,200,0.157211,0.3125
3938000,4426.246042,3563,219,0.184606,0.3203
3940000,4425.570952,3579,212,0.043704,0.2578
3942000,5001.841879,3573,217,0.008225,0.2812
3944000,5267.061331,3571,210,0.011450,0.3125
3946000,5452.509509,3553,226,0.030778,0.3281
3948000,5605.161469,3569,229,0.016628,0.3125
3950000,5199.167891,3576,242,0.009761,0.2656
3952000,5190.556161,3570,247,0.006359,0.3594
3954000,4094.339929,3569,230,0.066184,0.2969
3956000,4711.247556,3555,241,0.058095,0.2578
3958000,4743.083986,3534,247,0.015384,0.2734
3960000,6234.356444,3550,238,0.283363,0.3516
3962000,6403.081007,3564,229,0.237373,0.2031
3964000,6472.580647,3577,214,0.340128,0.2656
3966000,6306.045349,3564,240,0.036475,0.3359
3968000,6077.187178,3574,240,0.041048,0.2812
3970000,6108.549210,3580,235,0.052034,0.3516
3972000,6116.635278,3576,226,0.046867,0.3047
3974000,6168.585648,3596,218,0.081798,0.3438
3976000,6060.284616,3605,210,0.113054,0.2656
3978000,5955.111807,3596,220,0.119656,0.2031
3980000,6129.060133,3574,230,0.133433,0.2656
3982000,5774.270564,3566,252,0.068158,0.2969
3984000,5509.524861,3589,218,0.013965,0.2734
3986000,6918.507090,3591,209,0.524200,0.2734
3988000,6730.646707,3582,212,0.187815,0.3281
3990000,7568.739862,3595,222,0.344897,0.2812
3992000,6390.249459,3611,221,0.422677,0.2734
3994000,5996.639413,3597,223,0.382718,0.3359
3996000,4771.657711,3604,229,0.202981,0.2734
3998000,5592.525984,3592,213,0.122180,0.3359
4000000,5873.588306,3604,209,0.096535,0.2812
4002000,5524.325567,3610,203,0.053484,0.2656
4004000,5042.589214,3620,195,0.068016,0.2344
4006000,4452.413389,3625,206,0.046121,0.3125
4008000,4894.335281,3583,215,0.332039,0.3203
4010000,5547.734162,3597,204,0.416648,0.3047
4012000,6610.747330,3592,207,0.553948,0.3359
4014000,5321.236706,3591,206,0.306444,0.2578
4016000,5493.566359,3587,197,0.331146,0.2969
4018000,5496.686441,3562,211,0.082808,0.3359
4020000,5056.662931,3572,213,0.097848,0.3359
4022000,5015.138626,3557,211,0.090353,0.3281
4024000,5025.298942,3522,217,0.078791,0.3281
4026000,4992.630919,3533,211,0.088033,0.2734
4028000,4961.908684,3534,230,0.097746,0.4297
4030000,5375.479999,3532,238,0.112102,0.3125
4032000,5344.214919,3538,233,0.118290,0.2891
4034000,5248.539268,3530,225,0.281554,0.3281
4036000,5167.102543,3549,211,0.279733,0.2266
4038000,5226.266991,3576,212,0.288390,0.2812
4040000,4736.116364,3556,231,0.020636,0.2891
4042000,6208.452016,3588,212,0.265895,0.3125
4044000,8601.947743,3569,227,0.803328,0.3359
4046000,5591.513631,3563,218,0.313452,0.2500
4048000,8526.367464,3543,217,0.725571,0.2891
4050000,7916.137870,3561,231,0.617764,0.3594
4052000,6598.166390,3587,225,0.421754,0.3203
4054000,7035.844583,3602,225,0.596489,0.2734
4056000,8814.362015,3604,233,0.643543,0.2656
4058000,9398.694049,3629,219,0.719918,0.3438
4060000,6944.486024,3625,227,0.623693,0.3281
4062000,7112.082541,3633,225,0.651866,0.2656
4064000,6529.634732,3639,219,0.652335,0.2500
4066000,8605.818394,3642,214,0.498652,0.3203
4068000,8392.379262,3621,214,0.484127,0.2891
4070000,5350.239289,3627,201,0.162101,0.2266
4072000,5770.349693,3644,212,0.100648,0.2656
4074000,5773.143153,3635,225,0.259888,0.2500
4076000,8143.804378,3613,228,0.654336,0.2969
4078000,5836.507166,3620,211,0.278975,0.2812
4080000,5891.360577,3618,226,0.275868,0.2109
4082000,7985.458309,3606,214,0.624211,0.2656
4084000,8091.283662,3618,216,0.677729,0.2266
4086000,7995.551278,3638,208,0.644145,0.2266
4088000,6550.728833,3615,220,0.345849,0.2266
4090000,8506.839828,3600,225,0.727879,0.2734
4092000,8666.706293,3598,229,0.700071,0.2500
4094000,8473.658218,3641,205,0.700358,0.3125
4096000,7750.783572,3663,206,0.553703,0.3047
4098000,6885.317940,3633,225,0.648920,0.2109
4100000,7602.577079,3621,223,0.500191,0.3125
4102000,7507.556789,3615,225,0.582832,0.2969
4104000,7701.933778,3623,217,0.591533,0.3047
4106000,6200.596284,3632,199,0.609328,0.2969
4108000,6617.406018,3655,199,0.662420,0.2578
4110000,10352.656928,3623,212,0.784769,0.3203
4112000,10040.505514,3639,213,0.844567,0.3281
4114000,10072.003573,3620,210,0.844399,0.2891
4116000,6583.329664,3625,211,0.355879,0.2969
4118000,5947.705166,3603,242,0.429100,0.3750
4120000,7134.074269,3590,237,0.542470,0.2422
4122000,7070.649092,3623,214,0.557393,0.3047
4124000,7005.939047,3623,195,0.453161,0.2891
4126000,5054.191116,3599,201,0.001601,0.2031
4128000,4358.249425,3600,194,0.028609,0.2734
4130000,4331.374731,3598,197,0.029238,0.2891
4132000,5076.091490,3552,214,0.003196,0.3984
4134000,5119.943347,3566,211,0.003949,0.2812
4136000,5159.055994,3578,228,0.053529,0.2969
4138000,7099.864515,3587,223,0.536849,0.3203
4140000,6224.021537,3584,216,0.490648,0.2344
4142000,7792.660972,3571,218,0.739365,0.3047
4144000,7706.403139,3571,226,0.721208,0.3125
4146000,7615.224131,3605,213,0.735236,0.2891
4148000,7702.651355,3598,221,0.738504,0.2578
4150000,4353.460359,3579,230,0.244935,0.3125
4152000,4143.925299,3570,241,0.190661,0.3438
4154000,4187.655560,3583,221,0.176354,0.3125
4156000,4136.340786,3577,209,0.076459,0.2188
4158000,4142.837255,3560,216,0.074156,0.2500
4160000,4106.272410,3554,217,0.074797,0.3203
4162000,4129.521492,3574,236,0.081735,0.2500
4164000,4119.032929,3576,225,0.084128,0.3203
4166000,3831.148430,3567,228,0.092831,0.2812
4168000,4052.623754,3589,232,0.132564,0.2500
4170000,6547.524386,3619,218,0.441215,0.2734
4172000,6607.099209,3590,225,0.436553,0.3125
4174000,6625.128247,3592,217,0.433622,0.2734
4176000,8391.097517,3614,217,0.711735,0.2422
4178000,5306.356808,3597,220,0.349818,0.2734
4180000,5341.884013,3599,204,0.340516,0.2734
4182000,5336.762431,3590,208,0.347471,0.3438
4184000,5304.669714,3625,188,0.338626,0.2734
4186000,5001.500339,3611,194,0.248160,0.2656
4188000,4130.493548,3591,212,0.281700,0.2734
4190000,5273.380256,3581,202,0.416482,0.2969
4192000,7099.594026,3594,208,0.775136,0.3281
4194000,7744.338564,3598,209,0.615356,0.2969
4196000,7765.473596,3587,212,0.574643,0.2422
4198000,6437.505050,3612,212,0.264029,0.3281
4200000,5622.529393,3596,217,0.420425,0.2500
4202000,5777.338816,3594,216,0.395387,0.2031
4204000,7010.337642,3578,233,0.489292,0.3203
4206000,8534.928237,3571,237,0.696997,0.2656
4208000,8564.037808,3533,262,0.745334,0.2969
4210000,8900.314348,3529,238,0.615732,0.3125
4212000,8046.665993,3569,231,0.537099,0.2266
4214000,7962.197541,3547,229,0.572597,0.2344
4216000,8281.191391,3567,220,0.704664,0.2578
4218000,7966.764403,3589,218,0.673818,0.3438
4220000,6054.797719,3622,219,0.200795,0.3359
4222000,4269.304224,3622,208,0.007055,0.2500
4224000,4650.053125,3617,217,0.047150,0.3594
4226000,4677.696480,3626,192,0.048792,0.2656
4228000,3783.224363,3641,194,0.030014,0.2656
4230000,3788.265028,3641,203,0.070170,0.3281
4232000,3715.175336,3631,214,0.081225,0.2812
4234000,3727.689164,3623,212,0.077206,0.3281
4236000,3757.268181,3561,221,0.075180,0.2969
4238000,3664.843305,3597,215,0.084649,0.3047
4240000,3691.814996,3605,221,0.089345,0.2734
4242000,3476.564690,3594,236,0.075612,0.3047
4244000,3390.931358,3588,237,0.067794,0.3750
4246000,3557.815720,3607,209,0.106405,0.2031
4248000,3402.229309,3606,220,0.089650,0.3594
4250000,4774.045284,3578,239,0.395133,0.3281
4252000,5303.073087,3538,253,0.313576,0.3203
4254000,5391.413982,3543,251,0.292360,0.3125
4256000,7682.883971,3545,242,0.711741,0.3438
4258000,5739.132883,3527,248,0.378270,0.3281
4260000,5194.503876,3562,237,0.443833,0.2578
4262000,5535.213795,3583,228,0.373427,0.2812
4264000,5374.700928,3556,230,0.301302,0.2734
4266000,5352.299486,3539,249,0.306441,0.3984
4268000,5922.202626,3516,273,0.576019,0.3125
4270000,5330.546773,3533,247,0.223342,0.3438
4272000,5325.297298,3547,234,0.218811,0.3125
4274000,5698.679310,3557,234,0.333388,0.3203
4276000,5466.885611,3584,228,0.307151,0.3359
4278000,4801.260031,3604,226,0.359269,0.2812
4280000,4896.325594,3598,230,0.384322,0.3359
4282000,4351.017201,3599,233,0.233070,0.3281
4284000,3986.434479,3604,218,0.149277,0.3203
4286000,4553.437579,3598,212,0.229416,0.2812
4288000,7405.678924,3621,200,0.673204,0.2812
4290000,9628.661803,3648,199,0.706482,0.2422
4292000,7597.673721,3643,209,0.634052,0.3438
4294000,5920.596508,3608,211,0.531005,0.2422
4296000,5961.224495,3584,213,0.596709,0.2578
4298000,6346.031301,3557,220,0.546494,0.2969
4300000,6398.738410,3579,210,0.576415,0.3047
4302000,6342.755076,3559,218,0.562718,0.2891
4304000,5542.599698,3579,237,0.647359,0.3047
4306000,5584.674426,3593,240,0.650003,0.3438
4308000,6325.447732,3617,233,0.670474,0.3281
4310000,6507.323775,3620,231,0.661022,0.2891
4312000,6058.089572,3615,211,0.518384,0.3359
4314000,5855.905598,3627,221,0.512937,0.1875
4316000,7172.569329,3622,221,0.564643,0.3047
4318000,5965.585404,3606,222,0.508241,0.3281
4320000,5998.996586,3578,244,0.513152,0.3125
4322000,6381.188708,3593,219,0.707351,0.2891
4324000,5965.081183,3596,219,0.680236,0.3125
4326000,5951.550504,3612,203,0.667370,0.2031
4328000,5835.196098,3591,221,0.636741,0.3125
4330000,5371.339075,3594,216,0.371148,0.2969
4332000,5917.627535,3599,226,0.754367,0.3359
4334000,5596.738079,3588,221,0.428370,0.2344
4336000,4529.840698,3590,216,0.156362,0.2578
4338000,4287.179844,3618,219,0.330487,0.2500
4340000,4455.901941,3602,227,0.581191,0.2734
4342000,5920.265301,3631,211,0.535722,0.3203
4344000,5952.171544,3625,214,0.534540,0.2891
4346000,5305.338626,3597,226,0.633912,0.3203
4348000,5551.413054,3599,216,0.520016,0.2578
4350000,4883.513971,3603,217,0.116158,0.2109
4352000,5048.960394,3585,227,0.121832,0.3047
4354000,5141.893954,3598,239,0.136582,0.3438
4356000,5170.889853,3581,239,0.138414,0.2969
4358000,5148.271066,3568,235,0.136997,0.2969
4360000,5791.504452,3564,251,0.293351,0.3906
4362000,5834.103117,3577,235,0.286735,0.3359
4364000,6561.245673,3592,228,0.419025,0.2969
4366000,6696.564216,3594,223,0.493891,0.3203
4368000,6201.415265,3609,214,0.351493,0.3047
4370000,6194.501431,3630,221,0.347870,0.3672
4372000,5018.270522,3600,224,0.135755,0.3125
4374000,4851.395681,3579,214,0.167148,0.3359
4376000,5618.851497,3594,219,0.195115,0.3047
4378000,6421.512154,3593,217,0.456719,0.2422
4380000,6481.252647,3600,207,0.458446,0.2891
4382000,5885.285077,3617,207,0.449133,0.2656
4384000,4607.954183,3600,233,0.118595,0.2734
4386000,5907.566597,3595,235,0.333909,0.3125
4388000,5836.732834,3555,240,0.324789,0.3281
4390000,5870.998486,3554,229,0.323380,0.2266
4392000,5700.041705,3575,228,0.281150,0.3516
4394000,5910.803637,3544,240,0.316646,0.3438
4396000,5246.122508,3547,236,0.197348,0.2344
4398000,4521.491822,3549,236,0.046054,0.3203
4400000,4537.940798,3552,236,0.053771,0.2812
4402000,4629.212879,3544,239,0.060337,0.3359
4404000,4199.683203,3548,239,0.088656,0.3750
4406000,6874.878450,3529,255,0.541655,0.3828
4408000,5216.529086,3560,239,0.441852,0.3203
4410000,4351.420633,3539,232,0.125026,0.2812
4412000,4520.918101,3538,251,0.118516,0.2656
4414000,4106.484959,3562,231,0.081560,0.3594
4416000,4115.288124,3585,225,0.065256,0.2344
4418000,6404.276433,3587,218,0.491483,0.2969
4420000,6250.257733,3593,227,0.440899,0.2656
4422000,6194.981284,3585,218,0.442838,0.3281
4424000,6022.431683,3579,211,0.447286,0.3281
4426000,6162.915975,3578,205,0.433587,0.2969
4428000,6958.787992,3581,222,0.634913,0.3203
4430000,6253.528159,3583,208,0.512462,0.2422
4432000,5715.680277,3578,237,0.540494,0.3281
4434000,3944.692463,3543,228,0.093121,0.2266
4436000,3671.816478,3565,207,0.230171,0.2812
4438000,5739.729133,3566,208,0.541625,0.3359
4440000,5641.126399,3573,209,0.510736,0.2422
4442000,7633.858817,3557,222,0.444117,0.2500
4444000,8115.345372,3573,209,0.515220,0.2734
4446000,5068.781061,3538,245,0.000493,0.3281
4448000,5788.431706,3529,253,0.030289,0.3359
4450000,7778.457450,3528,260,0.722618,0.2891
4452000,5257.182617,3565,226,0.496535,0.3594
4454000,5274.098903,3575,238,0.488864,0.3047
4456000,5292.679147,3604,226,0.497093,0.2734
4458000,5015.231842,3612,219,0.435464,0.2188
4460000,4060.965411,3603,232,0.313286,0.3516
4462000,5979.270160,3607,220,0.520988,0.2734
4464000,5160.765279,3609,198,0.263660,0.3359
4466000,5510.909808,3608,198,0.236898,0.2734
4468000,5130.668994,3620,213,0.151027,0.2891
4470000,6322.855551,3613,211,0.550765,0.3047
4472000,6757.320759,3594,208,0.600261,0.3438
4474000,6699.985557,3629,201,0.690295,0.3125
4476000,5094.243872,3603,217,0.395573,0.3203
4478000,4878.508479,3593,218,0.418261,0.3750
4480000,3968.332763,3614,207,0.040700,0.3047
4482000,3673.781784,3620,208,0.061215,0.2656
4484000,3744.358346,3618,219,0.045835,0.3203
4486000,4381.837749,3645,204,0.067116,0.2422
4488000,4460.866920,3622,219,0.098201,0.2891
4490000,4357.175653,3621,206,0.089391,0.2578
4492000,4272.097910,3607,210,0.126567,0.2812
4494000,4067.906352,3605,213,0.065844,0.2734
4496000,4166.972083,3626,208,0.017307,0.2188
4498000,5111.916421,3626,198,0.124488,0.2266
4500000,5078.095390,3616,203,0.126632,0.3359
4502000,4626.457211,3635,217,0.111806,0.2344
4504000,4637.410340,3666,201,0.187170,0.2969
4506000,4976.079055,3651,197,0.336921,0.2812
4508000,4138.585046,3635,201,0.105974,0.2500
4510000,4077.454528,3625,206,0.099994,0.3047
4512000,4445.753626,3631,194,0.015772,0.2891
4514000,4187.443004,3628,187,0.126967,0.2656
4516000,4197.500687,3632,192,0.118314,0.2891
4518000,4169.949580,3591,214,0.133979,0.3594
4520000,4878.436208,3573,217,0.252439,0.3438
4522000,4906.744633,3577,223,0.235037,0.2891
4524000,5133.076554,3601,216,0.172466,0.2734
4526000,5150.654369,3606,221,0.166554,0.2891
4528000,5156.321873,3585,226,0.147187,0.2891
4530000,5347.466877,3579,225,0.238210,0.2422
4532000,5405.643018,3572,237,0.187319,0.2734
4534000,5445.076971,3584,235,0.200022,0.2812
4536000,5296.466212,3618,226,0.087399,0.2734
4538000,4985.123492,3623,206,0.012250,0.2344
4540000,5210.344510,3612,209,0.081032,0.2422
4542000,4902.202739,3627,202,0.082847,0.3594
4544000,4788.062511,3609,210,0.282626,0.3828
4546000,5615.171095,3618,208,0.503375,0.2578
4548000,5713.295435,3599,203,0.543744,0.2344
4550000,4539.052897,3589,211,0.359537,0.3359
4552000,4393.002208,3579,222,0.330141,0.2812
4554000,4732.910910,3551,217,0.189349,0.3359
4556000,4353.887996,3590,223,0.131997,0.3281
4558000,4376.667223,3591,228,0.141844,0.3281
4560000,4084.469725,3582,209,0.105548,0.2656
4562000,4019.040330,3553,209,0.037891,0.2969
4564000,3809.728019,3567,208,0.033561,0.3281
4566000,3669.549365,3564,227,0.118714,0.3359
4568000,3798.812902,3577,217,0.085897,0.3438
4570000,3860.350874,3570,220,0.108505,0.3672
4572000,3898.065682,3614,216,0.105494,0.3516
4574000,3915.774128,3619,193,0.093846,0.2891
4576000,3690.334505,3596,209,0.081737,0.2031
4578000,3687.296581,3586,203,0.080802,0.2578
4580000,3730.307148,3549,207,0.106127,0.2188
4582000,3707.660864,3572,199,0.101200,0.2812
4584000,3594.792226,3577,215,0.085308,0.3203
4586000,3499.090270,3608,200,0.091629,0.2656
4588000,3263.135222,3621,218,0.062169,0.2891
4590000,3285.303544,3630,215,0.064264,0.2500
4592000,4288.422231,3622,233,0.018679,0.2891
4594000,4332.109612,3608,230,0.016392,0.2422
4596000,4329.930497,3625,202,0.015211,0.2734
4598000,4303.534900,3613,203,0.013157,0.3125
4600000,4649.729980,3620,202,0.037507,0.3359
4602000,4411.856986,3632,214,0.221324,0.2812
4604000,4720.938522,3636,214,0.037968,0.2812
4606000,4785.473472,3627,225,0.033515,0.3047
4608000,4735.172417,3653,208,0.013662,0.3516
4610000,4444.523680,3635,212,0.011158,0.2500
4612000,4459.521356,3677,190,0.004690,0.2500
4614000,4294.189986,3679,196,0.044340,0.1953
4616000,4167.202631,3656,186,0.236704,0.2812
4618000,4032.623563,3649,193,0.211111,0.3203
4620000,4333.624769,3656,195,0.186248,0.3359
4622000,4178.778629,3635,214,0.183699,0.3672
4624000,4306.601093,3610,220,0.127325,0.2578
4626000,4283.274305,3606,220,0.124290,0.3203
4628000,4372.632825,3590,217,0.184792,0.2500
4630000,4406.196474,3558,219,0.189544,0.3516
4632000,4376.502699,3594,205,0.187498,0.3203
4634000,4401.282406,3545,221,0.158937,0.3516
4636000,4412.226486,3563,224,0.159300,0.3203
4638000,4401.369471,3563,228,0.166964,0.3359
4640000,4346.439752,3553,242,0.196278,0.3047
4642000,3645.253008,3560,214,0.099975,0.2266
4644000,3726.812223,3552,232,0.096848,0.2969
4646000,3718.971640,3557,246,0.060621,0.2266
4648000,3665.355914,3556,238,0.047567,0.2656
4650000,3660.056889,3539,249,0.047448,0.3281
4652000,3557.762831,3588,219,0.167597,0.2969
4654000,3584.358186,3589,235,0.169385,0.3203
4656000,3665.359283,3601,220,0.054193,0.3125
4658000,3719.850604,3596,210,0.029177,0.2578
4660000,3632.069466,3601,221,0.023189,0.2344
4662000,4386.696653,3573,222,0.129579,0.2188
4664000,4389.742185,3579,216,0.130701,0.3125
4666000,4105.195806,3540,251,0.037314,0.2266
4668000,4090.818872,3560,237,0.052132,0.2578
4670000,3888.227530,3576,229,0.050911,0.3359
4672000,3960.010215,3556,227,0.084190,0.2344
4674000,4332.886781,3560,218,0.298700,0.2891
4676000,4742.379113,3549,222,0.297365,0.2656
4678000,4410.683062,3583,204,0.188997,0.3047
4680000,4572.125215,3583,208,0.179333,0.2578
4682000,3911.521013,3592,217,0.002109,0.3672
4684000,3988.768647,3613,199,0.037063,0.3359
4686000,4268.230972,3584,195,0.011107,0.2734
4688000,4109.408041,3572,210,0.025277,0.2656
4690000,4050.536262,3576,223,0.027779,0.4062
4692000,4016.788598,3597,223,0.079029,0.2500
4694000,4060.599128,3601,218,0.082743,0.3750
4696000,4779.962816,3592,217,0.160244,0.3203
4698000,4335.086609,3578,217,0.153228,0.2812
4700000,4393.946246,3593,221,0.165391,0.2891
4702000,4367.641329,3578,225,0.152584,0.3672
4704000,4355.049553,3615,203,0.149062,0.2188
4706000,4698.316947,3599,216,0.110958,0.3203
4708000,8050.111706,3584,219,0.498361,0.3594
4710000,6328.291811,3597,207,0.383128,0.3203
4712000,5803.632587,3604,211,0.283308,0.2500
4714000,5849.124040,3597,228,0.243478,0.2969
4716000,8184.396865,3600,231,0.575726,0.3047
4718000,8137.751618,3590,234,0.577141,0.2969
4720000,8778.471929,3602,221,0.554333,0.2422
4722000,8216.145579,3634,210,0.648290,0.3438
4724000,8119.027791,3646,223,0.649256,0.2422
4726000,8054.378699,3626,215,0.648310,0.3203
4728000,7097.129673,3617,225,0.683241,0.2812
4730000,7332.472691,3619,227,0.595421,0.3594
4732000,7657.020922,3614,234,0.450791,0.2969
4734000,7406.839122,3596,223,0.414197,0.3438
4736000,7771.039549,3582,230,0.433849,0.2578
4738000,7864.511234,3605,213,0.440932,0.3281
4740000,7831.839954,3634,212,0.469838,0.3281
4742000,5854.818871,3616,217,0.475787,0.2656
4744000,7121.682467,3612,209,0.645452,0.2188
4746000,6961.503127,3588,206,0.662552,0.2656
4748000,6948.080139,3571,235,0.661678,0.2578
4750000,6908.133457,3567,234,0.590591,0.2500
4752000,4870.153525,3581,217,0.163268,0.2344
4754000,4631.647582,3596,220,0.181502,0.2578
4756000,5267.659666,3640,202,0.375124,0.2344
4758000,5259.282117,3639,207,0.374851,0.3203
4760000,5559.567623,3634,203,0.188348,0.2266
4762000,6035.108651,3613,197,0.413691,0.2344
4764000,6366.373422,3597,214,0.569275,0.3125
4766000,5699.507909,3569,223,0.368900,0.2734
4768000,5922.550394,3565,223,0.511176,0.2578
4770000,5313.777097,3565,214,0.422931,0.2812
4772000,5348.914751,3568,214,0.475051,0.2578
4774000,5521.820186,3575,217,0.460758,0.2891
4776000,5531.948469,3583,208,0.460003,0.3438
4778000,5583.935044,3561,226,0.446805,0.3047
4780000,5472.206128,3567,240,0.473785,0.3047
4782000,5414.047913,3584,219,0.491021,0.2891
4784000,4383.997139,3606,207,0.334893,0.2656
4786000,4656.238395,3595,210,0.392736,0.2266
4788000,5752.842501,3584,205,0.617852,0.2656
4790000,5194.973686,3616,205,0.274094,0.3203
4792000,5810.270136,3602,211,0.615479,0.2500
4794000,6002.060496,3598,196,0.568049,0.3281
4796000,5969.222931,3608,207,0.566627,0.3281
4798000,5313.188228,3614,206,0.235024,0.3359
4800000,5295.880303,3618,196,0.231747,0.2969
4802000,5951.711829,3590,207,0.183728,0.2656
4804000,6920.307564,3578,191,0.339700,0.3047
4806000,5944.061635,3622,201,0.603825,0.3047
4808000,5944.832797,3598,196,0.662414,0.3047
4810000,5990.582730,3617,209,0.667684,0.3281
4812000,6115.489962,3620,216,0.669841,0.3125
4814000,6503.243417,3623,214,0.721759,0.3125
4816000,6929.631464,3580,235,0.541087,0.3125
4818000,6814.741119,3566,231,0.544231,0.2578
4820000,6825.820336,3592,217,0.544571,0.2734
4822000,7122.805978,3577,227,0.684956,0.4141
4824000,7071.955549,3562,244,0.701859,0.2734
4826000,5852.266825,3574,233,0.557920,0.3125
4828000,6123.393099,3570,236,0.475181,0.2969
4830000,4577.641176,3584,236,0.449725,0.2734
4832000,4681.809688,3614,213,0.461857,0.2578
4834000,4702.784775,3595,213,0.459029,0.3281
4836000,4683.991653,3627,221,0.466260,0.3203
4838000,5091.139127,3616,200,0.466221,0.2812
4840000,6692.690468,3604,215,0.726838,0.3047
4842000,6765.108485,3596,221,0.760653,0.2812
4844000,4290.863678,3584,225,0.368366,0.3672
4846000,4348.986524,3585,228,0.366049,0.2891
4848000,5464.442244,3569,240,0.361249,0.2578
4850000,7405.166078,3562,233,0.727065,0.2734
4852000,6416.359877,3582,227,0.512847,0.2656
4854000,6400.802234,3597,209,0.582737,0.2812
4856000,6251.674983,3586,212,0.571813,0.3203
4858000,5940.304979,3561,217,0.584760,0.2578
4860000,6136.617524,3550,233,0.610289,0.2969
4862000,6560.981099,3552,235,0.632207,0.3125
4864000,6506.987132,3544,241,0.631584,0.2656
4866000,5377.603732,3562,240,0.464954,0.2656
4868000,5602.957934,3577,218,0.486296,0.3672
4870000,5394.882414,3569,230,0.442211,0.3047
4872000,5551.566823,3568,233,0.601487,0.2969
4874000,5432.141538,3566,227,0.594756,0.3281
4876000,5108.763273,3557,228,0.556873,0.3750
4878000,5105.768413,3582,229,0.547979,0.2812
4880000,5187.546012,3579,243,0.614096,0.2578
4882000,5477.542351,3591,235,0.550889,0.3594
4884000,5284.184965,3590,224,0.482139,0.2891
4886000,8000.114744,3584,220,0.690728,0.3125
4888000,4787.422631,3578,210,0.248559,0.2969
4890000,5157.367428,3592,206,0.393917,0.2969
4892000,5502.502211,3573,194,0.470640,0.2266
4894000,5529.064384,3571,222,0.471791,0.2500
4896000,5247.607935,3576,205,0.450014,0.3047
4898000,5124.681355,3557,212,0.474691,0.2891
4900000,5080.726467,3548,215,0.443431,0.3281
4902000,4557.300651,3574,209,0.236325,0.2422
4904000,4684.244064,3552,224,0.246944,0.3750
4906000,4591.925567,3534,224,0.241019,0.2500
4908000,4353.476780,3531,232,0.224221,0.3359
4910000,4044.370529,3543,222,0.167993,0.3047
4912000,4029.774709,3532,243,0.193851,0.3281
4914000,4097.268795,3537,234,0.149905,0.2891
4916000,3944.283364,3539,224,0.161903,0.3047
4918000,4083.688215,3543,239,0.147296,0.2188
4920000,4485.703505,3532,240,0.198000,0.3203
4922000,4495.401484,3538,234,0.163812,0.2969
4924000,4255.670320,3552,206,0.165375,0.3281
4926000,6109.603446,3567,205,0.507907,0.3047
4928000,6189.320667,3535,214,0.571832,0.2969
4930000,6014.492504,3560,210,0.574161,0.2266
4932000,4547.780586,3541,229,0.300859,0.2422
4934000,7147.024514,3543,244,0.598011,0.3594
4936000,7011.411393,3547,237,0.617925,0.3281
4938000,7948.283116,3554,227,0.719802,0.2969
4940000,7035.365433,3560,231,0.620778,0.2812
4942000,6688.636933,3573,209,0.623353,0.2656
4944000,7705.864825,3577,208,0.712654,0.2656
4946000,7664.233591,3562,217,0.727867,0.2891
4948000,7669.808954,3564,243,0.734002,0.2656
4950000,4184.561423,3590,205,0.248611,0.3359
4952000,4435.420746,3565,225,0.286950,0.2812
4954000,4443.754793,3567,212,0.295238,0.3438
4956000,4405.112653,3559,218,0.295671,0.2578
4958000,5507.506824,3570,222,0.442870,0.2578
4960000,5445.620922,3576,216,0.504694,0.3125
4962000,6992.017809,3587,230,0.657582,0.3438
4964000,5217.448037,3561,244,0.460536,0.2812
4966000,5229.145451,3569,227,0.451876,0.2500
4968000,4220.303966,3603,227,0.250606,0.3281
4970000,4518.683881,3617,215,0.258477,0.3516
4972000,7477.561577,3587,210,0.619946,0.2812
4974000,3800.906416,3572,231,0.172727,0.3281
4976000,5248.511473,3572,220,0.514144,0.3203
4978000,5009.067943,3564,225,0.444826,0.3750
4980000,5782.124620,3565,219,0.662296,0.3281
4982000,4904.151673,3571,210,0.410165,0.3359
4984000,4866.932426,3578,217,0.514103,0.2891
4986000,4986.573898,3578,212,0.472634,0.1797
4988000,4820.416922,3568,235,0.431725,0.4062
4990000,5032.325837,3572,243,0.511432,0.2734
4992000,5222.382054,3579,226,0.387974,0.3047
4994000,5116.603316,3595,219,0.546726,0.3281
4996000,5209.852975,3582,219,0.549529,0.2812
4998000,4876.452919,3604,200,0.394980,0.2969
5000000,4599.521692,3607,214,0.367019,0.2734
5002000,4914.435505,3604,227,0.486666,0.2891
5004000,5040.736363,3601,224,0.597179,0.2500
5006000,6060.646590,3606,229,0.629411,0.2891
5008000,6079.235372,3595,226,0.629195,0.3438
5010000,6146.851274,3617,228,0.592749,0.4453
5012000,6089.809316,3603,229,0.592756,0.2656
5014000,5723.480189,3618,198,0.303923,0.2266
5016000,5771.756052,3615,196,0.490070,0.2500
5018000,5999.471917,3597,215,0.349027,0.3438
5020000,4678.573450,3594,217,0.332528,0.2422
5022000,5922.778591,3585,234,0.523172,0.2891
5024000,5257.002903,3571,233,0.579064,0.3125
5026000,4422.289932,3590,223,0.359380,0.3672
5028000,4341.407054,3584,217,0.342602,0.2812
5030000,8868.540993,3582,217,0.781913,0.3125
5032000,6595.674096,3569,232,0.217547,0.2734
5034000,7045.698125,3562,229,0.669606,0.3047
5036000,7655.084866,3556,216,0.727896,0.2969
5038000,7261.179664,3555,217,0.718771,0.3047
5040000,7172.674709,3547,236,0.713707,0.3438
5042000,7188.853434,3505,255,0.710654,0.3125
5044000,6577.361935,3519,245,0.282790,0.2500
5046000,3993.476775,3551,215,0.162704,0.3281
5048000,3903.415827,3574,204,0.149305,0.2500
5050000,5988.646330,3581,199,0.591689,0.3359
5052000,6033.205416,3592,228,0.598225,0.3828
5054000,8991.330484,3572,241,0.694748,0.3047
5056000,6949.987623,3580,233,0.427755,0.2734
5058000,6934.436248,3575,239,0.434289,0.3281
5060000,4798.909767,3558,235,0.074911,0.2734
5062000,4702.300421,3583,233,0.113032,0.3359
5064000,7871.717319,3602,219,0.744819,0.2734
5066000,7777.240223,3600,215,0.732023,0.2812
5068000,9023.023409,3583,217,0.778031,0.3125
5070000,4682.989652,3573,208,0.091012,0.3438
5072000,4880.974191,3599,197,0.052665,0.3438
5074000,4051.339620,3608,202,0.109411,0.3281
5076000,3981.705482,3581,215,0.115524,0.3047
5078000,3800.336639,3558,244,0.115275,0.2812
5080000,3843.080015,3556,211,0.109280,0.2891
5082000,9352.648157,3598,208,0.634959,0.1641
5084000,10614.577700,3600,214,0.847963,0.2500
5086000,10554.673986,3610,213,0.844345,0.3203
5088000,10500.551045,3598,218,0.846420,0.3281
5090000,10467.062460,3587,213,0.847667,0.2812
5092000,6935.634863,3577,218,0.521803,0.3047
5094000,5103.429514,3569,226,0.198974,0.3438
5096000,5934.910926,3584,230,0.541686,0.3047
5098000,6115.831552,3573,230,0.535517,0.2344
5100000,4919.341680,3557,254,0.378448,0.2656
5102000,6245.330667,3597,231,0.654616,0.2656
5104000,6254.497714,3585,227,0.700985,0.3516
5106000,5778.728224,3596,222,0.229764,0.3125
5108000,5734.720945,3587,220,0.221496,0.3281
5110000,6768.003705,3560,235,0.091839,0.3125
5112000,6764.816659,3577,217,0.088395,0.2500
5114000,6482.721597,3588,214,0.431659,0.2500
5116000,7271.243245,3587,221,0.624478,0.3359
5118000,5759.697474,3603,220,0.422114,0.2812
5120000,6162.606525,3617,250,0.389729,0.2578
5122000,6388.392156,3593,258,0.375273,0.2656
5124000,9985.806093,3607,248,0.738972,0.2656
5126000,8394.691348,3611,231,0.749407,0.2656
5128000,8363.421465,3620,226,0.724463,0.2422
5130000,5026.064151,3634,223,0.159918,0.3594
5132000,7819.495797,3641,223,0.779328,0.3047
5134000,7797.759744,3664,209,0.821623,0.2891
5136000,8107.831090,3670,207,0.723428,0.3438
5138000,7693.345200,3670,191,0.691692,0.2734
5140000,5084.164565,3670,203,0.303552,0.2578
5142000,5138.331027,3677,188,0.374877,0.3438
5144000,4317.230646,3676,192,0.015100,0.2422
5146000,4268.124368,3673,183,0.027280,0.2109
5148000,4567.337115,3647,183,0.002740,0.2578
5150000,6247.654911,3643,193,0.067053,0.2500
5152000,5510.961471,3638,198,0.012304,0.3047
5154000,5491.698458,3591,216,0.011530,0.2656
5156000,6360.926004,3581,220,0.044562,0.3359
5158000,6368.196523,3582,223,0.202649,0.3125
5160000,5277.737314,3589,218,0.100506,0.3516
5162000,5078.128540,3588,231,0.046653,0.3203
5164000,4621.403897,3562,240,0.179274,0.3203
5166000,4720.662733,3562,229,0.231227,0.2734
5168000,4093.864910,3555,237,0.187354,0.3516
5170000,4305.808917,3579,238,0.321342,0.3359
5172000,4307.380178,3586,239,0.312063,0.2969
5174000,4237.553588,3588,237,0.298034,0.3203
5176000,3646.088605,3605,210,0.073670,0.3047
5178000,3806.381753,3603,206,0.046750,0.2812
5180000,3948.006965,3598,216,0.052037,0.3125
5182000,3518.598143,3602,216,0.007777,0.3203
5184000,5664.347898,3608,218,0.498769,0.3281
5186000,5687.830583,3590,239,0.502769,0.3047
5188000,5881.291730,3604,222,0.521550,0.3281
5190000,4378.546721,3624,207,0.167555,0.3359
5192000,6814.254124,3618,214,0.571055,0.2891
5194000,4928.360784,3597,231,0.357851,0.2969
5196000,7805.884384,3613,223,0.508901,0.3516
5198000,7772.833547,3579,226,0.505698,0.2500
5200000,12128.405900,3601,229,0.792503,0.3203
5202000,9533.228998,3587,239,0.789493,0.3984
5204000,6598.293290,3600,231,0.262909,0.3125
5206000,7998.371222,3595,224,0.353750,0.3047
5208000,7518.055882,3588,222,0.616987,0.3438
5210000,8723.091912,3596,224,0.518194,0.3516
5212000,7490.315178,3582,234,0.567747,0.2578
5214000,6337.780313,3571,232,0.507997,0.2344
5216000,7696.185168,3580,237,0.670773,0.3281
5218000,9847.990068,3598,236,0.513618,0.3047
5220000,6695.563084,3620,225,0.431790,0.3828
5222000,6713.495499,3617,220,0.420177,0.2422
5224000,11780.612105,3584,222,0.652590,0.2812
5226000,6589.190585,3599,229,0.499191,0.2812
5228000,6417.821434,3622,208,0.301902,0.2344
5230000,8732.317710,3620,205,0.584524,0.3125
5232000,10256.537221,3627,207,0.608537,0.2500
5234000,10233.044195,3634,198,0.609300,0.2891
5236000,7216.804378,3639,195,0.257867,0.2891
5238000,6386.360938,3621,202,0.429311,0.3047
5240000,6349.307103,3629,197,0.395378,0.3203
5242000,8758.631448,3643,191,0.213355,0.2734
5244000,11002.325652,3653,188,0.414334,0.2969
5246000,11618.965650,3636,208,0.543164,0.3125
5248000,12377.783967,3658,200,0.691181,0.2891
5250000,10141.900718,3640,214,0.332856,0.3047
5252000,9692.874497,3627,231,0.447182,0.3125
5254000,9656.596055,3622,227,0.451089,0.2812
5256000,12614.092299,3644,213,0.611489,0.2500
5258000,13090.059448,3651,197,0.634824,0.3281
5260000,12905.848513,3636,212,0.457648,0.3047
5262000,7393.453340,3641,219,0.352719,0.2422
5264000,7441.573215,3596,236,0.380281,0.2344
5266000,10304.234497,3609,224,0.631801,0.2891
5268000,13398.615845,3582,240,0.876187,0.2578
5270000,7287.239965,3590,227,0.070351,0.3594
5272000,7090.500375,3591,228,0.159827,0.2891
5274000,5246.484970,3615,206,0.381979,0.2656
5276000,5513.575234,3624,207,0.262604,0.3281
5278000,8101.972746,3650,189,0.002194,0.3203
5280000,5837.807237,3646,201,0.356047,0.3281
5282000,5889.145619,3643,208,0.272821,0.2656
5284000,7472.435584,3618,231,0.537993,0.3047
5286000,5972.341551,3577,226,0.448184,0.3359
5288000,6491.122970,3579,229,0.123811,0.2969
5290000,6158.898664,3586,220,0.107155,0.2422
5292000,6038.218687,3597,234,0.101812,0.3359
5294000,6803.390880,3572,237,0.032688,0.3047
5296000,5806.675918,3599,209,0.055486,0.3984
5298000,5393.736104,3594,210,0.021585,0.2500
5300000,5671.834149,3571,225,0.032961,0.2891
5302000,5529.430117,3611,211,0.105375,0.2969
5304000,6483.459933,3559,233,0.500244,0.2969
5306000,6968.334119,3558,237,0.394174,0.3984
5308000,6753.138163,3560,229,0.440623,0.3203
5310000,6145.659388,3568,221,0.346531,0.2500
5312000,7094.843777,3570,220,0.249728,0.2812
5314000,7275.140237,3589,221,0.258228,0.2578
5316000,8069.894021,3590,225,0.551365,0.2891
5318000,8093.074202,3600,204,0.539748,0.3047
5320000,7627.518200,3587,211,0.392784,0.2891
5322000,7565.116531,3595,205,0.393549,0.3594
5324000,9316.907925,3593,215,0.547555,0.2969
5326000,7411.319371,3619,219,0.133713,0.2500
5328000,9350.979605,3603,241,0.565290,0.3047
5330000,10926.680380,3599,244,0.657289,0.2656
5332000,10784.032803,3607,205,0.654971,0.3281
5334000,9568.317322,3618,200,0.689503,0.2891
5336000,9354.900838,3617,191,0.597538,0.2969
5338000,8440.491481,3601,191,0.503781,0.3750
5340000,8748.871345,3599,209,0.558729,0.2891
5342000,8718.929144,3623,199,0.492774,0.2734
5344000,9416.362654,3598,219,0.579868,0.2656
5346000,8223.562742,3620,206,0.434708,0.2891
5348000,5566.670591,3605,228,0.470921,0.3828
5350000,5538.029419,3605,205,0.481093,0.2812
5352000,7045.382780,3626,212,0.442908,0.2578
5354000,6619.297708,3626,212,0.457794,0.2578
5356000,6561.835853,3644,211,0.458495,0.3203
5358000,6622.786251,3627,203,0.464664,0.3828
5360000,4827.347888,3646,202,0.215621,0.2812
5362000,4845.891801,3661,188,0.221358,0.3047
5364000,4034.502504,3641,200,0.005084,0.3047
5366000,5251.893679,3638,187,0.185634,0.2578
5368000,5254.257710,3626,191,0.192540,0.3125
5370000,5577.280842,3634,194,0.307199,0.2812
5372000,5564.856400,3646,202,0.341196,0.2578
5374000,5635.849151,3652,202,0.339901,0.2891
5376000,5613.863065,3630,214,0.333644,0.3516
5378000,6200.509799,3644,213,0.339027,0.3516
5380000,6184.245633,3616,213,0.330870,0.2656
5382000,5897.343848,3588,217,0.333011,0.2656
5384000,5899.110743,3594,223,0.347937,0.3438
5386000,4908.083850,3589,232,0.320149,0.2812
5388000,6739.399372,3564,238,0.480458,0.2266
5390000,6283.947106,3563,225,0.554589,0.3359
5392000,6126.074533,3582,237,0.212195,0.2578
5394000,6372.170611,3603,232,0.268258,0.3203
5396000,6802.604260,3587,220,0.341425,0.2344
5398000,6731.542796,3617,192,0.339369,0.1953
5400000,6645.252362,3599,207,0.341726,0.3281
5402000,7004.168714,3577,213,0.392238,0.2500
5404000,7599.121602,3586,214,0.505461,0.3047
5406000,6612.045733,3598,211,0.347097,0.3359
5408000,6589.043072,3600,204,0.485333,0.2500
5410000,6857.750964,3578,226,0.610549,0.2422
5412000,4807.507183,3565,215,0.063456,0.3125
5414000,7061.622650,3604,201,0.535742,0.2812
5416000,7034.270675,3598,232,0.535320,0.3438
5418000,7671.419614,3604,236,0.650823,0.2812
5420000,7621.679476,3617,209,0.644383,0.3203
5422000,6069.259169,3623,213,0.527252,0.2891
5424000,5774.016217,3638,205,0.392147,0.2578
5426000,5085.450919,3627,228,0.282018,0.3203
5428000,7394.519897,3606,228,0.734797,0.3359
5430000,7403.976761,3601,236,0.713897,0.3516
5432000,4566.894409,3607,236,0.162029,0.2891
5434000,4992.245127,3600,210,0.367436,0.2500
5436000,4780.283015,3607,210,0.337816,0.2734
5438000,8006.453898,3607,211,0.771846,0.3203
5440000,8887.519129,3610,203,0.753549,0.2969
5442000,8028.884151,3612,199,0.690845,0.2969
5444000,8199.933616,3580,215,0.676919,0.3359
5446000,8151.356007,3595,212,0.676025,0.2188
5448000,8674.809290,3622,198,0.756982,0.3203
5450000,7946.637812,3643,197,0.673107,0.3672
5452000,7043.549186,3621,208,0.584654,0.3516
5454000,6692.661427,3616,219,0.456475,0.2656
5456000,7000.156333,3604,206,0.439448,0.2578
5458000,7973.334753,3600,196,0.550000,0.3125
5460000,4976.785662,3617,202,0.405855,0.2734
5462000,5233.039655,3616,216,0.462803,0.3359
5464000,5287.153653,3603,211,0.469264,0.3125
5466000,5258.648673,3594,223,0.473831,0.2812
5468000,5538.760436,3615,217,0.494992,0.2812
5470000,5245.175031,3609,216,0.453123,0.3203
5472000,4475.575875,3593,219,0.380095,0.2422
5474000,4392.338133,3605,220,0.350945,0.3281
5476000,3947.890484,3612,225,0.243920,0.3047
5478000,3662.647925,3594,198,0.124177,0.2969
5480000,3843.682972,3595,207,0.034674,0.3359
5482000,3449.317660,3579,222,0.035389,0.3047
