step,rg2,perim,cycles,asph,movfrac
2000,4665.339505,3590,229,0.490608,0.2109
4000,4627.174974,3615,207,0.496149,0.3047
6000,4640.453604,3619,200,0.490653,0.2266
8000,4787.262991,3625,205,0.508436,0.3047
10000,6879.169834,3633,208,0.632499,0.2734
12000,6903.929833,3610,212,0.645345,0.2500
14000,6916.085640,3609,217,0.648873,0.3359
16000,6938.229201,3595,227,0.643304,0.2812
18000,6609.792141,3628,185,0.412516,0.2578
20000,6557.054017,3608,181,0.406125,0.3203
22000,5599.065873,3612,207,0.574502,0.2422
24000,5867.739679,3620,213,0.616705,0.2812
26000,5800.658611,3602,218,0.606466,0.2344
28000,5757.132210,3588,213,0.606691,0.2500
30000,5731.218559,3588,217,0.636605,0.3750
32000,6030.916602,3564,239,0.480987,0.3359
34000,6099.153124,3585,208,0.488703,0.3516
36000,7251.149652,3582,220,0.526830,0.3047
38000,5893.771238,3584,225,0.279769,0.2969
40000,5901.805843,3588,235,0.276211,0.2812
42000,7323.658122,3574,240,0.638586,0.2812
44000,7483.252017,3581,232,0.637884,0.2812
46000,9004.172686,3577,244,0.764459,0.3281
48000,7655.735020,3579,239,0.657827,0.3438
50000,7699.372470,3556,227,0.660245,0.3203
52000,4593.064372,3530,239,0.211439,0.2578
54000,3662.712839,3544,220,0.091454,0.2422
56000,3795.787747,3554,234,0.072524,0.2891
58000,6837.144092,3595,232,0.542641,0.3047
60000,6827.721024,3583,226,0.526590,0.2656
62000,5227.787372,3583,206,0.160986,0.2969
64000,7855.450085,3574,213,0.737032,0.3359
66000,8035.761784,3556,225,0.738211,0.3281
68000,8082.683906,3553,222,0.738308,0.2109
70000,5673.540275,3585,214,0.663294,0.2812
72000,5647.083260,3576,210,0.670385,0.3281
74000,5531.752057,3579,213,0.598647,0.2812
76000,3986.941279,3599,214,0.002902,0.3438
78000,3996.109391,3597,212,0.001980,0.3438
80000,5995.675619,3582,226,0.409950,0.2578
82000,5234.579202,3568,215,0.240764,0.2578
84000,4916.914535,3578,204,0.171411,0.2891
86000,4835.021811,3578,205,0.198995,0.3125
88000,4788.274151,3569,204,0.200746,0.2734
90000,4824.310439,3581,203,0.198594,0.2891
92000,4813.907856,3581,208,0.187650,0.2656
94000,7327.140371,3580,223,0.617114,0.2500
96000,4730.648140,3540,234,0.127482,0.3281
98000,4641.631340,3550,245,0.160431,0.3750
100000,5231.567937,3542,236,0.335806,0.3594
102000,5387.590077,3548,223,0.356830,0.3750
104000,4379.887872,3544,232,0.165572,0.3047
106000,4329.228737,3563,246,0.160457,0.3203
108000,5103.319448,3564,229,0.057210,0.3750
110000,5090.621333,3605,221,0.052249,0.3047
112000,3420.323039,3592,213,0.015392,0.2266
114000,3407.027690,3624,195,0.021690,0.2969
116000,3223.361330,3625,188,0.014206,0.2656
118000,3779.919103,3588,217,0.022666,0.2891
120000,4303.938596,3582,216,0.058741,0.2734
122000,3752.844066,3569,217,0.003672,0.3203
124000,5599.979124,3576,219,0.473663,0.3125
126000,5616.319029,3563,209,0.473976,0.2344
128000,5545.155846,3556,206,0.437358,0.2812
130000,6412.847194,3573,222,0.573716,0.3594
132000,6700.054851,3594,231,0.609579,0.3203
134000,6810.388400,3613,230,0.622462,0.3672
136000,6768.067769,3611,231,0.621814,0.3047
138000,3806.631401,3565,234,0.082526,0.3125
140000,3791.670763,3586,225,0.082072,0.3438
142000,3719.017474,3573,220,0.050940,0.2734
144000,3662.908937,3562,229,0.037886,0.2578
146000,3662.262043,3546,213,0.113321,0.3516
148000,3698.389564,3537,216,0.132483,0.2656
150000,3666.375059,3558,213,0.127601,0.3281
152000,3784.342530,3587,201,0.030783,0.2500
154000,3926.071802,3574,210,0.057442,0.3125
156000,4227.569781,3556,241,0.078106,0.3203
158000,3804.554550,3568,240,0.083937,0.2734
160000,3555.672458,3563,240,0.090628,0.2812
162000,3701.741124,3567,220,0.188753,0.2969
164000,3711.886219,3574,215,0.191919,0.3047
166000,3999.733369,3579,193,0.449973,0.2109
168000,4385.047762,3568,205,0.326093,0.3281
170000,5138.340990,3577,211,0.509479,0.2266
172000,4801.940019,3588,205,0.434586,0.2891
174000,4723.763637,3548,227,0.429211,0.2500
176000,4823.085155,3545,224,0.442211,0.3125
178000,4838.667594,3577,203,0.443283,0.2578
180000,4664.195044,3608,194,0.414486,0.2969
182000,4402.291842,3591,212,0.349832,0.2422
184000,4418.332519,3609,204,0.353056,0.3203
186000,4315.097768,3612,219,0.412680,0.3281
188000,4315.899846,3613,215,0.412537,0.3125
190000,3629.678978,3577,228,0.422525,0.4375
192000,3657.184076,3601,222,0.409266,0.3281
194000,3626.734626,3591,226,0.409977,0.3125
196000,3635.029178,3581,227,0.408685,0.2500
198000,3794.137266,3571,226,0.295679,0.3203
200000,3449.867343,3545,229,0.235444,0.2422
202000,3443.524853,3513,229,0.234010,0.3203
204000,3478.191210,3503,253,0.242262,0.3125
206000,3475.877450,3530,237,0.240244,0.2656
208000,3471.303147,3548,227,0.244713,0.2500
210000,3196.637881,3541,234,0.200416,0.2734
212000,3581.814789,3537,238,0.308362,0.2812
214000,3433.667405,3547,223,0.232573,0.3672
216000,3480.522298,3547,226,0.227139,0.3125
218000,3408.958423,3561,215,0.216386,0.2734
220000,3392.159034,3552,221,0.198600,0.2500
222000,3419.043791,3555,225,0.206586,0.2969
224000,3422.980735,3545,234,0.195500,0.3203
226000,3610.083364,3539,245,0.276603,0.2031
228000,3759.456910,3582,227,0.248636,0.2656
230000,3771.484009,3546,215,0.287642,0.3125
232000,3642.162968,3570,214,0.233642,0.3359
234000,3626.023546,3558,219,0.232557,0.3125
236000,3604.462596,3573,225,0.226039,0.2891
238000,3643.175283,3583,212,0.219934,0.2812
240000,3617.299522,3558,229,0.215964,0.3672
242000,3608.936979,3546,234,0.223555,0.3438
244000,3609.619768,3554,232,0.231907,0.2969
246000,3608.729256,3533,256,0.227865,0.2812
248000,3633.439591,3557,228,0.220099,0.2891
250000,3701.725997,3572,220,0.236811,0.3047
252000,3771.521940,3613,194,0.186668,0.2969
254000,3502.231393,3605,205,0.201153,0.2656
256000,3642.416158,3605,216,0.300518,0.2891
258000,3609.282127,3604,224,0.323880,0.2656
260000,3608.198287,3606,225,0.376845,0.3203
262000,3487.143829,3630,216,0.277488,0.3906
264000,3518.311932,3631,198,0.283329,0.3281
266000,3666.333002,3608,201,0.383859,0.2969
268000,3695.320798,3591,214,0.358267,0.3125
270000,3236.776161,3577,226,0.193444,0.2500
272000,3339.787277,3605,224,0.235981,0.2344
274000,3356.331344,3622,238,0.234121,0.2812
276000,3326.283491,3601,232,0.247993,0.2891
278000,3330.726984,3584,241,0.252633,0.3125
280000,3981.098857,3585,234,0.426958,0.2500
282000,3958.385597,3570,250,0.431895,0.3906
284000,3238.469585,3561,257,0.045283,0.3594
286000,3232.622360,3600,235,0.055503,0.2969
288000,3291.765964,3593,236,0.093472,0.3203
290000,3210.527676,3587,218,0.053285,0.2031
292000,3224.218399,3593,211,0.050414,0.3047
294000,3157.600164,3564,226,0.065275,0.2656
296000,3151.478092,3572,230,0.083993,0.3203
298000,3212.524682,3594,207,0.099756,0.2578
300000,3395.398916,3573,228,0.119814,0.3359
302000,3346.599348,3565,218,0.120516,0.2812
304000,3646.624618,3560,228,0.156928,0.3672
306000,3629.921689,3583,212,0.152057,0.3984
308000,4601.911462,3592,205,0.353064,0.3203
310000,4576.703095,3556,218,0.380186,0.2656
312000,4610.204193,3545,213,0.387463,0.3359
314000,4613.545379,3548,221,0.382069,0.3750
316000,4668.767273,3535,214,0.377376,0.3047
318000,4707.358618,3562,207,0.381563,0.2812
320000,4731.996067,3558,220,0.381851,0.3203
322000,4738.119431,3567,217,0.381310,0.3203
324000,4467.541928,3571,235,0.374875,0.3281
326000,4742.437731,3589,222,0.381408,0.3047
328000,4979.408176,3596,215,0.447041,0.2500
330000,4834.095586,3591,205,0.436599,0.3672
332000,4804.000403,3586,205,0.434777,0.3594
334000,4772.875115,3581,210,0.362038,0.3047
336000,4794.639126,3586,225,0.365190,0.3281
338000,5207.884032,3576,232,0.446319,0.3125
340000,5207.198055,3560,236,0.464227,0.2891
342000,5498.268963,3546,213,0.464642,0.2969
344000,5327.258171,3561,222,0.453004,0.3203
346000,4468.768116,3546,229,0.350696,0.3203
348000,4492.167589,3524,223,0.354910,0.3125
350000,4649.106911,3531,224,0.419149,0.3125
352000,4465.760349,3523,234,0.441423,0.2891
354000,4502.942464,3545,231,0.457839,0.3281
356000,4683.771314,3519,245,0.443218,0.2812
358000,4706.234451,3517,248,0.298984,0.2500
360000,5756.448434,3485,256,0.603474,0.3281
362000,5851.528829,3516,242,0.632996,0.3359
364000,6569.170331,3521,244,0.694631,0.3594
366000,6567.164739,3537,222,0.694826,0.2500
368000,5679.476986,3578,216,0.338123,0.2734
370000,5038.504185,3551,227,0.324177,0.3438
372000,5261.887632,3567,217,0.339000,0.3594
374000,5364.701982,3560,219,0.462101,0.2500
376000,5331.025944,3548,222,0.461745,0.2734
378000,4708.115183,3547,235,0.479797,0.2188
380000,5169.401119,3578,248,0.473292,0.3203
382000,5428.663004,3598,245,0.548533,0.3281
384000,4422.192967,3608,230,0.144871,0.3125
386000,4816.246332,3615,228,0.123572,0.3047
388000,4886.018919,3607,226,0.121398,0.3047
390000,4910.740260,3624,203,0.138374,0.2578
392000,5120.574737,3623,204,0.271377,0.3672
394000,4785.642337,3615,196,0.376151,0.2344
396000,4869.541583,3611,209,0.329931,0.2578
398000,4841.380585,3623,218,0.315477,0.3203
400000,4856.738724,3637,198,0.317340,0.2500
402000,4940.068905,3590,222,0.362735,0.2344
404000,5083.675384,3608,211,0.240865,0.3047
406000,4939.441125,3617,203,0.329323,0.2422
408000,4422.770007,3613,189,0.292609,0.3203
410000,4194.400969,3592,205,0.094771,0.2969
412000,4142.197703,3597,227,0.063971,0.2344
414000,4179.678562,3577,231,0.347141,0.3516
416000,4167.226384,3591,223,0.353724,0.2344
418000,3648.533789,3589,220,0.236669,0.2891
420000,3375.694202,3604,217,0.208205,0.3672
422000,5923.731991,3602,221,0.393816,0.2812
424000,4612.606839,3589,232,0.322691,0.3125
426000,4168.407980,3616,206,0.460963,0.2734
428000,4732.919003,3596,225,0.481600,0.3594
430000,4896.190742,3602,202,0.526345,0.2734
432000,5024.366280,3605,199,0.391293,0.3359
434000,5042.490772,3616,210,0.391760,0.3359
436000,5065.054268,3602,229,0.389732,0.2969
438000,5742.892119,3599,210,0.553272,0.3750
440000,5923.213924,3595,212,0.570532,0.2734
442000,5964.130692,3595,219,0.575530,0.2891
444000,6260.394976,3601,235,0.407802,0.3203
446000,5366.907103,3621,233,0.140609,0.3047
448000,6293.422184,3608,229,0.047633,0.3281
450000,6307.150594,3619,221,0.137956,0.3281
452000,6401.987996,3616,224,0.079528,0.3125
454000,6300.521392,3614,219,0.204773,0.3125
456000,6239.601706,3612,206,0.202676,0.2891
458000,8642.176607,3599,228,0.561627,0.2891
460000,7893.769407,3591,238,0.084810,0.3359
462000,7879.008027,3573,252,0.070745,0.2344
464000,9148.828735,3569,222,0.785105,0.2969
466000,5926.119470,3583,216,0.165034,0.2891
468000,5631.269829,3573,224,0.077865,0.2266
470000,6282.870452,3601,219,0.251014,0.3438
472000,6047.304937,3604,211,0.125632,0.2656
474000,5969.376141,3600,211,0.136706,0.3281
476000,7097.899900,3616,190,0.315978,0.3203
478000,7317.971784,3617,206,0.648111,0.3047
480000,7228.748717,3599,200,0.636244,0.2578
482000,7671.134723,3615,196,0.694680,0.3125
484000,7203.933180,3617,210,0.629844,0.3438
486000,7170.812087,3605,202,0.690537,0.2500
488000,7081.886672,3610,198,0.705965,0.3203
490000,6220.446732,3611,206,0.520519,0.2578
492000,6170.252685,3623,191,0.629012,0.2734
494000,5998.823330,3605,200,0.581073,0.2578
496000,5878.106480,3606,194,0.559247,0.3125
498000,5528.081695,3556,227,0.254472,0.3438
500000,5558.503243,3581,200,0.244502,0.2500
502000,6066.793349,3562,220,0.337913,0.3281
504000,6910.762693,3592,208,0.295332,0.3594
506000,4618.580344,3597,200,0.042811,0.3203
508000,4600.673429,3600,208,0.041028,0.2891
510000,3985.682404,3615,219,0.050695,0.4062
512000,4098.458613,3643,201,0.020380,0.3047
514000,4031.820792,3627,189,0.015757,0.2266
516000,4024.448461,3628,180,0.016590,0.2734
518000,4955.288154,3637,201,0.073375,0.2734
520000,5007.117922,3629,194,0.215523,0.2656
522000,9396.083461,3626,207,0.570322,0.2734
524000,6470.486761,3622,225,0.172113,0.2734
526000,9430.729097,3626,229,0.635610,0.3672
528000,5743.172641,3631,220,0.241822,0.3047
530000,5747.353049,3614,210,0.239486,0.2656
532000,4976.614693,3587,228,0.241332,0.2969
534000,4834.786045,3579,229,0.230034,0.2500
536000,5971.970459,3580,209,0.412801,0.3594
538000,5033.040652,3609,202,0.059007,0.3281
540000,5038.636231,3617,211,0.070663,0.2734
542000,6699.992612,3615,217,0.376401,0.3203
544000,6635.753541,3651,216,0.371946,0.3203
546000,5180.952951,3625,218,0.249638,0.3438
548000,4554.936366,3645,197,0.212400,0.2344
550000,4905.649463,3649,205,0.262711,0.3984
552000,4765.331856,3629,223,0.237969,0.3516
554000,5473.487728,3613,226,0.549562,0.3203
556000,5731.684684,3627,216,0.565344,0.2734
558000,5832.977304,3616,208,0.584039,0.3281
560000,5473.313919,3594,196,0.503957,0.2578
562000,5522.626772,3587,231,0.501134,0.2500
564000,4875.205313,3583,233,0.497501,0.2969
566000,4940.714477,3630,221,0.504154,0.2969
568000,4852.075129,3613,225,0.439226,0.3125
570000,4951.210429,3612,225,0.429922,0.3750
572000,4923.266739,3646,206,0.426819,0.2734
574000,4847.477347,3596,217,0.416426,0.2500
576000,4789.996691,3609,208,0.410414,0.2656
578000,4808.301020,3635,213,0.407156,0.3047
580000,4498.302599,3604,212,0.472808,0.3359
582000,7097.442544,3610,207,0.665890,0.3125
584000,4064.119328,3593,206,0.546233,0.2500
586000,3733.314646,3589,209,0.478704,0.2969
588000,3858.025241,3585,246,0.086964,0.3516
590000,4320.146491,3594,228,0.227138,0.3125
592000,4315.146700,3612,219,0.214193,0.2500
594000,4069.928253,3626,216,0.235988,0.3047
596000,4051.710300,3639,208,0.240303,0.2500
598000,6317.957265,3617,213,0.617818,0.2812
600000,4426.071160,3643,193,0.396957,0.3203
602000,4399.621080,3622,205,0.376741,0.2734
604000,5770.292464,3620,201,0.617567,0.2656
606000,5753.839297,3591,194,0.610363,0.2500
608000,7799.399372,3591,231,0.639178,0.3281
610000,7010.524229,3615,223,0.614321,0.2578
612000,7066.764597,3631,203,0.619203,0.3203
614000,7262.441158,3626,203,0.587331,0.3359
616000,8174.801776,3645,193,0.515214,0.2812
618000,4783.929928,3636,194,0.095326,0.2344
620000,7003.889060,3609,220,0.380830,0.2734
622000,6300.883480,3609,213,0.250130,0.3203
624000,8207.777640,3612,222,0.553170,0.3125
626000,9113.320151,3610,221,0.757531,0.3594
628000,8140.695664,3600,216,0.616265,0.3750
630000,8536.083497,3607,208,0.631128,0.3047
632000,7585.517362,3622,190,0.639206,0.2344
634000,7700.499972,3620,213,0.612410,0.2734
636000,6285.921804,3617,215,0.614017,0.2969
638000,6275.165391,3613,219,0.609808,0.2969
640000,6767.220024,3583,231,0.446172,0.2656
642000,6690.581000,3588,232,0.341623,0.2500
644000,7191.503552,3583,236,0.424454,0.3125
646000,7468.142037,3591,244,0.709477,0.2578
648000,7412.619651,3597,232,0.701635,0.3281
650000,7367.470968,3586,224,0.699927,0.3125
652000,4400.328519,3608,216,0.150767,0.2266
654000,4455.555577,3606,219,0.157364,0.2578
656000,5663.342636,3633,197,0.423025,0.2109
658000,4607.479736,3643,198,0.170109,0.2734
660000,4487.680940,3634,200,0.223379,0.2812
662000,4609.621286,3647,208,0.139478,0.2500
664000,5046.614761,3630,211,0.226207,0.2969
666000,5358.454917,3645,192,0.432517,0.2891
668000,5274.307651,3631,200,0.417822,0.3203
670000,4263.922355,3643,187,0.072883,0.3516
672000,4117.395487,3628,202,0.186841,0.2812
674000,4601.086359,3641,210,0.304154,0.2422
676000,4211.372809,3644,193,0.153495,0.3281
678000,6008.457102,3619,218,0.064856,0.2891
680000,6434.146579,3650,190,0.170605,0.2109
682000,6389.243035,3649,193,0.123648,0.3125
684000,5523.377854,3663,199,0.131199,0.3125
686000,6014.026985,3649,191,0.312359,0.2422
688000,6196.525866,3649,204,0.204048,0.3047
690000,7006.991424,3624,202,0.488157,0.3438
692000,9171.109818,3631,195,0.417927,0.2266
694000,9217.683362,3637,194,0.383247,0.3125
696000,9362.191291,3643,207,0.489245,0.2891
698000,9334.359873,3625,206,0.491973,0.3359
700000,9356.584970,3608,207,0.493590,0.2969
702000,8644.530238,3622,214,0.381042,0.3672
704000,7662.309246,3630,210,0.418566,0.2422
706000,8319.704655,3635,210,0.322734,0.3750
708000,7937.002003,3631,216,0.346825,0.3125
710000,7298.538457,3620,216,0.401397,0.2500
712000,6600.916859,3627,216,0.480008,0.3672
714000,6190.831372,3609,226,0.312970,0.2188
716000,6183.337765,3633,206,0.197101,0.2812
718000,5068.587227,3658,205,0.101552,0.2812
720000,5963.654240,3617,217,0.131530,0.3047
722000,5924.196650,3622,225,0.131004,0.3516
724000,6299.579749,3636,202,0.150238,0.2422
726000,6254.275332,3636,203,0.152972,0.2656
728000,6570.861412,3610,218,0.196513,0.3750
730000,5692.535672,3609,218,0.158275,0.2734
732000,6438.965795,3617,204,0.350218,0.2734
734000,7148.838254,3617,212,0.406500,0.2734
736000,5710.156682,3602,226,0.229803,0.3516
738000,5212.244451,3603,220,0.269692,0.3281
740000,6485.491688,3627,197,0.470321,0.3281
742000,5760.277397,3630,201,0.245220,0.2578
744000,5595.027257,3630,193,0.206823,0.2734
746000,5653.056141,3656,205,0.288643,0.3438
748000,5755.477637,3637,218,0.195462,0.2734
750000,5131.902084,3628,198,0.408231,0.2578
752000,4533.794476,3625,199,0.018913,0.1719
754000,4407.625511,3645,197,0.028536,0.3438
756000,5382.298879,3648,208,0.088275,0.2734
758000,5392.970779,3647,212,0.092601,0.2266
760000,5369.129851,3633,214,0.097807,0.2891
762000,5357.990968,3634,194,0.099136,0.2812
764000,4651.460457,3648,201,0.030012,0.2734
766000,4642.635126,3623,216,0.034270,0.3125
768000,4520.793747,3634,218,0.032571,0.2578
770000,4767.500259,3641,198,0.033708,0.3047
772000,4661.641817,3627,218,0.025906,0.3125
774000,5382.848611,3610,215,0.147333,0.2188
776000,6775.764885,3579,207,0.357972,0.2578
778000,5362.321226,3545,231,0.245310,0.3281
780000,5604.054803,3570,232,0.262556,0.3516
782000,5633.012450,3588,240,0.261932,0.3125
784000,5612.321951,3582,245,0.256464,0.2891
786000,4605.606766,3576,245,0.025526,0.2656
788000,6585.991480,3558,231,0.320636,0.3359
790000,6283.805940,3593,239,0.214679,0.3438
792000,5971.648967,3570,249,0.230402,0.3125
794000,5579.089920,3539,238,0.574400,0.3594
796000,5302.271898,3545,242,0.572486,0.3750
798000,5281.389396,3536,251,0.520788,0.3047
800000,5087.094060,3540,247,0.522634,0.2656
802000,5118.929813,3563,212,0.510180,0.3359
804000,5154.433537,3549,215,0.514035,0.3359
806000,5102.532449,3551,216,0.506796,0.2812
808000,5101.722830,3514,230,0.425054,0.2734
810000,6872.560242,3522,218,0.424453,0.2734
812000,4522.434815,3516,228,0.265717,0.2656
814000,3818.661068,3496,217,0.046404,0.3203
816000,4445.092037,3481,220,0.132883,0.2969
818000,4350.824510,3509,246,0.174303,0.2734
820000,4349.574821,3527,230,0.177578,0.3047
822000,5178.266607,3538,224,0.339498,0.3594
824000,5163.687249,3557,235,0.323192,0.2734
826000,5297.003898,3553,250,0.260823,0.3047
828000,5275.423329,3569,227,0.256305,0.2969
830000,5314.436063,3562,229,0.255703,0.2500
832000,5416.680004,3581,206,0.301035,0.2812
834000,5435.418786,3557,227,0.300324,0.2812
836000,5456.077120,3570,221,0.298058,0.2344
838000,5376.099541,3549,245,0.626994,0.2812
840000,4773.305360,3551,245,0.255196,0.2734
842000,5365.331765,3552,243,0.333748,0.3203
844000,4751.700444,3563,239,0.282475,0.3281
846000,4757.452897,3577,249,0.275117,0.2578
848000,8547.927985,3585,228,0.630225,0.3047
850000,8869.147832,3585,228,0.472822,0.3047
852000,7017.691906,3573,227,0.268623,0.3047
854000,7122.744341,3566,225,0.278955,0.3359
856000,7178.337161,3608,217,0.284300,0.3438
858000,6520.752396,3612,211,0.300837,0.2734
860000,6502.026483,3626,207,0.301511,0.2500
862000,4782.330339,3637,207,0.113907,0.2969
864000,6318.713040,3661,183,0.397075,0.2656
866000,6329.157514,3653,211,0.399329,0.3281
868000,7581.804447,3650,203,0.439078,0.2812
870000,7570.281604,3645,201,0.436779,0.2266
872000,4642.724181,3642,204,0.079353,0.2656
874000,4634.124473,3653,208,0.077568,0.2812
876000,7374.155937,3666,200,0.480527,0.2500
878000,5743.511600,3625,218,0.648481,0.2891
880000,5926.542563,3631,213,0.150886,0.2969
882000,5665.489295,3612,206,0.594166,0.2109
884000,5761.618364,3640,206,0.630968,0.3125
886000,5821.237658,3624,216,0.578474,0.3125
888000,5523.101255,3617,218,0.143182,0.2578
890000,5048.793826,3650,204,0.298100,0.2266
892000,4855.301216,3658,210,0.064269,0.2812
894000,4145.319705,3645,202,0.019563,0.2891
896000,4158.421804,3649,193,0.019603,0.2344
898000,4188.303194,3650,202,0.058424,0.3359
900000,5091.166222,3651,175,0.492438,0.2812
902000,3586.525237,3681,177,0.132389,0.3594
904000,3588.684344,3659,177,0.112945,0.3203
906000,3516.435017,3638,187,0.144249,0.2734
908000,3341.614847,3647,184,0.166776,0.2891
910000,3313.872692,3642,191,0.168856,0.2891
912000,3360.396982,3620,203,0.223057,0.2578
914000,3488.388780,3600,216,0.123267,0.2500
916000,6126.467787,3614,221,0.331349,0.2969
918000,7420.170497,3615,227,0.810192,0.3281
920000,6594.508115,3629,225,0.587911,0.2891
922000,6725.091651,3615,235,0.498886,0.3438
924000,5709.225276,3608,237,0.283937,0.3203
926000,6000.313362,3621,222,0.262762,0.2969
928000,5944.885860,3625,219,0.258792,0.2578
930000,7694.228715,3610,224,0.794460,0.2578
932000,7600.444209,3585,232,0.783267,0.2656
934000,3981.953453,3585,219,0.054109,0.2969
936000,7252.341516,3615,205,0.716883,0.2891
938000,6289.093147,3589,218,0.653566,0.3516
940000,6284.560738,3608,205,0.656459,0.2031
942000,6155.812886,3611,210,0.651283,0.3203
944000,6187.167955,3584,205,0.652751,0.2344
946000,6160.024315,3583,225,0.655382,0.2812
948000,7402.263938,3594,242,0.610252,0.3047
950000,7462.107426,3571,247,0.607736,0.3203
952000,7432.281075,3573,224,0.648042,0.3047
954000,7370.799366,3565,244,0.655635,0.2891
956000,7219.328837,3569,241,0.767631,0.2578
958000,7217.145280,3554,238,0.749339,0.2969
960000,8010.385605,3533,252,0.580682,0.2422
962000,6796.970464,3533,249,0.719250,0.2969
964000,5084.059758,3543,248,0.360958,0.3594
966000,4380.225555,3583,227,0.351687,0.2656
968000,4544.867037,3621,204,0.357322,0.2422
970000,4221.438941,3668,199,0.223860,0.3047
972000,4770.336586,3644,214,0.273265,0.3203
974000,4757.854496,3659,193,0.280026,0.2500
976000,4789.488615,3628,209,0.343642,0.2734
978000,3868.956296,3619,205,0.039952,0.2578
980000,5663.746660,3616,217,0.259601,0.2969
982000,4038.451182,3603,205,0.060041,0.3281
984000,4596.351310,3609,195,0.050858,0.2422
986000,4601.033363,3597,217,0.053973,0.2500
988000,6169.638022,3625,208,0.192245,0.3281
990000,5174.502185,3619,202,0.229207,0.2578
992000,5819.462300,3628,209,0.544839,0.2891
994000,5785.071631,3632,211,0.548881,0.2812
996000,4322.731681,3626,201,0.061997,0.2500
998000,7296.224778,3622,218,0.384479,0.2578
1000000,7297.978618,3623,200,0.377277,0.3125
1002000,7299.460081,3580,222,0.389977,0.2500
1004000,8238.820582,3581,228,0.673684,0.2500
1006000,8413.969945,3588,233,0.686364,0.3125
1008000,8393.290612,3598,248,0.689115,0.3438
1010000,9659.175299,3617,234,0.833419,0.3359
1012000,9811.828456,3599,219,0.837380,0.3125
1014000,9434.931810,3566,218,0.741346,0.2656
1016000,9814.174400,3578,207,0.843666,0.3672
1018000,9793.210718,3596,218,0.799293,0.3828
1020000,5594.014672,3595,216,0.288798,0.2578
1022000,5553.350502,3582,224,0.313117,0.3047
1024000,6449.432344,3588,218,0.593689,0.2656
1026000,7387.002568,3563,208,0.568925,0.2656
1028000,6427.002833,3559,222,0.305073,0.2734
1030000,6325.741681,3591,209,0.336691,0.2656
1032000,5656.314986,3578,227,0.357333,0.3047
1034000,4923.986024,3567,227,0.292221,0.2891
1036000,4945.788528,3578,228,0.269716,0.3125
1038000,4969.780751,3579,217,0.278365,0.2969
1040000,5043.728122,3602,204,0.276499,0.3594
1042000,5486.619319,3591,206,0.298058,0.2344
1044000,5382.238966,3597,192,0.245492,0.2266
1046000,5048.279704,3596,203,0.395657,0.2812
1048000,4419.884986,3580,221,0.318917,0.3516
1050000,4531.712885,3570,215,0.248126,0.3125
1052000,4551.518583,3581,217,0.291788,0.3359
1054000,5660.170193,3546,236,0.574940,0.3125
1056000,6104.839658,3539,247,0.425753,0.3203
1058000,6100.442611,3556,249,0.429496,0.2812
1060000,6040.772684,3537,240,0.422930,0.2344
1062000,5401.999689,3564,219,0.404450,0.2969
1064000,5343.576770,3570,210,0.394355,0.3047
1066000,5328.927479,3588,205,0.407516,0.3281
1068000,5526.137017,3571,227,0.428789,0.3359
1070000,5353.885450,3563,233,0.474025,0.2344
1072000,6478.567189,3558,221,0.589319,0.2500
1074000,5268.357257,3574,225,0.484745,0.3203
1076000,5218.337489,3580,214,0.482988,0.2969
1078000,6048.290359,3587,201,0.696727,0.2578
1080000,6911.411844,3606,196,0.585918,0.2578
1082000,10511.374964,3607,204,0.794678,0.2422
1084000,10628.859319,3571,217,0.796959,0.3359
1086000,10603.478558,3574,212,0.809823,0.2344
1088000,11499.619767,3580,211,0.768754,0.2266
1090000,11201.220021,3571,226,0.678254,0.2969
1092000,11586.855784,3587,212,0.765100,0.2812
1094000,10042.773032,3583,216,0.650964,0.3125
1096000,10136.271288,3596,209,0.632674,0.3203
1098000,9762.800090,3570,215,0.504309,0.3594
1100000,9713.845739,3613,212,0.730640,0.3125
1102000,9770.988524,3612,223,0.762056,0.2578
1104000,11864.061684,3614,222,0.875609,0.2812
1106000,11645.887153,3611,209,0.875293,0.3203
1108000,11751.361000,3637,195,0.875096,0.2969
1110000,11254.991889,3624,198,0.876404,0.3125
1112000,11443.943425,3617,213,0.865119,0.2656
1114000,11095.363760,3623,205,0.735579,0.2891
1116000,9012.592331,3606,211,0.356847,0.2734
1118000,7195.748362,3582,224,0.367105,0.3984
1120000,7667.628700,3562,228,0.418684,0.2969
1122000,7627.133173,3551,235,0.311888,0.3984
1124000,7140.679493,3565,243,0.349269,0.2969
1126000,7092.944789,3597,201,0.348788,0.3047
1128000,10867.641755,3588,209,0.821239,0.2812
1130000,10471.301791,3604,199,0.808468,0.2500
1132000,7990.096394,3602,197,0.648821,0.2891
1134000,8098.944463,3589,188,0.591909,0.2891
1136000,11302.600927,3548,217,0.677711,0.3047
1138000,11283.288662,3569,212,0.677490,0.3750
1140000,10116.839019,3586,220,0.767525,0.2969
1142000,8251.093989,3597,211,0.751859,0.3203
1144000,4611.315774,3584,215,0.049080,0.2891
1146000,4694.036777,3576,210,0.056269,0.2891
1148000,4649.958770,3579,190,0.059197,0.2578
1150000,7959.837192,3554,215,0.674165,0.2812
1152000,8985.927636,3576,199,0.680414,0.3203
1154000,5743.573694,3577,216,0.348015,0.3125
1156000,5893.169244,3559,228,0.034736,0.3281
1158000,6200.992730,3592,212,0.100657,0.2734
1160000,6100.293306,3587,212,0.104609,0.2344
1162000,3730.783184,3585,216,0.178988,0.3125
1164000,3818.128927,3609,220,0.184192,0.2578
1166000,5202.610031,3606,226,0.168720,0.2969
1168000,5169.845688,3581,226,0.162282,0.2812
1170000,6019.451194,3601,215,0.291295,0.2969
1172000,5798.744358,3581,226,0.272636,0.3594
1174000,5471.687723,3594,221,0.256040,0.2500
1176000,5344.412666,3595,219,0.269935,0.3516
1178000,6267.850048,3608,206,0.492212,0.2891
1180000,6179.171801,3613,218,0.485103,0.2578
1182000,5644.156169,3613,228,0.416571,0.3516
1184000,5689.598993,3610,234,0.414445,0.3438
1186000,5764.215013,3614,233,0.351796,0.3203
1188000,5594.248770,3617,229,0.367269,0.2891
1190000,5516.407756,3610,221,0.385354,0.3203
1192000,5481.640373,3611,202,0.387363,0.3438
1194000,5622.767163,3633,185,0.392803,0.2734
1196000,5379.834059,3589,218,0.446900,0.2422
1198000,5425.873346,3590,215,0.442927,0.2891
1200000,5330.890346,3581,241,0.462037,0.2734
1202000,5298.621274,3608,215,0.340109,0.3125
1204000,6531.670844,3612,228,0.548935,0.2812
1206000,6507.630044,3619,209,0.552134,0.3828
1208000,6682.234414,3622,200,0.550030,0.2578
1210000,6059.083749,3606,198,0.468655,0.2500
1212000,6009.260469,3610,189,0.462522,0.2578
1214000,5251.017323,3615,208,0.246008,0.3047
1216000,5234.928840,3603,217,0.240825,0.2734
1218000,5260.895819,3611,209,0.246976,0.2891
1220000,5289.769051,3615,202,0.230799,0.2578
1222000,5954.917894,3632,207,0.219050,0.2656
1224000,5984.364251,3643,207,0.281533,0.2266
1226000,5837.681264,3643,215,0.273726,0.3750
1228000,5855.953482,3647,206,0.296349,0.2734
1230000,5899.547428,3642,191,0.283825,0.2734
1232000,5169.842653,3637,202,0.475589,0.2656
1234000,5199.452424,3619,218,0.235174,0.3047
1236000,5245.202624,3639,213,0.235993,0.2578
1238000,5284.422077,3639,210,0.353383,0.3516
1240000,5800.887137,3615,210,0.191945,0.2422
1242000,8158.856156,3605,234,0.426846,0.3438
1244000,6439.704417,3618,216,0.461268,0.2422
1246000,6430.378983,3590,206,0.461372,0.2500
1248000,10034.938244,3588,220,0.808420,0.2812
1250000,7891.522819,3579,219,0.633157,0.2500
1252000,6958.403456,3572,222,0.433324,0.2891
1254000,7691.640308,3570,227,0.539804,0.2266
1256000,9406.193604,3566,214,0.623098,0.2812
1258000,8527.483724,3581,214,0.613840,0.3438
1260000,8554.866840,3547,235,0.621142,0.3203
1262000,5281.546894,3565,230,0.293272,0.2734
1264000,5284.775043,3572,227,0.274792,0.3203
1266000,5103.731016,3567,231,0.273808,0.2656
1268000,5345.716212,3570,225,0.305405,0.3047
1270000,4578.658212,3581,233,0.277968,0.2656
1272000,4463.806700,3582,248,0.280071,0.3125
1274000,4835.768522,3588,241,0.286079,0.2734
1276000,4694.215164,3578,227,0.253681,0.3359
1278000,5807.719973,3587,206,0.353556,0.2891
1280000,6090.669503,3584,203,0.444167,0.3516
1282000,6998.945986,3566,227,0.543059,0.3359
1284000,7678.164211,3580,236,0.491457,0.2656
1286000,4601.676821,3558,249,0.000838,0.2969
1288000,6265.919306,3583,230,0.235072,0.2500
1290000,6203.668819,3564,224,0.326561,0.2266
1292000,10037.259716,3583,212,0.809506,0.2734
1294000,10063.064407,3580,221,0.808739,0.3125
1296000,9857.518328,3562,224,0.882882,0.2812
1298000,8601.124295,3572,214,0.801894,0.2812
1300000,8612.641514,3585,217,0.812477,0.2031
1302000,8604.391267,3599,207,0.811726,0.3438
1304000,8681.991181,3593,224,0.793822,0.2969
1306000,8735.679528,3588,204,0.797648,0.3125
1308000,8603.185091,3574,227,0.776371,0.3125
1310000,8562.208161,3552,228,0.775641,0.3906
1312000,8381.484365,3563,236,0.832654,0.3203
1314000,10077.508675,3584,233,0.778135,0.2578
1316000,10292.016657,3592,231,0.784025,0.3281
1318000,5549.245057,3564,236,0.248288,0.2812
1320000,8116.887412,3598,239,0.735117,0.2969
1322000,6873.735116,3614,218,0.506098,0.2812
1324000,8270.630011,3613,215,0.831496,0.2812
1326000,8045.053459,3617,215,0.628692,0.3203
1328000,5878.669283,3599,225,0.449368,0.2734
1330000,5855.011406,3606,235,0.455018,0.3125
1332000,5926.274651,3619,205,0.472705,0.3047
1334000,4424.379869,3644,204,0.306023,0.3125
1336000,7852.248220,3656,207,0.487296,0.2578
1338000,5401.465570,3658,204,0.150788,0.2422
1340000,4967.685543,3670,210,0.090055,0.2656
1342000,4976.753683,3680,179,0.091061,0.2891
1344000,4988.717091,3664,181,0.086387,0.2969
1346000,5145.025386,3661,179,0.118392,0.2734
1348000,5053.659502,3677,173,0.050911,0.2109
1350000,9980.875089,3689,169,0.754475,0.3125
1352000,6976.422789,3654,187,0.222725,0.2656
1354000,5434.570656,3628,180,0.090021,0.2891
1356000,9600.527468,3649,185,0.705830,0.2500
1358000,10328.168635,3669,199,0.837139,0.3203
1360000,10358.795674,3672,204,0.837115,0.3281
1362000,8759.489512,3675,197,0.481756,0.2656
1364000,8780.033362,3640,233,0.465803,0.3281
1366000,7597.553774,3639,231,0.263136,0.2812
1368000,7588.469445,3637,213,0.263029,0.3047
1370000,9515.616298,3627,194,0.495271,0.2812
1372000,9067.795603,3642,204,0.561230,0.2812
1374000,10490.476515,3661,200,0.731657,0.2500
1376000,9949.218637,3632,199,0.691913,0.3047
1378000,8156.819688,3622,193,0.730197,0.2578
1380000,7482.903893,3578,239,0.634175,0.3203
1382000,6920.770341,3594,217,0.537558,0.3359
1384000,6269.040988,3574,234,0.567128,0.3281
1386000,6033.734380,3582,241,0.591043,0.3125
1388000,6372.030153,3568,248,0.602388,0.2969
1390000,5251.572537,3562,254,0.471695,0.2656
1392000,5186.805818,3588,245,0.447464,0.2812
1394000,5271.411598,3590,237,0.478204,0.2500
1396000,6750.731219,3586,241,0.628663,0.3203
1398000,11372.052602,3600,220,0.804719,0.3047
1400000,6975.417136,3612,223,0.372008,0.2031
1402000,7827.665181,3612,214,0.455553,0.3438
1404000,5317.115701,3573,231,0.383843,0.3594
1406000,5291.404614,3588,225,0.392040,0.2812
1408000,5358.960552,3613,225,0.294294,0.3125
1410000,4938.158602,3590,236,0.176518,0.2812
1412000,4956.982604,3572,230,0.177874,0.3125
1414000,4961.920660,3579,230,0.177689,0.3047
1416000,4886.172083,3554,225,0.410979,0.3203
1418000,6158.100591,3541,239,0.313420,0.2578
1420000,5594.187769,3532,238,0.232777,0.2344
1422000,5910.364481,3545,219,0.278789,0.3203
1424000,7703.623032,3576,210,0.406801,0.2812
1426000,7766.988528,3586,221,0.403315,0.3594
1428000,7786.297372,3568,225,0.404756,0.3359
1430000,7916.986074,3595,224,0.445040,0.3125
1432000,8645.142186,3574,223,0.669951,0.3047
1434000,8663.293695,3584,223,0.674505,0.2812
1436000,9513.787510,3561,226,0.657343,0.2578
1438000,8489.630942,3573,227,0.682609,0.2812
1440000,6224.551538,3600,221,0.480025,0.3125
1442000,6036.888196,3606,222,0.472510,0.3359
1444000,5975.768971,3623,214,0.508898,0.3203
1446000,5948.551942,3629,197,0.500116,0.3125
1448000,5609.915068,3616,202,0.279289,0.2734
1450000,5656.928568,3611,230,0.246364,0.3047
1452000,5648.288523,3627,216,0.247265,0.1953
1454000,5663.638152,3624,217,0.247893,0.3359
1456000,5655.599445,3629,199,0.253244,0.2891
1458000,6652.425620,3626,204,0.442568,0.3203
1460000,6653.740907,3640,191,0.439847,0.2344
1462000,6709.602497,3621,208,0.500265,0.2656
1464000,4946.488791,3616,204,0.337249,0.2109
1466000,3269.925934,3626,190,0.048922,0.2734
1468000,3430.885790,3612,201,0.065308,0.2891
1470000,3478.749806,3602,204,0.051847,0.3125
1472000,5556.459067,3613,221,0.525686,0.2266
1474000,5538.113242,3607,214,0.528049,0.3047
1476000,5650.351189,3616,210,0.506844,0.2344
1478000,5662.576900,3604,207,0.476237,0.3203
1480000,6036.441315,3625,209,0.661267,0.2891
1482000,6981.191820,3616,205,0.575899,0.3203
1484000,6442.388251,3614,202,0.325202,0.2969
1486000,9887.770735,3615,192,0.667230,0.2812
1488000,9891.994303,3633,193,0.666077,0.2891
1490000,5900.051452,3614,196,0.279592,0.3047
1492000,5894.974258,3595,205,0.287385,0.2578
1494000,5895.933354,3605,199,0.286181,0.3047
1496000,6278.514937,3605,208,0.229688,0.2578
1498000,6233.700875,3567,224,0.228357,0.3125
1500000,6218.714683,3574,220,0.230016,0.3438
1502000,9183.365018,3587,217,0.637728,0.3359
1504000,6708.062202,3574,235,0.562030,0.2812
1506000,6693.688421,3601,219,0.641658,0.2734
1508000,6589.363589,3569,221,0.673765,0.2891
1510000,6555.274245,3561,211,0.675296,0.2266
1512000,5918.440723,3576,218,0.607500,0.3125
1514000,5850.065304,3552,225,0.481318,0.2578
1516000,5868.071465,3585,210,0.549274,0.2344
1518000,5852.063015,3572,213,0.544106,0.2344
1520000,7013.391235,3560,219,0.646096,0.3047
1522000,7230.558616,3590,216,0.562930,0.3047
1524000,7165.220543,3569,214,0.562362,0.3750
1526000,7147.496154,3559,229,0.556311,0.2891
1528000,7122.982371,3546,223,0.548894,0.2656
1530000,7168.390012,3533,215,0.549679,0.3984
1532000,7432.667877,3544,226,0.688203,0.2812
1534000,5829.586732,3534,237,0.617767,0.3047
1536000,5557.641316,3547,229,0.444370,0.2891
1538000,4960.688384,3535,233,0.420446,0.2969
1540000,4849.564795,3530,241,0.449682,0.3203
1542000,4831.595249,3546,229,0.436875,0.3516
1544000,5028.889043,3554,226,0.549094,0.3203
1546000,4904.491431,3560,214,0.549697,0.2969
1548000,4919.269226,3565,225,0.539143,0.2891
1550000,5005.976992,3591,226,0.551754,0.3203
1552000,4837.298072,3568,219,0.548907,0.2812
1554000,4891.769957,3566,215,0.557790,0.3047
1556000,4904.148567,3553,220,0.554607,0.2266
1558000,4771.545375,3562,231,0.575682,0.2969
1560000,4821.757482,3583,229,0.269517,0.3359
1562000,4506.790718,3598,222,0.562065,0.3125
1564000,4524.170203,3593,233,0.563704,0.2891
1566000,3785.855781,3591,209,0.313811,0.3359
1568000,4188.083634,3592,219,0.373110,0.2969
1570000,4175.944050,3588,208,0.369678,0.2812
1572000,4151.496762,3570,214,0.365251,0.3984
1574000,4387.902013,3586,209,0.369803,0.3359
1576000,4434.332215,3607,219,0.334103,0.3281
1578000,3860.875331,3609,215,0.069995,0.2188
1580000,3861.914599,3611,218,0.066730,0.2891
1582000,3897.657186,3587,221,0.064907,0.2969
1584000,3909.301802,3601,215,0.029380,0.3359
1586000,3995.936668,3628,190,0.043710,0.2891
1588000,3990.150259,3601,220,0.048392,0.2891
1590000,4130.076407,3630,204,0.097448,0.2578
1592000,4134.421627,3621,213,0.103644,0.2500
1594000,4150.322033,3598,224,0.061498,0.3516
1596000,4583.395443,3591,237,0.288845,0.2969
1598000,4161.855871,3605,218,0.229866,0.2422
1600000,4165.473762,3638,219,0.224369,0.3281
1602000,4685.472884,3622,217,0.285978,0.2344
1604000,5323.124682,3597,219,0.503169,0.3438
1606000,5258.895496,3591,222,0.497408,0.2734
1608000,4710.273785,3593,232,0.344946,0.3359
1610000,6188.068954,3599,218,0.429515,0.2500
1612000,5869.177178,3596,215,0.368256,0.2891
1614000,5851.105379,3622,213,0.378969,0.3047
1616000,5640.417348,3621,233,0.353408,0.3438
1618000,6242.164517,3637,213,0.639964,0.3047
1620000,6258.536860,3637,206,0.641295,0.2734
1622000,6632.588421,3659,200,0.771946,0.3438
1624000,6677.141129,3664,198,0.657418,0.3438
1626000,6740.917088,3650,201,0.664397,0.2578
1628000,6486.976920,3602,215,0.763038,0.3203
1630000,6651.777418,3614,225,0.666658,0.2656
1632000,6667.742824,3614,219,0.665879,0.3359
1634000,6669.216402,3600,227,0.664188,0.3438
1636000,6651.645400,3607,199,0.665481,0.3047
1638000,6653.764968,3589,219,0.667436,0.2344
1640000,6751.567126,3593,220,0.669269,0.3047
1642000,7005.223264,3577,231,0.653545,0.3438
1644000,6964.262205,3581,219,0.649196,0.3359
1646000,6244.664075,3588,223,0.494526,0.3203
1648000,4826.136312,3565,229,0.506230,0.3125
1650000,4835.987431,3603,231,0.549032,0.2812
1652000,4782.795297,3584,223,0.539536,0.3438
1654000,4791.729365,3587,223,0.511445,0.2891
1656000,5663.436264,3570,224,0.671411,0.2969
1658000,5649.548119,3588,219,0.625560,0.2891
1660000,5663.492225,3584,227,0.626026,0.3594
1662000,5580.591683,3569,217,0.609094,0.2812
1664000,5541.339350,3577,223,0.602918,0.3828
1666000,5574.371820,3576,193,0.594184,0.3281
1668000,5235.566315,3605,212,0.256566,0.3047
1670000,5321.682688,3572,224,0.266191,0.2656
1672000,5322.436856,3601,208,0.272797,0.2656
1674000,6019.357896,3596,213,0.512315,0.2969
1676000,5446.371771,3606,217,0.222574,0.2969
1678000,7747.962812,3621,222,0.674604,0.2578
1680000,7730.411964,3606,238,0.673044,0.2422
1682000,7473.476399,3596,231,0.618468,0.3281
1684000,5211.815335,3587,240,0.291743,0.3047
1686000,5145.364089,3613,227,0.326038,0.2891
1688000,5189.866164,3611,221,0.312177,0.2734
1690000,6402.699971,3586,224,0.465904,0.3906
1692000,6445.856148,3575,224,0.580553,0.2656
1694000,7091.519652,3606,214,0.594683,0.3281
1696000,7252.299828,3595,224,0.567114,0.3281
1698000,8402.063925,3569,236,0.718664,0.2812
1700000,7869.111084,3556,236,0.693998,0.3594
1702000,7640.403135,3589,224,0.776171,0.2031
1704000,6511.826252,3579,226,0.541351,0.2812
1706000,5463.640412,3603,216,0.648340,0.2734
1708000,5786.014810,3586,229,0.583395,0.2422
1710000,6411.811884,3566,234,0.584827,0.3203
1712000,6343.798344,3553,240,0.572196,0.3828
1714000,6326.085434,3564,244,0.570601,0.3359
1716000,5791.980731,3565,220,0.535072,0.3438
1718000,4901.408575,3579,215,0.511200,0.2734
1720000,4678.823359,3561,231,0.187356,0.2656
1722000,4910.450319,3561,223,0.606704,0.3203
1724000,4953.598814,3616,204,0.557104,0.2031
1726000,4937.559242,3599,215,0.552628,0.3203
1728000,5346.800113,3579,218,0.306763,0.3516
1730000,5511.551559,3595,201,0.377513,0.3203
1732000,5681.355824,3582,210,0.459463,0.2891
1734000,5709.477211,3582,207,0.451809,0.3047
1736000,5818.399233,3566,227,0.478241,0.3281
1738000,5799.818004,3577,224,0.417343,0.3984
1740000,6858.838181,3579,233,0.540144,0.2891
1742000,6481.265832,3583,220,0.437173,0.3047
1744000,5162.057287,3573,214,0.504069,0.3203
1746000,5208.229971,3562,236,0.367630,0.2344
1748000,5474.368627,3560,240,0.383035,0.2969
1750000,5061.108844,3562,240,0.212884,0.2266
1752000,5038.327055,3577,233,0.219067,0.2344
1754000,5035.554639,3570,238,0.240167,0.3438
1756000,4698.470131,3542,241,0.191069,0.3203
1758000,4556.411208,3540,231,0.194062,0.3359
1760000,4593.322254,3531,235,0.195349,0.3125
1762000,4630.175328,3532,240,0.220095,0.3047
1764000,4616.070573,3566,226,0.216628,0.2734
1766000,4558.109038,3589,224,0.254792,0.3281
1768000,4551.849505,3567,220,0.251774,0.3359
1770000,4350.194773,3571,221,0.235680,0.2891
1772000,4628.824343,3577,225,0.286865,0.3516
1774000,4505.556616,3597,233,0.274656,0.3125
1776000,3979.308056,3620,205,0.083238,0.3281
1778000,4246.713193,3632,211,0.129911,0.3438
1780000,4271.114010,3626,216,0.125307,0.2891
1782000,4242.050619,3640,214,0.068629,0.2812
1784000,4021.359826,3609,220,0.174490,0.2578
1786000,5790.717816,3591,217,0.506696,0.2969
1788000,7215.947677,3596,221,0.715788,0.2891
1790000,7339.857323,3603,212,0.640585,0.3516
1792000,5813.935567,3583,200,0.362331,0.2969
1794000,6793.959414,3569,203,0.430094,0.2734
1796000,9435.679303,3578,209,0.755884,0.3359
1798000,9184.753582,3614,211,0.754388,0.3281
1800000,6616.400314,3592,230,0.496685,0.3750
1802000,6592.151829,3597,236,0.492273,0.3125
1804000,6624.260011,3609,223,0.493598,0.2812
1806000,7021.150493,3590,235,0.609413,0.2578
1808000,10404.332463,3573,229,0.870150,0.2891
1810000,10504.238716,3572,226,0.868042,0.2812
1812000,10505.374738,3595,218,0.866985,0.3047
1814000,10368.160679,3594,221,0.869144,0.2734
1816000,10427.322722,3608,227,0.824734,0.3203
1818000,10461.054158,3612,217,0.814924,0.3047
1820000,6475.327751,3648,221,0.614157,0.2812
1822000,6988.927061,3636,218,0.641669,0.3516
1824000,10703.131176,3621,220,0.879349,0.2656
1826000,6701.747690,3617,223,0.447557,0.3125
1828000,5933.005492,3613,218,0.302028,0.3125
1830000,6012.720064,3591,207,0.686801,0.3047
1832000,4805.057159,3610,208,0.515466,0.2812
1834000,4833.055274,3596,222,0.502559,0.3047
1836000,4231.342257,3598,213,0.489782,0.2891
1838000,4297.001117,3585,227,0.485078,0.2578
1840000,4721.081392,3624,217,0.490179,0.3438
1842000,4882.892530,3594,215,0.505835,0.3203
1844000,5779.132338,3614,196,0.519455,0.2969
1846000,6244.342265,3574,227,0.062957,0.2656
1848000,6159.063961,3577,217,0.042764,0.2812
1850000,6321.397088,3596,211,0.025819,0.3281
1852000,6070.732801,3601,227,0.057850,0.2734
1854000,7158.639577,3594,216,0.001893,0.2656
1856000,6663.765688,3597,215,0.023791,0.2656
1858000,6672.612897,3582,224,0.017208,0.3672
1860000,6443.915635,3579,218,0.030297,0.2500
1862000,6956.745263,3567,228,0.105886,0.3203
1864000,6966.402206,3593,212,0.103726,0.2734
1866000,7194.863787,3604,221,0.164219,0.3047
1868000,6943.296047,3614,222,0.167380,0.3125
1870000,6568.509343,3593,226,0.161096,0.3359
1872000,5274.950611,3592,224,0.230104,0.3906
1874000,6409.193448,3614,236,0.109194,0.2578
1876000,6380.049403,3607,219,0.118529,0.2578
1878000,5452.595800,3591,219,0.266759,0.2891
1880000,5407.294953,3576,209,0.261318,0.2578
1882000,6194.042986,3569,209,0.151695,0.2969
1884000,7015.899528,3545,247,0.329152,0.2891
1886000,6899.961207,3557,234,0.456073,0.2500
1888000,6980.459914,3560,230,0.424709,0.3516
1890000,7550.477711,3566,223,0.409497,0.2578
1892000,6835.333283,3590,218,0.530516,0.2266
1894000,6915.681674,3601,228,0.562601,0.2734
1896000,6392.330231,3600,220,0.629216,0.1953
1898000,4458.458341,3615,215,0.417669,0.2188
1900000,4502.653091,3610,226,0.314856,0.3047
1902000,6094.485235,3611,230,0.433592,0.2656
1904000,6202.205306,3617,226,0.425697,0.2578
1906000,6646.746072,3618,222,0.482621,0.2578
1908000,5505.361350,3614,217,0.031735,0.2656
1910000,5291.547366,3628,209,0.054320,0.3438
1912000,5413.764862,3657,215,0.044753,0.2891
1914000,6608.696335,3650,206,0.098887,0.3203
1916000,6591.551982,3631,222,0.119125,0.3125
1918000,5524.684405,3623,215,0.336724,0.3047
1920000,5374.213664,3635,227,0.336876,0.2891
1922000,5145.283922,3643,219,0.346038,0.2500
1924000,5118.826297,3647,227,0.302298,0.2734
1926000,6338.718077,3642,213,0.182691,0.2969
1928000,6432.907772,3633,222,0.179704,0.2656
1930000,6662.773758,3616,206,0.190598,0.2734
1932000,6951.262668,3634,212,0.119778,0.2734
1934000,5914.741619,3637,230,0.067990,0.2656
1936000,6768.339770,3605,243,0.336003,0.2969
1938000,6050.540798,3635,223,0.291174,0.3125
1940000,7064.961667,3659,212,0.487902,0.2422
1942000,5617.137795,3642,225,0.388746,0.3750
1944000,7764.585303,3649,204,0.459897,0.3516
1946000,7866.291178,3636,204,0.265711,0.2734
1948000,7447.966194,3656,199,0.438884,0.2578
1950000,8087.271599,3659,202,0.640494,0.2500
1952000,7565.565074,3658,201,0.633446,0.2422
1954000,7389.383573,3667,203,0.465399,0.2188
1956000,7272.497784,3619,214,0.465401,0.2969
1958000,6393.594963,3604,216,0.160434,0.2422
1960000,6469.229480,3623,203,0.088000,0.2812
1962000,7755.336320,3611,216,0.535843,0.3125
1964000,7680.910819,3590,226,0.530637,0.3203
1966000,7638.209172,3629,205,0.532763,0.3438
1968000,6848.003317,3639,216,0.504591,0.2812
1970000,6480.564627,3646,206,0.689003,0.3281
1972000,6918.359495,3661,181,0.663702,0.3047
1974000,6561.458794,3641,207,0.606124,0.3359
1976000,6984.007219,3617,206,0.406103,0.2969
1978000,4725.741402,3590,222,0.071378,0.2812
1980000,4658.471200,3600,223,0.083823,0.2266
1982000,4613.780106,3621,228,0.075206,0.2344
1984000,4369.519962,3629,212,0.081063,0.2969
1986000,4551.138673,3622,231,0.153074,0.3516
1988000,5285.364631,3628,198,0.133660,0.2969
1990000,5225.927621,3622,199,0.124963,0.2578
1992000,5569.303933,3630,195,0.424313,0.2969
1994000,6115.053655,3614,215,0.176770,0.2969
1996000,5992.058255,3619,202,0.171366,0.2578
1998000,6138.422799,3626,218,0.179642,0.2422
2000000,6930.276935,3631,215,0.646528,0.2969
2002000,9343.943950,3624,220,0.787061,0.3438
2004000,9383.874522,3622,210,0.649399,0.3203
2006000,9451.154978,3624,219,0.690873,0.3594
2008000,5698.972007,3631,203,0.075612,0.2266
2010000,5816.926688,3637,215,0.060590,0.2578
2012000,5899.303876,3651,205,0.047988,0.3672
2014000,4701.363623,3647,200,0.093296,0.3516
2016000,3980.040267,3618,200,0.233540,0.2891
2018000,4353.936977,3612,219,0.117265,0.3203
2020000,6105.122621,3573,222,0.338972,0.2969
2022000,6515.854479,3563,220,0.041227,0.2422
2024000,6239.660799,3573,220,0.395204,0.3359
2026000,4643.181111,3596,210,0.090714,0.3359
2028000,4677.262039,3568,218,0.124315,0.2891
2030000,5732.480231,3572,231,0.368376,0.3203
2032000,5740.072808,3586,228,0.363112,0.2656
2034000,6012.541853,3588,237,0.064204,0.2500
2036000,4808.521387,3597,208,0.063360,0.3516
2038000,4857.189155,3575,233,0.065413,0.3203
2040000,4254.142771,3569,236,0.175307,0.2656
2042000,4285.405386,3578,229,0.176050,0.3438
2044000,4235.384427,3572,223,0.109030,0.3125
2046000,4512.322023,3591,228,0.167146,0.3203
2048000,5466.140079,3599,229,0.035027,0.2891
2050000,5219.479278,3595,240,0.073891,0.3047
2052000,5298.248957,3615,214,0.127992,0.2969
2054000,5501.389503,3596,224,0.151014,0.2656
2056000,5485.419106,3583,235,0.158208,0.3984
2058000,5492.029053,3587,234,0.139889,0.3047
2060000,5186.980179,3569,218,0.066609,0.2969
2062000,4140.121616,3560,236,0.183430,0.3047
2064000,5243.627953,3564,212,0.117710,0.2500
2066000,4359.565557,3594,216,0.142676,0.2734
2068000,4400.172611,3617,202,0.148048,0.3828
2070000,4403.453466,3595,224,0.149564,0.3672
2072000,4462.031162,3597,215,0.113457,0.2500
2074000,4462.262953,3575,235,0.087878,0.2969
2076000,4320.354950,3563,233,0.071574,0.3203
2078000,4334.794059,3564,236,0.069166,0.3672
2080000,4466.007344,3559,241,0.117360,0.3203
2082000,4461.362059,3558,247,0.116230,0.4297
2084000,4517.298503,3546,243,0.125021,0.3359
2086000,4333.578500,3551,232,0.115947,0.3125
2088000,4505.645473,3556,243,0.039127,0.3750
2090000,4079.173658,3593,218,0.014323,0.2969
2092000,4047.595301,3590,209,0.095608,0.4453
2094000,3359.711944,3603,214,0.024489,0.2109
2096000,3606.550861,3613,209,0.042270,0.3203
2098000,4187.602121,3622,205,0.079942,0.2891
2100000,4354.780713,3599,211,0.027550,0.3516
2102000,4483.597951,3589,215,0.044275,0.2500
2104000,4260.509673,3586,206,0.056224,0.3125
2106000,4690.350844,3602,211,0.137648,0.2734
2108000,4655.677377,3626,199,0.126996,0.2422
2110000,4657.671823,3584,214,0.126537,0.3125
2112000,4674.933700,3576,211,0.127911,0.2812
2114000,4689.430397,3575,231,0.117197,0.2812
2116000,4714.559160,3579,230,0.342692,0.3047
2118000,4836.406782,3555,241,0.339314,0.3281
2120000,5325.334226,3574,238,0.478072,0.2891
2122000,5282.354076,3586,219,0.469983,0.2188
2124000,5614.550929,3607,227,0.500052,0.3359
2126000,5639.043608,3577,244,0.493564,0.2969
2128000,5620.285562,3600,209,0.491797,0.3047
2130000,5569.427084,3589,216,0.480730,0.2891
2132000,5629.653039,3596,208,0.474113,0.2812
2134000,5523.213776,3586,205,0.445282,0.2422
2136000,5690.444711,3581,201,0.433407,0.2969
2138000,5539.393907,3577,208,0.467163,0.2969
2140000,5892.652781,3584,201,0.562483,0.3125
2142000,5955.842467,3571,191,0.606166,0.2891
2144000,6082.398011,3589,215,0.477722,0.3203
2146000,6106.828750,3559,243,0.481007,0.2969
2148000,5646.130153,3569,234,0.437902,0.3125
2150000,5596.938132,3597,209,0.436742,0.2344
2152000,5825.996439,3615,214,0.488646,0.3594
2154000,6053.410616,3637,211,0.589996,0.2188
2156000,5352.933546,3638,205,0.493025,0.3750
2158000,6779.775259,3640,211,0.677648,0.2734
2160000,6186.939980,3624,205,0.564995,0.2344
2162000,6148.293362,3614,218,0.562895,0.2266
2164000,6203.483076,3634,204,0.570505,0.2656
2166000,6262.244573,3624,211,0.693482,0.2812
2168000,6424.583091,3626,221,0.573283,0.2891
2170000,6491.711319,3594,232,0.569470,0.2969
2172000,4941.698412,3584,213,0.320096,0.3047
2174000,5368.097803,3569,222,0.300993,0.2500
2176000,5265.087844,3592,205,0.322337,0.2578
2178000,5789.306244,3595,213,0.652899,0.2891
2180000,5801.789561,3590,225,0.657847,0.2891
2182000,6141.072174,3594,244,0.520238,0.2734
2184000,6035.256636,3585,230,0.526901,0.3906
2186000,5947.760581,3620,197,0.505508,0.2812
2188000,5919.310880,3598,205,0.507685,0.3359
2190000,5933.429223,3565,226,0.513826,0.3750
2192000,5905.827904,3546,208,0.515910,0.3125
2194000,6561.587685,3554,212,0.722821,0.3438
2196000,5368.584781,3553,220,0.629604,0.3516
2198000,5290.256221,3560,221,0.626180,0.3359
2200000,5277.702328,3560,229,0.626894,0.3516
2202000,5313.946906,3578,251,0.640646,0.3438
2204000,7552.983337,3590,230,0.574358,0.3516
2206000,5786.929120,3574,216,0.412610,0.2812
2208000,5340.727324,3545,230,0.441924,0.4219
2210000,5367.818055,3538,226,0.445671,0.3750
2212000,5061.973528,3566,210,0.353577,0.2891
2214000,6731.220321,3548,210,0.630576,0.2344
2216000,6899.986053,3540,224,0.660892,0.2422
2218000,7251.071494,3540,224,0.645328,0.2188
2220000,5526.497306,3544,228,0.609526,0.3125
2222000,6226.594325,3560,214,0.540230,0.2734
2224000,6298.774315,3579,216,0.569679,0.2422
2226000,6239.771982,3598,202,0.572467,0.2891
2228000,6179.591431,3596,216,0.581157,0.3438
2230000,6321.641328,3597,215,0.582760,0.2266
2232000,6342.024682,3591,226,0.575999,0.3672
2234000,6360.501012,3607,202,0.565204,0.3125
2236000,4210.161612,3595,208,0.239725,0.3125
2238000,4705.777671,3617,228,0.168488,0.3281
2240000,5860.083763,3606,209,0.617252,0.2422
2242000,6658.516401,3621,208,0.629779,0.2812
2244000,4273.585767,3619,206,0.264347,0.3438
2246000,4736.385496,3598,214,0.320221,0.3125
2248000,4663.467553,3618,215,0.312079,0.2656
2250000,4696.031043,3640,196,0.307352,0.3047
2252000,5732.401672,3632,211,0.528986,0.3047
2254000,5660.169322,3651,203,0.675458,0.2969
2256000,5667.274799,3635,211,0.680675,0.2422
2258000,5737.335343,3652,201,0.668756,0.3125
2260000,5744.601445,3631,199,0.692027,0.2969
2262000,5723.437519,3621,206,0.690156,0.2812
2264000,4431.972975,3633,199,0.343692,0.2734
2266000,5722.978298,3650,199,0.576019,0.2734
2268000,5732.658480,3651,192,0.576863,0.2344
2270000,5764.283032,3636,206,0.575735,0.2891
2272000,5774.651064,3650,189,0.578868,0.2656
2274000,5775.306444,3635,204,0.578486,0.2109
2276000,5760.272781,3634,218,0.592119,0.3359
2278000,6002.678439,3611,214,0.641076,0.2656
2280000,4385.823365,3621,216,0.451014,0.2734
2282000,4412.789756,3615,221,0.455274,0.2656
2284000,4522.920765,3590,239,0.395756,0.3359
2286000,4867.058185,3601,240,0.434934,0.3047
2288000,5564.909648,3588,220,0.553660,0.2891
2290000,5499.932924,3555,228,0.385911,0.2891
2292000,5581.349746,3568,223,0.346448,0.3203
2294000,5737.724520,3587,214,0.347049,0.2734
2296000,7734.901356,3592,206,0.600908,0.2578
2298000,8316.844491,3631,190,0.680287,0.3125
2300000,7803.461438,3625,204,0.552259,0.2734
2302000,7797.918553,3640,192,0.552635,0.2578
2304000,5242.213989,3650,201,0.513231,0.2656
2306000,3636.459705,3627,206,0.006461,0.2891
2308000,3669.811853,3639,200,0.006546,0.2812
2310000,3770.360923,3617,209,0.035511,0.2891
2312000,4188.539531,3598,237,0.221574,0.3047
2314000,4053.832484,3604,213,0.202272,0.2734
2316000,4469.505989,3637,190,0.153282,0.2266
2318000,4256.650580,3635,210,0.157741,0.2891
2320000,3863.515639,3642,197,0.293543,0.2812
2322000,3820.609066,3640,202,0.287492,0.3281
2324000,3920.956008,3609,212,0.300970,0.2969
2326000,5241.380261,3614,208,0.560350,0.2891
2328000,4933.966999,3625,191,0.373439,0.3438
2330000,6398.879528,3606,199,0.562194,0.3359
2332000,6571.399885,3637,201,0.588799,0.3047
2334000,7251.141997,3612,214,0.710991,0.2969
2336000,8452.116072,3585,215,0.622423,0.3516
2338000,8399.910098,3597,217,0.618906,0.3125
2340000,9789.619477,3599,205,0.693770,0.3203
2342000,9731.494731,3589,209,0.688358,0.3047
2344000,5328.417690,3605,210,0.303302,0.1953
2346000,6935.081555,3612,211,0.557306,0.3047
2348000,3963.314696,3616,204,0.065329,0.3047
2350000,4525.323731,3631,223,0.111790,0.3125
2352000,4519.648023,3620,213,0.110114,0.2344
2354000,7953.773722,3618,218,0.533797,0.3516
2356000,4639.652501,3609,220,0.220099,0.2656
2358000,3944.880805,3614,208,0.143876,0.2734
2360000,3946.043179,3614,222,0.144847,0.2891
2362000,4140.558419,3612,211,0.112973,0.3047
2364000,4585.363944,3653,204,0.261052,0.2344
2366000,6209.094061,3664,203,0.495931,0.3047
2368000,6336.507579,3638,204,0.661614,0.2578
2370000,6877.839743,3646,196,0.509490,0.2500
2372000,5249.358577,3662,181,0.228532,0.2969
2374000,5262.514652,3656,206,0.193229,0.2578
2376000,3980.801572,3649,202,0.042489,0.2422
2378000,3979.568513,3644,227,0.051620,0.3594
2380000,4679.074517,3638,214,0.093063,0.3203
2382000,3818.133799,3630,217,0.072690,0.3359
2384000,4626.917473,3599,240,0.057796,0.2500
2386000,4675.037555,3589,244,0.081729,0.2578
2388000,4224.127590,3612,236,0.074523,0.2969
2390000,4075.838400,3613,234,0.060571,0.2969
2392000,4183.629827,3594,235,0.003700,0.3047
2394000,4177.731386,3594,218,0.003872,0.3906
2396000,4585.656128,3601,223,0.035186,0.3047
2398000,4478.099136,3593,224,0.034637,0.3750
2400000,6470.163159,3615,195,0.612350,0.2891
2402000,6505.003678,3627,198,0.620732,0.2422
2404000,7342.866736,3592,215,0.377374,0.3906
2406000,8069.449664,3601,223,0.343368,0.3281
2408000,6542.706108,3618,216,0.404788,0.3438
2410000,7037.580858,3622,227,0.486050,0.3125
2412000,5799.659186,3630,234,0.294144,0.2891
2414000,6761.437967,3627,221,0.434881,0.2500
2416000,6029.959586,3612,217,0.299437,0.2969
2418000,7398.961233,3616,212,0.391827,0.2578
2420000,7635.590133,3618,207,0.343865,0.2188
2422000,9121.009038,3604,207,0.661925,0.3984
2424000,6928.912040,3587,226,0.405930,0.2969
2426000,5633.908125,3611,215,0.317493,0.2500
2428000,5655.107480,3606,231,0.320008,0.3516
2430000,5598.415635,3578,247,0.401127,0.2734
2432000,6368.064859,3595,233,0.428946,0.2734
2434000,6453.317657,3607,238,0.532704,0.2734
2436000,7206.059636,3612,235,0.298836,0.2969
2438000,4773.557160,3624,213,0.172434,0.3047
2440000,6224.035662,3594,217,0.206553,0.3047
2442000,6619.029146,3617,211,0.245058,0.3125
2444000,4748.134396,3613,199,0.079420,0.3047
2446000,4915.342657,3600,206,0.134523,0.2500
2448000,4938.697696,3644,199,0.065502,0.2969
2450000,7740.975368,3633,205,0.392281,0.2500
2452000,7382.687750,3620,209,0.365992,0.3906
2454000,7334.987571,3631,214,0.364609,0.3047
2456000,5681.836214,3629,199,0.121253,0.2266
2458000,5559.807002,3633,205,0.123271,0.3359
2460000,5600.773579,3614,216,0.382413,0.2969
2462000,7365.642506,3583,240,0.639971,0.2891
2464000,7081.290153,3578,227,0.553705,0.3203
2466000,5989.191013,3559,244,0.478528,0.3047
2468000,6110.371797,3548,250,0.433752,0.3047
2470000,6118.428634,3554,239,0.459380,0.2656
2472000,7918.899110,3565,242,0.608237,0.2812
2474000,7570.101318,3584,222,0.578136,0.3516
2476000,7061.085843,3592,225,0.580897,0.2422
2478000,6885.859082,3593,211,0.630784,0.3672
2480000,6894.409722,3619,190,0.514046,0.2422
2482000,9666.479110,3595,191,0.696390,0.2812
2484000,9678.270802,3591,210,0.701307,0.3281
2486000,9083.337891,3602,226,0.543867,0.3125
2488000,9367.815175,3589,218,0.563971,0.2656
2490000,8517.294755,3586,235,0.404728,0.3438
2492000,6713.683546,3601,222,0.304892,0.2656
2494000,7160.612199,3597,220,0.334148,0.3047
2496000,6764.325722,3601,216,0.355957,0.2422
2498000,6728.785488,3610,213,0.346796,0.3203
2500000,6122.027856,3622,212,0.274217,0.3438
2502000,8961.810756,3615,215,0.548318,0.3438
2504000,6391.584683,3605,220,0.349256,0.2891
2506000,6468.043019,3582,235,0.358363,0.2422
2508000,6486.036084,3583,240,0.343702,0.2422
2510000,6279.659069,3596,234,0.315231,0.2422
2512000,5066.300094,3561,238,0.354426,0.3281
2514000,5048.901602,3574,248,0.367304,0.3750
2516000,5071.553631,3600,237,0.370970,0.2812
2518000,8476.382566,3573,235,0.725463,0.2578
2520000,6951.378982,3581,246,0.490782,0.3438
2522000,6880.609179,3577,236,0.478666,0.3359
2524000,5471.926295,3585,240,0.210497,0.3906
2526000,6118.358693,3587,243,0.378385,0.2500
2528000,8828.902586,3601,222,0.558579,0.2969
2530000,8985.348633,3647,199,0.528413,0.2578
2532000,5071.090616,3633,207,0.274394,0.2500
2534000,6760.663602,3626,209,0.267629,0.2344
2536000,6764.395865,3624,215,0.239440,0.2812
2538000,10720.773091,3612,220,0.771556,0.2266
2540000,10743.159406,3605,216,0.769607,0.3125
2542000,7939.665654,3588,229,0.769257,0.2969
2544000,8183.661279,3580,239,0.671774,0.3672
2546000,5680.008043,3559,234,0.112093,0.3281
2548000,5499.513608,3568,222,0.107198,0.3281
2550000,5609.035490,3575,228,0.094352,0.3125
2552000,8474.930399,3615,212,0.612268,0.2500
2554000,8319.048265,3613,216,0.608589,0.2422
2556000,7974.963375,3621,219,0.538642,0.2500
2558000,4453.463104,3642,200,0.192160,0.2578
2560000,4370.098675,3647,208,0.089224,0.2969
2562000,5777.855178,3630,216,0.131577,0.2734
2564000,5614.352324,3614,220,0.057800,0.2734
2566000,6372.030218,3594,219,0.125720,0.3516
2568000,7571.792599,3563,235,0.019090,0.3906
2570000,8903.031536,3546,228,0.612923,0.3438
2572000,9727.660148,3578,228,0.845462,0.3125
2574000,8233.737224,3592,221,0.675922,0.2656
2576000,9063.489799,3584,236,0.705947,0.2969
2578000,9066.522427,3600,239,0.713279,0.3203
2580000,8720.230605,3590,238,0.500778,0.3359
2582000,8703.193612,3609,235,0.497399,0.2344
2584000,8782.932686,3627,227,0.502007,0.2969
2586000,9199.609797,3627,235,0.507069,0.3359
2588000,11363.075232,3634,213,0.854488,0.3047
2590000,11444.120006,3622,215,0.862241,0.2891
2592000,6401.274364,3656,203,0.265812,0.3281
2594000,6382.969580,3628,221,0.248930,0.2734
2596000,5233.464550,3633,218,0.275018,0.3906
2598000,6328.766170,3640,216,0.370627,0.2969
2600000,5468.905106,3647,217,0.257930,0.2344
2602000,6131.678442,3639,205,0.462183,0.2734
2604000,7863.635674,3646,197,0.217035,0.2969
2606000,8018.066915,3635,210,0.192422,0.2578
2608000,8259.969268,3629,229,0.202299,0.2578
2610000,9247.795691,3639,195,0.573666,0.2734
2612000,11673.606498,3627,205,0.724293,0.2969
2614000,10511.435535,3615,214,0.682095,0.3047
2616000,9508.183816,3612,209,0.490303,0.3438
2618000,8269.825772,3614,208,0.456950,0.2812
2620000,9615.289692,3625,199,0.675248,0.3047
2622000,7190.577033,3629,205,0.248468,0.2969
2624000,7588.279207,3660,201,0.227698,0.2734
2626000,9301.889971,3675,186,0.453327,0.2266
2628000,8492.471924,3666,187,0.806865,0.3750
2630000,8156.740523,3643,192,0.747295,0.3047
2632000,6393.240082,3632,195,0.612675,0.2656
2634000,6000.978778,3611,202,0.619295,0.3438
2636000,6672.522848,3623,197,0.614413,0.2422
2638000,7995.458589,3606,215,0.495739,0.3750
2640000,7976.414395,3625,208,0.513180,0.2734
2642000,7673.061545,3640,191,0.595237,0.3203
2644000,7294.048860,3615,208,0.360431,0.3516
2646000,7779.555508,3611,212,0.421382,0.3438
2648000,7799.844623,3608,223,0.441196,0.3203
2650000,7087.841933,3646,206,0.389732,0.2812
2652000,5531.286428,3632,202,0.016509,0.2969
2654000,8254.531179,3632,207,0.253632,0.2188
2656000,4830.126266,3633,206,0.202118,0.2969
2658000,5076.683488,3656,203,0.139403,0.2500
2660000,4596.546646,3643,203,0.118790,0.2812
2662000,6705.596015,3612,205,0.554979,0.2891
2664000,6722.488517,3604,218,0.602007,0.2656
2666000,5895.866243,3629,199,0.334666,0.3047
2668000,5864.348617,3636,200,0.336783,0.2578
2670000,5862.389479,3648,203,0.330377,0.2266
2672000,5908.340016,3618,216,0.342426,0.3047
2674000,5822.861781,3590,239,0.316746,0.2500
2676000,8366.586020,3606,224,0.610669,0.3203
2678000,5799.907568,3625,206,0.344768,0.3281
2680000,5563.512208,3630,191,0.341773,0.2578
2682000,7758.662107,3634,207,0.475300,0.2188
2684000,7822.280096,3595,216,0.477600,0.2969
2686000,6457.252777,3616,225,0.230220,0.2734
2688000,6419.464173,3642,214,0.223791,0.2031
2690000,6404.458870,3649,215,0.234262,0.2578
2692000,6416.801039,3616,232,0.236290,0.2812
2694000,8639.583159,3616,245,0.724497,0.2969
2696000,8599.303218,3609,245,0.718219,0.2656
2698000,10059.927326,3596,235,0.821082,0.2500
2700000,9624.981078,3620,236,0.806533,0.2734
2702000,9860.175998,3618,235,0.787573,0.2891
2704000,9673.721800,3634,220,0.877378,0.2656
2706000,9573.214204,3627,218,0.876506,0.3125
2708000,7333.563627,3616,208,0.580637,0.3203
2710000,6856.009686,3588,218,0.565441,0.2656
2712000,5161.145461,3596,220,0.066556,0.2891
2714000,5440.970463,3591,214,0.132038,0.3125
2716000,5430.210171,3606,209,0.132892,0.3516
2718000,6069.139336,3597,192,0.199677,0.2812
2720000,6250.556521,3580,230,0.371455,0.2422
2722000,6663.688626,3590,210,0.674597,0.3594
2724000,6602.895407,3598,211,0.660471,0.3125
2726000,4778.297930,3612,206,0.284518,0.3125
2728000,4451.378912,3597,216,0.257208,0.2891
2730000,5878.579153,3611,216,0.591081,0.3359
2732000,5899.259732,3607,214,0.591712,0.3203
2734000,5181.173223,3587,233,0.304360,0.2812
2736000,5502.138252,3599,213,0.386693,0.2812
2738000,5312.310770,3587,204,0.374708,0.2578
2740000,4923.633263,3573,202,0.329797,0.2734
2742000,4959.755097,3598,205,0.292292,0.2422
2744000,4891.167577,3591,198,0.398816,0.2812
2746000,4237.787924,3581,206,0.465015,0.2891
2748000,4632.340960,3552,229,0.545977,0.3438
2750000,4697.033932,3585,213,0.450543,0.2812
2752000,4658.464810,3579,212,0.434436,0.2812
2754000,4090.980871,3604,221,0.301148,0.3359
2756000,4037.068887,3612,208,0.281488,0.3125
2758000,4013.742806,3599,207,0.306379,0.3047
2760000,4001.821471,3587,213,0.320257,0.3125
2762000,4205.654284,3569,245,0.296835,0.2656
2764000,4252.315743,3554,239,0.275198,0.3359
2766000,4239.113080,3572,228,0.266933,0.2578
2768000,4099.688798,3598,207,0.215561,0.2891
2770000,4073.819431,3578,218,0.222656,0.3203
2772000,4375.007219,3578,225,0.247369,0.3750
2774000,6896.188129,3578,226,0.622836,0.2734
2776000,7127.266423,3565,224,0.578736,0.2891
2778000,7240.588726,3554,237,0.586187,0.2969
2780000,8813.006322,3570,232,0.657601,0.2266
2782000,9736.122261,3547,232,0.760699,0.2266
2784000,8716.609424,3565,229,0.674884,0.2734
2786000,7409.410980,3574,226,0.666705,0.3047
2788000,7270.278585,3599,217,0.548994,0.3672
2790000,6988.887696,3636,188,0.522529,0.2734
2792000,5804.564296,3616,200,0.270001,0.2812
2794000,5816.756237,3598,211,0.274104,0.2969
2796000,6976.090709,3597,219,0.528022,0.3438
2798000,5727.772309,3600,215,0.192200,0.3359
2800000,5807.391627,3585,223,0.197007,0.3438
2802000,4711.058452,3599,217,0.123142,0.2891
2804000,5787.793408,3596,213,0.391334,0.2656
2806000,5814.465937,3584,217,0.397091,0.3047
2808000,4974.628735,3599,221,0.404709,0.2969
2810000,4934.177844,3598,232,0.324606,0.3047
2812000,5013.088877,3624,217,0.320833,0.2734
2814000,4719.884584,3648,206,0.255065,0.3203
2816000,5405.076371,3638,211,0.427434,0.3047
2818000,5418.567282,3612,225,0.425355,0.2812
2820000,6330.363056,3597,230,0.585302,0.2500
2822000,6082.946172,3591,251,0.598064,0.2812
2824000,6068.030080,3579,243,0.590128,0.3828
2826000,6096.168804,3604,223,0.590962,0.2344
2828000,6028.912827,3606,220,0.599768,0.2812
2830000,5912.376562,3601,223,0.531721,0.3047
2832000,5831.429664,3605,225,0.516967,0.3203
2834000,6375.654060,3599,222,0.568010,0.3047
2836000,6406.888442,3614,208,0.669725,0.3203
2838000,6855.402511,3594,209,0.600140,0.3281
2840000,5898.260722,3616,207,0.548498,0.2734
2842000,5446.113598,3613,204,0.427889,0.2500
2844000,5658.992217,3606,215,0.539109,0.3281
2846000,5049.424469,3596,234,0.395740,0.2812
2848000,5021.738020,3574,241,0.399420,0.2734
2850000,5081.732953,3565,227,0.416385,0.2422
2852000,5064.703494,3593,222,0.421697,0.3281
2854000,5068.254117,3613,204,0.424808,0.3281
2856000,4985.070856,3611,193,0.403725,0.2578
2858000,4458.685057,3617,203,0.164295,0.3203
2860000,4840.100746,3632,216,0.324464,0.3281
2862000,4791.165390,3638,203,0.321921,0.2969
2864000,4818.836079,3610,215,0.313683,0.3203
2866000,4606.354579,3620,217,0.306952,0.3359
2868000,5418.339551,3639,203,0.580246,0.2891
2870000,5595.426083,3629,214,0.643168,0.2891
2872000,4999.213789,3588,235,0.541613,0.3281
2874000,5057.701108,3589,242,0.555835,0.3125
2876000,5023.818988,3585,234,0.570444,0.3125
2878000,5056.306328,3586,236,0.571442,0.3516
2880000,5028.204231,3589,244,0.567647,0.3906
2882000,4880.291552,3605,217,0.528915,0.2578
2884000,4882.582961,3594,234,0.569546,0.2891
2886000,4196.726374,3602,219,0.281497,0.3203
2888000,4217.485279,3605,215,0.272972,0.2734
2890000,4204.252440,3568,246,0.274626,0.3906
2892000,5275.944298,3558,218,0.573770,0.2969
2894000,5284.014931,3545,233,0.594942,0.2812
2896000,4597.314249,3543,230,0.408380,0.3359
2898000,4837.195241,3538,243,0.485542,0.2969
2900000,4316.768986,3556,243,0.310206,0.3125
2902000,4731.730494,3582,232,0.437857,0.2734
2904000,4993.360051,3578,238,0.561285,0.3047
2906000,4726.828509,3583,223,0.503182,0.3906
2908000,4790.639032,3595,202,0.475589,0.3594
2910000,4940.394577,3599,214,0.530371,0.2891
2912000,3051.154674,3612,226,0.099535,0.2812
2914000,3040.814706,3603,210,0.105781,0.3203
2916000,2882.677719,3571,229,0.071468,0.3047
2918000,4890.312405,3574,228,0.473309,0.2734
2920000,3916.930544,3572,214,0.169957,0.3203
2922000,3883.826613,3576,234,0.176826,0.2266
2924000,3940.025764,3594,230,0.170752,0.2891
2926000,3752.633369,3577,243,0.085784,0.2500
2928000,3781.021671,3592,228,0.092289,0.2734
2930000,2857.710886,3583,235,0.011223,0.2891
2932000,2861.803073,3609,224,0.009232,0.2422
2934000,2962.889036,3607,210,0.013448,0.3281
2936000,3309.126201,3580,230,0.030798,0.2422
2938000,4576.468119,3578,229,0.147181,0.2578
2940000,4600.817050,3604,216,0.152091,0.3047
2942000,6471.406494,3609,210,0.688306,0.3125
2944000,6501.764097,3598,207,0.708566,0.3125
2946000,6558.820461,3591,202,0.715908,0.2109
2948000,6548.559553,3567,215,0.727971,0.2266
2950000,4302.381520,3563,206,0.218805,0.3516
2952000,4316.155224,3568,214,0.214654,0.2891
2954000,4419.801307,3507,244,0.190136,0.3906
2956000,4141.382568,3510,241,0.270227,0.4141
2958000,7319.905298,3542,253,0.626430,0.3281
2960000,7463.860869,3548,221,0.646971,0.3047
2962000,7305.067970,3564,208,0.627860,0.2422
2964000,7324.669662,3552,220,0.761713,0.3125
2966000,6891.451127,3573,211,0.735405,0.3047
2968000,7400.151737,3604,202,0.795974,0.2578
2970000,6221.830710,3602,213,0.608714,0.3906
2972000,7166.560126,3589,206,0.658424,0.2500
2974000,7261.856467,3572,210,0.563611,0.2812
2976000,5455.958154,3555,201,0.160172,0.3125
2978000,3752.812399,3534,207,0.311324,0.2266
2980000,3689.543104,3553,205,0.292504,0.2734
2982000,6754.889819,3538,230,0.454509,0.3438
2984000,6539.863668,3527,227,0.464220,0.2891
2986000,6523.761872,3523,235,0.465918,0.3750
2988000,6514.839266,3567,225,0.462921,0.3203
2990000,6496.528279,3602,216,0.453825,0.2891
2992000,6467.228176,3591,235,0.452236,0.3516
2994000,6488.614487,3561,235,0.456059,0.3203
2996000,6042.476762,3574,230,0.404508,0.2344
2998000,6063.266099,3584,209,0.433101,0.2734
3000000,5075.988472,3561,220,0.120590,0.3594
3002000,4889.010157,3564,216,0.126913,0.2891
3004000,4438.861258,3568,215,0.007125,0.1953
3006000,4571.557908,3567,211,0.018630,0.2266
3008000,3895.067634,3563,216,0.005968,0.3438
3010000,3898.425386,3582,214,0.000135,0.2969
3012000,6333.335680,3570,209,0.322910,0.3125
3014000,4632.160525,3619,215,0.217982,0.2812
3016000,5572.460402,3614,214,0.572913,0.2500
3018000,5552.164816,3588,221,0.572187,0.3203
3020000,5394.026834,3578,215,0.308003,0.3047
3022000,5541.507614,3601,210,0.322039,0.3281
3024000,5495.662288,3583,201,0.341695,0.3359
3026000,6339.922274,3598,201,0.578257,0.2656
3028000,4347.952986,3605,199,0.353085,0.2734
3030000,4000.379944,3600,212,0.543694,0.3516
3032000,3990.583522,3597,209,0.508427,0.1875
3034000,4079.243726,3591,213,0.446518,0.3125
3036000,4241.532033,3554,218,0.376935,0.3594
3038000,4239.223048,3543,224,0.380986,0.2500
3040000,4287.681586,3536,215,0.386675,0.2891
3042000,4193.959560,3549,216,0.338090,0.2422
3044000,3922.621893,3509,237,0.252846,0.3438
3046000,3854.517178,3530,228,0.266024,0.2656
3048000,3895.248288,3511,251,0.305940,0.2734
3050000,3856.095859,3515,250,0.321656,0.3438
3052000,3862.469693,3521,250,0.324538,0.4062
3054000,5523.486481,3536,242,0.439375,0.2656
3056000,5457.855758,3539,243,0.433391,0.3125
3058000,3983.062611,3542,249,0.332254,0.3594
3060000,4200.305284,3592,233,0.292658,0.2969
3062000,3572.140203,3552,227,0.412321,0.3203
3064000,3768.063781,3569,228,0.165125,0.2422
3066000,3807.125708,3607,216,0.173309,0.2891
3068000,3611.925743,3601,217,0.192468,0.2812
3070000,4185.689096,3607,212,0.233875,0.2188
3072000,4199.193541,3592,221,0.232076,0.3359
3074000,4220.527591,3578,231,0.230355,0.3438
3076000,4177.396666,3581,233,0.226391,0.2500
3078000,4122.205909,3574,235,0.197155,0.2812
3080000,4558.609720,3558,239,0.213989,0.2734
3082000,4678.820908,3579,233,0.143964,0.2188
3084000,4641.048069,3562,254,0.138784,0.2734
3086000,4312.714553,3574,244,0.081160,0.3125
3088000,5014.807325,3606,238,0.434164,0.3438
3090000,5002.748731,3604,233,0.436872,0.3359
3092000,5182.186750,3578,239,0.518910,0.2969
3094000,4311.988976,3597,245,0.379429,0.3516
3096000,4795.108601,3625,238,0.498995,0.2734
3098000,4838.068622,3637,214,0.513415,0.1953
3100000,5355.746516,3630,215,0.576379,0.2812
3102000,5340.415157,3595,225,0.583271,0.1953
3104000,5353.324556,3554,249,0.585941,0.2891
3106000,5142.546646,3556,243,0.503663,0.3594
3108000,5428.423806,3587,227,0.575694,0.3828
3110000,5436.769100,3611,209,0.575147,0.3203
3112000,5996.200655,3613,207,0.524287,0.3203
3114000,4775.409570,3613,210,0.152771,0.2812
3116000,4100.785301,3608,221,0.193908,0.3125
3118000,3913.610466,3638,190,0.132385,0.3203
3120000,4179.094791,3620,192,0.170653,0.2500
3122000,4168.746063,3616,200,0.170129,0.2969
3124000,4117.946926,3602,198,0.162929,0.2812
3126000,4209.411841,3590,204,0.194982,0.2812
3128000,4943.459535,3567,226,0.075131,0.2734
3130000,3571.268525,3541,228,0.028559,0.3125
3132000,4302.929026,3546,231,0.157365,0.2969
3134000,4062.143767,3514,230,0.178141,0.3516
3136000,4101.496186,3529,241,0.182589,0.3438
3138000,6658.551805,3552,225,0.708767,0.3359
3140000,6161.298402,3556,216,0.391579,0.3047
3142000,5778.882574,3587,203,0.366952,0.2344
3144000,5703.801419,3616,201,0.363478,0.2578
3146000,5851.055780,3616,195,0.584272,0.2734
3148000,5011.759537,3618,204,0.393395,0.2422
3150000,5570.336930,3627,207,0.488137,0.2344
3152000,4011.489114,3582,215,0.204910,0.3047
3154000,5067.411013,3577,219,0.586630,0.2656
3156000,3733.153710,3566,214,0.200755,0.3047
3158000,4823.669666,3584,196,0.418559,0.2500
3160000,4963.986066,3561,218,0.451971,0.3594
3162000,5950.652611,3548,238,0.667171,0.3047
3164000,5945.586769,3527,246,0.666440,0.3125
3166000,6460.457058,3540,224,0.690229,0.2969
3168000,6569.786930,3573,215,0.684954,0.3438
3170000,4221.966131,3599,221,0.267958,0.3047
3172000,3974.187093,3574,211,0.255704,0.3516
3174000,4112.458894,3587,210,0.248972,0.2188
3176000,4125.511445,3579,214,0.258676,0.3359
3178000,4114.671036,3575,204,0.257558,0.2812
3180000,3522.962199,3543,221,0.170040,0.3047
3182000,4080.517691,3545,225,0.265569,0.2422
3184000,3638.511207,3525,239,0.141012,0.3984
3186000,3645.868608,3524,227,0.127331,0.2734
3188000,4371.506011,3515,254,0.368248,0.3750
3190000,3620.378296,3483,263,0.120269,0.3516
3192000,3758.910727,3505,248,0.138990,0.3203
3194000,4483.316146,3507,229,0.367776,0.3750
3196000,4769.383211,3509,237,0.542003,0.4297
3198000,3133.935553,3504,251,0.097361,0.3672
3200000,3049.842606,3534,237,0.079115,0.3125
3202000,3043.695098,3528,235,0.076332,0.3828
3204000,4511.171617,3505,261,0.334707,0.2188
3206000,4636.727104,3520,245,0.356658,0.2578
3208000,4603.300853,3506,255,0.354023,0.3047
3210000,5325.386717,3512,238,0.525175,0.2812
3212000,4452.721427,3497,239,0.503213,0.3750
3214000,5162.862366,3493,236,0.571513,0.2656
3216000,4993.237727,3502,241,0.584034,0.3984
3218000,5513.752117,3506,243,0.632966,0.3750
3220000,5417.646451,3527,212,0.630846,0.3516
3222000,5413.031901,3522,218,0.628382,0.2578
3224000,6062.047622,3524,227,0.724875,0.4375
3226000,5682.785015,3547,220,0.675385,0.2031
3228000,5462.620156,3567,215,0.637618,0.2812
3230000,4892.017506,3576,212,0.594801,0.2969
3232000,5140.682244,3584,221,0.567853,0.3203
3234000,5300.664666,3575,225,0.551029,0.3281
3236000,4888.020910,3560,230,0.558985,0.3281
3238000,4945.901446,3562,216,0.554074,0.3281
3240000,4971.398158,3526,231,0.555884,0.2109
3242000,4945.644274,3529,211,0.553682,0.3203
3244000,4327.081386,3518,247,0.333561,0.2969
3246000,4385.390167,3510,234,0.413165,0.3125
3248000,4379.016421,3543,220,0.413247,0.3438
3250000,3739.601594,3560,236,0.363753,0.2188
3252000,3625.098170,3602,209,0.347402,0.3203
3254000,3738.941849,3578,222,0.382194,0.3359
3256000,3738.397399,3585,217,0.381186,0.2578
3258000,3511.529144,3554,217,0.390516,0.2812
3260000,4088.904131,3544,238,0.310043,0.2969
3262000,4141.623564,3555,221,0.314520,0.2812
3264000,4661.671389,3556,232,0.603593,0.2656
3266000,4530.038252,3555,223,0.625099,0.2891
3268000,4483.880526,3562,220,0.565451,0.2891
3270000,4663.835986,3557,220,0.556159,0.3281
3272000,5081.506253,3572,222,0.506277,0.2969
3274000,5013.278513,3594,215,0.505807,0.2656
3276000,3561.600797,3603,220,0.088968,0.2734
3278000,3584.953701,3610,211,0.096203,0.2344
3280000,3650.752022,3591,213,0.103534,0.2734
3282000,4353.361119,3606,212,0.457376,0.3281
3284000,4249.488538,3628,211,0.441035,0.3125
3286000,5461.079677,3653,189,0.581599,0.2656
3288000,6096.796556,3651,177,0.560691,0.2109
3290000,5769.671111,3627,188,0.411733,0.3047
3292000,5763.572006,3588,218,0.412520,0.3359
3294000,5821.351056,3613,191,0.407025,0.2578
3296000,5853.524275,3601,200,0.412943,0.2812
3298000,4144.028145,3583,210,0.124335,0.2969
3300000,5010.484877,3620,210,0.236113,0.3203
3302000,4976.585083,3598,220,0.331929,0.2656
3304000,4173.965428,3577,247,0.180241,0.2500
3306000,3928.476415,3595,237,0.165808,0.2969
3308000,3844.795842,3582,233,0.169818,0.3047
3310000,5492.212531,3593,229,0.525209,0.2266
3312000,5478.019756,3583,240,0.525307,0.2891
3314000,6097.258834,3612,218,0.543493,0.2109
3316000,5840.355866,3593,234,0.536528,0.3047
3318000,5500.772867,3633,206,0.495869,0.3438
3320000,6527.397114,3628,215,0.699952,0.2578
3322000,7322.002629,3633,214,0.689224,0.3438
3324000,7244.475432,3632,207,0.745484,0.3047
3326000,7036.379765,3640,196,0.538487,0.3359
3328000,7534.505212,3614,198,0.569863,0.2734
3330000,7522.494605,3601,208,0.514752,0.3047
3332000,7554.605767,3615,210,0.573161,0.2422
3334000,7567.033987,3623,205,0.563459,0.2656
3336000,5525.965429,3599,218,0.369690,0.2891
3338000,6512.953476,3572,224,0.530017,0.2578
3340000,5513.763994,3570,218,0.353432,0.3672
3342000,6831.300227,3582,223,0.567888,0.3359
3344000,6399.270212,3564,223,0.526552,0.3359
3346000,6857.560887,3571,216,0.556061,0.2500
3348000,6949.947164,3582,218,0.560328,0.2656
3350000,6816.234122,3586,215,0.627448,0.2812
3352000,7027.550638,3581,209,0.558821,0.3047
3354000,8112.165458,3573,227,0.774176,0.2734
3356000,8017.503064,3566,231,0.835521,0.3203
3358000,6753.632295,3596,210,0.665949,0.3047
3360000,4574.043042,3561,227,0.264018,0.3125
3362000,4477.164082,3593,219,0.243506,0.3672
3364000,5326.379040,3562,219,0.528623,0.2891
3366000,4136.947885,3605,209,0.326713,0.3281
3368000,4743.036361,3594,208,0.278493,0.2656
3370000,4777.270371,3597,221,0.281890,0.3516
3372000,4275.306588,3594,212,0.424249,0.3516
3374000,4279.836935,3570,228,0.424195,0.2891
3376000,5648.163408,3583,219,0.585537,0.2891
3378000,5591.194924,3600,215,0.582574,0.2734
3380000,6644.443475,3573,219,0.664930,0.2266
3382000,6447.785762,3576,209,0.656087,0.2422
3384000,6795.862779,3583,210,0.593168,0.3281
3386000,6790.543769,3551,251,0.602302,0.3125
3388000,6687.144183,3569,253,0.550187,0.2969
3390000,4665.310617,3570,251,0.357112,0.2734
3392000,4465.650237,3567,253,0.429125,0.2969
3394000,4627.788653,3575,236,0.364914,0.2891
3396000,5805.485986,3583,214,0.408108,0.2891
3398000,5804.669015,3604,197,0.402119,0.2891
3400000,4914.445966,3602,217,0.234850,0.3047
3402000,4878.358447,3613,207,0.241977,0.2344
3404000,6415.322656,3620,213,0.611205,0.3203
3406000,4981.167106,3615,227,0.253926,0.2969
3408000,5592.890304,3591,232,0.523523,0.3047
3410000,5438.475768,3616,220,0.489576,0.3047
3412000,5443.882238,3609,207,0.465975,0.3125
3414000,5387.064582,3636,201,0.459586,0.3281
3416000,5212.079364,3620,210,0.493472,0.2969
3418000,5391.742928,3611,236,0.590909,0.2812
3420000,5345.623685,3625,228,0.515751,0.2500
3422000,5746.203800,3628,208,0.680299,0.2422
3424000,5602.697254,3647,212,0.666719,0.3672
3426000,5618.509452,3617,222,0.671597,0.2578
3428000,5840.159507,3621,230,0.594859,0.3047
3430000,5848.904867,3642,205,0.596646,0.3516
3432000,6212.781278,3637,222,0.367291,0.2344
3434000,6643.027714,3627,222,0.697077,0.3203
3436000,6406.190413,3600,231,0.683969,0.2891
3438000,6654.974300,3590,224,0.643794,0.3281
3440000,7401.586016,3616,211,0.733630,0.2969
3442000,5808.447969,3624,211,0.609966,0.2812
3444000,5548.679765,3618,217,0.600886,0.2734
3446000,6081.009139,3619,213,0.382072,0.3438
3448000,4620.817190,3613,218,0.198603,0.2500
3450000,4501.665639,3619,219,0.203232,0.2812
3452000,7547.952031,3633,218,0.742296,0.3047
3454000,7884.386025,3643,219,0.755058,0.3047
3456000,8243.286053,3653,218,0.836139,0.3750
3458000,6483.133501,3631,217,0.437661,0.2422
3460000,5136.764652,3620,221,0.521552,0.3516
3462000,5131.503129,3616,211,0.485282,0.3125
3464000,6011.142459,3626,206,0.516821,0.2266
3466000,7665.297888,3613,209,0.609005,0.3438
3468000,8069.041144,3580,219,0.664457,0.2422
3470000,8122.794603,3588,226,0.669270,0.2969
3472000,8095.682962,3584,229,0.820321,0.2734
3474000,8144.054528,3592,229,0.666099,0.3516
3476000,8210.021079,3547,238,0.660242,0.3438
3478000,4460.931243,3571,234,0.152916,0.2344
3480000,6885.943435,3564,247,0.545126,0.2656
3482000,7064.733243,3578,239,0.664084,0.3359
3484000,6305.965981,3547,252,0.518054,0.3359
3486000,5867.687799,3571,227,0.480316,0.2969
3488000,6214.487060,3581,214,0.448469,0.3594
3490000,6057.269755,3604,220,0.468666,0.2969
3492000,5905.645633,3610,242,0.448722,0.2969
3494000,5906.487138,3597,241,0.447724,0.3203
3496000,6696.854333,3604,228,0.527357,0.2734
3498000,6053.307199,3608,243,0.460412,0.3672
3500000,5780.148613,3599,245,0.147468,0.2500
3502000,5488.891528,3593,258,0.336497,0.3906
3504000,6181.488887,3563,265,0.494232,0.2578
3506000,6197.686624,3560,243,0.493021,0.1875
3508000,6152.143699,3557,215,0.480548,0.3281
3510000,4638.129735,3533,220,0.298470,0.3203
3512000,5662.812308,3525,231,0.388557,0.2578
3514000,5803.494773,3535,236,0.415912,0.4062
3516000,5120.740767,3585,215,0.273254,0.3203
3518000,6258.904026,3574,233,0.444267,0.2891
3520000,6256.844623,3593,227,0.444153,0.3281
3522000,6177.660797,3591,226,0.435070,0.3203
3524000,5458.951183,3580,226,0.308876,0.3359
3526000,6316.733369,3585,221,0.419485,0.2500
3528000,6353.531940,3575,240,0.476505,0.3203
3530000,6209.777957,3577,234,0.473642,0.3281
3532000,6074.421944,3590,221,0.530759,0.2109
3534000,5282.991296,3616,210,0.401718,0.2891
3536000,7487.179878,3626,209,0.687311,0.3438
3538000,7109.528526,3632,196,0.674867,0.2891
3540000,7123.936815,3638,217,0.687409,0.3359
3542000,5654.763490,3607,215,0.546703,0.2812
3544000,6147.815447,3630,209,0.787945,0.3984
3546000,6527.632198,3611,197,0.788146,0.3281
3548000,6141.135074,3605,210,0.712220,0.3125
3550000,6769.696452,3594,229,0.800326,0.3828
3552000,6792.700165,3564,239,0.575231,0.2109
3554000,6692.519992,3558,232,0.568497,0.2578
3556000,6144.588274,3583,224,0.674785,0.3125
3558000,6119.605519,3583,220,0.689030,0.2578
3560000,6917.138345,3559,215,0.688628,0.3359
3562000,6386.586026,3598,207,0.606879,0.2500
3564000,6928.438287,3595,212,0.730326,0.2891
3566000,7018.559890,3582,220,0.732923,0.2891
3568000,4323.413869,3578,217,0.159352,0.2500
3570000,4653.784008,3579,209,0.155165,0.3516
3572000,3454.489417,3618,201,0.042113,0.3125
3574000,3419.761821,3609,221,0.168964,0.2891
3576000,3513.843948,3614,231,0.109801,0.2812
3578000,3421.872129,3611,246,0.137146,0.2969
3580000,3401.261468,3617,248,0.069332,0.2969
3582000,3443.704569,3629,234,0.067211,0.3750
3584000,3422.595735,3633,224,0.070643,0.2734
3586000,3433.823536,3650,213,0.068227,0.2891
3588000,3472.430083,3661,214,0.071106,0.3594
3590000,4758.106017,3657,215,0.554317,0.2891
3592000,4740.502611,3647,202,0.558655,0.2500
3594000,5524.315254,3629,197,0.592871,0.2344
3596000,6956.474530,3651,201,0.608911,0.2578
3598000,6909.678236,3692,192,0.597706,0.2188
3600000,6999.633504,3677,195,0.649310,0.3359
3602000,5275.782966,3668,190,0.597330,0.2266
3604000,5194.595864,3656,201,0.202123,0.2812
3606000,5259.791371,3670,187,0.192220,0.2266
3608000,4171.058827,3658,193,0.189997,0.3047
3610000,5581.073242,3641,190,0.332503,0.2969
3612000,5333.070485,3652,186,0.195318,0.2891
3614000,4359.019706,3663,193,0.160783,0.3750
3616000,6154.002248,3662,188,0.518249,0.2578
3618000,6162.056175,3631,192,0.544659,0.2578
3620000,6160.139713,3652,192,0.547531,0.2969
3622000,6347.114895,3661,178,0.568561,0.2969
3624000,5642.463954,3661,179,0.493606,0.2656
3626000,5381.873582,3644,190,0.316160,0.3438
3628000,5367.960196,3654,186,0.311295,0.2578
3630000,5465.025277,3647,193,0.270357,0.2500
3632000,5454.396528,3674,198,0.265123,0.2656
3634000,5514.382931,3680,191,0.425407,0.2500
3636000,5001.213439,3663,206,0.468261,0.2812
3638000,5265.078746,3630,219,0.500536,0.2812
3640000,5268.703429,3621,211,0.504670,0.2656
3642000,5161.548621,3614,214,0.531523,0.3203
3644000,5288.853506,3620,199,0.508843,0.2969
3646000,4842.578680,3642,210,0.440164,0.2812
3648000,5206.644325,3647,194,0.425842,0.2422
3650000,5365.450248,3665,184,0.355629,0.2109
3652000,7031.055308,3648,208,0.547861,0.2969
3654000,5937.632668,3663,202,0.208739,0.2969
3656000,4959.879949,3612,219,0.116919,0.2578
3658000,5033.191983,3606,218,0.115187,0.2656
3660000,5374.698558,3626,216,0.127605,0.2656
3662000,5415.424661,3611,209,0.117700,0.3125
3664000,5791.035733,3609,227,0.167414,0.2656
3666000,6583.101669,3622,221,0.300988,0.2734
3668000,5961.410376,3637,219,0.306273,0.2891
3670000,6114.020303,3644,205,0.364877,0.2891
3672000,7094.050518,3655,203,0.631730,0.3047
3674000,5904.470823,3627,213,0.481777,0.3125
3676000,6320.430307,3640,222,0.512139,0.3203
3678000,5889.532099,3627,214,0.517226,0.3203
3680000,3485.843395,3626,214,0.199355,0.2969
3682000,5292.774581,3605,214,0.387939,0.3047
3684000,6355.819338,3626,198,0.569254,0.3516
3686000,5533.545524,3615,188,0.467707,0.2109
3688000,5612.390724,3631,197,0.405675,0.3516
3690000,5574.258446,3625,215,0.414069,0.2969
3692000,5771.651012,3658,205,0.408428,0.3047
3694000,5899.294696,3647,206,0.376394,0.3047
3696000,4737.510096,3647,203,0.331114,0.2891
3698000,5251.420013,3630,209,0.558438,0.3359
3700000,5236.037179,3628,215,0.548198,0.3594
3702000,5252.776878,3624,212,0.557870,0.3828
3704000,5745.121924,3635,221,0.501825,0.3516
3706000,5530.749857,3640,215,0.553573,0.2344
3708000,5055.218997,3620,231,0.469436,0.3906
3710000,5106.410974,3613,228,0.454097,0.2969
3712000,5139.237861,3649,207,0.453306,0.3281
3714000,5088.400925,3655,202,0.483027,0.2656
3716000,4951.321152,3623,211,0.372207,0.3438
3718000,6931.953642,3609,226,0.691102,0.2734
3720000,6081.703746,3611,231,0.278456,0.2969
3722000,7486.999761,3605,227,0.607322,0.2188
3724000,7013.947411,3581,245,0.447355,0.3594
3726000,7401.123571,3580,242,0.351809,0.3047
3728000,6458.238470,3560,245,0.323694,0.2891
3730000,5610.765159,3589,247,0.374404,0.2578
3732000,5579.882270,3577,243,0.368459,0.3281
3734000,7077.946031,3584,235,0.641765,0.3125
3736000,7052.319483,3572,256,0.599405,0.2812
3738000,7024.538308,3545,252,0.601686,0.2500
3740000,7179.588852,3576,234,0.622726,0.2422
3742000,5432.250752,3566,239,0.392719,0.3281
3744000,6300.463503,3559,217,0.653888,0.2969
3746000,6231.722344,3558,236,0.577334,0.2422
3748000,6894.727047,3566,238,0.691620,0.2734
3750000,6922.039901,3557,246,0.721874,0.2656
3752000,6874.069978,3558,243,0.722618,0.2734
3754000,7011.903350,3563,263,0.722994,0.2891
3756000,7247.202880,3570,232,0.730038,0.2891
3758000,7126.310437,3568,244,0.732797,0.2969
3760000,7814.968240,3559,229,0.803478,0.3828
3762000,5513.930226,3543,224,0.395840,0.3750
3764000,4658.764506,3568,212,0.418161,0.2734
3766000,4707.750237,3563,220,0.430879,0.3438
3768000,5834.180991,3547,232,0.499715,0.2656
3770000,6659.965162,3571,218,0.590904,0.2812
3772000,4241.413186,3590,216,0.315931,0.2266
3774000,4571.425874,3585,225,0.310203,0.2891
3776000,5660.312881,3567,209,0.442672,0.2812
3778000,5610.975802,3592,214,0.440305,0.2812
3780000,4754.191072,3596,221,0.320233,0.3203
3782000,5113.756181,3550,238,0.429022,0.3359
3784000,5685.348503,3543,227,0.431130,0.2656
3786000,5652.918399,3550,233,0.458252,0.2812
3788000,5716.536000,3566,219,0.467383,0.3125
3790000,5625.813972,3568,225,0.460786,0.3281
3792000,5639.718307,3536,236,0.414725,0.3359
3794000,4342.430312,3566,233,0.333515,0.3203
3796000,4356.519124,3567,227,0.314345,0.2344
3798000,7172.963009,3524,226,0.620126,0.3281
3800000,6346.330252,3540,224,0.479626,0.3047
3802000,6324.422559,3539,218,0.482693,0.2422
3804000,3517.457551,3529,237,0.038646,0.2812
3806000,4294.843723,3528,223,0.149412,0.3359
3808000,5678.312294,3521,238,0.342195,0.3281
3810000,5654.573256,3541,238,0.334294,0.2344
3812000,5661.260378,3547,235,0.331327,0.2656
3814000,4658.805289,3549,210,0.133274,0.3203
3816000,7557.788344,3553,222,0.638498,0.3047
3818000,5671.503710,3575,210,0.584309,0.3359
3820000,5664.224091,3585,206,0.582583,0.2109
3822000,4329.738851,3549,220,0.317879,0.2891
3824000,4038.373395,3534,222,0.287380,0.3594
3826000,4096.609352,3557,220,0.494603,0.3047
3828000,4187.273299,3578,214,0.479725,0.2734
3830000,4298.735788,3547,216,0.378963,0.3906
3832000,4318.724113,3542,224,0.382644,0.3359
3834000,5108.140221,3538,226,0.321751,0.3750
3836000,5099.444864,3534,222,0.315033,0.3125
3838000,4693.516735,3559,216,0.234038,0.2891
3840000,4751.083144,3550,223,0.240657,0.2812
3842000,6061.461376,3546,226,0.414950,0.3828
3844000,6059.817324,3545,239,0.416209,0.2344
3846000,5400.497114,3542,242,0.348261,0.2891
3848000,5431.312584,3574,229,0.335901,0.2500
3850000,5477.416747,3552,242,0.338388,0.3359
3852000,4402.359500,3574,239,0.217945,0.2656
3854000,5401.843752,3561,243,0.380204,0.2578
3856000,5385.188471,3538,255,0.381109,0.2344
3858000,5374.735282,3545,244,0.378620,0.3125
3860000,5420.926551,3558,242,0.408894,0.3438
3862000,5433.728282,3603,211,0.406153,0.3438
3864000,5515.472077,3625,212,0.439241,0.2109
3866000,5336.216274,3619,218,0.519448,0.2656
3868000,5320.410051,3587,220,0.494261,0.2812
3870000,5089.214359,3586,225,0.529383,0.2891
3872000,5058.038380,3577,221,0.437032,0.2734
3874000,4477.400022,3564,223,0.369222,0.3594
3876000,4395.168637,3600,213,0.355148,0.3047
3878000,3700.797914,3588,213,0.197227,0.3203
3880000,5867.632667,3589,215,0.650920,0.2656
3882000,4291.783986,3585,208,0.079116,0.3516
3884000,4409.630969,3600,217,0.102470,0.2422
3886000,4432.121826,3594,209,0.105264,0.2344
3888000,4000.168679,3606,207,0.089788,0.2266
3890000,3983.051331,3632,199,0.087451,0.2500
3892000,4107.504623,3614,206,0.202689,0.2266
3894000,4017.061239,3611,212,0.258556,0.2734
3896000,4578.557268,3627,202,0.364707,0.3047
3898000,4561.628466,3629,191,0.283369,0.3125
3900000,4472.250282,3619,200,0.086612,0.2969
3902000,4164.930144,3616,211,0.314839,0.2266
3904000,4460.374778,3605,230,0.471943,0.2891
3906000,4456.095314,3589,229,0.471809,0.3047
3908000,4388.829421,3602,225,0.388892,0.3281
3910000,4330.999559,3605,221,0.377252,0.2969
3912000,4883.872148,3602,227,0.635030,0.2656
3914000,4910.563071,3593,224,0.640458,0.2969
3916000,4878.932391,3598,212,0.641665,0.2812
3918000,4388.060228,3604,193,0.456833,0.2656
3920000,4436.469231,3603,201,0.461732,0.2656
3922000,4449.805601,3601,203,0.460779,0.1953
3924000,3463.766085,3596,216,0.074846,0.2734
3926000,3412.389399,3597,220,0.082364,0.3125
3928000,3431.004883,3615,213,0.081201,0.3594
3930000,5026.582522,3606,222,0.616386,0.2578
3932000,5016.265384,3615,224,0.617105,0.3516
3934000,5026.276595,3623,215,0.408137,0.3281
3936000,3893.707832,3612,221,0.000117,0.3359
3938000,3916.140558,3630,215,0.001514,0.2344
3940000,3914.571655,3617,231,0.003102,0.3125
3942000,3598.609240,3613,212,0.025671,0.3047
3944000,3682.223096,3605,219,0.023688,0.2578
3946000,4240.168599,3612,208,0.015696,0.2969
3948000,7200.806719,3606,210,0.478577,0.2812
3950000,5846.438112,3613,195,0.289452,0.2500
3952000,5628.430984,3604,190,0.350516,0.3047
3954000,5301.404407,3581,217,0.439134,0.3047
3956000,5070.386627,3543,236,0.298755,0.2812
3958000,5093.570677,3533,232,0.312494,0.2891
3960000,5512.585037,3544,233,0.577475,0.3203
3962000,4494.507412,3547,213,0.268829,0.2188
3964000,4512.408278,3547,217,0.270037,0.2734
3966000,4649.878945,3550,217,0.204725,0.3125
3968000,4740.389978,3545,242,0.296104,0.3281
3970000,4540.127194,3554,231,0.270654,0.3125
3972000,5060.562990,3528,248,0.394088,0.2812
3974000,5074.411060,3564,217,0.390529,0.2734
3976000,5020.821110,3568,214,0.365264,0.2891
3978000,4586.433298,3566,222,0.341287,0.2266
3980000,4127.757305,3550,215,0.313671,0.2500
3982000,4188.453050,3563,210,0.313477,0.2500
3984000,4025.382567,3568,227,0.317191,0.3438
3986000,4024.408389,3553,238,0.314672,0.3281
3988000,3966.341851,3544,223,0.298082,0.2969
3990000,4669.452642,3530,227,0.102198,0.2500
3992000,4650.286432,3556,221,0.103345,0.2734
3994000,4671.654632,3585,210,0.111146,0.2891
3996000,4215.786226,3584,207,0.215642,0.2812
3998000,3895.759349,3590,209,0.293140,0.3359
4000000,3864.094565,3586,213,0.290406,0.2969
4002000,3753.476283,3578,222,0.288261,0.2500
4004000,3655.441771,3560,228,0.188349,0.3125
4006000,6066.354725,3578,230,0.319298,0.3125
4008000,5306.814741,3556,232,0.227410,0.2969
4010000,5468.870872,3562,230,0.296899,0.2500
4012000,4719.853396,3551,239,0.058835,0.2656
4014000,4346.595728,3528,241,0.012048,0.3203
4016000,4721.405141,3525,242,0.302159,0.2422
4018000,4776.532079,3557,212,0.292082,0.2969
4020000,6081.915819,3551,220,0.302512,0.2891
4022000,4644.875789,3587,228,0.347402,0.3203
4024000,7719.881730,3609,200,0.504040,0.2812
4026000,8485.665464,3633,194,0.580137,0.2344
4028000,9245.498944,3652,181,0.738810,0.3438
4030000,9477.998832,3645,195,0.613475,0.3281
4032000,9332.161871,3644,191,0.611617,0.2734
4034000,9364.434776,3636,187,0.612944,0.2578
4036000,7656.983875,3651,185,0.298262,0.2969
4038000,8900.250338,3635,176,0.586363,0.2656
4040000,6212.460444,3650,171,0.147610,0.2891
4042000,5503.143989,3641,168,0.169779,0.2734
4044000,5174.265204,3635,184,0.269362,0.1953
4046000,4764.268116,3631,223,0.299335,0.2734
4048000,4275.989583,3611,214,0.091055,0.2812
4050000,4036.315597,3597,211,0.220137,0.3438
4052000,4471.088874,3577,217,0.091635,0.2656
4054000,4326.922378,3579,215,0.169049,0.3359
4056000,4230.173040,3567,214,0.184458,0.2969
4058000,4561.175086,3569,224,0.028109,0.3672
4060000,4579.980373,3580,209,0.029394,0.2969
4062000,4600.648695,3602,207,0.024514,0.3203
4064000,4256.120402,3596,208,0.085506,0.2656
4066000,4282.342886,3618,186,0.071545,0.2422
4068000,3441.257761,3630,181,0.011054,0.2266
4070000,3451.865162,3606,207,0.011647,0.3438
4072000,3774.661029,3628,194,0.048960,0.2266
4074000,3800.459618,3622,207,0.047890,0.3125
4076000,3801.437271,3618,201,0.053186,0.2500
4078000,3659.429978,3622,206,0.082313,0.3125
4080000,3614.468906,3628,198,0.152783,0.2734
4082000,3640.758229,3604,211,0.155341,0.2734
4084000,3731.267524,3628,212,0.111465,0.3125
4086000,3528.580299,3639,205,0.096976,0.2500
4088000,3857.872759,3634,203,0.088639,0.3125
4090000,3855.708914,3611,215,0.086611,0.2266
4092000,3867.149519,3599,234,0.086727,0.2812
4094000,3901.153036,3606,225,0.089790,0.2266
4096000,3430.334490,3629,205,0.005313,0.3281
4098000,3100.564829,3627,198,0.090276,0.2734
4100000,3550.222444,3628,202,0.009941,0.2812
4102000,3591.417197,3609,211,0.017387,0.3516
4104000,5142.285406,3623,193,0.303783,0.2656
4106000,5124.477113,3590,211,0.379665,0.3359
4108000,4349.937366,3570,217,0.100951,0.2656
4110000,4371.720839,3578,225,0.103099,0.2734
4112000,4372.152917,3585,226,0.105514,0.2891
4114000,4487.769474,3609,217,0.202185,0.2734
4116000,4492.590259,3621,215,0.199737,0.2891
4118000,4346.456123,3601,223,0.174767,0.2344
4120000,6300.791717,3578,220,0.514735,0.2578
4122000,5918.251441,3569,239,0.401548,0.2344
4124000,5899.960372,3595,227,0.384310,0.3047
4126000,4981.161136,3582,231,0.390613,0.3203
4128000,5211.813208,3586,209,0.431554,0.2344
4130000,5265.476661,3611,207,0.433483,0.3125
4132000,5159.092188,3615,205,0.486840,0.3047
4134000,4937.519219,3624,205,0.427281,0.2891
4136000,4790.981926,3616,195,0.419482,0.2734
4138000,4519.390491,3620,216,0.441069,0.3594
4140000,4867.942079,3670,202,0.434773,0.2891
4142000,6701.601303,3649,213,0.669363,0.3125
4144000,6814.559714,3657,222,0.668777,0.3438
4146000,6733.440217,3642,223,0.666998,0.3516
4148000,6806.630341,3625,226,0.677538,0.3125
4150000,6784.872123,3616,211,0.691755,0.2422
4152000,6890.913664,3595,232,0.696729,0.2734
4154000,6923.895863,3600,229,0.755731,0.3047
4156000,7437.825346,3618,217,0.651562,0.3203
4158000,5334.008751,3619,233,0.338628,0.2344
4160000,5001.300526,3613,227,0.257822,0.2734
4162000,5605.061492,3620,229,0.319220,0.3281
4164000,5596.761070,3635,212,0.308969,0.2734
4166000,5417.331616,3635,205,0.375716,0.2422
4168000,5455.246131,3621,223,0.343737,0.2422
4170000,5983.990865,3604,210,0.338574,0.3281
4172000,7397.272282,3631,198,0.523244,0.3125
4174000,9651.090234,3643,198,0.859677,0.2812
4176000,9785.515445,3649,202,0.871416,0.2969
4178000,10714.685804,3626,200,0.912836,0.2422
4180000,10834.012757,3629,194,0.922433,0.3203
4182000,7260.112271,3626,204,0.361543,0.2812
4184000,5159.218291,3589,209,0.267901,0.3047
4186000,6161.030535,3595,219,0.149827,0.2500
4188000,6737.397208,3592,211,0.559435,0.3438
4190000,6274.611053,3599,213,0.486113,0.2969
4192000,7790.826017,3621,207,0.639022,0.2500
4194000,8274.806950,3627,203,0.721426,0.3594
4196000,8265.207057,3629,204,0.722579,0.2500
4198000,8120.902426,3615,220,0.725679,0.3516
4200000,6521.919414,3611,225,0.501173,0.3281
4202000,7016.469734,3617,213,0.597037,0.2734
4204000,5730.255282,3599,218,0.655828,0.2969
4206000,5760.169746,3591,216,0.653280,0.2031
4208000,7373.084995,3621,224,0.596425,0.2344
4210000,8891.172397,3635,225,0.830576,0.3047
4212000,8060.731347,3641,215,0.715764,0.2891
4214000,7976.460017,3650,209,0.701351,0.2969
4216000,4268.881445,3644,187,0.226207,0.2656
4218000,4227.574161,3644,181,0.217238,0.3359
4220000,8044.014806,3652,197,0.687259,0.2656
4222000,6256.354117,3640,199,0.642117,0.2422
4224000,6217.719556,3629,229,0.625387,0.2500
4226000,6217.258478,3635,208,0.627818,0.2031
4228000,5658.772341,3617,215,0.508835,0.3594
4230000,4532.195443,3609,195,0.281923,0.2188
4232000,4559.677417,3629,208,0.283618,0.3203
4234000,5121.148902,3628,207,0.166855,0.2734
4236000,5153.088057,3604,233,0.164428,0.2266
4238000,5135.179996,3601,217,0.162815,0.3203
4240000,5112.133621,3620,208,0.377794,0.2969
4242000,5137.736526,3644,207,0.380520,0.2734
4244000,6874.709107,3653,204,0.568559,0.2422
4246000,6799.349339,3647,215,0.584349,0.2812
4248000,6534.890092,3613,201,0.571298,0.3203
4250000,6943.056658,3602,193,0.820136,0.2969
4252000,6945.183695,3622,196,0.787342,0.3047
4254000,6649.757544,3571,212,0.768702,0.3125
4256000,5121.208899,3590,206,0.390997,0.3359
4258000,6574.464943,3608,212,0.768568,0.2734
4260000,6814.169089,3604,209,0.770423,0.3281
4262000,6340.557901,3597,215,0.752530,0.2422
4264000,6271.490083,3626,198,0.742037,0.3203
4266000,6900.299687,3609,202,0.755284,0.2344
4268000,6774.464451,3615,192,0.756054,0.3594
4270000,5916.244352,3605,186,0.585626,0.2109
4272000,5116.283731,3601,195,0.275704,0.2344
4274000,4901.234836,3591,210,0.298377,0.2812
4276000,6088.441203,3577,221,0.587054,0.3047
4278000,6230.785722,3569,217,0.373591,0.3125
4280000,7069.712702,3582,225,0.751670,0.2812
4282000,7084.722469,3581,207,0.725985,0.3125
4284000,5971.811707,3601,217,0.433401,0.3047
4286000,5990.200291,3590,231,0.435179,0.2656
4288000,5324.390701,3572,242,0.147728,0.3203
4290000,5506.774739,3595,220,0.133379,0.3750
4292000,7306.498796,3556,236,0.694588,0.2422
4294000,4459.632497,3540,241,0.140766,0.2812
4296000,4334.367997,3536,241,0.133819,0.3281
4298000,4337.488597,3572,218,0.134605,0.2969
4300000,3839.233884,3561,234,0.107889,0.2578
4302000,3869.503313,3553,234,0.110339,0.3047
4304000,4486.220433,3581,247,0.213771,0.2578
4306000,4540.471159,3559,231,0.273412,0.2891
4308000,4505.931748,3578,223,0.278225,0.2500
4310000,4464.904121,3563,212,0.271681,0.2734
4312000,5222.186740,3590,212,0.256733,0.3203
4314000,5045.721088,3597,219,0.220037,0.2266
4316000,5080.072233,3623,202,0.217748,0.2578
4318000,7254.243376,3627,208,0.675754,0.2500
4320000,7093.279439,3618,198,0.735219,0.2109
4322000,7152.262756,3602,225,0.730124,0.2344
4324000,7107.416245,3617,209,0.722576,0.2969
4326000,8410.680880,3598,223,0.703836,0.3203
4328000,8329.876972,3597,224,0.665932,0.4141
4330000,8172.331123,3604,229,0.769174,0.2812
4332000,7834.656959,3603,210,0.694244,0.2969
4334000,7832.306882,3619,196,0.688455,0.2344
4336000,6484.653800,3601,196,0.358374,0.2422
4338000,6252.989101,3605,192,0.360508,0.2500
4340000,6067.049253,3604,198,0.401058,0.2734
4342000,6322.843193,3619,202,0.385765,0.2891
4344000,5450.218831,3610,198,0.367572,0.3594
4346000,5607.359695,3611,218,0.433914,0.2578
4348000,5335.794596,3627,197,0.314190,0.3750
4350000,5104.342301,3647,180,0.371279,0.2344
4352000,5079.245514,3600,190,0.357686,0.2578
4354000,5629.720464,3588,196,0.416618,0.2578
4356000,5522.871061,3588,210,0.349006,0.2734
4358000,6426.680898,3605,194,0.602898,0.2578
4360000,6024.085036,3588,209,0.650887,0.2734
4362000,4085.550589,3585,212,0.000093,0.3438
4364000,8007.641859,3584,210,0.636060,0.2188
4366000,7959.700809,3576,217,0.639447,0.3125
4368000,8125.879631,3556,214,0.800453,0.3516
4370000,8165.565095,3567,241,0.801391,0.2969
4372000,7732.749239,3601,228,0.776469,0.3359
4374000,7817.626024,3609,221,0.779471,0.2656
4376000,7865.281390,3615,222,0.784471,0.3672
4378000,9410.802138,3652,201,0.703939,0.2891
4380000,9853.762445,3662,205,0.773245,0.2031
4382000,9107.186639,3650,193,0.687222,0.2344
4384000,8234.762657,3656,182,0.498657,0.3047
4386000,8522.183575,3652,183,0.747621,0.2422
4388000,7859.860887,3622,209,0.536228,0.2578
4390000,8830.816018,3626,217,0.600269,0.2812
4392000,8446.673972,3629,202,0.587022,0.3672
4394000,8348.643199,3624,202,0.681550,0.2812
4396000,8626.582207,3624,210,0.688781,0.2891
4398000,6007.353632,3615,223,0.405118,0.2578
4400000,5917.291531,3621,233,0.398948,0.3203
4402000,7001.590773,3629,224,0.589351,0.2656
4404000,5189.726724,3639,219,0.153022,0.2188
4406000,5723.903285,3650,199,0.175095,0.2969
4408000,6463.900210,3655,203,0.426444,0.3125
4410000,6428.488177,3614,215,0.429107,0.3516
4412000,7313.067546,3597,216,0.512295,0.3516
4414000,7477.316848,3599,215,0.531782,0.2812
4416000,7764.952676,3643,203,0.671513,0.3125
4418000,6379.280842,3624,225,0.179143,0.2734
4420000,6888.856047,3650,219,0.289873,0.3516
4422000,7148.214922,3662,220,0.264159,0.3047
4424000,7306.218998,3661,224,0.308245,0.3203
4426000,4828.741506,3648,229,0.070930,0.2500
4428000,5758.633614,3632,230,0.461645,0.3047
4430000,5791.890826,3638,226,0.430254,0.1719
4432000,5452.342850,3631,217,0.056735,0.3047
4434000,5345.065451,3635,201,0.065662,0.2031
4436000,4973.298383,3630,204,0.070815,0.2891
4438000,5563.106520,3634,200,0.051650,0.2109
4440000,5314.449871,3646,208,0.368127,0.2734
4442000,5795.265533,3634,218,0.280075,0.3125
4444000,5799.549362,3649,196,0.279897,0.2734
4446000,5511.198174,3632,205,0.220650,0.2266
4448000,4791.562639,3651,167,0.120143,0.3359
4450000,4788.843318,3632,184,0.122397,0.2656
4452000,5192.757991,3664,197,0.101951,0.2578
4454000,5838.083687,3664,188,0.026710,0.2578
4456000,5521.865708,3633,213,0.035322,0.2891
4458000,5281.180523,3642,202,0.022635,0.2422
4460000,5003.794990,3626,212,0.135089,0.1719
4462000,6241.774479,3639,215,0.004890,0.3203
4464000,5675.623107,3621,213,0.146270,0.2422
4466000,5492.471882,3638,197,0.213030,0.3594
4468000,5546.683828,3657,184,0.259489,0.2422
4470000,4610.901992,3644,176,0.226244,0.2891
4472000,5408.765599,3619,186,0.382956,0.2578
4474000,5385.859112,3626,204,0.122270,0.2578
4476000,5574.351836,3592,208,0.105450,0.2656
4478000,5724.880400,3613,203,0.223203,0.3203
4480000,5951.265554,3598,189,0.555307,0.2891
4482000,6085.183642,3603,207,0.226404,0.2500
4484000,5212.207603,3580,216,0.400367,0.2656
4486000,4895.471342,3561,220,0.438843,0.2969
4488000,4854.827138,3582,207,0.404726,0.3516
4490000,5921.287279,3597,199,0.266012,0.3438
4492000,4521.145842,3606,195,0.059888,0.2500
4494000,4681.128746,3611,206,0.164671,0.3125
4496000,4850.557486,3603,205,0.397840,0.3203
4498000,5208.621888,3573,222,0.450793,0.2656
4500000,5990.223848,3585,221,0.664421,0.3047
4502000,4530.652222,3569,234,0.284757,0.3516
4504000,5397.932820,3553,239,0.574359,0.2969
4506000,5104.972117,3563,217,0.457339,0.2422
4508000,5030.677509,3579,206,0.457601,0.2031
4510000,5495.268104,3570,221,0.549357,0.2578
4512000,4677.400521,3591,208,0.089871,0.3047
4514000,4576.190106,3584,201,0.083439,0.3047
4516000,4164.572973,3593,202,0.099334,0.2500
4518000,4211.940698,3599,213,0.103033,0.2734
4520000,4229.855771,3588,214,0.107282,0.2578
4522000,4316.400680,3599,227,0.052780,0.3359
4524000,4177.318135,3616,227,0.191008,0.3203
4526000,4225.768471,3633,217,0.113757,0.2891
4528000,4221.011122,3619,214,0.131810,0.3438
4530000,3701.254338,3622,227,0.123393,0.2969
4532000,4731.939681,3616,214,0.373531,0.3047
4534000,3993.415301,3611,201,0.137718,0.3125
4536000,5345.699444,3607,199,0.291985,0.2656
4538000,4777.167517,3592,225,0.298199,0.3516
4540000,5143.325586,3595,193,0.529678,0.2656
4542000,5577.647723,3613,205,0.494323,0.3359
4544000,5628.787770,3599,197,0.495882,0.3047
4546000,5394.088544,3638,193,0.080648,0.2500
4548000,5021.256929,3657,197,0.013187,0.2344
4550000,4896.489663,3636,197,0.019977,0.2500
4552000,4975.724546,3633,194,0.019312,0.2656
4554000,4813.795191,3642,198,0.117024,0.2656
4556000,4642.004869,3638,196,0.085047,0.2656
4558000,4754.159462,3645,189,0.115629,0.2891
4560000,4816.384993,3634,200,0.080381,0.2812
4562000,4746.917946,3648,213,0.076907,0.3047
4564000,4738.366840,3658,202,0.073513,0.3672
4566000,5773.850407,3665,191,0.070751,0.2891
4568000,5173.115580,3635,209,0.003282,0.2344
4570000,5418.782444,3612,232,0.328986,0.2969
4572000,5477.075832,3595,225,0.350173,0.2656
4574000,5238.982023,3610,212,0.386346,0.3203
4576000,5274.938313,3617,202,0.379908,0.2344
4578000,5144.789241,3600,220,0.348111,0.2891
4580000,5135.023536,3613,208,0.346255,0.3125
4582000,5546.959829,3596,202,0.218073,0.2656
4584000,5345.288009,3623,198,0.378956,0.2578
4586000,5344.293829,3620,202,0.382043,0.2578
4588000,4332.062485,3621,213,0.002204,0.2500
4590000,4672.234046,3617,213,0.066500,0.2500
4592000,4660.022395,3608,223,0.070392,0.3047
4594000,4451.757428,3620,212,0.154190,0.2891
4596000,6436.720439,3618,202,0.330393,0.2422
4598000,6613.217627,3638,193,0.314701,0.2578
4600000,6497.263696,3619,202,0.286422,0.3750
4602000,3971.837167,3640,180,0.181200,0.3281
4604000,6213.295596,3624,200,0.371188,0.3203
4606000,5012.597509,3634,222,0.247612,0.3672
4608000,5181.399484,3597,234,0.280291,0.3125
4610000,5114.656439,3574,236,0.275264,0.2578
4612000,5273.071968,3608,210,0.476971,0.2891
4614000,5588.940880,3595,219,0.335500,0.2891
4616000,5868.387253,3573,232,0.371498,0.3125
4618000,5122.725130,3606,227,0.146356,0.3281
4620000,5054.719964,3619,233,0.215732,0.3203
4622000,5015.409735,3601,237,0.127074,0.2812
4624000,4888.067532,3587,235,0.213200,0.2109
4626000,4681.101320,3586,237,0.166154,0.2891
4628000,4684.660633,3595,234,0.168539,0.3047
4630000,4968.557039,3618,221,0.142467,0.2969
4632000,5482.785557,3578,231,0.259753,0.2734
4634000,5280.915332,3585,227,0.275621,0.2656
4636000,5325.545637,3587,224,0.313926,0.3359
4638000,5699.090902,3583,234,0.294517,0.3047
4640000,5039.270949,3598,217,0.289933,0.3359
4642000,5046.747968,3596,230,0.294212,0.3516
4644000,5043.193318,3575,239,0.290768,0.3672
4646000,4855.441612,3581,232,0.378160,0.3203
4648000,4778.351661,3557,220,0.371906,0.2734
4650000,6576.521209,3571,205,0.643069,0.3125
4652000,6611.379337,3598,206,0.640796,0.3438
4654000,6594.282554,3595,223,0.640562,0.3203
4656000,6392.552913,3578,229,0.622890,0.2422
4658000,6202.146882,3606,216,0.564206,0.3438
4660000,6201.520332,3599,206,0.570337,0.2500
4662000,6059.050654,3591,218,0.626478,0.2969
4664000,6161.003079,3604,228,0.596208,0.2578
4666000,6695.420357,3614,233,0.684502,0.3516
4668000,6113.863945,3610,233,0.667736,0.3125
4670000,5830.869989,3635,200,0.627615,0.2578
4672000,5925.785242,3667,191,0.605158,0.3203
4674000,5167.341627,3683,187,0.540258,0.3750
4676000,4387.662372,3649,199,0.308911,0.2891
4678000,4381.805086,3626,211,0.312597,0.3125
4680000,4360.241162,3608,223,0.285076,0.3203
4682000,4257.713777,3612,218,0.420841,0.3359
4684000,4424.854741,3601,228,0.197136,0.2578
4686000,4425.561365,3599,219,0.202198,0.2734
4688000,4395.010922,3596,231,0.240554,0.3047
4690000,4392.286551,3613,226,0.235181,0.2969
4692000,4183.258860,3601,237,0.225202,0.3281
4694000,4282.325479,3618,227,0.233969,0.3203
4696000,4494.230614,3601,215,0.329789,0.2969
4698000,4597.501319,3609,200,0.369854,0.3594
4700000,4687.230071,3609,185,0.463302,0.3750
4702000,4826.079360,3620,186,0.491288,0.2578
4704000,4965.399919,3628,200,0.498546,0.3281
4706000,4951.038200,3596,222,0.500386,0.2500
4708000,4175.728001,3591,220,0.151491,0.3047
4710000,4134.217111,3567,235,0.193008,0.3203
4712000,4350.444956,3534,230,0.457176,0.3516
4714000,4385.519775,3553,229,0.450504,0.2656
4716000,4206.409607,3548,227,0.186097,0.3047
4718000,4180.116351,3554,234,0.189975,0.3047
4720000,4283.840809,3568,227,0.173324,0.3047
4722000,4150.397318,3563,232,0.211548,0.3438
4724000,4150.092574,3580,230,0.211840,0.3516
4726000,4137.619912,3571,236,0.211520,0.2734
4728000,4278.766507,3541,246,0.182667,0.2891
4730000,3533.416607,3510,251,0.178055,0.2891
4732000,3505.111613,3514,234,0.134552,0.3750
4734000,3506.053544,3513,241,0.140653,0.3594
4736000,3486.722445,3524,227,0.149647,0.2578
4738000,3645.828989,3541,222,0.058997,0.3203
4740000,3625.002894,3538,234,0.055944,0.2969
4742000,3509.856892,3558,221,0.090709,0.3359
4744000,3511.175716,3576,217,0.084577,0.3516
4746000,3442.507604,3578,209,0.089540,0.3438
4748000,6489.809697,3577,229,0.655474,0.3125
4750000,5123.988883,3576,227,0.287993,0.3516
4752000,4395.064399,3570,209,0.313223,0.2969
4754000,5037.306377,3596,196,0.254752,0.2500
4756000,4848.950021,3571,208,0.246028,0.3047
4758000,4746.714114,3562,206,0.195663,0.2344
4760000,5039.551492,3587,207,0.143293,0.2891
4762000,5097.786338,3579,195,0.195125,0.2344
4764000,4697.433092,3601,201,0.145407,0.3047
4766000,4663.250039,3575,207,0.156616,0.3125
4768000,4633.869315,3599,192,0.158535,0.3047
4770000,5360.666382,3611,209,0.419473,0.2969
4772000,5397.691062,3599,222,0.421570,0.3359
4774000,5364.738253,3585,211,0.604432,0.3281
4776000,5323.131726,3604,195,0.601096,0.2812
4778000,4939.260227,3594,200,0.559484,0.2109
4780000,4860.248798,3590,208,0.490551,0.2266
4782000,4948.709566,3573,212,0.502901,0.2891
4784000,4868.991728,3568,217,0.533355,0.2891
4786000,4841.965669,3540,226,0.534573,0.2656
4788000,5088.602255,3580,210,0.520011,0.3359
4790000,6475.326978,3574,213,0.667409,0.2812
4792000,4827.589100,3578,210,0.430579,0.2578
4794000,4763.934816,3597,193,0.408763,0.3438
4796000,4691.069338,3610,205,0.395832,0.3281
4798000,4809.061606,3629,199,0.478137,0.2734
4800000,6369.301172,3635,178,0.764641,0.3203
4802000,4421.879311,3626,192,0.518523,0.2656
4804000,5060.593434,3594,205,0.492723,0.2969
4806000,6129.810082,3625,206,0.710336,0.3281
4808000,6136.446247,3644,196,0.713614,0.2734
4810000,6662.288514,3653,179,0.730904,0.1797
4812000,6479.333446,3649,193,0.699846,0.2969
4814000,6378.599920,3602,216,0.697261,0.2109
4816000,6782.746017,3587,213,0.757778,0.2969
4818000,4500.379193,3611,215,0.312621,0.3203
4820000,4498.358942,3618,210,0.296995,0.3125
4822000,3870.971942,3597,220,0.075495,0.2578
4824000,5688.371515,3603,206,0.497860,0.3047
4826000,5694.865466,3578,209,0.492691,0.2812
4828000,6619.976443,3526,245,0.608579,0.2812
4830000,8944.507930,3539,229,0.843045,0.3125
4832000,6542.788787,3532,224,0.589284,0.3203
4834000,6522.243010,3525,249,0.591529,0.3047
4836000,4857.195210,3542,227,0.548481,0.3438
4838000,7805.599493,3541,234,0.815043,0.3047
4840000,7760.613469,3554,235,0.828360,0.2969
4842000,8689.902596,3584,226,0.805028,0.3047
4844000,8737.395340,3590,223,0.808679,0.3281
4846000,5508.940586,3581,234,0.496423,0.2969
4848000,5589.135711,3596,230,0.623553,0.2734
4850000,4875.953041,3588,219,0.634172,0.2812
4852000,4884.509220,3579,211,0.634244,0.2109
4854000,4887.593405,3567,218,0.641532,0.3125
4856000,5106.202330,3567,201,0.651232,0.3047
4858000,4954.359771,3524,226,0.614621,0.3125
4860000,4910.971676,3540,209,0.610079,0.2891
4862000,3989.907002,3543,221,0.252538,0.2891
4864000,3984.495937,3541,217,0.256225,0.2578
4866000,6199.117965,3537,215,0.524317,0.2422
4868000,3698.512929,3544,235,0.204483,0.3203
4870000,3626.913298,3569,229,0.179580,0.3750
4872000,3585.253790,3564,209,0.175833,0.3125
4874000,4905.821049,3598,206,0.333686,0.3125
4876000,4977.056002,3619,199,0.303305,0.3047
4878000,5026.588626,3597,198,0.312042,0.2109
4880000,6052.276047,3610,194,0.479891,0.2266
4882000,5426.208800,3582,209,0.311645,0.2969
4884000,5449.180637,3564,220,0.320849,0.3438
4886000,5435.042466,3572,219,0.320387,0.1797
4888000,6626.473226,3558,230,0.324055,0.2969
4890000,7122.128977,3568,226,0.319250,0.2422
4892000,7067.046452,3520,229,0.313478,0.2891
4894000,7011.035105,3522,231,0.342733,0.2422
4896000,6588.621124,3547,244,0.340546,0.3438
4898000,7090.626476,3544,246,0.608194,0.3984
4900000,6945.009527,3545,231,0.524021,0.2812
4902000,6918.208951,3556,215,0.522967,0.2500
4904000,6644.254077,3564,222,0.513217,0.2031
4906000,7241.464686,3543,241,0.486013,0.3281
4908000,6394.103601,3551,234,0.402281,0.2656
4910000,6050.477913,3577,224,0.351064,0.3438
4912000,6197.903568,3592,218,0.312433,0.2891
4914000,6543.190311,3596,213,0.433663,0.2578
4916000,6017.197300,3578,221,0.410514,0.3750
4918000,6454.329044,3587,223,0.478048,0.3203
4920000,6327.857593,3569,222,0.503711,0.2812
4922000,6310.964794,3555,221,0.513157,0.2578
4924000,6246.617823,3547,215,0.517881,0.3281
4926000,4476.495113,3556,210,0.417434,0.3281
4928000,4298.972374,3540,219,0.380992,0.2891
4930000,4299.326108,3576,210,0.378841,0.2734
4932000,4388.681519,3594,196,0.232916,0.2812
4934000,4724.064172,3579,212,0.176916,0.2500
4936000,4757.919788,3592,212,0.290256,0.2812
4938000,5563.564907,3564,216,0.220658,0.2969
4940000,5632.577046,3567,222,0.222770,0.3047
4942000,5544.206007,3562,207,0.386342,0.2891
4944000,5764.005710,3544,215,0.321477,0.3672
4946000,4726.222099,3553,232,0.318185,0.2578
4948000,4673.403486,3556,236,0.320705,0.3281
4950000,6363.539884,3530,257,0.480072,0.3594
4952000,4982.222309,3556,255,0.435431,0.3047
4954000,5367.340629,3557,246,0.518342,0.2578
4956000,5061.958941,3573,222,0.416763,0.2969
4958000,6237.903658,3563,213,0.450806,0.3203
4960000,6529.059206,3569,220,0.552624,0.3359
4962000,6470.819808,3558,243,0.508584,0.2891
4964000,6208.076858,3571,238,0.414395,0.3281
4966000,6395.815678,3577,228,0.528365,0.2734
4968000,6512.156746,3585,209,0.568948,0.3281
4970000,6444.675011,3583,230,0.567607,0.3125
4972000,6149.172631,3601,219,0.516058,0.2969
4974000,6246.048574,3602,221,0.522953,0.2969
4976000,6227.166246,3600,225,0.500808,0.2812
4978000,6078.226818,3631,231,0.493467,0.2812
4980000,6878.858087,3634,217,0.645450,0.3594
4982000,5873.859327,3629,212,0.455167,0.3203
4984000,5893.622488,3634,209,0.435501,0.3203
4986000,5901.466218,3623,200,0.426974,0.2500
4988000,6039.387672,3621,203,0.202941,0.2656
4990000,5008.938662,3641,199,0.019555,0.2891
4992000,4512.467956,3626,190,0.060039,0.2188
4994000,4505.590576,3656,191,0.066301,0.2422
4996000,4614.558080,3641,203,0.079839,0.3359
4998000,4661.388436,3633,205,0.083847,0.3047
5000000,4643.971221,3616,227,0.073429,0.3359
5002000,4632.709036,3625,216,0.068892,0.2578
5004000,4774.514211,3624,210,0.053461,0.2812
5006000,5175.822276,3626,198,0.090749,0.2891
5008000,6966.985342,3617,199,0.432468,0.2422
5010000,7025.329207,3598,229,0.414286,0.2969
5012000,8657.841079,3602,230,0.754333,0.2266
5014000,8983.988948,3599,230,0.776500,0.3359
5016000,9100.581552,3582,214,0.752720,0.2500
5018000,8654.666007,3588,205,0.735383,0.2656
5020000,8760.249474,3597,198,0.746794,0.3203
5022000,5315.751584,3607,205,0.091815,0.2500
5024000,7156.331084,3611,207,0.574344,0.3438
5026000,8152.423906,3589,211,0.635773,0.3438
5028000,8099.190332,3617,204,0.636537,0.4219
5030000,8409.325608,3616,205,0.579984,0.3516
5032000,5750.704284,3615,206,0.134195,0.2578
5034000,5958.541636,3591,201,0.267010,0.3125
5036000,6191.781864,3588,209,0.401065,0.3203
5038000,6197.082159,3587,202,0.405275,0.3125
5040000,5505.573721,3585,190,0.394850,0.3047
5042000,5210.037825,3596,206,0.560945,0.2734
5044000,5736.635257,3635,187,0.325247,0.2188
5046000,4954.162402,3626,197,0.122854,0.2891
5048000,4864.955557,3630,185,0.040784,0.2891
5050000,4977.614184,3597,208,0.047223,0.2344
5052000,7063.778710,3619,210,0.300367,0.3281
5054000,8438.613924,3614,218,0.463295,0.3125
5056000,8443.152431,3624,208,0.479798,0.2422
5058000,5596.136034,3628,202,0.271782,0.2734
5060000,4644.591708,3639,193,0.140933,0.2656
5062000,4792.974352,3630,193,0.106078,0.2891
5064000,4640.599489,3602,198,0.098748,0.2578
5066000,4914.217502,3633,184,0.213449,0.3047
5068000,5709.413722,3624,208,0.249095,0.2969
5070000,5701.874646,3618,229,0.265380,0.3203
5072000,8251.882126,3607,212,0.729884,0.3047
5074000,5474.134706,3598,220,0.398034,0.3438
5076000,5620.622504,3628,191,0.548997,0.2969
5078000,5732.738386,3654,176,0.617744,0.2422
5080000,5447.063753,3632,195,0.581466,0.2656
5082000,5490.281428,3629,200,0.582235,0.2578
5084000,6457.959642,3635,187,0.303140,0.3281
5086000,6331.087950,3666,189,0.310597,0.3359
5088000,7128.624226,3667,183,0.555036,0.3203
5090000,7025.911404,3624,195,0.530720,0.2812
5092000,8203.752608,3615,202,0.669437,0.2656
5094000,8730.814003,3602,221,0.795575,0.3359
5096000,8687.259432,3595,219,0.793154,0.2812
5098000,7712.611098,3590,214,0.672687,0.3750
5100000,6051.566009,3582,206,0.452156,0.2031
5102000,5979.410927,3590,188,0.450094,0.2578
5104000,5882.853903,3589,196,0.417510,0.3281
5106000,5896.182221,3594,192,0.400339,0.2422
5108000,5944.882696,3585,205,0.409446,0.2656
5110000,5761.696146,3590,203,0.405485,0.2422
5112000,5925.314926,3585,228,0.426330,0.3828
5114000,4170.699796,3584,229,0.182928,0.2578
5116000,5568.810026,3594,229,0.343494,0.3281
5118000,5581.295420,3585,227,0.334226,0.2188
5120000,4432.246860,3565,219,0.185981,0.2422
5122000,4473.646280,3553,237,0.182452,0.3906
5124000,4979.509389,3564,247,0.434777,0.2891
5126000,4963.183891,3557,254,0.443231,0.3672
5128000,4882.939083,3556,252,0.399363,0.2188
5130000,4516.183395,3547,265,0.232938,0.3047
5132000,3648.352513,3559,245,0.210521,0.2656
5134000,4644.690983,3567,235,0.401640,0.2891
5136000,4668.354904,3599,204,0.397607,0.3047
5138000,4694.411462,3580,195,0.398820,0.2734
5140000,4910.911738,3581,218,0.239954,0.2812
5142000,4422.721214,3579,215,0.154479,0.3594
5144000,4996.478453,3567,212,0.278424,0.2812
5146000,4495.224628,3584,202,0.244807,0.2266
5148000,4511.706113,3573,213,0.245565,0.3828
5150000,4758.983753,3566,235,0.316285,0.2266
5152000,4502.803162,3564,227,0.279712,0.3828
5154000,4220.595711,3569,212,0.337021,0.3047
5156000,4065.284258,3554,230,0.355256,0.3203
5158000,4259.869118,3556,226,0.380247,0.3203
5160000,4217.594316,3576,217,0.361909,0.2891
5162000,5194.031399,3585,225,0.391638,0.3125
5164000,5863.876879,3578,194,0.581367,0.3047
5166000,5830.884108,3600,195,0.555256,0.2891
5168000,5985.020962,3600,204,0.567470,0.2500
5170000,5843.643634,3630,184,0.541998,0.3047
5172000,6040.472694,3612,205,0.566658,0.3125
5174000,5878.750012,3607,219,0.557261,0.2812
5176000,5817.698755,3607,207,0.585477,0.2891
5178000,6160.161732,3599,214,0.630331,0.2266
5180000,6137.205783,3592,218,0.631293,0.3359
5182000,5770.619023,3593,225,0.505675,0.2578
5184000,6271.263062,3599,217,0.498824,0.3047
5186000,6344.451627,3610,199,0.499454,0.2969
5188000,6375.080614,3604,207,0.497584,0.3047
5190000,5654.794595,3607,197,0.503072,0.2266
5192000,5574.111976,3604,204,0.474148,0.2422
5194000,5581.613327,3613,198,0.471170,0.2969
5196000,6153.660037,3623,205,0.566069,0.3125
5198000,6291.160781,3627,194,0.610118,0.2734
5200000,6592.818975,3635,213,0.720055,0.3359
5202000,6530.547642,3640,217,0.715210,0.3438
5204000,6489.792026,3640,196,0.707246,0.3672
5206000,6561.451953,3650,202,0.712472,0.2422
5208000,6511.537452,3665,189,0.702497,0.2656
5210000,7110.072066,3652,203,0.732572,0.2578
5212000,7040.182791,3613,239,0.731590,0.3125
5214000,5752.132719,3617,244,0.673514,0.2734
5216000,5672.339191,3627,232,0.667009,0.2344
5218000,5740.804165,3629,225,0.518358,0.2734
5220000,5343.243774,3600,223,0.432435,0.2734
5222000,5344.390887,3579,220,0.433162,0.3281
5224000,5272.313848,3574,215,0.409847,0.3281
5226000,4907.677425,3581,214,0.255757,0.3047
5228000,5067.670143,3563,218,0.356257,0.2812
5230000,5531.023578,3605,216,0.495451,0.2500
5232000,5020.286588,3608,213,0.325604,0.2891
5234000,4674.123194,3592,230,0.282888,0.3594
5236000,4676.887729,3591,220,0.289334,0.2734
5238000,5444.544715,3593,226,0.390928,0.3281
5240000,6023.780834,3591,221,0.474659,0.2188
5242000,5759.793016,3613,219,0.575541,0.3359
5244000,5761.105994,3606,216,0.548990,0.2812
5246000,4388.344805,3587,224,0.530779,0.2734
5248000,4351.677463,3600,215,0.519341,0.2500
5250000,4371.186693,3602,211,0.522123,0.2500
5252000,4315.462388,3561,234,0.516880,0.3047
5254000,4425.303261,3589,212,0.502354,0.2578
5256000,5615.921903,3596,243,0.581934,0.3125
5258000,5194.136861,3601,241,0.510733,0.2656
5260000,5236.460823,3624,222,0.500551,0.2656
5262000,5082.417514,3616,219,0.597413,0.2422
5264000,4945.076677,3602,208,0.590401,0.2109
5266000,5120.707826,3648,205,0.545536,0.2031
5268000,5680.790181,3632,211,0.452325,0.2891
5270000,5391.298939,3637,207,0.428150,0.2109
5272000,5423.621163,3605,222,0.427482,0.3047
5274000,5289.000691,3604,222,0.405834,0.2266
5276000,5241.120467,3617,225,0.407501,0.3516
5278000,4893.039446,3611,229,0.307913,0.1875
5280000,4913.012500,3641,209,0.300101,0.2891
5282000,6043.984360,3621,208,0.536670,0.3203
5284000,5111.324554,3624,216,0.505268,0.2578
5286000,4904.446157,3617,213,0.484203,0.2500
5288000,4487.876791,3627,219,0.469633,0.3203
5290000,5353.117894,3640,206,0.551017,0.2969
5292000,5354.557092,3645,216,0.576490,0.2812
5294000,5416.839799,3658,196,0.564708,0.3125
5296000,6117.610388,3630,212,0.415671,0.2891
5298000,7548.667339,3661,194,0.726413,0.2500
5300000,5458.959915,3667,198,0.307777,0.2891
5302000,7940.930196,3624,208,0.703260,0.2969
5304000,5706.476430,3636,202,0.488644,0.3047
5306000,5654.006873,3646,190,0.489581,0.3672
5308000,4666.169485,3635,200,0.349670,0.2422
5310000,4057.211344,3616,196,0.165041,0.3125
5312000,4056.278797,3593,208,0.169431,0.2656
5314000,4171.075990,3569,225,0.163060,0.2656
5316000,3287.186103,3567,207,0.001113,0.2812
5318000,3419.947618,3572,216,0.005091,0.2969
5320000,3438.972028,3566,238,0.006349,0.3047
5322000,3440.441459,3569,230,0.059520,0.3438
5324000,3903.424919,3564,225,0.148316,0.2500
5326000,3731.746340,3578,230,0.108638,0.2500
5328000,3887.330647,3561,240,0.197730,0.2109
5330000,3872.794895,3575,221,0.190225,0.3203
5332000,3764.601713,3584,209,0.182180,0.2422
5334000,3864.761113,3573,202,0.266945,0.2344
5336000,4578.581683,3554,208,0.352694,0.3047
5338000,4676.285483,3540,221,0.347964,0.3203
5340000,4800.317643,3539,246,0.327783,0.3594
5342000,3967.946404,3542,228,0.223251,0.2656
5344000,4174.731699,3573,198,0.183242,0.2188
5346000,4190.366598,3548,220,0.169437,0.3359
5348000,4147.751797,3563,216,0.204121,0.2578
5350000,4171.759056,3521,237,0.140779,0.3750
5352000,4132.646121,3504,269,0.163348,0.3359
5354000,4198.037140,3554,222,0.174969,0.2422
5356000,6229.357418,3542,238,0.570080,0.3203
5358000,5303.733210,3554,235,0.461321,0.2734
5360000,5265.784575,3581,235,0.498244,0.2031
5362000,4794.196938,3584,223,0.428285,0.3203
5364000,4515.098855,3588,216,0.411933,0.1875
5366000,3866.260330,3604,220,0.227098,0.2891
5368000,5081.166213,3607,219,0.173365,0.2969
5370000,4757.802577,3597,220,0.101522,0.2812
5372000,4613.360240,3598,220,0.091028,0.3125
5374000,4299.859839,3633,218,0.144532,0.3750
5376000,4722.708684,3661,209,0.237375,0.2109
5378000,4674.719604,3649,194,0.232887,0.2422
5380000,4627.640607,3636,213,0.127153,0.2188
5382000,4683.449169,3625,219,0.130720,0.2656
5384000,4887.035311,3640,211,0.125357,0.2891
5386000,5180.658467,3633,196,0.153337,0.2812
5388000,5192.027663,3619,212,0.152402,0.3359
5390000,5245.882676,3600,218,0.319480,0.2500
5392000,5513.621560,3588,238,0.526090,0.2344
5394000,5367.025131,3612,219,0.503320,0.2969
5396000,5321.906775,3598,223,0.500624,0.3203
5398000,5424.127433,3616,212,0.511682,0.2812
5400000,4456.452582,3606,209,0.165365,0.3438
5402000,4597.027790,3603,203,0.028677,0.3672
5404000,4572.887201,3594,213,0.033953,0.3203
5406000,4940.777446,3598,220,0.168292,0.3359
5408000,4932.203233,3571,219,0.170524,0.3438
5410000,5022.625624,3589,235,0.182855,0.2891
5412000,4783.533519,3589,235,0.168993,0.3125
5414000,4629.597802,3567,236,0.150263,0.2266
5416000,5264.888735,3572,230,0.410709,0.2656
5418000,5973.974279,3574,230,0.176994,0.2891
5420000,6823.492683,3598,223,0.331835,0.2422
5422000,5772.211742,3585,222,0.416048,0.2969
5424000,5807.797132,3586,238,0.424747,0.2656
5426000,5669.536884,3599,205,0.378234,0.2734
5428000,5530.508831,3594,215,0.371991,0.3359
5430000,4402.938183,3590,213,0.124653,0.2812
5432000,5633.034236,3609,204,0.453290,0.2891
5434000,5400.981859,3623,211,0.228584,0.2578
5436000,5342.535735,3621,215,0.178820,0.3281
5438000,5256.287157,3598,223,0.186291,0.2734
5440000,7134.228181,3598,215,0.587220,0.3359
5442000,6987.161872,3571,222,0.749497,0.2969
5444000,6876.575325,3558,233,0.714053,0.2969
5446000,6514.931831,3562,230,0.731212,0.2812
5448000,6375.106698,3566,230,0.730738,0.3438
5450000,6160.291839,3584,208,0.770261,0.2812
5452000,4099.943201,3555,224,0.565266,0.2812
5454000,4103.737126,3571,220,0.561929,0.2344
5456000,4139.018065,3569,221,0.562104,0.2656
5458000,4040.255175,3577,212,0.557964,0.2578
5460000,4020.103971,3608,203,0.558378,0.2109
5462000,4075.462852,3600,202,0.571791,0.3594
5464000,4112.808984,3583,208,0.584219,0.2031
5466000,3969.439944,3577,200,0.551776,0.3125
5468000,4048.656124,3577,203,0.553613,0.3203
5470000,4053.380644,3556,190,0.524163,0.2656
5472000,4128.002777,3565,198,0.533264,0.2656
5474000,4185.006412,3555,197,0.538913,0.2422
5476000,4087.385764,3573,207,0.535197,0.2969
5478000,3833.908619,3572,216,0.492185,0.3750
5480000,4593.598121,3563,200,0.488778,0.2578
5482000,4850.332892,3571,193,0.568941,0.2344
5484000,4807.274818,3567,225,0.569389,0.2734
5486000,4835.844768,3570,213,0.557008,0.2969
5488000,4844.716501,3582,220,0.591094,0.3672
5490000,5706.486757,3574,230,0.583011,0.3125
5492000,6018.206487,3579,227,0.550927,0.3438
5494000,5060.417280,3571,216,0.386284,0.2578
5496000,5031.010023,3551,224,0.320723,0.3281
5498000,5015.889843,3571,220,0.351915,0.2500
5500000,6163.763737,3556,232,0.564720,0.3672
5502000,6035.261893,3580,197,0.525770,0.3203
5504000,5444.887308,3587,217,0.364695,0.3281
5506000,5362.317487,3599,217,0.337499,0.2109
5508000,5326.790771,3606,205,0.346828,0.2891
5510000,7106.629732,3587,211,0.586612,0.3125
5512000,5720.490461,3575,201,0.425616,0.2734
5514000,7100.962313,3588,210,0.530941,0.3047
5516000,7252.352853,3572,212,0.591953,0.3281
5518000,7267.601089,3551,216,0.561932,0.2578
5520000,6620.048304,3561,203,0.584832,0.2812
5522000,7435.167323,3532,213,0.650205,0.2969
5524000,7522.626077,3507,232,0.465795,0.2812
5526000,6853.702292,3509,232,0.473247,0.2969
5528000,7953.996702,3522,234,0.577429,0.2969
5530000,9790.498978,3543,228,0.729013,0.3047
5532000,8742.276611,3549,229,0.674605,0.2891
5534000,8219.926456,3562,224,0.571529,0.2812
5536000,9497.791711,3550,221,0.787128,0.3203
5538000,7927.883738,3555,223,0.733890,0.3125
5540000,9503.143770,3536,229,0.848340,0.2812
5542000,8750.007531,3538,235,0.677521,0.2266
5544000,8749.063337,3551,219,0.676978,0.2734
5546000,9225.333751,3566,218,0.735224,0.2734
5548000,8913.880335,3578,210,0.718833,0.2812
5550000,8855.995689,3578,210,0.714651,0.2422
5552000,6850.235744,3574,203,0.762872,0.2891
5554000,4236.077386,3570,219,0.157677,0.3438
5556000,4583.157178,3563,218,0.479295,0.3125
5558000,6379.128523,3583,206,0.461178,0.3516
5560000,5560.711261,3573,219,0.273270,0.3594
5562000,6872.834314,3551,225,0.276474,0.3438
5564000,7813.459643,3571,209,0.631766,0.2500
5566000,6142.229242,3540,225,0.224611,0.2344
5568000,6683.137357,3543,219,0.566650,0.3047
5570000,6925.741279,3547,235,0.619481,0.2812
5572000,7622.669855,3538,236,0.804784,0.2734
5574000,6016.833911,3547,255,0.473204,0.3594
5576000,6600.344126,3585,235,0.573232,0.3047
5578000,6954.304943,3565,242,0.605585,0.3203
5580000,8928.029397,3526,251,0.828385,0.3125
5582000,5996.090237,3540,231,0.101246,0.3047
5584000,10194.578399,3519,221,0.816054,0.2734
5586000,7672.738994,3529,215,0.678188,0.3125
5588000,6513.641466,3571,209,0.522971,0.2656
5590000,5005.834360,3540,204,0.224838,0.3203
5592000,7170.478393,3548,210,0.670587,0.2891
5594000,6652.158396,3528,216,0.575125,0.2188
5596000,6775.525059,3521,206,0.638308,0.2578
5598000,4706.101068,3529,211,0.461793,0.2891
5600000,6559.925569,3542,216,0.601196,0.2891
5602000,3453.620491,3501,239,0.043141,0.3047
5604000,3843.892823,3540,209,0.185314,0.2891
5606000,3855.308493,3559,207,0.177074,0.3438
5608000,3890.536599,3578,213,0.176489,0.3125
5610000,3704.849850,3587,222,0.162678,0.3438
5612000,3704.322539,3571,229,0.175224,0.3438
5614000,3693.365862,3542,232,0.173973,0.2734
5616000,4059.999678,3559,232,0.223876,0.2734
5618000,5784.253091,3551,249,0.345400,0.2812
5620000,8647.994442,3544,259,0.797772,0.3281
5622000,7623.920797,3549,247,0.599318,0.3047
5624000,7617.918895,3569,229,0.544630,0.2266
5626000,7548.755354,3568,226,0.548487,0.3203
5628000,4576.761962,3580,220,0.247039,0.2734
5630000,7181.306576,3589,214,0.629698,0.3281
5632000,7518.012596,3586,234,0.649995,0.3828
5634000,7814.479373,3607,215,0.665830,0.2812
5636000,8568.380801,3606,195,0.790828,0.3125
5638000,4953.160620,3601,200,0.211657,0.2969
5640000,4942.316474,3618,192,0.227097,0.3203
5642000,4451.095503,3617,192,0.138082,0.2109
5644000,5036.261633,3582,211,0.345967,0.2578
5646000,5064.343168,3558,222,0.347243,0.3281
5648000,5932.705167,3555,221,0.528590,0.2188
5650000,5910.055555,3554,219,0.528338,0.2812
5652000,4549.876468,3556,232,0.393731,0.2969
5654000,4249.799971,3570,203,0.248723,0.2188
5656000,5144.166960,3588,203,0.350757,0.3516
5658000,5328.316127,3605,201,0.322744,0.2500
5660000,5326.855008,3601,191,0.317142,0.3516
5662000,5042.920411,3576,198,0.315914,0.3047
5664000,5458.254933,3586,191,0.305867,0.2500
5666000,5452.125417,3605,204,0.306461,0.3516
5668000,5782.958737,3589,208,0.345545,0.2969
5670000,5326.265012,3562,215,0.302178,0.2891
5672000,5418.824927,3570,218,0.334329,0.3047
5674000,4093.122906,3583,215,0.209633,0.3359
5676000,3809.027323,3573,211,0.174027,0.2812
5678000,4931.209231,3614,194,0.243286,0.3438
5680000,4835.423269,3611,191,0.220025,0.2734
5682000,5236.977568,3600,172,0.308936,0.2734
5684000,5619.874019,3609,204,0.352750,0.2344
5686000,5579.701229,3609,211,0.221613,0.3359
5688000,5446.276499,3623,217,0.228390,0.2969
5690000,5648.978252,3645,211,0.309863,0.2734
5692000,5555.239690,3598,204,0.382719,0.2500
5694000,6380.142724,3582,220,0.512290,0.2109
5696000,6177.270119,3587,209,0.515648,0.3359
5698000,6254.361652,3575,220,0.519189,0.3594
5700000,6374.125634,3574,220,0.513837,0.2812
5702000,6701.383077,3580,218,0.604264,0.2812
5704000,5970.005337,3578,231,0.317844,0.2422
5706000,5972.678693,3570,214,0.318775,0.3203
5708000,7043.988405,3589,204,0.486397,0.2500
5710000,6279.009331,3562,221,0.354273,0.3047
5712000,6759.179930,3582,213,0.461707,0.3203
5714000,6702.211553,3597,207,0.463907,0.2578
5716000,6699.971410,3600,207,0.491637,0.2969
5718000,6719.849973,3571,216,0.489699,0.2188
5720000,6200.664018,3601,208,0.294471,0.2344
5722000,7738.941571,3629,202,0.796101,0.2891
5724000,7762.152337,3613,214,0.488235,0.3047
5726000,7747.691159,3615,197,0.483415,0.3125
5728000,7703.158035,3639,198,0.486699,0.2812
5730000,7743.304692,3690,186,0.501186,0.2422
5732000,7239.495472,3671,188,0.661396,0.2891
5734000,5475.634869,3644,220,0.390753,0.2891
5736000,5504.330786,3634,229,0.414449,0.2578
5738000,5605.406421,3626,238,0.370013,0.2734
5740000,4970.191874,3597,239,0.319530,0.2578
5742000,4987.295093,3587,240,0.321807,0.3203
5744000,4829.272028,3588,227,0.382440,0.2734
5746000,5630.174190,3601,221,0.438633,0.3281
5748000,5636.048272,3607,217,0.437610,0.3281
5750000,5308.663363,3607,208,0.366625,0.3438
5752000,5283.413570,3618,194,0.368808,0.3125
5754000,7444.909301,3594,203,0.592095,0.2812
5756000,8599.083666,3589,208,0.655549,0.3516
5758000,5542.959730,3603,204,0.146367,0.2969
5760000,9027.408922,3612,211,0.662381,0.2578
5762000,9094.406619,3592,223,0.639124,0.2656
5764000,9072.346536,3587,251,0.639458,0.3438
5766000,9128.303044,3586,239,0.641618,0.2891
5768000,8399.016350,3583,225,0.633055,0.2969
5770000,8422.423678,3588,215,0.628384,0.3594
5772000,5608.328929,3589,211,0.322971,0.2891
5774000,5884.932903,3579,215,0.378398,0.3359
5776000,6427.580717,3595,217,0.581337,0.2891
5778000,4526.704530,3598,217,0.588469,0.2578
5780000,4564.353651,3594,218,0.525635,0.2812
5782000,4561.180982,3598,219,0.517586,0.2891
5784000,4530.809599,3583,225,0.562129,0.3359
5786000,4562.135608,3583,224,0.529373,0.3047
5788000,5776.382480,3585,238,0.503346,0.3203
5790000,4973.143790,3598,226,0.381607,0.1875
5792000,4950.241650,3616,207,0.377672,0.3281
5794000,4985.854404,3602,210,0.379641,0.2578
5796000,5014.670642,3590,213,0.454479,0.3281
5798000,5273.388673,3599,204,0.474453,0.2734
5800000,4803.140335,3619,201,0.367109,0.3828
5802000,4816.408197,3636,193,0.361988,0.2656
5804000,4660.570396,3643,188,0.295193,0.2578
5806000,4850.739514,3624,217,0.331860,0.2344
5808000,5945.268796,3605,231,0.447522,0.2891
5810000,7433.845773,3620,218,0.681381,0.2500
5812000,7387.369241,3629,205,0.683588,0.2891
5814000,7869.082236,3618,208,0.614261,0.2656
5816000,6647.294072,3619,205,0.606901,0.3984
5818000,4870.183250,3611,230,0.532399,0.3203
5820000,4955.035299,3610,210,0.569125,0.3125
5822000,5987.672340,3614,206,0.548039,0.3125
5824000,4423.367258,3613,226,0.381160,0.2734
5826000,4473.270454,3608,207,0.390646,0.2578
5828000,4439.038208,3580,212,0.388868,0.2578
5830000,4027.264677,3567,227,0.294934,0.2734
5832000,3456.909908,3580,241,0.013333,0.3125
5834000,3387.451661,3601,230,0.020568,0.2891
5836000,4024.342368,3649,197,0.068597,0.3438
5838000,4164.089715,3609,212,0.078921,0.3125
5840000,5442.220506,3616,206,0.500749,0.3047
5842000,5506.223651,3633,211,0.508386,0.2969
5844000,5516.049073,3630,195,0.499512,0.1875
5846000,5493.267930,3607,196,0.482523,0.2266
5848000,5404.928805,3581,208,0.475064,0.2266
5850000,7063.319833,3594,198,0.655479,0.2578
5852000,7060.846166,3627,206,0.653522,0.2578
5854000,6955.110174,3618,211,0.604717,0.3281
5856000,6935.077581,3610,212,0.535219,0.3281
5858000,6936.008317,3589,220,0.549547,0.3125
5860000,6990.907946,3592,233,0.529078,0.2734
5862000,7047.809252,3580,242,0.545477,0.3047
5864000,7281.908603,3580,241,0.572138,0.3281
5866000,5944.024399,3605,225,0.224735,0.2734
5868000,5936.265375,3613,209,0.219250,0.2734
5870000,5560.107588,3598,215,0.372393,0.3125
5872000,5544.770912,3621,216,0.379094,0.4297
5874000,5569.353325,3627,207,0.383768,0.2969
5876000,5515.222739,3616,206,0.387807,0.2734
5878000,5494.094645,3585,216,0.389423,0.2734
5880000,5571.291931,3600,219,0.367804,0.2656
5882000,5270.067731,3592,225,0.325362,0.2812
5884000,4707.274886,3586,214,0.248171,0.3438
5886000,6122.705931,3557,242,0.290441,0.2969
5888000,10624.943013,3570,230,0.757841,0.2656
5890000,6661.492686,3567,224,0.253450,0.2734
5892000,6357.262269,3570,222,0.519908,0.2734
5894000,5934.095274,3600,229,0.372850,0.2891
5896000,5923.383268,3603,217,0.374999,0.2656
5898000,8296.137426,3576,239,0.637715,0.3047
5900000,5860.322017,3581,239,0.328542,0.3281
5902000,4620.776565,3606,239,0.164152,0.2734
5904000,4694.694569,3597,221,0.214678,0.2578
5906000,4675.768997,3613,228,0.259299,0.2969
5908000,7364.897579,3607,233,0.726125,0.2891
5910000,4270.400319,3588,219,0.283885,0.2578
5912000,6926.618687,3618,229,0.701780,0.3359
5914000,6976.667685,3617,238,0.707140,0.2812
5916000,7655.700728,3606,236,0.669880,0.2891
5918000,7434.609658,3626,220,0.658750,0.3359
5920000,7602.151468,3612,212,0.674661,0.3203
5922000,7558.161297,3577,230,0.635558,0.3516
5924000,8413.797418,3570,244,0.679470,0.2969
5926000,8332.144484,3585,235,0.599022,0.2969
5928000,7773.020109,3606,224,0.644633,0.2188
5930000,8190.975921,3589,236,0.823990,0.2109
5932000,8197.583379,3557,245,0.825714,0.3281
5934000,8202.183353,3541,263,0.826239,0.3359
5936000,7837.586944,3533,260,0.755287,0.3594
5938000,7134.273599,3556,249,0.760795,0.3516
5940000,6619.216877,3572,226,0.698306,0.2891
5942000,6608.979353,3620,204,0.686821,0.2344
5944000,6492.671606,3613,217,0.648446,0.2812
5946000,6503.219416,3623,207,0.668856,0.2812
5948000,4298.538305,3619,217,0.410341,0.3125
5950000,4344.041177,3591,229,0.432902,0.2656
5952000,4525.699108,3622,216,0.406175,0.2969
5954000,5304.251250,3635,206,0.286179,0.3047
5956000,5280.852185,3629,216,0.284019,0.2656
5958000,4602.520870,3634,212,0.336772,0.3047
5960000,4599.126531,3638,212,0.327871,0.2969
5962000,4630.982776,3639,212,0.329617,0.3047
5964000,6898.881119,3648,216,0.545870,0.2969
5966000,7184.002776,3625,206,0.505149,0.3359
5968000,7322.840517,3624,209,0.619322,0.2578
5970000,7066.085856,3617,212,0.483548,0.3203
5972000,6605.378986,3629,206,0.521494,0.2109
5974000,6365.006866,3644,201,0.561546,0.2109
5976000,6351.303608,3665,206,0.567200,0.2422
5978000,6576.850101,3665,221,0.580734,0.3125
5980000,7798.910223,3663,215,0.543628,0.2734
5982000,7572.816490,3655,215,0.585499,0.2422
5984000,8598.836462,3648,194,0.694873,0.2891
5986000,8713.259199,3654,183,0.738711,0.3203
5988000,4076.737095,3632,204,0.369564,0.2812
5990000,4127.951829,3624,195,0.334673,0.2734
5992000,4148.338494,3598,216,0.338463,0.2812
5994000,4146.048575,3606,216,0.338105,0.2891
5996000,4271.313224,3622,208,0.571119,0.2578
5998000,3707.868753,3613,218,0.431854,0.3125
6000000,3597.729716,3611,212,0.278335,0.2422
6002000,5104.661359,3607,213,0.157467,0.2656
6004000,5068.667369,3563,243,0.106435,0.2812
6006000,5096.984380,3580,224,0.102834,0.2188
6008000,5116.400683,3569,225,0.080357,0.2891
6010000,5163.869776,3602,214,0.111093,0.2891
6012000,5116.060332,3571,237,0.180152,0.3438
6014000,5105.992043,3594,209,0.148203,0.3672
6016000,4698.161589,3623,199,0.283637,0.2891
6018000,4068.262757,3611,215,0.041484,0.2578
6020000,4066.863911,3586,221,0.039233,0.3359
6022000,4452.435185,3598,208,0.112611,0.3828
6024000,4341.612208,3588,216,0.013302,0.2969
6026000,4193.925271,3579,218,0.032679,0.2500
6028000,4305.088743,3583,235,0.009400,0.3359
6030000,4300.147726,3584,236,0.008473,0.2578
6032000,4808.512485,3576,230,0.025696,0.3438
6034000,4418.323960,3600,217,0.000812,0.2656
6036000,4146.900386,3605,202,0.019617,0.2734
6038000,4027.765428,3584,220,0.075317,0.2500
6040000,4057.025909,3620,217,0.081361,0.3281
6042000,4026.319454,3614,193,0.140170,0.3359
6044000,3993.797364,3606,192,0.135965,0.2422
6046000,4014.706407,3591,205,0.137518,0.3516
6048000,4147.933301,3606,208,0.250592,0.3203
6050000,4200.133299,3583,204,0.267578,0.3125
6052000,3842.956986,3560,213,0.093653,0.3828
6054000,3488.830597,3520,213,0.089097,0.2656
6056000,4196.882258,3547,227,0.052626,0.3672
6058000,4416.231390,3541,196,0.069129,0.3125
6060000,4778.278536,3539,220,0.307230,0.2656
6062000,4819.890026,3528,222,0.299082,0.3594
6064000,4800.131524,3544,206,0.293485,0.3203
6066000,4182.368981,3577,214,0.133641,0.3047
6068000,3949.646706,3583,221,0.092276,0.3281
6070000,3962.830202,3562,234,0.114407,0.2422
6072000,3854.731228,3598,225,0.157700,0.3281
6074000,3761.649943,3572,233,0.115734,0.3359
6076000,3783.219391,3563,236,0.110739,0.3594
6078000,4869.261479,3558,231,0.262509,0.3125
6080000,4656.485203,3584,217,0.346689,0.2656
6082000,4790.028464,3587,231,0.172011,0.2656
6084000,4376.877198,3605,216,0.122556,0.3047
6086000,4297.196146,3610,220,0.116461,0.2656
6088000,4579.547456,3591,213,0.071680,0.2812
6090000,4576.283253,3576,203,0.094744,0.3125
6092000,4317.668883,3620,189,0.070478,0.3281
6094000,4159.370793,3609,215,0.013708,0.2812
6096000,4351.652852,3629,216,0.019962,0.2812
6098000,3980.810658,3643,209,0.002747,0.2500
6100000,4275.013850,3645,201,0.018231,0.2656
6102000,4156.789817,3601,192,0.024571,0.3125
6104000,4324.969920,3605,193,0.059737,0.2734
6106000,4581.649840,3653,158,0.140931,0.2344
6108000,4565.263067,3630,177,0.146613,0.2891
6110000,4492.102366,3651,161,0.142985,0.2031
6112000,4207.871530,3645,171,0.095348,0.2969
6114000,4337.704896,3640,175,0.116823,0.2656
6116000,4193.662174,3635,196,0.089917,0.2734
6118000,3898.890553,3640,204,0.199118,0.2891
6120000,4239.808995,3645,216,0.229851,0.2969
6122000,4325.469713,3658,227,0.191493,0.2344
6124000,4617.598469,3629,228,0.249617,0.2500
6126000,4663.368597,3644,229,0.272271,0.2656
6128000,4607.258732,3634,203,0.269492,0.2891
6130000,5133.592540,3603,204,0.146021,0.3516
6132000,4741.106996,3608,189,0.219191,0.2812
6134000,4697.600388,3570,217,0.260289,0.2891
6136000,4668.435416,3560,223,0.237302,0.2812
6138000,4676.601197,3535,237,0.238932,0.3750
6140000,5006.706075,3546,229,0.184765,0.2891
6142000,4800.615242,3561,215,0.290585,0.3125
6144000,4842.679093,3577,223,0.289173,0.2812
6146000,4895.845466,3598,203,0.246433,0.3203
6148000,4982.003487,3580,213,0.217818,0.3125
6150000,4953.102288,3580,220,0.211451,0.2656
6152000,5008.900752,3563,226,0.214159,0.2656
6154000,4946.690679,3578,231,0.182661,0.2734
6156000,4633.038780,3601,213,0.259092,0.3359
6158000,4591.623186,3604,225,0.249799,0.3281
6160000,4556.772825,3594,211,0.258468,0.3906
6162000,4569.191732,3580,228,0.251283,0.2891
6164000,4582.462349,3610,213,0.254840,0.2812
6166000,4724.497959,3623,198,0.265895,0.2734
6168000,4914.623765,3642,201,0.008616,0.2891
6170000,4821.335421,3642,197,0.007837,0.3203
6172000,4396.967514,3637,189,0.144825,0.2969
6174000,4111.698766,3635,210,0.104760,0.2031
6176000,4104.156564,3613,205,0.125287,0.2734
6178000,4069.516975,3586,216,0.072701,0.2891
6180000,4312.873533,3604,214,0.039221,0.2500
6182000,4678.622695,3636,187,0.089694,0.2656
6184000,4851.816083,3589,209,0.024962,0.2734
6186000,4853.630298,3584,217,0.023172,0.3047
6188000,5182.264628,3598,228,0.516412,0.2969
6190000,5212.360605,3603,211,0.515373,0.2188
6192000,5434.482680,3600,212,0.129010,0.2891
6194000,5043.097857,3630,202,0.266380,0.3281
6196000,4625.257586,3623,195,0.324121,0.2891
6198000,4289.022652,3630,185,0.273389,0.3125
6200000,4514.661182,3606,206,0.386576,0.2656
6202000,5295.288588,3616,200,0.598242,0.2578
6204000,5300.081334,3614,205,0.597697,0.2891
6206000,5047.198517,3603,222,0.632871,0.2812
6208000,4800.175568,3594,210,0.619739,0.2578
6210000,4462.395047,3594,210,0.323848,0.3047
6212000,4332.064021,3604,222,0.291575,0.2812
6214000,4342.932212,3594,218,0.287138,0.2656
6216000,4208.498985,3593,218,0.110107,0.2500
6218000,4060.592229,3571,220,0.111342,0.2812
6220000,4181.745695,3579,235,0.295971,0.3281
6222000,4329.584294,3603,220,0.322550,0.3125
6224000,4315.219026,3587,221,0.312824,0.3047
6226000,4280.543434,3597,239,0.352603,0.2109
6228000,4338.001474,3625,220,0.348923,0.3438
6230000,4332.646581,3613,207,0.352475,0.2734
6232000,4690.854858,3621,212,0.239240,0.3125
6234000,2978.050401,3619,211,0.011166,0.2812
6236000,2979.604520,3628,201,0.009428,0.2422
6238000,3290.202098,3612,211,0.000401,0.2969
6240000,3312.651955,3619,214,0.001587,0.2422
6242000,3625.993448,3627,198,0.024619,0.2188
6244000,3690.829320,3615,210,0.027984,0.2500
6246000,4245.039082,3590,210,0.350408,0.2344
6248000,4473.125717,3618,192,0.415712,0.2734
6250000,4089.520452,3603,219,0.124418,0.2188
6252000,4058.913866,3607,213,0.111667,0.3125
6254000,3637.279981,3605,223,0.192483,0.2656
6256000,3665.342932,3609,218,0.196444,0.3203
6258000,3635.667418,3601,208,0.190867,0.2344
6260000,3630.272904,3613,203,0.242685,0.2656
6262000,3539.102084,3597,205,0.234521,0.3047
6264000,4283.967815,3612,202,0.291971,0.3359
6266000,4549.805986,3611,221,0.304206,0.3672
6268000,5637.777395,3621,215,0.624635,0.2812
6270000,5664.443918,3574,241,0.620658,0.3047
6272000,5954.117111,3571,216,0.643161,0.2812
6274000,6273.512163,3584,218,0.691741,0.2734
6276000,6344.806490,3564,221,0.690553,0.3125
6278000,4597.023981,3580,217,0.458223,0.3359
6280000,4660.225132,3585,218,0.452558,0.3203
6282000,4701.725532,3592,209,0.468790,0.3516
6284000,5932.209888,3593,216,0.553748,0.2109
6286000,5776.895245,3593,195,0.593401,0.2266
6288000,5976.001353,3603,199,0.631028,0.2734
6290000,5303.267528,3604,210,0.572300,0.3047
6292000,4425.982127,3593,208,0.465514,0.3125
6294000,4449.543611,3589,203,0.467939,0.2188
6296000,4532.689702,3598,206,0.463567,0.2812
6298000,4509.048576,3589,202,0.455024,0.2578
6300000,4977.523216,3588,224,0.504691,0.2891
6302000,4943.767388,3545,235,0.502521,0.2969
6304000,5595.758012,3557,228,0.559960,0.3125
6306000,5787.769863,3562,226,0.539914,0.3516
6308000,6436.033859,3540,223,0.651738,0.2422
6310000,3816.307036,3572,212,0.152780,0.3594
6312000,3496.466664,3557,222,0.104170,0.2891
6314000,3490.233064,3574,221,0.111620,0.3438
6316000,3463.425524,3589,222,0.107607,0.2812
6318000,3426.334371,3557,235,0.115067,0.2891
6320000,2829.377947,3555,246,0.015568,0.2500
6322000,2789.178679,3561,228,0.029410,0.2812
6324000,2815.114457,3554,238,0.030145,0.3359
6326000,2852.612439,3538,252,0.034499,0.3203
6328000,2880.963642,3548,245,0.024967,0.2812
6330000,2939.494596,3576,220,0.031376,0.2734
6332000,2940.424807,3563,221,0.028922,0.3438
6334000,2925.661501,3542,232,0.029961,0.2734
6336000,3726.925860,3530,240,0.050703,0.3047
6338000,3749.007066,3531,246,0.050719,0.2969
6340000,3572.638276,3558,237,0.007735,0.3047
6342000,3561.192638,3596,217,0.006844,0.2344
6344000,3575.549909,3609,226,0.009751,0.2422
6346000,3652.692865,3612,224,0.051707,0.3203
6348000,3680.544839,3598,211,0.056015,0.2969
6350000,3540.584982,3620,211,0.042273,0.3125
6352000,5412.246426,3638,198,0.475885,0.3203
6354000,6040.075151,3638,201,0.696158,0.2734
6356000,6123.088079,3611,213,0.581333,0.3359
6358000,6139.969486,3603,216,0.578811,0.3281
6360000,6985.361676,3565,229,0.781679,0.2969
6362000,7076.625949,3568,228,0.797103,0.2891
6364000,7060.168517,3587,210,0.794632,0.3281
6366000,7022.494073,3559,218,0.791065,0.3125
6368000,7565.285914,3551,235,0.836902,0.2500
6370000,7136.247853,3559,230,0.801409,0.3438
6372000,6903.487989,3544,228,0.810514,0.1953
6374000,6877.993730,3559,217,0.804974,0.2969
6376000,6374.709308,3578,212,0.712179,0.3047
6378000,6041.174758,3612,219,0.681477,0.2344
6380000,5867.898674,3604,213,0.631945,0.2500
6382000,6214.196216,3572,218,0.726165,0.3047
6384000,6227.808745,3591,207,0.721473,0.2969
6386000,6301.091328,3599,198,0.735396,0.2266
6388000,6175.212810,3612,192,0.710172,0.2969
6390000,5787.703766,3627,199,0.660022,0.2891
6392000,6030.819431,3636,200,0.739871,0.3047
6394000,5758.173984,3637,207,0.686624,0.2734
6396000,5753.656810,3640,204,0.692748,0.3203
6398000,5745.079284,3649,189,0.465347,0.3203
6400000,6097.155280,3640,190,0.466212,0.2891
6402000,6144.586421,3618,194,0.479685,0.3438
6404000,6114.743949,3582,217,0.480931,0.2734
6406000,6226.240704,3593,213,0.511215,0.1875
6408000,6260.165295,3609,213,0.513589,0.2969
6410000,5861.031399,3605,213,0.489086,0.2656
6412000,6290.263221,3579,221,0.526629,0.2812
6414000,6272.398042,3534,238,0.527014,0.2969
6416000,5816.520498,3519,251,0.503021,0.2891
6418000,5794.874926,3527,230,0.500267,0.3281
6420000,6764.552729,3533,224,0.717552,0.2656
6422000,6472.298892,3567,199,0.735938,0.2344
6424000,6083.568041,3562,210,0.545927,0.2734
6426000,4912.554719,3588,189,0.246209,0.3438
6428000,4908.925006,3580,206,0.220145,0.2734
6430000,4975.238331,3581,219,0.265294,0.4375
6432000,4978.767624,3571,196,0.258450,0.3438
6434000,4995.310602,3564,220,0.262434,0.3281
6436000,5113.462050,3566,225,0.268068,0.3203
6438000,5495.347426,3576,219,0.534252,0.2344
6440000,5447.683748,3560,219,0.530465,0.2500
6442000,6436.681536,3568,222,0.610430,0.2109
6444000,7579.989089,3582,221,0.709102,0.3516
6446000,5670.911646,3594,232,0.521467,0.2578
6448000,5750.691783,3593,214,0.526375,0.2891
6450000,5149.970874,3586,214,0.276177,0.2578
6452000,5259.789781,3584,224,0.174323,0.2578
6454000,5258.232735,3595,212,0.174136,0.3203
6456000,5358.396330,3573,224,0.205008,0.3203
6458000,5552.938581,3568,254,0.269344,0.3594
6460000,5449.948307,3576,232,0.360882,0.2812
6462000,5571.048699,3583,214,0.361215,0.2656
6464000,5588.152594,3586,238,0.403013,0.2422
6466000,3947.206463,3571,237,0.134460,0.2500
6468000,4014.169948,3582,229,0.140957,0.3047
6470000,4082.851902,3589,223,0.116078,0.3359
6472000,4155.572907,3592,218,0.109684,0.3672
6474000,4151.391836,3562,236,0.110191,0.3047
6476000,4123.351425,3606,218,0.106028,0.3203
6478000,6107.030699,3606,221,0.257728,0.2812
6480000,4157.983851,3569,244,0.063672,0.3125
6482000,5202.867051,3591,231,0.197359,0.3516
6484000,5202.746431,3598,213,0.199010,0.3516
6486000,5502.734266,3603,203,0.382381,0.3438
6488000,5202.280992,3603,214,0.545159,0.2734
6490000,5384.493921,3606,214,0.144645,0.3359
6492000,5400.691609,3585,224,0.568523,0.2891
6494000,5064.738579,3599,212,0.239636,0.2969
6496000,4881.729350,3602,187,0.297895,0.2578
6498000,4589.276719,3586,214,0.007651,0.3438
6500000,4550.716452,3566,220,0.006743,0.2500
6502000,4654.168447,3558,234,0.008397,0.2656
6504000,4667.805413,3570,211,0.008616,0.2344
6506000,4639.917651,3566,208,0.009847,0.2188
6508000,4664.043063,3577,199,0.010979,0.2656
6510000,4833.899394,3600,210,0.022172,0.2109
6512000,4696.077406,3594,220,0.107186,0.3047
6514000,4930.709775,3578,220,0.013646,0.2500
6516000,4966.038353,3597,207,0.014402,0.2656
6518000,5171.356707,3591,211,0.045717,0.2656
6520000,5176.064401,3572,226,0.091373,0.2422
6522000,5060.869875,3599,220,0.216979,0.2578
6524000,5213.090954,3600,215,0.058842,0.3203
6526000,5267.354039,3589,231,0.058921,0.3203
6528000,4764.753666,3597,212,0.127391,0.3047
6530000,4450.556853,3595,224,0.061931,0.2656
6532000,4530.654358,3612,211,0.069399,0.2500
6534000,4715.568699,3614,204,0.066861,0.2656
6536000,4651.396272,3617,197,0.017457,0.2734
6538000,5147.700106,3649,197,0.036842,0.3203
6540000,5110.647182,3636,201,0.195436,0.3594
6542000,4490.269305,3621,196,0.028795,0.3438
6544000,4432.420553,3644,191,0.027596,0.3047
6546000,4451.193982,3652,192,0.027400,0.3438
6548000,4375.224571,3651,203,0.031294,0.2422
6550000,4355.127837,3628,206,0.053514,0.3828
6552000,4026.089932,3639,195,0.166371,0.3203
6554000,4117.478351,3654,196,0.236130,0.2344
6556000,5235.307519,3646,202,0.359113,0.3125
6558000,5116.824052,3640,201,0.404327,0.3125
6560000,5579.790953,3618,220,0.445655,0.3047
6562000,5531.088992,3607,216,0.441318,0.3125
6564000,5034.886873,3600,221,0.334094,0.2891
6566000,4499.411735,3591,211,0.475564,0.2969
6568000,4514.111699,3583,215,0.478069,0.3125
6570000,4451.291006,3587,216,0.470104,0.2891
6572000,4584.945249,3611,208,0.443609,0.3438
6574000,4557.152076,3589,220,0.445849,0.2344
6576000,4380.043628,3584,220,0.404099,0.3281
6578000,4384.877391,3561,242,0.403814,0.2500
6580000,4488.390994,3588,234,0.495881,0.3359
6582000,4461.285354,3589,218,0.449549,0.3281
6584000,4695.284992,3582,225,0.525058,0.2812
6586000,3905.724490,3574,225,0.154230,0.2656
6588000,3481.496629,3552,227,0.130388,0.3438
6590000,3419.401418,3585,217,0.064395,0.2578
6592000,3425.101879,3575,226,0.062862,0.3125
6594000,4254.285196,3550,228,0.047962,0.2734
6596000,3952.095408,3543,213,0.012794,0.3594
6598000,4157.378963,3538,227,0.196825,0.2969
6600000,4158.455274,3573,210,0.202356,0.2578
6602000,3975.436848,3567,205,0.156098,0.2188
6604000,4024.307417,3549,210,0.166346,0.3359
6606000,4292.517047,3556,197,0.249700,0.3047
6608000,4276.691975,3544,203,0.244914,0.3750
6610000,4332.319608,3534,209,0.319485,0.2422
6612000,4324.125497,3567,215,0.320897,0.2344
6614000,4401.731500,3551,232,0.280487,0.2891
6616000,4311.812932,3555,228,0.447553,0.2188
6618000,4109.830605,3531,226,0.307113,0.3125
6620000,4082.098948,3525,246,0.329365,0.3125
6622000,4153.548103,3551,226,0.220999,0.2500
6624000,4551.196301,3571,224,0.453643,0.3750
6626000,4536.740804,3563,219,0.452740,0.3281
6628000,4782.046606,3609,205,0.320661,0.2188
6630000,4577.330033,3623,201,0.268100,0.2812
6632000,4626.133543,3599,229,0.280122,0.2422
6634000,4487.852169,3583,223,0.237031,0.2812
6636000,4174.148820,3572,224,0.205710,0.3125
6638000,4024.215021,3585,214,0.293859,0.3281
6640000,3976.318614,3554,210,0.064317,0.3125
6642000,4082.286691,3525,234,0.309110,0.3281
6644000,4089.993321,3514,227,0.237463,0.2812
6646000,4075.248179,3537,222,0.243504,0.3203
6648000,4635.328187,3567,204,0.391033,0.2891
6650000,4607.245301,3560,214,0.398391,0.2734
6652000,4596.778401,3537,247,0.406138,0.3516
6654000,4376.880318,3550,236,0.489756,0.3203
6656000,4423.163488,3589,216,0.463771,0.2734
6658000,4408.759954,3574,222,0.453626,0.3203
6660000,4461.362484,3596,222,0.448481,0.2188
6662000,4525.861979,3591,232,0.432561,0.2812
6664000,4499.547018,3570,227,0.382378,0.3516
6666000,4649.628885,3595,213,0.362940,0.2891
6668000,4684.468306,3616,213,0.368575,0.2422
6670000,5301.620035,3635,203,0.354003,0.2266
6672000,5447.033585,3639,194,0.389315,0.3203
6674000,4947.341685,3627,192,0.333197,0.2344
6676000,4850.017701,3594,203,0.511236,0.2734
6678000,4762.302712,3607,225,0.267772,0.2734
6680000,4332.558193,3616,217,0.220310,0.2734
6682000,4324.778371,3613,216,0.223785,0.2734
6684000,4587.209288,3602,221,0.320360,0.3359
6686000,4541.021716,3616,233,0.342951,0.3594
6688000,4644.051210,3624,218,0.325209,0.2344
6690000,4663.768719,3626,220,0.316877,0.3203
6692000,4581.647201,3618,235,0.326356,0.3281
6694000,4541.672160,3613,224,0.331522,0.2969
6696000,4625.290810,3632,206,0.336370,0.2969
6698000,4741.250874,3610,214,0.364688,0.2422
6700000,4575.604415,3619,217,0.312646,0.2969
6702000,4611.184617,3649,213,0.317649,0.2969
6704000,4431.054180,3639,204,0.217487,0.2969
6706000,4463.977968,3632,209,0.215998,0.2734
6708000,4554.427979,3618,207,0.296328,0.3438
6710000,4677.283956,3574,224,0.259023,0.2969
6712000,4666.139929,3588,227,0.261602,0.3047
6714000,4646.848786,3600,231,0.340357,0.3516
6716000,4830.131568,3589,214,0.364755,0.2656
6718000,4758.750045,3594,217,0.348431,0.2578
6720000,4794.199701,3578,235,0.352336,0.2188
6722000,4627.271731,3615,216,0.224442,0.3125
6724000,4204.540353,3603,209,0.284493,0.3750
6726000,4493.334831,3605,202,0.469900,0.3047
6728000,4735.158932,3596,207,0.350103,0.3047
6730000,4729.404847,3626,197,0.337305,0.2500
6732000,6985.764047,3619,200,0.533607,0.2344
6734000,6949.524829,3619,206,0.536063,0.3047
6736000,7190.309997,3623,198,0.568615,0.2344
6738000,5302.364584,3625,200,0.237821,0.2891
6740000,5253.085630,3644,205,0.229928,0.3203
6742000,5169.242639,3639,196,0.219835,0.2344
6744000,5538.622407,3642,199,0.261929,0.3359
6746000,5561.185509,3628,180,0.296843,0.3438
6748000,5438.799108,3598,215,0.259508,0.3047
6750000,5438.090326,3585,219,0.366666,0.2891
6752000,3784.690872,3579,229,0.034024,0.2891
6754000,3783.738552,3559,221,0.035837,0.2812
6756000,3745.916529,3562,228,0.036299,0.2734
6758000,4220.469604,3572,223,0.105116,0.2812
6760000,3864.263212,3530,242,0.037376,0.2344
6762000,3946.702280,3543,250,0.069950,0.2031
6764000,3765.892862,3541,237,0.223785,0.3516
6766000,3785.022765,3518,238,0.192156,0.2969
6768000,3810.843985,3519,242,0.198732,0.3047
6770000,3841.509570,3531,235,0.203033,0.2656
6772000,4485.758880,3558,213,0.144799,0.3438
6774000,4301.236536,3552,225,0.132451,0.3047
6776000,4285.815827,3567,216,0.126949,0.2734
6778000,4268.608528,3606,200,0.379042,0.2734
6780000,4275.210092,3605,202,0.379033,0.2734
6782000,4195.953933,3589,217,0.376792,0.3203
6784000,4190.272646,3588,219,0.373874,0.3594
6786000,3537.050348,3610,209,0.183633,0.2500
6788000,4628.915444,3603,206,0.433930,0.3750
6790000,4388.688880,3596,215,0.332944,0.2969
6792000,4420.529111,3592,204,0.156031,0.3281
6794000,3840.103047,3597,212,0.225847,0.3594
6796000,4372.060055,3591,201,0.270836,0.3594
6798000,4369.975440,3564,189,0.319030,0.2578
6800000,5445.717401,3576,196,0.371945,0.3750
6802000,6427.989543,3581,198,0.606276,0.2734
6804000,6362.788535,3574,214,0.565033,0.2891
6806000,6347.233349,3551,239,0.560266,0.2656
6808000,6451.532844,3602,226,0.568896,0.2891
6810000,5754.237295,3597,222,0.434994,0.3203
6812000,5981.132194,3592,224,0.494314,0.2969
6814000,6735.413455,3572,233,0.450094,0.3203
6816000,6384.145823,3566,249,0.265482,0.2656
6818000,7137.392007,3552,245,0.156126,0.3828
6820000,7173.172811,3576,230,0.156428,0.2969
6822000,5904.427498,3577,211,0.053898,0.3281
6824000,5087.940575,3585,188,0.044412,0.2891
6826000,3887.007191,3597,203,0.273458,0.2734
6828000,3463.774830,3624,209,0.085510,0.3516
6830000,4295.461972,3610,207,0.023896,0.2266
6832000,5024.358125,3604,220,0.026504,0.3516
6834000,5174.438334,3600,212,0.082143,0.3281
6836000,4940.503722,3608,211,0.143286,0.3047
6838000,4823.536357,3604,222,0.220029,0.3281
6840000,4429.614075,3604,225,0.133195,0.3281
6842000,4848.746012,3595,229,0.183804,0.2891
6844000,5086.252013,3601,223,0.087961,0.3281
6846000,5109.490031,3590,209,0.088929,0.3672
6848000,4498.568263,3580,228,0.113828,0.3281
6850000,4513.873586,3600,221,0.105557,0.2578
6852000,4978.350037,3634,196,0.140777,0.2969
6854000,4987.585712,3617,210,0.151261,0.3047
6856000,4960.047255,3632,200,0.061172,0.1719
6858000,6314.834826,3647,203,0.312614,0.2969
6860000,5597.018032,3661,199,0.513117,0.3125
6862000,5663.070029,3659,217,0.259960,0.2500
6864000,5641.305568,3677,199,0.336110,0.3047
6866000,5513.018274,3664,201,0.056709,0.2266
6868000,5170.091033,3679,198,0.064927,0.2734
6870000,6524.809208,3646,212,0.087495,0.3672
6872000,6559.582592,3641,216,0.149892,0.2500
6874000,5318.812555,3648,201,0.192586,0.2969
6876000,5311.582904,3646,200,0.193934,0.3203
6878000,4693.710634,3622,205,0.049908,0.2812
6880000,6785.399581,3619,211,0.141093,0.3125
6882000,6821.562516,3651,195,0.111207,0.3203
6884000,5897.313100,3661,193,0.550915,0.2188
6886000,5546.781089,3631,204,0.528985,0.1875
6888000,5573.997397,3641,199,0.409011,0.2578
6890000,5427.808059,3627,205,0.459900,0.2578
6892000,5520.089891,3638,202,0.383448,0.2734
6894000,5544.882340,3638,191,0.386516,0.2734
6896000,5183.508902,3637,197,0.080551,0.3203
6898000,5502.160949,3646,186,0.097041,0.2734
6900000,5193.107347,3626,206,0.139976,0.2734
6902000,5641.867708,3605,215,0.443731,0.2734
6904000,5231.342181,3605,208,0.353487,0.2891
6906000,4819.478379,3611,224,0.283597,0.3594
6908000,4719.375678,3614,212,0.003852,0.3906
6910000,4750.426528,3612,228,0.004831,0.3047
6912000,4668.897966,3606,225,0.210869,0.2422
6914000,4755.144304,3592,250,0.224762,0.3438
6916000,5158.015727,3616,219,0.226255,0.3594
6918000,5196.693304,3584,219,0.038604,0.3203
6920000,5426.075272,3563,235,0.196322,0.3203
6922000,5154.248958,3565,235,0.000126,0.3125
6924000,4817.094053,3549,240,0.047585,0.2656
6926000,4884.901023,3545,233,0.027913,0.2969
6928000,4908.914631,3531,229,0.022163,0.2969
6930000,4875.147199,3529,234,0.312165,0.3203
6932000,5089.724532,3518,223,0.302989,0.3672
6934000,4328.714677,3504,221,0.327625,0.2734
6936000,4421.137044,3530,216,0.320038,0.2578
6938000,4920.414301,3536,220,0.434819,0.3438
6940000,4566.349820,3555,211,0.387700,0.3438
6942000,3736.891840,3535,231,0.289574,0.3906
6944000,3872.264525,3526,251,0.278804,0.2891
6946000,3851.994914,3529,244,0.285234,0.3750
6948000,4186.295618,3540,235,0.348302,0.3359
6950000,4477.458759,3549,239,0.393104,0.2422
6952000,5027.147340,3528,251,0.282729,0.3125
6954000,5465.160216,3540,260,0.323162,0.2422
6956000,5408.557805,3555,232,0.302133,0.3594
6958000,3880.743049,3540,226,0.014926,0.2812
6960000,5315.017536,3564,219,0.404096,0.3203
6962000,4495.447631,3552,205,0.281647,0.2969
6964000,4485.820261,3554,227,0.270544,0.2578
6966000,4502.013065,3553,227,0.271953,0.3359
6968000,4818.922199,3576,220,0.028371,0.3203
6970000,4847.113524,3585,211,0.027311,0.2812
6972000,4688.098084,3596,205,0.184399,0.2656
6974000,4857.977735,3579,221,0.055292,0.3125
6976000,4702.039391,3604,207,0.173067,0.2891
6978000,4432.859758,3621,224,0.174289,0.2109
6980000,4508.348617,3597,226,0.120454,0.3125
6982000,4617.847746,3589,224,0.313692,0.2812
6984000,4617.536302,3572,218,0.294301,0.3594
6986000,4892.291576,3589,208,0.387868,0.3047
6988000,4860.637131,3571,217,0.388583,0.2891
6990000,5856.341188,3586,220,0.380216,0.2891
6992000,5161.292576,3592,224,0.403702,0.3906
6994000,5258.976591,3616,203,0.385731,0.3203
6996000,5204.276804,3599,201,0.391873,0.2578
6998000,4651.119491,3572,217,0.220661,0.2734
7000000,4742.615311,3572,217,0.222623,0.2734
7002000,4689.076017,3587,195,0.175419,0.3203
7004000,4660.623020,3602,194,0.172704,0.2188
7006000,4684.461693,3600,188,0.172331,0.2891
7008000,5908.314599,3597,196,0.284748,0.3047
7010000,6113.146269,3584,212,0.285245,0.2969
7012000,6089.326968,3604,206,0.280218,0.2891
7014000,5344.244784,3600,230,0.409663,0.3359
7016000,4819.208373,3623,207,0.403732,0.2578
7018000,4834.398092,3647,182,0.403186,0.2969
7020000,5820.847736,3645,188,0.117190,0.2969
7022000,5845.042219,3624,206,0.108793,0.3203
7024000,5831.314470,3589,216,0.118623,0.3203
7026000,5545.929586,3609,226,0.463755,0.2578
7028000,5723.373219,3623,221,0.435099,0.3828
7030000,6327.187226,3598,227,0.304314,0.2812
7032000,6347.248588,3608,204,0.252442,0.2969
7034000,5088.613502,3599,206,0.103188,0.2578
7036000,4938.634973,3559,224,0.143066,0.3516
7038000,4966.216932,3583,217,0.130869,0.2891
7040000,4885.889008,3584,214,0.151338,0.2812
7042000,4505.165448,3591,219,0.193419,0.2656
7044000,6239.658142,3575,229,0.468632,0.3203
7046000,7117.950845,3602,243,0.601451,0.3281
7048000,6490.708829,3614,225,0.659420,0.2891
7050000,6046.017011,3617,218,0.476292,0.2812
7052000,7414.078656,3609,225,0.498159,0.2734
7054000,7693.804007,3607,229,0.511464,0.2812
7056000,7483.434010,3586,244,0.509315,0.3594
7058000,7475.980919,3581,240,0.489789,0.3047
7060000,7126.433760,3590,223,0.413970,0.2734
7062000,7138.912708,3605,214,0.486308,0.3359
7064000,7496.263772,3612,223,0.484317,0.2891
7066000,7318.822088,3604,230,0.401760,0.3281
7068000,7506.491615,3608,210,0.390187,0.2266
7070000,5280.636742,3629,208,0.268344,0.2734
7072000,4120.107667,3614,209,0.075591,0.2578
7074000,5218.985737,3621,214,0.205565,0.3359
7076000,5216.301767,3647,197,0.199534,0.2266
7078000,4426.487693,3656,206,0.069627,0.3359
7080000,6464.532361,3623,205,0.406562,0.2734
7082000,6857.097690,3616,224,0.566545,0.3047
7084000,5410.660344,3629,219,0.346884,0.2656
7086000,3982.028174,3634,207,0.241405,0.2734
7088000,3975.941128,3634,207,0.241545,0.3047
7090000,3970.563823,3627,220,0.238570,0.3281
7092000,4983.396344,3637,222,0.459171,0.3359
7094000,4894.057390,3603,218,0.349707,0.3047
7096000,5890.235697,3583,210,0.447659,0.3047
7098000,6773.922362,3589,206,0.629161,0.2969
7100000,6002.751486,3576,230,0.480843,0.3047
7102000,8050.913446,3598,219,0.662118,0.2969
7104000,7707.236060,3613,214,0.621304,0.2500
7106000,7604.253653,3601,222,0.617810,0.2422
7108000,5144.363034,3586,218,0.252749,0.3047
7110000,5145.776722,3586,216,0.259626,0.2812
7112000,8172.442949,3582,226,0.553708,0.2891
7114000,5259.684456,3572,231,0.230513,0.3750
7116000,6127.582947,3562,244,0.420820,0.3203
7118000,6627.093801,3559,236,0.458603,0.3203
7120000,4140.380247,3601,220,0.022490,0.3438
7122000,4259.766757,3605,212,0.032082,0.3516
7124000,4255.389058,3587,224,0.033118,0.3359
7126000,4283.461511,3568,223,0.013522,0.2734
7128000,6267.667800,3595,204,0.380845,0.3203
7130000,6190.645438,3611,207,0.369621,0.3359
7132000,6204.522214,3604,207,0.371939,0.3125
7134000,6471.116825,3599,220,0.408907,0.3359
7136000,6254.774736,3600,218,0.324958,0.2500
7138000,4316.973008,3606,211,0.063715,0.2578
7140000,4352.029397,3602,223,0.080374,0.2734
7142000,4252.604898,3605,208,0.075041,0.2812
7144000,4582.495091,3611,200,0.054140,0.3047
7146000,4004.589488,3595,206,0.034884,0.2422
7148000,4135.837907,3583,217,0.067259,0.2500
7150000,3869.473909,3575,229,0.157714,0.3359
7152000,4033.902486,3575,221,0.127697,0.2969
7154000,4188.093087,3600,217,0.087280,0.3047
7156000,3792.357208,3595,216,0.045477,0.3125
7158000,3792.666033,3627,211,0.044585,0.2344
7160000,3787.026439,3624,198,0.043322,0.2891
7162000,3902.659395,3643,199,0.107496,0.2656
7164000,3912.920482,3623,226,0.087735,0.3125
7166000,3879.531464,3590,230,0.085521,0.2656
7168000,3781.487606,3607,224,0.079022,0.2188
7170000,4309.391870,3575,240,0.285684,0.2969
7172000,4749.574665,3581,240,0.404653,0.2969
7174000,4868.402660,3587,209,0.361690,0.2734
7176000,4916.262061,3574,210,0.367786,0.3359
7178000,4969.512464,3606,199,0.370697,0.2344
7180000,5037.398629,3600,210,0.417493,0.2891
7182000,5046.306503,3628,211,0.430487,0.3594
7184000,5205.241919,3612,199,0.395354,0.2734
7186000,4946.452467,3610,190,0.251516,0.2969
7188000,4806.826208,3623,200,0.324161,0.2812
7190000,5086.846344,3593,201,0.349079,0.2734
7192000,5186.590547,3608,209,0.359208,0.2891
7194000,5209.247819,3601,216,0.461359,0.2500
7196000,4615.246561,3597,220,0.372324,0.3203
7198000,4627.772458,3580,223,0.378049,0.3359
7200000,4553.317366,3599,215,0.318019,0.2969
7202000,4514.283834,3605,218,0.353827,0.2656
7204000,4363.018878,3590,239,0.319378,0.3125
7206000,4326.418671,3626,226,0.337993,0.3047
7208000,4159.648049,3629,222,0.352085,0.3125
7210000,4368.851719,3610,225,0.374254,0.2812
7212000,4357.927625,3625,221,0.362794,0.2734
7214000,4015.617194,3601,223,0.349609,0.2188
7216000,3189.881645,3578,215,0.201724,0.3125
7218000,3214.505844,3565,217,0.207599,0.2344
7220000,3269.810124,3543,226,0.195116,0.2422
7222000,3352.862107,3558,221,0.203006,0.2734
7224000,3350.012417,3580,213,0.199630,0.3594
7226000,3583.477572,3574,223,0.251546,0.2734
7228000,4033.751186,3586,222,0.368113,0.2969
7230000,4471.841854,3600,210,0.354076,0.3281
7232000,4431.901600,3630,204,0.347143,0.3281
7234000,4142.684919,3624,205,0.277725,0.1953
7236000,3673.287228,3613,211,0.198425,0.2500
7238000,3982.653072,3615,233,0.233166,0.2266
7240000,3921.412612,3599,221,0.261495,0.3125
7242000,3842.402074,3596,224,0.278357,0.2500
7244000,4511.270877,3548,236,0.362855,0.2812
7246000,4408.065854,3534,232,0.283820,0.4141
7248000,5170.872431,3544,228,0.423935,0.3281
7250000,6524.024921,3557,223,0.588188,0.3203
7252000,5485.144343,3556,215,0.156141,0.2500
7254000,5137.809927,3595,195,0.420716,0.3281
7256000,5334.540419,3577,213,0.383485,0.2969
7258000,5434.089059,3569,226,0.411361,0.3438
7260000,5526.096365,3538,240,0.432381,0.3203
7262000,5577.787475,3542,236,0.418021,0.3594
7264000,5631.768412,3532,232,0.431822,0.2734
7266000,5684.497902,3535,241,0.422543,0.2891
7268000,5694.958048,3563,225,0.425341,0.3047
7270000,5924.807285,3567,214,0.413367,0.3047
7272000,4723.160634,3596,201,0.357459,0.2891
7274000,4722.177074,3606,194,0.357075,0.3359
7276000,5072.742128,3613,197,0.389511,0.3516
7278000,4914.827071,3631,192,0.417799,0.2656
7280000,4834.179173,3591,214,0.309850,0.3047
7282000,4344.491731,3603,211,0.284490,0.2500
7284000,5827.284767,3601,209,0.604828,0.2734
7286000,5747.406861,3620,180,0.601559,0.1797
7288000,6645.607971,3608,204,0.675549,0.2656
7290000,5330.930976,3604,199,0.360603,0.2734
7292000,5410.264928,3583,210,0.501727,0.2891
7294000,5285.993503,3593,213,0.480406,0.3516
7296000,5262.256556,3606,221,0.481682,0.3672
7298000,5513.977392,3637,210,0.467751,0.2734
7300000,5313.510344,3656,186,0.429158,0.2500
7302000,5144.049911,3652,192,0.401159,0.2734
7304000,4003.744035,3615,217,0.158205,0.3125
7306000,4118.867033,3595,222,0.144679,0.3516
7308000,5054.120836,3592,218,0.316514,0.3203
7310000,5120.964606,3621,214,0.353147,0.2969
7312000,5324.379503,3619,208,0.330357,0.3359
7314000,5308.405261,3618,204,0.307336,0.3047
7316000,5260.890432,3614,208,0.318858,0.2422
7318000,5263.904264,3601,209,0.309733,0.3047
7320000,5196.083575,3620,208,0.308825,0.2891
7322000,5004.143644,3609,203,0.159560,0.3672
7324000,5036.752079,3629,189,0.180774,0.2266
7326000,5020.313159,3621,203,0.176535,0.2656
7328000,5035.431777,3604,207,0.167188,0.3281
7330000,5018.727944,3631,204,0.158955,0.3047
7332000,5016.667955,3625,207,0.152293,0.2344
7334000,4067.166799,3633,213,0.102872,0.2578
7336000,3991.032564,3629,199,0.074522,0.2969
7338000,4088.122950,3607,221,0.072715,0.3125
7340000,4150.576645,3597,215,0.106257,0.2969
7342000,3933.924323,3574,235,0.069029,0.2812
7344000,3852.975410,3569,240,0.071751,0.2812
7346000,3844.790853,3538,259,0.071861,0.3359
7348000,3535.778039,3561,249,0.135124,0.2969
7350000,3567.134137,3590,234,0.140487,0.3125
7352000,4032.855578,3597,215,0.200550,0.2656
7354000,4070.597916,3580,213,0.190476,0.2500
7356000,4140.188644,3588,206,0.184986,0.2344
7358000,4130.896591,3569,209,0.184774,0.3203
7360000,4134.303714,3563,229,0.186507,0.4219
7362000,4045.501433,3574,219,0.190259,0.3750
7364000,4812.648046,3548,228,0.285065,0.2578
7366000,4784.749086,3570,224,0.287108,0.3672
7368000,4770.731079,3569,231,0.286703,0.3828
7370000,4664.044000,3580,222,0.385560,0.2734
7372000,4430.650739,3598,220,0.372847,0.1797
7374000,3834.299968,3547,226,0.296712,0.3516
7376000,3745.023669,3543,236,0.122312,0.3281
7378000,3732.202554,3544,259,0.132423,0.3047
7380000,3197.052868,3572,233,0.052446,0.3672
7382000,3238.500004,3552,237,0.060771,0.2891
7384000,3234.353149,3580,229,0.062902,0.3438
7386000,3099.550757,3586,222,0.055935,0.2188
7388000,3076.655803,3600,209,0.054282,0.3203
7390000,3205.541009,3587,200,0.057627,0.3125
7392000,3217.640827,3600,204,0.059046,0.3359
7394000,3210.397285,3591,217,0.055253,0.3594
7396000,3337.687632,3616,221,0.045644,0.2969
7398000,6313.006229,3595,233,0.631906,0.3359
7400000,6346.615486,3615,221,0.638581,0.3047
7402000,6237.198398,3633,217,0.559036,0.3203
7404000,6383.245938,3587,233,0.591567,0.3125
7406000,6455.391498,3604,225,0.564753,0.3438
7408000,5954.259327,3610,218,0.315764,0.3203
7410000,5868.737045,3599,208,0.331664,0.3516
7412000,5850.597278,3624,205,0.330436,0.2578
7414000,5393.797630,3634,201,0.244273,0.2422
7416000,7296.979916,3645,186,0.650371,0.3828
7418000,7325.947354,3655,185,0.603796,0.3594
7420000,7197.018078,3648,198,0.632565,0.2266
7422000,7171.390533,3628,206,0.642529,0.2891
7424000,5053.543466,3632,213,0.312320,0.2500
7426000,4837.961049,3643,176,0.306163,0.2734
7428000,6010.942189,3661,193,0.564296,0.2500
7430000,5812.532044,3655,206,0.557596,0.3203
7432000,6013.516627,3652,205,0.639537,0.2422
7434000,6082.605734,3668,207,0.658140,0.2734
7436000,6113.211390,3625,213,0.629021,0.3203
7438000,5590.931188,3617,215,0.565283,0.2109
7440000,6042.484481,3628,199,0.627302,0.2344
7442000,5903.866157,3625,215,0.591187,0.2812
7444000,5731.727211,3648,200,0.579231,0.2891
7446000,5851.430001,3641,220,0.591022,0.2891
7448000,5754.546476,3620,250,0.579770,0.2969
7450000,5684.359879,3624,225,0.524631,0.2734
7452000,5760.804308,3627,212,0.581454,0.2109
7454000,5626.949367,3627,209,0.551373,0.3047
7456000,3843.252194,3621,210,0.112478,0.3125
7458000,5484.076238,3617,209,0.523541,0.2422
7460000,6417.362208,3613,213,0.354338,0.2344
7462000,6418.038186,3593,241,0.367015,0.2891
7464000,6743.887658,3602,229,0.565906,0.2891
7466000,6667.896606,3607,219,0.502439,0.2578
7468000,7008.217164,3619,203,0.608106,0.3047
7470000,7016.426859,3625,209,0.619474,0.3125
7472000,7042.270531,3617,229,0.667463,0.2656
7474000,6592.407975,3610,221,0.524481,0.2656
7476000,6669.299960,3644,201,0.537997,0.3125
7478000,6462.208259,3591,215,0.562271,0.3125
7480000,5935.400728,3559,230,0.527236,0.3281
7482000,5811.329196,3541,231,0.438007,0.2188
7484000,7643.447906,3545,241,0.541447,0.2812
7486000,7746.155356,3511,249,0.538100,0.3750
7488000,5821.133157,3530,238,0.428535,0.3516
7490000,3152.650687,3536,230,0.002727,0.2812
7492000,6581.711843,3554,244,0.503179,0.3516
7494000,6723.379424,3564,242,0.616541,0.3047
7496000,6957.774953,3587,226,0.637327,0.2812
7498000,5886.139026,3571,225,0.527545,0.2734
7500000,6672.995731,3559,247,0.198729,0.2422
7502000,7549.687928,3576,227,0.481393,0.2656
7504000,7691.203826,3587,242,0.486475,0.3438
7506000,7064.673436,3603,208,0.533833,0.3438
7508000,7573.222261,3606,195,0.690832,0.2812
7510000,7644.047328,3631,177,0.666374,0.2109
7512000,7490.358354,3623,188,0.645500,0.2266
7514000,7620.106163,3649,187,0.655180,0.2656
7516000,7630.591725,3641,200,0.703257,0.2734
7518000,6872.013846,3614,194,0.530959,0.3359
7520000,4886.334300,3596,226,0.212185,0.3359
7522000,4304.268846,3624,201,0.049638,0.2422
7524000,5243.985462,3619,209,0.481436,0.2422
7526000,5278.348617,3624,208,0.463963,0.2891
7528000,5599.392032,3616,221,0.564045,0.1875
7530000,5749.566711,3594,208,0.648442,0.2891
7532000,5926.555825,3626,199,0.258880,0.2188
7534000,5625.594163,3616,221,0.528550,0.2656
7536000,5156.851093,3602,229,0.559226,0.3125
7538000,3552.912474,3634,194,0.240825,0.2578
7540000,3584.162213,3643,192,0.238538,0.2422
7542000,3657.299035,3637,218,0.205079,0.3125
7544000,3677.448469,3619,224,0.194533,0.3359
7546000,3684.048602,3615,219,0.196131,0.2891
7548000,4250.837162,3610,216,0.243899,0.3203
7550000,4297.442625,3601,198,0.252528,0.3750
7552000,4195.044551,3610,205,0.034829,0.3125
7554000,3506.199954,3585,215,0.001792,0.2812
7556000,4195.124682,3581,210,0.105913,0.3047
7558000,4162.162449,3585,208,0.104442,0.3281
7560000,4545.672443,3585,218,0.345967,0.2891
7562000,4505.666897,3558,203,0.339679,0.3828
7564000,4488.955999,3568,217,0.364287,0.3359
7566000,4625.729539,3566,208,0.382476,0.3281
7568000,4174.168023,3563,216,0.330101,0.2969
7570000,4305.767378,3580,204,0.296782,0.3047
7572000,4425.225581,3563,213,0.335696,0.3203
7574000,4253.986332,3562,226,0.464623,0.2812
7576000,4226.478273,3568,210,0.441479,0.2969
7578000,3865.944495,3534,252,0.155669,0.2422
7580000,3892.404084,3540,246,0.153466,0.3594
7582000,3895.704555,3556,219,0.155653,0.3281
7584000,3897.495255,3573,210,0.162139,0.2969
7586000,3809.372154,3588,199,0.157808,0.3281
7588000,4142.928428,3559,219,0.328420,0.2812
7590000,5294.687001,3569,225,0.504056,0.2656
7592000,5243.009235,3552,235,0.507912,0.3516
7594000,5291.984237,3557,229,0.506653,0.3047
7596000,3776.595897,3588,209,0.058050,0.3359
7598000,3875.830735,3587,227,0.036332,0.3125
7600000,3799.743944,3602,223,0.036673,0.2969
7602000,3910.444789,3600,211,0.051892,0.2188
7604000,3621.920634,3590,205,0.209191,0.3125
7606000,6679.463184,3580,220,0.667051,0.3281
7608000,6463.343334,3578,213,0.640498,0.2969
7610000,6369.336317,3573,219,0.632045,0.2734
7612000,6219.586725,3590,213,0.481897,0.3281
7614000,6241.855631,3600,199,0.496618,0.3125
7616000,5427.564111,3585,217,0.537930,0.3125
7618000,4987.445801,3599,205,0.475102,0.2656
7620000,4986.034288,3584,203,0.472846,0.2969
7622000,5114.557355,3590,204,0.506216,0.3281
7624000,5093.418839,3609,210,0.510613,0.2578
7626000,5063.186688,3583,224,0.492490,0.3203
7628000,5079.460545,3545,249,0.485637,0.2891
7630000,5381.994620,3540,254,0.532951,0.3359
7632000,6407.511077,3540,245,0.519416,0.3203
7634000,8465.034964,3553,226,0.727768,0.3047
7636000,8497.183076,3576,225,0.730503,0.2188
7638000,6832.018221,3582,226,0.536888,0.2422
7640000,6341.749391,3602,216,0.363591,0.3047
7642000,6554.283757,3598,206,0.535688,0.2656
7644000,7898.474745,3601,211,0.758523,0.2812
7646000,7738.680160,3563,223,0.768302,0.3047
7648000,4730.884120,3564,241,0.600402,0.3438
7650000,4805.450112,3546,249,0.601982,0.3125
7652000,4695.442777,3551,234,0.606960,0.2891
7654000,4563.633380,3542,241,0.592156,0.2891
7656000,4575.155459,3518,252,0.596705,0.2656
7658000,3860.437336,3527,253,0.417297,0.2969
7660000,3900.059271,3499,233,0.420579,0.3438
7662000,4327.075517,3515,243,0.282003,0.4297
7664000,4421.861750,3522,237,0.298066,0.2812
7666000,5459.686972,3513,234,0.507288,0.3125
7668000,5435.707506,3527,252,0.513670,0.3281
7670000,6186.304835,3552,222,0.597270,0.3281
7672000,5623.249941,3549,230,0.284552,0.3516
7674000,5706.289137,3547,225,0.283171,0.3047
7676000,5731.617455,3534,252,0.292902,0.2812
7678000,6195.486705,3547,245,0.559238,0.2734
7680000,6207.772545,3568,239,0.562625,0.3281
7682000,6145.540495,3558,221,0.525875,0.3281
7684000,4309.569098,3563,217,0.262166,0.3203
7686000,4745.387045,3603,203,0.439323,0.3047
7688000,7545.623972,3619,197,0.634593,0.2500
7690000,9814.130311,3608,206,0.841857,0.2500
7692000,10743.739290,3590,221,0.898432,0.3281
7694000,9023.308872,3593,231,0.576975,0.3125
7696000,10869.881235,3571,238,0.882364,0.3438
7698000,8921.116744,3540,252,0.588607,0.2812
7700000,9777.557660,3535,263,0.836253,0.3359
7702000,8340.881550,3539,255,0.779257,0.3516
7704000,8611.540864,3561,254,0.496064,0.2656
7706000,9260.784478,3564,233,0.806383,0.2969
7708000,4767.833064,3575,228,0.525705,0.2344
7710000,4781.673023,3568,225,0.536951,0.3125
7712000,4788.026060,3564,225,0.575838,0.2812
7714000,4788.399727,3566,218,0.577932,0.3359
7716000,4602.136825,3572,223,0.564723,0.2656
7718000,4639.414716,3581,232,0.595478,0.3828
7720000,4784.328551,3592,198,0.569333,0.2891
7722000,4639.964287,3564,226,0.550173,0.2969
7724000,4613.171797,3560,249,0.546552,0.2969
7726000,4603.549910,3540,283,0.554941,0.3281
7728000,4600.629266,3546,265,0.531304,0.2891
7730000,4684.608970,3576,237,0.515634,0.3047
7732000,4221.601253,3578,232,0.212348,0.3438
7734000,4608.119324,3569,244,0.281056,0.3047
7736000,3856.499606,3598,216,0.181529,0.3438
7738000,5936.293714,3627,200,0.757362,0.2266
7740000,5971.328215,3584,234,0.762301,0.2734
7742000,6000.115733,3588,218,0.725519,0.3594
7744000,5603.408682,3564,233,0.696125,0.2422
7746000,3362.984261,3543,247,0.085294,0.4141
7748000,3475.621455,3580,229,0.096407,0.3359
7750000,3541.137840,3582,233,0.114385,0.2500
7752000,4475.942768,3594,207,0.516101,0.2891
7754000,4401.191100,3591,206,0.502861,0.3125
7756000,4735.038250,3603,207,0.544467,0.2812
7758000,4522.694863,3613,222,0.532187,0.2266
7760000,4805.974556,3618,221,0.282210,0.2422
7762000,4852.329613,3605,209,0.347139,0.2812
7764000,4814.650815,3605,204,0.342086,0.2500
7766000,4720.256515,3620,213,0.335051,0.2656
7768000,4722.205194,3606,223,0.327280,0.3203
7770000,4756.459056,3592,206,0.329742,0.2422
7772000,4763.502279,3584,206,0.327030,0.3281
7774000,3688.341197,3590,197,0.092104,0.2969
7776000,4064.242701,3576,205,0.148236,0.3281
7778000,4060.150295,3580,225,0.148079,0.3516
7780000,4098.656291,3584,219,0.141980,0.2422
7782000,3771.756714,3568,226,0.149459,0.2578
7784000,4853.783771,3561,232,0.348431,0.2656
7786000,4870.706221,3598,218,0.355861,0.3438
7788000,3796.908951,3609,215,0.136954,0.2344
7790000,4005.111531,3579,242,0.015395,0.2344
7792000,5493.478531,3587,230,0.561981,0.3594
7794000,5460.111037,3575,232,0.567535,0.2734
7796000,4701.118005,3565,227,0.431329,0.3203
7798000,5038.173324,3562,231,0.502211,0.2812
7800000,4009.102537,3552,235,0.180680,0.2812
7802000,4049.630593,3588,236,0.179800,0.2422
7804000,3868.706320,3606,225,0.038374,0.2969
7806000,3994.096306,3602,235,0.076666,0.3516
7808000,3832.203804,3631,219,0.067399,0.2266
7810000,4883.595886,3609,236,0.115722,0.3281
7812000,5336.301876,3618,225,0.108767,0.2969
7814000,6047.252528,3633,209,0.199236,0.2578
7816000,5962.080349,3603,219,0.334549,0.2656
7818000,6130.174318,3585,228,0.319257,0.3125
7820000,5396.500080,3585,214,0.112724,0.3281
7822000,5239.285506,3597,206,0.103541,0.2656
7824000,5694.935707,3592,217,0.457165,0.3047
7826000,5150.171838,3567,211,0.361785,0.2734
7828000,4714.414377,3587,215,0.262110,0.2969
7830000,4683.467456,3597,222,0.260923,0.2656
7832000,4712.946425,3610,228,0.266961,0.3516
7834000,4330.889176,3593,212,0.280634,0.2812
7836000,4359.272143,3589,229,0.282260,0.3438
7838000,4369.908065,3584,224,0.283790,0.3047
7840000,4331.839056,3583,223,0.272484,0.2656
7842000,3405.908226,3587,218,0.064354,0.2656
7844000,3627.450381,3596,204,0.077364,0.2344
7846000,4215.126772,3606,210,0.030854,0.3125
7848000,4240.028220,3611,213,0.031725,0.3359
7850000,5234.483351,3594,214,0.132027,0.2188
7852000,5319.725893,3612,201,0.182789,0.3281
7854000,3754.766290,3619,209,0.020330,0.3203
7856000,3939.332927,3637,215,0.017512,0.2578
7858000,3929.754416,3608,232,0.018068,0.2969
7860000,4014.740938,3624,223,0.003440,0.2578
7862000,4019.741697,3631,214,0.002963,0.3203
7864000,5586.460399,3598,228,0.351862,0.3281
7866000,5325.449253,3607,216,0.350851,0.3359
7868000,5252.619509,3607,210,0.231460,0.2578
7870000,5174.169326,3595,221,0.347322,0.3047
7872000,4698.204375,3605,201,0.274323,0.3203
7874000,4725.818522,3603,214,0.268676,0.3203
7876000,4393.214896,3614,204,0.285991,0.2500
7878000,3864.188737,3548,220,0.117740,0.2656
7880000,5285.247944,3550,217,0.589156,0.3047
7882000,6710.691435,3562,224,0.732320,0.2812
7884000,6038.740022,3552,226,0.615302,0.2969
7886000,6218.795241,3568,219,0.634178,0.2500
7888000,5950.123935,3578,213,0.556570,0.2891
7890000,6771.565520,3615,211,0.757361,0.3203
7892000,6527.087386,3630,205,0.727274,0.2500
7894000,7421.305208,3607,201,0.720076,0.2578
7896000,5854.772539,3622,206,0.399143,0.3359
7898000,7474.576280,3614,218,0.637241,0.2656
7900000,6682.614587,3643,206,0.492857,0.3047
7902000,4640.602653,3634,208,0.482705,0.2266
7904000,4681.182500,3611,196,0.434806,0.2109
7906000,4740.822195,3609,203,0.304615,0.2500
7908000,6763.837924,3601,204,0.567600,0.3125
7910000,6496.416659,3626,206,0.475962,0.3047
7912000,6594.823754,3603,212,0.457125,0.3516
7914000,6209.880302,3623,193,0.407673,0.2812
7916000,6073.806404,3603,200,0.587567,0.3125
7918000,6057.223439,3615,217,0.582507,0.2891
7920000,5879.221470,3624,223,0.473779,0.2812
7922000,6169.216337,3635,229,0.496639,0.3359
7924000,6141.996642,3651,213,0.506970,0.3125
7926000,5392.876328,3616,212,0.525509,0.2734
7928000,6160.748897,3611,206,0.394259,0.3125
7930000,6133.944041,3618,208,0.394039,0.2969
7932000,6125.021526,3611,216,0.490976,0.3281
7934000,6202.958410,3609,232,0.502881,0.3281
7936000,6044.238330,3605,204,0.344585,0.3047
7938000,5936.193616,3618,194,0.347274,0.2578
7940000,6402.988532,3640,182,0.338277,0.2578
7942000,6661.256872,3654,175,0.602419,0.2578
7944000,6321.568821,3628,184,0.481023,0.2656
7946000,6233.640355,3633,188,0.581416,0.3203
7948000,5892.252620,3604,219,0.344880,0.3281
7950000,5418.972116,3597,225,0.178639,0.3125
7952000,5071.620024,3618,220,0.087005,0.2578
7954000,5236.053266,3614,222,0.137225,0.2969
7956000,5982.563397,3614,205,0.338201,0.3125
7958000,6003.240663,3629,198,0.329688,0.2734
7960000,6033.762715,3599,214,0.332781,0.2500
7962000,6115.925735,3589,221,0.328538,0.2656
7964000,6118.921513,3571,223,0.323014,0.2734
7966000,6099.104860,3554,224,0.386199,0.3125
7968000,4903.274848,3573,220,0.028652,0.3125
7970000,4497.817185,3602,213,0.060000,0.3047
7972000,4778.991284,3604,211,0.016910,0.2969
7974000,4751.544319,3593,231,0.032104,0.2812
7976000,4834.810907,3600,220,0.029598,0.3281
7978000,4729.968221,3626,193,0.027962,0.3203
7980000,4925.006428,3591,222,0.012411,0.2969
7982000,4829.791653,3597,211,0.029297,0.2891
7984000,4840.487178,3590,207,0.027811,0.2969
7986000,5017.872800,3596,216,0.048767,0.2734
7988000,4995.079877,3580,216,0.045404,0.2969
7990000,5063.902977,3584,225,0.057634,0.2656
7992000,5958.849891,3596,235,0.403027,0.3281
7994000,6067.109987,3586,236,0.386934,0.2734
7996000,5774.874933,3564,237,0.283384,0.2188
7998000,4208.143312,3562,235,0.054969,0.2969
8000000,5573.796986,3558,240,0.483893,0.2812
8002000,5617.030256,3584,231,0.436326,0.2578
8004000,5678.050261,3607,209,0.442116,0.2969
8006000,5793.216389,3599,204,0.414408,0.3594
8008000,5729.047598,3590,217,0.439383,0.3047
8010000,3983.288344,3602,212,0.045352,0.2500
8012000,3869.162635,3602,209,0.072109,0.3203
8014000,3859.946479,3599,198,0.082286,0.3516
8016000,3832.902340,3596,208,0.083272,0.2578
8018000,3877.765349,3581,215,0.072274,0.2500
8020000,3880.845940,3573,210,0.093386,0.2500
8022000,5360.294702,3576,214,0.360447,0.2266
8024000,5366.920965,3567,215,0.361918,0.2812
8026000,5247.175169,3566,219,0.358327,0.3281
8028000,5164.094989,3575,215,0.273694,0.3281
8030000,4894.065031,3559,215,0.245550,0.2734
8032000,4534.920877,3587,217,0.234846,0.2656
8034000,4695.889427,3554,229,0.454811,0.3438
8036000,4278.592038,3546,225,0.384299,0.3516
8038000,4272.093174,3546,224,0.245924,0.2969
8040000,4233.495333,3573,227,0.262653,0.2266
8042000,4202.996002,3550,227,0.259043,0.2969
8044000,4222.168297,3535,244,0.255522,0.2891
8046000,3375.706933,3556,247,0.213077,0.3906
8048000,3437.521988,3555,219,0.229149,0.2891
8050000,3416.157769,3559,211,0.226393,0.2031
8052000,3410.470466,3552,216,0.218477,0.2969
8054000,3360.741273,3571,209,0.235685,0.3281
8056000,3596.267541,3563,213,0.212655,0.2891
8058000,3905.481501,3540,219,0.391091,0.3672
8060000,3969.042754,3521,225,0.473334,0.2812
8062000,3944.522817,3504,247,0.472816,0.3281
8064000,3910.905715,3509,235,0.460497,0.2656
8066000,3955.038413,3518,240,0.452752,0.2500
8068000,3974.265631,3506,254,0.386221,0.3047
8070000,3971.313763,3521,232,0.383252,0.2812
8072000,3960.147273,3529,238,0.322709,0.2344
8074000,3943.543484,3534,240,0.342257,0.3047
8076000,3932.230244,3512,245,0.343772,0.3047
8078000,4416.029846,3538,218,0.386767,0.2578
8080000,4481.262511,3523,239,0.391134,0.3125
8082000,4530.714079,3565,216,0.391915,0.2969
8084000,4659.873678,3569,225,0.428089,0.3516
8086000,3811.076216,3558,210,0.349238,0.3594
8088000,3954.283164,3552,222,0.372933,0.3047
8090000,3921.582418,3548,214,0.375811,0.2891
8092000,3835.231706,3557,214,0.376708,0.2578
8094000,3825.100205,3548,219,0.378747,0.2188
8096000,3853.568468,3570,233,0.387117,0.3438
8098000,3848.699546,3558,203,0.380835,0.2969
8100000,3717.325491,3586,193,0.371018,0.2500
8102000,3621.775162,3559,220,0.304693,0.3203
8104000,3618.103176,3567,203,0.168218,0.3047
8106000,3526.241416,3577,197,0.317756,0.2656
8108000,3494.772543,3542,224,0.313268,0.1953
8110000,3491.620843,3543,220,0.316176,0.2891
8112000,3429.734078,3564,227,0.287969,0.3516
8114000,3468.797446,3583,200,0.209723,0.3281
8116000,3569.230122,3572,223,0.314611,0.2656
8118000,4551.346239,3555,229,0.482322,0.2969
8120000,4319.311799,3547,240,0.479166,0.2969
8122000,4249.995599,3572,233,0.471497,0.3125
8124000,4200.121159,3559,220,0.471553,0.2891
8126000,4571.471720,3554,227,0.490798,0.3125
8128000,4589.500965,3558,224,0.488677,0.3359
8130000,4628.649653,3551,223,0.504854,0.2969
8132000,4642.454997,3568,206,0.510714,0.2266
8134000,4420.370968,3569,195,0.474812,0.2500
8136000,4616.189298,3570,203,0.525134,0.2578
8138000,4709.240494,3604,183,0.514831,0.3125
8140000,4750.063423,3602,197,0.522488,0.2969
8142000,4676.437293,3589,198,0.473144,0.2969
8144000,4669.786130,3599,197,0.472886,0.2891
8146000,3272.498767,3574,198,0.120678,0.3828
8148000,3669.971942,3545,198,0.200515,0.2422
8150000,3619.704483,3576,202,0.197552,0.2734
8152000,3639.524746,3547,227,0.154485,0.2656
8154000,3670.893985,3548,238,0.161845,0.2812
8156000,3533.151368,3566,218,0.264290,0.2812
8158000,4156.209612,3580,215,0.108924,0.2969
8160000,4007.939410,3556,207,0.097156,0.2891
8162000,3702.012597,3555,212,0.009442,0.3047
8164000,3658.026528,3573,211,0.007263,0.2578
8166000,3643.007419,3564,207,0.006576,0.2656
8168000,5993.347536,3535,222,0.713047,0.2578
8170000,5923.180125,3522,223,0.698581,0.3438
8172000,5932.129159,3540,224,0.697497,0.2891
8174000,6038.998694,3537,206,0.710612,0.2969
8176000,6069.527954,3529,216,0.714640,0.3359
8178000,6000.387291,3513,240,0.693067,0.2578
8180000,5939.919123,3516,252,0.691897,0.2734
8182000,5922.986057,3565,215,0.692907,0.2344
8184000,5904.872294,3543,224,0.695995,0.2422
8186000,5944.746371,3546,245,0.710568,0.2422
8188000,6746.209784,3566,233,0.609925,0.3594
8190000,7354.203909,3569,231,0.712693,0.3281
8192000,7324.852651,3576,235,0.725651,0.2812
8194000,7241.872430,3591,224,0.724782,0.2500
8196000,7317.121037,3585,219,0.721812,0.2578
8198000,7258.638556,3548,236,0.717482,0.2656
8200000,7215.751856,3510,242,0.720120,0.2344
8202000,7940.007909,3518,241,0.829572,0.2578
8204000,7244.420197,3522,246,0.751178,0.2422
8206000,7000.822506,3547,226,0.704185,0.3281
8208000,5950.410455,3564,231,0.713970,0.2969
8210000,4976.875351,3556,233,0.457343,0.2188
8212000,5324.993652,3556,235,0.448697,0.2891
8214000,5337.652827,3542,235,0.448554,0.3359
8216000,5307.126274,3550,232,0.443472,0.3047
8218000,5323.104584,3556,227,0.430236,0.2344
8220000,6669.746708,3535,234,0.721525,0.2812
8222000,6643.397759,3563,230,0.718168,0.3516
8224000,6444.447420,3555,224,0.534796,0.2891
8226000,7327.471461,3568,215,0.608107,0.2656
8228000,4659.211448,3586,196,0.092050,0.3281
8230000,4444.599924,3583,199,0.078856,0.3359
8232000,4530.202682,3583,220,0.077169,0.3359
8234000,4534.793491,3583,216,0.214250,0.2734
8236000,5958.088529,3568,243,0.661939,0.3438
8238000,4389.141319,3574,232,0.124584,0.2969
8240000,4791.075057,3598,199,0.443758,0.2344
8242000,3458.616740,3582,204,0.006248,0.2812
8244000,3450.661599,3580,215,0.012889,0.3125
8246000,3836.039284,3572,208,0.067896,0.2266
8248000,3320.235744,3576,207,0.019776,0.2656
8250000,4191.341047,3570,198,0.189533,0.2500
8252000,5180.539008,3570,218,0.298799,0.3203
8254000,7005.995713,3583,213,0.782333,0.2422
8256000,4262.365669,3583,187,0.195426,0.3203
8258000,3826.853505,3597,179,0.090543,0.3047
8260000,3754.985314,3587,199,0.059920,0.3281
8262000,3941.250851,3568,185,0.105457,0.3281
8264000,4065.658207,3551,216,0.260500,0.3516
8266000,4057.528944,3544,227,0.255859,0.2734
8268000,7035.158568,3531,238,0.781308,0.3438
8270000,7003.361569,3566,223,0.776777,0.2891
8272000,7053.577026,3600,232,0.811654,0.2656
8274000,5674.231301,3592,226,0.420855,0.2656
8276000,5911.878686,3584,205,0.303846,0.2812
8278000,6016.862466,3553,218,0.334536,0.2812
8280000,6008.056021,3547,218,0.330095,0.2891
8282000,5900.344677,3571,216,0.389193,0.2734
8284000,6460.627239,3579,227,0.611698,0.2500
8286000,5915.456618,3607,203,0.608527,0.2500
8288000,6055.676956,3599,197,0.608695,0.2812
8290000,6080.556287,3597,200,0.614504,0.2578
8292000,5259.042490,3573,198,0.588704,0.3047
8294000,5299.847441,3574,192,0.592690,0.2500
8296000,5276.874346,3582,194,0.571610,0.2578
8298000,5208.135453,3575,197,0.580983,0.2891
8300000,5499.430559,3584,211,0.620477,0.2656
8302000,5182.823341,3588,213,0.476698,0.2656
8304000,4486.805724,3592,213,0.202863,0.2891
8306000,4472.741351,3609,214,0.214130,0.2188
8308000,6595.676653,3613,216,0.772781,0.3750
8310000,6581.268823,3623,201,0.774964,0.2578
8312000,6293.353450,3614,219,0.663841,0.3203
8314000,5024.999245,3624,212,0.559141,0.2969
8316000,3511.332391,3646,181,0.100489,0.3281
8318000,3632.307114,3657,185,0.090785,0.2578
8320000,3567.357580,3647,206,0.101401,0.3359
8322000,3931.104646,3631,220,0.147645,0.2500
8324000,3906.862541,3611,198,0.115582,0.3203
8326000,3736.636245,3564,215,0.092535,0.3047
8328000,3798.454650,3519,230,0.110960,0.3438
8330000,3831.667290,3522,234,0.110969,0.2578
8332000,3891.086827,3540,239,0.114468,0.2422
8334000,4153.992658,3552,229,0.227626,0.3281
8336000,5643.791394,3550,230,0.746799,0.3438
8338000,5674.246365,3577,217,0.759345,0.2500
8340000,5653.328583,3555,237,0.746274,0.2891
8342000,5672.251282,3600,239,0.746636,0.3047
8344000,5715.973346,3629,228,0.752822,0.2969
8346000,5638.077377,3627,212,0.746350,0.3125
8348000,5661.172814,3634,196,0.744296,0.2500
8350000,5645.658213,3666,196,0.742172,0.2656
8352000,5679.996919,3661,203,0.749179,0.2422
8354000,5650.288661,3636,193,0.739426,0.2344
8356000,5870.919016,3626,197,0.656386,0.2500
8358000,6826.234864,3609,226,0.776571,0.2578
8360000,5452.939391,3631,213,0.356615,0.2344
8362000,6174.618236,3636,190,0.372312,0.2578
8364000,6008.467764,3617,211,0.450757,0.1953
8366000,4930.769850,3606,224,0.169691,0.3047
8368000,4376.081253,3595,226,0.315586,0.3516
8370000,4311.602744,3608,234,0.284285,0.3281
8372000,4799.294475,3573,229,0.199554,0.3281
8374000,3771.550751,3567,235,0.196731,0.3438
8376000,3531.097058,3577,237,0.075260,0.2734
8378000,4148.223727,3580,227,0.454342,0.3125
8380000,4214.372432,3571,240,0.452107,0.3516
8382000,4210.547653,3594,223,0.459241,0.2812
8384000,4229.827784,3574,225,0.427449,0.3125
8386000,4426.642549,3583,225,0.313094,0.2266
8388000,4580.578099,3581,232,0.343029,0.4141
8390000,4686.314756,3549,240,0.233717,0.3125
8392000,3927.902195,3548,235,0.170278,0.3828
8394000,3892.804028,3563,233,0.163120,0.2812
8396000,3834.007939,3569,227,0.250585,0.3047
8398000,3469.242066,3572,236,0.158798,0.3203
8400000,3520.002781,3568,250,0.143198,0.3438
8402000,3382.606100,3586,228,0.073351,0.3125
8404000,3533.260870,3588,234,0.094075,0.2969
8406000,3544.844070,3591,223,0.098154,0.2656
8408000,3412.114777,3575,230,0.133963,0.2656
8410000,3595.354340,3576,233,0.155183,0.3281
8412000,3683.326722,3584,245,0.165397,0.3828
8414000,3639.715632,3575,245,0.161303,0.3438
8416000,3855.369279,3572,229,0.001522,0.3516
8418000,4008.692768,3564,227,0.059462,0.2578
8420000,3903.935061,3582,233,0.035980,0.2969
8422000,3799.827076,3582,219,0.034359,0.2500
8424000,3355.890776,3582,210,0.088701,0.2969
8426000,3574.635158,3556,208,0.128460,0.3438
8428000,4291.842623,3534,233,0.107139,0.3125
8430000,4340.427192,3537,250,0.144819,0.3203
8432000,4330.553767,3527,253,0.143527,0.3281
8434000,3967.716399,3545,232,0.024755,0.3828
8436000,4185.478564,3541,232,0.018609,0.3047
8438000,3438.936631,3530,236,0.116049,0.3594
8440000,3320.339199,3545,235,0.129581,0.3047
8442000,3652.782740,3554,238,0.142301,0.2734
8444000,3704.251867,3580,229,0.143503,0.3594
8446000,4480.400281,3559,217,0.390343,0.2578
8448000,5392.460613,3575,210,0.636081,0.3516
8450000,5435.894143,3582,220,0.663421,0.1953
8452000,5417.063077,3611,207,0.641208,0.3125
8454000,3698.338933,3625,208,0.159580,0.3750
8456000,3035.124530,3619,219,0.000004,0.3203
8458000,2825.476517,3602,220,0.005829,0.2344
8460000,2802.788198,3619,202,0.008494,0.3750
8462000,4187.923418,3643,178,0.349010,0.3047
8464000,5071.607900,3635,187,0.258698,0.2969
8466000,4667.033120,3631,203,0.307131,0.2734
8468000,4681.229098,3631,199,0.316214,0.3438
8470000,5080.384902,3648,178,0.197210,0.2891
8472000,4276.616181,3615,204,0.016797,0.2891
8474000,3684.789991,3601,191,0.097563,0.2891
8476000,3900.800367,3602,199,0.017839,0.2656
8478000,3857.066664,3609,197,0.019777,0.2734
8480000,5214.194559,3615,211,0.255541,0.3984
8482000,5886.243079,3592,203,0.701652,0.2500
8484000,5938.196250,3556,219,0.671056,0.2422
8486000,5453.424855,3579,213,0.336037,0.2969
8488000,5396.815264,3590,202,0.292042,0.3359
8490000,5371.538642,3600,208,0.297197,0.2422
8492000,5194.687489,3579,204,0.166706,0.2500
8494000,5285.517287,3610,196,0.153542,0.2500
8496000,5372.661605,3601,210,0.468287,0.3203
8498000,5813.643181,3600,190,0.604384,0.2422
8500000,5779.290193,3590,197,0.583688,0.2734
8502000,5762.303952,3569,216,0.576222,0.3047
8504000,5786.300724,3585,232,0.591520,0.3750
8506000,5950.048275,3561,237,0.584862,0.3125
8508000,6013.038801,3574,230,0.560181,0.2031
8510000,6155.950045,3578,222,0.490741,0.3047
8512000,5862.639785,3569,222,0.536298,0.2891
8514000,4434.468956,3581,222,0.457442,0.3047
8516000,4473.913538,3589,225,0.457058,0.3281
8518000,4387.968498,3596,234,0.451671,0.2969
8520000,4362.947489,3589,223,0.449480,0.2656
8522000,4328.019846,3616,214,0.440601,0.2891
8524000,4433.167607,3612,198,0.449865,0.2656
8526000,3403.323931,3613,195,0.115750,0.2578
8528000,3403.250019,3605,203,0.122973,0.2500
8530000,3405.853411,3604,203,0.132582,0.2734
8532000,4153.494487,3590,213,0.254534,0.2344
8534000,4201.101251,3619,202,0.393370,0.3672
8536000,5299.593066,3610,196,0.613318,0.3125
8538000,4280.053383,3623,186,0.329154,0.2656
8540000,4273.665071,3595,209,0.330750,0.2578
8542000,4170.987679,3586,211,0.247358,0.3359
8544000,3996.680916,3586,223,0.218320,0.3750
8546000,3979.222227,3588,237,0.221923,0.3594
8548000,4013.523663,3584,229,0.295648,0.3438
8550000,4179.487757,3589,227,0.260987,0.2578
8552000,4696.107362,3586,230,0.483577,0.3047
8554000,4688.170554,3573,235,0.460127,0.3125
8556000,4141.769764,3592,228,0.308335,0.2734
8558000,3726.023559,3575,245,0.224705,0.3203
8560000,4042.489718,3591,231,0.262203,0.2734
8562000,4293.822602,3568,248,0.369032,0.3203
8564000,4300.483668,3562,239,0.367892,0.3203
8566000,4315.190136,3603,213,0.366087,0.2891
8568000,4325.515693,3610,209,0.359906,0.3906
8570000,4317.699199,3589,212,0.372827,0.2891
8572000,4381.209880,3601,212,0.451615,0.3828
8574000,4492.548359,3586,218,0.475093,0.2578
8576000,4344.468951,3595,219,0.440790,0.3438
8578000,4328.730832,3561,243,0.444081,0.3125
8580000,4368.156099,3581,230,0.430216,0.2969
8582000,4378.098040,3587,225,0.453944,0.3516
8584000,4477.049184,3577,249,0.465419,0.3125
8586000,4500.231391,3594,225,0.469041,0.3203
8588000,4634.118933,3582,250,0.501234,0.3281
8590000,4567.240915,3559,261,0.515781,0.3125
8592000,4550.145066,3575,248,0.501543,0.3125
8594000,4496.039482,3575,251,0.462472,0.3281
8596000,4513.933729,3585,232,0.457860,0.2812
8598000,4726.868933,3626,223,0.562783,0.2266
8600000,4827.261018,3617,218,0.553376,0.2812
8602000,4970.559522,3574,225,0.641066,0.2734
8604000,4883.609582,3581,230,0.653910,0.3359
8606000,4921.686297,3598,230,0.653846,0.3359
8608000,4850.156551,3604,228,0.573551,0.3125
8610000,5008.177073,3604,225,0.450851,0.2656
8612000,4978.162690,3579,217,0.432666,0.3203
8614000,4983.566090,3604,197,0.440893,0.2500
8616000,4946.017057,3623,214,0.460684,0.2500
8618000,4033.437563,3652,212,0.173936,0.2891
8620000,4430.315458,3624,210,0.107689,0.2891
8622000,4361.058096,3604,203,0.090070,0.3438
8624000,4323.354904,3591,223,0.087909,0.3594
8626000,3860.608207,3605,205,0.051148,0.2656
8628000,3753.993270,3578,210,0.036331,0.3359
8630000,3752.558375,3576,235,0.035785,0.3750
8632000,3300.632197,3607,229,0.042292,0.3203
8634000,3309.343704,3615,209,0.041090,0.3516
8636000,3351.686071,3609,228,0.047377,0.3047
8638000,3369.744958,3636,215,0.050072,0.2734
8640000,3369.743786,3610,223,0.049750,0.2969
8642000,3715.436450,3579,235,0.216916,0.3594
8644000,3691.709165,3563,238,0.211995,0.3516
8646000,3688.490424,3576,228,0.212123,0.3516
8648000,3684.054705,3602,223,0.206184,0.2891
8650000,4539.669800,3609,195,0.117474,0.2656
8652000,3964.940753,3622,189,0.098406,0.2422
8654000,3969.537157,3603,196,0.099510,0.2969
8656000,5408.823368,3580,211,0.054436,0.3438
8658000,6277.463439,3591,198,0.761124,0.2266
8660000,6352.234068,3582,206,0.774471,0.3203
8662000,4282.231857,3563,219,0.224469,0.3828
8664000,3882.927492,3575,220,0.055923,0.3281
8666000,6979.731416,3572,216,0.556443,0.3047
8668000,6903.075884,3582,211,0.583785,0.2734
8670000,5992.872642,3539,233,0.302172,0.2266
8672000,5290.274147,3566,218,0.494708,0.2500
8674000,5262.092533,3569,215,0.487494,0.2734
8676000,5108.701306,3578,222,0.365990,0.3359
8678000,5225.300468,3601,223,0.395796,0.2344
8680000,5042.062151,3615,233,0.332690,0.2891
8682000,5210.897396,3619,230,0.367309,0.3281
8684000,5242.556002,3658,205,0.388612,0.2344
8686000,5329.522396,3655,210,0.223868,0.3281
8688000,5338.489372,3636,209,0.214127,0.2969
8690000,5344.275528,3630,211,0.074783,0.3047
8692000,5057.199563,3658,196,0.469128,0.3359
8694000,5312.463303,3623,227,0.460068,0.3203
8696000,5415.540276,3630,199,0.582843,0.2422
8698000,5397.012293,3619,209,0.608616,0.2891
8700000,5345.463615,3634,200,0.602051,0.3281
8702000,4039.061252,3635,191,0.235776,0.2734
8704000,4038.560497,3624,199,0.235490,0.2812
8706000,3857.186470,3648,197,0.260793,0.2969
8708000,3888.682482,3667,170,0.266098,0.2422
8710000,4984.378823,3683,173,0.493489,0.2578
8712000,4979.462433,3695,161,0.475086,0.2734
8714000,4966.286839,3664,182,0.468961,0.2422
8716000,4997.751493,3616,219,0.471888,0.3125
8718000,4969.646057,3636,214,0.471522,0.2500
8720000,4804.684227,3628,213,0.489195,0.2578
8722000,4830.065598,3614,214,0.498847,0.3281
8724000,4807.271370,3577,223,0.498888,0.3438
8726000,4562.808719,3608,205,0.443956,0.2969
8728000,4548.207562,3610,197,0.414629,0.2656
8730000,4551.285885,3631,206,0.416385,0.3047
8732000,4180.040302,3619,204,0.208738,0.3125
8734000,4176.010706,3624,208,0.214854,0.3281
8736000,4095.576717,3605,212,0.398066,0.3516
8738000,4597.481557,3620,206,0.214645,0.2656
8740000,3745.993001,3624,208,0.239216,0.2266
8742000,3752.244867,3617,198,0.242591,0.1797
8744000,4411.615044,3588,218,0.238221,0.3281
8746000,4222.455799,3598,224,0.207503,0.3125
8748000,4222.180026,3601,225,0.199253,0.2734
8750000,4533.723039,3628,210,0.240334,0.2734
8752000,4705.191350,3642,205,0.189287,0.2500
8754000,7305.989525,3661,197,0.719780,0.2344
8756000,7549.933607,3663,206,0.806719,0.3047
8758000,7699.882378,3639,217,0.550468,0.2031
8760000,7958.593444,3676,193,0.568209,0.2578
8762000,7732.763177,3651,192,0.587975,0.3203
8764000,7984.904846,3654,203,0.614201,0.2969
8766000,8037.412802,3651,192,0.615518,0.3047
8768000,8092.034895,3634,205,0.630406,0.3203
8770000,8063.752787,3639,216,0.619611,0.2500
8772000,6968.241434,3642,217,0.607308,0.2656
8774000,8293.702949,3643,214,0.767734,0.2891
8776000,5202.895535,3643,220,0.430280,0.2500
8778000,5025.505866,3647,211,0.355248,0.2812
8780000,6267.190274,3617,225,0.552679,0.2734
8782000,5906.297146,3627,222,0.502700,0.2422
8784000,5985.839579,3612,228,0.547292,0.2344
8786000,4810.632269,3623,217,0.334433,0.2891
8788000,4239.513837,3626,184,0.308443,0.1953
8790000,5271.668530,3618,208,0.405489,0.2656
8792000,5147.933106,3603,209,0.368244,0.2266
8794000,4625.485353,3626,212,0.348734,0.2422
8796000,6049.861356,3615,212,0.508107,0.3203
8798000,6032.868412,3641,233,0.501944,0.2812
8800000,6727.689788,3627,235,0.544964,0.2969
8802000,8966.717069,3621,214,0.773885,0.3125
8804000,8400.841889,3617,226,0.637660,0.3359
8806000,8398.355765,3573,233,0.632564,0.3047
8808000,6693.558585,3585,224,0.511078,0.2109
8810000,4926.804531,3592,223,0.184578,0.3203
8812000,4444.241897,3601,220,0.101568,0.3203
8814000,6241.167698,3594,227,0.335218,0.2578
8816000,5236.358346,3619,208,0.442547,0.2344
8818000,5582.370014,3614,215,0.510079,0.3125
8820000,5627.463442,3595,209,0.488352,0.2812
8822000,5660.904126,3606,201,0.492604,0.2891
8824000,5630.788841,3586,201,0.455618,0.2422
8826000,5760.580751,3549,219,0.287666,0.2969
8828000,6089.349111,3561,213,0.447318,0.2656
8830000,5371.333648,3557,214,0.421724,0.2656
8832000,5444.486822,3525,241,0.403107,0.3047
8834000,5214.384718,3555,240,0.454848,0.3984
8836000,5222.943801,3542,253,0.456653,0.3359
8838000,5615.441166,3541,267,0.486687,0.3203
8840000,6028.581928,3547,250,0.373309,0.3438
8842000,5473.170296,3566,226,0.124226,0.2812
8844000,5191.121321,3573,225,0.140480,0.3359
8846000,6556.467440,3562,230,0.354073,0.3359
8848000,5936.702938,3598,209,0.484558,0.3125
8850000,5987.366112,3578,225,0.489974,0.2578
8852000,5565.539751,3578,220,0.512282,0.2891
8854000,5239.173697,3570,212,0.446071,0.2891
8856000,5860.657541,3535,236,0.616345,0.2734
8858000,5786.418511,3533,235,0.664112,0.3203
8860000,5660.794906,3526,250,0.670063,0.2578
8862000,5585.352859,3521,245,0.666760,0.2812
8864000,4393.300237,3512,244,0.268397,0.2734
8866000,4450.650646,3547,228,0.261905,0.3438
8868000,4468.064265,3557,231,0.261876,0.2812
8870000,4802.618221,3577,214,0.292046,0.2891
8872000,4762.821033,3576,218,0.319395,0.2031
8874000,4756.931968,3590,207,0.314269,0.2500
8876000,3822.990528,3617,196,0.179660,0.3125
8878000,3907.334285,3615,204,0.032641,0.2656
8880000,5844.805144,3607,202,0.335188,0.3281
8882000,4615.798970,3600,209,0.318012,0.2734
8884000,6896.892564,3590,207,0.709009,0.2344
8886000,7010.493114,3578,225,0.713081,0.2656
8888000,8516.791311,3584,211,0.770945,0.2969
8890000,8720.786247,3603,224,0.743080,0.3281
8892000,8205.682366,3636,203,0.746994,0.2578
8894000,7058.503808,3615,208,0.623437,0.2266
8896000,7814.685118,3623,220,0.686138,0.2812
8898000,5622.726968,3605,218,0.365436,0.2812
8900000,7681.249923,3621,208,0.462300,0.2969
8902000,7620.588864,3635,202,0.458179,0.3359
8904000,6552.197218,3634,209,0.335531,0.3281
8906000,6818.515310,3609,223,0.394713,0.2656
8908000,8733.132064,3590,215,0.809984,0.3750
8910000,7046.173368,3580,229,0.571508,0.3125
8912000,5538.668591,3598,225,0.202533,0.2812
8914000,4890.367422,3578,235,0.020662,0.3516
8916000,4677.865676,3574,230,0.446487,0.2812
8918000,4755.691038,3594,229,0.017198,0.2578
8920000,3743.517754,3607,234,0.117982,0.3281
8922000,3610.036935,3607,224,0.113840,0.2969
8924000,5491.818039,3597,232,0.539639,0.3672
8926000,5495.748343,3628,213,0.544290,0.2891
8928000,4945.775120,3654,196,0.510647,0.2812
8930000,6060.115783,3652,186,0.344795,0.2656
8932000,5947.901989,3627,204,0.507577,0.2969
8934000,6070.654485,3615,213,0.518588,0.2969
8936000,5272.243085,3622,209,0.664709,0.2266
8938000,5191.688143,3625,211,0.660508,0.2578
8940000,4918.814129,3633,220,0.365713,0.3125
8942000,4992.566588,3622,197,0.368360,0.2734
8944000,4880.944497,3629,198,0.432930,0.3047
8946000,3739.204769,3645,177,0.275940,0.2578
8948000,3738.827801,3636,182,0.265018,0.2656
8950000,3504.382692,3611,212,0.261945,0.3203
8952000,3836.766093,3615,197,0.404312,0.2344
8954000,3831.486346,3615,182,0.358913,0.2734
8956000,4130.789213,3610,201,0.498633,0.3281
8958000,4046.850239,3607,215,0.503103,0.2891
8960000,4032.251482,3608,219,0.497787,0.2891
8962000,4874.830083,3591,222,0.243188,0.2734
8964000,5148.241938,3615,218,0.289978,0.3359
8966000,5073.246679,3584,219,0.303200,0.3047
8968000,5066.066629,3604,216,0.291559,0.2422
8970000,5143.944408,3617,204,0.279665,0.2891
8972000,5131.484725,3594,211,0.286673,0.2891
8974000,5107.782899,3608,232,0.280527,0.2578
8976000,5091.165800,3610,215,0.206331,0.3828
8978000,5099.954117,3607,224,0.208696,0.2734
8980000,5279.221921,3639,205,0.171016,0.2422
8982000,5332.395772,3635,208,0.187105,0.2969
8984000,6303.586451,3656,183,0.496000,0.3203
8986000,6268.010264,3647,200,0.430281,0.2812
8988000,4659.403842,3628,206,0.116558,0.2422
8990000,5038.995972,3658,190,0.176332,0.3594
8992000,3866.600196,3642,201,0.044549,0.3594
8994000,3938.955447,3599,221,0.049082,0.1875
8996000,4840.573991,3634,208,0.119258,0.3047
8998000,4291.069735,3644,204,0.266872,0.2891
9000000,3856.211160,3638,217,0.281376,0.2656
9002000,4045.854887,3669,208,0.445263,0.2734
9004000,4315.661024,3628,220,0.289217,0.2500
9006000,4284.360739,3623,216,0.235301,0.3281
9008000,3669.904412,3630,217,0.016178,0.2109
9010000,3652.854222,3637,213,0.009837,0.2812
9012000,3623.652961,3614,217,0.007695,0.2422
9014000,3623.715600,3638,209,0.016315,0.2891
9016000,3678.914837,3609,220,0.017092,0.2188
9018000,3859.545581,3581,233,0.024386,0.3125
9020000,3961.885597,3577,230,0.036620,0.3203
9022000,3727.864426,3579,230,0.018218,0.3125
9024000,4159.700860,3546,235,0.124701,0.2812
9026000,4081.493270,3586,231,0.080201,0.2891
9028000,4350.559003,3569,235,0.140858,0.3047
9030000,4375.153199,3606,213,0.142570,0.3359
9032000,4428.709248,3618,221,0.140274,0.2578
9034000,4458.146980,3605,226,0.145776,0.3047
9036000,4303.027834,3602,215,0.117293,0.3125
9038000,4360.604787,3629,190,0.286568,0.2812
9040000,4148.775806,3622,199,0.139586,0.2656
9042000,4136.742397,3624,211,0.139965,0.2656
9044000,4342.828260,3637,209,0.166917,0.2500
9046000,4328.554358,3641,206,0.189460,0.2656
9048000,4114.794261,3631,206,0.182780,0.3047
9050000,5772.295288,3639,198,0.445890,0.2812
9052000,5038.135922,3660,205,0.295168,0.2656
9054000,5035.761380,3641,219,0.373418,0.3359
9056000,5960.756875,3601,213,0.351508,0.3750
9058000,5604.602484,3585,218,0.306098,0.3125
9060000,5823.912732,3565,238,0.309645,0.3047
9062000,5974.162454,3576,233,0.173367,0.3984
9064000,5834.036001,3586,231,0.318600,0.3516
9066000,5827.045801,3606,218,0.320448,0.3438
9068000,5377.129906,3615,210,0.224293,0.2344
9070000,4670.287460,3638,203,0.110426,0.2500
9072000,5226.085954,3641,203,0.240683,0.2266
9074000,5802.956783,3596,216,0.398840,0.2266
9076000,5750.198401,3602,208,0.421305,0.3438
9078000,5131.519939,3603,213,0.305844,0.2969
9080000,3700.403978,3615,218,0.093503,0.2422
9082000,4149.364343,3619,222,0.334800,0.3516
9084000,4391.725674,3599,225,0.377622,0.2969
9086000,4539.106714,3598,227,0.422931,0.3594
9088000,5762.891146,3614,212,0.637324,0.2734
9090000,4334.472408,3636,194,0.394910,0.2734
9092000,4425.344940,3649,197,0.393768,0.3594
9094000,4858.220554,3657,203,0.284685,0.3594
9096000,5539.123920,3636,207,0.379574,0.3438
9098000,5739.809168,3610,222,0.460512,0.3359
9100000,5639.788570,3613,211,0.434984,0.2734
9102000,5535.493450,3619,205,0.427556,0.2266
9104000,4788.487434,3633,220,0.277563,0.3125
9106000,4956.795631,3646,216,0.358312,0.2422
9108000,5051.902828,3625,229,0.209387,0.2969
9110000,5558.945830,3609,222,0.268818,0.2656
9112000,5750.549386,3610,222,0.364475,0.3047
9114000,5901.497677,3634,210,0.373364,0.2812
9116000,6058.171233,3637,192,0.439860,0.2656
9118000,5936.978479,3677,171,0.363257,0.2969
9120000,5103.325908,3673,187,0.274275,0.2812
9122000,5173.718193,3660,200,0.257465,0.3125
9124000,4767.985419,3632,211,0.326866,0.2500
9126000,4343.067565,3595,217,0.310413,0.2812
9128000,4626.766455,3622,212,0.351088,0.2812
9130000,4643.260733,3632,214,0.319964,0.2891
9132000,4995.938372,3623,215,0.250962,0.2578
9134000,5075.080514,3633,216,0.310471,0.2812
9136000,4752.718253,3633,216,0.247705,0.2891
9138000,5360.436567,3609,211,0.308075,0.3125
9140000,5398.862697,3609,223,0.392354,0.3047
9142000,5295.784650,3611,212,0.281357,0.2891
9144000,5438.806837,3626,200,0.314269,0.2656
9146000,4641.453104,3620,222,0.266528,0.2500
9148000,4670.148591,3641,200,0.269906,0.3438
9150000,4116.617844,3624,217,0.072146,0.2266
9152000,4096.370657,3606,215,0.106362,0.2891
9154000,4135.101913,3579,212,0.107335,0.3359
9156000,4057.208926,3577,239,0.056194,0.2500
9158000,4234.043861,3568,240,0.224787,0.2891
9160000,4241.198849,3587,224,0.231978,0.2500
9162000,4301.017807,3575,223,0.305584,0.2578
9164000,4022.080775,3540,234,0.224063,0.2812
9166000,4456.324929,3571,219,0.439773,0.2344
9168000,4015.992596,3582,221,0.155724,0.2969
9170000,4274.160570,3613,212,0.184302,0.3125
9172000,4267.059795,3614,213,0.137254,0.2812
9174000,4001.518393,3601,206,0.289756,0.2734
9176000,3901.252561,3617,216,0.305872,0.4141
9178000,3714.636322,3626,209,0.221500,0.1953
9180000,3648.610914,3638,194,0.218908,0.3125
9182000,3675.160252,3627,219,0.217853,0.3359
9184000,3942.847882,3611,235,0.096979,0.2734
9186000,4420.632386,3609,229,0.077519,0.3203
9188000,4459.240003,3604,231,0.032287,0.3203
9190000,4253.844383,3604,234,0.006181,0.2969
9192000,3775.930244,3612,221,0.044157,0.2969
9194000,3610.693512,3625,216,0.004558,0.2656
9196000,3693.425083,3607,230,0.008644,0.3125
9198000,3692.310001,3606,243,0.008190,0.3203
9200000,3690.326968,3632,231,0.009549,0.2969
9202000,3478.384492,3638,203,0.144327,0.3281
9204000,3453.146538,3637,215,0.033371,0.3203
9206000,3448.497858,3642,229,0.034856,0.3125
9208000,3469.721097,3647,207,0.017456,0.2969
9210000,3519.079893,3650,197,0.012360,0.2656
9212000,3534.185995,3637,207,0.013925,0.2734
9214000,3841.829705,3626,212,0.303690,0.3438
9216000,3833.101544,3612,214,0.296719,0.2734
9218000,3846.122196,3638,222,0.321682,0.3047
9220000,3636.919314,3646,200,0.295966,0.2734
9222000,3661.335446,3649,221,0.305944,0.3281
9224000,3591.371757,3637,218,0.304596,0.3125
9226000,3635.265861,3641,208,0.309322,0.2734
9228000,3688.592732,3631,223,0.320013,0.3828
9230000,3720.857349,3629,228,0.319178,0.3672
9232000,3584.826234,3657,217,0.310829,0.2969
9234000,3493.202771,3664,199,0.367153,0.2812
9236000,3481.842285,3666,218,0.368081,0.2656
9238000,3389.430088,3668,187,0.351119,0.3125
9240000,3914.629716,3689,192,0.348325,0.1953
9242000,3680.546968,3685,185,0.032775,0.2188
9244000,3148.351675,3668,187,0.096426,0.2891
9246000,3139.053720,3645,206,0.100137,0.3203
9248000,3315.613220,3639,195,0.020683,0.3125
9250000,3319.844012,3638,186,0.016823,0.2891
9252000,3357.651719,3656,181,0.018042,0.2812
9254000,3321.154527,3654,180,0.017432,0.3125
9256000,3318.296429,3636,195,0.021546,0.2891
9258000,4780.986946,3638,196,0.502513,0.2734
9260000,6835.964506,3642,197,0.584423,0.3828
9262000,6785.024697,3652,189,0.587924,0.2734
9264000,6813.242425,3638,204,0.581840,0.2578
9266000,6808.397319,3634,209,0.583398,0.3047
9268000,6840.509760,3648,196,0.599704,0.2578
9270000,4930.529255,3634,200,0.346099,0.3281
9272000,5014.386922,3629,207,0.362034,0.2578
9274000,5002.134311,3602,222,0.367050,0.2891
9276000,4968.869367,3623,200,0.358724,0.2969
9278000,4936.465943,3596,217,0.328392,0.2109
9280000,4971.234026,3635,229,0.311616,0.2969
9282000,6790.734135,3615,220,0.559154,0.3672
9284000,6847.923744,3590,224,0.651090,0.2812
9286000,7110.454473,3608,233,0.684924,0.3125
9288000,4105.080058,3619,217,0.309267,0.2812
9290000,8151.635616,3638,198,0.784009,0.2891
9292000,7702.382778,3636,185,0.576817,0.3203
9294000,7640.987742,3628,211,0.571583,0.3125
9296000,5168.321461,3628,227,0.436679,0.2734
9298000,9217.999268,3625,211,0.753631,0.3203
9300000,7103.860953,3630,217,0.729439,0.2812
9302000,7043.595137,3631,212,0.732539,0.3203
9304000,7065.510031,3646,203,0.731981,0.2344
9306000,7126.570548,3660,193,0.733484,0.2969
9308000,7139.720633,3649,194,0.734758,0.2734
9310000,8123.717075,3620,194,0.776953,0.1953
9312000,8307.706928,3608,195,0.782663,0.2812
9314000,8283.129886,3589,201,0.779281,0.3203
9316000,7687.159973,3582,203,0.670953,0.2656
9318000,8038.898755,3603,198,0.713356,0.2344
9320000,3949.780902,3619,201,0.040783,0.2578
9322000,3494.944796,3634,201,0.064122,0.2969
9324000,8054.045216,3620,209,0.824023,0.3438
9326000,8120.247187,3626,216,0.826118,0.2500
9328000,8144.646375,3632,220,0.825764,0.2422
9330000,8501.531617,3644,218,0.808326,0.2188
9332000,4044.083784,3621,223,0.120070,0.3281
9334000,5249.712176,3627,213,0.535297,0.2734
9336000,5537.644555,3652,210,0.586548,0.2656
9338000,5573.609671,3653,203,0.607195,0.3125
9340000,5550.553142,3629,212,0.615044,0.3438
9342000,5476.892383,3634,210,0.606100,0.3203
9344000,5135.589314,3635,192,0.360523,0.2266
9346000,5103.052931,3635,203,0.341282,0.2656
9348000,3665.863815,3625,205,0.053540,0.2656
9350000,3655.276248,3626,211,0.061336,0.3047
9352000,3283.593317,3623,181,0.041895,0.3516
9354000,3135.523610,3630,208,0.148977,0.3672
9356000,3166.011159,3633,193,0.158529,0.2422
9358000,4507.476520,3617,204,0.381667,0.2422
9360000,4888.245272,3608,218,0.588995,0.3047
9362000,4860.638933,3600,224,0.596104,0.3359
9364000,3743.465274,3591,247,0.197974,0.3516
9366000,3725.746746,3613,231,0.169391,0.2578
9368000,3695.817385,3624,210,0.163646,0.3438
9370000,3704.242897,3632,213,0.165692,0.3359
9372000,3739.525195,3649,206,0.162304,0.2422
9374000,4904.995913,3650,204,0.431868,0.2500
9376000,3467.419226,3643,210,0.226112,0.2891
9378000,5081.506491,3654,207,0.324689,0.3281
9380000,5055.268531,3664,208,0.317770,0.3516
9382000,5071.942164,3626,225,0.318368,0.2500
9384000,5076.834511,3611,223,0.315605,0.3281
9386000,6681.589999,3629,217,0.678934,0.3359
9388000,6415.626080,3654,218,0.620932,0.2891
9390000,6403.233047,3626,220,0.621725,0.3281
9392000,6069.780671,3633,204,0.636534,0.2812
9394000,6048.195896,3632,203,0.638139,0.2422
9396000,6054.115863,3630,205,0.639071,0.3281
9398000,5612.103791,3607,210,0.509384,0.3203
9400000,5607.702029,3624,213,0.503296,0.3203
9402000,5744.117533,3617,219,0.686277,0.3203
9404000,4519.133542,3617,210,0.376823,0.2812
9406000,4531.029520,3631,209,0.377584,0.2031
9408000,4521.777274,3640,188,0.374407,0.2344
9410000,4742.113640,3659,198,0.393754,0.2891
9412000,4722.681194,3627,214,0.407781,0.3359
9414000,4710.724621,3648,205,0.406476,0.3984
9416000,5882.549087,3655,192,0.606400,0.2734
9418000,5324.406442,3632,210,0.629209,0.2969
9420000,5338.303668,3607,215,0.632931,0.3047
9422000,5528.155268,3598,222,0.574563,0.3828
9424000,5811.682751,3595,214,0.603425,0.2812
9426000,5711.874430,3598,200,0.672640,0.2891
9428000,5571.170721,3572,204,0.633113,0.2734
9430000,5576.973974,3577,207,0.638051,0.3125
9432000,3707.238364,3575,215,0.197920,0.2812
9434000,3733.354002,3575,228,0.188867,0.2344
9436000,6209.876844,3598,229,0.724631,0.2734
9438000,6379.969898,3611,225,0.772902,0.2734
9440000,4923.849514,3609,202,0.633910,0.2891
9442000,4879.906632,3599,187,0.654453,0.2656
9444000,4799.738313,3593,203,0.663967,0.3516
9446000,4966.014324,3590,211,0.544134,0.2812
9448000,5077.213688,3589,192,0.639431,0.3281
9450000,5352.545987,3598,199,0.702586,0.2266
9452000,5714.214821,3583,213,0.731667,0.2578
9454000,5199.174099,3559,222,0.483388,0.3047
9456000,5206.576029,3553,226,0.485220,0.3125
9458000,5412.134863,3578,216,0.710705,0.2266
9460000,5404.809204,3571,215,0.712606,0.3516
9462000,5477.836746,3565,212,0.708363,0.3672
9464000,5515.969477,3569,212,0.703208,0.2969
9466000,5407.726024,3579,209,0.698776,0.2891
9468000,5434.832279,3607,196,0.710017,0.2500
9470000,5421.600293,3592,214,0.712949,0.2578
9472000,5764.719655,3597,198,0.669384,0.2891
9474000,5793.960094,3569,194,0.681699,0.2812
9476000,5791.279147,3604,204,0.680790,0.2500
9478000,5787.956778,3618,206,0.672546,0.2656
9480000,5784.121264,3614,203,0.699825,0.2422
9482000,4681.294584,3593,204,0.528223,0.2656
9484000,5573.179235,3605,194,0.533024,0.2188
9486000,5670.140499,3577,201,0.584353,0.3750
9488000,5365.302873,3580,203,0.467376,0.2578
9490000,5441.040962,3559,221,0.525318,0.2578
9492000,5764.261126,3558,234,0.507685,0.3594
9494000,4646.173030,3578,217,0.157718,0.3594
9496000,5193.101163,3550,226,0.564639,0.2500
9498000,5197.659735,3575,191,0.579187,0.3125
9500000,5164.480160,3562,202,0.597494,0.3125
9502000,4705.646543,3554,226,0.371325,0.2734
9504000,4694.001493,3522,230,0.354175,0.2891
9506000,4737.222685,3515,248,0.378074,0.3594
9508000,4751.087223,3557,244,0.374327,0.3203
9510000,4213.296297,3562,238,0.430982,0.2578
9512000,4282.020589,3567,247,0.452253,0.2734
9514000,4758.372651,3598,233,0.411651,0.2969
9516000,5435.084058,3608,222,0.505532,0.2656
9518000,4784.108946,3585,219,0.307146,0.2812
9520000,4740.884306,3573,238,0.318103,0.3281
9522000,4798.608181,3569,234,0.318299,0.3125
9524000,5232.116328,3580,228,0.337848,0.2969
9526000,5160.114271,3545,245,0.377739,0.3281
9528000,4492.293613,3563,225,0.254529,0.1719
9530000,4337.886083,3580,235,0.248034,0.3125
9532000,4431.864311,3609,226,0.216928,0.2578
9534000,5129.108049,3592,216,0.458390,0.2656
9536000,5134.334431,3597,211,0.481998,0.2578
9538000,4852.362848,3563,237,0.401300,0.3438
9540000,5057.342662,3582,219,0.463802,0.2891
9542000,5820.890458,3612,194,0.563606,0.2422
9544000,5813.428657,3579,211,0.564505,0.2188
9546000,4919.442290,3601,210,0.257540,0.3438
9548000,4934.457802,3599,213,0.256698,0.3438
9550000,4968.359950,3593,219,0.257238,0.3125
9552000,4877.963039,3614,201,0.252172,0.2656
9554000,4933.887268,3590,208,0.255083,0.2578
9556000,5187.915665,3582,220,0.445220,0.2422
9558000,5118.419523,3599,212,0.536369,0.2188
9560000,6839.277573,3614,207,0.706494,0.1953
9562000,6931.272084,3613,203,0.725147,0.3438
9564000,5941.927423,3609,203,0.418900,0.2734
9566000,6394.718727,3599,214,0.551176,0.3516
9568000,6308.405246,3593,233,0.561928,0.2266
9570000,6970.352751,3606,221,0.774568,0.2969
9572000,6926.916644,3607,214,0.769359,0.2188
9574000,7579.656432,3610,210,0.781647,0.3047
9576000,7063.864589,3622,207,0.773268,0.2266
9578000,6597.268593,3641,205,0.690623,0.2969
9580000,6529.351451,3618,233,0.702555,0.2969
9582000,6587.712715,3606,219,0.707086,0.2891
9584000,7319.398103,3586,220,0.774222,0.2969
9586000,7348.774642,3602,206,0.774078,0.2422
9588000,6921.445040,3574,227,0.774374,0.2500
9590000,6317.147991,3592,206,0.327476,0.2969
9592000,9859.162338,3583,202,0.804792,0.3125
9594000,5513.336828,3559,220,0.201047,0.3203
9596000,8472.773070,3591,204,0.673308,0.3516
9598000,8035.550880,3612,186,0.721016,0.2500
9600000,8666.790805,3608,181,0.822905,0.2344
9602000,8903.337993,3629,177,0.857169,0.2109
9604000,6834.640019,3626,175,0.567082,0.2656
9606000,5863.281127,3623,195,0.504534,0.2812
9608000,5879.998257,3614,197,0.507823,0.2578
9610000,5869.748624,3611,193,0.512120,0.3516
9612000,6253.929690,3612,206,0.544578,0.2578
9614000,5137.812078,3604,217,0.521665,0.2812
9616000,5528.176773,3632,206,0.358144,0.2344
9618000,4774.546567,3630,191,0.468869,0.2500
9620000,5480.233520,3608,195,0.296856,0.2969
9622000,5083.897897,3634,200,0.295885,0.3125
9624000,5102.667825,3619,203,0.300598,0.3203
9626000,5397.277339,3622,199,0.358988,0.2656
9628000,4743.360969,3618,200,0.497395,0.2422
9630000,5159.587114,3607,206,0.613900,0.3125
9632000,4233.284979,3590,205,0.395407,0.2500
9634000,4240.488991,3604,198,0.398947,0.2891
9636000,4866.135448,3590,209,0.298833,0.3281
9638000,5257.809278,3579,220,0.631519,0.2656
9640000,5291.014639,3586,226,0.643041,0.2188
9642000,4258.229831,3578,222,0.454123,0.3203
9644000,4183.220473,3571,207,0.460607,0.2188
9646000,3862.207562,3579,206,0.410109,0.3047
9648000,3862.998742,3569,227,0.414294,0.3125
9650000,5039.742053,3558,224,0.553898,0.3984
9652000,3414.845752,3589,215,0.289716,0.2891
9654000,3045.888919,3576,223,0.173347,0.2891
9656000,5578.397844,3565,213,0.631288,0.3203
9658000,5575.856148,3596,214,0.588403,0.3594
9660000,3967.911808,3592,219,0.243925,0.2422
9662000,4008.460754,3610,235,0.224608,0.2734
9664000,4018.242259,3591,227,0.223523,0.2891
9666000,4857.992292,3593,219,0.288074,0.3203
9668000,3796.492257,3585,231,0.256896,0.3594
9670000,3313.163319,3574,213,0.261498,0.3203
9672000,3278.692908,3552,225,0.265138,0.3203
9674000,3205.097324,3580,219,0.287162,0.3281
9676000,3183.262455,3593,209,0.297951,0.2422
9678000,3184.265786,3595,216,0.259575,0.3125
9680000,2921.662409,3556,222,0.140531,0.2969
9682000,2688.690052,3563,216,0.150528,0.3594
9684000,2735.455504,3608,212,0.146326,0.3203
9686000,2816.482588,3565,230,0.149513,0.2422
9688000,2780.957397,3576,211,0.172452,0.2812
9690000,3072.380235,3543,236,0.228703,0.3906
9692000,2978.178190,3577,219,0.184696,0.3125
9694000,2774.587795,3565,218,0.157906,0.3203
9696000,2765.717732,3540,227,0.149728,0.3750
9698000,2744.456700,3563,227,0.119384,0.3203
9700000,2867.566528,3553,214,0.159100,0.3516
9702000,2927.865391,3551,230,0.190871,0.3594
9704000,3635.608524,3575,225,0.041891,0.3281
9706000,3641.956756,3607,206,0.026684,0.2812
9708000,4904.762640,3616,220,0.191392,0.3438
9710000,4781.218208,3585,223,0.303906,0.2969
9712000,4775.772031,3594,216,0.306483,0.2969
9714000,4484.560530,3574,211,0.226367,0.3359
9716000,4223.159831,3545,233,0.264710,0.2969
9718000,4416.746375,3564,214,0.415268,0.2656
9720000,4411.780365,3546,224,0.412330,0.3359
9722000,4428.952142,3547,219,0.437300,0.2734
9724000,4351.403816,3543,209,0.272287,0.2266
9726000,4431.092852,3541,217,0.278641,0.3203
9728000,4563.978817,3550,232,0.314344,0.2812
9730000,3947.302144,3536,216,0.339149,0.3906
9732000,3943.427166,3545,197,0.335102,0.2266
9734000,3963.412248,3543,226,0.304539,0.2891
9736000,4010.850221,3548,229,0.284126,0.3359
9738000,4022.646546,3547,223,0.280612,0.3047
9740000,4055.007021,3537,231,0.268779,0.3906
9742000,4561.506083,3546,238,0.234153,0.3672
9744000,4423.510726,3550,226,0.103158,0.3359
9746000,5075.673862,3545,227,0.399238,0.2656
9748000,5075.771989,3544,228,0.530518,0.3047
9750000,5043.941203,3579,201,0.532877,0.3359
9752000,4793.331937,3552,214,0.619712,0.3438
9754000,4169.094039,3559,208,0.538757,0.2891
9756000,4336.070551,3569,198,0.545228,0.2578
9758000,4326.270000,3561,212,0.544126,0.2812
9760000,4311.448719,3559,206,0.541417,0.2656
9762000,4300.235893,3539,234,0.551551,0.3125
9764000,4320.273676,3556,226,0.547853,0.3438
9766000,4176.223051,3555,215,0.578183,0.2969
9768000,4161.857308,3547,209,0.574001,0.3047
9770000,4684.548325,3528,234,0.635242,0.3125
9772000,5081.273054,3581,206,0.715093,0.2344
9774000,5079.109417,3539,243,0.715851,0.3281
9776000,3531.832135,3532,253,0.410538,0.3359
9778000,3241.746531,3530,239,0.248999,0.3047
9780000,3014.145195,3495,262,0.252727,0.2812
9782000,2947.235805,3543,249,0.223880,0.2891
9784000,2921.543844,3543,250,0.225271,0.3516
9786000,2874.256015,3573,222,0.162424,0.2656
9788000,2907.776977,3559,226,0.200697,0.2812
9790000,2897.607109,3531,236,0.211819,0.2656
9792000,2920.598806,3533,252,0.221413,0.3281
9794000,2920.366553,3543,247,0.212560,0.2969
9796000,2961.978586,3547,254,0.180853,0.3203
9798000,2978.010527,3546,245,0.183133,0.3516
9800000,2936.629507,3597,231,0.183642,0.2500
9802000,2854.524563,3599,250,0.175669,0.2891
9804000,2853.803836,3617,218,0.180108,0.3047
9806000,2849.485521,3584,213,0.176465,0.2500
9808000,2802.213497,3595,225,0.174922,0.3047
9810000,2650.695743,3618,204,0.164388,0.3281
9812000,2674.401175,3586,215,0.166940,0.3438
9814000,2690.289260,3545,231,0.154606,0.3125
9816000,3279.454767,3586,216,0.486575,0.2969
9818000,3290.280254,3569,213,0.486859,0.3125
9820000,3306.383743,3576,211,0.486083,0.3047
9822000,3353.066895,3582,214,0.496524,0.3203
9824000,3315.538431,3566,233,0.499069,0.2891
9826000,4436.182816,3560,230,0.623964,0.2891
9828000,4466.541578,3558,225,0.626474,0.3438
9830000,4492.019167,3583,231,0.623039,0.2656
9832000,4530.208021,3578,245,0.623788,0.2969
9834000,4193.368870,3613,238,0.410747,0.2969
9836000,4090.832230,3612,233,0.399504,0.3281
9838000,4252.112751,3602,222,0.429835,0.2656
9840000,4227.061359,3614,228,0.357864,0.3203
9842000,4229.435755,3585,248,0.357200,0.3984
9844000,4430.587706,3579,234,0.495768,0.2500
9846000,4426.846626,3593,218,0.490785,0.2656
9848000,4406.026664,3576,218,0.470254,0.3594
9850000,4352.926988,3570,227,0.470078,0.3516
9852000,4632.783286,3549,232,0.611154,0.2188
9854000,4709.802931,3558,229,0.608876,0.2891
9856000,4568.516116,3564,220,0.604426,0.3281
9858000,4520.380279,3602,215,0.586235,0.3594
9860000,4724.128127,3602,217,0.462861,0.2500
9862000,4520.131056,3588,208,0.541444,0.2812
9864000,4664.409608,3553,226,0.412032,0.2891
9866000,4954.645055,3555,214,0.316422,0.3516
9868000,4689.433564,3544,218,0.354214,0.3281
9870000,4495.867721,3579,216,0.287945,0.2656
9872000,4462.539765,3565,237,0.307169,0.3281
9874000,4571.023114,3568,226,0.330550,0.3203
9876000,4541.458480,3566,235,0.316172,0.3281
9878000,4401.423235,3579,209,0.309143,0.3281
9880000,4358.285191,3573,213,0.369365,0.3125
9882000,4352.304036,3556,219,0.377032,0.3438
9884000,4376.623597,3545,224,0.379092,0.3750
9886000,4730.056039,3536,239,0.473270,0.4062
9888000,4735.378249,3570,224,0.467003,0.2500
9890000,4352.223054,3568,225,0.440427,0.4219
9892000,3521.316560,3569,232,0.481001,0.3594
9894000,3531.026544,3604,204,0.459626,0.3281
9896000,3984.868323,3623,195,0.267388,0.2812
9898000,4485.839855,3646,199,0.148397,0.2734
9900000,4500.173115,3643,193,0.150659,0.2891
9902000,4500.774443,3642,190,0.006265,0.2969
9904000,6261.827054,3598,211,0.296712,0.2891
9906000,6260.517557,3597,213,0.299459,0.2812
9908000,6180.847680,3572,205,0.370249,0.3281
9910000,5973.848956,3579,215,0.433588,0.2500
9912000,6287.123625,3588,227,0.349640,0.3281
9914000,6475.061982,3593,214,0.286397,0.2734
9916000,4403.176411,3591,211,0.201373,0.3125
9918000,4822.445796,3589,219,0.282131,0.4141
9920000,4733.416491,3592,214,0.274826,0.2969
9922000,5981.068716,3619,186,0.412976,0.3594
9924000,4625.734522,3640,195,0.041851,0.2734
9926000,4845.494332,3653,180,0.019899,0.2734
9928000,4234.775527,3653,199,0.325158,0.3359
9930000,4252.746402,3664,188,0.321991,0.3125
9932000,4103.905337,3634,201,0.301632,0.2578
9934000,4117.079559,3627,208,0.305348,0.2969
9936000,4436.897653,3658,188,0.348300,0.3125
9938000,4546.431884,3645,205,0.338454,0.2812
9940000,5035.447698,3636,213,0.409953,0.2266
9942000,5098.233061,3640,208,0.310232,0.2266
9944000,4889.882716,3616,224,0.291388,0.2891
9946000,4312.914821,3604,211,0.167350,0.3125
9948000,4320.127390,3604,219,0.163270,0.2578
9950000,4333.536890,3616,213,0.164016,0.3203
9952000,5680.827659,3605,220,0.406264,0.3516
9954000,5714.482632,3581,218,0.426346,0.3047
9956000,5671.322830,3580,214,0.429317,0.3359
9958000,4739.346066,3602,223,0.335188,0.2734
9960000,4900.334136,3595,222,0.160250,0.2344
9962000,4875.958804,3605,208,0.155109,0.3047
9964000,5956.665277,3554,224,0.238190,0.2812
9966000,6001.389515,3535,233,0.246521,0.3125
9968000,6218.214379,3524,236,0.039250,0.3359
9970000,5602.383135,3542,217,0.021287,0.3359
9972000,5500.807059,3520,230,0.157218,0.3203
9974000,5428.837781,3511,230,0.161981,0.3281
9976000,6695.863535,3543,208,0.425296,0.3438
9978000,6758.196355,3513,212,0.429456,0.3906
9980000,6590.619116,3529,212,0.493854,0.2891
9982000,6511.967462,3554,203,0.615357,0.3125
9984000,6424.612415,3557,214,0.629402,0.2891
9986000,6624.905111,3539,226,0.560314,0.2422
9988000,5539.336444,3555,211,0.226558,0.2578
9990000,5627.143204,3564,213,0.250632,0.3672
9992000,5385.869260,3562,214,0.251212,0.2500
9994000,5406.433186,3555,211,0.403367,0.2266
9996000,7418.768002,3575,208,0.662428,0.3203
9998000,7408.585711,3581,216,0.660536,0.2891
10000000,7448.654359,3553,235,0.680624,0.3203
10002000,7918.350011,3552,217,0.712386,0.2891
10004000,6905.217031,3550,219,0.591583,0.3359
10006000,7676.869756,3511,245,0.716055,0.2812
10008000,7730.120778,3524,228,0.718502,0.2969
10010000,6704.177598,3525,231,0.673438,0.3281
10012000,7237.157372,3528,232,0.626050,0.3438
10014000,7232.944433,3539,228,0.661368,0.2656
10016000,7823.298448,3564,224,0.779349,0.3125
10018000,7269.049091,3541,230,0.739677,0.3359
10020000,5988.408637,3543,243,0.540381,0.2500
10022000,4860.534273,3552,219,0.069222,0.3125
10024000,7795.743842,3546,211,0.605394,0.3281
10026000,6940.294517,3540,220,0.485181,0.2656
10028000,6801.112922,3539,228,0.502142,0.3281
10030000,6883.299844,3550,230,0.507674,0.3203
10032000,7333.735517,3525,237,0.518299,0.3672
10034000,6961.658330,3541,246,0.543884,0.3984
10036000,7546.218910,3529,241,0.693132,0.3828
10038000,6127.886627,3530,252,0.728875,0.2344
10040000,7669.296384,3520,243,0.829410,0.2891
10042000,5376.890821,3509,240,0.533567,0.3359
10044000,5111.090702,3505,223,0.464641,0.3438
10046000,5073.560063,3508,246,0.461511,0.3125
10048000,5080.783504,3534,244,0.457594,0.2969
10050000,5029.358048,3515,225,0.454745,0.2656
10052000,7432.906371,3507,237,0.670421,0.3828
10054000,3703.256546,3496,254,0.003078,0.3594
10056000,3711.110877,3520,253,0.002442,0.2891
10058000,3986.941497,3508,247,0.017815,0.3750
10060000,8500.996682,3540,240,0.747087,0.2734
10062000,6922.181557,3553,233,0.807829,0.2578
10064000,6945.083697,3538,244,0.808700,0.3594
10066000,7139.640402,3568,219,0.821267,0.2656
10068000,6707.677036,3564,215,0.798941,0.3203
10070000,6704.767615,3571,221,0.797946,0.2812
10072000,6755.125926,3567,211,0.801102,0.3047
10074000,6708.548778,3570,210,0.795537,0.2812
10076000,7575.666602,3563,208,0.726299,0.3438
10078000,8081.989085,3568,224,0.742436,0.3438
10080000,7896.991788,3557,221,0.773360,0.3047
10082000,7641.707151,3519,244,0.703995,0.3359
10084000,7608.960411,3525,253,0.705489,0.2969
10086000,7593.641000,3537,229,0.704804,0.2812
10088000,6245.580184,3517,231,0.518433,0.3750
10090000,6286.109439,3519,228,0.521824,0.2969
10092000,5969.635217,3529,236,0.294807,0.3047
10094000,7088.349839,3530,236,0.654578,0.3906
10096000,6988.890593,3525,248,0.631541,0.2969
10098000,8369.164616,3511,270,0.730929,0.3125
10100000,8741.876751,3524,256,0.766964,0.3125
10102000,5291.939591,3499,252,0.454323,0.3828
10104000,4645.850081,3509,234,0.144089,0.2578
10106000,4768.803828,3559,222,0.193962,0.3125
10108000,4863.861249,3569,207,0.115709,0.3047
10110000,4043.566562,3574,196,0.042153,0.2891
10112000,4746.092775,3567,208,0.134508,0.3594
10114000,5926.037843,3563,217,0.155397,0.3047
10116000,5303.169134,3581,210,0.129426,0.2812
10118000,5343.030019,3567,235,0.127195,0.3125
10120000,5274.625956,3577,219,0.142380,0.2734
10122000,4870.265003,3562,225,0.320851,0.3203
10124000,4934.870424,3549,234,0.316235,0.2500
10126000,4942.625935,3528,256,0.320174,0.3594
10128000,6204.797156,3521,250,0.595141,0.3281
10130000,4075.193902,3480,253,0.059346,0.3047
10132000,4255.032586,3490,251,0.069555,0.2656
10134000,4273.881319,3534,218,0.090865,0.3281
10136000,4273.676874,3533,224,0.091360,0.3125
10138000,4775.787816,3541,219,0.203142,0.2969
10140000,4949.756922,3570,203,0.125738,0.3281
10142000,4814.189133,3566,228,0.091107,0.3672
10144000,4975.445953,3568,237,0.135431,0.2812
10146000,4977.496185,3552,232,0.117771,0.2969
10148000,5611.716818,3555,232,0.151395,0.3047
10150000,5465.067633,3583,215,0.352774,0.3594
10152000,4798.647952,3604,196,0.261343,0.2500
10154000,5010.229306,3592,188,0.228849,0.1875
10156000,4971.788453,3591,205,0.211345,0.2969
10158000,4933.244448,3599,199,0.182260,0.3281
10160000,3911.543948,3608,202,0.086976,0.2578
10162000,3851.100711,3605,212,0.066984,0.2500
10164000,4464.616416,3612,209,0.006706,0.2578
10166000,4508.660064,3608,220,0.028850,0.2500
10168000,4443.060201,3621,205,0.004018,0.2734
10170000,4420.392572,3619,214,0.004169,0.3047
10172000,4364.111942,3628,212,0.016403,0.2109
10174000,4440.123091,3616,205,0.011372,0.3281
10176000,4244.388969,3630,193,0.020261,0.2891
10178000,4329.257889,3642,211,0.067237,0.3047
10180000,5115.244098,3606,228,0.549926,0.3047
10182000,5111.895755,3603,236,0.558483,0.2344
10184000,5096.301709,3607,229,0.505327,0.3047
10186000,3999.586499,3615,213,0.210960,0.2734
10188000,3952.146904,3625,193,0.018321,0.2500
10190000,4260.420213,3616,215,0.041218,0.3359
10192000,4285.709537,3618,217,0.054200,0.3125
10194000,4882.708254,3627,204,0.322776,0.2812
10196000,4686.849443,3612,218,0.155204,0.2656
10198000,4526.787413,3620,215,0.115813,0.2734
10200000,5154.496211,3638,220,0.293252,0.2734
10202000,5092.420184,3626,219,0.299391,0.3203
10204000,8470.928211,3602,229,0.691373,0.2344
10206000,8514.950897,3604,226,0.692653,0.3047
10208000,8411.174823,3614,212,0.698381,0.2500
10210000,6455.006297,3627,206,0.294514,0.2734
10212000,5575.127542,3597,229,0.216792,0.2969
10214000,7696.805923,3586,236,0.660619,0.2891
10216000,4152.685739,3604,213,0.160795,0.2969
10218000,6923.606646,3606,220,0.617117,0.3906
10220000,6519.000055,3615,222,0.246281,0.2891
10222000,6087.729606,3607,229,0.163162,0.2891
10224000,6128.794700,3586,232,0.165971,0.2500
10226000,5957.361536,3581,239,0.138992,0.2969
10228000,5593.213957,3583,247,0.200098,0.2812
10230000,5592.431065,3612,225,0.221701,0.2031
10232000,6643.437272,3599,221,0.396080,0.2344
10234000,6252.248698,3597,213,0.584212,0.2812
10236000,6753.487479,3611,226,0.286945,0.2422
10238000,6085.366677,3623,214,0.358123,0.3047
10240000,5355.863022,3648,202,0.098761,0.2734
10242000,5198.808772,3636,196,0.100199,0.2500
10244000,6132.086726,3647,190,0.310619,0.2969
10246000,6121.853970,3654,199,0.299927,0.3047
10248000,6205.889673,3644,208,0.494060,0.3750
10250000,6152.821615,3636,213,0.408593,0.3359
10252000,5829.618964,3634,198,0.462533,0.2734
10254000,6024.454790,3622,195,0.504449,0.3203
10256000,6004.420737,3647,199,0.508213,0.2656
10258000,6304.213767,3629,219,0.465952,0.3516
10260000,4656.004419,3615,224,0.020102,0.3281
10262000,5313.568471,3604,232,0.066891,0.2422
10264000,5287.819081,3593,218,0.031923,0.1875
10266000,4204.071771,3598,215,0.000763,0.2500
10268000,4402.686688,3607,211,0.046280,0.2891
10270000,4361.954857,3605,211,0.047265,0.3047
10272000,4040.292042,3567,236,0.021630,0.3516
10274000,6703.453882,3533,253,0.513849,0.3203
10276000,4981.175940,3545,228,0.003055,0.3359
10278000,4842.458261,3550,229,0.006705,0.3125
10280000,4725.960842,3570,225,0.025926,0.2969
10282000,4667.660547,3590,233,0.030158,0.2188
10284000,4617.044380,3579,243,0.029568,0.3828
10286000,4127.538336,3578,241,0.047030,0.2969
10288000,4047.808575,3548,225,0.088111,0.3281
10290000,4070.200828,3581,228,0.084388,0.3750
10292000,4158.340631,3591,224,0.087525,0.2734
10294000,4487.352048,3571,210,0.102414,0.2969
10296000,4443.896090,3559,228,0.119386,0.3438
10298000,4360.610795,3577,235,0.099395,0.3828
10300000,4130.662128,3553,240,0.097079,0.2500
10302000,4455.087109,3552,245,0.179234,0.2578
10304000,4639.616350,3546,245,0.091177,0.3125
10306000,4644.377119,3566,226,0.092501,0.3984
10308000,5147.698198,3585,215,0.041152,0.2578
10310000,5014.291083,3596,221,0.061570,0.2734
10312000,5037.925419,3609,212,0.064763,0.2344
10314000,5051.797239,3624,200,0.055393,0.2500
10316000,4250.628400,3607,213,0.355290,0.3438
10318000,3977.620200,3628,197,0.240459,0.2422
10320000,4158.831404,3617,215,0.160856,0.2969
10322000,4515.874765,3640,216,0.226631,0.2891
10324000,5216.025161,3632,201,0.016838,0.2656
10326000,5218.581431,3618,225,0.029575,0.3281
10328000,5503.807249,3585,238,0.014496,0.2891
10330000,5478.449741,3577,242,0.166022,0.4141
10332000,5476.824079,3586,207,0.165743,0.2500
10334000,5322.243781,3616,224,0.235813,0.3438
10336000,5226.108309,3631,220,0.254085,0.3359
10338000,4690.047442,3639,214,0.255584,0.2656
10340000,4979.270206,3610,222,0.235995,0.2344
10342000,8101.476590,3634,201,0.533279,0.2578
10344000,4347.551602,3627,205,0.167240,0.3281
10346000,4491.054950,3600,222,0.224646,0.2344
10348000,4536.763969,3597,228,0.226630,0.3281
10350000,4266.100302,3604,223,0.223142,0.3281
10352000,4264.606909,3596,215,0.223972,0.2891
10354000,4573.688260,3598,213,0.285895,0.3359
10356000,7914.721903,3575,223,0.787444,0.2891
10358000,5295.741862,3615,218,0.373780,0.3125
10360000,5177.804570,3607,203,0.391147,0.2656
10362000,5387.332491,3624,206,0.352072,0.3750
10364000,5330.873224,3619,203,0.303222,0.2344
10366000,6851.986310,3623,209,0.717887,0.2734
10368000,6746.493709,3624,188,0.690410,0.2969
10370000,7397.245482,3646,191,0.769841,0.2500
10372000,7450.722111,3648,177,0.777000,0.2734
10374000,7372.461636,3657,195,0.494444,0.2734
10376000,4853.324229,3661,196,0.425409,0.2656
10378000,4837.816041,3647,221,0.413914,0.2656
10380000,5313.518008,3643,212,0.407603,0.3125
10382000,5140.035130,3617,211,0.329220,0.3047
10384000,5156.662401,3643,223,0.462433,0.3359
10386000,4409.340800,3614,218,0.046825,0.3438
10388000,4417.833041,3628,208,0.049497,0.2891
10390000,4398.364298,3602,214,0.049992,0.3516
10392000,4309.665567,3594,214,0.107564,0.2891
10394000,4288.579152,3597,202,0.103242,0.3047
10396000,4271.014597,3600,215,0.101079,0.2188
10398000,3699.474828,3584,227,0.014091,0.2891
10400000,3595.928487,3599,232,0.014054,0.3281
10402000,4250.446976,3592,228,0.126574,0.2422
10404000,4213.918066,3587,223,0.118221,0.2812
10406000,4242.613442,3551,224,0.109068,0.2500
10408000,4686.653282,3574,232,0.136342,0.2578
10410000,4664.431484,3564,215,0.134100,0.3438
10412000,4392.717818,3583,228,0.154971,0.3203
10414000,3742.988535,3587,220,0.017832,0.2812
10416000,7602.250227,3584,208,0.749618,0.3125
10418000,7230.799382,3596,223,0.757550,0.2812
10420000,6998.360365,3602,225,0.690289,0.4375
10422000,5034.187446,3557,253,0.351292,0.3203
10424000,5047.332896,3563,235,0.499926,0.3203
10426000,5292.480521,3567,242,0.687794,0.3906
10428000,4424.583505,3589,222,0.266561,0.3281
10430000,4780.954853,3594,210,0.370311,0.2578
10432000,5085.774305,3584,241,0.387476,0.3359
10434000,5379.578002,3559,222,0.554831,0.3438
10436000,4511.504947,3587,228,0.290826,0.3516
10438000,4310.255583,3611,212,0.313129,0.2812
10440000,3434.828244,3616,199,0.089776,0.3359
10442000,4414.659835,3614,206,0.178319,0.2891
10444000,4445.292289,3589,205,0.177690,0.2266
10446000,4250.480060,3583,226,0.174245,0.3203
10448000,5023.326856,3593,218,0.275663,0.2891
10450000,4956.425429,3598,213,0.327730,0.3594
10452000,4900.210710,3581,214,0.324511,0.2656
10454000,4746.198119,3566,222,0.280011,0.2500
10456000,4963.099065,3565,206,0.321746,0.2969
10458000,4953.105041,3543,214,0.332753,0.2812
10460000,6006.464563,3536,222,0.325638,0.3438
10462000,6126.007711,3531,242,0.331800,0.2812
10464000,4208.920345,3550,236,0.476349,0.2891
10466000,5025.775142,3593,225,0.318452,0.2422
10468000,4824.792042,3561,243,0.232096,0.2578
10470000,4843.700382,3567,232,0.231546,0.3281
10472000,5068.238505,3552,253,0.190978,0.2891
10474000,5116.319866,3561,229,0.231901,0.3125
10476000,3619.153997,3571,225,0.126205,0.2969
10478000,3644.586084,3610,224,0.132084,0.3047
10480000,4031.058953,3599,227,0.256505,0.3047
10482000,6470.279361,3599,218,0.321251,0.3203
10484000,6289.458306,3605,202,0.443756,0.2734
10486000,6256.756059,3628,203,0.468511,0.2656
10488000,6393.442829,3620,212,0.408949,0.2578
10490000,6461.616141,3603,212,0.413951,0.3359
10492000,6756.568237,3595,226,0.340410,0.2109
10494000,6449.494712,3630,201,0.222199,0.2812
10496000,6250.541218,3590,212,0.277566,0.2188
10498000,6850.049689,3600,200,0.436814,0.2500
10500000,5767.776104,3626,188,0.228741,0.2812
10502000,5608.150498,3654,187,0.208006,0.1953
10504000,5669.080485,3664,181,0.205736,0.2031
10506000,5664.711123,3658,188,0.207713,0.2266
10508000,5564.443631,3658,203,0.456297,0.3359
10510000,5540.302796,3654,205,0.451296,0.3203
10512000,5596.346111,3665,211,0.416551,0.3125
10514000,5451.116304,3661,210,0.432034,0.2734
10516000,5655.897393,3650,203,0.422278,0.2812
10518000,4208.786221,3636,207,0.154491,0.2812
10520000,4320.655187,3646,210,0.207675,0.2188
10522000,4211.551128,3657,201,0.202403,0.3438
10524000,4250.499489,3610,219,0.223907,0.1875
10526000,4675.900017,3602,217,0.462029,0.3594
10528000,4636.461365,3565,219,0.480101,0.2422
10530000,4549.437607,3563,208,0.479613,0.2344
10532000,4511.097825,3598,193,0.482409,0.2969
10534000,4437.645986,3593,192,0.470686,0.2031
10536000,4507.722880,3613,199,0.472209,0.2266
10538000,4828.812493,3621,192,0.404999,0.3203
10540000,4751.806654,3639,192,0.403155,0.2812
10542000,4679.010164,3630,191,0.383419,0.2734
10544000,5275.207198,3630,184,0.527238,0.2500
10546000,5396.834039,3640,185,0.505855,0.3672
10548000,5351.820821,3641,183,0.488791,0.2969
10550000,5484.852544,3659,188,0.485339,0.3281
10552000,5522.744280,3660,187,0.496030,0.2578
10554000,5395.644791,3621,214,0.475332,0.3438
10556000,5062.808210,3618,203,0.444877,0.2422
10558000,4959.878104,3600,206,0.407850,0.3047
10560000,5119.847813,3628,211,0.434712,0.3125
10562000,5092.520138,3614,225,0.414071,0.2734
10564000,5070.066928,3615,218,0.406001,0.3125
10566000,3898.174570,3592,230,0.293215,0.3672
10568000,4541.144426,3577,235,0.386654,0.3047
10570000,4642.731927,3575,218,0.416088,0.3359
10572000,4641.075902,3581,209,0.351331,0.3516
10574000,4492.125870,3576,224,0.255017,0.2188
10576000,6416.351302,3599,216,0.336761,0.2500
10578000,5852.878415,3586,213,0.425396,0.2891
10580000,6104.277872,3582,214,0.750728,0.3203
10582000,6834.977463,3598,253,0.687424,0.3672
10584000,5251.648911,3594,251,0.126272,0.2891
10586000,6036.471465,3599,231,0.028601,0.3281
10588000,6397.655386,3622,211,0.002135,0.3594
10590000,5424.164291,3644,202,0.030885,0.2188
10592000,5421.050128,3614,207,0.033374,0.2188
10594000,5255.230777,3635,216,0.022190,0.2734
10596000,5248.154044,3607,218,0.025025,0.2969
10598000,5213.081221,3581,213,0.103181,0.3125
10600000,5274.940340,3592,205,0.568691,0.3047
10602000,3854.797271,3597,228,0.265090,0.3125
10604000,3773.613181,3585,220,0.187194,0.3125
10606000,3741.150533,3596,219,0.183411,0.2969
10608000,3745.635540,3610,215,0.182846,0.2734
10610000,3566.820855,3578,217,0.165256,0.3125
10612000,3558.520556,3576,225,0.167819,0.2500
10614000,3637.895371,3581,211,0.155212,0.2344
10616000,4425.324195,3590,221,0.036913,0.3438
10618000,4623.833620,3568,252,0.295059,0.2891
10620000,4900.893875,3584,247,0.396680,0.3438
10622000,4182.080138,3561,251,0.327003,0.2812
10624000,3950.292525,3565,252,0.413867,0.3125
10626000,4721.485987,3547,233,0.498112,0.3125
10628000,4667.105399,3576,228,0.483270,0.2891
10630000,4494.980572,3558,209,0.424273,0.2969
10632000,4507.974995,3570,221,0.409743,0.2969
10634000,4504.876165,3598,200,0.425147,0.3203
10636000,4375.002798,3603,200,0.403608,0.2734
10638000,4413.998293,3623,198,0.408175,0.2734
10640000,4735.689516,3627,176,0.409880,0.3047
10642000,4747.473743,3593,204,0.141007,0.2578
10644000,4643.649999,3599,207,0.140309,0.2344
10646000,4633.745939,3622,203,0.142358,0.2969
10648000,4384.201065,3596,210,0.045414,0.2109
10650000,4323.061194,3590,204,0.065712,0.3203
10652000,4150.211445,3573,224,0.013983,0.3359
10654000,4062.334658,3574,230,0.015593,0.3359
10656000,4085.314440,3594,223,0.023990,0.2891
10658000,4077.783039,3617,201,0.021413,0.2500
10660000,4008.426685,3600,200,0.102318,0.2188
10662000,3908.661673,3609,202,0.085266,0.2266
10664000,3771.926006,3606,199,0.106834,0.2969
10666000,3751.391794,3613,192,0.114198,0.2656
10668000,3759.732028,3595,208,0.110514,0.3438
10670000,3798.637424,3582,226,0.108068,0.3359
10672000,4088.178866,3583,207,0.360080,0.3438
10674000,3816.049898,3586,211,0.377524,0.2422
10676000,3740.068946,3593,208,0.437654,0.2344
10678000,3944.514937,3552,216,0.397870,0.3203
10680000,3968.067035,3566,205,0.393512,0.2734
10682000,3846.761609,3560,209,0.384630,0.2578
10684000,3909.061465,3578,222,0.358305,0.3750
10686000,4073.341694,3571,225,0.405842,0.3281
10688000,4067.781589,3582,236,0.338375,0.3438
10690000,3844.831536,3604,218,0.016373,0.3047
10692000,4149.326151,3579,221,0.010386,0.2812
10694000,4153.621154,3609,206,0.007789,0.2266
10696000,4129.027118,3610,205,0.008023,0.2891
10698000,3617.904586,3624,207,0.020051,0.2734
10700000,3949.990102,3630,200,0.029274,0.2969
10702000,3967.764885,3619,204,0.035020,0.3047
10704000,3884.040468,3618,202,0.036735,0.2891
10706000,3928.731149,3609,200,0.034358,0.2500
10708000,4000.982462,3587,218,0.027313,0.2812
10710000,3766.090234,3611,212,0.004003,0.3281
10712000,3694.969589,3586,214,0.005528,0.2891
10714000,3747.113534,3582,209,0.002945,0.3750
10716000,4314.781968,3604,198,0.240668,0.2969
10718000,4320.740922,3596,204,0.245673,0.3125
10720000,4245.784948,3599,220,0.244553,0.2969
10722000,4217.923816,3607,204,0.256174,0.2812
10724000,4266.156274,3607,214,0.296197,0.2969
10726000,4445.569838,3591,211,0.305784,0.2812
10728000,4453.174057,3596,209,0.217528,0.2344
10730000,4343.549421,3572,228,0.329499,0.2812
10732000,4332.694928,3578,218,0.327045,0.2969
10734000,4586.099315,3593,217,0.368735,0.2969
10736000,4176.548696,3590,222,0.417322,0.3438
10738000,4297.491704,3592,215,0.460812,0.2891
10740000,7107.630159,3574,226,0.667110,0.3047
10742000,7358.410230,3594,220,0.680364,0.3203
10744000,7944.652264,3570,227,0.668077,0.2500
10746000,8081.728569,3587,231,0.656570,0.3125
10748000,7525.619422,3584,243,0.722100,0.1953
10750000,8469.411009,3588,231,0.712361,0.2109
10752000,6983.724383,3603,228,0.503077,0.2812
10754000,7037.825324,3565,254,0.535773,0.3984
10756000,5222.285995,3564,246,0.331537,0.2734
10758000,5262.156749,3580,231,0.326823,0.2812
10760000,5347.880708,3589,224,0.450743,0.2969
10762000,7718.565986,3624,220,0.607951,0.2734
10764000,7645.749302,3615,208,0.613088,0.2656
10766000,7035.277533,3603,224,0.691900,0.3281
10768000,6965.886182,3624,223,0.557053,0.2812
10770000,6588.603720,3622,228,0.501346,0.2344
10772000,6787.551339,3648,213,0.582297,0.3047
10774000,7655.135904,3638,222,0.705930,0.2734
10776000,7503.262229,3623,214,0.686184,0.2812
10778000,7618.374719,3629,230,0.637799,0.2422
10780000,8484.866156,3644,208,0.740960,0.2969
10782000,8175.465826,3630,210,0.756152,0.2734
10784000,8098.355434,3647,210,0.750756,0.2734
10786000,8091.088380,3624,231,0.766513,0.2969
10788000,7529.311948,3611,228,0.705684,0.2422
10790000,7650.034994,3626,239,0.738151,0.3281
10792000,7278.125886,3594,243,0.694109,0.3047
10794000,8040.236892,3594,241,0.712813,0.3203
10796000,8060.459247,3585,224,0.751940,0.2656
10798000,7570.609519,3586,218,0.719563,0.2656
10800000,7714.933549,3591,246,0.717923,0.2344
10802000,8118.564701,3567,247,0.761091,0.3125
10804000,7780.972405,3541,243,0.723751,0.2812
10806000,7703.013867,3570,230,0.716307,0.2969
10808000,5981.471167,3584,214,0.640184,0.2266
10810000,5761.807167,3586,219,0.621777,0.3047
10812000,5271.594024,3589,199,0.414422,0.2734
10814000,5635.742042,3605,204,0.465380,0.2578
10816000,5489.584593,3580,212,0.360492,0.2656
10818000,5761.340294,3570,232,0.387553,0.3438
10820000,5316.057355,3579,203,0.335094,0.3594
10822000,5412.833272,3622,192,0.297491,0.2734
10824000,4877.780031,3603,208,0.294651,0.3203
10826000,4954.074858,3575,221,0.288210,0.2734
10828000,5012.822552,3571,215,0.280144,0.2734
10830000,5038.467640,3564,229,0.274282,0.3359
10832000,4393.773383,3579,209,0.167091,0.3750
10834000,5083.793853,3609,195,0.234239,0.3438
10836000,3818.547786,3572,216,0.064971,0.2344
10838000,3824.615208,3577,248,0.066394,0.3516
10840000,4862.540995,3567,234,0.290384,0.3594
10842000,4014.356362,3563,226,0.102604,0.3750
10844000,4732.221550,3574,209,0.165131,0.2656
10846000,4733.017537,3556,210,0.179992,0.3047
10848000,5024.965423,3526,220,0.239230,0.3516
10850000,4506.705158,3518,225,0.274951,0.2734
10852000,4370.805706,3545,204,0.260659,0.3047
10854000,2985.656717,3563,208,0.032453,0.2969
10856000,3061.799707,3539,222,0.037587,0.2500
10858000,3214.606880,3567,230,0.005087,0.3125
10860000,3263.486635,3573,238,0.019423,0.2969
10862000,4286.918103,3583,219,0.424943,0.3828
10864000,4088.493661,3574,213,0.329356,0.2344
10866000,4093.949919,3579,221,0.332411,0.3203
10868000,4032.465121,3592,200,0.359619,0.2109
10870000,4193.653875,3607,189,0.367080,0.2812
10872000,4187.997637,3613,183,0.374023,0.3125
10874000,4144.489951,3633,165,0.365476,0.2422
10876000,4054.903506,3614,196,0.271711,0.2578
10878000,3781.574892,3596,200,0.307912,0.2812
10880000,3710.798651,3561,209,0.300225,0.3281
10882000,4081.310885,3586,212,0.427962,0.3203
10884000,4088.965038,3564,238,0.417407,0.3359
10886000,4240.322448,3548,236,0.141047,0.2734
10888000,4048.530203,3526,247,0.096066,0.2969
10890000,4116.629314,3535,239,0.092328,0.2656
10892000,4074.032561,3540,222,0.328168,0.2500
10894000,4127.685995,3532,229,0.288893,0.3203
10896000,4230.054892,3547,241,0.301371,0.3750
10898000,4213.794720,3554,238,0.326742,0.3438
10900000,4727.698343,3551,215,0.532265,0.2656
10902000,5663.555246,3582,231,0.565416,0.3516
10904000,5698.622936,3567,233,0.541634,0.3047
10906000,5485.582192,3599,206,0.538935,0.3203
10908000,5197.345605,3622,190,0.541977,0.2344
10910000,4510.034603,3603,210,0.260839,0.3984
10912000,4162.152668,3598,222,0.185675,0.3047
10914000,4450.339919,3616,211,0.223996,0.3125
10916000,4456.453776,3595,219,0.243534,0.3047
10918000,4602.919879,3584,233,0.231713,0.2656
10920000,4672.947132,3565,250,0.253143,0.2344
10922000,4599.685546,3568,226,0.302906,0.3203
10924000,4613.375741,3575,234,0.376819,0.2891
10926000,4599.700003,3571,222,0.374098,0.3125
10928000,4600.961884,3574,232,0.371688,0.2344
10930000,4562.068741,3582,210,0.369519,0.2344
10932000,4479.435890,3584,218,0.407018,0.2656
10934000,4879.285895,3570,218,0.326743,0.3047
10936000,5303.586194,3602,208,0.366791,0.2266
10938000,5415.635293,3577,217,0.399909,0.2578
10940000,5420.977404,3600,211,0.346467,0.3125
10942000,5020.859583,3599,203,0.289565,0.2891
10944000,4858.374922,3549,238,0.366767,0.3047
10946000,4218.057607,3598,235,0.188045,0.2578
10948000,5004.747735,3603,227,0.334259,0.2344
10950000,5232.320389,3576,230,0.272366,0.2969
10952000,5203.099751,3603,216,0.233319,0.3047
10954000,3799.717832,3605,204,0.462917,0.2969
10956000,3850.813546,3578,220,0.449146,0.3281
10958000,4142.207586,3577,218,0.453847,0.2969
10960000,5033.534578,3584,235,0.576745,0.2656
10962000,5028.705140,3576,237,0.575482,0.3281
10964000,4041.061807,3587,238,0.228186,0.3125
10966000,5284.817559,3560,247,0.516206,0.3359
10968000,5778.367481,3564,242,0.625227,0.2031
10970000,5942.210754,3551,244,0.644901,0.2969
10972000,5070.554659,3583,208,0.523239,0.3125
10974000,5076.981375,3563,216,0.530857,0.2422
10976000,4848.679138,3561,222,0.456069,0.3438
10978000,5157.885506,3580,209,0.560020,0.3281
10980000,5322.486055,3577,226,0.507715,0.3203
10982000,5297.816688,3566,223,0.513148,0.2812
10984000,5306.429359,3555,237,0.535230,0.3203
10986000,5482.204197,3569,218,0.543491,0.2734
10988000,5613.044019,3554,230,0.559395,0.3281
10990000,5558.220181,3585,212,0.528694,0.2812
10992000,5530.454745,3579,212,0.463286,0.3281
10994000,3993.946769,3592,216,0.208820,0.2734
10996000,4812.835886,3576,216,0.361993,0.2656
10998000,4464.008271,3572,220,0.273483,0.2734
11000000,4268.211359,3585,203,0.259131,0.3047
11002000,4063.256313,3581,205,0.099084,0.2656
11004000,4102.269708,3544,218,0.104441,0.3125
11006000,4418.741201,3560,205,0.196438,0.3125
11008000,4043.382780,3566,213,0.191548,0.3047
11010000,4389.005264,3560,223,0.159091,0.3203
11012000,4288.718711,3545,240,0.330220,0.3438
11014000,4260.748724,3543,245,0.326698,0.3281
11016000,4241.854782,3544,252,0.272745,0.2891
11018000,7004.646581,3565,229,0.689806,0.3047
11020000,6524.218940,3540,219,0.665215,0.3438
11022000,7273.630862,3555,219,0.738747,0.3359
11024000,5266.161255,3576,212,0.532441,0.4453
11026000,5382.691722,3588,213,0.438659,0.3203
11028000,6137.193748,3572,223,0.605412,0.3516
11030000,3442.309893,3565,219,0.187172,0.3359
11032000,3492.026955,3571,232,0.200164,0.2891
11034000,3579.275596,3550,245,0.229240,0.2891
11036000,3558.771813,3547,243,0.224033,0.3516
11038000,3611.191807,3555,223,0.227362,0.3125
11040000,3607.413187,3583,225,0.220098,0.2734
11042000,5261.828719,3575,232,0.520739,0.2812
11044000,4042.791891,3573,221,0.304924,0.2891
11046000,4606.255531,3597,215,0.323144,0.2344
11048000,5515.550887,3587,218,0.435589,0.3125
11050000,6788.823082,3602,208,0.584981,0.2812
11052000,6617.508483,3586,218,0.639901,0.3281
11054000,6703.873054,3590,218,0.626134,0.2812
11056000,5256.223163,3589,223,0.324935,0.2734
11058000,5177.152275,3618,212,0.328961,0.2969
11060000,5103.452653,3623,218,0.343907,0.2656
11062000,5188.124981,3616,215,0.320173,0.3359
11064000,5243.574172,3594,230,0.322647,0.2500
11066000,6674.684133,3593,218,0.637177,0.2578
11068000,6824.600748,3603,221,0.642004,0.2891
11070000,6821.021733,3587,231,0.641435,0.2891
11072000,4187.218764,3599,223,0.082179,0.2812
11074000,4342.820343,3589,217,0.061369,0.2891
11076000,4685.885577,3575,219,0.106302,0.2812
11078000,4721.900069,3562,204,0.116740,0.3125
11080000,4720.109926,3571,214,0.118975,0.3984
11082000,4746.210194,3572,216,0.110429,0.3672
11084000,4535.018472,3562,218,0.131515,0.3594
11086000,4485.643530,3576,222,0.146374,0.2812
11088000,7743.569955,3593,213,0.618212,0.2969
11090000,6692.814684,3608,193,0.643657,0.3047
11092000,6671.309227,3600,190,0.643691,0.2266
11094000,6539.705184,3584,217,0.628091,0.2812
11096000,6444.755456,3526,234,0.621039,0.2734
11098000,6614.199573,3508,229,0.397294,0.2812
11100000,6700.810164,3501,227,0.404688,0.3438
11102000,6423.009277,3509,240,0.297962,0.3281
11104000,6418.229175,3546,235,0.295996,0.3047
11106000,4782.855544,3556,222,0.028169,0.2578
11108000,4798.576331,3582,209,0.023722,0.2891
11110000,5562.084702,3587,230,0.172478,0.2891
11112000,4473.936797,3592,223,0.015914,0.3047
11114000,4414.978356,3613,203,0.010876,0.2734
11116000,4070.962512,3618,203,0.087745,0.3203
11118000,4369.128093,3604,192,0.040627,0.3125
11120000,4372.862859,3593,220,0.030416,0.2578
11122000,6143.056046,3582,230,0.236430,0.3438
11124000,7722.577239,3585,229,0.539535,0.2812
11126000,5711.101068,3615,210,0.106352,0.2344
11128000,6818.700998,3642,207,0.434389,0.3125
11130000,5992.868686,3655,202,0.212667,0.2891
11132000,6026.716225,3683,183,0.209586,0.2891
11134000,6011.226079,3684,210,0.216857,0.2422
11136000,5939.656399,3698,196,0.213490,0.2812
11138000,5604.244638,3683,195,0.156631,0.2344
11140000,6508.307986,3646,216,0.584285,0.2969
11142000,6501.786696,3645,213,0.580388,0.2891
11144000,6832.108019,3631,223,0.486700,0.2812
11146000,4007.204176,3630,221,0.087857,0.3125
11148000,4617.506219,3607,228,0.179814,0.2344
11150000,5102.647452,3614,225,0.091760,0.2188
11152000,6218.913784,3620,209,0.367507,0.3594
11154000,6201.857578,3637,210,0.540413,0.2344
11156000,6995.557329,3615,217,0.460022,0.3516
11158000,6337.306684,3618,218,0.442267,0.2656
11160000,6908.173093,3635,197,0.538292,0.2578
11162000,5089.500316,3623,198,0.397667,0.3125
11164000,5051.935246,3633,203,0.358425,0.2969
11166000,4054.417139,3630,207,0.149779,0.2891
11168000,3817.672413,3670,186,0.153133,0.3281
11170000,5939.980151,3676,199,0.277384,0.3047
11172000,7164.648834,3682,185,0.611341,0.2891
11174000,7517.520708,3668,182,0.666780,0.2969
11176000,5468.887166,3641,180,0.054669,0.2500
11178000,11654.445196,3632,184,0.764316,0.2422
11180000,12627.379412,3619,205,0.858905,0.3125
11182000,12720.883751,3655,217,0.832875,0.2734
11184000,12234.141907,3645,204,0.854280,0.3125
11186000,8647.524387,3640,204,0.696173,0.3047
11188000,11436.487397,3660,204,0.774593,0.3438
11190000,10977.260347,3634,223,0.735572,0.2734
11192000,7505.430329,3623,217,0.500465,0.2656
11194000,5838.314105,3625,199,0.477960,0.3516
11196000,4422.801268,3603,219,0.302180,0.2109
11198000,4412.724571,3597,200,0.308486,0.2734
11200000,4540.995611,3642,188,0.380600,0.3125
11202000,4469.405804,3612,205,0.293492,0.2969
11204000,4067.231932,3574,218,0.202676,0.3281
11206000,5462.920032,3587,215,0.329589,0.3203
11208000,8084.302872,3594,213,0.805090,0.3125
11210000,8040.722116,3566,223,0.798481,0.3750
11212000,8162.842314,3539,240,0.799810,0.3828
11214000,8319.427934,3524,232,0.746306,0.3203
11216000,8299.070561,3537,239,0.745130,0.3203
11218000,8221.621564,3549,241,0.709069,0.3281
11220000,8716.055189,3539,255,0.682476,0.2656
11222000,5860.006509,3535,236,0.414589,0.3125
11224000,5664.126751,3539,247,0.424170,0.2891
11226000,5613.549770,3552,248,0.199194,0.2109
11228000,5347.489043,3579,239,0.235737,0.3125
11230000,7958.333521,3557,242,0.494251,0.3750
11232000,7978.021933,3550,233,0.494696,0.3203
11234000,6356.596614,3562,231,0.504451,0.3281
11236000,7963.750176,3553,228,0.698113,0.3125
11238000,7928.628645,3552,233,0.704449,0.2578
11240000,7840.686446,3567,225,0.748066,0.2969
11242000,8268.733291,3552,231,0.776322,0.3906
11244000,8285.059508,3546,232,0.775020,0.2812
11246000,7781.276781,3579,219,0.778616,0.2578
11248000,5589.579220,3563,236,0.523198,0.3203
11250000,5373.434685,3556,226,0.502698,0.3359
11252000,5406.840297,3556,231,0.501166,0.3750
11254000,5269.772929,3546,246,0.419700,0.3047
11256000,5281.151795,3556,254,0.423498,0.2344
11258000,4642.845354,3564,234,0.042418,0.2812
11260000,6088.094398,3585,221,0.277134,0.3047
11262000,6304.649924,3576,210,0.413076,0.3047
11264000,6304.157041,3571,210,0.416728,0.2031
11266000,6231.704289,3584,210,0.419430,0.2344
11268000,6090.542371,3570,223,0.495124,0.3359
11270000,6283.267092,3575,223,0.521634,0.3047
11272000,6776.191032,3564,213,0.523109,0.2656
11274000,6865.014736,3554,223,0.502142,0.2188
11276000,6842.816103,3554,228,0.429186,0.2734
11278000,7532.511107,3551,220,0.471699,0.2422
11280000,5978.363530,3531,236,0.209938,0.2578
11282000,5609.878881,3562,206,0.181681,0.2734
11284000,5950.579042,3550,209,0.230680,0.2578
11286000,7380.770311,3552,221,0.445239,0.3359
11288000,6488.202025,3537,234,0.440912,0.2734
11290000,5170.892000,3543,232,0.537863,0.3281
11292000,4282.439034,3539,229,0.445761,0.2734
11294000,5492.730866,3552,227,0.214670,0.3047
11296000,7066.708247,3578,236,0.375161,0.2734
11298000,7399.106163,3563,228,0.421879,0.2812
11300000,7140.019897,3555,223,0.422950,0.3438
11302000,6020.851234,3544,217,0.255447,0.2578
11304000,5952.679855,3568,223,0.252562,0.3516
11306000,4217.489494,3572,212,0.072134,0.2578
11308000,5776.234566,3571,197,0.331057,0.2891
11310000,4922.823516,3590,203,0.276776,0.2969
11312000,5069.580375,3589,205,0.246103,0.2266
11314000,4877.749319,3584,208,0.186857,0.3359
11316000,5548.806672,3585,198,0.219439,0.3281
11318000,5517.895924,3557,223,0.109060,0.2578
11320000,5519.317759,3566,220,0.146038,0.2266
11322000,5792.659973,3572,226,0.175095,0.3516
11324000,5837.693616,3610,220,0.347669,0.3203
11326000,5915.393272,3619,207,0.302784,0.3203
11328000,4592.093837,3619,204,0.224210,0.3125
11330000,3994.021240,3604,211,0.228648,0.3281
11332000,4012.681546,3588,216,0.226302,0.3203
11334000,3449.681422,3602,217,0.001468,0.2500
11336000,3702.046655,3598,224,0.066281,0.2266
11338000,3688.686219,3586,236,0.006882,0.2969
11340000,3726.595238,3623,221,0.011748,0.3438
11342000,4549.012127,3621,226,0.305529,0.2656
11344000,4549.218198,3625,225,0.283270,0.2656
11346000,4818.785643,3606,221,0.383075,0.2031
11348000,4793.206226,3637,206,0.380997,0.2344
11350000,4774.829022,3647,213,0.367164,0.2422
11352000,5132.738597,3635,214,0.540995,0.2734
11354000,5504.927441,3632,215,0.583484,0.3281
11356000,5389.068821,3612,213,0.584313,0.2578
11358000,5363.655221,3607,216,0.588151,0.2578
11360000,5301.604449,3604,221,0.592609,0.1562
11362000,5316.440483,3595,220,0.605014,0.2891
11364000,4808.674408,3620,222,0.570174,0.2734
11366000,5005.056633,3591,233,0.491305,0.3281
11368000,4728.884186,3596,230,0.328799,0.3125
11370000,4404.279341,3578,242,0.363421,0.2109
11372000,6252.077619,3537,253,0.436890,0.2578
11374000,4896.248699,3544,254,0.452400,0.3281
11376000,5174.288049,3513,256,0.286201,0.2812
11378000,4710.931328,3511,268,0.340442,0.3281
11380000,4026.755135,3535,249,0.197152,0.2891
11382000,3981.663413,3546,258,0.186937,0.3047
11384000,4086.257824,3520,248,0.161060,0.3516
11386000,4751.709159,3545,233,0.223305,0.3359
11388000,4880.925371,3561,230,0.215812,0.3984
11390000,4832.681488,3572,222,0.231796,0.3047
11392000,4959.242224,3578,204,0.349578,0.3047
11394000,6170.426649,3591,202,0.465772,0.3203
11396000,5958.142077,3549,231,0.359914,0.3281
11398000,5864.088031,3527,233,0.348610,0.2969
11400000,5834.580175,3554,236,0.323620,0.2969
11402000,5823.381807,3520,245,0.335295,0.2891
11404000,5784.489957,3543,234,0.320013,0.2188
11406000,5888.070146,3542,239,0.335750,0.2734
11408000,6138.958025,3568,227,0.352104,0.3203
11410000,6178.703036,3546,240,0.354723,0.3125
11412000,6176.569432,3543,231,0.339368,0.3047
11414000,5398.222434,3528,243,0.311718,0.3281
11416000,5604.964796,3513,246,0.306418,0.2812
11418000,5937.375016,3527,240,0.486065,0.2969
11420000,5988.769304,3549,211,0.471271,0.2188
11422000,5965.968901,3555,222,0.473458,0.2734
11424000,5367.528830,3570,216,0.426287,0.2734
11426000,5338.675495,3560,216,0.417779,0.2891
11428000,5374.922327,3552,223,0.421764,0.3047
11430000,4868.049819,3525,241,0.314549,0.2969
11432000,4854.832065,3550,235,0.315468,0.3438
11434000,6773.999614,3559,233,0.732109,0.3906
11436000,6769.953464,3530,253,0.730783,0.2891
11438000,6810.056389,3522,241,0.732812,0.3047
11440000,6911.874237,3529,237,0.677625,0.2734
11442000,5204.527127,3529,236,0.398646,0.3594
11444000,4067.457427,3530,241,0.265053,0.3359
11446000,5125.675434,3520,276,0.399836,0.3750
11448000,4499.433764,3554,238,0.331273,0.2656
11450000,4370.451877,3535,238,0.312961,0.2969
11452000,4168.730403,3518,251,0.268135,0.2578
11454000,5148.025991,3522,251,0.428132,0.3672
11456000,4160.824642,3567,234,0.269645,0.2969
11458000,5779.059502,3577,241,0.518548,0.2969
11460000,5659.182473,3541,251,0.509949,0.2031
11462000,7910.896364,3555,223,0.695612,0.2578
11464000,8244.734246,3580,216,0.781643,0.3359
11466000,8246.636769,3582,206,0.778990,0.3203
11468000,8217.866298,3562,229,0.777026,0.3047
11470000,8157.264324,3606,213,0.769631,0.2734
11472000,8333.725882,3594,214,0.769020,0.2656
11474000,8225.155468,3596,208,0.759189,0.3047
11476000,8141.917398,3578,220,0.753449,0.3203
11478000,8035.018658,3586,219,0.717622,0.2812
11480000,7963.038338,3612,215,0.698636,0.2891
11482000,7891.820564,3614,214,0.774246,0.2500
11484000,6764.295855,3608,226,0.672967,0.2812
11486000,6780.237781,3590,230,0.671707,0.2891
11488000,3649.126482,3593,211,0.285356,0.3047
11490000,3894.685557,3615,194,0.293100,0.2969
11492000,3858.461673,3562,228,0.287805,0.2656
11494000,3842.233768,3602,208,0.264713,0.2891
11496000,4288.083131,3591,215,0.500885,0.2188
11498000,4163.701761,3590,207,0.485797,0.2422
11500000,4081.067406,3588,222,0.465953,0.3125
11502000,6530.025723,3618,191,0.622110,0.3125
11504000,6572.982453,3624,198,0.609071,0.3125
11506000,6381.521397,3609,213,0.640343,0.2969
11508000,6767.197985,3614,211,0.628279,0.3438
11510000,6305.050908,3603,214,0.647983,0.2969
11512000,6956.547737,3616,209,0.677263,0.3672
11514000,6953.736215,3573,232,0.675999,0.2812
11516000,6991.334613,3549,236,0.672251,0.3203
11518000,6492.859099,3535,237,0.606663,0.3359
11520000,6855.810748,3549,252,0.671967,0.3281
11522000,7272.070709,3593,224,0.610657,0.2656
11524000,6023.649023,3609,219,0.548756,0.2812
11526000,5210.548312,3596,218,0.641598,0.3281
11528000,4657.867265,3598,226,0.453900,0.3047
11530000,4697.143051,3604,233,0.377853,0.2812
11532000,4600.619498,3597,233,0.474399,0.2188
11534000,4603.614065,3578,235,0.458268,0.3516
11536000,4646.099622,3587,226,0.461187,0.2891
11538000,4612.244993,3591,220,0.453390,0.2500
11540000,4652.432653,3606,215,0.395316,0.3750
11542000,4673.768114,3617,208,0.506658,0.3125
11544000,4399.929863,3586,219,0.496379,0.2500
11546000,3852.056106,3596,216,0.054209,0.3203
11548000,3767.621770,3608,224,0.092234,0.3359
11550000,4961.937932,3568,223,0.430261,0.3125
11552000,5151.053871,3591,227,0.449539,0.3125
11554000,5796.287351,3596,219,0.392755,0.2812
11556000,5023.022262,3623,201,0.304440,0.3203
11558000,4506.025895,3606,220,0.059320,0.2656
11560000,4362.341479,3599,227,0.063176,0.3359
11562000,4344.215941,3617,203,0.068399,0.3125
11564000,4333.712557,3627,190,0.067572,0.2891
11566000,4630.498200,3617,201,0.037348,0.2891
11568000,4560.492954,3609,205,0.065199,0.2812
11570000,4981.968506,3580,209,0.368172,0.3047
11572000,4227.899497,3559,224,0.332970,0.3281
11574000,4240.550530,3555,233,0.296912,0.3125
11576000,4385.039175,3575,222,0.284008,0.3438
11578000,5337.268311,3570,238,0.093919,0.2422
11580000,5037.927872,3564,221,0.084252,0.2812
11582000,4816.021549,3594,216,0.090466,0.2969
11584000,4499.389378,3566,226,0.201989,0.3281
11586000,4535.173543,3554,244,0.217573,0.3672
11588000,4748.759621,3555,229,0.068291,0.3203
11590000,4959.656038,3563,238,0.022520,0.3047
11592000,3729.902096,3554,236,0.047745,0.3672
11594000,3880.963448,3581,216,0.061526,0.3203
11596000,4286.866847,3584,211,0.035922,0.3047
11598000,4976.482334,3594,239,0.282242,0.3594
11600000,4863.381575,3596,234,0.315714,0.3438
11602000,4842.281220,3611,231,0.338801,0.3281
11604000,4436.505040,3629,230,0.092045,0.2891
11606000,4333.706013,3615,228,0.130138,0.2500
11608000,4313.943445,3606,224,0.126075,0.2344
11610000,4332.737052,3600,209,0.265912,0.2891
11612000,4162.288513,3589,214,0.098587,0.2812
11614000,4241.795244,3583,216,0.118146,0.2578
11616000,8209.487824,3588,210,0.842778,0.3594
11618000,8753.278575,3562,216,0.787662,0.2656
11620000,8831.073054,3556,215,0.799089,0.2422
11622000,9343.675721,3585,219,0.807876,0.3516
11624000,9330.137164,3592,217,0.805378,0.2969
11626000,9416.106350,3566,207,0.817926,0.3047
11628000,7105.633017,3589,203,0.562587,0.2344
11630000,10101.641056,3587,213,0.826654,0.2188
11632000,10061.579671,3585,211,0.830450,0.2344
11634000,10210.138780,3621,217,0.831438,0.2422
11636000,7844.627759,3585,214,0.541411,0.3125
11638000,4952.231361,3611,206,0.103370,0.2969
11640000,6388.510225,3625,200,0.291778,0.2188
11642000,6438.993397,3597,216,0.586910,0.3125
11644000,6876.941708,3583,225,0.746161,0.3125
11646000,6778.428063,3587,229,0.740692,0.3203
11648000,6537.243334,3576,229,0.685421,0.2656
11650000,5871.344768,3575,230,0.511880,0.3047
11652000,5041.809936,3593,212,0.238666,0.3359
11654000,5513.665582,3574,223,0.396964,0.3125
11656000,4880.932234,3598,218,0.246811,0.3125
11658000,5500.251142,3593,228,0.449301,0.3516
11660000,5698.475731,3621,207,0.677326,0.3281
11662000,4405.810482,3616,212,0.096601,0.2656
11664000,4911.221850,3625,219,0.394807,0.2578
11666000,4714.020065,3634,188,0.215446,0.3125
11668000,4377.863785,3659,207,0.102554,0.3438
11670000,7393.118366,3667,205,0.732818,0.3203
11672000,7501.439968,3682,205,0.735634,0.2969
11674000,8022.707589,3681,192,0.708835,0.2734
11676000,7962.706886,3680,201,0.709546,0.2812
11678000,7261.316778,3715,171,0.561111,0.3047
11680000,7291.239324,3676,188,0.568876,0.3125
11682000,6257.745818,3670,195,0.416593,0.2422
11684000,6096.156154,3676,197,0.225996,0.3438
11686000,6105.891384,3666,201,0.300856,0.3125
11688000,8023.475651,3660,216,0.664248,0.2656
11690000,7784.377412,3667,217,0.606519,0.2891
11692000,6144.057999,3680,192,0.510126,0.2656
11694000,5099.008524,3678,178,0.081032,0.3125
11696000,6111.448166,3633,200,0.265952,0.2969
11698000,6078.220650,3642,194,0.257467,0.3203
11700000,6576.160511,3619,206,0.433753,0.2969
11702000,4950.087570,3631,187,0.255215,0.2734
11704000,5326.306657,3613,216,0.340756,0.2734
11706000,5322.298778,3625,205,0.324055,0.2812
11708000,5513.645499,3636,196,0.370677,0.1953
11710000,5276.353198,3621,198,0.372812,0.2578
11712000,5375.006948,3619,194,0.290048,0.2656
11714000,5677.320483,3643,181,0.325518,0.2812
11716000,6441.027687,3630,189,0.416528,0.2109
11718000,5647.138128,3633,204,0.436457,0.3359
11720000,5653.644944,3620,229,0.446867,0.2734
11722000,5653.499407,3611,213,0.440064,0.3047
11724000,5694.259632,3621,199,0.406672,0.3750
11726000,5669.630697,3616,210,0.497854,0.2500
11728000,6417.101528,3629,198,0.578071,0.2812
11730000,6576.683107,3631,191,0.547075,0.2344
11732000,7110.853085,3589,222,0.419784,0.3281
11734000,7103.361056,3558,230,0.399675,0.3516
11736000,6641.446142,3584,223,0.337873,0.2031
11738000,6656.412639,3592,207,0.341923,0.2422
11740000,6912.265999,3575,237,0.534466,0.3125
11742000,6436.605008,3580,241,0.443960,0.2578
11744000,7041.629772,3570,256,0.621900,0.3359
11746000,7022.291529,3547,251,0.630789,0.2812
11748000,7042.406959,3533,252,0.643203,0.2891
11750000,6402.564531,3536,263,0.600136,0.2969
11752000,6374.482723,3520,261,0.597880,0.3125
11754000,7084.378331,3549,258,0.625386,0.3984
11756000,6961.136656,3576,218,0.473958,0.2891
11758000,6981.367864,3585,196,0.472685,0.2969
11760000,6936.233526,3558,208,0.474877,0.3203
11762000,6694.823741,3565,223,0.453466,0.3047
11764000,6810.488417,3552,235,0.489415,0.3750
11766000,5949.285518,3579,230,0.410450,0.3281
11768000,6367.858991,3556,219,0.328378,0.3438
11770000,5940.592074,3562,215,0.399133,0.2812
11772000,5991.488652,3567,215,0.400636,0.3516
11774000,5862.699286,3539,234,0.372925,0.3203
11776000,5980.661969,3563,213,0.378868,0.2734
11778000,6590.707438,3571,221,0.409747,0.2734
11780000,6704.358439,3558,225,0.548236,0.3203
11782000,6516.635212,3575,211,0.427112,0.2734
11784000,6009.510420,3592,218,0.428350,0.3125
11786000,6602.959132,3587,220,0.457556,0.3281
11788000,4682.597943,3599,225,0.168214,0.2891
11790000,4801.525358,3585,232,0.139176,0.2734
11792000,6412.586005,3595,218,0.359035,0.2891
11794000,6360.243057,3570,232,0.393843,0.3047
11796000,6065.592113,3572,224,0.282187,0.2734
11798000,8424.718217,3579,225,0.532115,0.2656
11800000,8678.121814,3607,217,0.770987,0.2578
11802000,8438.046453,3595,205,0.757868,0.2422
11804000,7555.021536,3607,212,0.673632,0.2578
11806000,7736.327264,3610,227,0.688483,0.2344
11808000,7530.762758,3616,224,0.693076,0.2500
11810000,9403.367453,3591,229,0.784438,0.2734
11812000,9827.079661,3574,231,0.685806,0.3125
11814000,7773.617434,3586,231,0.338240,0.3047
11816000,7743.587546,3590,222,0.335614,0.3203
11818000,7760.375099,3583,220,0.333959,0.3047
11820000,7680.358332,3580,243,0.330897,0.2500
11822000,8919.557825,3594,229,0.745512,0.3438
11824000,6953.176954,3564,224,0.614069,0.2812
11826000,7029.339537,3573,239,0.613773,0.2812
11828000,8458.679589,3586,224,0.683893,0.2656
11830000,5541.745527,3550,254,0.353139,0.2344
11832000,6687.943551,3566,238,0.274531,0.3125
11834000,6693.497727,3574,216,0.267323,0.2422
11836000,5997.557768,3566,206,0.583842,0.2422
11838000,7756.630879,3541,226,0.698407,0.3516
11840000,7487.872362,3545,213,0.693020,0.2500
11842000,9161.984946,3523,236,0.813327,0.2266
11844000,9347.851879,3520,250,0.841648,0.3438
11846000,9114.831453,3540,234,0.760158,0.3125
11848000,9376.982097,3544,231,0.833107,0.2891
11850000,9228.206402,3533,215,0.818075,0.2734
11852000,8903.643731,3548,236,0.790159,0.3828
11854000,5089.260130,3548,229,0.485255,0.3984
11856000,5061.453446,3535,222,0.476630,0.3125
11858000,6196.224525,3555,187,0.531133,0.2500
11860000,6152.396431,3527,221,0.511936,0.3203
11862000,3957.011458,3511,219,0.243151,0.3438
11864000,10683.952074,3525,217,0.807361,0.2891
11866000,10783.526024,3521,228,0.850449,0.2969
11868000,10811.348882,3534,224,0.846399,0.3438
11870000,10829.186016,3545,231,0.845077,0.3047
11872000,4827.444318,3548,237,0.476835,0.4141
11874000,6397.987787,3564,229,0.504291,0.3047
11876000,4901.350673,3568,222,0.392081,0.2969
11878000,4498.651855,3549,234,0.412105,0.3672
11880000,5856.261177,3547,237,0.590601,0.2891
11882000,8371.127132,3537,241,0.765478,0.3750
11884000,8149.211589,3550,230,0.734794,0.2969
11886000,7010.295862,3560,219,0.305347,0.3281
11888000,7029.262635,3553,227,0.300339,0.2812
11890000,3660.540859,3525,235,0.032630,0.2500
11892000,3648.631999,3517,236,0.030347,0.3750
11894000,3567.530300,3526,236,0.037699,0.2578
11896000,6479.022497,3563,223,0.281246,0.2812
11898000,8523.078420,3566,219,0.774431,0.2656
11900000,5918.264344,3559,211,0.562591,0.3125
11902000,5749.770011,3556,221,0.523937,0.2656
11904000,5914.548795,3541,228,0.599521,0.3594
11906000,5917.301775,3532,246,0.593780,0.2969
11908000,6768.172905,3547,246,0.690536,0.3516
11910000,6940.163093,3557,223,0.704580,0.3203
11912000,7471.969231,3568,225,0.608298,0.3672
11914000,3981.728315,3573,209,0.227255,0.3281
11916000,7329.456238,3591,222,0.620511,0.2422
11918000,6863.138250,3613,217,0.379249,0.3203
11920000,6895.057678,3596,213,0.396390,0.2656
11922000,6984.616371,3624,199,0.407303,0.2578
11924000,6588.932279,3623,198,0.494899,0.3516
11926000,8977.025241,3636,212,0.691328,0.2891
11928000,9348.351425,3627,218,0.857171,0.3594
11930000,8906.996376,3641,216,0.672097,0.3438
11932000,8781.959678,3622,219,0.665382,0.3047
11934000,7982.031788,3607,232,0.602271,0.3047
11936000,7987.986791,3644,206,0.601619,0.2656
11938000,5933.041867,3640,203,0.450709,0.3047
11940000,5386.234184,3652,218,0.328236,0.2344
11942000,8556.174547,3637,215,0.781417,0.2422
11944000,8648.483644,3638,213,0.777121,0.3125
11946000,8852.691350,3629,203,0.790228,0.3438
11948000,8831.055706,3634,208,0.789199,0.2969
11950000,8909.080697,3612,201,0.802907,0.2344
11952000,10550.504818,3577,210,0.903241,0.2891
11954000,8784.034251,3582,210,0.839200,0.2891
11956000,8603.447102,3583,217,0.834868,0.2266
11958000,9715.960012,3577,225,0.877325,0.3359
11960000,10400.908701,3582,247,0.895800,0.3516
11962000,10607.820225,3599,226,0.898953,0.2266
11964000,6684.908262,3609,228,0.627558,0.2656
11966000,6598.142059,3625,214,0.625557,0.3672
11968000,7150.029773,3626,208,0.683763,0.2188
11970000,6652.102125,3603,213,0.603078,0.2344
11972000,5720.725031,3581,218,0.575932,0.3281
11974000,5920.533556,3567,226,0.633940,0.3125
11976000,5841.098421,3570,247,0.734847,0.3672
11978000,5954.967719,3590,232,0.742463,0.3125
11980000,5957.252672,3588,224,0.741532,0.2891
11982000,5844.784944,3617,207,0.655096,0.3125
11984000,5491.488989,3601,214,0.356654,0.3047
11986000,5814.605034,3615,206,0.313050,0.2891
11988000,5892.303960,3615,193,0.370320,0.3047
11990000,6115.216820,3614,208,0.493901,0.2500
11992000,6209.832969,3645,200,0.490459,0.2344
11994000,6190.543353,3619,209,0.545553,0.3125
11996000,6261.277459,3602,219,0.557608,0.2891
11998000,6107.626625,3582,233,0.564009,0.3281
12000000,5496.707054,3597,235,0.201047,0.3438
12002000,5284.619931,3590,207,0.191326,0.2734
12004000,5278.874607,3586,209,0.183583,0.3203
12006000,5306.423773,3557,216,0.186393,0.2812
12008000,5692.695962,3570,229,0.145206,0.2891
12010000,5343.316060,3556,258,0.085044,0.2891
12012000,5359.056413,3544,240,0.139478,0.2578
12014000,5348.605392,3524,246,0.138059,0.2500
12016000,4794.055306,3553,224,0.135125,0.2266
12018000,4708.140072,3544,233,0.142789,0.2812
12020000,4782.385784,3548,244,0.157119,0.3750
12022000,4819.823557,3548,229,0.156327,0.2891
12024000,5172.236572,3549,228,0.134020,0.3359
12026000,4315.234384,3572,230,0.111881,0.3281
12028000,4196.345408,3541,230,0.150334,0.3516
12030000,4211.203175,3528,230,0.120296,0.2891
12032000,4143.603358,3544,228,0.116936,0.3438
12034000,3810.584762,3539,204,0.082641,0.3359
12036000,4096.291700,3534,224,0.123645,0.3203
12038000,4314.954848,3520,227,0.212300,0.3359
12040000,4294.257495,3521,225,0.318909,0.2969
12042000,4216.642589,3529,225,0.254287,0.3047
12044000,4172.174400,3539,224,0.217889,0.3125
12046000,4283.892083,3543,244,0.220587,0.3594
12048000,4917.636872,3553,238,0.370096,0.2422
12050000,4924.968065,3561,234,0.369738,0.2656
12052000,4895.114898,3586,214,0.382867,0.2969
12054000,4179.420072,3608,215,0.555807,0.3047
12056000,3806.418394,3580,228,0.498560,0.2734
12058000,3376.848983,3597,206,0.217196,0.2656
12060000,3368.459653,3568,213,0.208718,0.3750
12062000,3387.164162,3596,221,0.213517,0.2578
12064000,3537.466346,3565,215,0.159018,0.3125
12066000,3473.718581,3561,206,0.137620,0.2656
12068000,3623.442375,3572,214,0.174501,0.3281
12070000,3974.787775,3552,223,0.328946,0.3281
12072000,3565.195335,3553,227,0.131333,0.3203
12074000,4207.201319,3559,217,0.381470,0.3672
12076000,5352.704172,3540,236,0.572569,0.2578
12078000,5348.574172,3549,234,0.575651,0.3281
12080000,4085.348961,3548,221,0.417492,0.3281
12082000,5224.328789,3541,213,0.540081,0.2812
12084000,5240.314836,3556,223,0.542356,0.2969
12086000,5181.164169,3571,225,0.574953,0.3125
12088000,5258.650887,3578,231,0.615028,0.3047
12090000,5303.371861,3570,224,0.679082,0.2734
12092000,4520.467932,3595,232,0.599338,0.3125
12094000,4505.989408,3608,231,0.599761,0.2500
12096000,4452.185737,3591,210,0.579707,0.3438
12098000,4403.647000,3582,187,0.584056,0.2422
12100000,4407.096956,3565,207,0.579017,0.2422
12102000,3896.199331,3545,247,0.343400,0.3125
12104000,3979.299285,3545,237,0.342658,0.2656
12106000,3950.644165,3530,251,0.346781,0.2734
12108000,5096.743320,3559,245,0.590171,0.3125
12110000,5688.685145,3565,232,0.716946,0.3125
12112000,3312.455923,3549,224,0.172174,0.2500
12114000,3292.436367,3553,220,0.164992,0.2266
12116000,3802.996101,3537,224,0.304037,0.3203
12118000,3805.803114,3554,215,0.307144,0.2266
12120000,3969.903898,3531,235,0.468145,0.3281
12122000,3960.165156,3535,247,0.455756,0.2734
12124000,3988.984147,3538,251,0.462145,0.1875
12126000,3829.268930,3536,253,0.373176,0.3125
12128000,3853.620194,3531,238,0.378919,0.3984
12130000,3822.686124,3560,212,0.264482,0.2734
12132000,3770.679945,3555,221,0.218367,0.3359
12134000,3821.427576,3573,217,0.258745,0.2969
12136000,3811.403266,3545,235,0.260733,0.3438
12138000,3748.089771,3544,249,0.295052,0.3594
12140000,3736.919018,3575,234,0.291782,0.3516
12142000,3734.330435,3594,231,0.245731,0.3047
12144000,3803.573911,3572,236,0.272477,0.2734
12146000,3776.917789,3575,239,0.269722,0.2656
12148000,3691.384364,3571,222,0.092586,0.2422
12150000,3529.148586,3588,230,0.299418,0.2812
12152000,3517.524887,3553,243,0.265129,0.2266
12154000,3371.991827,3575,229,0.252834,0.2891
12156000,3239.346690,3546,253,0.205662,0.3047
12158000,3240.594751,3545,227,0.209111,0.2500
12160000,3241.170176,3542,231,0.235175,0.3281
12162000,3231.670206,3543,228,0.217505,0.2656
12164000,3763.762904,3533,237,0.360528,0.3516
12166000,3752.990272,3569,210,0.324624,0.2891
12168000,3761.901865,3545,232,0.328027,0.2969
12170000,3775.530250,3539,237,0.324471,0.3125
12172000,3719.362061,3551,239,0.229011,0.2812
12174000,3200.298010,3556,213,0.080750,0.3438
12176000,3204.807532,3582,218,0.082893,0.3203
12178000,3089.587039,3579,215,0.105104,0.2891
12180000,3327.546834,3580,214,0.131410,0.2578
12182000,3629.329301,3577,215,0.179480,0.2734
12184000,3867.123241,3566,200,0.267989,0.3281
12186000,3923.469927,3555,218,0.271525,0.2812
12188000,3823.625686,3581,208,0.311314,0.3047
12190000,4094.532026,3591,216,0.267606,0.2500
12192000,4106.236639,3581,213,0.266999,0.3203
12194000,4157.508295,3586,221,0.251626,0.3516
12196000,3667.169752,3564,222,0.262694,0.2969
12198000,3581.625288,3559,215,0.254500,0.3125
12200000,4122.017707,3582,221,0.253635,0.2891
12202000,4119.489633,3567,219,0.254622,0.3281
12204000,3943.374561,3576,207,0.173845,0.3281
12206000,3879.475427,3588,202,0.156652,0.2812
12208000,3885.474862,3616,214,0.134644,0.2500
12210000,3647.663403,3602,226,0.153947,0.2969
12212000,3648.307198,3598,218,0.164485,0.2734
12214000,3635.727840,3581,241,0.160991,0.2422
12216000,3678.432300,3572,228,0.135650,0.3438
12218000,3588.178421,3544,237,0.168285,0.2734
12220000,3546.619695,3543,245,0.183876,0.2578
12222000,3374.259662,3573,230,0.118505,0.3047
12224000,3394.946987,3586,219,0.124179,0.2891
12226000,3486.477562,3582,226,0.104140,0.3281
12228000,3459.690221,3579,216,0.112358,0.3281
12230000,3536.792935,3602,221,0.146263,0.3438
12232000,3568.237963,3601,238,0.156186,0.2188
12234000,3495.792997,3578,236,0.140106,0.2266
12236000,3486.687121,3599,226,0.230363,0.2656
12238000,3516.300806,3608,224,0.179757,0.2969
12240000,4171.316757,3594,208,0.226691,0.2891
12242000,6070.854638,3600,206,0.519736,0.3047
12244000,6337.428255,3616,208,0.709643,0.2266
12246000,6319.281584,3626,204,0.705725,0.3672
12248000,4382.933941,3631,203,0.127038,0.2969
12250000,4366.840354,3645,203,0.123403,0.2578
12252000,4261.260246,3646,215,0.203518,0.2734
12254000,4511.524850,3635,208,0.166381,0.2969
12256000,4430.347248,3631,214,0.154249,0.2422
12258000,4703.309942,3609,214,0.383230,0.3125
12260000,5133.821514,3601,221,0.363093,0.3125
12262000,4396.840561,3590,214,0.101910,0.2578
12264000,4341.229778,3595,208,0.084217,0.2578
12266000,4231.685903,3604,207,0.067682,0.3906
12268000,4534.699396,3607,219,0.128098,0.2344
12270000,5401.123678,3581,230,0.123985,0.3203
12272000,5364.889038,3595,214,0.047355,0.3359
12274000,5969.833126,3575,210,0.387606,0.3047
12276000,5781.438350,3579,213,0.335981,0.2578
12278000,5707.346664,3583,211,0.353195,0.3516
12280000,4644.362922,3589,207,0.136245,0.2578
12282000,4613.970448,3578,212,0.158200,0.2734
12284000,5984.557681,3604,215,0.452396,0.2422
12286000,5323.957391,3596,211,0.507068,0.3594
12288000,5454.509175,3588,210,0.551627,0.1953
12290000,4643.660549,3561,221,0.492397,0.3359
12292000,4622.015399,3558,227,0.353899,0.3203
12294000,4656.352069,3553,225,0.323782,0.3125
12296000,4505.131968,3544,227,0.325769,0.3125
12298000,4465.612960,3550,228,0.348871,0.2656
12300000,4831.408522,3540,233,0.352244,0.2500
12302000,5109.671591,3557,225,0.409181,0.2422
12304000,4619.626698,3565,236,0.514721,0.2188
12306000,4579.218189,3572,225,0.495012,0.2656
12308000,4562.408773,3566,213,0.493575,0.3125
12310000,3725.540987,3556,218,0.089946,0.2422
12312000,3715.891192,3559,212,0.079959,0.1641
12314000,7451.147202,3569,218,0.713313,0.2578
12316000,7294.225402,3570,221,0.627489,0.3047
12318000,4546.796436,3550,237,0.164445,0.3047
12320000,4573.679055,3519,239,0.169447,0.2500
12322000,4516.621880,3558,215,0.164525,0.3125
12324000,4364.656546,3572,223,0.200151,0.2969
12326000,4476.324258,3573,228,0.219495,0.3281
12328000,4457.677108,3571,222,0.237521,0.3672
12330000,4782.933329,3529,237,0.350185,0.3125
12332000,4328.910900,3546,245,0.185808,0.2734
12334000,4163.107860,3579,221,0.173471,0.2969
12336000,4177.987038,3607,202,0.169699,0.2109
12338000,4345.741553,3580,235,0.183990,0.2422
12340000,4334.557096,3570,229,0.186218,0.2500
12342000,4353.837924,3592,228,0.185972,0.3203
12344000,4335.367519,3567,222,0.182886,0.2891
12346000,4555.810042,3575,211,0.267853,0.2891
12348000,4732.448871,3588,203,0.282277,0.3281
12350000,4603.487075,3585,204,0.183763,0.2812
12352000,4547.858186,3578,216,0.162082,0.3281
12354000,4509.885451,3594,216,0.150896,0.3203
12356000,4572.565503,3591,223,0.156130,0.3516
12358000,4309.680272,3593,201,0.104830,0.2969
12360000,4316.291434,3591,211,0.103456,0.3047
12362000,4764.940692,3609,208,0.192952,0.2578
12364000,4532.298234,3622,206,0.130562,0.2734
12366000,4639.885348,3614,201,0.166649,0.2734
12368000,4299.874394,3609,199,0.148870,0.2109
12370000,4284.538637,3590,212,0.143944,0.3203
12372000,4259.838884,3604,215,0.132798,0.3359
12374000,4375.045386,3599,199,0.465242,0.2734
12376000,4433.538274,3582,203,0.446641,0.2578
12378000,4562.662004,3599,200,0.450334,0.3281
12380000,4746.124544,3593,215,0.352201,0.2969
12382000,4108.942019,3608,206,0.259498,0.3594
12384000,4142.219142,3617,208,0.239973,0.3438
12386000,4160.508400,3602,227,0.282682,0.2969
12388000,3695.881324,3609,214,0.136477,0.2109
12390000,4347.745198,3593,206,0.358270,0.2578
12392000,4546.321943,3605,207,0.298812,0.1797
12394000,4632.064066,3574,229,0.265821,0.3516
12396000,5001.502039,3589,217,0.258509,0.3672
12398000,4936.447324,3599,216,0.247729,0.2500
12400000,4858.658135,3592,220,0.268674,0.3047
12402000,4710.776152,3581,223,0.220915,0.3438
12404000,4776.495114,3583,222,0.218257,0.3672
12406000,3947.949180,3570,227,0.449046,0.2969
12408000,4113.609411,3571,215,0.398046,0.2812
12410000,4177.675597,3550,222,0.406790,0.2656
12412000,4291.683810,3566,224,0.411238,0.2344
12414000,4720.745462,3512,246,0.564145,0.3047
12416000,7078.337309,3547,217,0.818962,0.2969
12418000,6630.323162,3549,206,0.786490,0.3125
12420000,6614.124388,3559,211,0.784011,0.3125
12422000,6780.588234,3552,227,0.792326,0.3438
12424000,7508.446352,3585,228,0.581703,0.2812
12426000,6841.358983,3586,207,0.797277,0.2812
12428000,6200.556124,3598,198,0.689325,0.2500
12430000,7237.053418,3600,211,0.512971,0.1953
12432000,7220.103083,3611,193,0.506694,0.2422
12434000,4007.251595,3602,192,0.133956,0.3672
12436000,3923.468211,3609,199,0.151531,0.3047
12438000,3909.275697,3615,214,0.150246,0.3906
12440000,4028.758142,3601,222,0.344538,0.2891
12442000,3713.692315,3595,226,0.012480,0.3203
12444000,3705.099609,3629,196,0.013857,0.2734
12446000,3459.272171,3633,194,0.029517,0.2578
12448000,3453.063039,3638,197,0.029565,0.3359
12450000,3782.015328,3615,203,0.035155,0.3047
12452000,3829.262938,3583,213,0.040887,0.2422
12454000,3606.751285,3615,187,0.065694,0.2812
12456000,3584.466595,3572,217,0.065817,0.3750
12458000,3592.927015,3576,215,0.063339,0.3594
12460000,3575.443960,3593,198,0.067629,0.3203
12462000,5903.478999,3563,209,0.409015,0.3438
12464000,7524.490723,3564,201,0.716566,0.2656
12466000,4924.230439,3596,201,0.517259,0.3281
12468000,4456.609494,3607,203,0.438989,0.3203
12470000,6494.078858,3612,207,0.647933,0.3281
12472000,6392.904880,3587,216,0.440366,0.2812
12474000,9052.315264,3590,209,0.638423,0.2891
12476000,6465.977914,3574,208,0.133017,0.2344
12478000,6968.137319,3592,216,0.379777,0.2812
12480000,3650.666882,3556,227,0.216045,0.2734
12482000,5151.505704,3541,233,0.399537,0.3281
12484000,5172.686298,3558,213,0.399727,0.2812
12486000,8087.531630,3558,222,0.706746,0.3047
12488000,8054.425922,3583,208,0.703453,0.3125
12490000,8058.821560,3583,223,0.707381,0.2812
12492000,6577.251008,3619,218,0.650805,0.2734
12494000,4884.291375,3586,221,0.519884,0.3438
12496000,4821.173301,3590,227,0.511895,0.3203
12498000,6334.543182,3550,232,0.546733,0.2812
12500000,6053.487140,3534,239,0.494862,0.2891
12502000,5950.301098,3524,254,0.491631,0.2891
12504000,6320.261552,3562,232,0.578705,0.2578
12506000,4901.891363,3580,219,0.564953,0.2266
12508000,4398.957151,3581,223,0.429351,0.2812
12510000,7129.590611,3605,206,0.685474,0.3516
12512000,4098.639156,3599,211,0.051633,0.2734
12514000,4150.789262,3615,199,0.048473,0.2188
12516000,4671.217679,3600,207,0.339854,0.2656
12518000,4479.908100,3551,244,0.365978,0.2422
12520000,4434.590708,3564,224,0.359994,0.2578
12522000,4692.320706,3594,204,0.384409,0.2188
12524000,4996.853951,3599,210,0.399661,0.2891
12526000,5071.424794,3599,194,0.396476,0.2344
12528000,4596.384082,3591,206,0.169720,0.2734
12530000,4630.142928,3605,203,0.164320,0.2266
12532000,4602.972038,3586,219,0.171162,0.2891
12534000,5171.374797,3601,195,0.478496,0.2969
12536000,5690.437951,3564,205,0.477154,0.3125
12538000,5754.565618,3574,211,0.434899,0.3828
12540000,9105.446059,3579,221,0.747838,0.2891
12542000,8450.177060,3563,219,0.692513,0.2656
12544000,6485.603619,3574,213,0.582785,0.2656
12546000,6534.480384,3576,215,0.577413,0.3438
12548000,6421.171882,3582,221,0.582333,0.2344
12550000,8334.948746,3558,229,0.667513,0.2969
12552000,8189.279106,3562,233,0.679155,0.2969
12554000,7789.576545,3582,224,0.745203,0.2969
12556000,5498.703879,3575,226,0.246384,0.2500
12558000,7176.099751,3595,207,0.627450,0.2734
12560000,7181.629822,3581,203,0.641607,0.2891
12562000,7072.086237,3577,209,0.628931,0.3047
12564000,7447.303704,3570,222,0.656641,0.2891
12566000,6334.232284,3602,195,0.438427,0.2734
12568000,7505.782131,3608,201,0.645549,0.2969
12570000,5579.056544,3563,221,0.447217,0.3828
12572000,5502.063458,3553,208,0.455494,0.2969
12574000,5539.474483,3553,220,0.452640,0.3359
12576000,5064.524617,3545,240,0.481859,0.2578
12578000,5078.119300,3551,226,0.483032,0.3594
12580000,6806.746915,3564,227,0.623553,0.2812
12582000,7271.672021,3562,222,0.669622,0.2578
12584000,7255.359416,3571,216,0.672440,0.2500
12586000,8511.604889,3571,217,0.739542,0.2188
12588000,7798.485103,3562,222,0.297002,0.2969
12590000,7651.749999,3546,229,0.303179,0.3672
12592000,6996.088309,3531,224,0.439950,0.3984
12594000,7065.711637,3497,226,0.474204,0.4062
12596000,5649.487925,3526,221,0.162032,0.3203
12598000,6041.731354,3546,224,0.166566,0.3594
12600000,6167.571668,3550,213,0.302227,0.2500
12602000,6066.182897,3539,229,0.224077,0.3359
12604000,4991.815546,3530,231,0.074771,0.3047
12606000,5072.782889,3525,237,0.081493,0.3828
12608000,4361.334490,3502,236,0.026384,0.2891
12610000,4638.021905,3539,221,0.037979,0.3125
12612000,4668.749666,3550,219,0.032601,0.2344
12614000,7378.415201,3564,218,0.442109,0.3125
12616000,6662.507033,3564,226,0.435575,0.2812
12618000,5901.283762,3557,214,0.586023,0.3750
12620000,6130.701823,3581,234,0.370749,0.3516
12622000,6861.461248,3573,238,0.377729,0.2578
12624000,6582.516736,3584,227,0.346002,0.2188
12626000,5885.082842,3586,222,0.144615,0.2734
12628000,4845.402809,3585,221,0.044505,0.2812
12630000,4776.801236,3596,220,0.041018,0.3203
12632000,5558.884522,3634,193,0.134297,0.2969
12634000,6140.326605,3633,196,0.477437,0.2734
12636000,6065.138825,3625,190,0.360951,0.2500
12638000,6448.421091,3596,208,0.608768,0.2812
12640000,6646.211304,3592,211,0.625881,0.2656
12642000,6298.930388,3592,228,0.549583,0.2656
12644000,6339.491018,3617,215,0.531600,0.2188
12646000,6419.802091,3612,201,0.533636,0.3594
12648000,6247.517861,3631,194,0.499365,0.2734
12650000,6130.382628,3616,215,0.503619,0.2500
12652000,6040.916385,3612,195,0.500293,0.2422
12654000,5727.572228,3615,210,0.600520,0.2891
12656000,5484.950119,3598,207,0.491031,0.2188
12658000,5515.146417,3594,207,0.498573,0.2891
12660000,5480.222868,3616,203,0.480840,0.3203
12662000,5743.984407,3603,197,0.669964,0.2812
12664000,5138.516594,3585,216,0.455194,0.2422
12666000,5270.018724,3591,214,0.472734,0.3125
12668000,5180.252428,3587,219,0.465208,0.3281
12670000,5278.110510,3568,218,0.466163,0.2578
12672000,5209.957135,3562,219,0.481575,0.3047
12674000,5922.361163,3555,231,0.663256,0.3203
12676000,5942.256039,3531,231,0.658697,0.3125
12678000,5405.428848,3570,217,0.646489,0.2891
12680000,5008.309599,3541,234,0.460219,0.2969
12682000,4970.539695,3545,231,0.451164,0.3125
12684000,5004.331407,3532,245,0.455280,0.2422
12686000,3675.920514,3542,252,0.170191,0.3125
12688000,3667.081642,3555,242,0.169881,0.3125
12690000,3664.332755,3568,214,0.188126,0.3438
12692000,6248.920391,3603,211,0.492229,0.2656
12694000,6280.342794,3581,228,0.434344,0.2656
12696000,6060.025229,3591,219,0.396794,0.3281
12698000,4187.217114,3598,214,0.359478,0.2500
12700000,4786.384343,3607,205,0.411482,0.2734
12702000,4805.295582,3613,207,0.409776,0.3281
12704000,5267.531290,3613,204,0.472617,0.2656
12706000,4125.976700,3617,198,0.237035,0.3047
12708000,5047.976209,3604,185,0.354969,0.2734
12710000,5637.323206,3627,184,0.490954,0.2578
12712000,5409.358684,3614,201,0.478919,0.2344
12714000,5464.569794,3608,212,0.479006,0.3594
12716000,5460.782522,3589,218,0.479071,0.4062
12718000,6001.759998,3588,224,0.535812,0.3125
12720000,5759.733680,3589,231,0.577379,0.3359
12722000,5848.491240,3607,225,0.488332,0.2812
12724000,5166.341161,3595,230,0.345072,0.3125
12726000,5208.554062,3593,221,0.352400,0.3203
12728000,5123.447134,3593,233,0.101220,0.2656
12730000,5133.352767,3572,240,0.120979,0.3359
12732000,8046.740432,3565,227,0.454618,0.2812
12734000,7080.206677,3569,219,0.401676,0.2734
12736000,7251.195439,3597,219,0.561346,0.2812
12738000,7122.176834,3624,220,0.556564,0.2969
12740000,4618.759440,3619,221,0.047140,0.2812
12742000,4632.384919,3618,218,0.045943,0.2344
12744000,4631.338964,3636,201,0.045053,0.2734
12746000,4977.139541,3642,193,0.129942,0.3047
12748000,4864.172034,3627,201,0.183651,0.2188
12750000,4874.314524,3630,193,0.185133,0.3203
12752000,5028.711844,3651,193,0.185445,0.2969
12754000,5006.750965,3604,221,0.185418,0.3281
12756000,7098.031333,3644,213,0.509164,0.3203
12758000,4892.505810,3627,221,0.132591,0.2812
12760000,4853.182706,3625,229,0.123141,0.2422
12762000,5118.733844,3623,226,0.137616,0.2266
12764000,5173.116067,3629,234,0.158234,0.2188
12766000,8785.828017,3607,233,0.549014,0.2266
12768000,6949.720501,3625,217,0.585373,0.3438
12770000,8136.124674,3604,227,0.681404,0.2422
12772000,4857.248506,3609,231,0.320816,0.3359
12774000,8210.819582,3577,236,0.650223,0.2344
12776000,4616.622300,3585,239,0.404092,0.2734
12778000,5337.298331,3589,237,0.535799,0.2578
12780000,5637.189104,3579,237,0.539398,0.2422
12782000,5677.743452,3568,240,0.552663,0.2969
12784000,5614.484868,3549,234,0.552557,0.2812
12786000,5199.191943,3513,249,0.421478,0.3516
12788000,5592.901050,3530,250,0.543310,0.3672
12790000,5504.611359,3529,232,0.526456,0.3594
12792000,5274.463006,3548,229,0.110138,0.3125
12794000,6220.343551,3560,217,0.473009,0.3047
12796000,6298.707671,3547,232,0.485645,0.3125
12798000,6325.762568,3561,234,0.496479,0.3281
12800000,8061.409555,3564,214,0.539157,0.3125
12802000,7898.185227,3568,225,0.519263,0.2891
12804000,7872.290864,3556,204,0.545815,0.2578
12806000,8501.325467,3563,218,0.615289,0.2500
12808000,7945.086766,3559,231,0.545339,0.3203
12810000,8105.150479,3549,244,0.577761,0.2734
12812000,7548.480794,3563,235,0.422787,0.2578
12814000,6230.056212,3560,231,0.471063,0.2812
12816000,6499.564014,3548,232,0.438480,0.3594
12818000,6724.027716,3552,227,0.708830,0.2812
12820000,7644.612190,3563,218,0.635585,0.2578
12822000,4450.788008,3581,206,0.124312,0.3750
12824000,3967.929906,3591,218,0.060121,0.3594
12826000,3777.177650,3570,216,0.053811,0.3750
12828000,8811.745491,3606,200,0.712708,0.2891
12830000,8139.563617,3599,207,0.779983,0.2969
12832000,7888.901317,3614,196,0.701322,0.2578
12834000,7864.655096,3628,190,0.697892,0.3672
12836000,7829.264466,3622,180,0.700427,0.2969
12838000,7235.956233,3627,201,0.707609,0.2578
12840000,4553.188122,3649,192,0.048764,0.2266
12842000,5108.905251,3608,198,0.028574,0.2109
12844000,5208.871445,3599,211,0.030172,0.3516
12846000,3920.708213,3601,200,0.080344,0.3125
12848000,5048.605981,3577,216,0.388216,0.2578
12850000,4933.105931,3581,218,0.371400,0.2812
12852000,4237.417844,3577,222,0.314721,0.2656
12854000,6962.240387,3593,212,0.595079,0.2891
12856000,7433.187052,3582,214,0.555837,0.2969
12858000,6963.510222,3571,218,0.542222,0.2656
12860000,6991.937691,3568,230,0.544570,0.2656
12862000,5874.890224,3574,236,0.501400,0.2656
12864000,6018.555466,3567,231,0.393891,0.3438
12866000,5996.173640,3569,214,0.540636,0.3359
12868000,6019.456720,3588,220,0.647131,0.2578
12870000,4981.791959,3595,217,0.383684,0.3672
12872000,4998.623320,3591,228,0.386457,0.3516
12874000,5007.468916,3583,232,0.369725,0.2188
12876000,5254.941171,3573,192,0.464498,0.2656
12878000,4955.077318,3568,200,0.478852,0.2812
12880000,5002.617642,3556,218,0.462519,0.3047
12882000,5010.971360,3543,223,0.401854,0.3594
12884000,6022.749816,3559,221,0.664037,0.3359
12886000,6062.729642,3560,219,0.667669,0.3203
12888000,4872.472974,3559,220,0.477934,0.2812
12890000,5320.707023,3590,193,0.584881,0.3047
12892000,5319.800899,3583,188,0.595088,0.3438
12894000,5283.213304,3588,203,0.598813,0.2812
12896000,4496.670724,3585,220,0.398402,0.3203
12898000,4505.276895,3578,220,0.389925,0.3125
12900000,4788.216433,3590,211,0.517302,0.2656
12902000,5015.127070,3609,196,0.403685,0.2500
12904000,5102.605810,3586,230,0.374360,0.2031
12906000,5096.628559,3576,229,0.373131,0.2578
12908000,4988.916088,3585,229,0.375418,0.2422
12910000,5105.246586,3624,202,0.426411,0.3125
12912000,4760.328288,3620,202,0.374720,0.3594
12914000,4918.206176,3605,195,0.337350,0.2500
12916000,5077.245454,3602,184,0.351650,0.2891
12918000,5066.961519,3591,206,0.343171,0.2500
12920000,4995.969832,3589,201,0.339207,0.2500
12922000,4949.702822,3610,207,0.314381,0.2109
12924000,4978.594843,3563,214,0.321930,0.2969
12926000,4352.905695,3588,209,0.163978,0.2969
12928000,3971.665549,3615,218,0.400080,0.3125
12930000,4492.950658,3635,203,0.425219,0.2578
12932000,4595.133111,3630,200,0.442990,0.2109
12934000,4461.541048,3581,201,0.318271,0.3438
12936000,5458.845365,3579,213,0.631020,0.3438
12938000,4804.972454,3572,206,0.350072,0.3359
12940000,5470.160515,3575,207,0.622413,0.3594
12942000,4930.618434,3582,208,0.646561,0.2812
12944000,4922.287235,3640,185,0.632211,0.2969
12946000,5347.300853,3626,184,0.653226,0.2812
12948000,5249.442016,3614,202,0.646824,0.2188
12950000,5493.731963,3612,212,0.704650,0.2891
12952000,5514.359387,3626,217,0.710737,0.2734
12954000,5483.774016,3604,210,0.715743,0.2812
12956000,4748.890041,3592,216,0.419456,0.3438
12958000,5311.535598,3560,226,0.690111,0.3906
12960000,5144.452665,3585,218,0.630459,0.3281
12962000,4857.304913,3554,229,0.608059,0.3594
12964000,4848.469797,3573,237,0.606090,0.3516
12966000,5020.873325,3581,217,0.615344,0.2734
12968000,5017.123968,3582,218,0.616378,0.2422
12970000,5034.970478,3581,201,0.618147,0.2969
12972000,5176.526768,3564,216,0.650493,0.2578
12974000,4798.843111,3587,218,0.577165,0.2578
12976000,4876.669864,3586,224,0.597165,0.3125
12978000,6008.019444,3547,232,0.694520,0.2734
12980000,6072.398815,3544,225,0.708914,0.2188
12982000,6005.450718,3571,221,0.703095,0.2422
12984000,6039.809559,3572,202,0.705654,0.2891
12986000,6361.926981,3552,196,0.759240,0.2734
12988000,6376.022799,3536,212,0.773750,0.2891
12990000,6327.476463,3529,232,0.772702,0.2891
12992000,6358.989793,3566,222,0.774157,0.3047
12994000,6400.095756,3589,212,0.778427,0.2578
12996000,5606.920151,3577,217,0.604134,0.3203
12998000,5521.996661,3583,220,0.739959,0.3125
13000000,5623.219362,3560,225,0.749203,0.2656
13002000,5837.321642,3567,223,0.739315,0.3125
13004000,5800.606890,3551,228,0.669434,0.2891
13006000,5774.445219,3569,208,0.669974,0.3281
13008000,5814.484749,3514,220,0.699904,0.3281
13010000,5783.528556,3505,227,0.697923,0.3359
13012000,5856.443501,3550,206,0.702123,0.2891
13014000,5762.226259,3565,234,0.654843,0.3281
13016000,5676.429612,3565,237,0.684907,0.2891
13018000,5689.311124,3560,233,0.684110,0.3438
13020000,5590.616996,3568,223,0.671920,0.3594
13022000,5538.269689,3578,224,0.674705,0.2891
13024000,5510.480089,3569,224,0.672206,0.3750
13026000,5468.158688,3571,209,0.685031,0.2969
13028000,5474.748828,3571,218,0.680834,0.3203
13030000,5373.235557,3581,218,0.399478,0.3281
13032000,5461.248823,3592,236,0.363987,0.2578
13034000,5638.765270,3603,224,0.383070,0.2500
13036000,6417.490763,3596,227,0.739569,0.2734
13038000,6242.298864,3592,228,0.692740,0.2422
13040000,5446.387048,3601,229,0.350209,0.2812
13042000,5802.783159,3639,214,0.608703,0.3516
13044000,5834.575131,3629,225,0.611044,0.2891
13046000,6316.942101,3633,223,0.705937,0.3359
13048000,6806.347653,3645,218,0.748388,0.2812
13050000,6702.125642,3635,217,0.740784,0.3359
13052000,6716.844396,3611,236,0.711392,0.3438
13054000,6779.609504,3620,230,0.694449,0.2812
13056000,6719.670219,3651,211,0.733552,0.2578
13058000,6601.139019,3633,207,0.736882,0.2734
13060000,6475.627129,3621,198,0.741748,0.2500
13062000,6642.858010,3631,199,0.713555,0.3125
13064000,6411.305836,3618,203,0.570145,0.2578
13066000,6329.613216,3624,201,0.563245,0.2109
13068000,6588.731532,3634,186,0.587880,0.2969
13070000,6508.947087,3604,201,0.461857,0.3438
13072000,6569.391490,3565,226,0.490762,0.2812
13074000,6368.632486,3569,235,0.497284,0.3281
13076000,6262.574292,3590,201,0.525213,0.3516
13078000,5123.391139,3567,210,0.413120,0.2422
13080000,5293.568891,3559,205,0.444785,0.2578
13082000,5189.530433,3580,196,0.460267,0.2656
13084000,4881.136423,3567,214,0.347399,0.2266
13086000,5098.718412,3519,221,0.298580,0.2969
13088000,4875.219174,3525,217,0.347826,0.2891
13090000,5749.662551,3543,222,0.563301,0.2656
13092000,4755.426794,3555,215,0.319304,0.3047
13094000,4728.695301,3577,225,0.283869,0.2578
13096000,4859.367480,3585,213,0.331768,0.2891
13098000,4731.171468,3582,210,0.345792,0.1875
13100000,4721.996286,3574,224,0.347518,0.2812
13102000,6549.718529,3578,215,0.598415,0.3750
13104000,5192.877823,3567,237,0.434772,0.2891
13106000,5211.026820,3584,225,0.440277,0.3906
13108000,4187.970346,3603,208,0.407599,0.2734
13110000,4040.288160,3600,228,0.352600,0.2812
13112000,5980.382207,3637,212,0.594970,0.2109
13114000,5902.935635,3625,218,0.556151,0.3516
13116000,6077.371767,3625,198,0.541829,0.3516
13118000,5975.825333,3643,202,0.634832,0.2500
13120000,4796.837265,3626,211,0.494632,0.3047
13122000,4747.072919,3627,210,0.486085,0.2734
13124000,6062.935353,3622,197,0.705879,0.3125
13126000,6399.841539,3582,216,0.658647,0.2969
13128000,6369.779137,3615,194,0.641059,0.2422
13130000,6317.422616,3595,209,0.547855,0.2734
13132000,7211.150677,3557,218,0.698463,0.2969
13134000,4470.626170,3562,231,0.191741,0.2656
13136000,4445.339615,3570,220,0.188111,0.3281
13138000,6726.252567,3540,215,0.442940,0.3750
13140000,6286.119343,3557,218,0.614671,0.2812
13142000,4023.566324,3540,226,0.215167,0.3359
13144000,4169.343828,3542,243,0.184427,0.2734
13146000,4150.948101,3533,238,0.204645,0.2969
13148000,4182.257164,3539,231,0.207711,0.3359
13150000,5899.136293,3559,219,0.717377,0.2344
13152000,3333.015359,3596,222,0.117656,0.2656
13154000,3349.119919,3586,222,0.122719,0.2812
13156000,4066.550537,3595,233,0.147253,0.2578
13158000,4187.329864,3600,223,0.151167,0.3125
13160000,7471.291177,3598,224,0.724465,0.2891
13162000,7529.712699,3584,223,0.711372,0.2891
13164000,7557.372275,3606,214,0.726021,0.1875
13166000,3689.258104,3644,201,0.146853,0.3438
13168000,3832.630466,3652,210,0.122487,0.2500
13170000,3550.312493,3640,213,0.142019,0.2969
13172000,3598.903611,3623,212,0.157235,0.2578
13174000,6987.780027,3619,217,0.620029,0.3047
13176000,6972.742498,3618,225,0.620142,0.2344
13178000,6946.421564,3629,220,0.619388,0.2500
13180000,7526.303514,3619,223,0.677952,0.3906
13182000,8017.241118,3622,215,0.695154,0.2578
13184000,6808.490549,3623,210,0.732984,0.2891
13186000,6807.254683,3618,210,0.733042,0.3594
13188000,6634.411507,3597,239,0.708361,0.3047
13190000,6467.076021,3616,230,0.698755,0.2969
13192000,6433.396847,3606,226,0.693856,0.3281
13194000,6404.801853,3578,219,0.702386,0.3203
13196000,4878.335176,3616,186,0.456212,0.2734
13198000,5126.412955,3617,196,0.486020,0.3359
13200000,6813.863402,3621,173,0.593841,0.1719
13202000,6819.952952,3625,186,0.598871,0.2578
13204000,5953.119235,3590,208,0.454516,0.2500
13206000,10157.964866,3610,190,0.814253,0.2266
13208000,9547.065106,3624,207,0.809655,0.2578
13210000,9315.558782,3590,212,0.805461,0.2891
13212000,9235.317598,3581,210,0.824864,0.3516
13214000,5990.649310,3601,205,0.431898,0.3125
13216000,6012.000511,3597,214,0.437972,0.3125
13218000,7899.234892,3579,207,0.722354,0.2969
13220000,8920.641178,3539,228,0.774270,0.3359
13222000,5750.712759,3553,231,0.341693,0.2891
13224000,6274.416212,3587,214,0.491334,0.3359
13226000,4726.592067,3574,231,0.200030,0.3047
13228000,4780.997096,3575,223,0.207888,0.2266
13230000,4376.656396,3562,219,0.261209,0.2734
13232000,4972.253054,3577,221,0.282936,0.2891
13234000,5239.525208,3555,232,0.310821,0.3359
13236000,5034.544456,3591,227,0.304742,0.2812
13238000,5030.530607,3573,215,0.306680,0.3203
13240000,4975.683199,3544,220,0.299810,0.2891
13242000,6306.966090,3558,223,0.630972,0.2578
13244000,5797.370466,3559,221,0.709790,0.3359
13246000,6120.081537,3570,214,0.760775,0.3203
13248000,4472.986978,3597,228,0.203832,0.2812
13250000,4541.667589,3610,229,0.184476,0.2266
13252000,4372.059616,3581,228,0.310319,0.3281
13254000,4281.922643,3589,213,0.345236,0.2812
13256000,4119.812413,3581,225,0.380447,0.2734
13258000,4155.212174,3567,237,0.381594,0.2812
13260000,4093.065674,3566,210,0.373918,0.2422
13262000,4105.286853,3551,233,0.377551,0.3281
13264000,4189.194605,3561,221,0.385754,0.2656
13266000,4139.860008,3539,230,0.386835,0.4375
13268000,4178.713084,3550,229,0.396658,0.2656
13270000,4171.906611,3550,234,0.389033,0.2812
13272000,4180.599493,3528,235,0.383830,0.2891
13274000,4254.776156,3530,230,0.467703,0.2031
13276000,4226.822543,3554,235,0.467310,0.2266
13278000,4158.676990,3531,224,0.457430,0.2734
13280000,4081.757333,3543,214,0.448086,0.1953
13282000,4094.947935,3542,229,0.452338,0.3438
13284000,3850.720915,3527,221,0.391644,0.3203
13286000,3825.374311,3565,214,0.382601,0.2891
13288000,3825.475244,3520,221,0.388591,0.3359
13290000,3819.792906,3553,207,0.391086,0.3438
13292000,3845.394151,3573,202,0.434708,0.3125
13294000,4050.674799,3537,227,0.177813,0.3047
13296000,4126.314353,3545,229,0.174915,0.3125
13298000,4143.633744,3546,240,0.176143,0.3203
13300000,3853.993434,3530,248,0.444814,0.3203
13302000,3816.547458,3547,241,0.440709,0.3047
13304000,4397.411962,3562,230,0.309703,0.2734
13306000,4387.116269,3581,220,0.299817,0.3047
13308000,4342.480019,3552,241,0.312376,0.2891
13310000,4396.208393,3563,240,0.318101,0.2500
13312000,4370.497545,3570,227,0.316088,0.3828
13314000,4463.403898,3569,218,0.306731,0.2812
13316000,5023.314461,3559,223,0.410955,0.3203
13318000,4782.941045,3552,230,0.459164,0.2812
13320000,5349.099056,3534,241,0.517327,0.2969
13322000,5394.801084,3534,228,0.518958,0.3594
13324000,5269.366951,3548,251,0.511624,0.3516
13326000,5205.572477,3592,219,0.521421,0.3125
13328000,5214.607703,3584,211,0.520948,0.2891
13330000,3874.146283,3558,220,0.398674,0.2812
13332000,4052.796664,3594,200,0.401827,0.3281
13334000,4012.738960,3596,190,0.401459,0.2422
13336000,4712.289057,3595,208,0.390170,0.2891
13338000,5100.858944,3619,207,0.482076,0.2969
13340000,5419.487656,3628,196,0.532973,0.2656
13342000,5339.668699,3625,195,0.498218,0.3047
13344000,5074.814577,3606,202,0.461967,0.3203
13346000,4972.541589,3606,201,0.433630,0.2031
13348000,6155.352111,3599,198,0.538784,0.3281
13350000,6279.096482,3588,225,0.477851,0.2656
13352000,6282.752185,3579,229,0.482629,0.3438
13354000,6266.871307,3582,215,0.484684,0.2969
13356000,5749.091961,3579,227,0.426963,0.3125
13358000,5835.121236,3556,232,0.439124,0.2969
13360000,5079.788791,3598,227,0.308241,0.2031
13362000,5100.138297,3616,200,0.304104,0.2109
13364000,4310.530844,3657,195,0.136680,0.3203
13366000,4991.048794,3643,197,0.080581,0.3281
13368000,4945.856317,3651,191,0.093444,0.2969
13370000,4681.489896,3628,203,0.297091,0.2109
13372000,4552.705664,3633,193,0.327149,0.2422
13374000,4719.973831,3604,207,0.309071,0.2578
13376000,4487.171353,3569,220,0.349604,0.3203
13378000,4645.912932,3567,233,0.277349,0.3125
13380000,4905.739083,3583,234,0.477060,0.2812
13382000,4890.821853,3579,242,0.473686,0.3828
13384000,3842.373277,3604,224,0.139540,0.2656
13386000,3844.172946,3617,203,0.120904,0.2812
13388000,3751.784640,3604,204,0.125216,0.3359
13390000,3725.183235,3627,203,0.113122,0.1719
13392000,3767.474549,3619,213,0.120572,0.3516
13394000,3822.161034,3605,210,0.116369,0.3203
13396000,3903.724584,3587,228,0.097854,0.2969
13398000,3899.822061,3607,208,0.136924,0.2969
13400000,3872.973707,3596,217,0.127095,0.1875
13402000,5389.938171,3570,225,0.595189,0.2500
13404000,5390.980415,3605,210,0.598284,0.2812
13406000,5392.213785,3611,228,0.598019,0.3516
13408000,6558.935066,3631,211,0.334389,0.2500
13410000,6210.635914,3621,207,0.248784,0.2891
13412000,4244.272988,3612,219,0.070069,0.2812
13414000,4509.294442,3628,208,0.061175,0.3359
13416000,4643.534549,3615,202,0.073293,0.2969
13418000,5086.511193,3590,213,0.435838,0.2109
13420000,4947.300344,3603,203,0.415528,0.2500
13422000,4933.288645,3591,200,0.404993,0.2578
13424000,6155.052911,3556,207,0.628801,0.2812
13426000,6172.172138,3539,210,0.629908,0.2344
13428000,6150.613748,3559,234,0.633224,0.3203
13430000,6279.281515,3534,256,0.572376,0.2734
13432000,6242.388639,3541,239,0.564816,0.3125
13434000,6674.680951,3567,231,0.512625,0.3125
13436000,6163.022236,3550,237,0.464867,0.3594
13438000,3777.774882,3537,247,0.068089,0.3672
13440000,4264.702641,3547,238,0.164574,0.3203
13442000,4393.876498,3548,268,0.182327,0.3203
13444000,4969.119360,3554,251,0.274041,0.4062
13446000,4552.229084,3579,231,0.319792,0.2891
13448000,4773.766877,3608,210,0.237631,0.2734
13450000,4774.218577,3623,201,0.237072,0.1875
13452000,4726.471993,3600,197,0.334158,0.2656
13454000,5731.475258,3597,201,0.407715,0.2500
13456000,5061.421891,3631,193,0.397846,0.3047
13458000,5102.052759,3605,212,0.408422,0.2734
13460000,4229.428021,3624,195,0.011842,0.1953
13462000,4238.231096,3608,207,0.008109,0.2500
13464000,4280.798708,3611,225,0.004990,0.3047
13466000,4265.648678,3635,215,0.007986,0.2422
13468000,3809.777908,3623,202,0.090653,0.3125
13470000,4998.161271,3622,218,0.060098,0.2656
13472000,5003.068381,3612,211,0.063062,0.3047
13474000,5010.114111,3629,220,0.008344,0.2891
13476000,4751.016976,3634,210,0.004101,0.2734
13478000,6057.785701,3618,219,0.105735,0.3125
13480000,5980.260840,3646,212,0.103321,0.3672
13482000,5884.616179,3648,218,0.238910,0.2344
13484000,5988.449144,3631,224,0.081462,0.2969
13486000,8889.278619,3618,226,0.500485,0.2578
13488000,8793.753426,3632,226,0.507281,0.2812
13490000,8671.318855,3653,199,0.464415,0.2031
13492000,8584.781394,3690,165,0.516003,0.2266
13494000,9576.422660,3672,187,0.701303,0.2422
13496000,10151.519084,3652,201,0.786363,0.2734
13498000,8661.995573,3654,183,0.628331,0.2812
13500000,9149.349993,3660,186,0.765524,0.3438
13502000,8717.730266,3648,186,0.688827,0.2812
13504000,9145.809150,3661,188,0.788660,0.2891
13506000,6885.506119,3665,201,0.093534,0.2812
13508000,5805.641803,3640,213,0.345685,0.2969
13510000,5730.035474,3645,209,0.245157,0.3203
13512000,4805.688695,3655,199,0.180393,0.2734
13514000,4906.786844,3649,201,0.146599,0.2969
13516000,4756.253847,3640,204,0.186579,0.3281
13518000,5312.096558,3657,191,0.252298,0.3125
13520000,4839.300277,3647,205,0.199733,0.2656
13522000,5786.584596,3656,198,0.400433,0.2891
13524000,5393.450928,3661,207,0.298575,0.3047
13526000,6101.755968,3621,214,0.134519,0.3516
13528000,6045.973157,3640,217,0.133759,0.2266
13530000,5955.788252,3616,248,0.155226,0.2812
13532000,6341.446106,3615,216,0.135043,0.3281
13534000,6295.067381,3622,210,0.147884,0.2578
13536000,6545.130789,3617,216,0.165174,0.2969
13538000,6965.448018,3589,231,0.015050,0.3828
13540000,6492.345468,3597,228,0.118858,0.2344
13542000,4530.387891,3583,226,0.011668,0.2891
13544000,6107.983982,3607,223,0.381304,0.3125
13546000,6164.441919,3624,194,0.365283,0.2578
13548000,9250.761210,3589,212,0.585169,0.3047
13550000,10503.575693,3582,204,0.689174,0.2812
13552000,11626.134266,3590,219,0.882069,0.3281
13554000,10704.314490,3571,219,0.854455,0.2500
13556000,10733.403557,3574,226,0.817483,0.3281
13558000,8689.285219,3590,204,0.604563,0.2891
13560000,8670.414170,3584,206,0.599816,0.3047
13562000,8615.306218,3608,220,0.599604,0.2500
13564000,8829.701754,3579,222,0.779446,0.2422
13566000,8972.429301,3597,235,0.776493,0.3047
13568000,7496.093551,3589,230,0.513330,0.2891
13570000,7490.785705,3615,221,0.513204,0.3438
13572000,7017.739146,3607,207,0.347251,0.2188
13574000,10517.737743,3587,218,0.828955,0.3203
13576000,9795.179090,3580,222,0.688933,0.3984
13578000,10620.639096,3585,211,0.620446,0.1953
13580000,6693.066389,3620,205,0.275102,0.2734
13582000,10909.171359,3587,204,0.605291,0.2969
13584000,11547.044369,3610,210,0.819103,0.2422
13586000,11632.943113,3594,219,0.824758,0.3438
13588000,10652.462851,3609,217,0.805495,0.2188
13590000,10193.298211,3613,211,0.721551,0.2422
13592000,8978.391029,3640,213,0.573219,0.2422
13594000,5828.875301,3647,207,0.338347,0.2266
13596000,9269.250619,3640,205,0.398224,0.2578
13598000,9505.834061,3628,209,0.830245,0.2812
13600000,9402.130105,3612,203,0.834198,0.2344
13602000,9627.565269,3622,195,0.825017,0.2422
13604000,10708.270106,3627,201,0.848706,0.2109
13606000,7728.277339,3645,219,0.280670,0.3047
13608000,10874.015083,3641,214,0.704272,0.2656
13610000,9816.059303,3628,217,0.692804,0.2656
13612000,9695.040802,3613,223,0.600192,0.3047
13614000,6494.628782,3597,220,0.149658,0.2734
13616000,9934.948403,3619,212,0.809336,0.3516
13618000,8348.966421,3596,217,0.517090,0.3125
13620000,6499.993436,3625,194,0.497330,0.2891
13622000,6794.149421,3608,217,0.560927,0.3281
13624000,7331.130659,3611,211,0.688091,0.2891
13626000,6598.270275,3604,218,0.174476,0.3281
13628000,4590.797490,3602,231,0.046484,0.2031
13630000,6485.360171,3616,210,0.300355,0.2656
13632000,4611.786203,3621,206,0.069657,0.2969
13634000,5908.194547,3617,235,0.472910,0.3438
13636000,4396.122200,3631,199,0.086687,0.3125
13638000,4381.719244,3619,206,0.092003,0.2734
13640000,11275.466807,3624,219,0.786884,0.2344
13642000,11321.078808,3609,220,0.786444,0.2812
13644000,10419.937875,3641,216,0.736136,0.2969
13646000,9331.229195,3630,218,0.216974,0.2734
13648000,10682.524571,3627,213,0.758818,0.2500
13650000,11116.158008,3601,219,0.776852,0.2734
13652000,11296.678355,3603,201,0.851876,0.2969
13654000,10712.705967,3608,217,0.777478,0.2969
13656000,10438.727364,3591,221,0.769339,0.3359
13658000,8438.895815,3583,212,0.657058,0.2734
13660000,6544.526543,3595,220,0.346238,0.2656
13662000,7901.795353,3600,220,0.308999,0.3281
13664000,7977.049721,3618,213,0.330810,0.3359
13666000,7874.101260,3621,214,0.326357,0.3438
13668000,7649.226005,3643,205,0.309961,0.3516
13670000,9542.377146,3622,212,0.835902,0.3359
13672000,9606.407506,3620,213,0.835993,0.3047
13674000,5069.533549,3620,207,0.075931,0.3281
13676000,7172.323377,3569,232,0.616068,0.3203
13678000,7200.691599,3606,224,0.625131,0.2656
13680000,6758.951450,3593,216,0.586630,0.3281
13682000,7952.309859,3617,210,0.502395,0.2422
13684000,5463.746082,3618,209,0.439271,0.2656
13686000,5977.398309,3601,216,0.508728,0.3594
13688000,6024.236576,3613,192,0.513560,0.3047
13690000,9742.385028,3600,201,0.733278,0.3125
13692000,8995.510956,3618,192,0.761237,0.3125
13694000,9004.600922,3640,195,0.760072,0.3047
13696000,7407.600128,3651,193,0.381568,0.3047
13698000,4171.617489,3631,213,0.060595,0.3125
13700000,4152.661166,3648,193,0.061799,0.2578
13702000,8063.575114,3626,199,0.736982,0.2266
13704000,8489.359076,3627,204,0.759580,0.3203
13706000,7480.043962,3598,235,0.644694,0.2188
13708000,7495.766652,3603,223,0.633922,0.2891
13710000,6950.137537,3612,222,0.622476,0.3125
13712000,7016.964145,3633,222,0.636505,0.2734
13714000,6998.774231,3616,212,0.632196,0.3438
13716000,6487.727928,3630,214,0.495825,0.2891
13718000,7638.563944,3627,203,0.661713,0.2266
13720000,7662.717728,3640,201,0.590789,0.2578
13722000,7502.625501,3637,208,0.605890,0.3125
13724000,7788.347246,3616,200,0.621088,0.2891
13726000,7553.977148,3618,197,0.595436,0.2812
13728000,7717.566602,3626,214,0.604723,0.3672
13730000,7743.500970,3658,200,0.603193,0.2031
13732000,7781.918764,3633,200,0.627651,0.2500
13734000,7762.413013,3665,189,0.602300,0.3203
13736000,6770.476623,3650,189,0.352186,0.3125
13738000,7401.811078,3630,209,0.568140,0.2656
13740000,7603.841714,3616,221,0.579646,0.2656
13742000,8649.355812,3629,206,0.678693,0.2812
13744000,9491.192673,3635,210,0.754409,0.2734
13746000,7193.695250,3670,204,0.479276,0.3203
13748000,9560.990575,3685,200,0.532724,0.2578
13750000,6590.330400,3693,182,0.401043,0.2578
13752000,6562.188416,3652,209,0.399604,0.2891
13754000,6448.335163,3674,197,0.611853,0.3281
13756000,6473.001954,3686,209,0.580740,0.3438
13758000,8103.523535,3657,216,0.695673,0.2422
13760000,7704.243889,3650,207,0.650238,0.2656
13762000,7308.846591,3659,213,0.727136,0.2969
13764000,4377.691586,3652,196,0.154637,0.2812
13766000,3984.713802,3642,195,0.133887,0.3359
13768000,7245.573684,3630,188,0.658733,0.2266
13770000,7826.291426,3630,196,0.706165,0.3125
13772000,7382.679940,3603,201,0.503077,0.2344
13774000,6944.357574,3593,209,0.449654,0.2344
13776000,7938.069681,3588,209,0.438497,0.2578
13778000,7588.057403,3604,214,0.514247,0.3047
13780000,6723.216211,3615,213,0.477733,0.2891
13782000,6559.658274,3631,200,0.488241,0.2969
13784000,7765.112943,3639,192,0.430790,0.3047
13786000,8551.877141,3635,196,0.589859,0.2578
13788000,5519.910706,3640,203,0.372619,0.3125
13790000,5317.189031,3618,223,0.366578,0.3125
13792000,5329.562623,3616,213,0.375516,0.2188
13794000,6129.533609,3585,217,0.680795,0.2969
13796000,7665.959890,3587,224,0.771144,0.3125
13798000,6341.381176,3597,214,0.651383,0.2812
13800000,6800.768457,3579,213,0.576129,0.1641
13802000,5193.338760,3568,220,0.389551,0.2812
13804000,6267.747726,3560,224,0.571829,0.3281
13806000,5712.176491,3551,224,0.536445,0.2734
13808000,5741.776391,3563,225,0.537822,0.2969
13810000,6593.785015,3549,211,0.609626,0.2969
13812000,6422.622754,3549,232,0.615590,0.3438
13814000,6692.013856,3543,237,0.635270,0.3047
13816000,6741.891345,3567,216,0.633908,0.2422
13818000,5484.477812,3568,228,0.157107,0.2812
13820000,7230.334857,3570,241,0.461166,0.3047
13822000,6875.435285,3573,231,0.349869,0.2812
13824000,7501.423804,3547,232,0.634139,0.3359
13826000,7306.699256,3536,232,0.653963,0.2031
13828000,5679.484205,3558,239,0.491515,0.3438
13830000,4772.300519,3559,233,0.311179,0.3281
13832000,3937.066225,3581,230,0.221650,0.3516
13834000,7511.170885,3578,229,0.492064,0.2734
13836000,5699.549849,3575,223,0.065853,0.3438
13838000,5521.288227,3561,232,0.084055,0.3516
13840000,6645.051682,3589,243,0.395204,0.2656
13842000,6551.931172,3604,234,0.364802,0.2812
13844000,6529.678917,3624,223,0.341344,0.3047
13846000,6519.280586,3602,218,0.335590,0.3438
13848000,6827.917306,3605,200,0.354266,0.2891
13850000,6719.035033,3616,198,0.348290,0.2578
13852000,6632.408004,3599,210,0.612738,0.3359
13854000,4216.551292,3599,210,0.230555,0.2891
13856000,5532.632231,3599,213,0.334299,0.2500
13858000,5560.958873,3595,223,0.049432,0.3281
13860000,6708.792943,3610,207,0.072880,0.2734
13862000,7755.290724,3592,211,0.279151,0.3047
13864000,7767.466964,3563,225,0.268857,0.2812
13866000,7774.272264,3583,218,0.278779,0.2812
13868000,5489.690101,3581,224,0.019432,0.2891
13870000,5668.431855,3581,242,0.386666,0.2344
13872000,7491.446506,3585,241,0.516554,0.2344
13874000,7132.003256,3587,221,0.466002,0.2578
13876000,7019.763953,3576,234,0.468719,0.3672
13878000,6972.925160,3576,198,0.449481,0.2969
13880000,5682.888854,3581,219,0.496419,0.2500
13882000,4126.569415,3581,226,0.356635,0.3516
13884000,4527.227598,3593,228,0.294795,0.2812
13886000,5459.579702,3607,212,0.472638,0.3281
13888000,5440.387096,3615,216,0.313706,0.2891
13890000,5340.800355,3614,202,0.271042,0.3047
13892000,5052.031512,3621,201,0.246154,0.3516
13894000,7794.246506,3610,195,0.639204,0.3203
13896000,7838.252115,3623,190,0.633566,0.3594
13898000,8419.899224,3631,197,0.688203,0.3203
13900000,6683.958338,3639,208,0.615909,0.2891
13902000,6783.445091,3613,232,0.640218,0.2656
13904000,6715.590904,3632,216,0.625979,0.2656
13906000,4789.502631,3623,210,0.219580,0.2734
13908000,5350.461781,3607,207,0.335209,0.2734
13910000,5287.273052,3609,220,0.320141,0.3281
13912000,5464.465233,3645,207,0.331966,0.3203
13914000,5546.001463,3666,210,0.344065,0.3750
13916000,4984.526879,3683,209,0.491164,0.2656
13918000,6013.356754,3665,198,0.601269,0.2812
13920000,5696.673535,3639,214,0.451712,0.3750
13922000,6737.029017,3645,212,0.682757,0.2578
13924000,5105.838946,3617,203,0.291938,0.2109
13926000,4884.445748,3628,197,0.364217,0.3125
13928000,5032.903562,3614,215,0.389693,0.2891
13930000,4870.864915,3587,233,0.377393,0.2266
13932000,4921.049642,3622,211,0.295995,0.3672
13934000,4962.979587,3591,240,0.299720,0.2812
13936000,4492.843777,3592,219,0.211735,0.2891
13938000,4476.890490,3605,219,0.215819,0.2734
13940000,4467.194439,3601,214,0.217721,0.2656
13942000,4395.837986,3611,219,0.334038,0.2812
13944000,4398.725266,3641,196,0.335253,0.3750
13946000,4120.157195,3651,204,0.263377,0.2812
13948000,4056.930664,3636,215,0.229421,0.2812
13950000,4139.942819,3633,205,0.272723,0.2500
13952000,4101.985806,3634,205,0.272431,0.2969
13954000,4119.268002,3628,204,0.324038,0.2500
13956000,4124.096791,3639,194,0.287650,0.3516
13958000,4128.517546,3638,209,0.286009,0.3594
13960000,4100.298861,3640,195,0.331459,0.2266
13962000,5021.657884,3648,197,0.452116,0.2969
13964000,4497.411751,3637,183,0.468764,0.2500
13966000,4513.294529,3612,194,0.474512,0.2891
13968000,3665.810078,3622,197,0.296052,0.2578
13970000,3743.552070,3593,197,0.259227,0.3047
13972000,5642.506154,3625,175,0.615979,0.2656
13974000,5541.280640,3649,187,0.606243,0.3672
13976000,5160.074194,3651,184,0.432019,0.2031
13978000,4746.495497,3641,187,0.384230,0.2500
13980000,4460.658795,3643,192,0.392292,0.3516
13982000,4544.574286,3642,195,0.421933,0.2344
13984000,4091.352249,3639,203,0.352982,0.2969
13986000,4059.875551,3612,211,0.368387,0.2891
13988000,4073.088475,3603,215,0.369721,0.3750
13990000,3949.400627,3593,222,0.357127,0.3203
13992000,4100.639941,3588,241,0.403024,0.1953
13994000,5133.028533,3586,230,0.542538,0.2656
13996000,4630.313593,3584,221,0.602559,0.3125
13998000,4570.786273,3566,228,0.576171,0.2031
14000000,5000.711639,3550,231,0.639223,0.2188
14002000,5393.924377,3556,231,0.410198,0.2500
14004000,5366.351521,3576,221,0.450319,0.2734
14006000,5436.162336,3592,212,0.458559,0.3750
14008000,4906.416917,3619,198,0.334377,0.3203
14010000,5008.429386,3628,218,0.319354,0.2969
14012000,5082.523283,3601,205,0.287663,0.2031
14014000,4821.911015,3628,202,0.270390,0.2578
14016000,4737.188031,3613,226,0.290124,0.2734
14018000,4927.759044,3624,217,0.285806,0.2500
14020000,5590.645325,3652,220,0.232528,0.3359
14022000,5599.338133,3651,222,0.224557,0.3125
14024000,5751.519247,3667,213,0.231739,0.1797
14026000,10238.639678,3643,224,0.836347,0.2656
14028000,11975.647609,3624,213,0.882745,0.3516
14030000,8468.645756,3614,220,0.492904,0.2656
14032000,11010.275219,3595,217,0.864191,0.3125
14034000,7881.628918,3609,211,0.568587,0.2734
14036000,6436.220764,3611,199,0.155632,0.3047
14038000,6368.173741,3609,201,0.147885,0.3203
14040000,6527.450795,3614,218,0.135844,0.3516
14042000,7906.914975,3621,209,0.631036,0.3359
14044000,7726.424813,3587,218,0.599355,0.2969
14046000,7993.382411,3565,213,0.637615,0.2266
14048000,5639.173277,3576,216,0.503352,0.2969
14050000,5633.930568,3571,242,0.506857,0.2656
14052000,4784.255827,3577,239,0.309169,0.2891
14054000,5308.436853,3605,212,0.427523,0.2969
14056000,10631.353205,3602,209,0.733198,0.2812
14058000,12280.849906,3558,224,0.798313,0.3281
14060000,6835.213118,3564,212,0.272612,0.2422
14062000,6441.879022,3558,213,0.385934,0.3047
14064000,6284.506771,3580,225,0.086657,0.3359
14066000,6186.889776,3587,242,0.270721,0.2656
14068000,6153.324650,3599,222,0.259805,0.2578
14070000,5567.501807,3608,206,0.494338,0.3828
14072000,5140.835174,3622,208,0.501920,0.2812
14074000,5110.023452,3587,218,0.510457,0.3125
14076000,5639.230686,3594,231,0.502426,0.3281
14078000,6363.136034,3581,204,0.373374,0.2656
14080000,6353.804514,3546,214,0.380307,0.3203
14082000,5643.837537,3555,214,0.469796,0.3047
14084000,5660.499949,3576,210,0.492273,0.2891
14086000,5879.033283,3586,214,0.409632,0.2734
14088000,6231.204511,3578,231,0.418720,0.2578
14090000,6161.062413,3571,227,0.506364,0.2734
14092000,5792.990772,3589,209,0.439339,0.2422
14094000,5810.908117,3572,230,0.412917,0.3438
14096000,5805.881042,3588,213,0.426357,0.3828
14098000,5549.561300,3580,222,0.342996,0.1953
14100000,10534.571128,3569,216,0.864045,0.3281
14102000,4819.052047,3576,216,0.137656,0.3281
14104000,6560.147301,3589,209,0.525827,0.3281
14106000,6218.846256,3589,217,0.406924,0.2812
14108000,6232.568606,3582,224,0.397246,0.2812
14110000,5967.433978,3552,228,0.433984,0.2812
14112000,6043.351136,3552,210,0.416189,0.2734
14114000,5867.289750,3571,222,0.450986,0.2812
14116000,5802.935169,3566,213,0.454294,0.2969
14118000,6286.267499,3546,212,0.479949,0.2344
14120000,5864.799204,3554,213,0.413841,0.2656
14122000,6358.444280,3560,218,0.483562,0.2891
14124000,9806.413430,3546,226,0.834739,0.2188
14126000,9862.787872,3537,240,0.835824,0.2891
14128000,8616.664770,3546,223,0.492878,0.3125
14130000,9052.687009,3565,206,0.487724,0.4375
14132000,8783.314444,3556,226,0.561456,0.4141
14134000,8811.376226,3555,226,0.561295,0.2266
14136000,6956.782433,3524,244,0.394076,0.3516
14138000,8956.731967,3533,250,0.505172,0.3281
14140000,5417.000686,3545,238,0.311980,0.3359
14142000,5333.234845,3540,239,0.308760,0.4062
14144000,5211.328225,3576,218,0.287199,0.2969
14146000,6448.165268,3562,222,0.682661,0.2812
14148000,6451.871816,3551,223,0.682369,0.3203
14150000,10526.403893,3515,244,0.870562,0.3047
14152000,9375.192279,3534,241,0.570267,0.2031
14154000,10510.083826,3534,229,0.838819,0.3203
14156000,10718.945399,3553,239,0.868656,0.3203
14158000,10460.531705,3584,230,0.824181,0.2578
14160000,10472.094390,3593,218,0.822941,0.2969
14162000,9802.607219,3568,219,0.797513,0.2656
14164000,3994.470119,3554,234,0.173910,0.2500
14166000,5040.932246,3535,224,0.457770,0.3438
14168000,3005.422623,3525,237,0.035219,0.2188
14170000,3010.848155,3518,235,0.035435,0.2578
14172000,4775.648201,3524,246,0.410900,0.2812
14174000,4398.885047,3556,236,0.150902,0.2578
14176000,4362.939896,3546,234,0.148622,0.2656
14178000,4392.607810,3569,219,0.153610,0.2500
14180000,4711.693961,3567,233,0.179461,0.3047
14182000,4638.937810,3569,247,0.183927,0.3594
14184000,3593.290207,3572,238,0.041407,0.2109
14186000,3661.000136,3601,212,0.042011,0.3672
14188000,6188.484462,3591,206,0.470434,0.3359
14190000,6340.433264,3623,209,0.449758,0.2891
14192000,8161.625794,3611,214,0.620560,0.3125
14194000,7594.466081,3644,200,0.558741,0.3047
14196000,6307.821011,3618,202,0.381710,0.3516
14198000,6336.998320,3625,211,0.218358,0.2344
14200000,7968.651358,3591,192,0.537924,0.2578
14202000,7589.371035,3592,188,0.671663,0.3594
14204000,7475.456479,3591,191,0.576339,0.2500
14206000,5105.833227,3578,209,0.176037,0.3203
14208000,6532.566541,3579,222,0.458780,0.3516
14210000,6602.081928,3580,234,0.404913,0.2969
14212000,6452.568212,3589,222,0.382292,0.3047
14214000,4664.562844,3579,229,0.191641,0.3281
14216000,4941.315762,3591,241,0.215196,0.3203
14218000,4918.907002,3600,229,0.170241,0.2578
14220000,6548.645054,3613,223,0.475272,0.2969
14222000,6889.236671,3596,227,0.546110,0.3359
14224000,9181.510277,3584,222,0.353039,0.2656
14226000,9753.560026,3625,207,0.464519,0.3359
14228000,8299.193739,3642,187,0.536336,0.2812
14230000,7021.175306,3649,192,0.597118,0.2188
14232000,8822.960683,3642,205,0.587795,0.2969
14234000,9102.015236,3659,192,0.609745,0.3594
14236000,7024.894794,3661,207,0.503286,0.2891
14238000,8332.676258,3653,197,0.583059,0.2656
14240000,6240.003634,3645,212,0.376085,0.2578
14242000,8881.451519,3627,222,0.667443,0.3516
14244000,9053.553879,3619,234,0.630003,0.3438
14246000,11829.693459,3624,254,0.730506,0.3516
14248000,10804.060102,3632,216,0.636363,0.3594
14250000,10246.249153,3640,202,0.692166,0.3047
14252000,7760.547853,3654,200,0.769270,0.2344
14254000,7814.287806,3638,218,0.738803,0.2734
14256000,7921.850578,3638,204,0.722102,0.2969
14258000,7342.280596,3634,193,0.730951,0.2969
14260000,7330.407794,3606,221,0.594125,0.2734
14262000,7147.904437,3627,200,0.402217,0.3047
14264000,6779.321989,3626,199,0.490762,0.3047
14266000,5635.914116,3610,209,0.419656,0.2578
14268000,5841.185002,3605,210,0.436857,0.2109
14270000,6849.012887,3584,213,0.483894,0.2578
14272000,6845.694277,3563,207,0.480182,0.2656
14274000,7220.622567,3587,195,0.605603,0.3281
14276000,7239.191357,3581,210,0.426476,0.2734
14278000,5089.742770,3598,212,0.292884,0.3047
14280000,5492.857757,3593,224,0.264872,0.3203
14282000,5350.850086,3580,227,0.153231,0.3047
14284000,5033.655161,3566,242,0.125342,0.3125
14286000,4669.690174,3565,244,0.114474,0.3125
14288000,4692.235937,3571,215,0.118390,0.2812
14290000,4707.755719,3575,209,0.127339,0.3438
14292000,5355.245759,3582,201,0.148694,0.1953
14294000,5361.744421,3545,228,0.118372,0.3359
14296000,5176.187195,3572,223,0.119322,0.2578
14298000,5000.691246,3582,222,0.361015,0.2578
14300000,4481.006241,3581,217,0.206743,0.2656
14302000,4378.522572,3609,207,0.223148,0.3203
14304000,4359.173490,3572,216,0.219810,0.2344
14306000,4239.267089,3570,216,0.169949,0.3047
14308000,4136.784673,3555,208,0.229498,0.2656
14310000,4102.125542,3586,203,0.172894,0.2812
14312000,4035.345091,3579,213,0.242799,0.2891
14314000,4069.105632,3568,241,0.254604,0.3438
14316000,4855.431631,3560,230,0.452616,0.3047
14318000,5882.992701,3576,225,0.292235,0.2656
14320000,5690.472128,3575,202,0.396210,0.2578
14322000,5666.126546,3593,199,0.410973,0.2578
14324000,5603.463554,3561,231,0.417430,0.3516
14326000,8441.911500,3569,226,0.543319,0.2812
14328000,8422.611490,3590,216,0.540088,0.3125
14330000,8713.993079,3596,216,0.550070,0.2422
14332000,8107.609359,3608,216,0.546194,0.3438
14334000,8449.362679,3621,208,0.550115,0.3594
14336000,8384.133417,3609,221,0.554198,0.2266
14338000,8287.637252,3588,231,0.513547,0.2812
14340000,9941.399454,3599,224,0.622317,0.3359
14342000,7543.863130,3593,235,0.614159,0.2188
14344000,7490.565561,3590,226,0.618850,0.3125
14346000,5334.787861,3567,233,0.267192,0.2891
14348000,5752.517957,3588,215,0.316799,0.3281
14350000,8330.115808,3594,239,0.655724,0.3125
14352000,5614.965905,3577,235,0.291280,0.3047
14354000,10187.300285,3598,207,0.612884,0.2344
14356000,10440.363175,3605,209,0.664274,0.2266
14358000,10969.169327,3586,221,0.876548,0.3672
14360000,6721.150800,3567,207,0.618198,0.2109
14362000,6676.689132,3560,214,0.612034,0.3047
14364000,6383.841022,3552,226,0.524062,0.2969
14366000,6385.561651,3586,209,0.502038,0.3281
14368000,5948.767853,3599,208,0.477491,0.2500
14370000,10092.479268,3582,228,0.748395,0.2969
14372000,10420.209253,3575,222,0.783919,0.3516
14374000,9496.610905,3569,218,0.707513,0.3281
14376000,9554.867576,3553,227,0.706223,0.3047
14378000,8401.214559,3570,218,0.805175,0.3047
14380000,7972.060878,3581,227,0.564484,0.2812
14382000,6684.467194,3583,219,0.516354,0.2500
14384000,6063.351877,3589,211,0.493006,0.2344
14386000,5641.123535,3594,232,0.246496,0.3125
14388000,5671.353246,3588,239,0.248311,0.3516
14390000,4532.431957,3575,239,0.379700,0.3281
14392000,4336.527284,3568,237,0.291224,0.2734
14394000,4716.701200,3576,237,0.370853,0.3750
14396000,4825.182307,3605,247,0.332139,0.3125
14398000,4764.443313,3579,227,0.288826,0.3594
14400000,4467.501915,3580,240,0.197730,0.3750
14402000,5204.481577,3582,223,0.230981,0.2891
14404000,5148.247660,3627,212,0.226385,0.2891
14406000,4840.181425,3611,215,0.203200,0.3281
14408000,4897.546541,3614,215,0.205970,0.2656
14410000,4838.511138,3597,231,0.306342,0.2812
14412000,6232.184605,3602,214,0.500848,0.2891
14414000,6231.006316,3558,238,0.454993,0.3359
14416000,4614.344728,3570,236,0.195137,0.2891
14418000,4653.629751,3585,218,0.247248,0.2969
14420000,4767.172018,3601,217,0.250465,0.2891
14422000,4780.649231,3616,208,0.251481,0.2969
14424000,4560.207882,3632,213,0.177109,0.2969
14426000,4527.105184,3601,232,0.191269,0.3359
14428000,4395.429939,3607,223,0.246421,0.3438
14430000,4238.112957,3615,214,0.256180,0.3203
14432000,4369.480390,3629,216,0.367568,0.2734
14434000,4422.436039,3635,212,0.378251,0.3281
14436000,4579.812131,3605,207,0.406275,0.3047
14438000,6135.514518,3609,207,0.600293,0.2891
14440000,6900.177746,3578,233,0.272485,0.2500
14442000,6346.047353,3578,226,0.245795,0.3594
14444000,6506.270778,3615,207,0.275173,0.2578
14446000,6434.759399,3614,212,0.244585,0.3359
14448000,7333.398170,3623,216,0.355156,0.2812
14450000,5468.595572,3658,193,0.172936,0.2422
14452000,5562.165636,3652,187,0.159741,0.2969
14454000,8063.885972,3638,190,0.071175,0.2812
14456000,8120.734112,3626,217,0.077258,0.2031
14458000,6001.637096,3611,208,0.185956,0.2891
14460000,6963.649246,3607,200,0.220411,0.2578
14462000,6918.514784,3593,214,0.224891,0.2031
14464000,5457.765152,3598,218,0.107904,0.3516
14466000,4772.345437,3584,229,0.295395,0.2734
14468000,6023.348546,3593,234,0.273595,0.2969
14470000,11026.800346,3591,236,0.765018,0.2812
14472000,10874.208885,3573,230,0.810881,0.2891
14474000,11316.241817,3573,231,0.728371,0.2500
14476000,12351.929289,3587,234,0.711764,0.3516
14478000,10933.013621,3628,225,0.661404,0.2656
14480000,12260.059226,3611,222,0.676903,0.3516
14482000,11885.982292,3635,212,0.715521,0.4219
14484000,11720.493846,3637,236,0.744659,0.2656
14486000,12644.831854,3623,225,0.660979,0.2812
14488000,12960.640353,3606,229,0.720966,0.2812
14490000,12834.198680,3589,228,0.731003,0.3125
14492000,12352.740066,3632,217,0.735171,0.2656
14494000,12419.102396,3621,226,0.738480,0.3672
14496000,7038.773775,3657,215,0.466465,0.3047
14498000,7227.392813,3648,207,0.513355,0.2422
14500000,7279.061636,3631,222,0.516828,0.2734
14502000,6924.214486,3615,218,0.489071,0.3047
14504000,5964.931417,3624,218,0.411690,0.4062
14506000,5983.219672,3622,222,0.410534,0.3359
14508000,7021.876539,3638,213,0.546818,0.2812
14510000,5736.636359,3627,215,0.406436,0.2969
14512000,7161.985353,3645,198,0.467475,0.3281
14514000,6996.243399,3626,216,0.490615,0.3750
14516000,7545.939612,3656,195,0.513844,0.2266
14518000,7807.497965,3657,197,0.539566,0.3047
14520000,4577.622247,3668,196,0.133033,0.2578
14522000,4024.353897,3650,228,0.046019,0.2969
14524000,5927.606460,3658,216,0.317282,0.2500
14526000,5896.868195,3656,203,0.323853,0.2578
14528000,5838.763099,3630,206,0.240033,0.2891
14530000,6281.032549,3641,203,0.326403,0.3203
14532000,5894.327682,3634,198,0.360411,0.2344
14534000,9205.007458,3635,205,0.723197,0.2422
14536000,7446.905226,3620,202,0.422984,0.3047
14538000,5995.520439,3629,210,0.276709,0.2500
14540000,9532.162732,3625,207,0.739833,0.3203
14542000,6690.069439,3638,227,0.636837,0.2266
14544000,6814.524496,3655,199,0.713734,0.2891
14546000,7908.004758,3658,192,0.805514,0.2500
14548000,7395.301981,3683,203,0.762776,0.2656
14550000,7326.633455,3669,202,0.708610,0.2656
14552000,8228.359458,3648,213,0.714994,0.2734
14554000,8253.763900,3660,206,0.711787,0.2969
14556000,7229.578070,3658,206,0.673719,0.2344
14558000,6199.231951,3673,209,0.560940,0.3047
14560000,6144.505027,3658,220,0.559787,0.2422
14562000,7316.983830,3657,216,0.608692,0.2891
14564000,7325.380480,3652,225,0.618273,0.2969
14566000,7321.324924,3653,215,0.619732,0.2500
14568000,7274.768268,3643,217,0.598065,0.2109
14570000,5252.610977,3608,215,0.276273,0.3281
14572000,5143.116136,3607,214,0.240398,0.3281
14574000,7461.109461,3623,209,0.597012,0.3281
14576000,8838.091532,3636,208,0.688870,0.2734
14578000,4950.915778,3630,209,0.040146,0.2969
14580000,4800.362539,3641,219,0.002160,0.2891
14582000,6871.926881,3643,202,0.419208,0.3594
14584000,7548.220014,3624,206,0.644308,0.2812
14586000,7553.526017,3624,203,0.644311,0.2656
14588000,7513.046063,3608,221,0.593128,0.3438
14590000,4547.407973,3616,205,0.001588,0.2578
14592000,7710.637661,3641,214,0.532084,0.2656
14594000,7890.106297,3621,212,0.480025,0.3125
14596000,5926.638829,3599,224,0.087733,0.3125
14598000,6017.213017,3621,215,0.235657,0.2812
14600000,4502.482754,3594,194,0.028015,0.2969
14602000,3767.785166,3571,217,0.161932,0.2891
14604000,5892.062497,3572,228,0.396000,0.2812
14606000,5252.499417,3605,215,0.410458,0.3281
14608000,6974.650066,3597,229,0.797712,0.3516
14610000,7080.044332,3623,207,0.777533,0.3203
14612000,7000.369604,3586,216,0.766739,0.2656
14614000,6945.472951,3591,223,0.765675,0.3047
14616000,6984.517957,3583,215,0.761864,0.3438
14618000,6728.336679,3566,210,0.655556,0.2422
14620000,6791.173797,3598,205,0.652219,0.3594
14622000,6095.577453,3605,195,0.532194,0.2891
14624000,4837.470163,3596,196,0.445671,0.2969
14626000,5727.800919,3598,206,0.535509,0.3984
14628000,7128.257807,3565,235,0.565853,0.2969
14630000,8258.574656,3566,226,0.820830,0.2500
14632000,8520.211006,3578,213,0.838538,0.2812
14634000,8505.956429,3565,223,0.837248,0.2969
14636000,8590.102572,3553,234,0.838568,0.2266
14638000,7265.579106,3576,233,0.540711,0.2969
14640000,4739.610492,3600,215,0.019611,0.2734
14642000,4465.897864,3612,208,0.027867,0.2344
14644000,5533.300066,3592,212,0.294927,0.2422
14646000,5512.760884,3590,216,0.315781,0.3438
14648000,4281.682406,3606,229,0.029152,0.2734
14650000,3931.718345,3598,227,0.028863,0.3438
14652000,3730.792463,3590,217,0.080443,0.3281
14654000,3641.440224,3568,223,0.066823,0.3828
14656000,3660.435749,3574,226,0.070461,0.3516
14658000,5686.766000,3575,222,0.479991,0.2266
14660000,5359.343988,3586,218,0.440523,0.2266
14662000,5438.788004,3583,197,0.471173,0.3438
14664000,6057.791030,3571,210,0.295746,0.2266
14666000,4830.993487,3593,218,0.257684,0.3281
14668000,5026.760250,3592,213,0.269470,0.2500
14670000,4856.639531,3612,227,0.312745,0.3125
14672000,6800.685460,3607,221,0.707074,0.3125
14674000,6799.673697,3598,212,0.700593,0.3203
14676000,6350.664853,3586,223,0.682843,0.3281
14678000,6322.885458,3589,221,0.685405,0.2422
14680000,4986.683063,3579,232,0.591593,0.2969
14682000,4970.093131,3615,222,0.589792,0.3203
14684000,5061.747597,3586,245,0.600953,0.2500
14686000,5287.402917,3592,227,0.224392,0.2344
14688000,5500.185880,3592,221,0.472192,0.3594
14690000,5519.986593,3593,219,0.462035,0.2734
14692000,5526.042445,3587,223,0.463448,0.3125
14694000,4947.497344,3594,220,0.410514,0.2734
14696000,5017.080638,3590,204,0.482131,0.2891
14698000,5019.127567,3565,211,0.479716,0.2891
14700000,4162.074064,3583,217,0.177544,0.3125
14702000,5637.274093,3594,212,0.395549,0.3281
14704000,6176.696701,3560,227,0.621707,0.3281
14706000,5634.766971,3560,213,0.384972,0.3203
14708000,7435.256179,3573,206,0.656488,0.3125
14710000,7447.646617,3579,211,0.658875,0.2891
14712000,6677.400261,3588,199,0.586433,0.2734
14714000,6483.587446,3608,222,0.602819,0.3516
14716000,6667.925359,3608,224,0.690806,0.2734
14718000,6485.315290,3615,213,0.705014,0.2969
14720000,6422.600197,3616,214,0.727830,0.3047
14722000,6473.517145,3628,223,0.714183,0.2344
14724000,6482.157286,3618,228,0.706801,0.2266
14726000,6426.350638,3614,220,0.701346,0.2656
14728000,7791.943056,3626,202,0.727635,0.2422
14730000,7263.389643,3630,209,0.718881,0.2812
14732000,7227.710449,3640,205,0.718387,0.2266
14734000,7300.932166,3669,189,0.722571,0.2734
14736000,7301.894706,3662,202,0.721062,0.2266
14738000,6247.647037,3651,207,0.551028,0.2500
14740000,6179.077656,3663,193,0.549356,0.2031
14742000,8089.479770,3647,198,0.598343,0.2344
14744000,4319.945275,3641,201,0.402923,0.2500
14746000,7036.653776,3632,197,0.500282,0.2500
14748000,4663.276065,3656,191,0.245804,0.2031
14750000,6514.478743,3629,206,0.677985,0.2734
14752000,9062.317794,3634,197,0.762186,0.3047
14754000,8772.779850,3619,212,0.800618,0.2578
14756000,8774.828417,3630,218,0.837820,0.3047
14758000,9059.735034,3618,218,0.813811,0.3125
14760000,9104.800081,3624,190,0.812845,0.2656
14762000,6602.188176,3638,196,0.587199,0.2188
14764000,6577.709840,3644,192,0.589423,0.2812
14766000,6698.032732,3623,204,0.506354,0.2734
14768000,6741.971036,3617,228,0.508050,0.3672
14770000,6412.789351,3608,210,0.601982,0.2031
14772000,6386.916187,3604,213,0.599996,0.3125
14774000,6520.791883,3594,216,0.655783,0.3125
14776000,7726.217970,3585,228,0.827119,0.2969
14778000,5992.823941,3565,249,0.597474,0.2266
14780000,5857.193304,3573,250,0.577013,0.3203
14782000,3710.335396,3589,247,0.264172,0.3359
14784000,3917.904917,3618,221,0.373779,0.3203
14786000,4086.351461,3583,228,0.425157,0.3750
14788000,4900.858301,3578,231,0.546065,0.2656
14790000,3968.206124,3583,225,0.409968,0.3750
14792000,3948.801397,3580,222,0.415460,0.2812
14794000,3933.258270,3584,218,0.412349,0.3047
14796000,4162.818280,3605,218,0.385387,0.2734
14798000,3393.246153,3589,222,0.127564,0.3125
14800000,3418.711732,3609,217,0.127747,0.3047
14802000,3432.689553,3609,212,0.135892,0.3359
14804000,3487.805222,3611,207,0.162161,0.2812
14806000,4098.125607,3593,215,0.157001,0.3438
14808000,5350.893535,3585,215,0.347667,0.2969
14810000,7972.143402,3589,204,0.740929,0.2656
14812000,7977.870247,3591,216,0.740859,0.3359
14814000,7975.837633,3611,212,0.745214,0.2188
14816000,6758.419511,3640,181,0.741269,0.2969
14818000,7806.076355,3604,182,0.739897,0.3750
14820000,6067.868120,3597,183,0.683116,0.2344
14822000,6165.677129,3603,202,0.643147,0.2812
14824000,6140.369807,3624,207,0.652172,0.2109
14826000,5685.523842,3624,202,0.561505,0.2969
14828000,5745.763557,3629,221,0.567395,0.2656
14830000,6858.457954,3633,209,0.716514,0.3359
14832000,6485.209751,3629,215,0.735411,0.2266
14834000,6506.603395,3623,211,0.738655,0.2109
14836000,7595.910143,3613,203,0.727351,0.2656
14838000,7655.700478,3619,196,0.721779,0.2734
14840000,7054.609414,3593,237,0.683530,0.3516
14842000,7108.056059,3583,207,0.759454,0.2969
14844000,7255.994786,3600,216,0.699632,0.2734
14846000,7214.954057,3583,212,0.696753,0.2734
14848000,7203.598308,3559,202,0.625847,0.2656
14850000,6723.193732,3529,208,0.612203,0.3047
14852000,4096.938511,3508,230,0.404028,0.2500
14854000,4435.389159,3501,243,0.459437,0.2969
14856000,4684.913341,3484,249,0.341873,0.3359
14858000,4601.253209,3515,229,0.352018,0.2656
14860000,4646.509987,3531,237,0.352083,0.3281
14862000,4632.739873,3545,227,0.316635,0.2969
14864000,4461.138565,3580,221,0.298420,0.3281
14866000,4637.475085,3578,216,0.278445,0.2500
14868000,4103.942952,3585,213,0.169622,0.2578
14870000,4011.953383,3593,208,0.155432,0.1953
14872000,4041.995593,3606,222,0.160230,0.2812
14874000,4255.080859,3623,212,0.189563,0.2656
14876000,4104.308493,3622,201,0.157014,0.3359
14878000,4014.076931,3622,204,0.170422,0.2578
14880000,4746.387133,3627,205,0.304900,0.2969
14882000,5040.303656,3612,206,0.351302,0.3984
14884000,4880.864533,3610,199,0.323005,0.2969
14886000,4883.112953,3603,195,0.324429,0.2578
14888000,4294.118573,3634,205,0.063276,0.2578
14890000,4591.828843,3651,182,0.262374,0.2734
14892000,6397.339161,3639,199,0.435434,0.3594
14894000,6490.034591,3658,211,0.405121,0.3047
14896000,6362.010630,3672,202,0.396329,0.2344
14898000,7725.643861,3656,219,0.443717,0.2656
14900000,8407.802082,3627,223,0.555585,0.3359
14902000,7972.912656,3634,227,0.371729,0.3281
14904000,7861.003300,3628,218,0.543913,0.2812
14906000,7778.989247,3642,212,0.536364,0.2969
14908000,6705.421082,3640,211,0.420535,0.3125
14910000,6568.455669,3640,199,0.440280,0.2891
14912000,8867.570522,3654,195,0.757643,0.2812
14914000,8799.341844,3627,210,0.733369,0.2344
14916000,6628.106784,3618,213,0.476764,0.2734
14918000,6517.610777,3596,239,0.456736,0.3281
14920000,9098.884900,3609,223,0.764629,0.4062
14922000,6722.599486,3594,221,0.406565,0.2734
14924000,7376.785283,3571,247,0.610732,0.3203
14926000,7105.651518,3573,244,0.378397,0.2969
14928000,8879.475189,3562,237,0.680691,0.3281
14930000,8620.597790,3574,243,0.653015,0.2422
14932000,6862.068346,3587,234,0.302288,0.2812
14934000,6973.324119,3590,213,0.431830,0.2891
14936000,5777.980323,3595,201,0.248466,0.2500
14938000,6752.111288,3612,209,0.726539,0.2344
14940000,6769.966493,3643,203,0.712933,0.2344
14942000,5475.398290,3614,207,0.304504,0.2422
14944000,5680.963736,3604,214,0.545029,0.2969
14946000,5557.191630,3572,219,0.552554,0.2891
14948000,5708.555598,3568,209,0.572823,0.3750
14950000,5717.925038,3594,206,0.590337,0.3203
14952000,5926.745973,3590,216,0.585822,0.3203
14954000,6310.197386,3590,207,0.409743,0.2656
14956000,6282.700748,3587,202,0.383830,0.2656
14958000,6300.170435,3587,213,0.385592,0.2500
14960000,6291.576892,3575,219,0.377923,0.3047
14962000,6111.648008,3574,214,0.585052,0.3594
14964000,5833.110291,3573,209,0.509464,0.3047
14966000,6169.200133,3580,211,0.415219,0.2578
14968000,5612.174675,3585,216,0.456216,0.3047
14970000,5292.205749,3586,217,0.229637,0.2969
14972000,5437.029002,3599,212,0.266887,0.3359
14974000,5381.351139,3600,212,0.257150,0.3516
14976000,4518.608612,3591,205,0.313877,0.2344
14978000,5886.580079,3617,206,0.282998,0.3203
14980000,5210.993801,3616,227,0.066525,0.3047
14982000,6166.998858,3604,234,0.448315,0.2734
14984000,6519.875269,3596,216,0.655799,0.2578
14986000,6300.163386,3569,236,0.537533,0.2734
14988000,6356.566486,3562,235,0.652748,0.2656
14990000,4497.215253,3564,239,0.076326,0.3984
14992000,4801.059892,3588,235,0.019676,0.2812
14994000,5023.048029,3575,238,0.039836,0.2734
14996000,4937.574177,3569,226,0.055433,0.2891
14998000,4915.636583,3554,260,0.049453,0.3047
15000000,4864.266556,3578,227,0.046480,0.2266
15002000,5479.332099,3611,215,0.486063,0.3203
15004000,4953.996426,3622,213,0.547390,0.2500
15006000,4379.846653,3617,210,0.388043,0.3203
15008000,4371.343651,3610,206,0.385262,0.3672
15010000,4287.561753,3594,228,0.391504,0.2422
15012000,4097.988744,3586,251,0.256634,0.3438
15014000,4265.369931,3563,258,0.422596,0.3359
15016000,4235.755116,3583,229,0.427755,0.4062
15018000,4230.258748,3567,235,0.394418,0.2266
15020000,4181.527738,3584,231,0.395073,0.2734
15022000,4184.468764,3572,227,0.365248,0.2734
15024000,4044.506371,3595,218,0.352709,0.2734
15026000,5210.413313,3576,230,0.494422,0.3125
15028000,4995.267893,3579,216,0.431229,0.2656
15030000,4969.892494,3533,251,0.442775,0.2891
15032000,5640.880565,3557,236,0.446429,0.3359
15034000,5685.437706,3557,221,0.443968,0.3047
15036000,7541.707432,3553,207,0.773729,0.3125
15038000,7899.489402,3576,202,0.720374,0.2812
15040000,7751.112106,3589,196,0.686286,0.2891
15042000,7222.069710,3563,221,0.418608,0.3672
15044000,7253.539893,3564,224,0.416743,0.2891
15046000,7216.576457,3577,219,0.419827,0.2812
15048000,7258.048326,3588,223,0.418397,0.3047
15050000,8537.433864,3623,207,0.756872,0.2344
15052000,7460.752097,3614,205,0.627812,0.3203
15054000,4544.603507,3601,227,0.163405,0.2266
15056000,4418.346651,3606,223,0.126972,0.3047
15058000,4409.784221,3614,220,0.124670,0.2734
15060000,4465.285433,3590,226,0.113047,0.3516
15062000,3343.611266,3589,235,0.288062,0.3906
15064000,7373.437031,3591,225,0.529111,0.2656
15066000,7338.315916,3573,223,0.526282,0.2969
15068000,7122.852289,3576,234,0.435940,0.2656
15070000,11879.277871,3594,233,0.848169,0.2422
15072000,11794.612526,3578,236,0.845021,0.3516
15074000,11221.442463,3615,237,0.758972,0.3438
15076000,10943.576413,3622,247,0.803721,0.3125
15078000,9909.749738,3628,214,0.728134,0.3047
15080000,6236.165817,3622,216,0.337550,0.3203
15082000,5450.633442,3629,207,0.202680,0.3047
15084000,5503.857014,3659,214,0.203875,0.2734
15086000,5822.744434,3653,223,0.406064,0.3047
15088000,4036.637160,3639,228,0.342605,0.2500
15090000,5602.666432,3667,217,0.599622,0.3516
15092000,4229.217186,3660,205,0.344786,0.2656
15094000,5574.258731,3677,224,0.270981,0.2500
15096000,7830.959121,3699,218,0.792722,0.3047
15098000,6197.142981,3695,218,0.285243,0.3438
15100000,5963.219631,3646,221,0.347824,0.3281
15102000,6047.684069,3656,207,0.357093,0.2422
15104000,6270.897132,3670,190,0.312560,0.2969
15106000,5621.110024,3655,187,0.330267,0.3203
15108000,5402.206709,3673,196,0.267266,0.2734
15110000,5955.085085,3692,198,0.418192,0.2656
15112000,5898.981226,3667,214,0.425624,0.2188
15114000,6385.750277,3642,222,0.521434,0.3281
15116000,7468.557052,3647,195,0.406345,0.2656
15118000,8052.693280,3669,210,0.590971,0.2734
15120000,7182.731756,3665,208,0.260270,0.2578
15122000,7143.457514,3656,203,0.264720,0.2656
15124000,5714.002363,3632,230,0.227903,0.2031
15126000,5839.902035,3622,232,0.359999,0.3203
15128000,5724.358101,3608,224,0.380152,0.3125
15130000,5631.917610,3626,230,0.367895,0.2969
15132000,5209.861283,3622,239,0.249992,0.3125
15134000,5165.278478,3621,228,0.243582,0.2578
15136000,5272.156111,3638,230,0.060184,0.2656
15138000,4926.904626,3612,250,0.078058,0.3125
15140000,4684.936416,3627,240,0.178081,0.2656
15142000,7350.454164,3604,231,0.659597,0.3125
15144000,6046.861395,3610,221,0.432533,0.2891
15146000,5751.304380,3612,229,0.261351,0.2656
15148000,8684.044056,3607,228,0.764150,0.2422
15150000,9589.288839,3612,220,0.689557,0.2500
15152000,9811.404693,3626,212,0.723145,0.3203
15154000,5652.729295,3634,197,0.052581,0.2500
15156000,9429.991609,3667,193,0.654113,0.3438
15158000,6439.404495,3673,195,0.561103,0.2188
15160000,8404.003741,3645,206,0.758725,0.2578
15162000,8496.666986,3640,207,0.726244,0.2656
15164000,6618.855544,3643,212,0.499818,0.2969
15166000,6254.675612,3654,218,0.365549,0.2812
15168000,6191.104440,3660,205,0.379356,0.3203
15170000,5325.922850,3619,207,0.066730,0.2891
15172000,5395.883948,3655,181,0.070313,0.2344
15174000,5062.361925,3619,199,0.048007,0.3125
15176000,6593.114437,3623,197,0.622372,0.3125
15178000,6554.411301,3602,195,0.566936,0.2891
15180000,7726.809934,3604,191,0.651521,0.3203
15182000,7271.014320,3603,197,0.694865,0.3984
15184000,7029.615019,3607,175,0.610038,0.3203
15186000,8647.496179,3609,174,0.648440,0.2734
15188000,8052.973177,3607,183,0.666179,0.2891
15190000,6156.997768,3607,186,0.238858,0.3594
15192000,5949.683187,3594,209,0.246368,0.2109
15194000,4985.818593,3597,221,0.047821,0.2891
15196000,4870.858679,3611,206,0.051805,0.3281
15198000,7623.219672,3616,198,0.613896,0.2734
15200000,7981.664689,3625,205,0.593618,0.2422
15202000,9390.594577,3623,193,0.574464,0.2031
15204000,8004.227781,3602,215,0.563266,0.2812
15206000,5555.498791,3595,233,0.420953,0.2891
15208000,5572.235992,3618,220,0.261399,0.2266
15210000,5547.143764,3573,239,0.259676,0.3984
15212000,5548.456177,3587,241,0.256491,0.2812
15214000,6019.981496,3577,223,0.385690,0.3672
15216000,3314.176604,3570,204,0.013677,0.2969
15218000,3440.567232,3563,218,0.016948,0.3203
15220000,3425.191123,3583,223,0.018577,0.2734
15222000,3480.422498,3600,196,0.042893,0.3047
15224000,4289.566176,3570,222,0.148909,0.2734
15226000,4416.682725,3586,223,0.147618,0.3125
15228000,4261.910041,3595,210,0.267798,0.2891
15230000,4275.593397,3584,202,0.260416,0.2891
15232000,4429.538771,3589,193,0.272565,0.2812
15234000,4243.587044,3586,198,0.349913,0.3438
15236000,4268.210568,3611,209,0.357020,0.2812
15238000,4277.545714,3596,212,0.358183,0.3438
15240000,6006.777043,3601,217,0.441733,0.3359
15242000,5308.660361,3591,196,0.340448,0.2969
15244000,4068.099104,3605,197,0.287300,0.1953
15246000,4053.158950,3608,203,0.304167,0.2500
15248000,5575.378334,3612,210,0.404634,0.3203
15250000,5777.379482,3625,204,0.397547,0.2812
15252000,6527.999385,3622,194,0.565819,0.2891
15254000,6501.111738,3605,215,0.556481,0.2891
15256000,6727.297657,3607,217,0.565409,0.3203
15258000,6892.149305,3593,219,0.450420,0.3125
15260000,7007.564980,3605,200,0.516676,0.3047
15262000,7101.547029,3623,205,0.530164,0.2969
15264000,7297.267333,3613,202,0.517706,0.2500
15266000,7345.915950,3598,210,0.517832,0.2734
15268000,7283.961036,3571,220,0.465017,0.2812
15270000,7443.051151,3571,208,0.446836,0.2891
15272000,7219.698106,3530,225,0.438885,0.2578
15274000,7057.194747,3515,253,0.535420,0.3125
15276000,7104.954792,3539,215,0.534039,0.2578
15278000,7087.924703,3562,223,0.529993,0.2188
15280000,6347.061028,3560,224,0.514008,0.4062
15282000,6367.207764,3577,198,0.511371,0.2422
15284000,5462.632242,3578,186,0.104988,0.2734
15286000,5470.565695,3558,222,0.109935,0.3359
15288000,5738.338759,3564,218,0.367966,0.2969
15290000,6496.423789,3547,219,0.635246,0.3125
15292000,5294.156348,3536,239,0.451232,0.2891
15294000,5330.753541,3530,223,0.473086,0.3359
15296000,5372.015838,3504,230,0.473760,0.2266
15298000,5922.345837,3532,224,0.183301,0.3125
15300000,7562.857102,3567,208,0.455714,0.2656
15302000,7598.004003,3549,229,0.448558,0.3203
15304000,7535.765553,3537,223,0.447245,0.3047
15306000,8287.045953,3522,219,0.630431,0.3281
15308000,7597.584767,3515,250,0.722243,0.3828
15310000,7866.156689,3523,232,0.756361,0.2500
15312000,7820.255102,3513,231,0.758637,0.3359
15314000,7549.804167,3535,220,0.767706,0.2969
15316000,7663.841279,3527,220,0.743968,0.2734
15318000,7665.642511,3530,217,0.743865,0.2812
15320000,6188.036338,3528,211,0.586961,0.2734
15322000,6143.919226,3530,225,0.568508,0.3203
15324000,6014.109536,3535,241,0.574320,0.2734
15326000,5868.230731,3552,225,0.625621,0.2578
15328000,5859.921346,3567,214,0.616027,0.3438
15330000,6470.957175,3574,200,0.656384,0.3359
15332000,7549.391791,3531,212,0.732965,0.2734
15334000,6675.248377,3535,231,0.705422,0.2109
15336000,6768.709501,3525,218,0.696444,0.3516
15338000,6669.898130,3487,225,0.646159,0.3750
15340000,7003.491458,3495,246,0.668297,0.3359
15342000,7721.280904,3512,225,0.740371,0.2969
15344000,8015.813947,3500,237,0.775828,0.3125
15346000,8030.662928,3495,240,0.754600,0.2734
15348000,7803.190378,3509,238,0.600255,0.3438
15350000,6792.270894,3522,226,0.523637,0.2891
15352000,7203.041931,3527,225,0.615798,0.2422
15354000,5924.054023,3548,215,0.519703,0.2422
15356000,6024.391463,3537,215,0.533131,0.3125
15358000,4098.472748,3559,205,0.038548,0.2734
15360000,4083.134729,3536,241,0.036324,0.3516
15362000,4511.085625,3562,209,0.007651,0.2734
15364000,5742.984094,3567,199,0.068074,0.2969
15366000,5709.485473,3564,200,0.033137,0.2422
15368000,6573.364084,3578,190,0.097532,0.3281
15370000,6614.731626,3565,223,0.412151,0.2891
15372000,6328.600281,3559,218,0.492736,0.2578
15374000,6522.595811,3551,228,0.469529,0.3828
15376000,6078.729011,3547,238,0.523309,0.2578
15378000,6342.540808,3571,240,0.537380,0.3047
15380000,6383.643191,3565,250,0.548013,0.3281
15382000,6388.714611,3572,227,0.550142,0.3203
15384000,6200.820164,3555,225,0.437604,0.3203
15386000,4741.152592,3559,237,0.450629,0.3125
15388000,4749.179662,3549,226,0.148900,0.3359
15390000,4582.990446,3555,231,0.165331,0.3516
15392000,7657.742407,3588,207,0.779069,0.3281
15394000,7674.375615,3591,209,0.776626,0.3047
15396000,7685.385665,3575,218,0.778329,0.3125
15398000,6060.783487,3549,244,0.586616,0.2812
15400000,5853.646238,3571,209,0.462627,0.2734
15402000,5444.530496,3571,226,0.539294,0.3750
15404000,7869.869676,3558,229,0.698613,0.2734
15406000,4990.345585,3573,224,0.224354,0.3125
15408000,5546.551566,3594,198,0.352926,0.2656
15410000,5216.596693,3560,202,0.236579,0.2969
15412000,7455.921049,3577,194,0.715201,0.2500
15414000,5966.905319,3557,207,0.403086,0.3672
15416000,7374.522524,3595,199,0.725565,0.3594
15418000,7162.063440,3600,200,0.734958,0.2656
15420000,7322.566761,3573,225,0.735571,0.2969
15422000,4980.564781,3529,237,0.363857,0.2109
15424000,5018.597513,3539,217,0.342029,0.3516
15426000,8597.100635,3527,210,0.743092,0.3281
15428000,8637.232129,3542,199,0.726554,0.2891
15430000,8907.001279,3529,220,0.789318,0.2500
15432000,6298.857221,3551,220,0.463114,0.2422
15434000,6066.945919,3576,200,0.325902,0.2891
15436000,6824.791140,3576,206,0.726348,0.2734
15438000,6848.762751,3584,207,0.715905,0.3203
15440000,6792.213196,3579,203,0.715267,0.2734
15442000,5240.860386,3595,198,0.328268,0.2500
15444000,5650.790332,3590,213,0.480207,0.3047
15446000,5720.520186,3607,226,0.458199,0.3828
15448000,5149.913893,3611,221,0.493749,0.2109
15450000,5184.172986,3601,202,0.497156,0.3906
15452000,5284.251269,3606,213,0.407160,0.3125
15454000,5270.387559,3616,202,0.410344,0.3516
15456000,5196.057061,3594,210,0.392926,0.2656
15458000,5207.397822,3599,210,0.391604,0.2734
15460000,5173.948879,3591,218,0.388409,0.2656
15462000,5111.171497,3582,225,0.369900,0.3672
15464000,5627.330727,3595,215,0.399381,0.2266
15466000,5626.151620,3589,228,0.399281,0.3203
15468000,5635.026245,3561,237,0.396850,0.3125
15470000,5651.588350,3592,227,0.400484,0.3594
15472000,6430.818647,3582,226,0.378870,0.2969
15474000,7721.330232,3567,218,0.587963,0.2188
15476000,8265.859474,3588,230,0.701648,0.2578
15478000,7265.939290,3593,226,0.506260,0.3672
15480000,6873.134861,3563,226,0.486030,0.3516
15482000,6192.960292,3582,223,0.401594,0.3203
15484000,7691.568149,3589,220,0.543124,0.3125
15486000,6233.521948,3574,215,0.415037,0.3672
15488000,8317.513390,3574,230,0.566481,0.2344
15490000,8471.306506,3567,237,0.588966,0.3750
15492000,8183.762926,3565,244,0.612329,0.3594
15494000,6744.893792,3577,228,0.539485,0.3594
15496000,6067.932635,3570,239,0.281682,0.3594
15498000,6020.452258,3581,233,0.285972,0.3438
15500000,5951.259597,3572,234,0.243771,0.2734
15502000,6044.945765,3588,224,0.405235,0.2500
15504000,4469.363302,3590,239,0.249585,0.2734
15506000,5826.712405,3600,232,0.229104,0.3281
15508000,4286.111218,3566,220,0.240739,0.3203
15510000,4343.724866,3575,219,0.276513,0.3438
15512000,4322.815796,3606,220,0.274753,0.2969
15514000,3980.918851,3604,206,0.117964,0.2500
15516000,7336.843413,3611,207,0.445461,0.3438
15518000,7476.145085,3601,205,0.626419,0.2656
15520000,6990.417269,3585,209,0.653410,0.2734
15522000,4719.158250,3591,215,0.331642,0.3281
15524000,4740.809354,3578,219,0.301177,0.2031
15526000,5669.746815,3601,210,0.565720,0.2656
15528000,5361.722986,3594,211,0.500349,0.3203
15530000,5349.561090,3582,198,0.496029,0.2656
15532000,4747.393199,3608,226,0.260024,0.3594
15534000,4385.322415,3595,221,0.260672,0.2109
15536000,4348.941137,3581,229,0.240297,0.2500
15538000,4760.676016,3603,213,0.253228,0.2969
15540000,4441.809180,3649,195,0.266022,0.3125
15542000,4581.693602,3637,195,0.373330,0.2578
15544000,4189.411050,3633,194,0.272363,0.2656
15546000,4976.770389,3601,192,0.424130,0.3125
15548000,5329.040739,3617,195,0.408416,0.2891
15550000,5086.509149,3608,196,0.251928,0.2969
15552000,5117.094256,3595,200,0.253686,0.2734
15554000,5741.188697,3596,198,0.524267,0.3203
15556000,5953.174479,3588,206,0.553405,0.2656
15558000,5920.963975,3588,209,0.551982,0.2969
15560000,6317.642551,3604,206,0.448261,0.2969
15562000,6846.836248,3592,220,0.449479,0.2734
15564000,6840.949123,3602,198,0.462024,0.3125
15566000,6512.527268,3569,218,0.450686,0.3594
15568000,4791.217818,3588,213,0.080854,0.3047
15570000,5015.060263,3576,222,0.090806,0.2891
15572000,4982.924704,3567,229,0.090681,0.3203
15574000,4830.709280,3578,223,0.071597,0.2812
15576000,4938.135076,3599,216,0.049155,0.2969
15578000,4903.636039,3590,209,0.041075,0.3438
15580000,4926.166684,3566,215,0.035502,0.3203
15582000,4924.358549,3580,209,0.034936,0.2969
15584000,3961.956446,3573,218,0.187065,0.3125
15586000,4020.612336,3569,206,0.207337,0.3281
15588000,4364.773460,3578,214,0.216816,0.3203
15590000,4290.777223,3567,232,0.241927,0.4453
15592000,4451.131631,3570,217,0.276275,0.2500
15594000,4044.004730,3556,220,0.194556,0.2344
15596000,5857.301600,3566,220,0.383538,0.3438
15598000,8464.164222,3583,217,0.810020,0.2812
15600000,7716.097281,3578,210,0.771200,0.2969
15602000,7603.614165,3571,216,0.654086,0.3438
15604000,7525.196647,3561,232,0.652387,0.3438
15606000,5208.899325,3560,230,0.101808,0.3516
15608000,7329.315141,3561,235,0.447294,0.3672
15610000,5375.410625,3567,240,0.011638,0.3828
15612000,5652.080187,3562,225,0.196377,0.2578
15614000,5531.261207,3554,233,0.132852,0.3047
15616000,5326.397374,3556,237,0.119808,0.2734
15618000,5649.384346,3565,232,0.143475,0.2734
15620000,5625.576125,3543,257,0.139790,0.2734
15622000,6751.899781,3531,255,0.554179,0.3359
15624000,6756.796207,3521,248,0.558570,0.3828
15626000,6251.813651,3539,230,0.058346,0.2500
15628000,7997.918083,3566,226,0.280542,0.2812
15630000,8005.787693,3563,213,0.277275,0.2734
15632000,7850.929653,3538,239,0.297605,0.2734
15634000,9219.461748,3512,248,0.672915,0.3125
15636000,6916.937507,3496,248,0.214047,0.3828
15638000,7649.591157,3507,235,0.501187,0.2891
15640000,7287.472202,3537,231,0.453754,0.3203
15642000,6962.560733,3519,248,0.546217,0.3984
15644000,5948.455077,3538,245,0.192256,0.3438
15646000,7356.941796,3531,247,0.774257,0.2500
15648000,8157.266676,3505,251,0.726696,0.2812
15650000,8258.737449,3544,244,0.720480,0.2109
15652000,6017.728831,3555,237,0.250915,0.3203
15654000,5992.035034,3537,255,0.245750,0.2578
15656000,6168.058095,3545,245,0.189315,0.3594
15658000,8177.343306,3537,234,0.692149,0.2891
15660000,7560.552338,3537,243,0.635601,0.2422
15662000,4917.488289,3543,243,0.100349,0.3125
15664000,5270.839585,3559,240,0.466838,0.3203
15666000,5171.853842,3570,217,0.126680,0.2734
15668000,5185.383882,3535,240,0.126778,0.2891
15670000,5837.396553,3578,216,0.680100,0.2656
15672000,6403.824460,3581,218,0.723341,0.3203
15674000,6189.078701,3610,208,0.344229,0.1953
15676000,5852.460026,3607,217,0.278698,0.3359
15678000,5641.388024,3611,225,0.309345,0.2891
15680000,6681.520019,3612,200,0.480628,0.3281
15682000,3881.995513,3591,220,0.175609,0.3359
15684000,4485.357118,3621,208,0.113732,0.3047
15686000,4510.651565,3637,203,0.117303,0.3594
15688000,4991.279515,3592,207,0.021532,0.2891
15690000,5385.245606,3588,216,0.282860,0.2422
15692000,7666.839959,3580,208,0.713206,0.2344
15694000,6217.137186,3580,204,0.569476,0.3359
15696000,6197.200408,3576,223,0.572560,0.3203
15698000,7946.181508,3583,214,0.695616,0.2812
15700000,7968.637911,3575,225,0.700243,0.3047
15702000,8003.208794,3581,226,0.700194,0.2578
15704000,6850.562926,3557,238,0.617950,0.2891
15706000,6936.871278,3570,231,0.649531,0.2578
15708000,7814.530559,3576,233,0.666611,0.2734
15710000,7918.598725,3583,239,0.611508,0.3359
15712000,7617.123113,3572,259,0.577902,0.2734
15714000,7612.868220,3563,246,0.595780,0.3594
15716000,7804.673541,3568,245,0.658637,0.3750
15718000,8146.419103,3585,238,0.642567,0.2812
15720000,7920.656793,3609,209,0.309951,0.2812
15722000,7737.069653,3590,217,0.375022,0.2734
15724000,6755.631024,3599,201,0.613634,0.1797
15726000,6070.071573,3592,207,0.486775,0.2578
15728000,6083.041814,3563,224,0.489662,0.2969
15730000,6002.327851,3565,213,0.485624,0.3438
15732000,5984.647639,3608,203,0.485525,0.2891
15734000,5890.836013,3578,208,0.525888,0.2500
15736000,4613.040205,3585,219,0.149885,0.3828
15738000,4579.547586,3609,220,0.246329,0.2109
15740000,4564.911614,3590,236,0.250956,0.2188
15742000,4365.771074,3580,237,0.136404,0.3516
15744000,4060.106051,3584,239,0.163014,0.2969
15746000,4083.540148,3586,227,0.114112,0.2500
15748000,3819.251899,3598,213,0.130684,0.2891
15750000,3839.289891,3577,228,0.229151,0.2891
15752000,3670.097424,3588,235,0.016649,0.3125
15754000,5441.119288,3592,222,0.463773,0.3203
15756000,5183.238033,3590,231,0.407135,0.3516
15758000,5916.623068,3602,223,0.429511,0.3281
15760000,5926.344706,3605,224,0.387971,0.2578
15762000,3904.693412,3614,225,0.048234,0.2578
15764000,3310.836178,3628,213,0.027027,0.3359
15766000,3305.395384,3600,218,0.024944,0.2656
15768000,3298.714439,3625,185,0.022969,0.3438
15770000,3455.606516,3623,203,0.007801,0.3281
15772000,5550.714947,3620,215,0.448221,0.3047
15774000,5437.841381,3628,201,0.525048,0.2969
15776000,5344.569556,3608,209,0.534626,0.3594
15778000,5107.265749,3608,212,0.492712,0.2656
15780000,5083.403357,3606,201,0.496698,0.2500
15782000,5085.328878,3572,225,0.473356,0.3047
15784000,5121.168574,3558,220,0.478071,0.3281
15786000,5076.626664,3545,225,0.479050,0.3984
15788000,4006.163253,3551,229,0.325301,0.3125
15790000,4939.364499,3567,241,0.412103,0.2578
15792000,4063.066597,3592,222,0.544169,0.2578
15794000,4060.899886,3575,249,0.539383,0.2734
15796000,4054.371635,3565,240,0.538663,0.3203
15798000,4429.708537,3575,233,0.276345,0.3203
15800000,5890.371316,3612,211,0.645236,0.2656
15802000,3522.439181,3596,213,0.161520,0.2656
15804000,3612.511567,3584,231,0.131384,0.2422
15806000,3685.051134,3598,215,0.134277,0.3203
15808000,4532.973979,3610,214,0.347399,0.3281
15810000,5484.772844,3596,230,0.619290,0.3281
15812000,4759.762668,3616,214,0.461334,0.2891
15814000,4796.072604,3613,218,0.448939,0.2891
15816000,4698.533045,3612,215,0.459817,0.2578
15818000,4826.880315,3601,228,0.366117,0.2500
15820000,4879.123776,3612,230,0.371053,0.3359
15822000,4720.058822,3611,208,0.238861,0.3203
15824000,5026.031196,3610,223,0.358836,0.2500
15826000,5842.643895,3588,237,0.558076,0.2812
15828000,5992.358854,3597,229,0.587645,0.3125
15830000,3981.840951,3627,237,0.037392,0.3047
15832000,3997.692050,3613,245,0.035428,0.3516
15834000,4587.434877,3634,222,0.090853,0.3438
15836000,4412.296047,3621,208,0.071017,0.2578
15838000,4408.968644,3613,212,0.073686,0.2969
15840000,4343.059200,3605,230,0.067216,0.2344
15842000,4749.627786,3614,211,0.419140,0.2891
15844000,4607.384474,3599,204,0.294810,0.2188
15846000,4555.998532,3601,192,0.288610,0.3359
15848000,4543.797334,3595,201,0.289886,0.2031
15850000,4361.489506,3579,203,0.169415,0.2422
15852000,4288.129057,3542,223,0.167185,0.3203
15854000,4287.813771,3552,220,0.164924,0.3438
15856000,5106.820954,3532,235,0.016770,0.3047
15858000,5096.865986,3555,243,0.023400,0.3672
15860000,5322.736004,3551,245,0.112049,0.3047
15862000,5321.676104,3539,256,0.103316,0.2656
15864000,5320.466071,3547,236,0.133251,0.3125
15866000,5416.031749,3583,231,0.057339,0.2656
15868000,5310.990682,3607,236,0.055273,0.2891
15870000,4778.034056,3612,212,0.257241,0.2891
15872000,5380.286074,3605,216,0.044676,0.3047
15874000,5358.099751,3603,213,0.043242,0.2344
15876000,5391.575582,3606,211,0.345346,0.2734
15878000,4958.778321,3608,195,0.230826,0.3125
15880000,5039.047927,3577,212,0.232121,0.2812
15882000,5220.852506,3582,201,0.195558,0.2344
15884000,5381.275495,3585,210,0.217761,0.3125
15886000,5586.699793,3597,204,0.278195,0.2734
15888000,5313.699620,3597,200,0.243054,0.3047
15890000,4596.396306,3597,206,0.274328,0.2734
15892000,4614.662265,3605,216,0.269662,0.3516
15894000,4185.875343,3617,218,0.189949,0.2969
15896000,4420.149463,3618,217,0.268280,0.2422
15898000,4345.787227,3624,206,0.277380,0.2734
15900000,4589.570488,3642,201,0.375126,0.3281
15902000,5774.735352,3635,207,0.489487,0.2344
15904000,6367.658202,3630,197,0.500016,0.2969
15906000,6430.339315,3629,215,0.493208,0.3672
15908000,6400.071686,3623,213,0.527447,0.2422
15910000,7179.521491,3619,213,0.643069,0.2891
15912000,5034.564318,3627,207,0.269278,0.2969
15914000,5557.102224,3639,207,0.189625,0.2344
15916000,5187.251004,3645,226,0.199584,0.2578
15918000,5268.219074,3617,207,0.207298,0.2031
15920000,5845.837565,3620,213,0.506592,0.3047
15922000,4977.902477,3635,203,0.145827,0.2578
15924000,4981.214303,3644,208,0.161085,0.2969
15926000,4928.977426,3658,203,0.156145,0.2812
15928000,5065.273970,3643,215,0.093725,0.3281
15930000,6646.342444,3641,211,0.568040,0.1875
15932000,6666.357758,3624,216,0.562179,0.2734
15934000,6761.851189,3632,183,0.641961,0.2578
15936000,7010.644402,3627,190,0.677379,0.3047
15938000,7011.923573,3614,204,0.683915,0.3203
15940000,6638.276298,3617,212,0.588870,0.3047
15942000,6656.408428,3608,210,0.589003,0.2734
15944000,7000.115220,3584,228,0.658411,0.3125
15946000,7112.035678,3567,247,0.724396,0.3594
15948000,6981.955096,3550,242,0.739713,0.2734
15950000,5212.606446,3559,237,0.244786,0.3125
15952000,4615.017514,3530,235,0.224763,0.2266
15954000,4717.943194,3540,239,0.237508,0.3359
15956000,4604.369683,3537,240,0.256893,0.3125
15958000,4645.195964,3536,248,0.257536,0.2422
15960000,4696.216623,3561,230,0.251921,0.2578
15962000,4697.968144,3566,239,0.249626,0.3047
15964000,5801.632613,3571,224,0.431269,0.2734
15966000,5932.861732,3580,210,0.462477,0.3203
15968000,5903.428615,3576,223,0.452901,0.3125
15970000,5619.097884,3542,235,0.142264,0.3828
15972000,4633.218698,3572,213,0.117009,0.3125
15974000,5423.410347,3576,206,0.145106,0.2812
15976000,4308.209342,3564,228,0.023274,0.2656
15978000,4260.270218,3577,218,0.019446,0.2422
15980000,4361.441444,3615,194,0.040450,0.1641
15982000,4401.458473,3613,202,0.045103,0.3594
15984000,4508.980162,3633,201,0.315191,0.2734
15986000,6809.108366,3609,209,0.438067,0.2188
15988000,6861.289359,3605,218,0.473940,0.2422
15990000,7219.528866,3598,205,0.620139,0.2969
15992000,5291.687968,3601,222,0.338172,0.3047
15994000,5287.046764,3582,212,0.353413,0.3125
15996000,8576.457252,3570,225,0.729481,0.3516
15998000,8536.549462,3586,204,0.743922,0.3281
16000000,8522.987503,3585,209,0.745547,0.3203
16002000,8964.546766,3584,215,0.805232,0.3047
16004000,8955.826818,3603,210,0.782621,0.3984
16006000,6586.465751,3585,216,0.363381,0.2891
16008000,8224.502860,3597,215,0.610020,0.2812
16010000,8216.025037,3626,206,0.610031,0.2734
16012000,8181.323580,3596,223,0.611458,0.2500
16014000,9650.506038,3599,207,0.882518,0.3516
16016000,9791.912632,3604,218,0.869411,0.3359
16018000,9706.672929,3583,216,0.869451,0.3125
16020000,7449.002520,3568,236,0.522036,0.2422
16022000,4297.245023,3551,215,0.014406,0.4141
16024000,4063.141066,3554,231,0.025117,0.2812
16026000,5191.337519,3541,217,0.465495,0.3203
16028000,4310.564275,3554,222,0.058743,0.3047
16030000,4245.770053,3558,221,0.061258,0.2812
16032000,6412.620424,3529,221,0.433692,0.3047
16034000,6017.384265,3558,217,0.465981,0.3047
16036000,6022.130277,3561,210,0.467044,0.2578
16038000,5892.288283,3561,222,0.307271,0.2500
16040000,8261.178772,3556,229,0.814805,0.3438
16042000,8301.199466,3581,234,0.793967,0.3203
16044000,8358.253031,3564,248,0.755575,0.3203
16046000,8822.240982,3568,234,0.802607,0.2969
16048000,8772.654469,3572,214,0.855006,0.2734
16050000,8615.112882,3567,225,0.872038,0.3281
16052000,8624.761173,3575,205,0.879858,0.2891
16054000,8714.773278,3563,202,0.862666,0.2969
16056000,8676.781818,3590,209,0.881021,0.2500
16058000,8657.369683,3607,211,0.865558,0.2812
16060000,8708.805102,3616,214,0.885424,0.2656
16062000,8704.104745,3601,230,0.886543,0.2969
16064000,8687.842252,3605,233,0.887353,0.3281
16066000,8680.656880,3559,232,0.891501,0.2344
16068000,8644.052700,3558,242,0.891162,0.2578
16070000,8999.572855,3588,236,0.887454,0.2422
16072000,9212.071275,3566,253,0.895701,0.2422
16074000,4632.843050,3583,246,0.026526,0.3203
16076000,4644.641585,3600,211,0.024101,0.2734
16078000,4938.787303,3551,239,0.052163,0.3047
16080000,5005.967022,3521,255,0.047148,0.2578
16082000,4780.580221,3508,255,0.053244,0.2734
16084000,4465.663580,3511,236,0.217790,0.4219
16086000,4551.312202,3508,220,0.041467,0.3359
16088000,4557.141919,3519,236,0.042606,0.3828
16090000,4557.718906,3537,245,0.053340,0.3047
16092000,4575.460664,3550,231,0.164684,0.3281
16094000,4535.417255,3566,219,0.160153,0.2812
16096000,4414.598778,3532,231,0.197519,0.4297
16098000,4598.980272,3524,245,0.208667,0.3438
16100000,4545.212634,3502,256,0.200093,0.2734
16102000,4547.515794,3501,265,0.191550,0.3203
16104000,4851.965152,3531,252,0.142066,0.3125
16106000,4604.942541,3523,256,0.110424,0.2969
16108000,4598.683613,3554,230,0.108719,0.3359
16110000,4946.143186,3558,229,0.007066,0.2578
16112000,5168.978241,3579,222,0.003005,0.2422
16114000,4378.737456,3578,216,0.094762,0.3203
16116000,5977.255225,3549,229,0.476925,0.2656
16118000,6025.319988,3536,229,0.481816,0.3828
16120000,6131.359479,3581,195,0.485754,0.3047
16122000,4603.816208,3530,220,0.461649,0.3516
16124000,4627.313559,3555,216,0.463902,0.2031
16126000,5905.095013,3534,236,0.565587,0.3516
16128000,6550.769215,3494,229,0.617258,0.3125
16130000,6504.790807,3516,221,0.610219,0.2578
16132000,6560.897434,3538,216,0.608204,0.2734
16134000,6370.724482,3542,215,0.468252,0.3438
16136000,6287.405458,3542,227,0.454188,0.3359
16138000,6384.179549,3536,228,0.449114,0.2734
16140000,5307.475833,3551,227,0.169438,0.3125
16142000,6242.429258,3579,210,0.342474,0.3125
16144000,7162.779346,3568,229,0.636302,0.2578
16146000,7256.628915,3585,225,0.646373,0.2422
16148000,7276.777039,3581,214,0.645721,0.3281
16150000,6393.012094,3553,225,0.764192,0.3203
16152000,5017.656850,3558,212,0.285626,0.3125
16154000,6143.242940,3545,224,0.619268,0.2969
16156000,5001.056931,3588,220,0.166259,0.3359
16158000,5023.079912,3566,225,0.191807,0.1953
16160000,4242.364887,3561,211,0.123159,0.2266
16162000,4246.253417,3578,221,0.126399,0.3516
16164000,8052.378051,3557,221,0.815133,0.3203
16166000,7255.480642,3562,231,0.473325,0.2578
16168000,7273.578752,3571,229,0.482599,0.2031
16170000,4870.127415,3592,220,0.151018,0.2734
16172000,4826.061067,3568,210,0.147006,0.3516
16174000,7264.965066,3557,211,0.484506,0.2734
16176000,4915.729505,3553,231,0.130565,0.2656
16178000,3717.661465,3558,230,0.228301,0.2812
16180000,6008.609886,3578,215,0.401958,0.2969
16182000,6858.820885,3588,211,0.495883,0.2500
16184000,6947.206577,3592,214,0.341140,0.2969
16186000,4768.391057,3578,229,0.050218,0.3047
16188000,4700.348464,3554,244,0.055543,0.3125
16190000,5022.614794,3570,223,0.057321,0.3203
16192000,4674.565422,3542,236,0.010653,0.2891
16194000,4099.655113,3546,232,0.065829,0.3125
16196000,4114.678402,3523,235,0.049168,0.2578
16198000,4119.991021,3536,247,0.052039,0.3828
16200000,4681.179104,3569,236,0.079335,0.2891
16202000,5682.509333,3583,237,0.215815,0.3594
16204000,9631.557707,3578,238,0.702784,0.2422
16206000,9553.759077,3597,229,0.689488,0.2969
16208000,10090.150136,3612,203,0.749267,0.2734
16210000,9419.211359,3613,211,0.835875,0.2578
16212000,9785.070960,3606,195,0.622998,0.3047
16214000,8658.240157,3593,189,0.538166,0.2578
16216000,8286.514820,3595,205,0.502961,0.2422
16218000,7211.865652,3598,209,0.471600,0.3047
16220000,8507.299082,3568,236,0.797172,0.2422
16222000,8404.466304,3562,226,0.823978,0.3203
16224000,8376.155719,3570,219,0.808456,0.3047
16226000,8367.527534,3572,228,0.809344,0.2422
16228000,8511.473461,3583,227,0.798265,0.2344
16230000,7303.126996,3569,235,0.738054,0.3047
16232000,3974.429362,3569,225,0.245805,0.2734
16234000,3913.980164,3558,244,0.246364,0.3203
16236000,4913.286748,3583,217,0.301872,0.2188
16238000,5002.063633,3572,229,0.316541,0.2266
16240000,6090.420039,3587,232,0.632544,0.2734
16242000,6868.600444,3594,217,0.655022,0.3516
16244000,7866.638355,3606,241,0.817997,0.3047
16246000,6549.601282,3616,226,0.669437,0.2578
16248000,6628.001789,3610,222,0.672905,0.2422
16250000,7150.472433,3591,227,0.714963,0.2812
16252000,6930.958917,3581,244,0.663650,0.1875
16254000,3969.555012,3564,241,0.430449,0.3203
16256000,3692.431814,3586,220,0.389885,0.3047
16258000,3725.735603,3566,238,0.410808,0.3281
16260000,5318.534145,3570,224,0.592677,0.3281
16262000,4268.784624,3574,226,0.560393,0.2891
16264000,4349.434486,3572,229,0.564795,0.2969
16266000,4350.914001,3556,226,0.563072,0.3359
16268000,4387.161207,3542,226,0.525068,0.2266
16270000,3883.708012,3556,231,0.284731,0.2578
16272000,3629.483354,3547,235,0.127236,0.3203
16274000,6600.168765,3520,255,0.397367,0.2656
16276000,4478.528905,3515,257,0.221369,0.3125
16278000,5659.522488,3502,261,0.538588,0.2578
16280000,5676.731865,3531,247,0.535982,0.3125
16282000,5683.531826,3585,208,0.533631,0.3203
16284000,6783.656329,3571,224,0.624949,0.2578
16286000,6792.343372,3586,214,0.624620,0.2422
16288000,7598.511776,3576,220,0.456497,0.2578
16290000,7117.577751,3578,212,0.228700,0.2734
16292000,8601.649819,3585,197,0.566343,0.3359
16294000,7338.747643,3577,201,0.647164,0.2812
16296000,7226.591635,3600,204,0.635875,0.3281
16298000,6979.825437,3611,186,0.645636,0.2891
16300000,5038.395653,3584,201,0.463144,0.3125
16302000,6109.597254,3600,197,0.439390,0.2969
16304000,7552.546637,3606,209,0.640504,0.2266
16306000,8934.854366,3595,223,0.822864,0.3281
16308000,8813.553686,3612,209,0.794739,0.2969
16310000,5177.838761,3576,237,0.123267,0.2500
16312000,5669.145719,3578,229,0.301958,0.3359
16314000,8593.963743,3556,228,0.573551,0.2891
16316000,8195.918431,3553,220,0.645863,0.3516
16318000,7670.498691,3545,229,0.604500,0.2734
16320000,7524.057954,3553,225,0.443784,0.3984
16322000,9189.076267,3535,233,0.621497,0.3906
16324000,9737.202394,3541,215,0.645468,0.2656
16326000,9858.912002,3564,220,0.635713,0.2734
16328000,9898.943954,3554,219,0.632251,0.2578
16330000,10003.037122,3557,211,0.630811,0.2500
16332000,10956.026837,3557,230,0.839292,0.3047
16334000,11901.347412,3563,212,0.902222,0.2734
16336000,7688.735208,3540,230,0.561226,0.3672
16338000,7433.177861,3508,231,0.578014,0.3516
16340000,5648.549235,3526,233,0.225291,0.3203
16342000,9062.967411,3536,237,0.843477,0.2891
16344000,8936.461439,3546,230,0.637805,0.3594
16346000,9556.993038,3569,242,0.851795,0.3125
16348000,9612.609991,3563,245,0.757760,0.3047
16350000,9008.350750,3560,246,0.673394,0.3828
16352000,9024.857705,3587,221,0.550831,0.2969
16354000,12977.651518,3593,242,0.870868,0.3125
16356000,4489.796359,3606,210,0.167642,0.2734
16358000,5224.448202,3625,208,0.086640,0.3984
16360000,5596.948549,3667,193,0.291532,0.2500
16362000,5575.503593,3654,202,0.593915,0.3203
16364000,5709.914045,3641,195,0.501269,0.2734
16366000,5369.241840,3635,205,0.573151,0.3203
16368000,5743.487932,3611,203,0.520520,0.2812
16370000,5749.576284,3613,195,0.519242,0.3125
16372000,5511.337887,3627,187,0.133383,0.2500
16374000,5036.193420,3598,211,0.073841,0.3438
16376000,4629.034824,3564,227,0.092472,0.3125
16378000,5590.270691,3562,224,0.062569,0.2969
16380000,5596.700161,3570,205,0.057125,0.3047
16382000,6098.708503,3589,213,0.132972,0.2500
16384000,6264.622779,3612,212,0.121157,0.3047
16386000,4285.450127,3614,212,0.061222,0.2344
16388000,4240.271062,3615,221,0.063634,0.3203
16390000,5067.302250,3594,219,0.093853,0.2969
16392000,4486.531764,3588,222,0.015328,0.3359
16394000,4381.166799,3595,208,0.013708,0.2656
16396000,4513.760661,3602,212,0.017439,0.3047
16398000,4650.834313,3584,216,0.031618,0.2969
16400000,4663.343723,3528,241,0.020986,0.2656
16402000,4590.630695,3583,217,0.057406,0.2656
16404000,4017.193607,3592,222,0.247286,0.3359
16406000,4150.033999,3551,243,0.295020,0.3672
16408000,4161.585306,3526,254,0.302778,0.3516
16410000,4673.954978,3532,262,0.045785,0.3125
16412000,4863.996853,3536,245,0.056377,0.2812
16414000,5583.208361,3539,256,0.017948,0.2812
16416000,5357.553580,3568,225,0.273313,0.3047
16418000,5293.802340,3560,234,0.288899,0.3047
16420000,4914.841219,3561,225,0.002401,0.3438
16422000,4905.870910,3555,226,0.002232,0.2578
16424000,5042.426479,3542,246,0.004794,0.3672
16426000,5820.652216,3571,234,0.104718,0.3047
16428000,6077.330559,3568,226,0.114512,0.3203
16430000,5462.260463,3599,200,0.073477,0.2188
16432000,6101.751949,3592,216,0.091138,0.3047
16434000,6286.063764,3572,224,0.066198,0.3281
16436000,6282.183210,3560,230,0.068863,0.3125
16438000,6221.311964,3587,229,0.065067,0.2500
16440000,6145.314766,3555,229,0.051841,0.2656
16442000,5568.224163,3597,208,0.191953,0.2734
16444000,5529.604858,3570,227,0.186425,0.3125
16446000,6770.602400,3569,244,0.021408,0.3125
16448000,6768.533577,3574,243,0.028210,0.2188
16450000,5880.802531,3574,232,0.138112,0.2578
16452000,5826.637256,3573,232,0.337807,0.2734
16454000,5949.540967,3571,232,0.282731,0.3047
16456000,4791.647348,3577,231,0.123682,0.3281
16458000,4497.848729,3553,237,0.015938,0.3359
16460000,4464.509084,3539,230,0.186359,0.2891
16462000,4673.044250,3536,221,0.094991,0.2734
16464000,4196.823422,3542,211,0.134152,0.2656
16466000,4057.248302,3519,219,0.159173,0.3047
16468000,4020.258607,3537,217,0.160655,0.2578
16470000,4129.176153,3577,224,0.142703,0.3438
16472000,4167.636522,3573,218,0.146595,0.2656
16474000,4176.167135,3578,212,0.142921,0.3281
16476000,3871.463532,3554,229,0.116286,0.3125
16478000,3599.295445,3547,232,0.189863,0.3594
16480000,3754.478967,3575,234,0.137699,0.2891
16482000,3750.909872,3581,218,0.137787,0.3281
16484000,4791.336429,3567,234,0.017293,0.3047
16486000,4666.905906,3548,224,0.134370,0.3438
16488000,4351.498915,3550,211,0.191814,0.3438
16490000,4344.451135,3572,215,0.187277,0.3047
16492000,5123.887206,3520,230,0.034630,0.3281
16494000,5050.011871,3517,236,0.034319,0.3984
16496000,5093.985564,3512,247,0.034607,0.3672
16498000,5084.145018,3508,242,0.473550,0.2891
16500000,5099.537672,3544,253,0.478312,0.2578
16502000,6089.049897,3519,253,0.548669,0.3281
16504000,6071.190056,3553,239,0.548632,0.2734
16506000,4672.190817,3545,238,0.137711,0.3438
16508000,7806.302772,3554,224,0.626459,0.3125
16510000,6571.158924,3552,222,0.592318,0.4062
16512000,6524.134851,3545,223,0.561120,0.2812
16514000,5783.096726,3554,228,0.676442,0.2969
16516000,7185.831640,3561,243,0.756733,0.2500
16518000,7654.103724,3578,230,0.809928,0.2578
16520000,7709.160628,3620,207,0.819722,0.2422
16522000,7598.280949,3619,203,0.812529,0.2812
16524000,4966.554194,3604,206,0.350989,0.3438
16526000,5031.484267,3608,200,0.356039,0.2812
16528000,7422.660463,3585,202,0.647546,0.2891
16530000,7260.871109,3595,210,0.634980,0.2500
16532000,6743.644296,3580,221,0.557936,0.2891
16534000,4420.999372,3577,227,0.224093,0.2969
16536000,6993.737048,3579,236,0.353812,0.3047
16538000,5183.017837,3570,247,0.467979,0.2969
16540000,5330.292248,3548,253,0.342772,0.2969
16542000,4866.132535,3532,260,0.280609,0.2812
16544000,4249.300626,3556,240,0.202764,0.2812
16546000,4267.213743,3577,230,0.213435,0.3516
16548000,4848.268568,3595,225,0.235021,0.3203
16550000,4510.304169,3581,224,0.087977,0.3438
16552000,4514.699466,3592,200,0.091048,0.3047
16554000,4322.948362,3644,198,0.020304,0.2500
16556000,4042.826830,3648,204,0.008811,0.3438
16558000,4654.941579,3661,205,0.105919,0.3281
16560000,4851.115651,3622,206,0.210730,0.2578
16562000,4913.450372,3620,214,0.233392,0.2344
16564000,4898.028011,3631,195,0.223445,0.2500
16566000,4757.819544,3596,200,0.227675,0.2656
16568000,4935.883964,3582,214,0.315583,0.3438
16570000,4950.783536,3589,207,0.313082,0.3281
16572000,5141.877031,3609,212,0.418615,0.3047
16574000,4682.955424,3620,209,0.087643,0.2422
16576000,5262.281284,3605,224,0.279876,0.3203
16578000,5228.835621,3609,221,0.290425,0.4141
16580000,4844.425779,3616,220,0.070319,0.2891
16582000,4828.394599,3622,215,0.068147,0.3438
16584000,4846.308149,3630,204,0.069130,0.3047
16586000,4869.611536,3602,219,0.072472,0.3203
16588000,4682.825220,3593,220,0.096692,0.3281
16590000,4669.057301,3586,215,0.027281,0.3359
16592000,4648.613622,3584,215,0.214646,0.3203
16594000,4724.328554,3595,202,0.033549,0.2891
16596000,4631.077180,3576,211,0.200157,0.2969
16598000,4365.022879,3581,211,0.067465,0.2969
16600000,4214.716727,3586,213,0.063383,0.2812
16602000,4386.001975,3579,227,0.016861,0.3281
16604000,4246.685965,3626,197,0.008147,0.2578
16606000,4215.850753,3626,190,0.010385,0.3047
16608000,4315.739448,3641,185,0.028780,0.3750
16610000,4382.039802,3620,198,0.023646,0.2812
16612000,4931.516711,3637,208,0.110585,0.2656
16614000,4314.735941,3616,205,0.031206,0.3203
16616000,4685.717825,3578,226,0.152700,0.2656
16618000,4735.223785,3567,228,0.154894,0.2266
16620000,5157.951288,3543,237,0.308448,0.3203
16622000,5278.736098,3589,207,0.310061,0.3281
16624000,5297.311329,3607,201,0.373784,0.3281
16626000,5251.534328,3627,200,0.387965,0.3203
16628000,4047.025982,3593,200,0.105444,0.2656
16630000,4217.489579,3579,200,0.074980,0.3750
16632000,4026.170639,3555,207,0.068810,0.2734
16634000,3769.147266,3621,211,0.081480,0.2500
16636000,3686.981693,3611,219,0.079114,0.2734
16638000,3698.948452,3590,225,0.037562,0.2266
16640000,3571.018631,3571,227,0.009496,0.3984
16642000,3600.089423,3580,219,0.052275,0.2344
16644000,3623.155693,3556,231,0.054261,0.2422
16646000,3547.560231,3543,239,0.055301,0.3438
16648000,3525.060092,3527,241,0.055823,0.3672
16650000,3463.350389,3522,241,0.062878,0.3281
16652000,3474.676238,3566,212,0.064708,0.2969
16654000,3491.655218,3595,194,0.064904,0.3828
16656000,3472.622133,3577,212,0.036628,0.3203
16658000,3704.758756,3566,215,0.003768,0.3516
16660000,3708.764242,3539,218,0.073994,0.2656
16662000,3696.558071,3525,224,0.077258,0.2734
16664000,3604.876104,3506,241,0.072695,0.3672
16666000,3584.228243,3532,231,0.070203,0.3438
16668000,3687.950031,3528,225,0.073466,0.2500
16670000,3748.465113,3533,238,0.077728,0.2734
16672000,3564.878041,3568,225,0.075702,0.3438
16674000,3935.670204,3564,235,0.032356,0.3047
16676000,3780.147270,3545,233,0.071241,0.3203
16678000,3857.597250,3557,230,0.056606,0.2500
16680000,3842.527546,3567,228,0.050760,0.3594
16682000,3832.988162,3565,228,0.015982,0.3203
16684000,4788.510794,3565,215,0.451499,0.2578
16686000,4234.202029,3554,222,0.026962,0.2969
16688000,4298.489192,3576,227,0.024484,0.3438
16690000,4188.534977,3580,232,0.007753,0.2891
16692000,4130.708397,3583,226,0.012297,0.3047
16694000,4071.939994,3588,225,0.043375,0.2969
16696000,4070.985153,3600,215,0.079202,0.3359
16698000,3966.342741,3575,234,0.057741,0.2969
16700000,3908.127816,3559,234,0.058653,0.2500
16702000,3862.890015,3564,213,0.052079,0.2109
16704000,3838.538431,3553,198,0.013364,0.2969
16706000,3842.633392,3529,217,0.012277,0.3359
16708000,4535.318554,3538,207,0.139656,0.3125
16710000,4534.942576,3527,226,0.141215,0.2969
16712000,4634.493875,3529,240,0.117835,0.3594
16714000,7907.589624,3560,228,0.778775,0.3359
16716000,7840.412858,3574,234,0.691139,0.3047
16718000,8239.028506,3570,254,0.668636,0.3359
16720000,8035.436525,3540,254,0.620007,0.3125
16722000,7435.184999,3574,231,0.291237,0.2500
16724000,9796.324091,3569,215,0.705109,0.3438
16726000,4992.672874,3558,205,0.579892,0.3125
16728000,5899.261130,3598,214,0.723498,0.2812
16730000,5996.263023,3587,219,0.552343,0.2188
16732000,5031.220986,3572,219,0.530391,0.2656
16734000,5001.360547,3577,225,0.530026,0.3516
16736000,5871.993118,3570,234,0.472841,0.2656
16738000,5744.394842,3576,236,0.195467,0.2344
16740000,6776.215164,3568,239,0.383835,0.3594
16742000,8839.090670,3569,230,0.739563,0.2734
16744000,8655.973565,3559,240,0.733128,0.2812
16746000,8376.574819,3569,243,0.723848,0.2812
16748000,8330.941024,3554,248,0.724020,0.2969
16750000,9086.218993,3551,254,0.771408,0.3281
16752000,8848.524922,3551,239,0.775962,0.3438
16754000,8477.317940,3566,220,0.768575,0.2891
16756000,7516.808263,3573,211,0.551604,0.3203
16758000,7305.076133,3555,229,0.715418,0.2734
16760000,5169.913706,3534,229,0.412515,0.3438
16762000,6643.645790,3547,219,0.586776,0.3438
16764000,6649.757472,3569,225,0.579265,0.2422
16766000,6758.616164,3576,210,0.566488,0.2500
16768000,7015.800419,3589,214,0.658896,0.3750
16770000,4682.023257,3575,226,0.274820,0.3203
16772000,7914.265742,3575,234,0.551771,0.2578
16774000,7978.994930,3598,220,0.562005,0.2500
16776000,6550.466421,3571,239,0.540602,0.3516
16778000,6244.037392,3571,241,0.379581,0.2734
16780000,6342.268892,3585,234,0.540167,0.3281
16782000,5804.075444,3595,224,0.378885,0.2969
16784000,6231.989019,3597,233,0.426160,0.2656
16786000,4298.182560,3591,213,0.168791,0.3203
16788000,4794.148756,3591,214,0.247777,0.2578
16790000,4799.117076,3593,196,0.237648,0.2812
16792000,7844.364145,3613,198,0.534496,0.2422
16794000,7029.971745,3632,191,0.650913,0.2969
16796000,5334.968189,3645,190,0.340793,0.2109
16798000,6348.738555,3637,183,0.427045,0.1797
16800000,9207.854403,3598,196,0.716439,0.3359
16802000,7536.146741,3606,204,0.686731,0.2891
16804000,7533.255643,3601,205,0.688099,0.3594
16806000,5072.561142,3574,212,0.113494,0.2734
16808000,5072.613258,3574,208,0.110386,0.3125
16810000,7308.760497,3602,193,0.537056,0.3203
16812000,6330.161443,3591,207,0.589188,0.2344
16814000,5528.936515,3584,216,0.450312,0.3203
16816000,5975.581968,3600,202,0.602670,0.3125
16818000,6660.495732,3600,204,0.629803,0.1953
16820000,6804.330160,3572,208,0.626288,0.2969
16822000,6768.067524,3595,200,0.629362,0.3047
16824000,6766.052119,3612,201,0.630452,0.2812
16826000,4655.419193,3603,203,0.604135,0.2500
16828000,4947.053834,3601,221,0.524329,0.3672
16830000,4914.695066,3629,207,0.517512,0.2734
16832000,6160.798656,3590,210,0.604406,0.2891
16834000,6679.147065,3585,215,0.552634,0.2188
16836000,5834.329412,3569,219,0.569462,0.2578
16838000,5849.388222,3561,229,0.580600,0.3047
16840000,5905.629898,3560,222,0.580309,0.3047
16842000,6022.360117,3579,206,0.640287,0.3047
16844000,5604.269169,3595,195,0.642537,0.3125
16846000,4348.755294,3578,224,0.310432,0.2656
16848000,4390.423706,3578,227,0.322680,0.3281
16850000,4131.412849,3562,229,0.191193,0.2891
16852000,4054.644762,3565,223,0.132411,0.3125
16854000,4096.913123,3563,220,0.128483,0.3125
16856000,3690.346033,3563,235,0.201824,0.3047
16858000,5523.908778,3566,228,0.654256,0.3281
16860000,5288.311986,3557,238,0.665148,0.2969
16862000,5342.096419,3577,224,0.607616,0.2656
16864000,5422.128272,3576,233,0.602057,0.2734
16866000,5389.207005,3597,223,0.599481,0.2109
16868000,6536.275446,3561,231,0.632077,0.3281
16870000,6358.109991,3563,250,0.499200,0.2500
16872000,6057.606511,3574,241,0.562166,0.2422
16874000,6317.079917,3581,241,0.510295,0.3281
16876000,5500.147771,3577,228,0.636067,0.2578
16878000,5576.014765,3546,242,0.661603,0.2578
16880000,6908.766033,3542,238,0.647918,0.3359
16882000,5652.843196,3516,265,0.603479,0.3594
16884000,5346.993489,3522,237,0.592201,0.3125
16886000,5403.768541,3546,230,0.485471,0.3047
16888000,5900.950372,3565,226,0.559886,0.2969
16890000,6042.735491,3545,231,0.609415,0.3516
16892000,6049.587360,3554,232,0.609332,0.2969
16894000,6013.260991,3584,216,0.613659,0.2812
16896000,5976.785236,3597,204,0.623784,0.2344
16898000,5001.885706,3588,208,0.158593,0.2188
16900000,8417.500668,3582,227,0.682780,0.3047
16902000,6310.480664,3569,241,0.421359,0.2812
16904000,4960.104488,3555,228,0.150385,0.3281
16906000,6886.119999,3568,221,0.222737,0.2031
16908000,5812.887476,3563,239,0.190655,0.2969
16910000,5959.357312,3551,230,0.566726,0.2969
16912000,5918.065625,3563,220,0.560146,0.3047
16914000,6091.016615,3578,194,0.509944,0.2422
16916000,6301.170364,3571,186,0.582028,0.2422
16918000,5122.930991,3575,201,0.279341,0.2500
16920000,5059.444212,3590,184,0.281400,0.3359
16922000,5746.031162,3586,194,0.451895,0.3359
16924000,5755.888147,3588,206,0.450123,0.2578
16926000,4985.697579,3578,207,0.330584,0.2578
16928000,4807.906782,3617,213,0.457264,0.2500
16930000,4663.083079,3592,207,0.341799,0.2734
16932000,4745.910397,3600,199,0.403649,0.2656
16934000,4798.207783,3591,208,0.461663,0.3516
16936000,5208.354706,3583,205,0.209492,0.2734
16938000,5201.528034,3587,212,0.146519,0.3125
16940000,5322.458227,3581,206,0.204253,0.2969
16942000,5185.735181,3564,215,0.177748,0.2578
16944000,4786.289819,3539,234,0.068648,0.2656
16946000,3962.966860,3570,229,0.099673,0.3203
16948000,5185.892147,3587,216,0.305935,0.1953
16950000,4961.212456,3573,225,0.279112,0.3125
16952000,5050.378281,3577,219,0.333370,0.2500
16954000,8491.081328,3567,221,0.778634,0.3125
16956000,6286.982773,3578,217,0.602559,0.2500
16958000,7624.875439,3578,215,0.633215,0.3047
16960000,7647.172873,3569,216,0.628823,0.2969
16962000,9467.600336,3560,213,0.832270,0.3516
16964000,10205.756838,3560,204,0.860859,0.3203
16966000,4021.005444,3515,229,0.099888,0.2656
16968000,4038.986442,3538,215,0.101132,0.2969
16970000,10363.998759,3564,197,0.868598,0.3672
16972000,9068.855771,3564,218,0.724749,0.3438
16974000,8052.676106,3571,212,0.489696,0.3281
16976000,5715.794040,3575,216,0.243157,0.4062
16978000,5767.282229,3561,226,0.250397,0.2656
16980000,8653.711090,3561,220,0.750274,0.3125
16982000,5397.700245,3542,212,0.493282,0.3594
16984000,4815.825111,3555,209,0.268676,0.3281
16986000,5527.849880,3565,208,0.313986,0.2969
16988000,7147.629528,3597,201,0.714382,0.2422
16990000,7299.333053,3572,215,0.721040,0.2344
16992000,6387.551780,3567,230,0.534008,0.3047
16994000,5236.025459,3576,207,0.385925,0.2891
16996000,6369.140907,3545,246,0.601149,0.2969
16998000,6462.142770,3559,240,0.328552,0.2969
17000000,6476.330079,3569,233,0.327759,0.3359
17002000,6431.982611,3562,227,0.320347,0.2734
17004000,6437.027356,3559,234,0.321483,0.2891
17006000,7011.270742,3533,240,0.502581,0.2578
17008000,7105.018369,3558,220,0.516532,0.3906
17010000,5468.957810,3562,224,0.395921,0.2500
17012000,6176.095600,3565,234,0.454247,0.3828
17014000,8889.808738,3611,223,0.715900,0.2578
17016000,8827.866717,3591,217,0.715540,0.3281
17018000,8201.011674,3582,217,0.668427,0.3047
17020000,8377.936847,3586,208,0.532313,0.2266
17022000,8850.058332,3604,199,0.683198,0.2891
17024000,9631.177728,3561,229,0.791709,0.3750
17026000,7631.596130,3571,233,0.407385,0.2969
17028000,7000.253664,3559,236,0.258899,0.3047
17030000,7210.427900,3583,225,0.258679,0.3281
17032000,8357.496775,3553,230,0.505253,0.3281
17034000,5685.542789,3578,226,0.057260,0.3125
17036000,7507.261292,3567,241,0.190755,0.3750
17038000,7999.865116,3593,206,0.351460,0.2266
17040000,4474.673596,3582,213,0.032147,0.2891
17042000,4411.443156,3591,210,0.019460,0.2969
17044000,7509.784544,3595,212,0.696657,0.2969
17046000,8819.512083,3585,219,0.691565,0.1797
17048000,9441.193961,3569,237,0.681807,0.3516
17050000,8168.058240,3562,246,0.734120,0.2578
17052000,8055.995809,3567,226,0.760025,0.2969
17054000,6132.603154,3579,223,0.238778,0.3281
17056000,8757.700929,3571,224,0.780999,0.3281
17058000,9468.478575,3561,237,0.821160,0.2734
17060000,9414.386704,3580,233,0.803387,0.3281
17062000,9534.297812,3556,254,0.802381,0.2891
17064000,9413.739880,3585,226,0.782461,0.2812
17066000,7930.478419,3584,235,0.615328,0.2266
17068000,10937.922564,3589,223,0.816773,0.2500
17070000,10970.437888,3576,233,0.816569,0.2500
17072000,10424.668357,3583,227,0.790121,0.3359
17074000,6967.005057,3571,234,0.380233,0.3594
17076000,6965.511621,3596,225,0.386108,0.2422
17078000,6878.097263,3602,219,0.300110,0.2266
17080000,6870.481507,3597,214,0.301729,0.3047
17082000,9522.474996,3594,215,0.706746,0.3047
17084000,10383.696607,3616,215,0.720618,0.2344
17086000,10706.248683,3618,212,0.728001,0.3125
17088000,12489.340163,3625,199,0.737355,0.3359
17090000,10187.451999,3626,206,0.406442,0.2891
17092000,10206.251935,3611,197,0.405601,0.3906
17094000,4649.767023,3610,200,0.185541,0.3047
17096000,4486.598083,3606,209,0.170702,0.2266
17098000,8148.852937,3588,216,0.601308,0.2500
17100000,7787.657536,3574,226,0.539234,0.3125
17102000,7600.258820,3596,216,0.540044,0.3047
17104000,7161.612179,3587,222,0.500824,0.3203
17106000,6630.640697,3557,240,0.618389,0.3203
17108000,6623.745161,3554,240,0.649112,0.3047
17110000,6751.445406,3529,248,0.663958,0.2812
17112000,6709.093508,3549,255,0.652030,0.3125
17114000,6467.949797,3556,240,0.579964,0.2969
17116000,7549.603196,3578,233,0.657118,0.3047
17118000,7577.113872,3600,225,0.657299,0.3516
17120000,6691.093287,3596,219,0.270467,0.2891
17122000,5936.953474,3562,235,0.190820,0.2969
17124000,5720.133510,3584,230,0.085780,0.2891
17126000,5435.325725,3563,250,0.092810,0.3516
17128000,5466.099649,3582,233,0.040237,0.2812
17130000,6697.829925,3551,246,0.319604,0.2891
17132000,6517.612337,3547,238,0.215969,0.3203
17134000,6932.831487,3525,255,0.387269,0.3203
17136000,6637.503039,3520,256,0.430370,0.3359
17138000,6740.792890,3552,222,0.396247,0.3438
17140000,6136.726412,3560,229,0.212463,0.2656
17142000,7203.021599,3576,222,0.183690,0.2891
17144000,7287.524555,3548,214,0.191744,0.3438
17146000,6870.334080,3581,205,0.518406,0.2578
17148000,6462.304162,3592,201,0.480329,0.2500
17150000,6354.405205,3610,203,0.474776,0.2969
17152000,5986.836776,3577,237,0.407959,0.2812
17154000,6261.444066,3594,219,0.362081,0.2969
17156000,6241.573896,3567,233,0.349234,0.2422
17158000,5870.618145,3564,215,0.265511,0.2500
17160000,6250.426081,3553,222,0.083352,0.2891
17162000,6598.886928,3558,218,0.299968,0.2812
17164000,6390.508556,3550,229,0.104481,0.3125
17166000,7109.888844,3560,219,0.053828,0.2734
17168000,6592.885416,3561,220,0.045785,0.2344
17170000,5828.605278,3534,235,0.029323,0.2812
17172000,4962.572639,3521,233,0.177365,0.3281
17174000,4961.304143,3546,225,0.174131,0.2656
17176000,4904.538215,3539,244,0.395573,0.2734
17178000,5699.768457,3528,258,0.269172,0.2812
17180000,5684.138760,3535,232,0.051163,0.2656
17182000,5673.582754,3547,224,0.055184,0.3047
17184000,4817.761876,3570,204,0.451180,0.2578
17186000,5538.966170,3584,205,0.291803,0.3203
17188000,6004.841481,3568,209,0.068881,0.2969
17190000,6425.304690,3561,234,0.318378,0.3125
17192000,5894.175088,3556,245,0.252988,0.2578
17194000,6269.109906,3561,220,0.217465,0.2422
17196000,6314.751699,3551,216,0.084356,0.2891
17198000,6384.555727,3566,207,0.171927,0.3047
17200000,6327.736464,3587,227,0.160320,0.2969
17202000,6284.834652,3585,237,0.141298,0.3359
17204000,6087.742290,3588,239,0.163973,0.2656
17206000,6433.883641,3576,242,0.183229,0.2344
17208000,5705.474451,3595,224,0.355251,0.3125
17210000,5487.914559,3604,215,0.414725,0.2891
17212000,4577.652568,3605,220,0.254035,0.2344
17214000,4577.038761,3588,210,0.254508,0.3203
17216000,4880.041826,3587,217,0.232803,0.3516
17218000,5485.911160,3603,220,0.028819,0.3359
17220000,5224.868778,3597,219,0.086862,0.2891
17222000,4760.112392,3600,214,0.045471,0.2891
17224000,4780.933771,3603,221,0.046201,0.2891
17226000,5689.141142,3614,211,0.107633,0.2422
17228000,5047.653700,3624,202,0.074647,0.3125
17230000,5302.455122,3617,207,0.111407,0.2422
17232000,5111.011919,3609,194,0.575872,0.3203
17234000,5651.438245,3578,200,0.572696,0.3594
17236000,5224.538456,3573,203,0.587719,0.2188
17238000,4798.069572,3578,205,0.505580,0.2969
17240000,4719.997299,3567,220,0.502617,0.3125
17242000,4683.192031,3573,209,0.502062,0.2891
17244000,4672.075034,3581,212,0.502658,0.3047
17246000,4527.388172,3587,210,0.479821,0.2422
17248000,4595.564244,3572,216,0.500471,0.3125
17250000,4999.726958,3584,216,0.553071,0.3203
17252000,5002.135864,3584,221,0.554563,0.3984
17254000,4641.456323,3611,225,0.502189,0.2500
17256000,4686.631501,3609,214,0.513066,0.3359
17258000,4685.257314,3594,203,0.515393,0.3438
17260000,4648.035580,3550,208,0.516074,0.3047
17262000,4146.173819,3592,200,0.479041,0.3359
17264000,4102.604107,3591,216,0.473244,0.3203
17266000,4287.979920,3591,228,0.392429,0.2891
17268000,4331.981740,3586,221,0.418357,0.3203
17270000,4540.295614,3573,217,0.366131,0.2578
17272000,4628.030086,3551,235,0.371760,0.3359
17274000,4576.319713,3561,231,0.387883,0.3906
17276000,4448.093696,3531,230,0.404379,0.2969
17278000,3957.283644,3560,227,0.366929,0.3281
17280000,4477.305106,3570,207,0.395509,0.2656
17282000,5406.650877,3601,216,0.600028,0.2500
17284000,5268.611413,3587,221,0.598495,0.3281
17286000,4612.254884,3609,206,0.437091,0.3047
17288000,4795.180302,3591,226,0.561971,0.2891
17290000,4784.343568,3556,228,0.550571,0.2500
17292000,4742.940359,3563,227,0.542039,0.2812
17294000,4730.536238,3587,220,0.535839,0.2734
17296000,4689.953547,3594,207,0.528268,0.2656
17298000,3748.838134,3593,202,0.432369,0.2812
17300000,5358.116512,3565,235,0.667125,0.2891
17302000,5467.548340,3563,234,0.653432,0.3438
17304000,5475.963930,3587,217,0.670672,0.3594
17306000,5424.147158,3582,230,0.682695,0.3203
17308000,5479.348656,3590,230,0.645471,0.2578
17310000,4449.220425,3594,231,0.545661,0.2891
17312000,4684.430629,3599,236,0.579100,0.3203
17314000,4876.515421,3629,219,0.538224,0.2656
17316000,4864.917210,3622,213,0.535664,0.3203
17318000,4639.069160,3652,205,0.456736,0.3438
17320000,4647.964993,3625,206,0.462180,0.3203
17322000,4696.506126,3632,199,0.473219,0.2891
17324000,4160.406692,3627,215,0.430607,0.2500
17326000,4160.766119,3652,203,0.428194,0.2188
17328000,5786.941160,3667,199,0.534192,0.2812
17330000,4153.713842,3671,192,0.346465,0.3359
17332000,4328.894191,3692,185,0.293845,0.3125
17334000,3221.222668,3709,194,0.070935,0.3750
17336000,3148.377844,3694,195,0.063456,0.1875
17338000,3391.488275,3648,218,0.149840,0.3125
17340000,5067.959898,3635,215,0.552919,0.2500
17342000,5127.369210,3617,228,0.563795,0.2734
17344000,5083.852190,3616,228,0.562153,0.2578
17346000,6503.400268,3600,230,0.695273,0.3203
17348000,4489.727148,3583,233,0.190570,0.2891
17350000,4588.196399,3595,215,0.173877,0.3125
17352000,4591.946195,3629,201,0.150979,0.3125
17354000,4587.699882,3602,222,0.148965,0.2891
17356000,4569.945530,3603,231,0.139939,0.3125
17358000,4577.949357,3598,233,0.138715,0.2891
17360000,4530.471138,3600,235,0.128708,0.1875
17362000,4574.409431,3591,242,0.304668,0.2578
17364000,4535.372444,3600,241,0.293764,0.3281
17366000,4622.451003,3588,241,0.294641,0.3203
17368000,4710.076573,3588,240,0.282636,0.2656
17370000,4375.804110,3601,219,0.352408,0.3281
17372000,4493.756157,3590,226,0.341353,0.3359
17374000,4516.577239,3589,216,0.309199,0.2188
17376000,4547.172030,3594,217,0.317105,0.2812
17378000,4558.090808,3612,206,0.315692,0.2891
17380000,4607.834128,3632,206,0.297527,0.2344
17382000,4498.509828,3657,192,0.301104,0.2891
17384000,4436.833571,3661,221,0.329839,0.2344
17386000,3590.754456,3665,216,0.108116,0.3438
17388000,4905.838489,3648,223,0.262612,0.3047
17390000,4949.318882,3656,218,0.241662,0.3359
17392000,5351.282947,3644,227,0.287036,0.2578
17394000,5392.347985,3668,194,0.277381,0.2891
17396000,5072.141747,3649,194,0.230512,0.3047
17398000,4437.132433,3629,212,0.046829,0.2344
17400000,4434.304141,3620,215,0.051582,0.2500
17402000,4259.653341,3622,205,0.062941,0.2109
17404000,6166.506536,3643,194,0.721767,0.3047
17406000,6426.908207,3622,214,0.730285,0.2969
17408000,3674.961114,3594,220,0.080417,0.2656
17410000,3678.086282,3589,247,0.073390,0.3516
17412000,3765.792621,3607,250,0.062483,0.2734
17414000,5223.770671,3624,228,0.492546,0.2891
17416000,5497.342747,3619,235,0.501694,0.3438
17418000,5437.957546,3589,255,0.496571,0.2969
17420000,5050.529291,3599,246,0.447745,0.3359
17422000,3614.144996,3601,254,0.134113,0.2891
17424000,4934.918055,3593,242,0.447931,0.2969
17426000,4829.432650,3604,235,0.390592,0.3828
17428000,4899.046783,3629,222,0.400063,0.2578
17430000,6388.752223,3622,219,0.545062,0.2578
17432000,6025.789195,3659,196,0.587995,0.3203
17434000,3930.582355,3654,191,0.133798,0.3438
17436000,3923.175845,3676,193,0.129435,0.2812
17438000,5615.285375,3683,176,0.419778,0.2891
17440000,5681.288813,3645,197,0.424968,0.3125
17442000,5361.601867,3654,212,0.004956,0.3047
17444000,5363.508065,3663,190,0.001282,0.3047
17446000,5441.845125,3621,208,0.002865,0.3125
17448000,5844.571157,3660,193,0.047958,0.2891
17450000,6042.795365,3647,195,0.049657,0.2812
17452000,6049.328661,3617,231,0.054969,0.3203
17454000,6169.892666,3632,215,0.051109,0.3047
17456000,6078.947906,3607,218,0.430358,0.2188
17458000,6442.052237,3643,201,0.205949,0.2422
17460000,6189.907432,3651,221,0.216813,0.3438
17462000,6260.360360,3655,223,0.634650,0.2109
17464000,5577.077392,3646,235,0.562044,0.2734
17466000,6377.441219,3655,218,0.613138,0.3203
17468000,6454.633513,3663,201,0.620446,0.2656
17470000,7047.492686,3657,194,0.767884,0.2812
17472000,5660.484115,3625,213,0.517016,0.3281
17474000,5327.797634,3633,203,0.530231,0.3594
17476000,7427.141306,3631,208,0.744513,0.2812
17478000,6949.148804,3653,202,0.738889,0.2969
17480000,6910.205106,3634,209,0.743585,0.2500
17482000,6960.049216,3630,205,0.743008,0.2500
17484000,6767.123769,3671,194,0.683377,0.2969
17486000,7633.946334,3635,203,0.805263,0.3906
17488000,7632.252487,3637,207,0.709588,0.3594
17490000,7314.100251,3636,211,0.705586,0.1875
17492000,6814.369327,3594,222,0.696656,0.3672
17494000,6787.758049,3606,203,0.697495,0.3203
17496000,7118.772837,3615,195,0.739911,0.2891
17498000,7018.575931,3598,218,0.699379,0.3203
17500000,6936.303792,3621,203,0.697613,0.2812
17502000,6642.074938,3604,203,0.648657,0.2031
17504000,8176.282600,3590,222,0.760827,0.2656
17506000,8236.990222,3574,237,0.760725,0.2734
17508000,7579.821914,3584,234,0.366321,0.2578
17510000,7037.851494,3580,236,0.700615,0.2422
17512000,8154.575341,3591,234,0.787000,0.2578
17514000,8168.154473,3576,233,0.751409,0.3203
17516000,8165.675091,3545,238,0.796883,0.2266
17518000,8178.130736,3546,241,0.798201,0.2891
17520000,7276.156044,3567,234,0.779085,0.3516
17522000,7320.379365,3551,243,0.549948,0.3438
17524000,6568.829102,3536,241,0.465215,0.3125
17526000,10388.798262,3535,250,0.796180,0.2812
17528000,11276.576996,3563,218,0.866473,0.2500
17530000,11885.976828,3556,241,0.749494,0.2422
17532000,7779.417369,3532,242,0.603317,0.2422
17534000,10573.734301,3545,236,0.678725,0.2656
17536000,10610.123861,3554,230,0.677312,0.3281
17538000,10411.545315,3567,227,0.663868,0.2812
17540000,11153.796783,3556,207,0.501193,0.2812
17542000,10169.196505,3562,205,0.393874,0.3203
17544000,8070.892446,3582,210,0.249812,0.3125
17546000,9138.849151,3608,197,0.568261,0.2422
17548000,7918.550523,3574,209,0.592438,0.2656
17550000,6680.031615,3612,202,0.500553,0.2500
17552000,3942.468867,3601,200,0.072457,0.2812
17554000,4553.071242,3620,204,0.136922,0.2969
17556000,4503.360616,3627,207,0.183260,0.2500
17558000,4536.965177,3596,217,0.179622,0.2422
17560000,4553.474115,3598,208,0.174651,0.2031
17562000,4813.130362,3586,214,0.076542,0.2969
17564000,5669.790067,3599,206,0.158664,0.3047
17566000,5661.385082,3595,218,0.161839,0.3203
17568000,6822.466722,3585,206,0.590107,0.3672
17570000,8029.385741,3594,219,0.561639,0.2969
17572000,10227.854803,3598,221,0.597484,0.2891
17574000,7849.802444,3603,198,0.562681,0.3516
17576000,7345.598255,3598,191,0.342194,0.2656
17578000,6292.290307,3613,193,0.240236,0.2891
17580000,5875.136714,3615,207,0.180916,0.2578
17582000,8512.068983,3613,206,0.569376,0.2656
17584000,8479.597079,3584,205,0.567189,0.2734
17586000,7571.084392,3583,229,0.513915,0.3203
17588000,7236.893831,3604,211,0.374171,0.2891
17590000,5617.099586,3608,204,0.210835,0.2656
17592000,5535.757972,3611,212,0.227837,0.3047
17594000,6314.423946,3645,189,0.407881,0.2656
17596000,9033.950815,3676,182,0.678627,0.2656
17598000,7847.897162,3662,192,0.481378,0.3828
17600000,9352.818159,3634,199,0.671644,0.2500
17602000,9366.019587,3637,189,0.667059,0.2344
17604000,10469.227393,3623,195,0.731719,0.2422
17606000,10469.661773,3628,191,0.750711,0.3203
17608000,9327.393066,3646,197,0.821650,0.3125
17610000,9269.195360,3637,196,0.806473,0.3203
17612000,9434.411827,3607,197,0.810912,0.3359
17614000,9035.715118,3606,202,0.753688,0.2891
17616000,9255.115182,3612,204,0.761167,0.3359
17618000,5348.699041,3584,223,0.075618,0.2422
17620000,5232.263935,3580,216,0.071102,0.2812
17622000,5245.537944,3587,218,0.071441,0.3281
17624000,9351.333046,3618,210,0.683630,0.2578
17626000,7350.331666,3611,204,0.622046,0.2422
17628000,5460.440874,3600,204,0.581208,0.2500
17630000,5438.273607,3588,215,0.572791,0.3047
17632000,4588.889148,3605,213,0.171721,0.3906
17634000,4089.988493,3574,240,0.219445,0.2422
17636000,3486.704145,3599,206,0.088007,0.3594
17638000,3504.955518,3618,199,0.079467,0.2891
17640000,3523.993097,3618,221,0.066174,0.2578
17642000,3552.191286,3625,215,0.065126,0.3047
17644000,3613.768896,3613,212,0.079401,0.2812
17646000,3628.095169,3614,205,0.074406,0.2969
17648000,3572.444049,3586,204,0.083243,0.2500
17650000,4733.435702,3604,212,0.134227,0.3281
17652000,5598.703226,3609,216,0.404385,0.2812
17654000,5526.733812,3591,207,0.432614,0.2578
17656000,4609.851290,3578,198,0.297491,0.2422
17658000,4639.072629,3577,197,0.263426,0.3203
17660000,4681.446330,3568,219,0.267215,0.2188
17662000,4085.164695,3556,225,0.169816,0.2500
17664000,4098.046997,3534,237,0.165460,0.3203
17666000,3930.715376,3540,250,0.154800,0.2969
17668000,3894.633007,3586,220,0.152328,0.3906
17670000,3896.432982,3607,202,0.179821,0.2891
17672000,3979.280258,3598,204,0.190748,0.2656
17674000,3911.142524,3582,220,0.044152,0.3438
17676000,3676.305694,3606,215,0.021127,0.2656
17678000,3879.338088,3577,217,0.003206,0.3047
17680000,4684.127541,3594,218,0.209172,0.2500
17682000,4558.948236,3594,220,0.243189,0.2422
17684000,4304.278819,3583,214,0.227078,0.2422
17686000,4245.626164,3601,210,0.009511,0.2500
17688000,4224.977478,3584,227,0.018559,0.2500
17690000,4863.896514,3559,242,0.125523,0.3125
17692000,4835.532631,3560,219,0.139739,0.2734
17694000,4821.704180,3543,232,0.133136,0.3203
17696000,4779.476269,3549,219,0.165778,0.2500
17698000,4211.552292,3557,215,0.097749,0.3516
17700000,4219.946604,3593,225,0.095355,0.2891
17702000,4324.197449,3571,207,0.023663,0.3203
17704000,4016.149540,3563,210,0.100474,0.2734
17706000,4023.782300,3571,203,0.104853,0.2500
17708000,3961.536863,3563,224,0.094459,0.2656
17710000,3723.567959,3578,221,0.049137,0.2812
17712000,3726.698036,3584,231,0.081526,0.2344
17714000,3742.711757,3596,224,0.083671,0.2422
17716000,3942.450133,3596,220,0.012610,0.2578
17718000,5821.936938,3620,216,0.222902,0.3516
17720000,5800.145178,3613,202,0.226394,0.2891
17722000,5677.757698,3615,193,0.218339,0.2734
17724000,5798.441378,3631,194,0.248193,0.2344
17726000,4377.936663,3637,191,0.021416,0.2578
17728000,4356.822963,3624,186,0.021963,0.3047
17730000,4228.751698,3591,203,0.027991,0.2969
17732000,4279.757512,3587,197,0.026120,0.3125
17734000,4389.705755,3585,211,0.035139,0.2734
17736000,4374.112634,3595,210,0.035026,0.2969
17738000,4495.159322,3608,209,0.018772,0.3359
17740000,4557.371630,3600,207,0.013427,0.2422
17742000,4608.417111,3597,219,0.017787,0.3125
17744000,3731.188423,3565,220,0.207217,0.2578
17746000,3934.214235,3570,222,0.176763,0.2500
17748000,3774.126005,3573,203,0.132522,0.3125
17750000,3499.195216,3560,206,0.193310,0.2969
17752000,3518.631283,3568,205,0.053810,0.2266
17754000,3699.448756,3568,206,0.141066,0.3047
17756000,4189.775196,3571,212,0.050659,0.3672
17758000,3871.501133,3546,222,0.193690,0.2891
17760000,4647.638011,3565,223,0.360342,0.3516
17762000,4797.439378,3556,243,0.157306,0.2969
17764000,4736.332048,3558,249,0.037196,0.2734
17766000,4497.428958,3572,239,0.022422,0.2500
17768000,4530.185794,3588,226,0.021896,0.2891
17770000,4929.873969,3597,217,0.293788,0.2578
17772000,4781.826375,3628,211,0.022453,0.2656
17774000,4847.479002,3616,211,0.023310,0.2422
17776000,4571.953471,3605,217,0.027753,0.2422
17778000,6084.635497,3607,218,0.485629,0.3203
17780000,6548.850808,3600,223,0.562997,0.2812
17782000,4512.220263,3586,234,0.109541,0.3281
17784000,4494.539119,3603,213,0.114341,0.3438
17786000,4811.483278,3583,216,0.195897,0.2734
17788000,4788.573716,3568,220,0.201156,0.3125
17790000,3702.659139,3582,204,0.090753,0.3516
17792000,3658.309451,3548,229,0.100839,0.3125
17794000,3668.197279,3526,239,0.100165,0.3203
17796000,3894.833428,3522,228,0.065923,0.3359
17798000,3950.561749,3549,225,0.062828,0.2656
17800000,3970.191886,3565,244,0.062911,0.2812
17802000,3879.880631,3574,239,0.148488,0.3125
17804000,3878.002695,3551,232,0.183949,0.2969
17806000,3895.002130,3556,221,0.179193,0.3047
17808000,3905.125799,3541,236,0.188372,0.1875
17810000,3855.884504,3502,246,0.259790,0.3594
17812000,4003.312301,3502,233,0.395139,0.2422
17814000,4185.389237,3527,244,0.332077,0.2500
17816000,3749.825562,3532,245,0.342320,0.3750
17818000,3736.239579,3532,253,0.336184,0.2656
17820000,3746.628978,3541,233,0.328328,0.2969
17822000,3994.292952,3504,237,0.355367,0.3281
17824000,3977.102151,3522,230,0.323096,0.2969
17826000,3883.585708,3535,218,0.277330,0.2969
17828000,4033.201022,3554,224,0.294945,0.3203
17830000,3984.908679,3555,231,0.294082,0.2422
17832000,4193.764912,3573,222,0.341203,0.2656
17834000,4204.326567,3563,221,0.345448,0.2656
17836000,4257.026387,3561,234,0.372233,0.3281
17838000,3911.196849,3570,229,0.264829,0.2188
17840000,3924.312781,3569,235,0.259846,0.3672
17842000,3881.443973,3558,264,0.264524,0.3359
17844000,3919.067674,3574,234,0.191253,0.2188
17846000,3847.307491,3593,227,0.100969,0.2734
17848000,5333.548404,3597,228,0.528991,0.2656
17850000,4673.648437,3593,228,0.438217,0.2891
17852000,5076.587439,3608,214,0.326796,0.3516
17854000,6106.851109,3623,198,0.645379,0.2734
17856000,5651.843586,3600,209,0.574457,0.3203
17858000,5857.623284,3617,211,0.624514,0.2812
17860000,5582.223202,3613,217,0.571958,0.3438
17862000,3988.283955,3599,218,0.192288,0.3359
17864000,3980.204331,3591,222,0.194234,0.3281
17866000,4755.870971,3589,219,0.190384,0.2734
17868000,4807.937449,3608,197,0.210881,0.2734
17870000,4709.894733,3558,227,0.221866,0.3594
17872000,4252.137996,3563,223,0.129986,0.3047
17874000,4494.838883,3577,249,0.192811,0.3516
17876000,4377.314994,3544,247,0.181202,0.2891
17878000,4730.615322,3554,252,0.213340,0.3203
17880000,5370.548306,3548,253,0.396813,0.3906
17882000,7091.596407,3547,260,0.809922,0.2656
17884000,7115.564676,3552,258,0.808916,0.2500
17886000,6919.054666,3561,228,0.821284,0.3359
17888000,6909.635902,3557,227,0.823287,0.3438
17890000,6764.736962,3539,226,0.763354,0.2891
17892000,5356.150947,3556,221,0.395480,0.2578
17894000,6316.191071,3560,213,0.721544,0.3281
17896000,6059.244755,3563,229,0.719073,0.3281
17898000,5967.725540,3551,232,0.712082,0.2969
17900000,5515.323764,3563,241,0.725792,0.2812
17902000,5130.197540,3576,236,0.716746,0.3672
17904000,4398.195100,3534,230,0.670281,0.3203
17906000,4356.432470,3534,243,0.663544,0.2656
17908000,4401.846727,3525,245,0.667437,0.3125
17910000,3407.648260,3520,240,0.160966,0.2188
17912000,4047.271262,3525,253,0.225112,0.3906
17914000,4035.073793,3559,224,0.220716,0.3516
17916000,3998.159658,3522,243,0.207755,0.3203
17918000,4007.576558,3525,237,0.322742,0.3281
17920000,5312.238184,3537,230,0.526939,0.3750
17922000,5239.213694,3537,245,0.527778,0.3125
17924000,6666.389170,3516,252,0.632649,0.3047
17926000,7278.673969,3527,237,0.759771,0.2578
17928000,6871.680040,3540,222,0.799503,0.3359
17930000,7235.714914,3552,216,0.756619,0.3281
17932000,6167.569074,3574,214,0.484781,0.3516
17934000,5995.337881,3559,230,0.572590,0.3125
17936000,5891.464765,3545,226,0.546965,0.3125
17938000,6116.927467,3548,241,0.534468,0.2734
17940000,4981.389705,3560,234,0.316356,0.3672
17942000,4766.029403,3575,229,0.345498,0.2734
17944000,3620.924149,3557,242,0.195525,0.3203
17946000,3632.315269,3567,226,0.195772,0.3125
17948000,4306.728969,3575,232,0.315551,0.2500
17950000,4348.696331,3591,222,0.368807,0.3750
17952000,4372.704373,3585,215,0.367318,0.2969
17954000,4367.788111,3599,225,0.364071,0.2969
17956000,4223.290742,3576,209,0.393501,0.2656
17958000,4288.734416,3572,237,0.440657,0.3047
17960000,5671.123146,3550,241,0.734951,0.2891
17962000,5561.113888,3540,247,0.731871,0.3125
17964000,5385.698846,3547,241,0.727726,0.3125
17966000,5368.710098,3536,230,0.726785,0.2266
17968000,5346.094602,3563,217,0.721662,0.3203
17970000,4679.962970,3580,196,0.445398,0.2734
17972000,4654.319498,3569,204,0.439062,0.2188
17974000,4669.589285,3528,232,0.428814,0.2734
17976000,3552.864373,3540,237,0.293131,0.2969
17978000,3519.532756,3568,237,0.296053,0.2969
17980000,3547.254434,3558,230,0.290006,0.2891
17982000,3548.564583,3565,216,0.295364,0.2422
17984000,4502.496672,3568,211,0.538407,0.3438
17986000,6042.645836,3560,222,0.637588,0.2031
17988000,6186.114610,3534,238,0.718221,0.3281
17990000,5385.423469,3545,234,0.590017,0.3672
17992000,3945.621999,3519,227,0.372274,0.3359
17994000,3986.646698,3539,214,0.363652,0.3047
17996000,4104.696453,3524,231,0.393642,0.3203
17998000,4231.155972,3519,226,0.398236,0.3125
18000000,4185.134246,3519,231,0.408922,0.3047
18002000,5539.946723,3522,229,0.582276,0.3125
18004000,4828.835635,3512,239,0.556563,0.3359
18006000,4954.267718,3538,234,0.581415,0.3281
18008000,4923.075450,3537,231,0.577614,0.2969
18010000,4406.530525,3545,223,0.397274,0.3359
18012000,4460.438926,3515,233,0.467232,0.2812
18014000,4153.197258,3536,222,0.344436,0.3281
18016000,4086.523528,3562,219,0.343018,0.3359
18018000,4824.761963,3554,227,0.547941,0.3516
18020000,4843.228583,3576,215,0.554785,0.2969
18022000,4816.305378,3586,209,0.554696,0.2891
18024000,5471.886119,3596,228,0.490828,0.3359
18026000,5055.078815,3602,223,0.476908,0.3516
18028000,5022.231318,3599,212,0.373562,0.2656
18030000,5066.508505,3572,237,0.361412,0.2812
18032000,5125.314377,3576,225,0.373420,0.2891
18034000,4867.222512,3556,228,0.289915,0.2734
18036000,3765.920399,3569,212,0.024908,0.3359
18038000,3042.935013,3564,214,0.165609,0.2578
18040000,3007.170861,3546,223,0.159539,0.3438
18042000,3061.014499,3523,221,0.177841,0.2422
18044000,3435.528402,3542,229,0.209975,0.2500
18046000,3354.651447,3577,222,0.138336,0.2812
18048000,4332.290307,3566,222,0.117585,0.2734
18050000,4356.941077,3561,220,0.118002,0.2734
18052000,4062.000079,3530,252,0.072096,0.3438
18054000,3503.042466,3544,250,0.008468,0.3672
18056000,4386.464147,3528,242,0.128045,0.3281
18058000,4434.955855,3539,232,0.133660,0.2734
18060000,4384.819996,3571,218,0.135044,0.2734
18062000,4418.434498,3579,219,0.148337,0.2969
18064000,4404.750993,3594,207,0.147048,0.2656
18066000,3425.688900,3587,220,0.181726,0.3359
18068000,3540.568599,3569,214,0.133124,0.3047
18070000,4341.254408,3587,231,0.138551,0.2812
18072000,4354.201856,3598,207,0.110502,0.3203
18074000,4845.848099,3614,209,0.285880,0.3125
18076000,4777.141447,3619,200,0.279068,0.2891
18078000,4669.883005,3633,197,0.301513,0.3203
18080000,4234.407562,3642,197,0.208546,0.2812
18082000,5078.965177,3606,218,0.298176,0.2578
18084000,5166.664008,3587,220,0.384072,0.2344
18086000,3773.270719,3597,227,0.150622,0.3203
18088000,5097.341900,3583,229,0.458945,0.2812
18090000,5499.427858,3589,236,0.544095,0.2969
18092000,5093.636060,3613,239,0.490075,0.2812
18094000,5038.940853,3601,245,0.484268,0.3438
18096000,5043.871074,3583,244,0.498274,0.2969
18098000,5531.437538,3556,247,0.438535,0.2734
18100000,4874.492391,3575,240,0.597741,0.2891
18102000,4108.843818,3635,207,0.430655,0.2969
18104000,5279.777699,3614,210,0.652954,0.2656
18106000,5888.280473,3620,222,0.512259,0.2969
18108000,5883.648364,3612,193,0.512645,0.3438
18110000,5949.337211,3627,195,0.519827,0.3047
18112000,6154.342852,3624,199,0.549318,0.2188
18114000,3581.372599,3622,199,0.074298,0.2109
18116000,4764.673067,3619,190,0.208940,0.2031
18118000,4453.494204,3630,196,0.164012,0.3203
18120000,4458.151429,3619,196,0.159045,0.2578
18122000,4566.187540,3597,223,0.164414,0.3203
18124000,4578.088168,3573,231,0.156101,0.2812
18126000,4217.052723,3549,237,0.059714,0.3516
18128000,5511.758328,3543,238,0.157658,0.3359
18130000,5517.587119,3571,233,0.158303,0.2812
18132000,5551.709784,3583,216,0.161908,0.3594
18134000,5458.471224,3582,242,0.126532,0.3203
18136000,5479.421158,3584,228,0.175531,0.2109
18138000,4640.046013,3600,206,0.110440,0.2656
18140000,5057.836397,3555,234,0.192075,0.2500
18142000,4835.535087,3526,245,0.219758,0.2891
18144000,4830.192308,3551,238,0.212366,0.3203
18146000,4922.455322,3566,233,0.235262,0.3125
18148000,5001.697536,3608,198,0.237775,0.2344
18150000,5065.856222,3599,208,0.232070,0.2969
18152000,4088.414568,3570,209,0.206652,0.2500
18154000,4087.170406,3555,209,0.205643,0.3594
18156000,3852.018178,3535,206,0.285994,0.2812
18158000,6164.820183,3588,200,0.732419,0.2578
18160000,4078.682742,3569,228,0.240537,0.2734
18162000,3809.924807,3590,209,0.213211,0.3125
18164000,3824.011314,3558,224,0.217175,0.3516
18166000,5189.708522,3592,216,0.599778,0.2891
18168000,5178.318462,3606,210,0.600615,0.3359
18170000,5172.065790,3597,197,0.603156,0.2656
18172000,5233.657881,3578,213,0.600743,0.2500
18174000,5217.757211,3557,232,0.588277,0.3594
18176000,4824.314891,3592,219,0.656199,0.4453
18178000,4805.891871,3574,214,0.664803,0.2891
18180000,4927.290954,3568,220,0.598563,0.2812
18182000,5380.452684,3593,216,0.640411,0.2969
18184000,5239.279547,3589,230,0.641704,0.2578
18186000,5219.699156,3590,235,0.675881,0.3516
18188000,5240.592662,3596,231,0.617209,0.3203
18190000,4615.290033,3604,216,0.467427,0.3047
18192000,4923.294918,3631,202,0.491150,0.3203
18194000,4916.411233,3624,218,0.438741,0.2500
18196000,4282.851591,3621,207,0.521759,0.2734
18198000,4789.724300,3644,208,0.450170,0.3438
18200000,4828.070037,3658,199,0.449843,0.2891
18202000,4831.459522,3657,197,0.449265,0.3359
18204000,4860.727244,3651,203,0.400562,0.3359
18206000,4808.295111,3665,194,0.412226,0.2578
18208000,5162.389381,3647,202,0.239224,0.2812
18210000,4954.096141,3623,220,0.309334,0.2500
18212000,4987.379794,3637,195,0.310097,0.3047
18214000,5154.427420,3623,196,0.326149,0.2969
18216000,4678.626324,3627,197,0.005105,0.2188
18218000,4423.938553,3635,198,0.103399,0.2656
18220000,4318.160382,3621,197,0.084667,0.2734
18222000,4290.158025,3631,204,0.093788,0.2578
18224000,5923.431441,3618,212,0.445606,0.3047
18226000,5148.492946,3601,210,0.404889,0.2891
18228000,5194.107191,3611,199,0.440872,0.3281
18230000,5724.726942,3604,214,0.477109,0.3047
18232000,5777.763669,3585,227,0.631113,0.3359
18234000,5125.769314,3612,218,0.476422,0.3047
18236000,5128.725705,3612,220,0.480815,0.2734
18238000,5102.404916,3586,233,0.477469,0.3672
18240000,5071.853011,3607,227,0.474808,0.2500
18242000,5210.913494,3613,225,0.513541,0.3516
18244000,7323.482076,3579,230,0.489109,0.2734
18246000,8453.418815,3552,254,0.563404,0.3125
18248000,8130.581572,3544,253,0.614340,0.2812
18250000,4120.782888,3539,240,0.105201,0.3750
18252000,9381.994691,3527,246,0.667185,0.2891
18254000,8825.879339,3531,238,0.677588,0.3203
18256000,7889.974561,3523,238,0.598543,0.3281
18258000,7786.329132,3549,231,0.598970,0.2734
18260000,7270.388247,3569,232,0.503026,0.3281
18262000,5810.153342,3542,224,0.452062,0.3203
18264000,5949.253694,3526,240,0.420476,0.3828
18266000,4631.979331,3561,204,0.295506,0.2969
18268000,4460.156711,3543,217,0.323478,0.3047
18270000,5042.458304,3551,227,0.338018,0.2891
18272000,4948.172330,3527,244,0.338360,0.2734
18274000,4766.879034,3534,227,0.410537,0.2422
18276000,4623.967115,3561,222,0.431999,0.2812
18278000,4658.790616,3582,217,0.441554,0.3125
18280000,4058.867945,3569,219,0.300584,0.3281
18282000,5672.009410,3562,221,0.410303,0.3359
18284000,6080.711155,3541,225,0.556085,0.3047
18286000,4951.883902,3542,216,0.564263,0.2188
18288000,5400.110368,3530,212,0.596938,0.3047
18290000,5385.263922,3532,212,0.620809,0.2891
18292000,4987.323346,3548,215,0.580043,0.2891
18294000,5668.479496,3544,219,0.591760,0.2578
18296000,4985.044067,3541,240,0.415942,0.2734
18298000,4966.009781,3539,237,0.413429,0.2891
18300000,4149.110213,3549,248,0.039369,0.2812
18302000,4181.030391,3553,227,0.038450,0.1953
18304000,4509.125195,3541,244,0.164984,0.3125
18306000,4435.952117,3542,232,0.168408,0.3047
18308000,4382.304934,3568,208,0.120859,0.3125
18310000,4446.032022,3530,234,0.129694,0.3203
18312000,4374.934069,3535,228,0.137444,0.2578
18314000,6735.541407,3500,233,0.523023,0.3672
18316000,5493.174626,3500,227,0.354431,0.2891
18318000,5215.670410,3531,239,0.261200,0.3203
18320000,4925.203788,3556,240,0.553776,0.3594
18322000,5045.297024,3551,240,0.557131,0.3594
18324000,4973.743263,3549,232,0.551163,0.2656
18326000,5004.945278,3568,226,0.447749,0.2734
18328000,4529.196736,3562,239,0.358565,0.3203
18330000,4641.406821,3564,236,0.419935,0.3125
18332000,5039.181146,3586,222,0.487544,0.3359
18334000,5031.744266,3589,208,0.493424,0.3047
18336000,5155.255085,3577,211,0.480312,0.3125
18338000,3849.477056,3571,210,0.246143,0.3203
18340000,4412.361361,3569,215,0.328992,0.2891
18342000,4025.276568,3561,222,0.368907,0.3281
18344000,3977.771536,3575,224,0.365692,0.2109
18346000,3760.677592,3586,233,0.449743,0.3672
18348000,3745.535171,3565,213,0.452712,0.3125
18350000,3534.330107,3590,216,0.381884,0.2578
18352000,3424.878643,3564,234,0.121331,0.2969
18354000,3435.661562,3574,211,0.114217,0.3438
18356000,3426.492811,3575,205,0.111415,0.3281
18358000,3793.281954,3553,229,0.262080,0.3203
18360000,3750.043815,3572,220,0.262781,0.3359
18362000,3813.036157,3561,220,0.253987,0.3438
18364000,3956.025217,3534,245,0.239480,0.3438
18366000,3945.504217,3555,238,0.227604,0.3203
18368000,3968.423201,3544,231,0.260147,0.3125
18370000,3995.485696,3547,234,0.244452,0.2891
18372000,4028.080430,3559,243,0.243464,0.3203
18374000,4095.399591,3525,264,0.211786,0.2656
18376000,3815.820285,3553,244,0.124138,0.2656
18378000,3796.560072,3581,235,0.130150,0.2734
18380000,4855.792971,3596,216,0.502284,0.3047
18382000,4824.434414,3594,207,0.483111,0.3359
18384000,4781.064771,3621,205,0.498934,0.3828
18386000,4999.669136,3610,216,0.487819,0.2969
18388000,4252.543533,3597,205,0.208869,0.2969
18390000,4343.499712,3610,210,0.246902,0.2578
18392000,4313.502115,3600,207,0.257822,0.2734
18394000,4296.111738,3593,224,0.259363,0.3438
18396000,5301.816497,3590,216,0.284060,0.3281
18398000,5200.841274,3605,205,0.292155,0.2656
18400000,5558.727436,3601,210,0.359619,0.3047
18402000,4287.243171,3585,226,0.229284,0.2656
18404000,4141.218209,3588,231,0.196646,0.2422
18406000,3898.824585,3569,222,0.106070,0.2344
18408000,3952.544978,3578,231,0.145232,0.3203
18410000,3857.842915,3549,243,0.039561,0.3516
18412000,3682.027502,3553,243,0.062720,0.3281
18414000,3960.543527,3564,236,0.382803,0.3047
18416000,3906.492415,3571,217,0.392151,0.2734
18418000,3908.937041,3585,216,0.397617,0.2578
18420000,3746.657553,3558,219,0.385403,0.2266
18422000,3636.002365,3577,215,0.375113,0.2656
18424000,3636.471632,3585,216,0.398924,0.2891
18426000,3733.470532,3603,233,0.370731,0.2500
18428000,3731.479293,3589,226,0.348151,0.3828
18430000,4261.938625,3595,244,0.435897,0.3047
18432000,3907.568406,3613,203,0.381649,0.2891
18434000,3752.568570,3608,198,0.472464,0.2891
18436000,3739.247959,3612,206,0.452644,0.2969
18438000,3751.842360,3595,205,0.456206,0.2812
18440000,3719.750806,3584,203,0.433177,0.3047
18442000,4379.081021,3570,214,0.469180,0.2031
18444000,4491.883506,3553,225,0.364155,0.2969
18446000,4859.916272,3530,227,0.434805,0.3438
18448000,4962.844897,3559,207,0.545291,0.2969
18450000,5671.416913,3560,206,0.551826,0.3359
18452000,5733.442819,3527,245,0.562147,0.2734
18454000,5659.859792,3544,236,0.562304,0.3203
18456000,5514.962623,3561,226,0.561483,0.2500
18458000,5725.668144,3569,208,0.553982,0.2969
18460000,5929.609221,3567,209,0.548121,0.2891
18462000,5484.816282,3550,211,0.369561,0.2578
18464000,6175.332754,3584,197,0.550027,0.2969
18466000,6086.223876,3546,240,0.556589,0.3125
18468000,5812.287182,3541,233,0.365949,0.3516
18470000,6645.438653,3548,244,0.667377,0.2734
18472000,6622.491968,3563,217,0.660691,0.3281
18474000,5704.198165,3546,240,0.682758,0.2656
18476000,5718.907823,3565,219,0.684512,0.3281
18478000,5667.770545,3576,233,0.688519,0.2969
18480000,5682.942597,3578,220,0.687934,0.3047
18482000,5607.008252,3596,211,0.681027,0.2969
18484000,5942.640137,3597,218,0.637134,0.3750
18486000,5262.961847,3584,231,0.555754,0.2734
18488000,5185.338172,3574,244,0.559439,0.3672
18490000,4691.137412,3598,224,0.480852,0.3359
18492000,4676.888802,3618,198,0.472965,0.3047
18494000,6170.536218,3600,222,0.606149,0.2578
18496000,6062.238423,3581,229,0.538829,0.3281
18498000,6074.940490,3590,221,0.541550,0.3125
18500000,5421.916861,3586,199,0.511190,0.3281
18502000,5459.201610,3574,212,0.550717,0.2969
18504000,5851.769778,3587,206,0.506408,0.3047
18506000,4938.504010,3578,211,0.504475,0.3281
18508000,6572.546056,3602,200,0.708641,0.2812
18510000,5085.408586,3588,215,0.389925,0.3047
18512000,4927.256508,3575,230,0.407156,0.3281
18514000,4831.235229,3567,249,0.325422,0.3203
18516000,4761.430022,3595,218,0.307729,0.3359
18518000,5122.686746,3583,231,0.351389,0.2891
18520000,5155.640081,3565,242,0.350168,0.2656
18522000,4656.088981,3571,238,0.440514,0.2812
18524000,4545.782695,3607,230,0.435166,0.3281
18526000,4771.402469,3604,229,0.238204,0.3359
18528000,4800.157669,3569,239,0.238052,0.3047
18530000,4512.283470,3587,242,0.176286,0.2891
18532000,5149.222396,3610,221,0.359954,0.3203
18534000,6079.342124,3629,204,0.616168,0.2891
18536000,6306.410112,3628,196,0.606853,0.2969
18538000,5889.449027,3619,210,0.506828,0.3047
18540000,6048.369529,3602,225,0.509200,0.3047
18542000,6113.160845,3581,219,0.570760,0.2500
18544000,5959.893210,3582,221,0.514391,0.2344
18546000,4778.432739,3600,209,0.459587,0.3359
18548000,5622.345180,3636,200,0.633759,0.2969
18550000,5607.879036,3626,205,0.602662,0.3047
18552000,5694.473504,3620,214,0.607729,0.3047
18554000,5729.844922,3640,204,0.458635,0.3125
18556000,5688.013262,3655,194,0.458074,0.3359
18558000,5685.104457,3658,185,0.596906,0.2891
18560000,6195.741944,3633,205,0.629344,0.2891
18562000,6835.347588,3616,206,0.721507,0.3125
18564000,6696.269223,3583,221,0.726691,0.2656
18566000,4732.117990,3572,226,0.455489,0.2969
18568000,4890.122647,3574,231,0.456374,0.3125
18570000,4856.835328,3599,233,0.454322,0.3203
18572000,4919.184103,3621,199,0.467093,0.3125
18574000,5047.987249,3591,219,0.451962,0.3359
18576000,5003.837494,3596,196,0.397985,0.3047
18578000,5009.738373,3587,219,0.392291,0.3125
18580000,5016.455413,3580,212,0.371628,0.3281
18582000,4296.256650,3557,210,0.275677,0.2812
18584000,4312.234453,3585,223,0.284701,0.3047
18586000,4305.434612,3597,228,0.238101,0.3359
18588000,4170.012085,3599,221,0.255744,0.3750
18590000,4257.181482,3576,237,0.246291,0.3281
18592000,5892.679777,3584,216,0.482339,0.3594
18594000,4419.588868,3610,214,0.203084,0.2656
18596000,4470.527653,3588,253,0.208329,0.2734
18598000,4452.846707,3603,212,0.199766,0.2266
18600000,3384.896059,3581,226,0.014088,0.3594
18602000,3372.408206,3602,201,0.014368,0.3203
18604000,3372.617052,3602,208,0.016137,0.2969
18606000,3380.804906,3595,203,0.017320,0.2656
18608000,3419.000108,3592,215,0.000463,0.3125
18610000,3205.066654,3591,213,0.003349,0.2891
18612000,3193.810076,3602,211,0.002330,0.2812
18614000,3437.265149,3615,204,0.016118,0.3047
18616000,3743.837216,3639,191,0.113720,0.2891
18618000,3908.824291,3651,191,0.126302,0.2891
18620000,3909.603045,3640,194,0.120311,0.2812
18622000,3955.874669,3634,191,0.122394,0.2500
18624000,3861.896364,3629,207,0.162214,0.2578
18626000,3882.002573,3636,204,0.166738,0.2500
18628000,3986.835678,3638,204,0.178655,0.3203
18630000,3997.747513,3621,206,0.169730,0.3672
18632000,4174.936680,3614,215,0.298800,0.2656
18634000,4037.606631,3586,222,0.092915,0.2812
18636000,4321.694149,3616,216,0.056919,0.3047
18638000,3917.863901,3596,210,0.031652,0.2500
18640000,4117.626326,3603,202,0.052558,0.2188
18642000,4081.075216,3598,209,0.185353,0.3047
18644000,4056.836836,3608,197,0.183858,0.3516
18646000,5030.847591,3580,213,0.082058,0.3125
18648000,4969.419655,3580,220,0.076667,0.2266
18650000,5505.776864,3576,208,0.190482,0.2969
18652000,5400.733607,3615,201,0.191089,0.3125
18654000,5763.767313,3603,209,0.230232,0.2812
18656000,5800.439079,3603,206,0.073040,0.2266
18658000,5031.763474,3592,225,0.292880,0.3203
18660000,4791.734807,3588,209,0.231701,0.3125
18662000,6148.695453,3578,232,0.020673,0.2734
18664000,6224.156875,3561,238,0.050092,0.2734
18666000,6253.074752,3572,214,0.059191,0.3438
18668000,5446.108104,3581,225,0.548632,0.2656
18670000,4844.552953,3560,216,0.306375,0.3281
18672000,5413.671659,3548,218,0.094822,0.2422
18674000,6095.497490,3568,211,0.140351,0.2812
18676000,9853.004157,3570,226,0.596836,0.2656
18678000,10250.176272,3537,233,0.599300,0.3203
18680000,10192.327998,3545,248,0.598152,0.2422
18682000,6322.146970,3529,236,0.475705,0.2891
18684000,6524.835964,3535,225,0.445929,0.3047
18686000,7429.532797,3537,215,0.326219,0.2578
18688000,7213.060623,3552,224,0.337036,0.3594
18690000,7244.227466,3554,226,0.335439,0.3125
18692000,7676.215730,3574,229,0.528235,0.2344
18694000,8664.216995,3574,227,0.646021,0.3125
18696000,8654.962077,3575,244,0.792719,0.2266
18698000,8064.706558,3604,234,0.714840,0.3047
18700000,5036.807899,3615,215,0.054386,0.2422
18702000,4975.478644,3584,228,0.302702,0.3281
18704000,4640.444889,3599,227,0.409655,0.3438
18706000,5351.774601,3604,230,0.506368,0.3047
18708000,5246.954244,3612,202,0.494569,0.2500
18710000,5278.313244,3621,194,0.502771,0.2266
18712000,5146.832341,3603,202,0.488297,0.2969
18714000,5088.908919,3585,217,0.424429,0.3516
18716000,4946.387717,3564,232,0.409064,0.2109
18718000,4853.379330,3569,223,0.423019,0.2891
18720000,4717.467171,3565,218,0.415019,0.4141
18722000,5737.637933,3541,245,0.560517,0.2891
18724000,5727.811732,3512,245,0.562434,0.2188
18726000,4889.705608,3538,241,0.320458,0.2969
18728000,4874.865194,3507,251,0.319219,0.3438
18730000,5514.792475,3519,246,0.382636,0.3359
18732000,5525.576495,3532,244,0.404627,0.3047
18734000,5479.190897,3518,238,0.404730,0.3750
18736000,7625.530703,3511,235,0.530213,0.3203
18738000,7783.008972,3520,226,0.776838,0.3203
18740000,7536.196682,3537,226,0.769590,0.2656
18742000,7556.221655,3560,209,0.767335,0.3125
18744000,8538.675231,3517,238,0.774475,0.3672
18746000,5158.191048,3523,231,0.179599,0.2891
18748000,6244.393953,3526,235,0.306299,0.3281
18750000,8657.606323,3573,228,0.418636,0.2734
18752000,6071.742323,3567,230,0.220799,0.3281
18754000,10297.406982,3546,253,0.816639,0.3281
18756000,10603.880257,3542,232,0.461744,0.3359
18758000,9441.744262,3548,219,0.578165,0.2812
18760000,11065.096314,3534,233,0.877516,0.2969
18762000,11014.057020,3545,228,0.877115,0.2734
18764000,7191.966155,3556,227,0.382422,0.3281
18766000,11414.157088,3582,219,0.840864,0.3203
18768000,10405.663296,3573,225,0.839446,0.1953
18770000,10402.815004,3584,210,0.837809,0.2344
18772000,10296.576949,3598,210,0.721818,0.3594
18774000,11433.741569,3614,210,0.796281,0.2734
18776000,9094.568620,3586,211,0.819484,0.3125
18778000,6577.794893,3585,209,0.598594,0.3125
18780000,5700.394981,3621,212,0.373180,0.2344
18782000,5720.652697,3616,204,0.388081,0.2812
18784000,5813.608994,3607,200,0.386034,0.2734
18786000,5879.000624,3609,193,0.438281,0.2344
18788000,7791.880555,3579,218,0.607249,0.2891
18790000,7839.309931,3573,231,0.613599,0.2812
18792000,4978.349028,3584,230,0.409908,0.3594
18794000,6638.405994,3591,205,0.530760,0.2891
18796000,7644.350484,3568,208,0.596039,0.2422
18798000,7450.332834,3596,197,0.548684,0.2578
18800000,7216.209364,3592,209,0.565613,0.2891
18802000,6827.745552,3603,213,0.590015,0.2344
18804000,6448.064949,3616,221,0.386296,0.2812
18806000,6342.247310,3610,220,0.433957,0.2812
18808000,6464.180921,3600,228,0.424662,0.2344
18810000,6344.889852,3587,216,0.447098,0.2969
18812000,6858.722783,3578,223,0.518426,0.2734
18814000,6699.492637,3580,216,0.514187,0.2891
18816000,6572.176193,3542,231,0.527104,0.2969
18818000,6404.675917,3526,247,0.363733,0.2578
18820000,6152.354658,3570,223,0.350609,0.3516
18822000,4534.677858,3599,203,0.262845,0.2578
18824000,4528.871098,3596,207,0.260767,0.3203
18826000,6624.418470,3600,202,0.627097,0.3750
18828000,6745.856407,3605,211,0.608309,0.3672
18830000,7777.303417,3607,213,0.650956,0.2500
18832000,6955.175157,3600,217,0.697368,0.2422
18834000,7026.024200,3607,217,0.657951,0.3203
18836000,6705.765811,3618,221,0.583829,0.2891
18838000,6755.033911,3598,215,0.597506,0.3125
18840000,7739.582928,3624,197,0.567852,0.2031
18842000,6208.362233,3608,217,0.383668,0.3125
18844000,6181.948366,3624,210,0.380622,0.3594
18846000,6163.317644,3645,197,0.433701,0.2891
18848000,7757.179767,3623,220,0.368963,0.2109
18850000,9648.044825,3625,223,0.557294,0.2891
18852000,9635.842159,3636,233,0.554580,0.2578
18854000,9644.882232,3665,223,0.573045,0.2344
18856000,8907.362546,3662,223,0.546479,0.3672
18858000,8444.322766,3640,223,0.573372,0.2266
18860000,8497.321231,3620,213,0.659600,0.2266
18862000,9639.777817,3597,225,0.706813,0.3203
18864000,9538.264847,3578,240,0.696266,0.3594
18866000,9503.347139,3609,215,0.694487,0.2266
18868000,8835.965136,3591,239,0.634300,0.3359
18870000,9526.801591,3558,234,0.598231,0.2969
18872000,8568.150047,3573,228,0.643862,0.2734
18874000,10103.040686,3626,201,0.670066,0.3359
18876000,9812.737544,3618,197,0.685387,0.2969
18878000,10296.635690,3600,208,0.662693,0.2969
18880000,6357.522306,3585,224,0.472536,0.3047
18882000,6244.977208,3590,209,0.605427,0.2266
18884000,6355.750177,3591,202,0.545845,0.2656
18886000,6448.778686,3586,225,0.547957,0.3672
18888000,6428.742065,3587,226,0.550320,0.3906
18890000,7432.195111,3597,212,0.627717,0.3047
18892000,6061.411930,3618,203,0.522255,0.2656
18894000,5142.133266,3640,221,0.461574,0.2500
18896000,7056.474151,3615,216,0.622760,0.3203
18898000,5327.520960,3623,223,0.503010,0.2109
18900000,4349.303284,3598,243,0.393896,0.3203
18902000,5041.179824,3582,226,0.462201,0.3047
18904000,5620.153074,3579,221,0.510961,0.2500
18906000,4026.672892,3586,213,0.274833,0.3047
18908000,4044.670532,3569,210,0.278805,0.3281
18910000,4050.719699,3561,196,0.284372,0.3750
18912000,5545.550478,3553,206,0.510901,0.4141
18914000,5465.451709,3543,219,0.500017,0.4062
18916000,5515.902046,3513,234,0.486890,0.2734
18918000,5548.080247,3531,233,0.484955,0.3359
18920000,4009.768346,3544,225,0.279024,0.2812
18922000,4113.406728,3560,227,0.275028,0.2656
18924000,4229.719497,3539,245,0.304845,0.2344
18926000,10804.103589,3549,236,0.885728,0.2734
18928000,10793.953829,3565,240,0.885901,0.3281
18930000,9901.352792,3567,216,0.827712,0.3125
18932000,9882.387184,3557,216,0.827253,0.2656
18934000,9595.947946,3554,201,0.778950,0.3516
18936000,9032.343527,3566,225,0.584992,0.2734
18938000,9033.201761,3569,223,0.584933,0.2500
18940000,9861.002279,3577,217,0.738496,0.2812
18942000,11014.558453,3599,215,0.883386,0.3203
18944000,9344.525652,3580,220,0.620322,0.3359
18946000,9527.638386,3581,237,0.634223,0.2422
18948000,8830.764723,3611,233,0.599630,0.2891
18950000,9443.617706,3622,216,0.692879,0.2891
18952000,4428.257807,3612,226,0.255698,0.2656
18954000,4435.031405,3605,214,0.265771,0.2578
18956000,4459.737875,3611,206,0.282808,0.3203
18958000,8590.986822,3634,195,0.733161,0.3125
18960000,9292.347012,3638,195,0.710639,0.3438
18962000,9054.393125,3637,194,0.709428,0.3203
18964000,9075.861630,3624,208,0.702339,0.2656
18966000,8872.744337,3625,201,0.705856,0.2812
18968000,8708.033387,3603,203,0.683632,0.2344
18970000,8708.271082,3605,200,0.684410,0.3359
18972000,8798.217043,3626,190,0.722351,0.2422
18974000,8962.733480,3629,198,0.698274,0.2734
18976000,8406.226004,3597,224,0.696910,0.3516
18978000,7138.590277,3557,239,0.542292,0.1953
18980000,7269.422134,3560,234,0.555226,0.2656
18982000,7075.264609,3546,234,0.558090,0.2812
18984000,7101.321907,3573,219,0.550852,0.2266
18986000,6913.815797,3570,208,0.679359,0.3047
18988000,7449.921212,3604,204,0.745505,0.2969
18990000,7499.324410,3616,210,0.764695,0.2812
18992000,6931.043917,3609,218,0.539315,0.3047
18994000,6832.330087,3610,217,0.534721,0.2422
18996000,6795.831107,3602,223,0.539109,0.2812
18998000,6840.608754,3606,233,0.500211,0.3359
19000000,7257.944584,3613,203,0.684142,0.3516
19002000,7064.024466,3582,215,0.597238,0.2891
19004000,7934.371534,3592,204,0.451453,0.3203
19006000,7891.341185,3584,200,0.412263,0.2500
19008000,6875.376113,3551,228,0.449898,0.3203
19010000,6850.622984,3535,237,0.393517,0.3047
19012000,6192.633199,3553,217,0.553204,0.3359
19014000,7042.034308,3559,206,0.551831,0.2656
19016000,6298.930879,3564,205,0.403648,0.3125
19018000,6616.363255,3569,213,0.452186,0.2578
19020000,5896.753217,3549,244,0.386009,0.2891
19022000,5500.259679,3548,233,0.300838,0.3281
19024000,5541.347530,3576,213,0.296678,0.2734
19026000,4892.730626,3587,213,0.399403,0.3281
19028000,4854.494975,3566,226,0.370839,0.3047
19030000,5169.020106,3596,206,0.343390,0.2969
19032000,5843.563476,3583,210,0.466365,0.2969
19034000,5999.919618,3606,203,0.588304,0.3047
19036000,6773.991084,3607,222,0.496308,0.2812
19038000,5042.087651,3611,224,0.369839,0.2656
19040000,4973.419519,3622,213,0.336126,0.3047
19042000,5024.820112,3604,207,0.326708,0.2422
19044000,5104.452306,3596,208,0.351345,0.2812
19046000,4910.289914,3614,205,0.460645,0.3359
19048000,5319.528317,3630,188,0.448917,0.2734
19050000,5315.442469,3625,189,0.449339,0.3125
19052000,5091.953359,3583,199,0.358988,0.2812
19054000,5065.709247,3583,204,0.331873,0.3359
19056000,5012.527199,3603,201,0.332312,0.2109
19058000,4958.171666,3603,195,0.376243,0.3125
19060000,4453.688813,3636,183,0.362289,0.2344
19062000,4650.072852,3618,199,0.355934,0.2969
19064000,4756.744524,3616,197,0.461756,0.2422
19066000,4893.247380,3619,195,0.327729,0.2969
19068000,5239.070131,3621,201,0.373586,0.3438
19070000,4969.938158,3603,215,0.423044,0.3047
19072000,4776.570186,3587,212,0.491604,0.2578
19074000,4794.331116,3595,203,0.492732,0.2422
19076000,4604.772870,3610,203,0.337937,0.2344
19078000,4558.052725,3614,191,0.434816,0.2969
19080000,4534.487710,3579,221,0.432313,0.3281
19082000,4510.499259,3570,213,0.422042,0.2422
19084000,4561.467191,3567,204,0.422236,0.3281
19086000,5278.600611,3567,207,0.571454,0.3750
19088000,5319.822664,3567,230,0.626763,0.3672
19090000,5115.348135,3584,223,0.588386,0.2578
19092000,3604.107391,3603,221,0.168977,0.2578
19094000,3501.273387,3566,227,0.171833,0.2734
19096000,3527.802945,3580,228,0.173218,0.3281
19098000,3895.147422,3575,220,0.311572,0.2109
19100000,3823.109224,3557,239,0.287103,0.3438
19102000,4029.469270,3580,220,0.365052,0.2734
19104000,3946.594250,3595,215,0.366616,0.2812
19106000,3598.140346,3601,212,0.151664,0.3359
19108000,4643.976876,3599,220,0.551643,0.2969
19110000,4667.721266,3576,238,0.544004,0.2344
19112000,6408.061756,3595,212,0.678042,0.3203
19114000,6461.996140,3597,233,0.663550,0.2969
19116000,6378.427809,3579,225,0.645633,0.2656
19118000,6241.938874,3574,237,0.695113,0.3125
19120000,6221.578217,3564,231,0.613557,0.2422
19122000,5722.529603,3599,216,0.334127,0.2969
19124000,3983.301783,3622,203,0.117967,0.2812
19126000,3929.502948,3628,198,0.064132,0.3359
19128000,3933.847928,3591,212,0.064079,0.2891
19130000,4179.259991,3582,218,0.095165,0.2344
19132000,4256.240213,3614,215,0.116133,0.2812
19134000,4268.681115,3605,227,0.112347,0.2266
19136000,4275.491933,3594,228,0.113785,0.2656
19138000,3975.512179,3612,224,0.031444,0.2891
19140000,4083.770951,3601,241,0.141632,0.3047
19142000,3913.413130,3637,218,0.118204,0.2656
19144000,4641.863244,3634,214,0.456271,0.3047
19146000,4346.414757,3634,200,0.208586,0.2969
19148000,4488.520646,3621,211,0.362623,0.2734
19150000,4605.556768,3614,192,0.404675,0.2422
19152000,4875.124498,3619,207,0.397240,0.3281
19154000,5008.347310,3629,217,0.413213,0.2812
19156000,4955.652211,3628,199,0.415875,0.2578
19158000,4106.415009,3604,216,0.191975,0.2891
19160000,4113.805382,3592,230,0.193241,0.3047
19162000,4629.242984,3607,237,0.435648,0.3438
19164000,4657.088356,3603,245,0.490014,0.3906
19166000,4767.095272,3602,230,0.508964,0.3125
19168000,4834.187421,3581,228,0.511567,0.3438
19170000,4907.854080,3608,221,0.493642,0.2812
19172000,5273.250935,3612,219,0.466946,0.2500
19174000,4127.735578,3610,215,0.138547,0.2578
19176000,4465.453673,3619,226,0.011387,0.2656
19178000,4591.410761,3632,208,0.129301,0.3438
19180000,4797.149860,3599,221,0.164313,0.2188
19182000,4858.479358,3602,223,0.109673,0.3125
19184000,5143.889704,3634,196,0.290084,0.2656
19186000,4968.151315,3641,215,0.474144,0.3984
19188000,4984.829932,3649,212,0.487153,0.2578
19190000,4719.622807,3610,225,0.231913,0.2500
19192000,4649.863815,3614,209,0.228135,0.3359
19194000,4311.927031,3595,216,0.139882,0.3438
19196000,4204.312063,3617,202,0.170763,0.3281
19198000,4120.071986,3642,187,0.171743,0.2734
19200000,4052.569066,3626,210,0.161361,0.3047
19202000,4183.338458,3625,201,0.177050,0.2344
19204000,4264.902864,3589,199,0.143276,0.3203
19206000,4271.590296,3603,196,0.151103,0.2812
19208000,5108.639242,3601,187,0.044241,0.2188
19210000,5242.508200,3589,194,0.083222,0.3750
19212000,5292.105154,3576,206,0.084463,0.2578
19214000,5297.567734,3571,219,0.085664,0.2969
19216000,5182.810197,3576,233,0.064960,0.2969
19218000,4795.908984,3559,230,0.021816,0.3672
19220000,4836.627444,3536,215,0.031428,0.3438
19222000,4666.529942,3519,233,0.153500,0.3125
19224000,4415.927627,3533,241,0.147786,0.3984
19226000,4487.480333,3533,213,0.140789,0.3125
19228000,4415.385155,3522,237,0.233164,0.2812
19230000,4336.697737,3522,238,0.237437,0.2656
19232000,4129.051110,3534,244,0.200033,0.2969
19234000,4470.846066,3535,244,0.126714,0.2969
19236000,4451.492906,3523,239,0.142964,0.3203
19238000,4664.345066,3547,212,0.227228,0.3125
19240000,3741.528331,3545,228,0.234769,0.3203
19242000,4229.201319,3524,231,0.148633,0.2969
19244000,4300.169944,3538,241,0.135908,0.3125
19246000,4494.009283,3558,237,0.142240,0.3516
19248000,5201.729098,3555,212,0.270393,0.2969
19250000,5252.788920,3565,205,0.326890,0.2344
19252000,5167.794956,3564,229,0.311596,0.2344
19254000,4105.396564,3540,238,0.340416,0.2812
19256000,4104.856154,3527,248,0.337542,0.3203
19258000,3573.811612,3532,252,0.104613,0.2812
19260000,3964.292925,3559,227,0.166537,0.3359
19262000,3708.061538,3575,228,0.071403,0.3359
19264000,3886.589551,3574,214,0.083114,0.2734
19266000,3881.985019,3541,230,0.088472,0.2969
19268000,4023.072572,3539,235,0.205793,0.2734
19270000,3658.902850,3548,225,0.090103,0.3359
19272000,3931.081562,3549,230,0.136854,0.3203
19274000,3913.872299,3555,230,0.135690,0.2812
19276000,3892.344441,3593,223,0.142643,0.3125
19278000,3961.887804,3593,219,0.144567,0.2812
19280000,3948.177866,3587,214,0.142934,0.2812
19282000,4989.365269,3594,232,0.131803,0.3203
19284000,5035.024728,3594,220,0.133394,0.3359
19286000,4296.423234,3609,213,0.006657,0.3359
19288000,4290.765249,3613,200,0.095494,0.3125
19290000,4229.789849,3609,188,0.129480,0.2891
19292000,4458.084793,3602,193,0.361430,0.2891
19294000,4451.137527,3600,220,0.366611,0.2812
19296000,4991.706804,3600,207,0.339484,0.2344
19298000,3889.824189,3572,203,0.305804,0.2656
19300000,3723.762216,3612,201,0.273250,0.3125
19302000,3465.685457,3602,199,0.014721,0.2734
19304000,4523.944983,3616,203,0.147843,0.2969
19306000,4800.001187,3579,245,0.178808,0.2812
19308000,4876.630443,3574,260,0.270711,0.3281
19310000,4927.470066,3589,243,0.262606,0.2969
19312000,4390.605873,3619,222,0.341871,0.2812
19314000,4431.785711,3609,217,0.305370,0.3750
19316000,4474.285370,3571,222,0.274370,0.3203
19318000,4497.457708,3580,220,0.296476,0.2188
19320000,4497.380162,3592,224,0.289775,0.3203
19322000,4523.737574,3619,203,0.298882,0.2812
19324000,3941.800069,3613,207,0.203663,0.2969
19326000,4038.895666,3611,207,0.498655,0.3359
19328000,4055.204068,3608,208,0.495245,0.2656
19330000,3659.836713,3631,196,0.191819,0.2812
19332000,4007.506864,3628,206,0.257099,0.2422
19334000,4100.976570,3613,206,0.295489,0.3359
19336000,4706.009788,3601,227,0.286094,0.3281
19338000,4818.927117,3630,217,0.228740,0.3359
19340000,5015.925930,3628,205,0.181340,0.3203
19342000,5038.246119,3629,219,0.156194,0.2891
19344000,4995.782744,3629,217,0.206624,0.2656
19346000,5082.461258,3603,217,0.237243,0.2656
19348000,5062.587564,3628,217,0.274094,0.2734
19350000,6853.462517,3647,202,0.620864,0.2109
19352000,6706.005888,3633,214,0.591543,0.2734
19354000,5865.115909,3625,214,0.687392,0.2344
19356000,5713.051648,3611,223,0.617733,0.3125
19358000,5825.766083,3638,209,0.578210,0.2734
19360000,5180.422170,3621,209,0.563617,0.2422
19362000,5255.231288,3652,204,0.551025,0.2969
19364000,4642.090735,3655,193,0.605240,0.2344
19366000,4619.383251,3645,188,0.587840,0.3516
19368000,5040.328839,3623,204,0.693426,0.3125
19370000,4630.946233,3624,202,0.457111,0.2500
19372000,5024.949255,3613,200,0.556265,0.2656
19374000,5027.655604,3619,191,0.558862,0.2656
19376000,5033.594898,3595,188,0.547457,0.3281
19378000,4680.093030,3588,221,0.397328,0.2578
19380000,5858.673987,3607,210,0.235507,0.3359
19382000,7443.642335,3591,211,0.582502,0.2500
19384000,7458.396480,3582,201,0.578653,0.2812
19386000,7438.869602,3578,211,0.580503,0.3516
19388000,4797.671511,3589,203,0.192891,0.3125
19390000,5662.454105,3598,209,0.022797,0.2500
19392000,9279.520190,3600,210,0.571913,0.3047
19394000,11094.460519,3604,220,0.843217,0.2422
19396000,7843.468257,3599,222,0.679966,0.2500
19398000,7829.315389,3562,239,0.686514,0.2500
19400000,5405.370991,3554,239,0.358741,0.3594
19402000,5645.192507,3572,221,0.610642,0.2656
19404000,6009.405039,3560,224,0.537092,0.2969
19406000,5602.414335,3561,214,0.486159,0.2500
19408000,5658.550623,3585,222,0.636831,0.3438
19410000,6018.804115,3588,202,0.640993,0.3594
19412000,6273.209412,3582,188,0.632992,0.3125
19414000,6372.675411,3573,202,0.378296,0.2031
19416000,5273.255333,3581,198,0.168653,0.2734
19418000,4965.144050,3592,224,0.150755,0.3203
19420000,4889.675367,3602,214,0.155545,0.3047
19422000,5111.953799,3610,207,0.537626,0.3203
19424000,6340.513249,3622,187,0.636461,0.2656
19426000,6223.374545,3638,180,0.533881,0.2500
19428000,6273.263159,3634,182,0.530495,0.2578
19430000,6065.331790,3649,173,0.418532,0.2812
19432000,6744.800407,3625,192,0.313544,0.2109
19434000,6933.208492,3638,193,0.531002,0.2344
19436000,7501.910172,3616,214,0.651807,0.3047
19438000,7731.901462,3614,235,0.622295,0.3672
19440000,5579.662071,3599,221,0.117254,0.2812
19442000,7410.620387,3597,221,0.581622,0.3125
19444000,6753.424971,3593,207,0.408450,0.3047
19446000,6828.116309,3597,215,0.403432,0.3047
19448000,6752.788439,3595,222,0.446697,0.3906
19450000,6233.442488,3597,225,0.373309,0.3281
19452000,6133.595896,3580,234,0.361547,0.2891
19454000,4562.782773,3612,209,0.068608,0.3125
19456000,4734.696060,3621,208,0.105238,0.2578
19458000,4466.010269,3621,192,0.121761,0.3594
19460000,4481.791765,3594,204,0.122993,0.3672
19462000,4586.083135,3592,217,0.243577,0.2422
19464000,5324.679295,3595,212,0.111104,0.3516
19466000,5815.698884,3572,243,0.158832,0.2891
19468000,4784.776888,3558,234,0.015240,0.2891
19470000,5560.883554,3574,221,0.144758,0.2734
19472000,5578.789746,3594,214,0.149378,0.2500
19474000,5480.278578,3587,205,0.118181,0.3594
19476000,5455.083245,3605,192,0.112920,0.2422
19478000,4747.500931,3623,191,0.016703,0.2812
19480000,4712.148378,3617,197,0.017732,0.3047
19482000,4839.320988,3601,223,0.015155,0.2422
19484000,5358.172524,3607,221,0.102507,0.2578
19486000,5256.886879,3630,204,0.094573,0.3125
19488000,5272.573928,3631,212,0.103810,0.2656
19490000,5218.930401,3652,206,0.073269,0.2344
19492000,5390.292499,3641,207,0.105103,0.2891
19494000,5361.025680,3633,210,0.108244,0.2109
19496000,7030.038718,3632,222,0.699063,0.2500
19498000,7016.482658,3605,217,0.701404,0.3750
19500000,4882.049880,3624,210,0.426749,0.3125
19502000,4520.347767,3637,209,0.466786,0.3594
19504000,3863.803086,3643,209,0.292698,0.2656
19506000,3395.778351,3656,205,0.095412,0.2422
19508000,3291.770483,3633,212,0.005786,0.2734
19510000,2985.138913,3618,207,0.014279,0.2656
19512000,3147.680862,3608,220,0.002099,0.3047
19514000,3065.425435,3603,219,0.005016,0.3438
19516000,3172.358669,3615,213,0.000049,0.2500
19518000,3147.459279,3634,187,0.000180,0.2188
19520000,3252.551883,3620,215,0.002995,0.2578
19522000,3332.303651,3637,202,0.000477,0.3203
19524000,3532.043353,3665,186,0.003427,0.2656
19526000,3641.405437,3657,209,0.004303,0.2812
19528000,3682.661199,3646,201,0.020700,0.3203
19530000,3739.467224,3650,199,0.020583,0.2500
19532000,3950.398937,3628,227,0.002370,0.3359
19534000,3710.106430,3661,208,0.037835,0.3359
19536000,3685.504722,3663,193,0.089034,0.2578
19538000,3699.809765,3665,201,0.088281,0.2812
19540000,3828.025584,3653,212,0.085946,0.2578
19542000,3830.121041,3653,197,0.016680,0.2188
19544000,3774.256234,3652,201,0.015498,0.3125
19546000,3585.112818,3653,198,0.020117,0.3203
19548000,3399.943879,3656,193,0.086595,0.2500
19550000,3301.464641,3667,193,0.090296,0.2969
19552000,3398.199600,3649,206,0.112453,0.2656
19554000,3690.170480,3659,204,0.082878,0.2422
19556000,3612.046708,3654,205,0.094019,0.3281
19558000,3634.487359,3657,200,0.014719,0.2266
19560000,3520.263304,3651,209,0.014324,0.3125
19562000,3525.660984,3640,207,0.012516,0.2578
19564000,3653.380026,3651,201,0.035018,0.2344
19566000,3483.232749,3662,186,0.000249,0.3125
19568000,3858.461749,3690,184,0.041697,0.2734
19570000,3506.099455,3669,187,0.005765,0.2500
19572000,3210.273956,3655,196,0.032372,0.2734
19574000,4971.386451,3649,201,0.522343,0.3047
19576000,4826.063363,3639,221,0.373089,0.2891
19578000,3773.011391,3627,227,0.210234,0.3281
19580000,3548.378186,3611,224,0.158380,0.2734
19582000,4694.001092,3624,211,0.344377,0.2734
19584000,4667.524213,3603,223,0.349529,0.2812
19586000,5189.363761,3601,230,0.198648,0.2656
19588000,5174.986413,3612,227,0.226315,0.3203
19590000,5068.550744,3610,224,0.214000,0.2812
19592000,5810.876308,3606,221,0.446007,0.3359
19594000,3733.992565,3638,206,0.026927,0.2969
19596000,3906.733715,3670,200,0.014957,0.2188
19598000,3963.081483,3662,189,0.017794,0.3203
19600000,3925.037477,3670,195,0.015714,0.2578
19602000,4173.919534,3663,206,0.050326,0.3594
19604000,3743.220663,3671,203,0.045618,0.2500
19606000,3747.228929,3662,205,0.055630,0.2266
19608000,3624.985557,3675,196,0.065707,0.2422
19610000,3578.028036,3671,198,0.074030,0.2266
19612000,4724.869559,3674,200,0.397293,0.3203
19614000,4106.147193,3683,175,0.084945,0.3516
19616000,5095.609129,3662,198,0.404391,0.2812
19618000,4790.252653,3653,198,0.356236,0.3047
19620000,4818.055914,3647,214,0.373506,0.3125
19622000,4853.501014,3631,211,0.377068,0.2578
19624000,4908.893565,3652,214,0.403269,0.2109
19626000,4955.883604,3633,216,0.377422,0.2891
19628000,4321.455559,3618,223,0.185811,0.2812
19630000,4295.894120,3611,211,0.187889,0.3047
19632000,3889.641404,3628,215,0.089151,0.2422
19634000,3931.683714,3659,206,0.102385,0.2344
19636000,4067.677699,3651,206,0.072673,0.2891
19638000,4105.801765,3660,197,0.064498,0.2578
19640000,4116.773306,3648,212,0.053570,0.3594
19642000,4758.469791,3632,216,0.046360,0.2344
19644000,4681.266448,3631,208,0.054275,0.3516
19646000,4748.087209,3631,203,0.058392,0.2422
19648000,4759.019309,3635,225,0.056797,0.2734
19650000,4665.927464,3646,220,0.076081,0.2969
19652000,4740.795862,3657,202,0.077263,0.2578
19654000,4716.376607,3644,216,0.072801,0.2969
19656000,4606.930196,3653,216,0.099134,0.2969
19658000,4462.430641,3637,206,0.102511,0.3047
19660000,3937.659631,3636,205,0.046927,0.3203
19662000,3849.831916,3652,217,0.056040,0.2891
19664000,3734.673971,3654,208,0.199172,0.2812
19666000,3918.186392,3633,221,0.223761,0.2500
19668000,3905.105333,3647,215,0.247407,0.2969
19670000,3516.411703,3654,218,0.219085,0.3125
19672000,3917.282328,3642,215,0.041834,0.3047
19674000,3875.692583,3628,214,0.041433,0.3594
19676000,4751.015486,3626,205,0.065553,0.2734
19678000,4880.811516,3635,207,0.063848,0.3125
19680000,4904.285791,3658,200,0.048573,0.2891
19682000,4924.007639,3641,213,0.050707,0.2891
19684000,4946.343086,3661,199,0.089869,0.2969
19686000,5049.477773,3632,197,0.130911,0.1953
19688000,4644.661638,3622,201,0.138863,0.2656
19690000,5264.810923,3620,216,0.157589,0.3516
19692000,5324.292963,3597,212,0.040675,0.2344
19694000,5376.262606,3592,212,0.044813,0.4219
19696000,4595.230647,3578,222,0.009104,0.3125
19698000,4676.328919,3577,223,0.008632,0.2812
19700000,4770.730464,3588,205,0.025603,0.3047
19702000,4013.940959,3640,190,0.068718,0.2812
19704000,3971.193341,3648,206,0.065301,0.2500
19706000,4530.628437,3667,202,0.063459,0.2578
19708000,4513.822728,3670,190,0.004472,0.2656
19710000,4464.808289,3637,204,0.006111,0.2969
19712000,5189.627173,3634,200,0.049474,0.3438
19714000,5113.511762,3611,182,0.050988,0.2344
19716000,5065.757558,3618,197,0.038711,0.3047
19718000,5004.372746,3642,185,0.034585,0.2578
19720000,4971.745033,3653,183,0.026757,0.2188
19722000,4874.736513,3682,180,0.023172,0.2969
19724000,4864.078998,3643,189,0.025643,0.2656
19726000,4359.257466,3632,203,0.196432,0.2812
19728000,4995.050999,3629,197,0.027926,0.2188
19730000,4986.904033,3601,201,0.026330,0.3203
19732000,5125.752198,3593,218,0.013317,0.3125
19734000,4284.325739,3565,231,0.329056,0.2500
19736000,4784.583686,3582,205,0.076046,0.3594
19738000,4752.819448,3582,206,0.038422,0.2109
19740000,4274.476855,3559,213,0.022142,0.3359
19742000,4303.292339,3577,215,0.046057,0.3125
19744000,4499.516298,3593,196,0.127709,0.3438
19746000,4790.077092,3568,214,0.076257,0.3125
19748000,4253.451463,3602,201,0.148455,0.2031
19750000,4249.550756,3577,193,0.234069,0.3047
19752000,6184.184873,3579,214,0.514228,0.3125
19754000,6874.026770,3611,219,0.556221,0.2578
19756000,6742.691758,3595,219,0.652550,0.2422
19758000,6603.483177,3587,228,0.636151,0.2891
19760000,6569.649221,3603,213,0.634225,0.2344
19762000,6473.047090,3617,214,0.624050,0.2656
19764000,7025.338363,3626,205,0.661035,0.2578
19766000,4704.244789,3621,223,0.331587,0.3750
19768000,5346.299220,3597,236,0.329560,0.3047
19770000,4918.103831,3566,250,0.555253,0.3281
19772000,5019.557176,3561,240,0.529351,0.3047
19774000,5513.475171,3548,245,0.492674,0.3438
19776000,4829.499289,3545,248,0.370704,0.3125
19778000,4752.027943,3576,217,0.368125,0.2891
19780000,5681.035425,3573,217,0.492896,0.2969
19782000,4519.359527,3583,209,0.340497,0.3203
19784000,4927.208779,3590,209,0.273377,0.2891
19786000,4794.841320,3566,211,0.167518,0.2969
19788000,5929.839966,3555,240,0.107993,0.3438
19790000,6289.781066,3576,234,0.136695,0.2969
19792000,7927.887416,3579,212,0.786047,0.2969
19794000,6893.135194,3566,206,0.272585,0.2734
19796000,6783.530291,3558,208,0.295931,0.2734
19798000,5410.504708,3541,238,0.033500,0.2656
19800000,5433.390447,3569,224,0.034804,0.2578
19802000,6105.857605,3594,224,0.316077,0.4219
19804000,6217.557933,3579,225,0.226338,0.2422
19806000,6669.307565,3576,225,0.393774,0.3359
19808000,5317.010051,3574,226,0.198329,0.2656
19810000,7069.656028,3609,212,0.745370,0.2891
19812000,7058.932447,3610,200,0.748631,0.3438
19814000,5378.215168,3608,202,0.542666,0.2891
19816000,5516.558277,3606,210,0.558459,0.2812
19818000,5085.193784,3583,215,0.579736,0.2266
19820000,4799.328351,3578,225,0.448825,0.2969
19822000,3973.765886,3582,217,0.063169,0.3281
19824000,7211.723374,3567,204,0.555296,0.3672
19826000,4206.802911,3576,218,0.070860,0.2812
19828000,5331.418564,3553,235,0.264644,0.2812
19830000,5292.416998,3536,249,0.274112,0.2734
19832000,5365.594183,3547,240,0.256441,0.2891
19834000,5806.027235,3564,230,0.404908,0.3438
19836000,5786.716501,3571,216,0.416116,0.3281
19838000,5833.807504,3556,219,0.417250,0.2969
19840000,5878.913802,3565,218,0.415011,0.3438
19842000,5816.462282,3612,210,0.402587,0.3125
19844000,5684.259086,3600,204,0.403263,0.2500
19846000,3703.406634,3563,224,0.079965,0.2656
19848000,7110.438251,3549,235,0.549083,0.2969
19850000,6261.920701,3580,224,0.420933,0.3125
19852000,6528.661668,3583,220,0.570810,0.2266
19854000,3685.245531,3590,218,0.143889,0.2344
19856000,4585.505397,3554,255,0.270413,0.3594
19858000,3551.999888,3554,244,0.134732,0.4062
19860000,4086.208470,3560,245,0.267334,0.3281
19862000,6610.845501,3561,238,0.563468,0.3047
19864000,4300.781192,3590,219,0.330659,0.3203
19866000,4346.314861,3579,234,0.334946,0.3203
19868000,4923.734361,3587,245,0.207569,0.2891
19870000,6707.841866,3560,251,0.389490,0.2031
19872000,6768.503952,3563,231,0.384146,0.2500
19874000,5919.904825,3579,228,0.225506,0.2891
19876000,6366.340191,3577,226,0.430425,0.3203
19878000,6931.225231,3572,237,0.465210,0.3125
19880000,6139.919352,3572,231,0.374321,0.3359
19882000,7583.235602,3588,228,0.701432,0.3438
19884000,6212.641811,3600,220,0.623204,0.2891
19886000,6207.870242,3572,232,0.542381,0.3594
19888000,6316.897994,3573,221,0.553927,0.3125
19890000,7080.323108,3597,225,0.662072,0.2656
19892000,5438.795473,3579,218,0.213422,0.2891
19894000,8294.968450,3553,223,0.643510,0.2734
19896000,8097.676522,3575,224,0.644083,0.3438
19898000,7093.132164,3586,225,0.492231,0.2734
19900000,3249.491522,3594,225,0.082747,0.2734
19902000,3244.701672,3561,243,0.084398,0.3594
19904000,3150.128293,3550,240,0.173118,0.3047
19906000,3179.665746,3558,246,0.164646,0.3438
19908000,3245.942145,3563,224,0.179578,0.2422
19910000,3209.077032,3531,242,0.185588,0.2734
19912000,3214.812697,3539,243,0.181154,0.3047
19914000,3302.076763,3548,238,0.151568,0.2188
19916000,3307.438352,3579,226,0.155718,0.3594
19918000,3331.066359,3580,216,0.149471,0.2812
19920000,4036.079559,3585,224,0.251531,0.3125
19922000,4571.785826,3582,233,0.384335,0.3125
19924000,5776.334407,3578,249,0.280206,0.3047
19926000,5763.259309,3573,246,0.287779,0.3359
19928000,6804.404594,3573,235,0.393170,0.2812
19930000,8700.071204,3588,219,0.609666,0.2812
19932000,8687.872586,3599,206,0.605229,0.2422
19934000,8715.188539,3585,203,0.621863,0.3125
19936000,4490.934808,3610,200,0.079671,0.3438
19938000,4462.949079,3581,212,0.083097,0.2422
19940000,5732.972117,3586,218,0.458907,0.2969
19942000,5667.228563,3576,223,0.451933,0.2656
19944000,7637.769245,3551,221,0.588502,0.2734
19946000,7678.127672,3555,217,0.592094,0.2812
19948000,7730.010155,3562,205,0.714810,0.3203
19950000,8149.824430,3563,217,0.780147,0.2734
19952000,6826.045008,3576,218,0.704257,0.3281
19954000,8144.510240,3558,234,0.759015,0.3516
19956000,7200.050290,3531,224,0.752003,0.2969
19958000,7140.469707,3534,221,0.754183,0.2891
19960000,8152.801106,3551,221,0.792219,0.3203
19962000,8059.821194,3538,233,0.790096,0.2969
19964000,6945.290317,3538,240,0.710062,0.3281
19966000,7616.609204,3533,247,0.781535,0.3438
19968000,9535.283379,3537,229,0.873746,0.3594
19970000,8928.815718,3519,249,0.787160,0.3438
19972000,6655.408966,3552,226,0.391534,0.3125
19974000,5441.576667,3547,220,0.250617,0.3672
19976000,5690.237180,3582,229,0.205731,0.2656
19978000,8897.279818,3559,237,0.653454,0.2891
19980000,8950.228947,3574,235,0.660789,0.2812
19982000,5438.885153,3598,191,0.330770,0.2734
19984000,5855.575917,3596,205,0.314812,0.2188
19986000,5757.754339,3590,204,0.280026,0.2891
19988000,7339.830447,3581,203,0.534798,0.2344
19990000,7870.602821,3575,232,0.572505,0.3125
19992000,7686.604181,3574,226,0.550617,0.2812
19994000,6368.483901,3564,227,0.465432,0.2188
19996000,6265.092353,3550,227,0.492665,0.2891
19998000,6247.771791,3582,212,0.498403,0.2891
20000000,4204.332852,3593,207,0.032149,0.2578
20002000,4212.575308,3612,195,0.029384,0.2969
20004000,4218.683106,3622,193,0.027176,0.2578
20006000,7937.473985,3646,181,0.664731,0.2422
20008000,7163.293466,3630,191,0.649329,0.2734
20010000,6940.675909,3626,189,0.517073,0.2422
20012000,4873.588963,3609,205,0.484616,0.2812
20014000,4859.348026,3601,211,0.470149,0.3359
20016000,4365.167366,3588,220,0.318691,0.3203
20018000,7150.438307,3619,210,0.729385,0.2734
20020000,7050.394931,3584,225,0.794616,0.3203
20022000,6921.011440,3607,200,0.744848,0.2891
20024000,6896.993671,3631,192,0.733421,0.3828
20026000,6740.590424,3632,197,0.528496,0.2812
20028000,7381.032664,3622,216,0.457052,0.2500
20030000,6010.390391,3617,216,0.535295,0.3516
20032000,5780.945024,3609,216,0.530898,0.4062
20034000,5685.744221,3606,211,0.516744,0.3203
20036000,7764.613759,3600,211,0.644058,0.3203
20038000,4013.190180,3601,220,0.062392,0.2422
20040000,3826.293440,3576,239,0.067233,0.2969
20042000,3844.306002,3560,223,0.069917,0.2969
20044000,3941.324015,3551,217,0.063871,0.3359
20046000,3666.413653,3564,199,0.014412,0.3438
20048000,3988.983514,3553,221,0.027958,0.2188
20050000,4116.361667,3577,213,0.036513,0.2500
20052000,4738.290885,3571,215,0.364275,0.2812
20054000,5033.670679,3569,220,0.403337,0.3281
20056000,5155.370086,3565,223,0.485817,0.2891
20058000,4445.820288,3550,237,0.333100,0.2734
20060000,4739.803370,3553,242,0.498037,0.2891
20062000,6346.096831,3568,228,0.662957,0.3047
20064000,5943.362341,3565,232,0.641869,0.2812
20066000,6653.347974,3570,212,0.607891,0.2031
20068000,4056.527509,3557,243,0.277339,0.3359
20070000,5758.099836,3558,247,0.667538,0.2812
20072000,3720.367613,3557,232,0.121151,0.3047
20074000,3784.089864,3562,233,0.140625,0.3047
20076000,3821.303944,3570,218,0.123661,0.3359
20078000,5963.002099,3566,229,0.676481,0.3672
20080000,4451.985674,3574,229,0.463116,0.2422
20082000,5743.097248,3605,211,0.654595,0.3438
20084000,4163.663675,3616,191,0.093121,0.3125
20086000,3932.235509,3590,204,0.148602,0.2656
20088000,3762.581546,3593,210,0.103938,0.3203
20090000,3673.512213,3578,207,0.096911,0.3125
20092000,3400.192297,3560,203,0.030922,0.2734
20094000,3406.145597,3567,197,0.031276,0.2422
20096000,3474.307498,3571,220,0.025627,0.3047
20098000,4621.703594,3574,224,0.229132,0.3516
20100000,4502.616159,3584,232,0.265905,0.3281
20102000,4825.098311,3589,204,0.264257,0.2578
20104000,3804.528952,3563,215,0.019182,0.3281
20106000,3784.577968,3591,211,0.023888,0.2656
20108000,3633.170410,3580,218,0.107772,0.3516
20110000,3653.029549,3559,235,0.087327,0.2969
20112000,3574.641770,3566,252,0.085578,0.2969
20114000,3593.710930,3553,245,0.085773,0.2891
20116000,4162.922933,3513,249,0.314122,0.2891
20118000,4116.823863,3516,221,0.248987,0.3203
20120000,3937.584218,3494,231,0.238677,0.3594
20122000,3913.120860,3506,250,0.231288,0.2734
20124000,3911.471793,3507,233,0.230664,0.3594
20126000,3934.446175,3530,226,0.218352,0.3203
20128000,5069.863792,3544,234,0.641912,0.2578
20130000,5063.542697,3582,210,0.638094,0.3125
20132000,5086.860675,3579,203,0.639070,0.2812
20134000,5134.455680,3554,228,0.606308,0.2812
20136000,5212.920809,3559,220,0.617311,0.2734
20138000,4456.176197,3552,226,0.486842,0.2422
20140000,4497.433145,3551,232,0.500049,0.2734
20142000,4297.427763,3569,227,0.571555,0.2969
20144000,4249.247444,3544,237,0.437379,0.2500
20146000,4262.673208,3546,232,0.435523,0.3438
20148000,4116.750756,3550,217,0.413194,0.3047
20150000,4184.800003,3557,222,0.416244,0.3359
20152000,4302.004495,3573,205,0.447589,0.3438
20154000,4197.481026,3555,216,0.416266,0.3047
20156000,4301.701008,3528,228,0.414560,0.3281
20158000,4765.809530,3533,228,0.349471,0.3203
20160000,4764.844061,3521,242,0.353748,0.2969
20162000,5241.456480,3528,246,0.478888,0.3047
20164000,5244.945953,3532,236,0.443782,0.3438
20166000,5109.275298,3550,230,0.431012,0.2891
20168000,5130.840082,3561,219,0.434436,0.2188
20170000,5240.266768,3570,232,0.448357,0.2656
20172000,5238.132443,3569,223,0.085625,0.2656
20174000,4753.674845,3557,231,0.054604,0.2188
20176000,5308.533411,3554,225,0.593109,0.2656
20178000,4392.745075,3519,238,0.392046,0.3047
20180000,4310.818474,3517,257,0.392068,0.3125
20182000,4312.546379,3494,251,0.384644,0.4141
20184000,4319.574379,3498,240,0.386015,0.2578
20186000,4317.635285,3521,240,0.391018,0.2969
20188000,5261.955311,3530,247,0.661647,0.2500
20190000,5204.608223,3527,247,0.634407,0.3125
20192000,5205.023441,3546,232,0.617423,0.3438
20194000,5203.434838,3543,236,0.615462,0.2891
20196000,5128.177406,3531,226,0.630211,0.2500
20198000,4512.544126,3537,233,0.165162,0.3672
20200000,3880.934671,3540,239,0.089674,0.3203
20202000,3900.313780,3495,262,0.084000,0.3203
20204000,4577.028115,3506,260,0.379899,0.3203
20206000,4589.952889,3528,255,0.389355,0.3047
20208000,4317.450495,3530,249,0.274359,0.2031
20210000,4278.909056,3558,232,0.269647,0.2500
20212000,3386.342844,3587,215,0.048616,0.2891
20214000,3179.824119,3579,232,0.031589,0.3359
20216000,4005.575530,3563,221,0.307346,0.2344
20218000,3953.235196,3587,217,0.261064,0.3594
20220000,3874.560705,3582,213,0.259495,0.2656
20222000,3205.548030,3615,186,0.115447,0.2734
20224000,3087.788287,3632,192,0.157889,0.2578
20226000,3377.465192,3601,212,0.120896,0.2500
20228000,3380.543461,3618,226,0.118550,0.3750
20230000,4746.254332,3626,218,0.259901,0.2969
20232000,4742.356999,3639,210,0.258809,0.2734
20234000,4714.944727,3630,228,0.355177,0.2188
20236000,4445.818384,3639,228,0.284221,0.2891
20238000,5019.893053,3640,224,0.348134,0.2734
20240000,5931.771481,3626,251,0.492035,0.2031
20242000,5766.699349,3636,219,0.491430,0.2891
20244000,4843.745839,3608,229,0.530932,0.3125
20246000,4873.709024,3603,231,0.621776,0.2188
20248000,4879.221219,3617,209,0.620605,0.2422
20250000,4950.346682,3616,208,0.623778,0.3125
20252000,4443.251404,3614,211,0.411865,0.2969
20254000,4992.127758,3641,201,0.443830,0.2422
20256000,4500.473348,3620,204,0.406027,0.2500
20258000,4517.079392,3597,218,0.389172,0.2656
20260000,4487.310986,3590,225,0.409497,0.2891
20262000,4822.591233,3579,217,0.480522,0.3594
20264000,4849.018248,3593,202,0.480243,0.2578
20266000,5529.864048,3604,210,0.677148,0.2188
20268000,4727.548878,3622,208,0.504900,0.2891
20270000,4571.619101,3625,205,0.461173,0.3125
20272000,4979.083103,3613,206,0.555478,0.3359
20274000,6037.995532,3598,222,0.636604,0.2500
20276000,6064.632835,3604,204,0.639857,0.3125
20278000,6055.132353,3598,210,0.625561,0.2969
20280000,5459.976334,3586,202,0.543795,0.2891
20282000,7194.412013,3582,218,0.739295,0.3125
20284000,5843.292395,3580,203,0.625151,0.2812
20286000,5869.699919,3565,223,0.625292,0.2344
20288000,4266.377039,3584,212,0.398695,0.2344
20290000,6019.979835,3590,216,0.652762,0.3125
20292000,6085.355036,3590,218,0.670182,0.3047
20294000,6091.372538,3560,218,0.671366,0.3672
20296000,6211.699551,3572,204,0.725309,0.3672
20298000,6340.485070,3575,205,0.750888,0.3203
20300000,6359.032056,3612,210,0.755175,0.2578
20302000,6390.666474,3580,214,0.775434,0.3906
20304000,6428.915973,3575,215,0.784079,0.2969
20306000,6376.440259,3567,204,0.782464,0.3047
20308000,6364.381007,3571,229,0.783209,0.2812
20310000,4860.027142,3576,207,0.393330,0.2969
20312000,5516.418050,3562,197,0.629170,0.2969
20314000,5478.025269,3559,200,0.624968,0.2578
20316000,5024.029812,3556,202,0.518197,0.2500
20318000,5011.869021,3596,205,0.507754,0.3516
20320000,4987.274059,3603,196,0.578073,0.2734
20322000,3374.823197,3601,207,0.142058,0.3281
20324000,3895.354004,3624,183,0.378930,0.2578
20326000,4810.067909,3650,175,0.538780,0.2969
20328000,4809.107567,3651,192,0.538049,0.3672
20330000,4744.180901,3626,208,0.519551,0.2812
20332000,4718.648364,3624,215,0.515903,0.3359
20334000,4694.943087,3634,195,0.509541,0.2344
20336000,5374.522889,3635,193,0.559612,0.3281
20338000,5301.944244,3610,218,0.557004,0.3125
20340000,5335.803077,3603,235,0.555600,0.3203
20342000,5376.954088,3570,241,0.571827,0.2422
20344000,5327.571752,3585,221,0.571665,0.2578
20346000,4482.098904,3580,224,0.507338,0.2656
20348000,4370.431892,3590,223,0.517068,0.2578
20350000,4423.360011,3618,208,0.514287,0.3047
20352000,4557.824773,3612,207,0.497980,0.3672
20354000,4431.053097,3630,199,0.479452,0.2812
20356000,4570.680968,3635,211,0.535683,0.2656
20358000,4286.384867,3636,213,0.479135,0.3203
20360000,4361.810641,3626,210,0.474962,0.2734
20362000,4368.711538,3639,201,0.482003,0.2969
20364000,5114.403062,3650,213,0.562518,0.2812
20366000,5452.723224,3656,209,0.671505,0.3125
20368000,4861.505662,3672,196,0.554937,0.2656
20370000,4703.740388,3653,207,0.518098,0.2656
20372000,4986.091408,3654,210,0.550335,0.2734
20374000,4944.300953,3661,214,0.553478,0.2891
20376000,4956.029258,3668,197,0.552130,0.3438
20378000,5055.726784,3670,199,0.606973,0.2656
20380000,5151.673304,3622,209,0.573157,0.3125
20382000,5267.106493,3644,209,0.615653,0.2891
20384000,5182.254079,3662,192,0.644806,0.2422
20386000,4691.343554,3617,213,0.587992,0.3203
20388000,4616.974535,3626,207,0.574547,0.2656
20390000,4724.347269,3636,194,0.555883,0.2344
20392000,4733.891069,3651,180,0.551034,0.2422
20394000,4741.607669,3643,208,0.510044,0.2656
20396000,4759.388144,3634,217,0.236771,0.2500
20398000,5043.163304,3620,235,0.200250,0.2500
20400000,5518.771181,3584,246,0.431973,0.3203
20402000,5927.916745,3577,219,0.632664,0.2891
20404000,5976.234969,3586,212,0.625463,0.3438
20406000,5805.810320,3581,223,0.613963,0.2969
20408000,4612.916658,3580,219,0.471905,0.3359
20410000,4590.730028,3562,210,0.471411,0.3281
20412000,4579.448227,3585,193,0.470657,0.1953
20414000,3658.715390,3596,192,0.084820,0.3359
20416000,4510.057297,3577,207,0.513874,0.3047
20418000,4518.668452,3566,210,0.499845,0.3047
20420000,5484.085859,3550,209,0.495535,0.2578
20422000,5562.381037,3555,208,0.431565,0.3281
20424000,5567.312348,3536,217,0.415208,0.2578
20426000,5738.529189,3532,214,0.436218,0.2734
20428000,6028.992197,3572,204,0.414313,0.2422
20430000,5982.089231,3581,206,0.445967,0.3047
20432000,5997.293920,3563,221,0.450071,0.2578
20434000,6472.263897,3565,222,0.687633,0.2109
20436000,6434.000267,3565,210,0.685584,0.3281
20438000,6577.891425,3580,226,0.657034,0.2969
20440000,6596.957914,3581,243,0.656311,0.3047
20442000,6647.535642,3556,267,0.662325,0.2812
20444000,6591.110938,3554,256,0.661332,0.2578
20446000,7400.071374,3539,264,0.736300,0.3281
20448000,6587.932533,3559,233,0.714765,0.3672
20450000,6593.292043,3562,227,0.719300,0.3438
20452000,4849.621491,3540,237,0.403874,0.3281
20454000,4810.448664,3544,212,0.495071,0.2812
20456000,5510.053762,3564,228,0.353363,0.2734
20458000,5502.986510,3573,217,0.348978,0.3203
20460000,6669.798698,3539,239,0.662004,0.2812
20462000,6696.924635,3534,225,0.678942,0.3750
20464000,5719.498938,3541,230,0.449168,0.2188
20466000,5708.537882,3551,227,0.458330,0.2734
20468000,5694.312046,3549,205,0.461257,0.2891
20470000,5674.937713,3551,210,0.461933,0.2734
20472000,5681.739495,3551,208,0.462461,0.2734
20474000,5674.519599,3559,202,0.464140,0.3359
20476000,6128.543439,3579,205,0.678661,0.2266
20478000,6123.657739,3562,211,0.677605,0.3281
20480000,6269.006526,3582,211,0.652927,0.3125
20482000,6274.262539,3572,223,0.659504,0.3516
20484000,6499.106473,3552,222,0.630045,0.2656
20486000,6308.915051,3540,232,0.631091,0.3438
20488000,4065.467784,3555,224,0.138976,0.3125
20490000,3989.216135,3559,222,0.146406,0.2656
20492000,4459.285093,3563,239,0.253960,0.2656
20494000,6789.994222,3566,242,0.633355,0.3672
20496000,4761.082419,3577,236,0.171131,0.3125
20498000,4770.741338,3608,217,0.177151,0.2656
20500000,5095.326192,3635,208,0.266629,0.2734
20502000,5252.149320,3675,194,0.377571,0.2969
20504000,6031.135626,3661,209,0.547563,0.2578
20506000,6089.862674,3685,198,0.546515,0.2188
20508000,6017.840133,3656,202,0.535017,0.2656
20510000,5998.498244,3633,203,0.526363,0.2656
20512000,7081.464574,3633,194,0.621981,0.2344
20514000,6590.301136,3622,166,0.501587,0.2422
20516000,6671.668300,3617,185,0.473019,0.2734
20518000,7335.716688,3614,198,0.607862,0.2422
20520000,7252.107089,3598,216,0.687475,0.2656
20522000,7271.268437,3593,211,0.678190,0.2891
20524000,6626.498797,3578,230,0.730343,0.2500
20526000,5397.433189,3563,236,0.505906,0.3359
20528000,5384.808545,3555,234,0.494063,0.3672
20530000,5088.774224,3578,236,0.399634,0.2891
20532000,5074.452104,3590,239,0.397624,0.3594
20534000,5154.827663,3578,240,0.295651,0.3438
20536000,5167.302602,3565,240,0.298786,0.3203
20538000,5215.887097,3589,224,0.305992,0.2969
20540000,5289.455492,3585,210,0.305872,0.3125
20542000,6224.928474,3589,206,0.504475,0.3047
20544000,6184.215491,3610,198,0.500977,0.2656
20546000,6477.857301,3624,191,0.569186,0.2500
20548000,6483.670309,3635,188,0.576719,0.2578
20550000,4972.121707,3633,184,0.367530,0.2656
20552000,6272.345863,3622,201,0.619443,0.3359
20554000,6169.627441,3602,205,0.744986,0.3359
20556000,7895.933831,3577,215,0.705309,0.2578
20558000,7812.974172,3559,225,0.708096,0.2891
20560000,7741.015040,3590,221,0.691409,0.2188
20562000,7026.465399,3553,226,0.749383,0.3828
20564000,6903.919786,3584,220,0.680058,0.2656
20566000,4659.513824,3617,206,0.509023,0.2969
20568000,4735.567885,3609,206,0.508357,0.2578
20570000,3297.290316,3605,215,0.158651,0.2656
20572000,5442.709035,3577,231,0.440838,0.3594
20574000,5320.908176,3576,209,0.391044,0.2656
20576000,3382.198304,3563,226,0.073804,0.2812
20578000,3327.880843,3531,258,0.070059,0.3359
20580000,6025.326051,3530,250,0.557605,0.3750
20582000,4482.228995,3557,236,0.224819,0.2734
20584000,5928.602737,3583,219,0.606556,0.3047
20586000,5965.582931,3604,198,0.612755,0.3203
20588000,6003.085389,3595,198,0.625377,0.3047
20590000,5134.754511,3585,201,0.418226,0.2734
20592000,5841.575404,3605,198,0.504271,0.2891
20594000,5861.914766,3579,225,0.504754,0.3125
20596000,5888.401597,3562,231,0.508960,0.2422
20598000,3020.899658,3578,223,0.075998,0.2969
20600000,3023.602979,3573,226,0.074047,0.3125
20602000,3031.198381,3567,225,0.074226,0.3047
20604000,3085.917513,3571,209,0.088661,0.3203
20606000,3206.690262,3567,209,0.290596,0.3047
20608000,4540.442559,3576,209,0.185428,0.3047
20610000,4373.321551,3603,210,0.129598,0.2188
20612000,5472.120924,3582,233,0.538266,0.2969
20614000,5412.276151,3582,236,0.508972,0.3203
20616000,5081.135146,3599,247,0.443455,0.2500
20618000,5196.726418,3600,229,0.188621,0.2344
20620000,5156.986574,3595,240,0.189162,0.3359
20622000,5159.803120,3583,230,0.209817,0.3125
20624000,5165.009819,3588,242,0.203385,0.3672
20626000,5216.510857,3596,239,0.207764,0.3984
20628000,4868.053111,3602,222,0.160990,0.3125
20630000,5033.491705,3618,216,0.186903,0.2422
20632000,4761.123639,3601,220,0.315758,0.1953
20634000,6226.152349,3598,218,0.584512,0.2734
20636000,6188.060883,3595,217,0.559346,0.3516
20638000,4400.671992,3588,232,0.298998,0.2578
20640000,4265.301359,3606,209,0.327115,0.2891
20642000,4039.730843,3606,201,0.343225,0.2422
20644000,4496.030338,3608,209,0.475908,0.3047
20646000,4558.573658,3599,215,0.446047,0.2891
20648000,4848.635120,3574,218,0.322448,0.3047
20650000,4554.521445,3575,205,0.238359,0.2969
20652000,4866.813577,3563,220,0.512131,0.2656
20654000,4855.970111,3543,223,0.509536,0.2891
20656000,4985.226376,3553,206,0.482441,0.3516
20658000,3293.887996,3586,203,0.102840,0.2969
20660000,3285.865461,3582,200,0.103838,0.3047
20662000,3290.098688,3568,221,0.112752,0.2734
20664000,3252.811359,3565,227,0.086700,0.3047
20666000,3371.971370,3568,233,0.123160,0.2891
20668000,4073.339150,3581,224,0.212882,0.2969
20670000,4090.692078,3610,218,0.214347,0.2109
20672000,4062.519941,3611,207,0.397549,0.3516
20674000,4111.066149,3607,204,0.370121,0.2812
20676000,4408.590475,3613,197,0.285485,0.2578
20678000,7150.957922,3568,221,0.654507,0.3047
20680000,7136.933152,3539,236,0.641841,0.2969
20682000,7141.241777,3550,237,0.645056,0.2656
20684000,7656.604672,3526,259,0.765486,0.3281
20686000,4471.779989,3519,253,0.405839,0.2344
20688000,4759.699822,3540,247,0.430795,0.2578
20690000,4701.899773,3570,228,0.408460,0.3438
20692000,4322.417511,3559,219,0.352052,0.3438
20694000,7343.611684,3569,213,0.762638,0.2656
20696000,8051.812767,3562,234,0.833925,0.2812
20698000,5654.903434,3590,213,0.364640,0.3047
20700000,5723.630550,3594,210,0.346487,0.3438
20702000,5739.102502,3615,227,0.263934,0.3125
20704000,5858.389247,3598,223,0.382614,0.3281
20706000,5877.257436,3616,206,0.383429,0.3672
20708000,8071.348930,3619,209,0.558167,0.2422
20710000,10119.691636,3620,207,0.835603,0.2188
20712000,10371.340697,3615,218,0.794866,0.2266
20714000,10954.517916,3594,232,0.834621,0.3203
20716000,8914.369099,3608,228,0.743300,0.3359
20718000,8980.620003,3604,212,0.747214,0.3125
20720000,8926.616983,3616,204,0.751125,0.3047
20722000,10995.201290,3595,215,0.883353,0.3047
20724000,6447.488831,3610,203,0.453047,0.2656
20726000,7672.531750,3575,208,0.475312,0.3359
20728000,9076.111332,3570,223,0.752294,0.2891
20730000,8159.605513,3566,226,0.680053,0.3203
20732000,9531.818834,3552,239,0.594241,0.3047
20734000,10678.850401,3580,223,0.820393,0.3594
20736000,10598.374053,3614,226,0.822385,0.2344
20738000,10655.332994,3625,211,0.791758,0.2500
20740000,11396.849256,3627,217,0.784261,0.2891
20742000,9616.333222,3612,201,0.538341,0.2578
20744000,10020.763839,3625,187,0.559228,0.2422
20746000,7890.135302,3639,195,0.435232,0.3047
20748000,7920.617892,3601,227,0.437275,0.2500
20750000,7725.934147,3583,236,0.541708,0.3594
20752000,7743.248421,3572,239,0.540452,0.2891
20754000,4327.903084,3544,227,0.079561,0.2969
20756000,4347.221583,3547,213,0.080389,0.2578
20758000,7711.001303,3531,240,0.530155,0.4141
20760000,7736.695517,3537,233,0.522431,0.3750
20762000,7744.474511,3548,240,0.523103,0.3672
20764000,4770.815360,3555,233,0.136540,0.2422
20766000,7555.190669,3561,250,0.541580,0.2812
20768000,4037.951626,3567,247,0.282867,0.3984
20770000,4023.934865,3569,231,0.306736,0.2969
20772000,3951.968965,3552,233,0.011698,0.2344
20774000,7809.963935,3548,241,0.734215,0.2734
20776000,5293.293067,3551,240,0.223129,0.2344
20778000,4883.905765,3515,244,0.150352,0.3906
20780000,4918.003688,3519,227,0.164304,0.3047
20782000,7812.692846,3522,234,0.547744,0.2891
20784000,7811.455203,3534,210,0.566069,0.2734
20786000,8147.494079,3547,227,0.549806,0.3203
20788000,8266.365919,3564,225,0.592095,0.2422
20790000,7237.690806,3586,222,0.369738,0.2812
20792000,6311.125986,3600,210,0.252560,0.2578
20794000,6082.878839,3574,230,0.240458,0.2734
20796000,9306.418386,3605,209,0.709383,0.2344
20798000,8557.762131,3596,215,0.506523,0.2266
20800000,7606.724026,3587,218,0.439173,0.2969
20802000,6216.838403,3583,227,0.611369,0.3438
20804000,6435.352722,3589,213,0.645147,0.2734
20806000,7054.753064,3553,214,0.736878,0.2891
20808000,7036.992046,3540,232,0.712942,0.3594
20810000,6962.455874,3563,227,0.698299,0.3750
20812000,6949.616084,3546,237,0.599189,0.2578
20814000,6322.329918,3543,228,0.216305,0.2891
20816000,6196.866562,3528,237,0.283159,0.2891
20818000,6514.117034,3526,248,0.225901,0.3438
20820000,7314.842335,3530,241,0.517234,0.2812
20822000,6598.395086,3534,243,0.431318,0.3359
20824000,6540.409477,3561,227,0.529895,0.3984
20826000,6713.201552,3551,236,0.423735,0.3125
20828000,5171.652092,3541,246,0.219377,0.2656
20830000,5748.047933,3570,244,0.269493,0.3438
20832000,5370.627125,3572,231,0.125876,0.2891
20834000,4641.136229,3554,250,0.126776,0.3047
20836000,4094.407265,3553,246,0.132612,0.3438
20838000,6190.473526,3547,230,0.297933,0.3672
20840000,6136.842754,3550,240,0.301719,0.2578
20842000,4141.533288,3587,217,0.081572,0.3047
20844000,4135.967962,3577,221,0.094618,0.2812
20846000,4104.659979,3583,233,0.098789,0.3281
20848000,4078.629985,3589,232,0.098389,0.3047
20850000,4033.149357,3620,221,0.095163,0.3359
20852000,4262.689111,3638,218,0.123364,0.2500
20854000,4573.452648,3638,223,0.084475,0.3203
20856000,7166.215786,3634,225,0.585083,0.3125
20858000,7096.606392,3612,239,0.606611,0.2812
20860000,6717.420630,3601,237,0.565068,0.3516
20862000,5666.164059,3633,215,0.461181,0.2500
20864000,5610.230903,3608,215,0.444041,0.3047
20866000,5652.892299,3598,233,0.447742,0.2969
20868000,5610.515882,3605,225,0.426262,0.2500
20870000,5784.734719,3619,207,0.511463,0.2422
20872000,6097.917186,3622,201,0.483375,0.2500
20874000,5595.011021,3647,192,0.493079,0.3047
20876000,5608.211883,3659,190,0.491681,0.2891
20878000,5497.520129,3680,180,0.403425,0.2422
20880000,5189.582178,3670,176,0.368204,0.2891
20882000,5142.031097,3652,193,0.331421,0.2266
20884000,4908.464049,3636,206,0.305070,0.3047
20886000,4888.842220,3626,212,0.294498,0.2344
20888000,5679.202079,3653,193,0.657100,0.3359
20890000,4815.368738,3656,195,0.530600,0.2812
20892000,4749.047121,3667,194,0.503741,0.2344
20894000,6305.424986,3651,194,0.331274,0.2656
20896000,4028.311841,3643,199,0.009802,0.3047
20898000,4755.262734,3645,199,0.099379,0.2891
20900000,8600.705797,3651,210,0.725769,0.2891
20902000,7772.735797,3653,218,0.692963,0.3125
20904000,7715.750279,3632,213,0.690362,0.2344
20906000,6567.790193,3611,225,0.617385,0.3125
20908000,6503.546404,3627,214,0.637620,0.3359
20910000,8686.536752,3632,225,0.809853,0.2344
20912000,8587.712018,3623,222,0.765465,0.3438
20914000,5230.352724,3617,211,0.355880,0.2578
20916000,5087.394194,3619,198,0.349989,0.3281
20918000,7092.858083,3594,216,0.572164,0.3281
20920000,6584.267128,3593,221,0.467361,0.3438
20922000,8671.656394,3566,255,0.630630,0.3281
20924000,8642.028366,3590,256,0.625963,0.3516
20926000,6076.476798,3613,226,0.504222,0.3438
20928000,5844.826216,3587,249,0.311621,0.2891
20930000,5735.818181,3611,228,0.294004,0.2422
20932000,5583.579781,3642,227,0.314229,0.2812
20934000,5648.517677,3649,212,0.326384,0.2578
20936000,5436.436202,3622,217,0.401988,0.2656
20938000,5403.708669,3598,208,0.411239,0.3281
20940000,5321.425146,3595,214,0.518027,0.3203
20942000,6228.328536,3617,215,0.364148,0.2734
20944000,6815.965071,3655,206,0.440754,0.2891
20946000,7281.271228,3651,197,0.435882,0.3047
20948000,11257.492097,3641,217,0.892661,0.3047
20950000,11306.640134,3628,206,0.889069,0.2656
20952000,11226.767869,3601,238,0.841645,0.2812
20954000,8156.626145,3582,246,0.451784,0.3672
20956000,8259.076280,3600,230,0.489292,0.2969
20958000,6956.250414,3573,245,0.342773,0.3047
20960000,6994.475431,3572,234,0.348046,0.2266
20962000,6075.497957,3548,229,0.372645,0.3281
20964000,9937.057298,3532,235,0.794463,0.3438
20966000,7731.356217,3579,222,0.702141,0.3203
20968000,8409.990294,3624,219,0.705283,0.2734
20970000,10572.277441,3657,200,0.797940,0.2734
20972000,9415.686417,3661,191,0.578877,0.2734
20974000,6262.329524,3653,211,0.475007,0.3984
20976000,7010.946477,3641,220,0.584496,0.3438
20978000,7021.022084,3640,216,0.547218,0.2344
20980000,7924.676927,3644,192,0.644870,0.3281
20982000,7887.709501,3676,199,0.639283,0.2188
20984000,7861.224664,3682,183,0.643706,0.2969
20986000,7286.042074,3671,170,0.631265,0.2344
20988000,8463.306078,3663,188,0.782041,0.2266
20990000,6236.602802,3683,185,0.450322,0.2266
20992000,6224.772723,3673,196,0.442076,0.2578
20994000,5461.687517,3652,213,0.306092,0.3125
20996000,5477.186972,3638,220,0.313000,0.2656
20998000,5528.515188,3609,227,0.310072,0.3281
21000000,5047.124599,3637,208,0.264904,0.2500
21002000,4809.115648,3663,201,0.351015,0.3125
21004000,4624.991496,3635,208,0.245105,0.2578
21006000,4834.675422,3644,198,0.275030,0.2891
21008000,4347.682102,3613,215,0.305760,0.2734
21010000,6215.588799,3622,214,0.666084,0.2812
21012000,6184.290557,3631,224,0.674182,0.2734
21014000,7548.566899,3601,221,0.829062,0.3047
21016000,7590.488375,3612,231,0.839276,0.2344
21018000,7528.567719,3607,214,0.834071,0.3516
21020000,7656.980179,3617,208,0.838155,0.3594
21022000,7532.120802,3619,214,0.798732,0.2891
21024000,8060.193738,3618,215,0.760251,0.3438
21026000,9331.594327,3634,202,0.730560,0.2422
21028000,4675.255304,3628,195,0.343251,0.3125
21030000,4821.907593,3657,182,0.429205,0.2812
21032000,5129.193044,3657,179,0.430435,0.3047
21034000,5210.094355,3658,198,0.420179,0.2266
21036000,3974.596998,3640,223,0.147973,0.2812
21038000,3992.380689,3608,221,0.392467,0.2812
21040000,3933.398975,3592,240,0.260360,0.3828
21042000,3924.036722,3576,251,0.258714,0.2812
21044000,3903.639706,3575,260,0.253567,0.2969
21046000,3644.105433,3589,241,0.224435,0.2500
21048000,3736.581674,3581,229,0.162084,0.3203
21050000,4737.836344,3612,233,0.403540,0.2500
21052000,3595.030391,3582,233,0.224131,0.3359
21054000,4250.728833,3572,243,0.202188,0.2891
21056000,4893.535180,3538,258,0.043536,0.2734
21058000,4774.030085,3563,246,0.131171,0.2812
21060000,4702.952941,3598,227,0.189815,0.2344
21062000,4126.098278,3570,217,0.093824,0.3125
21064000,4157.284573,3576,229,0.094771,0.2500
21066000,4968.959173,3574,229,0.407376,0.2266
21068000,8637.843113,3599,217,0.640490,0.2734
21070000,4873.207149,3589,232,0.228889,0.2734
21072000,5215.740404,3641,198,0.256586,0.2969
21074000,7076.730421,3636,202,0.461893,0.2578
21076000,6731.447233,3635,203,0.578509,0.3516
21078000,7878.501637,3631,200,0.617870,0.3047
21080000,7863.765738,3616,207,0.503364,0.2891
21082000,8801.901379,3635,200,0.738829,0.2812
21084000,9074.462733,3632,203,0.747483,0.2969
21086000,8949.781995,3624,220,0.744379,0.2266
21088000,6363.309569,3617,218,0.495361,0.2734
21090000,7738.145826,3629,213,0.517400,0.2656
21092000,7519.920904,3638,220,0.387840,0.2422
21094000,8476.627804,3644,197,0.674854,0.2891
21096000,5106.141605,3655,193,0.070040,0.3203
21098000,4579.650923,3629,212,0.038813,0.2500
21100000,4486.994418,3616,202,0.027698,0.2031
21102000,4525.061941,3600,200,0.027738,0.3047
21104000,3885.288517,3614,208,0.163785,0.2656
21106000,3914.407986,3631,188,0.163687,0.2734
21108000,4404.290554,3617,186,0.229490,0.2578
21110000,4433.749385,3592,205,0.331431,0.2891
21112000,4430.949459,3590,214,0.342867,0.3516
21114000,4823.722236,3603,198,0.476320,0.3359
21116000,4573.694900,3603,190,0.433517,0.2812
21118000,4618.845157,3577,217,0.500474,0.3281
21120000,4589.371531,3569,224,0.500323,0.3359
21122000,4656.741884,3555,228,0.499966,0.3047
21124000,4718.139172,3572,212,0.510539,0.2578
21126000,4762.033821,3552,236,0.508493,0.3359
21128000,4483.009126,3582,220,0.471032,0.3047
21130000,4517.669650,3563,221,0.489648,0.2500
21132000,6710.183737,3564,201,0.683617,0.2891
21134000,6683.688230,3570,194,0.701213,0.2969
21136000,6794.492024,3555,221,0.671553,0.2969
21138000,6208.529679,3557,237,0.323235,0.2344
21140000,5306.260433,3539,248,0.188946,0.3047
21142000,6578.286865,3564,241,0.559442,0.2344
21144000,6682.421437,3573,226,0.223769,0.3203
21146000,4082.408871,3550,249,0.046386,0.3047
21148000,4133.855960,3560,208,0.050771,0.2812
21150000,4141.037974,3584,206,0.048202,0.2734
21152000,4152.311480,3577,214,0.045381,0.2969
21154000,4226.907120,3614,214,0.055444,0.3203
21156000,6553.892317,3605,199,0.277716,0.3281
21158000,6562.774874,3608,200,0.245903,0.2734
21160000,6508.727008,3606,219,0.263531,0.2266
21162000,6563.300972,3603,216,0.288773,0.3438
21164000,5666.608982,3605,215,0.369492,0.2500
21166000,6525.560485,3614,224,0.517587,0.3594
21168000,8332.649959,3598,218,0.687746,0.2734
21170000,4367.256666,3571,219,0.114699,0.2656
21172000,4292.887716,3582,209,0.112959,0.3359
21174000,4503.967261,3564,207,0.074324,0.2969
21176000,8264.909241,3566,217,0.652863,0.2969
21178000,8009.928329,3568,217,0.683490,0.2969
21180000,6605.860859,3584,221,0.417831,0.2578
21182000,5639.082276,3567,224,0.318329,0.2578
21184000,5607.214873,3594,207,0.316321,0.2969
21186000,5558.119685,3595,208,0.306334,0.3672
21188000,5565.270778,3575,210,0.296282,0.3047
21190000,5503.723119,3596,187,0.298785,0.3203
21192000,5510.700300,3562,221,0.295376,0.3359
21194000,8140.787978,3584,213,0.713016,0.2734
21196000,8382.151822,3578,217,0.636976,0.2266
21198000,7627.377957,3596,218,0.427956,0.3047
21200000,7675.709493,3611,231,0.520429,0.3594
21202000,7581.116072,3610,229,0.563240,0.2734
21204000,7336.403461,3597,223,0.542623,0.3281
21206000,7732.954877,3600,237,0.661705,0.3203
21208000,8472.874416,3612,222,0.716018,0.3047
21210000,6194.125706,3633,209,0.204596,0.2344
21212000,6195.555054,3623,200,0.209161,0.2578
21214000,8850.296333,3614,224,0.805827,0.2031
21216000,6049.270351,3620,217,0.157452,0.2812
21218000,6176.006970,3637,208,0.133458,0.3438
21220000,7983.498016,3629,214,0.632157,0.3125
21222000,8389.483919,3604,226,0.620442,0.3047
21224000,8437.117551,3601,226,0.625684,0.2500
21226000,8471.793606,3616,196,0.615806,0.2578
21228000,8618.972895,3604,201,0.617015,0.2734
21230000,8226.600532,3588,200,0.659894,0.2891
21232000,8264.800615,3578,218,0.654061,0.2969
21234000,7309.351079,3581,209,0.582293,0.2656
21236000,7272.171893,3588,223,0.568832,0.2734
21238000,7363.432396,3559,232,0.517049,0.4141
21240000,7345.881428,3549,231,0.516910,0.2500
21242000,7363.830208,3560,236,0.499782,0.3047
21244000,6765.474852,3547,246,0.625482,0.3125
21246000,7690.843680,3555,254,0.725416,0.3516
21248000,6631.258811,3565,267,0.570158,0.3047
21250000,5334.093928,3600,250,0.238771,0.2578
21252000,5358.874488,3583,239,0.236900,0.3438
21254000,6248.820435,3599,223,0.408137,0.2891
21256000,6322.818194,3589,239,0.713094,0.2891
21258000,6007.080330,3586,231,0.706532,0.3516
21260000,6195.968253,3584,224,0.688991,0.3047
21262000,6694.047757,3590,228,0.698222,0.2656
21264000,6325.528984,3566,241,0.717578,0.2812
21266000,6225.345796,3569,249,0.713302,0.3828
21268000,5740.283476,3575,237,0.735979,0.3359
21270000,5746.777021,3594,224,0.736535,0.3359
21272000,4741.859535,3599,225,0.519215,0.2812
21274000,5180.277300,3600,216,0.598091,0.2812
21276000,5570.950478,3603,204,0.682102,0.2656
21278000,5986.592468,3578,217,0.716682,0.2656
21280000,5698.348370,3575,238,0.681605,0.3984
21282000,3900.504815,3584,220,0.407937,0.2578
21284000,3936.791086,3596,215,0.421466,0.2578
21286000,3647.138871,3597,223,0.251555,0.3359
21288000,5066.382253,3607,216,0.402820,0.2891
21290000,5015.172164,3591,235,0.409945,0.3359
21292000,4226.172718,3618,230,0.312291,0.2891
21294000,4227.886423,3602,241,0.304244,0.2969
21296000,4218.516152,3589,239,0.294999,0.3125
21298000,4004.414615,3569,228,0.248524,0.2734
21300000,3983.459524,3553,235,0.248041,0.2812
21302000,4527.066756,3550,254,0.379310,0.2812
21304000,4493.135586,3568,241,0.373404,0.3672
21306000,4386.531286,3579,219,0.454457,0.3359
21308000,4186.778226,3575,224,0.384430,0.3438
21310000,4313.534677,3585,214,0.330153,0.2656
21312000,4334.806896,3580,211,0.332814,0.2422
21314000,4437.167186,3589,213,0.335336,0.3828
21316000,4424.588725,3607,210,0.339375,0.3516
21318000,4388.319679,3621,218,0.346242,0.3047
21320000,4512.246435,3596,210,0.419711,0.3047
21322000,6095.697743,3605,224,0.748933,0.2500
21324000,6157.826737,3615,195,0.746182,0.3281
21326000,5358.457126,3605,211,0.506935,0.3438
21328000,5611.672923,3604,199,0.560094,0.2891
21330000,5354.108072,3597,211,0.578682,0.3125
21332000,5346.181266,3606,204,0.347602,0.3125
21334000,6962.684978,3601,212,0.802239,0.2734
21336000,7185.446783,3624,208,0.824535,0.2578
21338000,7175.159087,3600,217,0.801870,0.1875
21340000,6249.564615,3583,201,0.540185,0.2656
21342000,5465.909462,3558,216,0.396056,0.1797
21344000,5462.888905,3542,227,0.586519,0.3672
21346000,5557.631563,3562,221,0.588652,0.3516
21348000,7194.296745,3546,238,0.772090,0.2578
21350000,7258.779959,3557,226,0.772969,0.2734
21352000,6981.200309,3553,223,0.774103,0.2969
21354000,7050.987855,3554,226,0.771256,0.3125
21356000,6959.704833,3552,203,0.772963,0.3672
21358000,4096.748461,3588,186,0.315359,0.3047
21360000,4265.300989,3614,190,0.351339,0.1719
21362000,6065.408639,3582,211,0.353880,0.3281
21364000,5932.651747,3558,228,0.347839,0.2969
21366000,5611.489764,3571,213,0.287676,0.3125
21368000,5489.564622,3568,228,0.385036,0.3359
21370000,5230.371417,3574,221,0.231889,0.2812
21372000,5464.365129,3563,227,0.430588,0.2734
21374000,5419.170639,3558,227,0.430606,0.3203
21376000,5513.836409,3601,220,0.446257,0.3125
21378000,5475.587857,3594,211,0.270290,0.3125
21380000,6706.498662,3595,209,0.490934,0.2656
21382000,6682.835468,3572,223,0.486225,0.2969
21384000,6571.165864,3589,229,0.354218,0.3125
21386000,7715.264150,3607,217,0.625778,0.3281
21388000,7441.854069,3607,214,0.611444,0.3359
21390000,7023.712566,3636,195,0.569236,0.2422
21392000,7263.374599,3597,204,0.620006,0.3281
21394000,7961.408617,3618,208,0.717579,0.2344
21396000,8331.966352,3596,218,0.408991,0.3203
21398000,8514.000306,3619,217,0.410961,0.3281
21400000,8763.888579,3614,205,0.454939,0.3750
21402000,9508.405565,3633,212,0.692960,0.3281
21404000,8265.619947,3620,214,0.771080,0.3359
21406000,8273.849748,3604,214,0.774680,0.2734
21408000,7948.514466,3622,210,0.807981,0.3047
21410000,7720.569141,3617,216,0.770687,0.3125
21412000,7354.986434,3593,234,0.576832,0.2578
21414000,7008.982346,3587,246,0.739202,0.3672
21416000,7502.599950,3569,225,0.559567,0.2969
21418000,7270.391476,3598,210,0.609159,0.3281
21420000,7339.043153,3598,217,0.569065,0.2500
21422000,7609.386398,3595,224,0.708407,0.2734
21424000,7603.103437,3603,218,0.690257,0.3438
21426000,7807.248906,3616,220,0.609204,0.3047
21428000,7704.485326,3590,228,0.606133,0.2969
21430000,7191.029821,3580,226,0.505214,0.3828
21432000,6292.905163,3597,233,0.343506,0.2891
21434000,6420.629058,3593,218,0.295147,0.3438
21436000,6202.328159,3603,219,0.252862,0.2734
21438000,8022.755761,3597,216,0.761781,0.3047
21440000,6439.155944,3594,238,0.356598,0.2969
21442000,6278.011929,3577,228,0.355147,0.3047
21444000,7628.972583,3608,219,0.495412,0.2344
21446000,7728.199084,3610,195,0.596917,0.3203
21448000,7642.557965,3625,210,0.598090,0.2812
21450000,7164.450245,3614,215,0.597781,0.2656
21452000,7069.611000,3610,219,0.376190,0.2812
21454000,6412.786624,3632,226,0.565506,0.2734
21456000,6362.425477,3646,214,0.561413,0.2812
21458000,6374.412000,3635,212,0.555823,0.2578
21460000,6181.390707,3623,224,0.620588,0.2578
21462000,6228.914529,3621,215,0.558484,0.3125
21464000,6141.279083,3601,221,0.581221,0.3516
21466000,4801.969381,3601,213,0.201574,0.2422
21468000,5520.379794,3572,227,0.129701,0.2812
21470000,6645.579033,3586,224,0.593292,0.3047
21472000,5823.640166,3575,221,0.120730,0.3047
21474000,5766.650979,3577,230,0.112729,0.3359
21476000,5815.030386,3577,219,0.152433,0.2812
21478000,4713.001163,3583,207,0.014002,0.4453
21480000,4716.745776,3537,229,0.014007,0.2266
21482000,3927.468837,3535,242,0.066861,0.3281
21484000,3916.343529,3532,231,0.045213,0.2031
21486000,4965.991209,3546,231,0.210870,0.2734
21488000,4825.731134,3568,218,0.167114,0.3047
21490000,4585.310582,3552,224,0.260083,0.3281
21492000,3616.197854,3557,230,0.128329,0.2891
21494000,3618.717684,3556,248,0.106650,0.2969
21496000,4170.494077,3589,217,0.325455,0.3203
21498000,4634.460120,3606,212,0.327613,0.2812
21500000,4424.911599,3605,222,0.386547,0.2422
21502000,4428.100452,3608,227,0.389508,0.2891
21504000,4410.809447,3615,205,0.400264,0.2266
21506000,4689.536433,3621,204,0.361690,0.3281
21508000,4740.656227,3655,200,0.364063,0.2734
21510000,4820.263996,3633,208,0.384069,0.3203
21512000,4780.001580,3644,199,0.379097,0.2266
21514000,4891.868092,3611,217,0.398911,0.3125
21516000,5174.384033,3636,184,0.446717,0.2891
21518000,5186.373704,3590,188,0.428266,0.2969
21520000,5170.182305,3606,184,0.433008,0.2500
21522000,6359.800893,3607,208,0.610860,0.2969
21524000,6421.527797,3625,214,0.541163,0.2734
21526000,5386.097098,3613,208,0.110258,0.2656
21528000,6669.344309,3616,204,0.574678,0.2891
21530000,6676.184210,3597,197,0.588804,0.3594
21532000,6622.647729,3607,192,0.544998,0.3906
21534000,6773.471173,3608,210,0.439409,0.3281
21536000,6519.955623,3596,230,0.499360,0.3047
21538000,6440.258025,3585,215,0.506059,0.2344
21540000,5483.590426,3599,214,0.179952,0.3281
21542000,5585.139656,3591,226,0.167596,0.2891
21544000,5614.728546,3587,225,0.167027,0.3281
21546000,5629.548490,3583,214,0.249059,0.3438
21548000,6151.675006,3599,226,0.229633,0.3203
21550000,5680.108755,3584,238,0.262723,0.2422
21552000,6123.200892,3579,227,0.412485,0.3125
21554000,4884.424066,3579,233,0.117480,0.3203
21556000,5116.502837,3599,212,0.615365,0.3281
21558000,5118.799773,3588,218,0.583144,0.2422
21560000,5399.248666,3568,236,0.629133,0.3281
21562000,5917.417098,3570,226,0.424528,0.2578
21564000,5917.687367,3562,226,0.420706,0.3359
21566000,5209.480517,3554,242,0.187746,0.2422
21568000,5742.485212,3551,254,0.136692,0.3359
21570000,5681.618878,3583,237,0.150535,0.2578
21572000,5645.301166,3602,226,0.139639,0.2344
21574000,4804.089917,3600,218,0.046298,0.2500
21576000,4083.487979,3585,227,0.268222,0.2500
21578000,4104.359247,3562,226,0.282921,0.4062
21580000,3990.775255,3572,217,0.298652,0.2891
21582000,5285.718306,3566,224,0.306901,0.3047
21584000,6198.039097,3563,210,0.549278,0.2969
21586000,5357.931139,3555,220,0.457066,0.2969
21588000,5500.762891,3546,228,0.447398,0.3672
21590000,5069.996134,3569,215,0.341666,0.2266
21592000,6177.157000,3573,228,0.542543,0.2812
21594000,5415.094538,3575,219,0.442447,0.2656
21596000,5345.689572,3571,216,0.469769,0.2656
21598000,5837.021309,3598,219,0.632138,0.3359
21600000,5241.029861,3568,212,0.713311,0.3594
21602000,5251.918625,3562,213,0.704986,0.2734
21604000,5212.700890,3565,209,0.711479,0.2344
21606000,5205.411726,3589,202,0.712791,0.3125
21608000,5386.507064,3588,208,0.662379,0.3047
21610000,3684.481872,3561,219,0.459789,0.3750
21612000,3660.056245,3549,220,0.439981,0.2656
21614000,6251.789946,3554,231,0.642622,0.2266
21616000,5956.125381,3560,230,0.630611,0.2109
21618000,5967.661802,3581,234,0.636727,0.2812
21620000,6156.872037,3544,223,0.572249,0.3750
21622000,5686.948950,3551,216,0.450707,0.3516
21624000,5791.321132,3518,226,0.501189,0.2734
21626000,5752.550592,3548,213,0.496936,0.3359
21628000,5734.340493,3550,212,0.491901,0.3281
21630000,5678.826763,3558,218,0.512759,0.2969
21632000,5778.941665,3536,252,0.493616,0.2812
21634000,5765.457062,3546,244,0.496181,0.2891
21636000,6001.956832,3526,247,0.530967,0.3672
21638000,6116.434102,3570,230,0.472683,0.3125
21640000,5685.774634,3579,235,0.431956,0.2812
21642000,6119.762426,3608,217,0.473776,0.3438
21644000,6257.016819,3608,215,0.502194,0.3438
21646000,6799.566180,3634,209,0.545353,0.2031
21648000,6872.279675,3631,203,0.566048,0.2500
21650000,6740.397426,3624,196,0.525437,0.2734
21652000,5517.316878,3619,214,0.366321,0.2734
21654000,3934.258522,3605,227,0.167284,0.3125
21656000,3895.513771,3614,231,0.147673,0.2578
21658000,4121.503588,3590,230,0.181287,0.3125
21660000,3580.704664,3604,201,0.075878,0.2812
21662000,3762.692408,3584,212,0.179434,0.2656
21664000,3984.633907,3567,232,0.325969,0.3047
21666000,4862.278277,3579,236,0.201681,0.3125
21668000,4798.704405,3630,210,0.261230,0.2578
21670000,5025.296999,3632,210,0.293710,0.3906
21672000,5277.442586,3620,205,0.322351,0.3906
21674000,4680.979415,3637,187,0.292041,0.2422
21676000,4675.235327,3619,203,0.277837,0.3594
21678000,4904.983668,3664,194,0.266752,0.3281
21680000,4944.912531,3632,190,0.290610,0.2422
21682000,4934.416322,3622,191,0.286331,0.2500
21684000,4934.485319,3601,209,0.294300,0.2578
21686000,4598.055345,3612,212,0.250007,0.2109
21688000,4511.298666,3627,198,0.218522,0.3281
21690000,5220.975178,3609,196,0.656582,0.3672
21692000,3967.723588,3580,211,0.130066,0.2891
21694000,3963.249853,3576,209,0.133009,0.2734
21696000,4172.732744,3571,219,0.154454,0.3281
21698000,4700.429957,3592,220,0.181680,0.3047
21700000,4024.850042,3607,226,0.089778,0.2891
21702000,4551.514608,3601,221,0.253642,0.2656
21704000,3830.508218,3596,216,0.141305,0.3203
21706000,3875.705284,3605,216,0.092250,0.2891
21708000,3807.920843,3584,221,0.073355,0.2812
21710000,3862.600098,3590,218,0.076951,0.2734
21712000,3872.626647,3605,213,0.088889,0.3047
21714000,3474.196097,3595,208,0.077854,0.2500
21716000,3471.005594,3605,201,0.076370,0.2734
21718000,6842.328306,3596,197,0.513477,0.3125
21720000,6789.380874,3595,192,0.513202,0.2188
21722000,5404.031528,3615,193,0.006603,0.3594
21724000,4148.673990,3634,197,0.049883,0.2656
21726000,4016.442724,3625,216,0.044512,0.2578
21728000,6665.864790,3638,210,0.214298,0.3281
21730000,6988.959749,3633,204,0.181689,0.2656
21732000,7082.948198,3650,192,0.188466,0.2344
21734000,6908.069640,3619,213,0.253125,0.3281
21736000,6693.389995,3614,227,0.102138,0.3203
21738000,6629.278389,3612,229,0.056950,0.2812
21740000,6215.399535,3604,215,0.371805,0.2500
21742000,6341.723698,3600,204,0.276884,0.2266
21744000,6633.772490,3582,222,0.176568,0.2578
21746000,6291.330580,3560,219,0.147126,0.2969
21748000,6004.461978,3548,250,0.116284,0.3203
21750000,7858.647245,3582,222,0.655421,0.2578
21752000,5188.744976,3577,205,0.415842,0.3203
21754000,6793.346559,3571,229,0.581071,0.2656
21756000,6765.916559,3603,215,0.585936,0.2656
21758000,5157.988783,3588,213,0.469932,0.3359
21760000,3937.148347,3596,216,0.390137,0.3047
21762000,3917.173839,3611,219,0.362653,0.2344
21764000,4218.795212,3616,202,0.185982,0.2891
21766000,4215.513536,3612,200,0.184230,0.3203
21768000,3918.159339,3585,211,0.072395,0.3203
21770000,4093.593037,3560,219,0.422090,0.2969
21772000,4083.548090,3527,240,0.425341,0.3359
21774000,4412.018185,3546,232,0.181148,0.2969
21776000,5591.944576,3559,221,0.454174,0.3203
21778000,5519.013434,3550,231,0.503880,0.3125
21780000,4625.865567,3543,244,0.424184,0.4297
21782000,3728.102032,3559,251,0.139456,0.3125
21784000,3656.785591,3590,225,0.129591,0.2656
21786000,3703.418132,3566,228,0.147739,0.2422
21788000,3745.937303,3567,231,0.173216,0.3047
21790000,3754.817752,3554,231,0.173134,0.3047
21792000,3355.441516,3572,221,0.149011,0.3359
21794000,3388.768258,3549,227,0.156937,0.3047
21796000,3406.915887,3564,211,0.171443,0.3359
21798000,3422.103671,3558,224,0.160785,0.2344
21800000,3422.662202,3554,236,0.153885,0.2734
21802000,3437.160462,3531,244,0.148770,0.3047
21804000,3444.203518,3538,230,0.148874,0.2500
21806000,5262.521495,3552,214,0.466793,0.2578
21808000,3984.183441,3537,230,0.192249,0.3047
21810000,5512.690219,3544,227,0.301972,0.3125
21812000,5497.858676,3518,239,0.304463,0.2812
21814000,5323.367812,3553,246,0.284546,0.3047
21816000,4754.846357,3593,233,0.179107,0.2812
21818000,4998.548764,3573,221,0.224226,0.2031
21820000,4505.861558,3583,204,0.310210,0.2422
21822000,4581.930727,3544,226,0.322170,0.2656
21824000,4523.273613,3557,224,0.331617,0.3281
21826000,5308.103691,3568,204,0.467542,0.2500
21828000,6376.183773,3578,211,0.624320,0.3203
21830000,6274.439262,3589,196,0.621466,0.2969
21832000,6278.858425,3580,205,0.622233,0.2422
21834000,6293.145494,3587,193,0.623101,0.3047
21836000,6229.679705,3587,188,0.627057,0.2734
21838000,5952.733381,3575,204,0.532792,0.2734
21840000,5949.105568,3568,212,0.531894,0.3281
21842000,4435.912121,3558,232,0.505376,0.3438
21844000,4809.051074,3561,226,0.453297,0.2734
21846000,5967.876402,3574,207,0.624789,0.2734
21848000,6054.858603,3560,213,0.630718,0.3203
21850000,8070.067412,3596,206,0.754131,0.2578
21852000,5866.634366,3584,206,0.602990,0.2656
21854000,5699.187252,3604,212,0.514184,0.3125
21856000,7488.208710,3625,200,0.751278,0.2656
21858000,7500.263015,3623,200,0.766489,0.3203
21860000,5081.871379,3589,213,0.512771,0.3125
21862000,5055.837453,3595,202,0.452752,0.2266
21864000,5043.461989,3581,206,0.407491,0.2812
21866000,6020.249520,3611,185,0.562404,0.3125
21868000,4278.354505,3599,205,0.071386,0.3047
21870000,4337.482462,3607,206,0.145812,0.2344
21872000,3959.968810,3586,215,0.226241,0.3672
21874000,3967.785438,3592,218,0.228956,0.2734
21876000,3892.377471,3579,224,0.212997,0.3203
21878000,4996.247868,3574,218,0.377449,0.3438
21880000,5808.600328,3573,207,0.469256,0.2656
21882000,3982.200490,3568,204,0.229018,0.2656
21884000,6112.424929,3558,212,0.495628,0.3281
21886000,6118.412195,3581,204,0.502604,0.2891
21888000,5864.407695,3585,199,0.445870,0.2578
21890000,5828.136555,3584,217,0.447253,0.2578
21892000,5859.584342,3598,211,0.448490,0.3359
21894000,5911.372906,3588,204,0.454079,0.2891
21896000,5871.820437,3602,209,0.457358,0.1797
21898000,5307.368923,3611,208,0.255691,0.2422
21900000,5299.414396,3601,211,0.246434,0.3438
21902000,5147.880995,3582,227,0.251226,0.2656
21904000,4998.539692,3561,226,0.377836,0.2812
21906000,5411.537720,3574,208,0.472296,0.2812
21908000,5441.003719,3589,204,0.473049,0.2578
21910000,5861.068541,3590,197,0.470029,0.2969
21912000,5857.034541,3579,201,0.464161,0.2969
21914000,5395.434406,3576,206,0.347544,0.2891
21916000,5352.337178,3560,226,0.345449,0.2500
21918000,5429.105491,3560,211,0.345687,0.2578
21920000,5412.721149,3589,196,0.343304,0.2266
21922000,6136.279034,3574,217,0.607173,0.3203
21924000,4866.065304,3571,229,0.278967,0.3281
21926000,4888.859584,3611,200,0.297024,0.3359
21928000,4897.982963,3622,198,0.291654,0.3594
21930000,5058.201120,3632,192,0.304464,0.2578
21932000,5252.844637,3632,191,0.439318,0.2891
21934000,4807.271953,3612,200,0.279641,0.2656
21936000,4779.127528,3609,217,0.266297,0.2812
21938000,4053.880015,3634,195,0.113757,0.2734
21940000,5775.147780,3634,190,0.444619,0.2578
21942000,6690.790231,3620,196,0.565125,0.2578
21944000,5709.910968,3628,206,0.579773,0.3203
21946000,5766.340604,3619,180,0.583410,0.2656
21948000,5792.209731,3620,186,0.585860,0.2500
21950000,5482.231966,3615,184,0.556686,0.2656
21952000,5407.740161,3601,209,0.552400,0.3281
21954000,5642.423038,3612,209,0.564618,0.2656
21956000,5669.534773,3599,229,0.564836,0.2344
21958000,5616.278229,3621,214,0.577048,0.2578
21960000,5151.789998,3597,228,0.467883,0.2266
21962000,5038.185850,3609,236,0.466007,0.2344
21964000,5473.298709,3583,225,0.523031,0.2734
21966000,5906.984922,3592,229,0.547773,0.3281
21968000,5137.011367,3604,230,0.467746,0.3281
21970000,4203.236188,3620,218,0.256590,0.2891
21972000,4193.732462,3601,225,0.257315,0.2578
21974000,4225.626021,3591,218,0.259399,0.2969
21976000,4286.632602,3599,223,0.244578,0.3203
21978000,4296.868363,3567,238,0.257237,0.3438
21980000,4127.806916,3593,214,0.144015,0.2891
21982000,5719.483717,3593,212,0.596832,0.2656
21984000,5780.671802,3598,198,0.650329,0.3047
21986000,5146.550003,3577,221,0.484383,0.3281
21988000,5150.331994,3581,210,0.477904,0.3438
21990000,5238.274493,3587,210,0.554625,0.3359
21992000,5153.682923,3587,208,0.545899,0.2969
21994000,5876.884060,3617,188,0.574465,0.2422
21996000,5820.635953,3616,208,0.562829,0.2891
21998000,4981.919274,3638,210,0.555615,0.2656
22000000,5266.337500,3637,214,0.418458,0.2734
22002000,5070.965940,3626,195,0.372338,0.3125
22004000,5502.439632,3611,200,0.427518,0.3359
22006000,5792.893743,3598,218,0.557354,0.3047
22008000,5390.860051,3587,222,0.294943,0.3047
22010000,5699.925152,3600,214,0.395929,0.3984
22012000,5722.195044,3628,207,0.392421,0.3047
22014000,5763.275673,3631,210,0.379366,0.2031
22016000,5645.055168,3639,204,0.396660,0.2812
22018000,5792.549105,3627,198,0.580501,0.3047
22020000,5976.497822,3612,207,0.599820,0.2812
22022000,5933.948786,3590,217,0.594263,0.2188
22024000,5914.871408,3593,204,0.578373,0.2969
22026000,3711.834926,3595,218,0.359481,0.3750
22028000,3210.615594,3579,216,0.091152,0.2812
22030000,4560.186134,3584,221,0.176183,0.2578
22032000,4673.006784,3580,221,0.159696,0.2266
22034000,5065.526295,3597,232,0.260030,0.2969
22036000,5042.428775,3573,238,0.267017,0.3281
22038000,5465.663954,3590,227,0.420721,0.2969
22040000,5435.042101,3610,206,0.403714,0.2500
22042000,5451.158493,3604,208,0.396223,0.2812
22044000,5481.364162,3602,215,0.372212,0.2500
22046000,5503.120195,3583,228,0.370800,0.3125
22048000,5540.459513,3567,217,0.399736,0.3125
22050000,5507.126161,3554,230,0.399667,0.3672
22052000,5529.361698,3566,220,0.427486,0.3359
22054000,5485.115866,3584,201,0.397735,0.3672
22056000,5500.135809,3587,209,0.388464,0.3438
22058000,5398.469132,3562,228,0.374991,0.3438
22060000,5344.977705,3582,207,0.374764,0.2422
22062000,5327.742949,3583,209,0.363405,0.3281
22064000,5124.811862,3573,228,0.342987,0.3359
22066000,5147.589166,3578,213,0.358605,0.2578
22068000,4856.526835,3596,224,0.353622,0.2969
22070000,4203.886658,3598,208,0.149367,0.2734
22072000,4197.169210,3582,210,0.175397,0.3359
22074000,4268.809672,3614,203,0.168677,0.2969
22076000,4372.580346,3625,216,0.193550,0.2891
22078000,4375.039475,3645,205,0.191342,0.2734
22080000,4394.711249,3614,211,0.188936,0.3672
22082000,5352.262046,3605,212,0.323305,0.2500
22084000,4525.564257,3607,219,0.158246,0.3203
22086000,3313.484986,3629,221,0.157322,0.2969
22088000,3967.653361,3601,229,0.287540,0.3125
22090000,4262.324383,3597,212,0.248618,0.2500
22092000,4267.863706,3603,220,0.248217,0.2812
22094000,4252.299482,3612,216,0.467023,0.3672
22096000,4443.318693,3622,205,0.505574,0.2812
22098000,4475.501207,3635,205,0.500548,0.2891
22100000,4141.277920,3627,219,0.370385,0.2500
22102000,4969.468523,3576,247,0.542380,0.3672
22104000,4534.509003,3598,228,0.537572,0.3203
22106000,4745.061943,3609,237,0.560470,0.2422
22108000,4677.054852,3614,229,0.553524,0.3359
22110000,4433.082732,3646,213,0.482678,0.3203
22112000,4562.327386,3644,214,0.502613,0.2734
22114000,4606.998298,3630,219,0.521886,0.3359
22116000,4653.540344,3622,227,0.536097,0.2891
22118000,5522.471171,3593,234,0.587553,0.2891
22120000,5566.712986,3594,236,0.588459,0.2656
22122000,5751.492096,3603,229,0.561297,0.2031
22124000,5953.255471,3606,218,0.553976,0.2891
22126000,5803.677045,3611,207,0.539924,0.2812
22128000,5279.716307,3622,209,0.547530,0.2969
22130000,5579.479241,3620,205,0.654693,0.2188
22132000,5102.551819,3603,205,0.500076,0.3281
22134000,5111.830552,3612,205,0.503298,0.2969
22136000,5116.492667,3613,195,0.494611,0.3125
22138000,4904.714920,3603,206,0.493366,0.2656
22140000,4967.677007,3619,186,0.450219,0.2578
22142000,6435.866161,3592,211,0.695267,0.2969
22144000,6383.391794,3597,211,0.688346,0.2812
22146000,6687.776588,3598,209,0.720452,0.2969
22148000,7317.902199,3621,197,0.738461,0.3594
22150000,7358.001506,3604,215,0.738842,0.2891
22152000,6664.951575,3588,209,0.683479,0.2188
22154000,4040.771599,3611,196,0.224508,0.2422
22156000,4645.353929,3641,191,0.416804,0.3125
22158000,5036.532681,3625,200,0.464404,0.2734
22160000,6829.803420,3611,216,0.731940,0.2734
22162000,5116.357093,3597,211,0.593773,0.2891
22164000,5472.956920,3570,227,0.593144,0.3047
22166000,5682.160421,3566,228,0.608722,0.2578
22168000,5889.418220,3570,211,0.604204,0.3906
22170000,7653.534576,3552,218,0.831252,0.2891
22172000,7504.723068,3577,212,0.838096,0.3359
22174000,6608.929439,3569,201,0.588372,0.2734
22176000,6410.562735,3542,199,0.587951,0.3047
22178000,6647.718649,3537,203,0.617016,0.2734
22180000,7359.257864,3528,217,0.704758,0.2578
22182000,5131.645096,3525,212,0.603399,0.2891
22184000,5120.460087,3530,208,0.615426,0.2891
22186000,5074.343549,3525,223,0.613411,0.2344
22188000,5092.031697,3497,220,0.617148,0.3438
22190000,4982.480705,3482,251,0.519544,0.3125
22192000,5096.261586,3489,255,0.558264,0.3594
22194000,4853.893736,3531,218,0.573025,0.2812
22196000,5163.312776,3526,208,0.591599,0.2422
22198000,4241.106878,3513,238,0.046354,0.3125
22200000,4091.665797,3477,259,0.057461,0.3359
22202000,4111.646207,3508,230,0.053628,0.2500
22204000,4046.234033,3490,238,0.059683,0.2344
22206000,3851.674757,3494,260,0.212857,0.2812
22208000,3836.078805,3511,246,0.225559,0.2656
22210000,3821.753856,3504,257,0.220220,0.2656
22212000,3965.524709,3498,232,0.232792,0.3594
22214000,3987.298698,3495,250,0.271573,0.3672
22216000,6389.933014,3501,257,0.392453,0.3672
22218000,6354.006373,3521,235,0.394962,0.3594
22220000,6303.523427,3569,203,0.402236,0.2812
22222000,6039.526125,3580,207,0.349669,0.2031
22224000,5201.259345,3609,198,0.246761,0.2734
22226000,5156.938379,3594,206,0.249198,0.2969
22228000,5185.483919,3584,203,0.156383,0.4141
22230000,5379.486074,3564,213,0.112718,0.2969
22232000,5125.900218,3562,222,0.148255,0.3203
22234000,5051.645871,3571,230,0.155021,0.2969
22236000,5841.179778,3588,231,0.467707,0.3359
22238000,5969.255365,3586,203,0.500903,0.3516
22240000,4542.526093,3607,213,0.454734,0.2969
22242000,4042.877615,3614,215,0.248401,0.3516
22244000,4040.490692,3653,199,0.172729,0.2734
22246000,4082.005674,3639,213,0.280352,0.3359
22248000,3848.737980,3638,205,0.212978,0.3203
22250000,3884.959733,3631,216,0.105584,0.2656
22252000,3942.314435,3620,221,0.096757,0.2422
22254000,3389.018936,3628,204,0.009291,0.3047
22256000,3766.540330,3631,210,0.026966,0.3281
22258000,3940.213907,3644,200,0.063160,0.2500
22260000,4230.003700,3629,192,0.123040,0.3750
22262000,4201.122693,3637,194,0.102715,0.2422
22264000,5052.312854,3646,199,0.234239,0.3984
22266000,4740.083559,3618,208,0.344100,0.3438
22268000,4707.193791,3616,216,0.518632,0.3125
22270000,4836.915153,3594,214,0.475731,0.2969
22272000,4850.236119,3610,223,0.471204,0.3281
22274000,4811.476151,3619,216,0.452642,0.2891
22276000,3950.552340,3605,235,0.234309,0.3125
22278000,3991.984448,3587,231,0.237246,0.2266
22280000,3945.064078,3590,243,0.207015,0.3281
22282000,3899.244670,3576,253,0.204605,0.3203
22284000,3503.708896,3616,217,0.123542,0.2891
22286000,5797.901725,3632,198,0.474215,0.2734
22288000,3440.845447,3628,208,0.074862,0.3047
22290000,4040.704921,3626,212,0.348281,0.2656
22292000,4045.982428,3645,190,0.349489,0.3047
22294000,4156.350482,3636,199,0.380712,0.3438
22296000,3838.265883,3631,200,0.320264,0.2891
22298000,3785.704783,3595,217,0.311574,0.2422
22300000,3820.344741,3575,219,0.314767,0.4062
22302000,3654.998094,3604,208,0.231217,0.3594
22304000,3567.398790,3611,207,0.256739,0.2891
22306000,3618.835080,3590,228,0.267381,0.2812
22308000,3596.465564,3629,194,0.294241,0.2969
22310000,3526.627525,3603,215,0.291828,0.2656
22312000,4052.393509,3618,210,0.470452,0.2891
22314000,4108.348031,3604,222,0.475010,0.2734
22316000,4095.181302,3613,208,0.469719,0.2500
22318000,4136.051599,3612,195,0.475693,0.2891
22320000,3579.311153,3611,193,0.188960,0.3047
22322000,3595.979097,3591,219,0.153425,0.2656
22324000,3523.983832,3576,221,0.118600,0.3047
22326000,3521.506239,3585,233,0.119630,0.2656
22328000,3530.041485,3592,224,0.105752,0.2188
22330000,4482.567106,3600,216,0.561632,0.3047
22332000,4136.384105,3619,216,0.487654,0.2031
22334000,4176.717968,3622,213,0.477731,0.3047
22336000,4021.347423,3633,200,0.480443,0.3281
22338000,4040.518640,3650,193,0.450105,0.2422
22340000,4034.443491,3650,191,0.446374,0.2734
22342000,4122.246662,3627,198,0.372513,0.2422
22344000,4231.817678,3627,186,0.419348,0.2266
22346000,4307.722081,3601,204,0.507502,0.3438
22348000,3737.936129,3597,191,0.360003,0.3125
22350000,3437.930803,3623,195,0.180419,0.2734
22352000,5319.248504,3649,196,0.585328,0.2891
22354000,5235.560128,3648,198,0.542492,0.3438
22356000,4814.426076,3642,207,0.160256,0.3203
22358000,5425.302764,3626,217,0.505338,0.3438
22360000,5886.787264,3643,203,0.605481,0.2578
22362000,6227.919677,3646,196,0.470177,0.2031
22364000,6018.020719,3628,201,0.362504,0.2734
22366000,6106.991954,3646,199,0.381717,0.2812
22368000,6151.928620,3632,207,0.732299,0.2500
22370000,5410.553745,3623,202,0.444917,0.3125
22372000,5178.076815,3627,217,0.064370,0.2031
22374000,5411.901408,3634,203,0.078532,0.2734
22376000,8212.838232,3620,196,0.773833,0.2734
22378000,5987.241309,3598,193,0.536463,0.2969
22380000,5724.343967,3617,194,0.236058,0.2656
22382000,4735.304258,3622,205,0.268198,0.2969
22384000,3650.078061,3620,226,0.071098,0.3281
22386000,3443.633511,3593,232,0.044241,0.3047
22388000,6689.061345,3592,247,0.261438,0.2656
22390000,6287.489101,3591,224,0.323058,0.2656
22392000,6680.192551,3580,236,0.406588,0.3672
22394000,5526.044192,3592,241,0.285217,0.2734
22396000,5925.555018,3596,212,0.290883,0.3438
22398000,5217.004337,3636,207,0.295358,0.2266
22400000,5298.871711,3599,216,0.346296,0.3438
22402000,5204.424479,3605,212,0.313052,0.3516
22404000,5370.811453,3603,232,0.319505,0.2578
22406000,5198.393826,3546,246,0.231322,0.3281
22408000,5170.763548,3552,226,0.228179,0.2266
22410000,4071.256217,3566,224,0.093609,0.2891
22412000,4092.263076,3553,224,0.097520,0.2812
22414000,4323.691568,3567,223,0.096561,0.2422
22416000,4306.903212,3557,220,0.100545,0.2734
22418000,3993.311105,3576,212,0.103028,0.3594
22420000,3931.919616,3593,196,0.102083,0.2656
22422000,3924.375484,3587,217,0.097582,0.2734
22424000,4139.511353,3577,230,0.088139,0.3594
22426000,3927.839932,3599,203,0.095805,0.3281
22428000,4320.516370,3555,208,0.088359,0.2812
22430000,4374.366866,3568,210,0.050332,0.2656
22432000,4500.693885,3562,221,0.073742,0.3047
22434000,5251.169122,3560,211,0.189598,0.2891
22436000,6196.954313,3572,217,0.440951,0.2109
22438000,6200.126824,3573,216,0.460491,0.2656
22440000,4467.999348,3538,253,0.268285,0.2812
22442000,4433.876157,3559,224,0.284217,0.3359
22444000,4614.191788,3582,233,0.275312,0.3359
22446000,4667.757542,3609,218,0.535547,0.2812
22448000,4601.320264,3597,201,0.556064,0.2969
22450000,4605.017701,3595,210,0.556654,0.2578
22452000,4261.728784,3587,229,0.359085,0.2969
22454000,4321.644103,3578,231,0.380191,0.3906
22456000,4320.796583,3562,235,0.391830,0.3281
22458000,4083.270651,3571,220,0.353506,0.2734
22460000,4251.422646,3562,254,0.395885,0.2812
22462000,4188.802752,3577,228,0.381374,0.2812
22464000,4404.313442,3575,234,0.358841,0.3203
22466000,4436.508903,3561,233,0.357485,0.2500
22468000,4326.797543,3578,219,0.329061,0.3125
22470000,3973.398858,3597,211,0.288537,0.2891
22472000,3963.462577,3593,225,0.284749,0.3359
22474000,3798.661918,3608,227,0.289334,0.2031
22476000,3829.504391,3595,215,0.282939,0.2500
22478000,3849.350717,3586,212,0.180284,0.3203
22480000,3834.392992,3597,206,0.203134,0.2031
22482000,3806.111799,3587,200,0.223681,0.2188
22484000,3877.455059,3598,207,0.260885,0.2578
22486000,4322.918783,3556,217,0.354743,0.2578
22488000,4367.794118,3570,205,0.344048,0.3516
22490000,4191.673097,3563,204,0.338307,0.1953
22492000,4328.308714,3548,209,0.332122,0.2656
22494000,3500.132994,3567,201,0.220817,0.3203
22496000,3488.045242,3553,222,0.218629,0.2969
22498000,3601.434312,3544,224,0.171553,0.3516
22500000,4203.967268,3552,234,0.243528,0.2109
22502000,4225.476179,3535,251,0.241784,0.3516
22504000,4581.235130,3512,253,0.199166,0.2734
22506000,4481.965731,3518,250,0.254493,0.2891
22508000,4875.071456,3525,257,0.460205,0.3750
22510000,5433.994639,3530,257,0.447908,0.2578
22512000,5405.070220,3545,226,0.450886,0.3047
22514000,6663.635951,3599,219,0.655986,0.2422
22516000,6394.203914,3586,219,0.627748,0.3281
22518000,5385.273392,3573,228,0.349856,0.3125
22520000,5293.824917,3574,224,0.348631,0.2656
22522000,6016.769710,3571,222,0.505925,0.2969
22524000,5961.042130,3598,196,0.505891,0.2969
22526000,5666.719061,3602,201,0.518523,0.2969
22528000,5217.342772,3602,202,0.628400,0.2734
22530000,4836.215541,3592,212,0.630234,0.3438
22532000,5117.458689,3582,228,0.546764,0.3281
22534000,5809.557964,3602,222,0.352622,0.2969
22536000,5733.021420,3617,211,0.348993,0.2578
22538000,6054.047703,3598,220,0.322163,0.2734
22540000,5903.417419,3576,229,0.312481,0.3047
22542000,5754.334174,3536,249,0.314717,0.3125
22544000,5774.412517,3553,232,0.397330,0.2969
22546000,5970.507005,3544,221,0.482957,0.3047
22548000,6234.837676,3547,227,0.446509,0.3125
22550000,6217.588836,3522,242,0.434481,0.3438
22552000,6287.796935,3548,221,0.403031,0.2891
22554000,6437.315336,3568,211,0.397879,0.2422
22556000,7330.764562,3560,215,0.676911,0.2969
22558000,7791.158728,3578,217,0.792152,0.3203
22560000,7883.298152,3547,214,0.775927,0.2109
22562000,8220.997274,3533,233,0.795307,0.2500
22564000,6519.851340,3581,230,0.431693,0.2734
22566000,6499.862346,3561,238,0.460829,0.2578
22568000,6036.896696,3496,249,0.397854,0.2969
22570000,5800.993365,3471,267,0.401236,0.3281
22572000,6143.937179,3469,258,0.345468,0.2969
22574000,8114.810269,3495,240,0.505662,0.2500
22576000,7498.109187,3536,219,0.326905,0.3047
22578000,7466.108707,3540,235,0.394873,0.3672
22580000,4253.690529,3525,254,0.217185,0.3125
22582000,4259.341711,3536,249,0.253602,0.3047
22584000,4242.426951,3524,244,0.262290,0.3516
22586000,4208.646082,3541,242,0.286623,0.3125
22588000,5734.627998,3552,242,0.558371,0.3203
22590000,5994.526525,3561,231,0.476783,0.2812
22592000,6480.778651,3574,252,0.632204,0.4141
22594000,7091.753630,3579,229,0.465046,0.2969
22596000,6794.321298,3592,223,0.634520,0.3203
22598000,5252.140739,3572,211,0.465501,0.2734
22600000,6337.659166,3573,220,0.379686,0.2969
22602000,6478.780323,3585,220,0.599967,0.3594
22604000,3275.771109,3580,222,0.096941,0.2891
22606000,5076.289231,3579,209,0.347912,0.2891
22608000,5601.448451,3590,219,0.656351,0.3125
22610000,6099.975560,3591,220,0.657814,0.3203
22612000,6553.558706,3580,214,0.682855,0.3125
22614000,6572.799147,3564,218,0.678087,0.3359
22616000,6547.785455,3550,217,0.682789,0.2812
22618000,6568.079266,3560,228,0.670366,0.2734
22620000,5835.151289,3600,201,0.534902,0.3359
22622000,7442.193477,3614,192,0.730205,0.2969
22624000,7399.207506,3589,224,0.726452,0.3359
22626000,6948.996279,3579,216,0.578725,0.2891
22628000,5548.330487,3535,238,0.547477,0.2734
22630000,3891.645338,3536,247,0.083032,0.2812
22632000,3866.142489,3566,223,0.090612,0.2266
22634000,3838.425345,3550,240,0.086751,0.3281
22636000,4072.211005,3543,232,0.047433,0.2812
22638000,5747.997562,3527,230,0.286135,0.3828
22640000,5751.796437,3545,228,0.285373,0.2344
22642000,5159.535440,3557,239,0.472553,0.3281
22644000,5030.318209,3561,226,0.518990,0.3203
22646000,4355.868159,3544,230,0.039578,0.2500
22648000,4338.131093,3557,214,0.035837,0.2969
22650000,6028.997394,3588,209,0.357009,0.2344
22652000,5871.457950,3562,218,0.341913,0.2891
22654000,4907.772999,3559,226,0.112589,0.3125
22656000,5361.432266,3551,227,0.290044,0.3438
22658000,5877.210840,3571,200,0.579671,0.3203
22660000,4862.813320,3588,187,0.533354,0.2812
22662000,6486.029695,3578,198,0.607707,0.2891
22664000,5310.774882,3539,236,0.374808,0.3125
22666000,5615.220990,3526,246,0.574014,0.2812
22668000,4034.622184,3546,221,0.287076,0.2500
22670000,4160.750006,3554,218,0.333498,0.2656
22672000,4372.850236,3575,216,0.308292,0.3594
22674000,5141.438856,3566,206,0.291932,0.2109
22676000,5407.488975,3562,201,0.264736,0.2969
22678000,4034.452286,3563,236,0.190942,0.3281
22680000,4004.309070,3537,226,0.202217,0.3203
22682000,8259.879117,3556,215,0.773364,0.3281
22684000,7888.970178,3568,201,0.747768,0.2812
22686000,8239.120913,3574,216,0.703452,0.2656
22688000,8209.046081,3590,212,0.663890,0.3203
22690000,7904.742240,3611,206,0.459053,0.3438
22692000,9273.495631,3605,205,0.612030,0.2344
22694000,7777.600153,3630,195,0.658404,0.2266
22696000,6324.946781,3636,202,0.584511,0.2656
22698000,6699.342059,3641,204,0.605798,0.2656
22700000,6979.825356,3603,213,0.260868,0.2656
22702000,6858.076060,3593,219,0.375093,0.2969
22704000,6154.822175,3602,218,0.515045,0.3125
22706000,6171.546706,3612,214,0.516284,0.2188
22708000,5246.627021,3602,206,0.155603,0.3516
22710000,5429.104580,3600,223,0.173638,0.2656
22712000,5470.418541,3613,211,0.182332,0.2812
22714000,7043.890909,3600,217,0.455304,0.3359
22716000,8682.497156,3590,229,0.694685,0.3203
22718000,8645.944670,3608,233,0.702058,0.2344
22720000,8138.196121,3633,209,0.681726,0.3203
22722000,8813.273428,3612,218,0.703692,0.2422
22724000,9442.369677,3625,223,0.708403,0.3281
22726000,9243.037756,3614,228,0.765037,0.3516
22728000,9368.785439,3602,220,0.715744,0.2188
22730000,9836.732719,3580,224,0.617373,0.3047
22732000,9598.087311,3585,222,0.715762,0.3750
22734000,9096.732110,3587,230,0.760136,0.2656
22736000,8188.713706,3558,232,0.506203,0.2812
22738000,7292.150587,3559,237,0.583912,0.2656
22740000,8817.057719,3579,230,0.531181,0.3047
22742000,8401.431768,3609,205,0.565826,0.2969
22744000,8712.853500,3600,223,0.576494,0.3516
22746000,8610.245640,3592,236,0.481687,0.2891
22748000,8186.720435,3595,239,0.711441,0.2578
22750000,7207.518341,3597,238,0.554886,0.3203
22752000,5694.599002,3576,232,0.374721,0.3203
22754000,6246.234833,3575,226,0.511776,0.3516
22756000,6256.835589,3551,239,0.539695,0.2812
22758000,6253.356162,3566,246,0.539766,0.3047
22760000,6572.040465,3572,233,0.480245,0.2969
22762000,6473.348358,3574,227,0.456606,0.3125
22764000,6450.709260,3592,224,0.545879,0.3203
22766000,5410.559532,3581,216,0.500395,0.3359
22768000,5299.641977,3573,232,0.461558,0.3438
22770000,5290.914022,3575,225,0.473457,0.3359
22772000,5169.928753,3582,230,0.355105,0.3281
22774000,5397.355996,3575,220,0.394960,0.2812
22776000,5414.350815,3564,228,0.390310,0.2656
22778000,5417.812335,3548,199,0.393666,0.3359
22780000,5487.437056,3561,207,0.393904,0.2969
22782000,4740.826360,3568,222,0.277531,0.2422
22784000,5634.997720,3560,232,0.242650,0.2891
22786000,6745.272311,3580,218,0.642648,0.3438
22788000,6729.277409,3570,229,0.644036,0.3203
22790000,6774.873139,3579,235,0.649093,0.2734
22792000,6074.525588,3552,223,0.493530,0.2266
22794000,5982.697531,3557,239,0.518009,0.2656
22796000,6511.997944,3545,244,0.519751,0.3516
22798000,6505.047711,3562,242,0.515888,0.3125
22800000,6209.619128,3565,238,0.371225,0.3281
22802000,6352.768252,3552,234,0.448662,0.2656
22804000,6401.305719,3537,218,0.450882,0.3047
22806000,6368.074590,3546,239,0.461611,0.2578
22808000,6564.460954,3563,241,0.439937,0.3125
22810000,4616.347624,3552,251,0.113094,0.3438
22812000,5024.143045,3548,241,0.111788,0.3281
22814000,6292.418658,3559,225,0.543403,0.2578
22816000,4470.049058,3569,228,0.040623,0.2891
22818000,5019.712066,3557,235,0.098020,0.2891
22820000,4171.220815,3577,230,0.021971,0.2812
22822000,6808.697648,3568,244,0.610714,0.3750
22824000,6877.155106,3584,226,0.607134,0.3516
22826000,5894.401911,3578,219,0.378688,0.3281
22828000,5983.909863,3559,235,0.362797,0.3047
22830000,5664.416059,3574,231,0.344356,0.2812
22832000,5820.906829,3623,217,0.342081,0.2812
22834000,5832.028759,3611,225,0.333533,0.3203
22836000,5485.991572,3569,245,0.319859,0.3047
22838000,5229.002436,3574,242,0.250806,0.2891
22840000,6400.368946,3571,222,0.425446,0.2422
22842000,4081.278640,3599,221,0.120253,0.3281
22844000,7163.291241,3614,223,0.453520,0.2891
22846000,7457.556027,3637,192,0.477769,0.2188
22848000,7001.168844,3601,218,0.605877,0.2578
22850000,7167.656190,3606,223,0.625179,0.4062
22852000,6553.543683,3632,214,0.421424,0.2734
22854000,6773.040119,3590,228,0.566852,0.3203
22856000,6594.216357,3592,237,0.686408,0.2891
22858000,6853.394106,3568,225,0.653032,0.2500
22860000,6722.217249,3597,210,0.694696,0.2812
22862000,6493.426792,3569,234,0.630013,0.3281
22864000,5222.350396,3559,205,0.589703,0.2578
22866000,5198.818459,3568,218,0.590052,0.3281
22868000,5190.189706,3577,218,0.576418,0.2969
22870000,5571.438615,3596,212,0.479450,0.2422
22872000,3834.132686,3586,204,0.035051,0.2812
22874000,3667.932749,3584,196,0.023448,0.2891
22876000,5670.943292,3568,208,0.622324,0.2891
22878000,4975.352889,3545,217,0.497520,0.2969
22880000,5718.536786,3564,217,0.458402,0.3516
22882000,5434.702432,3590,213,0.531291,0.3125
22884000,4818.721143,3607,199,0.481024,0.2969
22886000,5170.149492,3606,205,0.504223,0.2812
22888000,5370.240158,3587,215,0.466910,0.3125
22890000,5458.632362,3586,218,0.436623,0.2891
22892000,5769.423620,3567,225,0.551465,0.2969
22894000,5742.896658,3596,226,0.571393,0.2891
22896000,5980.000490,3567,218,0.539767,0.2734
22898000,5750.867285,3597,198,0.519547,0.1953
22900000,5870.537902,3603,192,0.528619,0.2578
22902000,5824.308489,3595,209,0.529816,0.3359
22904000,5260.562762,3597,213,0.439872,0.3125
22906000,5235.857610,3617,210,0.396954,0.2578
22908000,4525.241160,3626,214,0.136104,0.3203
22910000,4428.807899,3623,217,0.077655,0.3672
22912000,3934.888901,3618,208,0.124928,0.2812
22914000,4935.955822,3599,211,0.489384,0.2031
22916000,5037.029632,3593,206,0.456626,0.3359
22918000,4945.017883,3566,223,0.440846,0.3828
22920000,5017.766075,3548,211,0.465781,0.4141
22922000,5169.928236,3591,198,0.475416,0.2344
22924000,4911.894015,3572,203,0.412840,0.2422
22926000,5337.342985,3605,196,0.350115,0.2422
22928000,4800.047096,3575,206,0.305766,0.2422
22930000,4879.774489,3603,205,0.293159,0.2578
22932000,4934.168665,3637,196,0.293715,0.3203
22934000,3957.527273,3612,206,0.095342,0.2969
22936000,4433.849861,3643,210,0.204013,0.3047
22938000,5907.086865,3611,206,0.607798,0.3047
22940000,5834.616406,3604,216,0.612613,0.3203
22942000,5878.715560,3598,212,0.619901,0.2578
22944000,5627.710446,3600,205,0.546325,0.3125
22946000,5423.733175,3562,227,0.411171,0.4141
22948000,4704.732820,3604,223,0.210699,0.3516
22950000,4695.248834,3597,215,0.251988,0.3281
22952000,4769.479590,3612,197,0.247139,0.2344
22954000,4464.674320,3604,197,0.242305,0.3906
22956000,5862.276013,3590,222,0.458337,0.3516
22958000,5347.391388,3562,235,0.407906,0.2578
22960000,5333.177676,3576,222,0.397858,0.2031
22962000,5745.708993,3568,237,0.500621,0.3203
22964000,6584.586765,3565,251,0.669102,0.3359
22966000,6419.186502,3577,232,0.568888,0.3125
22968000,7907.079274,3569,239,0.703067,0.2734
22970000,5610.142492,3598,227,0.370854,0.3516
22972000,6247.950514,3599,222,0.685466,0.2344
22974000,5438.993406,3591,229,0.446879,0.2812
22976000,5473.091772,3595,224,0.460691,0.2812
22978000,4923.838913,3586,215,0.384111,0.3281
22980000,4989.831282,3595,216,0.389939,0.2734
22982000,5443.987700,3606,219,0.692896,0.2969
22984000,5503.212864,3617,221,0.719721,0.2500
22986000,5343.005648,3614,228,0.680636,0.3594
22988000,5830.961688,3597,230,0.611172,0.2734
22990000,4859.081397,3570,233,0.351953,0.2500
22992000,4401.284114,3593,216,0.359866,0.2188
22994000,4426.628753,3560,228,0.356831,0.3047
22996000,4277.808986,3571,220,0.318234,0.3203
22998000,5326.623859,3580,219,0.376059,0.3125
23000000,6199.790006,3557,235,0.614245,0.3281
23002000,5306.716083,3539,245,0.560468,0.3203
23004000,5295.117833,3561,221,0.575390,0.3203
23006000,4412.583032,3592,216,0.396183,0.2812
23008000,4576.824173,3569,234,0.430612,0.3438
23010000,5126.385079,3567,230,0.620897,0.2500
23012000,5700.966287,3568,228,0.617734,0.2969
23014000,5715.935852,3573,218,0.622377,0.3125
23016000,5888.526292,3561,213,0.634347,0.2812
23018000,5890.266989,3542,211,0.636851,0.2891
23020000,5792.329250,3529,218,0.608207,0.3203
23022000,4468.144864,3529,223,0.432523,0.3516
23024000,4447.351080,3528,239,0.430654,0.2734
23026000,4407.500617,3560,219,0.406305,0.3047
23028000,5451.542541,3561,219,0.528483,0.2656
23030000,4063.083821,3562,209,0.259615,0.2500
23032000,3677.316179,3555,200,0.223480,0.3906
23034000,5051.568182,3567,208,0.494062,0.2891
23036000,4186.003035,3573,199,0.245118,0.2891
23038000,4204.586327,3574,207,0.249135,0.3281
23040000,3084.369244,3583,217,0.294475,0.3125
23042000,3434.749858,3566,227,0.397900,0.2578
23044000,3777.740849,3550,233,0.204195,0.2500
23046000,4984.487130,3542,216,0.509501,0.3125
23048000,4913.727255,3548,217,0.510221,0.2812
23050000,3950.731972,3553,228,0.495870,0.2734
23052000,4883.303564,3544,239,0.503282,0.3359
23054000,4807.058712,3566,217,0.427146,0.2812
23056000,5053.186303,3533,234,0.526800,0.3828
23058000,5171.319061,3522,247,0.543983,0.3594
23060000,5127.732315,3544,227,0.533386,0.3438
23062000,5126.303219,3544,228,0.529880,0.2109
23064000,4079.084511,3558,230,0.409176,0.2656
23066000,3773.297271,3547,229,0.383128,0.2812
23068000,3759.699482,3562,209,0.395914,0.3672
23070000,5283.307712,3567,217,0.698277,0.2656
23072000,5275.720534,3562,216,0.701315,0.2812
23074000,5296.792337,3539,228,0.699220,0.3203
23076000,4998.120372,3539,236,0.692606,0.2578
23078000,4789.916439,3530,242,0.644558,0.2656
23080000,4009.900571,3525,242,0.432051,0.3281
23082000,4163.871951,3551,226,0.440576,0.2891
23084000,3959.046955,3563,232,0.328602,0.2812
23086000,3944.578377,3572,234,0.327871,0.3438
23088000,3858.279959,3557,238,0.323271,0.3594
23090000,3872.873262,3558,242,0.325627,0.2656
23092000,4063.188899,3593,225,0.299841,0.2812
23094000,3095.261137,3579,216,0.140385,0.2734
23096000,3202.024277,3586,201,0.109659,0.3359
23098000,3192.740819,3611,204,0.126839,0.2500
23100000,3540.748541,3591,212,0.253708,0.3359
23102000,3505.954944,3612,201,0.254379,0.2344
23104000,3599.979997,3620,207,0.273957,0.3672
23106000,3577.046625,3575,231,0.268769,0.2656
23108000,3465.100994,3574,239,0.269009,0.2969
23110000,3464.981404,3585,224,0.271438,0.3203
23112000,3429.248542,3570,234,0.275121,0.3047
23114000,3459.071195,3571,223,0.270413,0.3594
23116000,3352.441038,3573,218,0.268133,0.3203
23118000,3356.865592,3567,212,0.273782,0.3047
23120000,3374.976162,3546,249,0.272868,0.3438
23122000,3215.405801,3525,244,0.243293,0.3672
23124000,3213.614846,3536,238,0.239927,0.2812
23126000,3190.634892,3537,235,0.238496,0.3047
23128000,3202.619250,3539,239,0.244263,0.2266
23130000,3208.354002,3534,237,0.242119,0.2812
23132000,3064.813388,3519,220,0.237304,0.2344
23134000,3050.019305,3515,224,0.232839,0.2969
23136000,3184.956772,3494,222,0.263638,0.2734
23138000,3906.748328,3494,227,0.402078,0.2891
23140000,4047.874720,3510,234,0.355939,0.3281
23142000,3998.354027,3511,209,0.340934,0.3516
23144000,4027.378855,3494,225,0.343161,0.3047
23146000,3978.592405,3526,212,0.361489,0.3047
23148000,3713.584548,3528,218,0.300196,0.3359
23150000,3768.007356,3545,215,0.309866,0.2109
23152000,3722.849957,3528,218,0.269072,0.3906
23154000,4314.674575,3527,218,0.430765,0.3438
23156000,4822.139426,3533,235,0.672395,0.2734
23158000,4672.970524,3540,232,0.657807,0.3594
23160000,4696.678298,3570,222,0.623378,0.2812
23162000,4735.970853,3549,233,0.622125,0.3125
23164000,4727.544791,3576,222,0.618011,0.3047
23166000,4759.346933,3585,217,0.611736,0.2969
23168000,4732.295328,3569,223,0.610659,0.3203
23170000,4905.119035,3574,219,0.608420,0.2891
23172000,4794.308793,3567,227,0.603549,0.2969
23174000,3603.150067,3542,228,0.124509,0.3281
23176000,3426.686352,3524,257,0.160079,0.2891
23178000,3400.733465,3497,259,0.151642,0.3125
23180000,3335.660343,3515,241,0.159407,0.2969
23182000,3350.448624,3515,230,0.157108,0.2969
23184000,3340.468388,3515,234,0.154499,0.3906
23186000,3276.352308,3517,228,0.198073,0.4062
23188000,3669.436954,3515,230,0.208827,0.3359
23190000,4340.916738,3515,217,0.499022,0.2969
23192000,4547.795604,3517,207,0.531756,0.2734
23194000,3644.903294,3497,216,0.404865,0.2891
23196000,3541.718257,3515,222,0.445900,0.2812
23198000,3128.441120,3552,212,0.306846,0.3359
23200000,3175.938367,3562,212,0.298897,0.3438
23202000,4437.468468,3539,225,0.540768,0.2578
23204000,4498.600242,3558,229,0.555249,0.3047
23206000,4460.947520,3551,218,0.564131,0.3438
23208000,2746.454747,3554,212,0.105814,0.2812
23210000,2663.916683,3538,219,0.064644,0.3359
23212000,2646.082115,3517,239,0.065931,0.2578
23214000,4135.367684,3537,229,0.225959,0.2812
23216000,3947.794909,3537,218,0.277603,0.3203
23218000,3937.970249,3524,231,0.271158,0.3047
23220000,3981.634909,3526,234,0.268547,0.2812
23222000,3830.107224,3530,249,0.239325,0.2578
23224000,3858.703057,3522,248,0.243425,0.3438
23226000,2765.610205,3515,224,0.059212,0.2344
23228000,2569.329704,3510,243,0.039621,0.2812
23230000,2574.873778,3512,246,0.039323,0.2969
23232000,2515.018494,3534,224,0.065731,0.3125
23234000,2660.477037,3567,224,0.119975,0.2422
23236000,2973.551722,3519,235,0.213930,0.3203
23238000,2978.678974,3544,230,0.209671,0.4141
23240000,2980.387932,3550,229,0.208618,0.3516
23242000,3027.167484,3544,230,0.233766,0.3438
23244000,3003.855768,3533,232,0.232157,0.3047
23246000,3700.213948,3533,241,0.288203,0.3047
23248000,3491.989022,3529,228,0.099452,0.2578
23250000,3603.272499,3518,228,0.171711,0.3125
23252000,4435.175903,3547,233,0.335119,0.2578
23254000,4912.801349,3582,209,0.591046,0.3516
23256000,4915.527171,3588,211,0.589044,0.3516
23258000,5175.251537,3572,201,0.601086,0.3047
23260000,5235.215119,3577,211,0.601422,0.2266
23262000,5311.177996,3565,209,0.610894,0.3203
23264000,4983.629305,3540,231,0.579746,0.3594
23266000,5010.043590,3542,228,0.578446,0.2031
23268000,4084.715239,3559,207,0.409206,0.3203
23270000,4106.978962,3550,222,0.405241,0.3047
23272000,3341.405772,3546,231,0.075090,0.2578
23274000,3377.424660,3559,213,0.070105,0.2891
23276000,3302.300577,3598,196,0.065982,0.2422
23278000,4084.448313,3585,207,0.423719,0.3750
23280000,4681.177697,3599,192,0.505104,0.2266
23282000,4658.334778,3616,190,0.496289,0.3281
23284000,4618.994695,3628,189,0.488612,0.2266
23286000,4007.023590,3617,190,0.369925,0.3359
23288000,4172.116246,3595,203,0.364698,0.3438
23290000,4091.128988,3591,212,0.382634,0.2656
23292000,4276.218215,3575,225,0.127317,0.2344
23294000,4351.116701,3583,231,0.280905,0.3750
23296000,4365.713853,3586,227,0.244296,0.3047
23298000,4390.993972,3556,240,0.241673,0.2969
23300000,5300.339946,3583,240,0.663750,0.3203
23302000,5306.686373,3609,227,0.664280,0.2812
23304000,5952.281434,3622,213,0.633791,0.2969
23306000,5431.872970,3595,234,0.622898,0.3281
23308000,5403.518176,3595,230,0.625870,0.2344
23310000,5391.375958,3597,224,0.627067,0.2891
23312000,5030.240458,3601,228,0.642452,0.2891
23314000,5729.937716,3606,222,0.654795,0.2500
23316000,5879.003010,3642,222,0.675792,0.2891
23318000,5998.142450,3625,216,0.698296,0.2656
23320000,5049.671074,3610,220,0.598887,0.2969
23322000,5082.983296,3624,208,0.604613,0.3438
23324000,3164.240096,3629,220,0.017589,0.2812
23326000,3157.838383,3622,215,0.016573,0.3281
23328000,4525.106740,3618,211,0.397285,0.2344
23330000,4305.670958,3620,225,0.239923,0.2812
23332000,5307.751433,3612,220,0.545930,0.2734
23334000,5362.022112,3569,232,0.549950,0.2812
23336000,5549.318937,3573,234,0.684214,0.2969
23338000,6014.525339,3575,216,0.768094,0.3984
23340000,6718.892517,3552,239,0.745810,0.3281
23342000,3570.254306,3581,222,0.067740,0.3516
23344000,3586.019758,3599,211,0.080428,0.2266
23346000,3546.069253,3579,223,0.085071,0.2422
23348000,3485.107971,3575,237,0.072338,0.2969
23350000,3506.295556,3597,237,0.073203,0.2891
23352000,3259.623368,3575,230,0.025146,0.2969
23354000,3264.196690,3594,223,0.025393,0.2969
23356000,3551.713738,3589,241,0.101017,0.2266
23358000,3550.344743,3568,248,0.103802,0.3438
23360000,3588.245556,3576,246,0.112181,0.2578
23362000,3582.389210,3615,230,0.115383,0.2891
23364000,3574.919766,3632,199,0.113368,0.3516
23366000,6565.453876,3624,211,0.704797,0.2578
23368000,6518.283218,3607,241,0.542460,0.2266
23370000,6464.426982,3598,226,0.521874,0.3047
23372000,6901.701475,3580,239,0.661116,0.3281
23374000,7217.906554,3575,252,0.738545,0.3359
23376000,6944.754572,3598,226,0.647660,0.3203
23378000,7131.882513,3580,247,0.659036,0.3984
23380000,7235.950471,3576,248,0.727896,0.2578
23382000,7281.848983,3568,244,0.744775,0.2656
23384000,7340.034411,3560,231,0.746665,0.3359
23386000,7032.198736,3584,211,0.672446,0.2812
23388000,6944.125332,3614,211,0.674054,0.2422
23390000,6988.197722,3635,206,0.679107,0.2891
23392000,7108.415242,3645,202,0.686125,0.2266
23394000,7270.811024,3636,220,0.727045,0.2656
23396000,5759.834321,3635,201,0.539793,0.2578
23398000,5809.291784,3615,214,0.543636,0.2656
23400000,5682.611397,3636,197,0.537969,0.2969
23402000,5699.732334,3640,204,0.544521,0.3281
23404000,5776.520639,3618,203,0.640689,0.2422
23406000,4448.251738,3610,194,0.568720,0.3203
23408000,4790.422124,3635,196,0.575483,0.2344
23410000,4812.292833,3610,198,0.572857,0.2812
23412000,4776.111069,3601,194,0.572785,0.2812
23414000,4221.409386,3615,198,0.467612,0.3125
23416000,4199.981072,3634,195,0.460841,0.2500
23418000,5279.392364,3622,194,0.503387,0.2656
23420000,5245.403093,3660,188,0.503526,0.3281
23422000,4195.529876,3647,183,0.480670,0.2500
23424000,4171.478210,3627,188,0.487003,0.2812
23426000,4181.555477,3633,208,0.494584,0.3516
23428000,4157.414397,3627,211,0.558771,0.3281
23430000,4072.410128,3618,227,0.498285,0.2891
23432000,4296.606071,3622,231,0.335802,0.3750
23434000,4377.287491,3614,220,0.331178,0.2500
23436000,4249.782493,3637,218,0.221988,0.3047
23438000,4331.419812,3634,220,0.332184,0.3438
23440000,4010.067760,3596,214,0.323278,0.2969
23442000,4181.783680,3587,223,0.064871,0.3047
23444000,4301.286023,3588,221,0.076189,0.2812
23446000,4166.607509,3589,234,0.232576,0.3516
23448000,3253.854861,3609,216,0.041111,0.3516
23450000,3181.887236,3611,208,0.037659,0.3281
23452000,3292.086816,3620,192,0.042876,0.2109
23454000,4100.810953,3618,191,0.108860,0.2734
23456000,4173.744772,3580,211,0.105028,0.2500
23458000,4242.268866,3561,227,0.067459,0.2500
23460000,4232.503765,3556,209,0.063688,0.2578
23462000,4222.902821,3541,226,0.068462,0.2891
23464000,4134.727026,3525,229,0.401054,0.3516
23466000,4235.391887,3517,230,0.069823,0.2969
23468000,4248.634090,3525,234,0.072924,0.2969
23470000,4423.080870,3543,239,0.085501,0.3203
23472000,4421.610798,3560,223,0.081576,0.3594
23474000,4405.630286,3572,210,0.081792,0.2969
23476000,3740.788114,3570,215,0.184870,0.3125
23478000,3753.787856,3576,215,0.273639,0.2969
23480000,3666.136490,3599,200,0.264095,0.2734
23482000,3634.137187,3605,215,0.296449,0.2812
23484000,3583.678067,3608,208,0.284262,0.2344
23486000,3573.221050,3615,223,0.433777,0.3516
23488000,3529.959364,3573,213,0.408124,0.3203
23490000,3570.244298,3557,210,0.434999,0.2969
23492000,3577.586508,3565,213,0.440048,0.3281
23494000,3618.751925,3570,221,0.449577,0.2891
23496000,3630.336415,3545,236,0.451149,0.2891
23498000,3642.320299,3545,224,0.463450,0.3281
23500000,3633.298286,3555,244,0.459187,0.3438
23502000,3579.638559,3574,236,0.459036,0.2734
23504000,3200.203127,3549,243,0.152308,0.2812
23506000,3269.633252,3549,238,0.083205,0.3516
23508000,4036.993413,3579,239,0.027522,0.3203
23510000,3946.871243,3566,238,0.090036,0.2422
23512000,4701.270856,3568,241,0.111176,0.2812
23514000,5015.045357,3585,239,0.210855,0.3594
23516000,3982.599244,3573,244,0.066909,0.2578
23518000,4180.613429,3587,224,0.042236,0.3203
23520000,4241.986847,3607,238,0.042189,0.2969
23522000,4063.918705,3596,227,0.059270,0.2500
23524000,5290.838570,3548,232,0.297196,0.3438
23526000,5151.410479,3589,225,0.191583,0.3047
23528000,4622.537370,3580,222,0.187876,0.2109
23530000,4698.410021,3570,245,0.392603,0.3047
23532000,4648.334373,3591,226,0.308959,0.2500
23534000,4664.917861,3592,227,0.305876,0.2578
23536000,4639.605773,3628,200,0.299080,0.2500
23538000,5630.913462,3611,198,0.235237,0.2656
23540000,5669.282323,3618,193,0.237061,0.2344
23542000,5658.404088,3633,218,0.239373,0.3047
23544000,5583.901866,3614,209,0.256492,0.2422
23546000,5512.017323,3610,212,0.251832,0.3281
23548000,5481.818306,3629,219,0.279385,0.2812
23550000,5396.181254,3640,202,0.274135,0.2812
23552000,4705.810628,3611,215,0.194865,0.3203
23554000,4605.853966,3606,203,0.234481,0.2891
23556000,4645.838182,3604,204,0.197249,0.2188
23558000,4553.017240,3607,200,0.184587,0.2969
23560000,4265.360435,3591,200,0.025694,0.2266
23562000,4310.062595,3610,189,0.061774,0.2891
23564000,4357.943064,3626,188,0.001214,0.2891
23566000,4292.279221,3619,192,0.000215,0.3438
23568000,4414.821242,3622,183,0.017285,0.3281
23570000,4189.352629,3581,199,0.233492,0.2578
23572000,4073.926348,3582,215,0.260200,0.2969
23574000,4398.393850,3587,208,0.013626,0.2812
23576000,4721.516597,3583,235,0.027615,0.3125
23578000,4727.018234,3569,238,0.026365,0.3203
23580000,4710.395059,3547,242,0.024681,0.3438
23582000,5609.216800,3574,232,0.350901,0.3125
23584000,5431.115438,3582,224,0.332561,0.3203
23586000,6051.322256,3582,220,0.476493,0.3203
23588000,5244.734706,3579,220,0.427792,0.3359
23590000,5135.987826,3578,219,0.420932,0.3516
23592000,5638.863099,3562,231,0.488893,0.2812
23594000,5664.109716,3575,227,0.495643,0.2344
23596000,4534.852312,3587,221,0.348835,0.3281
23598000,4664.426579,3578,224,0.343611,0.2578
23600000,4445.190337,3616,200,0.327112,0.2734
23602000,4901.443649,3606,218,0.508575,0.2969
23604000,4685.784269,3610,214,0.508683,0.2344
23606000,4992.828878,3617,214,0.555483,0.2500
23608000,4704.977289,3630,212,0.529878,0.2969
23610000,4916.713752,3637,204,0.624296,0.2188
23612000,4562.962724,3641,210,0.587673,0.2500
23614000,4720.375418,3627,214,0.514593,0.2422
23616000,4700.489799,3620,210,0.378347,0.3203
23618000,5849.732830,3625,220,0.545350,0.3281
23620000,4375.163973,3655,202,0.458223,0.2578
23622000,4626.563789,3637,209,0.383152,0.2188
23624000,5086.139431,3615,200,0.353925,0.2734
23626000,4708.175610,3612,211,0.356456,0.2812
23628000,4746.178634,3608,222,0.357094,0.2891
23630000,4945.147338,3622,203,0.385983,0.2891
23632000,4279.874191,3615,208,0.255865,0.2500
23634000,4637.335484,3620,210,0.380536,0.3203
23636000,5428.741646,3628,200,0.380230,0.2969
23638000,5260.908784,3611,223,0.320298,0.2812
23640000,4726.250224,3607,220,0.426262,0.2500
23642000,5261.761515,3630,220,0.480296,0.2969
23644000,5290.987558,3617,212,0.520429,0.1953
23646000,3563.519479,3628,210,0.157455,0.2812
23648000,4041.551092,3648,225,0.222002,0.2891
23650000,3698.808368,3661,222,0.200433,0.2656
23652000,3781.566084,3663,218,0.251512,0.2422
23654000,4407.523367,3654,220,0.063208,0.2734
23656000,4311.794775,3650,224,0.095366,0.2500
23658000,4353.619058,3644,214,0.079591,0.2734
23660000,3595.517040,3656,194,0.106484,0.2266
23662000,3564.120906,3628,186,0.104251,0.3047
23664000,3573.631605,3660,181,0.110077,0.1953
23666000,3688.425059,3653,189,0.241233,0.2500
23668000,3712.784685,3638,209,0.229525,0.2344
23670000,4750.707272,3638,214,0.269122,0.3125
23672000,4789.904138,3628,206,0.277836,0.2969
23674000,4355.151172,3647,211,0.239712,0.3281
23676000,4257.452559,3616,209,0.205318,0.2578
23678000,4853.471698,3594,209,0.239387,0.2344
23680000,4850.584426,3590,210,0.250470,0.2969
23682000,4123.611662,3596,217,0.343077,0.2578
23684000,4077.068783,3609,223,0.337890,0.3438
23686000,4237.035123,3611,228,0.417776,0.3281
23688000,3767.400960,3621,214,0.385894,0.2969
23690000,3800.990611,3627,217,0.275746,0.2734
23692000,3811.462734,3609,213,0.279279,0.2578
23694000,3882.588987,3619,197,0.307738,0.2969
23696000,3417.071685,3594,226,0.165460,0.2344
23698000,3497.986893,3593,215,0.172116,0.2656
23700000,3744.182674,3586,217,0.231197,0.3125
23702000,4024.811747,3571,219,0.143673,0.2969
23704000,3935.268856,3566,223,0.126174,0.3281
23706000,4328.885055,3533,237,0.124515,0.2734
23708000,4272.378452,3557,233,0.152107,0.3281
23710000,4611.989581,3569,225,0.260343,0.2656
23712000,5177.967955,3577,228,0.239196,0.3203
23714000,4746.830128,3588,210,0.274530,0.3047
23716000,4637.064457,3593,217,0.296716,0.3438
23718000,4579.194335,3612,201,0.220896,0.2266
23720000,3942.457735,3602,206,0.146078,0.2656
23722000,3652.520285,3584,205,0.114917,0.3125
23724000,3573.622031,3574,210,0.101260,0.3203
23726000,3619.858697,3605,209,0.108089,0.2969
23728000,3628.372207,3586,209,0.128454,0.2969
23730000,3596.433886,3607,215,0.130996,0.3672
23732000,3619.350758,3602,211,0.132339,0.3516
23734000,3593.832284,3607,200,0.138385,0.3047
23736000,4022.086656,3625,191,0.154563,0.3047
23738000,3806.585239,3612,208,0.001367,0.3203
23740000,4044.413914,3602,240,0.009751,0.2891
23742000,3801.382532,3599,244,0.015764,0.3125
23744000,3745.554074,3601,236,0.016614,0.3203
23746000,3728.826245,3605,234,0.023088,0.3047
23748000,3647.649941,3595,250,0.022501,0.3672
23750000,3634.143775,3608,227,0.024243,0.3047
23752000,3574.078812,3601,216,0.022127,0.2578
23754000,3824.561253,3609,226,0.046846,0.2344
23756000,3833.657975,3637,207,0.050032,0.2500
23758000,3867.214490,3598,221,0.048985,0.2969
23760000,3794.220581,3603,237,0.055884,0.2656
23762000,5157.327466,3582,244,0.414802,0.2812
23764000,5157.940998,3561,255,0.405270,0.2578
23766000,4589.355913,3562,244,0.148045,0.3359
23768000,4668.466803,3585,205,0.156665,0.2266
23770000,5108.913206,3579,220,0.068992,0.3281
23772000,4946.445390,3608,214,0.070231,0.2578
23774000,4855.401103,3603,206,0.081008,0.2031
23776000,4677.974478,3588,222,0.192172,0.3047
23778000,4923.392411,3599,207,0.178235,0.2109
23780000,5020.689508,3610,211,0.410027,0.2031
23782000,4338.953804,3632,200,0.229158,0.2891
23784000,4873.323253,3597,218,0.515106,0.3281
23786000,4837.013040,3597,216,0.504677,0.2500
23788000,4932.911924,3589,235,0.500446,0.2969
23790000,4456.928426,3605,222,0.290241,0.3047
23792000,5010.088250,3621,228,0.520617,0.2891
23794000,5078.978782,3612,224,0.509603,0.3125
23796000,5148.029344,3609,211,0.522120,0.3516
23798000,4977.476531,3593,223,0.570992,0.2812
23800000,5299.348458,3601,213,0.475004,0.3281
23802000,5115.380427,3590,234,0.469828,0.3047
23804000,4185.255543,3612,228,0.254516,0.2969
23806000,4125.245379,3621,212,0.262937,0.2812
23808000,4616.210637,3612,221,0.206671,0.3516
23810000,4650.828844,3596,212,0.204491,0.2656
23812000,4629.661547,3594,206,0.188583,0.2812
23814000,4602.529536,3602,215,0.230774,0.3438
23816000,4497.231010,3575,244,0.316948,0.3984
23818000,4680.401802,3589,234,0.338199,0.3828
23820000,4881.632777,3601,223,0.469254,0.3047
23822000,4867.232992,3601,204,0.470501,0.2578
23824000,4502.213064,3589,229,0.268323,0.2812
23826000,4515.695821,3586,224,0.267215,0.2734
23828000,4335.870812,3617,203,0.273891,0.3047
23830000,5507.513492,3615,208,0.569359,0.2891
23832000,5409.292293,3589,196,0.457584,0.3594
23834000,5583.234210,3608,191,0.509697,0.2656
23836000,4776.951734,3616,199,0.222992,0.2500
23838000,5674.345159,3621,205,0.529146,0.3672
23840000,5121.681270,3666,175,0.071759,0.2109
23842000,5026.518965,3649,196,0.038990,0.3281
23844000,4466.311760,3655,188,0.356307,0.2656
23846000,4426.277331,3600,196,0.339649,0.2969
23848000,4352.733645,3607,208,0.322518,0.2500
23850000,4792.456552,3603,208,0.029268,0.3594
23852000,5277.922696,3616,213,0.232336,0.3438
23854000,4797.724344,3617,211,0.046520,0.2812
23856000,4752.592326,3600,210,0.018605,0.3047
23858000,4694.046999,3613,210,0.039865,0.3125
23860000,4106.793751,3601,206,0.037146,0.2500
23862000,4471.638634,3571,204,0.027987,0.2891
23864000,4480.092398,3595,209,0.029576,0.2812
23866000,4438.991699,3589,226,0.102165,0.2656
23868000,5861.514047,3606,219,0.536419,0.2500
23870000,5865.010106,3588,235,0.538759,0.2578
23872000,5903.334159,3579,238,0.550230,0.3750
23874000,5971.448453,3590,229,0.481435,0.3750
23876000,6016.879007,3583,234,0.490906,0.2656
23878000,5876.831346,3556,236,0.514466,0.3047
23880000,5594.423669,3572,228,0.480496,0.3203
23882000,5408.431337,3566,225,0.602496,0.2969
23884000,5555.725834,3543,238,0.620308,0.2891
23886000,6637.098914,3539,230,0.677755,0.2500
23888000,6451.303686,3513,251,0.499801,0.2500
23890000,5665.579678,3533,230,0.437185,0.2734
23892000,6074.120187,3491,253,0.599423,0.2812
23894000,6082.009661,3533,249,0.602301,0.2812
23896000,6373.967432,3574,231,0.477675,0.2344
23898000,6375.864641,3563,232,0.516360,0.3750
23900000,6372.440032,3549,248,0.518544,0.3125
23902000,6108.666914,3549,252,0.486804,0.2812
23904000,6161.970100,3550,235,0.555980,0.3281
23906000,6096.036869,3540,236,0.489300,0.3516
23908000,6124.119182,3558,238,0.473939,0.2188
23910000,4414.227017,3557,242,0.141016,0.2578
23912000,4828.086765,3586,241,0.250034,0.3203
23914000,4631.998228,3597,227,0.315443,0.2344
23916000,4628.449837,3576,231,0.321906,0.2578
23918000,4345.021183,3583,214,0.330396,0.2656
23920000,4323.161119,3603,198,0.346404,0.3125
23922000,4024.360204,3568,231,0.320064,0.3281
23924000,4051.748221,3559,235,0.321427,0.2891
23926000,3881.738434,3560,242,0.401038,0.2656
23928000,4744.813631,3568,230,0.501081,0.3359
23930000,4570.872306,3570,235,0.483370,0.2344
23932000,4679.857412,3588,209,0.494028,0.3359
23934000,4867.981386,3614,210,0.332880,0.1719
23936000,4766.967746,3615,212,0.442545,0.2031
23938000,4837.973109,3605,224,0.502054,0.3359
23940000,4892.552226,3608,229,0.537894,0.2656
23942000,3768.202634,3623,224,0.329705,0.3047
23944000,3835.867015,3638,228,0.311665,0.2891
23946000,4258.138874,3611,233,0.355932,0.3438
23948000,4572.016198,3596,248,0.365612,0.3281
23950000,4595.511467,3646,216,0.327615,0.2734
23952000,4774.371177,3659,197,0.400642,0.2109
23954000,3885.082397,3652,187,0.200014,0.3359
23956000,3924.668999,3643,205,0.187741,0.2109
23958000,3843.098211,3635,210,0.202315,0.2500
23960000,3864.561531,3641,197,0.131947,0.2344
23962000,3332.657808,3629,211,0.091616,0.3359
23964000,3613.127537,3613,232,0.120912,0.2734
23966000,4297.667330,3602,237,0.264399,0.2891
23968000,4611.904239,3618,221,0.239168,0.2656
23970000,4615.360252,3578,219,0.191085,0.3281
23972000,4598.476643,3606,212,0.182347,0.2578
23974000,4717.723167,3601,219,0.209182,0.3281
23976000,4015.373448,3578,224,0.070351,0.3047
23978000,3883.695937,3598,213,0.043400,0.2969
23980000,3968.914005,3603,215,0.092684,0.2656
23982000,3838.751735,3572,217,0.113389,0.3281
23984000,3953.069130,3616,221,0.114909,0.2969
23986000,3912.727214,3631,225,0.080648,0.3047
23988000,3880.986853,3626,220,0.084282,0.2656
23990000,3848.877547,3611,231,0.080998,0.2578
23992000,3842.915165,3608,224,0.080237,0.3750
23994000,3713.493467,3575,230,0.070504,0.2812
23996000,3710.866666,3547,250,0.066731,0.3906
23998000,3563.873219,3576,221,0.064903,0.3047
24000000,3777.499320,3571,215,0.068751,0.3281
24002000,4386.773967,3572,205,0.298691,0.2422
24004000,4481.679989,3578,213,0.337514,0.3281
24006000,4631.165644,3566,221,0.363585,0.4062
24008000,4575.278892,3562,212,0.346766,0.3125
24010000,4570.636607,3577,214,0.355840,0.3828
24012000,4605.893844,3569,206,0.414860,0.2188
24014000,4753.140618,3590,198,0.249384,0.2578
24016000,6638.785156,3570,193,0.722547,0.2578
24018000,6520.665523,3587,189,0.717615,0.2734
24020000,6752.371461,3615,173,0.734029,0.2266
24022000,6901.380532,3607,189,0.697806,0.2656
24024000,7027.203381,3617,201,0.730329,0.2969
24026000,6865.583655,3591,214,0.691957,0.2500
24028000,7095.986289,3599,212,0.664763,0.2344
24030000,7139.174086,3599,208,0.588258,0.3594
24032000,7285.829270,3617,203,0.575910,0.3203
24034000,6443.400662,3608,213,0.532269,0.2734
24036000,6681.369624,3615,213,0.523106,0.3594
24038000,6631.653472,3606,216,0.519515,0.2812
24040000,6396.316277,3615,204,0.520768,0.2109
24042000,5836.348292,3620,213,0.471381,0.3906
24044000,6553.995825,3630,217,0.552824,0.2656
24046000,6108.168130,3619,205,0.577547,0.3359
24048000,5678.195835,3608,212,0.527541,0.2891
24050000,5655.708477,3594,217,0.535751,0.2969
24052000,6671.451902,3559,213,0.684275,0.3125
24054000,6860.322498,3581,224,0.713086,0.3047
24056000,6629.730708,3573,219,0.624905,0.2422
24058000,6352.351261,3591,229,0.641156,0.3203
24060000,6350.278479,3572,250,0.476948,0.3594
24062000,6972.492087,3581,230,0.629525,0.3438
24064000,6008.559079,3613,219,0.386659,0.3203
24066000,5990.873554,3601,215,0.384435,0.3516
24068000,5341.687742,3615,219,0.379750,0.2578
24070000,5307.546341,3604,205,0.375271,0.2734
24072000,4916.046124,3614,209,0.188816,0.2109
24074000,5872.894002,3597,210,0.248110,0.2812
24076000,5280.724377,3583,190,0.390387,0.3203
24078000,5350.237181,3587,210,0.380410,0.2734
24080000,4653.870645,3610,215,0.248367,0.2422
24082000,5120.134445,3617,225,0.315202,0.2656
24084000,5090.062568,3585,226,0.319284,0.2969
24086000,5946.832317,3565,251,0.569929,0.3672
24088000,5958.057845,3562,235,0.600657,0.3359
24090000,5613.269931,3588,218,0.515625,0.3438
24092000,5590.897563,3569,220,0.515852,0.3203
24094000,5189.023754,3559,226,0.480594,0.2734
24096000,5521.181357,3575,222,0.417690,0.3281
24098000,4859.760597,3595,212,0.340975,0.3594
24100000,6009.824023,3586,232,0.543687,0.2188
24102000,5767.393166,3575,231,0.508504,0.3203
24104000,5731.378020,3565,228,0.452866,0.3984
24106000,5795.580450,3558,237,0.614264,0.3516
24108000,5789.196360,3565,235,0.616185,0.3438
24110000,6024.425612,3580,232,0.619203,0.3906
24112000,6066.024638,3605,210,0.621324,0.2422
24114000,5527.424503,3597,207,0.534945,0.2500
24116000,5556.807462,3576,225,0.561038,0.2969
24118000,6213.427598,3584,208,0.669163,0.3359
24120000,6257.527663,3583,235,0.669656,0.2812
24122000,6682.166187,3604,228,0.754984,0.3359
24124000,6627.794627,3585,218,0.755174,0.2891
24126000,7090.841455,3579,215,0.724838,0.2578
24128000,6547.475997,3606,196,0.747527,0.2734
24130000,3255.339398,3595,195,0.035730,0.3125
24132000,3226.032230,3608,209,0.033707,0.1719
24134000,4031.568640,3626,203,0.119271,0.2812
24136000,3973.751972,3613,206,0.115203,0.2656
24138000,3638.801678,3620,215,0.158215,0.2422
24140000,4022.552937,3608,236,0.130235,0.2266
24142000,3872.487473,3607,198,0.052841,0.2344
24144000,5060.659256,3610,194,0.370549,0.2266
24146000,5140.488172,3625,193,0.509923,0.2812
24148000,3940.821261,3629,195,0.041031,0.2969
24150000,5427.559095,3620,209,0.551168,0.3203
24152000,5409.514577,3630,216,0.551770,0.2188
24154000,5832.413820,3619,221,0.386623,0.3047
24156000,5746.272059,3613,212,0.375475,0.3125
24158000,5810.914159,3598,200,0.277347,0.2734
24160000,4302.402039,3593,208,0.069099,0.2812
24162000,6434.782380,3606,210,0.660890,0.3281
24164000,6274.021132,3586,214,0.522499,0.2969
24166000,6300.912466,3582,212,0.524473,0.2266
24168000,6350.506243,3603,207,0.510309,0.2891
24170000,6324.996444,3606,204,0.510402,0.2812
24172000,6297.824188,3600,210,0.504492,0.2969
24174000,6569.209571,3617,196,0.480752,0.2422
24176000,6939.790831,3592,204,0.750619,0.2578
24178000,7183.093646,3622,202,0.787555,0.2656
24180000,7146.633710,3589,217,0.788017,0.3281
24182000,7228.782637,3577,239,0.785570,0.2031
24184000,6874.954723,3578,237,0.738852,0.3438
24186000,6451.287308,3599,227,0.719474,0.3359
24188000,6177.976593,3585,234,0.724150,0.2344
24190000,6244.901630,3580,238,0.707408,0.2812
24192000,6272.099375,3597,214,0.717683,0.2969
24194000,6823.923553,3611,214,0.777079,0.2344
24196000,6362.836748,3610,215,0.275363,0.3203
24198000,4813.934501,3615,212,0.007332,0.2891
24200000,4383.743046,3594,202,0.012751,0.2891
24202000,3414.003020,3569,205,0.346378,0.2891
24204000,3490.433187,3554,213,0.345597,0.3047
24206000,3455.108911,3551,227,0.354467,0.2734
24208000,4380.099424,3568,209,0.038504,0.2500
24210000,4422.224984,3590,198,0.034533,0.3359
24212000,4419.020055,3609,203,0.033179,0.2500
24214000,4459.795451,3595,212,0.034231,0.3125
24216000,4360.023987,3628,196,0.029903,0.2812
24218000,5951.624882,3597,209,0.183254,0.3125
24220000,6086.993679,3592,224,0.456691,0.2891
24222000,5106.779126,3627,203,0.212109,0.2891
24224000,5264.105572,3626,186,0.140571,0.2500
24226000,5355.656609,3629,215,0.000087,0.3047
24228000,6387.391182,3607,209,0.249059,0.3828
24230000,6413.168673,3615,201,0.252322,0.2891
24232000,6408.403758,3601,224,0.250773,0.3203
24234000,6337.476741,3605,218,0.292445,0.3594
24236000,5166.727851,3582,229,0.092068,0.2500
24238000,7541.558998,3565,239,0.402444,0.2891
24240000,7656.422267,3556,236,0.359834,0.3125
24242000,7221.766131,3580,222,0.300314,0.3047
24244000,7235.321272,3586,241,0.309291,0.3125
24246000,6481.968387,3595,234,0.239303,0.2656
24248000,6009.056723,3595,233,0.411494,0.3047
24250000,5693.701583,3590,235,0.425228,0.2969
24252000,5946.820117,3578,248,0.495607,0.3203
24254000,4355.567448,3578,223,0.117655,0.3359
24256000,4360.560027,3587,213,0.123525,0.3203
24258000,5086.565945,3600,197,0.230895,0.2891
24260000,5948.989493,3633,189,0.388107,0.2578
24262000,8142.378917,3633,194,0.340325,0.2969
24264000,7395.284215,3648,203,0.302850,0.2969
24266000,6989.458296,3643,200,0.233939,0.2422
24268000,5612.136863,3645,195,0.447438,0.2656
24270000,5554.525129,3656,202,0.439445,0.2500
24272000,5804.498741,3658,192,0.500877,0.2969
24274000,5887.457872,3652,188,0.491551,0.3047
24276000,5822.721335,3654,182,0.510121,0.2422
24278000,5841.508581,3636,201,0.514634,0.2812
24280000,6991.209705,3618,201,0.471626,0.2969
24282000,7584.573221,3585,220,0.504391,0.3125
24284000,6932.297900,3590,221,0.456508,0.2891
24286000,4914.811160,3580,231,0.011567,0.2734
24288000,4836.558584,3586,243,0.011003,0.2578
24290000,6592.901651,3577,247,0.110471,0.2422
24292000,6669.190564,3560,237,0.392847,0.3047
24294000,6581.225588,3561,228,0.493179,0.2969
24296000,3753.282278,3545,232,0.092839,0.2734
24298000,4344.180511,3541,227,0.210498,0.2891
24300000,4888.211359,3553,218,0.028464,0.3281
24302000,4933.116389,3517,238,0.025669,0.4062
24304000,5008.231306,3547,231,0.285871,0.3516
24306000,4987.657824,3558,219,0.309214,0.2422
24308000,4690.682064,3549,238,0.272689,0.4219
24310000,5331.609173,3569,224,0.037534,0.3047
24312000,5329.969137,3576,231,0.032418,0.2109
24314000,5131.009105,3556,236,0.021833,0.3359
24316000,5479.530494,3574,226,0.028120,0.3047
24318000,5419.004480,3604,220,0.051996,0.2500
24320000,5402.020175,3601,210,0.056149,0.2969
24322000,4924.337888,3602,198,0.145715,0.2500
24324000,4914.200427,3589,209,0.148949,0.3828
24326000,4240.888835,3617,195,0.373019,0.2812
24328000,4405.021666,3610,203,0.144937,0.3359
24330000,5044.647883,3599,205,0.054721,0.3203
24332000,4263.109914,3613,192,0.230474,0.3281
24334000,4564.304509,3635,189,0.321301,0.3047
24336000,4670.088476,3607,206,0.169062,0.2422
24338000,4889.705773,3614,211,0.221149,0.3438
24340000,5129.185052,3610,203,0.158862,0.3125
24342000,3798.366620,3619,218,0.252113,0.2578
24344000,3749.081023,3631,212,0.257726,0.2266
24346000,4240.122657,3610,219,0.425336,0.2969
24348000,4271.326698,3602,225,0.425927,0.2188
24350000,4615.419161,3574,226,0.514784,0.2969
24352000,4598.505589,3616,217,0.514573,0.2891
24354000,4597.066143,3603,225,0.510295,0.2734
24356000,4600.988291,3610,212,0.522902,0.2734
24358000,4632.814485,3574,231,0.524635,0.3203
24360000,4644.798643,3588,218,0.535512,0.3125
24362000,4793.938331,3581,236,0.555976,0.2656
24364000,4710.623066,3568,249,0.525228,0.3125
24366000,4316.930979,3569,232,0.348222,0.3516
24368000,4273.383597,3573,235,0.341766,0.2422
24370000,4917.436751,3580,218,0.519665,0.2969
24372000,4773.499727,3598,214,0.418624,0.2344
24374000,4708.646187,3594,219,0.403220,0.3281
24376000,4728.249821,3603,230,0.415487,0.2969
24378000,4782.863501,3615,208,0.471490,0.2734
24380000,4698.334609,3637,190,0.451330,0.3047
24382000,5309.662286,3640,187,0.489765,0.2266
24384000,5495.062483,3622,190,0.386882,0.3672
24386000,4956.225091,3597,216,0.414569,0.3203
24388000,3996.655631,3596,224,0.132033,0.2812
24390000,4611.804504,3603,200,0.234404,0.3516
24392000,4690.178428,3612,192,0.291436,0.2891
24394000,4696.499742,3597,195,0.294036,0.2656
24396000,5217.961381,3604,197,0.445206,0.2344
24398000,5172.972471,3619,187,0.501780,0.2812
24400000,5242.056234,3595,193,0.472254,0.2734
24402000,4918.532675,3611,214,0.432231,0.3516
24404000,5262.563861,3563,228,0.433526,0.3047
24406000,5001.305891,3574,233,0.435033,0.2656
24408000,5100.189541,3574,236,0.421429,0.2422
24410000,5078.838820,3599,234,0.456040,0.2578
24412000,4471.583466,3580,229,0.363751,0.3125
24414000,4283.342771,3576,247,0.395012,0.3594
24416000,4256.143528,3581,231,0.391728,0.2891
24418000,4540.999038,3577,222,0.275991,0.3359
24420000,4593.466788,3578,221,0.306447,0.2344
24422000,4590.868538,3560,233,0.309452,0.3125
24424000,4437.776078,3562,240,0.218955,0.3281
24426000,4396.930971,3577,225,0.220920,0.3047
24428000,3764.883066,3623,205,0.177758,0.2578
24430000,3651.587194,3604,217,0.350292,0.3047
24432000,3592.619246,3587,230,0.265372,0.4141
24434000,3613.553449,3580,214,0.269122,0.2266
24436000,4329.364657,3601,228,0.415145,0.2812
24438000,4311.365954,3632,195,0.409468,0.2734
24440000,4368.217965,3623,234,0.467282,0.2734
24442000,4175.351272,3599,230,0.439368,0.3047
24444000,4185.913362,3594,221,0.408330,0.2734
24446000,4155.184468,3597,215,0.403681,0.3047
24448000,4172.502422,3585,212,0.404459,0.3828
24450000,4208.825664,3580,232,0.383488,0.2578
24452000,4234.261245,3580,240,0.383781,0.2656
24454000,3964.229485,3611,219,0.360133,0.3203
24456000,4552.330627,3610,215,0.485251,0.2891
24458000,4511.434205,3613,200,0.465921,0.2734
24460000,4143.507904,3619,221,0.323008,0.3828
24462000,4102.569223,3618,198,0.267215,0.3125
24464000,4064.082410,3627,194,0.250242,0.2969
24466000,4090.709337,3588,211,0.279104,0.2891
24468000,3708.469463,3621,197,0.214173,0.2422
24470000,5393.602929,3604,209,0.532917,0.2266
24472000,3507.890843,3602,225,0.125844,0.2734
24474000,3390.847838,3613,215,0.166853,0.2266
24476000,3626.477826,3594,220,0.194137,0.3125
24478000,4391.408002,3584,214,0.437658,0.2109
24480000,4376.530306,3569,207,0.440223,0.3047
24482000,4394.773994,3575,208,0.444494,0.2891
24484000,4488.084574,3547,221,0.479107,0.2969
24486000,4102.537385,3554,219,0.308256,0.2344
24488000,4069.940388,3566,221,0.304499,0.3438
24490000,4350.242729,3565,212,0.379450,0.3672
24492000,4355.069152,3558,206,0.380706,0.2891
24494000,4193.779978,3542,241,0.339926,0.2656
24496000,4243.047357,3548,221,0.336842,0.2812
24498000,4208.129039,3559,211,0.330480,0.2109
24500000,4322.184554,3561,221,0.334358,0.2422
24502000,4334.357506,3517,241,0.337185,0.2734
24504000,4328.284124,3539,231,0.332860,0.2734
24506000,4260.298947,3553,214,0.325930,0.1797
24508000,4333.281995,3608,193,0.330609,0.2734
24510000,4794.838707,3627,173,0.381479,0.2734
24512000,4848.564389,3589,201,0.336118,0.3203
24514000,5003.339785,3596,206,0.318267,0.3516
24516000,4811.205652,3583,235,0.339595,0.3281
24518000,4978.374770,3604,215,0.341450,0.3438
24520000,5005.718831,3611,206,0.352501,0.2812
24522000,5080.214444,3585,215,0.339396,0.3359
24524000,4828.260375,3567,231,0.349477,0.2734
24526000,4850.624179,3570,243,0.356311,0.3047
24528000,4938.436522,3563,230,0.367687,0.2266
24530000,4796.570072,3586,236,0.337768,0.2891
24532000,4396.705820,3588,216,0.286418,0.3438
24534000,4427.697972,3613,216,0.294977,0.3203
24536000,4022.713444,3614,222,0.096524,0.2656
24538000,4011.825577,3605,207,0.095079,0.2344
24540000,4031.962847,3625,191,0.099465,0.2578
24542000,4137.197391,3618,199,0.096147,0.3047
24544000,4125.679505,3574,226,0.102602,0.2969
24546000,4134.747430,3561,227,0.100849,0.2578
24548000,4076.178604,3575,233,0.097555,0.2812
24550000,4134.534069,3585,210,0.094649,0.2734
24552000,4647.256436,3590,206,0.259046,0.2891
24554000,4675.814108,3589,213,0.259743,0.2812
24556000,4662.870551,3578,230,0.262970,0.3281
24558000,4698.891314,3555,220,0.317276,0.2734
24560000,3751.613067,3540,223,0.072071,0.2500
24562000,3737.748012,3556,214,0.062761,0.2500
24564000,3762.893088,3547,227,0.065866,0.3516
24566000,3778.299172,3559,219,0.067778,0.2891
24568000,3906.071685,3564,215,0.062700,0.2500
24570000,3974.831986,3554,239,0.077476,0.3750
24572000,3932.585825,3568,210,0.180861,0.2969
24574000,3869.146014,3545,227,0.150336,0.2969
24576000,3982.013177,3542,240,0.020937,0.2578
24578000,5598.330588,3563,237,0.396402,0.3594
24580000,5805.121671,3545,235,0.377769,0.3438
24582000,4579.309903,3545,229,0.178794,0.3125
24584000,4809.599422,3561,233,0.392579,0.2500
24586000,5035.517506,3556,231,0.327033,0.3203
24588000,4616.571253,3558,232,0.120063,0.2656
24590000,4534.340936,3580,224,0.129690,0.3516
24592000,4976.051197,3589,212,0.475152,0.2969
24594000,5327.313812,3587,213,0.562523,0.2969
24596000,4884.166155,3590,211,0.244741,0.2578
24598000,5774.693488,3570,217,0.460409,0.2344
24600000,5923.187962,3585,200,0.664748,0.3203
24602000,5384.403497,3563,231,0.608746,0.3047
24604000,6220.792306,3541,239,0.771853,0.3203
24606000,6258.116287,3554,234,0.295276,0.3516
24608000,6220.304939,3536,243,0.300827,0.3047
24610000,7265.639941,3537,248,0.302704,0.2500
24612000,5924.925482,3545,248,0.589788,0.3750
24614000,6078.758809,3557,229,0.621749,0.3281
24616000,5778.683420,3553,232,0.392881,0.3594
24618000,6024.276846,3564,221,0.405871,0.2969
24620000,5289.507748,3551,224,0.166378,0.2891
24622000,4027.726698,3563,207,0.228320,0.2891
24624000,3970.451344,3570,207,0.235648,0.2578
24626000,4243.915446,3549,225,0.149226,0.3047
24628000,3559.497822,3550,228,0.054461,0.3906
24630000,6999.937817,3557,230,0.626965,0.2812
24632000,7476.695911,3569,214,0.486616,0.2422
24634000,7294.014878,3586,202,0.152289,0.3125
24636000,7210.541181,3569,217,0.389760,0.3672
24638000,7104.988093,3581,219,0.373172,0.3047
24640000,6751.878964,3562,231,0.505044,0.3125
24642000,6872.229698,3579,221,0.514902,0.2969
24644000,6056.932267,3579,220,0.562310,0.3125
24646000,6762.864933,3557,231,0.646401,0.3359
24648000,6840.886685,3553,222,0.650617,0.2812
24650000,6601.977192,3564,232,0.691047,0.3047
24652000,6325.443922,3579,231,0.615908,0.2578
24654000,7483.742413,3578,232,0.638745,0.3516
24656000,7760.964470,3582,226,0.647644,0.2500
24658000,7402.079330,3580,236,0.634845,0.2656
24660000,7340.044320,3575,249,0.619478,0.3281
24662000,6891.823400,3601,216,0.605909,0.3203
24664000,5309.710522,3589,216,0.504639,0.2812
24666000,5892.679778,3597,209,0.328993,0.2656
24668000,5886.143695,3622,207,0.320369,0.2812
24670000,5934.603071,3605,231,0.331988,0.2891
24672000,3845.743386,3573,230,0.010385,0.3438
24674000,4316.919573,3594,215,0.200181,0.2344
24676000,6003.019239,3599,224,0.566395,0.3828
24678000,5391.381138,3607,213,0.132527,0.3438
24680000,5341.985991,3602,217,0.096127,0.2734
24682000,4099.860327,3612,221,0.006710,0.2734
24684000,4069.542714,3633,209,0.018396,0.2422
24686000,4310.760566,3619,210,0.022339,0.3203
24688000,5943.349207,3626,208,0.193709,0.2031
24690000,5909.308872,3617,209,0.187680,0.2812
24692000,6253.724061,3612,216,0.587545,0.3516
24694000,6397.161089,3651,198,0.528864,0.2656
24696000,5492.679449,3626,208,0.204376,0.2500
24698000,5360.762205,3624,201,0.228932,0.2031
24700000,5382.409308,3619,221,0.232796,0.3047
24702000,5563.718305,3637,201,0.496545,0.2969
24704000,5605.697613,3629,189,0.505700,0.3203
24706000,5955.288206,3614,200,0.387539,0.2812
24708000,5775.653141,3602,223,0.177853,0.2734
24710000,5074.449957,3572,241,0.185036,0.3516
24712000,5140.407737,3582,224,0.165984,0.2812
24714000,4764.555538,3601,226,0.183729,0.3125
24716000,5118.914602,3581,226,0.261627,0.2422
24718000,6496.800579,3574,235,0.260423,0.3359
24720000,6529.383719,3564,246,0.256663,0.2422
24722000,6745.416362,3557,238,0.261918,0.3203
24724000,5279.148622,3547,236,0.204906,0.2891
24726000,5723.561146,3594,206,0.252030,0.3203
24728000,5621.316042,3594,205,0.176249,0.3047
24730000,4916.911570,3599,212,0.114032,0.2500
24732000,4780.056324,3593,211,0.215424,0.2578
24734000,5029.148292,3581,216,0.323199,0.3047
24736000,5337.991386,3569,219,0.039413,0.3203
24738000,5615.991545,3581,217,0.014016,0.2500
24740000,5237.460227,3602,209,0.002040,0.2656
24742000,5267.360067,3556,228,0.043812,0.2812
24744000,6722.783509,3556,233,0.475642,0.2891
24746000,7281.520864,3557,242,0.743974,0.3672
24748000,3926.269784,3556,229,0.079273,0.2969
24750000,4457.257234,3530,235,0.184579,0.3359
24752000,3636.559991,3527,238,0.025076,0.3047
24754000,4152.729114,3529,253,0.012365,0.3516
24756000,3929.065553,3550,258,0.072128,0.3594
24758000,4041.206508,3550,247,0.100176,0.3594
24760000,4033.835617,3547,257,0.096345,0.3125
24762000,3751.458503,3562,252,0.140756,0.1797
24764000,4112.919821,3588,248,0.286412,0.2656
24766000,4825.346125,3608,234,0.308425,0.3047
24768000,3733.323207,3594,215,0.055577,0.3125
24770000,5808.326779,3626,197,0.297053,0.2656
24772000,6211.042346,3624,210,0.369988,0.2500
24774000,6583.300213,3609,233,0.069824,0.2734
24776000,6885.582193,3609,223,0.221881,0.3125
24778000,7169.955473,3592,224,0.472332,0.2812
24780000,7113.557278,3593,228,0.483735,0.2891
24782000,6278.714387,3651,220,0.530686,0.3203
24784000,6284.708509,3650,211,0.260083,0.2031
24786000,6326.726521,3624,213,0.300897,0.2812
24788000,6361.157586,3591,224,0.282221,0.2891
24790000,6337.340713,3589,220,0.276101,0.2500
24792000,6303.030566,3576,224,0.272920,0.3906
24794000,6285.234325,3581,220,0.272983,0.3359
24796000,6589.978145,3553,235,0.296381,0.3203
24798000,6531.723728,3551,251,0.308451,0.3281
24800000,6576.964728,3539,246,0.306921,0.3750
24802000,5217.989757,3555,244,0.388083,0.2969
24804000,5226.413597,3568,244,0.491840,0.3359
24806000,5424.103771,3569,242,0.494623,0.3125
24808000,5027.719287,3587,228,0.527910,0.2656
24810000,4722.195578,3588,221,0.523392,0.3359
24812000,4421.165105,3607,205,0.464495,0.3359
24814000,4585.674590,3603,213,0.219559,0.2266
24816000,4571.619386,3602,230,0.215664,0.2891
24818000,4607.908855,3607,230,0.202150,0.3750
24820000,4427.104089,3597,244,0.451663,0.3750
24822000,5486.843535,3593,232,0.288220,0.2578
24824000,5846.728143,3588,229,0.234592,0.3359
24826000,5895.954479,3577,221,0.241848,0.2656
24828000,5893.538172,3592,211,0.082020,0.3125
24830000,5409.911379,3608,208,0.093427,0.3359
24832000,5229.953465,3609,229,0.066639,0.2578
24834000,5051.994195,3597,231,0.026816,0.3672
24836000,4746.165693,3594,219,0.135865,0.2734
24838000,4827.821117,3601,223,0.144316,0.2578
24840000,5005.908760,3640,214,0.148938,0.3203
24842000,4998.603177,3621,207,0.145082,0.3281
24844000,3886.944363,3618,213,0.201809,0.3281
24846000,3898.270666,3609,218,0.207194,0.2891
24848000,4107.942244,3567,247,0.322138,0.3359
24850000,4147.224412,3589,233,0.323307,0.3203
24852000,4073.985707,3576,234,0.256775,0.2656
24854000,5841.025217,3591,229,0.585751,0.3828
24856000,5909.169794,3587,220,0.593130,0.3359
24858000,5410.141747,3584,218,0.560940,0.2344
24860000,5129.616659,3569,229,0.546299,0.3281
24862000,4252.511226,3549,249,0.276859,0.3281
24864000,5936.197155,3537,255,0.615273,0.2266
24866000,5921.596180,3567,232,0.635798,0.2812
24868000,5907.524908,3561,223,0.635311,0.2656
24870000,5901.754620,3602,196,0.640498,0.2422
24872000,5976.185777,3622,188,0.637430,0.3125
24874000,5586.927639,3601,199,0.606229,0.2734
24876000,5555.793209,3600,191,0.605144,0.3125
24878000,5774.850647,3626,191,0.582558,0.3281
24880000,5853.624437,3620,207,0.613712,0.2734
24882000,5281.554009,3647,204,0.547301,0.2500
24884000,5265.886972,3618,220,0.584558,0.2734
24886000,5262.197759,3625,223,0.586540,0.2734
24888000,4376.911048,3631,210,0.319089,0.2891
24890000,5315.962272,3638,204,0.504659,0.1719
24892000,5782.749343,3608,203,0.630573,0.2188
24894000,5740.312776,3572,235,0.626560,0.2969
24896000,5158.460230,3565,228,0.552483,0.3359
24898000,4784.316701,3572,219,0.488085,0.2656
24900000,3927.498430,3545,229,0.189743,0.3125
24902000,4451.821176,3555,222,0.305732,0.2812
24904000,6842.439534,3591,193,0.669890,0.2734
24906000,8309.125598,3575,226,0.778918,0.3047
24908000,8162.730911,3547,228,0.771456,0.3281
24910000,8175.060984,3582,218,0.767828,0.2109
24912000,8187.571673,3593,203,0.723115,0.2812
24914000,5915.969798,3592,196,0.384902,0.3438
24916000,3934.900250,3557,225,0.307894,0.3359
24918000,3964.120393,3558,216,0.303080,0.3125
24920000,3958.248374,3597,201,0.341217,0.2656
24922000,4124.232923,3564,234,0.345833,0.2891
24924000,7271.564111,3545,242,0.651710,0.3203
24926000,8575.904531,3529,255,0.608202,0.2734
24928000,9313.037417,3530,258,0.621119,0.2656
24930000,9833.421026,3546,242,0.771563,0.2344
24932000,9305.535477,3528,258,0.803679,0.3203
24934000,6496.647336,3550,229,0.503262,0.3203
24936000,6196.131548,3551,223,0.538673,0.3281
24938000,9199.450614,3566,216,0.795400,0.2969
24940000,9870.094426,3590,208,0.844443,0.2891
24942000,6454.141101,3602,205,0.374972,0.2734
24944000,5057.432369,3606,194,0.263520,0.3125
24946000,5989.888610,3607,199,0.374578,0.2891
24948000,7742.542426,3594,203,0.785332,0.2656
24950000,7793.156079,3571,225,0.784529,0.2578
24952000,7829.829959,3570,223,0.776894,0.3047
24954000,6981.845319,3575,217,0.747629,0.3203
24956000,6740.674815,3585,222,0.721525,0.3438
24958000,6801.094825,3570,219,0.728381,0.3203
24960000,4573.202428,3567,209,0.262127,0.3125
24962000,6478.188906,3561,231,0.577301,0.2734
24964000,6436.792433,3567,228,0.582253,0.3047
24966000,6444.680792,3591,240,0.579665,0.2188
24968000,6909.948021,3543,224,0.731500,0.3359
24970000,6860.451685,3576,216,0.770074,0.2734
24972000,6641.020234,3576,226,0.435072,0.2812
24974000,6848.773781,3570,232,0.588325,0.3203
24976000,6874.743003,3535,242,0.608313,0.3438
24978000,6928.832044,3540,230,0.573111,0.2500
24980000,4782.761083,3541,224,0.146812,0.2500
24982000,4854.511171,3581,213,0.191862,0.2188
24984000,4857.281353,3583,202,0.193244,0.2812
24986000,5069.396071,3552,219,0.219996,0.2500
24988000,5069.146599,3556,228,0.213559,0.2734
24990000,4864.447597,3574,226,0.357432,0.3047
24992000,4759.746121,3587,220,0.345991,0.3203
24994000,4679.051175,3580,221,0.338425,0.2656
24996000,5726.657049,3590,209,0.518718,0.2891
24998000,6052.017986,3611,212,0.546821,0.3125
25000000,5281.005546,3607,207,0.399168,0.2812
25002000,5244.925388,3617,209,0.390190,0.2422
25004000,5123.082399,3612,219,0.379852,0.2188
25006000,7520.332696,3614,217,0.705969,0.3125
25008000,4836.734917,3613,212,0.598912,0.3438
25010000,4242.735441,3615,213,0.004185,0.2891
25012000,3727.031352,3614,200,0.065309,0.2578
25014000,3731.440683,3605,184,0.064380,0.3438
25016000,3420.627397,3590,196,0.040244,0.2812
25018000,3434.139034,3603,207,0.043903,0.2031
25020000,3615.491815,3603,213,0.100151,0.2422
25022000,3769.262579,3620,220,0.074236,0.3125
25024000,4900.804930,3608,216,0.354895,0.2734
25026000,4789.241604,3589,209,0.389454,0.2969
25028000,4858.554258,3610,215,0.388661,0.2344
25030000,5158.140325,3619,212,0.637956,0.2422
25032000,5097.286262,3597,216,0.634414,0.2344
25034000,5142.112077,3576,232,0.639521,0.3438
25036000,5229.264478,3585,227,0.645436,0.3203
25038000,5282.948537,3585,228,0.453726,0.2969
25040000,5189.321264,3554,236,0.423764,0.3281
25042000,5126.324248,3540,246,0.493919,0.3750
25044000,4972.425698,3525,245,0.638174,0.2812
25046000,4957.290117,3529,245,0.640519,0.3203
25048000,4630.368643,3569,226,0.212685,0.3203
25050000,4616.562600,3562,239,0.227121,0.2422
25052000,4768.634640,3531,245,0.215290,0.3672
25054000,4888.749331,3553,226,0.243940,0.2734
25056000,5391.162470,3573,221,0.286444,0.2734
25058000,3747.231813,3592,212,0.087377,0.3047
25060000,3601.732033,3600,195,0.130286,0.2188
25062000,4509.892842,3603,205,0.187512,0.2656
25064000,4792.085486,3570,230,0.269120,0.3203
25066000,4432.150502,3537,254,0.132571,0.3281
25068000,4362.963243,3536,242,0.129933,0.3359
25070000,4101.353612,3537,241,0.092216,0.2734
25072000,4105.842389,3554,216,0.074131,0.3359
25074000,4411.038368,3530,251,0.155038,0.2656
25076000,4366.612836,3540,231,0.152457,0.2812
25078000,4147.124562,3568,207,0.059456,0.2578
25080000,5727.861431,3578,212,0.505785,0.3828
25082000,5870.705383,3570,203,0.652036,0.2812
25084000,5886.845780,3521,229,0.653275,0.3125
25086000,5835.527882,3519,214,0.496817,0.2812
25088000,6744.967488,3554,213,0.499083,0.2500
25090000,5742.972340,3594,207,0.504927,0.2969
25092000,6520.168031,3575,203,0.680418,0.2969
25094000,7513.698502,3547,203,0.727337,0.2656
25096000,5928.475897,3562,206,0.390773,0.2969
25098000,5999.948980,3590,194,0.378223,0.3359
25100000,5993.066792,3574,208,0.378961,0.2578
25102000,6459.592810,3529,223,0.431400,0.3125
25104000,4151.894835,3528,229,0.161656,0.2812
25106000,7600.647422,3558,208,0.508573,0.2891
25108000,8146.621608,3577,197,0.579613,0.3047
25110000,8235.816014,3583,200,0.790809,0.3516
25112000,8233.815124,3581,208,0.808576,0.3203
25114000,7733.108826,3573,209,0.740380,0.3125
25116000,7551.386861,3572,214,0.808724,0.2578
25118000,7752.620677,3605,205,0.799627,0.2422
25120000,7814.098519,3601,207,0.795888,0.2188
25122000,7787.203641,3597,207,0.799403,0.2578
25124000,7300.165530,3625,191,0.778441,0.2500
25126000,7403.672562,3614,202,0.800462,0.2656
25128000,7373.789661,3591,195,0.804107,0.2812
25130000,5281.103504,3610,201,0.353634,0.2188
25132000,5181.105673,3616,204,0.325526,0.2891
25134000,8370.405880,3628,186,0.735295,0.3359
25136000,7714.177495,3618,197,0.734615,0.2734
25138000,5532.952851,3599,214,0.266130,0.3047
25140000,7184.282602,3600,199,0.621984,0.2500
25142000,6751.409504,3606,200,0.593349,0.2578
25144000,5207.196847,3594,208,0.586819,0.2422
25146000,4847.426189,3567,214,0.551741,0.3047
25148000,5396.570076,3552,224,0.534231,0.3281
25150000,5755.626975,3552,208,0.566747,0.2891
25152000,4287.784122,3546,204,0.525099,0.3047
25154000,6765.863842,3518,216,0.804888,0.3125
25156000,6155.161436,3513,223,0.745597,0.1875
25158000,4351.360758,3512,223,0.072059,0.3438
25160000,4186.322132,3471,277,0.058340,0.2578
25162000,4434.611433,3495,251,0.140093,0.3750
25164000,3952.051362,3528,245,0.022192,0.2578
25166000,3876.886694,3536,234,0.015467,0.3047
25168000,5013.226482,3526,244,0.416744,0.3281
25170000,4988.082681,3561,215,0.412793,0.2500
25172000,4523.609804,3589,207,0.344963,0.2500
25174000,5091.322676,3592,199,0.431191,0.2109
25176000,5109.852596,3578,214,0.427370,0.3281
25178000,6433.231198,3559,219,0.773998,0.2422
25180000,6390.343678,3585,223,0.769170,0.2969
25182000,6276.753077,3560,228,0.768633,0.2656
25184000,5445.299524,3564,229,0.452824,0.2734
25186000,5168.680031,3573,224,0.269751,0.2891
25188000,7567.624947,3560,242,0.841483,0.3281
25190000,6694.973619,3562,227,0.677195,0.3047
25192000,7827.957772,3536,245,0.819313,0.2969
25194000,7998.507080,3529,236,0.846581,0.3125
25196000,7844.330115,3540,225,0.849950,0.3281
25198000,8013.326346,3532,230,0.867160,0.3125
25200000,5931.877746,3537,226,0.647978,0.2188
25202000,5971.916036,3537,235,0.648843,0.2734
25204000,6235.076980,3561,229,0.646209,0.2891
25206000,6231.139801,3595,218,0.646852,0.3359
25208000,5536.262990,3598,243,0.398705,0.2578
25210000,6469.040626,3588,246,0.531854,0.3281
25212000,5944.340187,3584,221,0.656326,0.3672
25214000,6336.630814,3589,220,0.741320,0.2578
25216000,6188.911749,3613,211,0.707134,0.3203
25218000,6750.687921,3619,204,0.769503,0.2969
25220000,6370.324368,3635,201,0.636492,0.3281
25222000,5666.760625,3643,197,0.555841,0.2656
25224000,8166.609482,3613,212,0.752820,0.3672
25226000,7810.773888,3608,206,0.753429,0.2969
25228000,4733.314173,3589,218,0.129017,0.2891
25230000,5257.710569,3583,217,0.393256,0.3359
25232000,4159.792994,3591,229,0.180031,0.2969
25234000,4155.369410,3597,239,0.180590,0.3125
25236000,4441.479766,3591,231,0.431230,0.2578
25238000,4435.663751,3634,200,0.427939,0.3047
25240000,3717.183864,3624,210,0.362896,0.2969
25242000,3556.542252,3621,209,0.388113,0.2031
25244000,4658.138049,3596,209,0.404891,0.2500
25246000,5971.195587,3609,219,0.303123,0.2812
25248000,6448.082240,3626,228,0.364508,0.3125
25250000,5703.578966,3608,231,0.563659,0.3516
25252000,6230.049894,3615,235,0.416887,0.2578
25254000,5109.253508,3612,239,0.454253,0.2812
25256000,4855.656928,3627,237,0.487228,0.3359
25258000,4563.483226,3657,211,0.452882,0.2891
25260000,4378.082801,3646,207,0.001828,0.2188
25262000,5371.590568,3645,208,0.518155,0.2891
25264000,5376.044108,3633,213,0.519420,0.2500
25266000,4567.347356,3651,197,0.340266,0.3359
25268000,4534.890033,3654,200,0.341898,0.2969
25270000,4578.657160,3639,186,0.333218,0.3203
25272000,4146.900899,3645,210,0.069223,0.3359
25274000,4760.438570,3665,206,0.295465,0.3047
25276000,5290.577562,3662,204,0.320781,0.2266
25278000,4891.535351,3655,202,0.396797,0.2891
25280000,5733.878453,3651,197,0.457045,0.2344
25282000,5223.835971,3632,204,0.518772,0.2578
25284000,5236.291848,3628,222,0.504982,0.3984
25286000,4726.091619,3629,202,0.424277,0.3516
25288000,3619.463773,3634,204,0.018917,0.2891
25290000,4577.293399,3635,202,0.421442,0.2812
25292000,4527.986120,3618,201,0.395478,0.2812
25294000,3647.157786,3622,199,0.051809,0.2734
25296000,3659.090448,3652,191,0.051409,0.2578
25298000,4541.941023,3653,204,0.392722,0.3047
25300000,4592.931137,3647,210,0.389940,0.3359
25302000,5276.767032,3642,207,0.567590,0.2422
25304000,5276.083874,3653,196,0.564355,0.3594
25306000,6036.761390,3668,186,0.606678,0.2969
25308000,5795.036828,3652,185,0.550021,0.2266
25310000,6141.066809,3653,202,0.657685,0.2578
25312000,5946.789635,3621,210,0.591229,0.3047
25314000,5755.406646,3599,231,0.560672,0.3594
25316000,5771.733655,3637,204,0.553544,0.2656
25318000,5855.625508,3630,212,0.564763,0.2188
25320000,5588.788533,3643,191,0.443790,0.2734
25322000,5566.740647,3641,203,0.452179,0.3906
25324000,5440.719987,3607,210,0.458611,0.3281
25326000,5371.228127,3606,213,0.387007,0.2734
25328000,5394.908958,3640,204,0.366545,0.2812
25330000,4766.655945,3638,208,0.375783,0.3594
25332000,4764.931172,3653,201,0.389681,0.2812
25334000,4587.989037,3627,206,0.455644,0.3438
25336000,4682.314914,3654,209,0.455250,0.2891
25338000,4509.239750,3656,196,0.436638,0.3203
25340000,2851.929215,3612,212,0.074610,0.3125
25342000,2841.817595,3613,210,0.072216,0.2188
25344000,3103.247500,3627,214,0.086890,0.3359
25346000,3126.312225,3614,196,0.085483,0.3125
25348000,3145.205988,3608,194,0.084431,0.2812
25350000,2941.060904,3626,195,0.081618,0.3203
25352000,3020.397897,3619,192,0.075147,0.3281
25354000,3031.561843,3582,211,0.074021,0.3203
25356000,3094.420931,3593,210,0.067290,0.2266
25358000,3942.522515,3557,224,0.206108,0.3281
25360000,3766.900900,3558,230,0.186217,0.2812
25362000,3820.919987,3585,220,0.188254,0.3281
25364000,3972.477324,3580,231,0.233967,0.2422
25366000,3941.937664,3565,228,0.232994,0.2656
25368000,3925.009049,3586,217,0.226480,0.3203
25370000,3924.945947,3590,199,0.228741,0.2344
25372000,3926.327055,3598,213,0.228294,0.3047
25374000,3890.997916,3577,212,0.215927,0.3281
25376000,3874.624968,3570,229,0.216223,0.3516
25378000,4575.825636,3548,238,0.357617,0.3281
25380000,4871.253131,3545,241,0.325403,0.3438
25382000,4925.684958,3540,239,0.332361,0.3672
25384000,4561.059360,3537,236,0.252440,0.3438
25386000,4216.419656,3568,205,0.127555,0.2812
25388000,4002.031753,3573,217,0.161545,0.2812
25390000,4162.134995,3585,211,0.123897,0.3281
25392000,3364.256885,3564,229,0.110640,0.3281
25394000,3348.607094,3575,229,0.108475,0.3125
25396000,4135.977411,3576,228,0.165373,0.3047
25398000,4042.670984,3586,235,0.115595,0.3047
25400000,4043.405927,3579,230,0.099882,0.2422
25402000,4212.671358,3580,237,0.162832,0.2812
25404000,3405.972593,3572,223,0.089395,0.3906
25406000,3266.700912,3580,214,0.041598,0.3438
25408000,3278.598717,3607,203,0.038657,0.2578
25410000,3257.224671,3604,213,0.039295,0.3203
25412000,4471.270019,3621,199,0.417000,0.3281
25414000,3869.659502,3623,211,0.264648,0.2969
25416000,3558.106170,3629,210,0.080983,0.2656
25418000,3629.164989,3629,205,0.171291,0.2422
25420000,4386.228573,3614,205,0.168529,0.3203
25422000,4235.108315,3604,217,0.278373,0.2891
25424000,4496.314921,3585,214,0.328177,0.2891
25426000,4453.215347,3576,222,0.324204,0.3203
25428000,5024.531662,3564,234,0.465761,0.3047
25430000,5030.763084,3564,232,0.474805,0.3750
25432000,5011.019292,3586,218,0.472636,0.3047
25434000,4530.623319,3585,236,0.373137,0.2812
25436000,4881.959448,3607,220,0.264638,0.2812
25438000,5268.294616,3595,203,0.394510,0.3438
25440000,5142.818056,3592,209,0.387838,0.2500
25442000,5380.204510,3580,211,0.427079,0.3359
25444000,4907.532202,3568,227,0.435822,0.3359
25446000,4920.302492,3574,235,0.492854,0.3750
25448000,5044.517868,3549,229,0.507742,0.2891
25450000,4271.285568,3571,223,0.325705,0.3047
25452000,4250.403157,3588,213,0.324128,0.3203
25454000,3883.572265,3579,221,0.265917,0.3203
25456000,4464.735149,3558,238,0.409846,0.2656
25458000,4659.849432,3593,217,0.464071,0.2969
25460000,4368.674124,3612,206,0.323367,0.2578
25462000,3331.576728,3617,211,0.104787,0.2891
25464000,4299.122679,3601,205,0.374229,0.2422
25466000,3982.350174,3571,224,0.332885,0.2734
25468000,3951.963105,3566,225,0.316977,0.2266
25470000,4011.783240,3556,229,0.325472,0.3125
25472000,3574.167714,3559,238,0.284978,0.3750
25474000,3559.498086,3571,223,0.121725,0.2891
25476000,3824.091471,3561,222,0.169679,0.2891
25478000,3834.703409,3580,221,0.160807,0.2656
25480000,5288.700583,3558,233,0.369091,0.3359
25482000,5369.688384,3550,239,0.371055,0.2578
25484000,5478.748303,3504,244,0.379824,0.3203
25486000,5539.485893,3511,252,0.424106,0.3203
25488000,4809.424072,3538,242,0.329834,0.2969
25490000,4805.464205,3571,217,0.324621,0.3281
25492000,4922.540591,3564,216,0.336683,0.3281
25494000,4597.073754,3560,231,0.415351,0.3359
25496000,4574.603424,3579,222,0.351850,0.2891
25498000,4793.252515,3587,222,0.341380,0.2500
25500000,3780.263015,3594,219,0.137666,0.3125
25502000,3945.073530,3572,236,0.156021,0.2578
25504000,3709.757042,3578,231,0.100777,0.2500
25506000,3661.097379,3597,217,0.094800,0.2969
25508000,3698.497264,3617,215,0.122305,0.2969
25510000,4007.990477,3615,232,0.299825,0.2969
25512000,4046.220352,3606,232,0.315984,0.2422
25514000,4016.377563,3631,205,0.312051,0.2812
25516000,4043.054227,3634,202,0.314379,0.2812
25518000,4144.942884,3615,211,0.284734,0.2344
25520000,4277.310975,3603,195,0.237921,0.2891
25522000,4298.938330,3618,196,0.196461,0.3047
25524000,4613.324119,3605,209,0.282532,0.2812
25526000,4530.966314,3589,216,0.278270,0.3203
25528000,4606.541826,3579,210,0.417095,0.2969
25530000,4955.695564,3610,188,0.336879,0.2812
25532000,4295.638858,3581,180,0.286456,0.2500
25534000,4181.855504,3577,214,0.267362,0.3125
25536000,4164.697637,3595,197,0.268324,0.1953
25538000,3297.500955,3580,212,0.173887,0.3672
25540000,3378.019212,3595,223,0.215827,0.2812
25542000,3380.274700,3581,228,0.218843,0.2188
25544000,3397.370517,3557,213,0.196676,0.3125
25546000,3388.224581,3564,213,0.196809,0.2812
25548000,3395.584426,3535,234,0.181062,0.3438
25550000,4701.552662,3540,217,0.393930,0.2891
25552000,4849.912427,3543,219,0.419053,0.2656
25554000,3765.044375,3522,226,0.316237,0.3359
25556000,4445.551509,3516,242,0.346871,0.1797
25558000,3419.073182,3529,242,0.136397,0.2500
25560000,3434.125363,3522,249,0.136900,0.3281
25562000,3453.189979,3548,239,0.136865,0.3281
25564000,3650.247198,3561,237,0.392411,0.3516
25566000,3644.460124,3552,230,0.393420,0.2422
25568000,3569.907620,3569,233,0.364489,0.3672
25570000,4917.368904,3568,235,0.609213,0.2109
25572000,4429.239439,3556,228,0.526069,0.2500
25574000,4445.604242,3574,228,0.530887,0.3359
25576000,6524.299818,3583,225,0.692013,0.2656
25578000,6463.437713,3602,201,0.695762,0.2656
25580000,6475.539743,3604,202,0.691607,0.2969
25582000,6429.162986,3629,197,0.690559,0.2031
25584000,5870.267844,3620,203,0.275242,0.2344
25586000,7185.102281,3596,213,0.567147,0.2344
25588000,6713.424928,3570,216,0.464132,0.3125
25590000,7068.859790,3569,233,0.491180,0.3594
25592000,7606.833802,3552,236,0.657432,0.3125
25594000,6533.387616,3571,224,0.346947,0.3359
25596000,8314.107946,3568,229,0.688170,0.2578
25598000,7360.935644,3562,225,0.783578,0.3359
25600000,7472.765187,3536,251,0.787364,0.3984
25602000,7043.550943,3537,243,0.782092,0.2734
25604000,6999.438906,3526,251,0.782972,0.3672
25606000,5888.015859,3542,246,0.527216,0.3281
25608000,6042.347823,3541,240,0.558232,0.2578
25610000,6946.495167,3544,244,0.805761,0.2969
25612000,6142.437324,3514,242,0.754236,0.2422
25614000,5913.047610,3524,244,0.729826,0.2969
25616000,5560.737704,3537,246,0.705414,0.3750
25618000,5631.841483,3548,245,0.682840,0.3047
25620000,5565.389113,3563,237,0.683797,0.3125
25622000,4915.948642,3572,208,0.489306,0.2734
25624000,5514.168984,3580,204,0.671306,0.3047
25626000,5517.772397,3611,205,0.670298,0.2500
25628000,5516.548262,3646,186,0.645363,0.2812
25630000,5447.309242,3616,214,0.680820,0.3359
25632000,6584.728079,3594,221,0.682172,0.3203
25634000,6325.711631,3620,208,0.599835,0.2734
25636000,6331.565288,3615,214,0.601118,0.2734
25638000,6469.405048,3586,224,0.634584,0.2969
25640000,7021.373866,3581,246,0.675029,0.2812
25642000,6872.055274,3573,230,0.673704,0.3281
25644000,6758.978878,3603,234,0.645887,0.2891
25646000,5427.064365,3620,217,0.260819,0.3047
25648000,5411.412000,3599,225,0.257738,0.2734
25650000,5459.693419,3598,214,0.255229,0.2656
25652000,5672.447412,3619,208,0.379281,0.2422
25654000,6800.632154,3607,207,0.610586,0.2734
25656000,7600.217463,3586,208,0.849905,0.2812
25658000,5776.548194,3599,219,0.376038,0.2500
25660000,4758.066907,3611,223,0.109168,0.2734
25662000,4758.285641,3634,194,0.115574,0.2500
25664000,4754.122535,3649,197,0.113162,0.2109
25666000,4689.114478,3669,184,0.115682,0.2266
25668000,6437.615461,3629,198,0.623734,0.2656
25670000,6388.061137,3611,206,0.532570,0.2812
25672000,5977.225022,3607,216,0.598869,0.2656
25674000,5657.113491,3587,222,0.578717,0.2891
25676000,5047.208192,3578,218,0.088872,0.2578
25678000,6830.193449,3571,191,0.699977,0.2109
25680000,7055.154706,3580,194,0.735911,0.2188
25682000,6805.512994,3571,204,0.636191,0.2500
25684000,7412.711388,3544,221,0.826087,0.2734
25686000,7304.856957,3576,215,0.815155,0.2891
25688000,5353.800043,3573,220,0.580749,0.3281
25690000,5284.564487,3569,225,0.581392,0.3438
25692000,5265.368164,3549,228,0.578576,0.3281
25694000,6536.502389,3590,211,0.774649,0.3359
25696000,6493.014012,3571,203,0.765670,0.2656
25698000,7143.973546,3563,220,0.853315,0.3203
25700000,7439.648418,3565,216,0.854056,0.2969
25702000,7412.606481,3578,228,0.856943,0.3203
25704000,6319.377604,3596,220,0.708191,0.3359
25706000,6252.960563,3565,204,0.691175,0.2656
25708000,7525.823720,3575,206,0.825438,0.3359
25710000,6471.552181,3609,201,0.400174,0.3359
25712000,6205.703840,3600,201,0.744167,0.3125
25714000,5876.536878,3604,188,0.638132,0.3438
25716000,6171.436640,3628,188,0.665613,0.3125
25718000,6196.116711,3614,198,0.669434,0.3828
25720000,5644.780986,3613,201,0.632875,0.2422
25722000,6014.265131,3606,211,0.660520,0.2969
25724000,5365.073566,3602,218,0.490605,0.3516
25726000,5411.994212,3578,240,0.489932,0.2578
25728000,5589.326641,3584,232,0.626592,0.3281
25730000,5898.140647,3574,217,0.549983,0.3203
25732000,5870.019674,3576,220,0.527367,0.2812
25734000,6047.321681,3559,241,0.533863,0.3359
25736000,6156.462596,3553,240,0.537996,0.2891
25738000,5268.510345,3565,236,0.393789,0.3203
25740000,5939.336807,3560,227,0.367094,0.3125
25742000,5892.207147,3562,230,0.343270,0.3594
25744000,5311.583892,3563,211,0.348003,0.3359
25746000,4540.850392,3579,211,0.503607,0.2812
25748000,4750.034652,3582,216,0.537602,0.3203
25750000,4298.715819,3574,215,0.253899,0.3125
25752000,4295.587131,3561,234,0.245147,0.2812
25754000,4442.718617,3549,252,0.520361,0.2969
25756000,5936.241300,3551,238,0.571822,0.2969
25758000,5999.556250,3544,226,0.554218,0.2656
25760000,7509.910477,3541,224,0.752009,0.2891
25762000,7630.050989,3542,243,0.650192,0.2969
25764000,7615.393752,3537,242,0.662297,0.2734
25766000,8027.487171,3573,230,0.644153,0.2656
25768000,5174.277288,3591,205,0.291449,0.2188
25770000,5087.679076,3569,233,0.284390,0.2344
25772000,6842.452643,3538,234,0.496243,0.3047
25774000,6898.502577,3564,235,0.498392,0.1953
25776000,8392.182511,3573,245,0.618694,0.3203
25778000,7318.270361,3575,234,0.395585,0.3438
25780000,9565.085023,3553,230,0.807489,0.3359
25782000,9258.352255,3586,224,0.804028,0.2812
25784000,9884.049687,3586,218,0.820337,0.3594
25786000,10360.820706,3615,215,0.813243,0.3125
25788000,7941.148547,3612,210,0.700845,0.2734
25790000,7801.660551,3613,223,0.717698,0.3281
25792000,7752.413260,3619,226,0.717130,0.3594
25794000,6941.161400,3624,227,0.744587,0.2969
25796000,5376.195194,3643,224,0.281694,0.3438
25798000,4820.413053,3630,212,0.173690,0.2031
25800000,6923.677726,3637,199,0.776095,0.3125
25802000,6946.572613,3611,195,0.777773,0.1484
25804000,6479.054774,3592,211,0.728028,0.3359
25806000,6474.585085,3605,215,0.732435,0.2734
25808000,6106.200740,3605,224,0.514007,0.2891
25810000,6268.815847,3612,241,0.714573,0.3203
25812000,6619.554134,3571,241,0.796162,0.3203
25814000,6650.518574,3573,231,0.739477,0.3438
25816000,5953.172181,3587,226,0.574508,0.3359
25818000,5942.897745,3599,220,0.647959,0.3125
25820000,5886.183888,3591,217,0.595104,0.3047
25822000,6040.080450,3598,208,0.617937,0.3047
25824000,4877.240349,3627,201,0.399911,0.2812
25826000,5291.396821,3613,200,0.364204,0.3281
25828000,4682.355979,3601,221,0.374474,0.2734
25830000,4433.211797,3603,199,0.367600,0.2969
25832000,4541.987884,3607,224,0.359243,0.3281
25834000,4329.964233,3601,224,0.208768,0.2656
25836000,6623.248334,3574,235,0.667630,0.2812
25838000,6565.493618,3578,222,0.675152,0.3438
25840000,3281.782405,3564,222,0.076115,0.2422
25842000,3192.952307,3580,237,0.075426,0.2578
25844000,3317.602109,3576,212,0.102148,0.2969
25846000,3362.130854,3568,205,0.073180,0.3438
25848000,3358.902984,3562,199,0.068757,0.2734
25850000,3341.030693,3556,225,0.058729,0.2734
25852000,3242.314179,3538,224,0.112484,0.3359
25854000,3382.116066,3535,225,0.161360,0.2812
25856000,3605.764610,3534,252,0.166943,0.2578
25858000,3324.427305,3556,212,0.184759,0.2656
25860000,3349.343858,3530,225,0.177397,0.3125
25862000,3494.790837,3520,238,0.187404,0.2969
25864000,3547.828012,3523,239,0.156105,0.2812
25866000,3687.296675,3521,238,0.185689,0.3047
25868000,3671.879296,3538,248,0.183204,0.3750
25870000,5205.168969,3530,226,0.575657,0.2500
25872000,4105.083753,3536,222,0.132780,0.3203
25874000,4113.875208,3538,216,0.139347,0.3516
25876000,4051.222527,3568,214,0.163945,0.3203
25878000,4280.273338,3564,207,0.192859,0.2500
25880000,4156.614058,3570,208,0.292297,0.3203
25882000,4047.470427,3543,230,0.255438,0.2656
25884000,4004.044331,3591,201,0.250863,0.3594
25886000,4178.457533,3583,219,0.199223,0.3203
25888000,4026.065106,3559,241,0.101220,0.3359
25890000,3917.802375,3592,231,0.083734,0.2266
25892000,3896.386787,3594,224,0.073957,0.2891
25894000,3894.851210,3586,227,0.071632,0.3359
25896000,3802.516991,3577,231,0.073170,0.3750
25898000,3936.544864,3604,206,0.090641,0.2812
25900000,3857.616631,3611,205,0.098235,0.2891
25902000,3875.248578,3618,215,0.104981,0.3125
25904000,3831.950930,3583,219,0.138636,0.3516
25906000,3810.278639,3581,221,0.138004,0.2812
25908000,4641.565264,3586,222,0.351429,0.3281
25910000,4602.501470,3620,214,0.339149,0.2812
25912000,4603.484707,3635,206,0.334318,0.2188
25914000,4463.299708,3607,219,0.281298,0.3047
25916000,5082.365651,3615,222,0.301495,0.2812
25918000,5162.361996,3599,224,0.310344,0.2578
25920000,5999.676319,3588,210,0.613436,0.2891
25922000,3915.693596,3581,198,0.284391,0.2578
25924000,3878.918564,3557,224,0.272521,0.3203
25926000,3917.713271,3557,232,0.237198,0.3125
25928000,3934.899919,3556,241,0.269035,0.3125
25930000,3971.949488,3594,208,0.258548,0.2578
25932000,4074.169066,3629,205,0.313982,0.2891
25934000,3932.286697,3601,215,0.201641,0.3047
25936000,5354.856356,3590,229,0.390676,0.3125
25938000,5315.867199,3594,223,0.389694,0.3125
25940000,5375.247275,3578,221,0.466241,0.3125
25942000,4254.680604,3575,239,0.095604,0.3594
25944000,4105.723737,3598,227,0.129819,0.2969
25946000,5338.266486,3587,224,0.566235,0.3281
25948000,5109.904878,3594,229,0.510860,0.3203
25950000,5991.961958,3580,228,0.586350,0.2891
25952000,5951.606263,3561,229,0.589689,0.3203
25954000,3741.651937,3589,219,0.296595,0.2891
25956000,3943.295892,3560,238,0.260989,0.2891
25958000,3953.500931,3563,231,0.268458,0.2969
25960000,3940.636243,3574,215,0.272797,0.2422
25962000,4793.592999,3562,234,0.311198,0.2500
25964000,4766.441050,3567,229,0.245153,0.3438
25966000,5148.906171,3568,214,0.305436,0.3047
25968000,6404.770903,3556,225,0.525187,0.3125
25970000,7509.119886,3525,249,0.630880,0.3359
25972000,7483.387940,3494,251,0.629274,0.3203
25974000,7462.848511,3496,237,0.620850,0.3359
25976000,7334.719561,3495,236,0.628371,0.2891
25978000,7371.823701,3518,230,0.631748,0.3750
25980000,7328.031530,3513,221,0.625398,0.2734
25982000,6910.733648,3534,213,0.464288,0.3438
25984000,6760.740246,3552,222,0.421813,0.2578
25986000,7055.333910,3535,215,0.541956,0.3125
25988000,6597.655623,3521,224,0.596057,0.2266
25990000,6719.901893,3557,210,0.605863,0.2344
25992000,6737.761809,3551,230,0.607300,0.2969
25994000,6945.744666,3544,237,0.594143,0.2656
25996000,5087.739404,3577,215,0.459251,0.2266
25998000,5106.430525,3574,200,0.483889,0.2734
26000000,5083.252177,3538,215,0.483979,0.2812
26002000,4525.114960,3547,223,0.294878,0.3125
26004000,4510.929634,3553,226,0.301381,0.2812
26006000,4283.161299,3565,216,0.187527,0.2891
26008000,5203.780556,3584,217,0.354177,0.3047
26010000,5195.566968,3590,212,0.353243,0.2656
26012000,5383.563174,3597,203,0.357001,0.3047
26014000,5010.004682,3600,207,0.289356,0.2969
26016000,3530.115070,3582,214,0.258972,0.2734
26018000,3660.071818,3560,225,0.293895,0.2500
26020000,3720.949489,3573,216,0.169407,0.3047
26022000,4039.585546,3588,213,0.055993,0.1953
26024000,4856.374344,3623,195,0.249535,0.2422
26026000,4810.018601,3605,222,0.250119,0.2812
26028000,6684.805616,3574,236,0.630839,0.2812
26030000,6675.975577,3628,214,0.626182,0.2891
26032000,6442.877785,3598,215,0.564663,0.2734
26034000,6535.283665,3636,197,0.588925,0.3203
26036000,7188.978913,3626,211,0.572361,0.3750
26038000,6149.034353,3624,206,0.690847,0.2969
26040000,5630.784083,3639,186,0.519353,0.2266
26042000,4146.796488,3617,194,0.151793,0.2734
26044000,5300.308806,3624,187,0.464105,0.2578
26046000,5377.684114,3593,221,0.619207,0.2969
26048000,5395.217618,3577,206,0.374594,0.2969
26050000,5442.760554,3592,199,0.507693,0.2734
26052000,5995.090346,3599,193,0.497732,0.2812
26054000,5997.158201,3597,202,0.582943,0.3047
26056000,6450.145712,3598,224,0.561855,0.3359
26058000,6204.717504,3595,225,0.553983,0.2500
26060000,4839.813678,3595,221,0.286376,0.2891
26062000,4249.004211,3608,205,0.287708,0.2266
26064000,6685.414786,3603,216,0.557508,0.2188
26066000,5805.579347,3628,213,0.335299,0.3281
26068000,7733.902155,3634,213,0.609904,0.3281
26070000,6741.389852,3614,208,0.546212,0.2891
26072000,10047.393287,3608,211,0.805725,0.2422
26074000,7285.818612,3624,203,0.533198,0.2969
26076000,7821.934044,3603,224,0.628030,0.2266
26078000,6985.841768,3611,229,0.481091,0.3438
26080000,9423.109800,3627,212,0.795995,0.3281
26082000,9586.814255,3624,212,0.835089,0.2969
26084000,8395.319421,3626,203,0.753539,0.2344
26086000,8283.273631,3637,213,0.742636,0.2500
26088000,9110.447617,3616,214,0.826633,0.3047
26090000,9063.959986,3597,221,0.817055,0.2812
26092000,9026.268518,3618,189,0.816142,0.3359
26094000,8994.954972,3604,204,0.824831,0.3281
26096000,8319.425279,3584,206,0.732545,0.2578
26098000,6577.941736,3596,216,0.523506,0.3203
26100000,6534.811085,3605,200,0.535196,0.2969
26102000,8277.409501,3593,210,0.834965,0.2109
26104000,5614.236497,3562,223,0.593748,0.3047
26106000,7503.189520,3567,242,0.786296,0.2812
26108000,7533.695731,3588,203,0.790796,0.2891
26110000,7028.602303,3626,192,0.708065,0.2500
26112000,7081.954376,3630,187,0.709408,0.2969
26114000,7442.862686,3628,206,0.764048,0.2188
26116000,7202.531539,3617,209,0.761465,0.2500
26118000,7712.065275,3602,214,0.727084,0.2422
26120000,5661.653250,3593,240,0.463765,0.3906
26122000,5603.359892,3612,221,0.496076,0.3984
26124000,5440.521742,3603,235,0.427925,0.2969
26126000,6551.902528,3636,222,0.609390,0.2344
26128000,5721.057573,3649,227,0.380566,0.2500
26130000,4316.480647,3641,227,0.333594,0.2891
26132000,4508.939004,3657,216,0.383505,0.2578
26134000,4510.952386,3658,214,0.386107,0.2422
26136000,4252.883043,3662,226,0.324072,0.3203
26138000,4227.456834,3670,215,0.324824,0.2266
26140000,4303.964565,3646,212,0.322545,0.3359
26142000,4293.109571,3642,215,0.322995,0.3047
26144000,4328.819325,3618,218,0.314006,0.2422
26146000,4554.791814,3609,208,0.321116,0.2812
26148000,3462.091823,3617,206,0.174039,0.3281
26150000,3480.161527,3596,216,0.178815,0.2969
26152000,3507.478780,3592,211,0.183416,0.2812
26154000,3443.675313,3579,216,0.182354,0.2969
26156000,3556.196426,3603,213,0.217602,0.3125
26158000,3552.245247,3590,212,0.219688,0.2891
26160000,3582.165103,3580,231,0.225398,0.2969
26162000,3565.011681,3583,247,0.211611,0.3281
26164000,3401.631747,3568,247,0.130190,0.2344
26166000,4646.527830,3593,230,0.134505,0.2734
26168000,4534.661617,3570,235,0.145215,0.3359
26170000,6428.766515,3554,244,0.413331,0.3047
26172000,4584.971226,3554,243,0.087551,0.3906
26174000,4388.290608,3568,228,0.063191,0.3047
26176000,4398.765113,3560,239,0.065871,0.2500
26178000,4510.800859,3563,204,0.197389,0.2266
26180000,3878.913956,3588,200,0.124635,0.3516
26182000,4305.178553,3571,215,0.111147,0.3203
26184000,6620.714062,3566,227,0.375735,0.3438
26186000,6708.461097,3551,232,0.561534,0.2500
26188000,7499.795127,3538,239,0.623615,0.2656
26190000,7459.476555,3525,231,0.629542,0.2891
26192000,7741.830752,3534,227,0.648773,0.3281
26194000,4934.818052,3539,206,0.289091,0.2188
26196000,4624.324985,3553,214,0.334108,0.2188
26198000,5593.815447,3576,197,0.498983,0.3281
26200000,5812.863113,3590,183,0.513532,0.3125
26202000,4198.770791,3575,210,0.094180,0.3516
26204000,4709.589752,3535,220,0.476473,0.2812
26206000,5797.540038,3557,225,0.278456,0.2656
26208000,5370.878001,3575,204,0.209069,0.3594
26210000,7175.294937,3569,214,0.702071,0.3047
26212000,9604.176744,3568,227,0.863454,0.3047
26214000,5286.213736,3571,215,0.706674,0.3281
26216000,5906.251031,3606,209,0.660514,0.2500
26218000,5777.917840,3627,194,0.476306,0.2969
26220000,8114.074864,3589,213,0.756270,0.2578
26222000,8300.782151,3596,204,0.725343,0.3203
26224000,6918.108318,3591,197,0.591743,0.2656
26226000,6944.686852,3605,198,0.583020,0.3672
26228000,9825.434319,3584,215,0.751355,0.3125
26230000,9254.545012,3576,214,0.672360,0.2344
26232000,9390.535136,3561,232,0.764155,0.2812
26234000,9539.009408,3588,210,0.750211,0.3359
26236000,9478.273729,3596,226,0.759684,0.2812
26238000,10504.983986,3608,218,0.750397,0.3438
26240000,10479.409133,3600,228,0.761495,0.2891
26242000,6040.131791,3578,225,0.093747,0.2578
26244000,5998.645926,3567,229,0.255924,0.3281
26246000,5410.163794,3591,214,0.446475,0.3047
26248000,4121.444676,3615,219,0.220351,0.3359
26250000,4300.751230,3620,204,0.246874,0.2578
26252000,4293.964610,3594,225,0.263378,0.2969
26254000,4506.485151,3575,228,0.030700,0.3594
26256000,4520.912101,3588,211,0.030325,0.2734
26258000,4494.606648,3586,222,0.032147,0.2656
26260000,4590.197797,3599,234,0.001338,0.2812
26262000,4627.755781,3600,223,0.001747,0.2969
26264000,4713.586524,3590,214,0.030192,0.2969
26266000,4025.383506,3585,218,0.009095,0.2812
26268000,3724.690415,3568,232,0.006837,0.3281
26270000,6764.238193,3574,214,0.634693,0.2578
26272000,4568.610126,3583,224,0.053599,0.2500
26274000,6280.228547,3594,215,0.588641,0.2422
26276000,3765.853799,3579,227,0.076843,0.2734
26278000,4557.771166,3587,216,0.031766,0.2422
26280000,4005.490305,3578,217,0.075715,0.2578
26282000,4564.094969,3604,207,0.036142,0.3047
26284000,6050.912071,3601,208,0.283883,0.2500
26286000,6039.780516,3600,218,0.289336,0.3906
26288000,6092.876463,3592,217,0.282222,0.3516
26290000,6144.867003,3586,226,0.313987,0.2734
26292000,6304.586963,3603,222,0.387014,0.3438
26294000,6783.312831,3591,225,0.470539,0.1953
26296000,5976.273754,3578,206,0.240862,0.2812
26298000,5838.814946,3555,222,0.334973,0.3594
26300000,8901.163242,3569,220,0.822317,0.2734
26302000,7327.022856,3582,212,0.574731,0.2969
26304000,7255.547654,3568,225,0.572446,0.3203
26306000,9288.342897,3563,225,0.749473,0.3203
26308000,5949.430737,3558,241,0.477686,0.2109
26310000,5966.821150,3556,238,0.494515,0.2969
26312000,4133.135931,3564,244,0.280674,0.2734
26314000,4089.253339,3568,220,0.284863,0.2656
26316000,4134.931553,3599,200,0.290291,0.2656
26318000,4197.262823,3567,214,0.331325,0.3359
26320000,4173.901836,3558,219,0.325860,0.3203
26322000,4027.683301,3552,210,0.248567,0.3203
26324000,3981.063198,3576,216,0.250210,0.2656
26326000,4595.650447,3588,216,0.393136,0.3047
26328000,4714.633629,3599,208,0.284365,0.2578
26330000,3692.186283,3573,215,0.326141,0.2578
26332000,3709.696306,3551,229,0.329044,0.3516
26334000,3734.096519,3579,231,0.336236,0.2969
26336000,3754.274686,3578,213,0.329786,0.3281
26338000,3693.679144,3570,213,0.325946,0.3438
26340000,3421.450869,3588,210,0.242997,0.2656
26342000,3440.468053,3595,206,0.249138,0.2734
26344000,3532.660893,3611,202,0.197120,0.2266
26346000,3502.751194,3615,205,0.186881,0.2500
26348000,3500.086504,3604,200,0.176509,0.2656
26350000,3466.689721,3622,178,0.175769,0.2734
26352000,3418.302399,3617,188,0.197029,0.2031
26354000,3509.434286,3599,220,0.219123,0.3438
26356000,3519.564725,3596,233,0.224025,0.2500
26358000,3538.397715,3589,220,0.222745,0.2891
26360000,4186.998877,3578,220,0.389992,0.2891
26362000,4238.074981,3591,211,0.401136,0.2812
26364000,4282.140336,3624,219,0.404054,0.3359
26366000,3688.398564,3657,201,0.322903,0.3047
26368000,3714.235911,3625,220,0.330229,0.2578
26370000,4918.297581,3639,209,0.489201,0.2578
26372000,4915.763027,3588,229,0.488487,0.3047
26374000,4677.081701,3599,204,0.423636,0.2969
26376000,4976.033687,3583,230,0.404790,0.3516
26378000,4968.146620,3598,228,0.403151,0.2969
26380000,4878.374755,3591,239,0.368008,0.3125
26382000,5176.631291,3609,225,0.338597,0.3438
26384000,5066.640834,3608,215,0.319546,0.3281
26386000,5204.404505,3593,218,0.290440,0.1797
26388000,5606.339839,3588,227,0.265058,0.3125
26390000,4445.071814,3571,228,0.342067,0.2266
26392000,4450.859229,3590,222,0.340201,0.3516
26394000,4427.583079,3613,210,0.331502,0.2812
26396000,5920.291058,3624,200,0.290141,0.2891
26398000,5473.761612,3606,219,0.225452,0.3672
26400000,7177.015878,3604,221,0.763190,0.2344
26402000,5973.538239,3619,221,0.609882,0.2422
26404000,5863.308613,3628,212,0.589452,0.2734
26406000,5451.175328,3627,208,0.399120,0.3203
26408000,5917.094025,3633,197,0.476651,0.2969
26410000,5984.072555,3626,193,0.451434,0.2812
26412000,5633.074980,3611,206,0.405375,0.3047
26414000,5519.450969,3590,205,0.399303,0.2578
26416000,6155.446631,3580,205,0.517729,0.3125
26418000,7662.369117,3587,205,0.736729,0.3359
26420000,7692.618193,3593,203,0.730033,0.2891
26422000,7726.741049,3560,202,0.730285,0.2344
26424000,7671.582978,3573,219,0.713336,0.3281
26426000,7710.497624,3570,214,0.712333,0.3203
26428000,7722.553783,3570,197,0.706249,0.3047
26430000,7640.363231,3599,208,0.606690,0.3516
26432000,7773.236812,3580,213,0.626730,0.2422
26434000,7692.337435,3593,203,0.591829,0.2656
26436000,7280.479333,3601,198,0.741459,0.2812
26438000,7324.116976,3600,205,0.718604,0.3438
26440000,7344.804185,3614,200,0.722680,0.2969
26442000,7158.201092,3578,202,0.602096,0.2891
26444000,7165.596698,3598,193,0.601444,0.3203
26446000,7628.430690,3581,204,0.756915,0.2812
26448000,6289.308345,3596,195,0.683389,0.1953
26450000,6447.480681,3614,202,0.685530,0.3281
26452000,6471.156898,3579,212,0.694774,0.2891
26454000,6596.754447,3582,199,0.702824,0.3281
26456000,7534.530146,3588,220,0.653757,0.3203
26458000,6894.495671,3588,222,0.664716,0.3438
26460000,5769.902728,3586,226,0.533784,0.3438
26462000,5778.465486,3592,223,0.526736,0.2812
26464000,6395.816106,3563,231,0.641934,0.3281
26466000,6280.583238,3569,234,0.621439,0.2969
26468000,6462.825690,3606,214,0.641248,0.2812
26470000,6436.177916,3611,216,0.631633,0.3125
26472000,6327.515597,3579,210,0.586152,0.3359
26474000,6249.113533,3593,218,0.580969,0.3125
26476000,4151.581175,3618,214,0.089363,0.2969
26478000,7930.325264,3616,195,0.732497,0.2812
26480000,7913.295904,3588,222,0.730723,0.2109
26482000,4692.738391,3575,233,0.174078,0.2812
26484000,4728.922513,3568,225,0.173201,0.2969
26486000,7761.963517,3575,233,0.746028,0.3594
26488000,7354.272897,3585,232,0.711378,0.2969
26490000,4977.430767,3602,211,0.400025,0.3125
26492000,5685.873826,3621,207,0.518629,0.2656
26494000,5693.504273,3601,212,0.527082,0.3281
26496000,4528.909503,3599,215,0.584793,0.2812
26498000,4545.139872,3604,212,0.585821,0.2344
26500000,5890.901829,3611,200,0.687649,0.2812
26502000,4859.074488,3594,224,0.513890,0.3438
26504000,4789.089858,3630,207,0.511750,0.3281
26506000,4752.650960,3606,216,0.506134,0.2344
26508000,5318.657131,3591,226,0.507779,0.3125
26510000,5194.347019,3610,215,0.490585,0.2422
26512000,5272.102135,3584,224,0.514353,0.2109
26514000,5303.001691,3587,209,0.531640,0.2422
26516000,5302.421081,3614,209,0.535022,0.2812
26518000,5621.555644,3563,210,0.676664,0.2812
26520000,5677.787176,3570,206,0.670334,0.2969
26522000,6872.593989,3589,221,0.757511,0.2812
26524000,6037.008307,3589,204,0.731482,0.2734
26526000,6855.837779,3620,203,0.674566,0.2500
26528000,5845.486824,3624,199,0.568819,0.3125
26530000,8495.484006,3619,193,0.808152,0.2891
26532000,7458.138504,3598,208,0.590070,0.2734
26534000,7469.086202,3584,203,0.629858,0.3203
26536000,7301.920816,3583,214,0.605522,0.3203
26538000,7488.797296,3598,215,0.587237,0.2266
26540000,8635.990439,3602,213,0.830096,0.3281
26542000,5656.526842,3575,238,0.317447,0.3203
26544000,5900.379715,3587,217,0.630585,0.2344
26546000,5922.712626,3575,216,0.616861,0.2656
26548000,5846.226462,3576,225,0.620459,0.2812
26550000,6281.152613,3591,229,0.686508,0.2969
26552000,6253.988473,3579,225,0.685302,0.3359
26554000,7183.368292,3558,226,0.724819,0.3672
26556000,6749.240877,3550,227,0.615083,0.2891
26558000,7024.907240,3576,213,0.720877,0.2031
26560000,6602.749281,3578,232,0.716099,0.3594
26562000,5466.301168,3576,213,0.222673,0.3594
26564000,5166.601791,3586,234,0.123445,0.2891
26566000,5204.455843,3579,234,0.128998,0.3438
26568000,5168.131840,3590,223,0.138707,0.3906
26570000,4716.430389,3600,206,0.246912,0.3438
26572000,4717.116061,3605,221,0.245769,0.3672
26574000,5133.859066,3590,216,0.325153,0.2422
26576000,4814.342892,3587,221,0.310131,0.2891
26578000,5132.522984,3589,204,0.318637,0.2266
26580000,5130.228508,3568,217,0.318816,0.2656
26582000,5404.000661,3557,213,0.383904,0.2422
26584000,5375.171950,3557,227,0.394000,0.3281
26586000,5364.047394,3539,217,0.408904,0.3203
26588000,5339.372078,3533,223,0.402023,0.3594
26590000,5337.444196,3559,212,0.406616,0.2578
26592000,5236.751765,3550,219,0.302448,0.3125
26594000,4664.944691,3598,198,0.102415,0.3281
26596000,4690.114691,3589,202,0.106188,0.2344
26598000,4698.177497,3560,238,0.127666,0.2031
26600000,4655.230102,3565,215,0.133205,0.3047
26602000,4732.656337,3537,253,0.104660,0.3203
26604000,4693.920377,3540,251,0.133729,0.3906
26606000,3604.504595,3573,219,0.115975,0.2891
26608000,3630.462638,3550,247,0.224024,0.3281
26610000,3639.599273,3540,227,0.228199,0.3125
26612000,3064.780311,3556,221,0.090834,0.3516
26614000,3078.951818,3536,243,0.103374,0.3281
26616000,3084.667865,3544,230,0.102409,0.2969
26618000,3974.715524,3561,219,0.094355,0.3359
26620000,4034.725388,3578,206,0.091439,0.2344
26622000,3380.252695,3583,193,0.048900,0.2188
26624000,3426.848046,3587,206,0.184370,0.2891
26626000,3283.438144,3596,205,0.050688,0.3125
26628000,3252.702778,3580,209,0.048440,0.3672
26630000,2798.839286,3561,212,0.115912,0.3203
26632000,3036.266183,3569,227,0.259318,0.3125
26634000,3053.633686,3567,220,0.262776,0.3203
26636000,3065.957012,3551,238,0.261181,0.3047
26638000,3059.495367,3551,225,0.257530,0.2969
26640000,3098.398084,3549,228,0.259512,0.3594
26642000,2898.193612,3569,215,0.159687,0.2188
26644000,2971.118164,3563,212,0.149366,0.2578
26646000,2980.382591,3576,197,0.169842,0.2891
26648000,3031.843365,3579,199,0.174524,0.2109
26650000,3044.094412,3600,204,0.182359,0.2656
26652000,3044.404911,3591,213,0.185296,0.3359
26654000,3065.119396,3586,218,0.147651,0.2188
26656000,3043.787963,3589,216,0.126256,0.2109
26658000,3078.200325,3583,219,0.125326,0.1875
26660000,3075.362542,3581,212,0.138614,0.3203
26662000,3092.484457,3553,216,0.140803,0.2969
26664000,3335.408125,3566,212,0.288864,0.2266
26666000,3301.713865,3555,227,0.274834,0.2109
26668000,3199.756954,3550,208,0.271736,0.2734
26670000,3196.716809,3548,215,0.270518,0.2500
26672000,3282.977132,3549,220,0.301629,0.2344
26674000,3479.177282,3536,225,0.313817,0.2656
26676000,3447.006970,3541,222,0.312427,0.3125
26678000,3289.721986,3562,223,0.188895,0.3438
26680000,3307.841608,3532,235,0.186529,0.3203
26682000,3280.190493,3530,229,0.178143,0.3125
26684000,3537.733903,3551,215,0.210217,0.2188
26686000,3529.994364,3532,237,0.203508,0.2969
26688000,4155.310228,3560,217,0.480804,0.3047
26690000,3313.262443,3589,206,0.297613,0.2188
26692000,3337.007968,3567,208,0.304248,0.3047
26694000,3323.011464,3583,208,0.298417,0.2969
26696000,3250.367984,3581,211,0.275250,0.2734
26698000,3246.770578,3566,222,0.273723,0.3047
26700000,3234.247871,3574,208,0.271550,0.3672
26702000,3216.516640,3583,225,0.258367,0.3125
26704000,3203.105752,3573,235,0.261166,0.3672
26706000,3566.268974,3554,243,0.150835,0.2578
26708000,3444.524487,3539,251,0.164232,0.2812
26710000,3459.774931,3560,244,0.159284,0.2812
26712000,3477.371021,3523,237,0.159532,0.2578
26714000,3457.733953,3531,226,0.245906,0.2578
26716000,3454.517050,3571,239,0.252689,0.3438
26718000,3420.468595,3567,240,0.267089,0.3203
26720000,3385.107029,3563,229,0.251021,0.3125
26722000,3376.523528,3577,218,0.252439,0.3750
26724000,5409.850996,3586,220,0.480830,0.2812
26726000,5379.588985,3536,234,0.480566,0.3047
26728000,5336.782808,3537,241,0.480955,0.3281
26730000,4988.158213,3511,258,0.538145,0.2734
26732000,5537.458906,3495,263,0.618339,0.3281
26734000,5482.570607,3513,254,0.632120,0.2969
26736000,5557.801391,3524,235,0.633343,0.3203
26738000,5749.391218,3506,264,0.635957,0.3281
26740000,5589.730351,3523,244,0.555805,0.2578
26742000,5577.248310,3548,240,0.559821,0.3281
26744000,5191.717399,3560,231,0.586870,0.2734
26746000,4384.157169,3559,225,0.235858,0.2891
26748000,4123.363292,3550,223,0.351531,0.3125
26750000,4269.363501,3549,235,0.351670,0.3594
26752000,4332.976945,3548,240,0.340224,0.2969
26754000,4336.482729,3572,209,0.343090,0.3359
26756000,4632.683101,3593,187,0.432857,0.3828
26758000,4409.227444,3559,216,0.317311,0.2656
26760000,4430.903250,3577,223,0.314164,0.2891
26762000,4409.947220,3584,218,0.320884,0.3203
26764000,5176.595033,3572,220,0.442603,0.2656
26766000,5389.287844,3553,221,0.441121,0.2891
26768000,5347.746784,3538,234,0.445415,0.2031
26770000,5372.870793,3563,202,0.415191,0.3047
26772000,5364.215741,3561,188,0.381647,0.2891
26774000,5225.315509,3541,215,0.394462,0.3438
26776000,4395.641064,3541,216,0.353102,0.2812
26778000,4658.500760,3521,249,0.363433,0.3203
26780000,5569.516031,3568,230,0.374859,0.3125
26782000,5531.030633,3570,249,0.380838,0.2188
26784000,5496.349007,3563,234,0.382282,0.2188
26786000,5464.695771,3557,228,0.372237,0.2656
26788000,5474.643255,3541,218,0.376082,0.2734
26790000,5510.626874,3542,220,0.372161,0.3438
26792000,5392.880111,3531,240,0.383066,0.3047
26794000,5352.337380,3542,234,0.378943,0.3984
26796000,6561.854411,3549,236,0.495123,0.2969
26798000,6523.541283,3547,245,0.490889,0.3438
26800000,6513.172375,3529,262,0.490845,0.2734
26802000,6597.047430,3559,234,0.487265,0.2266
26804000,5159.988147,3582,232,0.437493,0.3750
26806000,4949.571671,3584,222,0.444973,0.2578
26808000,4933.292574,3580,225,0.447038,0.3125
26810000,4944.410762,3615,210,0.411221,0.2266
26812000,5110.716584,3623,214,0.447463,0.2734
26814000,5097.265990,3631,222,0.457726,0.3047
26816000,5088.054108,3602,243,0.469269,0.2500
26818000,5364.941114,3559,235,0.437739,0.2578
26820000,4680.003151,3593,209,0.340126,0.3984
26822000,5983.209651,3579,210,0.623839,0.2422
26824000,5889.871412,3586,226,0.611757,0.2734
26826000,3362.949113,3610,212,0.219620,0.2578
26828000,3406.997251,3624,193,0.230469,0.2656
26830000,4913.491143,3607,210,0.502687,0.2812
26832000,5153.786864,3589,210,0.421606,0.2812
26834000,5316.119944,3583,209,0.430397,0.2578
26836000,5215.382655,3588,217,0.306227,0.3047
26838000,5267.979923,3561,235,0.221989,0.3125
26840000,5010.944591,3590,213,0.287073,0.2500
26842000,5010.255557,3587,218,0.256953,0.3359
26844000,5002.309633,3594,216,0.247751,0.3281
26846000,4984.811194,3600,194,0.285615,0.3594
26848000,5227.301022,3574,204,0.265744,0.2734
26850000,4935.580374,3561,219,0.307331,0.2969
26852000,4835.344184,3567,210,0.333046,0.2969
26854000,4771.263101,3578,207,0.303392,0.2656
26856000,4501.673302,3568,214,0.318787,0.3281
26858000,4504.261656,3600,209,0.317844,0.2969
26860000,4492.657088,3589,215,0.318615,0.3281
26862000,4660.560786,3595,219,0.450721,0.2891
26864000,4477.786519,3617,215,0.308523,0.3281
26866000,4485.250882,3602,214,0.375522,0.3047
26868000,4931.629142,3598,214,0.335676,0.3438
26870000,4370.305759,3630,207,0.241215,0.2578
26872000,4403.777546,3588,209,0.236031,0.2812
26874000,3989.849620,3598,215,0.111801,0.2812
26876000,4323.572501,3605,219,0.221560,0.2891
26878000,4351.507519,3643,214,0.215797,0.2969
26880000,4287.989730,3611,221,0.174357,0.2031
26882000,4757.873665,3621,194,0.136886,0.2656
26884000,4544.588394,3617,197,0.130461,0.2422
26886000,4506.106482,3599,205,0.205212,0.3438
26888000,4598.791175,3609,206,0.135620,0.3047
26890000,4626.747212,3617,209,0.311264,0.2734
26892000,5405.541916,3625,195,0.345560,0.2578
26894000,4470.687011,3633,200,0.192272,0.2734
26896000,4821.568309,3616,211,0.192864,0.3125
26898000,4855.726427,3616,215,0.185932,0.2969
26900000,4361.044956,3653,202,0.146967,0.3281
26902000,4302.575786,3643,227,0.111299,0.2812
26904000,4356.725967,3605,224,0.224595,0.3359
26906000,4367.748086,3615,216,0.216438,0.2500
26908000,4599.042864,3642,195,0.208975,0.3359
26910000,5279.674544,3661,190,0.278643,0.3125
26912000,5436.010764,3644,197,0.496445,0.3438
26914000,5440.856366,3625,218,0.526013,0.3047
26916000,3762.563886,3621,205,0.063639,0.2422
26918000,5750.214479,3610,207,0.386893,0.2969
26920000,6018.186115,3578,208,0.305250,0.3281
26922000,5228.219358,3568,229,0.269680,0.2734
26924000,5097.099347,3574,215,0.164105,0.2578
26926000,5150.359655,3573,209,0.172368,0.2891
26928000,4708.825212,3551,206,0.182653,0.3281
26930000,4930.451306,3572,224,0.245427,0.2812
26932000,4669.531399,3560,202,0.042353,0.3516
26934000,4660.796946,3576,219,0.043763,0.3281
26936000,4313.914346,3598,208,0.117831,0.2031
26938000,5148.747068,3624,208,0.164172,0.3359
26940000,5170.100678,3634,214,0.166266,0.2969
26942000,5131.376885,3621,226,0.166964,0.3047
26944000,5128.312152,3609,233,0.577296,0.3359
26946000,4973.384691,3603,237,0.458056,0.2500
26948000,4914.170972,3609,232,0.432757,0.3047
26950000,5472.125304,3639,215,0.500116,0.3125
26952000,5497.776455,3634,206,0.499583,0.2812
26954000,5217.712689,3626,201,0.586725,0.2969
26956000,3485.556684,3654,187,0.033148,0.1641
26958000,4802.734053,3654,194,0.263346,0.2891
26960000,4537.754018,3639,190,0.521335,0.2266
26962000,4429.556483,3644,194,0.122243,0.3125
26964000,5839.549479,3666,197,0.560867,0.2578
26966000,6232.418987,3635,227,0.464565,0.2188
26968000,5816.329052,3645,218,0.456605,0.3359
26970000,6421.803394,3631,219,0.724692,0.3516
26972000,6507.404937,3634,218,0.727589,0.2969
26974000,6611.894848,3634,217,0.734588,0.3281
26976000,6492.884933,3633,221,0.672934,0.3281
26978000,6108.922658,3617,217,0.659585,0.3047
26980000,5848.854697,3618,215,0.555299,0.3047
26982000,7998.686454,3599,216,0.821601,0.3828
26984000,6310.374290,3622,221,0.555055,0.3359
26986000,6259.263994,3616,229,0.540734,0.2500
26988000,5873.498914,3629,232,0.506145,0.3203
26990000,6060.288055,3628,222,0.686895,0.2891
26992000,6126.214285,3590,225,0.633326,0.2969
26994000,6018.772510,3559,231,0.616865,0.3359
26996000,6043.009084,3584,221,0.617200,0.3828
26998000,6383.743752,3583,197,0.568524,0.2969
27000000,6385.848239,3583,208,0.686817,0.3047
27002000,6132.522311,3575,211,0.665486,0.2656
27004000,5995.420823,3589,210,0.681167,0.2812
27006000,5920.193991,3567,229,0.677946,0.3047
27008000,5869.955417,3561,231,0.673083,0.3594
27010000,5900.001836,3574,229,0.689072,0.2422
27012000,4250.994264,3607,220,0.108831,0.3359
27014000,4814.217130,3619,210,0.304145,0.3047
27016000,4873.635670,3631,193,0.470514,0.2500
27018000,4936.460444,3623,197,0.452419,0.3281
27020000,4749.144959,3589,211,0.481901,0.3672
27022000,4489.527924,3598,212,0.374175,0.3438
27024000,4475.247900,3601,207,0.370617,0.2812
27026000,4269.955365,3562,208,0.352206,0.2344
27028000,4316.709577,3583,214,0.420356,0.2812
27030000,4358.594101,3585,225,0.402762,0.2812
27032000,4306.363461,3572,218,0.472015,0.3047
27034000,4385.783314,3587,207,0.499359,0.3359
27036000,3867.545666,3560,207,0.394003,0.2578
27038000,4210.004644,3560,203,0.445525,0.2734
27040000,4172.094728,3555,221,0.441258,0.2812
27042000,4149.410796,3554,211,0.439107,0.3281
27044000,4113.507431,3553,221,0.339821,0.2812
27046000,4008.776290,3561,230,0.320460,0.2500
27048000,4020.139038,3565,209,0.366980,0.3125
27050000,4114.122350,3557,212,0.388752,0.3125
27052000,5078.739498,3564,231,0.650243,0.2656
27054000,5091.325355,3545,228,0.651646,0.3125
27056000,5462.654580,3530,228,0.688774,0.2344
27058000,5393.343935,3537,219,0.685447,0.3125
27060000,5519.303402,3528,237,0.687666,0.3672
27062000,5516.987544,3539,215,0.716733,0.2734
27064000,4707.302984,3548,225,0.450509,0.3750
27066000,4607.267675,3565,237,0.472568,0.3672
27068000,4619.898572,3577,233,0.457646,0.3047
27070000,4704.860152,3551,245,0.349752,0.3438
27072000,3233.892604,3567,238,0.039774,0.2656
27074000,3232.244862,3584,222,0.037443,0.3594
27076000,4084.275110,3593,209,0.350809,0.2734
27078000,4048.422692,3623,193,0.338251,0.3203
27080000,3883.970677,3607,180,0.334079,0.2891
27082000,3897.563389,3633,176,0.344989,0.2344
27084000,4487.943810,3625,194,0.288883,0.2422
27086000,4313.919431,3651,179,0.137080,0.3438
27088000,4391.711806,3647,186,0.203175,0.2500
27090000,4384.453397,3661,190,0.209873,0.2656
27092000,4550.749607,3663,209,0.225384,0.2422
27094000,4778.459284,3668,216,0.333892,0.3047
27096000,4818.295546,3667,213,0.325895,0.2891
27098000,4946.554619,3654,197,0.330663,0.2656
27100000,4892.177481,3639,204,0.345794,0.3828
27102000,4877.695919,3628,209,0.348975,0.2656
27104000,4891.271682,3607,217,0.330540,0.3047
27106000,3149.404957,3646,205,0.149526,0.3281
27108000,3172.474938,3624,210,0.150700,0.3281
27110000,5361.767730,3598,219,0.370692,0.2266
27112000,5130.845572,3608,211,0.267417,0.2891
27114000,4778.686161,3590,226,0.244110,0.2656
27116000,4812.456354,3606,218,0.249544,0.2812
27118000,4990.312472,3596,216,0.204300,0.3281
27120000,5779.822067,3595,220,0.601416,0.3281
27122000,5846.092818,3572,220,0.605918,0.3203
27124000,4006.807302,3600,214,0.267802,0.2969
27126000,5213.928235,3612,227,0.642967,0.3203
27128000,5189.332294,3635,218,0.644679,0.3281
27130000,5777.117751,3639,211,0.532684,0.3281
27132000,5800.767602,3657,203,0.531940,0.3047
27134000,5800.717992,3683,187,0.534181,0.2578
27136000,5793.974906,3665,203,0.535868,0.2422
27138000,6236.304128,3640,216,0.664727,0.2969
27140000,5916.410252,3616,230,0.601233,0.2109
27142000,6020.024192,3625,222,0.669206,0.3281
27144000,5892.374160,3628,219,0.687664,0.3125
27146000,5930.469514,3635,231,0.627496,0.3125
27148000,5941.296710,3616,236,0.633026,0.3906
27150000,6033.552948,3610,221,0.630413,0.2656
27152000,6051.970156,3617,210,0.635621,0.2422
27154000,6019.051417,3611,212,0.648271,0.3281
27156000,6177.051259,3619,218,0.686714,0.3672
27158000,4076.235569,3593,217,0.127041,0.3594
27160000,3965.156839,3605,210,0.089767,0.2188
27162000,3906.668652,3601,209,0.089327,0.2188
27164000,3605.031487,3627,192,0.082719,0.3125
27166000,6427.563147,3608,211,0.458609,0.3047
27168000,5642.678274,3626,211,0.425629,0.3047
27170000,6035.856990,3643,207,0.404331,0.3516
27172000,5896.231407,3613,213,0.373435,0.3984
27174000,4979.021848,3611,221,0.465461,0.2188
27176000,4984.619435,3610,224,0.525666,0.2734
27178000,6105.955220,3617,222,0.419023,0.3047
27180000,7515.329297,3628,228,0.742775,0.3203
27182000,7586.147362,3608,232,0.739524,0.3125
27184000,7645.634463,3602,229,0.750014,0.3203
27186000,7526.884625,3560,242,0.748626,0.3047
27188000,7607.728485,3557,241,0.720945,0.3281
27190000,7565.574084,3562,227,0.722061,0.3438
27192000,7752.304554,3582,236,0.686529,0.3516
27194000,6073.902868,3588,226,0.713601,0.3281
27196000,5892.562063,3577,220,0.658998,0.3359
27198000,4235.049011,3545,241,0.371546,0.2812
27200000,5508.322786,3558,233,0.605961,0.3047
27202000,5519.854723,3554,253,0.601859,0.3047
27204000,4162.452919,3560,244,0.202618,0.2734
27206000,4151.632369,3561,228,0.202904,0.2578
27208000,3794.333638,3557,228,0.166805,0.3125
27210000,4051.156461,3568,217,0.346167,0.2969
27212000,5010.182947,3572,227,0.305701,0.3047
27214000,5140.214306,3569,229,0.290440,0.2969
27216000,5203.688936,3559,234,0.286193,0.2266
27218000,4998.496608,3565,226,0.385567,0.2812
27220000,5633.571894,3560,217,0.475446,0.3203
27222000,5633.691108,3547,228,0.469374,0.3906
27224000,3787.559647,3537,230,0.365634,0.2031
27226000,3970.952005,3547,243,0.477166,0.2188
27228000,4024.345267,3586,221,0.477814,0.3203
27230000,4711.667571,3549,221,0.298150,0.2734
27232000,5363.285994,3577,218,0.603480,0.3750
27234000,3828.752170,3603,199,0.368709,0.2734
27236000,3869.413592,3611,195,0.375544,0.3047
27238000,3837.456919,3591,216,0.392715,0.2031
27240000,5307.723788,3601,212,0.678131,0.3281
27242000,4577.871359,3619,211,0.591405,0.2422
27244000,4584.747221,3620,222,0.591621,0.3125
27246000,5274.381163,3634,220,0.646567,0.2969
27248000,5253.712723,3649,197,0.653631,0.2891
27250000,7523.590153,3628,208,0.806837,0.2656
27252000,3699.170071,3626,198,0.040864,0.2734
27254000,6189.216599,3602,210,0.436775,0.2812
27256000,5869.655318,3613,191,0.330002,0.3125
27258000,7261.716307,3617,202,0.799084,0.3203
27260000,6703.662249,3575,236,0.704014,0.3516
27262000,4155.498085,3569,229,0.330700,0.3125
27264000,4394.841764,3550,229,0.337586,0.2656
27266000,4684.961676,3592,227,0.414595,0.2734
27268000,4767.301706,3579,208,0.408624,0.2891
27270000,4718.366380,3579,223,0.445760,0.3359
27272000,4739.102987,3588,217,0.454751,0.2500
27274000,4843.599122,3618,195,0.428497,0.2109
27276000,4630.392310,3628,181,0.422380,0.2891
27278000,4297.847136,3635,192,0.334357,0.2344
27280000,4917.212805,3614,200,0.420776,0.2969
27282000,5175.104226,3588,194,0.619871,0.2578
27284000,5229.446202,3567,201,0.633218,0.3125
27286000,5865.941484,3581,207,0.612195,0.2812
27288000,3455.793063,3554,212,0.338947,0.3281
27290000,4007.990706,3552,241,0.479464,0.3203
27292000,4009.383812,3553,217,0.476114,0.3203
27294000,3786.239326,3542,225,0.359616,0.2969
27296000,4331.877894,3568,229,0.442270,0.2500
27298000,4582.830634,3574,204,0.516681,0.2188
27300000,4485.913377,3592,202,0.585601,0.3203
27302000,4071.049178,3571,221,0.505946,0.3281
27304000,3983.549434,3561,236,0.512820,0.2734
27306000,4356.535175,3603,208,0.589314,0.2500
27308000,4433.010242,3590,209,0.511144,0.2812
27310000,4504.373403,3585,204,0.521218,0.3203
27312000,5613.580743,3600,204,0.646871,0.3281
27314000,5175.904148,3590,203,0.412239,0.2812
27316000,5301.531089,3573,203,0.534320,0.3906
27318000,6230.300356,3611,203,0.669689,0.2344
27320000,6214.413337,3599,213,0.682855,0.2812
27322000,5374.332498,3599,196,0.619571,0.3047
27324000,5431.555636,3585,206,0.610221,0.3047
27326000,5455.978694,3577,218,0.620204,0.2500
27328000,5283.887247,3560,225,0.636022,0.2734
27330000,5295.243419,3569,225,0.635920,0.3125
27332000,4075.153449,3580,235,0.189738,0.2734
27334000,6217.216145,3581,214,0.577404,0.2656
27336000,4379.502941,3569,223,0.270369,0.2656
27338000,4426.592124,3592,217,0.279183,0.3203
27340000,5036.851264,3612,212,0.418402,0.3125
27342000,5009.444594,3597,215,0.470474,0.3125
27344000,5014.589834,3593,224,0.478627,0.3047
27346000,4870.163734,3595,205,0.362731,0.2500
27348000,4859.379480,3579,199,0.353409,0.3672
27350000,5022.361999,3564,214,0.460387,0.2734
27352000,5067.995086,3574,222,0.447532,0.3672
27354000,5556.351673,3582,226,0.591627,0.3281
27356000,5550.285860,3553,224,0.588470,0.2891
27358000,5710.862999,3559,232,0.603330,0.3125
27360000,5815.731432,3566,237,0.681897,0.2500
27362000,5195.416634,3597,238,0.428206,0.2969
27364000,5239.155269,3588,245,0.432447,0.2734
27366000,5124.698255,3586,227,0.425762,0.2266
27368000,5780.692734,3596,222,0.480455,0.2812
27370000,5772.757023,3601,222,0.497590,0.3203
27372000,5799.514066,3585,236,0.428150,0.2656
27374000,5479.529772,3587,232,0.427641,0.3203
27376000,5780.829944,3598,240,0.438254,0.3203
27378000,5778.136606,3600,234,0.448675,0.3516
27380000,6807.104293,3593,218,0.737330,0.2578
27382000,6354.053220,3585,204,0.722893,0.3203
27384000,6277.999346,3577,212,0.719108,0.2891
27386000,6132.151360,3584,210,0.751672,0.2891
27388000,6165.203406,3602,209,0.765866,0.3125
27390000,6296.107262,3586,208,0.799405,0.2266
27392000,5256.140224,3587,204,0.567860,0.2734
27394000,5405.607740,3580,224,0.582986,0.2812
27396000,5379.658970,3546,226,0.581649,0.3125
27398000,5310.283892,3554,240,0.575977,0.3125
27400000,5350.253117,3562,225,0.581719,0.3125
27402000,5331.262663,3568,221,0.583531,0.3516
27404000,5379.894287,3577,227,0.581695,0.3672
27406000,5389.035692,3560,246,0.577879,0.2812
27408000,5751.982210,3530,257,0.630883,0.3359
27410000,5706.380401,3554,224,0.622340,0.3047
27412000,5079.302096,3553,236,0.532583,0.2578
27414000,5111.712419,3588,235,0.550319,0.2422
27416000,5085.563362,3568,229,0.546400,0.3047
27418000,5161.674666,3555,222,0.566191,0.2812
27420000,5307.073404,3570,217,0.614853,0.3047
27422000,5207.378427,3562,207,0.609400,0.2734
27424000,5663.927218,3578,225,0.605336,0.2500
27426000,5758.291349,3569,227,0.622608,0.2812
27428000,5278.303589,3576,220,0.529804,0.2500
27430000,4992.377728,3590,226,0.499899,0.3047
27432000,4810.773333,3612,214,0.493851,0.2109
27434000,4925.164351,3590,208,0.567311,0.3516
27436000,4889.265677,3564,227,0.578468,0.2891
27438000,5042.350729,3554,243,0.578764,0.3281
27440000,4728.550829,3560,232,0.462933,0.3750
27442000,4859.625538,3541,237,0.511997,0.3594
27444000,4984.323700,3586,218,0.473704,0.2969
27446000,5099.089038,3564,234,0.468648,0.2969
27448000,5107.578097,3546,244,0.524006,0.3125
27450000,5495.826005,3559,229,0.517348,0.2578
27452000,5313.344239,3558,219,0.240880,0.2812
27454000,5234.883546,3556,210,0.212006,0.2656
27456000,4349.698091,3529,243,0.060284,0.3594
27458000,4256.182402,3538,237,0.092480,0.3281
27460000,4261.579191,3528,243,0.090975,0.2656
27462000,4370.089797,3535,243,0.059103,0.3047
27464000,4361.164749,3524,244,0.115155,0.2188
27466000,5072.489879,3532,247,0.241365,0.2734
27468000,5103.145338,3565,231,0.243933,0.2891
27470000,5090.846572,3552,237,0.248623,0.2969
27472000,4905.606548,3569,229,0.400500,0.2812
27474000,4427.711836,3548,237,0.384466,0.3125
27476000,5329.085520,3549,236,0.423351,0.2578
27478000,5283.292631,3520,234,0.411745,0.3594
27480000,5329.263162,3543,209,0.420140,0.3281
27482000,5294.632009,3557,241,0.439199,0.3438
27484000,4991.696337,3528,233,0.322601,0.2969
27486000,4320.570977,3556,213,0.198743,0.3281
27488000,4208.316306,3550,208,0.022581,0.3281
27490000,4390.932618,3548,220,0.150985,0.2656
27492000,4407.433595,3557,212,0.145739,0.3438
27494000,4295.592720,3539,223,0.126634,0.3203
27496000,4993.330727,3529,225,0.297771,0.2891
27498000,5261.200515,3537,224,0.288618,0.2422
27500000,5178.088671,3574,229,0.363752,0.3750
27502000,5029.914094,3579,214,0.193828,0.3047
27504000,5612.302889,3605,204,0.339662,0.3047
27506000,4750.353297,3598,214,0.120292,0.2734
27508000,4714.185887,3575,207,0.113745,0.3359
27510000,4750.380612,3585,202,0.111358,0.3125
27512000,4985.386041,3615,189,0.192487,0.3750
27514000,4535.205597,3604,199,0.236911,0.2969
27516000,4510.602498,3593,208,0.242098,0.2969
27518000,4551.396728,3590,234,0.290899,0.2656
27520000,4417.093583,3582,238,0.192289,0.3672
27522000,4328.007769,3600,222,0.180657,0.3906
27524000,4333.137143,3595,229,0.257955,0.3359
27526000,4329.048099,3589,226,0.253483,0.3281
27528000,4246.870828,3546,243,0.225666,0.2891
27530000,4251.244001,3569,224,0.287367,0.2969
27532000,4263.772553,3520,228,0.225343,0.3203
27534000,4387.071749,3576,210,0.138829,0.2656
27536000,4385.718472,3563,219,0.146556,0.2422
27538000,3786.058354,3551,229,0.065983,0.3047
27540000,3762.041713,3548,238,0.067492,0.2891
27542000,3835.462364,3557,213,0.018729,0.3359
27544000,3612.218983,3553,224,0.008324,0.3125
27546000,3327.933928,3595,220,0.029461,0.3125
27548000,3374.404495,3586,218,0.027028,0.2578
27550000,4553.409545,3586,205,0.243968,0.3047
27552000,4308.979743,3575,201,0.213819,0.2734
27554000,4276.771262,3567,233,0.312486,0.3281
27556000,4312.801407,3578,225,0.189942,0.2500
27558000,4473.410142,3575,224,0.285612,0.2812
27560000,4428.674514,3588,215,0.287811,0.2734
27562000,4288.211644,3582,217,0.147447,0.3594
27564000,4167.281412,3587,227,0.093353,0.3438
27566000,4191.909211,3575,215,0.173954,0.3750
27568000,4339.368464,3574,230,0.195629,0.2969
27570000,3928.272737,3559,214,0.096767,0.2891
27572000,4029.408022,3550,215,0.089044,0.3281
27574000,4023.016659,3546,226,0.100507,0.3281
27576000,3911.616849,3556,216,0.098851,0.2656
27578000,4212.836631,3555,223,0.108729,0.2812
27580000,4258.014853,3575,201,0.146874,0.2969
27582000,4343.742680,3579,192,0.356115,0.2891
27584000,4553.770192,3571,199,0.402277,0.2344
27586000,4346.155092,3606,198,0.363670,0.2578
27588000,4323.930455,3611,219,0.346952,0.2500
27590000,4284.988769,3617,218,0.306092,0.3281
27592000,4279.391448,3603,216,0.319995,0.3359
27594000,4365.649306,3611,205,0.336037,0.2891
27596000,4431.922674,3634,216,0.228450,0.2656
27598000,4544.820805,3601,205,0.394757,0.2656
27600000,3657.452205,3590,218,0.247634,0.2656
27602000,3677.136743,3609,198,0.247322,0.2891
27604000,3618.396097,3599,216,0.240967,0.3281
27606000,2954.114774,3609,214,0.141730,0.3125
27608000,2962.300761,3591,210,0.142722,0.3281
27610000,3584.745441,3601,210,0.206904,0.3438
27612000,3424.477198,3588,208,0.210279,0.2734
27614000,3578.708816,3605,220,0.179687,0.2891
27616000,3663.616109,3580,228,0.219295,0.3203
27618000,4389.505642,3604,217,0.227582,0.3594
27620000,4080.439016,3600,228,0.175181,0.3359
27622000,4077.390804,3625,218,0.176905,0.2812
27624000,4190.803382,3616,223,0.198647,0.4219
27626000,3903.438554,3595,216,0.249479,0.3047
27628000,3928.606278,3577,219,0.256194,0.2500
27630000,3794.061696,3568,215,0.247149,0.2734
27632000,3803.295674,3582,222,0.251980,0.2422
27634000,3847.749672,3571,219,0.252713,0.4219
27636000,3813.253328,3575,219,0.317778,0.3594
27638000,3912.328915,3583,210,0.398116,0.3047
27640000,3668.832208,3582,205,0.300046,0.3438
27642000,3644.394287,3569,207,0.297009,0.3203
27644000,3806.537896,3601,202,0.402707,0.2734
27646000,3804.772467,3605,202,0.399599,0.3047
27648000,3523.373332,3604,209,0.232256,0.2812
27650000,3522.267478,3620,206,0.229717,0.2969
27652000,3857.409615,3618,198,0.147877,0.2734
27654000,4096.456529,3612,216,0.237362,0.2656
27656000,4121.717368,3580,229,0.231854,0.3281
27658000,4121.908808,3593,221,0.212370,0.2500
27660000,4082.785764,3572,221,0.205151,0.3203
27662000,4975.589986,3572,228,0.360859,0.3047
27664000,4931.552656,3568,237,0.355326,0.3750
27666000,4550.634282,3570,231,0.333400,0.2891
27668000,4633.649484,3557,241,0.347906,0.3828
27670000,4625.817393,3571,241,0.343454,0.3516
27672000,4681.780039,3588,226,0.358886,0.2969
27674000,4642.190739,3541,236,0.353005,0.2969
27676000,7720.922886,3535,237,0.706766,0.2969
27678000,7162.125756,3549,249,0.558951,0.2656
27680000,4875.723111,3542,263,0.265049,0.3203
27682000,4825.068558,3548,259,0.256456,0.2500
27684000,5271.843387,3579,243,0.166579,0.2734
27686000,4499.276289,3605,223,0.366753,0.2656
27688000,7695.686611,3593,224,0.650404,0.3438
27690000,7695.507895,3569,224,0.660539,0.2734
27692000,7174.328532,3598,214,0.536599,0.3438
27694000,7013.187491,3618,205,0.551404,0.2891
27696000,5203.476039,3623,197,0.188162,0.3438
27698000,5305.667692,3590,220,0.203603,0.3047
27700000,5420.513221,3613,222,0.273951,0.3125
27702000,4339.853364,3611,207,0.303600,0.2891
27704000,5450.742737,3596,209,0.282376,0.2969
27706000,6173.846924,3532,233,0.699293,0.3594
27708000,5892.914333,3530,231,0.476334,0.3750
27710000,5923.562535,3519,242,0.474863,0.2422
27712000,5881.692341,3522,243,0.488814,0.3438
27714000,6208.289884,3534,231,0.509144,0.2891
27716000,6243.305660,3569,222,0.521175,0.3594
27718000,7041.148787,3597,201,0.499983,0.2656
27720000,6956.118241,3581,222,0.489025,0.3281
27722000,6748.722960,3572,231,0.499602,0.3438
27724000,6525.194741,3578,223,0.476222,0.2969
27726000,7375.617576,3571,231,0.656944,0.2812
27728000,7341.128679,3553,233,0.649517,0.4062
27730000,6487.518789,3554,234,0.444382,0.2656
27732000,4754.493514,3570,210,0.252800,0.3125
27734000,4722.857117,3581,219,0.253331,0.3281
27736000,4641.176602,3587,204,0.243733,0.2578
27738000,6280.396496,3562,222,0.509272,0.2812
27740000,7002.762320,3570,217,0.529739,0.3281
27742000,7010.779973,3570,209,0.526463,0.2812
27744000,8919.347039,3609,188,0.828047,0.2344
27746000,8774.039301,3645,182,0.714044,0.2812
27748000,8731.911913,3642,178,0.725615,0.2812
27750000,7563.320709,3651,185,0.537406,0.2500
27752000,7625.367131,3649,187,0.535143,0.2891
27754000,6361.819139,3643,186,0.346525,0.2266
27756000,5888.769609,3659,195,0.410385,0.3125
27758000,6193.220247,3675,186,0.349338,0.3047
27760000,5534.244235,3684,184,0.549484,0.3125
27762000,6070.344767,3654,176,0.665720,0.3203
27764000,6085.825963,3643,182,0.663116,0.3125
27766000,6111.978767,3651,183,0.662676,0.3125
27768000,6182.017159,3642,203,0.622813,0.2344
27770000,7699.376991,3647,207,0.743379,0.3125
27772000,7783.059571,3664,199,0.731857,0.2812
27774000,6784.836957,3649,193,0.710372,0.2422
27776000,5165.863647,3656,191,0.225578,0.2422
27778000,4517.863675,3634,195,0.135826,0.2266
27780000,8735.639766,3635,196,0.792263,0.2422
27782000,8624.730866,3644,208,0.801361,0.2656
27784000,6001.743730,3653,207,0.388230,0.2734
27786000,6431.251177,3630,224,0.585436,0.2578
27788000,6539.008321,3634,205,0.580773,0.3594
27790000,6296.744864,3641,217,0.537580,0.3125
27792000,6226.123907,3631,199,0.531755,0.2734
27794000,5689.080211,3662,189,0.459450,0.2969
27796000,3575.461410,3635,198,0.084609,0.2891
27798000,9717.929578,3634,196,0.785013,0.1484
27800000,8451.201710,3637,192,0.779571,0.2812
27802000,8481.398915,3623,201,0.780698,0.2578
27804000,7459.668756,3626,208,0.455826,0.2969
27806000,7537.858458,3615,221,0.450803,0.2422
27808000,8406.496634,3604,230,0.691971,0.3203
27810000,8431.034512,3617,222,0.690341,0.3047
27812000,8456.315325,3642,222,0.456836,0.2969
27814000,8773.133821,3659,213,0.477900,0.2656
27816000,7559.976321,3644,203,0.583604,0.2969
27818000,4098.354408,3621,207,0.080378,0.3047
27820000,7503.880647,3640,211,0.525190,0.3828
27822000,7533.558051,3622,232,0.528845,0.3281
27824000,7087.720232,3603,253,0.374854,0.3438
27826000,8357.021480,3595,234,0.647109,0.2812
27828000,8417.682039,3576,236,0.651607,0.3906
27830000,8960.138612,3575,232,0.686483,0.2891
27832000,9031.072829,3594,214,0.690172,0.2812
27834000,8791.892835,3591,216,0.679701,0.2969
27836000,10454.080737,3592,222,0.810766,0.2891
27838000,9419.113676,3605,228,0.685749,0.3125
27840000,7148.461209,3604,205,0.644135,0.3203
27842000,6827.966023,3604,200,0.636643,0.3047
27844000,8026.725768,3604,208,0.767448,0.3281
27846000,7475.932833,3596,225,0.693729,0.2578
27848000,6961.578510,3610,212,0.678095,0.2891
27850000,4608.972906,3645,200,0.140146,0.3359
27852000,4654.706773,3617,226,0.133784,0.3438
27854000,7352.298510,3637,207,0.603227,0.2891
27856000,4237.720337,3646,222,0.098861,0.2891
27858000,3833.555722,3624,216,0.179737,0.2656
27860000,6017.534750,3616,205,0.664215,0.2891
27862000,3494.856095,3639,205,0.149950,0.2969
27864000,5901.607803,3607,228,0.610280,0.2734
27866000,5723.037354,3591,238,0.627083,0.2578
27868000,5733.469474,3596,238,0.631270,0.3906
27870000,6618.344497,3646,201,0.630395,0.2266
27872000,6586.543665,3648,206,0.627402,0.2500
27874000,6605.886679,3624,220,0.626161,0.2500
27876000,6574.754764,3597,227,0.626184,0.4141
27878000,6711.849839,3598,229,0.641547,0.3203
27880000,9527.581616,3604,234,0.763541,0.2656
27882000,9138.355239,3630,217,0.737390,0.2500
27884000,9113.138179,3619,231,0.735973,0.3047
27886000,5016.037468,3630,216,0.513263,0.3359
27888000,5029.401751,3628,230,0.517220,0.2812
27890000,5357.527336,3594,244,0.535390,0.3281
27892000,5239.907892,3593,237,0.537202,0.3125
27894000,5267.458672,3590,240,0.538660,0.3750
27896000,5953.905199,3587,248,0.430946,0.2969
27898000,8727.323493,3630,227,0.621048,0.3281
27900000,8709.797599,3639,213,0.632911,0.3281
27902000,8832.230440,3644,215,0.787154,0.2109
27904000,8702.905048,3681,193,0.736983,0.2031
27906000,8551.198332,3652,215,0.677781,0.2969
27908000,8605.310529,3694,209,0.734864,0.2656
27910000,4372.300792,3661,218,0.195724,0.2969
27912000,4385.770574,3660,216,0.212339,0.3047
27914000,5845.499594,3685,210,0.491838,0.2266
27916000,6947.723771,3681,194,0.587565,0.3438
27918000,8649.766394,3663,207,0.781474,0.2656
27920000,8642.670658,3658,199,0.789098,0.3047
27922000,7918.117902,3629,197,0.755473,0.2344
27924000,7904.447357,3605,209,0.776186,0.2734
27926000,8193.825754,3635,205,0.667905,0.3047
27928000,8840.537101,3624,206,0.602451,0.2656
27930000,7946.251141,3622,213,0.508053,0.3281
27932000,8456.394825,3629,199,0.507461,0.2734
27934000,8069.064603,3620,197,0.511438,0.3047
27936000,5558.195081,3627,208,0.379534,0.2266
27938000,5271.346714,3616,187,0.276693,0.2344
27940000,5497.602556,3632,206,0.330218,0.3672
27942000,5147.006502,3625,210,0.277920,0.2578
27944000,5206.654661,3614,204,0.232478,0.2891
27946000,5022.062586,3618,208,0.322667,0.3750
27948000,6563.808451,3630,199,0.627785,0.2812
27950000,6555.289527,3634,203,0.623701,0.2500
27952000,6754.009190,3616,222,0.579915,0.3047
27954000,7219.243376,3635,205,0.649386,0.2344
27956000,7273.162666,3623,214,0.648169,0.2656
27958000,7141.667733,3628,201,0.632704,0.3281
27960000,7359.709554,3622,222,0.641221,0.2266
27962000,6940.830290,3624,225,0.598543,0.2969
27964000,6966.365544,3613,232,0.603291,0.3359
27966000,7888.424597,3595,231,0.635080,0.2500
27968000,4770.294882,3557,245,0.152069,0.3594
27970000,4461.411033,3553,220,0.161137,0.3516
27972000,8811.932051,3541,224,0.551840,0.2969
27974000,7803.786943,3541,218,0.466360,0.2578
27976000,7841.336956,3515,237,0.453886,0.2969
27978000,7864.352589,3518,236,0.455090,0.3047
27980000,8029.361756,3541,244,0.453151,0.3125
27982000,7130.792064,3515,240,0.423906,0.2500
27984000,7369.867886,3542,227,0.509002,0.2812
27986000,6079.543087,3541,219,0.499861,0.3750
27988000,6120.617786,3540,241,0.504904,0.2578
27990000,6086.341544,3577,219,0.491104,0.3281
27992000,8730.773056,3574,233,0.660436,0.4141
27994000,8742.160688,3564,239,0.658303,0.3516
27996000,6443.338512,3593,218,0.571050,0.3203
27998000,6446.079324,3586,230,0.568599,0.3125
28000000,6300.119461,3595,228,0.559913,0.2422
28002000,5638.687964,3577,230,0.433181,0.2891
28004000,7046.372553,3591,229,0.756472,0.3594
28006000,6438.547699,3587,209,0.610197,0.2188
28008000,6286.610078,3574,207,0.595187,0.2031
28010000,5107.445173,3560,245,0.551656,0.3672
28012000,5303.057715,3564,239,0.529352,0.3516
28014000,5212.449061,3556,234,0.419531,0.2812
28016000,5799.193228,3555,245,0.476331,0.3047
28018000,5305.641892,3543,249,0.492764,0.3359
28020000,5293.839012,3560,242,0.496235,0.2891
28022000,4237.755244,3577,231,0.326248,0.3125
28024000,5675.336195,3607,232,0.518280,0.3672
28026000,5674.494320,3623,209,0.521929,0.3359
28028000,5100.642652,3628,210,0.460264,0.2500
28030000,5113.246319,3643,196,0.468198,0.3125
28032000,4991.292741,3631,200,0.505510,0.2891
28034000,4674.967055,3640,194,0.454435,0.3125
28036000,4917.857825,3659,182,0.484789,0.2578
28038000,4950.344530,3677,186,0.466284,0.3125
28040000,4877.595795,3646,189,0.532956,0.3359
28042000,4678.429537,3664,195,0.502241,0.2422
28044000,4649.955755,3648,202,0.514993,0.3359
28046000,4584.544396,3646,201,0.541322,0.3594
28048000,6306.797264,3658,184,0.739925,0.3594
28050000,6312.644565,3643,209,0.725788,0.3438
28052000,6806.267861,3642,197,0.733929,0.2734
28054000,6890.986336,3617,213,0.738803,0.3125
28056000,7699.109427,3605,220,0.731396,0.2656
28058000,7141.912656,3593,231,0.635312,0.3047
28060000,7973.560255,3573,239,0.768272,0.3672
28062000,7354.450248,3599,228,0.514399,0.2734
28064000,7129.162369,3588,229,0.647832,0.3281
28066000,5626.392224,3615,214,0.041346,0.2422
28068000,6488.034948,3601,215,0.117441,0.2109
28070000,5205.873799,3618,215,0.026651,0.2891
28072000,5697.405907,3631,185,0.167323,0.2109
28074000,5652.627315,3613,212,0.220314,0.2578
28076000,5765.919131,3615,208,0.298904,0.3438
28078000,3839.629382,3636,197,0.114711,0.2891
28080000,3823.531193,3623,223,0.129203,0.3438
28082000,3798.049213,3619,209,0.129116,0.3125
28084000,3528.648247,3609,214,0.122702,0.3125
28086000,3713.185543,3604,214,0.015710,0.2578
28088000,3612.382892,3611,210,0.035165,0.3047
28090000,3640.298402,3618,208,0.029240,0.2656
28092000,4337.315099,3608,206,0.134626,0.2969
28094000,4321.271404,3607,209,0.137142,0.3672
28096000,4182.176764,3636,189,0.134604,0.3125
28098000,4353.369351,3595,202,0.135404,0.2344
28100000,4300.239409,3572,215,0.133863,0.2344
28102000,4537.417191,3590,214,0.359518,0.2891
28104000,4577.210753,3596,213,0.375743,0.2969
28106000,4651.767585,3581,210,0.392277,0.2812
28108000,4705.769810,3586,213,0.499511,0.2891
28110000,4708.941910,3583,211,0.493679,0.3438
28112000,4727.802478,3587,214,0.493133,0.2891
28114000,4714.730259,3614,200,0.557071,0.2578
28116000,4696.740614,3625,193,0.556181,0.2812
28118000,4830.641701,3613,197,0.557674,0.3203
28120000,4791.141632,3638,197,0.470804,0.2422
28122000,4819.265680,3609,226,0.491981,0.2656
28124000,4590.833580,3612,234,0.441561,0.3047
28126000,4465.015329,3597,219,0.473009,0.2891
28128000,4448.728152,3598,218,0.470914,0.2734
28130000,4428.869187,3605,209,0.479819,0.2656
28132000,4483.295706,3612,219,0.482874,0.3281
28134000,4676.678491,3612,210,0.502923,0.2734
28136000,4650.437375,3612,188,0.500640,0.2734
28138000,4641.619288,3626,181,0.513294,0.2891
28140000,4635.754257,3615,197,0.472953,0.2656
28142000,4967.429319,3611,207,0.435242,0.2500
28144000,4810.671714,3624,207,0.422419,0.2734
28146000,4887.029879,3660,185,0.425679,0.2891
28148000,4703.205390,3663,198,0.434017,0.3203
28150000,4736.749474,3676,202,0.423367,0.2812
28152000,4733.639089,3650,200,0.413309,0.2422
28154000,3321.132789,3641,232,0.162857,0.3750
28156000,3976.378288,3628,212,0.353956,0.3672
28158000,3999.131635,3619,217,0.348313,0.3047
28160000,3982.041159,3589,224,0.348654,0.2891
28162000,4080.887379,3606,216,0.389514,0.3438
28164000,4037.940378,3607,227,0.390647,0.2656
28166000,4229.033839,3583,219,0.340782,0.3281
28168000,3883.914102,3583,229,0.218486,0.3281
28170000,4479.155512,3591,231,0.489988,0.2500
28172000,4460.746206,3580,225,0.487217,0.2812
28174000,3919.581433,3571,213,0.259115,0.3438
28176000,3457.436577,3584,202,0.227213,0.2656
28178000,3487.221352,3566,189,0.163233,0.3672
28180000,3488.543647,3549,198,0.123787,0.3516
28182000,3477.467108,3553,209,0.121727,0.2812
28184000,3477.267336,3557,225,0.110152,0.2188
28186000,4805.192477,3573,200,0.235740,0.2656
28188000,3920.655489,3567,211,0.240160,0.2812
28190000,3874.692827,3588,208,0.189959,0.3125
28192000,3925.429886,3592,220,0.167307,0.2969
28194000,4260.389098,3579,223,0.173883,0.2500
28196000,4272.017715,3584,215,0.149787,0.2578
28198000,4263.131548,3572,235,0.145026,0.3438
28200000,3794.322536,3603,214,0.063180,0.2969
28202000,3709.992003,3582,234,0.059025,0.3125
28204000,3734.725738,3560,231,0.058230,0.2969
28206000,4631.691951,3577,207,0.366773,0.2656
28208000,5197.637063,3597,204,0.429851,0.3281
28210000,5187.786699,3576,221,0.458259,0.2812
28212000,5434.690129,3562,220,0.495382,0.3281
28214000,5416.412335,3570,223,0.473291,0.3750
28216000,5464.794999,3562,228,0.458313,0.2891
28218000,5024.772071,3574,211,0.473160,0.3281
28220000,4834.869384,3564,229,0.418167,0.3203
28222000,4803.148547,3578,208,0.423885,0.2734
28224000,4810.975605,3569,213,0.425259,0.2344
28226000,4788.197400,3566,207,0.430335,0.2734
28228000,4558.843795,3543,211,0.366763,0.3359
28230000,4546.984138,3573,208,0.372554,0.3438
28232000,5056.024315,3578,200,0.389009,0.2734
28234000,4977.676839,3580,206,0.399549,0.2969
28236000,5749.830731,3597,203,0.452826,0.2578
28238000,4374.442190,3582,204,0.304583,0.2344
28240000,4337.399564,3559,214,0.304141,0.2891
28242000,4020.665944,3567,214,0.276222,0.2812
28244000,4069.709349,3570,207,0.282491,0.2969
28246000,4221.868377,3556,214,0.310184,0.3047
28248000,3670.414406,3551,214,0.170256,0.3516
28250000,3386.373283,3529,227,0.166108,0.2812
28252000,3396.251221,3563,224,0.161951,0.2969
28254000,3413.305728,3566,207,0.162847,0.3125
28256000,3444.830817,3572,206,0.160055,0.3125
28258000,3419.188746,3568,206,0.152320,0.2578
28260000,3421.434502,3578,201,0.150810,0.3125
28262000,3375.663543,3556,215,0.155400,0.2891
28264000,3596.816558,3570,209,0.196171,0.3281
28266000,3605.205269,3563,218,0.192931,0.3047
28268000,3662.454337,3567,217,0.199185,0.3359
28270000,3815.499372,3565,212,0.199089,0.2578
28272000,3875.438442,3570,190,0.210157,0.2500
28274000,3780.567011,3564,211,0.212875,0.2812
28276000,6248.003437,3592,193,0.706536,0.2656
28278000,6231.769197,3607,202,0.706697,0.2812
28280000,5085.924426,3601,207,0.428691,0.2969
28282000,5221.313746,3581,223,0.479517,0.2734
28284000,4720.428119,3594,208,0.542727,0.2500
28286000,4698.181662,3591,217,0.538182,0.2500
28288000,6042.987347,3594,219,0.719074,0.3281
28290000,6055.842597,3617,214,0.706839,0.2500
28292000,5009.048436,3612,213,0.566297,0.2969
28294000,6369.739589,3608,212,0.690554,0.3281
28296000,6212.839921,3621,203,0.668477,0.3047
28298000,5081.327050,3617,212,0.465188,0.2891
28300000,5893.295593,3633,212,0.627507,0.2344
28302000,5865.709869,3605,227,0.639162,0.3203
28304000,4841.892744,3574,233,0.477370,0.2656
28306000,4774.924022,3580,224,0.446915,0.2734
28308000,4733.399781,3587,208,0.448654,0.3203
28310000,4697.029066,3590,216,0.434259,0.2812
28312000,4730.809324,3598,211,0.431263,0.2578
28314000,5163.036643,3597,230,0.510495,0.3359
28316000,4925.223574,3600,218,0.406096,0.3203
28318000,5058.721423,3642,218,0.558731,0.2578
28320000,5027.703441,3627,210,0.560240,0.2734
28322000,4091.855818,3607,206,0.321943,0.2578
28324000,4098.040787,3565,235,0.306760,0.3828
28326000,4012.982108,3607,212,0.237442,0.2656
28328000,4377.012106,3604,186,0.493467,0.2812
28330000,4393.208425,3592,195,0.494138,0.1953
28332000,4047.929581,3584,197,0.414148,0.2422
28334000,4336.312319,3580,215,0.439446,0.2969
28336000,4302.635037,3598,217,0.477908,0.2344
28338000,4373.393927,3593,210,0.476871,0.2969
28340000,4846.614497,3583,219,0.559466,0.2656
28342000,4473.467301,3581,216,0.412646,0.3125
28344000,4656.434045,3571,226,0.421591,0.2969
28346000,4575.650928,3609,205,0.435181,0.2578
28348000,4552.727929,3586,226,0.389440,0.2891
28350000,4971.602885,3586,225,0.309514,0.2969
28352000,4398.604465,3595,210,0.299516,0.3047
28354000,3985.699621,3604,210,0.178298,0.2812
28356000,4004.856473,3594,229,0.179561,0.2891
28358000,3992.695839,3583,215,0.180175,0.2734
28360000,3984.864255,3593,198,0.179501,0.2656
28362000,3994.044326,3595,212,0.180302,0.2891
28364000,3996.443897,3572,216,0.176583,0.2969
28366000,4454.754125,3578,208,0.342444,0.2109
28368000,4529.257684,3581,213,0.385184,0.2812
28370000,4334.901175,3568,217,0.359044,0.3047
28372000,4428.391434,3554,248,0.361703,0.2891
28374000,4272.485155,3558,249,0.354702,0.3594
28376000,4746.821239,3571,233,0.401852,0.3203
28378000,4605.612732,3587,226,0.395121,0.2969
28380000,4795.138934,3591,203,0.331667,0.2578
28382000,4875.529611,3612,212,0.345986,0.2812
28384000,4849.177778,3587,225,0.342558,0.3047
28386000,5090.122899,3593,223,0.383332,0.3359
28388000,4926.689818,3572,227,0.422399,0.3281
28390000,4902.571347,3575,218,0.413872,0.3438
28392000,5398.205031,3601,203,0.422493,0.2344
28394000,4750.111456,3613,194,0.465684,0.3516
28396000,4716.745766,3602,192,0.111996,0.3828
28398000,4778.427088,3595,193,0.178705,0.2656
28400000,4980.499664,3595,183,0.194481,0.2344
28402000,4994.037946,3592,198,0.194849,0.3516
28404000,4826.794844,3584,223,0.117693,0.3047
28406000,4625.304328,3567,206,0.102859,0.2891
28408000,4863.891119,3566,210,0.293990,0.2266
28410000,4537.027680,3578,212,0.386012,0.2422
28412000,4267.162815,3575,208,0.448868,0.2891
28414000,4511.844477,3610,214,0.380723,0.2266
28416000,5131.906535,3627,193,0.512249,0.2812
28418000,4798.396348,3609,204,0.429810,0.2734
28420000,4830.610773,3564,206,0.420678,0.2578
28422000,4218.817715,3551,232,0.353053,0.2422
28424000,4136.048156,3572,208,0.405683,0.2734
28426000,3798.215285,3572,201,0.200817,0.3281
28428000,3856.874358,3588,216,0.214812,0.3594
28430000,3834.610526,3593,222,0.223053,0.1719
28432000,3880.101252,3584,240,0.231410,0.3750
28434000,4076.825850,3576,224,0.266504,0.2578
28436000,4142.033599,3551,211,0.266353,0.3203
28438000,4206.721309,3557,209,0.270878,0.3516
28440000,4056.995259,3525,234,0.212064,0.3281
28442000,4044.784117,3537,219,0.214328,0.2656
28444000,4041.007605,3549,226,0.225036,0.2500
28446000,4034.154447,3582,205,0.231915,0.3203
28448000,4147.926134,3586,212,0.230325,0.2734
28450000,4162.485648,3608,195,0.201658,0.3125
28452000,4581.468026,3602,208,0.181935,0.2500
28454000,4751.589957,3568,225,0.260461,0.2969
28456000,4835.485650,3589,224,0.269914,0.2422
28458000,5161.945751,3592,225,0.303452,0.2500
28460000,3342.995826,3570,237,0.020532,0.3516
28462000,3264.073078,3573,231,0.018569,0.3281
28464000,3335.997356,3571,206,0.022146,0.2734
28466000,3715.436097,3550,210,0.252462,0.2109
28468000,4470.524866,3580,196,0.351808,0.1875
28470000,4141.243035,3559,234,0.340062,0.2344
28472000,4122.838201,3539,245,0.324446,0.3125
28474000,4134.890540,3538,222,0.271248,0.2188
28476000,4351.492731,3571,216,0.351325,0.3047
28478000,4556.984242,3546,239,0.372383,0.3125
28480000,4567.406556,3563,228,0.356240,0.2812
28482000,4285.825728,3576,211,0.377643,0.3125
28484000,4294.558800,3572,210,0.375841,0.2656
28486000,4355.759973,3579,208,0.385951,0.3203
28488000,4067.472655,3564,227,0.256481,0.3359
28490000,4036.753324,3535,234,0.267083,0.3828
28492000,4578.731449,3544,245,0.348464,0.2734
28494000,4150.393648,3547,236,0.225971,0.2656
28496000,3958.384541,3564,223,0.214224,0.2266
28498000,3965.268840,3597,216,0.213365,0.3125
28500000,3782.202346,3605,201,0.163108,0.2578
28502000,3899.477811,3590,210,0.162126,0.2734
28504000,3952.119137,3590,215,0.338323,0.3125
28506000,3859.822873,3573,207,0.218758,0.2891
28508000,4305.245991,3619,186,0.303709,0.2734
28510000,4272.774954,3591,188,0.301490,0.2734
28512000,4014.292309,3604,195,0.225155,0.1875
28514000,4463.176159,3608,213,0.279783,0.3047
28516000,4455.602735,3605,211,0.284923,0.3438
28518000,4530.558175,3610,210,0.295090,0.3438
28520000,4329.130037,3591,230,0.292573,0.3125
28522000,5011.313074,3566,242,0.353011,0.2656
28524000,4939.879550,3560,233,0.335716,0.3984
28526000,4869.738283,3548,226,0.316968,0.3203
28528000,4806.958337,3565,210,0.312074,0.3203
28530000,4353.404994,3528,225,0.270072,0.2578
28532000,4610.401538,3523,235,0.433688,0.3359
28534000,4861.393925,3539,222,0.404497,0.2656
28536000,4843.163210,3577,214,0.395954,0.2891
28538000,4489.209578,3544,230,0.386776,0.2734
28540000,5065.453668,3545,233,0.500141,0.3047
28542000,5027.396653,3567,220,0.548202,0.3203
28544000,5041.716319,3567,219,0.548198,0.3047
28546000,4976.584242,3561,223,0.542647,0.3047
28548000,5101.914999,3567,217,0.543063,0.2891
28550000,4927.189055,3573,204,0.612953,0.2578
28552000,4903.734378,3578,211,0.625636,0.3516
28554000,4937.869731,3580,232,0.624931,0.3828
28556000,4976.149788,3566,236,0.612873,0.3203
28558000,5095.485360,3575,236,0.559374,0.3594
28560000,4948.045666,3609,223,0.530384,0.2812
28562000,4796.154343,3607,221,0.548288,0.2812
28564000,4706.400897,3616,211,0.540593,0.2812
28566000,4757.027946,3636,194,0.541942,0.3750
28568000,4844.575498,3636,188,0.523361,0.2734
28570000,4822.797861,3656,170,0.508947,0.2031
28572000,4975.857295,3640,193,0.527506,0.2188
28574000,4633.787427,3628,208,0.475996,0.2422
28576000,4654.105671,3616,195,0.476174,0.3047
28578000,4547.883141,3631,193,0.440370,0.3203
28580000,3885.065764,3619,195,0.190248,0.3203
28582000,3944.659600,3616,213,0.261309,0.2500
28584000,4000.753237,3594,216,0.180758,0.3125
28586000,4031.561267,3593,198,0.183119,0.2734
28588000,4098.855381,3557,202,0.179053,0.3438
28590000,4552.602638,3596,215,0.346695,0.3047
28592000,5396.131410,3595,199,0.407596,0.2734
28594000,5604.380006,3615,204,0.563423,0.3359
28596000,6129.247439,3614,194,0.296377,0.1953
28598000,4835.160443,3623,191,0.460592,0.2500
28600000,4890.369955,3621,180,0.420897,0.3125
28602000,4673.954896,3630,195,0.403908,0.2500
28604000,5558.721944,3619,210,0.621848,0.3984
28606000,5702.115118,3606,194,0.652038,0.3125
28608000,5706.724224,3602,192,0.651921,0.3125
28610000,3930.244210,3573,222,0.027069,0.2812
28612000,7000.792734,3583,223,0.728851,0.2578
28614000,7064.543594,3594,221,0.731693,0.2578
28616000,7268.531061,3597,232,0.724697,0.3125
28618000,7775.994076,3596,217,0.752194,0.2969
28620000,8202.979386,3612,203,0.822362,0.3125
28622000,6186.126490,3623,205,0.459506,0.2969
28624000,6580.144531,3616,209,0.551262,0.2656
28626000,6727.769768,3592,229,0.735489,0.2891
28628000,6686.634035,3569,241,0.674283,0.3203
28630000,6810.842619,3569,245,0.659781,0.2891
28632000,5659.563090,3579,224,0.503226,0.3047
28634000,7400.574621,3593,212,0.694969,0.3203
28636000,7427.198801,3586,208,0.693461,0.3516
28638000,7004.933124,3557,244,0.658270,0.3047
28640000,7007.030851,3563,242,0.662094,0.2891
28642000,4775.743925,3566,222,0.274545,0.2578
28644000,6338.807800,3555,223,0.392951,0.2031
28646000,6085.676861,3565,233,0.359250,0.2266
28648000,6411.979287,3568,219,0.597106,0.2656
28650000,7950.415986,3600,209,0.789205,0.2578
28652000,7563.725035,3593,210,0.779464,0.2500
28654000,6638.096131,3613,202,0.640651,0.2969
28656000,6581.631192,3623,200,0.498507,0.3125
28658000,6162.004424,3624,207,0.551935,0.2578
28660000,5672.680865,3636,220,0.341261,0.2656
28662000,5932.753149,3634,210,0.555802,0.2812
28664000,8130.684659,3660,220,0.772350,0.3047
28666000,7997.340341,3668,221,0.760757,0.2812
28668000,4773.054847,3667,212,0.192132,0.3203
28670000,8251.069533,3636,230,0.767367,0.2969
28672000,8410.435976,3598,222,0.759314,0.2656
28674000,8361.673831,3607,220,0.760609,0.2969
28676000,8234.337457,3635,200,0.740036,0.2500
28678000,8079.453445,3637,217,0.736300,0.2891
28680000,8077.149290,3641,209,0.735520,0.2891
28682000,7521.639750,3646,217,0.706956,0.2422
28684000,5906.575230,3654,203,0.606464,0.3516
28686000,6956.027013,3657,202,0.527969,0.2656
28688000,8012.662954,3620,213,0.573521,0.3359
28690000,7857.630202,3650,215,0.595608,0.2344
28692000,8014.517337,3648,210,0.545594,0.2891
28694000,7305.095814,3646,210,0.574695,0.3203
28696000,8399.545978,3638,206,0.803312,0.3281
28698000,8387.144883,3624,210,0.808100,0.3047
28700000,8045.720381,3619,216,0.764288,0.2656
28702000,7413.003445,3620,217,0.501087,0.3203
28704000,8468.556262,3604,231,0.694004,0.3047
28706000,6194.740351,3601,225,0.435105,0.3047
28708000,7399.849177,3588,248,0.485088,0.2812
28710000,6710.270810,3590,231,0.596819,0.3438
28712000,9071.581936,3617,236,0.546341,0.3672
28714000,5895.624160,3640,233,0.275008,0.3281
28716000,6387.354447,3618,239,0.433659,0.2578
28718000,6418.569855,3625,242,0.433084,0.2891
28720000,7175.253198,3630,217,0.458370,0.2969
28722000,6086.009208,3625,227,0.314088,0.2500
28724000,6686.719135,3651,218,0.418681,0.3438
28726000,6026.610388,3647,203,0.170415,0.2188
28728000,4774.833970,3667,199,0.046197,0.3203
28730000,4569.621378,3654,203,0.136478,0.2500
28732000,4717.207488,3654,209,0.054363,0.2891
28734000,4665.344677,3646,182,0.217284,0.2656
28736000,3829.980417,3638,194,0.021785,0.2344
28738000,4037.875839,3620,189,0.036267,0.3281
28740000,4060.233297,3637,183,0.115460,0.3672
28742000,5030.480842,3655,189,0.242867,0.3359
28744000,5086.202837,3663,184,0.305878,0.2812
28746000,4711.159975,3683,180,0.288665,0.2734
28748000,4261.278220,3686,185,0.315359,0.3438
28750000,4256.929637,3671,189,0.301482,0.3594
28752000,4284.818965,3645,196,0.318392,0.2812
28754000,4040.649584,3629,222,0.006165,0.1875
28756000,4025.591906,3615,216,0.009659,0.2656
28758000,3859.774187,3592,228,0.033386,0.2969
28760000,3901.738211,3611,230,0.040729,0.2656
28762000,3803.154256,3586,227,0.036618,0.3359
28764000,3642.450691,3598,224,0.216727,0.2891
28766000,3752.352473,3589,234,0.187141,0.2969
28768000,3859.152463,3596,230,0.193596,0.2891
28770000,4860.368522,3589,216,0.098112,0.3203
28772000,4872.249315,3614,213,0.089326,0.3438
28774000,4839.676779,3581,218,0.263992,0.3281
28776000,5084.551227,3599,201,0.148669,0.2812
28778000,5098.665813,3608,209,0.154925,0.2734
28780000,5200.670617,3614,203,0.156790,0.1719
28782000,4272.344468,3599,212,0.091664,0.2500
28784000,4809.293231,3593,235,0.067846,0.3125
28786000,4642.859374,3584,238,0.184336,0.3125
28788000,4624.455157,3583,242,0.190862,0.3047
28790000,4620.997538,3584,237,0.184463,0.2500
28792000,4601.917846,3583,226,0.175464,0.2578
28794000,4588.279542,3578,226,0.170678,0.3594
28796000,4636.736626,3569,215,0.284934,0.2656
28798000,4419.536100,3564,224,0.281260,0.2734
28800000,3868.551200,3584,219,0.102511,0.2734
28802000,3989.287491,3589,223,0.114464,0.2656
28804000,3945.626844,3590,223,0.108630,0.3359
28806000,3900.181077,3593,234,0.129828,0.3438
28808000,5202.833443,3607,222,0.137735,0.2734
28810000,5522.680339,3598,240,0.161890,0.2812
28812000,5403.786471,3593,227,0.153584,0.2578
28814000,4643.731732,3574,225,0.076438,0.3438
28816000,4663.641987,3570,212,0.083508,0.2812
28818000,5447.690372,3561,208,0.044117,0.2578
28820000,5459.017773,3578,219,0.046217,0.2734
28822000,5409.474208,3571,228,0.044783,0.3047
28824000,5640.089459,3569,232,0.172687,0.4219
28826000,5557.016106,3561,236,0.129589,0.3516
28828000,5696.997507,3575,237,0.343188,0.3594
28830000,8060.669126,3562,228,0.747977,0.3594
28832000,8072.902265,3576,219,0.760538,0.3047
28834000,6959.552519,3581,232,0.493166,0.3438
28836000,7711.034679,3547,245,0.550484,0.4141
28838000,7721.884729,3523,249,0.559064,0.3125
28840000,8456.873013,3537,255,0.825231,0.2891
28842000,7420.750490,3551,251,0.690583,0.3125
28844000,4077.111786,3542,231,0.044911,0.2500
28846000,4057.416842,3553,230,0.027289,0.2891
28848000,4540.660635,3544,245,0.084555,0.2969
28850000,4361.527346,3540,253,0.088845,0.3203
28852000,4385.294060,3536,231,0.099126,0.2109
28854000,5678.888391,3568,230,0.272924,0.2969
28856000,7064.389914,3552,243,0.664794,0.2891
28858000,8878.281111,3568,231,0.764207,0.3047
28860000,9684.239671,3572,222,0.837357,0.3203
28862000,9190.956026,3593,218,0.805583,0.3281
28864000,9218.297913,3573,227,0.809085,0.2656
28866000,9031.547323,3589,213,0.818228,0.3750
28868000,8468.875502,3580,225,0.784917,0.2422
28870000,4953.158944,3559,209,0.386781,0.2500
28872000,4436.509298,3555,197,0.165827,0.3281
28874000,6581.582468,3550,199,0.656970,0.2422
28876000,6563.619270,3565,207,0.655876,0.2969
28878000,6343.031316,3549,216,0.430769,0.2656
28880000,6080.026816,3558,215,0.637363,0.2422
28882000,6099.983420,3547,220,0.597282,0.2578
28884000,7458.936690,3544,235,0.802293,0.2422
28886000,7580.635544,3558,217,0.803049,0.3594
28888000,6655.637275,3579,213,0.669329,0.2812
28890000,6689.366222,3596,226,0.740386,0.3125
28892000,6952.313394,3587,213,0.784750,0.3281
28894000,6943.424563,3597,184,0.779823,0.2812
28896000,7090.950706,3608,199,0.700236,0.2578
28898000,6420.850423,3629,189,0.719225,0.2422
28900000,6406.082473,3648,186,0.717865,0.2891
28902000,8445.677889,3639,199,0.688905,0.2500
28904000,7574.543160,3645,189,0.713430,0.2266
28906000,7703.791786,3606,214,0.742276,0.2656
28908000,6149.397936,3583,221,0.466819,0.3594
28910000,7116.404813,3588,208,0.666887,0.3047
28912000,6992.641023,3575,209,0.650758,0.3359
28914000,5116.608280,3603,204,0.398731,0.3281
28916000,5241.218597,3612,204,0.467639,0.2500
28918000,5211.143091,3592,210,0.475740,0.3203
28920000,4498.127822,3612,203,0.436845,0.3672
28922000,4257.300754,3615,204,0.389175,0.3281
28924000,4246.502556,3600,212,0.389476,0.3359
28926000,4116.482012,3599,215,0.415367,0.2266
28928000,4149.257486,3576,218,0.379384,0.2891
28930000,4290.587587,3628,194,0.381808,0.2344
28932000,4258.759011,3619,186,0.364967,0.2969
28934000,5261.345423,3633,203,0.511179,0.2188
28936000,3964.720523,3615,221,0.338911,0.3203
28938000,4329.893138,3582,241,0.398245,0.3203
28940000,4068.658732,3565,228,0.114659,0.3203
28942000,3798.482000,3575,239,0.080575,0.2812
28944000,3453.336554,3581,223,0.048055,0.3359
28946000,4188.299592,3574,220,0.104052,0.3281
28948000,4831.297464,3565,235,0.057804,0.3359
28950000,4853.310962,3581,213,0.059980,0.2812
28952000,5286.405581,3565,233,0.435715,0.3672
28954000,5343.969337,3575,219,0.463657,0.2422
28956000,5198.932795,3585,212,0.433247,0.3203
28958000,5160.643794,3590,209,0.417272,0.3359
28960000,4989.202182,3584,198,0.425589,0.2266
28962000,4975.190686,3565,210,0.424426,0.2969
28964000,5107.463346,3546,226,0.452632,0.3359
28966000,4154.833000,3546,230,0.315846,0.2266
28968000,4174.580942,3552,230,0.319315,0.3281
28970000,4162.323572,3577,238,0.320179,0.2969
28972000,4710.032251,3547,256,0.274366,0.2344
28974000,4733.012091,3612,222,0.242328,0.2734
28976000,4915.258568,3599,216,0.301768,0.3359
28978000,4439.940322,3590,227,0.353744,0.2891
28980000,4054.072293,3573,233,0.219580,0.3281
28982000,4002.621035,3567,243,0.161216,0.2891
28984000,5065.538739,3583,233,0.381660,0.2578
28986000,5585.274084,3566,223,0.357204,0.2969
28988000,4557.932605,3567,217,0.155207,0.2578
28990000,4585.639781,3568,219,0.169890,0.2891
28992000,4653.645028,3559,224,0.175843,0.3672
28994000,4362.661817,3578,211,0.372569,0.2500
28996000,4722.714911,3595,214,0.404896,0.3047
28998000,4705.693118,3576,213,0.408579,0.3516
29000000,4239.519623,3575,209,0.390984,0.3281
29002000,4223.395907,3577,217,0.391661,0.3594
29004000,4379.796884,3587,221,0.404484,0.2266
29006000,3982.263523,3568,254,0.362284,0.3359
29008000,4519.355005,3597,211,0.435294,0.2969
29010000,4915.060519,3619,200,0.244639,0.3203
29012000,4301.627442,3634,179,0.172959,0.2422
29014000,5639.399767,3659,169,0.378624,0.2578
29016000,9097.143536,3656,176,0.807918,0.2734
29018000,7626.777814,3619,190,0.628314,0.2656
29020000,6870.689366,3616,187,0.635802,0.3438
29022000,4824.519055,3593,210,0.168081,0.2734
29024000,5003.547763,3589,194,0.109385,0.2812
29026000,6275.847009,3588,213,0.299158,0.2500
29028000,4482.397785,3584,238,0.043866,0.3984
29030000,6521.043314,3595,215,0.423089,0.2969
29032000,5378.051067,3587,221,0.240075,0.3047
29034000,5197.506920,3586,212,0.280354,0.3125
29036000,4756.817898,3604,210,0.238547,0.2188
29038000,5452.780070,3617,195,0.309290,0.2188
29040000,8037.357809,3607,204,0.585561,0.2891
29042000,6498.243786,3599,204,0.200027,0.3438
29044000,6374.395423,3580,213,0.274676,0.3125
29046000,7600.547726,3583,208,0.554554,0.2422
29048000,7491.741542,3581,197,0.734024,0.2969
29050000,5403.332001,3540,240,0.313460,0.2656
29052000,4639.665049,3579,235,0.163540,0.2812
29054000,4553.360778,3614,217,0.157259,0.2891
29056000,6237.983383,3614,204,0.367314,0.3125
29058000,6431.046654,3609,212,0.335422,0.2344
29060000,4314.515701,3620,191,0.019007,0.2578
29062000,5923.413119,3621,210,0.162677,0.2891
29064000,5534.874199,3607,221,0.123470,0.3438
29066000,5499.737531,3609,225,0.121492,0.3906
29068000,5537.367580,3619,196,0.123020,0.3047
29070000,5563.926783,3609,222,0.249827,0.3438
29072000,7710.211252,3619,207,0.742498,0.2422
29074000,7353.974414,3611,223,0.662986,0.2969
29076000,7638.147937,3605,222,0.697297,0.3203
29078000,7782.709296,3602,213,0.711409,0.2188
29080000,3644.095379,3607,203,0.202083,0.3438
29082000,7988.669407,3597,202,0.714204,0.3047
29084000,7972.286613,3590,220,0.712627,0.2500
29086000,7854.715764,3628,193,0.713524,0.2812
29088000,7627.484333,3601,232,0.709732,0.3281
29090000,8009.085459,3626,227,0.760495,0.3125
29092000,8130.598066,3630,206,0.756066,0.2891
29094000,8205.441927,3606,226,0.733787,0.2344
29096000,7125.224742,3604,220,0.612146,0.3047
29098000,7112.276164,3619,222,0.573895,0.3906
29100000,7067.713563,3581,240,0.564803,0.3438
29102000,7082.711224,3579,229,0.568170,0.3359
29104000,7112.039399,3621,208,0.559927,0.3203
29106000,7096.638977,3617,214,0.557790,0.3594
29108000,7023.945978,3596,215,0.709333,0.2812
29110000,4769.213631,3556,207,0.137325,0.2969
29112000,4610.351883,3585,204,0.103661,0.2969
29114000,4837.291961,3583,210,0.105215,0.2891
29116000,4787.533149,3572,217,0.127754,0.2656
29118000,6040.158494,3561,213,0.520075,0.2734
29120000,7615.322026,3558,214,0.803648,0.2734
29122000,7537.306514,3556,213,0.760949,0.3828
29124000,7991.958939,3553,225,0.809395,0.3906
29126000,7906.450669,3538,226,0.806901,0.3281
29128000,4148.328171,3544,229,0.023453,0.2812
29130000,4132.744235,3561,234,0.026911,0.3203
29132000,5382.962083,3548,232,0.660987,0.3203
29134000,4996.572380,3537,224,0.571159,0.3359
29136000,4031.831344,3538,225,0.380189,0.2500
29138000,4056.399933,3519,239,0.376729,0.2969
29140000,4053.466043,3523,236,0.371544,0.3203
29142000,4727.874218,3492,237,0.368581,0.3281
29144000,4762.543576,3519,241,0.347167,0.3438
29146000,5640.556144,3567,222,0.713740,0.4062
29148000,5116.007853,3564,224,0.639812,0.3203
29150000,5078.101750,3608,211,0.635533,0.2344
29152000,5059.757583,3634,182,0.635634,0.2734
29154000,5460.994680,3649,188,0.576682,0.2969
29156000,5496.452524,3643,199,0.573313,0.2734
29158000,4175.320596,3616,200,0.368355,0.3281
29160000,4175.359295,3629,209,0.369043,0.3359
29162000,4174.657805,3607,228,0.374313,0.3516
29164000,4047.313289,3597,216,0.318280,0.2734
29166000,4006.012397,3618,198,0.350873,0.3203
29168000,3946.592712,3608,227,0.023894,0.3203
29170000,4423.532090,3590,223,0.015838,0.2500
29172000,4624.956124,3577,235,0.429239,0.3516
29174000,3743.168528,3581,234,0.235753,0.3125
29176000,3383.248344,3592,212,0.051148,0.2266
29178000,4061.365050,3576,232,0.183333,0.3125
29180000,4011.255662,3586,218,0.193257,0.2422
29182000,4210.736666,3605,208,0.129092,0.3281
29184000,4152.024869,3585,218,0.225925,0.2969
29186000,9385.672630,3599,215,0.790814,0.2891
29188000,10960.029111,3594,226,0.874453,0.2578
29190000,10143.653301,3592,227,0.860430,0.3281
29192000,10217.890728,3610,229,0.859862,0.3125
29194000,10294.076997,3596,228,0.868893,0.3359
29196000,7635.467015,3609,217,0.815865,0.3203
29198000,6920.717263,3628,208,0.799458,0.3047
29200000,6931.906676,3617,232,0.800681,0.2812
29202000,5712.012924,3590,236,0.588090,0.3047
29204000,6520.671298,3587,216,0.641763,0.2734
29206000,6627.211011,3581,206,0.625747,0.2812
29208000,6669.446957,3595,200,0.647717,0.2500
29210000,6640.413668,3604,219,0.645826,0.3047
29212000,7048.003340,3619,216,0.785469,0.4141
29214000,6098.837556,3606,204,0.620736,0.2891
29216000,3969.160494,3591,207,0.336948,0.3047
29218000,3934.109727,3621,197,0.409249,0.2578
29220000,3880.272028,3643,191,0.396830,0.3516
29222000,3777.747322,3607,200,0.372975,0.3672
29224000,4402.223020,3624,202,0.246343,0.3594
29226000,4170.757744,3613,211,0.290443,0.2109
29228000,4340.371290,3592,238,0.346425,0.3750
29230000,4874.406727,3601,212,0.598231,0.3047
29232000,5162.068863,3609,222,0.692910,0.2891
29234000,5173.115439,3617,211,0.690004,0.2969
29236000,5216.139525,3627,190,0.695568,0.3203
29238000,4552.854862,3612,212,0.293309,0.2344
29240000,5050.018738,3608,216,0.549059,0.2969
29242000,5564.657075,3591,213,0.786620,0.3203
29244000,5992.597194,3608,222,0.817866,0.2969
29246000,5268.543565,3609,204,0.493036,0.2734
29248000,5272.946586,3595,212,0.492004,0.2812
29250000,5272.287019,3550,228,0.493769,0.2812
29252000,5146.428111,3593,205,0.466541,0.2031
29254000,5111.018264,3580,213,0.464682,0.2891
29256000,5289.208570,3618,193,0.398591,0.3750
29258000,5310.913290,3627,177,0.397871,0.2500
29260000,5343.769978,3621,188,0.384048,0.3281
29262000,5191.240227,3610,198,0.380986,0.3047
29264000,5065.109711,3585,216,0.299318,0.2266
29266000,6200.904031,3576,211,0.551355,0.2969
29268000,3977.866943,3589,208,0.016412,0.2969
29270000,4500.120225,3584,213,0.286595,0.3203
29272000,4760.104267,3577,210,0.433584,0.3203
29274000,4648.228394,3588,208,0.199893,0.3125
29276000,3872.259004,3572,219,0.071539,0.3203
29278000,3828.612583,3581,217,0.061368,0.2891
29280000,4981.261689,3579,222,0.441083,0.3359
29282000,5486.332899,3577,235,0.542302,0.2891
29284000,5451.382626,3558,229,0.530808,0.2812
29286000,5497.465052,3556,212,0.540464,0.3047
29288000,5295.693437,3573,186,0.529993,0.3516
29290000,5822.165904,3569,204,0.622203,0.2891
29292000,5785.767752,3554,216,0.624917,0.3203
29294000,5801.042429,3550,216,0.625971,0.3047
29296000,5376.701172,3566,208,0.551510,0.3047
29298000,3495.751805,3571,215,0.020606,0.2969
29300000,3654.095485,3583,209,0.010065,0.2812
29302000,3479.159146,3579,231,0.028317,0.3047
29304000,3469.413971,3590,219,0.029805,0.3438
29306000,3554.437497,3590,217,0.039404,0.3281
29308000,3787.104094,3585,217,0.074822,0.3125
29310000,3767.297474,3584,223,0.109636,0.2266
29312000,4286.213990,3593,223,0.063302,0.2969
29314000,4259.278898,3576,215,0.080058,0.3516
29316000,4258.146954,3583,211,0.078322,0.2812
29318000,4252.154852,3599,216,0.074836,0.3125
29320000,4155.325717,3602,208,0.065932,0.2656
29322000,4127.390675,3564,223,0.068203,0.3125
29324000,4136.666953,3560,216,0.069998,0.2266
29326000,4739.955911,3581,202,0.210112,0.3047
29328000,4998.755524,3586,200,0.276262,0.3281
29330000,5006.403596,3587,216,0.282374,0.3438
29332000,4976.356882,3561,222,0.285195,0.3047
29334000,4964.369333,3572,211,0.280508,0.2734
29336000,4820.583944,3585,204,0.240457,0.2891
29338000,4521.948862,3592,202,0.174667,0.2891
29340000,3753.582718,3609,192,0.105935,0.2578
29342000,3760.670984,3605,211,0.105303,0.2422
29344000,3916.826995,3592,219,0.097521,0.3516
29346000,3944.870775,3600,221,0.096377,0.3281
29348000,3969.175676,3593,222,0.047948,0.4062
29350000,4252.896747,3614,213,0.063748,0.2891
29352000,4221.516450,3568,243,0.290152,0.3281
29354000,4388.248581,3593,231,0.290167,0.3438
29356000,4372.626424,3597,230,0.292462,0.2578
29358000,4354.189178,3604,219,0.306346,0.3359
29360000,4255.614685,3610,232,0.195556,0.3828
29362000,4522.803067,3606,219,0.208128,0.3281
29364000,4560.650069,3593,216,0.235166,0.3047
29366000,4551.978030,3568,242,0.230485,0.3281
29368000,4592.225483,3580,238,0.235089,0.3125
29370000,4366.964159,3559,240,0.234574,0.3281
29372000,4590.919415,3554,240,0.258546,0.3281
29374000,4583.654934,3564,235,0.251518,0.3203
29376000,4472.476233,3580,234,0.422839,0.3281
29378000,4469.729452,3594,224,0.422191,0.2656
29380000,4464.518564,3564,230,0.331836,0.3359
29382000,4504.395733,3530,240,0.347154,0.3125
29384000,4470.529432,3529,236,0.341662,0.2812
29386000,4362.588075,3522,261,0.400427,0.3594
29388000,4301.624451,3526,256,0.413125,0.3125
29390000,4283.828592,3531,232,0.411982,0.2812
29392000,4495.696457,3530,257,0.471667,0.3359
29394000,4711.427600,3579,237,0.452836,0.3203
29396000,3631.086937,3592,222,0.256839,0.3047
29398000,3621.024419,3600,200,0.267101,0.2969
29400000,3627.960794,3601,190,0.270154,0.2734
29402000,5364.919977,3595,197,0.515659,0.2656
29404000,5927.017452,3601,205,0.288256,0.1797
29406000,5906.861933,3590,211,0.287364,0.2891
29408000,5413.443025,3579,207,0.334333,0.3281
29410000,5388.215466,3559,213,0.329778,0.2891
29412000,4672.117075,3534,219,0.273489,0.2656
29414000,4924.267172,3531,229,0.311039,0.3516
29416000,4865.614526,3553,243,0.293822,0.2969
29418000,4501.042504,3556,245,0.241503,0.3047
29420000,4474.651178,3562,242,0.241289,0.3203
29422000,5412.762666,3580,224,0.521212,0.2109
29424000,5428.314566,3595,207,0.251596,0.2734
29426000,4592.802202,3582,212,0.152717,0.2891
29428000,4582.277541,3584,238,0.155447,0.3047
29430000,5854.909400,3584,234,0.153695,0.3359
29432000,4972.371408,3570,237,0.224329,0.3203
29434000,3844.322229,3557,229,0.283853,0.2734
29436000,5406.204409,3542,225,0.316936,0.3438
29438000,4759.436954,3531,237,0.333490,0.3047
29440000,4591.067609,3543,233,0.290485,0.2188
29442000,4804.793420,3559,219,0.417131,0.2578
29444000,4680.385958,3568,220,0.429757,0.2500
29446000,3839.248514,3521,233,0.144419,0.2578
29448000,3421.315562,3521,230,0.131835,0.2578
29450000,3431.517461,3526,231,0.047447,0.2656
29452000,4460.433987,3535,228,0.375979,0.3828
29454000,4319.611463,3540,211,0.350531,0.3125
29456000,4481.567251,3580,199,0.272720,0.2656
29458000,4466.721130,3588,189,0.270231,0.2891
29460000,4443.649735,3602,211,0.273768,0.3516
29462000,4694.881982,3604,209,0.282406,0.2969
29464000,4439.976906,3601,214,0.382026,0.2891
29466000,4671.396271,3582,227,0.405153,0.3281
29468000,4709.043634,3577,212,0.338950,0.3047
29470000,5164.662842,3554,208,0.378144,0.3906
29472000,5083.788929,3556,217,0.369477,0.3047
29474000,5108.499196,3541,235,0.322381,0.3594
29476000,4896.049115,3569,230,0.075553,0.2500
29478000,4893.414332,3564,233,0.111697,0.2891
29480000,4908.305264,3567,228,0.107656,0.3516
29482000,4849.177079,3572,224,0.099866,0.2812
29484000,5849.379141,3554,240,0.183412,0.2812
29486000,5511.835178,3592,230,0.094078,0.3203
29488000,5047.628067,3613,217,0.104827,0.2266
29490000,4320.733697,3616,212,0.008023,0.3125
29492000,4342.075458,3588,204,0.012150,0.3203
29494000,6013.881474,3605,210,0.167182,0.2812
29496000,4927.125731,3613,214,0.207150,0.2656
29498000,5243.261394,3640,180,0.279000,0.2578
29500000,5038.213699,3640,181,0.398063,0.2656
29502000,4342.820232,3639,179,0.255695,0.3359
29504000,4495.843299,3641,194,0.284773,0.3047
29506000,4529.052959,3612,208,0.285439,0.3203
29508000,4408.422217,3605,211,0.451362,0.3047
29510000,4524.220392,3596,205,0.362180,0.3125
29512000,5159.789580,3601,214,0.315107,0.2656
29514000,5241.021735,3605,197,0.326967,0.3281
29516000,6602.085062,3621,196,0.259901,0.3047
29518000,7578.280634,3634,192,0.541173,0.3359
29520000,7522.832703,3629,195,0.541873,0.3203
29522000,7093.591658,3624,188,0.489766,0.2031
29524000,6788.288706,3630,192,0.515105,0.3203
29526000,7751.047446,3594,199,0.629591,0.2656
29528000,7242.603811,3569,217,0.859593,0.3125
29530000,7078.320223,3588,202,0.828152,0.2656
29532000,7088.428613,3575,217,0.827049,0.3203
29534000,7365.584864,3569,219,0.773417,0.3281
29536000,7010.393379,3562,251,0.721586,0.3203
29538000,3546.740889,3575,237,0.021937,0.2812
29540000,3583.754649,3579,219,0.029623,0.3359
29542000,3573.327179,3603,213,0.029527,0.2422
29544000,3561.678828,3594,227,0.030973,0.2422
29546000,6151.126201,3585,212,0.363051,0.2188
29548000,5420.924015,3616,195,0.132137,0.3125
29550000,6597.403387,3590,217,0.284708,0.3828
29552000,6717.625304,3595,204,0.332227,0.2891
29554000,6988.851253,3595,211,0.301507,0.2734
29556000,7935.052064,3593,226,0.591734,0.2969
29558000,7697.426994,3605,225,0.531772,0.3281
29560000,7302.199673,3599,230,0.518256,0.2891
29562000,7279.110100,3595,238,0.516331,0.2578
29564000,8083.645921,3598,231,0.573496,0.3359
29566000,8164.922611,3590,238,0.613936,0.2656
29568000,8294.513426,3582,218,0.639170,0.3125
29570000,8222.165011,3605,200,0.628243,0.2969
29572000,8325.222529,3614,223,0.605434,0.2891
29574000,8717.165051,3598,227,0.740737,0.2812
29576000,7746.980975,3571,236,0.608007,0.3047
29578000,6249.274127,3578,216,0.519375,0.3438
29580000,6235.450605,3587,220,0.511637,0.2734
29582000,5737.877366,3585,205,0.227212,0.2500
29584000,5820.087877,3582,209,0.238608,0.2969
29586000,5962.326542,3582,208,0.251237,0.2188
29588000,5902.172653,3600,196,0.235721,0.3516
29590000,8426.450847,3602,206,0.694639,0.2969
29592000,8317.496688,3585,226,0.720326,0.3047
29594000,5767.043379,3591,227,0.677223,0.2656
29596000,5854.936346,3590,237,0.674986,0.3047
29598000,5903.794327,3601,223,0.679321,0.3125
29600000,5963.005266,3598,218,0.730040,0.3281
29602000,6154.743228,3609,206,0.718329,0.2031
29604000,5658.376417,3634,182,0.624776,0.2578
29606000,5515.714506,3646,183,0.615998,0.2891
29608000,4978.987163,3628,182,0.558303,0.2031
29610000,4830.960542,3627,191,0.389845,0.3438
29612000,4833.902586,3618,193,0.378319,0.2812
29614000,4786.357607,3622,214,0.359400,0.2812
29616000,4200.863860,3621,215,0.261135,0.3047
29618000,4141.044742,3621,208,0.281357,0.2812
29620000,4629.507419,3638,202,0.435606,0.3125
29622000,4644.915948,3651,209,0.471849,0.2734
29624000,4473.009869,3623,214,0.443005,0.3047
29626000,4506.367900,3626,212,0.443800,0.2969
29628000,4611.071347,3649,203,0.450932,0.3281
29630000,4647.843294,3639,199,0.462044,0.2891
29632000,4346.897560,3661,214,0.281555,0.2812
29634000,4283.754004,3634,217,0.287937,0.3203
29636000,3853.829249,3629,216,0.239532,0.2812
29638000,3929.501769,3665,193,0.281009,0.3047
29640000,4218.241331,3635,202,0.428495,0.2656
29642000,4215.809986,3606,215,0.423326,0.2969
29644000,4812.272004,3603,225,0.492964,0.2422
29646000,4794.391864,3636,213,0.488136,0.3203
29648000,4824.746455,3612,238,0.488029,0.3281
29650000,4758.601239,3612,229,0.477922,0.2578
29652000,4811.726480,3617,223,0.453846,0.2812
29654000,4823.289420,3607,231,0.453279,0.3672
29656000,3581.332997,3624,210,0.126784,0.3125
29658000,5074.808886,3615,225,0.493189,0.2812
29660000,4915.057651,3607,227,0.435576,0.3203
29662000,5934.784717,3613,236,0.610822,0.2812
29664000,6006.525003,3628,231,0.606341,0.3594
29666000,3729.252402,3612,217,0.376200,0.2500
29668000,4097.136693,3622,216,0.341480,0.2031
29670000,5261.913970,3626,208,0.494271,0.3047
29672000,5234.888333,3629,214,0.604648,0.3125
29674000,5244.875399,3646,207,0.638196,0.3047
29676000,5294.188609,3627,221,0.645820,0.3203
29678000,5384.282250,3616,202,0.598912,0.2344
29680000,5411.487657,3606,210,0.478328,0.2812
29682000,5415.652162,3617,221,0.478698,0.2578
29684000,5349.045125,3590,227,0.474446,0.3828
29686000,6308.027712,3603,239,0.648735,0.2969
29688000,5502.807032,3628,221,0.436382,0.2578
29690000,5674.657842,3665,221,0.581435,0.3281
29692000,6374.394303,3626,227,0.573139,0.3906
29694000,6922.389126,3626,230,0.577300,0.2891
29696000,6910.836717,3612,227,0.576789,0.3672
29698000,6300.338817,3626,225,0.544901,0.3047
29700000,6402.463495,3631,222,0.567690,0.2656
29702000,5644.711016,3611,233,0.403614,0.3359
29704000,5661.575551,3616,235,0.401603,0.2969
29706000,4304.075231,3624,228,0.163913,0.2656
29708000,6366.362833,3624,220,0.500452,0.2266
29710000,6141.136653,3618,209,0.477884,0.3047
29712000,6327.559035,3594,225,0.575190,0.3203
29714000,6320.089511,3638,207,0.571114,0.3047
29716000,5499.482238,3661,191,0.276291,0.3594
29718000,5464.554922,3660,188,0.275273,0.2500
29720000,5456.752186,3629,206,0.273895,0.2656
29722000,5433.994831,3606,222,0.269016,0.3203
29724000,5406.479178,3592,227,0.269857,0.2578
29726000,5478.430875,3576,225,0.300319,0.2891
29728000,6805.571929,3588,219,0.636017,0.2812
29730000,6012.092866,3611,225,0.534081,0.3203
29732000,5774.453333,3621,223,0.355101,0.2344
29734000,5709.285895,3622,208,0.356208,0.2812
29736000,5084.632839,3616,219,0.280497,0.3047
29738000,6382.191161,3607,227,0.548158,0.2422
29740000,6877.476741,3617,218,0.563923,0.2422
29742000,6925.872463,3612,210,0.576865,0.2891
29744000,5791.740344,3619,206,0.615344,0.2734
29746000,5663.709586,3617,214,0.660469,0.2578
29748000,5611.535886,3630,197,0.651589,0.2266
29750000,6306.240798,3635,184,0.713678,0.2266
29752000,6591.174286,3650,179,0.642874,0.2734
29754000,5987.757323,3645,184,0.681037,0.2266
29756000,6874.913990,3632,195,0.737461,0.2656
29758000,6242.287045,3620,210,0.402489,0.2656
29760000,5734.177527,3620,212,0.249284,0.2969
29762000,5837.012788,3610,213,0.243760,0.2734
29764000,5290.202975,3593,226,0.208502,0.3594
29766000,8035.217500,3610,234,0.533703,0.2500
29768000,8166.585026,3620,228,0.595041,0.2812
29770000,8126.171799,3607,236,0.590711,0.3125
29772000,7825.208975,3603,240,0.515757,0.3203
29774000,4053.664473,3613,214,0.147912,0.3594
29776000,4104.586371,3625,203,0.153630,0.2734
29778000,4110.520138,3626,191,0.152602,0.2734
29780000,4297.609698,3650,180,0.114371,0.2812
29782000,4277.451358,3639,205,0.111987,0.3047
29784000,4564.414266,3665,182,0.042503,0.3438
29786000,4476.354280,3637,200,0.046674,0.2656
29788000,4512.412726,3645,197,0.048612,0.2266
29790000,6264.549460,3663,192,0.508965,0.2812
29792000,3673.729319,3666,203,0.220117,0.2578
29794000,3696.897349,3664,212,0.110908,0.2734
29796000,3667.150743,3656,216,0.107141,0.2422
29798000,3884.171834,3663,198,0.076853,0.2344
29800000,3605.913815,3642,231,0.045126,0.2891
29802000,3572.939610,3635,218,0.049815,0.2891
29804000,3556.071676,3636,214,0.047235,0.3047
29806000,3585.077784,3625,226,0.047012,0.2891
29808000,6629.284511,3628,228,0.533377,0.2031
29810000,5185.501499,3649,210,0.423321,0.3047
29812000,5028.694079,3628,222,0.428904,0.2500
29814000,5669.743223,3645,209,0.332778,0.2578
29816000,5604.176663,3631,198,0.328645,0.3438
29818000,4561.894378,3636,198,0.274850,0.3047
29820000,4573.714387,3631,190,0.281997,0.2500
29822000,4588.444834,3638,199,0.280360,0.3516
29824000,4561.019820,3643,207,0.285277,0.2891
29826000,4531.207273,3604,227,0.275134,0.3281
29828000,4506.185723,3641,228,0.271218,0.2812
29830000,5391.629783,3660,224,0.518273,0.3203
29832000,5343.713942,3632,215,0.523499,0.2656
29834000,7350.049589,3643,214,0.779053,0.3125
29836000,7030.457893,3660,217,0.696784,0.2891
29838000,7213.150930,3628,224,0.706203,0.2109
29840000,7103.150327,3614,223,0.220922,0.2344
29842000,7170.387918,3611,217,0.232637,0.3125
29844000,7104.013330,3618,191,0.234628,0.2969
29846000,3770.206179,3645,183,0.273039,0.2344
29848000,3707.458633,3635,172,0.269856,0.2031
29850000,3687.006362,3626,200,0.266489,0.3203
29852000,3877.360113,3613,213,0.109353,0.3516
29854000,3850.224567,3637,196,0.144431,0.2812
29856000,3437.418205,3649,188,0.028144,0.3438
29858000,3344.495578,3630,216,0.042786,0.3047
29860000,3372.594014,3624,230,0.149092,0.2422
29862000,3362.946091,3611,225,0.152860,0.2734
29864000,3446.620594,3625,230,0.223473,0.2812
29866000,3511.710559,3661,215,0.032458,0.2656
29868000,3452.736191,3666,194,0.027049,0.3047
29870000,4438.961634,3683,175,0.462776,0.3281
29872000,4357.867378,3670,176,0.040279,0.2812
29874000,4335.431819,3668,190,0.036203,0.2266
29876000,3498.946656,3662,205,0.077901,0.2734
29878000,4589.019039,3683,199,0.336430,0.2969
29880000,4570.679754,3652,192,0.331871,0.2734
29882000,4526.788597,3628,211,0.331585,0.2422
29884000,3909.042177,3600,211,0.055733,0.3281
29886000,3913.066388,3589,212,0.039771,0.2734
29888000,3958.499819,3594,223,0.039819,0.3047
29890000,3958.659418,3618,216,0.040821,0.3125
29892000,3802.802412,3634,217,0.003781,0.2969
29894000,4163.470509,3627,209,0.026624,0.2266
29896000,4533.846342,3626,212,0.278034,0.2734
29898000,4783.207451,3650,195,0.272325,0.2656
29900000,4775.744062,3653,186,0.271507,0.2266
29902000,5335.522243,3648,190,0.341901,0.2734
29904000,5366.011168,3612,200,0.345881,0.3906
29906000,6064.682449,3623,197,0.460698,0.2734
29908000,6116.001397,3646,182,0.463122,0.2266
29910000,6140.197315,3650,181,0.463741,0.2266
29912000,5842.374101,3654,174,0.364064,0.2578
29914000,8218.513439,3655,162,0.847378,0.2578
29916000,7945.522188,3660,167,0.847673,0.2031
29918000,7893.807841,3631,188,0.862551,0.2891
29920000,8140.055842,3645,197,0.861959,0.2891
29922000,7916.968749,3636,190,0.846118,0.3281
29924000,7788.369239,3633,201,0.850245,0.3281
29926000,7715.919399,3636,204,0.849518,0.2969
29928000,5173.751736,3626,222,0.575323,0.2266
29930000,7164.669458,3596,230,0.759983,0.3203
29932000,4903.325365,3613,215,0.315951,0.2578
29934000,4986.236218,3613,211,0.510522,0.2812
29936000,4130.610781,3608,205,0.257712,0.3516
29938000,4045.196435,3619,196,0.245057,0.2891
29940000,6529.909679,3593,203,0.480599,0.3281
29942000,6973.937459,3570,211,0.462363,0.3281
29944000,6761.438132,3560,218,0.460081,0.2891
29946000,7686.573692,3576,224,0.705654,0.2812
29948000,7704.243067,3607,216,0.701147,0.2812
29950000,8390.948526,3625,218,0.770826,0.2891
29952000,6586.133842,3614,218,0.717864,0.2578
29954000,7553.645102,3632,214,0.699001,0.2812
29956000,8049.787327,3637,219,0.830715,0.2969
29958000,7943.200310,3630,203,0.790794,0.2734
29960000,8599.858075,3634,218,0.756009,0.3984
29962000,8605.230161,3633,208,0.761828,0.2422
29964000,3749.905421,3637,213,0.217969,0.2344
29966000,3704.007034,3652,204,0.230183,0.1953
29968000,5077.079403,3643,196,0.592050,0.2578
29970000,5097.552900,3634,191,0.593807,0.2891
29972000,5234.255021,3626,204,0.569591,0.3281
29974000,5015.804874,3619,195,0.448387,0.2422
29976000,6261.543367,3625,202,0.651277,0.2969
29978000,6425.827306,3615,184,0.672030,0.2266
29980000,6458.843401,3586,194,0.679617,0.1484
29982000,3881.401164,3588,190,0.124673,0.3047
29984000,5857.387805,3601,190,0.529474,0.2734
29986000,6876.647148,3577,192,0.730571,0.3125
29988000,6832.180379,3597,187,0.708616,0.2578
29990000,5948.651530,3614,186,0.505759,0.2578
29992000,5973.991626,3592,210,0.510768,0.2891
29994000,4593.592239,3594,205,0.424556,0.3750
29996000,5321.641802,3608,200,0.547495,0.3359
29998000,4509.518172,3586,202,0.322276,0.2344
30000000,4533.506607,3612,199,0.322071,0.3438
30002000,4526.661000,3597,218,0.316300,0.2422
30004000,7076.815706,3626,214,0.627137,0.3281
30006000,6302.327087,3605,234,0.326104,0.2812
30008000,6086.004690,3619,235,0.462199,0.2734
30010000,7257.255534,3593,238,0.680419,0.3125
30012000,7169.039618,3593,246,0.585997,0.3438
30014000,4819.113951,3628,212,0.101913,0.3594
30016000,4594.640275,3647,210,0.187576,0.2891
30018000,5221.905293,3626,225,0.340303,0.3125
30020000,4634.786650,3639,222,0.247802,0.2109
30022000,4642.634762,3637,226,0.252428,0.3281
30024000,4604.666258,3637,229,0.111825,0.2812
30026000,4728.342100,3632,221,0.088897,0.2578
30028000,4832.815274,3640,215,0.159883,0.3203
30030000,4508.613013,3632,223,0.139933,0.2891
30032000,4461.114547,3617,224,0.183080,0.3594
30034000,4322.651184,3612,212,0.173271,0.2578
30036000,4335.558085,3603,224,0.186162,0.2578
30038000,4344.107382,3612,244,0.188606,0.2188
30040000,4372.638810,3622,222,0.186029,0.2500
30042000,4315.059285,3624,223,0.115736,0.2578
30044000,3910.776501,3616,218,0.132906,0.3203
30046000,4028.680381,3606,241,0.014694,0.3359
30048000,4464.561777,3610,232,0.232081,0.2344
30050000,5019.676033,3610,236,0.361446,0.3125
30052000,5212.240179,3625,244,0.381418,0.3203
30054000,4379.543554,3624,212,0.288391,0.3203
30056000,4394.224710,3596,222,0.295117,0.3047
30058000,3865.467834,3596,233,0.225875,0.2422
30060000,4447.482158,3597,241,0.380012,0.3516
30062000,4336.667290,3601,248,0.352044,0.3047
30064000,4363.235558,3617,230,0.350265,0.2969
30066000,4388.521099,3592,235,0.357819,0.3047
30068000,4339.511724,3612,216,0.346832,0.2734
30070000,4154.832489,3607,221,0.413080,0.3750
30072000,4544.151583,3602,228,0.429218,0.2422
30074000,4513.258424,3611,215,0.431594,0.3359
30076000,4269.064424,3636,206,0.385700,0.3047
30078000,4323.840453,3636,189,0.390866,0.2969
30080000,4480.040378,3629,201,0.389380,0.2422
30082000,4268.576312,3658,190,0.413796,0.3438
30084000,5477.430375,3646,192,0.624796,0.3281
30086000,5487.967802,3626,205,0.621749,0.2578
30088000,5468.157070,3608,195,0.625516,0.2891
30090000,5473.456943,3625,184,0.625928,0.2656
30092000,5487.316898,3611,213,0.644883,0.2734
30094000,4812.504418,3622,213,0.379090,0.2812
30096000,3576.107111,3613,209,0.159783,0.2344
30098000,5289.883297,3601,217,0.514583,0.2578
30100000,5874.368167,3609,238,0.591109,0.2969
30102000,5499.225141,3608,247,0.442884,0.3047
30104000,5542.648612,3602,240,0.460461,0.1641
30106000,5620.473639,3596,230,0.485234,0.2578
30108000,4151.360886,3602,220,0.208245,0.3047
30110000,6782.536876,3630,227,0.665933,0.2969
30112000,5906.049492,3658,206,0.607246,0.2031
30114000,5213.118913,3658,193,0.507653,0.2578
30116000,5006.213989,3640,203,0.479672,0.2812
30118000,5914.054464,3614,205,0.572292,0.3281
30120000,5703.882246,3613,209,0.576203,0.2969
30122000,5739.109297,3619,208,0.575508,0.3203
30124000,5811.320803,3616,212,0.584662,0.2422
30126000,5724.495725,3614,206,0.589202,0.2656
30128000,5742.900746,3673,194,0.619004,0.2422
30130000,5749.036300,3671,192,0.616238,0.2344
30132000,5728.879651,3672,178,0.621971,0.3281
30134000,5782.648753,3664,190,0.626707,0.3125
30136000,5580.072926,3654,196,0.618905,0.2734
30138000,4496.242293,3663,205,0.322612,0.2891
30140000,4524.550644,3631,218,0.338898,0.3125
30142000,4979.103641,3642,200,0.556398,0.2734
30144000,5108.696595,3647,206,0.581812,0.3047
30146000,5187.996183,3644,197,0.549976,0.2344
30148000,5204.604243,3636,201,0.553195,0.3203
30150000,5211.565705,3615,222,0.552038,0.2500
30152000,5217.600028,3596,230,0.550139,0.2969
30154000,5529.194643,3623,221,0.710734,0.2500
30156000,5273.479537,3620,212,0.702190,0.3125
30158000,4251.656584,3628,206,0.489644,0.2734
30160000,4251.888419,3637,206,0.489250,0.2578
30162000,6906.626756,3628,206,0.772912,0.3047
30164000,6609.296226,3619,199,0.768823,0.2656
30166000,6789.864564,3630,201,0.511209,0.2422
30168000,3781.924901,3626,218,0.004747,0.3594
30170000,3808.971301,3633,215,0.005874,0.2188
30172000,3781.051497,3618,207,0.005096,0.2344
30174000,6394.120981,3596,227,0.677796,0.2656
30176000,5535.426352,3599,212,0.251074,0.2812
30178000,5537.286362,3597,216,0.262849,0.2344
30180000,3830.188511,3575,238,0.025013,0.3125
30182000,3901.796451,3564,229,0.033147,0.3203
30184000,3689.113385,3584,224,0.015608,0.2109
30186000,3788.880751,3599,216,0.020595,0.2656
30188000,6191.971511,3578,233,0.596062,0.3203
30190000,5267.781336,3592,227,0.459192,0.3438
30192000,7962.530594,3626,204,0.813692,0.2891
30194000,7708.032137,3667,187,0.781519,0.3203
30196000,7722.688223,3664,200,0.780581,0.2969
30198000,8042.791549,3657,186,0.756773,0.2734
30200000,7273.761487,3641,199,0.820792,0.2891
30202000,3754.339823,3614,217,0.041397,0.2578
30204000,8073.439518,3625,201,0.839943,0.2031
30206000,8267.994402,3610,232,0.785594,0.2500
30208000,8264.279979,3603,215,0.779605,0.3047
30210000,8508.811501,3595,220,0.801317,0.2656
30212000,8430.246538,3596,229,0.800590,0.3125
30214000,8555.019556,3611,209,0.790376,0.3203
30216000,8593.053960,3577,227,0.754222,0.3281
30218000,8296.767115,3590,213,0.730626,0.3125
30220000,8570.559512,3626,193,0.755745,0.3203
30222000,8288.686192,3622,184,0.767473,0.2891
30224000,8277.519869,3616,204,0.767409,0.2500
30226000,5855.637944,3618,209,0.573250,0.2969
30228000,5080.010080,3624,218,0.415553,0.2344
30230000,6641.093249,3612,216,0.643968,0.3203
30232000,6796.785560,3595,199,0.669188,0.2734
30234000,6758.724876,3604,216,0.663906,0.2969
30236000,6949.132284,3617,219,0.797796,0.2969
30238000,6839.711523,3608,223,0.556928,0.2969
30240000,6877.485953,3606,214,0.559293,0.2969
30242000,4588.568806,3602,217,0.231541,0.2734
30244000,5504.488823,3609,198,0.525025,0.2734
30246000,5497.040599,3574,216,0.492204,0.3203
30248000,5517.766610,3576,219,0.498416,0.2422
30250000,7980.051474,3551,238,0.797693,0.2812
30252000,4819.589763,3562,227,0.355491,0.3438
30254000,4825.981111,3565,223,0.355861,0.3750
30256000,5622.317500,3545,241,0.669977,0.2734
30258000,5667.782704,3559,235,0.675991,0.2734
30260000,5741.833021,3555,257,0.678963,0.3438
30262000,5864.115010,3547,247,0.620067,0.3594
30264000,5715.659442,3581,246,0.639869,0.3281
30266000,5762.605127,3601,224,0.629748,0.2812
30268000,4826.721355,3599,216,0.283167,0.2969
30270000,4814.873367,3578,226,0.279744,0.2969
30272000,5336.776861,3582,228,0.245854,0.2734
30274000,5502.369799,3577,225,0.344715,0.2969
30276000,6747.908477,3593,210,0.772349,0.2891
30278000,6017.931105,3608,211,0.417800,0.2031
30280000,5982.124004,3565,232,0.423617,0.2969
30282000,5933.689186,3602,219,0.423667,0.3047
30284000,5439.361957,3590,215,0.430791,0.2500
30286000,7742.970383,3560,221,0.795275,0.3047
30288000,9012.362459,3607,194,0.900262,0.3125
30290000,9713.851012,3585,195,0.897497,0.2969
30292000,8182.345402,3600,202,0.848116,0.3125
30294000,8446.597262,3588,216,0.885885,0.2500
30296000,6583.751017,3589,219,0.575176,0.2500
30298000,6664.655058,3627,215,0.527375,0.2812
30300000,6769.128552,3616,212,0.537775,0.3125
30302000,7164.753452,3604,222,0.603466,0.3125
30304000,8741.967978,3611,205,0.841646,0.2266
30306000,4349.767423,3611,210,0.042983,0.2812
30308000,6514.973808,3595,224,0.594100,0.3125
30310000,7462.371100,3608,212,0.834133,0.2266
30312000,7501.645184,3590,219,0.842196,0.2969
30314000,7738.183924,3586,229,0.874046,0.3203
30316000,7792.743096,3588,239,0.875364,0.2734
30318000,7832.380976,3585,232,0.867884,0.3359
30320000,7729.061381,3557,232,0.870962,0.2812
30322000,4481.227508,3523,228,0.139432,0.3281
30324000,6970.140379,3543,217,0.643824,0.2656
30326000,8486.206039,3568,216,0.828516,0.2344
30328000,8280.377790,3575,243,0.714427,0.3125
30330000,8896.894635,3579,232,0.844111,0.3828
30332000,9341.219131,3586,236,0.814737,0.2969
30334000,9809.817770,3579,232,0.842350,0.2891
30336000,10062.253036,3566,237,0.882683,0.3047
30338000,7261.153289,3579,217,0.733040,0.2969
30340000,7198.696456,3562,207,0.701878,0.2266
30342000,7075.420531,3563,218,0.674622,0.3125
30344000,7056.334755,3566,224,0.682315,0.3047
30346000,7052.566989,3600,201,0.679366,0.3281
30348000,7101.947296,3610,205,0.680199,0.2422
30350000,8403.587199,3608,208,0.728905,0.3125
30352000,6414.632256,3618,204,0.178583,0.2422
30354000,4033.802781,3603,215,0.033070,0.2344
30356000,4163.354032,3591,234,0.047673,0.2344
30358000,5065.944625,3578,238,0.192843,0.3828
30360000,6164.653255,3581,233,0.313819,0.3047
30362000,4833.415804,3575,241,0.253024,0.3516
30364000,5969.048154,3570,235,0.420961,0.3281
30366000,6033.771981,3572,225,0.431595,0.3672
30368000,4402.607923,3585,228,0.133329,0.2578
30370000,4879.168130,3609,225,0.259551,0.3047
30372000,6065.428532,3607,221,0.669450,0.1953
30374000,6135.376869,3630,208,0.659745,0.2578
30376000,6096.325007,3645,205,0.655767,0.2031
30378000,7381.845254,3658,194,0.766699,0.2266
30380000,8348.342821,3640,226,0.737008,0.2734
30382000,7982.569600,3631,238,0.729403,0.2734
30384000,6197.660545,3634,226,0.588655,0.2734
30386000,6201.592451,3653,216,0.592428,0.2969
30388000,6231.874037,3618,237,0.591592,0.3359
30390000,7001.378600,3605,229,0.734675,0.3281
30392000,7990.154465,3587,229,0.706365,0.3359
30394000,8022.470767,3616,231,0.704291,0.2969
30396000,5841.618830,3608,235,0.395996,0.2812
30398000,5129.749156,3619,214,0.377658,0.2656
30400000,5234.808248,3595,229,0.393372,0.2891
30402000,4836.018545,3605,231,0.587999,0.3203
30404000,4239.991169,3611,236,0.262910,0.3516
30406000,7196.217719,3602,228,0.642419,0.3516
30408000,6286.997577,3617,225,0.580946,0.3438
30410000,6106.429248,3622,220,0.710392,0.3125
30412000,6097.697892,3633,204,0.707410,0.3281
30414000,4580.934635,3616,214,0.376151,0.3516
30416000,5255.708737,3610,216,0.424779,0.3047
30418000,5303.639487,3614,212,0.425707,0.2031
30420000,7270.395430,3601,229,0.696689,0.3125
30422000,7977.768131,3599,236,0.775591,0.3438
30424000,5436.704340,3572,245,0.528894,0.3516
30426000,4374.612940,3568,236,0.168670,0.3516
30428000,5021.358363,3586,217,0.482502,0.3359
30430000,5082.368596,3560,234,0.489396,0.2188
30432000,5973.096711,3560,241,0.533156,0.2812
30434000,5983.114417,3565,225,0.532280,0.2656
30436000,6222.852169,3594,229,0.726516,0.3594
30438000,6236.273397,3606,234,0.725603,0.3203
30440000,6037.958285,3567,252,0.699329,0.2812
30442000,6160.383263,3574,243,0.699039,0.3672
30444000,6132.257968,3562,243,0.691700,0.3438
30446000,6149.704146,3577,234,0.698716,0.2891
30448000,6166.592929,3564,245,0.698651,0.3438
30450000,5766.834718,3587,224,0.450785,0.3281
30452000,5689.516414,3632,204,0.441283,0.4062
30454000,6442.508873,3597,225,0.506601,0.3203
30456000,6176.517896,3609,213,0.466985,0.2734
30458000,6034.331301,3623,207,0.437172,0.3594
30460000,3792.973995,3604,207,0.014105,0.2266
30462000,3565.208325,3612,203,0.040491,0.2812
30464000,3568.222057,3588,232,0.037769,0.2891
30466000,3621.561767,3559,237,0.042380,0.3828
30468000,5657.040852,3564,239,0.508214,0.3359
30470000,5714.104703,3563,236,0.518699,0.2344
30472000,4557.030514,3547,255,0.173390,0.3203
30474000,4206.614766,3529,261,0.178084,0.2891
30476000,4255.678834,3542,239,0.206504,0.3047
30478000,4562.758225,3554,242,0.320917,0.3359
30480000,4890.223173,3528,260,0.582926,0.2734
30482000,4713.623876,3507,250,0.529520,0.3047
30484000,4652.961240,3512,260,0.530987,0.2969
30486000,4012.351507,3544,245,0.270645,0.2812
30488000,4061.582457,3562,223,0.304114,0.2969
30490000,3780.220762,3542,234,0.158528,0.2656
30492000,3638.336025,3549,238,0.172539,0.3047
30494000,4098.712979,3548,231,0.166605,0.2969
30496000,4141.557415,3540,221,0.168279,0.3125
30498000,4156.112261,3503,220,0.170024,0.2500
30500000,4196.935469,3511,247,0.189293,0.3281
30502000,4500.738531,3545,240,0.395377,0.3125
30504000,4376.502472,3554,221,0.395303,0.2656
30506000,3880.725093,3570,226,0.140742,0.3359
30508000,4062.444463,3580,225,0.221496,0.2891
30510000,4420.714332,3603,217,0.098720,0.2812
30512000,4326.418337,3630,216,0.021959,0.3594
30514000,4720.272405,3636,202,0.061245,0.3047
30516000,4726.374262,3601,200,0.068563,0.3047
30518000,4247.205434,3612,203,0.026270,0.3047
30520000,4341.687579,3627,197,0.022548,0.2812
30522000,4517.917203,3628,213,0.041130,0.2734
30524000,4397.310069,3599,206,0.030778,0.3047
30526000,3167.089962,3581,216,0.069360,0.3125
30528000,4328.421640,3596,234,0.041203,0.3125
30530000,4324.922847,3616,207,0.037491,0.2656
30532000,4459.862986,3607,200,0.104438,0.2656
30534000,4180.280547,3639,179,0.154146,0.3438
30536000,4166.680697,3629,193,0.152911,0.3203
30538000,4404.177200,3612,207,0.169417,0.2500
30540000,3209.812890,3593,216,0.003312,0.2656
30542000,4470.546418,3575,242,0.154723,0.2812
30544000,4786.990997,3562,232,0.210312,0.2500
30546000,4760.874198,3597,202,0.208587,0.3203
30548000,4237.386394,3621,201,0.174551,0.2500
30550000,3308.174881,3592,213,0.048553,0.3828
30552000,3084.267839,3583,210,0.037445,0.2812
30554000,3223.013988,3587,217,0.023786,0.3125
30556000,5310.058300,3582,226,0.376449,0.2891
30558000,5267.551887,3562,237,0.377598,0.2109
30560000,4361.424456,3524,253,0.262141,0.3125
30562000,3641.719428,3512,256,0.258921,0.2656
30564000,3503.843063,3550,221,0.235744,0.2578
30566000,3431.518593,3549,237,0.261109,0.2812
30568000,3424.938769,3547,231,0.261848,0.3203
30570000,3452.881514,3566,216,0.261639,0.2578
30572000,3849.507172,3561,228,0.159877,0.2969
30574000,3843.495676,3551,238,0.158850,0.3203
30576000,4522.350392,3571,227,0.180909,0.2734
30578000,6156.949345,3564,224,0.673100,0.2656
30580000,6146.785054,3597,206,0.672233,0.2891
30582000,7962.871399,3610,201,0.801102,0.2734
30584000,5999.140447,3587,198,0.371818,0.2656
30586000,6009.260876,3615,191,0.376282,0.3203
30588000,7952.354039,3565,217,0.778900,0.2891
30590000,8025.530473,3582,208,0.779637,0.2578
30592000,6896.344437,3560,218,0.702802,0.3125
30594000,3743.130119,3559,213,0.344366,0.3594
30596000,6846.633516,3567,191,0.681570,0.3047
30598000,6764.302926,3585,188,0.545965,0.2656
30600000,6759.091990,3576,210,0.705860,0.2656
30602000,6394.545880,3566,210,0.712886,0.3359
30604000,5641.134261,3541,206,0.422960,0.2422
30606000,3270.519172,3509,215,0.029442,0.3203
30608000,3258.344799,3483,224,0.039776,0.3047
30610000,3357.592476,3504,229,0.020832,0.2812
30612000,8996.138441,3491,247,0.830829,0.4609
30614000,8977.440303,3512,242,0.830102,0.3125
30616000,9067.042451,3532,238,0.826683,0.3203
30618000,9005.425859,3560,234,0.823407,0.3047
30620000,6728.991020,3526,232,0.617460,0.2422
30622000,7050.566655,3550,228,0.539170,0.2812
30624000,5466.723971,3558,222,0.359090,0.3594
30626000,6906.854252,3575,211,0.604896,0.3047
30628000,6996.964697,3581,199,0.604935,0.2891
30630000,4692.431159,3567,206,0.543135,0.2422
30632000,3994.051572,3552,228,0.193160,0.2422
30634000,4880.659256,3574,215,0.409106,0.2578
30636000,4938.061719,3561,222,0.383763,0.3203
30638000,6422.233423,3576,209,0.611200,0.3047
30640000,3521.499093,3591,197,0.005079,0.3438
30642000,7495.280146,3587,222,0.701794,0.2500
30644000,5721.679410,3597,226,0.365743,0.2812
30646000,5688.842577,3608,206,0.363900,0.2734
30648000,4296.459582,3613,189,0.136297,0.3047
30650000,4792.720021,3620,202,0.168347,0.2656
30652000,3798.543464,3604,209,0.106210,0.3594
30654000,4604.376239,3638,201,0.208014,0.2734
30656000,4705.722150,3635,203,0.171032,0.3047
30658000,4662.252647,3643,202,0.164515,0.3047
30660000,4651.881036,3650,206,0.161224,0.2891
30662000,5072.220603,3627,201,0.406966,0.2656
30664000,5008.326197,3588,214,0.316389,0.2266
30666000,4529.569153,3599,223,0.246945,0.4062
30668000,4439.557465,3586,214,0.204200,0.2500
30670000,4330.675768,3577,232,0.221627,0.3047
30672000,4411.084975,3588,225,0.180393,0.3125
30674000,4272.933036,3605,232,0.182064,0.3516
30676000,4236.698624,3588,248,0.181015,0.3828
30678000,4242.472813,3606,225,0.186920,0.3438
30680000,4238.807637,3593,230,0.181281,0.2578
30682000,4089.093577,3597,222,0.204844,0.3047
30684000,5054.857255,3586,223,0.243370,0.3281
30686000,4713.780492,3562,227,0.058699,0.2500
30688000,5126.911981,3572,248,0.520241,0.3906
30690000,5198.707524,3583,220,0.520060,0.2500
30692000,5163.021199,3581,220,0.509794,0.2969
30694000,5225.073856,3628,199,0.518620,0.2734
30696000,4837.544325,3629,209,0.475016,0.2578
30698000,4915.416394,3615,222,0.486550,0.3125
30700000,4526.263084,3631,225,0.432979,0.2969
30702000,5423.099484,3611,217,0.633194,0.3047
30704000,5124.663483,3620,206,0.655276,0.3125
30706000,5226.767047,3653,199,0.658502,0.3203
30708000,4015.340255,3623,220,0.412578,0.2734
30710000,4116.486524,3620,216,0.265353,0.3203
30712000,4659.979955,3618,203,0.409928,0.2578
30714000,4664.859895,3660,186,0.252548,0.3047
30716000,4747.353118,3667,207,0.291208,0.2891
30718000,4325.373709,3665,208,0.014479,0.2500
30720000,4358.158678,3687,193,0.017041,0.3047
30722000,4326.000351,3692,186,0.017619,0.2812
30724000,3851.989351,3687,203,0.137791,0.2656
30726000,4244.706919,3684,203,0.011047,0.2031
30728000,5775.370139,3664,192,0.214284,0.2969
30730000,5651.507876,3682,174,0.493920,0.2656
30732000,5286.098184,3675,191,0.377065,0.3125
30734000,6329.120110,3675,208,0.502135,0.2344
30736000,6245.303987,3660,224,0.484249,0.2891
30738000,5966.971946,3640,225,0.454353,0.2422
30740000,5991.107474,3642,222,0.449127,0.3281
30742000,6219.596929,3643,214,0.519329,0.3047
30744000,6473.926896,3670,186,0.574568,0.2734
30746000,6508.792375,3672,187,0.567389,0.3047
30748000,6389.002558,3662,180,0.602478,0.2734
30750000,6242.784457,3647,191,0.612549,0.2500
30752000,4978.969434,3663,190,0.503047,0.2109
30754000,4926.433269,3677,181,0.514008,0.2578
30756000,4585.107788,3674,182,0.308859,0.3281
30758000,5889.277098,3698,187,0.491712,0.2969
30760000,5180.522033,3700,182,0.376351,0.2734
30762000,5666.687455,3672,188,0.472648,0.2266
30764000,5627.969228,3665,190,0.487124,0.2344
30766000,5601.812057,3655,196,0.492596,0.2500
30768000,8233.825019,3651,196,0.779023,0.3047
30770000,7959.299928,3658,190,0.706175,0.3281
30772000,6404.263877,3623,187,0.476466,0.2969
30774000,8646.522166,3601,202,0.725855,0.2656
30776000,8741.578844,3588,214,0.696980,0.3203
30778000,8743.681706,3572,228,0.696975,0.2812
30780000,5377.654862,3583,208,0.342519,0.2891
30782000,5385.634372,3588,215,0.384132,0.2812
30784000,7502.467811,3602,232,0.791936,0.3281
30786000,6846.027530,3571,231,0.664379,0.2969
30788000,7106.394039,3594,206,0.693275,0.3594
30790000,5564.135769,3580,240,0.296532,0.2812
30792000,5860.034584,3583,228,0.406764,0.2422
30794000,5733.775777,3570,236,0.225278,0.2656
30796000,6875.956729,3578,221,0.361226,0.2500
30798000,4439.735177,3568,222,0.080452,0.3125
30800000,4431.225162,3566,221,0.080582,0.2891
30802000,5641.421799,3561,215,0.257021,0.3750
30804000,4841.260117,3591,207,0.120054,0.3203
30806000,5438.145848,3606,205,0.259193,0.3281
30808000,8935.952682,3602,228,0.726931,0.2422
30810000,10066.223797,3595,222,0.818740,0.3047
30812000,5930.932417,3577,215,0.350629,0.2812
30814000,3420.997491,3617,196,0.016779,0.2422
30816000,3480.635405,3587,219,0.022815,0.3281
30818000,8309.142224,3574,198,0.742279,0.3594
30820000,8008.793248,3629,176,0.673947,0.3594
30822000,3393.238151,3632,169,0.053416,0.3047
30824000,3737.336043,3627,169,0.131433,0.2656
30826000,11289.612011,3620,177,0.842131,0.2109
30828000,11770.402499,3642,178,0.876683,0.2266
30830000,10190.295595,3642,200,0.817933,0.2891
30832000,9853.260844,3632,188,0.807256,0.2812
30834000,7389.474166,3625,200,0.578574,0.3281
30836000,5410.347160,3611,211,0.356253,0.3594
30838000,5117.074734,3602,214,0.253277,0.2891
30840000,5127.339010,3601,227,0.256095,0.3672
30842000,6576.948573,3621,240,0.423626,0.3047
30844000,4935.010878,3628,233,0.343419,0.3438
30846000,9077.849948,3614,238,0.724379,0.3047
30848000,8485.760287,3628,229,0.799943,0.3438
30850000,5372.619189,3614,239,0.443341,0.2891
30852000,4943.770916,3625,249,0.433888,0.2969
30854000,4910.727975,3582,232,0.437604,0.2969
30856000,4926.145679,3592,224,0.441430,0.3203
30858000,7336.433024,3602,203,0.782821,0.2734
30860000,7325.458986,3605,209,0.782267,0.2969
30862000,6705.669193,3636,202,0.557664,0.3672
30864000,6648.786901,3607,203,0.542659,0.3203
30866000,6646.612481,3598,221,0.543048,0.2266
30868000,7361.088031,3616,209,0.658601,0.2656
30870000,7554.581271,3612,208,0.555552,0.2422
30872000,6057.940631,3626,191,0.466451,0.2891
30874000,5960.234680,3628,193,0.454466,0.3750
30876000,5654.638913,3624,207,0.422299,0.2188
30878000,5548.848744,3614,199,0.335090,0.3125
30880000,5304.403430,3608,191,0.314857,0.2969
30882000,5258.823208,3595,203,0.291061,0.2266
30884000,5373.262805,3599,213,0.293719,0.3203
30886000,9797.490351,3559,226,0.785163,0.3047
30888000,8546.142480,3561,222,0.696528,0.2812
30890000,8535.128164,3589,217,0.706222,0.2188
30892000,7720.484907,3570,221,0.707341,0.2734
30894000,7756.887559,3568,228,0.707070,0.2500
30896000,7846.449454,3560,230,0.713788,0.3125
30898000,7921.464045,3570,223,0.710013,0.3125
30900000,7318.899679,3539,234,0.679096,0.3047
30902000,7269.624906,3522,236,0.623886,0.3203
30904000,7728.575007,3522,235,0.730483,0.3359
30906000,7027.804093,3511,238,0.582356,0.2344
30908000,7158.258902,3536,236,0.635810,0.3125
30910000,6525.449190,3551,221,0.612615,0.2734
30912000,6533.397672,3549,227,0.613393,0.2656
30914000,5642.174400,3566,211,0.355245,0.2969
30916000,6646.664314,3541,229,0.586166,0.2969
30918000,4877.997750,3527,223,0.356048,0.2656
30920000,4960.223487,3533,223,0.333751,0.3281
30922000,4881.238264,3554,214,0.352506,0.3203
30924000,5057.496784,3553,232,0.224824,0.3438
30926000,6062.776326,3567,229,0.644394,0.3047
30928000,6075.316577,3592,225,0.637398,0.3047
30930000,6097.259210,3595,228,0.631216,0.2500
30932000,4277.799801,3585,208,0.286035,0.3281
30934000,4462.611990,3597,219,0.314309,0.2656
30936000,4496.105149,3590,214,0.321624,0.3359
30938000,6225.433388,3575,204,0.621904,0.3359
30940000,4153.199717,3592,213,0.204550,0.3125
30942000,4143.804849,3583,211,0.199921,0.3516
30944000,3948.838906,3577,210,0.175519,0.2969
30946000,3916.444559,3563,219,0.165249,0.3281
30948000,3907.750382,3581,204,0.166225,0.3125
30950000,3864.176753,3590,221,0.169591,0.2891
30952000,3839.264138,3584,230,0.172320,0.2656
30954000,6154.647336,3561,230,0.629607,0.3125
30956000,6213.039513,3547,235,0.628504,0.3516
30958000,6330.529711,3553,243,0.641788,0.3594
30960000,6440.389882,3558,241,0.643899,0.2812
30962000,6524.885593,3574,200,0.633575,0.2812
30964000,5923.783902,3558,226,0.550254,0.2969
30966000,4495.993018,3551,230,0.226608,0.2734
30968000,4484.718794,3572,217,0.225168,0.2578
30970000,4509.453364,3581,215,0.229145,0.2422
30972000,4583.120169,3559,242,0.238973,0.3359
30974000,4511.055344,3585,229,0.258259,0.2734
30976000,4544.032662,3582,212,0.265374,0.2891
30978000,4598.913380,3571,221,0.280077,0.2891
30980000,5223.219811,3568,220,0.132067,0.2969
30982000,5055.681064,3581,222,0.102384,0.3438
30984000,5036.470148,3583,217,0.093406,0.3281
30986000,5042.370119,3590,204,0.093475,0.3047
30988000,5334.619189,3562,224,0.215071,0.2969
30990000,5504.772879,3583,224,0.624423,0.2500
30992000,5142.579793,3604,206,0.606645,0.2422
30994000,5147.402215,3613,203,0.539649,0.2266
30996000,5098.069936,3591,230,0.553556,0.2578
30998000,5087.553541,3592,223,0.544911,0.3203
31000000,5212.399223,3592,226,0.457337,0.3750
31002000,5537.784847,3595,226,0.452112,0.2891
31004000,5566.520695,3586,232,0.483354,0.3203
31006000,5403.858492,3580,217,0.485927,0.3203
31008000,4353.046884,3580,224,0.337405,0.3203
31010000,4026.898354,3602,221,0.320770,0.2266
31012000,3758.871541,3605,219,0.087950,0.2891
31014000,3337.129693,3589,219,0.019744,0.2578
31016000,3321.620694,3639,210,0.021951,0.3438
31018000,3256.932960,3626,209,0.039471,0.2812
31020000,3246.290948,3632,201,0.039018,0.2500
31022000,4035.650986,3646,190,0.366919,0.3125
31024000,4315.337851,3640,205,0.433748,0.2656
31026000,4302.432778,3608,213,0.449585,0.2812
31028000,4408.063130,3609,220,0.500692,0.2656
31030000,4390.042384,3609,215,0.501893,0.3594
31032000,4894.996236,3603,219,0.506338,0.2969
31034000,4849.873674,3568,223,0.520510,0.3203
31036000,4297.227818,3557,208,0.341820,0.3281
31038000,4250.780691,3562,229,0.332394,0.3281
31040000,4248.248691,3541,251,0.331352,0.3438
31042000,5017.018984,3574,250,0.536720,0.2891
31044000,4992.940987,3554,239,0.541404,0.2344
31046000,5191.927018,3531,254,0.595180,0.1953
31048000,5286.065760,3518,261,0.592596,0.3438
31050000,5256.523184,3523,252,0.584267,0.2734
31052000,4950.337979,3559,234,0.538021,0.2969
31054000,5464.206791,3570,220,0.602426,0.2812
31056000,5490.736096,3594,217,0.593438,0.2734
31058000,5608.589491,3616,198,0.637377,0.3203
31060000,5626.650691,3578,212,0.639292,0.2812
31062000,6117.152807,3566,210,0.499476,0.2891
31064000,6091.093988,3574,203,0.504490,0.3281
31066000,6071.101226,3599,202,0.484172,0.3906
31068000,5235.157152,3590,210,0.238535,0.2969
31070000,4771.365968,3556,219,0.121726,0.2422
31072000,4343.560993,3554,216,0.051226,0.2812
31074000,4523.131733,3565,226,0.056287,0.3516
31076000,5704.493979,3597,215,0.570219,0.2109
31078000,5655.184701,3612,210,0.581071,0.2734
31080000,6173.473928,3615,205,0.332957,0.2969
31082000,6296.110119,3603,205,0.335119,0.3047
31084000,5953.260330,3586,206,0.148601,0.3281
31086000,5940.715615,3595,209,0.149403,0.3750
31088000,6715.494966,3590,222,0.433633,0.2656
31090000,6619.462379,3644,198,0.401005,0.2578
31092000,7251.993449,3634,200,0.705894,0.2891
31094000,7292.213564,3623,206,0.723222,0.2422
31096000,7410.557964,3634,198,0.696623,0.2500
31098000,5643.906364,3638,198,0.548809,0.2500
31100000,5096.044941,3594,212,0.533993,0.3203
31102000,5158.050749,3557,220,0.540740,0.3516
31104000,5025.504341,3568,226,0.692285,0.3203
31106000,5303.885391,3595,200,0.565414,0.3281
31108000,5659.128868,3615,189,0.541908,0.3125
31110000,4678.674664,3614,193,0.136870,0.3125
31112000,4590.663866,3603,202,0.130009,0.2578
31114000,4517.092371,3588,231,0.276003,0.3359
31116000,4539.447104,3596,223,0.287977,0.3438
31118000,4544.856958,3582,220,0.286434,0.2969
31120000,4098.843393,3572,230,0.335627,0.3047
31122000,5422.409591,3592,210,0.524763,0.2812
31124000,5214.639702,3575,202,0.488931,0.2656
31126000,5250.865899,3585,199,0.490190,0.3047
31128000,3729.780051,3624,189,0.145443,0.2266
31130000,3680.996769,3594,201,0.135193,0.3203
31132000,3660.042087,3601,213,0.140718,0.2656
31134000,3600.004874,3611,222,0.204509,0.2891
31136000,3592.964693,3627,215,0.200815,0.3281
31138000,4419.805034,3595,235,0.189711,0.2188
31140000,4427.537341,3589,233,0.209381,0.2422
31142000,4612.180373,3591,233,0.408174,0.3047
31144000,4637.024887,3610,204,0.385192,0.3516
31146000,4896.252355,3612,226,0.448841,0.3125
31148000,4621.293093,3620,206,0.460351,0.2969
31150000,4407.185397,3614,206,0.199558,0.2578
31152000,3933.699546,3610,207,0.055866,0.2656
31154000,4475.407640,3600,213,0.428813,0.2969
31156000,4790.159277,3610,197,0.351296,0.2422
31158000,4771.607566,3623,208,0.359048,0.3047
31160000,4392.496443,3614,212,0.318490,0.2969
31162000,4356.741366,3645,197,0.319567,0.2656
31164000,4150.283754,3667,190,0.262942,0.2500
31166000,4281.592511,3677,182,0.297107,0.2188
31168000,4492.645755,3653,197,0.331967,0.3125
31170000,4434.094368,3663,200,0.333819,0.2656
31172000,4373.291940,3668,208,0.342704,0.2344
31174000,4351.644041,3664,208,0.335523,0.2812
31176000,4260.634711,3626,215,0.357650,0.2656
31178000,3567.854257,3649,198,0.141537,0.3203
31180000,3483.568051,3642,204,0.124338,0.3516
31182000,3417.931468,3647,189,0.151874,0.3047
31184000,3465.609164,3625,194,0.165659,0.2812
31186000,3466.436357,3613,206,0.173046,0.3203
31188000,3477.279813,3593,211,0.201949,0.3281
31190000,4599.832208,3610,209,0.497571,0.3125
31192000,4720.396006,3625,204,0.468172,0.2344
31194000,4799.073420,3615,205,0.524136,0.3047
31196000,5452.974842,3594,213,0.559591,0.2500
31198000,5399.070598,3602,211,0.553188,0.2266
31200000,6322.666315,3608,215,0.619054,0.2969
31202000,6410.859575,3594,219,0.523047,0.2891
31204000,6519.580336,3582,230,0.632893,0.3203
31206000,6588.591739,3565,264,0.671758,0.2812
31208000,6576.888523,3583,225,0.672556,0.2969
31210000,5071.336200,3579,243,0.424391,0.2891
31212000,4644.691942,3581,234,0.363380,0.2734
31214000,4686.476833,3588,206,0.365750,0.2891
31216000,4682.156639,3590,226,0.351615,0.3672
31218000,4945.433844,3585,225,0.361484,0.3125
31220000,4954.838302,3584,209,0.355807,0.2812
31222000,5936.909162,3589,208,0.549342,0.2188
31224000,5964.046811,3602,196,0.535837,0.2969
31226000,7232.247728,3607,203,0.720515,0.2656
31228000,7244.919252,3623,201,0.692665,0.2109
31230000,7506.664680,3613,215,0.709460,0.2891
31232000,4928.786726,3644,205,0.357844,0.2344
31234000,4900.393125,3654,206,0.366994,0.2812
31236000,6381.187944,3644,205,0.589890,0.2734
31238000,5217.509964,3618,210,0.514850,0.2578
31240000,5233.220654,3590,229,0.518639,0.3203
31242000,5192.864891,3602,210,0.520243,0.3125
31244000,5182.037506,3624,190,0.520360,0.3750
31246000,5893.284006,3603,221,0.643758,0.2500
31248000,5714.560017,3610,213,0.694674,0.2891
31250000,5679.333696,3589,218,0.688994,0.3125
31252000,5683.982732,3607,207,0.686076,0.3594
31254000,5790.817322,3613,191,0.662344,0.3516
31256000,5992.990572,3599,190,0.549843,0.3125
31258000,5895.120071,3611,183,0.639001,0.2578
31260000,6048.168926,3601,203,0.653632,0.3672
31262000,6082.726755,3585,218,0.652195,0.3203
31264000,6017.515682,3585,225,0.654739,0.2969
31266000,4917.490546,3597,236,0.590054,0.2969
31268000,5217.187809,3606,214,0.522547,0.2969
31270000,5126.221479,3613,196,0.538418,0.2734
31272000,5155.255476,3612,204,0.340596,0.2891
31274000,5112.758164,3626,210,0.341783,0.3281
31276000,5118.373795,3621,217,0.344318,0.2969
31278000,3754.750559,3625,207,0.076461,0.2969
31280000,6628.128150,3635,215,0.663317,0.2656
31282000,7749.021321,3628,206,0.715686,0.2188
31284000,5088.654337,3632,204,0.180729,0.3359
31286000,4730.388286,3610,206,0.125987,0.2422
31288000,6000.243706,3605,211,0.213519,0.2734
31290000,5954.493708,3602,212,0.359836,0.2344
31292000,4392.767497,3611,215,0.254414,0.2891
31294000,4903.959231,3612,215,0.063043,0.1953
31296000,4949.877493,3601,215,0.225597,0.3203
31298000,5739.265135,3632,198,0.365453,0.2969
31300000,5488.775478,3649,218,0.264820,0.2734
31302000,5129.940485,3647,218,0.019240,0.2500
31304000,5123.128623,3644,219,0.020397,0.3438
31306000,6335.607097,3636,216,0.406670,0.2344
31308000,4510.957183,3634,214,0.308177,0.3047
31310000,4902.463644,3625,226,0.199314,0.3125
31312000,4923.264513,3628,242,0.194330,0.2188
31314000,4382.551687,3644,227,0.173546,0.3594
31316000,4572.686513,3650,212,0.194995,0.3125
31318000,4683.732331,3650,210,0.303011,0.2266
31320000,4645.471619,3628,232,0.319642,0.2500
31322000,6052.495145,3647,220,0.383790,0.2500
31324000,6196.453679,3656,195,0.544278,0.2891
31326000,6131.123196,3657,199,0.470770,0.2734
31328000,6172.341027,3659,200,0.465518,0.2891
31330000,4598.059160,3661,198,0.149048,0.3203
31332000,4094.199298,3679,189,0.088612,0.2500
31334000,5901.699079,3674,180,0.233781,0.2969
31336000,5073.157835,3695,175,0.484416,0.2344
31338000,5033.106819,3681,183,0.495416,0.2734
31340000,4868.544381,3687,195,0.434395,0.2578
31342000,5304.689239,3676,191,0.540760,0.3281
31344000,5232.066812,3655,196,0.542825,0.2578
31346000,3954.435369,3659,196,0.297571,0.2812
31348000,3462.677254,3659,213,0.213766,0.2656
31350000,3610.856175,3635,206,0.210154,0.3125
31352000,3373.411444,3598,222,0.184206,0.2891
31354000,3403.917000,3592,223,0.166897,0.2656
31356000,3419.186227,3564,247,0.169529,0.3281
31358000,3383.447291,3599,221,0.169152,0.2891
31360000,3364.719396,3621,206,0.165983,0.2969
31362000,3451.965842,3630,207,0.139603,0.2734
31364000,3695.445370,3636,208,0.144214,0.2422
31366000,3316.812552,3601,222,0.056138,0.3203
31368000,3783.395909,3577,221,0.017897,0.3359
31370000,3607.261354,3592,227,0.026912,0.3047
31372000,3915.224223,3609,215,0.041897,0.3516
31374000,3872.614266,3598,230,0.089299,0.2891
31376000,4291.195749,3582,230,0.139292,0.3203
31378000,4065.143568,3580,217,0.008573,0.2969
31380000,4125.669626,3565,244,0.006438,0.2266
31382000,3972.713790,3594,238,0.011805,0.2578
31384000,4220.040590,3592,248,0.032315,0.2969
31386000,4212.383557,3589,230,0.030634,0.3047
31388000,4095.272248,3601,224,0.020560,0.2500
31390000,4495.331406,3602,228,0.110602,0.2266
31392000,4245.921791,3600,228,0.104055,0.2734
31394000,4208.601040,3574,232,0.090540,0.3438
31396000,4454.660386,3557,246,0.085874,0.3047
31398000,5549.249679,3594,235,0.629907,0.3125
31400000,5649.309384,3613,223,0.632947,0.3672
31402000,5275.865663,3584,244,0.531159,0.3047
31404000,5275.935708,3572,240,0.529321,0.2891
31406000,5005.813877,3566,235,0.532617,0.2656
31408000,4985.940863,3590,225,0.529276,0.2422
31410000,5391.641685,3589,224,0.605375,0.3047
31412000,4971.954398,3604,223,0.556155,0.3281
31414000,5409.150885,3620,212,0.642772,0.3203
31416000,5597.410347,3614,207,0.648422,0.2891
31418000,6187.386199,3636,199,0.711060,0.2734
31420000,5739.199403,3638,209,0.644878,0.2500
31422000,5726.935950,3643,221,0.640647,0.2734
31424000,6630.363172,3610,229,0.793401,0.3203
31426000,6794.049194,3604,234,0.806561,0.3516
31428000,5497.684063,3593,235,0.589254,0.3438
31430000,4410.801247,3593,228,0.419818,0.2734
31432000,4035.472634,3592,222,0.474893,0.2891
31434000,3905.977951,3624,215,0.382043,0.3359
31436000,3770.015976,3599,219,0.396118,0.2969
31438000,5771.403311,3589,231,0.652562,0.2656
31440000,6040.893335,3609,218,0.543128,0.3281
31442000,5994.477959,3594,229,0.544469,0.2891
31444000,6086.001606,3598,224,0.529155,0.2109
31446000,6313.443294,3588,204,0.484531,0.3047
31448000,5343.222826,3604,212,0.519113,0.3203
31450000,5510.869141,3599,213,0.487386,0.2969
31452000,5431.018864,3554,221,0.480081,0.3281
31454000,6359.569959,3528,242,0.544949,0.2812
31456000,5553.854921,3504,249,0.318805,0.3984
31458000,5573.264955,3496,248,0.290134,0.3203
31460000,7769.379594,3513,245,0.741464,0.2734
31462000,7725.792070,3534,236,0.714348,0.2578
31464000,7460.547810,3543,214,0.684584,0.2812
31466000,7478.266624,3541,225,0.578662,0.3125
31468000,5430.322771,3507,247,0.678719,0.3203
31470000,5648.623601,3541,221,0.483931,0.2812
31472000,5311.829167,3535,222,0.396379,0.3516
31474000,5281.406630,3568,208,0.405635,0.3125
31476000,5604.700495,3563,223,0.555050,0.3047
31478000,5606.979332,3549,224,0.549710,0.2266
31480000,5779.776680,3549,221,0.575969,0.3203
31482000,5764.362666,3570,211,0.570118,0.2344
31484000,5724.246717,3574,209,0.566723,0.3281
31486000,5676.297708,3524,246,0.558430,0.2656
31488000,5889.084746,3520,255,0.547474,0.2734
31490000,5680.863439,3530,241,0.697068,0.3516
31492000,4938.691603,3543,233,0.621874,0.3203
31494000,4926.373380,3558,221,0.616342,0.3516
31496000,4884.803359,3558,209,0.588420,0.3203
31498000,5833.851818,3576,223,0.516208,0.3125
31500000,5826.485432,3565,214,0.515959,0.2969
31502000,6739.540651,3555,214,0.490611,0.3516
31504000,6741.671567,3535,243,0.494253,0.3125
31506000,6735.714679,3532,245,0.500938,0.3047
31508000,6986.440116,3531,228,0.515497,0.3281
31510000,6317.579986,3533,233,0.527449,0.2891
31512000,6272.261231,3503,231,0.531942,0.3281
31514000,6202.110661,3539,217,0.518972,0.3203
31516000,5326.489490,3540,222,0.564368,0.3594
31518000,5776.056032,3535,230,0.436267,0.3047
31520000,5660.411272,3549,236,0.480303,0.2969
31522000,5375.603696,3558,239,0.582239,0.3359
31524000,5693.420919,3583,239,0.542851,0.3438
31526000,5828.058861,3603,218,0.551955,0.2734
31528000,5608.578306,3612,213,0.522389,0.2969
31530000,5320.313321,3603,225,0.593243,0.3516
31532000,7795.330336,3618,220,0.811588,0.2969
31534000,6487.789137,3614,217,0.661216,0.2578
31536000,6477.223129,3623,209,0.662165,0.2812
31538000,7771.068984,3624,230,0.814179,0.3203
31540000,5171.240227,3619,213,0.530057,0.2891
31542000,6560.389146,3598,216,0.656532,0.2266
31544000,6915.693959,3572,233,0.699325,0.3438
31546000,8103.366487,3589,234,0.823809,0.2500
31548000,6435.944388,3586,225,0.643346,0.3359
31550000,6380.049993,3587,226,0.642069,0.3203
31552000,6416.008720,3582,228,0.642950,0.2734
31554000,6537.231018,3563,252,0.701591,0.2734
31556000,6655.818620,3560,236,0.738582,0.3203
31558000,9777.997075,3550,245,0.828166,0.3047
31560000,10322.019981,3569,214,0.848308,0.2969
31562000,10371.223365,3570,212,0.858410,0.3359
31564000,8058.474528,3589,207,0.803940,0.2656
31566000,6948.651447,3616,215,0.500039,0.3359
31568000,7439.708829,3584,221,0.458376,0.2812
31570000,7074.273044,3593,200,0.535780,0.3281
31572000,7122.062663,3582,221,0.547621,0.3203
31574000,6934.728845,3589,222,0.537087,0.3047
31576000,6848.082814,3587,215,0.551337,0.3125
31578000,6841.603513,3592,221,0.546687,0.3203
31580000,6744.158999,3606,221,0.530679,0.2734
31582000,6829.081936,3591,229,0.539614,0.3047
31584000,6795.336968,3610,201,0.537761,0.3047
31586000,7362.781956,3605,192,0.725741,0.2266
31588000,7535.992853,3641,189,0.728878,0.2109
31590000,7029.213692,3633,205,0.601886,0.2656
31592000,3636.117070,3595,233,0.062284,0.3203
31594000,3658.731258,3607,221,0.064337,0.2500
31596000,3695.588995,3605,218,0.068120,0.2500
31598000,3785.300154,3620,204,0.069007,0.3281
31600000,3754.435482,3597,196,0.069956,0.2812
31602000,3789.796832,3599,200,0.059485,0.3047
31604000,5064.891441,3586,205,0.391151,0.2812
31606000,5018.378144,3588,214,0.458487,0.2734
31608000,5758.838237,3604,216,0.470661,0.2578
31610000,3712.253565,3609,205,0.286270,0.3203
31612000,3454.879997,3615,214,0.179182,0.2969
31614000,3457.553930,3604,214,0.185892,0.2891
31616000,3440.246125,3612,210,0.163129,0.2734
31618000,3345.905206,3606,214,0.171608,0.3281
31620000,3347.926421,3606,220,0.175778,0.3125
31622000,5454.271888,3601,231,0.400250,0.2891
31624000,4487.233919,3613,215,0.301094,0.2734
31626000,6453.882951,3580,240,0.201841,0.3047
31628000,5145.245611,3596,236,0.235757,0.2969
31630000,6029.861242,3606,226,0.457705,0.2891
31632000,5417.426270,3599,221,0.588453,0.3203
31634000,5302.165667,3578,242,0.591100,0.2969
31636000,5296.199699,3587,218,0.586126,0.2578
31638000,5249.994643,3581,228,0.589581,0.3203
31640000,4813.129997,3600,235,0.461452,0.3359
31642000,4857.422505,3578,223,0.449036,0.3281
31644000,4746.992144,3543,242,0.415442,0.3438
31646000,4766.754450,3556,246,0.416740,0.3203
31648000,4772.362330,3541,267,0.414943,0.3203
31650000,4481.528677,3557,261,0.392936,0.3047
31652000,4423.756449,3531,250,0.081223,0.3672
31654000,4472.042807,3551,248,0.081901,0.3906
31656000,4527.437684,3582,232,0.082487,0.3203
31658000,4521.014452,3598,230,0.078538,0.3203
31660000,4675.111622,3602,237,0.090503,0.2891
31662000,4671.113550,3591,236,0.093985,0.3438
31664000,4748.667940,3604,227,0.064481,0.2422
31666000,4754.756864,3598,228,0.093486,0.3203
31668000,3884.902889,3598,221,0.272366,0.2969
31670000,3885.631354,3618,199,0.275989,0.2891
31672000,3815.009219,3624,220,0.268649,0.3359
31674000,3765.080351,3631,223,0.117792,0.3125
31676000,4267.177796,3626,224,0.116369,0.3203
31678000,4322.827504,3625,212,0.126776,0.2656
31680000,4340.243473,3603,202,0.133976,0.2500
31682000,4632.050298,3595,198,0.167707,0.2734
31684000,4935.235598,3590,193,0.111309,0.2734
31686000,4922.198737,3575,209,0.120961,0.2500
31688000,4985.004050,3580,212,0.107485,0.3047
31690000,4888.678678,3590,199,0.134795,0.3203
31692000,4618.557266,3598,203,0.078437,0.3438
31694000,5518.630736,3574,222,0.520418,0.4062
31696000,5507.976572,3559,212,0.526491,0.2500
31698000,5472.682360,3552,214,0.607646,0.3438
31700000,5371.876874,3552,202,0.628639,0.2734
31702000,4677.670931,3557,217,0.514068,0.2656
31704000,3744.136020,3547,219,0.445467,0.2656
31706000,4436.796282,3544,216,0.603891,0.2422
31708000,4416.392148,3540,231,0.602597,0.2578
31710000,4455.557260,3535,226,0.601301,0.2734
31712000,4618.806005,3512,237,0.600965,0.2891
31714000,4495.563957,3544,238,0.619109,0.2969
31716000,4509.294212,3523,235,0.626737,0.3516
31718000,4488.611153,3542,237,0.617245,0.3672
31720000,4497.568794,3519,229,0.633128,0.2734
31722000,4366.011020,3511,225,0.617729,0.2422
31724000,6094.938197,3514,240,0.561134,0.3828
31726000,6057.915293,3536,231,0.568527,0.3203
31728000,5458.545602,3516,236,0.494871,0.2500
31730000,4391.354726,3516,243,0.236362,0.3672
31732000,4666.638474,3521,249,0.265020,0.3594
31734000,4707.855838,3516,254,0.263578,0.3672
31736000,4717.543131,3520,261,0.269106,0.3047
31738000,5539.066335,3535,262,0.461134,0.3359
31740000,5445.776381,3545,230,0.454395,0.2734
31742000,5375.981609,3545,236,0.404318,0.3281
31744000,5487.637857,3570,208,0.418671,0.2812
31746000,5244.453194,3580,227,0.403761,0.2891
31748000,5632.614157,3587,224,0.327848,0.3359
31750000,4752.563606,3571,238,0.473551,0.2344
31752000,4722.349357,3572,245,0.439603,0.3594
31754000,4726.370629,3575,257,0.445452,0.2891
31756000,4941.732255,3572,241,0.543869,0.3203
31758000,4978.419418,3569,227,0.545387,0.3047
31760000,4537.344117,3568,232,0.499778,0.2969
31762000,6359.469397,3537,232,0.585378,0.3359
31764000,6358.205022,3536,233,0.587841,0.2734
31766000,5476.785720,3582,216,0.485990,0.3125
31768000,6328.639141,3601,201,0.417438,0.2969
31770000,5916.677768,3571,216,0.321463,0.2734
31772000,5687.069198,3607,199,0.285155,0.2734
31774000,4757.834803,3590,219,0.376457,0.3047
31776000,7974.140187,3577,234,0.519042,0.2656
31778000,3680.211254,3610,213,0.011064,0.2500
31780000,3760.839925,3609,215,0.198166,0.2734
31782000,3787.846585,3589,232,0.202786,0.2656
31784000,3689.896782,3574,230,0.188525,0.2891
31786000,3826.350604,3578,233,0.207214,0.2734
31788000,3851.646070,3585,229,0.205362,0.3359
31790000,4161.898008,3582,243,0.052089,0.2734
31792000,4177.541221,3589,217,0.051518,0.3125
31794000,6377.542616,3602,223,0.198220,0.2656
31796000,6362.285255,3586,209,0.610806,0.2344
31798000,7215.084373,3565,217,0.598024,0.2578
31800000,6571.878255,3574,223,0.680394,0.3359
31802000,6642.719817,3574,218,0.677820,0.2812
31804000,6458.076389,3573,222,0.693570,0.2734
31806000,7963.207328,3546,232,0.774205,0.2734
31808000,5963.783489,3542,214,0.552336,0.3359
31810000,8096.931884,3600,201,0.709576,0.3281
31812000,8486.970748,3612,197,0.524002,0.2969
31814000,7618.615209,3625,203,0.626089,0.2812
31816000,7767.273146,3602,211,0.697182,0.3047
31818000,6200.582496,3587,206,0.379582,0.2734
31820000,7370.125915,3607,220,0.596829,0.3281
31822000,9908.503105,3616,211,0.782223,0.3203
31824000,10039.833077,3582,223,0.802431,0.3047
31826000,9724.441694,3596,208,0.779282,0.3672
31828000,9536.435154,3592,205,0.708858,0.2500
31830000,8909.176997,3595,205,0.689680,0.3359
31832000,9108.150811,3606,211,0.766801,0.3047
31834000,8229.772104,3613,206,0.674459,0.2812
31836000,8223.617065,3643,200,0.627866,0.2812
31838000,8271.801722,3609,235,0.624440,0.3359
31840000,8822.609895,3626,215,0.771529,0.2734
31842000,6412.560094,3617,210,0.649063,0.2656
31844000,4477.963989,3622,204,0.080627,0.2656
31846000,4791.052540,3576,246,0.236816,0.2969
31848000,6706.165167,3605,212,0.328238,0.2422
31850000,4033.114133,3619,216,0.059301,0.3984
31852000,5757.599411,3616,210,0.224317,0.3438
31854000,5782.077159,3605,223,0.229786,0.2812
31856000,5588.896776,3591,236,0.290193,0.2500
31858000,5916.733881,3607,219,0.405271,0.2969
31860000,4178.132661,3598,216,0.162695,0.2969
31862000,4179.883473,3607,214,0.162592,0.2969
31864000,4150.765371,3604,212,0.220630,0.2891
31866000,3684.383607,3626,211,0.045599,0.3359
31868000,3647.562347,3632,222,0.044991,0.3125
31870000,3544.059300,3636,211,0.066198,0.2500
31872000,3491.710836,3624,214,0.062847,0.2578
31874000,3472.460160,3636,216,0.063912,0.2969
31876000,5497.142922,3656,197,0.256219,0.2969
31878000,5685.220636,3632,200,0.402070,0.2344
31880000,5698.884853,3626,218,0.395362,0.2969
31882000,5290.806516,3626,217,0.205560,0.2734
31884000,5148.085137,3620,196,0.195674,0.3359
31886000,5366.708697,3648,198,0.182672,0.3203
31888000,5261.279682,3626,207,0.274859,0.3281
31890000,5250.664026,3623,215,0.314950,0.2344
31892000,5094.306713,3592,208,0.261377,0.2500
31894000,5084.520608,3594,205,0.257147,0.2500
31896000,5281.400042,3588,208,0.181689,0.2891
31898000,5284.033946,3581,223,0.176819,0.3359
31900000,4121.458928,3604,221,0.032001,0.2500
31902000,5824.334527,3603,214,0.267818,0.3047
31904000,5796.131728,3598,211,0.257695,0.2812
31906000,4459.303815,3613,207,0.028823,0.2812
31908000,4331.492510,3601,228,0.020345,0.2891
31910000,5777.393548,3611,225,0.246683,0.2969
31912000,8690.102744,3615,224,0.658214,0.3281
31914000,8733.345991,3590,245,0.648678,0.1484
31916000,6310.669475,3601,235,0.449475,0.2578
31918000,5354.749353,3614,218,0.267518,0.2969
31920000,5379.396564,3593,214,0.281954,0.2266
31922000,6474.859799,3593,240,0.345251,0.3828
31924000,6472.975252,3608,224,0.342506,0.2891
31926000,6661.684628,3644,219,0.403713,0.2812
31928000,6465.258146,3612,222,0.360329,0.1797
31930000,6954.084434,3602,230,0.253039,0.2422
31932000,8275.733551,3606,222,0.481046,0.2812
31934000,8490.501219,3582,226,0.470432,0.3047
31936000,8368.478698,3588,216,0.588701,0.2656
31938000,8154.392524,3608,211,0.592471,0.2656
31940000,8446.784182,3624,212,0.656073,0.2734
31942000,6114.411611,3608,219,0.438626,0.3438
31944000,5808.216701,3612,204,0.380166,0.2969
31946000,6484.900053,3620,200,0.638025,0.2578
31948000,8206.987642,3599,202,0.600903,0.2344
31950000,7546.058773,3609,199,0.493597,0.2500
31952000,7383.251655,3632,198,0.461534,0.2891
31954000,7116.509965,3633,185,0.446956,0.3047
31956000,5536.168112,3621,211,0.287734,0.3125
31958000,8186.994934,3606,209,0.590916,0.2891
31960000,8241.244985,3606,207,0.594614,0.2734
31962000,6558.922652,3617,210,0.410648,0.3203
31964000,4702.576039,3606,213,0.140875,0.2734
31966000,7996.295586,3634,205,0.464847,0.2656
31968000,7603.489731,3687,189,0.443795,0.2812
31970000,5634.377117,3652,186,0.275867,0.3672
31972000,5594.109999,3618,210,0.258031,0.2344
31974000,7357.871892,3616,226,0.381654,0.2422
31976000,7152.301289,3646,216,0.549702,0.2891
31978000,8973.516711,3603,216,0.512129,0.3047
31980000,7717.663460,3619,197,0.626200,0.2656
31982000,8676.309244,3605,208,0.690510,0.2969
31984000,7953.558298,3630,220,0.542588,0.3281
31986000,9590.508208,3621,224,0.526721,0.2734
31988000,9304.975690,3620,219,0.438341,0.2344
31990000,6914.473055,3624,219,0.532139,0.2969
31992000,6724.187238,3611,221,0.543319,0.3203
31994000,7806.737188,3603,210,0.218980,0.3828
31996000,10059.653472,3596,218,0.673204,0.2734
31998000,9676.346324,3636,206,0.708475,0.2891
32000000,10241.530844,3633,200,0.672881,0.2578
32002000,10734.375285,3642,208,0.444448,0.2656
32004000,13854.448070,3627,196,0.702511,0.2812
32006000,13433.772136,3625,206,0.752921,0.3047
32008000,10897.550373,3613,215,0.635270,0.2734
32010000,8617.890872,3626,207,0.356321,0.2734
32012000,11364.825140,3612,201,0.650911,0.3203
32014000,11293.022687,3621,188,0.819552,0.1797
32016000,10178.659700,3619,203,0.775024,0.2344
32018000,5608.822064,3616,222,0.390400,0.2734
32020000,6607.405243,3607,225,0.520422,0.2656
32022000,5857.612597,3594,237,0.361302,0.2812
32024000,6048.364997,3590,228,0.540713,0.3203
32026000,6425.841690,3581,238,0.513947,0.2969
32028000,6931.559665,3602,228,0.520286,0.2578
32030000,5597.686196,3607,219,0.100600,0.3047
32032000,5714.007711,3593,219,0.108584,0.2891
32034000,5160.612190,3619,213,0.082432,0.2969
32036000,5187.919106,3591,232,0.154821,0.2969
32038000,4560.409625,3594,215,0.171752,0.2891
32040000,4512.040360,3589,215,0.165102,0.2422
32042000,6516.384951,3583,213,0.228732,0.3203
32044000,6253.716556,3598,203,0.474236,0.2734
32046000,6518.531364,3596,226,0.527964,0.3359
32048000,7045.307306,3583,233,0.573058,0.3359
32050000,6787.811213,3589,221,0.257005,0.2578
32052000,8417.437411,3592,222,0.797528,0.2344
32054000,7003.033204,3599,224,0.607152,0.3047
32056000,8671.730458,3620,207,0.786438,0.2500
32058000,9428.758724,3610,212,0.748653,0.2969
32060000,6782.979653,3591,233,0.363574,0.2500
32062000,6744.975856,3588,221,0.364419,0.2500
32064000,6319.780799,3574,245,0.217588,0.2656
32066000,5716.071831,3574,223,0.137190,0.3359
32068000,4977.980486,3582,217,0.140139,0.3203
32070000,4356.901077,3595,223,0.169107,0.3359
32072000,6209.198029,3616,213,0.104371,0.2969
32074000,5753.482776,3617,216,0.153539,0.2656
32076000,5786.251464,3590,238,0.156745,0.2812
32078000,4744.967593,3617,218,0.049629,0.3281
32080000,4893.720841,3630,203,0.063581,0.3125
32082000,5666.652266,3616,205,0.201966,0.2422
32084000,7879.405023,3586,203,0.261315,0.2812
32086000,9247.012915,3562,210,0.471443,0.3125
32088000,8507.799305,3551,231,0.506497,0.3516
32090000,7545.307925,3559,227,0.664320,0.3516
32092000,9509.392399,3552,236,0.658869,0.2812
32094000,8547.317593,3528,255,0.493307,0.3438
32096000,7472.872651,3560,236,0.563935,0.2891
32098000,7596.843357,3551,232,0.584429,0.3594
32100000,7603.875604,3547,234,0.583280,0.3203
32102000,7590.146394,3571,218,0.252934,0.3047
32104000,7966.516156,3586,204,0.203780,0.2734
32106000,7192.131629,3587,210,0.214064,0.3359
32108000,5701.996107,3607,206,0.327685,0.3359
32110000,5516.870435,3600,203,0.232004,0.2656
32112000,5486.256794,3602,204,0.220209,0.2891
32114000,6026.990135,3612,213,0.215188,0.2734
32116000,9015.549863,3603,214,0.828829,0.2656
32118000,9033.541432,3579,223,0.771335,0.2344
32120000,9061.361496,3558,229,0.752011,0.2266
32122000,9101.169330,3551,224,0.631687,0.2031
32124000,7209.389590,3573,208,0.318274,0.3438
32126000,7152.090261,3542,226,0.337230,0.3203
32128000,7182.981303,3554,216,0.328983,0.2188
32130000,5638.167919,3567,219,0.134307,0.2656
32132000,7846.398810,3593,211,0.736174,0.3594
32134000,6816.558489,3572,211,0.368255,0.2969
32136000,8944.265501,3568,212,0.754544,0.1641
32138000,6810.286677,3576,217,0.522151,0.2656
32140000,9624.824799,3584,227,0.706430,0.2734
32142000,5675.306913,3576,241,0.286007,0.3203
32144000,8642.404290,3561,223,0.520004,0.3047
32146000,6920.226589,3571,231,0.474931,0.3047
32148000,10120.051378,3608,224,0.854752,0.3203
32150000,6691.073859,3628,220,0.297486,0.2734
32152000,6887.499493,3628,225,0.317206,0.2812
32154000,8447.774026,3644,200,0.611704,0.2891
32156000,9068.717504,3620,215,0.397786,0.3203
32158000,7650.691626,3623,206,0.371776,0.3047
32160000,4691.719020,3620,215,0.270200,0.2578
32162000,4730.982707,3574,233,0.281210,0.3125
32164000,5076.880871,3565,234,0.000855,0.3203
32166000,5197.979626,3564,219,0.039849,0.3594
32168000,6217.242103,3547,232,0.425006,0.2500
32170000,6259.558929,3547,248,0.424486,0.3359
32172000,6367.157237,3540,256,0.372949,0.3125
32174000,6100.874517,3559,244,0.407119,0.3438
32176000,5655.323814,3545,247,0.372076,0.2578
32178000,5715.781749,3594,224,0.355585,0.3438
32180000,5799.994172,3605,219,0.389594,0.2734
32182000,5910.388381,3574,224,0.362103,0.3281
32184000,6398.193965,3563,216,0.460075,0.4219
32186000,3923.712991,3558,227,0.242681,0.3125
32188000,9306.426546,3576,216,0.491654,0.3047
32190000,9776.991682,3561,230,0.829787,0.3203
32192000,9721.146127,3565,246,0.555501,0.3203
32194000,10941.756103,3556,242,0.844831,0.2891
32196000,11288.187671,3531,251,0.875062,0.2656
32198000,10808.002012,3543,237,0.842602,0.2500
32200000,10672.234260,3546,244,0.840735,0.4062
32202000,10002.305853,3569,203,0.818287,0.2422
32204000,9992.341362,3572,222,0.859351,0.3594
32206000,6523.380384,3575,225,0.469109,0.3516
32208000,6469.019828,3570,229,0.516526,0.3281
32210000,6439.816478,3583,230,0.516056,0.3281
32212000,6664.932695,3574,217,0.674168,0.2734
32214000,6443.771988,3556,216,0.618853,0.3281
32216000,5953.533157,3556,221,0.453165,0.2734
32218000,5956.408858,3556,212,0.450913,0.3203
32220000,6071.975860,3586,208,0.506882,0.2656
32222000,5973.509537,3627,185,0.378563,0.3438
32224000,4742.640337,3608,189,0.120798,0.2891
32226000,5878.835599,3620,193,0.485132,0.2891
32228000,5481.596682,3618,185,0.357474,0.2500
32230000,5478.255739,3609,201,0.317098,0.3125
32232000,5864.247895,3605,197,0.444471,0.2812
32234000,5893.196606,3578,217,0.452072,0.2578
32236000,5957.316953,3594,218,0.615000,0.3047
32238000,5840.965056,3613,205,0.656657,0.2969
32240000,4083.898258,3624,186,0.238355,0.2656
32242000,4760.652183,3639,190,0.420533,0.3047
32244000,7588.079879,3626,197,0.559374,0.2891
32246000,6247.467786,3644,201,0.491987,0.2891
32248000,7330.705565,3648,210,0.465073,0.3047
32250000,6520.332556,3659,192,0.196629,0.2578
32252000,7277.913541,3659,200,0.472179,0.3594
32254000,6525.843541,3656,194,0.406733,0.2578
32256000,8627.547637,3640,201,0.455648,0.2578
32258000,8608.594399,3628,200,0.450709,0.3047
32260000,8999.963189,3611,203,0.364295,0.2891
32262000,6027.112714,3602,214,0.344337,0.2891
32264000,5636.636445,3622,211,0.189447,0.3281
32266000,8752.806068,3599,213,0.418232,0.2109
32268000,8482.240816,3584,211,0.531577,0.3047
32270000,8852.378419,3579,208,0.572712,0.2500
32272000,8958.619429,3573,206,0.574384,0.2812
32274000,7946.196960,3566,216,0.613053,0.3203
32276000,8352.519248,3585,220,0.703821,0.3359
32278000,7920.386201,3567,232,0.614048,0.3359
32280000,7783.961471,3581,225,0.611148,0.3047
32282000,5586.362445,3590,218,0.398246,0.1797
32284000,5471.167253,3609,204,0.382069,0.3047
32286000,5548.988972,3602,227,0.454728,0.2500
32288000,5533.242012,3587,233,0.478249,0.3203
32290000,7204.978938,3592,224,0.588231,0.2969
32292000,5109.660186,3595,225,0.148342,0.2500
32294000,5333.443832,3612,233,0.152177,0.2656
32296000,5396.294289,3631,217,0.139882,0.2422
32298000,6904.293772,3594,219,0.297086,0.2812
32300000,6693.084983,3589,221,0.515691,0.3516
32302000,6366.546099,3595,211,0.505937,0.2344
32304000,6360.873938,3603,211,0.508455,0.3125
32306000,6501.023351,3585,230,0.529104,0.3672
32308000,7533.189189,3604,219,0.498359,0.2500
32310000,5768.333153,3607,206,0.269654,0.3047
32312000,5775.909732,3607,206,0.269788,0.2344
32314000,5806.949451,3591,217,0.271318,0.2812
32316000,4954.641183,3611,203,0.286333,0.2656
32318000,4946.963038,3616,193,0.278899,0.2734
32320000,7840.664593,3614,194,0.537125,0.3047
32322000,8017.035969,3624,207,0.433991,0.2422
32324000,8203.428725,3599,220,0.421215,0.3047
32326000,7330.665319,3596,205,0.486218,0.2656
32328000,7314.247741,3604,219,0.492472,0.2422
32330000,7332.545266,3608,224,0.488309,0.2188
32332000,6552.833663,3594,218,0.406712,0.3203
32334000,7372.480042,3572,212,0.526451,0.2578
32336000,6717.459253,3550,232,0.418952,0.2891
32338000,6651.008558,3521,234,0.414216,0.3438
32340000,6649.499551,3525,245,0.408936,0.3047
32342000,7588.864363,3500,254,0.686681,0.3516
32344000,7511.493097,3557,239,0.676336,0.2969
32346000,8630.935454,3532,255,0.721866,0.2812
32348000,8882.010569,3537,265,0.702686,0.2656
32350000,8980.026675,3571,241,0.709247,0.2266
32352000,6994.639571,3571,238,0.599629,0.2656
32354000,7751.215254,3572,235,0.603718,0.3828
32356000,7681.669419,3533,268,0.598063,0.3672
32358000,6087.762650,3565,241,0.605797,0.2812
32360000,5886.748681,3597,219,0.529018,0.3594
32362000,6120.761875,3572,222,0.506442,0.3281
32364000,5809.640560,3573,242,0.521759,0.3516
32366000,5754.304125,3575,220,0.526473,0.3203
32368000,4543.947076,3575,224,0.041751,0.2656
32370000,4558.581181,3563,230,0.041440,0.2969
32372000,4637.346533,3564,223,0.066312,0.2969
32374000,9046.011173,3575,215,0.628247,0.2812
32376000,7975.059975,3593,206,0.681366,0.2812
32378000,7997.110887,3590,209,0.642237,0.2969
32380000,6718.927372,3604,208,0.638361,0.2422
32382000,4943.934208,3599,203,0.084114,0.2500
32384000,4957.376010,3574,203,0.086352,0.3359
32386000,4408.449032,3545,223,0.041936,0.3828
32388000,4498.590569,3567,213,0.053108,0.2969
32390000,4412.288930,3577,217,0.044460,0.3281
32392000,5595.080747,3565,224,0.441732,0.2969
32394000,5624.862104,3579,203,0.450233,0.2891
32396000,5637.178216,3566,223,0.451359,0.3281
32398000,5570.246117,3535,240,0.443038,0.3047
32400000,5368.317068,3497,235,0.467946,0.2969
32402000,5323.497371,3497,256,0.473173,0.2891
32404000,5303.906585,3519,246,0.458159,0.2891
32406000,5343.784316,3572,214,0.463309,0.3906
32408000,3936.201814,3570,211,0.013978,0.3281
32410000,5411.020111,3526,217,0.472073,0.2500
32412000,5720.165786,3529,205,0.245294,0.2812
32414000,5719.926873,3513,199,0.243853,0.3438
32416000,5733.146972,3511,215,0.244262,0.3047
32418000,6990.155935,3523,215,0.367203,0.3203
32420000,4438.847279,3531,238,0.063256,0.3359
32422000,5991.443971,3552,231,0.381762,0.3047
32424000,5701.444344,3536,249,0.094675,0.3359
32426000,5790.006695,3521,244,0.096294,0.2734
32428000,5769.971989,3526,227,0.096140,0.2812
32430000,5856.778089,3531,225,0.404137,0.2812
32432000,5461.814170,3524,216,0.172610,0.2734
32434000,5470.372770,3537,203,0.174169,0.2969
32436000,6025.369444,3523,216,0.239691,0.3047
32438000,6477.677499,3538,212,0.467674,0.3125
32440000,4765.735306,3501,229,0.296431,0.3125
32442000,5372.585836,3540,217,0.194664,0.3203
32444000,5248.038609,3547,217,0.432271,0.2656
32446000,5581.408616,3543,223,0.472790,0.2734
32448000,6047.565665,3554,223,0.348114,0.3047
32450000,6012.325148,3552,209,0.349898,0.3672
32452000,5993.655012,3554,218,0.327645,0.2344
32454000,5978.497671,3554,214,0.316898,0.2891
32456000,5715.347622,3553,213,0.208947,0.3672
32458000,5619.243955,3579,192,0.215910,0.2969
32460000,4766.205889,3589,179,0.119524,0.2500
32462000,4896.581773,3540,218,0.130618,0.2891
32464000,4758.757436,3563,210,0.086638,0.2422
32466000,4807.159683,3562,231,0.165014,0.3203
32468000,4695.109103,3543,220,0.155667,0.3047
32470000,5362.578516,3520,242,0.192957,0.3359
32472000,5490.997461,3556,225,0.184530,0.3047
32474000,5591.729239,3568,222,0.159922,0.2578
32476000,4566.247834,3572,213,0.438895,0.3047
32478000,4691.484211,3559,220,0.366155,0.3047
32480000,5017.759383,3556,222,0.437314,0.3203
32482000,7465.353463,3549,227,0.788655,0.3047
32484000,6896.860140,3556,225,0.799394,0.3125
32486000,5774.957147,3538,239,0.149395,0.3281
32488000,11975.056694,3539,231,0.893375,0.3672
32490000,9916.254071,3537,214,0.576711,0.3125
32492000,9846.141976,3546,223,0.569285,0.3203
32494000,9845.290927,3560,222,0.555508,0.3125
32496000,9149.598558,3557,236,0.438167,0.3438
32498000,9163.443654,3565,229,0.436155,0.2734
32500000,8819.363787,3562,224,0.658339,0.2578
32502000,8989.136381,3580,212,0.386113,0.3047
32504000,9981.003005,3559,219,0.718380,0.2734
32506000,9808.542409,3549,231,0.605308,0.3672
32508000,10056.041389,3548,222,0.561359,0.2891
32510000,10113.068122,3523,225,0.526803,0.2578
32512000,11634.964475,3544,214,0.712129,0.2891
32514000,12183.782570,3556,225,0.868120,0.2891
32516000,9895.671962,3566,225,0.769544,0.2969
32518000,9571.898351,3558,221,0.680419,0.2344
32520000,11012.590033,3567,222,0.812349,0.2812
32522000,8820.404066,3571,212,0.437597,0.2969
32524000,7931.411643,3569,199,0.412221,0.3516
32526000,9597.157804,3559,218,0.501013,0.2812
32528000,11027.456204,3567,226,0.560101,0.2812
32530000,9228.485661,3599,217,0.588292,0.3203
32532000,6395.952648,3607,210,0.293941,0.2891
32534000,6684.366010,3599,210,0.362879,0.3047
32536000,6726.589892,3581,208,0.315732,0.3516
32538000,6324.199070,3569,200,0.185619,0.2734
32540000,6315.197226,3577,220,0.192457,0.3750
32542000,6413.630887,3578,209,0.332314,0.2812
32544000,6513.337097,3580,215,0.321666,0.2344
32546000,6180.971353,3594,231,0.331298,0.3203
32548000,6121.971458,3593,212,0.494829,0.2656
32550000,6137.628334,3585,216,0.492729,0.3125
32552000,5405.235434,3591,228,0.370425,0.2812
32554000,5417.051577,3600,231,0.378353,0.3516
32556000,5776.915795,3592,218,0.133628,0.2734
32558000,5768.534475,3586,228,0.133860,0.3125
32560000,5794.672414,3578,243,0.108167,0.3047
32562000,5942.162544,3591,214,0.238593,0.3750
32564000,4458.805853,3570,217,0.123776,0.2656
32566000,4447.811904,3550,207,0.122404,0.2344
32568000,4218.959233,3575,219,0.004343,0.2734
32570000,4428.144409,3592,207,0.001846,0.2500
32572000,4432.574910,3587,213,0.002015,0.4062
32574000,4232.600295,3586,214,0.147839,0.3203
32576000,3675.078011,3606,208,0.014512,0.2500
32578000,4146.159023,3620,217,0.019522,0.2031
32580000,4240.626506,3622,217,0.018445,0.2578
32582000,4092.178963,3638,207,0.018145,0.2891
32584000,3566.205519,3623,210,0.017961,0.2812
32586000,3604.235715,3602,222,0.019347,0.2188
32588000,3841.663170,3602,214,0.041853,0.3281
32590000,3769.562169,3582,224,0.027108,0.2969
32592000,3854.768007,3593,230,0.276079,0.2656
32594000,3589.648153,3606,203,0.209478,0.1797
32596000,3620.475206,3610,197,0.226156,0.2969
32598000,3698.406045,3624,191,0.220105,0.2656
32600000,3804.226819,3587,211,0.264386,0.3047
32602000,3781.779066,3592,209,0.115378,0.2812
32604000,3777.846599,3592,222,0.112260,0.3203
32606000,3724.311961,3557,228,0.108108,0.4141
32608000,3684.921956,3579,227,0.114620,0.2578
32610000,3598.817096,3550,241,0.102885,0.2656
32612000,3436.453324,3543,246,0.106096,0.3203
32614000,3454.537728,3544,255,0.077268,0.3125
32616000,3460.340200,3592,231,0.078726,0.3203
32618000,3448.673469,3569,223,0.080729,0.3359
32620000,3449.226458,3573,219,0.080078,0.2812
32622000,3323.561421,3582,233,0.159170,0.3594
32624000,3569.074297,3591,214,0.099870,0.3594
32626000,3551.562732,3589,217,0.101722,0.2891
32628000,3697.978314,3608,195,0.123654,0.3203
32630000,3746.178184,3589,199,0.124378,0.2812
32632000,3788.485101,3584,200,0.116910,0.3203
32634000,3778.424753,3599,191,0.122008,0.2188
32636000,3738.363475,3600,189,0.177670,0.3203
32638000,3748.943226,3596,202,0.182241,0.2734
32640000,3748.537674,3608,208,0.182011,0.2734
32642000,3805.162954,3611,192,0.200371,0.3516
32644000,3801.392482,3623,207,0.195466,0.2578
32646000,3774.125304,3609,216,0.177587,0.2734
32648000,3858.491506,3602,215,0.187471,0.3359
32650000,3907.502927,3601,217,0.185814,0.3125
32652000,3911.979431,3587,200,0.172775,0.2734
32654000,3885.369957,3590,217,0.176671,0.3906
32656000,3910.722472,3566,238,0.176347,0.3594
32658000,3884.374976,3544,247,0.167661,0.3594
32660000,3883.269290,3559,239,0.171851,0.2969
32662000,3837.820435,3578,222,0.157449,0.2812
32664000,3868.603045,3583,228,0.180700,0.2422
32666000,3856.853728,3561,222,0.180470,0.3125
32668000,3098.987758,3550,215,0.035589,0.4141
32670000,3032.369641,3546,217,0.031459,0.3359
32672000,3892.362886,3565,226,0.191278,0.3594
32674000,4976.678142,3539,234,0.339124,0.3359
32676000,4816.245763,3548,212,0.165607,0.2891
32678000,4126.262931,3545,195,0.233415,0.2188
32680000,4877.534607,3543,202,0.165713,0.3672
32682000,5497.746563,3538,212,0.478439,0.3359
32684000,4675.135182,3532,218,0.227370,0.3672
32686000,4983.649515,3534,221,0.383826,0.2891
32688000,5347.507168,3549,201,0.413810,0.2578
32690000,5543.015403,3569,202,0.283530,0.2500
32692000,5368.318128,3544,218,0.266320,0.3516
32694000,5361.493992,3563,232,0.267224,0.3125
32696000,5410.194229,3561,221,0.283534,0.3125
32698000,5211.264049,3545,215,0.266275,0.3281
32700000,5207.958133,3545,223,0.241892,0.2891
32702000,5173.880744,3588,212,0.478688,0.2656
32704000,5248.717918,3579,228,0.483416,0.3281
32706000,5220.702686,3581,221,0.483789,0.3906
32708000,5162.578595,3574,218,0.524849,0.2422
32710000,5151.281123,3610,204,0.519567,0.2500
32712000,5194.697901,3635,205,0.510972,0.3047
32714000,5219.679949,3603,215,0.514157,0.2188
32716000,6734.590734,3610,214,0.822109,0.2266
32718000,6685.291955,3604,219,0.828381,0.3125
32720000,6606.883764,3627,194,0.824728,0.2344
32722000,6455.471364,3617,195,0.780285,0.2266
32724000,6812.635048,3608,209,0.805765,0.2812
32726000,6804.374340,3585,224,0.805022,0.2422
32728000,6710.657747,3603,215,0.794096,0.3203
32730000,6317.014744,3600,231,0.760482,0.2266
32732000,6126.039871,3585,217,0.752159,0.2578
32734000,6148.900005,3585,221,0.753290,0.2656
32736000,7478.128634,3584,220,0.824071,0.2656
32738000,4714.644673,3598,229,0.156727,0.1797
32740000,4907.484085,3601,215,0.556314,0.2422
32742000,5234.977901,3579,224,0.576294,0.3125
32744000,6482.462769,3596,228,0.742880,0.3047
32746000,5287.639239,3591,235,0.285950,0.3203
32748000,5216.903751,3566,248,0.442313,0.3203
32750000,5246.841496,3584,233,0.441873,0.2578
32752000,5074.440738,3601,230,0.351625,0.2969
32754000,5035.859932,3584,227,0.243310,0.3203
32756000,5033.735995,3615,210,0.240717,0.2344
32758000,5069.806091,3581,218,0.225853,0.3281
32760000,5114.868927,3570,241,0.223581,0.2812
32762000,5190.528309,3594,230,0.327115,0.3438
32764000,4707.776320,3599,238,0.234178,0.2812
32766000,4401.486368,3583,251,0.109732,0.3594
32768000,3423.712641,3580,247,0.332793,0.3125
32770000,3521.261226,3576,259,0.381578,0.3281
32772000,4393.916511,3601,247,0.119437,0.2500
32774000,3465.615342,3615,245,0.340537,0.2344
32776000,4945.908742,3611,231,0.491474,0.2656
32778000,4792.247537,3619,215,0.449043,0.2812
32780000,4967.932380,3610,220,0.345449,0.2812
32782000,4852.040294,3597,203,0.424657,0.3438
32784000,3302.284072,3595,208,0.294134,0.2578
32786000,3324.055431,3609,214,0.297147,0.2031
32788000,2784.002733,3620,210,0.167748,0.2734
32790000,4012.765692,3606,225,0.016724,0.3047
32792000,4011.717846,3615,227,0.017974,0.3203
32794000,4065.284878,3602,220,0.016908,0.4297
32796000,4608.538761,3633,214,0.017090,0.3359
32798000,4519.247307,3632,218,0.060455,0.2734
32800000,6297.210897,3650,206,0.754338,0.2422
32802000,4915.761946,3633,208,0.648730,0.2344
32804000,4849.800658,3621,212,0.651743,0.2656
32806000,6230.150345,3617,222,0.764122,0.2578
32808000,6277.623900,3636,202,0.805912,0.2812
32810000,6189.087964,3631,188,0.800598,0.2500
32812000,4837.283553,3617,197,0.434088,0.2500
32814000,4398.899891,3615,204,0.426566,0.2734
32816000,5753.814162,3596,203,0.650064,0.3281
32818000,5950.518908,3600,205,0.653652,0.3125
32820000,5910.453285,3587,227,0.648007,0.2812
32822000,4025.878371,3595,199,0.199952,0.2969
32824000,4402.301246,3620,191,0.484005,0.3672
32826000,4369.988829,3578,231,0.511298,0.2734
32828000,4343.897063,3597,206,0.513104,0.3125
32830000,4331.464771,3608,201,0.479708,0.3359
32832000,4398.713031,3621,215,0.489258,0.2891
32834000,4254.524528,3632,212,0.481073,0.2812
32836000,4197.509884,3641,215,0.487992,0.2422
32838000,4192.966641,3638,217,0.478419,0.3125
32840000,4402.651775,3625,205,0.517100,0.3125
32842000,4445.924401,3577,225,0.517586,0.2500
32844000,4398.567345,3573,222,0.512330,0.2578
32846000,4479.135786,3566,234,0.531470,0.3047
32848000,4390.422108,3581,226,0.528645,0.2969
32850000,3906.830130,3561,240,0.387554,0.3359
32852000,3834.286829,3591,232,0.385285,0.2188
32854000,3895.644032,3612,233,0.377876,0.3047
32856000,3919.691938,3616,232,0.391760,0.3438
32858000,3924.317333,3592,244,0.426306,0.3906
32860000,3853.938398,3603,216,0.415543,0.2422
32862000,3841.120229,3599,219,0.414900,0.2969
32864000,3965.608222,3619,219,0.431011,0.2812
32866000,3917.040309,3621,218,0.479302,0.2812
32868000,3872.287597,3620,227,0.482591,0.3438
32870000,4083.548057,3591,243,0.524480,0.3516
32872000,3877.043866,3620,214,0.340668,0.2188
32874000,3771.908674,3599,228,0.319140,0.2812
32876000,3812.991431,3625,227,0.294231,0.2656
32878000,3807.773642,3644,208,0.289735,0.3281
32880000,3749.913078,3631,220,0.313862,0.2578
32882000,3749.864800,3635,228,0.214505,0.3750
32884000,4663.301578,3627,220,0.267480,0.3516
32886000,2906.886107,3621,218,0.028036,0.2500
32888000,3187.861460,3608,222,0.014434,0.3203
32890000,3275.361254,3603,220,0.021297,0.2266
32892000,3284.374927,3612,216,0.032482,0.2578
32894000,3270.654131,3623,206,0.042018,0.3203
32896000,4367.323410,3618,195,0.466855,0.2891
32898000,4415.838874,3629,185,0.468628,0.2734
32900000,4435.504833,3638,181,0.467449,0.2500
32902000,4723.113860,3607,202,0.531551,0.2734
32904000,4588.008622,3601,192,0.552409,0.2891
32906000,4515.410306,3571,206,0.539405,0.2344
32908000,4702.979032,3586,193,0.598687,0.2891
32910000,3434.451706,3595,190,0.277489,0.3281
32912000,3445.085671,3607,194,0.270057,0.2422
32914000,3561.870519,3562,242,0.280238,0.2422
32916000,3603.856864,3587,245,0.290632,0.2734
32918000,3680.302611,3572,245,0.303528,0.3672
32920000,3572.602426,3574,210,0.290486,0.2969
32922000,3580.182451,3559,225,0.274529,0.2500
32924000,3648.964643,3554,237,0.287284,0.3906
32926000,4828.335173,3554,246,0.593896,0.3047
32928000,4700.669937,3559,250,0.560581,0.3281
32930000,4701.902046,3540,252,0.560250,0.3359
32932000,4672.715991,3527,256,0.558850,0.3281
32934000,4359.693806,3542,241,0.369880,0.2344
32936000,4927.193392,3582,221,0.589190,0.3359
32938000,4931.822351,3547,225,0.589947,0.2656
32940000,4811.409406,3568,223,0.622972,0.2578
32942000,4806.933386,3574,232,0.636860,0.2734
32944000,5053.187022,3540,240,0.659435,0.3438
32946000,4836.272858,3547,236,0.473693,0.3281
32948000,5008.155397,3555,211,0.493323,0.2500
32950000,3959.209096,3573,217,0.484336,0.2812
32952000,3815.519667,3595,205,0.519736,0.2500
32954000,3818.087086,3569,209,0.539784,0.2344
32956000,3812.081919,3551,211,0.512001,0.2500
32958000,3711.670412,3555,213,0.401640,0.2422
32960000,4051.888851,3548,228,0.407479,0.2578
32962000,4067.937319,3561,232,0.401688,0.3281
32964000,4081.333700,3576,220,0.396828,0.3203
32966000,4199.430901,3585,229,0.435257,0.2578
32968000,3977.087153,3588,243,0.420735,0.3281
32970000,3908.609351,3603,223,0.427654,0.3203
32972000,3911.926208,3608,216,0.425075,0.2109
32974000,3884.236438,3613,229,0.432923,0.3047
32976000,3802.765917,3602,228,0.443504,0.3359
32978000,3830.221276,3574,239,0.440272,0.3047
32980000,4308.194540,3560,240,0.516964,0.2031
32982000,4303.465406,3563,221,0.514644,0.2500
32984000,3814.143296,3554,219,0.245158,0.2578
32986000,3410.797977,3566,219,0.278178,0.3125
32988000,3400.766097,3538,223,0.276595,0.2891
32990000,3394.856855,3558,216,0.272416,0.2344
32992000,3409.862720,3573,194,0.277930,0.2656
32994000,3788.792491,3560,209,0.271254,0.2422
32996000,3658.105767,3588,202,0.282167,0.3203
32998000,3518.496481,3568,218,0.185284,0.3047
33000000,3562.666010,3593,211,0.180974,0.2969
33002000,4013.578439,3602,218,0.038304,0.2656
33004000,3733.609242,3587,199,0.097594,0.2891
33006000,3664.990728,3601,195,0.093842,0.2656
33008000,4221.932042,3618,196,0.097339,0.3047
33010000,3521.713076,3588,202,0.128534,0.2812
33012000,3581.582883,3552,227,0.114297,0.3750
33014000,3630.216415,3584,209,0.185080,0.3125
33016000,3639.871960,3596,214,0.185571,0.2109
33018000,3636.234615,3620,211,0.190037,0.3047
33020000,3692.845586,3620,219,0.146057,0.2734
33022000,3688.285038,3625,215,0.145441,0.2969
33024000,3727.058535,3616,209,0.163308,0.2266
33026000,3446.120299,3597,201,0.107493,0.2812
33028000,3566.280113,3574,220,0.121846,0.3438
33030000,3872.361348,3567,236,0.062908,0.2344
33032000,4664.428466,3567,242,0.299801,0.2578
33034000,3510.498119,3579,243,0.036640,0.1953
33036000,3552.288869,3595,226,0.043131,0.3047
33038000,3487.468026,3593,223,0.060672,0.3203
33040000,3225.420674,3617,232,0.077968,0.2812
33042000,3235.451891,3598,234,0.072170,0.2656
33044000,3553.472917,3612,223,0.056747,0.2812
33046000,3570.587615,3567,223,0.052932,0.3125
33048000,3499.576299,3553,233,0.047957,0.2344
33050000,4786.418136,3579,221,0.436409,0.2812
33052000,4842.658613,3596,219,0.429345,0.2734
33054000,5307.416840,3555,218,0.519162,0.2344
33056000,6058.938925,3547,219,0.801356,0.3359
33058000,5382.011431,3584,191,0.305076,0.2500
33060000,5390.758613,3588,195,0.302199,0.2344
33062000,5354.389939,3605,203,0.280581,0.2656
33064000,5269.166131,3587,210,0.282349,0.2812
33066000,5559.636753,3588,219,0.696701,0.3516
33068000,6533.673170,3617,213,0.782449,0.2422
33070000,6604.195719,3616,198,0.783476,0.3047
33072000,6621.794636,3637,186,0.778830,0.3125
33074000,4820.102126,3647,192,0.497125,0.3047
33076000,4828.659194,3645,197,0.497921,0.2812
33078000,4786.096616,3667,174,0.492443,0.2344
33080000,4867.592362,3634,175,0.504226,0.2266
33082000,4410.739497,3627,174,0.546261,0.3125
33084000,4448.687101,3625,168,0.552653,0.3047
33086000,4931.981492,3638,171,0.570742,0.2969
33088000,4842.384732,3612,185,0.448710,0.2422
33090000,4733.751328,3624,203,0.600568,0.2500
33092000,5733.482991,3621,204,0.616271,0.2969
33094000,5810.158978,3648,189,0.626868,0.2031
33096000,5801.782762,3627,194,0.634267,0.2891
33098000,5841.212974,3629,198,0.647639,0.2266
33100000,5687.226628,3632,194,0.626965,0.2422
33102000,5721.833202,3606,212,0.626484,0.2812
33104000,5475.601864,3596,210,0.354511,0.2734
33106000,6612.014478,3575,218,0.530057,0.3047
33108000,4142.110986,3568,240,0.152246,0.3516
33110000,4708.059234,3536,229,0.628945,0.3359
33112000,4696.861631,3546,225,0.637413,0.2656
33114000,4662.776508,3527,212,0.606059,0.3281
33116000,3253.612715,3554,202,0.320848,0.2969
33118000,3599.784539,3559,217,0.358129,0.3125
33120000,4401.834092,3560,209,0.584076,0.2188
33122000,4358.668820,3545,229,0.578070,0.2344
33124000,4401.170804,3565,211,0.562074,0.3359
33126000,4364.659044,3564,222,0.562164,0.2734
33128000,4774.571877,3574,207,0.532385,0.2734
33130000,4432.869729,3578,209,0.593425,0.3125
33132000,4442.456967,3572,200,0.596139,0.2734
33134000,4526.887042,3557,199,0.544666,0.3125
33136000,4492.153703,3559,211,0.544240,0.2891
33138000,4475.457785,3553,214,0.539299,0.2969
33140000,4420.349857,3550,221,0.593498,0.2109
33142000,4944.587330,3569,223,0.699134,0.2500
33144000,5040.112194,3578,227,0.671981,0.2891
33146000,4619.344251,3564,225,0.499343,0.2891
33148000,4722.126999,3555,211,0.548601,0.2969
33150000,4751.490007,3557,205,0.549163,0.2812
33152000,4735.417564,3536,221,0.546464,0.3359
33154000,4728.270474,3570,215,0.552526,0.3516
33156000,5196.660177,3588,213,0.262765,0.3438
33158000,5230.680644,3563,234,0.289804,0.2969
33160000,5662.967669,3583,210,0.274123,0.3438
33162000,6549.630181,3550,229,0.740923,0.2969
33164000,6482.871441,3532,241,0.740366,0.3984
33166000,4600.985627,3526,235,0.108463,0.2500
33168000,4142.978986,3539,223,0.216294,0.3047
33170000,4151.717467,3548,214,0.221078,0.2500
33172000,7605.779501,3543,225,0.782048,0.2578
33174000,6713.004404,3532,234,0.553375,0.2656
33176000,6717.667093,3561,219,0.539121,0.3281
33178000,6730.928802,3558,213,0.534762,0.3281
33180000,6645.472340,3577,198,0.540001,0.3125
33182000,6622.727549,3591,206,0.539188,0.3125
33184000,6786.321077,3583,218,0.682016,0.2734
33186000,4002.489068,3550,221,0.013659,0.2891
33188000,6094.932485,3517,243,0.375250,0.3438
33190000,6112.882585,3531,231,0.350383,0.2734
33192000,6105.467559,3543,214,0.353256,0.2969
33194000,6114.329906,3554,215,0.349865,0.3203
33196000,6157.279772,3558,222,0.346786,0.2031
33198000,4112.940573,3567,230,0.231903,0.3047
33200000,5709.149163,3559,236,0.626442,0.2891
33202000,5735.640822,3533,240,0.635461,0.3438
33204000,4744.618604,3531,255,0.490919,0.3594
33206000,4779.767836,3548,228,0.508325,0.2891
33208000,4769.763690,3566,217,0.507927,0.2734
33210000,4555.870450,3581,228,0.294784,0.2969
33212000,4504.916454,3581,202,0.365030,0.2422
33214000,4464.024379,3594,215,0.354467,0.3203
33216000,4159.593214,3603,217,0.337482,0.2969
33218000,4105.861033,3594,230,0.347486,0.2891
33220000,4192.425626,3648,208,0.366091,0.2578
33222000,4187.433178,3631,210,0.365816,0.2422
33224000,4146.024614,3638,185,0.315400,0.2266
33226000,4567.498474,3635,189,0.372011,0.3047
33228000,4657.060648,3635,177,0.260669,0.2109
33230000,3857.360308,3603,200,0.151907,0.2500
33232000,2939.278370,3608,182,0.013794,0.2344
33234000,3034.424090,3567,205,0.043372,0.2656
33236000,3009.905989,3546,218,0.046276,0.3438
33238000,3046.989410,3544,207,0.044956,0.2500
33240000,4547.559048,3548,214,0.217191,0.2656
33242000,5233.841171,3554,212,0.023699,0.2656
33244000,4864.571221,3582,207,0.140457,0.3125
33246000,4312.614420,3599,206,0.137282,0.2969
33248000,4128.180332,3596,203,0.265767,0.3438
33250000,4150.816331,3568,215,0.283179,0.3281
33252000,4311.546531,3577,215,0.219530,0.3359
33254000,4330.655643,3597,198,0.225983,0.4141
33256000,4400.644908,3597,206,0.310860,0.2734
33258000,4552.793089,3623,199,0.301849,0.2812
33260000,4552.306461,3614,218,0.277661,0.3203
33262000,5128.752590,3574,223,0.252076,0.2969
33264000,5714.269279,3587,213,0.494152,0.2891
33266000,5631.445145,3604,195,0.244008,0.2891
33268000,6523.207777,3595,202,0.278672,0.2578
33270000,6612.454741,3574,218,0.507463,0.2734
33272000,5451.935692,3565,224,0.461648,0.2656
33274000,4935.019641,3561,226,0.436599,0.2891
33276000,4943.948620,3544,228,0.442566,0.3438
33278000,4724.130453,3554,217,0.435290,0.2500
33280000,4333.203634,3561,216,0.271318,0.2734
33282000,4432.165267,3551,230,0.132079,0.3047
33284000,4414.921194,3522,232,0.134456,0.2891
33286000,4257.151592,3525,230,0.172919,0.3359
33288000,4413.155189,3558,210,0.425967,0.3203
33290000,4406.288212,3556,217,0.416593,0.3203
33292000,4455.865977,3558,208,0.282534,0.2812
33294000,4456.386447,3579,214,0.288567,0.3203
33296000,4513.282343,3598,205,0.250834,0.3203
33298000,4543.203439,3570,212,0.251817,0.2812
33300000,4390.576239,3557,214,0.349931,0.2422
33302000,4394.591097,3552,220,0.349989,0.2344
33304000,4476.838273,3553,231,0.341073,0.2812
33306000,4754.689368,3544,234,0.335632,0.2578
33308000,3872.901290,3545,222,0.149688,0.3750
33310000,3855.471273,3563,219,0.148806,0.2891
33312000,3939.298391,3572,212,0.201342,0.3281
33314000,4117.187222,3559,222,0.210675,0.2266
33316000,4073.613828,3557,205,0.213168,0.3594
33318000,4923.914724,3580,226,0.032824,0.2734
33320000,4618.528701,3578,215,0.338136,0.2500
33322000,4717.932009,3567,215,0.351114,0.2734
33324000,4830.377254,3578,213,0.289062,0.2969
33326000,4926.462674,3601,220,0.125466,0.3594
33328000,5554.318228,3598,217,0.384029,0.2422
33330000,5598.440351,3595,215,0.475125,0.3125
33332000,5594.168835,3580,224,0.336017,0.3672
33334000,4604.504060,3579,233,0.034819,0.2500
33336000,4645.522694,3555,228,0.033380,0.2891
33338000,5537.367229,3588,228,0.196141,0.2812
33340000,5472.233141,3611,213,0.300675,0.3203
33342000,4476.868660,3575,225,0.294667,0.2500
33344000,5134.671444,3594,226,0.171175,0.3594
33346000,5171.571459,3564,244,0.169403,0.2812
33348000,5288.236289,3586,209,0.158446,0.2891
33350000,5289.190658,3597,219,0.208552,0.3281
33352000,5534.382661,3582,219,0.338355,0.2500
33354000,5634.176611,3586,225,0.425897,0.3281
33356000,5793.207636,3589,218,0.477225,0.2812
33358000,5868.100657,3586,216,0.522694,0.2031
33360000,5862.113539,3583,216,0.538498,0.2344
33362000,5440.709093,3606,205,0.540758,0.2344
33364000,5549.284530,3615,211,0.552499,0.2656
33366000,5466.631741,3623,214,0.540347,0.3438
33368000,5253.182342,3604,212,0.601130,0.3281
33370000,5194.704179,3602,230,0.596798,0.2266
33372000,5190.186050,3606,215,0.647103,0.3281
33374000,5332.995582,3604,226,0.667320,0.3281
33376000,5028.804122,3601,207,0.615952,0.2578
33378000,4979.862523,3603,203,0.612137,0.2578
33380000,5162.885919,3604,203,0.629767,0.3125
33382000,5146.271955,3590,207,0.630278,0.3047
33384000,4443.504504,3612,205,0.223365,0.2656
33386000,5427.519736,3618,217,0.647800,0.2969
33388000,5284.183539,3612,205,0.613243,0.2812
33390000,5742.407280,3597,216,0.618515,0.3281
33392000,5796.562284,3590,219,0.593974,0.2734
33394000,4140.740267,3580,218,0.133779,0.2188
33396000,4138.819431,3569,214,0.135085,0.2500
33398000,4148.304032,3556,227,0.147304,0.3047
33400000,4154.300771,3553,214,0.143468,0.3281
33402000,4856.016473,3540,221,0.353466,0.2812
33404000,3467.812764,3510,247,0.158297,0.2969
33406000,6103.170431,3537,231,0.645759,0.2656
33408000,5641.746772,3506,248,0.691794,0.3125
33410000,5462.077411,3505,248,0.638080,0.3594
33412000,5528.890805,3475,258,0.628672,0.3359
33414000,5682.534995,3517,248,0.630222,0.2969
33416000,5705.917788,3571,226,0.639463,0.3672
33418000,5171.582621,3586,217,0.399441,0.3906
33420000,5144.830019,3600,208,0.364876,0.2734
33422000,4150.141363,3569,220,0.190741,0.3125
33424000,4766.843617,3576,221,0.440893,0.2344
33426000,4942.335149,3592,218,0.408966,0.2656
33428000,4964.343994,3599,220,0.401925,0.2578
33430000,5878.595562,3594,227,0.510390,0.3047
33432000,4544.310450,3609,208,0.462848,0.2109
33434000,4679.177445,3600,219,0.417187,0.3359
33436000,4494.039866,3580,223,0.337445,0.2422
33438000,4097.623336,3575,221,0.270753,0.2422
33440000,4074.478740,3595,207,0.406070,0.2266
33442000,4081.564663,3575,225,0.407691,0.2891
33444000,4586.172618,3597,215,0.462456,0.4141
33446000,4124.784745,3583,219,0.391116,0.4062
33448000,4167.644311,3607,200,0.394560,0.2812
33450000,5357.872233,3597,212,0.454052,0.3047
33452000,5758.168561,3606,189,0.512570,0.2578
33454000,5547.321613,3621,182,0.319540,0.2656
33456000,5168.022396,3612,189,0.174009,0.3203
33458000,4681.021751,3602,198,0.088695,0.2734
33460000,4476.547050,3609,194,0.155695,0.2812
33462000,4293.065806,3624,207,0.328495,0.3047
33464000,4658.210792,3623,199,0.409217,0.2891
33466000,4630.619695,3614,214,0.408285,0.3281
33468000,5612.524744,3592,241,0.619832,0.2891
33470000,4973.483219,3587,242,0.459315,0.3203
33472000,6519.801922,3585,235,0.639377,0.2734
33474000,6345.205787,3589,239,0.648062,0.2734
33476000,6711.621543,3592,232,0.659663,0.3281
33478000,6767.415295,3603,219,0.638549,0.2500
33480000,7025.101062,3590,222,0.554709,0.2969
33482000,5325.213428,3604,204,0.512077,0.2812
33484000,5313.394594,3602,200,0.519482,0.2500
33486000,4978.561840,3628,201,0.424891,0.2656
33488000,4910.797643,3630,217,0.424700,0.3281
33490000,4495.141195,3637,218,0.415751,0.2500
33492000,4536.123012,3612,219,0.419233,0.3516
33494000,5009.410110,3608,220,0.437518,0.2578
33496000,4815.801325,3577,226,0.369767,0.2344
33498000,5092.958872,3562,221,0.494494,0.3047
33500000,5169.567799,3584,222,0.558276,0.2500
33502000,5127.667770,3589,214,0.491025,0.3516
33504000,4727.975853,3581,232,0.245035,0.2969
33506000,4308.752415,3576,241,0.312487,0.4141
33508000,4226.156625,3571,256,0.293949,0.2812
33510000,6103.925552,3553,262,0.418506,0.2734
33512000,6515.648291,3514,268,0.428982,0.3281
33514000,6522.588070,3552,253,0.455577,0.2812
33516000,6480.310859,3535,253,0.507177,0.3203
33518000,6072.401866,3541,246,0.459806,0.3125
33520000,6275.766161,3523,237,0.464933,0.3047
33522000,6258.506437,3521,244,0.480469,0.3203
33524000,4760.703743,3509,247,0.468673,0.2969
33526000,4516.796041,3534,221,0.339083,0.2656
33528000,4609.466332,3546,228,0.134734,0.2578
33530000,3283.619147,3557,223,0.027575,0.2656
33532000,3285.101290,3545,232,0.026071,0.3438
33534000,3255.418851,3554,251,0.016105,0.2891
33536000,3244.145076,3568,234,0.015302,0.2422
33538000,3293.775239,3579,228,0.027671,0.3125
33540000,3693.854848,3537,243,0.087925,0.3438
33542000,3686.818490,3498,249,0.086211,0.2734
33544000,3650.609101,3510,247,0.086662,0.2969
33546000,3591.051773,3471,231,0.091314,0.3359
33548000,3600.742818,3486,241,0.086267,0.4141
33550000,3525.331737,3507,240,0.050862,0.2500
33552000,3528.414291,3503,245,0.049144,0.3281
33554000,3151.295497,3485,257,0.024065,0.2578
33556000,5838.384066,3515,257,0.374243,0.3516
33558000,6130.828401,3528,265,0.471567,0.3203
33560000,6144.165082,3543,242,0.457388,0.2812
33562000,6108.338634,3536,241,0.452676,0.3203
33564000,6871.149306,3513,250,0.574914,0.3125
33566000,8855.933554,3540,223,0.877096,0.2734
33568000,5104.582322,3533,210,0.518816,0.3516
33570000,5108.943394,3525,224,0.524672,0.2969
33572000,4963.383477,3543,221,0.229869,0.3594
33574000,3782.412666,3545,223,0.035165,0.2734
33576000,7204.769378,3528,231,0.509310,0.3281
33578000,7218.394463,3564,225,0.707069,0.2656
33580000,7264.084814,3558,235,0.716601,0.2500
33582000,8408.055605,3554,229,0.789437,0.2734
33584000,8653.486510,3550,227,0.811937,0.3516
33586000,7891.194465,3535,250,0.722085,0.3125
33588000,5606.726515,3560,236,0.304927,0.1875
33590000,5665.260938,3565,234,0.298546,0.2969
33592000,5411.465812,3560,216,0.254863,0.2891
33594000,5858.864886,3593,212,0.414146,0.2578
33596000,6643.191905,3622,198,0.521277,0.3516
33598000,6608.499826,3619,206,0.519398,0.2891
33600000,6691.404516,3600,226,0.700675,0.3125
33602000,6838.727720,3586,223,0.747033,0.2656
33604000,5302.716685,3585,238,0.595940,0.2812
33606000,5179.963756,3572,247,0.583081,0.2969
33608000,5191.209545,3573,253,0.621265,0.3047
33610000,5319.343584,3577,238,0.623997,0.4141
33612000,5341.736462,3595,218,0.577861,0.2891
33614000,4514.053989,3593,239,0.471469,0.2656
33616000,4509.913608,3583,231,0.470093,0.3359
33618000,5272.804467,3616,226,0.526027,0.2656
33620000,5231.045175,3603,207,0.590418,0.3516
33622000,5809.368844,3593,228,0.515524,0.3438
33624000,5810.601906,3577,224,0.521277,0.3359
33626000,3204.936777,3562,230,0.128245,0.3281
33628000,5584.208964,3587,218,0.510242,0.2266
33630000,7138.018521,3605,205,0.636723,0.2656
33632000,7280.864533,3591,207,0.598053,0.2656
33634000,7163.887061,3578,208,0.598661,0.2812
33636000,7230.028046,3520,255,0.578815,0.2812
33638000,6311.010990,3517,256,0.488604,0.3125
33640000,6291.825326,3539,243,0.484576,0.3438
33642000,6020.628875,3552,250,0.510652,0.2891
33644000,5902.924660,3552,240,0.332747,0.3594
33646000,3776.759393,3565,244,0.093869,0.3125
33648000,3714.750906,3549,219,0.057468,0.2969
33650000,3707.564411,3538,213,0.058391,0.3047
33652000,3245.636576,3542,218,0.087976,0.2891
33654000,3233.300744,3528,230,0.088600,0.2812
33656000,3218.773014,3543,231,0.063793,0.3438
33658000,3220.765361,3556,200,0.062101,0.3125
33660000,3248.395512,3583,191,0.024075,0.2969
33662000,4708.749864,3554,224,0.190122,0.3125
33664000,4735.213253,3557,204,0.191496,0.2344
33666000,4827.171636,3556,215,0.218123,0.2734
33668000,4817.102732,3564,231,0.218917,0.2734
33670000,4693.040140,3563,216,0.215839,0.3047
33672000,4801.030876,3583,195,0.569902,0.3672
33674000,4689.747279,3587,209,0.558185,0.2891
33676000,4708.381077,3578,229,0.559838,0.2812
33678000,4709.905374,3573,224,0.560186,0.3672
33680000,4658.959897,3569,218,0.555890,0.2656
33682000,7032.694951,3550,237,0.785027,0.2969
33684000,7024.490374,3558,218,0.774470,0.2266
33686000,7029.603320,3573,213,0.784542,0.3281
33688000,6993.588158,3588,203,0.785658,0.3203
33690000,7577.988091,3613,180,0.773534,0.2266
33692000,6667.347835,3619,189,0.677277,0.2500
33694000,7248.012693,3580,208,0.748554,0.3203
33696000,8731.203377,3549,213,0.810826,0.3203
33698000,8266.191953,3525,236,0.730654,0.3125
33700000,8176.667709,3549,226,0.665694,0.2969
33702000,7679.101565,3529,236,0.716796,0.3438
33704000,5915.574511,3554,207,0.487068,0.3594
33706000,5358.594507,3580,201,0.458365,0.4766
33708000,4934.024337,3575,218,0.644991,0.2500
33710000,4539.628226,3567,219,0.262567,0.3047
33712000,6897.740089,3572,216,0.692982,0.3438
33714000,6909.301654,3562,220,0.694291,0.2266
33716000,8762.454233,3576,230,0.756059,0.3672
33718000,7626.103384,3594,224,0.710238,0.3047
33720000,7216.182719,3590,224,0.682663,0.3516
33722000,7212.487944,3593,203,0.681139,0.3281
33724000,7182.258329,3568,202,0.686371,0.2812
33726000,7365.143882,3573,204,0.698008,0.2500
33728000,6254.816672,3571,213,0.323939,0.3125
33730000,6241.347943,3566,222,0.324316,0.2969
33732000,6188.294699,3583,214,0.323266,0.3672
33734000,6700.281306,3578,203,0.747120,0.3438
33736000,5967.193330,3564,218,0.392477,0.2578
33738000,5647.092586,3543,232,0.330706,0.2969
33740000,6463.683123,3573,222,0.729462,0.3125
33742000,6477.018631,3557,232,0.735677,0.3359
33744000,6390.808410,3537,226,0.723546,0.3125
33746000,6538.760938,3529,241,0.719828,0.2812
33748000,5286.634306,3519,249,0.675166,0.3438
33750000,5185.299707,3529,230,0.672201,0.2578
33752000,5332.953173,3527,232,0.686243,0.3672
33754000,5893.318033,3521,233,0.553461,0.3516
33756000,7164.448736,3526,221,0.809131,0.2812
33758000,7160.098524,3532,224,0.807512,0.2578
33760000,6891.502845,3534,223,0.394729,0.2031
33762000,6797.361386,3558,222,0.397239,0.2969
33764000,4882.767258,3561,222,0.227546,0.3047
33766000,4895.236504,3552,217,0.218716,0.2734
33768000,5951.232094,3571,233,0.388874,0.3281
33770000,5685.361714,3595,219,0.424510,0.2734
33772000,5500.399131,3584,221,0.403454,0.3438
33774000,5641.072419,3619,218,0.407589,0.2969
33776000,5643.010862,3610,213,0.407398,0.3125
33778000,5648.791092,3614,203,0.379811,0.2812
33780000,5486.401841,3597,194,0.185212,0.3203
33782000,4737.667255,3600,196,0.187174,0.2734
33784000,5004.217125,3602,202,0.330474,0.2578
33786000,5001.440896,3608,196,0.329607,0.2734
33788000,4967.439468,3597,213,0.374858,0.2578
33790000,4897.563472,3577,232,0.346376,0.2500
33792000,5101.121549,3576,213,0.329036,0.3359
33794000,5438.782479,3547,229,0.208049,0.2891
33796000,5131.486680,3555,236,0.395014,0.3125
33798000,5057.507549,3582,209,0.423204,0.2578
33800000,7636.209729,3575,230,0.487632,0.3359
33802000,5889.368379,3576,246,0.168031,0.2891
33804000,9447.413262,3583,242,0.723766,0.2656
33806000,9596.304093,3605,229,0.658342,0.2578
33808000,9065.968398,3600,221,0.623930,0.3750
33810000,8965.005916,3616,201,0.627676,0.3516
33812000,9073.986029,3608,195,0.628760,0.3047
33814000,9694.865598,3587,206,0.763739,0.2578
33816000,10462.192119,3594,209,0.823362,0.2109
33818000,6211.612437,3611,202,0.297909,0.2578
33820000,6158.060679,3601,213,0.289562,0.3594
33822000,7327.814913,3592,227,0.423930,0.3281
33824000,5292.442786,3605,214,0.136797,0.2500
33826000,12674.527499,3626,187,0.871735,0.1797
33828000,10963.877490,3611,204,0.789262,0.2422
33830000,5336.804545,3593,208,0.339702,0.2578
33832000,5417.257379,3577,221,0.319984,0.3125
33834000,3292.051888,3580,229,0.212167,0.3359
33836000,4354.163739,3585,235,0.419628,0.3047
33838000,4342.667940,3597,215,0.425712,0.2188
33840000,4389.888155,3609,202,0.425407,0.2891
33842000,4157.675167,3587,218,0.408216,0.2578
33844000,5397.235674,3605,215,0.634832,0.2188
33846000,5317.771805,3615,202,0.644345,0.2891
33848000,4311.704366,3627,206,0.534048,0.3359
33850000,4347.164282,3622,193,0.536046,0.2734
33852000,5276.389531,3636,176,0.594231,0.3359
33854000,6386.552430,3626,196,0.720502,0.3438
33856000,7414.643398,3645,193,0.674184,0.2969
33858000,6186.621587,3620,211,0.594360,0.3047
33860000,6208.302762,3603,218,0.605876,0.3203
33862000,6258.886695,3608,231,0.597115,0.2969
33864000,6572.949242,3631,197,0.548635,0.2812
33866000,6627.737152,3629,185,0.561910,0.2969
33868000,6316.982326,3601,195,0.607585,0.2500
33870000,6389.716008,3631,195,0.556081,0.3125
33872000,6429.282119,3623,208,0.551618,0.2656
33874000,6576.833500,3608,213,0.636853,0.3672
33876000,6580.470942,3612,225,0.632521,0.2812
33878000,4576.114227,3605,213,0.367560,0.2188
33880000,6602.245102,3632,198,0.591185,0.2188
33882000,5879.088605,3612,222,0.302800,0.2891
33884000,6076.631060,3638,207,0.364313,0.2578
33886000,6243.197223,3636,197,0.390554,0.2891
33888000,6413.229519,3629,180,0.403599,0.3438
33890000,6438.840501,3603,217,0.412248,0.2734
33892000,7141.386852,3598,206,0.551088,0.2656
33894000,7177.284184,3612,222,0.555379,0.3750
33896000,7282.695660,3589,218,0.553831,0.2656
33898000,5339.943321,3625,216,0.194389,0.2656
33900000,5333.123368,3615,204,0.186037,0.3359
33902000,6454.732004,3612,201,0.410346,0.3516
33904000,5132.613589,3591,203,0.213394,0.3359
33906000,6184.173955,3590,189,0.570878,0.2812
33908000,6081.409829,3589,199,0.592722,0.3594
33910000,4463.777330,3566,203,0.336757,0.3203
33912000,4256.775724,3564,214,0.204246,0.3125
33914000,4877.684383,3582,218,0.238234,0.2422
33916000,4708.632121,3556,217,0.292251,0.2969
33918000,5786.732073,3573,210,0.630036,0.3203
33920000,5948.291757,3591,220,0.609909,0.2812
33922000,6772.041480,3590,216,0.718289,0.2422
33924000,6804.017605,3560,233,0.720370,0.3359
33926000,7115.528300,3603,223,0.422517,0.3203
33928000,6544.597514,3577,227,0.478618,0.3047
33930000,5207.703749,3590,225,0.510847,0.2578
33932000,4763.538058,3573,231,0.425429,0.2969
33934000,6798.041288,3565,232,0.431771,0.3203
33936000,7165.975385,3545,229,0.771509,0.2578
33938000,7779.263843,3547,228,0.697586,0.2891
33940000,6780.071084,3562,235,0.664588,0.2500
33942000,4746.484615,3554,242,0.357285,0.2500
33944000,6547.183464,3550,250,0.604621,0.3203
33946000,6631.167626,3551,230,0.668205,0.3125
33948000,6651.928574,3563,234,0.689639,0.2578
33950000,6690.847695,3572,216,0.713378,0.2891
33952000,6630.916279,3588,210,0.707079,0.2734
33954000,6591.686876,3591,218,0.699402,0.3125
33956000,5116.051012,3561,223,0.554156,0.2500
33958000,6172.830339,3550,213,0.568592,0.2734
33960000,5998.431983,3573,206,0.612724,0.2734
33962000,7448.865986,3570,220,0.641420,0.3203
33964000,7471.274316,3600,219,0.649802,0.2422
33966000,7016.105089,3563,240,0.548520,0.3438
33968000,6448.129328,3588,227,0.535323,0.2734
33970000,6750.359381,3595,221,0.559541,0.3516
33972000,4176.962236,3583,233,0.150640,0.3281
33974000,6865.204197,3600,209,0.553637,0.2344
33976000,6963.515104,3610,211,0.550223,0.2500
33978000,6945.171563,3592,210,0.546219,0.3125
33980000,5417.236395,3604,207,0.213284,0.3516
33982000,5469.107258,3597,214,0.225805,0.3672
33984000,5416.815562,3591,215,0.265161,0.3281
33986000,5678.052008,3587,223,0.286184,0.3125
33988000,5665.085619,3564,234,0.284884,0.2500
33990000,5806.299794,3561,232,0.263774,0.3828
33992000,8942.429624,3520,252,0.808915,0.3281
33994000,7824.814903,3543,246,0.597946,0.3281
33996000,8206.037195,3531,247,0.669968,0.3125
33998000,8253.270794,3520,264,0.667424,0.2969
34000000,7268.048184,3533,241,0.564741,0.2969
34002000,5453.011191,3535,244,0.342745,0.3672
34004000,5442.802638,3522,245,0.350641,0.2266
34006000,5597.962023,3507,240,0.386667,0.3359
34008000,5640.185936,3510,236,0.387000,0.2812
34010000,5627.950108,3515,248,0.387819,0.3203
34012000,5526.500236,3535,229,0.400124,0.3125
34014000,7260.463303,3531,228,0.781350,0.2656
34016000,7326.799559,3557,223,0.787872,0.2891
34018000,7293.497566,3558,224,0.821977,0.3125
34020000,4133.982357,3547,231,0.190719,0.3203
34022000,7000.513308,3536,229,0.782581,0.3047
34024000,7059.576319,3538,210,0.781831,0.2656
34026000,6050.580394,3541,223,0.650815,0.2422
34028000,6112.795273,3521,225,0.699805,0.2656
34030000,6027.136999,3498,231,0.645648,0.3281
34032000,5989.616433,3523,231,0.644697,0.2969
34034000,6016.658511,3531,237,0.644123,0.3516
34036000,6025.545206,3551,237,0.760363,0.2656
34038000,8007.228794,3547,224,0.802904,0.3125
34040000,8595.095322,3546,224,0.806682,0.3281
34042000,8347.158796,3518,219,0.768677,0.2969
34044000,7011.456252,3546,209,0.483598,0.2969
34046000,8195.535503,3529,218,0.756824,0.3125
34048000,9034.034869,3539,218,0.871382,0.2969
34050000,8568.493687,3541,226,0.676351,0.3047
34052000,9892.741503,3547,242,0.883956,0.3125
34054000,9768.376091,3556,241,0.866496,0.3359
34056000,7296.834953,3528,213,0.687391,0.3672
34058000,8444.681449,3540,203,0.728357,0.3203
34060000,8475.617774,3516,212,0.728602,0.3047
34062000,7936.797351,3508,232,0.708181,0.3125
34064000,10062.119739,3510,255,0.870759,0.3125
34066000,10041.857886,3498,270,0.872295,0.3984
34068000,10009.294264,3498,268,0.869950,0.3047
34070000,9063.846958,3536,250,0.796083,0.3438
34072000,7977.420044,3574,229,0.681158,0.2578
34074000,8511.612062,3578,216,0.764132,0.2422
34076000,8487.248728,3574,216,0.763689,0.3359
34078000,5584.471329,3537,228,0.267816,0.3047
34080000,7702.222304,3514,225,0.786012,0.3281
34082000,7881.740097,3516,238,0.780522,0.2734
34084000,8072.413446,3534,242,0.795945,0.3125
34086000,7043.840655,3554,240,0.562502,0.3125
34088000,8665.828263,3553,237,0.662728,0.3047
34090000,10120.520030,3542,239,0.914213,0.2969
34092000,7591.524796,3527,245,0.673345,0.3125
34094000,9158.900674,3566,221,0.872366,0.2969
34096000,4879.908385,3547,235,0.188620,0.2656
34098000,8940.085018,3556,252,0.819065,0.2812
34100000,7946.495306,3560,239,0.645932,0.2734
34102000,7128.238874,3570,237,0.521946,0.2969
34104000,7155.641765,3582,221,0.528615,0.3359
34106000,5967.824141,3584,209,0.502692,0.2422
34108000,5687.471490,3576,222,0.457705,0.3359
34110000,5692.993705,3561,230,0.449000,0.3281
34112000,6863.908346,3553,240,0.658868,0.3125
34114000,6150.336608,3536,235,0.637917,0.4141
34116000,6258.377673,3521,224,0.633826,0.3047
34118000,5565.165608,3510,220,0.470021,0.3438
34120000,7055.909876,3547,214,0.613619,0.3203
34122000,6383.373813,3522,221,0.572386,0.2969
34124000,8160.544469,3537,220,0.770122,0.3984
34126000,8160.804945,3512,237,0.768734,0.3125
34128000,6517.852790,3526,228,0.432983,0.2812
34130000,6596.325996,3518,229,0.422853,0.2500
34132000,5856.405228,3521,237,0.331818,0.3750
34134000,5610.963178,3540,219,0.619369,0.2188
34136000,5609.091283,3549,216,0.616644,0.3438
34138000,4833.131839,3543,223,0.515835,0.2812
34140000,4825.068134,3558,211,0.504268,0.2891
34142000,5135.336908,3572,215,0.494854,0.3281
34144000,5156.180060,3569,210,0.492668,0.3047
34146000,5305.978798,3589,200,0.525054,0.3359
34148000,3393.250302,3542,223,0.151112,0.2969
34150000,4670.937064,3513,233,0.534445,0.2891
34152000,4812.954095,3525,206,0.537043,0.3281
34154000,5265.081547,3510,220,0.578359,0.2812
34156000,3619.343083,3526,213,0.065018,0.2578
34158000,3714.393732,3549,209,0.016426,0.2969
34160000,6086.001757,3559,212,0.671739,0.2500
34162000,6199.490161,3588,213,0.685620,0.2969
34164000,6313.795465,3612,209,0.697157,0.2812
34166000,6327.345930,3584,220,0.714594,0.2656
34168000,5203.156742,3606,225,0.679525,0.3125
34170000,5156.507099,3609,207,0.679871,0.2969
34172000,5137.296510,3571,223,0.662688,0.2578
34174000,5132.220739,3586,220,0.659865,0.3828
34176000,4907.197452,3566,220,0.643504,0.3359
34178000,4925.147498,3577,224,0.651192,0.3047
34180000,5031.487031,3563,233,0.643499,0.3438
34182000,4909.513446,3570,240,0.559714,0.2969
34184000,4944.907612,3552,238,0.551519,0.3125
34186000,4741.253946,3572,209,0.504886,0.3203
34188000,4996.759576,3555,226,0.558522,0.3594
34190000,4558.459864,3560,221,0.333868,0.2422
34192000,6475.924432,3592,222,0.494539,0.3359
34194000,4524.410790,3570,219,0.120917,0.2812
34196000,4605.576616,3574,198,0.220802,0.2188
34198000,4696.102913,3559,208,0.059704,0.2500
34200000,4794.784671,3576,211,0.090297,0.3359
34202000,4829.140085,3563,211,0.094981,0.2969
34204000,4731.587279,3575,222,0.109907,0.2969
34206000,5019.547150,3595,219,0.165589,0.3594
34208000,4744.546522,3582,225,0.120585,0.3438
34210000,4742.606259,3591,233,0.009105,0.3125
34212000,4769.072927,3593,221,0.060773,0.2969
34214000,4302.504194,3602,240,0.078660,0.2656
34216000,4958.417810,3565,256,0.291509,0.3750
34218000,4995.797418,3563,254,0.288358,0.2578
34220000,5021.643528,3595,224,0.290722,0.3047
34222000,5135.020772,3597,223,0.348142,0.3203
34224000,5183.761143,3613,219,0.353383,0.3594
34226000,5347.158657,3619,211,0.268419,0.3281
34228000,5490.397566,3611,206,0.352765,0.2344
34230000,5445.749597,3583,211,0.128488,0.2891
34232000,5452.836388,3587,201,0.590846,0.3906
34234000,5665.018457,3592,211,0.324487,0.3438
34236000,5619.174159,3607,199,0.287772,0.2969
34238000,5154.286572,3617,196,0.326466,0.3125
34240000,5163.866765,3618,194,0.211517,0.2266
34242000,5038.627589,3605,207,0.174748,0.2812
34244000,5091.575358,3597,216,0.083078,0.2812
34246000,5086.875213,3574,232,0.092192,0.2500
34248000,5794.586814,3566,246,0.443452,0.3594
34250000,5661.133917,3579,240,0.427569,0.2344
34252000,6500.420819,3581,231,0.623812,0.2969
34254000,5140.221962,3579,242,0.383577,0.3594
34256000,5506.993945,3555,231,0.372697,0.3203
34258000,5492.946558,3575,234,0.368132,0.2734
34260000,5468.512444,3565,255,0.375296,0.2500
34262000,5254.533331,3543,244,0.360324,0.3828
34264000,5272.817388,3551,233,0.373857,0.3047
34266000,6408.618775,3564,225,0.533165,0.2656
34268000,6456.544564,3564,221,0.536118,0.3203
34270000,6390.368320,3566,226,0.538918,0.3125
34272000,6265.154888,3565,220,0.534841,0.3516
34274000,5773.881594,3574,213,0.456606,0.2500
34276000,5334.387970,3581,213,0.415778,0.2812
34278000,3927.350641,3604,188,0.213677,0.2266
34280000,4607.054709,3622,192,0.320120,0.3047
34282000,6070.541975,3637,173,0.420901,0.3203
34284000,4967.084409,3631,194,0.244236,0.3047
34286000,5000.893517,3626,194,0.277415,0.3516
34288000,4925.512080,3665,197,0.294211,0.2812
34290000,4818.022517,3643,192,0.286123,0.2812
34292000,6268.736748,3643,188,0.363476,0.2578
34294000,6243.236820,3642,178,0.361271,0.2891
34296000,6502.773705,3655,184,0.497877,0.2891
34298000,6506.057625,3636,193,0.360726,0.2500
34300000,6347.012144,3601,209,0.348782,0.2969
34302000,4518.708327,3603,228,0.123126,0.2812
34304000,4414.428663,3601,231,0.116575,0.3125
34306000,4522.117390,3618,211,0.130299,0.2812
34308000,4273.745672,3620,215,0.182015,0.2734
34310000,4243.728373,3604,224,0.119323,0.3594
34312000,4276.313438,3629,213,0.123641,0.2812
34314000,4502.258377,3630,215,0.165376,0.2734
34316000,4340.753858,3621,216,0.263697,0.3281
34318000,4379.137674,3622,218,0.251710,0.2891
34320000,4640.324697,3628,209,0.295640,0.3047
34322000,4618.113203,3615,208,0.301695,0.2422
34324000,4938.308772,3607,218,0.253180,0.2812
34326000,4181.945429,3616,214,0.146323,0.3047
34328000,4166.040017,3624,198,0.146673,0.2969
34330000,4141.773340,3601,212,0.141626,0.2891
34332000,4153.858245,3626,208,0.140130,0.3594
34334000,4082.979098,3622,197,0.138682,0.2422
34336000,4116.905968,3601,199,0.133471,0.3750
34338000,4087.750648,3614,200,0.131199,0.2500
34340000,4120.807556,3611,210,0.202884,0.3047
34342000,4171.343548,3589,222,0.140456,0.2969
34344000,4184.031407,3607,217,0.140274,0.2812
34346000,4146.050274,3612,203,0.138170,0.2266
34348000,4740.091383,3600,194,0.452886,0.2500
34350000,4827.974910,3586,209,0.478924,0.2812
34352000,4854.251096,3591,205,0.490602,0.2891
34354000,4863.382504,3613,193,0.493001,0.2734
34356000,4952.093653,3625,191,0.514595,0.2578
34358000,4324.010771,3602,207,0.220501,0.3203
34360000,4724.696058,3572,222,0.473172,0.3672
34362000,4352.288887,3567,236,0.095424,0.4297
34364000,4155.954771,3576,221,0.126853,0.3203
34366000,4177.289537,3568,218,0.119219,0.3125
34368000,4129.562929,3562,231,0.117743,0.3516
34370000,4120.546740,3551,253,0.122114,0.2812
34372000,4161.258938,3541,232,0.146030,0.2344
34374000,4188.598662,3532,233,0.143149,0.3125
34376000,4467.746576,3497,247,0.216990,0.2891
34378000,4225.876270,3550,228,0.214799,0.3203
34380000,4213.809874,3560,210,0.204943,0.3516
34382000,5107.034317,3563,229,0.313748,0.3672
34384000,5157.413442,3565,233,0.284146,0.3516
34386000,5216.533619,3558,242,0.282039,0.3516
34388000,5187.733914,3561,227,0.295108,0.2812
34390000,5320.827508,3567,218,0.276162,0.3828
34392000,5341.394529,3563,218,0.402313,0.3203
34394000,4588.406770,3546,223,0.372112,0.2812
34396000,4599.131550,3570,232,0.365220,0.3281
34398000,4620.118010,3586,228,0.415273,0.3281
34400000,4596.322725,3545,232,0.358760,0.2734
34402000,4529.581160,3538,221,0.234967,0.2891
34404000,6528.670488,3529,233,0.682189,0.2734
34406000,6345.600602,3551,220,0.684823,0.2969
34408000,5699.350141,3534,219,0.437334,0.3594
34410000,5684.794273,3559,222,0.429482,0.3672
34412000,5877.501507,3524,223,0.447154,0.3438
34414000,6474.026447,3561,197,0.464530,0.3203
34416000,6422.739001,3548,206,0.457486,0.3203
34418000,5838.866688,3570,214,0.472098,0.2031
34420000,5649.909816,3560,222,0.454868,0.2891
34422000,5671.274615,3570,217,0.453221,0.2969
34424000,5571.658367,3554,225,0.463298,0.3125
34426000,5845.135255,3559,214,0.488186,0.3359
34428000,5197.294971,3532,226,0.456250,0.3438
34430000,5248.132119,3540,227,0.455994,0.3438
34432000,5371.443833,3537,246,0.501898,0.2969
34434000,5512.063333,3543,223,0.517666,0.3438
34436000,5023.596810,3560,216,0.503342,0.2891
34438000,5015.951539,3538,252,0.450836,0.3047
34440000,4802.636243,3547,228,0.512333,0.3125
34442000,5040.947528,3536,227,0.542568,0.3047
34444000,4051.114626,3512,252,0.460491,0.3281
34446000,4211.328233,3515,240,0.439559,0.3125
34448000,4234.281560,3523,248,0.445566,0.2266
34450000,5553.046270,3500,234,0.527584,0.2969
34452000,5653.635743,3539,222,0.543041,0.3047
34454000,5914.997544,3518,238,0.590315,0.2891
34456000,5933.658207,3547,217,0.596819,0.2891
34458000,6019.676827,3534,226,0.594558,0.3125
34460000,4992.828330,3533,240,0.408643,0.3203
34462000,4775.872538,3536,238,0.387525,0.3594
34464000,4273.250664,3549,216,0.443680,0.2812
34466000,4181.822808,3560,223,0.425988,0.2891
34468000,4699.985014,3583,225,0.434369,0.3516
34470000,5494.712019,3600,224,0.557377,0.2969
34472000,6341.243483,3592,217,0.605155,0.3359
34474000,6326.974021,3597,216,0.609985,0.2656
34476000,6304.393516,3587,219,0.607090,0.3281
34478000,6379.162223,3592,207,0.604590,0.2344
34480000,6658.593524,3582,213,0.636147,0.3047
34482000,7495.536683,3577,216,0.488934,0.3281
34484000,8008.422330,3577,248,0.704008,0.2812
34486000,6764.546878,3583,234,0.563350,0.2812
34488000,5595.618485,3589,229,0.395704,0.3203
34490000,6655.868703,3576,221,0.552125,0.3516
34492000,6612.804626,3583,225,0.706502,0.2422
34494000,7850.064512,3572,226,0.715889,0.3516
34496000,7813.478150,3582,226,0.729963,0.3750
34498000,7836.583096,3593,225,0.734202,0.2812
34500000,7572.093385,3588,219,0.716487,0.3125
34502000,6875.735928,3605,229,0.649554,0.3672
34504000,7992.234488,3633,196,0.712292,0.2734
34506000,7318.629626,3631,199,0.716956,0.2812
34508000,7284.309213,3632,195,0.612326,0.2500
34510000,7452.793071,3621,207,0.635520,0.3438
34512000,7448.062092,3622,195,0.628209,0.3125
34514000,7422.241322,3637,197,0.637370,0.2031
34516000,5679.212082,3645,198,0.309825,0.2734
34518000,6925.603351,3620,216,0.676892,0.3516
34520000,7219.276206,3642,209,0.480666,0.3359
34522000,7227.573093,3643,188,0.476302,0.2031
34524000,7388.022337,3621,227,0.554403,0.2656
34526000,7500.085698,3626,209,0.571050,0.2266
34528000,7422.344128,3600,223,0.549922,0.3516
34530000,7389.557822,3615,201,0.699063,0.3438
34532000,6807.743811,3610,206,0.648334,0.3281
34534000,6519.069144,3625,204,0.637650,0.3516
34536000,6441.166311,3639,202,0.620358,0.2734
34538000,6631.879453,3619,212,0.582934,0.2969
34540000,6667.976869,3617,205,0.584329,0.2969
34542000,6675.705449,3614,205,0.622175,0.3281
34544000,6526.370595,3592,227,0.619117,0.2578
34546000,6509.092238,3609,228,0.673646,0.2344
34548000,4877.538300,3624,221,0.456904,0.2266
34550000,5339.891396,3602,217,0.498043,0.3594
34552000,4925.471903,3585,239,0.293109,0.3125
34554000,4358.668597,3629,232,0.273001,0.2734
34556000,4369.955116,3610,231,0.270349,0.2969
34558000,4404.664835,3602,225,0.291621,0.2891
34560000,4408.981594,3611,235,0.310469,0.3828
34562000,3690.756480,3643,232,0.119296,0.2578
34564000,5235.039871,3630,206,0.350614,0.3281
34566000,5530.121561,3625,206,0.492275,0.2422
34568000,5556.398126,3603,222,0.479972,0.2734
34570000,5808.110965,3614,212,0.498812,0.3594
34572000,5810.126469,3577,222,0.495725,0.3359
34574000,5615.858516,3591,228,0.450953,0.2656
34576000,5240.454517,3587,214,0.358439,0.2031
34578000,5374.714325,3608,233,0.335243,0.2422
34580000,5312.947260,3587,254,0.300645,0.3438
34582000,5324.563215,3611,222,0.302469,0.3984
34584000,7212.381689,3643,194,0.549471,0.2734
34586000,6598.208027,3633,201,0.369418,0.3047
34588000,6623.625924,3608,221,0.454491,0.3125
34590000,7059.333248,3618,198,0.612466,0.3984
34592000,5833.653052,3619,207,0.438107,0.3672
34594000,5863.107399,3609,212,0.438784,0.2891
34596000,5735.881936,3609,208,0.455685,0.2656
34598000,5107.046963,3572,226,0.248164,0.2969
34600000,4482.657098,3584,215,0.283521,0.3281
34602000,4645.946076,3580,216,0.266293,0.3203
34604000,4035.059514,3567,233,0.186573,0.2812
34606000,4032.839896,3543,213,0.184488,0.3359
34608000,4256.840586,3553,230,0.143993,0.3281
34610000,4912.755377,3544,228,0.257502,0.2422
34612000,4222.717841,3553,223,0.320482,0.3359
34614000,5927.914719,3562,213,0.447968,0.3125
34616000,5874.525074,3575,217,0.401283,0.3203
34618000,6284.901515,3593,198,0.483830,0.3047
34620000,6267.424397,3575,211,0.485858,0.2422
34622000,8116.177661,3567,219,0.716332,0.2812
34624000,6102.563412,3574,209,0.476999,0.2812
34626000,5729.753159,3592,222,0.499790,0.2266
34628000,3447.750034,3615,201,0.275174,0.2969
34630000,6633.483306,3576,215,0.530649,0.3203
34632000,6162.546087,3573,223,0.456453,0.2734
34634000,6205.780059,3571,230,0.459369,0.3047
34636000,6639.112629,3579,241,0.498560,0.3125
34638000,6742.744755,3554,232,0.660574,0.2734
34640000,4523.883756,3579,231,0.396002,0.3672
34642000,5716.924587,3582,220,0.552584,0.3203
34644000,5716.050049,3606,191,0.554342,0.3906
34646000,5685.901454,3579,218,0.551620,0.3047
34648000,5360.972917,3580,203,0.458063,0.2969
34650000,5297.936176,3596,183,0.580066,0.3203
34652000,5513.417495,3624,187,0.546372,0.2812
34654000,5488.396600,3602,208,0.549943,0.1953
34656000,5484.976744,3609,188,0.546349,0.2500
34658000,5430.414904,3642,194,0.496425,0.3281
34660000,5339.936050,3623,200,0.469443,0.2969
34662000,4604.401062,3612,202,0.360703,0.3125
34664000,4587.435501,3578,218,0.360218,0.2656
34666000,4988.299264,3593,215,0.468883,0.3281
34668000,8297.152644,3591,204,0.725164,0.2734
34670000,8376.770825,3564,218,0.723610,0.3438
34672000,8222.063133,3508,254,0.665106,0.2812
34674000,5043.212117,3532,243,0.425060,0.3281
34676000,5414.790227,3559,221,0.486062,0.2500
34678000,6620.938241,3572,219,0.665401,0.2266
34680000,6311.377101,3560,229,0.727693,0.3125
34682000,8193.245905,3547,229,0.822169,0.3516
34684000,7860.342805,3543,240,0.748291,0.2031
34686000,7917.839772,3563,226,0.748801,0.2656
34688000,7984.508272,3577,227,0.734721,0.2969
34690000,7980.259866,3582,202,0.730101,0.3203
34692000,7918.474215,3569,213,0.743986,0.2266
34694000,7752.407181,3562,234,0.718708,0.3047
34696000,4531.730120,3571,239,0.241773,0.3359
34698000,4207.326947,3572,239,0.138830,0.3047
34700000,4950.271522,3581,238,0.267670,0.2500
34702000,5933.445622,3584,230,0.502717,0.3047
34704000,7376.834999,3618,225,0.789390,0.3594
34706000,3695.794298,3641,201,0.289940,0.2969
34708000,6953.188490,3616,191,0.787183,0.2734
34710000,4904.900914,3581,217,0.555508,0.2500
34712000,4875.725919,3589,218,0.554191,0.3828
34714000,4691.014837,3615,229,0.546526,0.3672
34716000,4690.785557,3608,226,0.555678,0.3281
34718000,4713.146993,3594,226,0.557254,0.3203
34720000,4709.173003,3607,222,0.553442,0.2344
34722000,4725.244765,3615,202,0.553822,0.2422
34724000,4731.049447,3593,182,0.536864,0.3281
34726000,4939.359477,3588,182,0.611472,0.2500
34728000,4260.780724,3592,194,0.424890,0.2812
34730000,4727.550164,3574,222,0.351274,0.2422
34732000,4682.829104,3570,220,0.383914,0.3281
34734000,4825.256593,3559,226,0.417755,0.2969
34736000,4917.836491,3560,224,0.510175,0.2969
34738000,4909.016141,3549,204,0.579866,0.3047
34740000,4948.931722,3520,221,0.493199,0.2578
34742000,4813.237056,3545,239,0.508509,0.3281
34744000,4800.770985,3582,207,0.509932,0.2969
34746000,4694.626153,3614,204,0.510486,0.2891
34748000,4927.590970,3567,211,0.577168,0.2734
34750000,4928.139658,3584,213,0.587173,0.2266
34752000,4661.525383,3574,211,0.447247,0.3516
34754000,4667.572079,3588,213,0.464538,0.2812
34756000,4491.148499,3599,209,0.502612,0.2969
34758000,4423.962913,3597,200,0.497374,0.3047
34760000,4428.349168,3574,211,0.494044,0.3125
34762000,4102.445336,3557,212,0.284802,0.2578
34764000,4062.681992,3574,207,0.316040,0.2656
34766000,4085.512404,3571,208,0.327029,0.3047
34768000,4128.374648,3567,208,0.326312,0.3516
34770000,4308.071208,3573,221,0.323091,0.2656
34772000,4303.173304,3565,217,0.323292,0.2500
34774000,4935.397881,3568,227,0.437872,0.3047
34776000,4942.606026,3579,233,0.439986,0.2812
34778000,4953.900347,3591,229,0.444306,0.2734
34780000,4907.426365,3599,216,0.424291,0.2969
34782000,4913.227719,3587,227,0.416470,0.2188
34784000,4901.098063,3568,223,0.426217,0.2578
34786000,4833.150377,3579,215,0.494797,0.2266
34788000,4626.251746,3592,207,0.506026,0.3203
34790000,4826.065093,3575,228,0.493469,0.3672
34792000,4798.935669,3568,227,0.219407,0.2812
34794000,4827.955748,3559,232,0.416475,0.2422
34796000,4024.256037,3526,249,0.026244,0.3438
34798000,4103.935451,3575,225,0.031448,0.3281
34800000,4006.895203,3578,223,0.023484,0.2500
34802000,4029.480137,3575,236,0.027954,0.2500
34804000,4217.344250,3570,238,0.076548,0.2344
34806000,4283.161731,3553,256,0.106009,0.2891
34808000,4283.734290,3592,241,0.109814,0.2969
34810000,4482.685529,3591,220,0.393003,0.2656
34812000,4872.003264,3575,236,0.404740,0.3203
34814000,4839.438599,3569,240,0.402486,0.3203
34816000,4644.569899,3582,227,0.424341,0.2188
34818000,4957.640286,3584,222,0.428460,0.2812
34820000,4903.605185,3595,206,0.430791,0.2891
34822000,4621.257966,3582,209,0.431209,0.3203
34824000,4786.178403,3585,213,0.448042,0.2422
34826000,4937.283259,3584,212,0.434512,0.2500
34828000,4981.712824,3562,220,0.386484,0.3438
34830000,4810.431183,3620,205,0.428799,0.3047
34832000,4436.316954,3600,222,0.089013,0.2812
34834000,3813.091940,3598,209,0.045456,0.3359
34836000,3829.600151,3612,216,0.046564,0.3438
34838000,4258.789107,3596,205,0.114996,0.3125
34840000,3848.104821,3622,193,0.175122,0.3047
34842000,4210.407114,3587,202,0.042318,0.3125
34844000,5253.304252,3582,222,0.190685,0.3125
34846000,5464.953499,3590,236,0.168358,0.2734
34848000,6647.184275,3596,230,0.736555,0.3047
34850000,6469.760681,3614,221,0.259430,0.3125
34852000,3776.724566,3626,218,0.109828,0.2734
34854000,6874.640550,3623,211,0.625374,0.3203
34856000,6892.206165,3595,216,0.616307,0.2500
34858000,6207.129658,3580,210,0.552882,0.3047
34860000,6230.994086,3570,226,0.375069,0.2344
34862000,5638.879479,3581,224,0.474501,0.2969
34864000,5550.282359,3607,222,0.440099,0.3438
34866000,5432.149667,3614,211,0.456169,0.2969
34868000,5626.215169,3591,228,0.469067,0.3125
34870000,4471.059642,3608,225,0.288139,0.1953
34872000,5697.218082,3601,219,0.462107,0.3203
34874000,6024.240343,3602,210,0.519099,0.3125
34876000,6037.503766,3618,206,0.521369,0.2812
34878000,6891.424170,3603,204,0.531690,0.2656
34880000,6056.144821,3594,198,0.112100,0.2422
34882000,6049.528131,3583,227,0.109080,0.3203
34884000,6383.178734,3589,217,0.350183,0.3125
34886000,6445.674073,3601,213,0.344862,0.3047
34888000,5473.561461,3596,217,0.080544,0.2656
34890000,5451.290677,3598,215,0.077094,0.2578
34892000,5576.488163,3575,218,0.065500,0.3047
34894000,6325.623310,3580,223,0.147033,0.3359
34896000,5039.320910,3578,242,0.015236,0.3594
34898000,8725.823111,3593,241,0.668154,0.2656
34900000,7238.172123,3583,233,0.474158,0.2734
34902000,7305.062699,3602,231,0.470608,0.2812
34904000,7287.406017,3587,248,0.432223,0.2812
34906000,7448.724739,3590,243,0.683251,0.2734
34908000,4161.456906,3582,234,0.056025,0.2891
34910000,6733.208297,3609,216,0.542774,0.2969
34912000,6735.699317,3623,208,0.536167,0.2969
34914000,7279.256445,3620,203,0.620871,0.2422
34916000,7331.508053,3618,202,0.748241,0.2969
34918000,5559.937408,3600,201,0.469661,0.3203
34920000,5739.867607,3610,198,0.578867,0.2656
34922000,5996.494534,3615,195,0.702683,0.2578
34924000,5882.003732,3605,210,0.502494,0.2500
34926000,5890.341716,3620,195,0.491271,0.2891
34928000,5901.211692,3618,185,0.482418,0.2656
34930000,5808.112805,3606,196,0.484365,0.3438
34932000,5881.372361,3603,200,0.514280,0.3281
34934000,4681.700478,3617,200,0.051231,0.3516
34936000,5624.322741,3589,213,0.471077,0.3281
34938000,5623.499791,3586,230,0.483040,0.2734
34940000,5610.602064,3564,228,0.484214,0.3047
34942000,5290.920418,3559,233,0.346087,0.2578
34944000,4046.374661,3559,239,0.131387,0.2891
34946000,4274.449692,3560,220,0.411944,0.2812
34948000,4287.609657,3548,243,0.410511,0.2578
34950000,4303.977825,3590,226,0.413320,0.2344
34952000,4269.292742,3597,210,0.402918,0.3281
34954000,4253.554322,3582,222,0.403703,0.2891
34956000,4396.877906,3563,232,0.339593,0.2969
34958000,4475.500237,3545,235,0.351376,0.3203
34960000,5579.126831,3555,229,0.517385,0.3203
34962000,5491.989879,3567,207,0.491718,0.3359
34964000,5563.397863,3568,213,0.500184,0.2578
34966000,5192.776207,3566,227,0.601819,0.2734
34968000,5261.407876,3582,232,0.636097,0.2656
34970000,5373.636799,3588,205,0.641397,0.2812
34972000,4935.041778,3625,199,0.539050,0.2188
34974000,4896.430957,3606,206,0.534930,0.3047
34976000,4769.188708,3602,214,0.531975,0.2344
34978000,4782.776117,3601,229,0.201932,0.3281
34980000,4763.147529,3616,226,0.204840,0.2344
34982000,4813.571610,3620,195,0.278487,0.2891
34984000,4691.951708,3640,186,0.266121,0.2188
34986000,4820.497001,3626,200,0.256833,0.2422
34988000,4798.722684,3643,197,0.106561,0.2734
34990000,4698.287833,3655,201,0.068001,0.2734
34992000,4748.586533,3626,228,0.072297,0.2812
34994000,4731.181171,3625,216,0.092144,0.3125
34996000,4798.078209,3614,232,0.096545,0.2891
34998000,4585.698858,3627,219,0.097934,0.3281
35000000,4655.811915,3628,205,0.112181,0.3125
35002000,4644.670692,3634,196,0.110714,0.2812
35004000,4614.507147,3631,194,0.102919,0.2578
35006000,4415.031230,3646,180,0.075767,0.2266
35008000,4399.304032,3620,192,0.076141,0.2891
35010000,4379.348169,3609,194,0.078111,0.2734
35012000,3975.304220,3612,184,0.238108,0.3438
35014000,3972.176276,3590,197,0.233867,0.2734
35016000,3960.174833,3567,218,0.240469,0.3281
35018000,3946.963400,3551,227,0.243529,0.2578
35020000,3844.716408,3546,223,0.215979,0.2734
35022000,4065.599488,3558,224,0.246561,0.3203
35024000,4099.033108,3584,215,0.247687,0.3594
35026000,3872.240810,3594,242,0.222637,0.3281
35028000,3993.754224,3612,229,0.233843,0.3359
35030000,3962.919948,3624,204,0.228611,0.2656
35032000,3946.001751,3601,205,0.160015,0.2891
35034000,3937.813998,3594,217,0.156855,0.3359
35036000,4373.119666,3595,211,0.067650,0.3047
35038000,4360.881197,3609,204,0.065694,0.2500
35040000,4318.507326,3581,225,0.065525,0.2734
35042000,4475.312752,3587,226,0.064120,0.3047
35044000,4489.724487,3598,226,0.059867,0.3750
35046000,4514.989672,3588,224,0.035681,0.3125
35048000,4907.455016,3575,228,0.207774,0.2266
35050000,4820.248591,3590,245,0.207437,0.3359
35052000,4834.071861,3611,230,0.234727,0.2500
35054000,5031.934970,3596,225,0.204039,0.4141
35056000,5477.873546,3607,208,0.245367,0.2266
35058000,5010.646019,3593,229,0.305173,0.3516
35060000,4909.040399,3602,219,0.322068,0.3281
35062000,10711.690706,3580,226,0.815395,0.3281
35064000,10117.105706,3577,222,0.677568,0.2891
35066000,8477.133455,3582,215,0.730723,0.3516
35068000,8461.271118,3577,218,0.696229,0.2891
35070000,8374.338555,3576,225,0.761871,0.2656
35072000,5933.572578,3557,216,0.556589,0.3672
35074000,4905.066504,3574,209,0.506285,0.2812
35076000,4894.344004,3607,191,0.504224,0.2188
35078000,4924.968327,3628,199,0.485121,0.2812
35080000,5176.479119,3629,204,0.422766,0.3203
35082000,4708.700194,3618,195,0.211211,0.3516
35084000,6519.793948,3616,208,0.474831,0.3516
35086000,6988.601167,3607,228,0.524491,0.2500
35088000,6410.820090,3593,230,0.668421,0.3047
35090000,8148.875413,3601,228,0.717592,0.2578
35092000,8185.967058,3614,218,0.720587,0.3203
35094000,8305.533810,3606,224,0.697898,0.2422
35096000,8603.208923,3598,218,0.744610,0.3125
35098000,9391.756701,3591,227,0.749273,0.3359
35100000,9404.526734,3598,230,0.751760,0.3516
35102000,9457.619457,3635,213,0.741528,0.3516
35104000,9894.707989,3610,234,0.765540,0.2734
35106000,5574.271752,3591,236,0.148464,0.2891
35108000,4773.234314,3600,216,0.060765,0.3672
35110000,4112.129456,3594,231,0.116237,0.3750
35112000,4103.160994,3578,225,0.117649,0.3047
35114000,4075.191656,3570,221,0.113987,0.2422
35116000,7653.839786,3581,216,0.567262,0.2344
35118000,7895.161180,3559,218,0.534724,0.3047
35120000,7920.326407,3572,224,0.538509,0.2969
35122000,7865.227514,3560,245,0.522419,0.2734
35124000,7243.508709,3581,235,0.709949,0.3438
35126000,7598.376149,3595,215,0.734634,0.2500
35128000,7821.842919,3594,214,0.739225,0.2969
35130000,7798.235164,3586,221,0.739108,0.3438
35132000,9910.360539,3598,230,0.858095,0.3281
35134000,6754.521752,3598,228,0.708377,0.2891
35136000,6753.574779,3601,220,0.720305,0.3281
35138000,5837.150522,3593,200,0.617933,0.3203
35140000,5692.776925,3585,202,0.600799,0.2734
35142000,6547.573158,3566,223,0.716790,0.3359
35144000,6524.452357,3552,237,0.762464,0.2422
35146000,6703.724887,3560,240,0.795304,0.3828
35148000,6949.481227,3579,228,0.599922,0.2891
35150000,6840.865808,3592,220,0.582974,0.2266
35152000,5098.564371,3589,231,0.101634,0.2891
35154000,6076.223278,3601,224,0.131717,0.2812
35156000,6675.181725,3600,216,0.341469,0.3672
35158000,6687.874269,3591,218,0.321405,0.3672
35160000,5972.630258,3605,218,0.254756,0.3516
35162000,8299.839927,3603,215,0.595812,0.2891
35164000,9423.846852,3618,210,0.499949,0.2891
35166000,6254.394099,3596,218,0.110429,0.2734
35168000,6613.561604,3605,207,0.207288,0.2969
35170000,9925.424964,3599,198,0.850263,0.2812
35172000,9499.340974,3590,210,0.847801,0.3125
35174000,7569.793484,3591,219,0.355360,0.3047
35176000,8638.907440,3605,221,0.617330,0.3203
35178000,8282.625471,3616,212,0.676146,0.2969
35180000,5084.844799,3587,217,0.096317,0.3047
35182000,9548.214951,3584,215,0.743888,0.3359
35184000,9570.534819,3578,221,0.739241,0.2656
35186000,9265.878718,3610,219,0.738862,0.3047
35188000,6831.221123,3613,211,0.582315,0.2422
35190000,6843.860439,3640,198,0.587174,0.2500
35192000,6472.115765,3620,210,0.387339,0.2969
35194000,4677.842475,3594,225,0.089447,0.2891
35196000,5130.017136,3608,199,0.355761,0.2969
35198000,5336.862889,3591,213,0.349474,0.3672
35200000,5260.356325,3605,204,0.344783,0.2891
35202000,5234.306119,3595,229,0.348937,0.2266
35204000,5218.218798,3587,216,0.330400,0.2578
35206000,5291.460848,3595,216,0.339062,0.2969
35208000,5877.285977,3608,223,0.402501,0.2812
35210000,6056.035336,3592,224,0.403273,0.2344
35212000,6953.090584,3592,229,0.580082,0.2500
35214000,7632.109770,3619,217,0.766488,0.2266
35216000,7568.336262,3621,203,0.745115,0.2812
35218000,6012.248779,3621,213,0.477218,0.2891
35220000,5982.964675,3606,226,0.473120,0.2188
35222000,4748.188376,3607,220,0.280574,0.1875
35224000,4728.027808,3602,236,0.275521,0.3047
35226000,4730.494770,3617,248,0.371026,0.3281
35228000,4681.442612,3618,231,0.358489,0.2969
35230000,4155.620612,3620,220,0.267207,0.3438
35232000,4053.398330,3609,211,0.205582,0.1875
35234000,4298.682940,3631,219,0.190613,0.2734
35236000,4606.667679,3634,205,0.204000,0.2656
35238000,6050.826657,3624,205,0.374590,0.2266
35240000,5393.406884,3603,208,0.309652,0.3828
35242000,5411.382743,3607,212,0.286551,0.3672
35244000,7224.799152,3588,216,0.468853,0.3281
35246000,7185.746384,3605,202,0.453714,0.2734
35248000,7177.691092,3627,197,0.560749,0.3516
35250000,7755.112065,3610,204,0.638229,0.2969
35252000,7922.368447,3622,201,0.692263,0.2969
35254000,8729.334398,3619,212,0.696714,0.3672
35256000,4981.459440,3587,226,0.208033,0.3047
35258000,5246.699766,3614,203,0.268089,0.2344
35260000,5581.800554,3624,206,0.168937,0.2734
35262000,5577.442941,3629,209,0.172692,0.3359
35264000,6656.910727,3640,214,0.327044,0.3203
35266000,8706.617929,3639,205,0.773820,0.2812
35268000,7135.094134,3652,203,0.637002,0.2656
35270000,7191.318277,3617,222,0.639122,0.2891
35272000,7184.086816,3624,204,0.640459,0.3594
35274000,4904.274544,3586,224,0.361608,0.3047
35276000,4759.604577,3597,241,0.310911,0.2344
35278000,5573.377507,3593,236,0.494379,0.3047
35280000,6711.182513,3592,235,0.557970,0.2500
35282000,5373.334397,3561,241,0.451691,0.2812
35284000,6138.356906,3568,234,0.502025,0.2891
35286000,6166.384375,3564,245,0.521047,0.3672
35288000,6162.412154,3541,252,0.517657,0.2578
35290000,6882.416653,3543,245,0.671228,0.2266
35292000,6864.621802,3545,232,0.680548,0.3203
35294000,6985.452563,3574,230,0.687793,0.3281
35296000,6946.055872,3563,232,0.694344,0.2656
35298000,6463.198380,3583,225,0.602532,0.3438
35300000,6436.544153,3581,218,0.604313,0.2891
35302000,5656.762146,3589,201,0.537673,0.3438
35304000,5639.934728,3579,212,0.534243,0.3281
35306000,5695.036458,3589,211,0.472538,0.2812
35308000,5727.259513,3620,202,0.465245,0.2188
35310000,5603.841722,3608,212,0.505132,0.3125
35312000,5695.060674,3589,236,0.508407,0.3594
35314000,5618.347477,3594,211,0.449537,0.2656
35316000,6853.098312,3578,223,0.619276,0.3203
35318000,6568.588715,3611,222,0.696483,0.2812
35320000,8326.932027,3601,237,0.697886,0.3125
35322000,4624.017364,3605,229,0.270850,0.2500
35324000,4830.851887,3626,215,0.243539,0.2812
35326000,4812.882874,3636,218,0.251349,0.2266
35328000,4840.282855,3614,214,0.253324,0.3125
35330000,4116.302775,3623,222,0.086753,0.2891
35332000,4106.086656,3647,211,0.085273,0.2891
35334000,4027.566840,3635,200,0.078102,0.2188
35336000,6882.821656,3646,181,0.607697,0.2578
35338000,6833.641200,3648,192,0.651511,0.3516
35340000,6238.290524,3626,206,0.632790,0.2422
35342000,6093.871858,3610,208,0.641347,0.3516
35344000,6192.039357,3580,229,0.614107,0.3516
35346000,6548.266833,3609,220,0.651045,0.3281
35348000,5956.353229,3634,221,0.560000,0.2344
35350000,6762.027080,3639,230,0.682826,0.3828
35352000,6747.297697,3627,236,0.680032,0.3125
35354000,6895.416354,3625,243,0.719388,0.2891
35356000,6921.964268,3626,220,0.738682,0.3359
35358000,6980.819794,3606,230,0.742368,0.2891
35360000,6443.352598,3608,225,0.613249,0.3203
35362000,5782.368738,3616,211,0.675313,0.3203
35364000,5257.776871,3583,220,0.482350,0.3594
35366000,5280.604263,3579,213,0.483799,0.3047
35368000,4654.475795,3602,212,0.427122,0.2891
35370000,5398.862812,3604,210,0.557760,0.3828
35372000,5318.587423,3602,215,0.568012,0.2734
35374000,3779.601764,3621,215,0.045677,0.3047
35376000,3591.016211,3622,203,0.023859,0.2734
35378000,3605.094874,3636,197,0.023877,0.2656
35380000,3866.099217,3627,207,0.046624,0.2812
35382000,3616.363120,3626,199,0.037493,0.2500
35384000,3674.978063,3624,214,0.028804,0.2734
35386000,3856.579022,3638,196,0.079901,0.3516
35388000,4136.216628,3633,211,0.390168,0.2422
35390000,4617.073319,3637,214,0.311307,0.2422
35392000,4335.608505,3625,211,0.350465,0.2344
35394000,4625.735684,3626,214,0.376050,0.3281
35396000,4612.577564,3600,225,0.376717,0.2891
35398000,4775.032778,3585,228,0.404428,0.3438
35400000,4800.392293,3614,203,0.383878,0.2188
35402000,4780.570741,3596,218,0.396632,0.3203
35404000,4756.909720,3605,216,0.380619,0.2969
35406000,4916.907678,3609,205,0.393329,0.2500
35408000,4798.513672,3606,198,0.377562,0.3828
35410000,4746.584151,3622,186,0.382048,0.2812
35412000,4806.667854,3643,200,0.266118,0.2656
35414000,5137.348392,3645,200,0.426092,0.1953
35416000,4753.796486,3632,207,0.384177,0.2891
35418000,4724.702986,3625,195,0.383289,0.2422
35420000,3766.833713,3646,187,0.072811,0.3281
35422000,3757.310103,3654,188,0.077540,0.2656
35424000,4728.715299,3669,178,0.231348,0.3047
35426000,4696.241080,3627,190,0.235600,0.2969
35428000,5998.290332,3598,206,0.599944,0.3203
35430000,5958.444963,3626,196,0.624874,0.2734
35432000,5293.139199,3609,198,0.694448,0.3359
35434000,5277.822119,3604,187,0.695249,0.2656
35436000,5299.118154,3578,219,0.693428,0.3438
35438000,5361.368163,3589,218,0.702704,0.2656
35440000,5508.144444,3590,220,0.705941,0.2031
35442000,5508.635284,3647,196,0.706363,0.3203
35444000,4016.195374,3643,188,0.005529,0.3281
35446000,4097.834986,3645,208,0.006068,0.2891
35448000,4132.780693,3644,207,0.005578,0.2422
35450000,4108.701946,3651,205,0.006896,0.2734
35452000,3867.240615,3648,204,0.009180,0.2656
35454000,4759.863310,3651,205,0.243402,0.3047
35456000,4430.160115,3625,212,0.005950,0.3281
35458000,4429.748991,3610,218,0.005862,0.3203
35460000,4459.661197,3598,228,0.006700,0.2109
35462000,6407.550744,3622,210,0.519503,0.2656
35464000,6486.419757,3618,229,0.472559,0.3047
35466000,6480.449109,3611,228,0.476518,0.2734
35468000,7175.002861,3593,228,0.820764,0.3125
35470000,6022.016586,3587,234,0.401440,0.3125
35472000,6131.490319,3572,228,0.421818,0.2734
35474000,6578.619137,3530,241,0.729315,0.3516
35476000,6556.469787,3530,239,0.747941,0.3281
35478000,6605.627457,3529,240,0.797539,0.3125
35480000,6420.455388,3555,237,0.792072,0.3203
35482000,6669.066297,3583,225,0.749635,0.3906
35484000,6622.811646,3586,210,0.722580,0.2891
35486000,6627.490078,3574,195,0.715549,0.3047
35488000,9000.323103,3590,202,0.790642,0.2266
35490000,8510.371599,3589,206,0.784573,0.4219
35492000,8456.728472,3572,233,0.709683,0.2500
35494000,8113.613600,3581,223,0.686124,0.3203
35496000,7119.633451,3588,218,0.732461,0.2500
35498000,7164.847573,3604,217,0.732972,0.2891
35500000,7183.752411,3610,219,0.605450,0.2734
35502000,8514.040338,3600,243,0.812741,0.3750
35504000,8455.956611,3596,228,0.810101,0.3359
35506000,4241.671978,3562,245,0.037174,0.2891
35508000,4620.808888,3558,228,0.080825,0.3438
35510000,3267.370719,3558,236,0.048908,0.3594
35512000,3252.606575,3548,263,0.050727,0.3672
35514000,3291.252977,3563,227,0.122565,0.2812
35516000,3570.517800,3537,242,0.067315,0.2891
35518000,3258.547723,3540,258,0.141948,0.3359
35520000,3631.377970,3518,262,0.062276,0.3594
35522000,3597.508852,3503,269,0.078468,0.3750
35524000,3600.102140,3499,269,0.078063,0.3047
35526000,3575.225265,3503,261,0.075231,0.2969
35528000,3307.798710,3506,268,0.069798,0.3516
35530000,3391.197157,3524,249,0.094747,0.3906
35532000,4204.864652,3490,251,0.160252,0.2891
35534000,4437.434669,3529,235,0.133251,0.2188
35536000,4601.392016,3523,245,0.106153,0.2734
35538000,4761.009351,3525,220,0.078373,0.2656
35540000,4796.978795,3527,237,0.067676,0.2812
35542000,4985.130326,3537,245,0.042944,0.3359
35544000,5428.002722,3560,247,0.313687,0.2500
35546000,5432.229313,3554,240,0.309915,0.3125
35548000,5452.808547,3517,262,0.311706,0.3359
35550000,5434.988817,3543,253,0.311442,0.2969
35552000,5702.796757,3535,250,0.176056,0.2500
35554000,5851.710629,3578,238,0.226413,0.2500
35556000,5473.386420,3593,229,0.341640,0.2734
35558000,5474.480757,3569,229,0.347058,0.2812
35560000,5478.688560,3576,214,0.358248,0.2656
35562000,6094.355068,3571,223,0.596289,0.3125
35564000,5890.282053,3570,223,0.516050,0.2266
35566000,5123.397781,3562,210,0.002838,0.3281
35568000,5003.569823,3559,214,0.004976,0.3594
35570000,4621.877279,3583,222,0.212785,0.2500
35572000,4516.178927,3543,242,0.215715,0.3203
35574000,4258.152600,3521,242,0.044094,0.3672
35576000,4205.675104,3516,239,0.022525,0.3203
35578000,4534.851743,3542,233,0.056452,0.2812
35580000,4325.696911,3542,233,0.038085,0.3125
35582000,3842.416128,3552,221,0.004325,0.2500
35584000,3761.525740,3554,224,0.001281,0.3125
35586000,3981.848310,3544,241,0.000395,0.2812
35588000,3960.361161,3550,220,0.000174,0.2969
35590000,3275.387759,3545,214,0.188557,0.3203
35592000,3210.534706,3555,199,0.008328,0.2812
35594000,3242.714181,3508,216,0.008876,0.2734
35596000,3116.262437,3507,219,0.003698,0.3359
35598000,3150.312076,3518,233,0.004805,0.2734
35600000,3188.763156,3508,240,0.006773,0.3438
35602000,2775.350564,3510,235,0.036640,0.2969
35604000,2774.290474,3524,233,0.033159,0.2422
35606000,2675.187528,3521,237,0.033580,0.2891
35608000,3406.140129,3533,235,0.251032,0.3203
35610000,3394.413011,3524,245,0.247563,0.2812
35612000,4059.006186,3535,249,0.156878,0.3750
35614000,3665.755808,3540,222,0.203489,0.3281
35616000,3523.049100,3562,220,0.146217,0.3594
35618000,3736.132242,3569,220,0.157374,0.2891
35620000,3705.968894,3569,205,0.178482,0.2109
35622000,4038.955308,3601,215,0.057697,0.3047
35624000,4019.382157,3629,205,0.054298,0.3281
35626000,3665.615455,3620,205,0.141799,0.2812
35628000,3740.600127,3634,214,0.122952,0.2812
35630000,3757.927108,3614,211,0.092447,0.3125
35632000,4051.805057,3604,216,0.028399,0.2578
35634000,4164.187116,3610,222,0.010016,0.3203
35636000,4056.961642,3624,202,0.008316,0.3203
35638000,3665.426965,3604,206,0.025468,0.3125
35640000,3604.049318,3595,203,0.026080,0.3281
35642000,3308.766216,3578,214,0.038619,0.2734
35644000,3353.557428,3576,227,0.036390,0.3125
35646000,3366.480087,3578,214,0.020053,0.3750
35648000,3024.024284,3571,220,0.185641,0.3438
35650000,2985.036263,3575,221,0.084729,0.3359
35652000,3146.728328,3589,212,0.134092,0.2578
35654000,3256.769966,3576,219,0.153854,0.2344
35656000,2947.935154,3593,230,0.061831,0.2891
35658000,2952.103297,3584,216,0.061849,0.2891
35660000,2990.901906,3595,225,0.068743,0.2578
35662000,3224.524449,3588,216,0.005809,0.2734
35664000,3224.775546,3592,216,0.007041,0.3594
35666000,3175.447780,3597,221,0.004555,0.3438
35668000,3252.360656,3602,219,0.001296,0.3203
35670000,3222.200851,3577,228,0.004546,0.2969
35672000,3189.536465,3569,225,0.004781,0.3203
35674000,3174.506935,3579,218,0.001316,0.2891
35676000,3084.655730,3577,213,0.000479,0.2109
35678000,3406.188542,3599,197,0.018714,0.2578
35680000,3717.452757,3593,201,0.083065,0.2734
35682000,3959.962505,3577,202,0.053622,0.2578
35684000,3974.916886,3584,210,0.057815,0.2188
35686000,3781.396970,3602,194,0.033752,0.3750
35688000,4003.031048,3609,198,0.045682,0.2656
35690000,3996.330563,3573,211,0.047687,0.2734
35692000,3948.645550,3571,229,0.031601,0.3125
35694000,3936.979610,3584,217,0.156062,0.3203
35696000,5105.381212,3578,230,0.558847,0.3281
35698000,5082.534191,3572,213,0.567832,0.2344
35700000,5092.336235,3592,203,0.572400,0.3203
35702000,4984.453444,3564,210,0.544135,0.3516
35704000,3964.932855,3591,200,0.248622,0.2422
35706000,3886.307485,3574,220,0.243790,0.3203
35708000,3905.510977,3543,237,0.252479,0.2891
35710000,4087.438007,3557,236,0.212791,0.2969
35712000,4108.397689,3562,231,0.211988,0.2344
35714000,4090.368127,3557,226,0.211341,0.2891
35716000,3852.283687,3526,226,0.168831,0.3438
35718000,5207.157146,3531,235,0.616289,0.2109
35720000,5164.556415,3503,254,0.620110,0.3594
35722000,5212.978627,3500,248,0.616993,0.2578
35724000,4638.426948,3553,234,0.598143,0.2812
35726000,4554.379926,3570,235,0.676476,0.2891
35728000,4678.369111,3583,228,0.578721,0.2422
35730000,4686.303320,3600,222,0.583685,0.2891
35732000,4649.814007,3612,222,0.587150,0.2812
35734000,4646.237600,3623,221,0.563728,0.2969
35736000,4080.987024,3645,215,0.269551,0.3125
35738000,4091.928558,3669,202,0.263140,0.3203
35740000,5458.301326,3673,202,0.259757,0.2656
35742000,6527.489192,3660,206,0.624520,0.2812
35744000,6421.169582,3651,208,0.702285,0.2812
35746000,6328.927471,3608,206,0.728132,0.2266
35748000,6435.604439,3598,205,0.729340,0.3047
35750000,6728.796719,3603,220,0.618723,0.3047
35752000,6648.259844,3619,192,0.615614,0.2578
35754000,6088.809920,3603,220,0.552739,0.3125
35756000,5778.591040,3591,228,0.441458,0.3203
35758000,7269.121756,3594,205,0.662325,0.3203
35760000,5698.282328,3583,222,0.378327,0.2812
35762000,5965.369031,3578,203,0.412679,0.2500
35764000,5973.551010,3580,220,0.467792,0.2812
35766000,5943.755372,3582,243,0.483573,0.3359
35768000,6328.388090,3565,223,0.400546,0.3438
35770000,6325.640489,3593,215,0.397398,0.3359
35772000,6261.171716,3593,209,0.390753,0.2344
35774000,4947.898999,3587,209,0.163287,0.2422
35776000,4939.753860,3571,215,0.162511,0.3359
35778000,5012.822579,3560,212,0.160726,0.3047
35780000,6423.244389,3568,216,0.373697,0.3047
35782000,6363.883345,3537,241,0.435262,0.3281
35784000,6386.627168,3562,246,0.332974,0.2891
35786000,6563.685604,3559,246,0.326428,0.3438
35788000,7810.249879,3548,239,0.645584,0.3125
35790000,6601.529968,3530,250,0.067816,0.3125
35792000,6512.881927,3555,240,0.053749,0.2734
35794000,8649.901270,3519,251,0.620358,0.2969
35796000,8610.303319,3543,229,0.603042,0.3828
35798000,8084.347189,3539,221,0.478921,0.2500
35800000,8035.016970,3547,225,0.469772,0.2812
35802000,6545.651740,3597,195,0.102964,0.2500
35804000,7745.095152,3573,215,0.170904,0.3125
35806000,7727.621286,3577,221,0.170688,0.3125
35808000,5686.196457,3593,201,0.095670,0.2891
35810000,6235.715079,3604,204,0.165034,0.2500
35812000,5557.242330,3603,206,0.222847,0.2031
35814000,5570.557457,3614,207,0.233873,0.3281
35816000,6991.430575,3616,202,0.267965,0.2578
35818000,5913.924664,3625,206,0.251544,0.2422
35820000,8103.382141,3607,210,0.304845,0.3438
35822000,4491.624567,3587,210,0.075893,0.2188
35824000,4504.735233,3596,198,0.076898,0.2422
35826000,4384.233628,3579,224,0.090773,0.3438
35828000,7563.807624,3591,226,0.563339,0.2656
35830000,7069.410165,3572,230,0.313789,0.2891
35832000,6473.334290,3599,204,0.176805,0.3594
35834000,7604.288282,3599,198,0.351910,0.2891
35836000,7531.285532,3612,184,0.343331,0.2969
35838000,7443.460794,3612,182,0.262269,0.2344
35840000,7413.823025,3642,195,0.274309,0.1875
35842000,8309.939618,3633,212,0.595639,0.3203
35844000,7801.973797,3633,196,0.845846,0.3281
35846000,7772.402291,3607,229,0.788479,0.2969
35848000,8523.552217,3595,224,0.822954,0.3125
35850000,8563.438123,3580,204,0.819046,0.2812
35852000,8679.472453,3577,235,0.850414,0.3359
35854000,8769.345372,3569,242,0.810185,0.2969
35856000,8790.288423,3577,223,0.812570,0.3125
35858000,7652.039053,3588,214,0.739111,0.3125
35860000,7536.789442,3591,216,0.706814,0.3047
35862000,7697.574611,3577,217,0.745559,0.2578
35864000,7255.383357,3549,231,0.290275,0.3516
35866000,7310.247529,3546,246,0.294760,0.3438
35868000,6442.929103,3572,223,0.562227,0.2500
35870000,8813.326736,3561,237,0.656237,0.3281
35872000,6660.367862,3562,228,0.127832,0.3359
35874000,8058.034704,3580,227,0.266271,0.2734
35876000,8509.988450,3577,240,0.339111,0.3281
35878000,8152.917825,3564,219,0.366360,0.3047
35880000,8759.489903,3581,216,0.573907,0.2656
35882000,8789.324026,3573,211,0.712031,0.3984
35884000,8740.777296,3551,223,0.711027,0.3594
35886000,5075.726172,3558,223,0.226924,0.2578
35888000,6857.326090,3580,208,0.453145,0.2891
35890000,5479.463764,3586,195,0.545326,0.2891
35892000,5820.999877,3606,196,0.242289,0.2656
35894000,5747.100143,3629,194,0.233805,0.2500
35896000,5639.972090,3595,199,0.214842,0.3125
35898000,5100.656361,3628,183,0.288809,0.2812
35900000,5098.531955,3636,178,0.282643,0.2031
35902000,4951.631689,3646,191,0.316743,0.2422
35904000,4946.102008,3654,181,0.315115,0.2891
35906000,5477.568679,3639,192,0.267017,0.2812
35908000,5405.050081,3641,200,0.246606,0.2891
35910000,6143.572284,3663,192,0.510302,0.3125
35912000,6051.626955,3639,189,0.496277,0.2734
35914000,4869.360604,3628,198,0.392099,0.2031
35916000,4882.465953,3611,209,0.363488,0.2734
35918000,4842.063929,3602,198,0.362758,0.2891
35920000,7734.285029,3605,216,0.696494,0.2812
35922000,6712.549866,3604,215,0.563776,0.2812
35924000,8293.084366,3590,202,0.841092,0.2031
35926000,7642.436064,3572,202,0.783054,0.2891
35928000,7060.072787,3581,197,0.757072,0.3125
35930000,5966.378380,3582,214,0.529330,0.3359
35932000,7255.011722,3570,220,0.710320,0.2891
35934000,6837.061944,3559,225,0.600328,0.2891
35936000,6773.727451,3578,227,0.601354,0.3125
35938000,7131.562277,3585,225,0.664590,0.2734
35940000,7082.719235,3580,221,0.664771,0.2422
35942000,7032.760838,3580,214,0.666964,0.3359
35944000,7072.470835,3580,215,0.669849,0.2891
35946000,8276.187319,3583,205,0.664969,0.2891
35948000,4731.954597,3571,209,0.055113,0.3203
35950000,4757.837047,3561,225,0.053182,0.2891
35952000,4725.318395,3537,224,0.051048,0.4141
35954000,4183.713048,3556,217,0.027111,0.2734
35956000,5900.090617,3575,226,0.227871,0.3047
35958000,5916.597516,3582,218,0.197012,0.2891
35960000,5419.595469,3592,216,0.074843,0.3047
35962000,5029.382317,3590,212,0.107484,0.2734
35964000,5019.747964,3596,224,0.233113,0.3438
35966000,8722.822071,3600,205,0.696343,0.2734
35968000,8666.164622,3577,222,0.694446,0.3047
35970000,7064.760838,3579,231,0.550004,0.3438
35972000,8282.741731,3573,229,0.750025,0.2500
35974000,7171.938645,3561,241,0.470027,0.2578
35976000,5687.709233,3564,221,0.242948,0.2500
35978000,6483.740003,3607,215,0.482677,0.2188
35980000,6449.006468,3626,209,0.477037,0.2266
35982000,6509.907621,3645,210,0.399449,0.2969
35984000,6505.317261,3633,211,0.394578,0.3125
35986000,6296.245034,3613,221,0.459763,0.2500
35988000,7520.369506,3636,210,0.685226,0.2422
35990000,7655.336322,3644,206,0.658969,0.2344
35992000,7710.711713,3607,217,0.663460,0.2500
35994000,7427.563540,3619,206,0.652182,0.2266
35996000,7533.635818,3606,204,0.679707,0.2188
35998000,5204.590229,3611,197,0.374184,0.2500
36000000,5876.503969,3637,199,0.536050,0.3281
