2659 2366
2386 2277
2600 3138
2767 2321
2511 2148
2814 2942
2238 2297
2704 2474
2652 2871
2676 2071
2734 3049
2367 2375
2658 2415
2536 3037
2755 2306
2687 2178
1935 2086
1940 2125
2643 2988
2365 2362
2282 2863
2681 2318
2532 2137
2678 2165
2132 2110
2355 2343
2528 3185
2002 2125
2644 2291
2419 2834
2510 2329
2933 2262
2319 2797
2584 2541
2706 2509
2575 2797
2102 2260
2383 2357
2689 2224
2768 2957
1990 2116
2661 2307
2357 2429
2769 3062
2845 2409
2583 2731
2487 2050
2546 2871
2561 2229
2439 2363
2661 2910
2651 2361
2666 3051
2412 2327
2485 2323
2488 2283
2554 3131
2567 2727
2504 3112
2668 2009
2233 2643
2684 2538
2499 2141
2537 3104
2566 2683
2641 2123
2471 2841
2214 2307
2461 2089
2475 2341
2176 2331
2302 2769
2421 3159
2487 2227
2675 2108
1961 2122
2618 2825
2660 2417
2326 2425
2390 2349
2601 2525
2674 2561
2643 3051
2516 2127
2640 2909
2787 3068
2301 2603
2159 2317
2352 2331
2516 3112
2670 2220
2018 2307
2641 2219
2523 2079
2299 2756
2013 2299
1999 2153
2030 2292
2350 2527
2700 2435
2699 2412
2669 2243
2682 2327
2349 2550
2263 2492
2593 2761
2781 2995
2691 2068
2495 3211
2714 2370
2595 2752
2719 3029
2153 2313
2258 2726
2478 2098
2552 3034
2446 2122
2532 3176
2600 2945
2645 2242
2535 2384
2022 2226
2682 3042
2564 3133
2871 2325
2621 3180
2811 3102
2625 2931
2380 2722
1991 2099
2341 2530
2688 2530
2616 2264
2518 2140
2932 2305
2310 2856
2877 2250
2578 2710
2261 2339
2260 2702
2268 2494
2666 2574
2497 3090
2682 2149
2641 3031
2251 2642
2781 2977
2803 2948
2536 3193
2401 2361
2628 3167
2694 2314
2245 2609
2652 2873
2887 2252
2740 3051
2663 2959
2605 2257
2637 1991
2074 2170
2498 3211
2602 3137
2581 2212
1946 2053
2654 2844
2809 2935
2579 2944
2653 3017
2698 2330
2284 2443
2447 2109
2113 2301
2305 2529
2018 2240
2498 3232
2068 2168
2446 3235
2640 2956
2238 2350
2201 2319
2670 2554
2526 2895
2370 2400
2249 2643
2510 3197
2285 2401
2557 2678
2126 2240
2654 2994
2543 3137
2660 3043
2654 2964
2675 2253
2583 2212
2472 2840
2643 2855
2121 2151
2520 2162
2281 2300
2227 2314
2387 2361
2737 2500
2370 2364
2713 2364
2938 2360
2534 3178
2702 2429
2090 2337
2568 3164
2363 2755
2783 2995
2061 2165
2728 3059
2316 2784
2656 2038
2566 3190
2292 2281
2379 2359
2560 2174
1974 2167
2710 2950
2717 2990
2500 3232
2065 2125
2087 2228
2500 2359
2540 3226
2326 2809
2256 2396
2667 2435
2282 2314
2681 2939
2681 2051
2682 2018
2713 2517
2572 2544
2298 2747
2100 2245
2488 2373
2847 2356
2886 2261
2906 2249
2589 2821
2633 2713
2803 3089
2594 3041
2528 2215
2664 2278
2520 2918
1978 2028
2381 2357
2820 2370
2065 2214
2383 2349
2519 2334
2357 2344
2411 2294
2916 2337
2480 2098
2400 2300
2296 2627
2437 2347
2287 2312
2404 2115
2682 3074
2492 2105
2574 3029
2290 2536
2406 2135
2738 2503
2350 2728
2623 3190
2784 2338
2646 2849
2507 2217
2518 2892
2131 2161
2129 2188
2672 3043
2669 2458
2692 2169
2301 2850
2684 2596
2426 2129
2218 2328
2570 3212
2138 2120
2565 3150
2432 2826
1978 2114
2247 2619
2483 2322
2790 3080
2304 2604
2763 2202
2636 2226
2665 2251
2106 2174
2266 2311
2644 2273
2594 3051
2928 2344
2495 2881
2656 3050
2696 2329
2612 3026
2087 2230
2141 2116
2887 2302
2510 3195
2126 2112
2628 2197
2764 2322
2643 3011
2679 2219
2399 2729
2385 2727
2658 2413
2518 2890
2709 2325
2539 2225
2580 2717
2562 3169
2322 2382
2504 2863
2792 3100
2262 2324
2797 3039
2403 2352
2784 2305
2688 3042
2673 2087
2452 2788
2681 2327
2779 3067
2694 2502
2777 2334
2578 2695
2303 2757
2616 2942
2703 2453
2582 2696
2960 2291
2457 2335
2735 2501
2632 2290
2312 2512
2482 3209
2646 2112
2486 2059
2690 2606
2138 2129
2326 2833
2139 2338
2394 2355
2503 2118
2317 2791
2277 2446
2166 2318
2630 3057
2099 2348
2700 2217
2346 2351
2619 2256
2753 2359
2359 2379
2231 2329
2341 2427
2789 3011
1959 2036
2731 2309
2687 2370
2766 2322
2717 2989
2910 2328
2738 2995
2426 2126
2663 2903
2786 2997
2261 2754
2676 2090
1933 2087
2865 2341
2662 2861
2633 2227
2560 2199
2665 2009
2594 3147
2653 2320
2258 2668
2656 2000
2271 2404
2643 3197
2724 2202
2099 2197
2019 2298
2935 2360
2541 2859
2084 2097
2526 3045
2644 2121
2152 2301
2788 3001
2024 2374
2414 2286
2075 2163
2670 2595
2763 2522
2210 2313
2569 2793
2648 2240
2129 2154
2662 3214
2703 2104
2318 2853
2608 2548
2476 2044
2545 3092
2671 2494
2358 2431
2667 2550
2552 3150
2666 2959
2917 2307
2490 2093
2454 2123
2632 3046
2701 2064
2757 2201
2771 2971
2452 3207
2489 3090
2165 2326
2966 2362
2517 3047
2648 3231
2467 2803
2575 3035
2785 2979
2263 2393
2702 2047
2691 2539
2256 2763
2247 2702
2474 2317
2789 3092
1976 2348
2721 2099
2547 3233
2650 2280
2726 2223
2679 2940
2559 3178
2351 2728
2667 2230
2275 2542
2567 3191
2307 2501
2281 2625
2006 2358
2426 3227
2878 2261
2121 2199
2624 2267
2292 2413
2636 2114
2685 2451
2664 2365
2702 2484
2671 2114
2739 3073
2293 2350
2802 3103
2501 2212
2798 3026
2507 2884
2520 3035
2240 2338
2712 2424
2261 2681
2846 2334
2482 2820
2796 3090
2680 2054
2763 2960
2573 2534
2261 2420
2944 2358
2084 2297
2377 2722
2076 2221
2826 2369
2151 2331
2435 2832
2457 2281
2279 2507
2613 2542
2720 2495
2530 2883
2793 2395
2586 2746
2658 2898
2603 2776
2518 3091
2024 2139
2661 3039
2701 2538
2473 2345
2517 3215
2676 2956
2668 2906
2541 2187
2575 3161
1969 2072
2432 3165
2251 2730
2606 3158
2516 2371
2701 2429
2084 2102
2730 2227
2665 2861
2136 2117
2581 2971
2260 2348
2810 2977
2690 2134
2539 2377
2312 2534
2264 2755
2645 2546
2752 2309
2639 2922
2641 2224
2567 3190
2427 2352
2108 2183
2600 2531
2042 2197
2570 3128
2271 2448
2481 2349
2293 2374
2758 2509
2101 2236
2612 2931
2290 2541
2671 2246
2711 2324
2679 2154
2739 2975
2557 3094
2480 2305
2783 3055
2676 2573
2630 2287
2668 1996
2605 2957
2274 2599
2320 2389
2263 2365
2956 2360
2861 2348
2008 2320
2450 3236
2652 2269
2665 2001
2672 2965
2699 2384
2678 2000
2275 2656
2526 2183
2633 2500
2292 2300
2374 2428
2293 2381
2534 2886
2448 2361
2939 2290
2586 3039
1917 2112
2248 2722
2374 2427
2178 2758
2426 3228
2789 2962
2429 2740
2773 2368
2633 1988
2700 2051
1953 2117
2076 2216
2034 2168
2700 2193
2253 2417
2236 2733
2432 3166
2454 2094
2680 2371
2525 2357
2029 2169
2412 2324
2620 2232
2682 2125
2269 2303
2730 2513
2522 2361
2590 2773
2080 2275
2811 2945
2577 2720
2478 2888
2560 3183
2013 2162
2255 2762
2273 2484
2652 3209
2702 2462
2931 2312
2545 2849
2275 2522
2628 2024
2532 3069
2491 2876
2318 2533
2770 2530
2018 2227
2305 2510
2905 2266
2284 2296
2671 2495
2259 2489
2501 2225
2413 2332
2078 2306
2333 2844
2722 2500
2577 2971
2068 2169
2718 2987
2492 3213
2155 2302
2622 3183
2310 2423
2452 2085
2877 2260
2639 2031
2580 2710
2612 2821
2636 2852
2028 2377
2250 2623
2110 2257
2685 2123
2340 2555
2691 3074
2645 3195
2441 3170
2517 2048
2266 2312
2658 3053
2710 2445
2519 3068
2432 3219
2281 2616
2761 3059
2766 2063
2786 2999
2899 2308
2677 2051
2704 2449
2508 2312
2251 2716
2643 3178
2701 2328
2359 2409
2446 2084
2281 2683
2409 2292
2107 2176
2492 3208
2558 2199
2632 2224
2579 2542
2434 2776
2450 2804
2717 2979
2709 2529
2310 2501
2290 2399
2709 2362
2102 2141
2015 2169
2695 2232
2684 3073
2569 2790
2494 2082
1969 2022
2719 3064
2733 3064
2154 2313
2293 2409
2321 2375
2687 2102
2670 2586
2708 2473
2336 2370
2453 2350
2612 2703
2524 2380
2282 2487
2767 2528
2352 2719
2350 2431
2439 2783
2568 3130
2276 2552
2668 2323
2448 2366
2724 2282
2796 3089
2522 3031
2930 2283
2442 2829
2869 2235
2833 2407
2615 2551
1911 2092
2564 3218
2602 2216
2276 2414
2678 2955
2291 2417
2045 2155
2294 2611
2340 2804
2092 2136
2625 2700
2356 2389
2342 2443
2270 2316
2903 2257
2533 2191
2680 2220
2470 2116
2443 2832
2736 2207
2820 2362
2684 2540
2625 2209
2401 2730
2316 2807
2231 2291
2668 2568
2414 2147
2472 3212
2636 3064
2666 2116
2471 2845
2833 2355
2765 2524
2417 2151
2481 2047
2625 2887
2422 3216
2266 2480
2659 2967
2635 2273
2263 2734
2586 3036
2502 2887
2333 2858
2670 2457
2051 2148
2737 2221
2162 2304
2642 2280
2468 3205
2952 2359
2696 2501
2363 2360
2293 2849
2118 2191
2493 2225
2532 2220
2697 3065
2405 2760
2201 2754
2629 3037
2292 2348
2412 2715
2665 2372
2213 2753
2524 2223
2703 3065
2644 3201
2575 3032
2105 2343
2483 3210
2611 3027
2200 2337
2700 2446
2491 3206
2462 2281
2525 2178
2708 2044
1964 2097
2243 2692
2441 2123
2615 3048
2388 2344
2713 2970
2217 2747
2661 2240
2604 2821
2586 3045
2870 2238
2505 3094
2472 2105
2339 2865
2568 2528
2284 2744
2884 2295
2572 2919
2255 2357
2740 2988
2591 2704
2763 2361
2628 2227
2757 2512
2804 2943
2451 3231
2279 2349
2663 3214
2337 2529
2264 2330
2454 2087
2518 2150
2509 2369
2596 2697
2913 2339
2072 2286
2718 2087
2438 2328
2446 2838
2269 2573
2352 2398
2437 2755
2682 2540
2237 2656
2498 2879
2633 1969
1941 2063
2548 2850
2736 3065
2213 2307
2550 3026
2449 2108
2573 2788
2668 2983
2758 2374
2638 2962
2801 3038
1945 2054
2761 2323
2484 2095
2704 3040
2835 2364
2225 2347
2535 3220
2230 2291
2565 3220
2415 3156
2475 2324
2255 2500
2804 2973
2430 2291
2649 2031
2674 2100
2010 2310
2141 2293
2240 2619
2483 3094
2489 2073
2619 2232
2042 2208
2655 3003
2442 2328
2316 2746
2641 2860
2650 3229
2269 2350
2837 2394
2658 2046
2509 2374
2443 2368
2021 2281
2630 3192
2671 2492
2668 2561
2254 2726
2643 2901
2237 2645
2525 2380
2290 2373
2627 2549
2780 2339
2345 2738
2511 2312
2016 2117
2284 2318
2667 2453
2092 2330
2566 2909
2248 2725
2459 2798
2426 2754
2414 2326
2728 2998
2635 2032
2686 3041
2574 2178
2742 2511
2018 2349
2548 3233
2535 2880
1950 2125
2724 2223
2735 3023
2718 3035
2090 2198
2840 2364
2684 2387
2707 2955
2906 2293
2773 3066
1984 2338
2462 2330
2714 2517
2251 2663
2490 2082
2641 2280
2792 2365
2809 3044
2490 2297
2085 2338
2484 3194
2518 2366
2582 2745
2012 2160
2541 3117
2089 2331
2265 2430
2675 3042
2793 3069
2714 2364
2785 3075
2033 2237
2526 2221
2509 2231
2714 2970
2603 2103
2609 3025
2742 2999
2658 2287
2659 2127
2784 3051
2665 2430
2673 2164
2691 3059
2679 2031
2568 3132
2407 2766
2553 3016
2227 2337
2422 2826
2581 2823
2778 2981
2513 2275
2454 3238
2508 3096
2092 2283
2581 3030
2647 2283
2593 2212
2354 2379
2894 2266
2425 3224
2683 2944
2501 3219
2475 2335
2453 2375
2634 2107
2321 2445
1973 2095
2701 2537
2098 2340
2633 2990
2133 2158
2601 2261
2747 2507
2686 2222
2922 2275
2084 2128
2709 3054
2376 2754
2702 2474
2799 2341
2571 2732
2594 3035
2705 2311
2237 2739
2527 2170
2522 3081
2574 2797
2011 2309
2705 2330
2555 2870
2329 2438
2767 2063
2111 2245
2313 2522
2641 3037
2348 2530
2289 2734
2722 2986
2637 2525
2133 2114
2509 2366
2196 2753
2623 2198
2302 2521
2363 2722
2077 2223
2264 2710
2602 2529
2565 2690
2581 2200
2664 3044
2700 2462
2697 2509
2657 2842
2130 2301
2576 2248
2421 3185
2839 2407
2242 2298
2082 2307
2630 2104
2435 3219
2536 2192
2125 2194
2668 2004
2401 2113
2292 2374
2337 2845
2696 2233
2451 3201
2323 2858
2449 2782
2704 2046
1969 2118
2804 2360
2447 2110
2874 2320
2733 2996
1963 2117
2583 2207
2615 2205
2429 2738
2016 2129
2243 2302
2713 2420
2302 2603
2162 2317
2257 2483
2542 2259
2341 2379
2653 2872
2581 3208
2288 2595
2558 3181
2024 2308
2717 2492
2711 2447
2632 2523
2111 2152
2580 2761
2289 2862
2655 2334
2499 2321
2228 2642
2014 2285
2012 2116
2707 2237
2270 2473
2631 2994
2714 2449
2259 2346
2555 3126
2707 2235
2440 2296
2710 2483
2517 2174
2749 2532
2659 2487
2943 2282
2483 3197
2915 2344
2672 2238
2025 2238
2076 2310
2091 2267
2697 2312
2076 2214
2663 2368
2630 2509
2633 2033
2104 2233
2413 3191
2377 2397
2608 3043
2650 2542
2683 2319
2093 2265
1986 2334
2756 2522
2385 2417
2712 2475
2118 2295
2448 2789
2026 2372
2235 2651
2664 2120
2428 2753
2134 2192
2717 2374
2574 3128
2522 3103
2316 2533
2419 2827
2495 2302
1934 2059
2657 2126
2003 2334
2747 3055
2504 2216
2554 3146
2569 2808
2331 2418
2590 2793
2413 2368
2770 2972
2904 2291
2418 2737
2527 2134
2594 2211
2655 3227
2023 2136
2266 2354
2519 2210
2561 3198
2674 2081
2262 2617
2773 2080
2703 2202
2641 2952
2404 2343
2784 2992
2684 2453
2487 2876
2532 3065
2433 2111
2287 2378
2524 2392
2552 2221
2090 2138
2538 3120
1926 2074
2792 2950
2434 2352
2017 2371
2224 2347
2670 2544
1954 2115
2774 3062
2820 2363
2697 2949
2276 2396
2614 2529
2437 3176
2473 3206
2671 2040
2376 2270
2269 2397
2637 2993
2314 2391
2343 2556
2398 2302
2512 2367
2244 2704
2778 2961
2262 2322
2651 3021
2478 3216
2922 2297
2233 2318
2572 2746
2626 3028
2705 2405
2672 2518
2568 2701
2288 2391
2316 2379
1972 2114
2701 2187
2263 2753
2680 3078
2453 2122
2688 2232
2454 2126
2747 2348
2440 2304
2323 2440
2777 2325
2672 2463
2502 3224
2848 2339
2618 2833
2786 3019
2478 2295
2306 2760
2545 2203
2708 2368
2748 2344
2226 2320
2431 2331
2775 2969
2014 2132
2913 2315
2104 2277
2243 2687
2706 2211
1994 2143
2491 3097
2663 2488
2512 2892
2437 2342
2312 2814
2114 2147
2712 2978
2745 2525
2397 2302
2320 2751
2133 2299
2844 2333
2262 2494
2794 2954
2260 2652
2445 2786
2540 3014
2717 3029
2642 2225
2619 2559
2420 2121
2248 2338
2110 2188
2092 2293
2577 2269
2293 2281
2271 2678
2465 2884
2708 2474
2265 2386
2893 2307
2679 2106
2483 3093
2323 2400
1947 2098
2608 2250
2275 2562
2238 2360
1945 2124
2439 2824
2413 3194
2019 2222
2568 3009
1956 2085
2651 3015
2910 2301
2465 2877
2466 2249
2707 2492
2105 2177
2671 2173
2643 2278
2809 3045
2571 2219
2609 2256
2245 2340
2860 2338
2676 3029
2658 2429
2508 2073
2740 2995
2677 2242
2614 2937
2282 2859
2793 2357
2683 2045
2465 2292
2441 2361
2268 2616
2015 2117
2778 3066
1979 2027
2567 3212
2516 2131
2699 2521
2566 2184
2531 3094
2412 2294
2831 2375
2285 2396
2356 2752
2228 2641
2349 2723
2436 2750
2577 2528
2587 2258
2507 2371
2100 2179
1959 2120
2512 2894
2291 2394
2677 2176
2566 2185
2410 2717
2572 2747
2775 2980
2453 2093
2560 2202
2580 3212
2693 2405
2729 2994
2475 2331
2263 2395
2614 2544
2784 2373
2151 2291
2524 3078
2435 2762
2213 2686
2920 2334
2081 2118
2281 2324
2315 2410
2682 2046
2643 2872
1954 2124
1952 2040
1963 2020
2517 3038
2216 2315
2629 3041
2783 2958
2469 3206
2614 3168
2420 2124
2524 3037
2408 2720
2299 2767
2364 2439
2257 2772
2555 2826
2715 2418
2372 2402
2785 2984
2532 2221
2794 2389
2717 2102
2259 2647
2454 3228
2410 2356
2089 2205
2405 2352
2738 3046
2271 2468
2618 2908
2650 2843
2708 2406
2908 2328
2361 2429
2702 3073
2659 3057
1999 2332
2649 2265
2740 2528
2502 2137
2638 2234
2517 3108
2636 2522
1987 2098
2442 2366
2735 3035
2654 2038
2724 2312
2592 2785
2300 2774
2456 2339
2682 2055
2275 2437
2301 2769
2348 2380
2151 2282
2291 2613
2015 2163
2531 2389
2669 2258
2328 2441
2875 2328
2227 2746
2397 2119
2713 3076
2647 2241
2774 2332
2688 3066
2180 2324
2179 2324
2658 3001
2221 2337
2874 2348
2766 2301
2735 2302
2643 3054
2258 2311
2604 3165
2913 2333
2472 3213
2261 2305
2480 2813
2582 2789
2580 2781
2591 2829
2786 2373
2618 2111
2064 2167
2689 2374
2668 2076
2666 2963
1919 2078
2328 2525
2738 2223
2733 2504
2300 2543
2775 2957
2478 2804
2734 2506
2374 2453
2089 2309
2710 2991
2667 2466
2546 2846
2123 2140
2522 2280
2788 3093
2039 2221
2560 2809
2771 2072
2307 2812
2414 2767
2363 2378
2408 2329
2299 2508
2313 2533
2512 2150
2458 2860
2443 2296
2220 2746
2430 2821
2162 2302
2658 2177
2918 2299
2470 2342
2775 2062
2313 2504
2562 2181
2702 2179
2461 2114
2442 2316
2271 2461
2348 2553
2613 2245
2765 2376
2148 2315
2730 2999
2675 2572
2844 2407
2660 3224
2418 2143
2688 2371
2788 3013
2799 2951
2670 2560
2499 2880
2785 2334
2495 2218
2638 2551
2247 2747
2243 2707
2095 2130
2673 2079
2471 2042
2548 3033
2244 2690
2501 2139
2478 2296
2430 3213
2089 2133
2432 2116
2668 3026
2326 517
2238 2718
2529 2352
1917 2107
2467 2047
2057 2152
2497 2321
2600 3043
2786 2961
2138 2154
2616 2806
2674 2540
2279 2381
2663 2518
2840 2405
2820 2364
2508 3095
2265 2429
2489 2093
2499 2284
2706 3038
2695 2107
2654 2213
2281 2417
2726 3032
2416 2150
2506 3210
2034 2283
2708 2045
2314 2753
1975 2134
2321 2407
2129 2159
2424 3164
2669 2451
2274 2655
2439 2333
2795 3100
2396 2309
1975 2135
2510 2074
2660 2294
2659 2906
2277 2442
2858 2355
2640 3191
2670 2495
2295 2537
2517 2271
2655 2293
2610 2100
2907 2302
2655 2481
2528 3099
2067 2284
2818 2950
2367 2438
2467 2816
2235 2754
2660 2418
2638 3034
2482 3216
2542 3100
2244 2714
2550 2182
2251 2680
2540 2261
2834 2376
2150 2292
2666 2958
2490 3095
2557 3133
2561 2203
2524 2277
2044 2162
2203 2322
2527 2260
2011 2352
2737 2224
2641 2837
2043 2182
2346 2435
2521 2908
2562 3010
2766 2991
2517 2161
2612 2546
2261 2664
2731 3039
2505 3097
2671 3046
2606 2961
2658 3056
2020 2229
2925 2328
2754 2353
1914 2091
2690 2365
1946 2106
2537 2226
2548 2196
2607 2201
2037 2245
2508 2143
2596 2206
2541 3121
2029 2283
2442 2365
2639 2235
2108 2187
2717 2316
2579 2920
2671 3045
2762 2372
2690 3072
2276 2569
2758 2508
2589 2946
2254 2729
2103 2340
2320 2533
2404 2390
1957 2129
2666 2325
2477 2840
2659 2964
2782 3065
2695 2606
2689 3064
2926 2267
2383 2266
2530 2186
2417 2834
2054 2150
2095 2327
2584 3032
2233 2653
2031 2243
2662 2862
2012 2300
2576 2269
2576 3161
2216 2688
2478 3220
2518 2157
2665 2923
2095 2131
2262 2773
2385 2728
2587 2267
2619 2796
2707 2336
2461 2835
2674 2873
2018 2241
2452 3239
2589 2829
2589 2725
2207 2685
2524 2278
2505 2136
2593 2522
2323 2853
2934 2309
2490 2298
2645 3034
2665 2985
2444 2806
2922 2285
2645 2263
2016 2221
2786 3060
2779 2318
2641 3018
2511 2210
2109 2152
2350 2443
2532 3185
2506 2374
2705 2530
2278 2450
2727 2298
2568 2695
2708 2498
2537 3034
2564 2251
2259 2349
2369 2360
2717 2507
2437 2346
2641 3048
2027 2375
2690 2346
2892 2249
2423 2333
2628 2516
2633 2504
2349 2751
2899 2311
2290 2594
2600 3163
2543 2212
2457 2345
2694 2191
2688 2501
2565 3009
2504 2276
2479 2841
2120 2240
2419 2333
2589 3150
2678 2916
2686 2538
2504 2083
2690 2347
2273 2654
2317 2381
2696 3043
2289 2746
2690 2394
2699 3061
2417 2119
1951 2034
2630 2280
2476 3200
1957 2027
1972 2132
2795 2362
2421 2355
2388 2345
2258 2662
2532 3186
2590 2213
2245 2693
2589 3208
2399 2393
2726 3031
2714 2377
2450 2794
2435 2752
2356 2417
2732 3054
2280 2742
2580 2256
2514 3084
2940 2319
2281 2548
2009 2334
2516 3075
2747 2513
2596 2818
2223 2753
2404 2132
2249 2329
2459 2812
2727 2291
2493 2100
2448 2836
2283 2381
2268 2712
2680 3026
2641 1989
2437 2769
2708 2472
2750 2350
2585 2521
2100 2166
2163 2306
2664 2420
2273 2295
2895 2283
2292 2349
2714 2509
1966 2111
2322 2376
2714 2508
2655 2426
2591 2797
2263 2696
2500 2130
2256 2613
2643 2871
2608 2804
2268 2404
1975 2171
2871 2327
2277 2560
2654 2288
2972 2300
2034 2123
2479 2812
2645 2289
1985 2172
2278 2448
2661 2900
2333 2373
2388 2718
2643 2125
2372 2417
2665 2313
2453 2817
2563 3186
2554 3206
2019 2138
2232 2755
2571 2548
2112 2155
2630 1974
2088 2134
2451 2855
2668 2012
2534 3039
2921 2287
2793 2354
2715 2323
1976 2105
2664 2308
2038 2117
2612 3042
2429 3169
2678 2249
2497 2235
2625 3159
2085 2112
2518 2040
2519 2139
2369 2394
2680 3024
2673 2075
2312 2526
2680 2223
2747 2526
2415 3154
2703 2424
2459 2807
2612 2522
2705 2383
2470 2110
2653 2836
2286 2388
2074 2313
2351 2751
2310 2422
2483 3223
2346 2350
2263 2651
2705 2959
2317 2853
2673 2570
2257 2658
1963 2025
2697 2417
2269 2352
2309 2817
2348 2526
2702 2200
2565 3170
2740 3003
2747 2358
2338 2767
2250 2751
2489 2233
2795 3101
2586 2753
2446 2837
2581 3044
2684 2390
2357 2385
2897 2281
2566 3134
2590 2257
2871 2342
2478 2325
2652 2511
2405 2751
2760 2373
2030 2116
2612 2207
2638 2498
2344 2801
2678 2154
2062 2202
2667 2591
2729 2296
2610 2957
2914 2339
2707 2536
2738 3037
1929 2061
2358 2430
2639 2915
2358 2355
2613 2694
2255 2701
1978 2176
2578 2785
2516 2128
2710 2967
2534 2862
2277 2584
2111 2307
2500 2133
2300 2744
2213 2737
2649 3053
2758 3061
2617 2901
2791 3015
2680 2593
2524 2351
2428 2353
2269 2497
2454 2079
2613 2522
2241 2322
2637 2011
2504 2866
2428 2332
2246 2679
2692 2228
2684 3042
2877 2001
2277 2439
2704 3072
2412 2355
2040 2221
2387 2309
2794 3011
2033 2224
2213 2746
2681 2944
2631 2938
2595 3041
2304 2765
2675 2913
2546 3122
2321 2388
2658 2905
2103 2125
2246 2342
2103 2173
2436 2365
2619 2198
2558 2241
2102 2145
2661 2166
1919 2116
2530 3030
2490 2221
1957 2085
2279 2448
2202 2695
2787 2346
2465 3205
2443 2774
2795 2346
1913 2091
2321 2752
2372 2438
2507 2139
2454 3239
2708 2307
2377 2426
2012 2360
2264 2328
2597 3146
2189 2333
2266 2343
2316 2857
2393 2130
2703 2206
2652 2905
2345 2531
2523 2132
2628 2104
2417 3215
2158 2287
2241 2285
2700 2059
2456 2821
2315 2798
2260 2502
2430 2755
2295 2382
2791 2966
2307 2774
2486 2351
2000 2124
2431 3157
2757 2302
2340 2378
2703 3067
2534 3228
2540 2219
2964 2361
2091 2138
2673 2404
2613 3164
2633 2714
2452 2819
2248 2680
2674 2067
2267 2492
2019 2320
2911 2320
2250 2338
2751 2359
2279 2609
2671 2368
2687 2570
2241 2677
2256 2356
2106 2241
2735 2224
2255 2757
2318 2501
2340 2864
2528 3221
2290 2290
1967 2075
2706 2442
2525 3079
2398 2120
2109 2191
2071 2218
2573 2924
2106 2140
2272 2302
2578 3045
2524 2225
2792 3101
2694 2185
2080 2098
2303 2781
2675 3043
2314 2501
2533 3194
2263 2351
2314 2759
2666 1995
2132 2128
2269 2354
2586 2762
2254 2623
2500 2231
2447 2106
2775 2063
2441 2310
2461 2281
2600 2528
2611 2242
2692 2233
2703 2508
2559 3009
2507 2352
2236 2644
2648 3216
2487 2875
2552 3008
2660 1995
2286 2745
2274 2512
2867 2251
2759 2509
2565 3148
2299 2632
2697 2407
2595 2723
2303 2509
2493 2861
2430 2116
2757 2520
2798 3050
2597 2529
2249 2654
2585 2755
2387 2733
2865 2348
2541 2867
2479 2107
2525 2176
2583 2214
2490 2226
2765 2990
2039 2266
2668 2439
2435 2102
2596 2264
2373 2370
2574 2547
2475 3220
2626 2703
2595 3037
2592 2781
2426 2757
2943 2279
2891 2287
2108 2131
2258 2349
2429 2811
2355 2434
2103 2180
2097 2282
2131 2201
2829 2383
2591 2746
2542 3024
2526 2354
2638 3049
2473 2879
2634 1972
2544 3137
2358 2402
1980 2337
2319 2405
2464 2881
2754 2199
2333 2543
2319 2407
2371 2448
2624 2272
2271 2406
2580 2536
2538 2264
2722 2499
2685 2228
2580 2959
2625 3157
2432 2364
2434 2105
2498 2247
1967 2109
2550 2852
2231 2641
2542 2261
2036 2258
2274 2355
2388 2358
2064 2204
2910 2323
2554 3180
2643 2828
2605 3027
2607 2821
2002 2124
2145 2289
2498 2244
2331 2866
2701 2449
2580 2812
2232 2350
2688 2531
2488 2361
2226 2351
2686 2443
2661 2541
2067 2137
2319 2787
2579 3212
2089 2204
2588 3159
2500 2358
2664 2869
2681 2146
2521 2280
2198 2680
2700 2539
2110 2152
2077 2322
2689 2177
2426 3219
1984 2341
1948 2058
2524 2895
2417 2728
2467 2878
2713 2969
2687 2946
2895 2281
2867 2350
2333 2548
2298 2598
2683 2136
2784 3053
2089 2225
2711 2366
2415 2370
2281 2498
2766 2979
1912 2091
2639 2219
2639 3175
2790 3070
2787 2303
2383 2397
1958 2097
2063 2159
2723 2100
2332 2549
2342 2335
2686 2122
2210 2304
2342 2531
2446 2832
2573 2197
2075 2170
2111 2243
2704 2413
2598 2207
2267 2383
2668 2455
2514 2888
2633 2706
2386 2330
2480 2245
2561 2806
2265 2670
2649 2849
2396 2726
2361 2385
2407 2300
2363 2729
2536 2210
2270 2759
2631 3035
2657 2326
2238 2685
2370 2731
2622 2231
2625 3175
2016 2128
2705 2183
2677 2914
2673 2094
2341 2534
2282 2502
2743 2533
2665 2550
2613 2247
2487 3214
2698 2187
1976 2127
2039 2246
2259 2306
2421 2826
2923 2287
2753 2321
2141 2337
2497 2306
2100 2324
1957 2107
2501 2214
2960 2298
2248 2640
2704 3034
2263 2660
2415 2126
2793 2352
2158 2300
2152 2333
2313 2849
2544 2830
2875 2253
2316 2532
2473 2829
2733 2207
2443 2828
2607 2544
2282 2381
2576 2252
2082 2328
2965 2367
2679 3076
2711 2518
2250 2331
2103 2336
2274 2487
2934 2282
2613 3037
2085 2134
2760 2361
2441 2299
2688 2560
2769 2972
2007 2147
2790 2344
2499 2891
2226 2352
2703 2474
2443 2115
2714 2427
2453 2852
2356 2379
2709 2106
2327 2849
2683 2230
2421 2753
2504 2318
2686 2121
2870 2235
2151 2334
2108 2155
2784 3052
2513 3088
2536 3191
1966 2074
2410 2291
2642 2230
2526 3038
2738 2502
2356 2742
2262 2599
2034 2278
2456 2820
2237 2708
2501 2213
2485 2095
2656 2362
2189 2334
2611 2547
2672 2240
2899 2247
2622 2274
2492 2078
2391 2357
2633 2024
2437 3178
2652 2037
2635 2509
2695 3062
2659 2513
2701 2248
2674 2503
2516 3199
2512 2062
2006 2340
2537 3028
2234 2620
2710 2482
2017 2239
2252 2725
2088 2267
2625 2911
2064 2286
2107 2121
2266 2668
2492 2872
2663 2303
2662 2406
2633 2501
2560 3022
2456 2045
2162 2306
2638 2984
2707 2991
2113 2167
2515 2271
2525 2228
2646 2502
2647 3205
2470 2829
2541 2870
2511 3215
2431 2123
2614 3170
2543 3197
2608 2694
2640 2874
2440 2747
2824 2375
2506 3052
2648 3214
2037 2176
2642 3005
2505 2884
2639 3049
2125 2133
2509 2312
2481 2094
2025 2140
2667 2464
2834 2402
2718 2980
2142 2114
2912 2293
2479 2092
2587 2762
2682 2132
2955 2358
2145 2290
2729 2487
2634 3036
2697 2108
2674 3030
2282 2865
2212 2327
2507 2147
2321 2409
2315 2789
2565 2180
2636 1988
2493 2217
2101 2127
2703 2058
2377 2392
2712 2340
2489 2085
2203 2688
2932 2354
2474 2808
2582 2746
2009 2345
2353 2344
2105 2131
2719 3000
1976 2182
2243 2689
2392 2724
2784 3044
2038 2123
2568 3186
2352 2726
2291 2851
1959 2032
2920 2266
2256 2658
2207 2322
2641 3027
2120 2257
2438 3154
2621 2889
2567 3134
2315 2382
2272 2486
2637 2923
2664 2128
2903 2289
2295 2615
2175 2757
2334 2848
2852 2345
2105 2123
2028 2174
2575 2948
2847 2337
2539 2255
2098 2140
2576 2744
1952 2065
2921 2284
2683 2123
2953 2357
2253 2619
2197 2757
2110 2187
2540 2218
2311 2522
2191 2343
2931 2305
2594 2756
2058 2164
2484 3225
2406 2295
2613 2253
2607 2949
2656 2039
2425 2821
1982 2123
2669 2592
2297 2629
2596 3145
2096 2240
2679 2020
2848 2330
2900 2257
2703 2068
2524 2132
2329 519
2728 2285
2435 2338
2269 2712
2796 3018
2639 3050
1933 2054
2636 2230
2183 2744
2221 2307
2251 2306
1987 2331
2753 2523
2040 2276
2486 2240
2033 2266
2425 2754
2512 3103
2718 2203
2480 2808
2655 2967
2721 2996
2496 2865
1959 2035
2302 2417
2770 2315
2694 2170
2614 2796
2720 2086
2567 3053
2526 3058
2675 2518
2270 2604
2595 2215
2642 2117
2419 2755
2228 2701
2700 2436
2262 2606
2312 2825
2210 2700
2575 2259
2538 2208
2466 2880
2764 2303
2702 2494
2801 2948
2538 2187
2278 2381
2906 2309
2895 2253
2406 2116
2672 2437
2214 2745
2873 2346
1981 2116
2488 2306
1972 2097
2358 2410
1933 2070
2575 2918
2674 2221
2289 2292
2528 2226
2536 3126
2716 2101
2513 3071
2514 2141
2665 2012
2405 2396
2652 2503
2642 2950
2489 2238
2618 2830
2434 2832
2379 2428
2102 2161
2274 2518
2663 2312
2701 2478
2435 2355
2613 2547
2104 2339
2545 3190
2184 2322
2771 2959
2088 2332
2516 2069
2349 2380
2782 2937
2520 3091
2306 2820
2532 2264
1974 2169
2248 2631
2532 2383
2449 2293
2563 2540
2691 3057
2491 2360
2650 3016
2365 2365
2726 2490
2809 2972
2521 2216
2609 2199
2414 2129
2911 2289
2246 2330
2645 3205
2296 2634
2104 2129
2659 2329
2683 2364
2660 2851
2640 2871
2531 3081
2235 2358
2252 2653
2602 2217
2691 2231
2672 2910
2537 3221
2656 2480
2583 2728
2406 2315
2113 2193
2706 2309
2205 2656
2593 2715
2952 2354
2698 2468
2347 2718
2349 2332
2799 3036
2122 2192
2576 2181
2732 2508
2499 2864
2237 2730
2659 2422
2201 2763
2518 2373
2401 2309
2942 2320
2478 2106
2451 2041
2914 2278
2652 3019
2489 2310
2522 2916
2635 2000
2267 2405
2676 2045
2260 2749
2200 2318
2668 2474
2298 2626
2274 2483
2551 3026
2572 3120
2592 2709
2740 2506
2554 3140
2271 2451
2508 2276
2910 2324
2508 2063
1928 2058
2243 2287
2344 2341
2628 2858
2349 2528
2251 2662
2098 2268
2436 3148
2213 2702
2541 2217
2691 2108
2033 2108
2710 2214
2539 3099
2497 2207
2545 3093
2150 2282
2771 2066
1994 2350
2674 2125
2495 3218
2276 2445
2661 3045
2198 2755
2651 2030
2521 2077
2004 2160
2390 2391
2571 2800
2476 3222
2320 2858
2709 2477
2532 2133
1956 2082
2783 3056
2414 2717
2543 2216
2286 2324
2704 2325
2619 2794
2474 3200
2758 2524
2167 2288
2217 2748
2267 2339
2530 2888
2662 2371
2668 2493
2568 3024
2631 3196
2277 2382
2515 2209
2069 2123
2556 2181
2095 2135
2682 2953
2656 2999
2393 2725
2466 2242
2693 3071
2082 2121
2282 2507
2335 2555
2657 2872
2738 2994
2526 2170
1987 2118
2264 2495
2451 3213
2291 2766
2427 3158
2785 2999
2676 2873
2918 2353
1978 2182
2437 2748
2823 2358
2661 2992
2550 2261
2628 2857
2575 2244
2282 2537
2691 2502
2748 2352
2789 3072
2963 2295
2660 2366
2703 2509
2553 3034
2311 2834
2284 2298
2625 2196
2369 2393
2643 2260
2705 2955
2360 2409
2249 2713
2928 2278
2612 3166
2493 2239
2479 2327
2665 2426
2693 2232
2428 2302
2108 2243
2328 2501
2348 2332
2690 2320
2376 2273
2680 2231
2542 2211
2263 2610
2790 3078
2673 2518
2644 2900
2604 2942
2289 2302
2681 2597
2502 2140
2733 2986
2017 2162
2018 2354
2902 2259
2273 2522
2223 2337
2693 2534
2295 2633
2271 2656
2516 2163
2876 2328
2533 3176
2565 3189
2595 2535
2831 2399
2606 3157
2536 2189
2784 2976
2691 2189
2762 3059
2691 3069
1960 2117
2732 2306
2782 2974
1965 2117
1966 2080
2402 2403
2139 2154
2364 2404
2373 2428
2755 2994
2086 2238
2655 2043
2873 2348
2329 2526
2509 2144
2552 2185
2771 2076
2218 2329
2502 3052
2493 2884
2313 2845
2446 2086
2427 2348
2643 2909
2936 2355
2644 2274
2257 2597
2884 2297
2614 2254
2292 2738
2459 2849
2680 3037
2735 3048
2502 3218
2539 2218
2575 2764
2331 2548
2574 3169
2504 2322
2525 2186
2640 2911
2340 2432
2338 2532
2509 2310
2009 2285
2587 2755
2699 2213
2013 2147
2262 2772
2627 3028
2307 2416
2225 2696
2695 2446
2249 2760
2277 2521
2244 2610
2675 2163
2343 2336
2708 2527
2578 2950
2474 2826
2212 2734
2706 2528
2907 2252
2403 2120
2529 3038
2224 2704
2452 2816
2679 2556
2439 2817
2444 2357
2106 2333
2545 2845
2132 2312
2689 2539
2753 2295
2790 3018
2456 2286
2339 2804
2486 2251
2866 2339
2881 2249
2314 2857
2260 2480
2755 2516
2442 2740
2694 2442
2916 2293
2537 2259
2651 2995
2715 2430
2420 2833
2653 2418
2890 2258
2234 2316
2654 2029
2684 2029
2672 2460
2433 3225
2655 2264
2641 2904
2664 2433
2693 2448
2819 2949
2145 2335
2024 2350
2354 2728
2612 2818
2321 2809
2633 2826
2924 2281
2653 2358
2588 2825
2594 3049
2888 2302
2514 2301
2926 2347
2618 2267
2654 1998
2238 2335
2072 2125
2681 2102
2597 2726
2541 2843
2748 2977
2485 2233
2667 2598
2765 3059
2648 2871
2021 2118
2771 2062
2305 2527
2605 2104
2495 2101
2279 2735
2845 2340
2662 2320
2563 3024
2107 2135
2017 2366
2113 2292
2838 2332
2665 2428
2735 3060
2556 2219
2264 2363
2626 2549
2480 3228
1937 2053
2256 2725
1973 2107
1995 2144
2304 2520
2470 2846
2584 2947
2300 2497
2453 2378
2573 2226
2708 2379
2459 3235
2479 2889
2333 2859
2391 2297
2577 3047
2231 2739
2194 2324
2019 2167
2446 3231
2543 3020
2738 3025
2633 2503
2924 2279
2789 2941
2385 2730
2413 2126
2682 2146
2750 2355
2644 2990
2934 2360
2240 2621
2401 2348
2018 2124
1989 2327
2255 2620
2679 2404
2756 2373
2603 2260
2384 2395
2324 2413
2548 3172
2685 3073
2744 2507
2936 2311
2786 2943
2624 3041
2637 2871
2710 2190
2198 2336
2923 2297
2018 2284
2570 2525
2097 2251
2254 2609
2936 2363
2733 3058
2702 2425
2667 2576
2420 2366
2451 2292
2746 3028
2690 2353
2442 2368
2677 2499
2341 2752
2419 2361
2805 3027
2490 2232
2961 2298
2573 2259
2941 2311
2913 2303
2059 2126
2545 3137
1927 2062
2700 2057
2567 2554
2567 3024
2641 2555
2706 2383
2668 2550
2654 1997
2651 2890
2341 2383
2264 2697
2408 2732
2645 2031
2200 2762
2562 2176
2672 2876
2441 2304
2390 2725
2573 3144
2428 2347
2521 3065
2246 2350
2614 2819
2550 3148
2671 2396
2475 2805
2408 2292
2480 2816
2076 2290
2631 3057
2318 2840
2680 2372
2688 2400
1963 2023
2112 2166
2420 3187
2765 2062
1945 2070
2497 2136
2290 2857
2213 2651
2059 2159
2447 2096
2540 3020
2102 2173
2654 3229
2744 2520
2484 2287
2682 2410
2478 2103
2830 2385
2757 2303
2663 3058
2749 3031
2809 3088
2336 2526
2499 2309
2796 2345
2540 2881
2849 2335
2664 2559
2641 3175
2644 2242
1979 2339
2522 2162
2580 2786
2235 2335
2556 3199
2486 2363
2657 2852
2689 2149
2662 2365
2464 2865
2658 2512
2699 2062
2505 2142
2396 2395
2432 2119
2517 3068
2261 2682
2502 2129
2144 2289
2746 2961
2027 2124
2459 2850
2675 2051
2646 2540
2480 2242
1954 2044
2599 2217
2249 2305
2209 2313
2612 3169
2612 2102
2515 3114
2770 2057
2051 2213
2667 2519
2089 2333
2537 3191
2605 2529
2570 3013
2321 2387
2430 2121
2613 2199
2695 2521
2575 3036
2103 2176
2718 3073
2507 2304
2729 2289
2445 2811
2434 3227
2717 2199
2384 2417
1951 2071
2099 2281
2664 2258
2476 3228
2886 2259
2827 2379
2068 2216
2677 2157
2233 2644
2571 2919
2355 2392
2344 2534
2094 2291
2788 2399
2410 2732
2513 2063
2516 2060
2699 2413
2631 2250
2378 2423
2612 3050
2521 2276
2301 2493
2392 2349
2288 2601
2594 3208
2751 3004
2032 2117
2647 2034
2671 2219
2571 3009
2746 2959
2265 2710
2483 2053
2680 2050
2708 2991
2209 2694
2549 2850
2339 2541
2324 2420
2244 2284
2687 2944
2666 2403
2563 2535
2605 2948
2573 2812
2502 3184
2942 2355
2559 3094
2646 3070
2746 2507
2453 3227
1981 2103
2565 2248
2605 3032
2218 2691
2488 2100
2600 2530
2274 2617
2222 2651
2427 2349
2636 2912
2692 2533
2551 3007
2514 2890
2588 2722
2705 2447
2533 2391
2451 2096
2320 2829
2510 2057
2647 1980
2783 2339
1945 2055
2651 2028
2177 2340
2336 2372
2527 2890
2452 2859
2034 2232
2776 2052
2672 2216
2510 2361
2629 1967
2466 2861
2065 2128
2650 2890
2277 2344
2530 3031
2674 1997
2517 2140
1934 2056
2545 3195
2521 3215
2520 2321
2300 2494
2578 2819
1979 2103
2652 2423
2655 3234
2795 3097
2425 2363
2465 2115
2785 2995
2680 2875
2635 2512
2373 2448
2664 3061
2702 2053
2345 2432
2552 2678
2723 3031
2654 2907
2214 2665
2671 2550
2623 2936
2106 2341
2743 2200
2257 2704
2524 2152
2574 3015
2509 2276
2625 2860
2430 2295
2418 3150
2309 2822
1972 2096
2680 2165
2372 2360
2652 2882
2433 2752
2113 2185
2275 2734
2473 2807
2666 2420
2519 2916
2700 2102
2657 2843
2517 2173
2789 3001
2081 2301
2500 2362
2727 3034
2650 3184
2718 2985
2826 2373
2130 2305
2203 2315
2517 2367
2665 2487
2682 2105
2128 2307
2507 2074
2017 2240
2550 2180
2295 2282
2344 2350
2520 3080
2588 2253
2886 2319
2268 2381
2581 2709
2310 2503
2793 3046
2258 2775
2104 2251
2057 2154
2531 2266
2581 3210
2549 2190
2936 2365
2959 2368
2107 2175
2065 2207
2387 2360
2636 2920
2657 2244
2710 2354
2506 2138
2504 2071
2812 2932
2313 2425
2347 2334
2483 3211
2874 2322
2525 2173
2296 2499
2620 2104
2936 2360
2446 2345
2837 2332
2483 2314
2482 2351
2533 3107
2483 3209
2574 2255
2362 2724
2562 3149
2289 2298
2711 2058
2630 3032
2434 2771
2256 2499
2711 2473
2031 2292
2445 2098
2431 2113
2093 2138
2738 2304
2570 3117
2627 2936
2713 2343
2700 2107
2682 2061
2336 2856
2429 3166
2269 2492
2908 2333
2549 3235
2483 2320
2518 2139
2437 2811
2569 3149
2586 3150
2412 2365
2681 2500
2629 2915
2424 3183
2318 2842
2524 2348
2085 2207
2566 2733
2512 2151
2350 2335
2706 2335
2500 2229
2754 2516
2248 2317
2727 3028
2515 3109
2027 2168
2376 2392
1996 2148
2054 2138
2473 3201
2538 2863
2526 2355
2296 2597
2262 2435
2288 2385
2500 2245
2205 2315
2644 2553
2229 2701
2113 2330
1996 2156
2510 2894
2285 2321
2787 2370
2651 2279
2676 2570
2472 2327
2642 2262
2648 2129
2505 3085
2094 2313
2491 3207
2500 3194
2626 3040
2204 2328
2086 2297
1951 2118
2445 2094
1919 2091
2295 2619
2752 2320
2715 2432
2019 2312
2453 2111
1983 2138
2356 2448
2717 2201
2265 2476
2448 2785
2411 2332
2478 2324
2433 2114
1958 2029
2276 2419
2231 2704
2668 2980
2306 2781
2239 2642
2566 2229
1962 2094
2287 2401
2199 2328
2620 2270
2416 2333
1962 2019
2478 2351
2338 2449
2106 2287
2163 2327
2637 2548
2688 3058
2482 2322
2571 2733
2517 2055
2031 2279
2886 2300
2631 2283
2105 2251
2909 2332
2596 2215
2711 2367
2480 2891
2635 3057
2243 2616
2453 2814
2676 2449
2798 3031
2630 2024
2277 2550
2632 2223
2427 3229
2097 2199
2743 2515
2691 2361
2673 2874
2021 2314
2265 2741
2348 2528
2635 2940
1986 2099
2577 3184
2693 2231
2471 2893
2580 3038
2417 3214
2552 3200
2668 2868
2706 2951
2632 3009
2238 2728
2716 2995
2658 2038
1959 2099
2073 2217
2482 3213
2928 2343
2262 2775
2684 2366
2267 2302
2293 2292
2692 2944
2764 2372
2090 2259
2313 2413
2613 2234
2657 2850
1978 2026
2472 2852
2118 2189
2602 2262
2264 2724
2448 2298
2640 2873
2845 2345
2660 2970
2649 2037
2069 2126
2419 2124
2708 2491
2492 3212
2458 2835
2358 2383
2024 2126
2305 2784
2673 2871
2449 3226
2447 2376
1990 2118
2537 2826
2096 2204
2419 2731
2612 2939
2590 3037
2802 2974
2650 2027
1973 2030
2313 2807
2336 2762
2264 2696
2489 2360
2559 2257
2628 2942
2571 2809
2464 2874
2735 2300
2635 2991
2310 2753
2787 2352
2625 2709
2558 2238
2589 2723
2522 2323
2441 3149
2455 2838
2086 2211
2260 2414
2507 2076
2348 2552
2603 2943
2040 2181
2088 2306
2692 2320
2572 2530
2514 3036
2639 2829
2667 2261
2068 2118
2658 2900
2500 2235
2711 2971
2643 2361
2397 2293
2506 3084
2660 2220
1968 2113
1991 2105
2208 2662
2176 2335
2551 3034
2272 2363
2761 2951
2661 1995
2371 2267
2108 2242
2532 2191
1978 2005
2752 2358
2043 2198
2113 2305
2610 2240
2506 2272
2271 2340
2786 2376
2480 2890
2698 2529
2287 2398
2122 2260
2655 3232
2129 2238
2718 3075
2725 3031
2408 2301
2737 3070
1942 2071
2268 2571
2494 2286
2557 2236
2450 2338
2276 2567
2712 2335
2465 2875
2777 2333
2641 2117
2556 3151
2931 2267
2645 2543
2317 2515
2560 2679
1995 2156
2258 2481
2222 2649
2028 2281
2021 2353
2678 2250
2291 2765
2418 2751
2518 3211
2764 2371
2787 3050
2547 3089
2576 2937
2548 2684
2447 2820
2023 2371
2697 3062
2581 2799
2588 2257
2565 2558
2633 2825
2478 2820
2843 2355
2468 2849
2663 2374
2318 2792
1983 2344
2093 2314
2448 2346
2387 2390
2333 2854
2800 2360
2486 2888
2137 2128
2277 2455
2666 2456
2744 3029
2643 3026
2717 2307
2237 2655
2362 2406
2229 2755
1958 2072
2774 2064
2135 2294
2004 2148
2674 2563
2938 2314
2524 3081
2238 2337
2532 3107
2378 2398
2783 2975
2632 2221
2026 2227
2557 3141
2635 2523
2702 2539
2354 2382
2804 2946
2675 2445
2542 3101
2663 2008
2635 1997
2659 2477
2839 2363
1987 2095
2342 2852
2198 2764
2461 2118
2478 3199
2617 3171
2577 2711
2538 2261
2580 2219
2693 2563
2134 2296
2659 2478
2478 2808
2713 2105
2512 2319
2688 3041
2585 2964
2437 2108
2738 2975
2448 2124
2549 2257
2445 2801
2549 2184
2013 2362
2252 2646
2678 2538
2606 2695
2153 2303
2663 1997
2590 3039
2417 2284
1993 2144
1933 2061
2828 2379
2558 3010
2637 2017
2706 2515
2302 2780
2496 2322
2702 2046
2307 2504
2263 2671
2766 2363
2450 2130
2684 2554
2523 2176
2681 2407
2658 2290
2480 2329
1933 2052
2555 3031
2437 2820
2936 2285
2482 2848
2645 2848
2493 2322
2668 2371
2508 3190
2665 2960
2078 2214
2268 2304
2922 2326
2321 2790
2681 3031
2418 3182
2928 2346
2272 2420
2610 3029
2475 2821
2640 2010
2925 2275
2084 2095
2527 2910
2658 2210
2634 1968
2739 2208
2425 2129
2617 2710
2341 2761
2484 2292
2272 2617
2770 2990
2281 2509
2314 2389
2497 2060
2324 2797
2570 2197
2542 3109
2774 2967
2049 2196
2604 3049
2585 2762
2067 2135
2685 2379
2711 2479
2319 2508
2257 2399
2531 3114
2483 2105
2689 3043
2466 2874
2666 2223
2568 2554
2506 2119
2265 2657
2051 2137
2489 2877
2035 2257
2663 2912
2438 2305
2525 2911
2690 2180
2476 2334
2386 2731
2615 2944
2573 3215
2647 2274
2449 2833
1984 2337
2527 3084
2314 2856
2111 2172
2033 2230
2233 2350
1971 2017
1995 2147
2302 2505
2918 2309
2573 3128
2251 2321
2336 2392
1973 2096
2262 2413
2534 3130
2475 2044
2874 2251
2472 2107
2640 3044
2783 3057
2402 2388
2725 2995
2673 2514
2652 2270
2926 2346
2557 3224
2117 2189
2452 2079
2672 2456
2567 2552
2645 3201
2459 2090
2300 2603
2546 3173
2800 3025
2934 2269
2591 2210
2342 2864
2067 2285
2713 2217
1962 2115
2674 2012
2338 2440
2520 2891
2660 2128
2583 2247
2629 3029
1957 2128
2532 3224
1969 2083
2618 3043
2744 2212
2648 2000
2610 3052
2086 2209
1989 2101
2685 2457
2743 3021
2272 2451
2310 2424
2330 2741
2258 2773
2592 2948
2681 3039
2494 3212
2275 2544
2693 2364
2643 2353
2390 2398
2705 3058
2070 2207
2338 2766
2895 2313
2552 2815
2632 2940
2849 2328
2534 3113
2642 2844
2652 2513
2244 2689
2598 3044
1950 2039
2692 2368
2641 2261
2745 2527
2499 2215
2670 2463
2236 2623
2725 3068
2549 2870
2658 2967
2588 2216
2768 2322
2354 2548
2107 2235
2226 2703
2027 2289
2540 2250
2386 2265
2914 2276
2605 3160
2607 2805
2709 2306
2400 2344
2078 2289
2260 2477
2429 2818
2281 2561
1961 2018
2634 2036
2664 3059
2583 3153
2084 2241
2720 3076
2516 2070
2508 3093
2707 2503
2485 2286
2510 2301
2611 2240
2292 2406
2730 3045
2629 2024
2336 2845
2660 2900
2523 2392
2275 2534
2886 2293
2429 3224
2528 3220
2716 2308
2714 2346
2670 2468
2572 3163
2688 2344
2351 2338
2025 2245
2533 3039
2923 2335
2491 2103
2426 3216
2063 2203
2230 2350
2418 2754
2118 2196
2563 2558
2219 2324
2691 2564
2526 3227
2660 2218
2424 2126
2406 2765
2303 2850
2477 2319
2698 2531
2433 3219
2711 2354
2245 2281
2581 2521
2530 2895
2716 2373
2292 2381
2441 2828
2345 2739
2249 2712
2673 2088
2735 2490
2806 3084
2485 3216
1975 2127
2725 2285
2451 3212
2267 2649
2614 2110
2654 2210
2828 2404
2331 2375
2328 2528
2656 2872
2356 2345
2632 2526
2686 2228
2674 2248
2738 2970
2846 2407
2341 2556
2791 2388
2444 3232
2699 2467
2637 2270
2122 2150
2657 2336
2334 2747
2630 3194
2695 2610
2090 2313
2340 2845
2281 2504
2302 2416
2668 2437
2617 2929
2544 2842
2592 2954
2066 2216
2633 2707
2022 2244
2312 2813
2412 2724
2341 2722
2827 2370
2548 2871
2586 2217
2667 2012
2302 2527
2431 3227
2701 2386
2431 2813
2216 2308
2126 2138
2520 2212
2671 2163
2415 3177
2330 2837
2697 3043
2561 2809
2311 2411
2916 2330
2527 3061
2050 2148
2878 2248
2243 2300
2503 3214
2706 2505
2287 2388
2265 2322
2162 2286
2637 2947
2204 2312
2637 2942
2568 2721
2822 2941
2235 2678
2590 2949
2623 3192
2281 2676
2704 2972
2453 3213
2549 3131
2848 2357
2896 2281
2283 2322
2536 3190
2606 2527
2680 2170
2580 2523
2456 2345
2435 2305
2367 2362
2445 2822
2291 2378
2372 2400
2016 2327
2524 2894
2506 3055
2025 2309
2011 2330
2651 2877
2641 2110
2249 2352
1954 2089
2044 2157
2801 3044
2496 2290
2596 2204
2550 2871
2537 3183
2648 3065
2564 2542
2517 2082
2023 2310
2445 2332
2605 2250
2748 2973
2570 2780
2772 2330
2664 2219
2671 2175
2425 3184
2136 2188
2678 2176
2568 2199
2708 2409
2756 2518
2638 2548
2499 2248
2274 2614
2698 2327
2445 2800
2945 2282
2061 2156
2539 2861
2825 2390
2671 2078
2656 2127
2892 2296
2378 2391
2359 2340
2084 2304
2496 2869
2539 3185
2313 2846
2833 2383
2675 2160
2103 2334
2448 2042
2287 2302
2552 3182
2032 2196
2961 2296
2503 2136
2377 2355
2523 2155
2277 2349
2812 3045
2570 3111
2479 2886
2107 2238
2683 2392
2426 3201
2198 2323
2429 2735
2154 2286
2932 2308
2477 2332
1953 2044
2909 2324
2653 2277
2385 2311
2677 2066
2533 3083
2172 2752
2237 2651
1930 2066
2570 3053
2202 2319
2124 2199
2449 2097
2486 2082
2494 3091
2265 2738
2634 2992
2352 2351
2332 2751
2798 3045
2579 2798
2700 2440
2607 2935
2291 2376
2268 2445
2735 3068
2316 2758
2009 2329
2358 2356
2690 2350
2573 3037
2102 2246
2366 2270
2490 2099
2476 2845
2068 2129
2248 2305
2591 2795
2736 2311
2546 2867
2371 2434
2702 2051
2689 2395
2912 2270
2658 3234
2282 2382
2783 3069
2254 2364
2265 2562
2077 2216
2282 2580
2508 2307
2680 2176
2673 2506
2792 3013
2822 2377
2125 2304
2075 2164
2514 3035
2576 2179
2552 3214
2442 2327
2784 2334
2020 2311
2106 2139
2949 2287
2587 2254
2233 2712
2847 2329
1988 2114
2474 2824
2212 2697
2116 2149
2535 3175
2874 2253
2372 2756
2715 2103
2605 3029
2031 2118
2676 2502
2703 2435
2028 2353
2458 2283
2496 2053
2416 2732
2553 2194
2809 3087
2518 3086
2484 2060
2100 2338
2090 2272
2554 3208
2553 2255
2648 2883
2574 2778
2557 2200
2650 2878
2616 2948
2636 3047
2643 2551
2729 2488
2875 2255
2357 2397
2718 3076
2442 2332
2655 2304
2789 2977
2548 3183
2758 2306
2961 2290
2630 2250
2602 2099
2796 2971
2052 2134
2717 2977
2354 2381
2484 2058
2533 3109
2032 2127
2637 2959
2525 3103
2300 2759
2774 2957
2757 2516
2312 2785
2031 2238
2578 2745
2331 2373
2189 2328
2297 2769
2644 3204
2758 2510
2655 1988
2960 2356
2540 3126
2608 2816
2794 2940
2017 2348
2640 3045
2446 2085
2688 2328
2577 2179
2434 2119
2251 2644
2726 2290
2115 2340
2826 2370
2502 2133
2087 2127
2104 2177
2715 3032
2021 2235
2266 2608
2432 3227
2284 2846
2574 2541
2432 2353
2250 2720
2577 3040
2359 2408
2529 3186
2542 2182
2268 2476
2594 2207
2586 2749
2427 2127
2330 2420
2513 2145
2267 2468
2912 2269
2619 2902
2880 2005
2421 2111
2547 2824
2651 2277
2498 2060
2525 2915
2508 2062
2731 3025
2461 2861
2703 3070
2647 1984
2233 2739
2931 2304
2654 2004
2028 2379
2272 2460
2699 2206
2208 2700
2683 2404
2646 3180
2748 2981
2545 3225
2267 2754
2446 2353
2665 2473
2776 3067
2244 2310
2260 2360
2869 2331
2725 2286
2441 2126
2931 2324
2554 2258
2434 2752
2260 2498
2670 2569
2405 2315
2468 2879
2674 2500
2568 3136
2707 2371
2061 2127
2677 2106
2602 2266
1962 2112
1995 2122
2562 2812
2672 2109
2602 2542
2697 2041
2695 2405
2625 3163
1997 2345
2067 2136
2488 2372
2477 2841
2424 3211
2636 2943
2131 2192
2924 2327
2498 2280
2414 3191
2117 2246
2347 2555
2586 3046
2604 2807
2802 2940
2524 3124
2355 2455
2680 2568
2037 2247
1959 2083
2272 2410
2452 2098
2493 3214
2289 2378
2486 2873
2043 2204
2645 2112
2007 2359
2501 3223
2597 3164
2630 2501
2008 2329
2706 2420
2465 2252
2475 2317
2688 2402
2720 2488
2130 2188
2091 2140
2314 2832
2926 2345
2915 2332
2329 2863
2077 2219
2790 3013
2581 2214
1954 2117
2669 3041
2102 2284
2814 2360
2011 2113
2097 2344
2595 2768
2095 2235
2666 2560
2770 2521
2580 2719
2552 2220
2871 2341
2541 3122
2258 2647
2522 2176
2609 2250
2504 2362
2496 2231
2282 2501
2024 2291
2448 2855
2640 3019
2635 2522
1950 2122
2125 2305
2738 2496
2903 2342
2306 2784
2234 2354
2492 2880
2703 2355
2589 2798
2725 2206
2760 2955
2702 2383
2721 2097
2270 2339
2461 3237
2889 2287
2490 2079
2625 2918
2390 2723
2422 3191
2682 2134
2172 2293
2629 2856
2608 2948
2038 2248
2671 2560
2267 2305
2618 2228
2519 2332
2692 2537
2415 2736
2022 2217
2389 2288
2181 2749
2597 2770
2210 2652
2645 3203
2637 2866
2615 2829
2639 1992
2705 2228
2129 2192
2589 2261
2538 3075
2116 2253
2793 2365
2110 2156
2084 2212
2274 2548
2450 2094
2120 2200
2299 2606
2714 2376
2314 2805
2770 2368
2636 2996
2435 2327
2963 2296
2074 2321
2296 2620
2419 2143
2095 2270
2255 2758
2575 2223
2674 2128
2601 2217
2461 2083
2099 2347
2072 2217
2297 2748
2645 2992
2527 2356
2679 3027
2629 2213
2662 2364
2489 3211
2732 3059
2167 2292
2581 2821
2795 2365
2549 3028
2525 3048
2457 2342
2051 2197
2678 2943
2436 2123
2416 2759
2441 2787
2689 2146
2655 2323
2362 2378
2246 2356
2850 2345
2772 2368
2791 2969
2070 2286
2493 2115
2921 2264
2713 2199
2515 3214
2454 2128
1939 2102
2528 3114
2412 2114
2642 3192
2560 3181
2534 3127
2496 2060
2456 3234
2553 3014
2354 2547
1977 2177
2628 2028
2736 3033
2447 2817
2199 2318
2674 2569
2696 3060
2572 3119
2211 2690
2738 2315
1996 2169
2643 2109
2492 2863
2730 2296
2511 2319
1953 2028
2808 3044
2653 2299
2669 2983
2668 3025
2338 2852
2767 2994
2921 2299
2259 2307
2496 3231
2607 2257
2510 2123
2682 2949
2934 2310
2411 2757
2747 2316
2752 2354
2025 2288
2514 2371
2525 2277
2643 2987
1934 2055
2743 3028
2557 2228
2628 2014
2477 2106
2513 3187
2326 2742
2048 2210
2274 2566
2037 2275
2849 2343
2915 2272
2662 2995
2226 2337
2620 2268
2313 2805
2371 2433
2451 2362
2495 2136
2670 2263
2643 2843
2843 2404
2252 2754
2633 1965
2110 2158
2512 3191
2554 2820
2413 2715
2660 2296
2597 3145
2502 2275
2763 3059
2667 2077
2760 2204
2716 2374
2424 2825
2642 2229
1988 2098
2704 2314
2794 3016
2506 2868
2715 3037
2675 2870
2222 2321
2577 2220
2520 2300
2659 2966
2339 2532
2580 2745
2785 3058
2733 2202
2670 2219
2639 2923
2895 2258
2936 2283
2512 2328
2274 2562
2518 3116
2923 2351
2635 2990
2316 2759
2420 2110
2434 2826
2453 2290
2251 2681
2452 2341
2617 2557
2160 2312
2547 2196
2934 2308
2744 2513
2274 2684
2629 1966
2791 3013
2259 2653
2107 2136
2910 2338
2593 2723
2591 3047
2703 2187
2266 2660
2767 2358
2651 2541
2745 3027
2656 2540
2614 3169
2807 2360
2624 2278
2472 2110
2397 2397
2543 3101
2646 2555
2036 2270
2480 2053
2668 2545
2578 2974
2234 2675
2847 2335
2689 2344
2588 2267
2382 2266
2663 2242
2694 2503
2215 2742
2296 2535
2655 2337
2312 2504
2711 2353
2703 3057
2650 2036
2583 2718
2797 3074
2179 2321
2701 2222
2521 3037
2537 3220
2345 2430
2553 3146
2609 2253
2551 2192
1988 2169
2675 2174
2679 2129
2451 2813
2709 2363
2285 2858
2706 3053
2538 2192
2385 2334
2679 2955
2640 2037
2710 2480
2762 2361
2324 2831
2894 2306
2644 3197
2699 2471
2701 2233
2432 2305
2356 2745
2589 2956
2698 2192
2659 2258
2113 2243
2470 2872
2675 2052
2472 2109
2582 2203
2229 2753
2417 2330
2316 2757
2696 2561
2109 2347
2286 2314
2902 2299
2034 2196
2432 2742
2385 2399
2643 2027
2503 3053
2713 2206
2659 2512
2493 2299
2311 2420
2739 3049
2334 2374
2261 2321
2492 2285
2742 3028
1954 2103
2076 2227
2672 2571
2392 2401
2543 2218
2731 3046
2410 2293
2156 2326
2672 2912
2625 3178
2618 2900
2670 2172
2428 2303
2684 2141
2871 2254
2705 2171
2270 2480
2029 2287
2665 2373
2271 2302
2653 2274
2695 2064
2136 2292
2702 2208
2683 2044
2098 2135
2657 3002
2103 2194
2684 2226
2400 2726
2617 2894
2468 2816
2662 2243
2653 3235
2536 2370
1965 2110
2628 3169
2620 3047
2477 3221
2261 2392
2432 2120
2664 3207
2526 2041
2017 2232
2293 2411
2665 2490
2574 2800
2947 2361
2614 2232
2212 2748
2250 2653
2540 2870
2572 2197
2283 2859
2411 2134
2761 2990
2752 2346
2263 2724
2430 3157
2297 2598
2556 2679
2035 2266
2788 2374
2613 2693
2466 2878
2592 2797
2134 2193
2589 2710
2209 2706
2002 2143
2433 3180
2198 2320
2709 2510
2036 2257
2674 2958
2311 2426
2639 2550
2267 2651
2283 2492
2566 2908
2799 2342
2821 2368
2411 2755
2912 2302
2324 2418
2241 2655
2819 2947
2627 2206
2447 2087
2792 2954
2563 2910
2568 3091
2668 2435
2533 3197
2319 2430
2634 1993
2884 2240
2022 2237
2453 2782
2520 3065
2640 3060
2486 2227
2626 2885
2102 2247
2558 3184
2235 2670
2320 2750
2786 2991
2105 2147
2210 2658
2271 2473
2220 2694
2352 2443
2645 3198
2211 2647
2545 3024
2426 3217
2594 2779
2151 2330
2419 2282
2631 2502
2095 2262
2242 2342
2716 2977
2380 2325
2665 2986
2652 3024
2339 2802
2588 2758
2708 2526
2686 2943
2409 2326
2678 2043
2310 2534
2677 2155
2288 2304
2457 3216
2670 2245
2270 2492
2347 2725
2734 3066
2517 2054
2220 2753
2350 2343
2103 2338
2075 2310
2878 2257
2739 3057
2522 3080
2386 2361
2499 2115
2885 2252
2404 2364
2311 2822
2292 2408
2678 2320
2743 2204
2020 2308
2236 2716
2319 2432
2941 2307
2700 2224
2685 2325
2682 2159
2432 2743
2692 2539
2712 2372
2525 2170
2591 3212
2757 2343
2491 2875
2638 2285
2509 3092
2147 2289
2349 2743
2751 2319
2203 2695
2632 2035
2751 2295
2267 2394
2411 2141
2374 2273
2629 2995
2706 2336
2729 2203
2437 2770
2586 2826
2525 2225
2361 2436
2825 2372
2353 2343
2332 2530
2709 2447
2451 2117
2639 2866
2687 2168
2287 2385
2323 2401
2277 2435
2536 3105
2338 2534
2652 2995
2288 2339
2417 2738
2836 2361
2656 2511
2651 3053
2425 2329
2274 2398
2238 2720
2302 2746
2108 2158
2635 2543
2603 2262
2612 3174
2243 2640
2667 3046
2335 2438
2878 2004
2407 2116
2678 2596
2376 2359
2512 2073
2653 2908
2785 2374
2106 2256
2553 2687
2914 2349
2274 2433
2328 2544
2683 2325
2318 2744
2503 3052
2529 3078
2278 2565
2372 2448
2576 3164
2677 3027
2108 2157
2021 2303
2665 2038
2103 2165
2429 2288
2578 2540
2789 3073
2366 2392
2667 2010
2699 2942
2701 2174
2108 2256
2594 2698
2477 2344
2356 2377
2570 2909
2055 2213
2595 2536
2514 2367
2429 2765
2199 2313
2783 2994
2522 3082
2336 2443
2359 2436
2619 3047
2680 2177
2447 2832
2288 2388
2311 2506
2773 2061
2126 2137
2778 2369
1973 2127
2566 2723
2686 2599
2649 2261
2535 2222
2613 2818
2534 3218
2522 2215
2068 2147
2523 2359
2063 2211
2918 2278
2537 3198
2353 2736
2239 2360
2750 2294
2959 2294
2482 3203
2635 2499
2653 2855
2517 2051
2787 2353
2325 2441
2201 2688
2032 2216
2382 2357
2685 2318
2384 2396
2842 2364
2523 3038
2026 2349
2703 2177
2146 2344
2656 2998
2629 2925
2632 2914
2883 2259
2705 2353
2568 2726
2657 2256
2522 2041
2352 2750
2484 2057
2739 3023
2501 2077
2271 2353
2356 2380
2697 2228
2093 2140
2402 2755
2313 2857
2255 2353
2268 2661
2635 1998
2526 2155
1948 2110
2650 2000
2251 2756
2109 2255
2664 3210
2084 2325
2430 2298
2702 2224
2670 2919
2318 2851
2010 2326
2491 2371
2603 3165
2526 2888
2447 2838
2305 2528
2504 2317
2600 3166
2693 3058
2185 2336
2526 3088
2648 2853
2948 2348
2102 2179
2709 2496
2574 2225
2524 3088
2627 2289
2671 2923
2513 2229
2419 2371
2670 2561
2514 3191
2788 3075
2379 2278
2546 2186
1976 2013
2322 2533
2894 2281
2701 2402
2941 2280
2283 2499
2325 2389
2566 3096
2852 2346
2322 2531
2840 2361
2662 3043
2449 2038
2353 2739
2542 2220
2651 2882
2200 2313
2779 2339
2360 2402
2433 2772
2708 3037
2462 2819
2555 2689
2299 2772
2547 3188
1941 2105
2286 2851
2696 2186
2563 3208
2788 2989
2623 2888
2460 2116
2519 3079
2526 3044
2214 2300
2257 2367
2669 2967
2506 2327
2528 2174
2517 3110
2555 2225
2658 2478
2783 2939
2345 2345
2538 2882
2632 2010
2699 2946
2279 2498
2675 2519
1972 2133
2572 3142
2705 2332
2118 2131
2204 2697
2210 2318
2479 2852
2250 2337
2191 2752
2713 2203
2017 2364
2414 2130
2700 2946
2422 3190
2284 2397
2693 2520
2387 2418
2294 2379
2286 2420
2665 2002
2669 2401
2386 2391
2187 2334
2660 2331
2354 2384
2524 2375
2756 2360
2535 2267
2072 2144
2801 3104
2583 2700
2273 2684
2240 2284
2264 2352
1959 2024
1997 2107
2403 2295
2012 2303
2040 2194
2504 2222
2567 2182
2641 3234
2129 2130
2275 2512
2684 2031
1918 2102
2619 2191
2673 2941
2038 2116
2474 2316
2554 2260
2541 3184
2594 2761
2640 2223
2471 2858
2232 2288
2201 2679
2608 2820
2130 2201
2675 2000
2324 2835
2265 2364
2645 3181
1947 2060
2534 3122
2468 2890
2755 3002
2534 3123
2455 2344
2485 3092
2413 2371
2211 2753
2584 2957
2615 2814
2089 2241
2922 2264
2519 2298
2665 2420
2529 2357
2631 2026
2281 2615
2613 2820
2450 2092
2114 2239
2695 2605
2593 2815
2396 2120
2892 2314
2571 2225
2576 2219
2568 2224
2326 2506
2526 2353
2713 2488
2676 2051
2451 3228
2035 2232
2305 2605
2675 2067
2430 3227
2644 2288
2572 3184
2615 2545
2873 2244
2499 2276
2492 2325
2100 2236
1974 2348
2923 2336
2679 2176
2503 2076
2045 2208
2230 2754
2226 2332
2698 2111
2716 2372
2577 2940
2768 2362
2291 2373
2396 2308
2482 2049
2519 2320
2585 2734
2237 2709
2619 3049
2562 2257
2555 3136
2212 2304
2525 2217
2083 2129
2333 2553
2332 2553
2501 3195
2101 2279
2744 2976
2146 2345
2262 2560
2662 2314
2379 2273
2768 2990
2477 3228
2227 2700
2634 2033
2710 3056
2274 2437
2403 2401
2628 2916
2718 2214
2937 2364
2447 2125
2573 2538
2559 2200
2468 2889
2303 2384
2261 2342
2902 2250
2583 3207
2741 3033
2665 2011
2593 2260
2785 3040
2399 2120
2305 2415
2480 2342
2391 2294
2687 2340
2618 2190
2674 2436
2269 2463
2250 2644
2273 2394
2520 2077
2557 3184
2535 3197
1967 2020
2642 2955
2767 2052
2686 2333
1974 2106
2698 2064
2691 2317
2747 2294
2446 2821
2739 2981
1954 2027
2010 2115
2233 2298
2590 2270
2547 2261
2526 3102
2325 2745
2680 3077
2060 2145
2926 2351
2303 2532
2700 2386
2745 3016
2487 2051
2468 2875
2452 2111
2084 2112
2890 2281
2067 2169
2455 2814
2488 2863
2354 2556
2537 2218
2525 2168
2548 3185
2392 2317
2536 2190
2533 3104
2670 2506
2107 2333
2215 2692
2441 2306
2740 2295
2671 2554
2022 2354
2742 2203
2106 2234
2577 2952
2577 2744
2577 2517
2487 2886
2239 2730
2081 2125
2020 2356
2373 2416
2281 2547
2024 2370
2844 2406
2336 2865
2459 2039
2669 2088
2395 2130
2741 2210
2434 2742
2700 3058
2790 2403
2567 2225
2211 2695
2624 1974
1976 2350
2264 2741
2317 2758
2547 3177
2709 2523
2915 2312
2665 2910
1955 2105
2801 3027
2688 2446
2639 3020
2295 2618
2300 2386
2311 2533
2345 2395
2686 2021
2071 2144
2389 2340
2119 2191
2624 2274
2472 3202
2199 2764
2904 2250
2694 2504
2688 2020
2167 2290
2611 3050
2638 2996
2496 2243
2169 2322
2235 2307
2727 2285
2656 2905
2138 2335
2561 2250
2683 2445
2702 2959
2540 3231
2647 2238
2641 3189
1948 2120
2557 2868
2230 2296
2604 2235
2537 3171
2634 3034
2011 2349
2073 2226
2101 2243
2563 2225
2842 2362
2754 2320
2712 2969
2474 2890
2087 2204
2208 2313
2370 2367
2538 2223
2709 2473
1963 2095
2233 2650
2798 2358
2530 3224
2549 3144
2404 2398
2347 2551
2611 3056
2538 2866
2653 2838
2800 2339
2263 2493
2499 2054
2753 2966
2687 3069
2529 2135
2115 2294
2327 2428
2209 2708
2771 2075
2109 2157
2341 2386
2410 2756
2765 2991
2666 2922
2280 2863
1989 2141
2186 2755
2277 2438
2336 2827
2727 3069
2331 2422
2568 2188
2511 3101
1926 2084
2705 2494
2112 2338
2479 2351
2590 2824
2281 2507
2682 2364
2481 2816
2451 3230
2261 2415
2689 2564
1926 2089
2670 1998
2460 2088
2437 2827
2416 2740
2342 2338
2530 3010
2937 2370
2917 2282
2615 3172
2554 2813
2690 2369
2268 2496
2411 2371
2612 2240
2521 3084
2337 2554
2531 3112
2344 2434
2613 2526
2557 2222
2354 2552
2311 2526
2807 2945
2260 2428
2298 2382
2204 2327
2503 2310
2264 2434
2429 2734
2669 2568
2092 2138
1975 2010
2729 2991
2861 2349
2812 2935
2250 2727
2873 2253
2890 2287
2690 3064
2285 2382
2664 3058
2373 2753
2542 2825
2521 2300
2579 2786
2366 2369
2291 2412
2573 2926
2329 2417
2791 2387
2673 2043
2640 2906
2048 2212
2623 2548
2434 3224
2694 2394
2440 2342
2680 2130
2272 2550
2830 2404
2453 2853
2682 2497
2266 2394
2523 3052
2480 2809
2632 2106
2718 3000
2892 2298
2490 2350
2709 2512
2684 2143
2351 2337
2200 2764
2813 2932
1954 2102
2314 2745
2482 3217
2710 3073
2310 2404
2432 2122
2730 2221
2601 3048
2630 3195
2805 3089
2477 2238
2399 2363
2697 2942
2311 2757
2481 3224
2539 3098
2089 2297
2324 2389
2774 2372
2448 3227
2073 2221
2431 2810
2747 2523
2690 2148
2268 2651
2098 2339
2514 2073
2496 2292
2796 3047
2667 2568
2732 2198
2762 2995
2610 3053
2182 2333
2739 2974
2420 2364
2303 2754
2922 2268
2513 2210
2483 2094
2524 3034
2502 2309
2099 2338
2432 2755
2899 2250
2095 2278
2451 2791
2279 2513
1989 2104
2276 2548
2710 2381
2422 3159
2365 2753
2496 2133
2022 2138
2520 2136
2949 2293
2548 2866
2654 3022
2552 3211
2583 2533
2729 2224
2516 2126
2665 2869
2443 2316
2535 3200
2503 2883
2371 2443
2628 2906
2498 2128
2792 2389
2657 2285
2006 2148
2728 3067
2347 2400
2602 3165
2632 3032
2740 2510
1981 2334
2291 2301
2633 2828
2632 2107
2732 3050
2801 2361
2755 3063
1927 2069
2685 2142
2561 3219
2227 2343
2699 2105
2537 3181
2450 2101
2640 2234
2926 2280
2604 2103
2023 2297
2903 2299
2287 2537
2144 2290
2098 2200
2507 3193
1982 2116
2368 2268
2500 2132
2628 2885
2291 2375
2440 3148
2510 3114
2071 2290
2675 2324
2576 2781
2922 2299
2951 2365
2955 2289
2225 2328
2676 2227
2615 2553
2294 2607
2349 2741
2294 2853
2741 3034
2651 3006
2575 2783
2292 2621
2783 2330
2287 2497
2315 2441
2524 3085
2415 2322
2102 2240
1951 2113
2724 2214
2635 2874
1972 2130
2661 2281
2454 2338
2770 2074
2443 2369
2431 2812
2624 1964
2749 2314
2325 2530
2686 2066
2391 2401
2352 2721
2440 2774
2701 2231
2267 2300
2679 2090
2316 2441
2577 2804
2917 2264
2553 3139
2573 2220
2533 2372
2391 2292
2265 2433
2009 2359
2026 2281
2642 2867
2674 2912
2601 2216
2076 2314
2654 2345
2432 2812
2496 2238
2270 2332
2755 2523
2154 2326
2592 2220
2660 2240
2316 2384
2629 2926
2695 2360
2894 2297
2804 2945
2531 3108
2045 2206
2659 2992
2211 2688
2517 3115
2488 2285
2454 2287
2634 2034
2699 2510
2710 2511
2401 2118
2480 2847
2229 2759
2251 2720
2569 2806
2936 2366
2508 2273
2685 2103
2266 2444
2785 2335
2533 3182
2524 2228
2808 2975
2589 2695
2662 3207
2594 3171
2344 2443
2644 2122
2650 2001
1948 2063
2607 3146
2572 2182
2747 2977
2185 2751
2553 2813
2649 2882
2693 2068
2754 3061
2374 2754
2659 1992
2492 2288
2693 2227
1977 2126
2446 2771
2842 2346
2664 2167
2935 2284
2263 2494
2471 2846
2526 2036
2701 2473
2134 2157
2459 2339
2114 2306
2496 2136
2387 2333
2279 2388
2526 3046
2456 2328
2457 2089
2536 3115
2141 2153
2659 2542
2275 2409
2877 2248
2335 2527
2483 3191
2532 2076
2559 2679
2954 2292
2019 2304
2671 2579
2286 2298
1994 2147
2267 2757
1983 2337
2324 2528
2011 2149
2651 2845
2726 2206
2570 3186
2661 3003
2655 2291
2541 2873
2427 2820
2373 2354
2542 3106
2914 2312
2688 2354
2707 2185
2480 2886
2451 2349
2530 3223
2592 2541
2101 2172
2272 2738
2178 2320
2402 2729
2504 2865
2685 2557
2289 2847
2490 2238
2769 3061
2659 2279
2369 2403
2337 2766
2320 2445
2576 3150
2235 2622
2380 2396
2642 2272
2390 2339
2635 2218
2671 2071
2687 2533
2765 2322
2263 2725
2233 2713
2927 2283
2600 3171
2455 2281
2670 1999
2409 2370
2513 2073
2526 3115
2249 2715
2111 2244
2676 2944
2696 2226
2572 3025
2688 2104
2448 2797
2198 2765
2905 2346
2573 3050
2467 2292
2497 2102
2294 2540
2681 2539
2625 3187
2526 3080
2593 3160
2446 2104
2390 2127
2745 2980
1987 2111
2458 2343
2437 3177
2680 2061
2684 2021
2748 3031
2042 2182
2709 2105
2382 2727
2648 2827
2013 2148
2480 2819
2586 3148
2908 2266
2591 2699
2668 2130
2101 2128
2648 2036
2524 2229
2710 3076
2445 2317
1998 2110
2923 2263
2031 2281
2708 2235
2489 2884
2572 2249
2635 2957
2638 2918
2216 2692
2618 2935
2956 2357
2650 1989
2539 2223
2335 2750
2118 2243
2470 2851
2443 3170
2549 3022
2280 2494
2221 2306
2060 2127
2568 2694
2658 2515
2092 2270
2565 2224
2265 2668
2643 3035
2632 2008
2134 2190
2707 2207
2651 2997
2100 2139
2107 2137
2532 2387
2667 2958
2328 2745
2658 2237
2467 2037
2637 2980
2575 3034
2030 2168
2291 2302
2916 2263
2665 2583
2674 2091
2006 2319
2819 2945
2634 2016
2620 2886
2679 2250
2613 2794
2449 3204
2273 2308
2733 3020
2668 2263
2700 2399
2086 2329
2952 2295
2291 2624
2325 2857
2922 2287
2512 3098
2736 3054
2309 2408
2659 2276
2072 2170
2846 2356
2793 3088
1974 2171
2491 2107
2340 2860
2670 2259
2641 2916
2475 2312
2500 2321
2515 3189
2001 2150
2536 3114
2671 2129
2612 3044
2566 3102
2528 3227
2653 2023
2798 3023
2673 2363
2666 2114
2132 2311
2768 2294
2596 2714
2172 2326
2437 2119
2565 3134
2670 2476
2362 2756
2497 2285
2368 2404
2623 3041
2511 3118
2679 3025
2365 2388
2312 2500
2233 2359
2914 2347
2656 2315
2114 2292
2378 2267
2671 2103
2574 2783
2141 2124
2666 2568
2738 2972
2500 2055
2519 2296
2784 2975
2746 2981
2516 3188
2274 2419
2572 3211
2684 2328
2241 2316
2584 2208
2662 2492
2906 2270
2681 2499
2195 2752
2546 3226
2726 2288
2439 2769
2851 2344
2408 2127
2347 2855
2765 2061
2516 2156
2643 3177
2311 2825
2553 3206
2720 2995
1996 2162
2726 3026
2737 2222
2201 2340
1968 2118
2846 2362
2493 2105
2086 2315
2057 2167
2575 2820
2055 2153
2541 2857
2337 2804
2405 2294
2711 2426
2417 2333
2259 2596
2146 2338
2483 2298
2421 3192
2333 2847
2480 2096
2562 2685
2639 2029
2088 2285
2428 3222
2345 2755
2797 2952
2683 2124
2849 2361
2137 2124
2882 2328
2333 2530
2635 2278
2486 2365
2024 2122
2546 3223
2093 2269
2708 2355
2387 2278
2620 2713
2274 2563
2943 2280
2315 2788
1971 2114
2157 2287
2744 3058
2665 2425
2307 2764
2478 2311
2436 2350
2331 2417
2304 2748
2793 2977
2522 2885
2447 2836
2216 2734
2799 3087
2329 2424
2272 2680
2651 2507
2606 3162
2564 3215
2100 2256
2696 2950
2670 2230
2676 3038
2774 2061
2267 2434
2880 2328
2801 2971
1983 2334
2013 2161
2491 2084
2959 2292
2676 2013
2657 2478
2254 2354
2484 2090
2666 2314
2417 2756
2557 3033
2449 2112
2286 2733
2679 3034
2659 2337
2669 2581
2418 3157
2077 2170
2803 2140
2603 2694
2446 2372
2627 1973
2532 2183
2269 2320
2669 3039
2066 2130
1993 2169
2279 2546
2524 2383
2556 3140
2792 3084
2604 3035
2559 3173
2446 2044
2171 2753
2789 3017
2345 2434
2566 2179
2445 2330
2723 2496
2647 3231
2450 2299
2655 1991
2579 3044
2661 2477
2270 2737
2435 2758
2687 2943
2362 2732
2716 2485
2478 2842
2083 2226
2325 2394
2466 2042
2265 2755
1952 2119
2018 2162
2526 2348
2760 2370
2555 3128
2389 2722
2522 2908
2923 2290
2673 2940
2672 2552
2511 3211
2242 2300
2433 2333
2328 517
2633 2524
2664 2314
2101 2198
2437 2330
2873 2341
2715 2198
2442 2834
2619 2941
2698 3068
2471 3207
2652 2242
2164 2306
2547 2871
2270 2562
2268 2444
2668 3041
2308 2504
2507 2276
2667 2073
2308 2748
2444 3236
2471 2239
2065 2162
2631 2508
2523 2177
2475 2836
1974 2084
2483 2315
2922 2296
2041 2211
2398 2111
2646 2556
2237 2297
2017 2373
2833 2382
2780 2983
2901 2316
1950 2044
2691 2151
2019 2225
1995 2118
2205 2323
2110 2241
2628 2279
2505 2083
2128 2160
2497 3225
2264 2736
2525 3218
2632 2508
2540 2260
2455 2341
2329 2440
2471 2877
2406 2395
2130 2303
2654 2841
2293 2348
2560 2217
2279 2360
2477 2341
2703 2386
2793 2966
2571 2689
2913 2272
2233 2295
2430 2353
2668 2875
2354 2735
2052 2216
2917 2328
2309 2747
2711 3063
2398 2303
2679 2160
2175 2292
2530 2893
2479 2809
2608 2812
2650 2273
2675 3026
2697 2223
2016 2214
2709 2329
2790 2941
2957 2292
2520 2274
2437 2331
2685 2057
1956 2105
2539 2250
2561 2811
2952 2353
2049 2209
1930 2087
2528 2176
1979 2104
2492 3211
2446 2336
2001 2124
2303 2761
2746 2208
2516 3201
2697 2216
2574 3165
2500 2860
2775 2060
2595 2750
2089 2299
2470 2338
2122 2294
2022 2359
2361 2402
2613 3162
2263 2775
2170 2291
2510 2061
2570 2791
1926 2083
2500 3182
2133 2106
2333 2834
2903 2283
2649 2881
2423 3210
2647 2500
2626 2277
2687 2596
2569 2957
2583 2969
2613 2204
2646 3035
2299 2383
2557 2240
1955 2082
2449 2802
2492 2304
2573 2916
2701 2329
2471 2238
2571 3209
2402 2395
2630 2995
2644 2992
2263 2762
2558 3140
2312 2523
2752 2295
1965 2024
2370 2267
2146 2318
2267 2301
2654 2205
2770 2983
2275 2862
2676 2538
2899 2264
2891 2281
2528 3222
2556 2221
2365 2357
2389 2295
1980 2009
2245 2280
2797 2362
2771 2958
2916 2279
2516 3213
2316 2512
2952 2367
2737 3038
2828 2407
2788 3047
2089 2264
2587 2709
2313 2835
2590 2724
2563 2678
2533 3102
2834 2363
2613 3044
2885 2325
2277 2294
2012 2329
2248 2618
2662 3050
2368 2377
2571 2227
2661 2128
2669 2257
2504 2116
2554 3145
2692 2340
2426 3210
2700 2318
2425 3199
2684 2539
2794 2978
2729 3066
2805 2972
2315 2855
1951 2064
2534 3109
2522 2217
2667 2129
1987 2330
2028 2372
2660 3053
2647 3188
2090 2314
2430 2818
2670 2394
2528 2171
2267 2729
2683 2151
2396 2124
1988 2111
2632 2708
2290 2849
2634 2035
2631 2109
2299 2510
2356 2453
2318 2850
2659 2911
2088 2131
2266 2651
2107 2170
2634 3188
2612 2928
2599 3164
2370 2450
2322 2505
2732 3023
2278 2422
2518 2160
2468 2818
2609 2802
1998 2348
2528 3105
2569 3147
2899 2257
2562 2680
2282 2386
2409 2732
2356 2751
2542 2831
2006 2334
2578 2516
2320 2532
2536 2863
2527 2269
2646 2241
2252 2724
2564 2535
2453 2836
2709 2242
2924 2333
2674 2245
1959 2108
2632 2823
2613 2821
2541 2249
2572 2957
2726 3024
2664 2870
2428 2734
1956 2129
2662 2299
2249 2638
2624 2247
2085 2276
2527 3114
2683 2395
2122 2289
2462 2080
2438 2748
2302 2524
2816 2940
2583 2530
2429 2116
2657 2848
1945 2061
2321 2382
2150 2296
2363 2377
2675 2541
2458 2850
2733 3039
2530 2185
2273 2599
2571 2912
2643 2295
2950 2356
2338 2867
2414 2734
2021 2138
2461 2039
2269 2304
2266 2482
2085 2206
2661 2283
2219 2307
1953 2040
2415 2367
2698 2409
2011 2168
2795 3023
2374 2379
2808 2974
2838 2374
2518 3105
2117 2254
2658 2240
2262 2763
2167 2320
2303 2415
2590 2259
2412 2755
2611 2927
2728 2224
2597 2711
2665 2296
2496 2281
2789 2402
2754 3063
2665 2955
2264 2729
2659 2995
2219 2747
2669 2252
2626 3176
2263 2662
2523 3104
2347 2723
2627 2938
1925 2089
2559 2255
2491 3089
2560 2811
2787 3037
2417 2123
2496 3183
2741 2976
2512 2124
2704 2215
2574 3183
2537 3011
2685 2222
2391 2346
2843 2329
2582 2256
2491 3202
2736 2303
2616 2940
1959 2093
2560 2201
2504 2873
2520 2917
2482 2360
2704 2244
2105 2180
2647 2032
2639 2017
2380 2723
2785 3038
2334 2439
2096 2316
2860 2339
2080 2125
2395 2289
1962 2107
2851 2345
2370 2399
2613 2812
2694 2311
2566 2734
2076 2163
2632 1980
2030 2253
2571 2937
2754 2322
2089 2242
2604 2695
2287 2594
2676 3040
2662 3209
2727 3030
2414 2730
2666 2317
2664 2312
2376 2277
2947 2365
2267 2728
2598 2265
2908 2267
2048 2152
2669 2539
2900 2286
2094 2265
2215 2307
2277 2292
2775 2974
2271 2446
2759 2996
2636 2829
2423 3186
2043 2210
2055 2207
2619 2231
1920 2072
2362 2385
2545 3091
2775 3064
2408 2762
2790 2966
2618 2905
2702 2319
2185 2752
2210 2663
2470 3206
2128 2114
2694 2562
2023 2228
2231 2626
2108 2199
2476 2104
2561 3172
2466 2839
2565 3097
2786 2941
2786 3094
2476 2881
2901 2301
2215 2746
2102 2146
2648 3061
2279 2740
2625 3180
2592 2784
2572 3049
2405 2722
2652 2483
2229 2699
2441 2744
2519 2174
2524 2914
2829 2377
2584 2258
2771 2318
2644 3070
2571 3147
2481 3225
2777 2323
2872 2328
2483 2293
2675 2569
2776 2994
2691 2536
2642 2831
2332 2374
2549 3019
2112 2195
2549 3238
2690 2504
2594 2760
2489 3200
2524 2186
2350 2737
2571 2729
2326 2849
2690 2361
2484 2344
2495 2223
2523 3064
2674 2079
2869 2249
2570 2193
2025 2279
2101 2278
2223 2301
2874 2254
1984 2340
2688 2035
2453 3208
2018 2377
2406 2120
2678 2103
2682 2144
2694 2400
2293 2289
2608 3030
2217 2651
2583 2705
2396 2344
2541 2866
2372 2401
2799 2125
2462 2883
2487 2083
2270 2345
2626 2902
2069 2226
2584 2952
2019 2284
2708 3064
2650 2889
1975 2174
2241 2608
2741 2977
2359 2357
2682 2954
2279 2446
2099 2254
2682 2957
2649 2848
2687 2552
2452 3210
2467 2102
2763 2961
2354 2748
2657 3233
2799 3048
2315 2528
2284 2441
1999 2348
2023 2131
2573 2923
2591 2950
2602 3146
2388 2339
2647 2001
2298 2532
2516 3200
2377 2423
2681 2598
2272 2498
2677 2174
2541 3120
2688 3071
2241 2289
2718 2490
2653 1987
2686 2375
2652 3057
2095 2279
2098 2284
2656 2479
2350 2340
2442 2785
2335 2866
2251 2366
2616 2544
2504 2142
2161 2317
2019 2362
2756 2520
2540 3104
2541 3027
2689 2375
2564 2178
2317 2781
2320 2426
2496 2234
2605 3168
2773 2059
1963 2097
2187 2751
2632 2226
2260 2675
2512 3116
2677 2086
2512 3215
2411 2714
2583 3029
2021 2297
2263 2364
2051 2132
2619 2893
2640 2218
2462 2118
2591 2773
2793 3047
2486 2877
2482 2882
2701 2948
2633 1976
2886 2326
2567 3167
2485 2055
2562 3190
2126 2111
2949 2351
2179 2753
2264 2677
2354 2391
2691 2394
2754 3004
2228 2696
2637 2983
2035 2235
2499 2888
1978 2025
2701 2325
1921 2101
2490 2106
2489 2345
2518 3184
2341 2382
2321 2786
2427 2354
2437 2756
2523 3216
2407 2761
2529 3043
2651 2834
2338 2444
2655 2347
2786 3093
2035 2123
2269 2499
2403 2364
2571 2528
2616 2828
2264 2610
2560 2255
1948 2050
2275 2514
2398 2394
1956 2071
2697 3071
2427 3180
2772 2070
2619 2901
2523 2280
2700 2402
2810 3045
2421 2275
2446 2356
2021 2223
2422 3224
2328 2740
2030 2250
2520 2211
2637 2916
2299 2543
2758 2523
2267 2557
2802 2941
2924 2328
2227 2740
2843 2352
2625 1973
2514 2044
2551 2814
2687 2344
2226 2651
2757 2204
2680 3076
2495 2220
2666 2115
2688 2064
2756 2199
2584 2951
2242 2721
2703 3072
2745 2512
2275 2510
2322 2787
2552 2686
2765 2358
2898 2307
2360 2444
2468 2870
2400 2755
2688 2225
1970 2022
2650 2244
2424 2753
2595 3216
2736 2522
1958 2035
2417 2120
2597 2697
2495 2292
2186 2334
2692 2369
2572 2733
2631 2867
2027 2376
1972 2083
2930 2258
2653 2215
2090 2205
2911 2317
2749 2981
2258 2482
2942 2319
2785 2976
2090 2264
2504 2125
2137 2114
2835 2368
2506 2228
2449 2799
2281 2744
2269 2621
2448 2359
2771 2961
2609 3147
2800 2952
2109 2187
2358 2730
2108 2194
2227 2704
2663 2306
2247 2689
2660 2038
2227 2757
2627 3166
2950 2292
2540 3230
2099 2135
2269 2578
2499 2210
2610 2247
1915 2101
2704 2357
2633 3194
2318 2394
2750 3008
2050 2138
2335 2554
2675 2107
2428 2101
1969 2107
2652 3051
2573 2955
2046 2152
2709 2973
2606 2549
2945 2366
2259 2652
2672 2370
2105 2194
2093 2328
2451 3226
2577 3149
2697 2191
2680 3043
2462 2083
2612 2701
2391 2391
2702 2225
2537 2210
2273 2431
2576 2712
2508 3192
2491 3095
2512 3058
2514 2228
2647 3183
2477 3226
1961 2107
2543 2875
2174 2755
2407 2718
2103 2252
2510 3118
2577 3029
1916 2102
2523 3048
2506 3079
2471 2046
2627 2508
2278 2586
2708 2311
2275 2350
2111 2127
2943 2284
2757 2517
2269 2334
2332 2375
2063 2149
2370 2441
2540 2220
2575 2776
2675 2877
2121 2244
2273 2488
2062 2150
1962 2020
2319 2533
2787 3065
2568 2809
2628 3173
2206 2327
2432 2350
2279 2605
2653 2175
2309 2835
2303 2762
2484 2091
2419 2364
2584 2789
2561 3157
2382 2329
2622 2193
2613 2819
2402 2391
1942 2072
2919 2345
2445 2826
1952 2043
2780 2372
2669 2326
2571 3013
2426 3221
2947 2362
2436 3171
2131 2127
2080 2213
2798 3015
2665 2594
2415 2766
2590 2761
2053 2223
2515 3081
2505 3098
2641 3228
2617 2806
2348 2746
2299 2541
2065 2142
2568 3053
2774 2968
2130 2304
2254 2417
2482 2884
2092 2282
2576 2802
2699 2326
2658 3003
2117 2245
2280 2586
2317 2428
2304 2528
2931 2283
2553 2823
2597 2708
2599 2264
2411 2764
2783 3054
2233 2303
2463 2114
2565 3094
2619 2197
2623 2892
2669 2464
2017 2229
2510 3098
2630 3043
2277 2863
2493 2229
2016 2350
2653 2291
2658 2259
2028 2346
2767 2997
2671 2232
2008 2363
2568 2799
2668 2074
2242 2723
2028 2173
2438 2338
2636 2500
2428 2755
2731 3054
2900 2261
2093 2325
2639 2268
2629 3032
2492 2109
2324 2434
2327 2407
2727 2311
2498 2864
1947 2122
2239 2705
2930 2363
2386 2347
2235 2621
2714 2991
2500 2215
2623 2248
2192 2328
2105 2342
2728 2225
2537 2223
2534 2880
2901 2311
2671 2552
2390 2335
2454 2046
2321 2838
2474 2341
2311 2528
2607 2203
2765 2309
2711 2445
2503 2869
2616 2931
2334 2854
2715 2992
2509 2309
2227 2352
2434 2759
2603 2195
2534 3223
2165 2319
2522 2161
2106 2349
2456 2330
2675 3030
2603 3027
2399 2294
2543 3093
2020 2317
2207 2751
2286 2494
2788 2331
2094 2314
2750 2319
2541 3219
2055 2152
2726 2489
2721 2486
2706 2334
2488 2311
2710 3064
2654 2000
2897 2248
2132 2107
2631 3012
2914 2302
2509 2057
2198 2316
2672 2232
2502 2883
2548 3136
2200 2339
2632 2012
2409 2718
2583 2218
2805 2944
2599 2218
2087 2212
2119 2132
2505 2219
2281 2325
2794 2941
2676 2176
2701 2102
2895 2285
2575 2753
2332 2845
2000 2155
2029 2224
2677 2226
2551 2859
2050 2212
2504 2872
2821 2369
2475 2855
2203 2687
2320 2503
2358 2384
2694 3043
2002 2156
2614 2947
2522 3179
2068 2126
1957 2071
2614 2936
2642 2830
2487 3206
2601 2947
2631 2030
2639 2260
2668 2165
2097 2185
2296 2280
1986 2097
2467 2104
2538 3092
1977 2006
2747 2359
2528 2321
2148 2316
2609 2198
2418 3179
2788 3034
2517 2369
2082 2292
2723 3060
2681 2455
2091 2294
2424 2331
2268 2493
2367 2725
2681 2553
2234 2741
2218 2324
2025 2290
2317 2382
2525 3062
2544 3174
2689 2364
2115 2260
2590 2780
2271 2548
2481 2327
2308 2758
2606 2255
2919 2279
2289 2764
2598 2822
2548 3176
2491 2366
1962 2030
2485 2325
1935 2052
2302 2851
2686 2058
2085 2213
2603 2955
2271 2419
2437 2746
2580 2803
2693 2441
2650 3007
2293 2408
2297 2408
2643 2902
2717 3036
2784 2374
2087 2233
2081 2297
2127 2140
2695 2528
2103 2279
2636 3007
2101 2196
2508 3094
2736 2489
2786 2960
2473 2242
2649 2829
1927 2072
2072 2314
2683 2025
2672 2500
2611 2202
2269 2385
2591 2783
2540 2185
2727 2290
2547 2185
2322 2397
2556 2257
2532 2385
2578 2952
2719 2085
2688 2355
2288 2596
2442 2311
2431 2738
2398 2299
2223 2750
2540 3197
2610 2231
2639 2981
2500 2077
2484 2343
2264 2751
2549 2859
2701 2959
2038 2197
2427 2332
2703 2530
2399 2113
2449 2826
2102 2163
2266 2362
2589 3155
2514 2065
2787 2331
2563 3095
2486 2883
2674 2910
2556 2686
2282 2443
2577 2721
2017 2317
2630 2030
2697 2416
2129 2303
2496 2233
2052 2197
2710 3079
2424 3206
2226 2319
2514 2209
2712 2329
2656 1998
2151 2312
2638 2960
2271 2337
2517 3048
1919 2114
2649 2234
2711 3036
2665 2987
2077 2227
2534 3114
2000 2335
2601 2262
2267 2464
2643 2271
2069 2120
2778 2370
2685 2555
2374 2725
2232 2291
2410 3218
2060 2153
2105 2182
2877 2322
2577 2243
2063 2122
2484 2094
2340 2850
2691 2354
2770 2377
2035 2224
2328 2859
2432 2761
2795 2937
2271 2464
2763 2988
2525 2222
2694 2533
2506 2319
2658 1992
2505 2868
2336 2764
2789 2959
2468 2248
2089 2278
2429 2352
2951 2293
2822 2358
1951 2119
2925 2273
2398 2364
2491 3101
2639 2946
2426 2288
2939 2314
2020 2223
2553 3117
2334 2740
2725 3066
2924 2292
2422 2115
2660 2307
2584 2219
2689 3070
1960 2116
1981 2137
2497 2881
2391 2348
2704 2540
2385 2330
2523 2165
2455 2852
2565 3167
2268 2628
2698 2195
2564 2193
2322 2847
2317 2501
2763 2303
2805 3100
2569 2526
2454 2378
2589 2952
2095 2258
2956 2358
2674 2594
2713 2533
2659 1991
2826 2402
2086 2098
2581 2741
2711 3067
2286 2583
1986 2338
2341 2337
2292 2731
2325 514
2577 2692
2222 2307
2321 2756
2659 2908
2507 3214
2843 2332
2433 2742
2556 3090
2929 2273
2489 2080
2776 2978
2549 2186
2681 2131
2230 2317
2706 2387
2440 2750
2300 2417
2125 2195
2287 2339
2672 2078
2869 2327
2670 2402
2305 2775
2094 2201
2307 2517
2751 3008
1974 2128
2210 2686
2710 3035
1953 2084
2262 2446
2643 2122
2693 2445
2439 2343
2339 2858
2279 2538
1971 2129
2635 3199
2025 2137
2459 2832
2499 3188
2466 2253
2786 3079
2794 2354
2015 2129
2645 2542
2461 2882
2803 2972
1921 2102
2014 2141
2794 2344
2563 3169
2574 3213
2678 2106
2711 2428
2265 2737
2502 3229
2204 2315
2294 2534
2675 3024
2559 2174
2660 2478
2536 2219
2317 2533
2735 2299
2500 2224
2286 2387
2789 2955
2184 2748
2299 2505
2265 2423
2696 2110
2156 2283
2488 2281
2354 2454
2549 2822
1935 2065
2463 2875
2343 2541
2761 2303
2659 2417
2516 3046
2089 2275
2660 2914
2718 3029
2034 2226
2458 2801
2803 2939
2796 2970
2701 2234
2070 2129
2707 2956
2789 3020
2844 2339
2204 2698
2402 2390
2308 2404
2812 2936
2542 3136
2384 2264
2056 2214
2607 3160
2408 2135
2610 2235
2311 2407
2029 2250
2149 2285
2401 2296
2667 2957
2216 2651
2914 2274
2038 2220
2488 2074
2620 2829
2324 2417
2619 2930
2514 2227
2640 1989
1981 2138
2561 2199
2491 2074
2569 2197
1937 2059
2664 2296
2801 3073
2725 2310
2674 2444
2235 2677
1973 2164
2653 3057
2700 2449
2424 2287
2453 2098
2551 2223
2525 2262
2608 2199
2243 2704
2293 2415
2686 2176
2037 2108
1948 2121
2249 2623
2001 2156
2237 2340
2658 2216
2781 2342
2105 2256
2211 2659
2838 2359
2259 2419
2111 2147
2029 2126
2706 3067
2674 2507
2753 2353
2617 3024
2390 2421
2346 2428
2446 2858
2261 2726
2202 2754
2026 2307
2636 3032
2537 3033
2208 2657
2179 2322
2530 2905
2631 3006
1997 2148
2281 2512
2358 2450
2223 2308
2000 2350
2624 2271
2657 2331
2654 2348
2679 2051
2440 2354
2275 2866
2028 2380
2871 2321
2583 2528
2556 3020
2298 2603
2698 2441
2551 2195
2252 2755
2604 2948
2338 2448
2242 2640
2299 2769
2181 2324
2214 2686
2959 2362
2660 2474
2525 3189
2236 2718
2000 2333
2692 2538
2412 2152
2502 3211
1972 2020
2613 2699
2281 2443
2024 2247
2318 2749
2586 2745
2268 2614
2589 2748
2325 2863
2573 2797
2640 3025
2455 2282
2643 2908
2507 2275
2829 2381
2285 2619
2709 2383
2803 3101
2929 2323
2780 2320
2491 2092
2805 3097
2555 2687
2656 3213
2654 3232
2281 2680
2211 2660
2700 2205
2036 2266
1979 2172
2093 2203
2525 2892
2614 2106
2463 2339
2318 2531
2560 2203
2750 2202
2617 2939
2642 2029
2724 2281
2695 2196
2801 3072
2555 3230
2570 2682
2561 3093
2753 2311
2520 2317
2688 3069
2489 3210
2641 3191
2721 2317
2111 2301
2637 2852
2342 2837
1995 2340
2292 2734
2301 2745
2548 2861
2163 2304
2090 2244
2158 2318
2435 2833
2636 3035
2837 2373
2279 2736
2509 2375
2107 2147
2423 2821
2459 2330
2234 2350
2675 2082
1980 2008
2004 2159
2619 2894
2785 2336
2547 3176
2666 2593
2674 2076
1937 2052
2214 2697
2486 2337
2547 3125
2640 2904
2375 2416
2846 2352
2631 2289
2688 2554
2322 2857
2309 2855
2532 3219
2635 2224
2328 2438
2441 2364
2066 2159
2581 2940
2522 2276
2496 2280
2382 2728
2514 2893
2177 2759
2718 2206
2260 2772
2651 3020
2232 2758
2798 3042
2465 2883
2633 3062
2013 2114
2529 2261
2491 2304
2027 2111
2397 2366
2411 2140
2288 2498
2025 2248
2335 2806
2473 2855
2667 2514
2721 3030
2298 2530
2290 2416
2784 2960
2469 2112
2398 2300
2462 2248
2089 2337
2221 2694
2480 2887
2543 3133
2486 2364
2228 2657
2376 2272
2664 2004
2675 2491
2530 3219
2374 2431
2407 2291
2449 2128
2474 3224
2503 2318
2847 2349
2625 3040
2611 3177
2579 2818
2049 2208
2011 2324
2542 3110
2620 2228
2731 2295
2501 2864
2098 2237
2496 2101
2572 2918
2608 2236
2424 2286
2846 2349
2726 2285
2567 3008
2780 2943
2657 2338
1977 2117
2077 2289
2271 2653
2662 2007
1976 2103
2707 2218
2662 2994
2084 2203
2678 2105
2491 3208
2530 2189
2584 2827
2462 2250
2343 2397
2669 2984
2711 2531
2272 2467
2873 2251
2309 2417
2244 2304
2609 2931
2829 2404
2529 2892
2252 2306
2118 2148
2810 3101
2634 2214
2078 2315
2244 2335
2932 2257
2586 2758
2598 3038
2543 3132
2709 2542
2139 2124
2691 2104
2710 2379
2541 2375
2552 2816
2668 2229
2595 3206
2392 2287
2780 2977
2660 2548
2907 2267
2376 2431
2476 2888
2103 2241
2575 2248
2552 2195
2495 2879
2419 3193
2253 2701
2686 2103
2318 2781
2455 2801
2307 2748
2657 3020
2673 2586
2561 3155
2921 2286
2519 2141
2656 2906
2656 2205
2411 2150
2702 2422
2583 2539
2611 2522
2584 3210
2682 2381
2562 3020
2610 2956
2449 2088
2571 3118
2026 2293
2482 3093
2787 2378
2686 2569
2374 2403
2244 2338
1975 2169
1998 2121
2359 2344
2683 2555
2658 2338
2442 2326
2067 2159
1931 2083
2730 3039
2733 2306
2599 2534
2802 3044
2699 2445
2495 2237
2752 2206
2338 2430
2232 2331
2668 2595
2791 2991
2143 2290
1978 2345
1946 2063
2934 2281
2508 2316
2659 2004
2073 2125
2284 2842
2550 3236
2419 2332
2598 2220
2684 2598
2036 2220
2437 2777
2490 2225
2710 2529
2278 2578
2281 2614
2410 2359
2273 2566
2243 2724
2688 2449
2395 2290
2564 2192
2539 3126
2501 3088
2164 2322
2667 2163
2473 2297
2581 2731
1963 2094
2686 2598
2438 2777
2661 2478
2374 2752
2039 2250
2392 2399
2887 2259
2267 2312
2333 2418
2659 2046
2483 2347
2420 2114
2691 2182
2784 2352
2104 2283
2712 2331
2030 2311
2714 2448
2148 2324
2483 3199
2668 2584
2423 3187
2784 3058
2138 2291
2753 2323
1946 2128
2505 2312
2765 2303
2539 2185
2009 2286
2736 3024
2694 2537
2697 2511
2770 2973
2265 2435
2439 3152
2286 2846
2680 2218
2239 2312
2492 2326
2703 2176
2478 2309
2466 2332
2086 2275
2673 2173
2565 3218
2789 2344
2244 2681
2678 2539
2123 2131
2901 2257
2334 2526
2728 2309
1955 2103
2786 3095
2897 2317
2178 2321
2445 2802
1966 2098
2558 2230
2584 3152
2038 2247
2241 2679
2905 2292
2704 2448
2224 2753
2489 3209
2438 2768
2073 2215
2621 2885
2317 2378
2190 2753
2536 3172
2388 2313
2502 3097
2587 2758
2616 2105
2268 2302
2332 2550
2099 2125
2010 2149
2465 2817
2685 2138
2599 2803
2730 2487
2766 2524
2627 1974
2593 2714
2323 2398
2449 3238
2661 2175
2679 2152
2665 2363
2597 2221
2651 2272
2411 2142
2113 2187
2442 2321
2522 2362
2644 2232
2670 2451
2203 2686
2694 2144
2729 2491
2665 2515
2264 2607
2092 2238
2510 3090
2633 2940
2318 2381
2682 2148
2271 2480
2282 2385
2688 2178
2705 2059
2017 2350
2719 3019
2397 2306
2008 2361
2435 2753
2740 2501
2582 3153
2771 2522
2643 3064
2330 2417
2681 2942
2474 2337
1975 2167
2162 2318
2799 2394
2289 2742
2320 2425
2669 2504
2705 2525
2642 2550
2449 2374
2579 2823
2449 2798
2717 3032
2792 2397
1945 2106
2775 2368
2652 2422
2954 2357
2096 2353
2743 3025
2616 2269
2710 2215
2687 2368
2519 3096
2272 2304
2428 3231
2758 2515
2665 2909
2408 2723
2267 2561
2756 2200
2153 2304
2157 2279
2645 2555
2289 2305
2289 2349
2484 3203
2518 3080
2623 2703
2527 2212
2082 2273
2303 2759
2584 2815
2474 2343
2292 2411
2497 2864
2540 2226
2536 2266
2654 1991
2578 3014
2562 3199
2134 2295
2437 2818
2297 2619
2546 3123
2128 2308
2436 2777
2578 2216
2645 2849
2510 2362
2698 2214
2487 2233
2455 3239
2069 2144
2538 3104
2561 2683
2289 2732
2474 2829
2619 2228
2327 2741
2124 2297
2563 2541
2615 2560
2421 2124
2530 2190
2787 2343
2191 2322
2754 2351
2552 2261
2346 2555
2105 2334
2632 2225
2560 2251
2717 2362
2553 3132
2887 2304
2675 2081
2579 2739
2400 2296
2460 3205
2626 2195
2588 2709
2680 2497
2761 2956
2770 2996
2617 2265
2422 3186
2629 2549
2568 2793
2170 2328
2686 2956
2267 2618
2219 2652
2262 2339
2419 3190
2451 2854
2894 2286
2450 2805
2307 2763
2668 2872
2259 2366
2581 2708
2020 2232
2922 2270
2556 3197
2423 2277
2631 3007
2105 2145
2509 2885
2413 2758
2419 2833
2782 2969
1925 2062
2670 3025
2590 2946
2241 2723
2648 2997
2655 3020
2354 2411
2017 2349
2455 3235
2721 3029
2787 2976
2633 3199
2711 2529
2347 2380
2334 2543
2660 3213
2422 2355
2772 2366
2334 2554
2611 3030
2103 2140
2128 2148
2923 2283
1915 2105
2679 2912
2705 2044
2499 2138
2518 2365
2680 2221
2656 1985
2701 2318
2342 2556
2524 3086
2536 2368
2577 2691
2650 3055
2750 2971
2678 2560
2252 2319
2284 2742
2479 2304
2573 3166
2129 2300
2804 3075
2112 2154
2646 2907
2563 2539
2486 2325
2655 3226
2886 2294
2605 2803
2074 2163
2661 2904
2493 2872
2287 2848
2567 2910
2674 2173
2459 2038
2100 2182
2657 2259
2824 2390
2670 3026
2542 3113
2358 2360
2871 2326
2706 2959
2666 2232
2778 2319
2655 2324
2248 2679
2715 2989
2868 2345
2241 2704
2526 3042
2436 2340
2703 2452
2267 2381
1979 2122
2328 2504
2667 2456
2699 2250
2434 2115
2550 3020
2284 2297
2073 2224
2001 2351
2784 2304
2450 3226
2440 2777
2567 2535
2796 2978
2709 2336
2508 2308
2573 2744
2933 2323
2283 2420
2698 2415
1970 2124
2704 2353
2352 2354
2658 3044
2823 2939
2688 2401
2642 3211
2092 2245
2417 2286
2647 3065
2509 3070
2315 2393
2614 3174
2677 2214
2729 3054
2304 2782
2626 1970
2468 2885
2706 2357
2443 2806
2645 3230
2670 2969
2243 2351
2288 2862
2440 2110
2633 1970
2646 3001
2280 2507
2622 2199
2593 2760
2442 2828
2312 2388
2848 2360
2768 2310
2127 2141
2529 3114
2688 2231
2590 2539
2518 2076
2576 2752
2537 3193
2265 2659
2662 2475
2315 2502
2281 2344
2640 2539
2710 2479
2124 2306
2611 3151
2387 2297
1961 2080
2287 2856
2744 2533
2660 2909
2265 2675
2520 2364
2330 2543
2557 2242
2701 2330
2660 2175
2355 2729
2685 2391
2528 2273
2416 2120
2412 2282
2422 2334
2543 2835
2685 2180
2711 2977
2631 3045
2583 2752
2631 2028
2114 2339
2666 2222
2768 2377
2640 2542
2335 2833
2639 2037
2273 2334
2274 2367
2683 3031
2572 2814
2357 2452
2345 2556
2286 2589
2044 2207
2051 2204
2486 2886
2568 2909
2773 2214
2413 2151
2693 3043
2552 3130
2480 2849
2574 2736
2798 3034
2827 2408
2554 3117
2601 2263
2443 2789
2576 2814
2583 2709
2605 3162
2522 3215
2340 2443
2733 3022
2443 2321
2679 2453
2675 2594
2706 2504
2269 2302
2465 2294
1921 2079
2515 2889
2266 2389
2440 3224
2340 2530
2649 2968
2736 3063
2546 2862
2439 3162
2505 3095
2169 2290
2804 3090
2552 3232
2631 3036
2070 2165
2783 2333
2551 2678
2636 1989
2744 2293
2285 2582
2485 2227
2596 2726
1927 2075
2689 2373
2547 2870
2521 2887
2680 2326
2362 2723
2661 2366
2324 2849
2520 2365
2127 2237
2337 2535
2669 2128
2320 2430
2233 2716
2290 2289
2025 2234
2510 2376
2535 3104
2715 2993
2406 2394
2633 2923
2661 2911
2761 2361
2236 2663
2309 2854
2627 2229
2445 2832
2010 2357
2422 2363
2187 2754
2477 2045
2072 2227
2288 2599
2276 2413
2774 2964
2578 2198
2425 2116
1967 2077
2916 2333
2436 2758
2867 2346
2509 3083
2467 2889
1931 2066
2022 2309
2276 2431
2744 3019
2519 3213
2668 2244
2654 2336
2521 3048
2708 2963
2650 2028
2663 2131
2290 2634
2911 2301
2516 3114
2262 2734
2566 3009
2311 2854
2303 2603
2679 2156
2311 2756
2827 2406
2216 2306
2336 2763
2933 2261
2262 2412
2510 2378
2571 2248
2292 2380
2340 2750
2552 3207
2500 2864
2237 2663
2772 2528
2675 2161
2639 2234
2886 2317
2756 2349
2722 3063
2004 2147
2402 2392
2503 2352
2713 2330
2347 2528
2417 2145
2119 2244
2620 2714
2809 3046
2552 3228
2922 2298
2660 2547
2370 2447
2474 2241
2673 2098
2082 2324
2204 2332
2614 3182
2715 2102
2653 2968
2795 2940
2573 2925
2429 3186
2645 3052
2550 3237
2944 2281
2215 2316
2481 2851
2797 2356
2272 2626
2684 2595
1953 2090
2905 2345
2215 2745
2581 2538
2717 2978
2839 2410
2103 2138
2269 2351
2288 2418
2394 2297
2248 2702
2548 2260
2714 2197
2699 2945
2623 3189
2745 2490
2363 2357
2510 2145
2640 2233
2655 2545
2290 2303
2494 2223
2790 3089
2640 2278
2831 2395
2885 2243
2451 2119
2610 2197
2411 2717
2478 2307
2114 2297
2593 2947
2655 2428
2483 2313
2526 3077
1993 2141
2614 2109
2815 2140
2257 2355
2044 2152
2563 2196
2476 2810
2593 2780
2087 2231
2009 2148
2881 2294
2796 3020
2532 3041
2562 2697
2655 2215
2378 2434
2715 2506
1953 2037
2764 2305
1983 2114
2084 2306
2106 2122
2528 2905
2746 3030
2418 2117
2686 2318
2716 2404
2313 2814
2622 2935
1988 2337
2619 2190
2408 2719
2911 2334
2582 2736
2114 2243
2564 3187
2519 2228
2068 2149
2261 2765
2305 2525
2194 2339
2448 2125
2512 2145
2650 2500
2083 2095
2263 2353
2680 2594
2482 2325
2261 2438
2701 2414
2700 2242
2524 3122
2637 2217
2022 2238
2158 2286
2555 2690
2007 2161
2475 2334
2598 2768
2594 3149
2444 3228
2697 2939
2660 2911
2324 2437
2527 2043
2605 2953
2092 2236
2508 2309
2790 3037
2535 3179
2511 2318
2297 2852
2264 2353
2695 2110
2635 2941
2796 3014
2234 2327
2387 2420
2380 2730
2301 2778
2577 2785
2741 2305
2614 2103
2617 2112
2052 2220
2533 3131
2549 3234
2273 2453
2612 2101
2049 2152
2674 2957
2292 2735
2702 2507
2576 2940
2451 2377
2321 2797
2688 2606
2621 3179
2672 2513
2101 2126
2533 2385
2264 2334
2685 2127
2085 2211
2467 2890
2699 2420
2626 2904
2580 2814
2721 2093
2095 2251
2741 3022
2458 2038
2675 2106
2667 2162
2045 2158
2649 2828
2676 2544
2302 2531
2182 2332
2341 2399
2688 2559
2683 2453
2548 3090
2567 2680
2799 3044
2473 2347
2163 2287
2552 3031
2284 2484
2296 2850
2687 2363
2629 2280
2621 2195
2662 2306
2697 2418
2253 2308
2267 2488
2703 2173
2551 3226
2607 2250
2661 3044
2555 3149
2674 2964
2749 2515
2056 2209
2712 2515
2762 2996
2392 2397
2456 2085
2242 2626
2269 2614
2061 2207
2735 2521
1967 2034
2431 2303
2677 2164
2111 2171
2109 2258
2663 2258
2682 2570
2901 2258
2604 2800
2673 2228
2538 3017
2590 3047
2296 2282
2396 2399
2672 2170
2090 2265
2239 2292
2599 3040
2341 2858
2685 2378
2450 2364
2556 3033
2444 2836
2651 3219
2668 2251
2821 2372
2252 2756
2017 2355
1995 2097
2186 2333
2029 2113
2615 2929
2445 2355
2035 2236
2658 2487
2524 3107
2704 2168
2653 3052
2610 2230
2531 2134
2014 2300
2825 2367
2640 2905
2552 3201
2588 2544
2647 3057
2597 2710
2677 2371
2706 2507
2764 2062
2447 3236
2591 3040
2653 2321
2688 2391
2927 2273
2666 2492
2424 3226
2680 2222
2468 2243
2716 2969
2701 2407
2586 2752
2200 2690
2256 2705
2083 2327
2784 3061
2502 3197
2006 2342
2423 2105
2095 2136
2601 2264
2235 2703
2137 2122
2603 2804
2514 3193
2599 2210
2371 2437
2790 2398
1962 2108
2407 2361
2671 2088
2020 2371
2674 1993
2916 2308
2739 2984
2275 2467
2328 2863
2484 2249
2618 2266
1953 2103
2256 2417
2107 2172
2425 3160
2387 2277
2545 2855
2334 2426
2823 2941
2645 2855
2020 2362
2660 2297
2275 2292
2628 2861
2517 2211
2374 2424
2580 3151
2492 3089
2784 3076
2699 3044
1987 2327
2436 2811
2244 2655
2504 2860
2235 2344
2693 2233
2468 2847
2674 2013
2676 2324
2671 2240
2387 2316
2568 3165
2478 2313
2402 2406
2256 2598
2159 2304
2705 2316
2940 2282
2696 2439
2580 2711
2703 2179
2791 3101
2475 2835
2719 2104
1963 2106
2273 2562
2604 3047
2513 3196
2289 2731
2262 2745
2628 2910
2017 2299
2278 2388
2428 2099
2037 2259
1977 2348
2765 3060
2632 1967
2772 2072
2956 2291
2450 2363
2577 2199
2365 2436
2411 2321
2351 2742
2732 2201
2462 2874
2454 2115
2462 2119
2597 2265
1974 2174
2110 2288
2676 2084
2319 2853
2200 2327
2287 2737
2330 519
2424 3209
2836 2370
2091 2226
2683 2054
2103 2160
2654 2341
2534 2079
2103 2129
2710 3055
2505 2328
1957 2034
2693 2559
2502 3225
2012 2162
2087 2200
2317 2844
2681 2501
2767 2360
2858 2356
2680 2080
2633 2000
2723 2498
1941 2055
2411 2732
2374 2376
2588 2256
2505 2355
2639 2021
2673 2595
2634 2274
2431 3229
2889 2289
2586 3158
2509 3193
2284 2490
2326 2530
2219 2745
2781 3055
2382 2418
2641 3050
2120 2245
2832 2371
2639 2957
2627 2935
2453 2345
2276 2545
2400 2398
1920 2091
2493 2281
2266 2330
2641 2278
2118 2195
2471 2875
2717 2303
2642 2026
2574 2935
2404 2723
2693 2365
2579 2694
2681 2219
2794 2343
2102 2176
2655 2335
2648 1986
2778 2333
2655 1987
2232 2292
1992 2142
2677 3038
2092 2340
2412 2139
2694 2229
2504 3054
2650 2995
2615 3170
2314 2808
2544 2204
2697 2439
2687 2555
2473 3213
2714 2213
2644 2986
2693 2166
2338 2530
2658 2291
2736 3023
2251 2615
2789 3036
2272 2364
2689 2133
2569 3162
2578 3212
2102 2143
2711 2533
2518 2296
2108 2343
2413 2765
2422 2354
2116 2330
2717 3076
2624 2276
2738 3035
2630 2226
2267 2743
2106 2121
2386 2725
2556 2811
2440 2343
2633 3195
2603 2098
2742 2509
2297 2631
2205 2321
2581 2267
2613 2109
2264 2653
2964 2295
2083 2273
2925 2274
2557 3138
2734 3064
2837 2362
2655 2325
2781 2374
2506 2860
2771 3062
2329 2837
1966 2022
1965 2020
1970 2107
2056 2208
2700 2522
2761 3000
2087 2112
2485 3093
1972 2017
2412 2151
2252 2723
2287 2351
2061 2158
2088 2287
2628 2907
1918 2117
2912 2347
2471 2857
2744 3001
2415 2328
2593 3150
2487 2086
2532 2219
2842 2405
1979 2174
2678 2938
2650 2994
2490 2884
2210 2324
2571 3119
2670 2585
2754 2357
2475 2325
2488 2242
2682 2056
2081 2270
2681 2368
2203 2326
2243 2622
2097 2324
2029 2372
2444 2306
2237 2351
2278 2858
2612 2938
2714 3075
2672 2040
2491 2303
2518 3035
2696 3061
2612 2805
2547 3119
2227 2650
2622 2558
2013 2117
2086 2237
2847 2363
2394 2727
2162 2319
2283 2494
2266 2746
2486 2844
2362 2722
2341 2764
2014 2366
2437 2829
2713 3034
2641 3174
2524 2170
2536 2191
2675 2591
2129 2187
2676 2913
2086 2134
2219 2322
2527 2186
2908 2289
2708 2416
2368 2441
2426 2756
2503 2887
2280 2600
2569 3138
2438 2810
2886 2302
2729 3005
2571 3211
2466 2891
2622 2892
1978 2027
2650 2130
2744 2512
2081 2128
2676 2087
2408 2332
2790 2955
2371 2374
2643 2964
2450 2361
2639 1988
2561 2198
2037 2260
2571 2730
2672 2127
2676 2370
2790 2404
2740 3053
2048 2138
2537 3117
2324 2854
2325 2742
2629 1968
2573 2539
2276 2369
2507 2310
2761 2997
2539 2870
2492 2302
2658 2128
2083 2310
2626 1971
2499 2131
2122 2291
2474 2244
2492 3210
2434 2107
2434 3179
2777 2978
2713 2508
2267 2678
2320 2786
2676 2213
2655 2260
2327 2416
1936 2051
2543 2830
2393 2281
2256 2593
2676 2074
2524 2041
2643 3196
2575 2254
2561 3194
2295 2850
2664 2958
2349 2345
2168 2287
2598 2714
2357 2433
2730 2206
2708 2042
2784 2994
2309 2404
2868 2344
2679 2161
2595 3043
2065 2287
2203 2325
2595 3211
2477 2105
2629 2709
2482 2355
2666 2466
2439 2771
2786 2996
2759 2366
1977 2182
2743 3056
2261 2680
2380 2266
2354 2388
2703 2426
2669 2499
2441 2330
2490 3210
2351 2398
2705 2474
2658 2278
2579 2219
2299 2534
2647 2239
2044 2203
2632 2824
1930 2086
2437 2743
2537 2884
2214 2315
2778 2331
2025 2292
2746 3058
2110 2157
2162 2311
1968 2020
2498 3193
2121 2138
2127 2236
2527 2225
2372 2758
2463 2281
2651 3011
2456 2125
2697 2188
2356 2749
2893 2310
2243 2295
2483 2346
2704 2531
2223 2649
2661 2290
2406 2307
2584 2950
2322 2383
2394 2276
2065 2158
2443 2740
2803 2973
2682 2399
2185 2750
2346 2349
2631 2708
2362 2438
2843 2366
2524 3216
2488 2343
1998 2118
2619 2886
2027 2227
2611 2548
2493 2865
2558 2177
2548 3034
2773 3059
1954 2127
2668 2869
2273 2735
2274 2413
2642 2871
2862 2350
2207 2752
2424 2330
2298 2381
2007 2334
2284 2322
2278 2394
2099 2346
2281 2444
2769 2328
2378 2356
2447 2097
2785 3036
2108 2170
2023 2245
2471 2048
2102 2244
1983 2098
2104 2192
2511 3057
2050 2213
2660 2964
2563 2242
2320 2805
2766 2356
2405 2301
2297 2630
2515 2131
2691 3061
2034 2118
2154 2312
2035 2276
2028 2250
2095 2313
2413 2146
2458 2330
2246 2714
2409 2357
2737 2229
2659 2173
1952 2066
2676 2591
2282 2416
2669 2978
2051 2158
2259 2305
2355 2451
2461 2116
2264 2668
2614 2801
2486 2338
2911 2271
2394 2309
2883 2327
2919 2347
2622 2195
2712 2425
2479 3220
1984 2342
2496 3218
2895 2265
2364 2752
2794 2942
2290 2600
2104 2169
1986 2145
1961 2115
2664 2322
2265 2426
2540 2187
2415 2128
2672 2564
2889 2252
2774 2053
2519 2281
2422 2113
2352 2352
2272 2293
2547 2826
2267 2493
2656 2308
2349 2398
2269 2757
2671 2570
2556 2223
2635 2116
2419 2136
2417 2118
2807 3085
2889 2281
2236 2338
2413 2147
2086 2284
2416 3156
2242 2335
2674 2256
2340 2851
2248 2353
2466 2243
2773 3060
2882 2247
2292 2732
2282 2630
2242 2289
2670 2090
2653 2024
2656 2485
2489 3204
2018 2166
2323 2743
2612 3024
2364 2357
2572 2742
2916 2259
2681 2125
2127 2153
2485 2048
2542 2210
2714 2404
2419 2831
2789 2332
2479 3217
2602 2955
2848 2348
2718 2486
2502 2136
2907 2249
1961 2109
2796 3073
2345 2526
2739 3046
2242 2617
2758 2375
2623 1970
2031 2117
2772 2323
2592 2951
2585 2774
2574 2916
2760 3058
2669 3040
2212 2688
2415 2731
2697 2057
2302 2634
2597 2771
2623 2903
2682 2329
2092 2326
2574 2271
2279 2435
2738 2220
2036 2108
2563 3165
2405 2764
2322 2866
2501 2075
2719 3071
1927 2071
2310 2754
2054 2221
2669 2115
2578 3166
2868 2350
2476 2833
2762 2204
2362 2441
2273 2303
2896 2284
2529 2887
2414 2149
2652 2504
2663 2550
2502 2141
2412 2764
2262 2748
2678 2559
2522 2317
2316 2745
2238 2290
2270 2408
2669 2874
2349 2527
2303 2749
2414 2328
2531 2186
2007 2145
2282 2510
2879 2328
2656 3003
2561 3184
1954 2091
2598 2534
2625 2274
2248 2760
2527 2180
2483 2304
2477 2093
2789 3075
2573 3213
2504 2128
2711 2541
2495 2288
2656 2361
2510 3097
2791 2956
2839 2329
1981 2118
2293 2282
2670 2109
2258 2667
2509 3214
2782 2956
2676 2446
2914 2311
2578 2945
2601 3139
2798 3027
2357 2414
2697 2111
2915 2331
2621 2191
2694 2473
2692 2103
2538 3202
2459 2817
2311 2530
2658 2365
2431 2814
2227 2344
2827 2389
2812 2931
2267 2446
2242 2299
2327 2544
2887 2319
2019 2313
2141 2336
2308 2812
2028 2126
2706 2435
2491 2108
2803 2950
2279 2394
2000 2363
2556 3228
2250 2681
2626 3158
2365 2756
2585 2956
2467 2333
2567 2918
2495 2289
2568 2687
2690 2168
2749 2202
2214 2326
2303 2383
2260 2770
2148 2337
2568 3167
2637 2872
2276 2455
2521 2324
2338 2765
2684 2132
2700 2463
2574 3123
2653 2246
2892 2261
1916 2091
2375 2452
2044 2159
2233 2284
2301 2775
2607 2529
2687 2123
2422 3157
2868 2323
2475 2050
2502 3219
2530 3034
2764 2327
2764 2370
2655 2348
2353 2433
2554 3118
2449 2080
2273 2466
2302 2522
2572 3146
2094 2289
2455 2836
2110 2250
2637 3197
2482 2364
2324 2440
2101 2179
2365 2404
2690 2179
1941 2104
2383 2322
2599 2697
2715 3063
2672 2242
2272 2453
2332 2417
2471 2856
2451 2121
2453 2087
2175 2324
2533 3180
2213 2328
2349 2742
2523 3217
2585 2746
2405 2391
2112 2128
2344 2338
2668 2909
2502 3189
2626 2824
2731 3052
2707 2510
1979 2136
2341 2533
2417 2334
2916 2271
2335 2535
2213 2748
2535 3191
2652 2361
2604 3168
2347 2431
2481 2890
2679 2371
2462 2817
2631 2942
2671 3049
2524 2920
2747 2313
2928 2281
2676 2069
2641 2902
2668 2585
2591 2709
2385 2722
2097 2255
2551 2184
2292 2750
2504 2310
2676 2555
2109 2339
2603 2958
2412 2733
2309 2418
2616 2708
2563 3132
2884 2323
2353 2337
2401 2304
2029 2225
2017 2362
2098 2251
2517 2314
2589 2782
2669 2580
2533 2133
2967 2298
2505 2872
2433 3154
2888 2287
2505 3114
2586 2827
2746 2292
2698 2471
2451 3241
2775 2959
2272 2452
2719 2106
2792 2985
2865 2346
2415 2290
2497 2869
2121 2150
2601 2266
2076 2228
2320 2508
2401 2393
1922 2079
2699 2235
2800 2341
2614 2244
2895 2307
2655 2279
2528 2260
2668 2873
2663 2165
2594 2707
2473 2312
2100 2329
2374 2426
2603 2944
2341 2400
2812 2928
2441 2775
2496 2052
2472 2879
2554 3009
2269 2316
2279 2359
2374 2362
2354 2557
2125 2111
2660 3055
2783 2331
1965 2128
2479 2106
2683 2104
2409 2362
2288 2845
2410 3181
2666 2576
2231 2354
2116 2328
2538 3019
2584 2964
2429 2333
2614 2550
2262 2415
2108 2340
2571 2687
2526 2390
2526 2260
2508 2147
2399 2303
1975 2098
2725 3064
2388 2279
2618 2798
2653 1998
2544 2874
2708 2043
2564 2909
2637 1995
2698 2945
2795 3096
2268 2475
2282 2616
2920 2335
2628 2914
2515 2285
2190 2328
2646 3034
2580 2741
2243 2349
2551 3235
2267 2476
2328 2838
2009 2320
2683 2145
2706 2413
2325 2437
2505 3076
2282 2601
2669 1997
2112 2185
2766 2985
2023 2168
2447 2807
2510 2125
2581 2762
2490 2302
2513 3114
2029 2230
2684 2555
2592 2949
2695 2443
2403 2308
2445 2122
2286 2498
2681 3032
2327 2835
2382 2393
2133 2311
2284 2417
2442 2119
2691 2183
2884 2326
2237 2660
2406 2115
2113 2249
2546 2866
2523 2325
2708 3030
2280 2627
2514 2083
2244 2352
2572 2934
2458 2047
2020 2301
2374 2435
2924 2350
2263 2322
2078 2291
2535 3109
2340 2556
2600 3143
2243 2702
2436 3225
2668 2912
2053 2137
2268 2297
2397 2127
2268 2468
2069 2121
2600 2203
2067 2282
2338 2851
2668 2073
2142 2336
2466 2038
2519 2312
2083 2305
2921 2285
2271 2450
2561 3197
2759 2364
2268 2464
2512 2325
2531 2884
2230 2740
2580 2203
2672 2871
2669 2230
2782 3068
2633 2941
2229 2353
2089 2194
2451 2851
2031 2233
2887 2261
2541 2182
2897 2262
2268 2736
2422 2753
2927 2325
2512 3106
1950 2111
2703 2402
2790 2377
2637 2870
2636 2853
2529 3106
2484 2232
2577 2921
2767 2314
2562 3011
2679 2598
2015 2162
2121 2152
2128 2106
2277 2736
2495 2295
2626 2701
2590 2697
1986 2139
2113 2127
1995 2168
2408 2371
2318 2515
2637 3005
2472 2875
2324 2833
2035 2225
2352 2446
2568 2681
2121 2154
2322 2846
2572 2219
2650 2177
2275 2497
2245 2632
2416 2290
2570 3130
2319 2515
2548 3031
2569 2686
2173 2329
2550 3122
2796 2969
2718 2090
2748 2353
2325 2746
2585 2747
2401 2763
2435 2110
2294 2608
2537 3030
2484 2349
1973 2029
2614 3181
2675 2074
2737 2527
2662 1998
2758 2511
2576 2691
2005 2334
2234 2715
2803 2940
2388 2310
2755 3004
2705 2473
2373 2424
2438 2771
2475 2239
2635 3065
2289 2306
2274 2498
2192 2321
2675 2226
2795 3102
2737 3036
2627 1985
2584 2764
2281 2741
2744 2211
2488 2297
2968 2296
2261 2671
2402 2309
2675 2498
2486 2326
2250 2627
2848 2347
2228 2643
2728 2229
2507 2271
2664 2366
2625 3177
2474 2825
2942 2283
2213 2734
2408 2300
2320 2401
2572 2225
2874 2245
2481 2319
2792 3087
2494 2115
2541 3031
2659 2414
2510 2325
2361 2441
2623 2269
2471 2339
2719 2983
2780 2956
2741 3016
2646 2830
2657 2246
2369 2727
2563 3189
2520 3068
2589 2539
2500 3187
2524 2327
1979 2351
2658 2243
2703 2449
2514 3187
2517 2907
1953 2036
2642 2110
2610 2102
2542 2869
2212 2702
2932 2311
2486 2054
2705 2493
2386 2339
2474 3213
2149 2312
2681 2223
2055 2208
2637 2284
1986 2095
2274 2366
2479 2239
2684 2497
2737 2206
2788 2976
2261 2366
2519 2295
2404 2301
2564 3095
2660 2407
2242 2691
2490 3093
2237 2335
2711 2387
2104 2282
2546 3091
2413 2282
2264 2490
2452 2349
2590 2541
2617 2900
2644 3202
1983 2099
2572 2529
2661 2869
2543 3103
1970 2117
2958 2359
2496 2095
2502 2216
2924 2338
2509 2224
2595 2754
2516 2072
2625 3158
2413 2759
2384 2265
2211 2754
2343 2389
2249 2336
2736 2307
2702 2406
2690 3042
1936 2052
2609 2692
2828 2403
2632 3196
2784 3060
2786 2348
2408 2291
1946 2062
2561 2535
2659 2549
2099 2345
2344 2750
1959 2088
1953 2119
2335 2427
2677 2393
2712 2327
2416 3214
2683 2053
2682 2409
2521 3103
2629 3059
2628 2213
2633 2284
2939 2317
2437 2753
2484 2056
2117 2248
1963 2034
2355 2357
2599 2530
2743 3053
2694 2173
2744 3020
2441 2321
2237 2355
2694 2947
2554 2812
2287 2284
2702 2221
2423 3212
2646 3210
2124 2142
2491 2089
2399 2112
2678 2063
2656 2543
2897 2256
2672 2516
2480 2817
2700 2533
2582 2731
2493 2302
2377 2357
2624 1973
2272 2712
2138 2127
2677 2327
2443 2102
2017 2321
2287 2396
2654 2890
2799 2360
2353 2726
2147 2128
2955 2354
2653 2127
2264 2422
2240 2705
2398 2353
2663 3062
2607 2238
2920 2263
2462 2086
2478 2341
2637 2114
2736 3070
2170 2293
2123 2141
2652 3017
2394 2126
2755 2309
2018 2126
2674 2217
2313 2747
2573 2541
2249 2708
2005 2333
2510 2886
2279 2444
2081 2272
2623 2863
2669 2969
1960 2100
2634 2855
2405 2355
2666 2224
1980 2170
2233 2652
2014 2308
2034 2124
2227 2348
2566 3170
2327 2411
2284 2345
2572 2732
2428 2754
2655 2205
2214 2661
2746 3023
2565 2535
2592 2756
2659 2910
2776 3065
2492 2300
2709 2322
2325 2511
2468 2115
2586 2723
2572 3183
2435 3173
2762 2365
2696 2311
2529 2907
2653 2309
2692 3062
2088 2286
2908 2340
2520 2044
2598 2206
2615 2272
2501 3187
2435 2121
2712 2330
2259 2345
2672 2558
2086 2109
2035 2247
2305 2855
2695 2522
2477 2308
2716 2362
2773 2081
2886 2242
2649 2509
2671 2403
2477 2810
2715 3019
2570 2805
2573 2536
2690 2178
2962 2292
2242 2615
2542 2185
2552 3225
2128 2300
2646 2499
2790 3048
2755 2515
2400 2393
2336 2533
2642 2240
2353 2390
2564 2539
2580 3210
2707 3037
2311 2410
1977 2184
2269 2481
2435 2122
2455 2330
2804 2141
2955 2288
2008 2313
2265 2313
2571 3054
2626 2933
2582 2515
2393 2399
2030 2294
2532 3039
2642 3050
2353 2409
2685 2167
2352 2335
2531 2136
2459 2861
2138 2292
2446 2785
2456 2279
2420 2144
2920 2324
2437 2329
2078 2300
2528 3007
2715 2216
2574 2219
2675 2165
2661 3050
2912 2334
2246 2339
2059 2209
2745 2518
2329 2859
2232 2745
2409 2306
2511 3072
2629 2275
2360 2407
2532 3072
2338 2447
2109 2122
2271 2459
2725 2999
2182 2331
2299 2498
2634 1996
2687 2127
2938 2311
2298 2527
2575 2950
2103 2260
2586 3037
2508 2145
2330 2438
2551 3122
2748 3032
2452 2852
2084 2296
2951 2295
2761 3001
2668 2867
2672 2106
2714 2992
2888 2320
2256 2614
2082 2212
2372 2388
2375 2267
2698 2059
2445 2104
2792 2969
2229 2656
2502 2053
2267 2650
2729 2288
2711 2189
1963 2123
2512 2333
2024 2129
2181 2332
2485 2362
2454 2818
2786 2388
2580 2534
2664 2432
2461 2086
2604 3159
2066 2286
2092 2225
2557 2229
2547 2840
2781 2972
2278 2509
2758 2305
2524 2394
1988 2099
2037 2246
2497 2081
2308 2810
2516 3047
2287 2746
2578 2799
2493 2873
2260 2676
2565 2530
2463 2282
2022 2131
2731 2200
2707 2528
2447 2114
2502 2214
2462 2282
2101 2125
2681 3068
2420 3198
2946 2281
2629 3036
2616 2796
2422 3198
2259 2499
1958 2087
2408 2317
2292 2289
2213 2689
2571 3210
2667 2956
2665 2253
2653 2002
2407 2760
2509 3203
2316 2387
2355 2728
2639 2226
2083 2228
1958 2091
2033 2253
2849 2358
2671 2288
2515 2140
2567 3149
2633 2870
2675 2176
2625 2551
2116 2129
2776 2324
2306 2855
2272 2354
2605 3034
2327 2530
2557 2239
2382 2430
2241 2610
2698 2525
2313 2379
2552 3204
2647 2031
2858 2354
2458 2077
1978 2128
2232 2647
2038 2191
2789 3070
2522 3104
2245 2685
2614 2528
2567 3009
2744 2999
2550 3206
2778 2371
2569 2553
2648 3066
2787 3066
2380 2731
1985 2095
2014 2147
2843 2408
2445 2045
2278 2510
2745 3013
2709 3064
2520 2897
2571 3186
2648 2126
2140 2152
2293 2615
2734 3021
2670 2116
2566 3094
2517 2228
2542 3020
2514 3095
2287 2598
2700 2384
2348 2729
2578 2517
1981 2115
2092 2237
2534 2372
2503 2072
2212 2305
2701 2232
2456 2801
2648 2273
2644 2500
1995 2343
2736 3048
2756 2303
2245 2350
2542 2209
2598 2944
2472 2847
1953 2065
2358 2341
2216 2325
2837 2395
1980 2345
2447 2291
1974 2103
2727 3057
2027 2374
1994 2157
2718 2508
2699 2191
2752 2298
2710 2972
2585 2518
2687 2391
2291 2537
1984 2339
2106 2169
2887 2253
2131 2130
2489 3089
2287 2340
2867 2254
2691 2600
2513 2066
2101 2242
2664 2250
2315 2394
2559 3179
2127 2160
2537 2264
2226 2328
2512 3074
2399 2110
2385 2274
2253 2321
2160 2304
2247 2679
2558 2912
2450 2291
2431 3166
2555 3143
2657 2317
2688 2368
2672 2502
2081 2275
2189 2329
2399 2301
1972 2131
2790 2980
2792 3085
2637 2280
2656 2541
2597 2942
2516 2151
2349 2733
2719 2088
2028 2287
2485 2247
2114 2303
2774 2973
2252 2654
2627 2250
2560 3159
2270 2466
2717 2305
2792 3011
2748 3008
2642 2951
2570 2778
2519 2333
2234 2660
2614 3163
2308 2852
2413 2137
2669 2600
2306 2504
2634 3005
2557 2232
2321 2526
2515 2283
2395 2288
2624 3157
2523 2375
2227 2649
2540 2864
2385 2393
2299 2757
2446 3230
2438 2761
2214 2311
2778 2983
2074 2215
2740 3052
2122 2242
2763 2365
2741 3023
2302 2818
2647 3058
1954 2082
2331 2830
2789 3033
2648 3052
2953 2293
2671 2468
2767 2311
2730 2292
2084 2134
2013 2345
2750 2523
2584 2543
2225 2349
2502 2243
2497 2292
2447 2316
2671 2452
1924 2094
2354 2449
2077 2290
2260 2654
2788 3009
2805 2137
2088 2343
2262 2428
2706 2443
2805 3073
2916 2299
2662 3048
2702 2530
2511 2285
2525 2261
2445 2784
2066 2280
2277 2383
2619 2828
2906 2303
2494 2083
2484 3214
2417 2752
2753 2995
2269 2318
2699 2215
2240 2289
2867 2250
2709 2517
2671 2547
2653 2001
2111 2253
2116 2310
2732 2205
2460 2043
2511 2061
2896 2318
2349 2400
2508 3114
2365 2363
2873 2242
2240 2732
2264 2726
2483 2318
2285 2586
2317 2832
2655 3057
2315 2527
2673 2544
1924 2088
2084 2226
2258 2501
2482 3193
2398 2121
2686 2363
2436 2749
2515 2332
2669 2013
2244 2722
2760 2365
2194 2336
2504 2871
2389 2282
2290 2395
2389 2287
2210 2661
1952 2105
2243 2345
2472 2876
2655 2341
2627 3198
2123 2142
2004 2158
2088 2132
2691 2332
2669 2583
2708 3054
2642 2870
2548 3032
2188 2333
2867 2252
2729 3052
1964 2075
2413 2291
1916 2109
2211 2751
2904 2292
2707 2515
2566 3192
2944 2360
2235 2298
2727 3058
2709 2992
2557 2234
2527 2270
2713 2976
2630 3191
2019 2139
2639 2959
2294 2533
2509 2889
2789 3069
2701 2531
2673 2242
2574 2956
2684 2168
2645 3053
1995 2165
2823 2373
2834 2389
2152 2305
2698 2107
2004 2329
2715 2429
2122 2148
2598 3141
2710 2327
2847 2331
2860 2349
1988 2327
2727 2299
2786 2337
2791 2968
2259 2488
2234 2303
2651 2853
2513 3072
2954 2295
2133 2201
2803 2949
2096 2264
2024 2135
2316 2390
2488 2060
2123 2294
2106 2346
2368 2388
2526 2171
2534 2182
2780 3067
2790 2993
2806 3073
2030 2173
2267 2734
2554 2219
2743 3002
2681 2034
2684 3068
2581 2729
2579 2785
2768 2525
2518 2147
2389 2315
1979 2173
2667 2244
2127 2150
2606 2818
2637 2920
2632 2923
2707 2963
2104 2180
2456 2086
2525 2393
2060 2209
2110 2304
2542 2826
2668 2978
2439 2297
2789 2331
2736 2491
2072 2218
2427 2103
2674 2502
2639 3016
2758 2513
2724 2220
2571 2250
2260 2481
2038 2180
2404 2117
2519 2313
2005 2344
2307 2819
2481 2096
2601 2779
2212 2325
2508 2366
2699 2107
2638 2961
2787 2382
2114 2331
2458 2281
2699 2414
2233 2302
2954 2296
2734 3063
2919 2349
1990 2099
2578 2762
2231 2660
2276 2863
2782 2939
2609 2236
2680 2168
2487 2303
2039 2202
2232 2756
2371 2375
2011 2311
2472 2339
2151 2306
2743 2972
2518 3216
2014 2142
2473 2295
2690 3067
2281 2537
2270 2446
2068 2228
2605 3035
2746 2960
2694 2065
2334 2378
2433 3215
2514 2162
2109 2151
2591 2756
2707 2172
2877 2329
2242 2722
1951 2117
2882 2251
2102 2158
2482 2226
2559 3010
2264 2749
1988 2344
2665 2595
2294 2524
2626 2905
2652 2280
2219 2304
2264 2391
2424 3205
2007 2322
2242 2734
2460 2817
2108 2332
2521 2138
2809 2934
2559 3201
2794 2393
2643 2829
2500 2116
2582 2788
2547 2827
2626 2913
2289 2395
2553 2181
2269 2367
2681 2043
2686 2326
2103 2339
2732 2224
2666 2173
2266 2495
2501 2884
2646 1983
2559 3208
2791 2940
2503 2314
2828 2396
2263 2742
2241 2609
2662 2477
2594 2696
2705 2314
2051 2167
2712 2332
2066 2167
2612 3037
2686 3069
2034 2227
2672 2248
2515 2086
2481 2317
2405 2357
2630 3198
2446 2370
2205 2332
2477 2331
2264 2680
2832 2396
2661 2492
2501 2210
2383 2416
2406 2353
2641 2828
2462 3208
2412 3213
2512 2163
2242 2625
2684 2058
2583 2812
2468 2337
2522 2363
1947 2049
2275 2605
2102 2278
2485 2844
2632 3015
2381 2730
2687 2339
2673 2216
2082 2322
2895 2248
2717 3035
2625 2916
2578 2256
2707 2499
2213 2664
2554 3015
2691 2336
2791 3021
1956 2027
2413 2293
2522 2151
2628 2927
1985 2339
2630 1998
2215 2688
2762 2993
2499 2889
2773 2314
2771 2366
2672 2517
2668 2445
2638 2920
2692 2536
2899 2261
2483 2362
2703 2065
2483 3198
2234 2708
2642 2841
2433 2332
2288 2533
2616 3178
2525 2155
2228 2704
2129 2200
2101 2158
2780 2939
2120 2292
2210 2650
2521 3091
2507 2081
2788 2348
2474 2809
2359 2429
2475 3224
2206 2316
2130 2199
2119 2326
2756 2302
2550 2818
2755 2322
2638 2963
2260 2655
2470 2041
2447 2329
2080 2269
2332 2833
2655 2994
2588 2271
2717 2207
2368 2400
2882 2242
2336 2858
2733 2223
2468 2114
2086 2232
2859 2349
2609 3035
2132 2156
2685 2445
2194 2340
2535 3125
2509 2317
2283 2594
2252 2367
2415 2735
2688 2333
2239 2741
2688 2319
2962 2295
2448 2347
2520 3105
2431 2112
1930 2064
2681 2035
2035 2229
2630 2007
2361 2435
2524 2326
2576 2917
2357 2730
2782 2340
2658 2212
2521 2273
2518 3185
2458 2816
2259 2498
1922 2074
2329 2374
2531 3030
2473 2832
2516 3183
2437 2819
2330 2437
2933 2265
2513 2083
2680 3040
2671 2507
2799 2952
2713 2351
2732 2223
2500 2879
2280 2429
2444 2857
2045 2197
2290 2279
2622 3182
2414 2145
2110 2171
2289 2345
2598 3164
2277 2741
2827 2381
2485 2074
2764 2992
2040 2197
2815 2941
2579 2201
2237 2711
2578 2748
2271 2354
2086 2105
2476 2344
2129 2164
2683 2143
2269 2336
2674 2876
2053 2136
2707 2513
2654 3049
2747 2981
2341 2426
2269 2627
2226 2312
2686 2165
2295 2595
2244 2693
2541 3026
2713 2473
2447 2124
2586 2824
2679 2055
2919 2348
2476 2327
2908 2310
2402 2724
2738 2980
2683 3074
2476 2837
2435 2750
2600 2820
2505 3228
2592 2952
2682 3041
2580 2752
2673 2163
2688 2363
2679 2938
2580 2971
2455 2115
2682 2944
2180 2749
2648 2245
2341 2433
2745 2204
2620 2710
2240 2352
2351 2528
2094 2284
2550 2821
2533 2078
2096 2317
2892 2307
2657 2245
2590 3206
2201 2762
2562 3218
2289 2603
2283 2741
2519 2331
2110 2191
2706 2217
2624 3166
2520 2225
2573 2247
2474 2105
2311 2512
2083 2309
2793 3094
2246 2329
2403 2760
2678 2321
2439 2108
2133 2159
2631 1988
2771 3060
2335 2846
2871 2322
2011 2351
2323 2856
2601 2804
2233 2351
2876 2260
2672 2360
2088 2135
2786 2305
2276 2365
2644 2271
2604 2234
2684 2051
2320 2842
2534 2190
2292 2858
2688 2357
2901 2286
2652 3235
1973 2104
2517 3090
2616 2798
2689 3042
2772 2969
2330 2544
2639 3008
2323 2526
2767 2991
2573 3112
2328 2428
2800 2970
2559 3207
2523 3053
2829 2406
2673 2077
2067 2130
2417 2734
2705 2069
2678 2322
2687 2534
2520 2273
2563 2560
2714 2340
2121 2294
2494 2299
2491 2874
2621 2248
2254 2612
2693 2356
2531 3187
2561 3220
2575 2744
2280 2559
2590 3045
2687 2330
2402 2303
2028 2112
2578 2747
2705 2433
2613 2932
2729 3061
2721 2313
2790 2376
2294 2376
2070 2135
2290 2292
2313 2412
2609 2106
2405 2720
2516 3070
2649 3004
2435 2341
2178 2753
2649 3023
2583 2246
2591 3207
2748 2521
2512 3187
2704 2453
2315 2531
2948 2351
2614 2102
2670 2076
2575 2917
2668 2234
2579 2712
2135 2190
2593 2757
2750 2207
2342 2727
2410 2365
1990 2098
2327 2504
2693 2558
1948 2064
2936 2368
2211 2302
2402 2299
2303 2773
2615 2939
2530 3032
2476 2294
2533 2182
2002 2351
2561 2807
2668 2420
2712 2203
2891 2252
2583 2967
2492 2087
2690 2398
2651 2875
2465 3207
2540 3194
2761 2373
2287 2601
1971 2097
2717 2345
2404 2315
2593 2816
2284 2582
2344 2725
2019 2136
2442 2807
2707 2960
2435 3179
2648 3000
2539 2375
2667 2589
2629 2940
2204 2754
2070 2228
2027 2290
2587 3156
2298 2537
2556 2254
2340 2721
2118 2194
2027 2125
2472 3199
2538 2377
2341 2438
2323 2831
2690 2403
2438 3167
2709 2479
2691 2107
2795 2943
2037 2272
2549 3221
2371 2449
2289 2295
2876 2244
2110 2167
2350 2345
2717 3027
2893 2249
2682 2128
2523 3215
2460 2340
2243 2695
2773 2366
2651 3231
2553 3127
2722 2098
2329 2426
2209 2659
2835 2406
2666 2550
2520 2139
2062 2122
2092 2140
2543 2862
2645 3015
2607 3042
2357 2743
2668 2947
2264 2333
2614 2795
2594 2255
2831 2373
2675 2080
2016 2355
2672 2434
2267 2445
2672 2879
2541 3101
2624 2888
2560 3161
2516 2149
2750 2972
2823 2943
1959 2034
2592 2219
2700 2409
2214 2707
2440 2769
2282 2579
2136 2189
2249 2683
2699 3067
2830 2387
2307 2520
2548 2187
2048 2205
2479 2811
2372 2266
2619 2254
2509 2363
2114 2164
2579 2940
2528 2887
2568 2187
2676 2175
2670 2869
2703 2434
2606 2694
2236 2624
2306 2761
2828 2401
2701 2247
2130 2133
2509 2225
2528 2263
2643 2919
1943 2063
2938 2323
2451 3237
2311 2785
1969 2115
2446 2290
2355 2452
2768 2052
2611 3150
2318 2429
2574 2222
2273 2498
2477 2844
2855 2349
2662 1997
2646 3213
2438 2336
2151 2292
2107 2346
2630 2549
2651 2510
2960 2292
2385 2275
2785 2972
2275 2540
2247 2683
2466 2102
2737 3055
1971 2132
2070 2216
2720 2093
2925 2349
2111 2177
2663 2310
2577 2783
2650 3226
2525 3186
2468 2815
2450 3213
2578 3050
2488 2231
2665 2429
2341 2381
2566 3212
2644 3189
2275 2565
2278 2356
2465 2114
2551 3224
1987 2350
2718 3023
2045 2195
2733 2987
2686 2175
2113 2157
2114 2307
1932 2063
2624 2549
2267 2321
2207 2317
2013 2326
2605 2249
2523 3105
2637 2234
2375 2373
2679 2538
2300 2758
2568 2551
2665 2237
1919 2079
2671 2587
2559 2217
2584 2699
2542 3193
2556 2870
2485 3213
2413 3151
2682 2596
2508 3189
2574 2710
2584 2528
2668 2116
2961 2294
2401 2754
2741 2978
2724 2217
2388 2334
2650 2829
2173 2293
2197 2751
2474 2104
2050 2140
2407 2719
2259 2648
2483 2248
2706 2493
2772 2329
1979 2128
2636 2956
2469 2040
2553 3231
2235 2311
1988 2115
2916 2272
2430 3158
2314 2746
2080 2300
2267 2471
2511 2328
1952 2104
2088 2289
2575 2916
2752 3005
2538 3201
2539 2877
2589 2727
2275 2410
2600 2525
2431 2354
2756 3005
2642 2832
2276 2590
2699 2049
2421 2830
2536 3195
2706 2949
2708 2171
2954 2289
2238 2705
2249 2716
2722 2997
2905 2341
2589 2745
1968 2022
2647 2542
2177 2330
2258 2646
2508 2123
2310 2785
2497 2247
2763 2358
2554 3034
2670 2112
2657 2997
2515 2085
2541 3224
2565 3149
2712 2994
2600 3146
2895 2296
2738 2981
2683 2366
2116 2261
2651 1994
2381 2279
2688 2318
2301 2534
2401 2344
2792 2978
2644 3174
2264 2389
2626 2704
2323 2504
2708 2954
2319 2789
2445 2370
2495 2079
2895 2316
2210 2320
2474 2314
1979 2140
1927 2064
2502 3196
2283 2863
2599 3140
2120 2328
2618 2710
2550 2848
2431 2740
2756 2359
2030 2251
2422 2114
2839 2331
2606 2547
2151 2298
2748 2522
1991 2328
2469 2872
2746 2203
2401 2401
2287 2624
2745 3015
2639 2853
2782 3055
2522 2152
2414 3175
2071 2286
2618 3180
2574 2914
2667 2168
2549 3030
2562 2557
2791 2954
2651 2503
2599 2695
2198 2325
2579 2821
2478 2058
2710 3072
2040 2201
2443 2833
2567 2556
2512 2125
2288 2742
2622 3180
2593 3045
2356 2392
2297 2637
2253 2646
2245 2633
2719 2211
2699 2528
2227 2714
2512 2083
1977 2344
2665 2434
2558 2913
2230 2294
2871 2329
2122 2245
2739 3034
2110 2347
2638 3189
2572 3167
2163 2322
2608 3146
2607 2810
2804 3101
1943 2102
2662 2420
2277 2586
2322 2384
2524 2901
2259 2476
2652 2262
2575 3031
2722 2488
2585 2258
2496 2078
2337 2865
2622 2825
2658 2284
1950 2062
2466 2336
2665 2127
2525 3122
2626 2250
2022 2356
2519 3217
2393 2310
2109 2177
2511 3070
2542 2840
2639 2236
2657 2903
2381 2729
2701 2466
2622 3181
2347 2797
2654 2298
2418 3197
2099 2252
2643 3176
2766 2064
2512 2318
2689 2231
2747 3059
2680 2392
2500 3220
2682 2035
2662 2032
2658 1997
2708 2359
1966 2105
2458 3211
2561 2242
2067 2126
2329 2748
2557 2181
2529 3096
2524 2316
2610 3152
2364 2344
1951 2044
2608 2547
2257 2587
2888 2257
2278 2584
2226 2695
2658 2994
2535 3126
2693 2507
2639 2127
2395 2317
2668 2907
2930 2267
2921 2298
2671 2980
2546 3137
2925 2345
2450 3205
2058 2161
2451 2375
2672 2256
2325 2747
2537 3190
2046 2195
2261 2481
2572 2952
2365 2720
2615 2813
1942 2061
2357 2727
2479 2309
2381 2395
2673 2047
2544 2181
2575 2269
2530 3095
1960 2083
2518 3212
2674 2506
2795 3090
2128 2163
2335 2379
2650 3223
2733 2511
2682 2324
2016 2170
2442 2832
2768 2527
2650 3056
2243 2301
2127 2238
2339 2836
2555 2224
2130 2104
2651 1995
2345 2731
2686 2561
2669 2519
2227 2317
2963 2358
2674 3035
2570 2191
2827 2402
2551 3021
2079 2272
2461 2084
2276 2446
2768 2997
2407 2763
2573 2776
2475 2809
2279 2681
2629 3173
2370 2375
2482 2094
2647 1982
2790 2963
2611 2946
2933 2282
2370 2377
2649 2035
2377 2396
2071 2224
2259 2308
2549 3006
2276 2515
2716 2991
2655 1984
2601 2195
2522 2364
2085 2107
2673 2451
2787 2380
2685 2326
2708 2380
2395 2387
2660 2129
2355 2456
2509 2863
2662 2992
2302 2528
2405 2116
2532 2380
2786 2940
2336 2369
2350 2555
2571 3030
2247 2682
2575 2219
2410 2130
2279 2429
2657 2845
2640 2030
2633 2113
2877 2263
2679 2500
2486 2345
2275 2509
2569 3092
2388 2341
2767 2983
2295 2614
2213 2749
2021 2228
2496 2080
2939 2311
2405 2131
2345 2350
2657 2849
2676 2536
2785 2993
2315 2373
2604 2955
2846 2355
2579 2693
2516 3187
2677 2109
2489 2351
2200 2763
2072 2210
2589 2271
2728 2992
2201 2695
2268 2479
2059 2157
2727 3027
2316 2428
2654 2891
2241 2284
2580 2753
2465 2889
2729 2287
2515 3212
2684 2375
2845 2408
2432 2766
2582 2799
2411 3180
2770 2323
2591 2713
2834 2406
2043 2200
2663 2487
2351 2343
2384 2323
2803 2125
2281 2631
2424 2334
2799 2953
1927 2073
2835 2361
2485 2059
1956 2026
2667 2574
2043 2208
2628 1984
2638 2919
2483 2296
2035 2108
2307 2765
2074 2162
2570 2185
1972 2015
2274 2404
2695 2949
2636 3191
1991 2142
2284 2605
2281 2452
2705 2524
2530 2267
2715 2431
2547 3087
2651 2262
2742 2296
2399 2344
2558 3152
2525 2348
2681 2551
2057 2153
2608 3035
2701 2217
2708 2172
2572 2917
2692 2505
2278 2535
2356 2553
2208 2692
2702 3067
2411 3175
2587 2253
2019 2364
2431 3216
2839 2359
2041 2214
2562 3217
2550 3146
2685 2029
2282 2584
2665 2427
2357 2340
2277 2578
2254 2728
2088 2275
2571 2249
2063 2202
2653 2210
2490 2326
2735 2306
2086 2132
2513 2074
2564 2195
2772 2326
2562 2537
2565 3166
2944 2284
2442 3170
2615 3174
2100 2128
2669 2510
2351 2335
2639 1989
2251 2757
2600 2802
2313 2388
2084 2129
2132 2108
2565 2698
2010 2162
2746 3006
2688 2600
2662 2405
2077 2316
2090 2342
2664 2987
2701 2485
2202 2770
2314 2831
2905 2250
2704 2181
2603 3164
2486 2244
2422 2353
2538 3171
2700 3043
2210 2654
2687 2376
2438 2341
2261 2667
2686 2500
2676 2106
2607 2261
2103 2179
2256 2753
2923 2286
2576 2805
2790 2985
2681 2380
2102 2237
2301 2756
2618 2942
2524 2903
2076 2164
2705 2047
2028 2113
2656 3000
2525 3102
2786 2353
2580 2780
2669 2543
2348 2555
2513 3212
2611 3039
2366 2756
2021 2351
2671 2586
2412 3217
2084 2310
2319 2403
2334 2830
2718 2369
2330 2374
2063 2123
2215 2741
2065 2126
2562 3208
2527 2078
2448 2120
2328 2861
2654 2326
2298 2755
2440 2326
2534 3040
2823 2369
2240 2293
2681 2056
2610 2243
2114 2249
2309 2834
1990 2328
2674 2244
2080 2293
2733 3045
2612 2526
2702 2231
2457 2291
2705 2106
2486 3192
2865 2339
2340 2383
2715 2196
2468 2857
2316 2501
2483 2365
1966 2023
2873 2325
2005 2320
2355 2448
2491 3103
2550 3019
2614 3025
2663 3046
2418 2335
1927 2083
2790 2984
2201 2323
2688 2166
2521 3075
2230 2704
2740 3073
2762 2957
2470 2886
2449 2090
2812 3046
2347 2402
2738 2297
2655 2479
2260 2487
2713 3063
2458 2046
2383 2395
2951 2288
2596 2724
2607 2934
2599 2525
2007 2321
2570 3119
2691 2946
2688 2226
2715 2415
2107 2289
2793 2978
2669 2443
2336 2545
2497 2243
2675 2881
2575 3033
2117 2191
2680 2495
2363 2725
2524 2130
2447 2373
2688 2403
2077 2300
2909 2345
2630 2927
2268 2323
2758 2361
2440 2783
2552 3148
2489 2056
2390 2350
2884 2242
2592 2713
2579 3154
2608 3048
2672 2872
2380 2724
2506 3053
2669 2263
2461 2080
2717 3037
2735 2303
2206 2753
2087 2227
2541 3173
2529 2074
2291 2739
2310 2531
2531 2387
1923 2094
2527 3118
2095 2202
2829 2398
1969 2098
2671 2918
2606 3146
2300 2748
2302 2508
2267 2753
2930 2280
2641 3029
1919 2103
2334 2752
2743 2532
2664 3062
2516 3074
2422 3215
2356 2390
2232 2334
2097 2268
2636 2906
2094 2128
2441 2311
2869 2329
2795 3072
2201 2316
2550 2181
2555 3034
2324 2435
2027 2372
2281 2437
2310 2507
2519 2294
1964 2031
2665 2369
2290 2348
2298 2627
2307 2518
2637 3038
2200 2326
2516 2161
2724 3037
2420 2371
2428 2336
2710 2243
2042 2204
2702 2239
2710 2186
2656 3212
2286 2346
2559 2813
2272 2387
2704 3054
2751 2357
2677 2955
2648 2995
2333 2429
2704 2229
2528 3106
2641 2538
2478 2810
2748 3010
1969 2082
2267 2343
2801 3048
2794 2970
2021 2315
2939 2323
1996 2160
2413 2319
2177 2335
2725 2490
2580 3039
2667 3047
2841 2359
2119 2291
2767 2291
2410 3175
2319 2433
2545 2837
2562 3152
2520 3053
2492 3092
2084 2242
2546 3219
2700 2478
2598 2198
2357 2751
1974 2104
2092 2268
2716 2486
2111 2196
2389 2357
2550 3235
2190 2331
2763 2322
2534 3197
2066 2122
2187 2752
2556 3181
2683 2504
2011 2345
2642 3233
2410 2297
1970 2118
2087 2310
2671 2493
2557 2680
2321 2833
2666 2953
2636 1973
2800 3054
2610 2201
2642 2838
2515 2073
2691 2149
2183 2330
2598 3043
2707 2407
2960 2360
2625 2889
2675 2129
2254 2654
2644 3035
2524 3082
2966 2298
2836 2365
2245 2352
2593 2718
2939 2310
2531 3076
2212 2316
2495 2083
2645 3228
2104 2131
2352 2433
2574 2261
2270 2344
2256 2759
2899 2304
2097 2200
2502 2057
2553 3136
2022 2216
2468 2113
2704 2231
2369 2362
2635 2547
2414 2755
2275 2399
2733 3044
2106 2176
2704 2354
2003 2125
2672 2452
2456 2039
2563 3163
2679 2021
2466 2039
2697 2464
2746 2202
2325 2414
2279 2587
2733 3061
2718 3074
2540 3101
2634 2854
2095 2205
2070 2159
2826 2404
2324 2742
2334 2749
2787 2360
2689 2221
2714 2378
2488 2310
2084 2131
2458 2342
2517 3076
2557 2676
2612 3150
2319 2502
2291 2534
2317 2783
2053 2166
2593 2221
2274 2545
2536 3077
2502 2224
2497 3211
2308 2415
2766 2952
2928 2349
2382 2323
2615 3031
2731 3037
2285 2322
2798 3072
2580 2769
2155 2297
2642 2834
2532 2265
2280 2428
2648 2510
2707 2514
2070 2214
2203 2334
2484 2354
2616 3177
1996 2117
2306 2605
2916 2300
2292 2540
2217 2691
2734 2513
2699 2410
2777 2975
2643 2261
2896 2269
2663 2419
2666 2398
2521 2230
2548 3089
2092 2272
2625 2250
2692 2190
2540 3093
2467 2310
2463 2299
2675 2019
2678 3024
2088 2308
2641 2281
2674 2075
2680 3073
2677 2080
2592 3207
2535 3222
2476 2050
2511 2214
2064 2162
2730 2299
2627 3059
2328 2375
2496 2321
2333 2863
2634 2523
2719 2982
2353 2336
2436 2747
2501 2278
2060 2147
2594 2781
2718 2999
2413 2366
2730 2993
2851 2342
1924 2089
2725 2223
1968 2019
2264 2427
2772 2371
2680 3031
2513 2332
2123 2245
2915 2300
2649 3002
2436 2347
2790 2991
2554 3013
1917 2091
2840 2397
2327 2526
2452 2124
2642 3064
2914 2308
2513 2228
2690 2601
2804 2357
2316 2373
2665 2967
2480 3210
2409 2127
2406 2719
2544 2857
2686 2126
2257 2655
2523 3054
2356 2747
2473 2296
2692 2105
2554 3120
2364 2361
2676 1999
2038 2192
2473 2104
2687 2394
2499 3220
2928 2352
2260 2398
2828 2390
2287 2354
2659 2491
2585 2961
2728 2994
2698 3069
2507 3081
2637 3049
2272 2405
2768 2309
2662 2487
2743 2974
2680 2370
2603 2806
2595 2764
2759 3063
2328 2371
2241 2639
2536 3125
2708 2216
2650 2262
2668 2541
2135 2154
2499 2053
2108 2150
2455 2803
2522 3076
2103 2141
2674 2074
2476 2829
2672 2037
2527 2348
2659 2907
2710 2404
2668 2964
2687 2182
2135 2128
2396 2286
2685 2126
2637 2007
2543 3134
2776 2977
2605 3049
2473 2346
2331 2420
2530 3068
2739 2982
2535 2133
2665 2994
2285 2546
2720 2983
2518 3215
2940 2288
2580 2703
2680 3032
2375 2270
2313 2829
2424 2124
2631 3169
2340 2380
2321 2385
2518 3110
2715 2206
2204 2656
2296 2765
2461 2330
1975 2014
2535 3172
2487 2362
2290 2309
2679 2227
2655 2836
2033 2110
2704 2452
2014 2325
2663 2989
2784 3062
2372 2424
2702 2052
2799 3104
2227 2652
2096 2350
2683 2122
2591 3160
2544 3195
2268 2605
2513 2319
2327 2746
2665 2008
2528 2888
2098 2350
2637 2921
2359 2342
2698 2442
2033 2168
2091 2246
2607 2528
2538 2194
2287 2625
2557 3023
2468 2333
2442 2127
2010 2329
2513 2299
2448 2838
2261 2315
1988 2353
2708 2961
2395 2105
2444 2787
2731 2311
2111 2250
2271 2712
2801 3047
2709 2480
2330 2373
2354 2747
2103 2190
2530 3220
2194 2337
2671 2394
2679 3026
2052 2208
2201 2315
2462 2249
1934 2067
2027 2179
2746 2519
2612 2801
2703 2320
2574 2798
2090 2310
2468 2846
2707 2187
2512 3195
2239 2727
2447 2799
2421 2356
2534 3120
2393 2347
2875 2241
2306 2387
2949 2354
2455 2112
2654 2343
2773 2074
1996 2347
2685 2022
2634 2532
2033 2244
2267 2620
2149 2314
2900 2306
2853 2349
2275 2455
2438 3224
2638 2228
2530 2172
2671 2497
2488 2099
2414 2754
2479 3211
2469 2891
2503 2884
2589 2951
2683 2127
2315 2752
2234 2289
2112 2340
2904 2258
2141 2154
2156 2317
2509 2124
2760 2366
2913 2300
2500 2307
2740 3076
2252 2322
2531 3111
2258 2669
2183 2324
2052 2158
2685 2502
2423 2108
2685 2375
2617 3178
2459 2852
2764 2307
2290 2533
2660 2003
2115 2305
2676 2016
2736 3035
2654 2261
2275 2555
2730 2285
2547 3120
2906 2308
1924 2082
2647 2828
2596 2535
2016 2302
2283 2846
2683 2318
2518 2066
2700 2948
2629 3171
2683 3039
1936 2050
2479 2093
2723 3066
2746 2979
2486 2242
2243 2682
2649 2032
2567 3093
2519 2170
2738 2229
2626 2887
2387 2721
2671 2921
2622 3044
2492 2307
2930 2364
2704 2322
2448 2329
2688 2129
2261 2560
2276 2496
2420 2283
2298 2620
2447 2808
2290 2291
2683 2102
2197 2764
2591 2724
2669 2130
2496 3089
2950 2288
2578 2200
2637 3021
2782 2337
2640 2997
1978 2136
2431 2767
2925 2272
2668 2226
2603 2196
1992 2117
2498 3187
2432 2115
2682 2950
2093 2315
2470 2838
2601 3142
2325 2374
2726 3064
2696 2560
2581 2822
2695 3042
2526 2391
2650 2360
2509 3052
2323 2437
2671 2164
2236 2677
2211 2665
2337 2443
2637 2018
2241 2686
2352 2336
2085 2316
2106 2170
2550 3005
2445 2322
2314 2788
2702 2414
2519 2229
2583 2786
2654 2268
2341 2726
2511 3206
2205 2683
2552 3122
2732 2492
2623 2199
2156 2302
2717 2976
2476 2340
2462 3213
2793 2389
2563 3190
2319 2516
2446 2827
2619 2942
2265 2751
2595 2523
2799 3101
2449 2800
2624 2827
2593 3044
2771 2064
2754 2300
2590 2725
2335 2442
2230 2703
2531 2191
2037 2276
2656 2208
2225 2320
2671 2239
2769 2317
2692 2403
2538 2190
2412 3175
2848 2331
2584 2700
2243 2621
2795 2396
2652 2854
2676 3042
2516 2075
2491 3200
2537 2862
2217 2326
2270 2464
2714 2322
2770 2959
2500 2236
2771 2325
2540 3095
2708 2490
2656 2240
2280 2538
2614 2813
2683 3042
2339 2803
2451 3232
2740 3034
2746 3031
2801 3026
1970 2074
2601 2948
2352 2743
2797 3041
2186 2323
2240 2677
2681 2222
2513 3089
2710 2971
2479 2303
2441 2125
2680 2034
2448 3226
2694 2370
2639 2867
2664 2249
2193 2342
2845 2341
2361 2724
2450 2118
2251 2613
2452 2090
2512 3090
2650 3059
2555 2869
2713 2202
2416 2288
2598 2711
2913 2259
2724 2313
2624 3186
2290 2738
2101 2143
2090 2229
2713 3036
2949 2288
2552 3121
1961 2121
2675 2044
2607 2950
2521 2898
2650 3006
2276 2551
2690 2333
2198 2326
2537 2827
2659 3023
2127 2240
2548 3119
2654 1988
2582 2801
2466 2334
2658 2845
2917 2294
2081 2214
2450 2346
2387 2262
2432 2354
2568 2724
2714 2977
2670 2165
2907 2339
2281 2678
2023 2298
2491 2327
2587 2790
2552 2180
2229 2293
2844 2329
2327 2838
2044 2160
2327 2423
2106 2128
2451 2782
2517 2157
2411 2144
2565 2813
2063 2162
2669 2566
2541 3231
2514 3096
2342 2534
2333 2372
2564 2681
2527 2131
2637 2035
2688 2598
2680 2940
2021 2354
2527 2888
2340 2427
2446 2834
2629 1983
2749 2355
2437 2826
2519 3040
2811 2935
2624 2104
1978 2177
2533 2138
2651 2000
2684 2026
2151 2311
2289 2307
2272 2359
2788 3065
2641 2988
2671 3043
2472 2328
2276 2418
2655 2482
2095 2237
2564 3149
2053 2138
2549 3222
2224 2750
2696 3041
2211 2696
2430 3220
2477 3216
2269 2403
2589 2824
2629 2010
2087 2199
2782 2333
2714 3076
2524 2133
2668 2450
2591 2824
2744 3004
2655 2299
2521 2364
2440 2741
2654 3001
2267 2717
2267 2435
2606 3032
2023 2244
2517 2210
2019 2235
2064 2128
2687 2348
2960 2289
2445 2375
2415 2369
2751 2356
2659 3003
2645 3178
2016 2143
2928 2348
2269 2713
2223 2747
2568 2553
2046 2208
2584 2264
2671 2909
2421 3231
2338 2376
2536 3104
2077 2221
2606 2964
2660 3058
1976 2344
2503 3228
1966 2097
2165 2287
2368 2389
2560 2807
2726 2311
2505 2859
2255 2655
2642 2027
2914 2293
2266 2674
2645 3199
2961 2295
2690 2562
2520 3214
2280 2622
2211 2752
2263 2754
2271 2628
2631 2277
2104 2179
2283 2549
2941 2316
2401 2305
2672 2255
2559 2231
2688 2375
2937 2284
2214 2692
2597 3040
2421 2108
2529 2893
2672 2909
2432 2741
2268 2487
2585 2266
2461 2283
2708 2214
2686 2105
2264 2491
2512 2149
2489 2886
2235 2336
2735 2988
2583 2751
2272 2367
2155 2280
2590 2710
2553 2199
2643 2863
2435 2816
2641 2228
2069 2132
2372 2418
2842 2356
2785 3047
1952 2116
2354 2412
2437 2774
1999 2111
2446 2373
2911 2269
2332 2864
2706 2537
2515 3086
2098 2126
2639 3027
2663 2417
2412 3216
2245 2721
2008 2145
2438 2126
2512 3092
2232 2703
1992 2104
2261 2307
2770 2365
2641 2502
2682 2365
2482 2109
2707 2506
2216 2307
2680 3042
2677 2128
2660 2007
2422 2735
2077 2172
2568 2198
2610 2546
2909 2301
2596 2701
2088 2314
2708 2187
2541 3106
2867 2323
2521 2914
2659 2045
2562 3024
2018 2325
2791 3091
2708 2542
2287 2742
2068 2227
2582 3028
2703 2358
2637 3034
2267 2469
2618 2895
1917 2113
2267 2313
2463 3211
2723 3000
2037 2258
2344 2348
2293 2636
2583 2532
2263 2757
2529 3094
2490 2092
2399 2117
2578 3048
2490 2078
2044 2161
2277 2493
2041 2210
2101 2322
2313 2378
2568 2196
2666 2167
2480 3197
2534 3180
2704 2526
2027 2237
2086 2243
1949 2045
2805 2143
2260 2394
2532 2138
2488 2084
2704 2172
2580 2960
2633 2228
2080 2121
2505 2866
2265 2652
2767 2375
2493 2286
2649 2277
2542 3173
2646 3068
2625 2277
2502 3191
2285 2844
2578 3211
2577 2256
2069 2221
2247 2624
2106 2334
2602 2693
2430 2288
2703 2066
2724 2311
2034 2111
2259 2769
2574 2244
2610 3038
2413 2369
2584 2949
2448 2043
2691 2440
2648 2264
2573 2225
2212 2738
2232 2740
2781 2330
2452 3226
2602 2947
2261 2698
2785 3016
2483 3215
2832 2397
2721 3000
2019 2234
2108 2156
2639 2501
2919 2309
2912 2272
2370 2431
2727 3026
2375 2754
2618 2898
2099 2196
2241 2292
2537 3074
2744 3053
2660 2300
2243 2623
2590 2706
2285 2623
2627 2913
2767 2952
2559 3143
2543 3023
2317 2396
2088 2112
2601 2099
2484 3195
2523 3032
2368 2442
2441 2365
2609 2252
2268 2627
2731 2293
2579 2950
2635 2216
2101 2244
2496 2077
2609 2956
1984 2116
2224 2309
2689 2334
2437 2300
2799 3073
2572 2708
2669 2131
2427 2104
2510 3075
2706 2405
2484 2102
2192 2338
2520 2296
2530 3042
2629 2007
2572 3140
2771 3058
2525 3063
2471 3206
2482 2365
2335 2848
2418 3153
2837 2396
2410 2759
2675 1997
2628 3171
2509 3109
2666 2221
2518 2897
2511 2073
2140 2293
2500 2318
1960 2034
2467 2861
2629 2510
1975 2170
2751 2322
2693 2537
2824 2941
2578 3184
2656 2207
2691 2951
2490 2886
2483 2890
2789 2368
2563 3172
2565 2909
2465 2332
2425 2107
2792 3082
2631 2252
2493 2074
2500 2237
2889 2295
2322 2834
2287 2854
2526 2179
2346 2751
1994 2098
2655 2213
2741 3076
2493 2864
2437 2338
2527 3069
2334 2531
2481 2227
2630 2288
2622 2861
2307 2775
2353 2355
2690 2409
2302 2525
2300 2534
2374 2374
2434 2812
2670 2576
2646 3183
1977 2179
2571 2179
2316 2530
2466 2335
2281 2505
2775 2059
2035 2167
2432 2298
2278 2350
2615 2234
2051 2130
2925 2284
2650 2325
2767 3063
2640 2546
2253 2611
2808 2140
2555 2825
2910 2329
2415 2326
2513 2271
2582 2820
2525 2280
2084 2276
2224 2303
2403 2116
2662 2430
2309 2389
2101 2249
2018 2285
2508 2120
2535 3120
2247 2718
2579 3213
2619 2233
2556 3157
2753 2320
2541 3221
2589 3149
2683 2945
2539 2880
2164 2305
2496 2132
2623 2715
2678 2915
2523 3068
2318 2530
2605 2960
2789 2973
2366 2725
2734 3068
2722 2212
2676 2073
2497 3212
2663 2420
2742 2530
2919 2352
2695 2473
2449 2037
2587 2217
2308 2836
2735 2308
2578 2920
2429 2739
2137 2154
2228 2747
2703 3032
2552 3018
2586 2718
2704 3036
2625 2702
2781 2940
2359 2356
2823 2375
2712 2531
1959 2100
2751 2203
2487 2100
2245 2692
2270 2617
2499 2208
2081 2327
2504 2219
2603 2946
1952 2101
2523 3186
2457 2860
2451 2337
2237 2712
2401 2731
2011 2319
2705 2046
2793 3090
2912 2291
2192 2337
2436 2331
2581 2202
2510 2215
2213 2314
2010 2319
2686 2397
2680 2055
2225 2313
2514 2126
2570 2527
2803 2938
2257 2349
2592 2950
2703 2462
2674 2585
2552 3009
2239 2314
2276 2733
2324 2545
2530 3075
1946 2126
2616 2707
2274 2365
2494 3217
2239 2686
1991 2116
2310 2505
2247 2618
2785 3093
2678 2326
2536 2371
2728 2227
2695 2183
2658 2304
2264 2494
2256 2756
2305 2821
2253 2730
1926 2087
2883 2260
2709 2448
2737 2496
2624 3184
2567 3132
2336 2537
2212 2686
2497 2281
2563 2559
2731 2296
2272 2616
2750 2978
2789 3077
2428 2738
2278 2387
2476 2346
2034 2217
2704 2961
2640 2271
2429 3220
2314 2852
2327 2528
2613 2806
2237 2653
2517 3184
2640 2497
2335 2374
2430 2815
2543 3013
2433 2102
2033 2118
2331 2742
2640 2501
2821 2358
2573 2691
2508 3079
2667 2130
2666 2310
2228 2743
2109 2168
2597 2543
2441 3227
2034 2103
2301 2504
2672 2436
2501 2244
2612 2702
2631 2524
2102 2338
2515 2081
2516 2268
2292 2622
2704 2107
2724 2486
2370 2366
2643 2030
2784 2375
2031 2122
2107 2154
2518 3104
2486 2884
2290 2345
2575 2957
2066 2287
2499 3091
2021 2133
2352 2432
2513 2069
2398 2400
2711 3073
2706 2384
2310 2416
2652 2322
2649 2241
2407 2357
2310 2512
2792 2940
2586 3040
2630 3010
2335 2532
2577 2745
2641 3020
2580 3205
2297 2409
2038 2187
2801 3057
2450 3207
2351 2720
2585 2826
2798 1632
2022 2229
2441 2298
2456 2859
2685 2942
2432 2816
2617 2820
2845 2360
2713 2308
2088 2335
2725 2488
2511 2226
2612 3055
2698 2385
2773 2957
2212 2698
2934 2283
2341 2391
2207 2660
2245 2655
2476 2105
2667 2255
2562 2245
2103 2186
2732 3048
2659 2364
2370 2433
2141 2291
2101 2140
2535 3174
2536 3199
1946 2075
2296 2624
2484 2061
2657 2263
2250 2643
2362 2733
2452 2858
2494 2217
2540 2861
2515 3072
2590 2759
2441 2745
2784 2335
2615 2943
2200 2771
2477 2317
2583 2956
2598 2205
2294 2614
2651 2483
2885 2244
2611 2928
2699 2435
2462 2865
2476 2053
2838 2358
2203 2336
2604 3141
2521 2895
2263 2709
2526 2071
2354 2347
2474 3227
2569 2791
2606 2946
2665 2371
2664 2217
2631 3197
2203 2342
2512 3117
2666 2326
2470 2104
2562 3142
2424 3187
2618 3179
2611 3176
2275 2543
2568 2806
2350 2400
2572 2931
2898 2264
2347 2430
2504 2309
2347 2351
2704 2230
2476 2331
2527 2319
2641 2226
2918 2261
2879 2004
2172 2754
2562 3194
2753 3059
2278 2737
2284 2625
2070 2215
2261 2324
2599 3044
2634 3032
2018 2125
2929 2306
2293 2850
2570 2684
2108 2244
2511 2144
2270 2656
2149 2286
2018 2225
2263 2315
2740 2975
2551 3223
2225 2702
2223 2303
2352 2727
2704 2519
2672 2102
2703 2456
2232 2757
2655 2039
2504 2356
2251 2309
2471 2840
2489 2219
2325 2412
2086 2278
2599 3042
2331 2834
1958 2070
2714 2101
2246 2622
2102 2127
2576 2956
2662 2476
2829 2395
2741 2296
2968 2300
2721 2095
2579 2539
2686 2063
2458 2832
2079 2128
2580 2268
2783 3014
2542 3107
2665 2250
2050 2145
2644 3005
2528 2225
2947 2349
2348 2738
2341 2434
1988 2145
2746 2291
2064 2145
2485 2345
2704 2209
2722 2202
2201 2341
2663 2120
2894 2309
2321 2832
2115 2148
2758 2998
2610 3049
2312 2845
2585 2531
2286 2401
2482 2361
2737 2989
2651 2509
2560 3096
2697 2948
2674 2083
2270 2499
2554 3201
2274 2401
2628 3029
2298 2506
2025 2227
2705 2497
2712 3037
2143 2125
2958 2358
2435 2770
2493 2089
2275 2584
2649 3050
2261 2349
2883 2253
2519 2300
2442 2749
2499 2879
2238 2732
2512 3088
2788 2387
2177 2325
2401 2755
2683 2168
2640 2917
2685 2551
2573 2781
2381 2272
2780 2053
2679 2558
2403 2388
2566 2813
2076 2166
2640 2907
1993 2114
2031 2237
2692 2504
2201 2336
2446 2825
2750 2356
2690 3060
2514 2150
2647 2233
2676 2365
2038 2196
2320 2855
2564 3160
2707 2239
2482 2248
2324 2393
2524 2377
2464 2816
2015 2131
2935 2279
2239 2722
2738 2228
2710 3034
2358 2400
2291 2852
2638 2036
2722 2501
2898 2257
2630 2213
2426 2753
2492 2308
2446 2105
2677 2500
2795 3073
2656 1988
2475 2880
2554 2679
2893 2258
2694 2183
2608 3152
2266 2386
2773 2331
2488 3201
1916 2093
2720 2984
2640 2952
2478 2822
2491 2359
2280 2545
2253 2643
2041 2187
2716 3032
2658 2180
2287 2303
2674 2162
2331 2423
2686 2555
2483 3196
2244 2715
2873 2320
2740 2493
2486 2305
2273 2437
2368 2369
2672 2371
2523 2315
2805 3075
2270 2318
2022 2222
2847 2357
2786 3052
2278 2425
2230 2335
2571 3116
2701 2539
1968 2075
2322 2447
2873 2243
2303 2766
2403 2303
2562 3009
2261 2612
2689 2411
2693 2560
2116 2294
2628 2198
2653 2854
2461 2041
2530 2894
2121 2329
2671 2544
2684 2401
2770 2989
2615 2254
2536 2372
2621 2267
2922 2349
2233 2717
2288 2744
2045 2203
2622 2557
2443 2096
2565 3098
2473 2043
2685 2941
2265 2396
2204 2688
2591 3210
2299 2770
2929 2352
2670 2244
2668 2510
2903 2267
2735 2495
2468 2246
2508 2313
2553 2820
2253 2612
2069 2285
2643 2354
2653 2967
2650 3011
2515 3190
2321 2442
2578 2812
2197 2758
2656 2259
2312 2411
2018 2142
2645 2991
2574 2913
2688 2329
2767 2969
2564 3009
2812 2139
2522 3068
2253 2762
2730 2297
2644 2261
2646 2114
2525 3068
2619 2797
2802 3089
2247 2700
2255 2654
2261 2654
2383 2261
2697 2420
2643 2356
2020 2315
2150 2298
2588 3153
2019 2315
2272 2548
2651 2886
2940 2324
2576 2517
2037 2177
2408 2128
2074 2230
2785 2973
2429 2305
2655 2346
2785 2337
2709 3070
2378 2396
2699 2325
2389 2308
2414 2366
2269 2448
2601 3036
2052 2153
2687 2345
2212 2754
2686 2341
2232 2663
2311 2746
2631 3010
2791 2368
2659 1997
2872 2240
2481 3211
2518 2317
2240 2692
2615 2931
2476 3219
2714 2487
2610 2200
2629 1974
1979 2346
2298 2769
2662 2281
2667 2398
2785 3020
2422 2280
2640 2008
2689 2949
2608 2528
2789 2994
2301 2782
2096 2266
2571 3055
2632 2530
2653 2177
2408 2286
2674 2438
2529 2905
2410 2724
2421 3232
2341 2801
2123 2196
2519 2319
2607 3155
2325 2423
2290 2280
1948 2057
2548 2853
2742 2305
1998 2335
2293 2616
2149 2313
2343 2531
2791 2398
2602 2820
2330 2746
2328 516
2677 2110
2696 2187
2958 2292
2578 2798
2519 3093
2027 2171
2250 2760
2597 2779
2678 2252
2093 2141
2452 2344
2775 2973
2629 3176
2263 2650
2205 2684
2666 2952
2835 2358
2167 2286
2562 2248
2510 2314
2489 2096
2274 2430
2550 3202
2414 2731
2668 3024
2525 3119
2619 3180
2918 2266
2658 2302
2910 2321
2461 2292
2485 2363
2633 1992
2506 2373
2539 2827
2306 2500
2690 2502
2151 2289
2308 2525
2462 2087
2038 2265
2689 2222
2512 2302
2355 2750
2652 3008
2022 2120
2871 2335
2507 2856
2521 3088
2531 3077
2122 2147
1970 2116
2338 2441
2471 2109
2460 3206
2227 2692
2629 2710
2570 2225
2256 2599
2593 3214
2160 2317
2320 2840
2200 2767
2150 2286
2711 2326
2548 2848
2479 2302
2667 2912
2160 2285
2102 2245
2627 2288
2456 2815
2715 3064
2955 2356
2455 2340
2697 3066
2529 2903
2386 2360
2313 2746
2337 2430
2522 3102
2447 2857
2152 2281
2527 2071
2697 2315
2447 2358
2470 2873
2639 3188
2935 2287
2509 2888
2611 2545
2787 2982
2785 3003
2775 2058
1976 2115
2541 2842
2258 2616
2720 2107
2687 2402
2663 2127
2673 2507
2754 2307
2498 2076
2234 2673
2101 2245
2504 2074
2684 2569
2738 2208
1988 2168
2397 2125
2706 2962
2726 2300
1951 2112
2267 2335
2583 2791
2639 2228
2300 2602
2108 2160
2548 3210
2575 2927
2514 2208
2450 2854
1999 2363
2383 2720
2113 2148
2315 2857
2697 2227
1933 2086
2543 2831
2545 2842
2409 2372
2516 2157
2265 2653
2292 2287
2552 3236
2230 2705
2448 2088
2284 2489
2325 2502
2666 2422
2562 2913
2324 2426
2436 2742
2804 2939
2352 2742
2784 2943
2692 2226
2253 2609
2893 2298
2552 3210
2483 2311
2557 2810
2551 2193
2478 2841
2946 2357
2576 3013
2711 3065
2802 3099
2687 2535
2285 2345
2148 2335
2772 2327
1983 2338
2132 2298
2600 2263
2358 2732
2391 2127
2474 3226
2723 3062
1961 2100
2497 3230
2491 2238
2599 2543
2751 2320
2193 2751
2909 2289
2587 3149
2796 2947
2949 2357
2413 2150
2081 2296
2466 2037
2098 2266
1994 2333
2397 2106
2419 2278
2529 2072
2196 2760
2473 2854
2757 2996
2262 2338
2066 2132
2514 3190
2159 2285
2640 3020
2418 3199
2557 3017
2713 2405
2052 2135
2022 2241
2000 2148
2687 2373
2268 2744
2575 2245
2642 3234
2438 2127
2448 2338
2597 3140
2088 2230
2961 2358
2912 2343
2667 2575
2338 2848
2313 2428
2099 2330
2240 2690
1966 2106
2146 2125
2347 2436
2353 2742
2272 2307
2576 2766
2397 2298
2797 2357
2641 2021
2749 2514
2889 2290
2469 2116
2717 2091
2698 2185
2694 2398
2659 1993
2418 3183
2367 2389
1914 2105
2689 3068
2691 2352
2342 2391
2625 3166
2571 2685
2370 2361
2588 2538
2616 2110
2271 2403
2039 2187
2916 2332
2481 2351
2089 2232
2778 2997
2309 2419
2613 2813
2547 3187
2253 2661
2666 3046
2425 2735
2958 2355
2403 2725
2685 2943
2871 2324
2477 2239
2578 2942
2202 2764
2693 2409
2319 2750
2288 2295
2604 2946
2502 2310
2525 2272
2500 2233
2119 2131
2315 2749
1996 2171
2554 3144
2673 2552
2261 2314
2268 2448
2418 3215
2280 2387
2780 2055
2679 2392
2656 2319
2499 2209
2589 2746
2486 2848
2524 2919
2877 2002
2572 3037
2124 2135
2660 3208
2678 2044
2569 3130
2645 2967
2678 2566
2368 2393
2687 2948
2180 2326
2555 3182
2900 2264
2843 2330
2100 2180
2585 2791
2562 2539
2336 2849
2698 2386
2447 2089
2594 2274
2276 2399
2923 2289
2007 2320
2799 3027
2425 2360
2595 2770
2259 2618
2255 2704
2469 2340
2580 3214
2021 2241
2409 2331
2299 2602
2547 3226
2557 2217
2575 2735
2524 2259
2177 2760
2550 2183
2453 2090
2113 2340
1940 2058
2527 2227
2668 2002
2403 2392
2690 2447
2089 2295
2229 2661
2542 2853
2900 2308
2654 2848
2084 2274
2657 2481
2156 2316
2300 2418
2536 3021
2616 2797
2734 2988
2411 2723
2019 2373
2201 2683
2536 3228
2707 2475
2078 2305
2644 2277
2130 2197
2211 2693
2435 2104
2885 2251
2101 2260
2662 2041
2257 2588
2783 3058
2678 2451
2674 2087
2715 2098
2332 2544
2302 2535
2486 2094
2586 3047
2643 2241
2397 2308
1946 2074
2044 2205
2670 2600
2519 2175
2278 2428
2663 3045
2917 2329
2287 2420
2314 2789
2526 2316
2423 2829
2280 2585
2664 3045
2658 2414
2699 2219
2480 3217
2356 2750
2675 2564
2260 2349
2279 2417
2326 2528
2174 2293
2418 2728
2352 2383
2423 3205
2287 2597
2659 3020
1919 2115
2513 3081
2922 2337
2026 2369
2596 3038
2622 2712
2488 2227
2806 2137
2312 2827
2079 2318
1983 2121
2825 2404
2064 2123
2870 2342
2074 2291
2618 3178
2416 2756
2941 2357
2150 2315
2267 2738
2819 2941
2488 2226
2130 2142
2398 2301
2706 3080
2934 2355
2244 2318
2903 2256
2737 2297
2261 2414
2544 2848
2664 2868
2293 2379
1952 2102
2284 2590
2104 2191
2689 2356
2245 2631
2570 3009
2715 2403
1987 2110
2344 2529
2439 3170
2650 2356
2237 2283
2639 2982
2535 2862
2664 2166
2649 3005
2805 3076
2327 2441
2260 2701
2738 2989
2836 2398
2019 2361
2432 2109
2671 2000
2705 2519
2653 2288
2612 2947
2283 2417
2669 2254
2015 2301
2574 2821
2106 2129
2564 2204
2570 2910
2624 3180
2226 2330
2674 2106
2589 2781
2450 2117
2380 2268
2576 3184
2655 2209
2620 2825
2518 2316
2691 3042
2820 2366
2353 2399
2492 3209
2389 2289
2511 2325
2409 2116
2521 2293
2761 2959
2614 2551
2410 2715
2704 2185
2396 2297
2651 3217
2789 2985
2459 2281
2721 2107
2849 2360
1954 2086
2448 2365
2580 2751
2676 2020
2275 2863
2084 2098
1969 2105
2004 2362
2081 2116
2518 2044
1919 2117
2634 2856
2361 2437
2715 2210
2291 2731
2367 2398
2887 2326
2085 2109
2772 2325
2222 2753
2520 2330
2648 3053
2133 2193
2521 2376
2666 2008
2265 2730
2627 2708
2236 2339
2926 2349
2391 2335
2885 2293
2697 2189
2523 2889
2819 2950
2515 2082
2787 2345
2693 2533
2773 2370
2649 1986
2530 3096
2367 2400
2530 3104
2800 3034
2491 2863
2306 2398
2416 2728
2119 2153
2672 2447
2643 2360
2473 3223
2522 2909
2302 2771
2299 2851
2318 2803
2383 2718
1955 2027
2642 2501
2543 2185
2423 3180
2833 2368
2689 2542
2534 2189
2272 2362
2677 1999
2305 2503
2512 2063
2579 2825
2097 2135
2447 2300
2079 2305
2385 2416
2568 3188
2524 2077
2803 2977
2682 2048
2547 2853
2670 2456
1967 2118
2575 2935
2330 2421
2045 2202
2164 2304
2704 2520
2242 2618
2094 2141
2469 2885
2584 2726
2458 2083
2470 2105
2957 2366
2460 2044
2651 2278
2349 2333
2270 2498
2641 3229
2559 3097
1978 2121
2122 2308
2573 2710
2449 2375
2466 2879
2767 2957
2454 2803
2772 2958
2871 2328
2510 2363
2446 2116
2472 3203
2743 2507
2651 1997
2527 2187
2717 3025
2343 2857
1943 2055
2291 2413
2227 2701
2389 2420
2705 2217
2628 3030
2829 2388
2007 2357
2060 2206
2232 2299
2240 2337
2251 2710
2618 2824
2678 2051
2742 3005
2084 2328
2700 2403
2813 2937
2276 2572
2085 2106
2479 2324
2271 2386
2289 2396
2669 2040
2115 2310
2623 2938
2501 2321
2659 2006
2699 2421
2087 2297
2079 2226
2277 2380
2017 2139
2322 2780
2525 2167
2117 2256
2431 3228
2671 2112
2437 3168
2081 2306
2320 2826
2070 2166
2370 2756
2502 2114
2870 2327
2798 3049
2437 2299
2486 3097
2013 2305
2544 2862
2110 2198
2626 3059
2301 2508
2654 2031
2296 2534
1932 2064
2537 3172
2437 2125
2012 2362
2094 2271
2432 3226
2671 2594
2463 2115
1995 2119
2374 2439
2388 2343
2435 2108
2700 2536
2639 2221
2691 2232
2321 2746
2399 2365
2808 3073
2197 2756
2168 2327
2260 2488
2661 2280
2706 2419
2463 2338
2668 2517
2146 2322
2591 2255
2214 2651
2800 3052
2404 2766
2553 2822
2503 3087
2671 2914
2603 2544
2644 3053
2720 3060
2387 2322
2617 2717
2610 2811
2680 2592
1943 2100
2550 2259
2264 2425
2734 2207
2772 2061
2555 3017
2237 2358
2504 3227
2272 2627
2402 2347
2269 2400
2551 3143
2639 2914
2152 2330
2558 3173
2267 2619
2780 2054
2563 3218
2161 2300
2347 2428
2579 2724
2385 2312
2372 2366
2446 2857
2201 2693
2680 2131
2609 2546
2675 2323
2130 2311
2769 2379
2894 2315
2678 2167
2699 2327
2454 2819
2149 2333
2749 2977
2665 2995
2282 2504
2468 2334
2275 2604
2670 2499
2563 2223
2671 3048
2544 3192
2784 2333
2237 2677
2576 2746
2026 2170
2845 2350
2890 2285
2288 2345
2911 2260
2836 2395
2413 3179
2641 2903
2236 2672
2669 2518
2611 2103
2629 1975
2476 2343
2633 3196
2590 2705
2706 2536
2228 2715
2519 3214
2212 2301
2021 2283
2286 2382
2648 2235
1984 2328
2587 2265
2507 2216
2625 2197
2672 2000
2386 2398
1998 2152
2647 2128
1963 2114
2558 2914
2699 2315
2064 2121
2473 3226
2528 2261
2690 3061
2522 2138
2289 2583
2569 2680
2702 2402
2248 2641
2520 3069
2677 3039
1990 2119
2418 2740
2675 2449
2794 2390
2583 2206
2092 2290
2288 2315
1996 2345
2362 2721
2403 2720
2052 2219
2584 2207
2550 3143
2718 3031
2715 2195
2427 3217
1956 2128
2249 2627
2921 2265
2042 2193
2232 2335
2631 2251
2693 2185
2665 3057
2709 2954
2558 3170
2697 3069
2706 3070
2657 2895
2264 2669
2609 3149
2474 2853
2852 2344
2512 2888
2647 2114
2610 3044
2516 2053
2326 2411
2519 3039
2707 2411
2438 2776
2243 2703
2296 2853
2016 2368
2650 3022
2500 2128
2110 2299
2728 2310
2459 2859
2396 2125
2766 2358
2578 2750
2561 3094
2033 2219
2573 2784
2043 2195
2557 3226
2522 2905
2636 2036
2089 2203
2630 2521
2754 2368
2271 2617
2461 2832
2581 2257
2718 2365
2588 2797
2296 2619
2483 2297
2516 2129
2671 2231
1942 2124
2732 2197
2028 2239
2280 2294
2276 2571
2532 3105
2092 2264
2694 2146
2752 2323
2455 2289
2247 2623
2652 2424
2760 2324
2672 2575
2278 2860
2785 2941
2829 2379
2692 2559
2512 3083
2529 3104
2451 2336
2582 2702
2281 2428
2277 2432
2104 2166
2719 2373
2703 3068
2477 2829
2278 2431
2301 2602
2326 2544
2249 2724
2638 2030
2493 2079
2541 3096
2264 2727
2123 2297
2123 2306
2746 2528
2012 2287
2434 2816
2780 2340
2758 3059
2667 2596
2289 2285
2233 2338
2070 2168
2475 2853
2372 2422
2487 2243
2584 2826
2297 2753
2691 3073
2506 2084
2329 2545
2424 3227
2008 2360
2109 2150
2677 2874
2098 2179
2637 2230
2134 2299
2585 2968
2545 3018
2726 2280
2306 2400
2428 3219
2488 2294
2412 2354
2642 2949
2291 2397
2290 2308
1976 2116
2480 2295
2685 3069
2412 2147
2698 2943
2539 3074
2674 2127
2021 2282
2756 3002
2507 2119
2141 2114
2521 3187
2491 2310
2469 2338
2683 2121
2424 3159
2075 2230
2823 2368
2676 2072
2407 2322
2281 2682
2678 2084
2766 2061
1923 2074
2793 3023
2257 2698
2095 2281
2569 3150
2782 2306
2094 2264
2670 2587
2657 2045
2074 2216
1992 2170
2617 3179
2117 2261
2070 2143
2576 3040
1984 2326
2541 3018
2313 2855
2263 2479
2672 2570
2534 2264
2040 2275
2819 2358
2783 2996
2484 2096
2695 2943
2524 3049
2696 2466
2593 2274
2572 2809
2098 2282
2152 2327
2581 2783
2605 3166
2569 2190
2513 3074
2658 2993
2924 2337
2747 2292
2717 3030
2128 2130
2035 2178
2789 3035
2553 3032
2342 2339
2709 2405
2767 2958
1982 2343
2036 2267
2539 2224
2436 2754
1918 2113
2262 2476
2928 2296
2502 2228
2713 2311
2803 2955
2269 2417
2601 2201
2836 2369
2506 3213
2387 2391
2099 2279
2151 2286
1977 2353
2573 3211
2167 2317
2051 2146
2188 2754
2036 2231
2668 2982
2017 2377
2273 2451
2699 2047
2380 2726
2497 2101
2537 3200
2483 2292
2618 3174
2265 2658
2578 3213
2772 2315
2112 2123
2031 2230
2589 2827
2252 2588
2581 2817
2702 2059
2666 2474
2272 2306
2941 2285
2259 2661
2631 2104
2129 2202
2500 2054
1943 2103
2341 2384
2277 2426
2725 3069
2742 3021
2668 2452
2615 2252
2659 2490
2269 2468
2922 2302
2514 2139
2087 2134
2021 2317
2344 2839
2199 2320
2909 2253
2418 2129
2538 3028
2736 2308
2645 2831
2537 2260
2609 2202
2504 3055
2450 2855
2429 2121
2497 2112
2962 2294
2291 2379
2667 2043
2498 2075
2675 2015
2659 3045
2514 2332
2512 3080
2612 2234
2372 2267
2749 2516
2241 2641
2274 2387
2435 2812
2628 2212
2301 2748
2598 2529
2298 2639
2170 2289
2393 2132
2092 2267
2787 3001
1976 2133
2681 2101
2270 2389
2678 2157
2088 2238
2242 2285
2290 2378
2235 2342
2329 2861
2013 2355
2721 2318
2730 3051
2533 3179
2964 2358
2272 2419
2505 2350
2614 2245
2255 2729
2589 2718
2521 3183
2175 2294
2635 2005
2243 2688
2454 2333
2910 2332
2679 2079
2090 2233
2787 2306
2592 2698
2644 2354
2645 3009
2479 2813
2971 2298
2271 2389
2480 2348
2509 2378
2558 3094
2452 2285
2631 2024
2771 2315
2384 2721
2794 3100
2301 2779
2486 3201
2738 2305
2753 2322
2282 2509
2574 3214
2504 2316
2474 2312
2594 3210
2488 2224
2348 2334
2062 2212
2669 2116
2273 2356
2515 2313
2448 2854
2403 2343
2021 2358
2488 3097
2446 2811
2544 3014
2451 2045
2309 2782
2665 2364
2255 2421
2327 2501
2431 2107
2440 2297
2025 2286
2442 2296
2765 2982
2601 3138
2431 2816
2702 2213
2592 3150
2664 2313
2254 2703
2030 2124
2586 2535
2066 2151
2546 3120
2684 2022
2394 2348
2925 2295
2553 3120
2729 3053
2739 2305
1986 2098
2611 3144
2331 2530
2440 2329
2341 2436
2659 3052
2668 2131
2079 2320
2668 2246
2424 2363
1944 2074
2225 2339
1977 2007
2719 2364
2365 2724
2740 3039
2128 2113
2752 2969
2577 3164
2876 2331
2211 2654
2513 3194
2560 2252
2405 2128
2035 2218
2438 2822
2577 2726
2515 3213
2095 2236
1967 2129
2632 2549
2668 2951
2483 2319
2033 2283
2906 2346
2794 2953
2429 2290
2800 3044
2254 2752
1993 2150
2643 2867
2695 2108
2725 2219
2702 3055
2239 2661
2096 2235
2685 2954
2475 2238
2716 2195
2744 3007
1997 2335
2709 2357
2697 2233
2624 2713
2243 2722
2491 2309
2109 2170
2653 2028
2684 2597
2689 2370
2464 3211
1932 2060
2600 2252
2533 2368
2502 2308
2007 2356
2819 2943
2686 2065
2574 2221
2532 3102
2745 3025
2630 1987
2271 2679
2945 2355
2207 2707
2728 3054
2489 2092
2592 3209
2662 2417
2951 2292
2451 2330
2785 2962
2639 2857
2575 2974
2262 2327
2698 3045
2604 3143
2688 2569
2699 2054
2593 2272
2015 2143
2280 2741
2740 2293
2112 2122
2025 2233
2482 2329
2523 2276
2563 2543
2700 2108
2596 2543
1990 2143
2678 2542
2259 2764
2542 3031
2670 2443
2642 3231
2290 2538
2577 2247
2876 2329
2642 1986
2696 2534
2572 3185
2648 2361
2766 2372
2575 2801
2716 3063
2502 2884
2294 2497
2661 3063
2602 2956
2745 2526
2399 2727
2355 2742
2657 3223
2772 3068
2757 2367
2609 3161
2388 2312
2559 2811
2509 3081
2082 2115
2519 2039
2515 2048
2562 2256
2870 2335
1976 2136
2010 2114
2632 2924
2414 2287
2551 3008
1976 2343
1946 2129
2703 2169
2686 3065
2058 2165
2592 2255
2520 2295
2695 2106
2592 2254
2919 2281
2642 2858
2607 2260
2272 2389
2702 2957
2726 2998
2561 3151
2390 2296
2101 2189
2480 3198
2506 2226
2778 2318
2659 2852
2641 2030
2514 2069
2290 2281
2715 2419
2652 2545
2305 2765
2336 2378
2761 2312
2710 3080
2700 3060
2152 2282
2655 2835
2345 2732
2898 2308
2798 3038
1988 2326
2136 2114
2583 2820
2649 2131
2570 3167
2853 2351
2670 2324
2574 2921
2659 2544
2849 2329
2321 2847
2627 3060
2310 2854
2724 2289
2009 2330
2627 3040
2127 2297
2656 2045
2677 2081
2701 2239
2565 3159
2519 3215
1969 2074
2437 3149
2146 2127
2537 3037
2285 2859
2772 2328
2308 2405
2645 2018
2375 2724
2745 2507
2640 2827
2546 2824
2429 2764
2745 2291
2656 2262
2493 2058
2638 3185
2270 2448
2731 3059
2850 2350
2023 2226
2315 2442
2739 2221
2568 2810
2239 2660
2221 2304
2915 2315
2000 2158
2275 2537
2605 2236
2578 2970
2212 2303
2026 2219
2704 2536
2800 3055
2523 3066
2241 2644
1916 2110
2745 2208
2286 2592
2674 2574
2653 1988
2280 2455
2768 2316
2301 2820
2944 2280
2631 2997
2644 3173
2452 2113
2463 2884
2425 3228
2309 2416
2748 3056
2626 2708
2679 2375
1986 2116
2518 2078
2304 2417
2767 2357
2056 2221
2913 2338
2452 3241
2106 2143
2445 2804
2407 2315
2275 2365
2068 2159
2630 2228
2276 2523
2562 2542
2509 2861
1971 2133
2654 2178
2653 1991
2360 2404
2284 2486
2658 2367
2261 2496
2399 2361
2297 2751
2295 2610
2274 2436
2874 2257
2658 2211
2021 2350
2903 2286
2658 2238
2685 2176
2590 3150
2786 2973
2762 2989
1964 2033
2202 2773
2556 3147
1951 2123
2696 2313
2676 2218
2318 2390
2700 2459
2072 2166
2031 2240
2717 2099
2795 2391
2257 2653
2656 2265
2474 3201
2680 2402
2449 2836
2164 2288
2738 2492
2835 2365
2911 2267
2717 2998
2506 2302
2474 3222
2303 2821
2611 2703
2235 2624
1937 2057
2537 2388
2556 2813
2524 3087
2446 3232
2707 2952
2625 3186
2431 3174
2791 3070
2942 2314
2561 3199
2355 2741
2588 3047
2494 2226
2532 2189
2683 2080
2343 2761
2784 3047
2798 2395
2923 2276
2519 2909
2299 2526
2663 2296
2524 2317
2291 2850
2748 2961
2738 2225
2725 3000
2111 2157
2609 2197
2482 3215
2105 2233
2507 2370
2530 3007
2902 2313
2441 2309
2391 2125
2708 3070
2687 2538
2444 2327
2265 2651
2645 2356
2093 2273
2321 2440
2225 2649
2528 2133
2387 2318
2370 2415
2937 2366
2015 2321
2769 2980
2433 2107
2651 2356
2226 2746
2664 2995
2063 2121
2101 2124
2866 2254
2662 2993
2349 2735
2901 2305
2410 2321
2636 3195
2067 2133
2877 2244
2725 2222
2272 2416
2637 2037
2286 2322
2526 2040
2874 2238
2029 2286
2520 2161
2709 2968
2314 2829
2290 2285
2112 2149
2657 3222
1948 2060
2700 2226
2714 2533
2734 3018
2706 2977
2429 2300
2672 2246
2514 3184
2575 2949
1928 2069
2553 3122
2460 2103
2502 2862
2317 2503
2130 2114
2022 2224
2262 2345
2675 2553
2225 2326
2663 2513
1959 2101
2689 3069
2284 2487
2705 2513
2402 2313
2483 2345
2399 2121
2451 2120
2616 2267
2218 2310
2793 2942
2573 2810
2598 2821
2372 2375
2025 2281
2286 2496
2667 2257
2337 2431
2202 2690
2633 3032
2579 2802
2522 3058
2087 2130
2615 2804
1936 2059
2647 1983
2415 3212
2415 2148
2491 2086
2518 2074
2236 2651
2779 3065
2686 2223
2646 2908
2511 3210
2704 2216
2548 3024
2667 2085
2582 2969
2652 3210
2707 2228
2389 2399
2786 3067
2667 2871
2609 2948
2247 2333
2572 3014
2904 2299
2453 2083
2787 2376
2557 3197
2109 2337
2596 3037
2277 2496
2939 2281
2756 3001
2457 2047
2627 2203
2903 2287
2620 3180
2504 2140
2261 2596
2421 2365
2283 2548
2260 2353
2489 2243
2689 2360
2128 2306
2490 2344
2305 2520
2596 2819
1993 2341
2640 2105
2659 2047
2584 2518
2439 2819
2267 2617
2503 2114
2659 2483
2281 2584
2228 2739
2560 3143
2306 2530
2438 2322
2272 2337
2581 2208
2687 2553
2029 2110
2905 2340
2427 2116
2060 2165
2698 3043
2666 2361
2699 2184
2259 2365
2511 3109
2903 2248
2318 2375
2145 2124
2528 3101
1936 2061
2795 2355
2639 2963
2627 2928
2683 2942
2397 2396
2022 2360
2279 2563
2635 2112
2919 2277
2725 2484
2431 3183
2455 2781
2472 2830
2318 2745
2157 2299
2551 2686
2636 2272
2641 3034
2767 2316
2355 2379
2482 2110
2643 3201
2677 3024
2735 3053
2311 2382
2412 3215
2732 2292
2355 2410
2100 2198
1995 2341
2281 2487
2410 2764
2525 3033
2269 2734
2705 3040
2087 2131
2045 2154
2652 1998
2302 2767
2579 2692
2640 2957
2673 2946
2074 2220
2787 3019
2320 2742
2165 2286
2284 2491
2678 2503
2797 3030
2700 2315
2482 2821
2775 3065
2235 2707
2271 2418
2702 2508
2562 3096
2446 2081
2622 2554
2277 2293
2505 3195
2567 3007
2175 2323
2787 2377
2086 2131
2512 3196
2653 2211
2662 2429
2703 2511
2714 2420
2120 2135
2661 2120
2691 2319
2590 2212
2212 2314
2528 2351
2655 2319
2888 2295
2666 2489
2624 2105
2423 2732
2616 2833
2641 2865
2270 2361
2533 3114
2668 2981
2904 2248
1964 2108
2450 2128
2428 2335
2285 2416
2024 2297
2666 2117
2059 2158
2537 2829
2274 2522
2321 2739
2642 3035
2577 2198
2478 2835
2668 2516
2648 2035
2372 2454
2277 2587
2084 2243
2608 2811
1941 2127
2534 2223
2571 2782
2205 2751
2577 2694
2516 2374
2686 2337
2596 2222
2019 2140
2386 2418
2251 2643
2780 2942
2302 2532
2431 3226
2099 2246
2739 3014
2255 2306
2687 2318
2752 2516
2567 2697
2670 1997
2801 2360
2829 2378
2508 2058
2788 2359
2457 3219
2211 2651
2689 2396
2475 2103
2641 2551
2452 2284
2228 2346
2242 2703
2622 3042
1959 2080
2015 2348
2274 2403
1984 2100
2092 2289
2206 2657
2719 3063
2436 2332
2786 3017
2769 2316
2128 2104
2529 3033
2477 2850
2521 2327
2701 2046
2780 2045
2548 3124
2634 2219
2733 3060
2813 2361
2306 2525
2053 2206
2017 2214
2498 3233
2634 2538
2670 2477
2078 2215
2524 2185
2701 2213
2558 3032
2585 2213
2683 2540
2656 2417
2650 2905
2449 2123
2310 2536
2024 2290
2615 3025
2813 2930
2645 2123
2507 2326
2594 3043
2482 2359
2478 3211
2573 2928
2915 2279
2769 2378
2599 2215
1975 2023
2418 2284
2696 2405
2918 2279
2905 2300
2024 2168
2575 3158
2950 2355
2013 2325
2552 3010
2020 2313
2048 2196
2756 2367
2611 2529
2108 2159
2262 2680
2345 2725
2808 2945
2540 2377
2568 3189
2636 3005
2255 2590
2282 2506
2338 2857
2532 3070
2655 2850
2065 2211
2261 2437
2692 3043
2641 2955
2278 2343
2544 3093
2675 2406
2745 2514
2301 2536
2785 2378
2373 2417
2608 2196
2687 2329
2175 2328
2511 3202
2469 2243
2568 2552
2438 2742
2162 2321
2645 1991
2031 2121
2872 2335
1939 2125
2135 2199
2616 2268
2657 2240
2371 2390
1957 2086
2343 2337
2711 2217
2915 2293
2593 2543
2719 2202
2579 3153
2653 2483
2640 2862
1946 2052
2674 2562
2516 2062
2703 2327
2434 3167
2649 2499
2700 2439
2564 3189
2099 2284
2531 3073
2515 2888
2526 2356
2465 3208
2476 2313
2637 2960
2906 2310
1925 2064
2625 2928
2609 2257
1912 2092
2489 2245
2298 2531
2515 3085
2635 2113
2598 2217
2287 2382
2792 2406
2202 2344
2107 2343
2459 2045
2615 2706
2141 2335
2513 3198
2482 2316
2603 3049
2236 2358
2844 2343
2592 2540
2330 2749
2052 2196
2448 2348
2059 2160
2508 3083
2110 2177
2296 2622
2407 2290
2114 2257
2537 3185
2215 2300
2571 2529
2080 2321
2457 2852
1917 2092
2907 2251
2117 2312
1940 2127
2086 2233
2313 2754
2726 2224
2779 2977
2768 2321
2588 3158
2447 2081
2249 2626
2653 2000
2640 2551
2414 3213
2572 3113
2707 2330
2605 2946
2034 2116
2146 2319
2261 2673
2561 3182
2114 2196
2467 2242
2499 2060
2717 2996
2581 3153
2696 2106
2489 2083
2954 2358
2786 2345
2098 2256
2540 2863
2422 2107
2745 2292
2269 2396
2281 2438
2410 2761
2668 2571
2430 3152
2940 2321
2678 2870
2629 2251
2097 2352
2703 3056
2675 2125
2506 2221
2235 2359
2419 3189
2581 2814
1985 2332
2718 2507
2723 2213
2276 2347
2649 2880
2774 2075
2805 3087
1934 2052
2015 2304
2561 3133
2739 2495
2658 2176
2642 3176
2666 2513
2430 3169
2465 2861
2605 2812
2684 2081
2331 2831
2103 2275
2691 2377
2377 2398
2713 2515
2724 2310
2741 3004
2871 2339
2108 2135
2685 2139
2239 2621
2019 2231
2666 2581
2675 2535
2727 2310
1995 2163
2683 2601
2706 2329
2540 2858
2357 2749
2653 3019
2320 2744
2230 2316
2967 2297
1998 2122
2671 2013
2233 2662
2376 2269
2240 2608
2670 2553
2409 2323
2684 2384
2575 2939
2588 2759
2665 2549
2575 2528
2450 2365
2862 2339
2731 2989
2094 2236
2807 3095
2242 2292
2208 2695
2692 2064
2426 2098
2513 3106
1928 2090
2650 2269
2729 2227
2391 2399
2475 2104
2300 2757
2301 2527
2446 2096
2436 2110
2645 2990
2743 2295
2955 2355
2766 2374
2811 3045
2804 3076
2461 2247
2693 2366
2761 2957
2456 3222
2653 3018
2644 3013
2516 2332
2699 3064
2444 2351
2680 2166
2299 2639
2764 2523
1958 2030
2648 3056
2121 2240
2935 2281
2258 2313
2673 2492
2354 2442
2730 3062
2574 2776
2387 2725
2130 2310
2848 2342
2618 3048
2204 2329
2634 3016
2197 2339
2578 2943
1988 2343
2785 3094
2683 2556
2084 2303
2060 2152
2573 2921
2598 2819
2736 3041
2238 2621
2613 2203
2666 2113
2098 2325
2022 2242
2797 2972
2160 2299
2665 3207
2640 2865
2441 2332
2276 2394
2343 2851
1956 2034
1977 2171
1968 2124
2658 2995
2188 2332
2328 520
2446 2816
2642 2918
2581 2763
2332 2548
2689 2569
2453 2089
2277 2535
2758 2308
2050 2135
2617 2544
2485 2843
2478 3219
2803 2138
2226 2754
2099 2166
2741 2495
2219 2690
2660 2045
2262 2654
2701 2450
2467 2249
2612 2199
2453 2047
2522 3181
2627 1975
2563 2181
2626 3178
2423 2827
2372 2450
2623 2861
2338 2451
2491 2078
2653 3003
2939 2355
2145 2321
2388 2278
2634 2545
2510 3100
2790 3072
2019 2314
2323 2846
2699 2399
2041 2194
2642 2278
2530 2896
2651 2127
2669 2591
2621 2891
2609 3048
2683 2059
2598 3172
2525 3082
2234 2335
2703 2106
2478 2102
2286 2349
1924 2081
2736 3069
2582 2265
2409 2291
2767 2312
2717 2376
2311 2824
2929 2281
2649 2262
2671 2076
2395 2397
2407 2127
2245 2309
2545 3176
2233 2291
2657 2844
2733 2513
2632 2024
2718 2086
2631 2857
2320 2851
2123 2241
2451 2858
1925 2068
2698 3061
2023 2283
2302 2636
2641 2856
1965 2129
2702 2473
2639 2015
2115 2331
2506 2324
2419 2736
2672 2108
2837 2375
2572 2547
2631 2927
2297 2606
2564 3158
2635 1988
2522 2360
2493 2237
2019 2129
2274 2525
2231 2746
2129 2196
2617 2715
2680 2398
2028 2309
2745 2294
2608 2693
2617 2798
2675 2493
1998 2160
2520 2171
2585 3041
2603 2939
2676 2406
2636 2541
2452 2110
2251 2718
2419 2826
2084 2133
2704 2186
2799 2123
2573 2914
2317 2432
2518 2908
2762 2312
2025 2352
2645 3210
2620 2828
2682 2952
2475 2110
2271 2342
2039 2197
2552 3229
2654 2483
2744 3018
2952 2358
2640 2872
2611 3142
2233 2741
2779 2981
2068 2230
2101 2258
2563 2180
2027 2281
2313 2532
2674 2871
2290 2535
2391 2279
2444 3233
2712 2360
2135 2114
2403 2759
2708 2358
2325 2508
2601 3171
2405 2362
2446 2092
2460 2042
2538 2829
2477 2311
2411 2286
2564 3210
2537 2863
2448 3225
2102 2333
2695 2362
2269 2491
2508 3080
2794 2944
2518 2041
2710 2974
2918 2294
2636 2945
2628 3032
2842 2365
2868 2251
2108 2154
2639 2231
2530 3079
2665 3046
2452 3240
2658 2870
2702 2426
2661 2870
2890 2252
2336 2544
2616 2821
2700 2045
2269 2657
2436 2349
2607 2233
2726 2220
2632 3194
2583 2694
2241 2337
2382 2261
2787 3018
2095 2271
2441 2105
2243 2298
1965 2108
2664 2425
2668 2952
2014 2139
2677 2954
2663 2423
1995 2160
2747 3054
2637 2113
2632 2941
2701 2246
2961 2368
2529 3102
2124 2146
2073 2213
2617 2942
2034 2224
2195 2759
2646 3033
2464 2839
2765 2986
2321 2742
2701 2435
2250 2613
2483 2325
2645 3209
2552 3014
2486 2075
2091 2228
2791 3039
2065 2127
2623 2827
2614 2797
2517 2316
2686 2332
2199 2754
2274 2455
2092 2284
2279 2862
2365 2376
2470 2830
2651 2271
2501 2054
2351 2350
2684 2128
2533 2880
2790 2349
2027 2287
2562 2242
2688 2604
2241 2615
2668 2599
2613 2801
2952 2288
2383 2358
2581 2969
2633 2548
2600 3144
2279 2515
2581 2254
2677 2165
2539 2252
2633 2283
2675 2585
2640 3022
2693 2225
2956 2366
2462 2839
2931 2325
2563 2537
2723 3065
2417 2135
2743 3001
2529 2177
2642 2241
2637 2228
2092 2291
2636 2914
2523 3067
2780 2317
2494 3215
2497 2360
2476 2882
2026 2350
2517 2071
2511 2333
1988 2332
2309 2499
2606 3164
2281 2618
2573 2735
2652 2843
2288 2389
2263 2760
1949 2053
2609 2949
2703 2246
2767 2318
2235 2685
2346 2725
2672 2506
2615 3162
2213 2326
2248 2660
2657 2042
2837 2398
2243 2646
2500 2100
2247 2654
2119 2150
2161 2285
2675 2364
2024 2300
2597 2768
2286 2624
2425 3161
2576 2692
2256 2654
2215 2744
2492 2301
2552 3037
2717 2494
2320 2783
2568 3007
2238 2285
2673 2248
2673 2073
2430 2363
2762 2992
2323 2845
2632 2105
2592 2211
2389 2423
2728 2999
2527 2263
2250 2682
2845 2344
2535 3011
2571 2727
2055 2138
2565 2252
2633 3059
1942 2062
2607 2933
2707 2484
2553 3123
2503 2128
2708 2964
2690 2355
2107 2350
2669 2540
2604 2952
2220 2690
2558 2232
2524 2216
2884 2294
2517 3046
2096 2132
2290 2282
2411 2754
2282 2452
2444 2328
2290 2349
2423 2296
2681 2080
2643 3189
2737 2314
2614 2549
2084 2305
2286 2341
2679 2499
2021 2120
2642 2358
2417 2115
2407 2363
2744 2508
2596 2253
2570 2186
1976 2119
2723 2202
2247 2309
2545 3023
2415 3153
2263 2434
2415 3152
2678 2874
2701 2476
2679 2327
2426 3180
2660 2969
2216 2316
2765 2305
2271 2465
2719 2998
2020 2316
2472 2895
2297 2627
2682 2317
2574 3126
2356 2727
2302 2635
2766 2324
2548 2186
2628 2523
2705 3053
2541 2180
2488 2295
2581 2515
2152 2311
2605 2548
2281 2613
2678 2130
2452 2099
2718 2375
2671 2592
2106 2181
2502 3231
2678 2594
2803 3099
2437 2752
2744 3028
2780 2374
2712 2339
2094 2203
2599 3145
2274 2466
2536 2880
2342 2723
2559 2678
2285 2343
2265 2446
2226 2747
2724 2283
2841 2358
2479 3198
2538 3016
1987 2101
2709 2364
2870 2326
2576 3152
2284 2743
2634 2530
2578 2724
1988 2342
2675 2156
2650 2507
2614 2812
2482 2242
2494 2084
2110 2192
2843 2406
2076 2230
1985 2337
2688 2538
2790 2352
2500 2057
2679 2956
2515 3054
2600 2264
2625 1968
2264 2561
2395 2277
2428 2751
2692 2225
2152 2306
2805 2948
2792 2353
2456 2808
2400 2117
2577 2202
2082 2114
2331 2544
2442 2113
2521 3186
2430 2332
2304 2502
2301 2746
2298 2539
2453 3207
2659 2002
2030 2119
2577 2545
2343 2762
2715 2345
2444 2103
2548 3026
2146 2284
2711 2404
2405 2300
2632 2277
2640 2126
2155 2281
2801 3088
2577 3045
2321 2400
2583 2534
2415 2759
2289 2390
2442 3227
1953 2105
2650 2285
2636 2216
2389 2339
2660 2041
2449 2347
2274 2560
2805 3088
2710 2384
2403 2756
2463 2116
2474 2880
2523 3089
2669 2014
2706 2312
2438 2330
2226 2354
2650 2245
2640 2540
2605 2949
2167 2321
2686 3063
2938 2355
2201 2317
2557 3196
2452 3209
2357 2357
2446 2082
2449 2854
2591 2708
2636 2214
2311 2501
2124 2136
2713 2369
2504 2058
2570 2726
2684 2355
2353 2557
2630 2550
2358 2432
2334 2429
2556 2810
2718 3021
2572 2913
2656 3048
2565 3222
2249 2709
2746 2513
2543 2840
2645 2830
2604 2950
2238 2357
2341 2854
2614 3177
2265 2419
1985 2334
2681 2554
2337 2440
2201 2342
2493 2875
2194 2322
2964 2292
2137 2295
2647 3055
2006 2341
2632 2529
1967 2079
2317 2824
2595 2767
2474 2107
2425 3200
2346 2553
2907 2293
2562 2538
2652 3211
2401 2394
2225 2301
2645 2241
2820 2361
2445 3230
2718 2212
2390 2272
2659 2301
2801 3071
2636 2544
2163 2323
2885 2245
2794 3039
2526 2186
2802 3024
2117 2129
2761 2311
2530 3072
2762 2202
2650 2883
2666 2254
2604 2544
2467 2049
2335 2375
2705 2527
2525 2169
2153 2282
2698 2213
2651 2241
2193 2336
2485 3091
2616 3024
2636 2994
2653 2174
2436 2759
2497 2127
2411 2327
2793 2369
2535 3076
2700 2244
2361 2379
2535 2190
2387 2727
2069 2214
2019 2120
2558 3132
2756 2344
2503 2231
2663 2864
2657 2043
2126 2141
2775 2964
2425 2288
2633 2290
2089 2272
2611 2700
2403 2752
2109 2197
2726 2282
2665 2558
2663 3048
2609 2693
2635 2712
2568 2792
2634 2866
2312 2826
2248 2629
2931 2302
2747 2976
2177 2336
2143 2337
2553 3212
2777 2052
1979 2182
2701 2237
2033 2279
2548 2199
2555 3127
2666 2166
2653 2209
2091 2268
2645 2993
2467 2103
2551 3202
2556 2218
2563 3151
2496 2307
2274 2546
2668 2236
2473 2852
2098 2236
2704 2465
2038 2122
2605 3030
2699 2438
2267 2467
2321 2846
2628 2288
2505 2125
2676 2871
2609 2932
2069 2145
2269 2625
2273 2600
2681 2159
2346 2389
2719 2103
2631 2282
2902 2267
2390 2278
2481 2818
2697 3063
2649 2879
2669 2327
2508 3097
2715 2341
2677 2072
2602 3027
2706 2495
2369 2398
2549 3223
2489 2875
2159 2300
2068 2229
2759 2361
2477 2834
2437 2363
2378 2724
2653 2279
2245 2630
2087 2206
2288 2376
2666 1996
2204 2331
2453 2081
2343 2869
2314 2414
2268 2662
2424 3212
2096 2284
2477 2889
2534 3131
2586 3154
2767 2302
2476 2883
2513 3086
2510 2144
2405 2356
2784 2984
2718 3064
2504 2886
2734 3060
2317 2442
2383 2427
2558 2181
2310 2755
2605 2246
2125 2240
2721 3062
2307 2835
2084 2101
2698 2250
2694 2521
2472 2872
2472 2848
2745 2209
2383 2418
2264 2670
2349 2745
1990 2145
2638 2907
2440 2356
2110 2346
2679 2551
2591 2785
2257 2663
2672 2917
2515 2300
2432 3183
2757 2361
2714 2971
2526 2225
2540 3100
2260 2497
2277 2509
2202 2753
2111 2340
2595 2211
2257 2607
2466 2841
2570 2792
2648 3010
2508 2142
2248 2630
2918 2347
2701 3040
2640 3175
2697 3044
2243 2708
2667 2262
2676 2108
2789 2987
2475 2833
2276 2570
2445 2296
2845 2365
2237 2738
2408 2354
2707 2527
2412 2758
2728 3026
2408 2129
2710 2968
2849 2330
2283 2379
2668 2594
2638 3195
2493 2304
2422 2144
2951 2294
2147 2316
2360 2413
2581 2764
2425 2362
2894 2250
2892 2258
2503 2356
2596 2534
2670 3040
2084 2244
2486 2303
2621 2714
2667 2234
2636 2499
2082 2099
1948 2106
2668 2169
2628 1964
2487 2094
2764 2066
2409 2300
2400 2729
2656 2239
2070 2218
2271 2305
2450 2788
2585 2963
2602 2101
2171 2751
2504 3226
2351 2380
2225 2346
2228 2345
2558 2231
2401 2402
2005 2329
2565 2529
2658 3224
2298 2536
2281 2586
2614 2554
2269 2467
2219 2746
2343 2379
2224 2319
2902 2285
2006 2323
2350 2404
2466 2252
2551 2685
2609 3050
2339 2852
2507 2272
2370 2725
2623 2825
2529 2173
2798 2125
2686 2951
2749 2360
2019 2133
2271 2392
2234 2662
2788 3079
2560 2733
2714 3063
2559 2812
2250 2662
2733 2205
2545 2834
2428 3185
2922 2348
2668 2950
1929 2090
2759 2950
2547 2828
1972 2135
2571 2743
2744 3015
2315 2787
2424 2285
2615 2109
2139 2116
2628 3028
2317 2391
2508 2277
2404 2304
2681 2340
2579 2710
2031 2282
2533 2264
1924 2080
2473 2822
2739 3024
2505 2352
2280 2587
2656 3001
2215 2734
2895 2267
2280 2438
2333 2442
2676 2564
2393 2278
2250 2646
1975 2028
2498 2053
2415 3155
2596 2523
2471 3225
2902 2286
2336 2429
2636 2524
2445 2785
2577 3159
2595 2821
2116 2153
2647 3185
2517 3072
2495 2239
2703 2412
2265 2742
2362 2725
2310 2747
2582 2519
2884 2296
2688 2555
2519 2045
1952 2064
2662 2117
2645 2261
2119 2256
2266 2448
2474 2342
2784 3050
2619 2929
2430 3211
1969 2018
2112 2165
2428 2100
2653 3216
2409 2358
2617 2823
2521 3104
2677 2252
2267 2448
2442 2122
2060 2211
2191 2325
2642 2274
1992 2330
2872 2251
1943 2101
2844 2340
2612 2254
2438 3170
2707 2973
2261 2749
2317 2441
2893 2321
2254 2702
2481 2348
2766 2058
2447 2854
2476 2110
2646 2126
2615 2269
2671 2556
2513 2890
2604 3028
2927 2354
2614 2206
2235 2343
2502 2239
2551 3207
2662 2428
2310 2511
2568 2682
2708 3082
2439 3224
2898 2281
2533 3221
2462 2039
2578 2220
2663 2277
2499 2214
2656 2544
2521 2323
2556 3207
2211 2692
2366 2376
2340 2445
2503 2324
2443 3227
2932 2306
2289 2301
2555 3142
2530 3008
2089 2283
2659 2220
2814 2140
2665 3060
2911 2344
2483 2356
2674 2105
2591 3153
2228 2352
2315 2784
2584 2531
2233 2663
2589 2755
2517 3054
2557 3202
1962 2081
2623 3163
2456 2284
2671 2102
2666 2869
2548 2852
1979 2353
2583 3032
2385 2339
2405 2767
2746 2524
2049 2142
2085 2340
1956 2109
2469 2879
2518 3040
2318 2794
2589 2797
2625 2917
2111 2158
2635 2713
2709 2498
2262 2753
2020 2353
2211 2324
2091 2204
2125 2198
2788 3016
2940 2280
2432 2753
2426 2101
2593 2774
2646 3061
2268 2354
2294 2374
2474 2335
2471 2108
2381 2269
2434 2366
2909 2318
2914 2303
2804 2944
2700 2235
2278 2432
2638 2547
2442 2114
2502 2276
2272 2561
2648 3055
2045 2210
2106 2239
2365 2368
2503 3209
2666 2910
2509 2315
2303 2765
2299 2542
2434 2830
2211 2305
2913 2317
2327 2739
2155 2286
2620 2103
2606 3166
2519 2315
2666 2491
2786 3034
2787 3002
2469 2820
2681 2231
2484 2884
2557 3135
2263 2763
2224 2336
2518 3043
2925 2347
2077 2228
2075 2231
2503 3216
2714 2415
2091 2289
2520 3111
2550 3183
2709 2524
2208 2694
2630 3045
2607 2948
2134 2199
2461 2285
2701 2065
2869 2333
2883 2328
2397 2126
2579 2267
2041 2215
2087 2340
2657 2047
2346 2797
2120 2295
2959 2358
2420 2825
2319 2739
2518 2151
2577 2223
2573 3121
2682 2408
1977 2136
2778 2051
2517 2162
2014 2140
2249 2727
2420 2111
2573 2257
2322 2388
2492 2104
2588 2707
2273 2365
2417 2370
2105 2174
2646 3230
2269 2620
2419 2753
2411 2724
2630 2520
2063 2145
2428 2105
2319 2410
2581 2728
2660 2549
1984 2119
2712 2427
2076 2229
2099 2238
2020 2304
2606 2954
2475 2051
2741 2295
2692 2170
2583 2265
2522 2164
2657 3052
2268 2316
2100 2282
2701 2421
2504 2220
2698 2530
2734 2495
2642 2835
2810 3046
2802 2125
1950 2038
2335 2865
2805 2356
2442 2335
1971 2018
2263 2771
2445 2782
2829 2384
2743 3027
2629 2917
2528 2380
2399 2108
2654 2422
2701 2958
2607 2952
2660 2430
2654 2209
2688 3040
2630 2925
1958 2105
2514 3102
2591 2270
2572 3150
2439 2785
2474 2820
2575 2258
2278 2449
2174 2758
2657 2508
2182 2330
2300 2769
2339 2553
2617 3172
2506 2059
2956 2370
2111 2122
2011 2115
2835 2401
2697 2473
2636 3039
2671 2912
2657 2000
2632 2550
2657 1991
2516 2071
2090 2287
2353 2551
2034 2275
2941 2310
2503 2134
2606 3159
2700 2245
2814 2944
2103 2337
2730 3042
2927 2266
2101 2338
2257 2667
2290 2731
2497 3231
2037 2198
2101 2238
2676 2214
2336 2860
2442 2329
2295 2634
2497 2104
2440 2321
2657 2429
2100 2165
2540 2228
2807 3084
2432 3215
2583 2715
2016 2131
2464 2116
2761 2522
2275 2372
2642 3227
2904 2306
2682 2326
2720 2314
2313 2500
2538 3194
2918 2324
2700 2329
2358 2391
2506 2127
2881 2328
2607 3045
2650 2884
2559 3018
2774 3063
1940 2102
2265 2493
2089 2271
2684 2326
2484 2246
2432 3186
2714 2421
2412 2296
2402 2120
2708 2414
2690 2104
2332 2551
2259 2480
2212 2687
2552 2823
2340 2431
2484 2363
2407 2360
2243 2611
2009 2325
2598 2779
2762 2359
2322 2835
2493 2291
2709 2330
2389 2727
2712 2533
2643 2870
1947 2053
1921 2075
2413 2285
2319 2390
2201 2773
2609 3041
2079 2212
2122 2137
2489 2221
2526 3188
2655 2848
2521 3184
2099 2140
2524 2212
2043 2193
1974 2129
2599 3038
2233 2296
2562 3165
2397 2297
2603 2261
2932 2266
2548 3208
2541 3116
2710 2336
2694 2365
2115 2336
2007 2170
2629 2111
2571 2779
1927 2068
2426 3209
2589 2796
2546 2184
2708 2386
2774 3068
2285 2590
2274 2603
2586 2518
2715 2422
2505 2316
2538 2871
2005 2361
2628 3198
2349 2728
2720 2490
2371 2759
2615 2930
2358 2408
2039 2220
2173 2750
2458 2292
2171 2292
2009 2149
2314 2758
2062 2156
2217 2666
2383 2262
2685 2459
2488 2296
2659 2298
2697 2190
2278 2600
2488 2348
2348 2435
2732 2311
2741 2304
2512 2042
2029 2249
2262 2346
2704 2541
2313 2414
2005 2164
2713 2992
2459 2813
2707 2957
2621 2935
2760 2364
2270 2302
2414 3181
2498 2284
2644 2350
2613 2935
2014 2165
2651 2177
2691 2565
1954 2088
2516 3072
2617 3176
2583 2966
1957 2039
2919 2265
2563 3096
2519 2138
2531 3080
1961 2068
2570 2250
2551 3206
1959 2121
2413 2132
2484 2302
2560 3025
2662 3208
2749 2206
2665 3047
2774 2056
2271 2654
2414 2724
2418 2280
2480 2326
2445 2354
2132 2157
2657 2905
2591 2706
2930 2323
2288 2734
2569 2743
2604 2237
2109 2243
2573 3168
2082 2299
2019 2365
2344 2868
2755 3061
2618 2708
2105 2143
2730 2204
2585 2699
2792 3044
2672 2550
2517 3040
2263 2701
2700 2395
2419 3188
2322 2426
2590 3210
2912 2340
2477 3217
2127 2152
2696 2409
2592 2520
2459 3236
1997 2341
2726 3034
2569 2683
2131 2110
2711 2442
2389 2356
2625 3161
2784 2959
2194 2753
2075 2308
2528 3090
2264 2722
2288 2745
2340 2800
2111 2291
2700 2054
2316 2382
2025 2372
2579 2204
2641 2908
2442 2098
2540 3105
2366 2377
2186 2752
1978 2183
2448 2354
2236 2621
2516 2140
2323 2866
2602 2779
2319 2803
2441 2363
2508 2218
2616 3176
2577 2752
2552 3208
2766 2375
2756 2996
2597 2714
2257 2397
2673 2044
2070 2227
2631 2993
2788 2346
1996 2097
2469 2887
2270 2431
2269 2667
2147 2317
2081 2276
2063 2205
2719 2509
2676 2405
2368 2727
2643 2291
2639 1987
2570 2936
2654 2177
2071 2208
2319 2795
2162 2320
2352 2399
2777 2330
2703 3074
2548 2865
2645 3061
2675 2544
2637 2112
2369 2377
2584 3206
2330 2811
2537 2372
2669 2167
2040 2266
2667 2040
2546 2868
2496 2115
2665 2551
2566 2530
2715 3076
2668 2160
2643 2019
2105 2165
2687 2532
2669 1996
2281 2681
2496 2282
2562 2679
2037 2274
2572 2800
2589 2828
2475 2845
2627 2202
2456 2348
2525 3051
1932 2065
2721 2495
2526 2906
2739 2995
1980 2122
2723 3061
2458 3219
2287 2286
2667 2420
2636 1964
2848 2358
2748 3057
2832 2390
2289 2848
2532 2172
2273 2367
2635 2228
2708 3036
2558 3099
2676 2566
2551 3153
2494 2360
2135 2156
2565 2179
2524 2157
1943 2061
2269 2572
2264 2753
2660 3057
2672 2098
2272 2578
2518 3219
2243 2307
2169 2321
2260 2501
2267 2623
2267 2715
2241 2682
2580 2768
2652 3015
2753 2297
2335 2829
2664 2367
2643 1988
2455 2089
2593 3153
2471 2293
2675 2872
2848 2362
2656 2481
2804 3027
2691 2376
2370 2398
2886 2260
2748 2359
2694 2508
2690 2150
2743 2209
2208 2751
2124 2308
2552 2817
2421 2835
2668 3039
2627 2231
2482 3199
2542 3194
2753 2202
2470 2292
2712 2473
2253 2366
2366 2753
2779 2049
2667 2595
2102 2330
2566 2180
2215 2685
2037 2118
2262 2427
2697 2526
2548 3091
2751 2299
2518 2206
2783 2343
2245 2620
2533 2375
2036 2195
2747 2346
2575 3214
2608 2814
2288 2592
2681 2130
2078 2228
2502 2318
2105 2195
2943 2357
1994 2142
2590 3036
2398 2395
2669 2950
2871 2343
2200 2682
2354 2409
2526 2384
2617 2935
2317 2531
2757 3001
2197 2763
2650 2831
2785 2347
2818 2941
2068 2213
2556 3233
2615 2270
2357 2434
2718 2510
2942 2315
2264 2477
2550 3238
2501 3183
2360 2338
2377 2359
2564 2232
2528 2227
2594 2709
2629 2104
2261 2753
2523 2905
2172 2750
2765 2952
2808 2973
2697 2226
2287 2853
2287 2736
2547 3173
2534 2133
1917 2117
2515 2057
2903 2258
2551 3236
2439 2742
2950 2359
2581 2528
2432 2739
2472 3204
2243 2342
2340 2450
2360 2441
2019 2356
2496 2116
2555 2685
2654 2299
2526 2318
2744 2518
2561 3018
2589 2707
2664 2257
2020 2306
2617 2709
2667 2513
2053 2214
1948 2049
2663 2490
2737 2999
2689 2376
2099 2245
2612 3143
2494 2108
2633 2710
2609 2696
2770 2063
2016 2299
2550 3233
2476 2330
2035 2222
2703 2497
2707 2959
2544 3218
2627 2703
2596 2762
1955 2071
2258 2772
2833 2376
2613 2105
2291 2349
2214 2734
2761 2371
2690 2129
2470 2243
1976 2011
2347 2726
2801 2974
2520 2313
2424 2365
2654 2032
2269 2482
2667 3050
2647 2282
2741 3075
2288 2497
2671 2248
2691 2349
2608 3042
2628 2210
2100 2345
2905 2267
2244 2282
2577 2768
2685 2598
2613 2243
2581 2216
2414 2370
2413 2353
2681 2381
2139 2292
2102 2188
2595 3218
2307 2818
2030 2230
2030 2098
2519 3092
2105 2142
2676 2080
2132 2105
2245 2712
2515 2041
2007 2355
2655 2891
2019 2223
2868 2334
2565 2733
2799 2972
2568 3135
2006 2158
2227 2333
2355 2547
2251 2622
2106 2185
2266 2474
1952 2035
1955 2128
2222 2747
2667 2560
2547 3019
2456 2816
2170 2327
2643 2869
2029 2290
2342 2386
2248 2617
2279 2603
2591 2540
2613 2539
2559 3220
2429 2820
2577 2812
2326 2511
2437 2120
2698 2390
2353 2735
2626 2900
2677 2564
2523 2041
2690 2176
2660 2546
2671 2500
2904 2267
2539 2879
2371 2428
2632 2109
2722 2495
2785 3063
2924 2336
2115 2190
2012 2359
2584 3212
2550 3172
2081 2269
2272 2468
2932 2260
2088 2211
2324 2423
2191 2342
2590 3205
2505 2364
2514 2140
2558 2811
2667 2002
2467 2291
2961 2359
2633 2213
2156 2286
2667 2370
2315 2424
2580 2743
2748 2514
2663 2995
2803 2358
2098 2193
2529 3032
2650 2270
2725 2282
2667 2225
2096 2142
2234 2649
2639 3185
2919 2351
2929 2278
2406 2366
2501 2141
2174 2746
2903 2250
2524 3186
2643 3005
2532 3030
2303 2758
2351 2555
2547 3186
2279 2456
2665 2432
2698 2392
2521 3076
2261 2350
2586 2789
2104 2124
2137 2125
2608 2197
2617 2550
2343 2858
2196 2321
2490 2222
2584 2953
2360 2429
2559 2536
2101 2254
2280 2561
2033 2123
2449 3239
2332 2831
2713 2540
2701 2315
2693 2504
2567 2223
2108 2344
2247 2329
2669 2171
2279 2425
2308 2505
2088 2337
2306 2401
2458 2817
2644 2113
2636 2002
2798 3028
2308 2503
2335 2855
2673 2444
2929 2258
2328 2506
2494 2866
2932 2323
2653 2513
1982 2121
1960 2082
2560 3198
2233 2327
2342 2801
2435 3223
2505 2885
2407 2762
2564 3023
2902 2248
2696 2041
2803 2142
2648 2967
2373 2379
2509 2147
2660 3038
2708 2105
2192 2333
2078 2127
2902 2281
2146 2336
2315 2748
2704 2955
2459 2111
2401 2366
2666 2924
2358 2435
2211 2309
2259 2368
2642 2948
2656 2486
2528 3103
2658 2333
2517 3107
2697 3039
2539 3220
2670 2578
2611 2237
2460 2039
2657 2212
2225 2745
2238 2359
2645 2502
2583 2521
2553 3201
2642 2030
2420 3158
2458 2301
2663 2910
2267 2663
2330 2526
2718 2367
2426 3222
2291 2745
2258 2414
2435 2742
2433 2771
2396 2310
2556 3201
2260 2416
2282 2342
2103 2130
2466 2294
2618 2233
2483 2883
2673 2965
2658 2047
2613 3045
2697 3045
2451 2115
2754 2515
2613 2931
2608 2231
2102 2252
2504 2870
2651 2967
2570 2187
2003 2124
2381 2724
2715 2362
2173 2753
2273 2359
2669 1998
2277 2437
2506 3111
2793 2949
2325 520
2415 2291
2575 2519
1991 2117
2450 2292
2538 2884
2370 2444
2528 3037
2666 2955
2571 2527
2576 2765
2214 2698
2765 2993
2574 2954
2537 2222
2573 2712
2888 2253
2044 2164
2115 2165
2416 2151
2463 2039
2602 2780
2553 3226
2334 2853
2570 2808
2718 3022
2738 3004
2676 2541
2386 2733
2447 2789
2529 3122
2635 2854
2583 2692
1988 2112
2915 2274
2659 2319
2690 2135
2695 3071
2650 3058
2487 2369
2666 2241
2483 2342
2166 2326
2602 2201
2394 2103
1963 2071
2595 2206
2448 2360
2646 2905
2260 2439
2534 3128
2665 2403
2142 2116
2311 2858
2699 2048
2802 2970
2071 2129
2655 2177
2707 2493
2674 2943
2342 2379
2045 2152
2523 3069
2479 2342
2311 2827
2494 2884
2525 2392
2446 2296
2247 2348
2549 2861
2545 3219
2513 3200
2256 2418
2450 2106
2370 2440
2584 3211
2552 2193
2125 2197
2073 2210
2649 3231
2355 2355
2652 2851
2273 2581
2481 2318
2680 2566
2155 2282
2485 3215
1953 2082
2646 2233
2677 2101
2041 2181
2687 2397
2264 2446
2462 3214
2235 2340
2344 2377
2344 2760
2066 2146
2429 2102
2596 2772
2237 2659
2296 2617
2624 3188
2115 2149
2700 2194
2768 2530
2182 2334
2275 2867
2469 2850
2438 3160
2052 2149
2785 3060
2348 2733
2656 1989
2937 2323
2635 2942
2569 2189
2241 2317
2532 3103
1959 2090
2501 3220
2664 2969
2215 2665
2422 2276
2745 2207
2335 2748
2488 2054
2085 2235
2613 2254
2521 2156
2493 3200
2783 3052
2511 2313
2662 2301
2119 2192
2810 2140
2285 2344
2464 2842
2265 2722
2396 2346
2671 2217
2362 2731
2350 2350
2641 1987
2481 2350
2700 2199
1976 2028
2324 2425
2418 2128
2703 2955
2269 2665
2590 2272
1974 2099
2511 3082
2680 2555
2635 2993
2433 3181
2563 3199
2492 2324
2736 2490
2597 2821
2716 2367
2277 2735
2893 2300
2423 3224
2547 3020
2400 2360
1973 2115
2398 2401
2471 2043
2422 3165
2938 2370
2437 2765
2280 2493
2302 2503
2553 2678
2660 2913
2406 2300
2261 2599
2544 2182
2710 2328
2415 2287
2467 2115
2663 2311
2400 2754
2462 2818
2503 2075
2811 2933
2096 2272
2469 2311
2545 2850
2834 2390
2268 2578
2496 2355
2435 2755
2695 2216
2272 2336
2507 2319
2665 2318
2113 2252
2531 2377
2859 2356
2902 2301
2341 2541
2486 2353
2452 2836
2520 3104
2713 2204
2800 2338
2654 3054
2346 2738
2626 1967
2298 2750
2570 3209
2216 2652
2281 2301
2240 2686
2277 2385
2924 2293
2611 2104
2656 2333
2665 2903
2668 2512
2705 2509
2380 2327
2656 2316
2211 2652
2952 2292
2119 2243
2417 3184
1953 2038
2287 2317
2797 3019
2526 3219
2257 2661
1968 2110
2264 2602
1979 2117
2628 2909
2624 2887
2019 2224
2562 3156
2543 2210
2527 2183
2475 2847
2252 2365
2660 2513
1967 2112
2389 2338
2578 3030
2112 2254
2523 3056
2526 2226
2262 2668
2257 2648
2520 3112
2619 2827
2475 2823
2570 2188
2642 2360
2717 2486
2790 2981
2738 2495
2796 3046
2650 3004
2919 2263
2792 2957
2746 3012
2565 3133
2280 2454
2672 2042
2509 2217
2371 2427
2378 2360
2259 2501
2498 3189
2579 3030
2416 2370
2448 2121
2567 3221
2816 2945
2270 2343
2103 2256
2718 3071
2435 2831
2630 3046
2295 2741
2673 2097
2212 2323
2454 3206
2484 2242
2549 2200
2483 2088
2297 2283
2659 2965
2441 2312
2642 3010
2542 2842
2611 3147
2442 2357
2573 2764
2019 2240
2532 2184
1961 2025
2249 2613
2091 2342
2490 2370
2682 2401
2477 2327
2291 2303
2263 2716
2248 2646
2431 2119
1933 2063
2618 2897
2638 2980
2549 2192
2770 2054
2599 2821
1953 2097
2880 2260
2351 2345
2752 2517
2247 2680
2660 2037
2703 2463
2918 2350
2652 2874
2324 2373
2921 2267
2676 2070
2706 2059
2384 2728
2704 2447
2705 3056
1993 2118
2354 2443
2798 3013
2266 2667
2710 2518
2672 2459
2544 3123
2394 2726
2410 2763
2247 2318
2618 2105
2643 2918
2708 2950
2696 2406
2884 2241
2359 2341
2241 2642
2019 2169
2352 2355
2722 2490
2908 2339
2780 2318
2594 2708
2370 2755
2428 2097
2678 2875
2547 3024
2960 2290
2149 2334
2759 2508
2642 3237
2592 3039
2106 2194
2590 2760
2335 2378
2609 2699
2676 2018
2641 2997
2507 2136
2563 2734
2793 3098
2511 3214
2409 2315
2677 2451
2737 3044
2034 2235
2599 2198
2355 2727
2223 2745
2585 3038
2131 2312
2706 2447
2640 2923
2494 2081
2545 3188
2585 2207
2666 2435
2533 2221
2945 2363
2228 2334
2430 3168
2131 2108
2690 2605
2666 2040
2796 2362
2125 2143
2688 2364
2670 2444
2089 2202
2643 2028
2041 2212
2274 2601
2280 2447
2291 2492
2319 2429
2292 2282
2128 2190
2868 2331
1954 2039
2858 2351
2699 2046
2333 2529
2266 2658
2729 3059
2264 2315
1975 2165
2574 3030
2707 3064
2033 2254
2278 2294
2489 2295
2071 2314
1995 2337
2274 2452
1914 2107
2640 2109
2366 2390
2212 2311
2576 2952
2358 2725
2100 2172
2502 3223
2389 2294
2606 2261
2682 2143
2276 2493
2671 2234
2608 3029
2649 2246
1990 2141
2635 2828
2504 2059
2749 2293
2206 2322
2628 2110
2630 2707
2434 2815
2452 2853
2587 2705
2646 3069
2671 2521
2296 2507
2392 2126
2285 2744
2036 2271
2293 2750
2716 2212
2310 2389
1941 2072
2079 2304
2660 2327
2574 2780
2309 2758
2478 3229
2286 2863
2673 2490
2264 2679
2392 2316
2533 2189
2563 2206
2613 2556
2720 2360
1984 2327
2112 2250
2086 2337
2522 3180
2098 2349
2906 2289
2429 3158
2490 2228
2604 2801
2672 3027
2708 2960
2700 2044
2668 2085
2918 2335
2557 2257
2105 2253
2434 2760
2289 2293
2433 2119
2517 3214
2763 2312
2074 2164
2616 2550
2352 2557
2542 3218
2320 2854
2264 2326
2527 2267
2328 2862
2670 2111
2272 2474
2337 2442
2654 2851
2708 2525
2519 2136
2241 2680
2402 2402
2323 2864
2677 2065
2497 3190
2758 3062
2918 2267
2639 2991
2488 3206
2690 2539
2421 2145
2585 2962
2002 2333
2021 2168
2138 2333
2963 2360
2059 2155
2065 2147
2668 2592
2632 2213
2374 2390
2280 2343
2813 2360
1995 2120
2299 2507
2335 2543
2632 2251
2248 2352
2046 2160
2358 2749
2342 2836
2024 2222
2010 2287
2435 2340
2686 2020
2361 2386
2709 2187
2686 2451
2238 2298
2307 2529
2373 2451
2314 2849
2278 2446
2324 2427
2923 2273
2291 2748
2521 2177
2335 2537
2486 3213
2561 2245
2652 3183
2567 2724
2237 2282
2771 2369
1976 2005
2699 2389
2657 2325
2798 3032
2486 2093
2424 3221
2482 2227
2586 2264
2650 3054
2368 2756
2552 2821
2117 2329
2652 1990
2615 2559
2487 3201
2201 2327
2939 2315
2443 2820
2212 2664
2648 2272
2675 2046
2691 2148
2656 2286
2545 2839
2229 2706
2310 2508
2279 2455
2640 2279
2388 2389
2228 2353
2746 2521
2511 2360
2391 2278
2893 2299
2614 2935
2685 2329
2222 2319
2045 2199
2443 2304
2640 3232
2669 2980
2227 2354
2761 3002
2034 2253
2520 2331
2779 2336
2697 2467
2039 2184
2453 2816
2437 2304
2576 2223
2515 3187
2735 3065
2662 2123
2896 2257
2614 3047
2595 2705
2789 2374
2460 2102
2242 2319
2494 2293
1950 2120
2652 3214
2413 2325
2319 2794
2450 2780
2375 2439
2344 2531
1963 2024
2005 2158
2666 2243
1956 2115
2906 2258
2649 2036
2707 2210
2654 2215
2739 2504
2490 2368
2288 2851
2091 2330
2473 2821
2689 2178
2552 2262
2481 2241
2691 2229
2933 2263
2087 2243
2563 2542
2366 2367
2660 3003
1937 2128
2552 2814
2096 2271
2345 2801
2794 3093
2319 2509
2726 2205
2287 2348
2735 3019
2600 2533
2724 3070
2628 2209
2669 2549
2722 2497
2107 2128
2070 2133
2178 2752
2034 2218
2795 3039
2264 2603
2669 2968
2787 2985
2224 2324
2640 2981
2558 3090
2760 2951
2565 2732
2660 2293
2656 2304
2110 2136
2612 2247
2230 2743
2278 2344
1942 2063
2022 2133
2693 2172
2495 2217
2511 2060
2418 2755
2903 2308
2890 2296
2908 2332
2461 3207
2082 2330
2749 2313
2688 2338
2189 2755
2255 2612
2500 2129
2810 2935
2168 2322
2127 2146
2261 2343
2701 2408
2542 3021
2674 2065
2440 2301
2107 2131
2692 2182
2667 2493
2549 2860
2737 2503
2269 2758
2251 2749
2494 2224
2700 2055
2449 2803
1979 2139
2464 2114
2695 2224
2108 2197
2637 2286
2660 2902
2572 2912
2484 2315
2246 2712
2787 3077
2833 2398
2454 2086
2539 2887
2154 2327
2714 2214
2601 3043
2019 2229
2397 2755
2251 2660
2633 3056
2646 2280
2420 2361
1968 2105
2017 2141
2105 2128
2651 1999
2107 2159
2901 2283
2579 2248
2745 2520
2914 2324
2713 2370
2616 2543
2655 2336
2483 2091
2574 3046
2281 2441
2111 2189
2642 2843
2744 3051
2327 2409
2097 2237
2313 2833
2677 2594
2035 2279
2071 2134
2647 2502
2488 2354
2592 2258
2099 2126
2111 2148
2236 2685
2676 2243
2262 2386
2572 2191
2258 2655
2666 2256
2413 2766
2663 2174
2500 2862
2517 3219
2259 2342
2556 3011
1968 2097
2628 3165
2674 2014
2566 2183
2430 2300
2702 2316
2699 2195
2240 2314
1915 2107
2591 2780
2457 2811
2290 2492
1983 2116
2505 2324
2645 1992
2323 2397
2531 3069
2665 2310
2658 2299
2052 2168
2528 2137
2309 2781
2650 2268
2792 3012
2528 3079
2262 2314
2698 2412
2815 2360
2335 2751
2229 2642
2773 2073
2418 2331
2511 3103
2508 2305
2250 2752
2561 2174
2466 2849
2657 2242
2606 2543
2165 2318
2208 2707
2807 3045
2642 3051
2310 2809
2534 2187
2636 2872
2415 3175
2296 2408
2279 2380
2134 2195
2530 2377
2582 2812
2756 2524
2574 2927
2916 2325
2117 2255
2875 2246
2245 2690
2479 2108
2472 2839
2422 3161
2705 2961
2781 2307
2910 2348
2130 2189
2557 3198
2097 2330
2085 2241
2667 2421
2492 2883
2035 2105
2667 2233
2360 2384
2926 2348
2460 2301
2518 2075
2640 3023
2685 2061
2485 2322
2662 3049
2574 2199
2438 2764
2790 3038
2271 2339
2612 2243
2784 3077
2439 2346
2275 2376
2307 2815
2471 2045
2095 2259
2434 2355
2403 2130
2275 2552
2753 2309
2830 2386
2248 2721
2704 2184
2697 2559
2553 3130
2424 3204
1982 2115
2707 3065
2030 2283
2720 2317
2532 3066
2707 2217
2568 3145
2867 2339
2254 2661
2615 2819
1942 2069
2650 1986
2111 2166
2631 3015
2492 2115
2518 3039
2633 3017
2741 2528
2940 2357
2678 2045
2436 3170
2072 2226
2584 2790
2669 2923
2685 2397
1952 2034
2730 2995
2522 2155
2296 2625
2019 2230
2779 2047
2492 2282
2138 2114
2291 2393
2426 2331
2691 2943
2245 2687
2474 3212
2750 2973
2682 2060
2630 2114
2694 2401
2695 2233
2440 2124
2786 3011
2922 2289
2054 2147
2907 2272
2543 2876
2522 2325
2431 3165
2670 2507
2772 3066
2343 2859
2090 2202
2575 2812
2542 3093
2086 2235
2782 2973
2159 2316
2226 2317
2263 2480
2676 2017
2780 3074
2631 1968
2547 2199
2017 2132
2324 2409
2640 2910
2084 2099
2611 2806
2595 2699
2373 2359
2504 2323
2499 2229
2327 2863
2455 3208
2510 2311
2750 2965
2703 2420
2149 2292
2359 2360
2457 2338
1933 2059
2909 2319
2662 2036
2685 2601
2413 2731
2572 3212
2477 2099
2799 3072
2102 2256
2669 2250
2527 2133
2752 2359
2258 2617
2630 2924
2482 2338
2354 2754
2459 2301
2789 2345
2663 2117
2697 2941
2636 2538
2010 2358
2530 3218
2828 2380
2517 2057
2665 2404
2651 3022
2931 2311
2470 2884
2569 2690
2449 2102
2741 2529
2514 2043
2447 2371
2508 3186
2496 2056
2711 2443
2681 2956
2322 2526
2527 3058
2243 2352
2542 2852
2670 2549
2131 2199
2091 2287
2777 2340
2528 2214
2566 2181
2682 2397
2605 3143
2235 2310
2645 1987
2152 2280
2445 2352
2635 2281
2782 2995
2443 2294
2669 2544
2551 2858
2675 2252
2617 2227
2518 2148
2096 2282
2348 2723
2605 2248
2778 2982
2107 2143
2293 2497
2573 2532
2707 2322
2713 2341
2388 2287
2355 2752
2091 2272
2265 2604
2641 3176
2785 2977
2703 3066
2260 2362
2577 3046
2274 2402
2919 2282
2578 2763
2571 2182
2612 3163
2275 2388
2574 3167
2372 2390
2330 2444
2703 2956
2704 2214
2627 2111
2771 2070
2697 2193
2643 3210
2250 2652
2333 2440
2552 3224
2675 2177
2639 1990
2274 2648
2712 2107
2667 2086
2574 3013
2586 3206
2263 2328
2633 2009
2192 2343
2002 2147
2719 2361
2215 2739
2077 2217
2743 2203
2094 2127
1979 2007
2687 2367
2383 2335
2640 2127
2243 2644
2448 2805
2258 2314
2754 2301
2492 2885
2269 2759
2322 2840
2673 2457
2017 2375
2410 3174
2082 2128
2012 2357
2269 2361
2520 3047
2527 3088
2556 3009
2123 2194
2873 2252
2426 3181
2166 2292
2776 2979
2337 2378
2575 2775
2787 2983
2837 2357
2703 2961
2068 2158
2731 2511
2655 3225
2293 2632
2316 2426
2575 2711
2580 3152
1932 2086
2089 2282
2632 2278
2347 2552
1996 2161
2795 2944
2557 2179
2707 3070
2227 2319
2082 2275
1924 2083
2478 2852
2674 2126
2716 2315
2265 2679
2814 2943
2394 2317
2576 2518
2908 2254
2651 1988
2674 3032
2254 2363
2466 2803
2467 2884
2537 3032
2765 2312
2089 2334
2704 2059
2652 2502
2492 2057
2352 2447
2271 2407
2667 2172
2455 2286
1995 2162
2666 2168
2545 3101
2804 3044
2410 2135
2635 2548
2485 2242
2595 2818
2489 2885
2679 2942
2655 2417
2658 3212
2110 2259
2401 2315
2631 3011
2274 2864
2098 2183
2271 2488
2573 2745
2670 2088
2684 2137
1922 2098
2003 2148
2019 2308
2734 3051
2705 2488
1972 2107
2657 2257
1976 2014
2580 2207
2423 2103
2635 2279
2379 2752
2832 2391
2943 2359
2411 2715
2412 2138
2237 2285
2632 3058
2571 2197
2628 1980
2638 1989
2073 2290
2224 2301
2652 3009
2939 2313
2320 2828
2115 2335
2550 3232
2264 2390
2507 2142
2473 2106
2025 2127
2603 2957
2092 2233
2691 3060
2675 2157
2672 2257
2430 3225
2276 2605
2738 2504
2647 2243
2142 2290
2920 2353
2235 2649
2253 2627
2747 2357
2481 2305
2691 2355
2746 2312
2238 2729
2731 3063
2633 2989
2690 2147
2644 2548
2470 2339
2942 2307
2739 2528
2477 2304
2231 2316
2578 2269
2570 2908
2421 3198
2210 2684
2148 2336
2441 2362
2746 2317
2848 2343
2874 2346
2676 2373
2018 2353
2198 2754
2088 2204
2474 2242
2298 2621
2226 2755
2725 2487
2273 2391
2624 1969
2464 2039
2106 2289
2650 3225
2253 2644
2452 2782
2625 2549
2673 2539
2022 2361
2283 2324
2000 2118
2119 2296
2790 2973
2788 3020
2639 2497
2668 3052
2642 3229
2691 3070
2298 2744
2308 2857
2355 2438
2392 2279
2293 2612
2781 2343
2356 2384
2531 3176
2472 2841
2340 2379
2540 2843
2568 2680
2401 2117
2151 2300
2683 2028
1974 2115
2294 2383
2570 2227
2594 2520
2371 2758
2620 2934
2651 2884
2661 2218
2928 2266
2603 2237
2222 2652
2657 3057
2783 3074
2502 2237
2488 2881
2059 2149
2517 3078
1978 2175
2656 2307
2656 2211
2265 2395
2605 2528
2035 2244
2736 2990
2457 3239
2545 3120
2320 2856
2385 2721
2044 2204
2661 2276
2429 3223
2649 2130
2053 2167
2623 3042
2481 3093
2963 2293
2568 2746
2642 2842
2234 2652
2580 2208
2688 2181
2258 2504
2032 2253
1943 2073
2536 2265
2610 3041
2085 2231
2658 2035
2751 2516
2566 2186
2434 2101
2690 2536
2562 3158
2923 2350
2686 3064
2392 2280
2664 2310
2305 2782
2677 2368
2472 2857
2291 2296
2460 2089
2686 2539
2633 3190
2418 3192
1975 2015
2218 2662
2014 2117
2125 2138
1977 2174
2531 3113
2501 2116
2535 3012
2624 2275
2226 2649
2780 2961
2525 3047
2770 2978
2578 3033
2746 2346
2648 2028
2389 2422
2270 2417
2256 2656
2917 2327
2753 2516
2266 2475
2647 2029
2638 2268
2486 2092
2346 2395
2641 3064
2659 2289
2534 3107
2423 2282
2788 2991
2233 2354
1959 2025
1934 2063
2455 2819
2947 2284
2435 2350
2234 2351
2105 2121
2117 2311
2541 3020
2031 2169
2667 2076
2398 2351
2681 2158
2426 2300
2497 2078
2794 3017
2104 2127
2606 2812
2273 2293
2254 2761
2261 2365
2558 2200
2595 2700
2385 2332
1948 2107
2517 2050
2263 2316
2430 2364
2001 2332
2278 2863
2600 2543
2349 2717
2509 2311
2284 2457
2231 2709
2287 2381
2109 2126
2408 2304
2689 2136
2606 2952
2521 3068
2233 2283
2228 2698
2334 2764
2229 2702
2704 2358
2471 2872
2040 2200
2485 3201
2263 2702
2689 2065
2563 3149
2233 2660
2684 2148
2296 2623
2700 2240
2374 2751
2564 2229
2571 2192
2488 2051
2651 2130
2599 3137
2305 2763
2714 2104
2460 3213
2173 2755
2257 2701
2301 2606
2665 2431
2614 2197
2767 2524
2629 2909
1987 2112
2099 2282
2024 2296
2552 3143
2507 2224
2674 2108
2915 2318
2073 2144
2065 2286
2747 2514
2682 2229
2276 2494
2328 2374
2905 2284
2276 2538
2865 2347
2511 2274
2515 3107
2725 2289
2647 3187
2660 2298
2641 3036
2914 2309
2709 3036
2660 2040
2682 2124
2663 3049
1994 2114
2256 2311
2831 2406
2422 2143
2573 2779
2527 2394
2268 2756
2247 2305
2514 3068
2406 2759
2876 2247
2702 2432
2471 2894
2108 2352
2477 2345
2653 3009
2769 2970
2211 2312
2109 2148
2701 2060
2455 3207
2758 2996
2437 2305
2535 3181
2617 3170
2402 2348
2580 3213
2704 2218
2207 2654
2008 2322
2531 3034
2663 2865
2100 2257
2434 2306
2641 2851
2357 2418
2632 2528
2645 3069
2795 3091
2733 2505
2560 2684
2121 2260
2538 3200
2231 2353
2627 2207
2451 3239
2327 2374
2300 2851
2547 3091
2538 3174
2305 2822
2637 3016
2363 2356
2391 2350
2488 2228
2669 2005
2322 2389
2585 3151
2572 3128
2586 3035
2107 2192
2267 2385
2831 2383
2316 2371
2660 3056
2114 2146
2775 2318
2440 2785
2289 2296
2720 2103
2296 2409
2081 2098
2651 2128
1954 2043
2615 3021
2593 3037
2754 2205
1949 2120
2544 3176
2321 2854
2951 2364
2401 2295
2424 3165
2268 2618
2534 3076
2735 2301
2541 3194
2124 2307
2557 3201
2675 2084
2771 2316
2430 2738
2694 2313
2697 2386
2298 2602
2549 3122
2368 2438
2598 2712
2632 2222
2614 2704
2578 3145
2735 2995
2671 2916
2499 2061
2797 2978
2745 2981
2704 2213
2424 2827
2289 2738
2738 2988
2238 2622
2403 2395
2078 2126
2670 2246
2758 2309
2669 2986
2758 2522
2035 2246
2949 2348
2635 2214
2496 2236
2770 2531
2313 2827
2655 2261
2948 2357
2036 2123
2547 2202
2693 2508
2410 2369
2962 2360
2577 3151
2532 2881
1941 2126
2695 2609
2659 2541
2277 2305
2633 2015
2577 3215
2233 2335
2619 2558
2613 2540
2633 3197
2736 2503
2449 3240
2619 2248
2790 2967
2377 2399
2332 2428
2506 2887
2042 2189
2920 2279
2070 2285
2571 2789
2489 2373
2672 3046
2477 2843
2630 2996
2291 2602
2455 2335
2712 2334
2437 2822
2506 2310
2812 2141
2286 2594
2268 2320
2673 2078
2126 2110
2945 2284
2233 2649
2502 3193
2590 2951
2475 2840
2265 2389
2787 2975
2652 2272
2424 3186
2590 2954
2660 2006
2333 2860
1975 2173
2870 2324
2695 3061
2703 2239
2537 2257
2079 2122
2440 2820
2586 2522
1978 2134
2755 2346
2705 2334
2694 2227
2562 2195
2495 2869
2293 2603
2565 3211
2078 2292
2683 2503
2686 2596
2558 2179
2442 2314
2003 2351
2788 2400
1940 2126
1974 2125
2579 3033
2670 2500
2729 2295
2453 2339
2323 2527
2537 2208
2436 2770
2792 3048
2498 2141
2420 2277
2593 2713
2965 2295
2527 2216
2290 2540
2049 2141
2329 2375
2519 2161
2361 2342
2274 2568
2255 2591
2653 3007
2059 2156
2602 2945
2781 3069
2646 2993
2318 2441
2000 2144
2645 2953
2410 2299
2360 2360
2667 2875
2650 3009
2783 2352
2544 3023
2938 2315
2505 2135
2542 3217
2659 2331
2497 3223
2500 3195
2570 2192
1943 2054
2704 2521
2423 2826
1983 2330
2661 2871
2084 2230
2203 2332
2273 2579
2551 3022
2347 1247
2311 2807
2314 2790
2554 3022
2681 2317
2608 2956
2796 3013
2007 2360
2342 2862
2688 2947
2353 2349
2679 2016
2296 2281
2695 2363
2785 2942
1965 2103
2607 3161
2761 2952
2560 3009
2083 2203
2094 2279
2438 2759
2120 2153
2572 2737
2521 2137
2206 2685
2381 2327
2564 2811
2712 2404
2023 2355
2772 2069
2669 2586
1975 2005
2527 2171
2676 2594
2714 3077
2783 3059
2231 2334
2432 2107
2460 2881
2603 2951
2262 2414
2706 2953
2358 2340
2564 3186
2679 2112
2729 2512
2640 3024
2667 2161
2303 2417
2751 3005
2270 2301
2265 2603
2638 2039
2641 2548
2729 2310
2833 2390
2079 2227
2148 2288
2231 2756
1979 2171
2125 2296
2293 2765
2761 2960
2156 2300
2672 2501
2450 2796
2521 2906
2698 2524
2634 2537
2420 2368
2652 2217
2396 2400
2774 3058
2729 2221
2708 2541
1948 2039
2677 2406
2470 2046
2705 2243
2567 3172
2589 2830
2850 2356
2433 2364
2482 3195
2572 3039
2083 2304
2157 2300
2830 2384
2527 3078
2570 3012
2781 2939
2046 2206
1942 2053
2316 2844
2345 2728
2107 2142
2072 2131
2656 2243
2684 2942
2592 2543
2653 2259
2255 2660
2533 3227
2813 2138
2470 2241
2100 2129
2882 2294
2709 2379
2597 3038
2652 2308
2732 2511
2701 2054
2469 2851
2535 2223
2558 3198
2649 2275
2677 2870
2716 2968
2018 2320
2021 2117
2535 3224
2281 2600
2716 2207
2743 2973
2086 2307
2784 3078
2028 2172
2670 2950
2247 2612
2502 3188
2416 2733
2638 2267
2546 2847
2495 2865
2277 2425
2678 2226
2535 2369
2547 2862
1975 2084
2355 2418
2480 2317
2335 2867
2345 2335
2625 3164
2367 2271
2238 2338
2626 2886
2673 2876
2410 2757
2722 2498
2894 2287
2439 2305
2790 3036
2633 2534
2489 3206
2431 2827
2100 2325
2531 3010
2654 2333
2526 3186
2684 2127
2160 2313
2685 2147
2466 2041
1964 2104
2920 2282
2089 2342
2684 2061
2216 2694
2295 2528
2526 3101
2643 2107
2179 2328
2329 2504
2898 2304
2297 2537
2429 2364
2503 3197
1993 2106
2391 2129
2708 2444
2459 2801
2682 2104
2654 2039
2457 2084
2668 2247
2474 2823
2131 2132
2716 3020
2470 2874
2592 2755
2788 2999
2301 2767
2171 2329
2623 1968
2922 2284
2665 2361
2546 2182
1948 2038
2274 2410
2918 2325
2502 2869
2680 2401
2698 2939
2423 2144
2668 2908
2274 2415
2015 2305
2346 2377
2539 2866
2667 2463
2155 2325
2426 3159
2178 2751
2465 2842
2940 2285
2373 2450
2098 2279
2509 2325
2292 2856
2719 2980
2663 2301
2685 2355
2016 2285
2267 2395
2307 2606
2370 2355
2335 2807
2919 2306
2618 2828
2285 2845
2536 3103
2654 2482
2139 2114
2658 2336
2770 2526
1957 2096
2629 2026
2271 2361
2578 3037
2399 2123
2454 2098
2231 2650
2647 2271
2265 2711
2307 2784
2511 3035
2792 3086
2668 2519
2687 2231
2924 2297
2446 2091
2465 2864
2794 3069
2358 2441
2406 2718
2203 2327
2569 2533
2248 2634
2289 2846
2447 2355
2029 2293
2809 3100
2440 2811
2669 2554
2644 2953
2224 2302
2665 2422
2541 2377
2708 2992
2466 2868
2678 2166
2278 2493
2427 3207
2530 2133
2784 2347
2101 2173
2277 2590
1977 2345
2416 2128
2656 2034
2660 2258
2262 2670
2236 2756
2791 2302
2579 2269
2703 2067
2224 2751
2650 2833
2138 2332
2610 2203
2265 2404
2610 2229
2259 2612
2281 2299
2674 2176
2322 2501
2378 2277
2533 2220
2592 2773
2589 2760
2484 2295
2649 2833
2343 2862
2659 2871
2656 2280
2111 2198
2527 3041
2643 3192
2914 2310
2113 2195
2022 2227
2121 2245
2642 3037
2704 3056
2305 2856
2632 2925
2345 2427
2224 2649
2512 2211
2670 2228
2117 2291
2481 2321
2201 2344
2646 2554
2696 2312
2603 2263
2274 2544
1926 2068
2170 2324
2263 2397
2522 2042
2707 2170
2672 2468
2657 2993
2474 2822
2568 2531
2262 2434
2129 2136
2072 2214
2919 2305
2499 2890
2648 2283
2518 3188
2543 2224
2633 2711
2386 2329
2535 2186
2513 3193
2567 2699
2687 2033
2678 1998
2358 2452
2280 2857
2247 2620
2718 3028
2105 2179
2655 2211
2652 1991
2720 2998
2628 2251
2702 3042
2935 2286
2581 2951
2584 2733
1994 2334
2258 2700
2344 2397
2297 2503
2604 3044
2667 2276
2659 2240
2765 2979
2669 2435
2449 3207
2692 2167
2035 2227
2574 3111
2510 2312
2280 2621
2449 3233
2019 2168
2758 2202
2112 2193
2437 2343
2339 2866
2515 2150
2668 2243
2928 2279
2648 2291
2487 2338
2565 3024
2199 2338
2666 2578
2474 2043
2764 2521
2612 2929
2423 3165
2531 2879
2751 2346
2277 2589
2684 2382
2514 2374
2038 2219
2319 2517
2939 2356
2510 3068
2106 2192
2566 2920
2479 2848
2552 3203
2937 2281
2443 3236
2668 2910
2912 2305
2649 2851
2803 3036
2319 2742
2677 2544
2843 2407
2650 3224
2394 2399
1964 2020
2578 2818
2845 2343
2300 2633
2627 2196
1958 2031
2442 2126
2638 2917
2646 2032
2636 3038
2340 2852
2377 2274
2695 2397
2690 2332
2666 2964
2254 2643
1997 2104
2629 3038
2311 2510
2670 2968
2475 2102
2291 2634
2526 2135
2888 2249
2349 2722
2318 2791
2598 2697
2244 2710
2267 2379
2885 2295
2583 2814
2265 2434
2567 2811
2059 2144
2650 3002
2569 3009
2278 2349
2788 2375
2487 2293
2275 2553
2612 2545
2436 2775
2453 3212
2649 2360
2430 2352
2299 2768
1950 2123
2633 2286
2454 3237
2070 2142
2703 2215
2562 2244
2244 2303
2589 2540
2493 2889
2104 2286
2639 2996
2406 2368
2668 2231
2295 2617
2156 2279
2526 3079
2459 3219
2678 2112
2734 3020
2494 2101
2561 3156
2523 3079
1994 2156
2479 2341
2651 2883
2527 2909
2255 2613
2662 2277
2004 2165
2545 3193
2547 3036
2262 2771
2444 2363
2501 2132
2247 2331
2393 2282
2166 2287
2117 2153
2306 2758
2883 2242
2666 2577
2685 2374
2619 2255
2095 2142
2082 2272
2761 2999
2653 2422
2412 2326
2278 2354
2220 2651
2025 2122
2527 2354
2806 3045
2641 2550
2453 2859
2589 2756
2282 2583
2902 2258
1981 2340
2516 2041
2472 2240
2484 2250
2600 2694
2774 2373
2595 3163
2900 2260
2547 2858
2226 2756
2261 2497
2087 2229
2319 2851
2539 2226
2123 2309
1918 2110
2791 3044
2708 2503
2754 3064
2524 2224
2038 2252
2945 2297
2614 2705
2702 3044
2131 2133
2797 3046
2473 2853
2715 2364
2470 2849
2489 2074
2542 2843
2263 2759
2487 2224
2392 2130
2423 3214
2634 2509
2611 2811
2213 2747
2681 2230
2692 3058
2737 2207
2283 2456
2390 2275
2500 2127
2933 2301
2089 2296
2514 3188
2696 2559
2670 2466
2615 3044
2311 2755
2234 2757
2847 2334
2733 3018
2466 2297
2443 2787
2654 2269
2733 3021
2326 2509
2460 2330
2334 2527
2227 2341
2244 2330
2210 2707
2581 2781
2216 2314
2246 2317
2700 2422
2477 2318
2280 2860
2264 2354
2225 2325
2559 3098
2881 2261
2296 2503
2303 2534
2923 2326
2671 2518
2511 2367
2627 2551
2638 2983
2643 2965
2108 2191
2454 2375
2533 3108
2673 2072
2299 2747
2933 2264
2025 2221
2722 2314
2513 2364
2235 2712
2360 2339
2891 2312
2517 2066
2701 2530
2029 2289
2346 2526
2032 2233
2843 2343
2420 2108
2605 2260
2923 2279
2487 3213
2611 2236
2609 2237
2553 3182
2633 2502
2548 3025
2797 2973
2912 2329
2471 2848
2699 2401
2077 2306
2005 2362
2423 3222
1928 2060
2555 2226
2679 2157
2484 2099
2355 2412
2489 3103
2701 2324
2531 3224
2509 2120
2588 2261
2682 2445
2360 2340
2274 2349
2628 2026
2320 2852
2532 3011
2662 2421
2608 2805
2291 2496
2542 2253
2830 2390
2342 2540
2469 2341
2718 2101
2792 2986
1920 2078
2500 2888
2582 2728
2524 2211
2422 2282
2419 2284
2704 2434
2389 2275
2634 2828
2650 2240
2675 2546
2011 2163
2796 2950
2792 3102
1979 2170
2296 2769
1928 2083
2584 2718
2282 2581
2642 2503
2558 2250
2486 2328
2636 2273
2260 2368
2449 2104
2255 2356
2121 2140
2702 2328
2403 2366
2551 2186
2585 2718
2460 2090
2487 2054
2242 2318
2645 2019
2734 2298
2447 2297
2891 2282
2732 2312
2572 3162
2665 2370
2687 2450
2673 2105
2163 2324
2280 2739
2114 2193
2287 2589
2624 2232
2919 2324
2830 2398
2640 2009
2473 2344
2616 2561
2551 3232
2516 2228
2273 2393
2607 2235
2522 3217
2373 2436
2438 2819
2087 2240
2488 2886
2653 2289
2632 2869
2650 3220
2321 2447
2121 2200
2764 2524
2684 2318
2667 2229
2403 2115
2774 2057
2329 517
1985 2100
2916 2269
2568 2910
2342 2857
2635 2865
2571 2747
2678 2018
2107 2194
2519 3187
2642 2548
2355 2417
2029 2252
2029 2173
2468 2858
2501 2233
2675 3045
2295 2536
2580 2522
2675 2131
2415 2756
2646 2856
2640 3188
2238 2356
2492 3091
2705 2495
2305 2386
2312 2387
2684 2020
2224 2325
2777 2324
2593 3210
2961 2297
2427 3162
2628 2517
2455 3237
2132 2160
2100 2258
2922 2269
2616 2829
2799 3049
2401 2120
2678 2216
2208 2315
2549 3005
2709 2993
2309 2504
2439 2829
2376 2391
1952 2123
2308 2853
2682 2955
2712 2540
2938 2281
2295 2540
2683 2221
2562 2258
2523 2377
2643 2352
2719 2203
2289 2584
2346 2379
2369 2417
2932 2307
2626 2705
2652 3006
2460 2852
2611 3042
2674 2493
2659 3225
2430 2293
2638 2995
2629 2276
2656 2509
2355 2397
1999 2351
2948 2365
2328 2410
2036 2125
2310 2502
2260 2347
2552 2181
2580 2739
2310 2382
2696 2109
2698 2226
2102 2165
2800 3088
2902 2310
2236 2327
2785 2958
2674 2879
2201 2322
2672 2595
2254 2588
2560 3008
2570 2957
2344 2870
2725 2202
2670 2403
2460 2338
2542 2205
2606 2807
2442 2835
2484 2288
2481 2098
2897 2257
2691 2065
2714 2488
2587 2264
2351 2355
2293 2635
2687 2556
2552 3086
2632 2867
2150 2297
2900 2248
2140 2114
2494 2889
2282 2343
2693 2351
2549 2688
2101 2257
2127 2111
2346 2334
2638 1990
2525 2896
2238 2645
2557 2216
2381 2265
1950 2070
2680 2019
2784 2354
2633 2869
2104 2341
2492 2373
2000 2152
2489 2348
2481 2364
2108 2190
2487 2884
2618 2929
2524 3068
2666 2315
2646 2113
2585 2220
2869 2339
2071 2226
2662 2037
2294 2765
2310 2857
2598 2698
2431 2755
2281 2857
2722 3062
2262 2669
2411 2353
2457 2348
2514 3110
2267 2419
1952 2117
2370 2392
2029 2098
2673 2069
2685 2125
2314 2502
2602 3169
2631 2925
2714 2308
2065 2284
2596 2696
1952 2115
1962 2110
2283 2498
2324 2510
2612 2806
2012 2307
2180 2327
1988 2141
2450 2043
2090 2234
2274 2650
1966 2117
2539 2190
2673 2368
2490 2876
2524 3036
2451 2818
2029 2378
2501 2211
1972 2098
2388 2359
2033 2117
2758 2526
2535 3184
2525 3083
2679 2127
2063 2204
2894 2254
2575 2548
2174 2328
2447 2834
2524 2361
2590 2948
2367 2428
2656 2044
2539 2858
2341 2443
2715 2101
2718 3003
2518 2057
2633 1997
2732 3061
2281 2538
2282 2496
2243 2613
2681 2148
2535 2385
2582 2716
2599 3172
2411 2130
2690 2166
2950 2296
2381 2396
2002 2148
2565 2246
2020 2119
1955 2092
2307 2773
2105 2129
2314 2827
2648 2241
2796 3102
2592 3211
2687 2048
2918 2262
2445 2318
2433 3167
2559 2253
2437 2122
2294 2414
2222 2690
2509 2074
2476 2892
2774 2959
2486 2339
2240 2676
2031 2266
2163 2320
2205 2695
2593 2953
2676 2019
2797 2977
2499 3187
2388 2296
2724 2212
2589 2259
2530 2379
2203 2343
2689 2333
2416 3151
2511 2301
2669 2867
2680 2374
2657 2421
2284 2497
2633 1998
2623 2711
2235 2669
1968 2104
2454 2099
2289 2582
2010 2150
2504 2218
2718 2093
2646 2906
2273 2392
2766 2067
2676 2364
2416 2725
2114 2336
2348 2549
2089 2306
2110 2195
2473 2340
2317 2825
2212 2751
2267 2337
2527 3057
2718 2209
2018 2123
2031 2168
2587 2707
2566 3103
2610 3151
2019 2123
2503 3226
2040 2277
2519 3045
2028 2248
2639 2945
2288 2378
2586 2707
2472 2104
2836 2375
2028 2288
2704 2178
2130 2191
2645 3196
2545 2852
2707 2540
2332 2752
2258 2480
2428 3158
2396 2287
2479 2311
2309 2500
2319 2404
2537 3119
2710 2385
2384 2311
2678 2220
2437 2771
2700 2945
2933 2283
2750 2349
2624 2703
2029 2175
2308 2418
2479 2045
2100 2330
2245 2699
2650 3012
2257 2669
2798 3012
2767 2317
2916 2264
2619 2267
2644 3231
2892 2260
2109 2128
2468 2038
2358 2731
2474 2111
2482 2048
2652 2295
2559 2537
2322 2510
2297 2535
2635 2908
2271 2578
1974 2023
2702 2460
2437 2126
2618 2249
2514 3103
2506 2303
2439 2307
2510 3076
2185 2324
2678 2102
2257 2609
2585 3045
2689 2501
1997 2149
2366 2719
2612 2543
2357 2389
2090 2282
2316 2409
2275 2375
2665 2309
2548 3030
2453 2123
2088 2241
2312 2807
2613 2804
2484 2227
2798 3090
2676 3024
2311 2425
2543 3010
2545 3189
2739 3050
2604 2806
2782 2330
2351 2722
2433 3226
2509 2371
2531 2267
2516 3219
2287 2318
2643 2293
2658 2516
2667 2588
2035 2116
2478 2883
2629 2825
2674 3036
1950 2051
2735 3047
2512 2301
2615 3046
2023 2134
1957 2037
2208 2708
2700 2248
2438 2362
2353 2348
2917 2352
2513 3083
2224 2752
2318 2809
2527 2907
2939 2357
2954 2288
2787 3063
2524 2217
2572 2932
2499 2076
2413 2734
2408 2316
2816 2359
2417 3187
2587 3039
2539 3195
2348 2718
2712 2104
2527 2316
2232 2659
2107 2130
2288 2316
2446 2826
2264 2757
2072 2169
2568 3166
2521 3090
2455 3206
1972 2125
1975 2021
2047 2152
2537 3114
2474 3223
2094 2234
2735 2315
2658 2896
2304 2767
2727 3029
2902 2314
2500 2865
2003 2161
2710 2955
2250 2630
2558 3159
2243 2645
2481 2048
2353 2350
2486 2099
2106 2123
2212 2690
2153 2286
2382 2327
2278 2433
2697 2533
2587 2545
2357 2752
2037 2263
2504 2862
2710 3077
2646 2963
2682 2131
2164 2319
2701 2327
2629 2918
1920 2103
2733 3050
2442 2105
2662 2549
2792 2968
1937 2127
2526 2077
2871 2240
2572 2519
2534 3179
2346 2750
2357 2406
2707 2416
2603 3035
2665 2398
2474 2807
2306 2402
2848 2344
2551 3036
2670 2247
2640 2955
2384 2262
2055 2221
2527 2184
2696 2227
2694 2230
2239 2721
2909 2288
2818 2359
2305 2781
2569 3148
2621 2902
2265 2752
2648 3001
2632 3041
2648 2852
2298 2529
2291 2740
2507 2082
2690 2132
2275 2431
2685 2024
2387 2718
2623 2104
2706 2313
2235 2297
1944 2124
2495 2280
2243 2350
2531 2390
2640 2020
2445 2366
2049 2210
2915 2294
2645 1978
2766 2302
2761 3060
2642 2105
2469 2890
2287 2846
2657 3214
2888 2299
2322 2390
2228 2299
2705 2336
2489 2301
2344 2761
2502 3212
2264 2601
2296 2536
2319 2375
2265 2351
2005 2351
2314 2380
2554 2687
2655 1985
1968 2115
2720 3017
2447 2111
2507 2078
2434 2739
2327 2858
2446 2815
2671 2491
2672 2491
2582 2264
2314 2514
2255 2609
2721 2101
2358 2429
2789 2989
2662 2863
2123 2199
2746 2201
2494 2057
2747 2202
2525 2379
2546 2848
2308 2813
2647 2994
2264 2355
2457 2090
2646 2360
1994 2145
2802 3055
2119 2260
2664 2912
2425 3186
2255 2366
2705 2105
2667 2545
2616 2802
1998 2120
2637 2019
2628 2549
2309 2516
2285 2490
2031 2175
2215 2689
2279 2536
2742 2978
2709 3067
2500 3228
2687 2561
2211 2701
2097 2201
2585 3152
2651 2282
2708 2411
2419 2362
2311 2760
2671 3025
2678 2071
2531 3226
2662 2408
2238 2341
2634 3187
2447 2354
2666 2005
1983 2115
2461 3210
1989 2171
2563 3193
2261 2648
2581 3034
2283 2441
2492 2294
2914 2279
2500 2357
1948 2048
2790 2968
2823 2376
2113 2164
2575 3046
2780 2967
2590 3152
2724 3067
2087 2327
2611 3041
2488 3090
2266 2662
2584 2210
2267 2309
2345 2431
2448 2795
2250 2332
2605 2547
2316 2826
2343 2728
2539 2875
2516 2052
2459 2042
2548 3187
2765 2325
2897 2307
1991 2115
2736 2989
2293 2529
2554 3032
1964 2102
2566 2721
2532 2386
2179 2339
2232 2741
1951 2088
2787 2383
2628 1969
1976 2106
2568 2534
2453 3209
2606 2104
2039 2219
2450 2792
2674 2521
2626 1969
2791 2344
2063 2151
2286 2491
2736 2501
2595 2538
2339 2554
2715 2486
2240 2607
2135 2291
2567 3023
2565 2916
2700 2460
2509 3196
2297 2382
2490 2230
2857 2351
2341 2396
2910 2350
2623 2270
2375 2389
2651 2280
2015 2323
1958 2085
2515 2087
2447 2821
2465 2876
2571 2546
2599 3143
2121 2259
2717 2104
2702 2313
2094 2262
2354 2448
2658 2181
2783 2332
2354 2395
2700 2388
2247 2622
2212 2651
2446 2357
2397 2342
2681 2497
2527 2041
2335 2372
2773 2982
2234 2706
1982 2338
2434 2356
2702 2521
2308 2858
2574 2785
2027 2236
2652 2345
2543 2859
2786 2342
2641 2279
2660 2476
2284 2456
2472 2344
2606 3047
2791 3075
2750 2301
2823 2944
2676 2501
2278 2346
2134 2159
2947 2297
2521 2157
2791 2406
2825 2266
2792 3091
2706 2976
2471 2871
2263 2423
2648 2029
2578 2541
2581 3205
2707 2950
2435 2101
2038 2249
2641 2547
2422 2108
2428 3223
2458 2045
2676 2215
2248 2633
2680 2567
2874 2344
2165 2292
2684 3070
2489 3102
2647 2871
2137 2189
2246 2353
1996 2341
2097 2327
2628 2207
2471 2886
2596 3216
2511 2141
2229 2335
2666 2253
2593 2519
2706 2386
2604 2820
2067 2132
2451 2081
2723 2312
2612 2206
2800 2968
2734 2304
2337 2864
2633 2031
2579 2536
2823 2940
2734 3019
2118 2294
2896 2307
2124 2235
2497 2356
2019 2324
1930 2061
2387 2317
2251 2717
2283 2590
2665 2276
2708 3071
2755 2295
2501 3185
2553 3011
2264 2395
2528 3008
2524 2167
2515 2314
2959 2355
2167 2328
2089 2312
2255 2617
2151 2299
2439 2811
2700 3066
2303 2851
2617 2252
2478 2306
2720 2099
2469 2875
2071 2288
2784 2958
2440 3149
2679 2941
2263 2743
1965 2109
2279 2343
2531 3042
2669 2324
2343 2534
2691 2190
2895 2315
2526 2894
2592 2260
2559 3096
2373 2439
2509 3114
2708 2209
2493 2226
2676 2177
2653 2322
1944 2070
2819 2948
2324 2830
2680 2397
2212 2696
2312 2846
2674 2247
2759 2951
2736 2225
2661 2967
2667 2454
2734 3041
2615 3026
2582 2692
2481 2056
2611 3046
2187 2758
2785 3051
2772 2369
2659 2281
2033 2101
2755 2200
2715 2308
1962 2101
2484 2088
2737 3035
2685 2328
2592 2261
2276 2383
2630 2252
2704 2377
2463 2876
2699 2469
2087 2197
2519 3104
2512 2142
2792 2344
2660 2493
2500 2248
2103 2253
2696 2511
2405 2361
2387 2424
2548 2822
2455 2078
2642 1987
2287 2595
2650 3003
2788 3018
2070 2138
2317 2799
2750 2318
2800 3040
2870 2239
2584 2212
2653 3212
2509 2077
2231 2300
1999 2122
2108 2251
2331 2546
2451 2789
2389 2349
2534 2138
2704 2210
2632 2288
2942 2282
2283 2298
2650 2286
1947 2058
2515 2062
2889 2321
2457 2810
2409 2330
2546 2836
2584 3207
2638 2991
2476 2241
2167 2293
2264 2351
2583 2771
2785 3034
2266 2676
2079 2300
2661 2429
2340 2722
2476 2238
2026 2238
1917 2073
2611 2527
2701 2220
2630 2857
2885 2318
2291 2390
2493 2282
2568 2911
2508 3193
2234 2744
2703 2972
2787 3060
2382 2722
2764 2202
2318 2747
2656 2894
2726 2487
2673 2947
2287 2390
2700 2213
1979 2138
2654 2995
2448 2367
2659 3207
2682 2228
2643 2108
2633 2016
2590 2823
2276 2583
2790 3020
2264 2386
2652 3234
2680 3034
2082 2112
2441 2747
2478 3221
2014 2299
2671 2469
2532 3075
2689 2148
2661 3056
2172 2331
2400 2110
2449 2819
2198 2327
2790 2374
2270 2487
2410 2363
2349 2399
2416 2286
2548 2190
2637 3191
2020 2373
2738 2222
2401 2756
2687 2557
2621 2232
2751 2202
2637 2236
2315 2389
2586 2825
2651 3024
2643 3174
2659 1999
2508 2122
2592 3045
2793 2954
2586 2953
2803 2952
2700 2477
2202 2772
2675 2880
2630 1970
2788 3088
2506 2870
2390 2726
2249 2721
1956 2039
2438 2337
2624 3193
2677 2085
1919 2072
2926 2273
2242 2302
2456 2343
2065 2130
2320 2857
2596 3210
2676 2012
2614 2807
2468 2869
2424 2821
2006 2162
2325 2528
2578 3155
2680 2146
2595 3217
2708 2242
2702 2181
2539 2378
2369 2370
2068 2214
2627 2024
2239 2291
2665 2130
2251 2351
2306 2518
2004 2333
2250 2622
2582 2709
2243 2612
2590 2774
2629 3046
2680 2053
2771 2324
2445 2115
2686 2319
2669 2228
2713 2189
2695 2520
2830 2388
2443 2773
2432 2111
2569 3173
2034 2128
2615 3168
2547 3223
2346 2529
2481 2106
2587 2535
2431 3220
2557 2258
2479 2807
2243 2348
2665 2996
2435 2768
2428 2822
2675 2489
2687 2950
2285 2593
2300 2527
2642 2028
2564 3212
2565 3132
2679 2081
2088 2313
2684 2956
2632 2289
2557 3182
2267 2657
2415 2132
2631 2916
2137 2120
2023 2128
2714 2323
2033 2116
2287 2383
2742 3051
2222 2347
2745 2203
2784 3066
2510 2319
1972 2019
2778 2979
2706 2170
2512 2889
2532 2173
2687 2032
2120 2246
2678 2541
2272 2473
2414 2292
2336 2541
2330 517
2793 2356
2595 3207
2692 2145
2524 3102
2466 2116
2193 2752
2429 2332
2611 3163
2574 2538
2623 2274
2740 2294
2199 2339
2663 3060
2091 2233
2317 2784
2513 2325
2513 2149
2710 2953
2500 2232
2408 2724
2712 2311
2483 2077
2833 2391
2734 2987
2365 2378
2775 2055
2586 2208
2565 3172
2437 2110
2455 2339
2015 2366
2734 3040
2746 3010
2364 2378
2392 2398
2527 2039
2256 2727
2449 2118
2170 2326
2128 2309
2438 2297
2089 2199
2423 2124
2657 2238
2669 2870
2716 2210
2869 2336
2234 2359
2746 2313
2424 3230
2065 2288
2376 2379
2024 2352
2430 2811
2548 3123
2654 2836
2014 2287
2776 2976
2667 2369
2477 2826
2641 3021
2634 3065
2637 2915
2373 2432
2280 2360
2667 2539
2641 2223
2678 2087
2410 2731
2551 3211
2695 2607
2642 2113
2950 2297
2245 2722
2510 3055
2427 2331
2511 3036
2661 2123
2521 3185
2539 3092
2568 2794
2245 2711
1948 2122
1955 2108
1931 2086
2498 2881
2214 2662
2447 2819
2323 2426
2015 2302
2396 2345
2261 2488
2528 2357
2582 2516
2384 2309
2005 2354
2661 2408
2671 2434
2499 2213
2658 2332
2202 2341
2298 2383
2264 2365
2011 2329
2469 2292
2795 2352
2162 2322
2046 2207
2615 2938
2603 3031
2446 2098
2710 2324
2655 2844
2403 2389
2013 2367
2675 2068
2629 2936
2579 2203
2633 2107
2637 3196
2065 2143
2672 2013
2377 2377
2640 2275
2231 2288
2751 2358
2273 2400
1985 2340
2296 2766
2916 2278
2475 2313
2106 2242
2636 2219
2419 3154
2784 2988
1984 2343
2406 2367
2631 2275
2647 3216
2637 2854
2712 2337
2666 3057
2741 2530
2512 2162
2019 2311
2627 2198
1997 2121
2397 2343
2557 3223
2264 2496
2228 2745
2646 3010
2566 3149
2608 2933
2543 2833
1922 2101
2499 2356
2029 2122
2268 2738
2795 2353
2658 2289
2497 2113
2917 2353
2665 2993
2339 2859
2569 2745
2268 2303
2442 2830
2868 2339
2220 2751
2481 2808
2694 2355
2130 2309
2659 2041
2496 2888
1940 2104
2269 2735
2633 3065
2789 3078
2484 2329
2508 2060
2212 2307
2627 3061
2128 2127
2575 2802
2680 2373
2579 2256
2625 2912
2297 2752
2528 2894
2625 2934
2526 2911
2123 2193
2253 2645
2269 2489
2737 3024
2651 2270
2398 2306
2664 2518
2037 2216
2644 2554
2783 3064
2683 2061
2386 2266
2906 2268
2530 2135
2752 3059
2490 3102
2554 2678
2350 2751
1960 2068
2505 2327
2122 2243
2461 2117
2355 2754
2700 2058
2304 2534
2453 3211
2644 3182
2749 2522
2654 2849
2596 2821
2759 2370
2320 2409
1975 2106
2553 2684
2652 3012
2260 2365
2511 2888
2017 2285
2520 3045
2283 2858
2377 2721
2478 2326
1916 2107
2745 3051
2646 2290
1957 2035
2558 2229
2513 3105
2803 3102
2259 2416
2756 3004
2009 2312
2443 2306
2812 2944
2717 3039
2714 3033
2624 2934
2641 2122
2670 2871
2543 2877
2636 2498
2317 2808
2723 2283
2672 2039
1990 2146
2374 2436
2674 2589
2146 2321
2905 2270
2633 1994
2894 2295
1950 2063
2676 3031
2646 2951
2908 2256
2341 2763
2704 2383
2465 2299
2529 2319
2594 2780
2281 2619
2733 2312
2655 2842
2656 2322
2675 2458
2232 2642
2542 2262
2595 3208
2450 2131
2601 2202
2097 2127
2426 2284
2714 2318
2552 3231
2497 2286
2555 3207
2102 2160
2680 2226
2807 2141
2329 2372
2267 2677
2531 2896
1992 2103
2484 2076
1928 2084
2220 2303
2483 3225
2725 3067
2634 2533
2031 2241
2770 2969
2671 2871
1951 2101
2050 2196
2275 2617
2347 2724
2019 2130
2539 2873
2275 2417
2619 2829
2279 2500
2439 3161
2568 2733
1947 2124
2081 2123
2788 2380
2664 2243
2429 2817
2541 2228
2720 2362
2263 2363
2288 2536
2572 2246
2785 2961
2546 3092
2785 2970
2237 2735
2262 2747
2713 3037
2296 2539
2545 3187
2904 2343
2276 2433
2542 2257
2113 2146
2563 2557
2200 2342
2260 2417
2585 2212
2805 2355
2526 2272
2363 2359
2647 2849
2744 3021
2467 2338
1946 2056
2705 2242
2774 2065
2668 2398
2752 2294
2221 2693
2784 3093
2445 2821
2225 2340
2672 2092
2789 2958
2480 2361
2177 2333
2872 2342
2219 2306
2591 2539
2718 3002
2340 2541
2623 3188
2544 3012
2246 2310
2583 2798
2662 2276
2514 2127
2558 2236
2830 2383
2598 3140
2664 3050
2738 3055
2273 2380
2468 2047
2270 2296
2065 2289
2450 2374
2271 2472
2571 2914
2348 2740
2665 2224
2343 2557
2529 2902
2469 2857
2623 2547
2534 2191
2529 2077
2836 2362
2297 2600
2672 2088
2718 3020
2416 2143
2016 2351
2540 2227
2715 2995
2514 3109
2555 3231
2314 2375
2566 2249
2611 2100
2242 2655
2254 2311
2577 3160
2181 2747
2542 2254
2530 2902
1995 2121
2932 2363
2781 2956
2551 3209
2538 3013
2862 2349
2542 3197
2355 2730
2267 2336
2571 2791
2784 3064
2377 2753
2354 2739
2242 2295
2639 2030
2434 2108
2549 3123
2702 2318
1948 2044
2427 2105
2693 2144
2290 2496
2461 2833
2505 2330
2872 2344
2694 3071
2458 2293
2794 2357
2493 2230
2087 2284
2459 2302
2688 3070
2457 2039
2777 2995
2206 2684
2569 3053
2522 3186
2874 2323
2580 2248
2566 2811
2263 2698
2593 2778
2404 2357
2568 3138
2738 2528
2618 3047
2671 2591
2482 2890
2463 2872
2584 2958
2644 2963
2677 2541
2134 2191
2499 2140
2561 3022
2488 3214
2711 2345
2100 2183
2557 2235
2513 3211
2442 2315
2508 2225
1972 2128
1974 2024
2754 2524
2276 2368
2680 3035
2186 2757
2485 2103
2108 2274
2280 2861
2688 3056
2675 2882
2578 2544
2290 2412
2866 2346
2661 2969
2548 2851
2631 2012
2707 3054
2667 2237
2358 2729
2110 2137
2534 3116
2276 2539
2689 2537
1978 2010
2334 2852
2630 3042
2748 2348
2659 2321
2682 2080
2783 3075
2605 3167
2659 3210
2739 2983
2667 2310
2676 2021
2689 2182
2431 2306
2024 2131
2268 2417
2130 2200
2453 2046
2071 2168
2580 2718
2719 3070
2700 2944
2719 2210
2272 2681
2511 2072
2888 2248
2292 2379
2713 2201
2567 3173
2742 3026
2265 2388
2139 2333
2495 2137
2213 2327
2485 3214
2065 2140
2626 2906
2287 2745
2240 2355
2079 2319
2546 3174
2422 3199
2705 2504
2917 2337
2485 2099
2630 2276
2447 2370
2351 2547
2271 2627
2409 2320
2467 2879
2793 3087
2643 2037
2034 2178
2670 2967
2660 2299
2237 2615
2442 2748
2528 2077
2685 2373
2482 2339
2658 2999
2011 2318
2555 2255
2365 2391
2325 2743
2731 3045
2346 2556
2492 2298
2515 2084
2670 2570
2484 2883
2724 2284
2322 2532
2598 2820
2495 3089
2610 3154
2131 2160
2409 2727
2382 2726
2575 2798
2529 2320
2607 2693
2482 3210
2665 2217
2411 2719
2790 3081
2438 2304
2638 2957
2632 2219
2239 2356
2025 2135
2358 2735
2521 2900
2636 2959
2508 2121
2718 2368
2654 2420
2735 3018
2460 3239
2657 2544
2640 2828
2739 2294
2387 2334
2256 2771
2729 3064
2597 3210
1979 2005
2272 2654
2707 2444
2421 2736
2035 2272
2561 3024
2580 2804
2214 2739
2127 2307
2081 2113
2692 2330
2267 2716
2526 2261
2843 2346
2260 2342
2001 2348
2006 2166
2589 3209
2605 3146
2685 2062
2268 2743
2611 3040
2458 2101
2253 2351
2483 3224
2381 2267
2452 2080
2924 2323
2537 2391
2639 2958
2785 3001
2508 2862
2600 3048
2315 2388
2874 2321
2305 2526
2629 2030
2072 2220
2478 3217
2781 2994
2720 3065
1929 2086
2886 2247
2487 2880
2538 2250
2310 2515
2405 2130
2667 2562
2800 3059
2656 2299
2695 2356
2709 2445
2469 2111
2287 2379
2423 3223
2533 3183
2563 2245
2947 2351
2380 2427
2704 2321
2038 2258
2671 2981
2534 3217
2064 2208
2774 2974
2452 2329
2327 2748
2385 2336
2604 3142
2918 2280
2087 2232
2439 3151
2635 2540
2670 2558
2506 2216
2562 2911
2531 2188
2759 2362
2044 2179
2094 2136
2592 2783
2761 2366
2667 2599
2770 2961
2712 2369
2772 3062
2618 2195
2419 3158
2476 2058
2718 2213
2745 3007
2710 2366
2772 2522
2345 2401
2717 3026
2052 2156
2793 2390
2448 2820
2399 2118
2088 2200
2646 2287
2333 2855
2492 3207
2610 3051
2098 2195
2410 2355
2644 3206
2371 2445
2289 2531
1947 2054
2274 2371
2462 2862
2045 2209
2931 2280
2644 3015
2345 2396
2714 2206
2539 2826
2534 3011
2655 2509
2572 3110
2591 2948
2153 2280
2302 2820
2570 2709
2561 3021
2387 2287
2500 3231
2265 2428
2559 3177
2641 3046
2579 2973
2263 2654
2207 2655
2749 2312
2394 2389
2680 2404
2084 2110
2644 3187
2501 2284
2727 2223
2799 2395
2765 2985
2290 2604
2287 2734
2618 3176
2038 2184
1981 2008
2620 2824
2662 2967
2710 2473
2454 2860
2513 2895
2252 2710
2471 2106
2802 2972
2644 3179
2270 2317
2592 3208
2628 1974
2279 2352
2277 2420
2442 2370
2235 2283
2487 2244
2248 2639
2522 2216
2534 2173
2112 2156
2440 2322
2652 2850
2097 2328
2232 2316
2739 3039
2516 2209
2640 1988
2013 2163
2364 2387
2881 2293
2557 2679
2734 3038
2624 2702
2257 2763
2267 2380
2520 2894
2005 2163
2557 3207
2315 2379
2094 2205
2453 3239
2280 2386
2351 2381
2709 2493
2256 2607
2376 2429
2037 2257
2232 2289
1958 2084
2553 2821
2625 2198
2500 2859
2167 2294
2796 2954
2366 2267
2294 2635
2664 3057
2633 2032
2747 2522
2539 3013
2700 2438
2788 2970
2594 3045
2249 2647
2203 2335
2283 2387
2523 2326
2402 2346
2640 1992
2337 2429
2067 2151
2091 2340
2735 2298
2890 2259
2297 2850
2582 2218
2454 2837
2618 2894
2626 1968
2242 2704
2667 2321
2262 2610
2592 2772
2905 2299
2275 2415
2118 2154
2667 2492
2600 3035
2173 2754
2269 2398
2527 2388
2102 2199
2915 2325
2705 2515
2666 2165
2689 2135
2027 2353
1917 2093
2521 2170
2585 2793
2570 3030
2484 2289
2023 2307
2489 2353
2640 2945
2194 2338
2323 2435
2532 2884
2404 2714
2277 2522
2568 2744
2833 2397
2315 2529
2650 3023
2653 2844
2446 2790
2050 2152
2353 2447
2713 2365
2658 2285
2430 2290
2418 2135
2632 2524
2625 2104
2155 2298
2574 2928
2096 2257
2103 2124
2137 2118
2459 2835
2913 2334
2537 3112
2674 2052
2430 2114
2434 2104
2262 2750
2583 3210
2779 2375
2517 2077
2262 2596
2505 2886
2737 2990
2663 2034
2062 2120
2010 2311
2289 2418
1916 2111
2213 2738
2673 2502
2712 2389
1995 2164
2380 2725
2293 2738
2423 2301
2648 3213
2671 2506
2022 2301
2159 2311
2691 2409
2464 2871
2707 2240
2321 2800
2495 2307
2727 2206
2326 2441
2371 2725
2442 2120
1951 2062
2254 2760
2104 2284
2806 2972
2627 2886
1954 2069
2343 2385
2221 2752
2658 2906
2787 2369
2597 2818
2465 2251
2606 2808
1916 2075
2221 2308
2590 2786
2353 2429
2677 2563
2908 2268
2569 2552
2492 2091
2534 3038
2781 2333
2665 2560
2033 2267
2456 2291
2712 3075
2074 2169
2471 3202
2287 2341
2555 3129
2928 2347
2523 2152
2311 2759
2281 2546
2511 3097
2223 2347
1989 2169
2182 2747
2414 2294
2260 2650
2579 2728
2662 2910
2777 2369
2371 2369
2680 2157
2695 2608
2731 3050
2278 2358
2350 2398
2269 2626
2477 2306
2467 2875
2095 2316
2653 2850
2563 2814
2021 2131
2610 2694
2685 2048
2928 2345
2686 2057
2426 3179
2355 2344
2894 2314
2585 2543
2350 2717
2718 2204
2235 2338
2697 2525
2543 3231
2316 2508
2640 3035
2502 3214
2382 2419
2485 2093
2457 2850
2016 2321
2882 2261
2597 2713
2511 3192
2212 2692
2513 2157
2738 2977
2394 2104
2288 2402
2542 3092
2539 2191
2519 2155
2554 2224
2673 2572
2208 2685
2322 2385
2652 2512
2554 3008
2127 2139
2464 2337
2775 2331
2868 2324
2716 2199
2341 2750
2308 2531
1979 2352
2639 3035
2277 2441
2622 2270
2709 2528
1943 2124
2927 2352
2801 3049
2848 2335
2492 2228
2454 2289
2528 3219
2803 3029
2596 2211
2088 2333
2315 2842
2784 2384
2547 3031
2523 2903
2767 2315
2211 2702
2661 2493
2593 2822
2372 2420
2641 2225
2379 2723
2260 2751
2658 3057
2117 2134
2517 2366
2252 2351
2635 2275
2656 2893
1978 2171
2276 2348
2408 2734
2238 2352
2890 2317
2242 2290
2665 2577
2748 2346
2610 2548
2776 2964
2810 2976
2387 2320
2487 2354
2179 2337
2631 3034
2794 3029
2275 2557
2545 3016
2871 2330
2377 2425
2354 2386
2422 3192
2237 2642
1954 2037
2916 2298
2675 2130
2254 2653
2260 2397
2096 2141
2323 2395
2640 2231
2026 2231
2393 2279
2728 2206
2583 2542
2647 3009
2086 2283
2343 2801
2249 2331
2127 2163
2405 2320
2499 2207
2780 2984
2407 2366
2725 3056
2128 2154
2000 2361
2492 2084
2468 2112
2233 2647
2526 3228
2096 2205
2400 2760
2562 2910
2602 2200
2296 2742
2587 2728
2649 3223
2591 2710
2105 2274
2303 2521
2141 2123
2443 2105
2351 2352
2595 3042
2690 2411
2738 2971
2302 2821
2459 3211
2802 3046
2340 2444
2788 2960
2545 3174
2577 2819
2509 3118
2059 2127
2972 2298
2519 2297
2547 2823
2585 2773
2130 2127
2541 2826
2395 2346
2604 2940
2252 2719
2849 2362
2330 2423
2431 3219
2201 2696
2794 3101
2632 2108
2683 2222
2936 2362
2719 2486
2812 2138
1999 2334
2451 2360
2419 2280
2657 2034
2230 2756
2105 2192
2903 2301
2913 2258
2743 2292
2352 2397
2671 2218
2444 2325
2351 2727
2215 2650
2076 2213
2669 2500
2633 3057
2605 2820
1953 2126
2425 2353
2714 2208
2278 2442
2608 2819
2921 2295
2550 2194
2676 2002
2525 3049
2212 2750
2838 2395
2230 2625
2026 2125
2456 2342
2243 2346
2697 3060
2525 2888
2674 2047
2108 2132
2579 2745
2559 2229
2438 2344
2246 2699
2481 2850
2768 2996
2646 2828
2487 3211
2609 3162
2280 2740
2385 2394
2840 2330
2744 2209
2753 2310
2647 2993
2486 2103
2573 2765
2821 2943
2685 2023
2650 2842
2472 2043
2658 2541
2080 2122
2272 2599
2649 3226
2635 3190
2707 2410
2488 2052
2782 2338
2532 2376
2181 2330
2556 2240
2259 2701
2384 2308
2533 3075
2664 2130
2511 3212
2660 2966
2351 2736
2792 2966
2358 2733
2641 2989
2574 2801
2407 2723
2296 2506
2594 2764
2602 3170
2813 2141
2680 2033
1978 2168
2799 3103
2880 2249
2578 3151
2710 2383
2718 2345
2577 2822
2101 2282
2123 2146
2317 2797
2698 2057
2333 2846
2176 2294
2639 2269
2687 2034
2358 2555
2640 2861
2295 2594
2067 2208
2628 2103
2476 2841
2530 2071
1925 2083
2695 2315
2507 3078
2319 2842
2689 2398
1961 2116
2476 2891
2928 2323
2658 2321
2571 2525
2406 2294
2071 2135
2728 2228
2787 3094
2380 2422
2653 3055
2556 2201
2283 2388
2730 2308
2664 2550
2028 2121
2432 2749
2063 2208
2515 3055
2469 2102
2331 2867
2522 3052
2895 2269
2328 2502
2418 2334
2298 2605
2799 3055
2410 2719
2672 2233
1935 2063
2590 2821
2532 3183
2102 2164
2221 2690
2612 2704
2318 2446
2066 2214
2637 2008
2573 2540
2324 2863
2579 2516
2565 2812
2484 2089
2915 2270
2612 2804
2086 2104
2329 2425
2341 2529
2532 2186
2658 2366
2607 3041
2525 2130
2525 2165
2679 3030
2796 2395
2276 2684
2932 2309
2460 2077
2448 2293
2543 2867
2246 2646
2364 2729
2022 2135
2384 2418
2250 2711
2209 2704
2526 3068
2539 3073
2324 2858
2800 3100
2642 1988
2483 2309
1934 2058
2781 2968
2575 3129
2320 2741
2034 2277
2242 2294
2930 2284
2244 2708
2691 2180
2629 2912
2498 2059
2632 3045
2094 2273
1992 2329
2446 2809
2802 3048
2249 2635
2702 2230
2398 2125
2731 2508
2476 2842
2945 2352
1946 2125
2570 2690
2722 2099
2541 2225
1970 2031
2464 2834
2213 2705
2635 2003
2698 3065
2672 2462
2255 2588
2561 2255
2267 2658
2515 3197
2689 2147
2625 3160
2467 2846
2680 2224
2632 1965
2377 2391
2261 2344
2553 3015
2071 2143
2576 2745
2637 2229
2610 3054
2433 3217
2182 2748
2026 2122
2272 2398
2399 2728
2889 2291
2950 2358
2635 1964
2445 2358
2665 2007
2657 3019
2483 2848
2794 3071
2777 2318
2052 2151
2675 2552
2287 2581
2490 2349
2245 2696
2916 2347
2660 2908
2583 3208
2709 2991
2525 2174
2564 3169
2263 2726
2092 2341
2663 2041
2424 2302
2620 2105
2436 2774
2500 2861
2506 3209
2721 2982
2623 3160
2586 2220
2655 2294
2279 2358
2316 2854
2663 2867
2415 2765
2091 2295
2554 3182
2422 3187
2500 2097
2122 2139
2712 2106
2633 3031
2789 2353
2682 3068
2713 3058
2702 2388
2299 2418
2313 2808
2614 2252
2717 2214
2595 3040
2685 2456
2547 2260
2672 2126
2287 2491
2777 2056
2410 2327
2596 2201
2734 2226
2542 2258
2301 2774
1975 2031
2887 2292
2339 2538
2493 2301
2594 2814
2268 2755
2707 3071
2051 2139
2494 2295
2333 2549
2113 2241
2416 3210
2936 2281
2658 1999
2266 2710
1968 2123
2652 2344
2222 2327
2620 2191
2341 2839
2095 2315
2565 2917
2614 3171
2917 2262
2522 2326
2335 2371
2457 2339
2088 2133
2447 3235
2907 2250
2496 2291
2773 2969
2328 2545
2013 2366
2161 2306
2461 2112
2691 2225
2643 2359
2454 2852
1951 2072
2412 2332
2451 2836
2171 2331
2906 2291
2494 2872
2742 3025
2364 2754
2671 2876
2736 2306
2489 2352
2375 2415
2410 2357
2760 2304
2263 2715
2638 2013
2273 2333
2262 2600
2588 2718
2287 2847
2502 2322
2544 2197
2571 3146
2669 2494
1996 2168
2494 2292
2572 2783
2704 2211
2476 2341
2446 2784
2107 2340
2676 3037
2700 3059
2589 2788
2789 2975
2710 2526
2574 2250
2670 2980
2470 2887
1963 2115
2105 2275
2691 2320
2585 3037
2289 2854
1987 2109
2634 1988
2524 2214
2742 2526
2015 2116
2076 2126
2104 2141
2277 2347
2125 2141
2612 2203
2385 2337
2371 2431
2443 2357
2578 2721
2663 2314
2945 2361
2452 3238
2279 2437
2298 2629
2684 2557
2488 2891
2272 2361
2272 2351
2115 2259
2279 2581
2594 2769
2628 2013
2685 2452
2720 3075
2468 2242
2675 2086
1968 2073
2128 2129
2105 2193
2082 2120
2535 3173
2358 2443
2542 2878
2733 3040
2275 2517
2792 2949
2400 2365
2536 3120
1971 2108
2775 3060
2634 2990
2641 2229
2340 2805
2659 3209
2273 2681
2106 2191
2592 2718
2625 3174
2068 2131
2518 2161
2706 2207
2355 2756
2263 2609
2210 2302
2453 2126
2086 2206
2718 2509
2630 2025
2354 2392
2771 2054
2250 2329
2604 2803
2047 2211
2584 2739
2429 2117
2595 3149
2511 2863
2596 2221
2361 2360
2711 2190
2613 3150
2711 2379
2520 2272
2517 2269
2004 2361
2927 2296
2031 2111
2593 2697
2090 2331
2341 2442
2503 2115
2281 2298
2647 3053
2115 2128
2522 3038
2441 3226
2428 2098
2691 2331
2554 3230
2572 2748
2279 2558
2672 2365
2307 2604
2628 2911
2924 2271
2582 3043
2907 2309
2677 2369
2616 2250
2356 2743
2574 3129
1960 2036
2696 2442
2757 2515
2472 2803
2463 2817
2354 2414
2371 2446
2152 2293
2652 2218
2447 2105
1976 2180
1926 2088
2640 2867
1965 2102
2292 2290
2702 2203
2414 2120
2264 2652
2017 2367
2489 2226
2552 3227
2329 2866
2691 2364
1931 2084
2573 2811
2702 3056
2303 2385
2519 3038
2407 2115
2644 2120
2730 2310
2434 2106
2277 2387
2703 3043
2511 2217
2547 3033
2540 3223
2436 3172
2354 2551
2276 2513
2673 2095
2016 2142
2520 3067
2597 2943
2560 3173
2594 2537
2629 1987
2365 2364
2507 2857
2410 2760
2027 2371
2296 2524
2703 2515
2576 3186
2940 2323
2695 2365
2358 2381
2650 2850
2314 2803
2307 2400
2612 3165
2594 2771
2257 2771
2275 2382
2739 2492
2926 2283
2357 2754
2290 2848
2571 3128
2685 2031
2700 2216
2336 2554
2732 3062
2653 2336
2084 2301
2145 2126
2027 2294
2477 2805
2409 2762
2406 2766
2743 2494
2431 2117
2354 2343
2750 2964
2227 2297
2323 2830
2441 2355
2322 2788
2193 2325
2282 2561
2614 2929
2576 2256
2716 2996
2308 2416
2589 2744
2634 1975
2581 3032
2233 2664
2651 2360
2276 2387
2687 2325
2643 2854
2668 2260
2662 2318
2602 2100
1989 2343
2483 2366
2798 2950
2639 2989
2011 2344
2672 3051
2452 2291
2533 2075
1948 2101
2695 2447
2549 2871
2559 3140
2173 2328
2596 3044
2342 2398
2678 2450
2576 3215
2193 2321
2355 2394
2095 2132
2666 2316
2560 2194
2419 2113
2894 2259
2625 3172
2315 2758
2432 2750
2662 2300
2524 2213
2488 2362
2451 2087
2717 2365
2754 2523
2714 2199
2892 2295
2183 2334
2511 3074
2478 2819
2445 2351
2936 2284
2513 3055
2558 3202
2277 2428
2677 2373
2106 2160
2045 2153
2654 2903
2500 3193
2810 2361
2435 2748
1948 2046
2599 3138
2571 3185
2272 2488
2345 2343
2797 2396
2688 2168
1978 2174
2487 2294
2616 2936
2696 2182
2267 2447
2502 2863
2547 2203
2200 2768
2613 2698
2677 2112
2578 2951
2338 2536
2345 2750
2701 2181
2532 2375
2501 2307
2691 2369
2782 3072
2815 2359
2503 2357
2396 2729
2411 2136
2306 2851
1920 2089
2392 2315
2280 2498
2766 2373
2012 2327
2666 2322
2300 2782
2020 2303
2668 2511
2790 2405
2674 2015
2683 2103
2541 3109
2263 2675
1962 2114
2502 3187
2703 2217
2328 2746
2759 3059
2711 2478
2130 2306
2308 2822
2359 2412
2276 2498
2526 3185
2462 2116
2701 2422
2425 3209
2671 2104
2574 3025
2211 2663
2582 2798
2235 2663
2875 2323
2946 2297
2527 2386
2278 2456
2435 3167
2156 2315
2488 2091
2681 2152
2440 2771
2506 2354
2946 2295
2276 2293
2541 2869
2601 2945
2455 2338
2403 2309
2475 3200
2729 2485
2626 3166
2385 2322
2293 2414
2273 2616
2179 2754
2620 2248
2254 2645
2422 2821
2746 2526
2431 2332
2467 2866
2199 2319
2267 2444
2641 2116
2641 2950
2327 2408
2565 2680
2658 2319
2867 2349
2632 3011
2283 2493
2572 2788
2678 2107
2626 2251
2105 2187
2592 3158
2421 3215
2332 2747
2490 3200
2907 2301
2960 2288
2287 2855
2100 2187
2612 2202
2795 2950
2714 2976
1928 2059
2916 2258
2682 2147
2681 2400
2664 2307
2385 2361
2876 2248
2708 3085
2340 2429
2837 2370
2566 2696
2706 2412
2357 2745
2700 2387
2254 2754
2699 2198
2427 2751
2289 2346
2486 2846
2188 2323
2658 2037
2729 3063
2086 2331
2487 2052
2142 2291
2025 2308
2292 2619
2705 2211
2414 2718
2569 2811
2526 3059
2566 3099
2662 2240
2766 2306
1987 2145
2906 2287
2658 2546
2256 2704
2725 2287
2658 2872
2933 2268
2657 2288
2651 2032
2560 3151
2664 2865
2486 3206
2355 2437
2325 2416
2669 2227
2284 2386
2315 2514
2458 2112
2744 3057
2583 3034
2941 2323
2595 3151
2280 2862
2434 2102
2661 3043
2095 2257
2436 2348
2106 2146
2779 2338
2389 2334
2272 2438
2285 2864
2498 2052
2639 2907
2559 2808
2066 2162
2363 2753
2562 2912
2065 2141
2403 2310
2312 2515
2668 2494
2637 2038
2545 2259
2375 2355
2226 2314
2272 2459
2423 2106
2589 3158
2094 2326
2576 3183
2241 2681
2632 2825
2492 2881
2601 2530
2745 2976
2692 2519
2662 3216
2508 2119
2892 2286
2351 2718
2212 2739
2342 2336
2583 2737
2102 2148
1967 2111
1990 2169
2517 2064
1970 2122
2610 2528
2739 2297
2616 2935
2935 2310
2788 3089
2310 2814
2058 2208
2909 2258
1999 2367
1915 2102
2359 2410
2486 2880
2787 2374
2577 2920
2629 2252
2627 2932
2088 2310
2351 2719
2757 2368
2275 2554
2955 2366
2543 2843
2714 2375
2623 3043
2354 2390
2748 2202
2878 2002
2660 2473
2524 2271
2904 2341
2668 2000
2901 2263
2763 2986
2035 2248
2685 3072
2611 3031
2670 2577
2530 3221
2028 2120
2535 2266
2335 2845
2819 2944
2496 2279
2643 2986
2439 2119
2446 2806
2540 3118
2518 3089
2274 2649
2213 2315
2750 2966
2640 2949
2452 2045
2319 2443
2483 2299
2914 2331
2119 2329
2445 2099
2387 2339
2441 2343
1995 2347
2642 3022
2117 2257
2807 2143
2318 2389
2278 2682
2369 2404
2264 2747
2729 3067
2684 2027
2362 2437
2323 2394
2698 2439
2576 2528
2767 3060
2596 2699
2347 2731
2475 2810
2591 3150
2757 2523
2404 2128
2415 2150
2363 2358
2716 2103
2317 2502
2757 3062
2242 2343
2355 2393
2570 2743
2428 3169
2537 3188
2615 3043
2514 2163
2423 2828
2723 2998
2618 3049
2544 3121
2209 2305
2262 2746
2595 2254
2666 2363
2502 3195
2225 2330
2630 2525
2226 2321
2700 2185
2533 2374
2237 2341
2455 2782
2801 3040
2597 2215
2554 3132
2246 2632
2658 2539
2703 2421
2244 2680
2683 2550
2600 2779
2489 2232
2655 2906
2016 2169
2457 2861
2665 2575
2611 2102
2621 2274
2038 2257
2455 2327
2296 2407
1962 2100
2473 2809
2924 2291
2804 3099
2915 2313
2026 2123
2414 3189
2522 2901
2732 3046
2788 2344
2488 3215
2455 2336
2665 2173
2262 2769
2642 3174
2532 2261
2030 2128
2472 2244
2709 3037
2700 2204
2109 2149
2464 2336
2614 2693
2641 3059
2664 2174
2260 2321
2563 2735
2036 2264
2537 2393
2527 2351
2322 2425
2262 2344
2710 2382
2523 3055
2144 2287
2504 2887
2332 2444
2716 2972
2573 2748
2786 3002
2251 2719
2652 2543
2272 2392
2283 2537
2288 2298
2680 2382
2084 2100
2542 3023
2318 2378
2502 3054
2395 2296
2230 2353
2109 2252
2475 2846
2635 2280
1959 2071
2231 2741
2594 2750
2259 2500
2644 3177
2518 3041
2378 2354
2437 3224
2615 2797
2745 3058
2581 2734
2249 2332
2886 2244
2159 2315
2656 2241
2266 2309
2048 2206
1925 2063
2494 2059
2844 2334
2584 2222
2491 2228
2697 2510
2251 2614
2195 2323
2969 2299
1989 2145
2093 2201
2451 2361
2275 2559
2110 2148
2548 2858
2618 2941
2618 2229
2707 2229
2520 3054
2496 2131
2894 2251
2331 2526
2646 2274
2524 3033
2460 3207
2478 2887
2512 2317
2661 1992
2255 2354
2505 2276
2709 2354
2092 2269
2627 2915
2705 2963
2595 2701
2691 2152
2153 2302
2515 2075
2653 2038
2606 2817
2518 3053
2504 3214
2502 2134
2634 2017
2397 2299
2624 2861
2713 2208
2762 2322
2726 3035
2929 2267
2620 2892
2636 3033
2288 2384
2017 2228
2475 3225
2344 2401
2497 3218
2275 2394
2519 2328
2302 2533
2789 3019
2695 2445
2675 2501
2301 2525
2007 2363
2576 2764
2009 2145
2282 2498
2759 2302
2344 2349
2158 2317
2338 2804
2640 2948
2394 2105
2658 3214
2507 2309
2231 2328
2942 2284
2074 2223
2767 2990
2172 2329
2272 2431
2869 2335
2605 2196
2250 2639
2336 2426
2575 2692
2630 2510
2584 2723
2567 2181
2570 3024
2888 2258
2272 2483
2642 2271
2330 2426
2297 2500
2037 2266
2512 2272
2675 2049
2417 3180
2766 2970
2434 3174
2667 2403
2450 2790
2922 2274
2269 2744
2522 2228
2357 2417
2691 2948
2090 2135
2680 3075
2566 3023
2323 2399
2322 2738
2505 2329
2655 3021
2629 3175
1985 2341
2519 3088
2905 2272
2661 3042
2479 2317
2596 2524
2029 2295
2580 2941
2262 2650
2643 3194
2634 2991
2114 2195
2575 3144
2644 3069
2432 2811
2652 1997
2839 2374
2543 2827
2267 2417
2296 2750
2379 2358
2514 2064
2508 2302
2675 2018
2578 2694
2654 2344
2952 2364
2684 2376
2692 2563
2428 2301
2424 3181
2325 2417
2293 2613
2278 2581
2575 2529
1954 2028
2751 2966
2397 2727
2337 2541
2290 2599
2676 2165
2456 2341
2547 2192
2166 2316
2518 2319
2684 2140
2583 2760
2941 2355
2796 3097
2035 2168
2443 2117
2709 3068
2768 2523
2573 2736
2603 2956
2089 2198
2673 2447
2209 2306
2667 2005
2373 2454
2071 2138
2692 3042
2571 2788
2085 2329
2750 2516
2064 2163
2627 2025
2581 2536
2365 2719
2433 2755
2710 2365
2000 2349
2273 2649
2669 2232
2880 2261
2200 2770
2608 2809
2474 2827
2551 3033
2707 2366
2572 2935
2630 2508
2537 2258
2410 2730
2695 2474
2522 2170
2644 2908
2165 2289
2287 2862
2287 2346
2429 2335
2705 2045
2700 2249
2297 2755
2566 2196
2568 3187
2603 2252
2726 2204
2612 2793
2234 2676
2553 3141
2557 2536
2082 2294
2297 2743
1927 2063
2016 2323
2670 2072
2710 3054
2717 2510
2426 2329
2101 2345
2901 2317
2241 2338
2671 2369
2484 2301
2737 3072
2629 2928
2017 2167
2501 2228
2513 2274
2777 2331
2576 2768
2287 2857
2008 2357
2596 3209
2440 2346
2646 2232
2489 2862
2086 2099
2647 2360
2650 2037
2612 3023
2448 2105
2253 2753
2477 2101
2741 2510
2293 2410
2642 2855
2256 2592
2800 2971
2209 2655
2495 2867
2613 2543
2608 3045
2716 2979
2642 2953
2589 2708
2311 2857
2653 2966
2433 2756
2668 2254
2522 2156
2637 2034
2829 2401
2044 2196
2928 2282
2004 2351
2660 2991
2406 2357
2533 3129
2348 2751
2633 3061
2711 2355
2322 2739
2672 2557
2782 2958
2288 2863
2546 2200
2552 3137
2643 2237
1982 2344
2290 2376
2460 2104
2288 2582
2687 2945
2521 2135
2793 2396
2691 2365
2505 2887
2453 2819
2313 2415
2700 2236
2252 2730
2750 3032
2104 2167
2249 2747
2647 3180
2398 2756
1947 2059
2547 3144
2709 2527
2628 2918
2090 2296
2224 2315
2415 3151
2611 3026
2541 3197
2489 2368
2554 3089
2659 2282
2576 2973
2262 2609
2295 2539
2483 2885
2797 3038
2502 3213
2286 2400
2405 2765
2690 2603
1984 2118
2533 3219
2046 2203
2341 2540
2745 2513
2184 2335
2644 3205
2266 2675
2367 2268
2458 2336
2592 3161
2669 2170
2646 2354
2931 2323
2480 2811
2267 2732
2502 2238
2786 2332
2653 2176
2674 2103
2347 2799
2698 2947
2907 2303
2493 2238
2606 3155
2404 2318
2281 2294
2525 3057
2585 2705
2847 2333
2445 2836
2737 3003
2712 2471
2501 2237
2088 2307
2886 2323
2190 2329
2595 3145
2381 2394
2665 2126
2462 2088
2359 2735
2648 2996
2263 2345
1996 2170
2393 2287
2677 1996
2694 2535
2102 2124
2624 2826
2249 2714
2656 3057
2710 2105
2316 2808
2637 2912
1997 2141
2523 2914
1990 2168
2301 2749
2421 2280
2036 2124
2126 2146
2663 3210
2561 3154
2134 2106
2904 2347
2678 2454
2572 2256
2646 2967
2510 2302
2772 2331
2518 2909
2335 2805
2675 2444
2038 2118
2476 2847
2020 2235
2749 2292
2655 2345
2536 2211
2947 2298
2315 2852
2691 2402
2790 3091
2418 3185
2558 3201
2704 2948
2640 3028
2319 2402
2699 2449
2569 2809
1943 2104
2676 2156
2941 2324
2270 2579
2598 2266
2266 2393
1967 2024
2311 2389
2674 2573
2690 2397
2637 2551
2012 2143
2073 2220
2278 2603
2693 2367
2658 2545
2258 2500
2646 3214
2243 2614
2443 2103
2272 2407
2630 1999
2630 3059
2026 2377
2477 2052
2669 3045
2018 2309
2454 2329
2076 2167
2764 2960
2719 2367
2079 2271
2483 2310
2104 2176
2961 2357
2113 2149
2766 2958
2097 2351
2580 2209
2461 3239
2698 2420
2260 2352
2602 2946
2631 2995
2500 3224
2644 1992
2482 2054
2301 2535
2441 2333
2388 2285
2583 2704
2607 2254
2419 2737
2513 2314
2516 3115
2697 2328
2782 2372
2641 2917
2769 2315
2529 2888
2583 2696
1962 2122
2336 2829
2719 2206
2629 2711
2653 3051
2587 2539
2603 3145
2545 3192
2526 2372
2670 2870
2013 2308
2490 2301
2253 2355
2299 2781
2586 2258
2364 2363
2421 3191
2237 2675
2274 2382
2647 2883
2435 2767
2373 2754
2759 2373
2426 2305
2103 2147
2275 2568
2386 2727
2375 2273
2836 2408
2539 2886
2071 2289
2287 2599
2625 1972
2209 2326
2770 2524
2786 2998
2453 2784
2399 2726
2386 2333
2387 2399
2585 2827
2423 2295
2121 2292
2524 2379
2582 2744
2324 2419
2725 3030
2212 2326
2570 3189
2650 2026
2322 2527
2397 2287
2799 3051
2532 2382
2248 2700
2022 2218
2651 2504
2228 2662
2341 2751
2458 2834
2590 2721
2024 2127
2848 2346
2873 2256
2698 2328
2257 2700
2021 2239
2037 2253
2245 2619
2291 2281
2406 2316
2657 2214
2893 2286
2097 2267
2551 3005
2728 2220
2051 2140
2472 2242
2314 2376
2755 2995
2582 2734
2835 2360
2628 3176
2691 2949
2667 2580
2574 2260
2540 2884
2687 2569
2040 2184
2327 2836
2438 2125
2152 2286
2547 3135
2570 2532
2496 2867
2537 3075
2387 2319
2675 2514
2331 2437
2597 2752
2529 3037
1950 2107
2719 2362
2013 2132
2594 2206
2285 2536
2600 2529
2649 2264
2461 2834
2793 2364
2517 2329
2795 2947
2112 2167
1954 2084
2259 2483
2675 1998
2285 2395
2708 2447
2170 2325
2662 2000
1947 2123
1974 2107
2773 2983
2692 3071
2591 3043
2542 3104
2219 2694
2532 2388
2708 2408
2167 2325
2079 2316
2453 2114
2573 3146
2512 3089
2462 2081
2642 2845
2636 2714
2341 2336
2507 3210
2203 2344
2634 2499
2764 2952
2225 2701
2270 2711
1987 2334
2398 2730
2701 2053
2417 2739
2617 2905
2441 2297
2018 2319
2275 2539
2301 2507
2523 3088
2293 2540
2544 2213
1995 2349
2149 2326
2534 3074
2631 2549
2505 3078
2513 2285
2510 2887
1947 2076
2560 3016
2653 3008
2676 2543
2289 2585
2451 2044
2235 2303
2276 2385
2283 2581
2875 2330
2574 2766
2700 2465
2554 3086
2736 3040
2499 2286
2669 2114
2724 2215
2452 2814
2648 3185
2685 2330
2572 2542
2705 2333
2769 2377
2521 3066
2325 2545
2080 2225
2005 2166
2121 2331
2635 2873
2670 2000
2434 2350
2639 3036
2680 2169
2507 2374
2066 2207
2486 3098
2758 3000
2634 3035
2600 3165
2572 3047
2550 2187
2424 2125
2620 3042
2581 2950
2277 2451
2640 2912
2014 2133
2678 2324
2460 2858
2661 3041
2652 3230
2797 2397
2662 2119
2344 2340
2244 2299
2100 2240
2889 2292
2265 2343
2104 2336
2787 3093
2074 2317
2550 2186
2238 2624
2237 2284
2283 2452
1979 2011
2640 2908
2453 2113
2573 2952
2800 3072
2482 2055
2667 2115
2731 3036
2247 2646
2786 3063
2423 2286
2315 2745
2098 2283
2578 2780
2508 2359
2114 2258
2094 2311
2279 2537
2620 2193
2025 2220
2865 2254
2689 2532
2676 2872
2711 2339
2878 2260
2602 2261
2733 2507
1958 2069
2460 2339
2346 2716
2331 2741
2756 2361
2362 2360
2277 2601
2670 2497
2310 2504
2661 2430
2584 2792
2315 2830
2400 2364
2111 2300
1947 2121
2413 2117
2592 2771
2403 2312
2428 2304
2333 2445
2356 2555
2742 2975
2281 2386
2541 3113
2040 2216
2517 3053
2605 2932
2410 2373
2084 2321
2123 2296
2316 2374
2679 2034
2146 2342
2575 2951
2534 3224
2398 2352
2465 2890
2590 2214
2069 2148
2364 2440
2153 2328
2265 2717
2407 2120
2696 2184
2293 2291
2233 2625
1977 2134
2101 2239
2405 2115
2830 2406
2654 2260
2081 2097
2280 2546
2343 2864
2051 2199
2485 2329
2362 2345
2289 2850
2638 3007
2101 2235
2675 3036
2521 2375
2513 2211
2239 2663
2016 2361
2484 2100
2518 2299
2632 2505
2504 3052
2420 2360
2628 3192
2737 2498
2087 2337
1990 2327
2556 3225
2306 2503
1959 2119
2290 2601
2331 2553
2321 2501
2332 2445
2580 2540
2546 2858
2652 2967
2680 3033
2235 2646
2765 2067
2514 2081
2464 2841
2611 2238
2688 2353
2737 2997
2500 2363
2528 2071
2677 3031
2664 2910
2356 2730
2613 2244
1922 2100
2667 2117
2665 2117
2279 2622
2141 2152
2466 2875
2664 2117
2420 2367
2552 3213
2343 2395
2745 2982
2286 2588
2877 2249
2221 2651
2539 2263
2386 2416
2283 2314
2158 2285
1962 2095
2617 2105
2876 2332
2218 2651
2731 3047
2066 2128
2033 2106
2292 2733
2516 2893
2623 2826
2489 2344
2903 2312
2361 2732
2118 2197
2264 2318
2261 2771
2632 2915
1930 2083
2501 2308
2674 2255
2660 2295
2515 2069
2525 3038
2298 2748
2418 2121
2697 2356
1999 2158
2921 2266
2798 2972
2958 2291
2255 2763
2033 2100
2700 2218
2769 2365
2150 2290
2568 3029
2085 2341
2235 2291
2114 2191
2740 2303
2646 2904
2632 3044
2796 3015
2627 2205
2935 2361
2183 2749
2263 2704
2485 2302
2627 2228
2444 2324
2028 2283
2210 2651
2366 2400
2641 2914
2531 3079
2773 2961
2668 2923
2855 2350
2765 2063
2166 2317
2311 2415
2368 2362
2570 3164
2673 2040
2099 2236
2389 2389
2581 2730
2658 2258
2192 2331
2470 2239
2304 2501
2674 2440
2082 2110
2658 2303
2733 3059
2915 2345
1921 2073
2652 3233
2437 2341
2684 2126
2130 2194
2921 2336
2696 2558
2567 2733
2883 2297
2439 2750
2647 2841
1982 2112
2311 2515
2006 2352
2489 2090
2651 2359
2910 2330
2249 2618
2712 2448
2503 2135
2691 2172
2601 3140
2500 2214
2237 2338
2278 2546
2319 2854
2090 2339
2273 2433
2636 3040
2650 3221
2782 3073
2150 2295
2096 2127
2646 2542
2116 2191
2210 2751
2683 2132
2705 3029
2811 2947
1978 2112
2264 2615
2508 3191
2663 2967
2506 2370
2275 2499
2565 3199
2847 2365
2518 3090
2657 3051
2572 2257
1987 2351
2172 2753
2482 3192
2296 2526
2491 2368
2391 2315
2805 2138
2321 2527
1950 2053
2574 2789
2716 2369
2159 2313
2810 3103
2470 2832
2404 2352
2543 2866
2155 2279
2659 2431
2199 2768
2173 2326
2290 2299
2664 2429
2945 2356
2660 2127
2324 2408
2310 2510
2905 2308
2724 2999
1920 2088
2585 2797
2453 3205
2642 2123
2456 2280
2391 2400
2463 2837
2615 2554
2129 2310
2738 2227
2590 2947
2647 2280
2272 2522
2709 3081
2634 3048
2673 2108
2504 2228
2238 2711
2589 3154
2290 2418
2539 3203
2950 2365
2748 2318
2651 2035
2391 2314
2625 1965
2739 3022
2012 2309
2515 3184
2416 2125
2135 2106
2090 2200
2649 2276
2506 3054
2798 3088
2421 3154
2619 2795
2590 3048
2011 2169
2238 2742
2740 3016
2414 3218
2929 2348
2731 2990
2288 2597
2464 2888
2769 2990
2357 2734
2448 2340
2393 2390
2459 2810
2176 2295
2589 2762
2466 2850
2095 2238
2495 2283
2262 2726
2630 1981
2313 2812
2015 2229
2772 2367
2656 2209
2688 2229
2446 2083
1924 2087
2529 2351
2792 2971
2644 3051
2641 2118
2775 2374
2496 2879
2512 2227
2716 2317
2748 2532
2233 2623
2251 2639
2269 2333
2075 2293
2743 2491
2477 2320
2740 3027
2688 2222
2067 2120
2516 2057
2428 3230
2674 2452
2506 2224
2546 2869
2584 2727
2527 2892
2651 2026
2568 2226
2269 2402
2342 2385
2315 2426
2645 3014
2665 2320
2418 2834
2482 2327
2096 2131
2703 2059
2566 2251
2652 3056
2703 2175
2321 2810
2639 2852
2506 2074
2759 2368
2306 2785
2575 2714
2642 2116
2090 2261
1953 2072
2805 3101
2583 2205
2688 2127
2653 3015
2714 2424
2017 2322
2710 2380
2699 2443
2328 2850
2370 2401
2870 2237
2009 2363
2570 2691
2021 2361
2912 2304
2637 2544
2532 3013
1945 2076
2476 3225
2442 2738
2531 3068
2278 2382
2799 2359
2412 2353
2792 3015
2491 2326
2521 3067
2573 3147
2567 3054
2766 2980
2413 2755
2192 2334
2870 2322
2652 2216
2514 2063
2740 2987
2483 2289
2781 2339
2081 2307
2276 2423
2297 2282
2542 2255
2619 2556
2659 2275
2356 2386
2658 3020
1921 2094
2403 2314
2448 2826
2579 2717
2915 2348
2487 2053
2550 2262
2397 2344
2709 2950
2669 2582
2528 3041
2531 3106
2459 2101
2792 3014
2595 2751
2374 2425
2685 3070
2108 2127
2157 2286
2356 2741
2267 2559
2641 3005
2766 2060
2257 2308
2650 3214
2639 2018
2624 3165
2103 2187
2800 2974
2730 3054
2730 2311
2676 3041
2774 2082
2707 2379
2427 3163
2277 2381
2558 3171
2694 2172
2248 2612
2167 2326
2894 2248
2525 2318
2403 2405
2288 2386
2510 2146
2849 2356
2434 2120
2673 2455
2661 2007
2460 3218
2018 2141
2377 2434
2549 2199
2374 2378
2644 1981
2525 2384
2423 3201
2269 2345
2449 2327
2800 3103
2903 2288
2453 2786
2801 3028
2597 2206
2497 2056
2034 2225
2780 2995
2409 2317
2377 2393
2581 2537
2722 2213
2506 2325
2577 2544
2278 2741
2713 3075
2866 2348
2506 3193
2296 2606
2669 2085
2708 3083
2636 3050
2679 2917
2771 2074
2266 2310
2332 2526
2026 2294
2806 3074
2375 2751
2705 2523
2580 3034
2838 2362
2566 2684
2595 3051
2485 2050
2025 2291
2583 3212
2510 3057
2328 2840
2007 2331
2645 3227
2569 3120
2496 2118
2594 2762
2568 3137
2708 3081
2031 2283
2431 2111
2641 2113
2526 2181
2505 2059
2574 3164
2446 2792
2571 3169
2095 2284
2511 2075
2666 2234
2252 2308
2278 2438
2109 2332
2506 2219
2613 2802
2370 2368
2616 2716
2455 2334
2538 3121
2242 2352
2679 2401
2919 2350
2682 2942
2619 2906
2353 2385
2710 2477
2254 2418
2297 2754
2334 2445
2299 2509
2117 2327
2210 2319
2930 2345
2601 3143
2534 3117
2257 2662
2612 3142
2795 2356
2089 2195
2296 2502
2493 2888
2557 3090
2786 3046
2865 2345
2651 2874
2376 2398
2573 2936
2571 2550
2490 2369
2023 2224
2107 2132
2644 2352
2677 3040
2265 2473
2412 2117
2334 2427
1981 2338
2763 2952
2697 2192
2518 2156
2366 2757
2885 2260
2463 2836
2680 3041
2692 2173
2047 2206
2547 3021
2332 2741
2085 2239
2428 2287
2544 2226
2665 2562
2680 2399
2521 3182
2578 2941
1945 2075
2592 3214
2566 3168
2684 2377
2430 3181
2255 2616
2945 2283
2575 2786
2011 2332
1934 2057
1970 2083
2241 2620
2660 2541
2299 2638
2034 2219
2508 2306
2614 2928
2521 3059
2018 2352
2542 3034
2613 2528
2666 2074
2336 2834
2236 2283
2330 2836
2700 2401
2696 2527
2574 2691
2067 2207
2534 2390
2585 2953
2657 2041
2252 2613
2603 2777
2650 3222
2411 2758
2756 2309
2253 2610
2643 1992
2573 2219
2699 2386
2239 2704
2120 2131
2434 2367
2459 2340
2538 2885
2567 2250
2543 3230
2029 2119
2606 2962
2445 3234
2445 2095
2463 2861
2475 2804
2163 2326
2623 2886
2663 2371
2423 3181
2459 2836
2100 2241
2549 3185
2067 2283
2463 2883
2898 2258
2232 2330
2270 2678
2616 2251
2528 2271
2509 3097
2277 2409
2453 2374
2246 2309
2273 2306
2480 3199
2791 3102
2804 2941
2431 3179
2641 2125
2371 2424
2242 2624
1950 2064
2352 2547
2325 2442
2715 3038
2827 2404
2243 2620
2264 2712
2243 2615
2647 2501
2925 2326
2521 2159
2560 2535
1973 2133
2681 2178
2883 2251
2502 2215
2714 2103
2089 2243
2550 3028
2275 2654
2696 2510
2284 2325
2600 3164
2410 2320
2707 2512
2587 3155
2644 2355
2594 2772
2592 2782
2505 3079
2347 2526
2622 2105
2826 2401
2553 2818
2248 2319
2718 2316
2147 2288
2489 2881
2666 2923
2625 2232
2223 2336
2668 2515
2401 2301
2644 2499
2415 3218
2079 2315
2662 3213
2572 2531
2129 2306
2501 2279
2744 2203
2716 2973
2087 2266
2106 2159
2091 2135
2721 2212
2285 2315
2724 3064
2503 3196
2540 3106
2704 2331
2238 2358
2788 2961
2695 2534
2644 2027
2499 2231
2213 2735
2482 2340
2136 2295
2644 2967
2581 2704
2682 2943
2671 2476
2114 2194
2427 2114
1951 2069
2688 2373
2393 2309
2704 2064
2241 2339
2333 2444
2085 2098
2707 2485
2598 2525
2313 2411
2661 2037
2325 2372
2687 2554
2444 3227
2470 2341
2855 2344
2734 2511
2015 2367
2550 2260
2112 2330
2656 2289
2926 2296
2272 2404
2202 2679
2704 2430
2285 2387
2671 2014
2923 2267
2081 2308
2424 3229
2248 2632
2141 2129
2654 2423
2226 2322
2574 2258
2504 2864
2274 2458
2090 2260
2578 3165
2053 2147
2790 3082
2552 3087
2262 2700
2540 2865
2612 2547
2606 2811
2808 3046
2273 2307
2579 2765
2470 2854
2418 2758
2889 2253
2708 2540
2369 2401
2911 2261
2857 2354
2608 2692
1949 2070
2759 2198
2008 2148
2175 2756
2572 3048
2155 2323
2099 2324
2681 2874
2672 2002
2537 3120
2368 2406
2089 2277
2414 2729
2273 2387
2726 2202
2542 3192
2699 3063
2636 3034
2743 2531
2359 2441
2673 2944
2279 2433
2652 2215
2428 2824
2607 2255
2415 2729
2451 2126
2374 2359
2711 2325
2645 3229
2467 2251
2271 2360
2627 2701
2669 2436
2026 2244
2108 2121
2586 2952
2493 2087
2479 2098
2427 3165
2390 2346
2644 2547
2669 2506
2360 2403
2096 2262
2710 2514
2498 3183
2797 3090
2569 2524
2083 2098
2715 2211
2651 2318
2519 3184
2651 2842
2248 2635
2743 2492
2034 2231
2321 2502
2621 2271
2230 2757
2423 2363
2204 2751
2655 2546
2654 2855
2255 2419
2324 2847
2837 2374
1986 2350
2580 2524
2229 2757
2371 2392
2219 2323
2322 2399
2666 2161
2541 2181
2746 2972
2445 2814
2682 3071
1965 2116
2652 2125
2706 2500
2088 2315
2293 2287
2248 2351
2742 2972
2338 2531
2263 2329
2448 2362
2068 2133
2486 2349
2563 3020
2572 2179
2285 2620
2114 2300
2601 2252
2882 2250
2905 2248
2460 2280
2668 2370
2650 2035
2194 2752
2537 2209
2174 2749
2290 2413
2537 3173
2708 2239
2455 3213
2104 2128
2493 2876
2465 2101
2378 2428
2617 2267
2656 2041
2543 2255
2134 2292
2591 2955
2583 2536
2634 2713
2634 2531
2137 2127
2017 2374
2578 2779
2462 2820
2790 2368
2598 2211
2825 2366
2279 2599
2433 2739
2431 2352
2703 3030
2549 2687
2750 2353
2673 2042
2757 2359
2520 3184
2639 2218
2585 2254
2101 2144
2633 2013
2588 2711
2011 2350
2536 3029
2416 2736
2669 2251
2116 2260
2676 2870
2221 2753
2488 2286
2389 2726
2264 2671
2408 2305
2487 3212
2774 3064
2434 2365
2369 2418
2183 2746
2661 1993
2532 3104
2630 2290
2574 3120
2682 2047
2066 2147
2761 2994
2605 2103
2708 2243
2340 2540
2681 2226
2371 2364
2737 2225
2339 2537
2961 2360
2667 1996
2417 2136
2286 2601
2471 2851
2316 2744
2274 2616
1996 2157
2571 2952
2150 2326
2666 2598
2247 2713
1955 2038
2409 2360
2696 2042
2770 2979
2556 3089
2685 2383
2373 2267
2583 3209
2274 2357
2407 2305
2084 2096
2537 3118
2266 2387
1986 2117
2233 2332
2684 2136
2309 2856
2576 2178
2363 2730
2014 2145
2668 2560
2791 2351
2016 2369
2505 2275
1974 2029
2432 2744
2507 2077
2610 3145
2273 2580
2435 2811
2711 2368
2087 2282
2682 2552
2672 3026
2089 2273
2246 2655
2669 2553
2787 3051
2657 2243
2748 2974
2321 2780
2287 2418
2252 2321
2356 2339
2645 3200
2378 2422
2453 2344
2119 2257
2298 2535
2266 2321
2694 2186
2697 2331
2806 2144
2732 2986
2161 2307
2119 2292
2103 2191
2486 2354
2384 2266
2786 2378
2637 2957
2570 2183
2268 2677
2675 2874
2570 2958
2771 2532
2114 2309
2704 2530
2234 2668
2667 2251
2387 2726
2380 2274
2872 2329
2267 2297
1960 2089
2720 2202
2574 2777
2287 2345
2575 3164
2606 2955
2424 2283
2229 2657
2568 3012
2456 2099
2705 2518
2712 2993
2487 2879
2570 2725
2651 3183
2631 2226
2501 3221
2453 2045
2627 2104
2614 3033
2486 2095
2466 2866
2637 2012
2647 2555
1981 2171
2670 2129
2627 2277
2581 2268
2307 2850
2320 2782
2574 2955
2262 2395
2321 2799
2430 2292
2336 2538
2324 2501
2034 2108
2775 2982
2619 2905
2664 2242
2915 2297
2602 2948
2262 2313
2769 2313
2430 2294
2539 3187
2687 2228
2384 2330
2910 2341
2315 2501
2372 2359
2698 2440
2308 2388
2444 2093
2199 2683
2492 2089
2083 2212
2419 2135
2276 2617
2405 2398
1953 2125
1920 2117
2361 2384
2451 2128
2526 2387
2091 2229
2700 2239
2562 2174
2265 2387
2357 2449
2559 3175
2274 2418
1926 2075
2629 1965
2673 2218
2229 2350
2637 1964
2101 2255
2933 2355
2305 2773
2371 2389
2239 2299
2650 1997
2039 2198
2659 3224
2739 2209
2462 3207
2662 3062
2627 2929
2235 2351
2356 2433
2028 2177
2116 2340
2472 2838
2169 2327
2247 2351
2541 3196
2443 2771
2615 2197
2077 2129
1989 2099
2006 2165
1978 2133
1953 2124
2216 2650
2475 2343
2262 2697
2292 2534
2129 2190
2266 2415
2906 2272
2560 3133
2425 2106
2494 2114
2380 2392
2013 2356
2544 2183
2055 2151
2106 2134
2685 2944
1965 2021
2579 2752
2101 2248
2513 3103
2267 2311
2626 2938
2591 2760
2528 2347
2499 2211
2659 2914
2541 3115
2573 2260
2802 3057
1951 2043
2639 2828
2132 2115
2795 3018
2801 2952
2671 2087
2090 2267
2023 2359
2903 2285
2579 2781
2482 2363
2795 2354
2313 2847
2809 2976
2552 3141
2634 2228
2840 2410
2664 2216
2670 2221
2063 2164
2680 2327
2294 2527
2689 3040
2390 2316
2049 2140
2569 2919
2120 2294
2463 3208
2580 2700
2270 2605
2617 2796
2712 2378
2253 2705
2672 2404
2784 3002
2483 3195
2364 2437
2660 3207
2114 2296
2652 2881
2233 2733
2373 2390
1979 2354
2649 1984
2670 2110
2247 2308
2709 2990
2223 2748
2436 2753
2571 3026
2835 2407
2426 2282
2449 2107
2034 2129
2519 3211
2798 2362
2497 2126
2106 2161
2823 2942
2700 2464
2450 2853
2803 3034
2877 2257
2227 2350
2454 2805
2511 2125
2900 2307
2624 2270
2542 2208
2446 2350
2568 2250
2515 3198
2155 2324
2511 3034
2569 3011
2494 3214
2515 3202
2245 2284
2789 2995
2514 3114
2251 2305
2363 2731
2674 2944
2147 2338
2642 3230
2697 2528
2651 1993
2703 2208
2490 2296
2592 3206
2398 2122
2247 2342
2785 2939
2374 2451
2686 2953
1956 2083
2867 2253
2133 2107
2626 3173
2528 2267
2784 3048
2346 2855
2456 2813
2202 2323
2631 2274
2557 3093
2591 2727
2614 2522
2413 2326
2451 2335
2664 2160
2539 3173
2199 2684
2661 2899
2574 3037
2544 2845
2091 2314
2500 2075
2438 3150
2522 3178
2646 2019
2115 2129
2822 2360
2642 3036
2108 2335
2441 2121
2799 2338
2757 2370
2499 3183
2385 2338
2079 2213
2518 3107
2720 2090
2497 3183
2604 2252
2038 2124
2573 2250
2534 2181
2559 3017
2668 2986
2799 3054
2423 2104
2660 1997
2576 2803
2629 3169
2599 2252
2548 2856
2616 2560
2515 2301
2699 2411
2705 2413
2419 2728
2279 2434
2786 3018
2011 2325
2892 2320
2200 2769
2800 2125
2785 2974
2915 2275
2611 3028
2556 2912
2830 2405
2206 2708
2557 3134
2699 2523
2532 2075
2507 2075
2037 2262
2488 2360
2388 2297
2807 3074
2485 2234
2566 3220
2835 2374
2654 2043
2652 3213
2254 2355
2618 2714
2500 2884
2674 2363
2390 2348
2123 2289
1925 2065
2734 2995
2115 2330
2452 2127
2299 2771
2613 2795
2277 2538
2625 1971
2677 2503
2841 2405
2423 3207
2445 2350
2371 2402
2538 3225
1987 2349
2676 2327
2064 2150
2499 2057
2514 2067
2473 2327
2598 2945
2275 2369
2463 2100
2428 3224
2434 3226
2517 2332
2684 2103
2200 2340
2487 2890
2482 2244
2650 3015
1955 2086
2691 2403
2815 2945
2665 2489
2456 3224
2126 2196
2637 2919
2476 3199
2686 2944
2543 3102
2472 2108
2312 2812
2752 2311
2587 3152
2459 3214
2523 2376
2916 2329
2555 3147
2106 2186
2669 2442
2519 2151
2336 2805
2498 3191
2404 2305
2367 2406
2021 2128
2690 2540
2409 2734
2246 2333
2273 2405
2537 3020
2429 2766
2507 2305
2448 2101
2455 2860
2470 2892
2434 2758
2521 2325
2599 2208
2555 3140
2252 2310
2576 2813
2290 2300
1985 2170
2246 2689
2521 3180
2789 3076
1966 2129
2298 2619
2604 3030
2529 2133
2025 2219
2034 2115
2589 2785
2715 2428
2767 2985
2532 2263
1929 2057
2681 2134
2727 2202
2049 2167
2528 2389
2524 2166
2027 2122
2525 2036
2107 2185
2343 2865
2676 2553
2790 2954
2789 3039
2481 2320
2129 2198
2796 3022
2636 2015
2327 2417
1969 2129
2209 2750
2700 2410
2157 2315
2675 2568
2772 3064
2450 2113
2342 2725
1942 2104
2063 2212
2794 2979
2496 2112
2149 2320
2658 2490
2233 2648
2710 2992
2626 2196
2603 2236
2554 3207
2924 2347
2454 2339
2085 2337
2634 2003
2873 2240
2554 2226
2654 3006
2566 2699
2505 3192
2625 3173
2666 2244
2573 2768
2689 3066
2295 2606
2560 2238
2643 2556
2105 2190
2596 3171
2674 2175
2338 2764
2629 3191
2636 1991
2660 2431
2723 3030
2414 3176
2467 2250
2284 2401
2263 2428
2563 2230
2591 2258
2554 3141
2848 2345
2577 2946
2533 3175
2655 2320
2475 2240
2582 2825
2273 2416
2243 2683
1914 2092
2263 2317
2764 2309
2307 2418
2769 2523
2316 2781
2458 2347
2159 2302
2082 2116
2662 2990
2545 3022
2525 3085
2139 2335
2314 2515
1981 2345
2443 2739
2201 2343
2388 2298
2323 2391
2538 2374
2266 2606
2129 2114
2388 2347
2574 2788
2674 2066
2526 2270
2259 2699
2341 2856
2625 2914
1963 2107
2646 3204
2321 2740
2581 2540
2788 2349
2100 2255
2140 2115
2483 2287
2789 2370
2701 2406
2678 2448
1923 2080
2690 2167
2232 2646
2734 2507
1971 2019
2251 2654
2785 2343
2706 2512
2684 2386
2087 2328
2665 2041
2618 3045
2370 2418
2361 2754
2653 2874
2577 2784
2669 2261
2737 2981
2288 2622
2643 1989
2623 3183
2775 2324
2741 3021
2410 2287
2445 2818
2280 2296
2382 2322
2613 2554
2737 3033
2477 2053
2671 2950
2456 3239
2024 2238
2177 2332
2308 2403
2755 2302
2670 2114
2630 2227
2696 2225
2089 2200
2742 3052
2069 2225
2033 2233
2674 2088
2763 2306
2075 2210
2479 3228
2131 2162
2874 2343
2309 2517
2262 2699
2514 2891
2563 2229
2447 2852
2536 2263
2659 2181
2643 3012
2638 2499
2241 2352
2323 2849
2367 2436
2879 2248
2519 3212
2580 2518
2548 3177
2824 2939
2261 2352
2459 3218
2579 2247
2610 2249
2521 3112
1984 2347
2315 2427
2019 2348
2483 2368
2378 2359
2672 2366
2270 2418
2773 2973
2317 2429
2585 2960
2714 2422
2260 2359
2715 2372
2454 2112
2499 2230
2715 2994
2590 2955
2614 2532
2526 2394
2029 2177
2434 2756
2608 2813
2476 2851
2314 2393
2466 2817
2748 3033
2075 2322
2857 2353
2724 2489
2759 2363
2407 2317
2445 2362
2423 2825
2523 2279
2386 2393
2289 2413
2496 2076
2143 2336
2590 2696
2408 2725
2273 2292
2462 2882
2223 2320
2649 2271
1951 2106
1998 2113
2278 2409
2712 2336
2742 3053
2237 2644
2453 2789
2575 3048
2711 3064
2233 2328
1939 2101
2664 2515
2267 2739
2905 2283
2580 2788
2100 2323
2177 2329
2085 2279
2253 2319
2423 2300
2372 2403
2319 2849
2561 3190
2434 2341
2954 2293
2517 3092
2239 2353
2561 3140
2691 2146
2633 2112
2689 2393
2623 2935
2859 2351
2357 2400
2941 2287
2732 3063
2487 2059
2658 2903
2569 3163
2603 2821
2698 2408
2265 2365
2692 2227
2577 3050
2761 2301
2371 2355
2332 2437
2378 2273
2606 3044
2504 2141
2602 3044
2701 2199
2263 2769
2570 2919
2498 2248
2780 2962
2417 3210
2178 2333
2101 2259
2654 2342
2682 2057
2691 3071
2575 2260
1986 2332
2266 2416
2537 2879
2223 2691
2644 2356
2334 2846
2189 2754
2559 3016
2724 2207
2241 2355
2273 2349
2413 2145
2539 3018
2405 2295
2675 2957
2375 2376
2532 3175
2031 2253
2521 2321
2509 3197
2332 2440
2276 2511
1981 2117
2673 1999
1941 2124
2588 2258
2536 2223
2529 3079
2415 2135
1950 2110
2657 2286
2122 2134
2402 2757
2103 2189
2682 2453
2597 2203
2545 2836
2558 2536
2108 2128
2766 2994
2531 3033
2918 2277
2539 2872
2096 2201
2433 2833
2423 2830
2294 2278
2525 2226
2214 2666
2661 2293
2497 2248
2466 2296
2633 2914
2248 2638
2196 2336
2568 3131
2713 2348
2749 3008
2617 2197
2197 2320
2611 3055
2491 2302
2588 2263
2439 2336
2710 2044
2731 2207
2435 2830
2350 2346
2250 2721
2690 2349
2002 2161
2524 3048
2677 2219
2024 2221
2630 2825
2812 2938
2471 2295
2627 2940
2717 2991
2101 2281
2263 2595
2344 2395
2353 2737
2262 2597
2271 2293
2065 2159
1971 2118
2157 2317
2896 2264
2569 2188
2734 2224
2330 2553
2098 2348
2696 2949
2571 2778
2660 2912
2668 2475
2532 2135
2305 2759
2286 2419
2704 2171
2485 2354
2296 2508
2716 2345
2104 2168
2581 2255
2915 2338
2499 2280
2584 2956
2282 2441
2466 2248
2942 2298
2652 3212
2743 3016
2585 2522
2522 3053
2413 3180
2705 2540
2704 2450
2829 2376
2575 2746
2864 2252
2449 2825
1949 2050
2067 2280
2186 2758
2263 2327
2350 2530
2397 2310
2565 3011
2489 2284
2398 2729
2592 2274
2750 2311
2308 2419
2017 2213
2712 2474
2445 2293
2805 2142
2960 2302
2535 3113
2707 2494
2021 2373
2347 2399
2924 2290
2588 2799
2695 2532
2104 2340
2786 2343
2566 3101
2068 2137
1914 2093
2016 2138
2027 2373
2751 2308
2894 2298
2355 2429
2076 2315
2175 2755
2596 2205
2037 2261
2620 2199
2559 3171
2481 2885
2582 2814
2555 3130
2613 2550
2683 2057
2685 2453
2578 2946
2698 2196
2185 2334
2403 2751
2696 3062
2891 2258
2137 2292
2798 2342
2277 2427
2146 2288
2524 2156
2331 2552
2456 2836
2320 2504
2553 2870
2557 3010
2583 2535
2777 2979
2028 2237
2134 2158
2787 2991
2067 2124
2418 3184
2575 3130
2637 2032
2806 2947
2091 2239
2800 2122
2671 2072
2600 3044
2581 2705
2532 3071
2217 2307
2431 2766
2706 2105
2551 2180
2798 2359
2600 2695
2662 2486
2702 2217
2289 2491
2646 3215
2321 2750
2162 2310
2840 2353
2060 2210
2787 2981
2152 2308
2247 2310
2441 2786
2178 2339
2771 2365
2446 2111
1962 2109
2484 3202
2478 2847
2009 2332
2386 2263
2642 3047
2732 2987
2587 2266
2038 2216
2554 3209
2777 2337
2767 2361
2925 2281
2527 2273
2529 3068
2670 2505
2574 2926
2708 2962
2737 2223
2864 2343
2479 3225
2670 3045
2684 2342
2676 2572
2384 2321
2513 2143
2622 2864
2151 2290
2734 3059
2325 2506
2703 2183
2277 2604
2456 2087
2128 2303
2264 2719
2682 2551
2424 2752
2474 2110
2687 2369
2648 2233
2647 1981
2353 2382
2600 2781
2506 2872
2527 2373
2481 2361
2553 3143
2290 2624
2523 2274
2719 2360
2557 2537
2684 2345
2672 2235
2032 2128
2651 2851
2498 2214
2626 2901
2669 2463
2145 2320
2269 2343
2580 3035
2097 2133
2347 2796
2615 3041
2500 2099
1976 2010
2495 2871
1927 2065
2516 3104
1985 2097
2303 2767
2337 2449
2288 2861
2412 2295
2031 2280
2485 2104
2684 2955
2678 2219
2611 3047
2520 2275
2596 2214
2295 2635
2295 2598
2731 2292
2504 3228
2759 2203
2650 3013
2615 2822
2078 2128
2005 2168
1949 2101
2085 2110
2577 2268
2579 2975
2426 2352
2614 2805
2832 2382
2651 2540
2107 2349
2658 2364
2529 2378
2783 3065
2283 2624
2373 2421
2682 2344
2617 2706
2605 3159
2091 2201
2464 2299
2582 2528
2282 2590
2034 2230
2689 2412
2684 2392
2275 2515
2127 2126
2708 2504
2509 2370
2275 2513
2526 2907
2121 2153
2743 2509
2643 2121
2691 2449
2535 3038
2047 2210
2541 3195
1960 2113
2741 2512
2635 2856
2787 2998
2816 2944
2439 2823
2031 2098
2664 2041
2503 2362
2246 2715
2678 2565
2321 2386
2710 3036
2026 2109
2723 2310
2085 2307
2645 2271
2689 2230
2102 2273
2585 2256
2269 2562
2485 2317
2292 2851
2110 2168
2649 3065
2495 2883
2111 2176
2449 2338
2462 2082
2451 2852
2637 3190
2635 1996
2284 2859
2406 2119
2423 3185
2628 2211
2146 2317
2260 2361
2588 3154
2940 2290
2271 2431
2429 2349
2736 2977
2197 2322
2217 2746
2351 2334
2420 2835
2175 2749
2724 2222
2515 2156
2235 2666
2130 2115
2130 2198
2708 2309
2027 2291
2613 2233
2682 2168
2474 2239
2405 2718
2099 2179
2088 2224
2789 2333
2038 2276
2601 3027
2686 2048
2627 3062
2312 2425
2537 3105
2508 2125
2261 2306
2249 2330
2268 2562
2229 2697
2335 2377
2016 2162
2686 2166
2652 2904
2159 2303
2207 2664
2495 2108
2326 2835
2461 2881
2820 2360
2469 2246
2568 3149
2435 3154
2304 2605
2242 2733
2102 2144
2508 2327
2601 3049
2071 2124
2237 2643
2243 2684
2849 2353
2264 2732
2731 2224
2660 2421
2426 2285
2514 3192
1962 2117
2277 2553
2647 2242
2570 2692
2546 3176
2640 2112
2479 2326
2518 2152
2715 3020
2615 2818
2024 2353
2517 2280
2550 2192
2258 2595
2508 2861
2634 2872
2447 2815
2651 2423
2460 2279
2575 2251
2500 3196
1962 2072
2782 2373
2426 2125
2020 2310
2264 2322
2569 3024
2703 2536
2677 2087
2808 2972
2296 2626
2294 2741
2609 2700
1920 2102
2518 2311
2523 3076
2586 2704
2486 2368
1989 2105
2650 2887
1992 2169
2208 2687
2644 1980
2265 2492
2522 2359
2842 2330
2488 2880
2284 2548
2888 2285
2451 3214
2795 2344
2421 2114
1937 2054
2275 2599
2276 2518
2235 2672
2557 2811
2419 2279
2643 2557
2592 3160
2230 2649
2573 3148
2665 2959
2615 2558
2543 2851
2327 2747
2117 2243
2621 2888
2413 2718
2463 2300
2642 2547
2370 2445
2351 2400
2451 2046
2147 2337
2278 2579
2758 2199
2340 2439
2507 2315
2654 2327
2684 2044
2270 2684
2419 2112
2671 2077
2644 1987
2105 2160
2476 2329
2666 2961
2641 2120
2007 2329
2798 3029
2088 2274
2006 2329
2680 2134
2079 2224
2539 3019
2525 2077
2909 2256
2631 2287
2548 2827
2452 2292
2745 2515
2477 2092
2606 2237
2688 2321
2254 2704
1962 2116
2620 2269
2278 2859
2320 2756
2220 2306
2694 2396
2511 2083
2296 2528
2453 3240
2357 2747
2198 2679
2603 3168
2513 2300
2774 2962
2561 3218
2546 2202
2288 2396
2526 2182
2614 2204
2358 2753
2668 2539
2238 2677
2540 3220
2197 2321
2593 2768
2570 3113
2560 3182
2741 3005
2869 2337
2131 2154
2236 2686
2585 2947
2677 2253
2728 2995
2436 3173
2728 2289
2830 2392
2276 2584
2454 3224
2128 2150
1937 2050
2966 2295
2294 2528
2232 2354
2154 2280
2662 2366
2677 2365
2726 2299
2847 2346
2783 2969
2646 2129
2364 2728
2344 2802
2624 2886
1993 2117
2517 3104
2584 2539
2739 2998
2639 2011
2608 2815
2562 3160
2721 3061
2392 2391
2792 3097
2641 2868
2791 2964
2070 2224
2675 2091
2690 2323
2321 2830
2260 2392
2414 2765
2493 2359
2304 2785
2643 3015
2716 2309
2167 2289
2208 2656
2656 3020
2540 2264
2604 2957
2580 2817
2544 2869
1968 2107
2708 2357
2422 3200
2058 2209
2264 2750
2706 2209
2540 2841
2581 2701
1984 2120
2802 2952
2681 3073
2413 3213
2638 3191
2304 2603
2323 2439
2078 2219
2791 2957
2115 2306
1997 2106
2267 2745
2703 2185
2036 2118
2284 2483
2433 2341
2309 2518
2284 2324
1971 2016
2563 3158
2259 2396
2701 2201
2767 2992
2684 2331
2575 2246
2582 2216
2462 2113
2548 3206
2564 3209
2570 2800
2112 2243
2528 3122
2747 2524
2484 2105
2491 2373
2488 2241
2247 2338
2650 2888
2131 2131
2569 3209
2413 2764
2432 2299
2356 2357
2436 2834
2415 2733
2756 2201
2605 2544
2085 2238
2506 3114
2289 2493
2894 2313
2570 2959
2545 2832
1999 2148
2602 2543
2574 2223
2540 2877
2772 2074
2673 3033
2573 2258
2233 2289
2553 2825
2352 2555
2671 2553
2538 3196
2668 2953
2174 2747
2782 2968
2526 2213
2541 3200
2735 3071
2386 2297
2671 2549
2285 2596
2590 3153
2451 2113
2645 2361
2233 2337
2507 2227
2634 3018
2051 2147
2730 2994
2728 2295
2464 2889
2512 2893
2708 2106
1943 2070
2729 2490
2265 2746
2016 2362
2697 2046
2264 2616
2675 2217
2726 3038
2152 2307
2456 2814
2395 2287
2638 2871
2657 2913
2745 3020
2318 2426
2381 2393
2517 3187
2692 2441
2723 2222
2601 3037
2712 2970
1999 2123
2706 2489
2452 2351
2639 2220
2573 3169
2687 2952
2794 2391
2540 3173
2516 3111
2902 2282
2336 2535
2343 2542
2644 2018
2369 2389
2791 2366
2618 2807
2020 2361
2584 3153
2015 2230
2663 3207
2588 2953
2045 2207
2506 2323
2468 2100
2930 2348
2576 2953
2654 2967
2275 2496
2525 2906
2011 2148
2496 3211
2142 2124
2723 2281
2580 2525
2031 2178
2742 3023
2217 2325
2626 2249
2097 2198
2588 2790
2753 2200
2520 2328
2498 2095
2952 2357
2473 2831
2436 2778
2704 2066
2117 2294
2251 2759
2718 3034
2574 3036
2270 2478
2713 2325
2694 2536
2720 3001
2505 3210
2655 3212
2242 2686
2640 2538
2014 2129
2386 2420
2224 2314
2717 3033
2499 2051
2357 2402
2511 3058
2682 2019
2276 2682
2571 2683
2195 2322
2450 3232
2703 2321
2701 2403
1948 2045
2499 2279
2390 2401
2654 2857
2534 3226
2662 2033
2462 2040
2021 2132
2120 2151
2190 2332
2426 2127
2404 2306
1957 2026
2791 2397
2573 2738
2096 2285
2510 2324
2680 2058
2002 2150
2154 2302
2323 2441
2806 3096
2348 2401
2450 2362
2714 3034
2207 2656
2724 2206
1975 2100
2683 2135
2644 2128
2321 2399
2904 2272
2495 2362
2017 2127
2744 2292
2408 2735
2746 2973
2480 2093
2714 2215
2070 2150
2401 2116
2441 2782
2523 3065
2841 2330
2632 2023
2440 2743
2662 2370
2717 2369
2481 2815
2625 2910
2145 2127
1951 2114
2743 2512
2610 3147
2617 2892
2243 2647
2176 2758
2123 2198
2577 3013
2485 2318
1977 2183
2474 2243
2681 2081
2420 3194
2766 2984
2400 2400
2643 2277
2914 2318
2740 3075
2570 2689
2410 2354
2689 2319
2227 2706
2556 3234
2526 2369
2379 2277
2786 2975
2622 2555
2633 2508
2240 2613
2523 2358
2627 2251
2039 2247
2622 2826
2665 2255
2579 3184
2272 2303
2573 2739
2114 2167
2765 2980
2180 2332
2743 2976
2110 2302
2726 2485
2578 2803
2695 2502
2763 2959
1950 2072
2587 3147
2443 2097
2692 2339
2232 2705
2506 2869
2641 2238
2276 2430
2518 2273
2435 2763
2628 2860
2614 2706
1947 2052
2401 2397
2688 2330
2683 2134
2529 2219
2435 3174
2566 2535
2463 2842
2404 2307
2542 3184
2476 2840
2610 2816
2167 2322
2372 2391
2283 2742
2492 2074
2666 2989
2558 3160
1974 2031
2453 3226
2261 2427
2446 2332
2442 2116
2803 2954
2316 2827
2639 2831
2083 2225
2436 2108
2006 2343
2674 2539
2634 2032
2695 2444
2284 2581
2555 3118
2704 2173
2473 2824
2669 2550
2651 3224
2892 2315
2789 2990
2786 2351
2293 2284
2639 2860
2795 3028
2225 2345
2445 2323
2882 2253
2768 2363
2126 2237
2098 2185
2203 2323
2483 2049
2309 2536
2266 2445
2455 2332
2080 2305
2655 1986
2675 2016
2630 2502
2264 2424
2713 2349
2450 3238
2690 2362
2261 2751
2179 2333
2056 2215
2443 3233
2284 2319
1948 2109
2963 2361
2744 3013
2564 3199
2909 2317
2728 2226
1964 2072
2611 2932
2721 2489
2268 2329
2495 2364
2670 2912
2874 2345
1987 2170
2632 3031
2105 2127
2934 2279
2546 2201
2342 2377
2329 2809
2663 2404
2303 2503
2671 2456
2940 2320
2267 2726
2270 2578
2179 2749
2018 2350
2457 2343
2776 2980
2580 2539
2265 2721
2557 3091
2569 3187
2209 2685
2668 2580
2652 2889
2645 1979
2552 3020
2682 2123
2292 2410
2535 3185
2102 2283
2540 3198
2795 2949
2633 2224
2722 2317
2909 2329
2258 2366
2278 2447
2479 2842
2699 2194
2397 2400
2321 2802
2585 2733
2560 3153
2702 2174
2566 2680
2507 2226
2561 3019
2809 2361
2652 3223
2776 2965
2545 2182
2711 2510
2700 2466
2595 2814
2522 3046
2215 2660
2701 2223
2494 2294
2034 2279
2761 2310
2583 3206
2265 2713
2643 2357
2488 2225
2431 3186
2550 3021
2326 2423
2744 2531
2523 2214
2338 2429
2786 2371
2442 2102
2118 2261
2208 2655
2459 2077
2658 3054
2601 2697
2004 2164
2452 2339
2319 2745
2694 2609
2316 2372
2268 2299
2884 2300
2629 3198
2267 2306
2793 2397
2632 2993
2799 3056
2618 2550
2580 2542
2475 3222
2803 2953
2940 2322
2528 3187
2309 2836
2453 2803
2832 2404
2208 2688
2060 2151
1952 2088
2543 2219
2268 2499
2654 3016
2030 2310
2286 2862
2695 2439
2736 2297
2564 2540
2420 3193
2669 2172
2758 2200
2825 2373
2532 2190
2271 2306
2275 2518
2310 2524
2074 2290
2452 2783
2505 2138
2309 2537
2712 2476
2106 2332
2852 2353
2409 2363
2300 2773
2266 2355
2638 3184
2679 3032
2416 2123
2285 2298
2417 2740
2631 2112
2669 2505
2776 2995
1951 2111
2846 2346
2279 2382
2675 2254
2776 2369
2498 2243
2906 2290
2561 2181
2702 2466
2670 3042
2577 2781
2029 2099
2539 2874
2832 2370
2258 2607
2683 2324
2677 2938
2355 2380
2417 3183
2613 2695
2627 3193
2518 3042
2285 2601
2466 2842
2658 2041
2670 2510
2051 2149
2499 2318
2095 2311
2531 2384
2452 2854
2008 2312
2677 2090
2533 3103
2452 2340
2256 2618
2269 2745
2592 3044
2216 2684
2708 2488
2136 2126
2636 2542
2405 2395
2286 2864
2092 2137
2200 2687
2184 2336
2641 3047
2416 2332
2656 2850
2674 2593
2750 3059
2642 2917
2712 3058
2650 2261
2466 2100
2690 2532
2631 3009
2584 2256
2446 2292
2769 2528
2613 2705
2929 2304
2243 2691
2115 2293
2521 2295
2499 2884
2497 2103
2639 2983
2663 2367
2666 2362
2700 2467
2674 2519
2808 2361
2114 2148
2453 2804
2287 2350
2643 2542
1984 2334
2311 2783
2538 3220
2366 2269
2673 2504
2248 2334
2315 2827
2302 2758
2241 2619
2245 2698
2061 2212
2023 2300
2228 2343
2644 2503
2649 1989
2633 2712
2377 2277
2084 2225
2106 2168
2306 2509
2658 2895
2635 1965
1945 2052
2457 2091
2512 2303
2775 2056
2577 3152
2423 3227
2509 2365
2252 2323
2208 2750
2715 3026
2680 2498
1998 2334
1995 2339
1958 2027
2561 2251
2544 2214
2071 2165
2048 2214
2614 3162
2235 2719
2524 2356
2872 2324
2565 3219
2568 2225
2588 3152
1916 2076
2459 3212
2372 2431
2822 2359
1962 2069
2451 2129
2630 3169
2037 2193
2498 2137
2576 2202
2145 2287
2237 2719
2339 2439
2645 3060
2788 2986
2409 2722
2238 2614
2416 2117
2281 2617
2247 2355
2866 2250
2346 2752
2493 2102
2653 2025
2329 2838
2363 2440
2551 3183
2125 2135
2698 2186
2163 2302
2026 2127
2712 2419
2249 2628
2446 2334
2665 2433
2384 2348
2678 3029
2224 2337
2667 2587
2212 2700
2336 2527
2567 2222
2953 2290
2742 3024
2644 3064
2244 2632
2431 2291
2556 3015
2444 2803
2622 2232
2117 2260
2455 3238
2472 2887
2715 2489
2028 2225
2202 2682
2474 2887
2027 2247
2477 2313
2282 2500
2613 3025
2946 2284
2404 2348
2419 3195
2211 2310
2639 2276
2927 2267
2053 2198
2699 2423
2708 2499
2310 2757
2500 2242
2313 2852
2404 2768
2573 2929
2938 2310
2014 2167
2301 2494
2267 2621
2509 3055
2321 2754
2511 2329
2414 2293
2117 2130
2695 2355
2789 2369
2625 2201
2905 2342
2709 2372
2636 2217
2427 3157
2626 2211
2620 2715
2690 2231
2397 2728
2679 3036
2530 2884
2102 2282
2267 2666
2347 2798
2913 2349
2217 2745
2712 2376
2526 2220
2295 2602
2492 2306
2804 3089
2304 2385
2013 2166
2800 3038
2401 2115
2137 2123
2121 2198
2355 2735
2585 2967
2243 2335
2823 2371
2500 3185
2529 2901
2409 2316
2356 2443
2623 1969
2425 2365
2863 2341
2930 2326
2075 2162
2647 2237
2036 2128
2702 2459
2324 2415
2388 2280
2645 2290
2357 2378
2748 2345
2497 3189
2151 2333
2270 2607
2777 2959
2281 2497
2549 2823
2640 2924
2640 2860
2480 2364
2277 2497
2597 2198
2399 2119
1976 2125
2571 3050
2576 3145
2640 2039
2451 2094
2632 2913
2038 2188
2668 2579
2506 2888
2702 2233
2802 3026
2708 2356
2578 2781
2924 2275
2102 2277
2794 2971
2221 2320
2869 2330
2553 3008
2577 3154
2358 2344
2275 2602
2438 2782
2802 3025
2899 2258
2786 3020
2635 2114
2706 2044
2762 2301
2256 2308
2900 2250
2327 2410
2297 2607
2597 2524
2667 2980
2299 2529
2768 2961
2025 2131
1951 2098
2780 3075
2581 2213
2665 2488
2088 2203
1974 2025
2125 2295
2574 3145
2231 2315
2742 3016
2658 2175
2686 2395
2658 2430
2631 2704
1960 2031
2550 3131
2115 2299
2029 2127
2704 2451
2636 2526
2234 2714
2963 2359
2408 2355
2665 2039
2266 2361
2038 2253
2235 2736
2593 3158
1953 2067
2936 2310
2385 2395
2647 1989
2236 2614
2518 2896
2283 2496
2581 2785
2486 2878
2064 2143
2750 2352
2925 2296
2547 2201
2643 3058
2431 3156
2699 3066
1978 2346
2924 2346
2074 2318
2243 2329
2281 2622
2268 2337
2516 2271
2460 2081
2354 2740
2694 2189
2335 2424
2257 2500
1952 2041
2449 2093
2239 2620
2344 2758
2477 2051
2425 3180
2611 2525
2428 2733
2424 3228
2090 2224
2090 2195
2565 3022
2692 2144
2519 3080
2607 2953
2952 2365
2370 2427
2503 3217
2763 2372
2610 2545
2276 2558
2553 3228
2529 2881
2659 2327
2634 3064
1954 2090
2671 2595
2703 2388
2322 2836
2538 3018
2419 2363
2660 2492
2535 2187
2216 2687
1959 2026
2334 2863
2542 2841
2114 2238
2652 2293
2904 2290
2370 2359
2662 3063
2630 2706
2649 2177
2590 2756
2509 2232
2072 2228
2526 2037
2810 3102
2423 3216
2662 2278
2128 2301
2652 3216
2746 2518
2300 2496
2348 2732
2018 2169
2440 2303
2658 2897
2294 2609
2262 2488
2672 2367
2492 2291
2436 3223
2606 2956
2338 2378
2948 2349
2680 3071
2285 2863
2628 3039
2119 2261
1952 2097
2699 2422
2470 2837
2554 3126
2354 2750
2607 2951
2582 2768
2702 2106
2409 2319
2634 3190
2362 2379
2122 2152
2110 2127
2573 3160
2196 2339
2149 2295
2400 2730
2510 2226
2675 3025
2526 2392
2566 3093
2503 3097
2700 2426
1997 2110
2467 2838
2391 2124
2516 3040
2582 2257
2246 2341
2387 2279
2662 2128
2267 2354
2308 2530
2724 2219
2098 2234
2689 2345
2432 2767
2546 3020
2843 2354
2679 2166
2360 2379
2572 2532
2652 2296
2526 2373
2660 3209
2504 3085
2273 2578
2628 2707
2671 2546
2021 2316
2548 3036
2798 2396
2551 2819
2196 2762
2754 2206
2594 2718
1964 2032
2272 2355
2292 2392
2677 3023
2344 2339
2069 2286
2458 2812
2642 2022
2613 3177
2407 2354
2678 3037
2383 2422
2030 2111
2429 2737
2908 2309
2416 2291
2454 2784
2677 2540
2712 2488
2376 2271
2789 2978
2645 2499
2243 2624
2662 2319
2358 2554
2709 2386
2281 2559
2415 2120
2627 2906
2343 2852
2280 2628
2595 2706
2544 3035
2574 2735
2800 3056
2025 2295
2293 2602
2515 2042
2655 2339
2480 2227
2307 2758
2674 2457
2153 2285
2559 3200
2546 2826
1924 2090
2730 2512
2476 3226
2664 2862
2698 2193
2405 2717
2697 2940
2256 2644
2587 3148
2636 2827
2701 2457
2491 2367
2456 2115
2578 2728
2751 3059
2736 3038
2789 2376
2691 2147
2113 2165
2585 3042
2651 2543
2263 2333
2357 2399
2502 3228
2275 2520
2027 2245
2102 2272
2347 2716
2699 2045
1978 2135
2469 2310
2276 2379
2789 2976
2667 2256
2705 2948
2579 3214
2427 3161
2907 2259
2638 2236
1978 2348
2568 2517
2687 2449
2520 2209
2772 2078
2528 2356
2608 3032
2444 2326
2275 2511
2540 3228
1978 2115
2420 2120
2703 3033
2059 2128
2696 3045
2662 2304
2671 2015
2513 2046
2146 2126
2764 2988
2687 2130
2534 2263
2476 2296
2687 2333
2512 2209
2828 2395
2304 2758
2633 2014
2280 2385
2538 2193
2510 2863
2122 2290
2509 2229
2951 2354
2651 3218
2610 2204
2082 2306
2524 2078
2001 2362
2352 2724
2489 3203
2636 2957
2308 2818
2371 2444
2914 2319
2030 2099
2279 2509
2448 2292
2714 2418
2438 2345
2286 2536
2545 3014
2417 3185
2670 2248
2172 2330
2622 2194
2540 3183
2503 2319
2383 2274
2607 2104
2676 3027
2358 2359
2023 2222
2353 2740
2034 2276
2616 2254
2519 2227
2181 2320
2304 2821
2468 2249
2773 2325
2579 2817
2175 2748
2470 2343
2608 3151
2368 2376
2305 2501
2317 2426
2649 2027
2814 2945
2733 2204
2305 2777
2553 3086
2652 2035
2556 2228
2922 2288
2663 2580
2090 2306
2521 2897
2670 2571
2531 3039
2350 2339
2663 2007
2670 2396
2264 2756
2673 2107
2777 2961
1995 2116
2890 2289
2290 2734
2709 3080
2764 2064
2940 2307
2498 2229
2709 2967
2489 2346
2564 2245
2653 2290
2442 2774
2653 2504
1985 2344
2267 2396
2099 2129
2584 2754
2138 2334
2787 2368
2733 3048
2640 2115
2467 2860
2668 2257
2712 3059
2703 2322
2584 2791
2401 2345
2541 3095
1994 2149
2291 2317
2596 3211
2710 2217
2554 2254
2593 3043
2095 2140
2641 2239
2430 3184
2305 2851
2770 2069
2653 3226
2679 2102
2669 2560
2289 2286
2288 2846
2917 2269
2661 2002
2398 2755
2666 2004
2672 2038
2661 3047
2799 3034
2637 2014
2083 2324
2956 2361
2645 2283
2640 2987
2105 2278
2334 2751
2224 2328
2199 2317
2290 2417
2710 2312
2692 2367
2019 2121
2425 3217
2619 2826
2237 2654
2504 3215
2442 2804
2371 2376
2571 2796
2427 3169
2536 3030
2704 3074
2519 2918
2713 3035
2795 2343
2404 2759
2625 3181
2419 3187
2754 2358
2487 2368
2280 2736
2578 3214
2532 2192
2697 2472
2272 2482
2925 2293
2432 3213
2910 2317
2103 2174
2332 2527
2706 2517
2431 2350
2371 2756
2371 2418
2576 3214
2703 2244
2266 2602
2438 2363
2631 2276
2762 2990
2336 2542
2105 2146
2680 2057
2541 2226
2699 2446
1959 2109
2678 2876
2626 2104
2764 2993
2658 2214
2312 2408
2526 3006
2789 2957
2716 3026
2092 2266
2237 2314
2671 2946
2641 3030
2670 2501
2628 2521
2264 2717
2906 2292
2229 2351
2548 3027
2421 2121
2419 2125
2571 3139
2792 3099
2559 3024
2308 2527
2659 2339
2336 2532
2787 2385
2498 2209
2276 2349
2231 2745
2035 2217
2756 2995
2673 2068
2258 2483
2678 2062
2698 3066
2260 2607
2964 2296
2263 2755
2411 3181
2476 2832
2911 2268
2305 2387
2769 2981
2714 2321
2715 2447
2664 2476
2402 2343
2362 2754
2635 2001
2515 2890
2539 3196
2019 2301
2472 3206
2490 2096
2699 2393
2268 2754
2146 2343
2605 2200
2129 2189
2684 2023
2671 2444
2324 2544
2930 2347
2445 2294
2439 2344
2490 2292
2923 2284
2266 2753
2217 2324
2343 2435
2631 2114
2261 2650
2711 2427
2401 2729
2267 2319
2660 2338
2442 2367
2729 2998
2083 2328
2914 2345
2260 2479
2420 2122
2033 2178
2662 2002
2762 2952
2666 2986
2513 2126
2331 2551
2441 2370
2691 2333
2406 2392
2582 2738
2891 2321
2855 2351
2320 2406
2524 2378
2657 2262
1935 2057
2251 2751
2576 2519
2166 2328
2628 2939
2281 2578
2397 2105
2672 2543
2670 2516
2444 2831
2528 2906
1950 2052
2515 2043
2585 2538
2076 2313
2678 2452
2340 2726
2538 2878
2385 2418
2531 3074
2027 2176
2671 2230
2526 2176
2027 2235
2282 2439
2411 2296
2925 2267
2430 3165
2705 2226
2590 2704
2320 2379
2674 2099
2244 2696
2064 2126
2202 2312
2271 2352
2329 2530
2632 2527
2382 2278
2538 2877
2419 2373
2946 2362
2401 2406
2140 2125
2145 2284
2644 3181
2288 2297
2237 2685
2317 2379
2504 3087
2426 2304
2637 1989
2549 3026
1934 2061
2892 2282
2321 2868
2703 2455
1976 2165
2006 2170
2658 2914
2689 2392
2643 2242
2457 2329
2729 2486
2027 2308
2455 3211
2494 2237
2460 2300
2442 2356
2252 2751
2644 2030
2379 2730
2574 3050
2073 2218
2513 2320
2510 2223
2719 3032
2692 3063
2474 2240
2430 3186
2341 2862
2633 2287
2483 3201
2540 3013
2121 2330
2555 3019
2576 2919
2402 2302
2355 2395
2366 2391
2509 2886
2026 2353
2342 2724
2112 2288
2676 2001
2280 2433
1923 2076
2770 2072
2270 2297
2276 2550
2480 2107
2715 3033
2329 2503
2533 3224
2083 2301
2392 2297
2560 3152
2420 2832
2577 3014
2831 2393
2442 2115
2620 2827
2396 2126
2018 2351
2577 3030
2589 2754
2300 2384
2388 2311
2285 2860
2464 2861
2036 2265
2031 2128
2296 2509
2475 2829
2708 2363
1978 2119
2809 3074
2528 3118
2097 2126
2355 2435
2433 3216
2588 2748
2664 2306
2344 2389
2412 2286
2629 1980
1974 2015
2226 2694
2709 2484
2431 2120
2538 3074
2582 2534
2083 2276
2572 2245
2329 518
2558 3177
2893 2282
2560 3155
2525 2375
1981 2113
2100 2248
2267 2607
2287 2399
2180 2338
2349 2526
2477 2333
2655 2263
2319 2796
2115 2339
2309 2748
2591 2698
2489 2347
2516 2130
2714 2319
2570 3147
2781 2306
2491 3098
2653 2005
2226 2748
2320 2853
2248 2659
2327 2857
2534 2368
2502 2130
1977 2118
2444 3235
2640 3189
2562 2255
2479 3227
2629 3170
2569 2805
2389 2723
2356 2355
2497 3089
2758 2512
2722 2313
2554 3031
2382 2397
2348 2855
2030 2123
2439 2825
2109 2137
2137 2294
2674 2226
2667 2869
2298 2851
2576 2918
2637 2940
2527 2318
2643 2499
2703 2314
2262 2365
2286 2742
2052 2147
2296 2510
2920 2286
2024 2283
2296 2621
2275 2575
2000 2334
2712 2977
1943 2053
2521 3046
2521 2274
2780 2341
2312 2415
2037 2231
2679 2391
2902 2268
2582 2695
2454 2047
2671 2520
2431 2114
1915 2091
1997 2347
2242 2287
2554 2259
2358 2343
2615 2945
2278 2736
2428 3184
1956 2035
2339 2864
2805 3045
2514 2157
2484 3199
2562 3170
2847 2362
2511 3088
2648 2994
2617 3175
2030 2115
2205 2692
2675 3039
2317 2394
2249 2646
2469 2106
2427 2735
2300 2495
2249 2337
2192 2335
2845 2361
2671 2562
2658 2337
2735 3070
2701 2059
2238 2299
2491 2088
2486 2350
2072 2219
2615 2105
2534 3225
2263 2615
2797 3033
2653 2036
2884 2327
2631 1981
2624 2710
2314 2390
2274 2605
2515 2066
2311 2409
2598 2943
2669 2076
2628 2941
2725 3001
2340 2395
2502 2116
2765 2302
2645 3064
2671 2393
2125 2199
2437 2773
2433 2363
2644 2871
2030 2249
2756 3065
1950 2045
2690 2448
2589 2826
2534 2224
2232 2332
2788 2383
1973 2019
2532 2077
2658 2329
2467 2867
2512 2368
2538 2226
2396 2119
2910 2256
2147 2281
2279 2493
2667 2173
2256 2366
2546 3188
2457 2808
2864 2347
2093 2202
2644 2116
2668 3046
2264 2436
2666 2597
2331 2419
2682 2366
2575 2745
2364 2725
2500 2276
2558 3147
2280 2619
2651 2129
2571 3117
2925 2294
2718 3030
2368 2725
2719 2317
2317 2513
2777 2964
2107 2173
2296 2628
2674 3025
2043 2197
2542 3188
2578 2822
2277 2440
2732 3024
2852 2341
2039 2265
2178 2338
2432 2349
2322 2753
2354 2413
2641 2269
2250 2352
2131 2300
2556 2225
2656 2997
2638 3192
2558 2678
2798 3101
2566 2248
2856 2349
2259 2617
2667 2585
2713 2324
2624 2890
1938 2125
2303 2782
2782 3050
2577 2765
2747 3007
2420 2753
2667 2236
2523 3058
2697 3064
2375 2269
2634 2711
2561 2201
2347 2730
2545 2848
2952 2366
2465 3206
2507 2059
2534 3112
2452 2302
2604 2261
1976 2353
2857 2358
2267 2665
2169 2316
2641 3194
2659 2993
2657 2853
2450 3202
2320 2832
2162 2309
2691 2504
2648 2132
2705 2972
2679 2557
2622 2797
2704 3031
2267 2731
2669 2074
2324 2374
2483 2076
2712 2508
1996 2154
2517 2150
2230 2759
2919 2269
2459 2084
2807 2362
2913 2347
2534 3200
2727 2996
2002 2153
2749 2310
2250 2761
2914 2325
2696 2196
2497 3088
2319 2781
2511 3113
2082 2293
2706 2314
2445 2333
2304 2851
2463 2877
2637 2526
2510 2317
2450 2782
2437 2762
2073 2320
2013 2287
2636 2003
2706 2513
1922 2093
2225 2751
2694 2563
2505 2307
2312 2754
2236 2303
2386 2392
2319 2425
2790 2990
2615 3022
2483 2882
2712 2361
2542 3033
2586 2705
2203 2694
2118 2325
2501 2231
2718 2977
2641 2119
2730 2205
2579 2768
2682 2556
2802 2126
2517 3056
2556 3158
2620 2928
2229 2648
2779 2967
2329 2439
2497 2865
2434 2750
2571 2544
2588 2710
2473 2243
2038 2261
2792 3038
2601 2265
2585 2748
2258 2594
2535 2221
2423 3217
1975 2348
2385 2398
2226 2346
2642 2902
2614 2530
2764 2986
2317 2508
2285 2735
2344 2852
2084 2228
2289 2496
2504 3210
2013 2169
2627 2941
2326 2390
2660 3052
2277 2606
2275 2864
2243 2291
2581 2760
2472 2874
2699 2944
2772 2287
2635 2872
2589 2253
2694 2408
2771 2077
2489 2890
2429 2365
2675 2590
2636 2960
2267 2416
2114 2299
2018 2222
2641 1990
2759 2204
2381 2326
2254 2309
2644 1989
2471 2803
2436 2768
2264 2423
2713 2328
2442 2787
2590 2829
2262 2340
2551 2224
1973 2103
2706 2333
2093 2204
2857 2357
2338 2541
2564 2177
2808 2934
2550 2179
2306 2501
2520 2230
2561 2243
2559 3135
2227 2743
2679 2101
2539 2192
2263 2717
2734 2305
2565 3208
2272 2683
2418 2752
2670 2398
2340 2554
2556 3136
2629 2914
2490 2089
2582 2771
2590 2785
2419 2122
2877 2245
2554 2257
2426 3184
2511 2213
2607 3152
2226 2329
2531 2881
2317 2430
2800 2340
1974 2022
2806 3087
2269 2622
2654 2332
2652 2839
2104 2187
2307 2760
2795 2946
2395 2350
2355 2747
2475 2109
2118 2292
2309 2501
2823 2370
2672 3025
2394 2346
2351 2332
2510 2309
2591 2542
2586 2958
2951 2357
2499 2245
2603 2201
2277 2603
2088 2283
2284 2863
2581 2824
2661 2304
2297 2528
2208 2658
2522 2154
2653 2417
2654 2361
2672 2586
2649 2000
2762 2303
2033 2245
2231 2623
2114 2302
2681 2552
2402 2404
2405 2713
2293 2599
2005 2328
2523 2898
2634 2914
2418 3152
2515 2372
2563 3161
2274 2411
2190 2320
2084 2130
2619 3176
2477 2049
2780 2375
2460 2082
2699 2394
2495 2056
2671 2968
2749 2359
2129 2133
2744 3055
2891 2298
2055 2214
2523 2210
2751 2204
2290 2296
2965 2293
2667 2967
2357 2753
2659 1990
2457 2814
2531 3105
2473 2317
2560 3158
2300 2606
2275 2684
2667 2981
2350 2742
2715 2363
2802 3100
2514 2274
2844 2344
2478 2239
2702 2315
2572 3165
2660 2494
2257 2764
2652 3231
2395 2349
2343 2839
2016 2132
2729 3039
2712 2189
1959 2089
2738 3056
2198 2324
2914 2344
2313 2785
2349 2737
2474 2840
2129 2304
2014 2286
2449 2041
2656 3005
2696 2065
2669 2249
2694 2509
2731 2988
2009 2114
2689 2357
2031 2120
2347 2429
2369 2399
1923 2073
2049 2145
2911 2337
2449 2797
2579 2221
2653 2853
2626 2231
2474 2334
2926 2324
2306 2529
2665 2172
2662 2126
2537 3010
2266 2716
2562 2251
2672 2103
2452 2122
1961 2094
2590 2215
2369 2732
2355 2726
2484 2055
2576 2520
2738 2978
2612 2705
2659 2291
2455 3224
2411 3220
2680 2178
2766 2055
2523 2391
2700 2050
2279 2742
2067 2158
2430 2302
2421 2359
2422 3188
2745 2506
2290 2390
2239 2300
2678 2391
2647 3181
2648 2125
2653 2281
2854 2010
2642 2989
2052 2209
2775 2979
2107 2335
2229 2715
2580 2716
2519 2299
2231 2295
2527 3079
2083 2110
2024 2228
2779 2960
2744 2527
2630 2289
1976 2006
2281 2736
2525 3217
2560 2683
2585 3043
2713 2415
2633 2527
2270 2572
2738 2314
2524 3035
1993 2147
2605 2695
2504 2313
2960 2297
2469 3205
2423 2733
2530 3110
2357 2412
2052 2155
2941 2312
2896 2265
2673 2564
2520 2311
2048 2195
2079 2228
2632 2030
2037 2179
2567 2690
2591 2792
2664 2276
2661 2292
2738 3048
2683 2401
2636 1990
2637 1973
2419 3159
2642 2232
2633 2827
2446 2333
2127 2148
2783 3066
2794 2394
2399 2109
2589 2780
2276 2616
2735 2525
2688 2346
2454 2284
2846 2365
2423 2335
2573 3183
2505 2871
2695 2186
2307 2401
2700 2400
2268 2570
2560 2732
2131 2116
2424 3207
2523 2294
2689 2169
2788 3063
2549 2258
2664 2428
2310 2428
2761 2995
2433 2334
2661 3209
2527 2185
2020 2372
2528 2885
2609 3029
2084 2294
2521 2391
2499 2285
2266 2493
2770 3063
2435 2826
2510 3107
2591 2256
2484 2075
2796 3095
2059 2148
2668 2871
2681 2503
2450 2781
2553 3017
2342 2433
2633 2037
1975 2099
2236 2736
2345 2839
2889 2255
2096 2263
2566 2250
2426 2364
2613 2207
2514 2892
2539 3202
2703 3071
1925 2074
2470 2803
2512 3069
2208 2664
2847 2332
2863 2340
2662 2869
2605 2952
2266 2661
2190 2330
2668 2278
2091 2139
2411 2145
2292 2623
2477 2847
1936 2063
2646 3009
2350 2342
2677 2079
2152 2313
2791 3080
2033 2236
2678 2016
2504 2138
2706 2379
2595 2696
2629 2508
2680 2160
2314 2757
2475 2340
2870 2240
2619 2230
2640 2119
1931 2060
2381 2270
2040 2247
2510 3103
1923 2072
2572 3051
1989 2353
2635 2008
2499 2319
2405 2317
2450 2348
2119 2294
2909 2346
2685 2136
2268 2473
2012 2115
2237 2757
2363 2386
2642 3201
2005 2352
2750 2522
2634 2548
2644 3010
2541 2255
2590 2744
2739 2491
2626 3193
2826 2941
2319 2786
2957 2367
2482 2348
2574 3049
2634 2004
2168 2316
2576 3185
2418 3156
2680 2171
2543 3192
2499 3230
2708 2170
2488 2356
2085 2336
2453 2291
2717 3023
2591 3041
2917 2278
2583 2815
2464 2253
2706 2424
2580 2744
2447 2372
2518 2082
2448 2852
2064 2212
2691 2166
2322 2786
2630 3040
2534 3104
2593 2716
2457 2347
2408 2298
2470 2831
2917 2347
2688 2324
2016 2286
2733 2492
2220 2320
2380 2356
2295 2525
2680 2021
2553 2200
2705 2321
2435 2307
2637 2522
2450 2819
2576 2199
2913 2310
2898 2262
2696 2473
2848 2356
2523 2229
2277 2605
2640 2947
2099 2339
2316 2514
2668 3047
2559 3161
2054 2223
2652 2325
2555 2256
2677 2064
2490 3206
2190 2322
2502 2860
2639 2964
2483 2078
2582 2521
2527 2893
2674 2504
2475 3227
2438 2346
2017 2319
2231 2744
2466 2840
2324 2511
2589 2216
2069 2227
1949 2039
2642 2238
2656 2237
2691 2439
1967 2022
2682 2328
2729 3062
2523 2322
2749 2521
2323 2438
2104 2196
2672 2363
2013 2129
2469 2818
2613 3047
2450 2129
2522 2163
2734 3058
2694 2445
2492 2240
2945 2357
2077 2171
2402 2405
2680 2043
2301 2417
2074 2226
2460 2835
2232 2706
2563 3133
2265 2698
2670 2438
2286 2582
2285 2319
2438 2327
2801 2124
2235 2715
2730 3059
2582 2520
2721 2997
2746 2511
2033 2217
2782 2972
2471 2850
2260 2648
2028 2175
2635 2986
2015 2285
2320 2752
2892 2311
2504 2227
2525 2221
2509 3202
2795 3017
2259 2616
2269 2474
2292 2303
2445 2803
2584 3043
2423 3195
2668 2967
2643 2106
2189 2322
2639 3065
2556 3016
2272 2408
2575 2936
1949 2052
2540 2375
2668 2044
2260 2674
2818 2942
2691 2330
1982 2098
2624 2248
2700 2184
2700 2461
2913 2314
2084 2308
2274 2467
2271 2460
1996 2166
2688 2532
2573 2179
2709 2511
2013 2145
2456 2290
2516 2314
2661 2418
2114 2186
2658 2007
2695 2523
2766 3060
2086 2285
2397 2291
2796 2357
2683 2341
2250 2640
2671 2557
2735 2514
2391 2288
2111 2192
2229 2299
2521 2896
2411 2139
2264 2559
2675 2128
2501 2140
2427 3228
2525 2351
2212 2299
2512 2371
2606 2810
2618 2834
1941 2058
2507 2138
2344 2757
2018 2375
2783 3050
2255 2355
2562 2204
2689 2446
2798 3089
2239 2337
2581 2710
2276 2390
2246 2308
2515 2126
2369 2443
2643 2954
2301 2529
2679 2035
2618 2544
2555 3007
2543 3009
2234 2651
2304 2509
2632 2016
2616 2556
2662 2305
2436 2307
2914 2315
2455 2080
2015 2222
2672 2514
2309 2407
2271 2547
2530 3186
2619 2907
2449 2853
2637 1996
2269 2623
1936 2088
2068 2120
2634 2502
2572 2744
1999 2120
2730 2201
2275 2556
2511 2321
2076 2171
2620 2227
2634 2908
2838 2406
2022 2136
2701 2066
2651 2125
2606 3046
2250 2680
2316 2515
2630 2000
2335 2808
2291 2300
2112 2153
2739 3056
2416 2135
2087 2205
2072 2221
2412 3214
2110 2139
2371 2436
2278 2441
2070 2123
2494 3216
2516 3053
2637 2285
2645 2288
2028 2176
2710 3075
2473 2847
2641 2910
2691 2947
2937 2355
2058 2160
2592 2821
2507 2062
2570 2194
2541 2261
1965 2069
2356 2748
2272 2339
2413 2320
2065 2212
2264 2742
2087 2326
2491 2056
2441 2820
2659 2473
2870 2329
2821 2359
2591 3208
2023 2350
2626 2202
2600 2542
2293 2279
2680 2151
2013 2127
2051 2138
2686 2950
2327 2372
2560 2258
2276 2618
2484 3201
2694 2190
2384 2261
2178 2337
2583 2727
2426 3162
2960 2362
2272 2455
2649 3054
2681 2019
2757 2518
1953 2085
2629 2712
2172 2289
1944 2073
2653 2292
2391 2421
1945 2056
1959 2092
2685 2063
2711 3057
2641 2009
2695 2215
2380 2358
2506 2222
2443 2788
2279 2499
2105 2171
2528 2216
2578 2767
2659 2216
2450 2803
2451 2338
2570 2552
2654 2030
2526 2371
2081 2212
2624 2279
2315 2387
1978 2166
2705 3030
2654 2842
2489 2326
1993 2342
1985 2331
2539 2207
2780 2955
2660 2475
2021 2360
2574 3170
2606 3049
2085 2302
2650 2282
2641 3017
2193 2341
2574 3124
2570 2912
2690 2169
2946 2363
2650 2344
2425 2303
2547 3175
2576 3050
2571 2957
2702 2486
2688 2562
2524 2178
2688 2561
2635 2545
2261 2395
2746 2980
2689 2948
2630 1971
2353 2428
2711 2386
2310 2402
2264 2728
2131 2156
2513 2366
2081 2321
2058 2210
2281 2628
2416 2144
2729 2993
2441 2783
2483 3214
2251 2638
2202 2339
2881 2262
2432 2348
2640 3063
2603 2778
2762 2999
2598 2260
2306 2765
2735 2526
2524 3077
2719 2101
2568 2696
2683 2342
2424 3182
2662 2339
2485 2058
2632 2013
2914 2299
2584 3034
2421 3186
2564 3101
2449 2094
2725 2485
2305 2519
2461 2113
2539 2251
2362 2343
2287 2380
2395 2309
2447 2350
2089 2244
2388 2423
2904 2289
2629 3172
2585 2706
2571 2931
2726 3059
2772 2967
2128 2126
2105 2181
2928 2273
2631 2023
2885 2242
1938 2124
2756 2515
2520 3085
2241 2678
2555 3010
2013 2306
2579 2699
2573 2218
1963 2081
2584 3031
2646 3056
2292 2637
2134 2114
2519 2914
2639 2851
2451 2116
1985 2333
2517 3111
2308 2387
2676 2448
2736 2313
2585 2950
2604 3169
2683 2596
2538 3020
2445 2092
2580 3153
2273 2432
2393 2131
2904 2283
2893 2281
2541 3104
2325 2413
2407 2350
2534 2221
2026 2354
2463 2834
2459 3216
2730 3052
2024 2354
2264 2701
2568 2808
2704 2333
2135 2189
2074 2292
2497 2231
2507 2312
2603 2945
2565 2540
2788 3069
2476 2821
2428 2351
2563 2536
2545 2851
2890 2257
2432 3182
2533 2267
2465 2250
2314 2754
2179 2748
2740 3074
2421 3158
2620 2709
2813 2943
2586 3157
2544 2831
2734 2223
2432 3168
1967 2110
1950 2124
2370 2395
2254 2322
2280 2361
2503 2316
2013 2146
2561 2681
2870 2323
2315 2513
2289 2309
2560 3171
2262 2602
2348 2731
2597 2531
2712 2390
2743 3005
2747 2353
2470 2344
2923 2329
2664 2903
2296 2616
2612 2700
2511 2377
2676 2452
2606 2195
2578 2741
2335 2849
2518 2207
2711 2059
2102 2331
2795 2942
2196 2763
2289 2497
2652 2996
2624 2711
2361 2434
2830 2399
2021 2349
2751 2293
2753 2206
1943 2075
2681 2373
2276 2573
1950 2119
2781 2973
2806 2139
2578 2947
2529 2073
2501 2362
2108 2290
2721 2485
2487 2326
2125 2237
2695 2357
2917 2336
2827 2375
2774 2058
2587 2259
2615 2936
2671 2113
2761 2372
2727 2221
2540 2194
2647 3186
2555 3016
2771 2528
2478 2101
2383 2308
2482 2310
2687 2338
2751 2300
2848 2349
2510 3080
2558 2242
2522 2376
2514 2128
2709 3071
2253 2751
2610 3028
2630 2012
2559 3152
2407 2135
2660 2303
2730 2991
2740 3004
2362 2387
2286 2321
2227 2696
2634 1976
2085 2278
2845 2362
2217 2661
2234 2317
2250 2628
2678 2066
2148 2289
2645 2114
2412 2280
2354 2396
2613 2246
2778 2323
2673 2456
2786 2334
2518 3068
2515 2333
2434 3168
2269 2476
2424 3161
2287 2593
2651 1998
2339 2445
2902 2283
2600 3041
2752 2202
2927 2353
2271 2608
2359 2384
2438 3178
2514 3212
2333 2864
2747 2317
2718 2996
2457 2126
2459 2100
2684 2445
2642 2351
2456 2852
2414 3177
2625 3188
2543 3122
2346 2718
2221 2695
2708 3055
2435 2756
2674 2246
1933 2053
2377 2724
2679 2954
2592 3037
2105 2276
2719 2490
2468 2820
2719 2995
2269 2297
2239 2311
2241 2725
2649 3225
2707 3068
2703 2516
2264 2606
2869 2250
2506 3077
2339 2391
2388 2346
2732 3022
2364 2405
2697 2532
2525 2218
2653 2849
2630 3193
2776 2969
2292 2736
2460 2111
2541 3201
2646 3053
2685 2953
2511 3104
2331 2865
2582 2694
2869 2251
2316 2529
2233 2640
2532 3033
2802 3075
2520 2332
2567 2909
2533 3011
2681 2569
2018 2286
2631 2035
1964 2069
2644 2501
2690 2131
2297 2628
2696 2418
2402 2759
2797 3027
2653 1990
2738 2527
2581 2970
2592 3042
2699 2190
2507 2083
2456 2338
2345 2754
2136 2293
2640 3046
2397 2367
2091 2227
2562 3019
2441 2740
2393 2391
2443 2112
2677 2022
2022 2240
2480 3211
2601 3035
2614 2533
2589 3152
2687 2600
2570 3032
2786 2984
2834 2405
2471 2243
2689 2321
2509 2367
2019 2135
2479 2057
1967 2098
2680 2159
2415 2123
2653 3054
2280 2362
2543 3176
2303 2747
2277 2343
2286 2584
2117 2249
2687 2346
2867 2338
2333 2417
2667 2278
2605 2247
2503 2117
2248 2355
2627 2213
2646 2503
2342 2397
2057 2166
2540 3018
2324 2436
2710 2378
2565 2720
2789 3080
2235 2650
2538 3203
2509 3102
2675 2878
2275 2395
2280 2299
2331 2525
2294 2756
2291 2747
2274 2524
2611 2254
2626 2200
1973 2015
2710 2337
2554 2221
2924 2267
2642 3031
2675 2570
2558 3092
2832 2376
2937 2310
2628 3194
2090 2338
2619 2900
2601 2693
2658 3222
2657 2320
2669 2129
2684 2568
2083 2097
2451 2123
2778 2332
2516 2066
2634 2213
2510 3213
2089 2131
2235 2341
2105 2136
2641 2840
2146 2339
2216 2313
2028 2282
2581 2266
2701 2433
2482 2104
2265 2606
2372 2419
2433 2826
2849 2359
2649 2288
2621 2554
1953 2042
2124 2194
2645 3206
2565 3100
2064 2146
2787 3047
1954 2085
2725 2996
2232 2641
2733 3019
2096 2198
2659 3002
2711 2994
2635 2866
2949 2285
2486 2053
2706 2499
2350 2344
2549 2189
2408 2328
2515 3069
2745 2521
2036 2194
2669 3043
2297 2634
2569 2693
2494 3090
2446 2106
2682 2020
2610 2105
2877 2323
2356 2449
2178 2328
2510 2318
2521 3080
2259 2660
2750 2351
2792 3070
2699 2187
2353 2431
2688 2034
2333 2438
2696 2043
2015 2365
2681 2382
1989 2097
2614 2104
2015 2346
2708 2477
2005 2332
2550 2193
2493 2361
2638 2020
2620 2797
2200 2315
2289 2376
2611 2246
2356 2734
2203 2330
2439 2784
2321 2755
1956 2025
2387 2389
2242 2344
2385 2333
2334 2532
2395 2399
2415 3190
2476 2107
2706 2060
2703 2046
2504 3192
2758 2525
2691 2950
2685 3041
2520 3183
1977 2127
2773 2058
2781 2375
2386 2317
2018 2242
2447 2362
1998 2116
2229 2758
2643 2105
2641 3022
2229 2700
2575 2724
2269 2656
2091 2282
2035 2278
2102 2248
2414 2150
1955 2085
2688 2323
2693 2519
2305 2760
2109 2169
2646 3209
2261 2668
2720 2982
2232 2650
2678 2325
2716 2990
2656 2995
2545 2827
2079 2296
2133 2105
2670 2039
2455 2114
2476 2106
2582 2532
2673 2877
2030 2286
2169 2328
2416 2127
2017 2221
2276 2304
2601 3146
2917 2326
2661 2473
2016 2233
2408 2295
2567 2555
2637 3037
2556 2913
2083 2115
2683 3068
2578 3039
2933 2269
2698 2522
2735 3017
2802 3037
2265 2480
2334 2428
2663 2476
1996 2334
2406 2132
2508 3081
2429 2821
2004 2363
2809 2932
1962 2123
2461 3236
2351 2548
2524 2165
2810 2945
2614 2234
2902 2308
2685 2025
2658 2300
2513 3208
2628 2936
2122 2292
2261 2489
2372 2374
2804 2948
2656 2848
2707 2541
2421 2832
2445 2353
2338 2529
2654 2127
2672 2588
2541 2864
2036 2229
2467 2858
2284 2421
2503 3225
2668 2985
2673 2453
2234 2671
1947 2062
2735 3067
2708 2407
2472 3205
1960 2105
2062 2165
2792 2366
2642 3021
2704 2313
2473 2805
2636 3048
2692 2168
2409 2286
1947 2055
2041 2208
2735 3051
1979 2102
2636 3192
2235 2717
2263 2396
2500 2243
2258 2648
2738 2296
2583 2217
2321 2831
2644 2019
2514 3055
2397 2729
2035 2127
2572 3169
2333 2526
2283 2860
2656 2363
2529 3113
2411 3218
2546 2870
2302 2774
2518 2080
2441 3224
2537 2188
2402 2344
2565 2182
2181 2748
2943 2298
2228 2740
2450 3203
1994 2105
2727 2207
2514 2155
2294 2750
2030 2225
2655 2338
2554 3183
2544 3034
2285 2386
2676 2049
2564 3159
2230 2289
2118 2149
2557 2912
2039 2200
2651 2317
2531 2383
2412 2145
2610 3048
2497 2318
2540 2256
2555 2221
2484 2319
2378 2393
2955 2361
2494 2075
2672 2231
2471 2342
2242 2286
2065 2145
2290 2316
2013 2361
2662 2125
2557 2231
2646 2001
2353 2552
2663 2863
2270 2735
2749 2350
2112 2289
2276 2734
2263 2606
1951 2109
2771 2056
2681 2396
2690 2319
2645 1981
2454 2285
2645 3051
2531 3082
2244 2339
2721 3001
2543 3188
2315 2786
2834 2383
2525 3081
2269 2480
2112 2157
2539 3104
2459 2083
2667 2322
2787 2940
2258 2417
2684 2391
2568 2919
2675 2876
2712 2423
2586 3044
2434 3219
2452 2300
2035 2275
2373 2403
2504 2320
2354 2348
2287 2733
2611 3045
2721 2316
2110 2303
2588 2719
2418 3155
2730 2224
2673 2161
2632 2856
2490 2056
2708 2512
2594 3033
2868 2348
2260 2358
2735 2207
2703 2958
2606 2947
1965 2023
2528 2884
2071 2216
2340 2433
2124 2143
2406 2764
2282 2428
2923 2349
2016 2300
2701 2224
2507 3084
2915 2307
2957 2368
2515 2063
2866 2331
2746 3029
2927 2351
2594 2543
2789 2401
2513 2301
2678 2131
2585 3154
2250 2654
2787 2351
2663 2373
2102 2123
2424 2104
2248 2340
2899 2281
2717 2208
2786 3000
2805 2354
2733 3046
2666 2595
2120 2329
2566 2724
2664 2421
2361 2343
2573 3127
2409 2371
2223 2304
2482 2105
2744 2528
2714 2212
2745 2975
2011 2167
2533 3218
2267 2661
2557 2243
2501 2126
2129 2158
2342 2860
2646 3065
2637 2830
2779 2323
2494 2364
2541 3111
2889 2298
2686 2557
2482 2813
2314 2392
2055 2150
2705 2379
2566 3222
2573 2709
2334 2808
2489 2294
2401 2364
2477 2833
2765 2970
2745 2508
2655 2997
2876 2257
2296 2754
2449 2126
2716 2206
1975 2105
2532 2373
2108 2345
2417 3182
2511 2326
2636 2983
2583 2216
2564 2246
2263 2749
2687 2166
2553 2817
2263 2321
2243 2705
2569 2191
2654 2428
2284 2627
2537 2861
2227 2300
2086 2326
2267 2667
2616 2822
2557 3140
2579 2698
2509 2373
2364 2436
2782 2975
2640 2106
2903 2343
2740 2505
2811 2141
2818 2943
2450 2806
2800 3057
2542 3219
2517 3212
2375 2425
2702 2386
2269 2737
2294 2382
2599 3036
2498 2136
2667 2455
2511 2218
2377 2424
2527 2042
2287 2384
2637 2859
2804 2143
2532 2074
2624 2550
2166 2327
2669 2495
2371 2370
2323 2742
2425 3220
1947 2099
2102 2241
2685 2181
2232 2329
2668 3045
2443 2821
2281 2296
2018 2348
2637 3195
2261 2479
2333 2845
2568 3211
2517 2209
2524 3080
2451 2114
2133 2200
2613 2697
2270 2745
2949 2352
2336 2540
2691 2446
2723 2313
2032 2098
2453 2086
2866 2341
2683 2149
2489 2239
2576 2780
2284 2864
2700 2389
2756 2523
2911 2303
2588 2537
2971 2299
2260 2434
2498 2319
2843 2405
2453 3224
2317 2377
2708 2387
2708 2973
2565 3023
2568 2802
2341 2437
2613 2541
2695 2109
2276 2549
2700 2510
2325 2420
2271 2683
2700 2472
2701 2107
2542 2217
2480 2239
2018 2365
2643 2989
2709 3072
2593 2542
2676 2253
2492 2226
2914 2277
2452 2851
2644 2029
2544 3217
2489 2293
2251 2318
2608 2104
2674 2552
2565 3212
2261 2308
2776 2959
2130 2113
2261 2413
2319 2859
2335 2368
2545 3224
2627 2823
2439 2110
2372 2370
2617 2828
2052 2152
1922 2099
2117 2190
2335 2373
1968 2084
2574 2519
2416 2124
2589 2545
2692 3061
2924 2334
2607 3151
2403 2311
2456 2285
2683 2027
2259 2594
2012 2345
2685 2504
2803 2974
2801 2975
2543 2183
2700 2437
2649 2245
2876 2261
2430 3212
2402 2752
2386 2419
2696 2214
2535 2219
2074 2315
2278 2580
2564 2680
2540 2207
1963 2113
2673 2557
2116 2262
2573 2520
2723 3067
2659 2175
2581 2204
2114 2259
2521 3053
2678 2501
2591 3214
1981 2112
2907 2346
2517 3221
2451 2793
2709 2327
2687 2444
2570 2184
2545 2866
2289 2495
2791 3097
2543 2860
2634 2829
2747 2525
1963 2073
2706 2955
2561 2197
2684 2385
2544 2203
2574 2270
2699 2316
2092 2315
2448 2376
2454 3227
2072 2229
2277 2734
2568 2791
2405 2129
2715 2317
2587 3151
2373 2453
2639 2832
2869 2324
2573 2920
2686 2345
2397 2365
2242 2724
2089 2336
2751 2323
2639 3176
2354 2357
1999 2155
2505 3227
2863 2348
2653 2906
2652 2834
2572 2782
2042 2216
1977 2165
2197 2323
2705 3028
2272 2421
2674 2874
2684 2394
2509 2274
2823 2377
2413 3178
2524 3123
2102 2195
2411 2366
2390 2402
2429 2736
2248 2623
2518 2081
2495 2888
2681 2556
1923 2063
2348 2431
2413 2732
1992 2143
2263 2362
2780 2046
2230 2642
2569 3029
2491 2881
2639 2858
2229 2294
2656 2483
2323 2531
2875 2239
2888 2298
2716 2992
2708 2330
2468 2039
2615 2705
2776 2060
2243 2686
2109 2256
2406 2306
2682 2164
2609 2528
2745 2210
2094 2206
2707 2362
2921 2282
2097 2193
2153 2284
2390 2273
2409 2359
2424 2280
2523 2135
2231 2333
2703 2959
2786 2347
2468 2839
2441 2334
2819 2946
2492 2371
2080 2308
2475 3221
2693 2506
2604 3033
2086 2330
2623 3180
2109 2335
2668 2369
2024 2298
2616 2270
2474 2891
2492 3214
2089 2286
2792 3047
2312 2413
2551 2261
2214 2304
2701 2200
2552 3140
2327 2837
2522 2040
2264 2492
2207 2315
2505 3190
2236 2646
2286 2603
2275 2653
2951 2284
2631 1997
2421 3190
2375 2417
2008 2163
2416 2724
2316 2842
2494 2291
2404 2366
2588 2265
2098 2194
2526 3114
2517 2206
2792 3088
1986 2341
2346 2753
2297 2617
1952 2103
2701 2475
2476 3221
2456 3223
2724 3071
2612 2812
2525 2041
2341 2723
2737 2501
2342 2541
2390 2309
2415 2767
2557 3092
2238 2730
2395 2351
1968 2112
2017 2370
2331 2427
2364 2726
2119 2154
2395 2276
2561 2200
2419 2729
2699 2439
2647 3224
1939 2104
2645 1993
2830 2376
2428 2293
2907 2340
2402 2345
2459 2811
2127 2130
2775 2054
2256 2653
2539 2860
2075 2126
2901 2256
2632 3191
2573 2746
2213 2322
2414 3190
2651 2887
2461 2862
2787 2330
2534 2863
2960 2357
2027 2348
2788 2943
2667 2964
2612 2233
2584 2772
2084 2104
2512 3081
2390 2399
2635 2225
2425 3159
2460 2802
2152 2304
2545 3223
2053 2216
2257 2654
2608 2810
2827 2373
2526 2166
2674 2073
2716 3024
2679 2550
2836 2397
2658 2179
2641 2948
2755 2323
2514 3058
2744 3008
2276 2371
2796 2972
2891 2295
2675 2100
2639 3046
2649 3229
2328 2860
2027 2239
2688 2224
2375 2432
2459 3217
2280 2864
2269 2478
2482 2100
2460 3237
2586 3207
2282 2438
2957 2370
2536 2261
2232 2317
2239 2677
2494 2219
2632 3008
2278 2292
2575 2725
2485 2882
2257 2398
2787 2379
2363 2404
2668 2040
2272 2466
2062 2121
2511 2142
2521 2907
2670 2395
2266 2618
2468 2104
2281 2675
2522 3184
2494 2282
2748 2343
2518 3084
2492 2102
2790 2978
2686 2331
2263 2602
2348 2350
2512 2228
2824 2368
2628 3035
2856 2357
2687 2181
2711 2974
2520 2280
2557 3225
2393 2726
2728 3063
2136 2118
2078 2321
2251 2758
2569 2799
2351 2331
2259 2726
2561 2195
2791 2975
2508 3052
2273 2415
2510 2208
2542 3103
2569 2727
2511 2062
2565 2734
2767 2982
2373 2362
2565 3010
2743 2490
2799 3100
2642 2502
2130 2129
2767 2310
2573 3030
2245 2329
2274 2383
2389 2277
2622 3187
2034 2233
2354 2455
2448 2345
2288 2585
2075 2216
2531 3075
2486 3093
2255 2727
2367 2404
2275 2343
2605 2818
2294 2347
2717 3034
2654 2212
2269 2624
2110 2300
2735 2996
2587 2729
2709 2311
2321 2757
2710 2485
2899 2259
2210 2648
1942 2052
1929 2059
2256 2363
2635 2544
2036 2177
2734 3054
2583 2264
2880 2251
2126 2113
2529 2178
2291 2286
2588 2755
2423 3161
2783 3067
2746 2976
2073 2230
2498 3231
2708 2445
2745 3052
2655 2511
2250 2747
2494 2302
2593 2724
2482 2098
2795 2939
2348 2550
2294 2281
2487 2345
2280 2321
2508 2227
2651 2245
2045 2159
2704 2539
2104 2250
2606 2803
2489 2325
2505 2323
2485 2339
2580 2707
2021 2236
2950 2293
2264 2608
2659 3046
2706 2973
2054 2146
2263 2344
2809 2298
2866 2340
2458 2803
2481 2095
2758 3063
2228 2659
2433 2757
2282 2864
2782 3074
2502 2321
2022 2373
2574 2183
2279 2559
2711 3056
2261 2327
2662 2959
2644 3012
2557 3098
2037 2178
2656 2246
2082 2126
2742 2490
2308 2529
2580 2822
2628 2886
2775 2958
2672 2438
1996 2164
2719 2981
2886 2248
2433 3182
2497 2105
1951 2039
1944 2054
2673 2257
2381 2325
2411 2364
2579 3183
2526 2389
2382 2422
2108 2334
2291 2391
2578 2247
1986 2141
2640 2503
2452 2100
2734 3048
2665 2580
2677 2555
2785 2940
2777 2969
2295 2743
2381 2428
2599 2209
2053 2204
2276 2544
1931 2061
2416 2758
2769 2322
2707 2323
2404 2713
2033 2243
2163 2310
2497 3191
2625 2231
2401 2313
2656 2214
2681 2370
2209 2705
2265 2318
2504 2139
2274 2393
1945 2132
2267 2608
2262 2774
2086 2281
2849 2333
2518 2155
2201 2339
2630 2523
2437 3170
2277 2602
2109 2350
2574 2812
2797 3022
2388 2284
2411 3174
2245 2312
2627 2861
2453 3225
2926 2325
2566 3221
1922 2092
2400 2361
2715 2448
2332 2528
2490 3094
2785 3000
1934 2066
2688 2167
2343 2867
2713 2218
2702 2427
2449 2780
2485 2879
2612 2930
2518 2368
2413 2321
2648 2828
2522 3045
2593 2273
2227 2345
2279 2619
2793 3082
2439 2330
2914 2337
2641 2839
2613 2533
2495 2110
2945 2285
2645 3035
2288 2624
2490 3204
2261 2666
2292 2599
2302 2384
2121 2135
2651 2840
2304 2749
2264 2480
2117 2328
2789 2991
2207 2652
2115 2258
2850 2351
2921 2322
2234 2297
2519 3210
2419 2335
2585 2965
2058 2163
2507 2123
2507 2302
2633 2285
2283 2386
2731 2206
2227 2332
2893 2256
2092 2265
2702 2202
2841 2404
1961 2119
2394 2282
2526 3218
2576 2799
2758 2303
2500 2058
2586 2538
2279 2600
2609 2255
2242 2695
2545 3017
2652 2500
2487 2337
2486 2367
2669 2400
2261 2433
2540 2874
2603 2099
2670 2986
2304 2774
2680 3039
2572 2727
2534 3126
2609 2809
2109 2336
2067 2215
2273 2487
2400 2107
2747 2961
2679 2130
2378 2265
2431 2122
1981 2169
2733 2510
2657 1992
2532 2861
2653 2268
2675 2002
2677 2102
2799 2970
2584 3155
2494 2230
2494 2056
2036 2196
2525 3188
1950 2073
2289 2622
2459 2816
2912 2292
2689 2064
2519 2374
2261 2490
2291 2621
2381 2273
2477 2888
2563 2247
2460 2857
2545 3102
2257 2645
2711 3066
2728 3055
2587 2717
2627 2705
2447 2365
2704 2312
2565 3210
2351 2741
2713 2350
2571 2810
2578 2203
2652 3013
2654 2246
2886 2322
2773 3062
2539 2253
2084 2207
2642 2019
2891 2285
2625 2267
2418 3198
2564 2196
2554 3018
2384 2274
2650 2115
2277 2436
2640 1990
2629 3007
2406 2760
2968 2299
2200 2688
2487 2060
2704 2212
2565 3168
2652 2286
2694 2068
2921 2326
2104 2333
2695 2526
2788 2955
2109 2198
2659 2280
2021 2216
2657 2177
2569 2732
2737 3064
2330 2835
2682 2045
2670 2086
2638 2037
2367 2437
2405 2117
1920 2104
2495 2884
2636 2908
2489 2078
2758 3001
2098 2327
2263 2617
2233 2299
2633 2274
2626 3032
1971 2083
2158 2284
2226 2313
2746 2509
2498 3225
2789 3079
2628 2928
2369 2756
2285 2622
2767 2376
2429 2354
2676 2535
1980 2335
2542 3230
2346 2401
2102 2197
2336 2859
2250 2330
2387 2274
2341 2849
2749 2311
2946 2285
2571 2728
2525 2912
2712 2516
2285 2314
2481 2813
2017 2298
2639 2960
2384 2335
2687 2942
2580 2742
2846 2351
2274 2369
1945 2053
2274 2520
2660 2319
2325 2512
2513 2333
2079 2215
2357 2408
2623 2105
2384 2360
1940 2124
2704 2426
2687 2956
2450 3225
2627 2013
2215 2661
2542 3224
2104 2254
2261 2661
2744 3025
2973 2296
2053 2156
2293 2290
2286 2593
2555 3201
2109 2340
2594 2815
2097 2166
2607 2547
2134 2294
2685 2363
2061 2150
2652 2835
2719 2985
2033 2232
2696 2315
2577 2543
2544 3122
2729 2299
2256 2595
2713 2104
2512 3207
2945 2360
2080 2128
2484 3193
2776 2966
2504 2324
2520 2216
2289 2852
2396 2123
2808 3097
2373 2755
2259 2667
2289 2623
2261 2440
2291 2531
2086 2242
2139 2129
2360 2436
2619 2904
2090 2330
2086 2127
2596 2198
2651 3051
2939 2359
2575 2958
2122 2331
2129 2157
2086 2273
1959 2023
2541 3217
2701 2532
2934 2362
2209 2654
2794 3090
2385 2360
2666 2549
2091 2245
2321 2381
2655 3051
2005 2360
2631 2029
2531 2184
2761 3058
2845 2351
2549 2848
2654 2359
2639 2917
2299 2774
2131 2193
2606 2942
2440 2828
2284 2626
2694 2404
2411 3176
2485 2880
2511 2887
2346 2554
2837 2409
2632 2709
2296 2511
2650 2505
2504 3114
2478 2807
2448 2363
2071 2215
2377 2429
2782 3069
2735 2296
2556 2227
2698 2194
2108 2184
2771 2068
2455 2800
2633 3191
2167 2287
2783 2372
2043 2160
2582 2700
2708 2208
2885 2316
2349 2432
2081 2117
2743 2999
2273 2577
2056 2138
2743 3006
2215 2691
2297 2501
2555 2686
2122 2296
2131 2299
2340 2532
2560 3211
2473 2110
2495 2290
2527 3219
2362 2734
2656 2302
2471 2838
2624 1968
2488 2055
2652 2510
2397 2354
2583 2256
2227 2342
2245 2686
2555 2200
2087 2195
2249 2722
2572 3040
2669 2044
2606 3156
2891 2251
2661 2258
2288 2286
2463 2331
2607 2541
2142 2292
2668 2161
2615 2802
2281 2343
2680 2230
2440 2744
2224 2310
2108 2185
2568 3173
2778 2984
2487 2325
2545 3226
2453 3206
2508 2139
2083 2229
1944 2063
2591 3211
2128 2143
2298 2533
2708 2241
2411 2365
1941 2103
2279 2627
2297 2526
1945 2129
2339 2867
2022 2358
2891 2316
2640 3048
2656 2264
2370 2353
2031 2311
2367 2427
2311 2529
2571 3036
2022 2168
2518 2228
2310 2853
2880 2250
2383 2721
2768 2528
2209 2663
2098 2330
2417 2751
2613 3041
2932 2325
2587 2546
2517 3069
2430 2816
2382 2420
2337 2530
2526 3005
2641 2539
2789 3013
2705 2512
2677 2047
2684 2364
2593 2708
2579 2771
2314 2428
2309 2858
2085 2108
2450 2329
2539 3093
2880 2008
2545 3194
2775 2074
2637 3020
2631 3198
2664 3060
2499 2278
2684 2032
2646 3057
2487 2367
2958 2294
2426 2301
2768 3063
2240 2642
2321 2856
2505 2314
2694 2315
2481 2849
2591 2212
2597 2946
2678 2493
2320 2510
2054 2215
2669 2000
2787 2356
2128 2196
2406 2352
2795 3095
2398 2344
2508 2074
2404 2756
2065 2157
2426 2114
2390 2340
2143 2124
2456 2803
2681 2940
2643 2294
2658 2215
2347 2381
2880 2248
2795 2970
2654 2512
2204 2684
2455 2835
2749 2963
2658 2548
2683 2380
2501 2224
2624 2863
2359 2411
2654 3234
2561 2913
2703 2318
2672 2908
2014 2357
2468 2244
2572 3111
2244 2691
2628 3060
2451 2819
2646 2871
2296 2615
2037 2197
2644 2985
2248 2626
2698 2944
2669 2576
2443 2319
2656 2321
2577 2178
2657 2314
2683 2570
2949 2347
2535 3221
2663 2363
2596 2751
2658 2045
2690 2339
2626 2928
2230 2290
2417 2331
2627 2209
2892 2251
2014 2169
2476 2804
2323 2408
2447 2369
2797 3073
2413 2120
2786 3015
2691 2064
2507 2359
2308 2851
2665 2004
2581 2949
2422 2296
2605 3156
2540 2374
2904 2308
2641 2020
2628 2277
2759 2515
2283 2495
2838 2397
2510 2889
2314 2500
2698 2206
2699 3062
2706 2410
2030 2114
2352 2431
2339 2857
2447 2292
2738 2997
2664 2560
2747 2318
2812 2946
2918 2346
2329 2423
2572 2810
2624 3160
2444 2810
2460 3212
2326 2527
2599 3168
2638 2851
2271 2439
2344 2344
2275 2533
1954 2071
2435 2331
2113 2186
2833 2367
2264 2347
2677 2045
2480 2848
2069 2143
2726 2310
2612 3025
2005 2157
2506 2320
2525 2227
2568 2527
2490 2080
2019 2307
2527 3102
2566 2917
2804 2972
2290 2858
2642 3046
2490 2088
2423 3221
1945 2105
2061 2211
2585 2264
2177 2331
2409 2128
2512 2046
2515 2044
2849 2334
2591 2794
2087 2315
2526 2173
2480 2240
2570 2727
2628 2548
2697 3059
2083 2274
2333 2554
2423 3200
2371 2353
2523 2906
2018 2324
2827 2374
2489 2863
1983 2123
2766 2983
1960 2119
2706 3037
2626 2932
2799 3028
2628 2225
2565 2910
2788 2962
2241 2320
2400 2113
2534 2262
2503 2241
2759 2199
2528 2135
2424 2123
2885 2319
2166 2315
2404 2362
2154 2296
2272 2380
2000 2149
2524 2350
2694 2945
2719 2212
2413 2134
2084 2329
2325 2400
2161 2308
2580 2516
2631 2912
1983 2100
2744 2210
2247 2714
2234 2313
2256 2645
2267 2577
2625 2701
2667 3052
2284 2595
2791 2352
2326 2420
2023 2241
2277 2579
2298 2505
2475 2826
2790 2943
2519 3048
2261 2493
2595 2543
2335 2765
2549 3206
2505 2351
2397 2289
2094 2270
2288 2419
2712 2992
2788 2401
2581 2958
2361 2730
2694 2949
2580 2801
2620 2558
2521 2294
2271 2445
2740 2972
2660 2217
2224 2703
2250 2305
2325 2371
2494 2863
2669 3042
2275 2498
2609 2549
2607 2694
2973 2297
2485 2082
2233 2666
2628 3038
2246 2331
2017 2163
2685 2065
2640 2541
2274 2565
2686 2031
2134 2127
2388 2309
2784 2348
2212 2324
2572 2768
2260 2500
2667 2590
2665 2474
2523 2130
2449 2101
2562 2734
2008 2319
2585 2959
2676 2048
2799 3014
2027 2309
2333 2741
2294 2619
2430 2289
2581 3154
2531 2261
2674 2499
1996 2158
2797 3018
2797 3102
2266 2473
2644 2114
2514 2046
2771 2323
2616 2551
2527 3087
2354 2429
1962 2099
2710 2973
2626 2551
2571 2247
2613 3173
2266 2390
2731 3051
2453 2117
2546 3185
2798 3073
2635 2539
2930 2307
2264 2324
2409 2135
2298 2635
2689 2361
2630 2942
2696 2407
2741 3032
2669 2437
2292 2398
2366 2368
2264 2662
2686 2101
2511 2332
2664 2012
2425 3185
2077 2209
2399 2395
2945 2281
2657 2995
2683 2956
2278 2345
2575 2250
2311 2405
2246 2684
2677 2366
2109 2251
2228 2648
2048 2140
2173 2759
2616 2112
2662 2259
2637 2994
1988 2329
2579 2206
2492 2862
2127 2151
2477 2807
2704 2170
2767 2313
2801 3045
2390 2347
2574 2528
2153 2329
2687 2947
2240 2691
2717 2323
2340 2857
2541 3097
2328 2739
2274 2414
2078 2216
2026 2220
2910 2269
1980 2169
2687 2599
1996 2104
2570 2548
2225 2323
2166 2286
2614 3036
2161 2311
2147 2284
2434 2118
2064 2207
2363 2403
2233 2659
2273 2363
2748 2531
2546 2844
2697 2214
2682 2455
2105 2252
2572 2781
2452 2102
2674 2544
2793 2391
2100 2181
2456 2838
2282 2505
2594 2697
2673 2324
2457 2099
2291 2380
2289 2730
2342 2400
2678 2070
2752 2208
2353 2722
2047 2203
2267 2656
2381 2324
2627 2200
2497 2131
2111 2292
2331 2524
2407 2356
2385 2276
2509 2319
2729 2291
2675 2446
2236 2734
2547 2189
2593 3159
2386 2273
2670 3054
2544 3224
2573 2912
2469 2047
2620 2809
2418 2333
2318 2529
2673 2232
2724 2285
2472 3201
2261 2346
2613 3043
2632 2031
2828 2375
2512 3118
2468 2245
2732 2995
2552 2194
2461 2300
2387 2321
2262 2698
2460 3214
2419 3184
2735 2515
2114 2192
2124 2137
1932 2070
2114 2295
2166 2291
2875 2240
2635 2857
2457 2292
2519 3110
2465 2113
2661 2903
2291 2599
2495 2078
2780 2371
2499 2056
1990 2142
2097 2266
2524 3084
2687 2324
2581 2519
2659 2338
2609 2698
2315 2747
2232 2333
2674 2044
2520 2327
2456 2281
2436 2752
2416 3179
2674 2491
2517 2311
2655 2853
2447 2810
2492 2108
2468 2101
2104 2165
2675 2053
2468 2884
2463 2863
2711 2415
2268 2665
2210 2750
2291 2857
2591 2269
1991 2114
2637 2869
2652 2842
2685 2602
2530 3039
2266 2562
2497 2214
2609 2548
2509 3213
2683 2180
2338 2391
2516 2370
2663 2369
2297 2601
2020 2302
2583 2746
2745 2974
2669 2979
2254 2619
1959 2027
2417 2141
2574 2743
2832 2392
2528 2212
2757 2524
2679 2045
2708 3063
2198 2766
2407 2304
2810 3100
2433 2368
2501 3182
2646 3227
2484 2294
2927 2326
2577 3145
2479 2296
2588 2269
2110 2336
2435 2822
2192 2342
2684 2178
2640 2237
2207 2321
2685 2454
2047 2167
2569 2525
2262 2321
2847 2330
2416 3199
2444 2359
2773 2075
2639 2542
2522 2918
2440 2355
1996 2121
2091 2259
2268 2361
2673 2443
2253 2720
2659 2489
2298 2534
2308 2780
2021 2301
2574 2179
2653 3229
2122 2297
2071 2169
2515 2147
2645 2126
2679 2405
2458 2282
2743 2526
2238 2673
2507 2858
2847 2338
2656 2001
2620 2716
2618 2892
1983 2343
1990 2166
2405 2119
2144 2338
2253 2729
2663 2002
2136 2113
2713 2422
2715 2507
2688 2169
2596 3214
2234 2659
2808 2976
2489 2082
2123 2139
2274 2391
2632 2274
2069 2159
2099 2325
2300 2634
2639 3017
2651 2885
2477 2237
2517 3086
2672 3048
2371 2450
2573 2937
2098 2257
2542 3233
2465 2243
2365 2265
2060 2212
2673 2096
2611 2524
2785 2991
2785 2305
2218 2690
2079 2121
2516 2269
2580 2969
2623 2557
2428 2305
2355 2453
2741 3020
2902 2311
2836 2401
2499 3193
2654 3048
2467 2839
2500 2230
2584 2968
2563 2248
2799 2361
2606 3163
2706 2486
2637 3184
2481 2296
2644 2901
2063 2160
2133 2115
2416 3207
2283 2505
2542 3120
2469 2888
2436 2829
2651 2031
2759 2514
2653 3023
2357 2416
2514 2372
2053 2219
2042 2210
2584 2538
2832 2369
1978 2167
2560 3199
2532 2882
2728 3001
2690 2604
2284 2604
2425 2282
2721 2098
2542 3122
2475 2327
2296 2505
2438 2303
2549 2259
2371 2442
2907 2284
2536 3112
2711 2361
2258 2396
2674 2446
2844 2366
2701 2238
2657 2241
2624 2201
2484 2303
2680 3036
2417 2142
2258 2645
2678 2495
2459 2079
2664 2277
2422 2124
2487 2891
2401 2395
2674 2242
2615 3032
2595 3150
2369 2361
2261 2674
2329 2371
2626 2198
2529 3098
2096 2256
2179 2327
2453 2338
2691 2533
2568 2700
2204 2339
2268 2657
2673 2964
2875 2257
2614 2233
2061 2166
2260 2750
2373 2440
2681 2392
2094 2129
2807 3088
2521 2314
2695 2359
2275 2558
2113 2158
2645 2908
2309 2816
2372 2389
2526 3004
2635 2018
2238 2361
2587 3209
2666 2903
2949 2365
2110 2184
2227 2662
2714 2328
2415 3214
2230 2744
2303 2755
2388 2342
2677 2063
2324 2531
2496 2114
2922 2267
2580 2785
1973 2165
2531 3186
2675 2242
2113 2304
2593 3156
2093 2290
2090 2263
2974 2300
2335 2853
2384 2322
2715 2508
2529 3099
2885 2246
2351 2717
2798 3035
2268 2397
2539 3186
2584 2753
2367 2369
2617 2190
2280 2495
2529 2266
2607 2202
2739 2303
2070 2167
2674 1999
2558 3141
2621 3177
2265 2729
2633 2511
2283 2743
2427 2753
2592 2779
2256 2349
2598 2543
2109 2346
2543 2834
2228 2744
2277 2386
2028 2238
2268 2572
2655 2361
2101 2280
2579 3149
2681 2950
2247 2681
2415 2131
1972 2108
2620 2195
2418 2756
2343 2401
2305 2764
2347 2801
2502 2277
2674 2941
2107 2242
2130 2128
2244 2698
2525 2281
2264 2723
2670 2173
2455 2802
2674 2541
2571 3115
2053 2149
2653 3016
2374 2355
2822 2368
2424 2354
2914 2306
2510 2315
2662 2131
2967 2296
2357 2428
2578 2199
2505 3215
2381 2323
2295 2765
2631 3042
2549 2180
2201 2770
2264 2763
2633 2704
2078 2172
2668 2874
2515 3084
2613 2702
2844 2367
2263 2612
2924 2335
2359 2730
2379 2266
2526 2134
2731 2294
2417 3179
2693 2187
2426 3218
1968 2077
2308 2500
2629 2025
2137 2121
2708 2410
2320 2747
2428 2354
2873 2238
2649 2883
2025 2280
2776 2957
2674 2515
2291 2738
2028 2348
2269 2477
2581 2719
2673 2575
2591 3213
2536 2389
2917 2261
2594 2706
2449 2096
2485 2056
2453 2085
1990 2167
2617 2234
2189 2750
2705 2060
1966 2024
2508 2376
2565 2181
2659 2996
2694 2561
2425 2284
2282 2628
2636 2857
2371 2360
2644 2280
2369 2427
2554 2685
2003 2363
2240 2723
2538 2883
2781 2341
2614 3037
1980 2010
2702 2535
2677 2154
2675 2227
1973 2129
2617 3046
2726 3033
2445 3233
2206 2693
2115 2262
2427 3221
2665 2968
2508 3187
2505 3194
2327 2371
2606 2201
2499 2236
2289 2739
2578 2760
2594 2778
2571 2731
2572 3152
2545 2840
2103 2273
2768 2364
2681 3035
2667 2986
2547 3136
2649 3213
2450 2081
2271 2579
2263 2343
2228 2699
2382 2428
2068 2121
2567 2196
2510 2321
2672 2546
2599 2945
2469 2847
2648 2274
2068 2135
2256 2655
2908 2258
2644 1979
2461 3213
2509 2148
2940 2311
2757 2526
2479 2362
2710 2357
2636 2942
2045 2198
2691 2605
2630 3007
1997 2105
2595 2710
1988 2096
2428 2821
2041 2197
2789 3018
2678 2365
2499 2212
2784 3063
2687 2066
2676 2128
2704 2208
2651 2876
2645 2828
2617 2799
2412 2725
2890 2295
2750 2308
2787 2387
2571 2910
2321 2446
2461 3209
2595 3148
2534 3075
2593 3211
2696 3042
2220 2752
2161 2303
2785 2369
2425 3226
2589 2779
2566 2252
2872 2252
2675 2077
2536 2369
2653 2501
2491 2106
2444 2096
2740 3015
2459 2858
2242 2619
2321 2379
2707 2307
2315 2802
2689 2600
2540 3227
2084 2307
2654 2839
2518 2056
2449 2329
2531 2135
2639 2498
2692 2604
2317 2397
2213 2692
1952 2069
2519 2365
2523 2395
2406 2134
2484 2286
2185 2754
2352 2722
2118 2150
2336 2367
2520 2376
2684 3031
2552 3036
2077 2321
2405 2120
2668 2403
2628 2708
2274 2405
2791 2353
2646 2854
2657 2854
2268 2298
2640 3059
2683 2020
2381 2722
2348 2529
2382 2330
2611 2235
2484 2247
2573 2269
2789 2351
2766 2376
2173 2758
2652 2274
2437 3154
2718 3032
2374 2372
2787 2357
2227 2316
2679 2406
2497 2114
2024 2128
2687 2222
2212 2328
2496 2881
2129 2194
2675 2247
2668 2593
2186 2754
2691 2150
2286 2344
2676 2878
2517 2163
2298 2408
2355 2428
2668 2225
2683 2178
2501 3230
2250 2716
2070 2221
2593 2717
2457 2330
2092 2325
2553 3018
2263 2596
2553 3013
2438 2301
2564 2734
2947 2350
2487 2877
2714 2341
2496 2283
2640 3235
2557 2866
2104 2234
2748 3058
2426 2824
2595 2762
2488 2355
2708 2381
2629 3039
2279 2607
2519 3035
2017 2129
1959 2097
2526 3043
1961 2070
2256 2662
2644 2037
2606 3165
2675 1999
2397 2292
2519 2172
2481 2820
2678 2917
2218 2326
2254 2500
2209 2703
2558 3017
2085 2204
2327 2506
2941 2319
2118 2257
2582 2538
2482 3191
2166 2290
2432 3167
2087 2331
2637 2013
2032 2175
2643 3010
2120 2132
2673 2594
2542 3098
2671 2451
2569 3010
2422 2830
2712 2517
2693 2521
2915 2349
2342 2529
2085 2104
2287 2299
2248 2332
1913 2094
2015 2326
2571 2792
1954 2105
2535 3176
2434 2354
2334 2833
2566 3211
1978 2113
2695 2313
2536 2218
2586 2791
2377 2356
2837 2407
2653 2317
2267 2558
2054 2148
2432 2288
2234 2283
2457 2851
2519 3094
2783 2992
2523 2318
2661 2421
2228 2706
2524 2318
2106 2177
2171 2324
2703 2521
2601 3141
2303 2768
2640 2262
2616 3046
2109 2194
2375 2379
2379 2275
2411 2131
2804 2355
2621 3042
1951 2061
2101 2330
2641 2863
2021 2298
2111 2254
2352 2751
2429 2302
2581 2692
2669 3053
2313 2758
2641 2274
2495 3088
2251 2748
2489 3202
2024 2351
2605 2801
2478 2304
2712 2190
2425 3221
2486 2366
2668 2159
2647 3066
2574 2690
2437 2121
2779 2979
2710 2415
2042 2180
2690 2335
2280 2380
2294 2610
2681 2938
2823 2374
2389 2346
2788 3039
2515 2083
2555 2688
2685 2550
2566 2231
2295 2593
2542 3026
2448 2291
2700 2405
2433 2115
2204 2694
2302 2775
2685 2444
2481 2817
2498 2886
2595 3036
2693 2369
2639 2271
2572 2709
2626 2931
1980 2102
2631 3190
2663 2511
2568 2679
2579 2216
2204 2330
1994 2167
2652 3220
1997 2116
2701 2245
2281 2326
2910 2258
2473 3224
2916 2294
2352 2725
2107 2290
2772 2983
2704 2043
2257 2351
2732 2298
2225 2303
2660 2005
2797 3042
2457 3223
2333 2376
2525 2326
2643 2865
2643 2853
2931 2363
2806 2143
2740 2492
2436 3149
2701 2214
2479 3212
2728 3000
2719 2999
2918 2333
2548 2855
2764 2362
2289 2347
2604 2251
2302 2754
2572 2198
2572 2518
2299 2640
2433 2747
2120 2298
2406 2715
2674 2595
2677 2166
2237 2657
2277 2600
2566 3053
2605 3161
2285 2621
2089 2284
2945 2364
2395 2126
2565 3165
2317 2809
2349 2744
2645 2832
2781 2941
2655 2852
1953 2035
2263 2661
2594 3050
2692 2187
1979 2137
2226 2752
2234 2745
2678 2543
2441 2358
2177 2327
2276 2415
2319 2790
2652 3014
2427 2821
2014 2305
2339 2835
2784 2991
2457 2836
2776 2975
2671 2949
2446 2045
2617 2718
2354 2345
2665 2966
2637 2991
2670 3046
2002 2363
2737 2208
2712 2509
2285 2595
2612 2817
2506 2276
2445 2365
2674 2102
2247 2722
2105 2169
2495 2221
2502 2055
2559 3176
2565 3096
2039 2276
2128 2105
2638 3064
2653 2837
2450 2112
2496 2055
2288 2312
2642 2910
2599 3041
2463 2871
2643 3046
2326 2858
2773 2958
2836 2409
2404 2722
2513 2226
2250 2615
2659 1998
2677 2111
2489 2367
2440 2107
2067 2131
2097 2350
2491 3096
2222 2304
2446 2358
2488 2846
1965 2074
2272 2305
2358 2409
2530 3094
2272 2379
2559 3209
2787 3038
2119 2195
2693 2354
2419 2115
2728 2487
2702 2961
2412 2283
2147 2283
2680 2051
2471 2041
2693 2352
2224 2747
1994 2144
2784 2339
2127 2239
1963 2080
2539 2187
2561 3011
2574 2536
2344 2857
2273 2483
2690 2449
2003 2335
2519 2321
2832 2407
2294 2408
2663 3209
2111 2308
2277 2415
2329 2442
1963 2069
2301 2384
2603 2527
2310 2746
2602 2696
2561 3169
2691 2447
2658 2039
2275 2452
2361 2752
1927 2074
2533 2185
2737 2499
2089 2261
2052 2207
2960 2301
2569 2226
2593 3147
2225 2350
2799 2392
2672 2236
2504 2861
2506 2083
2251 2706
2629 1981
2696 2419
2607 2816
2458 2114
2491 3211
2030 2291
2520 2210
2386 2321
2561 2685
2707 2473
2679 2059
2953 2356
2398 2124
2385 2397
2685 2137
2784 3079
2080 2276
2640 2964
2235 2308
2751 2962
2067 2230
2527 3122
2637 2031
2690 2537
2400 2348
2407 2351
1934 2086
2677 1997
2257 2503
2526 2177
2662 3047
2672 2241
2628 2012
2542 2861
2635 3047
2123 2132
2454 2858
2309 2525
2517 2893
1973 2083
2655 2914
2236 2741
2612 2538
2260 2647
2131 2197
2729 3001
2893 2309
2541 3137
2000 2111
2720 3061
2712 2418
2413 2286
2321 2753
2741 2986
2076 2311
2642 3235
2775 2075
2526 3008
2457 3222
2777 2957
2514 2370
2488 3210
2424 2116
2426 3158
2622 2903
2293 2285
2056 2139
2556 2866
2247 2640
2270 2497
2415 2332
1956 2107
2666 2861
2733 3054
2521 3045
2935 2285
2605 2195
2911 2294
2453 2785
2581 2700
2664 2404
2806 3090
2239 2315
2745 3017
2689 2104
2052 2150
2518 2374
2281 2580
2149 2323
2053 2209
2199 2316
2628 2278
2423 3183
2540 2376
2556 2867
1988 2330
2448 2041
2536 3038
2943 2360
2258 2308
2597 3039
2762 2988
2280 2388
2087 2296
2513 3104
2838 2363
2501 3087
2372 2361
2701 3058
2354 2398
2399 2107
2010 2349
2687 2031
2439 2826
2369 2728
2510 3081
2701 2448
2560 2685
2020 2123
2758 2951
2664 3214
2438 2811
2259 2655
2010 2356
2773 2067
2344 2803
2540 2862
2570 3036
2885 2321
1955 2115
2314 2425
2747 2521
2087 2265
2493 2224
2102 2280
2714 2426
1978 2125
2584 2961
2921 2324
2285 2421
2085 2280
2677 2448
2673 2878
2787 2373
2332 2835
2591 2216
2350 2334
2032 2283
2488 2223
2313 2515
2275 2433
2539 3225
2639 2500
2563 3019
2370 2394
2380 2391
2527 2353
2700 2390
2259 2417
2633 3189
2515 2374
1998 2345
2721 3077
2759 2369
2495 2111
2547 3185
2653 2842
2691 2177
2644 2838
2641 2954
2770 2329
2649 2999
2642 2504
2662 2491
2910 2267
2304 2416
2771 2063
2507 3188
2433 2104
2104 2194
2658 2486
2278 2427
2694 2405
2890 2249
2387 2273
2244 2631
2321 2448
2707 2964
2680 2944
2661 2475
2594 2522
2384 2310
2256 2310
2879 2002
2320 2793
2808 3075
2926 2281
2702 2435
2238 2289
2703 2465
2321 2848
1985 2329
2485 2324
2656 2325
1927 2090
2468 2802
2707 2171
2536 3028
1949 2064
2527 2155
2278 2443
2802 3101
2638 2260
2648 3227
2147 2315
2486 3200
2017 2288
2242 2677
2579 2788
2573 2800
2498 3090
2478 3230
2653 2907
2482 2342
2210 2326
2589 2541
2589 2544
2268 2339
2514 3069
2638 2914
2660 2173
2902 2280
2679 2175
2939 2322
2485 2060
2844 2332
2431 3169
2670 2921
2184 2323
2275 2865
2281 2496
2419 2330
2509 3099
2518 3045
2713 2416
2053 2197
2560 3140
2296 2596
2644 2546
2079 2317
2322 2378
1988 2109
2684 2344
2763 2321
2684 2139
2469 2871
2244 2697
2420 2109
2682 2343
2623 2937
2504 3191
2088 2225
2761 2989
2595 2702
2268 2343
2601 2820
2727 3063
2377 2723
2565 2251
2279 2578
2507 2229
2584 2709
2717 2306
2665 2244
2738 2491
2112 2124
2555 2219
2425 2825
2672 2587
1978 2165
2705 2404
2571 2790
2215 2666
2547 2182
2667 2474
2533 3185
2483 2307
2595 3215
2605 2261
2799 3042
2646 3228
2344 2728
2235 2676
2074 2293
2746 3017
2559 2177
2233 2711
2656 1986
2672 3037
2298 2638
2513 3096
2502 2861
2378 2266
2784 2989
2647 3061
2262 2316
2498 2051
2091 2309
2107 2251
2442 2117
2008 2169
2696 2064
2363 2361
2629 2279
2074 2314
2427 2819
2293 2293
2530 3098
2538 3185
2509 2302
2523 2394
2786 3037
2359 2753
2244 2685
2629 2521
2152 2295
2796 3021
2257 2774
2712 3036
2894 2255
2294 2407
2080 2297
2018 2363
2270 2683
2603 2543
2520 3046
2909 2341
2018 2317
2452 2793
2853 2352
2267 2733
2417 2128
2486 2049
2316 2789
2343 2338
2795 2938
2425 3211
2740 3014
2312 2828
2590 3038
2618 2902
1967 2021
2503 2871
2558 3133
2283 2453
2640 3050
2649 2878
2424 2754
2652 2421
2675 3028
2764 3059
2484 2340
2474 2044
2517 2331
2254 2701
2749 2353
2159 2310
2373 2758
2654 3210
2245 2305
2784 3073
2467 2309
2705 2953
2536 2373
2641 2019
2191 2753
2201 2690
2250 2709
2635 3049
2635 3016
2646 3064
2107 2134
2562 3215
2670 2498
2507 2127
2374 2452
2321 2384
2612 2815
2665 2174
2076 2308
2471 2110
2645 3197
2321 2867
2544 3009
2440 2333
1970 2123
2249 2335
2739 2296
2417 2731
2842 2354
2150 2331
2622 2713
2623 2276
2258 2477
2612 2699
2512 2141
2674 2458
2571 2191
2117 2195
2668 2166
2214 2652
2887 2317
2020 2132
2639 2856
2500 2053
2017 2126
2354 2742
2580 2712
2582 2735
2784 2970
2507 3186
2549 3184
2594 2759
2336 2450
2009 2360
2268 2624
2231 2355
2483 2052
2762 2959
2686 2123
2658 2871
2685 2150
2418 3200
2668 2444
2356 2409
2638 2011
2004 2335
2405 2366
2017 2233
2118 2327
2532 2266
2027 2229
2526 2154
2681 2876
2771 2061
2469 2239
2276 2559
2024 2219
2547 2842
2336 2430
2021 2240
2750 2962
2356 2353
2420 3185
2452 3242
2604 2802
2484 2848
2692 3059
2559 2814
2386 2732
2797 3045
2474 2854
2449 2095
2642 2120
2616 3174
2457 2816
2400 2761
2579 2205
2554 3119
2322 2440
2610 2817
2612 2794
2483 2316
2239 2685
2692 2317
2015 2303
2642 3015
2546 2854
2486 2302
2671 3042
2265 2728
2123 2148
2575 2781
2427 2303
2170 2323
2366 2266
2917 2308
2631 2945
2466 2298
2900 2311
2512 3193
2741 2494
2578 2692
2120 2297
2230 2301
2317 2431
2080 2318
2594 3034
2531 2380
2254 2367
2425 2734
2543 2256
2386 2332
2579 2947
2388 2283
2878 2322
2018 2143
2428 3216
2589 2793
2887 2249
2705 2973
2227 2339
2504 2073
2329 2741
2240 2643
2582 2724
2799 3038
2306 2822
2549 2194
2533 2884
2606 2548
2106 2137
2721 3063
2906 2341
2032 2111
2111 2150
2037 2218
2617 2249
2341 2338
2340 2533
2341 2838
2017 2170
2745 2533
2445 2329
2336 2855
2713 2205
1960 2094
2560 3157
2402 2300
2713 2404
2682 2443
2768 2376
2370 2389
2828 2402
2601 3038
2645 2963
2281 2454
2436 3154
1995 2098
2349 2555
2442 2820
2373 2361
2725 2998
2574 2781
2493 2866
2164 2303
2379 2327
2454 2859
2789 2334
2683 2034
2426 2362
2474 2339
2494 2074
2402 2364
2697 3067
2307 2834
2237 2652
2701 2484
1957 2127
2737 3073
2611 2200
2761 2996
2768 2311
2094 2204
2288 2844
2684 2150
2760 2301
2511 3069
2933 2260
2691 2351
2734 3037
2460 2861
2604 2941
1977 2178
2000 2364
2783 2956
2048 2166
2705 2485
2574 3166
2674 2254
2115 2300
2734 2522
2269 2434
2526 2351
2790 3102
2120 2147
2147 2282
2470 2833
2444 2352
2594 2777
2616 2820
2506 2884
2682 2407
2512 2895
2420 3184
2022 2121
2012 2114
2630 2291
2584 2522
2833 2389
2667 2955
2077 2220
2463 2885
2583 2821
2608 2233
2454 3242
2395 2281
2735 2522
2414 2282
1983 2331
2783 2983
2461 2115
2511 3194
2714 2405
2614 3048
2648 2238
2711 2477
2675 2592
2884 2325
2256 2646
2658 1998
2763 3060
2012 2132
2449 2815
2282 2454
2429 2304
2788 2942
1981 2339
2675 2460
2249 2752
2239 2732
1994 2148
2535 3182
2610 2253
2675 2958
2258 2588
2790 2975
2098 2281
2243 2709
2098 2198
2526 2043
2459 2285
2565 2811
2454 2127
2660 2282
2581 2787
2319 2399
2623 2268
2037 2189
2445 2828
2644 2129
2147 2287
2333 2831
2677 2321
2130 2193
2494 2076
2480 2109
1987 2141
2099 2251
2633 2219
2611 2948
2582 2737
2835 2397
2765 2960
2933 2360
2570 2246
2912 2301
2314 2374
2522 3088
2129 2142
2498 2887
1952 2042
2588 2756
2447 2116
2443 2104
2492 3202
2287 2285
2577 2255
2074 2165
2655 3001
2125 2306
2234 2291
2783 2955
2713 2309
2588 2217
2290 2856
2274 2521
2455 2348
2025 2235
2086 2114
2629 3056
2602 2218
2794 3072
2448 2857
2411 2137
2413 2324
2428 2117
2534 2884
2689 2555
2281 2502
2628 2547
2672 2129
2289 2290
2617 3173
2772 2972
2552 3133
2485 3193
2935 2280
2474 2318
2566 2722
2380 2421
2395 2354
2703 2356
2023 2370
2462 2079
2500 2098
2325 2546
2173 2749
2326 516
2607 2813
2584 2209
2431 3215
2614 2198
2410 2298
2414 2327
2658 2341
2676 2369
2694 2447
2189 2331
2272 2480
2905 2347
2610 2254
2652 3232
2403 2313
2238 2615
2440 3147
2701 2104
1948 2108
2450 2105
2370 2419
2287 2492
2773 2962
2063 2210
2614 2205
2604 3162
2010 2113
1985 2328
2668 2164
2542 3032
2584 2787
2747 3008
2515 2373
2509 3100
2435 2356
2183 2322
2455 2328
2652 3004
2267 2382
2753 2996
2690 2130
2646 2029
1961 2108
2572 3149
2231 2335
2457 2346
2753 2301
2283 2432
2648 2906
2699 2058
2718 2210
2261 2619
2255 2656
2111 2290
2274 2865
2561 2259
2280 2444
2574 3039
2614 2938
2692 2150
2526 3069
2557 3228
2460 2834
2287 2311
2839 2405
2293 2299
2403 2753
2619 2830
2657 2487
2668 2259
2107 2336
2201 2335
1961 2120
2120 2134
2674 2459
2245 2684
2738 2984
2846 2363
2269 2339
2514 2045
2870 2343
2538 2218
2440 3150
2239 2742
2698 2216
2710 2488
2595 2775
2540 3201
2255 2614
2683 2344
2654 2317
2585 2764
2343 2335
2275 2578
2777 2967
2118 2130
2702 2515
2110 2166
2939 2282
1955 2035
2635 2987
2223 2300
2505 3193
2526 2178
2494 2888
2635 2914
2291 2395
2317 2376
2700 2046
2666 2594
2648 2360
2029 2291
2655 2847
2920 2307
2707 2504
2522 2395
2557 3021
2327 2749
2306 2416
2023 2223
2650 2030
2710 3078
2543 3011
2305 2776
2081 2294
2586 3208
2730 3043
2593 2946
2133 2195
2266 2615
2709 2492
2353 2448
2652 2291
2459 2099
2349 2734
2697 2531
2277 2371
2248 2726
2507 3077
2208 2663
2544 2212
2684 2080
2648 3223
2337 2392
2061 2209
1976 2134
2911 2338
2810 2975
2265 2674
2764 2991
2557 2686
2617 3174
2582 2821
2332 2860
2508 2860
2729 2220
2008 2323
2690 3058
2372 2367
2453 2094
2005 2156
2516 3108
2039 2183
1995 2334
2482 2356
2065 2213
2679 2032
2738 3045
2389 2358
2044 2210
2672 2239
2129 2297
2663 2991
2707 2044
1940 2103
2298 2756
2580 3044
2243 2347
2786 2344
2244 2620
2055 2209
2691 2601
2598 3171
2671 2947
2662 2120
2677 2324
2475 2803
2650 3230
2501 2888
2648 2034
2790 2353
2728 2222
2727 2487
2477 2890
2286 2845
2397 2399
2452 3233
2106 2131
2631 1980
2686 2338
2155 2322
2286 2415
2906 2288
2271 2343
2945 2354
2270 2608
2691 2411
2437 2327
2332 2748
2671 2965
2563 2909
2778 2049
2640 2998
2444 2786
2533 2180
2433 2331
2773 2960
2515 2299
2959 2359
2712 2388
2708 2322
2321 2389
2474 2106
2594 2221
2551 3222
2750 2300
2628 3168
2623 2233
2670 2564
2298 2538
1948 2075
2716 2316
2214 2735
2259 2414
2525 2374
2738 2499
2565 2185
2510 3056
2137 2113
2687 2957
2538 2189
2679 2128
2757 3065
2537 3189
2740 2228
2221 2746
2779 2320
2279 2512
2578 3205
2235 2316
2283 2561
2426 3208
2538 2251
2268 2576
2254 2705
2368 2444
2829 2382
1978 2181
2315 2750
2668 2227
2570 2519
2262 2615
2356 2444
2503 3084
2326 2440
2795 2948
2637 2542
2229 2747
2534 2369
2633 2499
2898 2261
2276 2388
2320 2804
2553 3089
2281 2864
1940 2070
2702 2232
2120 2192
2590 2271
2534 3124
2662 3003
2437 3169
2030 2127
2642 2828
2554 3033
2730 2290
2273 2576
2914 2259
1986 2096
2450 2300
2585 2534
2685 2354
2671 2109
2270 2415
1923 2095
2233 2714
2503 3230
2507 3095
2609 3151
2621 2825
2000 2110
1961 2072
2557 3097
2756 2205
2782 2374
2592 2724
2732 3049
2520 2046
2336 2524
2681 2875
2493 2285
2544 3102
2842 2408
2676 2068
1987 2328
2640 3061
2675 1995
2432 3228
2419 3194
2825 2939
2675 2944
2550 3185
2257 2480
2578 2972
2121 2139
2387 2341
2584 3045
2153 2330
2527 3186
2336 2828
2486 2061
2800 2972
2793 2368
2940 2309
2836 2358
2785 2998
2723 2218
2919 2302
2270 2561
2627 2230
2791 3020
2520 3094
2496 2237
2424 3208
2654 2858
2398 2297
2584 2253
2628 2859
2501 3098
2488 2353
2256 2501
2531 3011
2950 2354
2546 2852
2329 2437
2286 2857
2525 2166
2850 2355
2261 2340
2037 2124
2672 2234
2236 2735
2740 2504
2588 2713
2720 3018
2109 2290
2555 3232
2643 1990
2436 2339
2569 2801
2741 2505
2190 2321
2546 2183
2751 2311
2524 3045
2132 2193
2557 3169
2700 2535
2696 2188
2034 2266
2295 2496
2696 2944
2372 2432
2277 2552
2642 2269
2674 2098
2440 2320
2238 2353
2798 2357
2520 2916
2478 2093
2532 3014
2115 2298
2392 2356
2809 2933
2484 2251
2402 2361
2687 2399
2680 2499
2135 2157
2405 2132
2510 2216
2226 2751
2273 2335
2653 2905
2430 2740
2073 2223
2261 2606
2249 2637
2647 2854
2920 2336
2512 2144
2550 3033
2256 2701
2693 2561
2852 2343
2687 2446
2529 2895
2483 2290
2622 3186
1995 2167
1968 2106
2570 3037
2669 2585
2498 2105
2386 2423
2111 2289
2472 2243
2645 1990
2781 2967
2338 2377
2353 2443
2708 2418
2103 2282
1920 2073
2382 2426
2643 2351
2892 2250
2208 2314
2330 2551
1975 2103
2346 2431
2265 2309
2357 2555
2028 2230
2230 2641
2277 2423
2513 2315
2431 2304
2674 2019
2879 2322
2520 3086
2243 2697
2259 2751
2674 2872
2233 2706
2041 2213
2582 2824
2702 2960
2681 2399
2056 2147
2569 2910
2428 2348
2651 1986
2768 2522
2455 2333
2198 2768
2239 2313
2319 2741
2558 3221
2633 1967
2664 2968
2754 2514
2397 2756
2320 2390
2676 2046
2581 2248
2905 2271
2657 2413
2510 3210
2516 2890
2680 2225
2663 2515
2662 2121
2841 2363
2545 3122
2625 3042
2591 2271
2240 2726
2276 2566
2066 2121
2708 2354
2645 3187
2270 2350
2568 3213
2512 2274
2491 3212
2321 2532
2607 2237
2263 2561
2504 3216
2209 2688
2595 2253
2956 2294
2293 2614
2036 2272
2670 2592
2683 2033
2687 3065
2711 2540
2732 3021
2564 3099
2439 2320
2275 2416
2285 2594
2587 2706
2324 2410
2496 3184
2622 2904
2919 2353
2074 2125
2485 2340
2765 2996
2519 2893
2673 2491
2244 2280
2630 2941
2677 3030
2576 2946
2354 2726
2565 2197
2551 2221
2420 3215
2744 2493
2766 2065
2090 2340
2030 2120
2653 3225
2593 2699
2628 2025
1916 2112
2590 3154
2803 2951
2088 2288
2945 2353
2433 2103
2582 2699
2788 2352
2748 2962
1989 2330
2465 2874
2575 2268
2286 2396
2630 2997
2695 2223
2355 2382
2491 2057
1977 2115
2626 2899
2443 2322
2259 2415
2599 2260
2431 3152
2484 3200
2446 2359
2700 3042
2570 2795
2737 3025
2636 2032
2518 2145
2499 2883
2338 2428
2006 2339
2188 2755
2649 3009
2647 2240
2575 2799
2788 2384
2373 2725
2664 2222
2929 2280
2603 2693
2887 2258
2650 2038
2573 2191
2808 3045
2582 2786
2850 2352
2207 2684
2503 2872
1986 2336
2667 2001
2657 2967
2702 2201
2526 3121
2854 2351
2464 2283
2658 2305
2296 2767
2560 2240
2080 2215
2511 2327
2869 2348
1920 2090
2956 2356
2703 2486
2704 2494
2207 2694
2646 3177
2341 2441
2561 2182
2824 2358
2605 2543
2244 2312
2290 2302
2703 2247
1975 2097
2616 2252
2721 2090
2118 2153
2667 2041
2528 3032
2275 2397
2913 2337
2640 2038
2636 2854
2515 2367
2012 2148
2660 2550
2553 3204
2099 2341
2086 2236
2550 3134
2784 2356
2199 2680
2507 2274
2577 2919
2697 2329
1938 2054
2804 3097
2722 2315
1982 2333
2605 3028
2818 2358
2260 2322
2730 2200
2618 2899
2648 3215
2954 2291
2340 2400
2513 3108
2922 2335
1972 2116
2138 2116
2694 2369
2629 2008
2549 2858
2417 3209
2523 3102
2963 2356
2267 2652
2447 2115
2607 2817
2826 2389
2052 2214
2714 2344
2185 2323
2681 2164
2268 2300
2701 2319
2236 2738
2583 2538
2845 2349
2032 2243
2704 3035
2794 3070
2528 2172
2677 2078
2451 2079
2918 2270
2477 2046
2825 2370
2503 2074
2628 2508
2910 2289
2900 2281
2619 2892
2698 2528
2417 3150
2679 2230
1952 2072
2927 2344
2467 2100
2783 3076
2281 2743
2603 3144
2356 2729
2417 3181
2310 2506
2301 2819
2377 2754
2421 2829
2568 3092
2375 2391
2357 2379
2666 2237
2151 2309
2720 2996
2086 2198
2785 3035
2650 2283
2280 2584
2640 2116
2812 2934
2571 2532
2652 3003
2562 3200
2735 3063
2397 2288
2748 2313
2701 2219
2580 3036
2246 2280
2541 2207
2601 2251
2607 2956
2039 2118
2292 2741
2248 2306
2033 2102
2319 2756
2479 2890
2433 2750
2109 2121
1987 2116
2505 2216
2132 2109
2678 2555
2719 2314
2320 2427
2091 2315
2788 3010
2554 3087
2547 2198
2775 2981
2060 2156
2497 2216
2524 2135
2652 2276
2540 3225
2632 2873
2715 2370
2542 2834
2694 2064
2555 3009
2598 2709
2703 2043
2563 2251
2839 2330
2081 2121
2926 2293
2588 2723
2556 2689
2604 2939
2517 2075
2545 2838
2718 2207
1993 2105
2258 2770
2127 2305
2801 3103
2707 2384
2405 2114
2106 2138
2663 2868
2654 2419
2483 2056
2637 1992
2632 2710
2478 2046
2696 2048
2468 2313
2762 2522
2577 3039
2399 2754
2467 2859
2658 2899
2796 2391
2551 3133
2320 2441
2287 2861
2638 1995
2319 2744
2610 2700
2251 2626
2572 2260
2241 2314
2358 2727
2241 2643
2472 2888
2665 2243
2676 2174
2092 2327
2331 2421
2561 2231
2619 3043
2661 2991
2501 3091
2550 2870
2018 2226
2103 2148
2918 2263
2900 2280
2633 2907
2554 2255
2527 2272
2725 3037
2510 3072
2695 2409
2098 2129
1960 2114
2500 3087
2461 2079
2852 2342
2623 2934
2117 2250
2439 2331
2410 2316
2502 2358
2633 2912
2703 2248
2641 2112
2644 3203
2667 2520
2308 2811
2015 2132
2560 3172
2514 2210
2689 2330
2274 2578
2623 2232
2770 2960
1917 2079
2645 3005
2463 2862
2472 3224
2328 2530
2083 2294
2647 2906
2567 2810
2480 2044
2817 2941
2633 1979
2668 2911
2740 2984
1938 2059
1981 2337
2329 2435
2319 2409
2758 2307
2421 2360
2266 2760
2270 2407
2345 2757
2773 2082
2780 2373
2483 2348
2914 2301
2786 3016
2925 2279
2469 2104
2611 2939
2337 2532
2451 3233
2630 2519
2710 2540
2622 2905
2613 2815
2571 2744
2167 2329
2228 2348
2718 2202
2516 3077
2578 3015
2661 2513
2519 2326
2677 2562
2074 2168
2573 2528
2343 2724
2233 2622
2583 3154
2635 1973
2372 2759
2558 3158
2573 3126
2657 2179
2666 1993
2226 2715
2717 2491
2762 2203
2360 2408
2475 2237
2234 2312
2786 2338
2399 2352
2778 2321
1953 2115
2000 2151
2272 2865
2656 3234
2239 2725
2132 2197
2782 2957
2707 2060
2493 2108
2874 2330
2097 2142
2406 2317
2589 2747
2398 2123
2584 2217
2564 2225
2585 2697
2920 2303
2311 2504
2659 2546
2972 2299
2266 2329
2184 2334
2438 2830
2472 2345
2203 2339
2434 2116
2267 2334
1974 2165
2587 2718
2666 1994
2651 2852
2330 2503
2033 2097
2559 2238
2428 2333
2433 2351
2691 3058
2572 3151
2443 2307
2544 2875
2522 2077
2237 2624
1919 2118
2354 2387
2613 3165
2569 2700
2706 3039
2486 2224
2790 2964
2770 2322
2755 2348
2430 2120
2394 2349
2544 3223
2036 2126
2577 3161
2657 2479
2955 2294
2884 2324
2524 2134
2560 2181
2646 2952
2698 2199
2458 3220
2737 2205
2633 2708
2663 3057
1967 2072
1997 2160
2454 2376
2588 2539
2543 2204
2353 2554
2106 2162
2794 2397
2653 2280
2526 2370
2411 2117
2351 2545
2739 3005
2733 2203
2912 2267
2573 2957
2679 3024
2325 2392
2537 2880
2884 2321
2489 2874
2836 2363
2382 2427
2642 3011
2551 3132
2227 2742
2583 2788
2387 2398
2676 2571
2274 2615
1976 2181
2842 2404
1973 2084
2634 2534
2711 2060
2654 1992
2695 2420
2492 2861
2276 2428
2526 2374
2442 2783
2932 2310
1946 2124
2215 2686
2452 3202
2542 2867
2611 3153
2543 3022
2274 2534
2031 2239
2508 3082
2430 3166
2912 2317
2557 3136
2945 2296
2418 3158
2878 2329
2071 2209
2795 2345
2481 2329
2521 2292
2558 3169
2644 3183
2246 2281
2661 1998
2345 2759
2001 2364
2936 2323
2644 2855
2373 2376
2643 2866
2535 2374
2695 2404
2308 2406
2687 2355
2921 2323
2246 2653
2287 2421
2263 2719
2493 2106
2778 2050
2570 3052
2197 2755
2303 2501
2287 2298
2827 2390
2581 3043
2091 2202
2255 2645
2499 2359
2616 2706
2762 2991
2603 3156
2470 2242
2419 3215
2330 2809
2598 2530
2491 2085
2232 2623
2717 3024
2520 2314
2409 2724
1970 2019
2726 2999
2634 3062
2678 2088
2661 2126
2541 3199
2646 2002
2573 3145
2703 2207
2950 2285
2668 2039
1972 2104
2562 2813
2218 2308
2889 2251
2383 2728
2953 2288
2706 2501
2795 2954
2111 2331
2337 2542
2125 2134
2636 2525
2129 2309
2582 2715
2640 2851
2258 2596
2275 2590
2291 2282
2277 2551
2681 2055
2274 2519
2509 2372
2268 2396
2316 2531
2540 3222
2579 3211
2711 3075
2272 2357
2314 2756
2541 3092
2699 3068
2330 2866
2693 2505
2106 2251
2102 2126
2662 2363
2667 2473
2722 2094
2437 3157
2449 2300
2761 2998
2595 3171
2142 2294
2910 2325
2678 2002
2321 2798
2412 2134
2521 2318
2298 2540
2515 2284
2294 2348
2356 2391
2672 2105
2438 3156
2530 3097
2575 2821
2696 2356
2576 2974
2553 3012
2131 2194
2702 2327
2680 3023
2558 2178
2672 2065
2371 2435
2252 2353
2583 2826
2682 2392
2893 2248
2520 3088
2668 2518
2425 3165
2408 2297
2338 2526
2461 2865
2789 2980
2525 3050
2724 2218
2845 2342
2585 2535
2708 2061
2931 2353
1918 2073
2707 2309
2231 2717
2608 2105
1916 2074
2609 3150
2358 2403
2515 3108
2673 2093
2582 2719
2514 2075
2579 2543
2492 2243
2510 2122
2082 2321
2302 2773
2560 2913
2314 2527
1995 2338
2921 2325
2524 3046
2464 3212
2676 2371
2289 2863
2617 2819
2607 2240
2269 2306
2263 2477
2441 2314
2504 2869
2918 2295
2528 2228
2831 2355
2428 2349
2081 2298
2648 2904
2623 2864
2660 2408
2320 2780
2203 2754
2594 2254
2486 2233
2237 2292
2030 2372
2683 2058
2460 2285
2374 2371
2201 2761
2554 3231
2702 2187
2582 3030
2726 3036
2036 2269
2789 2377
2397 2124
2568 3008
2662 2513
2460 2801
1964 2024
2236 2719
2307 2605
1921 2098
2938 2322
2493 2360
2386 2334
2771 3059
2652 2845
2028 2228
2543 3031
2112 2306
2496 2356
2537 3121
2316 2798
1987 2115
2717 2999
1967 2076
2393 2355
2271 2336
2085 2281
2567 2814
2565 3190
2745 3018
2350 2739
2308 2414
2442 2096
2552 2182
2302 2509
2525 3187
2485 2349
2730 3066
2446 2321
1961 2123
2508 2231
2099 2255
2107 2332
2660 3042
2286 2586
2689 2606
2671 2519
2090 2111
2786 2995
2460 3215
2707 2502
2665 2561
2555 3202
2418 2371
2409 2726
2673 2229
2711 2416
2833 2400
2409 2369
2232 2717
2656 2301
2401 2303
2595 2753
2614 2806
2049 2144
2297 2529
2605 2956
2444 2827
2665 2295
1951 2107
2528 2891
2634 1994
2702 2214
2328 2417
2357 2407
2485 2881
2674 2460
2935 2323
2290 2398
2447 2088
2739 2976
2418 2362
2738 3047
2670 2043
2674 2877
2542 2206
2851 2353
2508 2372
2272 2386
2894 2265
2512 2320
2491 3093
2718 2374
2716 2993
2468 2116
2589 2712
2509 3201
2595 2815
2018 2287
2685 2395
2713 2200
2508 3184
2829 2389
2521 2326
2276 2565
2701 2050
2783 2940
2832 2393
2490 2310
2668 2562
2405 2390
2320 2444
2593 3145
2715 2972
2445 2364
2627 2899
2122 2288
2534 3173
2518 2153
2630 2518
2200 2316
2333 2808
2498 2207
2636 2873
2228 2697
2663 2430
2685 2569
2481 2225
2014 2127
2434 2363
2650 2345
2721 2490
2750 2359
2693 2394
2618 2796
2693 2357
2704 2242
2713 2514
2541 2877
1954 2026
2296 2751
2701 2249
2640 2960
2063 2158
2089 2201
2642 3236
2370 2439
2568 2727
2688 2412
2430 3210
2776 2960
2250 2631
2231 2624
2292 2395
2012 2358
2016 2168
2475 2241
2322 2438
2226 2301
2541 3030
2702 2170
2694 2226
2075 2309
2107 2255
2277 2501
2245 2647
2718 3065
2097 2134
2322 2398
2918 2281
2006 2355
2004 2163
2524 2918
2674 2406
2000 2160
2002 2146
2580 3040
2793 2394
2269 2353
2806 2141
2067 2123
2416 2737
2619 3178
2779 2984
2674 2101
2132 2126
2495 2226
2182 2335
1995 2169
2458 2809
2200 2343
2015 2354
2155 2296
2364 2720
1976 2122
2528 2218
2411 2129
2550 3132
2374 2417
2513 2076
2832 2400
1976 2174
2894 2317
2951 2286
2108 2293
2583 2717
2748 3009
1946 2131
2192 2325
2437 2828
2843 2353
2771 2982
2118 2256
2514 2159
2420 2332
2688 2339
2641 2987
2640 2236
2298 2543
2429 3170
2801 3025
2258 2614
2659 2330
1987 2113
2703 2168
2699 2391
2690 2396
2310 2514
2671 2564
1966 2034
2748 2293
2314 2379
2495 2059
2576 2812
2501 2229
2650 2892
2338 2439
2266 2559
2653 2545
2356 2429
2754 2365
2425 2117
2789 2993
2610 2239
2422 3217
2319 2445
2226 2691
2570 3118
2253 2726
2567 3092
2284 2602
2641 2231
2029 2294
2574 2737
2627 2199
2489 2292
2553 3038
1973 2132
2439 3153
2660 2968
2321 2401
2661 2294
2549 3145
2782 2339
2804 3029
2332 2808
1966 2075
2262 2397
2672 2368
2714 2345
2203 2683
2650 2292
2707 2415
2563 2205
2492 2242
2704 2174
2550 2222
2273 2548
2687 2359
2403 2307
2706 3029
2418 3195
2445 2356
2751 2971
2772 3067
2486 2229
2543 2869
2760 2522
2663 2129
2566 3092
2392 2347
2662 2868
2604 2201
2661 1994
1962 2070
2538 3189
2714 2425
1984 2332
1971 2104
1989 2116
2419 2281
2076 2312
2002 2152
2647 2557
2023 2308
2728 3025
2577 2796
2444 2771
2675 2020
2771 2972
2328 519
2528 2272
1977 2122
2513 3210
2325 2858
2646 1987
2115 2253
2228 2347
2445 2771
2022 2371
2651 3215
2665 2128
2017 2286
2503 2116
2459 2291
2488 2087
2920 2348
2592 2708
2494 2283
1994 2116
2649 2242
2437 2825
1970 2097
2286 2746
2638 3037
2294 2612
2546 2196
2072 2165
2666 2585
1917 2103
2022 2350
2495 2076
2667 2586
2449 2091
2267 2472
2311 2422
2405 2364
2600 2526
2462 2293
2587 2538
2546 2853
2506 2866
2416 2766
2629 2006
2640 2980
2791 2405
2063 2126
2287 2316
2287 2851
2601 2955
2906 2259
2567 2179
2393 2297
2272 2560
2632 1988
2603 3146
2080 2271
2242 2317
2443 3237
2742 2976
2796 2943
2655 2317
2459 2800
2284 2494
2150 2335
2514 2047
2690 2181
2125 2144
2449 3232
2261 2399
2705 2315
2716 2370
2038 2256
2953 2291
2548 3171
2656 2510
2641 1988
2523 2293
2306 2388
2673 2519
2022 2219
2693 2536
2090 2295
2795 3027
2120 2146
2359 2729
2035 2219
2552 3202
2688 2147
2615 2104
2447 2826
2676 2955
2037 2194
2596 3040
2073 2173
2505 3189
2463 2835
2082 2098
2426 2303
2654 2325
2550 3222
2480 3220
2786 2331
2699 2477
2687 2451
2721 2202
2634 2009
2134 2128
2757 2202
2483 2227
2123 2195
2219 2695
2710 2954
2650 2882
2492 2322
2731 2995
2098 2166
2246 2713
2440 2775
2276 2420
2311 2808
2306 2520
2063 2163
2532 3110
2615 3037
2200 2312
2608 2542
2680 2052
2505 2074
2020 2318
2328 2442
2431 2115
2523 3082
2799 3105
2653 2242
2787 2970
2423 3213
2480 3200
2637 2010
2700 2530
2269 2399
2531 2077
1987 2100
2212 2317
2276 2305
2279 2564
2822 2944
2717 2995
2696 2528
1944 2061
2289 2394
2654 2856
2276 2344
2279 2584
2736 2495
2288 2531
2235 2645
2287 2592
2716 2323
2569 2687
2696 2045
2485 2303
2791 2367
2624 3163
2274 2734
1916 2077
2763 2067
2389 2421
2399 2760
2561 3185
2642 2856
2525 2356
2503 2225
2274 2468
1931 2085
2105 2340
2808 3088
2130 2196
2768 3061
2890 2288
2576 2711
1927 2058
2184 2752
2906 2347
2641 2037
1942 2055
2584 3154
2904 2304
2288 2535
2275 2418
2224 2349
2191 2750
2403 2363
2504 2221
2586 2955
2272 2358
2419 2370
2039 2185
2516 2048
2533 3124
2484 2243
2459 3215
2832 2368
2535 3198
2633 2221
2785 2384
2846 2336
2334 2525
2617 2708
2498 3188
2329 2864
2355 2436
2690 2224
2608 2817
2683 2569
2653 2361
2607 3048
2683 2050
2481 2240
2289 2733
2410 2762
2764 2061
2101 2159
2289 2741
2482 3201
2059 2162
2288 2420
2798 3037
2072 2224
2432 2740
2454 2081
2417 2117
2642 3007
1928 2057
2508 3213
2511 3204
2788 2347
2521 2894
2572 2812
2680 2248
2460 2880
2227 2313
2253 2622
2516 3084
2092 2243
2569 3143
2743 2508
2086 2274
2228 2333
2505 2218
2536 3035
2619 2710
2514 3083
2628 2706
2541 2862
2292 2636
2600 3167
2046 2196
2444 3230
2658 2417
2479 2103
2677 2084
2259 2650
2732 3038
2927 2324
2713 3064
2525 2223
2075 2290
2588 2259
2514 3056
2283 2315
2697 2466
2229 2649
2786 2368
2292 2633
1997 2336
2746 3018
1919 2073
2500 2356
2510 3074
2643 3229
2646 2553
2764 2311
2109 2342
2488 2304
2025 2293
2559 3221
2610 2927
2680 2167
2272 2679
2444 2320
2690 2174
2540 2191
2658 2362
2646 2031
2904 2307
2179 2750
2652 3055
2395 2106
2828 2398
2305 2416
2072 2130
2457 2336
2130 2302
2613 3174
2761 2367
2373 2273
2216 2326
2625 2249
2529 2390
2704 2183
2760 2312
1947 2107
2326 520
2539 3127
2633 2523
2233 2715
2266 2659
2260 2662
2528 2319
2558 3222
2703 3031
2689 2166
2719 2105
2435 3224
2498 2245
1927 2089
2580 2695
2756 2347
2754 2346
2424 3210
2399 2362
2331 2833
2789 2979
2890 2298
2698 2325
2388 2391
2748 2294
2498 2102
2281 2738
2488 3096
2727 2222
2627 2824
2707 2949
2649 2542
2546 2187
2249 2636
2526 2218
2342 2334
2963 2292
2355 2745
2503 3054
2614 2105
2631 2286
2299 2386
2537 3027
2618 2832
2698 2508
2467 2311
2760 2368
2272 2422
2256 2774
2745 2205
2329 2376
2140 2129
2626 2274
2641 3200
2797 2950
2163 2303
2396 2106
2339 2848
1978 2122
2461 3218
2270 2354
2382 2718
2268 2757
1932 2069
2752 2971
2623 2197
2697 2064
2680 2496
2696 2364
2604 2804
2787 2338
2121 2132
2788 2345
2506 3093
2715 2374
2621 2711
2617 2714
2434 2763
2191 2751
2438 3155
2265 2334
2737 3054
2261 2436
2290 2603
2532 3095
2842 2361
2475 2837
2663 2003
2651 2244
2426 2102
2528 2183
2749 3055
2574 3212
2614 3180
2048 2139
2385 2296
1977 2102
2474 2327
2421 3165
2533 2881
2587 3047
2666 2965
2673 2452
2625 3176
2669 2225
2455 3228
2509 2215
2659 2174
2651 2325
2660 2216
2353 2411
2683 2048
2099 2350
2003 2361
2791 3047
2674 2077
2665 2516
2110 2331
2584 2761
2582 2752
2449 2119
2260 2596
2073 2169
2022 2352
2878 2328
2573 3013
2340 2763
2530 3227
2592 2760
2261 2768
2240 2693
2545 2870
2483 2363
2093 2270
2086 2234
2338 2450
2269 2479
2905 2344
2709 2963
1975 2096
2436 3168
2705 3071
2272 2734
2045 2156
1964 2074
2588 3208
2616 2197
2289 2845
2579 2697
2579 2696
2503 2867
2913 2318
2524 3057
2915 2296
2472 2238
2664 2009
2875 2245
1996 2335
2432 3154
2411 2355
2407 2319
2873 2330
2029 2178
2891 2249
2089 2340
2010 2327
2905 2257
2178 2754
2394 2287
2505 3214
2515 3106
2033 2268
2449 2103
2161 2309
2426 2306
2133 2199
2226 2693
2640 2228
2742 2210
2282 2486
2521 3035
2507 2361
2489 2099
2638 2216
2640 2547
2460 2283
2701 2331
2671 2551
2658 2034
2640 1991
2203 2755
2259 2477
2334 2370
2779 2046
2671 2460
2639 2217
2742 2493
2689 2339
2656 2238
2661 2006
1972 2134
2787 2944
2677 3073
2582 2802
2765 2306
2037 2264
2667 2923
2493 2240
2465 2295
2316 2394
2642 2124
2682 2340
2038 2190
2627 2195
2781 2140
2013 2329
2717 2209
2488 3098
2395 2355
2352 2350
2426 2330
2685 2152
2803 2124
2370 2417
2664 2985
2603 2938
2544 2870
2705 2186
2533 3133
1974 2133
2680 3022
2796 3098
2506 2142
2279 2604
2737 2311
2392 2348
2410 2296
2865 2322
2684 2601
2688 2597
2075 2314
2312 2824
2624 2905
2666 2515
2295 2497
2547 3017
2635 2534
2841 2357
2562 2535
2630 2938
2051 2133
2654 3003
2651 2854
2536 2208
2478 3228
2653 3233
2908 2301
2451 2283
2632 3060
2824 2366
2559 2181
2775 2972
2490 2373
2682 2368
2263 2361
2525 2383
2644 3188
2680 2060
2660 2406
2673 3046
2618 3044
2710 3067
2820 2365
2569 3012
2700 2476
2614 3026
2663 2241
2443 2311
2606 2957
2290 2741
2112 2196
2351 2339
2341 2388
2255 2756
2617 2716
2469 2039
2687 2375
2289 2728
1989 2102
2670 2545
2943 2297
2673 3037
2297 2284
2626 2861
2238 2731
2341 2805
2034 2237
2056 2165
2090 2262
2662 2968
2423 2334
2635 2983
2608 2700
2558 3100
2492 2116
2910 2322
2931 2258
2586 2213
2375 2359
2852 2349
2583 2706
2096 2352
2736 3037
2478 2811
2250 2660
2089 2288
2492 2103
2457 2344
2553 3084
2613 2934
2155 2326
1974 2019
2712 2338
2630 1969
2257 2644
2686 2022
2117 2251
2275 2344
2436 2327
2232 2660
1936 2060
2708 2528
2574 2929
2680 2551
2642 3190
2779 2995
2125 2200
2105 2279
2267 2560
2482 2808
2508 2059
2687 2322
2477 2050
2788 2957
2895 2284
2685 2538
2414 2135
2307 2516
2467 2312
2660 3047
2316 2375
2648 2290
1964 2109
2666 2520
2726 3030
2611 2528
2497 3224
2659 3212
2316 2534
1977 2169
2337 2372
2537 2189
2623 2556
2341 2395
2019 2306
2569 2532
2735 2987
2237 2733
2915 2347
2607 2808
2692 2106
2765 2995
2371 2354
2000 2348
2397 2353
2661 2494
2791 2941
2512 2210
2254 2362
2305 2385
2365 2725
2614 2107
2685 2364
2598 2210
2693 2171
2093 2142
2054 2224
2034 2272
2071 2210
2525 2213
2327 2742
2425 3203
2578 3149
2346 2800
2742 2510
2522 2165
2264 2329
2447 2107
2371 2366
2631 1969
2551 3123
2636 2940
2655 2849
2151 2314
2561 3152
2207 2753
2793 3017
2737 2497
2650 2284
2006 2320
2536 3034
2426 2099
2565 2196
2068 2208
2570 3114
2502 2352
1993 2343
2722 2101
2273 2550
2372 2757
2432 2763
2338 2849
2403 2398
2706 2184
2691 2410
2007 2146
2417 2750
2295 2639
2884 2244
2260 2363
2647 2030
2003 2149
2476 2831
2421 2109
2133 2297
2077 2214
1999 2118
2489 3091
2019 2241
2443 2113
2174 2745
2299 2608
2242 2725
2288 2537
2318 2432
2424 2333
2531 2880
2770 2522
2114 2305
2395 2104
1933 2060
2322 2507
2584 2221
2621 2892
2611 2255
2331 2545
2715 2318
2261 2439
2285 2736
2716 3066
2678 2328
1923 2088
2704 2497
2674 2084
2784 3014
2357 2744
2307 2766
2282 2384
2478 2848
2479 2109
2668 2172
2592 2271
2682 2230
2218 2307
2268 2615
2765 2959
2466 2050
2290 2853
2060 2125
2205 2327
2385 2309
2701 2438
2567 2224
2654 2040
2498 2138
2103 2172
2583 2723
2231 2287
2111 2302
2242 2647
1967 2080
2025 2287
2237 2673
2508 2370
2564 3172
2955 2292
2336 2749
2646 3062
2706 2488
2039 2216
1960 2080
2279 2562
2740 2529
2233 2709
2591 2211
2679 2062
2651 2871
2553 3124
2897 2263
2358 2380
2277 2864
2665 2256
2586 2764
2700 2396
2914 2335
2668 2001
2557 2677
2775 2975
2631 3033
2440 2776
2143 2294
1917 2102
2404 2397
2537 2864
2642 2037
2764 2366
2274 2417
2274 2564
2284 2547
2280 2432
2302 2633
2032 2168
2243 2693
2469 2876
2599 2820
2589 2263
2798 2969
2487 2285
2117 2148
2393 2356
2342 2390
2615 2557
2208 2659
2668 2326
2524 3079
2519 2317
2224 2338
2542 2862
2297 2633
2394 2130
2462 2834
2909 2267
2280 2417
2736 3064
2932 2258
2550 3205
2286 2602
2521 2158
2607 3031
2165 2322
2055 2146
2527 2392
2706 2185
2611 2949
2653 3224
2642 2021
2615 2947
2541 3198
2095 2325
2236 2352
2730 3038
2465 2100
2304 2503
2053 2217
2320 2849
2565 2204
2420 2280
2474 2879
2923 2348
2586 2962
2607 2234
2739 2502
2666 2220
2927 2282
2399 2345
2571 3051
1980 2339
2439 2776
2611 2241
2291 2396
2388 2716
2542 2216
2911 2259
2108 2122
2594 2775
2271 2416
2669 3038
2001 2366
2764 2326
2492 2309
2457 2046
1978 2103
2511 3114
2068 2167
2109 2241
2560 2257
2710 2060
2609 2251
2729 2489
2089 2135
2720 2101
2104 2190
2451 2284
2290 2863
2519 2145
2622 2715
2632 2525
2544 2834
2737 2998
2671 2917
2064 2147
2460 2299
2511 3090
2787 3067
2450 2123
2674 2257
2541 2185
2261 2675
2640 2502
2248 2654
2074 2172
2635 3198
2871 2340
2126 2195
2480 3216
2341 2397
2684 2395
2477 2100
2535 2884
2574 2224
2731 3026
2869 2345
2572 2930
2508 3070
2264 2481
2506 2227
2283 2486
2575 3014
2727 2995
2090 2266
2227 2754
2539 2881
2681 3041
2550 3029
2265 2345
2347 2553
2490 2348
2412 2281
2273 2486
2419 2121
2646 3216
2480 2057
2285 2341
2509 3069
2089 2298
2511 2123
2529 2190
2099 2326
2778 2980
2755 2365
2108 2181
2033 2119
2014 2349
2267 2714
1973 2126
2658 2279
2441 2331
2106 2335
2655 3211
2273 2401
2102 2274
2650 2832
2666 2988
2800 3039
2650 2996
2310 2526
2801 2125
1978 2164
2689 2335
2479 3199
2681 2167
2410 2288
2438 2108
2679 2326
2924 2296
2548 2188
2905 2260
2916 2262
2498 2231
2087 2281
2071 2125
2598 2208
2461 2111
2704 2522
2670 2473
2671 2247
2659 2430
2294 2599
2484 2355
2085 2133
2939 2360
2496 2217
2415 2293
2933 2353
2042 2194
2594 2755
2740 3017
2646 3060
2616 2941
2065 2121
2808 3074
2720 2212
2609 2816
2026 2308
2115 2296
2426 2128
2288 2390
2534 3182
2654 3233
2333 2751
2869 2241
2450 2107
2105 2197
2713 2378
2763 2360
2704 2483
2481 2053
2633 2530
2068 2119
2377 2270
2479 2318
2662 2369
2028 2111
2010 2169
2627 2507
2695 2197
2931 2354
2743 2291
2531 3102
2459 3237
2510 3101
2530 2388
2425 2102
2393 2389
2191 2335
2462 2866
2252 2626
1999 2160
2906 2284
2430 2299
1982 2172
2654 2872
2510 2360
2926 2350
2609 2249
2679 2248
2083 2325
2558 3209
2635 2004
2612 3167
2088 2277
2516 2229
2262 2598
2571 2929
2372 2423
2687 2357
2698 2058
2107 2234
2510 2225
2519 2375
2708 3068
1954 2040
2730 2990
2577 3155
2568 2530
2057 2208
2573 3164
1952 2098
2420 2278
2794 3097
2603 3169
1966 2110
2264 2605
2537 3199
2312 2528
2778 2325
2530 2263
1958 2107
2580 2948
2112 2292
2571 2688
2654 2511
2733 3017
2903 2315
2576 3037
2499 2281
2582 2760
2270 2627
2654 2027
2256 2661
2594 2754
2367 2397
2443 2370
2595 2725
2194 2323
2698 2191
2374 2370
2656 2206
2957 2295
2569 2194
2073 2314
2641 3007
2528 3089
2703 2042
2798 3033
2656 2306
2805 3044
2631 2940
2568 2683
2449 2376
2563 3215
2108 2196
2870 2236
2026 2287
2281 2322
2594 2521
1926 2085
2402 2301
2671 2539
2669 2562
2105 2144
2771 2525
2777 2976
2056 2153
2630 3038
2795 2364
2736 2310
2582 2803
2598 2948
2275 2349
1979 2115
2288 2739
2675 1996
2715 2487
2551 2255
2499 3211
2259 2662
2504 2319
2370 2396
2224 2326
2320 2442
2067 2281
2391 2126
2321 2509
2680 2152
2085 2212
2597 3043
2705 2498
2658 2852
2447 2809
2537 3076
2246 2700
2239 2723
2452 2092
2009 2323
2072 2225
2012 2159
2083 2321
2522 2135
2562 2230
2511 2071
2649 2967
2058 2155
2698 2184
2679 2153
2640 2989
2107 2171
2450 3206
2764 2068
2498 3224
1997 2108
2386 2348
2066 2129
2132 2297
2602 2541
2596 2816
2765 2286
2072 2288
2287 2498
2443 2111
2795 3016
2324 2422
2015 2300
2896 2317
2906 2329
2434 2368
2782 3075
2400 2366
2573 2537
2361 2444
2659 2515
2695 2561
2530 3177
2124 2309
2352 2527
2663 2004
2011 2331
2625 2930
2888 2297
2589 2542
2291 2392
2431 3213
1980 2128
2912 2326
2211 2650
2674 3038
2276 2537
2323 2374
2747 2978
1984 2345
2777 2958
2452 2815
2117 2135
2713 2389
2680 2102
2567 2183
2366 2375
2939 2316
2278 2352
2634 3046
2727 2224
2432 2752
2718 2978
1964 2022
2435 2100
2455 2087
1945 2130
2710 2368
2281 2432
2508 2884
2787 2355
2665 2220
2710 2515
2549 2686
2405 2363
2788 2334
2454 2801
2742 2505
2914 2296
2355 2409
2812 2361
2452 2362
2423 2354
2662 2258
2717 2090
2557 3147
2472 2856
1916 2108
2668 2245
2686 2029
2581 2782
2020 2136
2270 2606
2373 2437
2480 2885
2660 3211
2453 2801
2513 3201
2805 3046
2581 2201
2894 2308
2024 2360
2391 2277
1985 2345
2614 3034
2879 2252
2448 2815
2907 2320
2700 2534
2888 2303
2298 2507
2255 2661
2906 2257
2642 2964
2624 2273
2638 2866
2446 2791
2562 2226
2466 2049
2322 2408
2935 2322
2460 2281
1984 2115
2374 2432
2666 2308
2628 1986
2042 2177
2733 2298
2437 3153
2295 2638
2235 2708
2150 2285
2534 2261
2265 2445
2387 2314
2650 2967
2502 3182
2759 2202
2787 3013
2448 2119
2657 2287
2507 2303
2567 2919
2675 2517
2287 2352
2316 2830
2347 2378
2240 2285
2514 3072
2184 2749
2079 2219
2354 2549
2506 2218
2372 2355
2174 2757
2756 2365
2939 2358
2674 2880
2813 2939
2341 2439
2918 2336
2433 2812
2073 2214
1971 2005
2414 2332
2709 3038
2507 2860
2588 2708
1964 2034
2372 2376
2488 2888
2715 2485
2211 2648
2622 2192
2446 2337
2557 3152
2517 2065
2712 2447
2245 2353
2733 3051
2684 2340
2380 2423
2274 2453
2661 2420
2503 3193
2501 3184
2121 2147
2795 2945
2550 2686
2581 2219
2413 2118
2020 2215
2267 2605
2498 2361
2808 3098
2344 2759
2542 3025
2736 2304
2570 2551
2403 2715
2695 2396
2794 2392
2482 2328
2606 2804
2675 3029
2571 2684
2473 2872
2786 2372
2267 2740
2472 2312
2778 2994
2638 2988
2662 3058
2633 2505
2827 2380
2337 2834
2446 2316
2672 2230
2679 3068
2271 2297
2697 2534
2765 2064
2451 3202
2941 2320
2019 2371
2738 2226
2556 3097
2601 2542
2548 3023
2286 2352
2546 2203
2104 2260
2557 2223
2388 2728
2264 2421
2364 2721
2834 2407
2674 2161
2559 3181
2115 2295
2685 2460
2674 2404
2318 2393
2234 2657
2245 2339
2637 2907
2704 2433
2682 2103
2893 2296
2061 2147
2705 2536
2623 3193
2146 2340
2935 2362
2753 2969
2607 3162
2244 2695
2891 2286
2670 2965
2924 2272
2814 2938
2648 2271
2340 2430
2698 2198
2740 2495
2831 2398
2337 2536
2219 2308
2604 3031
2741 3074
2422 2106
2093 2136
2200 2753
2651 2281
2029 2118
2790 2387
2669 3025
2732 3064
2117 2252
2409 2293
2560 2242
2706 2991
2381 2349
2646 3224
2784 2990
2235 2664
2592 2259
2647 2236
2127 2138
2320 2739
2584 2793
2616 2555
2787 2960
2497 3219
2753 2199
2730 3041
2094 2315
2552 2256
2354 2555
2448 2328
2635 3063
2672 2576
2451 2788
2489 2091
2798 1633
2710 2216
2651 2345
2411 2320
2693 2229
2236 2314
2536 3032
2277 2545
2126 2131
2067 2279
2593 2821
2534 3121
2594 3209
2243 2283
2079 2314
2377 2358
2618 2234
2294 2381
2311 2421
2129 2127
2216 2666
2618 2110
2435 3176
2300 2607
2280 2735
2684 2063
2517 2061
2575 2252
2931 2352
2513 2163
2794 2938
2274 2573
2384 2331
1930 2088
2718 2998
2264 2428
2448 2112
2648 3186
2251 2750
2728 3069
2443 2772
2434 3215
2467 2817
2692 2947
2308 2817
2399 2394
2686 2340
2757 2373
2103 2195
2309 2421
2366 2378
2273 2615
2110 2345
2562 3186
2275 2396
2773 2062
2130 2202
2442 2294
2559 3099
2612 2521
2266 2404
2633 1993
2113 2339
2763 2362
2509 2327
2343 2434
2610 2812
2713 2307
2461 2817
2192 2751
2176 2324
2595 2774
2857 2349
2171 2328
2718 2362
2285 2605
2577 2217
2317 2500
2445 2837
2587 2263
2560 3141
2912 2261
2699 2216
2517 3037
2662 2174
2660 2551
2211 2694
2582 2770
2629 2857
2613 2933
2444 2317
2688 2393
2651 2285
2543 2832
2788 2370
2354 2451
2517 2371
2391 2289
2573 2727
2519 2280
2578 3150
2266 2306
2259 2482
2713 2306
2582 3032
2808 2932
2575 3152
2675 2213
2806 2948
2699 2397
2421 3187
2180 2333
2415 3150
2525 2914
2637 2549
2483 2098
2507 3052
2481 2109
2672 2001
2800 2969
2639 2270
2390 2360
2545 2863
2060 2207
2179 2323
2513 3036
2424 3199
2244 2283
2528 2394
2636 2284
2099 2344
2965 2361
2577 2201
2299 2538
2488 2094
2582 2733
2041 2195
2173 2746
2711 2970
2909 2323
1987 2352
2119 2147
2470 2857
2361 2414
2771 2524
2498 2116
2286 2587
2729 3004
2305 2530
2563 3164
2279 2586
2717 2988
2432 2351
2088 2266
2256 2416
2385 2400
2459 2286
2501 2242
2759 3058
2423 2116
2345 2389
2446 2375
2079 2210
2707 2966
2682 2393
2681 2176
2681 2367
2740 3028
2404 2751
2570 2782
1999 2124
2687 2347
2265 2678
2279 2428
2600 3170
2313 2382
2369 2438
2620 2274
2581 3206
2754 2359
2679 3073
2230 2640
2099 2342
2511 2074
2654 3051
2229 2745
2026 2132
2024 2369
2787 2359
2525 2182
2411 2127
2325 2390
2724 2216
2649 2266
2654 3228
2642 2270
2668 2540
2654 2360
2496 2870
2483 2233
2241 2625
1968 2081
2530 2378
2114 2338
2650 2267
2516 2050
2236 2292
2609 2200
1993 2098
2275 2535
2935 2355
2402 2349
2863 2347
2210 2704
2497 2284
2464 3210
2681 2452
2262 2479
2631 2008
2715 2420
2439 2301
2258 2593
2669 2438
2743 2201
2238 2721
2265 2716
2290 2534
2547 3225
2690 2376
2421 3193
2410 2332
2324 2502
2569 3188
2567 3189
2373 2455
2351 2554
2516 2059
2223 2328
2249 2680
2087 2198
2597 2263
2522 2391
2702 2413
2657 3056
2790 3075
2629 2109
2249 2726
2579 3045
2418 2733
2097 2329
2706 2487
2552 3183
2515 2282
2409 2361
2514 2161
2704 3071
2681 2103
2648 2288
2374 2272
2760 2302
2447 2822
1992 2332
2451 2792
2654 2888
1923 2096
2277 2372
2102 2189
2655 2840
2876 2254
2674 2080
2853 2350
2469 2868
2366 2436
2360 2405
2563 3191
2882 2249
2301 2851
2933 2308
2626 2903
2589 3047
2376 2435
2420 2372
2736 2994
2774 3066
2110 2122
2477 2098
2609 2806
2480 2365
2493 2245
2612 2539
2478 2340
2517 2330
2697 2048
2278 2455
2037 2217
2786 2979
2447 2044
2585 2217
2580 2787
2634 2704
2564 2194
2124 2296
2938 2358
2338 2445
2595 2712
2538 3199
2031 2123
2301 2505
2404 2753
2663 2510
2081 2124
2778 2996
2585 2698
2571 3114
2257 2504
2601 2949
2107 2146
2384 2275
2573 3124
2270 2403
2714 2489
2234 2685
2624 2551
2889 2257
2584 2798
2451 2856
2244 2711
2687 2326
2544 2259
2625 1966
2586 3151
2613 3163
2736 2309
2686 2952
2663 2428
2568 2691
2439 2327
2608 2232
1980 2115
1998 2115
2443 2318
2670 2401
2767 2981
2679 2568
2593 3050
2525 2135
2283 2595
2438 2772
2715 2212
2396 2365
2344 2343
2499 3189
2710 2045
2321 2378
2518 2174
2821 2360
2445 2102
2121 2296
2548 2857
2489 3096
2693 2317
2604 2943
2132 2127
2291 2741
2511 3193
2682 3072
2712 2371
2570 2683
2898 2248
2415 2757
2463 2865
2597 2199
2650 2241
2482 2309
2262 2666
2261 2397
2505 3052
2639 2262
2334 2440
2638 3016
2244 2285
2480 3213
2776 2318
2508 3183
2698 2316
2454 2782
2510 2377
2656 2338
2510 3204
1947 2061
2014 2326
2586 2797
2702 2456
2546 3017
2227 2335
2765 2984
2424 3203
2247 2281
2519 2897
2333 2832
2643 3236
2288 2603
2717 2489
2320 2396
2028 2286
2670 2922
2104 2197
2275 2377
2274 2412
2670 2920
2651 3220
2542 2207
2650 2871
2661 2419
2610 2232
2480 2244
2209 2648
2272 2350
2492 2079
2365 2366
2115 2191
2095 2261
2299 2744
2486 2241
2481 2343
1966 2118
2101 2160
2493 2057
2498 2321
2697 3070
2660 2301
2680 3038
2157 2284
2290 2747
2602 3049
2679 2220
2229 2754
2005 2167
2769 2063
2460 2078
1970 2125
2433 2816
2645 1977
2668 2553
2700 2223
2702 2457
2918 2308
2750 2295
2574 2534
2787 2358
2464 2101
2626 2108
2629 2212
2470 2850
2908 2341
2576 2694
2563 2809
2196 2761
2626 2707
2918 2269
2799 3102
2644 3230
2279 2857
2293 2634
2575 2181
2452 2081
2113 2308
2689 2601
2396 2397
2271 2655
1940 2056
2361 2387
2122 2241
2308 2854
2434 3220
2669 2457
2023 2282
2960 2294
2650 2481
2709 2045
2685 2501
2698 2182
2658 3052
2659 1989
2670 2222
2652 2285
1927 2086
2279 2510
2512 3210
2627 2939
2806 2138
1960 2071
2610 3026
2089 2343
1974 2006
2683 2953
2554 3019
2554 3017
2912 2271
2325 2425
2254 2753
2489 2095
2317 2798
1971 2029
2774 2374
2469 2839
2239 2614
2262 2394
2275 2303
2639 2261
2938 2364
2922 2324
2506 2326
2629 3010
2647 2027
2088 2223
2768 2983
2578 2270
2378 2272
2519 2040
2270 2603
2552 2859
2019 2317
2606 2958
2219 2651
2472 2311
2516 2369
2657 1999
2638 2990
2476 2843
2531 2378
2756 2521
2487 2889
2308 2528
2649 2263
2252 2354
2073 2229
2475 2326
2906 2248
2086 2106
2580 2517
2372 2392
2655 2327
2552 3132
2845 2407
2558 3210
2691 2604
2534 3193
2806 3075
2584 2788
2071 2223
2679 2596
2029 2121
1935 2061
2614 2108
2202 2678
1941 2070
2466 2114
2685 3074
2251 2664
2640 2857
2256 2307
2892 2316
2444 2115
2449 2089
2775 2053
2685 2178
2744 2490
2752 2966
2706 2208
2705 2962
2627 1965
2320 2827
2698 2443
2931 2281
2049 2138
2448 2851
2415 3213
2666 2313
2653 2003
2504 2352
2207 2750
2471 2854
2571 2517
2028 2378
2343 2868
2401 2114
1962 2018
2642 2952
2261 2662
2560 2229
2024 2286
2537 2390
2387 2347
2542 2828
2077 2130
2708 2217
1941 2057
2573 2542
2545 3121
2483 2367
2650 1987
2688 2605
1995 2105
2422 2365
2658 2263
2843 2331
2033 2216
2677 2016
2436 2751
2761 2204
2312 2406
2852 2352
2278 2501
2311 2523
2756 2345
2053 2148
2110 2185
1964 2101
2570 2518
2024 2237
2652 3229
2753 2345
2639 2019
2519 2043
2354 2452
2834 2355
2548 2189
2493 2228
2394 2310
1931 2059
2095 2266
2291 2316
2570 2190
2659 2000
2584 2762
2525 2270
2799 3025
2645 2262
2698 3062
2131 2311
2262 2664
1956 2127
2669 2466
2595 2703
2547 2867
2867 2331
2658 2320
2082 2100
2668 2310
2197 2759
2272 2864
1989 2354
2311 2814
2327 2809
2704 2507
2779 2337
2251 2320
2677 2216
2534 3125
2265 2734
1978 2117
2657 2291
2352 2545
1969 2019
2660 2321
2625 2932
2052 2136
2104 2160
2579 2804
2115 2292
2726 2281
2305 2509
2507 2222
2344 2855
2265 2328
2706 3030
2703 2182
2469 2337
2961 2367
2694 2607
2197 2753
2117 2335
2525 2259
2526 2388
1971 2015
2497 2887
2572 2920
2667 2074
2754 3060
2709 2540
2643 3211
1951 2063
2454 2117
2784 2355
2910 2344
2655 3005
2189 2327
2619 2935
2747 2315
2014 2346
1960 2072
2538 3173
2769 2366
2735 3022
2239 2352
2111 2170
2271 2604
2224 2327
2897 2264
2242 2616
2886 2252
1998 2117
2486 3094
2671 2465
2463 2293
2040 2187
2583 2949
2774 2073
2702 3072
2508 2217
2088 2340
2128 2131
2958 2368
2703 3044
2683 2032
2569 3137
2633 2025
2280 2737
2573 2922
2695 2419
1956 2091
2510 2217
2501 2101
2889 2256
2766 2290
1994 2343
2653 2287
2309 2401
2735 3054
2449 2039
2342 2861
2001 2365
2634 2511
2650 2480
2900 2305
2215 2659
2261 2495
2021 2244
2588 2789
2701 2434
2320 2785
2608 2803
2438 3159
2672 2175
2537 2187
2500 2105
2699 2242
2596 2725
2390 2287
2697 2194
2574 2953
2501 2227
2658 3208
2525 3117
2469 2831
2147 2286
2518 2079
2524 2906
2774 2963
2340 2838
2658 2363
2013 2286
2409 2719
2787 3078
2665 2161
2607 2947
2406 2351
2577 3214
2131 2105
2705 2184
2751 2351
2499 2882
2885 2317
2487 2363
2613 2793
2492 3090
2357 2435
2502 3088
2276 2380
2677 2156
2313 2409
2600 2262
2480 2056
2657 3224
2608 2808
2711 2471
1963 2103
2066 2284
2451 2097
2414 2132
2426 2302
2333 2528
2428 3229
2587 2704
2078 2221
2714 2217
2100 2244
2067 2231
2610 2248
2824 2373
2828 2377
2590 2216
2041 2188
2443 2364
2261 2393
2680 2954
2441 2307
2592 3043
2558 3179
2785 2994
2589 2720
2541 2186
2408 2353
2541 3118
2563 3159
2653 2881
2661 3058
2872 2330
2059 2146
2845 2334
2358 2449
2729 3002
1953 2069
2269 2490
2416 2729
2358 2379
2678 2104
2667 2174
2328 2526
2655 2423
2270 2320
2667 3041
2558 2221
2260 2726
2089 2311
2249 2612
2670 2539
2943 2358
2516 2211
2656 2037
2098 2245
2462 2247
2505 2137
1994 2113
2751 2353
2720 2486
2561 2682
2688 2539
2558 3033
2448 2856
2255 2607
2518 2141
2682 2178
2594 2712
1960 2093
2477 2295
2516 2068
2703 2957
2638 2958
2690 2034
2083 2277
2940 2286
2271 2865
2236 2354
2530 3113
2711 2474
2497 2116
2640 2222
2034 2234
2925 2283
2902 2315
2312 2746
1974 2021
2654 2418
2254 2762
2653 3047
2262 2315
2148 2295
2699 2050
2288 2377
2018 2118
2582 2717
2803 2975
2760 2994
2668 2451
2535 2173
2640 2238
2683 3038
2768 3062
2776 2055
2052 2154
2451 2130
2615 2206
2671 2548
2649 2831
2581 2530
2267 2418
2533 2183
2770 3062
2515 3046
2446 2374
2578 2751
2281 2859
2677 2227
2488 2890
2281 2624
2626 2914
2477 2058
2631 2025
2610 3163
2670 2491
2255 2499
2347 2435
2225 2354
2322 2508
2713 2207
2527 2268
2246 2690
2532 3042
1918 2114
2575 2249
2237 2737
2547 3134
2663 2491
2655 2290
2608 2696
2038 2245
2510 2072
2517 3109
2605 2201
2746 3007
2116 2335
2180 2325
1967 2082
2636 2856
2603 2101
2565 3214
2634 2907
2325 2401
2113 2248
2513 2313
2287 2622
2550 2858
2639 3064
2584 2725
2609 2231
2441 2774
2275 2536
2439 2335
2515 2369
2554 2870
2622 2248
2658 3221
2459 2809
2510 3069
2620 2903
2465 2882
2621 3178
2435 2308
2574 2246
2317 2443
2138 2294
2270 2501
2200 2680
2793 2388
2891 2320
2583 2800
2108 2259
1995 2348
2629 2516
2501 2226
2581 2703
2638 2923
2074 2320
2491 2225
2566 2224
2504 2126
2078 2290
2020 2227
2590 2950
2692 3064
2727 2286
2087 2245
2479 2295
2770 2971
2369 2442
2595 2541
2795 2363
2292 2634
2376 2390
2018 2362
2433 2305
2267 2330
2188 2334
2641 3006
2390 2310
2707 2419
2716 2310
2383 2327
2412 2293
1921 2078
2206 2707
2107 2241
2649 1993
2295 2280
2320 2781
2204 2692
2670 2130
2882 2262
2504 2315
2531 2172
2493 3218
2089 2313
2637 2016
2266 2331
2910 2327
2701 2946
2697 2221
2017 2131
2422 2362
2496 2216
2806 3086
2683 2326
2470 2885
2453 3237
2784 2372
2262 2661
2498 2058
2436 2821
2672 2162
2238 2660
2090 2274
2449 2105
2590 2762
2684 2346
2549 3134
2017 2354
2546 2857
2570 2956
2683 2402
2583 2203
2537 2374
2260 2478
1977 2168
2562 3193
2474 2886
2961 2292
2344 2724
2556 3182
2166 2285
2305 2785
2509 2887
2220 2319
2548 2184
2454 3236
2720 3064
2574 2820
2368 2398
2788 3074
2078 2209
2764 2522
1929 2066
2032 2236
2651 3216
2703 2178
2507 3183
2733 2508
2037 2180
2559 2240
2778 3067
2739 3051
2473 2888
2312 2428
2273 2398
2802 2948
2274 2577
2427 3216
2703 2231
2445 2044
2614 3178
2018 2129
2414 2118
2624 2249
2583 2518
1962 2031
2963 2357
2649 2998
2571 2256
2674 2514
2674 1994
2782 2343
2632 2279
2675 2516
2798 3025
2784 2343
2706 2516
2357 2341
2634 2512
2692 2321
2785 3014
2013 2143
2426 3211
2289 2599
2501 3186
1979 2008
2090 2309
2661 2908
2825 2941
2516 3069
2520 3084
2336 2857
2562 2809
2104 2256
2452 2094
2553 3227
2268 2405
2692 2446
2503 2351
2574 3160
2528 2177
2049 2143
2444 2368
2279 2601
2595 2537
2449 2350
2574 2181
2110 2243
2453 2860
2683 2382
2057 2165
2493 2219
2895 2254
2528 3068
2431 3181
2485 2848
1989 2166
2727 2219
2099 2195
2570 2687
2636 2828
2525 2902
2539 3121
2437 3167
2355 2345
2889 2280
2648 2001
2540 2866
2036 2253
2519 2330
2606 2257
2441 2368
2262 2764
2073 2172
2036 2109
2589 3157
2563 2224
2640 2852
2584 2534
2879 2251
2024 2285
2546 2259
2271 2737
2694 2944
2581 2738
2068 2207
2694 2312
2658 2418
2636 2497
2702 2180
2124 2236
2418 2757
2533 3173
2435 2363
2429 2755
2266 2757
2587 3044
2445 2817
2695 2231
2913 2341
2642 2836
2832 2402
2452 2123
2653 3048
2539 2256
2533 3226
2263 2324
2628 2940
2770 2070
2728 3056
2603 3143
2542 3014
2664 2321
2076 2165
2089 2223
2706 2425
2681 2165
2458 2113
2518 2159
2319 2806
2513 2371
2107 2138
2070 2220
2482 3214
2289 2393
2494 2307
2758 2304
2235 2665
2563 3150
2097 2132
2679 2939
2702 2204
2286 2492
2530 3038
2509 2076
2642 2833
2668 2492
2692 2352
2647 2290
2676 2451
2507 2079
2264 2419
2572 3141
2131 2297
2747 2314
2427 3184
2345 2529
2442 2334
2438 3158
2259 2619
2217 2664
2357 2339
2949 2356
2048 2144
2549 2847
2688 2322
2621 2886
2513 2316
2532 2267
2509 2364
2491 3099
2313 2755
2736 2314
2120 2199
2504 2057
2525 2895
2516 2150
2014 2345
2181 2321
2555 2678
2854 2345
2085 2275
2282 2582
2528 3104
2647 3056
2332 2861
2328 2839
2629 3035
2513 3070
2274 2600
2576 3014
1950 2050
2530 2266
2761 2322
2288 2301
2112 2249
2261 2607
2538 2879
2319 2391
2257 2660
2025 2138
2359 2726
2646 2283
2776 3066
2652 2499
2814 2939
2648 1989
2277 2516
2641 3032
2331 2426
2588 2800
2833 2402
2680 2062
2661 2542
2256 2754
2657 2894
2134 2293
2400 2732
1982 2136
2430 3167
2019 2132
1940 2072
2435 3150
2033 2242
2203 2312
2329 2436
2553 2688
2748 3013
2311 2823
2692 2104
2538 2207
2676 2554
2508 2315
2355 2443
2390 2274
2645 1989
2479 3224
2535 2389
2345 2740
2620 2231
2674 3041
2778 2957
2512 2143
2576 2735
2093 2236
2627 3199
2427 2102
2643 2292
2514 2143
2441 2737
2648 2236
2650 2841
2767 2373
2899 2285
2424 3217
2027 2110
2114 2335
2731 3038
2226 2349
2659 2001
2906 2340
2411 2369
2690 2393
2129 2199
2685 2151
2722 2201
2633 1968
2678 2168
2635 2511
2414 2291
2288 2534
2664 2159
2720 3000
2835 2375
2570 2226
2684 2327
2539 2373
2597 2264
2492 2289
1974 2026
2769 2054
2283 2601
2489 3212
2784 3049
2949 2353
2353 2547
2099 2280
2635 3034
2785 2978
2515 2228
2099 2253
2506 2079
2733 2493
2446 2376
2812 2933
2300 2529
2653 3006
2528 2379
2674 2092
2541 3014
2145 2336
2370 2436
2117 2253
2702 2331
2669 2441
2674 2243
2688 2130
2677 2153
2568 3143
2646 2130
2321 2504
2503 3212
2207 2693
2689 2536
2485 2878
2085 2129
2674 3037
2285 2493
2581 2744
2499 2139
2018 2373
2582 2800
2232 2643
2764 2308
2684 2102
2695 2536
2512 3097
2603 3025
1953 2029
2548 3021
2343 2378
2787 2334
2226 2341
2333 2446
2548 2823
2544 3008
2455 2079
2021 2215
2399 2105
2684 2025
2682 2029
2544 2827
2518 3115
2547 2861
2772 3063
2286 2497
2664 3047
2946 2294
2636 2990
2730 3040
2674 2501
2680 2147
2453 3242
2354 2346
2609 2957
2525 2362
2544 3183
2640 3036
2082 2127
2046 2159
2575 2953
2652 2277
2666 2462
2244 2306
2636 2946
1917 2104
2756 2206
2671 2576
2277 2424
2242 2610
2105 2273
2270 2618
2363 2756
2735 2977
2712 2105
2793 3011
2082 2225
2561 3009
2649 2852
2890 2316
2464 2891
2059 2163
2276 2436
2716 3076
2617 2110
2703 2539
2529 3115
2545 2180
2669 2244
2463 2839
2553 3085
1963 2074
2578 3034
2324 2391
2110 2290
2715 2977
2495 2321
2734 2313
2577 3165
2711 2311
2840 2359
2477 2835
2272 2365
2649 2842
2687 2104
2755 2303
2824 2215
2755 2307
1921 2091
2559 3199
2322 2742
2287 2536
1999 2119
2476 2345
2665 2040
2495 2243
2071 2221
2337 2749
2353 2741
2279 2431
2284 2488
2668 2324
2672 2911
1972 2129
2688 2411
2122 2193
2104 2255
2464 3208
2012 2127
2635 2714
2035 2245
2635 2541
2767 2956
2912 2294
2561 3158
2399 2310
2773 2372
2151 2301
2674 2439
2139 2337
1984 2346
2593 2823
2756 2346
2372 2441
2488 2089
2517 3036
2756 3003
2910 2346
2573 2733
2607 2954
2156 2311
2402 2723
2275 2373
2839 2397
2545 2181
2651 3019
1921 2074
2084 2108
2774 2965
2100 2185
2372 2428
2469 3207
2023 2242
2140 2292
2652 2358
2574 2742
2787 3090
2479 2313
2245 2334
2696 2416
2088 2331
2701 2061
2264 2675
2677 2218
2268 2574
2463 2330
2656 2360
2481 3228
2770 2532
2580 2694
2282 2741
2633 2872
2521 3036
2099 2198
2733 2506
2403 2765
2387 2323
2267 2333
2451 3240
2656 3002
2621 2887
2717 3020
2283 2389
2079 2293
2441 2359
2846 2340
2284 2389
2597 3171
2753 2967
2274 2509
2613 3142
2258 2597
2694 2397
2627 2706
2923 2282
2693 2183
2654 2263
2789 2988
2681 2401
2517 3035
2391 2340
2402 2756
1925 2061
2579 2270
2436 2338
2785 2377
2350 2722
2640 2913
2711 2425
2691 2944
2272 2499
2633 3046
2492 2092
2122 2135
2847 2336
2657 2178
2285 2415
2431 2826
2534 3041
1954 2097
2106 2167
2353 2721
2246 2722
1967 2078
2729 2222
2642 3058
2718 2099
2591 3044
2080 2116
2517 2079
2099 2183
2466 2292
2296 2498
2960 2359
2458 3234
2127 2137
2543 3224
2804 2140
2648 2114
2475 2888
2687 2395
2571 3014
2584 2542
2575 3030
2579 2529
2787 2384
2699 2447
2213 2736
2523 3080
2660 3051
2843 2360
2694 2067
2595 3153
2428 2819
2652 1988
2260 2771
2643 3182
2292 2632
2885 2300
2439 2822
2529 2882
2254 2587
2584 2966
2543 3183
2613 3168
2705 2528
2451 2098
2475 3219
2280 2599
2104 2285
2571 3028
2426 2116
2557 3139
2350 2430
2000 2150
2628 2011
2684 2319
2705 2231
2581 2706
2824 2370
2622 2556
2427 2336
2621 2797
2233 2621
2505 2362
2799 3023
2648 3009
1999 2113
2614 2101
2481 2295
2941 2288
2404 2767
2601 2956
2321 2380
2954 2366
2257 2366
2423 2280
2379 2422
2275 2374
2661 2514
2788 2985
2667 2258
1961 2031
2658 2901
2271 2449
2500 2131
2017 2347
2371 2441
2903 2309
2028 2178
2291 2374
2417 3199
2502 3217
2619 2825
2624 3192
2702 2107
2633 3188
2678 2373
2449 3236
2615 2271
2788 3086
2777 3066
2643 2123
2639 3034
2528 2893
2377 2273
2699 2106
2490 2233
2639 2859
2738 3024
2118 2135
2959 2367
2436 2746
2632 2946
2085 2325
2503 2228
2611 2234
2517 2368
2155 2284
2495 2870
2609 2258
2511 2314
2801 3046
2674 2258
2397 2341
2576 2725
2479 2226
1949 2122
2291 2540
2789 2403
2511 3071
2804 2947
2666 2077
2671 2913
2370 2729
2515 3201
2462 2101
2564 3219
2497 2052
2640 3064
2090 2240
2670 2460
2735 2206
2628 2703
2291 2612
2453 2788
2773 2078
2440 2772
2444 2296
2619 2194
2901 2315
2505 2270
2462 2837
2248 2723
2292 2378
2572 2224
2213 2311
2197 2754
1976 2351
2486 2845
2684 2380
2672 2364
1957 2036
2707 2386
2636 2944
2290 2286
2481 2884
2506 2220
2297 2742
2712 2422
2018 2321
2910 2334
2628 2518
2667 2224
2642 2539
2675 2083
2603 2528
2209 2689
2608 3149
2749 2517
2265 2344
2018 2120
2236 2302
2479 2301
2336 2539
2294 2850
2234 2672
2870 2241
2573 2711
2840 2329
2758 2373
2521 2905
2672 2476
2095 2141
2573 3142
2578 2529
2450 3235
1974 2082
1956 2106
2308 2855
2729 3026
2452 2126
2218 2747
2739 3038
2664 2419
2706 2311
2253 2754
2231 2711
2652 2309
2498 2281
2894 2258
2402 2753
2874 2247
2665 2518
2286 2323
2744 3014
2420 3188
2688 2397
2451 3207
2483 2305
2398 2365
2650 2852
2708 2446
2055 2165
2668 2401
2662 2987
2387 2720
2674 2362
2754 2200
2144 2339
2948 2364
2794 2365
2627 2518
2648 2234
2237 2641
2500 2287
2784 2982
2814 2359
2268 2305
2009 2361
2650 2891
2272 2605
2598 3170
2522 2293
2775 2323
2055 2148
2685 2124
2096 2283
2337 2835
2412 2113
2631 3014
2032 2123
2313 2851
2140 2333
2032 2097
2482 2056
1928 2061
2787 2401
2570 2251
2634 1991
2589 2260
2410 2364
2832 2355
2569 2810
2908 2272
2642 2025
2420 3186
2667 2462
2211 2656
2553 3205
1989 2098
2794 3091
2387 2343
2616 2253
2910 2290
2575 2256
2215 2664
2609 2805
2105 2126
2452 2330
2274 2535
2789 2963
2688 2950
2388 2315
2495 2131
2129 2191
2743 3015
2413 2365
1961 2114
2692 2229
2653 2218
2565 2229
2622 2824
2703 2354
2699 2064
2738 3074
2242 2644
2518 2146
2642 3182
2695 2563
2939 2309
2885 2326
2597 2220
2251 2627
2693 2315
2233 2710
2412 2369
2581 3209
2560 3023
2394 2387
2471 2311
2419 2331
2562 2197
2269 2469
2709 2365
2279 2418
2695 2501
2241 2705
2544 3033
2098 2250
2583 2802
2400 2112
2662 2283
2578 3049
2631 2946
2292 2285
1977 2028
2919 2346
2446 2329
2703 2510
2357 2392
2020 2228
2811 2139
2669 2398
2420 2333
2758 3064
2451 2806
2082 2323
2578 2975
2285 2742
2605 2546
2849 2345
2676 2874
2575 2255
2240 2725
2287 2415
2789 2960
2445 2788
2311 2784
2910 2343
2716 2489
2366 2752
2585 2214
2639 2997
2422 3195
2277 2291
2895 2266
1948 2099
2527 3085
2090 2341
2609 3023
1954 2072
2360 2434
2799 2126
2203 2313
2702 2458
2261 2618
2549 2197
2631 3191
2368 2426
2411 3219
2386 2331
2322 2854
2674 2216
2658 2484
2122 2309
2478 2885
2311 2416
2752 2352
2233 2297
2735 2297
2267 2746
2679 2393
2561 2175
2679 2228
1994 2165
2668 2006
2670 2038
2605 2237
2191 2327
2509 2230
2687 2393
2588 2270
2290 2854
2273 2683
2043 2164
2783 3079
2710 3033
2641 2262
2445 2810
2317 2375
2453 2376
2464 3209
2924 2284
2325 2503
2670 3051
2711 2955
2082 2113
2059 2145
2674 3044
2523 3031
2716 2371
2507 2126
2352 2445
2653 2245
2672 2369
2330 2545
1986 2118
2211 2318
2832 2372
2486 2234
2929 2322
2517 2127
2624 3178
2768 2361
2629 3190
2268 2497
2103 2249
2909 2309
2685 2179
2527 2077
2677 2915
2915 2308
2550 3036
2768 2323
2292 2496
2653 2839
2702 3068
2581 2215
2323 2409
2740 2305
2301 2759
2886 2249
2712 2518
2237 2621
1968 2129
2646 2263
2627 2934
2734 3022
2549 2821
2578 2768
2089 2111
2578 3206
2782 3057
2630 1984
2886 2321
2212 2300
2710 2187
2463 2841
2274 2653
2673 2370
2695 2506
2561 2230
2227 2340
2910 2333
2620 2808
2699 2530
2803 2139
2281 2297
2246 2612
2105 2277
2112 2337
2585 2265
2563 2226
2456 3213
2547 3018
2602 2776
2485 3196
2288 2314
2357 2396
2449 2328
2218 2327
2297 2757
2637 2498
1933 2067
2769 2961
2655 2316
2279 2863
2039 2181
2727 2205
2626 2709
2344 2869
2686 2102
2526 2219
2432 2301
2757 2342
2698 2523
2709 2368
2477 2851
2894 2257
2508 3077
2481 2293
2797 3049
2252 2643
2260 2699
2690 2352
2770 2527
2425 2302
2652 2031
2586 3156
2582 2723
2322 520
2575 3145
2092 2202
2736 2523
2669 2444
2262 2616
2481 2049
2297 2599
2658 2549
2268 2667
2770 2328
2663 2257
1975 2013
2520 2919
2798 2126
2000 2156
2246 2637
2684 2147
2453 2787
2593 2817
2417 3157
2333 2865
2686 2446
2573 2741
2578 2217
2697 2468
2487 2228
2573 2740
2705 2435
2659 2214
2574 3146
2505 2860
2273 2458
2548 3087
2435 2825
2672 2324
2078 2212
2470 2896
2583 2733
2458 2852
2430 3183
2624 2715
2034 2284
2479 2050
2239 2293
1975 2132
2784 2940
2661 2319
1916 2105
2662 2418
2652 2026
2261 2769
2703 3073
2868 2332
2647 2541
2358 2726
2163 2325
2200 2683
2418 3196
2397 2118
2629 2288
2331 2425
2103 2175
2066 2215
1967 2081
1961 2069
2440 3222
2364 2753
2568 3028
2632 2227
2651 2126
2717 2367
2066 2230
2648 2263
2787 3010
2116 2248
2446 2087
1974 2013
2535 3180
2602 2938
2573 2251
2775 2061
2656 2279
2718 2493
2757 2519
2802 2971
2279 2560
2252 2309
2096 2250
2087 2211
2268 2608
2241 2294
2649 2115
2006 2357
2702 3043
2689 3071
2887 2300
1934 2065
2134 2113
2302 2507
2739 3004
2391 2130
2678 2090
2088 2244
2655 2893
2459 3234
2447 2837
2763 2359
2563 3009
2619 2105
2675 2593
2623 2552
2576 2939
2530 2074
2367 2399
2097 2238
2264 2760
2280 2505
2770 2980
2270 2367
2219 2321
2482 2350
2707 2412
2777 2317
2699 2472
2633 2705
2585 2752
2679 2565
2876 2253
2651 2839
2790 3039
2404 2314
2610 2949
2436 2366
2534 2384
2578 3036
2439 3160
2610 3030
2264 2323
2654 2028
2108 2273
2032 2118
2245 2342
2708 2415
2078 2170
2836 2407
2705 2425
2114 2168
2876 2323
2793 2971
2416 2750
2519 2231
2690 2541
2576 2796
2305 2820
1929 2062
2019 2127
2822 2367
2812 2937
2676 1996
2303 2519
2436 3224
2470 2891
2636 2224
2451 2101
2588 2801
2212 2703
2080 2296
2680 2453
2435 2776
2646 1981
2717 3038
2260 2318
2018 2288
2101 2240
2156 2314
2528 3057
2784 3074
2505 3191
2707 2535
2200 2689
2273 2459
2652 3023
2596 3144
2701 3033
2628 2228
2262 2478
2015 2164
2655 2214
2229 2640
2275 2347
2527 2215
2618 2896
2575 2691
2302 2781
2191 2323
2613 2803
2210 2653
2265 2496
2388 2399
2102 2254
2262 2437
2103 2274
2513 2043
2125 2146
2699 2328
2272 2562
2493 2216
2713 2374
2321 2426
2677 2069
2048 2203
2310 2859
2081 2225
1965 2104
2749 2348
2362 2356
2197 2752
2012 2169
1962 2017
2234 2709
2010 2286
2226 2702
2664 2320
2768 2324
2576 3046
2547 3224
2095 2252
2437 3156
2106 2240
2760 2371
2527 2908
2555 3229
2642 2868
2445 2116
1997 2348
1965 2115
2703 2319
2526 3122
2439 2107
2891 2311
2084 2316
2475 3211
2250 2722
2532 2381
2406 2722
1988 2140
2020 2214
2243 2711
2773 2371
2340 2391
2832 2399
2143 2338
2518 2158
2489 2350
2586 2790
2349 2431
2693 2146
2512 2212
2572 3030
2441 2770
2198 2322
2772 2067
2071 2130
2413 2367
2337 2764
2735 3066
2830 2394
2653 2260
2404 2395
2656 2994
2494 2876
2217 2662
2601 3026
2501 3090
2802 2361
2657 2299
2267 2384
2645 2360
2389 2360
2274 2295
2791 2389
2629 3062
2898 2260
2104 2125
2636 3194
2121 2137
2244 2281
2482 2883
2007 2323
2524 3217
2516 2147
2627 1966
2650 2851
1947 2106
2503 3210
2329 2543
2118 2291
2729 2285
2429 3225
2818 2949
2619 3179
2149 2321
2630 3036
2719 2107
2708 2370
2382 2328
2609 2195
2481 2326
2330 2530
2699 2522
2670 2258
2426 3203
2146 2341
2274 2303
2634 2024
2632 2009
2512 3109
2508 2373
2709 3065
2643 2116
2689 2563
2648 3226
2710 3053
2785 2975
2010 2359
2287 2400
2544 2225
2672 2174
2264 2319
2767 2324
2633 3009
2736 2976
2720 2987
2794 2368
2638 3020
2386 2721
2682 2167
2476 2830
2674 2174
2323 2501
2680 3021
2450 2349
2529 3042
2311 2754
2614 2531
2527 2038
2298 2544
2499 3090
2684 2142
2653 2345
2627 3173
2748 2319
1965 2097
2311 2531
2209 2700
2408 2322
2503 2141
2412 3178
2642 3191
2407 2307
2577 2177
2602 3171
2703 2211
2295 2408
2044 2195
2513 3059
2746 2508
2405 2761
2513 2367
2429 2293
2306 2531
2602 3140
2035 2177
2516 3113
2476 2838
2746 2527
2658 2327
2109 2249
2659 2257
2130 2131
2272 2481
2320 2385
2502 2362
2716 2989
2581 2210
2273 2336
2028 2229
2526 2180
2246 2355
2420 2374
2591 3209
2520 2080
1943 2069
2269 2307
2705 3054
2834 2368
2173 2327
2306 2764
2470 2311
2635 2985
2489 2324
2094 2243
2050 2151
2293 2740
2408 2306
2676 2491
2460 2041
2393 2127
2367 2267
2257 2614
2692 2440
2522 3059
2237 2741
2709 2972
1993 2165
2508 2057
2250 2706
2327 517
2568 3212
2105 2141
2715 2969
1971 2032
2438 2299
2385 2321
2284 2342
2695 2416
2817 2358
2591 3205
2289 2533
1995 2350
2576 2182
2679 2017
2488 2230
2168 2290
2642 2963
2055 2147
2701 2058
2271 2350
2160 2311
2656 2314
1953 2098
2036 2230
2858 2349
2591 2774
2086 2113
2519 3218
2289 2729
2528 2266
2430 2296
2391 2309
2563 2246
2674 2913
2101 2284
2623 2554
2398 2310
2625 2712
2260 2307
2597 2219
2760 2323
2232 2645
2523 2918
2138 2290
2226 2323
2778 2339
2932 2259
2670 2546
2013 2160
2473 2339
2627 2702
2318 2379
2648 1985
2050 2198
2647 2263
2808 3099
2019 2233
2552 3206
2030 2293
2779 2052
2435 2352
2247 2353
2652 2836
2768 2313
2678 3073
2432 2121
2603 2100
2445 2335
2257 2499
2771 2059
2365 2403
2084 2231
2249 2723
2691 2438
2538 2861
2759 2513
2730 2202
2425 3205
2794 2949
2734 3024
2705 2958
2702 3033
2602 2806
2691 2184
2578 2202
2590 2273
2563 2697
2873 2255
2729 2999
2264 2752
2477 3211
2573 3014
2242 2291
2565 2232
2666 2453
2584 2211
2534 2388
2020 2231
1970 2115
2297 2638
2256 2306
2448 2116
2703 2170
2193 2340
2548 2867
2572 2199
2353 2346
2915 2276
1999 2362
2873 2257
2580 2206
2529 2071
2632 3056
2002 2151
2250 2748
1948 2062
2345 2528
2302 2747
2364 2406
2634 3057
2665 2576
2695 2364
2099 2200
2737 3071
2707 2354
2131 2117
1963 2101
2692 2180
2108 2126
2322 2740
2508 3188
2672 2435
2640 2219
2569 2794
2368 2432
2424 3200
2895 2257
2522 2321
2615 2942
2561 2194
2279 2860
2782 2938
2593 2759
2240 2299
2530 2885
1963 2110
2554 2826
2944 2297
1992 2171
2445 2324
2669 3052
2774 3067
2628 2908
2637 2917
2642 2125
2231 2719
2329 2428
2246 2620
2273 2455
2450 2836
2400 2301
2288 2322
2117 2310
2583 3043
2117 2196
2453 2805
2915 2298
2450 2290
2225 2337
2922 2263
2247 2719
2696 2224
2660 2291
2708 2366
2658 2331
2706 2492
2035 2253
2258 2489
2388 2727
2530 2903
2675 2563
2289 2339
2805 3029
2784 2383
2352 2382
2678 2128
2604 2932
2709 2476
2567 2530
2698 2942
2711 2488
2313 2858
2502 2056
2648 1984
2485 2090
2651 2358
2661 3040
2914 2346
2651 2482
2115 2195
2386 2274
2230 2702
2484 2356
2070 2140
2434 2332
2233 2641
2921 2302
2008 2162
2771 2331
2499 3224
2608 2934
2675 2087
2450 3237
2035 2268
2515 2088
2519 2042
2245 2311
2033 2235
2566 3191
2165 2317
2455 2331
2662 3004
2027 2230
2719 2086
2618 2248
2400 2363
2605 3165
2524 2357
2503 2229
2604 3146
2851 2350
2292 2286
2468 2866
2246 2683
2624 3042
2429 2299
2711 2061
2469 2334
2711 2378
2426 2115
2270 2496
2682 2396
2653 2995
2301 2633
2648 2275
2579 2719
2532 2377
2768 2952
2287 2314
2736 2995
2578 2543
2341 2852
2490 2863
2744 2515
2919 2298
2280 2504
2294 2277
1999 2159
2698 2188
2655 2907
2752 2996
2529 3177
2693 2355
2718 2317
2678 2877
2730 2284
2454 2816
2527 2352
2461 2102
2235 2668
2097 2141
2804 2942
2564 3188
2496 2111
2733 2995
2459 2799
2906 2304
2680 2595
2271 2441
2272 2604
2642 2901
2019 2232
2659 2129
2901 2250
2534 3177
2543 2184
2700 2397
2088 2227
2534 3042
2290 2850
2922 2336
2522 2315
2519 3087
2011 2162
2606 2528
2269 2464
2797 2359
2083 2311
2148 2325
2527 3008
2545 3035
2527 3077
2116 2257
2443 2317
2708 2237
2574 2180
1966 2021
2715 2991
2466 2884
2111 2185
2636 2009
2672 2215
2841 2356
2784 2983
2543 2829
2671 2438
2523 2901
2515 2151
2256 2600
2416 2726
2360 2443
2639 3232
2330 2436
2520 2160
2686 2104
2541 2206
2711 2105
2790 2386
2246 2654
2658 3000
2381 2731
2566 2814
2134 2297
2712 2443
2611 3037
2087 2274
2530 2077
2033 2112
2651 2242
2729 2492
2573 2199
2740 3054
2082 2327
2494 2109
2638 2856
2014 2323
2703 3069
2908 2320
2593 2948
2688 2105
2321 2408
2120 2260
2036 2268
2077 2126
2768 3060
2274 2654
2719 2984
2571 2909
2633 2279
2427 2106
2263 2736
2635 2923
2446 2293
2788 3077
2337 2765
2423 2298
2327 2833
2796 2396
2441 2120
2509 2368
2509 2884
2261 2764
2662 2307
2341 2860
2602 2260
2002 2123
2267 2742
2465 2866
2656 1999
2457 2086
2290 2531
2703 3040
2657 2330
2091 2205
2450 2301
2293 2300
2692 2520
2943 2281
2441 2738
2496 2117
2574 3028
2686 2501
2069 2207
2297 2505
2254 2312
2764 2310
2486 2285
1926 2059
2498 2888
2568 2692
2288 2492
2264 2325
2367 2376
2640 2113
1957 2069
2583 2254
2805 2140
2467 2337
2524 3052
2312 2527
2379 2393
2408 2320
2916 2349
2683 3073
2493 2874
2547 2181
2288 2303
2071 2230
2651 2292
2321 2791
2121 2146
2487 2095
2387 2263
2952 2289
2677 2590
2667 2042
2393 2283
2501 2865
2520 3187
2910 2342
2161 2304
2654 3227
2260 2395
2510 2371
2511 2147
2503 3211
2276 2378
2634 2543
2678 3040
2287 2308
2557 3101
2677 2251
2892 2312
2506 2307
2005 2147
1997 2109
2638 2981
2644 2290
2484 3216
2258 2751
2657 3234
2639 3037
2240 2727
2514 2156
2674 2520
2530 2183
2402 2725
2106 2348
2498 3220
2559 3183
2689 2066
2033 2174
2337 2857
2250 2712
2517 2078
2628 2913
2523 2888
2930 2352
2237 2658
2512 2084
2468 2850
2256 2588
2477 2104
2511 2371
2106 2187
2716 3038
1986 2344
2785 3037
2796 2363
2320 2440
2541 2884
2481 3227
2590 2953
2375 2268
1949 2107
2716 3065
2108 2177
2254 2310
2795 3047
2137 2293
2920 2322
2338 2533
2611 3146
2630 1972
2778 2978
2647 3032
2560 3184
1975 2082
2632 3057
2247 2637
2711 2476
2493 2307
2246 2327
2712 2365
2655 2483
2591 2718
2231 2301
2676 2567
2773 3058
2669 2595
2859 2350
2343 2377
2111 2173
2303 2760
2279 2565
2710 2525
2161 2301
2498 2078
2329 2427
2911 2258
2650 3231
2273 2865
2664 2577
2450 2132
2584 2746
2081 2122
2054 2220
2362 2753
2805 3072
2307 2603
2354 2356
2655 3229
2842 2363
2342 2389
2375 2390
2240 2614
2287 2596
2274 2523
2792 2368
2456 2040
2803 2141
2110 2251
2542 3022
2475 3226
2603 2696
2494 2110
2664 2582
2488 3205
2485 2102
2643 3037
2705 2227
2411 2135
2331 2808
2447 2108
2416 2731
2693 2188
2596 3043
2585 2257
2543 3173
2328 2423
2011 2287
2632 2706
2737 3074
2776 2961
2273 2456
2421 2332
2289 2348
2027 2231
2939 2312
2507 3111
2656 3225
2652 2177
2564 2558
2940 2281
2913 2325
2666 2012
2654 2545
2343 2802
2417 2737
2713 2418
2640 3228
2034 2098
2481 3210
2676 2542
2510 3099
2440 3223
2117 2330
2641 2108
2215 2663
2725 2220
2623 2271
2735 2503
2202 2337
2501 3096
2789 2398
2384 2416
2659 2340
2499 2097
2613 2536
2671 2502
2093 2251
2492 3201
2283 2342
2641 3033
2123 2246
2547 2821
2588 2262
2754 3062
2534 3181
2439 2747
2484 2304
1974 2127
2296 2755
2345 2433
2828 2397
2024 2282
2612 2537
1962 2025
2403 2348
2639 2502
2812 2947
2674 2218
2608 2202
2636 3006
2893 2311
2323 2447
2030 2313
2186 2753
2242 2345
2512 3059
2622 3160
2032 2279
2711 2485
2556 3010
2095 2269
2683 2142
2285 2324
2247 2350
2112 2331
2634 3197
2605 2251
1945 2122
2615 2820
2281 2745
2454 2851
2706 2227
2893 2315
2632 3061
2180 2339
2001 2363
2569 3186
2097 2315
2652 2888
2476 3224
2654 2889
2300 2383
2426 3165
2350 2331
2431 2763
2311 2424
2825 2389
2476 3211
2307 2387
2350 2352
2949 2295
2919 2335
2686 2181
2096 2251
1965 2034
2551 3087
2461 2282
2723 2284
2669 3051
2106 2171
2649 2905
2507 2215
2490 2346
2233 2645
2129 2105
2636 2035
2735 2226
2068 2215
2524 3076
2442 2320
2578 2727
2149 2325
1931 2070
2829 2380
2286 2319
1994 2146
2699 2398
2899 2280
2246 2609
2472 2335
2699 2539
2338 2750
2647 2035
2729 3069
2615 2244
2441 2344
2661 2406
2686 2595
1923 2079
2669 2325
2801 3058
2211 2308
2469 2041
2479 2305
2445 2295
2943 2314
2653 2273
2665 2514
2707 2243
2741 3027
2634 3199
2711 2352
2665 2962
1969 2084
2684 2341
2721 2488
2668 2870
2632 1997
2236 2355
2811 2140
2481 2093
2419 2123
1988 2095
2511 3195
2474 2889
2514 2313
2452 2101
2603 2218
2153 2296
2624 3179
2658 2421
2343 2433
2697 2109
1973 2098
2677 2566
2490 3089
2669 2089
2024 2245
2389 2341
2866 2252
2620 3043
2689 2556
2613 2696
2017 2376
2643 2868
2242 2641
2689 2359
2687 2126
2520 2895
2339 2860
2601 3165
2660 3004
1931 2071
2727 2284
2498 2322
2107 2174
2198 2767
1963 2019
2398 2117
2829 2408
2462 2838
2648 2884
2263 2664
2215 2326
2425 2285
2454 2820
2087 2196
2949 2358
2529 2183
2256 2351
2116 2196
2803 3037
2282 2503
2341 2380
2806 2945
2555 2257
2325 2830
2666 2434
2700 2447
2634 2535
2593 3155
2643 2830
2647 1985
2645 2545
2451 3227
2808 2141
2498 2320
2562 3151
2458 2339
2285 2320
2574 3211
2550 2196
2022 2169
2787 2984
2352 2353
2670 2174
2380 2279
2330 2831
2466 2333
2521 2229
2922 2273
2024 2137
2731 2199
2517 2147
2215 2311
2689 2320
2658 2040
2382 2395
2202 2688
2591 2722
2670 2087
2247 2635
2726 3025
2679 2033
2585 3034
2541 3230
2323 2798
2657 2998
2494 3211
2580 2950
2536 3183
2703 2105
2270 2416
2104 2274
2238 2336
2425 2354
2692 2409
2398 2308
2521 2909
2236 2316
2667 2870
2265 2757
2303 2777
1983 2113
2762 2953
2054 2209
2476 2328
2673 2563
2645 2847
2616 2265
2557 2865
2663 2302
2886 2304
2112 2305
2510 3109
2909 2344
1965 2130
2400 2725
2512 2273
2438 2765
2625 2265
2322 2833
2039 2274
2720 3077
2581 2959
2671 2558
2492 2882
2673 2454
2531 2386
2516 2054
2440 2315
2932 2271
2247 2638
2675 2243
2906 2267
2675 2164
2915 2333
2231 2350
2726 2289
2781 2344
2269 2613
2706 2380
2513 2365
2465 2865
2601 2781
2441 2313
2698 2446
2594 3146
2485 2061
2523 3061
2431 2302
2234 2717
2486 2228
2623 3186
2664 2161
2602 3138
2606 2932
2700 2062
2208 2709
2590 2727
2259 2674
2595 2772
2873 2342
2257 2356
2572 2543
2024 2281
2568 2745
2282 2512
2645 3056
2692 2601
2542 3112
2262 2611
2892 2321
2023 2219
1958 2098
2109 2343
2664 2165
2512 2321
2668 2230
2660 2491
2433 2117
2767 2968
2051 2214
2472 2241
2593 2211
2027 2248
2388 2282
2004 2157
2303 2518
2459 2342
2150 2327
1996 2105
2510 2232
2764 2358
2709 2312
1953 2127
2683 2497
2175 2334
2561 3186
2470 2875
2034 2117
2968 2295
2569 2195
2103 2333
2639 2114
2359 2380
2087 2329
2546 3136
2448 2122
2365 2755
2657 2127
2637 3007
2624 3185
2518 3071
2528 2224
2515 3058
2640 2914
2734 2490
2640 3032
2280 2578
2690 2501
2498 2096
2520 2170
2031 2293
2176 2328
2274 2555
2621 2270
2707 2308
2658 2853
2555 3022
1954 2083
2895 2282
2523 3046
2896 2248
2259 2700
2231 2299
2519 2044
2370 2393
2660 2903
2421 2358
2541 3108
2202 2343
2660 2125
2247 2609
2584 2955
2023 2299
2348 2734
2552 3209
2434 3154
2539 2884
2786 2352
2775 2319
2526 3116
2673 3025
2636 2227
2387 2265
2243 2715
2208 2704
2022 2308
2503 2885
2383 2730
2701 2460
2885 2323
2601 2543
2639 2499
2087 2307
2699 2444
2477 3199
2452 2338
2242 2316
2364 2359
2579 2820
2515 2047
2171 2293
2701 2243
2569 2725
2210 2310
2290 2301
2536 2375
2569 2812
2305 2531
2600 2696
2768 2531
2199 2326
2447 2345
2497 2232
2043 2153
2341 2853
2435 2364
2703 2494
2532 3114
2476 2890
2176 2334
2700 2201
2329 2546
2271 2367
2949 2296
2434 2305
1994 2341
2498 2127
2213 2696
2268 2385
2803 2361
2275 2574
2234 2646
2786 3013
2068 2286
2357 2386
2684 2149
2692 2364
1968 2098
2807 3086
2385 2733
2446 2819
2771 2983
2263 2435
2282 2322
2474 2845
2230 2739
1961 2082
2276 2536
2448 2096
2273 2430
2654 3057
2909 2320
2649 2500
2339 2450
2641 3058
2092 2309
2198 2751
2502 3194
2197 2336
2235 2705
2632 2826
2316 2376
2512 3208
2255 2351
2513 2075
2607 2818
2285 2733
2575 2956
2546 3022
2229 2662
2370 2443
2324 2394
2467 3205
2348 2351
2648 2842
2556 2224
2771 2317
2297 2602
2707 2965
2311 2536
2449 2796
2912 2315
2533 3042
2701 2494
2291 2289
2873 2344
1934 2054
2693 2104
2779 2371
2669 2368
2111 2288
2678 2504
1951 2040
2498 2079
2605 2961
2668 2010
2690 2402
2644 2552
2325 2544
2490 2223
2912 2299
2641 2121
2669 2516
2326 2372
2268 2734
2905 2304
2794 2370
2435 2365
2546 3175
2600 2202
2518 3038
2468 2803
2636 2001
2603 2251
2094 2251
2576 2753
2712 3063
2577 2799
2640 3026
2051 2152
2549 3233
2686 2444
2433 2362
1959 2107
2133 2160
2323 2847
2681 2157
2233 2665
1987 2345
1991 2332
2411 2143
2211 2649
2292 2737
2616 2717
2428 3221
1922 2088
2839 2332
2034 2105
2629 2009
2782 2307
2556 2222
2516 3086
2753 2971
2545 2833
2112 2252
2088 2195
2115 2309
1922 2075
2793 3045
2269 2493
2413 3219
2795 2342
2846 2344
2057 2128
2591 3042
2261 2318
2010 2313
2530 3176
2371 2426
2712 2416
2499 3192
2543 2842
2446 2856
2289 2595
2643 3195
2507 2859
2532 3094
2624 2552
2390 2294
2458 2076
2672 2072
2500 2279
2546 2197
2915 2337
2774 2982
2562 3141
2588 2952
2960 2361
2657 2846
2469 2105
2540 2826
2552 3019
2118 2326
2113 2342
2939 2319
2754 2308
2279 2535
2674 2572
2764 2051
2687 2501
2296 2598
2800 3053
2593 2756
2769 2996
1948 2052
2627 2937
2746 3013
2127 2113
2112 2186
2574 2689
2371 2365
2701 2062
2849 2350
2635 2864
2508 2374
2667 2313
2581 2803
2496 2868
2335 2425
2436 2755
2107 2177
2707 2448
2265 2739
2275 2304
2279 2395
2001 2153
2279 2416
2106 2286
2656 2545
2582 2530
2594 2776
2301 2637
2634 2853
1949 2099
2072 2290
2473 2311
2116 2243
2285 2624
2437 2750
2439 2328
1984 2123
2662 2296
2448 2299
2346 2434
2583 2519
1955 2040
2622 2886
2771 3066
2747 2347
2579 2824
2661 2291
2458 2090
2224 2320
2432 3174
2527 2384
2476 2809
2831 2404
2482 2052
2103 2139
2570 2777
2651 2888
2354 2399
2445 2857
2642 3194
1984 2121
2530 3041
2498 3190
2681 2403
2100 2188
2456 2287
2112 2253
2570 2517
2319 2507
2629 3174
2063 2144
2715 2315
2740 3029
2276 2442
2316 2383
2430 2814
2611 2523
2576 2938
2940 2279
2598 2823
2704 2515
2746 2958
2335 2439
2385 2297
2643 2273
1918 2079
2688 2362
2038 2251
2668 2596
2074 2126
2355 2411
2315 2781
2736 3060
2215 2740
2918 2307
2237 2736
2391 2290
2513 2889
2789 2350
2020 2128
2682 2504
2023 2130
2923 2347
2260 2618
2785 3039
2669 2369
1961 2081
2121 2134
2701 2409
2191 2324
2579 3205
2473 2804
2661 3211
2551 2870
2910 2347
2027 2121
2516 2040
2531 2373
2542 3134
2202 2687
2356 2554
2780 2056
2154 2325
2130 2159
2667 2434
2317 2785
2596 2200
2722 2316
2677 2944
2484 2325
2483 2308
2315 2374
2446 2108
2354 2550
2696 2408
2051 2134
2650 2287
2766 2312
2688 2599
2496 3224
2972 2296
2628 2522
2342 2726
2257 2595
2704 2068
2276 2683
2709 2515
2654 2300
2702 2245
2038 2254
2257 2599
2273 2379
2488 2346
2662 2260
2685 2340
2509 3076
2487 2074
2569 3145
2883 2294
2732 3039
2712 2975
2279 2505
2662 2282
2451 2815
1985 2139
2643 2276
2477 2047
2491 2243
2082 2301
2838 2357
2151 2315
2644 2270
2481 2344
2565 3131
2485 2075
2488 2086
2665 2319
2680 3079
2643 2952
2791 2386
2584 3213
2658 2220
2469 2247
2637 2272
2423 2734
2406 2290
2226 2692
2521 2076
2602 2251
2519 2208
2431 2288
2614 2545
1962 2068
2786 2970
2519 3216
2573 2734
2697 2184
2244 2329
2435 3175
2262 2736
2684 2504
2594 2714
2406 2720
2584 2254
2850 2353
2309 2515
2508 2229
2601 2696
2482 3202
2654 3212
2490 2371
2407 2364
1974 2030
2265 2697
2008 2324
2499 2357
2232 2658
2015 2214
2120 2133
2637 2922
2799 3089
2548 3223
2679 2594
2689 2131
2599 2779
2263 2347
2676 2450
2283 2454
2670 2170
2022 2355
2659 2044
2466 2115
2505 3111
2468 2311
2792 3039
2597 2712
2679 2080
2682 2938
2529 3008
2333 2752
2436 2816
2665 2399
2676 2568
2649 3006
2687 3041
2411 2132
2645 3208
2555 3020
2675 3027
2675 2369
2644 2555
2325 2847
2378 2278
2681 2129
2364 2388
2501 2131
2582 3210
2668 2513
2250 2707
2323 2796
2792 3090
2589 2722
2544 2852
2960 2367
2378 2268
2044 2163
2789 2986
2440 2829
2438 3157
2500 2076
2530 3222
2580 2789
2394 2281
2681 2444
2100 2339
2428 2814
2424 3224
2831 2392
2015 2355
2699 2468
2559 2809
2677 2502
2664 2861
2127 2196
2031 2313
1952 2106
1987 2344
2804 2138
2510 2124
2914 2334
2414 2128
1935 2054
2595 2765
2445 3235
2658 2904
2542 2256
2530 3178
2504 2072
2443 2122
2096 2325
2241 2321
2406 2133
2706 3068
2089 2308
2613 3175
2371 2358
2600 2253
2649 2993
2647 2556
2604 2951
2079 2225
2352 2752
2530 3009
2498 2246
2778 2340
2236 2717
2269 2342
2954 2297
2545 3175
2593 3213
2104 2120
2114 2330
2921 2283
2623 2798
2599 2203
2397 2290
2272 2454
2009 2163
2749 2318
2390 2724
2130 2154
2337 2526
2804 2361
2772 3061
2505 3096
2238 2719
1917 2074
2293 2757
2937 2322
2677 2021
2272 2439
2388 2420
2587 3036
2249 2660
2447 2113
2035 2118
2354 2554
2644 2549
2644 3058
2743 2504
2516 2051
2455 2853
2706 3071
2678 2327
2486 3095
2415 2732
2555 2222
2522 2898
2607 2195
2654 2320
2905 2301
2894 2312
2403 2402
2643 2280
2100 2238
2512 3199
2449 2794
2006 2359
2013 2324
2612 3177
2637 2992
2459 2336
2909 2269
2240 2679
2754 2352
2838 2407
2863 2349
2582 2214
2058 2153
2755 2366
2671 2449
2620 2192
2064 2149
2592 2746
2556 2200
2659 2851
2655 2851
2873 2254
2128 2161
2153 2301
2540 3184
2160 2300
2723 2489
2610 2806
2466 2337
2618 3024
2262 2607
2830 2393
2557 3151
2472 3225
2703 2971
2226 2339
2703 2312
2310 2783
2850 2329
2633 3005
2591 2796
2343 2443
2147 2323
2542 2224
2761 2993
2571 2953
2494 2871
1955 2072
2437 2306
2692 2068
2488 2088
2648 2131
2063 2161
2670 2255
2495 2115
2442 2118
2586 3034
2729 2206
2799 2122
2289 2344
2908 2330
2972 2297
2415 2125
2086 2112
2489 2055
2928 2342
2574 2711
2317 2851
2642 2118
2054 2214
2666 2473
2602 2803
2565 3101
2580 2754
2627 2857
2141 2115
2487 2360
2643 3070
2522 2318
2463 2874
2870 2336
2545 2843
2873 2328
2531 3072
2388 2357
2795 2049
2199 2753
2459 2102
2707 2385
2021 2139
2613 2206
2873 2239
2691 2338
2662 3045
2109 2185
2726 3057
2605 2807
2814 2937
2335 2426
2190 2750
2790 3071
2655 2265
2570 2179
2250 2353
2854 2344
2655 2315
2645 2544
2676 2537
2736 3068
2510 2147
2510 3192
2211 2306
2271 2462
2657 2512
2394 2278
2712 2472
2638 2019
2665 2988
2528 2890
2446 2828
2593 2758
2299 2779
1965 2022
2663 2512
2506 2312
1977 2119
2576 2726
2831 2372
2573 2762
2243 2610
2809 2944
2706 2974
2702 2536
2648 2907
2519 3053
2552 3011
2607 2549
2907 2258
2621 2105
2265 2712
2089 2267
2560 3218
2321 2803
2303 2416
2644 2964
2642 3008
2625 2266
2051 2136
2642 3052
2499 2105
2664 2373
2351 2546
2720 3019
2341 2762
2072 2287
2709 2497
2108 2195
2518 2154
2736 2998
2755 2518
2096 2128
2678 2558
2436 2830
2664 2007
2912 2316
2655 2289
2260 2764
2750 2293
2017 2304
2571 2780
2564 3165
2320 2794
2575 3183
2798 3102
2469 2803
2545 2862
2911 2329
2409 2327
2746 2520
2711 2362
2324 2424
1958 2086
2685 2030
2364 2723
2283 2318
2324 2832
2209 2693
2709 2994
2480 3212
2434 2757
2689 2947
2566 2720
2508 2220
2513 3197
2673 2230
2643 3202
2668 2549
2632 2506
2446 2355
2491 2358
2648 2128
2039 2201
2667 2515
2787 3011
2540 3224
2617 3043
1980 2346
2454 2350
2963 2297
2249 2642
2633 1972
2038 2218
2678 2913
2463 2247
2698 2197
2643 2232
2742 3031
2271 2711
2108 2350
2518 2331
2579 2700
2658 2416
2832 2401
2590 2256
2680 3074
2645 2503
2303 2531
2538 2828
2310 2403
2574 3014
2522 2900
2527 2213
2821 2367
2543 3033
2655 3007
2316 2513
2635 2524
2238 2737
2642 2857
2400 2302
2270 2467
2924 2324
2810 2933
2679 2373
2529 2172
2589 2696
2498 3219
2525 2361
2767 2996
2384 2727
2194 2342
2933 2270
2655 2872
2654 2292
2042 2209
2062 2157
2572 2736
2579 2970
2608 2254
2669 2165
2317 2409
2300 2385
2693 2316
2669 2255
2637 3033
2411 2716
2290 2337
2488 2229
2639 3048
2731 3066
2628 3031
2554 2680
2883 2323
2501 2361
2701 2182
2698 2510
2452 2301
1959 2098
2737 3048
2651 2357
2712 2341
2447 2853
2778 2976
2708 2405
2006 2345
2527 2390
1999 2110
2615 2812
2478 2318
2114 2240
2912 2341
2729 2992
2790 2944
2525 2187
2640 2274
2023 2129
2701 2462
2088 2273
2350 2401
2587 2749
2661 2241
2677 2539
2261 2665
1964 2112
2015 2228
2803 3046
2676 2085
2520 2316
2606 3031
2303 2748
2567 2198
2319 2858
2347 2550
2491 2357
2702 2175
2701 2493
2549 3007
2886 2303
1948 2124
1992 2333
2438 2779
2582 2691
2882 2248
2685 2372
2383 2426
2613 2938
2611 2554
2171 2291
2700 2056
2653 2341
2466 2295
2401 2293
2558 2240
2471 2887
2638 2226
2769 2982
2182 2749
1982 2124
2498 2131
2518 3106
2706 2474
2613 2102
2666 3045
2255 2706
2574 3112
2010 2345
2573 2796
1915 2074
2283 2626
2566 3172
2661 2303
2628 2109
2641 2240
2700 2219
2092 2328
2260 2698
2020 2241
2516 3198
2306 2604
2490 2352
2598 2542
2646 1989
2302 2756
2322 2856
2709 2385
2535 3116
2503 3194
2726 2995
2140 2116
2415 2368
2882 2252
2390 2129
2741 3029
2811 3046
2575 2180
2380 2357
2104 2275
2636 3063
2084 2204
2908 2257
2569 2807
2702 2948
2508 2076
2749 3059
2702 2387
2558 2222
2641 3227
2647 1976
2715 2097
2743 2294
2071 2214
2656 2043
2614 2799
2311 2406
2588 2268
2546 2827
2457 2088
2501 3052
2467 2101
2277 2394
2588 3044
2680 2539
2328 2437
2655 2027
2135 2159
2733 2512
2261 2491
2434 2761
2649 2997
2532 3068
2639 2551
2695 2533
2656 2320
2656 2426
2649 2287
2696 2190
2700 2326
2617 2556
2248 2337
2270 2409
2159 2314
1995 2342
2562 2541
2014 2306
2651 2269
2391 2291
1942 2126
2584 2965
2578 2811
2674 2575
2260 2314
2103 2146
2257 2417
2592 2780
2265 2719
2020 2118
2530 3035
2556 3138
1992 2099
2711 2337
2421 3195
2792 3089
2252 2660
2265 2677
2343 2866
2640 3190
2679 2876
2257 2596
2684 2225
2496 2880
2798 2951
2694 2066
2423 3199
2511 3201
2531 2074
2459 2044
2608 2701
2609 3044
2575 2712
2022 2134
2344 2345
2450 3204
2582 2826
2511 2209
2298 2751
2691 2540
2079 2211
2294 2294
2250 2645
2797 3012
2454 2116
2539 2876
2319 2740
2091 2240
2708 2957
2607 3154
2484 2098
2691 3064
2662 2034
2054 2206
2120 2258
2500 2126
2711 2344
1995 2148
2108 2182
1947 2056
2418 3154
2613 2202
2731 2201
2738 2996
2413 2327
2286 2604
2688 2557
2586 3149
1973 2006
2130 2297
2134 2194
2647 2967
2412 2132
2830 2395
2057 2207
2312 2834
2233 2745
2503 2055
2558 2216
2175 2747
2249 2333
2174 2756
2679 2047
2318 2508
2355 2753
2683 2051
2914 2333
2337 2544
2237 2281
2678 2323
2531 3078
2702 2475
2202 2336
2227 2301
2269 2618
2557 3227
2681 2057
1964 2128
2930 2304
2707 2381
2495 2238
2693 2064
2575 2766
2568 2699
2400 2399
2206 2656
2726 3056
2510 2330
2509 2862
2507 2360
2505 3112
2561 2679
2890 2255
2504 2314
2553 3087
2765 2994
2510 3205
2764 2067
2373 2401
2693 2353
2442 2806
2236 2353
2399 2296
2025 2246
1992 2141
2518 2272
2519 2226
2931 2301
2737 2491
2901 2248
2244 2702
2587 3208
2215 2327
2191 2331
2677 2367
2770 2077
2455 2287
2695 2508
2116 2148
2341 2765
2491 2282
2473 2826
2569 3091
2794 2965
2642 3027
2571 2911
2238 2314
2186 2751
2058 2156
2265 2431
2800 3089
2310 2758
2836 2357
2523 2278
2234 2282
2754 2971
2694 2441
2656 2317
2684 2222
2629 2028
2272 2338
2135 2155
2834 2362
2736 3039
2562 3132
2270 2712
2321 2829
2940 2289
2919 2304
2659 3058
2647 2281
2280 2626
2767 2359
2490 3211
2584 2220
1931 2064
2050 2207
2583 2213
2361 2406
2667 2235
2441 2785
2248 2720
2307 2855
2287 2403
1975 2006
2715 2099
2380 2270
2117 2244
2225 2746
2924 2332
2438 2825
2666 2276
2408 2357
2571 2220
2647 2129
2561 2534
2872 2345
2109 2293
2678 3030
2549 2196
2693 2944
2649 2871
2266 2481
2265 2312
2928 2274
2020 2120
2594 2699
2315 2512
2523 2895
2658 2422
2448 2364
2027 2370
2675 2499
2657 2851
2326 2810
2482 2357
2652 2260
1927 2070
2518 2055
2734 2222
2698 2183
2705 2427
2664 2863
2419 2825
2325 2835
2838 2405
2681 2329
2016 2370
2626 2934
2657 2484
2532 2883
2749 2354
2819 2366
2789 2974
2432 2108
2690 2133
2382 2729
2697 2196
2144 2286
2519 3078
1987 2140
2518 2300
2695 2944
2794 3048
2382 2349
2592 2272
2030 2252
2455 2290
2513 3202
2677 2872
2610 3040
2540 3221
2402 2393
2437 2761
2409 2731
2287 2344
2325 2415
2635 2285
2510 2230
2523 2361
2320 2397
2302 2749
2555 3228
2109 2259
2687 2949
2386 2309
2688 2398
2660 2122
2741 3030
2554 2222
2366 2357
2373 2372
2664 2371
2527 2379
2879 2257
2305 2783
2530 2394
2287 2313
2345 2756
2662 2367
2524 2270
2663 2514
2681 2570
2656 2413
2532 2368
2912 2290
2675 3040
2603 2781
2644 2283
2605 2197
2394 2391
2254 2499
2538 2827
1948 2047
2718 2199
2520 2081
2603 2529
2940 2308
2088 2226
2355 2388
2356 2728
2255 2592
2243 2681
2276 2382
2668 2463
2263 2700
2543 2858
2513 2284
2452 2091
2273 2388
2760 2995
2886 2245
2628 3193
2783 3053
2400 2294
2672 2173
2648 3224
2577 2542
2646 3187
2914 2272
2262 2393
2690 2351
2436 3222
2449 2805
2300 2604
2383 2360
2018 2371
2582 2753
2590 2772
2712 2391
2265 2731
2627 2026
2744 3054
2629 1984
2487 2242
2248 2714
2532 3184
2099 2185
2632 2868
2435 2834
2802 3029
2229 2352
2107 2291
2521 2161
2571 3162
2422 2112
2618 2196
2659 2488
2670 2559
2274 2561
2511 3055
2556 2868
2087 2244
2673 2361
2336 2525
2572 2528
2592 3049
2057 2155
2170 2290
2574 2957
2448 2344
2241 2695
2547 3035
2422 2286
2240 2286
2648 3051
2631 2027
2212 2699
2697 2222
2478 2844
1984 2139
2793 2344
2553 2824
2707 2447
2343 2805
2023 2237
2315 2751
2718 2495
2525 3123
2552 3035
2370 2362
2718 2988
2704 3076
2615 2243
2536 2264
2266 2731
2643 2838
2764 2306
2425 3201
2548 2259
2672 2539
2285 2547
2751 2523
2155 2283
2654 2307
2347 2345
2914 2273
2660 2992
2228 2298
2245 2715
2804 3073
2517 3213
2130 2300
2309 2814
2666 2561
2454 2125
2673 2162
2667 2947
2482 2096
2376 2433
2130 2156
2030 2118
2353 2450
2028 2227
2656 2844
2286 2493
2421 2357
2652 2341
2652 2130
2678 2394
2530 2219
2480 2351
2388 2318
2635 3038
2519 2273
2502 2131
2275 2398
2782 3056
2502 3087
1966 2104
2069 2283
2266 2496
2539 2194
2671 3050
2436 2302
2416 3208
2660 2339
2727 2203
2262 2749
2674 2447
2105 2234
2705 2952
2612 2811
2700 2064
2643 3190
2442 2304
2535 3199
2232 2739
2114 2337
2522 3182
2446 2320
2248 2747
2663 2425
2596 2946
2452 2293
2241 2691
2557 3020
2541 3032
2020 2363
2374 2434
2660 2219
2599 3037
2295 2294
2275 2436
2338 2390
2388 2424
2396 2728
2267 2449
2847 2339
2626 2105
2576 2547
2321 2840
2202 2315
2538 3226
2424 2362
2642 3016
2248 2699
2511 3083
2800 3035
2029 2120
2704 2182
2248 2318
2538 3014
2698 2470
2786 3014
2399 2111
2888 2288
2550 2860
1930 2071
2562 2243
2667 2548
2654 2023
2432 2110
2751 2301
2760 2313
2457 2337
2878 2263
2249 2328
1978 2006
2125 2131
2716 3064
2654 2881
2673 2585
2674 3033
2811 2361
2341 2864
2560 3220
2271 2560
2442 2295
2408 2116
2562 2177
2362 2755
2522 2211
2637 2009
2024 2224
2521 2226
2576 2767
2741 2999
2407 2128
2797 2342
1997 2156
2629 3060
2572 3164
2457 2085
2401 2292
2286 2490
2387 2423
2392 2725
2636 3193
2796 2953
2414 2126
2279 2436
2923 2280
2449 2040
1998 2154
2357 2377
2653 2269
2213 2304
2705 2426
2277 2422
2620 2807
2364 2727
2338 2538
2368 2427
2516 2073
2889 2254
2028 2119
2093 2271
2527 2219
2380 2393
2092 2339
2053 2208
2426 2100
2093 2285
2688 2230
2736 3045
2631 2007
2353 2408
2376 2755
2638 2852
2451 2106
2698 2046
2374 2404
2565 3213
2027 2377
2102 2198
2504 2355
2264 2476
2354 2355
2734 2312
2594 3153
2276 2568
2065 2285
2595 2522
2273 2474
2672 2104
2564 3170
2533 2132
2817 2942
2540 2872
2471 3213
2310 2756
2446 2852
2576 2948
2546 3024
2486 2088
2659 2416
2256 2309
2325 2509
2313 2844
2565 3135
2346 2427
2962 2367
2717 2366
2275 2371
2598 2219
2798 3071
2677 2046
2238 2315
2659 2514
2534 3222
2049 2207
2018 2233
2704 2203
2225 2651
2290 2317
2478 3218
2903 2304
2488 2059
2485 2088
2834 2357
2351 2333
2257 2311
2563 3160
2072 2124
2911 2325
2317 2744
2641 2857
2595 3033
2812 2930
2018 2318
2763 2991
2621 2558
2692 2449
2633 2544
2446 2789
2280 2295
2544 3016
2592 2269
2211 2664
2872 2258
2564 2248
2414 2131
2713 2388
2511 3190
2619 2195
2503 2868
2229 2316
1974 2027
2676 2372
1944 2122
2289 2338
2638 2946
2282 2432
2630 2708
2519 2173
2447 2835
2000 2362
2339 2438
2622 2559
2271 2440
2288 2850
2549 2852
2473 2343
2471 2821
2230 2717
2736 2305
2588 2749
2556 3034
2346 2801
2104 2337
2359 2443
2649 2890
2230 2661
2539 2264
2413 2370
2663 2581
2035 2221
2272 2437
2322 2375
2699 2392
2445 2114
2496 2081
2678 2067
2686 2955
1936 2087
2628 3166
2533 2079
2560 2808
2868 2336
2697 2330
2886 2295
2355 2454
2216 2664
2391 2347
2642 2261
2748 3059
2215 2652
2278 2742
2664 2961
2362 2377
2781 3067
2273 2457
2742 2512
2544 2215
2716 2307
2613 2107
2033 2111
2683 2055
2816 2358
2865 2252
2522 3091
2945 2286
2555 2181
2709 2324
2072 2230
2546 2841
2593 2541
2785 2388
2651 2243
2248 2329
2573 2180
2680 2158
2014 2130
2113 2242
2263 2761
2661 2966
2578 2711
2772 2077
2637 3189
2433 2748
2023 2354
2669 2599
2677 2913
2607 2236
2657 3215
2573 2927
2656 1991
2921 2294
2530 2390
2655 3006
2717 2304
2324 2864
2733 3038
2461 3205
2281 2323
2668 2311
2339 2837
2030 2178
2581 2516
2753 2970
2445 2815
2924 2280
2669 2439
2001 2144
2363 2436
2379 2396
2500 2056
2045 2201
2639 2279
2608 2818
2006 2147
1924 2063
2496 2059
2371 2755
2482 2358
2355 2734
2916 2261
2268 2322
2522 2039
2753 2997
2741 3053
2685 3031
2352 2330
2257 2396
2686 2224
2778 2052
2343 2750
2337 2391
2495 3087
2290 2298
2560 3154
2930 2325
2689 2223
2519 3111
2520 3215
1975 2166
2708 3080
2660 3210
2070 2208
2703 2538
2685 2064
2314 2747
2700 2493
2463 2873
2499 2116
2574 3168
1988 2113
2449 2801
2549 3172
2798 3014
2292 2533
2382 2421
2939 2318
2708 2489
2541 3186
2085 2209
2012 2366
2409 2332
2370 2759
2569 2179
2501 2102
2410 2734
2467 2313
2388 2360
2069 2122
2520 3186
2574 2182
2769 2309
2443 2098
2713 2344
2531 2219
2277 2450
2609 2933
2668 2163
2595 2544
2288 2387
2471 2892
2175 2758
2310 2523
2110 2242
2712 2344
2225 2348
2671 2405
1971 2031
2444 2362
2789 2992
2788 2343
2575 2937
2568 2690
2300 2781
1958 2083
2631 1998
2018 2221
2279 2321
2799 3057
2113 2128
2192 2332
2674 2490
2466 2040
2712 2379
2655 2208
2555 2812
2506 2124
2440 2363
2400 2120
2292 2853
2241 2315
2687 2020
2682 2363
2520 2315
2314 2382
2467 2244
2754 2295
2236 2297
2684 2505
2252 2705
2673 2221
2248 2624
2225 2756
2540 3108
2707 2405
2605 2819
2404 2720
2373 2366
2024 2223
2451 2857
2051 2215
2562 2178
2735 3040
2659 2277
2603 2695
2568 3129
2026 2126
2672 2461
2203 2314
2494 2222
2517 3077
2454 2111
2415 2288
2421 2144
2481 2244
2251 2317
2794 2369
2767 2319
2282 2631
2821 2944
2216 2665
2294 2280
2599 2216
2592 2953
2631 2284
2104 2126
2471 2896
2605 2259
2579 2750
2471 2310
2195 2321
2252 2305
2263 2703
2508 3100
2502 2126
2671 2404
2628 2111
2699 2385
2488 2887
2074 2310
2625 2905
2379 2753
2383 2729
2650 2830
2631 2943
2340 2848
2697 2107
2746 3057
2626 2201
2707 2241
2062 2158
2347 2529
2066 2212
2487 2295
2023 2243
2561 2680
2272 2409
2604 3045
2888 2280
2707 2962
2787 3079
2799 3024
2619 2544
2539 2829
2243 2706
1973 2018
2504 3086
2177 2339
2615 3178
2918 2282
2033 2127
2616 2929
2316 2442
2506 2355
2631 3032
2278 2351
2794 2396
2257 2598
2888 2292
2113 2153
2746 3024
2023 2362
2458 2800
2266 2419
2547 3133
2531 2078
2594 2724
2575 2247
2732 3041
2533 2384
2495 2363
2707 2105
2269 2337
2370 2732
2352 2717
2063 2165
2226 2753
2554 3130
2789 2399
2634 2911
2890 2319
2409 2321
2288 2309
2790 2965
2736 2502
2646 2953
2333 2441
2577 2941
2300 2508
2426 3207
1996 2141
2543 3113
2105 2178
2228 2755
2532 3063
2145 2286
2003 2333
2663 2128
2669 2567
2749 2345
2839 2396
2688 2372
1950 2075
2052 2167
2373 2355
2608 2951
2578 3035
2543 2836
2686 2390
2570 3121
2594 2541
2132 2130
2907 2253
2236 2707
1985 2343
2936 2364
2437 2340
2558 3098
2560 3160
2707 2238
2677 2912
2604 3156
2035 2223
2486 2847
2633 2856
2275 2868
2098 2141
2572 2765
2500 3183
2771 2969
1942 2127
2255 2760
2510 2308
2534 2391
2023 2238
2202 2683
2736 3036
2303 2520
2784 3067
2569 2692
2307 2759
2290 2764
2348 2750
2004 2146
2667 2323
1957 2084
2010 2320
2517 2374
2275 2516
2587 2952
2199 2342
2516 3052
2696 2531
2960 2300
2319 2832
2250 2661
2523 2211
2518 2891
2933 2354
2488 2058
2432 2748
2889 2249
2722 2100
2641 2964
2355 2381
2290 2283
2540 2255
2260 2319
2794 2966
2385 2348
2465 2335
2665 2294
2293 2283
2408 2733
2025 2168
2684 2180
2022 2298
2588 2727
2650 3185
2295 2534
2320 2809
2370 2402
2689 2034
2642 2986
2658 2540
2717 3064
2269 2319
2739 2989
2325 2507
2577 3153
2234 2626
2587 3157
2691 2318
2569 3025
2264 2759
2920 2295
2444 2364
2287 2353
2454 2348
2526 3041
2306 2776
2362 2344
2568 2801
2393 2397
2597 2211
2571 3167
2237 2674
2359 2414
1973 2005
2687 2341
2908 2253
2020 2127
2580 2215
2706 2330
2247 2340
2341 2727
2548 2821
2674 2109
2681 2566
2242 2288
2770 2369
2632 2822
2257 2726
2595 2724
2615 3024
1993 2168
2579 2770
2579 2972
2554 2869
2595 2542
2827 2407
2391 2393
1982 2122
2104 2253
2911 2257
2480 3214
2928 2354
2771 2370
2218 2309
2506 2270
2609 2529
2678 2048
2472 2334
2529 2394
2424 2824
2092 2139
2332 2438
2730 2992
2779 2957
2043 2177
2321 2533
2660 3212
2501 3222
2532 3226
2436 2120
2611 2105
2766 2291
2543 3012
2326 2505
2812 2929
2646 3032
2489 2296
2470 2047
2701 3067
2483 2100
2506 2126
2667 2910
2361 2401
2440 3170
2516 2299
2746 3025
2354 2397
2278 2419
2642 2275
2265 2736
2551 2820
2666 2242
2686 2329
2708 2365
2569 2534
2575 2734
2506 2223
2024 2227
2476 2295
2323 2393
2085 2315
2760 2303
2278 2500
2484 2233
2542 3135
2572 2915
2581 2534
2683 2126
1921 2103
2686 3068
2382 2396
2270 2465
2789 2145
2604 3166
2245 2333
2110 2159
2560 3024
2755 2300
2787 3003
2834 2397
2689 2362
2466 2843
2082 2111
2415 3189
2569 2800
2069 2284
2576 2804
2659 3044
2311 2524
2652 1989
2343 2529
2765 2324
2441 2300
2644 1993
2574 3038
2527 2175
2216 2661
2318 2380
2529 2883
2606 3030
2542 3095
2251 2723
2021 2357
2267 2470
2291 2533
2285 2604
2598 3168
2097 2314
2715 2217
2684 2167
2266 2319
2702 2205
2266 2728
2649 2128
2512 3202
2541 3185
2502 2242
2913 2301
2491 2297
2575 2179
2260 2725
2559 3211
2285 2842
2270 2306
2711 3074
2608 2690
2472 2854
2671 2919
2267 2713
2594 2821
2556 2678
2262 2681
2656 2340
2479 2819
2353 2330
2235 2733
2579 2822
2765 2522
2682 2395
2634 2505
2580 2530
2685 2455
2313 2850
2476 2101
2651 1996
2559 3141
2727 2997
2239 2728
2657 2327
2334 2438
2641 2109
2633 2509
2498 2276
2924 2329
2654 2904
2776 2056
2584 2948
2438 2817
2145 2319
2441 2308
2831 2382
2645 3207
2913 2293
2777 2963
2462 2833
2131 2111
2087 2129
2572 2741
2678 2494
2881 2295
2439 2780
2829 2407
2655 2416
2482 2095
2662 2166
2765 2372
2911 2293
2267 2606
2376 2377
2648 2849
2615 3023
2532 3083
1993 2149
2002 2361
2631 2944
2309 2422
2516 2148
2088 2232
2684 2551
2498 3089
2493 3092
2574 2787
2607 2239
2559 2222
2878 2327
2787 2388
2678 2251
2177 2328
2513 2286
2284 2454
2486 2348
2100 2184
2446 2817
2498 2277
2501 3214
2318 2786
2278 2347
2636 3065
2816 2939
2525 2319
1939 2127
2308 2389
2227 2336
1992 2150
2513 3069
2808 2944
2484 2328
2691 3072
2428 2364
2670 3024
2521 3038
2393 2126
2391 2280
2919 2266
2903 2266
2456 2046
2676 2217
2239 2659
2368 2755
2541 3233
2376 2434
2278 2560
2280 2443
2583 2738
2117 2149
2039 2182
2665 2308
2562 3196
2611 3054
2005 2355
2920 2302
2581 2203
2258 2769
2184 2750
2877 2327
2594 3150
2400 2762
2127 2304
2381 2420
2351 2527
2623 2192
1995 2345
2523 2078
2216 2691
2912 2325
1922 2091
2420 2373
2317 2842
2520 2039
2531 2394
2266 2623
2518 2330
2303 2849
2776 2370
2691 2335
2718 2201
1975 2026
2683 2029
2427 2351
2630 2940
2485 2847
2805 2956
2497 2061
2663 2987
2267 2616
2623 3191
2077 2315
2695 2190
2799 3088
2093 2291
2071 2123
2728 2205
2107 2341
2503 3215
2445 3232
2915 2336
2685 2227
2672 2594
2276 2653
2562 2196
2519 3044
2693 2106
2482 2053
2658 2006
2526 3032
2710 2386
2396 2291
2664 2218
2616 2234
2764 2365
2522 2914
2769 2522
2685 2177
2462 2339
2092 2329
2510 3102
2719 2093
2674 2942
2449 2795
2554 3007
2510 2062
2280 2384
2879 2260
2763 2320
2263 2680
2358 2358
2236 2335
2009 2144
2258 2698
2911 2343
2786 2346
2437 2344
2646 2500
2431 3182
2643 2113
2841 2353
2602 2821
2301 2744
2437 2302
2407 2720
2293 2618
2279 2561
2647 2996
2660 2284
2797 2951
2542 2180
2564 3208
2572 3147
2235 2644
2523 2275
2515 2164
2583 2953
2678 2406
2463 2252
2214 2316
2037 2273
2368 2428
2836 2400
2424 3231
2580 2538
2666 2251
2054 2222
2790 3034
1963 2104
2673 2879
2743 2211
2553 2261
2480 3215
2280 2446
2803 3035
2438 2119
2496 2054
2028 2289
2255 2307
2577 2546
2659 2484
2586 2545
2529 2904
2000 2113
2528 2219
2313 2512
1976 2012
2543 2828
2488 2325
2621 2710
2762 2958
2358 2736
2586 2754
2822 2374
2820 2943
2410 2295
2634 1999
2035 2103
2517 2328
2320 2443
1978 2116
2327 516
2559 3095
2753 2344
2954 2294
1938 2057
2169 2329
2574 2952
2670 2947
2580 2970
2244 2305
2637 2857
2469 2870
2253 2626
2307 2402
2641 2981
2301 2780
2074 2124
2515 2893
2534 3129
2021 2371
2241 2733
2267 2628
2016 2347
2213 2754
2656 2215
2740 2981
2801 3055
2945 2295
2701 3066
2616 2554
2758 2302
2634 2005
2523 2273
2785 3049
2954 2290
2324 2392
2514 2373
2598 2215
2045 2157
2207 2657
2753 2968
2679 2043
2216 2685
2690 2356
2268 2745
2092 2134
2349 2334
2063 2166
2628 2884
2277 2494
2876 2330
1922 2097
2711 2376
2514 2068
2285 2417
2957 2369
2764 2376
2786 2360
2316 2856
2128 2238
2418 2116
2558 3143
2287 2319
2406 2128
2477 2330
2708 2361
2587 2825
2788 2995
2302 2506
2320 2749
2557 3130
2014 2324
2502 2864
2034 2280
2637 2039
2831 2390
2580 2760
2016 2301
2018 2283
2702 2241
2745 3019
2662 2035
2321 2444
2614 3172
2320 2380
2030 2100
2708 2336
2486 3096
2027 2244
2505 2366
2290 2745
2572 3117
2723 2287
2844 2360
2629 2112
2245 2612
2674 2368
2548 2687
2279 2445
2558 3131
2507 2273
2313 2759
2370 2397
2652 2342
2614 2931
2680 2219
2152 2314
2292 2495
2705 2975
2468 2037
2374 2267
2635 2907
2432 2113
2286 2590
2622 2547
2423 2736
2662 1999
2083 2275
2562 2556
2518 2208
1951 2097
2407 2764
2689 2541
2799 1634
2657 2545
2335 2370
2405 2716
2463 2250
2487 2305
2238 2663
2484 2346
2321 2503
2626 2206
2562 3197
2363 2344
2773 2072
2248 2708
2212 2315
2333 2833
2067 2286
2233 2685
2650 1993
2020 2320
2334 2443
2674 3042
2089 2335
2848 2363
2512 2226
2873 2241
2537 3018
2595 3164
2425 2331
2483 2884
2239 2289
2091 2293
2329 2746
2028 2123
2451 2082
2615 2806
2206 2328
2076 2322
2661 2339
2330 518
2473 3199
2611 2231
2552 3142
2578 2804
2327 2438
2215 2687
2425 2824
2581 2739
2242 2639
2638 2994
2200 2681
2669 2541
2477 2804
2599 2261
2701 3072
2497 3229
2254 2751
2211 2698
2195 2336
2671 2464
2639 3007
2520 2226
2652 2245
2394 2288
2083 2128
2706 2508
2094 2126
2282 2321
2794 3092
2695 2045
2628 2912
2038 2108
2441 2110
2777 2060
2278 2415
2461 2338
2422 2116
2452 2328
2436 2363
2633 3198
2635 3004
2479 2049
2712 2354
2690 3068
1983 2333
2642 3200
2696 3040
2478 2849
2710 2481
2099 2343
2680 2150
2597 2208
2695 2358
2766 2062
2098 2255
2351 2433
2499 2102
2511 3191
2498 3230
2416 2330
2702 2104
2475 2851
2678 2089
1945 2131
2552 2818
2126 2236
2699 3060
2454 2291
2059 2161
2822 2372
2370 2369
2205 2696
2924 2273
2145 2288
1916 2104
2232 2353
2709 2307
2320 2375
2313 2834
2042 2195
2109 2186
2641 3026
2773 2324
2495 2361
2232 2301
2603 2217
2476 2844
2286 2353
2647 2265
2010 2312
2632 3065
2940 2355
2526 2039
1948 2074
2462 3211
2500 2286
2630 1988
2797 3020
2454 2345
2422 3231
2925 2325
2369 2733
2876 2250
2719 2987
2561 2812
2615 3042
2374 2377
2447 2795
2643 2903
2543 2852
2405 2365
2586 2254
2101 2188
2518 2907
2916 2280
2793 2353
2341 2857
2589 2217
2633 3036
2264 2475
2844 2365
2455 2099
2663 2405
2582 2949
2386 2734
2537 2224
2115 2301
2710 2478
2531 2903
2904 2256
2829 2390
2611 3051
2506 2225
2292 2855
2273 2357
2454 2288
2592 3212
2337 2367
2698 2416
2505 2319
2266 2353
2736 3034
2497 2237
2099 2340
2139 2334
2576 3149
2611 2526
2907 2285
2389 2278
2728 2299
2546 2185
2509 3077
2465 2878
2293 2741
2670 2368
2567 2700
2321 2438
2568 2804
2698 2215
2524 3215
2236 2622
2527 3227
2865 2342
2651 2029
2651 3055
2034 2097
2682 2503
2210 2701
2666 2548
2122 2198
2344 2556
2624 2198
2273 2605
2734 2503
2287 2397
2579 2748
2275 2378
2319 2749
2721 2499
2241 2319
2739 2500
2312 2511
2513 3109
2640 2125
2700 2383
2914 2317
2292 2740
2300 2526
2489 3201
2442 2359
2570 3188
2359 2361
2521 2039
2585 2763
2266 2322
2639 2280
2180 2321
2453 2112
2759 2522
2608 3033
2645 2856
2596 3164
2235 2741
2786 2306
2235 2757
2210 2693
2235 2704
2536 3113
2706 2444
2706 2475
2124 2198
2737 2977
2523 2217
2639 2547
2580 3211
2674 2437
2738 3002
2790 3103
2639 2986
2657 3003
2434 3181
2710 2061
2262 2436
2607 2251
2404 2765
2568 3134
2006 2344
2804 2358
2293 2413
2044 2197
2205 2339
2582 2718
2790 2369
2246 2686
2973 2301
2640 2864
2945 2365
2150 2289
2677 2538
2591 2723
2413 2284
2671 3044
2276 2409
2418 3151
2622 2703
2432 2762
2700 2183
2665 2010
2665 2581
2213 2299
2488 2305
2668 2372
2783 2993
2262 2329
2478 2886
2387 2719
2151 2310
2354 2553
2235 2667
2928 2303
2672 2107
2455 2345
2522 2160
2532 3082
2662 2991
2529 2891
2415 2286
2017 2130
2051 2207
2670 2229
1976 2179
2595 2711
2524 2888
2773 2315
2581 2816
2485 2316
2912 2258
2341 2435
2778 2962
2681 2502
2595 2205
2468 2292
2058 2128
2451 2790
2755 2367
2567 3130
2134 2105
2506 3095
2357 2443
2703 2466
2409 2295
2495 2866
2670 2562
2427 2364
2570 3025
2655 3023
2024 2136
2184 2333
2504 2311
2579 3155
2663 2320
1916 2078
2782 3067
2692 2224
2468 2888
2490 2304
2628 2208
2614 2251
2707 3038
2886 2292
2273 2520
2088 2282
2472 2886
2779 2980
2635 2984
2624 1970
2264 2317
2273 2604
2746 2530
2520 2208
2176 2325
2568 2803
2628 2824
2678 2110
2152 2309
2572 3112
2266 2476
2410 2372
2683 2026
2716 2419
2433 3218
2266 2472
2322 2830
2712 2417
2136 2154
2470 2847
2270 2385
2424 2281
2805 3090
2064 2130
1983 2332
2567 2920
2682 2937
2406 2363
2243 2633
2014 2230
2126 2114
2018 2139
2878 2249
1926 2058
2022 2225
2319 2809
2275 2573
2795 3022
2892 2300
2696 3071
2472 2042
2563 2228
2607 2256
2124 2132
2503 2230
2228 2702
2420 2831
2091 2225
2529 3218
2195 2751
2804 2359
2530 3226
1984 2171
2284 2580
2476 2333
2444 2366
2393 2317
2541 2858
2726 3069
2702 2173
2695 2442
2674 2441
2201 2312
2249 2319
2298 2632
2620 2806
2552 3125
2118 2247
2211 2748
2101 2323
2504 2884
1941 2069
2323 2865
2592 2519
2451 2376
2628 3041
2799 2362
2409 2322
2278 2538
2139 2336
2543 2211
2388 2722
2779 2956
2122 2240
2500 3197
2427 2288
2287 2735
2298 2749
2259 2324
2571 2246
2298 2743
2502 2240
2241 2300
2734 2504
2486 2293
2406 2361
2787 2381
2432 2341
2086 2338
2626 2916
2296 2500
2705 2496
2727 3056
2274 2559
2735 2314
2801 3029
2779 2053
2277 2682
2442 2104
2493 2244
2513 2863
2252 2352
2619 2229
2664 2256
2640 3200
2790 2957
2345 2377
2245 2317
2970 2299
2636 3016
2287 2582
2247 2306
2259 2750
1992 2149
1973 2099
2896 2296
2677 2002
2659 2550
2509 3093
2279 2379
2657 2417
2527 3032
2239 2359
2444 2829
2694 2231
2938 2363
2526 2892
2676 2595
2248 2625
2487 2304
2704 2432
2081 2271
2806 3095
2334 2806
2445 2331
2320 2789
2703 2200
2151 2327
2655 2322
1950 2074
2569 3144
2563 2227
2573 3110
2138 2117
2785 3059
2748 2311
2518 2893
2244 2633
2287 2494
2300 2416
2150 2291
2088 2295
2384 2334
2443 2829
2553 3126
2684 3043
2760 2367
2573 3143
2071 2126
2348 2739
2387 2324
2702 2103
2743 3007
2081 2305
2434 2353
2521 3113
2791 2978
2074 2319
2606 2959
2603 2194
2696 2444
2423 2299
2075 2292
2631 2213
2376 2432
1957 2038
2643 2966
2716 3029
2634 1969
2503 3086
2700 2404
2666 2130
1939 2058
2348 2743
2688 2370
2536 3192
2907 2338
2249 2334
2577 3036
2596 2770
2594 3154
2108 2198
2338 2539
2333 2443
2348 2730
2901 2280
2522 2917
1944 2105
2074 2210
2843 2347
2635 2538
2266 2363
2579 2769
2641 2237
2234 2650
2677 2158
2774 3060
2669 2399
2291 2853
2426 2365
2639 2008
2436 2102
2494 2887
2585 2723
2580 3037
2645 3177
2737 2984
2101 2241
2270 2346
2556 3235
2053 2205
2768 2526
2272 2297
2672 2221
2753 2296
2145 2339
2595 2221
2452 2805
2553 2814
2796 2361
2262 2398
2033 2196
2235 2309
2534 3194
2211 2661
2520 2893
2439 3150
2723 2286
2076 2162
2183 2745
2360 2342
2633 1999
2552 3120
2645 2355
2030 2117
2556 3137
2097 2316
2578 2944
2629 1986
2634 1965
2825 2368
2124 2295
2516 2082
2150 2334
2624 2712
2106 2136
2550 3027
2839 2364
2805 2357
2213 2663
2672 2544
2269 2332
2705 2434
2414 3174
2545 3191
2087 2238
2431 3225
2667 2952
2089 2310
2422 3158
2502 2357
2553 2220
2391 2128
2630 2524
2448 2350
2660 2365
2599 2533
2679 2944
2429 2816
2243 2285
2372 2372
2530 2892
2583 2739
2752 2207
2318 2445
2683 2317
2438 2326
2037 2196
2273 2734
2674 2227
2325 2849
2659 2297
2920 2301
2256 2706
2250 2723
2438 2829
2767 2320
2755 2198
2255 2615
2798 3036
2654 2513
2318 2748
2354 2385
2600 2217
2501 2363
2570 3150
2545 3222
2929 2279
1948 2056
2357 2409
2275 2548
2705 2068
2342 2728
2688 2228
2703 2484
2652 1994
2491 3092
2115 2243
2573 2535
2696 2563
2557 3195
2559 3134
2670 2040
2701 2056
2498 2318
2911 2347
2407 2352
2243 2712
2302 2779
2171 2290
2487 2888
2689 2130
2096 2238
2477 2883
2869 2332
2592 3038
2632 2942
2865 2344
2265 2415
2557 2689
2358 2401
2556 3022
2479 2046
2766 2059
2896 2266
2790 3047
2907 2308
2517 2229
2736 2526
2875 2247
2638 2549
2706 2235
2763 2524
2652 2038
2679 2452
2467 2252
2614 2798
2539 3020
2677 2492
2605 2942
2401 2396
2629 2012
1929 2071
2319 2840
2322 2796
2328 2809
2238 2351
2553 2685
2450 2856
2297 2498
2371 2420
2252 2355
2501 2239
2655 2333
2674 3031
2581 2256
2103 2276
2369 2402
2718 2104
2562 2814
2665 2517
2909 2331
2577 2972
2628 2705
2342 2750
2571 3027
2318 2831
2572 2780
2622 1968
2922 2306
2005 2350
2603 2697
2552 3212
1946 2127
1976 2124
2905 2258
2648 2841
2498 2307
2410 2722
2531 2137
2731 2298
2682 3039
2451 3229
2857 2352
2664 2967
2523 2166
2153 2283
2627 2204
2755 2368
2020 2121
2953 2289
2767 2980
2289 2337
1988 2101
2404 2396
2108 2353
2628 1976
2281 2429
2613 2548
2793 2940
2684 2343
2595 2713
2669 2371
2204 2753
2847 2328
2132 2158
2444 2358
2234 2674
2446 2829
2753 2994
2213 2300
2064 2148
2651 2324
2584 2696
2137 2126
2280 2496
2540 3121
2363 2439
2872 2257
2123 2292
2759 2367
2770 2528
2676 2242
2618 2227
2415 2768
2160 2302
2747 3012
2658 2542
2333 2544
2325 2410
2314 2848
2744 2206
2045 2164
2342 2762
2187 2323
2707 2370
2027 2132
2584 2521
2264 2435
2525 2040
2315 2853
2768 2063
2473 2044
2471 2820
2027 2172
2651 2878
2075 2171
1955 2107
2888 2286
2675 2158
2638 2031
2635 2533
2465 2039
2873 2347
2582 2732
2684 2151
2572 2929
2680 2173
2492 2290
2590 2707
2104 2279
2066 2123
2435 2747
2302 2523
2411 2731
2483 2341
2749 3032
2633 2026
2575 2796
2364 2366
2059 2125
2770 2958
2588 3149
2798 1631
2704 2485
2262 2361
2211 2307
2191 2326
2807 3087
2469 2849
2251 2319
2443 2328
1954 2035
2706 2506
2009 2362
2433 3179
2795 2978
2680 2045
2275 2576
2479 2312
2703 2323
2489 3104
2789 2387
2445 2103
2669 2260
2487 2082
2641 2540
2450 2347
2550 2814
2717 2375
2648 2280
2752 2299
2573 2182
2586 3043
2486 2286
2669 2571
2627 2225
2493 2084
2929 2266
2036 2224
2500 2061
2083 2202
2481 2342
2260 2769
2687 2147
2596 2213
2230 2292
2235 2755
2708 2369
2606 2249
2256 2364
2320 2748
2406 2305
2632 2112
2628 2515
2425 3181
2364 2722
2520 3092
2597 2214
2558 3161
2653 2006
2298 2630
2467 2848
2701 2426
2233 2624
2805 2360
2096 2133
2717 2372
2736 2496
2790 3090
2437 2763
2615 3150
2417 2143
2537 3013
2570 3031
2489 2094
2485 2883
2601 2534
2611 2931
2739 2977
2718 2997
2512 2208
2509 2062
1979 2176
2668 2466
2270 2472
2211 2686
2866 2323
2222 2752
2108 2346
2286 2421
2611 2239
2151 2296
1950 2101
2626 2106
2237 2755
2634 2273
2243 2619
2227 2298
2392 2296
2738 3034
2790 2942
2526 2038
2588 2712
2795 3070
2964 2293
2540 3202
2257 2593
2533 3132
2271 2398
2581 2815
2296 2525
2641 2105
2261 2766
2428 2337
2683 3069
2642 2231
2645 2130
2674 3046
2650 2509
2630 3199
1962 2098
2583 3155
2561 3020
2265 2661
2034 2248
2307 2781
2253 2306
2580 2200
2567 2683
2700 2203
2572 3139
2784 2353
2600 2803
2513 2302
2283 2547
2481 3197
2102 2332
2440 2302
2438 3149
2351 2431
2663 3050
2452 2128
2388 2717
2706 2210
2415 2755
2322 2377
2253 2367
2607 2249
2504 3084
2261 2432
2704 3075
2504 2127
2704 3041
2025 2247
2590 2722
2200 2328
2347 2728
2278 2437
2245 2611
2084 2227
2630 3058
2629 2228
2635 3005
2011 2164
2884 2251
2059 2147
2447 2806
2268 2446
2684 3041
2600 2261
2472 2851
2644 2123
2559 3011
2436 2826
2895 2317
2656 2318
2680 2403
2492 2372
2908 2287
2920 2300
2717 2103
2427 2117
2567 2801
2369 2267
2919 2299
2737 2492
2138 2124
2191 2328
2395 2353
2105 2140
2571 2936
2319 2510
2265 2327
2069 2146
2495 2882
2070 2139
2530 3036
2296 2852
2598 2218
2516 2081
2488 2344
2575 2768
2482 3197
2000 2332
2701 2236
2284 2442
2704 2508
2498 2074
2149 2335
2673 2571
2546 2855
2581 2780
2620 2557
2506 2073
2738 2303
2900 2315
2662 3039
2451 2331
2324 2421
2257 2501
1984 2170
2568 2529
2487 2846
2348 2728
2597 2200
2001 2143
2359 2343
2036 2198
2504 3113
2629 2708
2954 2367
2300 2608
2765 2983
2586 2963
2730 2298
2713 2448
2485 3192
2279 2419
2302 2782
2482 2849
2596 2768
2837 2397
2542 3097
2689 3058
1913 2093
2589 2825
2358 2433
2564 3150
2680 2059
2905 2282
2758 2997
2633 2214
2661 2121
2439 2329
2497 2095
2660 3046
2735 2524
2331 2748
2783 2997
2573 2775
2650 2278
2580 2740
2309 2508
2022 2316
2487 3098
2880 2007
1947 2075
2569 2744
2706 2540
2414 3194
2377 2276
2292 2613
2235 2679
2761 2955
2484 2244
2426 2349
2582 2247
2224 2691
2634 2536
2590 3043
2261 2494
2409 2318
2025 2296
2514 2085
2537 2389
2448 2123
2615 3047
2722 3061
2623 2553
2234 2665
2792 2970
2505 2363
2381 2274
2688 2399
1922 2076
2276 2599
2937 2282
2348 2737
2491 2087
2457 2803
2549 3186
2323 2510
1960 2118
2921 2275
2658 2036
2457 3211
2524 3064
2690 2225
2676 2109
2419 2369
2011 2327
2628 2030
2327 520
2559 3133
2635 2016
2069 2168
2621 2273
2102 2162
2611 3038
2419 2144
2260 2667
2627 2521
2707 3080
2280 2677
2437 2298
2274 2368
2086 2100
2622 3159
2039 2199
2367 2756
2273 2297
2924 2287
2794 3095
2095 2260
2507 2220
1957 2097
2642 3053
2577 3163
2593 3215
2601 2527
2284 2315
2336 2543
2229 2746
2450 2091
2348 2551
2873 2323
2680 3030
2607 2545
2421 2277
2075 2294
2356 2388
2441 2316
2366 2388
2060 2149
2452 2121
2598 2695
2008 2344
2507 3054
2034 2127
2156 2281
2119 2148
2479 2227
2634 2000
2382 2274
2105 2336
2582 2269
2108 2136
2502 2054
2743 2493
2649 2235
2243 2306
2363 2387
2608 3031
2278 2582
2061 2159
2558 2251
2550 3144
2227 2299
2598 3145
2259 2418
2273 2549
2236 2708
2489 2244
2554 3179
2649 2283
2386 2276
2544 2840
2260 2399
1920 2092
2796 3039
2696 3038
2449 2362
2070 2137
2636 2037
1959 2105
2050 2197
2451 2040
2026 2235
2785 3052
2489 2230
2161 2286
2078 2213
2265 2605
2437 2767
2440 2123
2686 2147
2103 2248
2481 2248
2092 2244
2702 2065
2400 2401
2231 2331
2544 3136
2960 2355
2384 2349
2073 2165
2612 2813
2490 2081
2485 2054
2121 2141
2357 2746
2546 2845
2254 2366
2567 2917
2948 2284
2742 3027
2557 2180
2396 2121
2800 3048
2300 2772
2262 2351
2161 2302
2440 2768
2928 2324
2794 3094
2581 2693
2704 2506
2528 2388
2708 3029
2780 3073
2715 2378
2615 3173
2443 2831
2740 2994
2694 2106
2308 2763
2608 2195
2087 2114
2633 3064
2296 2757
2614 2543
2786 2361
1962 2124
2412 2320
2342 2387
2454 2814
2914 2330
2380 2390
2439 2764
2409 3182
2255 2619
2727 2998
2249 2306
2212 2313
2734 2306
2216 2747
2041 2217
2788 3038
2540 3119
2494 2284
2485 2346
2629 3058
2531 3032
2432 3188
2574 2786
2793 2398
2699 2204
2436 3178
2641 2862
2091 2270
2580 2541
2535 2192
2390 2125
2711 2332
2005 2353
2391 2287
2358 2728
2649 2284
2407 2722
2698 2315
2525 2260
2639 2830
2678 2001
2515 3095
2551 2821
2413 2283
2065 2160
2673 2917
2439 2781
2593 2520
2308 2781
2720 3063
2067 2167
2689 2394
2502 2072
1979 2101
2044 2154
2571 3164
2192 2322
2208 2652
2456 2834
2115 2297
2554 2823
2577 3162
2651 2505
2806 2360
2738 2221
2584 2218
2385 2298
2647 3062
2658 2257
2832 2406
1941 2071
2671 2127
2666 2580
2429 3226
2581 2784
2405 2118
2603 3045
2700 3044
2617 2940
2791 2985
2389 2276
2437 3172
2458 2111
2540 2184
2610 3162
2448 2806
2352 2334
2446 2801
2269 2446
2221 2309
2030 2226
2240 2616
2436 2766
2268 2321
2279 2442
2227 2715
2440 2748
2713 2346
2788 3091
2487 3210
2461 2250
2282 2417
2314 2802
2106 2238
2664 2423
2441 2305
2747 2974
2284 2498
2580 2696
2010 2163
2468 2293
2645 2125
2798 2952
2678 2496
2611 3145
2644 2868
2319 2400
2646 1977
2571 3025
2570 3051
2667 2987
1924 2074
2656 3051
2748 2982
2426 3212
2787 3052
2584 2206
2690 2345
2429 3165
2631 2509
2473 2830
2454 2836
2608 3145
2511 2212
2299 2780
2558 2257
2772 3065
2394 2347
2282 2629
2685 3071
2336 2807
2569 2782
2108 2137
2811 2936
2411 2116
2562 3195
2715 2379
2701 2244
2483 2051
2448 2358
2085 2310
2666 2002
2510 2207
2675 2090
2724 3069
2551 3144
2297 2851
2423 2302
2651 3004
2212 2689
2525 2394
2522 2899
2659 2901
2472 2295
2308 2761
2542 3123
2335 2428
2661 2124
2051 2198
2936 2367
2483 2340
2227 2661
2584 2825
2640 3029
2635 2035
2131 2115
2469 2110
2268 2575
2523 2350
2953 2367
2499 3196
2719 2213
2218 2319
2431 2762
2470 2106
1989 2332
2691 3041
2503 2224
2167 2316
2569 2531
2109 2250
2429 2337
2288 2415
2520 2914
2703 2245
2524 3032
2668 2453
2448 3232
2295 2744
2471 2829
2661 3213
2750 2206
2092 2204
2255 2759
2709 2410
2483 2329
2507 2307
2427 2814
2007 2162
2619 2908
2222 2320
2647 2853
1963 2031
2748 3055
2650 2266
2025 2232
2540 3028
2554 3088
2318 2397
2445 2831
2637 3064
1992 2098
2204 2311
2563 2680
2720 3074
2077 2210
2698 2948
2516 3055
2026 2110
2281 2679
2588 2762
2579 2541
2036 2245
2890 2318
2248 2339
2108 2294
2694 2224
2233 2329
1918 2091
2551 3019
2519 2066
2378 2427
2677 2917
2529 2263
2672 2946
2525 2175
2500 2890
2653 2307
2094 2258
2959 2357
2607 3035
2797 3032
2594 2763
2640 2269
2021 2284
2451 2794
2039 2245
2270 2469
2369 2369
2554 2825
2535 3228
2628 2027
2578 2813
2640 2114
2263 2346
2676 2546
2675 2012
2042 2179
2665 2167
2520 2271
2190 2755
2597 2197
2339 2428
2442 2805
2575 3040
2435 2771
2739 2501
2793 3044
2622 2711
2025 2371
2587 2727
2671 2869
2521 2160
2182 2321
2296 2768
2718 2205
2388 2286
2733 2985
2593 2255
2594 2946
2594 2695
2737 2995
2516 3036
2065 2167
2104 2198
2670 2085
2454 2349
2067 2125
2318 2428
2671 3026
2703 2454
2671 2555
1928 2072
2087 2311
2482 2294
2539 2374
2657 2175
2633 2034
2727 3053
2804 2955
2294 2293
2770 2068
2540 2829
2288 2305
2689 2353
2395 2131
2696 3039
2637 2001
2636 2913
2069 2151
2631 2939
2447 2800
2014 2162
2584 2773
2270 2560
2667 2966
2573 2763
2468 2868
2669 2584
2786 3047
2521 2136
2332 2378
2914 2307
2107 2342
2398 2307
2464 3206
2902 2300
2534 2885
2493 2863
2445 2791
2265 2319
2487 2088
2118 2329
2720 2313
2004 2166
2507 3114
2017 2117
2576 2819
2420 2365
2419 2117
2039 2267
2238 2642
2295 2742
2489 2304
2413 3192
2602 3035
2109 2127
2358 2414
2906 2301
2213 2739
2712 2403
2244 2621
2706 2237
2708 2371
2452 2376
2103 2277
2492 2877
2784 2969
1974 2028
2372 2421
2415 2734
2632 2034
2711 2509
2035 2220
2575 3045
2671 2450
2526 3007
2228 2651
2113 2297
2749 2962
2200 2679
2508 3111
2511 2331
2515 2040
2465 2293
2261 2492
2580 2529
2579 2949
1979 2006
2706 3054
2627 3035
2540 2225
2498 2097
2652 2275
2704 2202
2746 2290
2486 2050
2503 2322
2628 3062
1970 2017
2260 2560
2096 2135
2310 2525
2176 2748
2799 3035
2674 2405
2489 2228
2414 2735
2665 2322
2773 2369
2641 2010
2651 2836
2331 2861
2700 2947
2617 2800
2512 3115
2544 3135
2333 2378
2337 2534
2351 2443
2730 2492
2664 2558
2573 3025
2665 2911
2276 2520
2225 2300
2647 2510
2279 2415
2371 2377
2711 3058
2681 2177
2719 2495
2465 2881
2366 2389
2055 2166
2034 2245
2675 2162
2271 2734
2712 2325
2797 3044
2693 2145
2444 2828
2621 2193
2280 2453
2683 2133
2387 2722
2246 2332
2799 3050
2356 2354
2451 3211
2535 2220
2567 3168
2686 2325
2601 2529
2271 2359
2735 2523
2660 2967
2793 3101
2048 2213
2701 2242
2681 3024
2009 2326
2691 2505
2877 2251
2659 2421
2660 2215
2263 2747
2587 2797
2129 2156
2737 2526
2765 2068
2568 2526
2017 2227
2541 3094
2327 2527
2663 2988
2598 2715
2565 2225
2771 2057
2346 2731
2595 2817
2525 2279
2269 2500
2246 2647
2453 2329
2492 2299
2740 2998
2418 2732
2823 2372
2682 2051
2269 2559
2553 3137
2416 2289
2598 3169
2341 2855
2269 2677
2542 2860
2263 2735
2488 2233
2272 2684
2388 2295
2680 2598
2438 2767
2711 2441
2406 2318
2476 2304
2664 2583
2272 2388
2702 2449
2637 2914
2428 2352
2671 2170
2387 2315
2915 2299
2636 2220
2939 2370
2029 2111
2698 2233
2672 3047
2609 2105
2267 2712
2299 2748
2211 2313
1974 2020
2705 2244
2222 2693
2545 3218
2718 2986
2582 3029
2110 2149
2041 2189
2557 3158
2666 2369
2401 2762
2560 2231
2693 2408
2504 2135
2632 3042
2478 2104
1985 2330
2682 3073
2751 2205
2573 2547
2869 2350
1999 2152
1969 2020
2652 2036
2704 2065
2901 2260
2409 2329
2268 2330
2541 2264
2810 2944
2433 3174
2260 2364
2665 2589
2564 3024
2643 2842
2803 3073
2806 2946
2276 2509
2114 2301
2974 2299
2574 2784
2718 3066
2038 2250
2366 2268
2481 2316
2202 2338
2636 2988
2002 2145
2718 3027
2654 3050
2339 2429
2678 2912
2562 2179
2453 2346
2247 2725
2204 2323
2474 2831
2625 2825
2534 3227
2683 2128
2008 2331
2680 2407
2414 2119
2014 2348
2512 3073
2510 2213
2423 3231
2449 2092
2275 2390
2575 2785
2425 2332
2470 2840
1985 2171
2635 2546
1986 2335
2712 2370
2694 2605
2731 2987
2124 2138
2910 2320
2721 3002
2575 2253
1986 2170
2228 2703
2675 2575
2534 2188
2659 2905
2768 2970
2318 2443
2678 2055
2636 2864
2486 2048
2267 2727
2647 2850
2372 2440
2797 3031
2490 2243
2624 2277
2793 3099
2012 2328
2245 2313
2512 3206
2383 2359
2236 2678
2586 2755
2268 2309
2571 2551
2481 2226
2302 2772
2062 2127
2448 3236
2669 2947
2402 2401
2214 2746
2289 2492
2379 2754
2293 2303
2504 2118
2474 2295
2269 2619
2647 3001
2089 2240
2435 2309
2196 2751
2596 2212
2887 2321
2694 2402
2635 3039
2124 2290
2524 3089
2269 2488
2745 2206
2673 2501
2260 2324
2576 3030
2362 2403
2658 2277
2262 2612
2458 2084
2399 2311
2940 2316
2669 2132
2412 2137
2681 2339
2747 2979
2278 2353
2228 2316
2640 2029
2789 3047
2630 2916
2434 2117
2314 2830
1990 2117
2448 2039
2279 2582
2685 2458
2216 2748
2913 2311
2774 2368
2245 2610
2773 2972
2111 2305
2724 3063
2647 1990
2465 2102
2683 2949
2658 2281
2543 2215
2778 2322
1945 2068
1953 2099
2303 2769
2400 2309
2080 2294
2413 2355
1932 2082
2673 2065
2536 3221
2290 2602
2265 2747
2693 2170
2605 2950
2708 2362
2379 2724
2703 2205
1958 2073
2051 2145
1946 2122
2554 2181
2644 3056
2932 2267
2674 2364
2226 2696
2239 2358
2117 2133
2465 2042
2712 2367
2253 2322
2762 2366
2104 2142
2427 2350
2743 2505
2326 2407
2784 2337
2753 2346
2337 2750
2431 2102
2723 2488
2081 2126
2457 2125
2603 2942
2311 2428
2703 2315
2924 2278
2381 2356
2353 2555
2655 2246
2709 2951
2595 2781
2789 2349
2320 2746
2303 2750
2274 2576
2581 3207
1977 2103
2415 3188
2670 2467
2705 2522
2653 2325
2664 2363
2306 2773
2636 2018
2899 2315
2690 2364
2636 3049
2211 2700
2642 2023
2297 2635
2217 2327
2632 2872
2675 2078
2604 2528
2503 2309
2586 2961
2014 2307
2835 2359
1950 2112
2265 2760
2724 3062
2077 2222
2085 2208
2681 2454
2038 2183
2529 2174
2272 2349
2112 2308
2551 2185
2948 2297
2610 2529
2337 2852
2666 2278
2523 2131
2547 2259
2692 2231
2526 2910
2708 2510
2626 1965
2126 2129
2338 2443
2553 2260
2310 2407
2912 2337
2550 3145
2668 2591
2285 2734
2531 2190
2594 3211
2603 3044
2663 2969
2637 2868
2495 2322
2700 2250
2637 1997
2072 2126
2915 2269
2638 2859
2071 2227
2420 2369
2575 2257
2685 2503
2636 2537
2323 2863
2719 2102
2704 2106
2246 2702
2128 2149
2528 3085
2267 2676
2728 2290
2510 2327
2798 1634
2127 2306
2416 3188
2701 2103
2243 2685
2625 2861
2527 2214
2266 2435
2637 2829
2647 2992
2703 2232
2447 2785
2325 2744
2450 2284
2271 2550
2083 2306
2740 2210
2907 2304
2708 2419
2499 2885
2151 2297
2608 3034
2254 2727
2026 2131
2578 2821
2959 2300
2795 2357
2553 3125
2602 2804
2523 2314
2094 2200
1927 2067
1949 2065
2552 2687
2669 2173
2918 2337
2665 2963
2617 2833
2674 2361
2366 2271
2575 3160
2104 2123
2600 2218
2564 2697
2417 3155
2443 2320
2605 2545
2172 2290
2652 2307
2800 2126
2207 2692
2258 2416
2705 2420
2306 2748
2832 2403
2766 2066
2322 2406
2483 2295
1961 2079
2836 2364
2698 3044
2562 2677
2697 3038
2347 2738
2415 2282
2548 2191
2647 3184
2741 2979
2651 3023
2353 2451
2485 2295
2662 2903
2334 2807
2563 2815
2322 2506
2674 2324
2804 2139
2730 2203
2655 2023
2649 2877
2580 2728
2760 2952
2319 2503
2637 2996
2113 2251
2676 2228
2146 2337
2515 2163
2279 2858
2712 2217
2264 2661
2480 2104
2241 2301
2230 2287
2651 3214
2739 2527
2182 2322
1989 2112
2697 2944
2469 2101
2177 2326
2285 2342
2682 2341
2539 2262
2502 2076
2411 2718
1965 2080
2578 2746
2591 2793
2441 2771
2571 2814
2341 2728
2089 2276
2037 2265
2663 3047
2566 2556
1970 2129
2022 2282
2714 2969
2014 2166
2265 2723
2546 3035
2836 2367
2673 2945
2403 2390
1935 2050
2638 2217
2754 2302
2625 2885
2239 2691
2100 2126
2281 2587
2731 3068
2022 2353
2617 2250
2702 2182
2202 2771
2077 2127
2541 3232
2770 2970
2490 2100
2635 2006
2565 2539
2739 2526
1962 2026
2679 2226
2121 2192
2723 3029
2682 2126
2016 2229
2836 2399
2572 2916
2475 2852
2349 2740
2106 2288
2064 2206
2415 2292
2340 2849
2148 2285
2587 2723
2128 2159
2739 3074
2649 2176
2612 2528
2661 2041
2873 2237
2700 3039
2713 2329
2344 2346
2917 2325
2436 3150
2076 2307
2330 2547
2712 2377
2495 3090
2705 3037
1982 2139
2488 2284
2897 2258
2549 3088
2461 2090
2694 2403
2637 2987
2676 2067
2743 2530
2231 2625
2660 1992
2755 2349
2291 2398
2077 2163
2204 2695
2335 2764
2461 2085
2377 2755
2802 3071
2125 2236
2464 2293
2411 2128
2462 3209
2033 2103
2474 2828
2638 2829
2261 2767
2678 2221
2636 3046
2302 2757
2156 2298
2522 2177
2670 2013
2707 2186
2377 2428
2631 2911
2696 2508
2505 2126
2641 2960
2339 2750
2544 3188
2294 2757
2036 2232
2132 2129
2560 3162
2361 2383
2325 2531
2224 2308
2689 2181
2437 2821
2428 2823
2519 2041
2031 2177
2274 2547
2571 2545
2270 2559
2163 2317
2459 2103
2709 2215
2690 2177
2026 2370
2635 1991
2767 2363
2446 2813
2609 2243
2022 2283
2295 2599
2642 3026
2439 2123
2355 2553
2731 3042
2654 3021
2427 2128
2551 2220
2051 2131
2705 2508
2647 3230
2409 2117
2590 2718
2079 2321
2282 2499
2268 2577
2235 2314
2189 2753
2100 2186
2130 2111
1999 2350
2528 3186
2389 2309
2672 2237
1993 2146
2270 2468
2501 2076
2357 2415
2719 2363
2334 2373
2485 2294
2458 2853
2616 2939
2534 2861
2331 2740
2489 2231
2026 2291
2654 3225
2236 2340
2443 2790
1963 2118
2531 3109
2442 2123
2232 2711
2512 2271
1944 2068
2639 2007
2273 2485
2259 2654
2736 3053
2693 2605
2565 2557
2633 2105
2712 2387
2233 2757
2149 2293
2262 2675
2514 2369
2361 2753
2492 2106
2682 2129
2341 2837
2885 2240
2479 2310
2102 2159
2514 2066
2563 2231
2557 3100
2069 2133
2369 2444
2610 2809
2637 2269
2593 2771
2919 2307
2491 2292
2327 2503
2087 2343
2078 2210
2542 2260
2415 2758
2523 2904
2548 2185
2341 2539
2670 2326
2567 2197
2529 2379
2657 2363
2414 3180
1990 2332
2293 2619
2849 2349
2253 2588
2229 2756
2365 2439
2351 2382
2453 2284
2499 2277
2114 2304
2663 2037
2270 2340
2184 2324
2575 2713
2275 2389
2905 2259
2718 2494
2590 3158
2304 2529
1977 2185
2087 2128
2573 3150
2427 2824
1994 2141
2633 2220
1972 2005
2221 2747
2128 2162
2543 2196
2685 2381
2508 2883
2480 3221
2279 2353
2577 2970
2782 3071
2667 2953
2052 2157
2226 2344
2465 2116
2669 2256
2671 2128
2635 2009
1969 2123
2462 2300
2223 2749
2318 2410
2535 3077
2029 2309
2448 2796
2518 2229
2298 2608
2507 2124
2404 2764
2008 2334
2629 2518
2358 2382
2352 2720
2567 3222
2518 3048
2283 2438
2033 2175
2636 2280
2422 2366
2705 2356
2294 2601
2132 2299
2701 3042
2932 2301
2697 2110
2530 2393
2724 2488
2211 2653
2512 3055
2634 1995
2742 2492
2684 3069
2593 3157
2453 2783
2152 2294
2655 1998
2068 2130
2587 3154
2236 2615
2665 2278
1957 2091
2478 2850
2690 2602
2670 2075
2651 2546
2560 2239
2430 3226
2775 2320
2590 3046
2674 2535
2322 2799
2228 2742
2087 2237
2686 2391
2526 2172
2723 2999
2464 2817
2529 2389
2683 2381
2657 2332
2331 2810
1975 2114
2657 2279
1999 2151
2960 2299
2104 2249
2625 2705
2444 2361
2455 2046
2381 2266
2251 2352
2215 2304
2623 2559
2264 2654
2675 2871
2373 2374
2130 2299
2778 2320
2659 2341
2075 2226
2471 2044
2779 2332
2423 2365
2337 2805
2684 2383
2396 2277
2654 2905
2614 3179
2632 2711
2235 2756
2293 2621
1964 2117
2485 2105
2613 2198
2531 3107
2281 2742
2263 2718
2489 3088
2375 2388
2292 2350
1986 2140
2645 2029
2712 2199
2581 2526
2450 2825
2688 2128
2114 2334
2578 2267
2624 2929
2591 2700
2459 2078
2339 2838
2398 2287
2679 2018
2525 3061
2473 3200
2479 3226
1982 2170
2227 2648
1986 2337
2670 2044
2524 2272
2640 3017
2700 2206
2254 2590
2856 2352
2253 2660
2678 2568
2605 2939
2259 2595
2496 2214
2523 3060
2252 2622
2779 2976
2493 2284
2789 3091
2732 2199
2548 3134
2176 2330
2615 2803
2038 2181
2666 2589
2201 2694
2561 3096
2474 2888
2528 2038
2525 3056
2542 2219
2202 2324
2325 2833
2717 3028
2555 2868
2646 3211
2415 2724
2671 2463
2657 3212
2774 2331
2294 2377
1957 2073
2890 2320
1968 2072
2527 2317
2568 2195
2276 2366
1979 2010
2542 3187
2046 2167
2704 2044
2263 2710
2482 2295
2756 3063
2568 3133
2614 2557
2692 2355
2673 2875
2110 2190
2790 3001
2776 2967
2194 2325
2474 2313
2563 3162
2109 2274
2599 2696
2739 2972
2264 2733
2601 2196
2653 2004
2694 2316
2776 2331
2670 2966
2768 2524
2110 2196
2696 2191
2418 2120
2649 2872
2652 2872
2015 2368
2026 2169
2464 2331
2465 2880
2658 2547
2422 2281
2766 2996
2520 2045
2636 2548
2413 3193
1979 2118
2537 3126
2790 2972
2230 2299
2582 2219
2017 2323
2787 3069
2779 2048
2666 2010
2558 2249
2656 3214
2533 2173
2634 2940
2265 2317
2458 3221
2558 3130
2681 3071
2679 3040
2780 2336
2680 2591
2265 2559
2478 2350
2325 2810
2678 2537
2720 2089
2597 2947
2444 2098
2354 2433
2319 2406
2110 2189
1991 2169
2290 2394
2487 2873
2744 2494
2411 2722
2788 3092
2702 2971
2216 2740
2110 2292
2581 2265
2629 1969
2684 2228
2865 2323
2543 2205
2594 3148
2369 2432
2718 2085
2418 2115
2910 2349
2613 2537
2612 2946
2445 2812
2799 2969
2566 3199
2371 2359
2655 2424
2090 2232
1935 2064
2404 2317
2846 2342
2425 2125
2555 2180
2878 2262
2597 2769
2548 2192
2316 2825
2097 2325
2299 2511
2300 2756
2730 2291
2507 2325
2634 2112
2405 2293
2381 2429
2631 3013
2177 2341
2355 2755
2118 2190
2632 1968
2546 2843
2321 2406
2441 2772
2899 2248
2313 2757
2223 2746
2844 2368
1989 2103
2086 2340
2834 2356
2575 2547
2428 2334
2258 2771
2569 3167
2675 2159
2925 2282
2785 2368
2316 2843
2103 2335
2340 2846
2858 2357
2761 2954
2641 2832
2820 2358
2431 2299
2850 2354
2654 1993
2712 2328
2017 2365
2712 2976
2580 2210
2670 2042
1946 2070
2740 2976
2537 3012
2680 2454
2649 2850
2706 2498
2017 2308
2129 2195
2161 2319
2006 2331
2045 2200
2736 2312
2669 2403
2339 2378
2438 2780
2278 2355
2890 2311
2025 2374
2665 3206
2422 3160
2282 2383
2288 2532
2718 2373
2435 2120
2624 2548
2717 2490
2066 2120
2571 2547
2448 2800
2513 3087
2945 2362
2018 2372
2548 3235
2501 2318
2419 3198
2657 2996
2429 2103
2247 2688
2528 2175
2703 2948
2088 2111
2119 2293
2680 2172
2234 2661
2636 2991
2615 2801
2663 2403
2688 2558
2699 2948
2470 2820
2495 2081
2484 2318
2803 2359
2702 2428
2795 2951
2454 2080
2247 2341
2664 2475
2643 2549
2697 2522
2327 2839
2004 2162
2641 3230
2302 2777
2708 2543
2446 2793
2657 2289
2657 2509
2552 2255
2594 2770
2727 3059
2497 2358
2479 2058
2554 3228
2609 2811
2432 3214
2582 2759
2831 2374
2395 2727
2793 3084
2662 2118
2655 2127
2502 2241
2605 3047
2582 2958
2209 2317
2521 2317
2697 2198
2639 2947
2670 2465
2651 3009
2542 3137
2725 2489
2707 2208
2026 2348
2286 2384
2309 2414
1921 2088
2611 3044
2744 2526
2695 2214
2888 2300
2689 2535
2509 2359
2457 2038
2300 2528
2773 2079
2530 3037
2787 2354
2499 2308
2732 3047
1926 2086
2269 2501
2706 2229
2558 2686
2258 2418
2296 2501
2455 2284
2267 2316
2480 2807
2450 2127
1918 2075
1926 2063
2100 2340
2445 2783
2357 2398
2621 2807
2912 2268
2338 2540
2126 2296
2205 2693
2609 2690
2110 2153
1993 2115
2668 2948
2710 2510
2836 2366
2543 2870
2656 2841
2555 3138
2600 3168
2026 2309
2810 3087
2250 2634
2290 2746
2283 2297
2246 2348
2294 2378
2284 2844
2439 2770
2645 3013
2528 3091
2024 2284
2441 2326
2548 2685
2268 2759
2634 2710
2511 3213
2670 2579
2509 3096
2637 2283
2651 2500
2109 2257
2283 2536
2007 2148
2456 3206
2660 2871
2618 2197
2428 2813
2446 2291
2541 2872
2527 3222
2691 2174
2425 2364
2665 2171
2582 3033
2510 2359
2847 2342
2213 2703
2422 2277
2894 2256
2581 2707
2505 2124
2707 2488
2330 2441
2628 2862
2396 2401
2636 2218
2265 2324
2264 2676
2699 2226
1926 2060
2714 2540
2705 2517
2459 2292
2915 2301
2473 2334
2272 2682
2100 2140
2258 2615
2372 2755
2056 2154
2443 2775
2326 2838
2029 2248
2627 2825
2215 2662
2502 2211
2335 2854
2644 2017
2410 2294
2395 2356
2589 3153
2584 3046
2563 2178
2689 2403
2742 3075
2333 2377
2434 2833
2701 2183
2264 2392
2764 2525
1975 2172
2107 2140
2636 2228
2063 2143
2227 2705
2434 2331
2495 2117
2338 2835
2335 2747
2258 2774
2757 2203
2629 1985
2306 2819
2568 2732
2872 2254
2664 2158
2335 2524
2594 3215
2409 2297
2075 2211
2634 2212
2739 2295
2657 2304
2621 2712
2520 2326
2014 2126
2439 2306
2832 2395
2482 2078
2016 2222
2704 2217
2471 2878
2652 2997
2544 2196
2625 2824
2502 2213
2494 2243
2028 2347
2487 2874
2487 3205
2864 2342
2595 3035
2376 2396
2643 2238
2463 2864
2481 2104
2477 3227
2420 2737
2415 3178
2728 2203
2286 2858
2251 2705
2346 2345
2116 2252
2311 2535
2689 2323
2332 2429
2560 2734
2578 2764
2445 2083
2705 2502
1994 2115
2267 2741
2210 2325
2700 2469
2316 2855
2408 2359
2523 2270
2911 2349
2496 2235
2516 3184
2494 3092
2678 1999
2947 2356
2226 2757
2356 2397
2684 2048
2738 2979
2497 2233
2512 3036
2561 3141
2646 2027
2032 2178
2718 2492
2463 2283
2682 2951
2284 2485
2046 2154
2580 3030
2347 2750
1949 2100
2671 2172
2670 2508
2805 2141
2630 3056
2771 2067
2578 2722
2628 2200
2582 2706
2447 2112
2669 2073
2642 3009
2092 2273
2196 2755
2752 2353
2513 2141
2488 2874
2688 2553
2090 2225
2667 2250
2020 2138
2553 3142
2482 2346
2590 3050
2528 2886
2748 3011
1929 2083
2595 2704
2314 2755
2668 2261
2021 2222
2075 2165
2560 3142
2443 2834
2782 2334
2676 2216
2584 2959
1955 2109
2259 2698
2699 2464
2312 2829
2789 2352
2726 3037
2902 2309
2277 2588
1934 2064
2322 2800
2591 3158
2227 2338
2085 2232
2492 2374
2627 3032
2223 2307
2618 2556
2820 2369
2578 3038
2712 2366
2420 2830
2420 2356
2541 3187
2151 2332
2695 2065
2225 2318
1988 2331
2562 3172
2322 2509
2885 2247
2129 2193
2148 2323
2802 3049
2632 2284
2710 2447
2612 2554
2714 2428
2017 2296
2775 2052
2711 2187
2700 2234
2634 2279
1977 2128
2096 2327
2249 2707
2839 2404
2702 3040
2375 2427
2246 2328
2286 2313
2081 2120
2772 2059
2480 3225
2252 2366
2670 2475
2478 2884
2508 2146
2660 3050
2693 2947
2489 2242
2015 2306
2124 2240
2484 2341
2238 2293
2523 2129
2508 2219
2021 2374
2755 2359
2786 3033
2676 2912
2210 2317
2256 2726
2786 2383
2419 2835
2570 3129
2900 2263
2326 2434
2613 2555
2452 2084
2314 2785
2320 2402
2149 2322
2444 2322
2276 2429
1954 2042
2195 2755
2012 2299
2670 2397
2538 2864
2584 2724
2660 1998
2415 2145
2711 2327
2549 3033
2696 2440
2100 2189
2721 2986
2207 2653
2545 2857
2651 3184
2732 3042
2452 2860
2719 2090
2268 2434
2625 2706
2667 2326
2542 3099
2661 2219
2652 2028
2128 2297
2281 2590
2801 3059
2208 2686
1980 2336
2224 2313
1998 2114
2478 2821
2255 2418
2292 2301
2621 2553
2241 2323
2481 2819
2332 2855
2784 3035
2645 3183
2711 2530
2701 2522
2634 1998
2783 3051
2500 2101
2660 3039
2105 2186
2043 2154
2073 2222
2676 2445
2574 2958
2702 2405
2457 2834
2047 2212
2684 2553
2638 1987
2484 2316
2625 2710
2793 2968
2418 2753
2681 2369
2035 2179
2540 2262
2674 2516
2222 2650
2271 2463
2474 2315
2703 2331
2489 2077
2499 2127
2612 3168
2529 3221
2468 2247
2694 2506
2758 2376
2319 2788
2520 2215
2266 2334
2481 2228
2695 2195
2511 2149
2487 2075
2686 2229
2636 2923
2614 3035
2948 2296
2672 2454
2014 2228
2904 2249
2697 2471
2628 3040
2450 2298
2596 2208
2634 2923
2608 2691
2681 2540
2894 2300
2498 3192
2273 2294
2638 2007
2331 2547
2523 3106
2648 3050
2661 2549
2360 2341
2720 3078
2512 2225
2260 2766
2016 2127
2264 2314
1982 2345
2559 3222
2526 3120
2101 2256
2510 3108
2392 2392
2214 2705
1978 2353
2689 3060
2515 2297
2015 2287
2631 2501
2168 2328
2555 2254
2249 2725
2574 3048
2274 2379
2570 2796
2672 2940
2618 2906
2314 2751
2525 3045
2032 2230
2322 2437
2531 3183
1985 2118
2924 2339
2798 3054
2595 2816
2710 2994
2664 2911
2196 2759
2934 2363
2079 2292
2419 2114
2743 3004
2591 3050
2236 2755
2538 2870
2643 2023
2661 2127
2703 2423
2639 3187
2740 2209
2034 2222
2263 2446
2327 2505
2276 2417
2522 2153
2523 3083
2037 2251
2709 2243
2867 2345
2639 2232
2743 2293
2446 2099
2383 2330
2544 2180
2700 2414
2216 2327
2565 3008
2021 2356
2677 2374
1953 2043
2539 3028
2670 3053
2101 2186
2737 3045
2623 3184
2508 2367
2678 2069
2920 2299
2322 2374
2574 2269
1920 2116
2688 2392
2529 2262
2083 2204
2012 2348
1926 2061
2333 2375
2640 2226
2430 2812
2317 2830
2701 2405
1995 2344
2753 2298
2688 3065
2651 3013
2263 2386
2437 2766
2589 2721
2692 2189
2607 2542
2674 2046
2494 2321
2585 2749
2319 2426
2515 3199
2608 2802
2274 2652
2476 2826
2129 2112
2679 2496
2725 3065
2655 2881
2697 2465
2259 2420
2684 2388
2835 2362
2564 2231
2640 3007
2431 3155
2237 2294
2735 2313
2113 2299
2229 2741
1971 2030
2505 3084
2047 2151
2634 3047
2230 2352
2724 2484
2691 2173
2571 2918
2231 2649
2250 2683
2480 2097
2336 2368
2642 2108
2868 2248
2275 2603
2255 2352
2783 2305
2778 2967
2518 3088
2708 2215
2903 2340
2264 2746
2700 2065
2738 3003
2523 2277
2700 2394
2633 2543
2408 2352
2666 2596
2081 2299
2673 2000
2524 2358
2428 3165
2551 2222
2643 2555
2536 3036
2427 3159
2525 2071
2412 3194
2795 3015
2695 2408
2709 2488
2419 2283
2341 2531
1919 2090
2282 2600
2526 2385
2597 2941
2520 2909
2372 2760
2312 2830
2112 2251
2512 3087
2668 2262
2508 3182
1960 2025
2559 2202
2216 2746
2652 2261
2707 2236
2244 2311
2600 3145
2689 2449
2625 2200
2617 2113
2283 2380
2691 2102
2701 2536
2569 3146
2128 2153
2122 2244
2271 2341
2869 2338
2632 3005
2370 2432
2502 3051
2232 2704
1974 2132
2244 2334
2239 2609
2428 2102
2626 2107
2739 2994
2580 2519
2380 2324
2228 2341
2707 2951
2758 2201
2377 2354
2380 2278
2615 2556
2493 2101
2323 2854
2020 2358
2507 3213
2232 2709
2762 2960
2307 2814
2477 2849
2140 2124
2110 2138
2411 2115
2875 2251
2610 3025
2571 2725
2259 2768
2512 2043
2471 2830
2811 2138
2080 2327
2020 2117
2638 2227
2250 2319
2519 3086
2656 2542
2680 3068
2290 2415
2619 3175
2629 3194
2238 2643
2210 2694
2536 3194
2296 2529
2482 2050
2416 2284
2334 2866
2748 2978
2253 2654
2426 2106
2649 3001
2932 2362
2325 2411
2273 2617
2105 2339
2608 3161
2660 2276
2269 2608
2870 2339
2675 2490
2510 3193
2603 2952
2715 2971
2414 2759
2726 2287
2573 3039
2369 2726
2280 2681
2166 2322
2404 2302
2531 3219
2314 2844
2259 2314
2521 2277
2117 2131
2654 2316
2277 2546
2322 2504
2534 2134
2069 2137
2639 2904
2715 2490
2649 2270
1995 2336
2634 2285
2794 3028
2337 2441
2456 3211
2655 3048
2575 2199
2789 3034
2579 2218
2669 2090
2744 3056
2557 2233
2016 2304
2416 3183
2595 3214
2453 2088
2656 2487
2642 2837
2421 3157
2401 2294
2626 1964
2615 3045
2690 2064
2879 2003
2414 2121
2663 2243
2353 2449
2799 2393
2535 2261
2558 3199
2025 2139
2493 2218
2234 2645
2292 2620
2635 2988
2905 2343
2499 2101
2432 2302
2941 2282
2308 2835
2084 2103
2530 2132
2519 3095
2492 2225
2027 2123
2444 2370
2276 2578
2432 3187
2716 2100
2431 3154
2233 2317
2106 2252
2632 3043
2684 2227
2785 2971
2412 3220
2798 3044
2678 2944
2729 3003
2658 2213
2448 2339
2570 2732
2157 2298
2101 2123
2009 2169
2298 2526
2626 1966
1974 2134
2295 2611
2829 2391
2082 2300
2301 2521
2409 3181
2564 3171
2018 2214
2230 2288
2593 2773
2677 2875
2478 2308
2696 2183
2291 2767
2015 2127
2580 2802
2600 2527
2042 2181
2255 2618
2797 3040
2504 2226
2252 2726
2504 2867
2501 2129
2717 2086
2313 2513
2488 2349
2371 2391
2440 3225
2009 2331
2617 2824
2937 2371
2516 2282
2585 3211
2937 2368
2739 2302
2267 2615
2595 2709
2524 2176
2526 2893
2686 2167
2498 2356
2352 2723
2279 2294
2510 2331
2429 2814
2367 2405
2068 2150
2790 3074
2470 2340
2701 2225
2557 3194
2932 2270
2123 2147
2918 2334
2765 2304
2098 2235
2523 3057
2116 2258
2457 2285
2584 2214
2660 2002
2432 2810
2295 2757
2235 2625
2649 2994
2635 3031
2364 2362
2771 2329
2639 2016
2572 2813
2579 2749
2669 2546
2780 2332
2237 2293
2513 3058
2237 2742
2750 2348
2519 2146
2276 2589
2642 3017
2759 2997
2844 2342
2209 2304
2577 2974
2271 2380
2572 2691
2427 2734
2473 2886
2452 2083
2696 2044
2642 2024
2957 2294
2240 2675
2555 2823
2650 1995
2543 2225
2245 2702
2497 2307
2792 3069
2549 3183
2085 2205
2586 2959
2406 2721
2744 2294
2560 2912
2660 2121
2704 3037
2690 2947
2282 2560
2648 2509
2560 3018
2496 2215
2413 2725
2467 2048
2632 2704
2629 2014
2631 2105
2508 2124
2124 2289
2296 2602
2811 2934
2678 2177
2556 2217
2091 2244
2575 2267
2853 2344
2767 2356
2541 2881
2641 2114
2680 2942
2022 2137
2684 2461
2853 2342
2756 2198
2452 2350
2956 2292
2734 2514
2837 2368
2315 2844
2658 2998
2241 2676
2086 2210
2493 2321
2757 3060
2703 2326
2445 2096
2279 2342
2323 2848
2106 2274
2570 2728
2706 2353
2872 2343
2542 3115
2276 2467
2534 2180
2322 2809
1962 2096
2500 3223
2602 2527
2746 2529
2382 2279
2358 2392
2755 2350
2483 2244
2675 2011
2115 2249
2126 2143
2566 2557
2500 2074
2447 3232
2709 2518
2673 2227
2711 2312
2709 2525
2310 2781
2043 2199
2308 2407
2788 3076
2454 2377
2664 2474
2260 2612
2734 2297
2493 2294
2576 2920
2619 2934
2627 2942
2535 3103
2264 2562
2711 2444
2276 2600
2301 2636
2119 2135
2145 2125
2270 2488
2915 2259
2505 2302
2625 3193
2650 2031
2709 3085
2757 2510
2682 2034
2578 3047
2039 2258
1955 2091
2475 2854
2749 2973
2753 3004
2066 2125
2626 2209
2492 2884
2571 2691
2538 3126
2507 2353
2471 2344
2813 2941
2492 3200
2490 2360
2540 2217
2272 2301
2688 2359
2541 3093
2452 3211
2567 2698
2518 2281
1992 2151
2446 2335
2748 2525
2542 2877
2492 2876
2743 2506
2932 2265
2668 3042
2645 2854
2696 2420
2706 3069
2683 2551
2614 3150
2736 3072
2391 2293
2656 2040
2589 2955
2685 2461
2581 2211
2395 2297
2405 2714
2427 3168
2691 3062
2359 2413
2177 2748
2725 2486
2461 2101
2243 2299
2660 2910
2265 2314
2897 2306
2388 2314
2442 2831
2666 2373
2327 2830
2694 2354
2602 2778
2772 2071
2578 2723
2569 2250
2054 2166
2036 2217
2738 3038
2547 2847
2424 2332
2652 2544
2581 2801
2257 2350
2414 2134
2517 2041
2335 2830
2650 2506
2461 2040
2539 3174
2240 2356
2547 2204
2596 2203
2772 2968
2530 3105
2259 2607
1951 2070
2063 2209
2582 2525
2517 2282
2306 2818
2093 2326
2583 2736
2508 3055
2871 2257
2054 2219
2591 3048
2205 2753
2329 2552
2526 3085
2806 3097
2413 3218
2669 2982
2518 2318
2391 2723
2522 2322
2314 2835
2408 2333
1991 2330
2674 2911
2664 2866
2269 2335
2949 2284
2466 2882
2682 2505
2519 3219
2703 2430
2458 2099
2325 2434
2431 2353
2600 2532
2453 3238
2482 2362
2703 3034
2683 2152
2485 2845
2534 2135
2440 2330
2273 2420
2404 2295
2481 2814
2426 2734
1967 2105
2012 2325
2796 2973
1974 2012
2297 2507
2676 2066
2113 2240
2025 2350
2234 2311
2481 2105
2583 2531
2313 2410
2464 2815
2077 2128
2554 3143
2535 3219
2117 2247
2912 2303
2702 2510
2635 2010
2602 2196
2270 2657
2606 3045
2460 2292
2102 2236
2495 2287
2458 2811
2591 2821
2653 2964
2003 2145
1921 2095
2686 2553
2087 2239
2258 2619
2789 3010
2304 2778
2547 2841
2785 3067
2524 3061
2156 2323
2490 2347
2207 2695
2709 2323
2686 2601
2210 2303
2740 3032
2559 2252
2692 2146
2093 2234
2423 2735
2621 2231
2636 2907
2442 2330
2413 2136
2589 2789
2448 2297
2063 2150
2032 2099
2713 2323
2429 2819
2261 2649
2628 2226
2665 2961
2278 2583
2796 3096
2431 3221
2021 2309
2356 2435
2486 3202
2441 2739
2542 3183
2473 2873
2314 2378
2787 2386
2602 2777
2307 2761
2752 2301
2123 2197
2278 2619
2485 2248
2595 3032
2525 3064
2204 2693
2316 2852
2269 2407
2713 2425
2722 3029
2789 3012
2269 2662
2658 3207
2844 2347
2571 3150
2430 2297
2093 2289
2323 2797
2405 2306
2023 2309
2707 2953
2158 2304
2337 2393
2637 3032
2810 2947
2336 2428
2667 2567
2674 2064
2093 2330
2256 2609
2907 2305
2804 2940
2679 2374
2615 2946
2510 2209
2708 2492
2296 2638
2514 3106
2338 2446
2213 2750
2565 3095
2641 2873
2329 2865
2337 2858
2422 2297
2540 3107
2312 2759
2569 2517
2396 2352
2580 2269
2103 2280
2104 2121
2270 2337
2511 2151
2526 3118
2759 2994
2362 2439
2648 2500
2653 2510
2660 2283
2498 2885
2014 2168
2694 2472
2669 2491
2772 3060
2432 2363
2306 2399
2342 2388
2945 2358
2370 2390
2599 3146
2665 2003
2096 2202
2792 2956
2393 2128
2198 2337
2269 2617
2434 2121
2739 2978
2604 3144
2506 2366
2038 2193
2063 2127
2579 2772
2889 2320
2765 2958
1975 2119
2682 2398
2772 2057
2678 2393
2634 2224
2738 2998
2458 2859
2625 2863
2707 3029
2524 2349
2663 2416
2293 2412
2582 2536
2022 2297
2789 3016
1964 2123
2564 2181
2107 2274
2493 2059
2560 2200
2020 2168
1971 2107
2487 2084
2423 2364
2573 2221
2638 2114
2623 2890
2559 2810
2435 2306
2471 2312
2931 2303
2229 2744
2606 2693
1975 2104
2518 3085
2032 2237
1957 2033
2689 2562
2701 2221
2282 2676
2176 2336
2116 2301
2236 2712
2657 2261
2449 2326
2572 2769
2249 2640
1929 2060
2295 2607
2094 2266
2147 2285
2692 2172
2658 2854
2828 2405
2050 2134
2714 3037
2279 2430
2664 2220
2021 2305
2481 2242
2313 2502
2375 2428
2705 3052
2009 2364
1931 2082
2521 3092
2595 2946
2616 2823
2420 3195
2629 2927
2106 2347
2111 2129
2740 3023
2481 2362
2635 1987
2504 2868
2518 2271
2530 2184
1971 2115
2643 2539
2579 2741
2674 2494
2585 2798
2315 2759
2539 2195
2547 2843
2333 2552
2383 2417
2897 2255
2546 2839
2536 3181
2393 2308
2509 2376
2186 2332
2957 2356
2668 2043
2227 2755
2132 2162
2474 2821
2329 2441
2076 2306
2668 2167
2634 1990
2702 2105
2510 3091
2047 2196
2793 3097
2630 3041
2665 2042
2261 2434
2672 2163
2713 2387
2590 2726
2620 2267
2026 2171
2483 3193
2031 2242
2673 2436
2533 2383
2494 2245
2572 2956
2645 2287
2528 2320
2483 2249
2002 2149
2714 2320
2098 2344
2448 2300
2677 2565
2074 2127
2693 2604
2643 2503
2482 3225
2710 2058
2261 2653
2261 2351
2460 2083
2509 2142
2239 2285
2705 2526
2627 2902
2474 3211
2305 2534
1977 2170
2473 2885
2705 2229
2010 2332
2595 3049
2692 2107
2775 2967
2638 2542
2731 3062
2643 2358
2736 2988
2788 2376
2266 2328
1962 2111
2910 2271
2315 2425
2446 2317
2537 3019
2723 2486
2400 2731
2480 2362
2907 2271
2203 2324
2135 2292
2294 2602
2436 2776
2664 2959
2660 2004
2257 2756
2521 2211
2640 2537
2708 2484
2296 2382
2386 2395
2638 2550
2526 3061
2431 2351
2268 2617
2612 2544
2477 2821
2915 2314
2631 2506
2278 2681
2219 2320
2623 2247
2490 3096
2678 2455
2237 2710
2770 2529
2292 2624
2021 2238
2234 2733
2492 2100
2536 2862
2804 3046
2797 3101
2542 3111
2829 2375
2260 2320
2060 2150
2321 2508
2631 3194
2496 2286
2482 2326
2235 2327
2950 2295
2707 2954
2561 2258
2751 3006
1992 2105
2419 3192
2374 2360
2336 2440
2255 2755
2266 2405
2412 3174
2634 2993
2571 2709
2264 2758
2522 2274
1946 2061
2701 2241
2692 2166
2575 2934
2562 3133
2262 2559
2924 2276
2703 2325
2170 2322
2662 2122
2672 2592
2240 2615
2078 2208
2587 2711
2246 2349
2706 2415
1949 2110
1962 2097
2443 2305
2672 3042
2226 2331
2669 2440
2471 2895
2487 2348
2213 2665
2668 2005
2752 2523
2552 2870
2694 2395
2322 2867
2246 2682
2478 2327
2416 3187
2668 2984
2460 2284
2336 2833
2285 2397
2402 2758
2490 2074
2234 2670
2748 2292
2477 2048
2288 2743
2253 2309
2932 2283
2710 2213
2553 2254
2829 2387
2355 2430
2713 2310
2488 2282
2495 2219
2222 2328
2635 3062
2268 2398
2509 3195
2413 3175
2642 3054
2266 2385
2447 2126
2498 2106
2284 2420
2020 2122
2659 2903
2213 2704
2370 2437
2730 3026
2439 2322
2320 2807
2461 3208
2025 2354
2515 2051
2542 3121
2332 2416
2437 2742
2499 3212
2430 2112
2688 3057
2565 3215
2682 2028
2489 3207
2525 2378
2880 2329
2129 2104
2327 2373
2874 2241
2468 2817
2323 2809
2408 2356
1952 2068
2260 2420
2789 2964
2503 3191
2642 3193
2315 2753
2275 2379
2785 3017
2745 2530
2298 2498
2741 3073
2794 2952
2046 2197
2588 2720
2670 2256
2330 2867
1973 2125
2270 2386
2706 2434
2573 2935
2876 2255
2632 2857
2593 2777
2469 2836
2299 2544
2680 2247
2481 2345
2250 2684
2235 2292
2545 3021
2578 2726
2629 2277
2902 2260
2453 3236
2568 2807
2677 2152
2682 2222
2935 2324
2268 2573
2632 3006
2270 2865
2701 3039
2461 3204
2555 2260
2673 2459
2686 2231
2438 2109
2907 2332
2163 2286
2537 3077
2701 3041
2414 2333
2637 2988
2269 2736
2244 2647
2466 2299
2331 2429
2789 3046
2690 2348
2716 2507
2503 2216
2730 2511
2559 2258
2436 2122
2540 2827
2673 2553
2120 2293
2260 2346
2754 2994
2291 2768
2520 3093
2463 2251
2596 3148
2536 2374
2757 2205
2046 2210
2937 2369
2581 2800
2602 3043
2268 2737
2359 2442
2404 2130
2261 2672
2288 2323
2299 2497
2483 2300
2597 2709
2360 2730
2428 3186
2534 3176
2587 2963
2514 2285
2527 3068
2238 2712
1918 2076
2149 2315
2681 2954
2222 2337
2086 2244
2034 2104
2785 2372
2436 2822
2395 2318
2566 2910
2183 2329
2131 2155
2485 2224
2235 2658
2334 2530
2444 2102
2477 2852
2737 2306
2542 2183
2787 2371
2318 2743
2574 2951
2542 2879
2553 3031
2438 2110
2867 2348
2404 2342
2537 3194
2757 2309
2111 2128
2353 2750
2919 2303
2773 2971
2281 2677
2029 2168
2644 2361
2514 2160
2667 2075
2595 3038
2605 2959
2774 2324
2653 1999
2410 2733
2915 2295
2268 2488
2022 2228
2638 2271
2694 3042
2034 2107
2699 2234
2410 2362
2450 2097
2403 2304
2299 2540
2606 2805
2611 2817
2629 2824
2312 2857
2442 2125
2517 2281
2486 2295
1995 2346
2689 2358
2373 2268
2579 2939
2055 2154
2019 2353
2623 2905
2699 2189
2688 2066
2255 2310
2682 2152
2906 2269
2245 2695
2573 2246
2502 2135
2768 2320
2549 2198
2666 2579
2702 2317
2152 2296
2700 2231
2445 2321
2949 2294
2705 2357
2018 2235
2515 2274
2759 2068
2609 3024
2390 2315
2559 2685
2786 2992
2521 2918
1998 2148
2619 2807
2674 2505
2130 2116
2058 2158
2507 3093
2515 2039
2640 3005
2457 2040
2366 2718
2381 2422
2921 2296
2584 2752
2613 2947
1976 2349
2508 2274
2569 2804
2266 2713
2768 2374
2448 2832
2479 2306
2364 2368
2257 2668
2583 2529
2595 3044
2739 3048
2492 2359
2570 3210
2504 2312
2585 3207
2229 2717
2271 2452
2634 2922
2716 2430
2338 2554
2570 2794
2440 2314
2575 3047
2638 2989
2576 3036
2913 2340
2506 2353
2608 2821
2563 3152
2633 2924
2710 2471
1954 2087
2120 2154
2511 3205
2947 2357
2270 2398
2769 2530
2558 3180
2606 3035
2289 2853
2424 2822
2586 2531
2336 2854
2665 2952
2019 2137
2570 3029
2720 2088
2408 2726
2600 2534
2865 2343
2289 2624
2084 2293
2652 2546
1918 2103
2710 2969
2828 2383
2575 2769
2758 3065
2614 2800
2242 2355
2642 2276
2287 2309
2501 2357
1955 2089
2282 2547
2033 2109
2749 2964
2660 2901
2531 2388
2294 2525
2942 2357
2699 2390
2828 2384
2621 2890
2547 3124
2581 2527
2434 3155
2151 2288
2676 2957
2087 2339
2457 3233
2455 2783
2455 2125
2706 2354
2343 2400
2276 2522
2666 2966
2412 2732
2389 2335
2407 2726
2275 2370
2619 2714
2025 2231
2690 2503
2699 2396
2019 2214
1938 2058
2634 2007
2228 2658
2375 2271
2018 2130
2441 3169
2370 2363
2264 2420
2358 2451
2399 2309
2634 2869
2513 3199
2710 2405
2230 2286
2564 2529
2568 2179
2325 2409
2424 3225
2111 2149
2228 2335
2924 2326
2028 2354
2479 2888
2011 2328
2751 2207
2573 3152
2603 3026
2414 2736
2681 3067
1987 2348
2702 2236
2606 3048
2326 2512
2643 2967
2262 2671
2502 3192
2641 2111
2251 2727
2578 2765
2345 2753
2794 3015
2249 2317
2268 2472
2572 2914
2001 2157
2515 2298
2554 2200
2782 3070
2681 2328
2278 2515
2260 2661
2698 2438
2334 2831
2200 2319
1927 2066
2100 2283
2585 2954
2338 2537
2559 2242
2426 3202
2298 2283
2438 2831
2272 2341
2315 2409
2107 2254
2465 2296
2176 2333
2671 2948
2737 2309
2682 3032
2432 2118
2318 2832
2693 2189
2483 2306
2902 2312
2914 2258
2603 2235
2106 2145
2214 2696
2341 2800
2280 2508
2664 2867
2263 2420
2747 3010
2211 2703
2769 2958
2287 2347
2630 2522
2264 2698
2663 2424
2504 2119
2087 2295
2712 2355
1996 2336
2480 2045
2020 2284
2448 2095
2269 2401
2793 3015
2640 2986
2535 3115
2178 2748
2615 2110
2581 2702
2000 2366
1957 2105
2392 2357
2663 3003
2557 3183
2435 2367
2782 2305
2503 2057
2675 2914
2206 2654
2346 2335
2521 2315
2069 2150
2132 2201
2693 2402
2529 3227
2466 2313
2479 2048
2951 2285
2669 2911
2394 2316
2524 3051
2430 2102
2285 2313
2119 2245
2491 2291
2257 2502
2543 3218
2415 3179
1995 2141
2645 2280
2647 3067
2524 2902
2590 2542
2707 2311
2449 2366
2280 2512
2273 2404
2758 2999
2455 3229
2274 2517
2391 2286
2634 2510
2487 2099
2673 2013
2358 2357
2815 2939
2671 2324
2255 2420
2038 2189
2266 2603
2255 2589
1963 2105
2294 2529
2424 2282
2409 3218
2616 2271
2741 2998
2125 2145
2711 2975
2745 3028
2219 2693
2680 2565
2192 2336
2331 2864
2536 3185
2644 3207
2467 2868
2630 1973
2648 2115
2348 2554
2378 2270
2541 3114
2152 2312
2816 2941
2435 2765
2475 2834
2698 2465
2577 2244
2395 2278
2597 2751
2949 2286
2699 2063
2576 3035
2450 2297
2325 2373
2671 2563
2672 2444
2562 2558
2092 2292
2686 2355
2579 2220
2877 2247
2671 2915
2472 2106
2320 2743
2587 2531
2540 3030
2461 2291
2127 2143
2523 2077
2267 2475
2112 2339
2673 2325
2711 2542
2499 2881
2427 2733
2611 2530
2658 2330
2708 2060
2578 2820
2608 3044
2285 2442
2283 2490
2552 3233
1949 2058
2903 2292
2675 2492
2702 2424
2618 2254
2331 2440
2643 2350
2120 2296
2274 2556
2754 2309
2090 2288
2140 2334
2375 2354
2929 2303
2785 3002
2541 2860
2522 2158
2406 2319
1944 2104
2234 2621
2477 2842
2029 2310
2563 2810
2438 3223
2236 2687
2055 2206
2739 2970
2457 3234
2664 2581
2639 2233
2701 2051
2221 2305
2274 2292
2642 2555
2663 2130
2252 2664
2563 2222
2445 2093
2642 2863
2258 2764
2500 3229
2017 2118
2523 2885
2477 2044
2476 2839
1976 2123
2635 2007
2468 2819
2016 2139
2426 2353
2083 2112
2273 2339
2701 2533
2563 3192
2252 2717
2124 2139
2279 2606
2655 2427
2561 2734
2509 2223
2696 2046
2570 3028
2660 1996
2328 2503
2241 2734
2344 2347
2917 2299
2661 2305
2533 2373
2258 2312
2649 3214
1976 2352
2016 2367
2715 2404
2555 3233
2375 2377
2593 2775
2526 3119
2498 2358
2642 1985
1971 2130
2373 2441
2403 2345
2094 2263
2763 2987
2406 2391
2476 2054
2632 2502
2628 2917
2530 2188
2646 2510
2259 2367
2447 2122
2092 2234
2700 2225
2533 3222
2841 2355
2454 2124
2555 3089
2590 2798
2509 2061
2712 2351
2529 3093
2441 2369
1951 2089
2641 3019
2678 2500
2352 2444
2418 2734
2284 2845
2385 2265
2685 2553
2368 2267
2715 2199
2414 2127
2236 2657
2597 2205
2740 2500
2222 2691
2262 2727
2417 2371
2877 2246
2177 2758
2642 3232
2633 1980
2550 3087
2797 3029
2634 1973
2833 2399
2255 2608
2561 3149
2600 2804
2742 2297
2679 2249
2755 2206
2540 3185
2453 2289
2641 3232
2261 2317
2656 2341
2117 2289
2426 3183
2740 2985
2294 2279
2464 2338
2351 2349
2606 2933
2571 2519
2560 3094
2476 2317
2733 2509
2528 2136
2225 2324
2500 2141
2646 3205
2719 3076
2835 2376
2501 2248
2933 2267
2564 2179
2233 2626
2657 2847
2141 2290
2026 2374
2619 2932
2455 2834
2018 2312
2666 2427
2580 2750
2319 2397
2670 2078
2196 2322
2301 2766
2227 2702
2290 2623
2546 3124
2264 2327
2088 2284
2286 2495
2703 2357
2271 2397
2231 2705
2015 2165
2655 2259
2404 2388
2283 2489
2511 3081
2624 1965
2007 2169
2528 3102
2795 3020
2012 2301
2579 2941
2651 2905
2273 2340
2366 2366
2418 2123
2534 3192
1949 2108
2360 2414
2642 2954
2757 3061
2581 3213
2585 2709
2506 2311
2803 3075
2887 2295
2609 2254
1953 2088
2712 3062
1982 2334
2768 2969
2615 2817
2647 2540
2431 3187
2668 2544
2491 2090
2205 2754
1973 2348
2470 2876
2595 3152
2686 2600
2212 2322
2231 2718
2560 2250
2415 3210
2437 2816
2744 3005
2446 2810
2683 2049
2223 2299
2629 1976
2559 2911
2395 2398
2653 2965
2342 2395
2619 3045
2472 2858
2498 3184
2760 2311
1942 2073
2012 2305
2360 2753
2355 2384
2691 3068
2365 2367
2652 2501
2794 3047
2607 3153
2024 2359
2365 2266
2729 2290
2090 2276
2554 3181
2920 2352
2574 3122
2404 2387
2458 2833
2779 3066
2413 2322
2528 2883
2800 3051
2305 2748
2901 2304
2787 3016
2703 2107
2505 3075
2130 2130
2116 2339
2651 2307
2679 2555
2770 2376
2922 2271
2523 3047
2502 2360
2664 2487
2412 3218
2639 2275
1990 2115
2712 2333
2380 2428
2296 2756
2705 3039
2508 2144
2431 2116
2732 3025
1935 2087
2410 2117
2633 2993
2897 2296
2283 2676
2667 2314
2415 3211
2267 2397
2503 2227
2967 2295
2339 2834
2644 1978
2224 2311
2637 2271
2681 2555
1988 2116
2402 2295
2689 2377
2489 2084
2319 2431
2103 2196
2313 2503
2671 2165
2567 2802
2610 2544
2619 2931
2016 2167
2302 2819
2675 2248
2863 2342
2164 2317
2624 2889
2606 2806
2247 2317
2624 2716
2729 3068
2636 1996
1986 2100
2657 2341
2580 2724
2571 3212
2419 3191
2929 2283
2561 3165
2659 2991
2297 2539
2636 2543
2717 2100
2474 2806
2109 2167
2785 2383
2196 2338
2433 2350
2700 2448
2605 3045
1968 2074
2589 2749
2445 2789
2028 2293
2437 2307
2598 2264
2331 2444
2319 2534
2543 2259
1996 2116
2791 2955
2031 2312
2759 2995
2186 2756
2012 2308
2337 2846
2635 2284
2940 2314
2348 2745
2508 2325
2849 2355
2758 2367
2571 3037
2363 2406
2618 2806
2339 2845
2614 3032
2495 2360
2256 2657
2211 2317
2642 2840
2237 2732
2437 2817
2428 2121
2710 2977
2812 2943
2648 2289
2527 3089
2665 2491
2359 2435
2614 3045
2395 2352
2514 3201
2491 2100
2013 2357
2115 2196
2610 2202
2310 2383
2571 2686
2228 2741
2536 3011
2522 2895
2384 2263
2572 2729
2151 2287
2472 2048
2678 2939
2688 2535
2702 2169
2270 2410
2634 2912
2569 3164
2708 2360
2514 2271
2652 2359
2590 2745
2389 2391
2581 2779
2446 2859
1944 2075
2455 2291
2480 2048
2300 2605
2645 2871
2452 2082
2579 3037
2565 2536
2458 2807
2559 3174
2719 2365
1959 2091
2728 2492
2632 2912
2845 2347
2631 3046
2542 3189
2312 2823
2750 2532
2247 2632
2327 2850
2587 3158
2767 2374
2657 2511
2431 3180
2533 2077
2915 2330
2596 3041
2210 2659
2154 2315
2672 2066
2850 2359
2625 2862
2398 2296
2007 2345
2531 2133
2003 2157
2586 3041
2922 2272
2803 2976
2470 2856
2018 2167
2669 2474
2483 2242
2017 2297
2567 2517
2140 2335
2353 2430
2556 2812
2730 3044
2910 2331
2584 2540
2636 2012
2289 2303
2020 2305
2624 3190
2261 2598
2669 2248
2917 2333
2654 2279
2388 2281
2952 2293
2036 2127
2033 2220
2446 2297
2446 2365
2501 3097
2397 2107
2481 2322
2748 3012
2093 2243
2934 2284
2107 2256
2257 2608
2524 2215
2212 2302
2941 2314
2494 2865
2590 2952
2556 3130
2376 2430
2356 2412
2629 2011
1944 2062
2271 2405
2043 2178
2519 3105
2268 2495
2081 2119
2224 2312
2674 2045
2514 3086
2418 3187
2916 2260
2638 3033
2254 2306
2692 2181
2410 2758
2576 3041
2449 2792
2580 2813
2336 2439
2663 2990
2441 2746
2540 3099
2670 2923
2624 3040
2031 2176
2498 2359
2651 3052
1995 2166
2814 2941
2795 2952
2571 2808
2685 2377
2435 3227
2286 2600
2419 2738
2639 3186
2471 3201
2542 2264
1949 2075
2404 2715
1923 2097
2798 3022
2661 2299
2841 2361
2537 2190
2639 2871
2523 2170
2758 3060
2090 2275
2477 2838
1951 2067
2541 2852
2733 2494
2595 2539
2839 2409
2264 2478
2680 2876
2211 2311
2424 2335
2568 2222
2330 2552
2342 2802
2692 2394
2274 2656
2696 2441
2580 2526
2378 2754
1994 2118
2626 2199
2559 2216
2232 2302
2566 3150
2492 2237
2031 2265
2646 2275
2274 2297
1986 2330
1980 2171
2512 2863
2125 2132
2516 3056
2491 2224
2718 3001
2035 2196
2262 2330
2673 2912
2405 2348
2706 2473
2159 2312
2311 2532
2668 2504
2743 2202
2001 2350
2894 2307
2722 3000
2374 2373
2583 2958
2320 2850
2520 2138
2105 2161
2008 2345
2514 3081
2307 2762
2826 2381
1993 2333
2540 3229
2668 2117
2174 2759
2671 2496
2516 2058
2332 2427
2891 2315
1949 2098
2846 2339
2923 2292
2689 2402
2549 3020
2249 2631
2081 2226
2572 3050
2576 2247
2275 2577
2172 2749
2430 2349
2777 2983
2390 2128
2548 2849
2266 2396
2656 2484
2070 2141
2337 2450
2679 2539
2583 2761
2544 2866
2647 2355
1999 2154
2717 2980
2033 2277
2482 2051
2235 2657
2110 2154
1982 2138
2183 2747
2653 2126
2110 2293
2239 2619
2673 2360
2657 2914
2246 2621
2319 2746
2050 2136
2344 2433
2416 2145
2484 2245
2195 2339
2558 3207
2747 2530
2487 2089
2464 2890
2689 2369
2576 2244
1952 2114
2038 2255
2571 3111
2129 2163
2683 3032
2072 2222
2973 2300
2568 2684
2534 3172
2562 3220
2623 3164
2301 2503
2560 2911
2281 2321
2277 2617
2562 2203
2421 2825
2290 2855
2643 2114
2609 2102
2494 2221
2292 2288
2648 2027
2541 3193
2317 2390
2951 2356
2426 2283
2535 3075
2580 2800
2587 2220
2082 2204
2324 2441
2457 2812
2404 2391
2774 2969
2674 2068
2544 3173
2449 2292
2525 3216
2265 2720
2018 2304
2393 2280
2573 3214
2528 2907
2580 2762
2547 2825
2548 2826
2671 2244
2521 2886
2083 2308
2357 2381
2333 2740
2099 2237
2577 2751
2746 2974
2655 2915
2651 3054
2624 2825
2724 2286
2497 2888
2657 2333
2645 2124
2052 2204
2534 2389
2625 3043
2502 2359
2246 2306
2144 2125
2311 2534
2293 2533
2681 2060
2737 2980
2708 2487
2640 3027
2244 2302
2746 2512
2597 2534
2937 2360
2628 2712
2253 2623
2507 2366
2635 3032
2451 2329
2482 2345
1964 2106
2712 2352
2274 2486
2427 2337
2440 2819
2271 2498
2626 2911
2706 2523
2895 2286
2572 3127
2489 3097
2095 2203
2563 2204
2417 3208
2703 2383
2591 2745
2326 2863
2951 2296
2444 2122
2595 2779
2744 3052
2114 2308
2670 2911
2668 2576
2292 2765
2650 2844
2733 2495
2807 2361
2520 2915
2148 2298
2425 3223
2554 3006
2559 2254
2507 3055
2602 2781
2193 2339
2262 2420
2790 2373
2933 2362
2649 1992
2463 2301
2027 2178
2484 3196
2603 2259
2005 2162
2630 2710
2668 2232
2548 3173
2674 2553
2574 2765
2272 2737
2280 2344
2236 2757
2643 3209
2507 2080
1972 2115
1984 2348
2538 2881
2231 2712
2902 2284
2519 3185
2929 2345
2414 2725
2097 2184
2450 2044
2234 2314
2068 2151
2107 2237
2244 2342
2527 2132
2581 2269
1988 2139
2658 2005
2322 2391
2583 2813
2546 2856
2571 2549
2598 2942
2020 2309
2269 2678
2715 2197
1990 2144
2509 2060
2894 2299
2487 2085
2517 2049
2676 2447
2922 2305
2518 2328
2254 2356
2676 3036
2557 2218
2921 2307
2659 3022
2028 2226
2692 2445
2085 2297
2696 2522
2431 2765
2760 2360
2556 3017
2598 3210
2308 2402
2041 2277
2683 2461
2625 2929
2924 2277
2526 3060
2578 2761
2484 2050
2234 2338
2303 2506
2466 2890
2835 2408
2704 2378
2582 2249
2526 2386
2203 2697
2284 2624
2794 2967
2456 2088
2775 2051
2590 2258
1985 2348
2488 3204
2318 2841
2401 2107
2446 2298
2017 2212
2310 2858
2313 2416
2501 2360
2894 2253
2644 2989
2946 2365
2716 2099
2671 2516
2503 2276
2704 2420
2647 1977
1991 2101
2679 2493
2705 3057
2517 3071
2119 2151
2698 2234
2389 2279
2350 2403
2593 2746
2339 2765
2122 2132
2227 2651
2227 2353
2543 2868
2672 2916
2496 2278
2471 2047
2645 2501
2683 2403
2583 2968
2621 2557
2243 2677
2732 2207
2414 3151
2262 2618
2273 2351
2594 3145
2647 2033
2708 2515
2632 2027
2427 3164
2246 2747
2548 3035
2609 2101
2608 2695
2350 2402
2302 2520
2633 1978
2560 3099
2730 3003
2011 2357
2307 2525
2788 2981
2565 3169
2469 2335
2609 2697
2455 2283
2267 2562
2519 2891
2590 2796
2510 2274
2507 3079
2492 2305
1978 2347
2765 2326
2786 2375
2442 2747
2350 2380
2110 2170
2359 2403
2390 2295
2637 2853
2331 2376
2363 2435
2308 2518
2579 2217
2663 2219
2633 1977
2459 2834
2484 3093
2708 2967
2025 2370
2548 3207
2659 2037
2377 2395
2081 2110
2561 2226
2582 2248
2289 2316
2452 3203
2474 2833
2403 2302
2349 2552
2589 2543
2671 2221
2434 2765
2180 2747
2486 2329
2557 3022
2222 2692
2559 2912
2050 2167
2199 2340
2598 3040
2430 3214
2251 2683
2688 2596
2669 2949
2450 2818
2555 2227
2341 2385
2483 2312
2704 3055
2702 2314
2093 2284
2551 2818
2434 3225
2806 3100
2750 3009
2813 2935
2542 2225
1973 2031
2830 2379
1993 2119
2084 2300
2085 2103
2682 2404
2096 2239
2764 2313
2639 2020
2494 3213
2569 2724
2800 2123
2524 2273
2342 2839
2644 2828
2451 2301
2781 2332
2591 2214
2667 3051
2487 2881
2618 2831
2122 2141
2277 2421
2565 2699
1980 2137
2675 1994
2229 2716
2746 2358
2595 2766
2884 2260
2656 2303
2552 3226
2286 2591
2022 2349
2568 2693
2654 2211
2109 2331
2499 2307
2956 2369
2590 2698
2667 2232
2210 2685
2053 2218
2968 2298
2642 3063
2652 2844
2059 2153
2475 2336
2698 2048
2705 2475
2607 3046
2235 2334
2229 2660
2265 2355
2894 2296
2116 2251
2220 2304
2243 2710
2084 2338
2566 2690
2654 3002
2273 2386
2411 2730
2720 2986
2444 2826
2754 3059
2493 2288
2539 3194
2506 2271
2532 3081
1994 2168
2597 2530
2238 2653
2227 2745
2282 2624
2663 2549
2613 2549
2093 2282
2478 2050
2500 2234
2702 2431
2702 2222
2733 2997
2424 2288
2080 2299
2391 2360
2269 2473
2282 2511
2505 3077
2264 2393
2500 2284
2340 2428
2909 2257
2718 3072
2688 2019
2308 2401
2434 2351
2289 2745
2149 2298
2114 2291
2518 3094
2636 2866
2485 2251
2540 3233
2669 2169
1963 2072
2215 2743
2012 2117
2289 2289
2664 3208
2237 2676
2371 2447
2467 2849
2706 2485
2472 2878
2276 2452
2428 2288
2150 2316
2669 2569
2241 2732
2039 2186
1950 2121
2287 2322
2524 3038
1975 2083
2438 2778
2703 2422
2549 2183
2591 2726
2409 2328
2655 2262
2627 1986
2490 2881
2023 2220
2708 3084
2569 2198
2456 2089
2503 2864
2674 3045
2245 2694
2631 2281
2337 2848
2558 2809
2326 2830
2668 2013
2592 3050
2466 3205
2275 2387
2578 2973
2147 2322
2349 2350
2403 2716
2398 2107
2533 3186
2509 3185
2369 2359
2019 2118
2547 2687
2659 2543
2474 2338
2701 2472
2564 2810
2460 2100
2325 2809
1958 2071
2259 2397
2314 2513
2742 2209
2626 2210
2558 2237
2304 2777
2090 2289
2491 2298
2444 2116
2509 3205
2010 2325
2264 2343
2396 2354
2317 2398
2612 2200
2678 3038
2432 2102
2641 2963
2649 2273
2106 2233
2747 3058
2333 2747
2461 2293
2845 2348
2705 2382
2644 3209
2482 2293
2205 2697
2618 3046
2623 3044
2686 2357
2444 3229
2038 2274
2432 3179
2524 2155
2373 2752
2642 2273
2659 2284
2325 2436
2531 2263
2538 2872
2294 2600
2261 2663
2200 2323
2837 2401
2739 2228
2438 2781
2673 2041
2706 2975
2579 2948
2401 2753
2023 2361
2633 1991
2526 3123
2579 2268
2755 2347
2383 2722
2105 2286
2351 2336
2540 2842
2609 2235
2785 2943
2581 2820
2496 2360
2526 3117
2302 2534
2500 3090
2842 2360
2445 2357
2414 2148
2595 2540
2572 2763
2701 2170
2771 2058
2672 2323
2583 2772
2629 1977
2349 2530
2344 2732
2756 3062
2232 2295
2280 2625
2685 2345
2527 2347
2321 2397
1941 2056
2095 2312
2416 3189
2581 2769
2111 2156
2586 3038
2637 2856
2109 2132
2766 2326
2708 2517
2325 2510
2648 2905
2699 2415
2558 3223
2095 2280
2450 2339
2659 2299
2244 2309
2916 2270
2424 2734
2211 2691
2518 2175
2596 2202
2643 2864
2744 2530
2485 2089
2582 2526
2647 2126
2510 3201
2021 2116
2031 2372
2431 2305
2489 2876
2532 3124
2177 2294
2480 2228
2437 2301
2950 2289
2003 2156
2870 2344
2489 2220
2653 2205
2260 2421
2670 2474
2284 2579
2376 2428
2042 2200
2283 2491
2427 3219
2092 2135
2211 2323
2372 2437
2694 2534
2008 2147
2511 2894
2759 2201
2606 2963
2446 2833
2273 2355
2583 2801
2531 2173
2549 3087
2495 2080
2488 2875
2390 2297
2769 2312
2402 2363
2636 2016
2528 2889
2652 2360
2316 2756
2221 2338
2646 3063
2697 2463
2408 2362
2085 2326
2640 2123
2397 2395
2462 3212
2663 2240
2706 2414
2419 2110
2710 2970
2035 2228
2036 2276
2685 2500
2319 2738
2458 3216
2243 2317
2637 2946
2532 3067
2656 2177
2690 2563
2900 2285
2504 2859
2679 2048
2663 2005
2882 2260
2289 2375
2077 2218
2455 2329
2298 2606
2694 2399
2525 2229
2717 2212
2441 2360
2277 2515
2369 2447
2733 2998
2720 2981
2239 2662
2565 3099
2246 2305
2572 2743
1971 2125
2455 3223
2692 2183
2531 2379
2666 2131
2642 2500
2414 2322
2469 2840
2063 2206
2590 3208
2253 2613
2707 2509
2546 2199
1986 2351
2013 2303
2566 2230
2026 2245
2579 3035
2634 1974
2543 3014
2787 3074
1951 2108
2069 2147
2276 2292
2413 2323
2437 2124
2280 2509
2616 2545
2728 2486
2475 2295
2862 2340
2743 2518
2605 2258
2264 2350
2545 2196
2497 2076
2254 2319
2518 2334
2924 2325
2887 2320
2631 2825
2142 2293
2421 2735
2645 2286
2412 2765
2756 2343
2133 2202
2412 2718
2912 2300
2921 2306
2768 2958
2662 2165
2671 2256
2444 2821
2754 2350
2492 2323
2744 2201
2723 2288
2731 2205
2614 2934
2662 3002
2449 2127
2603 2102
2200 2691
2471 2876
2543 2217
2515 3036
2731 3067
2374 2440
2276 2564
2105 2341
2597 2945
2611 3143
2504 3097
2302 2526
2711 2371
2589 3046
1917 2078
2436 3167
2280 2620
2018 2308
2168 2317
2519 3103
2076 2161
2008 2114
2398 2119
2489 2089
2674 3034
2540 3096
2531 2187
2789 2942
2841 2354
2801 3037
1981 2136
2379 2274
2417 3151
2276 2495
2240 2311
2275 2541
2658 2127
2227 2315
2886 2305
2279 2625
2128 2142
2356 2395
2631 2113
2677 2491
2737 2304
2475 2822
2043 2179
2483 2291
2384 2336
2696 2526
2376 2751
2254 2365
2267 2662
2579 2760
2216 2693
2481 3214
2643 2953
1919 2102
2474 2331
2521 2041
2931 2282
2507 2277
2403 2391
2610 3031
2769 2524
2468 2332
2664 2422
2388 2715
2292 2497
2635 2115
2099 2329
2299 2634
2774 2067
2341 2840
2335 2749
1987 2338
2493 2287
2691 2339
2617 2266
2297 2632
1976 2126
2633 2871
2276 2451
2699 2185
2019 2239
1987 2146
2850 2342
1960 2107
2347 2379
2730 2309
2301 2777
2438 2775
1972 2030
2873 2324
1917 2110
2739 2988
2812 2945
2304 2773
2290 2595
2691 2101
2655 2307
2149 2294
2634 2037
2675 2452
2572 3114
2720 2980
2098 2167
2262 2601
2625 3162
2272 2390
2685 2058
2087 2267
2669 2515
2651 2542
2655 2425
2425 3162
2561 2176
2681 2160
1963 2116
2349 2401
2240 2300
2533 2262
2107 2133
2506 2229
2585 2824
2096 2255
2452 2117
2229 2659
2265 2363
2536 2262
2554 3136
2311 2408
2799 3013
2579 2813
2278 2559
2695 2182
2702 2970
2879 2005
2230 2295
2839 2408
2313 2760
2240 2609
2432 2332
2708 2372
2384 2397
2660 2483
2707 2314
2237 2614
2503 2129
2785 2960
2318 2797
2667 2954
2652 3021
2681 2453
1964 2095
2289 2297
2289 2384
2520 3048
2054 2216
2794 3023
2707 2517
2702 2240
2498 2354
2564 3164
2622 2798
2757 2369
2650 1988
2690 2561
2820 2367
2035 2269
2473 2840
2019 2131
2679 2229
2370 2438
2126 2305
2771 2055
2451 2351
2387 2338
2115 2186
2312 2382
2471 2294
1968 2114
2608 2955
2644 2987
2541 3220
2664 2488
2805 2139
2252 2720
1958 2028
2281 2623
2754 2525
2616 2111
2644 3057
2703 2186
2532 3040
2084 2295
2559 3159
2461 3238
2262 2477
2666 2174
2554 2220
2273 2409
2107 2236
2442 2355
2315 2428
2071 2133
2630 2912
2807 3100
1989 2170
2391 2392
2610 3050
2659 1995
2892 2259
2656 2914
2516 3054
1947 2097
2505 2119
2417 2285
2297 2502
2317 2395
2644 2130
2635 2215
2464 2840
1968 2109
2250 2759
2642 3034
2651 2833
2307 2519
2107 2198
2324 2390
2513 3097
2652 3224
2244 2317
2676 2590
2532 3064
2729 2202
2284 2601
2445 2806
2753 3005
2562 3184
2903 2344
2026 2168
2627 2916
2666 2490
2432 2300
2680 2596
2294 2282
2541 3119
2523 2887
2364 2756
2747 3018
1932 2066
1963 2108
2300 2632
2704 2379
2950 2291
2666 2902
2111 2197
2310 2834
2641 2222
2513 2892
2788 3000
2218 2320
2562 3216
2664 2011
2493 2243
2381 2268
2501 2861
2541 3028
2410 2286
2483 2344
2617 2254
2813 2938
2912 2289
2519 2311
2743 2296
2473 2803
2674 2590
2309 2383
2543 2839
2588 2545
2485 2098
2629 2916
1915 2106
2462 2252
2456 2812
2610 2939
2519 2211
2535 3183
2109 2302
2505 2353
2155 2311
2475 2337
2274 2553
2138 2128
2537 3031
2474 2805
2260 2345
2513 3090
2612 2814
2281 2442
2524 3106
2437 2123
2208 2749
2598 2947
2906 2338
2629 1982
2512 2285
2110 2340
2934 2323
2575 2819
2379 2276
2444 2788
2684 2389
2344 2342
2506 2304
2626 2912
2655 2292
2718 2995
2458 2808
2714 2990
2065 2161
1964 2080
2502 3216
2556 3198
2287 2310
2650 3010
2647 2264
2248 2354
2646 2909
2558 3197
2432 2304
2769 2983
2425 3231
2831 2376
2724 3030
2435 3178
2648 2542
2638 3188
2558 2685
2681 2596
2551 3006
2661 2174
2502 3215
2712 2530
2013 2349
2586 2207
2592 2757
2785 2352
1991 2329
2491 3102
2025 2369
2208 2705
2615 2552
2673 2127
2513 2317
2535 2885
2669 2234
2341 2532
2640 3234
2289 2308
2562 2678
2571 3053
2260 2651
2439 2126
2081 2213
2343 2758
2676 1995
2005 2359
2014 2303
2505 2226
2101 2165
1975 2182
2115 2164
2590 2822
2264 2426
2519 2171
2781 3074
2470 2848
2895 2268
2239 2733
2589 2787
2123 2240
2489 3208
2451 2092
2319 2398
2808 3100
2625 3165
2282 2298
2826 2400
2730 3065
2796 3027
2292 2407
2591 3039
2531 3110
2284 2314
2338 2865
2235 2357
2516 2061
2643 2550
2657 3225
2518 3092
2635 1993
2279 2534
2084 2302
1979 2177
2473 3205
2708 2966
2297 2504
2666 2318
2342 2399
2410 2131
2675 3044
2682 2319
2408 2299
2345 2855
2814 2141
2029 2114
2470 2240
1917 2101
2190 2333
2138 2118
2687 2445
2703 2238
2327 2859
2534 3191
1952 2067
2085 2277
2709 2061
2713 2342
2611 2243
2423 2297
2390 2357
2344 2335
2758 2519
2000 2157
2506 2136
2146 2290
2274 2409
2582 2787
2840 2360
2510 3092
2303 2756
2785 2338
2671 3051
2679 2454
2843 2365
2264 2734
2701 2510
1977 2125
2026 2295
2464 2252
2807 3097
2559 2538
2593 2220
2677 2048
2674 2104
2966 2361
2748 2530
2714 2374
2582 2254
2060 2163
2125 2193
2702 2430
2585 2955
2674 2110
2727 2220
2645 3179
2619 2903
2249 2641
2488 2367
2524 2269
2596 2779
2176 2759
2630 2281
2177 2337
2114 2187
2496 2135
2502 3230
2296 2631
2362 2440
2346 2378
2528 3042
2679 2019
2454 2122
2326 2391
2711 2188
2500 2244
1955 2127
1959 2031
2641 2501
2310 2509
2632 2507
2265 2615
2703 2419
2326 2746
2652 2317
2001 2145
2633 2549
1988 2338
2199 2337
2573 2519
2713 2386
2621 2199
2706 2502
2675 2561
2635 2219
2338 2845
2534 2374
2431 2811
2664 2491
2512 2126
2654 2873
2491 3100
2452 2087
2761 2953
2085 2243
2668 2168
2101 2141
2731 2492
2237 2740
2791 2404
2669 2078
2004 2161
2491 3210
2705 2331
2788 2980
2581 2941
2653 2888
2289 2530
2655 2892
2112 2301
1998 2333
2678 2502
2669 2259
2288 2602
2205 2752
2283 2419
2252 2655
2661 2862
2705 2170
2931 2307
2772 2961
2636 2225
2283 2418
2279 2443
2274 2296
2365 2405
2788 3073
2378 2426
2550 3147
2942 2285
2452 3237
2590 2787
2511 2215
2560 2536
2424 2106
2236 2351
2682 2145
2548 3209
2478 2057
2292 2631
2017 2363
2662 2419
2710 2519
2518 2077
2752 2205
2592 2697
2322 2839
2267 2361
2269 2498
2774 2958
2572 2937
2530 3179
1949 2111
2908 2329
2493 2372
1999 2112
2567 2721
2591 3206
1996 2155
2435 3177
2938 2368
2703 2432
2536 3020
2353 2345
2672 2877
2441 3225
2641 2864
2636 1997
2378 2269
2248 2628
2722 2496
2330 2747
2317 2802
2018 2223
2654 3023
2620 2929
2598 2203
2904 2340
2603 2805
2894 2311
2658 2301
2660 2302
2227 2758
2472 2855
2124 2298
2572 2784
2913 2331
2646 3212
2532 3012
2637 2273
2694 2448
2703 2485
2681 2366
2804 2971
2049 2213
2032 2100
2561 2805
2450 2376
2548 3144
1988 2352
2634 3017
2324 2744
1922 2094
2650 2128
2707 2310
2401 2759
2678 2374
2297 2636
2861 2339
2104 2343
2641 2871
2287 2858
2656 2305
2028 2168
2456 2860
2501 2364
2705 3031
2268 2403
2293 2853
2699 2470
2520 2232
2774 2066
2452 2813
2671 2216
2673 2092
2357 2755
2286 2585
2741 3031
2309 2420
2576 2220
2518 3044
2416 2727
2303 2517
1967 2108
2287 2349
2747 3031
2494 3218
2766 2969
2210 2703
2775 2369
2202 2327
2018 2236
2703 2324
2684 2379
2518 3187
2572 2909
1952 2124
2772 2957
2147 2127
2706 2948
2330 2748
2273 2390
2295 2596
2312 2533
2009 2147
2400 2397
2706 2243
2697 2224
2574 2744
2710 2057
2312 2522
2482 2079
2751 3007
2517 3220
2085 2131
2507 2362
2958 2356
2501 2133
2667 2254
2420 3154
2017 2142
2644 3009
2692 2102
2671 2395
2511 3098
2646 3067
2724 2213
2768 2365
2653 2125
2423 3215
2494 2102
2034 2106
2304 2531
2809 2140
2581 2724
2544 2837
2406 2320
2659 3021
2491 2223
2319 2743
2551 2183
2250 2710
2525 2278
2582 3034
2556 2241
1980 2103
1969 2081
2273 2383
2627 3063
2664 2221
2568 2535
2274 2651
2735 3024
2088 2113
2892 2257
2697 2409
2644 2830
2703 2483
2449 2790
2501 3089
2302 2776
2270 2667
2352 2343
1948 2055
2410 2127
2401 2314
2005 2331
2661 2296
2810 2978
2001 2333
1959 2033
2592 3048
2721 2094
2485 2249
2703 2413
2458 2861
2074 2322
2610 2693
2920 2264
2709 2415
2175 2293
2650 2508
2009 2324
2309 2815
1969 2097
2559 3210
2104 2334
2514 2149
2208 2660
2224 2702
2344 2806
2525 2913
2164 2287
2442 2297
2671 2111
2791 3082
2286 2398
1990 2105
2899 2305
2323 2857
2700 2434
2664 2319
2533 2388
2519 2078
1983 2139
2686 2374
2290 2537
2954 2356
2246 2338
2415 2754
2802 3073
2700 2202
2266 2307
2102 2190
2018 2127
2495 2868
2279 2608
2693 3062
2508 3084
2612 2948
2382 2429
1979 2169
2462 2285
2594 2768
2048 2167
2060 2208
2442 2358
2026 2378
2271 2735
2226 2350
2463 2088
2498 2360
2261 2341
2246 2307
2796 3012
2623 2551
2524 2268
2026 2247
2893 2260
2230 2660
2766 2957
2661 2125
2588 2760
2940 2287
2815 2942
2103 2261
2582 2769
2620 2198
2033 2126
2267 2622
2662 3215
2652 2273
2398 2105
2440 2306
2520 2375
2249 2633
2901 2308
2643 2552
2012 2349
2771 2065
2206 2317
2708 2388
2495 2286
2317 2749
2611 2101
2461 2078
2537 2392
2553 3138
2639 1973
2675 2545
2582 3155
2537 2261
2824 2369
2020 2298
2323 2799
2545 2835
2360 2406
2721 2096
2426 2821
2423 2753
2017 2140
2525 2373
2835 2357
2714 2216
2329 2370
2548 3022
2264 2739
2595 2819
2285 2843
2128 2136
2082 2329
2604 2195
2650 1985
1986 2348
2805 3028
2313 2391
2449 2043
2516 2270
2219 2748
2799 3041
2572 2796
2645 2966
2449 2832
2287 2402
2456 3212
2699 2199
2647 3059
2108 2351
2752 2308
2243 2655
2439 2334
2667 2166
2681 3033
2522 2229
2796 2342
2238 2355
2650 2260
2256 2365
2589 2268
2465 2337
2643 1987
2767 2322
2130 2112
1923 2087
2404 2120
2523 2886
2678 2081
2616 2947
2632 3059
2471 2292
2295 2750
1984 2117
2742 2974
2450 2080
2155 2312
2643 3188
2641 2838
2376 2354
2656 2967
2741 2972
2320 2796
2386 2264
2317 2410
2095 2128
2619 2557
2104 2147
2131 2104
2422 2275
2681 2571
2632 1966
2788 3090
2658 2473
2876 2251
2509 2316
2516 3073
2649 2290
2205 2322
2117 2290
2718 3019
2660 2405
2480 2810
2289 2294
2956 2359
1990 2101
2402 2400
2266 2734
2401 2760
2008 2286
2171 2330
2630 2109
2685 2603
2127 2147
2498 2355
2522 2214
2418 2731
2214 2691
2666 2252
2787 2943
2093 2272
2729 3065
1987 2329
2278 2357
1938 2127
2412 2115
2506 3214
2516 3215
1976 2084
2592 2778
2313 2848
2569 3212
2107 2181
2609 3148
2673 2254
2719 3028
2502 2278
2657 3232
2041 2216
2211 2662
2524 2036
2126 2130
2869 2247
2068 2134
2695 2226
2462 2338
2521 2279
2801 2123
2325 2834
2283 2455
2441 2124
2581 2753
2697 2508
2489 2058
2440 2323
2668 2077
2656 2840
2575 3159
2262 2561
2538 3015
2653 2342
1977 2010
2234 2315
2505 2365
2804 2956
2550 3022
2549 3090
2390 2290
2108 2336
2645 3036
2044 2206
2702 2522
2753 3064
2911 2341
2284 2536
2574 2779
2334 2865
2574 3152
2489 2282
1959 2085
1963 2112
2672 2870
2450 2040
2083 2230
2509 3204
2688 2568
2290 2765
2514 2368
2226 2318
2357 2345
2710 2484
2127 2296
2680 2569
2548 3088
2343 2803
2573 2737
2904 2315
2525 3084
2585 2263
2613 3042
2456 3235
2292 2414
2735 2225
2454 3235
2500 3230
2392 2309
2788 3087
2732 3037
2699 2409
2566 2536
2712 2532
2445 2328
2458 3222
2586 2709
2682 2956
2240 2685
2543 2826
1928 2066
2659 2328
2116 2249
2488 2884
1944 2069
2345 2803
2641 3049
2668 2956
2644 2542
2579 2200
2248 2719
2257 2659
2574 2936
2423 3184
2424 2735
2105 2162
2533 2861
2699 2240
2647 2127
2657 3058
2225 2691
2267 2320
2558 2252
2464 2332
2331 2416
2463 2101
2927 2349
2357 2360
2548 2686
2701 2326
2726 3023
2679 2542
2642 2909
2694 2948
2379 2731
2570 3138
2441 2114
2657 2870
2567 2696
2479 2104
2803 3103
2869 2248
2647 3214
2685 2331
2508 3185
2438 3153
2440 2126
2722 2999
2646 2361
2603 3028
2428 3220
2900 2265
2626 3188
2477 2240
2113 2341
2069 2129
2328 2741
2308 2809
2645 3180
2431 2363
2550 2195
2628 1965
2907 2290
2333 2447
2425 2361
2598 2524
2347 2401
2689 3056
2654 2840
2312 2389
2797 3043
2436 2748
2528 3100
2571 2916
2785 3074
2697 2313
2595 2714
2091 2230
2323 2528
2364 2438
2241 2293
2640 2866
2429 3184
2332 2373
2229 2292
2649 3185
2280 2738
2610 2931
2528 2352
2088 2240
2572 2933
2266 2308
2531 2262
2357 2384
2292 2857
2411 2372
2588 2798
2691 2563
2801 3089
2235 2706
2620 2935
2574 2768
2336 2393
2313 2527
2652 2292
2454 3211
1952 2028
2701 2437
2095 2234
2662 2290
2779 2961
2662 2219
2520 2078
2124 2305
2071 2217
2133 2128
2787 3062
2302 2530
2631 3008
2477 2836
2636 3190
2904 2305
2469 2342
2647 2953
2172 2751
2639 2010
2610 3153
2552 3038
2565 2697
1978 2120
2138 2119
2017 2324
2179 2751
1962 2071
1928 2071
2713 2347
2570 2182
2312 2422
2622 2714
2262 2608
2659 2545
2685 2380
2200 2754
2532 2185
2320 2837
2487 2882
2647 3002
2624 2268
2369 2729
1955 2039
2701 2383
2512 3209
2265 2740
2487 2346
2370 2416
2607 2543
2313 2389
2481 2044
2447 2043
2441 2346
2516 2281
2778 2337
2011 2310
2630 2112
2249 2320
2894 2249
2551 3134
2633 1971
2289 2284
2158 2299
2654 2421
2685 2232
2694 3062
2224 2745
2206 2315
2276 2432
2600 3038
2394 2388
2151 2335
2315 2390
2276 2384
2655 2000
2583 2516
2651 2481
2416 2292
2111 2154
2517 2299
2070 2288
2836 2368
2539 2254
2539 2885
2211 2655
2581 2694
2676 2252
2225 2695
1996 2159
2652 2294
2874 2244
2720 3029
2689 2447
2604 3034
2793 3039
1917 2075
2106 2130
2512 3114
2623 2549
2408 2363
2621 2903
2597 2819
2642 2846
2277 2559
2636 2116
2492 2238
1973 2108
2674 2956
2541 3029
2685 2955
2902 2261
2097 2205
2064 2166
2653 2026
2733 3066
2632 2286
2247 2701
2471 2107
2140 2290
2075 2172
2597 2532
2015 2327
2807 2972
2710 2362
2437 2365
2431 3153
2376 2752
2075 2319
2637 2274
2685 2231
2634 2275
2295 2498
2741 2493
2702 2242
2795 2395
2316 2853
2521 2885
2575 2715
2526 2379
2921 2348
2611 2247
2055 2149
2249 2634
2655 2418
2102 2196
2464 2884
2670 2509
2557 3181
2095 2326
2266 2337
2733 2490
2675 2506
2242 2681
2576 2546
1950 2098
2461 2819
2307 2822
2383 2719
2027 2112
2015 2347
1935 2088
2095 2282
2272 2403
2511 3092
2520 2079
2318 2502
2654 2358
2682 2444
2869 2334
2750 2977
2268 2306
2166 2289
2324 2401
2455 2837
2080 2295
2431 2764
2012 2346
2550 3121
2655 3210
2470 2890
2526 3057
2581 2522
1957 2031
2153 2327
2680 2406
2764 2312
2766 2300
2766 2299
2767 2299
2768 2299
2767 2298
2769 2299
2767 2297
2770 2299
2769 2298
2766 2297
2767 2296
2770 2298
2768 2296
2769 2296
2770 2296
2771 2296
2770 2295
2772 2296
2770 2294
2773 2296
2770 2293
2774 2296
2773 2295
2770 2292
2775 2296
2769 2292
2776 2296
2775 2297
2775 2295
2768 2292
2769 2291
2777 2296
2776 2295
2775 2298
2767 2292
2768 2293
2769 2290
2776 2294
2775 2299
2766 2292
2767 2293
2757 2341
2770 2290
2769 2289
2777 2294
2776 2293
2776 2299
2774 2299
2775 2300
2766 2293
2886 2301
2770 2289
2769 2288
2778 2294
2777 2293
2776 2292
2773 2299
2775 2301
2227 2349
2770 2288
2768 2288
2779 2294
2776 2291
2773 2298
2675 2050
2774 2301
2771 2288
2767 2288
2768 2287
2780 2294
2779 2293
2776 2290
2773 2301
2771 2287
2767 2289
2768 2286
2780 2295
2780 2293
2777 2290
2773 2302
2771 2286
2768 2285
2781 2293
2780 2292
2773 2303
2770 2286
2767 2285
2768 2284
2782 2293
2780 2291
2772 2303
2773 2304
2770 2285
2766 2285
2767 2284
2782 2294
2779 2291
2780 2290
2771 2303
2773 2305
2766 2286
2767 2283
2783 2294
2781 2290
2780 2289
2772 2305
2773 2306
2766 2283
2767 2282
2784 2294
2783 2295
2781 2289
2780 2288
2771 2305
2774 2306
2765 2283
2766 2282
2767 2281
2785 2294
2770 2305
2771 2306
2774 2307
2764 2283
2765 2282
2786 2294
2785 2293
2771 2307
2775 2307
1988 2170
2765 2281
2786 2295
2785 2292
2776 2307
2764 2281
2787 2295
2786 2296
2785 2291
2763 2281
2764 2280
2787 2296
2785 2296
2786 2297
2785 2290
2762 2281
2764 2279
2788 2296
2786 2290
2761 2281
2765 2279
2789 2296
2788 2297
2787 2290
2760 2281
2761 2282
2766 2279
2790 2296
2788 2298
2787 2291
2759 2281
2760 2282
2760 2280
2766 2278
2790 2295
2789 2298
2758 2281
2760 2283
2766 2277
2790 2294
2789 2299
2757 2281
2907 2329
2760 2284
2765 2277
2791 2294
2789 2300
2757 2282
2760 2285
2765 2276
2792 2294
2788 2300
2756 2282
2760 2286
2765 2275
2793 2294
2792 2295
2787 2300
2788 2301
2760 2287
2766 2275
2764 2275
2793 2295
2788 2302
2761 2287
2759 2287
2767 2275
2764 2274
2793 2296
2788 2303
2762 2287
2758 2287
2768 2275
2763 2274
2764 2273
2793 2297
2154 2314
2788 2304
2757 2287
2758 2286
2769 2275
2764 2272
2794 2297
2789 2304
2788 2305
2756 2287
2770 2275
2769 2274
2763 2272
2764 2271
2795 2297
2794 2298
2790 2304
2788 2306
2755 2287
2765 2271
2795 2298
2795 2296
2791 2304
2590 3044
2788 2307
2754 2287
2766 2271
2796 2298
2796 2296
2795 2295
2792 2304
2791 2303
2778 2995
2788 2308
2754 2288
2767 2271
2766 2270
2797 2298
2796 2299
2796 2295
2795 2294
2644 3229
2652 3058
2767 2272
2767 2270
2797 2299
2797 2297
2796 2300
2797 2295
2795 2293
2202 2763
2768 2272
2798 2297
2795 2300
2796 2301
2797 2294
2796 2293
2795 2292
2517 2208
2769 2272
2794 2300
2798 2294
2795 2291
2520 2231
2519 2230
2770 2272
2794 2301
2798 2293
2795 2290
2282 2440
2771 2272
2793 2301
2799 2293
2796 2290
2794 2290
2525 3088
2771 2273
2793 2302
2800 2293
2794 2289
2246 2316
2929 2307
2801 2293
2541 2250
2801 2292
2801 2291
2802 2291
2801 2290
2803 2291
2802 2290
2801 2289
2804 2291
2805 2291
2804 2290
2805 2292
2805 2290
2806 2290
2807 2290
2807 2291
2808 2291
2808 2292
2808 2293
2809 2293
2810 2293
2810 2294
2811 2294
2810 2295
2812 2294
2811 2295
2809 2295
2812 2293
2811 2296
2809 2296
2813 2293
2812 2292
2811 2297
2808 2296
2814 2293
2810 2297
2807 2296
2815 2293
2814 2292
2810 2298
2806 2296
2807 2297
2815 2292
2810 2299
1981 2114
2811 2299
2810 2300
2336 2442
2812 2299
2229 2740
2812 2300
2652 2003
2414 3179
2813 2300
2812 2301
2412 3180
2578 2528
2032 2267
2814 2300
2811 2301
2032 2266
2814 2301
2740 2986
2815 2301
2014 2143
2816 2301
2015 2144
2817 2301
1982 2171
2018 2297
2126 2126
2129 2135
2136 2128
2114 2128
2140 2154
2743 3003
2742 3002
2743 2998
2743 3000
2014 2144
1985 2173
1984 2172
1983 2171
2019 2297
2019 2299
1975 2115
2129 2134
2516 3076
2815 2291
2816 2291
2817 2291
2817 2292
2817 2290
2817 2293
2818 2290
2817 2289
2819 2290
2819 2289
2819 2288
2819 2287
2820 2287
2818 2287
2819 2286
2821 2287
2817 2287
2819 2285
2821 2288
2821 2286
2818 2285
2822 2286
2818 2284
2823 2286
2818 2283
2824 2286
2823 2285
2817 2283
2825 2286
2817 2282
2826 2286
2825 2287
2827 2286
2828 2286
2827 2285
2829 2286
2827 2284
2830 2286
2829 2287
2827 2283
2831 2286
2830 2287
2828 2283
2827 2282
2832 2286
2831 2285
2828 2282
2826 2282
2833 2286
2832 2285
2831 2284
2831 2283
2831 2282
2831 2281
2831 2280
2832 2280
2830 2280
2833 2280
2832 2279
2830 2279
2834 2280
2832 2278
2829 2279
2834 2281
2834 2279
2832 2277
2828 2279
2834 2282
2835 2279
2827 2279
2833 2282
2834 2283
2836 2279
2835 2278
2827 2280
2827 2278
2837 2279
2836 2280
2826 2278
2827 2277
2838 2279
2837 2280
2825 2278
2827 2276
2839 2279
2838 2278
2837 2281
2826 2276
2827 2275
2839 2280
2838 2277
2826 2275
2828 2275
2840 2280
2839 2277
2837 2277
2825 2275
2828 2274
2841 2280
2840 2281
2839 2276
2837 2276
2824 2275
2825 2274
2829 2274
2842 2280
2841 2281
2823 2275
2824 2274
2829 2273
2842 2279
2841 2282
2822 2275
2823 2276
2829 2272
2843 2279
2841 2283
2821 2275
2823 2277
2830 2272
2828 2272
2841 2284
2820 2275
2821 2276
2824 2277
2827 2272
2842 2284
2840 2284
2841 2285
2820 2274
2827 2271
2842 2285
2819 2274
2820 2273
2826 2271
2827 2270
2821 2273
2825 2271
2827 2269
2824 2271
2825 2272
2825 2270
2827 2268
2823 2271
2825 2269
2827 2267
2825 2268
2828 2267
2827 2266
2825 2267
2829 2267
2827 2265
2830 2267
2830 2266
2830 2265
2829 2265
2830 2264
2831 2264
2832 2264
2832 2265
2832 2263
2833 2265
2832 2266
2832 2262
2831 2262
2832 2261
2832 2260
2833 2260
2831 2260
2834 2260
2830 2260
2831 2259
2835 2260
2834 2261
2831 2258
2836 2260
2835 2259
2831 2257
2837 2260
2830 2257
2831 2256
2838 2260
2837 2259
2829 2257
2830 2256
2831 2255
2837 2258
2828 2257
2829 2256
2831 2254
2832 2254
2830 2254
2833 2254
2829 2254
2833 2253
2828 2254
2829 2253
2833 2252
2828 2255
2829 2252
2827 2255
2828 2252
2829 2251
2829 2250
2829 2249
2828 2249
2829 2248
2829 2247
2828 2247
2828 2246
2827 2246
2828 2245
2826 2246
2827 2245
2828 2244
2826 2247
2828 2243
2825 2247
2826 2248
2829 2243
2825 2248
2829 2242
2824 2248
2829 2241
2824 2249
2830 2241
2828 2241
2824 2250
2831 2241
2827 2241
2828 2240
2825 2250
2823 2250
2832 2241
2828 2239
2822 2250
2832 2240
2829 2239
2827 2239
2821 2250
2832 2239
2829 2238
2826 2239
2827 2238
2820 2250
2821 2251
2833 2239
2829 2237
2826 2240
2827 2237
2819 2250
2820 2249
2833 2238
2829 2236
2825 2240
2819 2251
2819 2249
2820 2248
2834 2238
2833 2237
2829 2235
2824 2240
2818 2251
2819 2248
2820 2247
2835 2238
2832 2237
2828 2235
2829 2234
2823 2240
2824 2239
2817 2251
2818 2252
2818 2248
2821 2247
2835 2237
2831 2237
2827 2235
2829 2233
2823 2241
2836 2237
2835 2236
2826 2235
2827 2234
2829 2232
2822 2241
2835 2235
2830 2232
2828 2232
2822 2242
2834 2235
2830 2231
2821 2242
2833 2235
2834 2234
2820 2242
2834 2233
2820 2243
2835 2233
2834 2232
2820 2244
2836 2233
2834 2231
2837 2233
2834 2230
2838 2233
2837 2232
2833 2230
2839 2233
2833 2229
2839 2234
2833 2228
2839 2235
2832 2228
2840 2235
2838 2235
2832 2227
2841 2235
2838 2236
2831 2227
2832 2226
2841 2236
2841 2234
2832 2225
2841 2237
2842 2234
2841 2233
2831 2225
2832 2224
2843 2234
2842 2233
2841 2232
2831 2224
2833 2224
2832 2223
2843 2233
2840 2232
2830 2224
2834 2224
2833 2223
2844 2233
2843 2232
2829 2224
2834 2225
2845 2233
2828 2224
2638 1973
2835 2225
2845 2232
2828 2223
2846 2232
2828 2222
2846 2231
2828 2221
2847 2231
2846 2230
2829 2221
2827 2221
2828 2220
2848 2231
2846 2229
2830 2221
2827 2220
2828 2219
2849 2231
2846 2228
2828 2218
2849 2230
2845 2228
2829 2218
2827 2218
2828 2217
2849 2229
2844 2228
2828 2216
2850 2229
2849 2228
2844 2229
2844 2227
2827 2216
2851 2229
2848 2228
2844 2226
2826 2216
2827 2215
2851 2230
2851 2228
2848 2227
2843 2226
2844 2225
2826 2215
2851 2231
2851 2227
2847 2227
2842 2226
2844 2224
2825 2215
2852 2231
2850 2227
2841 2226
2842 2227
2825 2214
2853 2231
2852 2232
2850 2226
2841 2227
2841 2225
2825 2213
2852 2233
2841 2224
2825 2212
2852 2234
2841 2223
2826 2212
2825 2211
2853 2234
2851 2234
2841 2222
2827 2212
2824 2211
2825 2210
2854 2234
2851 2235
2842 2222
2840 2222
2828 2212
2827 2211
2823 2211
2825 2209
2855 2234
2842 2221
2840 2221
2829 2212
2828 2211
2823 2212
2825 2208
2856 2234
2855 2235
2855 2233
2842 2220
2829 2213
2829 2211
2822 2212
2856 2235
2855 2236
2842 2219
2829 2210
2821 2212
2856 2236
2855 2237
2843 2219
2842 2218
2829 2209
2821 2211
2856 2237
2854 2237
2844 2219
2829 2208
2820 2211
2821 2210
2857 2237
2856 2238
2844 2220
2844 2218
2830 2208
2828 2208
2819 2211
2821 2209
2857 2238
2856 2239
2845 2218
2844 2217
2831 2208
2828 2207
2821 2208
2858 2238
2857 2239
2856 2240
2844 2216
2831 2209
2827 2207
2828 2206
2821 2207
2859 2238
2855 2240
2844 2215
2832 2209
2831 2210
2828 2205
2821 2206
2860 2238
2859 2239
2855 2241
2843 2215
2832 2210
2828 2204
2822 2206
2821 2205
2854 2241
2855 2242
2842 2215
2827 2204
2828 2203
2821 2204
2853 2241
2855 2243
2841 2215
2842 2214
2827 2203
2829 2203
2821 2203
2854 2243
2855 2244
2827 2202
2830 2203
2822 2203
2821 2202
2853 2243
2856 2244
2826 2202
2827 2201
2831 2203
2820 2202
2821 2201
2853 2244
2856 2245
2826 2201
2828 2201
2832 2203
2831 2204
2822 2201
2821 2200
2856 2246
2828 2200
2833 2203
2820 2200
2821 2199
2855 2246
2856 2247
2829 2200
2828 2199
2834 2203
2833 2204
2821 2198
2856 2248
2827 2199
2835 2203
2834 2202
2821 2197
2857 2248
2855 2248
2834 2201
2820 2197
2857 2249
2854 2248
2833 2201
2819 2197
2858 2249
2853 2248
2854 2247
2833 2200
2818 2197
2859 2249
2853 2249
2833 2199
2817 2197
2859 2250
2853 2250
2834 2199
2833 2198
2816 2197
2817 2198
2859 2251
2854 2250
2852 2250
2834 2198
2833 2197
2815 2197
2816 2196
2817 2199
2860 2251
2854 2251
2851 2250
2852 2251
2835 2198
2833 2196
2814 2197
2816 2195
2818 2199
2817 2200
2861 2251
2855 2251
2836 2198
2814 2198
2815 2195
2816 2194
2819 2199
2816 2200
2817 2201
2862 2251
2861 2250
2856 2251
2855 2252
2836 2197
2813 2198
2816 2193
2816 2201
2862 2252
2855 2253
2836 2196
2812 2198
2815 2193
2862 2253
2854 2253
2855 2254
2836 2195
2811 2198
2815 2192
2861 2253
2862 2254
2853 2253
2855 2255
2836 2194
2810 2198
2811 2199
2811 2197
2815 2191
2861 2254
2862 2255
2852 2253
2853 2254
2837 2194
2835 2194
2809 2198
2811 2200
2815 2190
2863 2255
2862 2256
2852 2254
2838 2194
2835 2193
2809 2197
2811 2201
2816 2190
2814 2190
2864 2255
2861 2256
2862 2257
2851 2254
2838 2195
2838 2193
2834 2193
2835 2192
2809 2196
2812 2201
2817 2190
2816 2189
2813 2190
2864 2254
2860 2256
2861 2257
2863 2257
2862 2258
2850 2254
2851 2255
2839 2193
2834 2192
2836 2192
2835 2191
2808 2196
2812 2202
2816 2188
2812 2190
2813 2191
2813 2189
2470 2836
2859 2256
2860 2255
2861 2258
2850 2255
2833 2192
2835 2190
2807 2196
2812 2203
2813 2192
2813 2188
2959 2352
2858 2256
2859 2257
2849 2255
2836 2190
2834 2190
2806 2196
2807 2197
2812 2192
2814 2188
2812 2188
2958 2353
2848 2255
2805 2196
2807 2198
2811 2188
2812 2187
2966 2367
2847 2255
2811 2187
2959 2353
2846 2255
2811 2186
2966 2366
2961 2354
2845 2255
2810 2186
2811 2185
2960 2353
2967 2366
2961 2353
2844 2255
2845 2256
2845 2254
2809 2186
2812 2185
2811 2184
2967 2365
2962 2353
2967 2364
2843 2255
2844 2254
2845 2253
2808 2186
2813 2185
2812 2184
2810 2184
2963 2353
2843 2256
2843 2254
2845 2252
2807 2186
2808 2185
2814 2185
2810 2183
2966 2364
2842 2254
2845 2251
2807 2187
2807 2185
2808 2184
2814 2186
2814 2184
2963 2354
2845 2250
2806 2187
2806 2185
2808 2183
2815 2186
2966 2363
2963 2355
2845 2249
2806 2188
2805 2185
2807 2183
2808 2182
2816 2186
2846 2249
2844 2249
2805 2184
2807 2182
2847 2249
2843 2249
2844 2248
2804 2184
2805 2183
2847 2250
2847 2248
2803 2184
2805 2182
2847 2247
2803 2185
2803 2183
2804 2182
2848 2247
2847 2246
2802 2185
2802 2183
2804 2181
2802 2186
2802 2182
2804 2180
2801 2186
2802 2187
2801 2182
2805 2180
2803 2180
2800 2186
2802 2188
2806 2180
2802 2180
2799 2186
2800 2185
2803 2188
2807 2180
2801 2180
2802 2179
2798 2186
2799 2187
2808 2180
2802 2178
2797 2186
2799 2188
2809 2180
2808 2179
2803 2178
2802 2177
2796 2186
2797 2185
2799 2189
2809 2179
2808 2178
2796 2187
2799 2190
2810 2179
2808 2177
2796 2188
2800 2190
2799 2191
2811 2179
2543 3008
2808 2176
2795 2188
2796 2189
2801 2190
2798 2191
2811 2180
2807 2176
2794 2188
2812 2180
2811 2181
2806 2176
2807 2175
2793 2188
2811 2182
2807 2174
2792 2188
2793 2189
2808 2174
2806 2174
2791 2188
2793 2190
2805 2174
2791 2187
2794 2190
2793 2191
2805 2173
2794 2191
2792 2191
2805 2172
2794 2192
2791 2191
2792 2192
2806 2172
2805 2171
2795 2192
2792 2193
2807 2172
2806 2171
2804 2171
2796 2192
2795 2193
2792 2194
2806 2170
2803 2171
2804 2170
2792 2195
2802 2171
2804 2169
2793 2195
2791 2195
2801 2171
2803 2169
2790 2195
2791 2196
2801 2172
2801 2170
2789 2195
2791 2197
2800 2172
2801 2169
2789 2196
2790 2197
2800 2169
2788 2196
2799 2169
2787 2196
2788 2197
2799 2168
2787 2195
2788 2198
2799 2167
2787 2194
2787 2198
2788 2199
2799 2166
2787 2193
2787 2199
2789 2199
2788 2200
2798 2166
2788 2193
2786 2199
2787 2200
2790 2199
2797 2166
2798 2165
2789 2193
2788 2192
2785 2199
2790 2200
2797 2167
2797 2165
2789 2192
2784 2199
2791 2200
2796 2167
2790 2192
2789 2191
2784 2198
2791 2201
2795 2167
2789 2190
2783 2198
2784 2197
2791 2202
2794 2167
2790 2190
2788 2190
2782 2198
2784 2196
2792 2202
2793 2167
2794 2166
2788 2189
2782 2199
2782 2197
2785 2196
2784 2195
2793 2202
2792 2203
2792 2167
2794 2165
2787 2189
2788 2188
2782 2200
2794 2202
2793 2203
2791 2167
2793 2165
2788 2187
2781 2200
2795 2202
2793 2204
2793 2164
2787 2187
2788 2186
2780 2200
2781 2201
2796 2202
2795 2201
2794 2204
2793 2205
2792 2164
2793 2163
2786 2187
2788 2185
2779 2200
2781 2202
2797 2202
2795 2200
2795 2204
2792 2205
2791 2164
2793 2162
2785 2187
2778 2200
2781 2203
2798 2202
2797 2203
2796 2200
2794 2200
2796 2204
2791 2205
2792 2206
2791 2165
2793 2161
2777 2200
2781 2204
2798 2203
2797 2200
2796 2199
2790 2165
2793 2160
2777 2201
2782 2204
2799 2203
2798 2204
2797 2199
2789 2165
2793 2159
2777 2202
2783 2204
2800 2203
2797 2198
2788 2165
2789 2166
2793 2158
2777 2203
2783 2205
2783 2203
2801 2203
2800 2204
2798 2198
2797 2197
2788 2164
2794 2158
2776 2203
2777 2204
2784 2205
2783 2206
2802 2203
2799 2198
2796 2197
2797 2196
2795 2158
2794 2157
2777 2205
2785 2205
2802 2204
2802 2202
2799 2197
2795 2197
2797 2195
2795 2157
2778 2205
2776 2205
2786 2205
2803 2204
2803 2202
2799 2196
2794 2197
2795 2198
2796 2157
2795 2156
2775 2205
2786 2204
2804 2204
2803 2205
2799 2195
2796 2156
2774 2205
2775 2206
2775 2204
2787 2204
2786 2203
2805 2204
2803 2206
2797 2156
2796 2155
2773 2205
2775 2207
2787 2203
2786 2202
2806 2204
2805 2205
2805 2203
2804 2206
2796 2154
2773 2206
2776 2207
2774 2207
2788 2203
2785 2202
2807 2204
2806 2205
2805 2206
2805 2202
2796 2153
2773 2207
2776 2208
2785 2201
2806 2206
2805 2207
2806 2202
2797 2153
2795 2153
2796 2152
2773 2208
2776 2209
2574 2799
2805 2208
2798 2153
2797 2152
2794 2153
2796 2151
2773 2209
2806 2208
2805 2209
2797 2151
2793 2153
2794 2152
2773 2210
2807 2208
2806 2209
2805 2210
2797 2150
2793 2152
2772 2210
2773 2211
2804 2210
2797 2149
2792 2152
2773 2212
2803 2210
2804 2211
2796 2149
2797 2148
2791 2152
2774 2212
2802 2210
2803 2209
2804 2212
2796 2148
2797 2147
2790 2152
2791 2153
2774 2213
2801 2210
2804 2213
2798 2147
2797 2146
2789 2152
2791 2154
2775 2213
2774 2214
2801 2211
2805 2213
2803 2213
2799 2147
2797 2145
2789 2153
2789 2151
2776 2213
2774 2215
2801 2212
2800 2147
2798 2145
2796 2145
2789 2154
2777 2213
2775 2215
2773 2215
2774 2216
2800 2212
2801 2213
2801 2147
2800 2148
2569 3037
2795 2145
2789 2155
2778 2213
2775 2216
2772 2215
2773 2216
2801 2214
2801 2148
2795 2144
2788 2155
2778 2212
2776 2216
2775 2217
2771 2215
2772 2214
2773 2217
2801 2215
2802 2148
2801 2149
2795 2143
2775 2218
2770 2215
2801 2216
2802 2149
2794 2143
2776 2218
2769 2215
2801 2217
2803 2149
2802 2150
2794 2142
2777 2218
2768 2215
2769 2214
2800 2217
2801 2218
2804 2149
2793 2142
2794 2141
2768 2214
2801 2219
2805 2149
2793 2141
2795 2141
2802 2219
2800 2219
2801 2220
2805 2148
2515 3188
2796 2141
2803 2219
2799 2219
2800 2220
2806 2148
2672 2289
2671 2289
2796 2142
2796 2140
2804 2219
2798 2219
2800 2221
2807 2148
2669 2288
2670 2289
2796 2139
2804 2220
2798 2220
2798 2218
2807 2149
2669 2289
2669 2290
2795 2139
2796 2138
2804 2221
2798 2221
2797 2218
2808 2149
2668 2290
2667 2290
2795 2138
2797 2138
2796 2137
2805 2221
2803 2221
2804 2222
2798 2222
2667 2291
2666 2292
2667 2292
2794 2138
2798 2138
2806 2221
2804 2223
2797 2222
2798 2223
2668 2293
2667 2293
2667 2294
2666 2294
2793 2138
2798 2137
2807 2221
2806 2220
2805 2223
2804 2224
2797 2223
2798 2224
2574 3125
2551 3148
2555 3151
2792 2138
2798 2136
2807 2222
2807 2220
2797 2224
2799 2224
2552 3152
1999 2366
2012 2361
2791 2138
2798 2135
2808 2222
2807 2219
2799 2225
2553 3148
2203 2685
2209 2707
2791 2139
2799 2135
2798 2134
2809 2222
2807 2218
2214 2706
2255 2754
2256 2755
2798 2133
2809 2221
2290 2414
2291 2415
2908 2290
2799 2133
2553 3149
2574 3121
2800 2133
2799 2132
2554 3149
2553 3150
2801 2133
2800 2134
2800 2132
2799 2131
2411 2151
2550 3152
2802 2133
2800 2131
2799 2130
2011 2360
2013 2354
2802 2134
2799 2129
2573 3120
2260 2427
2265 2432
2802 2135
2798 2129
2799 2128
2266 2431
2260 2413
2209 2690
2803 2135
2801 2135
2802 2136
2798 2128
2800 2128
2204 2685
2556 3149
2555 3150
2552 3151
2804 2135
2802 2137
2801 2128
2908 2288
2556 3148
2570 3120
2014 2355
2069 2149
2805 2135
2801 2127
2067 2147
2551 3152
2203 2684
2599 3139
2805 2136
2802 2127
2801 2126
2609 3145
2212 2705
2792 2141
2791 2141
2792 2140
2790 2141
2791 2142
2789 2141
2791 2143
2788 2141
2790 2143
2788 2142
2788 2140
2790 2144
2788 2143
2787 2140
2789 2144
2790 2145
2788 2144
2787 2139
2791 2145
2786 2139
2787 2138
2792 2145
2785 2139
2788 2138
2787 2137
2784 2139
2788 2137
2786 2137
2783 2139
2784 2138
2788 2136
2782 2139
2783 2140
2781 2139
2783 2141
2780 2139
2781 2138
2780 2140
2781 2137
2779 2140
2780 2141
2781 2136
2778 2140
2779 2141
2781 2135
2777 2140
2778 2139
2780 2135
2781 2134
2777 2141
2777 2139
2778 2138
2779 2135
2782 2134
2776 2141
2778 2137
2778 2135
2782 2133
2776 2142
2777 2135
2775 2142
2776 2143
2777 2134
2774 2142
2777 2143
2777 2133
2774 2143
2778 2143
2777 2144
2777 2132
2773 2143
2777 2131
2772 2143
2776 2131
2772 2142
2776 2130
2772 2141
2776 2129
2773 2141
2776 2128
2776 2127
2775 2127
2776 2126
2775 2126
2775 2125
2775 2124
2776 2124
2774 2124
2773 2124
2773 2123
2773 2122
2772 2122
2771 2122
2770 2122
2771 2123
2769 2122
2770 2121
2771 2124
2768 2122
2770 2120
2770 2124
2768 2123
2770 2119
2767 2123
2771 2119
2770 2118
2766 2123
2772 2119
2771 2118
2769 2118
2766 2124
2766 2122
2771 2117
2768 2118
2765 2124
2766 2125
2772 2117
2771 2116
2767 2118
2765 2125
2773 2117
2770 2116
2766 2118
2767 2117
2765 2126
2774 2117
2765 2118
2767 2116
2764 2126
2765 2127
2774 2116
2764 2118
2766 2116
2767 2115
2766 2127
2775 2116
2763 2118
2766 2115
2775 2115
2762 2118
2765 2115
2766 2114
2775 2114
2762 2119
2762 2117
2766 2113
2727 3054
2774 2114
2761 2119
2762 2120
2762 2116
2773 2114
2774 2113
2760 2119
2772 2114
2774 2112
2759 2119
2760 2120
2774 2111
2759 2120
2774 2110
2758 2120
2775 2110
2773 2110
2757 2120
2758 2121
2776 2110
2775 2109
2773 2109
2756 2120
2757 2119
2758 2122
2775 2108
2773 2108
2757 2118
2758 2123
2776 2108
2773 2107
2757 2117
2758 2124
2777 2108
2758 2117
2757 2124
2758 2125
2777 2107
2758 2116
2757 2125
2777 2106
2758 2115
2778 2106
2776 2106
2757 2115
2779 2106
2778 2105
2757 2114
2780 2106
2778 2104
2756 2114
2757 2113
2781 2106
2780 2105
2758 2113
2757 2112
2782 2106
2780 2104
2759 2113
2783 2106
2782 2105
2760 2113
2759 2114
2783 2107
2784 2107
2785 2107
2785 2108
2785 2106
2785 2109
2786 2106
2785 2105
2784 2109
2785 2110
2787 2106
2784 2105
2785 2104
2784 2110
2785 2111
2787 2107
2784 2104
2786 2104
2785 2103
2785 2112
2783 2104
2785 2102
2785 2113
2784 2102
2785 2101
2784 2113
2783 2102
2785 2100
2784 2114
2782 2102
2784 2100
2781 2102
2784 2099
2780 2102
2784 2098
2780 2101
2785 2098
2784 2097
2780 2100
2786 2098
2783 2097
2784 2096
2779 2100
2780 2099
2786 2099
2784 2095
2780 2098
2785 2095
2783 2095
2781 2098
2779 2098
2785 2094
2782 2098
2778 2098
2785 2093
2782 2099
2778 2097
2785 2092
2778 2096
2785 2091
2779 2096
2777 2096
2786 2091
2776 2096
2786 2090
2775 2096
2786 2089
2775 2097
2775 2095
2787 2089
2786 2088
2774 2097
2775 2098
2775 2094
2788 2089
2775 2099
2774 2094
2789 2089
2774 2099
2773 2094
2774 2093
2790 2089
2774 2100
2772 2094
2773 2093
2791 2089
2790 2088
2771 2094
2773 2092
2792 2089
2770 2094
2773 2091
2792 2088
2769 2094
2773 2090
2793 2088
2769 2095
2774 2090
2773 2089
2794 2088
2768 2095
2775 2090
2773 2088
2794 2089
2767 2095
2768 2096
2776 2090
2775 2091
2775 2089
2773 2087
2794 2090
2766 2095
2777 2090
2775 2088
2774 2087
2773 2086
2795 2090
2793 2090
2794 2091
2766 2094
2777 2089
2796 2090
2795 2091
2765 2094
2766 2093
2777 2088
2797 2090
2764 2094
2765 2093
2767 2093
2778 2088
2777 2087
2797 2091
2797 2089
2763 2094
2768 2093
2779 2088
2778 2087
2776 2087
2777 2086
2798 2091
2762 2094
2799 2091
2798 2092
2761 2094
2800 2091
2760 2094
2800 2092
2800 2090
2760 2095
2760 2093
2801 2092
2760 2092
2802 2092
2801 2093
2761 2092
2759 2092
2760 2091
2803 2092
2801 2094
2759 2091
2803 2093
2801 2095
2759 2090
2804 2093
2800 2095
2759 2089
2805 2093
2799 2095
2758 2089
2806 2093
2805 2092
2798 2095
2799 2096
2757 2089
2758 2088
2807 2093
2806 2092
2797 2095
2756 2089
2758 2087
2807 2094
2807 2092
2806 2091
2796 2095
2755 2089
2756 2088
2759 2087
2757 2087
2807 2095
2808 2092
2806 2090
2795 2095
2796 2096
2755 2088
2759 2086
2807 2096
2807 2090
2794 2095
2795 2096
2755 2087
2760 2086
2808 2096
2807 2097
2807 2089
2754 2087
2760 2085
2809 2096
2808 2097
2807 2098
2808 2089
2807 2088
2753 2087
2754 2086
2760 2084
2810 2096
2808 2098
2808 2088
2806 2088
2807 2087
2753 2086
2761 2084
2759 2084
2808 2087
2807 2086
2752 2086
2753 2085
2762 2084
2761 2083
2759 2083
2809 2087
2806 2086
2751 2086
2762 2085
2758 2083
2759 2082
2810 2087
2805 2086
2806 2085
2751 2087
2751 2085
2762 2086
2757 2083
2760 2082
2759 2081
2811 2087
2804 2086
2806 2084
2751 2088
2751 2084
2763 2086
2760 2081
2758 2081
2812 2087
2803 2086
2807 2084
2752 2088
2751 2089
2758 2080
2803 2087
2803 2085
2807 2083
2751 2090
2758 2079
2803 2088
2807 2082
2750 2090
2751 2091
2759 2079
2758 2078
2807 2081
2749 2090
2750 2091
2759 2078
2807 2080
2748 2090
2749 2089
2759 2077
2808 2080
2806 2080
2807 2079
2747 2090
2748 2089
2759 2076
2809 2080
2806 2079
2807 2078
2746 2090
2747 2089
2760 2076
2759 2075
2805 2079
2807 2077
2745 2090
2746 2091
2760 2075
2758 2075
2807 2076
2745 2091
2745 2089
2761 2075
2758 2074
2807 2075
2744 2091
2745 2092
2745 2088
2761 2074
2758 2073
2808 2075
2743 2091
2745 2093
2761 2073
2808 2074
2742 2091
2743 2092
2743 2090
2746 2093
2761 2072
2809 2074
2808 2073
2742 2092
2742 2090
2743 2093
2747 2093
2760 2072
2810 2074
2808 2072
2741 2092
2741 2090
2742 2089
2748 2093
2747 2094
2759 2072
2809 2072
2807 2072
2740 2090
2742 2088
2748 2094
2747 2095
2759 2071
2810 2072
2806 2072
2739 2090
2758 2071
2759 2070
2811 2072
2806 2071
2738 2090
2759 2069
2811 2071
2806 2070
2738 2089
2758 2069
2812 2071
2805 2070
2806 2069
2737 2089
2757 2069
2812 2070
2804 2070
2806 2068
2737 2088
2756 2069
2813 2070
2806 2067
2736 2088
2755 2069
2756 2068
2805 2067
2735 2088
2754 2069
2755 2068
2756 2067
2804 2067
2734 2088
2755 2067
2756 2066
2804 2068
2804 2066
2733 2088
2755 2066
2756 2065
2804 2065
2732 2088
2733 2089
2754 2066
2805 2065
2803 2065
2804 2064
2731 2088
2733 2090
2753 2066
2806 2065
2804 2063
2730 2088
2734 2090
2752 2066
2753 2065
2804 2062
2730 2089
2730 2087
2734 2091
2751 2066
2753 2064
2803 2062
2729 2087
2734 2092
2750 2066
2751 2067
2454 2821
2728 2087
2729 2086
2734 2093
2749 2066
2456 2819
2443 2819
2728 2086
2729 2085
2735 2093
2749 2065
2453 2818
2727 2086
2729 2084
2736 2093
2735 2094
2748 2065
2749 2064
2454 2817
2726 2086
2735 2095
2749 2063
2447 2823
2725 2086
2726 2085
2736 2095
2735 2096
2750 2063
2749 2062
2450 2815
2446 2818
2724 2086
2737 2095
2736 2096
2734 2096
2749 2061
2458 2802
2724 2087
2724 2085
2738 2095
2734 2097
2748 2061
2749 2060
2445 2813
2452 2806
1929 2091
2723 2085
2739 2095
2738 2094
2734 2098
2747 2061
2749 2059
2452 2784
2649 3056
2722 2085
2738 2093
2734 2099
2747 2062
2747 2060
2750 2059
2399 2755
2650 3057
2722 2084
2735 2099
2747 2063
2751 2059
2448 2790
2405 2759
2780 2941
2653 3056
2702 3058
2721 2084
2722 2083
2735 2100
2746 2063
2751 2058
2438 2783
2701 3057
2654 3056
2723 2083
2736 2100
2745 2063
2752 2058
2751 2057
2337 2847
2336 2848
2702 3057
2783 3047
2784 3046
2724 2083
2737 2100
2736 2101
2745 2064
2745 2062
2753 2058
2752 2057
2750 2057
2751 2056
2437 2772
2344 2856
2784 3045
2648 3049
2689 3067
2724 2082
2736 2102
2745 2065
2744 2062
2754 2058
2753 2059
2750 2056
2345 2857
2436 2769
2792 3083
2646 3059
2721 2086
2721 2088
2720 2087
2725 2082
2724 2081
2735 2102
2745 2066
2754 2059
2750 2055
2437 2764
2280 2859
2721 2087
2724 2080
2735 2103
2746 2066
2745 2067
2750 2054
2337 2856
2430 2765
2435 2766
2426 2755
2722 2087
2900 2247
2724 2079
2734 2103
2735 2104
2746 2067
2744 2067
2745 2068
2749 2054
2434 2764
2433 2763
2428 2752
2723 2087
2725 2079
2723 2079
2724 2078
2733 2103
2735 2105
2743 2067
2745 2069
2748 2054
2433 2761
2435 2761
2437 2759
2288 2854
2341 2863
2726 2079
2722 2079
2733 2104
2733 2102
2735 2106
2743 2066
2746 2069
2744 2069
2745 2070
2747 2054
2748 2053
2293 2851
2320 2868
2726 2078
2722 2078
2736 2106
2747 2069
2744 2070
2746 2054
2747 2055
2748 2052
2440 2749
2438 2747
2330 2861
2726 2077
2721 2078
2737 2106
2736 2107
2748 2069
2744 2071
2749 2052
2440 2740
2440 2742
2307 2851
2727 2077
2720 2078
2738 2106
2749 2069
2743 2071
2744 2072
2750 2052
2749 2051
2326 2848
2326 2850
2320 2859
2321 2849
2313 2856
2421 2737
2728 2077
2720 2079
2720 2077
2739 2106
2742 2071
2745 2072
2751 2052
2749 2050
2331 2835
2313 2843
2323 2838
2728 2078
2719 2077
2740 2106
2742 2072
2751 2051
2749 2049
2322 2838
2321 2837
2322 2837
2729 2078
2719 2076
2741 2106
2740 2107
2740 2105
2752 2051
2748 2049
2323 2836
2405 2715
2729 2079
2718 2076
2742 2106
2753 2051
2747 2049
2406 2716
2317 2829
2317 2831
2717 2076
2742 2107
2742 2105
2754 2051
2746 2049
2747 2050
2313 2832
2401 2723
2403 2723
2717 2075
2742 2108
2742 2104
2755 2051
2754 2052
2754 2050
2745 2049
2347 2800
2401 2725
2310 2822
2343 2804
2741 2108
2742 2109
2743 2104
2742 2103
2756 2051
2755 2050
2745 2048
2344 2805
2385 2731
2342 2805
2385 2729
2396 2727
2391 2725
2742 2110
2741 2103
2757 2051
2744 2048
2745 2047
2309 2813
2307 2813
2310 2810
2309 2809
2311 2809
2740 2103
2741 2102
2757 2052
2757 2050
2744 2047
2746 2047
2745 2046
2330 2810
2331 2809
2315 2808
2324 2809
2347 2715
2646 2355
2314 2806
2739 2103
2757 2053
2757 2049
2746 2046
2745 2045
2369 2735
2314 2804
2346 2717
2738 2103
2758 2053
2757 2048
2747 2046
2744 2045
2745 2044
2647 2356
2369 2734
2319 2808
2371 2731
2738 2104
2759 2053
2758 2054
2758 2048
2748 2046
2747 2045
2744 2044
2745 2043
2376 2724
2319 2807
2316 2802
2348 2717
2760 2053
2758 2047
2748 2047
2743 2044
2745 2042
2370 2730
2374 2726
2375 2725
2320 2806
2761 2053
2743 2043
2745 2041
2318 2802
2446 2800
2371 2724
2372 2725
2320 2803
2762 2053
2743 2042
2745 2040
2368 2724
2369 2725
2321 2801
2321 2796
2353 2725
2362 2730
2763 2053
2762 2054
2762 2052
2742 2042
2746 2040
2745 2039
2321 2793
2321 2792
2318 2790
2321 2789
2763 2054
2762 2055
2742 2041
2745 2038
2358 2734
2764 2054
2741 2041
2744 2038
2745 2037
2350 2738
2351 2737
2765 2054
2740 2041
2743 2038
2317 2782
2317 2786
2765 2055
2765 2053
2739 2041
2743 2037
2315 2790
2765 2056
2766 2053
2765 2052
2315 2785
2353 2738
2766 2056
2766 2052
2764 2052
2309 2783
2340 2765
2766 2057
2803 2061
2802 2061
2803 2060
2802 2060
2802 2059
2801 2059
2800 2059
2801 2058
2800 2058
2799 2058
2800 2057
2800 2056
2800 2055
2801 2055
2800 2054
2800 2053
2801 2053
2800 2052
2799 2052
2800 2051
2801 2051
2800 2050
2799 2050
2800 2049
2798 2050
2799 2049
2801 2049
2800 2048
2797 2050
2802 2049
2800 2047
2797 2051
2797 2049
2803 2049
2801 2047
2799 2047
2797 2052
2802 2047
2796 2052
2797 2053
2803 2047
2795 2052
2797 2054
2804 2047
2794 2052
2795 2053
2795 2051
2798 2054
2796 2054
2805 2047
2795 2054
2795 2050
2806 2047
2795 2055
2685 2940
2807 2047
2794 2055
2807 2046
2793 2055
2794 2056
2807 2045
2792 2055
2794 2057
2807 2044
2791 2055
2795 2057
2793 2057
2807 2043
2790 2055
2791 2054
2796 2057
2795 2058
2793 2058
2807 2042
2790 2056
2797 2057
2793 2059
2808 2042
2807 2041
2790 2057
2797 2058
2794 2059
2793 2060
2809 2042
2808 2041
2806 2041
2793 2061
2810 2042
2809 2043
2794 2061
2792 2061
2811 2042
2809 2044
2795 2061
2794 2062
2792 2062
2812 2042
2796 2061
2813 2042
2812 2043
2812 2041
2796 2062
2814 2042
2813 2043
2812 2044
2812 2040
2796 2063
2815 2042
2814 2041
2813 2044
2811 2044
2811 2040
2795 2063
2814 2040
2813 2045
2811 2039
2811 2038
2812 2038
2810 2038
2813 2038
2810 2037
2810 2036
2809 2036
2810 2035
2809 2035
2810 2034
2808 2035
2811 2034
2810 2033
2808 2034
2810 2032
2807 2034
2808 2033
2810 2031
2807 2033
2808 2032
2811 2031
2809 2031
2806 2033
2807 2032
2812 2031
2809 2030
2805 2033
2807 2031
2812 2032
2808 2030
2806 2031
2807 2030
2813 2032
2807 2029
2814 2032
2813 2033
2806 2029
2815 2032
2805 2029
2816 2032
2815 2033
2804 2029
2805 2030
2816 2031
2803 2029
2817 2031
2816 2030
2802 2029
2803 2028
2818 2031
2815 2030
2816 2029
2802 2030
2802 2028
2803 2027
2819 2031
2814 2030
2816 2028
2802 2027
2803 2026
2819 2032
2819 2030
2817 2028
2816 2027
2803 2025
2820 2032
2819 2033
2804 2025
2803 2024
2821 2032
2819 2034
2805 2025
2803 2023
2820 2034
2803 2022
2821 2034
2804 2022
2802 2022
2803 2021
2822 2034
2821 2035
2805 2022
2823 2034
2805 2023
2805 2021
2823 2035
2806 2021
2805 2020
2824 2035
2807 2021
2825 2035
2824 2036
2808 2021
2807 2020
2825 2036
2825 2034
2824 2037
2809 2021
2808 2022
2808 2020
2825 2037
2810 2021
2809 2022
2808 2019
2826 2037
2825 2038
2810 2020
2808 2018
2825 2039
2810 2019
2807 2018
2826 2039
2810 2018
2806 2018
2807 2017
2811 2018
2810 2017
2805 2018
2806 2019
2805 2017
2804 2017
2805 2016
2803 2017
2804 2016
2805 2015
2802 2017
2805 2014
2802 2018
2802 2016
2805 2013
2801 2016
2802 2015
2804 2013
2805 2012
2800 2016
2801 2015
2803 2015
2806 2012
2805 2011
2801 2014
2807 2012
2805 2010
2801 2013
2807 2013
2806 2010
2800 2013
2808 2013
2806 2009
2799 2013
2809 2013
2807 2009
2806 2008
2798 2013
2810 2013
2805 2008
2797 2013
2810 2014
2810 2012
2805 2007
2797 2014
2797 2012
2811 2014
2810 2011
2797 2011
2811 2011
2796 2011
2797 2010
2811 2010
2795 2011
2797 2009
2812 2010
2794 2011
2797 2008
2813 2010
2812 2009
2793 2011
2794 2010
2797 2007
2814 2010
2813 2009
2812 2008
2792 2011
2793 2012
2793 2010
2796 2007
2797 2006
2814 2011
2811 2008
2793 2013
2798 2006
2797 2005
2815 2011
2814 2012
2794 2013
2792 2013
2793 2014
2796 2005
2813 2012
2814 2013
2795 2013
2791 2013
2795 2005
2815 2013
2795 2014
2790 2013
2791 2012
2794 2005
2816 2013
2815 2014
2795 2015
2789 2013
2790 2014
2790 2012
2794 2004
2816 2014
2815 2015
2795 2016
2788 2013
2817 2014
2815 2016
2795 2017
2787 2013
2788 2014
2788 2012
2818 2014
2817 2015
2787 2012
2788 2015
2818 2013
2787 2011
2789 2015
2819 2013
2818 2012
2787 2010
2789 2016
2820 2013
2818 2011
2787 2009
2790 2016
2821 2013
2820 2014
2819 2011
2786 2009
2791 2016
2790 2017
2822 2013
2821 2012
2820 2015
2819 2010
2785 2009
2786 2008
2790 2018
2822 2012
2820 2016
2819 2009
2784 2009
2786 2007
2790 2019
2823 2012
2821 2016
2818 2009
2784 2010
2785 2007
2789 2019
2824 2012
2817 2009
2783 2010
2784 2007
2788 2019
2789 2020
2824 2011
2816 2009
2784 2006
2788 2020
2788 2018
2789 2021
2824 2010
2816 2008
2784 2005
2788 2021
2790 2021
2825 2010
2816 2007
2784 2004
2791 2021
2826 2010
2817 2007
2816 2006
2785 2004
2783 2004
2791 2022
2826 2009
2818 2007
2816 2005
2786 2004
2792 2022
2826 2008
2815 2005
2816 2004
2787 2004
2793 2022
2792 2023
2826 2007
2815 2004
2817 2004
2788 2004
2792 2024
2827 2007
2817 2003
2788 2003
2828 2007
2827 2006
2818 2003
2788 2002
2829 2007
2828 2008
2819 2003
2789 2002
2788 2001
2830 2007
2828 2009
2819 2002
2790 2002
2788 2000
2830 2008
2820 2002
2791 2002
2790 2003
2790 2001
2788 1999
2831 2008
2830 2009
2821 2002
2792 2002
2789 1999
2788 1998
2832 2008
2830 2010
2822 2002
2792 2001
2790 1999
2788 1997
2831 2010
2829 2010
2823 2002
2822 2001
2792 2000
2787 1997
2831 2011
2829 2011
2824 2002
2823 2003
2822 2000
2792 1999
2787 1996
2832 2011
2828 2011
2825 2002
2824 2001
2823 2004
2821 2000
2792 1998
2787 1995
2832 2012
2828 2012
2826 2002
2825 2001
2823 2005
2820 2000
2793 1998
2791 1998
2788 1995
2828 2013
2826 2003
2826 2001
2825 2000
2824 2005
2823 2006
2820 1999
2791 1997
2788 1994
2829 2013
2827 2013
2827 2001
2825 2005
2820 1998
2790 1997
2788 1993
2826 2013
2827 2000
2821 1998
2789 1993
2787 1993
2826 2014
2828 2000
2827 1999
2822 1998
2790 1993
2789 1992
2787 1992
2825 2014
2829 2000
2822 1997
2791 1993
2790 1992
2787 1991
2824 2014
2830 2000
2829 2001
2822 1996
2790 1991
2786 1991
2787 1990
2824 2015
2831 2000
2830 2001
2821 1996
2790 1990
2785 1991
2788 1990
2824 2016
2832 2000
2830 2002
2820 1996
2789 1990
2785 1992
2833 2000
2832 2001
2819 1996
2784 1992
2785 1993
2834 2000
2833 2001
2819 1997
2819 1995
2785 1994
2835 2000
2833 2002
2819 1994
2784 1994
2835 1999
2820 1994
2818 1994
2819 1993
2784 1995
2836 1999
2820 1993
2817 1994
2783 1995
2837 1999
2820 1992
2816 1994
2837 2000
2837 1998
2820 1991
2816 1993
2838 1998
2820 1990
2815 1993
2816 1992
2839 1998
2821 1990
2820 1989
2817 1992
2816 1991
2840 1998
2820 1988
2817 1991
2816 1990
2840 1997
2820 1987
2815 1990
2816 1989
2841 1997
2819 1987
2820 1986
2817 1989
2816 1988
2842 1997
2815 1988
2843 1997
2842 1998
2815 1987
2844 1997
2843 1996
2842 1999
2815 1986
2845 1997
2843 1995
2842 2000
2816 1986
2846 1997
2845 1998
2844 1995
2842 1995
2843 2000
2847 1997
2845 1995
2842 1994
2844 2000
2848 1997
2845 1994
2841 1994
2849 1997
2848 1996
2845 1993
2840 1994
2841 1993
2849 1998
2848 1995
2839 1994
2841 1992
2849 1999
2849 1995
2839 1995
2842 1992
2849 2000
2850 1995
2843 1992
2842 1991
2848 2000
2849 2001
2851 1995
2843 1991
2842 1990
2847 2000
2848 2001
2849 2002
2852 1995
2844 1991
2847 2001
2847 1999
2850 2002
2852 1994
2845 1991
2844 1990
2846 1999
2851 2002
2846 1991
2852 2002
2847 1991
2846 1990
2853 2002
2852 2003
2848 1991
2846 1989
2852 2004
2845 1989
2846 1988
2853 2004
2845 1988
2846 1987
2854 2004
2845 1987
2847 1987
2855 2004
2854 2003
2844 1987
2848 1987
2855 2005
2855 2003
2848 1986
2855 2006
2848 1985
2855 2007
2847 1985
2856 2007
2854 2007
2847 1984
2857 2007
2853 2007
2847 1983
2858 2007
2853 2008
2847 1982
2859 2007
2853 2009
2860 2007
2859 2008
2852 2009
2853 2010
2861 2007
2859 2009
2851 2009
2852 2010
2861 2008
2861 2006
2858 2009
2850 2009
2861 2009
2861 2005
2849 2009
2850 2010
2861 2010
2862 2005
2849 2010
2862 2010
2860 2010
2861 2011
2863 2005
2863 2010
2863 2006
2863 2004
2864 2010
2863 2011
2863 2007
2864 2004
2863 2003
2864 2011
2864 2009
2863 2012
2865 2004
2862 2003
2863 2002
2865 2011
2865 2005
2861 2003
2862 2002
2863 2001
2866 2011
2860 2003
2863 2000
2866 2012
2859 2003
2860 2002
2863 1999
2858 2003
2864 1999
2862 1999
2863 1998
2858 2002
2861 1999
2863 1997
2860 1999
2864 1997
2862 1997
2864 1996
2862 1996
2865 1996
2861 1996
2862 1995
2866 1996
2865 1995
2860 1996
2867 1996
2866 1997
2866 1995
2859 1996
2860 1995
2867 1997
2866 1998
2859 1995
2868 1997
2867 1998
2859 1994
2868 1998
2867 1999
2859 1993
2868 1999
2867 2000
2860 1993
2869 1999
2868 2000
2867 2001
2870 1999
2868 2001
2866 2001
2871 1999
2870 2000
2870 1998
2869 2001
2866 2002
2871 2000
2870 2001
2865 2002
2870 2002
2871 2002
2872 2002
2872 2003
2873 2003
2873 2004
2873 2005
2874 2005
2872 2005
2875 2005
2874 2006
2875 2006
2874 2007
2876 2006
2877 2006
2878 2006
2877 2007
2879 2006
2877 2008
2880 2006
2881 2005
2881 2004
2881 2003
2881 2002
2882 2002
2882 2001
2883 2002
2883 2003
2884 2002
2884 2003
2885 2002
2885 2003
2885 2001
2885 2000
2886 2001
2885 1999
2887 2001
2885 1998
2884 1999
2888 2001
2885 1997
2884 1998
2888 2000
2889 2001
2885 1996
2883 1998
2888 1999
2889 2002
2890 2001
2884 1996
2886 1996
2887 1999
2889 2003
2890 2000
2891 2001
2883 1996
2886 1995
2887 1998
2890 2003
2883 1995
2887 1995
2891 2003
2883 1994
2887 1994
2892 2003
2883 1993
2887 1993
2888 1994
2892 2004
2883 1992
2882 1993
2887 1992
2889 1994
2892 2005
2883 1991
2884 1992
2886 1992
2888 1992
2889 1993
2890 1994
2892 2006
2893 2005
2883 1990
2885 1992
2888 1991
2890 1995
2891 1994
2893 2006
2883 1989
2888 1990
2890 1996
2888 1989
2889 1996
2891 1996
2888 1988
2887 1989
2889 1997
2891 1997
2892 1996
2888 1987
2889 1988
2886 1989
2891 1998
2892 1997
2888 1986
2893 1997
2889 1986
2894 1997
2890 1986
2894 1996
2894 1998
2890 1985
2891 1986
2895 1998
2890 1984
2891 1987
2892 1986
2896 1998
2890 1983
2889 1984
2897 1998
2890 1982
2897 1997
2898 1998
2890 1981
2898 1997
2899 1998
2889 1981
2899 1997
2899 1999
2888 1981
2900 1997
2888 1982
2887 1981
2901 1997
2887 1980
2902 1997
2887 1979
2902 1998
2903 1997
2887 1978
2886 1979
2904 1997
2887 1977
2886 1978
2888 1978
2904 1998
2905 1997
2886 1977
2888 1977
2885 1978
2889 1978
2904 1999
2905 1996
2906 1997
2886 1976
2889 1977
2889 1979
2890 1978
2904 2000
2905 1999
2905 1995
2906 1998
2886 1975
2889 1976
2891 1978
2904 2001
2906 1999
2906 1995
2907 1998
2886 1974
2885 1975
2887 1975
2892 1978
2904 2002
2905 2001
2906 2000
2907 1999
2886 1973
2892 1977
2904 2003
2907 2000
2908 1999
2885 1973
2893 1977
2904 2004
2909 1999
2885 1972
2884 1973
2893 1976
2894 1977
2909 1998
2885 1971
2884 1972
2883 1973
2893 1975
2894 1976
2909 1997
2910 1998
2885 1970
2882 1973
2892 1975
2894 1975
2908 1997
2911 1998
2885 1969
2882 1972
2881 1973
2892 1974
2891 1975
2895 1975
2911 1997
2911 1999
2912 1998
2884 1969
2882 1971
2880 1973
2892 1973
2896 1975
2911 1996
2912 1999
2884 1968
2881 1971
2892 1972
2893 1973
2897 1975
2912 2000
2913 1999
2881 1970
2880 1971
2892 1971
2893 1972
2897 1974
2898 1975
2914 1999
2880 1970
2892 1970
2891 1971
2894 1972
2897 1973
2898 1976
2899 1975
2914 2000
2915 1999
2879 1970
2892 1969
2895 1972
2897 1972
2899 1976
2900 1975
2916 1999
2879 1969
2892 1968
2895 1973
2899 1977
2901 1975
2916 2000
2879 1968
2892 1967
2900 1977
2901 1974
2902 1975
2917 2000
2879 1967
2892 1966
2902 1974
2902 1976
2903 1975
2918 2000
2879 1966
2892 1965
2903 1974
2903 1976
2918 1999
2918 2001
2919 2000
2878 1966
2880 1966
2891 1965
2893 1965
2903 1973
2903 1977
2904 1976
2919 2001
2920 2000
2878 1965
2880 1965
2904 1973
2905 1976
2919 2002
2921 2000
2880 1964
2904 1972
2905 1973
2905 1975
2905 1977
2906 1976
2919 2003
2922 2000
2880 1963
2879 1964
2904 1971
2906 1973
2906 1975
2918 2003
2922 1999
2923 2000
2880 1962
2879 1963
2904 1970
2906 1974
2918 2004
2924 2000
2880 1961
2904 1969
2918 2005
2924 1999
2924 2001
2879 1961
2903 1969
2905 1969
2924 1998
2925 2001
2879 1960
2878 1961
2902 1969
2905 1968
2925 2002
2926 2001
2877 1961
2905 1967
2926 2002
2877 1960
2876 1961
2905 1966
2926 2003
2927 2002
2876 1962
2875 1961
2904 1966
2928 2002
2876 1963
2903 1966
2928 2001
2928 2003
2876 1964
2875 1963
2902 1966
2929 2001
2928 2004
2876 1965
2877 1964
2874 1963
2902 1965
2929 2000
2927 2004
2876 1966
2873 1963
2929 1999
2930 2000
2875 1966
2873 1962
2873 1964
2929 1998
2875 1967
2872 1964
2929 1997
2875 1968
2874 1967
2871 1964
2928 1997
2930 1997
2875 1969
2874 1968
2873 1967
2870 1964
2931 1997
2875 1970
2870 1965
2869 1964
2932 1997
2876 1970
2869 1965
2869 1963
2932 1996
2932 1998
2933 1997
2876 1971
2869 1966
2868 1963
2932 1995
2933 1998
2934 1997
2868 1966
2868 1962
2867 1963
2933 1995
2934 1998
2935 1997
2868 1967
2867 1966
2868 1961
2867 1962
2933 1994
2935 1998
2936 1997
2867 1967
2868 1960
2867 1961
2866 1967
2866 1961
2866 1968
2865 1961
2866 1969
2865 1962
2864 1961
2865 1969
2865 1963
2864 1960
2864 1969
2865 1964
2864 1963
2864 1959
2863 1960
2864 1968
2864 1970
2863 1969
2863 1963
2862 1960
2864 1971
2863 1970
2862 1969
2863 1962
2862 1959
2864 1972
2862 1968
2862 1958
2864 1973
2861 1968
2862 1957
2864 1974
2862 1956
2863 1957
2863 1974
2864 1957
2864 1956
2864 1955
2863 1955
2865 1955
2865 1954
2866 1955
2865 1953
2866 1956
2864 1953
2866 1953
2866 1957
2864 1952
2864 1951
2863 1952
2864 1950
2865 1951
2864 1949
2866 1951
2863 1949
2866 1950
2862 1949
2866 1949
2862 1948
2861 1949
2866 1948
2860 1949
2866 1947
2859 1949
2866 1946
2859 1950
2866 1945
2859 1951
2866 1944
2867 1945
2858 1951
2860 1951
2867 1944
2858 1952
2857 1951
2860 1952
2867 1943
2858 1953
2857 1952
2861 1952
2867 1942
2868 1943
2856 1952
2867 1941
2866 1942
2869 1943
2855 1952
2866 1941
2869 1942
2869 1944
2855 1953
2854 1952
2870 1942
2869 1945
2870 1944
2855 1954
2854 1951
2853 1952
2870 1941
2869 1946
2871 1944
2855 1955
2854 1950
2853 1951
2852 1952
2871 1941
2869 1947
2870 1946
2871 1943
2854 1955
2856 1955
2854 1949
2851 1952
2871 1940
2872 1941
2854 1956
2854 1948
2853 1949
2855 1949
2851 1951
2873 1941
2854 1957
2854 1947
2856 1949
2851 1950
2874 1941
2853 1957
2853 1947
2855 1947
2856 1948
2856 1950
2874 1942
2875 1941
2852 1957
2852 1947
2857 1948
2875 1942
2852 1956
2851 1957
2851 1947
2876 1942
2850 1957
2851 1946
2877 1942
2849 1957
2851 1945
2850 1946
2877 1941
2877 1943
2849 1956
2849 1958
2848 1957
2852 1945
2849 1946
2877 1940
2878 1943
2847 1957
2848 1946
2877 1939
2878 1944
2879 1943
2847 1956
2848 1945
2848 1947
2877 1938
2876 1939
2878 1945
2846 1956
2848 1944
2878 1938
2877 1945
2846 1955
2845 1956
2847 1944
2849 1944
2879 1938
2877 1946
2876 1945
2846 1954
2845 1955
2845 1957
2847 1943
2846 1944
2880 1938
2877 1947
2846 1953
2844 1955
2846 1943
2846 1945
2880 1937
2881 1938
2877 1948
2876 1947
2878 1947
2843 1955
2846 1942
2846 1946
2880 1936
2881 1939
2876 1948
2878 1948
2879 1947
2843 1954
2842 1955
2846 1941
2880 1935
2881 1940
2876 1949
2879 1948
2880 1947
2843 1953
2842 1956
2846 1940
2847 1941
2880 1934
2880 1940
2882 1940
2876 1950
2875 1949
2881 1947
2843 1952
2842 1953
2846 1939
2848 1941
2880 1933
2876 1951
2882 1947
2841 1953
2845 1939
2848 1942
2849 1941
2880 1932
2879 1933
2876 1952
2882 1946
2882 1948
2841 1952
2841 1954
2845 1938
2849 1942
2850 1941
2879 1932
2877 1952
2882 1945
2841 1951
2840 1952
2840 1954
2844 1938
2851 1941
2879 1931
2883 1945
2841 1950
2839 1952
2840 1955
2843 1938
2851 1940
2852 1941
2879 1930
2878 1931
2884 1945
2841 1949
2842 1950
2839 1953
2838 1952
2839 1955
2843 1937
2843 1939
2842 1938
2851 1939
2852 1940
2853 1941
2879 1929
2877 1931
2884 1944
2840 1949
2842 1949
2843 1950
2837 1952
2843 1936
2842 1939
2851 1938
2853 1940
2879 1928
2880 1929
2876 1931
2884 1943
2885 1944
2836 1952
2843 1935
2844 1936
2841 1939
2851 1937
2853 1939
2854 1940
2879 1927
2876 1930
2876 1932
2875 1931
2884 1942
2886 1944
2836 1951
2843 1934
2840 1939
2851 1936
2855 1940
2879 1926
2876 1929
2875 1930
2875 1932
2883 1942
2886 1943
2886 1945
2887 1944
2836 1950
2850 1936
2852 1936
2856 1940
2879 1925
2883 1941
2882 1942
2886 1942
2886 1946
2850 1935
2853 1936
2857 1940
2879 1924
2882 1943
2887 1942
2885 1946
2850 1934
2853 1935
2857 1939
2857 1941
2858 1940
2879 1923
2878 1924
2888 1942
2885 1947
2849 1934
2854 1935
2858 1939
2880 1923
2877 1924
2889 1942
2885 1948
2848 1934
2854 1934
2880 1922
2889 1941
2886 1948
2855 1934
2880 1921
2890 1941
2886 1949
2887 1948
2879 1921
2881 1921
2886 1950
2887 1947
2882 1921
2885 1950
2887 1950
2888 1947
2882 1922
2888 1950
2882 1923
2883 1922
2889 1950
2882 1924
2884 1922
2889 1949
2889 1951
2882 1925
2883 1924
2885 1922
2889 1948
2889 1952
2890 1951
2881 1925
2883 1925
2885 1921
2888 1952
2891 1951
2881 1926
2883 1926
2885 1920
2888 1953
2887 1952
2881 1927
2884 1926
2884 1920
2886 1920
2886 1952
2885 1926
2883 1920
2887 1920
2885 1952
2885 1925
2885 1927
2887 1919
2884 1952
2885 1924
2886 1925
2886 1927
2887 1918
2888 1919
2884 1953
2887 1925
2887 1927
2886 1918
2889 1919
2883 1953
2886 1917
2890 1919
2883 1954
2885 1917
2891 1919
2884 1917
2892 1919
2883 1917
2893 1919
2882 1917
2893 1918
2893 1920
2882 1916
2882 1918
2893 1917
2893 1921
2894 1920
2882 1915
2892 1917
2894 1917
2893 1922
2892 1921
2895 1920
2882 1914
2881 1915
2883 1915
2891 1917
2894 1916
2895 1917
2893 1923
2895 1921
2881 1914
2883 1914
2894 1915
2896 1917
2893 1924
2896 1921
2881 1913
2880 1914
2884 1914
2894 1914
2897 1917
2893 1925
2892 1924
2897 1921
2880 1913
2879 1914
2893 1914
2895 1914
2897 1918
2894 1925
2898 1921
2880 1912
2878 1914
2893 1913
2895 1913
2896 1914
2897 1919
2898 1922
2899 1921
2880 1911
2878 1915
2877 1914
2893 1912
2896 1913
2897 1914
2900 1921
2881 1911
2877 1915
2877 1913
2893 1911
2892 1912
2898 1914
2900 1920
2900 1922
2876 1915
2876 1913
2892 1911
2898 1913
2898 1915
2900 1923
2901 1922
2876 1916
2875 1915
2876 1912
2892 1910
2898 1912
2899 1913
2898 1916
2902 1922
2876 1917
2875 1914
2874 1915
2892 1909
2897 1912
2900 1913
2902 1923
2903 1922
2875 1917
2877 1917
2874 1914
2891 1909
2893 1909
2900 1914
2903 1923
2903 1921
2875 1918
2874 1917
2877 1918
2878 1917
2874 1913
2890 1909
2894 1909
2901 1914
2904 1923
2873 1917
2877 1919
2874 1912
2873 1913
2890 1908
2894 1908
2902 1914
2904 1924
2872 1913
2890 1907
2889 1908
2895 1908
2902 1915
2903 1914
2904 1925
2871 1913
2888 1908
2896 1908
2903 1915
2903 1913
2904 1926
2903 1925
2870 1913
2896 1907
2897 1908
2904 1915
2904 1913
2904 1927
2903 1926
2870 1914
2869 1913
2896 1906
2898 1908
2905 1915
2905 1913
2904 1928
2903 1927
2902 1926
2870 1915
2869 1912
2868 1913
2896 1905
2899 1908
2906 1913
2903 1928
2905 1928
2901 1926
2868 1914
2867 1913
2895 1905
2897 1905
2899 1907
2906 1912
2906 1914
2907 1913
2902 1928
2905 1929
2906 1928
2894 1905
2897 1904
2898 1905
2900 1907
2907 1912
2907 1914
2901 1928
2905 1930
2894 1904
2894 1906
2893 1905
2897 1903
2899 1905
2901 1907
2907 1911
2908 1914
2904 1930
2906 1930
2894 1903
2893 1904
2892 1905
2896 1903
2898 1903
2907 1910
2909 1914
2906 1931
2894 1902
2892 1904
2891 1905
2908 1910
2910 1914
2906 1932
2907 1931
2895 1902
2892 1903
2890 1905
2908 1909
2909 1910
2911 1914
2906 1933
2908 1931
2895 1901
2889 1905
2908 1908
2909 1909
2909 1911
2911 1913
2911 1915
2912 1914
2906 1934
2905 1933
2909 1931
2896 1901
2888 1905
2908 1907
2911 1916
2912 1915
2913 1914
2906 1935
2904 1933
2910 1931
2896 1900
2887 1905
2907 1907
2909 1907
2912 1916
2914 1914
2905 1935
2910 1930
2911 1931
2896 1899
2886 1905
2907 1906
2909 1906
2910 1907
2913 1916
2915 1914
2912 1931
2896 1898
2895 1899
2886 1904
2886 1906
2907 1905
2913 1917
2915 1915
2916 1914
2912 1932
2913 1931
2896 1897
2897 1898
2894 1899
2886 1903
2907 1904
2916 1915
2917 1914
2913 1932
2913 1930
2914 1931
2896 1896
2898 1898
2893 1899
2886 1902
2885 1903
2907 1903
2908 1904
2918 1914
2913 1933
2914 1932
2914 1930
2915 1931
2898 1897
2893 1900
2887 1902
2907 1902
2908 1903
2918 1913
2914 1933
2915 1930
2916 1931
2888 1902
2907 1901
2906 1902
2919 1913
2915 1929
2917 1931
2889 1902
2908 1901
2920 1913
2915 1928
2918 1931
2890 1902
2920 1914
2921 1913
2915 1927
2918 1930
2919 1931
2890 1901
2890 1903
2891 1902
2921 1912
2922 1913
2918 1929
2919 1930
2920 1931
2890 1900
2921 1911
2917 1929
2920 1930
2920 1932
2921 1910
2921 1930
2921 1932
2921 1909
2920 1910
2922 1930
2921 1933
2922 1932
2920 1909
2922 1909
2919 1910
2923 1930
2921 1934
2922 1933
2923 1932
2920 1908
2919 1909
2923 1909
2919 1911
2924 1930
2920 1934
2923 1933
2923 1910
2924 1909
2918 1911
2925 1930
2919 1934
2923 1934
2924 1933
2925 1909
2917 1911
2925 1931
2926 1930
2919 1935
2923 1935
2925 1933
2925 1908
2925 1910
2917 1912
2916 1911
2926 1931
2927 1930
2918 1935
2923 1936
2922 1935
2924 1935
2926 1933
2926 1908
2916 1912
2915 1911
2923 1937
2922 1936
2927 1933
2927 1908
2923 1938
2927 1934
2928 1933
2927 1909
2928 1908
2922 1938
2928 1934
2929 1933
2927 1910
2928 1909
2928 1907
2929 1908
2922 1939
2921 1938
2928 1935
2929 1934
2927 1911
2929 1909
2928 1906
2930 1908
2922 1940
2921 1937
2920 1938
2928 1936
2930 1934
2926 1911
2928 1911
2928 1905
2927 1906
2931 1908
2921 1940
2923 1940
2920 1939
2929 1936
2931 1934
2926 1912
2928 1912
2928 1904
2931 1907
2931 1909
2920 1940
2923 1941
2924 1940
2929 1937
2932 1934
2926 1913
2925 1912
2929 1912
2928 1903
2929 1904
2931 1906
2932 1909
2919 1940
2924 1941
2925 1940
2933 1934
2926 1914
2924 1912
2930 1912
2930 1904
2933 1909
2919 1941
2934 1934
2926 1915
2924 1911
2930 1913
2931 1912
2930 1903
2931 1904
2934 1909
2919 1942
2918 1941
2934 1933
2934 1935
2926 1916
2925 1915
2930 1914
2931 1913
2931 1911
2930 1902
2934 1910
2918 1942
2920 1942
2917 1941
2934 1932
2935 1935
2925 1916
2927 1916
2930 1915
2935 1910
2918 1943
2917 1942
2920 1943
2916 1941
2934 1931
2936 1935
2927 1917
2929 1915
2936 1910
2916 1942
2920 1944
2934 1930
2935 1931
2936 1934
2936 1936
2937 1935
2928 1917
2936 1909
2937 1910
2915 1942
2921 1944
2933 1930
2935 1930
2937 1934
2936 1937
2936 1908
2937 1911
2938 1910
2915 1943
2922 1944
2933 1929
2936 1930
2937 1937
2937 1908
2939 1910
2914 1943
2922 1945
2932 1929
2936 1929
2937 1938
2938 1937
2937 1907
2939 1909
2913 1943
2922 1946
2936 1928
2938 1936
2937 1906
2939 1908
2913 1944
2912 1943
2922 1947
2923 1946
2939 1936
2936 1906
2940 1908
2913 1945
2911 1943
2922 1948
2924 1946
2936 1905
2913 1946
2914 1945
2910 1943
2922 1949
2924 1947
2936 1904
2913 1947
2912 1946
2910 1942
2910 1944
2922 1950
2923 1949
2936 1903
2913 1948
2912 1947
2914 1947
2911 1946
2910 1941
2909 1942
2923 1950
2935 1903
2913 1949
2914 1948
2911 1947
2911 1945
2910 1946
2910 1940
2924 1950
2935 1902
2913 1950
2909 1946
2924 1951
2925 1950
2934 1902
2912 1950
2909 1947
2908 1946
2924 1952
2925 1951
2925 1949
2934 1901
2933 1902
2912 1951
2909 1948
2925 1952
2926 1951
2926 1949
2934 1900
2912 1952
2911 1951
2908 1948
2910 1948
2926 1952
2927 1949
2933 1900
2913 1952
2907 1948
2926 1953
2927 1948
2933 1899
2907 1947
2906 1948
2926 1954
2928 1948
2933 1898
2932 1899
2906 1947
2906 1949
2905 1948
2927 1954
2928 1947
2932 1898
2934 1898
2906 1946
2905 1949
2928 1946
2934 1897
2906 1945
2904 1949
2928 1945
2934 1896
2906 1944
2904 1950
2927 1945
2929 1945
2934 1895
2935 1896
2905 1944
2907 1944
2904 1951
2903 1950
2927 1944
2926 1945
2929 1944
2934 1894
2936 1896
2905 1943
2907 1943
2904 1952
2925 1945
2929 1943
2933 1894
2937 1896
2904 1953
2928 1943
2938 1896
2905 1953
2928 1942
2938 1895
2938 1897
2939 1896
2906 1953
2938 1898
2939 1897
2940 1896
2906 1952
2938 1899
2940 1895
2941 1896
2907 1952
2939 1899
2940 1894
2941 1895
2941 1897
2908 1952
2940 1899
2940 1893
2939 1894
2940 1892
2941 1893
2939 1892
2941 1892
2938 1892
2937 1892
2937 1891
2937 1893
2937 1890
2937 1894
2937 1889
2938 1889
2938 1888
2938 1887
2938 1886
2937 1887
2939 1886
2936 1887
2939 1885
2940 1886
2936 1886
2940 1887
2941 1886
2935 1886
2941 1885
2942 1886
2935 1885
2934 1886
2941 1884
2942 1885
2935 1884
2941 1883
2942 1884
2935 1883
2935 1882
2936 1883
2935 1881
2935 1880
2935 1879
2936 1880
2937 1880
2938 1880
2939 1880
2939 1879
2939 1878
2940 1879
2938 1878
2938 1877
2937 1877
2937 1876
2936 1877
2936 1876
2936 1875
2935 1875
2934 1875
2933 1875
2933 1874
2933 1873
2932 1874
2933 1872
2931 1874
2934 1872
2931 1875
2930 1874
2935 1872
2931 1876
2929 1874
2935 1871
2931 1877
2930 1876
2929 1875
2928 1874
2935 1870
2936 1871
2927 1874
2934 1870
2937 1871
2926 1874
2934 1869
2937 1870
2925 1874
2937 1869
2924 1874
2937 1868
2936 1869
2924 1873
2937 1867
2923 1873
2937 1866
2936 1867
2922 1873
2937 1865
2935 1867
2922 1872
2937 1864
2938 1865
2922 1871
2937 1863
2922 1870
2921 1871
2923 1871
2937 1862
2938 1863
2922 1869
2921 1870
2920 1871
2936 1862
2939 1863
2921 1869
2919 1871
2935 1862
2939 1862
2939 1864
2940 1863
2921 1868
2918 1871
2935 1861
2935 1863
2939 1861
2940 1864
2921 1867
2918 1872
2917 1871
2935 1860
2934 1863
2938 1861
2940 1865
2941 1864
2920 1867
2922 1867
2917 1872
2916 1871
2934 1860
2938 1860
2941 1865
2942 1864
2920 1866
2923 1867
2916 1872
2916 1870
2915 1871
2934 1859
2938 1859
2937 1860
2942 1863
2920 1865
2916 1873
2934 1858
2937 1859
2942 1862
2943 1863
2920 1864
2916 1874
2934 1857
2933 1858
2943 1862
2944 1863
2920 1863
2916 1875
2915 1874
2934 1856
2935 1857
2943 1861
2945 1863
2920 1862
2919 1863
2921 1863
2934 1855
2933 1856
2936 1857
2944 1861
2920 1861
2919 1862
2935 1855
2945 1861
2920 1860
2918 1862
2935 1854
2945 1860
2946 1861
2919 1860
2921 1860
2935 1853
2936 1854
2947 1861
2919 1859
2921 1859
2934 1853
2936 1853
2937 1854
2948 1861
2918 1859
2933 1853
2936 1852
2938 1854
2948 1860
2949 1861
2918 1858
2933 1852
2936 1851
2937 1852
2948 1859
2949 1860
2949 1862
2950 1861
2918 1857
2917 1858
2932 1852
2936 1850
2947 1859
2949 1859
2949 1863
2918 1856
2919 1857
2916 1858
2932 1851
2931 1852
2936 1849
2947 1858
2950 1859
2948 1863
2950 1863
2918 1855
2917 1856
2920 1857
2916 1859
2931 1851
2931 1853
2935 1849
2937 1849
2947 1857
2950 1858
2948 1864
2950 1864
2951 1863
2918 1854
2919 1855
2916 1856
2916 1860
2915 1859
2930 1851
2935 1848
2937 1848
2948 1865
2950 1865
2951 1862
2918 1853
2917 1854
2929 1851
2934 1848
2937 1847
2938 1848
2948 1866
2951 1865
2952 1862
2917 1853
2929 1850
2929 1852
2936 1847
2939 1848
2951 1866
2952 1861
2916 1853
2929 1849
2939 1847
2939 1849
2940 1848
2951 1867
2952 1866
2952 1860
2953 1861
2929 1848
2939 1846
2940 1847
2939 1850
2941 1848
2951 1868
2953 1866
2952 1859
2954 1861
2928 1848
2939 1845
2938 1846
2938 1850
2942 1848
2951 1869
2953 1865
2954 1860
2954 1862
2927 1848
2939 1844
2942 1849
2951 1870
2955 1860
2955 1862
2927 1847
2939 1843
2940 1844
2952 1870
2956 1860
2927 1846
2926 1847
2939 1842
2941 1844
2952 1871
2956 1859
2927 1845
2939 1841
2941 1845
2942 1844
2952 1872
2956 1858
2926 1845
2939 1840
2941 1846
2942 1845
2951 1872
2953 1872
2956 1857
2955 1858
2926 1844
2938 1840
2943 1845
2951 1873
2950 1872
2926 1843
2951 1874
2950 1873
2950 1871
2926 1842
2925 1843
2951 1875
2949 1871
2926 1841
2925 1842
2952 1875
2949 1870
2948 1871
2926 1840
2927 1841
2953 1875
2949 1869
2948 1872
2926 1839
2954 1875
2948 1869
2948 1873
2947 1872
2926 1838
2925 1839
2954 1876
2948 1868
2948 1874
2947 1873
2946 1872
2927 1838
2954 1877
2947 1868
2948 1875
2949 1874
2946 1871
2927 1837
2928 1838
2954 1878
2953 1877
2946 1868
2948 1876
2927 1836
2928 1839
2954 1879
2946 1869
2945 1868
2927 1835
2929 1839
2954 1880
2944 1868
2927 1834
2926 1835
2928 1835
2929 1840
2954 1881
2953 1880
2955 1880
2927 1833
2929 1841
2954 1882
2955 1881
2956 1880
2927 1832
2928 1833
2929 1842
2930 1841
2954 1883
2955 1882
2957 1880
2926 1832
2929 1833
2929 1843
2955 1883
2925 1832
2929 1832
2929 1844
2930 1843
2956 1883
2924 1832
2929 1831
2928 1844
2930 1844
2957 1883
2924 1831
2924 1833
2929 1830
2930 1831
2931 1844
2957 1882
2957 1884
2923 1831
2929 1829
2932 1844
2958 1882
2958 1884
2922 1831
2929 1828
2932 1845
2933 1844
2958 1881
2958 1885
2922 1830
2921 1831
2934 1844
2958 1886
2920 1831
2934 1843
2959 1886
2920 1832
2919 1831
2934 1842
2935 1843
2960 1886
2920 1833
2919 1830
2918 1831
2934 1841
2935 1842
2961 1886
2920 1834
2919 1833
2921 1833
2917 1831
2936 1842
2961 1887
2962 1886
2916 1831
2961 1888
2963 1886
2916 1832
2915 1831
2961 1889
2963 1885
2915 1832
2915 1830
2961 1890
2963 1884
2915 1833
2914 1830
2961 1891
2963 1883
2914 1833
2913 1830
2961 1892
2962 1891
2962 1883
2964 1883
2913 1833
2913 1829
2961 1893
2963 1891
2962 1882
2964 1882
2913 1834
2912 1833
2913 1828
2961 1894
2963 1890
2963 1892
2962 1881
2964 1881
2965 1882
2913 1835
2912 1832
2913 1827
2914 1828
2960 1894
2963 1889
2964 1892
2962 1880
2966 1882
2913 1836
2911 1832
2912 1827
2914 1827
2959 1894
2964 1893
2965 1892
2962 1879
2966 1883
2911 1831
2910 1832
2911 1827
2914 1826
2915 1827
2959 1895
2962 1878
2961 1879
2967 1883
2911 1830
2909 1832
2911 1826
2911 1828
2910 1827
2914 1825
2916 1827
2963 1878
2968 1883
2911 1829
2910 1830
2908 1832
2911 1825
2910 1826
2909 1827
2916 1826
2917 1827
2964 1878
2969 1883
2907 1832
2912 1825
2909 1826
2964 1877
2970 1883
2907 1831
2906 1832
2912 1824
2908 1826
2964 1876
2971 1883
2906 1831
2908 1825
2964 1875
2963 1876
2971 1882
2972 1883
2908 1824
2907 1825
2964 1874
2965 1875
2962 1876
2971 1881
2973 1883
2908 1823
2961 1876
2970 1881
2973 1884
2907 1823
2909 1823
2961 1877
2960 1876
2970 1880
2973 1885
2907 1822
2959 1876
2969 1880
2973 1886
2974 1885
2907 1821
2959 1877
2968 1880
2972 1886
2974 1886
2975 1885
2907 1820
2959 1878
2968 1879
2975 1886
2908 1820
2968 1878
2976 1886
2908 1819
2968 1877
2976 1887
2908 1818
2977 1887
2907 1818
2909 1818
2977 1888
2978 1887
2906 1818
2910 1818
2977 1889
2978 1888
2978 1886
2906 1819
2911 1818
2977 1890
2979 1886
2905 1819
2911 1817
2912 1818
2977 1891
2976 1890
2979 1885
2904 1819
2911 1816
2975 1890
2979 1884
2904 1818
2903 1819
2910 1816
2912 1816
2975 1889
2975 1891
2979 1883
2904 1817
2903 1820
2902 1819
2913 1816
2975 1892
2974 1891
2979 1882
2980 1883
2905 1817
2903 1821
2902 1818
2913 1817
2914 1816
2975 1893
2978 1882
2980 1882
2902 1817
2915 1816
2975 1894
2977 1882
2981 1882
2901 1817
2915 1817
2916 1816
2974 1894
2976 1882
2982 1882
2901 1816
2900 1817
2916 1815
2917 1816
2974 1895
2973 1894
2976 1881
2982 1883
2983 1882
2901 1815
2899 1817
2916 1814
2918 1816
2974 1896
2973 1895
2973 1893
2972 1894
2982 1884
2983 1881
2984 1882
2900 1815
2899 1816
2899 1818
2915 1814
2917 1814
2918 1817
2919 1816
2974 1897
2975 1896
2971 1894
2981 1884
2983 1880
2985 1882
2900 1814
2899 1815
2899 1819
2917 1813
2974 1898
2975 1897
2971 1893
2981 1885
2983 1879
2982 1880
2985 1881
2900 1813
2899 1820
2898 1819
2918 1813
2974 1899
2973 1898
2975 1898
2971 1892
2983 1878
2985 1880
2986 1881
2899 1813
2901 1813
2899 1821
2897 1819
2918 1812
2975 1899
2972 1898
2976 1898
2983 1877
2986 1880
2987 1881
2899 1812
2902 1813
2900 1821
2897 1820
2896 1819
2975 1900
2972 1897
2977 1898
2982 1877
2987 1882
2902 1812
2896 1820
2895 1819
2976 1900
2977 1897
2978 1898
2981 1877
2987 1883
2988 1882
2902 1811
2895 1820
2895 1818
2978 1897
2979 1898
2981 1876
2980 1877
2987 1884
2986 1883
2989 1882
2901 1811
2980 1898
2981 1875
2987 1885
2986 1884
2989 1881
2990 1882
2901 1810
2980 1897
2980 1899
2981 1898
2981 1874
2987 1886
2988 1885
2985 1884
2989 1880
2990 1881
2990 1883
2991 1882
2901 1809
2980 1896
2981 1899
2982 1898
2981 1873
2987 1887
2985 1885
2991 1881
2990 1884
2991 1883
2901 1808
2979 1896
2981 1900
2981 1872
2986 1887
2984 1885
2991 1884
2902 1808
2979 1895
2981 1901
2981 1871
2986 1888
2984 1886
2991 1885
2902 1807
2903 1808
2981 1902
2980 1901
2981 1870
2986 1889
2985 1888
2983 1886
2992 1885
2902 1806
2903 1809
2982 1902
2981 1869
2980 1870
2985 1889
2987 1889
2983 1887
2993 1885
2901 1806
2903 1806
2904 1809
2982 1903
2983 1902
2980 1869
2985 1890
2988 1889
2983 1888
2994 1885
2901 1805
2900 1806
2903 1805
2904 1810
2905 1809
2983 1901
2979 1869
2985 1891
2988 1890
2983 1889
2995 1885
2900 1805
2899 1806
2904 1811
2984 1901
2979 1868
2985 1892
2988 1891
2995 1884
2995 1886
2900 1804
2899 1805
2899 1807
2904 1812
2985 1901
2978 1868
2985 1893
2984 1892
2987 1891
2996 1884
2900 1803
2898 1805
2985 1900
2977 1868
2985 1894
2984 1893
2983 1892
2997 1884
2901 1803
2898 1804
2986 1900
2977 1867
2976 1868
2986 1894
2997 1885
2901 1802
2897 1804
2987 1900
2975 1868
2987 1894
2997 1886
2901 1801
2902 1802
2896 1804
2987 1901
2988 1900
2974 1868
2997 1887
2998 1886
2896 1803
2896 1805
2989 1900
2974 1867
2896 1802
2895 1803
2989 1899
2973 1867
2896 1801
2895 1802
2989 1898
2990 1899
2972 1867
2896 1800
2897 1801
2894 1802
2989 1897
2991 1899
2972 1866
2972 1868
2896 1799
2895 1800
2897 1800
2898 1801
2988 1897
2991 1900
2971 1866
2972 1869
2896 1798
2894 1800
2898 1800
2898 1802
2987 1897
2991 1901
2992 1900
2970 1866
2972 1870
2895 1798
2893 1800
2898 1799
2993 1900
2970 1865
2969 1866
2971 1870
2973 1870
2892 1800
2899 1799
2994 1900
2970 1864
2969 1865
2969 1867
2971 1871
2892 1799
2892 1801
2899 1798
2900 1799
2994 1899
2995 1900
2968 1865
2969 1868
2970 1871
2892 1798
2892 1802
2994 1898
2996 1900
2968 1864
2967 1865
2968 1868
2970 1872
2892 1797
2891 1802
2997 1900
2968 1863
2966 1865
2967 1868
2969 1872
2892 1796
2891 1803
2890 1802
2997 1901
2969 1863
2966 1864
2967 1869
2969 1873
2892 1795
2889 1802
2998 1901
2969 1862
2966 1863
2965 1864
2892 1794
2888 1802
2998 1902
2999 1901
2966 1862
2964 1864
2892 1793
2891 1794
2893 1794
2888 1803
2998 1903
3000 1901
2965 1862
2964 1865
2963 1864
2892 1792
2893 1793
2890 1794
2888 1804
2997 1903
2999 1903
3001 1901
2965 1861
2963 1865
2962 1864
2892 1791
2894 1793
2889 1794
2887 1804
2996 1903
2999 1904
3000 1903
3002 1901
2965 1860
2963 1866
2962 1865
2961 1864
2891 1791
2893 1791
2886 1804
2996 1904
2999 1905
3001 1903
3002 1900
3003 1901
2965 1859
2961 1865
2961 1863
2960 1864
2890 1791
2886 1803
2885 1804
2995 1904
2999 1906
3002 1903
3003 1900
2965 1858
2964 1859
2961 1862
2890 1790
2886 1802
2885 1803
2885 1805
2994 1904
2999 1907
2998 1906
3003 1903
3004 1900
2965 1857
2964 1858
2963 1859
2961 1861
2890 1789
2889 1790
2885 1802
2884 1803
2885 1806
2998 1907
2997 1906
3005 1900
2965 1856
2963 1860
2962 1859
2962 1861
2890 1788
2889 1789
2885 1801
2883 1803
2885 1807
2886 1806
2996 1906
3005 1899
3006 1900
2964 1856
2966 1856
2888 1789
2884 1801
2885 1808
2884 1807
2887 1806
2995 1906
3007 1900
2963 1856
2967 1856
2887 1789
2883 1801
2885 1809
2883 1807
2887 1807
2994 1906
2962 1856
2968 1856
2886 1789
2885 1810
2886 1809
2883 1806
2887 1808
2888 1807
2962 1855
2961 1856
2968 1855
2969 1856
2886 1788
2885 1789
2885 1811
2882 1806
2889 1807
2962 1854
2961 1855
2969 1855
2970 1856
2885 1790
2884 1789
2885 1812
2889 1808
2890 1807
2961 1854
2970 1857
2971 1856
2884 1788
2885 1813
2886 1812
2961 1853
2960 1854
2884 1787
2884 1813
2887 1812
2961 1852
2960 1853
2959 1854
2884 1786
2883 1787
2883 1813
2887 1811
2888 1812
2961 1851
2959 1853
2959 1855
2884 1785
2883 1786
2882 1813
2961 1850
2960 1851
2962 1851
2959 1852
2958 1855
2885 1785
2882 1814
2881 1813
2960 1850
2959 1851
2957 1855
2885 1784
2880 1813
2958 1851
2885 1783
2886 1784
2879 1813
2958 1850
2957 1851
2885 1782
2886 1783
2887 1784
2878 1813
2958 1849
2957 1852
2956 1851
2885 1781
2884 1782
2888 1784
2878 1812
2878 1814
2877 1813
2958 1848
2956 1850
2955 1851
2885 1780
2883 1782
2888 1783
2889 1784
2877 1812
2876 1813
2957 1848
2884 1780
2883 1783
2882 1782
2890 1784
2877 1811
2876 1814
2957 1847
2956 1848
2884 1779
2883 1780
2882 1783
2881 1782
2890 1783
2890 1785
2877 1810
2876 1815
2955 1848
2884 1778
2881 1783
2880 1782
2890 1782
2891 1785
2877 1809
2877 1815
2955 1847
2954 1848
2884 1777
2885 1778
2880 1783
2879 1782
2890 1781
2889 1782
2891 1786
2892 1785
2876 1809
2877 1816
2955 1846
2884 1776
2885 1777
2886 1778
2880 1784
2878 1782
2890 1780
2891 1787
2892 1784
2877 1817
2955 1845
2879 1784
2878 1781
2890 1779
2891 1780
2892 1787
2877 1818
2954 1845
2956 1845
2878 1784
2878 1780
2890 1778
2891 1779
2892 1780
2876 1818
2954 1844
2956 1844
2878 1785
2878 1779
2890 1777
2889 1778
2893 1780
2875 1818
2953 1844
2957 1844
2878 1786
2877 1785
2878 1778
2890 1776
2888 1778
2875 1819
2874 1818
2953 1843
2952 1844
2957 1843
2958 1844
2878 1787
2879 1786
2877 1778
2890 1775
2875 1820
2874 1819
2873 1818
2951 1844
2959 1844
2878 1788
2876 1778
2890 1774
2875 1821
2960 1844
2878 1789
2876 1777
2875 1778
2890 1773
2889 1774
2891 1774
2874 1821
2960 1843
2878 1790
2875 1779
2874 1778
2890 1772
2892 1774
2874 1822
2960 1842
2878 1791
2874 1777
2891 1772
2892 1773
2892 1775
2873 1822
2961 1842
2877 1791
2873 1777
2891 1771
2892 1776
2873 1823
2962 1842
2876 1791
2873 1776
2872 1777
2891 1770
2892 1771
2873 1824
2872 1823
2963 1842
2875 1791
2872 1776
2872 1778
2871 1777
2891 1769
2890 1770
2871 1823
2964 1842
2875 1790
2874 1791
2872 1775
2870 1777
2891 1768
2871 1824
2870 1823
2964 1841
2964 1843
2874 1792
2871 1775
2870 1776
2870 1778
2869 1777
2891 1767
2870 1824
2869 1823
2964 1844
2965 1843
2873 1792
2870 1779
2868 1777
2892 1767
2870 1825
2869 1824
2868 1823
2965 1844
2966 1843
2872 1792
2869 1779
2868 1776
2868 1778
2893 1767
2870 1826
2868 1824
2867 1823
2966 1844
2872 1791
2872 1793
2869 1780
2868 1775
2867 1778
2893 1768
2870 1827
2867 1822
2866 1823
2966 1845
2871 1791
2871 1793
2866 1778
2894 1768
2871 1827
2966 1846
2967 1845
2871 1790
2870 1791
2871 1794
2866 1779
2895 1768
2871 1828
2872 1827
2968 1845
2871 1789
2870 1790
2869 1791
2870 1794
2866 1780
2895 1767
2896 1768
2873 1827
2968 1844
2869 1790
2869 1792
2866 1781
2896 1767
2897 1768
2873 1826
2874 1827
2969 1844
2869 1789
2869 1793
2896 1766
2898 1768
2875 1827
2869 1788
2868 1793
2897 1766
2899 1768
2875 1828
2869 1787
2868 1788
2870 1788
2868 1794
2867 1793
2897 1765
2899 1769
2875 1829
2869 1786
2870 1787
2867 1788
2868 1795
2897 1764
2900 1769
2875 1830
2869 1785
2868 1786
2867 1789
2866 1788
2868 1796
2867 1795
2897 1763
2898 1764
2900 1770
2874 1830
2876 1830
2869 1784
2868 1785
2867 1786
2866 1789
2866 1787
2868 1797
2866 1795
2897 1762
2896 1763
2900 1771
2874 1831
2869 1783
2866 1786
2865 1789
2868 1798
2898 1762
2895 1763
2901 1771
2874 1832
2873 1831
2865 1790
2867 1798
2899 1762
2895 1762
2901 1772
2902 1771
2874 1833
2864 1790
2895 1761
2894 1762
2902 1772
2902 1770
2873 1833
2864 1791
2863 1790
2895 1760
2894 1761
2893 1762
2902 1773
2902 1769
2873 1834
2863 1791
2862 1790
2895 1759
2896 1760
2892 1762
2903 1769
2873 1835
2862 1789
2861 1790
2895 1758
2897 1760
2892 1763
2904 1769
2862 1788
2860 1790
2895 1757
2891 1763
2905 1769
2860 1789
2860 1791
2895 1756
2890 1763
2905 1768
2860 1788
2859 1789
2859 1791
2895 1755
2890 1764
2906 1768
2858 1791
2895 1754
2894 1755
2896 1755
2890 1765
2889 1764
2906 1767
2907 1768
2858 1790
2858 1792
2857 1791
2895 1753
2894 1754
2893 1755
2897 1755
2890 1766
2889 1765
2906 1766
2907 1769
2858 1793
2857 1792
2856 1791
2896 1753
2893 1754
2892 1755
2898 1755
2889 1766
2907 1766
2859 1793
2856 1792
2855 1791
2893 1753
2892 1756
2898 1756
2899 1755
2888 1766
2907 1765
2908 1766
2860 1793
2854 1791
2891 1756
2898 1757
2899 1754
2888 1767
2909 1766
2854 1790
2854 1792
2891 1757
2890 1756
2899 1757
2900 1754
2887 1767
2909 1767
2853 1792
2891 1758
2890 1755
2900 1757
2901 1754
2909 1768
2853 1793
2890 1758
2900 1758
2901 1757
2901 1753
2901 1755
2910 1768
2853 1794
2889 1758
2900 1759
2902 1757
2901 1752
2902 1753
2902 1755
2911 1768
2854 1794
2888 1758
2900 1760
2899 1759
2903 1757
2902 1752
2911 1767
2912 1768
2854 1795
2901 1760
2903 1758
2904 1757
2902 1751
2903 1752
2913 1768
2854 1796
2902 1760
2904 1756
2902 1750
2914 1768
2854 1797
2902 1761
2903 1760
2905 1756
2902 1749
2914 1769
2915 1768
2853 1797
2855 1797
2904 1760
2905 1755
2901 1749
2903 1749
2915 1767
2853 1798
2852 1797
2856 1797
2904 1761
2905 1760
2906 1755
2901 1748
2900 1749
2904 1749
2915 1766
2851 1797
2857 1797
2906 1760
2906 1754
2907 1755
2899 1749
2904 1748
2905 1749
2916 1766
2851 1798
2858 1797
2906 1761
2907 1760
2906 1753
2907 1754
2908 1755
2898 1749
2906 1749
2917 1766
2851 1799
2850 1798
2859 1797
2906 1762
2909 1755
2898 1748
2917 1765
2850 1799
2860 1797
2907 1762
2909 1754
2898 1747
2917 1764
2918 1765
2850 1800
2849 1799
2898 1746
2899 1747
2850 1801
2897 1746
2899 1746
2850 1802
2851 1801
2896 1746
2900 1746
2850 1803
2849 1802
2851 1802
2896 1745
2901 1746
2851 1803
2848 1802
2896 1744
2901 1745
2851 1804
2847 1802
2896 1743
2901 1744
2902 1745
2851 1805
2852 1804
2847 1801
2846 1802
2896 1742
2851 1806
2852 1805
2853 1804
2847 1800
2846 1803
2845 1802
2897 1742
2851 1807
2852 1806
2846 1800
2846 1804
2844 1802
2897 1741
2898 1742
2851 1808
2850 1807
2852 1807
2853 1806
2843 1802
2897 1740
2898 1743
2849 1807
2854 1806
2843 1803
2842 1802
2897 1739
2896 1740
2849 1806
2855 1806
2842 1803
2841 1802
2898 1739
2895 1740
2848 1806
2841 1801
2899 1739
2847 1806
2841 1800
2899 1738
2847 1805
2847 1807
2846 1806
2840 1800
2900 1738
2845 1806
2840 1799
2839 1800
2900 1737
2901 1738
2844 1806
2839 1799
2900 1736
2902 1738
2843 1806
2839 1798
2899 1736
2843 1807
2839 1797
2898 1736
2843 1808
2838 1797
2897 1736
2842 1808
2844 1808
2838 1796
2897 1735
2896 1736
2842 1809
2845 1808
2838 1795
2897 1734
2842 1810
2841 1809
2839 1795
2897 1733
2842 1811
2839 1794
2840 1795
2897 1732
2898 1733
2841 1811
2839 1793
2841 1795
2897 1731
2899 1733
2841 1812
2840 1811
2839 1792
2841 1796
2842 1795
2897 1730
2898 1731
2900 1733
2841 1813
2838 1792
2842 1794
2843 1795
2896 1730
2899 1731
2901 1733
2841 1814
2840 1813
2837 1792
2843 1794
2843 1796
2899 1730
2902 1733
2842 1814
2839 1813
2837 1791
2836 1792
2843 1797
2900 1730
2902 1732
2843 1814
2839 1812
2837 1790
2836 1793
2835 1792
2843 1798
2844 1797
2900 1729
2901 1730
2903 1732
2843 1815
2844 1814
2838 1790
2835 1793
2843 1799
2842 1798
2900 1728
2902 1730
2843 1816
2844 1813
2838 1789
2834 1793
2841 1798
2901 1728
2842 1816
2844 1816
2845 1813
2839 1789
2833 1793
2901 1727
2844 1817
2840 1789
2833 1794
2901 1726
2845 1817
2840 1788
2841 1789
2832 1794
2900 1726
2902 1726
2845 1818
2846 1817
2840 1787
2841 1788
2842 1789
2832 1795
2831 1794
2899 1726
2902 1725
2845 1819
2846 1818
2846 1816
2840 1786
2841 1787
2842 1790
2843 1789
2831 1793
2899 1725
2898 1726
2903 1725
2845 1820
2846 1815
2839 1786
2841 1786
2843 1790
2830 1793
2899 1724
2903 1724
2904 1725
2844 1820
2846 1820
2838 1786
2843 1791
2844 1790
2830 1792
2829 1793
2899 1723
2900 1724
2904 1724
2905 1725
2843 1820
2847 1820
2838 1785
2838 1787
2830 1791
2829 1794
2898 1723
2900 1723
2901 1724
2904 1723
2905 1726
2906 1725
2842 1820
2847 1821
2838 1784
2829 1791
2828 1794
2897 1723
2901 1723
2905 1727
2842 1821
2847 1822
2838 1783
2829 1790
2827 1794
2896 1723
2905 1728
2842 1822
2841 1821
2847 1823
2846 1822
2838 1782
2829 1789
2828 1790
2826 1794
2895 1723
2904 1728
2906 1728
2846 1823
2848 1823
2838 1781
2837 1782
2829 1788
2827 1790
2826 1795
2825 1794
2895 1724
2894 1723
2903 1728
2906 1729
2907 1728
2846 1824
2848 1824
2849 1823
2838 1780
2837 1781
2826 1790
2826 1796
2824 1794
2894 1724
2906 1730
2907 1727
2846 1825
2848 1825
2849 1822
2850 1823
2838 1779
2836 1781
2826 1797
2827 1796
2823 1794
2893 1724
2906 1731
2908 1727
2846 1826
2850 1824
2838 1778
2823 1793
2822 1794
2893 1725
2892 1724
2905 1731
2907 1731
2908 1726
2909 1727
2845 1826
2847 1826
2850 1825
2851 1824
2839 1778
2823 1792
2821 1794
2893 1726
2892 1723
2905 1732
2907 1732
2908 1731
2908 1725
2909 1728
2845 1827
2844 1826
2852 1824
2840 1778
2823 1791
2822 1792
2821 1795
2820 1794
2905 1733
2907 1733
2909 1725
2910 1728
2845 1828
2844 1825
2852 1823
2840 1777
2840 1779
2822 1791
2821 1792
2821 1796
2905 1734
2908 1733
2909 1724
2911 1728
2845 1829
2844 1824
2853 1823
2841 1777
2821 1791
2820 1792
2904 1734
2908 1734
2909 1733
2909 1723
2910 1724
2911 1727
2845 1830
2846 1829
2853 1822
2842 1777
2819 1792
2908 1735
2909 1722
2911 1724
2845 1831
2844 1830
2847 1829
2854 1822
2842 1776
2818 1792
2908 1736
2907 1735
2909 1721
2910 1722
2911 1723
2912 1724
2843 1830
2847 1830
2855 1822
2817 1792
2908 1737
2909 1736
2909 1720
2911 1722
2912 1725
2843 1831
2848 1830
2855 1823
2817 1793
2816 1792
2908 1738
2910 1736
2909 1719
2912 1722
2842 1831
2848 1831
2817 1794
2815 1792
2910 1735
2911 1736
2910 1719
2912 1721
2849 1831
2814 1792
2911 1719
2913 1721
2849 1832
2814 1791
2814 1793
2911 1718
2913 1720
2914 1721
2850 1832
2814 1790
2813 1793
2913 1719
2915 1721
2814 1789
2815 1790
2812 1793
2913 1718
2915 1722
2816 1790
2812 1794
2914 1718
2816 1789
2817 1790
2812 1795
2914 1717
2915 1718
2816 1788
2812 1796
2811 1795
2915 1717
2915 1719
2916 1718
2816 1787
2815 1788
2812 1797
2811 1796
2915 1716
2916 1719
2817 1787
2812 1798
2811 1797
2916 1716
2917 1719
2818 1787
2812 1799
2810 1797
2917 1720
2918 1719
2818 1786
2819 1787
2812 1800
2917 1721
2918 1720
2919 1719
2818 1785
2811 1800
2919 1720
2919 1718
2817 1785
2819 1785
2810 1800
2919 1721
2919 1717
2920 1718
2817 1784
2819 1784
2810 1801
2921 1718
2817 1783
2816 1784
2820 1784
2810 1802
2921 1719
2817 1782
2816 1783
2815 1784
2820 1783
2821 1784
2809 1802
2922 1719
2817 1781
2818 1782
2815 1783
2814 1784
2821 1783
2821 1785
2808 1802
2922 1720
2923 1719
2817 1780
2819 1782
2822 1783
2808 1801
2808 1803
2922 1721
2924 1719
2817 1779
2818 1780
2823 1783
2807 1801
2808 1804
2816 1779
2818 1779
2824 1783
2808 1805
2807 1804
2815 1779
2818 1778
2824 1784
2809 1805
2806 1804
2815 1780
2814 1779
2818 1777
2824 1785
2809 1806
2806 1803
2815 1781
2813 1779
2819 1777
2825 1785
2809 1807
2813 1778
2812 1779
2819 1776
2820 1777
2826 1785
2809 1808
2813 1777
2812 1778
2812 1780
2819 1775
2821 1777
2809 1809
2813 1776
2814 1777
2811 1778
2811 1780
2819 1774
2822 1777
2810 1809
2813 1775
2810 1780
2820 1774
2823 1777
2810 1810
2821 1774
2823 1776
2823 1778
2824 1777
2811 1810
2821 1773
2824 1776
2812 1810
2821 1772
2822 1773
2825 1776
2812 1811
2813 1810
2821 1771
2820 1772
2823 1773
2814 1810
2820 1771
2819 1772
2824 1773
2815 1810
2820 1770
2819 1771
2818 1772
2824 1772
2825 1773
2815 1811
2816 1810
2820 1769
2817 1772
2826 1773
2816 1811
2816 1809
2821 1769
2817 1771
2826 1774
2827 1773
2817 1809
2821 1768
2822 1769
2817 1770
2828 1773
2818 1809
2821 1767
2822 1768
2816 1770
2828 1772
2829 1773
2819 1809
2821 1766
2823 1768
2829 1774
2830 1773
2820 1809
2821 1765
2820 1766
2822 1766
2823 1767
2831 1773
2820 1808
2820 1810
2821 1764
2819 1766
2824 1767
2831 1772
2832 1773
2821 1808
2820 1811
2820 1764
2819 1765
2819 1767
2831 1771
2833 1773
2822 1808
2821 1811
2820 1763
2818 1767
2831 1770
2834 1773
2822 1809
2823 1808
2820 1762
2817 1767
2831 1769
2832 1770
2834 1774
2835 1773
2823 1809
2824 1808
2820 1761
2816 1767
2831 1768
2830 1769
2833 1770
2835 1772
2824 1809
2824 1807
2820 1760
2819 1761
2830 1768
2829 1769
2834 1770
2835 1771
2824 1810
2824 1806
2819 1760
2821 1760
2818 1761
2830 1767
2829 1768
2829 1770
2836 1771
2823 1806
2825 1806
2819 1759
2822 1760
2818 1762
2828 1768
2837 1771
2823 1805
2825 1805
2818 1759
2817 1762
2827 1768
2838 1771
2822 1805
2826 1805
2818 1758
2817 1759
2838 1772
2821 1805
2827 1805
2818 1757
2817 1758
2838 1773
2821 1804
2820 1805
2827 1804
2828 1805
2818 1756
2819 1757
2839 1773
2821 1803
2820 1804
2827 1803
2829 1805
2818 1755
2840 1773
2820 1803
2826 1803
2828 1803
2830 1805
2818 1754
2819 1755
2841 1773
2826 1802
2828 1802
2830 1806
2818 1753
2817 1754
2841 1772
2842 1773
2825 1802
2829 1802
2830 1807
2818 1752
2817 1753
2841 1771
2843 1773
2825 1801
2824 1802
2830 1802
2831 1807
2818 1751
2816 1753
2830 1801
2831 1802
2831 1808
2832 1807
2819 1751
2815 1753
2830 1800
2831 1803
2831 1809
2833 1807
2820 1751
2814 1753
2830 1799
2830 1809
2834 1807
2820 1750
2821 1751
2814 1752
2830 1798
2829 1809
2835 1807
2821 1750
2821 1752
2813 1752
2829 1798
2831 1798
2829 1810
2828 1809
2835 1808
2836 1807
2821 1749
2822 1750
2813 1751
2812 1752
2828 1810
2828 1808
2835 1809
2836 1806
2822 1749
2823 1750
2811 1752
2828 1811
2836 1809
2822 1748
2823 1749
2824 1750
2828 1812
2837 1809
2822 1747
2823 1748
2824 1749
2828 1813
2822 1746
2821 1747
2823 1747
2825 1749
2827 1813
2822 1745
2821 1746
2823 1746
2824 1747
2826 1749
2826 1813
2822 1744
2821 1745
2827 1749
2825 1813
2822 1743
2820 1745
2827 1748
2828 1749
2821 1743
2819 1745
2829 1749
2818 1745
2829 1750
2817 1745
2829 1751
2830 1750
2816 1745
2829 1752
2831 1750
2829 1753
2831 1749
2831 1751
2829 1754
2828 1753
2831 1748
2832 1749
2832 1751
2830 1754
2827 1753
2831 1747
2830 1748
2833 1751
2831 1754
2827 1752
2827 1754
2833 1752
2834 1751
2831 1755
2826 1752
2834 1750
2835 1751
2832 1755
2835 1752
2836 1752
2837 1752
2837 1753
2838 1753
2839 1753
2839 1754
2840 1753
2839 1755
2840 1754
2841 1753
2840 1755
2841 1754
2842 1754
2842 1755
2843 1754
2842 1756
2843 1755
2843 1753
2842 1757
2841 1756
2844 1753
2842 1758
2844 1752
2843 1758
2845 1752
2844 1758
2845 1751
2846 1752
2844 1757
2845 1758
2845 1750
2846 1751
2847 1752
2844 1756
2845 1757
2845 1759
2844 1750
2848 1752
2846 1757
2846 1759
2844 1749
2848 1751
2848 1753
2846 1760
2847 1759
2844 1748
2843 1749
2846 1761
2848 1759
2844 1747
2842 1749
2846 1762
2848 1758
2848 1760
2849 1759
2844 1746
2845 1762
2850 1759
2843 1746
2845 1746
2850 1758
2851 1759
2843 1745
2845 1745
2846 1746
2850 1757
2852 1759
2843 1744
2845 1744
2846 1747
2852 1760
2853 1759
2845 1743
2847 1747
2853 1760
2854 1759
2845 1742
2847 1748
2848 1747
2845 1741
2847 1749
2849 1747
2845 1740
2847 1750
2850 1747
2845 1739
2850 1746
2850 1748
2844 1739
2846 1739
2850 1745
2850 1749
2844 1738
2847 1739
2850 1744
2851 1749
2844 1737
2847 1738
2847 1740
2851 1744
2851 1750
2852 1749
2844 1736
2843 1737
2847 1741
2852 1748
2845 1736
2842 1737
2847 1742
2846 1736
2842 1736
2847 1743
2846 1735
2846 1737
2847 1736
2841 1736
2846 1734
2848 1736
2841 1735
2846 1733
2848 1737
2849 1736
2841 1734
2840 1735
2850 1736
2841 1733
2842 1734
2839 1735
2850 1735
2840 1733
2838 1735
2850 1734
2837 1735
2851 1734
2836 1735
2852 1734
2835 1735
2852 1733
2852 1735
2835 1734
2834 1735
2852 1732
2853 1733
2853 1735
2834 1736
2833 1735
2851 1732
2853 1732
2853 1736
2854 1735
2834 1737
2832 1735
2851 1731
2853 1737
2855 1735
2833 1737
2832 1734
2851 1730
2853 1738
2855 1736
2856 1735
2833 1738
2851 1729
2852 1738
2856 1736
2857 1735
2833 1739
2852 1729
2856 1737
2857 1736
2857 1734
2852 1728
2856 1738
2858 1736
2852 1727
2855 1738
2858 1737
2859 1736
2852 1726
2853 1726
2854 1726
2854 1727
2855 1727
2855 1728
2856 1727
2857 1727
2858 1727
2858 1726
2858 1728
2859 1727
2858 1725
2858 1724
2858 1723
2859 1724
2858 1722
2859 1723
2858 1721
2858 1720
2859 1721
2858 1719
2857 1719
2859 1719
2856 1719
2859 1718
2859 1717
2859 1716
2859 1715
2860 1716
2859 1714
2860 1715
2859 1713
2858 1714
2858 1713
2860 1713
2857 1713
2861 1713
2856 1713
2861 1712
2861 1714
2862 1713
2855 1713
2861 1711
2862 1712
2862 1714
2855 1714
2854 1713
2860 1711
2862 1715
2863 1714
2855 1715
2854 1714
2860 1710
2859 1711
2862 1716
2864 1714
2855 1716
2853 1714
2860 1709
2859 1710
2864 1715
2854 1716
2853 1715
2860 1708
2865 1715
2853 1716
2859 1708
2865 1716
2859 1707
2866 1716
2867 1716
2867 1715
2867 1717
2867 1714
2867 1718
2868 1717
2867 1713
2866 1718
2869 1717
2867 1712
2869 1718
2870 1717
2867 1711
2868 1712
2869 1719
2871 1717
2867 1710
2869 1720
2870 1719
2871 1716
2871 1718
2866 1710
2869 1721
2871 1719
2871 1715
2872 1716
2869 1722
2868 1721
2871 1720
2871 1714
2869 1723
2868 1722
2871 1713
2872 1714
2870 1723
2870 1713
2872 1713
2873 1714
2871 1723
2872 1712
2871 1722
2871 1724
2872 1723
2872 1711
2873 1712
2872 1722
2872 1724
2873 1723
2871 1711
2872 1721
2872 1725
2873 1724
2874 1723
2870 1711
2872 1726
2874 1724
2875 1723
2870 1710
2871 1726
2874 1725
2876 1723
2870 1709
2871 1727
2874 1726
2875 1725
2877 1723
2869 1709
2871 1728
2877 1722
2878 1723
2868 1709
2871 1729
2877 1721
2879 1723
2868 1708
2870 1729
2880 1723
2868 1707
2870 1730
2881 1723
2868 1706
2870 1731
2869 1730
2881 1722
2881 1724
2867 1706
2869 1731
2871 1731
2868 1730
2881 1721
2881 1725
2867 1705
2871 1732
2872 1731
2867 1730
2881 1720
2881 1726
2880 1725
2882 1725
2867 1704
2866 1705
2871 1733
2872 1730
2873 1731
2867 1729
2867 1731
2881 1719
2881 1727
2880 1726
2882 1726
2883 1725
2866 1704
2868 1704
2872 1733
2873 1730
2873 1732
2866 1729
2867 1732
2880 1719
2882 1719
2879 1726
2883 1726
2884 1725
2866 1703
2869 1704
2873 1733
2873 1729
2874 1732
2866 1728
2867 1733
2880 1718
2879 1719
2884 1724
2865 1703
2869 1705
2870 1704
2873 1734
2874 1733
2875 1732
2866 1727
2866 1733
2880 1717
2878 1719
2885 1724
2865 1702
2864 1703
2871 1704
2873 1735
2866 1726
2867 1727
2865 1733
2880 1716
2878 1718
2885 1723
2886 1724
2865 1701
2864 1702
2864 1704
2871 1703
2871 1705
2873 1736
2865 1732
2864 1733
2881 1716
2887 1724
2865 1700
2866 1701
2863 1702
2872 1705
2872 1736
2864 1732
2887 1723
2867 1701
2863 1701
2872 1706
2873 1705
2872 1737
2864 1731
2887 1722
2888 1723
2863 1700
2862 1701
2874 1705
2871 1737
2864 1730
2863 1731
2888 1722
2863 1699
2871 1738
2870 1737
2864 1729
2862 1731
2888 1721
2889 1722
2862 1699
2864 1699
2871 1739
2870 1736
2862 1730
2888 1720
2890 1722
2862 1698
2861 1699
2864 1698
2871 1740
2869 1736
2888 1719
2890 1721
2861 1698
2861 1700
2870 1740
2872 1740
2869 1735
2888 1718
2889 1719
2891 1721
2861 1697
2872 1741
2873 1740
2888 1717
2892 1721
2861 1696
2860 1697
2874 1740
2888 1716
2892 1720
2860 1696
2862 1696
2859 1697
2874 1741
2888 1715
2887 1716
2860 1695
2859 1696
2863 1696
2859 1698
2887 1715
2889 1715
2886 1716
2860 1694
2890 1715
2885 1716
2860 1693
2890 1714
2890 1716
2885 1715
2885 1717
2884 1716
2859 1693
2891 1714
2858 1693
2891 1713
2858 1692
2891 1712
2892 1713
2858 1691
2857 1692
2890 1712
2892 1712
2856 1692
2893 1712
2856 1691
2856 1693
2893 1711
2894 1712
2855 1691
2856 1694
2855 1693
2893 1710
2895 1712
2854 1691
2893 1709
2894 1710
2896 1712
2854 1690
2853 1691
2894 1709
2896 1711
2852 1691
2894 1708
2897 1711
2852 1690
2894 1707
2851 1690
2893 1707
2895 1707
2851 1689
2850 1690
2895 1706
2851 1688
2850 1691
2849 1690
2896 1706
2852 1688
2850 1692
2848 1690
2897 1706
2852 1687
2853 1688
2848 1691
2847 1690
2897 1705
2897 1707
2898 1706
2852 1686
2854 1688
2847 1691
2847 1689
2897 1708
2898 1707
2852 1685
2855 1688
2847 1688
2846 1689
2896 1708
2899 1707
2852 1684
2851 1685
2856 1688
2847 1687
2845 1689
2851 1684
2853 1684
2850 1685
2857 1688
2847 1686
2845 1690
2851 1683
2854 1684
2850 1686
2857 1689
2847 1685
2846 1686
2845 1691
2850 1683
2854 1683
2855 1684
2847 1684
2846 1685
2845 1686
2844 1691
2854 1682
2855 1683
2856 1684
2847 1683
2845 1687
2844 1686
2844 1692
2854 1681
2853 1682
2856 1683
2856 1685
2846 1683
2843 1686
2844 1693
2857 1683
2856 1686
2857 1685
2845 1683
2843 1687
2842 1686
2844 1694
2857 1682
2858 1683
2845 1682
2842 1685
2841 1686
2843 1694
2858 1682
2845 1681
2844 1682
2841 1685
2840 1686
2859 1682
2846 1681
2840 1685
2840 1687
2859 1681
2860 1682
2846 1680
2840 1684
2839 1685
2859 1680
2861 1682
2847 1680
2838 1685
2859 1679
2858 1680
2861 1683
2862 1682
2848 1680
2838 1684
2838 1686
2837 1685
2860 1679
2857 1680
2862 1683
2863 1682
2849 1680
2838 1683
2838 1687
2837 1686
2836 1685
2860 1678
2856 1680
2863 1681
2849 1679
2850 1680
2835 1685
2860 1677
2864 1681
2851 1680
2834 1685
2861 1677
2865 1681
2851 1679
2834 1684
2861 1676
2862 1677
2866 1681
2833 1684
2862 1676
2863 1677
2866 1682
2832 1684
2863 1678
2864 1677
2866 1683
2832 1685
2831 1684
2864 1678
2864 1676
2865 1683
2832 1686
2830 1684
2864 1675
2865 1684
2832 1687
2829 1684
2864 1674
2865 1685
2864 1684
2832 1688
2829 1683
2828 1684
2865 1674
2866 1685
2863 1684
2832 1689
2829 1682
2828 1683
2866 1674
2831 1689
2833 1689
2828 1682
2830 1682
2866 1675
2830 1689
2834 1689
2827 1682
2830 1681
2866 1676
2829 1689
2834 1690
2827 1681
2867 1676
2829 1690
2826 1681
2868 1676
2829 1691
2825 1681
2868 1677
2869 1676
2828 1691
2824 1681
2868 1678
2870 1676
2827 1691
2823 1681
2871 1676
2826 1691
2823 1680
2823 1682
2822 1681
2871 1677
2826 1690
2825 1691
2822 1680
2823 1683
2872 1677
2825 1692
2824 1691
2822 1679
2821 1680
2822 1683
2873 1677
2825 1693
2823 1691
2820 1680
2822 1684
2873 1676
2824 1693
2826 1693
2820 1679
2820 1681
2822 1685
2873 1675
2874 1676
2823 1693
2826 1694
2827 1693
2820 1678
2875 1676
2822 1693
2826 1695
2820 1677
2875 1675
2875 1677
2822 1692
2822 1694
2821 1693
2826 1696
2827 1695
2819 1677
2875 1674
2876 1675
2821 1692
2822 1695
2820 1693
2827 1696
2819 1676
2818 1677
2875 1673
2877 1675
2821 1691
2822 1696
2820 1694
2818 1676
2818 1678
2817 1677
2875 1672
2876 1673
2877 1674
2820 1691
2822 1697
2821 1696
2819 1694
2818 1679
2816 1677
2874 1672
2877 1673
2822 1698
2818 1694
2818 1680
2816 1676
2815 1677
2874 1671
2878 1673
2822 1699
2815 1676
2815 1678
2874 1670
2878 1672
2821 1699
2815 1675
2815 1679
2874 1669
2873 1670
2875 1670
2820 1699
2815 1674
2814 1675
2814 1679
2873 1669
2876 1670
2820 1698
2820 1700
2815 1673
2816 1674
2814 1680
2813 1679
2873 1668
2877 1670
2819 1698
2819 1700
2814 1673
2816 1673
2817 1674
2814 1681
2812 1679
2878 1670
2813 1673
2816 1672
2814 1682
2812 1678
2878 1669
2879 1670
2812 1673
2817 1672
2814 1683
2878 1668
2812 1672
2818 1672
2814 1684
2815 1683
2879 1668
2812 1671
2811 1672
2818 1671
2818 1673
2814 1685
2816 1683
2879 1667
2812 1670
2810 1672
2819 1671
2813 1685
2879 1666
2813 1670
2809 1672
2819 1670
2820 1671
2813 1686
2878 1666
2813 1669
2808 1672
2820 1670
2812 1686
2877 1666
2814 1669
2808 1671
2807 1672
2820 1669
2821 1670
2811 1686
2814 1668
2806 1672
2820 1668
2822 1670
2814 1667
2815 1668
2806 1671
2806 1673
2822 1669
2814 1666
2813 1667
2805 1673
2822 1668
2813 1666
2805 1674
2804 1673
2823 1668
2813 1665
2812 1666
2805 1675
2804 1672
2803 1673
2824 1668
2813 1664
2811 1666
2804 1675
2803 1674
2824 1669
2825 1668
2813 1663
2804 1676
2826 1668
2812 1663
2814 1663
2803 1676
2826 1667
2826 1669
2812 1662
2811 1663
2802 1676
2826 1670
2827 1669
2812 1661
2811 1664
2802 1677
2826 1671
2825 1670
2827 1670
2812 1660
2811 1661
2813 1661
2802 1678
2826 1672
2825 1671
2827 1671
2828 1670
2810 1661
2814 1661
2802 1679
2801 1678
2828 1671
2829 1670
2814 1660
2802 1680
2803 1679
2800 1678
2814 1659
2815 1660
2802 1681
2804 1679
2800 1677
2799 1678
2813 1659
2816 1660
2802 1682
2801 1681
2799 1679
2817 1660
2802 1683
2801 1682
2803 1682
2798 1679
2817 1659
2800 1682
2804 1682
2797 1679
2817 1658
2800 1683
2804 1681
2805 1682
2797 1678
2797 1680
2796 1679
2817 1657
2805 1683
2797 1677
2796 1678
2797 1681
2817 1656
2797 1676
2817 1655
2816 1656
2796 1676
2798 1676
2816 1655
2818 1655
2795 1676
2798 1675
2815 1655
2819 1655
2795 1675
2795 1677
2798 1674
2799 1675
2819 1654
2819 1656
2820 1655
2795 1674
2794 1675
2797 1674
2799 1674
2819 1653
2821 1655
2795 1673
2793 1675
2818 1653
2821 1656
2822 1655
2795 1672
2796 1673
2793 1676
2818 1652
2821 1657
2823 1655
2795 1671
2796 1672
2792 1676
2817 1652
2824 1655
2795 1670
2792 1677
2817 1651
2824 1654
2824 1656
2825 1655
2795 1669
2792 1678
2816 1651
2825 1654
2825 1656
2794 1669
2791 1678
2825 1653
2826 1654
2826 1656
2790 1678
2826 1653
2826 1657
2827 1656
2790 1679
2826 1652
2827 1653
2828 1656
2789 1679
2826 1651
2828 1653
2828 1655
2828 1657
2829 1656
2788 1679
2825 1651
2827 1651
2828 1658
2830 1656
2788 1678
2788 1680
2825 1650
2828 1659
2827 1658
2830 1657
2831 1656
2787 1678
2825 1649
2828 1660
2827 1659
2830 1658
2831 1655
2786 1678
2825 1648
2826 1649
2828 1661
2827 1660
2831 1658
2831 1654
2832 1655
2786 1677
2785 1678
2824 1648
2827 1649
2828 1662
2827 1661
2829 1661
2826 1660
2831 1659
2831 1653
2830 1654
2833 1655
2786 1676
2785 1677
2784 1678
2823 1648
2827 1648
2828 1663
2829 1662
2826 1661
2832 1659
2832 1653
2834 1655
2786 1675
2785 1676
2787 1676
2783 1678
2823 1647
2828 1664
2825 1661
2832 1660
2833 1659
2833 1653
2835 1655
2784 1676
2788 1676
2783 1677
2783 1679
2782 1678
2823 1646
2829 1664
2824 1661
2832 1661
2833 1658
2834 1659
2834 1653
2835 1656
2836 1655
2784 1675
2783 1676
2783 1680
2781 1678
2823 1645
2830 1664
2824 1660
2824 1662
2835 1659
2834 1652
2836 1654
2784 1674
2782 1676
2783 1681
2780 1678
2823 1644
2822 1645
2830 1663
2835 1652
2837 1654
2784 1673
2781 1676
2782 1681
2823 1643
2821 1645
2831 1663
2835 1651
2838 1654
2784 1672
2781 1675
2780 1676
2782 1682
2781 1681
2823 1642
2822 1643
2832 1663
2835 1650
2781 1674
2782 1683
2781 1682
2781 1680
2823 1641
2821 1643
2833 1663
2835 1649
2836 1650
2781 1673
2782 1674
2783 1683
2821 1642
2834 1663
2835 1648
2780 1673
2784 1683
2820 1642
2834 1664
2834 1648
2779 1673
2784 1684
2819 1642
2834 1665
2833 1648
2778 1673
2784 1685
2785 1684
2819 1641
2818 1642
2835 1665
2778 1672
2778 1674
2783 1685
2785 1685
2786 1684
2819 1640
2818 1641
2835 1666
2836 1665
2778 1671
2777 1672
2777 1674
2783 1686
2782 1685
2785 1686
2819 1639
2836 1666
2837 1665
2778 1670
2777 1671
2777 1675
2783 1687
2781 1685
2785 1687
2837 1664
2778 1669
2776 1671
2777 1676
2776 1675
2782 1687
2785 1688
2838 1664
2775 1671
2775 1675
2782 1688
2839 1664
2775 1672
2774 1671
2774 1675
2781 1688
2840 1664
2774 1670
2774 1674
2773 1675
2781 1689
2780 1688
2840 1663
2841 1664
2774 1669
2781 1690
2840 1662
2842 1664
2773 1669
2775 1669
2780 1690
2782 1690
2840 1661
2841 1662
2842 1663
2773 1668
2775 1668
2780 1691
2779 1690
2783 1690
2840 1660
2841 1661
2773 1667
2772 1668
2775 1667
2780 1692
2779 1689
2840 1659
2841 1660
2771 1668
2776 1667
2780 1693
2779 1692
2781 1692
2778 1689
2841 1659
2770 1668
2776 1666
2780 1694
2778 1692
2782 1692
2778 1688
2777 1689
2841 1658
2842 1659
2776 1665
2777 1666
2780 1695
2778 1693
2778 1687
2776 1689
2841 1657
2842 1658
2776 1664
2780 1696
2781 1695
2777 1693
2777 1687
2841 1656
2843 1658
2775 1664
2777 1664
2780 1697
2777 1694
2776 1693
2777 1686
2776 1687
2844 1658
2774 1664
2777 1663
2778 1664
2781 1697
2777 1695
2775 1693
2777 1685
2775 1687
2845 1658
2774 1663
2777 1662
2778 1663
2778 1665
2779 1664
2782 1697
2775 1692
2777 1684
2775 1686
2845 1659
2846 1658
2774 1662
2773 1663
2777 1661
2778 1662
2779 1665
2783 1697
2774 1692
2777 1683
2778 1684
2775 1685
2846 1657
2847 1658
2772 1663
2777 1660
2778 1661
2780 1665
2783 1698
2784 1697
2773 1692
2778 1683
2779 1684
2847 1657
2847 1659
2848 1658
2772 1662
2777 1659
2776 1660
2780 1666
2783 1699
2772 1692
2778 1682
2779 1685
2849 1658
2778 1659
2775 1660
2783 1700
2771 1692
2778 1681
2779 1682
2849 1657
2850 1658
2779 1659
2774 1660
2783 1701
2771 1691
2770 1692
2778 1680
2779 1681
2851 1658
2779 1658
2780 1659
2774 1659
2783 1702
2771 1690
2778 1679
2851 1657
2852 1658
2779 1657
2781 1659
2774 1658
2783 1703
2771 1689
2770 1690
2777 1679
2852 1659
2853 1658
2779 1656
2781 1660
2782 1659
2773 1658
2775 1658
2783 1704
2770 1689
2776 1679
2852 1660
2854 1658
2783 1659
2773 1657
2783 1705
2769 1689
2775 1679
2852 1661
2854 1657
2855 1658
2783 1658
2772 1657
2782 1705
2784 1705
2768 1689
2851 1661
2853 1661
2854 1656
2855 1657
2855 1659
2784 1658
2772 1656
2771 1657
2782 1706
2785 1705
2767 1689
2850 1661
2854 1661
2854 1655
2784 1657
2771 1656
2770 1657
2781 1706
2785 1706
2786 1705
2766 1689
2850 1662
2849 1661
2853 1655
2784 1656
2770 1656
2780 1706
2785 1707
2786 1704
2766 1688
2848 1661
2853 1654
2852 1655
2784 1655
2785 1656
2770 1655
2779 1706
2785 1708
2784 1707
2786 1707
2847 1661
2853 1653
2783 1655
2785 1655
2769 1655
2779 1707
2785 1709
2786 1708
2787 1707
2847 1662
2853 1652
2769 1654
2768 1655
2779 1708
2785 1710
2852 1652
2854 1652
2769 1653
2768 1654
2778 1708
2785 1711
2784 1710
2786 1710
2852 1651
2855 1652
2769 1652
2778 1709
2777 1708
2786 1711
2787 1710
2851 1651
2855 1651
2855 1653
2769 1651
2786 1712
2788 1710
2850 1651
2855 1650
2856 1651
2769 1650
2786 1713
2789 1710
2850 1650
2850 1652
2855 1649
2854 1650
2769 1649
2785 1713
2789 1709
2790 1710
2850 1649
2850 1653
2849 1652
2855 1648
2769 1648
2770 1649
2784 1713
2790 1711
2791 1710
2850 1648
2849 1649
2855 1647
2769 1647
2783 1713
2790 1712
2848 1649
2854 1647
2768 1647
2770 1647
2783 1712
2783 1714
2791 1712
2848 1648
2847 1649
2854 1646
2768 1646
2767 1647
2770 1646
2782 1712
2783 1715
2792 1712
2848 1647
2847 1650
2846 1649
2854 1645
2768 1645
2766 1647
2770 1645
2781 1712
2783 1716
2792 1713
2848 1646
2845 1649
2854 1644
2853 1645
2767 1645
2765 1647
2770 1644
2771 1645
2781 1711
2793 1713
2847 1646
2849 1646
2844 1649
2853 1644
2855 1644
2767 1644
2765 1648
2764 1647
2770 1643
2769 1644
2794 1713
2850 1646
2844 1650
2843 1649
2852 1644
2855 1643
2767 1643
2765 1649
2764 1646
2770 1642
2794 1712
2795 1713
2844 1651
2843 1648
2842 1649
2852 1643
2855 1642
2767 1642
2766 1649
2763 1646
2771 1642
2794 1711
2795 1712
2795 1714
2844 1652
2851 1643
2856 1642
2766 1642
2762 1646
2794 1710
2795 1715
2844 1653
2843 1652
2857 1642
2765 1642
2762 1645
2762 1647
2794 1709
2795 1710
2795 1716
2794 1715
2796 1715
2844 1654
2843 1653
2845 1653
2842 1652
2857 1643
2858 1642
2764 1642
2794 1708
2793 1709
2795 1709
2796 1710
2795 1717
2843 1654
2858 1641
2859 1642
2764 1643
2763 1642
2795 1708
2797 1710
2843 1655
2842 1654
2860 1642
2764 1644
2763 1641
2762 1642
2798 1710
2861 1642
2762 1641
2761 1642
2799 1710
2861 1641
2862 1642
2762 1640
2760 1642
2800 1710
2862 1641
2862 1643
2762 1639
2760 1641
2801 1710
2863 1641
2862 1644
2763 1639
2759 1641
2802 1710
2863 1640
2864 1641
2764 1639
2758 1641
2803 1710
2863 1639
2864 1642
2764 1638
2765 1639
2758 1642
2804 1710
2862 1639
2864 1643
2764 1637
2765 1638
2758 1643
2805 1710
2861 1639
2865 1643
2763 1637
2765 1637
2766 1638
2757 1643
2861 1638
2763 1636
2765 1636
2766 1637
2756 1643
2861 1637
2765 1635
2767 1637
2756 1642
2756 1644
2755 1643
2861 1636
2765 1634
2767 1636
2768 1637
2756 1641
2754 1643
2860 1636
2862 1636
2767 1635
2768 1636
2753 1643
2860 1635
2863 1636
2767 1634
2768 1635
2752 1643
2863 1635
2767 1633
2768 1634
2751 1643
2863 1634
2864 1635
2767 1632
2751 1644
2750 1643
2862 1634
2864 1634
2767 1631
2766 1632
2750 1644
2750 1642
2865 1634
2767 1630
2765 1632
2749 1644
2750 1641
2865 1633
2766 1630
2768 1630
2765 1631
2748 1644
2750 1640
2751 1641
2866 1633
2768 1629
2764 1631
2748 1645
2747 1644
2751 1640
2752 1641
2866 1632
2867 1633
2769 1629
2747 1645
2746 1644
2866 1631
2867 1634
2770 1629
2745 1644
2865 1631
2868 1634
2770 1630
2745 1645
2864 1631
2869 1634
2770 1631
2771 1630
2745 1646
2744 1645
2864 1630
2863 1631
2869 1635
2870 1634
2772 1630
2744 1646
2743 1645
2864 1629
2863 1630
2871 1634
2773 1630
2744 1647
2742 1645
2863 1629
2865 1629
2862 1630
2872 1634
2773 1631
2774 1630
2744 1648
2743 1647
2741 1645
2863 1628
2865 1628
2872 1633
2873 1634
2773 1632
2774 1629
2744 1649
2745 1648
2741 1644
2740 1645
2863 1627
2866 1628
2873 1635
2772 1632
2774 1632
2774 1628
2775 1629
2744 1650
2743 1649
2745 1649
2741 1643
2739 1645
2863 1626
2866 1627
2867 1628
2874 1635
2771 1632
2775 1632
2773 1628
2776 1629
2743 1650
2745 1650
2741 1642
2742 1643
2739 1646
2863 1625
2868 1628
2874 1636
2775 1631
2775 1633
2773 1627
2772 1628
2776 1628
2776 1630
2777 1629
2743 1651
2746 1650
2741 1641
2742 1642
2738 1646
2868 1627
2868 1629
2875 1636
2775 1634
2773 1626
2776 1627
2777 1630
2778 1629
2742 1651
2747 1650
2740 1641
2738 1647
2869 1627
2876 1636
2775 1635
2773 1625
2775 1627
2777 1627
2777 1631
2747 1649
2747 1651
2739 1641
2737 1647
2869 1626
2876 1635
2877 1636
2775 1636
2774 1635
2772 1625
2774 1625
2775 1626
2777 1626
2778 1627
2777 1632
2778 1631
2747 1648
2748 1649
2747 1652
2739 1640
2737 1648
2736 1647
2870 1626
2877 1635
2877 1637
2878 1636
2775 1637
2772 1624
2771 1625
2774 1624
2779 1627
2777 1633
2749 1649
2746 1652
2739 1639
2737 1649
2736 1646
2871 1626
2774 1637
2772 1623
2774 1623
2780 1627
2777 1634
2738 1639
2740 1639
2736 1649
2871 1625
2871 1627
2772 1622
2771 1623
2774 1622
2781 1627
2777 1635
2738 1638
2735 1649
2871 1624
2872 1627
2770 1623
2774 1621
2781 1628
2782 1627
2777 1636
2738 1637
2737 1638
2735 1650
2734 1649
2871 1623
2870 1624
2770 1622
2770 1624
2775 1621
2783 1627
2777 1637
2778 1636
2737 1637
2734 1650
2733 1649
2770 1621
2769 1622
2776 1621
2783 1626
2783 1628
2778 1637
2779 1636
2737 1636
2736 1637
2733 1648
2732 1649
2770 1620
2771 1621
2768 1622
2777 1621
2783 1629
2778 1638
2779 1637
2780 1636
2737 1635
2735 1637
2733 1647
2731 1649
2770 1619
2768 1621
2777 1620
2783 1630
2778 1639
2781 1636
2737 1634
2738 1635
2734 1637
2733 1646
2734 1647
2770 1618
2767 1621
2777 1619
2783 1631
2781 1637
2737 1633
2738 1634
2734 1636
2733 1637
2732 1646
2770 1617
2769 1618
2766 1621
2778 1619
2784 1631
2737 1632
2739 1634
2734 1635
2733 1638
2732 1637
2731 1646
2770 1616
2765 1621
2778 1618
2779 1619
2784 1632
2737 1631
2739 1633
2733 1639
2732 1636
2730 1646
2770 1615
2769 1616
2764 1621
2778 1617
2780 1619
2784 1633
2736 1631
2739 1632
2740 1633
2733 1640
2732 1639
2734 1639
2732 1635
2729 1646
2770 1614
2764 1620
2763 1621
2780 1620
2783 1633
2785 1633
2736 1630
2741 1633
2732 1640
2734 1640
2731 1639
2728 1646
2771 1614
2763 1620
2763 1622
2762 1621
2781 1620
2783 1634
2785 1634
2786 1633
2736 1629
2742 1633
2732 1641
2734 1641
2731 1638
2730 1639
2728 1647
2727 1646
2771 1613
2763 1619
2762 1620
2763 1623
2762 1622
2782 1620
2783 1635
2782 1634
2786 1634
2786 1632
2787 1633
2736 1628
2743 1633
2734 1642
2735 1641
2728 1648
2761 1620
2783 1620
2784 1635
2781 1634
2786 1635
2787 1634
2788 1633
2736 1627
2737 1628
2743 1634
2728 1649
2783 1619
2789 1633
2736 1626
2737 1627
2743 1635
2727 1649
2783 1618
2784 1619
2789 1632
2789 1634
2790 1633
2736 1625
2738 1627
2742 1635
2727 1650
2726 1649
2783 1617
2785 1619
2789 1635
2791 1633
2739 1627
2742 1636
2741 1635
2727 1651
2726 1650
2784 1617
2789 1636
2791 1634
2739 1628
2740 1627
2727 1652
2785 1617
2789 1637
2790 1636
2792 1634
2739 1629
2741 1627
2727 1653
2786 1617
2791 1636
2738 1629
2741 1628
2742 1627
2727 1654
2786 1616
2787 1617
2791 1637
2738 1630
2742 1628
2743 1627
2727 1655
2726 1654
2786 1615
2787 1616
2788 1617
2791 1638
2792 1637
2743 1628
2743 1626
2727 1656
2728 1655
2725 1654
2786 1614
2788 1616
2793 1637
2743 1629
2743 1625
2726 1656
2729 1655
2725 1655
2786 1613
2787 1614
2789 1616
2794 1637
2743 1630
2742 1625
2726 1657
2725 1656
2724 1655
2785 1613
2787 1613
2790 1616
2795 1637
2742 1630
2744 1630
2742 1624
2741 1625
2725 1657
2723 1655
2785 1612
2787 1612
2790 1617
2791 1616
2795 1636
2745 1630
2742 1623
2741 1624
2740 1625
2724 1657
2785 1611
2787 1611
2791 1615
2796 1636
2745 1629
2742 1622
2724 1658
2784 1611
2786 1611
2787 1610
2791 1614
2796 1635
2746 1629
2742 1621
2724 1659
2723 1658
2784 1610
2783 1611
2786 1610
2787 1609
2788 1610
2790 1614
2796 1634
2746 1628
2747 1629
2742 1620
2725 1659
2782 1611
2788 1609
2790 1613
2796 1633
2747 1628
2742 1619
2725 1660
2782 1610
2781 1611
2789 1609
2790 1612
2796 1632
2742 1618
2743 1619
2725 1661
2782 1609
2780 1611
2789 1608
2790 1609
2789 1612
2796 1631
2797 1632
2741 1618
2744 1619
2726 1661
2781 1609
2789 1611
2796 1630
2897 1748
2740 1618
2727 1661
2781 1608
2796 1629
2323 520
2324 518
2740 1617
2728 1661
2781 1607
2796 1628
2795 1629
2324 519
2740 1616
2728 1662
2729 1661
2780 1607
2782 1607
2795 1628
2324 520
2740 1615
2730 1661
2779 1607
2782 1606
2795 1627
2739 1615
2741 1615
2730 1660
2731 1661
2782 1605
2795 1626
2794 1627
2738 1615
2730 1659
2731 1660
2731 1662
2782 1604
2783 1605
2795 1625
2796 1626
2737 1615
2729 1659
2731 1659
2731 1663
2732 1662
2782 1603
2781 1604
2784 1605
2795 1624
2796 1625
2737 1614
2737 1616
2736 1615
2729 1658
2731 1658
2733 1662
2784 1604
2784 1606
2785 1605
2794 1624
2796 1624
2737 1613
2737 1617
2735 1615
2728 1658
2731 1657
2733 1661
2734 1662
2785 1604
2786 1605
2793 1624
2796 1623
2738 1613
2735 1614
2735 1616
2734 1615
2731 1656
2732 1657
2733 1660
2734 1661
2734 1663
2785 1603
2786 1604
2786 1606
2787 1605
2793 1623
2792 1624
2796 1622
2797 1623
2739 1613
2735 1613
2733 1615
2732 1656
2733 1657
2787 1604
2787 1606
2793 1622
2791 1624
2796 1621
2798 1623
2740 1613
2735 1612
2732 1615
2733 1656
2734 1657
2787 1603
2788 1604
2793 1621
2790 1624
2796 1620
2741 1613
2736 1612
2732 1614
2734 1656
2788 1603
2793 1620
2794 1621
2790 1623
2790 1625
2789 1624
2796 1619
2741 1612
2736 1611
2732 1613
2731 1614
2734 1655
2788 1602
2793 1619
2792 1620
2790 1622
2789 1623
2796 1618
2797 1619
2741 1611
2742 1612
2736 1610
2730 1614
2734 1654
2788 1601
2789 1602
2792 1619
2789 1622
2797 1618
2798 1619
2741 1610
2736 1609
2730 1613
2733 1654
2788 1600
2790 1602
2789 1621
2799 1619
2741 1609
2736 1608
2735 1609
2737 1609
2730 1612
2729 1613
2732 1654
2788 1599
2790 1601
2800 1619
2742 1609
2736 1607
2737 1608
2734 1609
2731 1612
2728 1613
2732 1653
2788 1598
2791 1601
2800 1618
2801 1619
2743 1609
2735 1607
2734 1608
2728 1612
2727 1613
2732 1652
2787 1598
2791 1600
2800 1617
2801 1620
2743 1608
2743 1610
2734 1607
2727 1614
2726 1613
2786 1598
2791 1599
2800 1616
2801 1617
2743 1607
2744 1608
2744 1610
2726 1614
2725 1613
2786 1597
2785 1598
2791 1598
2792 1599
2799 1616
2802 1617
2744 1607
2744 1611
2726 1615
2786 1596
2784 1598
2791 1597
2793 1599
2802 1616
2744 1606
2744 1612
2745 1611
2725 1615
2786 1595
2783 1598
2793 1598
2802 1615
2744 1605
2744 1613
2746 1611
2725 1616
2724 1615
2785 1595
2787 1595
2783 1599
2782 1598
2793 1597
2794 1598
2802 1614
2744 1614
2743 1613
2746 1610
2747 1611
2725 1617
2723 1615
2787 1594
2783 1600
2793 1596
2795 1598
2802 1613
2803 1614
2744 1615
2745 1614
2747 1610
2747 1612
2725 1618
2724 1617
2726 1617
2787 1593
2793 1595
2795 1597
2804 1614
2748 1610
2748 1612
2725 1619
2726 1618
2788 1593
2793 1594
2792 1595
2794 1595
2804 1613
2748 1609
2749 1612
2724 1619
2726 1619
2788 1592
2793 1593
2804 1612
2748 1608
2749 1609
2724 1620
2726 1620
2727 1619
2788 1591
2803 1612
2748 1607
2750 1609
2724 1621
2723 1620
2728 1619
2788 1590
2803 1611
2750 1608
2750 1610
2723 1621
2722 1620
2728 1618
2729 1619
2788 1589
2803 1610
2750 1607
2751 1610
2723 1622
2721 1620
2728 1617
2729 1618
2730 1619
2788 1588
2802 1610
2804 1610
2752 1610
2723 1623
2720 1620
2728 1616
2729 1617
2730 1620
2788 1587
2802 1609
2804 1609
2753 1610
2720 1619
2719 1620
2731 1620
2788 1586
2787 1587
2802 1608
2805 1609
2754 1610
2720 1618
2719 1619
2732 1620
2789 1586
2786 1587
2801 1608
2805 1608
2806 1609
2754 1611
2718 1619
2732 1621
2789 1585
2790 1586
2785 1587
2805 1607
2807 1609
2754 1612
2755 1611
2718 1618
2733 1621
2789 1584
2790 1585
2784 1587
2805 1606
2807 1610
2754 1613
2718 1617
2734 1621
2790 1584
2784 1588
2805 1605
2807 1611
2808 1610
2754 1614
2717 1617
2719 1617
2734 1620
2734 1622
2735 1621
2790 1583
2805 1604
2804 1605
2806 1611
2808 1611
2754 1615
2716 1617
2719 1616
2735 1622
2736 1621
2790 1582
2791 1583
2808 1612
2753 1615
2755 1615
2716 1618
2715 1617
2720 1616
2736 1620
2790 1581
2791 1582
2792 1583
2809 1612
2753 1616
2752 1615
2755 1616
2715 1616
2714 1617
2721 1616
2790 1580
2789 1581
2792 1582
2792 1584
2809 1613
2810 1612
2753 1617
2751 1615
2755 1617
2756 1616
2715 1615
2714 1616
2713 1617
2721 1615
2791 1580
2788 1581
2792 1585
2793 1584
2810 1613
2811 1612
2753 1618
2751 1614
2757 1616
2713 1616
2712 1617
2788 1580
2792 1586
2794 1584
2810 1614
2811 1613
2753 1619
2757 1615
2757 1617
2712 1616
2787 1580
2792 1587
2794 1583
2795 1584
2712 1615
2787 1579
2786 1580
2711 1615
2787 1578
2710 1615
2787 1577
2709 1615
2788 1577
2708 1615
2788 1576
2789 1577
2708 1614
2789 1578
2790 1577
2707 1614
2790 1576
2791 1577
2707 1613
2706 1614
2790 1575
2707 1612
2706 1615
2790 1574
2791 1575
2708 1612
2705 1615
2789 1574
2792 1575
2708 1611
2789 1573
2788 1574
2792 1576
2708 1610
2789 1572
2787 1574
2709 1610
2789 1571
2787 1575
2786 1574
2709 1609
2789 1570
2790 1571
2786 1573
2785 1574
2709 1608
2789 1569
2791 1571
2786 1572
2709 1607
2710 1608
2789 1568
2791 1570
2792 1571
2786 1571
2709 1606
2711 1608
2789 1567
2790 1568
2792 1570
2792 1572
2793 1571
2785 1571
2787 1571
2709 1605
2708 1606
2712 1608
2789 1566
2788 1567
2790 1567
2793 1570
2792 1573
2793 1572
2785 1570
2709 1604
2707 1606
2713 1608
2789 1565
2790 1566
2793 1573
2785 1569
2709 1603
2708 1604
2706 1606
2713 1607
2713 1609
2789 1564
2791 1566
2793 1574
2785 1568
2710 1603
2705 1606
2714 1607
2789 1563
2792 1566
2785 1567
2710 1602
2711 1603
2705 1605
2714 1606
2788 1563
2790 1563
2792 1565
2784 1567
2786 1567
2710 1601
2712 1603
2714 1605
2715 1606
2787 1563
2792 1564
2784 1566
2783 1567
2709 1601
2712 1602
2713 1603
2714 1604
2715 1605
2786 1563
2792 1563
2784 1565
2783 1566
2708 1601
2713 1602
2715 1604
2786 1562
2785 1563
2793 1563
2784 1564
2783 1565
2708 1602
2707 1601
2714 1602
2716 1604
2786 1561
2785 1564
2784 1563
2782 1565
2707 1602
2706 1601
2714 1601
2716 1603
2717 1604
2786 1560
2787 1561
2782 1564
2781 1565
2706 1602
2706 1600
2714 1600
2717 1605
2718 1604
2786 1559
2787 1560
2780 1565
2705 1600
2714 1599
2713 1600
2715 1600
2717 1606
2786 1558
2785 1559
2780 1566
2704 1600
2713 1599
2712 1600
2786 1557
2787 1558
2784 1559
2779 1566
2704 1599
2704 1601
2703 1600
2712 1599
2785 1557
2787 1557
2784 1558
2779 1567
2704 1598
2787 1556
2788 1557
2783 1558
2779 1568
2703 1598
2788 1556
2782 1558
2780 1568
2702 1598
2789 1556
2782 1557
2782 1559
2781 1568
2701 1598
2789 1555
2782 1556
2781 1559
2781 1567
2782 1568
2701 1599
2700 1598
2790 1555
2781 1556
2701 1600
2700 1597
2699 1598
2790 1554
2781 1555
2780 1556
2701 1601
2699 1597
2698 1598
2779 1556
2701 1602
2699 1596
2697 1598
2779 1555
2779 1557
2778 1556
2702 1602
2699 1595
2698 1596
2697 1597
2697 1599
2779 1554
2778 1555
2778 1557
2777 1556
2702 1603
2698 1595
2700 1595
2696 1597
2697 1600
2779 1553
2778 1554
2777 1555
2776 1556
2702 1604
2700 1594
2697 1601
2698 1600
2779 1552
2776 1557
2703 1604
2701 1594
2697 1602
2696 1601
2698 1601
2699 1600
2779 1551
2778 1552
2780 1552
2703 1605
2701 1593
2697 1603
2779 1550
2778 1551
2701 1592
2698 1603
2780 1550
2701 1591
2780 1549
2700 1591
2780 1548
2699 1591
2780 1547
2781 1548
2699 1590
2780 1546
2782 1548
2698 1590
2780 1545
2779 1546
2782 1547
2698 1589
2780 1544
2779 1545
2778 1546
2783 1547
2698 1588
2780 1543
2778 1547
2777 1546
2783 1546
2698 1587
2780 1542
2777 1547
2777 1545
2698 1586
2779 1542
2781 1542
2776 1545
2699 1586
2778 1542
2782 1542
2775 1545
2699 1585
2700 1586
2777 1542
2782 1541
2782 1543
2775 1544
2699 1584
2700 1587
2701 1586
2777 1541
2776 1542
2782 1540
2783 1543
2699 1583
2700 1588
2702 1586
2777 1540
2782 1539
2784 1543
2699 1582
2701 1588
2702 1585
2703 1586
2776 1540
2778 1540
2782 1538
2784 1544
2785 1543
2700 1582
2702 1584
2703 1587
2704 1586
2775 1540
2779 1540
2782 1537
2783 1538
2785 1542
2786 1543
2700 1581
2701 1584
2705 1586
2775 1539
2774 1540
2779 1539
2782 1536
2781 1537
2783 1537
2785 1541
2705 1585
2706 1586
2775 1538
2781 1536
2783 1536
2785 1540
2784 1541
2705 1584
2706 1587
2707 1586
2774 1538
2776 1538
2783 1535
2785 1539
2786 1540
2704 1584
2706 1584
2706 1588
2707 1585
2773 1538
2783 1534
2784 1535
2787 1540
2704 1583
2705 1588
2707 1588
2708 1585
2773 1539
2784 1534
2787 1541
2705 1589
2707 1589
2708 1588
2708 1584
2709 1585
2772 1539
2784 1533
2788 1541
2705 1590
2708 1587
2709 1588
2710 1585
2771 1539
2784 1532
2789 1541
2705 1591
2706 1590
2710 1588
2710 1584
2711 1585
2771 1540
2770 1539
2784 1531
2783 1532
2785 1532
2789 1540
2789 1542
2705 1592
2704 1591
2710 1587
2710 1589
2711 1588
2710 1583
2712 1585
2771 1541
2770 1540
2769 1539
2786 1532
2789 1543
2705 1593
2704 1592
2710 1590
2712 1588
2710 1582
2712 1584
2713 1585
2771 1542
2769 1540
2769 1538
2786 1531
2787 1532
2789 1544
2788 1543
2705 1594
2703 1592
2709 1590
2712 1587
2713 1588
2710 1581
2711 1582
2713 1584
2714 1585
2771 1543
2772 1542
2768 1540
2786 1530
2788 1532
2789 1545
2790 1544
2703 1593
2709 1591
2714 1588
2710 1580
2712 1582
2714 1584
2715 1585
2771 1544
2770 1543
2788 1531
2789 1532
2791 1544
2703 1594
2709 1592
2714 1589
2709 1580
2712 1581
2715 1586
2771 1545
2769 1543
2789 1531
2790 1532
2792 1544
2703 1595
2710 1592
2714 1590
2715 1589
2709 1579
2712 1580
2770 1545
2772 1545
2769 1542
2769 1544
2768 1543
2790 1531
2792 1545
2703 1596
2702 1595
2714 1591
2715 1590
2708 1579
2713 1580
2770 1546
2769 1545
2790 1530
2793 1545
2704 1596
2713 1591
2708 1578
2707 1579
2714 1580
2770 1547
2790 1529
2794 1545
2712 1591
2708 1577
2707 1578
2714 1579
2714 1581
2770 1548
2771 1547
2790 1528
2791 1529
2795 1545
2706 1578
2715 1579
2714 1582
2770 1549
2769 1548
2771 1548
2772 1547
2790 1527
2792 1529
2705 1578
2715 1578
2770 1550
2772 1548
2789 1527
2792 1530
2793 1529
2705 1577
2715 1577
2771 1550
2773 1548
2789 1526
2788 1527
2793 1530
2794 1529
2705 1576
2704 1577
2715 1576
2771 1551
2789 1525
2793 1531
2795 1529
2705 1575
2704 1576
2703 1577
2714 1576
2716 1576
2772 1551
2793 1532
2796 1529
2704 1575
2706 1575
2703 1576
2702 1577
2713 1576
2717 1576
2772 1552
2773 1551
2794 1532
2797 1529
2704 1574
2703 1575
2702 1578
2701 1577
2713 1577
2717 1575
2718 1576
2773 1550
2798 1529
2704 1573
2702 1575
2701 1578
2701 1576
2717 1574
2718 1577
2798 1528
2798 1530
2704 1572
2700 1578
2717 1573
2718 1574
2799 1528
2798 1531
2704 1571
2703 1572
2705 1572
2699 1578
2717 1572
2716 1573
2799 1527
2800 1528
2798 1532
2704 1570
2703 1571
2705 1571
2706 1572
2698 1578
2717 1571
2799 1526
2798 1533
2799 1532
2703 1570
2702 1571
2706 1571
2707 1572
2698 1577
2698 1579
2717 1570
2716 1571
2800 1526
2798 1534
2800 1532
2703 1569
2701 1571
2707 1571
2698 1576
2697 1579
2717 1569
2718 1570
2800 1525
2797 1534
2799 1534
2702 1569
2701 1570
2701 1572
2700 1571
2697 1576
2697 1580
2717 1568
2800 1524
2797 1535
2796 1534
2800 1534
2701 1569
2700 1570
2701 1573
2699 1571
2697 1575
2696 1580
2717 1567
2718 1568
2801 1524
2795 1534
2800 1535
2801 1534
2700 1569
2702 1573
2696 1575
2696 1581
2717 1566
2719 1568
2802 1524
2800 1536
2801 1535
2695 1575
2695 1581
2716 1566
2718 1566
2719 1569
2802 1523
2802 1525
2803 1524
2800 1537
2695 1574
2695 1576
2694 1575
2695 1582
2715 1566
2718 1565
2720 1569
2802 1526
2804 1524
2800 1538
2695 1573
2693 1575
2694 1582
2715 1565
2721 1569
2802 1527
2804 1523
2805 1524
2694 1573
2696 1573
2714 1565
2722 1569
2802 1528
2804 1522
2694 1572
2696 1572
2714 1564
2722 1570
2723 1569
2803 1528
2804 1521
2694 1571
2693 1572
2696 1571
2697 1572
2714 1563
2713 1564
2722 1571
2723 1570
2803 1529
2804 1528
2804 1520
2803 1521
2694 1570
2692 1572
2696 1570
2698 1572
2714 1562
2713 1563
2722 1572
2721 1571
2803 1530
2805 1528
2804 1519
2802 1521
2694 1569
2692 1573
2714 1561
2715 1562
2722 1573
2723 1572
2720 1571
2803 1531
2804 1530
2805 1527
2806 1528
2804 1518
2802 1520
2801 1521
2694 1568
2691 1573
2715 1561
2722 1574
2724 1572
2803 1532
2802 1531
2807 1528
2804 1517
2801 1520
2694 1567
2695 1568
2691 1574
2690 1573
2715 1560
2722 1575
2724 1571
2724 1573
2725 1572
2803 1533
2801 1531
2804 1516
2801 1519
2800 1520
2696 1568
2691 1575
2690 1572
2689 1573
2715 1559
2716 1560
2725 1573
2726 1572
2803 1534
2805 1516
2800 1519
2696 1567
2691 1576
2690 1571
2714 1559
2717 1560
2725 1574
2726 1573
2727 1572
2803 1535
2804 1534
2805 1515
2806 1516
2800 1518
2691 1577
2690 1570
2714 1558
2717 1559
2725 1575
2727 1573
2728 1572
2803 1536
2805 1534
2806 1515
2807 1516
2799 1518
2691 1578
2690 1577
2689 1570
2714 1557
2713 1558
2718 1559
2725 1576
2727 1574
2728 1573
2804 1536
2805 1533
2805 1535
2807 1515
2807 1517
2808 1516
2799 1517
2691 1579
2688 1570
2714 1556
2718 1558
2719 1559
2726 1576
2804 1537
2808 1515
2809 1516
2691 1580
2687 1570
2713 1556
2719 1558
2720 1559
2726 1577
2804 1538
2810 1516
2691 1581
2692 1580
2686 1570
2712 1556
2720 1560
2721 1559
2726 1578
2804 1539
2810 1515
2811 1516
2692 1581
2693 1580
2686 1569
2685 1570
2712 1555
2720 1561
2721 1558
2722 1559
2725 1578
2727 1578
2803 1539
2805 1539
2812 1516
2692 1582
2686 1568
2685 1569
2685 1571
2712 1554
2711 1555
2720 1562
2722 1560
2724 1578
2728 1578
2803 1540
2802 1539
2805 1540
2812 1517
2813 1516
2686 1567
2684 1569
2685 1572
2684 1571
2712 1553
2710 1555
2719 1562
2721 1562
2723 1560
2723 1578
2728 1579
2803 1541
2806 1540
2812 1518
2813 1515
2687 1567
2683 1569
2713 1553
2710 1554
2710 1556
2709 1555
2719 1563
2721 1563
2722 1562
2723 1561
2724 1560
2723 1577
2723 1579
2728 1580
2804 1541
2806 1541
2811 1518
2814 1515
2687 1566
2708 1555
2719 1564
2721 1564
2722 1563
2724 1559
2727 1580
2804 1542
2807 1541
2811 1519
2814 1514
2687 1565
2688 1566
2708 1554
2708 1556
2707 1555
2726 1580
2804 1543
2807 1542
2810 1519
2814 1513
2815 1514
2687 1564
2686 1565
2688 1565
2708 1553
2707 1556
2726 1581
2804 1544
2805 1543
2809 1519
2815 1513
2688 1564
2685 1565
2707 1553
2706 1556
2725 1581
2803 1544
2806 1543
2809 1520
2815 1512
2816 1513
2688 1563
2707 1552
2705 1556
2724 1581
2803 1545
2809 1521
2815 1511
2817 1513
2688 1562
2706 1552
2704 1556
2724 1582
2803 1546
2809 1522
2815 1510
2818 1513
2688 1561
2687 1562
2706 1551
2704 1555
2724 1583
2723 1582
2803 1547
2809 1523
2808 1522
2810 1522
2815 1509
2818 1512
2818 1514
2689 1561
2686 1562
2706 1550
2704 1554
2703 1555
2804 1547
2810 1523
2811 1522
2819 1512
2819 1514
2689 1560
2686 1563
2706 1549
2703 1554
2705 1554
2702 1555
2804 1548
2805 1547
2820 1512
2819 1515
2689 1559
2706 1548
2706 1554
2804 1549
2821 1512
2820 1515
2688 1559
2706 1547
2804 1550
2805 1549
2821 1511
2820 1516
2688 1558
2687 1559
2706 1546
2705 1547
2806 1549
2821 1510
2821 1516
2688 1557
2687 1560
2686 1559
2706 1545
2704 1547
2807 1549
2821 1509
2820 1510
2822 1510
2822 1516
2687 1557
2689 1557
2686 1558
2706 1544
2704 1546
2703 1547
2807 1550
2808 1549
2821 1508
2819 1510
2823 1510
2822 1515
2687 1556
2686 1557
2690 1557
2707 1544
2703 1546
2703 1548
2808 1550
2809 1549
2820 1508
2819 1509
2823 1511
2824 1510
2823 1515
2687 1555
2685 1557
2691 1557
2708 1544
2702 1546
2703 1549
2702 1548
2808 1551
2820 1507
2818 1509
2824 1511
2824 1509
2824 1515
2687 1554
2684 1557
2691 1556
2708 1543
2708 1545
2701 1546
2701 1548
2808 1552
2819 1507
2824 1508
2825 1509
2824 1516
2825 1515
2686 1554
2691 1555
2709 1545
2701 1549
2700 1548
2807 1552
2809 1552
2819 1506
2825 1508
2826 1509
2824 1517
2825 1516
2826 1515
2685 1554
2691 1554
2710 1545
2700 1549
2806 1552
2809 1553
2810 1552
2818 1506
2826 1508
2826 1510
2824 1518
2825 1517
2685 1553
2691 1553
2692 1554
2711 1545
2699 1549
2809 1554
2810 1551
2818 1505
2827 1508
2826 1511
2824 1519
2823 1518
2684 1553
2711 1544
2712 1545
2699 1550
2808 1554
2810 1554
2811 1551
2818 1504
2827 1507
2828 1508
2824 1520
2822 1518
2684 1552
2683 1553
2711 1543
2699 1551
2807 1554
2810 1555
2812 1551
2818 1503
2819 1504
2828 1507
2823 1520
2822 1519
2683 1554
2698 1551
2807 1555
2810 1556
2812 1550
2812 1552
2818 1502
2828 1506
2821 1519
2683 1555
2682 1554
2698 1552
2697 1551
2807 1556
2811 1556
2813 1550
2818 1501
2828 1505
2829 1506
2821 1520
2820 1519
2682 1555
2681 1554
2698 1553
2697 1550
2806 1556
2811 1557
2812 1556
2818 1500
2828 1504
2830 1506
2820 1520
2681 1553
2680 1554
2697 1553
2699 1553
2696 1550
2806 1557
2813 1556
2818 1499
2830 1505
2830 1507
2831 1506
2820 1521
2819 1520
2681 1552
2680 1553
2680 1555
2679 1554
2697 1554
2696 1553
2700 1553
2695 1550
2806 1558
2817 1499
2819 1499
2830 1508
2832 1506
2820 1522
2818 1520
2681 1551
2680 1552
2680 1556
2678 1554
2696 1554
2694 1550
2806 1559
2817 1498
2830 1509
2831 1508
2833 1506
2820 1523
2817 1520
2681 1550
2679 1552
2679 1556
2696 1555
2694 1549
2807 1559
2817 1497
2816 1498
2830 1510
2829 1509
2832 1508
2833 1505
2833 1507
2834 1506
2819 1523
2816 1520
2681 1549
2678 1552
2679 1557
2694 1548
2808 1559
2817 1496
2816 1497
2829 1510
2833 1508
2834 1507
2819 1524
2816 1521
2815 1520
2681 1548
2680 1549
2682 1549
2677 1552
2678 1557
2695 1548
2808 1560
2817 1495
2815 1497
2835 1507
2816 1522
2815 1519
2680 1548
2676 1552
2677 1557
2808 1561
2816 1495
2818 1495
2815 1496
2835 1508
2816 1523
2815 1518
2814 1519
2679 1548
2676 1551
2675 1552
2677 1558
2808 1562
2809 1561
2819 1495
2814 1496
2835 1509
2816 1524
2817 1523
2815 1517
2816 1518
2679 1547
2674 1552
2676 1558
2807 1562
2810 1561
2819 1494
2820 1495
2813 1496
2836 1509
2815 1524
2817 1524
2679 1546
2676 1559
2675 1558
2807 1563
2810 1560
2811 1561
2819 1493
2813 1497
2812 1496
2836 1510
2817 1525
2679 1545
2680 1546
2675 1559
2675 1557
2674 1558
2811 1560
2811 1562
2818 1493
2820 1493
2813 1498
2836 1511
2678 1545
2681 1546
2675 1556
2673 1558
2811 1559
2811 1563
2812 1562
2818 1492
2821 1493
2812 1498
2836 1512
2677 1545
2682 1546
2676 1556
2673 1557
2673 1559
2812 1559
2811 1564
2812 1563
2813 1562
2821 1494
2822 1493
2812 1499
2836 1513
2835 1512
2677 1544
2676 1545
2683 1546
2676 1555
2672 1557
2673 1560
2672 1559
2812 1558
2811 1565
2813 1563
2813 1561
2811 1499
2836 1514
2837 1513
2834 1512
2677 1543
2676 1544
2675 1545
2683 1547
2684 1546
2676 1554
2671 1557
2674 1560
2671 1559
2811 1566
2814 1563
2810 1499
2838 1513
2834 1513
2675 1544
2674 1545
2684 1547
2684 1545
2671 1556
2671 1558
2674 1561
2811 1567
2812 1566
2815 1563
2809 1499
2838 1512
2675 1543
2674 1544
2674 1546
2673 1545
2685 1547
2685 1545
2671 1555
2811 1568
2810 1567
2815 1564
2809 1498
2809 1500
2838 1511
2839 1512
2674 1543
2685 1548
2686 1547
2685 1544
2670 1555
2811 1569
2812 1568
2809 1497
2808 1498
2809 1501
2840 1512
2674 1542
2673 1543
2687 1547
2685 1543
2686 1544
2669 1555
2810 1569
2812 1569
2809 1496
2807 1498
2840 1511
2840 1513
2674 1541
2672 1543
2687 1546
2687 1548
2685 1542
2669 1556
2809 1569
2807 1497
2806 1498
2841 1511
2840 1514
2672 1542
2687 1549
2688 1548
2685 1541
2669 1557
2809 1570
2808 1569
2806 1499
2842 1511
2840 1515
2671 1542
2689 1548
2685 1540
2684 1541
2668 1557
2809 1571
2808 1568
2806 1500
2805 1499
2842 1512
2843 1511
2841 1515
2670 1542
2689 1547
2667 1557
2810 1571
2807 1568
2804 1499
2842 1513
2843 1512
2841 1516
2670 1541
2669 1542
2689 1546
2690 1547
2667 1556
2667 1558
2810 1572
2807 1567
2806 1568
2804 1498
2842 1514
2843 1513
2844 1512
2842 1516
2670 1540
2669 1541
2669 1543
2689 1545
2691 1547
2666 1556
2667 1559
2811 1572
2807 1566
2806 1567
2806 1569
2804 1497
2843 1514
2845 1512
2843 1516
2670 1539
2669 1540
2669 1544
2691 1546
2665 1556
2668 1559
2811 1573
2807 1565
2806 1566
2806 1570
2803 1497
2844 1514
2846 1512
2843 1517
2668 1540
2669 1545
2670 1544
2692 1546
2665 1555
2664 1556
2668 1560
2811 1574
2806 1565
2806 1571
2805 1570
2803 1496
2845 1514
2846 1511
2844 1517
2668 1539
2668 1545
2664 1555
2663 1556
2668 1561
2810 1574
2805 1565
2805 1571
2804 1570
2803 1495
2802 1496
2846 1510
2847 1511
2667 1539
2668 1546
2667 1545
2664 1554
2662 1556
2668 1562
2669 1561
2810 1575
2809 1574
2803 1570
2801 1496
2846 1509
2667 1538
2667 1544
2666 1545
2664 1553
2662 1555
2662 1557
2668 1563
2809 1575
2808 1574
2803 1571
2802 1570
2801 1495
2801 1497
2845 1509
2666 1538
2665 1545
2663 1553
2665 1553
2662 1558
2661 1557
2669 1563
2808 1575
2807 1574
2801 1570
2801 1494
2801 1498
2800 1497
2844 1509
2665 1538
2665 1544
2665 1546
2661 1558
2670 1563
2808 1576
2807 1575
2806 1574
2801 1569
2801 1571
2802 1494
2801 1499
2799 1497
2844 1508
2665 1539
2665 1543
2664 1544
2665 1547
2670 1564
2807 1576
2806 1575
2806 1573
2805 1574
2801 1568
2801 1500
2799 1498
2844 1507
2664 1543
2663 1544
2665 1548
2670 1565
2671 1564
2804 1574
2802 1568
2801 1501
2802 1500
2844 1506
2664 1542
2663 1545
2665 1549
2666 1548
2670 1566
2669 1565
2671 1565
2804 1575
2800 1501
2845 1506
2664 1541
2662 1545
2672 1565
2804 1576
2800 1502
2846 1506
2661 1545
2804 1577
2803 1576
2800 1503
2846 1505
2846 1507
2847 1506
2661 1546
2804 1578
2846 1504
2848 1506
2661 1547
2660 1546
2845 1504
2848 1505
2848 1507
2661 1548
2659 1546
2844 1504
2848 1504
2848 1508
2662 1548
2659 1547
2658 1546
2844 1503
2849 1504
2848 1509
2662 1549
2663 1548
2658 1545
2843 1503
2850 1504
2849 1509
2662 1550
2663 1549
2658 1544
2842 1503
2850 1503
2850 1505
2851 1504
2850 1509
2662 1551
2661 1550
2658 1543
2657 1544
2659 1544
2842 1504
2850 1502
2852 1504
2850 1510
2663 1551
2660 1550
2659 1543
2656 1544
2841 1504
2850 1501
2849 1502
2853 1504
2850 1511
2851 1510
2659 1550
2660 1543
2656 1543
2656 1545
2655 1544
2841 1505
2840 1504
2850 1500
2848 1502
2852 1510
2659 1549
2660 1542
2656 1546
2654 1544
2841 1506
2840 1503
2851 1500
2847 1502
2853 1510
2661 1542
2654 1543
2654 1545
2840 1506
2842 1506
2840 1502
2847 1501
2853 1511
2854 1510
2653 1545
2839 1502
2846 1501
2854 1511
2652 1545
2839 1501
2845 1501
2651 1545
2839 1500
2651 1544
2651 1546
2650 1545
2651 1543
2650 1546
2651 1542
2650 1543
2650 1547
2649 1546
2652 1542
2649 1543
2650 1548
2649 1544
2648 1543
2648 1542
2647 1543
2647 1542
2647 1544
2647 1541
2647 1545
2647 1546
2648 1545
2646 1546
2645 1546
2644 1546
2643 1546
2643 1545
2643 1547
2642 1545
2643 1548
2642 1547
2642 1548
2641 1548
2641 1549
2640 1548
2641 1550
2640 1547
2639 1548
2640 1550
2640 1546
2639 1547
2640 1551
2640 1545
2639 1546
2641 1546
2640 1552
2640 1553
2639 1552
2641 1552
2641 1553
2638 1552
2642 1552
2642 1553
2637 1552
2642 1551
2643 1552
2642 1554
2636 1552
2643 1551
2642 1555
2635 1552
2642 1556
2641 1555
2643 1555
2634 1552
2642 1557
2640 1555
2644 1555
2634 1551
2633 1552
2642 1558
2640 1556
2639 1555
2644 1554
2645 1555
2634 1550
2633 1551
2633 1553
2642 1559
2639 1554
2638 1555
2645 1556
2634 1549
2632 1551
2633 1554
2642 1560
2641 1559
2643 1559
2638 1556
2645 1557
2646 1556
2634 1548
2631 1551
2634 1554
2642 1561
2640 1559
2645 1558
2647 1556
2635 1548
2631 1552
2634 1555
2642 1562
2640 1560
2648 1556
2635 1547
2636 1548
2631 1553
2634 1556
2635 1555
2639 1560
2649 1556
2635 1546
2631 1554
2639 1561
2649 1557
2650 1556
2635 1545
2630 1554
2639 1562
2649 1558
2650 1555
2635 1544
2634 1545
2630 1555
2629 1554
2639 1563
2638 1562
2640 1562
2649 1559
2650 1558
2650 1554
2635 1543
2636 1544
2633 1545
2630 1556
2629 1553
2639 1564
2637 1562
2649 1560
2648 1559
2651 1554
2636 1543
2633 1544
2632 1545
2629 1556
2628 1553
2638 1564
2640 1564
2637 1561
2636 1562
2649 1561
2647 1559
2652 1554
2633 1543
2631 1545
2629 1557
2628 1552
2627 1553
2636 1561
2635 1562
2646 1559
2653 1554
2629 1558
2626 1553
2636 1560
2635 1561
2635 1563
2653 1553
2654 1554
2629 1559
2626 1552
2625 1553
2634 1563
2655 1554
2629 1560
2624 1553
2633 1563
2655 1553
2655 1555
2656 1554
2630 1560
2624 1552
2633 1564
2655 1552
2655 1556
2656 1555
2623 1552
2632 1564
2654 1556
2623 1551
2622 1552
2632 1565
2653 1556
2623 1550
2621 1552
2631 1565
2622 1550
2624 1550
2621 1553
2620 1552
2630 1565
2621 1550
2620 1553
2630 1564
2630 1566
2620 1550
2620 1554
2629 1564
2620 1549
2620 1555
2628 1564
2620 1548
2619 1549
2620 1556
2619 1555
2628 1565
2620 1547
2619 1548
2621 1548
2621 1556
2618 1555
2627 1565
2620 1546
2619 1547
2622 1548
2621 1557
2622 1556
2617 1555
2627 1566
2626 1565
2618 1547
2622 1547
2623 1548
2621 1558
2617 1554
2627 1567
2625 1565
2622 1546
2621 1559
2620 1558
2622 1558
2617 1553
2627 1568
2625 1566
2624 1565
2622 1545
2623 1546
2620 1559
2616 1553
2628 1568
2625 1567
2624 1566
2624 1564
2622 1544
2624 1546
2619 1559
2615 1553
2628 1569
2625 1568
2624 1567
2624 1563
2621 1544
2624 1547
2625 1546
2618 1559
2615 1552
2614 1553
2625 1569
2624 1562
2621 1543
2620 1544
2625 1545
2617 1559
2615 1551
2614 1552
2613 1553
2625 1570
2624 1561
2621 1542
2620 1543
2619 1544
2626 1545
2617 1558
2617 1560
2615 1550
2616 1551
2625 1571
2625 1561
2621 1541
2622 1542
2619 1543
2617 1557
2616 1558
2614 1550
2616 1550
2625 1572
2624 1571
2626 1561
2620 1541
2619 1542
2615 1558
2613 1550
2617 1550
2625 1573
2623 1571
2620 1540
2619 1541
2618 1542
2615 1559
2614 1558
2612 1550
2618 1550
2625 1574
2620 1539
2617 1542
2614 1559
2613 1558
2612 1549
2611 1550
2618 1551
2625 1575
2624 1574
2620 1538
2621 1539
2616 1542
2613 1557
2612 1548
2611 1551
2625 1576
2624 1575
2626 1575
2623 1574
2620 1537
2622 1539
2616 1543
2612 1557
2612 1547
2610 1551
2625 1577
2627 1575
2620 1536
2621 1537
2615 1543
2611 1547
2610 1552
2609 1551
2625 1578
2624 1577
2620 1535
2610 1553
2609 1550
2625 1579
2623 1577
2620 1534
2619 1535
2610 1554
2609 1553
2609 1549
2608 1550
2624 1579
2626 1579
2622 1577
2619 1534
2621 1534
2610 1555
2608 1553
2609 1548
2608 1549
2607 1550
2627 1579
2621 1577
2619 1533
2618 1534
2622 1534
2610 1556
2611 1555
2608 1554
2607 1553
2606 1550
2627 1578
2620 1577
2618 1533
2622 1533
2622 1535
2608 1555
2607 1554
2605 1550
2628 1578
2619 1577
2617 1533
2622 1532
2623 1533
2606 1554
2605 1549
2629 1578
2616 1533
2624 1533
2605 1554
2605 1548
2604 1549
2629 1579
2615 1533
2624 1532
2625 1533
2604 1554
2603 1549
2629 1580
2630 1579
2615 1532
2615 1534
2626 1533
2604 1555
2603 1550
2602 1549
2631 1579
2614 1532
2614 1534
2604 1556
2603 1551
2631 1580
2613 1532
2604 1557
2602 1551
2604 1551
2631 1581
2613 1531
2612 1532
2603 1557
2601 1551
2604 1552
2631 1582
2613 1530
2612 1533
2611 1532
2603 1558
2601 1552
2600 1551
2632 1582
2613 1529
2612 1534
2603 1559
2601 1553
2600 1552
2600 1550
2632 1583
2633 1582
2613 1528
2603 1560
2600 1553
2632 1584
2634 1582
2613 1527
2602 1560
2599 1553
2632 1585
2634 1581
2635 1582
2612 1527
2614 1527
2602 1561
2601 1560
2598 1553
2633 1585
2636 1582
2612 1526
2615 1527
2601 1561
2600 1560
2598 1552
2598 1554
2597 1553
2633 1586
2612 1525
2615 1528
2600 1561
2633 1587
2612 1524
2613 1525
2615 1529
2616 1528
2599 1561
2633 1588
2632 1587
2634 1587
2612 1523
2614 1525
2598 1561
2631 1587
2635 1587
2612 1522
2613 1523
2598 1560
2630 1587
2636 1587
2612 1521
2614 1523
2598 1559
2597 1560
2629 1587
2636 1588
2611 1521
2615 1523
2596 1560
2629 1586
2610 1521
2616 1523
2596 1559
2628 1586
2610 1522
2609 1521
2616 1524
2617 1523
2596 1558
2595 1559
2627 1586
2609 1520
2608 1521
2617 1522
2618 1523
2594 1559
2627 1585
2627 1587
2607 1521
2617 1521
2618 1524
2594 1558
2626 1585
2627 1588
2607 1520
2607 1522
2618 1521
2619 1524
2593 1558
2625 1585
2606 1520
2618 1520
2620 1524
2592 1558
2625 1584
2606 1519
2618 1519
2620 1525
2592 1557
2592 1559
2624 1584
2606 1518
2618 1518
2592 1556
2591 1557
2623 1584
2606 1517
2605 1518
2607 1518
2618 1517
2593 1556
2590 1557
2623 1583
2606 1516
2604 1518
2608 1518
2618 1516
2589 1557
2622 1583
2607 1516
2604 1517
2604 1519
2608 1519
2618 1515
2588 1557
2622 1582
2621 1583
2604 1516
2618 1514
2617 1515
2588 1558
2587 1557
2620 1583
2604 1515
2618 1513
2616 1515
2588 1559
2586 1557
2620 1582
2620 1584
2604 1514
2603 1515
2617 1513
2619 1513
2616 1516
2588 1560
2585 1557
2605 1514
2602 1515
2619 1512
2616 1517
2585 1556
2585 1558
2602 1514
2602 1516
2620 1512
2615 1517
2584 1556
2585 1559
2602 1517
2601 1516
2621 1512
2614 1517
2583 1556
2586 1559
2602 1518
2600 1516
2622 1512
2614 1516
2613 1517
2583 1555
2586 1560
2600 1517
2622 1511
2622 1513
2613 1516
2613 1518
2583 1554
2582 1555
2586 1561
2600 1518
2599 1517
2622 1510
2622 1514
2623 1513
2613 1515
2612 1516
2613 1519
2584 1554
2581 1555
2586 1562
2599 1518
2623 1510
2621 1514
2624 1513
2613 1520
2585 1554
2581 1556
2580 1555
2587 1562
2599 1519
2598 1518
2623 1509
2624 1510
2620 1514
2624 1512
2624 1514
2585 1553
2586 1554
2580 1556
2587 1563
2597 1518
2623 1508
2625 1512
2624 1515
2585 1552
2587 1554
2580 1557
2588 1563
2597 1519
2624 1508
2625 1515
2585 1551
2586 1552
2587 1555
2588 1564
2596 1519
2625 1508
2625 1516
2587 1552
2589 1564
2596 1520
2595 1519
2625 1507
2625 1517
2588 1552
2589 1565
2596 1521
2595 1518
2594 1519
2625 1506
2625 1518
2624 1517
2626 1517
2590 1565
2596 1522
2595 1517
2593 1519
2625 1505
2626 1506
2623 1517
2590 1566
2591 1565
2595 1522
2597 1522
2595 1516
2593 1518
2625 1504
2624 1505
2627 1506
2590 1567
2591 1566
2592 1565
2595 1523
2597 1523
2598 1522
2595 1515
2594 1516
2625 1503
2624 1504
2627 1507
2590 1568
2589 1567
2591 1567
2594 1523
2597 1524
2598 1521
2593 1516
2626 1503
2623 1504
2627 1508
2588 1567
2592 1567
2594 1524
2597 1525
2596 1524
2598 1524
2593 1515
2592 1516
2626 1502
2622 1504
2588 1568
2587 1567
2593 1567
2593 1524
2597 1526
2599 1524
2593 1514
2592 1515
2626 1501
2588 1569
2587 1568
2586 1567
2594 1567
2592 1524
2597 1527
2600 1524
2593 1513
2626 1500
2627 1501
2587 1569
2589 1569
2594 1568
2592 1523
2591 1524
2597 1528
2600 1525
2594 1513
2586 1569
2589 1570
2595 1568
2590 1524
2598 1528
2594 1512
2590 1570
2596 1568
2590 1523
2590 1525
2599 1528
2595 1512
2591 1570
2597 1568
2590 1522
2589 1523
2590 1526
2599 1527
2600 1528
2595 1511
2591 1571
2598 1568
2590 1521
2589 1522
2588 1523
2590 1527
2595 1510
2592 1571
2598 1569
2599 1568
2589 1521
2591 1521
2588 1522
2588 1524
2594 1510
2596 1510
2592 1572
2598 1570
2599 1569
2600 1568
2588 1521
2591 1520
2587 1522
2588 1525
2594 1509
2596 1509
2597 1510
2598 1571
2597 1570
2600 1569
2600 1567
2588 1520
2586 1522
2588 1526
2587 1525
2597 1509
2597 1511
2598 1510
2597 1571
2599 1571
2600 1570
2601 1569
2601 1567
2586 1521
2585 1522
2587 1526
2586 1525
2598 1509
2597 1512
2599 1510
2597 1572
2601 1566
2602 1567
2586 1520
2585 1521
2599 1509
2598 1512
2602 1566
2602 1568
2603 1567
2585 1520
2599 1508
2600 1509
2603 1568
2585 1519
2584 1520
2599 1507
2601 1509
2604 1568
2585 1518
2600 1507
2602 1509
2604 1569
2605 1568
2584 1518
2586 1518
2603 1509
2604 1570
2584 1517
2587 1518
2604 1509
2604 1571
2603 1570
2584 1516
2587 1519
2588 1518
2604 1508
2604 1572
2603 1571
2605 1571
2584 1515
2583 1516
2589 1518
2604 1507
2605 1508
2604 1573
2606 1571
2584 1514
2583 1515
2585 1515
2589 1517
2589 1519
2604 1506
2605 1507
2604 1574
2606 1570
2584 1513
2582 1515
2586 1515
2590 1519
2604 1505
2606 1507
2603 1574
2605 1574
2585 1513
2586 1514
2604 1504
2606 1506
2603 1575
2585 1512
2586 1513
2587 1514
2604 1503
2603 1504
2603 1576
2585 1511
2586 1512
2604 1502
2602 1504
2602 1576
2585 1510
2586 1511
2587 1512
2605 1502
2602 1503
2601 1576
2585 1509
2587 1511
2606 1502
2602 1502
2601 1577
2584 1509
2586 1509
2602 1501
2601 1578
2584 1508
2583 1509
2601 1501
2601 1579
2583 1508
2601 1500
2601 1580
2600 1579
2602 1579
2582 1508
2601 1499
2601 1581
2581 1508
2600 1499
2601 1582
2581 1509
2580 1508
2599 1499
2601 1583
2600 1582
2602 1582
2579 1508
2599 1500
2600 1583
2603 1582
2579 1509
2578 1508
2599 1501
2598 1500
2600 1584
2599 1583
2603 1583
2604 1582
2577 1508
2597 1500
2598 1583
2605 1582
2577 1509
2576 1508
2597 1499
2597 1583
2605 1583
2606 1582
2576 1509
2596 1499
2597 1582
2606 1583
2575 1509
2596 1498
2597 1581
2607 1583
2574 1509
2595 1498
2596 1581
2608 1583
2574 1508
2574 1510
2595 1497
2594 1498
2595 1581
2609 1583
2574 1507
2574 1511
2595 1496
2593 1498
2595 1580
2595 1582
2594 1581
2609 1584
2610 1583
2574 1506
2573 1511
2575 1511
2595 1495
2594 1496
2596 1496
2593 1499
2592 1498
2595 1579
2595 1583
2611 1583
2573 1506
2575 1512
2594 1495
2596 1495
2593 1496
2597 1496
2592 1499
2595 1578
2596 1579
2594 1583
2611 1584
2572 1506
2575 1513
2593 1495
2596 1494
2598 1496
2591 1499
2596 1578
2594 1584
2593 1583
2611 1585
2572 1507
2571 1506
2575 1514
2592 1495
2599 1496
2590 1499
2592 1583
2611 1586
2612 1585
2572 1508
2571 1505
2570 1506
2575 1515
2574 1514
2591 1495
2599 1497
2591 1583
2611 1587
2612 1586
2613 1585
2572 1509
2571 1504
2573 1514
2591 1494
2590 1495
2590 1583
2611 1588
2612 1587
2614 1585
2571 1509
2571 1503
2573 1515
2572 1514
2591 1493
2590 1582
2610 1588
2614 1586
2571 1502
2571 1514
2590 1493
2592 1493
2590 1581
2609 1588
2614 1587
2571 1501
2570 1514
2590 1492
2589 1493
2593 1493
2590 1580
2591 1581
2609 1587
2608 1588
2614 1588
2615 1587
2571 1500
2572 1501
2570 1515
2593 1492
2589 1580
2591 1580
2608 1589
2616 1587
2571 1499
2570 1500
2573 1501
2570 1516
2593 1491
2588 1580
2591 1579
2617 1587
2571 1498
2572 1499
2569 1500
2570 1517
2592 1491
2587 1580
2618 1587
2571 1497
2570 1498
2573 1499
2569 1501
2568 1500
2569 1517
2571 1517
2592 1490
2586 1580
2618 1588
2569 1498
2574 1499
2569 1502
2568 1499
2567 1500
2568 1517
2572 1517
2592 1489
2586 1581
2569 1497
2569 1503
2568 1502
2567 1499
2566 1500
2567 1517
2572 1516
2572 1518
2573 1517
2592 1488
2593 1489
2585 1581
2569 1496
2568 1497
2569 1504
2567 1498
2566 1517
2572 1519
2573 1518
2591 1488
2593 1488
2594 1489
2585 1582
2584 1581
2569 1495
2567 1497
2566 1498
2566 1516
2566 1518
2593 1487
2595 1489
2585 1583
2584 1582
2584 1580
2569 1494
2570 1495
2566 1497
2566 1515
2593 1486
2594 1487
2596 1489
2586 1583
2583 1580
2568 1494
2571 1495
2566 1496
2565 1497
2566 1514
2593 1485
2597 1489
2587 1583
2582 1580
2571 1494
2566 1495
2565 1496
2564 1497
2565 1514
2593 1484
2597 1488
2597 1490
2588 1583
2581 1580
2572 1494
2566 1494
2565 1495
2563 1497
2564 1514
2592 1484
2594 1484
2598 1488
2588 1584
2580 1580
2572 1493
2565 1494
2563 1496
2562 1497
2564 1513
2564 1515
2592 1483
2595 1484
2599 1488
2580 1581
2579 1580
2572 1492
2565 1493
2563 1495
2562 1498
2561 1497
2564 1512
2563 1515
2592 1482
2595 1483
2600 1488
2579 1579
2578 1580
2573 1492
2562 1499
2561 1498
2560 1497
2564 1511
2563 1516
2562 1515
2592 1481
2593 1482
2596 1483
2601 1488
2579 1578
2578 1581
2562 1500
2561 1499
2560 1496
2564 1510
2563 1517
2562 1516
2591 1481
2593 1481
2594 1482
2597 1483
2601 1487
2601 1489
2579 1577
2578 1578
2578 1582
2577 1581
2560 1499
2560 1495
2565 1510
2563 1518
2591 1480
2593 1480
2598 1483
2601 1486
2601 1490
2602 1489
2580 1577
2577 1578
2577 1582
2560 1500
2559 1499
2559 1495
2565 1509
2566 1510
2562 1518
2564 1518
2593 1479
2594 1480
2600 1486
2601 1491
2603 1489
2580 1576
2581 1577
2576 1578
2576 1582
2559 1500
2558 1499
2559 1494
2565 1508
2567 1510
2561 1518
2601 1492
2602 1491
2580 1575
2581 1576
2582 1577
2576 1577
2575 1582
2557 1499
2559 1493
2564 1508
2561 1519
2603 1491
2579 1575
2575 1577
2575 1583
2557 1500
2556 1499
2558 1493
2560 1493
2564 1507
2561 1520
2560 1519
2604 1491
2579 1574
2574 1583
2557 1501
2556 1498
2555 1499
2557 1493
2560 1492
2564 1506
2561 1521
2605 1491
2579 1573
2574 1584
2558 1501
2555 1500
2554 1499
2557 1492
2557 1494
2556 1493
2565 1506
2561 1522
2605 1490
2605 1492
2578 1573
2573 1584
2558 1502
2554 1500
2553 1499
2557 1491
2565 1505
2566 1506
2561 1523
2562 1522
2605 1489
2606 1492
2578 1572
2572 1584
2558 1503
2553 1500
2553 1498
2552 1499
2556 1491
2558 1491
2566 1505
2567 1506
2561 1524
2562 1523
2605 1488
2606 1493
2607 1492
2578 1571
2577 1572
2572 1585
2557 1503
2553 1501
2552 1498
2555 1491
2558 1490
2566 1504
2568 1506
2561 1525
2563 1523
2605 1487
2606 1488
2607 1493
2608 1492
2576 1572
2571 1585
2557 1504
2556 1503
2552 1501
2552 1497
2554 1491
2559 1490
2566 1503
2560 1525
2563 1524
2564 1523
2605 1486
2606 1487
2607 1488
2607 1494
2575 1572
2571 1586
2570 1585
2557 1505
2555 1503
2551 1501
2552 1496
2553 1491
2559 1489
2560 1526
2605 1485
2607 1487
2607 1489
2608 1488
2574 1572
2571 1587
2569 1585
2558 1505
2554 1503
2550 1501
2552 1495
2551 1496
2559 1488
2559 1526
2605 1484
2607 1486
2608 1487
2608 1489
2609 1488
2574 1571
2573 1572
2571 1588
2569 1586
2558 1506
2554 1504
2549 1501
2553 1495
2550 1496
2559 1487
2559 1527
2558 1526
2605 1483
2609 1487
2608 1490
2610 1488
2572 1588
2568 1586
2558 1507
2549 1502
2549 1496
2559 1486
2559 1528
2557 1526
2604 1483
2606 1483
2610 1487
2611 1488
2573 1588
2568 1587
2567 1586
2557 1507
2549 1495
2548 1496
2559 1485
2558 1486
2559 1529
2558 1528
2560 1528
2557 1527
2606 1482
2610 1486
2611 1487
2573 1589
2566 1586
2556 1507
2547 1496
2559 1484
2558 1485
2560 1485
2559 1530
2607 1482
2612 1487
2566 1585
2566 1587
2555 1507
2547 1497
2546 1496
2559 1483
2561 1485
2559 1531
2612 1486
2613 1487
2565 1585
2565 1587
2555 1506
2555 1508
2554 1507
2547 1498
2545 1496
2559 1482
2562 1485
2559 1532
2560 1531
2612 1485
2613 1488
2555 1509
2554 1508
2553 1507
2547 1499
2546 1498
2548 1498
2558 1482
2559 1533
2561 1531
2612 1484
2613 1489
2555 1510
2554 1509
2556 1509
2547 1500
2545 1498
2549 1498
2558 1481
2557 1482
2559 1534
2558 1533
2561 1530
2612 1483
2614 1489
2554 1510
2556 1510
2557 1509
2547 1501
2548 1500
2558 1480
2557 1483
2558 1534
2560 1534
2557 1533
2613 1483
2615 1489
2553 1510
2557 1510
2546 1501
2558 1479
2559 1480
2557 1484
2558 1535
2561 1534
2556 1533
2613 1482
2614 1483
2616 1489
2553 1511
2558 1510
2546 1502
2545 1501
2557 1479
2559 1479
2560 1480
2556 1484
2558 1536
2561 1535
2615 1483
2617 1489
2553 1512
2559 1510
2545 1502
2544 1501
2556 1479
2561 1480
2555 1484
2558 1537
2557 1536
2562 1535
2616 1483
2617 1490
2618 1489
2553 1513
2554 1512
2559 1509
2545 1503
2543 1501
2556 1478
2561 1479
2555 1483
2554 1484
2558 1538
2556 1536
2563 1535
2617 1483
2617 1491
2619 1489
2553 1514
2552 1513
2554 1513
2555 1512
2560 1509
2543 1500
2555 1478
2554 1485
2553 1484
2558 1539
2559 1538
2555 1536
2563 1534
2563 1536
2617 1482
2617 1492
2616 1491
2619 1488
2620 1489
2553 1515
2551 1513
2555 1513
2556 1512
2560 1508
2561 1509
2542 1500
2554 1478
2553 1485
2553 1483
2557 1539
2563 1533
2563 1537
2618 1482
2619 1487
2620 1488
2552 1515
2551 1512
2550 1513
2556 1513
2557 1512
2561 1508
2561 1510
2541 1500
2554 1477
2553 1478
2553 1486
2556 1539
2562 1533
2564 1533
2563 1538
2564 1537
2618 1481
2619 1486
2621 1488
2551 1515
2556 1514
2557 1513
2558 1512
2561 1511
2554 1476
2553 1487
2552 1486
2556 1540
2565 1533
2618 1480
2619 1485
2620 1486
2622 1488
2550 1515
2560 1511
2562 1511
2554 1475
2553 1488
2551 1486
2556 1541
2565 1532
2566 1533
2618 1479
2619 1480
2621 1486
2622 1489
2623 1488
2549 1515
2553 1475
2552 1488
2551 1487
2556 1542
2555 1541
2565 1531
2566 1534
2567 1533
2618 1478
2619 1479
2622 1490
2623 1487
2624 1488
2549 1514
2549 1516
2552 1475
2550 1487
2556 1543
2555 1542
2557 1542
2554 1541
2564 1531
2566 1531
2566 1535
2567 1534
2568 1533
2618 1477
2622 1491
2623 1486
2624 1487
2625 1488
2549 1517
2551 1475
2549 1487
2555 1543
2554 1542
2558 1542
2553 1541
2565 1535
2568 1534
2568 1532
2569 1533
2618 1476
2617 1477
2622 1492
2625 1487
2549 1518
2548 1517
2551 1474
2551 1476
2549 1486
2549 1488
2548 1487
2553 1542
2558 1541
2559 1542
2553 1540
2568 1531
2570 1533
2619 1476
2622 1493
2547 1517
2550 1474
2550 1476
2547 1487
2553 1543
2553 1539
2568 1530
2569 1531
2570 1532
2571 1533
2619 1475
2620 1476
2623 1493
2547 1516
2547 1518
2549 1476
2547 1488
2553 1544
2552 1539
2572 1533
2619 1474
2620 1477
2623 1494
2624 1493
2546 1516
2548 1476
2552 1544
2554 1544
2551 1539
2620 1474
2623 1495
2548 1475
2548 1477
2551 1544
2551 1538
2550 1539
2620 1473
2621 1474
2548 1474
2548 1478
2551 1543
2550 1544
2551 1537
2550 1538
2550 1540
2622 1474
2548 1473
2547 1474
2548 1479
2549 1478
2550 1545
2552 1537
2549 1538
2550 1541
2549 1540
2623 1474
2548 1472
2548 1480
2547 1479
2549 1479
2550 1546
2549 1545
2552 1536
2548 1538
2550 1542
2624 1474
2548 1471
2549 1472
2549 1480
2546 1479
2550 1547
2553 1536
2548 1537
2624 1473
2548 1470
2546 1480
2549 1547
2551 1547
2548 1536
2547 1537
2624 1472
2625 1473
2549 1470
2546 1481
2545 1480
2548 1547
2623 1472
2626 1473
2549 1469
2546 1482
2547 1481
2548 1548
2547 1547
2623 1471
2627 1473
2549 1468
2546 1483
2547 1482
2547 1548
2623 1470
2627 1474
2628 1473
2550 1468
2545 1483
2546 1548
2623 1469
2622 1470
2624 1470
2628 1474
2628 1472
2545 1484
2546 1549
2545 1548
2623 1468
2622 1469
2628 1475
2544 1484
2546 1550
2623 1467
2629 1475
2543 1484
2545 1550
2622 1467
2629 1476
2630 1475
2543 1485
2542 1484
2545 1551
2544 1550
2622 1466
2621 1467
2629 1477
2631 1475
2543 1486
2542 1483
2545 1552
2544 1549
2543 1550
2621 1468
2629 1478
2628 1477
2630 1477
2631 1474
2542 1486
2542 1482
2545 1553
2543 1551
2620 1468
2627 1477
2631 1477
2632 1474
2541 1486
2542 1481
2541 1482
2543 1552
2619 1468
2631 1478
2633 1474
2541 1487
2541 1481
2543 1481
2540 1482
2543 1553
2542 1552
2619 1467
2619 1469
2631 1479
2632 1478
2634 1474
2541 1488
2540 1487
2540 1483
2539 1482
2543 1554
2619 1466
2618 1469
2631 1480
2630 1479
2635 1474
2540 1488
2539 1487
2539 1481
2543 1555
2542 1554
2618 1466
2620 1466
2618 1470
2617 1469
2631 1481
2632 1480
2635 1473
2635 1475
2540 1489
2539 1488
2539 1480
2538 1481
2542 1555
2544 1555
2617 1466
2620 1465
2616 1469
2631 1482
2633 1480
2635 1472
2636 1473
2635 1476
2540 1490
2539 1489
2539 1479
2537 1481
2541 1555
2544 1556
2545 1555
2616 1466
2620 1464
2616 1468
2615 1469
2630 1482
2632 1482
2633 1479
2633 1481
2634 1472
2637 1473
2635 1477
2636 1476
2540 1491
2539 1478
2540 1479
2536 1481
2541 1556
2540 1555
2544 1557
2546 1555
2616 1467
2615 1466
2619 1464
2615 1468
2615 1470
2630 1483
2632 1483
2633 1472
2637 1472
2637 1474
2635 1478
2541 1491
2539 1477
2541 1479
2535 1481
2541 1557
2540 1556
2539 1555
2543 1557
2545 1557
2547 1555
2615 1467
2614 1466
2619 1463
2614 1470
2630 1484
2632 1484
2633 1471
2632 1472
2637 1471
2638 1472
2637 1475
2635 1479
2541 1492
2542 1491
2539 1476
2535 1482
2534 1481
2541 1558
2539 1556
2543 1558
2545 1558
2547 1554
2547 1556
2548 1555
2613 1466
2618 1463
2614 1471
2630 1485
2632 1485
2633 1484
2633 1470
2632 1471
2631 1472
2636 1471
2639 1472
2541 1493
2542 1490
2539 1475
2538 1476
2534 1482
2541 1559
2538 1556
2545 1559
2546 1558
2548 1554
2613 1465
2612 1466
2617 1463
2630 1486
2629 1485
2632 1486
2633 1469
2632 1470
2630 1472
2636 1470
2639 1473
2541 1494
2540 1493
2539 1474
2534 1483
2538 1557
2537 1556
2545 1560
2546 1559
2613 1464
2617 1462
2631 1486
2628 1485
2632 1487
2632 1469
2636 1469
2640 1473
2541 1495
2540 1494
2538 1474
2540 1474
2534 1484
2538 1558
2537 1557
2546 1560
2613 1463
2612 1464
2627 1485
2633 1487
2632 1468
2637 1469
2641 1473
2540 1495
2537 1474
2540 1473
2534 1485
2533 1484
2538 1559
2546 1561
2611 1464
2627 1486
2634 1487
2632 1467
2539 1495
2537 1473
2541 1473
2534 1486
2532 1484
2538 1560
2539 1559
2546 1562
2611 1463
2611 1465
2610 1464
2634 1488
2632 1466
2538 1495
2537 1472
2541 1472
2542 1473
2535 1486
2531 1484
2538 1561
2537 1560
2546 1563
2547 1562
2610 1463
2635 1488
2632 1465
2631 1466
2537 1471
2541 1471
2542 1472
2542 1474
2543 1473
2535 1487
2536 1486
2531 1485
2538 1562
2539 1561
2536 1560
2546 1564
2545 1563
2548 1562
2609 1463
2635 1489
2636 1488
2632 1464
2630 1466
2537 1470
2540 1471
2542 1471
2542 1475
2543 1474
2535 1488
2531 1486
2537 1562
2540 1561
2535 1560
2546 1565
2608 1463
2635 1490
2637 1488
2632 1463
2629 1466
2537 1469
2543 1471
2544 1474
2531 1487
2530 1486
2532 1486
2536 1562
2534 1560
2546 1566
2607 1463
2634 1490
2638 1488
2632 1462
2629 1465
2536 1469
2544 1471
2545 1474
2531 1488
2529 1486
2534 1561
2533 1560
2547 1566
2606 1463
2634 1491
2638 1489
2632 1461
2633 1462
2536 1468
2535 1469
2545 1471
2530 1488
2529 1487
2528 1486
2532 1560
2547 1567
2548 1566
2606 1462
2606 1464
2638 1490
2639 1489
2631 1461
2634 1462
2536 1467
2535 1470
2534 1469
2545 1470
2529 1488
2528 1485
2527 1486
2531 1560
2547 1568
2606 1461
2605 1462
2638 1491
2637 1490
2640 1489
2631 1460
2536 1466
2535 1471
2533 1469
2529 1489
2528 1484
2531 1559
2531 1561
2606 1460
2607 1461
2604 1462
2638 1492
2641 1489
2631 1459
2535 1466
2535 1472
2533 1470
2532 1469
2529 1490
2529 1484
2531 1558
2530 1561
2606 1459
2605 1460
2603 1462
2638 1493
2637 1492
2639 1492
2641 1488
2641 1490
2631 1458
2535 1465
2535 1473
2532 1470
2531 1469
2529 1491
2529 1483
2530 1558
2530 1562
2606 1458
2607 1459
2603 1461
2602 1462
2638 1494
2640 1492
2641 1487
2632 1458
2535 1464
2535 1474
2534 1473
2532 1471
2531 1470
2530 1469
2529 1492
2528 1491
2530 1491
2529 1482
2530 1557
2529 1558
2530 1563
2606 1457
2607 1458
2602 1463
2601 1462
2638 1495
2639 1494
2641 1492
2641 1486
2633 1458
2534 1464
2536 1464
2532 1472
2531 1471
2530 1470
2529 1469
2530 1492
2529 1481
2530 1556
2528 1558
2606 1456
2608 1458
2602 1464
2600 1462
2637 1495
2639 1495
2642 1492
2641 1485
2633 1457
2634 1458
2537 1464
2532 1473
2530 1471
2530 1493
2530 1555
2528 1559
2606 1455
2605 1456
2607 1456
2609 1458
2601 1464
2603 1464
2600 1461
2637 1496
2640 1495
2642 1491
2643 1492
2642 1485
2633 1456
2634 1457
2635 1458
2537 1463
2538 1464
2532 1474
2529 1471
2530 1494
2530 1554
2529 1555
2527 1559
2606 1454
2608 1456
2610 1458
2603 1465
2600 1460
2637 1497
2641 1495
2644 1492
2632 1456
2634 1456
2635 1459
2636 1458
2539 1464
2529 1472
2528 1471
2529 1494
2531 1494
2530 1553
2528 1555
2606 1453
2608 1455
2610 1457
2610 1459
2603 1466
2599 1460
2601 1460
2636 1497
2642 1495
2631 1456
2634 1455
2635 1460
2637 1458
2540 1464
2528 1472
2528 1470
2529 1495
2528 1494
2531 1495
2529 1553
2531 1553
2527 1555
2607 1453
2611 1457
2610 1460
2603 1467
2604 1466
2598 1460
2635 1497
2642 1494
2643 1495
2630 1456
2636 1460
2541 1464
2527 1470
2529 1496
2527 1494
2532 1495
2529 1552
2526 1555
2610 1461
2603 1468
2602 1467
2605 1466
2598 1461
2597 1460
2634 1497
2643 1494
2643 1496
2630 1455
2636 1461
2637 1460
2541 1463
2541 1465
2542 1464
2527 1469
2529 1497
2527 1495
2526 1494
2532 1496
2533 1495
2529 1551
2525 1555
2609 1461
2601 1467
2605 1465
2606 1466
2598 1462
2597 1459
2596 1460
2634 1496
2634 1498
2643 1497
2638 1460
2542 1463
2542 1465
2543 1464
2526 1469
2529 1498
2528 1497
2526 1493
2525 1494
2529 1550
2528 1551
2530 1551
2525 1554
2524 1555
2601 1466
2601 1468
2597 1462
2597 1458
2595 1460
2633 1496
2634 1499
2644 1497
2638 1459
2638 1461
2639 1460
2542 1462
2544 1464
2525 1469
2529 1499
2526 1492
2524 1494
2529 1549
2525 1553
2524 1554
2597 1457
2595 1459
2594 1460
2634 1500
2633 1499
2645 1497
2639 1459
2543 1462
2544 1465
2525 1468
2528 1499
2525 1492
2527 1492
2524 1493
2523 1494
2529 1548
2525 1552
2526 1553
2523 1554
2594 1459
2634 1501
2646 1497
2640 1459
2543 1461
2544 1462
2545 1465
2525 1467
2527 1499
2523 1495
2529 1547
2524 1552
2523 1553
2593 1459
2634 1502
2633 1501
2640 1458
2544 1461
2546 1465
2524 1467
2527 1500
2526 1499
2529 1546
2528 1547
2524 1551
2522 1553
2593 1458
2592 1459
2633 1502
2635 1502
2640 1457
2544 1460
2547 1465
2524 1466
2523 1467
2527 1501
2525 1499
2529 1545
2530 1546
2527 1547
2522 1552
2521 1553
2593 1457
2592 1460
2632 1502
2635 1503
2636 1502
2640 1456
2639 1457
2545 1460
2523 1466
2522 1467
2527 1502
2525 1498
2524 1499
2528 1545
2531 1546
2527 1548
2526 1547
2522 1551
2593 1456
2592 1457
2594 1457
2632 1503
2631 1502
2636 1503
2636 1501
2641 1456
2638 1457
2545 1459
2546 1460
2522 1466
2521 1467
2528 1502
2525 1497
2523 1499
2531 1545
2532 1546
2526 1548
2521 1551
2594 1456
2591 1457
2632 1504
2637 1501
2642 1456
2638 1456
2546 1461
2547 1460
2521 1466
2520 1467
2528 1503
2525 1496
2524 1497
2522 1499
2531 1544
2591 1456
2590 1457
2632 1505
2637 1500
2638 1501
2642 1455
2547 1461
2548 1460
2520 1466
2520 1468
2519 1467
2528 1504
2532 1544
2590 1456
2633 1505
2638 1500
2639 1501
2643 1455
2547 1462
2549 1460
2520 1465
2520 1469
2518 1467
2528 1505
2529 1504
2532 1543
2590 1455
2589 1456
2633 1506
2638 1499
2639 1502
2644 1455
2548 1462
2549 1459
2549 1461
2550 1460
2520 1464
2519 1465
2520 1470
2519 1469
2518 1466
2518 1468
2517 1467
2528 1506
2532 1542
2589 1455
2588 1456
2633 1507
2634 1506
2639 1503
2645 1455
2548 1463
2549 1462
2550 1459
2551 1460
2521 1464
2518 1465
2519 1470
2518 1469
2516 1467
2527 1506
2532 1541
2533 1542
2588 1455
2588 1457
2634 1507
2635 1506
2645 1454
2645 1456
2549 1463
2550 1458
2551 1459
2519 1471
2516 1466
2516 1468
2526 1506
2531 1541
2588 1454
2587 1457
2635 1505
2645 1453
2646 1456
2550 1463
2519 1472
2516 1465
2516 1469
2526 1505
2526 1507
2525 1506
2530 1541
2588 1453
2586 1457
2645 1452
2551 1463
2518 1472
2520 1472
2515 1465
2515 1469
2526 1508
2525 1507
2524 1506
2530 1540
2589 1453
2585 1457
2644 1452
2646 1452
2551 1464
2552 1463
2515 1464
2514 1469
2524 1507
2530 1539
2589 1452
2590 1453
2585 1458
2643 1452
2647 1452
2553 1463
2514 1464
2514 1470
2524 1508
2530 1538
2531 1539
2590 1452
2584 1458
2643 1451
2647 1453
2648 1452
2553 1462
2553 1464
2514 1463
2513 1470
2524 1509
2590 1451
2583 1458
2643 1450
2642 1451
2647 1454
2553 1461
2554 1462
2553 1465
2554 1464
2514 1462
2512 1470
2524 1510
2523 1509
2590 1450
2591 1451
2583 1459
2582 1458
2643 1449
2554 1461
2553 1466
2514 1461
2513 1462
2512 1469
2524 1511
2590 1449
2583 1460
2582 1459
2581 1458
2642 1449
2644 1449
2555 1461
2554 1466
2514 1460
2512 1462
2512 1468
2511 1469
2524 1512
2590 1448
2591 1449
2583 1461
2580 1458
2642 1448
2641 1449
2645 1449
2555 1460
2556 1461
2514 1459
2511 1462
2511 1468
2513 1468
2510 1469
2524 1513
2523 1512
2525 1512
2589 1448
2583 1462
2580 1457
2580 1459
2642 1447
2556 1460
2511 1463
2510 1470
2509 1469
2522 1512
2526 1512
2588 1448
2583 1463
2580 1460
2642 1446
2643 1447
2510 1463
2510 1471
2509 1468
2508 1469
2522 1513
2521 1512
2526 1511
2527 1512
2588 1447
2588 1449
2583 1464
2580 1461
2581 1460
2642 1445
2509 1463
2509 1467
2508 1470
2522 1514
2521 1513
2520 1512
2527 1513
2588 1446
2588 1450
2582 1464
2580 1462
2641 1445
2643 1445
2509 1462
2509 1464
2508 1467
2510 1467
2508 1471
2507 1470
2522 1515
2527 1514
2588 1445
2589 1446
2587 1450
2582 1465
2579 1462
2581 1462
2641 1444
2508 1462
2509 1465
2507 1471
2522 1516
2521 1515
2523 1515
2588 1444
2587 1445
2590 1446
2587 1451
2582 1466
2581 1465
2640 1444
2508 1461
2506 1471
2522 1517
2523 1516
2524 1515
2590 1445
2587 1452
2582 1467
2583 1466
2580 1465
2640 1443
2508 1460
2505 1471
2522 1518
2521 1517
2590 1444
2586 1452
2581 1467
2584 1466
2640 1442
2639 1443
2508 1459
2507 1460
2505 1470
2522 1519
2590 1443
2585 1452
2581 1468
2580 1467
2585 1466
2639 1442
2641 1442
2508 1458
2509 1459
2506 1460
2521 1519
2590 1442
2585 1453
2581 1469
2579 1467
2586 1466
2639 1441
2642 1442
2507 1458
2506 1461
2520 1519
2590 1441
2585 1454
2581 1470
2580 1469
2582 1469
2578 1467
2586 1467
2587 1466
2639 1440
2638 1441
2643 1442
2507 1457
2506 1458
2506 1462
2505 1461
2520 1518
2519 1519
2590 1440
2589 1441
2584 1454
2582 1470
2579 1469
2577 1467
2586 1468
2587 1465
2639 1439
2637 1441
2643 1441
2643 1443
2644 1442
2507 1456
2506 1457
2506 1463
2519 1518
2519 1520
2589 1440
2583 1454
2582 1471
2578 1469
2577 1466
2576 1467
2586 1469
2588 1465
2638 1439
2637 1440
2643 1440
2645 1442
2507 1455
2506 1456
2505 1463
2507 1463
2518 1518
2519 1521
2589 1439
2588 1440
2583 1453
2582 1472
2583 1471
2577 1469
2588 1464
2636 1440
2645 1443
2507 1454
2508 1455
2505 1456
2505 1464
2517 1518
2518 1521
2589 1438
2584 1471
2577 1470
2588 1463
2589 1464
2636 1439
2646 1443
2509 1455
2505 1455
2504 1456
2517 1517
2516 1518
2589 1437
2590 1438
2588 1462
2589 1463
2636 1438
2646 1444
2647 1443
2509 1454
2504 1455
2517 1516
2516 1519
2588 1437
2591 1438
2589 1462
2636 1437
2635 1438
2646 1445
2647 1442
2504 1454
2503 1455
2517 1515
2516 1520
2515 1519
2587 1437
2592 1438
2589 1461
2636 1436
2635 1437
2634 1438
2646 1446
2648 1442
2504 1453
2517 1514
2518 1515
2514 1519
2587 1436
2587 1438
2586 1437
2592 1439
2589 1460
2633 1438
2646 1447
2648 1441
2649 1442
2504 1452
2503 1453
2518 1514
2519 1515
2514 1520
2587 1435
2593 1439
2588 1460
2590 1460
2647 1447
2648 1440
2650 1442
2503 1452
2502 1453
2513 1520
2587 1434
2593 1440
2587 1460
2647 1448
2649 1440
2503 1451
2501 1453
2513 1521
2512 1520
2587 1433
2593 1441
2587 1459
2647 1449
2649 1439
2503 1450
2501 1452
2500 1453
2513 1522
2512 1521
2512 1519
2586 1433
2588 1433
2594 1441
2647 1450
2648 1449
2649 1438
2503 1449
2499 1453
2513 1523
2512 1518
2586 1432
2589 1433
2595 1441
2649 1437
2498 1453
2514 1523
2512 1517
2511 1518
2513 1518
2586 1431
2585 1432
2596 1441
2649 1436
2648 1437
2498 1452
2498 1454
2515 1523
2512 1516
2511 1517
2586 1430
2587 1431
2584 1432
2596 1442
2650 1436
2647 1437
2497 1452
2515 1524
2516 1523
2512 1515
2511 1516
2586 1429
2585 1430
2584 1431
2584 1433
2597 1442
2651 1436
2647 1438
2496 1452
2515 1525
2512 1514
2513 1515
2510 1516
2586 1428
2584 1434
2597 1443
2598 1442
2651 1435
2651 1437
2496 1451
2515 1526
2511 1514
2513 1514
2514 1515
2510 1515
2585 1428
2587 1428
2583 1434
2597 1444
2598 1443
2651 1434
2651 1438
2496 1450
2495 1451
2515 1527
2516 1526
2511 1513
2513 1513
2514 1516
2585 1427
2588 1428
2582 1434
2596 1444
2599 1443
2651 1433
2650 1434
2651 1439
2652 1438
2496 1449
2494 1451
2515 1528
2517 1526
2513 1512
2514 1517
2515 1516
2585 1426
2588 1429
2581 1434
2595 1444
2600 1443
2649 1434
2651 1440
2653 1438
2496 1448
2494 1452
2493 1451
2514 1528
2516 1528
2517 1525
2513 1511
2514 1512
2584 1426
2586 1426
2581 1435
2580 1434
2595 1443
2600 1442
2601 1443
2649 1433
2648 1434
2653 1437
2497 1448
2494 1453
2493 1450
2492 1451
2514 1529
2513 1528
2516 1529
2517 1528
2517 1524
2518 1525
2513 1510
2583 1426
2587 1426
2580 1433
2579 1434
2594 1443
2602 1443
2648 1433
2497 1447
2498 1448
2494 1454
2493 1453
2493 1449
2491 1451
2512 1528
2516 1530
2512 1510
2582 1426
2587 1425
2588 1426
2579 1435
2593 1443
2602 1442
2647 1433
2498 1447
2498 1449
2492 1453
2492 1449
2494 1449
2491 1450
2511 1528
2516 1531
2517 1530
2512 1509
2511 1510
2582 1425
2587 1424
2588 1425
2578 1435
2603 1442
2647 1432
2646 1433
2498 1446
2499 1447
2492 1454
2494 1448
2490 1450
2511 1527
2511 1529
2516 1532
2518 1530
2510 1510
2582 1424
2587 1423
2586 1424
2578 1436
2577 1435
2604 1442
2646 1434
2498 1445
2500 1447
2492 1455
2489 1450
2510 1529
2515 1532
2517 1532
2519 1530
2510 1509
2509 1510
2582 1423
2581 1424
2583 1424
2586 1423
2588 1423
2578 1437
2576 1435
2605 1442
2498 1444
2499 1445
2501 1447
2492 1456
2489 1449
2489 1451
2510 1530
2509 1529
2515 1533
2517 1533
2520 1530
2510 1508
2508 1510
2582 1422
2583 1423
2585 1423
2589 1423
2579 1437
2575 1435
2605 1443
2498 1443
2492 1457
2493 1456
2489 1448
2489 1452
2509 1530
2509 1528
2515 1534
2514 1533
2517 1534
2520 1529
2510 1507
2511 1508
2582 1421
2581 1422
2590 1423
2580 1437
2575 1434
2605 1444
2606 1443
2499 1443
2492 1458
2489 1447
2489 1453
2490 1452
2508 1530
2508 1528
2517 1535
2518 1534
2510 1506
2582 1420
2583 1421
2580 1422
2590 1422
2590 1424
2580 1438
2575 1433
2574 1434
2606 1444
2607 1443
2500 1443
2492 1459
2489 1446
2490 1447
2489 1454
2507 1530
2517 1536
2519 1534
2510 1505
2509 1506
2582 1419
2584 1421
2590 1425
2576 1433
2573 1434
2606 1445
2607 1442
2608 1443
2500 1442
2492 1460
2489 1445
2491 1447
2489 1455
2507 1531
2506 1530
2518 1536
2519 1533
2520 1534
2510 1504
2582 1418
2581 1419
2591 1425
2577 1433
2572 1434
2606 1446
2607 1441
2609 1443
2501 1442
2492 1461
2493 1460
2488 1445
2488 1455
2507 1532
2506 1531
2506 1529
2519 1532
2521 1534
2510 1503
2509 1504
2582 1417
2592 1425
2578 1433
2572 1435
2571 1434
2606 1447
2607 1440
2492 1462
2494 1460
2488 1444
2487 1455
2506 1532
2508 1532
2506 1528
2505 1529
2520 1532
2522 1534
2510 1502
2508 1504
2582 1416
2592 1424
2592 1426
2593 1425
2572 1436
2570 1434
2605 1447
2607 1447
2608 1440
2492 1463
2495 1460
2488 1443
2487 1454
2486 1455
2505 1532
2508 1533
2506 1527
2504 1529
2523 1534
2507 1504
2581 1416
2593 1426
2594 1425
2572 1437
2571 1436
2570 1433
2570 1435
2604 1447
2608 1447
2608 1439
2609 1440
2492 1464
2495 1461
2496 1460
2488 1442
2486 1454
2485 1455
2505 1533
2504 1532
2508 1534
2509 1533
2505 1527
2523 1535
2506 1504
2581 1415
2580 1416
2595 1425
2572 1438
2569 1433
2569 1435
2603 1447
2608 1448
2608 1438
2610 1440
2492 1465
2493 1464
2496 1459
2488 1441
2487 1442
2489 1442
2486 1453
2505 1534
2504 1533
2509 1534
2510 1533
2505 1526
2523 1536
2506 1503
2581 1414
2579 1416
2595 1424
2596 1425
2572 1439
2573 1438
2569 1432
2568 1433
2569 1436
2603 1446
2602 1447
2607 1438
2611 1440
2492 1466
2487 1441
2489 1441
2505 1535
2509 1535
2511 1533
2505 1525
2504 1526
2506 1502
2580 1414
2579 1415
2595 1423
2596 1426
2573 1439
2574 1438
2569 1431
2567 1433
2569 1437
2602 1448
2601 1447
2606 1438
2611 1439
2612 1440
2492 1467
2486 1441
2490 1441
2505 1536
2510 1535
2511 1534
2504 1525
2505 1502
2507 1502
2579 1414
2595 1422
2574 1437
2568 1431
2570 1431
2568 1437
2602 1449
2601 1448
2601 1446
2605 1438
2611 1438
2613 1440
2491 1467
2493 1467
2485 1441
2490 1440
2491 1441
2504 1536
2506 1536
2503 1525
2504 1502
2507 1501
2579 1413
2594 1422
2596 1422
2567 1437
2602 1450
2600 1446
2605 1439
2611 1437
2610 1438
2614 1440
2491 1468
2493 1468
2494 1467
2485 1442
2490 1439
2491 1440
2491 1442
2503 1536
2507 1536
2502 1525
2504 1501
2504 1503
2508 1501
2579 1412
2594 1421
2566 1437
2602 1451
2599 1446
2604 1439
2611 1436
2614 1439
2615 1440
2491 1469
2493 1469
2495 1467
2485 1443
2490 1438
2503 1535
2502 1536
2507 1535
2507 1537
2502 1524
2504 1500
2504 1504
2509 1501
2579 1411
2578 1412
2594 1420
2566 1436
2566 1438
2565 1437
2602 1452
2603 1439
2611 1435
2615 1441
2616 1440
2490 1469
2492 1469
2493 1470
2494 1469
2495 1466
2485 1444
2489 1438
2502 1535
2501 1524
2504 1499
2503 1504
2580 1411
2577 1412
2594 1419
2593 1420
2566 1435
2565 1436
2564 1437
2601 1452
2603 1452
2612 1435
2617 1440
2489 1469
2493 1471
2495 1469
2495 1465
2484 1444
2489 1437
2501 1535
2501 1523
2500 1524
2503 1499
2503 1505
2580 1410
2581 1411
2577 1411
2594 1418
2593 1419
2566 1434
2565 1435
2564 1436
2564 1438
2600 1452
2603 1453
2604 1452
2612 1434
2617 1441
2493 1472
2496 1469
2494 1465
2483 1444
2501 1534
2500 1535
2501 1522
2499 1524
2503 1506
2581 1412
2582 1411
2577 1410
2594 1417
2592 1419
2564 1439
2563 1438
2599 1452
2603 1454
2612 1433
2617 1442
2618 1441
2493 1473
2492 1472
2496 1468
2483 1445
2482 1444
2499 1535
2499 1523
2502 1506
2504 1506
2582 1412
2583 1411
2577 1409
2576 1410
2578 1410
2594 1416
2591 1419
2564 1440
2563 1439
2599 1451
2613 1433
2616 1442
2618 1442
2619 1441
2492 1473
2497 1468
2483 1446
2482 1443
2499 1536
2498 1535
2499 1522
2502 1507
2501 1506
2504 1507
2505 1506
2584 1411
2590 1419
2564 1441
2565 1440
2599 1450
2598 1451
2613 1432
2616 1443
2619 1442
2620 1441
2492 1474
2497 1467
2483 1447
2482 1446
2482 1442
2481 1443
2499 1537
2498 1536
2497 1535
2499 1521
2498 1522
2500 1506
2505 1507
2584 1410
2585 1411
2589 1419
2564 1442
2565 1441
2599 1449
2597 1451
2613 1431
2620 1442
2492 1475
2497 1466
2483 1448
2482 1441
2481 1442
2480 1443
2497 1534
2496 1535
2498 1521
2500 1521
2500 1505
2500 1507
2505 1508
2584 1409
2589 1418
2589 1420
2564 1443
2563 1442
2598 1449
2600 1449
2597 1450
2597 1452
2596 1451
2612 1431
2492 1476
2491 1475
2497 1465
2484 1448
2482 1440
2480 1444
2497 1533
2496 1534
2496 1536
2498 1520
2500 1520
2500 1508
2505 1509
2584 1408
2588 1418
2564 1444
2563 1443
2597 1449
2595 1451
2611 1431
2492 1477
2491 1476
2493 1476
2490 1475
2497 1464
2498 1465
2484 1449
2481 1440
2483 1440
2479 1444
2498 1533
2495 1534
2496 1537
2501 1520
2499 1508
2501 1508
2505 1510
2583 1408
2588 1417
2564 1445
2562 1443
2597 1448
2595 1450
2594 1451
2493 1477
2494 1476
2489 1475
2496 1464
2498 1464
2483 1439
2479 1445
2495 1537
2501 1519
2502 1520
2501 1509
2583 1407
2588 1416
2561 1443
2597 1447
2594 1450
2494 1477
2494 1475
2488 1475
2498 1463
2483 1438
2484 1439
2494 1537
2501 1518
2501 1510
2583 1406
2582 1407
2587 1416
2561 1442
2560 1443
2597 1446
2596 1447
2598 1447
2593 1450
2495 1477
2487 1475
2483 1437
2494 1536
2494 1538
2501 1517
2500 1518
2501 1511
2500 1510
2582 1406
2581 1407
2587 1415
2559 1443
2595 1447
2593 1449
2592 1450
2495 1478
2487 1474
2486 1475
2483 1436
2482 1437
2484 1437
2493 1536
2501 1516
2500 1517
2501 1512
2582 1405
2581 1406
2580 1407
2587 1414
2559 1444
2595 1446
2595 1448
2594 1447
2496 1478
2487 1473
2486 1476
2484 1436
2481 1437
2485 1437
2492 1536
2502 1516
2499 1517
2501 1513
2500 1512
2582 1404
2580 1408
2587 1413
2586 1414
2588 1414
2558 1444
2496 1479
2487 1472
2486 1477
2484 1435
2485 1438
2492 1535
2491 1536
2582 1403
2579 1408
2588 1413
2585 1414
2589 1414
2558 1445
2488 1472
2485 1477
2487 1477
2484 1434
2485 1435
2486 1438
2491 1537
2490 1536
2582 1402
2585 1413
2585 1415
2590 1414
2557 1445
2488 1471
2485 1478
2488 1477
2484 1433
2483 1434
2491 1538
2490 1535
2582 1401
2585 1416
2584 1415
2590 1413
2590 1415
2591 1414
2484 1478
2489 1477
2484 1432
2485 1433
2482 1434
2491 1539
2490 1538
2490 1534
2582 1400
2585 1417
2584 1416
2590 1416
2484 1479
2483 1478
2490 1477
2484 1431
2486 1433
2482 1435
2481 1434
2492 1539
2582 1399
2581 1400
2585 1418
2591 1416
2484 1480
2490 1478
2485 1431
2486 1432
2486 1434
2481 1435
2583 1399
2580 1400
2584 1418
2586 1418
2483 1480
2486 1431
2480 1435
2580 1399
2580 1401
2483 1481
2486 1430
2487 1431
2480 1436
2479 1435
2579 1399
2580 1402
2483 1482
2487 1430
2479 1436
2479 1434
2478 1435
2579 1398
2580 1403
2483 1483
2482 1482
2484 1482
2479 1437
2478 1434
2579 1397
2580 1404
2483 1484
2482 1483
2478 1437
2478 1433
2579 1396
2578 1397
2580 1405
2579 1404
2483 1485
2484 1484
2481 1483
2478 1438
2477 1433
2578 1396
2580 1396
2577 1397
2578 1404
2483 1486
2485 1484
2480 1483
2477 1438
2477 1432
2578 1395
2577 1396
2581 1396
2578 1405
2577 1404
2485 1483
2485 1485
2486 1484
2480 1482
2479 1483
2477 1439
2476 1432
2578 1394
2577 1395
2581 1395
2582 1396
2578 1406
2576 1404
2486 1483
2487 1484
2479 1484
2475 1432
2581 1394
2576 1405
2486 1482
2487 1483
2487 1485
2478 1484
2475 1431
2582 1394
2576 1406
2488 1485
2477 1484
2475 1430
2582 1393
2575 1406
2477 1485
2475 1429
2582 1392
2583 1393
2575 1407
2477 1486
2476 1485
2476 1429
2582 1391
2581 1392
2574 1407
2475 1485
2476 1428
2477 1429
2582 1390
2581 1391
2573 1407
2475 1484
2475 1486
2474 1485
2476 1427
2477 1428
2478 1429
2582 1389
2573 1406
2573 1408
2572 1407
2475 1483
2475 1487
2581 1389
2583 1389
2573 1405
2573 1409
2571 1407
2475 1482
2475 1488
2584 1389
2572 1405
2574 1405
2573 1410
2474 1482
2475 1489
2476 1488
2584 1388
2584 1390
2572 1404
2574 1404
2572 1410
2474 1481
2475 1490
2585 1388
2584 1391
2571 1404
2574 1403
2572 1411
2571 1410
2474 1480
2473 1481
2475 1491
2474 1490
2584 1392
2571 1403
2570 1404
2574 1402
2572 1412
2571 1411
2571 1409
2473 1480
2475 1492
2473 1490
2585 1392
2569 1404
2574 1401
2572 1413
2473 1479
2475 1493
2472 1490
2586 1392
2568 1404
2574 1400
2575 1401
2572 1414
2571 1413
2473 1478
2472 1479
2475 1494
2471 1490
2587 1392
2574 1399
2571 1414
2472 1478
2476 1494
2470 1490
2588 1392
2573 1399
2571 1415
2570 1414
2471 1478
2477 1494
2470 1489
2469 1490
2588 1391
2589 1392
2573 1398
2572 1399
2570 1415
2569 1414
2477 1495
2478 1494
2470 1488
2589 1393
2573 1397
2572 1400
2571 1399
2478 1493
2470 1487
2590 1393
2570 1399
2478 1492
2470 1486
2591 1393
2570 1398
2570 1400
2479 1492
2470 1485
2469 1486
2592 1393
2570 1397
2569 1400
2479 1491
2480 1492
2471 1485
2593 1393
2569 1397
2571 1397
2568 1400
2479 1490
2481 1492
2471 1484
2594 1393
2568 1397
2571 1396
2479 1489
2480 1490
2482 1492
2471 1483
2594 1392
2594 1394
2568 1396
2567 1397
2479 1488
2480 1489
2482 1493
2594 1391
2595 1392
2594 1395
2595 1394
2567 1396
2567 1398
2566 1397
2480 1488
2481 1489
2482 1494
2595 1391
2596 1392
2596 1394
2566 1396
2566 1398
2565 1397
2480 1487
2482 1489
2482 1495
2564 1397
2482 1488
2483 1489
2482 1496
2564 1396
2482 1497
2564 1395
2482 1498
2563 1395
2482 1499
2483 1498
2563 1394
2562 1395
2483 1499
2484 1498
2561 1395
2484 1497
2561 1394
2484 1496
2485 1497
2561 1393
2560 1394
2484 1495
2486 1497
2561 1392
2559 1394
2484 1494
2485 1495
2487 1497
2562 1392
2558 1394
2484 1493
2485 1494
2486 1495
2487 1496
2487 1498
2558 1393
2557 1394
2486 1494
2488 1498
2558 1392
2486 1493
2489 1498
2557 1392
2486 1492
2487 1493
2489 1499
2557 1391
2486 1491
2489 1500
2557 1390
2487 1491
2488 1500
2490 1500
2557 1389
2556 1390
2558 1390
2487 1490
2491 1500
2557 1388
2555 1390
2488 1490
2492 1500
2555 1391
2554 1390
2488 1489
2489 1490
2493 1500
2555 1392
2553 1390
2488 1488
2490 1490
2493 1501
2494 1500
2553 1389
2553 1391
2491 1490
2493 1502
2553 1388
2553 1392
2492 1490
2493 1503
2494 1502
2552 1388
2554 1388
2553 1393
2552 1392
2493 1490
2492 1503
2494 1503
2552 1387
2554 1387
2494 1490
2492 1504
2491 1503
2494 1504
2552 1386
2494 1489
2494 1491
2492 1505
2494 1505
2551 1386
2553 1386
2494 1492
2495 1491
2494 1506
2551 1385
2553 1385
2496 1491
2494 1507
2551 1384
2497 1491
2493 1507
2495 1507
2551 1383
2498 1491
2493 1508
2551 1382
2550 1383
2498 1490
2499 1491
2493 1509
2492 1508
2551 1381
2549 1383
2500 1491
2493 1510
2491 1508
2552 1381
2549 1384
2548 1383
2501 1491
2493 1511
2490 1508
2553 1381
2549 1385
2548 1384
2501 1490
2502 1491
2494 1511
2490 1507
2553 1380
2549 1386
2503 1491
2494 1512
2553 1379
2549 1387
2548 1386
2503 1490
2503 1492
2504 1491
2494 1513
2553 1378
2548 1387
2547 1386
2504 1490
2503 1493
2504 1492
2505 1491
2493 1513
2554 1378
2547 1385
2505 1490
2502 1493
2504 1493
2506 1491
2493 1514
2554 1377
2546 1385
2505 1489
2506 1490
2504 1494
2507 1491
2492 1514
2554 1376
2555 1377
2546 1384
2545 1385
2505 1488
2507 1490
2504 1495
2505 1494
2508 1491
2491 1514
2556 1377
2546 1383
2545 1384
2506 1488
2505 1495
2506 1494
2509 1491
2490 1514
2556 1378
2557 1377
2546 1382
2507 1488
2506 1495
2506 1493
2510 1491
2489 1514
2558 1377
2546 1381
2508 1488
2489 1513
2488 1514
2558 1376
2558 1378
2559 1377
2546 1380
2508 1489
2488 1515
2559 1376
2558 1379
2545 1380
2509 1489
2488 1516
2487 1515
2559 1375
2558 1380
2545 1379
2544 1380
2510 1489
2488 1517
2487 1516
2559 1374
2558 1381
2544 1379
2543 1380
2511 1489
2488 1518
2487 1517
2489 1517
2559 1373
2558 1374
2560 1374
2558 1382
2544 1378
2543 1379
2542 1380
2512 1489
2487 1518
2486 1517
2560 1373
2557 1374
2561 1374
2558 1383
2559 1382
2544 1377
2512 1488
2486 1518
2485 1517
2557 1373
2557 1375
2556 1374
2562 1374
2558 1384
2560 1382
2544 1376
2513 1488
2485 1518
2484 1517
2555 1374
2563 1374
2560 1381
2544 1375
2514 1488
2484 1518
2554 1374
2563 1373
2560 1380
2543 1375
2515 1488
2484 1519
2553 1374
2564 1373
2560 1379
2542 1375
2516 1488
2483 1519
2553 1373
2552 1374
2565 1373
2561 1379
2542 1374
2516 1487
2517 1488
2553 1372
2551 1374
2565 1372
2565 1374
2562 1379
2541 1374
2516 1486
2517 1487
2518 1488
2552 1372
2551 1375
2550 1374
2565 1371
2566 1374
2562 1378
2540 1374
2517 1486
2518 1489
2550 1375
2549 1374
2566 1371
2566 1375
2562 1377
2563 1378
2540 1373
2539 1374
2518 1490
2519 1489
2567 1371
2566 1376
2562 1376
2540 1372
2539 1375
2520 1489
2568 1371
2567 1376
2540 1371
2539 1376
2520 1488
2521 1489
2568 1370
2568 1372
2567 1377
2540 1370
2539 1371
2541 1371
2538 1376
2540 1376
2521 1490
2568 1377
2539 1370
2538 1371
2537 1376
2521 1491
2522 1490
2569 1377
2538 1370
2537 1377
2521 1492
2523 1490
2570 1377
2538 1369
2537 1370
2537 1378
2536 1377
2521 1493
2520 1492
2523 1491
2524 1490
2570 1376
2571 1377
2538 1368
2536 1370
2537 1379
2538 1378
2521 1494
2520 1493
2519 1492
2523 1492
2524 1491
2524 1489
2570 1375
2572 1377
2535 1370
2537 1380
2538 1379
2521 1495
2525 1489
2570 1374
2571 1375
2573 1377
2535 1371
2538 1380
2521 1496
2520 1495
2526 1489
2570 1373
2573 1378
2574 1377
2535 1372
2522 1496
2519 1495
2527 1489
2573 1379
2574 1376
2575 1377
2535 1373
2522 1497
2519 1494
2518 1495
2527 1488
2527 1490
2573 1380
2574 1379
2574 1375
2576 1377
2535 1374
2518 1496
2517 1495
2574 1380
2574 1374
2573 1375
2576 1378
2577 1377
2535 1375
2518 1497
2517 1494
2575 1380
2576 1379
2578 1377
2534 1375
2517 1497
2519 1497
2578 1376
2533 1375
2517 1498
2532 1375
2517 1499
2516 1498
2531 1375
2516 1499
2530 1375
2515 1499
2530 1374
2530 1376
2529 1375
2515 1500
2529 1376
2528 1375
2515 1501
2528 1376
2528 1374
2515 1502
2516 1501
2528 1377
2527 1376
2528 1373
2527 1374
2515 1503
2514 1502
2527 1377
2526 1376
2528 1372
2529 1373
2526 1374
2515 1504
2527 1378
2527 1372
2529 1372
2525 1374
2527 1379
2526 1378
2526 1372
2529 1371
2530 1372
2524 1374
2526 1379
2528 1379
2529 1370
2523 1374
2526 1380
2529 1379
2529 1369
2522 1374
2529 1380
2529 1368
2528 1369
2522 1375
2529 1381
2530 1368
2527 1369
2522 1376
2529 1382
2531 1368
2527 1368
2527 1370
2523 1376
2528 1382
2530 1382
2531 1369
2527 1367
2526 1370
2528 1383
2527 1382
2530 1383
2531 1370
2526 1367
2525 1370
2526 1382
2531 1383
2532 1370
2526 1366
2525 1371
2526 1383
2531 1384
2532 1383
2526 1365
2525 1383
2531 1385
2525 1365
2527 1365
2524 1383
2530 1385
2524 1365
2528 1365
2524 1384
2523 1383
2530 1386
2524 1364
2523 1365
2529 1365
2524 1385
2530 1387
2523 1364
2522 1365
2530 1365
2524 1386
2523 1385
2530 1388
2529 1387
2522 1364
2522 1366
2521 1365
2530 1364
2524 1387
2522 1385
2531 1388
2528 1387
2521 1364
2522 1367
2520 1365
2530 1363
2523 1387
2522 1384
2522 1386
2521 1363
2521 1367
2520 1366
2529 1363
2531 1363
2523 1388
2521 1368
2531 1362
2532 1363
2523 1389
2522 1388
2521 1369
2531 1361
2532 1362
2523 1390
2521 1388
2531 1360
2533 1362
2524 1390
2521 1389
2520 1388
2531 1359
2525 1390
2520 1389
2532 1359
2525 1391
2526 1390
2520 1390
2533 1359
2526 1391
2520 1391
2534 1359
2527 1391
2519 1391
2521 1391
2534 1358
2534 1360
2527 1392
2528 1391
2519 1392
2521 1392
2534 1357
2535 1360
2527 1393
2518 1392
2521 1393
2534 1356
2533 1357
2536 1360
2527 1394
2526 1393
2528 1393
2518 1393
2521 1394
2534 1355
2535 1356
2536 1361
2527 1395
2525 1393
2518 1394
2521 1395
2522 1394
2533 1355
2535 1355
2536 1356
2537 1361
2517 1394
2522 1395
2533 1354
2532 1355
2536 1355
2538 1361
2516 1394
2522 1396
2533 1353
2531 1355
2537 1355
2538 1360
2538 1362
2516 1395
2515 1394
2522 1397
2533 1352
2531 1354
2531 1356
2537 1354
2538 1355
2538 1359
2538 1363
2539 1362
2516 1396
2515 1395
2522 1398
2534 1352
2531 1353
2531 1357
2530 1356
2537 1353
2537 1363
2540 1362
2517 1396
2514 1395
2522 1399
2530 1353
2529 1356
2537 1352
2537 1364
2518 1396
2513 1395
2521 1399
2523 1399
2528 1356
2538 1352
2537 1365
2518 1397
2512 1395
2520 1399
2523 1400
2524 1399
2528 1355
2528 1357
2538 1351
2539 1352
2537 1366
2538 1365
2518 1398
2512 1396
2511 1395
2523 1401
2524 1398
2525 1399
2528 1354
2540 1352
2536 1366
2518 1399
2512 1397
2510 1395
2522 1401
2524 1401
2525 1398
2528 1353
2527 1354
2540 1351
2540 1353
2541 1352
2535 1366
2517 1399
2512 1398
2511 1397
2510 1394
2521 1401
2525 1401
2525 1397
2527 1353
2540 1354
2541 1353
2542 1352
2516 1399
2512 1399
2513 1398
2510 1397
2510 1393
2521 1402
2526 1401
2525 1396
2526 1397
2527 1352
2540 1355
2542 1353
2543 1352
2512 1400
2509 1397
2510 1392
2520 1402
2526 1400
2525 1395
2526 1396
2527 1351
2526 1352
2540 1356
2543 1353
2512 1401
2509 1398
2509 1392
2520 1403
2527 1400
2527 1350
2525 1352
2540 1357
2543 1354
2511 1401
2509 1399
2508 1392
2528 1400
2527 1349
2526 1350
2528 1350
2525 1353
2540 1358
2543 1355
2544 1354
2511 1402
2508 1399
2508 1391
2508 1393
2507 1392
2527 1348
2526 1349
2528 1349
2524 1353
2541 1358
2544 1355
2545 1354
2511 1403
2507 1399
2508 1390
2527 1347
2526 1348
2523 1353
2546 1354
2511 1404
2510 1403
2507 1400
2506 1399
2508 1389
2528 1347
2523 1354
2547 1354
2511 1405
2510 1404
2509 1403
2507 1401
2506 1398
2505 1399
2528 1346
2523 1355
2547 1353
2547 1355
2548 1354
2509 1404
2509 1402
2505 1400
2504 1399
2522 1355
2548 1353
2547 1356
2549 1354
2509 1405
2509 1401
2504 1398
2503 1399
2522 1356
2550 1354
2509 1406
2508 1405
2504 1397
2521 1356
2551 1354
2509 1407
2510 1406
2504 1396
2503 1397
2521 1357
2520 1356
2551 1353
2551 1355
2510 1407
2503 1396
2502 1397
2520 1357
2551 1352
2551 1356
2510 1408
2503 1395
2502 1396
2501 1397
2519 1357
2551 1351
2551 1357
2510 1409
2511 1408
2501 1398
2500 1397
2519 1358
2518 1357
2551 1350
2552 1351
2551 1358
2552 1357
2512 1408
2500 1396
2499 1397
2518 1356
2517 1357
2551 1349
2553 1351
2551 1359
2499 1396
2498 1397
2517 1358
2516 1357
2551 1348
2551 1360
2550 1359
2498 1396
2498 1398
2515 1357
2551 1347
2550 1348
2552 1348
2552 1360
2497 1396
2498 1399
2515 1358
2514 1357
2551 1346
2553 1360
2497 1395
2497 1399
2515 1359
2514 1358
2513 1357
2551 1345
2554 1360
2497 1400
2496 1399
2515 1360
2516 1359
2513 1356
2554 1359
2554 1361
2497 1401
2516 1360
2513 1355
2554 1362
2497 1402
2512 1355
2514 1355
2555 1362
2497 1403
2496 1402
2511 1355
2514 1354
2556 1362
2498 1403
2495 1402
2511 1356
2514 1353
2515 1354
2556 1361
2557 1362
2499 1403
2495 1401
2494 1402
2511 1357
2510 1356
2513 1353
2515 1353
2516 1354
2557 1361
2499 1402
2495 1400
2493 1402
2509 1356
2513 1352
2512 1353
2517 1354
2558 1361
2494 1400
2492 1402
2508 1356
2513 1351
2511 1353
2517 1353
2559 1361
2493 1400
2492 1403
2508 1355
2514 1351
2510 1353
2560 1361
2492 1404
2491 1403
2515 1351
2510 1354
2560 1360
2560 1362
2492 1405
2493 1404
2515 1350
2560 1359
2561 1360
2560 1363
2561 1362
2491 1405
2493 1405
2515 1349
2516 1350
2560 1358
2559 1359
2562 1360
2562 1362
2490 1405
2493 1406
2494 1405
2515 1348
2517 1350
2561 1358
2563 1360
2490 1404
2489 1405
2493 1407
2495 1405
2515 1347
2514 1348
2516 1348
2517 1351
2561 1357
2563 1361
2489 1404
2489 1406
2493 1408
2495 1404
2496 1405
2515 1346
2514 1347
2518 1351
2561 1356
2488 1406
2493 1409
2496 1406
2519 1351
2561 1355
2488 1407
2492 1409
2494 1409
2519 1350
2519 1352
2520 1351
2561 1354
2494 1410
2495 1409
2520 1350
2561 1353
2494 1411
2520 1349
2521 1350
2561 1352
2562 1353
2493 1411
2495 1411
2521 1349
2562 1352
2492 1411
2495 1412
2521 1348
2522 1349
2562 1351
2563 1352
2492 1412
2491 1411
2496 1412
2523 1349
2562 1350
2492 1413
2491 1412
2491 1410
2497 1412
2523 1348
2524 1349
2562 1349
2492 1414
2493 1413
2490 1410
2498 1412
2562 1348
2563 1349
2493 1414
2489 1410
2499 1412
2561 1348
2563 1348
2493 1415
2489 1409
2488 1410
2500 1412
2560 1348
2563 1347
2564 1348
2493 1416
2488 1411
2500 1413
2563 1346
2565 1348
2488 1412
2565 1349
2566 1348
2487 1412
2566 1349
2567 1348
2487 1413
2567 1349
2487 1414
2486 1413
2568 1349
2487 1415
2485 1413
2569 1349
2487 1416
2485 1414
2569 1348
2569 1350
2487 1417
2488 1416
2485 1415
2484 1414
2569 1347
2570 1350
2486 1417
2484 1415
2569 1346
2571 1350
2483 1415
2569 1345
2571 1351
2482 1415
2568 1345
2570 1345
2571 1352
2482 1416
2570 1344
2571 1345
2571 1353
2481 1416
2570 1343
2571 1344
2570 1353
2572 1353
2481 1417
2480 1416
2571 1343
2572 1344
2572 1354
2481 1418
2479 1416
2573 1344
2572 1355
2480 1418
2482 1418
2478 1416
2574 1344
2571 1355
2573 1355
2478 1417
2477 1416
2574 1343
2575 1344
2477 1415
2476 1416
2574 1342
2575 1345
2576 1344
2477 1414
2476 1417
2574 1341
2575 1346
2577 1344
2477 1413
2475 1417
2573 1341
2575 1347
2577 1343
2578 1344
2477 1412
2476 1413
2478 1413
2475 1418
2474 1417
2573 1340
2579 1344
2477 1411
2475 1413
2479 1413
2475 1419
2474 1418
2572 1340
2579 1345
2477 1410
2474 1413
2479 1414
2476 1419
2473 1418
2572 1339
2477 1409
2473 1413
2476 1420
2472 1418
2571 1339
2477 1408
2478 1409
2473 1412
2472 1413
2477 1420
2570 1339
2477 1407
2473 1411
2472 1414
2570 1338
2569 1339
2477 1406
2474 1411
2472 1415
2570 1337
2477 1405
2474 1410
2471 1415
2569 1337
2571 1337
2477 1404
2474 1409
2470 1415
2569 1336
2568 1337
2571 1336
2477 1403
2474 1408
2473 1409
2470 1414
2469 1415
2567 1337
2572 1336
2477 1402
2474 1407
2475 1408
2469 1416
2468 1415
2567 1336
2567 1338
2566 1337
2573 1336
2477 1401
2473 1407
2469 1417
2468 1414
2566 1336
2567 1339
2573 1335
2574 1336
2476 1401
2472 1407
2468 1417
2467 1414
2567 1340
2574 1335
2476 1400
2475 1401
2471 1407
2466 1414
2567 1341
2574 1334
2476 1399
2471 1406
2470 1407
2466 1413
2465 1414
2568 1341
2574 1333
2476 1398
2471 1405
2470 1406
2469 1407
2465 1413
2465 1415
2575 1333
2475 1398
2477 1398
2471 1404
2469 1408
2465 1416
2464 1415
2576 1333
2474 1398
2478 1398
2470 1404
2472 1404
2464 1416
2576 1332
2577 1333
2474 1397
2473 1398
2472 1403
2464 1417
2576 1331
2578 1333
2473 1397
2472 1402
2463 1417
2575 1331
2579 1333
2473 1396
2472 1397
2472 1401
2471 1402
2463 1418
2462 1417
2574 1331
2580 1333
2473 1395
2472 1400
2471 1401
2462 1418
2462 1416
2461 1417
2573 1331
2581 1333
2472 1395
2470 1401
2462 1419
2461 1418
2573 1330
2573 1332
2581 1334
2582 1333
2472 1394
2469 1401
2462 1420
2582 1332
2583 1333
2471 1394
2469 1400
2469 1402
2461 1420
2582 1331
2583 1334
2584 1333
2471 1393
2469 1399
2460 1420
2581 1331
2584 1334
2585 1333
2468 1399
2459 1420
2584 1335
2467 1399
2459 1419
2458 1420
2584 1336
2458 1419
2458 1421
2585 1336
2458 1418
2458 1422
2585 1337
2586 1336
2458 1423
2585 1338
2587 1336
2458 1424
2457 1423
2459 1423
2584 1338
2588 1336
2458 1425
2457 1424
2456 1423
2460 1423
2584 1339
2589 1336
2458 1426
2456 1424
2460 1424
2461 1423
2584 1340
2583 1339
2589 1337
2590 1336
2456 1425
2461 1424
2461 1422
2583 1340
2585 1340
2582 1339
2591 1336
2455 1425
2462 1424
2462 1422
2586 1340
2581 1339
2592 1336
2455 1426
2463 1424
2463 1422
2586 1341
2581 1340
2592 1335
2592 1337
2454 1426
2463 1425
2586 1342
2580 1340
2592 1334
2593 1335
2454 1427
2453 1426
2463 1426
2586 1343
2585 1342
2579 1340
2591 1334
2594 1335
2453 1427
2453 1425
2464 1426
2586 1344
2579 1339
2594 1334
2594 1336
2452 1427
2452 1425
2465 1426
2586 1345
2594 1333
2595 1334
2594 1337
2595 1336
2452 1428
2451 1427
2451 1425
2465 1427
2466 1426
2586 1346
2585 1345
2596 1334
2594 1338
2451 1428
2450 1425
2466 1425
2587 1346
2584 1345
2596 1333
2597 1334
2594 1339
2595 1338
2451 1429
2450 1424
2466 1424
2467 1425
2584 1344
2584 1346
2597 1333
2595 1339
2596 1338
2451 1430
2450 1429
2449 1424
2583 1344
2584 1347
2598 1333
2596 1337
2449 1423
2448 1424
2583 1343
2584 1348
2599 1333
2448 1425
2584 1349
2583 1348
2599 1332
2599 1334
2448 1426
2447 1425
2584 1350
2599 1331
2600 1332
2599 1335
2447 1426
2584 1351
2583 1350
2599 1330
2600 1331
2601 1332
2599 1336
2447 1427
2446 1426
2584 1352
2582 1350
2599 1329
2600 1336
2447 1428
2445 1426
2583 1352
2585 1352
2599 1328
2600 1329
2601 1336
2448 1428
2445 1425
2583 1353
2586 1352
2598 1328
2601 1329
2602 1336
2448 1429
2445 1424
2586 1351
2586 1353
2598 1327
2602 1329
2448 1430
2444 1424
2446 1424
2587 1351
2586 1354
2598 1326
2602 1330
2449 1430
2444 1423
2443 1424
2586 1355
2598 1325
2603 1330
2444 1422
2443 1423
2442 1424
2587 1355
2597 1325
2444 1421
2445 1422
2442 1423
2588 1355
2596 1325
2445 1421
2442 1422
2588 1356
2589 1355
2595 1325
2445 1420
2588 1357
2590 1355
2595 1324
2595 1326
2594 1325
2445 1419
2588 1358
2589 1357
2591 1355
2595 1323
2594 1324
2593 1325
2445 1418
2591 1356
2592 1355
2595 1322
2594 1323
2445 1417
2446 1418
2592 1356
2595 1321
2594 1322
2444 1417
2592 1357
2593 1356
2595 1320
2444 1416
2592 1358
2595 1319
2596 1320
2444 1415
2592 1359
2591 1358
2594 1319
2597 1320
2444 1414
2592 1360
2594 1318
2597 1321
2598 1320
2443 1414
2445 1414
2591 1360
2593 1360
2594 1317
2593 1318
2598 1319
2599 1320
2443 1413
2445 1413
2446 1414
2591 1361
2594 1360
2593 1317
2599 1319
2600 1320
2443 1412
2445 1412
2590 1361
2594 1361
2592 1317
2600 1319
2601 1320
2442 1412
2444 1412
2445 1411
2446 1412
2589 1361
2600 1318
2602 1320
2441 1412
2446 1411
2589 1360
2589 1362
2600 1317
2603 1320
2441 1411
2446 1410
2589 1363
2600 1316
2601 1317
2603 1321
2440 1411
2446 1409
2589 1364
2588 1363
2599 1316
2603 1322
2604 1321
2439 1411
2446 1408
2589 1365
2588 1364
2598 1316
2603 1323
2602 1322
2438 1411
2446 1407
2590 1365
2587 1364
2597 1316
2604 1323
2601 1322
2438 1412
2437 1411
2446 1406
2447 1407
2591 1365
2587 1365
2597 1315
2604 1324
2600 1322
2437 1410
2445 1406
2448 1407
2591 1364
2591 1366
2587 1366
2597 1314
2605 1324
2600 1323
2437 1409
2445 1405
2448 1406
2448 1408
2592 1366
2587 1367
2586 1366
2597 1313
2596 1314
2605 1325
2606 1324
2600 1324
2599 1323
2444 1405
2449 1406
2448 1409
2449 1408
2593 1366
2586 1367
2598 1313
2595 1314
2607 1324
2601 1324
2444 1404
2450 1406
2593 1365
2593 1367
2585 1367
2599 1313
2594 1314
2607 1325
2608 1324
2601 1325
2444 1403
2450 1405
2594 1365
2593 1368
2585 1368
2594 1313
2607 1326
2609 1324
2444 1402
2451 1405
2594 1364
2593 1369
2592 1368
2594 1368
2585 1369
2584 1368
2594 1312
2593 1313
2609 1323
2610 1324
2444 1401
2451 1404
2594 1363
2593 1370
2594 1369
2585 1370
2583 1368
2594 1311
2592 1313
2609 1322
2610 1323
2610 1325
2451 1403
2595 1363
2593 1371
2585 1371
2583 1369
2582 1368
2595 1311
2591 1313
2609 1321
2610 1326
2611 1325
2451 1402
2450 1403
2596 1363
2592 1371
2585 1372
2583 1370
2582 1367
2581 1368
2596 1311
2591 1312
2590 1313
2608 1321
2610 1321
2610 1327
2452 1402
2596 1362
2592 1372
2585 1373
2586 1372
2583 1371
2597 1311
2591 1311
2590 1312
2590 1314
2608 1320
2609 1327
2452 1401
2453 1402
2596 1361
2592 1373
2591 1372
2584 1373
2597 1310
2598 1311
2591 1310
2589 1314
2608 1319
2607 1320
2609 1328
2454 1402
2597 1361
2592 1374
2591 1373
2593 1373
2584 1374
2598 1310
2591 1309
2592 1310
2588 1314
2608 1318
2607 1319
2609 1319
2609 1329
2455 1402
2592 1375
2594 1373
2598 1309
2587 1314
2608 1317
2607 1318
2606 1319
2610 1319
2609 1330
2610 1329
2455 1401
2592 1376
2595 1373
2599 1309
2587 1315
2606 1318
2605 1319
2608 1330
2611 1329
2456 1401
2592 1377
2600 1309
2586 1315
2608 1331
2607 1330
2611 1328
2456 1400
2592 1378
2600 1308
2585 1315
2606 1330
2456 1399
2592 1379
2593 1378
2600 1307
2601 1308
2584 1315
2606 1329
2606 1331
2455 1399
2457 1399
2592 1380
2591 1379
2600 1306
2602 1308
2584 1314
2583 1315
2606 1332
2457 1398
2458 1399
2591 1380
2593 1380
2599 1306
2601 1306
2603 1308
2584 1313
2606 1333
2458 1398
2458 1400
2594 1380
2601 1305
2603 1309
2584 1312
2606 1334
2458 1397
2459 1398
2459 1400
2594 1381
2601 1304
2583 1312
2585 1312
2606 1335
2605 1334
2607 1334
2458 1396
2459 1397
2460 1400
2594 1382
2601 1303
2582 1312
2585 1311
2605 1335
2607 1335
2608 1334
2458 1395
2460 1401
2593 1382
2595 1382
2600 1303
2602 1303
2582 1311
2585 1310
2586 1311
2608 1335
2609 1334
2458 1394
2457 1395
2459 1395
2460 1402
2461 1401
2593 1383
2596 1382
2600 1302
2603 1303
2582 1310
2587 1311
2610 1334
2457 1394
2459 1394
2460 1395
2461 1402
2596 1381
2596 1383
2597 1382
2599 1302
2604 1303
2583 1310
2611 1334
2457 1393
2456 1394
2459 1393
2460 1394
2460 1396
2461 1395
2462 1402
2597 1381
2596 1384
2599 1301
2598 1302
2604 1304
2583 1309
2611 1333
2611 1335
2612 1334
2456 1393
2459 1392
2460 1393
2461 1396
2597 1380
2595 1384
2599 1300
2598 1303
2597 1302
2583 1308
2611 1332
2612 1333
2613 1334
2456 1392
2455 1393
2598 1380
2595 1385
2599 1299
2598 1304
2597 1303
2597 1301
2596 1302
2582 1308
2584 1308
2611 1331
2610 1332
2613 1333
2613 1335
2614 1334
2456 1391
2454 1393
2599 1380
2600 1299
2596 1303
2595 1302
2581 1308
2584 1307
2614 1335
2615 1334
2456 1390
2455 1391
2600 1380
2600 1298
2595 1301
2581 1307
2580 1308
2585 1307
2616 1334
2455 1390
2454 1391
2600 1379
2600 1381
2600 1297
2595 1300
2580 1307
2579 1308
2617 1334
2600 1378
2600 1296
2599 1297
2601 1297
2595 1299
2580 1306
2578 1308
2617 1335
2618 1334
2600 1377
2601 1378
2600 1295
2601 1296
2598 1297
2602 1297
2594 1299
2596 1299
2577 1308
2617 1336
2618 1333
2599 1377
2601 1377
2602 1378
2600 1294
2602 1296
2597 1297
2593 1299
2597 1299
2577 1307
2577 1309
2617 1337
2618 1332
2598 1377
2603 1378
2599 1294
2602 1295
2597 1296
2597 1298
2596 1297
2593 1300
2577 1306
2577 1310
2617 1338
2616 1337
2618 1331
2617 1332
2619 1332
2598 1376
2598 1378
2603 1379
2604 1378
2603 1295
2596 1296
2577 1305
2577 1311
2617 1339
2618 1338
2618 1330
2616 1332
2620 1332
2597 1378
2603 1380
2604 1377
2604 1295
2596 1295
2577 1304
2576 1305
2618 1339
2617 1330
2620 1331
2621 1332
2603 1381
2604 1376
2605 1377
2604 1294
2604 1296
2575 1305
2618 1340
2619 1339
2616 1330
2620 1330
2621 1331
2604 1381
2605 1376
2606 1377
2605 1294
2604 1297
2575 1306
2618 1341
2616 1329
2620 1329
2604 1382
2605 1375
2606 1378
2607 1377
2605 1293
2606 1294
2604 1298
2574 1306
2618 1342
2616 1328
2621 1329
2604 1383
2605 1382
2606 1375
2606 1379
2608 1377
2606 1293
2604 1299
2573 1306
2617 1342
2619 1342
2616 1327
2605 1383
2606 1374
2606 1380
2606 1292
2607 1293
2604 1300
2605 1299
2573 1305
2572 1306
2617 1343
2619 1343
2616 1326
2606 1383
2606 1373
2607 1380
2606 1291
2608 1293
2606 1299
2573 1304
2571 1306
2616 1343
2619 1344
2616 1325
2615 1326
2606 1384
2607 1291
2609 1293
2606 1300
2607 1299
2574 1304
2571 1305
2571 1307
2570 1306
2616 1344
2619 1345
2620 1344
2616 1324
2606 1385
2608 1291
2610 1293
2571 1304
2571 1308
2570 1307
2569 1306
2615 1344
2619 1346
2616 1323
2605 1385
2607 1385
2609 1291
2611 1293
2570 1304
2570 1308
2569 1307
2569 1305
2619 1347
2615 1323
2608 1385
2610 1291
2611 1294
2570 1309
2568 1307
2568 1305
2619 1348
2620 1347
2615 1322
2608 1384
2608 1386
2610 1290
2611 1291
2570 1310
2621 1347
2615 1321
2614 1322
2608 1383
2608 1387
2612 1291
2571 1310
2621 1348
2622 1347
2614 1321
2613 1322
2608 1382
2608 1388
2607 1387
2613 1291
2571 1311
2572 1310
2621 1349
2622 1346
2614 1320
2613 1323
2609 1382
2606 1387
2613 1290
2613 1292
2571 1312
2573 1310
2621 1350
2623 1346
2613 1324
2609 1381
2606 1388
2605 1387
2613 1289
2614 1292
2571 1313
2572 1312
2620 1350
2622 1350
2623 1345
2613 1325
2609 1380
2610 1381
2604 1387
2613 1288
2614 1289
2614 1293
2571 1314
2570 1313
2572 1313
2619 1350
2622 1351
2623 1344
2610 1380
2611 1381
2604 1388
2603 1387
2613 1287
2615 1293
2571 1315
2570 1314
2569 1313
2618 1350
2622 1352
2623 1343
2612 1381
2613 1286
2615 1294
2571 1316
2570 1315
2568 1313
2618 1349
2617 1350
2622 1353
2623 1342
2622 1343
2624 1343
2612 1382
2613 1381
2613 1285
2616 1294
2571 1317
2569 1315
2568 1312
2616 1350
2622 1354
2621 1353
2622 1342
2621 1343
2625 1343
2612 1383
2614 1381
2613 1284
2617 1294
2572 1317
2569 1316
2568 1311
2615 1350
2621 1354
2622 1341
2625 1342
2625 1344
2626 1343
2614 1380
2615 1381
2613 1283
2617 1295
2572 1318
2569 1317
2568 1316
2567 1311
2615 1349
2621 1341
2626 1342
2625 1345
2627 1343
2614 1379
2615 1382
2612 1283
2614 1283
2617 1296
2618 1295
2573 1318
2567 1316
2567 1310
2615 1348
2614 1349
2621 1340
2627 1342
2628 1343
2613 1379
2615 1379
2615 1383
2611 1283
2615 1283
2617 1297
2567 1317
2567 1309
2566 1310
2614 1348
2613 1349
2620 1340
2627 1341
2628 1342
2629 1343
2612 1379
2615 1378
2616 1379
2615 1384
2610 1283
2615 1284
2617 1298
2616 1297
2567 1318
2566 1317
2566 1309
2568 1309
2565 1310
2613 1350
2627 1340
2630 1343
2616 1378
2616 1380
2615 1385
2616 1384
2610 1282
2616 1284
2618 1298
2615 1297
2568 1318
2565 1309
2565 1311
2564 1310
2630 1344
2631 1343
2617 1378
2617 1380
2615 1386
2617 1384
2610 1281
2616 1285
2617 1284
2618 1299
2615 1298
2565 1312
2564 1311
2630 1345
2631 1342
2632 1343
2618 1378
2618 1380
2614 1386
2617 1385
2610 1280
2611 1281
2616 1286
2617 1283
2619 1299
2615 1299
2614 1298
2564 1312
2566 1312
2563 1311
2630 1346
2631 1341
2633 1343
2618 1377
2618 1379
2619 1380
2618 1385
2609 1280
2616 1287
2615 1286
2617 1286
2617 1282
2619 1300
2620 1299
2614 1299
2616 1299
2564 1313
2562 1311
2631 1346
2631 1340
2633 1342
2634 1343
2619 1377
2619 1381
2618 1386
2608 1280
2618 1286
2618 1282
2619 1301
2620 1298
2564 1314
2562 1310
2561 1311
2632 1340
2634 1344
2619 1376
2620 1377
2619 1386
2608 1279
2607 1280
2619 1286
2618 1281
2619 1302
2563 1314
2565 1314
2562 1309
2561 1312
2560 1311
2632 1339
2633 1340
2635 1344
2619 1375
2621 1377
2620 1386
2607 1281
2606 1280
2619 1285
2619 1287
2618 1280
2563 1315
2565 1315
2563 1309
2561 1313
2560 1310
2633 1339
2634 1340
2636 1344
2618 1375
2620 1375
2622 1377
2621 1386
2606 1279
2619 1284
2619 1288
2618 1279
2562 1315
2565 1316
2563 1308
2560 1313
2633 1338
2634 1339
2635 1340
2636 1343
2637 1344
2620 1374
2622 1378
2623 1377
2621 1387
2605 1279
2620 1284
2620 1288
2564 1316
2563 1307
2559 1313
2633 1337
2636 1340
2637 1345
2638 1344
2622 1387
2605 1278
2604 1279
2620 1283
2620 1289
2621 1288
2564 1317
2563 1306
2562 1307
2564 1307
2559 1314
2633 1336
2637 1340
2637 1346
2638 1345
2638 1343
2622 1388
2623 1387
2605 1277
2604 1278
2604 1280
2603 1279
2621 1283
2622 1288
2564 1318
2563 1305
2565 1307
2559 1315
2633 1335
2637 1339
2637 1347
2623 1388
2623 1386
2604 1277
2604 1281
2603 1280
2602 1279
2622 1283
2623 1288
2565 1318
2564 1305
2559 1316
2558 1315
2633 1334
2638 1339
2636 1347
2638 1347
2623 1389
2623 1385
2604 1276
2603 1277
2603 1281
2605 1281
2602 1280
2601 1279
2623 1283
2623 1289
2624 1288
2564 1304
2565 1305
2559 1317
2557 1315
2633 1333
2638 1338
2635 1347
2638 1348
2624 1389
2623 1384
2624 1385
2604 1275
2603 1276
2601 1280
2600 1279
2623 1282
2624 1283
2623 1290
2565 1304
2566 1305
2560 1317
2557 1314
2633 1332
2638 1337
2635 1346
2638 1349
2624 1390
2623 1383
2622 1384
2604 1274
2603 1275
2602 1276
2599 1279
2625 1283
2623 1291
2622 1290
2566 1304
2566 1306
2560 1318
2556 1314
2632 1332
2638 1336
2634 1346
2637 1349
2639 1349
2625 1390
2623 1382
2604 1273
2601 1276
2599 1280
2598 1279
2625 1282
2625 1284
2623 1292
2622 1291
2566 1303
2560 1319
2556 1313
2555 1314
2632 1331
2638 1335
2639 1336
2640 1349
2626 1390
2622 1382
2624 1382
2604 1272
2605 1273
2600 1276
2598 1278
2626 1282
2567 1303
2560 1320
2556 1312
2631 1331
2637 1335
2640 1336
2640 1350
2641 1349
2626 1389
2626 1391
2604 1271
2603 1272
2598 1277
2561 1320
2557 1312
2631 1330
2630 1331
2640 1351
2641 1350
2641 1348
2627 1389
2626 1392
2603 1271
2605 1271
2602 1272
2597 1277
2561 1321
2557 1311
2631 1329
2630 1330
2639 1351
2642 1350
2642 1348
2627 1388
2626 1393
2603 1270
2605 1270
2606 1271
2601 1272
2597 1276
2596 1277
2557 1310
2631 1328
2630 1329
2632 1329
2639 1352
2642 1351
2642 1347
2643 1348
2627 1387
2626 1394
2627 1393
2601 1271
2601 1273
2597 1275
2595 1277
2632 1328
2633 1329
2638 1352
2642 1352
2642 1346
2628 1387
2601 1270
2598 1275
2595 1278
2594 1277
2633 1328
2638 1353
2642 1345
2643 1346
2628 1386
2629 1387
2600 1270
2594 1278
2638 1354
2642 1344
2630 1387
2600 1269
2599 1270
2639 1354
2642 1343
2631 1387
2600 1268
2598 1270
2640 1354
2642 1342
2597 1270
2640 1355
2642 1341
2643 1342
2597 1269
2597 1271
2640 1356
2641 1355
2642 1340
2643 1341
2597 1268
2597 1272
2640 1357
2642 1355
2644 1341
2597 1267
2598 1272
2640 1358
2642 1354
2645 1341
2597 1266
2596 1267
2641 1358
2643 1354
2645 1340
2646 1341
2597 1265
2595 1267
2642 1358
2643 1353
2644 1354
2645 1339
2647 1341
2597 1264
2595 1266
2595 1268
2642 1357
2642 1359
2645 1354
2644 1339
2647 1340
2597 1263
2595 1269
2643 1359
2645 1353
2646 1354
2597 1262
2596 1263
2598 1263
2595 1270
2643 1360
2645 1352
2646 1353
2646 1355
2647 1354
2596 1262
2595 1263
2599 1263
2595 1271
2643 1361
2644 1352
2647 1353
2647 1355
2596 1261
2595 1262
2600 1263
2595 1272
2643 1362
2644 1361
2647 1356
2596 1260
2594 1262
2643 1363
2648 1356
2597 1260
2642 1363
2649 1356
2597 1259
2642 1364
2649 1355
2597 1258
2642 1365
2649 1354
2650 1355
2597 1257
2596 1258
2598 1258
2649 1353
2650 1354
2651 1355
2595 1258
2599 1258
2650 1353
2595 1259
2594 1258
2600 1258
2651 1353
2593 1258
2600 1257
2600 1259
2652 1353
2592 1258
2601 1257
2653 1353
2591 1258
2601 1256
2653 1352
2591 1257
2601 1255
2602 1256
2654 1352
2590 1257
2601 1254
2600 1255
2655 1352
2590 1256
2601 1253
2602 1254
2656 1352
2590 1255
2589 1256
2603 1254
2656 1351
2656 1353
2657 1352
2588 1256
2604 1254
2656 1350
2656 1354
2587 1256
2604 1253
2605 1254
2657 1350
2656 1355
2587 1255
2605 1253
2606 1254
2657 1349
2656 1356
2657 1355
2587 1254
2605 1252
2606 1255
2656 1357
2658 1355
2587 1253
2586 1254
2607 1255
2655 1357
2657 1357
2659 1355
2587 1252
2585 1254
2608 1255
2657 1358
2658 1357
2659 1354
2659 1356
2588 1252
2585 1255
2609 1255
2660 1356
2588 1251
2609 1254
2609 1256
2610 1255
2660 1357
2661 1356
2589 1251
2610 1254
2609 1257
2611 1255
2661 1357
2662 1356
2589 1250
2590 1251
2611 1254
2609 1258
2661 1358
2663 1356
2589 1249
2591 1251
2609 1259
2661 1359
2663 1355
2664 1356
2589 1248
2588 1249
2590 1249
2592 1251
2609 1260
2660 1359
2662 1359
2665 1356
2592 1250
2593 1251
2609 1261
2659 1359
2662 1360
2663 1359
2665 1355
2592 1249
2593 1252
2609 1262
2608 1261
2610 1261
2659 1360
2663 1360
2663 1358
2664 1359
2593 1249
2593 1253
2594 1252
2609 1263
2608 1262
2610 1262
2607 1261
2611 1261
2658 1360
2664 1360
2665 1359
2594 1249
2592 1253
2594 1253
2595 1252
2610 1263
2607 1260
2612 1261
2657 1360
2664 1361
2665 1358
2594 1248
2592 1254
2596 1252
2610 1264
2611 1263
2606 1260
2612 1260
2613 1261
2656 1360
2664 1362
2665 1361
2594 1247
2591 1254
2605 1260
2614 1261
2655 1360
2663 1362
2665 1362
2593 1247
2595 1247
2605 1259
2604 1260
2614 1262
2655 1359
2654 1360
2663 1363
2662 1362
2665 1363
2666 1362
2593 1246
2596 1247
2603 1260
2614 1263
2654 1361
2653 1360
2663 1364
2661 1362
2596 1246
2596 1248
2597 1247
2603 1261
2602 1260
2614 1264
2654 1362
2653 1361
2663 1365
2661 1361
2596 1245
2597 1246
2598 1247
2603 1262
2613 1264
2615 1264
2654 1363
2653 1362
2652 1361
2663 1366
2596 1244
2597 1245
2612 1264
2616 1264
2651 1361
2663 1367
2595 1244
2598 1245
2617 1264
2651 1360
2651 1362
2650 1361
2663 1368
2662 1367
2664 1367
2595 1243
2598 1244
2599 1245
2618 1264
2651 1359
2651 1363
2650 1362
2661 1367
2665 1367
2595 1242
2599 1246
2600 1245
2618 1265
2619 1264
2651 1358
2661 1366
2660 1367
2665 1368
2666 1367
2595 1241
2600 1246
2601 1245
2619 1265
2620 1264
2652 1358
2666 1368
2667 1367
2595 1240
2594 1241
2600 1247
2602 1245
2619 1266
2620 1263
2666 1369
2667 1368
2594 1240
2593 1241
2603 1245
2619 1267
2666 1370
2668 1368
2592 1241
2603 1246
2619 1268
2618 1267
2665 1370
2669 1368
2592 1240
2591 1241
2603 1247
2604 1246
2619 1269
2664 1370
2669 1367
2591 1242
2590 1241
2603 1248
2619 1270
2669 1366
2670 1367
2591 1243
2590 1240
2589 1241
2604 1248
2618 1270
2620 1270
2669 1365
2671 1367
2591 1244
2592 1243
2589 1242
2588 1241
2604 1249
2605 1248
2621 1270
2669 1364
2672 1367
2587 1241
2604 1250
2605 1249
2622 1270
2669 1363
2668 1364
2673 1367
2587 1242
2586 1241
2606 1249
2622 1271
2670 1363
2673 1366
2673 1368
2674 1367
2586 1240
2607 1249
2623 1271
2671 1363
2673 1365
2673 1369
2674 1368
2675 1367
2586 1239
2607 1248
2608 1249
2624 1271
2672 1363
2673 1370
2675 1366
2676 1367
2586 1238
2587 1239
2607 1247
2608 1248
2608 1250
2609 1249
2625 1271
2673 1363
2673 1371
2677 1367
2586 1237
2585 1238
2588 1239
2607 1246
2608 1247
2608 1251
2625 1272
2626 1271
2674 1363
2673 1372
2672 1371
2674 1371
2678 1367
2585 1237
2588 1238
2606 1246
2625 1273
2626 1270
2674 1362
2672 1372
2674 1372
2675 1371
2678 1368
2679 1367
2584 1237
2606 1245
2624 1273
2627 1270
2674 1361
2675 1362
2671 1372
2674 1373
2676 1371
2678 1369
2680 1367
2583 1237
2606 1244
2605 1245
2624 1274
2623 1273
2628 1270
2674 1360
2673 1361
2675 1361
2676 1362
2671 1373
2676 1372
2679 1369
2680 1366
2583 1236
2583 1238
2606 1243
2624 1275
2628 1269
2628 1271
2629 1270
2674 1359
2673 1360
2671 1374
2676 1373
2680 1369
2680 1365
2681 1366
2583 1235
2582 1236
2583 1239
2606 1242
2628 1268
2630 1270
2674 1358
2673 1359
2675 1359
2671 1375
2676 1374
2677 1373
2680 1370
2681 1369
2679 1365
2682 1366
2583 1234
2584 1235
2582 1239
2584 1239
2606 1241
2607 1242
2628 1267
2627 1268
2631 1270
2674 1357
2671 1376
2670 1375
2677 1374
2678 1373
2678 1365
2682 1365
2682 1367
2683 1366
2583 1233
2585 1235
2582 1240
2584 1240
2605 1241
2628 1266
2627 1267
2631 1271
2674 1356
2671 1377
2677 1375
2678 1364
2682 1364
2683 1367
2586 1235
2582 1241
2604 1241
2628 1265
2629 1266
2674 1355
2670 1377
2677 1364
2682 1363
2683 1364
2683 1368
2587 1235
2581 1241
2603 1241
2628 1264
2674 1354
2675 1355
2670 1378
2683 1363
2587 1234
2588 1235
2581 1242
2603 1242
2627 1264
2629 1264
2673 1354
2675 1354
2670 1379
2683 1362
2587 1233
2588 1236
2589 1235
2580 1242
2626 1264
2630 1264
2676 1354
2670 1380
2683 1361
2586 1233
2589 1234
2579 1242
2626 1263
2625 1264
2630 1263
2630 1265
2677 1354
2670 1381
2671 1380
2683 1360
2684 1361
2585 1233
2579 1241
2624 1264
2630 1262
2677 1353
2669 1381
2672 1380
2682 1360
2684 1360
2585 1232
2579 1240
2578 1241
2630 1261
2678 1353
2669 1382
2672 1381
2681 1360
2685 1360
2585 1231
2580 1240
2577 1241
2630 1260
2631 1261
2678 1352
2679 1353
2669 1383
2668 1382
2672 1382
2673 1381
2680 1360
2685 1359
2686 1360
2584 1231
2586 1231
2576 1241
2632 1261
2679 1352
2680 1353
2667 1382
2674 1381
2680 1359
2680 1361
2686 1359
2686 1361
2687 1360
2583 1231
2576 1240
2575 1241
2633 1261
2680 1354
2681 1353
2667 1383
2680 1358
2679 1361
2686 1362
2687 1361
2688 1360
2583 1230
2582 1231
2575 1242
2634 1261
2680 1355
2681 1352
2682 1353
2666 1383
2679 1358
2681 1358
2687 1362
2582 1230
2574 1242
2635 1261
2679 1355
2681 1351
2683 1353
2666 1384
2665 1383
2687 1363
2582 1229
2574 1243
2573 1242
2635 1260
2681 1350
2683 1354
2684 1353
2666 1385
2665 1384
2665 1382
2687 1364
2688 1363
2582 1228
2573 1241
2635 1259
2636 1260
2681 1349
2684 1352
2685 1353
2666 1386
2665 1385
2667 1385
2664 1384
2665 1381
2686 1364
2689 1363
2582 1227
2572 1241
2637 1260
2682 1349
2684 1351
2666 1387
2667 1386
2686 1365
2689 1362
2690 1363
2581 1227
2583 1227
2571 1241
2637 1259
2684 1350
2666 1388
2668 1386
2685 1365
2690 1362
2580 1227
2584 1227
2571 1242
2637 1258
2638 1259
2685 1350
2665 1388
2667 1388
2690 1361
2584 1226
2584 1228
2585 1227
2571 1243
2570 1242
2637 1257
2686 1350
2667 1389
2668 1388
2584 1225
2585 1226
2584 1229
2586 1227
2571 1244
2569 1242
2636 1257
2638 1257
2667 1390
2583 1225
2586 1228
2587 1227
2572 1244
2569 1241
2639 1257
2667 1391
2583 1224
2587 1228
2587 1226
2588 1227
2572 1245
2573 1244
2569 1240
2639 1256
2640 1257
2667 1392
2668 1391
2583 1223
2582 1224
2588 1228
2589 1227
2572 1246
2570 1240
2641 1257
2666 1392
2583 1222
2589 1226
2571 1246
2573 1246
2570 1239
2642 1257
2666 1393
2665 1392
2583 1221
2582 1222
2589 1225
2571 1247
2573 1247
2574 1246
2570 1238
2642 1256
2642 1258
2643 1257
2666 1394
2665 1393
2664 1392
2583 1220
2582 1221
2584 1221
2581 1222
2589 1224
2571 1248
2570 1247
2575 1246
2571 1238
2643 1256
2642 1259
2644 1257
2665 1394
2667 1394
2663 1392
2583 1219
2589 1223
2588 1224
2571 1249
2575 1247
2572 1238
2644 1256
2642 1260
2641 1259
2643 1259
2644 1258
2667 1395
2663 1393
2583 1218
2584 1219
2588 1223
2590 1223
2571 1250
2576 1247
2572 1237
2644 1255
2642 1261
2667 1396
2663 1394
2584 1218
2587 1223
2591 1223
2570 1250
2572 1250
2573 1237
2644 1254
2642 1262
2667 1397
2668 1396
2584 1217
2591 1222
2570 1251
2569 1250
2573 1250
2573 1236
2574 1237
2643 1254
2645 1254
2641 1262
2643 1262
2667 1398
2668 1397
2669 1396
2584 1216
2585 1217
2591 1221
2592 1222
2570 1252
2569 1249
2573 1251
2573 1235
2575 1237
2645 1253
2641 1263
2640 1262
2644 1262
2667 1399
2669 1397
2591 1220
2590 1221
2570 1253
2569 1252
2568 1249
2573 1234
2575 1238
2576 1237
2640 1263
2640 1261
2645 1262
2667 1400
2666 1399
2670 1397
2591 1219
2592 1220
2570 1254
2571 1253
2568 1248
2567 1249
2575 1239
2576 1238
2576 1236
2639 1263
2646 1262
2666 1400
2665 1399
2670 1398
2590 1219
2592 1219
2593 1220
2570 1255
2567 1250
2577 1236
2639 1264
2638 1263
2647 1262
2666 1401
2664 1399
2670 1399
2671 1398
2594 1220
2569 1255
2571 1255
2567 1251
2639 1265
2637 1263
2648 1262
2666 1402
2669 1399
2594 1219
2594 1221
2568 1255
2566 1251
2568 1251
2639 1266
2637 1264
2648 1263
2666 1403
2665 1402
2669 1400
2594 1218
2595 1219
2568 1254
2567 1255
2638 1266
2640 1266
2636 1264
2666 1404
2665 1403
2664 1402
2669 1401
2594 1217
2596 1219
2567 1256
2566 1255
2638 1267
2640 1267
2664 1401
2670 1401
2594 1216
2595 1217
2596 1220
2597 1219
2567 1257
2566 1256
2566 1254
2637 1267
2640 1268
2670 1402
2594 1215
2593 1216
2595 1216
2596 1221
2566 1257
2565 1256
2565 1254
2637 1268
2640 1269
2639 1268
2671 1402
2594 1214
2595 1215
2596 1222
2565 1257
2564 1254
2640 1270
2596 1215
2596 1223
2597 1222
2565 1258
2564 1253
2640 1271
2639 1270
2596 1224
2597 1223
2598 1222
2565 1259
2564 1252
2563 1253
2639 1271
2641 1271
2599 1222
2565 1260
2566 1259
2565 1252
2562 1253
2599 1223
2565 1261
2567 1259
2561 1253
2599 1224
2565 1262
2566 1261
2568 1259
2560 1253
2598 1224
2600 1224
2564 1262
2566 1262
2568 1258
2568 1260
2598 1225
2600 1225
2563 1262
2567 1262
2568 1261
2600 1226
2563 1263
2562 1262
2567 1263
2568 1262
2599 1226
2601 1226
2563 1264
2561 1262
2568 1263
2599 1227
2602 1226
2564 1264
2560 1262
2569 1263
2598 1227
2603 1226
2565 1264
2560 1261
2560 1263
2559 1262
2570 1263
2597 1227
2603 1227
2565 1265
2560 1260
2560 1264
2558 1262
2597 1228
2603 1228
2604 1227
2565 1266
2566 1265
2560 1259
2561 1260
2560 1265
2559 1264
2597 1229
2605 1227
2565 1267
2560 1258
2559 1259
2561 1259
2560 1266
2561 1265
2558 1264
2597 1230
2605 1226
2566 1267
2560 1257
2559 1258
2561 1258
2560 1267
2562 1265
2596 1230
2598 1230
2606 1226
2566 1268
2560 1256
2561 1257
2560 1268
2562 1266
2596 1231
2607 1226
2566 1269
2560 1269
2595 1231
2607 1227
2608 1226
2566 1270
2561 1269
2566 1271
2565 1270
2567 1270
2562 1269
2565 1271
2568 1270
2562 1268
2562 1270
2563 1269
2565 1272
2569 1270
2562 1271
2565 1273
2570 1270
2562 1272
2561 1271
2563 1271
2566 1273
2571 1270
2560 1271
2566 1274
2567 1273
2572 1270
2559 1271
2566 1275
2567 1274
2568 1273
2572 1271
2559 1272
2558 1271
2566 1276
2567 1275
2568 1272
2572 1272
2557 1271
2565 1276
2567 1276
2568 1275
2571 1272
2573 1272
2557 1270
2567 1277
2569 1275
2573 1273
2574 1272
2556 1270
2570 1275
2573 1274
2575 1272
2556 1269
2555 1270
2573 1275
2574 1274
2576 1272
2556 1268
2555 1271
2573 1276
2575 1274
2576 1271
2576 1273
2556 1267
2555 1268
2555 1272
2573 1277
2576 1270
2556 1266
2554 1268
2556 1272
2573 1278
2577 1270
2557 1266
2554 1267
2553 1268
2556 1273
2574 1278
2578 1270
2558 1266
2553 1267
2553 1269
2574 1279
2578 1269
2578 1271
2553 1266
2552 1267
2553 1270
2575 1279
2551 1267
2553 1271
2575 1280
2576 1279
2551 1266
2550 1267
2553 1272
2576 1278
2577 1279
2550 1266
2553 1273
2552 1272
2577 1278
2578 1279
2550 1265
2553 1274
2578 1280
2550 1264
2578 1281
2550 1263
2549 1264
2578 1282
2548 1264
2578 1283
2548 1263
2548 1265
2578 1284
2547 1265
2579 1284
2546 1265
2579 1285
2580 1284
2546 1266
2545 1265
2580 1285
2581 1284
2546 1267
2544 1265
2581 1283
2582 1284
2546 1268
2547 1267
2544 1264
2543 1265
2581 1282
2583 1284
2545 1268
2547 1268
2543 1264
2581 1281
2583 1283
2583 1285
2545 1269
2547 1269
2542 1264
2581 1280
2583 1282
2583 1286
2584 1285
2545 1270
2541 1264
2584 1282
2583 1287
2585 1285
2545 1271
2546 1270
2541 1263
2540 1264
2584 1281
2582 1287
2584 1287
2585 1284
2586 1285
2545 1272
2544 1271
2540 1263
2582 1288
2581 1287
2584 1288
2585 1287
2587 1285
2544 1272
2540 1262
2580 1287
2584 1289
2585 1288
2587 1284
2588 1285
2544 1273
2540 1261
2580 1288
2584 1290
2588 1284
2588 1286
2544 1274
2543 1273
2540 1260
2541 1261
2580 1289
2579 1288
2585 1290
2588 1283
2588 1287
2545 1274
2542 1273
2540 1259
2539 1260
2541 1260
2580 1290
2586 1290
2588 1282
2587 1287
2589 1287
2546 1274
2540 1258
2538 1260
2579 1290
2581 1290
2587 1290
2588 1281
2587 1288
2590 1287
2546 1273
2547 1274
2540 1257
2539 1258
2579 1291
2578 1290
2588 1290
2591 1287
2547 1275
2548 1274
2539 1257
2579 1292
2577 1290
2588 1291
2589 1290
2591 1286
2548 1275
2539 1256
2579 1293
2578 1292
2576 1290
2588 1292
2590 1290
2591 1285
2592 1286
2548 1276
2549 1275
2538 1256
2578 1293
2577 1292
2575 1290
2588 1293
2590 1289
2592 1285
2593 1286
2548 1277
2538 1255
2588 1294
2589 1293
2593 1285
2594 1286
2548 1278
2537 1255
2587 1294
2593 1284
2594 1287
2548 1279
2537 1254
2586 1294
2548 1280
2547 1279
2537 1253
2536 1254
2586 1295
2548 1281
2547 1280
2536 1253
2538 1253
2548 1282
2535 1253
2538 1252
2539 1253
2547 1282
2549 1282
2534 1253
2538 1251
2540 1253
2547 1283
2546 1282
2533 1253
2538 1250
2537 1251
2547 1284
2545 1282
2533 1252
2539 1250
2536 1251
2546 1284
2544 1282
2532 1252
2539 1249
2546 1285
2543 1282
2532 1251
2546 1286
2543 1281
2542 1282
2531 1251
2545 1286
2547 1286
2542 1281
2541 1282
2530 1251
2544 1286
2542 1280
2540 1282
2530 1250
2544 1287
2542 1279
2540 1283
2530 1249
2529 1250
2543 1287
2542 1278
2543 1279
2540 1284
2531 1249
2528 1250
2543 1288
2542 1277
2544 1279
2540 1285
2539 1284
2531 1248
2527 1250
2543 1289
2542 1276
2540 1286
2541 1285
2531 1247
2532 1248
2527 1251
2544 1289
2542 1275
2543 1276
2530 1247
2532 1247
2533 1248
2526 1251
2544 1290
2541 1275
2544 1276
2530 1246
2532 1246
2526 1252
2544 1291
2545 1290
2541 1274
2540 1275
2544 1277
2545 1276
2529 1246
2532 1245
2544 1292
2543 1291
2540 1274
2540 1276
2539 1275
2545 1277
2528 1246
2532 1244
2543 1292
2540 1273
2545 1278
2527 1246
2533 1244
2542 1292
2540 1272
2527 1247
2526 1246
2533 1243
2542 1293
2540 1271
2526 1247
2525 1246
2533 1242
2534 1243
2541 1293
2539 1271
2525 1247
2525 1245
2524 1246
2533 1241
2535 1243
2541 1294
2540 1293
2539 1270
2538 1271
2525 1248
2524 1245
2523 1246
2532 1241
2534 1241
2535 1244
2536 1243
2541 1295
2540 1292
2539 1269
2538 1272
2524 1248
2524 1244
2532 1240
2541 1296
2540 1291
2539 1292
2540 1269
2538 1273
2537 1272
2524 1249
2523 1248
2524 1243
2523 1244
2532 1239
2542 1296
2540 1290
2541 1291
2538 1292
2538 1274
2537 1273
2523 1249
2522 1248
2524 1242
2532 1238
2533 1239
2541 1290
2538 1293
2537 1274
2536 1273
2523 1250
2522 1247
2521 1248
2523 1242
2531 1238
2533 1238
2537 1293
2535 1273
2523 1251
2521 1249
2522 1242
2530 1238
2534 1238
2536 1293
2535 1272
2535 1274
2534 1273
2523 1252
2521 1242
2530 1237
2536 1294
2534 1272
2535 1275
2523 1253
2521 1241
2520 1242
2530 1236
2529 1237
2536 1295
2534 1271
2533 1272
2523 1254
2521 1240
2520 1241
2529 1236
2534 1270
2533 1271
2523 1255
2522 1254
2521 1239
2520 1240
2522 1240
2529 1235
2534 1269
2532 1271
2523 1256
2521 1254
2521 1238
2520 1239
2519 1240
2528 1235
2534 1268
2532 1270
2522 1256
2524 1256
2520 1254
2521 1237
2519 1239
2518 1240
2528 1234
2534 1267
2532 1269
2522 1257
2521 1256
2524 1257
2521 1236
2518 1241
2517 1240
2528 1233
2534 1266
2535 1267
2531 1269
2522 1258
2521 1257
2522 1236
2516 1240
2528 1232
2527 1233
2533 1266
2535 1266
2536 1267
2531 1268
2520 1257
2515 1240
2529 1232
2532 1266
2536 1266
2519 1257
2515 1241
2529 1231
2531 1266
2519 1256
2519 1258
2515 1242
2514 1241
2529 1230
2530 1231
2531 1265
2530 1266
2518 1256
2519 1259
2515 1243
2513 1241
2528 1230
2531 1231
2531 1264
2529 1266
2518 1255
2519 1260
2518 1259
2515 1244
2527 1230
2531 1230
2531 1232
2531 1263
2529 1267
2518 1254
2519 1261
2517 1259
2515 1245
2516 1244
2527 1229
2531 1229
2532 1230
2531 1233
2531 1262
2529 1268
2528 1267
2518 1261
2520 1261
2516 1259
2514 1245
2517 1244
2526 1229
2533 1230
2531 1234
2530 1262
2532 1262
2529 1269
2527 1267
2518 1262
2520 1262
2516 1260
2515 1259
2514 1246
2517 1243
2517 1245
2518 1244
2525 1229
2534 1230
2530 1234
2533 1262
2527 1266
2527 1268
2517 1262
2520 1263
2515 1258
2514 1259
2514 1247
2517 1242
2525 1228
2535 1230
2527 1265
2526 1266
2526 1268
2519 1263
2521 1263
2515 1257
2514 1258
2514 1260
2515 1247
2524 1228
2535 1229
2527 1264
2526 1269
2525 1268
2515 1256
2514 1257
2516 1247
2524 1227
2535 1228
2526 1264
2528 1264
2526 1270
2524 1268
2513 1257
2517 1247
2524 1226
2536 1228
2526 1263
2525 1270
2513 1256
2512 1257
2517 1248
2523 1226
2536 1227
2537 1228
2525 1263
2524 1270
2512 1256
2512 1258
2517 1249
2522 1226
2536 1226
2537 1229
2538 1228
2522 1227
2536 1225
2538 1227
2539 1228
2522 1228
2521 1227
2536 1224
2535 1225
2538 1226
2540 1228
2520 1227
2536 1223
2534 1225
2520 1228
2519 1227
2535 1223
2537 1223
2533 1225
2519 1228
2518 1227
2534 1223
2538 1223
2532 1225
2518 1228
2517 1227
2534 1222
2533 1223
2539 1223
2532 1226
2518 1229
2517 1228
2534 1221
2532 1223
2540 1223
2532 1227
2531 1223
2540 1224
2532 1228
2531 1227
2541 1224
2542 1224
2542 1223
2543 1224
2544 1224
2545 1224
2545 1223
2545 1225
2546 1224
2547 1224
2547 1223
2547 1225
2547 1222
2548 1223
2548 1225
2547 1221
2549 1225
2547 1220
2549 1226
2547 1219
2546 1220
2548 1220
2550 1226
2547 1218
2548 1219
2549 1220
2546 1218
2548 1218
2549 1219
2549 1221
2546 1217
2548 1217
2550 1219
2550 1221
2546 1216
2549 1217
2551 1221
2545 1216
2550 1217
2551 1220
2551 1222
2552 1221
2545 1215
2551 1217
2552 1220
2551 1223
2553 1221
2552 1217
2552 1216
2552 1218
2553 1217
2552 1215
2551 1215
2553 1215
2550 1215
2554 1215
2550 1214
2554 1214
2555 1215
2550 1213
2555 1214
2555 1216
2551 1213
2555 1213
2555 1217
2551 1212
2556 1213
2551 1211
2557 1213
2551 1210
2557 1212
2558 1213
2551 1209
2550 1210
2557 1211
2558 1212
2559 1213
2551 1208
2557 1210
2559 1212
2560 1213
2551 1207
2557 1209
2561 1213
2550 1207
2557 1208
2558 1209
2561 1212
2562 1213
2549 1207
2559 1209
2562 1212
2562 1214
2549 1206
2548 1207
2559 1208
2562 1211
2563 1212
2562 1215
2549 1205
2548 1206
2548 1208
2560 1208
2562 1210
2564 1212
2562 1216
2548 1205
2550 1205
2547 1208
2560 1207
2564 1211
2562 1217
2548 1204
2551 1205
2547 1209
2560 1206
2564 1210
2562 1218
2548 1203
2547 1204
2552 1205
2547 1210
2565 1210
2561 1218
2563 1218
2548 1202
2549 1203
2546 1204
2552 1204
2553 1205
2565 1209
2560 1218
2564 1218
2548 1201
2547 1202
2546 1203
2546 1205
2545 1204
2552 1203
2565 1208
2560 1217
2560 1219
2559 1218
2564 1217
2565 1218
2546 1206
2544 1204
2553 1203
2558 1218
2564 1216
2566 1218
2544 1203
2544 1205
2543 1204
2554 1203
2557 1218
2565 1216
2567 1218
2543 1203
2542 1204
2554 1202
2567 1219
2568 1218
2542 1205
2541 1204
2554 1201
2568 1219
2568 1217
2542 1206
2541 1205
2541 1203
2554 1200
2555 1201
2568 1220
2568 1216
2541 1206
2540 1205
2540 1203
2554 1199
2553 1200
2556 1201
2568 1221
2569 1216
2541 1207
2540 1206
2540 1202
2554 1198
2556 1202
2569 1221
2569 1215
2570 1216
2540 1207
2540 1201
2553 1198
2557 1202
2570 1221
2569 1214
2540 1208
2539 1201
2553 1197
2558 1202
2571 1221
2569 1213
2570 1214
2539 1208
2539 1200
2538 1201
2553 1196
2558 1201
2559 1202
2572 1221
2568 1213
2571 1214
2538 1208
2539 1199
2538 1202
2537 1201
2552 1196
2554 1196
2558 1200
2559 1203
2572 1222
2568 1212
2567 1213
2571 1215
2538 1207
2537 1208
2552 1195
2551 1196
2555 1196
2558 1199
2560 1203
2572 1223
2572 1215
2537 1207
2537 1209
2536 1208
2551 1195
2555 1195
2555 1197
2557 1199
2559 1199
2561 1203
2572 1224
2571 1223
2573 1215
2537 1210
2535 1208
2555 1194
2556 1197
2561 1202
2561 1204
2571 1224
2573 1224
2573 1214
2573 1216
2535 1207
2534 1208
2555 1193
2556 1194
2561 1201
2562 1202
2561 1205
2571 1225
2570 1224
2574 1224
2573 1213
2574 1216
2535 1206
2534 1207
2534 1209
2533 1208
2555 1192
2557 1194
2560 1201
2563 1202
2571 1226
2575 1224
2573 1212
2575 1216
2534 1206
2556 1192
2558 1194
2563 1203
2571 1227
2570 1226
2575 1223
2575 1225
2576 1216
2533 1206
2556 1191
2559 1194
2563 1204
2572 1227
2576 1223
2533 1205
2532 1206
2556 1190
2557 1191
2564 1204
2572 1228
2576 1222
2577 1223
2532 1205
2531 1206
2556 1189
2558 1191
2565 1204
2572 1229
2532 1204
2531 1205
2531 1207
2555 1189
2558 1192
2566 1204
2532 1203
2531 1204
2530 1207
2555 1188
2554 1189
2559 1192
2567 1204
2532 1202
2531 1203
2529 1207
2555 1187
2554 1188
2560 1192
2532 1201
2531 1202
2528 1207
2554 1187
2553 1188
2531 1201
2533 1201
2528 1206
2528 1208
2527 1207
2554 1186
2530 1201
2533 1200
2534 1201
2528 1209
2554 1185
2553 1186
2530 1200
2535 1201
2528 1210
2553 1185
2552 1186
2530 1199
2535 1202
2528 1211
2529 1199
2531 1199
2535 1203
2528 1212
2527 1211
2528 1199
2531 1198
2528 1213
2526 1211
2528 1200
2527 1199
2531 1197
2528 1214
2526 1212
2525 1211
2526 1199
2531 1196
2530 1197
2532 1197
2529 1214
2524 1211
2526 1198
2525 1199
2531 1195
2530 1196
2532 1196
2529 1215
2530 1214
2524 1210
2523 1211
2526 1197
2525 1198
2525 1200
2531 1194
2533 1196
2529 1216
2530 1213
2526 1196
2524 1198
2525 1201
2524 1200
2531 1193
2532 1194
2528 1216
2531 1213
2526 1195
2523 1198
2525 1202
2523 1200
2531 1192
2528 1217
2532 1213
2526 1194
2523 1197
2525 1203
2523 1201
2531 1191
2527 1217
2532 1212
2532 1214
2533 1213
2526 1193
2525 1194
2522 1197
2524 1203
2522 1201
2530 1191
2527 1218
2532 1211
2533 1214
2524 1194
2522 1196
2521 1197
2521 1201
2529 1191
2527 1219
2526 1218
2532 1210
2533 1211
2533 1215
2534 1214
2524 1195
2523 1194
2522 1195
2520 1197
2520 1201
2529 1192
2525 1218
2534 1215
2535 1214
2522 1194
2520 1196
2520 1200
2520 1202
2519 1201
2528 1192
2525 1219
2524 1218
2534 1216
2535 1215
2536 1214
2520 1203
2518 1201
2525 1220
2523 1218
2535 1216
2536 1213
2519 1203
2518 1200
2518 1202
2522 1218
2535 1217
2536 1216
2537 1213
2518 1203
2518 1199
2536 1217
2537 1216
2518 1204
2517 1203
2518 1198
2517 1199
2538 1216
2516 1203
2516 1199
2538 1215
2516 1204
2516 1198
2516 1200
2516 1197
2516 1196
2515 1196
2515 1195
2514 1196
2514 1195
2513 1195
2513 1194
2513 1193
2512 1193
2512 1192
2511 1193
2512 1191
2511 1192
2513 1191
2513 1190
2514 1191
2513 1189
2514 1190
2513 1188
2514 1189
2513 1187
2513 1186
2512 1187
2514 1187
2511 1187
2515 1187
2510 1187
2515 1186
2515 1185
2514 1185
2516 1185
2514 1184
2517 1185
2514 1183
2513 1184
2517 1184
2517 1186
2513 1183
2517 1183
2518 1184
2513 1182
2512 1183
2512 1182
2511 1183
2511 1182
2510 1182
2509 1182
2509 1181
2508 1182
2509 1180
2508 1183
2507 1182
2510 1180
2507 1181
2510 1179
2510 1178
2510 1177
2510 1176
2510 1175
2509 1176
2509 1175
2511 1175
2508 1176
2511 1174
2508 1177
2507 1176
2511 1173
2508 1178
2506 1176
2511 1172
2506 1177
2512 1172
2506 1178
2505 1177
2512 1171
2504 1177
2512 1170
2504 1178
2503 1177
2512 1169
2513 1170
2502 1177
2511 1169
2514 1170
2502 1178
2501 1177
2511 1168
2514 1171
2501 1176
2500 1177
2511 1167
2514 1172
2501 1175
2500 1176
2499 1177
2511 1166
2501 1174
2502 1175
2498 1177
2511 1165
2501 1173
2502 1174
2503 1175
2498 1176
2497 1177
2511 1164
2501 1172
2500 1173
2497 1176
2497 1178
2511 1163
2510 1164
2501 1171
2500 1172
2502 1172
2496 1178
2510 1163
2501 1170
2499 1172
2495 1178
2510 1162
2509 1163
2501 1169
2499 1171
2498 1172
2495 1177
2495 1179
2494 1178
2510 1161
2509 1162
2508 1163
2495 1176
2494 1177
2495 1180
2494 1179
2493 1178
2511 1161
2507 1163
2494 1176
2494 1180
2496 1180
2512 1161
2507 1162
2493 1176
2496 1181
2512 1160
2506 1162
2492 1176
2497 1181
2512 1159
2505 1162
2491 1176
2497 1182
2512 1158
2505 1161
2505 1163
2490 1176
2497 1183
2511 1158
2513 1158
2504 1163
2490 1175
2490 1177
2497 1184
2511 1157
2514 1158
2504 1164
2490 1178
2489 1177
2496 1184
2510 1157
2515 1158
2504 1165
2490 1179
2488 1177
2496 1185
2509 1157
2515 1157
2516 1158
2503 1165
2490 1180
2489 1179
2488 1176
2488 1178
2496 1186
2509 1156
2509 1158
2516 1157
2502 1165
2488 1179
2488 1175
2487 1176
2509 1155
2508 1158
2517 1157
2488 1180
2488 1174
2507 1158
2518 1157
2488 1181
2487 1174
2507 1157
2518 1156
2518 1158
2488 1182
2507 1156
2506 1157
2518 1155
2519 1156
2519 1158
2487 1182
2489 1182
2505 1157
2518 1154
2520 1158
2504 1157
2518 1153
2520 1157
2521 1158
2504 1158
2503 1157
2517 1153
2521 1157
2521 1159
2522 1158
2503 1158
2503 1156
2517 1152
2521 1156
2521 1160
2503 1159
2503 1155
2517 1151
2516 1152
2522 1156
2521 1161
2522 1160
2503 1160
2503 1154
2518 1151
2515 1152
2522 1155
2523 1156
2520 1161
2522 1161
2502 1160
2503 1153
2502 1154
2504 1154
2518 1150
2515 1153
2522 1154
2523 1155
2523 1157
2520 1162
2502 1161
2501 1154
2518 1149
2522 1153
2524 1155
2519 1162
2501 1155
2500 1154
2518 1148
2519 1149
2523 1153
2525 1155
2500 1155
2500 1153
2518 1147
2520 1149
2523 1152
2525 1154
2500 1156
2500 1152
2499 1153
2518 1146
2517 1147
2520 1150
2521 1149
2525 1153
2500 1151
2498 1153
2517 1146
2516 1147
2521 1148
2522 1149
2526 1153
2500 1150
2497 1153
2515 1147
2521 1147
2522 1148
2526 1152
2527 1153
2500 1149
2496 1153
2515 1146
2522 1147
2528 1153
2501 1149
2496 1152
2496 1154
2495 1153
2514 1146
2522 1146
2528 1154
2495 1154
2494 1153
2514 1145
2522 1145
2528 1155
2494 1154
2493 1153
2514 1144
2513 1145
2522 1144
2521 1145
2528 1156
2529 1155
2492 1153
2513 1144
2522 1143
2527 1156
2529 1156
2530 1155
2492 1152
2492 1154
2513 1143
2521 1143
2523 1143
2527 1157
2526 1156
2529 1157
2530 1156
2530 1154
2491 1152
2492 1155
2513 1142
2512 1143
2520 1143
2523 1142
2527 1158
2530 1157
2490 1152
2492 1156
2491 1155
2513 1141
2520 1142
2524 1142
2528 1158
2530 1158
2490 1151
2489 1152
2492 1157
2512 1141
2520 1141
2519 1142
2524 1141
2528 1159
2530 1159
2531 1158
2490 1150
2488 1152
2492 1158
2491 1157
2511 1141
2519 1141
2521 1141
2525 1141
2530 1160
2490 1149
2489 1150
2487 1152
2493 1158
2510 1141
2519 1140
2518 1141
2526 1141
2530 1161
2486 1152
2493 1159
2494 1158
2510 1140
2510 1142
2509 1141
2518 1140
2526 1140
2527 1141
2530 1162
2486 1151
2486 1153
2493 1160
2508 1141
2518 1139
2526 1139
2528 1141
2530 1163
2531 1162
2486 1150
2485 1151
2485 1153
2494 1160
2508 1140
2508 1142
2507 1141
2517 1139
2526 1138
2527 1139
2529 1141
2530 1164
2484 1151
2485 1154
2484 1153
2508 1143
2506 1141
2517 1138
2516 1139
2526 1137
2529 1140
2529 1164
2531 1164
2484 1154
2483 1153
2506 1140
2506 1142
2505 1141
2517 1137
2516 1138
2516 1140
2515 1139
2527 1137
2530 1140
2531 1165
2532 1164
2484 1155
2506 1143
2504 1141
2514 1139
2532 1163
2483 1155
2506 1144
2504 1140
2514 1138
2514 1140
2533 1163
2482 1155
2506 1145
2513 1138
2534 1163
2482 1154
2482 1156
2481 1155
2506 1146
2513 1137
2534 1162
2534 1164
2481 1154
2482 1157
2480 1155
2513 1136
2534 1161
2482 1158
2480 1156
2513 1135
2482 1159
2481 1158
2513 1134
2512 1135
2483 1159
2480 1158
2512 1134
2483 1160
2479 1158
2512 1133
2483 1161
2479 1157
2479 1159
2478 1158
2512 1132
2484 1161
2479 1160
2478 1159
2477 1158
2512 1131
2511 1132
2513 1132
2485 1161
2479 1161
2477 1159
2477 1157
2512 1130
2510 1132
2514 1132
2485 1160
2478 1161
2476 1159
2512 1129
2513 1130
2510 1133
2514 1133
2515 1132
2486 1160
2477 1161
2476 1160
2475 1159
2512 1128
2511 1129
2516 1132
2486 1159
2487 1160
2475 1160
2513 1128
2510 1129
2486 1158
2487 1159
2487 1161
2488 1160
2474 1160
2513 1127
2509 1129
2487 1162
2489 1160
2473 1160
2514 1127
2508 1129
2486 1162
2473 1159
2515 1127
2507 1129
2473 1158
2472 1159
2515 1126
2506 1129
2474 1158
2471 1159
2516 1126
2506 1128
2506 1130
2474 1157
2470 1159
2517 1126
2506 1127
2506 1131
2474 1156
2470 1158
2470 1160
2517 1127
2518 1126
2506 1126
2505 1127
2506 1132
2474 1155
2469 1158
2470 1161
2518 1127
2518 1125
2519 1126
2505 1126
2506 1133
2474 1154
2473 1155
2469 1157
2470 1162
2518 1128
2519 1127
2520 1126
2504 1126
2505 1133
2474 1153
2475 1154
2468 1157
2469 1162
2519 1128
2520 1125
2504 1125
2503 1126
2504 1133
2473 1153
2476 1154
2467 1157
2469 1163
2520 1124
2521 1125
2504 1124
2503 1125
2504 1134
2473 1152
2476 1155
2477 1154
2467 1158
2469 1164
2520 1123
2522 1125
2504 1123
2502 1125
2503 1134
2477 1155
2477 1153
2466 1158
2470 1164
2520 1122
2522 1124
2505 1123
2502 1124
2502 1134
2477 1152
2466 1159
2470 1165
2519 1122
2521 1122
2523 1124
2505 1122
2502 1123
2501 1124
2502 1135
2478 1152
2466 1160
2465 1159
2470 1166
2518 1122
2522 1122
2524 1124
2502 1122
2500 1124
2502 1136
2501 1135
2478 1151
2466 1161
2465 1160
2464 1159
2470 1167
2522 1121
2523 1122
2524 1125
2525 1124
2502 1121
2503 1122
2499 1124
2502 1137
2478 1150
2465 1161
2464 1160
2463 1159
2471 1167
2523 1121
2526 1124
2502 1120
2499 1123
2502 1138
2503 1137
2478 1149
2479 1150
2465 1162
2464 1161
2463 1158
2471 1168
2524 1121
2526 1125
2527 1124
2502 1119
2501 1138
2504 1137
2478 1148
2480 1150
2465 1163
2462 1158
2472 1168
2525 1121
2527 1123
2502 1118
2500 1138
2504 1138
2505 1137
2465 1164
2466 1163
2461 1158
2472 1169
2525 1120
2526 1121
2528 1123
2501 1118
2499 1138
2465 1165
2461 1157
2461 1159
2460 1158
2472 1170
2473 1169
2528 1122
2501 1117
2499 1137
2498 1138
2464 1165
2461 1156
2460 1157
2460 1159
2459 1158
2474 1169
2529 1122
2501 1116
2500 1117
2498 1137
2461 1155
2458 1158
2474 1168
2474 1170
2475 1169
2529 1121
2499 1117
2461 1154
2460 1155
2458 1159
2474 1167
2529 1120
2499 1116
2499 1118
2498 1117
2459 1155
2474 1166
2473 1167
2529 1119
2530 1120
2498 1116
2499 1119
2459 1154
2459 1156
2458 1155
2474 1165
2529 1118
2498 1119
2458 1154
2458 1156
2475 1165
2530 1118
2498 1120
2497 1119
2457 1154
2476 1165
2531 1118
2497 1120
2497 1118
2457 1153
2477 1165
2532 1118
2496 1118
2456 1153
2478 1165
2532 1119
2533 1118
2496 1117
2456 1152
2478 1164
2478 1166
2533 1119
2533 1117
2495 1117
2456 1151
2478 1163
2478 1167
2533 1116
2495 1116
2455 1151
2479 1163
2479 1167
2533 1115
2494 1116
2455 1150
2454 1151
2480 1163
2480 1167
2532 1115
2534 1115
2494 1115
2493 1116
2455 1149
2454 1150
2480 1166
2480 1168
2532 1114
2534 1114
2494 1114
2493 1117
2492 1116
2455 1148
2454 1149
2456 1149
2453 1150
2480 1165
2480 1169
2531 1114
2534 1113
2535 1114
2494 1113
2493 1118
2491 1116
2455 1147
2453 1149
2479 1169
2530 1114
2534 1112
2533 1113
2535 1113
2495 1113
2493 1119
2492 1118
2490 1116
2455 1146
2453 1148
2479 1170
2530 1113
2533 1112
2536 1113
2496 1113
2493 1120
2492 1119
2494 1119
2489 1116
2455 1145
2453 1147
2452 1148
2533 1111
2532 1112
2537 1113
2496 1114
2493 1121
2492 1120
2491 1119
2489 1115
2488 1116
2452 1147
2538 1113
2497 1114
2494 1121
2490 1119
2489 1114
2452 1146
2538 1112
2538 1114
2539 1113
2498 1114
2490 1118
2488 1114
2452 1145
2538 1115
2499 1114
2489 1118
2488 1113
2452 1144
2453 1145
2538 1116
2537 1115
2499 1113
2488 1112
2452 1143
2538 1117
2500 1113
2488 1111
2487 1112
2452 1142
2539 1117
2500 1112
2501 1113
2488 1110
2486 1112
2452 1141
2451 1142
2453 1142
2540 1117
2501 1112
2488 1109
2486 1113
2485 1112
2452 1140
2450 1142
2540 1116
2541 1117
2501 1111
2488 1108
2486 1114
2484 1112
2452 1139
2450 1141
2450 1143
2449 1142
2540 1115
2541 1118
2542 1117
2501 1110
2488 1107
2487 1108
2489 1108
2486 1115
2484 1111
2484 1113
2483 1112
2453 1139
2449 1141
2449 1143
2448 1142
2542 1116
2543 1117
2501 1109
2500 1110
2489 1107
2486 1116
2485 1115
2487 1115
2484 1110
2454 1139
2449 1140
2447 1142
2544 1117
2502 1109
2499 1110
2489 1106
2484 1115
2483 1110
2454 1138
2454 1140
2449 1139
2448 1140
2447 1141
2447 1143
2545 1117
2503 1109
2499 1109
2484 1116
2454 1137
2455 1140
2449 1138
2446 1143
2546 1117
2504 1109
2499 1108
2454 1136
2455 1141
2448 1138
2450 1138
2446 1144
2547 1117
2504 1108
2505 1109
2498 1108
2454 1135
2447 1138
2446 1145
2547 1116
2547 1118
2504 1107
2498 1107
2497 1108
2454 1134
2455 1135
2446 1138
2446 1146
2447 1145
2548 1116
2547 1119
2548 1118
2505 1107
2498 1106
2497 1109
2454 1133
2446 1137
2446 1147
2548 1115
2547 1120
2548 1119
2498 1105
2497 1106
2496 1109
2455 1133
2446 1136
2445 1147
2548 1114
2547 1121
2546 1120
2548 1120
2549 1119
2498 1104
2497 1105
2499 1105
2495 1109
2456 1133
2446 1135
2445 1148
2548 1113
2547 1122
2548 1121
2545 1120
2549 1120
2499 1104
2496 1105
2500 1105
2495 1108
2494 1109
2456 1132
2446 1134
2447 1135
2445 1149
2444 1148
2548 1112
2547 1113
2547 1123
2550 1120
2500 1104
2496 1104
2500 1106
2495 1107
2493 1109
2456 1131
2457 1132
2446 1133
2445 1150
2444 1149
2446 1149
2443 1148
2547 1112
2549 1112
2547 1124
2548 1123
2551 1120
2500 1103
2496 1103
2493 1108
2456 1130
2458 1132
2446 1132
2444 1150
2447 1149
2442 1148
2546 1112
2549 1111
2547 1125
2548 1124
2551 1121
2552 1120
2500 1102
2493 1107
2457 1130
2458 1131
2458 1133
2459 1132
2447 1150
2442 1147
2442 1149
2545 1112
2547 1126
2546 1125
2549 1124
2551 1122
2552 1121
2552 1119
2553 1120
2499 1102
2501 1102
2457 1129
2458 1130
2458 1134
2459 1133
2447 1151
2442 1150
2545 1111
2545 1113
2544 1112
2547 1127
2548 1126
2545 1125
2550 1124
2550 1122
2553 1119
2457 1128
2459 1130
2458 1135
2447 1152
2442 1151
2545 1110
2544 1113
2543 1112
2546 1127
2548 1127
2544 1125
2550 1123
2550 1125
2553 1118
2457 1127
2456 1128
2458 1128
2459 1135
2448 1152
2442 1152
2443 1151
2544 1110
2544 1114
2546 1128
2545 1127
2543 1125
2550 1126
2551 1125
2554 1118
2457 1126
2456 1127
2459 1128
2459 1136
2449 1152
2442 1153
2441 1152
2544 1109
2543 1110
2546 1129
2542 1125
2550 1127
2554 1117
2555 1118
2457 1125
2460 1128
2460 1136
2449 1151
2442 1154
2443 1153
2543 1109
2545 1129
2547 1129
2542 1126
2550 1128
2555 1117
2555 1119
2556 1118
2457 1124
2461 1136
2442 1155
2444 1153
2543 1108
2542 1109
2545 1130
2544 1129
2550 1129
2556 1117
2555 1120
2457 1123
2461 1137
2442 1156
2543 1107
2543 1129
2550 1130
2549 1129
2557 1117
2556 1120
2456 1123
2458 1123
2462 1137
2442 1157
2443 1156
2543 1106
2543 1130
2542 1129
2550 1131
2558 1117
2556 1121
2557 1120
2459 1123
2462 1138
2463 1137
2442 1158
2441 1157
2543 1105
2543 1131
2542 1130
2541 1129
2550 1132
2551 1131
2558 1116
2559 1117
2556 1122
2557 1121
2558 1120
2460 1123
2462 1139
2463 1138
2464 1137
2440 1157
2542 1105
2544 1105
2543 1132
2541 1130
2541 1128
2550 1133
2549 1132
2552 1131
2558 1115
2557 1122
2461 1123
2463 1139
2464 1136
2440 1156
2439 1157
2545 1105
2540 1130
2541 1127
2540 1128
2551 1133
2548 1132
2553 1131
2557 1115
2461 1122
2461 1124
2464 1135
2465 1136
2439 1156
2439 1158
2546 1105
2539 1130
2540 1127
2551 1134
2552 1133
2548 1131
2548 1133
2554 1131
2557 1114
2461 1121
2462 1122
2462 1124
2464 1134
2465 1135
2466 1136
2438 1156
2438 1158
2546 1104
2539 1129
2538 1130
2540 1126
2551 1135
2552 1134
2553 1133
2547 1133
2554 1130
2461 1120
2460 1121
2462 1121
2464 1133
2467 1136
2438 1155
2437 1156
2438 1159
2546 1103
2537 1130
2539 1126
2551 1136
2550 1135
2553 1134
2554 1133
2547 1134
2460 1120
2465 1133
2467 1135
2437 1159
2547 1103
2536 1130
2538 1126
2551 1137
2553 1135
2554 1134
2555 1133
2546 1134
2465 1132
2467 1134
2436 1159
2547 1102
2536 1129
2536 1131
2535 1130
2538 1125
2551 1138
2553 1136
2546 1135
2545 1134
2466 1132
2467 1133
2436 1158
2547 1101
2548 1102
2536 1128
2535 1129
2536 1132
2537 1125
2550 1138
2554 1136
2466 1131
2435 1158
2547 1100
2549 1102
2537 1128
2537 1124
2549 1138
2554 1137
2466 1130
2434 1158
2546 1100
2549 1103
2550 1102
2537 1123
2555 1137
2466 1129
2465 1130
2467 1130
2433 1158
2545 1100
2549 1104
2550 1101
2551 1102
2537 1122
2555 1138
2556 1137
2467 1129
2464 1130
2433 1157
2432 1158
2545 1099
2544 1100
2549 1105
2550 1100
2551 1103
2537 1121
2555 1139
2557 1137
2463 1130
2432 1159
2431 1158
2543 1100
2551 1100
2552 1103
2536 1121
2538 1121
2555 1140
2558 1137
2430 1158
2543 1099
2542 1100
2535 1121
2555 1141
2430 1157
2543 1098
2541 1100
2535 1120
2555 1142
2554 1141
2430 1156
2429 1157
2543 1097
2542 1098
2541 1101
2556 1142
2553 1141
2430 1155
2428 1157
2542 1097
2544 1097
2540 1101
2556 1143
2557 1142
2430 1154
2431 1155
2428 1156
2428 1158
2427 1157
2542 1096
2541 1097
2545 1097
2539 1101
2557 1141
2558 1142
2430 1153
2431 1154
2432 1155
2427 1158
2540 1097
2546 1097
2539 1102
2538 1101
2557 1140
2558 1143
2433 1155
2426 1158
2540 1096
2540 1098
2537 1101
2557 1139
2558 1140
2559 1143
2425 1158
2539 1096
2537 1100
2536 1101
2559 1140
2559 1144
2560 1143
2424 1158
2539 1095
2559 1139
2559 1145
2561 1143
2424 1157
2423 1158
2539 1094
2560 1139
2561 1142
2562 1143
2424 1156
2423 1159
2422 1158
2539 1093
2561 1141
2563 1143
2425 1156
2421 1158
2539 1092
2538 1093
2540 1093
2561 1140
2563 1142
2564 1143
2425 1155
2420 1158
2540 1092
2537 1093
2563 1141
2564 1144
2425 1154
2420 1157
2420 1159
2541 1092
2537 1094
2536 1093
2563 1140
2424 1154
2426 1154
2420 1160
2419 1159
2536 1094
2535 1093
2564 1140
2424 1153
2426 1153
2421 1160
2535 1094
2534 1093
2564 1139
2424 1152
2426 1152
2421 1161
2533 1093
2564 1138
2565 1139
2423 1152
2427 1152
2421 1162
2422 1161
2533 1092
2564 1137
2563 1138
2565 1138
2422 1152
2427 1151
2422 1162
2533 1091
2564 1136
2562 1138
2422 1151
2421 1152
2422 1163
2533 1090
2532 1091
2534 1091
2563 1136
2565 1136
2562 1137
2422 1150
2420 1152
2422 1164
2423 1163
2533 1089
2532 1090
2531 1091
2562 1136
2566 1136
2422 1149
2421 1150
2423 1150
2420 1153
2419 1152
2421 1164
2533 1088
2532 1089
2534 1089
2530 1091
2566 1135
2567 1136
2420 1150
2419 1153
2418 1152
2420 1164
2534 1088
2531 1089
2530 1092
2566 1134
2418 1153
2418 1151
2417 1152
2420 1165
2534 1087
2530 1089
2529 1092
2566 1133
2418 1154
2418 1150
2416 1152
2420 1166
2534 1086
2530 1088
2529 1089
2566 1132
2417 1154
2416 1151
2416 1153
2420 1167
2535 1086
2528 1089
2565 1132
2416 1154
2415 1151
2415 1153
2419 1167
2421 1167
2536 1086
2528 1088
2527 1089
2564 1132
2414 1151
2414 1153
2418 1167
2422 1167
2536 1085
2537 1086
2528 1087
2526 1089
2564 1131
2563 1132
2413 1153
2422 1168
2423 1167
2536 1084
2538 1086
2528 1086
2527 1087
2525 1089
2564 1130
2563 1133
2562 1132
2413 1152
2413 1154
2412 1153
2422 1169
2423 1166
2424 1167
2536 1083
2535 1084
2538 1085
2539 1086
2528 1085
2524 1089
2563 1130
2565 1130
2563 1134
2561 1132
2412 1152
2411 1153
2421 1169
2423 1165
2425 1167
2536 1082
2538 1084
2540 1086
2528 1084
2527 1085
2523 1089
2566 1130
2560 1132
2412 1151
2410 1153
2421 1170
2420 1169
2536 1081
2535 1082
2538 1083
2539 1084
2540 1087
2526 1085
2523 1088
2523 1090
2567 1130
2560 1133
2559 1132
2411 1151
2421 1171
2536 1080
2534 1082
2539 1083
2540 1088
2526 1084
2523 1091
2567 1129
2558 1132
2411 1150
2410 1151
2421 1172
2420 1171
2535 1080
2537 1080
2541 1088
2525 1084
2523 1092
2567 1128
2411 1149
2409 1151
2421 1173
2420 1172
2422 1172
2419 1171
2535 1079
2534 1080
2541 1089
2524 1084
2523 1093
2522 1092
2567 1127
2566 1128
2411 1148
2412 1149
2408 1151
2423 1172
2419 1170
2418 1171
2535 1078
2524 1083
2522 1093
2524 1093
2567 1126
2568 1127
2565 1128
2411 1147
2410 1148
2408 1152
2407 1151
2424 1172
2418 1172
2417 1171
2536 1078
2523 1083
2521 1093
2524 1094
2525 1093
2569 1127
2565 1127
2411 1146
2412 1147
2408 1153
2406 1151
2424 1171
2418 1173
2416 1171
2536 1077
2523 1082
2522 1083
2524 1095
2570 1127
2565 1126
2413 1147
2408 1154
2407 1153
2406 1150
2425 1171
2416 1170
2536 1076
2537 1077
2523 1081
2522 1084
2521 1083
2524 1096
2570 1128
2571 1127
2565 1125
2414 1147
2407 1154
2406 1153
2406 1149
2405 1150
2425 1170
2426 1171
2416 1169
2415 1170
2536 1075
2535 1076
2538 1077
2523 1080
2524 1081
2521 1082
2524 1097
2572 1127
2565 1124
2415 1147
2405 1153
2406 1148
2404 1150
2426 1172
2427 1171
2415 1169
2417 1169
2414 1170
2536 1074
2523 1079
2525 1081
2521 1081
2524 1098
2523 1097
2565 1123
2405 1154
2405 1148
2426 1173
2414 1171
2536 1073
2535 1074
2523 1078
2526 1081
2523 1098
2565 1122
2566 1123
2405 1155
2405 1147
2404 1148
2426 1174
2413 1171
2537 1073
2522 1078
2526 1080
2527 1081
2522 1098
2567 1123
2405 1156
2404 1155
2406 1155
2405 1146
2404 1147
2426 1175
2412 1171
2538 1073
2522 1077
2521 1078
2528 1081
2521 1098
2567 1124
2568 1123
2404 1156
2403 1155
2405 1145
2403 1147
2426 1176
2427 1175
2539 1073
2522 1076
2520 1078
2529 1081
2521 1099
2569 1123
2403 1156
2402 1155
2405 1144
2402 1147
2426 1177
2425 1176
2539 1074
2540 1073
2520 1077
2529 1082
2521 1100
2570 1123
2401 1155
2405 1143
2402 1148
2426 1178
2425 1177
2427 1177
2540 1074
2541 1073
2520 1076
2519 1077
2521 1101
2570 1122
2570 1124
2400 1155
2405 1142
2404 1143
2406 1143
2425 1178
2427 1178
2428 1177
2540 1075
2541 1072
2520 1075
2518 1077
2571 1122
2570 1125
2399 1155
2405 1141
2406 1142
2425 1179
2424 1178
2428 1178
2540 1076
2541 1071
2542 1072
2517 1077
2571 1121
2569 1125
2399 1156
2398 1155
2404 1141
2406 1141
2425 1180
2423 1178
2428 1179
2429 1178
2540 1077
2539 1076
2541 1076
2541 1070
2543 1072
2517 1076
2517 1078
2571 1120
2572 1121
2399 1157
2397 1155
2404 1140
2403 1141
2425 1181
2422 1178
2428 1180
2541 1069
2540 1070
2542 1070
2543 1071
2544 1072
2517 1075
2516 1076
2571 1119
2572 1120
2573 1121
2399 1158
2397 1154
2404 1139
2403 1142
2426 1181
2422 1177
2427 1180
2429 1180
2541 1068
2540 1069
2539 1070
2544 1071
2544 1073
2545 1072
2516 1075
2570 1119
2572 1119
2574 1121
2399 1159
2398 1158
2396 1154
2403 1139
2426 1182
2421 1177
2429 1181
2541 1067
2540 1068
2545 1071
2545 1073
2516 1074
2570 1118
2569 1119
2575 1121
2399 1160
2400 1159
2396 1153
2402 1139
2426 1183
2430 1181
2541 1066
2540 1067
2546 1071
2516 1073
2570 1117
2575 1120
2575 1122
2398 1160
2400 1160
2401 1159
2395 1153
2402 1140
2401 1139
2426 1184
2430 1182
2542 1066
2539 1067
2570 1116
2571 1117
2576 1122
2398 1161
2397 1160
2401 1160
2395 1152
2394 1153
2401 1140
2401 1138
2425 1184
2427 1184
2542 1065
2538 1067
2570 1115
2572 1117
2577 1122
2398 1162
2397 1161
2394 1154
2400 1140
2401 1137
2400 1138
2424 1184
2427 1185
2543 1065
2538 1066
2538 1068
2569 1115
2573 1117
2578 1122
2399 1162
2396 1161
2394 1155
2401 1136
2402 1137
2424 1185
2423 1184
2427 1186
2543 1064
2538 1065
2537 1066
2568 1115
2574 1117
2578 1123
2579 1122
2395 1161
2393 1155
2395 1155
2401 1135
2400 1136
2402 1136
2403 1137
2423 1185
2423 1183
2422 1184
2427 1187
2426 1186
2543 1063
2537 1065
2536 1066
2568 1114
2567 1115
2575 1117
2580 1122
2394 1161
2393 1156
2395 1156
2400 1135
2402 1135
2399 1136
2423 1186
2422 1185
2427 1188
2543 1062
2536 1065
2568 1113
2567 1114
2566 1115
2575 1116
2580 1121
2394 1160
2393 1161
2393 1157
2392 1156
2396 1156
2400 1134
2403 1135
2398 1136
2423 1187
2421 1185
2427 1189
2543 1061
2567 1113
2566 1116
2576 1116
2580 1120
2393 1160
2394 1157
2399 1134
2403 1134
2397 1136
2423 1188
2427 1190
2543 1060
2544 1061
2566 1113
2565 1116
2576 1115
2581 1120
2392 1160
2398 1134
2403 1133
2397 1137
2424 1188
2426 1190
2428 1190
2543 1059
2545 1061
2566 1112
2564 1116
2581 1119
2582 1120
2391 1160
2397 1134
2402 1133
2425 1190
2429 1190
2543 1058
2542 1059
2544 1059
2546 1061
2566 1111
2564 1117
2581 1118
2582 1121
2391 1159
2391 1161
2397 1133
2401 1133
2424 1190
2542 1058
2541 1059
2545 1059
2563 1117
2581 1117
2582 1122
2391 1162
2396 1133
2541 1060
2540 1059
2545 1058
2562 1117
2580 1117
2583 1122
2391 1163
2540 1058
2545 1057
2546 1058
2562 1116
2561 1117
2580 1116
2583 1123
2391 1164
2392 1163
2540 1057
2545 1056
2544 1057
2547 1058
2562 1115
2580 1115
2579 1116
2583 1124
2391 1165
2392 1164
2540 1056
2545 1055
2546 1056
2547 1057
2547 1059
2548 1058
2562 1114
2561 1115
2563 1115
2579 1115
2581 1115
2578 1116
2583 1125
2582 1124
2391 1166
2539 1056
2545 1054
2546 1055
2549 1058
2563 1114
2578 1115
2581 1114
2578 1117
2583 1126
2582 1125
2584 1125
2390 1166
2392 1166
2539 1055
2538 1056
2545 1053
2550 1058
2578 1114
2582 1114
2578 1118
2577 1117
2582 1126
2584 1126
2585 1125
2390 1167
2393 1166
2539 1054
2537 1056
2545 1052
2544 1053
2550 1059
2551 1058
2582 1113
2582 1127
2585 1124
2390 1168
2389 1167
2394 1166
2539 1053
2538 1054
2537 1055
2537 1057
2551 1059
2582 1112
2582 1128
2586 1124
2390 1169
2394 1167
2395 1166
2539 1052
2536 1057
2552 1059
2583 1112
2582 1129
2581 1128
2587 1124
2390 1170
2389 1169
2394 1168
2539 1051
2540 1052
2583 1111
2582 1130
2581 1129
2588 1124
2390 1171
2391 1170
2388 1169
2394 1169
2539 1050
2538 1051
2583 1110
2582 1131
2588 1123
2588 1125
2390 1172
2392 1170
2388 1168
2537 1051
2583 1109
2582 1110
2582 1132
2589 1123
2588 1126
2390 1173
2537 1050
2537 1052
2583 1108
2582 1133
2581 1132
2583 1132
2590 1123
2588 1127
2390 1174
2537 1049
2536 1050
2536 1052
2583 1107
2582 1108
2582 1134
2580 1132
2584 1132
2590 1122
2588 1128
2390 1175
2391 1174
2537 1048
2535 1050
2536 1053
2582 1107
2584 1107
2582 1135
2580 1131
2584 1131
2584 1133
2590 1121
2591 1122
2589 1128
2390 1176
2391 1175
2392 1174
2535 1049
2535 1051
2535 1053
2582 1106
2581 1107
2584 1106
2585 1107
2582 1136
2579 1131
2585 1131
2584 1134
2589 1121
2592 1122
2589 1129
2590 1128
2390 1177
2392 1175
2393 1174
2535 1048
2534 1049
2534 1051
2586 1107
2582 1137
2578 1131
2589 1120
2592 1123
2593 1122
2390 1178
2392 1176
2393 1173
2535 1047
2534 1052
2533 1051
2587 1107
2582 1138
2581 1137
2577 1131
2594 1122
2390 1179
2393 1176
2393 1172
2535 1046
2534 1047
2532 1051
2582 1139
2583 1138
2580 1137
2576 1131
2595 1122
2389 1179
2394 1176
2535 1045
2536 1046
2532 1050
2531 1051
2581 1139
2583 1139
2584 1138
2580 1136
2576 1130
2576 1132
2596 1122
2388 1179
2395 1176
2535 1044
2534 1045
2536 1045
2531 1050
2530 1051
2581 1140
2584 1139
2585 1138
2580 1135
2597 1122
2388 1178
2387 1179
2395 1175
2395 1177
2535 1043
2536 1044
2529 1051
2581 1141
2584 1140
2585 1139
2586 1138
2597 1121
2597 1123
2598 1122
2387 1178
2387 1180
2386 1179
2396 1175
2395 1178
2396 1177
2535 1042
2534 1043
2536 1043
2537 1044
2529 1050
2529 1052
2581 1142
2582 1141
2585 1140
2586 1137
2598 1121
2387 1177
2386 1180
2385 1179
2396 1174
2397 1177
2534 1042
2536 1042
2533 1043
2537 1043
2538 1044
2529 1049
2528 1050
2529 1053
2580 1142
2582 1142
2586 1140
2586 1136
2587 1137
2599 1121
2385 1180
2385 1178
2397 1174
2534 1041
2536 1041
2538 1045
2539 1044
2529 1048
2527 1050
2529 1054
2530 1053
2580 1143
2579 1142
2587 1140
2585 1136
2587 1136
2588 1137
2599 1120
2600 1121
2384 1180
2384 1178
2398 1174
2533 1041
2536 1040
2530 1048
2527 1051
2526 1050
2529 1055
2530 1054
2580 1144
2579 1143
2587 1139
2587 1141
2588 1140
2585 1135
2588 1136
2599 1119
2601 1121
2384 1181
2384 1177
2398 1173
2398 1175
2399 1174
2533 1040
2536 1039
2535 1040
2531 1048
2528 1055
2530 1055
2531 1054
2580 1145
2579 1144
2581 1144
2588 1139
2588 1141
2589 1140
2589 1136
2599 1118
2601 1120
2602 1121
2384 1182
2384 1176
2398 1172
2398 1176
2399 1175
2533 1039
2532 1040
2536 1038
2531 1047
2531 1055
2579 1145
2582 1144
2590 1140
2590 1136
2599 1117
2598 1118
2600 1118
2602 1122
2603 1121
2384 1183
2385 1182
2384 1175
2397 1172
2399 1176
2533 1038
2532 1039
2534 1039
2536 1037
2535 1038
2537 1038
2531 1046
2578 1145
2582 1145
2583 1144
2590 1141
2590 1135
2590 1137
2599 1116
2602 1123
2604 1121
2383 1183
2386 1182
2385 1175
2397 1171
2399 1177
2400 1176
2535 1037
2531 1045
2577 1145
2582 1146
2591 1141
2599 1115
2598 1116
2602 1124
2601 1123
2604 1122
2605 1121
2383 1184
2386 1183
2397 1170
2534 1037
2576 1145
2582 1147
2591 1142
2592 1141
2599 1114
2598 1115
2597 1116
2605 1122
2605 1120
2606 1121
2383 1185
2387 1183
2397 1169
2534 1036
2576 1144
2576 1146
2591 1143
2592 1140
2593 1141
2599 1113
2596 1116
2605 1123
2605 1119
2383 1186
2388 1183
2534 1035
2533 1036
2576 1143
2576 1147
2575 1146
2591 1144
2590 1143
2593 1142
2594 1141
2600 1113
2596 1117
2595 1116
2605 1124
2605 1118
2389 1183
2534 1034
2532 1036
2576 1142
2576 1148
2575 1147
2591 1145
2595 1115
2605 1125
2604 1118
2606 1118
2389 1184
2534 1033
2533 1034
2532 1037
2531 1036
2576 1141
2574 1147
2590 1145
2592 1145
2595 1114
2605 1126
2606 1125
2604 1117
2603 1118
2606 1117
2389 1185
2390 1184
2534 1032
2533 1033
2576 1140
2575 1141
2573 1147
2589 1145
2593 1145
2595 1113
2605 1127
2607 1125
2604 1116
2603 1117
2390 1185
2534 1031
2535 1032
2575 1140
2572 1147
2589 1146
2594 1145
2595 1112
2594 1113
2608 1125
2604 1115
2605 1116
2390 1186
2533 1031
2535 1031
2536 1032
2574 1140
2572 1146
2572 1148
2588 1146
2594 1146
2593 1113
2608 1126
2609 1125
2604 1114
2605 1115
2390 1187
2391 1186
2532 1031
2537 1032
2572 1145
2571 1146
2572 1149
2588 1147
2595 1146
2593 1112
2610 1125
2603 1114
2605 1114
2389 1187
2391 1187
2392 1186
2532 1030
2531 1031
2537 1031
2573 1145
2572 1150
2573 1149
2588 1148
2593 1111
2610 1124
2611 1125
2603 1113
2602 1114
2606 1114
2388 1187
2391 1188
2531 1030
2531 1032
2574 1145
2572 1151
2571 1150
2588 1149
2610 1123
2611 1124
2612 1125
2603 1112
2601 1114
2606 1113
2607 1114
2391 1189
2531 1029
2531 1033
2572 1152
2589 1149
2611 1123
2613 1125
2602 1112
2604 1112
2606 1112
2607 1113
2391 1190
2531 1028
2530 1033
2571 1152
2590 1149
2612 1123
2614 1125
2602 1111
2605 1112
2606 1111
2607 1112
2608 1113
2391 1191
2390 1190
2392 1190
2531 1027
2529 1033
2591 1149
2612 1122
2615 1125
2602 1110
2601 1111
2605 1111
2607 1111
2608 1112
2392 1191
2389 1190
2531 1026
2532 1027
2529 1032
2591 1150
2612 1121
2616 1125
2603 1110
2600 1111
2609 1112
2393 1191
2389 1189
2388 1190
2530 1026
2533 1027
2528 1032
2612 1120
2611 1121
2613 1121
2617 1125
2599 1111
2610 1112
2393 1192
2394 1191
2388 1191
2530 1025
2528 1031
2617 1124
2610 1113
2611 1112
2393 1193
2388 1192
2530 1024
2529 1025
2528 1030
2527 1031
2617 1123
2618 1124
2610 1114
2611 1113
2612 1112
2394 1193
2388 1193
2530 1023
2529 1024
2528 1025
2528 1029
2526 1031
2617 1122
2610 1115
2611 1114
2612 1111
2394 1194
2388 1194
2389 1193
2530 1022
2529 1023
2531 1023
2528 1024
2529 1029
2526 1030
2526 1032
2617 1121
2610 1116
2613 1111
2395 1194
2388 1195
2530 1021
2528 1023
2526 1029
2525 1030
2526 1033
2525 1032
2617 1120
2616 1121
2609 1116
2614 1111
2395 1195
2396 1194
2388 1196
2530 1020
2528 1022
2526 1028
2525 1029
2526 1034
2525 1033
2524 1032
2617 1119
2615 1111
2396 1195
2388 1197
2387 1196
2530 1019
2527 1022
2524 1029
2525 1034
2527 1034
2616 1119
2618 1119
2616 1111
2397 1195
2387 1197
2389 1197
2529 1019
2531 1019
2523 1029
2525 1035
2618 1118
2616 1110
2398 1195
2387 1198
2386 1197
2390 1197
2531 1018
2523 1028
2523 1030
2522 1029
2525 1036
2619 1118
2616 1109
2617 1110
2398 1194
2387 1199
2385 1197
2390 1196
2391 1197
2531 1017
2522 1028
2521 1029
2525 1037
2619 1117
2620 1118
2616 1108
2617 1109
2399 1194
2388 1199
2385 1196
2385 1198
2384 1197
2390 1195
2391 1198
2530 1017
2532 1017
2522 1027
2520 1029
2525 1038
2524 1037
2619 1116
2620 1117
2620 1119
2616 1107
2615 1108
2617 1108
2618 1109
2399 1193
2400 1194
2385 1195
2383 1197
2390 1194
2391 1195
2391 1199
2529 1017
2532 1016
2519 1029
2525 1039
2524 1038
2523 1037
2619 1115
2621 1117
2616 1106
2617 1107
2618 1108
2619 1109
2399 1192
2401 1194
2382 1197
2392 1195
2528 1017
2532 1015
2518 1029
2524 1039
2523 1038
2522 1037
2618 1115
2622 1117
2618 1107
2619 1108
2620 1109
2399 1191
2402 1194
2382 1196
2382 1198
2392 1194
2392 1196
2527 1017
2518 1030
2521 1037
2618 1114
2617 1115
2623 1117
2619 1107
2620 1108
2620 1110
2399 1190
2402 1193
2403 1194
2382 1195
2382 1199
2381 1198
2393 1196
2526 1017
2517 1030
2521 1036
2618 1113
2624 1117
2620 1107
2620 1111
2398 1190
2402 1192
2403 1195
2404 1194
2381 1195
2383 1195
2382 1200
2394 1196
2526 1018
2525 1017
2516 1030
2521 1035
2520 1036
2619 1113
2624 1116
2624 1118
2620 1106
2621 1111
2397 1190
2402 1191
2401 1192
2404 1195
2382 1201
2381 1200
2525 1016
2524 1017
2516 1029
2520 1035
2619 1112
2620 1105
2622 1111
2402 1190
2405 1195
2382 1202
2524 1016
2524 1018
2515 1029
2520 1034
2619 1105
2621 1105
2622 1112
2402 1189
2406 1195
2382 1203
2383 1202
2524 1015
2523 1016
2524 1019
2514 1029
2622 1105
2623 1112
2403 1189
2406 1194
2382 1204
2384 1202
2524 1014
2524 1020
2513 1029
2623 1105
2403 1188
2407 1194
2382 1205
2381 1204
2385 1202
2523 1014
2525 1014
2524 1021
2513 1028
2623 1104
2408 1194
2383 1205
2380 1204
2385 1203
2522 1014
2525 1013
2524 1022
2513 1027
2623 1103
2408 1193
2409 1194
2384 1205
2380 1205
2379 1204
2385 1204
2521 1014
2525 1012
2524 1023
2523 1022
2512 1027
2514 1027
2623 1102
2622 1103
2408 1192
2385 1205
2380 1206
2379 1203
2526 1012
2524 1024
2511 1027
2514 1026
2623 1101
2622 1102
2621 1103
2408 1191
2386 1205
2379 1206
2379 1202
2378 1203
2526 1011
2510 1027
2515 1026
2623 1100
2624 1101
2620 1103
2387 1205
2377 1203
2526 1010
2510 1028
2509 1027
2515 1025
2625 1101
2619 1103
2387 1206
2376 1203
2525 1010
2527 1010
2509 1028
2625 1102
2387 1207
2376 1204
2375 1203
2525 1009
2528 1010
2509 1029
2626 1102
2386 1207
2388 1207
2375 1204
2375 1202
2524 1009
2528 1009
2528 1011
2509 1030
2626 1103
2386 1208
2389 1207
2374 1204
2375 1201
2524 1008
2523 1009
2528 1008
2528 1012
2529 1011
2508 1030
2510 1030
2626 1104
2627 1103
2386 1209
2385 1208
2389 1208
2374 1205
2373 1204
2375 1200
2374 1201
2376 1201
2524 1007
2523 1010
2528 1007
2510 1031
2625 1104
2627 1104
2386 1210
2385 1209
2384 1208
2389 1209
2374 1206
2373 1203
2375 1199
2373 1201
2377 1201
2524 1006
2523 1007
2522 1010
2527 1007
2529 1007
2627 1105
2628 1104
2386 1211
2385 1210
2387 1210
2390 1209
2373 1206
2375 1206
2373 1202
2374 1199
2376 1199
2524 1005
2523 1006
2522 1007
2521 1010
2526 1007
2530 1007
2627 1106
2628 1105
2372 1206
2375 1207
2372 1202
2374 1198
2522 1006
2521 1007
2521 1011
2520 1010
2526 1008
2530 1006
2530 1008
2629 1105
2372 1207
2376 1207
2373 1198
2520 1007
2520 1009
2629 1106
2371 1207
2373 1197
2519 1007
2630 1106
2371 1208
2372 1197
2518 1007
2630 1107
2370 1208
2372 1196
2518 1008
2517 1007
2630 1108
2370 1209
2517 1006
2516 1007
2630 1109
2629 1108
2370 1210
2517 1005
2516 1006
2515 1007
2630 1110
2631 1109
2369 1210
2371 1210
2517 1004
2516 1005
2515 1006
2631 1110
2368 1210
2372 1210
2517 1003
2632 1110
2367 1210
2517 1002
2516 1003
2633 1110
2367 1211
2366 1210
2517 1001
2516 1002
2633 1109
2634 1110
2365 1210
2517 1000
2518 1001
2515 1002
2634 1111
2365 1209
2365 1211
2516 1000
2519 1001
2514 1002
2634 1112
2635 1111
2364 1209
2365 1212
2364 1211
2516 999
2520 1001
2513 1002
2634 1113
2636 1111
2363 1209
2365 1213
2520 1000
2520 1002
2513 1003
2512 1002
2633 1113
2637 1111
2362 1209
2365 1214
2520 999
2521 1002
2513 1004
2512 1001
2637 1110
2638 1111
2361 1209
2365 1215
2366 1214
2520 998
2521 1003
2522 1002
2512 1004
2512 1000
2638 1112
2360 1209
2365 1216
2520 997
2523 1002
2511 1004
2512 999
2511 1000
2513 1000
2638 1113
2364 1216
2520 996
2512 998
2510 1000
2514 1000
2639 1113
2363 1216
2520 995
2519 996
2512 997
2511 998
2513 998
2510 999
2509 1000
2514 999
2639 1114
2363 1217
2362 1216
2521 995
2512 996
2510 998
2639 1115
2363 1218
2362 1215
2522 995
2511 996
2509 998
2639 1116
2640 1115
2363 1219
2362 1214
2522 994
2522 996
2523 995
2510 996
2639 1117
2641 1115
2363 1220
2362 1219
2364 1219
2362 1213
2361 1214
2522 993
2524 995
2510 995
2638 1117
2640 1117
2641 1114
2642 1115
2363 1221
2361 1219
2365 1219
2362 1212
2522 992
2525 995
2509 995
2638 1118
2641 1117
2641 1113
2643 1115
2363 1222
2362 1221
2360 1219
2365 1220
2363 1212
2522 991
2523 992
2525 994
2508 995
2638 1119
2642 1113
2643 1116
2644 1115
2363 1223
2359 1219
2521 991
2523 991
2525 993
2526 994
2507 995
2638 1120
2642 1112
2643 1113
2643 1117
2644 1114
2363 1224
2364 1223
2359 1218
2359 1220
2521 990
2520 991
2524 991
2525 992
2526 993
2527 994
2506 995
2639 1120
2642 1111
2644 1117
2645 1114
2363 1225
2365 1223
2359 1221
2358 1220
2520 990
2520 992
2525 991
2505 995
2641 1111
2643 1111
2646 1114
2362 1225
2365 1224
2366 1223
2359 1222
2520 989
2519 990
2520 993
2525 990
2505 996
2641 1110
2640 1111
2643 1110
2647 1114
2361 1225
2366 1224
2359 1223
2520 988
2519 989
2526 990
2505 997
2641 1109
2644 1110
2647 1113
2360 1225
2367 1224
2358 1223
2360 1223
2520 987
2518 989
2527 990
2506 997
2640 1109
2642 1109
2648 1113
2367 1225
2368 1224
2357 1223
2520 986
2517 989
2527 989
2527 991
2506 998
2639 1109
2642 1108
2648 1112
2649 1113
2368 1225
2368 1223
2357 1222
2356 1223
2519 986
2517 990
2528 989
2506 999
2639 1108
2643 1108
2648 1111
2650 1113
2368 1226
2369 1225
2368 1222
2356 1222
2355 1223
2518 986
2516 990
2529 989
2506 1000
2505 999
2639 1107
2638 1108
2644 1108
2650 1112
2651 1113
2368 1227
2369 1226
2368 1221
2367 1222
2356 1221
2355 1224
2518 985
2517 986
2530 989
2504 999
2637 1108
2644 1107
2651 1112
2651 1114
2367 1227
2368 1220
2356 1220
2355 1225
2518 984
2516 986
2530 988
2504 1000
2503 999
2652 1114
2366 1227
2369 1220
2356 1219
2354 1225
2519 984
2516 985
2530 987
2504 1001
2503 1000
2503 998
2653 1114
2370 1220
2356 1218
2355 1219
2353 1225
2520 984
2515 985
2529 987
2531 987
2504 1002
2505 1001
2502 998
2653 1115
2371 1220
2357 1218
2354 1219
2353 1226
2520 983
2514 985
2529 986
2532 987
2504 1003
2503 1002
2502 997
2654 1115
2371 1219
2371 1221
2372 1220
2357 1217
2353 1219
2353 1227
2352 1226
2520 982
2528 986
2532 988
2533 987
2505 1003
2502 1002
2502 996
2501 997
2654 1116
2655 1115
2371 1218
2372 1219
2372 1221
2357 1216
2353 1220
2352 1227
2351 1226
2520 981
2527 986
2533 986
2505 1004
2502 1001
2502 995
2656 1115
2370 1218
2373 1219
2373 1221
2356 1216
2352 1220
2352 1228
2351 1227
2520 980
2534 986
2505 1005
2501 1001
2501 995
2656 1114
2656 1116
2373 1222
2356 1215
2351 1220
2352 1229
2351 1228
2520 979
2521 980
2535 986
2505 1006
2506 1005
2500 1001
2501 994
2657 1114
2656 1117
2356 1214
2350 1220
2352 1230
2353 1229
2519 979
2521 979
2535 987
2500 1002
2500 994
2657 1113
2656 1118
2657 1117
2356 1213
2355 1214
2349 1220
2352 1231
2353 1230
2519 978
2518 979
2521 978
2535 988
2500 1003
2499 994
2657 1112
2656 1119
2655 1118
2658 1117
2356 1212
2355 1213
2348 1220
2352 1232
2351 1231
2518 980
2522 978
2536 988
2500 1004
2499 1003
2501 1003
2498 994
2658 1112
2657 1119
2654 1118
2357 1212
2354 1213
2348 1221
2347 1220
2350 1231
2517 980
2523 978
2537 988
2500 1005
2501 1004
2498 1003
2498 993
2497 994
2658 1111
2657 1120
2654 1119
2358 1212
2353 1213
2346 1220
2350 1232
2524 978
2537 989
2501 1005
2497 1003
2498 992
2496 994
2658 1110
2657 1121
2358 1211
2353 1212
2352 1213
2346 1221
2345 1220
2350 1233
2524 977
2525 978
2537 990
2538 989
2497 992
2495 994
2658 1109
2657 1110
2657 1122
2656 1121
2658 1121
2359 1211
2353 1211
2351 1213
2346 1222
2350 1234
2525 977
2537 991
2536 990
2539 989
2496 992
2495 993
2658 1108
2657 1109
2657 1123
2655 1121
2659 1121
2353 1210
2354 1211
2350 1213
2346 1223
2345 1222
2349 1234
2351 1234
2525 976
2537 992
2540 989
2496 991
2494 993
2658 1107
2659 1108
2657 1124
2655 1122
2660 1121
2355 1211
2350 1212
2349 1213
2346 1224
2349 1235
2351 1235
2526 976
2538 992
2541 989
2496 990
2495 991
2493 993
2657 1107
2660 1108
2657 1125
2658 1124
2661 1121
2349 1212
2346 1225
2349 1236
2351 1236
2527 976
2541 988
2541 990
2496 989
2492 993
2657 1106
2656 1107
2657 1126
2656 1125
2658 1125
2661 1120
2662 1121
2349 1211
2348 1212
2347 1225
2349 1237
2348 1236
2350 1236
2352 1236
2527 975
2527 977
2541 987
2542 988
2541 991
2496 988
2491 993
2657 1105
2656 1106
2658 1126
2655 1125
2659 1125
2662 1120
2349 1210
2347 1212
2348 1225
2349 1238
2352 1237
2353 1236
2527 974
2541 986
2542 991
2496 987
2497 988
2490 993
2657 1104
2655 1106
2658 1127
2654 1125
2660 1125
2662 1119
2663 1120
2349 1209
2347 1211
2346 1212
2348 1238
2350 1238
2353 1237
2354 1236
2527 973
2526 974
2540 986
2542 986
2543 991
2496 986
2495 987
2498 988
2657 1103
2656 1104
2654 1106
2658 1128
2659 1127
2654 1126
2653 1125
2660 1124
2660 1126
2661 1125
2663 1119
2664 1120
2349 1208
2347 1210
2345 1212
2350 1239
2355 1236
2527 972
2525 974
2542 985
2543 992
2496 985
2495 986
2494 987
2498 987
2657 1102
2655 1104
2654 1107
2658 1129
2653 1126
2652 1125
2660 1123
2662 1125
2663 1118
2665 1120
2348 1208
2345 1211
2350 1240
2355 1237
2356 1236
2528 972
2525 973
2524 974
2542 984
2543 993
2496 984
2497 985
2494 986
2493 987
2658 1102
2659 1129
2653 1127
2652 1124
2651 1125
2663 1125
2663 1117
2665 1119
2665 1121
2666 1120
2348 1207
2350 1241
2349 1240
2351 1240
2356 1235
2357 1236
2529 972
2523 974
2541 984
2543 984
2496 983
2498 985
2494 985
2492 987
2658 1101
2660 1129
2653 1128
2652 1123
2650 1125
2663 1126
2663 1116
2666 1121
2667 1120
2347 1207
2350 1242
2351 1241
2357 1237
2529 971
2530 972
2522 974
2543 983
2496 982
2499 985
2491 987
2658 1100
2660 1128
2660 1130
2652 1128
2652 1122
2650 1124
2650 1126
2666 1122
2667 1119
2347 1206
2349 1242
2352 1241
2357 1238
2531 972
2522 975
2521 974
2544 983
2496 981
2497 982
2499 984
2500 985
2491 986
2659 1100
2661 1128
2661 1130
2651 1128
2652 1121
2651 1122
2650 1123
2649 1124
2649 1126
2667 1122
2668 1119
2346 1206
2348 1242
2358 1238
2532 972
2521 973
2545 983
2500 984
2500 986
2491 985
2659 1099
2661 1127
2662 1128
2661 1131
2651 1129
2653 1121
2650 1122
2649 1123
2648 1126
2667 1123
2668 1122
2668 1118
2669 1119
2346 1205
2345 1206
2348 1243
2358 1239
2533 972
2520 973
2545 982
2545 984
2500 983
2500 987
2501 986
2491 984
2490 985
2659 1098
2660 1099
2662 1129
2651 1130
2650 1121
2648 1123
2648 1125
2648 1127
2668 1123
2668 1117
2669 1118
2670 1119
2346 1204
2348 1244
2358 1240
2359 1239
2533 971
2519 973
2545 981
2546 982
2500 982
2500 988
2490 984
2492 984
2489 985
2659 1097
2661 1099
2651 1131
2650 1130
2652 1130
2650 1120
2648 1122
2648 1128
2669 1123
2667 1117
2671 1119
2346 1203
2347 1204
2348 1245
2347 1244
2358 1241
2359 1240
2360 1239
2533 970
2519 974
2544 981
2547 982
2500 981
2501 988
2490 983
2488 985
2662 1099
2650 1131
2650 1119
2648 1121
2669 1124
2671 1118
2345 1203
2348 1246
2347 1245
2349 1245
2361 1239
2533 969
2519 975
2518 974
2544 980
2548 982
2501 981
2501 989
2490 982
2487 985
2662 1100
2663 1099
2650 1118
2651 1119
2669 1125
2671 1117
2672 1118
2345 1202
2344 1203
2348 1247
2346 1245
2350 1245
2361 1238
2361 1240
2534 969
2517 974
2543 980
2548 981
2501 980
2502 981
2501 990
2490 981
2487 986
2486 985
2663 1098
2664 1099
2651 1118
2669 1126
2670 1125
2671 1116
2673 1118
2343 1203
2348 1248
2346 1246
2345 1245
2350 1246
2351 1245
2361 1237
2362 1240
2534 968
2535 969
2516 974
2542 980
2548 980
2549 981
2501 979
2502 980
2503 981
2501 991
2500 990
2489 981
2487 987
2486 984
2663 1097
2664 1098
2665 1099
2651 1117
2671 1125
2671 1115
2670 1116
2673 1119
2343 1202
2342 1203
2347 1248
2345 1244
2350 1247
2362 1241
2363 1240
2534 967
2536 969
2542 979
2541 980
2550 981
2503 980
2504 981
2500 991
2499 990
2486 987
2488 987
2663 1096
2666 1099
2651 1116
2652 1117
2671 1126
2672 1125
2672 1115
2674 1119
2341 1203
2347 1249
2345 1243
2344 1244
2364 1240
2534 966
2533 967
2535 967
2537 969
2542 978
2551 981
2499 989
2485 987
2663 1095
2662 1096
2666 1100
2650 1116
2671 1127
2673 1125
2675 1119
2341 1202
2341 1204
2347 1250
2343 1244
2365 1240
2534 965
2537 970
2538 969
2543 978
2551 980
2551 982
2485 986
2663 1094
2661 1096
2666 1101
2671 1128
2672 1127
2673 1124
2674 1125
2676 1119
2341 1201
2347 1251
2343 1243
2343 1245
2534 964
2543 977
2552 980
2484 986
2662 1094
2664 1094
2666 1102
2672 1128
2673 1123
2674 1126
2676 1118
2677 1119
2342 1201
2347 1252
2343 1242
2343 1246
2342 1245
2534 963
2543 976
2553 980
2483 986
2662 1093
2664 1093
2665 1094
2665 1102
2667 1102
2672 1129
2672 1123
2674 1127
2675 1126
2676 1117
2677 1118
2678 1119
2342 1200
2346 1252
2343 1241
2342 1242
2341 1245
2533 963
2535 963
2544 976
2553 979
2553 981
2482 986
2662 1092
2666 1094
2664 1102
2667 1103
2668 1102
2672 1130
2672 1122
2674 1128
2676 1116
2678 1120
2342 1199
2343 1240
2341 1242
2533 962
2535 962
2544 975
2554 979
2554 981
2482 985
2661 1092
2663 1092
2666 1093
2666 1095
2664 1103
2667 1104
2669 1102
2672 1131
2672 1121
2675 1128
2676 1115
2678 1121
2341 1199
2343 1199
2344 1240
2340 1242
2532 962
2544 974
2545 975
2555 979
2555 981
2482 984
2481 985
2660 1092
2666 1092
2667 1093
2666 1096
2664 1104
2663 1103
2667 1105
2668 1104
2670 1102
2672 1132
2676 1128
2677 1115
2344 1199
2339 1242
2531 962
2544 973
2555 982
2556 981
2482 983
2481 984
2480 985
2659 1092
2666 1091
2667 1096
2663 1104
2666 1105
2668 1105
2670 1101
2672 1133
2671 1132
2677 1128
2344 1198
2344 1200
2339 1241
2531 961
2531 963
2530 962
2555 983
2556 982
2557 981
2481 983
2483 983
2480 986
2666 1090
2665 1091
2667 1097
2668 1096
2665 1105
2669 1105
2670 1100
2672 1134
2671 1133
2673 1133
2670 1132
2677 1127
2344 1197
2339 1240
2338 1241
2531 960
2529 962
2555 984
2554 983
2556 983
2480 983
2483 982
2480 987
2666 1089
2665 1090
2667 1098
2668 1095
2665 1106
2670 1105
2670 1099
2672 1135
2674 1133
2669 1132
2677 1126
2345 1197
2338 1240
2340 1240
2531 959
2532 960
2529 961
2555 985
2553 983
2480 982
2483 981
2480 988
2481 987
2666 1088
2665 1089
2668 1098
2671 1105
2671 1099
2672 1136
2675 1133
2669 1133
2677 1125
2337 1240
2531 958
2533 960
2555 986
2554 985
2556 985
2480 981
2483 980
2484 981
2480 989
2666 1087
2664 1089
2668 1099
2672 1105
2671 1098
2673 1136
2675 1132
2669 1134
2668 1133
2677 1124
2337 1239
2530 958
2534 960
2553 985
2557 985
2480 980
2479 989
2666 1086
2667 1087
2663 1089
2672 1104
2672 1106
2671 1097
2674 1136
2675 1131
2670 1134
2667 1133
2676 1124
2336 1239
2529 958
2534 959
2552 985
2558 985
2480 979
2479 980
2479 990
2478 989
2666 1085
2668 1087
2663 1090
2662 1089
2673 1104
2672 1107
2671 1096
2674 1135
2676 1131
2666 1133
2336 1238
2534 958
2535 959
2552 986
2558 984
2558 986
2559 985
2480 978
2478 980
2479 991
2478 990
2478 988
2666 1084
2667 1085
2668 1086
2669 1087
2661 1089
2673 1103
2672 1108
2672 1096
2677 1131
2666 1134
2335 1238
2533 958
2558 987
2560 985
2478 979
2478 981
2478 991
2480 991
2666 1083
2667 1084
2669 1088
2670 1087
2661 1088
2672 1109
2671 1108
2677 1130
2677 1132
2678 1131
2666 1135
2335 1237
2533 957
2561 985
2477 979
2478 982
2477 991
2481 991
2666 1082
2670 1088
2671 1087
2673 1109
2679 1131
2667 1135
2334 1237
2533 956
2561 984
2561 986
2562 985
2476 979
2477 982
2476 991
2481 990
2481 992
2666 1081
2671 1086
2672 1087
2674 1109
2679 1132
2667 1136
2334 1236
2561 983
2561 987
2563 985
2476 980
2475 979
2476 990
2476 992
2475 991
2482 990
2481 993
2665 1081
2667 1081
2673 1087
2675 1109
2679 1133
2667 1137
2668 1136
2334 1235
2333 1236
2560 987
2474 979
2476 989
2475 992
2474 991
2483 990
2481 994
2480 993
2665 1080
2664 1081
2674 1087
2676 1109
2680 1133
2667 1138
2666 1137
2669 1136
2335 1235
2332 1236
2560 988
2474 978
2476 988
2475 989
2475 993
2474 992
2483 989
2484 990
2482 994
2479 993
2665 1079
2674 1088
2675 1087
2676 1108
2681 1133
2667 1139
2666 1138
2669 1137
2335 1234
2336 1235
2332 1235
2560 989
2473 978
2476 987
2475 994
2474 993
2473 992
2484 989
2484 991
2483 994
2478 993
2665 1078
2664 1079
2676 1087
2676 1107
2677 1108
2682 1133
2667 1140
2336 1234
2336 1236
2332 1234
2331 1235
2560 990
2472 978
2475 987
2477 987
2475 995
2473 993
2472 992
2485 989
2484 992
2485 991
2665 1077
2666 1078
2663 1079
2676 1086
2676 1088
2678 1108
2683 1133
2667 1141
2332 1233
2330 1235
2560 991
2472 977
2471 978
2474 987
2477 986
2475 996
2472 991
2471 992
2665 1076
2666 1077
2662 1079
2676 1085
2676 1089
2677 1088
2678 1107
2679 1108
2683 1134
2684 1133
2667 1142
2668 1141
2332 1232
2330 1234
2330 1236
2560 992
2559 991
2561 991
2472 976
2473 987
2476 996
2471 993
2470 992
2664 1076
2666 1076
2662 1080
2676 1084
2677 1089
2680 1108
2683 1135
2684 1132
2667 1143
2332 1231
2330 1233
2330 1237
2329 1236
2559 992
2562 991
2471 976
2472 987
2476 997
2470 993
2470 991
2663 1076
2667 1076
2661 1080
2676 1083
2677 1090
2680 1107
2680 1109
2681 1108
2683 1136
2684 1131
2685 1132
2666 1143
2668 1143
2332 1230
2330 1238
2329 1237
2328 1236
2559 993
2562 992
2471 975
2470 976
2472 986
2472 988
2476 998
2470 994
2469 993
2470 990
2469 991
2663 1075
2667 1075
2668 1076
2660 1080
2677 1083
2680 1110
2682 1108
2683 1137
2684 1136
2683 1131
2685 1131
2665 1143
2668 1144
2669 1143
2333 1230
2330 1239
2329 1238
2328 1237
2559 994
2471 974
2470 975
2471 986
2476 999
2468 993
2471 990
2663 1074
2667 1074
2669 1076
2677 1082
2678 1083
2680 1111
2681 1110
2682 1109
2683 1108
2683 1138
2682 1137
2684 1137
2686 1131
2665 1142
2664 1143
2670 1143
2330 1240
2328 1238
2558 994
2560 994
2470 974
2472 974
2477 999
2468 994
2663 1073
2667 1073
2677 1081
2679 1083
2684 1108
2683 1139
2682 1138
2681 1137
2686 1130
2664 1142
2664 1144
2663 1143
2670 1142
2329 1240
2331 1240
2327 1238
2557 994
2560 995
2561 994
2470 973
2469 974
2472 973
2478 999
2467 994
2663 1072
2676 1081
2678 1081
2679 1084
2680 1083
2684 1109
2683 1140
2684 1139
2680 1137
2686 1129
2664 1141
2663 1144
2662 1143
2328 1240
2331 1241
2326 1238
2556 994
2560 996
2562 994
2469 973
2468 974
2472 972
2478 1000
2479 999
2467 995
2466 994
2662 1072
2676 1080
2675 1081
2679 1085
2680 1084
2684 1110
2682 1140
2685 1139
2685 1129
2687 1129
2663 1141
2663 1145
2662 1144
2328 1241
2331 1242
2332 1241
2326 1237
2325 1238
2555 994
2560 997
2562 995
2468 973
2468 975
2473 972
2478 1001
2480 999
2467 996
2465 994
2662 1071
2661 1072
2679 1086
2681 1084
2685 1110
2686 1139
2687 1128
2662 1141
2661 1144
2331 1243
2332 1242
2326 1236
2325 1239
2324 1238
2555 995
2559 997
2562 996
2468 972
2468 976
2473 971
2478 1002
2477 1001
2480 998
2480 1000
2466 996
2468 996
2465 993
2464 994
2662 1070
2679 1087
2682 1084
2686 1110
2687 1139
2687 1127
2662 1140
2331 1244
2332 1243
2333 1242
2325 1240
2324 1237
2555 996
2559 998
2558 997
2467 972
2468 977
2473 970
2474 971
2477 1002
2479 1002
2476 1001
2481 998
2480 1001
2465 996
2468 997
2469 996
2465 992
2463 994
2661 1070
2679 1088
2683 1084
2686 1111
2687 1110
2687 1138
2687 1140
2688 1139
2687 1126
2661 1140
2330 1244
2325 1241
2323 1237
2554 996
2556 996
2559 999
2466 972
2473 969
2474 970
2477 1003
2476 1002
2479 1003
2480 1002
2482 998
2464 996
2468 998
2469 995
2466 992
2660 1070
2683 1085
2687 1111
2687 1137
2688 1138
2687 1141
2689 1139
2687 1125
2688 1126
2660 1140
2330 1245
2324 1241
2326 1241
2323 1236
2553 996
2557 996
2559 1000
2466 973
2472 969
2474 969
2475 970
2476 1003
2479 1004
2481 1002
2482 999
2483 998
2464 997
2463 996
2468 999
2466 991
2660 1069
2659 1070
2683 1086
2684 1085
2688 1137
2689 1140
2690 1139
2660 1141
2659 1140
2330 1246
2329 1245
2323 1235
2552 996
2560 1000
2472 968
2476 970
2479 1005
2478 1004
2480 1004
2482 1002
2483 997
2484 998
2464 998
2462 996
2467 999
2469 999
2659 1069
2659 1071
2658 1070
2682 1086
2684 1086
2685 1085
2691 1139
2659 1141
2659 1139
2658 1140
2330 1247
2329 1246
2323 1234
2322 1235
2552 995
2552 997
2561 1000
2471 968
2476 971
2477 970
2480 1005
2483 1002
2483 996
2464 999
2461 996
2467 1000
2469 1000
2659 1068
2658 1071
2657 1070
2682 1087
2684 1087
2685 1086
2685 1084
2691 1138
2692 1139
2657 1140
2331 1247
2328 1246
2323 1233
2551 995
2552 998
2561 1001
2562 1000
2470 968
2476 972
2477 971
2478 970
2480 1006
2482 996
2461 997
2460 996
2469 1001
2658 1068
2658 1072
2656 1070
2682 1088
2681 1087
2686 1086
2685 1083
2692 1138
2693 1139
2657 1139
2657 1141
2656 1140
2331 1248
2332 1247
2323 1232
2322 1233
2551 994
2550 995
2553 998
2562 1001
2469 968
2475 972
2479 970
2480 1007
2481 996
2461 998
2460 997
2460 995
2469 1002
2468 1001
2658 1067
2682 1089
2687 1086
2685 1082
2692 1137
2694 1139
2657 1138
2657 1142
2656 1141
2331 1249
2332 1248
2332 1246
2322 1232
2324 1232
2321 1233
2550 994
2550 996
2562 1002
2469 967
2479 969
2480 970
2480 1008
2461 999
2460 994
2658 1066
2682 1090
2688 1086
2685 1081
2692 1136
2694 1140
2657 1137
2657 1143
2656 1142
2655 1141
2331 1250
2332 1249
2322 1231
2325 1232
2320 1233
2549 996
2562 1003
2469 966
2479 968
2480 971
2481 970
2479 1008
2481 1008
2461 1000
2459 994
2461 994
2658 1065
2682 1091
2688 1085
2689 1086
2684 1081
2691 1136
2693 1136
2695 1140
2656 1137
2657 1144
2656 1143
2655 1142
2330 1250
2332 1250
2322 1230
2325 1231
2325 1233
2320 1234
2319 1233
2548 996
2561 1003
2563 1003
2469 965
2479 967
2478 968
2480 972
2482 970
2479 1009
2478 1008
2482 1008
2461 1001
2459 993
2658 1064
2682 1092
2689 1087
2690 1086
2684 1080
2690 1136
2693 1135
2695 1141
2655 1137
2657 1145
2656 1144
2654 1142
2329 1250
2325 1234
2319 1234
2547 996
2563 1004
2469 964
2479 966
2477 968
2480 973
2478 1009
2482 1007
2462 1001
2458 993
2659 1064
2683 1092
2689 1088
2690 1087
2690 1085
2684 1079
2683 1080
2689 1136
2693 1134
2695 1142
2655 1138
2657 1146
2328 1250
2325 1235
2319 1235
2547 997
2468 964
2479 965
2478 966
2480 966
2477 967
2481 973
2478 1010
2482 1006
2483 1007
2462 1002
2458 992
2660 1064
2683 1093
2689 1089
2690 1088
2690 1084
2691 1085
2682 1080
2689 1135
2696 1142
2654 1138
2658 1146
2328 1249
2328 1251
2327 1250
2318 1235
2547 998
2467 964
2479 964
2480 965
2477 966
2481 974
2478 1011
2482 1005
2457 992
2661 1064
2683 1094
2684 1093
2689 1090
2690 1083
2682 1081
2681 1080
2696 1143
2697 1142
2653 1138
2659 1146
2326 1250
2318 1236
2467 963
2467 965
2480 964
2481 965
2477 965
2476 966
2478 1012
2477 1011
2479 1011
2483 1005
2456 992
2661 1063
2683 1095
2685 1093
2689 1091
2690 1082
2691 1083
2680 1080
2696 1144
2698 1142
2653 1139
2659 1147
2326 1249
2318 1237
2467 966
2480 963
2482 965
2477 964
2475 966
2477 1012
2476 1011
2480 1011
2456 991
2455 992
2662 1063
2689 1092
2690 1081
2689 1082
2679 1080
2696 1145
2699 1142
2653 1140
2652 1139
2659 1148
2325 1249
2318 1238
2317 1237
2319 1237
2466 966
2480 962
2482 966
2475 967
2476 1012
2480 1012
2481 1011
2662 1062
2690 1092
2689 1081
2679 1079
2695 1145
2700 1142
2658 1148
2660 1148
2324 1249
2318 1239
2316 1237
2465 966
2479 962
2481 962
2474 967
2476 1013
2662 1061
2691 1092
2689 1080
2679 1078
2695 1146
2694 1145
2700 1141
2700 1143
2701 1142
2661 1148
2324 1248
2324 1250
2318 1240
2319 1239
2316 1236
2465 965
2465 967
2464 966
2476 1014
2662 1060
2661 1061
2663 1061
2691 1093
2688 1080
2680 1078
2695 1147
2693 1145
2701 1141
2661 1149
2324 1247
2323 1248
2323 1250
2316 1235
2315 1236
2464 965
2465 968
2463 966
2476 1015
2662 1059
2663 1060
2660 1061
2664 1061
2691 1094
2681 1078
2695 1148
2692 1145
2701 1140
2322 1248
2316 1234
2315 1235
2314 1236
2464 968
2466 968
2463 967
2462 966
2476 1016
2475 1015
2662 1058
2663 1059
2660 1060
2660 1062
2691 1095
2681 1077
2694 1148
2702 1140
2321 1248
2316 1233
2313 1236
2463 968
2466 969
2461 966
2476 1017
2662 1057
2661 1058
2664 1059
2659 1060
2692 1095
2682 1077
2693 1148
2703 1140
2321 1247
2320 1248
2316 1232
2312 1236
2463 969
2467 969
2461 965
2461 967
2477 1017
2662 1056
2661 1057
2663 1057
2665 1059
2658 1060
2692 1096
2683 1077
2693 1149
2692 1148
2703 1141
2704 1140
2321 1246
2320 1249
2319 1248
2315 1232
2312 1237
2311 1236
2463 970
2460 967
2477 1018
2478 1017
2661 1056
2660 1057
2664 1057
2665 1058
2665 1060
2657 1060
2692 1097
2693 1096
2684 1077
2693 1150
2692 1149
2691 1148
2704 1139
2321 1245
2320 1246
2320 1250
2312 1238
2310 1236
2462 970
2464 970
2459 967
2477 1019
2479 1017
2659 1057
2665 1057
2666 1058
2656 1060
2692 1098
2685 1077
2693 1151
2694 1150
2690 1148
2704 1138
2320 1245
2320 1251
2321 1250
2312 1239
2310 1235
2310 1237
2462 971
2461 970
2459 966
2459 968
2479 1018
2659 1056
2659 1058
2667 1058
2655 1060
2692 1099
2686 1077
2693 1152
2692 1151
2694 1151
2695 1150
2689 1148
2320 1244
2319 1245
2320 1252
2312 1240
2311 1239
2313 1239
2309 1235
2459 965
2458 968
2479 1019
2658 1058
2668 1058
2655 1061
2654 1060
2692 1100
2686 1078
2687 1077
2691 1151
2695 1151
2696 1150
2688 1148
2319 1252
2321 1252
2311 1240
2309 1234
2308 1235
2459 964
2458 965
2457 968
2479 1020
2480 1019
2657 1058
2668 1057
2669 1058
2654 1059
2692 1101
2691 1100
2693 1100
2687 1078
2688 1077
2691 1152
2696 1151
2696 1149
2687 1148
2319 1253
2309 1233
2308 1234
2459 963
2460 964
2457 967
2456 968
2479 1021
2481 1019
2668 1056
2669 1059
2670 1058
2653 1059
2692 1102
2694 1100
2688 1076
2689 1077
2691 1153
2696 1152
2697 1151
2697 1149
2687 1147
2319 1254
2318 1253
2309 1232
2459 962
2457 966
2456 969
2455 968
2479 1022
2481 1020
2482 1019
2668 1055
2669 1056
2669 1060
2652 1059
2692 1103
2689 1078
2690 1077
2696 1153
2697 1152
2319 1255
2317 1253
2308 1232
2459 961
2458 962
2460 962
2456 966
2455 967
2454 968
2480 1022
2482 1020
2482 1018
2483 1019
2667 1055
2669 1055
2670 1056
2670 1060
2652 1058
2652 1060
2693 1103
2690 1076
2695 1153
2697 1153
2319 1256
2318 1255
2316 1253
2307 1232
2459 960
2458 961
2460 961
2456 965
2453 968
2480 1023
2666 1055
2669 1054
2671 1056
2671 1060
2652 1057
2652 1061
2690 1075
2691 1076
2695 1154
2698 1153
2317 1255
2315 1253
2307 1231
2306 1232
2459 959
2458 960
2457 961
2461 961
2455 965
2452 968
2480 1024
2665 1055
2669 1053
2670 1054
2672 1056
2671 1061
2672 1060
2652 1056
2652 1062
2653 1061
2690 1074
2694 1154
2698 1154
2699 1153
2316 1255
2315 1252
2307 1230
2458 959
2456 961
2461 960
2454 965
2451 968
2480 1025
2479 1024
2664 1055
2669 1052
2670 1053
2671 1054
2673 1056
2673 1060
2652 1055
2653 1056
2651 1062
2694 1155
2698 1155
2700 1153
2315 1255
2315 1251
2307 1229
2306 1230
2455 961
2454 966
2450 968
2480 1026
2478 1024
2669 1051
2670 1052
2673 1055
2673 1057
2674 1060
2653 1055
2654 1056
2650 1062
2693 1155
2698 1156
2701 1153
2314 1255
2314 1251
2316 1251
2308 1229
2305 1230
2455 960
2454 961
2453 966
2450 967
2450 969
2449 968
2668 1051
2671 1052
2673 1058
2675 1060
2650 1063
2649 1062
2697 1156
2699 1156
2702 1153
2314 1254
2313 1255
2314 1250
2313 1251
2309 1229
2450 966
2450 970
2668 1050
2672 1058
2676 1060
2649 1061
2648 1062
2696 1156
2699 1157
2702 1152
2312 1255
2314 1249
2310 1229
2451 966
2449 970
2668 1049
2676 1059
2676 1061
2648 1063
2647 1062
2696 1155
2696 1157
2699 1158
2703 1152
2312 1254
2315 1249
2310 1228
2310 1230
2451 965
2448 970
2668 1048
2667 1049
2677 1059
2676 1062
2647 1063
2696 1158
2699 1159
2700 1158
2703 1151
2704 1152
2311 1254
2310 1227
2311 1230
2452 965
2667 1048
2669 1048
2677 1058
2678 1059
2676 1063
2647 1064
2695 1158
2699 1160
2698 1159
2704 1151
2311 1253
2310 1254
2309 1227
2311 1227
2311 1231
2312 1230
2452 964
2669 1047
2677 1057
2678 1060
2679 1059
2676 1064
2675 1063
2647 1065
2646 1064
2695 1159
2699 1161
2698 1160
2700 1160
2697 1159
2704 1150
2705 1151
2309 1254
2311 1226
2312 1231
2313 1230
2452 963
2669 1046
2670 1047
2678 1057
2679 1058
2680 1059
2677 1064
2674 1063
2647 1066
2645 1064
2698 1161
2701 1160
2706 1151
2308 1254
2311 1225
2313 1231
2313 1229
2451 963
2668 1046
2670 1046
2671 1047
2680 1060
2681 1059
2677 1065
2674 1064
2673 1063
2645 1063
2645 1065
2698 1162
2701 1159
2706 1150
2707 1151
2307 1254
2310 1225
2451 962
2668 1045
2667 1046
2672 1047
2680 1061
2677 1066
2672 1063
2645 1062
2644 1063
2645 1066
2698 1163
2708 1151
2307 1255
2309 1225
2668 1044
2667 1045
2672 1046
2672 1048
2673 1047
2680 1062
2681 1061
2677 1067
2676 1066
2671 1063
2645 1061
2644 1066
2698 1164
2708 1150
2708 1152
2307 1256
2306 1255
2309 1224
2308 1225
2668 1043
2666 1045
2672 1049
2673 1048
2682 1061
2678 1067
2675 1066
2671 1064
2644 1061
2644 1067
2643 1066
2697 1164
2709 1150
2709 1152
2307 1257
2308 1256
2305 1255
2309 1223
2668 1042
2667 1043
2665 1045
2682 1060
2679 1067
2675 1067
2671 1065
2643 1061
2643 1065
2696 1164
2710 1150
2709 1153
2307 1258
2305 1254
2308 1223
2310 1223
2667 1042
2665 1046
2683 1060
2675 1068
2671 1066
2672 1065
2643 1060
2643 1062
2642 1061
2642 1065
2696 1165
2709 1154
2710 1153
2306 1258
2308 1258
2305 1253
2308 1222
2667 1041
2666 1042
2664 1046
2683 1059
2684 1060
2671 1067
2642 1060
2641 1061
2696 1166
2709 1155
2306 1259
2304 1253
2308 1221
2666 1041
2663 1046
2683 1058
2670 1067
2640 1061
2696 1167
2710 1155
2306 1260
2303 1253
2307 1221
2662 1046
2684 1058
2669 1067
2640 1060
2639 1061
2696 1168
2697 1167
2711 1155
2306 1261
2305 1260
2302 1253
2306 1221
2662 1045
2661 1046
2684 1057
2668 1067
2639 1060
2638 1061
2697 1168
2711 1156
2306 1262
2302 1254
2301 1253
2305 1221
2660 1046
2684 1056
2668 1068
2667 1067
2639 1059
2638 1062
2637 1061
2697 1169
2698 1168
2711 1157
2712 1156
2307 1262
2301 1252
2300 1253
2305 1220
2304 1221
2659 1046
2684 1055
2638 1063
2637 1062
2637 1060
2697 1170
2698 1169
2699 1168
2711 1158
2713 1156
2308 1262
2300 1254
2299 1253
2305 1219
2304 1222
2659 1045
2684 1054
2683 1055
2638 1064
2636 1062
2636 1060
2699 1167
2700 1168
2713 1155
2713 1157
2308 1263
2300 1255
2299 1252
2298 1253
2305 1218
2304 1219
2304 1223
2659 1044
2683 1054
2682 1055
2637 1064
2639 1064
2636 1059
2635 1060
2701 1168
2713 1158
2308 1264
2299 1255
2299 1251
2298 1254
2297 1253
2305 1217
2303 1219
2659 1043
2683 1053
2681 1055
2640 1064
2636 1058
2634 1060
2701 1167
2701 1169
2702 1168
2713 1159
2714 1158
2308 1265
2299 1256
2299 1250
2305 1216
2306 1217
2303 1220
2659 1042
2658 1043
2660 1043
2683 1052
2682 1053
2680 1055
2635 1058
2637 1058
2634 1059
2634 1061
2633 1060
2702 1167
2703 1168
2713 1160
2712 1159
2715 1158
2308 1266
2307 1265
2299 1257
2299 1249
2305 1215
2304 1216
2659 1041
2657 1043
2682 1052
2637 1057
2633 1059
2632 1060
2704 1168
2713 1161
2714 1160
2716 1158
2308 1267
2307 1266
2309 1266
2298 1257
2300 1257
2298 1249
2300 1249
2305 1214
2304 1215
2303 1216
2659 1040
2660 1041
2657 1042
2682 1051
2681 1052
2637 1056
2633 1058
2632 1061
2631 1060
2704 1167
2714 1161
2716 1159
2717 1158
2308 1268
2306 1266
2310 1266
2298 1258
2297 1257
2298 1248
2300 1248
2303 1215
2303 1217
2659 1039
2660 1040
2682 1050
2638 1056
2630 1060
2705 1167
2717 1159
2718 1158
2307 1268
2305 1266
2310 1265
2310 1267
2311 1266
2298 1259
2296 1257
2298 1247
2297 1248
2300 1247
2303 1214
2302 1217
2659 1038
2682 1049
2681 1050
2638 1055
2630 1059
2718 1159
2719 1158
2305 1267
2304 1266
2310 1264
2311 1265
2311 1267
2299 1259
2296 1256
2296 1258
2297 1247
2303 1213
2301 1217
2658 1038
2683 1049
2680 1050
2639 1055
2630 1058
2718 1160
2719 1157
2304 1267
2304 1265
2312 1265
2311 1268
2312 1267
2299 1260
2295 1256
2295 1258
2297 1246
2296 1247
2303 1212
2301 1218
2657 1038
2684 1049
2680 1051
2639 1054
2640 1055
2630 1057
2718 1161
2720 1157
2304 1268
2303 1267
2312 1264
2312 1268
2313 1267
2300 1260
2295 1255
2294 1256
2295 1259
2294 1258
2297 1245
2296 1246
2295 1247
2303 1211
2302 1212
2657 1039
2685 1049
2640 1054
2641 1055
2630 1056
2631 1057
2718 1162
2717 1161
2719 1161
2304 1269
2302 1267
2312 1263
2313 1268
2313 1266
2314 1267
2301 1260
2294 1255
2294 1257
2295 1260
2295 1246
2294 1247
2303 1210
2301 1212
2656 1039
2685 1050
2686 1049
2641 1054
2642 1055
2629 1056
2717 1162
2716 1161
2304 1270
2302 1266
2301 1267
2313 1263
2313 1269
2314 1266
2293 1255
2293 1257
2294 1260
2296 1260
2302 1210
2304 1210
2301 1213
2656 1040
2686 1048
2687 1049
2641 1053
2642 1056
2629 1055
2628 1056
2717 1163
2300 1267
2313 1262
2314 1269
2293 1254
2292 1257
2296 1261
2302 1209
2301 1210
2304 1209
2305 1210
2300 1213
2655 1040
2686 1047
2688 1049
2641 1052
2642 1057
2643 1056
2628 1055
2628 1057
2717 1164
2716 1163
2299 1267
2313 1261
2314 1270
2293 1253
2292 1254
2292 1258
2291 1257
2301 1209
2304 1208
2306 1210
2655 1041
2654 1040
2686 1046
2685 1047
2688 1048
2688 1050
2689 1049
2640 1052
2642 1052
2642 1058
2644 1056
2628 1054
2628 1058
2718 1164
2715 1163
2314 1261
2314 1271
2293 1252
2292 1259
2291 1258
2290 1257
2305 1208
2307 1210
2654 1041
2654 1039
2686 1045
2685 1046
2684 1047
2688 1047
2640 1051
2639 1052
2642 1051
2643 1052
2643 1058
2644 1055
2644 1057
2627 1054
2718 1165
2315 1261
2314 1272
2313 1271
2293 1251
2292 1252
2292 1260
2291 1259
2290 1256
2307 1209
2654 1042
2654 1038
2653 1039
2684 1046
2689 1047
2638 1052
2642 1050
2644 1052
2644 1058
2626 1054
2719 1165
2315 1262
2316 1261
2314 1273
2315 1272
2290 1259
2653 1038
2652 1039
2684 1045
2637 1052
2641 1050
2644 1051
2644 1053
2625 1054
2720 1165
2316 1262
2313 1273
2316 1272
2289 1259
2651 1039
2684 1044
2637 1051
2637 1053
2636 1052
2645 1051
2625 1053
2720 1164
2316 1263
2313 1274
2312 1273
2316 1273
2317 1272
2288 1259
2651 1038
2683 1044
2685 1044
2637 1050
2636 1051
2645 1050
2646 1051
2624 1053
2720 1163
2316 1264
2312 1274
2311 1273
2317 1273
2318 1272
2288 1258
2288 1260
2287 1259
2651 1037
2682 1044
2685 1043
2636 1050
2645 1049
2646 1050
2624 1052
2623 1053
2719 1163
2721 1163
2317 1264
2312 1275
2310 1273
2318 1273
2319 1272
2288 1257
2286 1259
2651 1036
2650 1037
2652 1037
2682 1043
2681 1044
2686 1043
2635 1050
2647 1050
2623 1054
2722 1163
2317 1265
2318 1264
2312 1276
2310 1272
2318 1274
2319 1273
2287 1257
2286 1260
2285 1259
2651 1035
2650 1036
2649 1037
2687 1043
2635 1049
2634 1050
2622 1054
2722 1164
2317 1266
2318 1265
2312 1277
2310 1271
2320 1273
2286 1257
2285 1260
2284 1259
2650 1035
2649 1038
2648 1037
2687 1042
2634 1049
2634 1051
2622 1055
2621 1054
2317 1267
2318 1266
2312 1278
2311 1277
2320 1274
2321 1273
2286 1256
2285 1257
2285 1261
2284 1260
2283 1259
2650 1034
2649 1035
2647 1037
2688 1042
2633 1049
2634 1052
2633 1051
2622 1056
2621 1053
2316 1267
2319 1266
2311 1278
2321 1274
2284 1257
2285 1262
2650 1033
2647 1036
2688 1041
2633 1048
2632 1049
2633 1052
2622 1057
2620 1053
2316 1268
2320 1266
2311 1279
2321 1275
2284 1256
2283 1257
2284 1262
2286 1262
2650 1032
2649 1033
2647 1035
2688 1040
2631 1049
2633 1053
2622 1058
2619 1053
2320 1265
2310 1279
2322 1275
2284 1255
2283 1262
2286 1263
2649 1032
2646 1035
2688 1039
2631 1048
2631 1050
2632 1053
2621 1058
2623 1058
2618 1053
2321 1265
2310 1280
2323 1275
2282 1262
2648 1032
2645 1035
2689 1039
2631 1047
2621 1059
2623 1059
2617 1053
2309 1280
2323 1274
2324 1275
2282 1261
2282 1263
2644 1035
2689 1038
2621 1060
2623 1060
2624 1059
2616 1053
2308 1280
2323 1273
2324 1276
2281 1261
2282 1264
2643 1035
2689 1037
2621 1061
2625 1059
2616 1052
2616 1054
2615 1053
2307 1280
2323 1272
2280 1261
2282 1265
2281 1264
2283 1264
2643 1034
2643 1036
2690 1037
2621 1062
2625 1060
2615 1052
2616 1055
2307 1279
2306 1280
2280 1260
2282 1266
2643 1033
2642 1034
2643 1037
2690 1036
2691 1037
2621 1063
2620 1062
2625 1061
2614 1052
2307 1278
2306 1281
2305 1280
2280 1259
2282 1267
2643 1032
2643 1038
2642 1037
2690 1035
2691 1036
2691 1038
2692 1037
2622 1063
2619 1062
2625 1062
2613 1052
2307 1277
2306 1278
2308 1278
2305 1281
2305 1279
2304 1280
2279 1259
2282 1268
2283 1267
2643 1031
2643 1039
2690 1034
2691 1035
2693 1037
2619 1061
2618 1062
2625 1063
2613 1051
2613 1053
2307 1276
2305 1278
2305 1282
2303 1280
2279 1258
2281 1268
2284 1267
2642 1031
2644 1031
2643 1040
2689 1034
2691 1034
2693 1036
2694 1037
2617 1062
2625 1064
2612 1051
2613 1054
2305 1283
2304 1282
2302 1280
2278 1258
2281 1269
2285 1267
2642 1030
2641 1031
2644 1030
2642 1040
2688 1034
2691 1033
2692 1034
2694 1036
2695 1037
2617 1061
2617 1063
2616 1062
2624 1064
2626 1064
2611 1051
2613 1055
2305 1284
2304 1283
2303 1282
2301 1280
2278 1257
2277 1258
2280 1269
2285 1266
2641 1030
2644 1029
2641 1040
2688 1033
2695 1036
2695 1038
2616 1061
2617 1064
2626 1065
2627 1064
2611 1050
2610 1051
2612 1055
2306 1284
2303 1283
2301 1279
2301 1281
2278 1256
2277 1259
2276 1258
2280 1270
2640 1030
2641 1039
2640 1040
2688 1032
2687 1033
2695 1035
2696 1036
2615 1061
2616 1064
2626 1066
2627 1063
2628 1064
2611 1049
2307 1284
2302 1283
2301 1282
2278 1255
2279 1256
2276 1257
2280 1271
2639 1030
2641 1038
2640 1041
2688 1031
2686 1033
2697 1036
2614 1061
2616 1065
2627 1062
2628 1065
2610 1049
2612 1049
2307 1283
2307 1285
2302 1284
2300 1282
2277 1255
2279 1255
2281 1271
2639 1029
2640 1038
2640 1042
2688 1030
2686 1032
2686 1034
2698 1036
2614 1060
2616 1066
2615 1065
2627 1061
2628 1062
2628 1066
2610 1048
2307 1286
2279 1254
2281 1272
2639 1028
2640 1037
2639 1038
2640 1043
2688 1029
2687 1030
2689 1030
2685 1034
2698 1037
2699 1036
2614 1059
2613 1060
2615 1066
2629 1062
2629 1066
2610 1047
2306 1286
2308 1286
2280 1254
2282 1272
2639 1027
2640 1044
2639 1043
2641 1043
2688 1028
2686 1030
2699 1037
2700 1036
2612 1060
2614 1066
2629 1067
2610 1046
2305 1286
2308 1287
2280 1253
2281 1254
2283 1272
2640 1027
2639 1044
2641 1044
2688 1027
2700 1037
2701 1036
2612 1059
2611 1060
2614 1067
2629 1068
2609 1046
2611 1046
2305 1287
2309 1287
2282 1254
2283 1273
2284 1272
2641 1027
2642 1044
2688 1026
2687 1027
2700 1038
2611 1059
2611 1061
2613 1067
2629 1069
2628 1068
2608 1046
2612 1046
2305 1288
2310 1287
2282 1253
2283 1274
2284 1271
2285 1272
2641 1026
2642 1027
2642 1045
2643 1044
2688 1025
2689 1026
2686 1027
2701 1038
2611 1058
2610 1061
2612 1067
2608 1047
2613 1046
2305 1289
2310 1288
2283 1253
2283 1275
2286 1272
2641 1025
2642 1026
2642 1028
2643 1043
2644 1044
2690 1026
2686 1026
2702 1038
2610 1058
2610 1062
2611 1067
2607 1047
2613 1045
2305 1290
2310 1289
2311 1288
2284 1253
2286 1271
2287 1272
2640 1025
2643 1026
2643 1042
2644 1043
2645 1044
2685 1026
2703 1038
2610 1057
2611 1068
2606 1047
2305 1291
2309 1289
2311 1289
2312 1288
2286 1270
2287 1273
2639 1025
2643 1025
2644 1026
2644 1042
2684 1026
2703 1039
2704 1038
2610 1056
2611 1069
2606 1046
2606 1048
2305 1292
2311 1290
2287 1270
2638 1025
2643 1024
2644 1025
2645 1042
2684 1027
2704 1039
2705 1038
2609 1056
2611 1056
2611 1070
2605 1046
2606 1049
2311 1291
2287 1269
2638 1024
2646 1042
2684 1028
2704 1040
2705 1037
2609 1055
2608 1056
2610 1070
2605 1045
2604 1046
2605 1049
2311 1292
2312 1291
2288 1269
2638 1023
2637 1024
2646 1041
2647 1042
2683 1028
2704 1041
2705 1036
2607 1056
2610 1071
2605 1044
2311 1293
2310 1292
2288 1268
2638 1022
2637 1023
2636 1024
2647 1043
2682 1028
2704 1042
2705 1035
2607 1057
2610 1072
2609 1071
2605 1043
2311 1294
2310 1293
2639 1022
2635 1024
2682 1029
2705 1042
2705 1034
2607 1058
2610 1073
2611 1072
2608 1071
2606 1043
2311 1295
2309 1293
2640 1022
2635 1023
2634 1024
2681 1029
2705 1043
2705 1033
2608 1058
2610 1074
2611 1073
2607 1071
2606 1042
2607 1043
2311 1296
2312 1295
2635 1022
2680 1029
2706 1043
2705 1032
2608 1059
2610 1075
2612 1073
2607 1072
2606 1041
2311 1297
2310 1296
2313 1295
2680 1028
2680 1030
2706 1044
2705 1031
2704 1032
2611 1075
2612 1074
2607 1073
2606 1072
2606 1040
2607 1041
2311 1298
2309 1296
2314 1295
2679 1028
2680 1031
2707 1044
2705 1030
2706 1031
2613 1074
2605 1072
2606 1039
2605 1040
2608 1041
2311 1299
2309 1295
2309 1297
2314 1296
2679 1027
2679 1031
2681 1031
2707 1045
2704 1030
2706 1030
2707 1031
2613 1075
2605 1073
2607 1039
2604 1040
2608 1040
2608 1042
2311 1300
2310 1299
2312 1299
2314 1297
2679 1026
2678 1027
2681 1032
2704 1029
2707 1032
2614 1075
2605 1074
2607 1038
2604 1039
2311 1301
2312 1300
2313 1299
2314 1298
2679 1025
2677 1027
2704 1028
2708 1032
2615 1075
2605 1075
2606 1074
2608 1038
2604 1038
2603 1039
2311 1302
2310 1301
2314 1299
2678 1025
2680 1025
2704 1027
2709 1032
2615 1074
2615 1076
2616 1075
2605 1076
2609 1038
2603 1038
2602 1039
2311 1303
2312 1302
2680 1024
2705 1027
2709 1031
2709 1033
2710 1032
2615 1073
2616 1074
2615 1077
2605 1077
2604 1076
2609 1037
2601 1039
2310 1303
2681 1024
2706 1027
2709 1030
2709 1034
2615 1072
2614 1073
2616 1073
2617 1074
2603 1076
2609 1036
2610 1037
2600 1039
2309 1303
2682 1024
2706 1026
2710 1034
2616 1072
2618 1074
2603 1075
2603 1077
2602 1076
2609 1035
2608 1036
2611 1037
2599 1039
2309 1302
2308 1303
2682 1023
2706 1025
2710 1035
2618 1073
2618 1075
2603 1078
2601 1076
2610 1035
2607 1036
2611 1036
2611 1038
2612 1037
2598 1039
2308 1302
2308 1304
2307 1303
2682 1022
2710 1036
2619 1073
2602 1078
2601 1075
2610 1034
2612 1036
2611 1039
2612 1038
2597 1039
2308 1305
2306 1303
2682 1021
2710 1037
2711 1036
2619 1072
2620 1073
2602 1079
2600 1075
2610 1033
2610 1039
2596 1039
2308 1306
2307 1305
2306 1302
2682 1020
2681 1021
2709 1037
2712 1036
2602 1080
2599 1075
2610 1032
2611 1033
2596 1038
2596 1040
2308 1307
2306 1305
2305 1302
2682 1019
2683 1020
2680 1021
2712 1037
2602 1081
2601 1080
2599 1074
2609 1032
2596 1037
2595 1038
2596 1041
2595 1040
2307 1307
2309 1307
2305 1305
2305 1301
2304 1302
2682 1018
2681 1019
2679 1021
2712 1038
2713 1037
2602 1082
2600 1080
2599 1073
2598 1074
2609 1031
2608 1032
2597 1037
2594 1038
2596 1042
2594 1040
2306 1307
2310 1307
2305 1300
2304 1301
2304 1303
2682 1017
2683 1018
2679 1022
2678 1021
2712 1039
2714 1037
2600 1081
2597 1074
2609 1030
2607 1032
2594 1039
2593 1038
2310 1308
2303 1303
2682 1016
2677 1021
2711 1039
2713 1039
2715 1037
2600 1082
2599 1081
2597 1075
2609 1029
2610 1030
2606 1032
2593 1039
2593 1037
2310 1309
2302 1303
2682 1015
2683 1016
2676 1021
2710 1039
2713 1040
2715 1036
2715 1038
2716 1037
2598 1081
2596 1075
2609 1028
2608 1029
2610 1029
2611 1030
2606 1031
2606 1033
2605 1032
2592 1039
2592 1037
2310 1310
2309 1309
2302 1302
2302 1304
2301 1303
2681 1015
2684 1016
2676 1022
2675 1021
2710 1040
2715 1035
2717 1037
2598 1080
2598 1082
2595 1075
2608 1028
2612 1030
2606 1034
2591 1039
2591 1037
2309 1310
2311 1310
2308 1309
2301 1304
2300 1303
2680 1015
2684 1015
2675 1020
2674 1021
2714 1035
2716 1035
2717 1038
2718 1037
2597 1080
2598 1083
2597 1082
2594 1075
2608 1027
2613 1030
2605 1034
2591 1040
2309 1311
2312 1310
2307 1309
2301 1305
2299 1303
2680 1014
2680 1016
2684 1014
2685 1015
2674 1022
2716 1034
2717 1039
2718 1038
2596 1080
2598 1084
2596 1082
2594 1074
2593 1075
2607 1027
2605 1035
2604 1034
2590 1040
2309 1312
2308 1311
2313 1310
2299 1302
2299 1304
2679 1014
2684 1013
2686 1015
2673 1022
2716 1033
2717 1040
2596 1081
2598 1085
2597 1084
2593 1076
2607 1026
2606 1027
2605 1036
2604 1035
2604 1033
2590 1041
2309 1313
2310 1312
2307 1311
2313 1309
2298 1302
2299 1305
2678 1014
2683 1013
2685 1013
2686 1014
2672 1022
2716 1032
2715 1033
2717 1033
2717 1041
2716 1040
2718 1040
2598 1086
2599 1085
2606 1028
2605 1027
2605 1037
2590 1042
2589 1041
2309 1314
2307 1312
2299 1306
2298 1305
2678 1015
2683 1012
2685 1012
2671 1022
2716 1031
2718 1033
2717 1042
2718 1041
2719 1040
2597 1086
2599 1086
2605 1028
2588 1041
2308 1314
2310 1314
2299 1307
2298 1306
2297 1305
2678 1016
2682 1012
2686 1012
2716 1030
2719 1033
2716 1042
2597 1087
2605 1029
2587 1041
2307 1314
2310 1315
2299 1308
2297 1304
2682 1011
2686 1011
2716 1029
2715 1042
2597 1088
2587 1040
2586 1041
2306 1314
2311 1315
2299 1309
2682 1010
2687 1011
2716 1028
2715 1041
2715 1043
2714 1042
2598 1088
2587 1039
2586 1040
2585 1041
2305 1314
2312 1315
2298 1309
2300 1309
2683 1010
2688 1011
2716 1027
2715 1044
2714 1043
2598 1089
2599 1088
2587 1038
2585 1042
2305 1315
2313 1315
2297 1309
2300 1310
2689 1011
2716 1026
2714 1044
2716 1044
2600 1088
2587 1037
2584 1042
2305 1316
2314 1315
2297 1310
2296 1309
2300 1311
2689 1010
2689 1012
2717 1026
2714 1045
2716 1045
2600 1089
2584 1043
2305 1317
2304 1316
2306 1316
2315 1315
2295 1309
2299 1311
2690 1010
2689 1013
2717 1025
2718 1026
2714 1046
2713 1045
2716 1046
2600 1090
2584 1044
2583 1043
2306 1317
2316 1315
2294 1309
2690 1009
2691 1010
2690 1013
2717 1024
2719 1026
2714 1047
2717 1046
2600 1091
2585 1044
2582 1043
2306 1318
2316 1314
2317 1315
2293 1309
2690 1008
2691 1011
2692 1010
2691 1013
2718 1024
2720 1026
2715 1047
2717 1047
2601 1091
2585 1045
2586 1044
2582 1042
2581 1043
2306 1319
2307 1318
2317 1314
2293 1308
2293 1310
2292 1309
2689 1008
2693 1010
2692 1013
2718 1023
2721 1026
2715 1048
2718 1047
2601 1092
2585 1046
2582 1041
2305 1319
2317 1313
2292 1308
2292 1310
2689 1007
2693 1011
2693 1013
2718 1022
2721 1027
2715 1049
2718 1048
2719 1047
2601 1093
2582 1040
2581 1041
2305 1320
2304 1319
2318 1313
2291 1308
2292 1311
2291 1310
2689 1006
2693 1012
2694 1013
2719 1022
2721 1028
2714 1049
2716 1049
2720 1047
2601 1094
2600 1093
2582 1039
2580 1041
2319 1313
2290 1308
2290 1310
2688 1006
2690 1006
2695 1013
2720 1022
2721 1029
2714 1050
2721 1047
2600 1094
2582 1038
2583 1039
2579 1041
2319 1312
2319 1314
2289 1308
2290 1311
2687 1006
2695 1012
2695 1014
2696 1013
2720 1021
2722 1029
2714 1051
2722 1047
2600 1095
2599 1094
2582 1037
2581 1038
2584 1039
2579 1040
2319 1311
2320 1314
2289 1309
2290 1312
2686 1006
2695 1011
2696 1014
2697 1013
2721 1021
2714 1052
2713 1051
2722 1046
2723 1047
2600 1096
2599 1095
2598 1094
2580 1038
2319 1310
2320 1315
2289 1312
2685 1006
2695 1010
2697 1014
2697 1012
2714 1053
2715 1052
2712 1051
2723 1046
2597 1094
2579 1038
2319 1309
2320 1310
2289 1313
2288 1312
2685 1007
2684 1006
2696 1010
2697 1015
2713 1053
2715 1053
2716 1052
2712 1052
2724 1046
2597 1095
2579 1037
2320 1309
2321 1310
2289 1314
2684 1007
2684 1005
2683 1006
2696 1009
2698 1015
2712 1053
2716 1051
2724 1045
2725 1046
2596 1095
2578 1037
2321 1311
2322 1310
2289 1315
2288 1314
2290 1314
2683 1007
2684 1004
2699 1015
2711 1053
2725 1045
2726 1046
2596 1096
2595 1095
2577 1037
2322 1311
2323 1310
2290 1315
2291 1314
2683 1004
2685 1004
2699 1014
2700 1015
2711 1054
2725 1044
2726 1047
2596 1097
2577 1036
2576 1037
2324 1310
2290 1316
2683 1003
2682 1004
2685 1003
2699 1013
2700 1014
2710 1054
2725 1043
2596 1098
2595 1097
2577 1035
2576 1038
2575 1037
2324 1309
2325 1310
2290 1317
2683 1002
2681 1004
2685 1002
2686 1003
2709 1054
2726 1043
2596 1099
2594 1097
2576 1035
2575 1038
2325 1309
2326 1310
2290 1318
2684 1002
2685 1001
2686 1002
2709 1053
2709 1055
2727 1043
2597 1099
2576 1034
2575 1039
2325 1308
2326 1311
2290 1319
2291 1318
2684 1001
2685 1000
2708 1055
2727 1042
2576 1033
2574 1039
2325 1307
2327 1311
2290 1320
2684 1000
2685 999
2707 1055
2727 1041
2728 1042
2576 1032
2573 1039
2324 1307
2326 1307
2328 1311
2290 1321
2291 1320
2685 998
2726 1041
2729 1042
2576 1031
2577 1032
2573 1038
2572 1039
2323 1307
2327 1307
2290 1322
2291 1321
2292 1320
2686 998
2726 1040
2730 1042
2575 1031
2323 1306
2322 1307
2327 1306
2328 1307
2291 1322
2687 998
2726 1039
2725 1040
2730 1041
2323 1305
2327 1305
2291 1323
2687 997
2688 998
2727 1039
2731 1041
2323 1304
2326 1305
2328 1305
2291 1324
2688 997
2689 998
2727 1038
2732 1041
2323 1303
2322 1304
2328 1304
2329 1305
2291 1325
2689 999
2690 998
2727 1037
2732 1040
2732 1042
2733 1041
2324 1303
2321 1304
2328 1303
2329 1304
2329 1306
2330 1305
2291 1326
2290 1325
2689 1000
2727 1036
2732 1039
2732 1043
2733 1042
2734 1041
2321 1305
2320 1304
2328 1302
2330 1304
2330 1306
2291 1327
2290 1326
2689 1001
2728 1036
2732 1044
2735 1041
2320 1305
2320 1303
2328 1301
2329 1302
2330 1303
2331 1306
2292 1327
2289 1326
2690 1001
2729 1036
2735 1042
2736 1041
2319 1303
2327 1301
2329 1301
2330 1302
2332 1306
2292 1328
2289 1327
2288 1326
2691 1001
2729 1035
2735 1043
2736 1040
2319 1302
2327 1300
2329 1300
2330 1301
2331 1302
2333 1306
2292 1329
2289 1328
2287 1326
2691 1002
2735 1044
2737 1040
2318 1302
2327 1299
2326 1300
2330 1300
2331 1301
2334 1306
2288 1328
2286 1326
2735 1045
2734 1044
2737 1039
2317 1302
2326 1299
2331 1300
2334 1305
2334 1307
2288 1329
2286 1325
2735 1046
2736 1045
2737 1038
2738 1039
2316 1302
2331 1299
2332 1300
2334 1304
2334 1308
2288 1330
2286 1324
2285 1325
2734 1046
2736 1046
2737 1037
2738 1038
2316 1301
2315 1302
2334 1309
2288 1331
2287 1324
2284 1325
2736 1047
2737 1046
2737 1036
2738 1037
2315 1303
2334 1310
2333 1309
2335 1309
2287 1331
2287 1323
2738 1046
2737 1035
2315 1304
2334 1311
2335 1310
2332 1309
2336 1309
2287 1332
2286 1331
2288 1323
2737 1034
2736 1035
2314 1304
2334 1312
2331 1309
2337 1309
2287 1333
2286 1332
2286 1330
2737 1033
2736 1034
2738 1034
2314 1305
2337 1310
2338 1309
2287 1334
2737 1032
2736 1033
2739 1034
2313 1305
2338 1310
2338 1308
2287 1335
2738 1032
2735 1033
2739 1033
2739 1035
2339 1310
2338 1307
2286 1335
2288 1335
2739 1032
2734 1033
2340 1310
2285 1335
2288 1336
2739 1031
2740 1032
2340 1309
2340 1311
2288 1337
2739 1030
2741 1032
2340 1308
2340 1312
2288 1338
2739 1029
2741 1031
2339 1312
2341 1312
2287 1338
2289 1338
2739 1028
2738 1029
2740 1029
2342 1312
2286 1338
2289 1339
2739 1027
2737 1029
2342 1311
2342 1313
2285 1338
2289 1340
2739 1026
2736 1029
2343 1311
2342 1314
2343 1313
2284 1338
2290 1340
2739 1025
2736 1030
2344 1311
2341 1314
2343 1314
2344 1313
2283 1338
2290 1341
2291 1340
2739 1024
2735 1030
2344 1310
2341 1315
2282 1338
2290 1342
2292 1340
2739 1023
2734 1030
2345 1310
2341 1316
2281 1338
2290 1343
2293 1340
2739 1022
2740 1023
2734 1029
2733 1030
2345 1309
2346 1310
2341 1317
2342 1316
2280 1338
2289 1343
2291 1343
2293 1339
2739 1021
2741 1023
2734 1028
2733 1029
2345 1308
2347 1310
2340 1317
2343 1316
2280 1337
2279 1338
2288 1343
2294 1339
2738 1021
2741 1022
2742 1023
2345 1307
2347 1311
2348 1310
2280 1336
2279 1339
2288 1342
2288 1344
2287 1343
2294 1338
2295 1339
2737 1021
2741 1021
2345 1306
2344 1307
2346 1307
2347 1312
2280 1335
2279 1340
2288 1345
2295 1338
2295 1340
2296 1339
2737 1020
2742 1021
2346 1306
2343 1307
2347 1313
2281 1335
2279 1341
2280 1340
2287 1345
2289 1345
2736 1020
2743 1021
2347 1306
2343 1308
2347 1314
2348 1313
2282 1335
2281 1340
2287 1346
2286 1345
2289 1346
2290 1345
2736 1019
2735 1020
2743 1020
2347 1305
2348 1306
2343 1309
2342 1308
2347 1315
2349 1313
2282 1334
2285 1345
2289 1347
2736 1018
2735 1021
2743 1019
2347 1304
2349 1306
2346 1315
2350 1313
2282 1333
2284 1345
2289 1348
2736 1017
2737 1018
2735 1022
2346 1304
2349 1305
2350 1306
2350 1314
2282 1332
2283 1333
2284 1344
2284 1346
2290 1348
2736 1016
2735 1023
2734 1022
2345 1304
2350 1305
2351 1306
2281 1332
2284 1343
2283 1344
2284 1347
2291 1348
2736 1015
2737 1016
2734 1023
2736 1023
2733 1022
2344 1304
2350 1304
2351 1305
2280 1332
2283 1347
2291 1347
2735 1015
2738 1016
2734 1024
2733 1021
2732 1022
2344 1305
2351 1304
2352 1305
2280 1331
2280 1333
2283 1348
2292 1347
2734 1015
2738 1017
2739 1016
2733 1024
2731 1022
2352 1304
2353 1305
2280 1330
2279 1333
2283 1349
2292 1346
2734 1016
2733 1015
2740 1016
2733 1025
2731 1021
2731 1023
2730 1022
2352 1303
2279 1330
2281 1330
2283 1350
2292 1345
2293 1346
2734 1017
2733 1016
2740 1015
2740 1017
2733 1026
2731 1020
2730 1021
2352 1302
2278 1330
2281 1329
2282 1350
2284 1350
2294 1346
2734 1018
2733 1017
2740 1014
2740 1018
2733 1027
2734 1026
2729 1021
2352 1301
2278 1329
2277 1330
2282 1351
2294 1345
2732 1017
2740 1013
2741 1014
2739 1018
2732 1027
2735 1026
2352 1300
2278 1328
2276 1330
2282 1352
2295 1345
2740 1012
2742 1014
2731 1027
2735 1025
2736 1026
2351 1300
2353 1300
2278 1327
2277 1328
2275 1330
2282 1353
2281 1352
2740 1011
2739 1012
2731 1028
2351 1299
2354 1300
2278 1326
2279 1327
2275 1329
2275 1331
2274 1330
2283 1353
2740 1010
2351 1298
2355 1300
2278 1325
2280 1327
2274 1329
2273 1330
2283 1354
2284 1353
2740 1009
2739 1010
2351 1297
2350 1298
2352 1298
2355 1301
2356 1300
2278 1324
2280 1326
2280 1328
2281 1327
2273 1331
2285 1353
2740 1008
2355 1302
2356 1301
2356 1299
2278 1323
2277 1324
2281 1326
2273 1332
2272 1331
2286 1353
2740 1007
2357 1301
2357 1299
2277 1323
2279 1323
2276 1324
2282 1326
2273 1333
2286 1354
2740 1006
2739 1007
2358 1301
2357 1298
2358 1299
2277 1322
2276 1323
2275 1324
2282 1325
2283 1326
2273 1334
2272 1333
2286 1355
2739 1006
2741 1006
2359 1301
2357 1297
2277 1321
2275 1325
2282 1324
2274 1334
2285 1355
2287 1355
2739 1005
2742 1006
2359 1302
2360 1301
2357 1296
2358 1297
2277 1320
2276 1321
2278 1321
2275 1326
2282 1323
2275 1334
2284 1355
2288 1355
2739 1004
2743 1006
2359 1303
2360 1300
2361 1301
2357 1295
2356 1296
2358 1296
2277 1319
2275 1321
2274 1326
2282 1322
2288 1354
2289 1355
2739 1003
2740 1004
2358 1303
2360 1303
2357 1294
2359 1296
2275 1320
2274 1327
2282 1321
2283 1322
2290 1355
2739 1002
2740 1003
2357 1293
2275 1319
2273 1327
2282 1320
2290 1356
2738 1002
2358 1293
2274 1319
2272 1327
2290 1357
2291 1356
2737 1002
2358 1292
2274 1318
2273 1319
2272 1326
2272 1328
2290 1358
2291 1357
2737 1001
2358 1291
2274 1317
2272 1319
2271 1326
2272 1329
2271 1328
2289 1358
2737 1000
2358 1290
2274 1316
2273 1317
2272 1318
2272 1320
2271 1319
2271 1325
2271 1329
2270 1328
2289 1359
2737 999
2736 1000
2738 1000
2358 1289
2359 1290
2273 1316
2275 1316
2271 1320
2270 1319
2270 1325
2269 1328
2289 1360
2736 999
2739 1000
2357 1289
2273 1315
2275 1315
2276 1316
2269 1325
2268 1328
2289 1361
2288 1360
2735 999
2357 1288
2275 1314
2277 1316
2268 1327
2268 1329
2267 1328
2289 1362
2290 1361
2287 1360
2734 999
2357 1287
2275 1313
2268 1330
2289 1363
2288 1362
2290 1362
2733 999
2356 1287
2275 1312
2268 1331
2289 1364
2290 1363
2287 1362
2733 1000
2732 999
2356 1286
2275 1311
2268 1332
2290 1364
2733 1001
2732 998
2356 1285
2275 1310
2276 1311
2267 1332
2290 1365
2733 1002
2734 1001
2732 997
2356 1284
2275 1309
2276 1310
2277 1311
2267 1333
2291 1365
2732 1002
2735 1001
2357 1284
2275 1308
2276 1309
2277 1310
2277 1312
2267 1334
2291 1366
2731 1002
2735 1002
2357 1283
2358 1284
2276 1308
2278 1310
2278 1312
2267 1335
2292 1366
2731 1001
2730 1002
2357 1282
2276 1307
2278 1309
2279 1312
2266 1335
2293 1366
2731 1000
2730 1003
2356 1282
2358 1282
2277 1307
2279 1309
2279 1313
2265 1335
2293 1365
2294 1366
2730 1000
2730 1004
2356 1281
2355 1282
2359 1282
2277 1306
2280 1309
2279 1314
2280 1313
2265 1334
2264 1335
2293 1364
2295 1366
2729 1000
2730 1005
2356 1280
2359 1281
2360 1282
2278 1306
2280 1308
2279 1315
2264 1334
2293 1363
2295 1365
2729 1001
2730 1006
2731 1005
2355 1280
2360 1281
2361 1282
2278 1305
2279 1306
2280 1307
2280 1315
2264 1333
2263 1334
2296 1365
2728 1001
2730 1007
2732 1005
2354 1280
2362 1282
2278 1304
2279 1305
2279 1307
2281 1307
2280 1316
2264 1332
2262 1334
2296 1364
2297 1365
2727 1001
2729 1007
2732 1004
2354 1279
2353 1280
2363 1282
2278 1303
2277 1304
2281 1316
2265 1332
2261 1334
2296 1363
2726 1001
2354 1278
2352 1280
2363 1281
2278 1302
2276 1304
2265 1331
2261 1333
2260 1334
2295 1363
2297 1363
2726 1002
2725 1001
2354 1277
2355 1278
2352 1281
2363 1280
2364 1281
2279 1302
2261 1332
2260 1335
2259 1334
2298 1363
2726 1003
2724 1001
2354 1276
2363 1279
2365 1281
2280 1302
2261 1331
2259 1335
2258 1334
2299 1363
2725 1003
2727 1003
2724 1000
2354 1275
2355 1276
2363 1278
2366 1281
2280 1301
2260 1331
2262 1331
2259 1336
2258 1335
2257 1334
2299 1364
2300 1363
2724 999
2723 1000
2353 1275
2355 1275
2356 1276
2362 1278
2364 1278
2366 1280
2366 1282
2280 1300
2281 1301
2260 1330
2262 1330
2259 1337
2257 1335
2257 1333
2299 1365
2300 1362
2301 1363
2722 1000
2353 1274
2352 1275
2356 1277
2362 1277
2364 1277
2366 1283
2280 1299
2282 1301
2260 1329
2259 1338
2256 1333
2300 1361
2301 1362
2301 1364
2302 1363
2722 999
2357 1277
2362 1276
2364 1276
2365 1283
2367 1283
2279 1299
2282 1300
2255 1333
2300 1360
2301 1365
2303 1363
2722 998
2721 999
2357 1278
2358 1277
2361 1276
2365 1276
2364 1283
2367 1284
2368 1283
2279 1298
2282 1299
2255 1334
2299 1360
2301 1366
2304 1363
2722 997
2720 999
2358 1278
2359 1277
2365 1275
2367 1285
2369 1283
2279 1297
2282 1298
2255 1335
2299 1359
2298 1360
2302 1366
2304 1362
2305 1363
2721 997
2720 998
2720 1000
2358 1279
2366 1275
2368 1285
2282 1297
2255 1336
2299 1358
2306 1363
2721 996
2720 1001
2719 1000
2359 1279
2366 1274
2367 1275
2368 1286
2281 1297
2255 1337
2298 1358
2300 1358
2306 1362
2306 1364
2307 1363
2721 995
2720 1002
2718 1000
2360 1279
2366 1273
2368 1275
2368 1287
2369 1286
2281 1296
2255 1338
2256 1337
2297 1358
2300 1357
2301 1358
2306 1365
2720 995
2722 995
2721 1002
2717 1000
2365 1273
2367 1287
2370 1286
2281 1295
2255 1339
2256 1338
2257 1337
2297 1359
2301 1357
2301 1359
2302 1358
2306 1366
2305 1365
2307 1365
2720 994
2719 995
2722 994
2721 1003
2716 1000
2367 1288
2370 1285
2371 1286
2281 1294
2254 1339
2257 1338
2303 1358
2306 1367
2722 993
2721 1004
2716 999
2715 1000
2366 1288
2370 1284
2372 1286
2281 1293
2282 1294
2253 1339
2303 1357
2303 1359
2304 1358
2305 1367
2307 1367
2722 992
2721 1005
2716 998
2715 999
2714 1000
2365 1288
2371 1284
2373 1286
2281 1292
2283 1294
2253 1338
2252 1339
2304 1357
2304 1359
2305 1368
2307 1368
2308 1367
2721 992
2721 1006
2722 1005
2716 997
2713 1000
2365 1287
2371 1283
2372 1284
2281 1291
2283 1295
2252 1338
2252 1340
2251 1339
2305 1357
2305 1369
2304 1368
2308 1368
2308 1366
2720 1006
2723 1005
2717 997
2713 1001
2712 1000
2365 1286
2373 1284
2281 1290
2280 1291
2282 1291
2252 1337
2252 1341
2250 1339
2306 1357
2305 1370
2308 1369
2309 1366
2720 1007
2719 1006
2723 1006
2718 997
2713 1002
2711 1000
2374 1284
2281 1289
2279 1291
2252 1336
2253 1341
2250 1338
2306 1358
2305 1371
2304 1370
2308 1370
2720 1008
2719 1005
2724 1006
2718 998
2719 997
2711 999
2711 1001
2374 1285
2281 1288
2282 1289
2278 1291
2251 1336
2254 1341
2249 1338
2306 1359
2308 1371
2721 1008
2710 999
2281 1287
2280 1288
2278 1292
2277 1291
2249 1337
2248 1338
2307 1359
2309 1371
2709 999
2282 1287
2278 1293
2277 1290
2276 1291
2249 1336
2248 1337
2248 1339
2310 1371
2708 999
2276 1292
2275 1291
2249 1335
2247 1337
2247 1339
2311 1371
2708 1000
2707 999
2276 1293
2274 1291
2249 1334
2246 1339
2312 1371
2707 1000
2274 1292
2249 1333
2245 1339
2312 1372
2706 1000
2274 1293
2248 1333
2245 1338
2244 1339
2312 1373
2313 1372
2705 1000
2273 1293
2247 1333
2245 1337
2243 1339
2312 1374
2314 1372
2704 1000
2272 1293
2246 1333
2243 1338
2243 1340
2242 1339
2311 1374
2314 1373
2315 1372
2704 999
2272 1292
2271 1293
2246 1332
2243 1341
2241 1339
2311 1375
2310 1374
2316 1372
2704 998
2703 999
2271 1294
2270 1293
2242 1341
2240 1339
2311 1376
2309 1374
2316 1371
2705 998
2702 999
2271 1295
2240 1338
2239 1339
2311 1377
2310 1376
2317 1371
2705 997
2701 999
2270 1295
2240 1337
2239 1338
2239 1340
2309 1376
2701 1000
2700 999
2269 1295
2240 1336
2239 1341
2309 1377
2701 1001
2700 1000
2269 1294
2269 1296
2268 1295
2240 1335
2238 1341
2240 1341
2309 1378
2701 1002
2699 1000
2269 1297
2267 1295
2239 1335
2241 1335
2240 1342
2309 1379
2701 1003
2698 1000
2269 1298
2266 1295
2238 1335
2240 1343
2309 1380
2700 1003
2702 1003
2698 999
2269 1299
2268 1298
2270 1298
2266 1294
2266 1296
2237 1335
2240 1344
2239 1343
2310 1380
2700 1004
2699 1003
2703 1003
2698 998
2268 1299
2270 1299
2266 1293
2265 1296
2236 1335
2238 1343
2310 1381
2311 1380
2700 1005
2699 1004
2703 1004
2698 997
2697 998
2267 1299
2270 1300
2264 1296
2236 1334
2238 1344
2237 1343
2311 1381
2700 1006
2699 1005
2703 1005
2698 996
2267 1300
2266 1299
2270 1301
2264 1297
2236 1333
2235 1334
2238 1345
2311 1382
2312 1381
2698 1005
2704 1005
2698 995
2699 996
2270 1302
2263 1297
2237 1333
2238 1346
2311 1383
2313 1381
2697 1005
2705 1005
2697 995
2700 996
2271 1302
2262 1297
2237 1332
2238 1333
2238 1347
2239 1346
2310 1383
2312 1383
2705 1004
2705 1006
2697 994
2701 996
2271 1303
2272 1302
2262 1296
2262 1298
2237 1331
2238 1332
2238 1348
2309 1383
2313 1383
2705 1007
2697 993
2701 995
2271 1304
2273 1302
2237 1330
2239 1348
2308 1383
2314 1383
2696 993
2701 994
2270 1304
2273 1301
2274 1302
2237 1329
2236 1330
2239 1349
2314 1382
2314 1384
2315 1383
2696 992
2695 993
2701 993
2700 994
2270 1305
2273 1300
2236 1329
2239 1350
2240 1349
2316 1383
2695 992
2694 993
2701 992
2269 1305
2235 1329
2239 1351
2238 1350
2241 1349
2316 1382
2317 1383
2694 992
2693 993
2702 992
2269 1306
2268 1305
2235 1328
2234 1329
2238 1351
2237 1350
2241 1350
2317 1382
2318 1383
2694 991
2693 994
2692 993
2703 992
2268 1304
2267 1305
2235 1327
2234 1328
2233 1329
2237 1349
2241 1351
2319 1383
2694 990
2693 995
2692 994
2692 992
2703 991
2704 992
2267 1306
2235 1326
2236 1327
2233 1330
2232 1329
2242 1351
2319 1382
2319 1384
2320 1383
2694 989
2693 996
2694 995
2692 991
2703 990
2704 991
2705 992
2266 1306
2235 1325
2231 1329
2242 1352
2319 1381
2320 1382
2693 989
2694 996
2695 995
2703 989
2705 991
2705 993
2266 1307
2234 1325
2231 1330
2242 1353
2319 1380
2321 1382
2693 988
2703 988
2705 990
2234 1324
2231 1331
2241 1353
2243 1353
2318 1380
2320 1380
2322 1382
2693 987
2703 987
2702 988
2234 1323
2233 1324
2230 1331
2232 1331
2240 1353
2317 1380
2323 1382
2692 987
2704 987
2701 988
2234 1322
2232 1324
2230 1332
2229 1331
2240 1354
2239 1353
2317 1379
2316 1380
2324 1382
2692 986
2704 986
2233 1322
2231 1324
2228 1331
2239 1354
2317 1378
2325 1382
2692 985
2704 985
2233 1321
2232 1322
2230 1324
2228 1330
2228 1332
2238 1354
2325 1381
2693 985
2704 984
2705 985
2233 1320
2230 1323
2228 1329
2228 1333
2238 1355
2325 1380
2693 984
2705 984
2233 1319
2234 1320
2230 1322
2227 1329
2228 1334
2227 1333
2238 1356
2237 1355
2325 1379
2693 983
2706 984
2233 1318
2235 1320
2229 1322
2227 1328
2226 1329
2229 1334
2226 1333
2237 1356
2239 1356
2325 1378
2324 1379
2326 1379
2692 983
2706 983
2707 984
2233 1317
2232 1318
2228 1322
2227 1327
2226 1328
2229 1335
2230 1334
2226 1332
2226 1334
2237 1357
2239 1357
2325 1377
2324 1378
2326 1378
2323 1379
2327 1379
2691 983
2706 982
2707 983
2707 985
2233 1316
2234 1317
2231 1318
2228 1321
2228 1323
2227 1326
2225 1328
2225 1332
2226 1335
2240 1357
2324 1377
2323 1380
2328 1379
2705 982
2707 982
2235 1317
2231 1319
2227 1321
2228 1324
2225 1331
2224 1332
2226 1336
2225 1335
2241 1357
2324 1376
2323 1377
2329 1379
2704 982
2708 982
2235 1316
2236 1317
2227 1320
2226 1321
2228 1325
2227 1324
2224 1331
2225 1336
2227 1336
2242 1357
2324 1375
2323 1376
2329 1378
2330 1379
2709 982
2235 1315
2225 1321
2226 1324
2223 1331
2224 1336
2243 1357
2324 1374
2325 1375
2330 1378
2330 1380
2709 981
2710 982
2235 1314
2224 1321
2225 1324
2222 1331
2244 1357
2324 1373
2326 1375
2330 1377
2331 1380
2709 980
2711 982
2234 1314
2236 1314
2224 1320
2224 1322
2221 1331
2244 1356
2323 1373
2327 1375
2330 1376
2331 1381
2709 979
2708 980
2710 980
2711 983
2712 982
2233 1314
2237 1314
2224 1319
2223 1320
2223 1322
2221 1332
2220 1331
2244 1355
2323 1372
2322 1373
2330 1375
2331 1376
2331 1382
2709 978
2708 979
2711 980
2712 983
2232 1314
2237 1313
2238 1314
2222 1320
2223 1323
2220 1330
2245 1355
2323 1371
2321 1373
2329 1375
2332 1376
2331 1383
2332 1382
2709 977
2708 978
2707 979
2713 983
2231 1314
2237 1312
2238 1313
2239 1314
2222 1321
2221 1320
2220 1329
2219 1330
2246 1355
2321 1372
2329 1374
2333 1376
2331 1384
2333 1382
2708 977
2707 978
2706 979
2714 983
2231 1313
2231 1315
2230 1314
2237 1311
2236 1312
2240 1314
2220 1320
2219 1329
2221 1329
2246 1356
2247 1355
2321 1371
2320 1372
2329 1373
2331 1385
2333 1383
2334 1382
2707 977
2706 978
2706 980
2714 984
2231 1312
2230 1313
2236 1311
2240 1313
2219 1320
2248 1355
2321 1370
2330 1373
2330 1385
2334 1381
2707 976
2714 985
2715 984
2235 1311
2240 1312
2219 1319
2219 1321
2248 1354
2248 1356
2321 1369
2331 1373
2330 1386
2335 1381
2707 975
2713 985
2235 1310
2241 1312
2219 1318
2218 1319
2219 1322
2248 1353
2248 1357
2321 1368
2331 1372
2330 1387
2335 1380
2707 974
2235 1309
2234 1310
2242 1312
2217 1319
2219 1323
2249 1353
2248 1358
2321 1367
2332 1372
2329 1387
2331 1387
2335 1379
2336 1380
2707 973
2235 1308
2236 1309
2233 1310
2216 1319
2218 1323
2220 1323
2247 1358
2249 1358
2320 1367
2322 1367
2332 1371
2328 1387
2332 1387
2337 1380
2708 973
2235 1307
2237 1309
2216 1318
2218 1324
2220 1324
2246 1358
2249 1359
2250 1358
2320 1366
2319 1367
2322 1366
2333 1371
2327 1387
2332 1386
2333 1387
2337 1381
2338 1380
2708 972
2234 1307
2236 1307
2215 1318
2217 1324
2221 1324
2249 1360
2318 1367
2322 1365
2334 1371
2326 1387
2333 1388
2337 1382
2338 1381
2708 971
2709 972
2233 1307
2215 1317
2214 1318
2216 1324
2221 1325
2249 1361
2318 1366
2318 1368
2335 1371
2326 1388
2333 1389
2334 1388
2338 1382
2708 970
2710 972
2233 1308
2232 1307
2215 1316
2214 1319
2213 1318
2216 1323
2248 1361
2318 1365
2317 1366
2318 1369
2317 1368
2335 1370
2336 1371
2325 1388
2333 1390
2335 1388
2708 969
2711 972
2231 1307
2215 1315
2214 1320
2215 1323
2248 1362
2247 1361
2318 1364
2319 1365
2316 1366
2335 1369
2337 1371
2325 1389
2324 1388
2333 1391
2332 1390
2334 1390
2708 968
2711 973
2712 972
2231 1306
2215 1314
2213 1320
2215 1322
2248 1363
2246 1361
2318 1363
2319 1364
2335 1368
2336 1369
2338 1371
2325 1390
2324 1387
2333 1392
2708 967
2709 968
2712 971
2231 1305
2214 1314
2213 1321
2214 1322
2247 1363
2249 1363
2245 1361
2318 1362
2334 1368
2338 1372
2339 1371
2325 1391
2324 1390
2334 1392
2709 967
2710 968
2712 970
2713 971
2231 1304
2213 1314
2247 1364
2246 1363
2334 1367
2338 1373
2340 1371
2323 1390
2710 967
2714 971
2230 1304
2213 1313
2213 1315
2247 1365
2245 1363
2334 1366
2338 1374
2337 1373
2341 1371
2323 1389
2323 1391
2711 967
2714 970
2212 1313
2213 1316
2247 1366
2248 1365
2245 1364
2333 1366
2335 1366
2337 1374
2336 1373
2341 1370
2341 1372
2342 1371
2322 1389
2323 1392
2712 967
2715 970
2211 1313
2247 1367
2244 1364
2332 1366
2335 1365
2336 1366
2336 1374
2335 1373
2341 1369
2342 1370
2341 1373
2321 1389
2323 1393
2324 1392
2716 970
2211 1314
2210 1313
2246 1367
2248 1367
2243 1364
2335 1364
2336 1365
2334 1373
2341 1368
2343 1370
2342 1373
2321 1390
2323 1394
2717 970
2211 1315
2210 1312
2246 1368
2248 1368
2249 1367
2243 1365
2242 1364
2336 1364
2337 1365
2333 1373
2341 1367
2344 1370
2320 1390
2323 1395
2717 969
2717 971
2210 1315
2210 1311
2209 1312
2246 1369
2250 1367
2243 1366
2241 1364
2336 1363
2338 1365
2341 1366
2344 1371
2320 1391
2323 1396
2718 969
2717 972
2718 971
2210 1316
2209 1315
2210 1310
2209 1311
2208 1312
2246 1370
2251 1367
2244 1366
2240 1364
2336 1362
2338 1364
2338 1366
2339 1365
2341 1365
2344 1372
2319 1391
2322 1396
2324 1396
2719 969
2716 972
2719 971
2210 1317
2208 1311
2207 1312
2246 1371
2251 1366
2251 1368
2240 1363
2336 1361
2341 1364
2342 1365
2343 1372
2318 1391
2322 1397
2325 1396
2720 969
2716 973
2720 971
2210 1318
2207 1311
2245 1371
2251 1365
2252 1366
2251 1369
2239 1363
2337 1361
2341 1363
2318 1392
2325 1395
2325 1397
2720 968
2716 974
2721 971
2209 1318
2207 1310
2206 1311
2245 1372
2244 1371
2251 1364
2253 1366
2251 1370
2250 1369
2252 1369
2238 1363
2338 1361
2340 1363
2317 1392
2326 1395
2326 1397
2721 968
2715 974
2722 971
2209 1319
2207 1309
2205 1311
2243 1371
2250 1364
2252 1364
2253 1367
2254 1366
2250 1370
2252 1370
2238 1362
2238 1364
2338 1362
2339 1361
2316 1392
2327 1395
2326 1398
2721 967
2722 968
2715 975
2722 970
2722 972
2209 1320
2208 1309
2204 1311
2253 1364
2253 1368
2250 1371
2237 1362
2238 1365
2340 1361
2316 1391
2315 1392
2327 1394
2327 1398
2721 966
2722 967
2715 976
2723 970
2722 973
2723 972
2209 1321
2209 1309
2204 1310
2203 1311
2254 1364
2250 1372
2237 1361
2238 1366
2239 1365
2340 1360
2316 1390
2315 1391
2315 1393
2327 1399
2328 1398
2721 965
2715 977
2724 970
2722 974
2208 1321
2203 1310
2202 1311
2254 1363
2250 1373
2249 1372
2237 1360
2238 1367
2237 1366
2239 1366
2340 1359
2316 1389
2314 1391
2315 1394
2327 1400
2329 1398
2721 964
2720 965
2716 977
2725 970
2722 975
2723 974
2208 1322
2207 1321
2202 1312
2255 1363
2249 1373
2237 1359
2236 1360
2238 1360
2238 1368
2340 1358
2316 1388
2314 1390
2314 1394
2316 1394
2327 1401
2329 1397
2329 1399
2330 1398
2720 964
2722 964
2725 971
2722 976
2208 1323
2207 1320
2201 1312
2255 1362
2256 1363
2249 1374
2235 1360
2239 1360
2237 1368
2239 1368
2339 1358
2341 1358
2316 1387
2315 1388
2313 1390
2314 1395
2327 1402
2330 1397
2329 1400
2719 964
2722 963
2725 972
2726 971
2722 977
2209 1323
2206 1320
2200 1312
2255 1361
2256 1364
2248 1374
2234 1360
2239 1359
2237 1369
2236 1368
2339 1357
2341 1357
2342 1358
2316 1386
2313 1395
2327 1403
2328 1402
2330 1396
2330 1400
2722 962
2725 973
2727 971
2209 1324
2210 1323
2206 1319
2200 1311
2200 1313
2255 1360
2257 1364
2248 1375
2247 1374
2234 1361
2236 1369
2338 1357
2343 1358
2316 1385
2313 1396
2312 1395
2327 1404
2330 1395
2330 1401
2331 1400
2722 961
2723 962
2724 973
2726 973
2727 970
2209 1325
2206 1318
2199 1311
2200 1314
2199 1313
2255 1359
2257 1365
2258 1364
2248 1376
2247 1373
2246 1374
2234 1362
2236 1370
2338 1356
2344 1358
2317 1385
2313 1397
2311 1395
2330 1394
2331 1395
2331 1401
2331 1399
2723 961
2726 974
2728 970
2208 1325
2198 1313
2254 1359
2256 1359
2258 1363
2259 1364
2249 1376
2245 1374
2233 1362
2235 1370
2337 1356
2344 1357
2313 1398
2332 1395
2331 1402
2723 960
2727 974
2729 970
2198 1314
2197 1313
2257 1359
2258 1362
2259 1365
2260 1364
2249 1377
2250 1376
2245 1375
2232 1362
2235 1371
2234 1370
2337 1355
2336 1356
2344 1356
2313 1399
2332 1394
2331 1403
2724 960
2728 974
2196 1313
2260 1363
2261 1364
2251 1376
2245 1376
2232 1363
2231 1362
2235 1372
2234 1371
2233 1370
2337 1354
2335 1356
2343 1356
2312 1399
2332 1403
2725 960
2728 973
2728 975
2195 1313
2261 1363
2261 1365
2252 1376
2245 1377
2231 1361
2236 1372
2233 1371
2233 1369
2232 1370
2337 1353
2336 1354
2343 1355
2312 1400
2333 1403
2726 960
2728 976
2195 1312
2194 1313
2262 1365
2253 1376
2246 1377
2230 1361
2232 1371
2233 1368
2231 1370
2343 1354
2342 1355
2312 1401
2333 1402
2334 1403
2726 961
2727 960
2727 976
2194 1312
2194 1314
2263 1365
2247 1377
2229 1361
2232 1372
2234 1368
2231 1369
2230 1370
2343 1353
2342 1354
2341 1355
2312 1402
2311 1401
2333 1401
2334 1402
2726 962
2728 960
2727 977
2194 1315
2263 1366
2247 1378
2228 1361
2232 1373
2231 1372
2230 1369
2343 1352
2341 1354
2340 1355
2312 1403
2311 1402
2333 1400
2335 1402
2726 963
2729 960
2194 1316
2264 1366
2248 1378
2228 1362
2227 1361
2231 1373
2344 1352
2339 1355
2312 1404
2311 1403
2334 1400
2336 1402
2730 960
2194 1317
2264 1367
2248 1379
2227 1360
2230 1373
2344 1351
2339 1354
2312 1405
2311 1404
2334 1399
2336 1401
2336 1403
2337 1402
2730 959
2731 960
2194 1318
2193 1317
2265 1367
2249 1379
2227 1359
2230 1374
2344 1350
2345 1351
2313 1405
2310 1404
2334 1398
2336 1404
2730 958
2731 961
2732 960
2194 1319
2192 1317
2266 1367
2249 1380
2227 1358
2229 1374
2344 1349
2314 1405
2310 1405
2335 1398
2336 1405
2731 958
2731 962
2733 960
2193 1319
2195 1319
2266 1368
2267 1367
2249 1381
2228 1374
2343 1349
2315 1405
2309 1405
2336 1398
2336 1406
2337 1405
2731 957
2732 962
2733 959
2733 961
2734 960
2193 1320
2192 1319
2195 1320
2196 1319
2266 1369
2268 1367
2248 1381
2250 1381
2228 1373
2228 1375
2343 1348
2342 1349
2315 1406
2316 1405
2336 1407
2731 956
2732 963
2734 959
2192 1320
2196 1318
2197 1319
2266 1370
2265 1369
2268 1366
2268 1368
2247 1381
2251 1381
2227 1373
2228 1376
2341 1349
2317 1405
2336 1408
2337 1407
2732 956
2733 963
2734 958
2191 1320
2196 1317
2198 1319
2266 1371
2265 1370
2267 1370
2264 1369
2268 1365
2269 1366
2251 1380
2251 1382
2252 1381
2340 1349
2317 1404
2318 1405
2338 1407
2733 956
2733 964
2734 963
2734 957
2191 1321
2197 1317
2198 1320
2266 1372
2267 1371
2264 1370
2263 1369
2252 1380
2251 1383
2340 1348
2317 1403
2338 1406
2339 1407
2733 955
2733 965
2734 964
2735 963
2735 957
2191 1322
2190 1321
2198 1317
2198 1321
2199 1320
2267 1372
2264 1371
2263 1370
2251 1384
2340 1347
2317 1402
2318 1403
2340 1407
2733 966
2191 1323
2189 1321
2198 1316
2198 1322
2200 1320
2267 1373
2264 1372
2251 1385
2252 1384
2341 1347
2316 1402
2340 1408
2341 1407
2733 967
2732 966
2192 1323
2188 1321
2198 1323
2200 1321
2267 1374
2268 1373
2251 1386
2341 1346
2315 1402
2340 1409
2341 1408
2341 1406
2731 966
2192 1324
2193 1323
2188 1320
2188 1322
2187 1321
2199 1323
2267 1375
2251 1387
2252 1386
2314 1402
2340 1410
2341 1409
2341 1405
2342 1406
2731 967
2193 1324
2188 1319
2188 1323
2200 1323
2267 1376
2268 1375
2251 1388
2252 1387
2253 1386
2314 1403
2339 1410
2341 1404
2343 1406
2730 967
2194 1324
2187 1319
2188 1324
2201 1323
2267 1377
2268 1376
2251 1389
2253 1385
2254 1386
2339 1411
2341 1403
2343 1405
2194 1325
2187 1318
2188 1325
2187 1324
2189 1324
2201 1322
2202 1323
2267 1378
2251 1390
2250 1389
2254 1385
2339 1412
2338 1411
2340 1403
2342 1403
2344 1405
2187 1317
2186 1318
2188 1326
2186 1324
2190 1324
2202 1322
2202 1324
2203 1323
2267 1379
2249 1389
2255 1385
2338 1412
2340 1412
2337 1411
2343 1403
2344 1404
2187 1316
2188 1317
2188 1327
2186 1323
2190 1325
2202 1321
2203 1322
2202 1325
2266 1379
2338 1413
2343 1402
2345 1404
2188 1316
2188 1328
2187 1327
2202 1326
2201 1325
2265 1379
2338 1414
2346 1404
2188 1315
2189 1316
2187 1328
2186 1327
2202 1327
2265 1378
2265 1380
2264 1379
2338 1415
2337 1414
2339 1414
2347 1404
2189 1315
2185 1327
2202 1328
2203 1327
2264 1378
2265 1381
2339 1415
2340 1414
2189 1314
2185 1326
2184 1327
2204 1327
2264 1377
2264 1381
2266 1381
2341 1414
2189 1313
2184 1328
2183 1327
2204 1328
2263 1377
2264 1382
2267 1381
2341 1415
2189 1312
2183 1328
2183 1326
2182 1327
2263 1376
2263 1382
2341 1416
2189 1311
2190 1312
2183 1329
2183 1325
2263 1375
2263 1383
2341 1417
2188 1311
2182 1329
2183 1324
2263 1374
2262 1375
2263 1384
2262 1383
2342 1417
2181 1329
2183 1323
2182 1324
2264 1374
2261 1375
2263 1385
2261 1383
2342 1418
2180 1329
2183 1322
2261 1376
2263 1386
2264 1385
2260 1383
2342 1419
2180 1330
2182 1322
2261 1377
2263 1387
2262 1386
2265 1385
2260 1384
2343 1419
2180 1331
2182 1321
2181 1322
2261 1378
2263 1388
2264 1387
2265 1384
2265 1386
2260 1385
2343 1420
2180 1332
2182 1320
2181 1321
2180 1322
2260 1378
2263 1389
2265 1387
2265 1383
2266 1386
2343 1421
2344 1420
2179 1332
2182 1319
2179 1322
2262 1389
2265 1388
2266 1387
2342 1421
2345 1420
2179 1333
2182 1318
2181 1319
2178 1322
2262 1390
2267 1387
2342 1422
2341 1421
2346 1420
2178 1333
2177 1322
2262 1391
2342 1423
2340 1421
2346 1419
2346 1421
2178 1334
2177 1333
2176 1322
2262 1392
2342 1424
2343 1423
2340 1420
2347 1419
2346 1422
2347 1421
2178 1335
2176 1333
2176 1323
2262 1393
2341 1424
2343 1424
2348 1419
2346 1423
2345 1422
2348 1421
2178 1336
2179 1335
2176 1332
2175 1333
2175 1323
2262 1394
2261 1393
2341 1425
2340 1424
2348 1418
2346 1424
2349 1421
2177 1336
2180 1335
2174 1333
2175 1324
2261 1394
2263 1394
2260 1393
2339 1424
2348 1417
2349 1418
2349 1422
2177 1337
2180 1334
2173 1333
2175 1325
2174 1324
2261 1395
2264 1394
2260 1392
2339 1423
2349 1423
2177 1338
2172 1333
2175 1326
2173 1324
2261 1396
2264 1395
2265 1394
2260 1391
2338 1423
2349 1424
2350 1423
2177 1339
2172 1332
2171 1333
2175 1327
2173 1323
2261 1397
2266 1394
2259 1391
2338 1422
2337 1423
2350 1424
2351 1423
2178 1339
2171 1334
2174 1327
2173 1322
2172 1323
2261 1398
2262 1397
2266 1393
2266 1395
2337 1422
2337 1424
2351 1424
2351 1422
2178 1340
2171 1335
2174 1328
2172 1322
2261 1399
2263 1397
2267 1393
2337 1421
2336 1422
2337 1425
2352 1424
2351 1421
2352 1422
2178 1341
2171 1336
2172 1335
2173 1328
2172 1321
2261 1400
2264 1397
2267 1392
2268 1393
2337 1420
2336 1425
2353 1424
2351 1420
2178 1342
2179 1341
2173 1335
2173 1329
2172 1328
2172 1320
2171 1321
2261 1401
2262 1400
2265 1397
2268 1394
2269 1393
2336 1420
2353 1423
2351 1419
2352 1420
2177 1342
2179 1342
2173 1336
2174 1335
2173 1330
2171 1328
2172 1319
2173 1320
2170 1321
2261 1402
2260 1401
2265 1396
2266 1397
2268 1395
2270 1393
2336 1419
2335 1420
2351 1418
2350 1419
2353 1420
2177 1343
2176 1342
2179 1343
2174 1336
2173 1331
2174 1330
2171 1327
2172 1318
2174 1320
2170 1322
2169 1321
2261 1403
2268 1396
2269 1395
2270 1392
2335 1421
2334 1420
2353 1421
2177 1344
2175 1342
2180 1343
2174 1337
2174 1331
2171 1326
2172 1317
2171 1318
2169 1322
2168 1321
2261 1404
2267 1396
2270 1395
2271 1392
2333 1420
2354 1421
2177 1345
2174 1342
2174 1338
2171 1325
2172 1316
2171 1317
2170 1318
2169 1323
2167 1321
2260 1404
2271 1395
2333 1419
2333 1421
2355 1421
2176 1345
2174 1341
2173 1338
2172 1315
2170 1319
2169 1324
2167 1320
2260 1405
2272 1395
2356 1421
2175 1345
2172 1338
2172 1314
2171 1315
2169 1325
2170 1324
2167 1319
2260 1406
2272 1394
2272 1396
2357 1421
2175 1346
2172 1337
2171 1338
2172 1313
2169 1326
2167 1318
2168 1319
2261 1406
2273 1396
2357 1422
2175 1347
2170 1338
2173 1313
2167 1317
2166 1318
2261 1407
2273 1397
2357 1423
2174 1347
2169 1338
2174 1313
2166 1317
2168 1317
2165 1318
2262 1407
2273 1398
2274 1397
2356 1423
2358 1423
2174 1348
2173 1347
2169 1339
2174 1314
2165 1317
2263 1407
2272 1398
2274 1398
2356 1424
2358 1424
2173 1346
2169 1340
2168 1339
2165 1316
2164 1317
2263 1406
2263 1408
2275 1398
2356 1425
2359 1424
2169 1341
2168 1340
2167 1339
2165 1315
2164 1316
2263 1409
2264 1408
2275 1399
2355 1425
2360 1424
2168 1341
2165 1314
2166 1315
2263 1410
2265 1408
2355 1426
2360 1423
2361 1424
2168 1342
2165 1313
2166 1314
2262 1410
2355 1427
2354 1426
2360 1422
2362 1424
2168 1343
2166 1313
2167 1314
2262 1411
2356 1427
2353 1426
2361 1422
2362 1423
2362 1425
2168 1344
2169 1343
2166 1312
2262 1412
2357 1427
2353 1427
2362 1422
2363 1425
2168 1345
2169 1344
2166 1311
2167 1312
2262 1413
2261 1412
2263 1412
2353 1428
2362 1421
2364 1425
2168 1346
2165 1311
2167 1311
2262 1414
2261 1413
2263 1413
2260 1412
2353 1429
2364 1424
2168 1347
2169 1346
2164 1311
2262 1415
2263 1414
2353 1430
2352 1429
2365 1424
2168 1348
2169 1347
2164 1310
2263 1415
2264 1414
2353 1431
2351 1429
2366 1424
2168 1349
2169 1348
2170 1347
2164 1309
2163 1310
2263 1416
2353 1432
2352 1431
2354 1431
2351 1428
2350 1429
2366 1423
2168 1350
2163 1309
2165 1309
2162 1310
2264 1416
2353 1433
2352 1432
2355 1431
2349 1429
2366 1422
2168 1351
2167 1350
2162 1309
2165 1308
2166 1309
2161 1310
2264 1417
2265 1416
2353 1434
2355 1430
2365 1422
2367 1422
2166 1350
2162 1308
2166 1308
2167 1309
2160 1310
2264 1418
2265 1417
2265 1415
2352 1434
2354 1434
2355 1429
2364 1422
2368 1422
2166 1349
2166 1351
2162 1307
2161 1308
2166 1307
2160 1309
2160 1311
2264 1419
2266 1417
2351 1434
2354 1435
2368 1423
2369 1422
2165 1349
2166 1352
2162 1306
2166 1306
2159 1309
2160 1312
2265 1419
2267 1417
2351 1435
2354 1436
2370 1422
2165 1348
2164 1349
2162 1305
2166 1305
2159 1308
2160 1313
2265 1420
2267 1418
2370 1421
2370 1423
2371 1422
2163 1349
2162 1304
2161 1305
2166 1304
2167 1305
2158 1308
2161 1313
2265 1421
2266 1420
2268 1418
2370 1420
2370 1424
2371 1423
2162 1349
2162 1303
2166 1303
2167 1304
2158 1307
2157 1308
2264 1421
2268 1419
2269 1418
2371 1420
2372 1423
2162 1348
2161 1303
2163 1303
2166 1302
2168 1304
2157 1307
2157 1309
2156 1308
2263 1421
2269 1419
2270 1418
2373 1423
2162 1347
2161 1348
2161 1302
2160 1303
2166 1301
2168 1303
2157 1306
2156 1307
2157 1310
2263 1422
2269 1420
2270 1419
2270 1417
2271 1418
2374 1423
2161 1347
2163 1347
2160 1348
2161 1301
2165 1301
2167 1301
2156 1306
2155 1307
2156 1310
2269 1421
2270 1420
2271 1419
2270 1416
2272 1418
2374 1422
2374 1424
2161 1346
2159 1348
2160 1301
2167 1300
2154 1307
2156 1311
2269 1422
2270 1415
2273 1418
2374 1421
2375 1424
2161 1345
2159 1349
2159 1301
2167 1299
2168 1300
2154 1306
2155 1311
2270 1422
2270 1414
2271 1415
2274 1418
2374 1420
2376 1424
2160 1345
2159 1300
2168 1299
2169 1300
2154 1305
2154 1311
2270 1423
2270 1413
2269 1414
2271 1414
2274 1417
2274 1419
2374 1419
2376 1425
2377 1424
2159 1345
2159 1299
2168 1298
2170 1300
2155 1305
2153 1311
2271 1423
2270 1412
2271 1413
2272 1414
2274 1420
2374 1418
2376 1426
2378 1424
2159 1344
2158 1299
2168 1297
2169 1298
2170 1301
2153 1312
2272 1423
2270 1411
2271 1412
2273 1414
2274 1421
2275 1420
2374 1417
2375 1418
2376 1427
2375 1426
2378 1423
2378 1425
2379 1424
2159 1343
2158 1298
2168 1296
2169 1297
2170 1298
2170 1302
2153 1313
2276 1420
2373 1417
2375 1417
2376 1428
2375 1427
2378 1422
2379 1423
2159 1342
2157 1298
2169 1302
2171 1302
2152 1313
2277 1420
2373 1416
2375 1416
2376 1429
2377 1422
2379 1422
2380 1423
2159 1341
2158 1342
2156 1298
2172 1302
2151 1313
2277 1421
2278 1420
2373 1415
2372 1416
2375 1415
2376 1430
2381 1423
2159 1340
2160 1341
2157 1342
2156 1297
2156 1299
2173 1302
2151 1312
2151 1314
2278 1419
2279 1420
2372 1415
2375 1430
2382 1423
2157 1343
2156 1342
2155 1297
2156 1300
2173 1301
2173 1303
2151 1311
2151 1315
2150 1314
2279 1419
2372 1414
2371 1415
2374 1430
2382 1424
2383 1423
2157 1344
2156 1341
2155 1296
2154 1297
2156 1301
2173 1300
2174 1301
2173 1304
2174 1303
2151 1310
2150 1315
2280 1419
2372 1413
2371 1414
2370 1415
2373 1430
2382 1425
2383 1424
2157 1345
2156 1340
2155 1341
2154 1296
2173 1299
2151 1309
2150 1316
2281 1419
2372 1412
2370 1416
2373 1429
2372 1430
2382 1426
2383 1425
2157 1346
2154 1341
2153 1296
2173 1298
2172 1299
2152 1309
2149 1316
2281 1418
2372 1411
2373 1412
2370 1417
2372 1431
2383 1426
2156 1346
2153 1341
2152 1296
2173 1297
2148 1316
2281 1417
2374 1412
2369 1417
2372 1432
2736 3012
2384 1426
2156 1347
2152 1341
2152 1297
2151 1296
2172 1297
2174 1297
2148 1315
2148 1317
2282 1417
2374 1411
2374 1413
2372 1433
2727 3017
2385 1426
2151 1341
2152 1298
2151 1295
2150 1296
2171 1297
2148 1314
2147 1315
2282 1416
2283 1417
2374 1410
2372 1434
2371 1433
2727 3016
2735 3012
2726 3014
2386 1426
2150 1341
2151 1298
2151 1294
2149 1296
2171 1296
2148 1313
2147 1314
2282 1415
2283 1416
2284 1417
2374 1409
2375 1410
2373 1434
2370 1433
2727 3015
2735 3013
2726 3015
2386 1425
2387 1426
2149 1341
2150 1294
2152 1294
2149 1295
2149 1297
2171 1295
2147 1313
2281 1415
2283 1415
2285 1417
2375 1409
2376 1410
2373 1435
2370 1432
2734 3013
2732 3011
2386 1424
2387 1425
2387 1427
2148 1341
2150 1293
2153 1294
2148 1297
2172 1295
2147 1312
2146 1313
2281 1414
2284 1415
2285 1418
2375 1408
2376 1411
2377 1410
2374 1435
2369 1432
2729 3014
2388 1425
2388 1427
2148 1342
2149 1293
2172 1294
2147 1311
2145 1313
2280 1414
2284 1414
2286 1418
2375 1407
2376 1408
2376 1412
2377 1409
2375 1435
2368 1432
2389 1425
2389 1427
2147 1342
2148 1293
2172 1293
2173 1294
2147 1310
2145 1314
2284 1413
2286 1419
2375 1406
2376 1407
2376 1413
2377 1412
2375 1434
2375 1436
2368 1433
2367 1432
2389 1424
2390 1425
2390 1427
2147 1343
2172 1292
2147 1309
2144 1314
2284 1412
2286 1420
2287 1419
2377 1407
2377 1413
2375 1437
2368 1434
2367 1431
2389 1423
2390 1426
2391 1425
2147 1344
2146 1343
2172 1291
2173 1292
2143 1314
2284 1411
2288 1419
2378 1407
2377 1414
2378 1413
2375 1438
2367 1434
2367 1430
2389 1422
2388 1423
2392 1425
2146 1344
2148 1344
2145 1343
2172 1290
2142 1314
2288 1420
2378 1406
2379 1407
2378 1414
2379 1413
2375 1439
2367 1435
2366 1430
2389 1421
2392 1424
2393 1425
2149 1344
2144 1343
2172 1289
2142 1313
2142 1315
2288 1421
2378 1405
2380 1407
2379 1414
2380 1413
2374 1439
2376 1439
2367 1436
2366 1435
2366 1429
2365 1430
2392 1423
2149 1345
2144 1342
2143 1343
2171 1289
2173 1289
2141 1313
2142 1316
2141 1315
2288 1422
2289 1421
2378 1404
2380 1406
2381 1407
2380 1414
2381 1413
2374 1440
2376 1440
2377 1439
2367 1437
2366 1436
2365 1435
2364 1430
2391 1423
2393 1423
2144 1341
2142 1343
2171 1288
2142 1317
2141 1316
2143 1316
2288 1423
2378 1403
2377 1404
2380 1405
2381 1408
2373 1440
2377 1440
2368 1437
2365 1434
2363 1430
2391 1422
2394 1423
2144 1340
2142 1344
2171 1287
2170 1288
2141 1317
2288 1424
2376 1404
2381 1409
2382 1408
2372 1440
2377 1441
2362 1430
2391 1421
2145 1340
2171 1286
2169 1288
2141 1318
2288 1425
2376 1405
2381 1410
2382 1409
2371 1440
2378 1441
2362 1431
2392 1421
2145 1339
2171 1285
2169 1287
2169 1289
2141 1319
2287 1425
2289 1425
2381 1411
2380 1410
2383 1409
2370 1440
2378 1442
2362 1432
2392 1420
2145 1338
2146 1339
2171 1284
2141 1320
2140 1319
2142 1319
2287 1426
2290 1425
2380 1411
2379 1410
2384 1409
2370 1441
2369 1440
2378 1443
2379 1442
2393 1420
2145 1337
2146 1338
2147 1339
2171 1283
2172 1284
2143 1319
2286 1426
2291 1425
2380 1442
2393 1419
2144 1337
2171 1282
2173 1284
2144 1319
2285 1426
2292 1425
2380 1441
2380 1443
2393 1418
2394 1419
2144 1336
2143 1337
2173 1285
2174 1284
2144 1320
2285 1427
2284 1426
2292 1426
2381 1441
2381 1443
2393 1417
2392 1418
2394 1418
2395 1419
2144 1335
2143 1338
2142 1337
2173 1286
2175 1284
2144 1321
2145 1320
2285 1428
2283 1426
2293 1426
2381 1440
2381 1444
2382 1443
2392 1417
2391 1418
2395 1418
2395 1420
2144 1334
2145 1335
2143 1339
2142 1338
2141 1337
2176 1284
2144 1322
2285 1429
2284 1428
2282 1426
2381 1439
2381 1445
2382 1444
2391 1417
2143 1334
2146 1335
2141 1336
2140 1337
2176 1285
2177 1284
2144 1323
2145 1322
2284 1429
2282 1425
2282 1427
2381 1438
2381 1446
2391 1416
2142 1334
2146 1334
2139 1337
2178 1284
2284 1430
2282 1424
2282 1428
2381 1437
2380 1446
2391 1415
2390 1416
2142 1333
2138 1337
2178 1285
2179 1284
2284 1431
2282 1423
2380 1437
2379 1446
2389 1416
2142 1332
2138 1336
2138 1338
2137 1337
2178 1286
2179 1283
2284 1432
2281 1423
2379 1437
2379 1445
2378 1446
2389 1417
2388 1416
2141 1332
2143 1332
2138 1335
2138 1339
2137 1338
2177 1286
2179 1286
2179 1282
2180 1283
2284 1433
2280 1423
2377 1446
2389 1418
2388 1415
2387 1416
2141 1331
2144 1332
2138 1334
2137 1335
2138 1340
2136 1338
2180 1286
2179 1281
2181 1283
2284 1434
2283 1433
2377 1445
2377 1447
2388 1414
2386 1416
2140 1331
2137 1334
2136 1339
2135 1338
2180 1285
2179 1280
2182 1283
2284 1435
2283 1434
2377 1448
2376 1447
2389 1414
2385 1416
2140 1330
2136 1340
2135 1339
2135 1337
2180 1280
2183 1283
2284 1436
2377 1449
2389 1413
2390 1414
2385 1417
2384 1416
2140 1329
2139 1330
2136 1341
2135 1336
2184 1283
2284 1437
2285 1436
2378 1449
2389 1412
2383 1416
2135 1341
2137 1341
2185 1283
2284 1438
2285 1437
2389 1411
2382 1416
2134 1341
2137 1342
2186 1283
2283 1438
2285 1438
2389 1410
2382 1415
2134 1342
2133 1341
2138 1342
2186 1284
2187 1283
2385 1430
2285 1439
2286 1438
2389 1409
2388 1410
2134 1343
2133 1340
2139 1342
2186 1285
2187 1282
2188 1283
2385 1429
2381 1427
2287 1438
2389 1408
2388 1409
2134 1344
2133 1343
2135 1343
2139 1341
2187 1285
2187 1281
2188 1284
2381 1428
2382 1429
2288 1438
2389 1407
2390 1408
2133 1344
2132 1343
2140 1341
2187 1280
2189 1284
2382 1428
2383 1429
2385 1428
2289 1438
2389 1406
2388 1407
2391 1408
2133 1345
2131 1343
2141 1341
2187 1279
2190 1284
2728 3015
2383 1427
2383 1428
2384 1428
2289 1437
2289 1439
2388 1406
2392 1408
2133 1346
2132 1345
2141 1340
2141 1342
2190 1285
2729 3015
2733 3013
2732 3012
2289 1436
2289 1440
2388 1405
2392 1407
2393 1408
2132 1346
2134 1346
2131 1345
2190 1286
2191 1285
2730 3015
2731 3014
2732 3013
2289 1441
2288 1440
2290 1440
2388 1404
2394 1408
2132 1347
2134 1347
2130 1345
2190 1287
2192 1285
2732 3015
2731 3015
2732 3014
2288 1441
2291 1440
2395 1408
2134 1348
2129 1345
2190 1288
2189 1287
2192 1284
2193 1285
2325 516
2732 3017
2732 3016
2287 1441
2291 1439
2292 1440
2395 1407
2395 1409
2135 1348
2129 1344
2129 1346
2191 1288
2188 1287
2192 1283
2194 1285
2323 516
2324 515
2324 516
2324 514
2292 1439
2396 1407
2396 1409
2128 1346
2191 1289
2192 1282
2195 1285
2322 515
2323 515
2292 1438
2396 1406
2397 1409
2128 1347
2191 1290
2192 1289
2192 1281
2191 1282
2195 1284
2195 1286
2321 514
2322 513
2323 512
2321 515
2320 515
2293 1438
2396 1405
2397 1408
2128 1348
2190 1290
2192 1290
2191 1281
2190 1282
2196 1284
2320 512
2321 512
2321 513
2322 512
2294 1438
2395 1405
2397 1405
2398 1408
2128 1349
2127 1348
2129 1348
2189 1290
2192 1291
2191 1280
2189 1282
2197 1284
2317 513
2318 513
2318 512
2319 512
2295 1438
2395 1404
2394 1405
2398 1407
2399 1408
2129 1349
2126 1348
2192 1292
2191 1279
2197 1283
2197 1285
2315 514
2316 513
2312 516
2316 514
2316 512
2296 1438
2395 1403
2393 1405
2400 1408
2129 1350
2126 1347
2193 1292
2198 1283
2198 1285
2314 512
2314 514
2315 513
2311 516
2297 1438
2394 1403
2392 1405
2401 1408
2129 1351
2125 1347
2194 1292
2199 1283
2199 1285
2314 513
2311 515
2297 1437
2297 1439
2393 1403
2391 1405
2401 1407
2401 1409
2129 1352
2128 1351
2125 1346
2124 1347
2194 1293
2199 1282
2311 514
2297 1436
2297 1440
2393 1402
2401 1406
2402 1407
2129 1353
2127 1351
2125 1345
2123 1347
2194 1294
2200 1282
2311 513
2313 513
2297 1435
2298 1436
2298 1440
2392 1402
2403 1407
2129 1354
2128 1353
2130 1353
2127 1350
2126 1351
2123 1346
2123 1348
2195 1294
2200 1281
2201 1282
2312 512
2312 513
2299 1436
2298 1441
2391 1402
2403 1408
2128 1354
2131 1353
2126 1352
2123 1345
2123 1349
2196 1294
2200 1280
2201 1281
2201 1283
2202 1282
2311 510
2312 510
2311 511
2312 511
2299 1437
2298 1442
2390 1402
2403 1409
2128 1355
2132 1353
2125 1352
2123 1344
2122 1349
2197 1294
2199 1280
2201 1280
2202 1281
2203 1282
2308 509
2309 510
2310 510
2298 1443
2389 1402
2403 1410
2128 1356
2132 1352
2132 1354
2133 1353
2124 1352
2123 1343
2121 1349
2198 1294
2201 1279
2204 1282
2307 511
2307 510
2308 510
2128 1357
2127 1356
2133 1352
2132 1355
2133 1354
2134 1353
2124 1351
2124 1353
2121 1350
2120 1349
2199 1294
2201 1278
2204 1283
2305 514
2306 512
2307 512
2126 1356
2134 1352
2133 1355
2135 1353
2123 1351
2124 1354
2199 1293
2199 1295
2200 1294
2200 1278
2202 1278
2204 1284
2305 513
2305 512
2125 1356
2134 1351
2133 1356
2136 1353
2123 1354
2200 1293
2200 1295
2199 1278
2203 1278
2304 513
2125 1357
2124 1356
2134 1356
2200 1296
2199 1277
2203 1277
2204 1278
2302 513
2303 513
2125 1358
2123 1356
2134 1357
2201 1296
2198 1277
2204 1277
2301 513
2125 1359
2123 1357
2122 1356
2202 1296
2197 1277
2205 1277
2300 513
2125 1360
2124 1359
2122 1357
2121 1356
2197 1276
2197 1278
2205 1276
2206 1277
2270 497
2272 499
2124 1360
2126 1360
2122 1358
2121 1355
2196 1276
2205 1275
2206 1278
2207 1277
2298 514
2299 513
2265 512
2124 1361
2127 1360
2121 1358
2120 1355
2195 1276
2205 1274
2206 1275
2206 1279
2207 1278
2271 501
2272 500
2297 515
2124 1362
2128 1360
2194 1276
2205 1273
2204 1274
2206 1274
2206 1280
2207 1279
2264 512
2266 496
2270 496
2123 1362
2125 1362
2128 1359
2128 1361
2194 1275
2194 1277
2205 1272
2207 1274
2205 1280
2299 508
2297 514
2296 513
2299 512
2122 1362
2126 1362
2129 1361
2194 1274
2193 1275
2194 1278
2204 1272
2206 1272
2267 496
2269 496
2271 500
2122 1363
2121 1362
2126 1363
2130 1361
2194 1279
2203 1272
2207 1272
2263 514
2264 513
2122 1364
2120 1362
2130 1362
2131 1361
2195 1279
2203 1271
2208 1272
2298 508
2297 513
2298 512
2122 1365
2119 1362
2130 1363
2131 1362
2131 1360
2195 1280
2196 1279
2202 1271
2208 1273
2262 512
2263 513
2268 496
2270 500
2122 1366
2123 1365
2118 1362
2129 1363
2196 1280
2201 1271
2209 1273
2270 499
2298 509
2297 512
2121 1366
2124 1365
2118 1363
2117 1362
2201 1270
2201 1272
2209 1274
2210 1273
2262 513
2268 497
2124 1366
2117 1363
2116 1362
2201 1269
2201 1273
2200 1272
2209 1275
2210 1274
2211 1273
2268 498
2269 499
2297 509
2297 511
2124 1367
2125 1366
2115 1362
2201 1268
2201 1274
2199 1272
2209 1276
2210 1275
2268 499
2295 508
2297 510
2261 513
2124 1368
2125 1367
2114 1362
2202 1268
2198 1272
2209 1277
2295 510
2260 514
2267 499
2295 509
2296 510
2260 513
2125 1368
2126 1367
2113 1362
2203 1268
2197 1272
2210 1277
2294 510
2259 514
2266 499
2125 1369
2126 1368
2113 1361
2113 1363
2203 1267
2203 1269
2204 1268
2197 1271
2210 1278
2211 1277
2257 497
2265 499
2292 510
2127 1368
2112 1361
2205 1268
2197 1270
2196 1271
2210 1279
2212 1277
2258 514
2254 512
2259 495
2127 1369
2111 1361
2206 1268
2197 1269
2195 1271
2210 1280
2213 1277
2258 497
2264 499
2293 510
2128 1369
2110 1361
2206 1269
2207 1268
2195 1270
2195 1272
2210 1281
2213 1276
2213 1278
2258 513
2255 512
2259 496
2128 1370
2109 1361
2206 1270
2207 1269
2207 1267
2195 1269
2194 1270
2195 1273
2194 1272
2210 1282
2211 1281
2213 1279
2262 500
2263 499
2293 509
2129 1370
2108 1361
2207 1266
2195 1268
2193 1270
2209 1282
2211 1282
2213 1280
2293 508
2257 513
2255 511
2259 497
2130 1370
2108 1362
2107 1361
2206 1266
2208 1266
2194 1268
2193 1269
2208 1282
2213 1281
2258 499
2262 499
2289 510
2131 1370
2108 1363
2107 1360
2205 1266
2192 1269
2208 1281
2208 1283
2213 1282
2214 1281
2256 511
2260 497
2259 498
2131 1369
2132 1370
2108 1364
2107 1359
2192 1268
2208 1284
2207 1283
2214 1282
2261 499
2290 510
2291 509
2292 508
2257 512
2131 1368
2132 1371
2108 1365
2106 1359
2191 1268
2208 1285
2214 1283
2215 1282
2260 499
2290 509
2291 508
2257 511
2260 498
2259 499
2131 1367
2132 1372
2133 1371
2108 1366
2105 1359
2191 1267
2190 1268
2208 1286
2214 1284
2216 1282
2258 508
2258 510
2257 509
2260 500
2290 508
2257 510
2130 1367
2132 1367
2132 1373
2133 1372
2108 1367
2107 1366
2105 1358
2105 1360
2104 1359
2191 1266
2190 1267
2208 1287
2214 1285
2213 1284
2217 1282
2258 502
2257 503
2289 507
2258 509
2260 501
2289 506
2289 508
2130 1366
2133 1367
2132 1374
2131 1373
2133 1373
2108 1368
2107 1367
2105 1357
2189 1267
2208 1288
2214 1286
2215 1285
2217 1283
2263 508
2259 502
2257 504
2288 507
2260 510
2259 509
2259 501
2129 1366
2134 1367
2131 1374
2108 1369
2109 1368
2105 1356
2189 1266
2208 1289
2217 1284
2218 1283
2257 505
2272 508
2286 508
2287 507
2260 509
2134 1366
2108 1370
2107 1369
2110 1368
2105 1355
2189 1265
2208 1290
2217 1285
2219 1283
2262 508
2259 507
2259 503
2134 1365
2109 1370
2106 1369
2106 1355
2189 1264
2190 1265
2207 1290
2217 1286
2220 1283
2258 505
2272 507
2287 506
2286 507
2261 509
2133 1365
2135 1365
2109 1371
2110 1370
2106 1370
2189 1263
2206 1290
2217 1287
2216 1286
2218 1286
2220 1282
2221 1283
2286 506
2261 508
2260 507
2259 504
2136 1365
2111 1370
2105 1370
2190 1263
2205 1290
2217 1288
2221 1282
2222 1283
2272 505
2285 506
2261 507
2259 505
2272 506
2136 1364
2136 1366
2112 1370
2105 1371
2191 1263
2204 1290
2217 1289
2221 1281
2222 1282
2222 1284
2284 506
2261 506
2260 505
2136 1363
2137 1366
2112 1369
2105 1372
2104 1371
2191 1262
2192 1263
2204 1289
2217 1290
2216 1289
2223 1282
2223 1284
2283 506
2284 507
2261 505
2273 505
2136 1362
2112 1368
2105 1373
2103 1371
2191 1261
2204 1288
2218 1290
2224 1284
2262 505
2275 504
2274 505
2136 1361
2135 1362
2112 1367
2113 1368
2105 1374
2104 1373
2106 1373
2103 1370
2103 1372
2102 1371
2191 1260
2203 1288
2218 1291
2219 1290
2225 1284
2276 508
2283 507
2284 508
2136 1360
2135 1361
2137 1361
2112 1366
2104 1374
2103 1373
2107 1373
2102 1372
2191 1259
2190 1260
2192 1260
2203 1287
2202 1288
2220 1290
2226 1284
2283 508
2263 505
2275 505
2135 1360
2137 1360
2113 1366
2104 1375
2107 1374
2101 1372
2191 1258
2189 1260
2193 1260
2203 1286
2202 1289
2201 1288
2220 1289
2221 1290
2226 1285
2227 1284
2282 516
2283 509
2263 506
2276 505
2277 508
2135 1359
2113 1365
2104 1376
2107 1375
2100 1372
2188 1260
2220 1288
2221 1289
2221 1291
2226 1286
2228 1284
2264 506
2277 505
2277 507
2276 506
2104 1377
2103 1376
2105 1376
2108 1375
2100 1373
2099 1372
2188 1259
2188 1261
2222 1289
2226 1287
2225 1286
2228 1285
2229 1284
2264 507
2277 506
2280 515
2282 515
2283 510
2103 1377
2109 1375
2099 1373
2099 1371
2098 1372
2188 1258
2187 1261
2222 1288
2225 1287
2227 1287
2267 507
2278 506
2281 515
2283 511
2102 1377
2109 1376
2098 1373
2099 1370
2189 1258
2187 1262
2222 1287
2224 1287
2227 1288
2264 509
2279 506
2281 514
2282 511
2265 507
2102 1378
2101 1377
2110 1376
2097 1373
2099 1369
2189 1257
2221 1287
2227 1289
2266 508
2265 509
2279 507
2281 513
2282 512
2266 507
2102 1379
2111 1376
2096 1373
2099 1368
2100 1369
2189 1256
2227 1290
2279 509
2280 512
2266 509
2279 508
2280 513
2281 512
2103 1379
2096 1372
2100 1368
2189 1255
2188 1256
2190 1256
2227 1291
2226 1290
2228 1290
2268 510
2279 511
2268 509
2267 510
2269 510
2279 510
2280 511
2268 508
2267 509
2269 509
2104 1379
2096 1371
2100 1367
2189 1254
2187 1256
2229 1290
2269 513
2268 512
2268 511
2277 511
2278 512
2267 512
2277 510
2278 511
2105 1379
2095 1371
2100 1366
2189 1253
2188 1254
2186 1256
2229 1291
2275 512
2275 511
2270 512
2276 512
2269 512
2277 512
2105 1380
2094 1371
2100 1365
2099 1366
2190 1253
2185 1256
2230 1291
2272 512
2275 513
2271 512
2106 1380
2100 1364
2098 1366
2190 1252
2184 1256
2230 1292
2231 1291
2273 513
2271 515
2271 517
2273 512
2274 513
2106 1381
2107 1380
2101 1364
2097 1366
2183 1256
2230 1293
2231 1292
2232 1291
2270 521
2273 515
2273 514
2272 516
2271 516
2108 1380
2102 1364
2096 1366
2183 1255
2183 1257
2230 1294
2232 1290
2269 521
2268 522
2273 516
2108 1379
2108 1381
2102 1363
2102 1365
2096 1365
2183 1254
2182 1255
2183 1258
2230 1295
2231 1294
2232 1289
2272 518
2108 1378
2109 1379
2108 1382
2102 1362
2103 1363
2103 1365
2095 1365
2183 1253
2181 1255
2183 1259
2232 1294
2232 1288
2273 517
2110 1379
2109 1382
2102 1361
2095 1364
2094 1365
2183 1252
2184 1253
2180 1255
2233 1294
2233 1288
2275 520
2269 522
2110 1378
2111 1379
2109 1383
2102 1360
2095 1363
2183 1251
2185 1253
2179 1255
2234 1294
2233 1287
2234 1288
2273 518
2272 519
2109 1384
2101 1360
2095 1362
2096 1363
2182 1251
2184 1251
2178 1255
2234 1293
2235 1294
2233 1286
2274 520
2269 523
2109 1385
2110 1384
2094 1362
2097 1363
2181 1251
2178 1254
2178 1256
2235 1293
2233 1285
2234 1286
2270 525
2269 524
2273 519
2109 1386
2111 1384
2094 1361
2093 1362
2097 1362
2098 1363
2181 1250
2180 1251
2178 1253
2178 1257
2235 1292
2236 1293
2232 1285
2235 1286
2273 521
2270 524
2273 520
2108 1386
2110 1386
2111 1385
2092 1362
2181 1249
2179 1251
2177 1257
2236 1292
2236 1286
2273 523
2272 524
2273 522
2271 524
2108 1387
2107 1386
2110 1387
2111 1386
2091 1362
2181 1248
2180 1249
2177 1258
2176 1257
2236 1291
2236 1285
2236 1287
2260 534
2280 520
2274 524
2274 526
2280 519
2273 524
2107 1387
2107 1385
2090 1362
2179 1249
2177 1259
2175 1257
2236 1290
2237 1291
2237 1285
2261 534
2280 521
2275 524
2275 526
2106 1387
2106 1385
2089 1362
2178 1249
2177 1260
2178 1259
2236 1289
2238 1291
2237 1284
2281 521
2277 527
2275 525
2106 1388
2089 1361
2088 1362
2178 1248
2178 1250
2177 1261
2179 1259
2235 1289
2237 1289
2238 1292
2238 1284
2261 535
2261 527
2106 1389
2089 1360
2088 1363
2178 1247
2177 1250
2177 1262
2176 1261
2238 1289
2238 1293
2239 1284
2278 527
2276 525
2106 1390
2105 1389
2089 1359
2088 1360
2088 1364
2087 1363
2178 1246
2177 1251
2176 1250
2177 1263
2238 1288
2239 1289
2262 527
2281 522
2107 1390
2104 1389
2087 1360
2088 1365
2087 1364
2178 1245
2176 1249
2176 1263
2178 1263
2239 1288
2240 1289
2281 523
2278 526
2277 525
2263 536
2262 535
2108 1390
2104 1390
2103 1389
2088 1366
2086 1364
2177 1245
2179 1245
2175 1249
2175 1263
2179 1263
2240 1290
2241 1289
2278 525
2263 535
2262 528
2109 1390
2103 1390
2088 1367
2176 1245
2180 1245
2175 1248
2175 1262
2175 1264
2180 1263
2242 1289
2262 529
2262 533
2280 523
2281 524
2109 1391
2103 1391
2089 1367
2181 1245
2175 1247
2174 1262
2175 1265
2180 1262
2180 1264
2242 1288
2243 1289
2282 532
2264 535
2263 534
2109 1392
2103 1392
2089 1368
2182 1245
2174 1247
2176 1247
2174 1261
2176 1265
2244 1289
2262 532
2280 524
2279 525
2281 533
2109 1393
2110 1392
2104 1392
2089 1369
2182 1244
2183 1245
2173 1247
2174 1260
2176 1266
2244 1288
2262 531
2280 525
2281 532
2264 534
2262 530
2111 1392
2105 1392
2089 1370
2088 1369
2090 1369
2182 1243
2183 1244
2184 1245
2173 1248
2174 1259
2173 1260
2175 1260
2176 1267
2177 1266
2281 531
2264 533
2111 1393
2112 1392
2105 1391
2105 1393
2089 1371
2090 1370
2091 1369
2182 1242
2183 1243
2172 1248
2172 1260
2176 1268
2175 1267
2178 1266
2111 1394
2112 1393
2112 1391
2105 1394
2089 1372
2088 1371
2091 1370
2181 1242
2184 1243
2171 1248
2172 1261
2171 1260
2176 1269
2174 1267
2178 1265
2178 1267
2111 1395
2112 1390
2105 1395
2104 1394
2089 1373
2088 1372
2087 1371
2181 1241
2185 1243
2171 1247
2172 1262
2170 1260
2175 1269
2173 1267
2112 1395
2111 1390
2105 1396
2089 1374
2087 1372
2086 1371
2185 1242
2186 1243
2171 1246
2170 1247
2172 1263
2170 1259
2175 1270
2174 1269
2173 1268
2113 1395
2111 1389
2105 1397
2104 1396
2090 1374
2086 1372
2085 1371
2186 1242
2187 1243
2171 1245
2170 1246
2169 1247
2171 1263
2173 1263
2170 1258
2174 1270
2172 1268
2113 1394
2114 1395
2111 1388
2110 1389
2105 1398
2103 1396
2090 1375
2086 1373
2186 1241
2172 1245
2169 1246
2171 1264
2170 1257
2174 1271
2173 1270
2114 1394
2115 1395
2103 1397
2085 1373
2186 1240
2173 1245
2168 1246
2171 1265
2170 1256
2174 1272
2115 1394
2102 1397
2084 1373
2186 1239
2173 1244
2168 1245
2171 1266
2173 1272
2175 1272
2116 1394
2102 1398
2101 1397
2084 1374
2083 1373
2187 1239
2173 1243
2168 1244
2167 1245
2170 1266
2172 1266
2172 1272
2116 1393
2117 1394
2100 1397
2084 1375
2083 1372
2188 1239
2174 1243
2166 1245
2170 1267
2172 1271
2172 1273
2117 1395
2100 1396
2099 1397
2083 1375
2083 1371
2188 1238
2174 1242
2170 1268
2171 1271
2171 1273
2118 1395
2100 1395
2099 1396
2099 1398
2083 1370
2082 1371
2174 1241
2170 1271
2170 1273
2118 1396
2100 1394
2099 1395
2098 1396
2084 1370
2081 1371
2173 1241
2170 1270
2170 1274
2118 1397
2099 1394
2101 1394
2080 1371
2173 1240
2169 1270
2170 1275
2117 1397
2119 1397
2098 1394
2080 1372
2079 1371
2173 1239
2172 1240
2169 1269
2168 1270
2171 1275
2117 1398
2116 1397
2120 1397
2098 1393
2097 1394
2080 1373
2079 1372
2079 1370
2078 1371
2174 1239
2171 1240
2168 1271
2171 1276
2117 1399
2116 1396
2115 1397
2098 1392
2097 1393
2096 1394
2080 1374
2078 1370
2174 1238
2168 1272
2171 1277
2116 1399
2098 1391
2099 1392
2096 1395
2079 1374
2174 1237
2170 1277
2116 1400
2115 1399
2098 1390
2097 1391
2099 1391
2100 1392
2096 1396
2079 1375
2174 1236
2169 1277
2116 1401
2114 1399
2098 1389
2096 1391
2100 1391
2096 1397
2079 1376
2174 1235
2173 1236
2169 1276
2116 1402
2117 1401
2098 1388
2099 1389
2096 1390
2095 1391
2096 1398
2079 1377
2080 1376
2174 1234
2172 1236
2116 1403
2098 1387
2097 1388
2099 1388
2096 1399
2079 1378
2175 1234
2171 1236
2115 1403
2096 1388
2095 1399
2079 1379
2176 1234
2170 1236
2115 1404
2096 1387
2095 1400
2079 1380
2078 1379
2080 1379
2176 1233
2176 1235
2170 1235
2115 1405
2095 1387
2094 1400
2077 1379
2177 1233
2169 1235
2115 1406
2094 1387
2094 1401
2077 1380
2076 1379
2168 1235
2116 1406
2094 1388
2093 1387
2094 1402
2077 1381
2076 1380
2076 1378
2168 1234
2167 1235
2116 1407
2093 1388
2093 1386
2094 1403
2077 1382
2075 1380
2076 1377
2168 1233
2166 1235
2093 1389
2092 1388
2093 1403
2095 1403
2078 1382
2074 1380
2169 1233
2166 1234
2166 1236
2165 1235
2093 1390
2092 1403
2096 1403
2078 1383
2073 1380
2170 1233
2166 1233
2166 1237
2091 1403
2096 1402
2096 1404
2097 1403
2078 1384
2072 1380
2166 1232
2166 1238
2091 1402
2091 1404
2090 1403
2096 1401
2096 1405
2079 1384
2071 1380
2166 1231
2165 1232
2166 1239
2165 1238
2091 1405
2089 1403
2097 1401
2096 1406
2097 1405
2079 1385
2080 1384
2070 1380
2165 1231
2167 1231
2164 1232
2167 1239
2164 1238
2091 1406
2089 1404
2088 1403
2098 1401
2097 1406
2080 1385
2081 1384
2069 1380
2165 1230
2164 1231
2167 1230
2163 1232
2164 1237
2164 1239
2091 1407
2089 1405
2088 1404
2099 1401
2097 1407
2082 1384
2068 1380
2164 1230
2163 1231
2167 1229
2163 1239
2091 1408
2092 1407
2097 1408
2098 1407
2082 1383
2082 1385
2068 1381
2067 1380
2162 1231
2167 1228
2166 1229
2163 1240
2091 1409
2093 1407
2099 1407
2082 1382
2082 1386
2067 1379
2066 1380
2161 1231
2167 1227
2162 1240
2090 1409
2094 1407
2100 1407
2082 1381
2082 1387
2066 1379
2066 1381
2161 1230
2161 1232
2160 1231
2167 1226
2161 1240
2090 1410
2100 1406
2083 1381
2082 1388
2065 1379
2066 1382
2161 1229
2167 1225
2166 1226
2161 1241
2160 1240
2090 1411
2084 1381
2082 1389
2083 1388
2065 1378
2065 1382
2161 1228
2167 1224
2168 1225
2160 1239
2091 1411
2084 1382
2085 1381
2082 1390
2081 1389
2084 1388
2064 1378
2065 1383
2064 1382
2161 1227
2160 1228
2166 1224
2168 1224
2169 1225
2160 1238
2091 1412
2092 1411
2085 1380
2084 1389
2064 1383
2064 1381
2063 1382
2160 1227
2166 1223
2168 1223
2170 1225
2160 1237
2092 1412
2085 1379
2085 1389
2063 1383
2063 1381
2159 1227
2166 1222
2171 1225
2160 1236
2092 1413
2085 1378
2085 1390
2062 1383
2063 1380
2159 1226
2166 1221
2167 1222
2171 1226
2159 1236
2161 1236
2092 1414
2093 1413
2086 1378
2085 1391
2062 1384
2061 1383
2062 1380
2159 1225
2158 1226
2171 1227
2158 1236
2092 1415
2094 1413
2087 1378
2084 1391
2062 1385
2060 1383
2062 1379
2160 1225
2157 1226
2158 1237
2092 1416
2091 1415
2093 1415
2094 1414
2087 1377
2084 1392
2062 1386
2060 1384
2062 1378
2160 1224
2156 1226
2157 1237
2092 1417
2088 1377
2084 1393
2083 1392
2062 1387
2061 1386
2059 1384
2160 1223
2156 1227
2157 1238
2156 1237
2092 1418
2093 1417
2088 1376
2089 1377
2083 1393
2085 1393
2062 1388
2059 1385
2160 1222
2156 1236
2155 1237
2094 1417
2089 1378
2090 1377
2085 1394
2086 1393
2059 1386
2058 1385
2160 1221
2159 1222
2156 1235
2095 1417
2089 1379
2090 1378
2091 1377
2085 1395
2086 1394
2059 1387
2057 1385
2160 1220
2161 1221
2158 1222
2156 1234
2155 1235
2095 1418
2096 1417
2091 1376
2084 1395
2059 1388
2060 1387
2057 1384
2056 1385
2160 1219
2162 1221
2157 1222
2154 1235
2096 1418
2092 1376
2083 1395
2060 1388
2056 1386
2161 1219
2162 1220
2157 1221
2157 1223
2154 1234
2153 1235
2096 1419
2092 1375
2093 1376
2082 1395
2060 1389
2055 1386
2157 1220
2156 1223
2154 1233
2153 1236
2152 1235
2096 1420
2097 1419
2092 1374
2093 1375
2094 1376
2081 1395
2054 1386
2157 1219
2156 1220
2155 1223
2154 1232
2151 1235
2097 1420
2092 1373
2081 1394
2081 1396
2054 1387
2155 1220
2155 1224
2154 1231
2151 1234
2151 1236
2098 1420
2091 1373
2093 1373
2081 1397
2053 1387
2155 1219
2155 1221
2154 1220
2154 1224
2150 1234
2151 1237
2099 1420
2081 1398
2053 1388
2052 1387
2155 1218
2154 1225
2153 1224
2150 1233
2151 1238
2150 1237
2099 1419
2099 1421
2080 1398
2082 1398
2052 1388
2052 1386
2051 1387
2155 1217
2156 1218
2154 1226
2153 1225
2153 1223
2152 1224
2150 1232
2149 1233
2151 1239
2149 1237
2099 1422
2079 1398
2082 1399
2083 1398
2050 1387
2155 1216
2154 1227
2152 1225
2151 1224
2151 1232
2149 1236
2099 1423
2078 1398
2082 1400
2084 1398
2049 1387
2155 1215
2151 1223
2151 1231
2149 1235
2148 1236
2099 1424
2077 1398
2083 1400
2049 1386
2048 1387
2155 1214
2154 1215
2151 1222
2150 1223
2147 1236
2099 1425
2076 1398
2049 1385
2048 1386
2047 1387
2156 1214
2153 1215
2150 1222
2149 1223
2098 1425
2076 1397
2076 1399
2048 1385
2050 1385
2047 1388
2157 1214
2153 1214
2153 1216
2152 1215
2149 1222
2148 1223
2098 1426
2097 1425
2076 1396
2075 1397
2076 1400
2075 1399
2048 1384
2050 1384
2047 1389
2046 1388
2158 1214
2151 1215
2148 1224
2147 1223
2098 1427
2097 1424
2096 1425
2076 1395
2075 1396
2077 1396
2076 1401
2074 1399
2047 1384
2051 1384
2045 1388
2158 1215
2151 1214
2150 1215
2147 1224
2097 1427
2099 1427
2097 1423
2095 1425
2075 1395
2076 1402
2046 1384
2051 1383
2045 1389
2151 1213
2150 1216
2147 1225
2146 1224
2100 1427
2096 1423
2094 1425
2075 1394
2074 1395
2075 1402
2077 1402
2045 1384
2052 1383
2045 1390
2150 1213
2150 1217
2147 1226
2145 1224
2101 1427
2094 1426
2093 1425
2074 1394
2075 1403
2074 1402
2045 1385
2044 1384
2052 1382
2044 1390
2150 1212
2150 1218
2151 1217
2146 1226
2145 1223
2144 1224
2101 1426
2101 1428
2094 1427
2092 1425
2074 1393
2073 1402
2043 1384
2053 1382
2044 1391
2043 1390
2150 1211
2146 1227
2145 1226
2143 1224
2102 1426
2101 1429
2095 1427
2092 1424
2092 1426
2073 1401
2073 1403
2042 1384
2053 1381
2054 1382
2044 1392
2042 1390
2150 1210
2146 1228
2142 1224
2102 1425
2103 1426
2100 1429
2095 1428
2092 1423
2091 1424
2091 1426
2073 1404
2042 1391
2041 1390
2150 1209
2145 1228
2141 1224
2102 1424
2103 1427
2100 1430
2095 1429
2092 1422
2090 1424
2073 1405
2072 1404
2041 1389
2040 1390
2144 1228
2141 1223
2103 1428
2099 1430
2094 1429
2073 1406
2072 1405
2074 1405
2071 1404
2041 1388
2040 1391
2039 1390
2144 1229
2143 1228
2140 1223
2103 1429
2094 1430
2073 1407
2070 1404
2041 1387
2040 1388
2040 1392
2038 1390
2144 1230
2142 1228
2139 1223
2103 1430
2093 1430
2073 1408
2072 1407
2074 1407
2069 1404
2041 1386
2038 1389
2037 1390
2141 1228
2138 1223
2102 1430
2104 1430
2093 1431
2092 1430
2074 1408
2071 1407
2069 1403
2040 1386
2037 1389
2037 1391
2140 1228
2138 1222
2138 1224
2102 1431
2105 1430
2093 1432
2092 1429
2091 1430
2074 1409
2075 1408
2071 1406
2071 1408
2070 1407
2069 1402
2036 1389
2037 1392
2036 1391
2140 1227
2140 1229
2139 1228
2137 1224
2102 1432
2105 1429
2106 1430
2092 1432
2090 1430
2076 1408
2071 1409
2036 1388
2035 1389
2037 1393
2035 1391
2140 1226
2139 1229
2138 1228
2136 1224
2102 1433
2101 1432
2105 1428
2089 1430
2076 1409
2077 1408
2071 1410
2070 1409
2035 1390
2034 1389
2037 1394
2038 1393
2034 1391
2137 1228
2136 1223
2102 1434
2101 1433
2106 1428
2088 1430
2077 1407
2070 1410
2034 1388
2033 1389
2036 1394
2039 1393
2034 1392
2137 1227
2137 1229
2136 1222
2103 1434
2107 1428
2088 1429
2087 1430
2078 1407
2070 1411
2034 1387
2033 1390
2035 1394
2033 1392
2136 1227
2137 1230
2136 1221
2104 1434
2107 1427
2107 1429
2108 1428
2086 1430
2034 1386
2035 1387
2032 1392
2136 1226
2135 1227
2136 1230
2138 1230
2136 1220
2137 1221
2104 1433
2104 1435
2107 1426
2108 1427
2108 1429
2086 1429
2033 1386
2035 1386
2032 1393
2135 1226
2135 1220
2137 1220
2104 1436
2107 1425
2109 1427
2033 1385
2035 1385
2031 1393
2134 1226
2138 1220
2103 1436
2105 1436
2107 1424
2109 1426
2033 1384
2133 1226
2139 1220
2103 1437
2105 1437
2107 1423
2109 1425
2110 1426
2033 1383
2132 1226
2139 1219
2140 1220
2105 1438
2106 1437
2107 1422
2110 1425
2033 1382
2032 1383
2139 1218
2141 1220
2107 1437
2107 1421
2106 1422
2111 1425
2033 1381
2031 1383
2139 1217
2138 1218
2107 1436
2107 1438
2033 1380
2031 1382
2030 1383
2138 1217
2140 1217
2107 1435
2108 1438
2033 1379
2034 1380
2029 1383
2137 1217
2141 1217
2108 1439
2033 1378
2035 1380
2029 1382
2029 1384
2137 1216
2108 1440
2109 1439
2034 1378
2035 1379
2036 1380
2028 1382
2029 1385
2028 1384
2137 1215
2136 1216
2109 1440
2110 1439
2034 1377
2028 1381
2028 1385
2030 1385
2138 1215
2135 1216
2111 1439
2035 1377
2028 1380
2027 1385
2138 1214
2134 1216
2112 1439
2036 1377
2028 1379
2027 1386
2026 1385
2134 1217
2133 1216
2112 1438
2112 1440
2113 1439
2037 1377
2028 1378
2026 1386
2026 1384
2134 1218
2133 1217
2113 1438
2112 1441
2114 1439
2028 1377
2025 1386
2134 1219
2135 1218
2113 1437
2111 1441
2114 1440
2028 1376
2024 1386
2133 1219
2114 1437
2111 1442
2115 1440
2027 1376
2029 1376
2023 1386
2132 1219
2114 1436
2111 1443
2116 1440
2027 1375
2029 1375
2023 1387
2131 1219
2115 1436
2111 1444
2110 1443
2029 1374
2023 1388
2130 1219
2110 1444
2112 1444
2109 1443
2030 1374
2022 1388
2129 1219
2112 1445
2113 1444
2108 1443
2030 1373
2031 1374
2022 1389
2129 1218
2129 1220
2128 1219
2113 1445
2113 1443
2107 1443
2031 1373
2021 1389
2129 1221
2127 1219
2114 1445
2114 1443
2106 1443
2032 1373
2021 1390
2129 1222
2115 1445
2115 1443
2106 1444
2105 1443
2033 1373
2021 1391
2020 1390
2129 1223
2115 1446
2115 1442
2106 1445
2105 1444
2104 1443
2034 1373
2022 1391
2019 1390
2129 1224
2115 1447
2106 1446
2107 1445
2104 1442
2103 1443
2034 1372
2023 1391
2019 1389
2129 1225
2128 1224
2115 1448
2114 1447
2105 1446
2107 1446
2104 1441
2103 1442
2035 1372
2023 1390
2018 1389
2129 1226
2130 1225
2127 1224
2115 1449
2114 1448
2116 1448
2113 1447
2105 1447
2103 1441
2105 1441
2035 1371
2036 1372
2024 1390
2018 1388
2017 1389
2130 1226
2127 1223
2127 1225
2126 1224
2114 1449
2113 1448
2117 1448
2105 1448
2102 1441
2035 1370
2037 1372
2025 1390
2016 1389
2127 1222
2125 1224
2114 1450
2117 1447
2117 1449
2104 1448
2102 1440
2035 1369
2037 1373
2025 1389
2015 1389
2125 1223
2125 1225
2113 1450
2117 1446
2118 1449
2103 1448
2102 1439
2035 1368
2034 1369
2037 1374
2038 1373
2026 1389
2014 1389
2125 1222
2113 1451
2117 1445
2118 1446
2119 1449
2103 1447
2102 1448
2101 1439
2035 1367
2038 1374
2014 1390
2013 1389
2125 1221
2113 1452
2117 1444
2119 1446
2120 1449
2103 1446
2102 1449
2100 1439
2034 1367
2036 1367
2039 1374
2014 1391
2124 1221
2114 1452
2119 1447
2120 1446
2102 1450
2099 1439
2033 1367
2037 1367
2040 1374
2014 1392
2015 1391
2123 1221
2114 1453
2115 1452
2120 1447
2121 1446
2102 1451
2099 1438
2032 1367
2037 1366
2037 1368
2038 1367
2040 1373
2014 1393
2015 1392
2016 1391
2122 1221
2115 1453
2121 1447
2121 1445
2102 1452
2101 1451
2099 1437
2032 1368
2031 1367
2039 1367
2040 1372
2014 1394
2016 1392
2121 1221
2116 1453
2122 1447
2101 1452
2103 1452
2031 1368
2031 1366
2039 1372
2041 1372
2013 1394
2017 1392
2120 1221
2117 1453
2123 1447
2101 1453
2104 1452
2031 1365
2030 1366
2042 1372
2012 1394
2017 1393
2120 1220
2120 1222
2117 1452
2118 1453
2123 1446
2124 1447
2101 1454
2031 1364
2029 1366
2042 1373
2012 1395
2011 1394
2017 1394
2120 1219
2120 1223
2119 1222
2119 1453
2125 1447
2101 1455
2100 1454
2028 1366
2042 1374
2012 1396
2010 1394
2017 1395
2120 1218
2121 1219
2119 1223
2119 1454
2125 1448
2101 1456
2102 1455
2099 1454
2028 1365
2043 1374
2011 1396
2013 1396
2010 1393
2009 1394
2017 1396
2119 1218
2122 1219
2119 1224
2119 1455
2125 1449
2101 1457
2099 1453
2027 1365
2044 1374
2010 1396
2013 1397
2008 1394
2017 1397
2016 1396
2018 1396
2118 1218
2122 1218
2119 1225
2119 1456
2126 1449
2102 1457
2027 1364
2045 1374
2010 1397
2013 1398
2008 1393
2008 1395
2017 1398
2018 1397
2015 1396
2118 1217
2118 1219
2122 1217
2118 1225
2119 1457
2120 1456
2126 1450
2103 1457
2027 1363
2026 1364
2045 1373
2046 1374
2010 1398
2012 1398
2017 1399
2117 1217
2118 1220
2122 1216
2118 1226
2117 1225
2119 1458
2121 1456
2104 1457
2027 1362
2046 1375
2047 1374
2010 1399
2009 1398
2011 1398
2017 1400
2016 1399
2116 1217
2123 1216
2118 1227
2116 1225
2119 1459
2121 1457
2122 1456
2105 1457
2026 1362
2028 1362
2048 1374
2011 1399
2008 1398
2017 1401
2015 1399
2115 1217
2124 1216
2117 1227
2115 1225
2118 1459
2121 1458
2105 1458
2106 1457
2026 1361
2025 1362
2048 1373
2048 1375
2008 1397
2007 1398
2017 1402
2018 1401
2015 1400
2115 1216
2115 1218
2124 1215
2125 1216
2117 1228
2116 1227
2115 1224
2114 1225
2118 1460
2117 1459
2122 1458
2105 1459
2106 1458
2106 1456
2107 1457
2024 1362
2048 1372
2048 1376
2007 1397
2007 1399
2017 1403
2018 1402
2115 1215
2115 1219
2124 1214
2126 1216
2117 1229
2114 1226
2116 1459
2122 1459
2123 1458
2105 1460
2106 1459
2023 1362
2048 1371
2048 1377
2047 1376
2049 1376
2006 1397
2007 1400
2017 1404
2114 1215
2116 1215
2116 1219
2124 1213
2127 1216
2118 1229
2113 1226
2116 1458
2115 1459
2122 1460
2123 1457
2104 1460
2106 1460
2107 1459
2023 1361
2022 1362
2047 1371
2047 1377
2050 1376
2005 1397
2008 1400
2017 1405
2016 1404
2114 1214
2113 1215
2124 1212
2127 1215
2127 1217
2118 1230
2112 1226
2116 1457
2122 1461
2104 1461
2103 1460
2107 1460
2023 1360
2022 1361
2022 1363
2021 1362
2047 1378
2046 1377
2051 1376
2004 1397
2008 1401
2017 1406
2015 1404
2112 1215
2128 1215
2118 1231
2112 1225
2116 1456
2115 1457
2121 1461
2123 1461
2104 1462
2103 1459
2107 1461
2023 1359
2022 1360
2022 1364
2021 1363
2020 1362
2046 1378
2051 1375
2051 1377
2052 1376
2004 1398
2003 1397
2017 1407
2111 1215
2128 1214
2129 1215
2117 1231
2119 1231
2111 1225
2121 1462
2123 1462
2103 1462
2023 1358
2022 1359
2021 1360
2022 1365
2020 1363
2046 1379
2051 1374
2051 1378
2052 1377
2003 1398
2003 1396
2002 1397
2017 1408
2018 1407
2110 1215
2128 1213
2116 1231
2111 1224
2121 1463
2123 1463
2124 1462
2103 1463
2102 1462
2023 1357
2022 1358
2021 1359
2020 1360
2022 1366
2052 1378
2002 1398
2003 1395
2001 1397
2016 1408
2018 1408
2019 1407
2110 1216
2109 1215
2128 1212
2127 1213
2116 1230
2116 1232
2115 1231
2121 1464
2125 1462
2103 1464
2101 1462
2024 1357
2019 1360
2002 1399
2003 1394
2002 1395
2004 1395
2000 1397
2015 1408
2020 1407
2110 1217
2108 1215
2128 1211
2129 1212
2115 1232
2114 1231
2120 1464
2122 1464
2125 1463
2103 1465
2104 1464
2100 1462
2024 1356
2018 1360
2002 1400
2003 1393
2002 1394
2001 1395
2005 1395
1999 1397
2020 1408
2110 1218
2107 1215
2128 1210
2127 1211
2130 1212
2113 1231
2120 1465
2126 1463
2103 1466
2102 1465
2099 1462
2024 1355
2018 1361
2017 1360
2002 1401
2003 1392
2004 1393
2001 1394
2005 1394
1998 1397
2021 1408
2109 1218
2107 1214
2107 1216
2127 1210
2129 1210
2131 1212
2113 1232
2112 1231
2120 1466
2127 1463
2104 1466
2101 1465
2099 1461
2098 1462
2023 1355
2025 1355
2018 1362
2017 1359
2016 1360
2002 1402
2002 1392
2005 1393
2000 1394
2022 1408
2108 1218
2107 1213
2106 1214
2106 1216
2126 1210
2130 1210
2131 1213
2113 1233
2111 1231
2119 1466
2121 1466
2127 1464
2128 1463
2105 1466
2101 1466
2099 1460
2023 1354
2026 1355
2018 1363
2017 1358
2015 1360
2002 1403
2001 1402
2003 1402
2001 1392
1999 1394
2022 1409
2108 1219
2107 1212
2108 1213
2105 1214
2113 1234
2111 1232
2110 1231
2119 1467
2118 1466
2122 1466
2128 1462
2129 1463
2105 1467
2106 1466
2100 1466
2023 1353
2027 1355
2016 1358
2015 1359
2015 1361
2002 1404
2001 1403
2003 1403
2000 1392
2108 1220
2108 1212
2104 1214
2113 1235
2114 1234
2111 1233
2109 1231
2119 1468
2118 1467
2117 1466
2122 1467
2123 1466
2129 1464
2105 1468
2107 1466
2100 1467
2023 1352
2024 1353
2028 1355
2016 1357
2015 1358
2014 1361
2003 1404
2000 1403
2004 1403
1999 1392
2108 1221
2108 1211
2109 1212
2113 1236
2110 1233
2109 1230
2108 1231
2119 1469
2117 1465
2122 1468
2123 1465
2129 1465
2130 1464
2105 1469
2107 1467
2100 1468
2025 1353
2028 1354
2028 1356
2016 1356
2014 1358
1999 1403
2005 1403
1998 1392
2108 1210
2112 1236
2114 1236
2108 1230
2119 1470
2117 1464
2131 1464
2104 1469
2108 1467
2100 1469
2025 1352
2015 1356
2017 1356
2013 1358
1998 1403
2005 1402
2005 1404
1998 1391
1997 1392
2109 1210
2112 1237
2114 1237
2119 1471
2131 1463
2132 1464
2104 1470
2109 1467
2100 1470
2099 1469
2025 1351
2013 1357
2013 1359
2012 1358
1998 1402
2006 1404
2110 1210
2114 1238
2115 1237
2119 1472
2118 1471
2120 1471
2132 1463
2132 1465
2104 1471
2110 1467
2100 1471
2099 1470
2098 1469
2025 1350
2024 1351
2026 1351
2012 1359
1998 1401
1997 1402
2007 1404
2110 1209
2111 1210
2114 1239
2115 1238
2117 1471
2121 1471
2133 1465
2104 1472
2110 1466
2111 1467
2098 1470
2098 1468
2097 1469
2025 1349
2024 1350
2026 1350
2027 1351
1998 1400
1999 1401
1996 1402
2008 1404
2110 1208
2111 1211
2112 1210
2114 1240
2116 1238
2134 1465
2111 1468
2098 1471
2098 1467
2096 1469
2024 1349
2026 1349
2023 1350
2027 1352
1997 1400
1996 1401
1995 1402
2110 1207
2115 1240
2135 1465
2111 1469
2097 1471
2097 1467
2024 1348
2023 1349
2026 1348
2028 1352
1997 1399
2111 1207
2116 1240
2135 1464
2135 1466
2111 1470
2112 1469
2096 1471
2097 1466
2096 1467
2024 1347
2026 1347
2111 1206
2116 1241
2117 1240
2135 1463
2136 1464
2135 1467
2111 1471
2095 1471
2097 1465
2096 1466
2024 1346
2023 1347
2111 1205
2117 1239
2134 1463
2137 1464
2111 1472
2112 1471
2095 1472
2095 1466
2024 1345
2022 1347
2112 1205
2118 1239
2137 1463
2138 1464
2110 1472
2112 1472
2095 1465
2094 1466
2025 1345
2022 1346
2112 1204
2119 1239
2137 1462
2138 1463
2139 1464
2109 1472
2112 1473
2113 1472
2094 1467
2021 1346
2112 1203
2113 1204
2120 1239
2137 1461
2139 1465
2140 1464
2108 1472
2113 1473
2114 1472
2093 1467
2021 1345
2020 1346
2112 1202
2113 1203
2120 1238
2121 1239
2136 1461
2138 1461
2108 1471
2113 1474
2114 1473
2115 1472
2092 1467
2020 1345
2019 1346
2111 1202
2120 1237
2122 1239
2135 1461
2108 1470
2113 1475
2092 1466
2019 1347
2110 1202
2120 1236
2122 1240
2123 1239
2135 1460
2112 1475
2114 1475
2092 1465
2018 1347
2110 1201
2109 1202
2120 1235
2119 1236
2121 1236
2123 1240
2134 1460
2112 1476
2114 1476
2092 1464
2018 1348
2109 1203
2108 1202
2123 1241
2112 1477
2115 1476
2091 1464
2093 1464
2017 1348
2107 1202
2124 1241
2115 1477
2116 1476
2090 1464
2093 1463
2016 1348
2107 1201
2107 1203
2125 1241
2115 1478
2090 1465
2093 1462
2094 1463
2016 1347
2107 1200
2107 1204
2106 1203
2126 1241
2115 1479
2089 1465
2093 1461
2094 1462
2016 1346
2015 1347
2106 1200
2107 1205
2108 1204
2127 1241
2114 1479
2094 1461
2016 1345
2017 1346
2105 1200
2108 1205
2127 1240
2128 1241
2114 1480
2113 1479
2016 1344
2017 1345
2104 1200
2129 1241
2113 1480
2016 1343
2104 1201
2129 1242
2112 1480
2016 1342
2104 1202
2103 1201
2129 1243
2111 1480
2015 1342
2102 1201
2129 1244
2130 1243
2111 1479
2111 1481
2015 1341
2014 1342
2102 1202
2129 1245
2110 1479
2111 1482
2015 1340
2014 1341
2101 1202
2128 1245
2110 1478
2111 1483
2014 1340
2013 1341
2100 1202
2128 1246
2127 1245
2110 1477
2109 1478
2111 1484
2013 1340
2012 1341
2100 1203
2127 1246
2127 1244
2110 1476
2111 1485
2012 1342
2099 1203
2127 1247
2126 1246
2109 1476
2110 1485
2112 1485
2012 1343
2099 1204
2098 1203
2127 1248
2110 1486
2109 1485
2113 1485
2011 1343
2098 1202
2127 1249
2108 1485
2114 1485
2010 1343
2097 1202
2127 1250
2108 1486
2107 1485
2114 1486
2115 1485
2010 1342
2009 1343
2097 1201
2096 1202
2126 1250
2128 1250
2108 1487
2107 1486
2106 1485
2116 1485
2009 1344
2096 1203
2095 1202
2125 1250
2128 1251
2108 1488
2105 1485
2116 1484
2008 1344
2096 1204
2095 1201
2124 1250
2129 1251
2108 1489
2109 1488
2105 1484
2105 1486
2117 1484
2007 1344
2097 1204
2095 1200
2124 1249
2130 1251
2105 1483
2104 1484
2104 1486
2007 1343
2095 1199
2124 1248
2130 1250
2130 1252
2131 1251
2105 1482
2104 1483
2103 1484
2104 1487
2007 1342
2094 1199
2096 1199
2123 1248
2130 1249
2130 1253
2105 1481
2103 1485
2104 1488
2007 1341
2093 1199
2096 1198
2122 1248
2131 1253
2105 1480
2106 1481
2104 1489
2007 1340
2006 1341
2093 1200
2092 1199
2096 1197
2122 1247
2122 1249
2131 1254
2132 1253
2105 1479
2104 1490
2103 1489
2005 1341
2091 1199
2097 1197
2122 1246
2122 1250
2131 1255
2132 1252
2104 1491
2103 1490
2005 1340
2005 1342
2004 1341
2091 1198
2090 1199
2097 1196
2098 1197
2121 1250
2131 1256
2132 1255
2133 1252
2104 1492
2005 1339
2003 1341
2089 1199
2097 1195
2121 1251
2120 1250
2131 1257
2130 1256
2132 1256
2133 1251
2103 1492
2005 1338
2006 1339
2003 1342
2002 1341
2089 1200
2088 1199
2097 1194
2121 1252
2119 1250
2131 1258
2130 1257
2129 1256
2134 1251
2103 1493
2004 1338
2006 1338
2002 1342
2002 1340
2001 1341
2088 1198
2097 1193
2120 1252
2119 1249
2119 1251
2131 1259
2132 1258
2128 1256
2134 1250
2135 1251
2103 1494
2004 1337
2007 1338
2001 1342
2000 1341
2087 1198
2096 1193
2098 1193
2119 1248
2118 1249
2118 1251
2128 1255
2103 1495
2102 1494
2104 1494
2003 1337
2000 1342
2087 1197
2095 1193
2117 1251
2127 1255
2103 1496
2102 1495
2002 1337
2086 1197
2095 1192
2117 1250
2117 1252
2116 1251
2127 1254
2126 1255
2103 1497
2102 1496
2104 1496
2002 1336
2085 1197
2095 1191
2094 1192
2116 1252
2127 1253
2126 1254
2125 1255
2103 1498
2002 1335
2085 1196
2085 1198
2084 1197
2094 1191
2115 1252
2127 1252
2125 1256
2124 1255
2103 1499
2102 1498
2104 1498
2001 1335
2084 1196
2083 1197
2093 1191
2114 1252
2125 1257
2103 1500
2105 1498
2000 1335
2084 1195
2082 1197
2114 1253
2113 1252
2124 1257
2104 1500
2000 1334
2084 1194
2082 1198
2081 1197
2114 1254
2113 1253
2113 1251
2124 1258
2123 1257
2105 1500
1999 1334
2084 1193
2085 1194
2081 1196
2113 1254
2115 1254
2112 1253
2122 1257
2105 1501
2106 1500
1998 1334
2084 1192
2081 1195
2112 1254
2115 1255
2122 1258
2121 1257
2105 1502
1998 1333
1998 1335
2084 1191
2081 1194
2111 1254
2120 1257
2105 1503
2104 1502
1998 1332
1997 1333
1998 1336
2083 1191
2085 1191
2080 1194
2111 1255
2110 1254
2120 1256
2120 1258
2105 1504
2106 1503
2103 1502
1998 1331
1997 1336
2083 1190
2082 1191
2085 1190
2086 1191
2079 1194
2111 1256
2109 1254
2120 1255
2119 1258
2105 1505
1998 1330
1997 1331
1997 1337
2081 1191
2085 1189
2086 1190
2086 1192
2078 1194
2111 1257
2109 1253
2120 1254
2119 1259
2104 1505
2106 1505
1997 1330
1997 1338
1996 1337
2085 1188
2086 1189
2077 1194
2111 1258
2110 1257
2109 1252
2118 1259
2106 1506
2107 1505
1996 1330
1996 1338
1995 1337
2084 1188
2086 1188
2076 1194
2109 1257
2118 1260
2106 1507
2108 1505
1996 1329
1996 1339
1995 1336
1994 1337
2084 1187
2086 1187
2087 1188
2076 1193
2076 1195
2109 1258
2118 1261
2117 1260
2109 1505
1996 1340
1994 1336
1994 1338
1993 1337
2083 1187
2086 1186
2088 1188
2076 1196
2108 1258
2118 1262
2116 1260
2109 1504
2110 1505
1996 1341
1995 1340
1992 1337
2083 1186
2082 1187
2088 1189
2075 1196
2108 1259
2107 1258
2118 1263
2117 1262
2116 1259
2115 1260
2109 1503
2110 1504
1995 1341
1991 1337
2081 1187
2075 1197
2107 1257
2118 1264
2117 1263
2110 1503
2111 1504
1995 1342
1990 1337
2081 1188
2080 1187
2074 1197
2107 1256
2118 1265
2117 1264
2116 1263
2112 1504
1995 1343
1990 1336
1990 1338
1989 1337
2080 1186
2074 1198
2073 1197
2118 1266
2112 1505
2113 1504
1995 1344
1996 1343
1988 1337
2079 1186
2074 1199
2118 1267
2117 1266
2113 1505
2114 1504
1994 1344
1988 1336
1988 1338
2078 1186
2074 1200
2075 1199
2117 1267
2119 1267
2114 1505
2114 1503
2115 1504
1993 1344
1988 1335
2078 1185
2074 1201
2076 1199
2116 1267
2120 1267
2114 1502
1993 1345
1988 1334
2077 1185
2073 1201
2075 1201
2116 1268
2115 1267
2120 1266
2114 1501
1993 1346
1989 1334
2077 1184
2072 1201
2076 1201
2114 1267
2121 1266
2114 1500
1993 1347
2077 1183
2072 1202
2071 1201
2077 1201
2113 1267
2122 1266
2114 1499
1993 1348
2076 1183
2071 1202
2077 1202
2113 1266
2113 1268
2122 1265
2122 1267
2114 1498
2113 1499
1993 1349
2075 1183
2071 1203
2113 1265
2112 1266
2113 1269
2112 1268
2123 1265
2122 1268
2115 1498
2112 1499
1993 1350
1992 1349
2075 1182
2071 1204
2113 1264
2111 1266
2113 1270
2111 1268
2123 1264
2124 1265
2116 1498
1993 1351
1992 1350
1991 1349
2075 1181
2070 1204
2072 1204
2112 1264
2110 1266
2113 1271
2112 1270
2111 1269
2110 1268
2125 1265
2116 1497
2117 1498
1992 1351
1990 1349
2074 1181
2076 1181
2069 1204
2072 1205
2111 1264
2112 1271
2114 1271
2109 1268
2125 1264
2117 1499
1991 1351
1990 1348
1989 1349
2073 1181
2077 1181
2068 1204
2072 1206
2111 1263
2111 1271
2115 1271
2108 1268
2126 1264
2117 1500
2118 1499
1991 1352
1990 1351
1988 1349
2072 1181
2077 1180
2068 1203
2071 1206
2073 1206
2111 1262
2110 1271
2115 1272
2116 1271
2107 1268
2127 1264
2117 1501
2119 1499
1991 1353
1988 1348
2072 1182
2071 1181
2078 1180
2068 1202
2067 1203
2071 1207
2070 1206
2111 1261
2112 1262
2115 1273
2106 1268
2127 1265
2128 1264
2118 1501
2120 1499
1990 1353
1988 1347
1987 1348
2070 1181
2069 1202
2071 1208
2112 1261
2115 1274
2105 1268
2129 1264
2119 1501
2120 1500
2121 1499
1989 1353
1988 1346
2070 1182
2069 1181
2069 1201
2071 1209
2115 1275
2129 1263
2129 1265
2119 1502
2121 1500
2122 1499
1988 1353
1988 1345
1989 1346
2070 1183
2069 1180
2068 1181
2069 1200
2071 1210
2114 1275
2130 1265
2122 1498
1988 1352
1988 1354
1988 1344
2070 1184
2069 1183
2069 1179
2069 1199
2068 1200
2071 1211
2113 1275
2131 1265
2122 1497
2123 1498
1987 1352
1987 1354
2069 1184
2068 1179
2070 1199
2070 1211
2072 1211
2113 1274
2113 1276
2131 1264
2132 1265
2122 1496
2121 1497
1986 1352
2068 1184
2067 1179
2071 1199
2070 1212
2069 1211
2073 1211
2131 1263
2132 1266
1986 1353
2067 1184
2067 1178
2067 1180
2069 1212
2069 1210
2132 1267
2133 1266
2066 1184
2067 1177
2069 1213
2134 1266
2066 1185
2065 1184
2067 1176
2069 1214
2068 1213
2134 1267
2135 1266
2066 1186
2065 1185
2066 1176
2069 1215
2135 1265
2136 1266
2064 1185
2066 1175
2069 1216
2070 1215
2136 1267
2064 1186
2066 1174
2065 1175
2069 1217
2136 1268
2063 1186
2066 1173
2064 1175
2070 1217
2136 1269
2137 1268
2065 1173
2067 1173
2136 1270
2137 1269
2065 1172
2064 1173
2068 1173
2136 1271
2135 1270
2138 1269
2065 1171
2063 1173
2069 1173
2136 1272
2138 1270
2065 1170
2064 1171
2066 1171
2069 1172
2070 1173
2136 1273
2139 1270
2065 1169
2064 1170
2063 1171
2067 1171
2069 1171
2136 1274
2137 1273
2139 1271
2140 1270
2065 1168
2064 1169
2063 1170
2062 1171
2067 1170
2070 1171
2136 1275
2141 1270
2064 1168
2062 1170
2061 1171
2068 1170
2071 1171
2136 1276
2063 1168
2061 1172
2068 1169
2072 1171
2135 1276
2137 1276
2062 1168
2061 1173
2068 1168
2069 1169
2073 1171
2137 1277
2061 1168
2061 1174
2060 1173
2068 1167
2070 1169
2073 1170
2061 1167
2061 1169
2060 1174
2062 1174
2059 1173
2068 1166
2067 1167
2073 1169
2074 1170
2061 1166
2060 1175
2067 1166
2072 1169
2074 1169
2061 1165
2060 1166
2060 1176
2067 1165
2061 1164
2060 1177
2062 1164
2060 1178
2062 1163
2063 1164
2060 1179
2062 1162
2060 1180
2062 1161
2059 1180
2063 1161
2059 1181
2064 1161
2059 1182
2058 1181
2064 1160
2064 1162
2059 1183
2058 1182
2060 1182
2057 1181
2064 1159
2065 1160
2057 1180
2063 1159
2065 1159
2066 1160
2056 1180
2066 1161
2055 1180
2054 1180
2054 1179
2054 1178
2054 1177
2053 1178
2054 1176
2052 1178
2054 1175
2053 1176
2051 1178
2053 1175
2050 1178
2050 1179
2049 1179
2049 1180
2049 1181
2049 1182
2050 1181
2049 1183
2048 1182
2050 1182
2051 1181
2047 1182
2051 1182
2047 1183
2047 1184
2046 1183
2047 1185
2046 1184
2045 1183
2047 1186
2046 1185
2044 1183
2047 1187
2044 1182
2043 1183
2047 1188
2046 1187
2044 1181
2043 1182
2043 1184
2042 1183
2047 1189
2046 1188
2048 1188
2045 1187
2044 1180
2045 1181
2049 1188
2044 1187
2044 1179
2049 1189
2044 1178
2043 1178
2043 1177
2043 1176
2043 1175
2044 1176
2042 1175
2044 1175
2042 1174
2044 1174
2042 1173
2044 1173
2042 1172
2041 1173
2042 1171
2040 1173
2042 1170
2043 1171
2040 1172
2040 1174
2042 1169
2040 1175
2039 1174
2042 1168
2040 1176
2038 1174
2042 1167
2040 1177
2041 1176
2037 1174
2042 1166
2040 1178
2039 1177
2037 1173
2036 1174
2041 1166
2037 1172
2035 1174
2040 1166
2035 1175
2034 1174
2040 1167
2034 1175
2034 1173
2039 1167
2034 1176
2033 1175
2034 1172
2038 1167
2034 1177
2032 1175
2033 1177
2032 1176
2033 1178
2032 1178
2031 1178
2031 1179
2030 1178
2030 1177
2029 1178
2028 1178
2028 1179
2027 1178
2028 1180
2026 1178
2028 1181
2029 1180
2025 1178
2028 1182
2029 1181
2025 1177
2024 1178
2028 1183
2025 1176
2023 1178
2028 1184
2027 1183
2029 1183
2025 1175
2023 1177
2022 1178
2028 1185
2029 1184
2030 1183
2025 1174
2022 1177
2028 1186
2027 1185
2031 1183
2025 1173
2024 1174
2021 1177
2028 1187
2026 1185
2032 1183
2026 1173
2027 1187
2026 1184
2025 1185
2033 1183
2027 1173
2027 1188
2025 1184
2033 1182
2033 1184
2034 1183
2027 1172
2027 1189
2025 1183
2033 1181
2034 1182
2034 1184
2027 1171
2027 1190
2026 1189
2025 1182
2024 1183
2032 1181
2035 1184
2027 1170
2026 1171
2028 1190
2025 1189
2024 1182
2031 1181
2035 1185
2027 1169
2025 1171
2028 1191
2029 1190
2025 1188
2025 1190
2024 1189
2023 1182
2035 1186
2025 1170
2028 1192
2025 1191
2024 1190
2023 1189
2022 1182
2035 1187
2027 1192
2029 1192
2022 1189
2022 1183
2021 1182
2036 1187
2029 1193
2022 1188
2022 1184
2021 1181
2020 1182
2036 1188
2030 1193
2022 1187
2021 1188
2021 1180
2019 1182
2036 1189
2030 1194
2020 1188
2018 1182
2036 1190
2035 1189
2037 1189
2030 1195
2020 1189
2019 1188
2018 1183
2017 1182
2036 1191
2035 1190
2038 1189
2030 1196
2019 1187
2018 1188
2016 1182
2035 1191
2034 1190
2039 1189
2030 1197
2031 1196
2018 1189
2017 1188
2015 1182
2039 1190
2040 1189
2030 1198
2029 1197
2031 1197
2016 1188
2014 1182
2039 1191
2040 1190
2030 1199
2028 1197
2015 1188
2014 1183
2040 1191
2030 1200
2028 1198
2014 1184
2013 1183
2041 1191
2030 1201
2012 1183
2030 1202
2029 1201
2012 1182
2029 1202
2031 1202
2012 1181
2011 1182
2029 1203
2028 1202
2012 1180
2013 1181
2010 1182
2029 1204
2012 1179
2009 1182
2029 1205
2030 1204
2012 1178
2008 1182
2029 1206
2030 1205
2013 1178
2008 1181
2008 1183
2029 1207
2030 1206
2013 1177
2007 1181
2008 1184
2007 1183
2028 1207
2030 1207
2031 1206
2006 1183
2028 1208
2030 1208
2032 1206
2006 1184
2005 1183
2027 1208
2030 1209
2031 1208
2033 1206
2006 1185
2004 1183
2030 1210
2033 1205
2005 1185
2003 1183
2030 1211
2029 1210
2031 1210
2033 1204
2003 1182
2030 1212
2032 1210
2002 1182
2029 1212
2031 1212
2032 1209
2032 1211
2033 1210
2002 1181
2001 1182
2028 1212
2032 1212
2034 1210
2002 1180
2000 1182
2028 1213
2034 1211
2002 1179
2001 1180
2000 1181
1999 1182
2028 1214
2035 1211
2003 1179
2000 1180
1999 1181
1999 1183
1998 1182
2028 1215
2027 1214
2029 1214
2036 1211
2003 1178
2004 1179
2000 1179
1999 1184
2026 1214
2030 1214
2036 1210
2036 1212
2037 1211
2003 1177
2004 1178
2000 1178
1999 1185
1998 1184
2026 1213
2025 1214
2036 1213
2038 1211
2003 1176
2005 1178
2000 1177
2001 1178
1998 1185
2025 1213
2037 1213
2038 1210
2039 1211
2002 1176
2006 1178
1997 1185
2024 1213
2038 1213
2039 1210
2039 1212
2001 1176
2006 1179
1997 1186
2023 1213
2039 1209
2040 1212
2001 1175
1996 1186
2023 1214
2039 1208
2040 1213
2001 1174
1995 1186
2023 1215
2022 1214
2041 1213
2001 1173
1994 1186
2023 1216
2021 1214
2041 1214
2042 1213
2001 1172
2000 1173
2002 1173
1994 1185
1993 1186
2024 1216
2021 1213
2042 1212
1999 1173
1994 1184
1993 1187
2024 1217
2021 1212
2042 1211
1998 1173
1994 1183
1993 1184
1993 1188
2024 1218
2020 1212
2022 1212
2042 1210
2043 1211
1997 1173
1993 1183
2024 1219
2019 1212
2041 1210
2044 1211
1997 1172
1997 1174
2025 1219
2019 1213
2045 1211
1997 1171
1996 1172
1997 1175
1996 1174
2025 1220
2019 1214
2018 1213
2045 1210
2046 1211
1996 1171
1998 1171
1997 1176
1998 1175
2025 1221
2017 1213
2045 1209
2047 1211
1995 1171
1999 1171
2025 1222
2024 1221
2026 1221
2016 1213
2044 1209
2047 1210
2047 1212
1994 1171
1999 1170
2024 1222
2026 1222
2016 1212
2047 1209
2048 1210
2047 1213
1994 1172
2026 1223
2015 1212
2049 1210
2046 1213
1994 1173
1993 1172
2026 1224
2014 1212
2049 1209
2045 1213
2026 1225
2025 1224
2014 1213
2013 1212
2045 1214
2026 1226
2013 1213
2013 1211
2044 1214
2026 1227
2025 1226
2013 1214
2012 1211
2044 1215
2025 1227
2027 1227
2024 1226
2013 1215
2012 1214
2044 1216
2024 1227
2028 1227
2013 1216
2011 1214
2043 1216
2024 1228
2028 1228
2029 1227
2010 1214
2042 1216
2023 1228
2028 1229
2029 1226
2030 1227
2010 1213
2010 1215
2028 1230
2030 1226
2010 1212
2010 1216
2031 1226
2010 1211
2010 1217
2011 1216
2032 1226
2010 1210
2009 1217
2011 1217
2032 1225
2009 1210
2009 1218
2008 1217
2012 1217
2032 1224
2033 1225
2008 1210
2008 1218
2012 1218
2032 1223
2031 1224
2034 1225
2008 1209
2007 1210
2008 1219
2007 1218
2012 1219
2032 1222
2034 1226
2008 1208
2006 1210
2008 1220
2006 1218
2012 1220
2011 1219
2013 1219
2033 1222
2034 1227
2007 1208
2006 1211
2005 1210
2008 1221
2006 1217
2005 1218
2012 1221
2014 1219
2033 1221
2034 1222
2034 1228
2007 1207
2005 1209
2004 1210
2007 1221
2006 1216
2005 1219
2012 1222
2014 1218
2014 1220
2015 1219
2033 1220
2034 1223
2035 1222
2034 1229
2035 1228
2006 1207
2003 1210
2007 1216
2004 1219
2016 1219
2033 1219
2036 1222
2034 1230
2036 1228
2005 1207
2003 1211
2003 1219
2037 1222
2033 1230
2036 1227
2037 1228
2005 1206
2003 1212
2002 1219
2038 1222
2037 1229
2038 1228
2004 1206
2003 1213
2002 1220
2038 1223
2039 1222
2037 1230
2039 1228
2003 1206
2002 1213
2001 1220
2040 1222
2037 1231
2040 1228
2002 1206
2001 1213
2001 1221
2000 1220
2041 1222
2038 1231
2040 1229
2002 1205
2001 1212
2000 1221
2000 1219
2038 1232
2002 1204
2001 1205
2001 1211
2000 1222
1999 1221
1999 1219
2038 1233
2000 1205
2001 1210
2000 1223
2039 1233
2000 1204
1999 1205
2000 1224
2039 1234
1999 1204
2000 1225
2040 1234
1999 1203
2000 1226
2041 1234
1999 1226
2001 1226
2041 1235
2042 1234
1998 1226
2001 1227
2042 1233
2043 1234
1997 1226
2002 1227
2042 1232
2043 1233
1997 1225
2002 1228
2042 1231
2041 1232
2044 1233
1997 1224
1997 1223
1996 1224
1997 1222
1995 1224
1997 1221
1995 1223
1997 1220
1994 1223
1998 1220
1993 1223
1993 1222
1993 1224
1992 1222
1993 1225
1992 1221
1991 1222
1993 1226
1994 1225
1990 1222
1993 1227
1990 1221
1990 1223
1993 1228
1989 1221
1989 1220
1989 1219
1989 1218
1989 1217
1988 1218
1990 1217
1987 1218
1990 1216
1991 1217
1987 1217
1991 1216
1992 1217
1987 1216
1986 1217
1992 1216
1993 1217
1987 1215
1986 1216
1988 1216
1985 1217
1993 1218
1986 1215
1985 1218
1985 1215
1984 1218
1984 1215
1984 1219
1983 1218
1983 1215
1983 1219
1983 1214
1982 1219
1982 1214
1981 1219
1981 1214
1980 1219
1981 1213
1981 1215
1980 1218
1980 1220
1980 1217
1979 1218
1979 1220
1981 1217
1979 1221
1978 1220
1982 1217
1977 1220
1977 1221
1976 1220
1977 1222
1976 1219
1976 1222
1976 1218
1976 1223
1975 1222
1975 1218
1976 1224
1975 1223
1975 1221
1974 1222
1974 1218
1975 1224
1977 1224
1974 1223
1973 1222
1974 1217
1977 1225
1973 1221
1973 1217
1977 1226
1973 1216
1977 1227
1972 1216
1976 1227
1971 1216
1976 1228
1971 1215
1975 1228
1971 1214
1975 1229
1970 1214
1975 1230
1969 1214
1975 1231
1974 1230
1969 1213
1968 1214
1973 1230
1969 1212
1967 1214
1972 1230
1970 1212
1967 1215
1971 1230
1970 1211
1971 1212
1967 1216
1971 1229
1971 1231
1970 1210
1972 1212
1967 1217
1970 1229
1970 1209
1972 1213
1967 1218
1969 1229
1969 1209
1973 1213
1966 1218
1968 1218
1969 1228
1969 1230
1969 1208
1966 1219
1965 1218
1968 1219
1968 1228
1969 1207
1965 1217
1964 1218
1968 1220
1969 1206
1968 1207
1964 1217
1963 1218
1969 1220
1969 1205
1968 1206
1967 1207
1964 1216
1963 1217
1962 1218
1969 1221
1970 1205
1967 1206
1967 1208
1964 1215
1962 1217
1969 1222
1970 1204
1971 1205
1966 1208
1964 1214
1972 1205
1964 1213
1972 1204
1972 1206
1973 1205
1963 1213
1965 1213
1972 1203
1972 1207
1974 1205
1963 1212
1962 1213
1972 1202
1974 1204
1975 1205
1962 1212
1962 1214
1972 1201
1971 1202
1973 1202
1974 1203
1975 1206
1976 1205
1962 1215
1972 1200
1975 1207
1977 1205
1961 1215
1972 1199
1973 1200
1977 1204
1960 1215
1972 1198
1971 1199
1974 1200
1978 1204
1959 1215
1973 1198
1970 1199
1974 1199
1975 1200
1979 1204
1958 1215
1969 1199
1975 1201
1976 1200
1957 1215
1968 1199
1975 1202
1976 1201
1957 1214
1957 1216
1968 1198
1967 1199
1977 1201
1957 1213
1957 1217
1956 1216
1967 1198
1978 1201
1956 1213
1958 1213
1957 1218
1955 1216
1967 1197
1978 1200
1979 1201
1956 1212
1955 1213
1958 1212
1957 1219
1958 1218
1967 1196
1978 1199
1980 1201
1956 1211
1954 1213
1958 1211
1957 1220
1958 1219
1966 1196
1968 1196
1978 1198
1977 1199
1980 1202
1981 1201
1954 1212
1954 1214
1958 1210
1959 1211
1956 1220
1958 1220
1966 1195
1965 1196
1969 1196
1978 1197
1977 1198
1980 1203
1981 1200
1954 1211
1953 1212
1960 1211
1959 1220
1966 1194
1964 1196
1970 1196
1978 1196
1981 1203
1981 1199
1954 1210
1953 1211
1952 1212
1961 1211
1966 1193
1965 1194
1963 1196
1970 1195
1971 1196
1979 1196
1981 1204
1982 1203
1981 1198
1952 1213
1951 1212
1965 1193
1963 1197
1962 1196
1970 1194
1972 1196
1979 1195
1981 1205
1982 1204
1981 1197
1952 1214
1951 1211
1965 1192
1964 1193
1963 1198
1970 1193
1969 1194
1973 1196
1979 1194
1981 1206
1952 1215
1951 1210
1964 1192
1962 1198
1968 1194
1973 1195
1974 1196
1979 1193
1982 1206
1951 1215
1951 1209
1964 1191
1963 1192
1962 1199
1961 1198
1979 1192
1978 1193
1982 1207
1951 1216
1950 1209
1952 1209
1962 1192
1962 1200
1978 1192
1980 1192
1977 1193
1950 1216
1950 1208
1952 1208
1953 1209
1962 1193
1961 1192
1961 1200
1977 1192
1981 1192
1976 1193
1950 1217
1949 1216
1950 1207
1953 1208
1962 1194
1961 1191
1960 1192
1961 1201
1960 1200
1976 1192
1982 1192
1975 1193
1949 1215
1948 1216
1949 1207
1960 1191
1961 1202
1960 1199
1974 1193
1948 1217
1949 1206
1948 1207
1960 1190
1961 1203
1959 1199
1973 1193
1948 1218
1948 1208
1947 1207
1959 1190
1959 1198
1947 1218
1949 1218
1946 1207
1958 1190
1946 1218
1949 1219
1946 1206
1945 1207
1958 1191
1957 1190
1945 1218
1949 1220
1946 1205
1945 1208
1956 1190
1949 1221
1945 1209
1944 1208
1956 1189
1955 1190
1950 1221
1944 1209
1943 1208
1956 1188
1950 1222
1943 1207
1942 1208
1957 1188
1950 1223
1951 1222
1941 1208
1957 1187
1950 1224
1952 1222
1940 1208
1957 1186
1949 1224
1952 1221
1952 1223
1940 1207
1940 1209
1939 1208
1956 1186
1958 1186
1949 1225
1952 1220
1953 1221
1939 1207
1940 1210
1955 1186
1948 1225
1952 1219
1953 1220
1954 1221
1938 1207
1939 1210
1955 1187
1954 1186
1948 1226
1952 1218
1938 1206
1939 1211
1954 1185
1953 1186
1947 1226
1952 1217
1938 1205
1937 1206
1938 1211
1954 1184
1952 1186
1947 1227
1946 1226
1938 1204
1939 1205
1937 1211
1954 1183
1953 1184
1955 1184
1951 1186
1947 1228
1945 1226
1938 1203
1937 1204
1936 1211
1953 1183
1952 1184
1947 1229
1945 1225
1945 1227
1937 1203
1936 1204
1936 1210
1935 1211
1951 1184
1946 1229
1948 1229
1944 1227
1937 1202
1935 1204
1935 1210
1934 1211
1951 1183
1950 1184
1946 1230
1949 1229
1944 1228
1936 1202
1934 1204
1933 1211
1951 1182
1946 1231
1950 1229
1943 1228
1936 1201
1935 1202
1933 1204
1932 1211
1951 1181
1950 1182
1946 1232
1945 1231
1951 1229
1942 1228
1936 1200
1932 1210
1950 1181
1952 1181
1951 1228
1951 1230
1942 1229
1935 1200
1937 1200
1952 1180
1951 1227
1952 1228
1951 1231
1952 1230
1942 1230
1935 1199
1952 1179
1953 1180
1951 1226
1950 1227
1953 1228
1951 1232
1942 1231
1941 1230
1953 1179
1949 1227
1954 1228
1950 1232
1952 1232
1941 1231
1943 1231
1940 1230
1953 1178
1954 1179
1954 1227
1954 1229
1955 1228
1953 1232
1943 1232
1940 1229
1939 1230
1953 1177
1955 1179
1955 1227
1953 1231
1943 1233
1939 1229
1953 1176
1955 1180
1956 1179
1955 1226
1956 1227
1954 1231
1944 1233
1938 1229
1952 1176
1954 1176
1957 1227
1944 1234
1945 1233
1938 1228
1937 1229
1951 1176
1954 1175
1955 1176
1958 1227
1944 1235
1945 1234
1937 1230
1936 1229
1951 1175
1950 1176
1954 1174
1955 1175
1956 1176
1959 1227
1944 1236
1945 1235
1937 1231
1936 1230
1951 1174
1949 1176
1955 1174
1957 1176
1960 1227
1944 1237
1946 1235
1937 1232
1938 1231
1935 1230
1951 1173
1949 1175
1948 1176
1958 1176
1943 1237
1945 1237
1936 1232
1935 1231
1934 1230
1952 1173
1949 1174
1948 1175
1958 1175
1959 1176
1942 1237
1946 1237
1935 1232
1934 1229
1952 1172
1949 1173
1947 1175
1958 1174
1959 1177
1942 1236
1941 1237
1946 1238
1947 1237
1934 1232
1952 1171
1953 1172
1958 1173
1960 1177
1941 1238
1940 1237
1948 1237
1934 1233
1953 1171
1958 1172
1940 1238
1939 1237
1949 1237
1954 1171
1959 1172
1939 1236
1949 1238
1950 1237
1954 1170
1955 1171
1960 1172
1938 1236
1950 1238
1954 1169
1955 1170
1960 1171
1961 1172
1937 1236
1950 1239
1951 1238
1956 1170
1961 1173
1962 1172
1937 1235
1936 1236
1950 1240
1952 1238
1963 1172
1936 1235
1936 1237
1935 1236
1950 1241
1953 1238
1963 1171
1936 1238
1934 1236
1949 1241
1954 1238
1963 1170
1964 1171
1937 1238
1934 1237
1949 1242
1955 1238
1962 1170
1934 1238
1948 1242
1956 1238
1962 1169
1934 1239
1947 1242
1957 1238
1962 1168
1933 1239
1947 1243
1957 1239
1958 1238
1962 1167
1963 1168
1932 1239
1947 1244
1958 1239
1958 1237
1962 1166
1961 1167
1964 1168
1932 1238
1932 1240
1947 1245
1948 1244
1959 1239
1962 1165
1960 1167
1932 1237
1931 1238
1946 1245
1948 1245
1960 1239
1961 1165
1963 1165
1960 1168
1959 1167
1930 1238
1945 1245
1960 1240
1961 1239
1963 1164
1960 1169
1959 1166
1958 1167
1930 1237
1929 1238
1945 1244
1945 1246
1962 1239
1964 1164
1959 1169
1957 1167
1929 1239
1944 1244
1945 1247
1944 1246
1962 1240
1963 1239
1964 1163
1958 1169
1957 1166
1957 1168
1956 1167
1929 1240
1943 1244
1944 1247
1962 1241
1965 1163
1957 1165
1928 1240
1943 1245
1942 1244
1943 1247
1961 1241
1963 1241
1956 1165
1928 1241
1927 1240
1942 1245
1943 1248
1961 1242
1955 1165
1927 1239
1926 1240
1942 1246
1941 1245
1943 1249
1942 1248
1961 1243
1954 1165
1925 1240
1943 1250
1942 1249
1944 1249
1941 1248
1961 1244
1954 1166
1944 1250
1945 1249
1941 1247
1961 1245
1962 1244
1954 1167
1946 1249
1940 1247
1961 1246
1960 1245
1953 1167
1946 1250
1947 1249
1939 1247
1962 1246
1952 1167
1947 1248
1948 1249
1939 1246
1952 1166
1948 1250
1949 1249
1938 1246
1952 1165
1949 1250
1950 1249
1937 1246
1951 1165
1951 1249
1936 1246
1951 1164
1952 1249
1936 1245
1935 1246
1950 1164
1952 1248
1953 1249
1935 1245
1934 1246
1950 1163
1952 1247
1953 1250
1954 1249
1934 1245
1933 1246
1949 1163
1951 1247
1953 1247
1954 1250
1954 1248
1955 1249
1934 1244
1933 1245
1933 1247
1932 1246
1949 1162
1954 1251
1934 1243
1933 1248
1949 1161
1954 1252
1934 1242
1934 1248
1950 1161
1954 1253
1953 1252
1955 1252
1935 1242
1934 1249
1935 1248
1950 1160
1951 1161
1954 1254
1952 1252
1956 1252
1936 1242
1934 1250
1950 1159
1953 1254
1952 1253
1956 1251
1956 1253
1937 1242
1934 1251
1949 1159
1951 1159
1953 1255
1956 1254
1937 1241
1934 1252
1948 1159
1952 1159
1953 1256
1956 1255
1937 1240
1933 1252
1935 1252
1947 1159
1952 1158
1953 1159
1953 1257
1957 1255
1936 1240
1933 1253
1932 1252
1946 1159
1952 1157
1953 1158
1952 1257
1958 1255
1932 1253
1932 1251
1946 1160
1945 1159
1951 1157
1952 1258
1951 1257
1959 1255
1932 1254
1931 1253
1931 1251
1946 1161
1944 1159
1951 1156
1952 1259
1959 1254
1959 1256
1932 1255
1931 1254
1930 1251
1946 1162
1945 1161
1944 1158
1944 1160
1951 1155
1952 1260
1959 1253
1959 1257
1960 1256
1931 1255
1933 1255
1930 1254
1930 1250
1930 1252
1945 1162
1947 1162
1944 1161
1943 1158
1943 1160
1952 1261
1951 1260
1959 1252
1959 1258
1961 1256
1931 1256
1930 1255
1929 1254
1929 1252
1945 1163
1942 1158
1953 1261
1950 1260
1959 1251
1960 1252
1959 1259
1931 1257
1930 1256
1929 1255
1945 1164
1944 1163
1941 1158
1953 1262
1954 1261
1961 1252
1959 1260
1930 1257
1932 1257
1928 1255
1946 1164
1943 1163
1940 1158
1953 1263
1954 1262
1955 1261
1962 1252
2257 1486
1929 1257
1932 1258
1933 1257
1928 1256
1947 1164
1943 1162
1939 1158
1955 1262
1956 1261
1962 1253
1963 1252
2256 1487
1929 1258
1932 1259
1933 1258
1934 1257
1947 1165
1948 1164
1942 1162
1939 1157
1955 1263
1956 1260
1957 1261
1963 1251
2252 1494
1929 1259
1928 1258
1932 1260
1933 1259
1935 1257
1939 1156
1955 1264
1956 1263
1963 1250
1964 1251
2257 1487
2256 1492
1928 1259
1927 1258
1932 1261
1931 1260
1936 1257
1938 1156
1955 1265
1962 1250
1964 1250
2258 1490
2258 1488
1926 1258
1932 1262
1936 1256
1937 1156
1956 1265
1961 1250
2252 1493
1926 1257
1925 1258
1932 1263
1937 1256
1937 1155
1936 1156
1956 1266
2255 1492
1924 1258
1932 1264
1938 1256
1936 1155
1935 1156
2257 1488
1924 1257
1924 1259
1932 1265
1938 1257
1939 1256
1936 1154
1935 1155
2257 1490
1924 1256
1923 1257
1924 1260
1932 1266
1940 1256
1936 1153
1935 1154
2255 1491
2253 1493
1924 1255
1922 1257
1931 1266
1933 1266
1941 1256
1936 1152
2253 1492
2257 1489
1923 1255
1921 1257
1930 1266
1933 1267
1941 1257
1942 1256
1936 1151
2252 1491
1923 1254
1920 1257
1930 1267
1933 1268
1942 1257
1942 1255
1936 1150
1935 1151
2256 1489
2255 1490
1923 1253
1920 1258
1919 1257
1929 1267
1932 1268
1943 1257
1936 1149
1937 1150
1934 1151
2255 1489
2253 1491
1922 1253
1924 1253
1920 1259
1919 1256
1918 1257
1928 1267
1932 1269
1936 1148
1937 1149
1938 1150
2253 1488
2243 1485
1922 1252
1925 1253
1920 1260
1921 1259
1919 1255
1918 1256
1918 1258
1917 1257
1928 1266
1928 1268
1935 1148
1937 1148
1939 1150
2253 1490
2254 1489
1921 1252
1920 1261
1919 1254
1918 1255
1920 1255
1927 1268
1935 1147
1939 1149
2243 1484
2244 1483
2253 1489
1920 1262
1919 1253
1917 1255
1926 1268
1934 1147
1939 1148
2245 1484
2252 1489
2244 1484
2251 1489
1919 1262
1925 1268
1934 1146
1933 1147
1939 1147
2247 1486
2251 1488
2246 1484
2246 1485
1919 1263
1933 1146
1932 1147
1939 1146
1940 1147
2252 1486
2251 1487
2250 1488
2247 1485
1919 1264
1918 1263
1933 1145
1939 1145
1938 1146
1940 1146
2248 1481
2251 1486
2249 1486
2250 1487
2248 1485
2247 1482
1919 1265
1933 1144
1939 1144
2248 1482
2251 1485
2250 1486
2250 1479
2248 1484
1919 1266
1933 1143
1934 1144
1939 1143
2250 1484
2250 1480
2248 1483
2250 1485
2249 1483
1919 1267
1933 1142
1932 1143
1935 1144
1939 1142
2250 1482
2252 1484
2250 1483
2250 1481
2252 1483
1919 1268
1934 1142
1931 1143
1935 1145
2253 1479
2254 1482
2253 1482
2252 1482
2251 1482
2254 1481
2252 1478
1918 1268
1920 1268
1931 1142
1930 1143
2252 1477
2252 1475
2253 1478
2244 1435
1917 1268
1931 1141
1930 1144
1929 1143
2254 1480
2253 1477
2255 1481
2255 1480
2245 1435
2252 1476
1917 1267
1916 1268
1931 1140
1930 1145
1929 1144
1928 1143
2262 1468
2245 1436
2253 1476
2254 1476
2256 1478
2255 1479
1916 1269
1915 1268
1931 1139
1929 1145
1928 1144
1928 1142
1927 1143
2259 1470
2246 1436
2250 1436
2257 1472
2256 1479
2262 1469
1914 1268
1931 1138
1929 1146
1928 1141
1926 1143
2250 1437
2255 1476
2257 1478
2262 1470
2260 1470
2246 1437
1913 1268
1931 1137
1929 1147
2257 1477
2256 1474
2257 1473
2257 1479
2256 1476
1913 1267
1913 1269
1930 1137
1929 1148
1928 1147
2246 1438
2249 1437
2245 1439
1912 1267
1912 1269
1930 1136
1930 1148
1927 1147
2258 1479
2261 1470
2257 1476
2257 1474
1912 1270
1911 1269
1930 1135
1927 1146
2246 1439
2248 1437
2260 1472
2261 1471
1912 1271
1911 1270
1910 1269
1930 1134
1929 1135
2259 1479
2248 1438
2257 1475
1912 1272
1913 1271
1910 1268
1930 1133
1928 1135
2261 1472
2247 1439
2258 1475
2260 1479
2260 1473
1912 1273
1914 1271
1910 1267
1930 1132
1931 1133
2261 1473
2248 1439
2249 1439
2259 1475
2260 1478
1911 1273
1914 1270
1915 1271
1910 1266
1930 1131
1929 1132
1932 1133
2259 1476
2260 1477
2261 1474
2262 1473
2260 1476
2261 1475
2263 1473
2250 1439
1910 1273
1915 1272
1909 1266
1930 1130
1929 1131
1931 1131
1928 1132
1933 1133
2250 1440
2251 1442
2261 1476
2262 1477
2263 1474
1910 1274
1915 1273
1909 1265
1930 1129
1927 1132
1933 1134
1934 1133
2263 1475
2250 1441
2263 1476
2251 1441
2262 1476
1910 1275
1915 1274
1916 1273
1908 1265
1930 1128
1929 1129
1926 1132
1933 1135
1934 1134
1935 1133
2252 1441
2252 1439
2264 1477
2265 1476
2252 1440
2264 1478
2264 1476
1910 1276
1914 1274
1917 1273
1907 1265
1930 1127
1931 1128
1928 1129
1925 1132
1932 1135
2253 1440
2254 1441
2269 1478
2266 1477
2254 1440
2270 1478
2265 1477
1909 1276
1918 1273
1907 1266
1930 1126
1929 1127
1932 1128
1928 1128
1928 1130
1925 1131
1925 1133
1924 1132
2256 1439
2270 1477
2268 1477
2256 1440
2257 1439
2269 1477
2267 1477
2255 1440
1908 1276
1918 1272
1919 1273
1907 1267
1930 1125
1932 1129
1927 1128
1925 1130
1924 1131
1925 1134
1924 1133
2258 1439
2257 1441
2268 1475
2258 1440
2268 1476
2256 1441
2257 1440
2259 1440
1908 1275
1908 1277
1919 1274
1906 1267
1931 1125
1932 1130
1933 1129
1926 1128
1923 1131
2269 1473
2268 1474
2260 1443
2258 1441
2266 1473
2269 1474
1908 1274
1908 1278
1906 1268
1905 1267
1931 1124
1932 1125
1934 1129
1925 1128
1922 1131
2267 1472
2268 1473
2261 1445
2260 1444
2259 1443
2258 1442
2266 1472
1907 1274
1909 1278
1905 1268
1905 1266
1932 1126
1933 1125
1934 1130
1935 1129
1925 1127
1921 1131
2260 1445
2258 1443
2265 1470
2266 1471
2269 1472
1904 1268
1904 1266
1934 1125
1936 1129
1925 1126
1921 1132
1920 1131
2267 1470
2268 1471
2260 1446
2258 1444
2266 1470
2265 1469
2269 1471
2268 1472
1903 1268
1903 1266
1934 1124
1934 1126
1937 1129
1921 1133
1920 1130
2269 1469
2268 1470
2259 1446
2256 1445
2257 1444
2265 1468
1903 1269
1935 1124
1935 1126
1938 1129
1919 1130
2266 1467
2268 1469
2258 1446
2257 1445
2265 1467
1902 1269
1935 1123
1936 1126
1939 1129
1919 1129
1918 1130
2257 1447
2267 1467
2268 1468
2257 1446
1901 1269
1935 1122
1936 1125
1937 1126
1939 1128
1939 1130
1919 1128
2271 1465
2268 1466
2257 1448
2271 1464
2267 1466
2268 1467
1900 1269
1935 1121
1937 1125
1939 1127
1940 1128
1940 1130
1918 1128
2270 1465
2269 1466
2258 1448
1900 1270
1935 1120
1940 1127
1940 1131
1941 1130
1918 1127
1917 1128
2260 1448
2269 1465
2268 1456
2259 1448
1900 1271
1935 1119
1941 1131
1917 1129
1916 1128
2268 1458
2261 1448
2269 1464
2268 1457
1900 1272
1934 1119
1936 1119
1941 1132
1915 1128
2268 1463
2268 1459
2261 1449
2268 1464
1900 1273
1933 1119
1937 1119
1941 1133
1914 1128
2267 1461
2268 1462
2268 1460
2261 1450
1899 1273
1933 1118
1933 1120
1937 1118
1937 1120
1940 1133
1913 1128
2263 1450
2268 1461
2262 1454
2261 1451
2263 1449
1898 1273
1933 1117
1933 1121
1937 1121
1940 1134
1913 1127
1913 1129
1912 1128
2269 1461
2270 1462
2262 1453
2262 1451
1897 1273
1933 1116
1940 1135
1939 1134
1913 1126
1913 1130
2263 1452
2270 1461
2262 1452
2263 1451
1896 1273
1933 1115
1941 1135
1938 1134
1912 1126
1913 1131
1912 1130
2264 1452
2270 1460
2270 1458
1896 1274
1895 1273
1932 1115
1942 1135
1912 1125
1913 1132
1914 1131
1911 1130
2266 1451
2270 1459
1896 1275
1895 1272
1931 1115
1942 1136
1912 1124
1913 1133
1910 1130
2271 1459
2272 1460
2265 1452
2266 1453
1897 1275
1895 1271
1894 1272
1931 1114
1930 1115
1942 1137
1912 1123
1913 1134
1912 1133
1910 1129
1909 1130
2272 1458
2267 1452
2272 1459
2266 1452
1897 1276
1893 1272
1931 1113
1930 1116
1929 1115
1943 1137
1913 1135
1912 1134
1910 1128
1908 1130
2271 1456
2272 1457
2268 1452
2271 1457
1897 1277
1892 1272
1931 1112
1932 1113
1930 1117
1913 1136
1914 1135
1911 1134
1910 1127
1908 1129
1908 1131
2269 1453
2273 1455
2272 1456
2269 1452
2274 1455
1897 1278
1896 1277
1892 1271
1891 1272
1932 1112
1933 1113
1913 1137
1915 1135
1910 1126
1909 1127
1911 1127
1907 1129
1907 1131
2275 1453
2271 1453
2272 1454
2270 1453
2271 1452
2272 1455
1897 1279
1892 1270
1890 1272
1932 1111
1934 1113
1912 1137
1916 1135
1909 1126
1907 1128
1906 1129
1907 1132
1906 1131
2273 1451
2273 1452
2273 1453
2274 1453
2272 1453
1896 1279
1898 1279
1892 1269
1890 1271
1889 1272
1932 1110
1933 1111
1916 1136
1909 1125
1906 1128
1907 1133
1905 1131
2270 1443
2271 1448
2272 1449
2270 1442
2272 1450
2273 1450
2274 1450
1895 1279
1898 1280
1899 1279
1892 1268
1890 1270
1889 1271
1889 1273
1888 1272
1932 1109
1934 1111
1916 1137
1909 1124
1905 1128
1905 1132
2273 1447
2271 1444
2272 1447
2273 1448
2270 1444
2271 1443
2272 1448
1894 1279
1900 1279
1892 1267
1889 1274
1887 1272
1932 1108
1931 1109
1935 1111
1909 1123
1908 1124
1910 1124
1905 1127
1904 1128
2274 1446
2272 1445
2273 1446
2271 1445
2272 1446
2272 1444
1894 1280
1901 1279
1891 1267
1893 1267
1889 1275
1886 1272
1932 1107
1936 1111
1909 1122
1904 1127
1903 1128
2278 1449
2274 1444
2280 1448
2274 1445
2273 1445
1894 1281
1901 1278
1902 1279
1894 1267
1886 1271
1932 1106
1931 1107
1909 1121
1903 1129
1902 1128
2273 1438
2274 1443
2279 1448
1894 1282
1893 1281
1902 1278
1895 1267
1886 1270
1885 1271
1932 1105
1933 1106
1903 1130
1902 1127
1901 1128
2275 1437
2275 1443
2278 1448
1893 1282
1895 1266
1886 1269
1884 1271
1932 1104
1900 1128
2279 1446
2278 1447
2276 1438
2274 1438
1892 1282
1895 1265
1886 1268
1885 1269
1887 1269
1884 1270
1933 1104
1899 1128
2278 1446
2275 1438
2276 1443
1895 1264
1886 1267
1885 1268
1888 1269
1883 1270
1934 1104
1899 1127
1899 1129
1898 1128
2278 1443
2275 1439
2276 1444
2277 1445
1887 1267
1884 1268
1882 1270
1934 1105
1935 1104
1899 1126
1899 1130
1897 1128
2278 1445
1883 1268
1881 1270
1936 1104
1899 1125
1899 1131
1897 1129
1883 1267
1880 1270
1936 1103
1898 1125
1896 1129
1883 1266
1879 1270
1937 1103
1898 1124
1895 1129
1882 1266
1938 1103
1898 1123
1895 1130
1881 1266
1939 1103
1897 1123
1894 1130
1880 1266
1939 1102
1939 1104
1897 1122
1894 1131
1893 1130
1880 1265
1880 1267
1879 1266
1939 1101
1940 1102
1940 1104
1897 1121
1893 1129
1892 1130
1880 1264
1879 1265
1878 1266
1939 1100
1897 1120
1896 1121
1898 1121
1893 1128
1892 1129
1880 1263
1878 1267
1877 1266
1939 1099
1896 1120
1898 1120
1893 1127
1892 1128
1878 1268
1877 1267
1939 1098
1940 1099
1898 1119
1892 1127
1894 1127
1891 1128
1877 1268
1876 1267
1939 1097
1898 1118
1890 1128
1875 1267
1938 1097
1940 1097
1898 1117
1897 1118
1890 1127
1890 1129
1875 1268
1938 1096
1941 1097
1898 1116
1897 1117
1890 1126
1889 1127
1889 1129
1875 1269
1874 1268
1938 1095
1942 1097
1899 1116
1896 1117
1890 1125
1889 1130
1888 1129
1876 1269
1873 1268
1937 1095
1939 1095
1942 1096
1943 1097
1900 1116
1895 1117
1890 1124
1891 1125
1887 1129
1876 1270
1873 1267
1872 1268
1940 1095
1944 1097
1901 1116
1895 1118
1890 1123
1892 1125
1887 1128
1887 1130
1876 1271
1873 1266
1871 1268
1944 1098
1945 1097
1901 1115
1901 1117
1902 1116
1894 1118
1890 1122
1889 1123
1893 1125
1886 1128
1887 1131
1876 1272
1872 1266
1871 1267
1945 1098
1945 1096
1890 1121
1893 1124
1886 1127
1887 1132
1886 1131
1875 1272
1877 1272
1872 1265
1871 1266
1870 1267
1945 1095
1946 1096
1893 1123
1886 1126
1887 1133
1877 1273
1870 1266
1945 1094
1892 1123
1886 1125
1886 1133
1888 1133
1877 1274
1878 1273
1870 1265
1945 1093
1892 1122
1886 1124
1885 1125
1889 1133
1877 1275
1878 1274
1870 1264
1869 1265
1946 1093
1886 1123
1887 1124
1889 1132
1889 1134
1877 1276
1946 1092
1886 1122
1887 1123
1889 1135
1877 1277
1878 1276
1947 1092
1886 1121
1876 1277
1948 1092
1886 1120
1885 1121
1876 1278
1875 1277
1949 1092
1886 1119
1887 1120
1884 1121
1876 1279
1875 1276
1950 1092
1888 1120
1884 1122
1876 1280
1877 1279
1951 1092
1888 1119
1889 1120
1884 1123
1883 1122
1876 1281
1875 1280
1877 1280
1952 1092
1888 1118
1876 1282
1874 1280
1878 1280
1952 1091
1952 1093
1888 1117
1876 1283
1873 1280
1879 1280
1952 1090
1953 1093
1887 1117
1889 1117
1876 1284
1875 1283
1877 1283
1879 1281
1880 1280
1951 1090
1953 1090
1953 1094
1954 1093
1886 1117
1889 1116
1876 1285
1877 1284
1874 1283
1878 1283
1881 1280
1951 1089
1953 1095
1954 1094
1955 1093
1886 1116
1885 1117
1889 1115
1876 1286
1879 1283
1881 1279
1882 1280
1951 1088
1955 1092
1885 1116
1884 1117
1889 1114
1890 1115
1876 1287
1882 1279
1951 1087
1952 1088
1955 1091
1883 1117
1889 1113
1890 1114
1876 1288
1877 1287
1882 1278
1950 1087
1953 1088
1955 1090
1883 1118
1889 1112
1888 1113
1876 1289
1875 1288
1882 1277
1949 1087
1953 1087
1956 1090
1890 1112
1876 1290
1877 1289
1882 1276
1954 1087
1957 1090
1890 1111
1876 1291
1877 1290
1882 1275
1881 1276
1954 1086
1958 1090
1890 1110
1876 1292
1882 1274
1880 1276
1954 1085
1958 1089
1958 1091
1890 1109
1889 1110
1891 1110
1876 1293
1875 1292
1877 1292
1953 1085
1958 1088
1959 1089
1958 1092
1889 1109
1891 1109
1877 1293
1874 1292
1952 1085
1958 1087
1958 1093
1959 1092
1889 1108
1888 1109
1892 1109
1877 1294
1874 1293
1952 1084
1951 1085
1957 1087
1959 1087
1958 1094
1887 1109
1892 1108
1877 1295
1878 1294
1873 1293
1952 1083
1950 1085
1959 1086
1958 1095
1886 1109
1892 1107
1879 1294
1873 1294
1872 1293
1953 1083
1949 1085
1958 1096
1886 1108
1892 1106
1891 1107
1893 1107
1880 1294
1873 1295
1872 1294
1953 1082
1958 1097
1886 1107
1894 1107
1881 1294
1871 1294
1954 1082
1957 1097
1959 1097
1886 1106
1885 1107
1887 1107
1894 1106
1881 1293
1955 1082
1956 1097
1959 1098
1887 1106
1884 1107
1895 1106
1882 1293
1955 1081
1955 1083
1956 1096
1959 1099
1888 1106
1884 1106
1884 1108
1883 1107
1896 1106
1882 1292
1883 1293
1955 1080
1955 1096
1959 1100
1960 1099
1888 1105
1882 1107
1896 1105
1897 1106
1883 1292
1884 1293
1955 1079
1954 1080
1956 1080
1958 1100
1888 1104
1882 1106
1882 1108
1898 1106
1883 1291
1884 1294
1954 1079
1953 1080
1957 1080
1957 1100
1887 1104
1882 1105
1881 1108
1883 1290
1885 1294
1957 1081
1958 1080
1957 1099
1957 1101
1887 1103
1886 1104
1880 1108
1884 1290
1886 1294
1958 1081
1958 1079
1956 1099
1957 1102
1887 1102
1879 1108
1884 1289
1887 1294
1958 1078
1955 1099
1956 1102
1958 1102
1886 1102
1888 1102
1879 1107
1879 1109
1878 1108
1884 1288
1887 1295
1958 1077
1959 1078
1955 1098
1954 1099
1959 1102
1885 1102
1889 1102
1877 1108
1884 1287
1887 1296
1958 1076
1960 1078
1954 1100
1959 1103
1884 1102
1889 1101
1890 1102
1877 1107
1876 1108
1885 1287
1887 1297
1888 1296
1960 1079
1954 1101
1959 1104
1884 1103
1889 1100
1877 1106
1885 1286
1887 1298
1889 1296
1961 1079
1954 1102
1958 1104
1883 1103
1889 1099
1876 1106
1885 1285
1886 1286
1887 1299
1886 1298
1962 1079
1953 1102
1958 1105
1875 1106
1884 1285
1887 1286
1886 1299
1885 1298
1962 1080
1963 1079
1953 1103
1958 1106
1875 1107
1883 1285
1887 1285
1887 1287
1886 1300
1884 1298
1964 1079
1953 1104
1874 1107
1883 1284
1886 1301
1884 1297
1883 1298
1964 1078
1964 1080
1954 1104
1873 1107
1886 1302
1885 1301
1964 1077
1965 1078
1965 1080
1954 1105
1872 1107
1886 1303
1887 1302
1884 1301
1964 1076
1963 1077
1966 1080
1954 1106
1872 1108
1871 1107
1886 1304
1885 1303
1887 1303
1884 1302
1883 1301
1964 1075
1966 1079
1954 1107
1870 1107
1884 1303
1888 1303
1883 1300
1882 1301
1963 1075
1967 1079
1954 1108
1870 1108
1889 1303
1882 1300
1962 1075
1968 1079
1954 1109
1953 1108
1870 1109
1869 1108
1890 1303
1962 1074
1962 1076
1969 1079
1954 1110
1953 1109
1871 1109
1868 1108
1891 1303
1962 1073
1969 1080
1970 1079
1954 1111
1871 1110
1867 1108
1891 1304
1892 1303
1962 1072
1971 1079
1954 1112
1953 1111
1867 1107
1867 1109
1891 1305
1892 1302
1893 1303
1961 1072
1971 1080
1972 1079
1954 1113
1955 1112
1952 1111
1867 1106
1867 1110
1866 1109
1891 1306
1893 1302
1893 1304
1894 1303
1961 1071
1971 1081
1954 1114
1952 1112
1866 1106
1868 1106
1868 1110
1865 1109
1890 1306
1894 1302
1894 1304
1961 1070
1960 1071
1971 1082
1954 1115
1951 1112
1869 1106
1868 1111
1869 1110
1864 1109
1890 1307
1889 1306
1895 1302
1961 1069
1959 1071
1970 1082
1954 1116
1869 1105
1868 1112
1869 1111
1863 1109
1890 1308
1895 1301
1896 1302
1961 1068
1959 1072
1958 1071
1970 1083
1969 1082
1954 1117
1868 1113
1867 1112
1870 1111
1862 1109
1890 1309
1896 1301
1897 1302
1961 1067
1962 1068
1957 1071
1970 1084
1868 1114
1870 1112
1862 1110
1861 1109
1890 1310
1889 1309
1897 1301
1898 1302
1960 1067
1963 1068
1957 1072
1970 1085
1971 1084
1868 1115
1871 1112
1861 1110
1861 1108
1890 1311
1889 1310
1891 1310
1888 1309
1899 1302
1959 1067
1963 1067
1964 1068
1969 1085
1972 1084
1868 1116
1860 1110
1861 1107
1889 1311
1888 1308
1887 1309
1900 1302
1958 1067
1963 1066
1964 1067
1965 1068
1969 1086
1972 1083
1972 1085
1867 1116
1861 1106
1889 1312
1886 1309
1900 1303
1901 1302
1958 1068
1957 1067
1965 1067
1965 1069
1969 1087
1973 1083
1972 1086
1866 1116
1861 1105
1860 1106
1889 1313
1888 1312
1957 1068
1957 1066
1965 1066
1966 1067
1965 1070
1966 1069
1969 1088
1973 1086
1865 1116
1861 1104
1860 1105
1862 1105
1859 1106
1889 1314
1887 1312
1957 1069
1956 1066
1965 1065
1967 1067
1964 1070
1969 1089
1968 1088
1970 1088
1974 1086
1864 1116
1860 1104
1889 1315
1887 1313
1955 1066
1965 1064
1964 1065
1967 1068
1970 1089
1967 1088
1971 1088
1975 1086
1864 1117
1863 1116
1860 1103
1889 1316
1888 1315
1890 1315
1886 1313
1955 1067
1964 1064
1966 1064
1970 1090
1967 1089
1966 1088
1972 1088
1975 1085
1863 1117
1862 1116
1859 1103
1888 1316
1890 1316
1885 1313
1955 1068
1967 1064
1971 1090
1967 1090
1973 1088
1976 1085
1862 1117
1858 1103
1887 1316
1891 1316
1884 1313
1955 1069
1954 1068
1968 1064
1967 1091
1973 1089
1974 1088
1861 1117
1857 1103
1892 1316
1884 1312
1884 1314
1883 1313
1953 1068
1969 1064
1967 1092
1975 1088
1860 1117
1857 1102
1857 1104
1856 1103
1892 1317
1884 1315
1882 1313
1953 1069
1952 1068
1969 1063
1967 1093
1966 1092
1968 1092
1975 1089
1976 1088
1860 1116
1860 1118
1856 1102
1857 1105
1892 1318
1893 1317
1885 1315
1882 1314
1953 1070
1952 1067
1970 1063
1975 1090
1859 1116
1860 1119
1856 1101
1857 1106
1856 1105
1892 1319
1886 1315
1952 1070
1952 1066
1970 1062
1975 1091
1976 1090
1859 1115
1858 1116
1859 1119
1861 1119
1856 1100
1857 1107
1891 1319
1893 1319
1951 1070
1952 1065
1953 1066
1970 1061
1971 1062
1977 1090
1857 1116
1859 1120
1858 1119
1862 1119
1856 1099
1856 1107
1891 1320
1893 1320
1894 1319
1950 1070
1951 1065
1970 1060
1969 1061
1972 1062
1977 1089
1977 1091
1978 1090
1857 1117
1859 1121
1863 1119
1855 1099
1857 1099
1856 1108
1891 1321
1890 1320
1893 1321
1894 1320
1895 1319
1949 1070
1950 1065
1971 1060
1968 1061
1973 1062
1979 1090
1856 1117
1863 1120
1864 1119
1854 1099
1857 1098
1858 1099
1856 1109
1891 1322
1889 1320
1895 1320
1895 1318
1949 1071
1948 1070
1950 1064
1968 1060
1968 1062
1974 1062
1979 1091
1980 1090
1855 1117
1863 1121
1854 1098
1857 1097
1858 1098
1857 1109
1889 1319
1895 1317
1947 1070
1949 1064
1968 1059
1975 1062
1980 1091
1981 1090
1854 1117
1863 1122
1856 1097
1859 1098
1888 1319
1895 1316
1947 1071
1948 1064
1967 1059
1975 1061
1975 1063
1976 1062
1982 1090
1854 1116
1854 1118
1863 1123
1859 1097
1896 1316
1946 1071
1967 1058
1966 1059
1975 1064
1976 1063
1982 1091
1983 1090
1854 1115
1854 1119
1853 1118
1863 1124
1862 1123
1864 1123
1859 1096
1860 1097
1896 1315
1897 1316
1946 1072
1967 1057
1966 1058
1966 1060
1977 1063
1983 1091
1983 1089
1984 1090
1854 1114
1853 1115
1855 1115
1854 1120
1852 1118
1863 1125
1865 1123
1859 1095
1858 1096
1860 1096
1897 1317
1945 1072
1966 1057
1968 1057
1965 1058
1978 1063
1984 1091
1984 1089
1854 1121
1853 1120
1852 1117
1852 1119
1851 1118
1863 1126
1865 1122
1859 1094
1858 1095
1861 1096
1898 1317
1945 1073
1969 1057
1964 1058
1978 1064
1984 1092
1984 1088
1985 1089
1854 1122
1853 1121
1855 1121
1852 1120
1852 1116
1850 1118
1863 1127
1865 1121
1866 1122
1858 1094
1862 1096
1899 1317
1945 1074
1944 1073
1970 1057
1964 1059
1963 1058
1978 1065
1984 1093
1984 1087
1854 1123
1856 1121
1851 1120
1851 1116
1849 1118
1863 1128
1867 1122
1857 1094
1862 1095
1862 1097
1899 1316
1945 1075
1943 1073
1971 1057
1962 1058
1978 1066
1977 1065
1984 1094
1983 1087
1985 1087
1854 1124
1850 1120
1851 1115
1850 1116
1848 1118
1864 1128
1867 1123
1868 1122
1857 1093
1862 1094
1863 1095
1863 1097
1899 1315
1945 1076
1946 1075
1943 1072
1971 1056
1971 1058
1962 1059
1961 1058
1978 1067
1984 1095
1985 1094
1983 1086
1982 1087
1986 1087
1854 1125
1853 1124
1851 1114
1847 1118
1868 1123
1868 1121
1857 1092
1856 1093
1862 1093
1864 1095
1900 1315
1947 1075
1943 1071
1972 1058
1962 1060
1961 1057
1978 1068
1986 1094
1983 1085
1986 1086
1986 1088
1854 1126
1853 1125
1855 1125
1852 1124
1847 1117
1847 1119
1846 1118
1869 1123
1869 1121
1857 1091
1855 1093
1862 1092
1861 1093
1865 1095
1901 1315
1948 1075
1943 1070
1944 1071
1962 1061
1961 1056
1978 1069
1979 1068
1987 1094
1983 1084
1854 1127
1853 1126
1856 1125
1851 1124
1847 1116
1846 1117
1846 1119
1857 1090
1854 1093
1865 1094
1865 1096
1866 1095
1901 1314
1901 1316
1948 1076
1949 1075
1962 1062
1961 1061
1961 1055
1962 1056
1978 1070
1980 1068
1987 1093
1987 1095
1988 1094
1983 1083
1853 1127
1856 1126
1857 1125
1851 1123
1850 1124
1846 1116
1848 1116
1845 1117
1845 1119
1857 1089
1854 1092
1853 1093
1865 1097
1867 1095
1901 1317
1948 1077
1960 1055
1962 1055
1978 1071
1977 1070
1980 1067
1987 1092
1988 1095
1989 1094
1982 1083
1857 1124
1858 1125
1850 1125
1845 1116
1844 1119
1857 1088
1856 1089
1854 1091
1853 1094
1852 1093
1868 1095
1902 1317
1948 1078
1947 1077
1960 1054
1979 1071
1980 1066
1981 1067
1988 1092
1990 1094
1858 1124
1850 1126
1844 1116
1858 1088
1853 1091
1868 1096
1869 1095
1903 1317
1948 1079
1949 1078
1980 1065
1988 1091
1859 1124
1850 1127
1851 1126
1844 1115
1858 1087
1853 1090
1852 1091
1868 1097
1869 1094
1903 1316
1948 1080
1949 1079
1950 1078
1989 1091
1860 1124
1850 1128
1844 1114
1859 1087
1853 1089
1851 1091
1869 1097
1869 1093
1903 1315
1951 1078
1989 1090
1990 1091
1860 1125
1851 1128
1844 1113
1860 1087
1853 1088
1851 1090
1851 1092
1870 1097
1868 1093
1904 1315
1951 1079
1989 1089
1990 1090
1990 1092
1860 1126
1851 1129
1860 1086
1861 1087
1853 1087
1851 1089
1850 1090
1871 1097
1867 1093
1904 1314
1905 1315
1988 1089
1991 1090
1991 1092
1859 1126
1851 1130
1860 1085
1862 1087
1853 1086
1849 1090
1871 1098
1905 1314
1906 1315
1991 1089
1992 1092
1859 1127
1850 1130
1862 1086
1849 1089
1849 1091
1848 1090
1872 1098
1907 1315
1993 1092
1849 1130
1862 1085
1849 1092
1872 1099
1873 1098
1907 1316
1908 1315
1993 1091
1994 1092
1849 1131
1862 1084
1849 1093
1873 1099
1873 1097
1907 1317
1908 1316
1908 1314
1909 1315
1994 1091
1994 1093
1849 1132
1861 1084
1863 1084
1874 1097
1906 1317
1909 1316
1908 1313
1910 1315
1994 1090
1995 1091
1994 1094
1848 1132
1850 1132
1863 1083
1864 1084
1875 1097
1906 1318
1909 1317
1910 1314
1911 1315
1994 1089
1995 1090
1996 1091
1994 1095
1847 1132
1850 1133
1863 1082
1864 1083
1875 1098
1876 1097
1906 1319
1905 1318
1909 1318
1910 1313
1911 1314
1912 1315
1993 1089
1997 1091
1993 1095
1995 1095
1847 1131
1847 1133
1850 1134
1863 1081
1865 1083
1877 1097
1906 1320
1905 1319
1910 1318
1910 1312
1911 1313
1913 1315
1997 1090
1998 1091
1995 1096
1996 1095
1846 1131
1847 1134
1846 1133
1850 1135
1849 1134
1863 1080
1866 1083
1905 1320
1904 1319
1911 1312
1912 1313
1914 1315
1997 1089
1998 1090
1998 1092
1846 1134
1845 1133
1863 1079
1867 1083
1905 1321
1911 1311
1913 1313
1999 1090
1846 1135
1844 1133
1863 1078
1867 1082
1905 1322
1911 1310
1912 1311
1913 1312
1999 1089
1846 1136
1843 1133
1863 1077
1868 1082
1905 1323
1911 1309
1910 1310
1914 1312
1999 1088
1843 1134
1842 1133
1864 1077
1905 1324
1906 1323
1910 1309
1915 1312
1998 1088
2000 1088
1843 1135
1842 1134
1842 1132
1864 1076
1905 1325
1904 1324
1906 1324
1910 1308
1915 1311
2000 1087
1844 1135
1841 1134
1842 1131
1864 1075
1904 1325
1907 1324
1915 1310
1916 1311
2000 1086
1841 1135
1842 1130
1864 1074
1863 1075
1865 1075
1903 1325
1907 1325
1914 1310
1916 1310
1999 1086
2001 1086
1841 1136
1840 1135
1842 1129
1841 1130
1843 1130
1863 1074
1862 1075
1866 1075
1903 1326
1902 1325
1907 1326
1908 1325
1914 1309
1913 1310
1916 1309
1917 1310
1998 1086
1841 1137
1839 1135
1840 1130
1844 1130
1866 1074
1903 1327
1902 1324
1901 1325
1907 1327
1908 1326
1909 1325
1913 1309
1916 1308
1918 1310
1998 1085
1841 1138
1839 1134
1839 1136
1838 1135
1840 1131
1867 1074
1903 1328
1904 1327
1902 1323
1907 1328
1910 1325
1913 1308
1916 1307
1918 1311
1998 1084
1841 1139
1840 1138
1837 1135
1867 1073
1868 1074
1902 1328
1901 1323
1908 1328
1910 1324
1913 1307
1912 1308
1916 1306
1917 1307
1919 1311
1997 1084
1999 1084
1839 1138
1836 1135
1868 1073
1869 1074
1901 1328
1901 1322
1909 1328
1913 1306
1919 1312
1920 1311
1996 1084
1999 1083
1836 1134
1835 1135
1869 1073
1869 1075
1900 1328
1901 1321
1909 1327
1909 1329
1913 1305
1912 1306
1919 1313
1920 1310
1921 1311
2000 1083
1835 1134
1835 1136
1869 1076
1870 1075
1900 1329
1901 1320
1900 1321
1902 1321
1909 1330
1914 1305
1911 1306
1921 1310
2000 1082
1835 1137
1868 1076
1870 1076
1871 1075
1899 1321
1909 1331
1908 1330
1910 1330
1914 1304
1911 1305
1910 1306
1922 1310
2001 1082
1835 1138
1834 1137
1870 1077
1871 1076
1872 1075
1898 1321
1909 1332
1910 1331
1911 1304
1909 1306
1922 1309
2001 1081
2002 1082
1836 1138
1870 1078
1872 1076
1872 1074
1873 1075
1897 1321
1910 1332
1911 1331
1911 1303
1909 1305
1908 1306
1922 1308
2001 1080
2002 1083
2003 1082
1836 1139
1870 1079
1872 1077
1872 1073
1897 1320
1897 1322
1912 1331
1911 1302
1923 1308
2003 1081
1836 1140
1869 1079
1871 1079
1872 1078
1873 1073
1897 1319
1897 1323
1913 1331
1911 1301
1910 1302
1912 1302
1924 1308
2004 1081
1836 1141
1835 1140
1872 1079
1874 1073
1896 1323
1913 1332
1914 1331
1911 1300
1909 1302
1924 1307
2004 1080
2005 1081
1834 1140
1875 1073
1896 1324
1913 1333
1914 1330
1915 1331
1911 1299
1908 1302
1925 1307
2004 1079
2005 1080
2005 1082
1833 1140
1875 1074
1876 1073
1896 1325
1913 1334
1914 1333
1915 1330
1916 1331
1911 1298
1907 1302
1925 1306
2004 1078
2006 1080
2006 1082
1833 1139
1875 1075
1877 1073
1896 1326
1897 1325
1912 1334
1915 1333
1916 1332
1917 1331
1911 1297
1907 1303
1906 1302
1925 1305
2004 1077
2005 1078
2006 1079
2006 1083
1832 1139
1877 1072
1877 1074
1878 1073
1898 1325
1912 1335
1911 1334
1915 1334
1917 1332
1917 1330
1911 1296
1910 1297
1912 1297
1907 1304
1925 1304
1926 1305
2004 1076
2005 1077
2006 1078
2006 1084
1832 1138
1831 1139
1877 1071
1878 1072
1878 1074
1879 1073
1899 1325
1911 1335
1915 1335
1917 1333
1917 1329
1918 1330
1911 1295
1910 1296
1913 1297
1925 1303
2003 1076
2005 1076
2006 1077
1831 1138
1831 1140
1830 1139
1877 1070
1876 1071
1879 1074
1880 1073
1899 1326
1910 1335
1918 1333
1916 1329
1919 1330
1911 1294
1913 1298
1925 1302
1926 1303
2002 1076
2006 1076
1831 1137
1831 1141
1829 1139
1878 1070
1880 1074
1881 1073
1910 1336
1909 1335
1919 1333
1920 1330
1911 1293
1912 1294
1925 1301
2002 1075
2006 1075
2007 1076
1831 1136
1830 1141
1829 1138
1828 1139
1878 1069
1882 1073
1908 1335
1921 1330
1911 1292
1910 1293
1913 1294
1925 1300
2001 1075
2008 1076
1830 1142
1829 1137
1828 1138
1828 1140
1878 1068
1882 1074
1908 1336
1922 1330
1911 1291
1913 1293
1914 1294
1925 1299
1924 1300
2001 1074
2000 1075
2008 1075
2009 1076
1827 1138
1878 1067
1882 1075
1908 1337
1922 1331
1923 1330
1910 1291
1912 1291
1915 1294
1924 1299
1999 1075
2008 1074
2009 1075
2010 1076
1827 1137
1826 1138
1878 1066
1877 1067
1879 1067
1881 1075
1883 1075
1908 1338
1922 1332
1924 1330
1910 1290
1909 1291
1912 1290
1916 1294
1924 1298
1999 1074
1998 1075
2009 1074
2010 1077
1827 1136
1826 1139
1878 1065
1877 1066
1876 1067
1881 1076
1884 1075
1908 1339
1907 1338
1922 1333
1921 1332
1924 1329
1925 1330
1910 1289
1909 1290
1908 1291
1924 1297
1997 1075
2010 1074
2010 1078
2011 1077
1826 1136
1825 1139
1878 1064
1877 1065
1875 1067
1880 1076
1884 1076
1885 1075
1907 1339
1909 1339
1925 1329
1926 1330
1910 1288
1908 1292
1924 1296
1923 1297
1925 1297
1997 1076
1996 1075
2011 1074
2010 1079
2012 1077
1825 1136
1824 1139
1877 1064
1879 1064
1874 1067
1880 1077
1886 1075
1907 1340
1906 1339
1926 1329
1926 1331
1910 1287
1911 1288
1925 1296
1922 1297
1995 1075
2012 1074
2010 1080
2012 1076
2012 1078
1825 1135
1824 1140
1823 1139
1876 1064
1874 1068
1880 1078
1887 1075
1907 1341
1927 1329
1927 1331
1909 1287
1925 1295
1926 1296
1922 1298
1995 1076
2012 1073
2013 1074
2009 1080
2013 1078
1825 1134
1823 1140
1823 1138
1876 1063
1873 1068
1881 1078
1888 1075
1906 1341
1908 1341
1928 1329
1928 1331
1908 1287
1925 1294
1927 1296
1994 1076
2012 1072
2013 1075
2008 1080
2014 1078
1825 1133
1822 1140
1876 1062
1875 1063
1881 1079
1882 1078
1888 1074
1888 1076
1905 1341
1908 1342
1929 1329
1929 1331
1907 1287
1925 1293
1927 1295
1993 1076
2013 1072
2015 1078
1825 1132
1824 1133
1821 1140
1883 1078
1888 1073
1889 1076
1904 1341
1929 1330
1930 1331
1907 1286
1927 1294
1992 1076
2013 1071
2014 1072
2016 1078
1824 1132
1821 1141
1820 1140
1883 1079
1888 1072
1904 1342
1903 1341
1931 1331
1907 1285
1927 1293
1928 1294
1991 1076
2014 1071
1820 1139
1819 1140
1883 1080
1888 1071
1887 1072
1889 1072
1903 1342
1931 1332
1932 1331
1907 1284
1908 1285
1927 1292
1929 1294
1991 1075
2014 1070
1820 1138
1819 1141
1883 1081
1884 1080
1903 1343
1933 1331
1908 1284
1909 1285
1927 1291
1929 1293
1929 1295
1990 1075
2014 1069
2015 1070
1820 1137
1818 1141
1903 1344
1933 1330
1934 1331
1909 1284
1927 1290
1930 1295
1990 1074
1989 1075
2016 1070
1819 1137
1818 1142
1902 1344
1933 1329
1935 1331
1909 1283
1927 1289
1931 1295
1990 1073
1988 1075
2016 1069
1818 1137
1818 1143
1901 1344
1932 1329
1934 1329
1935 1332
1936 1331
1909 1282
1927 1288
1928 1289
1931 1294
1931 1296
1932 1295
1990 1072
1991 1073
2016 1068
1818 1136
1817 1137
1817 1143
1901 1345
1934 1328
1935 1329
1935 1333
1936 1332
1936 1330
1909 1281
1927 1287
1926 1288
1932 1294
1931 1297
1932 1296
1990 1071
2016 1067
2017 1068
1818 1135
1817 1136
1900 1345
1934 1327
1935 1328
1935 1334
1934 1333
1937 1332
1925 1288
1933 1296
1990 1070
2015 1067
2018 1068
1818 1134
1934 1326
1934 1334
1937 1333
1938 1332
1934 1296
1990 1069
1989 1070
2014 1067
2018 1067
2019 1068
1818 1133
1934 1325
1934 1335
1938 1333
1934 1297
1935 1296
1990 1068
2013 1067
2019 1067
2020 1068
1818 1132
1934 1324
1933 1325
1938 1334
1934 1298
1990 1067
2019 1066
2021 1068
1818 1131
1934 1323
1933 1324
1938 1335
1939 1334
1935 1298
1989 1067
1991 1067
2021 1067
2022 1068
1819 1131
1933 1323
1938 1336
1940 1334
1935 1299
1988 1067
2023 1068
1820 1131
1933 1322
1941 1334
1935 1300
1936 1299
1988 1066
1988 1068
2024 1068
1820 1130
1933 1321
1941 1333
1934 1300
1988 1065
1987 1066
1988 1069
2024 1069
2025 1068
1820 1129
1933 1320
1934 1321
1942 1333
1934 1301
1933 1300
1988 1064
2024 1070
2025 1069
2025 1067
1820 1128
1934 1320
1943 1333
1934 1302
1988 1063
1989 1064
2024 1071
2025 1070
1820 1127
1934 1319
1935 1320
1943 1332
1944 1333
1934 1303
1933 1302
1987 1063
1990 1064
2023 1071
2026 1070
1820 1126
1821 1127
1934 1318
1943 1331
1944 1334
1934 1304
1932 1302
1986 1063
1990 1063
2023 1072
2027 1070
1820 1125
1819 1126
1821 1126
1822 1127
1934 1317
1933 1318
1935 1318
1944 1331
1944 1335
1945 1334
1934 1305
1935 1304
1985 1063
1991 1063
2027 1069
2027 1071
1821 1125
1818 1126
1822 1128
1934 1316
1933 1317
1932 1318
1936 1318
1944 1336
1936 1304
1985 1064
1992 1063
2028 1069
2027 1072
2028 1071
1818 1125
1818 1127
1823 1128
1934 1315
1935 1316
1931 1318
1944 1337
1936 1305
1985 1065
1992 1062
1993 1063
2029 1069
2027 1073
1817 1125
1817 1127
1934 1314
1933 1315
1936 1316
1931 1319
1944 1338
1936 1306
1985 1066
1984 1065
1992 1061
1993 1064
2029 1070
2030 1069
2027 1074
2026 1073
1817 1124
1933 1314
1936 1315
1943 1338
1936 1307
1984 1066
1983 1065
1993 1065
1994 1064
2030 1070
2030 1068
2027 1075
2026 1074
2028 1074
1817 1123
1936 1314
1937 1315
1943 1339
1983 1064
1982 1065
2031 1070
2030 1067
2026 1075
2028 1075
2029 1074
1816 1123
1818 1123
1936 1313
1938 1315
1943 1340
1942 1339
1982 1064
2032 1070
2030 1066
2028 1076
1816 1122
1815 1123
1819 1123
1936 1312
1937 1313
1939 1315
1942 1340
1941 1339
1982 1063
2032 1069
2029 1066
2031 1066
2029 1076
1815 1122
1815 1124
1819 1122
1819 1124
1935 1312
1937 1312
1939 1314
1939 1316
1942 1341
1941 1338
1982 1062
2033 1069
2029 1065
2032 1066
2030 1076
1814 1122
1815 1125
1820 1122
1935 1311
1934 1312
1940 1314
1940 1316
1942 1342
1941 1341
1982 1061
2029 1064
2030 1077
1814 1121
1814 1125
1820 1121
1821 1122
1934 1311
1940 1313
1940 1341
1982 1060
2029 1063
2030 1078
1814 1120
1813 1121
1814 1126
1813 1125
1820 1120
1941 1313
1940 1342
1939 1341
1981 1060
1983 1060
2029 1062
2030 1063
2031 1078
1814 1119
1815 1120
1812 1121
1813 1124
1812 1125
1820 1119
1941 1312
1940 1343
1938 1341
1981 1059
1980 1060
1984 1060
2028 1062
2031 1063
2031 1079
2032 1078
1815 1119
1811 1121
1812 1124
1812 1126
1811 1125
1820 1118
1821 1119
1942 1312
1939 1343
1941 1343
1937 1341
1981 1058
1980 1059
1984 1059
1984 1061
2028 1061
2032 1063
2033 1078
1815 1118
1816 1119
1811 1120
1810 1121
1811 1124
1812 1127
1821 1118
1822 1119
1942 1311
1939 1344
1982 1058
1984 1062
1985 1061
2028 1060
2033 1063
2034 1078
1816 1118
1810 1120
1810 1124
1812 1128
1821 1117
1823 1119
1942 1310
1939 1345
1938 1344
1982 1057
2028 1059
2034 1063
2034 1077
2034 1079
1816 1117
1809 1124
1813 1128
1823 1118
1823 1120
1938 1345
1940 1345
1982 1056
2028 1058
2034 1062
2035 1063
2035 1077
2034 1080
1816 1116
1808 1124
1813 1129
1814 1128
1823 1117
1824 1118
1824 1120
1938 1346
1937 1345
1982 1055
2028 1057
2036 1063
2034 1081
2035 1080
1815 1116
1813 1130
1825 1118
1824 1121
1938 1347
1937 1346
1936 1345
1982 1054
1983 1055
2029 1057
2036 1062
2034 1082
2033 1081
2036 1080
1814 1116
1813 1131
1826 1118
1938 1348
1939 1347
2030 1057
2036 1061
2037 1062
2034 1083
2037 1080
1814 1115
1813 1116
1812 1131
1826 1117
1826 1119
1938 1349
1939 1348
2030 1056
2038 1062
2034 1084
2037 1081
2038 1080
1814 1114
1812 1116
1812 1132
1826 1116
1938 1350
1939 1349
2030 1055
2031 1056
2038 1061
2038 1063
2034 1085
2038 1081
2038 1079
1813 1114
1811 1116
1812 1133
1826 1115
1825 1116
1938 1351
1940 1349
2030 1054
2032 1056
2034 1086
2039 1081
2038 1078
1813 1113
1811 1115
1812 1134
1811 1133
1813 1133
1826 1114
1939 1351
1941 1349
2030 1053
2029 1054
2033 1056
2035 1086
2040 1081
2038 1077
1813 1112
1810 1115
1812 1135
1813 1134
1814 1133
1825 1114
1941 1348
1941 1350
1942 1349
2029 1053
2028 1054
2033 1057
2034 1056
2036 1086
2041 1081
1812 1112
1814 1112
1812 1136
1814 1132
1825 1113
1941 1347
2027 1054
2033 1058
2034 1055
2035 1056
2036 1085
2036 1087
2042 1081
1814 1111
1811 1136
1813 1136
1815 1132
1825 1112
1824 1113
2026 1054
2032 1058
2034 1054
2035 1055
2035 1057
2036 1056
2036 1088
2042 1080
2042 1082
1814 1110
1815 1111
1811 1137
1810 1136
1825 1111
1826 1112
1823 1113
2026 1053
2026 1055
2031 1058
2034 1053
2035 1054
2036 1057
2037 1056
2035 1088
2037 1088
2042 1079
2042 1083
2043 1082
1815 1110
1816 1111
1810 1137
1825 1110
1823 1114
2026 1052
2026 1056
2031 1059
2036 1054
2036 1058
2037 1057
2034 1088
2038 1088
2041 1079
2043 1079
2044 1082
1815 1109
1809 1137
1825 1109
1826 1110
2025 1052
2025 1056
2027 1056
2031 1060
2037 1054
2038 1057
2033 1088
2038 1089
2039 1088
2041 1078
2040 1079
2044 1079
2044 1081
2045 1082
1815 1108
1809 1138
1825 1108
1824 1109
2025 1051
2024 1056
2031 1061
2032 1088
2038 1090
2040 1088
2040 1078
2044 1078
2044 1080
2045 1083
1814 1108
1809 1139
1808 1138
1825 1107
1823 1109
2024 1051
2023 1056
2032 1089
2041 1088
2045 1078
2046 1083
1814 1107
1809 1140
1825 1106
1824 1107
1823 1108
1822 1109
2024 1050
2022 1056
2032 1090
2031 1089
2046 1078
2046 1084
1814 1106
1808 1140
1824 1106
1826 1106
1822 1108
1822 1110
2024 1049
2022 1055
2021 1056
2033 1090
2046 1077
2047 1078
2047 1084
1815 1106
1807 1140
1824 1105
1823 1106
1827 1106
1822 1107
1821 1108
2024 1048
2025 1049
2021 1057
2033 1091
2034 1090
2046 1076
2048 1078
2048 1084
1816 1106
1806 1140
1827 1107
1828 1106
1820 1108
2024 1047
2023 1048
2025 1048
2021 1058
2020 1057
2033 1092
2035 1090
2047 1076
2049 1084
1816 1105
1806 1139
1806 1141
1828 1107
1819 1108
2023 1047
2025 1047
2022 1048
2026 1048
2021 1059
2019 1057
2033 1093
2036 1090
2048 1076
2050 1084
1816 1104
1806 1138
1806 1142
1805 1141
2022 1047
2026 1047
2027 1048
2021 1060
2018 1057
2033 1094
2032 1093
2048 1075
2050 1085
1816 1103
1815 1104
1817 1104
1806 1137
1805 1138
1806 1143
1804 1141
2022 1046
2028 1048
2020 1060
2018 1056
2033 1095
2031 1093
2048 1074
2051 1085
1815 1103
1818 1104
1806 1136
1806 1144
1803 1141
2022 1045
2021 1046
2029 1048
2018 1055
2033 1096
2031 1094
2030 1093
2048 1073
2047 1074
2051 1086
1815 1102
1814 1103
1818 1103
1806 1135
1806 1145
2022 1044
2030 1048
2018 1054
2033 1097
2031 1095
2048 1072
1815 1101
1813 1103
1819 1103
1806 1134
1805 1135
1805 1145
1807 1145
2021 1044
2023 1044
2030 1049
2018 1053
2034 1097
2030 1095
2047 1072
2049 1072
1814 1101
1819 1102
1806 1133
1807 1134
1805 1146
1804 1145
2021 1043
2023 1043
2030 1050
2031 1049
2017 1053
2019 1053
2047 1071
2050 1072
1813 1101
1819 1101
1820 1102
1805 1133
1807 1133
1804 1146
1803 1145
2020 1043
2031 1050
2032 1049
2017 1052
2016 1053
2020 1053
2046 1071
2050 1073
1818 1101
1821 1102
1804 1133
1807 1132
1804 1147
1802 1145
2019 1043
2032 1048
2033 1049
2016 1054
2051 1073
1804 1132
1803 1133
1807 1131
1808 1132
1803 1147
1801 1145
2019 1042
2032 1047
2034 1049
2015 1054
2052 1073
1803 1134
1807 1130
1806 1131
1808 1131
1802 1147
2019 1041
2018 1042
2031 1047
2033 1047
2034 1050
2014 1054
2053 1073
1803 1135
1801 1147
2018 1041
2031 1046
2033 1046
2034 1051
2013 1054
2053 1072
2053 1074
2054 1073
1800 1147
2018 1040
2017 1041
2031 1045
2030 1046
2033 1045
2033 1051
2013 1053
2013 1055
2053 1071
2055 1073
1800 1146
1800 1148
2017 1040
2016 1041
2031 1044
2033 1044
2012 1053
2052 1071
2055 1072
2056 1073
1799 1146
1800 1149
1799 1148
2017 1039
2016 1042
2030 1044
2033 1043
2012 1052
2011 1053
2056 1074
2057 1073
1799 1145
1800 1150
1798 1148
2017 1038
2016 1039
2015 1042
2030 1043
2033 1042
2011 1052
2011 1054
2010 1053
2056 1075
2057 1072
1799 1144
1800 1151
1797 1148
2018 1038
2014 1042
2030 1042
2033 1041
2034 1042
2009 1053
2058 1072
1799 1143
1800 1152
1796 1148
2018 1037
2013 1042
2030 1041
2033 1040
2034 1041
2008 1053
2058 1071
2059 1072
1799 1142
1800 1143
1800 1153
1799 1152
2018 1036
2013 1043
2029 1041
2033 1039
2008 1054
2058 1070
2060 1072
1799 1141
1800 1142
1800 1154
1798 1152
2018 1035
2028 1041
2033 1038
2008 1055
2007 1054
2058 1069
2057 1070
2059 1070
2060 1073
1799 1140
1798 1141
1801 1154
2017 1035
2028 1040
2028 1042
2033 1037
2008 1056
2009 1055
2006 1054
2058 1068
2056 1070
2060 1074
1798 1140
1800 1140
1797 1141
1801 1155
2028 1039
2027 1040
2033 1036
2034 1037
2008 1057
2007 1056
2010 1055
2006 1053
2059 1068
2055 1070
2059 1074
1801 1140
1796 1141
1801 1156
2028 1038
2027 1039
2026 1040
2032 1036
2035 1037
2008 1058
2009 1057
2006 1052
2060 1068
2055 1069
2058 1074
1796 1140
1796 1142
1801 1157
1800 1156
2027 1038
2035 1036
2036 1037
2007 1058
2009 1058
2005 1052
2060 1067
2061 1068
2055 1068
1796 1139
1795 1142
1802 1157
1799 1156
2027 1037
2026 1038
2036 1036
2009 1059
2010 1058
2055 1067
2056 1068
1795 1139
1797 1139
1795 1143
1794 1142
1802 1158
1799 1157
2027 1036
2036 1035
2037 1036
2009 1060
2011 1058
2055 1066
1797 1138
1794 1141
1793 1142
1798 1157
2028 1036
2036 1034
2009 1061
2011 1059
2012 1058
2054 1066
2056 1066
1793 1141
1792 1142
2028 1035
2035 1034
2037 1034
2008 1061
2012 1057
2053 1066
2057 1066
1792 1141
1791 1142
2028 1034
2029 1035
2035 1033
2034 1034
2037 1033
2008 1062
2053 1067
2052 1066
2057 1067
2058 1066
1791 1141
2027 1034
2030 1035
2037 1032
2008 1063
2058 1065
1790 1141
2027 1033
2026 1034
2030 1034
2031 1035
2038 1032
2007 1063
2058 1064
1789 1141
2027 1032
2030 1033
2039 1032
2006 1063
2058 1063
1789 1140
1788 1141
2027 1031
2026 1032
2006 1064
2005 1063
2058 1062
1787 1141
2028 1031
2025 1032
2057 1062
1787 1140
1786 1141
2028 1030
2029 1031
2025 1031
2024 1032
2057 1061
1787 1139
1786 1142
2029 1030
2030 1031
2025 1030
2024 1033
2057 1060
1787 1138
1786 1139
1786 1143
1785 1142
2030 1030
2031 1031
2024 1030
2023 1033
2057 1059
1786 1138
1786 1144
1784 1142
2030 1029
2032 1031
2024 1029
2023 1030
2022 1033
2056 1059
1786 1137
1786 1145
1785 1144
2030 1028
2033 1031
2024 1028
2022 1030
2022 1034
2021 1033
2055 1059
1786 1136
1785 1137
1785 1145
1787 1145
1784 1144
2030 1027
2033 1030
2033 1032
2024 1027
2023 1028
2021 1030
2020 1033
2054 1059
1786 1135
1787 1136
1785 1146
1787 1146
2030 1026
2029 1027
2033 1029
2033 1033
2022 1028
2054 1058
1787 1135
1788 1136
1785 1147
2030 1025
2029 1026
2032 1029
2034 1029
2054 1057
2053 1058
1787 1134
1789 1136
1784 1147
1786 1147
2028 1026
2034 1028
2035 1029
2054 1056
2055 1057
2052 1058
1787 1133
1788 1134
1789 1137
1784 1148
1783 1147
1786 1148
2028 1025
2034 1027
2035 1030
2053 1056
2052 1057
2051 1058
1787 1132
1789 1134
1790 1137
1784 1149
1782 1147
1787 1148
2028 1024
2035 1027
2035 1031
2036 1030
2051 1059
2050 1058
1786 1132
1791 1137
1782 1146
1782 1148
1788 1148
2028 1023
2035 1026
2037 1030
2049 1058
1786 1131
1791 1136
1791 1138
1782 1145
1781 1148
1788 1147
2028 1022
2027 1023
2035 1025
2048 1058
1786 1130
1791 1135
1792 1136
1782 1144
1781 1149
1780 1148
2029 1022
2026 1023
2035 1024
2036 1025
2048 1059
1785 1130
1793 1136
1781 1150
1780 1149
2030 1022
2025 1023
2035 1023
2037 1025
2048 1060
1785 1129
1793 1137
1794 1136
1781 1151
2025 1022
2025 1024
2024 1023
2035 1022
2038 1025
2049 1060
1785 1128
1793 1138
1794 1137
1794 1135
1795 1136
1780 1151
2025 1021
2025 1025
2039 1025
1785 1127
1794 1134
1796 1136
2024 1021
2026 1021
2039 1026
2040 1025
1785 1126
1786 1127
1794 1133
1795 1134
2040 1024
2041 1025
1785 1125
1784 1126
1786 1126
1787 1127
1794 1132
2042 1025
1784 1125
1783 1126
1787 1126
2042 1024
2043 1025
1783 1125
1782 1126
1787 1125
2043 1026
2044 1025
1783 1124
1782 1127
1781 1126
1788 1125
2043 1027
2045 1025
1783 1123
1782 1128
1780 1126
1788 1124
2042 1027
2044 1027
2046 1025
1783 1122
1784 1123
1782 1129
1780 1125
1779 1126
1788 1123
2041 1027
2044 1028
2045 1027
2047 1025
1779 1127
1778 1126
1788 1122
2040 1027
2044 1029
2047 1024
2047 1026
2048 1025
1779 1128
1778 1125
1777 1126
1787 1122
1789 1122
2047 1023
2047 1027
2049 1025
1778 1128
1778 1124
1786 1122
1790 1122
2047 1022
2047 1028
2049 1024
1778 1123
1790 1123
2046 1022
2047 1029
1779 1123
1790 1124
2045 1022
2047 1030
1779 1122
1780 1123
2044 1022
2048 1030
1779 1121
2044 1021
2048 1031
1779 1120
2044 1020
2048 1032
1780 1120
2043 1020
2048 1033
2049 1032
2043 1019
2048 1034
2042 1019
2049 1034
2042 1018
2041 1019
2050 1034
2042 1017
2041 1018
2040 1019
2050 1035
2042 1016
2041 1017
2040 1018
2040 1020
2051 1035
2043 1016
2039 1018
2040 1021
2052 1035
2044 1016
2038 1018
2052 1034
2053 1035
2044 1015
2045 1016
2038 1017
2038 1019
2052 1033
2053 1036
2044 1014
2046 1016
2038 1016
2038 1020
2052 1032
2053 1037
2044 1013
2047 1016
2037 1016
2039 1016
2038 1021
2037 1020
2044 1012
2045 1013
2047 1015
2047 1017
2039 1015
2037 1021
2036 1020
2044 1011
2045 1012
2048 1015
2048 1017
2039 1014
2036 1021
2035 1020
2043 1011
2046 1012
2048 1018
2034 1020
2043 1010
2042 1011
2047 1012
2048 1019
2034 1019
2043 1009
2047 1013
2048 1012
2048 1020
2049 1019
2034 1018
2042 1009
2044 1009
2049 1012
2048 1021
2047 1020
2049 1020
2034 1017
2042 1008
2044 1008
2050 1012
2049 1021
2050 1020
2035 1017
2042 1007
2050 1011
2035 1016
2042 1006
2041 1007
2051 1011
2035 1015
2042 1005
2040 1007
2051 1010
2035 1014
2034 1015
2042 1004
2039 1007
2051 1009
2052 1010
2035 1013
2033 1015
2042 1003
2043 1004
2050 1009
2052 1009
2053 1010
2035 1012
2034 1013
2032 1015
2042 1002
2041 1003
2043 1003
2044 1004
2035 1011
2032 1014
2041 1002
2043 1002
2036 1011
2041 1001
2043 1001
2036 1010
2041 1000
2040 1001
2043 1000
2044 1001
2036 1009
2041 999
2039 1001
2043 999
2035 1009
2040 999
2039 1000
2039 1002
2038 1001
2044 999
2035 1008
2039 999
2038 1000
2037 1001
2044 998
2035 1007
2034 1008
2036 1001
2045 998
2035 1006
2033 1008
2035 1001
2045 997
2035 1005
2035 1002
2045 996
2034 1005
2045 995
2045 994
2046 995
2047 995
2047 994
2048 995
2047 993
2048 996
2049 995
2047 992
2046 993
2048 997
2049 996
2050 995
2046 992
2048 998
2050 994
2051 995
2046 991
2047 998
2051 994
2051 996
2045 991
2052 994
2052 996
2044 991
2053 994
2052 997
2044 990
2043 991
2044 989
2042 991
2045 989
2042 990
2041 991
2046 989
2042 989
2046 988
2042 988
2041 989
2046 987
2042 987
2047 987
2042 986
2048 987
2042 985
2048 988
2049 987
2042 984
2041 985
2048 989
2049 988
2042 983
2041 984
2040 985
2048 990
2050 988
2042 982
2040 986
2039 985
2051 988
2042 981
2041 982
2039 986
2039 984
2051 989
2052 988
2038 986
2039 983
2051 990
2052 989
2053 988
2038 983
2052 990
2053 987
2037 983
2053 990
2054 987
2037 982
2036 983
2053 991
2054 986
2055 987
2037 981
2054 985
2055 988
2037 980
2053 985
2055 985
2055 989
2056 988
2037 979
2052 985
2056 985
2056 989
2037 978
2036 979
2038 979
2052 986
2051 985
2056 984
2056 986
2056 990
2038 978
2035 979
2039 979
2051 984
2056 983
2057 984
2057 986
2034 979
2039 980
2050 984
2055 983
2057 983
2058 986
2034 978
2034 980
2040 980
2050 983
2055 982
2059 986
2034 977
2033 978
2040 981
2060 986
2032 978
2061 986
2031 978
2061 987
2062 986
2031 979
2030 978
2062 987
2063 986
2031 980
2030 979
2029 978
2064 986
2031 981
2029 979
2029 977
2028 978
2064 985
2064 987
2065 986
2031 982
2029 976
2027 978
2064 988
2065 987
2066 986
2029 975
2026 978
2064 989
2066 987
2066 985
2029 974
2030 975
2026 979
2025 978
2064 990
2067 987
2066 984
2067 985
2029 973
2031 975
2026 980
2025 979
2064 991
2063 990
2065 990
2067 988
2068 987
2066 983
2068 985
2029 972
2031 976
2032 975
2026 981
2027 980
2064 992
2068 988
2068 986
2069 987
2066 982
2029 971
2033 975
2026 982
2025 981
2064 993
2063 992
2068 989
2069 988
2069 986
2070 987
2066 981
2029 970
2033 974
2026 983
2024 981
2064 994
2070 988
2066 980
2028 970
2030 970
2033 973
2026 984
2027 983
2024 980
2064 995
2063 994
2070 989
2071 988
2065 980
2027 970
2030 969
2032 973
2034 973
2026 985
2025 984
2028 983
2064 996
2065 995
2062 994
2070 990
2071 989
2065 979
2027 969
2027 971
2035 973
2026 986
2025 985
2028 984
2066 995
2062 993
2062 995
2061 994
2069 990
2065 978
2064 979
2027 968
2036 973
2027 986
2066 994
2067 995
2061 993
2061 995
2069 991
2063 979
2026 968
2037 973
2068 995
2061 992
2060 993
2062 979
2026 967
2037 974
2068 996
2069 995
2060 992
2059 993
2062 978
2062 980
2026 966
2038 974
2068 997
2069 994
2060 991
2058 993
2061 978
2026 965
2039 974
2067 997
2069 997
2058 994
2026 964
2039 973
2067 998
2069 998
2026 963
2025 964
2039 972
2067 999
2069 999
2070 998
2026 962
2025 963
2039 971
2069 1000
2025 962
2024 963
2039 970
2038 971
2068 1000
2070 1000
2025 961
2023 963
2039 969
2038 970
2040 970
2070 1001
2025 960
2022 963
2039 968
2037 970
2041 970
2070 1002
2024 960
2021 963
2038 968
2040 968
2042 970
2069 1002
2071 1002
2023 960
2021 962
2038 967
2041 968
2042 971
2043 970
2072 1002
2023 959
2020 962
2042 968
2042 972
2072 1003
2020 961
2019 962
2042 967
2043 972
2072 1004
2019 963
2042 966
2044 972
2073 1004
2018 963
2042 965
2041 966
2044 973
2045 972
2017 963
2041 965
2043 965
2040 966
2044 974
2045 973
2045 971
2046 972
2017 962
2016 963
2041 964
2040 965
2043 964
2046 973
2045 970
2046 971
2047 972
2017 961
2015 963
2041 963
2040 964
2039 965
2046 974
2046 970
2047 971
2048 972
2015 962
2015 964
2041 962
2040 963
2046 975
2048 971
2049 972
2015 961
2014 964
2040 962
2042 962
2046 976
2049 971
2014 961
2014 965
2040 961
2043 962
2013 961
2013 965
2039 961
2044 962
2013 960
2038 961
2044 963
2045 962
2013 959
2038 960
2037 961
2045 961
2012 959
2037 960
2045 960
2011 959
2036 960
2044 960
2046 960
2011 958
2010 959
2036 959
2043 960
2046 959
2047 960
2011 957
2036 958
2035 959
2043 959
2046 958
2047 961
2010 957
2012 957
2036 957
2034 959
2045 958
2047 958
2047 962
2010 956
2009 957
2012 956
2037 957
2034 960
2033 959
2045 957
2048 958
2048 962
2009 958
2008 957
2012 955
2037 956
2038 957
2033 960
2033 958
2045 956
2048 963
2007 957
2012 954
2037 955
2038 958
2039 957
2032 960
2045 955
2048 964
2007 956
2012 953
2036 955
2031 960
2045 954
2007 955
2006 956
2012 952
2011 953
2013 953
2036 954
2031 961
2045 953
2012 951
2010 953
2035 954
2031 962
2030 961
2044 953
2046 953
2010 954
2009 953
2034 954
2031 963
2043 953
2046 952
2008 953
2033 954
2030 963
2043 952
2043 954
2042 953
2046 951
2008 954
2007 953
2032 954
2030 964
2043 951
2047 951
2006 953
2032 953
2030 965
2029 964
2043 950
2048 951
2006 952
2043 949
2049 951
2006 951
2043 948
2005 951
2007 951
2043 947
2044 948
2004 951
2007 950
2042 947
2045 948
2004 950
2003 951
2007 949
2008 950
2042 946
2045 947
2046 948
2002 951
2007 948
2042 945
2041 946
2047 948
2002 950
2007 947
2008 948
2043 945
2040 946
2002 949
2007 946
2006 947
2043 944
2040 947
2001 949
2007 945
2043 943
2044 944
2000 949
2007 944
2008 945
2043 942
2042 943
2045 944
2000 950
2007 943
2041 943
2045 945
2046 944
1999 950
2006 943
2040 943
2046 943
2047 944
1999 951
2039 943
2047 943
2047 945
1999 952
1998 951
2039 942
2039 944
2047 942
2048 945
1999 953
1997 951
2039 941
2038 942
2038 944
2048 942
2048 946
2049 945
1999 954
2000 953
1996 951
2040 941
2037 944
2048 941
2049 942
2049 946
1999 955
1998 954
1995 951
2037 945
2048 940
1995 950
1994 951
2037 946
2036 945
2047 940
2049 940
1995 949
1993 951
2037 947
2035 945
2049 939
1996 949
1993 950
1993 952
2036 947
2035 946
2049 938
1996 948
1993 949
1993 953
2035 947
2048 938
2050 938
1996 947
1992 953
1994 953
2035 948
2034 947
2048 937
2047 938
2050 937
2051 938
1996 946
1991 953
1995 953
2033 947
2048 936
1996 945
1990 953
1995 954
2033 948
2048 935
2047 936
1995 945
1997 945
1989 953
1995 955
2048 934
2047 935
2049 935
1994 945
1997 944
1989 952
1989 954
2048 933
1993 945
1998 944
1989 955
2047 933
2049 933
1992 945
1999 944
1989 956
1990 955
2046 933
2050 933
1992 944
1992 946
1999 943
2000 944
1989 957
1991 955
2051 933
1992 943
1991 944
1999 942
2000 945
2001 944
1989 958
1991 956
2052 933
1993 943
1990 944
1999 941
2000 946
2001 943
2002 944
1989 959
1990 958
2052 932
2052 934
1993 942
1999 940
1998 941
2001 942
1990 959
2052 931
2053 932
2052 935
1994 942
1999 939
2002 942
1990 960
2053 931
2054 932
2052 936
1995 942
1998 939
2002 941
1990 961
2053 930
2054 933
2053 936
1997 939
1990 962
1991 961
2053 929
2054 934
2053 937
1990 963
2052 929
2054 929
1989 963
1991 963
2052 928
2051 929
2054 928
1989 964
1988 963
1992 963
2050 929
2054 927
1989 965
1988 962
1992 964
2050 928
2050 930
2054 926
1988 965
1987 962
1992 965
1993 964
2054 925
2053 926
1986 962
1992 966
1993 965
2053 925
2055 925
1985 962
1991 966
1993 966
2052 925
2056 925
1985 963
1984 962
1991 967
1993 967
1994 966
2052 924
2057 925
1985 964
1990 967
1994 967
2051 924
2057 924
2057 926
2058 925
1985 965
1989 967
1994 968
1995 967
2050 924
2058 924
2057 927
2058 926
1985 966
1984 965
1994 969
2050 925
2049 924
2058 923
2059 926
1983 965
1994 970
2048 924
2059 923
2060 926
1983 964
1995 970
2059 922
2060 925
1983 963
1996 970
2059 921
1982 963
1996 969
1996 971
2059 920
2060 921
1981 963
1997 969
1996 972
2058 920
2060 920
2061 921
1981 962
1981 964
1995 972
1997 972
2058 919
2057 920
2061 920
2061 922
1981 961
1980 964
1995 973
1998 972
2057 919
2057 921
2056 920
2061 919
2062 920
2061 923
1981 960
1980 965
1995 974
1994 973
2057 918
2056 919
2061 918
2061 924
2062 923
1980 966
1995 975
1996 974
1993 973
2057 917
2062 918
2063 923
1979 966
1981 966
1995 976
1994 975
1993 972
2058 917
2063 918
2063 922
2063 924
1979 967
1981 967
1982 966
1995 977
1996 976
2058 916
2063 917
2064 918
1981 968
1997 976
2059 916
2064 919
1982 968
1997 977
2060 916
2065 919
1982 969
1997 978
2060 915
2066 919
1982 970
1997 979
2060 914
2066 918
2066 920
1981 970
1997 980
1998 979
2060 913
2061 914
2066 917
2067 918
2066 921
2067 920
1981 971
1980 970
2061 913
2062 914
2068 918
2067 921
1980 971
1980 969
2061 912
2068 919
2069 918
2067 922
2068 921
1980 972
2061 911
2069 919
2069 917
2069 921
1980 973
1979 972
2061 910
2069 922
1981 973
2061 909
2060 910
2070 922
1982 973
2062 909
2059 910
2071 922
1982 974
1983 973
2062 908
2063 909
2072 922
1984 973
2062 907
2072 923
1984 972
1985 973
2061 907
2063 907
2072 924
2073 923
1984 971
1985 972
1985 974
2063 906
2072 925
2071 924
2074 923
1986 974
2063 905
2072 926
2074 922
2074 924
1987 974
2063 904
2062 905
2072 927
2074 921
2075 924
1987 975
2063 903
2064 904
2072 928
2075 921
2075 925
2076 924
1987 976
1988 975
2062 903
2065 904
2072 929
2071 928
2073 928
2076 921
2076 925
2077 924
1987 977
1989 975
2061 903
2065 903
2073 929
2070 928
2076 920
2077 921
2076 926
1988 977
2060 903
2069 928
2076 919
2077 920
2078 921
2077 926
1988 978
2059 903
2069 927
2069 929
2076 918
2075 919
2078 920
2078 922
2077 927
2078 926
2059 902
2059 904
2058 903
2069 926
2068 927
2069 930
2076 917
2074 919
2078 927
2059 901
2057 903
2067 927
2069 931
2068 930
2076 916
2077 917
2079 927
2060 901
2057 904
2069 932
2070 931
2067 930
2075 916
2079 928
2080 927
2061 901
2056 904
2079 929
2081 927
2061 900
2062 901
2056 905
2078 929
2081 926
2082 927
2061 899
2063 901
2056 906
2055 905
2078 930
2081 925
2061 898
2060 899
2062 899
2064 901
2057 906
2054 905
2078 931
2081 924
2059 899
2057 907
2053 905
2078 932
2082 924
2058 899
2057 908
2053 904
2053 906
2078 933
2083 924
2058 898
2057 899
2053 907
2078 934
2079 933
2083 923
2058 897
2057 900
2056 899
2052 907
2079 934
2080 933
2084 923
2057 897
2055 899
2051 907
2080 934
2057 896
2056 897
2054 899
2051 908
2081 934
2055 897
2053 899
2050 908
2082 934
2054 897
2050 909
2049 908
2083 934
2054 896
2050 910
2049 909
2048 908
2083 933
2083 935
2053 896
2050 911
2047 908
2084 933
2084 935
2053 895
2052 896
2051 911
2046 908
2084 932
2084 936
2085 935
2053 894
2052 895
2052 897
2051 912
2052 911
2045 908
2085 932
2084 937
2085 934
2053 893
2051 895
2053 911
2085 931
2086 932
2084 938
2085 937
2050 895
2053 910
2085 930
2086 931
2085 938
2050 894
2053 909
2085 929
2085 939
2049 894
2086 929
2085 940
2049 893
2087 929
2085 941
2084 940
2049 892
2048 893
2085 942
2086 941
2050 892
2047 893
2087 941
2050 891
2047 892
2046 893
2088 941
2047 891
2088 940
2088 942
2047 890
2089 942
2047 889
2046 890
2048 890
2090 942
2048 889
2045 890
2090 943
2048 888
2045 891
2090 944
2045 892
2090 945
2091 944
2044 892
2089 945
2092 944
2043 892
2088 945
2092 945
2043 893
2042 892
2088 946
2093 945
2043 894
2041 892
2088 947
2093 946
2041 893
2040 892
2087 947
2089 947
2094 946
2040 891
2039 892
2087 948
2089 948
2090 947
2094 947
2039 891
2039 893
2089 949
2094 948
2039 890
2039 894
2089 950
2095 948
2039 889
2038 894
2040 894
2088 950
2090 950
2095 949
2096 948
2039 888
2037 894
2088 951
2095 950
2097 948
2039 887
2036 894
2094 950
2097 949
2098 948
2039 886
2036 895
2093 950
2098 947
2099 948
2039 885
2036 896
2093 951
2092 950
2100 948
2039 884
2036 897
2092 951
2100 947
2039 883
2040 884
2037 897
2101 947
2038 883
2041 884
2038 897
2102 947
2038 882
2037 883
2041 883
2041 885
2042 884
2038 898
2102 948
2037 882
2037 884
2042 883
2042 885
2038 899
2103 948
2037 881
2036 884
2042 882
2038 900
2103 949
2037 880
2035 884
2042 881
2043 882
2038 901
2037 900
2103 950
2036 880
2038 880
2035 885
2042 880
2041 881
2043 881
2039 901
2103 951
2102 950
2035 880
2038 879
2034 885
2041 880
2043 880
2044 881
2039 902
2040 901
2103 952
2104 951
2035 879
2035 881
2034 880
2034 886
2041 879
2043 879
2045 881
2039 903
2041 901
2103 953
2105 951
2035 878
2034 879
2034 887
2040 879
2045 882
2046 881
2039 904
2038 903
2041 902
2106 951
2035 877
2035 887
2040 878
2046 882
2039 905
2107 951
2035 876
2034 877
2040 877
2046 883
2047 882
2039 906
2107 952
2108 951
2035 875
2036 876
2040 876
2048 882
2038 906
2108 952
2108 950
2109 951
2034 875
2040 875
2049 882
2037 906
2109 950
2034 874
2033 875
2039 875
2041 875
2050 882
2036 906
2109 949
2034 873
2033 876
2039 874
2038 875
2050 881
2036 905
2110 949
2033 873
2032 876
2038 876
2051 881
2111 949
2033 872
2032 873
2032 877
2031 876
2051 880
2111 948
2111 950
2033 871
2031 875
2051 879
2052 880
2112 948
2034 871
2030 875
2112 947
2113 948
2034 870
2029 875
2113 949
2034 869
2029 874
2029 876
2113 950
2114 949
2034 868
2114 950
2033 868
2114 951
2033 867
2032 868
2114 952
2033 866
2031 868
2113 952
2115 952
2033 865
2034 866
2113 953
2116 952
2033 864
2113 954
2116 951
2116 953
2033 863
2113 955
2116 954
2033 862
2032 863
2117 954
2033 861
2031 863
2117 955
2118 954
2032 861
2117 956
2118 953
2119 954
2031 861
2118 952
2119 955
2120 954
2031 860
2030 861
2120 955
2031 859
2120 956
2031 858
2030 859
2121 956
2029 859
2122 956
2029 858
2122 957
2029 857
2028 858
2123 957
2029 856
2027 858
2124 957
2029 855
2028 856
2027 859
2124 956
2029 854
2028 855
2030 855
2027 860
2026 859
2124 955
2027 855
2031 855
2027 861
2124 954
2027 854
2032 855
2026 861
2124 953
2125 954
2026 854
2033 855
2123 953
2126 954
2025 854
2127 954
2024 854
2127 955
2128 954
2024 853
2128 955
2128 953
2024 852
2128 952
2025 852
2127 952
2129 952
2025 851
2026 852
2130 952
2025 850
2026 851
2131 952
2025 849
2027 851
2131 951
2132 952
2025 848
2028 851
2131 950
2132 951
2025 847
2028 850
2130 950
2024 847
2026 847
2028 849
2130 949
2024 846
2023 847
2027 847
2130 948
2129 949
2024 845
2023 848
2027 846
2130 947
2129 948
2131 948
2128 949
2024 844
2022 848
2028 846
2130 946
2023 844
2025 844
2022 849
2021 848
2029 846
2130 945
2022 844
2026 844
2021 849
2020 848
2030 846
2130 944
2022 843
2027 844
2020 849
2020 847
2019 848
2030 845
2030 847
2131 944
2021 843
2027 843
2028 844
2018 848
2031 845
2030 848
2131 943
2132 944
2021 842
2028 843
2018 847
2032 845
2030 849
2131 942
2132 945
2021 841
2018 846
2017 847
2032 844
2032 846
2031 849
2132 942
2132 946
2133 945
2021 840
2018 845
2017 846
2016 847
2031 850
2133 942
2134 945
2021 839
2018 844
2019 845
2016 848
2031 851
2133 941
2134 946
2135 945
2021 838
2022 839
2018 843
2031 852
2133 940
2135 946
2136 945
2020 838
2022 838
2017 843
2019 843
2032 852
2133 939
2135 947
2136 946
2019 838
2023 838
2032 853
2133 938
2136 947
2137 946
2019 837
2018 838
2023 837
2133 937
2136 948
2138 946
2019 836
2018 837
2017 838
2023 836
2132 937
2134 937
2136 949
2138 945
2138 947
2019 835
2023 835
2024 836
2134 936
2135 937
2135 949
2137 949
2138 944
2019 834
2018 835
2023 834
2024 835
2025 836
2135 936
2138 949
2138 943
2022 834
2024 834
2135 935
2136 936
2139 949
2139 943
2025 834
2137 936
2139 948
2139 950
2140 943
2025 833
2026 834
2137 935
2138 936
2139 951
2140 942
2025 832
2027 834
2137 934
2139 952
2140 941
2141 942
2025 831
2026 832
2027 835
2138 934
2138 952
2140 952
2140 940
2139 941
2025 830
2026 831
2028 835
2138 933
2138 953
2137 952
2141 952
2139 940
2025 829
2028 836
2138 954
2136 952
2142 952
2024 829
2029 836
2137 954
2135 952
2143 952
2024 828
2029 837
2030 836
2137 955
2143 951
2143 953
2024 827
2023 828
2030 837
2030 835
2137 956
2143 950
2143 954
2144 953
2023 827
2022 828
2030 838
2030 834
2143 955
2144 954
2145 953
2022 827
2022 829
2030 839
2031 834
2143 956
2142 955
2144 955
2022 826
2021 827
2022 830
2030 840
2032 834
2143 957
2145 955
2022 825
2020 827
2022 831
2031 840
2033 834
2143 958
2145 956
2146 955
2021 825
2020 826
2021 831
2032 840
2034 834
2143 959
2145 957
2147 955
2019 826
2032 841
2033 840
2035 834
2143 960
2145 958
2148 955
2019 825
2032 842
2033 839
2035 833
2143 961
2142 960
2148 954
2019 824
2034 839
2035 832
2036 833
2141 960
2149 954
2019 823
2035 839
2035 831
2037 833
2140 960
2150 954
2019 822
2018 823
2036 839
2035 830
2037 834
2038 833
2140 961
2139 960
2151 954
2017 823
2036 840
2037 839
2034 830
2036 830
2037 835
2038 834
2039 833
2138 960
2152 954
2017 822
2016 823
2036 841
2037 838
2038 839
2033 830
2036 829
2037 830
2036 835
2039 832
2138 961
2153 954
2017 821
2015 823
2037 841
2037 837
2038 840
2033 829
2032 830
2036 828
2038 830
2040 832
2138 962
2154 954
2017 820
2014 823
2038 841
2032 829
2035 828
2039 830
2041 832
2138 963
2155 954
2017 819
2016 820
2013 823
2039 841
2035 827
2034 828
2039 829
2040 830
2041 833
2137 963
2139 963
2155 953
2156 954
2017 818
2018 819
2015 820
2012 823
2040 841
2035 826
2041 834
2137 964
2140 963
2155 952
2156 953
2156 955
2017 817
2018 818
2015 819
2015 821
2012 824
2041 841
2035 825
2137 965
2140 964
2155 951
2156 952
2156 956
2017 816
2014 821
2012 825
2042 841
2035 824
2036 825
2137 966
2136 965
2141 964
2154 951
2157 952
2155 956
2157 956
2016 816
2013 821
2012 826
2042 840
2042 842
2043 841
2035 823
2137 967
2135 965
2142 964
2154 950
2153 951
2158 952
2158 956
2013 820
2042 843
2044 841
2036 823
2137 968
2134 965
2143 964
2154 949
2158 951
2158 953
2158 957
2159 956
2013 819
2042 844
2044 840
2044 842
2045 841
2037 823
2134 964
2134 966
2143 965
2153 949
2159 951
2158 958
2160 956
2012 819
2044 839
2044 843
2046 841
2038 823
2134 963
2133 964
2134 967
2143 966
2153 948
2159 950
2157 958
2159 958
2160 957
2161 956
2012 818
2011 819
2045 839
2044 844
2046 840
2038 822
2038 824
2132 964
2134 968
2153 947
2152 948
2159 949
2156 958
2159 959
2161 955
2011 820
2010 819
2044 845
2045 844
2038 821
2132 965
2135 968
2151 948
2160 949
2156 959
2155 958
2159 960
2161 954
2011 821
2010 818
2044 846
2046 844
2038 820
2132 966
2151 947
2150 948
2160 948
2154 958
2159 961
2160 954
2162 954
2010 821
2010 817
2009 818
2044 847
2043 846
2045 846
2047 844
2038 819
2039 820
2132 967
2149 948
2154 959
2160 961
2162 953
2010 822
2010 816
2008 818
2044 848
2047 845
2048 844
2038 818
2037 819
2040 820
2132 968
2149 949
2148 948
2154 960
2153 959
2161 961
2009 822
2010 815
2045 848
2047 846
2048 843
2038 817
2040 821
2041 820
2131 968
2148 949
2148 947
2161 960
2009 823
2011 815
2048 846
2049 843
2037 817
2041 819
2042 820
2130 968
2147 949
2148 946
2161 959
2009 824
2008 823
2012 815
2049 846
2037 816
2041 818
2042 819
2042 821
2130 967
2129 968
2147 950
2146 949
2009 825
2007 823
2012 814
2013 815
2049 847
2050 846
2036 816
2041 817
2043 821
2130 966
2129 969
2128 968
2147 951
2145 949
2008 825
2007 822
2007 824
2012 813
2013 816
2049 848
2050 847
2036 815
2042 817
2043 822
2044 821
2129 970
2128 969
2128 967
2008 826
2007 821
2006 822
2013 813
2051 847
2036 814
2042 816
2043 823
2044 820
2129 971
2128 970
2127 967
2008 827
2007 820
2052 847
2036 813
2035 814
2037 814
2045 820
2129 972
2128 971
2126 967
2007 827
2052 846
2036 812
2034 814
2038 814
2046 820
2130 972
2126 968
2125 967
2007 828
2052 845
2053 846
2036 811
2034 813
2033 814
2038 813
2038 815
2039 814
2046 819
2047 820
2125 966
2124 967
2007 829
2006 828
2052 844
2054 846
2035 811
2033 813
2033 815
2039 813
2048 820
2123 967
2007 830
2005 828
2051 844
2054 847
2055 846
2033 812
2032 813
2040 813
2048 819
2048 821
2123 968
2007 831
2006 830
2004 828
2055 845
2056 846
2033 811
2041 813
2049 819
2049 821
2123 969
2006 831
2008 831
2004 827
2004 829
2055 844
2033 810
2041 812
2041 814
2049 818
2049 822
2050 821
2122 969
2005 831
2009 831
2004 826
2003 827
2004 830
2055 843
2033 809
2032 810
2042 812
2050 820
2051 821
2121 969
2005 832
2009 832
2004 825
2002 827
2055 842
2056 843
2033 808
2031 810
2042 811
2043 812
2051 822
2121 968
2121 970
2005 833
2004 824
2002 828
2001 827
2056 842
2033 807
2043 811
2051 823
2052 822
2120 968
2120 970
2005 834
2003 824
2002 829
2056 841
2033 806
2032 807
2043 810
2051 824
2053 822
2120 967
2120 971
2005 835
2006 834
2003 823
2056 840
2034 806
2044 810
2051 825
2053 823
2120 966
2120 972
2119 971
2004 835
2002 823
2057 840
2034 805
2045 810
2050 825
2052 825
2054 823
2120 965
2121 966
2120 973
2121 972
2118 971
2004 836
2002 822
2057 839
2034 804
2045 809
2046 810
2050 826
2052 826
2054 824
2120 964
2119 965
2120 974
2119 973
2118 970
2003 836
2002 821
2001 822
2057 838
2034 803
2035 804
2047 810
2050 827
2049 826
2055 824
2120 963
2118 965
2120 975
2121 974
2118 973
2117 970
2002 836
2000 822
2057 837
2058 838
2034 802
2033 803
2035 803
2036 804
2048 810
2049 827
2048 826
2055 825
2056 824
2119 963
2121 963
2118 966
2117 965
2120 976
2119 975
2122 974
2117 973
2002 835
2001 836
1999 822
2056 837
2059 838
2034 801
2037 804
2048 809
2048 811
2049 828
2048 825
2047 826
2055 826
2119 962
2117 966
2116 965
2119 976
2121 976
2122 973
2000 836
1999 823
2059 837
2059 839
2034 800
2048 808
2049 809
2049 811
2047 825
2047 827
2118 962
2118 976
2121 977
2000 835
1999 824
1998 823
2059 836
2060 839
2034 799
2033 800
2048 807
2050 809
2046 825
2118 961
2118 977
2121 978
2000 834
1999 835
1999 825
1998 824
1997 823
2059 835
2058 836
2060 840
2034 798
2032 800
2048 806
2050 810
2051 809
2118 960
2118 978
2117 977
2121 979
2120 978
1998 835
2000 825
1996 823
2059 834
2033 798
2031 800
2048 805
2051 810
2052 809
2119 960
2117 978
2116 977
2120 979
2122 979
1997 835
1996 822
1996 824
2059 833
2058 834
2033 797
2030 800
2048 804
2047 805
2049 805
2051 811
2053 809
2120 960
2117 979
2116 978
2116 976
2120 980
2122 980
2123 979
1997 836
1995 824
2059 832
2060 833
2057 834
2033 796
2032 797
2030 801
2048 803
2049 804
2052 811
2053 810
2054 809
2120 959
2117 980
2115 976
2119 980
2123 978
1996 836
1995 825
2058 832
2061 833
2057 833
2033 795
2034 796
2029 801
2047 803
2050 804
2054 810
2054 808
2055 809
2117 981
2124 978
1996 837
1995 826
1994 825
2061 834
2033 794
2035 796
2029 802
2046 803
2051 804
2054 811
2054 807
2056 809
2116 981
2125 978
1995 827
1996 826
1993 825
2061 835
2033 793
2035 795
2036 796
2028 802
2046 802
2046 804
2052 804
2054 812
2055 811
2053 807
2057 809
2115 981
2126 978
1994 827
1997 826
1993 824
1993 826
1992 825
2033 792
2032 793
2036 795
2036 797
2028 803
2046 801
2045 804
2052 805
2054 813
2055 812
2056 811
2053 806
2057 808
2115 980
2115 982
2114 981
2126 979
2127 978
1991 825
2032 792
2031 793
2036 794
2037 797
2027 803
2045 801
2052 806
2054 814
2057 811
2057 807
2058 808
2115 983
2113 981
2127 979
1991 824
1990 825
2032 791
2031 794
2037 794
2026 803
2045 800
2055 814
2058 811
2059 808
2114 983
2116 983
2113 980
2127 980
1991 823
1990 826
2032 790
2031 791
2030 794
2025 803
2045 799
2056 814
2058 810
2114 984
2117 983
2113 979
2127 981
1990 827
2032 789
2033 790
2030 795
2024 803
2045 798
2056 815
2059 810
2114 985
2113 978
2112 979
2127 982
2126 981
1990 828
2031 789
2033 789
2024 802
2024 804
2046 798
2056 816
2060 810
2114 986
2113 985
2114 978
2111 979
2126 982
2128 982
1990 829
1989 828
1991 828
2030 789
2023 802
2046 797
2056 817
2061 810
2115 986
2112 985
2111 978
2126 983
2125 982
2128 983
1988 828
2030 788
2029 789
2022 802
2046 796
2056 818
2055 817
2057 817
2062 810
2116 986
2112 986
2111 977
2125 983
2128 984
2129 983
1987 828
2030 787
2029 790
2022 801
2022 803
2057 818
2058 817
2062 809
2063 810
2112 987
2111 976
2124 983
2130 983
1987 829
1986 828
2030 786
2029 787
2031 787
2021 803
2057 819
2059 817
2063 811
2064 810
2111 987
2113 987
2111 975
2124 984
2130 984
1986 827
2031 786
2028 787
2021 804
2020 803
2059 816
2064 809
2065 810
2110 987
2111 974
2123 984
2130 985
1986 826
1985 827
2032 786
2027 787
2021 805
2020 804
2019 803
2059 815
2060 816
2065 809
2065 811
2110 988
2109 987
2110 974
2112 974
2122 984
2130 986
1987 826
1984 827
2032 785
2027 786
2022 805
2018 803
2060 815
2066 809
2065 812
2110 989
2112 973
2130 987
2129 986
1987 825
2027 785
2022 806
2018 802
2018 804
2017 803
2060 814
2067 809
2064 812
2066 812
2110 990
2111 989
2112 972
2113 973
2130 988
2128 986
1987 824
2026 785
2028 785
2022 807
2018 801
2018 805
2060 813
2067 808
2110 991
2111 990
2113 972
2114 973
2130 989
2127 986
1986 824
1988 824
2025 785
2022 808
2023 807
2018 800
2017 801
2019 805
2059 813
2061 813
2068 808
2112 990
2113 971
2130 990
2129 989
2127 987
2126 986
2025 784
2022 809
2023 808
2018 799
2017 800
2019 806
2062 813
2068 807
2113 990
2113 970
2130 991
2129 990
2127 988
2126 987
2125 986
2024 784
2022 810
2021 809
2019 799
2016 800
2068 806
2069 807
2113 991
2113 969
2112 970
2130 992
2129 991
2127 989
2126 988
2128 988
2125 985
2124 986
2024 783
2021 810
2023 810
2019 798
2016 799
2015 800
2068 805
2070 807
2113 992
2114 969
2131 992
2127 990
2125 988
2024 782
2023 783
2023 811
2024 810
2019 797
2020 798
2016 798
2014 800
2068 804
2114 968
2131 993
2127 991
2126 990
2125 989
2024 781
2023 812
2025 810
2019 796
2021 798
2013 800
2068 803
2114 967
2132 993
2025 781
2021 797
2013 799
2013 801
2012 800
2068 802
2069 803
2114 966
2133 993
2022 797
2013 798
2013 802
2068 801
2070 803
2114 965
2113 966
2134 993
2023 797
2012 798
2012 802
2068 800
2070 802
2071 803
2112 966
2134 994
2135 993
2012 803
2011 802
2067 800
2071 804
2111 966
2135 992
2012 804
2011 803
2011 801
2067 799
2066 800
2072 804
2111 965
2111 967
2110 966
2135 991
2013 804
2010 803
2010 801
2067 798
2065 800
2073 804
2110 965
2135 990
2013 805
2009 803
2010 800
2067 797
2064 800
2074 804
2110 964
2134 990
2136 990
2009 802
2008 803
2009 800
2067 796
2066 797
2068 797
2064 799
2064 801
2074 805
2075 804
2134 989
2133 990
2008 800
2066 796
2068 796
2075 805
2076 804
2134 988
2008 799
2008 801
2068 795
2069 796
2075 806
2076 805
2076 803
2134 987
2133 988
2008 798
2007 799
2068 794
2069 795
2075 807
2077 805
2076 802
2134 986
2135 987
2009 798
2067 794
2075 808
2074 807
2076 807
2078 805
2076 801
2134 985
2136 987
2009 797
2066 794
2075 809
2074 808
2078 804
2078 806
2079 805
2076 800
2075 801
2134 984
2009 796
2066 793
2076 809
2073 808
2078 803
2080 805
2074 801
2133 984
2066 792
2076 810
2073 809
2081 805
2074 802
2132 984
2067 792
2077 810
2072 809
2081 804
2082 805
2073 802
2132 985
2067 791
2077 811
2072 810
2071 809
2081 803
2082 804
2082 806
2083 805
2067 790
2077 812
2072 811
2082 803
2082 807
2084 805
2068 790
2078 812
2071 811
2082 802
2081 807
2084 806
2068 789
2069 790
2078 813
2079 812
2070 811
2084 807
2085 806
2068 788
2069 789
2079 811
2080 812
2069 811
2086 806
2067 788
2080 813
2069 810
2068 811
2087 806
2067 787
2081 813
2069 809
2068 810
2068 812
2088 806
2067 786
2081 814
2089 806
2067 785
2066 786
2081 815
2089 805
2090 806
2067 784
2066 785
2081 816
2080 815
2090 807
2091 806
2065 785
2081 817
2079 815
2090 808
2064 785
2081 818
2080 817
2079 814
2078 815
2090 809
2064 784
2063 785
2081 819
2082 818
2078 816
2090 810
2064 783
2063 786
2081 820
2080 819
2082 819
2077 816
2091 810
2063 783
2065 783
2063 787
2081 821
2082 820
2091 811
2063 782
2062 783
2063 788
2081 822
2083 820
2091 812
2063 781
2061 783
2063 789
2064 788
2084 820
2092 812
2062 781
2064 781
2061 784
2063 790
2065 788
2085 820
2093 812
2064 780
2061 785
2060 784
2062 790
2085 819
2086 820
2094 812
2065 780
2059 784
2061 790
2086 819
2095 812
2066 780
2060 790
2086 818
2087 819
2095 811
2096 812
2066 779
2066 781
2059 790
2087 818
2088 819
2095 810
2067 779
2067 781
2059 789
2058 790
2088 818
2094 810
2067 778
2068 779
2067 782
2068 781
2058 791
2089 818
2093 810
2069 779
2090 818
2093 809
2069 778
2090 819
2091 818
2069 777
2091 819
2091 817
2070 777
2092 819
2091 816
2092 817
2071 777
2093 819
2071 776
2071 778
2093 818
2071 775
2072 778
2094 818
2071 774
2072 779
2094 817
2070 774
2073 779
2095 817
2070 773
2073 780
2074 779
2095 816
2096 817
2070 772
2073 781
2075 779
2096 818
2070 771
2071 772
2075 780
2096 819
2070 770
2097 819
2069 770
2097 820
2068 770
2097 821
2098 820
2068 771
2067 770
2097 822
2099 820
2066 770
2097 823
2098 822
2099 819
2066 769
2066 771
2096 823
2099 822
2099 818
2066 768
2066 772
2095 823
2099 823
2099 817
2098 818
2065 768
2067 768
2066 773
2094 823
2099 824
2065 767
2067 767
2065 773
2098 824
2065 766
2068 767
2064 773
2066 766
2069 767
2064 772
2063 773
2066 765
2063 774
2066 764
2062 774
2066 763
2061 774
2066 762
2065 763
2061 775
2066 761
2064 763
2061 776
2060 775
2066 760
2065 761
2060 776
2067 760
2064 761
2059 776
2067 759
2058 776
2067 758
2068 759
2057 776
2067 757
2068 758
2057 777
2056 776
2067 756
2057 778
2056 775
2055 776
2067 755
2057 779
2056 778
2055 775
2054 776
2067 754
2066 755
2068 755
2056 779
2055 774
2067 753
2066 754
2068 754
2056 780
2055 773
2067 752
2066 753
2069 754
2055 772
2065 753
2070 754
2055 771
2064 753
2070 753
2071 754
2055 770
2054 771
2064 754
2063 753
2070 752
2071 753
2072 754
2056 770
2063 752
2070 751
2073 754
2057 770
2063 751
2071 751
2074 754
2058 770
2062 751
2071 750
2072 751
2075 754
2058 771
2071 749
2073 751
2075 753
2076 754
2058 772
2071 748
2072 749
2075 752
2076 753
2076 755
2077 754
2057 772
2071 747
2072 748
2077 753
2076 756
2071 746
2070 747
2073 748
2077 752
2078 753
2075 756
2072 746
2079 753
2075 757
2079 752
2080 752
2081 752
2081 753
2082 752
2082 751
2083 752
2082 750
2083 750
2084 750
2084 749
2085 750
2085 749
2085 751
2085 752
2086 751
2085 753
2086 752
2087 751
2085 754
2084 753
2086 753
2087 750
2088 751
2086 754
2089 751
2087 754
2089 750
2090 751
2088 754
2089 749
2090 752
2089 754
2089 748
2091 752
2090 754
2089 747
2092 752
2089 746
2090 747
2092 751
2093 752
2089 745
2093 753
2090 745
2094 753
2090 744
2091 745
2094 754
2091 744
2094 755
2091 743
2093 755
2095 755
2091 742
2092 743
2093 756
2096 755
2090 742
2092 742
2093 757
2097 755
2089 742
2093 758
2098 755
2089 741
2093 759
2089 740
2088 741
2093 760
2092 759
2090 740
2087 741
2093 761
2094 760
2090 739
2093 762
2094 761
2090 738
2093 763
2092 762
2095 761
2089 738
2091 738
2094 763
2091 762
2088 738
2092 738
2091 761
2091 763
2087 738
2092 737
2090 761
2090 763
2086 738
2092 736
2093 737
2090 760
2089 761
2090 764
2089 763
2085 738
2092 735
2094 737
2090 759
2089 760
2089 764
2085 739
2084 738
2092 734
2094 736
2094 738
2089 759
2089 765
2085 740
2084 739
2084 737
2091 734
2095 738
2089 758
2088 759
2089 766
2085 741
2083 739
2096 738
2089 757
2089 767
2082 739
2096 737
2097 738
2089 768
2082 738
2082 740
2096 736
2098 738
2088 768
2090 768
2081 738
2082 741
2096 735
2098 737
2098 739
2099 738
2087 768
2090 769
2091 768
2081 737
2080 738
2097 735
2098 740
2099 739
2100 738
2087 769
2092 768
2079 738
2098 735
2098 741
2097 740
2100 737
2101 738
2087 770
2086 769
2093 768
2079 737
2098 734
2098 742
2097 741
2099 741
2101 739
2087 771
2088 770
2094 768
2079 736
2078 737
2098 733
2099 734
2097 742
2099 742
2100 741
2102 739
2087 772
2086 771
2094 769
2095 768
2079 735
2077 737
2098 732
2097 743
2096 742
2099 743
2103 739
2087 773
2085 771
2094 770
2095 769
2096 768
2079 734
2080 735
2077 736
2098 731
2099 732
2097 744
2100 743
2103 740
2086 773
2088 773
2085 770
2094 771
2095 770
2097 768
2079 733
2078 734
2097 731
2100 732
2097 745
2096 744
2101 743
2104 740
2084 770
2094 772
2097 767
2079 732
2080 733
2101 732
2097 746
2095 744
2101 742
2098 767
2080 732
2101 731
2098 746
2094 744
2102 742
2098 766
2099 767
2080 731
2101 730
2098 747
2102 741
2103 742
2098 765
2099 766
2099 768
2100 767
2080 730
2101 729
2102 730
2099 747
2099 769
2101 767
2079 730
2081 730
2100 729
2103 730
2100 747
2100 769
2102 767
2079 729
2078 730
2082 730
2103 729
2104 730
2100 746
2100 748
2100 770
2103 767
2078 729
2078 731
2083 730
2103 728
2104 729
2100 745
2101 746
2100 771
2103 766
2104 767
2077 731
2083 731
2103 727
2100 772
2103 765
2105 767
2076 731
2084 731
2102 727
2101 772
2102 765
2104 765
2106 767
2076 730
2075 731
2102 726
2101 773
2104 764
2106 766
2075 730
2075 732
2074 731
2102 725
2105 764
2107 766
2073 731
2103 725
2105 763
2107 765
2073 732
2072 731
2103 724
2105 762
2073 733
2071 731
2103 723
2105 761
2072 733
2070 731
2103 722
2102 723
2104 761
2072 734
2069 731
2103 721
2104 722
2103 761
2071 734
2068 731
2105 722
2067 731
2106 722
2067 730
2067 732
2106 723
2067 729
2067 733
2107 723
2067 728
2068 729
2067 734
2066 733
2068 733
2107 724
2108 723
2067 727
2067 735
2068 734
2107 725
2108 722
2067 726
2067 736
2066 735
2107 726
2109 722
2067 725
2067 737
2065 735
2107 727
2106 726
2109 721
2067 724
2066 725
2068 725
2067 738
2068 737
2064 735
2106 727
2108 727
2110 721
2066 724
2065 725
2066 738
2068 738
2063 735
2108 728
2110 720
2111 721
2066 723
2065 726
2064 725
2066 739
2065 738
2063 734
2111 720
2111 722
2066 722
2065 723
2065 727
2063 725
2066 740
2063 733
2111 719
2112 720
2111 723
2067 722
2064 723
2065 740
2062 733
2064 733
2113 720
2111 724
2112 723
2068 722
2063 723
2064 740
2061 733
2113 719
2113 721
2114 720
2068 721
2064 741
2061 732
2061 734
2113 718
2114 719
2113 722
2114 721
2069 721
2064 742
2061 735
2060 734
2113 717
2115 721
2070 721
2064 743
2063 742
2061 736
2113 716
2114 717
2116 721
2070 720
2071 721
2062 742
2061 737
2062 736
2113 715
2112 716
2115 717
2116 720
2117 721
2070 719
2071 720
2072 721
2060 737
2113 714
2116 717
2117 720
2117 722
2118 721
2071 719
2072 722
2059 737
2113 713
2117 719
2118 720
2119 721
2071 718
2072 719
2072 723
2059 736
2113 712
2112 713
2114 713
2117 718
2119 720
2119 722
2120 721
2073 719
2073 723
2059 735
2113 711
2111 713
2115 713
2119 719
2119 723
2073 720
2073 724
2074 723
2058 735
2114 711
2111 714
2116 713
2120 719
2119 724
2075 723
2057 735
2110 714
2116 712
2117 713
2120 718
2118 724
2120 724
2057 734
2057 736
2116 711
2117 712
2120 717
2121 718
2117 724
2057 733
2057 737
2056 736
2116 710
2118 712
2119 717
2122 718
2117 725
2056 733
2058 733
2056 737
2055 736
2115 710
2118 711
2119 716
2058 732
2056 738
2055 735
2054 736
2115 709
2119 711
2119 715
2055 738
2053 736
2115 708
2114 709
2120 715
2054 738
2052 736
2114 708
2113 709
2120 714
2114 707
2120 713
2114 706
2121 713
2114 705
2113 706
2121 712
2122 713
2114 704
2122 714
2113 704
2115 704
2122 715
2113 703
2116 704
2123 715
2113 702
2112 703
2117 704
2123 716
2124 715
2113 701
2111 703
2118 704
2124 716
2113 700
2111 704
2110 703
2118 703
2119 704
2125 716
2113 699
2119 705
2120 704
2113 698
2112 699
2119 706
2121 704
2114 698
2111 699
2119 707
2114 697
2115 698
2110 699
2120 707
2114 696
2116 698
2110 698
2109 699
2120 708
2121 707
2114 695
2115 696
2117 698
2108 699
2121 708
2114 694
2115 695
2118 698
2108 698
2107 699
2121 709
2116 695
2119 698
2107 700
2106 699
2122 709
2116 694
2119 697
2119 699
2105 699
2123 709
2116 693
2119 696
2119 700
2105 698
2105 700
2104 699
2123 708
2116 692
2118 696
2120 696
2119 701
2118 700
2120 700
2103 699
2123 707
2124 708
2116 691
2117 692
2118 695
2120 701
2117 700
2121 700
2103 698
2124 707
2125 708
2115 691
2118 692
2121 701
2116 700
2121 699
2124 706
2126 708
2115 690
2118 693
2122 701
2115 700
2122 699
2115 689
2119 693
2123 701
2123 699
2115 688
2116 689
2119 694
2120 693
2124 699
2117 689
2124 698
2117 688
2117 690
2118 689
2124 697
2125 698
2118 690
2119 689
2124 696
2125 697
2119 690
2120 689
2124 695
2123 696
2126 697
2120 690
2120 688
2124 694
2126 696
2120 691
2121 690
2120 687
2127 696
2122 690
2121 687
2128 696
2122 689
2123 690
2128 695
2123 689
2128 694
2123 688
2129 694
2123 687
2130 694
2130 693
2130 692
2131 693
2129 692
2132 693
2129 691
2132 692
2132 694
2133 692
2132 695
2133 694
2133 691
2133 695
2134 691
2133 696
2134 690
2134 696
2134 689
2134 697
2134 688
2133 689
2135 689
2134 698
2136 689
2133 698
2136 688
2136 690
2133 699
2132 698
2136 687
2136 691
2132 697
2131 698
2136 686
2136 692
2137 691
2131 697
2131 699
2136 685
2135 686
2138 691
2130 699
2136 684
2135 685
2139 691
2130 700
2129 699
2137 684
2139 690
2139 692
2129 700
2137 683
2140 690
2140 692
2129 701
2137 682
2140 689
2140 693
2141 692
2128 701
2138 682
2140 688
2140 694
2141 691
2128 702
2138 681
2139 682
2140 687
2139 688
2139 694
2141 694
2142 691
2128 703
2127 702
2138 680
2139 683
2140 682
2140 686
2138 688
2139 695
2142 694
2142 690
2143 691
2127 703
2129 703
2126 702
2137 680
2141 682
2138 687
2138 689
2138 695
2142 695
2143 694
2142 689
2143 692
2144 691
2129 704
2125 702
2137 679
2141 681
2142 682
2142 696
2144 694
2143 689
2144 692
2129 705
2124 702
2137 678
2142 681
2143 696
2145 694
2129 706
2130 705
2124 703
2137 677
2136 678
2138 678
2142 680
2145 695
2128 706
2131 705
2124 704
2123 703
2137 676
2143 680
2145 696
2146 695
2131 706
2132 705
2122 703
2137 675
2143 679
2144 680
2146 696
2133 705
2137 674
2144 681
2146 697
2147 696
2134 705
2137 673
2138 674
2145 681
2146 698
2148 696
2134 704
2135 705
2137 672
2145 682
2146 681
2146 699
2148 695
2135 704
2135 706
2136 705
2147 681
2145 699
2148 694
2135 703
2136 706
2137 705
2147 682
2148 681
2145 700
2148 693
2147 694
2149 694
2135 702
2136 703
2136 707
2138 705
2148 680
2148 692
2150 694
2135 701
2137 703
2136 708
2137 707
2139 705
2148 679
2148 691
2149 692
2151 694
2136 701
2135 708
2137 708
2138 707
2140 705
2148 678
2148 690
2150 692
2151 695
2136 700
2137 701
2137 709
2140 704
2148 677
2148 689
2149 690
2151 692
2151 696
2137 710
2138 709
2141 704
2148 676
2147 677
2149 677
2149 689
2152 692
2151 697
2152 696
2137 711
2141 703
2142 704
2148 675
2147 676
2146 677
2149 688
2152 693
2153 692
2151 698
2137 712
2136 711
2141 702
2143 704
2148 674
2149 675
2145 677
2154 692
2151 699
2137 713
2135 711
2140 702
2142 702
2143 703
2143 705
2144 704
2148 673
2147 674
2149 674
2150 675
2145 676
2145 678
2155 692
2150 699
2136 713
2135 712
2142 701
2144 703
2143 706
2148 672
2151 675
2144 676
2144 678
2155 691
2155 693
2156 692
2135 713
2142 700
2143 707
2144 706
2149 672
2151 674
2152 675
2143 676
2155 694
2157 692
2134 713
2142 699
2144 707
2149 671
2152 674
2152 676
2157 691
2134 714
2145 707
2149 670
2152 673
2158 691
2134 715
2146 707
2149 669
2153 673
2158 690
2135 715
2146 706
2149 668
2153 672
2159 690
2136 715
2147 706
2148 668
2153 671
2154 672
2160 690
2136 716
2147 705
2148 706
2147 668
2153 670
2154 671
2155 672
2161 690
2136 717
2147 704
2148 707
2147 667
2152 670
2155 671
2161 689
2161 691
2135 717
2137 717
2148 704
2148 708
2147 666
2146 667
2161 688
2161 692
2134 717
2137 718
2148 703
2147 665
2161 687
2161 693
2134 718
2137 719
2138 718
2148 702
2149 703
2148 665
2162 687
2161 694
2160 693
2137 720
2136 719
2139 718
2150 703
2148 664
2149 665
2162 686
2161 695
2162 694
2137 721
2135 719
2139 719
2140 718
2150 702
2151 703
2148 663
2150 665
2163 686
2161 696
2163 694
2137 722
2139 720
2141 718
2151 702
2150 664
2150 666
2151 665
2164 686
2162 696
2163 695
2138 722
2142 718
2151 701
2152 702
2150 663
2150 667
2165 686
2162 697
2143 718
2152 701
2153 702
2150 662
2151 667
2165 685
2166 686
2162 698
2144 718
2152 700
2153 703
2150 661
2165 684
2166 687
2162 699
2161 698
2144 719
2153 704
2150 660
2164 684
2166 684
2166 688
2167 687
2162 700
2163 699
2160 698
2144 720
2145 719
2153 705
2152 704
2149 660
2151 660
2167 684
2166 689
2167 688
2168 687
2161 700
2160 697
2160 699
2159 698
2144 721
2146 719
2154 705
2148 660
2151 659
2152 660
2167 685
2165 689
2168 688
2161 701
2159 699
2147 719
2154 706
2155 705
2148 659
2151 658
2153 660
2164 689
2169 688
2161 702
2160 701
2158 699
2147 720
2148 719
2156 705
2147 659
2152 658
2154 660
2162 702
2158 700
2146 659
2152 657
2154 661
2155 660
2162 703
2163 702
2157 700
2146 658
2145 659
2152 656
2156 660
2162 704
2163 703
2163 701
2164 702
2156 700
2145 660
2144 659
2153 656
2156 659
2162 705
2163 704
2164 701
2155 700
2144 660
2143 659
2153 655
2154 656
2157 659
2162 706
2164 704
2143 660
2143 658
2153 654
2154 655
2158 659
2162 707
2164 705
2165 704
2143 661
2155 655
2159 659
2161 707
2163 707
2164 706
2165 705
2143 662
2156 655
2159 660
2160 707
2163 708
2165 706
2143 663
2156 654
2159 661
2160 660
2159 707
2163 709
2165 707
2143 664
2156 653
2161 660
2159 706
2159 708
2162 709
2142 664
2156 652
2155 653
2157 653
2161 661
2162 660
2159 705
2161 709
2142 665
2141 664
2155 652
2158 653
2161 662
2162 659
2161 710
2160 709
2142 666
2141 665
2140 664
2155 651
2154 652
2158 652
2162 662
2163 659
2161 711
2160 710
2142 667
2140 665
2140 663
2155 650
2159 652
2163 658
2161 712
2142 668
2141 667
2140 662
2155 649
2159 651
2164 658
2161 713
2142 669
2143 668
2140 667
2139 662
2155 648
2154 649
2156 649
2159 650
2160 651
2165 658
2161 714
2143 669
2138 662
2153 649
2159 649
2160 650
2166 658
2161 715
2143 670
2138 663
2153 648
2153 650
2161 650
2162 715
2143 671
2144 670
2152 648
2161 649
2162 650
2163 715
2143 672
2142 671
2152 647
2162 651
2163 650
2164 715
2142 672
2144 672
2151 647
2164 650
2164 716
2141 672
2151 646
2150 647
2164 651
2165 650
2165 716
2151 645
2150 646
2164 652
2165 649
2166 650
2166 716
2151 644
2149 646
2163 652
2167 650
2166 715
2167 716
2151 643
2152 644
2167 649
2166 714
2167 717
2150 643
2152 643
2153 644
2167 648
2168 649
2167 714
2167 718
2168 717
2150 642
2152 642
2167 647
2169 649
2167 719
2169 717
2150 641
2153 642
2167 646
2168 647
2170 649
2169 718
2150 640
2149 641
2170 648
2170 650
2169 719
2149 640
2170 651
2171 650
2169 720
2170 719
2149 639
2172 650
2169 721
2171 719
2149 638
2173 650
2169 722
2172 719
2149 637
2174 650
2168 722
2170 722
2173 719
2149 636
2150 637
2175 650
2168 723
2171 722
2173 720
2151 637
2175 649
2175 651
2168 724
2173 721
2174 720
2152 637
2175 648
2176 649
2175 652
2168 725
2153 637
2175 647
2175 653
2174 652
2169 725
2153 636
2154 637
2175 646
2176 653
2170 725
2154 636
2174 646
2176 654
2170 726
2171 725
2154 635
2155 636
2173 646
2176 655
2177 654
2170 727
2171 726
2156 636
2175 655
2172 726
2156 635
2156 637
2174 655
2173 726
2156 634
2174 656
2173 727
2156 633
2157 634
2173 656
2173 728
2157 633
2158 634
2172 656
2172 728
2157 632
2159 634
2171 656
2172 729
2171 728
2157 631
2159 633
2160 634
2171 655
2171 657
2172 730
2157 630
2156 631
2161 634
2171 654
2171 658
2171 730
2173 730
2157 629
2161 633
2162 634
2171 659
2170 730
2173 731
2174 730
2157 628
2161 632
2163 634
2172 659
2169 730
2175 730
2157 627
2160 632
2164 634
2173 659
2169 731
2176 730
2157 626
2156 627
2160 631
2165 634
2173 658
2173 660
2176 731
2155 627
2160 630
2166 634
2174 658
2173 661
2176 732
2154 627
2159 630
2161 630
2166 635
2175 658
2174 661
2176 733
2154 626
2153 627
2159 629
2161 629
2166 636
2176 658
2174 662
2176 734
2154 625
2159 628
2162 629
2167 636
2176 659
2177 658
2174 663
2175 662
2176 735
2175 734
2154 624
2167 637
2178 658
2174 664
2175 663
2176 736
2153 624
2167 638
2178 657
2178 659
2174 665
2175 664
2176 663
2176 737
2175 736
2177 736
2153 623
2152 624
2168 638
2179 657
2174 666
2173 665
2176 664
2174 736
2178 736
2153 622
2152 623
2151 624
2168 639
2169 638
2174 667
2173 666
2172 665
2174 737
2179 736
2154 622
2151 623
2151 625
2169 639
2169 637
2174 668
2172 666
2174 738
2180 736
2154 621
2150 625
2170 639
2170 637
2175 668
2171 666
2174 739
2173 738
2175 738
2180 735
2180 737
2155 621
2149 625
2170 640
2171 637
2175 669
2176 668
2174 740
2173 739
2175 739
2181 737
2155 620
2156 621
2148 625
2170 641
2171 640
2171 636
2177 668
2174 741
2172 739
2176 739
2182 737
2155 619
2148 624
2148 626
2171 641
2172 636
2177 667
2178 668
2171 739
2176 740
2182 736
2183 737
2154 619
2156 619
2148 623
2147 624
2148 627
2171 642
2173 636
2177 666
2178 669
2170 739
2176 741
2153 619
2157 619
2146 624
2171 643
2173 637
2174 636
2177 665
2179 669
2170 740
2169 739
2152 619
2158 619
2146 625
2170 643
2172 643
2173 638
2174 635
2175 636
2179 670
2180 669
2170 741
2151 619
2158 618
2145 625
2172 644
2173 639
2172 638
2174 634
2176 636
2179 671
2181 669
2170 742
2151 618
2158 617
2144 625
2174 639
2177 636
2179 672
2178 671
2180 671
2181 668
2170 743
2150 618
2157 617
2144 626
2143 625
2175 639
2178 636
2179 673
2178 672
2181 667
2182 668
2169 743
2171 743
2149 618
2157 616
2144 627
2143 626
2143 624
2142 625
2178 635
2178 637
2180 673
2181 666
2168 743
2171 744
2157 615
2156 616
2144 628
2145 627
2142 626
2141 625
2179 635
2178 638
2181 673
2182 666
2168 744
2167 743
2171 745
2172 744
2158 615
2155 616
2144 629
2143 628
2141 624
2140 625
2179 634
2179 638
2182 673
2182 665
2167 744
2166 743
2171 746
2173 744
2159 615
2154 616
2144 630
2145 629
2142 628
2140 624
2179 633
2180 634
2180 638
2182 672
2182 674
2182 664
2183 665
2167 745
2171 747
2173 743
2160 615
2154 615
2153 616
2144 631
2145 630
2141 628
2140 623
2179 632
2178 633
2180 633
2180 639
2182 671
2182 675
2183 664
2184 665
2171 748
2170 747
2173 742
2160 616
2154 614
2143 631
2145 631
2140 628
2140 622
2177 633
2181 633
2180 640
2181 639
2182 670
2183 675
2183 663
2184 664
2172 748
2169 747
2154 613
2142 631
2146 631
2139 622
2176 633
2181 632
2182 639
2183 670
2183 676
2184 675
2183 662
2172 749
2169 748
2154 612
2155 613
2142 630
2142 632
2138 622
2175 633
2182 632
2182 640
2183 639
2184 670
2183 677
2184 674
2184 662
2172 750
2155 612
2141 630
2141 632
2138 621
2137 622
2175 632
2183 632
2182 641
2184 639
2185 670
2183 678
2184 677
2185 674
2184 661
2172 751
2173 750
2155 611
2156 612
2140 630
2138 620
2175 631
2174 632
2183 631
2183 633
2181 641
2183 641
2184 640
2185 639
2185 669
2185 671
2186 670
2182 678
2184 678
2184 660
2185 661
2174 750
2155 610
2157 612
2139 630
2138 619
2137 620
2175 630
2173 632
2183 630
2183 634
2181 642
2186 639
2185 668
2181 678
2184 659
2185 660
2186 661
2175 750
2154 610
2156 610
2138 618
2136 620
2174 630
2183 629
2181 643
2186 640
2187 639
2186 668
2181 679
2184 658
2186 660
2187 661
2175 749
2175 751
2154 609
2156 609
2157 610
2137 618
2139 618
2135 620
2182 629
2181 644
2188 639
2187 668
2180 679
2183 658
2185 658
2187 660
2187 662
2175 752
2153 609
2158 610
2140 618
2135 619
2135 621
2182 628
2181 645
2188 638
2188 640
2189 639
2188 668
2180 680
2183 657
2185 657
2188 660
2187 663
2175 753
2174 752
2153 608
2152 609
2158 609
2159 610
2140 617
2141 618
2135 622
2134 621
2182 627
2181 646
2188 641
2189 668
2180 681
2185 656
2186 657
2189 660
2175 754
2174 753
2153 607
2152 610
2151 609
2160 610
2140 616
2133 621
2181 627
2181 647
2182 646
2189 641
2189 669
2180 682
2179 681
2186 656
2187 657
2190 660
2175 755
2176 754
2173 753
2153 606
2152 611
2151 610
2160 609
2160 611
2140 615
2139 616
2141 616
2133 620
2133 622
2180 627
2181 648
2189 642
2180 683
2187 658
2188 657
2190 659
2177 754
2172 753
2153 605
2152 606
2151 611
2150 610
2160 612
2140 614
2138 616
2133 619
2132 620
2180 626
2181 649
2190 642
2179 683
2181 683
2189 657
2191 659
2177 753
2177 755
2178 754
2153 604
2151 612
2150 611
2161 612
2141 614
2131 620
2180 625
2182 649
2191 642
2178 683
2182 683
2190 657
2192 659
2177 756
2178 755
2179 754
2153 603
2154 604
2149 611
2161 613
2162 612
2142 614
2131 621
2130 620
2179 625
2183 649
2191 641
2191 643
2177 683
2183 683
2193 659
2177 757
2179 753
2153 602
2155 604
2148 611
2161 614
2163 612
2130 619
2129 620
2179 624
2183 648
2183 650
2191 644
2192 643
2177 682
2177 684
2183 684
2193 660
2177 758
2176 757
2180 753
2154 602
2155 605
2148 610
2148 612
2163 611
2130 618
2128 620
2184 648
2183 651
2184 650
2191 645
2176 684
2183 685
2193 661
2177 759
2176 758
2175 757
2154 601
2155 606
2156 605
2148 613
2147 612
2163 610
2130 617
2128 619
2127 620
2184 647
2183 652
2185 650
2176 685
2175 684
2184 685
2193 662
2194 661
2177 760
2176 759
2178 759
2175 758
2154 600
2157 605
2146 612
2130 616
2128 618
2126 620
2183 653
2184 652
2186 650
2176 686
2174 684
2185 685
2193 663
2195 661
2178 760
2154 599
2153 600
2155 600
2157 604
2158 605
2146 611
2146 613
2129 616
2126 621
2125 620
2182 653
2187 650
2176 687
2174 683
2174 685
2186 685
2193 664
2195 660
2195 662
2196 661
2178 761
2154 598
2157 603
2145 611
2146 614
2128 616
2126 622
2125 621
2124 620
2187 651
2177 687
2174 682
2173 685
2186 686
2187 685
2193 665
2192 664
2195 663
2197 661
2179 761
2155 598
2157 602
2156 603
2145 610
2144 611
2146 615
2128 615
2127 622
2124 619
2177 688
2178 687
2173 682
2186 687
2187 686
2187 684
2188 685
2193 666
2192 665
2197 660
2198 661
2179 762
2155 597
2156 598
2145 609
2143 611
2146 616
2127 615
2127 623
2123 619
2179 687
2173 681
2186 688
2187 687
2187 683
2188 684
2193 667
2192 666
2194 666
2197 659
2198 660
2198 662
2180 762
2155 596
2157 598
2146 609
2143 610
2127 624
2123 618
2122 619
2179 688
2180 687
2172 681
2186 689
2188 687
2187 682
2191 666
2198 659
2199 660
2198 663
2199 662
2181 762
2154 596
2156 596
2157 599
2142 610
2127 625
2128 624
2121 619
2179 689
2180 688
2172 680
2171 681
2186 690
2187 689
2188 682
2191 667
2199 659
2198 664
2181 763
2182 762
2153 596
2157 596
2141 610
2127 626
2126 625
2128 625
2121 620
2120 619
2179 690
2180 689
2172 679
2188 689
2189 682
2199 658
2199 664
2181 764
2153 595
2157 595
2140 610
2127 627
2125 625
2121 621
2120 618
2119 619
2179 691
2178 690
2180 690
2171 679
2173 679
2190 682
2199 657
2200 664
2181 765
2153 594
2157 594
2158 595
2125 624
2121 622
2122 621
2179 692
2171 678
2170 679
2190 681
2191 682
2199 656
2200 657
2201 664
2181 766
2153 593
2154 594
2158 594
2124 624
2121 623
2123 621
2179 693
2170 678
2191 681
2191 683
2192 682
2199 655
2200 656
2201 657
2201 665
2181 767
2153 592
2155 594
2158 593
2121 624
2123 622
2180 693
2192 681
2199 654
2202 657
2201 666
2180 767
2153 591
2152 592
2158 592
2159 593
2121 625
2193 681
2199 653
2203 657
2202 666
2180 768
2179 767
2153 590
2154 591
2151 592
2158 591
2121 626
2193 680
2199 652
2200 653
2203 658
2203 666
2180 769
2179 766
2178 767
2150 592
2157 591
2159 591
2193 679
2199 651
2204 658
2203 667
2180 770
2179 769
2181 769
2179 765
2177 767
2150 593
2157 590
2156 591
2160 591
2193 678
2194 679
2199 650
2205 658
2204 667
2180 771
2178 769
2182 769
2179 764
2150 594
2156 592
2161 591
2193 677
2192 678
2195 679
2199 649
2205 657
2205 659
2205 667
2180 772
2177 769
2183 769
2150 595
2161 590
2161 592
2193 676
2191 678
2195 680
2199 648
2205 656
2205 660
2205 666
2206 667
2180 773
2176 769
2150 596
2149 595
2161 589
2161 593
2193 675
2194 676
2191 679
2195 681
2198 648
2200 648
2204 656
2205 661
2206 666
2206 668
2181 773
2176 770
2175 769
2150 597
2149 596
2151 596
2148 595
2162 589
2194 675
2195 676
2190 679
2195 682
2196 681
2201 648
2204 655
2204 661
2206 661
2206 669
2207 668
2181 774
2174 769
2150 598
2148 596
2163 589
2196 676
2195 683
2201 649
2202 648
2204 654
2203 655
2207 661
2207 669
2208 668
2181 775
2182 774
2174 768
2174 770
2148 597
2147 596
2164 589
2197 676
2194 683
2202 649
2202 647
2207 662
2208 661
2207 670
2180 775
2183 774
2174 767
2173 770
2148 598
2147 597
2164 588
2164 590
2165 589
2194 684
2202 646
2203 647
2207 663
2207 671
2180 776
2179 775
2183 775
2184 774
2172 770
2146 597
2164 587
2165 588
2164 591
2165 590
2166 589
2194 685
2193 684
2202 645
2203 646
2207 664
2207 672
2179 776
2183 776
2185 774
2172 771
2145 597
2165 587
2164 592
2167 589
2202 644
2201 645
2208 664
2206 672
2179 777
2185 773
2186 774
2172 772
2145 598
2144 597
2166 587
2167 588
2167 590
2202 643
2208 665
2209 664
2206 673
2179 778
2178 777
2186 775
2171 772
2145 599
2143 597
2166 586
2168 588
2167 591
2202 642
2209 665
2206 674
2205 673
2178 778
2180 778
2187 775
2170 772
2143 596
2166 585
2167 586
2169 588
2168 591
2202 641
2201 642
2209 666
2206 675
2204 673
2177 778
2180 779
2181 778
2187 776
2142 596
2167 585
2170 588
2169 591
2201 641
2203 641
2206 676
2204 672
2203 673
2177 779
2182 778
2141 596
2167 584
2170 587
2170 591
2200 641
2205 676
2207 676
2204 671
2203 672
2203 674
2176 779
2182 779
2141 595
2140 596
2171 587
2170 592
2200 640
2207 677
2204 670
2203 675
2175 779
2183 779
2141 594
2171 586
2172 587
2170 593
2200 639
2199 640
2207 678
2208 677
2203 676
2175 778
2183 780
2140 594
2142 594
2171 585
2172 588
2173 587
2169 593
2171 593
2199 639
2198 640
2202 676
2174 778
2184 780
2140 593
2139 594
2142 593
2172 585
2172 589
2173 588
2174 587
2169 594
2168 593
2172 593
2199 638
2198 639
2197 640
2202 677
2201 676
2184 781
2140 592
2139 595
2142 592
2173 585
2174 588
2174 586
2169 595
2168 594
2167 593
2172 592
2172 594
2173 593
2199 637
2198 638
2197 641
2196 640
2201 677
2200 676
2185 781
2140 591
2139 592
2141 592
2138 595
2143 592
2175 588
2175 586
2166 593
2173 594
2174 593
2199 636
2197 642
2196 639
2199 676
2138 592
2138 596
2137 595
2144 592
2175 589
2175 585
2166 592
2166 594
2165 593
2174 594
2174 592
2198 636
2197 643
2199 677
2138 591
2138 597
2144 591
2176 589
2175 584
2166 595
2165 594
2175 594
2174 591
2198 635
2197 636
2197 644
2196 643
2198 643
2199 678
2137 591
2137 597
2145 591
2176 590
2177 589
2175 583
2176 584
2166 596
2175 595
2173 591
2198 634
2197 635
2196 644
2199 679
2137 590
2136 597
2146 591
2177 588
2176 583
2166 597
2167 596
2176 595
2198 633
2199 680
2136 590
2136 596
2177 587
2178 588
2177 583
2166 598
2165 597
2198 632
2197 633
2198 680
2135 590
2135 596
2177 586
2179 588
2178 583
2166 599
2165 598
2164 597
2197 632
2196 633
2134 596
2177 585
2179 587
2179 589
2179 583
2167 599
2163 597
2195 633
2133 596
2179 586
2179 590
2180 583
2167 600
2163 598
2195 632
2195 634
2133 597
2180 586
2179 591
2178 590
2180 590
2181 583
2167 601
2163 599
2162 598
2194 632
2133 598
2180 585
2181 586
2179 592
2178 591
2181 590
2181 582
2181 584
2182 583
2162 599
2164 599
2194 631
2133 599
2181 587
2182 586
2179 593
2182 590
2181 581
2161 599
2194 630
2193 631
2134 599
2182 587
2183 586
2179 594
2182 589
2183 590
2181 580
2182 581
2161 600
2134 600
2179 595
2183 589
2183 591
2183 581
2160 600
2134 601
2135 600
2179 596
2184 589
2183 592
2184 591
2183 580
2184 581
2136 600
2179 597
2185 589
2182 592
2185 591
2183 579
2137 600
2178 597
2180 597
2186 591
2183 578
2182 579
2137 601
2181 597
2186 592
2183 577
2184 578
2137 602
2181 598
2186 593
2187 592
2183 576
2185 578
2137 603
2138 602
2182 598
2186 594
2185 593
2186 578
2138 603
2183 598
2187 594
2186 577
2138 604
2184 598
2187 595
2186 576
2187 577
2139 604
2185 598
2187 596
2188 595
2188 577
2140 604
2186 596
2189 595
2188 578
2189 577
2141 604
2189 594
2189 596
2190 595
2189 576
2190 577
2141 605
2142 604
2189 593
2190 594
2190 596
2189 575
2143 604
2190 593
2191 596
2189 574
2188 575
2143 603
2144 604
2190 592
2191 593
2192 596
2189 573
2190 574
2144 603
2192 597
2193 596
2189 572
2191 574
2193 597
2194 596
2190 572
2192 574
2193 598
2194 597
2194 595
2195 596
2190 571
2193 574
2190 570
2193 573
2190 569
2189 570
2194 573
2188 570
2194 572
2195 573
2188 571
2196 573
2187 571
2197 573
2186 571
2198 573
2186 570
2186 572
2198 572
2199 573
2185 570
2198 571
2199 574
2200 573
2185 569
2184 570
2197 571
2199 571
2199 575
2201 573
2185 568
2184 571
2183 570
2196 571
2198 575
2200 575
2201 572
2184 568
2186 568
2183 569
2182 570
2196 570
2197 575
2202 572
2183 568
2187 568
2182 569
2196 575
2203 572
2183 567
2182 568
2187 569
2188 568
2196 576
2203 571
2203 573
2183 566
2188 567
2196 577
2204 571
2183 565
2182 566
2189 567
2197 577
2204 570
2205 571
2184 565
2181 566
2190 567
2197 578
2204 569
2206 571
2185 565
2181 565
2190 566
2191 567
2197 579
2204 568
2207 571
2180 565
2190 565
2198 579
2204 567
2207 570
2179 565
2189 565
2198 580
2203 567
2208 570
2178 565
2189 564
2203 566
2202 567
2208 569
2209 570
2177 565
2189 563
2203 565
2202 566
2202 568
2210 570
2176 565
2203 564
2201 566
2210 571
2211 570
2176 566
2203 563
2200 566
2211 571
2211 569
2176 567
2175 566
2203 562
2204 563
2200 565
2211 572
2212 569
2176 568
2175 567
2174 566
2203 561
2202 562
2211 573
2212 572
2212 568
2176 569
2173 566
2203 560
2202 561
2211 574
2213 568
2173 565
2202 560
2210 574
2213 567
2214 568
2173 564
2172 565
2202 559
2209 574
2215 568
2174 564
2171 565
2202 558
2208 574
2215 567
2216 568
2174 563
2171 566
2170 565
2202 557
2215 566
2216 569
2217 568
2174 562
2175 563
2171 567
2169 565
2201 557
2203 557
2215 565
2216 570
2218 568
2173 562
2170 567
2172 567
2168 565
2200 557
2203 556
2204 557
2216 565
2217 570
2218 567
2170 568
2167 565
2199 557
2203 555
2204 556
2219 567
2169 568
2166 565
2199 556
2199 558
2198 557
2204 555
2205 556
2220 567
2169 569
2166 564
2166 566
2198 556
2204 554
2205 555
2206 556
2220 566
2221 567
2166 563
2166 567
2165 566
2197 556
2204 553
2207 556
2220 565
2221 568
2165 563
2167 563
2164 566
2196 556
2204 552
2207 555
2207 557
2208 556
2220 564
2219 565
2221 565
2221 569
2165 562
2164 563
2164 567
2196 555
2204 551
2208 557
2220 563
2219 564
2221 564
2220 569
2222 569
2165 561
2164 564
2196 554
2195 555
2208 558
2209 557
2219 563
2221 563
2220 570
2223 569
2166 561
2163 564
2194 555
2208 559
2218 563
2221 562
2220 571
2224 569
2166 560
2162 564
2194 556
2207 559
2218 562
2221 561
2222 562
2219 571
2221 571
2225 569
2162 565
2193 556
2207 560
2223 562
2219 572
2218 571
2222 571
2225 568
2162 566
2161 565
2219 573
2222 572
2225 567
2161 566
2160 565
2219 574
2218 573
2225 566
2159 565
2219 575
2226 566
2159 564
2158 565
2219 576
2218 575
2227 566
2159 563
2158 564
2158 566
2219 577
2220 576
2217 575
2227 565
2227 567
2159 562
2158 563
2157 564
2158 567
2157 566
2218 577
2220 577
2216 575
2227 564
2228 567
2159 561
2157 563
2156 564
2158 568
2156 566
2218 578
2220 578
2228 564
2159 560
2157 562
2156 563
2158 569
2217 578
2221 578
2228 563
2229 564
2159 559
2158 560
2158 570
2159 569
2217 579
2230 564
2160 559
2157 570
2217 580
2230 563
2231 564
2160 558
2161 559
2156 570
2216 580
2230 562
2231 563
2231 565
2160 557
2156 571
2215 580
2230 561
2232 563
2160 556
2159 557
2155 571
2215 579
2230 560
2160 555
2161 556
2154 571
2214 579
2229 560
2231 560
2162 556
2153 571
2229 559
2228 560
2231 559
2232 560
2162 555
2153 570
2152 571
2228 559
2231 558
2233 560
2162 554
2163 555
2152 570
2152 572
2228 558
2230 558
2233 559
2234 560
2162 553
2161 554
2164 555
2152 569
2152 573
2151 572
2228 557
2234 559
2235 560
2164 554
2164 556
2151 569
2151 573
2153 573
2228 556
2227 557
2234 558
2235 559
2164 553
2164 557
2151 568
2150 569
2228 555
2235 558
2164 552
2164 558
2151 567
2150 568
2227 555
2235 557
2164 551
2165 552
2164 559
2150 567
2149 568
2226 555
2235 556
2164 550
2163 551
2225 555
2235 555
2234 556
2164 549
2224 555
2235 554
2164 548
2163 549
2165 549
2224 554
2223 555
2234 554
2236 554
2164 547
2224 553
2223 554
2237 554
2164 546
2225 553
2222 554
2237 553
2237 555
2238 554
2165 546
2226 553
2239 554
2166 546
2227 553
2239 555
2166 545
2166 547
2227 552
2240 555
2166 544
2166 548
2167 547
2227 551
2228 552
2240 556
2241 555
2166 543
2167 548
2168 547
2227 550
2229 552
2242 555
2166 542
2167 549
2168 548
2227 549
2226 550
2230 552
2242 556
2243 555
2165 542
2167 550
2168 549
2169 548
2226 549
2228 549
2231 552
2244 555
2165 541
2166 550
2170 548
2226 548
2231 551
2244 554
2170 547
2226 547
2225 548
2244 553
2245 554
2170 546
2227 547
2224 548
2244 552
2243 553
2246 554
2170 545
2228 547
2224 547
2244 551
2242 553
2246 553
2246 555
2247 554
2224 546
2243 551
2245 551
2241 553
2246 556
2248 554
2224 545
2225 546
2243 550
2245 550
2246 551
2246 557
2245 556
2249 554
2242 550
2245 549
2246 558
2250 554
2245 548
2246 549
2246 559
2247 558
2251 554
2244 548
2246 560
2247 559
2251 553
2252 554
2244 547
2246 561
2251 552
2252 553
2244 546
2246 562
2251 551
2252 552
2253 553
2246 563
2245 562
2251 550
2254 553
2246 564
2244 562
2250 550
2252 550
2254 554
2255 553
2245 564
2247 564
2244 563
2250 549
2253 550
2254 555
2255 552
2245 565
2244 564
2248 564
2250 548
2254 556
2256 552
2245 566
2250 547
2254 557
2255 556
2245 567
2250 546
2251 547
2253 557
2256 556
2245 568
2249 546
2251 546
2252 557
2256 555
2256 557
2245 569
2252 546
2252 558
2251 557
2256 558
2245 570
2244 569
2252 545
2253 546
2252 559
2250 557
2244 570
2246 570
2243 569
2252 544
2253 547
2251 559
2250 556
2249 557
2243 570
2246 571
2247 570
2242 569
2253 548
2251 560
2243 571
2246 572
2241 569
2254 548
2251 561
2242 571
2245 572
2247 572
2241 568
2250 561
2252 561
2241 571
2245 573
2248 572
2241 567
2240 568
2252 562
2253 561
2241 572
2244 573
2248 573
2249 572
2240 567
2252 563
2254 561
2240 572
2243 573
2248 574
2249 571
2250 572
2240 566
2239 567
2251 563
2253 563
2239 572
2242 573
2248 575
2247 574
2250 571
2240 565
2238 567
2253 564
2254 563
2238 572
2242 574
2248 576
2249 575
2250 570
2240 564
2238 566
2238 568
2253 565
2254 564
2255 563
2238 571
2237 572
2241 574
2248 577
2249 576
2250 575
2239 564
2237 566
2254 565
2256 563
2237 573
2236 572
2241 575
2251 575
2239 563
2255 565
2256 562
2237 574
2236 573
2235 572
2241 576
2240 575
2252 575
2239 562
2256 561
2257 562
2237 575
2234 572
2241 577
2240 576
2242 576
2253 575
2238 562
2258 562
2236 575
2233 572
2241 578
2242 577
2243 576
2259 562
2232 572
2242 578
2243 575
2259 561
2259 563
2260 562
2231 572
2259 560
2258 560
2260 560
2258 559
2260 559
2261 559
2262 559
2263 559
2263 560
2264 559
2263 561
2264 560
2264 558
2263 562
2264 557
2263 563
2263 557
2265 557
2264 563
2263 556
2262 557
2265 563
2261 557
2265 562
2266 563
2261 556
2260 557
2266 564
2267 563
2261 555
2260 556
2268 563
2261 554
2259 556
2269 563
2261 553
2259 555
2269 562
2269 564
2261 552
2259 554
2269 561
2270 562
2261 551
2262 552
2269 560
2268 561
2270 561
2271 562
2261 550
2268 560
2270 560
2267 561
2271 563
2261 549
2262 550
2267 560
2271 560
2266 561
2272 563
2261 548
2263 550
2272 564
2273 563
2261 547
2264 550
2272 565
2274 563
2261 546
2262 547
2264 551
2265 550
2272 566
2271 565
2273 565
2274 562
2275 563
2261 545
2260 546
2264 552
2265 551
2272 567
2274 565
2274 561
2261 544
2259 546
2266 551
2274 566
2275 565
2273 561
2275 561
2262 544
2259 545
2267 551
2273 560
2276 561
2263 544
2258 545
2268 551
2273 559
2276 560
2263 543
2257 545
2268 550
2269 551
2273 558
2277 560
2263 542
2257 544
2257 546
2269 550
2273 557
2272 558
2274 558
2277 559
2256 544
2257 547
2273 556
2271 558
2278 559
2256 543
2258 547
2273 555
2274 556
2271 557
2278 558
2256 542
2258 548
2273 554
2256 541
2272 554
2274 554
2256 540
2255 541
2271 554
2274 553
2275 554
2256 539
2255 540
2257 540
2271 553
2275 553
2271 552
2275 552
2275 551
2275 550
2276 550
2276 549
2277 549
2278 549
2278 548
2278 550
2279 548
2279 550
2279 547
2279 551
2280 550
2279 546
2279 545
2279 544
2279 543
2278 543
2278 542
2277 543
2276 543
2276 542
2275 543
2274 543
2274 542
2274 544
2273 542
2274 545
2273 544
2273 541
2272 542
2274 546
2272 544
2273 540
2272 541
2273 546
2271 544
2273 539
2271 541
2273 547
2271 543
2271 545
2273 538
2274 539
2270 543
2274 538
2269 543
2274 537
2269 544
2268 543
2274 536
2275 537
2269 545
2274 535
2276 537
2269 546
2268 545
2273 535
2275 535
2276 536
2269 547
2273 534
2277 536
2268 547
2272 534
2277 535
2278 536
2267 547
2271 534
2277 534
2279 536
2270 534
2277 533
2279 537
2280 536
2269 534
2277 532
2279 538
2280 537
2269 533
2277 531
2269 532
2268 533
2278 531
2267 533
2278 530
2266 533
2278 529
2266 532
2279 529
2266 531
2280 529
2265 531
2267 531
2280 528
2280 530
2281 529
2264 531
2267 530
2280 527
2281 530
2282 529
2264 532
2263 531
2267 529
2280 526
2282 1438
2281 1438
2282 1437
2281 1439
2282 1436
2280 1439
2281 1440
2281 1436
2279 1439
2281 1441
2280 1436
2281 1435
2278 1439
2280 1441
2279 1436
2277 1439
2280 1442
2279 1437
2277 1440
2279 1442
2280 1443
2277 1441
2281 1443
2280 1444
2276 1441
2277 1442
2282 1443
2279 1444
2275 1441
2278 1444
2274 1441
2275 1440
2277 1444
1960 1260
1961 1260
1961 1261
1962 1261
1961 1262
1963 1261
1962 1262
1962 1263
1962 1264
1962 1265
1962 1266
1963 1266
1962 1267
1964 1266
1962 1268
1962 1269
1963 1269
1961 1269
1960 1269
1961 1270
1960 1270
1961 1271
1960 1271
1962 1271
1959 1271
1960 1272
1962 1272
1958 1271
1959 1272
1960 1273
1962 1273
1957 1271
1958 1270
1961 1273
1963 1273
1956 1271
1958 1269
1961 1274
1964 1273
1955 1271
1956 1272
1957 1269
1961 1275
1965 1273
1964 1272
1954 1271
1955 1272
1960 1275
1966 1273
1964 1271
1953 1271
1954 1270
1955 1273
1960 1276
1966 1274
1953 1272
1953 1270
1954 1273
1959 1276
1966 1275
1952 1272
1952 1270
1953 1269
1958 1276
1959 1277
1967 1275
1965 1275
1951 1270
1957 1276
1958 1277
1968 1275
1951 1269
1957 1277
1957 1275
1969 1275
1968 1276
1968 1274
1950 1269
1956 1277
1957 1278
1970 1275
1968 1277
1968 1273
1949 1269
1950 1268
1955 1277
1971 1275
1967 1277
1968 1278
1948 1269
1949 1268
1954 1277
1972 1275
1971 1274
1966 1277
1948 1270
1949 1267
1953 1277
1954 1276
1973 1275
1952 1277
1953 1276
1974 1275
1951 1277
1952 1276
1974 1276
1974 1274
1951 1278
1952 1275
1974 1277
1975 1274
1951 1279
1973 1277
1976 1274
1952 1279
1950 1279
1973 1278
1977 1274
1976 1273
1953 1279
1949 1279
1973 1279
1978 1274
1976 1272
1954 1279
1953 1280
1948 1279
1949 1278
1974 1279
1972 1279
1979 1274
1977 1272
1947 1279
1974 1280
1980 1274
1979 1275
1977 1271
1946 1279
1947 1278
1974 1281
1981 1274
1979 1276
1946 1278
1947 1277
1975 1281
1981 1275
1981 1273
1980 1276
1979 1277
1945 1278
1947 1276
1976 1281
1982 1275
1981 1272
1978 1277
1979 1278
1948 1276
1946 1276
1976 1282
1983 1275
1982 1272
1981 1271
1978 1278
1979 1279
1948 1275
1977 1282
1976 1283
1983 1276
1980 1271
1981 1270
1978 1279
1980 1279
1978 1282
1975 1283
1984 1276
1983 1277
1981 1269
1980 1280
1978 1283
1974 1283
1975 1284
1985 1276
1980 1269
1981 1268
1980 1281
1979 1283
1974 1284
1975 1285
1985 1275
1980 1268
1980 1283
1973 1284
1974 1285
1976 1285
1986 1275
1985 1274
1979 1268
1980 1267
1981 1283
1980 1284
1972 1284
1986 1274
1984 1274
1980 1266
1981 1284
1986 1273
1981 1266
1979 1266
1980 1265
1986 1272
1978 1266
1979 1265
1980 1264
1987 1272
1986 1271
1977 1266
1978 1265
1981 1264
1980 1263
1988 1272
1986 1270
1981 1263
1989 1272
1986 1269
1982 1263
1981 1262
1987 1269
1986 1268
1983 1263
1981 1261
1988 1269
1986 1267
1983 1264
1980 1261
1989 1269
1987 1267
1983 1265
1979 1261
1990 1269
1989 1268
1987 1266
1978 1261
1979 1260
1991 1269
1987 1265
1977 1261
1978 1260
1991 1270
1988 1265
1986 1265
1977 1260
1992 1270
1986 1264
1976 1260
1986 1263
1975 1260
1987 1263
1985 1263
1986 1262
1974 1260
1988 1263
1985 1262
1974 1261
1974 1259
1989 1263
1985 1261
1974 1262
1973 1259
1989 1262
1985 1260
1975 1262
1972 1259
1973 1258
1984 1260
1976 1262
1975 1263
1971 1259
1972 1260
1973 1257
1984 1259
1975 1264
1970 1259
1971 1260
1973 1256
1984 1258
1976 1264
1975 1265
1969 1259
1970 1260
1972 1256
1973 1255
1985 1258
1984 1257
1975 1266
1968 1259
1970 1261
1972 1255
1973 1254
1985 1257
1983 1257
1974 1266
1975 1267
1969 1261
1970 1262
1985 1256
1982 1257
1983 1256
1975 1268
1969 1262
1986 1256
1983 1255
1969 1263
1987 1256
1983 1254
1969 1264
1987 1257
1984 1254
1983 1253
1969 1265
1988 1257
1985 1254
1969 1266
1989 1257
1988 1258
1970 1266
1969 1267
1970 1267
