2888 2574
3306 2748
2604 2732
3477 3125
3383 3092
3096 2477
2576 2730
3558 3316
2983 2544
3463 3360
3364 3388
2406 2551
3471 3157
2976 2572
3364 3397
2982 2537
3226 2910
2576 2947
2552 2566
2478 2481
3294 2445
2292 1300
2970 2526
2427 1094
3108 2626
2417 957
2572 2558
3886 2730
3103 2551
2499 2891
2513 2901
3334 2923
3501 3284
2802 2517
2312 1325
2266 1356
3247 2581
2457 2577
2890 2510
2677 2714
2912 2571
2626 2130
3356 2976
2738 2550
2752 2534
2513 2900
2429 1153
3386 2940
2569 2691
3331 2713
3331 2919
3562 3146
2585 2621
3322 2407
3382 3095
3860 2706
2605 2843
2395 991
2872 2569
3952 2756
2542 1152
2442 958
3281 2471
2397 2530
2336 1270
3082 2537
2287 1271
2421 1075
2687 2632
2400 2443
3344 2923
3346 2963
3340 2939
3564 3332
3381 3032
3248 2962
2481 1212
3153 2797
2520 2694
2815 2551
2494 2903
2434 1048
3216 2655
2467 2503
3225 2641
3445 3106
3536 3232
3357 3347
2906 2484
3446 3107
2651 2621
2629 2639
2536 2727
3181 2728
2674 2709
2363 949
2469 1029
2379 982
3264 2623
2441 1082
2601 2627
3145 2913
2452 2575
3353 2378
2263 1342
2519 2719
2696 2741
2808 2520
3166 2905
2847 2542
3376 2658
3297 2954
2300 1327
3362 3391
3211 2957
3413 3415
2581 2707
3359 2971
3229 2652
3521 3278
3298 2716
3366 3425
2726 2553
2387 992
2673 2757
2139 1647
3808 2784
3031 2460
3452 3338
3336 2423
3137 2793
2155 1682
2414 1093
2391 971
3347 2948
3538 3225
3370 3396
2523 2871
3384 2927
3152 2588
2499 2882
2174 1627
3191 2919
2410 2451
2466 1163
2617 2715
3190 2736
3057 2623
2528 2474
2652 2678
2201 1463
3537 3326
3175 2656
2634 2128
2464 953
3070 2519
2356 986
3221 2632
2635 2600
2513 1219
3348 3445
3321 2409
3210 2515
2898 2559
3159 2638
3199 2738
3258 2577
3366 2412
3017 2463
3798 2817
2467 1058
3424 3360
2561 2889
3404 3074
2415 1196
3151 2776
2584 2532
3253 2633
3341 2978
3524 3187
2583 2904
3287 2479
3471 3301
2140 1649
3231 2505
3429 3065
3902 2768
2392 2507
2690 2746
2830 2533
2452 2572
2763 2532
2548 2922
3347 2882
2479 1159
2501 2536
2573 2754
3146 2614
3278 2676
2426 1086
2904 2511
2974 2535
3197 2925
2513 1209
3226 2628
2605 2752
2477 2578
3215 2610
2494 2528
2369 2421
2587 2743
2374 2536
2433 971
3250 2616
2349 2375
3019 2445
3166 2725
2323 1254
3398 3057
2385 2502
2362 965
3871 2714
3200 2627
2619 2704
3255 2559
3186 2742
2547 2548
2349 2532
2564 2937
3856 2724
3385 3385
3394 3388
3297 2712
3014 2460
2342 2363
3137 2827
3112 2454
3218 2616
2843 2530
3463 3286
2407 1022
3091 2555
3155 2803
2555 2566
2961 2572
3504 3266
2945 2596
3330 2706
2645 2704
2538 2924
3278 2486
3183 2921
2722 2584
3537 3224
3077 2576
3063 2407
2583 2948
2559 2729
3230 2655
2806 2537
3330 2934
2174 1644
2457 1236
2405 2445
2421 1076
2458 2561
3577 3302
2399 2549
3150 2906
3904 2739
2577 2751
3727 2860
3283 2488
3059 2624
3397 3397
2479 971
2958 2531
3311 3356
2675 2639
3223 2982
3125 2491
2637 2129
3494 3288
3117 2471
2544 1147
3225 2980
2309 1266
2592 2750
2405 2451
3559 3227
3019 2552
3849 2706
2460 1024
3215 2517
2403 1201
3245 2576
3031 2470
2963 2544
2625 2601
3252 2545
2759 2515
3337 2420
3228 2652
2824 2533
3159 2580
2899 2542
3454 3293
3207 2688
2878 2572
2459 948
2621 2644
3324 3376
2971 2524
2461 1237
2514 2934
2571 2963
2378 988
3135 2618
3363 3394
2334 2360
2370 963
2459 1016
2584 2617
3226 2625
2536 2919
2374 2498
3531 3142
2392 2472
3319 2917
3001 2533
2598 2143
3365 3046
3790 2819
3353 2377
2500 2889
2434 1060
2583 2731
3903 2725
2414 1091
2998 2531
3581 3318
3123 2713
2552 2740
3161 2525
2475 1172
2440 942
2563 2962
2283 1324
2677 2584
3020 2487
2578 2941
2731 2544
2449 2578
2395 2576
2454 1051
2285 1303
3390 3401
2337 2378
2510 2923
3879 2738
3196 2733
2831 2535
3496 3319
2228 2221
3147 2811
2748 2559
3335 2728
3197 2714
3892 2758
2604 2616
2376 2414
3278 2706
3355 2949
2177 1632
3159 2898
2355 2536
3492 3090
3936 2767
3111 2464
3401 3126
2588 2760
3112 2430
2436 2562
3268 2672
2432 1206
2652 2570
3165 2634
3214 2982
2873 2542
3255 2619
3227 2534
3221 2716
3931 2771
3360 2901
3103 2495
2563 2728
2549 2738
2635 2802
2650 2576
3416 3060
3526 3269
3572 3303
2920 2573
2998 2564
3337 3349
3131 2672
2335 2406
2414 984
2513 2564
3469 3293
2649 2703
2459 1227
2479 2495
3138 2590
3492 3088
3449 3344
3374 3029
2583 2947
2462 1025
2499 2527
3363 2924
2196 1479
3521 3261
2623 2130
2715 2571
3028 2491
2414 1054
3431 3407
2840 2533
2562 2974
3016 2568
2470 1029
2604 2694
2171 1637
3010 2459
3524 3321
2729 2584
3296 2644
3489 3163
2364 992
3270 2475
2478 2524
2472 1164
2892 2591
2597 2898
3358 3000
2477 2521
2621 2807
2619 2816
2412 2453
3441 3272
2371 1204
3125 2806
2628 2682
3057 2442
3350 2389
3506 3145
3334 3350
3162 2846
2494 2901
2338 2360
2431 916
3242 2711
2702 2588
3381 3096
3355 2912
3078 2405
3727 2858
3564 3347
2356 994
3523 3339
3502 3297
2427 1017
3171 2873
2259 1337
2621 2801
3196 2919
3343 3342
2608 2146
2495 2504
3069 2431
3521 3281
3364 2683
3226 2710
3365 2397
3391 3025
3920 2770
2965 2500
3359 3052
3179 2647
3115 2820
3401 3385
3154 2751
3509 3079
2496 2467
3395 3080
2675 2496
3944 2763
3047 2519
2309 1324
3548 2982
2412 966
3179 2644
3370 3061
3274 2475
2394 2451
2391 2485
2255 1355
2402 1208
3343 3338
3248 2954
3169 2864
3143 2785
3224 2508
3849 2716
2584 2942
3050 2419
3504 3151
2432 1154
2368 1258
3065 2619
3613 3130
2408 1159
2389 2425
3254 2624
3336 3349
3337 3381
3279 2478
2354 1002
3373 3400
3129 2622
2360 2522
2687 2538
3176 2643
2645 2610
3342 2919
3525 3201
2596 2903
2278 1308
2941 2574
2593 2728
3067 2493
3390 2980
2364 1232
3532 3142
3163 2650
2968 2568
3349 2392
2341 1273
3176 2880
2519 2930
3805 2784
3134 2693
3315 2688
3067 2538
2624 2649
2522 2683
2557 2929
3049 2396
2576 2934
2362 2524
3040 2520
3243 2588
2576 2710
2417 1094
2663 2511
2423 1072
3150 2908
2543 2727
3354 2361
2191 1494
2641 2538
2621 2646
2533 1190
2628 2142
3252 2693
2934 2578
3343 2639
2381 2482
2343 2411
3169 2847
2397 2547
3522 3160
3361 2433
3938 2765
2467 1020
3534 3309
3549 3209
3334 2963
2663 2509
2477 2519
2837 2538
3485 3171
3264 2485
3477 3093
2364 2403
2579 2886
2140 1634
3369 2947
3566 3155
2602 2615
3395 3011
2639 2787
3377 3074
2403 2548
3349 2905
3344 2963
2429 1175
3098 2566
2499 2903
2401 2512
3201 2969
2688 2592
2352 1003
2511 1164
3068 2421
2580 2972
3211 2952
2686 2604
3079 2394
2150 1624
3111 2554
3083 2587
3429 3034
3090 2593
3118 2577
2826 2542
2599 2580
3337 2387
3435 3347
2503 2553
3467 3343
2965 2566
2537 2734
3439 3350
2519 1162
2581 2904
2498 2537
3278 2664
2715 2562
2375 998
3558 3318
3296 2643
2683 2543
2421 1098
3536 3339
2879 2575
2360 1003
2437 1085
3389 3401
3839 2722
2680 2750
3191 2746
3313 2689
3181 2690
3246 2666
2610 2679
2631 2678
2573 2938
3130 2496
3258 2576
3105 2636
3234 2542
3205 2691
3150 2815
3143 2620
3026 2458
2357 982
2592 2878
3283 2467
3160 2763
3375 2886
2407 1018
3343 3337
3303 3360
2460 951
3479 3121
3269 2949
3219 2574
3119 2820
3912 2743
3012 2459
2480 2481
2362 2523
2429 943
2604 2901
3501 3151
2609 2611
3172 2868
3415 3410
2512 1164
2445 933
3369 2343
2439 1216
3522 3321
3164 2852
2594 2912
2576 2894
2335 2358
3462 3320
3161 2523
2482 1206
3168 2795
2524 1153
2271 1359
3360 2656
3512 3133
3342 3402
2604 2849
2418 1007
2327 1251
3394 3021
3430 3067
2585 2985
3171 2860
3274 2713
2986 2539
3532 3260
2703 2726
2652 2569
3323 2945
3439 3046
3226 2712
2894 2503
3360 2931
3350 3423
2620 2827
3311 2945
2365 1258
3296 2730
3134 2620
2433 1057
2580 2717
2390 2461
2639 2582
3262 2543
2602 2853
2531 2734
3070 2414
3385 3021
2489 2598
2423 1010
2590 2738
3295 2480
3358 2999
3286 2477
3344 3439
2906 2502
3170 2906
3225 2595
3172 2738
3229 2505
3936 2778
2559 2978
3443 3100
2317 1311
2430 928
2461 1173
3493 3288
2536 2736
2432 1144
2371 2491
3210 2657
2174 1630
3400 2967
3584 3308
3004 2459
2693 2748
3527 3340
2715 2574
3877 2722
3460 3076
3228 2951
3407 3063
3208 2760
3496 3093
3510 3087
3322 2631
2513 2872
2501 1202
2524 2684
3344 3357
3103 2562
2964 2498
3151 2922
2526 2711
3344 2976
3055 2507
3178 2658
3207 2641
3185 2859
2341 1007
3257 2578
2622 2683
2526 2460
3197 2632
2565 2571
2634 2603
2624 2604
2708 2583
3275 2712
3288 3381
3004 2461
2637 2594
3353 2976
3232 2958
3298 2947
3323 2438
2546 1214
3356 2994
3355 3425
3170 2876
2653 2522
3396 3057
3313 2700
3338 3369
2501 2897
3113 2799
2644 2677
3226 2698
2790 2529
3112 2431
3350 3388
3139 2577
2584 2554
3018 2445
3107 2601
3797 2816
2301 1251
2947 2580
3274 2700
3484 3117
3333 2952
3490 3287
3284 2485
3207 2600
2670 2723
2572 2550
2419 1150
3156 2860
3142 2840
3057 2611
3372 2669
3125 2569
2257 1338
3464 3357
2481 1186
2581 2939
3373 2877
2289 1261
3410 3059
2651 2575
3382 2909
3435 3344
2446 1205
3368 2878
3540 3340
3377 2970
2806 2544
3357 2358
2388 949
2191 1499
3367 2906
2970 2552
3188 2945
3295 2717
3461 3322
2947 2592
2525 2918
3239 2706
3867 2739
3408 3402
2455 1239
3349 2944
2511 2868
2561 2575
2508 2546
2504 2905
2623 2685
3329 2946
3377 3067
3446 3378
2409 2546
3110 2547
3854 2724
3315 2687
3559 3142
2637 2604
3252 2557
3259 2624
2896 2552
2328 1285
3357 2653
3275 2702
3068 2524
2791 2505
2395 1132
3087 2502
3444 3063
3202 2910
2584 2698
2582 2586
3514 3203
2602 2555
3516 3260
2159 1682
3500 3185
3077 2535
2968 2500
3337 2409
2588 2880
3116 2468
2646 2557
3071 2420
2416 995
2536 2490
3455 3090
3179 2692
3085 2493
2544 2911
3068 2575
3356 2648
2589 2595
3610 3129
2545 2564
3064 2454
2995 2484
3188 2529
2490 2594
2535 2939
3199 2758
3371 2906
3801 2797
3486 3180
2527 2887
3286 2632
2332 2355
2419 988
3365 2665
2351 1230
3294 2475
2538 2885
2435 1048
3325 2466
3254 2552
3117 2623
2318 1253
2408 2454
3201 2729
2561 2745
2675 2754
3523 3309
3145 2827
2195 1468
2435 2564
2137 1664
3109 2564
3103 2550
3190 2516
2357 2411
2313 1323
2778 2512
3307 2712
2553 2746
3253 2555
3294 2649
2144 1664
2711 2557
2382 997
2332 1001
3075 2558
3226 2655
3070 2574
2518 2706
3211 2581
3071 2404
2360 2410
3340 2705
2959 2532
3237 2929
3121 2716
3230 2970
2424 928
2500 2929
3127 2469
2582 2869
3325 2436
3000 2470
2401 1133
3494 3139
2230 2222
3301 2663
3880 2713
2363 1225
3205 2929
2523 2885
3302 2640
2873 2541
3524 3274
2403 2559
2568 2687
2509 2894
2327 1253
3242 2513
3366 2371
3113 2443
2469 1222
3084 2486
2354 1241
2513 2924
3161 2790
3326 2941
2667 2714
2602 2150
3249 2961
3399 3097
3232 2556
3157 2641
3135 2839
2572 2703
2644 2592
3072 2417
3351 2651
3219 2592
2625 2139
3319 2714
3801 2786
2282 1281
3548 3184
2294 1278
2155 1676
3906 2776
3361 2671
2894 2580
2331 2389
2560 2978
2439 940
2314 1316
3176 2641
2625 2150
2448 2572
3518 3210
3062 2406
3478 3128
2308 1271
3290 2447
2590 2619
2482 2573
3196 2928
2489 2489
3177 2639
3348 2390
2430 937
2294 1237
2652 2621
2504 2542
3425 2953
3283 2487
3401 2965
3192 2925
2547 2971
3327 2432
3369 3400
2659 2612
2600 2557
2615 2634
2378 2546
2422 979
3200 2734
2481 2470
2366 955
3365 2881
2520 2961
3031 2457
3109 2494
3209 2704
3426 3355
2901 2591
2472 1155
3043 2517
2393 956
2552 2552
2963 2575
3336 2729
2530 1181
2514 1211
3272 2949
2294 1271
2982 2542
3303 3364
3490 3118
3177 2728
2539 2890
2358 1005
2618 2702
2385 2408
2984 2521
2616 2740
2578 2981
3308 2705
3003 2505
3444 3084
3147 2828
3274 2674
2604 2579
3220 2572
2363 1228
2195 1484
3117 2548
3541 3339
3079 2530
3478 3111
2544 2942
2406 1141
3362 2433
3381 3046
3900 2776
2372 2498
3452 3081
3235 2945
2719 2549
3528 3312
3163 2653
2391 1130
3463 3079
3020 2533
2851 2528
2369 1208
3224 2711
3179 2794
3235 2704
3368 2947
2679 2625
2960 2574
2511 2885
3145 2843
3183 2736
3492 3162
2549 2560
3215 2630
2404 995
3166 2869
3851 2706
2543 2478
3001 2483
2472 1149
3333 2960
3387 2992
2482 1211
3408 3419
2578 2763
3469 3160
2674 2721
3069 2575
2514 1231
2627 2846
3468 3019
2815 2536
3065 2520
2966 2537
3349 2912
2547 2970
3353 2648
2587 2758
3849 2711
3470 3325
3564 3336
2729 2556
3182 2619
3335 3034
3524 3174
3124 2629
3177 2602
2255 1332
2355 1226
2579 2766
2283 1294
2429 990
3394 3120
2337 2375
2505 2898
3291 2484
3094 2443
3373 3076
3346 2379
2185 1468
3092 2460
3262 2624
2403 1129
3011 2513
3356 2888
2364 1227
2492 2567
2268 1352
3206 2522
2941 2568
2620 2787
3414 2961
2283 1286
2606 2139
3005 2520
2588 2913
2645 2526
2674 2754
3151 2798
3168 2655
3079 2527
3090 2512
3170 2705
2355 983
2380 1216
3077 2470
2501 2919
3151 2921
2469 2573
3336 3352
3235 2533
3355 3395
2272 1326
2619 2662
3163 2644
3552 3144
2367 1261
2639 2553
2950 2569
2417 1187
3214 2602
2610 2709
3435 3407
3920 2771
3122 2818
2416 1054
2821 2551
3375 3420
2361 956
2534 2947
3188 2607
3237 2705
3924 2759
2585 2551
2365 958
3374 3073
2593 2912
3314 2918
3258 2927
3347 2626
3373 2345
3411 3073
3384 3405
2397 1204
3171 2738
2190 1475
3189 2518
3353 2384
2605 2609
2536 2567
3328 2435
2405 2557
2601 2775
2359 2538
3071 2525
2176 1435
3467 3327
2555 2720
3310 2661
2318 1316
2524 2719
2620 2834
3371 2946
2623 2846
2588 2734
3319 2630
2426 1149
3384 3040
2359 992
3161 2749
3468 3297
3128 2687
3399 3378
2666 2601
2790 2515
2525 2475
2298 1271
3327 3374
2897 2562
2643 2701
2593 2697
2598 2150
3401 2978
3216 2601
3017 2496
2765 2551
3325 2728
3074 2394
2513 2937
3514 3271
2751 2534
2601 2830
2419 973
3092 2611
3282 2473
3227 2698
3514 3293
3044 2519
3514 3120
2362 1224
3187 2614
3537 3221
2281 1288
2701 2567
2599 2770
3308 2621
2406 1128
2464 1060
2392 2568
2876 2549
2149 1622
3907 2739
2599 2717
2277 1307
2701 2723
3294 2711
2608 2750
2507 2387
3316 2690
2145 1672
3418 3038
3230 2919
3504 3265
2649 2588
3932 2774
3022 2508
3194 2613
3392 3092
2397 1202
3395 3130
2836 2523
3373 3079
3073 2567
3401 3072
2483 2470
2806 2543
2923 2569
2651 2684
3001 2524
2433 937
2636 2810
3245 2596
2285 1322
2924 2573
2655 2710
2438 1210
3257 2624
2425 1013
2524 2921
2892 2540
2379 998
3292 3384
2371 2419
2959 2574
2812 2550
2288 1270
3467 3358
2882 2574
3330 2415
2384 999
3163 2588
3202 2691
2889 2528
2380 2535
2482 2574
3476 3134
3038 2495
3249 2668
2538 1200
2513 1176
3282 2668
3464 3354
3836 2721
3560 3158
3355 2653
2393 945
3177 2701
2420 1168
3581 3299
3163 2829
2351 1228
2290 1259
3869 2742
2377 997
2553 2570
3386 3014
3161 2688
3330 2429
3195 2945
3261 2531
2620 2692
2171 1463
2453 1208
3115 2552
2352 1012
3401 3390
2522 2930
3564 3321
2579 2933
3519 3206
3474 3125
2470 1026
3925 2776
3487 3181
3222 2498
2299 1327
2500 2888
3340 2415
2422 969
3584 3312
3125 2493
3354 2889
2543 2942
3345 3424
3341 2964
2567 2960
3380 2907
2538 2484
2760 2542
3336 3383
3115 2806
2360 2415
3163 2641
2368 2396
2613 2746
3010 2488
2514 1225
2545 2463
2335 2398
2582 2870
3072 2413
3171 2543
3735 2867
3074 2424
2170 1565
3954 2768
2572 2560
2332 1247
3199 2754
2458 2560
3409 2960
2500 2471
3340 2988
2648 2115
2527 2735
3371 3061
3439 3101
3901 2726
3395 3054
2456 1047
3485 3282
2242 1369
2560 2754
3105 2595
3193 2641
3389 3101
2253 1346
2749 2549
2176 1629
3464 3131
3872 2740
3241 2626
3075 2480
2839 2530
3909 2744
3528 3241
2801 2547
2337 2376
2368 1257
2650 2530
2878 2575
2456 1016
3124 2697
2536 2940
3223 2970
2318 2394
2884 2537
3279 2464
3385 3068
3352 3350
3499 3146
2617 2742
3400 2966
3210 2945
3112 2799
3245 2508
2530 2559
2372 997
3361 2346
3326 3349
3059 2451
3345 2649
2449 2572
3022 2461
3447 3071
2595 2770
2479 2475
2354 2420
2623 2788
2439 1082
2563 2583
2600 2753
3117 2821
3331 3375
3385 3029
3075 2398
3139 2581
3162 2630
2867 2540
3464 3345
3306 2689
3285 2628
3534 3343
2362 959
3350 2393
3348 3392
3287 2947
3198 2696
3122 2807
3134 2699
2174 1643
3199 2702
2401 1036
3350 2991
3394 3125
2486 2504
3274 2672
2368 1208
2453 2579
3404 2951
3266 2463
2415 964
3443 3094
2860 2534
2132 1663
2595 2761
2368 963
2359 2539
3396 3087
2897 2557
3543 3193
3291 2708
3080 2508
2631 2651
3254 2695
3386 2998
3317 2402
3510 3176
3164 2592
2512 2558
2365 963
3356 2993
2564 2560
3365 2902
3064 2617
2523 2930
3164 2824
3443 3355
2535 2736
3056 2606
2401 2426
2624 2602
3389 2931
3210 2762
2438 1214
2362 1011
2950 2570
3902 2750
2776 2517
2621 2829
2358 2411
2609 2778
3102 2529
3181 2701
3345 3390
3440 3272
2603 2900
2472 1172
2635 2771
3364 2367
3256 2691
3276 2472
2583 2539
2373 2501
2398 2509
2397 1016
3402 3384
2664 2613
3368 3075
3089 2445
2652 2700
3838 2721
3244 2929
2493 2499
3358 2891
3345 3350
2592 2538
2437 1070
2665 2597
3348 2633
3226 2648
2834 2534
3394 2988
2389 1040
3338 2649
2746 2524
3308 2700
3519 3205
2433 1058
2413 1204
2805 2515
3069 2489
3425 3354
3418 3413
3166 2706
3348 2988
2724 2583
3439 3070
3075 2578
3164 2637
3232 2628
3545 3342
3296 2657
2907 2569
3058 2449
3079 2581
2524 2953
2614 2739
2904 2498
2955 2533
2622 2652
2595 2710
2436 1043
2597 2873
3811 2799
2601 2774
3208 2910
2393 1134
2485 1208
2329 1282
2626 2150
3067 2537
2727 2580
2376 999
3021 2459
2482 2472
3360 2967
3438 3041
2421 1074
3443 3096
3458 3094
3472 3133
2843 2532
2419 1093
3305 3388
3361 2431
3183 2847
2456 952
3364 2342
2262 1359
3783 2794
3474 3134
2328 1236
2641 2680
3464 3325
3193 2622
2196 1462
3111 2555
2570 2690
2646 2696
2677 2496
2331 2374
2135 1664
2546 1144
2470 1144
3293 2716
2590 2747
3162 2643
2710 2588
3016 2463
3854 2707
2385 2462
2430 1080
2752 2523
2423 966
2571 2957
3167 2865
3416 3410
3559 3324
3289 2447
2434 2558
3544 3204
2619 2659
3034 2458
3131 2693
3152 2778
2503 2900
3335 2920
2249 1336
3187 2965
2617 2148
2623 2646
2363 1232
3804 2797
3236 2502
2727 2551
3061 2601
2420 932
2521 2726
3318 2625
2516 2886
2972 2513
3343 2962
3281 2625
2422 1194
3230 2983
3172 2886
3364 2368
2295 1239
2335 2360
3181 2694
2414 1201
2896 2583
2639 2526
3247 2634
3344 2899
2415 2456
3577 3304
3231 2960
3101 2474
3230 2943
2481 2571
3456 3367
2680 2751
2300 1241
2170 1640
2757 2555
3090 2596
3159 2794
2432 1173
3290 2478
3208 2679
2457 2581
3234 2922
3072 2486
3196 2701
3075 2403
2598 2588
2374 1220
2485 2484
2579 2750
2621 2788
3363 3054
3501 3089
3423 3382
2550 2932
3417 3408
2375 1220
2363 2543
2436 913
3732 2851
2817 2539
2771 2515
2356 1245
3247 2583
3536 3207
3016 2571
3131 2628
3016 2485
2631 2650
2651 2517
3176 2657
3526 3158
3170 2828
3888 2769
3221 2497
3206 2735
3177 2838
3534 3330
2982 2570
2393 2426
3176 2538
3796 2780
3152 2810
3507 3084
2545 2465
3559 3343
2700 2711
3222 2970
2679 2749
2415 1201
3395 3012
3154 2591
3344 3390
3164 2645
2754 2559
3378 3049
2361 1244
3500 3183
3428 2954
3195 2606
3312 3370
2608 2778
2558 2980
2552 2746
3384 2938
2526 2475
2365 1003
3318 2712
3106 2497
3492 3135
2423 982
3120 2819
3538 3229
2359 1247
3246 2930
3031 2518
3095 2466
2535 2930
3246 2602
2406 2446
2547 2730
2420 1089
3348 2923
3356 3348
3440 3039
2607 2791
2674 2757
3295 2713
2417 1166
2156 1572
2523 2684
2187 1476
2619 2788
2351 2368
3312 2620
2599 2725
3378 3046
2832 2534
3207 2695
1933 2376
2500 2531
2429 2577
2441 942
2915 2578
3514 3280
2344 1272
3307 3384
3197 2608
2404 2454
2717 2559
2572 2584
3004 2457
3201 2741
2612 2682
2900 2480
2391 2425
3316 3402
2494 1184
3339 3402
3507 3265
3046 2519
3245 2928
2511 2894
2747 2547
3298 2443
3899 2723
3068 2521
2906 2562
3233 2628
2647 2789
2391 2416
2641 2141
3416 3400
3227 2505
3509 3089
3167 2515
3230 2982
2534 2552
3272 2460
3199 2690
3406 3415
2436 910
3478 3131
2347 2384
3088 2599
2713 2574
3234 2628
3284 2476
2713 2565
3549 3200
2700 2723
3369 3419
3226 2659
2462 1224
2645 2609
2694 2750
2877 2547
2463 2563
2480 1169
3351 2633
2495 2905
2620 2798
3541 3157
3557 3139
2457 1235
2395 956
3489 3293
2379 2550
3498 3134
3348 2888
2384 2504
2671 2707
3357 2397
3179 2848
2404 1148
3229 2553
3407 3077
3354 2387
2736 2553
2580 2697
3510 3254
3510 3281
2891 2571
2553 2722
3408 3418
2637 2567
3047 2402
2887 2518
3122 2809
3208 2677
2429 2576
3520 3191
3316 3374
3512 3092
3163 2853
3158 2688
3242 2514
2610 2780
3364 2366
2340 2413
3481 3189
2370 994
3115 2619
2650 2684
2606 2621
3322 2473
2452 1203
2512 2572
2396 2443
2311 1304
3303 3398
3336 2408
1998 2354
2603 2903
2645 2110
3196 2946
3340 2708
2295 1270
2753 2529
3253 2557
2350 2366
3176 2528
2655 2566
2350 2389
3392 2999
2598 2695
2594 2142
2170 1648
2343 1231
2520 2959
2415 981
3297 2441
3307 2451
2822 2549
3269 2489
3111 2547
2673 2607
3118 2618
2583 2891
2282 1286
3539 3216
3173 2861
2544 2887
3132 2682
2282 1320
2808 2542
2470 1060
3357 3424
2438 943
3259 2496
2895 2591
2584 2889
2639 2706
2579 2600
2890 2561
2625 2774
3322 2460
3122 2468
3371 3052
2191 1466
3043 2400
3241 2591
2407 1047
3451 3075
3398 3062
2707 2550
2352 1005
2374 2527
3392 2981
3510 3175
2523 1220
3428 3378
3159 2783
2530 2941
2489 2520
3369 2934
3448 3375
3317 3372
2672 2718
3121 2455
3266 2945
3201 2648
3479 3305
3368 3046
2625 2604
2605 2719
2373 2419
2680 2740
3418 2955
2933 2577
3079 2460
3385 2908
3373 2952
3241 2622
2334 1005
3537 3266
3473 3100
3196 2749
3473 3156
3231 2608
3184 2839
2393 2504
3360 2344
3014 2564
3366 2367
2556 2977
2978 2520
2603 2739
2544 1146
3194 2946
2687 2590
2640 2678
2577 2699
2617 2660
2436 908
2436 1078
2271 1335
3443 3064
2642 2713
3192 2640
2465 1186
3397 3055
2620 2744
3514 3197
2602 2780
3033 2452
3134 2839
2440 966
2599 2579
3401 3002
3366 2653
3172 2743
3162 2748
3906 2764
3139 2576
2607 2152
3515 3173
3527 3312
2594 2535
3396 3076
3523 3177
2414 963
2553 2725
3297 2643
3783 2793
3073 2486
3302 2670
3218 2654
2585 2869
2347 2385
3201 2740
3808 2798
2359 2526
2529 1144
3417 3413
2423 2555
3393 2911
3450 3291
3025 2457
3258 2507
2415 959
2626 2693
3297 3388
3432 3350
3350 2638
2323 1313
2599 2150
2595 2538
2362 2500
2441 941
3227 2724
3191 2621
3175 2881
2479 2481
2615 2573
3192 2859
3381 3033
2308 1266
2416 963
3268 2616
3174 2857
2280 1307
3116 2444
3206 2521
3402 3390
3513 3197
3540 3155
3433 3094
2479 1217
3850 2715
2506 2567
2502 2557
2542 1207
2906 2558
3090 2516
2386 1203
2601 2837
2375 2485
2568 2938
2587 2593
2683 2582
3264 2547
3304 2692
3302 2615
2823 2531
3247 2570
2705 2555
3246 2693
2937 2572
3261 2621
2987 2513
2940 2591
3192 2946
3358 3432
3427 3398
3422 3056
3880 2727
3191 2711
2537 2490
3408 3074
3374 2967
3258 2498
2549 2561
3331 3369
2602 2792
2596 2902
2367 2546
2418 973
2364 2413
3289 2632
2543 1149
3524 3311
3386 3124
2377 2433
3309 2941
2147 1668
3225 2965
2609 2628
3369 2943
3226 2531
2604 2156
2610 2145
3361 2969
2607 2722
3311 2944
3455 3083
3270 2679
3221 2951
2380 2441
3364 3424
2989 2520
3474 3340
2326 1251
3550 3338
3355 2961
3061 2618
3250 2671
3085 2530
3504 3152
3507 3163
3398 3120
2614 2818
2460 1225
3161 2767
2505 2540
2718 2546
3208 2656
3200 2626
3321 2634
3339 3045
2419 1190
2530 2714
3122 2808
2973 2532
2421 1002
2385 2566
3285 2643
3082 2408
2542 2494
2477 1148
3108 2602
3098 2620
3018 2513
3336 2389
2578 2760
3262 2617
2968 2499
2614 2612
3222 2959
3303 2465
3346 2964
3107 2606
3502 3285
3312 2922
2763 2528
3279 2465
3889 2767
2514 2870
3167 2597
2427 1171
3524 3189
3160 2695
3321 2624
3108 2537
2418 1093
3359 2935
3170 2855
3477 3113
3419 3274
3072 2506
2445 1081
2666 2748
2571 2585
3541 3153
3525 3160
3265 2457
3523 3199
3390 3003
3349 2901
2434 2569
3280 2468
2908 2487
3384 3034
2418 988
3188 2854
3241 2601
3313 2421
3513 3293
2419 1085
3526 3173
3055 2603
3219 2668
3438 3273
2311 1258
3052 2406
3513 3176
3441 3040
3071 2549
2435 1082
2408 1105
3333 2947
2884 2542
2692 2558
3304 2730
3018 2447
2972 2533
2968 2533
3355 2973
3144 2589
3086 2487
3890 2762
2329 1279
2659 2512
2365 967
2504 2871
2820 2548
3258 2463
3159 2750
3304 2467
2586 2698
2402 2556
3529 3325
2597 2697
3528 3156
2360 1234
2545 2565
3503 3088
2701 2544
2876 2553
2193 1462
2765 2520
3251 2508
3133 2620
3180 2695
2704 2547
3423 3387
3130 2494
2454 1243
3226 2559
2641 2605
2650 2529
2590 2892
3111 2432
3320 2727
3289 2664
3317 2437
2461 1225
2680 2743
3537 3308
3229 2724
3219 2626
2493 1185
3279 2476
3473 3300
3226 2723
3400 3125
3807 2786
3243 2922
3335 2645
2405 1130
3353 2885
2549 2970
3280 2668
3525 3340
2700 2712
3109 2590
2387 1134
3341 3421
2622 2842
3365 2425
3452 3342
2684 2732
3395 3112
3297 2959
3371 2925
2411 2454
2701 2569
2454 2575
3205 2759
3157 2795
3492 3149
2527 1180
3280 2471
3465 3300
2648 2676
2276 1316
3071 2587
3363 2421
2729 2544
3843 2721
3323 2408
3212 2647
2371 2414
3173 2520
2376 1202
2366 979
3918 2772
3543 3339
3186 2844
2464 2563
2882 2530
3330 2474
2539 2737
3516 3279
3183 2612
2398 1146
3375 3419
3328 3367
2369 2492
3173 2862
3096 2478
2374 1207
3395 3081
2444 1068
2633 2771
3107 2477
2447 2580
3115 2491
2320 1253
2417 1167
2886 2537
2580 2600
3150 2860
3358 2368
3370 3068
3162 2523
3075 2411
3262 2455
2671 2706
3102 2431
3072 2565
3394 3070
2168 1619
3130 2632
3146 2587
2478 956
2887 2572
3805 2812
3138 2680
3299 2624
3284 2661
3523 3175
3207 2655
3414 3058
3461 3363
3223 2989
2633 2610
2451 954
3400 3101
3226 2596
2457 1060
2412 1014
2260 1342
2694 2595
2354 1009
3349 2626
3136 2583
3533 3201
2689 2588
3103 2493
3372 3028
2641 2807
2625 2692
3414 2979
2524 1181
3921 2776
2681 2759
2568 2692
3560 3144
3167 2740
2904 2495
3182 2603
3256 2635
3350 2900
3364 2651
3100 2537
3337 3353
2375 986
3162 2890
3220 2577
3209 2599
3474 3113
2584 2970
2619 2655
2531 1147
3312 2948
3063 2409
2706 2575
2618 2747
3069 2548
3183 2971
2612 2620
2425 2570
3358 2359
3506 3265
2577 2764
3368 2885
2518 2697
3345 2980
3354 2993
2897 2591
3173 2836
3000 2530
2585 2699
2335 1262
2482 1186
2598 2726
2371 2429
2733 2563
3229 2629
3317 2944
3427 3382
2654 2573
3236 2629
3164 2588
2719 2554
2625 2847
2731 2548
3375 2955
2471 954
3526 3275
3314 3382
2175 1628
3160 2528
3564 3155
3013 2481
3264 2620
2686 2541
3562 3156
3179 2712
3162 2828
2971 2571
2586 2939
2333 2389
3068 2495
3428 3376
2459 1191
2326 1274
2574 2735
2637 2598
2757 2557
2568 2976
3574 3301
3285 2625
2520 2721
3353 2376
2422 1160
2595 2759
3138 2838
3558 3227
2434 1063
3417 3059
2414 1122
2462 1225
3191 2610
2981 2520
2520 2707
2517 1229
2582 2943
3079 2393
2369 962
2408 1113
2397 2465
3434 3421
2907 2487
3252 2577
3321 2417
3169 2782
3192 2511
2504 2909
2281 1285
3307 2695
3096 2561
3199 2759
2345 2410
2692 2741
2183 1465
3868 2745
3049 2394
3223 2705
3384 2977
3339 3403
2152 1680
3006 2498
2681 2636
1931 2390
3249 2602
3364 3418
3205 2633
3319 2919
2329 1249
3193 2858
2173 1641
2646 2687
3171 2519
3214 2729
2199 1462
3569 3328
2624 2646
2708 2587
2639 2565
3428 3267
2592 2141
2354 1224
2335 2383
2391 2486
3191 2943
3345 3346
3090 2524
3195 2698
3075 2550
3590 3304
2498 2527
2370 2498
3893 2771
2607 2578
2611 2713
3108 2499
2548 2738
3367 3403
2175 1637
2534 1190
3358 3045
2556 2556
2395 1167
2526 2722
3112 2629
2513 2903
3381 2975
3335 2639
3517 3292
3532 3323
3070 2428
3362 2893
2408 1039
2522 2700
2454 1048
3309 2621
2498 2884
3371 2877
2420 1087
2556 2564
2398 2321
3482 3094
3009 2492
2651 2519
3453 3291
3375 3030
3351 2637
2679 2740
3556 3219
2626 2778
2823 2546
2425 1095
3355 2650
3378 3071
3199 2862
2430 969
2522 2880
3152 2856
2599 2624
3906 2772
3146 2907
2357 1011
3169 2832
3287 2630
2618 2715
3408 2976
2410 1159
2384 1212
2429 1154
3423 3043
2390 1134
2449 941
2573 2954
3331 2952
2341 2402
2420 1014
3319 2417
3218 2578
2289 1322
3192 2603
3393 3073
2480 2500
3377 2887
3330 2711
3170 2706
3536 3346
3257 2507
2387 961
3345 2984
3249 2637
3220 2600
2623 2702
2385 1143
2642 2694
2591 2138
2578 2695
3502 3284
2542 2903
3363 2888
3129 2719
3168 2890
3201 2923
2656 2118
2481 2566
2572 2978
3177 2908
3053 2446
2566 2554
2910 2500
3371 2411
2528 2882
3396 3091
3184 2516
3039 2396
3105 2444
3519 3301
3016 2483
2387 2564
3403 3405
3008 2516
3319 3378
3414 2977
2256 1350
2650 2517
3368 2343
2390 2551
3369 2927
3353 2909
3089 2613
2423 1076
2404 1116
2300 1270
2518 2716
3328 2432
2399 968
3153 2590
3009 2493
2497 2604
2161 1572
2710 2589
3185 2620
3250 2636
3124 2714
3054 2409
3145 2783
2531 2889
2528 2560
3024 2516
2540 2734
3036 2518
3156 2864
2663 2504
3232 2554
2598 2730
3325 2389
3414 3398
2529 1180
3367 3001
2592 2698
3204 2628
2144 1669
3375 2889
2456 2566
3520 3341
2409 966
2451 953
3283 2943
3523 3188
2759 2519
3233 2921
3104 2603
3321 2714
3453 3056
2521 2689
2572 2976
3160 2624
2605 2591
3340 2643
2182 1634
2732 2549
3361 2928
3155 2686
2369 2515
3879 2712
2436 1070
2658 2620
3061 2441
2438 1050
3330 2936
3200 2526
2845 2531
3327 2420
2601 2700
3569 3159
3098 2627
3426 3393
3208 2757
3162 2588
3329 2383
2459 1226
2352 1228
2759 2538
3155 2901
2518 1166
2375 1204
3351 3398
3307 3355
3340 3395
2505 2486
3112 2479
3058 2442
3067 2434
3411 2961
2458 1048
2577 2553
3071 2573
3174 2863
2791 2527
2455 1241
2633 2721
2371 991
3889 2765
3325 2461
2741 2549
3122 2466
3240 2513
3169 2899
2709 2549
2540 2908
2325 1284
3212 2599
3192 2621
3344 3425
3277 2710
3176 2727
3348 2983
3343 3435
2487 2513
3063 2410
2445 2576
2395 1161
3219 2602
2424 1192
3202 2519
2607 2788
3500 3112
3462 3290
2681 2707
3159 2862
2607 2771
2643 2562
2620 2635
3247 2582
2749 2555
2517 1158
3064 2527
3227 2910
2545 2941
2635 2661
3141 2646
2500 2903
2397 1038
2311 1309
3512 3119
3020 2488
2416 2551
2138 1639
2592 2755
3237 2502
3483 3171
2394 1201
2516 1217
2602 2619
3017 2513
3067 2496
3337 3347
2375 999
3564 3341
3566 3330
3403 2967
3510 3292
3334 2696
2589 2532
2463 1172
3137 2788
3425 2981
3369 3397
2995 2485
3922 2778
3375 2960
3045 2402
2619 2635
3154 2756
3094 2557
3312 2420
2608 2756
2327 1277
2397 2560
2717 2562
3433 3420
3349 2926
2364 1257
2359 2532
2466 2576
3287 2620
3133 2795
2397 1042
3149 2782
2340 2358
3088 2537
3016 2449
3329 2634
2456 1015
3092 2522
2358 2527
3258 2956
3353 2660
3180 2843
3399 2965
2528 2874
2540 2490
2722 2564
3253 2601
2608 2753
2651 2117
3519 3342
3314 3399
3170 2887
2569 2685
3219 2518
2596 2555
2619 2846
3085 2547
3389 2988
2637 2793
3551 3337
3300 2620
2653 2518
2589 2887
3034 2518
3151 2581
2175 1644
2262 1369
3082 2407
3503 3151
3402 2994
3380 3396
3412 2957
2545 1210
2662 2505
3235 2528
2426 1087
2801 2533
2535 2740
2357 1248
2393 2455
2466 969
3089 2455
2642 2682
3411 2948
3263 2955
2775 2512
2496 2576
3334 2964
3351 2964
3358 2663
2376 1206
3056 2448
3383 3401
2147 1624
2470 1163
2417 1002
2591 2730
3204 2760
2984 2522
3350 2902
2204 1464
2698 2754
2570 2976
3859 2706
2906 2561
3917 2767
2572 2894
2453 1196
3358 2647
3228 2648
2327 2412
3360 2667
2162 1574
2504 1199
2606 2583
3405 2993
2483 1184
3472 3159
3463 3374
2571 2976
3523 3160
3477 3305
2359 2411
2505 2489
2535 2553
3233 2704
2648 2688
3517 3124
2522 2886
3250 2519
2653 2623
3089 2490
3474 3305
3881 2708
2458 2584
2584 2539
2633 2618
3524 3269
3301 2721
3527 3239
3158 2581
2364 1249
3129 2470
2519 2687
2646 2695
3101 2493
3070 2568
2638 2695
3184 2837
3357 2357
3232 2504
2386 2418
2276 1359
3438 3069
3470 3098
2644 2526
2612 2618
3225 2957
3319 2622
2959 2567
3203 2533
3359 2358
2429 2562
3260 2956
2472 1145
2891 2543
2363 2527
3228 2949
3582 3319
3379 2914
3348 2632
2290 1300
3495 3144
3160 2743
2614 2146
2996 2522
3551 3202
2334 999
3448 3060
3291 3381
2410 2553
2511 2871
3322 2632
3361 2935
3011 2514
2418 2556
3211 2529
2596 2767
2748 2552
3311 3355
3224 2971
3310 3407
3174 2904
2600 2833
2505 2870
2908 2566
2626 2604
2646 2521
3907 2772
2621 2150
2311 1259
2525 2721
2501 2896
3341 3366
2401 988
2264 1352
3015 2495
2691 2748
3509 3164
3518 3317
3290 2653
3224 2663
2179 1466
3465 3132
3037 2517
2436 943
2393 2531
3467 3324
3299 2729
2964 2492
3367 2995
3004 2483
2500 2596
3198 2528
3334 2469
3079 2467
2636 2678
3340 2707
2334 1003
3097 2467
2425 1018
2436 1174
3264 2616
2277 1360
3085 2590
2587 2588
3315 2464
2428 2561
2892 2513
3201 2921
3466 3327
3200 2698
2387 2504
3524 3200
2259 1347
2579 2973
2539 2908
2414 1142
3555 3328
2450 1194
3260 2928
2375 2416
2392 2546
3288 2664
3305 2942
3545 3340
3332 2933
3502 3190
3162 2896
3227 2723
2475 2577
2858 2532
3612 3129
1933 2383
3487 3316
3090 2554
3258 2574
3459 3057
2724 2581
2979 2541
3279 2628
2469 2507
2410 2560
3070 2463
2649 2115
3305 2619
2227 2222
3500 3290
2625 2140
2423 1056
3081 2549
3329 3367
2528 2875
2620 2809
3269 2614
2495 2467
3332 3036
3511 3249
2345 1237
2292 1259
3214 2727
2325 2386
2570 2939
3063 2438
3499 3198
2431 1054
2467 1023
2444 2579
2629 2778
3509 3207
3543 3342
3163 2694
2368 2415
2397 1144
3272 2695
3285 2669
2273 1362
2377 2531
2684 2594
2729 2586
2540 2915
3018 2511
2387 1041
3216 2593
3394 3122
3176 2529
2634 2601
2772 2515
2177 1442
2382 1142
3409 3059
3266 2467
2383 2505
2158 1682
3520 3114
3011 2512
2765 2521
2599 2144
3038 2397
3092 2516
3294 2716
3551 3143
2423 2575
2394 1210
3369 2926
3365 3394
3303 2941
2468 1217
2468 1218
3574 3321
2374 2545
3121 2560
3104 2536
2970 2524
3475 3340
3492 3310
2359 2503
3295 2714
2718 2548
2945 2578
2583 2944
3082 2505
3050 2512
2369 2489
2392 2483
3228 2660
2557 2582
2435 971
3441 3039
3127 2475
2547 2938
3252 2957
2331 2376
2167 1563
3169 2834
3354 2995
2581 2761
3167 2655
3243 2546
3211 2512
2346 2366
3476 3106
2444 942
2824 2543
3129 2565
3923 2764
3186 2945
2554 2927
2371 2497
3460 3083
2419 1084
2938 2572
3298 2657
2940 2573
2645 2617
2526 2892
2960 2567
2722 2552
2563 2971
2288 1241
2598 2592
3536 3158
2506 2868
3381 3034
3175 2793
2617 2749
2471 1217
3348 2904
2880 2534
3218 2653
2622 2836
2781 2518
2390 2530
3238 2665
2689 2549
2639 2589
3524 3309
3592 3296
2766 2511
3357 3437
3386 3090
3239 2693
2178 1465
3346 2648
3371 2394
2316 1315
3205 2533
3314 2689
2887 2512
3362 2345
3378 2909
3124 2558
3171 2523
2295 1241
3590 3297
3018 2450
3289 2446
3562 3329
2492 2521
3353 2977
3256 2574
2590 2884
2640 2550
2676 2744
2553 2889
3104 2620
2601 2625
2505 2541
3450 3374
3493 3183
2790 2520
2515 1158
2561 2738
2518 1223
2329 1303
3087 2456
3453 3287
2312 2396
2378 2450
2747 2528
3048 2419
2588 2891
2387 2574
3159 2648
3230 2529
3308 3403
2192 1496
3082 2529
2635 2694
3898 2742
3836 2728
3589 3305
2139 1652
3378 2343
3362 3047
2840 2534
2658 2517
2645 2795
2351 991
3390 2976
2851 2530
2612 2748
3883 2774
3134 2619
3327 2725
2669 2748
2354 997
3199 2937
2903 2568
2556 2565
3496 3151
3283 2953
2465 1038
3194 2927
3069 2496
3252 2510
3499 3151
3129 2498
3316 2420
2294 1276
3345 2971
3225 2646
2592 2760
2396 1132
3162 2644
3145 2689
2636 2594
2571 2707
3894 2767
2521 2886
2406 2557
2593 2617
3437 3038
3188 2643
2359 956
2469 1025
3922 2789
2153 1627
2600 2779
3324 2397
2537 2939
2575 2740
3316 3404
3195 2699
3308 2644
3316 2688
2347 1268
2673 2605
2502 2558
3192 2637
3076 2493
3231 2915
3346 2944
2911 2566
3076 2562
2634 2812
2369 1258
3117 2480
3353 3047
3357 2345
2537 2733
2933 2579
3528 3186
2580 2904
2480 968
2624 2846
3847 2711
3314 2946
2378 990
3201 2962
3214 2650
3502 3141
3506 3131
3345 3399
2465 1042
2479 965
3341 3395
3372 2941
2384 2442
2610 2717
3487 3291
3054 2411
2378 1201
2598 2616
3853 2722
2509 1209
3208 2528
2194 1463
2529 1157
2285 1260
3229 2593
2305 1271
3497 3087
2412 1190
3469 3110
2572 2705
2437 2576
3438 3038
2542 2483
3181 2847
2187 1632
2737 2559
2494 1192
3032 2474
3349 2909
3071 2416
3270 2632
3452 3075
3262 2701
3234 2598
3508 3141
2600 2154
3192 2864
2538 2566
3301 2943
3000 2564
2967 2529
2132 1654
3449 3345
2481 974
2876 2550
3357 2957
3491 3132
3187 2645
2514 2922
3151 2636
2540 2484
2968 2566
3416 3059
2293 1258
3228 2700
3128 2806
2553 2720
3199 2521
2173 1616
2847 2537
2455 1220
3561 3162
2598 2752
2544 2566
3390 3078
3080 2529
3515 3202
3268 2679
3917 2773
3311 2656
2586 2741
2479 1223
2176 1634
3023 2510
3509 3078
3263 2576
3168 2638
2501 2520
3343 3414
3241 2968
2379 1219
3232 2696
3287 2708
2639 2586
3499 3163
3321 2688
2543 1143
3016 2556
2361 1002
2590 2559
3274 2474
2502 2512
3069 2547
3434 3350
3450 3344
2627 2815
3304 3373
3801 2807
3498 3115
3489 3183
2363 975
3103 2531
3237 2546
3142 2785
3135 2791
3085 2468
3806 2805
2206 1465
2698 2726
3915 2776
2969 2508
3465 3304
2414 989
3155 2782
2584 2967
3531 3337
2893 2554
3233 2934
2332 1248
2627 2618
3340 3411
2512 1231
3507 3161
2416 1098
3321 2689
2395 2562
3090 2612
2892 2575
3302 2750
3509 3287
2632 2134
2329 2411
2522 2952
2404 1035
2328 1284
2345 1271
3901 2737
3272 2672
3162 2736
3091 2455
3196 2632
2491 2528
2840 2526
3892 2732
2425 970
3165 2513
2993 2511
2654 2678
3431 3381
3161 2591
2603 2596
3423 3397
2722 2555
3107 2542
3519 3280
2896 2543
2422 1097
2422 1095
3496 3137
2509 2926
3797 2785
3124 2559
2753 2515
3260 2624
3338 3408
2647 2119
3352 2896
3950 2763
2280 1360
3118 2548
3040 2397
2362 949
3510 3157
3510 3252
2268 1316
3308 3401
2511 2924
3344 2645
3164 2826
3181 2601
3461 3368
3452 3285
2605 2835
3252 2505
2612 2818
3188 2712
2896 2554
3211 2530
3352 2971
2908 2485
2628 2642
3443 3042
2498 2490
3548 3208
2704 2723
3307 2445
2577 2981
2583 2873
2641 2606
2366 1213
3514 3264
3151 2826
2469 1216
2607 2847
3309 2942
2880 2552
2377 1252
2390 953
2479 1176
3296 2639
3306 3394
3360 2678
2455 1242
3205 2606
3237 2527
3176 2530
2884 2536
3808 2806
2925 2576
3363 2885
2495 2909
3348 2351
3895 2778
3009 2488
3397 3066
2517 1222
2388 2547
3260 2457
3076 2436
3361 2668
3221 2594
2404 1210
3532 3170
2579 2977
3523 3167
2511 1220
2390 2429
2694 2728
3935 2771
2541 2908
2624 2804
3467 3143
2558 2982
2460 1013
2603 2792
3518 3196
3450 3071
3878 2709
2645 2786
3362 3393
2503 2909
3529 3133
3081 2485
3131 2676
3096 2557
2617 2126
3367 3420
2539 2727
3080 2518
2539 1148
2872 2545
2555 2565
2369 997
2439 1063
3181 2607
3195 2749
3488 3313
3209 2764
3430 3271
3269 2662
3469 3356
3016 2551
3456 3372
2464 1037
2582 2871
2427 2558
2485 1219
3364 3045
2882 2553
2497 2473
3308 2452
2814 2532
2509 2927
3321 2625
2698 2725
3471 3341
3172 2746
2407 2450
3444 3096
3256 2500
3477 3341
2682 2634
2524 1204
3527 3271
2822 2532
3251 2634
2534 2913
3898 2747
3167 2890
3153 2800
3368 2404
3222 2629
2465 1036
3089 2530
2815 2538
3198 2729
2366 2549
2707 2562
3383 3403
3177 2535
3341 2966
2638 2551
3398 3069
2522 2872
2324 1312
2542 2729
3335 3408
2287 1244
2414 994
3322 3378
3128 2625
2639 2135
3333 3373
2892 2539
3320 2407
3368 3000
3254 2946
3353 2987
3358 2369
3175 2724
3537 3222
2973 2519
2623 2804
2383 2533
3149 2577
2852 2534
3277 2712
3201 2527
3523 3306
3106 2542
2549 2571
2422 964
3154 2785
2593 2561
3485 3288
3427 2975
2499 2598
3560 3342
3058 2453
3244 2581
3885 2772
3385 2931
3198 2969
2335 1230
3345 2629
3219 2654
3219 2590
2601 2894
3080 2477
3198 2965
2546 2920
2521 2888
2365 2416
3323 2631
3208 2956
2610 2773
2471 2574
2562 2684
3250 2571
3356 3397
3905 2767
3103 2474
2836 2522
3248 2588
3148 2691
3179 2846
2277 1305
2378 1199
3246 2543
3316 2689
3295 2438
3423 2976
3323 2633
3052 2608
3113 2603
2459 1186
2561 2748
2481 2488
3252 2958
2559 2566
2395 2438
2339 2412
3306 2445
2498 2488
2616 2678
3339 3368
3481 3122
3401 3399
3309 2741
3105 2633
2527 2952
3116 2473
3217 2618
3514 3265
2390 2558
2480 2567
2648 2696
3210 2704
2525 1200
3314 3398
2540 2888
3386 3403
3250 2510
2438 1207
2639 2594
3064 2598
2360 1252
2601 2731
2333 2379
2593 2575
2506 2572
2416 955
3166 2794
3165 2729
2423 1196
2947 2591
2380 2514
3127 2494
3016 2560
2297 1327
3468 3140
2522 2693
2602 2738
2463 1188
2175 1437
2458 2565
3359 2430
3056 2507
3303 2744
3376 2667
3366 3388
3225 2627
2506 2486
2973 2518
2418 1070
2500 2527
3172 2599
2601 2787
2919 2571
2587 2869
3900 2770
3366 2888
2750 2516
3102 2526
3430 3065
3385 3400
2534 2912
3162 2591
3324 2464
2583 2892
3811 2789
2552 2729
2443 2574
3421 2956
3529 3168
3359 2904
2683 2595
2996 2515
3256 2507
3378 3074
2818 2533
2669 2601
2348 1269
3329 2423
3175 2657
2962 2497
3351 3445
2654 2704
3382 3069
2574 2966
3424 2978
2835 2521
3195 2732
2308 1250
2505 2575
2194 1495
2623 2695
3187 2925
3167 2854
3505 3141
3390 3121
2523 2718
3230 2917
3431 3412
2541 1197
3388 3083
2266 1354
3251 2933
3181 2910
2604 2613
3405 3402
3048 2499
2633 2805
2421 973
2292 1271
3093 2460
3135 2682
2585 2553
2321 1271
3397 3098
2428 1018
3115 2803
2618 2692
3409 2953
3614 3131
3019 2496
3227 2641
3226 2599
3072 2437
2593 2857
3329 2697
3327 2724
2591 2530
3169 2529
2579 2583
2591 2759
3284 2660
3401 3400
3303 3389
3320 2622
3906 2768
3182 2602
3314 3397
3431 3038
3246 2967
3270 2678
2366 2497
2354 993
2637 2541
2483 1186
3337 2728
3178 2877
3137 2577
2597 2871
2619 2782
3881 2727
3339 2420
3149 2579
2378 987
2457 1057
2247 1365
2686 2738
2514 2924
3507 3252
2951 2582
3837 2725
3313 2436
3158 2631
3615 3135
3356 3438
3304 3369
2352 1229
3367 2368
3152 2710
3425 3393
3530 3249
2170 1460
3431 2972
2385 997
2983 2548
2645 2549
2493 2563
3101 2479
3331 2954
3364 2895
3209 2516
3067 2435
3196 2920
3358 3444
2970 2558
2575 2554
3214 2634
3359 2368
3535 3231
3351 3423
3112 2582
2644 2674
2351 2529
3336 3381
3332 3042
2517 1163
3038 2521
3315 2741
3121 2463
2509 2555
2619 2668
3527 3278
3466 3351
3338 3044
2611 2619
2628 2773
3080 2531
3066 2554
3172 2777
2469 1164
3356 2650
3021 2466
2171 1609
2503 2908
2593 2536
2392 1131
2598 2579
3072 2478
2251 1349
2296 1310
2138 1637
3072 2395
2881 2541
2609 2575
2561 2687
3171 2855
3109 2539
3387 2943
2502 2881
3078 2507
2562 2756
3320 2437
2571 2586
2445 970
2353 1258
2483 2497
3420 3417
3527 3272
2171 1465
3346 2628
2725 2556
3401 3402
3528 3249
2774 2513
3065 2435
2385 1167
2805 2523
3085 2589
3330 2698
2489 2490
3802 2810
2637 2593
3134 2832
3352 2391
3091 2457
3373 2882
2843 2533
3355 2670
2366 2536
2414 1137
2513 2489
3172 2744
3540 3233
2888 2519
2601 2626
3282 2474
2500 2520
2517 2676
3360 3043
2300 1302
3423 3396
3389 3388
3901 2716
2607 2721
3106 2465
3238 2929
2814 2526
3344 2644
2758 2514
3386 3030
2391 2467
1930 2369
2257 1336
3055 2611
2362 2492
3294 2959
2668 2707
2630 2619
2686 2735
3347 3398
3408 2954
3284 2668
2520 2560
3035 2522
2383 1043
3520 3186
3349 2971
2351 2413
2657 2711
2349 999
2533 2727
3263 2468
3166 2785
3936 2772
3470 3323
2346 2389
3446 3108
3214 2606
3349 3351
2544 2551
2546 1212
2509 2900
3528 3145
2352 2416
2541 2889
2618 2690
2418 1160
3561 3158
3335 2404
3325 2721
2385 2451
3117 2476
2273 1334
3552 3209
3248 2573
3323 2940
3115 2802
2902 2490
3535 3147
2572 2935
2828 2519
2647 2511
2593 2698
3121 2711
3203 2686
2573 2736
2398 966
2752 2559
3887 2765
2497 2470
2366 2490
3189 2959
3377 3072
2646 2517
2668 2597
3168 2696
3206 2705
3204 2703
2606 2614
3567 3153
3023 2520
2139 1635
2169 1649
3123 2623
3510 3123
3094 2482
3200 2739
3495 3178
2461 1204
3437 3066
2817 2547
3173 2646
3136 2791
2349 1266
3067 2600
3486 3311
3182 2841
2533 2885
2447 929
2631 2135
3382 3393
2367 2412
2503 2576
3189 2721
2647 2586
3112 2608
3243 2957
3219 2601
2657 2517
3174 2864
3306 2650
2363 2403
2294 1267
3351 2358
3330 2699
3374 3070
3312 3407
3261 2537
2398 1035
3278 2947
3139 2838
3351 2371
2274 1327
3337 3023
2472 2500
3170 2713
2466 1216
2581 2737
3331 3378
3519 3269
2523 2564
2416 997
2536 2885
2666 2602
2622 2702
2611 2635
2466 954
3161 2844
3422 3275
3031 2458
2432 1175
3075 2563
2387 2477
2607 2774
3943 2757
3371 3059
2303 1307
2375 987
2598 2842
2323 2404
2674 2613
2141 1663
3027 2490
2701 2573
3560 3142
3438 3034
2949 2582
3188 2528
3204 2534
3064 2500
3278 2461
3196 2924
3233 2705
2505 1199
2726 2567
3290 2640
3068 2525
2304 1307
2620 2786
2330 2411
2462 1166
2657 2712
3414 3061
3881 2737
3213 2647
3369 3393
3197 2967
3562 3320
2651 2611
3116 2574
3205 2655
2528 2931
3410 3405
2356 1266
2706 2712
3733 2858
3221 2618
3161 2705
3336 3024
3500 3187
2321 1237
3068 2436
2456 1221
3191 2716
3127 2806
3219 2610
3328 2717
3510 3116
3329 2711
3337 2415
3259 2621
3385 3381
3533 3143
3489 3285
3005 2519
2415 1022
2410 2558
3131 2681
2656 2515
2627 2611
2497 2605
3031 2488
3230 2957
3366 3424
3300 2470
3244 2555
2596 2907
3111 2558
3322 2461
2798 2545
3100 2622
3258 2573
2325 1310
2594 2554
3472 3349
3334 3385
2606 2609
3469 3298
3847 2710
2617 2713
2430 1192
2506 2559
1934 2373
3159 2582
2421 1168
2693 2564
3335 2722
3068 2595
2498 2525
2744 2528
3153 2860
3069 2480
3273 2668
3330 2412
2680 2721
2950 2532
3168 2714
2350 1235
2393 1015
3172 2880
2638 2573
3391 3093
3206 2535
3876 2724
3316 2920
3002 2483
3510 3152
3427 3027
2453 975
3368 2881
2271 1332
2435 2567
3339 3372
3213 2623
3233 2958
3143 2603
3063 2614
3348 2645
3455 3318
2336 1272
3329 3047
2570 2953
3136 2617
2524 2561
2377 1220
3245 2958
3470 3352
2355 982
3351 3440
2627 2782
2512 2548
3370 3421
3289 2950
2349 2401
3004 2462
3854 2705
2576 2708
2615 2661
3864 2711
3055 2391
3332 2727
2601 2624
3510 3309
3439 3354
2639 2807
3083 2467
3185 2857
3310 3383
3270 2691
3112 2604
2363 1212
2638 2538
2458 1016
2908 2561
2389 2470
3305 2616
3373 3080
2430 1059
3484 3314
2587 2747
2970 2564
3176 2644
3153 2859
2389 2459
2411 1025
3425 3410
2420 1053
2529 2735
2631 2815
2351 1252
2694 2557
3442 3272
2678 2743
3343 3390
3107 2479
2402 1203
3891 2731
2985 2536
2570 2962
2370 2492
3072 2484
2564 2938
3127 2476
3436 3379
2633 2636
3365 2935
2452 961
3076 2393
2625 2800
3393 3013
2504 2567
3098 2472
3240 2973
3352 2393
3156 2746
2369 990
3952 2763
3207 2527
3366 3054
2378 2536
2363 2528
2499 2883
3028 2521
2536 2489
2755 2559
2282 1290
3060 2620
3077 2471
3159 2756
2377 2509
3210 2580
3405 3416
3073 2557
2614 2633
3069 2456
3506 3165
2386 1206
3061 2409
3384 2930
3102 2563
3398 3071
2488 2526
3876 2722
3454 3058
2481 2481
3224 2640
2464 1019
2501 2525
2405 2538
3144 2637
2358 1228
2508 2542
3498 3089
2517 2701
2252 1352
3520 3280
3013 2456
3009 2553
2602 2735
2361 1225
3117 2546
2315 1304
2523 2709
2379 991
2572 2583
2638 2601
3075 2397
3366 2869
2866 2544
3079 2399
2352 2418
2550 2560
3306 2662
2616 2778
2404 2559
3876 2727
2892 2559
2408 1110
2722 2581
2427 1196
3157 2822
2474 955
2681 2545
3466 3133
1935 2385
2459 2581
3364 3058
3503 3165
2524 1199
2409 1128
2291 1267
3045 2399
3349 2624
2546 1207
2605 2822
3334 2713
2490 2519
3311 2661
2432 2573
3295 2658
3456 3279
3358 2961
3917 2775
2141 1630
3168 2830
3292 2660
3098 2547
3314 2420
2387 2418
3381 3078
3587 3301
3900 2738
3023 2457
3509 3316
3946 2759
2369 2415
3153 2614
1936 2376
2646 2119
3078 2403
2970 2525
3372 2674
2417 963
3019 2486
3261 2930
3010 2500
3450 3059
2531 2911
2516 2564
2989 2513
3310 3367
3369 2399
2685 2595
2621 2800
2585 2592
2391 2414
2354 999
2573 2550
3185 2851
3182 2738
3509 3142
3195 2613
2641 2595
3554 3217
3370 2871
3242 2929
3185 2622
3320 2634
2610 2681
3523 3302
3113 2478
2495 2567
2700 2724
2290 1268
3578 3304
2897 2559
3213 2513
3393 3114
2336 1256
2824 2546
2438 1069
2169 1638
2262 1338
3131 2631
3380 3066
3574 3325
3275 2482
3120 2462
2610 2765
3077 2436
2698 2585
3358 2661
3259 2951
3084 2589
2399 1146
2270 1341
2655 2531
3550 3334
3117 2822
2550 2565
3213 2605
2682 2579
3426 3413
2272 1322
3317 2419
3431 3402
2957 2579
2552 2728
3225 2566
3179 2638
3041 2406
2661 2564
2620 2646
3410 2960
3271 2463
3815 2790
2527 1152
3436 3039
2416 998
3174 2838
3430 3378
3073 2578
3361 3051
2404 1149
2441 969
2378 2534
3231 2947
3460 3373
2382 2454
3057 2391
2492 2469
2482 1221
3321 2719
3031 2528
2372 1204
2594 2534
3135 2840
3205 2683
3372 3396
2589 2869
2516 2486
2322 1310
3431 3035
2518 2722
2414 2455
2460 2565
3468 3360
3430 3047
2649 2562
3352 2644
3343 2985
3342 2639
3329 2405
3003 2483
3427 2978
2619 2130
3380 3097
2641 2692
3159 2864
2586 2985
3202 2935
3058 2623
2567 2959
2652 2677
3344 3045
3507 3141
2711 2569
3023 2519
2530 2945
3390 3114
3428 3269
2482 1215
3238 2507
3363 3051
3356 3423
2642 2795
2710 2561
3230 2976
2461 2578
3378 3422
2390 1127
2637 2601
2505 2925
3512 3120
3347 3387
2969 2529
3143 2600
3366 2879
3178 2712
3077 2399
3364 2339
3423 3268
2589 2555
3363 2674
2520 2722
3240 2712
2513 2867
3206 2617
3444 3062
3252 2519
3122 2710
3125 2811
2181 1633
2969 2552
2581 2972
3168 2891
2460 1173
2391 2463
2981 2521
2587 2882
2639 2129
2379 1201
3927 2757
2384 2445
2585 2743
2412 2447
3414 3265
3207 2730
3249 2594
2519 1222
3478 3106
2171 1619
3162 2623
3189 2517
2415 1193
2459 1234
2484 1169
3573 3324
3131 2620
3184 2614
2396 1206
3365 2394
2609 2590
2593 2554
2601 2771
2558 2920
3279 2705
3173 2835
3245 2699
2653 2700
2415 1141
2492 2909
2578 2714
3386 3405
2359 1243
2322 1311
3097 2557
2704 2724
2516 1147
3177 2705
3129 2566
2527 1222
3329 2474
2406 1117
2545 2917
3086 2490
3497 3187
2539 2926
2686 2728
3305 2450
3029 2459
2883 2531
3373 3389
3088 2495
2399 2505
2629 2674
3152 2815
2494 2471
3087 2598
2507 2582
2533 2740
2618 2743
2362 2494
3464 3324
3169 2866
2460 1029
3355 3447
3070 2435
2171 1458
3088 2602
2633 2130
3097 2439
2136 1650
2590 2741
2495 2503
3389 3020
3514 3186
3382 3029
3090 2615
2580 2721
2557 2750
2499 2537
3422 3271
3526 3312
2464 2564
2530 2885
2597 2601
2464 1188
2631 2690
3085 2512
3479 3306
2296 1273
3328 2934
2589 2529
3075 2395
3440 3041
3505 3086
2492 2510
2434 1155
3342 3031
3565 3345
2412 1139
3530 3239
3407 3397
3339 3373
3424 3355
3315 2420
2760 2536
2724 2585
3399 3388
2438 1179
3430 3046
3296 2478
2745 2522
3350 2985
2510 2882
3221 2664
3357 3045
3168 2796
2658 2707
3067 2557
2485 2473
2520 2708
2599 2896
3537 3239
3258 2634
2417 1095
3876 2738
3056 2615
3308 2619
3194 2862
2395 2573
3260 2540
3178 2729
2411 1112
3912 2775
3251 2614
2503 2882
2419 1010
3357 2919
3534 3179
3919 2773
3537 3240
3306 2638
2735 2560
3367 3389
2760 2535
2458 1229
2350 1234
3507 3087
3430 3069
3156 2756
2347 1234
3015 2559
3110 2629
3511 3158
3281 2648
2588 2912
2900 2486
3128 2692
2337 1262
2468 1163
2792 2502
3367 2925
2371 945
3086 2494
2530 2890
2686 2586
3881 2723
2392 2567
2871 2570
2178 1631
3460 3095
2394 1209
3581 3302
2557 2924
3249 2610
3104 2602
2414 985
2995 2481
3898 2783
2507 2486
3460 3079
3357 2661
3311 3371
2417 1066
3163 2761
3357 2663
3125 2565
2580 2582
2366 1252
2647 2537
2425 2562
2521 2873
2357 1002
2170 1566
3448 3061
2694 2729
2357 1256
3795 2785
2624 2632
3234 2553
3517 3315
2389 2553
3015 2570
2462 1021
3582 3312
2383 1263
2740 2552
2601 2154
2408 2535
2394 2430
2674 2713
3296 2651
3335 3345
3503 3112
3486 3284
2412 1199
2482 1212
3367 2414
3167 2776
2343 2408
2309 1269
3494 3183
3508 3120
2616 2744
2596 2867
3203 2920
2878 2576
3230 2629
3902 2734
2634 2697
2595 2550
3509 3257
3339 2647
2305 1307
3876 2723
3893 2777
3419 3401
3262 2706
3176 2649
3175 2536
3290 2666
2626 2652
3324 2633
2607 2775
3899 2716
3375 2877
3200 2962
3242 2677
2313 2399
2633 2806
3159 2581
3286 2624
2706 2557
2903 2484
2293 1273
2588 2629
3079 2526
3361 2432
3841 2717
3293 2480
3235 2670
3411 2957
3318 2690
3348 3356
2468 1032
3835 2729
3030 2459
3109 2801
3222 2664
3252 2695
2388 2411
3400 2989
2585 2616
3138 2579
3549 3339
2348 2389
3271 2477
2542 1202
2831 2520
3080 2396
3250 2611
3005 2484
2531 2883
3537 3309
3872 2713
3579 3322
2601 2862
3795 2804
3438 3032
2589 2882
2329 1289
3073 2434
2478 2511
2616 2147
3277 2670
2406 1113
2379 1212
3483 3098
3364 2418
3917 2783
2428 1077
2500 1196
3516 3197
2748 2564
2541 2560
2513 2554
3346 2983
2295 1327
2597 2845
3369 2673
3389 2982
3049 2512
3055 2605
3512 3155
3274 2619
3180 2971
3357 3440
2601 2718
2592 2550
2368 997
3359 2429
3322 2464
3851 2715
2255 1337
2805 2546
3279 2666
2440 1049
2967 2552
3224 2620
3357 2886
2587 2738
2608 2715
3797 2786
3119 2489
2554 2733
2481 1209
3067 2427
3300 2657
2448 1212
3330 2951
3391 3117
3204 2911
3891 2758
2551 2738
2485 1186
3525 3184
3270 2672
3108 2560
3359 2655
3237 2554
2255 1359
3501 3092
2358 1212
3415 3403
3014 2493
3228 2968
3032 2517
3193 2701
2192 1461
3305 2465
3171 2908
2715 2558
3014 2452
3236 2540
3250 2517
3276 2484
2427 1191
2496 2526
3190 2916
3076 2523
2674 2498
3890 2732
2970 2512
3353 2947
2453 960
3539 3226
3306 2736
3334 3022
3383 3393
2546 2560
2360 1008
2395 1159
3854 2706
3432 3405
3287 2619
3091 2612
3262 2695
3065 2428
3345 3352
2646 2679
3373 2340
2404 1027
3225 2501
3102 2531
2287 1303
3475 3107
2192 1490
3309 2662
3199 2927
3195 2720
3241 2972
2584 2699
3404 3076
3343 3380
3240 2517
2592 2535
2650 2519
3550 3188
2904 2482
3087 2586
2404 965
3214 2957
3342 3356
3803 2810
2589 2760
2548 2747
2405 1116
2518 1168
3320 2624
3233 2650
2641 2795
2515 1215
3091 2530
2322 2122
2672 2641
3558 3144
2897 2539
3485 3139
2967 2566
3076 2435
3165 2828
3034 2521
2396 2464
2412 1565
2623 2808
2589 2696
2707 2558
3301 2470
2554 2727
3217 2610
3523 3268
3867 2742
3377 3390
3412 3397
2430 2569
2483 2573
2525 2471
2904 2503
3323 2630
3121 2577
3147 2802
3805 2811
3213 2729
3611 3129
3389 3124
3379 3079
3107 2536
2406 1189
3346 3425
3336 3043
2394 1162
2138 1636
3232 2931
2141 1662
2638 2575
3372 2954
3065 2412
3802 2793
2602 2739
3225 2527
3208 2631
2649 2679
2408 2536
2620 2663
3370 3385
2333 1278
3168 2857
3064 2451
3016 2489
3193 2723
3324 2717
2589 2630
2386 991
3314 3374
2923 2570
2431 937
2498 2928
3837 2729
2425 2560
2639 2543
2738 2553
2573 2972
3393 2995
2600 2602
3087 2612
2334 1276
2994 2483
3529 3198
3305 2439
2643 2793
3152 2784
3071 2508
3293 2633
3351 2971
2422 1197
2669 2721
3530 3328
2947 2593
3240 2968
2966 2541
3068 2546
3004 2492
2538 2738
2510 1233
2357 2417
3370 2412
3480 3308
3449 3054
3165 2632
3386 2992
3532 3322
2544 2734
3451 3058
3231 2649
3091 2622
2407 1025
2298 1241
2523 2874
3069 2580
3193 2862
3223 2509
2441 930
2432 2567
2458 2574
3401 2999
2393 2416
3357 2971
2456 2578
3441 3279
3253 2606
3107 2636
2294 1306
3286 3387
3429 3027
3068 2559
3522 3274
3459 3360
2365 1227
3510 3315
3165 2783
2390 2554
2584 2735
2407 1205
3522 3297
2558 2928
2620 2693
2624 2647
3072 2480
3172 2525
3243 2570
2414 1002
2617 2819
3296 2445
3473 3328
3295 2637
3384 3067
2701 2593
3898 2753
3191 2636
2674 2615
2539 2720
2394 2545
2376 2546
3171 2644
2585 2631
3393 3389
2294 1277
3209 2911
2527 1153
2176 1633
3324 2435
3086 2607
3131 2622
3892 2729
2782 2512
2598 2149
2603 2594
2751 2516
2280 1306
2586 2882
2479 1168
2500 2919
3170 2858
3072 2485
3360 2974
3264 2566
3363 2973
2599 2779
3459 3282
2400 2428
3395 3075
3285 2493
3368 3420
3230 2913
3507 3176
3909 2777
3454 3292
3148 2583
3447 3107
3847 2723
3517 3294
3129 2717
2493 1187
3348 2385
2369 2544
2980 2542
2396 2532
3332 2960
2695 2755
3273 2693
2407 1190
2378 1202
2512 1181
3223 2602
3135 2706
2428 2564
3353 3435
3565 3330
3190 2616
3532 3253
2748 2526
3245 2516
3212 2525
3901 2751
3067 2418
2501 2898
2562 2962
2395 2444
2621 2650
2414 1038
2572 2559
2416 1020
3404 3384
3335 3022
2604 2148
2485 1218
3117 2477
2520 2692
2680 2640
3268 2678
2558 2757
2867 2538
2668 2718
3341 2963
2148 1622
3731 2848
2154 1443
2623 2837
2502 2526
2422 1159
2416 953
2172 1630
2549 1207
2571 2695
2290 1267
2604 2693
2287 1304
2534 2569
3157 2792
3165 2903
3149 2581
3503 3163
3457 3096
3736 2866
2716 2562
3328 2428
2946 2574
3925 2762
2575 2767
3503 3182
3530 3140
3528 3307
3294 2958
3243 2509
3509 3126
3126 2812
3186 2723
3250 2930
3196 2689
2415 952
2891 2560
3230 2593
3085 2490
3329 2421
2502 2583
2408 1022
3139 2856
3177 2519
2682 2546
2478 1158
2498 2526
3900 2716
2470 1062
2425 1014
2391 1014
3431 3350
3307 2709
3165 2740
3015 2506
2639 2673
3433 2972
3090 2548
3331 2925
2648 2694
2616 2661
2169 1453
2574 2761
2374 1213
3184 2748
2498 2599
3809 2805
2541 2918
2351 979
3230 2649
3386 3092
2375 2436
3535 3267
2540 2492
3205 2968
2763 2535
3352 2640
2605 2616
2895 2522
3133 2492
2369 1210
2503 2580
3383 2923
3216 2618
2534 1193
3202 2944
2643 2608
3321 2403
3939 2757
2610 2624
3227 2529
2407 1106
3271 2694
2520 2716
2604 2586
2901 2510
3088 2533
3111 2804
2390 2547
3940 2758
3360 2885
3240 2709
2553 2890
3259 2535
2561 2566
3355 2346
2449 966
2347 2381
2412 1068
3186 2603
3346 2928
2582 2698
3034 2457
3412 3058
3155 2613
2720 2580
2493 2469
3221 2519
3284 2486
2647 2552
3378 2982
3040 2524
2334 1250
2428 1078
3146 2859
3302 2468
2625 2633
3388 3380
2478 1176
2680 2741
3357 2654
2584 2857
2519 2889
3016 2566
2312 1267
2480 1216
3424 2979
3334 3018
3162 2902
3228 2499
3224 2704
2497 2883
2594 2913
3074 2472
2245 1336
3354 3352
3312 2698
2621 2661
2639 2717
3369 2401
2400 1041
3229 2960
3218 2608
2403 967
2627 2612
2674 2497
3490 3137
3287 2476
3505 3182
2525 2735
3130 2624
3356 2943
3167 2695
2392 968
3391 2911
3094 2554
3227 2565
3908 2726
3363 2650
2617 2778
3273 2615
2545 2895
2589 2855
2503 2906
2429 1078
2429 1063
2337 1240
2423 1151
3236 2707
2589 2743
3391 3389
3066 2411
3553 3222
2645 2537
2349 1234
2573 2691
2406 1106
3250 2622
3032 2473
3249 2611
3331 3356
2660 2515
3363 2909
3360 2661
2599 2744
3274 2949
2598 2792
2325 2407
2654 2701
3191 2967
3264 2635
3228 2937
2605 2702
2366 978
2406 1129
3052 2415
2419 1146
3359 2965
2552 2717
2250 1344
3353 2914
3084 2611
3121 2802
3212 2578
2640 2546
2513 2676
3325 2467
3120 2557
3371 2951
3262 2544
3129 2801
2279 1360
3375 2662
2645 2613
2483 2571
3263 2699
3429 3373
2327 1287
2511 2937
3119 2576
3524 3322
3016 2559
3285 2642
3403 2990
2391 948
3379 2894
2292 1239
2634 2688
3407 3059
3286 2644
3306 2742
2765 2511
2561 2565
3125 2494
3077 2441
3186 2969
3348 2949
2444 957
2321 2403
2394 2562
3301 3388
2557 2977
2590 2588
2561 2561
3527 3255
3382 3077
2904 2491
3535 3178
3463 3110
2574 2692
2413 1038
3072 2436
3504 3163
2531 2561
3130 2699
3450 3279
2631 2632
3250 2558
2767 2514
3205 2731
3308 2457
2424 1157
3270 2711
3014 2456
3584 3304
2852 2533
2597 2752
2487 1208
2695 2725
2638 2694
2295 1274
3323 2719
3437 3051
2701 2718
3132 2673
3466 3110
2369 998
3205 2971
2365 2431
3020 2549
3051 2510
2638 2598
3533 3199
2548 2568
2531 2942
2605 2791
3108 2600
2896 2547
3046 2498
3508 3259
2501 2568
3325 2411
2581 2748
2640 2564
2708 2712
2468 1029
2466 1161
2539 1203
2499 2918
3180 2728
2385 1209
3066 2538
2315 1256
2541 1152
2319 1239
2512 2541
2993 2563
3217 2668
2712 2582
3326 3368
2288 1243
3176 2912
2508 2867
2403 2424
2367 2404
2541 2563
3344 2922
3148 2820
3076 2490
3443 3059
2360 2414
3265 2630
3106 2609
2315 1266
3232 2955
2986 2533
3323 2697
2702 2719
2983 2572
3395 3073
2300 1308
3516 3167
3506 3135
3372 3389
2625 2683
2518 2687
3536 3309
2337 1002
3102 2599
3899 2771
2515 2557
3235 2595
3168 2713
3145 2637
2709 2567
2730 2570
3319 2406
3316 3375
2675 2619
3269 2628
3164 2870
2643 2694
2407 2454
3208 2945
3348 3397
2357 972
2912 2493
3356 3386
2976 2516
2596 2149
3306 2745
2455 1048
2414 1204
3569 3337
2632 2129
3440 3040
2551 2548
3508 3126
2774 2515
3319 2437
3134 2834
3006 2460
2474 1148
2696 2740
3185 2854
2575 2764
2538 1201
3510 3287
3126 2567
2600 2560
3406 3425
3346 3354
2548 2567
2405 1023
3874 2726
2482 1187
2391 2451
3936 2770
2648 2692
3467 3334
3243 2578
2422 1096
2582 2904
3326 2472
2156 1677
2366 967
3367 2404
3228 2592
2595 2754
2477 1176
2392 2426
3153 2922
2369 994
3258 2697
3301 2672
3348 3023
2528 2873
3052 2520
2498 2917
3366 2655
2602 2578
2399 2432
2428 979
2519 2466
2515 2565
2437 958
3072 2525
3294 2653
3585 3310
2356 1250
3252 2573
3437 2984
2530 2570
3488 3187
2698 2599
2965 2494
3234 2560
3122 2813
3109 2610
2700 2713
3325 2432
2418 1181
2892 2517
2762 2525
3136 2701
3214 2594
2486 2506
2577 2703
3173 2721
2150 1670
3385 3034
2152 1681
2703 2713
3100 2477
2269 1353
2881 2573
2752 2561
2416 2552
2603 2731
2431 917
3420 3043
2415 1115
2595 2151
3528 3167
3077 2558
3475 3334
3407 3060
3251 2576
3016 2484
2603 2585
2500 2534
3896 2731
3273 2486
2524 2879
3005 2557
2890 2588
3301 2715
3108 2444
3269 2664
2691 2566
3392 3397
2700 2541
2609 2626
3061 2435
3144 2851
2605 2142
2713 2566
3308 2646
2521 2926
3258 2567
2363 1004
3367 3045
3344 3353
3167 2595
3542 3193
3326 3355
3116 2557
2689 2542
3524 3307
3201 2698
2392 2549
2551 2740
3462 3303
3175 2725
2411 1141
2326 1310
2667 2747
2970 2557
2624 2699
3249 2619
2575 2766
3801 2800
2330 2384
2766 2515
2317 1264
3371 2927
2762 2528
3131 2600
3908 2724
2669 2503
3098 2482
2292 1322
2398 2447
3383 3039
2576 2725
2408 1033
2817 2544
2391 2573
2268 1345
3442 3271
3900 2777
3081 2456
2170 1616
3176 2725
2551 2565
3851 2704
3204 2940
3156 2582
2613 2719
3384 2912
3338 2924
2360 2500
3288 3386
2512 2550
3434 3276
3342 2646
3013 2497
3535 3235
3140 2600
2763 2525
3418 3054
3038 2519
3352 2664
3088 2550
2417 992
3279 2674
2740 2549
2327 1276
2629 2654
3239 2709
2453 979
2521 1160
3498 3198
2567 2955
2407 1142
3292 2444
2453 945
3433 3038
3171 2834
2832 2537
3348 3048
2287 1299
2527 1136
2901 2551
2668 2740
3264 2565
2491 1190
3357 2647
2831 2537
3231 2977
3535 3209
2408 1131
3310 3392
3496 3139
2986 2512
3441 3101
3494 3145
3188 2619
2488 2572
3228 2626
2267 1336
2454 1203
2414 964
2428 990
3933 2768
3488 3286
2644 2702
2958 2532
3534 3173
3133 2697
3367 2655
2464 1012
3083 2529
2755 2534
2330 1300
2586 2993
3515 3161
2817 2535
3431 3352
3517 3316
3156 2783
2541 2909
3204 2737
2707 2566
2945 2594
3069 2581
2273 1323
2583 2945
2484 2485
3096 2462
3141 2597
2703 2567
2680 2707
3497 3117
3347 2971
3869 2746
3072 2408
3109 2497
2140 1630
2531 2739
2522 1180
2420 1055
3495 3139
3397 3091
2892 2544
3445 3064
2246 1369
3299 2669
3004 2491
2593 2150
2421 1192
2647 2551
2368 2519
2531 2738
2269 1341
3873 2743
2720 2552
3412 2956
3556 3330
3242 2506
3321 2418
3429 2976
2359 1004
3180 2497
3389 3092
2949 2571
2703 2582
2471 953
2560 2748
3414 3267
3287 2667
3408 3421
3140 2849
2402 2425
3519 3343
2480 967
2344 1241
3368 2402
3080 2479
3904 2778
3013 2572
3899 2734
3223 2629
2323 2395
2623 2805
3129 2831
3016 2476
3173 2916
2561 2742
3565 3342
2396 2486
3512 3196
3222 2986
2716 2550
3212 2678
3425 3263
3801 2816
3162 2747
2619 2672
3375 3095
3109 2591
3319 2727
3240 2604
3079 2535
3178 2695
3226 2976
2565 2935
3423 3357
3305 3363
3100 2475
2805 2518
2620 2782
2266 1338
3341 2643
3327 2632
3354 2945
3271 2560
3442 3100
3310 2691
3507 3203
3338 3032
3020 2465
3358 2887
3505 3113
3191 2511
3146 2644
3529 3204
3377 3396
2514 2905
3492 3089
3137 2674
3328 2926
2278 1304
3280 2953
2581 2731
3509 3206
3075 2399
2404 1017
2434 1077
3373 2392
3813 2789
2516 2697
3300 2694
3355 2373
3376 2397
3731 2851
2650 2559
2436 1207
3405 2966
3223 2952
2313 1244
3115 2574
3223 2963
3043 2525
2968 2506
3802 2814
2294 1250
3082 2618
2303 1265
2452 2571
3451 3370
3205 2760
3362 2894
2573 2557
3118 2479
2337 1272
2287 1325
2514 2954
3331 2953
3524 3195
3271 2634
3014 2559
3183 2741
3161 2760
2416 2548
3229 2624
3348 2667
3243 2670
3231 2624
3017 2511
3230 2921
2324 1233
3211 2623
2602 2742
3534 3254
3481 3190
3422 3268
2515 2699
3358 2429
2587 2533
3163 2849
2485 2513
2254 1337
2545 2483
3263 2947
2609 2855
2421 1087
3244 2604
2420 934
2388 946
2639 2694
3005 2465
3519 3300
2537 1202
2337 1255
3314 2621
3268 2489
3384 3042
3496 3187
3096 2556
3109 2436
3032 2481
3900 2749
2481 2510
2680 2639
2264 1370
3509 3315
3012 2455
3118 2561
3218 2588
2729 2568
3075 2468
2540 1143
3801 2785
3383 2987
3529 3262
3235 2650
3205 2519
3152 2799
3251 2628
3274 2616
2431 1049
3356 2899
3225 2730
3052 2417
3388 3060
2704 2573
2396 2539
3173 2917
2462 951
2679 2744
3944 2757
2364 2415
3293 2630
3119 2460
3223 2964
3426 3419
2372 2411
2952 2594
2525 1220
2401 2550
2458 2575
2462 1011
3173 2522
2409 1106
3373 3082
2694 2731
2715 2572
2267 1334
3017 2525
2876 2537
2436 964
2644 2524
3187 2917
3471 3328
3346 2889
2604 2608
3163 2742
2366 2547
2553 2934
2536 1200
3121 2572
2522 1174
2884 2534
3252 2503
2282 1289
2360 1211
2693 2753
2622 2801
2474 2505
2331 1240
3855 2724
3516 3317
3385 3043
3253 2931
3585 3309
2369 2546
2533 2916
2365 2550
2499 2585
3211 2683
3881 2706
3388 2908
2379 996
3179 2530
3154 2714
3403 3425
2909 2565
3524 3191
3502 3164
2392 2461
2422 928
2352 980
2515 2872
3064 2420
2539 2885
3864 2710
3335 3385
3093 2461
3463 3322
3224 2980
2573 2933
3174 2712
2542 2481
2430 947
3910 2744
3298 2952
3215 2719
3330 2413
3525 3145
3176 2504
2566 2581
3502 3296
2464 952
3330 2695
3349 2917
3359 2648
3036 2408
2648 2514
3097 2521
3069 2491
2407 1051
3109 2602
3249 2583
3066 2592
3426 3351
3016 2475
3309 2647
3242 2959
2427 991
3249 2693
3205 2650
3242 2712
3310 2648
3379 3067
2419 1082
2579 2722
3042 2519
3865 2744
3157 2712
2192 1470
2602 2845
3019 2543
2488 1202
3376 3039
3336 2701
2591 2699
3520 3160
3200 2729
2416 2459
2374 2450
3113 2627
3356 2360
2150 1669
2608 2773
3531 3329
2389 2574
2531 1203
3074 2402
3180 2596
2363 947
2383 1142
2377 2432
2994 2520
2297 1240
2384 2462
2312 1269
2482 1217
3159 2699
3370 2409
2672 2722
3109 2565
2507 2584
2578 2977
2591 2869
2592 2544
3082 2412
3096 2628
3162 2638
3412 3401
3431 3405
3346 2887
2501 2523
3234 2926
3936 2766
2628 2778
2342 2403
3431 2981
2648 2693
2589 2559
2973 2509
3365 2663
2330 2412
2703 2712
3405 3396
3158 2629
3211 2535
3069 2568
3518 3209
3189 2953
3165 2905
3134 2833
3381 3397
3272 2462
3517 3161
2522 2567
3920 2776
2689 2591
2626 2695
2300 1307
3497 3145
3282 2475
3474 3294
3374 2954
3091 2452
2407 987
2631 2688
2596 2899
3399 3010
3189 2523
3311 2458
2465 2565
2513 2890
2488 2503
2386 945
3341 3021
3874 2722
3213 2759
3889 2764
3393 3399
2603 2703
2487 2573
3324 2715
3305 2751
3085 2498
3348 2639
2449 978
3371 3053
3197 2757
3210 2617
2411 1068
2395 953
2468 1157
3066 2587
3351 2900
2699 2549
2504 1203
2642 2806
3066 2593
3115 2621
2364 1008
2371 2511
2681 2758
2624 2648
3250 2505
2407 1129
3461 3369
2396 2530
2456 980
2426 991
2373 2540
3270 2563
2672 2621
2521 2929
3142 2843
3334 2961
2731 2549
2571 2950
2463 1215
2135 1665
3420 3392
2584 2949
3350 3437
2527 2475
3216 2517
2828 2543
2887 2540
2494 2476
2693 2741
3122 2627
3231 2973
2523 2685
3159 2700
2418 1010
2498 2881
2635 2605
2675 2638
2625 2636
2345 2411
2405 1046
3159 2591
3488 3287
2909 2568
3245 2597
3332 2696
3394 3131
3157 2686
3390 2909
2420 2552
2448 966
2549 2933
3271 2692
2141 1669
3555 3144
3871 2738
3508 3142
3527 3270
2515 2566
3110 2494
2499 2530
2639 2545
3193 2948
3202 2528
3235 2501
3331 3036
3237 2959
3147 2783
3385 3409
2404 2451
2428 971
2369 2408
2622 2685
3237 2945
3349 2945
2349 979
2384 2433
2416 1068
3337 2725
3381 2998
3219 2570
3220 2713
3257 2569
2391 2477
3335 2946
2606 2791
2619 2787
2423 983
2737 2525
3176 2843
3259 2571
3074 2549
2378 984
2966 2498
3110 2444
3216 2958
3366 2944
3872 2743
2549 2550
2518 1149
3114 2487
3347 2973
3264 2467
2405 1017
2608 2577
2578 2598
3496 3136
2173 1618
3415 3401
3424 2953
2406 1110
3340 3042
3532 3237
2294 1253
3245 2680
3244 2973
2396 2572
2421 1055
2602 2704
3111 2629
2291 1236
3360 2396
2489 2498
3298 2959
2638 2576
2249 1364
2688 2541
2640 2565
2916 2576
2538 2741
3266 2924
3241 2969
3477 3118
3322 2923
3089 2611
3209 2970
2170 1454
2589 2589
2551 2745
3255 2573
2630 2685
3394 3087
2623 2795
3250 2522
3107 2603
3269 2688
3172 2518
2396 955
3063 2616
2363 1229
3336 2387
3089 2456
3168 2723
3225 2729
3235 2555
2533 2939
2405 1035
3366 2887
3052 2605
3065 2501
2627 2675
2509 1201
2312 1255
2505 2950
3335 3019
2197 1471
3333 2389
3251 2597
3327 2387
3410 2970
2968 2502
3344 3337
3314 2924
3006 2491
3507 3201
3492 3315
3213 2943
3516 3175
2946 2581
2442 1083
3205 2648
3300 2646
3187 2966
3307 2749
3463 3347
3367 2945
2470 1061
2392 1142
3165 2829
2337 2377
3354 2365
3410 3407
2539 2943
3158 2862
3531 3260
2800 2518
3939 2765
2599 2556
3078 2488
3249 2634
3307 3369
2649 2531
2413 1142
2377 2447
2442 1214
3334 2419
3116 2471
3378 2341
2520 2889
2540 2894
2585 2623
3061 2612
2389 2462
3616 3133
3377 2980
3531 3307
3171 2516
3478 3112
3384 2992
3918 2764
3436 3378
2596 2843
2634 2605
3341 3375
3305 2468
3384 2931
2360 2505
3365 2930
2829 2536
3529 3132
3380 3036
3191 2951
2757 2537
2247 1339
2257 1349
3095 2461
2389 2410
2611 2842
3224 2730
2553 2559
3169 2831
3491 3112
2654 2626
3531 3150
2196 1481
3066 2619
2761 2536
2405 1027
2639 2598
3112 2464
3327 3044
3304 2744
2571 2969
3576 3319
3321 2740
2563 2733
2397 968
3436 3345
3371 2939
2516 1221
2308 1306
3401 3122
2806 2519
3242 2591
2694 2724
3057 2610
3353 3354
3310 2690
3067 2448
3006 2464
3199 2627
3338 2962
2475 956
3868 2713
2603 2719
2582 2890
3161 2788
3352 2357
3259 2575
3187 2699
2268 1348
3358 2374
3277 2474
2675 2757
2580 2765
2574 2894
2673 2744
2583 2555
3352 3042
3176 2600
2328 1277
3525 3261
3304 3385
2428 1144
3363 2417
3526 3179
2388 2471
2893 2522
3042 2400
3829 2728
3278 2484
2451 971
3524 3280
3243 2571
3498 3132
3532 3128
2533 2733
3240 2970
2411 2450
3389 2933
2172 1623
2888 2530
2397 1166
3176 2532
3550 3143
3878 2722
3298 2950
2718 2563
3446 3347
3037 2496
3337 3398
3323 2402
3250 2694
2396 957
3382 2921
3237 2668
3081 2404
2513 2892
3892 2778
2668 2726
3238 2527
3143 2855
3389 3017
3058 2451
3027 2485
3311 2947
2680 2625
2625 2684
3215 2615
3895 2745
3252 2916
3156 2583
2695 2740
2390 1129
3014 2498
2579 2706
2780 2518
2531 1195
3197 2755
2965 2565
2367 966
3333 2937
3184 2927
3426 3262
3161 2766
3114 2616
3909 2746
2408 1158
2292 1329
3161 2706
2593 2725
2431 1144
2406 1042
2410 1130
2543 2941
2695 2752
2606 2756
2423 2554
2444 960
2592 2738
2400 1149
2421 1157
3362 2928
3183 2644
3243 2548
2372 2515
2599 2148
3905 2766
2366 2398
3908 2776
3070 2457
2594 2755
2536 2739
2557 2741
3105 2525
2908 2483
3463 3303
2407 1113
3183 2642
3070 2407
2383 2483
2456 1025
3128 2698
3072 2551
2677 2637
2408 1050
3168 2707
3356 2652
3510 3185
3118 2468
2352 999
2536 2553
3073 2465
3534 3208
3240 2511
2911 2493
2698 2569
2427 970
2590 2873
3353 2350
2585 2704
3331 3035
2625 2145
2639 2544
3429 3415
2332 1246
2965 2497
3370 2937
3126 2703
3103 2623
3333 2709
2629 2814
3228 2619
2316 1256
3075 2448
3306 2657
2916 2578
3135 2689
2360 994
2600 2627
2384 2410
2458 1204
2522 2562
2959 2535
2609 2839
3238 2933
3883 2775
2296 1236
2409 1048
3264 2637
3341 3378
3395 3397
2174 1628
3592 3298
3134 2690
2332 2372
3898 2734
3194 2519
2135 1663
2599 2621
3088 2516
2592 2868
2599 2766
3342 3337
3246 2604
3273 2705
2495 2902
2138 1655
2633 2656
2518 2952
2615 2810
2489 1198
2763 2544
2483 2517
3084 2517
3366 2884
3277 2482
3208 2755
2571 2691
3880 2710
3164 2848
3230 2981
3070 2392
3498 3167
2512 2872
3170 2862
3369 2872
2565 2934
3277 2704
2629 2811
3331 3373
2980 2568
3206 2910
3234 2533
2463 1216
2555 2558
2469 1024
2267 1362
2591 2698
2296 1272
3485 3291
3569 3151
3363 2971
3478 3107
2817 2543
2538 1198
2588 2614
2421 1153
3184 2743
3073 2424
2471 1154
2523 1208
2261 1335
3362 2394
3352 2650
3516 3293
3532 3307
3226 2661
3373 2676
3215 2658
2716 2551
3328 2430
2627 2813
2911 2501
3313 2462
3472 3163
3067 2577
2533 2563
3343 2388
3525 3321
3099 2535
3886 2725
2612 2619
3214 2626
3491 3314
3244 2568
2599 2753
2644 2698
2695 2581
3375 2349
3013 2452
2448 972
2227 2215
2228 2220
2556 2922
2322 2401
3436 3375
3401 3398
3028 2470
3458 3321
3854 2704
3913 2740
2353 987
3353 3046
3615 3133
3315 2625
2563 2973
2728 2564
3191 2526
2374 2433
3305 2943
2421 1079
3312 3363
3228 2702
3871 2744
3102 2618
3124 2631
2894 2570
2528 1153
2518 2890
3305 2744
3166 2594
3225 2710
2590 2874
2673 2500
3179 2725
3128 2681
2341 1242
3406 2975
2524 2919
2628 2849
2827 2521
3085 2506
2620 2818
2356 1262
3242 2507
2404 1040
2626 2140
3336 2650
3492 3147
3185 2606
2528 1146
3525 3281
3399 3086
3316 3396
3469 3135
3296 2957
2698 2547
2681 2549
3854 2708
2469 1215
2572 2733
3370 2399
2536 2732
2402 993
3483 3170
2484 2568
2450 1205
2614 2819
3365 3420
2440 1050
3329 3373
3527 3185
3206 2970
3363 2666
2664 2725
3116 2575
2519 1151
2647 2515
2367 2491
3301 2670
3345 2648
3296 2636
3225 2910
3172 2857
3563 3342
3093 2465
2595 2873
2394 1169
2611 2626
3263 2695
3810 2804
3343 3391
3302 3394
3467 3360
3330 2725
3135 2599
2425 1012
3281 2628
3065 2500
2639 2593
3336 3023
3487 3162
2942 2581
3155 2823
2504 2539
3334 3349
3358 2649
3564 3333
3147 2607
2674 2714
3493 3164
3020 2468
3508 3281
2592 2617
3436 3062
2412 1136
3072 2567
2978 2515
2370 2414
3349 2667
2543 2900
3418 3039
2455 1209
2496 2528
2693 2565
2697 2546
3226 2658
3565 3150
3465 3330
2410 1053
2176 1506
3406 3413
3348 3436
2684 2592
2349 2404
2416 978
3299 2655
2335 1280
2338 2361
3355 3448
3334 3351
3151 2816
3287 2639
3073 2570
2588 2892
3353 2671
3154 2587
2551 2920
3797 2783
2798 2549
2395 2569
2899 2509
3886 2771
3059 2629
3235 2541
3384 2946
3583 3307
3527 3167
3341 3418
2354 984
3856 2705
2399 2412
3249 2670
2477 2479
2450 2578
3152 2689
2647 2111
3900 2734
2363 1252
3532 3187
3325 2422
2373 2511
2541 1211
2703 2590
3369 3402
3499 3158
3348 2381
3112 2466
2418 993
2612 2573
3407 3072
2425 1169
2204 1413
3163 2769
3364 2424
3370 2950
2605 2828
3204 2643
2140 1662
3492 3318
3120 2461
3370 2407
3341 3402
3461 3076
3103 2524
3349 3440
2458 1193
2541 2722
2460 1016
3303 2942
2913 2572
3052 2414
2664 2602
3244 2959
3796 2783
3327 2699
3281 2666
2384 1205
3188 2717
2722 2563
2743 2549
3341 3357
3359 2932
2203 1463
3005 2455
3092 2517
3213 2527
3369 2391
2723 2551
3008 2458
3033 2518
3366 2419
2523 1234
3292 2639
3478 3113
3496 3176
3846 2711
3142 2850
3223 2533
2647 2556
2448 2581
3121 2632
2798 2548
3470 3300
3398 2989
2152 1626
2599 2143
2988 2523
2579 2710
2345 2379
2395 1131
3071 2419
2912 2572
3061 2613
3108 2441
3381 2971
2647 2711
2901 2562
2622 2672
2446 2579
2997 2565
3299 2690
3202 2741
2472 2567
2522 2713
3251 2629
3208 2688
3883 2773
3222 2707
2652 2572
2485 1221
3229 2703
3198 2701
3168 2865
3226 2716
2605 2145
2415 955
3374 2343
2552 2929
3475 3354
2332 1005
2413 963
3142 2595
3361 2341
3497 3132
3226 2538
2667 2599
2648 2518
2584 2618
3268 2923
2357 1249
2896 2587
3290 2639
3324 2411
3232 2973
2440 1051
3339 2935
3167 2743
2688 2548
2342 2409
2620 2797
3474 3115
3036 2397
3247 2666
3196 2519
3171 2835
2521 2875
3119 2802
3303 2725
3031 2465
3069 2576
2339 2357
3528 3152
3565 3156
2479 1177
3423 3060
3359 2344
3805 2803
2512 2865
3165 2512
2758 2551
2282 1293
3448 3073
2603 2741
3233 2559
3401 3089
3354 2395
2398 1157
3253 2568
3023 2516
3908 2740
3331 2412
3077 2531
2357 1226
2648 2522
2501 2918
3475 3116
2351 2367
3259 2572
3265 2613
3537 3216
2563 2578
3215 2589
3192 2919
3442 3274
3887 2761
2520 2686
3469 3113
2613 2709
3516 3275
2370 2522
3393 3105
2956 2579
2503 2575
2305 1269
3579 3302
2463 1174
3446 3094
3401 3384
3728 2856
2620 2655
3360 3044
3437 3100
3362 2370
2180 1633
3338 3042
2850 2533
2394 2454
3376 3068
3305 3383
3327 2706
3254 2568
3519 3162
3476 3096
2532 1201
3238 2547
3335 2472
2420 1050
2309 1322
3401 3408
3913 2773
2880 2575
3358 2902
2535 2565
3158 2861
3311 2459
2692 2595
2318 1263
3240 2922
3000 2524
2465 1188
2602 2149
2339 1230
3179 2635
3261 2562
2185 1636
3256 2559
2597 2754
2641 2607
3583 3320
2324 1253
3332 3373
3284 2657
3203 2699
2516 2884
3812 2784
3043 2401
2422 1169
3341 3416
2724 2551
2325 1311
2672 2744
3352 2379
2550 2936
3509 3123
3169 2742
3926 2769
3330 2434
2338 1244
2582 2939
3376 2674
2622 2632
3585 3315
3259 2930
3228 2663
2964 2571
3279 2467
3534 3174
3392 2988
3224 2500
3124 2627
3366 2428
2707 2553
3174 2793
2650 2687
2951 2574
3175 2541
2606 2732
3312 2700
2334 2403
2675 2502
3226 2506
2446 966
3335 3353
2632 2766
3124 2715
3161 2581
3328 2423
3527 3275
2272 1362
2463 949
3453 3055
3086 2601
2620 2826
2516 2704
3218 2718
3891 2776
2498 2529
3196 2862
3911 2739
2481 1221
2652 2527
3004 2565
2463 1220
3296 2727
2634 2719
3415 3270
2435 2555
3344 2888
2627 2140
3478 3321
2656 2525
3334 2935
3239 2705
3160 2747
2432 2569
3177 2638
2584 2983
3084 2503
2503 2555
3387 2336
2404 2447
2373 1222
3059 2507
2378 998
3377 2982
3245 2960
3213 2947
3336 3408
3525 3280
3226 2965
3474 3160
2250 1339
2702 2589
3297 2445
2605 2858
3525 3337
2173 1611
3270 2673
3526 3154
2586 2871
3362 2998
3898 2744
3420 3416
3309 2712
3399 3099
3357 2386
3374 3071
2362 1229
3327 2720
2503 1201
2635 2761
3185 2852
2654 2710
3262 2530
2472 1153
3530 3247
3339 2705
2503 2118
2485 2474
2461 1042
2702 2715
3287 2632
2567 2692
2416 979
3421 3026
2603 2902
2481 2519
2377 1215
3172 2881
3077 2525
2495 2593
2604 2743
3497 3116
3145 2643
3363 2934
2276 1307
2381 2449
2367 2490
2633 2686
2581 2758
3072 2392
3395 3088
3028 2468
2964 2540
2516 2701
3210 2972
3382 3386
2543 2895
3405 2995
3157 2861
3804 2795
2317 2402
2415 1187
2429 923
3426 3354
3172 2520
2370 1252
3450 3351
3163 2649
3247 2572
3418 3404
3070 2406
3253 2626
3205 2689
3187 2743
3389 3006
2879 2545
3509 3205
2271 1329
2405 2454
3096 2479
3392 2969
3157 2801
3375 2887
2360 2495
3171 2723
3331 3367
2608 2623
3214 2512
2828 2524
3495 3288
3307 3383
2576 2585
2513 2557
3309 2658
2774 2512
2962 2531
3462 3367
2139 1634
3494 3140
2392 955
3402 2966
2894 2571
2635 2796
2431 1052
3187 2847
3107 2607
3115 2494
2624 2841
3531 3332
3335 2727
2584 2968
3276 2674
3143 2689
2361 950
2888 2531
3308 2743
3509 3180
2482 2474
2427 2561
3156 2797
3070 2588
3370 2887
2914 2500
3549 3194
2534 2725
3073 2492
3364 2421
2638 2674
2373 2427
2399 1017
3534 3176
2997 2482
3856 2723
3027 2488
2560 2734
2631 2685
3089 2533
3488 3285
3305 2723
2529 2569
3382 2946
2352 1246
2708 2549
3949 2761
3099 2528
2606 2861
3297 2646
3396 3110
2520 2691
3393 2972
2618 2788
2684 2738
3385 2947
3245 2929
3512 3149
2642 2677
2611 2677
2359 2500
3402 3392
2623 2800
2594 2622
3168 2594
3313 2918
3029 2516
2450 1195
2589 2859
3294 2481
3505 3203
3434 3422
3894 2715
3539 3146
2453 973
2264 1369
3335 2961
2541 2904
2592 2536
3392 3385
3390 3102
2404 1108
2633 2615
3306 3369
3111 2580
3153 2635
2648 2117
2392 1144
2580 2868
3504 3140
3242 2624
3242 2504
3495 3165
3145 2607
2372 2514
3141 2792
3442 3109
2640 2135
2384 1204
3460 3363
2604 2583
3390 3409
2364 2548
2892 2585
3440 3352
3547 3210
3016 2448
2446 940
3478 3305
3351 2622
3394 2985
3220 2617
3239 2958
3316 3382
3495 3133
3269 2948
2545 2568
2417 1070
2552 2720
2376 2538
3084 2483
2465 1147
3294 2443
3345 2885
3365 2673
2433 1210
2154 1676
3325 2391
3205 2645
3170 2882
3338 2963
3456 3373
2628 2654
2812 2551
2398 2548
3510 3253
3356 2374
3224 2524
3284 2669
3128 2627
3326 2422
3223 2653
3528 3262
3426 3268
3261 2692
3391 3392
2485 2511
2682 2550
2968 2503
3240 2571
3553 3214
3369 2900
3392 2980
3143 2592
2600 2775
3367 2428
3472 3302
3536 3216
2284 1360
2426 978
2333 2382
3479 3338
2254 1349
3268 2663
3101 2529
2408 1205
3078 2475
3351 2647
3143 2687
2668 2724
3166 2593
2383 1212
3217 2616
3523 3297
3286 3385
2385 2428
3880 2725
2632 2658
3474 3163
3227 2527
3378 3396
2543 2889
2501 2576
3493 3310
3274 2613
3235 2944
2733 2540
3298 2727
2509 2542
2397 992
3529 3244
3182 2638
3065 2594
2372 1221
3311 3370
3193 2605
2420 1186
3287 2648
2584 2991
2500 2597
3069 2495
3515 3276
3339 3019
3359 2929
3349 2911
2337 2356
3066 2591
2402 2426
2498 2499
3322 2439
3261 2690
2430 983
3179 2713
3423 2981
2511 2908
2589 2909
2608 2780
2642 2712
2640 2716
2280 1282
3410 2957
2578 2879
2362 2414
3212 2650
2175 1464
2484 2513
3065 2574
3311 2439
3262 2947
3309 2641
3271 2665
2532 2881
2592 2905
2442 965
3440 3350
3522 3157
2410 1158
2940 2592
3300 2442
3098 2553
3339 2923
2360 962
3476 3130
2442 1080
3295 2733
2514 2557
3304 2750
3230 2977
2546 2888
3428 3034
3329 2393
2579 2884
2421 1095
3160 2760
3015 2501
3880 2738
3108 2609
2500 1201
3371 2954
2628 2818
2971 2512
2477 961
3232 2528
3293 2714
2511 2900
2677 2632
2495 1192
3061 2628
3806 2782
3304 2736
2953 2531
2424 1179
3554 3332
3035 2494
2674 2641
3068 2520
3432 3067
2391 2574
3581 3300
3393 2980
2494 2567
3190 2917
3019 2542
3497 3093
2988 2521
2238 2206
2395 969
3208 2696
3467 3110
2526 1140
2489 1200
3221 2573
2730 2564
3941 2758
2368 1248
3350 3354
2368 991
3423 3401
2512 2874
2386 1205
3237 2510
2498 2487
3193 2604
2545 1191
3242 2545
3101 2618
2338 1228
2708 2708
2479 1169
2544 1145
3346 2639
3495 3150
2435 2563
3173 2796
2457 1058
3243 2567
2419 1183
3362 2911
2890 2514
3195 2634
2301 1265
3185 2532
2612 2576
3283 2489
3064 2502
3837 2728
3269 2678
3215 2601
3187 2957
3244 2688
2252 1355
2956 2574
2426 1198
2480 2499
2188 1469
2137 1635
3048 2405
2599 2864
3281 2635
2580 2927
2627 2676
3172 2854
2155 1674
2579 2898
3394 3108
3094 2442
3463 3328
3472 3158
2795 2518
2306 1267
3369 2906
2628 2783
3482 3323
3170 2867
3360 2664
3177 2657
3109 2435
2579 2695
2766 2523
3173 2545
3883 2738
2500 2500
3110 2581
2418 1167
3233 2931
3318 2686
2579 2895
3224 2595
3331 2936
3139 2841
3335 2696
2515 2932
3466 3086
2963 2499
3897 2748
2554 2725
2353 1266
3128 2807
2526 2732
3064 2519
2366 2415
3571 3155
2815 2526
3580 3307
2387 963
2557 2980
3243 2517
3340 3381
2396 1170
3357 3384
3093 2525
3234 2626
2753 2516
2149 1676
3117 2577
3114 2576
3076 2533
2381 2412
3184 2838
2482 1216
3886 2726
3331 3380
3434 3047
3072 2546
3406 2997
2438 942
3387 3394
2593 2625
3076 2397
3050 2513
3339 2642
2351 2420
2639 2675
2445 958
2604 2826
3218 2730
3246 2636
3083 2456
3419 2985
3373 3026
2619 2821
3176 2738
3359 2878
3480 3118
2366 959
2395 2432
3265 2459
2424 2560
2617 2843
3537 3333
3510 3250
3019 2465
2391 2449
2310 1269
3410 2952
2334 1267
2560 2758
3382 2999
3264 2613
3168 2516
3246 2925
3390 2979
2355 1269
2448 1067
2557 2730
3021 2478
3091 2538
3197 2624
3163 2586
2499 2593
2487 1207
3233 2929
2764 2551
3530 3338
2521 2694
3071 2577
3298 3388
3178 2853
3482 3140
2573 2949
2697 2730
3542 3338
2477 1208
3408 2974
2424 2566
3443 3103
3139 2830
3526 3166
3290 2948
3530 3142
3265 2460
3057 2443
3042 2499
3528 3190
3526 3153
3198 2731
2625 2810
2617 2664
2694 2598
2204 1414
2527 1157
3084 2466
3209 2617
3454 3295
3473 3292
2488 1217
2482 2566
2607 2787
3161 2905
3103 2599
3324 2918
2624 2142
2809 2519
2427 1145
2614 2740
2345 1232
2877 2570
3221 2505
3337 2697
2501 2559
3143 2688
3414 3413
2396 2536
3526 3326
3500 3186
3468 3096
2391 2429
2927 2576
2876 2536
2463 2577
3076 2465
3344 2958
3307 2457
3535 3179
3025 2516
3225 2663
2564 2892
3535 3332
3436 3061
3170 2519
2947 2585
3172 2697
3403 2994
3388 2992
2757 2520
3342 3413
3805 2810
3369 2412
2175 1635
3406 2957
3117 2801
3255 2916
2830 2540
3466 3324
2609 2783
3258 2465
3934 2771
3446 3055
3382 2910
3164 2869
2579 2879
3508 3135
2394 2548
3090 2445
2451 1190
2694 2565
3378 3392
2672 2734
3194 2644
2326 1278
2833 2527
2653 2701
3443 3095
3391 2951
2508 2487
3199 2704
2265 1345
2499 2908
3801 2808
3110 2614
3181 2697
3358 2648
2581 2770
2455 2568
2598 2751
3152 2614
2629 2617
2582 2590
3407 2967
2626 2791
2356 982
2441 964
2510 2546
2515 2926
3120 2807
2426 1148
2578 2933
2512 2871
3421 3024
2604 2604
3198 2962
2969 2530
2366 2493
3136 2829
2535 2943
2831 2544
3191 2524
3020 2532
3262 2529
2595 2842
2409 994
3277 2628
2759 2543
3388 3382
2614 2723
2393 944
3251 2592
3345 3432
3356 2892
2637 2795
3365 3074
3854 2722
2422 991
3121 2490
3363 2907
3221 2601
2485 2508
2801 2551
3088 2597
3352 2398
2529 2950
2468 1031
2890 2584
2693 2752
3161 2707
2587 2699
2699 2715
3120 2491
2583 2861
2611 2590
3078 2487
2315 2389
3325 2421
3374 2952
3006 2492
3240 2608
2731 2569
3411 3419
2200 1473
3182 2531
2591 2867
2425 1040
3293 2631
2971 2562
3366 3391
3159 2888
3293 2660
2361 1223
2537 1145
2567 2895
3559 3225
3323 2693
2203 1410
2315 2400
2424 1158
2459 1164
2302 1250
3366 2398
3517 3118
2462 1046
3278 2946
2380 2506
3065 2527
3173 2722
3435 3274
3370 2936
3079 2468
2480 1209
2589 2905
3213 2697
2671 2757
2582 2713
2363 958
3232 2921
3432 2971
3565 3149
2516 2696
3915 2778
2521 2877
2382 2513
3075 2561
2440 1062
3330 2700
3083 2531
2553 2971
2648 2566
2500 2526
2486 1207
2668 2714
2585 2543
3160 2788
3512 3090
3021 2532
3495 3316
2469 1026
3172 2882
2561 2734
3535 3234
2524 2477
2448 2580
2408 1048
2613 2713
2593 2869
3276 2627
3130 2495
3366 3072
3228 2620
2572 2937
3370 2902
3163 2687
3357 3443
2373 2493
3885 2764
2585 2530
3437 3061
2375 2447
3356 2387
3063 2602
3539 3331
2228 2219
2436 966
3302 3398
2383 2536
3060 2618
3015 2512
3095 2554
3506 3114
3395 3398
3231 2551
3439 3061
2516 2560
3324 2707
3177 2738
3452 3073
3520 3162
3271 2682
3099 2436
3173 2864
2167 1562
2409 2450
2391 1165
3260 2926
2558 2730
3002 2566
3496 3285
3278 2707
2421 1100
3210 2730
3129 2698
2389 965
2452 962
3366 3393
3354 3395
2879 2551
3243 2572
2415 1183
2249 1366
3328 2706
2255 1346
2434 1062
3105 2435
3194 2734
2536 2946
3141 2785
3379 3422
2632 2808
2373 1207
3080 2395
3311 3357
2572 2735
3360 2902
2523 2888
2876 2551
3365 3424
3123 2555
2403 1040
2523 1180
2396 1040
3369 2408
2559 2980
3182 2856
2458 2566
2475 1164
2196 1486
3443 3093
3336 2649
2538 2571
3172 2873
3428 3417
2400 1037
2542 1204
3570 3153
2629 2780
3147 2823
3569 3153
3236 2628
2407 993
3849 2709
2641 2573
3284 2649
3500 3147
2580 2889
2398 2433
2394 955
3387 3385
3486 3092
3197 2701
3247 2633
3301 2656
2657 2526
3096 2475
3371 3396
2570 2977
3205 2703
3174 2528
3500 3114
3274 2618
3029 2518
2847 2540
3919 2756
2374 2528
3336 2919
3585 3312
2607 2861
3333 2964
3216 2987
3346 2974
2518 1175
2669 2600
2513 2492
3152 2905
2370 2415
2589 2534
2424 2565
2554 2729
3873 2725
3249 2958
3130 2685
3172 2795
3790 2780
2556 2552
2703 2708
2591 2541
3279 2477
3169 2655
2507 2469
3440 3351
3233 2706
3245 2554
3563 3347
3178 2706
2424 1092
2624 2677
2383 2535
3101 2553
2826 2539
3080 2533
2412 1122
3509 3152
2638 2579
3304 2942
2678 2631
2628 2603
3521 3178
2646 2550
2674 2637
3258 2637
3070 2488
2686 2609
2528 1157
3271 2615
2505 2536
3068 2414
2462 1190
3478 3322
2627 2778
2420 1094
3445 3045
3393 2984
2729 2545
2419 1020
3223 2698
3276 2711
3313 2728
3168 2794
2442 942
2541 2568
2417 1089
2483 1221
3799 2784
2553 2553
2570 2584
3451 3071
2726 2579
3335 2649
2479 1170
3278 2479
2401 991
2571 2755
3191 2635
2635 2127
3077 2439
3319 2410
3070 2520
2492 2523
3473 3126
2663 2715
3481 3323
3362 2910
2500 2917
3175 2533
3227 2950
3010 2457
3480 3096
2697 2581
3090 2487
3010 2512
3346 2949
3284 2944
2408 1136
3127 2710
3384 2998
3367 2652
2836 2536
3246 2919
2403 2512
2601 2838
2663 2510
3323 2622
2541 2719
2193 1463
3247 2603
2597 2717
3518 3211
3108 2539
3529 3152
2423 1078
2377 2434
3337 2699
2919 2570
3243 2581
3289 2952
3228 2703
2970 2537
3356 2917
2995 2483
2419 1143
3245 2604
3086 2441
3567 3158
3320 3398
2202 1464
3164 2765
3504 3182
3357 2347
2494 2599
3121 2576
2179 1505
3253 2569
3188 2611
3075 2549
3068 2586
2347 1231
2404 2441
2294 1243
2423 2560
3165 2706
2537 2491
3231 2942
3157 2638
2161 1573
3558 3225
2652 2532
3494 3179
2512 2554
2531 2920
2244 1369
2558 2935
2648 2109
2981 2538
3524 3188
3262 2497
2711 2583
2369 2516
3389 3015
2395 2433
2134 1640
3023 2465
2861 2538
2529 2738
2492 2519
2887 2510
3495 3177
3018 2476
3187 2644
3157 2702
3224 2951
3220 2631
3199 2924
3374 3049
2259 1343
2647 2535
3220 2728
2473 2576
2644 2111
3198 2920
3405 2996
3302 3390
2795 2521
2417 1116
3324 2944
2470 956
2718 2559
3107 2539
3339 3042
3450 3277
3332 2934
2130 1664
2634 2684
3259 2623
3343 3045
2749 2554
3438 3061
2447 959
3369 3421
2441 1213
3362 2403
3014 2479
3334 3042
3559 3332
2440 1174
2888 2505
3946 2761
2501 1188
3381 3047
2330 2409
2336 1244
3352 2637
3328 2710
3252 2600
3059 2601
3396 3008
3171 2875
2598 2621
2404 2548
2612 2678
3463 3373
3086 2442
3066 2534
3206 2646
2595 2916
2683 2636
3342 3378
3136 2792
2573 2932
2430 926
2344 1242
3424 3060
2595 2848
3533 3343
3884 2716
3348 2929
3171 2739
2438 1211
3185 2738
2526 2888
3385 2982
3348 3354
2453 1198
2645 2674
2396 2449
2595 2863
2648 2521
2369 2412
3506 3126
2585 2991
3190 2639
3363 2400
3174 2534
3453 3076
2608 2710
2326 1303
2801 2517
3152 2907
3013 2500
3239 2696
2334 1278
3897 2722
3032 2472
3009 2504
3122 2566
2673 2614
3492 3148
3407 3054
2608 2776
3384 3393
2473 2567
2367 2517
2665 2723
3116 2603
2598 2589
2656 2622
3131 2673
2352 1007
3355 2944
2379 2430
3123 2627
3073 2399
3136 2702
2414 995
3049 2395
3367 2876
2894 2588
2591 2892
3191 2516
2812 2549
2726 2581
3379 2904
2564 2583
3255 2626
2406 2560
2354 2415
2412 1013
2480 1210
3289 2708
2649 2677
2427 2560
3509 3153
2418 978
3465 3089
2819 2545
3337 3346
2584 2734
2443 1204
2962 2493
3216 2625
3323 2406
2275 1373
2638 2648
2579 2894
3228 2507
2626 2774
3141 2588
2427 1184
3927 2771
2525 1183
2625 2820
3503 3266
2377 2446
2584 2941
2580 2764
2459 1060
2442 1066
3194 2864
3478 3138
2440 1173
2311 1324
2416 957
3029 2493
3054 2514
3428 3377
2547 2736
3272 2698
3209 2959
2428 1079
2591 2545
2563 2571
3163 2900
2595 2713
3885 2731
3377 2665
3287 2484
2682 2583
2389 966
3334 3034
3105 2440
3192 2525
2646 2702
2353 1252
3881 2766
2729 2549
2440 969
3839 2717
2640 2807
3938 2758
2432 929
3139 2849
3314 3364
2905 2483
3362 3394
2496 2118
3171 2599
2626 2809
3010 2505
2602 2146
3540 3239
3111 2448
3149 2920
3441 3038
3061 2451
2908 2500
3228 2627
3174 2642
2563 2736
2533 2562
2311 1307
2457 972
3412 3060
3159 2741
2409 1194
2604 2899
3349 2354
2424 976
2401 1212
2353 1008
3351 2991
2400 2429
3216 2527
2884 2549
3194 2748
3498 3160
3133 2601
3205 2758
3392 2989
3435 3054
3248 2963
2386 2405
3856 2706
3065 2525
3533 3333
2988 2512
2581 2768
2425 975
3211 2945
3275 2674
3184 2852
2589 2871
3179 2792
2582 2697
3920 2756
2433 1187
2576 2940
3465 3346
2544 1195
3177 2645
2376 1203
2492 2522
3363 2935
3344 2901
3357 2903
3471 3297
2525 2474
3266 2617
3555 3327
3228 2948
3882 2731
3329 2700
2373 1208
2532 2740
2341 2356
2431 1080
3801 2815
2582 2556
2313 1321
3549 3143
2540 2733
2458 1232
2475 1029
3101 2561
2487 1206
3126 2496
2141 1666
3242 2621
2383 2538
3239 2666
3135 2675
2554 2926
3087 2597
2528 2889
2591 2857
3444 3087
3132 2601
3368 2401
3217 2629
3501 3148
3087 2551
2402 2435
2573 2967
2668 2502
2494 2598
3078 2406
2279 1242
3338 3036
2724 2565
3794 2778
3211 2944
2533 1141
2472 1217
2547 2565
3062 2444
2363 1230
3003 2491
2607 2594
2903 2511
2577 2967
3382 2936
2374 1223
3077 2405
2555 2973
2480 2581
3334 2928
3448 3345
2473 1162
2509 2549
2173 1623
2574 2725
3328 2711
2679 2628
2568 2556
2594 2845
3157 2710
3307 2455
2276 1303
3386 3393
2450 1193
2503 1190
2427 1077
2436 942
2750 2519
3048 2399
2600 2845
3295 2636
3881 2735
3467 3291
3807 2807
3355 2394
2693 2568
2363 974
2993 2562
2337 2402
2819 2538
3463 3089
2293 1302
2510 2538
2173 1612
3097 2443
2507 2552
3237 2545
2557 2922
3870 2747
3521 3265
3123 2570
2734 2541
2633 2688
2634 2681
2635 2655
3492 3317
3066 2533
3393 2983
3440 3278
2452 978
3157 2688
3457 3319
3363 3052
3359 2970
3208 2531
2387 2417
2436 936
3395 3008
3347 2899
3361 2931
2747 2535
3160 2625
2388 2531
3273 2675
3057 2601
3178 2714
2330 2373
3457 3359
3508 3287
3259 2565
1929 2386
3197 2712
2696 2583
3382 2919
3381 2981
2648 2789
2594 2728
3212 2682
2895 2545
2847 2531
2276 1302
3284 2658
3192 2599
3892 2760
2572 2707
3322 2472
2348 2361
3250 2546
3176 2840
3169 2781
2628 2811
2532 2919
2247 1364
3303 2638
3329 2426
3538 3343
3311 2699
3116 2491
3524 3181
3905 2724
2593 2550
2423 1153
3468 3293
3525 3200
2386 961
2891 2504
3377 3032
2453 959
3372 2961
3359 2656
2444 1214
3162 2904
2648 2702
2553 2921
3265 2637
2487 1202
2596 2757
2806 2517
2318 2396
3109 2572
3522 3346
3002 2491
2531 2951
2418 1053
2395 1171
2556 2563
3097 2627
2439 962
2372 988
2871 2568
3274 2706
2653 2527
2464 2571
3522 3307
2591 2852
3479 3114
3489 3313
2464 2565
2597 2906
2575 2732
3297 2622
3905 2770
3477 3128
3090 2549
2597 2560
2598 2629
2553 2972
2428 945
2521 2681
3441 3276
2640 2604
3142 2643
3345 3398
2825 2541
2461 1206
2669 2504
2137 1643
3299 2656
3556 3329
2601 2831
3176 2638
3314 2944
2446 1076
2898 2589
3349 2380
2437 962
3268 2949
2981 2535
3090 2591
3138 2690
2408 1151
3418 3416
2704 2571
2331 1237
2891 2519
2566 2960
2628 2785
3477 3141
2557 2973
2526 1180
2517 1206
2914 2498
3195 2629
3348 2916
3261 2538
2443 1214
3311 3405
2934 2573
2337 2400
2349 1007
3387 2940
3795 2780
2349 1267
3535 3207
2408 1035
3014 2492
2609 2156
3067 2559
2436 931
2199 1478
3394 2984
3289 2622
3336 3017
2370 992
3121 2564
3347 3025
2642 2675
2401 2433
2262 1335
2639 2648
2607 2761
3384 2923
2528 1180
2508 2551
3229 2951
3092 2523
3308 2735
3568 3336
2671 2723
2510 1182
2941 2571
3148 2689
3164 2896
3442 3044
3507 3182
3081 2584
3261 2691
2424 1068
3363 2998
3224 2656
3405 3073
2885 2533
2478 2482
2519 2923
2622 2151
3179 2693
2581 2745
3130 2621
3070 2525
2483 2476
3234 2957
2482 1180
3400 3127
3431 2973
2587 2555
2589 2889
3386 3406
2275 1307
3479 3118
2412 1134
3353 3352
2373 962
2608 2590
2447 966
2578 2750
2841 2525
3223 2618
2367 1252
2652 2522
2587 2861
2405 1045
3510 3310
3345 2970
3295 2439
2500 2515
2402 2438
2555 2731
3334 3043
3496 3138
2533 2720
2621 2660
3231 2933
2580 2715
3456 3318
3112 2448
2618 2701
3451 3079
2505 2867
2472 1156
2515 2392
2653 2120
2751 2519
2474 1170
2568 2949
3161 2797
2376 1256
2447 977
3549 3198
2614 2707
2583 2528
3930 2771
3490 3289
3153 2709
3120 2458
3392 3113
2435 935
3017 2552
2504 2870
3402 2983
2590 2541
3222 2988
3495 3284
2592 2908
2573 2714
2963 2547
3451 3348
2640 2789
3853 2704
3546 3141
3341 2647
3184 2749
2507 2950
2369 2488
3282 2945
3476 3287
3330 2931
2641 2571
3389 2947
3251 2635
2582 2623
3437 3097
3123 2460
1934 2378
2307 1249
2732 2585
3051 2521
3117 2815
2351 987
2487 1204
3419 3266
3356 2397
3221 2948
3325 2940
2972 2558
2474 2506
2636 2763
2687 2739
3322 2941
3068 2547
3224 2531
2594 2538
3538 3231
2468 1033
3335 2641
2402 2439
2320 1240
3382 2969
3390 3061
2576 2966
3335 2943
3269 2660
2376 1223
2415 951
2876 2535
3402 3099
3137 2687
2730 2547
2749 2547
3306 2468
2524 2715
3364 3057
3267 2693
3106 2631
2581 2757
2437 2562
2614 2605
3405 3389
3517 3131
2256 1346
3443 3044
3373 3040
3011 2515
3359 3445
3107 2604
2365 2492
3439 3278
3015 2497
3313 2916
3162 2764
3173 2797
3128 2798
3341 2701
3421 3058
3399 3123
2468 1166
3401 2968
2578 2688
3076 2442
3547 2982
3013 2457
2316 1326
2668 2599
2567 2561
2437 1045
2339 1008
3248 2510
3291 2711
3357 2912
3529 3169
3265 2469
3802 2782
2407 1198
2619 2133
2256 1344
2526 2710
3209 2603
3341 2935
3899 2740
2401 990
2346 2378
2268 1342
2592 2541
2541 2562
3443 3052
3085 2445
2708 2582
3897 2734
3120 2798
2667 2642
2416 1104
2996 2474
2621 2843
2540 2890
2391 2504
2477 2517
2811 2520
2602 2580
3399 3001
3326 2727
3489 3292
2590 2691
3034 2495
3258 2496
2579 2980
3295 2655
2984 2547
3440 3038
2730 2584
2412 1112
3511 3280
3020 2482
2482 2470
3362 2361
2967 2554
2516 2702
3212 2514
2392 1015
3428 3266
3407 3396
3074 2435
2400 2433
2524 2709
2500 2584
3223 2731
3222 2722
3728 2855
2540 2897
3919 2781
2610 2853
2613 2574
3437 3098
2677 2630
3351 2393
3113 2485
3467 3097
3140 2842
3233 2625
2432 964
2521 1173
3152 2782
3195 2964
3204 2945
3372 2940
2283 1323
2593 2763
3369 2940
3039 2398
2837 2522
2160 1678
3193 2734
3332 2726
2436 940
2453 2580
2442 972
2621 2803
2815 2537
3397 3120
2314 1312
2620 2817
3172 2776
2580 2978
2404 1141
3076 2444
3487 3293
3459 3349
2944 2577
2573 2685
3070 2586
2539 2741
2601 2789
3117 2823
2577 2930
3168 2708
3152 2796
3361 3426
3320 2630
3216 2613
3253 2508
2963 2543
3890 2765
2608 2575
2757 2515
2536 1205
3123 2800
3170 2781
3174 2499
2265 1355
3205 2615
3213 2696
2556 2972
3149 2783
2489 2569
3568 3152
2583 2737
3173 2854
2646 2786
3544 3192
3162 2646
3185 2618
3065 2498
3259 2947
3114 2555
2422 929
2681 2723
3196 2707
3454 3294
2875 2568
2860 2535
2358 2419
2383 2413
3316 2925
2199 1476
2436 1211
2340 2378
3165 2635
3458 3322
3246 2544
3390 2910
3470 3297
3015 2569
3025 2484
3331 2918
2473 955
3339 2387
2728 2567
3370 3420
3535 3345
2506 2510
2474 2577
2582 2740
2439 1045
3475 3105
3168 2897
2428 980
3286 2650
2598 2559
3492 3127
2597 2617
2575 2694
3238 2666
2527 1140
3226 2977
3194 2638
3360 2679
3793 2776
2148 1670
2401 1124
3156 2685
2577 2682
2514 1743
3338 3371
3572 3308
3512 3080
2251 1336
3480 3116
2332 1006
3554 3333
2917 2573
3036 2498
2403 995
2631 2652
2429 2571
2629 2690
3134 2686
2597 2731
2635 2576
3246 2632
2573 2970
2614 2776
3803 2808
2555 2462
2648 2550
3375 3390
2132 1627
3565 3334
3318 2924
2615 2745
2532 2928
2532 2947
2492 1191
3112 2491
2633 2694
3413 3057
3085 2531
2600 2144
3081 2531
3318 2945
2351 1234
2316 2393
3188 2961
3881 2722
3125 2715
3031 2464
3355 2994
2684 2720
3116 2716
2304 1263
2734 2563
3199 2941
3314 2465
3396 3090
2569 2950
2507 2896
3171 2636
2439 939
2495 2904
3327 2921
3148 2638
3517 3121
3234 2629
3064 2421
3076 2532
3306 2739
3204 2686
2451 1214
3343 3382
2187 1470
3543 3208
2368 2520
2380 2539
3802 2816
2470 2576
3317 3371
2541 2902
3385 3078
2911 2572
2646 2691
2394 1143
3539 3348
3186 2958
3343 3030
2136 1658
2460 2579
3145 2803
3572 3302
3329 2433
2384 2549
3220 2988
3082 2587
3072 2432
3353 2670
2294 1254
2685 2726
2608 2712
3448 3274
3248 2704
2318 1258
3319 2412
2642 2678
3471 3291
3107 2620
3574 3323
3366 2935
2997 2483
3065 2614
3193 2752
3441 3275
2286 1301
3407 3405
2362 2493
2269 1359
3302 2449
2604 2765
3070 2413
3209 2946
3332 2724
3077 2487
3373 2396
2138 1635
2565 2570
2631 2679
2246 1371
3294 2660
3505 3202
3083 2611
3072 2446
2559 2750
3355 2361
3549 3333
2499 2119
3928 2768
2529 2714
3470 3114
2558 2553
2406 1043
3276 2712
2369 966
3367 2873
3385 3071
2409 1134
2622 2696
3313 3394
2780 2512
2276 1325
2478 955
3893 2773
2916 2494
3094 2480
3164 2773
3337 3400
3265 2924
2609 2904
3322 2931
3253 2523
2470 2577
2600 2746
3178 2878
3347 3433
2514 2953
3021 2468
3369 2908
3560 3220
2513 2491
2245 1370
2445 2579
3336 2414
3438 3046
3481 3279
3464 3304
2494 2915
3352 2970
3211 2731
2419 986
2627 2614
3379 2903
3311 2729
3330 2703
2892 2587
3324 3377
3343 3421
2395 2546
2427 1093
3205 2601
3532 3324
2636 2593
2518 2889
3425 3405
2591 2733
2860 2538
3155 2709
3315 2729
2497 2594
2999 2466
3331 2714
3342 3357
3432 3406
3212 2657
3385 2983
3329 2472
3394 3082
3254 2954
3191 2723
2673 2709
2570 2940
2594 2141
3556 3327
2561 2729
3280 2706
3475 3106
2543 2735
2501 2522
3411 2947
2922 2572
2639 2707
2392 2464
2395 1147
2748 2535
2168 1642
3514 3194
2349 2389
3332 2404
2550 2549
3353 3424
2397 1145
3154 2805
2353 2386
3518 3175
2268 1346
2362 2532
2134 1630
2326 1282
2589 2860
3342 2387
3537 3146
3116 2803
3396 3397
2503 2539
3350 2397
2607 2615
3191 2962
3091 2528
3142 2784
2584 2702
3241 2932
2605 2853
2625 2678
3335 3386
3339 3381
2351 986
2428 1080
2575 2965
3395 2996
2910 2559
3179 2913
3107 2441
2438 969
2560 2730
3511 3081
3178 2915
3339 3026
3370 2929
3001 2530
3181 2739
3304 2466
3368 2936
3190 2857
2613 2818
2478 2496
3182 2857
2693 2583
2487 2514
2577 2602
2557 2565
3347 3392
3389 2972
2687 2735
3334 2712
3799 2782
2534 1202
2819 2552
3004 2487
3394 3072
3245 2553
3146 2690
3230 2972
2828 2542
3541 3242
2551 2924
3074 2417
2513 1230
3110 2434
3078 2526
2496 1192
2137 1657
2892 2589
3390 3010
3265 2638
3503 3200
3062 2435
2337 1258
2529 1143
2628 2617
2350 1230
2278 1317
3242 2629
3404 2958
3558 3331
2430 1083
3293 2636
3503 3180
3318 3396
3512 3093
3257 2927
3398 3385
2458 1042
3185 2739
2504 2899
3125 2495
3092 2527
3256 2499
2652 2710
3111 2552
2430 924
3306 2651
2532 2727
3390 3077
3228 2504
2397 1133
2358 1249
2652 2571
3230 2935
3426 3402
2257 1331
2283 1279
2944 2592
3882 2705
3112 2821
3121 2546
3506 3163
2152 1673
3468 3138
3346 2885
2698 2728
3873 2717
3394 3129
2387 2463
3189 2717
2562 2578
3218 2948
3095 2519
2566 2584
3511 3193
3141 2791
2372 990
3298 2627
3294 2640
2603 2156
3234 2564
2642 2538
3104 2559
3802 2809
3056 2605
2591 2757
3389 3404
2383 1211
2545 2887
3263 2562
3041 2405
2986 2521
2634 2127
3126 2469
2368 2518
2600 2720
3134 2685
3249 2672
3319 2460
3064 2444
3217 2615
2536 2945
2740 2527
3295 2635
3067 2558
2306 1272
2629 2676
2577 2750
3284 2641
3380 2915
2701 2586
3452 3072
2462 1016
2410 989
2566 2975
3869 2716
2395 2485
3517 3186
3274 2620
3077 2560
3095 2442
2561 2582
2417 984
2595 2561
3405 3405
3448 3067
3058 2619
3198 2940
2592 2854
2718 2545
3138 2839
3331 2945
2385 2503
2591 2870
2965 2540
3809 2799
3030 2525
3176 2537
3076 2424
2402 2457
2579 2768
2663 2726
2327 1235
2372 962
3147 2808
2477 1175
3089 2536
2437 1061
3464 3351
2641 2581
3334 3020
3064 2529
3439 3355
3393 3092
2635 2571
3177 2837
2855 2526
2437 1050
3216 2725
2359 949
3302 2748
3425 3366
2393 994
3209 2956
2646 2587
3335 3033
2139 1632
2416 990
2503 2535
3007 2505
3298 2646
2609 2749
3313 3373
2421 1201
2633 2661
2521 2685
3892 2728
2425 2565
2475 2503
2287 1297
2499 2583
2501 2567
3213 2649
3091 2458
2569 2693
2596 2728
2626 2788
3320 2739
3061 2418
3063 2504
3429 3375
2544 2485
2513 2905
3563 3346
3242 2580
2796 2523
3169 2900
3257 2932
2430 938
3066 2588
3511 3187
3502 3162
2896 2571
3342 3377
3354 2394
3200 2690
2700 2582
2490 2506
2372 2523
2728 2551
2390 2465
2763 2542
2281 1318
3539 3150
2589 2890
2541 2725
3117 2557
3395 3065
2422 1200
2968 2512
3118 2624
2650 2686
2347 1230
3133 2673
3349 2989
3117 2602
3236 2509
3234 2934
3451 3371
2641 2691
3448 3082
2512 2553
3156 2747
3462 3091
3482 3284
2348 1235
3470 3163
2594 2873
2281 1243
3211 2704
3246 2920
2393 1040
2615 2846
3383 3048
3103 2530
3242 2594
2702 2721
2600 2774
2725 2565
3405 3407
2667 2722
2621 2820
3222 2628
3506 3175
2441 1210
3362 2430
2192 1465
3091 2529
2661 2506
3166 2825
2649 2691
3249 2707
3091 2547
3292 2641
2370 2542
2617 2747
3202 2686
3068 2557
3429 3374
3096 2560
3331 2962
3149 2645
2257 1350
3458 3058
2942 2567
2640 2705
2652 2704
2609 2766
3344 3037
3507 3135
3481 3280
2577 2731
2835 2527
3075 2396
2461 1222
3453 3286
3243 2591
2586 2751
2335 1271
2514 2559
2803 2536
3179 2636
2626 2686
3544 3203
2545 1143
3370 2945
3142 2585
2576 2555
3111 2431
3531 3327
3065 2502
3160 2638
2425 1088
3423 3038
3249 2608
3175 2535
2418 1201
2696 2751
3051 2516
2563 2964
3540 3238
3419 2957
2191 1493
2449 943
2506 2485
3433 2974
3200 2921
3177 2697
2506 2552
3182 2599
2175 1436
2904 2564
3449 3276
2663 2514
2534 2565
3362 2902
2571 2709
2560 2974
3319 2418
2605 2720
3905 2769
2522 1844
2536 2930
2574 2949
2413 986
3278 2460
3223 2656
3103 2620
3377 2971
2945 2585
2645 2594
3925 2767
3351 3436
2798 2529
2581 2719
2530 2738
3507 3164
3337 2711
3068 2577
2599 2780
3105 2623
2520 1153
2252 1345
3015 2555
3233 2981
3305 2451
3355 2898
2495 2907
3537 3223
2558 2750
2464 1171
2461 1214
3118 2563
3872 2715
3477 3091
3349 2666
3148 2785
2399 1157
3047 2401
3217 2585
3251 2575
2766 2516
3373 3054
2133 1654
2352 1245
3003 2462
2423 967
2635 2801
3196 2645
3469 3324
3314 3389
2169 1565
2417 1056
3191 2525
3078 2561
3123 2712
3159 2787
3379 2907
2720 2555
3322 2715
3324 2706
2647 2553
2519 2560
3265 2692
3457 3361
2650 2110
3798 2785
2894 2545
2417 1069
3276 2471
3478 3105
3229 2566
2460 950
3139 2843
3070 2478
1933 2370
3360 2999
3909 2739
2561 2931
2397 1132
2614 2813
3083 2415
3240 2597
3563 3334
2424 1156
2639 2604
2382 2442
3114 2715
2835 2526
3083 2516
3080 2408
3408 3404
3206 2536
2604 2708
3207 2645
3337 2922
2606 2751
3282 2711
3173 2786
2420 991
3157 2631
3164 2737
3069 2481
2540 2478
3361 2996
2966 2508
3500 3146
2670 2748
3127 2496
3343 2890
2371 2430
3004 2486
2319 1316
2933 2573
2560 2977
2339 1004
2569 2954
2487 1223
2598 2872
3145 2781
2664 2612
3043 2408
2634 2616
2899 2548
2649 2529
3326 2940
3073 2395
2471 2575
3434 2983
2971 2521
2649 2710
2389 2467
3187 2744
2482 2509
2549 2745
2174 1610
2618 2672
2527 2715
2574 2760
3472 3297
2514 1213
2563 2684
2643 2607
2651 2563
2427 1190
3337 3034
2632 2614
2613 2844
3217 2720
2481 1176
3400 3381
2525 2889
3058 2507
2482 2505
3426 3363
3256 2695
2637 2717
2586 2740
2640 2525
2726 2565
3102 2600
2820 2533
3340 3384
2532 2907
2557 2928
2457 2582
3391 3009
2635 2667
2362 2147
3349 2373
2411 1187
3270 2627
2632 2686
3183 2840
3235 2695
3020 2479
3195 2702
2892 2565
3424 3354
3516 3186
2967 2502
2392 2560
3127 2471
2963 2494
3301 2665
2525 1147
3360 3394
3102 2432
2511 2956
3375 2971
3514 3191
3108 2605
3289 2668
2366 1231
3185 2521
2627 2603
3265 2494
2606 2775
2336 1279
2382 2536
2895 2546
2913 2492
3419 3047
2630 2631
2239 2207
2331 1235
3194 2920
2397 2509
2593 2619
2409 1024
3058 2444
3347 2901
3250 2588
3185 2972
2569 2755
2642 2790
3223 2981
3154 2804
2616 2726
2571 2972
3528 3196
3073 2565
2634 2125
2790 2519
3079 2586
2385 1041
3337 2385
3801 2799
3245 2967
2625 2605
2632 2769
3472 3305
3250 2703
2999 2531
3197 2731
2786 2514
2588 2556
3054 2391
3010 2491
3023 2462
3323 2931
2518 1232
3171 2784
2681 2628
2174 1626
2300 1326
3523 3144
3124 2570
3380 2899
3370 2907
3920 2780
2625 2148
2894 2554
3345 3382
3191 2961
2839 2531
2426 1012
3318 3397
2628 2850
2519 1154
2492 2563
2646 2542
2167 1434
2364 2528
3186 2968
2620 2610
3284 2634
2556 2981
2414 1020
3893 2713
3106 2434
2655 2564
3041 2497
2451 947
3164 2584
2430 1053
2390 2416
2572 2936
2353 980
2659 2613
3557 3146
3798 2805
3349 2386
2652 2612
3142 2647
3230 2704
3581 3307
3082 2536
2888 2504
3250 2575
3476 3305
3406 2966
3242 2608
2605 2708
2883 2542
3494 3310
2386 2550
2958 2578
3359 2375
2604 2695
2441 939
3303 2656
3065 2455
3084 2411
3265 2488
2491 2592
3365 2921
3270 2680
3303 3374
2517 2703
3530 3145
3156 2636
2568 2755
2980 2515
2608 2713
3202 2536
3493 3117
3376 2965
2647 2705
3230 2627
2505 2538
2489 2526
3333 2472
3363 3424
2416 1016
2604 2620
2532 2910
3145 2819
3406 2995
3425 3060
2565 2560
2611 2711
3526 3343
2385 2481
3106 2597
3135 2705
3035 2497
3509 3285
2511 2881
2542 2730
2613 2677
2515 1213
2267 1355
2606 2578
2404 1205
3419 3050
2441 931
2377 1255
2708 2551
2582 2593
2898 2521
2405 1154
3029 2465
3103 2433
3383 3040
2498 2912
2344 1229
2292 1240
3049 2407
3376 3390
2515 2486
3849 2710
2461 948
3095 2440
3383 2919
2908 2492
2668 2743
2893 2562
3081 2478
3130 2684
2950 2582
3366 2430
3382 2920
2517 1175
2403 1025
3370 2350
2623 2642
2757 2556
3302 2692
3189 2611
2574 2955
3524 3339
2429 1194
3431 2974
2554 2974
2562 2582
2652 2523
2396 2433
3211 2615
3272 2561
2447 968
2528 2881
2409 1112
2538 2483
2675 2501
3158 2646
3159 2647
3580 3321
2170 1619
2327 1267
2978 2571
2439 1177
3183 2920
3195 2519
3072 2424
3194 2696
2451 1191
2572 2553
2312 1324
3359 3436
2613 2811
3485 3161
3302 2466
3510 3117
3177 2531
3367 2887
3554 3147
2456 946
2407 1135
2467 954
2650 2567
2458 1040
3364 2908
3191 2613
3381 2948
3244 2961
3399 3002
3107 2541
2495 2464
3505 3135
2518 2928
3567 3332
3329 2424
3512 3293
3169 2891
2607 2783
3089 2586
2384 1261
3531 3188
2905 2550
3371 3391
3000 2533
2550 2934
3174 2876
2526 1146
2604 2606
3373 2394
3303 2943
2580 2886
3355 3352
2760 2552
3371 3001
2489 2593
3368 2898
2764 2553
3143 2852
3299 2732
3242 2960
2469 1156
2588 2529
3261 2532
3296 2479
3364 2681
2436 963
2876 2570
2956 2531
2344 2404
2507 2388
3532 3181
3012 2566
2533 2555
2621 2743
3420 2981
2430 1060
3413 3403
2694 2567
2357 1254
3334 2967
3164 2899
3406 3405
2598 2798
2489 1197
3231 2698
3480 3110
3310 2469
2469 1220
3201 2525
3260 2566
3542 3209
3407 3057
3399 3389
3165 2530
3453 3074
2588 2858
3439 3060
2385 2406
3585 3318
2545 1197
3417 2978
2412 993
2305 1326
2522 2694
3319 2624
3504 3132
2364 965
3331 2931
2407 989
2602 2617
3476 3132
3379 2902
3507 3263
2584 2529
3149 2826
2427 1198
2263 1338
2191 1487
2447 2572
3563 3350
3309 2463
3091 2620
2430 929
2959 2577
3222 2575
2580 2709
3357 2994
3340 3032
2540 2883
2616 2743
3553 3209
3359 2877
3344 3399
2506 2581
3021 2458
2448 971
3413 3266
2969 2528
3318 2461
2386 1218
3339 2699
2527 2879
3183 2610
3210 2956
2408 1021
3263 2635
2321 1243
2572 2693
2619 2657
3441 3353
2576 2741
2528 2726
3083 2466
3300 2721
2362 958
3021 2537
3892 2775
3914 2773
3065 2561
3121 2634
2356 964
2467 1155
2608 2844
2632 2124
2460 1025
2498 2118
2658 2623
2984 2537
3072 2566
3442 3275
2841 2533
2778 2518
3246 2597
3326 2696
3468 3331
3453 3281
2402 2466
2525 2714
2291 1258
3210 2948
2928 2573
2330 2408
2627 2615
2456 979
3452 3286
2677 2607
2500 2581
3164 2591
3332 2402
2516 1211
3142 2589
3068 2573
3452 3373
2361 2491
2411 994
3532 3347
2544 1201
3017 2570
2610 2146
3315 2437
3853 2713
2602 2708
2459 1020
2540 1197
2497 2916
2546 1206
2276 1326
2258 1347
3171 2795
2603 2616
2509 2865
2641 2535
2489 2571
3542 3331
2192 1498
3540 3240
3136 2682
2396 1146
3162 2826
3135 2680
2515 1211
2673 2609
2498 2591
3483 3280
2440 938
3410 3424
2862 2537
2417 1010
3067 2454
2448 1207
3936 2769
3408 3403
3422 3409
3362 2397
3490 3113
3388 3030
3516 3203
2543 2481
2403 1118
2454 2578
3537 3205
3351 2906
2382 2433
2702 2590
2454 1198
3234 2941
2417 1098
3382 3048
2637 2551
3800 2818
3364 2394
2590 2906
2676 2503
3370 3058
3381 3396
2620 2825
2335 1264
3311 3407
2467 1022
2685 2555
3285 2635
2594 2620
3334 3019
2378 2482
2427 2562
2699 2722
3090 2619
2460 2582
2506 2925
3352 2989
2335 2359
3364 2341
2381 2435
3730 2853
3372 2403
2821 2539
3288 2666
2351 2414
3115 2451
2529 2573
2193 1490
3382 3072
2481 1217
2432 911
2730 2556
3175 2904
2414 965
3528 3155
2587 2734
3177 2651
3211 2762
2637 2605
2358 1211
2561 2733
3069 2520
3071 2505
3241 2935
3873 2713
2967 2511
2699 2544
2696 2561
3279 2632
3064 2435
3375 2673
3435 3410
3400 3014
2786 2511
2642 2717
3251 2694
2909 2552
3187 2846
3394 3071
3140 2597
3340 2644
3380 2975
3508 3116
3374 2953
2308 1305
2499 2900
2356 2535
2533 2561
3012 2519
2985 2516
3452 3071
3145 2610
3508 3252
2523 1200
3849 2704
2515 1218
3302 3397
3408 3058
3332 2709
3795 2803
2690 2740
3471 3109
2942 2594
3519 3345
2537 2923
2943 2590
2147 1663
3893 2714
2502 2929
3387 3409
3542 3339
3515 3309
3123 2817
2376 1197
3027 2511
3211 2580
2886 2535
3385 2940
3445 3081
2599 2587
3095 2468
2386 2450
3389 2997
2946 2585
2576 2977
2422 1089
3386 3384
3238 2508
3083 2455
2933 2576
3360 2682
2291 1274
3168 2724
3202 2627
2514 1219
2993 2520
2466 1039
3249 2505
3539 3148
2533 2912
3214 2630
2568 2560
3352 2397
2288 1296
3297 2623
3146 2584
3376 2955
3354 3046
2545 2916
3190 2949
3335 3349
2729 2543
3516 3267
3218 2630
2714 2579
2762 2546
2408 2560
3263 2924
2544 1144
2731 2584
3078 2460
3500 3265
3105 2441
2402 1212
3235 2941
2427 1189
2644 2700
3190 2700
2746 2525
2434 1058
3284 2628
2387 2550
2430 2564
3176 2869
2156 1674
3342 3439
3314 3403
2303 1249
3333 2950
3133 2681
2615 2845
2840 2529
3897 2756
3381 2976
2609 2614
3370 2878
2801 2546
3536 3306
2613 2766
2530 1146
3021 2521
3509 3313
2793 2506
3205 2921
2425 978
2649 2586
2566 2553
3459 3077
2850 2530
3537 3186
2431 1016
2158 1568
3325 2405
2461 1028
3580 3317
2467 1033
3161 2870
2397 2447
2360 2526
3086 2618
3388 2986
2579 2723
2355 972
3131 2680
3358 2892
2804 2538
3231 2962
3845 2711
3081 2484
2539 1199
3128 2496
3314 3375
3555 3142
3371 2403
3496 3134
3072 2394
3475 3338
3082 2504
2587 2615
2686 2557
3196 2644
2502 2536
2428 989
2392 1167
3121 2547
2453 1212
3243 2974
2643 2537
2626 2673
1931 2369
2481 1213
2148 1675
2591 2879
3450 3349
3112 2583
2790 2501
2335 2382
2148 1669
2533 2568
3226 2957
2556 2730
2407 994
2417 1053
2758 2513
2251 1335
3467 3344
3165 2738
3392 3008
3251 2618
2418 1026
3358 3445
2421 1027
2666 2713
3388 2907
2835 2522
2176 1465
3270 2629
3174 2837
2820 2547
3324 2632
2979 2538
3520 3187
2440 939
2499 1199
2519 1167
2175 1626
2861 2537
3517 3267
3179 2528
3435 3379
3436 3415
2419 1090
3927 2778
2602 2828
3496 3091
3347 2964
3189 2697
3204 2533
2171 1459
3197 2706
2400 1167
2713 2573
2466 1019
2498 2883
2574 2937
3095 2441
3162 2794
3122 2562
2170 1644
3434 3408
2371 2427
3453 3338
2859 2533
3190 2512
2201 1475
3022 2539
2177 1435
2349 1001
2914 2494
3870 2744
3053 2610
3208 2917
3311 2619
3032 2516
2536 2742
3162 2738
2190 1474
2539 2719
3076 2557
2165 1532
3181 2711
3187 2958
3383 3065
3505 3255
3317 2470
3953 2770
3406 3074
2494 2474
2265 1338
2611 2838
2501 2902
2809 2543
2673 2619
3516 3270
3430 3034
3457 3090
3200 2755
3526 3342
3908 2738
3098 2561
2340 1257
3160 2693
3134 2694
2312 1304
3587 3303
2312 1250
3195 2862
3441 3350
2388 2414
2483 2484
2431 1145
3188 2602
3018 2512
3437 3046
3317 2420
3525 3278
3389 3393
2420 2577
2985 2513
2842 2534
3438 3033
3259 2539
3353 2893
3256 2930
2492 2603
3190 2636
3185 2607
2600 2579
2803 2538
2601 2827
3108 2604
3287 2631
2681 2632
2660 2503
3356 2382
2818 2545
3237 2665
3358 2881
3313 3395
3161 2868
3535 3327
2578 2712
2766 2513
2189 1637
2582 2529
3251 2573
3811 2780
3356 2361
3727 2855
3192 2749
3509 3188
2970 2500
2371 2524
3087 2547
2885 2552
3133 2698
2259 1355
2759 2516
2404 994
3318 2620
3354 2374
3217 2948
2509 2556
3134 2687
2414 1069
2318 2390
3423 3027
3371 3423
3297 2952
3200 2525
3008 2457
2490 1197
2526 2468
2358 1227
2334 1255
2347 1228
2396 1158
3386 3041
3315 2944
3355 2946
3351 2352
3164 2590
2621 2659
2353 994
3075 2445
3359 3434
2177 1462
3426 3399
3362 2891
3896 2720
2460 1190
2373 1256
3525 3344
1930 2375
3317 2629
2594 2851
2368 2541
2823 2539
2639 2674
3183 2926
3208 2911
2345 2360
2568 2975
2412 2446
2980 2520
3149 2912
3368 3400
3142 2649
3291 2665
2516 1213
3418 3410
2420 1149
3403 2984
2532 2888
3527 3183
3429 2975
2513 1234
2581 2556
3332 3037
3290 2638
2375 2525
3350 2642
3165 2514
3279 2462
2143 1676
2601 2711
3373 2954
2702 2723
2395 1158
3019 2511
3504 3145
2382 2538
2529 2915
3381 3077
3159 2784
3368 2926
3420 3403
2412 1121
3374 2674
3341 2921
2456 1046
2684 2593
3249 2577
2182 1635
2681 2742
3180 2711
3364 3390
3354 2346
2503 2924
2696 2725
2372 1208
2393 2425
2558 2582
3511 3176
2333 2371
3520 3281
3472 3304
2903 2503
3333 2390
3064 2416
2888 2540
2591 2548
3096 2463
3518 3131
3529 3242
2475 1217
3337 3024
3076 2467
2420 978
3169 2739
2490 2572
3178 2842
2395 1018
3373 3422
2489 2494
3459 3092
3256 2688
2417 1007
3395 3094
2443 956
2514 2871
2559 2573
2598 2747
3091 2451
2450 1061
2322 1274
2716 2579
2523 2708
2838 2528
2509 2937
2919 2572
3584 3309
3879 2711
3215 2594
3311 2419
3089 2587
2458 1043
3243 2514
3145 2602
2606 2790
3358 2668
2173 1642
3308 2657
2894 2562
3310 2468
3162 2866
2238 2208
2429 946
2349 2376
2596 2905
3876 2725
2730 2582
3335 2389
2623 2651
3333 2958
3920 2769
3090 2547
3356 2885
2598 2602
2544 2736
2228 2223
2816 2551
2496 2530
3045 2497
3173 2831
3506 3202
2493 2476
2357 963
2476 956
3226 2597
2673 2708
3492 3132
3192 2601
2486 1200
3439 3270
3165 2895
3198 2756
2693 2563
2431 2572
3183 2958
2433 1063
2614 2846
3335 2422
2417 1118
3251 2630
2371 1249
3391 2980
3518 3344
3163 2700
2391 1037
3217 2571
2362 1217
3523 3304
3088 2452
2967 2568
3301 2673
3066 2445
3268 2464
2278 1305
2573 2735
2528 2884
3372 2410
2561 2731
3168 2706
2966 2539
3565 3322
2335 1274
2174 1618
3514 3202
2269 1316
3183 2638
3395 3079
2171 1464
3347 3423
2417 1009
3276 2697
3815 2791
3544 3140
3257 2505
3289 2709
3067 2430
2593 2903
2529 1199
3207 2530
3221 2593
2497 1192
3216 2724
3200 2689
2623 2844
3473 3329
3399 2962
2638 2791
3315 2923
3483 3163
2999 2467
3173 2837
2422 966
2840 2537
2486 1186
3338 3359
3291 2446
2524 2562
3064 2595
3053 2391
2825 2543
3229 2914
2523 2697
3888 2768
2315 1265
2521 2961
2874 2545
3505 3125
3250 2630
2578 2884
3315 2739
2580 2707
2686 2739
3209 2636
3223 2652
3076 2492
3369 2677
2332 2389
3329 2934
2476 2498
3371 3397
2606 2695
2680 2722
3112 2482
3474 3166
2618 2669
3341 2705
3847 2719
2612 2723
3510 3280
2582 2731
2578 2766
3086 2532
2453 974
2881 2554
2418 1146
2823 2530
3220 2601
2407 1152
2422 930
3206 2911
3435 3038
3303 2664
3147 2608
3137 2845
3533 3335
3234 2601
3118 2809
3336 2969
3872 2746
2563 2572
2469 1153
2977 2536
2442 2573
2328 1253
3466 3340
3521 3196
2463 1038
2389 2473
3273 2617
2618 2744
3360 2675
2260 1365
2414 1015
3461 3090
2416 1199
2524 1236
2987 2520
3443 3346
3174 2545
3524 3193
3411 2973
2522 1219
2509 2901
2532 2733
3169 2867
3156 2901
3336 3016
3387 2909
2445 1213
2484 1207
2397 2449
3378 2660
3392 3389
3358 2397
3439 3353
3185 2743
3514 3292
2677 2717
2633 2808
2790 2518
2728 2557
2136 1660
3094 2460
3303 3365
2439 969
3258 2627
3086 2445
2388 2449
2537 2486
3293 2713
2379 2539
3366 2659
2467 1168
2370 1249
2416 1143
3855 2725
2388 1039
3087 2553
3391 2999
2522 1179
3014 2513
2572 2940
2892 2590
2445 972
3529 3254
2433 931
3181 2922
2324 2406
2704 2590
3176 2841
2614 2149
2407 2453
2764 2534
3201 2931
2420 987
3309 2939
3074 2429
3263 2950
2352 1004
3330 2944
3000 2527
3199 2921
2489 2573
3308 3400
2675 2744
2543 2918
3363 2922
3075 2505
3195 2689
2620 2780
2586 2616
2604 2702
2632 2666
2466 1017
2452 1062
2574 2970
2366 980
3210 2760
2602 2595
2951 2571
2657 2515
3234 2608
3301 2749
2526 2874
3495 3088
3347 2385
2528 2715
2561 2939
3213 2602
3930 2770
3325 2706
3331 3387
3243 2674
3142 2584
2354 2535
3304 2737
3252 2696
2501 2561
3034 2493
3408 3405
2536 1146
3523 3195
3385 3014
3594 3297
2595 2715
3319 2735
3233 2941
3236 2930
2448 2577
2433 929
3332 2927
2390 964
3088 2502
3262 2467
3180 2723
2541 1202
2891 2524
2451 952
2403 1149
3148 2614
3302 2671
3520 3316
3342 2985
3373 3423
3211 2678
2550 2548
3912 2777
3308 3371
2846 2541
3472 3155
2559 2979
2587 2698
2335 1263
3352 2660
3562 3223
3326 3376
3075 2416
3341 3401
3113 2452
2508 2952
3104 2609
2758 2512
3848 2707
2458 1014
2412 1159
2546 1193
3052 2521
2378 991
3085 2614
2663 2503
2608 2627
3269 2684
2675 2606
2577 2711
2756 2526
2488 2573
2567 2894
2430 1174
2604 2823
3831 2729
3247 2931
3459 3364
2683 2634
2627 2814
3479 3127
3247 2922
3223 2617
3506 3183
3366 2415
3422 3403
2786 2517
3058 2606
3525 3279
3390 2984
3488 3186
2434 2559
2504 2557
3196 2717
2776 2512
2699 2723
3454 3370
3019 2529
2622 2832
2138 1638
3449 3056
2418 2555
2805 2539
3263 2693
2175 1642
3517 3317
2829 2533
3352 3435
2979 2515
2529 2917
2330 1278
3020 2460
3162 2829
2269 1335
3063 2406
2698 2564
2640 2551
2638 2792
2604 2860
3093 2519
2909 2492
3021 2460
3222 2965
2470 1056
3555 3146
3076 2551
2802 2535
3077 2507
2429 1147
3521 3320
3409 3074
2551 2556
3457 3318
2817 2552
2461 1236
2603 2851
3880 2734
3359 2900
3330 3353
3080 2458
2309 1270
2627 2693
2564 2940
2827 2536
2325 1278
3122 2467
3163 2637
3375 3396
3255 2507
2138 1646
2899 2591
2502 2517
2588 2530
3425 3358
3147 2909
3252 2627
3227 2596
2422 1154
3033 2493
3304 3383
2540 2914
2314 1313
2588 2861
3499 3089
2524 2697
3522 3309
2800 2517
3342 2964
2840 2525
3897 2749
3317 3381
3321 2410
3167 2636
2389 2465
2515 1227
2157 1439
2388 2416
3008 2504
2533 2944
3286 2664
3137 2787
3102 2536
2515 2885
3251 2662
3528 3169
3369 3418
2896 2508
3129 2692
3172 2909
3160 2872
3809 2798
3176 2499
3450 3289
2672 2504
3431 3349
3326 2386
2623 2641
2172 1642
3224 2645
2540 1198
3234 2662
3019 2484
3354 3041
3837 2726
2319 2386
3428 3352
3231 2963
2609 2756
3206 2527
2178 1633
3178 2914
3892 2722
3065 2413
2371 2514
3527 3189
3514 3309
2435 1210
3224 2959
2403 1155
3268 2920
2430 2567
3390 3404
2351 975
3197 2529
2483 2488
2598 2715
3347 2900
3369 2871
3505 3112
3133 2705
3462 3079
3121 2573
3177 2894
2620 2824
3848 2710
3350 3397
3100 2548
3551 3197
2502 2511
3471 3163
2961 2573
3084 2467
2591 2141
2596 2868
2543 1150
2596 2909
3543 3340
2964 2500
2672 2720
2298 1327
2417 2552
3303 2740
3405 2979
3507 3193
3390 3030
2563 2930
3188 2522
3389 3387
3526 3279
2394 2576
2643 2711
3246 2688
2639 2551
3286 2476
3263 2564
2517 1167
2392 1128
2624 2143
3307 2733
3295 2947
3270 2628
2946 2589
2432 983
3239 2552
2172 1635
2648 2561
2364 1001
3412 3423
2694 2740
3196 2696
2574 2753
2560 2562
2539 1201
3125 2627
3302 3367
2599 2151
3076 2443
3553 3336
2548 2560
2590 2879
2582 2622
3424 3057
2549 2748
3117 2629
2200 1462
3235 2662
3381 2977
2563 2937
2153 1683
3361 2894
2463 1147
3011 2502
3137 2831
3363 3384
3015 2498
2367 979
3064 2530
3321 2633
2636 2794
3168 2705
3167 2742
2368 2543
2597 2142
3318 2628
2344 1240
2431 977
3390 3085
3168 2831
2579 2901
3153 2613
2593 2621
3548 3144
2612 2719
3211 2679
3529 3246
2364 977
3266 2614
3291 2947
2340 2412
3136 2600
3490 3132
3423 3029
3506 3285
3117 2561
2501 2524
2543 1144
3187 2746
3396 3009
3352 3043
3369 3074
2485 1188
3148 2692
3247 2546
3350 2643
2511 1165
2445 960
2330 1268
3121 2631
2364 2495
3097 2445
2605 2722
3186 2953
3282 2946
2412 1188
3532 3336
3185 2609
3500 3095
2635 2649
2884 2541
3802 2784
2534 2553
2580 2933
2390 1215
2910 2496
3152 2582
3528 3202
3364 3399
2398 1018
3210 2637
3008 2464
2600 2717
3488 3307
2367 2522
3366 2395
2176 1510
3198 2970
3355 3426
3535 3184
2257 1355
3337 2696
2639 2580
3071 2391
3894 2778
2336 1269
3573 3301
3128 2832
2334 2355
3251 2612
3295 2441
2468 1216
2191 1477
3897 2778
3363 2418
2489 2515
2748 2551
2474 2567
3364 2872
2681 2597
2399 1039
3241 2922
3181 2723
2464 1041
2547 2562
3358 3387
3190 2533
2364 2400
3243 2555
2883 2537
3330 2918
2513 2896
3432 3268
2457 2560
2520 1150
2471 2576
3893 2721
3119 2811
2152 1677
3435 3098
2169 1648
2611 2633
2606 2577
2660 2524
3943 2761
2518 2923
2537 2727
2581 2601
2570 2958
3525 3342
2766 2512
2750 2553
2995 2486
3206 2909
3413 2975
3241 2515
2604 2900
2367 978
3551 3199
3394 2991
3161 2819
2588 2532
3161 2638
2601 2557
3485 3311
2763 2546
2355 1257
3140 2848
3274 2460
3729 2854
3118 2716
3327 2634
3151 2800
2751 2526
3476 3169
3469 3158
3235 2535
3063 2617
2366 1212
3211 2600
3168 2904
3278 2477
2535 1193
2418 1027
3583 3306
3121 2559
3307 2713
3230 2534
2892 2566
3207 2947
3252 2630
2410 1020
2176 1443
3253 2556
3468 3359
2416 1183
2902 2480
3349 2622
3302 2620
2556 2548
3312 3364
3531 3321
3503 3198
2896 2588
2174 1623
3389 3392
3210 2602
3160 2764
2327 1278
3401 2987
3024 2472
2314 1307
3307 2619
2988 2573
2354 1267
3568 3334
3541 3152
2891 2521
2342 1258
3115 2627
3733 2852
2676 2735
2394 1130
3527 3309
2347 2367
3870 2719
3347 2908
2407 2537
2399 1040
2438 944
2651 2612
2526 2469
2428 2573
3167 2775
2477 960
3070 2489
3393 3106
2412 1105
2515 1173
3235 2921
3306 3361
2418 987
3356 2973
2483 2567
2742 2527
3493 3147
2363 2398
2633 2633
3177 2877
2372 2410
3078 2553
2357 962
2553 2549
3181 2530
3118 2816
3077 2577
2576 2936
3352 2641
3389 3394
3199 2971
2727 2581
2617 2669
2542 2569
3568 3344
2253 1349
3576 3324
2892 2522
3115 2473
2422 1055
3351 2636
3951 2763
2965 2533
2458 953
2468 2572
2514 1164
2384 1220
3224 2721
3291 2480
2492 2590
3197 2637
3357 3436
3329 2708
3336 3345
2609 2592
2372 2497
3465 3130
2698 2598
2539 2480
2596 2712
3458 3282
3075 2408
3349 2390
2374 2427
3364 2926
2454 2572
2368 965
3277 2478
2807 2516
3511 3291
3389 3019
2536 2921
3537 3159
2431 1188
3522 3308
3390 3016
3231 2554
3207 2694
2554 2730
2422 1168
3374 3055
2610 2678
3189 2915
3163 2581
3361 2429
2597 2848
3195 2525
3387 3015
2631 2807
2574 2584
2510 1208
3101 2429
3487 3092
3896 2754
3243 2712
3353 2890
3268 2613
3127 2715
2890 2504
3116 2627
3126 2694
2804 2543
3411 3074
2723 2552
3441 3270
3149 2687
3155 2802
3115 2620
2149 1678
2278 1361
3179 2711
3307 3373
2435 1176
3167 2784
3205 2627
3274 2486
3358 2427
2630 2677
3390 3009
3213 2955
3002 2468
3133 2629
2589 2617
3378 2955
3188 2848
3067 2433
2848 2543
3185 2958
3286 2708
2423 1096
2376 2446
2394 2429
3369 2675
3384 2986
2428 991
3334 2722
2514 2492
2395 966
2582 2541
3385 3012
2636 2653
3049 2408
3123 2804
2585 2624
3244 2632
3165 2896
3393 2992
2499 2576
3173 2838
2583 2713
2379 2431
3191 2523
3138 2589
3099 2626
2578 2762
2594 2914
3014 2502
3250 2701
2810 2545
2590 2883
3185 2944
3509 3178
2338 1000
2783 2515
2684 2583
2638 2588
3374 2669
2839 2533
2453 1048
3261 2546
2404 2556
2301 1269
2502 2515
3312 2712
2361 1222
3556 3220
2358 955
2590 2698
2510 2555
3456 3090
3377 3080
3378 2965
3167 2901
3374 3056
2576 2558
2679 2753
3897 2769
2647 2518
3144 2643
3111 2610
2424 1197
2357 1245
2501 2930
2830 2539
2741 2524
2527 2734
3101 2548
2416 1024
3456 3288
2524 2876
3139 2689
3535 3190
3218 2509
3293 2647
3294 2663
3852 2715
3208 2759
2300 1271
2545 2920
3374 3076
3116 2476
2393 2428
2604 2578
2488 2478
2192 1464
2758 2529
2357 996
3128 2471
3209 2948
3312 2457
2413 1069
3498 3116
2588 2887
3495 3142
2585 2945
3113 2484
2985 2511
3209 2677
3040 2526
3242 2965
2387 1138
2372 1258
2188 1637
3270 2489
3294 3385
3152 2797
3372 3027
3275 2626
3119 2806
3354 2391
2423 1180
3400 2990
3275 2950
3476 3102
2469 2572
3533 3266
2647 2704
2364 1000
3464 3107
2509 1178
2574 2741
2364 1010
2516 2676
2628 2604
2371 988
2547 2560
3375 2968
3216 2585
2575 2734
3367 3071
3325 2477
2536 2926
2448 2575
3530 3146
2500 1195
3481 3191
2555 2719
2451 1212
3162 2763
2654 2623
3485 3091
3388 3075
3173 2875
3174 2543
3358 2882
3136 2837
2370 2420
2358 1009
2199 1475
2190 1495
3398 3378
2495 2502
2479 1222
2720 2551
2381 2443
3073 2447
3344 3413
2543 2911
2410 1108
2516 2689
2552 2719
2250 1340
3108 2536
2499 2531
3344 2965
2559 2571
2560 2975
3183 2856
2358 1247
3157 2794
3459 3361
2478 2475
2696 2596
3147 2609
3081 2528
2713 2562
3334 2638
2352 1011
3332 3035
3094 2466
2947 2589
3230 2949
3807 2800
3065 2443
3396 3007
3028 2461
2417 1143
3076 2579
2600 2719
2622 2609
3338 2643
2401 2511
2698 2557
3146 2611
2482 1178
3165 2833
3226 2918
3161 2689
2515 1175
3326 2394
3240 2607
2408 1157
3492 3117
3282 2625
2170 1639
2650 2585
2143 1665
2522 1178
3439 3346
2460 1161
3177 2644
3003 2569
2811 2543
3174 2702
3331 2724
3313 2737
2530 1147
3884 2764
3875 2717
2418 986
2443 957
3038 2400
3400 3379
3177 2703
2372 961
2546 2732
2708 2547
3065 2616
3249 2607
2405 1043
3538 3215
3205 2917
2403 1208
3421 3056
2521 2690
2641 2551
2604 2605
2421 1188
3077 2395
3131 2700
2197 1482
3508 3176
2368 989
2329 1246
2345 1000
3093 2555
3900 2724
3349 3397
2242 1368
3427 3417
2597 2699
2566 2934
2559 2939
2512 2935
3119 2630
3081 2483
2700 2567
3321 2413
2314 2389
2970 2533
3388 3091
3262 2958
3214 2596
3734 2869
3347 2921
3358 3431
2512 1224
3143 2820
3099 2553
2694 2597
2758 2552
3933 2776
2542 2897
2977 2515
3078 2476
2613 2724
3425 3363
3261 2925
2641 2536
3207 2911
3408 2977
3354 2668
3007 2458
2567 2753
3310 3390
2510 2921
3406 3414
3235 2651
2758 2519
3169 2641
2623 2841
3162 2853
3432 2970
2539 2883
2905 2499
3213 2653
2597 2725
2596 2793
3226 2564
3549 2984
2423 2576
3362 2932
2642 2807
3513 3203
2157 1572
2535 1200
2483 2472
2501 2871
3424 2956
3074 2390
2645 2540
3553 3210
2253 1341
2498 2580
3546 3140
3356 2918
2974 2510
2583 2556
2507 2924
3474 3164
2597 2726
3220 2630
3022 2457
3085 2484
3388 2994
3383 2341
2514 2955
2563 2889
3344 3343
3487 3305
2518 2875
3329 2435
3165 2897
3429 3026
3164 2730
3521 3262
3164 2747
2475 958
3000 2482
3361 3430
3846 2723
3530 3263
3399 3124
3582 3320
3149 2812
2536 2925
3233 2532
2351 1007
3492 3138
2630 2128
3299 2726
3070 2455
3185 2961
3378 2891
3158 2639
3448 3348
2403 1106
2765 2515
3377 2396
2892 2564
3114 2714
2375 1202
2540 2913
2256 1337
3147 2817
3332 2926
2582 2592
3174 2700
2579 2892
3333 2422
2912 2570
3366 2902
3166 2831
2580 2945
3151 2799
3024 2480
3202 2761
2151 1674
3351 2888
3053 2599
3216 2726
3200 2688
3441 3354
3242 2505
3429 3382
3344 3356
2648 2710
3226 2536
2528 1198
3096 2437
3173 2872
3532 3346
2563 2932
3123 2469
3256 2955
3008 2461
2376 2413
3333 2426
3355 2957
3125 2496
3338 3023
2510 2880
2910 2493
3189 2521
2433 1208
3510 3178
3515 3319
2357 2418
3358 2974
2384 2409
3286 2641
2521 2890
2392 2468
3306 3383
3216 2615
2466 1038
3221 2576
3218 2719
2358 1252
2287 1323
2906 2495
3530 3254
2396 1035
3389 3389
3307 2705
2574 2550
3099 2465
2609 2153
2621 2610
2682 2549
2202 1462
2905 2494
3208 2520
3535 3186
2698 2586
3256 2624
2616 2712
3509 3082
3422 3399
3307 3357
2651 2710
2499 2889
3335 2412
3873 2726
2585 2747
2651 2524
3104 2443
3481 3115
2433 2573
3320 2741
2668 2603
2369 2538
3204 2910
3470 3136
2404 1129
3065 2601
2307 1267
3160 2845
2880 2536
3388 2909
2543 2917
2766 2547
2478 967
2405 2560
2986 2571
2358 1243
2636 2672
3436 3051
2640 2706
3374 3057
3335 3344
2616 2126
3299 2645
3504 3162
3195 2920
2511 2901
3364 2410
2462 1220
2448 1066
3231 2529
2177 1504
2542 1836
2502 2534
2366 2523
2312 1252
3310 2734
2460 1165
3531 3236
2649 2621
2684 2736
3141 2581
2685 2551
3581 3304
2508 2570
2252 1344
3323 2943
2428 1174
2378 1255
3099 2533
3255 2560
2404 2453
3144 2617
2915 2573
3352 2963
2858 2533
3307 2648
3402 3402
3538 3224
3196 2708
2550 2892
3376 2888
2406 965
2414 1146
2532 1195
2555 2551
3813 2781
2647 2621
3387 3386
3082 2622
3107 2559
3123 2565
3389 3102
2678 2623
3248 2955
2580 2899
2685 2633
3141 2855
2393 2532
3323 2703
2648 2700
3443 3347
2320 1264
3327 2700
2419 1083
2357 955
3423 3408
3875 2742
3163 2695
2359 1210
3343 2978
3338 3043
3063 2436
2363 1217
2408 1191
2552 2969
2522 2692
3307 2636
2408 1034
3169 2706
2578 2711
2388 2481
3270 2631
3896 2723
2389 960
3073 2433
2612 2746
2363 1215
2891 2575
3416 3401
3365 2895
2543 2477
3387 3041
3354 2948
2646 2677
2941 2572
3907 2747
2964 2539
3354 2949
3389 2977
3574 3324
3376 2981
2829 2524
2709 2557
3380 2912
2446 934
3188 2716
2966 2499
2530 2918
3366 3057
3494 3131
3020 2451
2173 1619
3803 2809
3523 3178
2875 2570
3133 2495
3365 2403
3343 2898
2196 1518
2364 2543
3331 3383
2374 2539
2559 2730
2359 2505
3247 2694
2277 1303
2408 966
2601 2898
3508 3121
3333 3388
3469 3132
3237 2595
3365 2427
3029 2492
3211 2729
2706 2714
2652 2623
3515 3291
3378 3095
3127 2702
2904 2492
2405 1025
3464 3360
2399 2506
3728 2857
3526 3163
3057 2612
2502 2909
3504 3200
3895 2748
3582 3307
2745 2549
3024 2457
2602 2699
3897 2746
2517 2874
2989 2508
3330 2717
2577 2684
3526 3320
2967 2571
3348 3046
3295 2442
3360 2343
3211 2955
3381 2922
3185 2747
3442 3345
3101 2436
2496 2117
3407 3078
2460 1214
2627 2777
2695 2596
2660 2502
2561 2743
2470 952
3317 3377
3356 2669
2396 991
2415 1016
2341 1271
3423 3026
2413 2446
3336 2422
2391 2453
3493 3162
2461 1224
2322 1312
2578 2738
2461 2579
2380 2537
2538 2563
2413 1199
2382 1136
3390 3385
2462 1040
3026 2484
3224 2965
3184 2971
2598 2903
2481 2479
2394 1167
3132 2690
3502 3143
3537 3220
3923 2766
3365 2872
3182 2690
3912 2778
3301 2643
2568 2694
3253 2609
2633 2720
3249 2618
2399 1133
3212 2511
3371 3064
3306 3364
2289 1259
3167 2785
3200 2738
3495 3164
3188 2526
2384 2483
2727 2552
3320 2730
3019 2483
3800 2785
2425 1017
2759 2553
3453 3077
3084 2621
2548 2936
2381 2434
3934 2777
2421 1097
3213 2528
3122 2816
2293 1269
3081 2585
3428 2955
3308 3369
2271 1364
3494 3127
2292 1236
3171 2879
3469 3134
3317 2919
2644 2560
2499 2567
3403 3386
3346 2638
3116 2474
2516 1220
2602 2579
2447 972
2406 2445
2569 2937
3152 2779
2333 1250
2423 1019
2644 2537
2366 1225
2137 1644
3340 2964
3518 3202
2649 2560
3353 2891
3359 2922
2146 1621
2764 2514
2457 1056
2332 998
2277 1312
3798 2784
3348 2384
3092 2444
3180 2644
3068 2537
2352 2420
3122 2709
3198 2967
2524 2721
3174 2527
3324 2402
3534 3181
2585 2870
3196 2747
3515 3318
3352 2974
2596 2729
3206 2601
3132 2833
3229 2911
3173 2657
2540 2477
2458 2576
3953 2765
3243 2671
3020 2552
2623 2793
3166 2784
2697 2575
3888 2764
2463 1189
3110 2482
3166 2739
3499 3142
2603 2730
3153 2857
3417 3049
2608 2791
2520 2724
2380 2546
2906 2504
3222 2718
2364 980
2526 2471
2145 1673
3520 3206
3367 2929
2393 2454
3172 2529
3324 2460
3274 2629
2537 2739
3358 2921
2571 2937
3443 3098
3498 3131
2368 2492
3016 2493
3494 3319
2339 1007
3088 2517
2434 1076
2631 2663
3331 2421
3091 2537
3177 2893
2846 2532
2673 2641
2675 2622
2332 1283
2965 2496
2515 2878
2517 1231
3565 3331
3084 2485
2442 1206
3078 2480
2492 2476
2144 1668
3405 3074
3358 3442
3028 2490
2908 2490
2730 2571
3184 2724
3276 2718
3881 2738
2459 1231
2538 1196
3154 2801
3382 2925
3205 2698
2353 2537
3505 3200
2393 966
2289 1296
3342 2966
3509 3084
2412 1189
3373 3401
2514 2867
3077 2481
2390 2475
3220 2655
3123 2818
3476 3164
3084 2495
2558 2891
2189 1466
3166 2705
3366 2999
3300 2471
3329 3046
2939 2572
3339 2710
3364 3059
2429 2572
2542 1145
3391 2995
3371 2674
3340 2388
3203 2691
2584 2543
3187 2956
3326 2471
2320 1306
3105 2559
2594 2895
2352 1230
3181 2837
3872 2745
3346 3426
2526 2889
3057 2628
3784 2793
3213 2607
2972 2571
3245 2593
2403 963
2317 1304
2448 1210
3529 3266
2628 2815
2138 1640
3360 2663
2599 2765
2640 2545
3111 2619
3850 2710
3158 2757
3281 2952
3109 2619
2473 1169
2452 959
2354 996
3067 2578
3147 2588
3548 3333
2361 2504
3362 2672
3459 3286
3737 2867
3239 2571
2567 2687
3292 2708
3050 2416
2487 2567
3388 2940
3248 2668
2393 993
2527 2874
2475 1174
3229 2533
3384 3050
3296 2958
2597 2602
3198 2963
3256 2536
2390 2566
2468 2576
3221 2572
2635 2656
3212 2619
3314 2923
3389 2983
3233 2660
3402 3378
2490 2507
3924 2761
2987 2518
3325 2476
3009 2505
2562 2963
2398 1017
2613 2613
2365 2497
3377 2978
3371 2929
2359 989
3247 2963
3360 2910
3165 2869
3385 3398
3526 3174
3525 3158
2470 1057
3386 3385
2372 1216
3421 3270
2140 1661
2328 1244
3274 2696
3797 2815
3272 2463
3274 2699
3130 2799
3532 3337
3287 2669
2510 2870
2281 1292
2254 1356
3147 2850
2641 2693
3306 3363
3527 3320
2355 2533
3165 2889
2865 2538
2972 2565
3512 3145
2986 2511
3164 2582
2624 2847
2704 2722
2319 2393
3072 2482
2643 2788
2393 2541
3252 2594
3355 2663
3163 2705
2422 1087
3150 2644
2144 1625
3090 2546
3103 2596
3306 3358
3734 2858
3086 2508
3068 2492
2507 2573
3242 2602
3355 2371
2489 1217
2612 2771
2410 990
2511 2884
2430 1155
3895 2771
3326 3351
2294 1246
3466 3094
2479 966
2512 2552
2600 2623
2608 2145
2454 959
3303 3363
2589 2857
2507 2954
2505 2542
2607 2776
2620 2661
2199 1477
3799 2791
3195 2635
3801 2793
3369 2406
3285 2943
2624 2639
3056 2621
3137 2846
2493 2468
3400 3386
3365 2926
3512 3289
2627 2775
2903 2560
3381 3049
3335 3021
3336 2696
2322 2388
2672 2735
2503 2881
3292 2714
2565 2960
2457 1218
2382 2549
3420 2956
2386 999
3582 3304
2353 975
3410 3419
3032 2452
3229 2971
2603 2848
3176 2915
3248 2608
2253 1344
2627 2692
3191 2639
3277 2466
2385 1221
3192 2611
2984 2515
3399 3062
2289 1264
2497 2580
3390 3392
2394 992
2584 2538
3020 2513
2593 2904
2622 2704
2580 2729
3172 2893
3330 2419
2439 2578
3356 2958
2461 1193
3190 2951
2609 2760
3029 2517
2738 2548
2672 2498
3232 2660
3395 2983
3176 2838
3350 2392
2975 2572
2699 2597
2352 2421
2358 2418
3406 2965
3067 2556
3339 2969
3029 2528
3116 2605
2385 1046
2519 2885
3169 2893
3149 2815
3162 2687
3364 2398
3158 2795
3524 3261
3132 2620
2580 2708
2873 2544
2572 2966
3170 2640
2482 1183
2409 1133
2974 2515
3316 2415
3281 2487
2714 2558
3385 3042
3232 2956
2607 2860
2527 1196
2376 980
2673 2736
3248 2504
3474 3328
3253 2916
2551 2970
2313 1320
3216 2594
2641 2679
2460 1205
3927 2768
2603 2624
2509 2572
2301 1267
3451 3052
2434 971
2455 1190
3166 2635
3289 2636
2397 2504
2345 2371
3370 3067
2573 2755
3349 2915
3252 2611
3502 3148
2583 2732
3172 2720
2418 1089
3023 2464
3219 2571
2172 1463
2362 961
2581 2592
3918 2778
3323 2632
2556 2929
3292 2707
3805 2807
2373 1214
3322 2466
3434 3049
2416 1001
2459 947
3213 2624
2510 2545
3368 2877
3176 2730
2956 2578
2379 2531
2962 2502
3032 2465
2624 2673
3351 2897
3557 3327
3169 2868
3289 2660
3189 2856
2489 2469
3172 2527
3150 2910
3512 3204
2344 2378
3837 2719
3400 3407
3122 2822
2891 2572
3518 3310
3430 3401
2305 1249
2579 2764
3393 3387
3736 2867
2497 2469
2613 2710
2196 1476
3025 2468
3571 3305
3095 2460
3299 2720
3379 3094
2381 2429
2575 2693
2479 961
2851 2533
2228 2217
3121 2633
3407 3425
3340 2704
2316 1325
2618 2846
3801 2782
3543 3205
3427 3026
3313 2463
2381 1213
2195 1486
2400 1038
3497 3188
2569 2551
3514 3278
2521 2727
3522 3305
3443 3109
3179 2637
2969 2537
2679 2637
3263 2457
2638 2129
3505 3196
3446 3070
2524 2875
3398 3123
3086 2591
3813 2794
2500 1193
2594 2763
2423 1193
3024 2541
3339 2985
2527 2557
3317 2943
3070 2461
1928 2376
3131 2684
2616 2677
3182 2600
3431 3048
3347 3441
2893 2586
2539 2722
3917 2766
2580 2739
2495 2914
2673 2644
2430 2566
2541 1207
2721 2584
2422 1199
3299 2475
3436 3064
3101 2623
3430 3379
3370 2903
3223 2728
3196 2734
3054 2619
3259 2533
3454 3339
3015 2564
2476 2507
3103 2441
3160 2797
2516 2690
3212 2571
2702 2583
3372 2409
2610 2625
3366 2654
2481 1167
2460 971
3165 2899
3351 2370
3088 2596
2658 2711
2660 2512
3246 2633
2262 1357
2629 2783
3008 2518
2338 1254
2535 2927
2721 2554
2521 2676
3106 2594
3400 3088
2548 2549
2588 2862
3329 3371
2429 1095
2480 2475
3334 2727
2833 2529
2492 2911
2671 2603
2435 973
3020 2535
3555 3331
2734 2549
2608 2760
3834 2724
2394 2538
3364 2677
3170 2864
3547 3190
3382 3394
3229 2628
3893 2772
3226 2958
2480 2566
3318 2730
3093 2539
2466 971
3289 2948
3225 2703
2583 2531
3248 2917
3537 3238
2385 1217
3284 2635
3228 2964
3001 2522
2551 2923
2502 2923
2633 2798
3446 3056
3275 2708
3392 3009
3505 3116
2775 2518
2608 2622
3450 3061
3100 2563
3125 2555
3102 2549
2519 2924
3578 3325
2136 1659
3114 2445
2580 2595
2650 2677
2625 2666
3366 2652
3432 3037
3274 2668
3452 3082
2481 2516
3488 3184
3510 3088
3167 2905
2641 2673
3347 3446
2603 2587
3882 2767
3459 3058
2651 2569
2602 2898
3496 3167
3316 2926
2306 1324
3330 2945
2346 1227
2431 1151
3214 2984
2432 1194
2739 2553
2542 2911
3150 2803
2386 2430
3258 2926
2338 1226
2686 2632
3176 2535
3363 2908
2517 2695
3301 2469
2521 1172
3343 2964
2563 2752
3395 3074
2730 2544
3464 3088
3069 2552
2669 2723
2653 2532
2555 2748
3136 2684
2489 2910
3370 3401
3407 3071
2635 2579
2286 1302
3467 3345
2766 2552
3471 3324
2185 1472
3384 3406
2471 1059
3250 2663
2346 2388
2187 1478
2430 1081
2388 2429
3851 2705
2597 2793
3449 3082
2293 1240
2680 2757
2540 2886
2580 2900
2373 2526
2332 2388
2647 2606
2394 1160
2256 1347
3242 2675
3240 2956
3440 3101
3903 2740
3124 2624
3085 2415
3318 3406
3466 3341
3373 2669
3177 2910
2752 2514
2377 2537
2336 1257
3257 2625
2317 2403
3399 3127
3302 2691
3205 2733
3167 2853
3164 2849
2512 2568
3401 3011
2622 2700
3509 3124
2689 2555
3363 2999
2260 1362
2466 955
3397 3101
2440 963
3466 3328
3138 2577
2523 2719
2691 2747
2514 2677
2989 2484
3163 2640
2602 2586
2341 2412
3326 2928
2838 2532
2482 1222
3085 2456
2519 1150
3203 2730
3192 2609
2751 2517
3729 2858
3213 2577
3571 3338
2491 2476
3514 3281
3344 3421
3488 3306
3798 2804
2679 2630
3246 2585
2605 2776
2509 2953
3261 2563
3307 2732
3475 3353
3219 2519
3473 3289
3372 2345
3337 3033
3264 2924
2668 2642
3363 3387
2401 1149
2607 2591
3054 2413
3358 2973
3173 2830
3891 2764
2652 2680
3294 2659
3477 3111
3142 2855
3242 2570
2642 2562
3088 2618
3394 3094
2184 1464
3247 2569
3148 2686
3308 2708
3217 2667
3389 3060
2624 2635
2557 2745
2656 2625
3329 2434
3514 3259
3241 2513
2605 2758
3510 3149
3230 2555
3161 2742
3289 2479
2540 1149
3301 2689
3361 3389
3270 2633
3247 2598
2400 2465
3551 3221
3146 2643
2338 1256
2583 2603
3020 2511
2583 2939
3281 2473
3145 2857
3134 2800
2373 2410
3384 3041
3354 2369
2680 2754
2624 2650
3346 2897
3324 2475
2325 2389
2592 2876
3168 2833
2290 1274
2515 2560
2388 2503
2598 2626
3274 2482
3067 2555
3341 2645
2645 2788
3172 2785
2510 1178
3256 2616
2318 2389
3896 2759
3899 2784
2415 1091
2624 2141
2383 1143
3541 3154
2965 2499
2604 2719
3309 3383
2420 992
3246 2931
3071 2396
3465 3096
3307 2441
3348 3350
3421 3060
3080 2619
3154 2807
3266 2546
2293 1257
3222 2655
2417 1162
3124 2569
2673 2707
3203 2910
3318 2630
2366 1257
3166 2795
2641 2674
2948 2573
2415 984
3298 2957
3077 2491
2320 1249
3258 2624
2433 2565
3402 2997
2644 2546
3341 3024
3215 2626
2932 2574
2604 2703
2507 2583
3085 2414
3534 3171
3356 2668
2516 2563
2602 2737
3053 2406
3168 2740
3079 2587
2369 988
3060 2445
2286 1323
2278 1374
2632 2139
3357 2996
3018 2479
3480 3109
3318 2402
2426 927
2137 1647
3120 2631
3316 2924
3106 2632
2566 2959
2621 2821
3254 2930
3079 2534
2599 2153
3236 2668
3302 3392
2409 1108
3355 2892
3269 2562
2349 1232
2273 1307
2974 2533
2614 2747
2406 1029
2419 1011
2685 2588
2655 2612
2456 1045
3363 2893
3222 2509
3337 3372
2424 1089
3252 2575
3300 2723
2482 1207
3111 2820
2527 1154
3291 2479
2159 1674
2175 1465
2598 2790
2363 981
2592 2561
3206 2725
3276 2716
2516 2954
2390 1164
3105 2530
3373 3390
3534 3212
3120 2634
3394 3107
2495 2591
2174 1436
3511 3140
3146 2795
2433 915
2355 993
2343 2405
2897 2548
3243 2505
3475 3134
3371 3048
2524 1235
3266 2632
2143 1678
3379 3036
3341 2984
3117 2625
2558 2983
2633 2804
2164 1573
3523 3181
3475 3343
3803 2797
3243 2545
3293 2715
3429 3033
3349 2374
3207 2607
3252 2700
3264 2545
3253 2706
2512 2539
2845 2532
3349 2357
3123 2465
3271 2476
3162 2686
3274 2698
2360 2416
2507 1208
3333 3353
3395 3072
3179 2843
2358 1002
3403 3061
2349 2048
2416 1162
2412 1128
3369 3399
2982 2515
3466 3111
2548 2933
2989 2518
3060 2617
2514 2554
3371 2872
3259 2563
3213 2576
3120 2822
2693 2740
3106 2639
3257 2928
3256 2926
3358 2360
3069 2486
3158 2794
2510 2922
3309 2620
3461 3289
3886 2770
3469 3296
3262 2955
3357 2973
3448 3056
3389 3083
2615 2677
2273 1319
3231 2920
3734 2867
3354 2396
3514 3196
3380 3095
3307 2700
3525 3243
2751 2561
3218 2599
3463 3350
2580 2865
2178 1620
3067 2411
2640 2585
2903 2564
3274 2708
2423 1178
3417 2958
2910 2560
2381 2503
2893 2578
3306 2451
3412 2969
2761 2553
3512 3129
2601 2776
2398 2547
2408 1049
2612 2711
3159 2900
3267 2489
2526 2470
3940 2762
3379 2338
2516 2393
3444 3101
2454 1213
3810 2782
3263 2563
3894 2745
3524 3196
3429 3411
2361 2492
2638 2697
2292 1249
2607 2732
3009 2454
3366 2426
2828 2540
2472 955
3564 3342
3174 2796
3115 2483
2687 2540
3072 2507
3320 2726
3393 2988
3115 2605
2134 1629
3404 2966
2458 972
2588 2616
2730 2549
3245 2544
2436 915
2534 1199
2466 2566
3053 2408
2580 2593
3263 2493
2403 1206
2527 1155
3232 2567
3328 3045
2995 2565
3227 2499
2231 2223
3187 2698
2620 2800
2349 1268
3361 2672
2704 2567
2874 2570
3389 2986
3146 2860
2402 1126
3310 3369
3520 3196
3154 2859
3348 3355
2442 968
2430 978
2505 2509
2390 2464
3381 3036
2438 1070
2599 2743
2608 2838
3359 2891
3306 3368
2996 2521
3184 2944
3400 3011
2935 2577
3153 2903
2333 1270
2423 990
3926 2762
3104 2595
3179 2634
2632 2685
2175 1619
3311 3406
3246 2516
3084 2619
2364 2409
2481 1169
3113 2715
3076 2552
3279 2483
3325 3379
3525 3264
3150 2588
3122 2799
3304 2739
2644 2617
3521 3317
3211 2949
2365 1006
3362 3000
2617 2611
3281 2708
1931 2376
3524 3163
2675 2641
2386 2462
3449 3067
3210 2915
2819 2549
3089 2487
3375 2339
3090 2453
3494 3143
2400 992
3510 3313
2933 2575
3908 2773
3174 2739
3307 2453
3405 3382
2668 2712
2701 2568
3407 2956
2686 2548
2608 2628
3380 3048
2523 1235
2353 1230
2319 1266
3395 3009
3097 2451
3363 2675
2563 2974
2432 1079
2294 1244
3050 2395
3892 2772
3101 2617
2472 1029
3475 3164
3016 2501
2422 1153
2396 2504
2460 1231
2175 1624
3328 2718
3726 2862
3931 2768
3474 3296
2397 1018
3372 3052
2467 1163
2436 935
2479 2524
3339 2944
2332 1249
3307 3361
3325 2919
3547 3208
2324 1280
3099 2527
3424 3383
3377 3076
2896 2591
2553 2748
2149 1670
2483 2566
3908 2778
3410 2972
3350 2374
2439 1215
2743 2531
3352 2665
2939 2573
3142 2792
3286 2484
3534 3186
3107 2476
2483 2514
3195 2711
2379 994
3357 3449
2587 2892
3323 2439
2397 1165
3181 2693
3308 2446
2400 2430
2458 1218
2475 2500
3533 3306
3338 3047
3419 3042
3554 3214
3399 3379
3190 2962
3511 3263
3058 2454
2722 2560
2392 1214
2352 1009
3813 2791
2491 1196
3239 2596
2160 1681
3373 3057
2170 1462
3349 2985
2361 1216
3354 2976
2165 1434
2668 2504
3081 2532
3118 2490
3191 2966
2539 2570
2519 2718
2537 1205
3469 3094
2924 2576
3021 2507
3397 3085
3333 2943
3007 2567
2403 1141
2557 2754
3194 2702
3368 2655
2550 2547
2650 2528
2548 2920
3198 2938
2408 1156
2655 2614
2311 1303
2597 2728
3182 2607
3343 3031
2685 2724
3030 2490
3009 2489
2793 2519
2528 2916
3203 2740
3268 2691
2648 2707
2442 1065
3309 2734
3472 3338
2477 2498
3409 3399
3254 2593
3498 3151
3376 3394
3402 3101
3356 2913
2582 2714
3232 2928
3362 2917
3014 2461
3098 2557
2438 908
2570 2685
3865 2711
3153 2582
3203 2520
3551 3196
2491 1187
2536 2743
3478 3339
3075 2449
3299 2945
3220 2497
2640 2607
2350 1006
2671 2614
2431 1147
3270 2949
3466 3331
3321 2414
2672 2713
2462 2576
2640 2694
3461 3360
2528 2557
3445 3063
3244 2570
3469 3108
2758 2518
2484 1171
2593 2738
3190 2641
2653 2573
2742 2548
3344 2984
3383 3012
3229 2648
3451 3286
3232 2603
2678 2718
3436 3274
3211 2959
3258 2572
3196 2731
3266 2919
3357 2361
3405 3415
3319 2621
3027 2516
2580 2901
3330 2960
2410 1125
2489 2468
3168 2901
2639 2127
3066 2413
3220 2578
2464 1224
3147 2907
3450 3074
3536 3221
2168 1457
3167 2826
2972 2514
3246 2568
3839 2721
2670 2746
2893 2504
2431 1187
2483 2483
2407 1134
3376 2666
2802 2544
2601 2698
3282 2486
3353 2349
3493 3087
3353 2667
3071 2417
3064 2452
2331 1236
3557 3228
3945 2757
2137 1652
3538 3206
3134 2599
3111 2434
2455 1218
3078 2425
3272 2610
2184 1634
2517 2690
3138 2691
3402 2999
3271 2713
3420 3269
2411 1026
2609 2636
3143 2649
3296 2717
3231 2979
2692 2567
3091 2450
2537 2487
2579 2702
2390 950
2519 2931
2343 998
2708 2548
2891 2514
2578 2936
3056 2616
3537 3347
3371 3000
2369 991
3065 2418
3550 3209
3104 2547
3383 3405
2362 2526
3484 3163
3326 2709
3278 2716
3325 2434
2295 1237
2562 2727
3301 2645
2540 2725
3339 3367
2750 2564
2411 1035
2706 2577
3361 2656
2682 2740
3531 3262
2492 2602
3181 2638
3531 3309
3382 2949
2526 2560
3209 2673
3527 3166
2430 1147
2860 2537
3198 2726
3457 3081
3185 2742
2424 1091
3904 2775
3360 2662
3301 2640
3290 2652
2335 1259
2301 1309
2371 965
2401 1131
3364 2399
3291 2483
2262 1368
3344 2900
3389 2949
3534 3133
3299 2957
3304 2734
2520 2930
3202 2939
2647 2110
2943 2589
3886 2769
3127 2718
2432 919
2594 2903
2690 2551
3276 2705
2580 2884
2357 970
3300 2729
2355 1250
2624 2819
2579 2940
3417 3416
3500 3133
2335 1225
2592 2756
2523 2923
3507 3257
2279 1314
2639 2788
2592 2539
3035 2410
3011 2566
2541 1150
2432 1080
3252 2625
3072 2488
3348 2974
3204 2648
3249 2605
2479 2570
3374 2939
3290 2949
3381 3048
3241 2606
2905 2557
2392 2463
2569 2689
2622 2805
2596 2144
2941 2592
3051 2420
2899 2559
3144 2599
2904 2568
3260 2634
2524 2918
2672 2499
2408 2446
2952 2582
3368 2925
3304 2637
2885 2512
3543 3146
2254 1334
3060 2407
3249 2920
2638 2581
2332 1275
2804 2517
3390 2986
2560 2749
3087 2531
3364 3048
2544 2735
2171 1460
2571 2551
2355 1013
3080 2618
2497 2912
3180 2530
3083 2610
2424 1088
3540 3231
3469 3295
2654 2515
2573 2584
2813 2526
2442 1060
2609 2780
2375 2444
3505 3132
3332 3385
2625 2787
3407 3412
2626 2813
3095 2525
3205 2634
2363 2416
2487 2481
2408 1138
2572 2556
3331 3047
3425 3360
3221 2596
3119 2558
3311 2460
3166 2729
3340 3380
2510 1205
3406 2980
3193 2696
3150 2923
2322 1254
3049 2390
3252 2690
3517 3297
3234 2555
2503 2922
3441 3042
2496 2529
3159 2644
2564 2552
3904 2769
3419 3040
2605 2861
2768 2515
2602 2614
3230 2602
2366 2401
2603 2732
3261 2540
2442 1062
3091 2619
3451 3374
2386 2424
1931 2370
2335 2385
2589 2537
3464 3285
3504 3088
2322 1243
2451 943
3343 2943
3252 2626
3565 3155
3342 3412
2537 2568
2527 1199
3227 2592
2476 1208
3305 2618
3385 2984
3365 2423
2600 2828
2425 927
3077 2461
3166 2896
2895 2509
3550 3194
2464 1168
2362 981
3247 2961
3187 2710
3529 3241
2495 2515
2394 1018
3384 2936
3305 2621
3344 2384
2746 2521
3382 2922
2601 2832
2602 2620
3315 2462
2327 1282
3255 2636
2542 2899
3158 2898
3507 3206
2682 2723
3117 2458
2905 2556
3260 2575
2586 2594
3797 2784
3151 2780
2601 2578
2951 2573
3338 3370
3249 2954
2514 1171
2438 913
2677 2754
3304 2944
2367 2492
3276 2625
2409 1190
3149 2583
2650 2562
3250 2690
3246 2573
3728 2849
3531 3171
2307 1271
3223 2644
3488 3138
2322 2395
3257 2623
2668 2503
3202 2699
2692 2553
3153 2644
2172 1611
2841 2517
2579 2616
2636 2648
3099 2484
2320 1307
3273 2695
3250 2587
3098 2556
2375 2536
3002 2461
2521 2924
3357 3422
2587 2530
2357 1257
2467 1059
3276 2460
2858 2526
3387 2934
2604 2152
3393 3056
3161 2820
2254 1338
2330 1303
3003 2570
3529 3312
3451 3080
3517 3280
3076 2549
3439 3271
2387 985
2364 2549
3330 2941
2648 2113
2353 1003
2528 1151
3253 2545
3134 2684
2935 2579
3377 2895
3260 2497
2825 2539
3336 2714
3102 2548
2435 967
2281 1303
3175 2642
2511 1226
2703 2572
2594 2537
3464 3358
2753 2559
2534 2944
2521 2560
3801 2784
2545 2910
2533 2557
2330 2383
3201 2700
2316 1310
2144 1673
2359 1258
2462 1205
3148 2582
3097 2480
3179 2701
3378 3038
3269 2682
2623 2150
2609 2786
2456 972
2474 1150
3190 2532
3143 2617
3473 3136
2709 2712
3365 2659
3343 3346
3874 2743
2597 2718
3120 2460
3156 2748
3478 3129
2621 2651
2626 2816
3842 2719
2806 2521
2459 1187
3126 2629
3214 2657
2185 1469
2398 1040
2625 2147
3924 2760
2579 2885
2643 2789
2462 1012
3087 2503
3509 3175
3532 3250
2907 2507
2562 2735
2470 1154
2337 1281
3426 3414
3445 3104
3519 3115
2500 2590
3008 2463
3087 2453
2581 2736
3086 2444
2293 1267
3372 2887
3393 3022
3528 3200
2177 1434
3473 3113
3416 3039
2608 2839
2628 2641
3443 3061
3531 3308
3240 2629
3181 2619
2406 1155
3261 2619
2144 1626
3341 2881
3527 3145
3111 2575
3228 2939
3211 2660
3305 2449
3323 2474
3202 2651
3443 3345
3071 2414
3308 2744
3148 2824
2452 979
3148 2912
2377 2484
2972 2521
2446 973
3475 3115
2557 2554
3236 2541
2351 1253
2543 2499
3304 2714
2707 2560
3553 3211
3416 2983
3514 3174
3189 2616
3219 2664
3182 2643
3200 2931
3458 3376
2354 1230
3000 2484
2716 2571
2611 2616
3002 2470
2858 2528
3148 2825
3492 3319
2390 1035
3228 2526
3043 2406
2358 1003
2461 1058
2448 2574
3252 2699
2590 2547
3400 3100
3415 2977
3366 2899
3338 3029
3335 3035
3470 3140
2141 1652
3425 2978
2457 1059
3524 3320
2888 2512
3567 3333
3329 2729
3175 2910
3393 3023
3260 2530
2438 1084
2885 2540
2495 2518
2364 2412
2557 2566
3492 3139
2810 2546
3430 3064
3539 3239
3119 2809
2704 2582
3850 2716
2391 2476
3519 3268
2578 2601
3433 2981
2554 2888
2540 1199
3065 2524
3470 3094
2580 2587
2386 2453
3378 2889
3290 2659
3535 3158
2668 2746
3373 2967
3134 2797
2538 2727
2816 2546
3158 2759
3279 2669
2537 2925
3363 2890
2961 2532
3349 2640
2588 2628
3121 2798
2524 2923
3250 2584
3399 3100
2248 1335
2440 1207
2607 2746
2195 1472
3441 3277
3166 2853
1926 2365
2649 2702
2174 1466
3369 2929
3849 2724
2817 2536
3519 3161
3530 3248
3087 2501
2646 2546
2634 2802
3018 2446
2363 2525
3500 3184
2588 2698
3380 2940
2517 2677
2509 2557
2892 2516
2626 2639
2906 2494
3019 2447
2433 1207
2450 970
2508 2900
2374 1197
2527 2730
3349 2352
3192 2857
3216 2720
2529 2715
3478 3108
3094 2439
2417 1165
3461 3290
2318 2393
3522 3175
2402 2443
3288 3385
3139 2619
2540 2889
3156 2709
2595 2724
2581 2746
3252 2574
3204 2605
2838 2537
3237 2706
2466 1167
2295 1306
3875 2740
2616 2738
2669 2743
3088 2594
2413 1193
3011 2557
2417 1004
2406 2441
2849 2533
3208 2527
2531 1190
2596 2754
2345 2409
3406 3404
3401 3064
3378 2958
3354 2367
3463 3345
3169 2896
3282 2638
3083 2482
3428 3413
2458 2564
2502 2581
3233 2609
3521 3310
3444 3351
2618 2604
3331 2390
3300 2664
2990 2510
2647 2514
2692 2752
2538 2740
2405 2548
2639 2547
3359 2365
2612 2614
2815 2545
2391 1143
3348 2985
3483 3279
2574 2934
3889 2728
3098 2565
3166 2783
3212 2601
3018 2452
2505 2485
3206 2531
2354 976
2421 991
2387 2549
3511 3128
2646 2676
2420 986
2383 2549
3208 2607
2637 2552
2389 1143
2675 2644
3110 2602
3187 2711
2802 2534
3467 3086
2377 2506
2578 2561
3419 3044
3208 2637
3293 2954
3104 2495
2523 2713
3246 2510
2594 2870
3202 2535
3353 2911
2582 2758
3361 2968
3055 2514
2509 2544
3394 2981
3370 3066
3305 2452
3120 2459
3210 2959
3145 2599
2442 1063
3202 2650
2441 1063
3526 3144
2585 2946
3111 2615
2173 1621
2559 2582
3190 2611
2424 1087
2611 2631
3334 2723
2389 2471
3447 3073
3074 2419
3348 3446
3083 2445
3329 2963
2394 2419
3250 2508
3080 2562
2403 1154
3166 2696
3383 2947
3197 2700
3383 3001
3142 2592
2590 2617
2647 2688
2352 1243
2452 1213
2725 2585
2685 2548
2370 2408
3176 2651
2260 1353
3068 2619
2193 1495
3357 2668
3347 3382
2488 2506
3365 2672
3074 2393
3307 2742
3371 2350
3096 2527
2666 2615
2361 2503
3812 2795
2469 1155
2529 1201
2990 2511
2534 2918
2701 2548
3404 3383
2445 1205
3365 3056
2373 2499
3812 2782
3013 2490
2314 1305
3472 3329
3383 3029
2616 2819
3254 2520
3558 3141
3305 2665
2334 2353
2892 2586
3270 2682
3387 3387
2431 1083
2605 2765
3313 2925
2395 2479
3276 2482
3181 2852
3227 2597
2618 2646
2387 2425
2678 2736
2636 2591
3157 2633
3530 3190
2971 2523
2375 2535
3262 2540
3374 3044
2497 2576
3071 2550
3076 2409
3443 3277
2324 1310
2378 2435
3577 3322
2806 2522
3234 2661
2580 2907
3077 2551
2604 2837
2568 2695
3901 2724
3435 3419
2378 1257
2647 2593
3207 2726
2656 2709
2549 2932
2399 2465
2619 2703
3023 2542
3340 3346
3390 3086
2764 2548
2717 2549
3393 3397
2668 2742
2421 971
3386 3394
2678 2630
2440 2576
2405 1018
2330 1269
3033 2456
2475 1162
3366 2926
2369 1212
3186 2624
3176 2724
2196 1483
2508 2510
2549 2972
3082 2513
2607 2821
2711 2565
3387 3392
3177 2700
3433 3092
2653 2533
3173 2738
2536 2555
2363 1250
2650 2613
2323 1235
2649 2700
3331 2419
3258 2635
3198 2690
2737 2547
3122 2565
3458 3288
3097 2525
3085 2610
2610 2629
3099 2482
3366 3045
3163 2784
2512 1169
2724 2564
3342 2885
3238 2669
3411 3072
3110 2801
2648 2695
3017 2485
2648 2516
3172 2861
3180 2611
2278 1318
3086 2608
3267 2692
3506 3201
2579 2712
3348 3442
3017 2466
2299 1271
3234 2561
3138 2827
3275 2697
3114 2491
2539 2490
3160 2761
2441 932
3095 2628
2707 2708
3158 2527
2171 1614
2895 2581
2170 1642
3139 2618
2640 2714
2340 1241
3234 2928
2604 2733
2331 2410
2581 2619
2363 2501
2514 1232
2378 2429
3366 2868
2758 2516
2599 2768
2513 2923
2699 2562
3473 3340
2402 994
3401 2981
3237 2551
3172 2887
2478 1159
2899 2510
2461 1191
3405 3072
3348 2942
2509 2554
2287 1298
2449 945
2543 2943
2655 2623
3268 2562
2413 1020
2533 2722
2461 1041
2451 1063
2533 2558
2421 1009
2321 2389
2679 2496
3342 2881
2416 980
2644 2705
2290 1323
2698 2574
3353 2668
3423 3394
3378 3048
3488 3093
3468 3302
3066 2498
3345 3388
2543 2907
3520 3164
2395 2466
3094 2518
3835 2730
2170 1622
2589 2698
2896 2523
2459 2579
2347 1001
2499 2597
3394 2994
2525 2893
2650 2612
3888 2724
3305 2720
3454 3344
2505 2555
3349 2620
2634 2680
2543 2480
3379 3043
3331 2958
2589 2530
2600 2862
2290 1326
2581 2727
2312 2397
2394 2418
3579 3324
3013 2499
3729 2857
3528 3195
3012 2489
2227 2221
2862 2534
2595 2898
3383 3386
3263 2617
3302 2619
3094 2553
2704 2564
3852 2713
3533 3257
3538 3159
2742 2552
3391 3124
2677 2756
3455 3058
2819 2550
2393 2557
3471 3338
2230 2224
2295 1278
2416 954
2143 1664
2408 1152
2362 1249
3155 2711
3069 2559
3432 3399
2442 960
2146 1664
3328 2434
3258 2536
3339 2943
3282 2649
2529 2931
2264 1353
3445 3351
3176 2731
2361 2412
2464 1213
3300 2639
2424 1154
2593 2750
3207 2617
3160 2784
2380 1204
3450 3060
2688 2741
3188 2746
3402 2998
2427 1096
3189 2967
2608 2609
3062 2441
3558 3159
2441 2574
3213 2578
2601 2834
2505 2511
2817 2533
2641 2604
2827 2542
3532 3327
3866 2717
3189 2943
3160 2629
3049 2519
3534 3256
2609 2629
2749 2553
3125 2467
2901 2486
2650 2573
3515 3191
2282 1324
3531 3261
3312 2737
2812 2519
3192 2597
2582 2539
3361 3399
3141 2591
2558 2755
3192 2855
2182 1469
2571 2973
3198 2704
3038 2406
3072 2552
3278 2482
3330 2933
2741 2523
2175 1634
2350 2374
3516 3190
3269 2922
2498 2605
3273 2669
2591 2874
2505 2487
3368 2396
2677 2716
3259 2545
3536 3223
2625 2638
3401 3100
2944 2589
3528 3269
2809 2541
2497 2468
3482 3324
3335 2712
3002 2521
3119 2455
3215 2590
2831 2533
3175 2738
3359 2341
3175 2522
2544 2725
2894 2522
2542 1201
2630 2684
2456 1044
3215 2655
2465 1213
2512 2899
2664 2724
2541 2911
3338 3026
2432 1073
2506 2388
2580 2695
3341 3356
2622 2130
2637 2768
2371 2488
2862 2535
2637 2579
3147 2849
2649 2576
2313 1267
2497 2917
2368 998
2338 1252
3176 2507
2585 2532
3163 2904
3403 3406
3028 2463
3427 3402
2415 1020
3533 3200
3488 3181
3286 2447
2378 1203
2501 2882
3065 2537
2307 1272
2699 2585
2418 1103
2627 2787
3493 3140
2283 1290
3283 2642
3194 2926
3453 3370
3447 3110
3186 2611
2516 2565
2572 2955
2895 2555
2421 1071
3474 3324
3351 3439
2511 1222
2849 2532
3300 2668
2488 2501
3300 2943
3157 2866
2394 1168
2507 2488
2333 1262
2579 2891
2973 2512
3477 3321
2421 1084
3252 2606
3537 3147
2515 2954
3536 3336
3189 2855
3109 2592
2420 2576
3232 2655
2259 1364
2890 2581
3192 2963
3328 3049
2391 1134
3377 2953
3014 2501
2612 2776
2527 2930
3164 2651
3181 2738
3939 2766
3170 2796
3395 3098
2635 2684
2513 1180
3524 3158
2647 2675
2430 2574
2349 2368
3076 2578
3465 3334
2393 1139
2521 1150
2419 1202
3108 2633
3510 3159
3180 2618
2379 995
3385 2933
2386 1141
2380 1136
3137 2683
3090 2530
2600 2772
2776 2511
2970 2506
2671 2613
2508 2925
3357 3054
2359 983
3354 2893
2345 1269
2408 1115
3085 2504
2426 1043
2907 2500
3370 2909
3178 2600
2676 2498
2400 1125
2704 2592
2259 1336
2354 1250
2578 2730
2362 1234
2551 2558
2402 1150
3529 3167
2365 2415
3460 3322
2481 2576
3389 3405
2522 2959
2541 1144
2538 2485
3390 2950
2941 2567
3939 2758
2565 2961
2697 2734
2549 2732
2467 955
3350 2974
2494 2472
2443 961
2490 2480
2468 1147
2309 1323
3339 2708
3343 2646
3288 2660
2912 2554
3241 2552
3184 2859
2823 2520
3321 2945
3271 2614
2485 2487
2192 1493
3095 2527
2671 2641
2562 2744
3313 3408
2578 2970
3199 2920
3285 2944
3557 3317
3321 2926
2619 2131
3335 2923
2891 2518
3259 2536
3192 2962
3486 3283
2712 2576
2436 1044
2334 1254
3464 3374
3428 3368
3147 2851
2503 2919
2807 2520
3249 2591
3026 2474
3232 2557
3445 3095
2139 1636
2151 1673
3243 2575
2791 2520
2520 1206
2573 2961
2968 2555
2646 2538
3212 2697
3885 2720
2524 2929
3523 3176
2569 2960
3237 2925
2574 2726
3413 3270
2476 1217
3386 3019
3279 2946
3208 2706
3065 2454
3187 2968
3348 2880
3403 3387
2458 1231
2600 2614
3265 2493
2954 2574
3202 2652
3349 2964
3016 2555
2567 2584
3899 2731
2711 2561
2904 2505
2476 1147
2990 2518
2581 2905
3382 3067
3335 3373
3536 3266
3227 2722
3215 2982
3323 2930
3346 3048
3305 2655
3796 2782
2694 2748
2431 911
3372 2411
2365 2540
3728 2850
3142 2689
3155 2861
2539 2736
3518 3312
3282 2493
3327 3355
2587 2985
3266 2494
2623 2787
3916 2763
3337 2422
3151 2774
2527 2872
3586 3303
3923 2778
3516 3117
3117 2627
3173 2720
2636 2694
3835 2725
3242 2547
3083 2530
3150 2799
2703 2563
3280 2950
2392 2459
3117 2479
3368 2929
3271 2693
2330 1237
3012 2557
2385 1166
2350 999
3227 2648
2504 1198
3486 3181
2142 1664
2339 2403
3508 3131
2475 2501
2149 1674
2680 2752
2673 2498
2946 2578
3033 2522
3227 2533
3321 2471
3115 2452
3465 3303
3343 3423
2490 2493
2396 967
2487 2480
2650 2617
2386 2429
2645 2615
2631 2689
2464 954
3051 2517
3481 3094
3215 2959
2301 1328
2621 2635
2651 2700
3136 2790
2405 2513
3354 2888
2521 2691
3136 2631
3209 2725
3372 2903
3521 3144
3407 2953
2332 1226
3884 2772
2341 2404
2385 1042
2363 964
2440 1040
2597 2796
2193 1488
2483 1218
2580 2944
2430 2577
3391 3031
3362 2996
3053 2414
2885 2532
2407 2553
2675 2621
3243 2605
2569 2692
3298 2949
2141 1665
2611 2620
2963 2563
2572 2961
3180 2970
3889 2766
3365 2917
3089 2552
3800 2791
3360 2681
3454 3343
3483 3139
3225 2956
3243 2931
2961 2496
3453 3340
2433 964
2435 932
3215 2512
2435 909
2420 1193
2523 2893
3145 2844
3356 2919
2588 2738
2567 2555
3418 3269
2602 2840
2354 982
3120 2625
2288 1303
2571 2949
2370 2515
3235 2957
3200 2629
2391 2455
2365 2529
2601 2707
2997 2480
3143 2587
2814 2551
3324 2476
3907 2725
2737 2564
3169 2697
2293 1276
3303 2448
3169 2796
3413 2954
2402 1037
3857 2705
3189 2947
3239 2929
3001 2564
2586 2592
3107 2634
3235 2556
3246 2672
3392 3102
2464 1221
3527 3240
2533 2732
3209 2676
3159 2861
3325 3354
3255 2930
3564 3320
3345 2944
3330 2392
2817 2538
2314 1317
3164 2739
2433 1053
3463 3365
2596 2792
2522 2717
3223 2504
2575 2684
2334 1262
2623 2825
2590 2860
2482 1170
2594 2878
2578 2895
2429 2579
3346 3435
2540 1150
2610 2723
3161 2695
3175 2599
3132 2684
2593 2149
3353 2383
2531 2880
2599 2694
3504 3086
3215 2612
3525 3269
2402 1213
3328 2642
3333 3351
3373 3070
2546 2735
2365 2500
2226 2219
2604 2611
3150 2576
3307 2711
2740 2550
2436 1074
3020 2466
3232 2505
2425 1196
2422 1014
2534 1144
2390 2411
2710 2570
2429 1192
2618 2634
3336 2722
3495 3186
3203 2929
2755 2526
3384 3031
2525 2722
2316 1242
2281 1360
3439 3032
3337 2926
3550 3186
3241 2583
2515 2886
3322 2398
2589 2883
2494 2565
3052 2403
2512 1232
2385 1264
3057 2451
2526 1185
3285 3387
3453 3282
3895 2720
2831 2539
2621 2655
2547 2563
3213 2518
2376 1000
2498 2588
2286 1363
2542 2902
2469 1033
2374 2497
3442 3050
3173 2743
2691 2744
2437 911
3261 2470
2429 1155
3352 3351
3093 2548
3393 3068
3087 2604
3355 3421
3195 2715
3277 2676
3113 2493
3031 2489
2700 2563
3554 3144
3221 2986
3075 2404
2607 2627
3379 2342
3171 2906
3122 2573
2689 2742
3100 2556
3387 2338
3285 2633
3445 3058
3349 2623
3369 2887
3533 3336
3521 3346
3109 2434
2303 1309
3557 3329
2467 1039
3487 3286
3327 2922
3272 2611
2604 2843
3184 2741
2591 2868
3896 2748
2644 2608
3312 2918
3152 2780
2293 1328
3384 3066
2401 1042
3014 2454
2347 2361
3304 3358
3559 3158
2387 1139
2429 1080
3287 2670
2631 2767
3463 3290
3089 2453
2288 1321
2605 2768
2542 2497
2967 2555
2536 2569
2576 2723
3015 2561
3098 2437
2774 2516
3170 2641
2453 1061
3257 2546
2686 2737
2356 962
3400 3000
2598 2793
3378 2951
2253 1350
2417 2549
3093 2464
3117 2563
2951 2580
2603 2850
2765 2554
2647 2538
3428 3402
3327 3375
3190 2915
3072 2407
3361 2929
2648 2608
2169 1629
3295 2956
2419 1095
2252 1353
3064 2498
2539 2944
2653 2678
2468 1215
3310 2709
2397 2412
3207 2677
2332 1000
2903 2494
2525 1138
3361 3397
2662 2506
3104 2466
2335 2384
2921 2570
3209 2619
3087 2488
3342 2979
3509 3135
3194 2523
2342 2404
3284 2647
2430 1057
3175 2838
2512 2673
2561 2576
2603 2893
2615 2713
3121 2574
2829 2532
3491 3183
2631 2768
3404 3425
2627 2686
2613 2842
2351 2528
2623 2791
3373 3028
3142 2600
3173 2746
2374 2448
3234 2650
2827 2522
3346 3430
3796 2781
2553 2729
2415 1137
2519 2928
2392 965
2143 1674
2627 2816
3203 2931
2367 2406
2591 2555
2424 977
3371 2409
3446 3350
2390 1136
2539 1146
3898 2756
3333 2727
3083 2483
3216 2665
3253 2955
3109 2600
3077 2482
2620 2694
3522 3195
3285 2660
3074 2433
2584 2963
3488 3293
3394 3391
3375 2665
2453 1213
2580 2930
3307 2710
2886 2531
2387 1140
2902 2557
2332 999
2139 1656
3084 2482
2458 1217
2282 1304
2604 2792
3209 2757
2896 2507
2520 2955
2556 2553
3328 2946
3409 3425
2532 1202
2761 2556
2651 2528
3278 2483
3062 2417
3364 2914
3332 2950
2416 1165
3160 2846
2447 969
3249 2703
3212 2652
3358 2366
3164 2889
3317 3406
3303 3372
2684 2540
3174 2787
2407 1110
2419 1051
3323 3377
2534 2887
2578 2596
3190 2643
3527 3261
2529 2560
3382 3001
2353 999
2607 2846
2645 2550
3213 2619
3251 2579
2153 1680
3222 2713
2474 1218
3434 3378
3516 3259
3080 2399
2609 2142
2414 1113
3330 2470
3062 2629
2965 2491
3364 2890
3170 2875
3494 3150
2276 1312
2595 2867
3157 2863
3198 2930
3164 2831
3490 3165
2283 1277
2480 2474
3187 2607
3354 2911
3364 2894
3313 3383
2279 1310
3450 3290
2639 2552
2602 2843
3103 2475
3005 2468
3356 2362
2402 2437
2831 2536
3088 2593
3462 3302
3382 2939
2414 1182
2582 2620
2514 2560
3450 3288
3435 3346
2652 2521
3330 2921
2488 2495
2362 993
3920 2774
3320 2715
2555 2733
3144 2614
3164 2770
3211 2730
2420 1181
3197 2638
3423 3059
3311 2621
3204 2691
2174 1620
2136 1662
2373 1205
3364 2660
3159 2694
3386 2939
3535 3310
3021 2527
3431 3380
3020 2541
3211 2517
2532 2885
3359 3399
3805 2783
3298 2715
2283 1360
2570 2961
2709 2559
3236 2705
3560 3143
2554 2718
2986 2531
3158 2590
3385 3399
3145 2585
2882 2538
3122 2575
2346 2402
3192 2516
2678 2620
3394 3113
3298 2475
3475 3166
3205 2676
3261 2576
2528 2954
2570 2583
2423 974
3584 3318
3191 2638
2580 2931
3382 3395
2799 2528
2678 2584
3255 2915
3346 3045
2516 2883
3239 2708
3069 2405
2462 1041
3394 3008
2581 2945
3333 2423
3271 2672
2829 2523
3064 2411
3053 2607
2369 2431
3214 2516
3541 3150
3221 2592
2638 2670
2881 2574
3198 2739
2502 2882
3504 3196
2566 2971
3227 2952
3473 3334
2464 1170
3194 2524
2505 2544
2500 2474
3382 2948
3148 2828
3378 3040
3187 2615
2433 1074
3557 3326
3453 3339
3848 2711
2404 1202
2705 2567
2669 2718
2529 1146
2565 2933
3491 3289
3551 3210
3807 2808
3419 3416
3403 3407
3332 2938
3058 2447
3462 3345
2814 2534
3180 2693
3318 2925
2606 2580
3273 2629
2448 959
2603 2859
2337 2374
2380 2413
2753 2533
2609 2841
3568 3337
2434 943
2360 1246
2453 2571
2611 2632
3507 3144
3385 3074
2407 2557
3387 2937
3057 2392
2188 1635
2641 2537
3362 3399
3175 2870
3306 3393
3087 2587
3317 2734
2605 2148
3346 3436
2407 2552
2723 2557
2416 996
3285 2646
3229 2701
3411 2946
3158 2783
3408 3055
3522 3265
3312 3404
2681 2583
2506 2557
2641 2682
2539 2924
3431 3403
2449 1205
2705 2592
2970 2538
2381 2441
3261 2948
2639 2601
3444 3060
3083 2622
3512 3280
3102 2598
3484 3097
2415 1015
2585 2947
2178 1504
3357 3447
3054 2446
2391 968
2331 1000
3173 2863
2158 1574
2972 2522
2658 2525
3228 2909
3100 2557
2511 1233
3263 2957
3307 2638
2635 2636
2545 1211
2570 2895
3211 2680
2703 2573
3243 2669
3491 3179
3126 2569
3302 2641
3398 3096
3439 3049
3462 3081
3418 3266
2415 979
2592 2554
3213 2572
2505 2882
3869 2717
3287 2640
2385 996
3498 3166
2451 1048
2829 2531
2787 2517
2421 1179
2397 1157
2353 1227
3355 2958
3389 2998
2498 2567
3397 3070
2638 2549
2584 2621
2557 2926
1933 2373
3271 2475
3437 3345
3506 3124
2839 2518
2459 1214
3528 3279
3083 2548
3326 3373
3081 2562
2502 2925
3329 2728
2585 2595
3325 2633
3225 2955
3199 2726
3302 2943
2592 2589
3514 3195
3338 2650
3025 2472
3411 3423
3198 2633
2390 2505
2609 2721
2619 2609
3864 2742
3861 2706
3276 2710
2523 2561
3191 2697
2765 2548
3165 2730
2355 962
3339 2416
2418 981
2198 1515
3267 2920
2581 2738
3210 2757
3260 2545
3333 2926
3890 2729
2589 2590
2875 2569
3388 3017
3502 3168
3256 2956
2965 2571
3171 2601
2266 1357
3110 2445
3231 2660
3126 2627
3385 3396
2401 2437
2364 1255
3246 2581
3535 3344
2399 1155
2503 2907
2580 2720
3317 3405
2535 2727
3164 2648
3163 2785
1933 2374
2363 965
3392 3018
2416 1004
3354 2662
3107 2543
3186 2644
3429 3399
2658 2513
2416 1193
3289 2448
2749 2534
2785 2514
2394 2485
2323 2406
3899 2725
3203 2757
2539 1147
3412 2971
2532 2884
2394 1158
3473 3347
3466 3358
3392 3101
3079 2470
3212 2510
2566 2583
3245 2509
2419 1191
3105 2476
2617 2845
3164 2702
3320 3378
2595 2625
2336 2402
2497 2577
3403 2989
3404 3077
3070 2486
2694 2725
3389 2991
2456 1230
2395 2435
3375 2343
3067 2573
3530 3267
2511 2862
3378 3047
2403 1036
2317 2392
3476 3341
2392 2486
3806 2807
2138 1645
2389 2550
2553 2724
2379 2429
3226 2642
2600 2895
3924 2783
3125 2629
3042 2407
3375 3070
2526 1138
3534 3183
3538 3348
3212 2531
3325 2471
2619 2826
3192 2602
2906 2506
2373 2506
3327 2940
3943 2762
2507 2546
2425 1010
2927 2574
3467 3137
3878 2710
2760 2538
2334 1252
3341 2413
3307 2643
2650 2575
2600 2699
3362 3387
2595 2560
2453 956
2586 2940
3525 3307
3234 2530
2607 2793
2402 2555
2355 959
3383 2981
2479 1175
3282 2669
3223 2527
3304 2741
3156 2902
3175 2534
3497 3133
3083 2621
3178 2916
3151 2825
2594 2897
2462 1047
3236 2956
3056 2447
3121 2712
3077 2557
2450 2573
3283 2641
3084 2416
3133 2796
2687 2741
3377 3421
2590 2893
3384 3020
2260 1356
3330 2391
2492 2607
3287 2634
3125 2490
3257 2573
2669 2605
3836 2724
3159 2792
2380 2431
3114 2484
2444 1213
3324 2405
2339 2404
3302 2644
3464 3350
3024 2484
2634 2698
3231 2978
3306 3373
2806 2538
3868 2716
3358 3438
2525 2717
3206 2681
3174 2882
3234 2600
2285 1362
2621 2825
3077 2464
3195 2523
2622 2673
2325 2387
3168 2868
3339 2942
3533 3168
3011 2455
3425 3404
3576 3301
3396 3062
3107 2629
3561 3342
3372 3071
3352 2645
3180 2638
3232 2690
3178 2907
3148 2577
3363 2343
2408 1111
3361 2376
2347 2366
3120 2809
3194 2529
3021 2529
2631 2692
2756 2550
2608 2749
2685 2589
3170 2894
3296 2953
2527 2732
3097 2440
3402 3100
2490 2518
3475 3305
3406 3057
3116 2602
3895 2761
3158 2796
2526 2725
3406 3076
3024 2471
2183 1633
2565 2938
3239 2669
3084 2487
2884 2550
3000 2563
3067 2422
2371 994
3061 2406
3032 2492
2316 2402
2379 2516
2613 2572
2471 1058
3430 3382
3124 2717
2376 2537
2599 2722
3285 2629
2508 2953
2793 2505
2611 2837
3465 3302
2171 1613
2376 2536
2365 2489
3101 2601
3109 2573
3229 2649
2623 2680
3305 2732
2156 1683
3368 2875
2627 2817
3047 2515
3404 3389
3223 2986
3393 3099
2584 2988
3243 2520
2290 1248
3150 2587
2629 2810
2734 2551
2136 1665
3401 3386
3333 2946
3907 2770
3108 2437
3231 2941
2640 2570
3533 3187
3367 2399
3185 2624
2691 2596
3108 2596
2762 2556
2593 2749
2173 1617
3904 2725
2648 2705
2828 2544
3804 2782
2520 1161
3400 3002
3270 2664
3218 2988
3836 2729
3020 2483
3308 2463
2478 2522
2386 994
2458 956
3436 3411
2645 2691
2629 2132
2659 2614
2558 2932
2369 961
2352 979
3203 2928
2489 1218
3225 2601
2983 2571
2436 912
3133 2699
3510 3078
2398 2443
2277 1325
2592 2904
3519 3347
2590 2548
2698 2563
3546 3201
3051 2404
2707 2561
2335 1003
3321 2631
2472 1139
3370 3070
2629 2631
2487 2484
2601 2629
2388 2505
3140 2583
3262 2576
2334 1274
2606 2758
3521 3197
2342 1273
2592 2879
3428 3416
3413 3414
3322 2404
2172 1459
3504 3286
3126 2471
2624 2150
2294 1269
2825 2540
3368 3070
2390 1216
2530 2739
3234 2539
3372 2675
2508 2893
2563 2735
3361 3392
3222 2588
2417 1001
2417 1029
3468 3351
2610 2677
3164 2845
3124 2799
2178 1509
2795 2507
2496 2527
3434 3042
2386 1143
3425 3030
3158 2866
3395 3092
2600 2782
3836 2720
3182 2620
3066 2589
3266 2635
3437 3054
3306 2661
3390 2911
2375 2445
2415 1102
3276 2707
3515 3266
3115 2547
3338 3031
3344 3400
2439 1212
2577 2585
3404 3400
3298 2656
2418 1180
3408 2975
3046 2401
3449 3066
2969 2524
3507 3264
2370 2409
2983 2573
3475 3135
3893 2778
3237 2601
2376 2543
2435 1044
2365 979
2423 971
2714 2557
3204 2729
3066 2497
3094 2461
3132 2621
2514 2935
2600 2733
3319 2730
3162 2770
2903 2551
2645 2616
3218 2601
3122 2570
3371 2959
3260 2701
3472 3164
3917 2778
2384 1163
2836 2538
3315 3381
3026 2479
2607 2757
3073 2408
3513 3149
2331 1294
2597 2711
3423 3400
2598 2694
2398 2446
3863 2707
3125 2567
3211 2606
2566 2752
3347 3023
3295 2444
2428 2570
2891 2564
2894 2586
3834 2721
3350 2989
3151 2777
3208 2705
3111 2571
3908 2739
2385 1258
3057 2507
2279 1312
3021 2461
2547 2942
2333 1005
3558 3314
2698 2722
2429 924
2423 1077
2879 2570
3329 2923
2519 2695
2714 2573
2137 1656
3160 2694
2401 2436
2625 2816
3418 3411
3134 2695
2593 2551
2582 2543
2542 2484
2513 2558
2608 2578
3531 3130
3422 3356
2342 1256
2542 2938
2643 2712
2609 2578
2383 2511
3093 2527
2656 2117
2516 2485
2358 2522
2528 2880
3122 2556
2897 2555
3058 2445
3089 2616
2784 2517
3230 2940
2305 1268
3216 2583
2571 2894
2412 1038
2187 1475
3317 2918
3203 2704
2329 1277
2419 1018
2410 1139
3282 2491
2398 2504
2337 1266
3029 2472
3526 3272
3348 2903
3434 3275
3097 2526
2329 1284
3387 2995
2386 1144
3197 2720
3219 2600
2408 1127
2413 2553
2176 1436
3134 2494
3235 2508
3154 2860
2635 2653
3011 2554
2704 2721
2440 1070
3076 2408
2500 2472
2580 2929
3101 2599
2291 1252
3187 2845
2436 933
2294 1270
3422 3059
2377 998
3091 2460
2403 1017
3235 2554
2599 2895
3391 3027
3386 3091
2990 2508
2339 2378
2572 2699
3917 2774
2599 2707
3504 3087
3116 2625
2453 2577
2870 2540
3087 2497
2645 2677
3562 3331
3124 2696
2586 2750
3471 3097
3006 2455
2272 1361
3250 2509
3732 2858
3182 2616
2462 970
3266 2683
2617 2677
2836 2537
2941 2573
3476 3104
2291 1273
2908 2562
2761 2533
3552 3146
2615 2744
2317 1253
3454 3081
3257 2545
3535 3175
3194 2602
2476 2570
2402 1128
3495 3181
3398 3388
2430 1206
3297 2730
2134 1665
2580 2714
3419 3263
3149 2578
2461 951
2423 1055
3188 2698
2279 1316
3037 2407
2392 2531
2262 1352
2595 2915
2575 2976
3194 2863
3195 2924
2521 2678
3286 2629
3403 3063
3293 2629
2604 2699
3205 2911
3222 2947
3323 2942
3296 2627
3088 2490
3252 2614
3364 2403
3193 2642
3220 2719
2540 2941
2229 2223
3007 2463
3384 3397
2848 2533
2584 2985
2543 2487
2647 2512
3809 2785
2336 1258
2478 2523
3297 2658
3377 2948
3079 2404
3486 3303
2173 1462
3216 2511
3299 3391
2624 2675
2749 2565
2605 2827
3227 2703
3524 3201
3150 2613
2808 2541
2808 2522
2428 1184
2175 1439
2727 2563
3458 3284
3367 2998
2135 1649
3509 3204
2884 2540
3227 2558
3405 2997
2397 1163
3364 3425
3314 2462
3328 3048
3216 2598
2418 1147
3170 2697
3222 2501
2339 1241
2891 2511
3082 2402
3197 2528
3310 2735
3332 2963
3313 2620
2653 2682
3802 2788
2797 2547
2666 2599
3351 3396
2708 2564
3339 2984
2671 2721
3502 3088
2908 2486
2372 2499
2646 2617
3186 2974
2427 1200
2698 2558
3384 2918
2537 2941
2410 2547
2658 2118
2529 2736
2909 2555
3564 3156
3230 2567
3476 3342
2413 1121
2335 2381
3152 2824
2735 2548
3530 3241
2510 2488
2525 2709
3407 2979
2588 2910
3506 3193
2586 2588
3352 2993
2452 947
3308 2710
3908 2727
3151 2751
3102 2522
3366 2427
2762 2540
3385 3079
3314 3381
3470 3326
3351 3042
2673 2618
2443 933
2912 2494
2926 2576
3549 3184
2549 2746
2283 1281
3077 2480
2418 1186
2600 2576
3181 2841
3520 3197
3423 3356
3147 2813
2365 947
3014 2482
3872 2714
3481 3188
3356 2912
3351 2649
2357 988
3423 3388
3272 2474
3340 2935
3206 2603
3156 2798
3379 2893
2287 1243
2596 2715
3121 2545
2593 2739
3214 2517
3087 2601
2453 2575
2563 2686
3051 2417
3066 2455
3886 2734
2319 2395
3372 3070
2420 1150
1971 2327
3352 2992
3391 3123
2548 2745
2434 2573
2393 2429
2907 2481
3135 2797
3382 3400
2397 2413
3314 3388
2432 977
3184 2856
3241 2694
3364 2671
2494 2529
2421 932
2385 1220
3298 3389
3473 3327
3124 2804
2596 2906
3438 3346
3434 2981
2885 2553
3465 3351
2612 2590
3324 2719
2702 2714
3083 2623
3052 2507
3325 2727
2820 2532
3532 3168
3394 3081
3305 2648
2589 2560
2336 1226
2401 2434
2794 2521
3199 2939
2133 1643
3124 2563
3250 2661
2415 1024
2577 2688
2847 2538
2271 1361
3054 2601
3481 3118
2591 2908
2476 2503
2546 2488
2355 2418
2390 963
2321 2398
3020 2534
2520 2676
3195 2709
2887 2537
3358 3443
3086 2612
2366 2489
3312 3372
2305 1324
3336 2961
2359 1223
2539 2945
3357 2880
2408 1155
2613 2816
3345 2639
3325 2696
3304 3398
2531 2568
3253 2700
3311 3373
2528 2918
3032 2526
3302 2673
3427 3368
3374 2946
2135 1648
3327 2716
3251 2557
3366 2403
3147 2803
2798 2517
2378 2510
2948 2572
3457 3078
3020 2525
3487 3314
3269 2672
3467 3141
3422 3042
2601 2791
2517 1230
2467 1021
3239 2507
2152 1627
3383 2933
2402 2513
2409 1109
3517 3117
3211 2602
3371 2402
3924 2766
2461 2575
2348 2383
2604 2730
2380 983
3440 3053
3549 3338
3321 2691
3378 3042
2827 2539
2364 1002
3253 2520
3232 2601
2587 2859
2615 2612
2354 1249
2593 2552
2640 2673
2415 1010
3554 3208
2638 2570
2582 2894
3932 2775
2607 2575
2325 1285
2756 2535
3196 2690
3340 3031
3399 2989
3177 2793
3422 3026
3339 3355
2541 2917
3151 2824
3294 2957
3910 2743
2432 1064
3406 3402
3380 2901
2587 2879
2713 2578
2255 1363
2418 1202
2520 1233
3243 2959
3321 2630
2522 2564
2747 2548
3248 2664
3560 3162
3386 2338
3560 3322
3502 3151
3261 2924
3514 3275
2401 2552
2268 1339
2572 2554
3367 2671
2561 2741
3141 2582
2285 1272
2645 2548
2523 2886
3520 3259
2603 2695
2340 1002
2392 2564
3387 2947
2544 1194
2566 2937
3399 3072
3004 2484
2680 2755
3429 3401
3450 3082
2598 2722
2372 2540
3067 2596
3053 2605
3454 3074
2545 1214
2489 2513
3481 3319
2412 1114
2427 975
2480 973
2417 1003
3492 3096
3164 2771
3790 2794
2996 2523
2327 1288
3179 2851
2518 1158
3344 3398
2638 2592
3445 3059
2341 1232
3495 3151
3138 2836
2846 2538
2407 988
2623 2129
3358 2922
2398 2428
3082 2516
3375 2966
2889 2561
2464 1034
3190 2613
3177 2911
3395 3110
2709 2558
3428 3415
2482 2484
3316 2467
2477 2570
2629 2136
2649 2619
2493 2569
2204 1466
2410 1032
2589 2629
3295 2475
3489 3291
2416 999
2482 1167
2430 970
2459 945
3152 2589
3423 3395
2520 2695
3094 2555
2433 967
2841 2528
2829 2539
3122 2821
3437 3410
2394 1165
3241 2674
3343 3419
3423 3390
3248 2671
2386 987
3219 2616
2729 2548
2622 2800
3525 3265
2319 1258
3213 2526
2415 973
3024 2508
2362 960
2577 2683
3093 2466
2465 971
2596 2768
2967 2501
2599 2698
3371 2871
3348 2921
3348 2392
3252 2590
3006 2557
3907 2768
2654 2706
3092 2548
2643 2585
3109 2499
2394 2570
3174 2916
3034 2522
3901 2725
3401 3387
2580 2932
2403 964
2650 2531
2595 2576
3898 2720
2713 2576
3491 3166
2513 2674
3466 3343
2639 2677
2385 2421
2440 1048
3185 2855
3270 2637
3371 3026
3349 2633
3160 2628
2497 2118
3347 3399
2352 2533
3369 2938
2374 2503
3103 2563
3325 2709
3101 2625
2653 2525
2361 1003
2707 2586
3508 3316
3334 2642
3060 2627
2516 2888
3278 2673
3528 3339
2392 1040
3467 3332
2894 2566
3327 2719
3510 3182
2945 2571
2523 2722
2618 2676
3148 2916
3277 2473
2534 2919
3559 3315
2527 1151
2763 2516
3317 3379
3842 2716
3027 2478
3360 3052
2506 2865
2408 1135
2398 1203
3252 2931
3329 2707
2704 2559
3572 3328
3334 2715
3315 2620
2794 2532
2413 1106
2331 1296
2452 1064
3506 3280
3365 3055
2910 2502
2381 1215
2895 2592
3389 2994
3378 2659
3189 2973
2489 1189
3100 2473
2436 970
2680 2628
2691 2555
3250 2608
2600 2581
2546 1198
2445 928
3358 2655
2494 2908
3062 2454
2783 2517
2326 1254
2591 2883
2908 2480
3541 3151
3355 2899
2522 1177
2683 2720
3209 2973
3205 2628
3397 3123
3179 2907
3017 2546
3305 2733
3176 2911
3093 2523
3514 3291
3215 2759
3068 2553
2627 2635
3178 2917
3090 2595
2761 2543
2974 2534
2664 2510
3329 3369
3363 2929
3360 2668
3184 2643
3442 3046
3509 3262
2512 2924
2409 1131
3249 2592
2904 2490
2834 2530
3403 3388
3197 2689
3432 3270
3391 3105
3099 2468
2621 2634
2407 1140
3211 2572
2510 2913
3208 2678
3185 2642
3330 2694
2333 2383
2711 2559
2988 2518
3178 2498
2584 2536
2280 1284
3078 2408
3380 2902
3489 3310
2194 1472
2555 2730
3332 2958
2370 1259
3161 2694
3007 2503
3806 2801
3791 2794
2533 2566
2432 1063
3087 2530
2421 1159
2384 1143
3460 3088
2431 1146
2623 2673
2166 1561
3222 2595
3422 3058
3102 2478
2965 2492
3285 2449
2470 953
2533 2564
2462 1192
2599 2560
3192 2734
2421 978
3022 2487
2604 2142
3213 2514
3298 2961
2660 2613
2388 2530
3486 3164
2675 2500
2929 2573
2402 995
3577 3320
3110 2446
3333 2939
2610 2710
2677 2606
3176 2909
3147 2644
3905 2773
2531 2943
2848 2532
2628 2674
3057 2411
2425 1011
2641 2594
3360 2928
2435 2573
2291 1272
3452 3292
3377 3392
2514 2932
2753 2534
3137 2589
2401 2538
2594 2150
2757 2551
2581 2602
3460 3108
3160 2699
2620 2745
3389 3406
2605 2821
2430 1047
2997 2477
3065 2445
3105 2443
2294 1329
2371 2523
2489 2488
2614 2711
3494 3129
2613 2707
3429 3379
3262 2700
2631 2657
3380 3037
2421 1163
2595 2910
3233 2928
3114 2582
2300 1251
2450 1203
3380 3032
2433 930
2510 2958
3147 2643
3901 2727
3070 2460
3111 2493
2607 2762
2332 1278
3361 2911
3452 3291
2608 2827
3071 2492
3325 2704
2581 2554
2636 2588
2353 997
2530 1187
2554 2973
3178 2843
3473 3116
2420 977
3342 3046
2848 2540
3375 3050
3178 2793
3112 2820
2434 947
2375 1257
2512 2883
3396 3069
2690 2553
2431 966
2389 2483
2696 2563
3509 3251
2380 995
3516 3133
3522 3149
3319 2620
3217 2597
2601 2765
3390 2977
2539 2483
2352 1244
3355 2374
2437 970
2284 1244
2343 1230
3236 2601
2570 2975
2831 2530
3391 2985
2418 1018
3116 2806
3340 2702
2403 1202
3058 2443
2488 2910
2973 2524
3268 2660
3105 2621
3020 2521
3275 2668
2584 2703
2511 1224
3502 3200
3360 2918
2332 1280
2616 2125
3318 3404
2269 1360
2392 970
2584 2981
3087 2607
2529 2882
2494 2905
3097 2448
3496 3115
2382 1256
3334 3356
3278 2708
3036 2454
2526 2953
3308 2641
2511 2486
3537 3348
2636 2764
3307 2460
3248 2693
3446 3095
3526 3242
2370 1212
2257 1337
3174 2526
2680 2585
3349 2887
2481 2482
2401 1126
2373 2436
2251 1342
3522 3266
2632 2693
3343 2982
2405 1036
2286 1300
2377 2415
2386 2423
3355 2357
2422 1072
3195 2752
3328 2422
2633 2611
2436 932
3067 2424
3150 2581
3375 2953
2578 2594
3462 3323
2442 959
3359 2369
3317 2712
3348 3352
2679 2720
2166 1436
3280 2628
3099 2536
3090 2457
2442 1040
3616 3135
3234 2691
3326 2431
3383 2969
3088 2598
2363 1251
3078 2474
2293 1329
3295 2656
3094 2540
3482 3319
2204 1411
2578 2595
3258 2541
2477 1146
3010 2515
2485 1209
2946 2582
3370 2674
3514 3190
3331 2696
3330 3042
3130 2497
3071 2540
2538 2920
3288 2640
3561 3224
2961 2542
3308 2709
2625 2634
2587 2620
2942 2589
2926 2570
3061 2416
2393 1208
2780 2510
3174 2525
3329 2730
2404 2557
3389 3091
3132 2834
3080 2507
2765 2535
2470 954
3888 2760
2455 975
3256 2619
3358 2886
3150 2689
3884 2727
3106 2547
3377 2340
2147 1669
3464 3287
3338 2385
2282 1302
3494 3160
2963 2568
2370 2411
2899 2562
2462 950
2638 2534
2418 976
3353 2379
2878 2570
2394 1041
2533 1142
2442 1070
3069 2436
3020 2531
3898 2782
3109 2802
3157 2784
3292 2631
2893 2516
2265 1354
2645 2523
2579 2556
3082 2442
2613 2573
3134 2630
3354 2962
3520 3211
3075 2393
3331 3381
3360 2968
2807 2517
2625 2146
2602 2784
2967 2551
3328 2704
2463 972
2532 2948
2623 2786
3519 3185
2903 2483
2514 2936
2576 2694
3328 3366
3197 2749
3363 2925
3422 2981
2655 2515
2607 2836
3241 2605
3510 3161
3578 3322
2521 1174
2321 2401
3079 2585
3136 2685
3281 2470
2611 2771
2491 2508
2698 2710
2492 2903
3164 2581
3885 2766
3007 2459
3381 2972
3317 2947
2314 1245
3437 3052
3373 3048
3215 2957
3194 2610
2465 2576
2681 2756
3238 2551
2590 2555
2606 2849
2459 1213
3248 2965
2375 2451
2159 1681
3155 2646
3375 2965
3350 3436
2511 2953
3213 2657
2568 2559
2506 2864
3139 2591
3390 2972
2397 2534
3217 2510
3385 3386
2609 2753
3233 2608
2607 2709
2334 1000
2500 2582
2390 948
3341 2986
2605 2156
3083 2442
3295 2639
3300 2675
3381 2904
2734 2543
3519 3209
2428 1145
3147 2785
2269 1328
3364 2999
3153 2782
2436 944
3372 2346
3109 2578
3142 2583
3026 2464
2565 2890
3312 2729
3513 3123
2315 1245
3017 2544
2398 2533
2631 2719
2256 1351
3243 2577
3464 3289
3253 2620
3388 3018
3238 2510
3530 3265
3320 2693
3360 3427
3071 2574
2364 1218
3578 3320
3343 2641
2610 2593
2677 2757
2533 2886
3265 2491
2421 1003
3259 2497
2815 2556
3507 3253
3148 2690
3438 3063
3217 2579
3330 2942
2258 1346
2960 2541
2649 2676
3298 2476
2894 2505
2479 1227
2697 2725
2863 2535
3201 2704
3082 2440
2647 2557
2430 918
2964 2563
2563 2747
3517 3190
2602 2786
2351 2418
3252 2917
3447 3059
2415 2444
3470 3345
2544 2552
3509 3154
2545 2567
2205 1465
3210 2534
2596 2895
3439 3379
3209 2705
2626 2644
3239 2956
3387 3034
3249 2673
3175 2596
2604 2851
2627 2617
3103 2622
2573 2966
2671 2708
2906 2499
3437 3278
2317 1229
2359 2535
2854 2533
3876 2717
3877 2716
3279 2461
2520 2878
3424 3027
3162 2797
3167 2721
3866 2719
3164 2688
2534 2734
3046 2407
2589 2697
3067 2425
3262 2634
3169 2779
2416 1201
2376 998
3011 2493
3565 3154
2493 2512
3195 2925
3215 2608
3182 2858
2412 1024
3299 2943
2791 2530
2558 2927
3297 2649
3280 2487
2387 946
3344 3387
2429 1057
2686 2556
3219 2948
3271 2616
2355 994
2516 2703
3192 2534
3361 2890
3230 2914
2621 2692
3307 2467
3350 2916
3173 2857
2589 2548
3089 2488
3321 2460
2414 955
3410 3404
2598 2578
3524 3182
2435 2558
2412 1036
3229 2918
2775 2516
3536 3344
3394 3126
3104 2558
2420 1163
3271 2631
3285 2670
3272 2692
2897 2550
2652 2115
3284 2493
2363 2500
2473 2577
2789 2510
2426 993
3399 2988
2455 1237
3255 2624
3271 2637
2424 1176
2482 2503
3361 2677
3370 2944
2434 1055
2498 2603
3549 3190
3168 2883
2454 1197
2398 1162
2434 2561
2435 943
3161 2871
2466 1033
3224 2952
2266 1345
2370 996
2594 2759
3205 2603
2372 2488
3146 2858
3172 2543
2384 2509
2759 2552
2514 2552
3268 2687
2516 2874
2142 1670
2368 2517
3282 2471
2643 2563
2483 1170
3581 3312
3170 2528
2628 2134
2595 2728
3174 2705
3429 3413
2352 2415
3435 3095
3255 2503
2520 2559
3261 2533
2896 2555
2377 985
3472 3125
2737 2542
2389 1131
3379 2952
3172 2523
3510 3186
2622 2788
2676 2637
2592 2150
3348 2901
2379 2535
3077 2449
2440 1069
3353 2393
2315 2393
2574 2693
3193 2509
2561 2578
2643 2792
2697 2548
2452 954
2635 2125
2514 2555
2873 2570
2649 2611
3251 2593
3266 2685
3118 2471
3040 2498
3009 2558
3275 2713
3477 3340
2521 2708
2689 2740
2518 2704
3808 2785
3384 3033
2594 2588
3151 2906
2648 2674
3087 2499
2524 2717
2525 2953
2681 2543
2616 2844
3547 3145
2635 2578
3238 2695
3534 3342
3298 2712
2398 1016
2508 2537
3229 2939
2622 2604
3215 2729
3365 2431
2897 2522
3290 2946
2611 2773
2623 2779
2699 2548
3187 2967
3414 3414
3520 3298
3523 3348
2584 2593
2759 2528
3424 3394
2500 2537
3478 3110
2963 2567
2579 2880
3166 2653
3226 2646
2614 2814
3195 2947
3218 2720
3337 2645
2604 2834
2766 2549
2644 2525
2672 2746
2519 1210
2681 2546
3374 3396
2580 2736
2666 2504
3179 2656
3240 2603
2596 2618
3100 2476
2578 2934
2429 1016
3132 2832
2395 1130
2513 2574
2402 1127
3280 2486
2401 2558
2718 2560
2538 2490
3518 3197
2586 2761
2376 2433
3391 3024
3138 2840
3343 2884
2520 2958
3066 2436
3399 3003
2490 2905
3112 2480
3133 2836
2291 1329
3434 3094
3067 2588
2393 2573
3149 2637
3353 2894
3231 2625
3051 2395
1931 2379
2750 2525
3249 2574
2286 1271
2978 2539
2437 1211
2855 2533
3408 2960
3207 2736
2381 2444
3181 2927
2364 2499
2497 2494
3264 2486
3521 3114
3211 2624
3540 3232
3242 2971
2376 1196
3102 2435
3260 2694
3508 3140
2190 1470
2401 966
3294 2480
2315 1319
2987 2511
2535 2725
2427 1197
2687 2747
3338 2943
2381 1218
3032 2485
2547 2566
2607 2772
2764 2518
2193 1484
2522 2877
3344 2944
3138 2848
3499 3093
2648 2611
3185 2740
3159 2643
3279 2466
3539 3240
3473 3322
2791 2502
2365 2543
3224 2918
2544 2897
3340 3368
3405 2956
2882 2575
3222 2503
2394 2578
2554 2549
2399 2429
3082 2410
3429 3035
3165 2849
2609 2591
3506 3162
3167 2600
2402 967
2748 2519
2306 1305
3217 2730
3205 2945
3278 2464
2670 2503
3427 3375
2969 2504
3167 2902
2285 1276
2552 2934
3478 3130
3531 3141
2543 2728
3010 2464
2532 2563
3137 2837
3183 2601
3153 2777
3533 3259
3305 2736
3137 2580
3072 2464
3353 3041
2651 2566
3520 3161
2519 2710
2415 1113
2641 2567
3800 2820
3387 3404
2480 1167
3229 2536
3436 3099
3534 3333
3330 2423
2327 1234
3521 3321
2591 2560
2617 2604
3224 2644
3800 2788
2969 2571
3256 2563
2308 1261
2750 2561
3171 2637
2197 1488
2516 2889
3926 2761
2199 1479
2311 1267
3248 2569
3187 2611
2616 2746
3428 2979
3566 3346
3231 2932
2403 1210
3202 2534
3320 3403
3261 2702
2595 2769
3457 3282
3163 2527
3053 2409
3380 3049
2370 965
2514 2689
2481 1189
2348 2373
2553 2569
2330 1236
3190 2968
3548 2984
2652 2613
3469 3096
3729 2849
3274 2710
3483 3095
2703 2569
3886 2773
3241 2690
2439 1062
2749 2527
3438 3066
3275 2947
3872 2742
2579 2896
3239 2543
2535 2918
2639 2588
3145 2785
2728 2565
3562 3336
3548 3196
3187 2602
3330 2922
3312 2739
2664 2601
3224 2642
3808 2788
2463 955
2429 922
2542 2940
3330 2709
3135 2832
3377 2952
2677 2634
2642 2586
2616 2606
3343 2959
2469 1061
3245 2590
3094 2619
3377 2888
2594 2695
3316 2943
2317 1255
2521 1169
2388 993
2448 944
3022 2516
3172 2735
2798 2516
2283 1280
2430 927
2935 2576
2707 2549
2575 2970
3106 2604
3466 3333
2682 2722
3527 3241
2564 2749
3524 3173
2173 1460
2638 2764
2501 1193
3289 2652
2445 971
2646 2558
2570 2560
3081 2514
2187 1477
3316 2466
2582 2863
2625 2792
2509 2914
2881 2544
3333 2425
3110 2497
3140 2841
3233 2564
2419 992
3215 2618
3493 3146
2563 2740
3353 2898
2571 2694
2366 1251
2896 2539
3310 2739
3072 2435
3489 3137
3844 2720
2482 1184
2628 2676
2540 2919
3394 3130
3318 2405
3109 2547
2484 2571
2497 2579
2464 1020
3166 2527
2366 1253
2589 2884
2963 2532
3029 2489
2736 2548
2662 2515
2625 2694
2460 973
3226 2703
2886 2574
2600 2724
2387 2471
2397 1170
3197 2723
3350 2917
3327 2390
3390 3028
2376 1201
3004 2558
3926 2776
3185 2530
2447 2575
3085 2491
2823 2547
1932 2384
2506 2537
3256 2562
3507 3288
2452 972
2822 2533
3114 2444
3332 2413
2510 1226
2384 989
3142 2594
3213 2957
2968 2559
2562 2749
2451 1202
2691 2565
3350 3353
3161 2644
2806 2523
3186 2964
3218 2497
3448 3071
3476 3091
3332 3038
2455 2572
2631 2677
3243 2929
2361 955
3207 2738
3567 3151
3378 3067
2452 951
2451 944
2628 2633
3531 3344
3303 2724
2547 2887
2456 2576
3541 3331
3115 2493
3318 3378
2356 1013
3338 2408
3242 2687
2621 2796
3545 3195
3375 2939
3198 2733
3415 2955
3217 2573
3065 2451
3436 3269
3074 2524
3185 2638
2626 2846
2579 2725
2587 2534
3435 3037
2414 1192
2518 1150
3345 3397
2380 2436
3437 3063
2423 991
3372 2872
3490 3134
2997 2478
2279 1313
3225 2954
3011 2555
3183 2750
2685 2729
2650 2108
2513 1182
3458 3090
3432 3419
2618 2804
2619 2646
3329 2425
2428 1151
3357 2975
3359 3428
2510 1181
3369 2404
2617 2635
3188 2971
2437 1044
3348 2986
3917 2763
3113 2546
2364 2410
3355 3422
3209 2634
3503 3181
3245 2688
2202 1412
3518 3167
3196 2754
2711 2562
3063 2601
2727 2553
2678 2621
3488 3183
3322 2622
2606 2611
2612 2633
2411 1199
3249 2666
2607 2624
3401 3409
2566 2753
2513 2954
3192 2513
2605 2151
3905 2778
2900 2590
2480 1224
3214 2507
2652 2711
3082 2512
2401 2465
2409 1054
3249 2597
3247 2962
3446 3085
2693 2557
3317 2687
2286 1275
2514 1181
2649 2613
3514 3161
2969 2561
3533 3307
3271 2659
2486 2512
2480 1228
3265 2615
3397 3086
2541 2731
2885 2541
3060 2624
3211 2620
3397 3100
2271 1336
3098 2551
3383 2984
3394 2987
2731 2546
2877 2577
3420 3060
3230 2958
2627 2786
3022 2521
3070 2419
3364 2907
2611 2630
2397 1015
3312 2697
3894 2732
3070 2462
3454 3296
3499 3191
3427 3370
3337 3036
2364 962
2612 2724
3222 2519
2766 2514
3178 2906
2499 2587
2500 2525
3163 2831
2525 2725
3477 3287
3525 3272
2520 2881
3312 2696
3489 3186
3167 2708
3273 2674
2692 2557
2460 2562
3552 3334
3881 2715
2640 2788
2827 2535
2311 2396
2910 2570
3072 2397
2430 1016
2566 2561
3343 3413
3351 2378
3142 2582
3473 3161
2458 1020
3111 2494
2983 2516
2538 2481
3922 2773
2369 2405
3203 2943
2203 1464
3206 2524
3227 2917
3293 2625
2404 2444
3139 2855
3512 3261
3373 2970
3346 3441
2958 2533
2816 2533
2764 2554
3875 2739
2423 1197
2428 1053
2410 1030
3420 3062
3210 2914
2965 2541
3281 2650
2536 2735
3464 3344
2551 2919
3183 2611
2624 2131
3352 2646
2519 2922
3285 2707
3185 2945
3727 2853
3167 2888
2296 1308
2708 2558
3363 2364
2366 956
3070 2426
2370 2514
2647 2109
2479 967
3512 3089
3546 3202
3080 2424
3351 3444
2325 1304
2568 2971
3336 3359
2706 2549
3537 3145
2815 2555
3372 2968
2639 2546
2969 2500
3196 2613
3377 2344
2381 2454
2357 1014
2266 1359
3432 3420
3160 2823
3158 2868
2969 2563
3469 3352
3265 2461
2374 2506
2581 2728
2633 2722
2188 1636
3016 2570
2659 2711
2459 1165
3410 2958
2171 1615
3095 2559
3198 2730
2480 2510
3360 2342
2425 1019
3405 2977
2724 2563
2603 2148
2822 2539
3239 2607
3215 2656
3078 2404
2878 2546
2513 2882
2625 2685
2392 2478
2354 1251
3350 2635
2524 2716
3454 3280
3182 2847
3305 3364
3169 2878
2929 2574
2485 2475
2465 954
3029 2462
3411 2960
3328 2383
3334 2641
2505 2484
2600 2624
3057 2452
2540 2571
3468 3289
3516 3120
2629 2133
2765 2513
3088 2524
2643 2797
3454 3075
2515 2924
2423 1150
3188 2713
2373 2435
3454 3077
3134 2688
2554 2570
3164 2746
3258 2950
3493 3143
3216 2986
3174 2911
2591 2554
3253 2546
2525 2957
2892 2541
2397 2545
3171 2705
2369 980
2901 2509
3188 2955
3279 2954
3238 2921
3402 2969
3279 2633
3329 2637
3053 2418
3333 2695
3384 2934
3493 3097
3302 2725
2419 1164
3358 3436
3151 2803
3535 3143
2676 2755
2417 1025
2491 2589
3327 2474
3385 3406
3009 2557
3005 2464
2578 2713
2473 1140
3103 2522
2459 1046
3414 3056
2339 1002
2354 1231
3262 2956
2683 2599
3531 3330
2421 2576
3438 3101
3399 3071
2896 2511
3344 2383
3153 2823
3328 2919
3170 2833
3057 2618
3207 2737
3362 3054
2138 1649
3145 2591
2606 2574
3109 2593
3240 2552
3246 2959
3118 2558
2582 2866
2366 1005
2584 2743
2498 2598
2889 2574
3333 2949
3370 2908
3255 2520
2362 1225
3320 2946
3414 2976
3244 2633
1932 2374
2748 2550
2365 2493
2258 1343
3363 2342
2698 2594
2289 1295
3181 2792
2488 2514
2490 1190
2534 2551
3333 2924
3511 3088
3793 2779
3241 2571
3350 2972
2893 2510
2846 2535
3170 2891
2452 949
3343 2642
2485 2567
2636 2771
2418 1097
3076 2576
3022 2485
3519 3265
3372 2347
2807 2537
3913 2737
2139 1670
3349 2885
2646 2612
2520 2874
3218 2527
2708 2550
3227 2909
3492 3294
3172 2775
3535 3309
2597 2715
2694 2555
3082 2581
3195 2710
2610 2616
2380 2505
2581 2906
2501 1199
3536 3236
3448 3374
3920 2783
3483 3189
3254 2521
2334 2358
2471 1149
2547 2731
3168 2887
2552 2557
2281 1291
3232 2703
3880 2735
3395 3013
2381 2413
2483 1209
3518 3266
2426 1192
3155 2710
3235 2629
3353 2990
2962 2496
3899 2732
2497 2531
2420 1088
3180 2597
2176 1621
3456 3085
2648 2607
2513 2569
3392 2971
3529 3144
2646 2537
2907 2486
2535 2946
2334 1240
2440 1210
3484 3093
3066 2599
2338 1255
2601 2623
3311 2916
3076 2440
3419 3045
3383 3081
3402 3062
2330 1246
3367 2415
3301 2675
3418 3053
3359 2397
2583 2593
3299 2946
3251 2918
2596 2699
3232 2936
3582 3300
3172 2917
2450 1191
3087 2538
2393 2427
3384 3386
3255 2947
2577 2696
3173 2871
3368 2934
2376 1213
3459 3374
2473 1139
2589 2729
3355 2386
2431 1056
3167 2741
3123 2711
2640 2704
3398 2965
3516 3202
2374 1206
2681 2607
2423 1168
3346 2927
2758 2527
3010 2492
3009 2573
2458 1213
2528 2876
3113 2555
2781 2515
2374 962
2470 1217
3170 2639
3160 2697
2256 1333
3320 2687
3185 2623
3513 3263
3083 2620
2783 2518
2618 2826
2641 2582
3196 2524
2605 2743
2965 2545
2734 2540
3176 2877
2971 2572
3524 3194
2683 2740
2596 2866
2517 1213
2399 2562
3222 2990
2654 2613
3121 2571
2556 2555
2709 2547
2518 2714
2368 2523
3391 3091
2453 1199
3279 2706
3362 2399
2640 2696
2585 2988
2372 2430
2370 2419
3361 2364
3359 3385
2392 2479
3115 2551
2461 2563
3070 2422
2339 1006
2553 2738
3264 2629
3306 3357
3378 2979
2381 1217
2723 2565
2580 2556
2925 2573
2509 2913
2997 2486
2483 1207
3210 2759
3119 2465
2830 2547
3200 2920
2524 2475
2909 2485
3308 2917
2521 1178
3207 2728
2536 2570
3329 2404
2689 2589
3390 3017
3387 3073
2380 1202
3170 2514
2560 2575
3332 2639
2391 2410
3253 2622
3352 3386
3138 2574
3089 2448
3384 2997
3131 2675
3513 3174
2454 977
2510 2542
2324 1311
3098 2471
2529 1158
2494 2477
3035 2456
2599 2863
3900 2726
2392 964
2489 2572
3375 2888
3350 2385
2373 2507
2655 2679
3371 2401
3048 2407
2350 2370
2354 1247
3359 3053
2320 2395
3904 2776
3153 2821
2559 2976
3089 2614
2262 1343
3192 2510
2140 1654
3497 3146
3164 2529
2374 1221
2384 2413
3932 2772
2906 2557
2955 2531
3580 3322
2806 2545
3182 2852
2508 2883
2608 2714
3132 2672
2590 2871
2998 2530
3390 3116
3215 2628
3073 2464
3223 2603
3117 2451
2533 2726
3170 2517
3264 2564
2422 1149
3380 3083
2543 2915
3021 2514
3210 2763
3197 2631
2603 2706
3352 2649
2355 960
2453 1201
3936 2765
3231 2975
2603 2152
2630 2132
3323 2927
2435 1074
3202 2936
2455 1206
2357 2410
3141 2786
3134 2796
2348 2367
3186 2694
2300 1269
3184 2621
2444 1065
2263 1352
2680 2630
2683 2755
2588 2909
3506 3081
3894 2717
2996 2528
3498 3146
3060 2612
2590 2696
2425 928
2365 956
2499 2928
2386 1204
3206 2695
2413 1113
3333 2419
3009 2555
3070 2485
2417 1197
3167 2592
3363 3399
3256 2503
2402 1206
2418 2552
2416 1006
3438 3353
2495 2882
2648 2565
3197 2733
2714 2559
3274 2462
2433 945
3306 3405
3796 2776
3327 2413
2294 1236
3051 2445
2543 2725
2480 2479
3360 2346
3353 2365
2549 2937
1933 2385
3515 3160
3315 2737
3423 3039
3234 2690
3356 2949
2605 2592
2544 1197
2508 2571
2548 2892
2577 2974
3328 2713
3115 2484
2466 1221
3499 3092
2390 2462
3078 2473
2517 1205
2610 2724
3321 2632
2643 2791
2636 2808
2483 2570
3282 2492
2969 2557
2382 2483
3197 2521
2365 2522
2230 2223
3254 2619
2364 1004
3504 3199
2551 2560
3559 3226
3271 2666
2532 2944
2719 2552
3371 2924
3729 2851
3357 3425
2602 2154
3274 2705
3145 2908
2997 2524
2576 2752
3418 3040
3147 2826
3472 3291
2421 1006
3058 2601
2573 2964
2891 2576
2657 2516
3472 3110
2901 2483
3566 3156
3324 2419
2503 1199
3177 2596
2482 1179
2588 2747
3160 2745
2421 1088
2402 1017
3564 3334
2577 2978
3356 3349
2700 2545
3236 2631
3477 3136
2330 1279
2263 1369
2399 1036
3528 3157
3338 3368
3427 3367
3879 2723
3350 3390
2589 2891
3273 2713
2578 2584
2386 2478
3332 2964
2470 1143
3227 2916
2506 2575
3517 3132
3149 2909
2457 1016
3200 2756
2503 2554
3472 3347
3249 2590
3228 2724
2508 2489
3128 2797
2624 2849
3192 2533
2467 2568
3338 2645
2650 2574
3181 2695
3433 3048
2395 964
3204 2971
3438 3048
3226 2499
2423 1094
3342 2703
3391 3096
2358 1008
3730 2857
2997 2514
3364 3389
3310 2921
3189 2919
2424 2555
3233 2661
2502 2513
2583 2943
2916 2574
2498 2119
3276 2715
3341 3415
2286 1273
3170 2784
3184 2723
3921 2756
3466 3329
3332 2940
2961 2531
2631 2130
3080 2394
2822 2530
2690 2744
2468 2504
2996 2478
3168 2747
3198 2966
3282 2947
3242 2968
3342 2977
3449 3069
3235 2564
2457 948
3082 2539
3304 2715
3175 2712
3419 3264
3016 2550
3533 3212
3229 2695
2455 1041
2379 1215
3195 2921
2364 1231
2807 2543
3492 3091
3480 3095
3518 3311
3351 2643
2491 2593
2394 1019
2444 1205
3484 3311
3538 3228
3176 2879
2334 2399
3344 3397
3471 3295
2562 2683
2637 2678
3471 3296
2280 1243
2598 2720
2395 2561
2386 988
2656 2706
3368 2908
2632 2772
2600 2768
3003 2506
3363 3047
2618 2779
3324 2927
3076 2464
2970 2565
2371 2487
2588 2871
3345 2379
2419 1180
3506 3153
3516 3319
2523 2892
2320 2394
3178 2852
3385 2938
2471 949
2577 2739
3198 2702
3432 3068
2597 2720
2390 951
2588 2860
2662 2612
2967 2553
3067 2532
3515 3156
3263 2545
3193 2602
3381 2942
2609 2680
3297 2732
3300 2715
3326 2395
2371 2433
2350 2420
2601 2580
3459 3094
3157 2711
2177 1642
2497 2471
2248 1339
3376 2886
2449 1203
2355 2537
2359 2502
3076 2425
2145 1664
3244 2547
2478 2484
2404 1026
3377 2898
3421 3407
3114 2806
3286 2620
3800 2786
2526 1179
2441 1079
3359 2968
3541 3159
2367 956
3005 2466
2460 2561
3219 2517
3340 3047
2779 2518
3809 2782
2385 1140
3449 3055
2412 1147
3417 3410
3305 3369
2638 2788
2428 921
2893 2569
3196 2752
3539 3225
3471 3300
2454 1242
3174 2523
3104 2523
2370 991
3387 3400
3395 3108
3390 3115
2329 1243
2425 983
3234 2627
2682 2633
3571 3160
3341 3393
2362 2533
3075 2423
2359 2537
2610 2633
2540 2911
2511 2869
3448 3070
3336 2695
2423 2574
3429 3352
2258 1342
3427 3372
2579 2728
2903 2481
2912 2563
3800 2787
3394 3066
2368 980
2884 2511
3393 3024
2382 2411
3954 2765
3355 2355
3010 2554
2616 2148
2903 2508
2520 2719
2631 2137
3465 3343
2799 2535
3231 2971
3430 3045
2454 2568
3165 2704
3796 2777
3467 3140
3439 3272
3434 3379
2399 2428
2556 2738
2476 958
2685 2722
2500 2558
3260 2494
3247 2632
2559 2893
3342 2943
2683 2736
2523 1233
3733 2851
3251 2545
2622 2610
2558 2929
3170 2635
3293 2953
3514 3121
3205 2604
2413 2442
3166 2514
3473 3296
3130 2683
3234 2958
2400 2432
3307 2462
3336 2473
3526 3238
3391 3122
2367 1249
2351 1247
2400 2560
2547 2888
2406 1205
2228 2222
2389 1041
3899 2737
3108 2637
2396 2531
3361 2361
2651 2532
2544 2478
3458 3088
3026 2460
3470 3291
2270 1316
2763 2526
3436 3100
3315 3396
3389 3386
3343 3381
2591 2627
3206 2969
2293 1325
2460 1012
3182 2923
2590 2740
3116 2621
3363 2902
2482 2515
2705 2585
3116 2604
3521 3273
3318 2418
2540 2476
3180 2701
2447 1204
3455 3293
2533 2948
3162 2788
2332 1240
3194 2625
2712 2583
2504 1202
2591 2750
3215 2602
3054 2610
2548 2918
2671 2719
2250 1341
2977 2538
2458 2569
2438 1081
3070 2492
3188 2744
2596 2761
3809 2804
2393 1041
3435 3040
3424 3038
3285 2945
3899 2742
2495 2501
3410 3403
2354 1266
2600 2776
2539 2742
2169 1457
3168 2893
3262 2957
3338 2713
3208 2530
2600 2731
3813 2803
3360 2676
3485 3314
2400 1126
2585 2741
2392 2566
3315 3402
3391 3092
3017 2447
3308 2645
3103 2548
3516 3155
3226 2978
3115 2550
2885 2551
2252 1349
2581 2771
3165 2708
1935 2371
3172 2736
3149 2580
3065 2602
3915 2773
3308 2919
2493 2914
2618 2150
3882 2706
2387 2412
3484 3309
2676 2719
2642 2593
3801 2788
3366 2664
2492 2489
3211 2518
2501 2581
2495 2906
2373 2512
2394 2465
3108 2564
3170 2778
3142 2617
2382 1213
2426 1169
2460 1058
2324 1306
2341 1241
2263 1356
3354 2661
3404 2960
2590 2737
3021 2479
2432 946
3073 2553
2139 1638
3333 2951
3367 2337
2948 2593
3510 3145
2280 1314
2671 2611
2428 1183
3387 3388
3013 2451
2475 1175
3449 3279
2197 1473
3517 3119
2428 1016
2580 2618
2949 2581
2626 2633
3433 3268
3479 3287
3246 2586
3318 2940
3303 2639
2605 2859
2410 966
2426 1017
2990 2520
2618 2783
3057 2606
2578 2680
3265 2472
2760 2556
2670 2613
2619 2127
3530 3264
2731 2564
2481 2577
2645 2702
2195 1495
3321 2920
3113 2583
2449 962
2599 2586
3227 2661
2410 2446
2470 955
2357 1000
2673 2710
2582 2589
3495 3094
2444 932
2487 2479
3240 2622
3370 3060
3532 3236
2596 2874
3504 3194
3473 3354
2389 1166
2404 2511
3270 2690
2392 1039
2381 2512
2508 1205
3533 3250
2581 2941
2333 1238
2174 1441
2534 2549
3316 2625
3509 3177
2457 946
2315 2391
3248 2605
2602 2707
2366 2419
3310 2658
3325 2920
2952 2593
2965 2539
3530 3181
3072 2433
3162 2586
2542 2906
3242 2515
3362 2933
3213 2516
3025 2489
3402 3088
3194 2697
3383 3091
3007 2514
3114 2820
3083 2585
2529 1182
2704 2548
2714 2571
3284 2659
3181 2846
3339 2971
3239 2630
3112 2616
3522 3306
2411 995
2402 2537
3348 3353
3163 2846
3549 3196
3366 2397
2634 2683
2529 1189
2584 2940
3254 2959
3145 2601
3174 2724
3407 3406
2484 2510
2398 953
2687 2557
2974 2531
2723 2579
3232 2532
2506 2882
3533 3191
2676 2736
3424 3026
2440 1176
2433 1056
3381 2907
2253 1339
2469 1160
2533 2919
3354 2671
3359 2962
2866 2537
2415 1142
2477 1170
3282 2469
3081 2581
3387 2986
3333 2699
2334 1244
3340 2710
2624 2697
3518 3156
3101 2526
3874 2713
3089 2489
3154 2823
2549 2929
3900 2742
3002 2570
2687 2746
3312 2706
2386 1221
2477 2520
3153 2921
3105 2640
3199 2696
3475 3288
2575 2894
2257 1330
3262 2693
2406 1134
3328 3044
2643 2523
2424 1193
3219 2666
3589 3303
3169 2696
3387 2939
2465 1189
2431 2571
2579 2765
3494 3149
3329 2927
3853 2721
3458 3363
2904 2562
3133 2600
3291 2640
3244 2631
3420 3055
2477 1158
3276 2709
3369 2654
2381 2436
2531 2574
3208 2645
2699 2574
3478 3115
2307 1270
2407 1131
2598 2764
3147 2812
2372 2427
2328 1268
3067 2575
3173 2748
3385 3027
2486 1188
3492 3141
2516 1146
3281 2485
3315 2918
2685 2594
2317 2401
2724 2579
3126 2702
2748 2549
3236 2945
3536 3333
3202 2733
3508 3282
3189 2522
3184 2641
2460 1220
3501 3090
2529 1142
2284 1277
2353 2389
2610 2154
2648 2686
3301 2471
3207 2948
2874 2547
3433 3383
2427 1186
2146 1625
3162 2769
3149 2582
2329 2406
2494 2467
3545 3145
2616 2713
2542 2893
3254 2958
3270 2626
3074 2464
2511 2906
2475 2573
3162 2889
3336 3353
3522 3301
3028 2459
3288 3384
2399 2433
2903 2497
2492 2592
2622 2703
2367 1260
3382 2940
2290 1362
3279 2704
2995 2564
2400 1123
3295 2640
2419 963
2352 978
2141 2596
2791 2529
3366 2656
3232 2935
2752 2562
3427 3381
2284 1271
2476 964
2813 2549
3536 3325
2389 1035
1930 2389
3523 3198
3370 2391
3333 2700
3347 2949
3524 3179
2287 1261
3354 2975
3395 3120
3199 2928
2604 2832
3189 2529
3498 3188
3187 2919
2630 2617
2455 946
2328 2388
2170 1641
3509 3087
3310 2621
2544 1196
2391 1131
2592 2725
2384 1164
2790 2513
3309 2699
2430 2562
2367 2496
3254 2573
2489 2570
2795 2516
2492 2593
3013 2513
2535 2914
3840 2719
3343 2885
3378 3072
2336 1262
2456 1059
3357 2916
2615 2637
3352 2669
3022 2465
2477 1159
3071 2524
3153 2902
2572 2686
2437 1048
3194 2919
3423 3263
3107 2437
2602 2743
3454 3369
3302 2643
3221 2945
2622 2802
3092 2521
3226 2647
3100 2479
2650 2700
3348 2906
3084 2515
3496 3183
3129 2832
2408 1055
3538 3226
3532 3255
2364 2496
2974 2521
2516 2885
3356 2395
2577 2949
3490 3309
3952 2766
3441 3041
2418 1055
3121 2456
2569 2686
3226 2532
3152 2798
2495 2516
3101 2562
3066 2428
3101 2464
3461 3091
3066 2531
2761 2540
3048 2498
2907 2483
3327 2710
2396 992
3171 2880
3446 3348
2374 2488
2639 2696
2397 1203
2462 2575
3192 2863
3271 2949
3232 2597
2546 2737
3421 3408
3500 3284
2632 2660
3211 2633
3542 3146
2434 1173
2462 952
2389 2469
3430 2969
2395 2541
2574 2938
3039 2525
2557 2742
2541 2735
3376 2660
3192 2700
3215 2731
3240 2510
2454 2125
2180 1467
2636 2793
3303 2464
2394 2432
2454 1196
2364 1222
2575 2555
3476 3323
2517 2565
2575 2753
3075 2507
3241 2544
3171 2865
3152 2922
2667 2718
2553 2932
3359 2888
2581 2769
3097 2482
3355 2348
2619 2150
3376 2898
2943 2594
3345 2968
2381 998
3463 3361
2463 2565
2645 2608
2254 1348
2353 1251
3133 2702
3458 3361
1934 2371
3215 2597
2624 2821
2590 2739
3343 2984
3581 3301
2370 2406
3347 2926
3097 2619
3551 3214
3792 2779
3124 2807
3902 2741
3118 2458
3506 3256
3239 2668
3540 3230
3204 2912
2411 1032
3352 2907
2802 2536
2340 2410
3493 3088
3201 2688
2990 2513
2393 2548
3171 2713
3224 2628
2616 2604
2313 1266
3390 3117
2629 2642
2571 2559
2547 1212
2534 1205
3116 2626
3171 2602
3185 2837
2478 2521
2372 2435
3496 3175
3452 3078
3357 2649
2793 2507
3489 3311
2579 2967
3025 2470
2605 2612
3305 2638
2734 2560
2682 2599
3304 3364
3057 2629
2534 2929
2806 2546
2593 2724
3230 2551
3230 2937
2479 963
2641 2593
2638 2807
3366 2901
2395 954
3210 2532
3895 2730
3509 3308
2796 2516
2415 2551
2515 2936
2634 2813
2697 2727
3867 2743
3119 2823
3429 3351
3896 2753
3434 3037
3190 2919
2578 2939
2512 2542
3115 2715
2576 2973
3342 2898
3381 3001
3951 2770
3307 2442
3469 3341
3528 3254
3015 2563
2578 2698
2722 2582
3502 3091
2391 2452
2562 2736
3205 2693
3135 2674
3111 2611
3003 2566
3804 2796
3421 3040
3478 3287
2377 2428
3144 2856
3534 3308
2167 1458
3324 2926
2451 1051
2496 2502
2857 2529
2419 1052
3035 2397
2391 946
2389 963
3393 3125
2262 1344
2518 1152
3268 2924
2513 1207
2553 2560
3016 2561
2554 2550
3155 2794
2629 2632
3238 2668
3215 2596
3146 2808
2612 2836
2470 1215
3324 2940
2497 2526
2603 2623
2374 2542
2385 995
3869 2743
3091 2534
2395 1144
2415 989
3155 2756
3070 2518
3394 2990
2410 1039
2539 2478
2491 2519
2436 941
2416 985
2528 2727
2326 1275
3144 2820
2304 1326
3391 3026
2879 2539
2555 2559
3357 2884
2534 2724
3367 2390
3361 3429
2310 1322
3176 2905
3340 3359
2517 1223
3023 2541
2595 2901
3904 2736
3466 3325
3508 3145
3176 2726
2619 2661
3216 2612
2600 2751
2462 1194
2665 2517
3258 2628
3566 3336
2521 2677
2903 2561
2358 1246
3200 2930
3401 2969
3242 2970
3336 2410
3198 2929
2610 2775
3239 2595
2640 2535
2294 1245
3402 3103
3341 2423
2649 2589
3359 2346
3178 2735
3374 3078
3164 2785
2686 2590
2804 2524
3312 2738
3300 2441
3287 2628
2383 1257
3093 2540
3256 2690
2997 2475
2517 1166
3539 3149
3270 2486
3412 2968
3194 2525
3434 3268
2321 2395
2575 2977
2410 1141
2501 2541
2346 1236
2977 2572
3013 2498
3115 2618
3071 2507
2481 2502
2597 2723
3329 2706
2392 2569
3339 3036
3149 2825
2734 2542
2145 1670
3216 2624
2685 2604
2625 2611
2375 2433
2611 2682
2515 1225
2369 2521
3386 3381
2424 1067
2367 2547
2646 2613
2425 1077
3180 2613
2921 2569
3882 2734
2497 2910
3247 2669
2384 1206
2656 2614
3385 2932
2306 1271
3417 3400
2515 2689
2601 2586
3514 3160
3403 3087
2366 2488
2388 2472
2634 2650
3374 3095
3406 2963
2390 1137
3304 2732
2608 2142
2461 1216
3313 2464
2379 983
3209 2957
2561 2749
3158 2792
2511 1178
2268 1350
3023 2479
3404 2992
2397 2444
3371 2923
2576 2583
3361 2363
3321 3397
2600 2737
3351 2648
2432 2568
2907 2490
3228 2726
2310 1260
2321 1240
3177 2641
3233 2659
2838 2524
3162 2639
2345 2363
3156 2590
3254 2621
3346 2948
3396 3120
2578 2969
3330 2697
3224 2970
2754 2516
3393 3067
3321 2727
3471 3329
3350 2944
2946 2592
2603 2898
3805 2802
2560 2571
2462 1028
2588 2547
3378 2957
2611 2591
3034 2483
2539 2894
3273 2474
2651 2534
3360 3424
2602 2851
3386 2923
2706 2708
2505 2508
2354 974
3073 2568
3317 3404
2291 1298
3524 3305
3229 2909
3085 2505
3355 3438
2840 2518
3067 2524
2317 1312
3113 2451
3256 2946
3261 2947
3388 3080
3569 3330
3160 2753
2492 2914
3018 2546
3392 2972
3907 2723
3200 2966
2454 1219
3897 2744
2437 2574
3314 2464
2339 1243
3158 2793
2496 2504
2712 2564
3308 3384
2624 2145
2514 2906
2764 2541
3134 2673
2309 2396
3372 3058
3000 2490
3533 3348
3056 2623
2577 2980
2965 2534
3438 3039
2905 2505
2339 2361
3313 3372
3228 2661
2465 1221
2595 2766
3185 2696
2467 2576
2429 1151
2596 2846
3520 3317
2548 2929
3400 3098
3074 2556
3265 2464
3270 2920
3297 2442
3487 3292
3374 2394
3322 2399
3118 2465
2633 2614
2597 2556
3282 2470
3171 2831
3081 2587
2542 2479
2320 2389
2486 1203
2250 1343
2301 1250
3337 3369
3424 2955
3203 2649
3215 2616
3282 2637
3099 2526
3315 2920
3324 2399
3189 2954
2674 2753
2945 2577
3800 2789
3517 3175
2641 2672
2641 2589
2278 1316
2690 2745
2531 1142
3348 2899
3176 2527
2628 2692
3471 3342
2362 957
3233 2558
3094 2524
2607 2154
2969 2551
2502 2560
2439 960
3133 2683
3190 2642
2639 2132
2793 2520
2685 2539
3501 3091
3082 2550
3250 2692
3470 3355
3514 3134
2569 2949
3461 3108
3534 3267
3265 2489
2272 1317
3365 2366
2598 2557
3125 2696
2996 2513
2414 954
3874 2724
2637 2569
2763 2547
3078 2407
2608 2758
3508 3129
3484 3140
3385 2986
3800 2819
2447 2578
3224 2662
2518 2878
2399 2431
2406 987
3338 2926
3332 2937
2271 1316
3453 3073
3192 2711
3239 2573
2401 1122
3532 3345
2425 2568
2618 2818
3332 2725
2366 1226
3113 2449
3239 2923
2495 2569
3492 3288
2171 1638
3413 3397
2557 2749
2677 2747
2408 2548
3195 2640
2357 1001
3532 3144
3153 2688
3231 2552
2352 1001
2512 1171
2204 1410
2531 2723
3463 3364
2333 1240
2517 2875
2548 2941
2379 1258
3512 3118
2474 2504
2430 965
3359 3433
3221 2574
3167 2637
2457 2566
3099 2531
2546 2738
3550 3336
2550 2970
2465 1219
2373 2484
2472 1140
2676 2754
2626 2618
3362 2997
3167 2835
3210 2514
3461 3286
3178 2738
3228 2502
3117 2450
3120 2455
3176 2839
3895 2769
3345 2381
2358 994
2988 2571
2913 2494
2738 2554
2556 2748
2168 1638
3349 2625
2410 1190
2888 2572
3212 2944
3373 2410
3113 2479
3000 2526
2966 2567
3406 3054
3337 3031
3406 3396
3232 2981
2581 2980
3864 2712
2434 1057
2932 2575
3014 2505
3272 2614
3394 3394
2420 1143
2647 2536
2458 2583
3330 3047
3449 3073
2512 2571
2553 2888
3440 3037
3161 2696
2657 2707
3176 2707
3205 2762
3117 2545
2509 2552
3172 2721
3084 2496
2259 1353
3071 2451
3226 2722
2399 1202
3176 2637
2149 1675
2579 2969
3249 2504
2186 1633
3083 2619
2525 2929
2397 955
2517 2699
2476 2496
2681 2721
2260 1335
3151 2815
2685 2587
3130 2622
2591 2552
3004 2505
3342 2924
3187 2944
2601 2558
2672 2505
2995 2487
2498 2600
2394 2574
3091 2459
2382 2506
2638 2789
3156 2580
3055 2508
3423 2956
3124 2711
2634 2130
3363 2657
2493 2905
2394 2541
3371 2412
3079 2508
3464 3095
3318 2634
3188 2958
3387 3079
2356 1212
3212 2512
3487 3315
3899 2717
2536 2741
3343 3350
3228 2625
2262 1363
2624 2668
2878 2552
3280 2633
3075 2400
2602 2836
3085 2488
3258 2508
2899 2550
3895 2763
3507 3205
3159 2760
2440 1041
3370 2343
3283 2667
2390 1135
2695 2751
2696 2724
3287 2633
2597 2698
3304 3360
3192 2947
3392 3015
2525 2718
3030 2518
2360 2523
2608 2764
3257 2695
3302 2448
3185 2604
2403 2456
2506 2867
2142 1624
2548 2571
3321 2690
2534 2723
2397 2537
3497 3199
3490 3131
2682 2547
2895 2582
3059 2415
3865 2706
2432 1048
3434 3407
3119 2798
3068 2552
2471 1148
3918 2773
3487 3138
2284 1321
3128 2474
2550 2556
3100 2623
3089 2617
2341 1001
2396 2542
3365 2915
2386 2454
2755 2535
2512 2950
3303 3393
3521 3318
2396 1015
3434 3057
3004 2465
3450 3052
3200 2697
3347 2627
3500 3152
3393 3122
3149 2576
3330 3369
3532 3129
3120 2544
2499 2591
2607 2857
2575 2724
2599 2600
3513 3204
2138 1652
2679 2624
2874 2542
2424 2570
2504 2552
2467 1165
2997 2523
3196 2702
3293 2632
2443 943
2416 1007
3583 3318
2389 1127
2940 2568
3285 2706
3163 2584
3164 2653
2905 2568
3334 3360
3305 2455
2588 2884
2421 1195
3429 2980
3534 3203
2382 2505
2407 1197
3468 3333
3730 2858
3801 2818
2610 2144
3176 2597
2814 2535
3057 2407
3063 2454
3185 2959
3358 2657
2631 2810
3438 3268
2539 2888
3007 2454
3329 3353
3258 2636
2353 1005
2642 2672
2572 2691
2411 1137
2475 2572
3097 2447
2619 2847
3226 2652
2540 2925
3206 2629
3202 2688
2708 2709
3364 2420
2460 1162
2576 2557
2981 2542
2512 1223
3310 3356
3176 2601
2688 2746
3952 2770
2363 948
2272 1319
3814 2791
3479 3308
3474 3349
3554 3211
3337 3410
3920 2766
3369 2672
3864 2708
3115 2445
2460 1235
3240 2708
2396 2450
2594 2576
1925 2364
2356 966
2744 2527
2515 1174
3367 3425
3191 2953
2735 2564
3069 2407
2631 2138
2434 1208
3127 2717
3367 3070
3166 2847
2976 2537
2167 1435
2400 2507
2652 2712
3547 3196
2605 2793
3308 2695
2250 1335
3350 2354
3482 3168
3230 2549
2292 1323
2517 2952
2642 2567
3398 3064
3355 2363
3183 2738
3172 2748
3139 2599
3885 2735
2892 2578
3077 2562
2419 1054
2635 2593
3168 2844
2700 2547
2576 2695
2649 2699
3262 2532
2640 2764
3046 2399
3894 2773
2367 1258
3249 2706
3085 2618
2722 2554
3157 2750
3318 2713
3529 3202
3172 2646
3297 2444
3015 2452
3198 2924
3349 2638
3263 2951
2614 2718
3170 2711
3903 2738
2409 2553
3406 3063
3527 3269
2649 2119
3902 2737
2434 1079
2719 2580
3348 2382
3196 2753
2578 2687
3002 2530
3157 2637
2620 2803
2596 2795
2797 2528
3108 2619
3245 2592
3227 2958
3320 2688
2452 1063
2311 1257
3393 3400
3394 2982
2310 1308
2450 1188
3333 2713
3812 2804
3195 2946
2513 2935
2645 2710
3274 2697
3319 3403
3078 2441
3397 3010
3230 2601
2338 1230
3432 2969
2347 1236
2396 2537
2818 2534
2512 2902
2355 1014
3531 3139
2728 2566
3005 2569
3270 2923
2654 2532
3306 2455
2552 2739
3303 2655
3404 3405
2147 1673
3443 3043
3570 3322
3495 3116
3278 2669
2552 2558
3891 2744
3573 3326
3445 3085
3173 2911
2707 2587
2536 2733
2561 2974
3111 2579
3133 2695
2520 1173
3178 2879
3415 3060
3366 2337
3344 3345
3354 3353
3191 2696
3391 3029
3333 2420
3344 2975
3262 2619
3327 3350
3140 2851
3369 3062
3385 2909
3229 2531
2757 2517
2287 1264
3160 2901
3348 2881
2655 2625
3077 2397
3311 2441
2627 2774
3201 2757
3477 3094
2269 1358
2632 2767
3405 3399
2621 2645
2421 1181
2304 1264
2561 2564
2524 1232
3037 2397
2908 2484
2611 2749
2366 969
2345 2362
2700 2591
3066 2558
3801 2781
2388 994
2474 964
3228 2533
3295 2446
3203 2532
3868 2715
3154 2784
3362 2929
3799 2804
2885 2554
3235 2665
2522 2954
3519 3317
3221 2719
2550 2558
2945 2583
2644 2692
2502 2542
3325 2437
2656 2711
2645 2614
2843 2525
3114 2451
3202 2533
2557 2890
3220 2948
3395 3077
3149 2821
3363 3053
3554 3142
2427 927
3544 3349
2706 2587
3258 2501
2677 2745
2682 2607
3362 2681
3236 2664
3013 2504
2631 2604
2368 2496
3105 2541
3233 2930
3306 2465
3382 3070
3456 3083
3056 2390
3240 2695
3107 2564
3176 2595
1935 2379
2463 1171
3064 2453
2391 2472
2137 1630
3810 2787
2391 1208
3159 2527
2385 998
3326 2703
3072 2585
3144 2606
2396 2567
3002 2563
3359 2663
2407 1053
3810 2783
2625 2775
3544 3206
3207 2917
3399 2964
3248 2705
3176 2539
3573 3327
2428 1094
3282 2628
3218 2610
2961 2568
3519 3278
3388 2998
2413 1003
3250 2589
3222 2719
3347 2631
3236 2927
2415 1143
3397 2989
2564 2570
3329 2951
3510 3156
3348 2627
3226 2602
3178 2726
3363 2399
3168 2882
2576 2688
3508 3123
2271 1320
2336 1271
2428 1150
3241 2711
3507 3140
3135 2677
2559 2749
2365 1005
2401 1153
2576 2724
3363 2660
3482 3166
2626 2787
3433 2973
2672 2604
3386 2997
3079 2459
2193 1467
3491 3163
2455 1053
3412 3399
3016 2572
3175 2869
3225 2506
2548 2737
2546 2551
2420 1001
3165 2850
2392 2575
3487 3289
3076 2480
3524 3308
3075 2555
2461 1195
3324 2461
3058 2508
2254 1347
3362 2404
3412 2961
2600 2749
2686 2558
2699 2726
3351 2369
2509 2548
2426 1095
2531 2928
2564 2734
3194 2639
2397 2539
2573 2965
3152 2580
3728 2858
3132 2631
3339 3407
2540 2884
3161 2631
2550 2552
3362 2927
3249 2959
2615 2605
3476 3288
3323 2718
2363 963
3947 2758
2307 1325
2377 2539
2446 933
3422 3060
3283 2662
2600 2898
2795 2517
2519 2688
3347 3434
2627 2785
3375 3391
3129 2496
3374 3043
2410 1129
2535 1190
3256 2504
3104 2534
3511 3292
2813 2545
3531 3266
2495 2901
2612 2726
2390 1038
2556 2745
2841 2521
3408 3062
2597 2795
2402 1210
2466 970
2468 2571
3364 2430
2778 2513
3237 2555
2373 2407
2647 2673
2519 2565
2458 975
2478 2510
3362 3425
3538 3332
2502 2567
3078 2580
3396 2989
2705 2571
2542 2891
2402 1214
3306 3395
3173 2499
2501 2521
2609 2773
3341 2899
3465 3094
3030 2466
2675 2584
2701 2716
2530 1142
3061 2629
3313 2921
3361 2657
2546 2733
3427 3376
2396 2413
2622 2603
2637 2767
2408 2553
3385 3022
3167 2792
3205 2675
3337 2946
2326 1235
2394 2504
2354 2419
3167 2889
3185 2843
3312 2661
3436 3416
2553 2572
2587 2870
2409 1031
2631 2680
3463 3080
2194 1470
2160 1679
3182 2529
3248 2669
3279 2473
2461 1025
3348 2386
3343 3411
3455 3084
2365 2496
2404 1106
2595 2709
2278 1360
3252 2608
2363 1255
3363 2887
3125 2559
2587 2857
3810 2784
3354 3040
3360 2365
2620 2801
2437 2575
3282 2467
3010 2556
3948 2757
3514 3263
2389 1145
3567 3319
3442 3089
2892 2511
2891 2510
3354 2388
2392 2561
3169 2844
3250 2597
3899 2730
3221 2949
2578 2943
3425 2977
3327 2398
3197 2607
2557 2738
2287 1302
3114 2469
3126 2707
3114 2490
2361 1211
3004 2464
2586 2748
2520 1160
3023 2521
3156 2749
3236 2600
2573 2554
2606 2623
2415 995
2437 1043
2412 1053
2487 1186
3308 2696
3090 2525
2888 2509
3368 2884
2921 2571
2537 2924
2511 1225
3332 2959
3092 2447
3443 3062
3533 3169
2888 2506
2278 1306
2183 1464
2168 1562
3228 2969
2847 2541
2676 2621
2374 1203
3074 2389
3252 2521
3215 2611
2832 2544
3371 2399
2732 2543
2651 2526
2499 2594
3222 2500
2353 2420
2649 2788
2325 2406
2574 2731
3345 3345
3516 3278
3270 2692
3217 2496
3177 2597
2534 2722
2666 2698
3125 2563
2492 2574
2357 964
3359 2363
3234 2536
3373 3078
2394 966
3185 2925
3731 2853
2419 1142
3162 2698
2655 2621
2591 2725
2365 2412
3197 2917
2639 2567
3499 3293
3469 3329
3007 2557
2581 2740
2649 2579
2412 1138
2438 1043
3036 2407
3373 2903
2522 2684
2598 2765
3245 2672
3345 2946
3242 2604
2868 2540
3474 3110
3927 2770
3335 3388
2480 2572
3318 2735
2515 2875
2614 2812
2805 2540
2487 1205
3302 3373
2577 2948
2364 2550
2315 1255
3531 3169
3258 2469
2308 1249
2634 2771
3258 2698
3345 2380
2263 1341
3198 2755
2627 2616
3054 2414
3071 2415
3312 2439
2607 2723
3264 2617
2600 2148
2176 1644
2477 1168
3246 2923
2651 2679
3313 3403
3528 3192
2466 1041
2333 2356
3524 3301
2894 2539
3379 3035
3792 2819
3099 2467
3269 2681
3414 2957
3471 3334
2407 1040
2423 932
3345 2898
2502 2516
3884 2768
3359 2667
2543 2887
2259 1354
3591 3300
2499 2590
2992 2484
2607 2592
3370 2390
3276 2626
2629 2653
2736 2564
2681 2627
3000 2525
2994 2519
3538 3203
2329 1286
3284 2648
3444 3095
3210 2681
3206 2945
2364 979
2674 2719
2544 1205
2519 2704
3517 3202
3297 2469
3518 3271
3531 3237
2518 2694
3514 3262
2634 2764
3366 2898
2433 909
3013 2519
3583 3300
2725 2581
2460 1188
3487 3093
3527 3268
3338 3372
3092 2449
2411 2553
3512 3263
2253 1356
3320 2405
3185 2741
2585 2552
3324 2943
2596 2621
3215 2694
2604 2594
3306 2941
3344 2968
2323 1280
2365 1226
3905 2765
2525 2560
3347 2887
3120 2823
2409 1159
3124 2468
3458 3077
2686 2551
3140 2855
3107 2494
3232 2551
3249 2518
2391 2411
3113 2486
3068 2451
3091 2613
3228 2501
3200 2630
3503 3290
2529 1151
2816 2553
2638 2604
3309 2441
3490 3092
2580 2939
2637 2807
3078 2490
2901 2490
2552 2745
3316 2947
3141 2644
2435 2565
2482 1189
3232 2654
2796 2528
3349 2355
2863 2537
2379 2515
2574 2738
3159 2796
2384 2484
2543 1204
2635 2129
2581 2929
2392 2452
2412 1204
3353 2960
3033 2492
2527 1221
3893 2720
3231 2703
3335 3017
2619 2818
3012 2517
3376 2343
3325 2719
2824 2531
2392 2487
2690 2742
3217 2600
2585 2737
3910 2778
2388 1041
2621 2826
2314 1264
3199 2723
3283 2945
2637 2587
2585 2735
2730 2550
3347 3350
3194 2965
2503 2870
3473 3097
3178 2733
2642 2794
3158 2756
3437 3047
2413 1015
3155 2713
3345 2921
2439 1042
3217 2497
3205 2916
2590 2692
3081 2406
2358 1223
2510 2924
2912 2566
2391 2557
2964 2569
3093 2483
3388 2948
3186 2744
2292 1251
3531 3240
2177 1502
2394 969
2402 1133
3359 2889
2585 2753
2962 2542
2414 961
2565 2562
3514 3156
3173 2833
3218 2727
2604 2835
2925 2571
3211 2703
3612 3127
2395 2439
3374 3032
3235 2696
3588 3302
2377 2485
3371 3390
2260 1363
2682 2589
2466 1060
3152 2581
3074 2578
3195 2724
3349 2886
2935 2578
2447 1206
3522 3259
2606 2719
3349 2990
3936 2777
2560 2573
3035 2409
3173 2704
2943 2592
2463 1218
3350 3387
3475 3339
2629 2142
3360 2660
2678 2607
3259 2534
3015 2502
2382 1162
3802 2813
1931 2377
2726 2556
3112 2577
2421 2555
3189 2854
3292 2623
3475 3285
3003 2567
2525 2710
3082 2535
3365 2919
3252 2578
3416 3265
2334 1270
3475 3352
3448 3277
3239 2922
3426 3028
2596 2864
2455 979
2972 2519
2494 2570
2670 2504
2544 2733
3226 2500
2318 1262
3259 2928
3408 3425
2841 2534
3507 3125
2425 1044
2734 2550
2397 1035
3423 3405
3330 2431
2473 1217
3552 3335
2682 2543
3336 3033
3538 3230
2463 956
3463 3095
2516 1227
3215 2983
3507 3118
3160 2744
2414 1193
3273 2679
3338 2705
3174 2701
2585 2757
2288 1264
3530 3308
2534 2548
3445 3271
3012 2461
3849 2719
3351 3352
2301 1306
3574 3322
3111 2578
3431 3034
3143 2602
3233 2690
3921 2766
3534 3177
3430 3402
3072 2492
2525 1236
3285 2640
2370 1208
2520 1234
2630 2679
3385 2948
2334 2376
3196 2863
3076 2531
3176 2793
3331 2402
2706 2571
3206 2618
2148 1672
2601 2613
3075 2413
2594 2586
2675 2715
3154 2644
2496 2883
2703 2592
3148 2823
3423 2977
3073 2423
3188 2532
3562 3342
3049 2518
2547 2890
2436 2573
2520 2928
3201 2733
3330 2708
3406 2982
3264 2952
3218 2572
2646 2619
2746 2549
2581 2560
2971 2558
3247 2604
3337 2421
3458 3285
2453 1203
2961 2540
3346 3433
3323 3379
2563 2688
3485 3137
3889 2721
3388 3020
2378 989
2458 1191
3378 2338
3058 2613
3337 3044
3233 2531
2343 1232
3078 2399
2635 2654
2413 1189
2552 2932
3417 2983
2500 2567
3402 2990
2652 2563
2433 965
2406 2549
3213 2579
3847 2713
2290 1306
3286 2660
2512 1222
2578 2978
3160 2796
3367 2927
2337 2357
2442 971
2491 2524
2393 2546
2464 1147
3143 2794
2524 1137
3529 3146
3258 2570
3391 3097
3363 3392
2306 1262
2660 2710
3099 2472
3137 2671
3374 3079
2578 2974
2652 2682
3254 2707
2537 2907
2521 1170
3561 3164
3382 2944
2579 2760
2807 2545
2845 2533
2317 1239
2381 2510
3407 3417
3333 2404
3274 2485
2616 2665
2574 2705
2902 2551
2426 992
2351 2527
3243 2549
2343 1273
3175 2540
2513 1208
3499 3115
2967 2507
3289 2444
3164 2652
3377 2967
3162 2581
3187 2745
3405 2992
3896 2758
3520 3278
3541 3156
2890 2589
3374 3058
2421 1197
3306 2457
2543 1203
2675 2748
2520 2880
3419 3404
3888 2730
3134 2702
2540 2719
2472 1152
2368 1252
3534 3182
3506 3133
3200 2939
3180 2850
2409 1154
3360 2665
2598 2600
2410 2450
2524 1177
3345 2964
2633 2602
2677 2633
2575 2731
3309 3356
3162 2645
3139 2650
3371 2928
3212 2945
3312 2946
3224 2533
2385 1266
2641 2675
3171 2634
3123 2822
3402 3126
2447 962
2424 930
2630 2129
2703 2710
3322 2465
2631 2664
3356 3445
2306 1269
3231 2940
3133 2792
2414 1147
2608 2678
2275 1361
2954 2532
2365 2430
3794 2776
2699 2711
3205 2526
2419 1145
3353 2989
3213 2529
3331 2712
3423 3042
2386 990
2580 2882
2602 2844
3030 2489
3305 3360
2457 2569
3392 3120
2568 2954
3230 2918
2511 1166
3330 2943
2142 1660
2245 1367
2748 2557
2420 2556
2573 2698
2540 2726
2367 2415
3381 3073
3074 2450
2538 2919
3362 2402
2646 2678
2667 2612
3164 2846
2480 1211
3329 2935
2525 2930
3175 2700
2611 2854
2524 2563
3128 2691
3147 2689
2590 2139
2623 2792
2405 1040
2454 1059
2633 2634
3372 3076
3853 2723
3565 3332
2749 2516
2577 2586
2393 2465
3068 2417
3033 2517
2753 2513
3262 2699
3188 2723
3304 2689
3094 2528
3209 2518
3249 2919
3092 2623
3355 2669
2143 1663
2961 2502
3613 3126
3328 2726
2498 2494
3538 3204
3114 2477
2977 2571
2353 986
3235 2707
3522 3196
3243 2683
3840 2720
3389 2990
3342 2925
2523 2699
3182 2913
3061 2507
2286 1296
3400 2988
2417 1203
3231 2533
2676 2708
2694 2558
3158 2782
2472 1146
2527 2731
2868 2541
3296 2476
2495 1184
2136 1663
3122 2456
3950 2761
3431 2969
2460 1027
2971 2532
3215 2609
2569 2972
3882 2730
3313 3390
2515 2871
3230 2954
3401 2984
2532 2551
3392 3024
3289 2666
2136 1643
2440 1178
3075 2430
2273 1361
2667 2603
2527 2714
3199 2940
2591 2854
3501 3115
2636 2765
3244 2595
2469 2504
2353 976
2411 996
2700 2585
3332 2919
3387 2938
2363 1223
2618 2833
2670 2601
3256 2694
3222 2945
2504 2898
3510 3261
3051 2610
3204 2967
2790 2504
3422 3262
3334 2960
3148 2784
3187 2619
3424 3356
2307 1261
3323 2929
2552 2721
3305 2944
3426 3418
2276 1373
3186 2967
3204 2921
3507 3145
3343 3396
3353 2948
2593 2755
3137 2681
3231 2607
3512 3190
2641 2584
2894 2581
3163 2729
2497 2499
3308 2703
2605 2150
2379 2447
2438 940
3175 2539
3126 2704
2521 2679
2522 2561
2171 1622
3077 2465
3457 3287
2290 1260
2459 1040
3518 3343
2404 2442
2492 2497
3492 3093
3236 2663
3383 2936
2760 2539
3155 2647
2414 1188
2877 2554
3186 2643
2579 2597
3463 3081
2826 2520
3091 2516
3397 3099
2418 1003
3580 3320
3110 2611
2593 2913
3211 2702
3187 2854
3423 3041
2648 2609
3422 3401
2915 2494
3194 2708
3071 2526
2418 1011
3351 2641
3299 2470
3914 2740
3051 2392
3364 3054
2387 2565
2530 1195
3075 2485
2547 2571
2417 1164
3017 2486
2424 1183
3517 3310
3318 3381
2647 2691
2405 1024
2913 2565
2511 1221
2331 1242
2596 2873
3248 2597
2501 2515
3170 2723
3506 3086
2455 2569
2608 2717
3277 2467
2573 2560
2578 2734
2508 2881
2473 1146
2597 2794
3106 2636
2673 2745
3420 3023
3312 2707
3171 2520
2291 1253
2336 2379
3067 2457
2625 2846
2365 2501
2636 2129
2294 1238
2419 1167
2187 1631
2201 1459
2530 2574
2605 2849
2402 2441
3456 3345
2497 2603
2993 2484
3105 2436
2506 2951
2554 2566
2359 2529
3337 3399
2386 1142
3149 2918
2438 1083
2639 2133
2614 2705
3399 3386
3320 2404
3564 3335
3282 2635
2516 2938
2910 2572
2504 1200
2501 2924
3207 2762
3055 2601
2491 2567
3325 3376
3249 2622
3307 2706
2156 1684
2586 2749
3378 3080
3318 3377
3360 2373
2766 2553
3170 2863
3545 3341
3351 3044
2581 2938
3474 3354
3426 3027
3388 2985
2453 1054
3898 2745
2444 1077
2902 2510
3548 3202
2815 2525
3219 2629
2419 1144
3302 3395
3337 2943
2504 2906
3393 3120
2438 911
3071 2551
2584 2747
3242 2689
2545 2464
3243 2604
3194 2707
3114 2808
2607 2763
2615 2743
2348 2381
3117 2615
2238 2207
2973 2530
2579 2709
3298 2951
2642 2551
2504 2576
3545 3196
3153 2612
2552 2553
3310 3391
2663 2713
3496 3160
3020 2486
3326 2926
2394 2414
3298 2690
3344 3437
3532 3145
3253 2570
3224 2526
3363 2682
3535 3173
2703 2568
3471 3337
3397 3064
3291 2650
3527 3325
2510 2957
3460 3347
2501 2518
2669 2716
3496 3090
3521 3319
3222 2720
3384 2996
3900 2786
2704 2569
2490 2514
3217 2591
3566 3146
3152 2711
3235 2943
3252 2607
2979 2519
3113 2616
3148 2814
3471 3156
3106 2531
2394 2438
2615 2147
3334 2648
2362 1211
3261 2495
2495 2601
3390 3386
2348 1270
2593 2553
3476 3139
3428 3268
2434 907
2902 2489
2520 2688
3317 2625
3267 2691
2667 2598
2615 2740
3372 2926
2383 1138
2521 1221
2173 1636
3149 2808
3318 2943
3098 2622
3196 2750
2370 2541
2733 2586
2351 1013
3426 3029
3326 2944
2176 1624
3236 2594
2635 2651
2520 2927
3330 2426
2775 2514
3361 2663
3293 2663
3272 2670
2694 2596
2632 2694
3566 3322
2528 1195
2558 2745
2471 1152
2881 2543
3241 2625
2317 2396
3426 3360
3369 3395
2415 1195
2577 2735
2137 1658
3146 2822
2474 2508
2799 2549
3299 2618
2591 2549
3304 2614
2341 1002
2485 2505
3097 2554
2429 1203
3231 2970
2875 2537
2277 1359
3199 2522
2140 1670
2454 2569
2396 969
2819 2551
3531 3181
2511 1218
2967 2508
2334 1241
3131 2698
2670 2612
3222 2497
3564 3319
3320 2468
2635 2130
3268 2462
3191 2968
3016 2554
3108 2497
2710 2575
3318 2685
2462 1191
3921 2786
3187 2964
2501 2885
3039 2405
3321 2922
2326 1252
2928 2575
3070 2532
2436 965
2879 2541
2885 2534
2339 1274
2589 2593
2618 2605
2331 1293
2288 1323
3153 2905
3451 3278
3402 3087
2441 1080
3405 2994
3273 2948
2806 2540
3294 2626
3351 2368
2292 1248
3517 3266
2944 2594
3530 3136
3086 2593
3057 2409
2324 1272
2547 2569
2397 2448
2600 2770
3565 3340
2637 2694
2537 2736
3470 3322
3448 3276
2436 904
3291 2713
3465 3332
3173 2892
3252 2701
3948 2763
2193 1489
3527 3186
3324 2721
2364 963
3112 2552
2370 2433
3168 2744
2504 2534
2329 1292
3014 2557
3507 3314
3394 3057
2690 2564
2427 1195
2447 960
3244 2592
3005 2505
2627 2685
2356 972
2409 1029
2531 2907
3093 2447
3196 2712
3117 2453
2514 2561
2371 2539
2617 2665
2406 2444
3293 2956
3117 2802
3337 2698
3237 2708
2282 1278
3885 2718
3001 2490
3790 2778
3160 2820
1929 2387
3135 2584
2482 1223
2630 2133
2430 1056
2374 2437
2551 2732
2549 2892
3357 2899
3897 2755
3109 2611
3372 3392
3474 3290
2510 1201
3161 2745
3365 2903
3586 3318
2883 2575
3278 2704
2359 1227
2552 2968
3332 2954
2396 2465
2627 2792
3106 2539
2966 2538
3357 2659
2582 2591
3165 2851
3426 3030
2986 2522
3854 2721
2707 2554
2482 2569
3528 3342
3461 3345
2416 1179
3373 3397
2379 1259
3357 2368
2491 1191
2591 2732
3253 2576
2403 1199
3103 2431
2604 2619
3335 3387
3372 2396
3305 2714
2716 2563
2255 1361
3366 2390
3133 2696
3542 3242
3072 2404
3515 3174
3340 3386
2857 2531
3437 3379
3509 3149
2421 1187
3534 3184
3011 2500
3145 2914
2396 2540
2623 2652
3921 2769
3284 2487
2834 2525
2640 2526
2626 2851
2604 2833
2665 2713
2431 922
2381 2438
2177 1621
3349 3387
3178 2613
2570 2893
2808 2516
2314 1314
3380 3070
3250 2590
3950 2760
3082 2519
2605 2621
2524 2877
2186 1634
2596 2762
2906 2500
2364 2517
2363 993
2444 973
3421 3272
2340 2361
2969 2538
2511 2907
3118 2823
2903 2552
3477 3130
3512 3193
2624 2700
2268 1340
2675 2642
3494 3128
3176 2739
3197 2965
2606 2821
3364 2870
2316 1311
2369 2545
3328 2695
3208 2694
3035 2495
2171 1610
2679 2754
3841 2720
3303 2723
2725 2557
2628 2777
3337 2419
2332 2375
3253 2694
3109 2444
3096 2434
3535 3232
3373 2960
2195 1471
2419 2556
3266 2616
2280 1309
2801 2548
2599 2767
2590 2907
2721 2559
3338 3045
2430 967
3211 2701
3837 2720
3246 2582
3171 2785
3263 2946
3348 2927
2867 2545
3434 3277
3410 2950
3315 2738
3407 3076
3898 2737
3512 3116
3275 2701
3348 3391
2398 1164
2468 1167
3070 2420
2596 2147
2547 2728
3189 2972
2598 2700
2479 974
2414 1005
3871 2743
3402 3407
3136 2632
3259 2541
3243 2595
2387 1208
3340 2703
3209 2916
3104 2600
2301 1271
2761 2514
3326 2383
3929 2772
2563 2741
2698 2592
3366 2657
2392 2574
3161 2818
2540 2902
3244 2575
2590 2538
3907 2776
2624 2611
3404 3415
2324 1313
2679 2639
3335 3356
3311 2738
3332 3040
3547 3341
2669 2746
3921 2784
3074 2479
2812 2522
2261 1369
3338 3346
2698 2568
2387 1166
2485 2572
3395 3010
2750 2557
3462 3090
2541 2736
2518 1210
3193 2965
3372 2923
2539 2921
2507 2865
3130 2833
3549 3192
2601 2845
3832 2719
3374 3052
3181 2923
2393 2480
3322 2719
2377 2450
3534 3335
2595 2764
2392 1140
2601 2585
2640 2572
3016 2498
3346 2886
3136 2683
2513 2393
2524 2710
2468 2568
3159 2785
3205 2704
3924 2786
3387 3379
3161 2630
3416 3413
3103 2432
3240 2570
2450 952
3089 2547
3080 2473
3387 3020
3341 2646
2668 2713
3814 2795
2332 2410
2604 2587
3344 2977
3349 2918
3918 2781
3206 2534
3213 2727
3052 2445
2374 985
2492 2575
3066 2519
2427 1012
3566 3340
3009 2567
3360 2680
3490 3163
3364 2935
2800 2549
2313 2401
2873 2543
3461 3365
3105 2609
2382 2534
2590 2589
2877 2535
2480 1149
3433 3041
2424 1182
2688 2555
2763 2555
3250 2957
3248 2501
2986 2537
2595 2711
3334 3373
1934 2379
3218 2626
3194 2636
2348 980
3515 3159
2463 950
3162 2888
3420 3409
3319 3402
2437 942
3030 2478
3566 3151
2648 2114
3216 2617
2179 1467
3054 2417
3135 2837
2971 2516
3304 3359
3529 3249
2499 2581
3345 3344
3512 3309
3515 3171
3431 3404
2508 2894
2838 2535
3391 2975
2495 2470
3306 2740
3323 2728
2399 1211
3333 2930
3340 3046
3123 2801
3238 2603
3245 2515
2684 2608
3368 3423
2791 2510
2509 1167
2747 2525
2958 2574
3351 2895
3781 2796
3213 2603
2332 1281
3318 2470
2646 2547
2618 2749
3383 2929
3387 3124
3266 2692
3888 2771
3067 2534
2575 2936
2378 2449
2537 2920
3000 2528
2334 1242
2482 2488
2377 988
3275 2629
2858 2527
3331 2697
2793 2504
2354 2533
2619 2129
2613 2151
2518 2676
3214 2955
3904 2738
3423 3264
2364 966
2409 990
2409 2535
2889 2540
3064 2531
3176 2728
2512 2543
2353 1009
2980 2569
3281 2668
2685 2728
3186 2622
3282 2487
3077 2553
2541 2561
2441 963
3520 3262
3516 3191
2429 1152
3164 2738
2341 1270
3115 2800
3473 3306
3418 3403
2401 2507
2336 1230
3079 2556
2516 2707
3337 3375
3798 2818
3401 3121
3054 2605
2895 2510
2499 1196
2664 2713
2509 1207
3300 2474
3511 3162
3894 2754
2649 2620
3062 2601
3904 2735
2578 2935
3456 3293
2661 2515
3882 2704
2636 2655
2747 2557
3380 2894
2765 2523
2684 2635
2360 983
2544 2567
3143 2799
3558 3139
3495 3136
2374 2526
2543 1148
3352 2912
3336 2968
3336 3357
2384 2424
2639 2585
2322 2396
2601 2835
3259 2637
2436 959
2490 2513
2685 2556
2586 2547
2491 2478
2540 2916
2637 2571
3282 2671
2484 2504
2496 2905
3455 3369
3420 3046
2440 1065
2144 1667
3284 2636
2390 2425
2560 2935
2577 2943
2587 2589
2495 2530
3126 2799
2617 2740
3394 3384
3379 3076
2972 2564
3145 2586
2528 1189
3475 3136
3352 2394
2309 1261
3160 2867
3249 2930
3354 3445
3333 3385
3377 2896
3272 2480
2545 2499
3388 2338
3353 2957
3794 2784
3480 3322
2456 2574
3511 3149
2277 1316
3351 3424
3127 2495
2526 1199
2613 2738
3197 2918
3348 2666
3365 2664
2477 1161
3362 2871
2516 2562
2406 2453
3302 2655
2551 2730
2593 2848
2251 1343
2387 2405
3899 2738
3392 3060
3420 3404
2401 2560
2638 2539
3196 2723
3886 2732
2500 1197
3376 2657
2465 2571
3520 3345
2756 2538
2476 2519
3321 2412
3216 2666
2533 2909
2520 2696
3070 2539
3522 3281
2428 1143
2501 2590
2546 2918
2438 963
2589 2749
3360 3389
3333 2931
3000 2483
3298 2643
3402 3386
3383 2927
3063 2520
3237 2946
2554 2719
3224 2981
3311 3374
2583 2757
3499 3168
2882 2539
3443 3055
3519 3197
3560 3319
3159 2801
2543 2494
2718 2561
2134 1646
3523 3196
2604 2747
3153 2751
2999 2526
3371 2947
3795 2790
2433 1154
2431 1148
2541 2723
2373 1212
2589 2627
2643 2676
3066 2414
3272 2678
2416 1091
2895 2511
3889 2729
3564 3318
3337 2642
2503 1189
2345 1270
2614 2724
3343 3400
2372 2420
3249 2629
3354 2885
3468 3345
2331 1246
3167 2834
2543 2916
3531 3306
2879 2554
2595 2905
3455 3345
2547 2969
2550 2551
2451 2571
2174 1609
3324 2477
2532 2887
3357 2382
3288 2621
2603 2599
2295 1238
3023 2508
2895 2541
3161 2869
2361 1004
2515 1226
2535 1142
2520 2875
2655 2704
3070 2550
3880 2726
2418 1094
3472 3322
3241 2698
2763 2527
2689 2593
2597 2730
3553 3220
2594 2902
3343 3035
2465 1060
3188 2973
3206 2645
2618 2835
2550 1207
3392 3082
2607 2765
3470 3335
2374 2508
3056 2446
2421 1013
2923 2571
3350 3398
3460 3077
2400 2534
3255 2521
3218 2664
2606 2721
3182 2515
2622 2806
2367 946
3279 2665
2538 2736
3250 2629
3235 2562
2398 1143
2343 1240
3165 2826
3362 2912
2461 1021
3251 2523
2998 2524
2625 2149
3064 2499
3401 3099
2290 1239
3353 2396
3193 2623
3472 3161
3079 2472
2442 970
2999 2488
3420 3411
3065 2452
2735 2553
3151 2782
2538 2918
2421 1073
3280 2491
2545 2462
2386 1266
3251 2691
2314 1249
2632 2770
2364 1260
1925 2365
2627 2652
2671 2746
3385 3067
3368 3424
3041 2525
3216 2957
2396 1207
3444 3354
2324 1308
3539 3206
2656 2704
3479 3091
3251 2931
3326 3367
3067 2429
3811 2779
2749 2519
3491 3292
2537 1146
3100 2536
2964 2496
3372 3054
3179 2849
3420 3400
2382 1212
3138 2687
2350 984
3103 2436
3330 2471
3517 3167
3296 2945
3062 2409
3441 3054
2597 2577
3881 2713
2338 2362
2567 2971
3357 2883
2539 2738
2291 1249
3178 2697
2585 2993
3434 3041
2947 2586
3232 2527
2968 2507
3571 3159
2148 1624
3285 2645
2515 1219
2512 1225
3552 3221
2540 1200
2403 1209
2654 2679
2284 1276
3066 2430
3219 2728
3389 3085
3405 2953
2341 2379
2427 2563
2492 2913
2503 1191
2894 2561
3176 2524
2520 1158
2292 1277
3487 3282
2468 1165
3320 3397
2490 2487
3336 2413
2673 2713
2467 1057
3528 3275
3221 2504
3361 3386
2272 1324
2648 2622
2405 1044
3290 2952
2263 1357
3571 3161
3425 3268
3327 2939
2302 1326
2697 2566
3273 2618
3384 2340
2667 2602
2964 2575
3799 2818
3377 3069
2550 2922
3389 3379
3426 2978
2363 1234
3489 3305
2561 2727
3535 3205
3167 2846
3376 3421
2662 2509
2415 2549
3144 2819
3248 2706
2588 2593
2540 2732
2579 2588
2667 2726
2914 2572
3192 2697
2573 2962
2407 2449
2816 2556
3858 2707
3136 2828
3289 2712
2514 2553
2910 2492
3316 3376
2995 2482
2654 2625
2522 2876
3126 2814
3393 3390
2497 2602
2519 2722
3871 2717
3343 2919
2494 2916
3193 2860
2365 2546
3504 3126
2513 2570
2417 981
2407 2560
2609 2624
3263 2944
2410 2559
2747 2523
2578 2599
2488 2473
3509 3310
3174 2544
2393 1164
2679 2743
2876 2538
2382 2509
3580 3298
3309 2940
3514 3162
3176 2536
3450 3054
2424 1009
3004 2467
3503 3164
2711 2575
3287 2659
3902 2769
3432 2981
2617 2704
2859 2538
2626 2144
2388 1167
3131 2674
2645 2605
3422 3394
3083 2535
3241 2573
2992 2485
2569 2752
3331 2695
2183 1636
3147 2801
3314 2916
3350 2633
3331 2474
2549 2936
2376 2429
2161 1533
2674 2748
2641 2798
3125 2557
3000 2471
3376 3040
3527 3273
3143 2796
2624 2670
3143 2797
2513 1171
3368 2905
3319 2688
3358 2426
3457 3360
3354 2898
3362 3388
3390 3093
2483 1185
2272 1316
3192 2861
3536 3230
3357 2902
3567 3152
3389 3009
3894 2723
2367 2405
3251 2590
2305 1306
3535 3144
3936 2768
2585 2756
3378 2960
3205 2738
3360 3428
2593 2699
3469 3099
3473 3336
3127 2624
3166 2601
2990 2519
3170 2907
3393 3113
3546 3145
3201 2522
3196 2695
3322 2716
3894 2771
3523 3192
2620 2808
2966 2494
2543 2903
2551 2892
2684 2605
3567 3321
2965 2568
2970 2563
2427 1187
3508 3206
3057 2445
2621 2695
2400 2511
3079 2528
3366 3389
3215 2728
3191 2734
2402 1211
3473 3165
3246 2924
2833 2524
3335 3043
2813 2553
3390 2906
3557 3325
3118 2631
3436 3413
2705 2559
2682 2730
3407 2970
3382 3396
3085 2621
3530 3332
3121 2803
3330 2935
2893 2505
3474 3101
3551 3189
3017 2572
2435 1049
3097 2446
3292 2622
2611 2629
3380 2342
3462 3094
3236 2929
2354 1010
3201 2738
2879 2549
3322 2686
3479 3128
3343 2647
3353 2380
3365 2923
2619 2820
3327 2923
3036 2521
3179 2596
2622 2648
2551 2929
3114 2628
2402 1042
2884 2575
2394 957
3087 2600
2395 2572
2424 1152
3548 3188
3485 3306
2352 1266
2474 1161
3388 3394
2501 2928
3952 2767
3320 2919
3174 2785
2447 963
2540 2491
3205 2643
3918 2779
2365 1211
2420 966
2491 2590
2909 2553
2448 1209
2370 2431
3168 2601
2634 2668
2535 2555
3259 2466
2370 993
3431 2970
3117 2800
3065 2615
2436 938
2426 2564
3169 2723
2537 2922
3057 2599
2485 1171
2871 2567
2367 955
2623 2826
2642 2565
3906 2725
3212 2981
2192 1491
2516 2557
2917 2578
2413 1147
2584 2697
2595 2864
3894 2731
2472 1169
3215 2981
3077 2462
3500 3294
3338 2946
2635 2762
2728 2556
3456 3078
2423 1176
3306 3360
3161 2821
2494 2511
3014 2562
3293 3386
2426 1044
3388 3077
2358 1226
3147 2821
2373 2544
3100 2529
2540 1204
3302 2469
3021 2481
3388 3059
2654 2119
2484 2487
3257 2959
2574 2754
2411 1106
2596 2898
2880 2535
3294 2960
3494 3132
3191 2601
3259 2634
2607 2748
2333 1280
3406 2964
3375 2669
2495 2903
3536 3159
2250 1337
2332 2407
3027 2487
2598 2556
3440 3102
3518 3270
3301 3390
2607 2904
2407 1028
3250 2917
2901 2494
3461 3364
3336 2426
3455 3367
2579 2713
3363 2889
2364 1003
2400 2533
3371 3421
3445 3348
3202 2760
2641 2583
3316 3403
3834 2730
3068 2418
2593 2141
3535 3335
2622 2691
2396 2569
3370 2874
2360 1241
2466 1037
3238 2552
3789 2794
3271 2668
3545 3203
3229 2625
3396 3388
3339 2983
3356 2881
3173 2700
3529 3339
3185 2710
2396 2507
2383 2455
3343 3046
2815 2553
3084 2417
3230 2698
2493 2467
3263 2953
2393 1037
2673 2722
3333 2698
2551 2566
3214 2719
3350 2964
3549 3189
3281 2491
3084 2442
2894 2511
3233 2603
3095 2518
3302 3375
3489 3306
2967 2534
2397 1156
2318 2403
2613 2843
2569 2958
3847 2720
2673 2620
3072 2431
2274 1373
2616 2605
3181 2702
3219 2578
2545 2727
3206 2518
2611 2839
3391 3385
2168 1645
2621 2822
2529 2953
2299 1241
3396 3096
2975 2535
2138 1659
2253 1334
3456 3287
3489 3312
2727 2556
3912 2739
3187 2848
2168 1555
2561 2740
3228 2597
2748 2558
2390 2472
2446 967
3428 2956
2190 1638
3256 2498
2573 2692
3232 2606
2609 2764
3921 2785
3204 2692
2280 1281
2574 2962
3243 2958
3365 2999
2432 1050
2387 949
2515 1224
3233 2604
2511 2864
3305 2722
2322 1270
3133 2682
2379 2446
2509 1165
2512 2566
3462 3321
3229 2947
2381 2502
3095 2463
3252 2706
2623 2842
3403 2979
3528 3308
3198 2703
3089 2444
3376 2662
3075 2532
2196 1480
2368 2397
3182 2695
2468 955
3372 3025
3341 3417
2483 2471
2361 2535
2358 988
3340 3048
2625 2637
2362 1218
3525 3179
3330 2954
3078 2579
2643 2522
3495 3179
2763 2517
3259 2696
3213 2512
2626 2674
2834 2537
2285 1245
2964 2547
2525 1137
2790 2530
3124 2802
3110 2613
2331 2411
3553 3219
3459 3322
3484 3282
2653 2699
2469 1031
2612 2708
2877 2575
3107 2540
2368 2432
3259 2926
2320 2393
3140 2852
3067 2523
3391 2906
3162 2685
2333 2380
2467 1156
3215 2526
3308 2918
2459 2580
2425 1174
3285 2951
3077 2580
3543 3203
3290 2665
2377 2535
3192 2518
2534 2885
2534 2939
2432 1082
2639 2672
3258 2695
3863 2705
3063 2442
3285 2477
2139 1649
3171 2657
3356 2902
3254 2546
2614 2614
2791 2528
3388 3404
3472 3336
2679 2752
3083 2527
2408 2447
2569 2948
2910 2501
2520 2877
2377 980
3017 2490
3427 3365
3409 3423
2467 2572
3207 2689
2458 1194
3230 2724
3849 2721
2651 2683
2168 1564
3196 2718
3408 3063
3547 3144
3024 2481
3192 2917
3353 2375
2343 2362
3240 2518
3549 3201
3215 2591
2345 1229
2966 2551
2365 996
3087 2589
3233 2612
2434 968
3467 3301
3428 3398
2496 2606
3274 2623
3373 3049
3424 3034
3353 2374
3897 2757
3138 2793
3258 2564
3346 3387
3561 3157
3369 3386
2397 1168
2969 2531
3895 2722
3159 2708
2623 2141
2465 1026
3299 2644
3280 2707
2511 1229
2570 2559
3567 3320
2363 2492
2418 1195
3553 3144
3226 2598
3205 2920
3108 2559
3483 3283
3286 2945
3376 3076
2331 1238
3189 2614
1929 2385
3892 2744
2605 2862
3216 2616
3223 2502
2722 2558
2429 1207
2709 2584
2673 2734
2398 1163
2540 2736
3179 2498
3076 2404
3332 3368
3470 3157
3181 2700
3333 2692
2958 2579
3894 2719
2578 2597
3169 2516
2353 972
3172 2739
3415 3267
3873 2744
2596 2152
3352 2976
3365 2908
3340 3382
3248 2916
2575 2763
3116 2576
3142 2791
2484 2508
3071 2457
2579 2585
3454 3345
3245 2927
2474 1031
3225 2500
2386 2421
3217 2580
2612 2707
3171 2645
2626 2850
3081 2513
2898 2509
3102 2429
2590 2760
2146 1666
3351 2987
3193 2712
3347 3448
3221 2525
2632 2659
3328 2385
2414 1010
3408 2973
3563 3349
3225 2620
2394 1142
3237 2926
2620 2704
2594 2587
2380 1203
2846 2534
3475 3102
2487 2502
2589 2856
3223 2732
2459 1059
3263 2952
3245 2551
3414 3402
2643 2700
3330 2924
3467 3133
2532 2558
2902 2567
2395 2412
3451 3061
2341 997
3156 2646
3127 2627
2132 1662
3894 2774
2997 2476
2403 1198
2497 2903
3021 2536
3230 2531
2257 1328
3565 3341
3512 3292
3474 3165
3055 2604
2440 1061
2648 2589
2484 2567
2348 2410
3158 2641
2422 978
3298 2953
2422 1068
3369 3396
2365 2551
3893 2762
3167 2887
3813 2790
2416 1005
2672 2501
3367 2883
2798 2520
2600 2694
3181 2639
3382 2895
3363 2923
3054 2408
3342 2958
3108 2634
3189 2974
3078 2555
2482 1188
3494 3134
2545 2549
2174 1625
3227 2653
2735 2540
3336 2948
2341 2357
3103 2597
3204 2674
2174 1622
3100 2436
3456 3087
3025 2465
3474 3285
3464 3356
2512 2490
2654 2711
3330 2642
3173 2599
2414 2548
3465 3358
3073 2451
3262 2616
2325 1235
2761 2528
3292 2712
3223 2713
3316 2944
3289 2623
3296 2656
2683 2589
3136 2847
2328 2384
3007 2490
2678 2637
3239 2689
3083 2502
3925 2759
2414 960
2260 1347
3526 3190
2484 1206
2737 2558
3511 3122
2578 2702
3313 2437
2427 1170
2491 2469
2530 2931
3116 2555
2421 965
2580 2903
2544 2479
3352 2888
2582 2585
3467 3134
3510 3160
3923 2763
3462 3324
2891 2520
3338 3381
2617 2637
2362 1222
2499 2909
2172 1465
3116 2475
3460 3090
2542 1208
3366 2881
3548 3339
2861 2528
3168 2712
2507 2866
2685 2584
3530 3321
3371 3054
2348 1001
2546 1213
2332 2373
2407 1024
3459 3093
2516 1232
3201 2922
2892 2584
2982 2521
3880 2711
2428 978
3157 2865
2537 2885
2293 1246
3435 3409
2591 2550
3049 2516
3366 2878
2577 2707
2634 2663
2170 1463
3354 2385
3205 2757
3246 2584
2376 2545
3804 2784
3334 2470
2440 1060
2403 2537
2571 2953
2364 1215
3520 3308
2624 2810
3080 2506
2404 1211
2429 1058
3540 3341
3148 2783
3243 2510
3228 2704
3869 2748
3341 3363
2597 2866
2471 951
2900 2551
3479 3140
3016 2544
2291 1256
2338 1229
2588 2535
2696 2559
3119 2575
2314 1246
2668 2725
3360 2884
3171 2857
3252 2509
3439 3352
3429 3403
3953 2756
3288 2713
2553 2743
2525 2928
3545 3193
3059 2620
3463 3306
2312 1323
2460 1047
3141 2789
3190 2612
3281 2633
3453 3373
3519 3316
2358 1014
3160 2698
2959 2534
3182 2920
3078 2470
3340 2963
3379 2889
3518 3185
3360 3435
3422 3395
3335 3020
2362 964
2423 973
3075 2524
3155 2687
3120 2558
3114 2554
3381 3035
3331 3040
2408 2550
2543 2896
3201 2935
3323 2418
2816 2554
3378 3092
3194 2518
2374 2484
3532 3182
2844 2531
3474 3343
3237 2924
3500 3285
2579 2688
2317 1254
3061 2415
2578 2761
3486 3094
2576 2553
2513 1229
3134 2698
2596 2716
2380 1255
3369 2876
3449 3348
2618 2665
2548 2550
3306 2462
3393 3072
3214 2508
3286 2478
2511 1181
3355 3044
2482 2489
2441 1205
3322 2406
2497 2911
3897 2750
2540 1201
3106 2608
2644 2561
3330 2701
2603 2578
3332 2928
3494 3187
3363 2394
2278 1242
2612 2625
2615 2739
2410 1027
3501 3168
2389 2461
2655 2565
2428 1191
2840 2516
2905 2508
3216 2526
2500 2916
2379 2506
3221 2520
2437 2578
3400 3073
2295 1236
3258 2565
2925 2574
1933 2381
3226 2561
3364 2338
3246 2929
3359 2883
2624 2778
3356 2911
3341 2985
2665 2515
2638 2542
2558 2973
2502 2868
3537 3226
2338 2378
3169 2784
2422 1002
2647 2548
2654 2700
3216 2727
3441 3055
3172 2874
2356 1257
3096 2442
2534 2909
3394 3392
2826 2535
3379 3042
2385 2550
3016 2558
3909 2778
2291 1237
2483 1214
2594 2561
3168 2864
2643 2703
3170 2656
3508 3117
2449 1067
2352 1242
3245 2594
2439 938
3317 2415
3252 2692
3203 2738
2953 2574
2609 2619
2432 1074
2585 2617
2600 2781
3835 2720
2549 2731
2152 1682
3339 3408
3369 2390
2455 1211
3947 2761
2527 1186
2432 936
2431 927
3503 3143
2628 2693
3327 2392
3210 2947
2481 2469
2719 2545
3118 2817
2971 2517
2997 2479
3306 2709
2206 1466
2375 1258
2510 2937
2416 1090
3516 3194
3221 2713
3184 2607
2471 1169
2421 966
3081 2582
3532 3200
2369 2524
2412 2548
3349 2356
2360 1221
2888 2539
3110 2563
3381 2894
3311 2740
3374 3028
2898 2562
3342 3350
2423 2572
2423 1014
2866 2541
3163 2905
2413 993
2344 998
3165 2723
3450 3278
3585 3316
2602 2852
2470 1058
3260 2570
3106 2629
2418 1165
2555 2888
2965 2495
3344 3438
3899 2739
3945 2761
2393 2574
3565 3148
2552 2738
3502 3163
2315 1321
3261 2545
2637 2792
3202 2922
2427 1174
3100 2562
2543 2899
3333 3360
2544 2726
3296 2439
2638 2671
3324 2728
2596 2901
3195 2725
2408 1134
2487 2504
3308 2729
2985 2540
2543 2483
3175 2854
2483 1208
2683 2719
2616 2723
3378 2967
3590 3303
2410 1052
3386 2937
2405 1198
2887 2570
3302 2467
3380 2908
3321 2411
2615 2149
3369 3061
3167 2601
3470 3141
3387 3080
3374 2350
3293 2628
3295 2657
2487 2473
3307 2640
2468 2569
2648 2623
2946 2584
2459 1228
2254 1355
2599 2747
3361 3424
3213 2655
3475 3113
2656 2710
2605 2732
3004 2521
2649 2692
3076 2471
2349 1233
2597 2712
2630 2815
2843 2522
2460 974
3307 2699
2343 2378
3424 3382
3383 3034
3226 2626
3529 3190
2382 2533
2549 2930
3485 3138
2529 2574
3528 3130
2575 2981
2621 2816
3180 2646
3049 2405
3241 2965
2511 1169
2436 916
3393 3087
2974 2512
2673 2602
2541 2569
2145 1667
3376 2959
2471 2507
2950 2571
2390 2483
2602 2602
3168 2846
3368 2900
3369 3046
3401 2979
3326 2722
3525 3182
3375 2675
2360 1009
3431 3271
2509 2510
3278 2475
3110 2574
2675 2497
3019 2451
3306 2690
2643 2113
3191 2736
2531 2722
2487 1224
2390 2564
3185 2962
2801 2550
2600 2711
3361 2933
2395 2451
3153 2778
3202 2648
2794 2529
2606 2774
2537 1199
3250 2583
2578 2560
2388 961
3190 2721
3453 3278
2613 2708
2380 2512
2529 1195
3517 3123
3443 3099
2894 2583
2963 2500
3196 2629
3372 2400
2573 2709
3243 2679
3224 2710
2897 2553
3518 3203
2633 2772
3882 2722
2887 2571
3926 2778
2352 993
2412 1020
2829 2545
3383 3076
3226 2651
2744 2531
3344 2974
3395 3070
2439 1209
3360 3050
2994 2516
3404 2962
3527 3152
2626 2844
3351 2917
2361 1243
3482 3190
3457 3095
2882 2554
2608 2847
2647 2674
3112 2481
3504 3287
3304 3387
3329 3372
2527 2884
3198 2922
2417 1020
2468 2570
2638 2698
3127 2701
3185 2943
3058 2615
3513 3279
3486 3290
3006 2453
3271 2698
2513 2875
2308 1267
3393 3021
3204 2969
2588 2536
3551 3336
2188 1470
3386 3015
3175 2909
2767 2553
2415 2457
3191 2915
3344 2639
2639 2595
3429 3404
2500 2885
3413 2974
3363 2665
3090 2536
2446 932
3100 2558
3389 3410
2395 1040
2648 2519
3530 3187
3521 3274
2249 1338
3366 2672
3546 3195
3012 2453
2623 2796
2267 1360
2572 2704
2516 2553
3390 3005
3485 3165
3159 2746
3178 2918
3241 2624
3859 2707
2356 969
2360 954
3486 3179
3011 2501
3118 2822
2277 1327
3545 3208
2760 2543
2620 2802
2168 1630
3118 2477
2940 2571
2451 1205
2731 2563
2427 1169
3028 2485
3321 2730
3318 2415
2676 2499
3325 2399
2610 2712
3385 2923
2954 2575
2603 2705
3920 2777
2942 2582
3522 3189
2978 2538
3297 2478
2842 2527
3352 3424
3502 3197
2827 2537
3352 2886
2683 2601
2897 2508
2618 2705
2455 1210
2651 2530
3125 2711
2404 2445
3471 3335
3395 3076
2648 2529
3232 2661
3429 3353
3463 3078
2733 2548
2389 1036
3300 2669
2252 1354
2384 1259
2577 2556
3345 3425
2515 2889
2564 2565
2446 977
3169 2605
2390 1039
2525 2715
3433 2976
3510 3114
3217 2988
2743 2526
3376 3419
2142 1630
3305 2718
2447 1205
3403 2961
2140 1632
3142 2605
2772 2516
2469 1144
3150 2687
3169 2738
2619 2658
3477 3131
3337 2962
3322 2945
2909 2554
2533 2950
3519 3207
3511 3144
3174 2641
2623 2807
2802 2551
3303 3375
2622 2823
3210 2599
3900 2714
3954 2756
3365 2936
3227 2947
3221 2728
3147 2780
2333 2378
3105 2624
3324 2478
2599 2724
2376 2526
3898 2716
3306 2653
3250 2585
3950 2756
3168 2867
3178 2702
3183 2837
2393 2547
3194 2922
2333 2403
2133 1663
2616 2612
2532 2908
3322 2419
3322 2467
2558 2981
3306 3404
2170 1455
3123 2559
2409 2552
3477 3140
3343 3418
3490 3182
2459 1190
2313 1247
3389 3008
2261 1343
3523 3346
3365 2411
3421 3404
2465 1058
2684 2740
2318 1254
3489 3138
2414 1003
3498 3159
3327 2421
3210 2971
2575 2948
3552 3142
2832 2535
2412 1194
2562 2935
3243 2515
3810 2788
2602 2830
2359 2501
2700 2564
2512 2573
2893 2565
3004 2504
3301 2725
2336 2380
2605 2623
2517 2923
2396 2506
3550 3337
2457 1014
2569 2976
3098 2536
2421 980
3167 2635
2632 2130
2688 2590
2562 2563
3263 2528
3171 2778
2399 1203
2644 2691
2428 2579
3016 2488
3384 3014
2547 2738
3494 3287
3369 3075
3536 3220
3173 2724
3127 2716
3104 2542
3091 2449
2683 2718
3149 2586
2649 2565
3381 3090
3801 2792
2710 2584
3349 2910
3341 3381
3213 2580
2568 2688
3505 3140
3283 2473
3065 2600
3067 2561
2397 1167
3007 2457
2170 1458
2603 2699
3148 2613
3051 2599
2970 2562
3225 2591
2322 2404
3457 3345
2325 2388
3480 3119
2399 952
3417 3039
3474 3116
2609 2623
3265 2947
2905 2507
2504 1201
3390 3124
2951 2578
3560 3343
2342 2406
3021 2487
2585 2622
3004 2566
2594 2892
3226 2539
2431 1050
3345 3036
3898 2731
2539 2732
2713 2581
2607 2756
3088 2536
2431 1175
3476 3125
3234 2942
3379 2898
3071 2522
3080 2459
2629 2681
2172 1634
3257 2699
2476 1170
2530 1186
3468 3357
2384 987
3358 2998
3205 2697
2376 1257
3129 2627
2501 2582
2414 959
2498 2469
2991 2519
2508 2882
2540 1203
3533 3145
3201 2756
2350 2530
3116 2805
3893 2764
3447 3082
2388 1145
3365 2869
2423 1179
2609 2789
2594 2754
2271 1318
3091 2515
2510 2547
2579 2897
2399 992
2926 2571
2332 2382
3838 2729
2539 2728
2624 2826
2603 2598
3498 3290
2598 2560
2480 975
3395 3087
3362 2678
2471 2578
3177 2699
3171 2743
2890 2544
2386 1146
2394 964
3373 3419
2520 1222
3549 3144
3299 2625
3185 2963
3390 3023
3230 2624
3382 3081
2648 2687
2711 2570
3389 2909
3375 3079
2738 2525
3169 2882
3298 2640
3924 2767
2483 2569
2594 2893
2600 2621
2630 2618
2368 2486
3529 3142
2472 954
3399 2986
2593 2730
3404 2979
3451 3077
2587 2883
3333 2638
3420 3061
3899 2718
2319 1264
2299 1302
2171 1630
2375 2452
3116 2814
2576 2946
3335 2651
3026 2516
2352 2367
2852 2528
3211 2759
2639 2131
3080 2481
3508 3286
2354 1246
3355 2662
3412 2967
3241 2603
3249 2517
3047 2405
3844 2722
2619 2702
3512 3123
3346 3431
2650 2566
3221 2991
2361 952
3248 2666
3321 2692
3259 2956
3182 2617
2414 2442
3548 3191
2569 2953
2728 2562
3380 2997
2580 2696
3300 2667
3374 3042
2437 938
2249 1334
3307 2745
3390 2978
2596 2577
3213 2695
2321 1270
2517 2889
2329 1288
3109 2438
3341 3036
3079 2480
3241 2667
2985 2520
2642 2572
3554 3220
2794 2526
2645 2798
2562 2889
3518 3293
3146 2606
2801 2535
3473 3125
3401 2966
2501 1192
3236 2527
2828 2530
3172 2659
3213 2510
2456 1014
2582 2865
3300 2654
3453 3342
2346 2385
2911 2495
2716 2573
2682 2598
3450 3350
3002 2462
3414 2975
2846 2530
3017 2478
3294 2650
3163 2703
2498 2538
3275 2471
3340 2701
2522 2691
3127 2623
2366 2404
3137 2620
3180 2657
3433 3421
2583 2946
2674 2639
2368 2516
2513 1179
3221 2617
2360 949
2640 2808
2427 2564
2480 972
3204 2930
2593 2760
2385 1139
2764 2519
3308 2643
3238 2545
3193 2607
3375 2397
3122 2564
3192 2722
2700 2574
3084 2512
2292 1301
3026 2477
2599 2732
2571 2686
2912 2501
3363 3423
3431 2976
3008 2557
2596 2842
3884 2767
3139 2582
2344 2405
3323 2721
2570 2949
2488 1224
3386 2938
3355 2959
2262 1366
3272 2669
2427 943
3323 2621
2607 2790
2513 2902
2650 2616
3794 2805
2583 2529
2517 2873
2413 2453
3246 2545
2366 960
3496 3286
2396 2538
3368 2417
3352 2905
3339 3346
2144 1674
3285 2632
3909 2745
3064 2443
3061 2446
2427 982
2600 2743
3477 3139
2576 2703
2840 2517
3118 2478
2635 2662
3373 2403
2581 2928
3357 2660
3507 3160
3184 2945
2493 2528
2878 2545
3083 2399
2624 2678
2181 1467
2336 1227
2605 2856
3110 2558
3380 3096
3326 2716
3524 3162
2697 2557
2159 1573
2375 2487
3095 2480
2552 2921
3401 2964
2182 1468
3250 2702
3554 3326
2366 992
2527 2561
3408 3078
3889 2770
2514 2572
3301 2661
2398 1131
3235 2661
3435 3092
3466 3095
3157 2802
3102 2601
2173 1461
3372 3061
3157 2581
3539 3237
3316 2712
3492 3140
2526 1141
3247 2599
2581 2620
2755 2527
3077 2524
3328 3352
2513 2893
2605 2590
2515 2931
2431 2577
3794 2775
2487 2515
3424 3407
3290 2444
3031 2481
3517 3296
2660 2564
3266 2468
3342 2889
3537 3339
3530 3255
2609 2621
3163 2763
3246 2599
2624 2674
2910 2561
3335 3403
2562 2930
2389 2506
3267 2612
2642 2797
2584 2946
3391 3021
3471 3299
3252 2544
2525 2561
3270 2689
2485 2507
3283 2660
3332 2723
3122 2465
3319 2737
2472 2511
3346 2884
3250 2620
3090 2600
3923 2783
3074 2480
3016 2462
2492 2591
3179 2695
3138 2791
3528 3341
2583 2616
2683 2739
2606 2626
2473 2578
2494 2602
3233 2605
3176 2523
2624 2634
3303 2640
3559 3222
3102 2433
2597 2756
3220 2664
3311 3384
3515 3317
3310 2457
3314 3380
2424 1149
3335 3023
3254 2956
2495 2568
2455 1240
3263 2698
2631 2814
3536 3177
2763 2518
3528 3277
2524 1149
3332 2401
2644 2711
3000 2488
2759 2514
2506 2950
2366 2540
3357 2374
3201 2737
3308 2468
1930 2376
3800 2792
2133 1626
3888 2765
3240 2933
2147 1674
3305 2691
3170 2881
3213 2656
3337 2649
3453 3279
3203 2760
2548 2921
3373 3424
2561 2569
3067 2421
2383 1139
2419 1192
2424 1169
3303 3367
3430 3414
3197 2966
3518 3265
3267 2614
3464 3108
3399 3073
3349 2949
3482 3167
3105 2601
3191 2942
2428 972
2192 1466
2336 2400
3894 2718
3234 2541
3163 2639
3235 2598
3209 2915
2270 1353
3557 3138
3095 2541
2797 2526
3342 3391
3333 2966
3262 2562
2389 1146
2537 2921
3053 2601
3445 3105
2140 1659
3391 2998
3308 2706
3171 2603
2336 1228
3807 2806
2174 1629
3140 2589
3421 3268
3204 2736
3287 2629
3169 2651
2441 1081
3419 3265
3336 2966
2537 2488
3125 2799
2637 2670
3429 3354
2407 2548
2591 2546
3372 2397
2764 2528
2955 2575
2407 1156
2898 2556
3500 3163
2374 2432
2451 942
2509 2511
3269 2462
3387 2998
3141 2842
3215 2727
2399 1167
3303 2750
3149 2644
3283 2944
2597 2719
3070 2578
3391 3020
2466 2575
2664 2712
2392 2462
3453 3341
2416 989
2386 1209
3276 2717
3119 2577
2430 1054
3172 2710
2544 2907
2598 2617
3201 2930
2272 1335
2365 2404
2333 1253
2609 2761
3061 2602
3191 2854
2428 1187
3058 2392
3136 2689
3252 2688
3477 3127
3119 2479
2511 2866
3210 2758
3147 2641
3025 2479
2391 2531
3471 3339
3369 2407
2409 991
3520 3258
2251 1354
2448 962
3354 2994
3072 2406
3165 2848
2754 2527
2377 1199
2361 2493
2608 2842
3494 3135
2607 2753
3223 2733
2345 2402
2392 2467
2984 2516
3365 2652
2414 1123
2513 2568
2630 2692
3018 2485
3309 2701
3353 2649
3025 2473
2888 2511
3429 2977
2434 1081
3239 2710
3313 3384
2891 2579
2986 2540
2611 2681
2628 2684
3239 2545
3244 2689
3001 2523
2317 2393
2886 2573
3367 2928
3390 3025
3899 2714
3159 2623
3300 2671
3531 3255
3251 2517
3893 2776
2594 2575
2681 2755
2372 2528
3149 2860
3224 2617
3371 3387
3362 3389
2451 959
2648 2577
2541 2493
2382 2434
2347 2389
2627 2638
2548 2891
3089 2615
2336 2398
3078 2534
2593 2736
2432 916
2839 2532
3370 3046
2329 1291
2556 2550
2271 1321
2571 2710
3372 3401
3230 2960
3222 2732
2578 2600
2374 1257
2168 1435
2630 2810
3438 3379
3336 3044
2558 2922
2378 1256
2454 1060
2952 2579
2477 1172
3390 3021
3024 2479
2335 2405
2570 2753
2329 1236
3203 2970
3434 3419
2624 2808
2957 2581
2704 2583
3101 2620
3338 2988
2686 2740
3078 2557
2523 2698
2702 2593
2396 954
3532 3238
3297 2477
3398 3398
2689 2564
3336 2723
2455 1208
3406 3389
3918 2780
2597 2603
3225 2979
2491 2477
2583 2863
3145 2795
3108 2593
2572 2555
2703 2559
3455 3085
2418 1149
2437 940
2717 2563
2965 2569
2395 993
2411 1105
3566 3341
3480 3321
3348 2973
2639 2676
3056 2622
3365 3057
3370 3059
2707 2571
3225 2968
3224 2660
2889 2541
3258 2545
2651 2116
3477 3134
2514 2551
2368 992
3428 3026
2533 2567
2375 2486
2600 2622
3488 3319
3170 2520
2392 946
2685 2549
2584 2969
3300 2655
3082 2518
3261 2467
3007 2464
2570 2693
2691 2746
3511 3308
2824 2521
3250 2695
2383 1137
3499 3152
2542 2498
2416 981
2691 2753
2607 2142
2373 2542
2327 1283
3380 2979
2589 2892
2758 2555
2624 2130
2358 983
2376 1204
3319 2685
3318 3398
2441 2575
3119 2818
2549 2747
2510 2544
3287 2660
3845 2723
2528 2574
2387 1045
2945 2582
3012 2501
2500 2591
2970 2535
2452 1048
2464 1220
3352 2898
3378 2892
3017 2557
2575 2741
3053 2403
3313 3404
3340 2387
2345 1239
2326 1283
2170 1636
3352 2945
2903 2492
2579 2887
3158 2801
2610 2152
3402 2993
2342 1232
2989 2522
3299 2623
2152 1679
2582 2603
3332 2952
3179 2724
3472 3156
2588 2883
3387 3082
1928 2374
3064 2599
3380 2905
3303 2455
3530 3133
3573 3305
2633 2812
3373 3039
2570 2978
3117 2447
2613 2575
2426 1173
2463 1028
3517 3314
2473 1164
2355 1260
2542 2900
2527 2875
3207 2735
2974 2524
2469 1147
3293 3387
3357 2662
3308 2440
3075 2417
3337 2923
3210 2528
3523 3303
3384 3029
2364 2544
3153 2712
3088 2443
2622 2699
2158 1569
3329 2727
3198 2689
3199 2520
3512 3197
2595 2699
2677 2620
2555 2743
3267 2660
2400 989
2764 2549
3193 2949
2508 2469
3344 2942
2842 2528
2434 1154
2640 2141
3233 2550
2638 2699
3451 3342
2385 2432
3034 2453
3340 3412
2424 1181
2143 1677
3500 3111
3234 2596
2273 1332
2548 2569
3358 2898
3068 2585
3437 3346
3261 2694
2329 1268
2798 2518
2565 2931
3199 2527
2380 2434
3527 3151
2538 2478
2334 1268
2389 2411
3070 2507
2133 1662
2438 2578
2577 2936
3418 3041
2339 1273
2748 2556
3514 3158
2792 2504
3197 2634
3237 2958
3292 2625
2313 2403
2435 1211
3316 3406
3289 2951
3171 2710
3328 2632
2612 2634
2514 2897
3099 2530
2417 1103
2606 2582
2429 1205
2589 2140
3490 3135
3539 3151
2685 2607
3528 3255
2905 2565
2916 2577
3015 2572
3163 2897
2315 1254
3212 2602
3396 2990
3550 3199
2414 2444
2635 2652
2457 1191
2647 2550
2573 2713
2455 976
3270 2614
2461 2581
2434 2555
3368 3045
3273 2460
3331 2417
3167 2654
3375 2395
2602 2719
2577 2698
2606 2905
3172 2700
3391 3107
2649 2577
3395 3109
2830 2520
3300 2725
2378 2506
3225 2918
2563 2727
3020 2539
2800 2515
2442 1084
2369 1259
2260 1360
3202 2649
2789 2508
3342 2643
3524 3306
3411 3417
2642 2714
2535 2913
3327 2729
3062 2437
3369 3385
2944 2582
3387 3042
3249 2557
2892 2503
3227 2976
3071 2569
2578 2684
3332 2713
2375 2414
2577 2895
3812 2797
3173 2600
3178 2912
3480 3281
2683 2584
2445 930
3100 2478
3179 2917
2301 1305
2397 2414
3024 2456
2438 1045
3221 2981
3285 2484
2526 2930
3486 3096
2965 2542
3372 2874
2430 2563
2971 2522
2291 1257
2428 1201
2313 2400
2350 2401
2413 1105
3322 2435
2648 2708
2432 1053
3517 3343
3343 3348
3444 3106
3202 2970
2390 2450
3010 2489
3388 2935
3188 2527
2673 2721
3308 3365
2389 961
3447 3375
2523 2953
2500 2519
2548 2971
3183 2603
3387 3077
3254 2556
3398 3095
2294 1361
2718 2579
2463 1213
3382 2942
2561 2935
3265 2547
2373 1258
3384 2909
3074 2488
3326 2396
2578 2696
2519 1155
3215 2586
3244 2515
2485 1189
2697 2756
2384 2511
3233 2610
3277 2675
2580 2583
2402 2456
2503 2116
3344 3395
3266 2948
3233 2611
3327 2727
2580 2761
3313 2944
2976 2535
3369 2348
3106 2630
3337 3030
2538 2884
3113 2448
2400 2552
3435 3350
3013 2566
2257 1343
2328 1303
2356 1269
3535 3226
3387 3030
3478 3091
2592 2893
3061 2615
3382 2924
2607 2766
3908 2737
3410 2971
2608 2789
3265 2639
3526 3143
3296 3384
2459 2561
3103 2552
3352 2647
3225 2660
2296 1275
3335 3357
2542 2907
3072 2393
3338 3028
3502 3165
3209 2674
3162 2873
3434 3273
2685 2741
2499 2885
3481 3308
3177 2702
3387 2946
3203 2627
3350 2390
2714 2562
3393 3124
3425 3392
2603 2849
3449 3058
3068 2556
2447 936
3275 2717
3587 3304
3525 3147
2464 1015
3191 2860
2352 1006
2413 1010
2267 1352
3492 3182
2589 2750
2511 2883
2473 2508
2377 1213
3283 2490
2518 2953
3307 2443
2343 2409
3393 3066
2190 1473
2660 2525
2449 933
2452 952
2629 2675
3285 3389
2401 2414
3228 2500
2455 945
2502 2118
3241 2510
2455 1217
3477 3142
2482 974
2570 2710
2652 2564
2649 2580
3152 2786
2413 1187
3063 2435
2703 2724
3401 2963
2342 997
3235 2600
3116 2478
2500 2536
3494 3136
3366 2877
3181 2724
3131 2633
2543 1152
2292 1267
3304 2465
3106 2537
3431 2980
2987 2571
3230 2532
2402 1155
2905 2482
3432 3271
3507 3166
2687 2539
2642 2703
3345 2925
3834 2720
3087 2492
2232 2223
2429 1201
2160 1388
2636 2673
2446 941
3121 2562
2360 1242
2355 1011
2614 2746
3566 3334
2749 2518
2903 2562
3143 2643
3873 2720
3355 2356
2449 1063
2501 2117
2606 2783
2317 2395
2990 2484
2694 2749
2434 1074
2699 2543
2432 915
2352 1227
3432 2974
3313 2734
3254 2692
2546 2549
3391 3078
2460 1233
3451 3078
2470 1027
3243 2631
3118 2464
3330 3379
2499 2471
3292 2481
2510 2954
2374 2410
3523 3338
2395 960
3513 3193
2379 985
3056 2629
2402 1122
2598 2762
2427 976
3069 2425
3122 2819
3531 3311
2533 2552
2383 1163
2819 2547
3183 2843
2516 2392
3901 2778
3261 2564
3386 3410
3130 2680
3400 3016
3479 3337
2371 1257
2373 2497
3951 2760
2488 2597
3493 3133
3100 2551
3063 2417
3048 2390
2607 2777
2503 2880
3229 2955
3437 3274
3546 3207
2525 1186
3155 2644
3227 2959
3090 2592
2469 1168
3410 2959
3364 2365
3126 2689
3366 3000
3036 2516
3453 3075
3105 2478
3444 3104
2498 2501
2542 2908
3311 3361
3013 2573
3332 2936
2419 1007
3095 2482
3338 2923
2511 2867
3206 2696
3442 3090
2341 2403
3381 2912
3300 2647
2412 2553
2541 2737
2604 2844
2832 2531
2526 2893
3508 3264
2416 1069
2982 2543
3423 3032
3212 2759
3246 2921
3544 3207
2381 2446
3794 2818
3361 3394
3363 2340
2369 963
2386 960
2324 1254
2597 2872
2469 1218
3250 2664
3392 2973
2281 1304
3187 2621
3145 2909
2881 2553
3360 2361
2320 2398
3796 2805
2890 2541
2409 1193
2605 2614
2647 2589
3541 3158
2547 2735
3241 2517
3288 2632
3524 3199
2804 2523
3527 3327
2632 2633
3507 3285
2518 1966
2593 2618
3158 2758
3446 3377
3102 2479
3325 2621
2669 2642
3447 3056
3557 3143
3502 3183
2756 2551
3171 2598
3392 3388
2622 2695
2399 2535
2604 2144
2334 1279
2530 1188
2605 2905
3308 2707
3221 2718
3346 2386
3250 2617
2246 1335
2636 2806
3558 3317
2336 1260
3802 2797
3137 2835
2546 2570
3156 2752
2339 1242
2658 2613
2409 2560
3076 2405
3101 2536
3552 3145
2972 2505
2519 1223
2678 2748
2578 2907
3495 3176
3498 3164
3385 2918
2624 2671
2571 2692
2757 2558
3017 2488
3515 3277
2860 2528
2289 1241
2645 2593
2483 2500
3503 3170
2604 2589
3144 2601
3434 3345
3296 2959
3006 2567
2891 2577
2472 1150
3142 2648
3496 3174
3204 2734
3273 2673
2363 992
3504 3141
2520 2717
2628 2602
2816 2522
3524 3348
3427 3366
3309 3362
3347 3444
3533 3332
3318 3380
3270 2922
2903 2504
3120 2464
2372 2527
2491 2523
2647 2547
2643 2584
2588 2615
2430 1018
3016 2514
3209 2657
3421 3271
3162 2527
2620 2842
3146 2912
3137 2838
3352 2399
2634 2682
3482 3318
2490 2489
3433 3037
3317 2620
3307 2942
3070 2580
3357 2344
3330 2414
2606 2782
3388 3078
2186 1525
2323 2396
2897 2547
3870 2745
3215 2604
3136 2582
3230 2956
3072 2396
2754 2526
3312 3408
2554 2928
2401 1129
2729 2542
3382 2938
3234 2559
2483 2509
2362 1245
2901 2480
2608 2836
3505 3194
2364 2416
3439 3067
3316 2730
2411 2558
3890 2743
3241 2553
3472 3113
3190 2618
2681 2624
3531 3328
2964 2493
2608 2580
3346 2943
3056 2445
3291 2651
3372 2343
2393 2456
3489 3118
3401 3403
3291 2444
3160 2645
3246 2965
2138 1654
2602 2626
3304 2733
3085 2499
2699 2568
2534 2886
3322 2635
2392 2484
3287 2647
2375 1000
2382 1137
2377 1254
3234 2562
3024 2466
3399 3074
2711 2558
2546 2571
3366 2366
2368 2536
2380 2444
2635 2617
3489 3164
2620 2691
2673 2642
2336 1255
3175 2915
2353 992
2817 2550
3533 3255
2588 2741
3371 3389
2453 954
2434 932
2945 2595
2437 957
2502 2930
2531 2926
3144 2591
3405 2991
3024 2483
3471 3158
3235 2934
3453 3080
2334 1266
2480 1225
3326 2724
2409 1113
2576 2930
2814 2545
3063 2503
2606 2859
3142 2688
3403 2966
2431 924
2554 2717
2597 2755
3241 2670
3121 2569
3234 2625
2940 2594
3233 2707
3065 2538
2311 1248
3316 2461
2359 952
2618 2635
2594 2621
3403 2997
3021 2530
3541 3233
2449 1189
2394 2572
3533 3265
2558 2921
2906 2566
2835 2533
3161 2697
3109 2566
3079 2538
3901 2750
3250 2667
3472 3112
3499 3290
2463 1211
2189 1476
2901 2484
3216 2508
3115 2582
2615 2715
3519 3309
3901 2734
3285 3388
3201 2944
3175 2653
3509 3117
3300 2689
3331 2933
3147 2825
2821 2553
2906 2483
2462 1024
2392 2477
2375 1223
2641 2572
3269 2687
3455 3086
2427 1058
3225 2559
3052 2405
3230 2550
3863 2712
2454 1049
2378 1213
3288 2668
3116 2564
3397 3388
3297 2621
2355 974
3075 2556
3208 2599
2422 1892
2644 2706
2467 1019
2478 1168
2519 2685
2470 2507
3807 2809
3414 3403
2370 2416
2497 2500
3183 2604
3099 2557
3123 2470
2347 2387
3734 2868
2819 2532
2966 2549
3496 3094
3492 3136
3530 3238
3470 3298
2363 1231
2368 2547
3574 3320
2391 2556
2949 2570
3252 2687
3349 2643
3212 2529
2635 2722
2192 1487
3469 3334
2521 1175
2563 2970
2308 1248
2425 1055
2526 2885
2700 2573
2293 1259
3277 2627
3243 2678
2521 1171
2545 2475
2367 2495
2572 2697
2362 2522
2766 2522
3322 2926
3457 3085
3444 3042
2908 2567
2923 2568
2331 2357
3344 3417
3391 2950
2737 2560
2402 2453
2970 2561
3269 2486
2185 1527
3532 3204
3388 3082
3109 2567
3238 2540
3307 2691
3562 3149
3172 2709
2413 1005
3344 2926
2528 2734
3525 3166
2410 993
3483 3166
2460 1014
3250 2506
2614 2810
3481 3309
3336 2425
2650 2522
3509 3081
2465 1168
2726 2584
2424 2556
3071 2436
3267 2919
3413 2957
3215 2573
3394 2989
2627 2779
2579 2737
2603 2555
3083 2496
2640 2573
3390 3004
2280 1325
3553 3333
3302 2661
3360 2669
3465 3086
2602 2732
3353 2640
3525 3345
2761 2527
2561 2571
3185 2749
2597 2903
3515 3343
2382 1264
3530 3306
2503 2921
3809 2788
2997 2563
2404 2443
3194 2626
3350 2971
2590 2890
2618 2636
2492 2605
3434 2979
2274 1361
1931 2378
2614 2843
3086 2548
3900 2750
3242 2516
3160 2794
3346 3429
3799 2785
3068 2539
2602 2842
3562 3343
3357 3439
1930 2390
2456 2572
3134 2799
2254 1363
3933 2772
2437 944
2576 2737
2479 1171
3250 2631
2405 2452
2442 1213
3069 2451
3377 2946
3355 2372
2757 2519
2328 2385
3337 2925
3886 2727
2385 1267
2653 2516
3177 2737
2545 2489
3440 3047
2159 1678
3454 3290
3470 3341
3405 2978
2601 2614
2563 2582
2487 1203
2355 985
3159 2867
2558 2565
2137 1640
3059 2617
3311 2696
2345 1238
3346 2901
2204 1415
3326 2399
3221 2952
2340 1007
2329 1245
3081 2407
2992 2519
3251 2955
2461 1166
3275 2714
3221 2590
2401 1120
3167 2828
3242 2517
2489 1201
3924 2787
3523 3350
3187 2620
3221 2635
3384 2999
3377 3391
3302 2749
3133 2690
3069 2416
2408 2537
3308 2662
3214 2723
2576 2753
3789 2819
3333 2965
3392 3399
3385 2929
3489 3308
2618 2693
2392 1212
2541 2484
2500 2543
2974 2511
3230 2623
2541 2477
3571 3154
2532 2950
3250 2638
2634 2696
3384 3394
3336 2424
3110 2615
2401 1132
2493 2511
3338 2948
3516 3280
2964 2532
3493 3093
2434 915
2502 2897
3222 2952
2982 2518
2922 2573
2279 1311
2973 2513
2704 2589
3171 2786
2442 932
3255 2623
2589 2748
3201 2701
3352 2396
2606 2590
3205 2518
2404 1046
2508 1208
2827 2544
3183 2842
3243 2607
3262 2537
3275 2625
2158 1674
2752 2517
3063 2439
3028 2520
2389 2504
3319 2740
2387 2434
3060 2518
2503 2534
3322 2922
3337 3373
3391 3409
3391 3119
3307 2444
3392 3392
2482 2504
2438 2577
2642 2805
2704 2555
3210 2529
2570 2551
2507 2547
2315 1320
3056 2506
2454 978
3343 2882
3227 2968
3239 2667
2420 1103
2696 2733
2563 2972
2320 1271
3897 2747
2548 1830
2581 2741
3372 2393
2673 2643
2810 2520
3316 2686
3083 2520
2503 2542
3310 2696
2630 2604
3507 3130
2878 2573
2306 1263
2624 2685
3230 2652
2602 2862
2511 2488
3456 3280
2743 2550
2513 2553
3303 3373
2532 1193
3572 3327
3350 2905
2621 2804
2412 2549
3418 3051
3198 2923
3562 3340
2625 2643
3320 2738
2319 2385
2285 1295
3448 3373
2397 1045
3316 3371
3268 2488
3064 2593
2405 1113
3886 2733
3040 2521
3220 2616
3273 2477
2820 2538
3528 3278
2465 1041
3128 2697
3157 2634
3226 2657
3356 2889
2905 2498
2583 2530
2257 1345
2619 2128
2463 1037
2344 1273
2737 2524
3266 2564
2432 1047
3208 2633
2412 964
2634 2718
2565 2937
3095 2434
3875 2741
3210 2526
2777 2512
3078 2530
3564 3149
3358 3424
2611 2718
2179 1633
3907 2724
3427 3031
3488 3320
3311 3362
2202 1409
2752 2529
2695 2735
2167 1546
2461 1194
3528 3193
3423 3391
2698 2561
2834 2523
3143 2595
2672 2724
3223 2651
3107 2594
2432 935
2692 2565
3183 2620
2604 2582
2344 1001
3336 2725
3419 3414
3349 3436
2422 2553
2416 1017
2366 2397
3321 2626
3106 2563
2373 1204
3325 2472
2564 2584
3227 2655
2554 2748
2756 2537
3368 2906
3079 2396
3368 2876
3089 2599
2481 2572
3045 2407
3225 2651
3198 2521
3804 2810
2598 2898
3242 2674
2534 2736
3231 2964
2373 2488
3203 2944
3253 2696
3087 2498
2485 1170
3181 2497
2457 1204
2600 2765
2337 2381
2568 2757
2418 1203
3227 2699
2367 2488
3327 2715
2525 1198
3882 2736
3242 2690
2587 2912
3362 2969
2971 2570
3334 2389
2415 1145
3457 3320
3374 2675
2631 2691
2456 2573
2606 2700
3485 3190
3880 2723
2430 1205
2579 2976
2461 1221
3348 2948
3561 3144
2363 1260
3164 2647
3245 2687
3300 2670
3522 3348
3232 2937
3407 3073
3499 3160
3316 2620
2418 992
3371 3392
2701 2715
3209 2913
3168 2711
3515 3281
2421 990
3336 2386
3570 3328
3491 3162
3040 2396
3197 2758
3207 2680
3200 2524
2450 2574
3149 2585
3349 2621
3232 2938
3494 3316
3312 2947
3494 3097
3364 3056
3302 2618
3350 2396
3509 3184
2777 2511
3592 3299
2321 1305
3344 3389
2464 1212
2697 2754
3178 2710
3468 3324
3834 2729
2657 2525
2527 2733
3219 2631
2321 1246
3158 2633
2611 2719
2798 2530
3021 2510
2514 1165
3353 2352
3443 3087
3174 2795
3340 3020
3385 3395
3459 3373
2797 2520
2621 2704
3117 2560
2504 2900
2448 1205
3113 2469
3112 2453
3138 2620
2673 2504
2320 1239
3575 3319
2428 1058
3091 2623
3369 2405
2513 2542
3363 2963
3506 3084
2884 2535
3327 3370
3492 3292
2594 2626
3518 3184
3089 2601
3442 3092
3875 2719
3536 3213
3266 2631
3420 2954
2469 2576
3398 3086
3105 2548
2498 2919
2434 1174
3503 3149
3539 3339
3363 3044
2403 2552
3290 2709
3498 3091
3197 2941
3018 2465
3506 3140
3551 3334
3426 2954
3559 3331
2542 2889
3225 2558
2430 1188
3206 2643
3478 3109
2592 2877
2500 1199
3080 2483
3168 2900
2609 2836
3087 2494
3250 2507
2590 2630
2573 2960
3447 3350
2510 2569
3224 2957
3118 2466
2679 2719
3321 2693
2543 2491
2680 2607
2604 2146
3206 2523
2422 1069
3220 2590
3259 2564
3328 2472
3314 2439
3007 2499
3163 2738
3275 2473
3024 2467
3542 3208
3469 3354
3133 2794
2631 2602
3105 2562
3083 2410
2422 967
2606 2141
2558 2931
3163 2889
3211 2605
3540 3342
3270 2634
2603 2556
2436 1177
3367 2936
3227 2954
2348 1002
3064 2503
2867 2541
3164 2769
3340 3373
3161 2592
3265 2487
3179 2736
3244 2573
2696 2732
3546 3203
3873 2741
2683 2583
3484 3319
3344 2981
3506 3199
3158 2644
3336 2724
2174 1635
2619 2744
2464 2566
2541 2566
2431 1079
3018 2523
2945 2579
3195 2627
2374 2491
2495 1191
3372 2392
3377 3066
3248 2633
2418 1016
3134 2682
2383 1261
2599 2695
3327 2389
2289 1267
3522 3188
3294 2733
2988 2511
3170 2832
2783 2514
3081 2506
3098 2564
3427 3055
3902 2778
2474 1162
3144 2915
3279 2468
3287 2627
2408 1200
3508 3084
3507 3128
2349 2420
2395 2414
2420 963
3518 3186
3344 3440
3480 3171
3211 2617
3142 2781
3517 3156
2364 2411
3359 2903
3214 2527
3498 3142
2596 2711
2633 2767
3121 2568
2650 2705
3126 2813
3329 2704
3210 2677
2449 942
2330 1289
3516 3309
3202 2626
3885 2716
2836 2521
2283 1297
2493 2592
3194 2629
3304 3386
2973 2531
2585 2536
2305 1263
3189 2949
2651 2622
2587 2748
2638 2550
3123 2799
2801 2545
2898 2511
3135 2679
3330 2390
3107 2639
2680 2626
3370 2949
3200 2933
3196 2720
3328 3369
3379 2908
3343 2387
3322 2437
2577 2713
2600 2865
3863 2742
3213 2648
2641 2703
2546 2728
3325 2926
3106 2441
3136 2793
3330 2638
3010 2454
3423 3389
3085 2442
3477 3122
2590 2869
3366 2908
3140 2582
3195 2641
2471 2565
3019 2530
2357 1246
3490 3121
2657 2709
3434 2982
3215 2585
3207 2918
3304 2716
3109 2437
2378 983
2485 1220
3325 2402
3126 2715
2332 1245
3323 2411
3093 2457
2189 1470
3016 2564
3534 3143
2457 976
3161 2900
3450 3348
2841 2518
2386 2456
3391 3071
3149 2824
2367 2431
3198 2946
2359 955
2604 2758
3405 2962
2896 2551
3314 2737
2343 2412
3175 2545
2421 1149
3231 2534
2458 1236
3295 2660
3174 2730
2677 2746
3097 2560
2367 2487
2364 947
3190 2950
3135 2701
2683 2551
3893 2769
3201 2699
2383 2509
2447 1208
2673 2610
3410 3398
3528 3131
2598 2904
3530 3179
2577 2944
2909 2566
2109 1537
2426 1191
2518 1207
2334 998
3273 2616
2156 1573
3491 3286
3241 2973
2472 1163
2464 2568
3202 2703
2627 2850
3195 2529
3374 3045
2425 1041
3081 2414
3515 3158
2318 2395
3346 2880
2391 2465
3177 2600
3416 2980
3528 3325
3331 3039
2866 2538
2489 1199
3951 2766
3167 2778
2890 2524
3305 2689
3065 2497
2545 2739
3339 3410
2332 2354
3398 3121
2763 2514
2419 1089
2391 1215
3439 3043
3566 3157
2895 2561
3145 2851
2793 2529
3186 2609
3452 3278
2562 2561
3160 2750
3153 2588
2443 1081
3066 2457
3469 3335
3110 2593
3202 2737
2685 2725
3246 2508
2410 991
2346 1231
3361 2883
3499 3190
3060 2415
3444 3086
3504 3130
2749 2517
2477 1217
2517 1228
2602 2771
2410 1023
2368 2522
3518 3313
2498 2903
2481 1177
3073 2482
2388 1045
2681 2631
3146 2785
3027 2520
3245 2673
3475 3169
3898 2754
3408 2953
2497 2567
2514 2566
2524 2930
3148 2585
2353 2415
2602 2829
3276 2479
2949 2593
2670 2722
3473 3160
2610 2719
3322 2405
3158 2789
3872 2717
3538 3239
3265 2635
3185 2970
3218 2508
3220 2632
3376 2673
2283 1296
3087 2611
2387 2422
3225 2916
2410 1111
3341 3367
3099 2627
2682 2580
2513 2550
2159 1569
3363 2910
3379 3038
3205 2677
3096 2467
2967 2510
3312 2734
2470 1142
2735 2549
2562 2973
2591 2617
2506 1203
2584 2700
2170 1649
3136 2831
2411 1135
3259 2638
2594 2871
2490 2569
2377 2486
2651 2703
2384 2411
2668 2745
2831 2529
3362 3051
3412 3074
2465 1034
3390 3006
2579 2731
2420 1081
2413 1053
2385 1141
3352 2666
2548 2890
2479 2522
3095 2557
3021 2516
3424 3385
3352 2352
2368 945
3195 2922
3230 2928
2981 2517
3444 3055
3894 2764
2634 2666
3271 2673
2619 2666
3090 2599
2366 2400
2282 1287
3059 2454
2974 2525
3229 2651
2574 2712
3364 2371
3134 2689
2394 2466
2998 2487
3894 2716
2462 1214
3165 2633
2330 2388
3192 2862
3462 3364
2580 2769
3240 2669
3375 3032
3349 2353
3472 3296
2284 1294
2753 2517
2381 2442
3459 3345
2394 2484
2659 2564
3311 2737
2542 2896
2384 2449
2358 2534
3205 2732
2159 1568
3174 2703
3446 3082
2906 2550
2610 2592
2565 2966
2902 2497
3334 3383
3521 3195
2609 2840
3103 2619
3458 3080
3230 2653
2750 2556
2562 2892
3227 2564
3077 2469
2577 2695
3208 2600
2806 2518
3428 2978
2519 2879
2527 1200
3386 3089
2879 2552
2477 963
3299 3390
2532 2917
3224 2601
3493 3165
3354 3446
2404 2555
3257 2946
2367 2539
2884 2531
3127 2799
2425 1087
3430 3403
2533 2947
2973 2572
3332 2946
3096 2629
3223 2729
3494 3098
2405 1119
2598 2769
1933 2377
2135 1654
2889 2504
2652 2620
2976 2521
3190 2723
3895 2719
2671 2604
3329 2698
2337 1489
2616 2776
3584 3314
2509 2551
2743 2551
2995 2488
2644 2522
3139 2621
3377 3079
3363 3058
2422 972
2421 2552
2413 1117
2414 2551
2373 2541
3148 2584
3363 3000
3080 2528
3515 3175
2737 2553
3183 2609
2262 1362
3335 3374
3038 2525
2629 2615
3172 2835
3310 2460
3184 2922
3176 2602
3294 2444
2417 1183
3479 3095
3071 2427
2173 1635
3093 2482
3221 2985
3153 2580
3208 2756
3851 2722
3174 2831
3328 2634
3080 2470
3406 2993
3381 2940
3536 3328
3289 2711
2440 1045
3481 3121
3460 3345
2471 2564
2270 1330
3284 2646
3377 3422
3443 3273
3349 2922
2354 1243
2560 2738
2349 2406
2377 1207
3283 2649
2760 2520
2697 2735
2648 2534
2540 2924
3452 3276
2387 2482
3312 2733
3260 2535
2546 2736
3546 3339
3247 2670
3363 3048
2529 2734
2985 2515
3342 3400
2415 1104
2668 2614
3161 2524
3389 3028
3080 2513
3178 2530
3376 2966
2590 2866
3350 2631
3810 2806
3454 3082
3162 2525
3326 3357
2396 2480
2683 2730
3001 2508
2636 2795
3158 2787
2523 2720
2538 1205
3469 3353
3371 2949
2417 973
3216 2722
2484 2486
3162 2867
2393 969
3119 2546
3461 3082
3155 2862
2495 2602
3229 2528
2764 2516
3194 2520
2624 2609
2443 960
2509 2938
2489 1216
2460 1021
3456 3089
3277 2479
2332 2374
2683 2731
3333 3034
3391 3010
2481 2511
2193 1466
2524 1233
3352 3048
3154 2858
2978 2535
3896 2737
2503 2920
3905 2776
2429 1146
2227 2216
2347 2383
3345 2969
2903 2500
3161 2753
3161 2751
2493 2489
3207 2518
3162 2851
2406 1038
3147 2795
2137 1631
3868 2712
2572 2977
2454 1061
2516 2561
2170 1459
3086 2510
3070 2493
3403 2992
3248 2602
3069 2455
3059 2452
3356 2914
3369 2400
3056 2617
2341 1256
3067 2539
2351 999
3501 3294
2386 996
2354 994
3081 2481
3527 3158
3184 2709
2591 2559
2389 2482
3298 2722
3452 3058
3529 3143
3175 2499
2561 2755
3534 3134
2601 2842
2614 2152
3470 3132
2523 1153
2670 2641
3518 3296
3422 3057
3258 2497
2566 2687
3110 2443
2595 2588
3355 3436
3310 3384
2415 1021
3070 2533
2580 2925
3563 3338
2184 1466
2875 2547
3168 2774
2620 2131
2503 2567
2317 1257
2503 2901
2363 2493
2763 2554
3303 2689
2564 2962
2629 2139
2609 2752
2136 1661
3394 3132
3874 2740
2632 2125
2697 2723
3329 2926
3068 2534
2510 2912
2599 2152
2350 2368
3148 2913
3934 2768
2402 2559
3116 2443
2426 982
2525 1150
2359 2522
2428 968
3126 2699
2491 2489
2606 2576
3061 2407
2521 2684
3363 2341
2519 2717
2461 1040
3359 3429
2820 2553
3096 2558
2436 905
2411 1122
3190 2701
2640 2524
3141 2843
3323 2405
2337 2398
2594 2694
3217 2519
3000 2529
3417 2982
2344 999
3208 2518
3228 2530
2389 2531
2320 1254
2373 1213
3131 2833
3190 2953
2522 2568
2731 2562
2592 2540
2820 2552
3214 2619
2363 1226
3230 2557
3198 2723
3148 2780
2257 1329
2542 2477
3166 2766
3153 2637
3354 2381
3195 2923
3332 2956
2946 2573
3110 2610
3378 2953
2828 2520
3141 2605
2607 2590
2436 1048
2520 2883
2999 2465
2522 1207
3012 2573
3360 2935
3506 3152
2518 2700
3493 3130
3340 2414
2575 2761
3213 2652
3527 3192
3126 2695
3008 2456
3434 3100
3359 2359
3136 2584
2294 1304
2514 2868
2464 1146
3323 2397
3124 2811
3138 2580
3898 2743
3200 2944
1931 2381
2369 965
3845 2722
3922 2788
3198 2753
3894 2770
2586 2870
2553 2568
2519 2953
2586 2736
3176 2598
2573 2555
2292 1238
2613 2839
3182 2916
2761 2532
3107 2593
2480 2580
2662 2504
2705 2572
3807 2799
3389 2984
3432 3402
2616 2607
2537 2740
3571 3162
3232 2947
3170 2516
2538 2720
3171 2864
2491 2520
2377 2546
3019 2506
3312 2461
3034 2452
2658 2117
2422 1195
2283 1318
3267 2925
2542 2493
3473 3307
3888 2729
3204 2968
3491 3114
3377 3039
3348 2909
3409 3403
3207 2943
3382 2945
2333 1242
2639 2806
3292 2706
2524 1148
3526 3282
2629 2137
3392 3073
3171 2887
3509 3114
3060 2441
2648 2548
3131 2690
3896 2777
2417 1117
3067 2414
3187 2742
2365 969
3204 2602
2508 2868
2277 1306
3321 2459
2262 1370
2664 2514
3402 2987
2555 2564
3212 2763
3051 2418
2388 2462
3475 3355
2315 2402
2530 1201
3154 2635
3557 3158
3512 3156
3357 2997
3368 2883
2463 1193
3127 2832
2527 1150
3526 3184
2332 1251
3058 2612
3312 2916
3876 2739
2400 1042
3187 2722
3198 2638
2628 2137
3390 2975
3321 2468
3184 2926
2491 2474
3137 2579
3226 2501
3271 2660
3373 2344
2358 2422
2381 1204
2369 2525
3234 2532
2494 2514
3253 2915
3432 3042
3072 2450
2603 2753
2641 2694
3286 2449
2593 2627
2447 965
3073 2412
3063 2437
3135 2704
2525 1136
2201 1464
3223 2708
2553 2892
3094 2541
2604 2829
3189 2532
3370 2904
2521 2962
3334 2645
3423 3040
2471 1216
2570 2957
2605 2857
2410 964
2441 2576
3267 2632
2947 2594
3500 3196
2493 1184
2429 1053
2389 2552
2702 2713
3256 2547
3490 3136
3211 2599
3559 3318
3222 2507
3345 3435
3338 2387
2354 975
2340 2357
2486 2479
3067 2554
3365 2918
2615 2607
3443 3271
2445 955
3127 2699
3333 2645
3186 2966
3161 2787
3523 3301
3384 3030
3308 2458
3057 2613
3318 2419
2633 2612
2823 2540
2635 2800
3101 2475
2646 2611
2325 1233
2625 2788
2385 2504
3170 2785
2459 952
3400 3013
2819 2543
3401 2962
2801 2531
2597 2902
3080 2581
3158 2867
2469 1219
3367 2403
2642 2605
3295 2712
3451 3076
3391 2974
2913 2500
2492 2526
3195 2637
3162 2761
3149 2613
3286 2648
3077 2472
2681 2629
2368 2406
3373 3052
2608 2852
2676 2707
2314 1304
3529 3341
2528 2739
2592 2736
2522 2953
3255 2695
3186 2610
2344 2407
2362 1233
2436 958
2318 1266
2604 2707
3199 2728
3886 2765
2583 2747
3282 2468
3215 2629
2381 2536
3426 3362
3166 2727
2887 2531
2329 1281
2695 2580
2475 2479
2356 1267
3148 2644
3509 3258
3234 2595
3391 3000
3058 2448
3244 2682
3218 2615
3402 3102
3086 2609
2657 2514
2343 1002
2593 2854
2466 2572
2501 2562
2365 2398
3328 2392
3374 3054
2839 2529
3355 2652
3323 2419
3052 2391
2549 2562
3324 2704
2430 2579
2390 2506
3315 2740
2333 1007
2421 1182
2709 2711
3365 2897
2621 2835
3535 3230
2512 1178
3179 2604
3491 3121
2595 2895
2612 2677
3333 2424
2637 2602
2503 2557
3355 2947
2502 2562
3164 2583
2395 2437
3510 3288
3245 2555
2579 2767
2477 2475
2427 984
2326 2389
3000 2508
3430 3355
2659 2513
3222 2506
3315 2690
3170 2739
2579 2618
3042 2525
3162 2640
3358 3430
2395 957
3114 2479
2400 2532
2602 2861
2612 2838
2573 2708
3334 2644
2715 2563
3516 3160
2603 2151
2591 2622
3295 2730
3358 2962
2624 2850
2511 2538
3326 2728
3330 2962
2170 1643
2932 2573
2517 2883
2886 2540
2409 2548
2507 2868
2433 946
3527 3307
2582 2759
2335 2356
3172 2867
3301 2664
2229 2221
2330 1270
2176 1628
3348 2912
2352 1002
3243 2677
3166 2724
3434 3061
3288 2650
3149 2803
2340 1004
3425 3403
3159 2688
3198 2713
2424 966
2513 1231
2498 2592
3082 2469
2588 2546
3519 3344
3517 3155
3351 3387
2910 2563
2603 2150
2454 1052
3099 2622
2471 1172
3110 2564
3200 2701
2633 2719
3379 2979
2522 1213
2547 1198
3512 3308
2496 2913
2161 1678
2535 2922
3888 2728
3214 2605
3501 3196
2431 1152
3282 2709
3259 2574
2383 2539
2402 1120
3338 2989
3234 2503
3231 2697
3350 3445
3505 3256
3029 2474
2367 1209
3247 2549
2653 2710
3077 2425
2372 2406
2523 2706
2549 2938
3216 2719
2356 1255
3061 2614
3540 3202
2507 2900
2393 1019
3183 2969
2379 2549
3341 3358
2437 910
3237 2710
2711 2589
2895 2544
3346 3029
3192 2600
3525 3274
3899 2720
3070 2480
3519 3346
3890 2741
2350 2411
2638 2541
3336 3404
3216 2592
3924 2768
3004 2493
2894 2569
2521 2927
2749 2562
3898 2778
2674 2503
3075 2551
3343 2925
2580 2617
2464 1216
3333 2929
2554 2726
3364 3382
2680 2545
2431 936
3881 2714
2413 1067
3267 2462
3209 2947
3559 3221
3348 2926
3911 2743
2712 2580
2694 2568
2624 2695
3055 2609
2587 2614
2546 2886
3350 2899
2435 1175
3306 2652
3507 3124
2800 2532
3363 3400
3455 3346
3169 2774
2396 2533
3069 2414
3112 2603
3272 2713
2631 2614
3160 2741
2523 1182
3333 2694
2727 2582
3526 3328
2542 2939
2605 2848
2451 979
2891 2562
3203 2705
2751 2529
3308 2942
2491 2525
2434 1059
3070 2418
3518 3314
3180 2619
3229 2503
2319 1269
2575 2687
3072 2483
2670 2755
2672 2610
2605 2854
3077 2555
3303 2731
3331 2941
3133 2800
3464 3109
3090 2447
3159 2899
2599 2781
3248 2590
3314 2915
2790 2514
3146 2819
3303 2749
3365 2342
3467 3330
3419 3048
3075 2487
3083 2477
3301 2667
2997 2481
2512 2895
2368 1259
3184 2738
3363 2914
2449 967
2271 1331
2491 2479
3363 2429
2729 2583
2577 2736
2703 2725
2363 956
3114 2585
2324 1307
2560 2578
3433 3346
2314 2402
2631 2773
3021 2512
2268 1349
3546 3200
3469 3330
3349 3392
3375 2674
3182 2918
3231 2528
2649 2110
3077 2463
3375 2969
3173 2654
2381 2550
3464 3288
3375 3080
3111 2466
3054 2629
3351 2890
3885 2727
2419 1015
2416 1205
2479 964
3333 2712
2609 2857
3385 3089
3402 2984
2684 2607
2479 1210
3244 2693
2523 2924
3032 2471
2177 1641
3127 2719
3309 2622
3426 3057
3207 2944
2408 1047
2516 1148
3350 2949
3146 2857
3162 2750
3174 2541
3333 2417
2254 1357
2492 2910
2277 1374
2640 2708
2577 2706
3277 2666
2986 2518
3510 3204
3057 2410
3130 2688
2390 1208
3812 2796
3341 2937
2385 961
3359 2966
3795 2789
3104 2531
3216 2985
2432 917
2530 2575
3419 3059
2610 2619
3212 2954
2177 1464
2485 2504
3519 3208
2671 2602
3572 3304
2347 2374
2552 2972
2369 2536
2618 2677
2488 2479
3420 3059
2362 1004
2970 2516
3497 3288
3114 2810
3229 2660
3249 2510
2642 2787
3007 2518
3112 2547
2523 2921
2379 2514
3900 2768
3318 3403
3232 2920
2610 2836
3137 2618
3345 3342
3404 2997
2404 1204
2924 2571
3063 2441
3429 3036
2553 2737
2518 2699
2617 2693
3443 3353
3053 2416
2510 2554
3443 3089
2521 2925
2433 1076
3319 2405
2594 2627
2352 972
3448 3066
3018 2506
2396 1204
3362 2973
3253 2506
3521 3211
2403 1026
3328 2950
3803 2795
2292 1237
2682 2602
2410 1128
3441 3273
2556 2932
2933 2580
2596 2856
2425 931
2577 2560
3097 2551
3341 3020
3216 2579
3353 3397
3513 3259
2674 2644
2477 1209
2424 1170
2982 2571
3356 2386
3227 2957
3397 2965
2307 1324
2400 1150
3102 2553
3023 2463
3406 3426
2701 2572
3050 2420
3263 2543
3490 3307
2536 2929
2687 2537
2429 920
2685 2721
3335 3384
3399 2967
3490 3162
3253 2554
2555 2981
3241 2934
3354 2973
2647 2703
2960 2566
3117 2628
3730 2848
2334 1275
3214 2604
2452 977
2419 1008
3472 3348
3272 2660
3210 2516
3063 2444
3612 3130
2519 1166
2510 1165
2588 2541
2519 2676
2849 2529
3394 3098
2326 1273
3287 2622
3241 2621
2308 1324
2500 2898
3318 2923
3066 2447
2387 2472
3353 2388
2404 1139
3221 2498
3197 2969
2409 1125
3339 2423
3337 2726
2492 1195
2463 1194
3343 2382
2542 2482
2481 2509
3210 2913
2848 2531
2581 2618
2511 2911
2530 2889
3544 3146
3174 2902
3071 2411
2791 2504
2590 2620
3076 2410
3143 2604
2172 1618
2459 1232
2325 2405
3224 2963
2904 2551
3182 2614
2356 2410
3251 2605
3109 2440
3380 2998
3368 2931
3391 3103
2505 2537
3007 2501
2422 2554
2669 2641
2591 2694
2634 2722
3164 2589
3318 2688
3305 2724
3192 2509
2363 983
3136 2830
2580 2586
3254 2558
2362 2525
3803 2793
3184 2750
3101 2467
3380 2339
2384 1139
3460 3058
3172 2884
3453 3057
3463 3304
2496 2593
3513 3133
2158 1575
3141 2787
2515 2688
2427 1150
3469 3344
2296 1327
2471 2504
2517 1232
2336 1001
2340 2411
2602 2700
2408 1114
3366 2876
3490 3183
3363 2886
3155 2635
3234 2945
2598 2841
3378 2657
2145 1666
3370 2873
3507 3204
3113 2494
3364 2871
3846 2717
2668 2501
2806 2520
3179 2734
2891 2541
2517 1215
3171 2635
2395 963
2620 2133
2356 1226
3218 2729
3288 2447
2601 2836
2775 2511
3046 2495
3251 2637
3204 2942
3172 2528
3274 2621
3472 3345
3294 2442
3243 2574
3500 3267
3428 3057
3530 3240
3186 2696
2540 2563
2288 1304
2593 2622
2512 2907
2580 2585
3197 2520
3488 3318
3193 2636
2431 1081
3209 2730
2373 2420
3158 2800
2963 2496
3215 2579
3296 2442
3228 2595
3266 2615
3134 2836
3343 3356
2599 2711
2379 997
3525 3326
3085 2613
2399 2509
2497 2529
2425 1167
2645 2587
2838 2523
3897 2770
2367 2545
2436 1205
3327 2391
3423 2952
2658 2564
1932 2383
3133 2619
2376 985
3074 2486
2284 1272
2696 2585
2367 1251
3545 3343
3151 2809
3553 3334
2588 2627
2601 2738
3460 3360
2395 1205
3345 2920
2672 2721
3561 3143
2537 1203
3369 2416
3248 2548
2829 2525
3335 3359
2547 2940
3243 2583
2384 1217
2886 2512
2339 1257
3399 3385
3444 3353
2667 2713
2977 2537
3193 2525
3530 3134
3019 2505
2361 1208
2645 2588
2675 2640
3116 2822
3280 2952
2947 2588
3072 2390
2253 1343
3412 2970
3073 2416
3228 2952
3330 2427
2402 2538
3425 3399
3194 2747
2352 2372
2795 2527
3243 2589
2497 2578
2502 2908
2269 1354
3281 2472
3213 2658
2430 1194
2447 930
2624 2822
2401 1125
3808 2782
3507 3283
2624 2603
2697 2560
3734 2870
3509 3128
2620 2847
3500 3151
2421 1004
2965 2532
2541 1209
3150 2821
3162 2742
2478 2508
3328 3043
2604 2836
2642 2716
2135 1646
3101 2528
3253 2701
3533 3190
2413 2443
2408 1106
2574 2723
2502 1189
3336 2922
2614 2820
3534 3185
2203 1412
2323 1236
2478 1147
3549 3197
2567 2957
3467 3290
2606 2593
2453 2576
3566 3158
3061 2603
3393 2994
3426 2951
3177 2733
2603 2740
3401 3073
3239 2690
2565 2583
2683 2607
3266 2613
2624 2698
3274 2622
3510 3188
3387 3091
3561 3331
2589 2547
2834 2531
3184 2739
2444 928
2285 1320
2869 2541
3077 2450
2650 2621
3782 2796
3213 2631
3156 2782
2156 1570
2333 1239
3509 3250
3458 3286
3248 2546
2632 2771
3444 3045
3377 2959
2669 2497
2679 2620
3396 3097
3370 3069
2498 2502
2532 1192
3370 3063
3306 2746
3079 2395
2561 2892
3217 2582
2338 1007
2988 2484
3163 2901
2513 1181
2553 2721
3220 2656
3143 2792
2394 2434
3235 2694
2364 2401
3361 3423
3026 2485
3205 2605
3145 2603
3388 3008
3159 2525
2366 2399
3492 3137
3260 2951
3470 3354
3360 2883
3369 2905
2336 2401
2482 1182
3446 3045
2463 1212
3162 2700
3195 2927
3030 2483
3471 3303
3891 2745
2808 2523
3306 2460
3170 2895
3121 2807
3369 2901
2435 908
3332 2939
2457 1232
2350 986
3029 2477
3330 2424
2612 2706
2630 2615
2335 2407
3148 2914
3330 2952
2992 2486
2415 1146
2641 2138
3375 3051
2983 2574
2428 1200
3467 3331
2395 1164
3391 3016
2367 2493
2678 2707
2501 2560
3278 2466
2981 2571
2252 1346
2633 2123
3406 2955
3128 2689
3265 2458
3135 2831
2655 2120
2337 2361
2419 972
3462 3095
3015 2462
3421 3273
2604 2830
3241 2627
2611 2840
2417 1102
2552 2970
2403 965
2345 2378
3393 3392
3446 3083
2506 2553
3390 3120
3367 2999
3048 2391
3037 2519
3385 3408
3087 2596
2448 2576
3372 3073
3283 2469
3220 2712
2173 1620
3549 3193
2515 2923
3471 3323
3885 2708
2404 1107
3266 2489
2320 2400
2140 1652
2443 1065
2564 2934
3244 2713
3360 2369
3218 2614
2337 1001
2543 2908
3390 3084
2596 2844
3456 3058
2375 2531
3431 3047
2360 2502
3146 2689
2414 1067
2714 2561
3075 2436
2608 2784
3189 2723
2414 1053
2394 2428
3582 3306
2342 1257
3338 3356
3073 2577
2985 2571
3010 2458
3182 2926
2461 1160
3054 2624
2575 2966
2630 2690
3566 3333
3179 2714
2970 2571
2642 2705
2370 2410
3475 3341
3468 3132
3308 3402
3163 2794
3162 2868
2683 2602
3234 2705
2390 954
3302 2465
3337 3408
3398 3060
2750 2514
3839 2719
2153 1444
3369 2941
3895 2751
3074 2408
3052 2392
2528 1141
3284 2448
2512 2570
2609 2775
2481 1208
2330 2385
2377 2536
2948 2574
3203 2945
3446 3275
2834 2529
2483 1223
2745 2557
3211 2677
3794 2779
2512 2862
2588 2872
3336 2728
3510 3081
2419 1013
3881 2711
2413 2455
3393 3132
3308 3399
2793 2521
3368 3056
2362 992
2333 1006
3336 2711
3352 2371
3484 3096
2390 2552
2816 2538
2437 1084
3873 2723
3900 2769
3214 2581
3491 3290
2374 2530
2843 2520
3510 3208
2436 934
3426 3352
3530 3152
2392 2545
3431 3065
2890 2574
2519 2477
2330 2382
2414 1121
2822 2548
3532 3143
3152 2688
3154 2922
2356 1011
3250 2601
3508 3119
2837 2523
3432 3418
2352 1010
3053 2405
2273 1309
3358 3383
3028 2469
3418 3055
3306 2442
2468 1162
2646 2605
2586 2629
3102 2475
2364 969
2559 2741
3257 2498
3249 2692
3226 2653
2902 2481
3943 2758
3349 3439
3115 2470
3291 2637
2617 2663
3174 2905
3228 2725
2451 976
3104 2524
3167 2514
2641 2566
3374 3390
3274 2631
3408 3411
3334 3353
2535 1144
3425 3264
3386 2909
3297 2961
3124 2821
3852 2703
3267 2661
2407 1026
3169 2711
3514 3131
3200 2727
3137 2836
2469 955
3488 3166
2579 2589
3495 3134
2904 2493
2417 2550
2423 1089
2651 2623
3404 3407
2406 1198
2408 1017
3111 2559
3221 2577
3242 2678
2591 2734
3066 2616
3331 2725
2680 2636
2460 970
3157 2748
3917 2764
2905 2495
3340 2881
3497 3293
2890 2575
2469 1159
2624 2645
2390 2567
2981 2572
3484 3284
3526 3325
3402 3391
3046 2497
3377 2951
3508 3081
3236 2598
3197 2696
2424 975
3413 3417
2544 2559
3908 2744
2415 1069
3193 2736
3073 2569
3378 2956
3360 2933
3896 2722
2324 1279
2424 931
3104 2476
3199 2524
2948 2580
3160 2870
3478 3326
3235 2538
2624 2636
2645 2697
3160 2687
3223 2526
2891 2581
2524 2476
3392 3016
2428 983
3140 2690
3258 2621
2594 2536
3269 2464
2374 2538
3515 3197
3089 2553
3383 2918
2266 1358
3260 2533
2503 2923
3455 3288
3168 2746
2603 2579
2988 2520
2522 2924
2898 2510
3366 2650
2562 2746
2554 2743
3324 2420
3018 2566
2619 2779
3226 2953
3249 2587
2504 2536
2651 2533
3385 3393
2498 2601
2647 2588
3344 3393
3393 3384
3051 2523
3428 3265
3046 2496
3348 3047
3107 2598
3158 2634
3444 3109
2466 1162
3883 2734
3367 3056
3527 3131
2796 2527
3386 3034
2187 1633
3342 2414
2639 2141
3292 2666
3195 2608
2702 2567
3245 2517
3540 3203
3192 2736
3068 2427
3460 3368
2316 1244
3253 2505
2548 1144
2354 986
3372 3053
3149 2686
2292 1242
2432 918
3377 2965
3090 2456
3351 3046
3372 2394
3364 2913
3229 2650
2675 2637
2984 2546
2970 2532
2452 1191
2470 1148
2971 2531
3394 2980
3395 3086
3470 3118
3346 2629
2247 1336
2598 2863
3104 2526
3551 3209
2526 1200
3298 2730
3535 3334
2914 2571
2439 1207
3249 2600
2576 2948
3391 3073
2586 2532
2625 2609
2640 2595
2608 2716
3365 2430
3103 2560
2639 2568
3339 2978
2389 2454
2381 995
2592 2537
2705 2573
2616 2679
2621 2780
2622 2834
3273 2630
3185 2971
3274 2484
2374 2509
2166 1434
3067 2587
3519 3279
3495 3310
2425 1076
2430 2568
3508 3128
2558 2930
3460 3094
2528 1222
3150 2751
3343 3340
3457 3373
2930 2573
2334 2389
3585 3303
3357 2655
3307 2714
2859 2540
3291 2660
2911 2494
2623 2845
2392 1164
3116 2453
3485 3189
2390 949
3358 2664
3179 2534
3378 2895
3105 2625
2252 1341
3478 3095
3258 2955
2285 1302
2397 1131
3379 2963
2470 1141
2893 2540
2412 1137
2630 2680
2531 2885
3082 2415
2637 2578
2721 2551
3200 2522
2507 2882
2356 1249
2461 1205
3385 3073
2384 2434
3166 2830
3066 2557
3117 2558
3411 2950
2530 2944
3242 2669
3205 2694
3408 3061
3340 2899
3150 2807
3231 2652
2604 2853
2544 1202
2706 2554
3305 2469
2611 2775
3014 2497
3344 2381
2673 2719
2446 2572
3252 2615
2514 2493
2404 1156
3528 3199
3365 2899
2410 1026
2174 1619
2597 2753
2499 2524
2603 2600
3369 2674
2497 2913
2466 1022
2387 1145
2391 2554
3538 3205
2272 1318
3117 2449
2569 2952
3132 2627
2726 2566
2589 2747
3355 2385
3479 3169
2375 988
2360 1245
3166 2740
3341 2941
3219 2667
3079 2489
2495 2592
2540 2735
3199 2756
2631 2681
2396 1159
2452 945
2427 1173
2633 2651
2482 2565
2669 2643
2643 2716
3461 3094
3123 2463
3559 3344
2593 2748
2460 1015
2291 1250
3563 3337
3317 2945
2616 2843
2665 2506
3159 2751
3193 2612
2410 1068
2470 1146
3531 3131
3168 2640
2469 1154
3197 2698
3027 2489
2961 2529
3125 2564
2138 1644
2713 2571
3328 2421
2398 1042
3213 2633
3365 3052
3365 3054
3469 3325
2523 1177
2356 1224
2695 2739
2549 2890
2401 1213
2320 1250
2480 2582
3352 2947
3368 2416
2626 2818
2368 979
2417 989
2626 2609
2423 978
3552 3215
2466 1059
3420 3413
3315 2732
1935 2386
3026 2489
3535 3177
2342 2407
3263 2575
2370 2417
2759 2527
3250 2596
3063 2615
3093 2441
2783 2512
3191 2863
3243 2973
2407 1143
3320 2922
2171 1456
2425 1015
3004 2559
2646 2512
2534 2555
3336 3019
2411 1113
2387 2411
2452 966
3071 2585
2606 2828
2422 2552
2476 2577
3541 3340
2133 1655
3277 2468
3203 2940
2839 2515
3333 2948
2253 1365
3239 2544
3105 2594
3197 2916
3308 2742
3376 2669
2595 2150
2691 2742
2966 2568
2617 2609
3158 2822
2415 1179
3483 3284
3126 2628
2527 2469
3340 3402
2576 2685
2936 2572
3166 2852
2401 1155
2600 2718
2677 2749
3329 2633
2500 1198
3247 2965
2593 2761
2201 1409
2838 2536
2255 1358
3182 2974
2565 2561
3523 3269
3080 2532
2526 2697
2472 2508
2387 1141
2624 2676
3309 2644
3181 2737
2609 2774
3164 2512
3181 2917
3306 2617
3312 2728
3235 2663
3517 3169
3468 3292
3362 2339
3351 2896
3233 2649
3231 2928
2746 2522
3137 2672
2395 2530
3222 2617
3522 3260
2617 2746
3329 2950
2567 2897
3304 2661
3328 2420
2395 2574
3134 2704
3795 2776
3185 2860
2407 1036
3898 2781
2347 2388
2331 1279
3279 2948
3178 2841
2479 2510
3168 2777
3112 2822
3435 3094
2665 2602
2438 960
3166 2904
3392 3030
3255 2635
2562 2583
3326 3350
3015 2479
3323 2722
2348 1266
3216 2573
2407 1029
3162 2766
3141 2689
3343 3439
3037 2518
2495 2466
2401 968
2149 1671
3273 2610
2639 2708
2413 2551
2255 1347
3188 2745
3051 2393
3149 2689
3359 2892
2609 2905
3294 2439
3179 2971
3389 3078
2393 2567
3223 2959
3474 3099
3298 2948
2322 1280
2449 940
2557 2553
2332 1284
2584 2984
3526 3157
2698 2739
3244 2687
3844 2721
2673 2712
3204 2941
2478 2509
3352 2887
3106 2546
2379 1256
2408 1046
3129 2681
3328 2929
3468 3139
3497 3198
3558 3158
3426 3036
3152 2687
2668 2747
2377 2413
3346 3413
3262 2702
2357 2522
2374 2407
2375 2506
3897 2724
3283 2711
3508 3164
2513 1233
3446 3066
2579 2974
2317 1316
3368 3394
2594 2723
3327 2703
2410 1110
3162 2730
2606 2142
3048 2514
2627 2130
3433 3379
2414 981
3511 3262
2605 2750
3610 3128
3296 2690
2470 1147
3368 3402
2469 2508
2523 2920
3478 3136
2644 2697
3150 2907
3147 2827
3492 3115
2443 1083
3152 2634
2319 1253
2898 2543
2897 2543
3175 2500
2509 1200
3171 2525
2538 2943
3395 3090
2312 1321
2601 2786
3116 2801
2579 2902
2411 1033
3195 2712
3388 3016
2514 2875
2991 2484
3485 3316
3404 2959
2291 1248
3028 2519
2650 2560
2520 2923
3350 2965
2493 2600
3865 2741
2174 1637
3354 3350
2514 2563
2507 2556
3380 2967
3356 2649
2419 1181
2523 1209
3466 3332
3126 2693
2354 1007
2673 2711
3872 2739
2513 2551
3237 2928
3179 2911
2606 2752
3181 2844
2879 2553
3476 3093
2494 2591
3397 3102
3002 2567
2676 2606
3509 3083
2544 2554
3922 2783
2170 1621
2562 2964
3321 2400
3146 2638
2793 2502
3063 2440
3071 2523
3378 2976
3337 2410
3020 2506
3801 2798
2384 2444
2546 2568
2750 2563
3386 3042
3163 2731
3157 2803
3250 2670
3265 2485
2497 2568
2896 2538
3313 3375
2430 1049
3469 3097
3383 3397
2680 2720
3353 2669
2399 1016
3370 2906
2968 2504
3153 2824
3103 2525
3394 2986
3409 2962
3952 2765
2553 2929
2406 992
2816 2550
2564 2966
2430 968
3146 2585
2632 2692
2540 2926
2609 2718
3535 3191
2312 1248
3261 2468
2433 1075
3924 2777
2413 1114
3487 3165
3616 3131
3393 3101
3011 2505
3294 2446
3262 2952
2509 2553
3390 2973
3304 2440
3525 3146
3068 2620
3187 2971
2608 2748
3374 2339
3264 2489
3182 2642
3398 3061
2975 2520
3141 2788
2420 1159
3258 2696
2969 2555
2171 1566
2639 2579
3353 3355
2532 2929
2373 2494
3065 2519
3329 2919
2672 2712
2624 2800
3381 2999
3322 2924
3349 3446
2204 1412
3072 2545
2576 2938
3442 3064
3438 3070
2624 2667
3300 2443
2559 2927
2586 2892
3383 2940
2884 2574
2553 2719
2671 2754
3309 2469
3139 2574
2141 1664
2426 1171
3226 2656
3056 2613
3425 3027
3172 2645
2684 2741
3155 2801
2518 2565
3461 3110
3249 2601
2350 2531
3173 2869
3221 2715
2463 1219
2500 2542
2138 1656
3248 2627
2388 963
3229 2937
3183 2606
2512 2487
3529 3269
3290 2950
3369 2676
3196 2715
3499 3164
3134 2683
2504 2554
3541 3349
2456 2577
3840 2717
3412 2972
2581 2697
2316 1303
3095 2620
2371 2540
2475 1148
3250 2614
3100 2464
2286 1274
3343 2965
3573 3300
2177 1631
2584 2869
3328 2715
3249 2671
3284 2645
3280 2951
2633 2659
2417 996
3331 2706
3207 2757
3413 2961
2607 2764
3337 3401
3362 2963
3331 2961
3896 2725
2359 2527
3053 2415
2442 1204
2593 2897
2537 2940
3465 3347
3401 2986
3401 3380
3265 2564
2363 998
3912 2776
3517 3269
3524 3272
2965 2529
3399 3067
2186 1635
2942 2573
3350 2973
2464 1040
3154 2901
2511 1210
3196 2965
3321 3403
3029 2515
3951 2767
2133 1627
3355 2893
3088 2589
2736 2546
2493 2606
2750 2554
3304 2718
2792 2528
2405 1129
3327 2430
2356 1264
2335 1266
3253 2625
3528 3201
3138 2792
2945 2586
3133 2628
3098 2469
2663 2502
3328 3353
3254 2955
3366 2880
3532 3191
2900 2492
3146 2801
2682 2734
3345 3441
2602 2621
3126 2493
2513 1173
3375 2959
3107 2499
2418 1184
3113 2547
3303 3366
3899 2783
3271 2695
2417 1186
3355 3042
2515 1232
2596 2619
3089 2550
2971 2519
3064 2445
3091 2532
3089 2524
3168 2853
3864 2713
2892 2512
3484 3098
3368 3388
2629 2777
3346 3423
2463 1166
3894 2722
2361 1005
2891 2570
3248 2638
3217 2583
3505 3143
2271 1330
2707 2551
3168 2895
3305 2713
2510 1207
2514 2556
2392 1038
3287 2664
3111 2446
3268 2713
2497 2497
2410 1136
3249 2519
3358 2884
2364 1005
2497 2902
3342 2640
2422 1079
2543 1202
3800 2801
3281 2671
2551 2918
3487 3290
2606 2826
3338 2937
3324 2696
3203 2652
3492 3311
3326 2466
3249 2598
2626 2615
3001 2532
3323 2466
3168 2782
2432 2556
2600 2745
3229 2938
3121 2462
3908 2775
2615 2714
3145 2912
3361 3000
2566 2582
2289 1300
3487 3288
2588 2531
3345 3353
3486 3312
2545 2942
3098 2470
2394 1171
3097 2477
3160 2906
3310 2659
2420 1101
2605 2721
2575 2945
3334 2428
2597 2578
3359 2887
3231 2921
2705 2723
3324 2422
3473 3110
3341 3400
3003 2521
3351 2372
3314 3400
3396 3010
2586 2624
3468 3158
2443 958
3172 2499
2314 1306
2488 2505
2370 2496
2398 2444
3377 2908
3021 2528
3338 3367
3175 2527
3226 2663
2364 991
3438 3278
2352 2529
3178 2499
2340 2078
3328 3373
3535 3306
3350 2914
3305 2448
2652 2528
2146 1624
2642 2791
3411 3421
2571 2555
2542 2901
3257 2949
2808 2540
3134 2493
3469 3294
2397 1143
2945 2576
2794 2530
2891 2516
3468 3298
2420 1006
3325 2694
3073 2524
3348 3045
3022 2484
3501 3142
2451 972
2380 1215
2347 2373
2963 2503
3089 2532
2417 1093
3196 2628
3388 2936
2328 2387
3132 2799
3259 2573
3191 2642
3196 2525
2369 2417
2577 2977
3436 3414
2898 2560
2592 2730
3163 2823
2826 2538
3023 2485
3952 2768
3179 2613
2947 2572
2554 2559
3308 2647
2301 1249
3367 2935
2599 2862
2489 2597
2489 1219
3353 3447
2291 1300
2438 1213
2169 1647
2690 2554
3258 2464
3477 3135
2491 2509
3356 3044
2546 2969
2432 1049
3205 2531
2670 2718
2392 2481
2741 2550
3378 2344
2571 2955
2141 1627
3206 2530
3126 2801
2322 1237
2898 2542
2334 1280
3894 2775
2289 1297
3403 3400
2598 2628
3366 3420
2791 2507
2482 2502
3258 2462
3441 3278
2252 1351
2596 2794
2957 2531
3263 2561
2144 1670
2540 2727
2525 1149
2571 2971
3807 2784
3069 2421
2353 2533
3387 2994
2365 965
2593 2549
2632 2720
2385 2412
3072 2447
3162 2787
2512 1166
2592 2891
3501 3133
3193 2606
2513 2897
2522 1175
2409 1034
2525 2724
3904 2737
3081 2551
3295 2476
3211 2684
2463 1058
3382 3037
3194 2643
2785 2512
3129 2683
3403 3390
2428 1192
2572 2950
2385 2449
3386 3018
2529 2949
3193 2603
3550 3195
2315 1318
2511 2951
3331 2710
3201 2651
3017 2510
3166 2774
2764 2522
2714 2560
3517 3209
2318 1239
3114 2472
3470 3290
2418 1183
2579 2889
2561 2568
2944 2567
3293 2648
2372 1215
3118 2455
2380 2536
2966 2571
3163 2848
2441 1070
3929 2768
3345 2382
2425 1092
3439 3039
2287 1300
3312 2921
2699 2566
3306 2734
3277 2669
2351 2419
3363 2892
2459 2564
3162 2767
3417 3409
3117 2490
3238 2922
3531 3256
2815 2535
3236 2669
3354 2649
2313 2402
3232 2650
2137 1637
3515 3292
1933 2371
2817 2534
3115 2468
2355 2535
2622 2634
2423 1177
3405 3077
2387 2428
3122 2716
2762 2514
3810 2805
3208 2634
3485 3317
3510 3162
3586 3305
2365 946
2608 2759
2524 2955
3387 2935
3221 2629
3332 2941
3170 2780
3154 2634
3161 2690
3221 2732
2575 2686
3082 2538
2901 2487
2601 2699
2301 1303
3512 3279
3241 2712
3536 3326
2628 2782
3531 3179
2440 1047
2523 2872
2598 2862
3209 2762
2427 2569
2554 2892
2960 2533
3277 2708
3019 2479
3168 2512
3477 3107
3211 2657
3395 3063
2306 1327
3937 2765
3177 2853
2589 2741
3949 2757
2353 1247
2579 2907
3306 2463
2416 1181
3085 2492
3935 2777
2188 1495
3120 2569
2816 2545
3226 2715
2146 1668
2538 2908
3101 2465
2963 2542
3141 2650
3213 2532
3311 2461
3313 3391
3439 3349
3378 2913
3509 3155
3491 3093
2325 1254
3219 2497
2570 2937
2728 2554
2502 2582
3355 3386
2559 2758
3419 2980
3101 2558
3311 3354
3242 2671
3114 2443
3287 2668
3177 2878
2651 2677
2633 2811
2133 1628
2540 2718
2735 2561
3311 2921
3254 2522
2581 2868
2294 1305
3307 2639
3731 2847
3199 2931
2613 2776
3849 2705
3354 3436
3156 2794
3203 2972
3304 3384
3275 2705
2388 2412
2624 2818
3190 2718
3178 2845
3399 3004
3485 3140
2322 1282
2512 2537
2645 2113
2335 1001
3468 3097
3535 3346
3000 2489
3017 2452
2394 2412
2408 1129
3299 2950
2900 2562
3200 2928
2527 2708
3027 2480
3477 3120
2729 2567
3347 3431
2589 2744
2890 2582
3467 3292
3309 2700
3226 2594
2360 1243
3278 2467
3497 3089
3525 3348
3549 3334
2643 2114
3526 3329
3372 2927
3283 2647
2498 2583
2649 2618
3087 2591
2706 2574
2389 993
3085 2544
2910 2558
3531 3138
3296 2713
3131 2671
2688 2549
3435 2984
2568 2584
3449 3349
2536 2928
2185 1471
2846 2533
2569 2690
3388 3409
2362 1221
3382 2904
3027 2486
3885 2709
3319 2943
3192 2607
3520 3116
2559 2572
3543 3349
2581 2585
2424 1095
3902 2767
3365 2393
2627 2613
2990 2572
3283 2492
2430 923
3165 2725
2416 1066
3124 2625
2605 2751
2343 2407
2551 2731
2585 2755
2439 2576
3072 2414
3482 3279
2434 2556
3331 2640
2147 1670
3424 3265
2483 2575
3026 2461
2607 2903
2436 1045
3167 2774
3302 2715
2301 1240
3273 2481
3356 2347
2729 2562
3518 3115
3346 2888
3340 3377
3196 2730
2347 2410
3120 2546
2513 1228
2384 998
2657 2706
3331 3374
3395 3113
3167 2650
2458 1055
3368 2337
3228 2505
2170 1637
3160 2898
2190 1477
3077 2437
3087 2500
3389 3076
2538 2721
3086 2488
2541 2894
3095 2433
3247 2595
2608 2781
2277 1243
3418 2984
3190 2526
3946 2760
3377 3092
2407 1141
3930 2769
2247 1366
3075 2401
3361 2964
3848 2721
2337 1000
3069 2426
2431 2573
3223 2628
3157 2701
3433 3407
3509 3140
3531 3133
2362 1208
2619 2809
2612 2775
3192 2619
2584 2868
2445 941
3180 2604
2550 2747
2396 1014
3183 2614
2365 2517
3295 2638
2423 1090
2402 992
3262 2457
3200 2945
2947 2573
3052 2508
2581 2973
2594 2848
2640 2677
3025 2519
2682 2605
3420 3050
2454 947
2399 2442
3290 2623
2803 2517
2311 1254
2616 2149
2350 2372
2363 978
3270 2612
3312 3384
2539 1145
3490 3288
2528 2728
3349 3437
2139 1659
2384 1218
3183 2530
3287 2447
2370 2490
2496 2904
3122 2630
3339 2945
2717 2579
3231 2919
3333 2918
2544 2484
3402 2985
3347 2380
3283 2648
2465 1017
3038 2493
3059 2441
3346 2883
2635 2580
3327 2702
2969 2506
2603 2149
3922 2766
2174 1624
2634 2636
3002 2469
2390 2468
2579 2762
2611 2577
2996 2481
3056 2391
3266 2565
3278 2627
2630 2674
2698 2577
3940 2763
2289 1304
3153 2825
3207 2928
3379 2913
2636 2570
2582 2929
3314 3401
2816 2532
3495 3160
3330 3371
2605 2836
2471 2567
3408 3423
2424 971
2599 2897
3348 2964
3223 2595
3155 2792
2667 2615
3047 2498
2519 1152
2289 1321
2399 1131
3474 3322
2694 2752
3567 3318
2520 2953
2420 1086
3239 2509
2513 1218
2813 2551
3454 3373
3883 2767
2598 2779
3409 2952
3312 2711
2427 972
2264 1356
3245 2591
3889 2743
2445 957
2364 1009
3210 2955
3340 3383
2365 992
2471 2506
2592 2724
3061 2504
2960 2573
2465 1025
2343 1274
3887 2724
3096 2466
2408 2551
3269 2693
2983 2543
2897 2511
2294 1272
2683 2756
3192 2718
2383 2434
3519 3348
3531 3190
2364 975
2409 992
3389 2948
2352 2389
3371 2940
2362 983
2262 1367
2580 2969
3503 3196
3404 3399
3581 3298
2940 2575
3182 2613
3251 2930
3386 3404
2373 2495
2602 2706
3176 2854
2408 1150
3440 3346
2709 2589
2468 2574
3214 2759
3203 2939
3343 2966
3172 2498
3001 2461
2876 2554
3234 2703
3375 2970
2904 2504
3903 2768
3207 2640
2989 2510
3300 2726
3171 2867
2516 1175
3368 2935
2557 2925
3309 2460
2336 1266
3267 2684
2985 2514
3073 2552
3493 3286
2585 2587
2314 1320
3895 2762
3241 2929
3195 2611
3159 2740
2515 2393
3438 3051
3051 2390
3484 3092
2479 969
2584 2891
2358 1229
2456 2569
3093 2620
3305 2441
3299 2728
2505 2580
3400 3010
2674 2499
2788 2516
3517 3185
3190 2699
2418 1143
3065 2613
3069 2550
3377 3070
2370 962
3167 2745
3325 2475
3346 2382
3375 3031
2929 2575
2141 1667
3222 2601
2398 2413
2526 2952
3148 2909
3571 3328
3393 2991
2580 2722
3307 3371
2626 2607
3200 2938
2287 1241
3327 2383
3160 2905
2389 2463
3435 3408
3086 2506
3082 2456
3421 3392
3166 2777
2377 1201
3526 3132
2532 2912
3115 2617
2602 2741
3372 2349
3346 3447
3184 2924
3327 3369
2310 1268
3125 2691
2909 2570
3411 3401
3377 2658
3060 2408
2385 2433
3532 3169
2556 2549
3177 2731
2629 2616
3030 2473
2431 946
2512 1218
3383 2978
2381 2538
2333 999
2630 2135
2547 2549
2506 1769
2577 2557
3035 2407
2661 2711
2562 2567
3282 2708
3145 2606
3306 3359
3432 3407
3093 2538
2362 1220
2665 2514
3257 2497
2623 2671
2439 963
3924 2762
2561 2686
3535 3145
3477 3324
3110 2619
2564 2890
2509 2537
2544 2476
3084 2545
2463 952
2533 2929
2519 1209
3888 2723
3031 2461
2969 2505
3116 2622
3025 2474
3220 2520
3334 2724
2464 1218
3357 2974
2951 2581
2354 972
3098 2562
2509 2547
3375 2672
2702 2573
2391 1145
3117 2621
2830 2548
2722 2561
3523 3191
2395 1202
3138 2688
2633 2124
3923 2789
2133 1629
3433 3067
3319 2945
3072 2477
3533 3202
3237 2509
2623 2822
2538 2479
3249 2621
3265 2693
2889 2518
3161 2890
2474 1217
3244 2962
3323 2696
3159 2789
2941 2591
3342 2978
3072 2487
2730 2553
3252 2504
2903 2553
3897 2742
2632 2810
3479 3115
3237 2540
2457 1212
3213 2632
2443 2575
2551 2934
3291 2953
2400 2559
3115 2603
3272 2668
2512 2955
3216 2588
3085 2612
2297 1273
2415 2550
3350 3438
3050 2415
2529 2739
3099 2529
3365 2395
3338 2702
2309 1305
2643 2561
3039 2407
3165 2590
3474 3336
2560 2731
3535 3266
3265 2471
3252 2601
3121 2570
2633 2696
3228 2628
3239 2631
3449 3068
3937 2769
3349 2899
3269 2663
3101 2559
2964 2546
3360 3000
3045 2519
2406 1048
2624 2633
2195 1469
3386 3012
3062 2519
3129 2718
3347 3436
3848 2720
2410 1106
3278 2476
2143 1669
3434 2980
3438 3037
3356 3448
2310 1307
2338 1241
2607 2792
2685 2730
2624 2669
2152 1678
2605 2695
2131 1652
3117 2622
3804 2811
2876 2573
3353 2910
2970 2539
3266 2630
2679 2734
3163 2645
3293 3385
3331 2921
3331 2711
3134 2831
3011 2503
3524 3144
2375 2410
3507 3279
3254 2957
3313 3382
2590 2616
2335 1257
3282 2626
3351 2635
3784 2792
3390 3099
2535 1205
3433 3040
3398 3091
3529 3199
2259 1344
3230 2552
2397 2546
3179 2733
3384 2940
3385 2927
2567 2975
3451 3291
3799 2783
3526 3239
3912 2741
2176 1464
3581 3317
3326 2421
3164 2853
2622 2807
3106 2536
3249 2934
2347 2376
2620 2823
2619 2663
2345 2404
3430 3351
3400 3001
3337 2408
3886 2731
3518 3205
3383 2983
2632 2126
3347 3027
2400 2536
3117 2474
2686 2547
2435 1071
2588 2594
3943 2756
3226 2627
2393 2418
2396 2445
3508 3182
2616 2635
3343 2703
2538 2726
2423 1069
3257 2566
2354 1270
3311 2709
2612 2840
3217 2654
2365 997
3342 3380
3251 2609
2825 2529
3236 2529
2667 2716
3437 3050
2784 2519
3062 2503
3171 2736
2364 2402
2629 2140
3927 2769
2898 2539
2397 2433
2431 2574
2384 2453
2340 1242
3473 3294
3496 3116
2525 2954
3178 2739
2642 2789
2624 2679
2897 2521
3258 2626
2428 1147
2610 2680
2398 2432
3316 3377
3422 3391
3330 3043
3194 2521
2602 2558
3197 2920
3353 2889
3369 2939
2290 1361
2374 2492
3470 3158
2413 1137
3335 2947
2163 1679
3029 2519
3950 2770
3296 2649
3117 2475
3350 2350
2387 2483
2531 2950
2621 2842
2405 1204
3318 2412
3568 3332
2377 1197
3303 2440
3007 2491
2580 2588
2428 920
2421 1099
3108 2620
2583 2589
3252 2628
3330 2927
3449 3061
3115 2549
3370 3026
2456 1040
3190 2860
2468 1028
3471 3302
3173 2877
3348 3444
3127 2698
2614 2777
3132 2697
3223 2704
2434 1210
3318 2437
2333 1237
3423 2975
3348 2913
3414 3269
2525 1185
2329 1250
2432 970
2477 2480
2188 1496
3074 2441
2393 968
2383 2501
2334 1006
2436 1075
2463 2576
2494 2515
2676 2709
3498 3092
2593 2877
2576 2704
3008 2515
2281 1284
3179 2908
3289 2484
2348 2409
3567 3154
3200 2935
3264 2492
2427 1168
2249 1337
3876 2716
2285 1361
3133 2617
2376 2450
3372 3056
2680 2584
3321 2407
2641 2524
3392 3124
2903 2495
3490 3313
3490 3166
3807 2801
3378 3041
2573 2959
3208 2946
3890 2742
3218 2525
2546 2569
2630 2142
2522 2874
3321 2437
2611 2836
2460 1206
2993 2510
2385 1219
2592 2853
3426 3367
2648 2621
2264 1363
2388 947
2652 2619
3782 2794
3458 3345
2570 2550
2458 1057
2419 1071
3196 2735
2715 2573
3354 2912
3318 2635
2331 2382
3350 3046
2629 2135
2528 2883
3252 2697
3868 2717
2431 929
3231 2958
2496 2468
3309 3370
3364 2422
3362 3397
3475 3096
2377 981
3359 3423
2491 2510
2574 2556
2847 2520
2580 2928
2584 2866
2996 2516
2373 1257
3439 3269
3025 2541
3474 3334
2408 1018
3061 2408
3254 2931
3247 2571
3309 3369
2676 2496
3579 3323
3558 3315
2319 2401
3380 2953
3230 2955
2520 1170
3615 3131
2264 1338
3385 3028
2589 2541
2579 2939
2402 2553
2589 2745
2426 1189
3151 2810
3175 2698
2456 1218
2741 2547
2618 2127
2287 1324
2588 2737
2372 2419
3443 3088
3511 3123
2636 2598
3526 3150
3141 2595
2617 2777
3134 2676
2549 2918
2610 2621
3515 3290
3329 2962
3224 2958
3332 2412
3161 2846
3434 3409
3180 2713
2479 962
3231 2550
3229 2940
3534 3204
3309 2440
3261 2701
2388 986
2516 2923
3548 3192
3329 3043
3315 2438
3521 3301
3216 2988
2580 2592
3190 2943
3389 2932
3424 2982
2333 1266
2512 2674
3462 3360
2584 2987
3416 3416
2671 2718
2460 1163
3327 2397
2532 2886
2360 2496
2812 2545
2382 996
3727 2854
3161 2747
3341 2940
2446 1067
3351 2912
2638 2547
3328 2431
3461 3371
3176 2596
2750 2517
2590 2867
2584 2528
2336 1004
3443 3101
2446 2575
2380 2432
3201 2690
3101 2555
2623 2831
3350 2898
3376 2946
2624 2701
3343 3437
3269 2637
2529 2572
3521 3188
3528 3311
3174 2872
2738 2546
2463 971
2710 2587
3337 2971
3483 3122
3273 2484
3126 2706
2593 2892
2408 992
2519 1164
2632 2687
2641 2677
3249 2620
3885 2717
2890 2526
3238 2542
2643 2564
2750 2562
2337 1226
2421 1005
3108 2639
2494 1183
2193 1461
3372 3419
2432 1145
2623 2679
2534 2945
2896 2584
2573 2751
2428 1017
3232 2600
3156 2644
3228 2916
2479 1172
3328 2414
2195 1481
3374 2672
2545 1198
2675 2645
3267 2683
3461 3088
2998 2485
2620 2835
3387 3035
2976 2517
3075 2488
3182 2644
2735 2562
2481 2518
3370 2413
3858 2708
3029 2458
3513 3280
3307 2919
3077 2392
2418 1161
3444 3061
3082 2468
2606 2746
3354 2349
3470 3110
3363 2672
2528 2569
3189 2696
2908 2569
3233 2595
2595 2856
3500 3153
3221 2508
3442 3270
2490 2596
3535 3328
3414 3412
2366 2487
2438 1208
3428 3373
2455 1189
2699 2564
2586 2757
2975 2513
2635 2772
3435 3273
2227 2217
2435 2562
3163 2743
2503 2868
2617 2714
3466 3334
2681 2735
3203 2921
2697 2738
3297 2960
3170 2743
3072 2426
3233 2959
3169 2830
3537 3343
3349 3048
2408 1040
3387 2932
3012 2460
3142 2798
3322 2693
2164 1562
3467 3289
3072 2398
3253 2573
2329 1301
2764 2520
2605 2578
3265 2463
2598 2698
2512 2906
2440 1177
2703 2711
2915 2572
3101 2624
2735 2563
3540 3237
3248 2517
3941 2763
3510 3311
2670 2754
3537 3340
2646 2108
2147 1622
3018 2478
2496 2470
2448 1063
2605 2582
3156 2584
3349 2645
2348 2368
3373 2884
3537 3310
2249 1362
3146 2642
2977 2516
2293 1271
2400 1039
2590 2872
3876 2721
3072 2411
3445 3060
3280 2947
2757 2516
2623 2815
3468 3301
2436 1084
2577 2741
3269 2683
2946 2594
3344 3435
3161 2752
2697 2568
2844 2520
3285 3390
3110 2573
2482 1169
3205 2525
2435 2569
2963 2539
2550 2731
2894 2555
2410 2452
2355 1258
2685 2585
2393 2453
2498 2485
3249 2628
3221 2982
2505 2512
2514 2874
2410 1124
3379 2909
3014 2504
3874 2725
2407 2446
3216 2982
2260 1337
2444 1067
3419 3043
2600 2736
2510 2549
2402 2458
3171 2643
3031 2482
3514 3282
2535 2886
2500 2587
3311 3375
3468 3137
3849 2715
2414 983
3168 2775
2728 2582
3037 2400
3204 2970
3224 2639
3019 2541
2508 2951
3088 2591
3295 2653
2417 1168
3125 2805
3238 2555
2350 2410
2841 2519
3026 2465
3241 2623
3199 2739
3259 2537
2522 2560
3350 2352
3162 2900
2577 2749
3473 3349
3134 2672
3387 2933
2456 1236
2346 2410
3378 2890
2332 1004
3369 2653
3179 2497
2681 2753
3031 2492
3330 2475
3261 2955
2582 2747
3074 2423
2399 2414
2606 2594
2327 2385
2760 2528
3268 2471
3193 2523
2404 1118
3530 3312
2670 2744
2598 2727
3299 2469
2431 912
2417 1082
2891 2503
2354 1268
2822 2553
3345 2981
3438 3050
2693 2595
2270 1335
3444 3083
3145 2814
2949 2594
3080 2476
3431 3046
3575 3320
3382 3074
3121 2558
3083 2549
3220 2573
3365 2658
3794 2780
3395 3114
2395 1143
3184 2840
3179 2737
3794 2777
2587 2761
3366 2918
3290 2660
2360 953
3222 2964
3177 2698
3269 2463
3236 2503
2582 2864
2615 2820
2486 2572
2336 2399
2403 2553
3033 2458
3340 2969
2514 2564
3353 2351
3475 3167
2227 2219
2389 954
3345 2386
3805 2782
3322 2728
3271 2678
3477 3165
3364 3400
2301 1268
3474 3325
2882 2542
3458 3373
2583 2586
3355 3045
2387 1210
2794 2507
2966 2566
2376 2416
3254 2574
2268 1354
2655 2525
2470 1166
3849 2723
3300 3390
3030 2480
2674 2758
3183 2619
3050 2404
3241 2967
2576 2766
2556 2980
3553 3221
3172 2657
2531 2931
3351 2976
2655 2117
3923 2758
3517 3268
3383 3037
2589 2854
3112 2556
3435 3050
3343 2883
2815 2524
3337 3359
3329 2432
2431 1207
2840 2535
3022 2540
2371 1212
3125 2566
2572 2755
3257 2947
2335 1244
2486 1206
3096 2554
2366 2412
3314 2736
2983 2545
2998 2526
3185 2643
2623 2790
3524 3346
3160 2630
2253 1364
2870 2541
2539 1150
3498 3133
3361 3400
3388 2945
3276 2473
3176 2534
3379 2964
2604 2143
2634 2679
2649 2622
2628 2784
3924 2758
3572 3325
3863 2704
3213 2654
3121 2454
3221 2501
2400 2553
2436 1072
3346 2630
2396 962
2530 2722
3476 3123
2891 2563
3203 2731
2492 1192
2604 2784
3187 2522
3370 2947
3469 3114
2523 1201
2544 1206
3469 3351
3194 2752
2619 2636
3231 2981
3238 2945
3169 2513
2460 1232
2349 2529
2680 2753
3341 3365
3516 3192
3359 2964
3114 2804
2186 1636
3075 2422
3184 2695
2419 1009
2583 2543
3318 2714
2986 2513
2313 1256
2893 2506
2904 2494
2675 2749
2641 2590
2474 2566
2648 2520
2656 2623
3484 3095
2514 2869
2494 2569
2599 2774
3304 2638
2400 1129
2903 2490
2330 1242
3450 3067
2620 2789
3092 2446
2515 1181
3019 2544
3091 2548
3084 2547
2542 2496
2415 953
2416 977
3363 2676
3420 3047
3573 3307
2559 2892
2601 2839
3173 2870
2987 2514
2831 2531
2359 1005
3274 2711
3146 2817
3254 2697
3584 3303
2613 2615
3227 2965
2524 1203
3146 2786
2425 968
3334 2646
2439 1070
2559 2931
2365 2527
3319 2684
3307 3403
3341 3364
2457 1233
2641 2704
3127 2564
3021 2526
3304 2690
3262 2635
2744 2549
3562 3330
2542 2736
3333 2421
2318 2401
2627 2142
2540 2912
2391 970
3419 3411
3057 2448
2384 1258
2499 2525
2819 2539
3298 2726
2604 2602
3519 3296
3249 2917
3205 2686
3144 2587
2415 958
3238 2923
2420 973
2601 2621
3073 2481
2697 2578
2546 2972
2545 1209
3172 2705
3360 2430
3515 3133
3339 2646
3528 3149
1932 2375
2752 2527
3095 2627
2429 2580
2671 2744
3067 2419
2591 2557
2949 2580
3221 2503
3261 2926
2561 2567
3583 3319
3190 2717
2201 1414
3275 2703
2314 1250
2374 2501
2395 1210
2814 2522
2429 1193
3006 2452
2485 2510
3306 2722
2940 2574
3031 2485
2582 2544
2548 2731
2430 920
3316 2462
3136 2599
3897 2780
2584 2713
2514 2938
2896 2522
2574 2549
3428 3412
3202 2687
2422 971
3262 2705
2416 1115
3512 3131
3150 2824
3494 3096
3324 2466
2499 1201
2369 2547
2649 2585
2550 2564
2598 2795
2599 2620
3939 2763
2565 2554
3581 3303
3175 2892
3055 2602
2365 2516
3228 2593
2420 1084
3362 3424
2388 992
3049 2389
2430 946
2986 2517
2324 1282
3206 2653
3373 2343
2631 2665
3142 2587
2670 2617
3089 2446
2596 2855
3486 3313
2541 2919
3113 2625
2874 2568
3484 3138
3169 2906
2621 2799
3094 2445
2592 2552
3102 2619
3321 2438
2417 978
2750 2535
3182 2618
3243 2975
3099 2437
2557 2748
3252 2662
3218 2573
3808 2786
2246 1365
2481 2578
2599 2699
2729 2553
3510 3289
3086 2489
3083 2411
2607 2842
2566 2570
2583 2623
3015 2552
2386 989
3077 2393
3350 2357
3468 3335
2173 1637
3357 2381
2146 1673
3506 3083
2906 2507
2594 2869
2594 2625
3147 2640
2719 2563
3389 3018
3215 2761
3447 3109
3013 2455
2435 1073
3329 2635
2969 2512
3883 2776
3359 2370
3358 2971
2621 2827
2627 2773
2640 2133
3339 2963
2359 1008
2293 1242
3315 2734
2194 1486
2359 2495
2810 2543
2710 2560
2407 986
3398 3099
3267 2924
2327 1286
2382 2532
2507 2490
2881 2542
3130 2629
2520 2963
2376 1195
3253 2623
3349 2916
2696 2734
3526 3278
3037 2516
3050 2599
3202 2690
3384 2339
2460 949
3526 3265
2332 1235
2425 1186
3482 3115
3165 2727
2590 2878
3182 2969
2739 2527
2597 2864
3160 2765
3384 2341
3118 2802
3176 2785
2141 1628
3249 2955
2331 1250
2689 2541
2170 1453
3895 2759
3925 2783
2612 2768
2575 2937
2501 2471
3901 2777
3355 2942
2961 2571
3253 2553
3073 2547
3215 2580
2391 1129
3078 2550
2607 2153
3925 2763
2437 932
3209 2727
3382 2947
3258 2568
2405 2553
2596 2724
2763 2556
3247 2543
3070 2538
2856 2533
2582 2760
2599 2599
2458 1013
3309 2619
2803 2543
2271 1360
2487 1222
3380 2960
2612 2632
3411 2972
3368 3071
2347 2402
2953 2532
2892 2545
3385 2339
2513 2555
3481 3282
2352 1000
3364 3386
2603 2826
3388 3378
2529 2732
2830 2537
3610 3127
3331 3370
2411 2548
3316 3381
2556 2554
3520 3185
2577 2709
2608 2843
2877 2548
2756 2558
3092 2622
3237 2927
3357 2999
2600 2577
3265 2486
2417 1055
2631 2603
3082 2403
3522 3295
3003 2469
3212 2526
3343 3416
2365 2401
3567 3341
3075 2440
2542 1143
3241 2582
3533 3192
2500 2902
2653 2704
2703 2719
3011 2454
2643 2586
2153 1677
2511 2895
2588 2559
3011 2459
2623 2853
3180 2605
3263 2467
3137 2832
3311 2734
2573 2705
2402 1152
3289 2634
2898 2540
2282 1303
2401 2456
2489 2475
3509 3127
2699 2541
2960 2542
2621 2652
3355 3446
2323 1272
3569 3158
3571 3322
3788 2794
2683 2603
3358 3054
3192 2748
2449 963
3369 2945
3131 2694
2593 2148
2624 2610
3122 2802
2468 1030
3920 2779
2627 2818
3388 3074
3385 3092
3471 3116
3435 3268
3089 2447
3255 2562
2459 1212
3459 3059
3501 3116
3198 2724
2898 2550
3189 2945
2631 2631
2626 2612
2314 1247
2429 983
3114 2473
3335 2638
2260 1361
3381 2970
2586 2543
2531 2569
3090 2618
3105 2639
3352 2895
3418 2985
2604 2734
2606 2575
2287 1263
3369 3394
3321 2415
2669 2717
3313 2729
2621 2636
3292 2665
2879 2537
3926 2763
3335 2410
3268 2681
2517 2931
3222 2987
3871 2715
3180 2792
3294 2624
3354 2957
2350 1247
2346 2371
2157 1441
2603 2595
3299 3388
3317 2946
2654 2118
3179 2643
2544 2739
3517 3174
3111 2803
3395 3127
2530 2919
2364 2497
3476 3142
3263 2620
2410 1193
3129 2621
2300 1305
3346 3432
2367 2516
2512 2884
2410 1187
3308 2922
3119 2624
3891 2743
2980 2570
3314 2698
2600 2586
3177 2906
3529 3171
2476 957
3158 2638
3080 2468
3910 2777
2327 2383
3070 2417
3237 2603
3468 3136
3573 3322
3321 2923
3369 3063
2433 968
2964 2530
3438 3036
2375 1205
2372 2407
3902 2739
2401 2428
3872 2716
3453 3280
3114 2577
2754 2518
3082 2527
3140 2646
3315 2434
2425 926
2638 2679
3422 3273
2652 2681
2643 2539
2738 2558
3158 2750
2663 2723
3180 2528
3347 2903
2585 2964
2428 943
3102 2430
2629 2693
2440 960
3024 2465
3326 2694
2599 2730
2345 1001
3034 2456
2334 1245
3489 3165
3361 2370
3917 2765
3149 2908
3511 3089
2384 2452
2844 2522
3243 2711
3527 3187
3899 2785
3206 2738
2978 2516
2476 2516
2641 2542
3060 2506
3173 2534
2636 2541
3905 2735
2363 1213
2597 2600
2443 942
3010 2566
3254 2625
2610 2636
2624 2642
3525 3162
2475 2480
3075 2406
3280 2676
3401 3000
3499 3189
3164 2514
3254 2636
3303 2726
3177 2711
2257 1347
3201 2927
2998 2525
2349 1002
2580 2718
2594 2767
3139 2575
2507 2555
3210 2535
3390 3389
3076 2530
3205 2651
3092 2448
3412 3405
3256 2929
2457 1203
2361 2414
2545 1208
3077 2403
3447 3084
3071 2422
3248 2556
3183 2639
3391 2946
2509 1204
2466 1168
2376 2530
3470 3131
3885 2710
3167 2849
2729 2547
2946 2580
2607 2789
3396 3063
2291 1259
3135 2702
2712 2565
3382 3402
2483 1213
2449 969
3502 3112
2440 1046
3498 3141
2603 2621
3507 3256
3160 2688
2503 2540
2514 2889
2370 1251
2677 2500
3146 2637
3145 2845
3081 2517
3119 2631
2931 2573
3176 2881
2626 2685
3343 3436
2580 2730
3388 3407
3210 2960
2987 2515
2577 2725
2294 1268
3525 3192
2512 2911
3490 3314
3132 2680
2371 2495
2815 2532
3483 3094
2489 1215
2164 1387
2283 1292
3228 2976
3471 3354
3109 2441
2601 2841
2776 2518
2626 2606
3171 2605
2649 2522
2317 1256
2419 1168
3305 2442
2626 2642
3130 2631
2256 1355
2494 2590
2464 1025
2507 2937
2197 1462
2683 2633
3363 2656
3181 2925
3247 2636
3424 3358
2422 1158
3171 2874
3369 2899
2636 2677
3307 2661
3414 3417
2636 2760
3515 3308
3008 2517
3074 2400
2584 2986
3565 3147
2789 2518
3566 3329
2841 2520
3350 2636
2644 2693
3563 3336
2537 2942
2859 2534
3084 2542
3204 2735
3297 2639
3521 3296
2621 2814
3067 2428
2859 2527
2504 2580
3135 2836
2286 1321
3359 3424
2470 1164
2885 2549
3449 3072
3898 2749
2735 2539
3256 2501
3882 2711
2431 1206
2803 2523
3500 3093
3372 2949
2537 2484
2390 966
2417 1097
3168 2785
3185 2617
2559 2974
2612 2773
3563 3155
2939 2592
3383 3069
3181 2856
2613 2727
3224 2664
3440 3354
2623 2672
2359 994
3879 2724
3351 3351
2519 1158
3382 2908
2407 992
2527 2931
3108 2606
3377 2886
3519 3175
2361 949
2575 2729
3255 2551
3146 2576
3365 2367
3112 2484
2412 1054
3343 2981
3230 2975
3388 3124
2515 1176
3467 3138
3353 2963
2432 976
2398 1211
2412 1019
3130 2831
3335 3381
3304 2464
2608 2711
2378 1219
3292 2651
3383 3404
3469 3290
2460 1026
3312 3365
3184 2617
2474 2507
3510 3184
2362 1212
3356 2358
3307 3395
3321 2728
2857 2533
2760 2519
3196 2719
3900 2740
2414 1187
3210 2725
2415 1186
3543 3331
3892 2773
3201 2761
3436 3376
3217 2946
3490 3286
2613 2771
3325 2723
3277 2672
3164 2580
2351 2370
2339 1252
2430 971
3341 2898
3373 2886
3520 3296
2445 932
2969 2553
3367 2884
2378 1259
2625 2778
2591 2623
3351 3397
2963 2502
3326 2695
3400 3121
3234 2692
3100 2552
3380 3092
3018 2525
2396 2543
2402 1149
3169 2527
2386 998
3424 3392
3215 2506
2531 2944
2970 2513
3369 2998
2489 2506
3171 2828
2307 1327
2521 2697
3504 3197
3089 2514
2373 964
3071 2545
2578 2710
2360 1210
2513 2873
2295 1307
3020 2536
3337 3403
2552 2549
2274 1316
3311 2708
3367 3402
2192 1497
2795 2519
3414 3060
3206 2637
3209 2531
3122 2463
2355 1231
3423 3386
3378 3421
2525 2470
3368 2672
3458 3362
3304 3394
2579 2938
3399 2987
2318 2391
2684 2595
2634 2611
2494 2527
3310 2418
3360 3386
3592 3301
2669 2613
3169 2656
2697 2547
2370 2543
3342 3379
3329 2428
2331 2390
2367 2416
2550 2732
3081 2457
2737 2551
2521 2964
2208 1465
3097 2553
3140 2599
3211 2682
2413 1134
3257 2503
3438 3067
2295 1272
2310 2396
3534 3187
3343 3349
3407 2969
3028 2525
3205 2684
3389 3408
2493 2607
3230 2701
2392 1134
2430 2565
3294 2954
2409 1038
2508 2572
3160 2591
3164 2633
3567 3156
3125 2558
2513 2895
3396 3073
2350 2408
3538 3227
3939 2756
3277 2671
3108 2538
2470 1157
2489 1221
3358 2346
3039 2496
3505 3286
2484 1218
2601 2603
3321 2622
2399 993
2530 2950
2883 2539
3091 2523
3259 2932
3015 2557
2944 2593
3382 3398
2697 2731
3353 3445
3487 3287
3537 3177
3367 2659
3941 2757
2401 2466
2559 2754
3377 2892
3483 3308
3196 2643
3271 2636
3120 2635
2686 2591
3384 2994
3444 3085
3454 3057
2486 1170
3177 2905
3248 2581
3312 2710
2172 1617
3391 2989
3084 2469
3285 2644
3181 2736
3376 2341
3236 2538
3122 2798
2425 1042
2589 2746
2763 2529
3167 2795
2988 2572
3309 3371
3357 3446
3315 2921
3190 2615
3197 2707
3018 2544
2437 913
3500 3134
2480 1227
3205 2761
3925 2777
2745 2528
2880 2541
3156 2796
3392 3098
2404 2424
2691 2741
2551 2555
3496 3283
2825 2519
2586 2857
3387 3078
2473 1031
2424 1058
3162 2737
2669 2713
3043 2398
2763 2540
3445 3101
2397 1205
2326 1287
3385 2991
2676 2504
2307 1248
3356 2915
3890 2758
2478 958
3449 3071
3246 2966
3233 2601
2556 2746
3247 2517
2389 2474
3891 2723
2290 1265
3426 3361
2550 2562
2415 2548
2586 2556
3271 2697
3105 2495
2417 1196
2605 2823
3179 2847
3353 3349
2401 989
3218 2597
2583 2889
2762 2542
2431 983
2563 2750
2398 2561
3893 2775
3227 2528
2474 1169
2628 2681
2396 1210
3242 2922
3322 2415
2425 2556
3240 2693
3209 2945
2443 1067
3121 2626
2590 2910
3144 2597
3075 2410
3298 3390
2628 2847
2379 1203
2410 1122
3275 2460
3229 2627
3299 2621
3234 2557
2605 2615
2401 1123
3204 2972
3513 3292
3318 2939
2621 2779
2734 2564
3550 3145
3398 2966
2468 1155
3882 2732
2438 1177
2258 1355
3059 2447
3307 3397
2523 1150
2422 976
3338 2420
2629 2128
3379 2967
3194 2712
3227 2975
2349 1269
2474 2571
3148 2811
3253 2507
2392 2504
2531 2740
2197 1461
3518 3299
3364 2916
2617 2127
3528 3150
3067 2423
2762 2543
3374 3040
3235 2560
3250 2572
2534 2938
3387 2337
3110 2628
3246 2558
3389 2946
3035 2496
3537 3344
3111 2604
3102 2476
2591 2592
3497 3283
2502 2576
3155 2857
2500 2901
2636 2762
3067 2449
3167 2723
3230 2594
3881 2733
2515 2876
3173 2712
3223 2630
3507 3116
2136 1639
2399 1147
2682 2540
3153 2634
3015 2481
3205 2696
3137 2790
2459 2582
3249 2609
3226 2711
3362 3385
3240 2958
2477 2516
2644 2675
2446 2578
3161 2750
2490 2526
2521 2963
3540 3150
2486 2481
2476 1148
2973 2571
3260 2563
3323 2461
3206 2971
3525 3302
2432 1188
3187 2920
2631 2139
3032 2460
3443 3046
3015 2451
2478 1217
3025 2515
2328 1235
3307 2641
3258 2578
3577 3325
3078 2479
3236 2941
3096 2439
2659 2620
3421 3055
2605 2593
3243 2693
3369 3401
3262 2696
2591 2139
3495 3182
2332 1285
3017 2569
3892 2721
2896 2581
3308 2444
2443 974
2903 2482
2537 2886
2361 1247
3012 2493
3193 2963
3297 2481
3419 3052
2379 2414
2417 1115
3929 2769
3305 3373
2593 2907
3110 2559
3268 2693
2588 2537
2970 2521
2723 2584
3431 3036
3156 2635
3384 3092
3451 3060
3890 2764
3410 3074
3322 2925
2959 2533
2582 2540
2624 2823
2626 2129
3308 2467
2363 2414
3385 3020
2947 2590
3253 2572
2477 964
3847 2715
3462 3366
2416 992
2424 1172
2294 1327
3082 2475
3415 2979
2682 2542
2371 2417
3348 2636
3032 2482
3113 2581
3149 2781
3468 3337
3207 2956
3501 3292
2450 2572
3431 3373
3230 2696
3175 2841
3158 2689
2591 2150
2552 2893
3492 3092
3526 3340
2371 2525
2495 2517
3500 3199
2883 2554
3530 3311
2619 2844
2394 1017
3079 2392
2903 2502
2645 2799
3358 2428
2600 2831
3243 2582
3200 2733
2466 1219
3216 2959
3415 2956
3209 2658
2990 2522
3191 2617
3388 3073
2352 2388
3531 3140
3157 2644
2471 1146
3038 2398
3240 2621
2587 2760
3241 2966
2193 1498
3498 3093
2703 2547
2348 1231
2369 2496
2748 2525
3054 2445
2480 2498
3549 3208
2515 2553
2507 2568
3296 2480
2463 1173
2415 1011
2412 1055
3302 2740
3173 2832
2467 1187
2395 955
2293 1327
3252 2602
2521 2959
3427 3364
3794 2819
3052 2515
3296 3388
3315 2689
2516 2699
3508 3130
3520 3346
3419 3049
2966 2497
2624 2148
3504 3169
2385 994
3319 2625
3284 2625
3194 2710
2696 2568
3073 2549
2356 1225
3373 3069
2566 2896
2261 1360
2879 2550
3382 2943
3509 3125
2805 2517
2965 2531
3516 3171
3475 3130
3109 2439
2774 2514
3184 2609
1935 2373
3893 2712
2193 1486
2389 948
2249 1335
2531 2888
2582 2980
2519 1233
3344 2386
2460 1217
3330 2923
2709 2587
2355 1264
2568 2936
2595 2866
2637 2539
2423 968
2416 994
2600 2778
3508 3186
3059 2602
2643 2670
2518 1216
2416 1025
3125 2801
3072 2400
2677 2715
3347 2950
3306 2649
3539 3147
2409 2446
2701 2583
3539 3157
2699 2546
3346 2975
2632 2806
3382 2986
2336 2381
2577 2697
3454 3078
2896 2505
2598 2555
2525 2956
2390 1130
2377 2429
3359 2367
2901 2499
3214 2582
2351 973
3162 2823
2353 2535
2523 2563
3349 2947
2490 2475
2856 2528
2478 2578
3494 3146
2366 2537
3200 2932
3082 2585
2748 2516
2468 2567
2479 2567
2626 2641
3359 2366
2686 2608
2667 2746
2649 2705
2648 2564
3121 2544
2471 1168
2387 2478
2598 2838
3229 2919
3395 3055
3261 2530
2541 2567
3445 3274
3501 3197
2814 2521
2898 2591
3192 2965
3330 2950
2422 1152
3343 2983
3528 3250
2287 1296
3106 2545
3187 2697
2354 1011
2462 2563
3271 2681
3222 2654
3326 2461
2593 2870
3369 3420
3139 2580
2331 2356
3070 2416
2751 2530
2389 2564
3614 3130
2619 2749
3530 3337
2649 2587
3874 2742
3138 2849
2700 2584
3126 2691
2361 2505
3170 2777
2997 2530
2360 1226
2369 1257
3392 2991
2602 2731
2348 2528
3197 2919
2492 1193
3484 3188
2392 2460
3187 2954
3023 2461
3261 2535
3082 2404
2482 2516
3358 2919
2421 1007
3429 3405
2386 1263
3524 3161
3111 2482
3394 3397
3108 2545
3306 2714
3415 3265
2538 1146
2642 2582
3491 3118
3272 2630
2559 2940
3316 2736
3194 2865
2603 2704
2576 2979
3302 2722
3472 3160
2525 1148
2521 2680
3341 3412
2552 2730
3067 2451
2585 2887
3112 2609
2437 2580
2276 1327
3168 2745
3513 3121
2323 1305
3362 3426
2360 1223
2391 947
3337 3026
2975 2533
3122 2559
3410 3423
2415 2552
3110 2437
3478 3169
3479 3281
3306 2464
2533 2917
3312 3390
2513 1184
3250 2576
3361 2965
2581 2872
2399 1132
2390 1145
3458 3287
2632 2804
3305 2656
2362 1232
3121 2575
3239 2711
3494 3161
3385 2985
3473 3290
3892 2759
2354 1258
2366 966
3322 2722
2316 1327
3299 2730
2524 1182
2682 2732
2314 1318
2332 1262
3307 2637
3212 2948
3300 2690
3388 3402
3040 2523
3225 2592
3183 2943
3340 3374
3391 3085
3128 2799
2512 2536
3234 2604
2141 1649
2689 2746
3009 2554
3302 2617
3318 2626
2500 1202
2810 2544
3335 2470
3474 3297
2639 2716
2902 2552
2688 2747
3336 3411
3241 2695
2605 2613
2435 1050
3475 3131
3405 2965
3440 3059
3272 2486
3364 3047
3300 2959
3482 3123
3546 3340
3079 2537
2400 2414
3028 2479
3482 3320
3523 3265
3165 2637
3298 2725
3834 2722
3536 3327
2322 2398
2373 1223
3295 2649
2535 2726
3897 2781
2345 1231
2418 1162
3501 3152
3457 3372
2353 1245
2392 1215
3080 2585
2610 2637
2748 2547
2587 2543
3801 2813
2485 2506
3116 2472
2985 2521
2858 2531
2372 1203
3332 3351
3309 2702
3254 2915
3524 3190
3384 3384
2138 1630
2682 2578
2359 1257
2606 2776
2641 2716
3527 3191
2457 1041
3141 2592
2678 2622
3170 2834
2358 1210
3414 2954
3070 2411
2683 2540
2577 2752
3313 2924
3280 2485
2387 2429
2307 1269
2614 2713
2544 2499
2692 2753
3328 2952
2513 2572
2316 1323
2554 2970
2628 2685
3311 2618
3431 3037
2294 1328
2660 2711
3238 2957
3299 2443
3349 2948
3538 3342
3013 2489
2463 1016
2472 1170
3874 2718
2719 2550
3280 2625
2269 1350
3050 2394
3444 3105
3125 2695
2354 1265
2433 2570
2332 2356
3233 2695
3102 2523
3182 2700
3047 2403
2570 2687
2391 1015
2275 1326
2284 1303
2459 1047
3299 2646
3896 2778
2352 977
2204 1465
3110 2630
3258 2533
3075 2562
3467 3340
3081 2552
3806 2810
2682 2736
2599 2629
3377 3393
3314 2922
2899 2551
3335 2960
3398 3070
3259 2493
2320 2391
3249 2932
3255 2946
3099 2473
2636 2722
3029 2475
2394 2431
3205 2646
2470 2568
3491 3117
3270 2463
3193 2715
2738 2547
2442 975
2418 996
3205 2617
3341 3380
3064 2415
2626 2640
2800 2535
3074 2430
2627 2634
3130 2630
2545 2725
2701 2711
3521 3276
3013 2557
3309 2709
3536 3337
2796 2525
2423 972
3160 2742
2418 2553
2361 2522
2461 1196
2487 2512
2329 2385
2442 941
2409 1207
3538 3221
2373 2449
2577 2714
3374 3046
2579 2881
2322 2389
3251 2580
2575 2733
2292 1326
2411 1055
2398 1039
3068 2424
3082 2517
2738 2527
2331 2372
2541 2476
2502 2117
3333 2428
2997 2564
3184 2610
2546 2731
2972 2531
3898 2723
2451 1203
3121 2468
2705 2584
3331 3368
2509 2868
3807 2798
2417 1096
2410 1142
2507 2898
2781 2511
3331 2469
3298 2469
3477 3095
3909 2747
2575 2738
2505 2954
2678 2735
2487 2597
2430 980
3264 2631
2420 1076
3174 2892
3042 2518
3185 2748
2545 1205
3249 2573
3334 2416
2563 2894
3064 2618
3076 2450
3212 2729
2290 1241
2348 2390
2910 2556
2590 2694
3353 3040
3524 3265
3388 3100
3216 2507
2410 1040
3154 2613
2606 2747
3511 3293
3832 2729
3271 2683
2156 1676
3193 2613
3048 2402
3122 2824
3205 2681
2642 2681
2639 2538
3334 2417
2280 1361
2420 1097
3018 2567
3464 3086
2649 2617
2204 1416
3200 2927
2460 2581
3355 2889
3455 3290
3236 2695
3340 3019
2657 2527
3391 3095
3544 3193
3318 2919
3295 2626
2488 1200
3926 2759
2736 2559
3203 2653
2444 2580
2480 2502
2709 2568
3232 2591
3378 2961
2161 1679
2399 1156
2412 1018
2522 2565
3173 2881
3217 2726
3384 2933
3235 2666
3156 2645
3354 2989
3916 2776
3338 2727
3268 2922
2498 2491
2331 1244
3318 2921
3809 2786
3310 2439
3913 2778
3066 2560
2764 2552
3340 2943
3177 2907
2570 2960
3416 3414
3898 2739
3269 2487
3369 2997
3489 3119
2347 2372
3254 2633
2290 1329
2457 1047
3351 3043
3371 3028
2391 2479
2464 2567
3367 3424
2361 998
2895 2585
2599 2708
2524 2698
3924 2769
2580 2926
2381 1138
2577 2941
3330 2718
2499 2117
3210 2633
3498 3158
3049 2419
2833 2526
3422 2975
2979 2571
3193 2919
3162 2785
2784 2516
3443 3054
3400 2962
2510 2925
2481 1224
3351 2947
3362 2870
3434 3092
2600 2747
3396 3013
2650 2115
2497 2472
2582 2970
3528 3310
2413 1103
2523 2889
2400 1017
3146 2828
2576 2765
3317 2460
3248 2920
3298 2626
2643 2592
2964 2542
2447 964
3056 2601
3271 2474
3351 2892
3324 2716
2594 2856
3216 2730
3158 2591
3555 3221
3394 3056
3366 2399
2416 2458
3886 2719
3325 2392
3172 2643
2885 2515
2428 1149
3176 2729
3526 3277
2479 2568
2627 2847
2417 2556
2541 1201
3519 3211
2293 1236
2400 2551
2822 2520
3378 3036
3019 2538
3138 2841
3333 2962
3349 2382
3022 2486
3222 2656
3111 2603
3379 2953
2369 2490
3477 3121
3476 3113
2380 1218
2289 1269
2397 1044
3520 3175
3259 2498
3362 2659
2260 1355
2609 2722
3340 2647
3271 2679
3415 3268
2593 2727
2354 2534
3211 2950
2646 2553
3522 3261
2544 2917
2697 2728
3364 3383
2314 1266
3209 2909
3374 2667
3483 3323
3039 2395
3214 2695
2387 2480
3895 2757
3245 2573
2421 1072
3234 2694
2606 2836
3521 3323
2626 2845
3062 2433
2585 2857
2963 2566
3106 2610
2335 1226
2541 2897
2272 1320
2626 2142
2459 1041
2363 1214
3360 2375
3232 2549
3532 3190
3557 3141
2460 948
3230 2948
2800 2529
3352 2991
3500 3198
3323 2478
3085 2587
3811 2781
2469 1169
3311 2657
2634 2661
3106 2495
3465 3342
3264 2466
3403 3384
3170 2601
3311 2915
2469 2568
2450 1196
2875 2544
3130 2690
3103 2494
3327 2414
2137 1659
2596 2143
2414 1200
2433 1055
2564 2961
2187 1523
3296 2946
3574 3300
3421 3409
2229 2222
3188 2944
2174 1621
2422 931
3079 2580
3396 3093
2472 2501
3339 3032
3394 3092
3396 3094
3087 2496
3357 2998
2557 2746
3087 2443
2651 2573
2600 2143
2436 1071
3321 2467
3018 2451
2395 1207
3362 2677
3942 2763
3233 2935
3340 3376
3359 3054
2680 2637
2967 2533
2552 2554
3527 3266
2756 2515
3379 3095
3193 2946
3055 2615
3027 2463
3501 3111
3555 3145
3195 2754
3177 2892
3901 2768
2674 2608
3071 2410
3515 3157
3031 2459
2195 1464
3018 2484
2511 2879
3322 2625
2547 2939
2374 2436
1934 2376
2825 2520
2525 1140
2408 1192
2475 1160
3096 2469
2419 993
3468 3085
2827 2531
3078 2450
3210 2533
3187 2516
2287 1242
3020 2537
3379 3070
2613 2152
2671 2601
3388 2991
3447 3066
2536 2886
3181 2854
2434 1082
3267 2923
2415 1185
3432 3041
3348 3025
2264 1345
2364 998
2411 2559
2545 2896
3071 2406
2361 1241
2618 2647
2331 1270
3506 3200
2593 2754
2388 1134
3381 3092
2354 995
2571 2687
2399 2533
2891 2522
3204 2526
3426 3261
2676 2714
3068 2583
2522 2707
3472 3295
3123 2812
3115 2492
2373 988
2406 2550
3425 3266
3382 3401
3537 3332
3408 3416
3288 2484
3343 3341
3534 3236
2878 2538
3185 2641
3239 2621
2490 2568
3307 2692
3341 2924
3407 2968
3175 2711
3508 3077
2173 1630
3385 2917
2609 2678
3244 2680
3304 3388
3411 3058
3201 2936
2642 2793
2542 2892
3812 2783
2563 2890
3319 2738
2140 1671
3178 2711
3528 3197
3353 3348
3154 2582
3089 2515
3341 3346
2801 2532
2807 2542
2888 2510
3104 2465
3438 3055
2513 2885
3315 2467
3383 3050
2522 2697
3283 2491
3464 3323
3380 2906
3112 2607
3086 2592
3171 2529
2527 2709
3332 2931
3341 2987
3096 2451
2631 2813
3436 3268
3017 2506
2473 2507
2172 1621
2133 1646
2373 990
3117 2446
2439 965
3242 2607
3133 2494
2686 2724
3507 3133
3178 2647
3343 2960
3199 2760
2892 2569
3494 3088
2788 2518
2384 2482
3016 2525
2492 2601
3418 2957
3226 2505
2492 2568
2366 1004
3214 2943
3296 2954
2674 2620
3244 2679
2286 1295
2961 2543
2342 1272
2655 2119
2261 1370
2388 2482
3252 2613
2586 2548
2321 1244
2594 2911
3067 2450
3489 3286
3361 2921
3168 2866
3495 3127
2500 2594
2253 1353
2537 2492
2605 2852
3300 2691
3354 2383
3486 3282
2561 2685
3345 3343
3456 3077
2262 1337
3502 3189
2525 2924
2455 1235
3056 2618
2619 2836
2905 2509
3485 3162
3331 2403
3349 2389
2426 970
2524 1151
2454 1054
3002 2457
3368 3055
3073 2463
2151 1626
3173 2744
3161 2873
2132 1653
3248 2503
2944 2586
2787 2515
3065 2557
2763 2524
3084 2456
2610 2614
2248 1334
2908 2482
2398 2427
2404 1198
3158 2636
2519 1163
2310 1309
3103 2559
2580 2594
3057 2449
3527 3150
3230 2535
3191 2960
3013 2501
2410 987
3789 2820
2463 1190
3297 2475
3388 2993
3336 2427
3537 3225
3425 3059
2577 2737
2508 2555
2373 2508
2625 2674
3377 2662
2522 2708
3567 3334
2156 1675
3152 2636
3135 2676
3465 3299
2728 2585
3128 2682
3389 2989
2340 1256
3376 3075
3507 3086
2420 1015
2409 2536
2360 955
3207 2639
2186 1466
3813 2792
3322 2685
2312 1307
2518 1215
3245 2547
3160 2686
3145 2841
2354 992
3050 2515
2897 2549
3424 3268
3080 2586
2705 2713
3328 2701
2506 2899
2575 2739
2385 1044
3078 2578
3039 2495
2595 2623
2963 2571
2501 2583
3425 3024
2494 2504
2259 1338
2364 1256
3272 2671
2404 2514
2621 2823
2430 966
2898 2590
2367 1250
2289 1271
2329 2382
3163 2747
3364 2886
3069 2458
3118 2621
2321 1247
3361 2895
3326 2723
2459 1163
3133 2630
2400 1121
2534 2921
2672 2719
2907 2498
3329 2414
3531 3187
2697 2739
3363 2651
2945 2593
2351 2373
3199 2936
3268 2615
2632 2635
2335 2357
2397 2549
2510 2539
3222 2985
3256 2502
2399 1201
3459 3091
3219 2988
2626 2651
3198 2916
2476 1160
3426 3353
2397 2531
2586 2537
3126 2709
3031 2473
2501 2908
2598 2721
3373 2923
3360 2886
2352 973
3336 2712
3356 2664
2560 2570
3423 3034
2528 2953
2707 2563
2457 1213
2430 1062
3162 2705
2599 2769
2431 970
2400 1124
2678 2634
2684 2726
3234 2696
3099 2483
2362 2535
3106 2633
3267 2663
3380 3076
2862 2533
2894 2502
2735 2565
3261 2497
2330 2407
3085 2532
3057 2600
3477 3124
2456 1211
2499 1193
2395 1201
3182 2914
2573 2711
2624 2792
3314 2945
3124 2801
3491 3285
3381 2916
2382 1204
2409 1126
2181 1634
2366 982
2525 1180
3332 2957
3094 2521
3385 3072
3222 2708
2345 2381
3073 2435
2508 2954
2453 1064
2564 2572
2999 2486
2634 2685
2651 2531
3197 2716
2410 2548
3486 3305
3020 2496
3172 2885
2516 1215
3400 3406
3883 2706
3350 2913
3211 2658
2597 2798
2194 1473
2601 2772
2422 980
2397 953
3530 3266
2588 2757
2364 1212
2791 2521
2386 2460
2968 2558
3904 2768
2493 2491
2749 2564
2411 2446
2799 2516
2513 2864
2661 2503
3420 3022
3192 2610
2409 1023
2530 1156
2436 907
2585 2554
2638 2548
3557 3328
3316 2416
3311 2620
3178 2648
3350 2987
3243 2682
3344 3385
2562 2571
2650 2535
2555 2549
2353 1007
3558 3142
3802 2811
2579 2882
3335 2423
2433 1174
2394 1131
2395 2570
3140 2853
2504 2924
3400 3126
3303 2469
3420 2958
3882 2708
2475 1159
2373 2408
3315 3377
2354 998
2486 2567
2564 2930
3222 2983
3082 2476
2579 2724
2382 1263
2410 1055
2509 1203
2609 2790
3099 2562
2996 2473
3467 3351
2598 2839
2357 971
3489 3094
2586 2593
3244 2691
3070 2451
3893 2718
3349 2383
3091 2525
2515 1207
3205 2730
3085 2466
3389 3073
3031 2471
2673 2621
2456 1048
2648 2709
3338 2410
3369 2936
3181 2853
3472 3335
3586 3315
2478 2517
3351 3353
3199 2933
2967 2509
3175 2502
2176 1441
3071 2488
2421 968
2903 2559
2684 2721
2283 1317
2478 2570
3043 2519
3258 2569
3589 3302
3536 3338
2761 2539
2573 2756
2638 2578
2512 2540
2374 2489
2333 2376
3511 3159
2436 1206
3558 3220
3315 2686
3416 2957
3227 2654
3250 2662
2389 1132
3351 2397
2619 2786
2698 2593
3476 3353
3923 2761
3356 2344
2625 2811
2254 1339
3584 3307
2647 2564
3568 3158
3372 2399
3167 2837
2671 2504
3303 2728
3465 3287
2597 2153
3002 2508
3273 2699
2384 1043
2278 1243
3060 2628
3241 2671
3320 2918
2353 981
2336 1268
3503 3197
3162 2786
3509 3263
3054 2623
3373 3081
2631 2129
2467 2575
3084 2516
2914 2554
3351 2907
3548 2983
3257 2635
3343 3412
3212 2634
2454 1064
3152 2901
3098 2621
2619 2669
3074 2471
2159 1570
2468 2509
2534 2550
3389 3385
3051 2513
2289 1323
2748 2527
3517 3278
3051 2515
2441 1207
3395 3053
3176 2842
3328 2382
2554 2728
3333 3035
2521 1207
2317 1313
2381 2504
3406 2981
2303 1250
2392 2485
3268 2631
3065 2420
2139 1654
3284 2492
2603 2620
2358 2502
2342 1242
2538 2907
3411 3061
3300 2693
2606 2903
2393 2562
2622 2692
2387 962
3035 2455
3059 2628
2441 1045
3532 3171
3299 2715
3354 2366
3213 2651
2599 2790
2173 1459
2201 1458
3329 2925
2674 2614
2443 1203
2363 1227
2463 2578
3359 3422
3048 2516
2513 2675
3018 2524
2389 1208
3365 2429
2452 1202
3373 2968
3227 2536
3465 3328
2270 1360
3304 2448
3208 2947
2356 1222
3305 2615
3348 2887
2522 1205
2519 2888
2595 2712
3062 2612
3084 2622
2902 2498
3342 2888
2985 2538
3366 2396
2456 1191
3415 3056
3296 3383
3222 2631
3367 2418
3166 2599
2517 2706
3204 2931
3387 3410
3387 3008
3367 2396
2881 2536
3507 3315
2610 2155
3315 3364
3406 2954
3282 2636
2328 1250
3203 2644
2634 2604
2301 1325
3128 2622
2527 2716
3204 2675
3185 2723
3939 2764
3353 2993
3422 2956
2557 2933
3882 2707
2316 1304
3084 2484
2708 2567
3052 2523
2600 2625
3343 3344
2461 1161
2751 2528
3570 3163
3438 3064
3011 2516
3900 2778
3361 2344
2419 1186
2409 1022
3513 3309
3154 2857
3008 2559
3406 2970
2312 1322
3144 2795
3233 2957
3196 2529
2905 2562
3030 2528
2389 2460
2965 2563
2621 2653
2386 2472
2553 2566
2757 2554
2264 1351
2945 2575
2392 1133
3018 2528
3306 2750
3356 2363
2610 2632
2891 2561
2553 2717
3515 3172
2293 1248
3192 2514
2624 2608
3371 3046
2396 2535
3339 2988
2521 2955
3281 2947
2575 2705
3615 3134
3164 2646
2350 2407
2424 1066
2375 2446
3336 2411
2649 2678
3284 2633
2422 1010
2459 974
2440 1212
2914 2493
2632 2807
3464 3343
2431 1053
2456 2567
3258 2466
3008 2567
3127 2709
3066 2556
2190 1496
3190 2523
2632 2135
2668 2716
3071 2571
3318 2941
2395 2577
2982 2516
3347 2983
2426 1058
2588 2555
3165 2774
3151 2911
3357 3000
2617 2779
2517 2708
3329 2392
3174 2599
3377 3068
2521 1233
3223 2721
2651 2613
3211 2516
3020 2478
3100 2555
3364 2680
2313 2398
3337 2407
3373 2946
3370 2348
2698 2575
2575 2584
2386 2574
3309 2917
2612 2575
2352 2371
3027 2469
3276 2696
3233 2597
2331 1280
2635 2616
3563 3148
2424 1019
2571 2974
2371 2492
3057 2408
2542 1150
3887 2730
2378 2434
3089 2589
2311 1253
3016 2513
2411 1020
2593 2537
3350 2915
3137 2619
2403 2425
2396 2541
3421 3269
3173 2658
2968 2494
2523 2925
3194 2735
3505 3144
3138 2689
3100 2547
2612 2816
3009 2518
2682 2720
3081 2529
2493 2602
3074 2548
2366 1209
2489 2476
2981 2541
3182 2943
3331 2960
3177 2915
2347 2382
2534 2915
2658 2614
3472 3136
2138 1647
2141 1629
3001 2471
2629 2638
3526 3271
3404 2995
2524 2874
2354 973
2587 2871
3508 3279
3284 2469
3190 2698
3193 2700
3872 2726
3390 2985
3162 2792
2732 2584
2424 2567
2390 2415
2587 2616
2453 1063
2403 1041
3119 2562
3199 2966
2172 1619
2425 1078
3137 2599
3158 2645
3469 3140
2319 2387
3305 2750
3098 2450
2390 2549
2646 2536
3005 2566
3208 2961
2608 2721
3242 2972
2394 2480
3436 3054
2682 2606
3483 3282
3837 2727
3026 2462
3433 3271
2467 1018
2427 1199
2631 2772
2625 2644
3168 2898
2646 2618
2459 1058
2574 2933
3274 2463
3163 2651
3189 2613
3181 2843
3294 2651
3269 2925
2701 2721
3138 2847
3186 2697
2346 2381
2300 1240
3106 2437
3361 2669
3536 3226
3308 2441
2613 2146
2646 2710
2585 2555
3067 2576
2325 1234
3242 2622
2521 2695
3419 3268
2393 1141
3343 3036
2641 2685
3348 2626
3280 2635
2299 1308
2437 2581
3143 2795
3332 2943
3557 3145
3847 2714
3251 2581
3482 3285
2629 2773
2330 2389
2543 2566
2964 2503
3068 2550
3212 2630
2589 2730
3113 2468
2357 1241
2460 2563
2360 992
3144 2636
2541 2901
2387 1205
2547 2748
2335 2404
3226 2558
2632 2620
2603 2901
2674 2734
2649 2623
3008 2558
3540 3154
3126 2491
2481 1223
3240 2509
3477 3126
3883 2711
3105 2477
2442 1068
3314 2921
2357 983
2169 1619
3893 2744
3382 2927
3534 3346
2334 1257
3185 2973
2454 1191
2669 2615
2516 1219
2469 1167
2513 1177
2325 1303
3451 3276
3088 2518
2475 2570
3257 2536
3333 3354
3178 2700
3235 2652
3520 3322
2167 1457
2419 1179
3804 2793
3335 3404
1928 2364
3354 2370
3308 2702
2630 2131
3077 2490
3553 3145
3855 2705
3261 2931
3241 2697
3111 2799
3077 2408
3089 2513
2642 2798
2390 2504
3461 3058
3158 2632
3457 3058
2692 2742
2967 2500
2634 2686
3021 2513
3319 2471
3319 2736
2489 2595
3279 2953
3247 2557
2402 1036
3471 3340
2547 1144
2413 1104
3397 3398
3061 2417
3275 2715
3389 3100
3307 2440
3339 3356
2570 2947
3356 3424
3248 2596
3023 2540
2302 1264
3362 2971
2500 2557
3171 2832
3205 2695
3306 3399
2490 2515
3526 3338
2697 2561
3506 3176
2260 1364
3311 3390
2432 971
2643 2111
2516 1210
3169 2514
3056 2451
2291 1361
3276 2700
3090 2514
3327 2405
3160 2643
3499 3145
3026 2457
2429 979
3382 2918
2596 2848
3165 2707
2364 1252
3277 2665
2363 1210
2465 1032
2506 2574
2498 2585
2366 961
3496 3177
2165 1546
3113 2492
3297 2626
2696 2597
3180 2908
3366 2929
2737 2546
2578 2585
2879 2538
3071 2506
3191 2718
2642 2715
3137 2689
2817 2553
2548 2938
2615 2727
3189 2511
3165 2592
2689 2551
2373 2498
3184 2616
2444 1078
3365 2929
3416 3403
2496 2903
3796 2818
3441 3051
2201 1460
2173 1463
2563 2895
3106 2626
3181 2696
3378 3079
2898 2505
3309 3384
3237 2629
2391 2459
2712 2563
3093 2522
2517 1221
3407 3058
2455 1213
2611 2745
2443 1205
3080 2469
3322 2463
3417 3404
3513 3146
2574 2728
3205 2685
3014 2506
3174 2840
3176 2614
2639 2583
3526 3327
3401 2983
3225 2564
2657 2620
3183 2923
2558 2583
2840 2521
3511 3121
3353 2639
3851 2707
2500 2117
2349 1000
3307 2464
2693 2597
3196 2637
3396 3070
3301 2748
2640 2765
3062 2502
2685 2586
2544 2918
2567 2937
3071 2521
2503 2512
2439 1210
3041 2498
3369 2398
2346 2365
3124 2491
2743 2527
3351 2356
3111 2581
3141 2589
3213 2981
2891 2539
2390 1037
3134 2600
3535 3329
2481 2477
3511 3290
3377 3034
3103 2624
3081 2479
2513 2487
3188 2968
2536 1204
2429 926
2691 2595
3091 2526
3306 3400
2424 1175
2393 955
3465 3344
2289 1240
2299 1269
3176 2706
3369 2884
3305 2654
3811 2798
2373 991
2374 2504
2899 2539
2385 1043
3234 2927
3181 2691
2465 1024
3335 2715
2524 1180
3219 2591
3517 3271
2602 2785
3064 2602
3465 3324
3366 2671
2530 1151
3291 2948
3104 2441
2647 2619
3285 2708
2512 1167
2895 2505
2614 2147
3091 2595
3193 2710
3368 2369
3255 2552
2590 2909
2625 2612
3485 3163
2855 2525
3308 3398
3424 3030
3002 2565
3322 2462
2308 1327
3161 2691
2596 2908
2646 2540
3508 3078
2695 2734
2561 2737
3053 2514
3062 2445
2447 2581
2414 975
3117 2481
3560 3157
2558 2572
3337 3402
2722 2562
3345 3383
3092 2595
3389 2906
2298 1272
3213 2531
2393 967
3065 2419
2174 1467
2592 2149
3185 2722
3035 2493
3089 2554
2564 2562
2378 1260
3132 2496
2764 2547
3307 2448
3009 2568
2362 1216
3319 2629
2356 2418
3115 2477
2413 2445
2890 2572
3252 2955
2500 2473
2431 1078
2967 2542
3434 3346
2529 2728
3336 3405
3303 2751
3428 2980
2458 1230
2421 1086
2505 2567
3270 2562
2464 1038
3530 3245
3128 2565
3368 2368
2499 2474
3580 3319
2353 2539
2605 2589
3416 3057
2395 2545
2529 1156
3522 3317
3077 2440
2369 2539
2471 2508
2362 1251
2588 2595
2195 1488
2567 2556
3250 2666
2365 2542
2761 2520
2618 2663
3477 3138
3264 2494
2393 2540
3120 2811
2682 2582
3192 2858
3195 2625
3037 2520
3477 3137
2614 2634
3531 3137
3399 3399
3124 2810
3118 2623
3330 3373
3486 3162
2134 1663
2358 962
2388 2464
3064 2417
2516 2930
2304 1265
2716 2574
3862 2742
2619 2804
3337 3380
2575 2742
2527 2474
1934 2386
2430 1884
3561 3341
2607 2778
3140 2645
2440 1068
2461 1016
2647 2609
2623 2799
2583 2905
2387 1144
3157 2699
3124 2698
2384 1165
3178 2633
3045 2401
2316 1316
3116 2477
3116 2452
2258 1345
3384 2981
3450 3084
3153 2780
3265 2946
3011 2460
3236 2530
3343 3395
3201 2933
2388 1036
3392 2968
3115 2555
2513 1224
3925 2784
3268 2472
2512 2920
2622 2150
2604 2752
2524 1185
2421 964
3155 2590
2677 2736
3338 2418
3395 2991
3181 2692
3243 2518
3331 3041
3360 2973
3147 2638
2419 1195
2357 969
3497 3142
2328 1251
2867 2544
3242 2973
3389 3407
2373 989
3291 2946
3067 2584
3106 2436
3185 2924
2511 2863
3409 3418
3165 2785
3352 2889
2609 2755
3408 2961
3924 2776
3123 2456
2497 2517
3535 3330
2649 2612
3381 2945
3114 2799
3187 2643
2571 2735
2331 1241
2526 1189
3297 2636
2517 2698
3372 3082
3498 3161
2596 2845
2154 1684
2880 2553
3424 2981
1931 2389
3340 2923
2607 2784
2371 989
2406 1050
2421 1080
3416 3411
2342 2361
3423 2980
2830 2536
3097 2450
2519 2875
3495 3183
3271 2630
3730 2852
3350 3045
2626 2605
2386 1045
3161 2793
3123 2491
3276 2949
3158 2708
2599 2627
3853 2712
3302 2647
3346 2645
3386 3029
2981 2536
3905 2777
3366 3071
3035 2396
2477 2579
2267 1354
2480 1215
2538 1203
2338 1227
3264 2493
2613 2635
3243 2685
3459 3350
2427 985
2573 2955
2613 2711
3460 3348
2450 1212
2903 2509
2498 2500
2586 2555
3390 2949
3490 3180
2417 1182
2833 2537
3106 2478
3357 2646
2635 2128
3344 3414
3505 3083
3917 2777
3498 3086
2380 1217
2608 2766
3325 2710
2399 2434
3339 2412
3340 2965
3070 2436
3486 3317
2612 2153
2576 2696
2615 2843
3263 2954
3536 3238
3444 3274
2523 1210
3570 3304
3801 2801
3257 2955
2419 1165
2591 2876
2407 1153
3346 3386
2596 2731
2545 1192
2356 1241
2781 2512
2271 1328
3507 3165
3000 2506
2956 2577
3473 3346
2136 1635
2379 2551
2274 1326
3317 2469
3230 2530
2342 1271
2634 2810
3440 3268
2737 2548
3406 2953
2400 1155
2352 990
2501 2565
3921 2757
2536 2922
2480 2522
3378 2894
3305 2737
3393 3385
2596 2756
2408 1153
3526 3192
3100 2465
3365 2873
3508 3256
3883 2727
3249 2956
2502 2553
2677 2737
2495 2472
2375 1197
2397 1169
2575 2723
3147 2642
2309 1248
2572 2972
3322 2397
2558 2924
3470 3164
2453 1200
3425 3402
2608 2611
3476 3118
3150 2808
3366 2335
2588 2869
3266 2472
3357 2648
3533 3203
3175 2652
2573 2971
3927 2756
3251 2503
3451 3082
3158 2900
3077 2559
3518 3280
3062 2505
3209 2678
2648 2706
2614 2815
3127 2473
3060 2625
3148 2578
3340 2970
2486 2505
3341 3042
3121 2713
2505 1203
3477 3325
2893 2511
2487 1200
2375 2488
3242 2693
2523 1152
2420 1071
3334 2937
3320 2728
2614 2150
3476 3321
3162 2695
2497 2498
3529 3179
2412 2444
3029 2463
2821 2538
3238 2629
3379 3048
2523 2682
2559 2935
2996 2530
3298 2732
2832 2533
3434 3347
2325 1282
3424 2957
2596 2142
3267 2615
2663 2508
2542 2489
2904 2500
3455 3373
2632 2805
2277 1372
3117 2820
2605 2792
2419 1017
2516 1224
2910 2554
2513 2559
3355 2349
2261 1334
2602 2152
2763 2531
3507 3258
3196 2927
2258 1361
3588 3304
2555 2972
2941 2594
2158 1573
3336 2962
2768 2514
2391 2560
3252 2523
3926 2767
3499 3167
3122 2815
2456 1055
3349 2379
3241 2964
3310 2441
2510 2570
3147 2587
2151 1625
2395 1165
2829 2544
3286 3386
3189 2722
2461 1047
3315 3394
3466 3305
3020 2526
3164 2642
3432 3383
2449 1050
2426 1077
2610 2855
2595 2909
2373 965
3008 2454
2662 2611
3436 3034
2698 2724
2379 1216
2392 1145
2450 943
3302 3393
3304 2654
3208 2908
2576 2687
3726 2861
3333 2945
3367 2946
2638 2790
3386 2931
3791 2819
2988 2513
3126 2557
2499 1192
2597 2842
2576 2729
2554 2553
2533 2556
3101 2551
2197 1480
2676 2501
2542 2919
3430 3070
2511 2572
2400 1132
2438 1062
2375 1206
2355 1212
3471 3110
3075 2442
2987 2516
3050 2514
2333 1227
3416 3058
3352 2987
2405 965
3212 2651
3292 2953
2261 1358
3184 2530
3253 2624
3200 2757
3519 3270
2619 2676
2140 1648
3154 2783
2670 2618
3381 2979
2299 1328
2202 1410
3336 2713
3407 3056
3309 2439
3376 3095
3106 2625
3432 3091
3392 3072
3166 2600
2893 2587
2291 1240
2380 1219
2271 1317
3262 2494
3450 3069
3528 3320
2501 2529
3346 3346
2166 1387
2617 2705
2637 2673
3368 2657
2609 2627
3197 2962
3171 2907
3394 2996
3575 3300
3192 2915
2525 2711
2525 2712
3326 2927
2386 2422
3414 3416
3323 2435
2884 2532
2630 2693
3354 3349
2543 2488
3515 3258
3132 2674
2530 2561
2610 2575
3378 2893
2650 2561
3395 3388
2594 2849
3271 2712
2321 2400
3241 2956
3198 2625
3278 2672
3891 2762
2895 2571
2448 928
2741 2551
3309 2457
3321 2718
3360 3045
3580 3303
3035 2453
2580 2766
2147 1666
2560 2751
2517 2696
2996 2477
2587 2737
3171 2780
2873 2545
3019 2528
2376 2436
2590 2629
2539 2563
3278 2634
3424 3412
3151 2860
2659 2515
3480 3287
2433 936
3893 2719
2926 2569
3169 2907
2662 2507
3116 2551
3352 2909
3351 3047
3531 3136
3373 3074
2639 2678
2721 2558
3344 2920
3162 2762
3851 2710
3500 3113
2356 988
2623 2806
3016 2557
3075 2424
2456 1232
2132 1625
3372 2885
3075 2466
3108 2546
3498 3293
2383 1258
2406 1039
3028 2462
2549 2931
2312 1249
3232 2506
3120 2465
3085 2588
3305 2617
2946 2583
2476 2497
3422 3040
2369 2430
3316 2918
3370 2939
3245 2581
2322 2123
2871 2540
3948 2764
2319 1306
3302 2739
2370 1258
3382 2982
2964 2570
3351 2392
2646 2109
3464 3111
2603 2894
2483 2502
3118 2820
2604 2902
3160 2691
2663 2515
2591 2875
2328 2413
2648 2535
3206 2694
3375 2663
3890 2722
3348 3389
3203 2527
2406 1130
2438 1215
3200 2523
3392 3066
2430 1154
3221 2526
3526 3165
3158 2526
3199 2727
2648 2112
2579 2943
3084 2614
3327 3046
3273 2482
3497 3190
3251 2601
3106 2634
3205 2652
3198 2501
3420 3051
2385 2409
3864 2706
3204 2519
3122 2545
2491 2513
3260 2467
3085 2503
2424 978
2502 2871
2474 2501
3313 3374
3473 3134
3464 3094
2514 2487
2609 2835
2586 2863
3345 2889
3269 2921
3345 2928
2693 2555
2528 2952
3073 2450
2414 962
3364 3052
2589 2888
3279 2485
3002 2489
2539 2925
2334 2382
3871 2745
3500 3283
3006 2519
2385 1218
3169 2743
3297 2946
2847 2543
3291 2445
2187 1635
3118 2453
2950 2573
2415 1136
3814 2796
2366 981
3230 2703
3102 2562
3335 3354
2666 2598
3195 2639
3193 2624
2458 955
3191 2750
2609 2785
2268 1360
2439 1050
2392 2506
3535 3182
3306 2741
3536 3233
2531 2882
3190 2621
3230 2945
2702 2592
3086 2507
3483 3190
3311 3369
2360 993
3091 2618
3045 2520
2409 1032
3131 2699
3302 3389
3325 2720
3500 3135
2402 968
3888 2722
2580 2762
3484 3279
3355 2943
2352 2532
2170 1630
3950 2755
3319 2404
2312 1259
3885 2715
3067 2595
2970 2536
3029 2466
3364 2868
3190 2617
3500 3168
2624 2796
3244 2576
3293 2665
2673 2636
3161 2904
2407 1199
3155 2751
3345 3413
2366 946
2579 2763
2349 980
3802 2812
3170 2600
2575 2893
2320 1265
2798 2533
3119 2456
2545 2550
3312 2740
3226 2954
3554 3328
2966 2550
2617 2612
3364 2909
3142 2619
2141 1668
3317 2941
2288 1299
3456 3088
3211 2951
2388 945
3505 3124
2711 2571
3363 2970
2676 2720
2618 2608
3305 2746
3040 2525
2350 2409
2397 2443
3385 2996
3416 2979
3332 2695
3282 2490
3399 3122
2384 2443
2428 969
3129 2682
3114 2489
3443 3045
3126 2811
2908 2555
3201 2535
3333 2955
3215 2511
3284 2484
2482 1190
2493 2604
3137 2584
2568 2894
2388 2451
3323 2939
2389 959
2577 2934
3544 3205
3897 2723
2322 1313
2392 1209
3571 3339
2398 2426
2605 2767
2169 1434
2569 2955
3124 2808
3388 3090
2599 2588
3168 2834
3091 2535
2416 1137
2411 1134
3363 2915
3242 2582
3317 2735
2541 1204
3437 3048
2633 2131
2542 2499
2420 1026
3562 3148
3217 2599
3378 3075
3081 2583
3263 2631
3225 2602
3071 2392
2687 2548
3492 3183
2254 1346
3371 2950
3134 2696
2492 2600
3197 2633
2360 1253
3278 2712
3067 2552
2496 2500
3093 2521
3187 2527
3165 2831
3236 2921
2434 2560
3208 2762
2135 1640
2406 2553
2369 2522
3144 2844
3029 2527
2177 1505
2559 2891
3513 3131
3389 3099
2724 2582
2628 2639
3304 2691
3269 2666
3153 2803
2455 1051
2492 2576
3247 2960
3434 3062
2608 2848
2550 2745
2514 2884
2254 1335
2991 2511
2672 2611
2364 1011
3206 2632
3214 2610
2817 2537
3194 2701
3305 2721
2521 1222
2591 2731
3295 2732
3898 2717
3011 2489
2579 2972
2299 1251
3560 3159
2293 1251
2576 2939
2563 2965
3504 3112
2631 2676
3903 2778
3898 2770
2646 2107
2943 2582
2908 2553
2427 986
2680 2735
2612 2810
3348 2640
3358 2883
3167 2903
3336 2963
2846 2537
2465 1016
3214 2603
3154 2826
2560 2579
3356 2996
3242 2684
3231 2567
3119 2625
3813 2795
2394 1164
3373 2339
3222 2705
3221 2616
2701 2592
2316 1243
2151 1677
2386 1145
2532 2930
3382 2933
3550 3144
2680 2582
3731 2850
2624 2702
2390 2469
3175 2785
2406 1115
2157 1573
3238 2595
2130 1625
3508 3254
2391 2426
3253 2692
1935 2372
2513 2894
2379 2438
3351 2891
2317 1230
3165 2765
3530 3256
3559 3220
3364 2924
2583 2740
3214 2655
3876 2715
2516 2887
3132 2676
3194 2522
3013 2492
3433 3351
3143 2597
3157 2590
2450 969
3354 3438
3313 3364
2880 2544
3014 2453
3512 3162
2607 2626
3192 2608
2729 2554
3087 2440
2373 2510
2492 1188
2533 2949
3094 2432
3469 3159
2662 2613
3346 2942
2435 966
3299 2643
2405 995
2613 2150
3219 2729
3070 2404
3102 2597
2473 2504
2624 2607
3897 2737
3343 3417
3473 3344
3179 2728
3365 3383
3371 2348
3398 2962
3171 2878
2389 946
2386 2566
3068 2431
3270 2559
2977 2513
3308 2730
3268 2682
3550 3202
2554 2893
3474 3097
3345 3356
2537 2570
3019 2539
3547 3202
2396 2529
3107 2626
2391 2555
2304 1266
2608 2854
3528 3153
2426 2557
2458 2577
3383 2907
2500 2529
3370 3071
3150 2781
2436 906
2419 1086
3290 3384
2676 2640
2753 2514
2503 2898
3459 3363
3133 2703
2596 2717
3181 2689
2329 1290
2455 1052
2511 2487
2696 2754
2410 988
3518 3294
3347 2632
3078 2549
2429 1174
3282 2476
2136 1640
3530 3200
2530 2735
3573 3325
3563 3146
3189 2857
2412 1111
3178 2528
2396 1157
2645 2542
2171 1608
3520 3307
3370 2408
3425 3406
3339 3374
3140 2792
3395 3129
3898 2748
2273 1308
3190 2720
2671 2709
3216 2721
3485 3315
3504 3089
2606 2762
2699 2547
2316 1328
3296 3387
3374 2960
2401 2537
2521 2885
3248 2547
2578 2979
2295 1245
3864 2704
3063 2599
2578 2975
3302 2642
3332 2645
2459 1024
3469 3136
2326 2385
2367 2396
3179 2646
3371 3422
2272 1373
2824 2542
3318 2689
2595 2621
3735 2866
2497 2466
2427 1142
2253 1363
3161 2902
3394 3395
2671 2497
2280 1280
2523 2922
3395 3066
2329 1287
2315 1315
2891 2515
3385 3397
2375 985
2644 2523
3111 2492
3139 2792
3501 3163
2418 1095
3474 3348
3332 2425
3249 2667
3353 3042
2408 1190
3191 2918
2675 2714
3384 2947
3155 2643
3076 2474
2462 971
2430 919
2486 1187
2959 2575
2501 2542
3516 3170
2490 2481
2547 2733
3244 2519
2599 2726
3414 3057
3392 2911
2249 1339
3947 2757
3206 2917
2474 1173
3178 2529
2348 2376
2520 1175
3501 3291
2362 2527
3346 3427
2492 2905
2338 2381
3184 2725
2193 1487
1933 2378
2625 2131
2913 2563
3026 2476
3340 2900
2145 1625
3360 2970
3499 3133
2623 2836
3328 2696
2676 2585
2310 1248
3188 2957
2369 2420
3533 3133
2522 2725
2463 1224
3173 2723
2563 2570
3369 2877
3048 2398
3178 2727
2290 1240
3002 2506
2539 2571
3122 2814
3238 2509
3048 2403
2550 2969
2185 1467
3078 2440
3073 2556
3186 2602
2796 2522
3418 3044
3256 2564
3066 2601
3385 3069
3222 2574
2290 1299
3191 2513
2387 2424
2385 2424
3060 2626
2316 1324
3142 2851
3159 2630
2410 1123
3156 2861
3136 2705
2608 2624
3204 2601
2527 2725
3887 2759
2502 2919
2515 1212
2957 2574
2341 2409
2802 2533
2965 2501
2425 1168
2148 1666
3348 2379
2564 2971
2415 975
2520 2957
3088 2448
2286 1243
3474 3289
2859 2539
2944 2575
2539 2886
3856 2707
3162 2871
3253 2689
3246 2547
3540 3241
3070 2584
2586 2586
2624 2638
3470 3334
3297 2947
3905 2764
3128 2626
3366 2873
2805 2516
2411 1034
3082 2506
3030 2515
2514 1210
2354 1226
3330 3356
3319 2922
3207 2652
3250 2573
3343 3378
2449 959
2802 2538
3384 3012
3367 3393
3296 2729
2705 2566
2644 2113
3210 2697
2908 2497
3535 3236
2667 2723
3009 2464
3304 2439
3396 3068
3104 2562
2559 2742
3227 2620
1928 2367
2423 933
2967 2541
2488 1201
3376 2970
3403 3010
3297 2690
2395 961
2562 2741
3540 3234
2483 2516
2675 2709
3432 3049
3144 2843
2424 1015
2370 2525
3432 3092
2392 2412
3214 2573
3224 2627
3291 2623
3554 3218
3525 3144
3337 2970
2457 947
3578 3324
3336 3045
2627 2691
2604 2828
2581 2971
3149 2907
2300 1309
2817 2546
3207 2637
2490 1187
2428 981
2486 2473
2392 1213
3189 2946
3126 2466
3277 2713
3306 3372
2622 2815
3354 2345
2596 2847
3264 2699
3368 2996
3088 2489
3145 2907
2435 1072
3015 2476
3232 2942
3268 2948
3330 3370
2579 2729
2578 2942
2638 2593
3068 2522
2374 2447
2742 2547
2602 2783
3564 3322
3175 2506
3202 2931
3522 3349
2424 1069
2267 1335
2537 2567
2333 2406
2840 2527
2293 1304
3333 2693
3406 3071
3356 2654
3243 2594
3088 2551
2601 2743
3360 2962
2616 2783
2968 2508
2420 1144
2404 1154
2716 2549
2894 2565
3181 2842
3155 2712
3129 2469
3390 3002
3334 2958
2389 2575
3298 2623
3066 2456
3210 2615
2341 2378
3341 2411
2405 1115
3076 2507
2370 997
3108 2802
3268 2614
2964 2568
3173 2647
2371 2526
3281 2468
2408 1199
2599 2602
3181 2969
2497 2908
2977 2514
2278 1325
3106 2564
3329 2471
2633 2667
2358 961
2572 2706
3438 3049
3116 2616
3443 3041
2616 2676
2581 2755
3192 2750
2542 2905
2425 1016
2679 2718
2634 2694
2479 956
2264 1354
3833 2720
3230 2556
3479 3112
3365 2365
2632 2691
3378 3081
2443 1045
2749 2556
2427 2559
3450 3076
3218 2629
2411 2452
3309 2642
3244 2686
2337 2373
2300 1325
3893 2717
3376 3420
3187 2844
2524 2736
3383 2339
3793 2775
3234 2502
2571 2964
3472 3097
3351 2908
2554 2920
2602 2703
3074 2564
2567 2954
3500 3293
2312 1257
3849 2717
2625 2786
3613 3127
3096 2482
3251 2613
3143 2843
2358 982
2588 2890
2310 1305
3304 2717
2385 987
3895 2777
3351 2634
2480 1217
2579 2975
3319 2415
2406 2450
3150 2813
3159 2845
2894 2591
3494 3318
3301 2620
2430 1055
2461 1172
2635 2664
2177 1629
2671 2748
2963 2531
3087 2603
3224 2651
3448 3347
2458 2562
2578 2930
3299 2949
3167 2783
3299 2959
3308 3356
3206 2691
3215 2595
3207 2761
2150 1673
3003 2564
3338 2927
3170 2847
2435 1207
2751 2524
3375 2967
3899 2770
2442 1210
3219 2520
2640 2542
3920 2773
3147 2605
3340 2700
2509 2569
3124 2555
3069 2534
3215 2984
2409 1155
3163 2871
2705 2708
2667 2715
3068 2574
2647 2587
2623 2648
3874 2744
3305 2739
3327 2475
3377 2661
3582 3318
2362 2502
2708 2586
3189 2621
2885 2535
3468 3358
2459 953
2603 2837
2595 2896
2695 2753
2368 966
3336 2921
3341 2387
3341 3422
3171 2861
2637 2595
2607 2828
3257 2698
3186 2615
2283 1275
2545 2484
3101 2496
3511 3265
2612 2767
3135 2493
2557 2927
2623 2838
3803 2794
2664 2714
3112 2455
2430 1061
3238 2554
3358 3389
3947 2759
3223 2594
3168 2894
2493 2591
2604 2898
2905 2497
3371 3401
3155 2757
3188 2722
3096 2518
2437 2579
2935 2573
3528 3194
2429 2568
3886 2772
3190 2637
3203 2703
3401 3088
1932 2370
3442 3093
2696 2584
2569 2688
2369 989
3075 2405
2859 2526
2846 2520
2600 2734
2609 2720
2423 1051
2657 2119
3361 2891
3264 2458
3259 2933
2202 1516
3137 2844
3163 2741
2879 2572
3098 2473
3339 3386
3489 3139
2419 1026
2595 2152
2395 2532
2373 2543
2609 2717
3164 2829
3357 3349
2526 1136
3232 2627
3172 2545
2512 2549
3369 3070
3306 2469
3384 3073
2562 2685
3235 2705
2983 2547
3069 2490
3243 2593
3153 2906
2462 2581
2335 2376
3529 3145
3097 2552
2647 2702
3382 3096
3195 2723
3300 2645
3356 2348
3562 3339
3102 2624
2356 968
3021 2482
2335 1265
2436 962
2491 2527
3586 3309
2478 2580
3150 2642
2351 976
3490 3093
3430 3373
3069 2574
2788 2517
3524 3149
2184 1465
2391 1128
3210 2579
3235 2505
3395 3064
2584 2888
2530 2569
2591 2696
2893 2502
3203 2938
2576 2731
3548 3341
2429 1204
3519 3262
2815 2522
3219 2665
2477 2518
2403 1214
2342 2412
3426 2953
2726 2585
3407 3061
2579 2598
2603 2743
2798 2544
2758 2511
3142 2593
3242 2518
3352 2662
3872 2738
3427 2954
3398 3399
3227 2702
2519 2566
3176 2892
3113 2626
3388 3381
3522 3144
2330 1243
2928 2577
3228 2701
2170 1557
3209 2694
3142 2650
2591 2860
2510 1210
2408 1116
3467 3142
3305 3400
3396 3072
3270 2662
2428 982
3322 2471
3206 2731
3916 2773
2496 2909
3359 3387
2586 2862
3333 3356
2251 1352
2362 1210
2407 1196
2585 2990
3364 2412
3472 3354
3074 2412
1931 2375
3153 2799
2258 1336
2519 1157
2784 2512
3158 2820
3923 2787
3185 2856
2980 2571
3526 3178
2331 1269
3489 3113
3027 2512
3422 3413
3444 3271
2387 2503
3303 2940
3150 2859
3298 2956
3235 2502
2492 1186
2363 1011
3220 2526
3139 2852
2861 2540
3186 2924
2597 2618
3252 2609
2622 2779
2197 1489
3530 3262
2513 2689
2483 2474
3525 3275
2416 1196
2485 2571
2549 2547
2414 986
3480 3319
3255 2561
2448 977
3122 2492
2910 2566
2641 2705
3015 2461
2339 2358
3407 3416
2499 2881
2604 2831
3356 2359
3206 2634
3062 2504
2621 2637
3484 3162
2352 994
3130 2565
3210 2619
3290 2650
3267 2564
2534 2920
3539 3340
2647 2558
2430 1189
2291 1251
3524 3178
3590 3300
2699 2598
3272 2947
2623 2683
2406 1047
3177 2712
3847 2721
2462 2579
3494 3089
2341 1240
3192 2723
2532 2911
3092 2455
3248 2665
3334 2643
3383 2985
2815 2527
3126 2463
2098 2400
3475 3323
2993 2519
2350 979
3096 2452
2961 2533
3248 2589
2327 2407
3297 2443
3369 2403
2559 2565
3414 3059
2619 2674
2449 944
2472 1030
3315 2919
3195 2926
3424 2954
3177 2647
2359 1252
2377 2508
3370 3064
3536 3217
2409 1136
2470 1167
2619 2608
3238 2546
2394 2487
3421 3045
2549 2889
3339 3354
2681 2630
2501 2532
2421 2554
3172 2778
3331 2709
3585 3307
2641 2695
2571 2708
2565 2971
2635 2718
2591 2589
3230 2536
3422 3410
2151 1624
2935 2572
3214 2526
3542 3350
2446 936
3907 2769
3348 2352
2295 1242
2629 2679
2915 2498
2619 2835
2511 2921
2551 2720
3146 2814
3371 3071
3076 2577
2794 2527
2509 1206
2523 2707
3144 2785
3374 3047
3192 2707
2441 961
3313 3398
3185 2605
2577 2738
3886 2717
3880 2724
2519 1156
3337 2713
3279 2673
3554 3213
2524 2890
2798 2547
3509 3252
3075 2506
3481 3141
2464 1016
2457 1230
3112 2580
2383 2410
3354 2384
2612 2842
2995 2519
3085 2545
3194 2723
2337 2403
3172 2544
2648 2118
2891 2544
3500 3089
3327 2717
2464 2570
3086 2440
2542 2478
3477 3166
3802 2781
3175 2794
3327 2943
2523 1204
2678 2635
3294 2641
2601 2737
3096 2443
3560 3318
2471 948
3422 3024
2611 2575
2809 2520
3217 2587
2457 1055
2395 992
2282 1319
2673 2735
3284 2952
3142 2644
3328 2393
3519 3341
2513 2922
2162 1533
2626 2820
3120 2559
3067 2436
3169 2828
3203 2628
2397 1146
2646 2789
3084 2590
2393 2488
3183 2844
3344 2889
2492 2529
3450 3058
2632 2650
2641 2585
2500 2560
3404 2961
2986 2520
2902 2508
3312 3357
2430 1063
3099 2481
2510 2900
2996 2514
3321 2921
2698 2597
3323 2475
2409 993
2880 2574
3134 2835
3391 3102
3027 2464
2340 1231
3405 3075
2376 2531
3325 3355
3422 2977
3145 2613
3130 2689
3408 2970
2974 2509
2540 2562
2406 1019
2383 2442
2655 2706
2548 2748
3180 2606
3190 2859
2612 2817
2469 1217
3359 2362
3323 2694
2405 1037
2375 2450
2542 1196
3158 2790
3390 2983
3806 2806
2598 2711
3260 2952
3423 3407
3031 2524
3494 3144
3071 2548
3208 2971
3339 2421
3248 2557
2419 1055
2651 2574
3366 2882
3197 2704
2886 2532
2390 965
3483 3288
2650 2703
3372 2925
3925 2775
2908 2498
2507 2537
2408 1056
2192 1488
2681 2743
2511 2886
3141 2781
2506 2556
2445 956
2972 2563
3460 3290
3809 2806
2504 2556
3316 2465
2322 2402
3887 2727
3150 2814
3276 2706
3368 2886
2419 1070
3162 2849
3378 3076
2684 2590
3343 3032
2400 2435
2686 2634
3373 3053
2446 938
3393 3030
2741 2529
3391 2996
3002 2488
3290 3383
3365 3388
3056 2409
3329 2636
2903 2567
2350 1007
3055 2451
3924 2764
3023 2456
3307 3405
3559 3144
3346 2926
3378 2887
2528 1200
2437 2573
2688 2540
3344 3350
3215 2625
2520 2685
3375 2344
2894 2567
2364 2498
2586 2887
2433 938
2690 2552
2512 2921
3221 2988
2576 2937
3372 2960
3910 2737
3222 2706
3245 2632
2531 2941
3174 2522
3390 2995
2479 2517
2503 2579
3223 2660
3523 3197
2622 2822
3325 2396
3168 2828
2573 2712
3148 2815
3179 2633
3187 2529
3497 3088
3319 3406
1927 2366
2134 1654
2178 1622
2609 2617
2507 2901
2420 1012
2294 1273
3165 2891
2533 2915
2404 2455
3573 3308
3858 2706
3160 2818
3064 2588
2620 2132
2335 2400
2393 1142
3358 2361
3128 2564
3520 3340
3284 2490
2521 2887
2573 2752
2154 1441
3262 2618
2602 2142
3256 2560
3454 3080
2693 2584
3348 3351
3530 3151
3298 2958
2535 2733
2508 2547
2401 1152
3356 2346
3169 2853
3195 2607
3232 2979
2597 2722
2973 2520
3908 2777
2678 2706
3115 2799
2819 2542
3149 2612
3532 3130
2652 2683
2621 2129
3338 2947
2436 914
2618 2834
3138 2578
3455 3368
3154 2798
2568 2686
2403 1035
3362 2664
3802 2780
2426 1185
3482 3288
2495 2471
2347 1227
2874 2546
2724 2584
2509 1182
2499 2122
3894 2759
2510 2572
3336 3358
3244 2923
2561 2891
2492 2604
2900 2510
2379 2547
2425 991
3353 2895
2632 2649
3172 2521
3003 2487
2971 2560
2513 1167
3184 2923
3306 2656
3592 3300
3258 2951
3076 2558
2679 2607
3407 3055
2610 2156
3370 2938
2728 2550
3348 2391
2600 2773
2454 1050
2314 1315
3525 3339
3075 2471
2456 1203
3288 2945
3507 3202
2389 2549
2578 2737
2487 2483
2763 2530
3376 3034
3214 2981
2601 2749
2512 2937
3312 2699
2673 2645
2541 2891
2395 1200
3523 3174
2647 2611
3056 2609
3388 3388
3180 2645
3226 2591
2478 2480
2154 1683
3346 3428
3146 2851
3233 2982
3172 2878
3434 3064
3320 2414
2503 2871
3390 3022
3222 2989
3336 3406
3579 3303
3021 2496
3934 2772
2582 2761
2903 2558
2470 1028
2479 2566
2461 971
3341 3359
2608 2621
2633 2133
2668 2602
2790 2510
3213 2650
3348 3423
3163 2701
3259 2544
3261 2954
3112 2492
3434 3050
3340 2642
3151 2614
3116 2630
3353 3351
2412 1186
2619 2691
3153 2752
3894 2768
2135 1629
3496 3181
2416 1204
3231 2980
2710 2566
3091 2533
3311 2707
3132 2600
2657 2624
3202 2928
2585 2629
2382 2508
3309 2462
3204 2652
3532 3254
3187 2617
2319 2388
3403 3402
3427 3369
2815 2554
2186 1464
3831 2728
3850 2705
3881 2736
2913 2501
3457 3284
2508 1209
3178 2704
2424 929
2513 2955
2360 2498
2328 2412
3340 3355
2400 1040
3015 2496
3191 2533
3502 3170
3006 2456
2456 1214
3408 2979
3424 3410
3215 2607
3811 2788
3341 3032
3199 2626
3340 3356
3148 2819
2425 2561
3338 2416
3250 2605
3140 2592
2890 2525
2511 1170
2334 1227
3234 2550
3908 2725
3436 3346
2621 2654
3267 2635
3135 2793
3360 2930
2423 1071
3357 3441
2389 2453
2391 2458
2548 2919
3104 2532
3444 3347
3294 2648
2750 2527
3131 2703
3104 2623
2519 2699
2595 2143
3342 2890
3015 2494
2625 2851
3199 2625
2408 2538
2675 2710
2644 2694
3027 2521
2683 2548
3283 2634
3341 2967
3537 3338
3050 2390
3358 3388
2503 2536
3370 2948
2603 2618
3159 2754
2386 2412
3200 2521
3004 2557
3011 2504
2518 2693
3371 3049
3246 2569
3373 2399
2328 2407
3100 2467
2393 963
3872 2741
2672 2757
2826 2523
3913 2741
3237 2941
3436 3410
2435 910
3371 2870
2396 2560
2534 1200
3498 3169
3123 2573
3505 3195
2582 2542
3546 3341
3566 3347
3275 2474
3051 2405
3216 2519
3174 2786
2715 2559
3231 2961
3269 2488
2682 2596
3157 2864
3329 3368
3248 2594
2653 2119
3173 2876
2381 997
2378 1220
3205 2734
3393 3398
3161 2629
2484 1168
3493 3127
3401 2989
2471 2566
3884 2769
2577 2894
3054 2412
2319 1270
2669 2502
3319 2413
3379 3093
3151 2589
2480 971
3381 2969
3365 3045
3397 3056
3287 2641
3238 2928
3314 2620
3369 3001
2390 2453
3346 3382
3165 2834
2887 2513
3497 3189
3874 2723
2600 2748
3047 2516
2583 2587
2797 2530
2523 1219
3342 2962
3313 2420
2400 1152
2421 1180
2312 1254
2198 1474
2286 1261
3903 2727
3433 3272
3547 3143
2385 2482
3185 2921
2707 2713
3533 3254
3517 3122
2369 2410
3178 2696
3114 2583
3344 2382
2367 2536
3369 3076
3383 3014
3382 3030
3123 2624
2403 1120
3057 2620
3235 2563
3141 2688
3331 2405
2974 2520
2543 2563
3533 3175
3306 2648
2713 2564
2667 2727
2644 2593
2331 2407
3109 2433
2391 2558
3210 2954
2135 1647
2994 2521
2780 2517
3928 2770
3562 3338
3295 3387
3230 2944
2500 2918
3351 2391
2503 2526
2418 1100
3391 3028
2609 2854
3342 3418
3413 3401
3454 3287
3328 3371
3215 2721
3533 3260
2463 1020
3483 3325
3384 2937
2764 2526
3138 2576
3223 2664
2533 2910
3206 2928
3230 2978
3409 3416
2892 2572
3512 3117
2645 2543
3551 3195
2611 2576
2547 2564
2790 2508
2902 2499
3360 3432
2419 1053
2541 2558
3217 2628
3419 3413
2616 2705
3329 3384
2170 1618
2946 2572
3170 2638
3341 2939
3004 2503
2381 1255
3888 2763
3095 2464
3428 2977
3277 2460
3082 2477
2325 1283
2910 2564
2756 2557
3847 2712
2312 2398
2426 1184
3112 2615
2611 2774
3475 3344
3370 2416
3479 3307
2762 2532
3862 2706
3418 3052
3418 3401
3184 2959
2712 2567
3920 2772
3184 2853
3338 3033
2700 2568
3251 2638
2541 1143
2385 2429
2387 988
3121 2821
2960 2530
2603 2750
2572 2709
2364 2523
2388 2425
2405 1047
2643 2565
2435 972
3370 3075
2376 2428
3117 2445
2521 2872
2593 2626
3309 2691
3564 3146
2364 981
3144 2600
2682 2755
3115 2625
2630 2772
2812 2544
2617 2607
2359 1242
3885 2728
3467 3359
3022 2488
3354 2963
2605 2608
3270 2659
3486 3318
3066 2410
3339 2702
3810 2785
3372 3057
2696 2738
3105 2626
3012 2454
3512 3082
2528 2732
3003 2467
3800 2804
2507 2510
2606 2847
2830 2526
2894 2589
2630 2138
2967 2538
3070 2405
2375 2432
3367 2672
2196 1463
3376 2953
2255 1333
2335 1002
3082 2503
2783 2519
2386 2549
2435 1083
2554 2738
2414 1068
3524 3160
2565 2563
2141 1671
3358 2957
2289 1299
3403 3380
2355 1002
3087 2618
3420 3039
2575 2683
3338 3025
3113 2819
2571 2941
3311 3365
2604 2623
3138 2582
3186 2970
3890 2721
2760 2537
2394 2455
2590 2530
3529 3320
3215 2730
2460 1164
2419 1160
2864 2541
2557 2743
2324 2386
3250 2691
3013 2571
3366 2936
3126 2708
3182 2723
3359 3432
2967 2499
2962 2547
2650 2568
2326 1276
3303 3368
2425 1187
3548 3189
3247 2516
2371 2431
3278 2485
2437 1062
2820 2546
3026 2483
2594 2910
2683 2732
3085 2596
3157 2900
2399 2415
2404 2512
3194 2528
3589 3301
3388 3379
3472 3116
3430 3066
3073 2410
3353 2666
2287 1274
2370 2545
3237 2602
3388 3401
2752 2525
3813 2782
3086 2590
3537 3267
3468 3336
2635 2793
2142 1631
3241 2607
3096 2468
2892 2543
3158 2864
2437 968
2446 937
3341 3360
3525 3202
3905 2771
3335 2652
3328 2405
3155 2804
3353 2896
3271 2561
3169 2887
3130 2691
2705 2724
2578 2892
3403 2954
2421 1150
3421 3057
3531 3203
3071 2527
2391 2548
3303 2661
2607 2580
3189 2615
3199 2528
3145 2782
3164 2871
2760 2514
3366 2885
3103 2553
2477 958
3058 2629
2835 2534
3125 2804
2641 2670
3328 3042
3840 2718
2345 1242
3152 2906
3529 3256
2392 1143
3127 2700
3243 2599
2590 2891
2969 2560
2381 1214
2335 1273
2381 2546
2515 2568
2612 2772
3381 3037
3259 2495
3333 2967
3462 3347
3348 2907
2756 2527
2871 2541
3417 2981
3011 2488
3238 2705
2537 2735
3339 2415
2604 2603
3375 2340
3351 2963
3584 3315
3197 2524
2313 1249
3074 2449
3093 2520
2564 2891
2636 2796
3182 2530
2470 2579
2519 2686
2335 1004
3210 2605
2177 1441
3336 3356
3472 3323
3365 2674
3392 3017
2379 1257
2612 2770
2492 2569
2411 1024
3897 2731
3280 2675
2166 1547
3465 3131
3284 3390
2385 2431
2604 2852
2515 2572
3544 3340
2496 2603
3165 2527
2386 1208
3505 3130
3884 2774
2506 2484
3066 2499
3450 3342
2425 1068
2569 2959
3474 3295
3354 3435
3370 2414
2695 2749
3304 3400
2654 2564
3504 3290
2612 2636
2558 2754
3198 2725
3220 2588
3804 2804
3329 2701
3195 2636
2748 2563
3192 2598
3251 2578
3081 2396
2384 2551
2502 2924
3792 2777
2722 2583
2333 1269
3068 2437
3073 2409
2902 2484
2388 960
3069 2551
3498 3165
3435 3039
2386 1265
2386 1041
2896 2553
2391 2450
3300 2640
3087 2491
2824 2519
3184 2603
3071 2409
2524 2920
3143 2842
3337 2949
2825 2538
3115 2626
3253 2618
2453 1191
3086 2531
2512 2909
3177 2613
3237 2542
3004 2463
3534 3211
2342 1240
2376 1220
2917 2574
2538 2482
2290 1261
3354 2392
3327 2473
2596 2148
3805 2801
3346 3356
3126 2564
3331 3042
3118 2546
2370 2536
3199 2919
3188 2956
2418 1025
2398 1165
2596 2592
3071 2570
3343 2411
2528 2738
2373 2500
2350 1253
2586 2861
2402 1043
2577 2945
2666 2726
2506 2573
2384 2448
3485 3313
2627 2812
3879 2714
2335 2378
2588 2911
2564 2936
3087 2552
2361 1233
2354 1269
2667 2613
3616 3132
2424 2571
2429 945
3870 2717
3554 3215
3207 2756
2460 1237
2470 2578
2565 2552
3196 2520
2603 2144
3328 3046
2267 1337
3317 3374
2766 2554
3373 2885
2680 2742
2391 2480
2663 2512
3566 3150
2894 2540
2475 2498
2564 2973
2576 2945
3417 3264
2645 2546
3237 2933
3583 3312
2413 1115
2595 2760
3209 2635
3383 3049
3417 3401
2739 2549
3134 2705
3240 2929
2580 2891
2422 1187
2525 1141
3306 2466
2841 2523
3461 3079
3472 3292
3145 2915
2840 2515
3424 3266
2361 993
3089 2588
3209 2637
3263 2544
2572 2551
3462 3110
3304 2615
3525 3301
3364 2369
3243 2687
3294 2946
2200 1459
2605 2700
2427 1147
3389 2987
3098 2447
3144 2690
3423 3412
3018 2568
2392 2465
3085 2592
2458 954
3153 2589
3537 3213
2801 2530
2479 2480
3225 2652
2683 2637
3146 2636
2642 2607
3055 2513
3334 2426
2579 2717
2422 968
3326 2921
2689 2550
3190 2854
3263 2458
3260 2955
2402 2558
2696 2591
3019 2547
3160 2627
3251 2611
3084 2530
2576 2944
3576 3304
2455 952
2510 2568
2273 1373
3223 2576
3915 2777
2373 2531
3521 3277
2261 1359
3022 2507
3373 3396
3290 2484
3288 2622
2516 2483
2478 1210
3240 2711
2962 2574
2418 980
3379 2983
2483 1212
3336 3410
3016 2461
2940 2570
3556 3143
2706 2559
3196 2732
3228 2970
2509 1210
2595 2694
2511 1228
3392 3085
2955 2574
3355 2960
2879 2540
2414 1183
3135 2678
2345 2361
2889 2588
2497 2575
3835 2724
3085 2543
3232 2566
3243 2573
3341 3362
2372 2495
2542 2558
3338 3027
2458 2573
3796 2786
3217 2601
2564 2564
3577 3324
3347 2970
2395 1166
3107 2497
2288 1261
2379 2548
2559 2752
3231 2965
3378 2964
2653 2121
2639 2540
3207 2653
2542 2941
2582 2945
3434 3383
2586 2530
2499 2520
2942 2591
2568 2937
3146 2910
3224 2968
3512 3091
2887 2573
3247 2916
3175 2916
2713 2577
2381 2505
3223 2730
3191 2735
2917 2572
3052 2514
3271 2612
2527 2880
2996 2563
3182 2972
2925 2572
3174 2647
3213 2630
3073 2480
3167 2638
3259 2622
2556 2551
2648 2788
2479 1167
3138 2591
2381 2511
2541 2941
3409 3426
2350 2529
3243 2568
2699 2545
2321 2399
3171 2638
2662 2610
2315 1326
3249 2633
2396 1203
2396 2481
2605 2855
2751 2523
3436 3033
3366 2927
3375 2938
2374 2416
3507 3077
3221 2588
3266 2629
3244 2673
3512 3130
3498 3283
2429 2573
3081 2405
2433 1082
2648 2689
2379 2540
3448 3069
2644 2607
3072 2524
2624 2852
3304 3405
3164 2825
3199 2734
2732 2586
3224 2646
3136 2681
3400 3388
3386 3020
3220 2595
3300 2957
3189 2602
2551 2922
2610 2626
3432 3417
2454 979
3094 2433
3176 2519
3531 3189
2439 944
3073 2413
3358 2342
3115 2801
3108 2638
3430 3350
3120 2555
3060 2451
3056 2620
3371 2887
2752 2515
2188 1476
3361 3045
3228 2957
3173 2703
3360 2917
2227 2220
3125 2822
3425 3353
2364 1224
2425 1192
3084 2546
3318 2738
3364 2423
3183 2695
3233 2960
2812 2520
2178 1621
3010 2557
3560 3323
3327 2396
2628 2140
2477 1210
3486 3306
2722 2559
3309 2943
3273 2459
2420 1051
2279 1308
3055 2610
3372 2951
3186 2854
3793 2820
2677 2631
2323 2405
3233 2566
2388 2450
2510 2881
2754 2515
3946 2757
3101 2554
3273 2624
3109 2606
3458 3375
3229 2597
2284 1280
3502 3294
2454 1237
3188 2959
2392 2414
3324 2437
3179 2702
3366 3387
3429 3355
3328 2389
2914 2565
3303 2654
2659 2615
3518 3124
3110 2466
3317 2730
3437 2983
2527 1189
3096 2620
2356 1012
2426 1013
3925 2778
2401 2534
2884 2551
2365 2528
2460 1216
3114 2448
3197 2501
3179 2910
2345 2380
2395 1162
3231 2609
3867 2740
2142 1625
2451 1061
3482 3118
3328 2942
2419 1193
3173 2749
2850 2532
3358 2650
3370 3423
3196 2625
2271 1362
2320 2392
3337 2727
2758 2528
3071 2568
2589 2886
2798 2528
3155 2747
3202 2921
2498 2492
2337 1280
3239 2629
2885 2513
3244 2599
3364 3074
2417 1199
2614 2816
2520 2720
3391 3410
3236 2595
3423 3033
3084 2415
3365 3419
3052 2518
3359 2972
3225 2560
3093 2518
3473 3301
2985 2539
3181 2613
3224 2708
3315 3374
2392 2505
3016 2474
2655 2532
3377 2947
3136 2601
3104 2621
3018 2497
3528 3187
2362 1209
3334 2418
2408 2449
2611 2146
3306 2639
2446 1081
2667 2709
2679 2622
2733 2550
3179 2611
3217 2947
3189 2966
3242 2573
2965 2508
3923 2765
3154 2645
3105 2627
3503 3267
3227 2625
2272 1327
3377 2979
2539 2481
2282 1292
3334 2427
2364 1007
2533 2911
3363 2664
2510 2911
3377 2343
3279 2463
2546 2887
3441 3050
3323 2695
3230 2934
3509 3182
3245 2584
3340 2927
3096 2526
3492 3285
3212 2508
3411 3407
2641 2565
2781 2516
3918 2776
3567 3345
2375 2545
2409 1030
3441 3052
3293 2637
2363 2522
3329 2473
3218 2625
2680 2638
3016 2506
2393 2452
2583 2617
2688 2743
2750 2558
3092 2464
3240 2628
2555 2971
2413 966
2446 968
2990 2509
3165 2636
2432 1062
3284 2627
2591 2756
3404 3064
3244 2965
3876 2726
3220 2528
2652 2526
2512 2567
2574 2756
3333 2968
2944 2574
3229 2630
3250 2577
2243 1369
3907 2727
2670 2496
3877 2726
3414 3397
3469 3342
3272 2484
3312 3369
3460 3282
2951 2595
2592 2622
3357 3445
2508 2490
3296 2481
2364 956
2563 2892
2322 1305
2592 2588
3209 2695
3561 3163
2606 2708
2569 2940
3330 2430
3364 3419
3441 3100
2508 2573
3174 2830
2730 2583
3321 2946
2455 953
2903 2501
2539 2923
2328 2408
3338 2419
2620 2807
3232 2932
3203 2698
3365 2412
3081 2469
3224 2621
2731 2547
2269 1347
2393 2539
3143 2637
3534 3172
3253 2636
2583 2738
3287 2635
2706 2707
3066 2426
3503 3286
2830 2546
2715 2550
3075 2486
3165 2773
3401 3063
3212 2623
2695 2731
3445 3272
3260 2953
3194 2925
3360 3390
2137 1642
3161 2823
3361 2659
3891 2741
3359 3386
3366 3075
2711 2577
2607 2853
2320 1267
3463 3362
3252 2702
2637 2603
2510 1202
2184 1467
2603 2708
3262 2456
3455 3091
2511 2952
3206 2533
2572 2949
2333 1249
3726 2863
2569 2956
2893 2544
2297 1276
3234 2538
3082 2481
3376 3081
3242 2567
3169 2777
2493 2513
3370 3389
3341 2969
3175 2501
3338 3353
2379 2413
3082 2466
3069 2583
3893 2731
3289 2946
2636 2718
3107 2444
3175 2523
3550 3142
2967 2565
3146 2827
2964 2544
2420 1196
2153 1682
3124 2565
2641 2568
3309 2703
3362 2915
3072 2416
3307 2694
2408 1139
3222 2572
3441 3046
3169 2783
3213 2515
3337 2948
3179 2529
2486 1221
2615 2819
3282 2466
3262 2493
2419 1081
3260 2927
3562 3143
2472 1144
3258 2543
3047 2399
3192 2622
3000 2469
3192 2746
3881 2734
3333 2696
2423 1095
3508 3193
2556 2743
3523 3157
3008 2460
3433 3352
3496 3288
2627 2134
2503 2867
3127 2625
2754 2534
3263 2560
2569 2971
3113 2714
3120 2463
2536 1144
2359 2417
3130 2633
3567 3329
2369 2537
3402 2986
3232 2550
2316 1319
3483 3324
2497 2569
3870 2715
2899 2492
2319 1236
3362 2909
2695 2568
2515 2567
3524 3192
3283 2486
2187 1479
2592 2857
3161 2887
3097 2437
2391 1013
3018 2521
3374 3419
3241 2545
3435 3097
2830 2538
2765 2550
3076 2491
2407 966
3522 3347
3272 2477
2905 2506
2412 1141
2361 1011
3208 2617
3227 2974
3864 2740
2584 2944
2587 2532
3145 2638
3163 2688
3257 2926
3147 2822
2588 2759
3513 3260
2205 1416
3350 3391
2490 1196
3019 2548
3226 2968
3104 2525
3353 2366
3325 2922
3516 3271
2430 990
2370 964
3101 2537
2522 1150
2496 2602
2657 2564
2404 1025
2594 2143
2624 2799
2523 1207
3898 2715
3294 2661
3218 2668
2440 1059
2500 2576
2478 1171
2622 2778
2603 2145
3867 2741
3011 2518
2350 973
2573 2710
2550 2559
3020 2551
2668 2598
3488 3165
3211 2958
3424 3384
3371 3419
3377 2950
3182 2741
3085 2446
3032 2524
3099 2534
3541 3146
3391 3001
3534 3347
2346 1228
3898 2719
3053 2604
2371 990
3362 2343
3062 2415
2969 2527
3408 2963
2340 1005
3452 3369
2510 2953
2427 1095
3560 3145
3301 2666
2379 993
3519 3174
3350 2641
2343 1001
3363 3045
2545 2919
2237 2208
2524 2878
3327 2698
2482 1208
2358 963
3361 2962
2705 2588
3843 2720
2405 2450
2591 2761
3924 2778
2547 1193
2599 2614
2473 1030
2160 1680
2321 1245
3228 2621
3108 2610
3474 3307
3326 3354
2435 906
3355 3423
3443 3354
2408 1020
2311 1326
2389 1039
3837 2724
3470 3324
3302 3365
2541 1210
3404 3075
3108 2494
2469 1161
3139 2649
2296 1328
3251 2583
3193 2748
2552 2569
3173 2528
2433 1206
2595 2763
3425 3412
2440 1215
3464 3349
2627 2811
2348 1227
2615 2603
3291 2631
2445 974
2201 1474
2442 2574
3110 2591
3343 3394
3390 2988
3472 3303
3210 2518
3129 2684
3163 2585
3330 2404
3532 3321
3337 2475
3268 2563
2612 2766
2663 2507
2479 2580
3380 2969
2641 2608
3534 3209
2593 2764
3370 2943
3477 3119
2560 2574
3565 3347
3190 2719
2425 1194
2541 2916
3338 3022
3839 2716
2827 2523
3245 2957
3894 2713
3392 2907
3464 3110
3185 2615
2647 2513
3180 2851
3217 2527
3176 2522
3250 2933
3189 2710
2412 1015
2652 2530
3383 2999
3487 3188
3307 2465
2439 961
3181 2597
3237 2529
2587 2740
2559 2894
3280 2634
3198 2862
3508 3308
3086 2512
3180 2725
2177 1633
3368 2930
3036 2497
2598 2147
2622 2830
3286 2946
2434 1153
2651 2521
3332 3034
2364 1258
2539 2574
3089 2531
3460 3110
3884 2711
3523 3311
3147 2816
2733 2549
2483 2473
2891 2523
2604 2700
3848 2723
3363 2903
3799 2790
3394 3013
3316 2735
3087 2599
2697 2562
2400 2431
2498 2908
2324 1309
2491 2594
2389 1167
3533 3236
2876 2552
3407 3413
3307 2452
2545 2488
3351 2632
2877 2576
3517 3133
3076 2524
2586 2554
3188 2711
3141 2645
2469 2509
3402 3122
2565 2581
3090 2616
3896 2747
2978 2537
2621 2797
2455 1054
2388 2415
2408 1133
3147 2815
3363 2339
3200 2971
2541 2905
3183 2516
3921 2773
3321 2627
2578 2945
3154 2806
2393 2413
3484 3165
3941 2759
3018 2529
3004 2490
2334 2354
2282 1294
2666 2596
3531 3310
2590 2621
2639 2137
2527 2560
3279 2664
3327 2388
3326 2710
3404 3402
3068 2536
3120 2562
3494 3133
3224 2602
2610 2635
3378 2963
3508 3152
2136 1629
3371 3388
3354 2386
2339 1256
2360 1222
3393 3008
2390 2574
2499 2529
2756 2534
2976 2513
3170 2518
3357 2901
2454 945
2372 1212
3320 3379
3493 3163
3164 2528
3363 2891
2333 1275
3226 2537
3198 2964
3801 2803
3081 2458
2457 2572
3400 3399
3920 2778
2853 2535
2639 2587
3373 2969
3121 2822
3417 2984
2739 2547
2506 2586
3078 2556
2788 2508
2538 2941
2156 1569
2339 1231
3146 2610
2407 1037
3409 3424
3281 2667
2682 2735
2410 1131
3005 2518
3184 2921
2975 2536
2629 2815
2534 2740
2431 965
2386 2479
3423 3385
3151 2920
3265 2950
3213 2944
3383 2995
3318 3371
3058 2407
3509 3080
3425 3356
2411 1036
3084 2548
2647 2555
3241 2970
3066 2561
3210 2531
2909 2563
2196 1482
3300 2472
2408 1019
3117 2716
2500 2908
3494 3165
3375 2664
3117 2468
2369 2406
3510 3128
3335 2640
3320 2917
3533 3331
2400 966
2523 2717
3244 2552
2867 2539
2492 2499
2601 2833
2298 1308
3471 3117
2401 2441
3305 2662
3510 3187
3421 3042
2419 976
2283 1244
2636 2809
2548 2566
2393 2479
2683 2591
3364 2893
2323 1273
3259 2467
3112 2557
3321 3404
3291 2649
3393 3386
3327 2384
2560 2939
2418 1030
2272 1325
2543 2476
3424 3035
2610 2720
3072 2476
3322 2400
2505 2554
3414 3401
3305 3394
3256 2546
3384 3065
2516 1216
2618 2691
2890 2523
3346 2925
2550 2563
2177 1463
3226 2507
2388 2504
3104 2535
3371 3420
3389 3072
3300 2641
2533 2913
2542 2898
2790 2509
2662 2508
3058 2618
3232 2602
3290 2662
3084 2514
2142 1627
3362 2916
2315 1264
3243 2579
3357 2948
3499 3196
3200 2972
2451 1189
2335 1227
3276 2474
2819 2544
3374 3030
2525 1146
3301 2692
3236 2599
2564 2932
3534 3210
3121 2461
2578 2556
3374 3041
3415 3416
3351 2893
3571 3153
2534 2559
3061 2604
3110 2601
2532 1142
2627 2776
3193 2964
2421 972
2600 2792
3338 2409
2578 2731
3162 2590
3369 3423
3009 2455
2600 2790
3013 2511
3312 2462
2663 2716
3509 3254
3505 3165
2891 2569
3195 2624
3338 3410
2194 1485
2405 2555
2445 1079
3171 2712
2875 2545
2290 1297
3560 3223
3080 2587
2472 2509
3339 3392
2436 911
3344 2978
3261 2544
2530 2560
3887 2762
3265 2468
3316 2734
2640 2571
2543 2894
3330 2421
3362 3398
3273 2612
2415 954
2536 2488
3489 3181
3501 3188
2730 2569
3192 2620
2646 2674
2348 1234
2522 2721
3883 2721
3431 3400
2386 2567
3537 3202
2611 2810
2451 1213
2585 2992
2513 2904
3028 2478
3022 2542
2607 2856
2402 1130
3440 3049
3494 3142
3269 2691
3549 3186
3480 3117
3244 2922
2331 1295
3100 2626
3562 3157
2380 2446
2499 2485
3329 3352
3321 3378
3161 2761
3385 2911
2744 2524
3197 2740
3057 2624
3171 2882
3206 2628
2795 2526
2711 2574
3266 2637
3025 2458
2413 2444
3492 3114
2722 2557
2382 995
2818 2544
3219 2730
3368 2390
2691 2551
3810 2799
3452 3080
2726 2555
2443 944
3429 3402
2624 2816
2509 2925
2662 2711
3243 2698
2508 2488
3363 2916
3095 2522
2494 2914
3371 2903
2530 2915
2656 2565
2479 2496
2352 1253
3173 2887
2376 2506
2682 2551
2390 970
3246 2600
3232 2555
2413 1066
3307 2621
2355 967
2748 2528
1932 2372
2460 1023
2426 1188
3348 2944
3083 2513
3179 2726
2378 2437
2423 1050
2391 1040
2576 2552
3224 2964
3256 2689
3028 2489
2573 2894
2972 2562
2427 989
3008 2462
2622 2804
2512 2882
2648 2701
2261 1364
3016 2497
3084 2612
2149 1673
3181 2617
2600 2707
2641 2684
3198 2714
2516 1205
3455 3370
2625 2642
3408 3420
2833 2528
3067 2432
2400 1151
2349 2405
3894 2712
3224 2967
2663 2613
2611 2712
2385 2461
3513 3281
2355 1262
2428 977
2763 2536
3072 2448
2599 2904
2857 2530
3013 2460
2301 1307
2477 1147
2425 967
3131 2495
3476 3135
2419 1100
2558 2747
3361 2345
2962 2500
3382 2971
2611 2724
3150 2643
2581 2544
2418 2554
2369 1252
3260 2931
2511 2543
3054 2405
2365 2536
3167 2707
2597 2797
2615 2746
2285 1271
3457 3088
2347 1269
3272 2615
2442 974
2596 2538
2348 1236
3516 3269
2337 1241
3368 2998
2516 1230
3124 2822
2452 1065
2951 2579
3159 2765
2387 2433
3241 2572
3182 2842
3182 2641
2511 2865
3076 2556
3233 2506
2601 2595
2286 1365
3509 3281
2580 2980
2679 2626
3423 3024
2515 2874
3246 2692
2574 2729
3527 3159
2653 2515
3196 2925
2402 963
2711 2567
2476 2480
3336 2943
3950 2752
2330 1281
2425 2567
2637 2597
3906 2777
3050 2407
3133 2693
2547 1208
2584 2622
2563 2743
2569 2560
2318 1238
2664 2611
3377 2897
2433 2568
2695 2567
3201 2939
3950 2751
2392 1166
3530 3237
3325 2423
2396 2447
3348 2637
3529 3170
3275 2949
3002 2564
3427 3419
3274 2712
3307 2731
3294 2955
3097 2469
2625 2130
2484 1186
2446 974
3511 3145
3259 2494
3301 2722
2525 2955
2369 2548
3433 2971
3324 2421
3357 2920
2685 2635
2422 970
3476 3101
2440 965
3390 2945
2583 2970
3438 3274
2466 2565
3121 2491
3488 3185
2614 2726
2500 2524
2840 2522
2385 989
2717 2546
2494 2475
2488 1188
2390 2463
2596 2576
3174 2654
2428 2571
2416 1008
3174 2870
3495 3167
2829 2520
2546 2970
2344 2363
3149 2917
2418 963
3229 2957
2419 1163
3275 2483
2585 2748
3198 2740
3519 3210
2421 1008
3444 3348
2520 2725
2720 2563
3383 3038
3910 2775
2411 991
2433 2572
2421 1089
2523 1221
3139 2787
2490 2516
2388 1208
2437 912
3339 3439
3345 3385
2560 2891
3348 2928
2406 1037
3015 2511
2562 2753
2608 2765
3228 2965
3934 2776
3933 2777
2399 2536
3147 2584
2470 1214
3161 2526
2601 2695
2711 2576
3503 3152
2697 2729
3102 2622
3516 3156
3357 3348
2460 972
2563 2751
2668 2708
2493 1192
3129 2688
2298 1273
2162 1679
2552 2548
3109 2626
3195 2747
2606 2140
2974 2516
2692 2593
3134 2692
2475 2502
3198 2941
2632 2809
3235 2530
3515 3344
3206 2688
2647 2559
2470 1140
3019 2525
3181 2850
3335 2415
3106 2543
3172 2875
2448 969
3924 2785
2586 2755
2253 1355
3436 3344
3359 2973
3227 2960
2747 2559
2492 1194
3101 2495
3250 2586
3213 2604
3243 2551
3342 2959
3065 2618
2421 979
3356 2916
3483 3096
3058 2452
3424 3359
2592 2867
2546 1211
2607 2859
3304 2749
2392 2563
3369 2996
2599 2842
3071 2484
2543 2489
3450 3068
2611 2152
3536 3146
3367 3394
2618 2151
3052 2446
3273 2949
3445 3107
3358 3044
2652 2517
3166 2849
3357 3438
3443 3060
2377 983
3102 2559
2562 2936
2398 968
3212 2955
3231 2725
3194 2945
2500 2881
2577 2734
2626 2613
3217 2581
3321 2715
3298 2724
2397 969
2385 2460
2498 2589
2582 2928
2502 1199
2373 998
3114 2619
2559 2745
2888 2518
3382 2923
2332 1269
3229 2622
3226 2917
3349 3045
2364 1253
3032 2523
3287 2651
2529 2571
2421 988
2566 2555
3234 2597
3087 2533
3152 2690
3365 3072
2416 2549
2704 2588
3177 2881
2268 1347
2474 1029
3330 2940
2853 2534
3288 2449
3297 2727
3092 2558
3536 3202
2563 2941
2296 1277
3446 3274
2443 1206
3436 3377
2532 2883
3346 2973
3438 3035
2261 1365
3136 2630
3501 3290
2359 990
2437 959
2950 2594
3435 3348
3112 2442
2507 2925
3081 2538
2352 2386
2414 1104
3348 2930
2382 1163
2500 2540
2656 2621
3836 2731
3807 2783
2374 964
2611 2623
3414 3266
2438 2576
2457 1044
2750 2529
2371 2513
3143 2644
2579 2930
3062 2614
2520 1210
3102 2436
2508 2866
3395 3395
2600 2840
2352 1013
3249 2599
2170 1457
2653 2613
2355 984
2636 2807
3526 3164
2601 2602
3360 3397
3272 2948
3253 2567
2387 986
2397 1210
3080 2472
2394 1020
2614 2632
3097 2468
3444 3273
3154 2593
2171 1642
3348 3390
2603 2606
3352 2946
2399 2510
2717 2561
3166 2598
2543 1208
3067 2619
2441 1083
3438 3068
3173 2656
2590 2618
2577 2970
2546 1205
3267 2948
3370 2877
3426 3412
2634 2678
2499 2534
3093 2445
2394 1163
2429 971
3361 2922
3381 2339
3016 2552
3099 2547
3582 3317
3073 2431
2645 2111
3813 2793
2566 2936
2536 2738
3066 2496
3485 3096
3895 2731
3561 3323
2445 929
2441 1040
2534 2946
2506 2580
3442 3273
3062 2520
2402 2451
3053 2608
3271 2629
2502 1191
2431 1192
3192 2716
2509 2538
2396 968
3069 2494
2381 2551
2412 1187
3354 2393
2717 2552
2877 2538
2528 1201
2527 1188
3077 2532
2268 1335
3400 2968
1936 2375
2688 2742
2636 2717
3055 2409
2380 1201
2589 2546
2140 1660
3513 3202
3104 2474
3070 2534
3246 2963
2647 2560
2371 2432
2552 2892
2589 2731
3217 2517
2516 1229
2620 2609
3132 2698
2603 2895
2496 2471
2419 1012
3481 3170
2354 1006
2606 2592
2511 2555
3348 3386
3525 3159
3354 3447
3495 3146
2587 2736
2429 1046
3100 2625
2451 2572
2518 2717
2908 2491
3525 3148
2145 1671
3320 2416
2984 2571
2455 1238
2435 915
3161 2872
2790 2512
3202 2740
3155 2826
2507 2586
3330 2946
1930 2379
2600 2562
2693 2566
3567 3344
3423 3402
3505 3201
2574 2696
2527 2885
2498 2593
2418 991
3017 2568
3393 3123
3499 3143
3090 2533
3519 3299
2281 1305
3545 3139
3407 3399
2366 957
2311 1268
3067 2408
2333 1268
2969 2559
2508 2569
3517 3160
3206 2929
2394 2532
2605 2847
2513 1210
3309 2438
2447 1207
3366 2919
3344 2898
3206 2631
3245 2922
2409 1138
2890 2583
3532 3235
2639 2130
3491 3288
3313 3393
3356 2368
3327 3376
2518 2703
2731 2545
2332 1276
3361 2434
3049 2517
2520 2960
3164 2905
2433 1048
3419 2981
3170 2605
2643 2702
3314 2438
2278 1303
2696 2582
2471 2568
3375 3418
3107 2498
3177 2880
2448 942
3427 3373
3418 3059
3569 3157
3085 2447
3349 3445
3345 2978
2520 2680
3307 3400
2819 2546
3082 2619
2408 1023
2311 1269
3497 3161
3318 3379
2409 1135
2290 1250
3097 2470
3566 3345
3906 2739
2129 1625
2944 2573
2697 2737
2961 2569
2352 2387
2675 2719
3148 2915
2575 2685
2510 2956
3260 2539
2351 1243
3833 2719
2599 2866
3811 2797
3891 2729
3566 3154
2620 2804
2412 1026
2627 2683
3276 2947
2532 1203
3493 3166
3338 3403
2526 2726
3378 2983
2174 1461
3195 2609
3337 2701
2556 2754
2615 2776
3205 2631
3139 2651
3116 2815
3279 2676
3184 2696
2599 2898
2607 2786
2837 2518
3333 2963
3209 2656
2528 2559
2887 2528
2369 2418
3894 2753
2459 946
3492 3314
3375 3042
3340 3045
3320 2418
2400 2550
3569 3331
2569 2695
2541 1205
3378 2396
3199 2932
2531 1148
3391 3011
2456 1041
3199 2729
2451 945
2475 1173
3111 2801
2493 1860
2645 2703
3347 3045
3252 2576
2405 1118
3018 2477
2320 1251
3288 2479
3280 2949
3347 3355
2665 2611
3216 2584
3857 2707
3403 3424
3258 2931
2529 1181
2364 2414
3215 2583
2469 1058
2392 2570
3166 2901
2995 2521
2661 2504
2282 1288
3381 3076
2499 2890
2532 2909
3926 2766
2358 1254
3190 2531
2588 2542
2679 2750
3032 2521
3394 3106
3464 3087
2424 1078
2529 1145
3305 2664
2402 2440
3086 2509
3278 2663
3105 2603
3435 3349
3120 2818
3165 2766
3428 3036
3064 2497
3115 2804
3470 3302
3278 2666
3317 2733
2326 2387
3247 2510
3308 2749
3172 2872
2579 2900
1928 2366
2681 2724
3890 2783
2564 2933
2364 2494
3119 2578
3353 3353
3160 2821
3494 3117
2403 1200
2766 2548
3202 2527
2483 1181
2383 1255
3111 2572
3435 3061
3336 2415
2621 2795
3123 2824
3192 2532
3044 2406
2663 2612
1932 2386
2386 2420
3479 3170
3087 2442
2362 1219
3476 3166
2650 2563
2648 2560
2412 1142
2383 1217
2135 1652
3086 2594
2697 2597
3012 2452
2679 2748
3344 3411
3491 3316
2604 2585
2188 1471
2174 1642
3342 2411
2493 2466
3368 2403
3035 2408
2466 1188
2279 1304
2969 2554
2402 965
3505 3163
3576 3300
3288 2667
3400 2965
3328 2943
3326 2406
2804 2544
2830 2531
3429 3269
3161 2888
3292 2637
2604 2903
3021 2483
3164 2774
3053 2417
2354 1264
3087 2512
2574 2727
2505 2539
3262 2625
3904 2774
3332 2469
2505 2552
2515 2897
3534 3200
3340 3392
3178 2596
2420 1078
2291 1241
3486 3291
2945 2574
3191 2512
3557 3140
2638 2577
3509 3314
2393 2414
2489 2507
3288 2639
2560 2729
3919 2776
3464 3322
3409 2963
2640 2679
2299 1250
3317 2686
3356 3447
2364 2397
3146 2803
2805 2547
3054 2622
3335 3016
3294 2440
2162 1680
3392 3391
3527 3163
3249 2931
3263 2945
3254 2620
2438 938
3306 2743
3228 2915
3076 2466
3351 2898
3805 2796
3509 3156
2498 2471
2381 2533
3900 2730
2827 2520
3158 2630
2444 1206
3195 2628
3059 2407
3111 2573
3534 3213
3070 2547
3177 2500
2407 1050
2624 2779
3210 2616
3358 2994
2552 2891
3274 2673
2364 997
2405 1106
2994 2517
2729 2569
3226 2960
2892 2542
3251 2957
2421 2556
3116 2448
2680 2718
2498 2581
2642 2550
2670 2756
3326 2634
3359 2361
3425 3382
3206 2699
3114 2486
3211 2659
2522 2677
2267 1345
2608 2771
3257 2931
2173 1640
2415 985
3352 2661
2394 959
2457 2573
2140 1627
3334 2918
2513 2538
2623 2634
2592 2626
2352 987
3149 2805
3277 2673
3306 3371
2756 2536
2481 2478
3216 2948
3169 2854
3337 2423
2895 2539
3507 3081
3341 2923
3141 2856
2400 1147
2186 1465
2686 2550
3445 3082
2617 2748
3425 3359
2900 2485
3175 2699
2685 2731
3304 3365
3919 2766
2696 2581
2685 2632
3354 3042
3166 2726
2393 2417
2383 2534
2197 1522
3184 2620
3510 3190
3091 2527
2702 2711
2509 1226
3573 3304
3172 2737
3249 2638
3126 2711
3485 3092
2522 1208
3280 2708
3323 2717
3232 2609
2441 965
3202 2739
2830 2525
2609 2781
3899 2724
2623 2789
3129 2699
2563 2940
2473 1150
3276 2719
2456 1213
2702 2587
2598 2627
3316 2685
3442 3098
3084 2468
3883 2737
2333 1284
3528 3158
2422 1177
3005 2467
2363 997
3340 3036
3052 2610
2610 2854
2388 948
2358 2420
3236 2957
3502 3290
3326 2942
3394 3015
2651 2685
2606 2622
3018 2496
2500 2583
3058 2620
2400 1211
2521 2930
2825 2533
2623 2824
3532 3202
2434 1080
3206 2599
3094 2440
3425 3036
2261 1361
3864 2709
2533 2554
3728 2848
2669 2602
3299 2622
2764 2533
3020 2530
3220 2592
2652 2529
2658 2624
3513 3119
2412 965
2962 2575
3012 2490
3369 2928
2195 1496
3925 2764
3331 2424
3370 3065
2637 2769
3177 2515
2598 2724
3294 2956
3023 2509
3270 2666
3892 2762
3379 2340
2609 2784
3221 2634
2498 2602
2417 1024
2386 2455
2330 2386
2524 1188
2567 2896
2498 2587
2581 2584
2406 2548
2297 1242
3086 2456
2467 1024
2624 2836
2505 2510
3018 2522
2363 1222
3453 3285
2553 2970
2492 2912
3865 2742
3153 2901
3103 2477
3466 3289
3362 2364
3066 2524
3536 3219
2682 2721
2842 2521
3446 3375
3072 2547
3281 2490
3180 2910
3368 2418
3144 2615
3264 2950
2526 2709
2169 1646
3086 2610
2438 1049
2616 2637
3532 3205
2386 2431
2462 1013
3151 2808
3208 2909
3886 2723
3533 3261
3251 2673
2634 2798
3526 3344
2697 2755
3474 3346
2609 2154
3264 2954
2750 2559
3167 2722
3071 2572
3476 3105
2618 2131
3347 2879
3366 2900
2492 2513
2512 2910
3344 3382
2396 2452
2198 1480
3525 3187
3134 2703
3341 2988
3114 2468
2970 2515
3177 2522
3365 2371
3083 2446
3110 2578
2473 1029
3099 2564
2508 2552
2414 1102
2434 944
3370 2923
2633 2803
3361 2973
2447 940
3149 2802
2583 2966
2705 2574
2971 2514
3396 3080
3080 2425
2417 1144
3509 3176
3569 3339
3294 2625
2245 1369
3230 2503
3346 2632
2512 2574
3115 2616
3501 3266
3382 3399
3179 2841
2474 957
2602 2894
3190 2530
2608 2858
2384 2412
2748 2553
3418 3049
2533 2565
2392 944
3002 2490
2571 2940
3570 3151
3281 2649
3051 2524
2450 959
2647 2677
3232 2541
2516 1212
3210 2764
3299 2731
2598 2142
3341 2962
3274 2612
3430 3048
2585 2861
1929 2376
2335 1267
2339 2402
3088 2614
3486 3319
3374 2341
3471 3114
3107 2563
3385 2910
3331 2641
3840 2721
2520 2884
2419 1141
3226 2563
3013 2517
3474 3114
2427 1080
3226 2979
3249 2704
2545 2566
3168 2511
3356 2357
3833 2724
2592 2910
2394 2486
3468 3134
3198 2972
3178 2913
2507 2567
3301 2655
3341 2889
3473 3305
2584 2870
2384 2446
3489 3134
3535 3218
3367 2657
3331 3376
2653 2115
3209 2728
3448 3107
3105 2622
3919 2783
3395 2985
2257 1333
3793 2777
2879 2574
2994 2563
3177 2896
2481 969
3288 2635
2147 1667
2416 1083
3308 2658
3914 2741
2200 1479
3172 2699
2548 1208
3230 2528
3207 2679
3308 2661
3337 2414
3339 2422
2560 2742
2501 1194
3377 2660
2185 1470
3039 2524
2609 2620
2561 2744
2461 1165
3180 2845
2711 2568
2634 2762
3330 2428
3895 2747
3489 3309
3577 3303
2557 2739
2588 2908
2337 1273
2818 2547
2624 2144
2332 1237
3075 2414
3167 2773
3346 2968
2703 2546
2381 2513
3115 2798
2571 2954
3895 2752
3018 2505
2520 2890
3409 3060
3325 3349
3528 3327
3311 2735
2943 2573
3220 2717
2948 2592
2361 2526
3943 2763
2441 1175
3287 2626
3349 2919
2438 2562
2920 2571
2669 2707
3535 3233
3338 3409
2352 1247
2674 2638
2589 2881
3170 2736
2272 1334
2146 1622
3114 2584
3147 2606
3107 2600
3271 2460
3185 2531
3280 2669
3416 3038
3900 2779
3896 2752
3369 3388
3356 2944
3337 2695
3428 3399
3299 2958
3064 2442
3098 2462
2401 1154
2480 1213
3336 3387
3164 2764
2622 2646
2280 1242
3494 3185
2561 2756
3908 2743
3037 2497
2609 2779
2749 2560
2391 2473
3432 3379
2610 2620
2593 2737
3417 3265
2483 1217
3375 3073
3387 3383
2469 1221
2861 2536
2997 2562
2632 2688
3171 2642
3400 3015
2401 1017
3902 2740
2846 2536
3361 2681
2596 2620
3452 3277
3547 3141
2413 1054
2580 2748
3040 2398
3112 2610
3121 2811
3486 3138
2690 2555
2582 2873
2457 1048
3432 3351
3072 2569
3893 2763
2550 1206
3299 2620
2850 2528
3174 2653
3070 2479
3216 2597
3354 2363
3127 2696
2424 991
2500 2502
2471 1029
3349 2641
3183 2839
3303 2743
2947 2587
2559 2973
3410 3406
3319 3404
3486 3095
3209 2961
3275 2620
3910 2776
2465 1187
2577 2940
3271 2667
3022 2511
2395 2450
2300 1328
2904 2557
2707 2575
2374 988
2372 2526
2582 2940
2460 1189
3515 3271
2896 2586
3268 2561
2625 2809
3886 2724
2679 2584
3209 2971
3192 2639
3269 2685
3231 2974
3182 2712
3501 3293
2900 2591
3539 3231
2583 2949
2194 1484
3559 3223
3173 2645
2582 2868
3077 2438
2165 1437
2376 2544
2459 975
2860 2527
2364 2522
3229 2970
3152 2709
2290 1305
3550 3187
2602 2698
2177 1630
3072 2427
3124 2626
3205 2972
3373 2349
2382 2455
3149 2919
3230 2946
2464 2576
3495 3185
2541 2720
3143 2589
2608 2579
3138 2621
2283 1243
2424 1173
2362 969
2604 2145
3539 3203
2482 2514
2488 2475
3165 2892
3015 2493
3327 2718
2555 2921
2427 1092
3549 3203
3085 2497
2391 2564
2609 2776
2668 2741
3414 3396
2392 2456
3074 2563
3419 3412
3264 2465
2254 1333
2390 2452
3378 2339
3868 2711
3187 2945
2591 2543
2394 1208
2562 2939
2375 1213
2667 2708
3239 2597
3163 2899
3100 2526
3386 2927
3271 2664
2335 1005
3402 3061
2793 2528
2633 2810
2463 1192
3346 3448
3101 2494
2129 1652
3435 3275
3134 2618
2478 2483
2401 992
2579 2726
3422 3263
3375 3049
3354 2667
2885 2514
3413 3058
2452 948
2427 1045
3174 2657
3423 3403
2529 2883
3891 2763
2586 2752
3215 2723
3448 3279
2411 1136
3344 3386
3251 2582
3877 2739
3240 2512
2677 2707
2652 2703
3384 2907
3195 2644
3474 3323
3421 3274
3443 3063
3137 2789
2596 2722
3216 2610
3165 2890
3302 2663
2514 1173
2630 2653
2663 2513
3127 2695
2396 1042
2276 1308
3319 2462
3183 2914
3164 2649
3260 2621
2533 1201
3360 3429
2595 2899
2600 2152
3891 2759
3239 2546
3393 3060
3267 2685
3340 3410
3319 2925
3329 2642
3190 2520
2614 2613
3517 3116
2623 2852
3207 2705
3493 3316
3154 2709
3312 3392
2196 1468
2797 2521
2497 2496
2338 2403
2520 1207
2877 2571
2891 2580
3568 3151
2601 2781
2547 1206
2585 2700
2601 2788
3244 2960
2365 1007
2410 1038
3160 2708
3177 2895
3314 2437
3500 3268
2364 1254
2352 1232
3412 3407
2346 2363
3268 2632
3088 2549
3206 2641
2207 1465
2641 2591
2520 2956
3358 3349
3265 2949
2642 2584
2390 993
3339 2709
3151 2811
3234 2933
3472 3334
2607 2747
3398 3063
3437 3034
3171 2858
2371 2541
3369 2902
3161 2685
2508 2950
3906 2736
2697 2585
3300 2473
3285 2641
2424 1168
3353 2991
3178 2535
2635 2792
2514 2933
2351 1250
3158 2760
3902 2738
2509 2476
2649 2108
2465 1037
3442 3277
2805 2543
3533 3258
3428 2975
2500 2501
2337 1282
3253 2957
3482 3122
2374 2510
2641 2681
2293 1326
2582 2874
3435 3051
2890 2509
2587 2993
2562 2579
3031 2525
2508 2937
2638 2574
3084 2446
2977 2535
2575 2553
3893 2765
3133 2493
2516 2952
2448 2573
3251 2707
3126 2705
2591 2547
2617 2149
3316 2738
3070 2577
2685 2727
2518 2695
2394 2539
3503 3284
3356 2975
2735 2552
3359 3398
3421 2954
3335 2922
2594 2619
3196 2710
2140 1666
2412 1005
3223 2980
3477 3102
3122 2823
3417 3058
2558 2552
3149 2807
2307 1326
3280 2666
3147 2614
3445 3375
2396 2439
2580 2902
2538 1199
3385 3384
2287 1262
3391 2994
2441 1077
3021 2467
2258 1364
3268 2684
3197 2635
2537 2943
2405 1205
3555 3332
2413 982
2381 2545
3097 2479
2442 931
2393 946
3401 3016
2576 2978
2432 1174
3343 2975
3412 3419
2597 2152
3082 2482
3510 3125
3189 2530
3089 2612
3330 2919
2581 2886
2470 1169
3244 2972
3380 2904
2322 2403
3092 2538
3197 2756
2381 2432
2695 2730
3416 2956
2600 2744
3532 3344
3525 3242
2625 2602
2491 2572
2577 2765
2358 2417
3303 2657
2526 1135
2463 954
3510 3193
2682 2541
2539 2721
3350 2384
3429 3412
2516 2922
3320 2621
2512 2676
3475 3289
3019 2485
2508 1207
2646 2559
3115 2575
2198 1461
2641 2546
3516 3169
2626 2603
3442 3091
2598 2590
3116 2445
3535 3214
3497 3162
2445 977
3259 2468
2603 2146
3511 3186
2757 2528
3443 3102
2443 1080
2746 2548
2453 961
2689 2592
2393 2489
2626 2143
3157 2804
2320 1238
2418 1148
2348 2529
2453 958
2584 2592
3260 2576
3008 2560
3504 3183
3393 3395
2717 2551
2589 2616
2515 2888
2583 2870
2652 2573
3391 3118
2387 994
2519 2708
2658 2514
2587 2735
3893 2732
3246 2509
2606 2822
2511 2955
2420 1100
2546 1143
3399 3098
2601 2152
2386 2449
3279 2634
2178 1642
3205 2692
2762 2536
3088 2512
3283 2661
3301 2662
3381 2905
2571 2693
3911 2777
2391 1138
2402 2512
2666 2723
3009 2566
2597 2624
2273 1316
2289 1362
2516 1223
2819 2540
3401 3410
3141 2643
3481 3187
2313 1307
2303 1306
3521 3149
3355 3043
2694 2556
3348 2643
2725 2550
3154 2786
2724 2562
3246 2927
3360 2674
2376 1002
3363 2430
2169 1630
2382 2436
3536 3347
2421 1186
3300 2961
3922 2758
2301 1302
2387 987
2395 2571
2433 1083
2492 1189
2575 2557
3234 2540
2608 2860
2595 2845
2393 2505
3348 2889
2366 2418
3026 2469
2513 2891
2980 2514
2888 2529
3432 2976
3811 2803
2577 2685
3069 2492
2400 2510
2612 2635
2409 2550
2463 1214
3366 2875
3326 2400
2396 953
3147 2576
2331 1282
3238 2553
3207 2971
2964 2531
3396 3075
2441 1065
2582 2699
2252 1339
2500 2882
3227 2914
3205 2909
2363 1005
3164 2854
2399 2511
2394 1015
2457 1039
3217 2572
3091 2487
3937 2777
3460 3287
3887 2771
3236 2959
3322 2727
2344 1270
2566 2895
3088 2615
3560 3141
3905 2736
3392 3095
2899 2505
3430 3413
3165 2846
3008 2514
3451 3081
2478 1208
2476 2520
3350 2637
2378 2413
2267 1361
3152 2795
2392 1037
2387 2406
3261 2953
2379 1199
2508 1182
3329 2718
2154 1677
3326 2432
2685 2592
3205 2521
3305 2459
2342 2378
2697 2563
2600 2695
3160 2707
3044 2498
3366 2336
3339 2922
3175 2705
3319 2402
3507 3076
3017 2475
2348 1232
3368 2399
2420 1104
3012 2504
2518 2560
3515 3170
3301 2729
2422 1012
3539 3349
3196 2703
2374 2505
3313 3389
3069 2584
2382 2510
3510 3150
2312 1256
2490 2523
3057 2615
2381 2539
3320 2740
2338 2357
3551 3208
2609 2579
3302 2440
3181 2644
2376 2483
2411 1023
3034 2397
3192 2641
3322 2408
2350 2369
2465 1035
3358 3043
2376 1194
3344 2925
3508 3263
3368 2946
3534 3306
2622 2829
3039 2406
3471 3136
2541 2498
3289 3383
2412 1193
2156 1682
3096 2559
3889 2722
2412 981
3501 3296
2428 1186
3103 2526
3066 2590
3233 2591
2606 2750
3180 2849
3560 3331
3366 3073
3450 3287
2746 2523
3380 2893
2355 1261
3526 3241
3108 2558
2643 2672
3266 2485
3201 2519
2501 2566
2910 2562
3198 2971
2640 2132
3346 2898
3010 2555
2384 1260
3407 3074
2663 2712
3033 2483
2325 2390
2971 2533
3224 2954
3181 2918
2744 2530
2604 2750
3383 2979
2334 1253
3215 2627
2512 1168
3476 3107
3182 2839
3064 2528
2792 2521
2284 1323
2585 2736
2451 970
2489 2596
3471 3112
2357 1212
2379 2449
3191 2947
2545 2918
2610 2766
3379 3040
2416 2444
3327 2472
2705 2548
3230 2942
2462 1017
3364 2922
3174 2722
2268 1341
3469 3109
3020 2507
3386 3392
2396 1144
2567 2560
3366 3392
3139 2829
3118 2818
3323 2437
2377 2437
3898 2732
2462 2578
3155 2860
3029 2473
3473 3302
3276 2948
3273 2708
2971 2505
3392 3093
3385 2995
3114 2809
3336 3346
2815 2523
3197 2972
3252 2636
3288 2947
2635 2797
3311 2658
2467 2577
2671 2713
3189 2711
3232 2941
3901 2730
3198 2700
3515 3186
3317 3373
3176 2533
3169 2905
3465 3301
3913 2739
3364 3394
3035 2521
2596 2730
3243 2673
2276 1360
2340 2403
3211 2757
2871 2571
3192 2860
3283 2668
3167 2651
3178 2705
2589 2632
3355 2962
3311 3363
3197 2630
3546 3210
3885 2769
3301 2674
2604 2584
3368 3001
2541 2483
3209 2760
2374 2485
3550 3196
3371 2672
2629 2141
3078 2531
2961 2570
3402 2977
3383 3064
2737 2552
2143 1675
2578 2686
2420 964
2559 2920
2455 1044
2501 2557
3308 3405
3392 3105
3212 2624
2837 2528
3895 2754
3039 2521
2286 1364
3310 2462
2463 2566
3362 2675
3500 3266
3251 2690
3154 2688
3364 2917
2361 1245
2582 2621
2635 2591
3393 2906
2167 1564
2258 1353
2551 2921
3145 2605
3220 2571
3883 2722
3360 2966
3202 2933
2902 2559
2510 2894
3326 2929
3536 3176
2332 1250
3044 2398
3361 3043
3885 2734
3327 2929
2736 2562
2619 2801
3357 2664
3247 2584
3948 2762
2585 2628
3419 2958
2381 2483
3473 3345
3239 2957
3510 3155
2313 1304
3252 2930
2603 2601
2619 2750
3170 2854
2727 2566
2666 2642
3574 3302
2457 1219
3882 2710
3214 2607
2429 2569
3435 3416
2262 1361
3075 2437
3486 3188
2360 2411
3203 2695
2315 2392
3339 3383
2542 2492
3565 3146
2593 2562
2649 2563
2728 2549
3258 2468
2460 1040
2396 2534
2416 973
3507 3123
3157 2636
3507 3281
2402 1131
2626 2638
2560 2931
3290 2661
3156 2688
2565 2967
3891 2722
2871 2569
3364 2425
3104 2442
2315 2401
3082 2414
3322 2402
2229 2455
3218 2627
2416 1089
2160 1573
2591 2851
3454 3291
3315 2435
3275 2700
3224 2722
3273 2694
2418 1083
3493 3132
2362 998
3028 2492
3162 2768
3139 2681
3558 3343
2619 2848
3561 3320
3261 2493
3360 2370
2701 2547
3167 2882
2345 1230
2459 1042
3899 2750
3362 3392
2383 2502
2144 1627
3494 3094
3379 2339
2167 1630
3213 2948
3105 2620
2380 2438
3115 2485
2890 2590
3364 2662
3585 3317
2637 2547
2712 2557
3227 2967
2590 2880
3355 3397
3165 2728
2640 2589
2336 1281
2528 2725
3058 2409
3160 2844
2290 1325
2334 1243
2707 2567
2663 2711
3360 2666
3382 3071
2433 944
2580 2731
3367 2336
2347 1266
3167 2825
3003 2520
2701 2587
3439 3044
2324 1235
3149 2806
2282 1360
3285 2650
3384 2991
3345 3045
2709 2566
2291 1326
2604 2825
2435 1063
3223 2500
2346 2364
3876 2719
2398 2534
3205 2918
2387 2449
3063 2446
2422 1078
2706 2548
3425 3411
3237 2957
3499 3283
3948 2761
2673 2617
2527 1156
2382 2507
3116 2490
2807 2538
2171 1612
3392 3097
3082 2409
2480 2579
2603 2844
3065 2588
3544 3145
3188 2954
2369 1249
3271 2635
2726 2583
3167 2596
2363 1261
3842 2717
2408 1053
2539 2922
3171 2787
2517 2688
2751 2525
3215 2588
2822 2552
3161 2765
3109 2495
3192 2968
3138 2619
2828 2541
2565 2752
3165 2852
2615 2716
3906 2770
2527 2876
3103 2600
3226 2595
2797 2517
3190 2711
3146 2816
3273 2677
3495 3145
2686 2607
2286 1244
3235 2942
3041 2520
2193 1492
2613 2636
3161 2849
3339 3353
3338 3380
2570 2956
3241 2567
2492 2572
2629 2633
2584 2736
3126 2562
2465 1059
2516 1218
3550 3146
2524 2735
3229 2527
2470 2564
2323 1282
2685 2540
3420 2955
2420 1009
2182 1633
3319 3397
3150 2922
2796 2524
2622 2633
3198 2933
3575 3302
3180 2852
2519 2929
3317 2942
3116 2715
2415 1053
2196 1484
3435 3418
2407 1155
2428 1046
3243 2923
3336 3348
3885 2774
3163 2764
2516 2706
2618 2805
3379 2899
3212 2572
3088 2488
2406 1026
2751 2527
2555 2732
2334 2400
2421 1051
2316 2394
2835 2537
2605 2704
3357 2885
3572 3322
3357 2900
3341 3440
3210 2530
3170 2846
3171 2742
3942 2757
3446 3349
3339 2937
3937 2770
3484 3288
2616 2660
2539 2479
2889 2544
3082 2411
3115 2548
2606 2760
2574 2724
3270 2712
3340 3409
2432 1187
3124 2470
3160 2623
2592 2542
3485 3187
3229 2653
2606 2581
2896 2506
3068 2423
3459 3076
2396 2505
2596 2560
2351 1266
2854 2534
3543 3209
3006 2457
2455 2578
2522 2688
2524 1202
3337 2418
2968 2556
2422 982
2583 2890
2542 2563
2426 1018
3388 2910
2529 1200
2386 2451
2277 1373
3391 3104
2513 2909
3388 3058
3299 2947
2533 2559
3363 3385
3520 3210
3565 3321
3412 2973
2369 1211
2437 916
2594 2852
2617 2775
3174 2542
2394 2426
2595 2903
2350 1267
2606 2743
2627 2780
2608 2752
3474 3100
2506 2488
2628 2638
2490 2597
2686 2540
2633 2616
3195 2695
3065 2599
2514 2864
3351 2384
2315 1322
3539 3156
2387 950
3310 2440
3237 2541
2438 1082
3425 3401
2909 2500
3258 2542
3527 3184
2618 2670
3069 2457
2564 2688
2511 2540
3424 3405
3330 2713
3364 2665
2461 1220
2647 2676
2418 989
3477 3123
3356 2666
3384 2911
3057 2609
2369 2486
2449 932
2441 1064
3370 2415
3226 2662
3239 2687
3382 3082
3356 3045
2365 2549
3347 2905
2626 2602
2402 1205
2336 2378
2588 2882
3918 2767
3111 2800
2464 1035
2390 1166
2425 1058
2434 2557
3143 2618
3229 2552
3087 2507
3346 3047
2466 1040
2343 1229
3461 3109
2600 2153
2404 2547
2511 1202
2274 1307
3593 3297
3104 2548
3529 3247
2526 2735
2839 2537
3354 2669
3354 2672
3138 2843
2628 2130
3062 2434
3415 2978
2676 2620
3102 2465
3196 2755
3212 2580
2530 2736
3173 2750
3070 2521
2581 2890
3141 2790
2522 2724
2191 1470
3521 3259
3386 2995
2762 2544
3474 3096
2396 1041
3143 2593
2374 2487
3010 2493
3133 2798
3560 3146
2336 1280
2995 2516
2426 1092
2330 1271
2510 2879
2472 2504
2965 2547
2831 2548
3475 3287
3335 2944
2710 2549
2460 1230
3371 2343
2701 2722
3538 3149
2608 2859
3173 2841
2641 2714
3187 2618
2781 2517
3536 3205
3360 2374
3165 2832
3226 2562
3377 2667
3135 2631
3456 3086
3363 2403
3231 2934
2648 2612
3524 3157
3071 2450
2391 993
3154 2592
3522 3277
3350 2622
2479 2577
2949 2583
2284 1320
2978 2514
2609 2754
2418 1150
3059 2615
2383 1256
2401 2539
3288 2623
2370 989
2431 2575
2413 1194
3408 2962
2349 2373
2440 1042
3230 2916
3324 3378
3182 2497
2620 2821
2446 965
2732 2563
3309 3365
3354 3424
3192 2717
2863 2538
3164 2527
3528 3147
3380 2913
3234 2528
2500 2518
3518 3292
3216 2587
3135 2700
3267 2686
3329 3354
2701 2719
2487 2505
3328 2712
2509 2881
2283 1298
2376 2525
3067 2601
3186 2699
3342 3421
3343 2963
2621 2828
3375 3074
2675 2716
2604 2776
2337 1244
2838 2534
2510 2543
2891 2517
2612 2718
3460 3286
3157 2796
2951 2569
2464 1014
3199 2946
2490 1217
3359 3397
3539 3241
3435 3417
3115 2581
3507 3162
3265 2617
2278 1312
3540 3225
2398 1041
3298 2641
2346 2384
3348 3441
3232 2653
2520 2723
2682 2608
2375 984
2286 1260
2520 2726
3227 2535
3245 2582
2966 2534
3163 2824
2840 2524
3097 2441
2382 994
2422 1084
2949 2584
3069 2533
3169 2601
2406 1028
3508 3288
2821 2554
3068 2584
3025 2478
2893 2503
2424 1188
2615 2712
2361 1252
2426 975
3193 2925
2645 2705
3021 2485
3472 3132
3238 2708
3533 3256
2534 2922
2573 2753
3341 2943
2581 2865
3487 3313
2351 2372
2902 2482
3097 2628
2492 2520
2838 2518
3472 3290
2913 2554
2420 1093
3506 3115
2349 2402
2418 1185
3015 2478
3073 2417
3204 2521
2697 2559
3304 2748
2413 965
2539 2889
2442 969
3446 3084
3249 2606
2602 2616
2149 1624
2463 2568
3113 2552
2454 2570
3279 2951
3234 2921
3871 2748
3371 2873
2361 962
3205 2938
2583 2942
2695 2732
2521 2688
2414 982
3184 2843
3378 2898
3080 2467
3295 2954
2618 2674
3369 3398
3227 2539
2427 978
3911 2775
2595 2551
3587 3315
2359 1233
2439 1051
3331 2389
3161 2789
3288 2485
3265 2462
3387 3382
3320 2729
2405 1039
2340 997
3161 2794
3274 2625
3808 2810
3231 2696
3113 2558
3471 3118
3349 2644
3185 2923
2332 1241
3213 2953
3159 2744
2433 2556
2499 2589
3324 2945
3534 3180
3884 2771
3019 2460
3222 2728
3297 2476
3094 2523
3510 3249
2429 1189
3504 3090
2319 1268
2157 1674
3344 2959
2353 2538
3094 2552
2695 2748
2630 2676
3197 2862
2732 2544
3323 2635
3323 2941
2666 2722
3069 2418
3041 2399
2530 1189
3359 3045
3439 3057
2175 1440
3392 3021
2450 944
2617 2783
3341 2942
2444 1079
3212 2646
3122 2801
2603 2602
2423 928
3899 2733
2327 1268
2676 2737
2596 2556
3119 2716
2637 2764
3029 2478
2512 1210
3100 2618
3169 2829
3562 3147
3026 2459
2435 2568
2577 2705
3433 3419
2383 1214
3484 3171
3204 2929
3399 3387
2712 2559
3363 3419
3367 3075
2641 2592
2908 2568
2593 2910
2445 942
3342 3376
3404 2990
3144 2598
3220 2654
2336 1254
3324 3379
2460 952
3529 3131
2306 1306
3283 2708
2363 1253
2365 2417
3151 2689
3230 2912
3462 3365
2561 2577
2520 2697
3182 2837
2409 1132
2820 2540
2430 1152
2913 2564
3340 3375
2593 2867
3224 2532
3461 3081
3206 2630
3422 3027
2270 1328
2475 2507
2373 2513
3205 2653
2944 2581
2972 2520
2638 2586
3460 3367
3080 2620
3431 3382
3323 2928
3067 2455
3077 2460
3362 3386
3119 2810
3088 2548
2457 2574
3325 2433
2366 1260
2603 2828
3308 2734
3126 2492
3099 2532
3133 2676
3042 2398
2791 2517
2366 958
3525 3273
2593 2624
3174 2881
3211 2601
2625 2651
3230 2566
2998 2563
3232 2706
2544 2910
3358 2900
2736 2560
3240 2599
3326 2705
2527 2883
2480 2517
2767 2513
2431 964
2329 1278
2850 2531
3105 2604
2613 2145
2605 2783
2996 2486
2529 2888
2378 1215
2636 2595
3401 3407
3468 3342
3567 3343
2340 1273
3486 3165
3377 2955
3224 2969
3525 3282
2554 2744
2641 2789
2600 2842
3379 2960
2889 2527
3308 3361
3349 2987
2399 1165
3127 2714
2575 2714
2417 1006
2884 2530
3463 3289
3270 2665
2595 2537
3885 2722
3338 3373
2622 2816
2362 947
3284 2467
2606 2615
3225 2526
3147 2819
3077 2536
3264 2630
3437 3036
3324 2398
2671 2747
2407 1021
3515 3267
2189 1638
3187 2616
3261 2620
3273 2462
3451 3344
3427 3413
2541 2724
3435 3096
2140 1633
3182 2711
2287 1362
3106 2544
2445 1066
2625 2143
3513 3156
3360 2900
3426 3381
2525 1237
2537 2931
2351 2532
2521 2879
3218 2496
3134 2793
2360 1232
3153 2636
3265 2546
3381 2941
3226 2919
2618 2661
2550 2917
2484 2509
3221 2615
2375 2534
3205 2647
3510 3164
3208 2730
3243 2507
2802 2537
3323 2420
2131 1663
3377 2909
2502 2580
3026 2475
3080 2456
3478 3118
3505 3265
3429 3070
3031 2463
3568 3154
2477 1205
2200 1413
3103 2435
3134 2617
2632 2667
3192 2747
2368 1210
2429 982
3178 2911
3068 2493
3305 2653
3105 2547
3189 2516
3120 2716
3205 2642
3279 2947
2618 2132
3903 2735
2425 1067
2500 2595
3282 2670
3197 2530
2625 2826
3898 2741
3131 2634
3279 2670
2398 2442
3495 3180
3225 2565
3005 2492
2648 2559
2498 2486
3308 3363
3253 2621
2981 2518
3435 3101
3557 3144
3187 2916
3897 2754
3518 3204
3118 2467
3925 2786
3242 2552
3011 2517
3514 3192
3435 2985
3374 3077
3474 3344
2422 1076
3186 2607
2636 2542
3052 2607
3197 2699
3018 2475
3114 2807
2572 2552
2571 2557
3313 2736
2359 991
2556 2888
3124 2630
2538 2739
2534 1191
3509 3090
3467 3296
2992 2511
3145 2617
2503 2117
3107 2602
3180 2612
2524 1189
2512 2866
3453 3343
3081 2618
3291 2482
3243 2592
2169 1462
3336 2926
2423 2571
3352 3436
3005 2521
3244 2556
3365 2419
3803 2784
3151 2750
3896 2724
3378 2397
2562 2754
2602 2557
3334 2924
3385 2939
3177 2658
2492 2475
2400 1122
3246 2553
2494 2566
3208 2916
3527 3256
3299 2944
3510 3093
2635 2697
3351 2885
2537 1193
2531 2927
3567 3330
2642 2594
2704 2566
3164 2868
2160 1568
3344 3441
2657 2614
3362 3045
3423 3399
3472 3333
2682 2597
3342 3384
2616 2745
2397 1043
3391 3114
2577 2763
3064 2410
2465 1033
3510 3183
3186 2954
2897 2558
3538 3146
2174 1468
3532 3325
2386 1166
2515 2676
3055 2445
3316 2741
2355 1259
2435 969
2408 1140
3508 3315
3308 3406
2371 2512
2976 2538
2534 1142
3182 2601
3031 2516
2482 2477
3279 2629
2170 1638
2579 2769
2354 961
2672 2723
2584 2586
2455 1203
3205 2919
2410 1112
2947 2584
3116 2548
2629 2816
2402 2442
2710 2559
3195 2718
3194 2637
2569 2974
3167 2513
2669 2644
3522 3296
3429 3380
3159 2707
2442 1077
3100 2481
3091 2600
3148 2576
3164 2741
2611 2154
3187 2924
2349 2403
3233 2551
3346 2631
3260 2565
3471 3155
3256 2931
3065 2596
3308 2712
2643 2550
3342 3396
2391 1127
3051 2394
3154 2686
3352 2383
3326 2939
2341 996
2515 2925
2182 1467
2293 1239
2135 1650
3090 2448
3347 2382
2360 952
2652 2679
2392 1034
2481 2575
3197 2715
2525 1189
2431 1063
3410 3420
3091 2616
2522 2681
3446 3058
2480 1214
2501 2558
2494 2600
3298 2625
2907 2494
3357 2898
3105 2563
3006 2454
3332 2967
2396 2508
3355 3387
2601 2143
2278 1314
3393 3057
3351 2357
2493 2903
3316 2437
3866 2716
2516 1226
2639 2539
3388 2933
3474 3338
2289 1270
3530 3250
3363 2365
2701 2585
2559 2569
3509 3181
3218 2517
3114 2471
2895 2540
3307 2690
2504 2512
3895 2746
3534 3202
3316 2630
3443 3351
2363 946
3437 3101
2692 2748
3436 3063
2987 2517
3797 2817
2425 969
2737 2565
3511 3190
3071 2390
2481 2512
3181 2725
2843 2534
2630 2780
3295 2654
2349 1230
2643 2787
2575 2556
3381 2980
2610 2749
2167 1645
3555 3143
2649 2535
3242 2686
3349 3354
3555 3147
3412 3417
3214 2954
2365 1212
3362 2398
2628 2643
3088 2451
2538 2564
2370 2418
3444 3088
3365 2415
2424 1171
2357 1255
3557 3220
3318 2920
2422 2575
2553 2968
2321 1249
3065 2573
2590 2693
3300 2732
3483 3309
3157 2685
3348 2984
3243 2552
2374 1001
2418 1182
3561 3156
3066 2495
3880 2736
3379 2398
3420 3274
3382 2894
2330 1250
3366 3074
3523 3149
3365 2922
2909 2561
2443 932
2425 1056
3083 2528
3802 2815
2195 1470
3433 3347
3111 2433
3430 3412
2689 2741
3867 2745
3545 3144
2284 1295
2411 967
2315 1323
2131 1653
2445 1067
2584 2556
2379 2435
3450 3083
3380 3082
2882 2543
2352 2417
2558 2741
3197 2625
2489 2478
2459 976
3306 2733
2538 2565
3230 2947
3223 2619
2273 1333
2424 1056
3174 2841
2393 1166
2150 1677
2540 2921
3476 3343
3363 3397
2524 1183
3065 2617
2332 1277
2515 2938
3069 2459
3364 3396
3221 2950
2404 1140
3025 2490
2686 2734
2453 955
2529 2916
2704 2710
2362 991
2400 1148
2351 1008
3002 2467
3105 2531
3510 3158
2707 2582
3154 2800
3348 2638
3365 2657
3078 2562
2521 2880
3374 2886
2524 2724
2604 2701
2628 2652
2380 2429
2607 2862
3362 2934
3436 3038
3348 2987
3141 2647
2393 2545
2801 2544
3886 2722
3085 2487
3078 2395
3382 3093
3508 3307
3115 2824
3509 3259
3348 3425
2417 1198
2363 982
3188 2516
2369 2542
2907 2495
3343 2968
3325 2705
2283 1304
2366 2396
3533 3176
3217 2731
2514 2885
2609 2618
3331 2642
3463 3305
2618 2703
2172 1637
2409 1053
2360 2412
3462 3286
3004 2460
2368 1209
2300 1267
3140 2649
2645 2521
3226 2713
2906 2503
2580 2970
2518 2701
3224 2709
2370 2407
3050 2511
3212 2953
2617 2661
3262 2704
3483 3281
3091 2456
3142 2841
3026 2468
3147 2814
3267 2463
3226 2592
2576 2709
3520 3265
3073 2476
3333 3042
2671 2612
2589 2742
3833 2729
2686 2592
3448 3059
3207 2727
2535 2944
3177 2499
2428 1196
2378 2533
3158 2700
2441 960
3028 2480
3264 2491
3029 2525
3344 3426
3172 2723
2540 2891
2305 1327
2558 2738
2712 2581
3408 2959
2134 1644
2541 2480
2428 1146
1928 2365
2911 2554
2767 2516
3288 2708
2616 2845
2374 2490
3018 2444
3428 3369
3811 2804
3149 2804
3368 2995
2396 2509
2622 2828
2622 2655
2647 2687
2451 966
2617 2712
3483 3165
2561 2930
3188 2615
2434 966
3612 3126
2671 2743
3439 3059
3257 2559
3341 2922
3021 2511
3318 2631
2536 2566
3168 2854
2275 1316
3350 3440
3842 2720
2628 2781
2416 1000
2388 2564
3231 2935
3346 3399
3194 2749
2606 2850
2439 1179
2291 1325
3886 2761
2435 1062
3261 2529
3213 2956
3530 3171
2572 2964
2967 2563
3473 3133
3096 2444
2457 2565
2446 975
2629 2685
3343 3422
3521 3191
3296 2728
3255 2948
3182 2621
3066 2520
3159 2755
2560 2581
3310 2944
3175 2905
3274 2615
2255 1362
2283 1320
2699 2592
2830 2545
3389 3409
2135 1643
3214 2625
2255 1360
3354 3387
2429 2578
3256 2617
2923 2572
3153 2920
3223 2601
2420 1146
3376 2396
2659 2525
3391 2973
2387 993
3462 3372
2580 2979
2356 967
3569 3335
2648 2537
3901 2784
2605 2903
2425 1183
2396 2545
2602 2736
3353 3350
2591 2735
2595 2893
3264 2946
3186 2529
2245 1338
2520 2879
3116 2556
2184 1636
2627 2633
3922 2774
3589 3306
2702 2724
3343 3339
2399 2560
3307 2730
2385 2405
2471 1163
3334 2473
3269 2615
3347 2646
2378 2535
3206 2600
3069 2422
2451 1050
3051 2415
3253 2697
3220 2589
2331 1275
2359 962
3427 3418
2760 2515
2360 1011
3218 2586
2623 2843
3345 3029
3393 3081
2584 2962
2321 1248
2409 1127
3443 3053
3356 2396
3322 2403
2588 2731
2984 2545
3197 2713
2346 1002
2543 1151
2396 964
3122 2820
2375 2538
3503 3168
3046 2494
2837 2536
2424 1014
3237 2707
3905 2739
3878 2738
3157 2709
2964 2499
2332 2376
3405 3425
3226 2527
3287 2946
3373 2887
3267 2637
3371 2392
2432 1056
3321 2470
2586 2614
3264 2693
2632 2619
2485 2479
2703 2571
2601 2895
2392 993
2286 1366
3867 2716
3013 2564
2545 1193
3068 2587
2981 2519
2601 2581
2564 2895
3025 2471
2378 2532
3253 2634
3444 3277
2516 2931
2492 2528
3847 2717
3032 2522
3501 3190
2528 2872
2411 1133
3200 2628
2133 1625
2374 2531
2352 1231
3287 3386
2523 2560
2316 1266
3308 2697
3160 2523
3329 2952
2533 2734
3195 2755
2643 2538
2623 2677
2555 2929
3081 2561
3326 2405
3427 3268
3252 2556
2614 2606
3381 3031
2644 2699
2377 2507
3071 2485
3425 3262
3881 2716
3498 3199
2618 2149
3426 3267
3096 2441
3401 3378
3153 2783
2268 1353
3300 2622
2325 1272
2481 2484
3533 3344
3342 3383
3351 2988
3335 3018
3049 2397
2537 1197
3206 2607
3171 2854
3542 3145
3074 2446
2618 2671
3398 3094
2637 2766
2599 2754
2531 2884
3230 2699
3074 2506
2520 2885
2710 2585
2350 983
2590 2757
2454 2571
3158 2709
2897 2540
3163 2591
2502 2907
2696 2731
3520 3115
2578 2703
2426 1168
2304 1267
2629 2130
3263 2494
3272 2612
2512 1233
2541 1196
2285 1273
2910 2565
3222 2499
2506 2560
3528 3266
3486 3163
3253 2595
3352 2671
3348 2971
3504 3193
3383 3068
3007 2513
2607 2758
2632 2613
2891 2578
3537 3214
2376 2527
3190 2511
3337 2474
3341 2703
3286 2669
2484 2497
3288 3383
2766 2550
3202 2738
2411 1128
3130 2693
2541 2734
3203 2526
3174 2519
2620 2816
2392 1210
3512 3081
3395 3111
1929 2389
2421 1010
2524 1207
2430 916
2586 2699
3144 2803
3952 2764
2551 2739
2803 2544
3233 2607
3030 2492
2169 1639
3351 2904
3341 2412
2398 952
3311 3367
3242 2510
2430 1144
2705 2587
3505 3126
2387 2415
2637 2596
2667 2601
3380 3098
3356 3385
2883 2553
2542 2566
3199 2935
2425 1188
2472 1154
3281 2706
2353 2529
2764 2545
3415 3271
2371 2490
2532 1190
2902 2494
2387 991
2553 2558
2566 2935
3369 3389
2643 2524
2568 2561
2293 1252
3909 2737
3223 2525
3447 3070
3513 3261
3117 2467
3241 2629
3334 2652
3434 3349
3464 3355
2437 961
3897 2758
3309 2623
3296 2952
3396 3067
3332 2644
2996 2475
3186 2748
3105 2542
2569 2558
2416 1067
2428 2558
3182 2973
2577 2710
2550 2929
2540 2731
2574 2896
2906 2486
3425 3418
2364 978
3512 3157
3117 2630
3406 3062
2570 2689
3204 2600
3253 2627
2385 990
3803 2780
3077 2435
2482 2575
3255 2926
3152 2750
2563 2742
2362 2499
3245 2543
3050 2408
3223 2647
2956 2530
3228 2950
2516 1228
3374 3059
3461 3372
3347 3440
2371 1252
3149 2914
2160 1440
2736 2542
2420 2578
2384 2447
2403 1119
3245 2568
2487 2501
2411 1159
3246 2557
2431 2576
2193 1464
3793 2819
3496 3287
2582 2889
2415 1009
3117 2555
2360 1233
2392 2482
2276 1361
2574 2737
3337 3019
2468 1024
3496 3142
3342 2965
3227 2663
2374 2452
2356 1242
2639 2535
3071 2464
2524 2713
3245 2601
2569 2584
2695 2559
2499 2120
2356 965
2329 1244
2373 997
3008 2490
2790 2516
2613 2726
2674 2606
3174 2643
2560 2565
3327 2705
3246 2960
3211 2948
2576 2559
2413 1004
2159 1680
3022 2467
2436 1083
2539 1151
2446 976
2426 2560
3224 2641
1932 2381
1931 2388
2356 1263
3517 3308
3268 2637
3423 2978
2584 2701
2580 2561
3168 2869
2608 2144
2718 2549
3217 2578
2428 944
3050 2396
3189 2744
2405 1147
2635 2618
2545 1194
3193 2526
3235 2561
3538 3339
2587 2739
2620 2672
2580 2725
2394 2575
2246 1336
3852 2722
2649 2689
3341 2702
2406 1153
3510 3207
2447 935
3236 2551
3286 2448
3560 3324
3351 2914
3363 2870
3052 2522
2381 2433
2301 1304
3500 3142
3204 2731
3429 3271
3173 2643
2682 2581
3144 2605
2428 922
3225 2698
2561 2728
3432 3355
3114 2627
3477 3096
3184 2638
2467 2574
2885 2537
3153 2750
3147 2578
3318 2627
3869 2745
2344 1237
3407 2966
3512 3121
3148 2821
3171 2606
2727 2585
3194 2641
3524 3166
3114 2821
3207 2908
2393 2415
2131 1664
2824 2520
3426 3034
2968 2557
3329 2725
2744 2526
2519 2880
2380 2516
3434 3063
3108 2592
2561 2563
3494 3184
3164 2895
2408 1029
3197 2946
2557 2751
3089 2602
2205 1412
2600 2838
2348 1230
2877 2572
3870 2746
3442 3059
2685 2634
3547 3333
3203 2946
3118 2547
2939 2570
3125 2624
3224 2559
3368 2909
3210 2620
3413 3060
3404 3390
2986 2532
2415 980
2286 1325
3311 2917
3155 2807
3886 2715
3350 2386
3331 2470
3586 3312
2173 1465
3171 2600
3252 2691
2627 2636
3067 2495
2614 2573
3433 3350
3227 2652
3092 2457
2500 2928
3265 2691
3176 2712
2426 1045
3288 2946
2414 952
2456 2568
2543 1145
2336 1273
3549 3185
2419 1103
2593 2856
2585 2698
3172 2751
2623 2610
3336 3382
3540 3149
2382 1218
3947 2756
3068 2430
3045 2518
3531 3331
2616 2739
2520 1171
2576 2551
2908 2556
2282 1285
3569 3154
2395 1146
2615 2611
2429 1202
3390 3403
3328 2635
3440 3052
2559 2751
3434 3065
3403 2981
3369 2942
2462 1020
2593 2588
2450 1050
2365 2403
3113 2477
2694 2754
2329 1302
3507 3262
2339 1003
3059 2442
2368 946
2287 1275
3153 2900
2397 1211
2326 2406
3004 2458
3378 2977
3365 2341
2430 977
2677 2750
2435 968
2526 2714
3184 2615
2342 1001
2404 2456
2640 2567
3462 3373
3345 3351
3193 2707
2796 2521
3376 3048
2708 2584
2285 1296
2592 2543
2474 956
2547 2920
2435 2561
2417 1065
2511 2954
3348 2354
3492 3284
3250 2660
3233 2703
3328 2390
3491 3136
3246 2667
3096 2435
3224 2953
3159 2753
2391 2567
2282 1291
2601 2753
3394 3014
3475 3125
3396 3092
3107 2597
2445 1076
2394 1040
3197 2968
2492 1190
3168 2845
2380 2483
2175 1441
3425 3394
2476 1175
2391 1033
3277 2946
3206 2526
3375 3096
3118 2819
3262 2694
3483 3116
2907 2493
3376 3033
3109 2627
2679 2742
2698 2559
3241 2693
3169 2892
3206 2757
2484 2484
2718 2547
3516 3320
2670 2705
2370 2412
3454 3341
3344 2385
3348 2922
2790 2507
2439 1214
3501 3198
3185 2516
2446 939
3023 2530
2667 2611
2638 2672
2961 2530
2903 2496
3377 2341
3398 3010
2481 2517
3382 3031
2865 2541
3151 2644
2363 2411
2392 2466
2908 2499
3505 3114
3205 2705
2416 1144
2364 2398
2164 1574
3542 3203
3227 2953
2724 2560
3113 2713
2671 2618
3023 2467
2588 2543
3381 2911
3544 3342
3278 2628
2997 2487
2500 2533
3432 3066
2710 2582
3320 2410
3179 2844
3216 2629
3198 2927
3197 2942
3180 2969
3067 2409
2402 2557
3504 3289
2496 2907
3387 3384
2522 1176
3074 2418
3535 3208
2840 2523
3011 2491
2453 1195
2498 2909
2528 1196
2393 995
2965 2530
3029 2464
3028 2484
3069 2557
3070 2526
3071 2463
2867 2543
2630 2665
2605 2794
2178 1505
2527 2889
2907 2557
2615 2604
3381 2918
2687 2606
2612 2769
2436 1062
3385 3031
2143 1670
3261 2577
2529 2954
2601 2792
3390 3072
3168 2510
3502 3295
2347 2403
2966 2563
3228 2527
2170 1617
2403 1207
3386 2917
2314 2398
2152 1628
2413 1116
2424 1057
3346 3028
3350 3392
3363 2677
3139 2842
3208 2754
3174 2520
3230 2910
3460 3369
3363 2673
3481 3278
3374 2349
3890 2766
3109 2500
2752 2513
3159 2822
2898 2548
2344 1243
2360 990
2512 1229
3193 2611
3256 2915
2589 2858
2617 2743
2388 1127
2608 2857
3153 2856
3310 2740
2593 2694
3214 2618
3289 2651
3312 3405
3433 3273
2361 1246
2422 1011
3496 3189
2202 1463
2591 2910
2628 2613
2552 2747
3249 2582
3801 2817
2875 2548
2496 2910
3112 2804
2509 1205
2980 2516
3338 2647
3116 2565
2298 1274
2384 1166
2391 2549
3385 3093
3350 2666
2805 2538
3296 2956
3503 3285
3123 2630
2578 2971
2518 1206
2422 1050
3469 3340
3303 2456
3503 3183
2165 1562
3268 2925
3910 2739
3166 2707
2764 2544
3805 2805
3323 2436
3512 3265
3830 2728
1929 2375
3552 3214
3554 3209
2902 2492
3395 3015
2170 1456
2358 1007
2339 2359
2686 2549
2652 2524
3470 3119
3392 2912
2682 2733
2368 1249
2533 2553
3483 3321
3111 2602
2470 1030
2605 2152
2632 2661
2173 1468
2455 1059
3506 3132
3848 2717
3408 2972
2700 2583
2325 1273
3368 3044
3394 3060
2609 2152
2292 1324
3500 3190
2721 2581
3356 2948
2606 2852
2367 1208
2523 2894
3205 2602
2459 1026
3163 2748
3925 2785
3927 2758
2184 1633
3511 3289
2584 2939
2290 1324
2357 2521
2748 2546
3424 2952
2588 2534
3394 3023
2396 2528
3310 3385
2183 1467
2677 2718
2458 946
3199 2938
2430 1046
3207 2638
2544 2494
3124 2467
3897 2720
2350 2373
3402 3401
3527 3267
3069 2539
3119 2458
3082 2413
2437 1177
2594 2877
3090 2534
3361 2917
3310 2689
3398 3011
2594 2853
3882 2733
2411 966
2626 2692
3319 2401
2543 2729
3364 3395
2512 2956
3346 3388
3372 3026
3227 2507
3450 3369
2639 2542
3450 3370
2550 2550
2403 2555
2318 1264
2511 2549
3206 2656
2499 2575
2313 1248
3334 2404
2336 1261
2492 2498
3366 3001
2499 2901
2591 2760
3315 3393
3420 3401
2526 1221
3297 2480
2809 2522
2592 2883
2577 2893
2986 2535
3300 2727
2551 2728
3291 2661
2416 1099
2414 1092
3438 3040
3030 2479
3493 3094
3235 2669
2555 2726
2261 1352
2719 2562
3099 2466
3333 2470
3332 2962
3164 2704
2597 2592
2686 2585
3259 2695
2751 2514
2427 1172
2372 1214
2551 2721
3071 2421
3290 2710
3348 2905
2395 2436
2581 2744
3372 3072
3331 2418
2359 1246
2819 2548
3498 3152
2581 2739
2382 2453
3176 2908
3427 2951
3236 2508
3495 3319
2602 2749
3153 2615
3160 2692
3399 2961
3870 2748
2171 1616
3532 3266
3510 3163
2618 2612
2800 2530
2730 2551
2488 1221
3356 2665
2689 2590
3319 2634
3384 2935
3210 2604
3166 2826
3430 3068
3465 3085
2524 1201
3338 2415
2998 2482
2637 2568
2502 2926
3375 3048
3307 2446
2539 2941
3327 2394
3034 2497
3306 2447
2544 2727
2583 2697
3549 3199
3446 3109
2970 2527
2550 2918
2462 1173
2918 2572
2622 2798
3208 2972
3086 2596
3075 2470
3122 2491
3451 3338
3373 3075
2388 2574
3369 2878
3088 2456
3026 2519
2953 2575
2844 2532
2471 950
3364 2370
3356 3043
3167 2869
3107 2610
3367 2881
2378 1200
2621 2133
2689 2594
3177 2732
3115 2805
3326 2719
3018 2552
3084 2543
3140 2681
2542 2480
2273 1360
2579 2617
3230 2654
2565 2687
2472 1157
2323 2124
2573 2696
2522 2925
2605 2611
2585 2888
2422 1157
2404 2538
3509 3283
2294 1251
2543 1196
2682 2595
2496 2916
3364 2411
3089 2592
3897 2716
3126 2568
2491 2905
3166 2903
3257 2565
2672 2716
3381 2973
3225 2917
3571 3304
2311 1322
2515 2877
2409 1107
2795 2531
2723 2560
3050 2392
2398 2414
3169 2858
3222 2502
2996 2483
2389 2429
2600 2777
3363 2658
2193 1469
3235 2504
2516 2705
2362 1227
3176 2503
3122 2460
2330 2410
3017 2566
2645 2119
3912 2742
3517 3197
2884 2512
3244 2602
3199 2757
2467 1216
3031 2466
3017 2448
2388 2452
3277 2948
3253 2688
3195 2721
3143 2605
3253 2605
3422 3038
3370 2392
2604 2555
3189 2746
2704 2565
3396 3079
2596 2624
3542 3349
2543 1153
2635 2798
2443 2576
2514 2882
3366 2943
2638 2717
3153 2826
3171 2856
3203 2735
2567 2956
3050 2405
3129 2800
2512 2538
2510 2865
3048 2404
2360 988
2417 1018
2553 2891
3206 2698
3129 2497
2348 2388
2579 2727
2637 2588
2562 2752
3377 2981
2542 2894
2581 2970
3402 3073
2546 2942
3306 2732
2137 1629
3456 3294
2981 2537
2375 1001
3286 2659
2387 2464
3902 2726
3104 2541
3424 3389
3124 2564
2411 1038
2377 2451
3197 2705
2969 2572
2500 2884
2535 2940
2646 2111
3555 3326
3439 3045
2547 2729
3194 2698
3526 3321
3067 2618
3211 2604
2433 947
2482 2485
3154 2803
2720 2581
2597 2696
2544 2903
3352 2900
3326 2401
2814 2544
2633 2649
2502 2898
3381 2910
2763 2557
3809 2787
3331 3382
2556 2973
2901 2500
3589 3300
2655 2705
2609 2856
2367 1212
3355 3398
3340 3026
3797 2805
2617 2818
2517 1209
3041 2398
2876 2548
3902 2735
3391 3106
2544 1148
3439 3055
2277 1308
2589 2759
3932 2776
2395 2544
3219 2573
2525 2713
2333 2377
3406 2962
3475 3286
3159 2786
2400 2506
3133 2680
3180 2922
2892 2574
2484 2474
2414 1094
3231 2724
2672 2502
2636 2766
2602 2143
2191 1496
3192 2856
3912 2744
2589 2538
3905 2725
2418 1029
3152 2803
3311 2731
3434 3048
3261 2561
3863 2706
2812 2521
2634 2618
3454 3281
2580 2749
3167 2696
2759 2555
2629 2134
2335 2402
3107 2596
3222 2576
3290 2664
3209 2958
2391 2483
3311 2457
2264 1355
3206 2648
2388 2454
2548 1207
2408 1193
2249 1365
2577 2601
3294 2664
2483 2475
2677 2619
3283 2625
2817 2532
3482 3321
3891 2732
2328 1286
3140 2619
2583 2979
2622 2833
3044 2520
2372 2409
3212 2633
2338 1002
2383 2537
3529 3237
2611 2748
3498 3162
3382 2339
3105 2479
3894 2766
2584 2861
3332 3388
2530 2727
2638 2535
2437 1174
3509 3261
3325 2622
3357 2892
2626 2811
2373 2514
3227 2721
2611 2710
3092 2620
3230 2597
2511 2870
3273 2461
3400 3087
3931 2770
2345 1272
2457 971
2536 2884
2260 1336
3480 3120
3127 2492
3440 3042
2571 2962
2513 2865
3893 2759
3146 2609
2695 2736
3420 3410
3180 2917
2246 1370
3582 3305
3568 3329
3368 2887
3107 2627
2484 2514
3190 2524
3910 2742
3849 2720
2464 971
3402 2981
3086 2605
3025 2512
3520 3309
2996 2529
3458 3081
2560 2756
2820 2550
2358 991
2408 1206
3297 2715
2405 1148
2914 2570
3188 2943
3107 2635
3154 2590
3207 2725
3211 2531
3150 2812
2860 2540
2401 2442
2465 1216
2966 2491
2873 2569
3452 3057
3895 2758
3252 2698
3261 2457
2665 2505
3076 2439
3883 2736
3333 2925
3368 2370
3541 3203
2764 2524
3194 2642
2912 2492
3282 2710
2417 1181
2473 2501
3088 2595
2311 1260
3137 2843
2681 2757
3404 3381
2361 1212
2934 2576
3214 2959
3435 3058
2508 2949
3493 3161
3355 3424
3178 2880
2266 1360
3131 2679
3505 3145
2291 1254
2409 1055
2666 2597
3356 3422
2521 2889
2402 1207
3310 2662
3353 2647
2705 2582
2563 2749
3240 2670
2320 1258
3402 2989
3573 3299
3427 3057
3427 3363
3115 2823
2295 1308
3364 2929
2686 2555
3359 2364
3087 2605
2590 2857
3138 2681
2447 928
3201 2702
2429 944
3310 2946
3103 2476
3250 2618
3165 2580
2386 2481
3251 2520
3152 2752
2610 2904
2395 2413
3364 2934
2199 1474
3094 2525
3107 2535
2559 2941
3495 3187
1929 2377
3435 2982
3019 2546
3197 2929
2390 2467
2612 2745
2305 1267
2534 2560
2570 2948
2804 2525
2999 2482
3199 2699
3386 3400
3328 3047
3085 2494
2697 2736
3432 3093
2489 2594
2516 2953
3521 3322
3014 2481
3234 2554
3119 2807
3106 2494
3535 3146
2966 2554
3062 2446
2597 2865
2346 1229
3174 2738
2565 2939
2624 2788
3174 2854
2421 2557
2424 1195
2539 2884
3370 2677
3493 3149
3069 2521
2617 2834
2431 1082
2487 2572
3537 3215
3143 2614
2597 2863
2699 2542
3312 3355
2431 1153
3161 2645
3185 2515
3588 3306
3102 2532
2388 950
3024 2507
2968 2511
2614 2719
2362 2413
3370 3045
3155 2777
3480 3115
2454 954
3189 2971
2669 2617
2359 953
3470 3337
2363 2499
3388 2947
2250 1338
2611 2769
3477 3323
3287 2948
2733 2564
3430 2980
3448 3346
2399 2413
2371 2428
2669 2614
3336 2412
3051 2609
3176 2531
3380 3067
2467 2504
3076 2487
3227 2621
2385 2407
2945 2572
3093 2526
3226 2641
2137 1641
3192 2636
3223 2712
2634 2763
2369 945
2453 972
3370 2403
2281 1295
3305 2620
2782 2517
2199 1461
2577 2600
2425 982
3230 2984
2477 1171
2385 1045
2993 2518
2907 2492
3405 2955
2168 1456
3024 2519
2639 2581
2580 2894
2434 1207
3067 2553
2576 2980
3451 3288
2477 955
3135 2699
3346 3434
3359 2902
2534 2561
2632 2719
3302 2616
3360 2964
3322 2687
3812 2793
2646 2705
2184 1635
3055 2410
2398 2562
3547 3203
2296 1274
2645 2559
2600 2735
2732 2564
3217 2655
2368 2535
2948 2571
2524 2889
3513 3265
2391 2546
3236 2943
3457 3281
2576 2739
2615 2705
3400 3065
3105 2597
3236 2706
3239 2691
2574 2555
3113 2820
2501 1754
3247 2544
2653 2624
3301 2957
3025 2511
2413 1068
2295 1240
2369 2419
3429 2981
3545 3140
3527 3190
2489 2477
3161 2897
3467 3096
3380 2914
2681 2706
3524 3297
3143 2619
3349 2920
2393 1039
3377 3420
3123 2813
3358 3429
2477 2577
3437 3350
3525 3186
2818 2538
2592 2892
3256 2927
2916 2575
3122 2708
2529 1141
2460 2564
2420 2553
3250 2673
3851 2713
2358 2421
2318 1305
3142 2586
2920 2572
2448 941
3360 2345
2400 1212
3499 3188
2386 946
3088 2612
3020 2522
3340 3367
2392 1208
3560 3320
2378 986
3170 2893
2641 2793
3168 2527
3319 2623
3356 2995
2675 2620
2705 2714
2498 2117
2609 2782
3340 3393
3012 2564
2670 2497
2394 1207
3154 2777
2610 2840
2537 1200
3180 2698
2590 2631
3367 2944
3336 3373
3305 3359
3502 3142
3161 2623
3489 3093
3172 2526
3451 3372
2422 1156
3179 2735
2437 917
3151 2775
2599 2795
2551 2569
3265 2945
2493 1186
3223 2565
2876 2574
2620 2129
2817 2551
2762 2531
2251 1344
3360 2397
2618 2675
2394 1016
3217 2586
3358 2878
3385 3026
3126 2690
2589 2758
2856 2531
3484 3094
3330 2393
2508 2896
2697 2594
3326 3352
3239 2513
3140 2689
2334 2356
3499 3088
2200 1463
2410 1200
3286 2625
3078 2459
2639 2128
3352 3387
3552 3143
2767 2550
2318 1268
3268 2686
3297 2713
2528 2558
2372 2415
3243 2580
3186 2963
2381 2447
2385 2454
2350 982
3510 3307
3216 2602
3289 2639
2426 1186
2590 2730
2312 1251
3122 2803
2378 2483
2650 2107
3379 3077
3315 2731
3012 2481
2653 2626
3408 2978
3002 2487
3179 2657
3117 2478
2706 2576
3052 2599
3515 3194
3066 2418
3296 2732
3332 2417
2674 2602
3253 2504
2641 2683
3151 2643
3352 3047
3461 3347
3180 2697
3475 3345
3559 3224
1932 2377
2393 2558
2482 1177
2501 1191
3325 2631
2338 1243
2279 1325
2968 2538
3033 2485
3422 3404
3393 3394
3403 3064
2549 2548
3338 2703
3459 3281
2318 2392
2245 1368
3342 2920
3223 2646
2447 974
2634 2602
3226 2533
3493 3318
3494 3095
3527 3154
2825 2534
2889 2577
2881 2537
2395 962
3292 2957
3075 2441
2529 2951
2995 2563
3307 2447
3509 3151
2905 2563
3366 2343
3109 2599
2411 1193
3290 2479
2976 2520
2254 1336
3251 2504
3371 2670
2898 2506
3304 3399
3185 2608
3469 3360
3351 2944
3299 2951
2683 2604
3246 2922
3110 2606
2341 2362
3879 2713
3456 3369
2352 991
3340 2937
3415 3058
2373 1206
3541 3348
2954 2533
2148 1623
2428 2565
2425 2557
3421 2981
3320 2947
3086 2504
2364 2547
3092 2555
3878 2714
2392 2562
3878 2711
2606 2150
3287 2707
3226 2700
3304 2729
2366 2516
2353 988
2702 2710
3361 2430
2518 1167
3344 2890
2512 1170
3165 2705
2606 2152
3430 3399
2498 2531
2590 2908
3105 2465
3352 2374
3013 2459
2610 2623
2673 2746
3364 2928
3390 3096
2407 1130
3349 2378
3423 3267
3501 3088
3227 2643
3123 2468
3183 2622
2406 1027
2564 2686
2370 945
3287 2650
2458 1192
3159 2863
3426 3359
3402 2982
3083 2503
2416 964
2290 1266
3922 2787
2668 2723
3330 3381
3189 2643
3407 2962
2373 2448
2392 966
2637 2128
2302 1324
3228 2966
2498 2901
3405 3413
3425 3034
3149 2614
2460 1215
3283 2666
2712 2571
2492 1187
2440 1082
2608 2610
3066 2421
2693 2567
3338 2698
2632 2681
3066 2532
3170 2529
2391 2418
3261 2494
3520 3299
3811 2782
2428 1189
3203 2521
3236 2561
3192 2966
2638 2540
3131 2627
3252 2571
2422 1082
3205 2616
3410 3418
2697 2576
3296 2712
3348 2910
2678 2744
3953 2768
2398 1037
2545 2738
2857 2528
2296 1309
2813 2525
2648 2553
3356 2371
3161 2527
3555 3215
3263 2495
2316 1245
2617 2847
3227 2530
2585 2630
2574 2734
3275 2704
2891 2505
3186 2921
3140 2598
2385 1265
3304 2713
2350 985
3308 2920
3217 2598
3358 2375
2625 2821
2727 2550
3141 2590
2429 2565
3403 3381
2586 2535
2394 1170
3523 3310
3530 3180
3359 2921
3868 2714
3237 2935
3391 2907
2381 1137
3425 3057
3351 2374
3309 2921
3173 2642
2562 2731
2985 2537
3494 3130
2706 2723
2681 2544
3081 2619
3485 3093
3132 2495
3366 2370
3291 2956
3190 2952
3160 2795
2586 2536
3310 2461
2711 2563
3245 2965
3183 2945
3306 2942
2676 2584
2638 2583
3072 2491
2607 2785
3425 3367
3501 3289
2598 2710
3455 3078
3395 3126
3592 3297
3425 3381
2926 2577
3029 2526
3385 3080
2427 928
3386 2991
2399 1035
2550 2730
3341 3046
3504 3288
3211 2953
3313 3400
3461 3370
3054 2410
3255 2955
3135 2598
2964 2494
3155 2593
2742 2526
3375 2396
2141 1670
2445 1077
2765 2528
2416 976
2459 1188
3343 3393
2601 2828
3342 2644
2651 2518
3000 2487
2990 2512
2348 2401
3216 2518
3116 2800
2604 2861
3308 2699
2367 989
3001 2506
2363 1216
3271 2486
2409 1110
2468 2573
3366 2338
2185 1466
2505 2899
3080 2404
3077 2526
2376 2437
2649 2575
3137 2680
2481 1211
2315 2390
2445 927
3338 3020
2498 2885
3082 2551
3106 2559
2464 1187
3154 2712
2519 1153
3187 2918
2622 2824
3278 2948
3120 2802
2481 2579
2981 2516
2394 993
3431 3066
3305 2712
2610 2839
2536 2914
3016 2464
3249 2960
3205 2607
2561 2754
2535 2734
2639 2573
2285 1275
3363 2659
3499 3183
3198 2754
3931 2769
2451 1206
3301 2644
2593 2762
3431 3379
2753 2527
3274 2624
2653 2569
2597 2694
2273 1374
3089 2454
2417 1204
2514 1176
2391 1034
3341 3361
2402 2554
3087 2516
3731 2857
2156 1571
3566 3321
3514 3193
2617 2610
3055 2629
3262 2698
3350 3044
2492 2573
2370 2521
2415 1194
3383 3036
3096 2436
2473 1152
3401 3127
2424 1194
3167 2527
2381 2514
2704 2563
3355 3348
2708 2585
2623 2604
3144 2592
3399 3121
2512 2908
2532 2918
3116 2450
3342 3385
3176 2520
2618 2673
3468 3356
2418 1028
3471 3336
3159 2800
3026 2470
3352 2670
2721 2552
3390 2998
3189 2698
2132 1652
2593 2914
3332 2932
2142 1662
2756 2528
2474 1163
2857 2526
3848 2715
3121 2561
2296 1276
2746 2557
3424 3036
3257 2689
3336 2472
3226 2974
2389 2472
3541 3241
2547 2889
3212 2762
3084 2618
2952 2574
3393 3100
3406 2979
2644 2789
3333 3372
2639 2592
2508 2468
2541 1206
2398 969
2384 2405
3163 2787
2962 2571
3293 2481
3188 2919
2503 2927
2681 2740
3382 3076
3374 2342
3192 2515
2390 952
2469 1157
3506 3085
2302 1265
2597 2790
2623 2794
2563 2966
2464 1174
2278 1315
3331 2927
2364 999
3182 2528
3074 2547
3361 2664
2465 2572
2362 1252
3372 2395
2319 1265
2741 2526
3186 2722
2532 2569
2747 2550
3406 2974
3548 3340
2245 1339
2692 2594
2471 1062
3485 3284
3310 2701
3455 3287
2386 2565
2469 1023
3260 2695
3507 3152
3117 2452
2636 2769
2654 2624
2536 1193
2602 2695
3532 3343
3081 2588
2516 1214
2800 2516
3165 2845
2371 1258
2891 2513
3393 3059
2675 2734
2357 1010
3528 3148
3161 2763
2359 2536
2750 2552
2361 1249
2353 2536
2454 1208
3331 3377
2589 2885
3361 2397
3148 2801
3482 3317
2546 2464
3083 2519
2166 1557
3117 2618
2341 2361
3177 2524
3076 2445
3204 2759
3071 2586
2355 961
2616 2724
3115 2469
2533 2881
3172 2864
2465 1019
3231 2592
2481 2573
2598 2902
3242 2599
3376 2887
2409 1122
2470 951
2656 2564
3330 2704
3219 2719
2306 1249
3252 2605
2684 2604
2670 2721
2288 1271
3578 3302
2526 1186
3897 2752
3517 3342
3329 2726
3443 3090
3431 2971
2647 2554
2460 1022
2626 2675
2587 2759
3267 2613
2631 2620
3351 2383
2891 2559
3538 3202
3132 2628
3243 2550
2519 2921
3402 2991
3200 2702
3392 2996
2375 2427
2502 2928
3150 2636
2830 2535
3257 2958
3308 2642
2391 1164
3228 2553
3433 3100
2598 2840
2377 982
2424 1051
3247 2601
3804 2794
3378 2962
3150 2920
2614 2811
3422 3025
3435 3060
2756 2559
3532 3133
3288 2624
3358 2880
2442 1045
3488 3304
2526 1150
2518 1208
2764 2523
3411 3405
3208 2519
3234 2508
2617 2741
3236 2554
2668 2643
3071 2478
3452 3344
3210 2683
3253 2619
2389 1134
3419 3022
3136 2598
3119 2812
2484 2569
2420 1070
3913 2738
2612 2631
3394 3393
2472 1165
2644 2559
2633 2635
2464 1058
2540 2918
2620 2781
2674 2747
2518 2713
3359 3384
3353 3425
3076 2534
2587 2547
2516 2484
3344 2411
3526 3307
2472 2510
3353 2907
3379 3081
3420 3052
3386 2986
3365 2677
3345 2922
3165 2830
2506 2583
2413 994
2605 2747
3395 2990
3450 3075
3204 2738
2423 1052
3110 2548
3393 3396
2632 2651
3344 2945
2518 2874
3172 2786
2500 2896
2408 2453
2498 1192
3418 3402
3229 2921
2368 2431
2362 968
2350 2375
3453 3292
2420 1102
3231 2593
2620 2788
2510 2901
2913 2491
2437 969
3376 3080
3326 2392
2590 2140
2635 2810
2362 975
3406 2991
3202 2729
2560 2580
2845 2520
3382 3397
2534 2727
3396 3055
2649 2690
3248 2549
3443 3050
3797 2818
2684 2731
2513 2899
3061 2506
2641 2543
3430 2976
3240 2544
3850 2722
3326 2721
3529 3321
3556 3148
3007 2502
3130 2832
3126 2462
3400 3384
2584 2966
2419 1159
3163 2702
2385 1162
2534 1206
3441 3047
2945 2580
3223 2951
2401 2553
3511 3194
2376 2486
2480 974
2137 1649
3076 2505
2878 2574
2324 1278
3470 3097
3113 2619
3391 3018
3533 3181
3372 2408
2499 2121
3371 3386
3243 2672
3473 3337
2700 2543
3221 2714
2583 2739
2604 2607
3431 3355
2534 2568
2649 2109
3009 2490
2603 2142
2394 958
2428 1095
3112 2465
2433 1064
2894 2544
3198 2931
2424 1196
3211 2652
2484 1221
3118 2562
2643 2593
3411 3400
3257 2948
3311 2617
2595 2768
2378 2436
3268 2564
2254 1358
3136 2618
2989 2507
2404 1203
3381 2906
3534 3266
3322 2691
3508 3136
2420 1013
2581 2561
3927 2767
2675 2736
2495 2465
2545 2560
2622 2644
2360 1227
3230 2915
3482 3163
2556 2921
3011 2572
2790 2511
3221 2595
3381 3000
3192 2948
2376 1224
3503 3169
3250 2592
3287 2624
2280 1319
3439 3054
3352 3397
3235 2596
3426 3398
3070 2427
2618 2704
2362 2501
2825 2535
2619 2701
3418 3047
2370 2512
2697 2591
3195 2735
3176 2508
3229 2964
2337 1271
3215 2695
3075 2412
2587 2587
2896 2562
3139 2592
3145 2842
2681 2584
3086 2453
3022 2479
2140 1631
3528 3198
3111 2577
2200 1461
2294 1252
3294 2712
3183 2605
3391 3030
2586 2753
3800 2793
3234 2566
3365 3393
3338 2699
3073 2393
2174 1469
3347 3026
2257 1334
2980 2538
3121 2710
3941 2764
2570 2755
2631 2128
2447 1067
2518 1209
2943 2587
2435 937
3206 2525
3352 2636
2483 1188
3141 2596
2818 2550
2380 2442
2579 2978
3508 3258
3228 2551
2319 1230
2675 2735
2418 1020
2444 929
3949 2754
2420 931
2537 2884
3331 2404
3444 3102
3066 2446
3294 2709
2670 2757
3338 2971
3205 2682
2670 2743
2500 2899
2369 2495
2903 2510
3304 2455
3221 2990
2431 2557
2585 2620
3347 3397
2486 2511
3366 2670
2404 1197
2526 2890
3245 2602
2521 1161
3114 2547
2521 2559
2814 2553
2365 2541
2561 2732
2665 2516
2483 2504
3207 2945
2346 2376
2420 1194
3334 2919
2403 1156
2422 965
2390 1138
3226 2714
3360 2969
2400 968
3232 2649
3354 2357
2500 2904
3172 2907
3173 2739
2878 2551
2595 2765
3080 2407
3459 3088
2890 2571
2316 1241
2440 1175
3104 2596
3571 3337
2416 1009
3277 2674
3154 2647
2346 2372
3477 3133
3583 3304
2404 1208
3477 3132
2507 2585
3401 3381
3261 2539
3004 2569
3303 3388
2678 2625
2280 1318
2388 2461
2513 2889
2447 933
2517 2707
3404 2952
3224 2916
2613 2614
3497 3140
3293 2635
3041 2496
3424 3037
2673 2603
2452 1195
3060 2446
3235 2536
3898 2714
2719 2551
2648 2606
3080 2480
2439 1043
2795 2520
2471 1144
3009 2515
3907 2773
2427 977
2279 1309
2609 2767
3079 2562
3241 2620
2432 2570
3394 3389
2454 958
3412 2962
3258 2544
3192 2721
2596 2904
2604 2783
3527 3279
2538 1197
2415 1184
2371 2415
3069 2582
2691 2556
3295 2652
3172 2638
3361 3422
3084 2587
2138 1648
2522 2699
2721 2563
3399 3101
2701 2545
3125 2810
2646 2609
2417 1201
3210 2603
2539 1142
2728 2553
3071 2575
3271 2459
3254 2553
3216 2984
3120 2556
2580 2934
2480 969
3294 2647
2331 1245
2791 2506
3071 2547
3292 2483
3888 2770
2952 2532
3000 2485
3356 2977
3323 2634
3372 2877
3018 2498
2691 2743
2877 2546
2323 1308
2392 2418
3366 2915
2631 2658
2318 1257
3275 2463
3267 2633
3929 2771
2202 1517
2525 1139
3028 2526
3235 2537
3309 2742
3169 2744
2552 2889
3240 2666
3333 2413
3905 2768
3316 2945
2872 2541
3160 2700
3343 2386
3229 2623
2673 2608
3336 2428
2521 1213
2460 1234
2355 1246
3521 3187
2413 1148
3478 3114
2446 929
3178 2844
2519 2925
2328 1282
3069 2569
3106 2635
3417 2957
3316 2629
3195 2708
2407 1052
2607 2752
3052 2519
2362 1250
3089 2618
2396 2446
1930 2383
3210 2527
2423 976
3885 2711
2496 2882
3072 2449
2568 2558
2383 1204
3338 2648
3358 2341
2415 2458
3393 3391
3400 2984
3397 2964
2433 1144
3480 3305
3191 2700
3338 2707
3147 2860
3727 2861
2574 2714
2581 2583
3171 2711
2390 1126
2704 2720
3519 3310
3401 3065
3505 3152
2549 2567
3464 3359
3372 2946
2793 2527
3342 2882
2372 2408
3185 2960
3065 2434
2383 2510
3216 2591
3506 3130
3537 3149
3382 2984
2494 2563
3204 2757
2538 2567
3894 2744
2520 1205
2644 2605
2381 2549
2131 1625
3342 3348
3412 3061
3177 2836
3304 2723
2380 2433
2511 2958
3327 2633
2628 2616
3168 2896
2268 1343
3871 2719
3343 3034
3020 2538
3068 2448
2631 2769
2363 1249
2380 2445
2621 2696
3332 3387
2390 2454
3243 2547
3529 3203
3122 2817
3555 3209
3172 2747
3835 2731
3450 3276
2712 2579
3364 2674
3534 3190
2975 2521
3090 2449
3084 2513
3434 3274
2253 1351
3070 2494
3070 2412
2425 2569
2512 2900
3523 3312
3029 2476
2585 2537
3355 3396
3253 2594
3172 2831
3203 2737
3345 3423
2433 1080
3291 2447
2597 2147
2370 2539
3395 3078
3247 2954
2355 1263
2934 2579
3096 2438
2377 2538
3143 2851
2530 2911
2517 2689
2478 2579
3386 2947
2533 2922
2833 2535
3058 2617
3405 2976
3379 3396
3303 2716
3084 2615
3033 2482
2403 1043
2395 2543
3239 2542
2882 2544
2700 2566
3348 2383
3349 2921
2434 1078
3884 2721
3338 2421
2763 2541
2649 2680
3125 2556
3164 2827
2786 2510
2905 2567
2535 2926
3408 3412
3103 2434
3249 2957
3554 3212
2471 1060
2597 2588
3291 2952
2738 2526
2742 2546
2446 972
2472 1148
2400 1036
3382 3000
3345 2979
3038 2494
2940 2569
3249 2596
3082 2441
3547 3209
3335 2945
2686 2736
3510 3140
3468 3340
3548 3190
3063 2519
2589 2906
2329 2407
2519 1175
2974 2530
2366 1259
3189 2519
2591 2558
3231 2966
3120 2801
3240 2697
3440 3048
3156 2755
3252 2634
2545 1144
2421 1199
3489 3304
2514 2676
2832 2526
3224 2619
3347 3425
3414 2955
2435 1051
3247 2920
2427 1167
3384 2995
3900 2784
2435 1078
2582 2617
3215 2657
2174 1465
3096 2445
2373 2502
3435 3057
2428 1045
2850 2529
2499 2602
3112 2555
3208 2725
2764 2515
2604 2859
3462 3361
2356 1243
3849 2722
3096 2551
3341 3384
3309 2648
2658 2710
2518 1148
2673 2604
3067 2519
3148 2803
3194 2858
3206 2633
2564 2563
3272 2635
2593 2852
3945 2762
2462 1019
3494 3286
3075 2531
3294 2710
3420 3038
3803 2782
3253 2571
2353 982
3385 2907
3159 2641
3935 2765
2376 1207
2963 2501
2408 1198
2342 2360
3472 3162
2473 1163
3365 2896
3201 2971
3051 2518
2422 2576
2522 1233
2383 997
2377 1253
2399 966
3389 3075
2384 2455
1935 2376
2696 2576
2600 2561
3367 2650
3340 3025
2680 2583
2395 2434
2742 2549
3405 2975
3157 2647
3308 3407
3509 3260
2338 1273
3025 2488
2657 2621
3249 2593
3129 2797
3516 3291
3060 2601
2462 1058
3115 2822
2627 2641
2377 1214
2378 2509
2757 2518
3238 2597
3362 2970
3949 2753
3247 2602
3403 3073
3462 3322
3187 2605
3206 2690
3256 2692
2496 2919
3363 3050
3064 2594
3183 2748
2616 2636
3367 2413
3436 3053
3162 2528
3066 2451
3533 3327
2276 1311
3298 2468
2898 2549
2434 937
2978 2540
2500 2886
3404 3063
3061 2519
3373 3073
2266 1355
3730 2849
3047 2514
3308 2459
2605 2620
2589 2734
3078 2551
3201 2728
2201 1412
3429 3381
2558 2926
3557 3343
2395 959
3359 3050
3390 2946
2580 2732
3344 2919
2533 2721
3422 3393
2355 986
2469 1158
3327 3373
3527 3329
3213 2634
3343 3343
3345 3396
3545 3192
3031 2483
3192 2618
2376 2415
2515 2905
2475 1163
3410 3075
2544 2553
2353 1002
2957 2580
3305 3405
3332 2918
2710 2562
3235 2594
3342 3346
2894 2568
2624 2696
2729 2564
2424 973
2272 1328
3407 3398
3015 2492
3221 2633
3345 2888
2347 2529
3918 2783
2632 2663
3233 2708
2317 1305
3383 3067
3885 2765
3363 2972
3269 2713
3243 2508
2611 2625
3431 3069
3442 3055
2268 1338
3194 2611
3311 2730
3238 2631
3423 3269
2346 1001
3158 2640
2595 2894
2389 1133
3250 2557
3029 2467
3367 3388
2584 2982
2834 2524
3316 2923
3211 2618
2560 2934
2602 2585
3007 2500
2603 2749
3113 2471
3325 2397
3073 2422
3357 2346
3933 2774
3302 2693
3916 2778
3006 2505
2510 2567
2427 973
2359 2530
3187 2970
2351 2411
2604 2794
3471 3111
3481 3096
3318 2469
3568 3335
3008 2566
2638 2673
3271 2562
3444 3103
3112 2483
3509 3179
3230 2660
3081 2399
3331 3353
3064 2413
3137 2847
2134 1645
3337 3404
2575 2756
3253 2519
2602 2765
3425 3357
2533 1192
3436 3350
2550 2738
3007 2519
2499 1200
2684 2729
3332 2638
3523 3349
2514 2568
3305 2742
3883 2708
2497 2467
3036 2493
2589 2588
3313 3392
3268 2470
2632 2662
3308 2921
2464 1013
3350 2901
2421 1056
3121 2627
2463 1217
2518 1233
3118 2454
3567 3157
2364 2502
3194 2624
3251 2522
3338 2969
2509 1202
2331 1292
3079 2507
3451 3341
3314 3402
3071 2393
2512 2936
2601 2790
2475 964
3248 2583
2365 2490
3047 2406
2591 2538
3201 2627
2498 2918
3346 2899
3024 2510
3327 2695
2448 933
2579 2883
2807 2540
3180 2846
2524 1198
3294 2662
2597 2724
2606 2761
2678 2624
3455 3289
2426 2563
3346 2946
2558 2890
2446 1211
2543 2486
2506 2558
3183 2944
3262 2946
2597 2599
3231 2597
3354 2960
2970 2514
2169 1645
2645 2797
3015 2490
2650 2521
3155 2685
3508 3285
2577 2559
3175 2638
3240 2626
2598 2624
2490 2469
2608 2709
3236 2630
3541 3202
3489 3120
3350 2351
3117 2617
2423 1091
2497 2486
2448 2578
3479 3321
3223 2654
3567 3342
2328 2386
2396 1167
3181 2606
3240 2971
3508 3255
2367 959
3299 2722
2664 2512
3109 2538
2713 2575
2136 1651
2384 2431
2599 2557
3139 2831
3284 2708
3027 2492
3852 2714
3132 2617
2428 1142
3449 3374
2583 2758
2281 1306
3383 2998
3586 3311
2580 2746
3373 3047
2349 2407
2398 2465
2581 2555
2396 2527
2644 2586
3167 2598
2389 2554
3521 3300
3533 3211
3520 3297
3034 2395
3336 2920
3525 3189
3464 3347
3353 2357
3328 2703
3304 2731
2536 2943
3318 2922
3126 2470
3361 3047
3227 2915
2536 1145
2428 2562
2410 1028
2481 2474
2424 974
2545 2897
2585 2535
3394 2983
2289 1305
2378 2447
3230 2554
3476 3103
2292 1302
3055 2613
2401 2427
3185 2603
2682 2604
2142 1626
2281 1325
3185 2529
2401 2435
3243 2519
3306 2700
3233 2541
2426 1042
3417 3047
2336 1259
3508 3122
3172 2497
3512 3128
2415 957
2640 2693
2595 2794
2321 1250
2639 2134
2359 2533
2910 2571
3236 2922
3025 2510
3127 2697
3199 2944
2974 2532
2423 1152
2697 2577
3483 3278
3162 2743
2900 2484
2763 2533
3353 2641
3186 2855
3283 2449
3337 2714
3528 3243
3183 2607
3373 2883
2435 938
3359 2373
2896 2544
2604 2753
2613 2772
2573 2737
2570 2974
3393 3082
2344 1239
2452 950
2531 2919
3249 2572
3021 2509
3293 2634
2389 1037
2977 2520
2460 1028
3888 2762
2260 1352
3263 2697
3265 2545
3190 2640
2764 2521
3178 2612
2424 1012
2417 1005
3263 2565
2274 1489
3531 3250
2358 1253
3898 2786
3294 2665
3028 2516
2673 2723
3235 2506
2572 2711
3020 2481
3377 3048
2363 961
3325 2921
2357 1223
2828 2539
2415 965
3170 2527
3429 3414
3202 2757
3581 3308
3566 3335
2480 1176
3363 3049
2652 2574
2405 1134
2361 2502
3467 3132
3368 2412
3127 2689
3128 2714
2388 1209
3183 2925
2642 2796
3531 3325
3514 3279
2480 1226
2657 2120
2494 2564
3308 2691
2319 2389
3910 2745
2677 2748
3199 2725
3379 3037
3208 2973
3229 2916
3245 2959
2479 2578
3292 3385
3247 2671
3257 2564
2498 2907
3122 2797
2501 2517
2415 1204
2598 2755
3338 2706
3446 3351
3232 2598
3105 2628
3443 3097
3217 2594
2656 2120
3014 2496
2741 2552
3167 2594
3186 2695
2598 2728
2529 1152
2719 2546
2703 2709
3325 2703
2808 2539
3242 2605
3402 3425
2556 2978
3852 2704
3243 2590
2682 2601
3104 2436
2307 1305
2618 2784
3466 3143
2613 2810
3304 2663
3476 3120
3075 2402
2909 2556
2458 1205
2687 2555
2959 2576
2393 2485
3209 2679
3207 2907
3180 2844
3415 3415
3319 2414
3337 2969
2529 2918
2371 962
3898 2730
2523 1212
3342 3392
3840 2716
3396 3098
3371 2956
2950 2531
2534 2910
3319 2728
3365 2337
2902 2562
3901 2738
3191 2917
3491 3291
3530 3135
3267 2687
2625 2606
3166 2651
3276 2629
3848 2706
3113 2453
3192 2613
3558 3332
2639 2584
2458 1060
2879 2536
3338 2642
2667 2614
3074 2445
2568 2756
2409 1020
2378 2438
2377 2430
3161 2700
2534 1198
2517 2687
3177 2529
2351 2412
3560 3160
2655 2613
3175 2723
3460 3372
2666 2721
3363 2969
2792 2503
2560 2745
2940 2590
3016 2511
2364 1259
2680 2734
3038 2399
3327 3356
3161 2792
2354 1242
3482 3116
2417 1016
3346 3355
2876 2575
3193 2968
2589 2757
3455 3317
3166 2890
2397 991
3406 3078
2606 2786
3128 2688
3378 3070
3359 3430
3124 2812
3025 2467
3015 2562
3341 3396
2691 2594
3231 2654
3457 3321
2944 2587
3215 2667
2817 2540
3299 2721
3334 3017
2587 2858
3066 2598
2383 1218
2363 962
2415 1114
2580 2727
2580 2719
2478 1160
3540 3159
3164 2531
3730 2851
3284 2466
3069 2577
2392 2429
3327 2944
3311 2689
3486 3288
2580 2890
3069 2460
2403 2451
2560 2757
2579 2601
3022 2543
2585 2989
3077 2474
2403 2538
3458 3283
3539 3332
3513 3175
3122 2711
2126 2455
3537 3325
2807 2536
3204 2698
3371 2673
2607 2708
3293 2444
2449 1062
3474 3098
3105 2535
2134 1643
3863 2709
2738 2549
2694 2730
2468 1161
3397 3057
3307 2620
2165 1386
2390 2476
2987 2532
2619 2656
2479 2569
2573 2963
2649 2578
3339 3047
2642 2523
2194 1520
2583 2871
2459 970
3141 2649
2614 2677
2591 2590
3225 2664
3434 3066
2478 2498
2455 958
2634 2656
3203 2519
2487 2910
2603 2154
2541 2721
2395 2480
3365 2871
2448 1065
2646 2518
2968 2529
3212 2518
2531 2733
3087 2510
2415 1144
3340 3024
3134 2631
2428 1148
2384 1138
3144 2857
2846 2531
2384 2550
3366 2897
3011 2573
2285 1270
2905 2551
1936 2371
3293 2439
3507 3280
3134 2838
3503 3199
1933 2384
3058 2624
3310 3406
2386 2504
3153 2822
2421 1162
2326 2386
2649 2566
3164 2530
3078 2393
3112 2432
2680 2597
3506 3182
2962 2576
2508 1181
2360 2533
2570 2754
3348 3447
2316 1264
3360 2932
3188 2946
2404 1043
3410 3421
2808 2543
3364 2904
3503 3133
3353 3387
3012 2565
3383 3073
3926 2758
3073 2564
3853 2724
2572 2967
2534 2914
3154 2782
2412 1023
3586 3301
3397 3094
3296 2626
2438 1212
3251 2519
3453 3344
2760 2555
2332 1282
2632 2602
3017 2487
3287 3382
2804 2516
2648 2610
3502 3115
2424 1180
2591 2591
2702 2547
3191 2616
3331 2639
3288 3382
3296 2714
2499 2532
2624 2807
2671 2615
3248 2964
2823 2533
2889 2510
3167 2653
2444 974
3307 2693
3511 3155
2715 2579
3053 2390
3028 2460
3304 3368
2624 2651
2319 1237
3086 2611
3013 2491
3124 2716
3400 3086
2582 2872
3346 2971
3305 2738
3153 2781
3367 2343
2887 2517
3388 3015
3400 3063
3421 3413
3240 2671
2783 2513
2576 2584
3243 2713
2479 2572
2711 2566
2514 2486
3866 2718
3119 2488
3188 2960
3097 2462
2365 1225
3093 2442
3088 2446
3077 2579
2421 1070
2265 2298
2573 2968
2625 2795
3477 3169
2890 2518
3032 2458
3363 2917
3179 2535
2635 2663
3451 3373
3493 3096
3302 2721
3177 2785
2455 954
3365 2916
2409 1039
2646 2606
3518 3116
2566 2974
2889 2572
2378 2481
3534 3145
3116 2447
3166 2592
3294 2658
3121 2548
2391 1166
3491 3310
2521 2874
2383 1262
3505 3167
3016 2490
2686 2606
2374 1222
3336 2388
2794 2531
2405 2554
2324 2388
2499 2500
2833 2532
2331 1285
2591 2626
2564 2931
3410 2951
2355 1003
2316 1240
2604 2617
3238 2598
3265 2467
2536 1142
3307 3398
3919 2774
3401 2977
3032 2525
2161 1574
2895 2507
3265 2465
2351 1232
3076 2535
3435 3100
2465 1039
3162 2744
2322 1248
3078 2489
2507 1203
3142 2856
3386 3073
2496 2914
3168 2858
2741 2525
3547 3142
3015 2491
3277 2465
2554 2568
3026 2478
2406 1024
3171 2633
3491 3307
2650 2572
2653 2517
2408 1036
3372 2348
2546 2734
3125 2470
2390 2531
3353 2908
3216 2520
2231 2212
2645 2796
3896 2716
3419 3055
3183 2959
3225 2532
2487 1188
3145 2642
3192 2854
2522 1212
3351 2974
3303 2727
3486 3304
3435 3033
3310 2623
3121 2563
3389 3007
3171 2524
2288 1298
2583 2862
3206 2680
3199 2733
3138 2599
3117 2816
2315 1243
3499 3169
3350 3389
3206 2730
2137 1663
2403 1108
2314 1244
3350 3439
2671 2619
2450 966
2256 1332
3318 2468
3016 2482
3432 3269
3144 2781
3270 2683
2341 1255
3162 2897
3427 3352
2343 997
3231 2602
2508 2568
3324 2412
2385 1210
3132 2630
3492 3113
3455 3280
2434 2565
3229 2551
3184 2855
3404 2955
3365 2920
2605 2904
3863 2708
2942 2566
2443 1068
3375 2341
3094 2558
3258 2559
2568 2754
2338 1253
3427 3374
2588 2729
2423 1149
3044 2401
3172 2745
3238 2628
2351 2389
2423 2573
2382 2456
2392 2555
2584 2965
3112 2611
2392 2565
3439 3065
2466 1147
2458 970
2994 2484
3381 3070
3537 3324
3079 2479
3477 3092
2291 1271
2488 2474
3346 2921
3071 2455
3368 2414
3422 3274
2509 2954
2380 2450
3484 3306
2542 1209
2748 2548
2553 2931
3336 2645
3440 3043
3390 3095
2676 2748
2359 1003
3388 2946
3256 2618
2477 2508
3515 3259
2586 2742
2398 1038
3173 2737
3487 3281
2343 2361
2497 2593
2501 2540
3298 2642
3556 3217
3233 2554
2906 2565
2329 1304
2644 2792
3242 2685
3160 2899
3178 2836
2633 2657
3389 3021
3207 2759
3002 2507
3158 2647
3558 3329
2610 2591
3914 2778
3220 2629
3478 3325
3428 3270
2450 1189
2439 1178
2604 2588
2637 2648
3111 2574
3554 3219
3082 2549
2602 2618
3509 3186
2494 2605
2422 1201
2908 2481
3794 2790
3406 3064
2391 964
2539 2942
3355 2948
3405 2957
3444 3352
2670 2604
3276 2708
3306 2723
2536 1203
2591 2856
2794 2520
2635 2126
2567 2552
3921 2783
2425 971
3539 3238
2389 2547
3536 3332
2698 2596
3302 3391
2619 2783
2339 1275
2562 2686
3891 2730
2397 2445
3327 2393
2395 2443
3561 3223
2722 2565
3357 2428
3193 2751
2581 2603
2536 2920
3305 2663
2293 1247
3157 2824
3411 3059
3426 3031
3167 2836
3523 3261
3124 2803
2446 2576
2419 1016
2791 2501
3867 2712
3173 2909
2595 2767
3179 2852
3265 2694
2608 2904
3065 2531
3561 3155
2278 1362
3320 2409
3347 2379
2928 2576
2898 2561
2389 2556
3019 2540
2526 1220
3323 3378
2409 988
3382 2907
2466 1023
3333 2928
2623 2803
2443 1069
2294 1324
2512 2875
2545 2551
2590 2750
3899 2786
2331 2373
2458 1044
2431 1074
2588 2879
3197 2725
3367 2367
2324 1305
3882 2774
2199 1480
2490 1188
3250 2632
3095 2521
3348 2943
3425 2955
3098 2563
3344 3036
2446 1066
3222 2984
2547 2570
2457 1040
2643 2798
2392 1211
2750 2534
2756 2556
2604 2785
3149 2636
3340 3401
2899 2589
3479 3325
2605 2155
2458 1024
2989 2571
3247 2919
3468 3086
1933 2382
3950 2762
3380 3081
3532 3326
2635 2812
3365 2428
3908 2774
3211 2697
2359 957
3057 2625
3153 2786
3075 2435
2282 1318
2647 2112
3895 2716
3450 3053
2291 1255
2911 2496
2635 2799
2502 2514
2562 2737
2838 2529
2698 2560
3417 3270
3147 2688
2292 1361
2470 1222
3367 2412
3088 2497
2605 2766
2544 2560
3337 3016
3498 3140
3422 2952
3160 2868
3546 3208
2650 2614
3109 2496
2433 911
3035 2395
2375 2526
2361 951
2675 2733
2593 2735
2682 2756
2943 2567
2392 2488
3328 2714
3327 3353
3234 2702
3337 2700
2507 2484
2796 2526
1931 2380
3179 2906
3104 2601
3348 3448
2518 1163
2442 1061
3259 2931
3561 3146
3330 2925
3143 2793
3228 2566
3410 3422
3222 2729
3362 2362
2638 2678
2282 1325
2432 920
2698 2723
2644 2797
2402 1151
2657 2713
2576 2705
3282 2948
2449 1210
3322 2396
2464 1169
2473 1151
2648 2517
2393 1131
2864 2538
2478 957
2408 1117
2701 2717
3160 2888
3095 2445
2753 2518
2576 2981
3278 2478
2385 1263
2695 2750
2356 984
3126 2465
2421 1026
2626 2792
2623 2684
3513 3132
2502 2931
2384 1263
2529 2737
2584 2964
2387 1209
3253 2593
2477 2495
2336 2358
2385 945
3066 2448
3383 2980
3402 3010
3812 2803
2323 2123
3320 2403
3391 3403
3022 2510
3186 2747
3496 3133
2177 1465
2668 2600
2506 2490
3343 2381
3410 2948
3332 3356
3245 2558
3107 2637
2536 2931
3106 2444
2751 2559
2587 2887
3091 2453
3145 2587
2605 2731
2296 1270
2387 995
2597 2799
2522 2955
2176 1442
3209 2729
3374 3418
2706 2566
3525 3329
3122 2461
2399 1038
2633 2681
3247 2596
3230 2911
3076 2399
3340 2645
2416 1180
3182 2915
2529 2889
3198 2928
2166 1562
2974 2572
2483 2499
2455 1205
3563 3320
3053 2508
2552 2555
2283 1319
3216 2614
3168 2515
2432 967
3297 2657
2620 2790
2461 1190
3019 2531
3176 2705
2387 2462
2366 2538
3409 2970
3180 2496
3225 2722
2759 2512
3003 2457
3334 2944
2608 2761
3326 2729
3018 2547
3313 3379
3154 2581
2861 2535
3337 2988
2591 2740
2611 2717
3228 2947
3163 2642
3296 2960
3611 3127
2848 2520
2968 2571
3065 2593
3144 2689
3561 3340
2613 2840
3340 2412
2372 2496
3384 2929
3165 2827
3159 2686
3804 2816
3190 2947
3195 2722
2263 1363
2502 1188
3345 2975
3247 2923
3870 2718
3116 2624
2657 2118
2491 2507
2488 2480
3008 2491
2448 970
3346 2646
3418 3042
2322 2397
3129 2468
2479 1147
2562 2932
3344 3346
3352 2914
3246 2596
2571 2935
3304 2441
2958 2577
3344 2885
3382 3073
2424 1174
3405 2952
3508 3087
3110 2612
2608 2828
3100 2474
2532 2931
2437 1081
2572 2938
2582 2736
2321 1255
3896 2769
2698 2727
3484 3189
2571 2970
2634 2600
3253 2690
3182 2724
2402 966
2519 1161
3183 2918
3570 3158
2201 1411
3021 2539
3923 2769
2564 2752
2576 2974
3378 2658
2334 2406
2350 2532
3508 3118
2684 2551
2535 1143
2672 2602
2682 2548
3200 2946
3196 2917
2424 1153
2391 2456
2650 2520
3459 3321
2609 2709
2467 1220
3325 2918
2621 2632
3452 3370
2801 2549
3215 2631
3371 2955
2588 2985
2396 2559
2563 2893
3212 2648
3270 2615
3308 3362
3393 2982
3024 2515
2316 1312
2593 2908
2491 1195
3898 2750
3359 2999
3129 2471
3467 3087
2411 2453
2981 2568
2447 961
2475 1170
2368 2524
3290 2711
3867 2744
3029 2483
2673 2503
2452 946
2342 2405
3471 3322
2707 2712
3209 2912
3521 3160
3218 2628
3137 2786
3079 2536
3211 2515
2491 2568
2401 1018
2519 2709
3531 3144
3350 2887
2505 2953
2528 1199
3226 2660
2499 2892
2392 2557
2311 1325
3112 2467
2784 2520
2704 2708
3509 3193
2451 1204
3129 2680
2770 2515
2890 2578
3378 2888
2512 2489
3107 2478
3308 2692
3113 2442
3072 2577
3932 2773
3434 3344
2465 2568
3465 3088
2284 1304
3810 2803
3365 2398
3351 2644
2553 2571
2840 2528
2546 1208
2374 963
3414 3415
3378 3039
3420 3024
2374 2502
2629 2784
3311 2733
3554 3216
2544 1204
3054 2621
3332 2921
3533 3347
3375 3052
2889 2578
2201 1461
3050 2518
2598 2558
3211 2681
2418 1168
3319 2461
2556 2890
2417 1019
3899 2781
2553 2716
3018 2540
2528 1140
3484 3116
2623 2839
3130 2625
3157 2783
3196 2634
2907 2566
3335 3383
3347 2880
3247 2693
3345 2647
2649 2687
3254 2559
3381 2924
3327 2701
2477 959
3352 2975
3361 2910
3384 3032
3401 3411
3422 3392
3210 2519
3240 2706
2435 1075
2407 1023
2404 2446
2192 1492
3264 2490
3223 2643
3479 3094
3466 3089
2972 2570
3362 2995
2534 1201
2624 2848
3532 3251
2582 2618
2381 2547
3310 2707
2388 2453
3043 2518
3391 2988
2392 2559
3869 2749
3474 3159
3374 2671
2383 2484
3508 3306
3064 2414
3035 2454
2634 2124
3098 2468
2516 1163
2402 2560
2415 1054
3866 2742
2366 2431
3540 3331
2316 1229
2345 999
3335 2471
2932 2572
3143 2588
3536 3206
3519 3292
3012 2511
2583 2981
3386 2933
3223 2958
3269 2661
3111 2447
2733 2543
2906 2505
3115 2448
3080 2517
2565 2940
2758 2538
3386 3013
3204 2687
2328 2383
3152 2783
3370 3001
3878 2739
3404 2977
3516 3343
3128 2495
2653 2702
2821 2547
3295 2440
3460 3082
2138 1653
2195 1463
2414 1103
3934 2773
2625 2693
2420 1002
3241 2933
3264 2464
3101 2523
3247 2967
2700 2715
2293 1305
3168 2905
3186 2920
2490 2520
3334 2423
2323 1274
3352 3445
3251 2917
2200 1474
3206 2689
2913 2553
3376 3395
2579 2899
2386 1044
3532 3140
3173 2910
3304 2469
2570 2954
3363 2681
2308 1251
3251 2594
2489 1188
2568 2893
3001 2509
3160 2631
3517 3295
3124 2809
3521 3175
3175 2651
2595 2714
3591 3297
3129 2806
3393 2907
2550 2935
3900 2712
3423 3031
3214 2948
2305 1272
3348 2941
2648 2549
3306 2453
2824 2532
2831 2526
2962 2573
2979 2520
3435 3055
3459 3090
3066 2596
3276 2481
2613 2633
3417 2980
3424 2958
2617 2846
2691 2564
2640 2138
3332 2924
3137 2673
3078 2472
3168 2528
2644 2112
2966 2548
3087 2619
2351 2371
3295 2946
3454 3279
3330 2955
3344 2946
3343 3385
3196 2713
2385 2501
2542 2495
3341 2920
2393 2458
3213 2599
2373 2450
3102 2530
3242 2931
3139 2832
3900 2713
2670 2707
3040 2496
3248 2599
3160 2887
2380 2449
2654 2121
3424 3399
2186 1470
2393 2570
3235 2551
3092 2533
3352 2885
3180 2737
3068 2432
3525 3143
2384 2454
2385 1205
3102 2495
3139 2854
2500 2532
2586 2964
3352 2651
3146 2613
2490 2479
2197 1475
3423 2979
3205 2942
3513 3264
2951 2532
3468 3110
3016 2478
2707 2714
2908 2495
3459 3081
3169 2740
3181 2604
2451 1195
3803 2817
3288 2661
3251 2521
3363 2671
2250 1365
2392 2548
3169 2898
3446 3376
3302 2689
3525 3149
3874 2721
3248 2628
2403 1140
2530 2571
3133 2491
2272 1315
2473 1148
2379 2483
3311 2946
2976 2539
3177 2843
2523 2723
3510 3312
3501 3093
2475 2499
2609 2842
2550 1830
2357 994
3010 2573
3052 2404
3319 3380
2434 908
3469 3333
3456 3281
2376 2505
3244 2678
3568 3328
3383 2894
2644 2521
2669 2725
2472 1171
2638 2600
2400 2537
3355 2989
3168 2847
3133 2627
3410 3400
3502 3149
2407 1109
2293 1277
2839 2514
3425 3267
2754 2560
2490 2910
3147 2911
3100 2480
3159 2788
3310 2943
3161 2588
3470 3093
2515 1180
3448 3055
3182 2919
2890 2538
3065 2411
3481 3140
2503 2869
3133 2834
2261 1366
2374 2420
2651 2535
3449 3274
3413 3056
2441 1212
3188 2621
2415 956
3077 2561
3172 2883
2417 1083
3174 2748
2335 1272
2513 1172
2625 2796
3482 3169
2320 1305
2457 1221
3296 3386
3183 2737
3801 2804
3353 2390
3221 2947
2475 1169
2828 2531
3127 2622
3349 2974
3482 3170
3210 2658
2429 1018
3321 2469
3391 3019
2361 1248
2613 2705
2347 2386
2588 2588
2347 2371
3155 2798
2573 2686
2423 984
3105 2466
2961 2567
3147 2910
2727 2579
3374 2940
2496 2605
2259 1352
3384 3081
2499 2899
3247 2594
2559 2738
3007 2504
2450 1192
3374 2395
3094 2527
3454 3286
3314 3379
2670 2605
3365 2338
2615 2724
2396 2561
3159 2524
2313 1315
2607 2609
3293 2651
2508 1203
3140 2850
3382 2983
2392 954
2419 1187
3884 2731
2608 2143
2432 931
3401 2980
3365 2426
2608 2772
3121 2809
2401 1208
3061 2505
2398 2535
3237 2923
3346 2902
3075 2394
3515 3278
2630 2691
3396 2996
2979 2542
3330 2714
3184 2737
3159 2797
2562 2747
2437 904
3866 2744
2569 2756
2993 2516
3360 2376
2630 2130
3344 2966
2333 2372
3190 2746
2403 2453
3345 3389
2587 2753
2569 2687
2598 2615
3557 3324
3066 2409
3073 2390
2542 2721
2535 2490
2410 996
3345 2942
3365 2650
3177 2904
2518 2931
3250 2615
2630 2614
2602 2826
2575 2682
2525 2876
3214 2580
2415 1023
3219 2625
3183 2723
3256 2693
2390 2556
3179 2793
3512 3146
2530 2882
3301 2441
2418 1163
3126 2822
3167 2777
2539 2575
3427 3371
3381 2974
2582 2555
2684 2589
2625 2667
2624 2817
2190 1466
2678 2717
3405 2958
3412 2974
2363 1224
3381 2917
3080 2538
2694 2747
2300 1301
2337 2401
3171 2893
3286 2622
2619 2667
3395 3387
3886 2721
3524 3345
2634 2649
3103 2465
3945 2758
3016 2460
2603 2557
3436 3098
3120 2575
3251 2706
3349 2372
3149 2823
3436 3055
3250 2545
2346 1237
2647 2522
2601 2793
3407 3075
3040 2406
2694 2584
2527 1138
3438 3054
2518 2708
2410 2561
3301 2723
2892 2562
2513 2874
3426 3415
3382 3092
2564 2687
2652 2525
3527 3188
2331 1289
3181 2926
3123 2716
2689 2595
3393 3098
3174 2903
2143 1666
3197 2928
3017 2498
3801 2810
2341 1231
3162 2827
3378 2959
2620 2695
2695 2584
2586 2620
3540 3156
3335 2648
3247 2545
2631 2675
2517 2562
3925 2768
2463 1013
3393 3074
3582 3302
2366 2522
3406 2992
3581 3319
2273 1324
3265 2470
2850 2527
2599 2709
2427 2570
3258 2625
3348 2373
3301 2440
2139 1671
3146 2605
2523 2724
2413 1112
3334 2413
2368 1253
3228 2596
2388 995
3400 3062
2509 1166
3354 3397
2373 2415
2366 1214
2386 1207
3392 3026
2635 2760
3364 2419
3338 2644
3149 2688
3085 2495
2809 2544
3280 2948
2147 1664
2329 1280
3130 2692
3345 2880
3465 3305
3221 2630
3224 2707
2683 2600
2500 2544
3506 3134
3179 2738
3241 2599
2826 2524
2325 1281
3291 3382
3248 2931
2201 1413
3892 2769
3233 2557
3413 2953
2457 1211
2351 1248
2775 2517
3374 2877
2197 1525
3236 2528
3348 2908
2908 2557
2968 2563
3256 2626
3500 3094
3468 3290
3184 2854
2587 2913
2412 1182
2434 909
2631 2633
2637 2570
2346 2361
3097 2620
3494 3116
3123 2714
2356 1246
2424 1155
2664 2723
2413 981
3171 2829
3095 2436
3156 2801
3470 3299
3510 3115
2584 2737
2390 2546
2707 2559
3898 2785
2499 2472
2799 2530
3439 3058
3303 2615
2395 2419
3426 2952
3307 2647
3242 2957
3587 3302
3175 2519
3431 3399
3128 2718
2431 919
2656 2624
3151 2613
2834 2526
2683 2738
3265 2948
3187 2747
3436 3066
2424 1086
3172 2698
2601 2732
2676 2756
3527 3342
3535 3213
3079 2557
2623 2700
2998 2479
2591 2551
2342 2413
3944 2762
3191 2521
3343 3347
2391 954
3496 3140
2444 2581
2382 2512
3273 2631
2301 1266
3445 3055
3012 2513
2524 2708
2205 1411
3088 2552
2268 1351
3111 2553
3492 3143
3340 2978
3503 3132
3135 2630
2506 2866
3209 2697
3361 2902
3299 2962
3346 2881
2581 2870
3502 3167
3119 2457
2377 1198
2539 1149
3528 3276
2511 2554
3350 2912
3123 2556
3154 2713
2557 2740
2386 2480
2408 1207
3242 2932
2430 1048
3243 2629
2629 2652
2394 2456
3167 2793
3791 2779
2456 976
2361 2533
2168 1641
2785 2517
3132 2693
3467 3326
3307 2454
3557 3332
3526 3266
2468 1168
3576 3325
2972 2524
3157 2700
3814 2792
3441 3059
3337 2406
3429 3400
3234 2565
3038 2405
2285 1360
2426 1174
2310 1257
3186 2710
3310 3365
3186 2516
2942 2574
3193 2750
3879 2721
3160 2527
3127 2831
3874 2719
3225 2662
3346 3046
3004 2518
3153 2904
3371 3060
2902 2488
2480 1148
3470 3099
2335 1270
3370 2956
2404 1206
3392 3114
3363 2402
2413 2454
2505 2543
2617 2706
3249 2918
3292 2640
3183 2913
2443 1084
3325 2632
3331 2955
2281 1281
3311 2736
2432 982
3320 2471
3077 2534
3525 3193
3000 2532
2466 1018
2387 2481
3269 2689
3164 2772
3335 3360
2474 2503
3325 2923
3088 2547
3466 3132
2360 2535
3137 2582
2336 1229
3244 2508
2454 976
2616 2711
2390 1131
3228 2960
2518 1205
3251 2636
2360 2504
2281 1293
2155 1683
2459 1205
2634 2667
3168 2513
3389 3077
2405 1141
2703 2718
3457 3094
3323 2926
3107 2628
2908 2493
3516 3277
2643 2682
3299 3389
2543 2888
3313 2698
3531 3200
3538 3216
3796 2816
2513 2884
2281 1294
3849 2707
3375 2954
2668 2717
3172 2750
3577 3301
3264 2636
3209 2756
3355 2945
2373 2545
2519 1206
3117 2564
3536 3218
3304 2743
2594 2850
2741 2528
3107 2434
3482 3286
3263 2619
3163 2898
2562 2729
2541 1203
3226 2593
2520 2566
3528 3154
2518 1230
2786 2512
3247 2508
2272 1321
3465 3289
3358 3447
2526 2955
3150 2909
3410 3399
2620 2806
3360 3388
2878 2554
3014 2572
3229 2976
2986 2536
3195 2717
3502 3291
2744 2525
2353 1011
3168 2784
3546 3194
2644 2587
2175 1620
3171 2697
3048 2519
2580 2706
2373 2539
2532 2561
2542 2491
2406 1142
2415 976
3195 2610
3343 3033
3256 2928
2378 985
2513 2898
3464 3328
2329 1269
3341 2968
3114 2470
3089 2512
3423 2982
2612 2747
2520 2925
2577 2681
3294 3387
3087 2537
3314 2467
2421 989
3151 2781
3363 2345
2384 1144
3367 2900
3000 2531
2135 1653
2632 2665
2912 2564
2176 1635
3346 3381
2560 2744
2448 1064
2453 2578
3205 2641
3535 3336
2437 960
2370 995
3025 2475
3317 3396
2479 2498
3300 2692
2517 1148
2579 2736
2458 1047
2882 2555
2321 1311
3260 2529
2404 2513
3544 3208
3369 3055
3015 2482
3298 2639
3183 2617
3354 3348
2882 2531
2447 2579
3475 3297
3331 2415
2353 991
2336 2357
3112 2558
3465 3290
3386 3008
3351 2379
3357 2652
2580 2713
2316 1329
2466 1024
3496 3199
2427 983
2894 2590
3584 3316
2574 2685
3310 2660
2544 2896
2927 2573
2876 2545
3161 2903
2562 2940
3226 2620
2364 2536
3331 2920
3315 2436
2641 2570
3141 2619
3007 2460
3160 2581
2577 2708
2596 2900
3528 3309
3433 3344
2994 2518
3017 2450
3364 3050
3252 2694
2441 1214
2169 1641
3418 2978
2403 2446
3260 2947
3199 2962
3424 3264
2194 1494
2359 2528
3341 3419
3123 2625
2305 1323
2604 2593
3284 2449
3332 3386
3546 3193
3037 2406
2563 2967
3253 2566
3188 2847
3042 2520
3344 3424
2411 993
2558 2923
3488 3182
2755 2518
2553 2747
2644 2550
2317 1240
3335 2724
3360 3051
3112 2581
2583 2980
2468 1164
3316 2464
3193 2699
2683 2635
3331 3038
3477 3338
2685 2736
3065 2526
3293 2709
3532 3252
2477 1206
2625 2808
2345 2403
2639 2136
3091 2536
3318 2629
3060 2615
3366 2674
2684 2602
2389 2415
3369 2655
3448 3058
2462 2568
3278 2473
3835 2719
3232 2590
3220 2989
3397 3079
3222 2712
2550 2557
3351 2642
2575 2939
2879 2544
3257 2535
2977 2539
2455 1236
2491 2475
3196 2729
2619 2665
3478 3338
3364 2933
2303 1308
2452 958
2358 1006
3336 3407
3570 3338
2622 2846
3312 2944
2675 2711
3347 2902
2463 1168
2593 2729
2392 2458
2523 2878
3309 3407
2582 2728
3424 3409
3172 2888
3398 2967
2537 2485
2901 2492
3171 2518
3166 2837
2885 2574
2521 2566
3388 2944
3805 2804
2798 2546
2974 2514
2587 2757
2326 1253
2666 2611
2382 2413
3477 3339
2626 2683
2411 1037
2560 2569
3580 3299
2399 2504
3230 2505
2607 2717
3935 2772
3182 2840
3364 2869
3343 2924
2452 1061
2599 2755
2417 1195
2283 1276
3232 2605
3314 3396
3447 3275
3460 3349
2783 2516
3231 2532
2581 2600
3182 2854
3169 2638
3348 3382
2808 2545
2621 2844
3728 2851
3217 2608
2579 2594
3356 2880
3487 3187
2690 2594
2441 940
2891 2584
3271 2559
3332 2389
2402 1129
2728 2563
2703 2714
2710 2583
2661 2613
2496 2569
2539 2919
2370 2497
3051 2509
2549 2971
2530 2728
2288 1320
2954 2531
3468 3330
3359 3389
3888 2721
2427 1078
2504 2867
3241 2594
3175 2503
2554 2921
2613 2621
3136 2674
2389 953
3485 3319
2641 2569
3308 2704
3215 2519
2622 2129
2987 2533
2251 1339
3380 2916
2149 1672
2731 2585
2638 2599
3245 2552
3118 2615
3287 2623
3526 3131
3414 3268
2396 1169
2594 2867
2436 1050
3289 2631
3205 2644
3106 2607
2567 2752
3437 3053
2723 2585
3093 2432
3807 2782
2513 1183
2889 2526
3176 2599
2355 996
3189 2968
2577 2680
1931 2384
2541 2559
3114 2603
2389 2573
2912 2553
2592 2749
2425 1184
3179 2658
2416 2460
3528 3326
3367 2872
2628 2780
3184 2622
3255 2546
3439 3056
2722 2553
3224 2712
3178 2638
3903 2726
2494 2473
2314 1232
3315 2733
3295 2651
3919 2767
2523 1211
2829 2537
3881 2767
2365 1231
3436 2983
2479 1224
2369 2520
2466 1220
2427 1148
2403 2443
3047 2407
2375 1002
2290 1269
3171 2859
3280 2473
2966 2510
3842 2718
2811 2545
3358 3384
2227 2218
3273 2678
3549 3202
2590 2627
3026 2520
2388 2554
2988 2507
3535 3311
3020 2550
3269 2920
2290 1264
3524 3150
3795 2805
2423 1070
3147 2639
3183 2640
2339 1005
2420 1095
2494 2513
3206 2761
2987 2535
3449 3059
2905 2566
2548 2562
3146 2909
3550 3189
3890 2745
3936 2771
2536 2740
3328 2923
3489 3180
2191 1495
3370 2400
3407 2955
2490 2509
3160 2902
2320 2401
2614 2738
2480 1147
3069 2587
3249 2546
3068 2523
3147 2912
3533 3171
3283 2952
2612 2589
3445 3065
2413 1182
2463 973
3240 2667
3922 2769
2139 1657
2527 1187
3556 3218
3931 2772
2441 1206
2459 972
2197 1487
3190 2696
2405 2441
3515 3121
3352 2663
2358 2410
2605 2826
2357 1013
3521 3264
3536 3237
3176 2642
3493 3089
3878 2737
2603 2584
2500 2586
2193 1470
3373 2940
3439 3274
3353 2391
3214 2572
3797 2776
2675 2503
2611 2765
3354 2364
3431 2975
3061 2518
3227 2532
2467 1147
2556 2739
2513 2906
3501 3183
3560 3161
2471 2577
2481 2483
3302 3396
2390 1034
3379 3092
3505 3176
3522 3191
3343 2961
3552 3336
3327 3048
2355 2419
3370 3397
2522 1221
2592 2138
3360 2659
3342 2641
2489 1220
3043 2498
2493 2490
2405 2453
3218 2591
3087 2602
3394 3017
3372 2955
3890 2733
3082 2399
3203 2700
3278 2474
2327 1284
3065 2554
3207 2691
2744 2529
3381 3091
2572 2696
2386 2419
2468 1058
2459 1229
2610 2810
3357 2645
2633 2619
2748 2534
3396 3066
2988 2522
2267 1357
3086 2606
1930 2385
2471 1140
3351 2905
3323 2716
2698 2595
3332 3039
2648 2116
3528 3191
3237 2922
3955 2765
3269 2712
3267 2634
3053 2509
3313 2439
2315 1305
2561 2562
2406 1114
3305 2447
2257 1344
2153 1679
2524 1200
3123 2823
3085 2502
2383 998
2911 2564
2396 2485
3531 3312
3371 3047
2176 1632
2419 987
2478 2512
3011 2519
2229 2219
2589 2631
3386 3409
2649 2590
3562 3155
2356 987
3115 2576
3307 2657
2365 2419
2420 1195
2787 2514
2602 2782
2370 2413
3346 2947
3228 2536
3539 3202
2306 1261
2777 2518
3053 2407
3096 2480
3207 2631
2646 2697
2703 2545
3086 2443
3020 2459
3332 3353
3229 2910
1933 2386
2704 2713
2575 2762
3369 2946
2398 2560
2428 970
3900 2741
3887 2760
3008 2555
3328 2433
3351 2373
3539 3342
3537 3230
3219 2526
3233 2528
2893 2588
3172 2796
3022 2530
3230 2964
3474 3298
2391 2457
3385 2340
3243 2630
3021 2515
3469 3095
2364 976
3161 2748
3044 2407
3258 2954
2370 2491
2642 2524
2557 2932
3108 2547
3306 2467
2374 998
2650 2685
3432 3048
2647 2710
2805 2541
2699 2565
3220 2711
3037 2521
2519 2878
2575 2934
3299 2961
2594 2872
2386 1162
3001 2521
2467 1056
2882 2537
2668 2711
2393 970
3081 2442
2606 2823
2651 2568
3223 2505
2302 1325
3391 3099
3532 3132
3350 2632
3118 2806
3371 2905
2537 1192
3400 3066
2445 931
2445 1212
3320 2460
3563 3348
2704 2570
3340 3385
3190 2858
3309 3403
2619 2654
3355 2395
2895 2583
3051 2444
2189 1496
2482 2476
2724 2580
2722 2556
2396 2568
3428 3381
3072 2422
3802 2792
3414 2956
2179 1465
2350 1266
2469 1170
3452 3056
2672 2618
3812 2789
2314 1303
3130 2627
2448 1203
3438 3272
3362 2363
3112 2619
3086 2492
3364 3384
2389 1144
2989 2483
2498 2575
2970 2505
2678 2636
2449 1061
2638 2696
3245 2599
3322 2418
3343 3397
2407 2551
3378 2398
3807 2810
3174 2747
2421 1011
2673 2637
3310 2939
3496 3161
3317 2689
2898 2507
2354 1225
3157 2635
3364 2663
3575 3324
2549 2565
3360 2677
2608 2853
2667 2504
2521 2891
2545 2736
3183 2641
3312 3373
3588 3305
3366 2342
3017 2545
2679 2707
2598 2148
2470 2504
2608 2846
2514 1163
3033 2498
3354 2371
2584 2587
2692 2563
3394 3063
2551 2932
3173 2655
3031 2478
3364 3426
3220 2527
3306 2747
3354 2378
3158 2525
2641 2671
2395 2504
2414 1199
3251 2702
3204 2695
3350 2378
2449 1211
3427 3056
2357 2534
3492 3133
2373 2416
2578 2937
3094 2556
3299 2647
3176 2650
3492 3293
2328 2411
3205 2532
3212 2604
3219 2727
2453 947
2533 2551
3371 2960
3511 3093
3445 3109
2598 2763
2384 1162
2514 1230
2544 2489
2608 2845
2365 1253
3378 2966
3885 2773
3294 2717
3378 2907
3182 2710
3335 2935
2506 2582
2729 2555
3529 3338
3586 3304
2523 2721
2341 2410
2764 2535
3311 2710
3142 2597
2621 2798
3390 3087
2293 1361
3224 2565
2705 2583
3235 2928
2680 2624
3377 2913
3412 3398
3113 2450
2615 2726
3330 2637
2460 1236
3202 2702
3075 2489
3336 2715
3086 2598
3337 2924
3042 2498
2504 2925
2193 1468
2403 1203
2585 2529
3166 2851
2271 1363
3325 2944
3170 2878
3347 2628
2847 2539
3106 2620
3204 2943
3516 3292
2524 1152
2732 2545
3354 2640
2525 2697
2539 2573
3301 2647
3080 2530
2827 2524
2447 941
2429 1206
2970 2560
2438 2572
2510 1183
3429 3270
3463 3088
2626 2608
2656 2712
3379 2341
3112 2571
2186 1524
3330 2420
3171 2905
3196 2757
2579 2888
3064 2574
3471 3132
2334 1251
3529 3243
2888 2528
3383 3011
3363 3390
3158 2791
2705 2554
2634 2634
3134 2837
3304 2740
2621 2744
3421 3043
3514 3133
2388 2549
3228 2967
3156 2792
3086 2547
3158 2821
2332 1227
2587 2535
2581 2747
3492 3316
3539 3159
3020 2477
2790 2517
3230 2961
2672 2497
3849 2718
2487 2503
2406 1190
2356 1223
3326 3353
3011 2511
3111 2576
2788 2515
3898 2746
3127 2468
3883 2731
2419 1158
3473 3285
3153 2587
2547 2972
3586 3310
2967 2494
3337 2473
3331 2420
3295 3384
3098 2526
3375 2946
2692 2556
3394 3016
3016 2565
3113 2571
3535 3192
3141 2851
2611 2766
3285 2952
3389 3084
3490 3179
2566 2552
3348 3387
2393 2559
3164 2897
2282 1326
2615 2633
3248 2961
3080 2580
2696 2592
3340 2928
3521 3299
2520 1154
2319 1271
2554 2972
3111 2802
2396 2466
2909 2495
2360 2417
3332 2415
3382 2981
3087 2511
2564 2740
3173 2842
3506 3167
3048 2397
3435 3059
2836 2526
3170 2786
2645 2541
3256 2505
3207 2734
2610 2722
2364 1217
3086 2499
3471 3113
2438 2573
2636 2605
2619 2780
2293 1324
3485 3188
2442 1069
3249 2547
3198 2921
2347 2401
3403 2999
3441 3053
3281 2951
2557 2747
3338 2925
3244 2698
2355 1211
3119 2491
3916 2772
2645 2687
2905 2500
3222 2615
3194 2715
3227 2566
2430 1052
3389 3089
2533 2569
2483 2487
3092 2518
3385 2928
3423 3030
2273 1326
3334 2936
3222 2946
3200 2527
3002 2529
2821 2532
3066 2573
2697 2740
3235 2534
3874 2717
2371 2411
2495 2528
3387 2944
3541 3225
3510 3308
2377 1257
3834 2723
3525 3150
2986 2570
3526 3261
3393 2993
2664 2726
2922 2570
2485 1207
3497 3167
2706 2558
3341 2414
3156 2751
2651 2616
2311 1252
2510 2883
3353 2661
2179 1468
2141 1634
2773 2515
3580 3308
3232 2957
2568 2693
3396 3128
2679 2638
3307 2456
3885 2771
3729 2852
2393 964
2415 1004
2350 2412
2645 2787
3167 2847
3383 2986
3143 2596
3135 2681
2519 2886
2558 2978
3209 2534
3192 2517
2687 2547
3313 2467
3394 3073
3340 3439
3908 2747
2373 2492
2455 1219
2960 2540
2413 2548
2570 2894
2396 1018
2553 2733
3308 2469
3490 3120
3068 2535
2139 1630
3090 2594
2392 1138
2673 2502
2622 2814
3078 2554
2598 2153
2679 2631
2257 1348
3080 2551
2972 2534
3523 3274
2598 2699
2504 2881
2528 2951
3349 2639
2657 2708
2707 2552
3419 3053
2580 2716
2587 2629
3143 2798
3355 2382
2539 2566
2834 2535
3525 3183
2624 2851
3186 2843
2416 1178
3876 2718
3416 3270
3218 2510
3414 3270
3518 3122
3481 3322
2646 2539
3170 2655
3509 3249
2943 2591
2612 2705
3173 2868
2403 1204
2706 2556
2422 1098
3271 2480
2710 2712
3496 3145
3487 3304
3251 2633
2157 1569
2363 969
2856 2526
2694 2746
3070 2540
2629 2678
3092 2610
3200 2696
3075 2450
2405 1117
2466 2568
3514 3266
3288 2712
3364 3385
2568 2753
2825 2531
3341 3439
3210 2961
3292 2956
3337 3029
3532 3212
2469 1163
2364 2501
3447 3348
2441 1042
3164 2794
2528 2729
3376 3032
3782 2795
2613 2147
2294 1242
3511 3204
3068 2457
3038 2522
2808 2521
2290 1249
3051 2391
2615 2602
3142 2601
3343 3415
2448 1068
2563 2563
3244 2690
3117 2624
3569 3329
3020 2467
3230 2936
2679 2735
3344 2640
3161 2587
3360 2341
2480 1150
3136 2700
3017 2465
2497 2918
3058 2614
3882 2709
2646 2522
2513 2871
3332 2470
2453 1202
2704 2591
3259 2538
3330 2403
3449 3277
3416 2978
2192 1499
2361 983
2690 2541
2519 2703
3189 2526
2696 2595
3233 2691
3351 2666
3177 2704
3107 2547
2587 2741
3883 2730
3183 2710
3148 2860
3412 3420
3236 2931
2605 2898
2763 2545
2480 2583
2643 2675
3241 2602
2563 2936
3469 3302
3240 2598
3336 2967
2719 2579
3330 3384
2614 2712
2411 1200
3466 3330
2505 2556
2129 1651
2321 1312
2572 2700
2583 2588
2334 1001
3282 2707
3173 2705
2564 2893
2435 2566
2279 1303
2543 2736
2493 2605
3082 2439
2669 2616
3383 2977
3170 2633
3020 2489
2521 2686
2605 2703
2536 1143
3950 2753
3413 3400
3172 2522
2455 1204
2595 2914
2581 2940
2399 1166
3431 3041
3408 3399
3103 2536
3380 2900
3896 2721
3333 2697
2424 1059
2447 1209
2431 1051
2863 2536
3240 2573
3497 3090
2582 2867
3117 2576
3480 3170
2409 1158
3249 2933
2322 1314
2555 2889
3848 2704
3294 2636
3000 2565
3067 2426
3360 2921
2384 2451
3156 2823
2525 1197
3177 2854
3387 3401
2576 2967
2505 2881
3791 2820
2518 2715
2248 1364
3341 3376
3417 3054
2682 2737
2418 977
3152 2860
2684 2591
3172 2908
3482 3322
2590 2695
3801 2802
3502 3150
3321 2416
3157 2823
3411 3403
2543 2485
2609 2616
2288 1274
3136 2839
3493 3317
3358 2398
3943 2755
2731 2568
3482 3308
2890 2528
3395 3128
3473 3321
2599 2792
2606 2610
3337 3035
2508 2556
3196 2964
3400 3012
3892 2712
3121 2630
2395 1160
3506 3116
2904 2509
3215 2948
2610 2842
2601 2840
2360 2499
3154 2797
3155 2785
2514 2562
3339 3029
2476 959
2711 2580
2654 2525
2618 2843
3173 2659
2591 2738
2683 2598
2525 2874
2596 2588
3360 2929
2280 1303
2357 995
2272 1332
2482 2473
3061 2624
3306 2620
3130 2626
3186 2738
3461 3367
2168 1462
3207 2520
3365 2886
3078 2552
2980 2518
3403 2955
3314 2734
3292 2624
3474 3102
2989 2570
2355 1267
3361 2670
3171 2656
2681 2626
2382 2410
2801 2537
2594 2550
2589 2592
3382 3034
3854 2723
2272 1314
3236 2665
3362 2922
2599 2865
2501 1195
3307 2734
3130 2566
2644 2710
2280 1283
2620 2659
2524 2893
2375 2428
2407 991
3096 2521
2603 2899
2614 2708
3337 3374
3349 2991
2477 2507
3103 2440
2822 2547
3190 2948
3107 2599
3523 3321
2455 1221
3365 2651
3446 3065
3325 2401
2505 2576
3481 3095
3194 2964
3473 3164
2629 2604
3864 2741
3448 3275
2539 1143
2964 2545
2572 2698
2486 1220
3367 2419
2277 1302
2570 2752
2470 2565
3500 3115
3209 2693
3293 2443
3850 2708
2658 2515
3291 3384
3484 3310
3282 2627
3506 3195
3148 2917
3528 3174
3003 2488
3256 2506
3058 2450
2158 1683
3465 3341
3264 2949
3070 2496
3547 3195
3537 3346
3385 3066
3402 3398
2497 2919
2698 2590
3006 2499
2500 2924
3095 2451
2441 1062
3169 2741
3095 2465
3354 2368
2490 2517
2315 1314
3897 2779
2555 2890
3148 2808
3005 2568
3383 2946
3155 2582
3067 2560
3350 2665
2612 2152
2490 2488
3502 3111
2351 1011
3362 3390
2169 1564
2905 2564
2409 1139
3460 3078
3291 2712
2507 2923
2597 2763
3236 2955
3237 2709
3076 2575
2396 1205
3837 2721
3078 2409
1932 2373
3088 2592
3161 2698
3294 3384
3118 2619
2396 2451
2259 1361
3930 2772
3160 2685
3233 2565
2346 2377
3097 2561
2256 1331
3145 2616
2484 1219
3177 2614
3301 3389
2639 2570
2251 1341
3402 3011
2427 926
2172 1622
3371 3385
3026 2511
3379 2954
2737 2550
2623 2840
2138 1629
3247 2672
3513 3190
2910 2499
2371 1208
3275 2484
3336 2988
3209 2631
3210 2634
3357 2921
2311 1266
2829 2543
3516 3168
3095 2432
2596 2763
2400 2456
3420 3391
3234 2960
3249 2664
2608 2152
3319 2403
2440 1066
2521 2725
2674 2746
3356 3446
3454 3083
3324 2434
3159 2627
3402 3400
2444 2576
3511 3148
3178 2725
2189 1471
3308 2698
2592 2694
2556 2928
3504 3143
3420 3045
3922 2757
2268 1344
2590 2549
2386 2433
2989 2572
2672 2707
3878 2715
2476 955
2500 2585
3248 2636
3359 2657
3509 3284
3231 2606
2433 910
2520 1159
3807 2787
3231 2591
3200 2934
3894 2763
3246 2634
3354 2639
3479 3109
3330 2639
2560 2582
3505 3285
2366 965
3509 3150
3347 2667
3163 2866
2157 1683
2894 2543
2494 1185
2320 1252
3161 2687
3330 2383
3904 2777
3425 3407
2408 988
2389 1142
3331 2943
3160 2862
3332 2420
3245 2693
2522 1204
3475 3168
2665 2504
3205 2654
3098 2567
3428 3379
3205 2656
3029 2484
3166 2652
2569 2894
3327 2726
3326 2475
2365 2418
3144 2616
3734 2866
3466 3301
2591 2556
2136 1652
3075 2504
3315 2730
2539 2887
3016 2526
3235 2507
3115 2471
2582 2946
2631 2693
3420 2957
2408 2448
2175 1621
2970 2572
3371 3072
3402 2963
2509 2928
3323 2723
3018 2510
3312 2732
2599 2615
3132 2622
3276 2628
3222 2526
2532 2945
2542 2567
3379 3078
3492 3116
2970 2531
2309 1260
3181 2599
2353 1226
3267 2472
2521 1208
3313 2733
3186 2859
3073 2430
3033 2484
3356 2946
2639 2600
2672 2500
3352 2986
3530 3325
2570 2972
2532 1194
2916 2499
2431 1194
3332 3377
2353 1253
3324 2465
3160 2644
3226 2560
3290 2631
3353 2389
2449 977
2798 2531
3471 3304
3172 2910
3394 3055
3735 2868
2884 2554
3483 3140
2762 2545
3152 2644
2891 2590
3512 3176
2417 986
3557 3227
2258 1352
2407 995
2643 2671
3117 2616
3849 2708
2529 2722
2590 2141
2892 2573
3150 2919
3356 2957
2496 2497
3237 2934
3169 2640
2466 1187
3186 2923
2418 1005
3419 3038
2983 2537
2580 2750
3368 2656
2382 1255
2433 932
2581 2714
2478 961
3101 2522
2794 2525
2542 2725
2618 2745
3289 2650
3208 2763
3059 2506
3332 2471
3389 2907
2629 2772
2942 2575
2355 1230
3327 2386
2422 1019
2364 1214
2367 992
3034 2498
2383 1044
3382 3075
2728 2552
2429 1081
3573 3302
2325 1287
2446 960
2258 1337
3361 2963
3207 2634
3179 2531
3169 2511
2895 2547
3156 2581
2463 1040
2395 2487
2672 2614
3333 2391
3229 2621
3123 2466
3540 3146
2711 2584
3327 2926
3114 2552
3344 2967
3233 2542
3396 3060
3221 2524
2394 2452
2371 2542
2423 1158
3144 2818
3254 2694
2575 2712
2634 2806
2406 995
3181 2598
3256 2957
2902 2487
3372 2873
2522 2891
3274 2677
3165 2652
3372 2969
3409 3417
2339 997
3170 2779
2428 926
3354 2650
2533 2930
3396 2991
2455 1191
2593 2756
2420 1192
3052 2609
3507 3306
3117 2806
2578 2893
2891 2538
3535 3204
3164 2740
3208 2727
2431 923
3146 2612
2557 2979
3345 2646
2416 993
2262 1358
2517 2697
2554 2567
2553 2933
3900 2780
3524 3264
2602 2606
2494 2909
3404 3382
2697 2567
2574 2895
2617 2608
2443 1077
3193 2518
2507 2899
3065 2595
2597 2695
3363 2926
2253 1338
3480 3280
3248 2637
3524 3304
3422 3408
2636 2604
2966 2547
3027 2513
2523 2887
2640 2538
3438 3271
3035 2518
3358 2340
3105 2434
3418 3270
3153 2645
2592 2560
3298 2669
2698 2591
2968 2537
2543 2909
3466 3326
2502 2525
2699 2561
2645 2606
2435 964
3411 2949
2496 2517
3361 2934
3463 3356
3106 2535
2405 1156
3181 2971
3054 2620
2634 2808
3104 2522
2601 2733
2430 979
2521 1205
3411 3402
3160 2626
3498 3087
3257 2500
3262 2697
3314 3408
3468 3296
3237 2663
3441 3049
3379 2343
2632 2131
3539 3160
3157 2901
2647 2620
3510 3262
3438 3065
3151 2778
3487 3318
2532 2722
3185 2926
2528 1202
2465 1174
3525 3173
3892 2761
3338 2945
3340 2985
3352 2382
2457 2559
3307 3396
2364 1234
3244 2600
2636 2770
3565 3333
2477 2496
3207 2656
2386 993
3215 2760
3423 3409
2449 965
3140 2854
2415 1199
3402 3380
3481 3287
3186 2973
3340 2938
3108 2439
3214 2624
2630 2139
2603 2147
2355 1210
2561 2736
2760 2553
2496 1184
3894 2769
2540 2566
2574 2972
3229 2659
3416 3415
2428 2569
3313 3396
3340 2699
2446 1212
2437 908
2447 944
2283 1322
2535 2929
3224 2955
3529 3245
3269 2659
2965 2554
2409 2547
2624 2820
3332 2955
2624 2666
2286 1362
2391 1212
3072 2521
3088 2453
3165 2794
3346 2882
2783 2520
3385 2338
2951 2594
3272 2481
2435 904
2392 1141
2514 1207
2630 2688
2565 2895
3239 2603
2333 1244
2528 1197
3510 3089
3012 2492
2522 2892
2372 1222
2421 1078
3142 2842
3532 3203
2611 2614
2760 2554
3351 2894
2325 1305
3087 2495
3223 2631
3075 2469
2637 2549
3369 2898
3181 2855
3804 2805
2606 2616
2459 1217
3284 2626
3126 2464
3180 2656
2626 2684
3350 2947
3014 2511
3470 3356
2620 2844
3240 2672
3193 2922
3274 2614
3329 2942
2589 2880
3157 2756
3093 2558
3418 3409
3182 2516
3222 2982
3364 2903
3459 3082
2330 1292
3310 3362
3465 3110
3231 2627
2896 2585
3068 2519
3478 3137
3378 2978
3091 2621
3163 2730
2475 1161
2691 2552
3458 3078
2907 2496
3496 3284
2970 2534
3066 2597
3385 2977
2379 2444
2681 2604
2558 2758
2379 2546
2331 2371
2577 2689
3457 3283
3095 2462
3205 2600
3276 2480
3024 2478
2463 1167
2291 1328
3362 3046
2364 2493
2736 2554
3277 2716
3246 2594
2544 2475
3848 2719
2513 1206
2819 2541
3206 2677
2302 1307
2650 2702
3420 3271
3288 2620
3191 2615
2516 1158
3366 2883
3185 2844
3343 2881
2429 925
3081 2477
3051 2607
2644 2541
3221 2655
2634 2695
2406 2538
3366 3056
3869 2744
2476 1172
2507 2897
3378 3035
2172 1612
3171 2604
3418 2980
3149 2685
3357 3448
2472 2578
3151 2588
3113 2577
2431 930
2938 2570
2695 2754
3431 3351
3217 2609
2346 1269
3464 3286
3530 3242
3361 3427
2867 2542
2196 1472
3405 2970
2391 2412
3043 2399
3543 3140
2349 2410
2406 1018
3201 2970
3446 3060
3166 2654
3264 2459
3348 3443
3055 2623
3393 2996
3391 3072
3099 2552
3577 3321
2578 2967
3272 2699
3292 2716
3075 2464
2483 2501
3401 3379
3220 2508
3193 2711
3162 2642
2491 2526
2676 2500
2360 1258
2414 2456
3357 3389
2497 2532
3505 3087
3234 2504
3384 3392
2531 1201
2520 1223
3471 3160
2536 2568
2460 1226
3082 2467
2286 1263
3157 2902
2418 1001
2392 1139
2537 2571
3257 2626
3037 2493
3311 2918
3258 2575
2406 2555
2361 2413
3193 2716
2520 2954
2579 2893
3159 2633
3405 3064
2998 2466
3536 3186
2915 2499
3520 3163
3229 2950
2648 2515
3112 2468
3125 2562
3221 2717
3248 2519
3234 2549
2682 2636
3478 3140
3323 2473
2645 2789
3134 2798
2643 2799
3397 3058
3469 3345
3519 3267
2582 2744
3391 3002
2673 2606
3401 2967
2679 2634
3173 2527
2451 977
3087 2446
3425 3413
3334 2472
3086 2533
3332 2416
3499 3162
2584 2555
3144 2855
3069 2424
2357 1009
3176 2545
3231 2972
2536 2918
3371 2397
2568 2557
3935 2766
3527 3174
2811 2551
3393 3104
3467 3158
3347 3386
3489 3132
3356 3395
3252 2508
3333 2944
2421 1050
3131 2799
2999 2564
2557 2978
3875 2723
3203 2729
3052 2606
3345 2965
3097 2481
2897 2551
3327 3357
3885 2719
2398 967
3419 3269
3247 2573
1966 2472
3563 3330
3404 3388
3367 2405
2908 2496
2571 2696
3307 3363
2653 2572
2449 1065
2725 2549
2492 2511
3147 2859
3368 2872
3540 3349
3307 3404
3019 2549
3054 2508
3481 3281
3479 3117
3170 2525
2979 2540
2589 2540
2329 2388
2579 2619
3533 3330
2624 2644
3338 3019
2249 1363
3367 2908
3188 2714
3262 2703
2245 1337
2599 2751
2197 1472
2395 1129
2687 2634
2506 2952
2352 1265
3171 2796
2420 976
3214 2654
2263 1343
2572 2939
2354 1014
2693 2747
2352 976
2422 932
3306 2735
2584 2631
3175 2730
2420 988
2411 2561
3178 2728
3258 2620
2569 2951
2589 2531
3168 2602
2174 1611
2599 2731
2514 2393
2916 2572
3866 2711
3926 2765
3228 2721
3347 2645
3479 3309
3337 2386
3257 2567
2646 2593
3427 3415
3027 2459
2456 1054
3256 2573
2389 2475
3368 3399
2545 2728
2741 2527
3189 2713
2398 1170
3123 2464
2384 2505
3160 2900
3362 2964
3096 2476
3157 2648
2636 2761
2578 2968
2636 2578
2192 1495
3146 2607
3402 2992
3522 3300
2291 1299
3282 2952
3422 3039
3799 2789
2905 2511
2649 2564
3222 2721
3372 2398
3206 2652
3905 2772
3044 2497
2591 2736
2357 1243
2444 1081
2575 2955
2423 1169
3239 2695
3097 2449
3573 3306
2566 2897
3300 2475
3433 3093
2519 1165
3160 2822
3399 3125
3388 3403
3261 2693
3260 2541
3243 2689
3327 3368
2462 2565
2571 2685
2557 2752
2636 2719
3016 2553
2892 2588
2480 970
3020 2480
2383 1213
2926 2573
3351 2889
3571 3158
2411 1139
3170 2709
2267 1338
2431 2556
3387 3081
3241 2512
3174 2794
2507 2483
3314 3393
3218 2526
3435 2983
2139 1666
3319 2946
2404 2560
3391 3120
3163 2704
2644 2690
3233 2504
2305 1264
3322 2627
3019 2522
2406 2537
3508 3283
2333 2407
2583 2622
3386 3382
2622 2795
3015 2450
3184 2710
3273 2696
2591 2544
2457 2580
2420 933
3289 2635
2694 2559
2511 2875
2823 2519
2637 2572
2821 2550
3286 2649
3359 2665
3159 2791
3480 3140
3182 2971
3209 2675
3214 2518
2903 2557
3312 2689
2999 2487
2713 2563
2530 1190
2648 2119
3051 2508
2632 2612
3170 2877
2383 2446
2396 2437
3800 2784
3803 2816
2672 2717
2435 1079
3196 2630
3064 2596
3291 2481
2894 2585
3102 2550
3481 3192
3332 2923
3876 2742
3016 2465
3311 3372
3335 3355
2285 1244
3343 3424
2365 2547
3070 2587
3524 3180
2609 2844
2595 2897
3362 2679
3150 2911
2187 1471
3377 2949
2417 1054
2417 1090
3156 2750
2560 2976
3381 2946
3505 3169
2700 2592
2706 2582
2568 2959
2400 1154
3358 2667
3538 3333
2315 1312
3289 2449
3516 3121
3407 2980
2366 2496
2430 944
2297 1241
2366 1258
3385 3081
2458 976
2667 2748
2501 2534
3159 2637
3952 2769
3802 2808
3213 2629
3332 2403
2134 1649
2423 1194
3376 3396
3350 3043
2431 1154
3081 2482
2513 1164
3166 2723
2320 1237
3448 3057
2603 2155
3043 2407
3442 3353
3287 2478
2525 2923
2650 2524
2475 963
2585 2594
2425 1149
3427 3036
3216 2667
2143 1627
2616 2634
2296 1240
3377 3095
2562 2967
3308 2460
3114 2488
2417 985
3138 2831
2621 2649
3176 2844
3532 3189
2708 2563
3345 3387
3145 2784
2367 2486
3235 2929
3217 2984
3050 2418
3284 2477
3092 2528
3190 2521
2579 2561
2278 1302
3526 3162
3204 2938
2487 1221
3355 2375
2634 2760
3504 3142
2643 2693
3534 3147
3375 3040
3357 3442
2647 2695
2481 2468
2807 2541
3339 3024
3087 2588
3420 3058
3325 2634
2595 2624
2581 2907
2575 2757
3534 3175
3517 3120
3300 2662
3066 2435
3464 3348
3023 2529
2453 957
2520 2876
3311 2420
3509 3145
2285 1321
3051 2512
3411 3398
3253 2558
3483 3319
3227 2700
2458 2582
2769 2515
3800 2821
2632 2657
2370 2544
2658 2119
2303 1326
2684 2584
2511 2489
2631 2653
3132 2800
3392 2970
2647 2577
3341 3420
2372 2434
3079 2551
2141 1660
3301 2724
3303 2663
3179 2909
2596 2700
2737 2563
3241 2628
2842 2525
2608 2751
2531 2727
2844 2530
3866 2712
2380 2550
2756 2518
3094 2620
3184 2970
3196 2699
3164 2700
2395 2578
2283 1278
2502 2932
2359 988
3357 3395
3555 3214
3073 2506
3250 2633
3879 2722
2430 1175
2571 2584
3371 2904
2461 1017
3179 2691
2379 1213
2515 2937
2368 1212
2583 2866
2798 2519
2477 1160
2491 2910
2169 1644
2176 1642
2335 2403
3261 2469
2444 931
2561 2746
2574 2935
2431 2569
2283 1295
2750 2515
3506 3194
2515 1179
2636 2592
3357 3385
2513 1178
2598 2591
3482 3287
2501 2591
2520 2964
3102 2464
3534 3307
3345 2983
2594 2699
2572 2734
3291 3383
3228 2956
3130 2675
2453 976
3307 3356
2578 2938
3366 3423
2458 1216
3555 3330
2839 2523
3141 2594
2330 1301
2631 2125
2625 2793
3399 3096
3155 2688
3434 3067
2335 2377
3181 2916
3366 2874
2480 2480
3921 2778
2411 1190
2495 2916
2725 2551
3424 3024
3178 2644
2365 968
2295 1276
2799 2545
2534 1192
2485 2485
3310 2419
3045 2398
3459 3375
3299 2619
2914 2499
3523 3308
2606 2766
3364 2428
2535 2566
3304 2742
2612 2725
2531 2881
2677 2744
2359 2531
2517 1210
2564 2750
3301 2657
3339 2927
1928 2368
3377 2889
3175 2911
2138 1632
2829 2535
2279 1318
2506 2954
3165 2847
3308 2462
2692 2552
2387 1266
3119 2490
3091 2554
3344 2943
3244 2557
3257 2501
3023 2484
3211 2943
3160 2746
3347 3024
3149 2587
2507 2554
2379 1255
3475 3095
3226 2601
2335 1254
3531 3132
3125 2807
3309 2696
3102 2620
2527 2888
3000 2467
3558 3324
3382 2926
2584 2971
2410 1034
3344 2646
2576 2943
3527 3153
3096 2519
2517 1164
2664 2603
3517 3168
2720 2554
3727 2859
2402 1121
3899 2780
3243 2930
2588 2733
2527 1146
2986 2534
2514 2678
3172 2712
2484 1170
3211 2619
2194 1488
3322 2688
2909 2569
3259 2948
3527 3276
3491 3113
3172 2892
3522 3178
3196 2608
2950 2572
3233 2626
2626 2601
2621 2841
3490 3310
2553 2723
2609 2144
2900 2552
2843 2521
3257 2950
3084 2477
3385 3035
2522 2682
3470 3329
3431 3383
2387 2416
2965 2564
3354 2382
2166 1532
2343 1258
3166 2828
2622 2131
2586 2754
3256 2958
3127 2563
2434 1061
2602 2781
2634 2651
2378 2484
2547 2941
3408 2971
3403 2980
3226 2643
3502 3133
3418 3265
3474 3329
2571 2583
3378 3034
3518 3161
3130 2469
2584 2757
3885 2767
3224 2703
3347 2942
2378 2531
2312 1320
3528 3261
2382 2502
2431 2570
2586 2743
3140 2787
2627 2682
3208 2675
2634 2803
3144 2613
2362 956
3079 2476
2487 2482
3897 2751
3372 3049
2506 2487
2897 2556
2581 2894
2622 2838
2459 2578
3350 3446
2197 1486
3223 2524
3172 2862
3901 2742
3040 2522
2432 923
2502 2927
2701 2720
3904 2764
3342 3036
3175 2787
2421 1198
2417 1104
2551 2552
2706 2555
3171 2641
2411 1140
2409 2449
2635 2648
2677 2719
2352 2414
2391 2481
2427 2557
2443 965
3209 2527
2586 2631
2713 2579
3334 2412
3193 2619
2577 2762
2620 2150
2632 2133
3409 3061
2433 2569
2436 1176
3168 2656
2630 2137
3468 3135
2478 964
2636 2571
2403 1133
2969 2550
3795 2818
3355 2651
2671 2620
3344 3442
3473 3338
2420 930
3419 3039
3535 3333
2909 2567
2653 2564
2429 1142
3266 2547
3041 2407
2482 2571
2512 2951
3407 3402
2826 2537
3423 3398
3273 2672
2424 1010
2544 1150
2595 2149
3584 3313
2504 2484
2339 2360
2393 2565
3441 3091
3075 2421
3900 2781
3331 3379
3436 3412
3489 3307
3528 3146
2390 2414
2290 1363
2343 2363
2536 2927
3529 3200
3478 3323
3244 2558
3070 2579
3248 2502
3126 2806
3513 3291
3147 2818
3332 3352
2686 2741
3197 2931
2293 1303
2750 2560
3524 3337
2387 1167
2533 1189
2496 2908
3363 2683
3571 3163
2596 2914
2310 1304
2520 2882
2440 1067
3350 2918
2757 2511
3209 2696
2592 2852
3361 2658
3322 2411
3535 3171
3170 2859
2327 2406
3073 2400
3071 2456
3874 2720
3393 3015
2371 997
2486 2513
3005 2567
3362 2935
2163 1574
2834 2522
3079 2425
2576 2970
3469 3112
2341 2407
3520 3159
3531 3151
3569 3338
2486 2597
2260 1343
2584 2704
3482 3307
3171 2709
2435 1174
2658 2565
2449 1212
3224 2657
3340 2423
2676 2757
3513 3117
2359 2534
2898 2508
3400 3067
3086 2589
2406 1154
3022 2466
2247 1335
2564 2970
3534 3226
3323 2704
3342 2984
2563 2734
3113 2491
2371 1203
3369 2368
3051 2511
2288 1362
2375 1203
2670 2706
2824 2541
3566 3149
3239 2933
2586 2587
2390 2550
2611 2615
2409 1200
2604 2824
2663 2714
2482 1181
3453 3082
3242 2676
3790 2779
2596 2752
3218 2587
2497 2502
2612 2621
3134 2700
2585 2703
3121 2625
2758 2537
2165 1435
2685 2723
2735 2542
3342 3393
2323 2388
3275 2479
2421 1081
3493 3145
3359 3435
3129 2799
3254 2507
2175 1610
3306 2749
3390 3092
3466 3096
3202 2704
3329 2431
2831 2545
3347 2386
2576 2601
2467 1146
3925 2758
3532 3331
2514 1224
1935 2387
2554 2929
2424 983
2319 1267
3314 2729
2603 2597
2130 1652
3108 2597
3166 2793
2966 2529
2320 2403
1936 2377
2309 1271
2161 1575
2351 1249
3292 2648
3198 2699
3127 2472
3361 2343
2524 1150
3419 2955
3365 2887
3053 2600
3507 3167
2576 2763
2319 1305
3785 2793
3381 2978
2482 1224
3092 2612
2357 1247
3389 3030
3423 3057
2327 1303
3558 3330
2390 1128
2356 961
2512 1211
2594 2724
3558 3143
2149 1677
3016 2450
2467 1055
2624 2815
2598 2709
2678 2496
3878 2716
3308 2745
2353 1243
3025 2466
2512 2491
2639 2764
3345 3354
3395 3060
3461 3346
2540 2572
2590 2854
2581 2756
3185 2858
3544 3209
3262 2924
3250 2520
2360 2497
3092 2445
2533 2723
3340 2977
2400 2427
2344 2381
2457 1234
2622 2835
2824 2540
3354 2641
2451 1049
3521 3309
2541 2491
2781 2510
3329 2696
2998 2486
2396 1202
2357 2535
3341 3438
3151 2812
2555 2568
3364 2659
2541 2903
2433 1209
3380 2968
2798 2532
2412 1003
3175 2908
3164 2699
2599 2720
2170 1564
2825 2530
2903 2505
2745 2524
3512 3262
2362 962
2509 2488
2622 2831
2500 2887
3502 3266
2813 2521
2307 1304
3243 2965
3162 2850
2585 2940
3138 2592
3407 3415
2381 1136
2447 1212
2376 2484
2610 2903
3089 2516
3526 3324
2621 2672
2539 1196
3326 2389
3177 2637
2400 2442
2368 2542
2607 2623
3075 2467
3410 3417
3281 2676
2366 2539
2963 2493
2377 2431
3129 2833
3143 2781
3358 2345
3372 3423
3311 3366
3132 2703
2648 2691
3271 2680
3365 3044
2575 2949
2833 2531
2592 2627
3016 2500
3180 2916
3497 3151
2398 992
3355 2671
2546 2725
2664 2504
2506 1204
3562 3162
2974 2513
3273 2676
2625 2695
3086 2446
3885 2721
2406 966
3009 2457
3163 2638
3234 2551
3340 2936
2426 1196
3479 3280
3335 2650
3246 2546
3523 3166
2482 969
3105 2524
2350 2367
3143 2601
3222 2966
3176 2505
3014 2507
3127 2474
2618 2844
2460 1020
3000 2468
3468 3334
3001 2469
3086 2502
3126 2467
3032 2518
3556 3147
2635 2577
2562 2734
2281 1309
2424 2574
2426 2570
3176 2878
3259 2570
3370 2349
2426 931
3391 2997
2396 2414
3517 3309
3320 2714
2515 1163
3521 3275
3085 2483
2422 1083
3168 2651
2411 964
2499 2494
2500 2494
2501 2494
2501 2493
2501 2492
3803 2798
2501 2491
2500 2491
3116 2824
2500 2490
2724 2557
2499 2490
2500 2489
3404 2984
3932 2768
2499 2489
2572 2557
3247 2605
3438 3350
2499 2488
2600 2629
3319 2470
3290 2637
2502 2491
2503 2491
2503 2490
2503 2489
2503 2488
2504 2488
2502 2488
2505 2488
2497 2495
2496 2495
2318 2402
2495 2495
2446 935
2494 2495
2415 1003
2493 2495
2494 2494
2895 2542
2492 2495
2493 2494
2304 1249
2475 2571
2491 2495
2492 2496
2493 2493
3305 2460
3110 2627
2297 1308
2490 2495
2491 2496
2491 2494
2542 2918
2493 2492
3317 2461
2321 1254
2489 2495
2490 2494
2649 2120
2489 2496
2488 2496
2487 2496
2488 2497
2487 2495
2488 2498
2486 2495
2487 2498
2488 2499
2485 2495
2477 1207
2486 2498
2488 2500
3555 3220
2485 2494
2486 2499
2489 2500
2651 2115
2678 2754
3116 2820
2485 2493
2490 2500
3355 2885
3541 3342
2485 2492
3480 3121
2484 2498
2486 2492
2485 2491
2600 2578
2484 2499
2485 2490
3226 2973
3391 3121
3194 2627
2486 2490
2569 2753
2509 2866
2486 2489
2435 936
3347 2639
3866 2741
2486 2488
2577 2939
2583 2540
3262 2528
2398 2549
2487 2488
2486 2487
3463 3090
2461 1223
2522 2566
2910 2491
3015 2573
3283 2636
2323 1270
3149 2780
2381 1162
2540 2574
2314 1256
3500 3188
3300 2672
3182 2927
2441 1078
3525 3338
3108 2627
2698 2711
3241 2957
2539 2572
2516 2482
2517 2482
2515 2482
2516 2481
2517 2481
2514 2482
2516 2480
2518 2481
2515 2480
2518 2480
2519 2480
2520 2480
2519 2479
2521 2480
2520 2479
2522 2480
2520 2478
2522 2481
2521 2478
2520 2477
2523 2481
2522 2478
2520 2476
2523 2478
2522 2477
2524 2478
2522 2476
2665 2598
2522 2475
3372 3059
2522 2474
3136 2827
2521 2474
3434 3040
2520 2474
2521 2473
2358 1257
3353 2988
2520 2473
3400 2987
2520 2472
3495 3117
2519 2472
3244 2692
2519 2471
2519 2470
2518 2470
2519 2469
2517 2470
2518 2469
2519 2468
2517 2471
2520 2468
2519 2467
2516 2471
2521 2468
2520 2467
2518 2467
2515 2471
2521 2467
2518 2466
2514 2471
2521 2466
2518 2465
2513 2471
2522 2466
2518 2464
2512 2471
2513 2472
2513 2470
2523 2466
2522 2465
2511 2471
2524 2466
2522 2464
2510 2471
2525 2466
2524 2467
2522 2463
2509 2471
2544 2483
2525 2465
2524 2468
2523 2463
2522 2462
2508 2471
2509 2472
2526 2465
2525 2464
2525 2468
2524 2469
2522 2461
2508 2472
2508 2470
2509 2473
2524 2464
2525 2463
3320 2408
2523 2469
2523 2461
2507 2472
2457 1229
2510 2473
2509 2474
2526 2463
3204 2644
3327 2385
3355 2975
2509 2475
2527 2463
2526 2462
2622 2845
3126 2710
2510 2475
2528 2463
2526 2461
3125 2709
3223 2642
3330 3383
2529 2463
2528 2464
2525 2461
2729 2585
2807 2519
2510 2477
2529 2462
2528 2465
2509 2477
2510 2478
2530 2462
2529 2465
2528 2466
2511 2478
2530 2461
2530 2465
2528 2467
2531 2461
2531 2465
2532 2465
2531 2466
2532 2464
2531 2467
2532 2467
2532 2468
2532 2469
2533 2469
2534 2469
2535 2469
2534 2470
2535 2470
2534 2471
2535 2471
2534 2472
2536 2471
2534 2473
2537 2471
2536 2472
2533 2473
2538 2471
2533 2474
2539 2471
2532 2474
2533 2475
2540 2471
2539 2472
2531 2474
2532 2475
2534 2475
2540 2470
2539 2473
2531 2475
2541 2470
2540 2469
2538 2473
2539 2474
2540 2468
2537 2473
2540 2474
2541 2468
2540 2467
2537 2474
2540 2475
2541 2467
3186 2605
2536 2474
2542 2467
3190 2702
2543 2467
3001 2565
2543 2468
2543 2466
2363 955
2544 2468
2543 2469
2544 2466
3358 2879
2544 2469
2542 2469
3439 3268
3381 3081
3205 2649
2524 1220
3072 2479
2524 1184
3339 2707
3383 2921
2617 2776
2393 1133
2592 2869
2896 2561
2540 2466
2540 2465
2540 2464
2540 2463
2541 2463
2542 2463
2542 2462
2543 2462
2544 2462
2543 2461
3324 2622
2544 2461
2543 2460
3515 3275
2543 2459
3015 2544
2542 2459
3351 2887
2282 1243
3320 3406
2546 2487
3377 2669
3244 2699
3239 2688
3238 2691
3292 2713
3223 2506
3221 2506
3224 2509
3376 2665
3293 2712
3242 2683
3233 2696
3238 2689
3234 2693
3213 2508
3375 2667
3238 2687
3373 2671
3215 2507
3211 2508
3221 2509
3222 2508
1929 2369
3377 2664
1929 2368
3240 2690
3242 2698
3235 2692
3237 2695
3253 2707
3374 2668
2640 2137
3229 2696
3217 2508
3219 2508
3192 2521
3296 2715
3292 2709
3186 2521
1927 2365
1928 2375
2525 1839
3345 3030
3186 2522
3341 3022
3230 2700
3232 2695
3390 3089
3391 3088
3392 3087
3297 2717
3241 2696
3250 2706
3346 3027
3370 2670
3372 2670
3303 2715
3373 2677
1931 2385
3396 3061
3219 2498
3395 3089
3397 3062
3402 3063
1930 2384
3403 3074
3393 3058
3397 3087
1930 2377
2655 2121
3305 2719
2641 2139
3343 3029
1932 2388
3391 3060
3344 3030
3371 2671
3228 2503
3371 2677
3390 3060
1932 2387
3373 2675
3216 2510
3197 2717
3224 2698
3341 3023
3390 3088
3133 2793
3392 3086
3393 3085
3189 2512
2546 2475
2547 2475
2548 2475
2547 2474
2549 2475
2547 2473
2549 2476
2549 2474
2548 2473
2550 2476
2548 2472
2551 2476
2550 2477
2549 2472
2552 2476
2551 2477
2549 2471
2553 2476
2552 2475
2550 2471
2549 2470
2554 2476
2553 2475
2550 2470
2555 2476
2554 2477
2550 2469
2556 2476
2555 2475
2554 2478
2557 2476
2555 2474
2555 2478
2554 2479
2556 2474
2555 2479
2553 2479
2557 2474
2555 2480
2553 2480
2558 2474
2557 2473
2555 2481
2552 2480
2559 2474
2557 2472
2554 2481
2555 2482
2551 2480
2560 2474
2559 2475
2557 2471
2556 2482
2555 2483
2561 2474
2560 2473
2556 2471
2557 2470
2556 2483
2562 2474
2561 2475
2561 2473
2556 2470
2558 2470
2563 2474
2562 2473
2561 2476
2559 2470
2558 2469
2564 2474
2563 2475
2563 2473
2562 2472
2561 2477
2560 2470
2564 2475
2561 2478
2561 2470
2564 2476
2561 2469
2565 2476
2561 2468
2565 2477
2561 2467
2566 2477
2562 2467
2561 2466
2567 2477
2563 2467
2562 2466
2560 2466
2568 2477
2567 2476
2564 2467
2559 2466
2560 2465
2569 2477
2568 2478
2565 2467
2558 2466
2560 2464
2570 2477
2568 2479
2557 2466
2558 2465
2560 2463
2571 2477
2567 2479
2568 2480
2556 2466
2557 2465
2560 2462
2572 2477
2571 2476
2566 2479
2568 2481
2555 2466
2556 2467
2560 2461
2573 2477
2572 2478
2565 2479
2560 2460
2565 2480
2559 2460
2560 2459
2565 2481
2558 2460
2560 2458
2566 2481
2565 2482
2557 2460
2558 2459
2565 2483
2556 2460
2564 2483
2565 2484
2555 2460
2556 2461
2556 2459
2563 2483
2565 2485
2555 2461
2555 2459
2562 2483
2566 2485
2564 2485
2565 2486
2554 2461
2555 2458
2562 2484
2567 2485
2566 2486
2565 2487
2553 2461
2555 2457
2561 2484
2567 2484
2555 2456
2561 2485
2568 2484
2567 2483
2555 2455
2561 2486
2554 2455
2561 2487
2553 2455
2554 2454
2560 2487
2561 2488
2553 2454
2554 2453
2562 2488
2552 2454
2554 2452
2563 2488
2562 2489
2551 2454
2550 2454
2549 2454
2548 2454
2547 2454
2546 2454
2547 2455
2545 2454
2544 2454
2543 2454
2544 2455
2542 2454
2543 2453
2544 2456
2541 2454
2545 2456
2543 2456
2540 2454
2543 2457
2539 2454
2540 2453
2538 2454
2539 2455
2540 2452
2537 2454
2538 2453
2540 2451
2536 2454
2537 2455
2538 2452
2540 2450
2536 2453
2537 2456
2540 2449
2541 2449
2539 2449
2542 2449
2538 2449
2539 2448
2543 2449
2537 2449
2539 2447
2543 2448
2537 2450
2543 2447
2536 2450
2536 2451
2535 2451
2534 2451
2534 2450
2534 2449
2534 2448
2533 2448
2534 2447
2534 2446
2533 2446
2534 2445
2533 2445
2535 2445
2532 2445
2533 2444
2536 2445
2531 2445
2533 2443
2537 2445
2536 2446
2530 2445
2537 2444
2530 2444
2538 2444
2529 2444
2539 2444
2528 2444
2539 2445
2539 2443
2528 2445
2528 2443
2540 2445
2539 2442
2528 2446
2540 2446
2538 2442
2528 2447
2538 2441
2527 2447
2538 2440
2527 2448
2539 2440
2537 2440
2526 2448
2540 2440
2537 2439
2526 2449
2541 2440
2537 2438
2542 2440
2541 2441
2537 2437
2538 2437
2537 2436
2539 2437
2536 2436
2537 2435
2539 2438
2539 2436
2540 2438
2540 2436
2539 2435
2541 2438
2540 2435
2542 2438
2540 2434
2540 2433
2540 2432
2541 2432
2540 2431
2542 2432
2539 2431
2540 2430
2542 2431
2538 2431
2540 2429
2543 2431
2537 2431
2541 2429
2540 2428
2544 2431
2536 2431
2542 2429
2539 2428
2544 2432
2535 2431
2539 2427
2545 2432
2544 2433
2534 2431
2535 2432
2538 2427
2546 2432
2533 2431
2534 2432
2537 2427
2546 2433
2546 2431
2533 2432
2534 2433
2536 2427
2537 2426
2547 2433
2546 2430
2533 2433
2537 2425
2548 2433
2547 2430
2546 2429
2533 2434
2538 2425
2549 2433
2548 2432
2547 2429
2545 2429
2539 2425
2550 2433
2548 2429
2547 2428
2551 2433
2548 2428
2547 2427
2552 2433
2549 2428
2546 2427
2553 2433
2552 2432
2550 2428
2545 2427
2546 2426
2554 2433
2552 2431
2546 2425
2553 2431
2546 2424
2554 2431
2547 2424
2555 2431
2547 2423
2556 2431
2547 2422
2556 2432
2546 2422
2547 2421
2557 2432
2556 2433
2545 2422
2548 2421
2558 2432
2557 2433
2556 2434
2549 2421
2559 2432
2557 2434
2556 2435
2549 2420
2560 2432
2559 2433
2556 2436
2550 2420
2561 2432
2560 2433
2560 2431
2559 2434
2555 2436
2556 2437
2551 2420
2562 2432
2557 2437
2552 2420
2551 2421
2551 2419
2563 2432
2562 2433
2551 2422
2551 2418
2563 2433
2552 2422
2551 2417
2564 2433
2552 2417
2550 2417
2564 2434
2552 2416
2549 2417
2565 2434
2564 2435
2553 2416
2549 2418
2549 2416
2566 2434
2564 2436
2554 2416
2553 2415
2548 2418
2549 2415
2567 2434
2566 2433
2564 2437
2555 2416
2550 2415
2548 2415
2549 2414
2568 2434
2567 2433
2565 2437
2563 2437
2556 2416
2555 2417
2551 2415
2548 2414
2549 2413
2568 2435
2567 2432
2566 2437
2565 2438
2562 2437
2563 2438
2556 2417
2550 2413
2549 2412
2569 2435
2568 2432
2561 2437
2551 2413
2549 2411
2569 2432
2560 2437
2561 2438
2552 2413
2550 2411
2548 2411
2570 2432
2569 2431
2559 2437
2551 2411
2550 2410
2547 2411
2571 2432
2569 2430
2559 2438
2551 2410
2550 2409
2547 2410
2571 2433
2570 2430
2568 2430
2559 2439
2550 2408
2546 2410
2547 2409
2572 2433
2571 2434
2570 2429
2567 2430
2560 2439
2558 2439
2551 2408
2550 2407
2545 2410
2546 2409
2548 2409
2573 2433
2572 2434
2570 2428
2566 2430
2558 2440
2552 2408
2550 2406
2544 2410
2545 2411
2548 2408
2573 2434
2572 2435
2569 2428
2570 2427
2557 2440
2552 2409
2550 2405
2544 2411
2545 2412
2574 2434
2573 2435
2568 2428
2569 2427
2557 2441
2551 2405
2549 2405
2544 2412
2575 2434
2574 2435
2567 2428
2568 2427
2569 2426
2556 2441
2548 2405
2576 2434
2575 2435
2575 2433
2566 2428
2569 2425
2547 2405
2548 2404
2575 2436
2575 2432
2570 2425
2569 2424
2546 2405
2548 2403
2576 2436
2576 2432
2574 2432
2571 2425
2569 2423
2548 2402
2577 2436
2577 2432
2576 2431
2571 2426
2570 2423
2569 2422
2547 2402
2548 2401
2577 2437
2578 2432
2577 2431
2572 2426
2571 2423
2569 2421
2546 2402
2549 2401
2548 2400
2578 2437
2577 2438
2579 2432
2573 2426
2546 2403
2550 2401
2577 2439
2580 2432
2573 2427
2551 2401
2578 2439
2580 2431
2573 2428
2551 2400
2579 2439
2580 2430
2551 2399
2580 2439
2579 2440
2579 2438
2581 2430
2580 2429
2551 2398
2581 2439
2579 2441
2582 2430
2580 2428
2551 2397
2581 2438
2583 2430
2579 2428
2580 2427
2551 2396
2582 2438
2584 2430
2579 2427
2552 2396
2550 2396
2583 2438
2584 2431
2584 2429
2578 2427
2553 2396
2549 2396
2584 2438
2578 2426
2553 2397
2549 2397
2549 2395
2554 2397
2548 2395
2549 2394
2554 2398
2547 2395
2549 2393
2555 2398
2546 2395
2548 2393
2549 2392
2556 2398
2545 2395
2550 2392
2549 2391
2545 2394
2550 2391
2548 2391
2549 2390
2544 2394
2550 2390
2547 2391
2549 2389
2543 2394
2551 2390
2546 2391
2549 2388
2542 2394
2551 2389
2546 2390
2541 2394
2542 2395
2551 2388
2546 2389
2552 2388
2551 2387
2547 2389
2545 2389
2553 2388
2552 2387
2551 2386
2547 2388
2545 2388
2552 2386
2551 2385
2547 2387
2544 2388
2552 2385
2551 2384
2547 2386
2543 2388
2553 2385
2550 2384
2548 2386
2542 2388
2553 2384
2550 2383
2549 2386
2541 2388
2542 2389
2542 2387
2554 2384
2550 2382
2549 2385
2540 2388
2542 2386
2555 2384
2554 2383
2540 2387
2555 2385
2555 2383
2554 2382
2539 2387
2540 2386
2555 2382
2553 2382
2538 2387
2540 2385
2556 2382
2552 2382
2538 2388
2539 2385
2540 2384
2557 2382
2537 2388
2538 2389
2538 2385
2540 2383
2557 2381
2536 2388
2539 2389
2538 2390
2541 2383
2558 2381
2535 2388
2536 2389
2537 2390
2538 2391
2541 2382
2558 2380
2534 2388
2535 2387
2537 2391
2542 2382
2541 2381
2559 2380
2534 2389
2535 2386
2536 2391
2541 2380
2560 2380
2559 2379
2534 2390
2536 2386
2535 2385
2541 2379
2560 2381
2559 2378
2534 2385
2540 2379
2561 2381
2560 2382
2559 2377
2534 2384
2539 2379
2540 2378
2561 2382
2559 2382
2558 2377
2533 2384
2539 2378
2562 2382
2561 2383
2558 2376
2533 2383
2538 2378
2539 2377
2563 2382
2558 2375
2533 2382
2539 2376
2564 2382
2557 2375
2533 2381
2540 2376
2538 2376
2564 2383
2564 2381
2556 2375
2557 2374
2532 2381
2541 2376
2537 2376
2565 2383
2564 2380
2555 2375
2531 2381
2541 2377
2541 2375
2537 2377
2537 2375
2566 2383
2565 2384
2564 2379
2555 2376
2542 2377
2542 2375
2536 2377
2537 2374
2567 2383
2566 2382
2565 2385
2563 2379
2564 2378
2555 2377
2543 2375
2542 2374
2536 2378
2538 2374
2536 2374
2568 2383
2567 2384
2566 2385
2564 2385
2565 2378
2554 2377
2555 2378
2543 2376
2542 2373
2535 2378
2538 2373
2535 2374
2568 2382
2566 2386
2565 2377
2553 2377
2554 2378
2541 2373
2542 2372
2534 2378
2534 2374
2535 2373
2569 2382
2568 2381
2566 2387
2566 2377
2552 2377
2541 2372
2542 2371
2534 2373
2569 2381
2566 2388
2566 2376
2551 2377
2552 2376
2540 2372
2542 2370
2533 2373
2534 2372
2570 2381
2567 2388
2566 2389
2566 2375
2550 2377
2551 2378
2552 2375
2539 2372
2542 2369
2532 2373
2534 2371
2571 2381
2566 2390
2566 2374
2551 2379
2551 2375
2552 2374
2541 2369
2542 2368
2531 2373
2532 2374
2535 2371
2533 2371
2572 2381
2571 2382
2566 2391
2566 2373
2552 2379
2551 2380
2550 2375
2553 2374
2552 2373
2540 2369
2543 2368
2542 2367
2533 2370
2573 2381
2571 2383
2567 2391
2565 2391
2566 2392
2565 2373
2566 2372
2549 2375
2551 2373
2552 2372
2544 2368
2541 2367
2542 2366
2532 2370
2574 2381
2573 2380
2571 2384
2567 2392
2564 2391
2565 2392
2564 2373
2548 2375
2549 2376
2549 2374
2550 2373
2545 2368
2544 2369
2540 2367
2542 2365
2531 2370
2532 2369
2575 2381
2573 2379
2572 2384
2570 2384
2563 2391
2565 2393
2564 2372
2548 2374
2546 2368
2545 2369
2539 2367
2543 2365
2532 2368
2576 2381
2573 2378
2573 2384
2572 2385
2569 2384
2570 2385
2562 2391
2564 2371
2548 2373
2547 2368
2546 2369
2546 2367
2539 2366
2543 2364
2532 2367
2577 2381
2576 2380
2570 2386
2561 2391
2547 2373
2547 2367
2546 2366
2544 2364
2533 2367
2531 2367
2577 2382
2577 2380
2576 2379
2560 2391
2546 2365
2534 2367
2533 2366
2531 2366
2577 2383
2578 2380
2576 2378
2560 2392
2560 2390
2545 2365
2546 2364
2535 2367
2531 2365
2578 2383
2579 2380
2576 2377
2560 2393
2559 2390
2546 2363
2536 2367
2530 2365
2578 2384
2580 2380
2559 2393
2558 2390
2545 2363
2546 2362
2537 2367
2529 2365
2530 2364
2579 2384
2581 2380
2558 2393
2559 2394
2545 2362
2547 2362
2537 2368
2528 2365
2529 2364
2580 2384
2579 2385
2582 2380
2557 2393
2559 2395
2547 2361
2537 2369
2527 2365
2528 2366
2528 2364
2582 2379
2558 2395
2559 2396
2547 2360
2538 2369
2528 2367
2528 2363
2583 2379
2582 2378
2557 2395
2558 2396
2560 2396
2548 2360
2547 2359
2538 2370
2529 2367
2527 2363
2584 2379
2556 2395
2561 2396
2560 2397
2549 2360
2546 2359
2547 2358
2538 2371
2527 2362
2585 2379
2584 2378
2555 2395
2561 2395
2549 2359
2545 2359
2546 2358
2548 2358
2537 2371
2526 2362
2527 2361
2586 2379
2562 2395
2550 2359
2549 2358
2544 2359
2546 2357
2525 2362
2586 2380
2563 2395
2543 2359
2545 2357
2546 2356
2524 2362
2525 2363
2587 2380
2564 2395
2563 2394
2542 2359
2543 2358
2546 2355
2523 2362
2524 2361
2588 2380
2564 2396
2541 2359
2542 2360
2543 2357
2522 2362
2524 2360
2564 2397
2541 2360
2543 2356
2521 2362
2523 2360
2565 2397
2563 2397
2564 2398
2542 2356
2543 2355
2520 2362
2523 2359
2566 2397
2562 2397
2563 2398
2564 2399
2541 2356
2544 2355
2519 2362
2522 2359
2562 2398
2565 2399
2564 2400
2540 2356
2544 2354
2518 2362
2519 2363
2521 2359
2522 2358
2562 2399
2566 2399
2563 2400
2564 2401
2540 2357
2540 2355
2545 2354
2518 2361
2519 2364
2165 1387
2522 2357
2562 2400
2564 2402
2540 2354
2517 2361
2518 2364
2522 2356
2562 2401
2565 2402
2563 2402
2564 2403
2541 2354
2517 2364
2518 2365
2522 2355
2562 2402
2565 2403
2541 2353
2516 2364
2518 2366
2561 2402
2565 2404
2541 2352
2515 2364
2516 2363
2519 2366
2517 2366
2560 2402
2565 2405
2541 2351
2515 2363
2520 2366
2516 2366
2559 2402
2560 2403
2566 2405
2564 2405
2541 2350
2514 2363
2515 2362
2521 2366
2520 2367
2516 2367
2560 2404
2567 2405
2563 2405
2541 2349
2522 2366
2521 2367
2520 2368
2515 2367
2561 2404
2568 2405
2567 2406
2563 2406
2540 2349
2521 2368
2569 2405
2562 2406
2539 2349
2540 2348
2521 2369
2569 2406
2561 2406
2562 2407
2538 2349
2540 2347
2522 2369
2569 2407
2562 2408
2537 2349
2541 2347
2539 2347
2523 2369
2569 2408
2537 2348
2541 2346
2523 2370
2523 2368
2570 2408
2568 2408
2536 2348
2537 2347
2542 2346
2541 2345
2523 2371
2571 2408
2568 2409
2535 2348
2542 2345
2540 2345
2522 2371
2523 2372
2572 2408
2571 2409
2535 2349
2535 2347
2542 2344
2524 2372
2573 2408
2571 2410
2535 2350
2534 2347
2542 2343
2525 2372
2524 2373
2572 2410
2535 2351
2533 2347
2543 2343
2524 2374
2534 2351
2535 2352
2532 2347
2525 2374
2523 2374
2533 2351
2531 2347
2532 2348
2526 2374
2525 2375
2533 2352
2531 2348
2532 2349
2525 2376
2533 2353
2532 2350
2526 2376
2534 2353
2533 2354
2526 2377
2534 2354
2532 2354
2526 2378
2534 2355
2531 2354
2527 2378
2525 2378
2526 2379
2531 2355
2528 2378
2526 2380
2529 2378
2528 2379
2525 2380
2529 2377
2528 2380
2524 2380
2530 2377
2529 2376
2524 2381
2523 2381
2522 2381
2521 2381
2522 2382
2522 2380
2520 2381
2521 2380
2519 2381
2520 2380
2519 2382
2520 2379
2518 2382
2519 2379
2517 2382
2518 2383
2518 2379
2519 2378
2516 2382
2518 2384
2517 2379
2519 2377
2516 2381
2517 2384
2518 2377
2519 2376
2516 2380
2516 2384
2517 2385
2518 2376
2515 2380
2515 2384
2514 2380
2515 2385
2513 2380
2514 2385
2515 2386
2512 2380
2513 2385
2514 2386
2511 2380
2513 2386
2511 2381
2512 2386
2513 2387
2510 2381
2511 2386
2513 2388
2509 2381
2510 2382
2511 2387
2513 2389
2508 2381
2511 2388
2511 2389
2510 2389
2511 2390
2509 2389
2512 2390
3572 3329
2509 2388
3216 2723
2285 1323
2508 2388
2509 2390
2508 2390
2509 2391
2507 2390
2509 2392
2510 2392
2563 2898
2511 2392
2564 2898
2512 2392
2565 2898
2565 2897
2513 2392
2512 2393
2508 2392
2507 2392
2506 2392
2507 2393
2507 2394
2508 2394
2507 2395
2509 2394
2507 2396
2507 2397
2506 2397
2507 2398
2507 2399
2508 2399
2506 2399
2508 2400
2506 2400
2508 2401
2505 2400
2507 2401
2508 2402
2509 2402
2510 2402
2511 2402
2510 2403
2510 2404
2511 2404
2510 2405
2512 2404
2511 2405
2509 2405
2509 2406
2508 2406
2509 2407
2507 2406
2509 2408
2506 2406
2509 2409
2506 2407
2505 2407
2506 2408
2504 2407
2506 2409
2503 2407
2506 2410
2502 2407
2505 2410
2502 2406
2505 2411
2505 2412
2506 2412
2504 2412
2505 2413
2503 2412
2505 2414
2503 2413
2503 2411
2506 2414
2505 2415
2503 2414
2502 2411
2507 2414
2505 2416
2501 2411
2506 2416
2500 2411
2506 2417
2500 2412
2500 2410
2506 2418
2500 2413
2499 2410
2501 2413
2499 2413
2498 2410
2499 2409
2499 2414
2497 2410
2498 2409
2498 2414
2496 2410
2497 2411
2498 2408
2495 2410
2497 2412
2494 2410
2495 2409
2494 2411
2495 2408
2494 2412
2495 2407
2494 2413
2494 2407
2493 2413
2494 2406
2492 2413
2494 2405
2491 2413
2492 2412
2495 2405
2493 2405
2494 2404
2490 2413
2491 2412
2492 2405
2489 2413
2490 2414
2491 2411
2492 2404
2488 2413
2490 2415
2491 2410
2492 2403
2487 2413
2488 2414
2490 2416
2490 2410
2491 2403
2487 2414
2488 2415
2491 2416
2489 2416
2490 2409
2491 2402
2486 2414
2492 2416
2491 2417
2489 2409
2491 2401
2486 2415
2491 2418
2489 2408
2490 2401
2486 2416
2491 2419
2488 2408
2489 2401
2485 2416
2486 2417
2490 2419
2491 2420
2489 2402
2489 2400
2485 2417
2487 2417
2490 2420
2492 2420
2491 2421
2488 2402
2489 2399
2484 2417
2489 2420
2491 2422
2488 2403
2488 2399
2489 2398
2483 2417
2488 2420
2489 2421
2487 2403
2488 2398
2489 2397
2483 2418
2488 2421
2488 2419
2489 2422
2486 2403
2487 2404
2487 2398
2490 2397
2489 2396
2483 2419
2488 2422
2487 2405
2486 2398
2484 2419
2483 2420
2488 2423
2488 2405
2486 2405
2486 2399
2486 2397
2485 2419
2483 2421
2488 2424
2485 2405
2485 2399
2484 2421
2483 2422
2488 2425
2485 2406
2485 2404
2484 2399
2484 2422
2483 2423
2488 2426
2485 2407
2483 2399
2484 2423
2482 2423
2489 2426
2488 2427
2483 2398
2484 2424
2481 2423
2488 2428
2482 2398
2480 2423
2481 2422
2488 2429
2482 2397
2480 2424
2488 2430
2482 2396
2487 2430
2488 2431
2483 2396
2482 2395
2481 2395
2482 2394
2480 2395
2481 2394
2483 2394
2482 2393
2479 2395
2484 2394
2482 2392
2479 2394
2485 2394
2484 2395
2484 2393
2483 2392
2482 2391
2478 2394
2479 2393
2484 2392
2482 2390
2479 2392
2484 2391
2478 2392
2485 2391
2477 2392
2477 2393
2477 2391
2476 2393
2476 2391
2475 2393
2475 2391
2474 2391
2475 2390
2473 2391
2474 2390
2472 2391
2472 2392
2472 2390
2471 2392
2472 2389
2471 2393
2472 2388
2470 2393
2471 2394
2473 2388
2469 2393
2471 2395
2473 2387
2468 2393
2469 2392
2472 2395
2473 2386
2467 2393
2474 2386
2466 2393
2465 2393
2466 2392
2464 2393
2464 2394
2464 2392
2464 2395
2465 2395
2463 2395
2466 2395
2462 2395
2467 2395
2461 2395
2468 2395
2461 2394
2468 2396
2460 2394
2461 2393
2468 2397
2462 2393
2461 2392
2467 2397
2468 2398
2460 2392
2461 2391
2467 2398
2468 2399
2460 2391
2466 2398
2468 2400
2459 2391
2460 2390
2469 2400
2467 2400
2468 2401
2458 2391
2466 2400
2458 2392
2458 2390
2465 2400
2457 2392
2457 2390
2465 2401
2465 2399
2456 2392
2457 2393
2457 2389
2464 2401
2465 2402
2456 2393
2456 2391
2457 2388
2463 2401
2465 2403
2455 2393
2457 2387
2465 2404
2454 2393
2458 2387
2465 2405
2453 2393
2454 2394
2459 2387
2466 2405
2464 2405
2453 2392
2454 2395
2460 2387
2466 2406
2463 2405
2452 2392
2453 2395
2461 2387
2460 2386
2467 2406
2466 2407
2462 2405
2463 2404
2451 2392
2452 2391
2453 2396
2462 2387
2461 2386
2468 2406
2465 2407
2466 2408
2462 2406
2451 2393
2452 2390
2452 2396
2453 2397
2463 2387
2462 2386
2461 2385
2469 2406
2464 2407
2465 2408
2466 2409
2461 2406
2462 2407
2452 2389
2451 2396
2454 2397
2453 2398
2463 2388
2463 2386
2462 2385
2470 2406
2469 2405
2463 2407
2467 2409
2460 2406
2451 2389
2450 2396
2454 2398
2464 2388
2462 2384
2471 2406
2469 2404
2467 2410
2459 2406
2450 2389
2451 2388
2450 2395
2465 2388
2467 2411
2458 2406
2459 2405
2449 2389
2451 2387
2449 2395
2465 2387
2468 2411
2466 2411
2457 2406
2449 2390
2449 2388
2449 2394
2466 2387
2469 2411
2465 2411
2456 2406
2448 2390
2449 2391
2449 2387
2448 2394
2467 2387
2470 2411
2469 2412
2465 2412
2447 2390
2448 2387
2468 2387
2470 2410
2469 2413
2464 2412
2446 2390
2448 2386
2469 2387
2471 2410
2470 2413
2463 2412
2464 2413
2446 2391
2446 2389
2447 2386
2469 2386
2472 2410
2471 2409
2471 2413
2470 2414
2462 2412
2464 2414
2446 2392
2446 2388
2446 2386
2469 2385
2473 2410
2472 2411
2472 2409
2472 2413
2470 2415
2462 2411
2463 2414
2464 2415
2447 2392
2445 2392
2445 2388
2446 2385
2469 2384
2474 2410
2472 2408
2473 2413
2471 2415
2470 2416
2465 2415
2464 2416
2445 2385
2468 2384
2469 2383
2474 2411
2473 2408
2472 2415
2469 2416
2463 2416
2464 2417
2444 2385
2445 2384
2467 2384
2470 2383
2469 2382
2474 2408
2473 2415
2468 2416
2462 2416
2465 2417
2444 2386
2466 2384
2471 2383
2475 2408
2474 2407
2474 2415
2468 2417
2462 2415
2466 2417
2443 2386
2472 2383
2471 2384
2471 2382
2476 2408
2475 2407
2468 2418
2461 2415
2466 2418
2442 2386
2473 2383
2477 2408
2460 2415
2466 2419
2442 2385
2474 2383
2473 2382
2477 2407
2459 2415
2460 2414
2466 2420
2441 2385
2474 2384
2473 2381
2478 2407
2477 2406
2459 2416
2440 2385
2441 2384
2474 2381
2478 2406
2458 2416
2459 2417
2439 2385
2440 2384
2441 2383
2460 2417
2459 2418
2438 2385
2442 2383
2461 2417
2459 2419
2438 2386
2438 2384
2458 2419
2437 2386
2457 2419
2436 2386
2456 2419
2435 2386
2456 2420
2456 2418
2435 2385
2456 2421
2434 2385
2456 2422
2433 2385
2434 2384
2456 2423
2433 2386
2433 2384
2434 2383
2455 2423
2434 2382
2454 2423
2435 2382
2434 2381
2453 2423
2454 2422
2435 2381
2433 2381
2453 2422
2435 2380
2435 2379
2436 2379
2434 2379
2435 2378
2437 2379
2435 2377
2438 2379
2436 2377
2435 2376
2439 2379
2438 2378
2434 2376
2435 2375
2440 2379
2433 2376
2435 2374
2433 2375
2435 2373
2432 2375
2436 2373
2431 2375
2436 2372
2430 2375
2431 2376
2430 2374
2431 2377
2430 2373
2430 2377
2430 2372
2429 2377
2431 2372
2428 2377
2429 2378
2432 2372
2431 2371
2428 2378
2428 2376
2429 2379
2432 2373
2432 2371
2427 2376
2433 2371
2426 2376
2427 2375
2434 2371
2433 2370
2425 2376
2433 2369
2425 2377
2425 2375
2433 2368
2425 2378
2425 2374
2434 2368
2425 2379
2424 2374
2425 2373
2434 2367
2424 2379
2425 2380
2423 2374
2426 2373
2425 2372
2435 2367
2423 2379
2427 2373
2422 2379
2423 2380
2421 2379
2422 2380
2423 2381
2420 2379
2422 2381
2423 2382
2419 2379
2420 2380
2421 2381
2423 2383
2418 2379
2419 2378
2424 2383
2423 2384
2417 2379
2418 2380
2419 2377
2425 2383
2422 2384
2423 2385
2417 2380
2421 2384
2422 2385
2424 2385
2417 2381
2421 2385
2422 2386
2425 2385
2416 2381
2417 2382
2422 2387
2426 2385
2415 2381
2417 2383
2421 2387
2422 2388
2427 2385
2417 2384
2422 2389
2428 2385
2416 2384
2423 2389
2422 2390
2428 2386
2428 2384
2415 2384
2424 2389
2422 2391
2428 2387
2429 2384
2414 2384
2425 2389
2423 2391
2421 2391
2428 2388
2413 2384
2414 2385
2426 2389
2425 2390
2421 2392
2429 2388
2427 2388
2412 2384
2427 2389
2426 2390
2421 2393
2430 2388
2411 2384
2420 2393
2431 2388
2411 2385
2411 2383
2420 2394
2432 2388
2431 2389
2411 2386
2411 2382
2419 2394
2420 2395
2432 2389
2410 2386
2412 2382
2418 2394
2421 2395
2420 2396
2432 2390
2409 2386
2413 2382
2412 2381
2417 2394
2418 2395
2420 2397
2432 2391
2408 2386
2414 2382
2413 2381
2412 2380
2416 2394
2417 2395
2417 2393
2419 2397
2420 2398
2433 2391
2431 2391
2407 2386
2413 2380
2417 2396
2418 2397
2420 2399
2434 2391
2406 2386
2416 2396
2421 2399
2419 2399
2405 2386
2406 2387
2422 2399
2418 2399
2419 2400
2404 2386
2406 2388
2423 2399
2418 2400
2419 2401
2403 2386
2404 2387
2423 2398
2417 2400
2402 2386
2403 2385
2404 2388
2423 2397
2417 2401
2401 2386
2403 2388
2423 2396
2417 2402
2400 2386
2401 2385
2402 2388
2403 2389
2418 2402
2400 2385
2401 2388
2403 2390
2399 2385
2400 2388
2401 2389
2402 2390
2403 2391
2398 2385
2404 2391
2403 2392
2397 2385
2404 2392
2402 2392
2396 2385
2397 2384
2405 2392
2401 2392
2396 2386
2406 2392
2400 2392
2396 2387
2406 2393
2406 2391
2400 2393
2400 2391
2395 2387
2406 2394
2407 2391
2394 2387
2405 2394
2408 2391
2394 2386
2405 2395
2393 2386
2405 2396
2392 2386
2405 2397
2392 2385
2405 2398
2392 2384
2405 2399
2393 2384
2404 2399
2405 2400
2394 2384
2393 2383
2403 2399
2404 2400
2406 2400
2393 2382
2402 2399
2407 2400
2406 2401
2394 2382
2402 2400
2408 2400
2394 2381
2401 2400
2408 2401
2408 2399
2394 2380
2401 2401
2409 2401
2408 2402
2409 2399
2408 2398
2395 2380
2393 2380
2410 2401
2407 2402
2408 2403
2697 2155
2396 2380
2392 2380
2393 2379
2410 2402
2408 2404
2392 2381
2392 2379
2411 2402
2410 2403
2407 2404
2391 2381
2392 2378
2412 2402
2410 2404
2406 2404
2390 2381
2392 2377
2413 2402
2412 2403
2410 2405
2406 2405
2406 2403
2389 2381
2392 2376
2413 2401
2411 2405
2405 2405
2388 2381
2389 2382
2393 2376
2392 2375
2404 2405
2388 2380
2389 2383
2392 2374
2403 2405
2404 2406
2404 2404
2388 2379
2390 2383
2388 2383
2391 2374
2392 2373
2402 2405
2404 2407
2388 2378
2391 2383
2390 2374
2393 2373
2392 2372
2402 2406
2403 2407
2387 2378
2389 2374
2394 2373
2403 2408
2386 2378
2389 2375
2389 2373
2395 2373
2394 2372
2402 2408
2403 2409
2386 2379
2389 2376
2388 2373
2389 2372
2394 2371
2401 2408
2402 2409
2403 2410
2385 2379
2386 2380
2387 2373
2395 2371
2393 2371
2394 2370
2400 2408
2404 2410
2386 2381
2386 2373
2387 2374
2396 2371
2393 2370
2400 2407
2405 2410
2404 2411
2386 2382
2385 2373
2396 2372
2392 2370
2393 2369
2405 2409
2404 2412
2385 2382
2384 2373
2385 2374
2397 2372
2403 2412
2404 2413
2384 2382
2383 2373
2385 2375
2404 2414
2384 2383
2382 2373
2405 2414
2404 2415
2384 2384
2382 2374
2406 2414
2403 2415
2404 2416
2385 2384
2383 2384
2382 2375
2407 2414
2406 2413
2402 2415
2403 2416
2385 2385
2382 2384
2383 2385
2381 2375
2407 2415
2401 2415
2403 2417
2385 2386
2382 2383
2380 2375
2407 2416
3662 3054
2382 2382
2379 2375
2407 2417
3480 3003
2381 2382
2379 2376
3476 3020
2379 2377
3476 3022
3664 3055
3661 3054
2378 2377
3481 3021
3481 3003
3480 3004
2378 2378
3664 3056
3660 3054
2378 2379
3476 3021
3480 3021
3477 3010
2377 2379
3481 3004
3664 3057
2376 2379
3659 3054
3660 3053
2375 2379
3477 3021
3479 3021
3477 3009
3481 3005
2374 2379
2375 2378
3478 3021
3663 3057
3664 3058
2375 2377
3658 3054
3659 3053
3479 3020
2375 2376
3479 3016
3480 3017
3477 3008
2374 2376
2375 2375
3482 3005
3665 3058
3657 3054
3659 3052
3478 3020
2373 2376
2375 2374
3479 3017
3477 3007
3482 3006
3472 3021
3665 3059
3656 3054
2373 2377
2376 2374
2375 2373
3471 3020
3478 3019
3479 3018
3479 3006
3478 3007
2372 2377
2374 2373
2375 2372
3666 3059
3655 3054
3656 3055
2372 2378
2373 2373
2376 2372
2375 2371
3656 3053
3482 3007
3472 3020
2372 2379
2373 2372
2375 2370
3478 3018
3480 3006
2372 2380
2374 2370
2375 2369
3479 3007
3481 3007
2373 2380
2371 2380
2372 2381
2375 2368
3482 3008
3667 3059
2370 2380
2372 2382
2375 2367
3654 3054
3656 3052
2370 2379
2371 2382
2372 2383
2375 2366
3483 3011
3483 3015
3472 3019
2370 2378
2371 2383
2373 2383
2375 2365
3477 3016
3668 3059
3667 3058
3654 3053
2369 2378
2370 2377
2370 2383
2371 2384
2373 2384
2376 2365
2374 2365
3656 3051
3477 3018
3480 3007
3481 3008
3668 3060
2370 2376
2369 2383
2373 2385
2377 2365
2373 2365
2374 2364
3653 3053
3657 3051
3482 3011
3483 3012
2370 2375
2368 2383
2369 2384
2373 2386
2374 2363
3482 3015
3472 3018
3652 3053
3653 3052
3476 3016
3476 3018
2370 2374
2368 2382
2373 2387
2374 2362
3480 3008
3651 3053
3652 3052
3482 3012
2370 2373
2368 2381
2374 2387
2374 2361
3482 3014
3472 3017
3475 3018
3476 3017
2369 2373
2367 2381
2374 2388
2375 2361
2373 2361
3650 3053
3651 3054
3652 3051
2369 2372
2366 2381
2375 2388
2374 2389
2376 2361
2375 2360
2372 2361
3480 3009
3482 3013
3474 3018
3473 3017
2365 2381
2366 2382
2366 2380
2376 2388
2374 2390
2376 2362
2375 2359
2371 2361
2372 2362
2372 2360
3475 3017
3650 3054
3650 3052
2365 2380
2366 2383
2377 2388
2376 2389
2375 2390
2377 2362
2374 2359
2375 2358
2371 2362
2371 2360
3651 3051
3480 3010
3481 3013
3474 3017
2365 2379
2377 2389
2377 2387
2376 2390
2375 2391
2378 2362
2376 2358
2375 2357
2370 2362
2370 2360
2371 2359
3650 3051
3651 3050
3480 3011
2364 2379
2377 2390
2377 2386
2375 2392
2377 2358
2375 2356
2369 2360
2370 2359
2371 2358
3480 3013
3474 3016
2363 2379
2364 2378
2378 2386
2377 2385
2374 2392
2375 2355
2368 2360
2370 2358
3649 3051
3650 3050
3651 3049
3480 3012
2362 2379
2364 2377
2379 2386
2373 2392
2374 2393
2375 2354
2367 2360
2368 2361
2370 2357
3474 3015
3479 3012
2362 2380
2362 2378
2379 2387
2373 2391
2374 2394
2376 2354
2368 2362
2369 2357
2370 2356
3474 3014
3648 3051
3650 3049
2362 2381
2362 2377
2380 2387
2374 2395
2377 2354
2367 2362
2368 2363
2368 2357
3478 3012
3474 3013
3477 3012
2362 2382
2361 2377
2362 2376
2381 2387
2378 2354
2366 2362
2368 2356
3475 3013
3647 3051
3476 3012
2363 2382
2362 2375
2381 2388
2379 2354
2365 2362
2367 2356
3475 3012
3647 3050
3475 3009
3475 3011
2364 2382
2363 2383
2361 2375
2362 2374
2381 2389
2380 2354
2379 2353
2365 2363
2367 2355
3647 3049
3475 3010
3474 3010
3473 3010
3472 3008
2363 2384
2360 2375
2363 2374
2382 2389
2379 2352
2364 2363
2365 2364
3472 3010
3471 3008
3472 3009
3470 3013
3471 3012
2363 2373
2379 2351
2363 2363
2364 2364
2365 2365
3471 3009
3470 3012
3470 3009
3470 3011
3470 3010
3469 3010
3466 3010
2363 2372
2379 2350
2362 2363
3468 3010
3466 3015
3467 3010
3465 3009
3466 3014
3467 3011
3468 3012
3464 3009
3465 3014
3467 3012
2362 2372
2379 2349
2361 2363
2362 2364
3464 3010
3465 3013
3466 3012
3470 2992
3464 3011
3465 3012
3470 2993
3464 3012
3469 2993
3463 3012
3464 2991
2361 2372
2379 2348
2360 2363
2362 2365
3467 2992
3468 2995
3469 2994
3462 3012
3464 2992
3466 2992
3468 2994
3462 3009
3461 3012
3464 2993
3466 2993
2361 2373
2378 2348
2379 2347
2359 2363
2360 2362
2361 2365
2362 2366
3467 2994
3461 3009
3461 3011
3464 2994
3466 2994
3460 3011
3461 3010
3465 2994
3460 3010
3465 2995
3459 3010
3465 2996
2377 2348
2379 2346
2359 2364
2360 2361
2361 2366
2363 2366
3465 2998
3452 3008
3459 3009
3465 2997
3454 3007
3453 3008
3458 3009
3464 2997
3454 3008
3458 3008
3462 2998
3463 2997
3455 3008
3457 3008
3462 2997
3456 3008
2376 2348
2380 2346
2378 2346
2379 2345
2358 2364
2361 2361
2359 2361
2361 2367
2363 2367
3461 2997
3463 2995
3456 3007
3455 3006
3461 2994
3461 2996
3462 2995
3456 3006
3461 2995
3426 2993
3425 2994
3456 3005
3460 2995
3427 2993
2375 2348
2381 2346
2380 2345
2377 2346
2357 2364
2361 2360
2359 2360
2360 2367
2364 2367
3426 2994
3428 2994
3425 2997
3456 3004
3459 2995
3429 2998
3427 2994
3427 2998
3426 2997
3430 3005
3429 3004
3455 3004
3459 2996
3428 2998
2374 2348
2375 2349
2375 2347
2381 2345
2380 2344
2377 2345
2356 2364
2357 2365
2362 2360
2359 2359
2359 2367
2360 2368
2365 2367
2364 2368
3427 2995
3427 2997
3426 2996
3430 3004
3455 3003
3454 3002
3458 2996
3428 2997
3427 2996
3431 3004
3455 3002
3456 3001
3457 3000
2382 2345
2377 2344
2356 2365
2363 2360
2358 2359
2358 2367
2359 2368
3457 2996
3428 2996
3431 3003
3455 3001
3456 3000
3457 2997
3429 2996
3431 3002
3455 3000
3457 2998
3430 2996
3431 3001
2377 2343
2364 2360
3455 2999
3456 2998
3430 2997
3432 3001
3455 2998
3431 2997
3432 3000
2378 2343
2376 2343
2377 2342
3454 2998
3432 2997
3432 2999
3453 2998
3432 2998
3453 2997
3454 2996
3433 2998
3452 2997
2375 2343
2377 2341
3453 2996
3434 2998
3452 2996
3435 2998
3434 2997
3452 2995
3436 2996
3435 2997
3439 2999
3452 2994
2375 2342
2377 2340
3436 2997
3439 2998
3451 2994
3452 2993
3453 2990
3437 2997
3439 2997
3451 2993
3452 2990
2374 2342
2375 2341
2377 2339
3438 2997
3451 2990
3451 2992
3452 2991
3438 2996
3437 2995
3439 2995
3451 2991
3438 2995
3449 2992
3450 2991
2373 2342
2375 2340
2377 2338
3438 2994
3447 2993
3449 2991
3438 2993
3446 2993
3448 2991
3438 2992
2376 2338
3445 2993
3447 2991
3438 2991
3444 2993
3445 2992
3447 2990
3439 2991
3444 2992
3445 2989
2376 2337
3445 2991
3446 2990
3439 2990
3444 2991
3445 2990
3440 2990
3444 2990
2376 2336
3441 2990
3443 2990
3442 2990
3442 2989
3442 2988
3442 2987
2172 2418
3441 2985
2376 2335
3441 2987
3440 2985
3440 2987
3441 2986
3439 2985
3440 2986
3439 2986
2377 2335
2375 2335
3438 2986
3437 2986
3432 2987
3431 2986
3435 2989
3436 2988
3437 2987
2378 2335
2374 2335
2375 2334
3433 2985
3432 2986
3435 2988
3436 2987
3433 2986
3435 2987
3434 2986
3435 2986
2379 2335
2373 2335
2374 2336
2375 2333
2640 2140
2650 2120
2652 2120
2641 2140
2651 2120
2642 2140
2651 2121
2643 2140
2651 2122
2380 2335
2379 2334
2373 2336
2376 2333
2644 2140
2651 2123
2648 2137
2644 2139
2651 2124
2647 2137
2646 2138
2645 2139
2642 2142
2652 2124
2647 2138
2646 2139
2381 2335
2372 2336
2377 2333
2376 2332
2645 2144
2643 2142
2652 2125
2647 2139
2646 2144
2644 2142
2652 2126
2647 2140
2646 2143
2645 2142
2382 2335
2381 2334
2371 2336
2372 2337
2652 2127
2647 2141
2646 2142
2653 2127
2654 2128
2647 2142
2651 2128
2649 2128
2653 2128
2648 2142
2646 2146
2650 2128
2382 2336
2382 2334
2381 2333
2371 2335
2649 2129
2653 2129
2647 2131
2648 2143
2647 2146
2650 2129
2653 2130
2382 2337
2381 2332
2371 2334
2647 2132
2648 2144
2648 2146
2647 2145
2650 2130
2652 2130
2648 2132
2648 2145
2651 2130
2382 2332
2380 2332
2370 2334
2650 2133
2649 2132
2649 2145
2651 2131
2650 2132
2650 2145
2651 2132
2650 2144
2383 2332
2382 2331
2370 2333
2654 2132
2652 2132
2650 2143
2654 2133
2652 2133
2651 2143
2654 2134
2384 2332
2369 2333
2652 2134
2651 2135
2651 2142
2653 2134
2652 2135
2653 2143
2652 2142
2653 2135
2653 2142
2653 2136
2385 2332
2384 2333
2368 2333
2656 2142
2654 2142
2653 2141
2653 2137
2655 2142
2654 2141
2653 2138
2652 2139
2655 2141
2653 2139
2386 2332
2385 2331
2368 2332
2655 2140
2654 2139
2655 2139
2656 2139
2655 2138
2656 2138
2657 2138
2656 2137
2658 2138
2386 2333
2386 2331
2367 2332
2368 2331
2656 2136
2658 2137
2657 2136
2658 2136
2658 2135
2657 2134
2659 2135
2658 2134
2659 2134
2661 2129
2660 2134
2386 2334
2387 2331
2366 2332
2368 2330
2661 2130
2660 2131
2660 2133
2662 2130
2660 2132
2662 2131
2661 2132
2662 2132
2665 2134
2664 2133
2663 2132
2665 2133
2387 2334
2387 2330
2365 2332
2366 2333
2366 2331
2369 2330
2367 2330
2664 2132
2665 2132
2668 2130
2667 2131
2667 2133
2666 2132
2669 2130
2667 2132
2669 2131
2668 2132
2669 2132
2670 2132
2387 2335
2388 2330
2387 2329
2365 2331
2366 2334
2369 2329
2367 2329
2671 2132
2672 2136
2671 2133
2672 2135
2671 2134
2672 2134
2674 2134
2673 2134
2673 2133
2673 2132
2388 2335
2389 2330
2386 2329
2387 2328
2366 2335
2369 2328
2674 2132
2673 2131
2674 2131
2675 2131
2675 2130
2675 2129
2674 2128
2675 2128
2675 2127
2675 2126
2676 2126
2389 2335
2388 2336
2389 2329
2386 2328
2387 2327
2366 2336
2370 2328
2676 2125
2681 2125
2676 2124
2679 2126
2680 2125
2676 2123
2679 2125
2677 2123
2679 2124
2678 2123
2390 2335
2388 2337
2390 2329
2386 2327
2387 2326
2365 2336
2366 2337
2679 2123
2678 2122
2679 2122
2166 1388
2166 1546
2171 1541
2164 1532
2165 1533
2163 1533
2162 1534
2160 1389
2389 2337
2387 2337
2390 2328
2385 2327
2388 2326
2387 2325
2364 2336
2367 2337
2160 1391
2165 1388
2164 1397
2166 1397
2167 1396
2166 1545
2165 1544
2170 1545
2171 1542
2172 1543
2390 2337
2391 2328
2384 2327
2387 2324
2364 2337
2364 2335
2368 2337
2164 1533
2163 1534
2160 1390
2165 1389
2164 1396
2166 1396
2166 1544
2170 1544
2391 2337
2391 2327
2383 2327
2388 2324
2386 2324
2363 2337
2364 2338
2363 2335
2369 2337
2368 2338
2368 2336
2171 1543
2164 1534
2161 1390
2165 1390
2166 1391
2165 1396
2167 1544
2170 1543
2164 1535
2165 1536
2162 1390
2391 2338
2391 2326
2388 2323
2385 2324
2362 2337
2365 2338
2362 2335
2368 2339
2368 2335
2165 1391
2165 1395
2167 1543
2169 1543
2164 1536
2163 1537
2163 1390
2392 2338
2392 2326
2384 2324
2362 2338
2361 2335
2367 2339
2162 1391
2165 1392
2165 1394
2168 1543
2164 1537
2164 1541
2163 1540
2163 1391
2393 2338
2393 2326
2383 2324
2362 2339
2360 2335
2161 1393
2165 1393
2168 1542
2169 1541
2394 2338
2393 2337
2393 2325
2382 2324
2361 2339
2360 2334
2164 1538
2164 1540
2163 1392
2162 1393
2164 1393
2394 2325
2381 2324
2382 2323
2360 2339
2361 2340
2360 2333
2168 1541
2165 1538
2165 1540
2163 1393
2167 1541
2165 1539
2394 2324
2380 2324
2359 2339
2360 2340
2360 2338
2361 2341
2359 2333
2360 2332
2163 1394
2167 1540
2166 1539
2163 1395
2394 2323
2379 2324
2380 2325
2361 2342
2358 2333
2359 2332
2360 2331
2167 1539
2162 1395
2168 1539
2394 2322
2378 2324
2379 2325
2379 2323
2380 2326
2362 2342
2357 2333
2360 2330
2162 1396
2169 1539
2161 1396
2170 1539
2158 1412
2395 2322
2393 2322
2378 2325
2379 2326
2357 2334
2359 2330
2360 2329
2161 1397
2171 1539
2220 1540
2157 1412
2396 2322
2393 2321
2378 2326
2357 2335
2358 2330
2359 2329
2361 2329
2360 2328
2161 1398
2172 1539
2221 1540
2153 1480
2154 1483
2397 2322
2396 2323
2396 2321
2392 2321
2393 2320
2377 2326
2356 2335
2357 2336
2358 2331
2362 2329
2360 2327
2133 1427
2156 1412
2162 1398
2173 1539
2222 1540
2397 2323
2397 2321
2396 2320
2394 2320
2393 2319
2377 2327
2356 2336
2357 2337
2359 2327
2360 2326
2153 1481
2153 1483
2134 1427
2136 1427
2154 1413
2156 1413
2162 1399
2174 1537
2173 1538
2397 2324
2376 2327
2377 2328
2355 2336
2356 2337
2357 2338
2358 2327
2222 1541
2153 1482
2135 1427
2136 1426
2155 1413
2156 1414
2158 1416
2162 1400
2166 1400
2397 2325
2375 2327
2378 2328
2357 2327
2358 2328
2358 2326
2174 1538
2223 1541
2222 1542
2151 1481
2152 1482
2143 1489
2135 1426
2155 1414
2157 1418
2397 2326
2374 2327
2357 2328
2357 2326
2358 2325
2158 1417
2162 1401
2166 1401
2175 1538
2223 1542
2151 1482
2145 1486
2143 1488
2135 1425
2398 2326
2373 2327
2374 2326
2356 2328
2357 2329
2359 2325
2155 1415
2154 1416
2157 1417
2162 1402
2165 1401
2163 1407
2175 1539
2224 1542
2151 1483
2145 1487
2144 1488
2398 2327
2372 2327
2373 2326
2374 2325
2355 2328
2359 2324
2135 1422
2135 1424
2155 1416
2156 1417
2163 1402
2165 1402
2164 1407
2165 1406
2176 1539
2175 1540
2224 1543
2399 2327
2372 2328
2373 2325
2375 2325
2354 2328
2355 2329
2355 2327
2359 2323
2225 1544
2163 1480
2165 1482
2151 1484
2145 1488
2139 1417
2142 1426
2136 1422
2135 1423
2155 1417
2153 1419
2164 1402
2164 1406
2399 2328
2372 2329
2375 2324
2354 2329
2355 2326
2359 2322
2163 1405
2176 1540
2185 1541
2224 1544
2163 1481
2164 1482
2165 1483
2150 1484
2145 1489
2140 1417
2375 2323
2354 2330
2359 2321
2141 1426
2137 1422
2136 1423
2155 1418
2153 1420
2164 1403
2164 1405
2177 1540
2354 2331
2358 2321
2359 2320
2184 1541
2223 1544
2163 1482
2164 1483
2150 1485
2145 1490
2145 1492
2140 1418
2141 1419
2355 2331
2354 2332
2357 2321
2360 2320
2359 2319
2141 1425
2639 2698
2138 1422
2137 1423
2155 1419
2154 1420
2164 1404
2178 1540
2354 2333
2357 2320
2361 2320
2359 2318
2182 1538
2184 1540
2223 1545
2162 1482
2163 1483
2150 1486
2145 1491
2140 1419
2141 1420
2353 2333
2356 2320
2361 2321
2359 2317
2140 1425
2138 1423
2155 1420
2165 1404
2180 1543
2181 1542
2178 1541
2182 1539
2183 1540
2352 2333
2353 2334
2356 2319
2360 2317
2220 1547
2222 1545
2162 1483
2151 1486
2146 1491
2140 1420
2139 1421
2351 2333
2352 2334
2353 2335
2355 2319
2356 2318
2361 2317
2140 1424
2139 1423
2155 1421
2156 1422
2166 1404
2180 1542
2350 2333
2352 2335
2354 2335
2354 2319
2356 2317
2361 2316
2179 1541
2182 1540
2217 1547
2220 1546
2221 1545
2161 1483
2151 1487
2150 1488
2147 1491
2350 2332
2354 2318
2357 2317
2361 2315
2147 1493
2148 1421
2140 1421
2140 1423
2153 1422
2155 1422
2166 1405
2350 2331
2353 2318
2357 2316
2362 2315
2180 1541
2181 1540
2218 1547
2220 1545
2160 1483
2151 1488
2150 1489
2147 1492
2351 2331
2350 2330
2352 2318
2357 2315
2362 2314
2147 1421
2140 1422
2154 1422
2167 1405
2180 1540
2352 2331
2349 2330
2351 2318
2358 2315
2363 2314
2362 2313
2218 1546
2219 1545
2159 1483
2348 2330
2349 2329
2351 2319
2351 2317
2359 2315
2364 2314
2362 2312
2160 1484
2151 1489
2148 1492
2145 1420
2144 1421
2347 2330
2350 2319
2351 2320
2350 2317
2351 2316
2365 2314
2364 2313
2363 2312
2146 1421
2141 1422
2143 1422
2154 1423
2168 1405
2346 2330
2350 2320
2349 2317
2351 2315
2364 2312
2363 2311
2180 1539
2218 1545
2219 1544
2159 1484
2345 2330
2350 2315
2351 2314
2365 2312
2363 2310
2160 1485
2151 1490
2149 1492
2145 1421
2344 2330
2350 2314
2352 2314
2366 2312
2363 2309
2146 1422
2146 1424
2142 1422
2154 1424
2169 1405
2180 1538
2343 2330
2350 2313
2367 2312
2362 2309
2363 2308
2218 1544
2159 1485
2151 1491
2150 1492
2145 1422
2146 1423
2342 2330
2367 2311
2364 2308
2363 2307
2142 1423
2154 1425
2169 1406
2171 1406
2172 1407
2179 1538
2342 2329
2367 2310
2365 2308
2362 2307
2217 1544
2159 1486
2151 1492
2145 1423
2142 1424
2154 1426
2341 2329
2342 2328
2368 2310
2365 2309
2361 2307
2170 1406
2171 1407
2178 1538
2177 1537
2217 1543
2159 1487
2152 1492
2144 1423
2143 1424
2141 1430
2153 1426
2340 2329
2341 2328
2342 2327
2369 2310
2361 2306
2170 1407
2171 1408
2178 1537
2217 1542
2158 1487
2156 1489
2153 1492
2144 1424
2340 2330
2342 2326
2369 2309
2361 2305
2141 1429
2153 1427
2170 1408
2178 1536
2213 1541
2216 1542
2158 1488
2157 1489
2153 1493
2144 1425
2142 1429
2152 1429
2339 2330
2343 2326
2341 2326
2342 2325
2369 2308
2362 2305
2360 2305
2153 1428
2170 1409
2169 1410
2175 1410
2179 1536
2214 1541
2216 1541
2158 1489
2154 1493
2338 2330
2339 2331
2342 2324
2369 2307
2360 2304
2145 1425
2143 1429
2152 1428
2170 1410
2170 1412
2169 1411
2174 1410
2339 2332
2342 2323
2370 2307
2368 2307
2359 2304
2180 1536
2214 1540
2216 1540
2159 1489
2339 2333
2342 2322
2371 2307
2367 2307
2368 2306
2358 2304
2359 2303
2155 1493
2145 1426
2144 1429
2151 1428
2170 1411
2400 1871
2343 2322
2341 2322
2342 2321
2372 2307
2371 2308
2357 2304
2358 2305
2359 2302
2174 1411
2180 1535
2222 1527
2344 2322
2342 2320
2373 2307
2371 2309
2358 2302
2215 1540
2168 1493
2160 1489
2156 1493
2345 2322
2341 2320
2373 2308
2146 1426
2145 1429
2150 1428
2171 1411
2346 2322
2340 2320
2374 2308
2174 1412
2180 1534
2181 1533
2220 1526
2347 2322
2346 2321
2340 2319
2375 2308
2221 1527
2215 1539
2165 1489
2167 1493
2348 2322
2346 2320
2339 2319
2376 2308
2375 2307
2160 1490
2157 1493
2147 1426
2145 1428
2348 2321
2346 2319
2339 2318
2376 2309
2376 2307
2375 2306
2149 1428
2172 1411
2173 1412
2179 1534
2347 2319
2346 2318
2377 2307
2376 2306
2180 1533
2220 1527
2219 1528
2215 1538
2214 1537
2346 2317
2376 2305
2165 1490
2166 1493
2160 1491
2158 1493
2345 2317
2376 2304
2147 1427
2146 1428
2148 1428
2149 1429
2172 1412
2345 2316
2376 2303
2171 1413
2179 1533
2220 1528
2222 1530
2215 1537
2345 2315
2376 2302
2165 1491
2166 1492
2161 1491
2159 1493
2147 1428
2148 1429
2346 2315
2344 2315
2377 2302
2376 2301
2149 1432
2172 1413
2173 1414
2178 1533
2220 1529
2347 2315
2346 2314
2378 2302
2375 2301
2376 2300
2220 1531
2221 1530
2216 1537
2211 1534
2165 1492
2347 2314
2379 2302
2378 2303
2376 2299
2161 1492
2160 1493
2147 1429
2146 1430
2347 2313
2380 2302
2379 2301
2377 2299
2149 1431
2172 1414
2177 1533
2219 1531
2220 1530
2216 1536
2212 1534
2164 1492
2347 2312
2381 2302
2380 2303
2377 2298
2161 1493
2147 1430
2148 1431
2172 1415
2176 1533
2219 1530
2216 1535
2347 2311
2382 2302
2381 2303
2381 2301
2380 2304
2378 2298
2377 2297
2213 1534
2163 1492
2164 1493
2161 1494
2147 1431
2172 1416
2348 2311
2346 2311
2383 2302
2381 2304
2380 2305
2379 2298
2378 2297
2376 2297
2170 1418
2175 1533
2218 1530
2216 1534
2213 1533
2163 1493
2162 1494
2349 2311
2384 2302
2380 2306
2375 2297
2376 2296
2137 1434
2147 1432
2148 1433
2172 1417
2171 1418
2174 1533
2349 2310
2384 2303
2381 2306
2380 2307
2375 2298
2375 2296
2217 1530
2215 1534
2214 1533
2163 1494
2162 1495
2350 2310
2349 2309
2384 2304
2381 2307
2379 2307
2374 2298
2374 2296
2138 1434
2146 1432
2147 1433
2172 1418
2170 1524
2351 2310
2349 2308
2384 2305
2381 2308
2379 2308
2373 2298
2173 1533
2216 1530
2215 1533
2216 1532
2163 1495
2352 2310
2348 2308
2349 2307
2385 2305
2373 2299
2373 2297
2139 1432
2139 1434
2145 1432
2146 1433
2352 2311
2350 2307
2349 2306
2385 2306
2372 2299
2172 1419
2170 1427
2171 1522
2170 1523
2353 2311
2350 2306
2348 2306
2386 2306
2372 2300
2173 1532
2174 1531
2175 1528
2353 2312
2348 2305
2386 2307
2175 1530
2215 1530
2347 2305
2387 2307
2386 2308
2215 1532
2163 1496
2162 1497
2346 2305
2347 2304
2388 2307
2385 2308
2386 2309
2162 1503
2140 1434
2346 2306
2347 2303
2389 2307
2384 2308
2139 1433
2145 1433
2172 1420
2171 1427
2172 1522
2348 2303
2346 2303
2389 2308
2389 2306
2384 2309
2384 2307
2171 1523
2173 1523
2173 1531
2175 1529
2215 1531
2163 1497
2162 1502
2140 1433
2345 2303
2390 2308
2389 2305
2144 1433
2171 1420
2169 1422
2171 1426
2179 1518
2172 1523
2345 2302
2391 2308
2389 2304
2173 1530
2174 1529
2214 1531
2344 2302
2391 2309
2391 2307
2389 2303
2163 1498
2162 1501
2141 1433
2143 1433
2344 2301
2392 2309
2391 2310
2392 2307
2137 1451
2171 1421
2170 1422
2171 1425
2343 2301
2391 2311
2393 2307
2178 1518
2172 1524
2171 1529
2173 1529
2213 1531
2171 1501
2342 2301
2390 2311
2394 2307
2393 2308
2393 2306
2163 1499
2162 1500
2142 1433
2137 1450
2171 1422
2171 1424
2341 2301
2394 2308
2177 1518
2176 1519
2178 1519
2172 1525
2172 1529
2211 1532
2210 1531
2341 2302
2341 2300
2212 1531
2170 1501
2163 1500
3083 2439
2137 1449
2340 2302
2341 2303
2341 2299
2171 1423
2177 1519
2178 1520
3258 2615
2172 1528
2340 2303
2341 2298
2211 1531
2170 1502
2164 1500
2142 1435
3257 2615
3257 2616
2137 1448
2340 2304
2342 2298
2145 1450
2172 1423
2174 1423
2177 1520
2172 1527
2552 1868
2212 1529
2340 2305
2342 2297
2167 1500
2168 1501
2168 1503
2169 1502
2165 1500
2141 1435
2139 1437
2138 1448
2144 1450
2552 1866
2550 1850
2177 1521
2178 1522
2340 2306
2342 2296
2173 1527
2212 1526
2211 1529
2167 1501
2168 1502
2165 1501
2164 1502
2141 1436
2140 1437
2550 1848
2549 1829
2143 1450
2173 1422
2341 2306
2340 2307
2342 2295
2177 1522
2174 1527
2211 1526
2211 1528
2167 1502
2165 1502
2141 1437
2532 1836
2140 1446
2341 2307
2340 2308
2341 2295
2342 2294
2140 1448
2143 1449
2173 1421
2181 1425
2177 1523
2174 1526
2179 1531
2180 1530
2211 1527
2533 1837
2552 1869
2340 2309
2342 2293
2164 1508
2141 1438
2142 1441
2141 1448
2140 1447
2143 1448
2174 1421
2551 1848
2519 1849
2342 2292
2176 1523
2175 1524
2174 1525
2179 1530
2210 1527
2166 1503
2165 1508
2518 1844
2552 1848
2551 1847
2342 2291
2141 1447
2143 1447
2175 1421
2180 1424
2176 1524
2175 1525
2177 1531
2178 1530
2209 1527
2519 1843
2545 1818
2342 2290
2143 1438
2142 1439
2142 1447
2143 1446
2176 1421
2178 1421
2180 1423
2176 1525
2177 1530
2208 1527
2209 1528
2166 1505
2165 1506
2541 1828
2343 2290
2341 2290
2342 2289
2142 1446
2177 1421
2179 1423
2177 1525
2179 1525
2177 1529
2208 1528
2166 1506
2144 1439
2142 1445
2553 1848
2551 1846
2344 2290
2340 2290
2341 2289
2178 1423
2178 1525
2177 1528
2206 1527
2207 1528
2167 1506
2145 1439
2142 1444
2542 1827
2548 1823
2551 1830
2339 2290
2340 2289
2206 1528
2167 1507
2146 1439
2143 1444
2177 1424
2178 1425
2178 1527
2205 1528
2547 1830
2553 1849
2550 1846
2338 2290
2339 2291
2175 1425
2177 1425
2178 1426
2179 1527
2204 1528
2170 1506
2169 1507
2146 1441
2145 1444
2551 1845
2531 1836
2532 1837
2337 2290
2338 2289
2339 2292
2203 1528
2181 1498
2170 1507
2147 1441
2146 1444
2176 1426
2180 1528
2188 1532
2203 1527
2532 1835
2554 1849
2550 1845
2336 2290
2337 2291
2338 2288
2171 1507
2147 1442
2146 1443
2176 1427
2175 1428
2181 1528
2188 1531
2203 1526
2179 1498
2551 1844
2527 1840
2555 1849
2549 1845
2551 1843
2335 2290
2338 2287
2176 1428
2182 1528
2189 1531
2199 1521
2202 1526
2203 1525
2178 1498
2529 1842
2556 1849
2555 1850
2548 1845
2334 2290
2338 2286
2176 1429
2182 1529
2189 1530
2200 1521
2199 1522
2201 1526
2549 1844
2551 1842
2520 1847
2333 2290
2339 2286
2178 1499
2172 1511
2171 1510
2149 1443
2177 1429
2178 1430
2555 1851
2547 1845
2552 1842
2551 1841
2332 2290
2201 1525
2177 1499
2176 1500
2178 1500
2172 1510
2150 1443
2551 1820
2525 1840
2556 1851
2555 1852
2332 2291
2200 1523
2200 1525
2201 1524
2177 1500
2175 1504
2175 1512
2547 1844
2553 1842
2550 1841
2548 1817
2523 1844
2331 2291
2185 1529
2187 1529
2183 1527
2200 1524
2203 1519
2177 1501
2556 1852
2555 1853
2546 1844
2547 1843
2330 2291
2331 2292
2165 1438
2164 1437
2166 1437
2177 1432
2178 1443
2550 1840
2522 1845
2520 1845
2330 2292
2330 2290
2199 1524
2203 1512
2202 1519
2555 1854
2545 1844
2329 2292
2330 2293
2330 2289
2178 1503
2175 1510
2152 1438
2151 1441
2548 1843
2547 1842
2552 1830
2328 2292
2330 2294
2329 2289
2177 1433
2178 1434
2177 1443
2186 1528
2546 1830
2556 1854
2330 2295
2198 1524
2203 1513
2202 1518
2177 1503
2544 1844
2547 1829
2531 1837
2329 2295
2330 2296
2152 1439
2151 1440
2156 1439
2165 1436
2543 1844
2532 1838
2532 1834
2328 2295
2329 2296
2178 1441
2186 1527
2197 1520
2197 1524
2202 1513
2552 1820
2524 1840
2542 1844
2327 2295
2328 2296
2329 2297
2176 1509
2153 1439
2152 1440
2155 1439
2543 1845
2543 1843
2525 1841
2516 1844
2327 2296
2186 1526
2185 1525
2197 1521
2197 1523
2202 1514
2516 1845
2540 1828
2541 1844
2326 2296
2176 1508
2153 1440
2155 1440
2166 1433
2543 1842
2542 1826
2549 1823
2527 1841
2552 1829
2546 1829
2325 2296
2201 1516
2202 1515
2177 1506
2176 1507
2154 1440
2541 1843
2543 1841
2547 1828
2530 1837
2532 1833
2527 1839
2324 2296
2196 1522
2200 1514
2200 1516
2201 1515
2177 1507
2179 1507
2547 1817
2548 1816
2540 1843
2544 1841
2553 1820
2324 2297
2324 2295
2186 1523
2195 1522
2200 1515
2178 1507
2154 1442
2153 1443
2169 1433
2552 1819
2525 1842
2524 1844
2324 2298
2324 2294
2185 1523
2195 1521
2199 1515
2178 1508
2156 1441
2155 1444
2522 1846
2544 1840
2543 1818
2324 2299
2324 2293
2175 1438
2185 1522
2184 1521
2186 1521
2194 1521
2196 1517
2517 1844
2553 1821
2545 1840
2544 1839
2325 2299
2324 2300
2325 2293
2156 1442
2155 1443
2169 1435
2173 1439
2174 1438
2185 1521
2191 1517
2552 1828
2545 1829
2547 1827
2545 1839
2543 1839
2324 2301
2325 2292
2178 1510
2159 1440
2157 1442
2157 1444
2156 1443
2170 1435
2544 1838
2530 1838
2552 1818
2325 2301
2323 2301
2325 2291
2191 1518
2194 1519
2195 1518
2524 1842
2546 1839
2326 2301
2322 2301
2323 2302
2325 2290
2179 1510
2159 1441
2157 1443
2170 1436
2172 1438
2544 1837
2519 1842
2323 2303
2325 2289
2194 1518
2196 1514
2180 1510
2159 1442
2158 1443
2539 1828
2322 2303
2323 2304
2324 2289
2171 1438
2542 1825
2321 2303
2323 2305
2324 2288
2193 1518
2550 1823
2320 2303
2322 2305
2323 2306
2323 2288
2181 1510
2547 1839
2320 2304
2323 2307
2322 2288
2170 1438
2546 1838
2319 2304
2322 2307
2323 2308
2322 2289
2322 2287
2193 1517
2194 1514
2543 1837
2544 1836
2318 2304
2321 2307
2323 2309
2322 2286
2170 1439
2171 1440
2186 1517
2527 1838
2545 1819
2317 2304
2318 2303
2320 2307
2321 2308
2323 2310
2323 2286
2322 2285
2182 1509
2161 1443
2170 1440
2187 1517
2519 1847
2548 1839
2546 1837
2542 1837
2316 2304
2317 2305
2317 2303
2318 2302
2320 2306
2322 2310
2323 2285
2321 2285
2188 1517
2192 1515
2183 1510
2162 1440
2545 1836
2551 1828
2315 2304
2317 2302
2318 2301
2319 2306
2322 2311
2323 2284
2188 1516
2192 1514
2183 1511
2545 1828
2548 1827
2314 2304
2315 2305
2317 2301
2322 2312
2324 2284
2323 2283
2168 1441
2188 1515
2546 1836
2541 1837
2313 2304
2314 2305
2316 2301
2321 2312
2324 2283
2184 1511
2163 1441
2547 1826
2530 1839
2313 2303
2314 2306
2320 2312
2325 2283
2190 1514
2185 1511
2164 1441
2547 1818
2313 2302
2313 2306
2320 2311
2326 2283
2325 2282
2189 1514
2186 1511
2524 1845
2523 1846
2314 2302
2313 2301
2313 2307
2320 2310
2326 2284
2325 2281
2189 1513
2190 1512
2186 1510
2553 1822
2547 1836
2540 1837
2551 1818
2315 2302
2313 2300
2312 2307
2319 2310
2327 2284
2326 2285
2326 2281
2165 1443
2189 1511
2523 1842
2311 2307
2312 2308
2318 2310
2319 2309
2328 2284
2326 2280
2165 1444
2189 1510
2521 1846
2520 1844
2310 2307
2311 2306
2317 2310
2318 2309
2329 2284
2328 2283
2326 2279
2190 1510
2514 1844
2548 1836
2309 2307
2317 2311
2330 2284
2329 2283
2325 2279
2168 1445
2539 1837
2539 1827
2309 2308
2324 2279
2167 1445
2165 1447
2544 1828
2545 1827
2547 1825
2309 2309
2324 2280
2324 2278
2190 1507
2549 1836
2538 1837
2309 2310
2323 2278
2190 1506
2539 1838
2529 1839
2309 2311
2322 2278
2323 2277
2190 1505
2189 1504
2542 1824
2551 1823
2550 1824
2309 2312
2323 2276
2190 1504
2189 1503
2191 1503
2526 1838
2515 1845
2549 1837
2309 2313
2324 2276
2322 2276
2169 1449
2172 1450
2190 1502
2191 1501
2549 1835
2537 1837
2539 1839
2308 2313
2309 2314
2324 2275
2321 2276
2550 1818
2522 1842
2544 1819
2307 2313
2310 2314
2309 2315
2325 2275
2324 2274
2320 2276
2545 1820
2519 1848
2306 2313
2307 2314
2311 2314
2310 2315
2309 2316
2326 2275
2324 2273
2319 2276
2320 2275
2305 2313
2312 2314
2326 2274
2318 2276
2305 2314
2305 2312
2312 2315
2327 2274
2317 2276
2318 2275
2304 2314
2305 2315
2304 2312
2305 2311
2313 2315
2328 2274
2327 2273
2318 2274
2304 2315
2306 2315
2306 2311
2305 2310
2314 2315
2313 2316
2329 2274
2328 2273
2317 2274
2303 2315
2304 2316
2306 2316
2304 2310
2315 2315
2313 2317
2330 2274
2317 2273
2302 2315
2306 2317
2303 2310
2304 2309
2316 2315
2315 2316
2313 2318
2331 2274
2330 2275
2330 2273
2316 2273
2302 2314
2305 2317
2306 2318
2302 2310
2303 2311
2303 2309
2304 2308
2317 2315
2315 2317
2313 2319
2331 2275
2331 2273
2330 2272
2315 2273
2316 2272
2301 2314
2301 2310
2303 2308
2305 2308
2304 2307
2318 2315
2332 2275
2329 2272
2330 2271
2315 2274
2315 2272
2300 2314
2300 2310
2301 2311
2306 2308
2304 2306
2332 2276
2330 2270
2315 2275
2314 2272
2315 2271
2300 2315
2300 2309
2304 2305
2332 2277
2330 2269
2314 2275
2313 2272
2299 2315
2300 2316
2299 2309
2304 2304
2333 2277
2332 2278
2330 2268
2314 2276
2312 2272
2313 2271
2299 2316
2299 2308
2304 2303
2331 2278
2329 2268
2314 2277
2312 2271
2299 2317
2299 2307
2304 2302
2331 2279
2328 2268
2315 2277
2313 2277
2311 2271
2298 2317
2299 2306
2305 2302
2331 2280
2327 2268
2328 2269
2328 2267
2313 2278
2297 2317
2298 2318
2298 2306
2306 2302
2326 2268
2328 2270
2312 2278
2313 2279
2298 2319
2297 2306
2307 2302
2326 2267
2311 2278
2312 2279
2298 2320
2296 2306
2297 2305
2308 2302
2307 2303
2307 2301
2326 2266
2311 2277
2312 2280
2297 2320
2296 2307
2297 2304
2309 2302
2307 2300
2325 2266
2326 2265
2310 2277
2312 2281
2296 2320
2297 2321
2297 2303
2308 2300
2306 2300
2325 2265
2327 2265
2311 2281
2297 2322
2296 2303
2297 2302
2308 2299
2324 2265
2325 2264
2328 2265
2310 2281
2311 2282
2298 2322
2297 2323
2295 2303
2296 2302
2298 2302
2309 2299
2308 2298
2323 2265
2324 2264
2329 2265
2299 2322
2298 2323
2296 2323
2297 2324
2296 2301
2323 2264
2300 2322
2299 2321
2298 2324
2295 2323
2297 2325
2296 2300
2322 2264
2299 2324
2295 2322
2296 2325
2322 2263
2299 2325
2294 2322
2295 2321
2295 2325
2321 2263
2322 2262
2300 2325
2299 2326
2293 2322
2320 2263
2323 2262
2301 2325
2293 2323
2293 2321
2319 2263
2320 2264
2323 2261
2302 2325
2293 2324
2292 2321
2318 2263
2320 2265
2323 2260
2302 2326
2302 2324
2293 2325
2291 2321
2317 2263
2318 2264
2321 2265
2319 2265
2322 2260
2323 2259
2302 2327
2293 2326
2290 2321
2316 2263
2322 2259
2324 2259
2303 2327
2301 2327
2302 2328
2294 2326
2293 2327
2290 2322
2316 2264
2325 2259
2300 2327
2302 2329
2292 2327
2289 2322
2316 2265
2326 2259
2325 2260
2302 2330
2291 2327
2292 2328
2288 2322
2317 2265
2315 2265
2316 2266
2327 2259
2326 2260
2302 2331
2291 2328
2287 2322
2317 2266
2314 2265
2328 2259
2327 2258
2303 2331
2301 2331
2287 2323
2287 2321
2314 2264
2329 2259
2327 2257
2304 2331
2303 2332
2287 2324
2287 2320
2314 2263
2330 2259
2329 2260
2327 2256
2304 2332
2304 2330
2288 2324
2286 2324
2287 2325
2287 2319
2327 2255
2305 2332
2304 2329
2285 2324
2287 2326
2288 2319
2286 2319
2287 2318
2328 2255
2326 2255
2306 2332
2305 2329
2304 2328
2285 2325
2287 2327
2285 2319
2286 2318
2287 2317
2326 2254
2307 2332
2306 2333
2285 2326
2287 2316
2325 2254
2326 2253
2308 2332
2307 2333
2288 2316
2286 2316
2327 2253
2308 2331
2288 2315
2285 2316
2328 2253
2309 2331
2289 2315
2288 2314
2284 2316
2285 2315
2328 2252
2310 2331
2289 2314
2288 2313
2284 2317
2284 2315
2285 2314
2329 2252
2310 2332
2290 2314
2288 2312
2283 2317
2284 2314
2286 2314
2330 2252
2290 2313
2288 2311
2282 2317
2330 2253
2289 2311
2287 2311
2288 2310
2281 2317
2331 2253
2286 2311
2287 2310
2288 2309
2280 2317
2281 2318
2332 2253
2285 2311
2279 2317
2280 2316
2333 2253
2332 2254
2285 2310
2278 2317
2279 2318
2279 2316
2333 2252
2285 2309
2278 2318
2278 2316
2279 2319
2333 2251
2286 2309
2277 2318
2278 2319
2280 2319
2334 2251
2332 2251
2286 2308
2276 2318
2277 2319
2332 2250
2286 2307
2276 2319
2276 2317
2331 2250
2287 2307
2285 2307
2275 2319
2276 2316
2331 2249
2285 2306
2274 2319
2275 2320
2331 2248
2284 2306
2273 2319
2274 2320
2274 2318
2332 2248
2330 2248
2331 2247
2283 2306
2284 2305
2272 2319
2331 2246
2283 2307
2283 2305
2284 2304
2272 2320
2331 2245
2284 2303
2271 2320
2272 2321
2332 2245
2331 2244
2284 2302
2270 2320
2272 2322
2333 2245
2332 2244
2285 2302
2283 2302
2284 2301
2269 2320
2272 2323
2333 2244
2284 2300
2268 2320
2271 2323
2272 2324
2334 2244
2333 2243
2283 2300
2284 2299
2268 2321
2268 2319
2273 2324
2272 2325
2335 2244
2333 2242
2285 2299
2284 2298
2267 2319
2272 2326
2335 2245
2335 2243
2333 2241
2286 2299
2283 2298
2266 2319
2267 2318
2272 2327
2336 2245
2335 2246
2334 2241
2287 2299
2282 2298
2283 2297
2266 2318
2273 2327
2272 2328
2337 2245
2335 2247
2334 2240
2287 2298
2281 2298
2283 2296
2266 2317
2274 2327
2273 2328
2272 2329
2337 2244
2336 2247
2334 2247
2334 2239
2287 2297
2280 2298
2281 2297
2282 2296
2265 2317
2275 2327
2337 2243
2337 2247
2333 2239
2334 2238
2288 2297
2287 2296
2280 2299
2281 2296
2282 2295
2264 2317
2265 2316
2275 2328
2275 2326
2338 2243
2337 2242
2335 2238
2289 2297
2288 2296
2279 2299
2280 2300
2280 2296
2263 2317
2264 2316
2265 2315
2276 2328
2275 2329
2339 2243
2337 2241
2336 2238
2290 2297
2289 2298
2278 2299
2279 2296
2265 2314
2277 2328
2274 2329
2340 2243
2336 2241
2337 2240
2336 2237
2291 2297
2290 2296
2277 2299
2278 2300
2279 2297
2264 2314
2277 2329
2277 2327
2274 2330
2341 2243
2340 2244
2336 2236
2290 2295
2276 2299
2277 2300
2277 2298
2278 2301
2263 2314
2264 2313
2278 2329
2277 2330
2278 2327
2277 2326
2273 2330
2341 2242
2340 2245
2336 2235
2289 2295
2275 2299
2276 2300
2276 2298
2277 2301
2278 2302
2262 2314
2263 2315
2264 2312
2277 2331
2279 2327
2278 2326
2277 2325
2273 2331
2342 2242
2340 2246
2337 2235
2336 2234
2274 2299
2275 2300
2276 2297
2278 2303
2261 2314
2262 2315
2278 2331
2280 2327
2273 2332
2343 2242
2339 2246
2335 2234
2336 2233
2273 2299
2274 2298
2276 2296
2277 2303
2260 2314
2281 2327
2280 2328
2273 2333
2344 2242
2339 2247
2334 2234
2336 2232
2272 2299
2273 2300
2274 2297
2259 2314
2282 2327
2281 2326
2280 2329
2274 2333
2272 2333
2273 2334
2344 2241
2339 2248
2334 2235
2335 2232
2336 2231
2271 2299
2272 2298
2273 2301
2274 2296
2258 2314
2282 2328
2280 2330
2274 2334
2271 2333
2344 2240
2338 2248
2334 2236
2334 2232
2270 2299
2271 2298
2273 2296
2274 2295
2258 2315
2258 2313
2279 2330
2280 2331
2274 2335
2271 2332
2344 2239
2270 2300
2273 2295
2258 2316
2257 2313
2280 2332
2274 2336
2270 2332
2344 2238
2270 2301
2272 2295
2273 2294
2258 2317
2256 2313
2280 2333
2275 2336
2273 2336
2269 2332
2344 2237
2271 2301
2270 2302
2271 2295
2273 2293
2259 2317
2255 2313
2281 2333
2276 2336
2273 2337
2269 2331
2345 2237
2269 2302
2271 2294
2274 2293
2259 2318
2254 2313
2282 2333
2277 2336
2273 2338
2345 2236
2268 2302
2271 2293
2274 2292
2260 2318
2259 2319
2253 2313
2254 2314
2283 2333
2282 2332
2277 2337
2277 2335
2345 2235
2268 2303
2268 2301
2271 2292
2275 2292
2261 2318
2258 2319
2259 2320
2252 2313
2284 2333
2277 2338
2278 2335
2277 2334
2344 2235
2268 2300
2272 2292
2271 2291
2261 2317
2257 2319
2259 2321
2252 2314
2252 2312
2284 2334
2278 2338
2276 2338
2279 2335
2343 2235
2344 2234
2267 2300
2268 2299
2271 2290
2256 2319
2257 2320
2260 2321
2259 2322
2251 2312
2252 2311
2285 2334
2279 2338
2275 2338
2276 2339
2343 2234
2344 2233
2266 2300
2270 2290
2255 2319
2257 2321
2259 2323
2251 2311
2253 2311
2252 2310
2286 2334
2285 2335
2280 2338
2275 2339
2342 2234
2343 2233
2265 2300
2266 2301
2269 2290
2270 2289
2254 2319
2255 2318
2260 2323
2250 2311
2253 2310
2285 2336
2280 2339
2275 2340
2341 2234
2343 2232
2264 2300
2265 2301
2266 2302
2270 2288
2253 2319
2254 2320
2261 2323
2250 2310
2254 2310
2253 2309
2285 2337
2274 2340
2340 2234
2343 2231
2264 2299
2265 2302
2270 2287
2252 2319
2250 2309
2255 2310
2253 2308
2284 2337
2274 2341
2344 2231
2342 2231
2343 2230
2264 2298
2265 2303
2270 2286
2251 2319
2249 2309
2250 2308
2256 2310
2255 2311
2253 2307
2284 2338
2344 2230
2342 2230
2263 2298
2264 2297
2264 2303
2271 2286
2269 2286
2270 2285
2251 2320
2257 2310
2256 2309
2253 2306
2283 2338
2284 2339
2345 2230
2341 2230
2262 2298
2272 2286
2271 2285
2270 2284
2251 2321
2258 2310
2254 2306
2253 2305
2282 2338
2284 2340
2345 2229
2340 2230
2341 2229
2261 2298
2271 2284
2269 2284
2270 2283
2250 2321
2259 2310
2258 2311
2255 2306
2285 2340
2346 2229
2260 2298
2268 2284
2249 2321
2260 2310
2256 2306
2286 2340
2346 2228
2260 2297
2267 2284
2248 2321
2261 2310
2260 2311
2287 2340
2347 2228
2259 2297
2247 2321
2261 2309
2260 2312
2347 2227
2259 2296
2247 2322
2247 2320
2348 2227
2258 2296
2259 2295
2247 2323
2246 2320
2348 2226
2257 2296
2258 2295
2247 2324
2245 2320
2348 2225
2257 2297
2257 2295
2246 2324
2244 2320
2349 2225
2348 2224
2256 2297
2256 2295
2257 2294
2246 2325
2244 2319
2350 2225
2348 2223
2255 2297
2255 2295
2257 2293
2246 2326
2351 2225
2350 2224
2347 2223
2255 2298
2255 2294
2258 2293
2256 2293
2257 2292
2245 2326
2246 2327
2351 2226
2351 2224
2350 2223
2347 2222
2254 2298
2255 2299
2257 2291
2244 2326
2245 2327
2351 2227
2347 2221
2253 2298
2254 2299
2256 2299
2257 2290
2244 2325
2245 2328
2352 2227
2351 2228
2346 2221
2347 2220
2252 2298
2257 2289
2244 2324
2245 2329
2351 2229
2345 2221
2346 2220
2348 2220
2251 2298
2252 2299
2252 2297
2258 2289
2245 2330
2352 2229
2350 2229
2351 2230
2344 2221
2346 2219
2349 2220
2250 2298
2251 2297
2252 2300
2244 2330
2245 2331
2353 2229
2349 2229
2351 2231
2344 2222
2344 2220
2346 2218
2350 2220
2249 2298
2250 2299
2251 2296
2252 2301
2246 2331
2354 2229
2353 2230
2344 2223
2344 2219
2345 2218
2346 2217
2350 2221
2248 2298
2250 2300
2250 2296
2247 2331
2246 2332
2355 2229
2354 2228
2353 2231
2346 2216
2351 2221
2247 2298
2249 2300
2250 2301
2249 2296
2247 2330
2246 2333
2355 2230
2355 2228
2353 2232
2347 2216
2345 2216
2346 2215
2246 2298
2249 2301
2248 2296
2248 2330
2247 2329
2247 2333
2245 2333
2356 2230
2355 2231
2356 2228
2352 2232
2353 2233
2348 2216
2344 2216
2245 2298
2249 2302
2247 2296
2248 2329
2248 2333
2244 2333
2356 2231
2356 2227
2354 2233
2353 2234
2349 2216
2343 2216
2244 2298
2245 2297
2249 2303
2246 2296
2248 2328
2249 2333
2248 2332
2244 2334
2356 2226
2353 2235
2350 2216
2349 2217
2342 2216
2343 2215
2243 2298
2244 2297
2249 2304
2249 2328
2243 2334
2244 2335
2357 2226
2355 2226
2356 2225
2350 2215
2349 2218
2341 2216
2342 2215
2242 2298
2243 2299
2248 2304
2250 2328
2242 2334
2244 2336
2358 2226
2351 2215
2342 2214
2241 2298
2242 2299
2251 2328
2250 2327
2241 2334
2243 2336
2358 2225
2352 2215
2351 2214
2342 2213
2240 2298
2242 2300
2252 2328
2251 2329
2251 2327
2240 2334
2358 2224
2353 2215
2352 2216
2341 2213
2342 2212
2239 2298
2241 2300
2242 2301
2253 2328
2252 2327
2239 2334
2240 2335
2359 2224
2357 2224
2353 2214
2352 2217
2342 2211
2239 2297
2240 2300
2241 2301
2242 2302
2253 2327
2240 2336
2360 2224
2357 2223
2354 2214
2351 2217
2342 2210
2238 2297
2239 2296
2241 2302
2240 2337
2360 2225
2355 2214
2237 2297
2239 2295
2241 2303
2239 2337
2361 2225
2355 2213
2237 2298
2237 2296
2239 2294
2238 2337
2239 2338
2362 2225
2355 2212
2237 2295
2238 2338
2238 2336
2363 2225
2362 2226
2355 2211
2236 2295
2237 2338
2237 2336
2362 2227
2355 2210
2235 2295
2236 2338
2236 2336
2361 2227
2362 2228
2356 2210
2234 2295
2235 2338
2360 2227
2362 2229
2357 2210
2233 2295
2234 2296
2234 2338
2363 2229
2361 2229
2358 2210
2357 2211
2357 2209
2232 2295
2233 2294
2234 2297
2233 2338
2234 2339
2363 2230
2358 2209
2231 2295
2232 2294
2234 2298
2234 2340
2363 2231
2359 2209
2358 2208
2230 2295
2233 2298
2234 2299
2234 2341
2360 2209
2358 2207
2230 2294
2233 2341
2361 2209
2358 2206
2229 2294
2232 2341
2362 2209
2357 2206
2228 2294
2231 2341
2232 2340
2362 2208
2357 2205
2227 2294
2231 2342
2231 2340
2363 2208
2357 2204
2230 2342
2231 2339
2364 2208
2358 2204
2356 2204
2357 2203
2229 2342
2365 2208
2358 2203
2355 2204
2228 2342
2366 2208
2365 2209
2358 2202
2354 2204
2227 2342
2367 2208
2365 2210
2358 2201
2353 2204
2226 2342
2227 2341
2366 2210
2357 2201
2358 2200
2353 2205
2353 2203
2226 2343
2227 2340
2367 2210
2356 2201
2357 2200
2359 2200
2353 2206
2353 2202
2225 2343
2228 2340
2227 2339
2367 2211
2356 2202
2357 2199
2359 2199
2354 2206
2352 2206
2352 2202
2353 2201
2224 2343
2227 2338
2368 2211
2356 2199
2357 2198
2360 2199
2355 2206
2354 2201
2223 2343
2228 2338
2227 2337
2369 2211
2357 2197
2354 2200
2222 2343
2223 2342
2229 2338
2227 2336
2370 2211
2358 2197
2357 2196
2221 2343
2222 2344
2229 2337
2228 2336
2358 2196
2357 2195
2221 2342
2228 2335
2358 2195
2221 2341
2228 2334
2358 2194
2220 2341
2221 2340
2228 2333
2359 2194
2219 2341
2227 2333
2360 2194
2359 2193
2219 2340
2227 2332
2361 2194
2360 2193
2218 2340
2226 2332
2227 2331
2361 2195
2360 2192
2225 2332
2361 2196
2360 2191
2224 2332
2361 2191
2359 2191
2224 2331
2361 2190
2358 2191
2223 2331
2224 2330
2362 2190
2361 2189
2358 2190
2222 2331
2224 2329
2363 2190
2361 2188
2358 2189
2222 2332
2222 2330
2363 2189
2358 2188
2222 2333
2221 2330
2364 2189
2358 2187
2222 2334
2365 2189
2357 2187
2358 2186
2222 2335
2366 2189
2357 2186
2358 2185
2221 2335
2222 2336
2367 2189
2357 2185
2359 2185
2220 2335
2368 2189
2356 2185
2359 2184
2219 2335
2368 2190
2368 2188
2355 2185
2356 2184
2360 2184
2218 2335
2369 2190
2355 2186
2356 2183
2360 2183
2218 2334
2354 2186
2355 2187
2356 2182
2360 2182
2217 2334
2354 2187
2355 2188
2357 2182
2356 2181
2361 2182
2360 2181
2216 2334
2353 2187
2354 2188
2358 2182
2356 2180
2360 2180
2215 2334
2216 2333
2358 2181
2355 2180
2360 2179
2214 2334
2216 2332
2358 2180
2354 2180
2359 2179
2360 2178
2213 2334
2358 2179
2353 2180
2361 2178
2212 2334
2358 2178
2352 2180
2353 2179
2361 2177
2212 2335
2212 2333
2351 2180
2353 2178
2361 2176
2212 2336
2211 2333
2212 2332
2351 2181
2351 2179
2354 2178
2353 2177
2210 2333
2211 2332
2212 2331
2351 2178
2355 2178
2353 2176
2209 2333
2213 2331
2350 2178
2356 2178
2208 2333
2213 2330
2350 2177
2356 2177
2207 2333
2208 2334
2208 2332
2214 2330
2213 2329
2349 2177
2206 2333
2207 2334
2208 2335
2208 2331
2215 2330
2213 2328
2348 2177
2349 2176
2205 2333
2207 2335
2207 2331
2214 2328
2348 2178
2348 2176
2349 2175
2204 2333
2206 2335
2348 2179
2350 2175
2203 2333
2206 2336
2349 2179
2348 2180
2350 2174
2203 2332
2347 2180
2351 2174
2202 2332
2346 2180
2352 2174
2201 2332
2202 2331
2345 2180
2353 2174
2352 2173
2200 2332
2201 2333
2202 2330
2344 2180
2345 2181
2354 2174
2353 2173
2200 2331
2201 2334
2203 2330
2345 2182
2355 2174
2354 2173
2200 2330
2200 2334
2201 2335
2204 2330
2344 2182
2354 2172
2199 2334
2200 2335
2201 2336
2205 2330
2204 2329
2343 2182
2344 2183
2355 2172
2198 2334
2200 2336
2202 2336
2205 2331
2205 2329
2204 2328
2342 2182
2343 2183
2344 2184
2356 2172
2197 2334
2198 2335
2200 2337
2203 2336
2204 2327
2341 2182
2342 2181
2343 2184
2344 2185
2356 2171
2197 2333
2200 2338
2203 2335
2205 2327
2203 2327
2340 2182
2342 2184
2343 2185
2345 2185
2357 2171
2356 2170
2197 2332
2199 2338
2200 2339
2204 2335
2205 2326
2203 2326
2339 2182
2341 2184
2346 2185
2358 2171
2355 2170
2356 2169
2196 2332
2199 2339
2201 2339
2200 2340
2206 2326
2340 2184
2347 2185
2346 2184
2359 2171
2358 2172
2356 2168
2195 2332
2198 2339
2206 2325
2339 2184
2340 2185
2360 2171
2359 2172
2358 2173
2357 2168
2194 2332
2195 2331
2198 2340
2207 2325
2338 2184
2340 2186
2361 2171
2358 2174
2358 2168
2357 2167
2193 2332
2194 2331
2198 2341
2208 2325
2337 2184
2338 2185
2341 2186
2362 2171
2359 2174
2358 2167
2357 2166
2192 2332
2193 2333
2193 2331
2197 2341
2208 2326
2208 2324
2336 2184
2338 2186
2362 2170
2359 2167
2357 2165
2191 2332
2193 2334
2193 2330
2196 2341
2197 2342
2208 2323
2336 2185
2336 2183
2337 2186
2363 2170
2362 2169
2357 2164
2190 2332
2193 2335
2195 2341
2197 2343
2208 2322
2336 2186
2336 2182
2364 2170
2357 2163
2193 2336
2194 2341
2198 2343
2207 2322
2208 2321
2335 2186
2336 2187
2335 2182
2365 2170
2193 2337
2193 2341
2206 2322
2207 2321
2209 2321
2208 2320
2334 2186
2335 2181
2366 2170
2192 2341
2205 2322
2206 2323
2210 2321
2208 2319
2333 2186
2334 2181
2335 2180
2367 2170
2366 2169
2191 2341
2210 2320
2207 2319
2208 2318
2332 2186
2336 2180
2368 2170
2367 2171
2367 2169
2191 2342
2211 2320
2210 2319
2206 2319
2208 2317
2331 2186
2337 2180
2369 2170
2191 2343
2212 2320
2206 2318
2208 2316
2330 2186
2331 2187
2337 2181
2337 2179
2369 2171
2369 2169
2192 2343
2190 2343
2191 2344
2213 2320
2329 2186
2337 2178
2370 2171
2369 2168
2193 2343
2189 2343
2328 2186
2329 2187
2329 2185
2336 2178
2370 2172
2369 2167
2194 2343
2193 2344
2188 2343
2189 2344
2328 2185
2329 2188
2329 2184
2335 2178
2336 2177
2370 2173
2369 2166
2188 2344
2188 2342
2189 2345
2328 2188
2329 2189
2329 2183
2336 2176
2369 2173
2370 2166
2187 2342
2190 2345
2189 2346
2328 2189
2330 2189
2336 2175
2369 2174
2370 2165
2186 2342
2190 2346
2188 2346
2327 2189
2330 2190
2337 2175
2370 2164
2191 2346
2188 2347
2326 2189
2330 2191
2338 2175
2337 2174
2371 2164
2370 2163
2192 2346
2187 2347
2188 2348
2325 2189
2330 2192
2337 2173
2372 2164
2369 2163
2370 2162
2193 2346
2186 2347
2324 2189
2330 2193
2338 2173
2336 2173
2372 2163
2368 2163
2371 2162
2193 2347
2185 2347
2323 2189
2324 2190
2331 2193
2330 2194
2339 2173
2335 2173
2336 2172
2373 2163
2368 2164
2368 2162
2193 2348
2184 2347
2322 2189
2323 2188
2324 2191
2332 2193
2329 2194
2330 2195
2339 2172
2335 2174
2335 2172
2336 2171
2374 2163
2367 2162
2193 2349
2183 2347
2184 2346
2323 2187
2324 2192
2333 2193
2332 2194
2329 2195
2331 2195
2330 2196
2339 2171
2334 2172
2374 2164
2366 2162
2194 2349
2183 2348
2325 2192
2323 2192
2332 2195
2339 2170
2333 2172
2375 2164
2365 2162
2366 2163
2195 2349
2183 2349
2326 2192
2325 2193
2333 2195
2332 2196
2338 2170
2332 2172
2376 2164
2196 2349
2195 2348
2184 2349
2182 2349
2327 2192
2325 2194
2334 2195
2332 2197
2338 2169
2331 2172
2332 2173
2332 2171
2377 2164
2376 2165
2197 2349
2184 2350
2181 2349
2328 2192
2324 2194
2334 2196
2334 2194
2337 2169
2330 2172
2332 2170
2378 2164
2377 2165
2197 2350
2197 2348
2181 2350
2181 2348
2324 2195
2335 2196
2335 2194
2337 2168
2329 2172
2332 2169
2379 2164
2377 2166
2198 2350
2197 2351
2197 2347
2180 2348
2323 2195
2324 2196
2336 2196
2337 2167
2329 2171
2333 2169
2332 2168
2379 2163
2378 2166
2377 2167
2199 2350
2196 2351
2197 2352
2198 2347
2196 2347
2197 2346
2179 2348
2322 2195
2324 2197
2336 2195
2338 2167
2336 2167
2328 2171
2380 2163
2379 2162
2378 2167
2199 2351
2195 2351
2196 2346
2197 2345
2178 2348
2321 2195
2322 2194
2323 2197
2324 2198
2337 2195
2336 2166
2381 2163
2379 2161
2199 2352
2195 2352
2195 2346
2198 2345
2178 2349
2320 2195
2322 2197
2324 2199
2338 2195
2337 2194
2335 2166
2336 2165
2381 2162
2380 2161
2379 2160
2199 2353
2195 2353
2177 2349
2320 2194
2325 2199
2323 2199
2339 2195
2338 2196
2337 2193
2336 2164
2382 2162
2381 2161
2379 2159
2198 2353
2176 2349
2320 2193
2325 2200
2322 2199
2323 2200
2338 2197
2337 2192
2337 2164
2335 2164
2382 2161
2379 2158
2176 2350
2321 2193
2319 2193
2325 2201
2322 2200
2337 2197
2338 2198
2337 2163
2334 2164
2383 2161
2380 2158
2175 2350
2176 2351
2318 2193
2322 2201
2338 2199
2337 2162
2333 2164
2381 2158
2174 2350
2176 2352
2318 2192
2321 2201
2337 2199
2338 2200
2337 2161
2332 2164
2333 2165
2382 2158
2173 2350
2176 2353
2317 2192
2320 2201
2321 2202
2337 2200
2336 2161
2337 2160
2331 2164
2333 2166
2382 2159
2382 2157
2173 2351
2175 2353
2176 2354
2316 2192
2321 2203
2336 2200
2335 2161
2338 2160
2337 2159
2330 2164
2383 2159
2383 2157
2172 2351
2173 2352
2174 2353
2175 2354
2176 2355
2315 2192
2316 2191
2320 2203
2335 2200
2334 2161
2338 2159
2330 2165
2330 2163
2384 2159
2384 2157
2171 2351
2172 2352
2175 2355
2176 2356
2315 2193
2316 2190
2320 2204
2334 2200
2333 2161
2334 2162
2339 2159
2329 2163
2384 2156
2171 2352
2171 2350
2174 2355
2177 2356
2314 2193
2316 2189
2320 2205
2333 2200
2334 2201
2333 2162
2339 2158
2328 2163
2384 2155
2171 2353
2170 2350
2177 2357
2314 2194
2315 2189
2316 2188
2320 2206
2332 2200
2333 2201
2332 2162
2340 2158
2328 2164
2328 2162
2385 2155
2383 2155
2384 2154
2171 2354
2170 2349
2177 2358
2313 2194
2314 2195
2314 2189
2316 2187
2321 2206
2319 2206
2331 2200
2332 2201
2331 2162
2341 2158
2340 2157
2327 2164
2328 2165
2386 2155
2383 2154
2172 2354
2170 2354
2178 2358
2176 2358
2177 2359
2313 2195
2313 2189
2314 2190
2316 2186
2322 2206
2321 2207
2318 2206
2331 2201
2331 2161
2341 2157
2326 2164
2327 2165
2386 2156
2386 2154
2383 2153
2169 2354
2177 2360
2312 2195
2313 2188
2314 2191
2317 2186
2315 2186
2322 2207
2322 2205
2317 2206
2330 2201
2331 2202
2330 2161
2341 2156
2325 2164
2326 2165
2327 2166
2387 2156
2387 2154
2382 2153
2168 2354
2169 2355
2177 2361
2313 2187
2318 2186
2314 2186
2316 2206
2331 2203
2330 2160
2341 2155
2324 2164
2327 2167
2388 2154
2381 2153
2167 2354
2169 2356
2177 2362
2312 2187
2319 2186
2318 2185
2314 2185
2315 2206
2332 2203
2331 2204
2330 2159
2340 2155
2341 2154
2323 2164
2324 2163
2328 2167
2326 2167
2389 2154
2381 2152
2166 2354
2169 2357
2176 2362
2177 2363
2311 2187
2320 2186
2313 2185
2314 2184
2314 2206
2315 2207
2333 2203
2332 2204
2330 2158
2342 2154
2322 2164
2323 2165
2324 2162
2328 2168
2390 2154
2389 2153
2381 2151
2166 2355
2170 2357
2175 2362
2178 2363
2177 2364
2310 2187
2315 2184
2314 2183
2314 2207
2314 2205
2315 2208
2332 2205
2330 2157
2343 2154
2321 2164
2322 2165
2329 2168
2391 2154
2389 2152
2380 2151
2381 2150
2165 2355
2171 2357
2175 2363
2179 2363
2177 2365
2310 2188
2310 2186
2316 2184
2313 2183
2313 2207
2314 2208
2314 2204
2332 2206
2331 2157
2329 2157
2330 2156
2344 2154
2321 2165
2322 2166
2330 2168
2392 2154
2391 2153
2379 2151
2380 2150
2382 2150
2164 2355
2165 2356
2171 2358
2175 2364
2180 2363
2309 2186
2310 2185
2316 2183
2312 2183
2312 2207
2314 2209
2313 2204
2314 2203
2333 2206
2331 2206
2328 2157
2345 2154
2322 2167
2393 2154
2379 2152
2379 2150
2383 2150
2163 2355
2164 2356
2164 2354
2172 2358
2171 2359
2175 2365
2308 2186
2311 2185
2310 2184
2311 2183
2311 2207
2312 2208
2314 2210
2312 2204
2314 2202
2334 2206
2330 2206
2327 2157
2328 2158
2346 2154
2345 2155
2321 2167
2322 2168
2394 2154
2393 2153
2378 2152
2379 2153
2379 2149
2384 2150
2383 2149
2162 2355
2163 2356
2164 2357
2164 2353
2173 2358
2170 2359
2174 2365
2175 2366
2308 2187
2309 2184
2311 2182
2310 2207
2311 2208
2312 2209
2314 2211
2313 2202
2335 2206
2330 2207
2328 2159
2345 2156
2321 2168
2322 2169
2395 2154
2377 2152
2379 2154
2379 2148
2384 2151
2384 2149
2162 2356
2162 2354
2163 2357
2165 2353
2163 2353
2173 2359
2169 2359
2170 2360
2175 2367
2307 2187
2309 2183
2311 2181
2314 2212
2336 2206
2330 2208
2327 2159
2345 2157
2395 2155
2376 2152
2377 2153
2378 2148
2385 2149
2161 2356
2161 2354
2163 2358
2165 2352
2163 2352
2170 2361
2176 2367
2174 2367
2175 2368
2306 2187
2308 2183
2310 2181
2311 2180
2315 2212
2314 2213
2336 2207
2336 2205
2329 2208
2330 2209
2326 2159
2346 2157
2345 2158
2396 2155
2395 2156
2375 2152
2376 2151
2378 2147
2386 2149
2160 2354
2161 2353
2165 2351
2162 2352
2171 2361
2169 2361
2177 2367
2173 2367
2305 2187
2306 2186
2312 2180
2314 2214
2337 2205
2329 2209
2325 2159
2347 2157
2346 2158
2344 2158
2396 2156
2394 2156
2395 2157
2375 2151
2377 2147
2387 2149
2386 2150
2386 2148
2159 2354
2161 2352
2165 2350
2178 2367
2173 2368
2304 2187
2305 2188
2313 2180
2337 2204
2328 2209
2329 2210
2324 2159
2325 2158
2348 2157
2343 2158
2396 2157
2394 2157
2375 2150
2376 2147
2388 2149
2387 2150
2386 2147
2158 2354
2159 2353
2160 2352
2166 2350
2179 2367
2172 2368
2173 2369
2305 2189
2313 2179
2337 2203
2327 2209
2329 2211
2324 2160
2324 2158
2325 2157
2348 2158
2343 2159
2396 2158
2393 2157
2375 2147
2387 2151
2387 2147
2385 2147
2157 2354
2158 2353
2167 2350
2166 2349
2180 2367
2171 2368
2304 2189
2313 2178
2338 2203
2336 2203
2337 2202
2327 2210
2328 2211
2323 2158
2324 2157
2325 2156
2349 2158
2348 2159
2343 2160
2396 2159
2392 2157
2374 2147
2388 2147
2387 2146
2384 2147
2156 2354
2157 2353
2158 2352
2166 2348
2180 2368
2170 2368
2171 2369
2171 2367
2303 2189
2314 2178
2313 2177
2339 2203
2336 2202
2326 2210
2327 2211
2322 2158
2323 2157
2326 2156
2325 2155
2350 2158
2347 2159
2343 2161
2397 2159
2392 2156
2373 2147
2387 2145
2383 2147
2155 2354
2156 2355
2157 2352
2167 2348
2166 2347
2181 2368
2180 2369
2169 2368
2171 2370
2302 2189
2303 2190
2314 2177
2313 2176
2339 2204
2325 2210
2327 2212
2321 2158
2322 2157
2325 2154
2351 2158
2347 2160
2342 2161
2343 2162
2398 2159
2372 2147
2382 2147
2383 2146
2154 2354
2156 2356
2165 2347
2182 2368
2181 2369
2179 2369
2169 2369
2172 2370
2171 2371
2302 2190
2303 2191
2315 2177
2312 2176
2313 2175
2324 2210
2325 2211
2327 2213
2320 2158
2322 2156
2326 2154
2325 2153
2352 2158
2347 2161
2342 2162
2399 2159
2371 2147
2372 2146
2382 2148
2154 2355
2154 2353
2156 2357
2164 2347
2183 2368
2182 2369
2178 2369
2170 2371
2301 2190
2302 2191
2304 2191
2303 2192
2316 2177
2311 2176
2312 2175
2323 2210
2326 2213
2327 2214
2321 2156
2322 2155
2327 2154
2326 2153
2325 2152
2353 2158
2347 2162
2342 2163
2400 2159
2399 2158
2371 2148
2153 2353
2154 2352
2155 2357
2164 2348
2164 2346
2183 2367
2182 2370
2177 2369
2178 2370
2169 2371
2303 2193
2316 2178
2316 2176
2310 2176
2311 2177
2323 2211
2323 2209
2327 2215
2322 2154
2328 2154
2327 2155
2327 2153
2324 2152
2354 2158
2342 2164
2400 2160
2399 2157
2370 2148
2371 2149
2152 2353
2155 2358
2163 2348
2183 2366
2183 2370
2176 2369
2168 2371
2303 2194
2316 2179
2316 2175
2309 2176
2311 2178
2323 2212
2322 2209
2327 2216
2323 2154
2321 2154
2322 2153
2328 2153
2354 2157
2343 2164
2341 2164
2400 2161
2399 2156
2369 2148
2151 2353
2152 2352
2155 2359
2163 2349
2184 2366
2182 2366
2176 2370
2168 2372
2303 2195
2317 2179
2315 2179
2316 2174
2308 2176
2309 2177
2309 2175
2322 2212
2321 2209
2328 2216
2326 2216
2323 2153
2320 2154
2329 2153
2355 2157
2344 2164
2343 2165
2341 2165
2401 2161
2399 2155
2368 2148
2369 2149
2150 2353
2151 2354
2155 2360
2162 2349
2185 2366
2181 2366
2176 2371
2168 2373
2304 2195
2302 2195
2318 2179
2316 2173
2307 2176
2308 2177
2321 2212
2322 2213
2329 2216
2325 2216
2320 2155
2330 2153
2355 2156
2340 2165
2400 2155
2368 2149
2150 2354
2155 2361
2176 2372
2167 2373
2168 2374
2304 2196
2302 2196
2319 2179
2318 2180
2317 2173
2307 2175
2308 2178
2320 2212
2329 2217
2325 2215
2319 2155
2355 2155
2339 2165
2401 2155
2367 2149
2155 2362
2177 2372
2176 2373
2169 2374
2168 2375
2305 2196
2304 2197
2301 2196
2302 2197
2319 2178
2317 2172
2306 2175
2319 2212
2330 2217
2329 2218
2325 2214
2318 2155
2355 2154
2401 2156
2401 2154
2366 2149
2178 2372
2175 2373
2170 2374
2167 2375
2168 2376
2306 2196
2300 2196
2301 2197
2320 2178
2305 2175
2306 2174
2319 2211
2331 2217
2328 2218
2317 2155
2318 2154
2355 2153
2402 2154
2365 2149
2168 2377
2307 2196
2306 2197
2299 2196
2321 2178
2320 2177
2304 2175
2305 2176
2318 2211
2327 2218
2317 2156
2318 2153
2356 2153
2354 2153
2402 2153
2365 2150
2365 2148
2169 2377
2167 2377
2176 1503
2308 2196
2306 2198
2298 2196
2322 2178
2321 2179
2303 2175
2317 2211
2318 2210
2326 2218
2327 2219
2317 2157
2317 2153
2318 2152
2357 2153
2356 2152
2403 2153
2365 2151
2365 2147
2170 2377
2309 2196
2305 2198
2297 2196
2321 2180
2303 2176
2325 2218
2327 2220
2317 2158
2316 2153
2319 2152
2357 2154
2356 2151
2404 2153
2364 2151
2365 2152
2364 2147
2171 2377
2170 2378
2309 2197
2297 2195
2321 2181
2303 2177
2324 2218
2327 2221
2317 2159
2315 2153
2319 2151
2358 2154
2405 2153
2364 2152
2366 2152
2363 2147
2364 2146
2172 2377
2170 2379
2297 2194
2303 2178
2323 2218
2326 2221
2318 2159
2316 2159
2317 2160
2314 2153
2319 2150
2359 2154
2358 2155
2406 2153
2405 2154
2367 2152
2366 2153
2363 2148
2363 2146
2364 2145
2173 2377
2172 2376
2170 2380
2296 2194
2304 2178
2302 2178
2322 2218
2323 2217
2326 2222
2318 2160
2315 2159
2317 2161
2313 2153
2320 2150
2319 2149
2359 2153
2358 2156
2407 2153
2405 2155
2367 2151
2366 2154
2362 2148
2363 2145
2364 2144
2174 2377
2170 2381
2295 2194
2304 2179
2301 2178
2302 2179
2321 2218
2322 2219
2325 2222
2314 2159
2316 2161
2312 2153
2321 2150
2357 2156
2408 2153
2404 2155
2365 2154
2362 2149
2364 2143
2174 2378
2174 2376
2171 2381
2169 2381
2294 2194
2300 2178
2301 2177
2320 2218
2321 2219
2313 2159
2314 2158
2316 2162
2312 2152
2321 2151
2408 2154
2404 2156
2364 2154
2365 2155
2361 2149
2365 2143
2363 2143
2174 2379
2175 2376
2171 2382
2168 2381
2169 2382
2293 2194
2294 2193
2299 2178
2319 2218
2321 2220
2312 2159
2313 2160
2313 2158
2314 2157
2316 2163
2312 2151
2409 2154
2408 2155
2404 2157
2363 2154
2361 2150
2366 2143
2365 2142
2362 2143
2174 2380
2176 2376
2167 2381
2168 2380
2292 2194
2298 2178
2299 2179
2318 2218
2321 2221
2311 2159
2313 2157
2317 2163
2315 2163
2311 2151
2410 2154
2405 2157
2403 2157
2363 2155
2360 2150
2366 2142
2362 2142
2174 2381
2177 2376
2176 2375
2166 2381
2167 2382
2292 2195
2292 2193
2298 2179
2299 2180
2318 2219
2310 2159
2311 2160
2311 2158
2313 2156
2315 2164
2311 2150
2411 2154
2410 2155
2362 2155
2359 2150
2367 2142
2366 2141
2362 2141
2175 2381
2177 2375
2165 2381
2166 2380
2292 2196
2292 2192
2297 2179
2299 2181
2318 2220
2309 2159
2311 2161
2311 2157
2314 2164
2315 2165
2311 2149
2411 2155
2411 2153
2366 2140
2363 2141
2361 2141
2362 2140
2176 2381
2175 2382
2164 2381
2165 2382
2165 2380
2291 2196
2292 2197
2293 2192
2296 2179
2300 2181
2319 2220
2309 2158
2311 2162
2311 2156
2314 2165
2315 2166
2310 2149
2311 2148
2411 2152
2365 2140
2366 2139
2363 2140
2360 2141
2177 2381
2163 2381
2164 2382
2290 2196
2293 2197
2293 2191
2295 2179
2296 2180
2296 2178
2309 2157
2312 2162
2310 2162
2310 2156
2311 2155
2315 2167
2311 2147
2412 2152
2365 2139
2367 2139
2359 2141
2360 2140
2177 2380
2162 2381
2163 2380
2290 2197
2293 2190
2295 2178
2296 2177
2308 2157
2310 2163
2310 2155
2312 2155
2316 2167
2310 2147
2412 2151
2365 2138
2359 2142
2360 2139
2178 2380
2162 2382
2289 2197
2290 2198
2292 2190
2294 2178
2297 2177
2309 2163
2310 2164
2309 2155
2310 2154
2317 2167
2310 2146
2412 2150
2365 2137
2358 2142
2359 2139
2179 2380
2161 2382
2288 2197
2290 2199
2291 2190
2294 2177
2309 2164
2310 2153
2310 2145
2413 2150
2366 2137
2357 2142
2358 2139
2179 2379
2160 2382
2161 2383
2288 2198
2291 2199
2294 2176
2308 2164
2309 2153
2309 2145
2414 2150
2367 2137
2366 2136
2357 2139
2358 2138
2180 2379
2161 2384
2287 2198
2244 1358
2291 2200
2293 2176
2294 2175
2308 2153
2308 2145
2309 2144
2415 2150
2414 2149
2357 2140
2357 2138
2181 2379
2162 2384
2287 2199
2291 2201
2292 2176
2294 2174
2307 2153
2307 2145
2308 2146
2309 2143
2416 2150
2414 2148
2356 2140
2356 2138
2181 2378
2162 2385
2286 2199
2292 2201
2290 2201
2291 2202
2291 2176
2295 2174
2306 2153
2307 2146
2308 2147
2310 2143
2417 2150
2416 2151
2414 2147
2356 2141
2355 2138
2181 2377
2163 2385
2162 2386
2285 2199
2292 2202
2289 2201
2291 2203
2291 2177
2306 2154
2306 2152
2306 2146
2308 2148
2310 2142
2416 2152
2415 2147
2414 2146
2354 2138
2355 2139
2355 2137
2182 2377
2181 2376
2164 2385
2162 2387
2285 2200
2285 2198
2293 2202
2289 2202
2291 2204
2290 2177
2291 2178
2306 2151
2305 2146
2306 2147
2308 2149
2311 2142
2310 2141
2417 2152
2415 2152
2416 2147
2414 2145
2353 2138
2355 2136
2183 2377
2165 2385
2164 2384
2162 2388
2284 2198
2285 2197
2294 2202
2288 2202
2291 2205
2289 2177
3625 3020
2305 2145
2310 2140
2418 2152
2417 2153
2416 2148
2416 2146
2415 2145
2353 2139
2355 2135
2184 2377
2183 2376
2166 2385
2163 2388
2161 2388
2283 2198
2294 2203
2288 2203
2292 2205
2289 2178
2304 2145
2309 2140
2310 2139
2419 2152
2415 2144
2353 2140
2356 2135
2185 2377
2184 2378
2184 2376
2183 2375
2167 2385
2166 2386
2164 2388
2163 2389
2282 2198
2283 2199
2295 2203
2287 2203
2288 2204
2293 2205
2288 2178
2289 2179
2311 2139
2420 2152
2416 2144
2415 2143
2354 2140
2352 2140
2357 2135
2184 2379
2184 2375
2168 2385
2167 2386
2165 2388
2281 2198
2296 2203
2288 2205
2294 2205
2287 2178
2290 2179
2311 2138
2421 2152
2420 2153
2417 2144
2414 2143
2415 2142
2351 2140
2358 2135
2357 2136
2184 2380
2185 2375
2169 2385
2168 2384
2165 2389
2280 2198
2296 2202
2294 2206
2286 2178
2287 2179
2290 2180
2311 2137
2421 2151
2420 2154
2417 2145
2413 2143
2415 2141
2350 2140
2359 2135
2358 2134
2185 2380
2183 2380
2170 2385
2169 2386
2166 2389
2165 2390
2280 2199
2296 2201
2285 2178
2286 2177
2290 2181
2310 2137
2422 2151
2420 2155
2413 2142
2416 2141
2415 2140
2349 2140
2350 2141
2360 2135
2359 2134
2358 2133
2186 2380
2182 2380
2171 2385
2170 2386
2170 2384
2166 2390
2165 2391
2279 2199
2280 2200
2297 2201
2284 2178
2286 2176
2289 2181
2290 2182
2310 2136
2423 2151
2422 2150
2421 2155
2419 2155
2413 2141
2417 2141
2414 2140
2350 2142
2359 2133
2187 2380
2182 2381
2172 2385
2165 2392
2280 2201
2298 2201
2284 2179
2286 2175
2289 2182
2310 2135
2424 2151
2423 2152
2421 2156
2418 2155
2412 2141
2417 2142
2417 2140
2360 2133
2187 2381
2182 2382
2173 2385
2166 2392
2164 2392
2281 2201
2280 2202
2299 2201
2283 2179
2284 2180
2287 2175
2311 2135
2310 2134
2424 2152
2424 2150
2418 2156
2411 2141
2361 2133
2187 2382
2182 2383
2173 2386
2167 2392
2163 2392
2282 2201
2299 2202
2284 2181
2287 2174
2312 2135
2311 2134
2424 2153
2425 2150
2424 2149
2418 2157
2410 2141
2411 2140
2361 2132
2186 2382
2183 2383
2182 2384
2174 2386
2173 2387
2163 2393
2283 2201
2282 2202
2282 2200
2299 2203
2285 2181
2283 2181
2288 2174
2313 2135
2311 2133
2425 2153
2424 2154
2425 2149
2423 2149
2424 2148
2419 2157
2417 2157
2418 2158
2409 2141
2410 2140
2362 2132
2186 2383
2175 2386
2173 2388
2162 2393
2283 2202
2282 2203
2300 2203
2299 2204
2286 2181
2283 2182
2289 2174
2313 2134
2311 2132
2423 2154
2424 2155
2425 2148
2423 2148
2419 2158
2417 2158
2409 2142
2409 2140
2410 2139
2362 2131
2175 2385
2173 2389
2161 2393
2162 2394
2282 2204
2301 2203
2286 2182
2282 2182
2289 2173
2314 2134
2423 2155
2425 2155
2424 2156
2423 2147
2419 2159
2416 2158
2417 2159
2408 2142
2409 2143
2410 2138
2362 2130
2176 2385
2174 2389
2173 2390
2160 2393
2161 2392
2283 2204
2281 2204
2282 2205
2302 2203
2301 2204
2281 2182
2289 2172
2315 2134
2426 2155
2424 2157
2422 2147
2423 2146
2416 2159
2417 2160
2408 2143
2409 2144
2410 2137
2363 2130
2361 2130
2177 2385
2159 2393
2160 2392
2161 2391
2283 2205
2303 2203
2280 2182
2290 2172
2316 2134
2426 2156
2422 2146
2416 2160
2410 2144
2410 2136
2364 2130
2363 2129
2360 2130
2361 2129
2177 2386
2158 2393
2159 2394
2160 2391
2283 2206
2303 2204
2303 2202
2280 2183
2291 2172
2290 2171
2316 2135
2316 2133
2427 2156
2415 2160
2410 2145
2411 2136
2364 2131
2363 2128
2360 2131
2361 2128
2178 2386
2177 2387
2158 2394
2159 2395
2159 2391
2284 2206
2303 2205
2280 2184
2292 2172
2291 2171
2317 2133
2316 2132
2428 2156
2414 2160
2411 2145
2412 2136
2411 2135
2365 2131
2364 2132
2363 2127
2359 2131
2361 2127
2179 2386
2160 2395
2159 2390
2284 2207
2304 2205
2303 2206
2279 2184
2280 2185
2293 2172
2292 2173
2318 2133
2429 2156
2413 2160
2411 2146
2413 2136
2412 2137
2411 2134
2364 2133
2364 2127
2363 2126
2361 2126
2180 2386
2179 2387
2179 2385
2161 2395
2158 2390
2159 2389
2303 2207
2278 2184
2279 2185
2319 2133
2318 2134
2429 2157
2429 2155
2413 2159
2414 2136
2411 2133
2365 2133
2364 2134
2365 2127
2364 2126
2360 2126
2361 2125
2180 2387
2179 2388
2161 2396
2158 2389
2159 2388
2304 2207
2302 2207
2279 2186
2320 2133
2319 2134
2318 2135
2429 2158
2430 2155
2413 2158
2415 2136
2414 2137
2414 2135
2412 2133
2411 2132
2364 2135
2366 2127
2364 2125
2359 2126
2361 2124
2180 2388
2178 2388
2161 2397
2157 2389
2159 2387
2305 2207
2301 2207
2302 2208
2279 2187
2321 2133
2320 2132
2430 2158
2428 2158
2431 2155
2413 2157
2416 2136
2412 2132
2411 2131
2366 2126
2358 2126
2360 2124
2180 2389
2161 2398
2156 2389
2158 2387
2305 2208
2305 2206
2278 2187
2279 2188
2321 2134
2321 2132
2432 2155
2431 2156
2417 2136
2413 2132
2411 2130
2366 2125
2357 2126
2181 2389
2160 2398
2161 2399
2155 2389
2306 2208
2277 2187
2321 2135
2433 2155
2432 2154
2418 2136
2417 2135
2414 2132
2413 2131
2366 2124
2356 2126
2357 2127
2357 2125
2162 2399
2161 2400
2154 2389
2155 2388
2307 2208
2276 2187
2322 2135
2434 2155
2433 2156
2433 2154
2432 2153
2419 2136
2415 2132
2414 2133
2413 2130
2365 2124
2356 2127
2357 2128
2357 2124
2160 2400
2161 2401
2154 2390
2308 2208
2275 2187
2276 2188
2323 2135
2435 2155
2434 2154
2433 2157
2432 2152
2419 2137
2419 2135
2416 2132
2415 2131
2365 2123
2355 2127
2357 2123
2161 2402
2153 2390
2154 2391
2308 2207
2275 2186
2324 2135
2435 2154
2433 2158
2433 2152
2431 2152
2420 2137
2419 2134
2417 2132
2415 2130
2365 2122
2354 2127
2355 2128
2358 2123
2160 2402
2154 2392
2275 2185
2325 2135
2324 2134
2436 2154
2435 2153
2433 2159
2430 2152
2420 2134
2418 2134
2418 2132
2417 2131
2415 2129
2354 2128
2354 2126
2355 2129
2159 2402
2153 2392
2154 2393
2274 2185
2275 2184
2326 2135
2325 2136
2325 2134
2435 2152
2432 2159
2433 2160
2430 2151
2420 2133
2419 2132
2418 2131
2415 2128
2353 2126
2354 2125
2355 2130
2159 2403
2159 2401
2153 2393
2273 2185
2326 2136
2325 2133
2435 2151
2434 2160
2433 2161
2429 2151
2421 2133
2419 2131
2416 2128
2352 2126
2355 2125
2354 2124
2354 2130
2355 2131
2159 2404
2152 2393
2272 2185
2273 2184
2327 2136
2326 2133
2435 2150
2435 2160
2434 2161
2429 2150
2421 2132
2419 2130
2351 2126
2355 2132
2159 2405
2151 2393
2272 2186
2272 2184
2328 2136
2326 2132
2435 2149
2436 2160
2434 2162
2421 2131
2420 2130
2419 2129
2350 2126
2351 2125
2159 2406
2150 2393
2271 2186
2272 2187
2328 2137
2326 2131
2435 2148
2437 2160
2434 2163
2419 2128
2349 2126
2351 2124
2158 2406
2150 2394
2270 2186
2272 2188
2326 2130
2436 2148
2434 2148
2438 2160
2434 2164
2419 2127
2349 2125
2157 2406
2273 2188
2325 2130
2326 2129
2437 2148
2434 2147
2439 2160
2438 2161
2438 2159
2435 2164
2433 2164
2434 2165
2418 2127
2419 2126
2348 2125
2349 2124
2157 2407
2273 2189
2326 2128
2438 2148
2433 2147
2434 2146
2440 2160
2439 2161
2438 2162
2435 2165
2432 2164
2433 2165
2419 2125
2347 2125
2348 2124
2156 2407
2157 2408
2273 2190
2327 2128
2325 2128
2326 2127
2438 2149
2438 2147
2432 2147
2433 2146
2441 2160
2440 2161
2440 2159
2437 2162
2435 2166
2432 2165
2432 2163
2420 2125
2418 2125
2419 2124
2346 2125
2347 2124
2348 2123
2155 2407
2158 2408
2274 2190
2273 2191
2328 2128
2327 2127
2324 2128
2325 2127
2439 2149
2438 2150
2439 2147
2438 2146
2432 2148
2433 2145
2442 2160
2440 2158
2436 2162
2436 2166
2431 2165
2432 2166
2421 2125
2345 2125
2348 2122
2155 2406
2272 2191
2273 2192
2328 2129
2327 2126
2323 2128
2440 2149
2431 2148
2432 2145
2433 2144
2443 2160
2441 2158
2439 2158
2437 2166
2436 2167
2430 2165
2422 2125
2421 2124
2345 2126
2345 2124
2347 2122
2154 2406
2271 2191
2273 2193
2327 2125
2323 2127
2440 2150
2430 2148
2431 2149
2431 2145
2434 2144
2441 2157
2437 2167
2429 2165
2430 2164
2422 2126
2421 2123
2344 2124
2346 2122
2153 2406
2271 2190
2274 2193
2272 2193
2273 2194
2327 2124
2323 2126
2440 2151
2429 2148
2430 2149
2430 2145
2435 2144
2442 2157
2437 2168
2428 2165
2430 2163
2422 2127
2422 2123
2343 2124
2346 2121
2152 2406
2270 2190
2271 2193
2273 2195
2327 2123
2324 2126
2323 2125
2441 2151
2440 2152
2436 2144
2442 2156
2438 2168
2428 2166
2430 2162
2423 2127
2422 2128
2423 2123
2422 2122
2342 2124
2343 2125
2345 2121
2346 2120
2151 2406
2152 2407
2270 2189
2270 2193
2327 2122
2324 2125
2322 2125
3559 3322
2442 2151
2441 2152
2439 2152
2440 2153
2437 2144
2443 2156
2442 2155
2439 2168
2428 2167
2430 2161
2422 2121
2344 2121
2345 2120
2347 2120
2150 2406
2270 2188
2269 2193
2326 2122
2327 2121
2321 2125
3560 3321
2443 2151
2442 2150
2438 2152
2438 2144
2437 2145
2440 2168
2428 2168
2423 2121
2343 2121
2344 2122
2345 2119
2150 2407
2150 2405
2268 2193
2269 2194
2325 2122
2327 2120
3564 3330
2442 2149
2439 2144
2441 2168
2440 2169
2424 2121
2342 2121
2343 2122
2344 2119
2149 2407
2150 2408
2150 2404
2267 2193
2268 2192
2328 2120
3562 3328
2442 2148
2440 2144
2441 2167
2440 2170
2424 2120
2342 2122
2342 2120
2344 2118
2148 2407
2150 2409
2151 2404
2150 2403
2267 2194
2267 2192
2328 2119
2442 2147
2441 2166
2441 2170
2439 2170
2425 2120
2424 2119
2341 2122
2341 2120
2344 2117
2147 2407
2149 2403
2150 2402
2266 2194
2267 2195
2266 2192
2443 2147
2442 2166
2440 2166
2441 2171
2426 2120
2423 2119
2340 2122
2344 2116
2146 2407
2148 2403
2151 2402
2265 2194
2267 2196
2265 2192
2444 2147
2442 2165
2442 2171
2427 2120
2426 2121
2423 2118
2339 2122
2340 2121
2344 2115
2145 2407
2146 2408
2146 2406
2147 2403
2148 2402
2151 2401
2264 2194
2265 2193
2268 2196
2264 2192
2445 2147
2443 2165
2443 2171
2427 2121
2427 2119
2339 2121
2343 2115
2145 2406
2146 2409
2148 2401
2152 2401
2264 2195
2269 2196
2263 2192
2446 2147
2445 2146
2444 2165
2443 2172
2427 2122
2428 2119
2338 2121
2144 2406
2145 2409
2153 2401
2152 2400
2269 2197
2262 2192
2263 2191
2447 2147
2446 2148
2445 2165
2444 2166
2444 2172
2427 2123
2428 2118
2337 2121
2143 2406
2145 2410
2154 2401
2153 2402
2270 2197
2261 2192
2262 2193
2262 2191
2263 2190
2445 2166
2445 2164
2444 2167
2445 2172
2444 2173
2428 2117
2336 2121
2337 2122
2337 2120
2142 2406
2143 2407
2143 2405
2145 2411
2155 2401
2154 2402
2260 2192
2261 2191
2262 2194
2445 2167
3563 3328
2445 2163
2446 2172
2445 2171
2444 2174
2429 2117
2428 2116
2335 2121
2336 2122
2143 2408
2143 2404
2146 2411
2145 2412
2156 2401
2259 2192
2260 2193
2260 2191
2446 2163
2447 2172
2446 2173
2443 2174
2430 2117
2427 2116
2428 2115
2334 2121
2335 2122
2142 2408
2143 2409
2144 2404
2143 2403
2145 2413
2258 2192
2260 2190
2447 2163
2446 2162
2448 2172
2442 2174
2431 2117
2427 2115
2333 2121
2334 2120
2141 2408
2143 2402
2146 2413
2144 2413
2145 2414
2257 2192
2260 2189
2447 2162
2449 2172
2448 2171
2442 2175
2431 2118
2426 2115
2333 2122
2333 2120
2141 2409
2143 2401
2147 2413
2146 2414
2143 2413
2145 2415
2257 2191
2450 2172
2449 2171
2448 2170
2442 2176
2432 2118
2425 2115
2332 2122
2333 2123
2333 2119
2142 2401
2148 2413
2143 2414
2144 2415
2256 2191
2451 2172
2450 2173
2450 2171
2447 2170
2448 2169
2441 2176
2433 2118
2425 2114
2331 2122
2332 2123
2333 2118
2141 2401
2148 2414
2142 2414
2144 2416
2255 2191
2452 2172
2451 2173
2447 2169
2448 2168
2441 2177
2433 2119
2424 2114
2331 2121
2332 2124
2334 2118
2332 2118
2333 2117
2140 2401
2148 2415
2141 2414
2142 2415
2144 2417
2254 2191
2255 2192
2452 2173
2446 2169
2447 2168
2449 2168
2433 2120
2424 2113
2334 2117
2332 2117
2139 2401
2149 2415
2140 2414
2143 2417
2253 2191
2254 2190
2255 2193
2452 2174
2450 2168
2433 2121
2423 2113
2424 2112
2335 2117
2332 2116
2139 2400
2150 2415
2149 2416
2139 2414
2140 2413
2143 2418
2254 2189
2254 2193
2255 2194
2453 2174
2452 2175
2450 2167
2432 2121
2433 2122
2422 2113
2425 2112
2335 2116
2332 2115
2139 2399
2151 2415
2149 2417
2138 2414
2139 2415
2143 2419
2254 2188
2253 2193
2255 2195
2454 2174
2452 2176
2422 2114
2422 2112
2336 2116
2335 2115
2331 2115
2138 2399
2139 2398
2152 2415
2151 2414
2149 2418
2137 2414
2138 2413
2142 2419
2253 2188
2256 2195
2455 2174
2453 2176
2452 2177
2421 2114
2337 2116
2335 2114
2330 2115
2331 2114
2137 2399
2151 2413
2149 2419
2136 2414
2141 2419
2252 2188
2253 2187
2257 2195
2455 2175
2455 2173
2452 2178
2421 2115
2338 2116
2335 2113
2329 2115
2331 2113
2136 2399
2137 2398
2150 2413
2151 2412
2150 2419
2148 2419
2135 2414
2141 2420
2251 2188
2252 2189
2253 2186
2257 2196
2257 2194
2456 2175
2455 2176
2456 2173
2455 2172
2339 2116
2338 2117
2334 2113
2329 2116
2329 2114
2135 2399
2136 2400
2136 2398
2151 2419
2150 2420
2147 2419
2135 2415
2135 2413
2141 2421
2251 2187
2253 2185
2257 2197
2455 2177
2457 2173
2454 2172
2455 2171
2339 2115
2338 2118
2333 2113
2334 2112
2328 2116
2329 2117
2329 2113
2135 2400
2135 2398
2136 2401
2136 2397
2151 2420
2151 2418
2146 2419
2147 2420
2134 2415
2134 2413
2142 2421
2141 2422
2250 2187
2251 2186
2254 2185
2252 2185
2257 2198
2456 2177
2458 2173
2457 2174
2340 2115
2339 2114
2334 2111
2327 2116
2328 2117
2330 2117
2328 2113
2135 2397
2136 2396
2152 2418
2146 2418
2147 2421
2133 2415
2141 2423
2250 2186
2255 2185
2252 2184
2258 2198
2256 2198
2456 2178
2459 2173
2458 2174
2339 2113
2333 2111
2326 2116
2327 2115
2330 2118
2328 2112
2134 2397
2136 2395
2153 2418
2145 2418
2148 2421
2132 2415
2133 2414
2142 2423
2141 2424
2249 2186
2255 2184
2251 2184
2259 2198
2255 2198
2256 2199
2456 2179
2459 2174
2459 2172
2458 2175
2332 2111
2333 2110
2325 2116
2133 2397
2135 2395
2154 2418
2153 2419
2149 2421
2131 2415
2143 2423
2141 2425
2255 2183
2250 2184
2251 2183
2260 2198
2255 2199
2455 2179
2456 2180
2459 2175
2459 2171
2332 2112
2333 2109
2324 2116
2132 2397
2133 2396
2135 2394
2153 2420
2149 2422
2130 2415
2131 2416
2131 2414
2142 2425
2140 2425
2141 2426
2256 2183
2255 2182
2251 2182
2260 2197
2254 2199
2455 2180
2460 2175
2459 2176
2458 2171
2332 2109
2333 2108
2323 2116
2131 2397
2135 2393
2153 2421
2149 2423
2130 2414
2131 2417
2131 2413
2143 2425
2142 2426
2141 2427
2256 2182
2255 2181
2253 2199
2455 2181
2461 2175
2460 2176
2458 2170
2334 2108
2333 2107
2322 2116
2323 2115
2130 2397
2134 2393
2135 2392
2154 2421
2152 2421
2132 2417
2130 2417
2132 2413
2131 2412
2143 2426
2257 2182
2255 2180
2252 2199
2454 2181
2455 2182
2461 2176
2334 2107
2322 2117
2322 2115
2323 2114
2130 2398
2130 2396
2134 2392
2135 2391
2154 2422
2133 2417
2130 2418
2132 2412
2144 2426
2258 2182
2256 2180
2254 2180
2252 2200
2252 2198
2453 2181
2456 2182
2455 2183
2461 2177
2335 2107
2323 2113
2130 2399
2130 2395
2133 2392
2155 2422
2154 2423
2133 2418
2130 2419
2132 2411
2259 2182
2258 2183
2258 2181
2257 2180
2254 2179
2252 2201
2251 2198
2452 2181
2454 2183
2462 2177
2461 2178
2336 2107
2323 2112
2129 2399
2133 2391
2156 2422
2155 2423
2153 2423
2129 2419
2130 2420
2133 2411
2132 2410
2259 2183
2254 2178
2250 2198
2451 2181
2463 2177
2462 2178
2460 2178
2461 2179
2337 2107
2323 2111
2128 2399
2133 2390
2156 2423
2155 2424
2153 2424
2128 2419
2129 2420
2134 2411
2131 2410
2260 2183
2259 2184
2253 2178
2254 2177
2250 2199
2250 2197
2451 2182
2463 2178
2462 2179
2461 2180
2338 2107
2337 2106
2323 2110
2128 2400
2132 2390
2157 2423
2153 2425
2127 2419
2128 2418
2135 2411
2131 2409
2261 2183
2260 2184
2259 2185
2252 2178
2255 2177
2249 2199
2249 2197
2250 2196
2463 2179
2462 2180
2461 2181
2339 2107
2322 2110
2323 2109
2131 2390
2132 2389
2158 2423
2153 2426
2126 2419
2127 2418
2135 2410
2130 2409
2261 2184
2261 2182
2260 2185
2259 2186
2256 2177
2255 2176
2249 2200
2249 2196
2464 2179
2460 2181
2340 2107
2321 2110
2323 2108
2130 2390
2132 2388
2154 2426
2152 2426
2125 2419
2126 2420
2136 2410
2135 2409
2130 2408
2261 2185
2261 2181
2260 2186
2258 2186
2255 2175
2249 2201
2465 2179
2341 2107
2320 2110
2323 2107
2130 2389
2132 2387
2155 2426
2151 2426
2152 2427
2124 2419
2125 2420
2126 2421
2137 2410
2135 2408
2130 2407
2262 2185
2262 2181
2260 2187
2257 2186
2258 2187
2255 2174
2250 2201
2248 2201
2249 2202
2465 2180
2342 2107
2320 2111
2320 2109
2324 2107
2133 2387
2150 2426
2151 2427
2152 2428
2123 2419
2126 2422
2138 2410
2137 2411
2134 2408
2135 2407
2262 2186
2263 2181
2261 2187
2254 2174
2247 2201
2249 2203
2466 2180
2343 2107
2319 2111
2320 2108
2325 2107
2134 2387
2151 2428
2153 2428
2122 2419
2126 2423
2139 2410
2138 2411
2138 2409
2264 2181
2263 2180
2253 2174
2247 2200
2250 2203
2249 2204
2466 2181
2344 2107
2318 2111
2320 2107
2326 2107
2134 2388
2150 2428
2154 2428
2122 2418
2126 2424
2139 2409
2265 2181
2264 2182
2253 2175
2251 2203
2249 2205
2467 2181
2345 2107
2317 2111
2318 2110
2320 2106
2135 2388
2134 2389
2155 2428
2122 2417
2127 2424
2125 2424
2252 2175
2251 2204
2251 2202
2250 2205
2249 2206
2468 2181
2346 2107
2317 2112
2318 2109
2321 2106
2320 2105
2136 2388
2155 2429
2121 2417
2128 2424
2124 2424
2251 2175
2252 2176
2252 2204
2248 2206
2249 2207
2469 2181
2468 2180
2347 2107
2316 2112
2317 2113
2317 2109
2137 2388
2136 2389
2155 2430
2121 2416
2129 2424
2128 2425
2128 2423
2123 2424
2250 2175
2251 2176
2253 2204
2252 2205
2247 2206
2470 2181
2469 2182
2469 2180
2468 2179
2347 2108
2347 2106
2317 2114
2317 2108
2137 2387
2155 2431
2121 2415
2130 2424
2128 2426
2123 2425
2249 2175
2250 2174
2254 2204
2253 2205
2246 2206
2470 2182
2469 2183
2469 2179
2468 2178
2348 2108
2348 2106
2347 2105
2317 2115
2316 2108
2137 2386
2155 2432
2122 2415
2120 2415
2121 2414
2131 2424
2129 2426
2122 2425
2123 2426
2248 2175
2250 2173
2255 2204
2246 2207
2471 2182
2468 2177
2349 2108
2348 2105
2346 2105
2347 2104
2318 2115
2316 2115
2315 2108
2316 2107
2137 2385
2156 2432
2154 2432
2155 2433
2122 2414
2120 2414
2121 2413
2132 2424
2130 2426
2123 2427
2247 2175
2248 2176
2248 2174
2251 2173
2249 2173
2256 2204
2245 2207
2471 2183
2350 2108
2349 2105
2319 2115
2316 2116
2314 2108
2137 2384
2157 2432
2155 2434
2122 2413
2119 2414
2121 2412
2132 2425
2131 2426
2130 2427
2122 2427
2123 2428
2246 2175
2247 2174
2257 2204
2256 2203
2244 2207
2245 2208
2472 2183
2471 2184
2350 2109
2350 2107
2350 2105
2349 2104
2316 2117
2314 2107
2138 2384
2137 2383
2158 2432
2157 2433
2154 2434
2155 2435
2123 2413
2118 2414
2133 2425
2123 2429
2245 2175
2246 2176
2247 2173
2258 2204
2257 2205
2244 2206
2245 2209
2471 2185
2350 2110
2351 2107
2350 2104
2349 2103
2317 2117
2315 2117
2316 2118
2313 2107
2139 2384
2136 2383
2137 2382
2159 2432
2158 2433
2157 2434
2153 2434
2124 2413
2123 2412
2118 2415
2134 2425
2124 2429
2122 2429
2244 2175
2246 2177
2247 2172
2258 2203
2257 2206
2244 2205
2246 2209
2472 2185
2471 2186
2349 2110
2350 2111
2351 2106
2351 2104
2350 2103
2314 2117
2315 2118
2316 2119
2312 2107
2140 2384
2136 2382
2159 2433
2157 2435
2152 2434
2153 2433
2124 2412
2117 2415
2124 2430
2121 2429
2243 2175
2247 2171
2259 2203
2257 2207
2243 2205
2473 2185
2472 2186
2350 2112
2352 2106
2352 2104
2350 2102
2313 2117
2314 2118
2317 2119
2311 2107
2140 2385
2140 2383
2135 2382
2157 2436
2151 2434
2152 2433
2125 2412
2124 2411
2124 2431
2121 2430
2242 2175
2243 2176
2248 2171
2257 2208
2243 2204
2474 2185
2472 2187
2351 2112
2350 2113
2352 2103
2350 2101
2313 2116
2314 2119
2310 2107
2311 2108
2141 2385
2140 2382
2134 2382
2158 2436
2156 2436
2157 2437
2150 2434
2120 2430
2241 2175
2242 2174
2249 2171
2258 2208
2242 2204
2475 2185
2474 2184
2473 2187
2472 2188
2351 2113
2349 2101
2350 2100
2312 2116
2313 2115
2313 2119
2309 2107
2310 2108
2140 2381
2133 2382
2134 2383
2159 2436
2156 2437
2150 2435
2120 2431
2240 2175
2242 2173
2249 2170
2259 2208
2241 2204
2476 2185
2474 2183
2471 2188
2472 2189
2352 2113
2351 2114
2350 2099
2313 2114
2312 2119
2313 2120
2308 2107
2309 2108
2141 2381
2134 2384
2160 2436
2156 2438
2149 2435
2119 2431
2240 2174
2243 2173
2250 2170
2260 2208
2259 2207
2240 2204
2241 2205
2477 2185
2475 2183
2470 2188
2471 2189
2351 2099
2350 2098
2313 2113
2312 2120
2312 2118
2313 2121
2307 2107
2142 2381
2133 2384
2161 2436
2148 2435
2119 2432
2239 2174
2240 2173
2251 2170
2250 2169
2260 2209
2239 2204
2241 2206
2477 2186
2477 2184
2475 2182
2469 2188
2470 2187
2352 2099
2349 2098
2311 2120
2311 2118
2306 2107
2307 2106
2143 2381
2142 2382
2142 2380
2132 2384
2161 2435
2147 2435
2119 2433
2238 2174
2240 2172
2251 2171
2250 2168
2260 2210
2238 2204
2239 2203
2478 2186
2476 2182
2469 2187
2352 2098
2348 2098
2349 2097
2311 2121
2310 2118
2305 2107
2306 2108
2307 2105
2143 2382
2142 2379
2131 2384
2132 2383
2161 2434
2120 2433
2118 2433
2119 2434
2237 2174
2238 2175
2239 2172
2249 2168
2261 2210
2259 2210
2260 2211
2237 2204
2238 2205
2478 2187
2477 2182
2353 2098
2347 2098
2310 2121
2311 2122
2309 2118
2305 2108
2305 2106
2306 2109
2308 2105
2306 2105
2144 2382
2143 2379
2141 2379
2131 2385
2131 2383
2162 2434
2120 2434
2117 2433
2236 2174
2238 2172
2248 2168
2249 2167
2258 2210
2259 2211
2260 2212
2236 2204
2452 2190
2478 2188
2478 2182
2353 2097
2346 2098
2347 2097
2309 2121
2311 2123
2309 2117
2304 2108
2306 2110
2309 2105
2144 2383
2144 2379
2163 2434
2120 2435
2117 2434
2117 2432
2236 2173
2237 2172
2238 2171
2249 2166
2257 2210
2260 2213
2236 2203
2430 1883
2479 2188
2479 2182
2353 2096
2346 2097
2308 2121
2311 2124
2303 2108
2307 2110
2306 2111
2309 2104
2145 2383
2144 2380
2164 2434
2121 2435
2120 2436
2116 2434
2238 2170
2250 2166
2248 2166
2256 2210
2260 2214
2236 2202
2431 1882
2430 1882
2479 2189
2479 2183
2352 2096
2346 2096
2307 2121
2308 2122
2311 2125
2303 2109
2303 2107
2307 2111
2305 2111
2310 2104
2146 2383
2164 2435
2164 2433
2122 2435
2119 2436
2115 2434
2239 2170
2237 2170
2250 2165
2256 2211
2261 2214
2236 2201
2427 1882
2429 1882
2431 1901
2479 2190
2351 2096
2352 2095
2346 2095
2307 2122
2308 2123
2312 2125
2310 2125
2302 2109
2304 2111
2146 2382
2164 2436
2164 2432
2123 2435
2122 2436
2118 2436
2115 2433
2255 2211
2262 2214
2235 2201
2236 2200
2428 1882
2427 1900
2431 1900
2478 2190
2352 2094
2347 2095
2346 2094
2307 2123
2308 2124
2312 2126
2310 2126
2301 2109
2165 2436
2163 2432
2124 2435
2123 2436
2117 2436
2118 2435
2115 2432
2254 2211
2262 2215
2234 2201
2236 2199
2428 1883
2428 1900
2427 1899
2477 2190
2478 2191
2352 2093
2345 2094
2346 2093
2306 2123
2308 2125
2300 2109
2301 2108
2166 2436
2165 2437
2162 2432
2125 2435
2124 2434
2115 2431
2253 2211
2262 2216
2233 2201
2234 2202
2235 2199
2430 1900
2428 1884
2429 1900
2477 2191
2478 2192
2353 2093
2345 2093
2305 2123
2299 2109
2301 2107
2165 2438
2126 2435
2125 2436
2125 2434
2124 2433
2115 2430
2253 2212
2253 2210
2262 2217
2234 2199
2428 1899
2430 1899
2428 1885
2431 1888
2429 1899
2479 2192
2478 2193
2344 2093
2345 2092
2298 2109
2299 2108
2301 2106
2166 2438
2164 2438
2127 2435
2126 2436
2125 2437
2125 2433
2115 2429
2252 2212
2263 2217
2261 2217
2233 2199
2234 2198
2428 1886
2431 1887
2436 1892
2429 1898
2429 1886
2428 1887
2480 2192
2477 2193
2343 2093
2344 2092
2297 2109
2298 2110
2301 2105
2167 2438
2127 2436
2126 2437
2125 2438
2126 2433
2114 2429
2115 2428
2252 2213
2264 2217
2263 2218
2261 2218
2233 2198
2430 1887
2435 1892
2480 2191
2477 2194
2342 2093
2298 2111
2302 2105
2301 2104
2168 2438
2128 2436
2124 2438
2125 2439
2126 2432
2113 2429
2114 2428
2251 2213
2265 2217
2263 2219
2260 2218
2232 2198
2429 1897
2429 1887
2481 2191
2477 2195
2341 2093
2342 2092
2298 2112
2302 2104
2300 2104
2301 2103
2169 2438
2168 2439
2129 2436
2125 2440
2127 2432
2112 2429
2114 2427
2251 2214
2266 2217
2265 2218
2263 2220
2259 2218
2232 2197
2433 1891
2434 1892
2482 2191
2476 2195
2341 2092
2342 2091
2298 2113
2299 2104
2301 2102
2170 2438
2130 2436
2125 2441
2128 2432
2112 2430
2114 2426
2250 2214
2251 2215
2267 2217
2264 2220
2263 2221
2259 2219
2259 2217
2231 2197
2421 1900
2483 2191
2475 2195
2476 2196
2340 2092
2342 2090
2299 2113
2297 2113
2298 2104
2302 2102
2301 2101
2171 2438
2170 2437
2131 2436
2130 2435
2125 2442
2112 2431
2115 2426
2114 2425
2249 2214
2251 2216
2267 2218
2264 2221
2263 2222
2259 2220
2231 2196
2429 1896
2483 2190
2474 2195
2339 2092
2342 2089
2300 2113
2297 2114
2297 2104
2298 2103
2302 2101
2301 2100
2171 2439
2170 2436
2131 2437
2126 2442
2124 2442
2111 2431
2115 2425
2113 2425
2248 2214
2249 2215
2249 2213
2251 2217
2268 2218
2265 2221
2263 2223
2260 2220
2230 2196
2428 1895
2483 2189
2474 2196
2338 2092
2343 2089
2342 2088
2300 2114
2297 2115
2297 2105
2298 2102
2301 2099
2171 2436
2169 2436
2170 2435
2123 2442
2124 2443
2110 2431
2116 2425
2115 2424
2113 2424
2247 2214
2248 2215
2249 2216
2249 2212
2251 2218
2269 2218
2268 2219
2266 2221
2262 2223
2229 2196
2230 2195
2430 1895
2429 1888
2483 2188
2473 2196
2474 2197
2337 2092
2338 2093
2338 2091
2344 2089
2341 2088
2300 2115
2298 2115
2297 2102
2301 2098
2172 2436
2170 2434
2123 2441
2124 2444
2109 2431
2117 2425
2112 2424
2250 2218
2268 2220
2261 2223
2262 2224
2229 2195
2432 1891
2433 1892
2484 2188
2472 2196
2338 2094
2338 2090
2345 2089
2341 2087
2301 2115
2299 2115
2300 2116
2296 2102
2297 2101
2300 2098
2171 2434
2170 2433
2123 2444
2108 2431
2109 2432
2117 2426
2117 2424
2249 2218
2268 2221
2261 2224
2229 2194
2421 1901
2429 1895
2429 1889
2485 2188
2484 2187
2471 2196
2338 2095
2339 2090
2346 2089
2345 2090
2345 2088
2341 2086
2300 2117
2296 2103
2297 2100
2299 2098
2300 2097
2171 2433
2123 2445
2107 2431
2117 2427
2249 2219
2269 2221
2261 2225
2229 2193
2432 1892
2422 1901
2486 2188
2485 2187
2471 2195
2337 2095
2340 2090
2339 2089
2347 2089
2346 2090
2345 2087
2342 2086
2340 2086
2296 2100
2297 2099
2298 2098
2299 2097
2300 2096
2171 2432
2122 2445
2123 2446
2106 2431
2248 2219
2249 2220
2269 2222
2260 2225
2261 2226
2228 2193
2424 1901
2429 1894
2430 1889
2431 1892
2486 2189
2485 2186
2471 2194
2336 2095
2337 2096
2340 2089
2345 2086
2343 2086
2339 2086
2340 2085
2296 2099
2301 2096
2171 2431
2121 2445
2122 2446
2124 2446
2123 2447
2105 2431
2106 2432
2248 2220
2249 2221
2269 2223
2259 2225
2227 2193
2423 1901
2429 1893
2430 1890
2430 1892
2487 2189
2486 2190
2485 2185
2470 2194
2335 2095
2337 2097
2345 2085
2343 2087
2343 2085
2338 2086
2340 2084
2296 2098
2301 2095
2172 2431
2121 2446
2121 2444
2122 2447
2124 2447
2104 2431
2105 2432
2106 2433
2250 2221
2258 2225
2259 2226
2259 2224
2226 2193
2227 2194
2227 2192
2423 1900
2424 1899
2487 2190
2486 2191
2486 2185
2469 2194
2334 2095
2336 2097
2338 2087
2340 2083
2295 2098
2302 2095
2301 2094
2173 2431
2172 2430
2120 2446
2124 2448
2103 2431
2105 2433
2250 2222
2258 2224
2259 2223
2225 2193
2226 2194
2227 2195
2227 2191
2426 1889
2488 2190
2486 2184
2468 2194
2469 2195
2334 2096
2338 2088
2339 2083
2340 2082
2303 2095
2300 2094
3894 2714
2173 2432
2172 2429
2119 2446
2125 2448
2124 2449
2103 2432
2103 2430
2105 2434
2250 2223
2257 2224
2259 2222
2225 2192
2226 2195
2227 2190
2429 1892
2430 1891
2488 2191
2487 2184
2486 2183
2467 2194
2468 2193
2469 2196
2333 2096
2337 2088
2338 2083
2340 2081
2303 2096
2303 2094
2299 2094
2174 2432
2173 2433
2173 2429
2171 2429
2118 2446
2119 2447
2123 2449
2102 2432
2103 2429
2105 2435
2249 2223
2257 2223
2224 2192
2226 2196
2423 1899
2427 1889
2489 2191
2488 2192
2488 2184
2486 2182
2467 2193
2468 2192
2469 2197
2332 2096
2333 2097
2336 2088
2337 2083
2338 2082
2341 2081
2339 2081
2304 2096
2303 2093
2298 2094
2174 2429
2170 2429
2171 2428
2119 2448
2123 2450
2101 2432
2103 2428
2106 2435
2248 2223
2249 2224
2257 2222
2223 2192
2224 2191
2226 2197
2429 1891
2423 1898
2427 1890
2490 2191
2488 2193
2489 2184
2488 2183
2485 2182
2486 2181
2466 2193
2469 2198
2331 2096
2332 2095
2335 2088
2342 2081
2341 2080
2339 2080
2304 2093
2303 2092
2297 2094
2175 2429
2169 2429
2171 2427
2118 2448
2123 2451
2103 2427
2107 2435
2106 2436
2256 2222
2257 2221
2222 2192
2223 2191
2224 2190
2226 2198
2427 1892
2428 1891
2423 1897
2490 2190
2488 2194
2490 2184
2485 2181
2486 2180
2465 2193
2466 2192
2469 2199
2330 2096
2332 2094
2342 2080
2341 2079
2339 2079
2304 2092
2296 2094
2297 2095
2175 2430
2172 2427
2171 2426
2117 2448
2124 2451
2122 2451
2104 2427
2102 2427
2107 2436
2255 2222
2222 2191
2224 2189
2427 1891
2423 1896
2489 2194
2490 2183
2487 2180
2464 2193
2466 2191
2469 2200
2332 2093
2341 2078
2305 2092
2295 2094
2172 2426
2170 2426
2116 2448
2125 2451
2121 2451
2102 2426
2108 2436
2254 2222
2221 2191
2225 2189
2224 2188
2425 1894
2426 1891
2490 2194
2489 2195
2490 2182
2487 2179
2463 2193
2464 2194
2466 2190
2470 2200
2342 2078
2341 2077
2306 2092
2294 2094
2173 2426
2170 2425
2115 2448
2116 2449
2125 2452
2120 2451
2102 2425
2108 2437
2253 2222
2254 2221
2220 2191
2221 2190
2226 2189
2223 2188
2224 2187
2423 1895
2424 1894
2491 2194
2489 2196
2487 2178
2467 2190
2465 2190
2470 2201
2342 2077
2340 2077
2341 2076
2294 2095
2294 2093
2170 2424
2114 2448
2116 2450
2126 2452
2125 2453
2120 2452
2101 2425
2102 2424
2109 2437
2253 2221
2254 2220
2220 2192
2220 2190
2221 2189
2222 2188
2223 2187
2225 2187
2425 1891
2423 1894
2492 2194
2491 2193
2488 2196
2489 2197
2486 2178
2487 2177
2467 2189
2464 2190
2470 2202
2341 2075
2293 2095
2294 2092
2171 2424
2170 2423
2113 2448
2114 2447
2116 2451
2127 2452
2124 2453
2100 2425
2102 2423
2110 2437
2255 2220
2219 2190
2221 2188
2226 2187
2424 1891
2492 2195
2491 2192
2487 2196
2490 2197
2489 2198
2488 2177
2487 2176
2467 2188
2464 2189
2469 2202
2470 2203
2340 2075
2292 2095
2293 2096
2293 2092
2170 2422
2112 2448
2113 2449
2116 2452
2127 2453
2124 2454
2100 2426
2103 2423
2101 2423
2102 2422
2110 2438
2218 2190
2219 2189
2221 2187
2226 2186
2423 1893
2424 1892
2486 2196
2487 2175
2463 2189
2464 2188
2468 2202
2470 2204
2339 2075
2340 2074
2291 2095
2293 2097
2292 2092
2171 2422
2169 2422
2170 2421
2112 2449
2124 2455
2099 2426
2111 2438
2218 2191
2218 2189
2423 1892
2485 2196
2486 2197
2488 2175
2487 2174
2462 2189
2464 2187
2468 2201
2469 2204
2338 2075
2340 2073
2291 2096
2291 2094
2293 2098
2292 2091
2172 2422
2168 2422
2169 2421
2112 2450
2124 2456
2098 2426
2218 2188
2488 2174
2487 2173
2461 2189
2465 2187
2467 2201
2337 2075
2341 2073
2339 2073
2340 2072
2290 2096
2290 2094
2291 2093
2292 2098
2291 2091
2292 2090
2173 2422
2167 2422
2112 2451
2125 2456
2124 2457
2097 2426
2098 2425
2218 2187
2486 2173
2487 2172
2461 2188
2465 2186
2466 2201
2467 2200
2336 2075
2342 2073
2338 2073
2340 2071
2289 2096
2289 2094
2292 2099
2173 2423
2166 2422
2167 2421
2112 2452
2126 2456
2123 2457
2096 2426
2097 2427
2098 2424
2217 2187
2218 2186
2488 2172
2460 2188
2466 2186
2465 2201
2466 2202
2343 2073
2342 2072
2337 2073
2288 2096
2289 2093
2174 2423
2165 2422
2167 2420
2112 2453
2126 2457
2095 2426
2096 2425
2098 2423
2218 2185
2488 2171
2459 2188
2466 2185
2465 2202
2466 2203
2343 2074
2343 2072
2336 2073
2337 2072
2287 2096
2288 2097
2164 2422
2165 2421
2167 2419
2113 2453
2126 2458
2094 2426
2099 2423
2219 2185
2488 2170
2458 2188
2464 2202
2344 2072
2343 2071
2336 2072
2337 2071
2286 2096
2288 2098
2163 2422
2164 2423
2164 2421
2167 2418
2127 2458
2125 2458
2126 2459
2093 2426
2099 2422
2219 2184
2489 2170
2488 2169
2457 2188
2458 2189
2463 2202
2464 2203
2345 2072
2343 2070
2336 2071
2338 2071
2337 2070
2285 2096
2288 2099
2162 2422
2164 2420
2168 2418
2167 2417
2126 2460
2092 2426
2093 2427
2093 2425
2219 2183
2490 2170
2487 2169
2456 2188
2462 2202
2463 2201
2464 2204
2345 2073
2345 2071
2343 2069
2335 2071
2336 2070
2285 2095
2289 2099
2288 2100
2161 2422
2162 2423
2164 2419
2169 2418
2167 2416
2126 2461
2091 2426
2092 2427
2093 2424
2219 2182
2491 2170
2490 2171
2490 2169
2456 2189
2461 2202
2462 2203
2464 2205
2346 2073
2343 2068
2335 2070
2336 2069
2284 2095
2290 2099
2287 2100
2170 2418
2166 2416
2167 2415
2125 2461
2126 2462
2091 2427
2091 2425
2092 2424
2093 2423
2218 2182
2491 2169
2490 2168
2455 2189
2456 2190
2460 2202
2461 2203
2464 2206
2346 2074
2344 2068
2336 2068
2284 2094
2290 2100
2286 2100
2171 2418
2170 2419
2170 2417
2165 2416
2124 2461
2127 2462
2091 2428
2092 2423
2094 2423
2217 2182
2491 2168
2489 2168
2455 2190
2456 2191
2459 2202
2463 2206
2464 2207
2346 2075
2345 2068
2344 2067
2337 2068
2336 2067
2283 2094
2284 2093
2286 2101
2286 2099
2171 2419
2171 2417
2165 2415
2123 2461
2124 2460
2128 2462
2090 2428
2094 2422
2216 2182
2217 2181
2492 2168
2454 2190
2458 2202
2459 2201
2465 2207
2346 2076
2338 2068
2336 2066
2282 2094
2283 2093
2285 2101
2286 2102
2285 2099
2172 2419
2172 2417
2122 2461
2123 2462
2124 2459
2089 2428
2090 2429
2215 2182
2216 2183
2216 2181
2217 2180
2492 2167
2453 2190
2457 2202
2458 2201
2466 2207
2346 2077
2338 2069
2338 2067
2336 2065
2281 2094
2284 2101
2286 2103
2284 2099
2173 2417
2172 2416
2122 2462
2123 2463
2123 2459
2088 2428
2215 2181
2216 2184
2218 2180
2493 2167
2453 2191
2453 2189
2456 2202
2457 2203
2458 2200
2466 2206
2347 2077
2338 2066
2335 2065
2336 2064
2281 2095
2281 2093
2284 2102
2285 2103
2284 2098
2172 2415
2122 2463
2123 2464
2122 2459
2088 2429
2216 2185
2494 2167
2453 2192
2453 2188
2456 2203
2456 2201
2348 2077
2347 2078
2334 2065
2337 2064
2336 2063
2280 2095
2281 2092
2283 2102
2285 2104
2283 2098
2171 2415
2123 2465
2122 2458
2087 2429
2215 2185
2495 2167
2494 2166
2454 2192
2452 2192
2452 2188
2456 2204
2455 2201
2456 2200
2348 2076
2333 2065
2336 2062
2280 2096
2282 2092
2281 2091
2282 2102
2282 2098
2171 2414
2124 2465
2123 2466
2086 2429
2214 2185
2496 2167
2495 2168
2451 2188
2455 2204
2456 2205
2456 2199
2332 2065
2337 2062
2336 2061
2279 2096
2281 2090
2281 2102
2282 2097
2171 2413
2123 2467
2086 2430
2086 2428
2214 2186
2214 2184
2496 2166
2495 2169
2451 2189
2456 2206
2457 2199
2456 2198
2332 2066
2332 2064
2335 2061
2336 2060
2278 2096
2280 2090
2281 2103
2172 2413
2170 2413
2123 2468
2086 2431
2085 2428
2086 2427
2214 2187
2213 2184
2497 2166
3537 3328
2456 2207
2457 2198
2455 2198
2331 2066
2332 2067
2331 2064
2332 2063
2334 2061
2337 2060
2277 2096
2279 2090
2281 2104
2173 2413
2172 2412
2170 2412
2124 2468
2122 2468
2123 2469
2085 2431
2086 2432
2084 2428
2086 2426
2215 2187
2214 2188
2212 2184
2498 2166
2497 2165
3887 2728
2456 2208
2457 2197
2454 2198
2455 2197
2331 2067
2330 2064
2331 2063
2332 2062
2333 2061
2338 2060
2276 2096
2277 2095
2279 2091
2279 2089
2280 2104
2281 2105
2172 2411
2170 2411
2125 2468
2121 2468
2123 2470
2084 2431
2085 2432
2086 2425
2213 2188
2212 2185
2212 2183
2498 2167
2498 2165
3949 2756
2456 2209
2458 2197
2457 2196
2330 2067
2331 2068
2329 2064
2331 2062
2333 2062
2332 2061
2338 2061
2338 2059
2277 2094
2279 2092
2279 2088
2282 2105
2173 2411
2169 2411
2170 2410
2126 2468
2125 2467
2122 2470
2123 2471
2083 2431
2084 2432
2086 2424
2212 2188
2213 2189
2211 2185
2212 2186
2212 2182
2499 2167
2498 2168
2498 2164
3949 2755
2457 2209
2455 2209
2456 2210
2459 2197
2457 2195
2329 2067
2332 2060
2338 2058
2276 2094
2279 2087
2282 2106
2173 2410
2170 2409
2126 2467
2125 2466
2123 2472
2084 2433
2086 2423
2211 2188
2212 2187
2210 2185
2212 2181
2500 2167
2498 2169
3951 2756
2458 2209
2454 2209
2455 2210
2456 2211
2459 2198
2456 2195
2457 2194
2328 2067
2329 2066
2332 2059
2339 2058
2279 2086
2283 2106
2173 2409
2170 2408
2126 2466
2123 2473
2083 2433
2084 2434
2085 2423
2086 2422
2210 2188
2211 2187
2213 2181
2211 2181
2212 2180
2501 2167
2498 2170
2314 1233
2318 1230
2315 1235
2459 2209
2453 2209
2457 2211
2456 2212
2455 2195
2327 2067
2333 2059
2331 2059
2340 2058
2339 2057
2280 2086
2283 2107
2122 2473
2123 2474
2084 2435
2085 2422
2087 2422
2086 2421
2209 2188
2210 2189
2213 2180
2212 2179
2502 2167
2501 2166
2499 2170
2314 1234
2318 1231
2459 2210
2452 2209
2458 2211
2456 2213
2327 2068
2334 2059
2330 2059
2331 2058
2340 2059
2340 2057
2281 2086
2280 2085
2283 2108
2121 2473
2122 2474
2124 2474
2083 2435
2085 2421
2088 2422
2209 2189
2210 2190
2211 2179
2503 2167
2501 2165
2499 2171
2321 1232
2316 1233
2315 1234
2460 2210
2459 2211
2451 2209
2452 2208
2455 2213
2335 2059
2330 2058
2331 2057
2341 2059
2340 2056
2281 2087
2280 2084
2282 2108
2283 2109
2120 2473
2121 2472
2122 2475
2125 2474
2082 2435
2083 2436
2085 2420
2088 2423
2088 2421
2209 2190
2210 2191
2211 2178
2504 2167
2503 2168
2503 2166
2500 2165
2499 2172
2318 1232
2321 1233
2317 1233
2316 1234
2460 2211
2451 2210
2451 2208
2452 2207
2454 2213
2329 2058
2342 2059
2340 2055
2282 2087
2279 2084
2281 2108
2283 2110
2122 2476
2126 2474
2081 2435
2083 2437
2084 2420
2088 2424
2088 2420
2208 2190
2209 2191
2210 2192
2211 2177
2503 2165
2500 2164
2500 2172
2498 2172
2499 2173
2319 1232
2320 1233
2317 1234
2319 1233
2317 1235
2319 1234
2318 1235
2461 2211
2460 2212
2450 2208
2453 2213
2454 2214
2328 2058
2329 2057
2342 2058
2340 2054
2283 2087
2279 2083
2280 2108
2283 2111
2123 2476
2122 2477
2126 2475
2080 2435
2081 2436
2081 2434
2084 2437
2083 2438
2083 2420
2088 2425
2089 2420
2207 2190
2208 2191
2209 2192
2211 2192
2210 2177
2211 2176
2500 2173
2499 2174
2319 1235
2230 2212
2229 2213
2461 2212
2450 2207
2452 2213
2453 2212
2327 2058
2342 2057
2341 2054
2339 2054
2279 2082
2279 2108
2280 2107
2283 2112
2122 2478
2126 2476
2079 2435
2080 2434
2082 2438
2082 2420
2083 2419
2088 2426
2090 2420
2207 2191
2207 2189
2212 2192
2211 2193
2209 2177
2210 2176
2212 2176
2500 2174
2498 2174
2229 2215
2462 2212
2461 2213
2451 2213
2327 2057
2341 2053
2338 2054
2339 2053
2279 2081
2278 2108
2279 2107
2283 2113
2121 2478
2127 2476
2125 2476
2080 2433
2081 2438
2081 2420
2083 2418
2089 2426
2090 2419
2206 2191
2213 2192
2208 2177
2210 2175
2213 2176
2500 2175
2229 2217
2230 2213
2451 2214
2451 2212
2327 2056
2342 2053
2341 2052
2338 2055
2338 2053
2279 2080
2278 2109
2278 2107
2284 2113
2120 2478
2121 2479
2128 2476
2125 2477
2079 2433
2080 2432
2080 2438
2080 2420
2083 2417
2091 2419
2090 2418
2205 2191
2213 2193
2213 2191
2208 2178
2209 2175
2210 2174
2214 2176
2501 2175
2500 2176
2229 2214
2450 2214
2451 2215
2450 2212
2328 2056
2326 2056
2327 2055
2341 2051
2337 2055
2279 2079
2277 2107
2284 2114
2119 2478
2121 2480
2129 2476
2128 2477
2125 2478
2079 2432
2079 2438
2079 2420
2080 2419
2082 2417
2090 2417
2205 2192
2205 2190
2207 2178
2208 2179
2208 2175
2209 2174
2210 2173
2502 2175
2499 2176
2500 2177
2449 2214
2449 2212
2450 2211
2325 2056
2326 2055
2327 2054
2342 2051
2340 2051
2279 2078
2276 2107
2285 2114
2284 2115
2118 2478
2119 2477
2122 2480
2121 2481
2130 2476
2129 2477
2124 2478
2078 2438
2078 2420
2079 2419
2081 2417
2091 2417
2089 2417
2205 2193
2204 2190
2209 2179
2208 2180
2208 2174
2209 2173
2210 2172
2503 2175
2502 2176
2499 2177
2501 2177
2449 2215
2448 2212
2449 2211
2325 2057
2327 2053
2343 2051
2339 2051
2278 2078
2275 2107
2276 2106
2286 2114
2117 2478
2119 2476
2123 2480
2131 2476
2130 2477
2077 2438
2078 2439
2080 2417
2092 2417
2089 2416
2204 2193
2205 2194
2203 2190
2208 2181
2207 2174
2208 2173
2210 2171
2503 2174
2502 2177
2499 2178
2449 2216
2447 2212
2325 2058
2328 2053
2327 2052
2344 2051
2343 2050
2278 2077
2274 2107
2275 2108
2275 2106
2276 2105
2287 2114
2116 2478
2131 2475
2130 2478
2077 2439
2078 2440
2079 2417
2092 2418
2092 2416
2088 2416
2203 2193
2205 2195
2207 2173
2208 2172
2210 2170
2504 2174
2502 2178
2499 2179
2449 2217
2446 2212
2324 2058
2329 2053
2328 2052
2326 2052
2327 2051
2344 2050
2343 2049
2277 2077
2278 2076
2273 2107
2277 2105
2288 2114
2115 2478
2131 2478
2076 2439
2093 2418
2087 2416
2088 2415
2203 2194
2206 2195
2205 2196
2206 2173
2209 2170
2210 2169
2504 2173
2500 2179
2499 2180
2450 2217
2449 2218
2445 2212
2446 2213
2446 2211
2324 2059
2330 2053
2329 2054
2329 2052
2328 2051
2325 2052
2345 2050
2344 2049
2342 2049
2276 2077
2273 2106
2289 2114
2288 2115
2288 2113
2114 2478
2115 2479
2115 2477
2131 2479
2075 2439
2094 2418
2093 2419
2087 2417
2088 2414
2207 2195
2204 2196
2205 2197
2211 2169
2505 2173
2501 2179
2498 2180
2499 2181
2449 2219
2446 2214
2446 2210
2324 2060
2331 2053
2330 2054
2328 2050
2325 2053
2325 2051
2346 2050
2345 2049
2342 2048
2276 2078
2289 2115
2288 2112
2114 2479
2115 2480
2115 2476
2132 2479
2074 2439
2094 2419
2093 2420
2086 2417
2087 2418
2089 2414
2087 2414
2207 2196
2203 2196
2205 2198
2212 2169
2506 2173
2500 2181
2448 2219
2449 2220
2445 2214
2446 2209
2323 2060
2324 2061
2331 2052
2328 2049
2324 2053
2325 2050
2346 2049
2342 2047
2290 2115
2289 2116
2113 2479
2116 2480
2133 2479
2132 2480
2074 2438
2088 2418
2089 2413
2086 2414
2206 2198
2204 2198
2212 2168
2507 2173
2506 2172
2500 2182
2450 2220
2444 2214
2447 2209
2322 2060
2332 2052
2331 2051
2324 2054
2324 2050
2347 2049
2343 2047
2342 2046
2290 2116
2112 2479
2133 2480
2074 2437
2089 2412
2085 2414
2207 2198
2203 2198
2212 2167
2507 2172
2506 2171
2500 2183
2443 2214
2321 2060
2333 2052
2323 2054
2323 2050
2348 2049
2347 2048
2342 2045
2111 2479
2134 2480
2074 2436
2088 2412
2089 2411
2085 2415
2085 2413
2208 2198
2202 2198
2213 2167
2211 2167
2507 2171
2505 2171
2506 2170
2500 2184
2442 2214
2443 2215
2320 2060
2321 2061
2334 2052
2323 2055
2322 2050
2348 2048
2347 2047
2341 2045
2342 2044
2135 2480
2073 2436
2090 2411
2085 2416
2085 2412
2209 2198
2208 2199
2201 2198
2202 2199
2214 2167
2213 2166
2507 2170
2504 2171
2505 2170
2501 2184
2500 2185
2442 2213
2443 2216
2320 2061
2320 2059
2321 2062
2335 2052
2321 2050
2322 2049
2348 2047
2342 2043
2136 2480
2135 2481
2072 2436
2073 2435
2090 2410
2084 2412
2210 2198
2209 2197
2201 2197
2202 2200
2215 2167
2213 2165
2508 2170
2503 2171
2501 2185
2500 2186
2441 2213
2443 2217
2319 2061
2321 2063
2335 2051
2320 2050
2322 2048
2349 2047
2348 2046
2342 2042
2137 2480
2136 2481
2136 2479
2072 2437
2072 2435
2073 2434
2090 2409
2083 2412
2084 2411
2211 2198
2210 2199
2209 2196
2201 2200
2202 2201
2216 2167
2215 2166
2214 2165
2212 2165
2213 2164
2508 2169
2502 2185
2501 2186
2499 2186
2440 2213
2443 2218
2318 2061
2322 2063
2335 2050
2319 2050
2321 2048
2322 2047
2350 2047
2349 2046
2341 2042
2137 2481
2137 2479
2136 2482
2072 2434
2074 2434
2089 2409
2090 2408
2210 2200
2210 2196
2200 2200
2202 2202
2215 2165
2212 2164
2213 2163
2508 2168
2503 2185
2502 2186
2499 2187
2440 2214
2440 2212
2444 2218
2317 2061
2322 2064
2335 2049
2323 2047
2351 2047
2340 2042
2341 2041
2138 2481
2137 2482
2071 2434
2072 2433
2074 2433
2090 2407
2211 2200
2209 2200
2199 2200
2203 2202
2202 2203
2216 2165
2215 2164
2212 2163
2509 2168
2507 2168
2508 2167
2499 2188
2439 2214
2440 2211
2444 2219
2317 2062
2323 2064
2324 2047
2352 2047
2351 2046
2339 2042
2341 2040
2139 2481
2137 2483
2070 2434
2075 2433
2090 2406
2212 2200
2209 2201
2198 2200
2199 2201
2204 2202
2202 2204
2217 2165
2215 2163
2211 2163
2509 2167
2499 2189
2438 2214
2444 2220
2317 2063
2324 2048
2324 2046
2353 2047
2338 2042
2339 2043
2342 2040
2140 2481
2139 2482
2137 2484
2069 2434
2089 2406
2090 2405
2213 2200
2212 2199
2208 2201
2209 2202
2197 2200
2205 2202
2204 2201
2203 2204
2201 2204
2218 2165
2216 2163
2215 2162
2210 2163
2211 2162
2510 2167
2509 2166
2499 2190
2438 2213
2443 2220
2444 2221
2317 2064
2325 2048
2325 2046
2353 2048
2353 2046
2338 2043
2343 2040
2140 2480
2139 2483
2137 2485
2068 2434
2069 2435
2088 2406
2089 2405
2091 2405
2090 2404
2210 2202
2197 2199
2206 2202
2200 2204
2219 2165
2214 2162
2215 2161
2210 2162
2511 2167
2509 2165
2499 2191
2442 2220
2443 2221
2318 2064
2317 2065
2326 2046
2353 2049
2353 2045
2344 2040
2343 2039
2141 2480
2139 2484
2068 2433
2069 2436
2092 2405
2090 2403
2196 2199
2206 2203
2199 2204
2220 2165
2214 2161
2215 2160
2209 2162
2512 2167
2508 2165
2500 2191
2498 2191
2441 2220
2443 2222
2319 2064
2316 2065
2327 2046
2326 2047
2326 2045
2353 2050
2353 2044
2344 2041
2343 2038
2141 2479
2068 2432
2070 2436
2068 2436
2092 2406
2089 2403
2090 2402
2195 2199
2196 2198
2207 2203
2206 2204
2198 2204
2220 2164
2214 2160
2216 2160
2208 2162
2209 2161
2513 2167
2512 2168
2512 2166
2507 2165
2508 2164
2501 2191
2497 2191
2441 2219
2443 2223
2319 2065
2319 2063
2315 2065
2316 2066
2328 2046
2327 2047
2326 2044
2354 2050
2352 2050
2353 2051
2344 2042
2344 2038
2343 2037
2141 2478
2069 2432
2067 2432
2068 2431
2067 2436
2068 2437
2093 2406
2088 2403
2091 2402
2090 2401
2195 2200
2195 2198
2207 2204
2206 2205
2198 2205
2220 2163
2217 2160
2216 2159
2208 2163
2513 2166
2507 2166
2508 2163
2496 2191
2440 2219
2442 2223
2443 2224
2320 2065
2314 2065
2315 2064
2316 2067
2329 2046
2328 2045
2327 2048
2326 2043
2351 2050
2353 2052
2345 2038
2342 2037
2142 2478
2141 2477
2068 2430
2066 2436
2093 2407
2087 2403
2088 2404
2088 2402
2090 2400
2194 2200
2194 2198
2195 2197
2206 2206
2197 2205
2220 2162
2218 2160
2208 2164
2507 2163
2508 2162
2495 2191
2496 2192
2496 2190
2440 2218
2441 2223
2444 2224
2443 2225
2313 2065
2314 2066
2314 2064
2315 2067
2330 2046
2329 2045
2325 2043
2350 2050
2353 2053
2345 2039
2345 2037
2342 2036
2143 2478
2140 2477
2141 2476
2065 2436
2091 2400
2193 2200
2194 2197
2207 2206
2196 2205
2219 2162
2220 2161
2218 2159
2209 2164
2207 2164
2509 2162
2508 2161
2494 2191
2496 2193
2439 2218
2440 2223
2441 2224
2445 2224
2443 2226
2312 2065
2314 2067
2329 2044
2325 2042
2349 2050
2352 2053
2353 2054
2346 2039
2341 2036
2144 2478
2143 2479
2139 2477
2140 2476
2142 2476
2141 2475
2064 2436
2065 2435
2092 2400
2091 2399
2192 2200
2194 2196
2207 2207
2195 2205
2196 2206
2221 2161
2218 2158
2209 2165
2206 2164
2207 2165
2510 2162
2508 2160
2493 2191
2438 2218
2445 2225
2442 2226
2312 2066
2312 2064
2314 2068
2330 2044
2329 2043
2324 2042
2351 2053
2354 2054
2347 2039
2340 2036
2341 2035
2145 2478
2144 2479
2144 2477
2139 2478
2139 2476
2141 2474
2063 2436
2093 2400
2092 2401
2092 2399
2091 2398
2191 2200
2192 2199
2193 2196
2208 2207
2207 2208
2196 2207
2222 2161
2219 2158
2205 2164
2206 2163
2511 2162
2509 2160
2507 2160
2492 2191
2493 2190
2438 2219
2446 2225
2441 2226
2312 2067
2311 2064
2331 2044
2329 2042
2323 2042
2324 2041
2354 2055
2348 2039
2347 2040
2340 2035
2146 2478
2145 2479
2139 2479
2141 2473
2062 2436
2094 2400
2093 2401
2092 2398
2090 2398
2091 2397
2190 2200
2192 2198
2207 2209
2195 2207
2196 2208
2223 2161
2220 2158
2219 2157
2204 2164
2205 2165
2206 2162
2512 2162
2506 2160
2507 2159
2492 2190
2438 2220
2447 2225
2441 2227
2312 2068
2311 2063
2332 2044
2328 2042
2329 2041
2324 2040
2354 2056
2349 2039
2339 2035
2147 2478
2145 2480
2062 2437
2095 2400
2093 2398
2091 2396
2189 2200
2190 2201
2208 2209
2194 2207
2197 2208
2223 2160
2219 2156
2204 2165
2205 2166
2206 2161
2513 2162
2512 2163
2505 2160
2507 2158
2437 2220
2448 2225
2441 2228
2310 2063
2311 2062
2333 2044
2330 2041
2325 2040
2323 2040
2355 2056
2354 2057
2350 2039
2148 2478
2062 2438
2096 2400
2095 2399
2188 2200
2209 2209
2208 2210
2193 2207
2198 2208
2224 2160
2219 2155
2204 2166
2205 2167
2206 2160
2514 2162
2505 2161
2505 2159
2437 2221
2449 2225
2441 2229
2311 2061
2333 2043
2326 2040
2322 2040
2356 2056
2355 2057
2353 2057
2351 2039
2149 2478
2148 2479
2063 2438
2062 2439
2097 2400
2096 2401
2210 2209
2209 2210
2208 2211
2193 2208
2193 2206
2199 2208
2225 2160
2220 2155
2218 2155
2203 2166
2206 2167
2207 2160
2206 2159
2514 2161
2505 2162
2504 2159
2505 2158
2436 2221
2437 2222
2449 2226
2449 2224
2442 2229
2441 2230
2312 2061
2310 2061
2334 2043
2322 2041
2322 2039
2357 2056
2352 2039
2351 2040
2150 2478
2149 2477
2148 2480
2064 2438
2061 2439
2062 2440
2097 2399
2096 2402
2211 2209
2208 2212
2192 2208
2193 2205
2200 2208
2199 2209
2225 2161
2225 2159
2221 2155
2218 2154
2203 2167
2205 2159
2206 2158
2515 2161
2514 2160
2505 2157
2436 2222
2449 2227
2450 2224
2442 2230
2312 2060
2309 2061
2335 2043
2334 2042
2321 2041
2322 2038
2358 2056
2353 2039
2150 2479
2149 2476
2149 2480
2064 2439
2060 2439
2062 2441
2097 2398
2097 2402
2096 2403
2211 2210
2209 2212
2207 2212
2191 2208
2192 2205
2193 2204
2201 2208
2199 2210
2226 2161
2226 2159
2217 2154
2218 2153
2204 2159
2205 2158
2207 2158
2206 2157
2513 2160
2514 2159
2505 2156
2435 2222
2450 2227
2451 2224
2312 2059
2308 2061
2336 2043
2335 2044
2335 2042
2334 2041
2320 2041
2323 2038
2359 2056
2353 2040
2353 2038
2151 2479
2150 2480
2150 2476
2148 2476
2059 2439
2060 2440
2063 2441
2061 2441
2098 2398
2096 2398
2097 2397
2098 2402
2095 2403
2096 2404
2212 2210
2206 2212
2190 2208
2202 2208
2200 2210
2227 2161
2227 2159
2226 2158
2217 2153
2204 2160
2204 2158
2207 2157
2515 2159
2514 2158
2506 2156
2505 2155
2434 2222
2435 2223
2451 2225
2313 2059
2311 2059
2308 2060
2336 2042
2323 2037
2360 2056
2359 2057
2353 2041
2353 2037
2152 2479
2151 2480
2059 2440
2064 2441
2099 2398
2095 2404
2096 2405
2212 2211
2206 2213
2189 2208
2190 2209
2203 2208
2200 2211
2228 2159
2226 2157
2217 2152
2204 2161
2204 2157
2208 2157
2516 2159
2504 2155
2505 2154
2433 2222
2435 2224
2452 2225
2451 2226
2311 2058
2307 2060
2336 2041
2323 2036
2361 2056
2360 2057
2354 2037
2353 2036
2153 2479
2151 2481
2058 2440
2065 2441
2064 2442
2100 2398
2095 2405
2212 2212
2205 2213
2206 2214
2188 2208
2189 2207
2203 2209
2203 2207
2200 2212
2228 2160
2227 2157
2226 2156
2216 2152
2217 2151
2208 2156
2503 2155
2504 2154
2432 2222
2436 2224
2435 2225
2453 2225
2310 2058
2311 2057
2306 2060
2323 2035
2362 2056
2361 2055
2360 2058
2354 2036
2352 2036
2353 2035
2154 2479
2058 2441
2064 2443
2101 2398
2100 2397
2095 2406
2213 2212
2205 2214
2188 2209
2188 2207
2203 2210
2199 2212
2229 2160
2227 2156
2226 2155
2215 2152
2216 2151
2208 2155
2503 2154
2504 2153
2431 2222
2432 2223
2437 2224
2436 2225
2435 2226
2453 2224
2309 2058
2311 2056
2305 2060
2322 2035
2323 2034
2361 2054
2351 2036
2352 2035
2155 2479
2154 2480
2154 2478
2057 2441
2064 2444
2102 2398
2100 2396
2214 2212
2188 2210
2203 2211
2229 2161
2226 2154
2215 2153
2216 2150
2207 2155
2504 2152
2431 2221
2432 2224
2435 2227
2453 2223
2308 2058
2311 2055
2304 2060
2305 2059
2324 2034
2360 2054
2350 2036
2351 2037
2155 2478
2154 2481
2154 2477
2056 2441
2063 2444
2064 2445
2102 2399
2101 2396
2215 2212
2214 2213
2214 2211
2187 2210
2203 2212
2230 2161
2225 2154
2214 2153
2216 2149
2207 2154
2503 2152
2431 2220
2435 2228
2454 2223
2453 2222
2310 2055
2303 2060
2324 2033
2349 2036
2153 2481
2154 2482
2154 2476
2056 2440
2063 2445
2065 2445
2102 2400
2102 2396
2215 2213
2214 2214
2186 2210
2187 2211
2231 2161
2225 2153
2216 2148
2207 2153
2502 2152
2431 2219
2436 2228
2434 2228
2454 2222
2310 2054
2303 2061
2303 2059
2324 2032
2349 2035
2153 2482
2155 2476
2153 2476
2055 2440
2063 2446
2065 2446
2102 2401
2216 2213
2213 2214
2214 2215
2185 2210
2187 2212
2231 2162
2231 2160
2224 2153
2225 2152
2216 2147
2208 2153
2206 2153
2501 2152
2430 2219
2433 2228
2434 2229
2454 2221
2309 2054
2303 2062
2302 2059
2303 2058
2324 2031
2348 2035
2349 2034
2152 2482
2153 2483
2156 2476
2153 2475
2055 2439
2063 2447
2066 2446
2101 2401
2102 2402
2217 2213
2212 2214
2213 2215
2215 2215
2184 2210
2188 2212
2186 2212
2231 2163
2231 2159
2224 2152
2226 2152
2209 2153
2205 2153
2500 2152
2501 2151
2429 2219
2434 2230
2454 2220
2308 2054
2302 2062
2301 2059
2303 2057
2325 2031
2323 2031
2347 2035
2348 2034
2349 2033
2152 2483
2157 2476
2156 2475
2055 2438
2064 2447
2063 2448
2067 2446
2100 2401
2217 2214
2213 2216
2184 2211
2189 2212
2186 2213
2232 2163
2231 2158
2224 2151
2227 2152
2226 2151
2209 2152
2205 2152
2499 2152
2433 2230
2434 2231
2455 2220
2308 2053
2301 2062
2301 2060
2302 2057
2326 2031
2323 2030
2349 2032
2151 2483
2152 2484
2158 2476
2156 2474
2054 2438
2055 2437
2064 2448
2067 2445
2213 2217
2184 2212
2189 2213
2186 2214
2232 2158
2230 2158
2224 2150
2209 2151
2204 2152
2499 2151
2432 2230
2456 2220
2308 2052
2300 2062
2301 2063
2327 2031
2322 2030
2350 2032
2348 2032
2151 2484
2158 2477
2155 2474
2156 2473
2053 2438
2054 2437
2065 2448
2068 2445
2212 2217
2183 2212
2186 2215
2233 2158
2229 2158
2224 2149
2209 2150
2203 2152
2499 2150
2431 2230
2457 2220
2309 2052
2307 2052
2308 2051
2299 2062
2300 2063
2301 2064
2328 2031
2327 2032
2321 2030
2350 2031
2347 2032
2151 2485
2159 2477
2052 2438
2053 2439
2053 2437
2065 2449
2069 2445
2212 2218
2182 2212
2186 2216
2233 2157
2225 2149
2223 2149
2210 2150
2203 2153
2500 2150
2457 2221
2310 2052
2298 2062
2301 2065
2329 2031
2328 2030
2320 2030
2351 2031
2350 2030
2346 2032
2150 2485
2151 2486
2159 2478
2051 2438
2052 2437
2053 2436
2070 2445
2211 2218
2212 2219
2182 2211
2187 2216
2185 2216
2225 2148
2223 2148
2210 2149
2202 2153
2500 2149
2458 2221
2310 2051
2297 2062
2329 2030
2320 2031
2351 2030
2349 2030
2345 2032
2149 2485
2152 2486
2160 2478
2159 2479
2050 2438
2051 2439
2053 2435
2071 2445
2070 2446
2213 2219
2212 2220
2181 2211
2188 2216
2187 2217
2184 2216
2226 2148
2223 2147
2211 2149
2201 2153
2202 2154
2500 2148
2459 2221
2458 2222
2296 2062
2329 2029
2319 2031
2320 2032
2149 2484
2161 2478
2160 2479
2158 2479
2159 2480
2049 2438
2051 2440
2072 2445
2071 2444
2070 2447
2211 2220
2212 2221
2180 2211
2181 2210
2187 2218
2184 2217
2184 2215
2226 2147
2223 2146
2211 2148
2200 2153
2501 2148
2296 2063
2296 2061
2330 2029
2148 2484
2161 2479
2161 2477
2160 2480
2049 2439
2050 2440
2071 2443
2070 2448
2210 2220
2181 2209
2188 2218
2187 2219
2183 2217
2183 2215
2226 2146
2223 2145
2212 2148
2211 2147
2502 2148
2501 2147
2295 2063
2296 2064
2295 2061
2296 2060
2331 2029
2147 2484
2162 2477
2160 2481
2050 2441
2072 2443
2070 2443
2071 2442
2069 2448
2070 2449
2210 2221
2181 2208
2188 2219
2182 2217
2183 2218
2182 2215
2227 2146
2226 2145
2213 2148
2211 2146
2502 2147
2294 2063
2297 2064
2294 2061
2332 2029
2331 2028
2162 2476
2160 2482
2049 2441
2050 2442
2069 2443
2071 2441
2071 2449
2209 2221
2210 2222
2180 2208
2181 2207
2189 2219
2188 2220
2181 2215
2182 2214
2228 2146
2225 2145
2214 2148
2213 2149
2502 2146
2297 2065
2294 2060
2332 2030
2332 2028
2162 2475
2161 2482
2160 2483
2048 2441
2070 2441
2071 2440
2072 2449
2071 2450
2210 2223
2182 2207
2181 2206
2189 2220
2188 2221
2181 2216
2228 2147
2225 2144
2503 2146
2297 2066
2294 2059
2333 2028
2163 2475
2161 2475
2162 2482
2048 2440
2069 2441
2072 2440
2071 2451
2211 2223
2209 2223
2183 2207
2182 2206
2188 2222
2229 2147
2228 2148
2224 2144
2504 2146
2503 2145
2297 2067
2293 2059
2294 2058
2334 2028
2333 2027
2163 2474
2163 2482
2162 2483
2047 2440
2069 2440
2071 2452
2212 2223
2211 2224
2208 2223
2183 2208
2182 2205
2189 2222
2188 2223
2230 2147
2228 2149
2224 2143
2505 2146
2503 2144
2296 2067
2297 2068
2295 2058
2334 2029
2333 2026
2164 2474
2164 2482
2163 2483
2163 2481
2162 2484
2046 2440
2071 2453
2213 2223
2184 2208
2183 2209
2183 2205
2182 2204
2189 2223
2187 2223
2231 2147
2230 2146
2228 2150
2223 2143
2503 2143
2295 2067
2297 2069
2296 2058
2295 2057
2335 2029
2334 2030
2332 2026
2165 2474
2165 2482
2163 2480
2161 2484
2045 2440
2046 2441
2072 2453
2070 2453
2071 2454
2213 2224
2184 2205
2182 2203
2190 2223
2189 2224
2186 2223
2232 2147
2231 2148
2230 2145
2223 2142
2503 2142
2294 2067
2295 2066
2296 2069
2297 2070
2297 2058
2331 2026
2165 2475
2165 2473
2166 2482
2165 2481
2164 2480
2163 2479
2161 2485
2044 2440
2045 2439
2046 2442
2073 2453
2069 2453
2071 2455
2214 2224
2181 2203
2182 2202
2189 2225
2186 2222
2229 2145
2223 2141
2503 2141
2294 2066
2295 2069
2298 2070
2297 2059
2297 2057
2331 2025
2165 2472
2166 2483
2165 2480
2161 2486
2045 2438
2046 2443
2073 2454
2069 2454
2071 2456
2214 2225
2182 2201
2190 2225
2185 2222
2229 2144
2224 2141
2222 2141
2504 2141
2503 2140
2299 2070
2298 2057
2297 2056
2330 2025
2331 2024
2165 2471
2166 2484
2166 2480
2160 2486
2161 2487
2046 2438
2044 2438
2046 2444
2074 2454
2068 2454
2071 2457
2214 2226
2181 2201
2191 2225
2184 2222
2228 2144
2229 2143
2225 2141
2224 2140
2221 2141
2505 2141
2502 2140
2300 2070
2299 2071
2297 2055
2329 2025
2332 2024
2164 2471
2166 2485
2166 2479
2161 2488
2044 2437
2045 2444
2074 2455
2067 2454
2072 2457
2071 2458
2215 2226
2213 2226
2180 2201
2181 2200
2192 2225
2184 2223
2184 2221
2224 2139
2220 2141
2506 2141
2505 2142
2502 2139
2300 2069
2298 2055
2296 2055
2332 2023
2164 2470
2167 2485
2165 2485
2167 2479
2162 2488
2160 2488
2043 2437
2044 2436
2045 2445
2075 2455
2074 2456
2066 2454
2067 2453
2071 2459
2215 2227
2212 2226
2179 2201
2180 2200
2193 2225
2192 2226
2183 2223
2183 2221
2184 2220
2225 2139
2224 2138
2220 2140
2506 2142
2506 2140
2502 2138
2301 2069
2299 2055
2295 2055
2333 2023
2164 2469
2168 2485
2165 2486
2168 2479
2167 2478
2163 2488
2159 2488
2045 2436
2044 2435
2044 2445
2045 2446
2076 2455
2066 2455
2072 2459
2071 2460
2216 2227
2212 2227
2180 2199
2194 2225
2192 2227
2182 2223
2183 2224
2182 2221
2185 2220
2226 2139
2224 2137
2219 2140
2220 2139
2506 2143
2501 2138
2502 2137
2301 2068
2295 2054
2334 2023
2333 2022
2164 2468
2165 2487
2169 2479
2168 2480
2168 2478
2167 2477
2163 2487
2158 2488
2159 2489
2043 2435
2044 2434
2043 2445
2046 2446
2045 2447
2077 2455
2076 2456
2065 2455
2066 2456
2071 2461
2217 2227
2211 2227
2212 2228
2179 2199
2195 2225
2193 2227
2192 2228
2181 2223
2183 2225
2181 2221
2185 2219
2227 2139
2223 2137
2218 2140
2221 2139
2220 2138
2502 2136
2302 2068
2301 2067
2295 2053
2334 2024
2334 2022
2333 2021
2163 2468
2164 2467
2166 2487
2169 2480
2168 2481
2168 2477
2167 2476
2163 2486
2158 2489
2158 2487
2159 2490
2042 2435
2043 2444
2045 2448
2078 2455
2077 2456
2077 2454
2064 2455
2067 2456
2066 2457
2071 2462
2218 2227
2212 2229
2179 2198
2193 2228
2191 2228
2192 2229
2180 2223
2181 2224
2181 2222
2183 2226
2180 2221
2228 2139
2217 2140
2222 2139
2221 2138
2503 2136
2502 2135
2303 2068
2300 2067
2295 2052
2332 2021
2162 2468
2165 2467
2164 2466
2166 2488
2169 2477
2042 2434
2045 2449
2079 2455
2063 2455
2064 2456
2067 2457
2065 2457
2071 2463
2219 2227
2213 2229
2211 2229
2179 2197
2190 2228
2179 2223
2180 2222
2181 2225
2179 2221
2228 2140
2228 2138
2216 2140
2221 2137
2503 2135
2502 2134
2303 2069
2303 2067
2295 2051
2332 2020
2161 2468
2162 2467
2166 2467
2164 2465
2167 2488
2042 2433
2046 2449
2079 2456
2068 2457
2065 2458
2071 2464
2220 2227
2219 2228
2219 2226
2214 2229
2213 2230
2210 2229
2180 2197
2178 2197
2190 2229
2178 2223
2181 2226
2179 2220
2229 2140
2228 2141
2215 2140
2221 2136
2503 2134
2502 2133
2303 2070
2296 2051
2294 2051
2295 2050
2331 2020
2332 2019
2167 2467
2164 2464
2167 2489
2042 2432
2047 2449
2079 2457
2069 2457
2064 2458
2071 2465
2221 2227
2220 2226
2219 2229
2219 2225
2214 2228
2209 2229
2177 2197
2190 2230
2177 2223
2180 2226
2178 2220
2179 2219
2230 2140
2214 2140
2222 2136
2503 2133
2304 2070
2297 2051
2294 2050
2295 2049
2330 2020
2333 2019
2168 2467
2167 2468
2165 2464
2163 2464
2164 2463
2168 2489
2043 2432
2041 2432
2048 2449
2047 2450
2080 2457
2078 2457
2063 2458
2064 2459
2072 2465
2221 2226
2220 2225
2220 2229
2218 2229
2208 2229
2209 2230
2176 2197
2177 2198
2189 2230
2190 2231
2177 2224
2180 2227
2177 2220
2231 2140
2230 2139
2214 2141
2214 2139
2504 2133
2503 2132
2305 2070
2298 2051
2293 2050
2296 2049
2295 2048
2334 2019
2333 2018
2169 2467
2166 2464
2164 2462
2169 2489
2043 2431
2040 2432
2041 2431
2047 2451
2081 2457
2062 2458
2063 2457
2064 2460
2073 2465
2222 2226
2221 2225
2207 2229
2208 2230
2209 2231
2190 2232
2176 2224
2177 2225
2179 2227
2176 2220
2232 2140
2214 2142
2214 2138
2504 2132
2305 2071
2305 2069
2299 2051
2293 2049
2297 2049
2296 2048
2295 2047
2335 2019
2334 2018
2170 2467
2169 2468
2166 2463
2164 2461
2170 2489
2043 2430
2040 2433
2041 2430
2047 2452
2082 2457
2064 2461
2074 2465
2223 2226
2221 2224
2206 2229
2207 2230
2210 2231
2190 2233
2175 2224
2178 2225
2177 2226
2179 2228
2176 2221
2176 2219
2233 2140
2215 2142
2214 2143
2215 2138
2213 2138
2504 2131
2305 2072
2299 2052
2299 2050
2292 2049
2293 2048
2296 2047
2295 2046
2336 2019
2169 2469
2167 2463
2164 2460
2171 2489
2042 2430
2039 2433
2040 2430
2047 2453
2083 2457
2065 2461
2075 2465
2074 2464
2224 2226
2223 2227
2205 2229
2206 2230
2207 2231
2210 2232
2189 2233
2176 2226
2176 2222
2176 2218
2233 2141
2233 2139
2215 2143
2213 2143
2215 2137
2212 2138
2505 2131
2504 2130
2306 2072
2304 2072
2305 2073
2300 2052
2299 2049
2292 2048
2296 2046
2295 2045
2337 2019
2336 2020
2169 2470
2167 2462
2165 2460
2163 2460
2164 2459
2171 2490
2038 2433
2040 2429
2047 2454
2083 2458
2083 2456
2065 2462
2076 2465
2075 2466
2074 2463
2223 2228
2205 2228
2206 2231
2210 2233
2188 2233
2176 2227
2175 2222
2175 2218
2176 2217
2234 2141
2234 2139
2216 2143
2212 2139
2212 2137
2505 2130
2307 2072
2303 2072
2304 2073
2305 2074
2301 2052
2300 2049
2299 2048
2291 2048
2296 2045
2338 2019
2337 2018
2336 2021
2169 2471
2167 2461
2163 2459
2164 2458
2171 2491
2038 2434
2039 2429
2040 2428
2047 2455
2083 2459
2084 2456
2083 2455
2066 2462
2065 2463
2077 2465
2075 2467
2075 2463
2222 2228
2204 2228
2211 2233
2188 2234
2176 2228
2174 2218
2177 2217
2176 2216
2235 2141
2234 2142
2234 2138
2217 2143
2211 2139
2212 2136
2506 2130
2308 2072
2302 2072
2306 2074
2302 2052
2301 2049
2298 2048
2290 2048
2291 2047
2297 2045
2338 2018
2336 2022
2170 2471
2168 2471
2169 2472
2162 2459
2165 2458
2164 2457
2170 2491
2171 2492
2037 2434
2038 2429
2041 2428
2048 2455
2047 2456
2083 2460
2085 2456
2084 2455
2067 2462
2065 2464
2075 2468
2203 2228
2212 2233
2187 2234
2188 2235
2178 2217
2176 2215
2234 2143
2235 2138
2234 2137
2210 2139
2213 2136
2212 2135
2507 2130
2309 2072
2301 2072
2302 2073
2307 2074
2302 2049
2301 2050
2298 2047
2289 2048
2297 2044
2338 2017
2336 2023
2170 2472
2161 2459
2162 2458
2166 2458
2170 2492
2171 2493
2036 2434
2038 2430
2038 2428
2049 2455
2047 2457
2084 2460
2086 2456
2067 2461
2064 2464
2065 2465
2076 2468
2202 2228
2203 2227
2212 2234
2186 2234
2188 2236
2178 2216
2235 2143
2236 2138
2234 2136
2209 2139
2210 2140
2211 2135
2508 2130
2507 2131
2309 2073
2309 2071
2301 2073
2307 2075
2302 2050
2302 2048
2298 2046
2289 2049
2297 2043
2338 2016
2337 2023
2160 2459
2161 2458
2166 2459
2170 2493
2172 2493
2171 2494
2036 2433
2037 2430
2037 2428
2050 2455
2046 2457
2085 2460
2084 2461
2086 2457
2086 2455
2068 2461
2067 2460
2063 2464
2065 2466
2213 2234
2212 2235
2186 2233
2178 2215
2236 2139
2236 2137
2233 2136
2234 2135
2209 2140
2210 2135
2211 2134
2509 2130
2507 2132
2310 2071
2308 2075
2303 2050
2299 2046
2288 2049
2297 2042
2337 2016
2338 2015
2160 2458
2167 2459
2172 2494
2036 2432
2050 2456
2045 2457
2046 2458
2085 2461
2085 2459
2066 2460
2062 2464
2066 2466
2065 2467
2214 2234
2212 2236
2186 2232
2237 2137
2232 2136
2234 2134
2209 2135
2210 2136
2509 2131
2509 2129
2507 2133
2311 2071
2309 2075
2304 2050
2300 2046
2299 2045
2287 2049
2297 2041
2338 2014
2160 2457
2168 2459
2173 2494
2037 2432
2036 2431
2050 2457
2044 2457
2046 2459
2085 2462
2085 2458
2061 2464
2067 2466
2065 2468
2215 2234
2212 2237
2187 2232
2238 2137
2231 2136
2208 2135
2209 2134
2510 2129
2312 2071
2309 2076
2305 2050
2300 2047
2299 2044
2286 2049
2339 2014
2337 2014
2160 2456
2169 2459
2174 2494
2173 2495
2035 2431
2051 2457
2050 2458
2044 2456
2047 2459
2086 2462
2061 2465
2067 2467
2066 2468
2065 2469
2216 2234
2211 2237
2212 2238
2187 2231
2230 2136
2207 2135
2208 2134
2209 2133
2511 2129
2510 2128
2313 2071
2309 2077
2299 2043
2285 2049
2339 2013
2161 2456
2159 2456
2160 2455
2170 2459
2169 2458
2175 2494
2174 2493
2034 2431
2052 2457
2050 2459
2043 2456
2044 2455
2087 2462
2061 2466
2064 2469
2065 2470
2216 2235
2210 2237
2213 2238
2212 2239
2188 2231
2187 2230
2230 2135
2207 2136
2207 2134
2209 2132
2512 2129
2510 2127
2314 2071
2308 2077
2299 2042
2285 2050
2285 2048
2340 2013
2158 2456
2159 2455
2160 2454
2171 2459
2170 2460
2176 2494
2175 2495
2175 2493
2174 2492
2033 2431
2034 2430
2052 2458
2051 2459
2050 2460
2042 2456
2044 2454
2088 2462
2060 2466
2061 2467
2065 2471
2217 2235
2209 2237
2229 2135
2230 2134
2206 2136
2207 2137
2206 2134
2210 2132
2513 2129
2509 2127
2510 2126
2315 2071
2314 2072
2314 2070
2308 2078
2299 2041
2284 2050
2285 2051
2284 2048
2285 2047
2341 2013
2158 2457
2158 2455
2161 2454
2172 2459
2170 2461
2176 2493
2175 2492
2174 2491
2032 2431
2033 2430
2049 2460
2050 2461
2041 2456
2042 2455
2088 2463
2088 2461
2059 2466
2066 2471
2065 2472
2218 2235
2217 2236
2208 2237
2209 2236
2228 2135
2231 2134
2230 2133
2208 2137
2210 2131
2513 2128
2508 2127
2511 2126
2315 2070
2307 2078
2299 2040
2283 2050
2285 2046
2342 2013
2341 2014
2158 2458
2157 2455
2158 2454
2173 2459
2172 2458
2176 2492
2175 2491
2173 2491
2174 2490
2032 2432
2033 2429
2049 2461
2050 2462
2040 2456
2041 2455
2089 2463
2088 2464
2088 2460
2058 2466
2065 2473
2218 2236
2218 2234
2217 2237
2207 2237
2208 2236
2227 2135
2232 2134
2231 2133
2229 2133
2230 2132
2211 2131
2513 2127
2507 2127
2512 2126
2511 2125
2300 2040
2298 2040
2299 2039
2282 2050
2284 2046
2343 2013
2341 2015
2158 2459
2158 2453
2174 2459
2177 2492
2175 2490
2174 2489
2032 2433
2032 2429
2033 2428
2048 2461
2050 2463
2040 2457
2090 2463
2088 2465
2057 2466
2064 2473
2065 2474
2218 2237
2218 2233
2216 2237
2217 2238
2207 2238
2226 2135
2232 2133
2228 2133
2230 2131
2514 2127
2507 2126
2301 2040
2300 2039
2281 2050
2344 2013
2157 2459
2159 2453
2158 2452
2175 2459
2174 2458
2178 2492
2175 2489
2031 2433
2032 2434
2031 2429
2033 2427
2047 2461
2048 2462
2039 2457
2091 2463
2089 2465
2087 2465
2056 2466
2057 2465
2063 2473
2064 2474
2066 2474
2219 2237
2207 2239
2227 2133
2231 2131
2229 2131
2515 2127
2514 2126
2506 2126
2507 2125
2301 2041
2300 2038
2281 2051
2345 2013
2344 2014
2157 2460
2159 2452
2158 2451
2176 2459
2174 2457
2179 2492
2175 2488
2031 2434
2030 2429
2033 2426
2046 2461
2038 2457
2039 2458
2092 2463
2087 2466
2062 2473
2063 2474
2067 2474
2066 2475
2220 2237
2219 2238
2206 2239
2227 2132
2232 2131
2231 2130
2516 2127
2514 2125
2505 2126
2506 2125
2508 2125
2301 2038
2280 2051
2345 2014
2345 2012
2157 2461
2157 2451
2158 2450
2177 2459
2175 2457
2173 2457
2179 2493
2179 2491
2175 2487
2031 2435
2030 2428
2034 2426
2033 2425
2046 2462
2037 2457
2038 2456
2039 2459
2062 2472
2067 2475
2066 2476
2219 2239
2205 2239
2226 2132
2232 2130
2231 2129
2516 2128
2515 2125
2504 2126
2505 2125
2506 2124
2508 2124
2346 2014
2345 2015
2346 2012
2156 2461
2156 2451
2159 2450
2177 2460
2176 2457
2173 2456
2179 2494
2176 2487
2174 2487
2031 2436
2030 2427
2034 2425
2032 2425
2033 2424
2045 2462
2046 2463
2036 2457
2037 2456
2039 2460
2061 2472
2062 2471
2068 2475
2065 2476
2220 2239
2219 2240
2205 2240
2225 2132
2232 2129
2517 2128
2515 2124
2504 2127
2504 2125
2347 2012
2346 2011
2155 2461
2156 2462
2155 2451
2156 2450
2160 2450
2178 2460
2177 2461
2177 2457
2179 2495
2176 2486
2032 2436
2031 2437
2031 2427
2029 2427
2032 2424
2033 2423
2044 2462
2046 2464
2035 2457
2060 2472
2063 2471
2069 2475
2220 2240
2218 2240
2205 2241
2224 2132
2232 2128
2518 2128
2515 2123
2503 2127
2348 2012
2347 2013
2347 2011
2155 2460
2156 2463
2156 2449
2160 2449
2179 2460
2176 2461
2178 2457
2177 2456
2180 2495
2176 2485
2031 2438
2028 2427
2029 2426
2033 2422
2043 2462
2046 2465
2034 2457
2035 2458
2035 2456
2059 2472
2060 2473
2070 2475
2220 2241
2205 2242
2223 2132
2224 2133
2224 2131
2518 2129
2514 2123
2515 2122
2503 2128
2349 2012
2347 2010
2154 2460
2157 2463
2156 2464
2161 2449
2160 2448
2179 2459
2175 2461
2177 2455
2181 2495
2027 2427
2028 2426
2032 2422
2043 2463
2047 2465
2045 2465
2033 2457
2058 2472
2059 2471
2060 2474
2071 2475
2070 2474
2220 2242
2206 2242
2204 2242
2224 2130
2515 2121
2502 2128
2503 2129
2349 2011
2347 2009
2158 2463
2155 2464
2156 2465
2162 2449
2161 2448
2160 2447
2180 2459
2176 2455
2177 2454
2182 2495
2026 2427
2027 2428
2028 2425
2032 2421
2042 2463
2044 2465
2032 2457
2033 2456
2058 2473
2058 2471
2061 2474
2060 2475
2071 2476
2071 2474
2070 2473
2219 2242
2220 2243
2207 2242
2206 2243
2225 2130
2515 2120
2501 2128
2348 2009
2346 2009
2159 2463
2156 2466
2163 2449
2160 2446
2181 2459
2177 2453
2182 2496
2182 2494
2025 2427
2026 2428
2027 2429
2032 2420
2041 2463
2042 2464
2031 2457
2033 2455
2058 2474
2072 2476
2072 2474
2071 2473
2218 2242
2206 2244
2226 2130
2516 2120
2500 2128
2501 2129
2348 2008
2346 2008
2163 2450
2161 2446
2182 2459
2181 2458
2176 2453
2177 2452
2182 2497
2183 2494
2024 2427
2031 2420
2041 2464
2030 2457
2031 2456
2033 2454
2057 2474
2073 2476
2073 2474
2071 2472
2217 2242
2207 2244
2205 2244
2226 2129
2517 2120
2516 2119
2499 2128
2349 2008
2345 2008
2163 2451
2161 2445
2183 2459
2182 2458
2175 2453
2176 2452
2178 2452
2177 2451
2182 2498
2183 2493
2023 2427
2024 2428
2030 2420
2029 2457
2030 2456
2033 2453
2057 2475
2074 2476
2073 2477
2074 2474
2217 2243
2207 2245
2227 2129
2226 2128
2518 2120
2517 2119
2516 2118
2499 2127
2350 2008
2345 2007
2184 2459
2183 2460
2182 2457
2176 2451
2179 2452
2183 2498
2182 2499
2184 2493
2183 2492
2023 2428
2030 2419
2029 2458
2029 2456
2032 2453
2056 2475
2057 2476
2074 2477
2074 2475
2074 2473
2216 2243
2208 2245
2228 2129
2227 2128
2225 2128
2519 2120
2515 2118
2516 2117
2499 2126
2350 2007
2344 2007
2185 2459
2184 2460
2182 2456
2175 2451
2179 2451
2183 2499
2181 2499
2185 2493
2182 2492
2183 2491
2022 2428
2023 2429
2029 2419
2030 2418
2029 2459
2028 2456
2031 2453
2055 2475
2075 2477
2074 2478
2075 2475
2216 2244
2209 2245
2228 2128
2225 2127
2520 2120
2519 2121
2516 2116
2500 2126
2498 2126
2499 2125
2350 2006
2184 2461
2182 2455
2175 2450
2179 2450
2184 2499
2180 2499
2185 2494
2181 2492
2184 2491
2021 2428
2023 2430
2030 2417
2027 2456
2028 2455
2054 2475
2055 2476
2075 2478
2074 2479
2076 2475
2216 2245
2210 2245
2229 2128
2225 2126
2521 2120
2517 2116
2516 2115
2497 2126
2499 2124
2350 2005
2185 2461
2184 2462
2183 2455
2181 2455
2174 2450
2179 2449
2185 2499
2184 2500
2180 2500
2186 2494
2181 2493
2184 2490
2020 2428
2021 2429
2022 2430
2029 2417
2027 2457
2028 2454
2054 2476
2054 2474
2076 2478
2075 2479
2074 2480
2076 2476
2076 2474
2215 2245
2216 2246
2225 2125
2522 2120
2516 2114
2496 2126
2499 2123
2349 2005
2186 2461
2184 2463
2184 2455
2181 2454
2178 2449
2179 2448
2184 2501
2180 2501
2184 2489
2019 2428
2020 2427
2028 2417
2027 2458
2029 2454
2053 2476
2053 2474
2054 2473
2077 2478
2073 2480
2074 2481
2217 2246
2224 2125
2225 2124
2523 2120
2522 2119
2495 2126
2496 2125
2500 2123
3208 2525
2349 2004
2186 2462
2185 2463
2183 2463
2185 2455
2177 2449
2183 2501
2184 2502
2180 2502
2019 2429
2028 2416
2030 2454
2077 2479
2077 2477
2075 2481
2224 2124
2226 2124
2524 2120
2522 2118
2495 2127
3207 2525
2349 2003
2185 2464
2185 2454
2177 2448
2184 2503
2018 2429
2028 2415
2077 2480
2078 2477
2223 2124
2224 2123
2524 2121
2523 2118
2495 2128
3366 2946
2348 2003
2349 2002
2186 2464
2185 2453
2177 2447
2184 2504
2029 2415
2027 2415
2078 2480
2077 2481
2222 2124
2224 2122
2524 2122
2524 2118
2523 2117
2496 2128
2495 2129
3261 2626
2347 2003
2186 2465
2186 2453
2178 2447
2176 2447
2185 2504
2026 2415
2027 2414
2079 2480
2078 2481
2077 2482
2221 2124
2224 2121
2524 2123
2524 2117
2495 2130
3264 2624
2347 2002
2187 2465
2186 2466
2186 2452
2178 2446
2186 2504
2185 2505
2027 2413
2080 2480
2079 2479
2076 2482
2221 2125
2221 2123
2525 2123
2525 2117
2494 2130
2495 2131
3263 2625
2346 2002
2188 2465
2187 2466
2186 2467
2186 2451
2178 2445
2186 2503
2185 2506
2028 2413
2026 2413
2081 2480
2080 2479
2076 2483
2220 2123
2221 2122
2526 2123
2525 2116
2493 2130
2496 2131
3262 2626
3264 2625
2346 2001
2189 2465
2188 2464
2187 2451
2185 2451
2177 2445
2178 2444
2187 2503
2184 2506
2029 2413
2026 2412
2076 2484
2219 2123
2221 2121
2527 2123
2526 2116
2493 2129
2496 2132
3262 2627
3264 2626
2346 2000
2189 2464
2188 2463
2188 2451
2185 2450
2176 2445
2188 2503
2187 2502
2184 2507
2030 2413
2029 2412
2077 2484
2075 2484
2076 2485
2218 2123
2222 2121
2220 2121
2527 2124
2526 2115
2492 2129
2493 2128
3263 2627
3262 2628
2345 2000
2346 1999
2189 2463
2188 2462
2188 2450
2176 2444
2187 2501
2184 2508
2030 2414
2029 2411
2077 2485
2218 2124
2220 2120
2528 2124
2526 2114
2493 2127
3261 2631
2345 1999
2347 1999
2190 2463
2188 2461
2189 2450
2175 2444
2176 2443
2188 2501
2184 2509
2031 2414
2029 2410
2078 2485
2218 2125
2219 2120
2529 2124
2525 2114
2493 2126
3264 2627
2344 1999
2348 1999
2347 1998
2191 2463
2190 2462
2188 2460
2189 2449
2177 2443
2188 2500
2185 2509
2032 2414
2028 2410
2079 2485
2078 2486
2217 2125
2218 2120
2529 2125
2525 2113
2492 2126
3263 2628
3263 2632
2343 1999
2349 1999
2192 2463
2191 2464
2189 2460
2188 2459
2190 2449
2189 2448
2189 2500
2188 2499
2185 2510
2032 2413
2028 2409
2080 2485
2079 2486
2079 2484
2078 2487
2217 2120
2218 2121
2529 2126
2524 2113
2525 2112
2491 2126
2492 2125
3262 2631
3264 2628
2342 1999
2350 1999
2349 1998
2193 2463
2189 2459
2191 2449
2188 2448
2190 2500
2188 2498
2186 2510
2185 2511
2027 2409
2081 2485
2077 2487
2078 2488
2529 2127
2526 2112
2525 2111
2490 2126
2351 1999
2349 1997
2194 2463
2193 2462
2190 2459
2191 2450
2191 2500
2188 2497
2187 2510
2184 2511
2185 2512
2026 2409
2027 2408
2076 2487
2078 2489
2530 2127
2528 2127
2524 2111
2490 2127
2490 2125
2351 1998
2349 1996
2195 2463
2194 2464
2191 2459
2192 2450
2191 2451
2187 2511
2184 2512
2185 2513
2025 2409
2026 2410
2026 2408
2027 2407
2076 2488
2079 2489
2077 2489
2531 2127
2523 2111
2524 2110
2489 2125
2490 2124
2352 1998
2349 1995
2196 2463
2192 2459
2193 2450
2185 2514
2025 2408
2027 2406
2075 2488
2080 2489
2532 2127
2531 2128
2522 2111
2524 2109
2489 2124
2353 1998
2348 1995
2197 2463
2196 2464
2196 2462
2193 2459
2194 2450
2193 2451
2193 2449
2185 2515
2024 2408
2027 2405
2081 2489
2080 2488
2532 2126
2531 2129
2521 2111
2523 2109
2489 2123
2353 1999
2347 1995
2198 2463
2197 2464
2193 2458
2193 2448
2186 2515
2184 2515
2185 2516
2023 2408
2028 2405
2027 2404
2082 2489
2081 2488
2532 2125
2520 2111
2522 2109
2523 2108
2488 2123
2489 2122
2353 2000
2347 1996
2347 1994
2199 2463
2198 2462
2197 2465
2194 2458
2193 2457
2193 2447
2183 2515
2185 2517
2023 2407
2028 2404
2027 2403
2083 2489
2533 2125
2519 2111
2521 2109
2522 2108
2523 2107
2487 2123
2488 2122
2490 2122
2354 2000
2199 2464
2199 2462
2198 2465
2197 2466
2195 2458
2192 2457
2193 2456
2182 2515
2183 2516
2183 2514
2185 2518
2023 2406
2027 2402
2534 2125
2533 2124
2519 2112
2521 2108
2523 2106
2486 2123
2487 2124
2491 2122
2354 2001
2197 2467
2196 2458
2192 2456
2193 2455
2181 2515
2183 2517
2185 2519
2024 2406
2022 2406
2028 2402
2027 2401
2535 2125
2534 2126
2534 2124
2533 2123
2519 2113
2520 2108
2521 2107
2523 2105
2485 2123
2492 2122
2354 2002
2198 2467
2196 2467
2197 2468
2196 2459
2192 2455
2193 2454
2180 2515
2181 2514
2183 2518
2184 2519
2185 2520
2021 2406
2535 2124
2534 2127
2532 2123
2533 2122
2519 2114
2523 2104
2484 2123
2354 2003
2198 2468
2195 2467
2197 2469
2196 2460
2193 2453
2179 2515
2181 2513
2184 2520
2185 2521
2020 2406
2536 2124
2535 2123
2534 2128
2531 2123
2532 2122
2519 2115
2524 2104
2522 2104
2523 2103
2483 2123
2484 2124
2355 2003
2353 2003
2195 2468
2197 2470
2194 2453
2180 2513
2185 2522
2019 2406
2537 2124
2536 2123
2534 2129
2531 2122
2520 2115
2525 2104
2521 2104
2482 2123
2483 2124
2356 2003
2352 2003
2197 2471
2179 2513
2180 2512
2184 2522
2018 2406
2019 2407
2019 2405
2538 2124
2536 2122
2535 2129
2533 2129
2530 2122
2525 2103
2481 2123
2483 2125
2357 2003
2356 2002
2351 2003
2352 2002
2197 2472
2179 2512
2180 2511
2183 2522
2017 2406
2538 2125
2536 2121
2529 2122
2525 2102
2481 2124
2481 2122
2483 2126
2357 2004
2357 2002
2351 2002
2352 2001
2198 2472
2197 2473
2178 2512
2182 2522
2016 2406
2538 2126
2535 2121
2536 2120
2524 2102
2525 2101
2480 2124
2480 2122
2481 2121
2484 2126
2357 2005
2358 2002
2199 2472
2181 2522
2182 2521
2016 2405
2539 2126
2537 2126
2538 2127
2534 2121
2479 2124
2481 2120
2485 2126
2358 2005
2359 2002
2200 2472
2180 2522
2015 2405
2540 2126
2538 2128
2534 2120
2478 2124
2482 2120
2481 2119
2485 2125
2359 2005
2358 2006
2359 2001
2201 2472
2179 2522
2180 2523
2015 2404
2540 2125
2539 2128
2534 2119
2477 2124
2478 2125
2483 2120
2481 2118
2486 2125
2360 2005
2358 2007
2360 2001
2202 2472
2201 2471
2179 2521
2180 2524
2015 2403
2540 2124
2535 2119
2533 2119
2477 2123
2478 2126
2484 2120
2480 2118
2481 2117
2358 2008
2360 2000
2202 2473
2201 2470
2179 2520
2181 2524
2180 2525
2014 2403
2015 2402
2533 2118
2478 2127
2484 2121
2479 2118
2481 2116
2357 2008
2358 2009
2361 2000
2203 2473
2202 2470
2180 2520
2179 2519
2181 2525
2179 2525
2180 2526
2013 2403
2016 2402
2015 2401
2533 2117
2477 2127
2478 2128
2482 2116
2356 2008
2358 2010
2361 1999
2204 2473
2202 2469
2178 2519
2181 2526
2178 2525
2012 2403
2017 2402
2016 2401
2534 2117
2533 2116
2477 2128
2483 2116
2355 2008
2356 2009
2358 2011
2361 1998
2205 2473
2204 2474
2181 2527
2178 2526
2011 2403
2016 2400
2535 2117
2534 2116
2533 2115
2476 2128
2477 2129
2483 2115
2354 2008
2356 2010
2362 1998
2360 1998
2206 2473
2205 2472
2181 2528
2177 2526
2010 2403
2011 2404
2011 2402
2017 2400
2536 2117
2533 2114
2476 2129
2477 2130
2484 2115
2355 2010
2363 1998
2207 2473
2181 2529
2011 2405
2011 2401
2018 2400
2537 2117
2536 2116
2533 2113
2477 2131
2484 2114
2355 2011
2363 1997
2207 2474
2207 2472
2182 2529
2180 2529
2010 2405
2011 2406
2012 2401
2010 2401
2011 2400
2019 2400
2538 2117
2537 2116
2533 2112
2476 2131
2484 2113
2355 2012
2364 1997
2363 1996
2208 2472
2207 2471
2182 2530
2009 2405
2012 2406
2011 2407
2009 2401
2020 2400
2019 2401
2539 2117
2538 2118
2475 2131
2476 2132
2356 2012
2355 2013
2364 1996
2362 1996
2209 2472
2208 2471
2207 2470
2182 2531
2009 2406
2009 2404
2010 2407
2009 2400
2021 2400
2539 2116
2538 2119
2474 2131
2475 2130
2357 2012
2354 2013
2355 2014
2364 1995
2361 1996
2210 2472
2183 2531
2181 2531
2182 2532
2008 2406
2008 2404
2009 2399
2022 2400
2540 2116
2539 2119
2473 2131
2474 2132
2474 2130
2357 2013
2353 2013
2354 2014
2364 1994
2211 2472
2210 2471
2182 2533
2008 2403
2022 2399
2540 2115
2540 2119
2474 2133
2358 2013
2352 2013
2365 1994
2364 1993
2211 2473
2210 2470
2183 2533
2181 2533
2007 2403
2008 2402
2022 2398
2541 2115
2473 2133
2359 2013
2358 2014
2352 2012
2366 1994
2211 2474
2210 2469
2183 2534
2007 2402
2022 2397
2542 2115
2541 2114
2473 2134
2366 1995
2212 2474
2210 2468
2184 2534
2007 2401
2022 2396
2541 2113
2472 2134
2367 1995
2212 2475
2210 2467
2185 2534
2006 2401
2021 2396
2022 2395
2542 2113
2471 2134
2472 2135
2368 1995
2213 2475
2210 2466
2186 2534
2185 2535
2005 2401
2006 2400
2022 2394
2543 2113
2542 2112
2470 2134
2472 2136
2368 1994
2214 2475
2210 2465
2186 2533
2185 2536
2005 2400
2022 2393
2543 2114
2543 2112
2470 2133
2471 2136
2472 2137
2368 1993
2215 2475
2209 2465
2186 2536
2005 2399
2023 2393
2021 2393
2543 2111
2469 2133
2472 2138
2369 1993
2367 1993
2216 2475
2187 2536
2186 2537
2004 2399
2544 2111
2468 2133
2472 2139
2369 1992
2217 2475
2186 2538
2003 2399
2544 2110
2467 2133
2472 2140
2370 1992
2218 2475
2217 2474
2187 2538
2002 2399
2003 2398
2544 2109
2466 2133
2467 2132
2471 2140
2472 2141
2371 1992
2219 2475
2187 2539
2001 2399
2002 2400
2003 2397
2545 2109
2465 2133
2470 2140
2471 2141
2473 2141
2472 2142
2371 1993
2219 2476
2219 2474
2187 2540
2000 2399
2001 2400
2001 2398
2002 2397
2545 2108
2465 2134
2469 2140
2471 2142
2372 1993
2371 1994
2220 2476
2188 2540
1999 2399
2002 2396
2546 2108
2464 2134
2465 2135
2471 2143
2373 1993
2370 1994
2221 2476
2189 2540
1999 2400
1999 2398
2002 2395
2547 2108
2463 2134
2466 2135
2465 2136
2471 2144
2373 1994
2373 1992
2222 2476
2221 2477
2190 2540
1999 2401
1999 2397
2002 2394
2547 2107
2463 2135
2463 2133
2467 2135
2465 2137
2470 2144
2373 1995
2373 1991
2223 2476
2222 2477
2221 2478
2191 2540
2190 2539
1999 2402
1998 2397
2003 2394
2548 2107
2462 2135
2463 2136
2463 2132
2468 2135
2469 2144
2373 1996
2374 1991
2223 2477
2223 2475
2220 2478
2192 2540
2191 2541
1998 2402
1999 2403
1998 2396
2549 2107
2548 2106
2461 2135
2462 2132
2463 2131
2468 2144
2469 2145
2374 1996
2373 1997
2375 1991
2224 2477
2224 2475
2219 2478
2192 2539
2191 2542
2000 2403
1998 2395
2549 2108
2549 2106
2548 2105
2462 2131
2463 2130
2467 2144
2374 1997
2373 1998
2376 1991
2225 2475
2218 2478
2190 2542
2001 2403
1998 2394
2550 2108
2549 2105
2547 2105
2461 2131
2463 2129
2467 2143
2375 1997
2373 1999
2377 1991
2225 2476
2218 2479
2190 2543
2002 2403
1999 2394
1998 2393
2550 2109
2550 2105
2546 2105
2460 2131
2463 2128
2467 2142
2376 1997
2372 1999
2377 1992
2377 1990
2218 2480
2189 2543
2002 2402
1998 2392
2551 2109
2550 2110
2550 2104
2460 2132
2464 2128
2462 2128
2466 2142
2377 1997
2376 1998
2376 1996
2372 2000
2378 1992
2377 1993
2219 2480
2218 2481
2189 2544
2003 2402
1997 2392
2552 2109
2551 2110
2549 2110
2551 2104
2550 2103
2460 2133
2464 2127
2461 2128
2462 2127
2465 2142
2378 1997
2376 1999
2371 2000
2378 1993
2217 2481
2218 2482
2188 2544
2189 2545
2004 2402
1996 2392
2549 2111
2552 2104
2549 2103
2465 2127
2460 2128
2461 2129
2464 2142
2379 1997
2378 1998
2377 1999
2371 2001
2379 1993
2216 2481
2219 2482
2187 2544
2189 2546
2004 2403
1995 2392
2552 2103
2548 2103
2549 2102
2466 2127
2460 2127
2463 2142
2464 2141
2379 1996
2377 2000
2371 2002
2215 2481
2216 2480
2220 2482
2186 2544
2190 2546
2188 2546
2004 2404
1994 2392
2553 2103
2552 2102
2547 2103
2467 2127
2466 2128
2466 2126
2460 2126
2462 2142
2463 2143
2378 2000
2377 2001
2370 2002
2371 2003
2214 2481
2216 2479
2221 2482
2185 2544
2191 2546
2190 2547
2187 2546
2005 2404
2003 2404
2004 2405
1994 2391
2554 2103
2552 2101
2546 2103
2468 2127
2467 2126
2466 2129
2466 2125
2459 2126
2461 2142
2463 2144
2376 2001
2377 2002
2371 2004
2214 2482
2215 2479
2222 2482
2185 2543
2190 2548
2003 2405
1993 2391
2555 2103
2551 2101
2467 2125
2466 2130
2465 2125
2458 2126
2459 2125
2460 2142
2461 2141
2464 2144
2463 2145
2375 2001
2377 2003
2372 2004
2370 2004
2213 2482
2214 2479
2223 2482
2222 2481
2185 2542
2191 2548
2189 2548
2190 2549
2002 2405
1992 2391
1993 2390
2555 2104
2551 2100
2465 2130
2457 2126
2459 2142
2460 2141
2462 2145
2463 2146
2378 2003
2372 2005
2369 2004
2212 2482
2213 2483
2214 2478
2224 2482
2184 2542
2185 2541
2192 2548
2189 2549
2002 2406
1991 2391
1993 2389
2555 2105
2551 2099
2456 2126
2458 2142
2463 2147
2379 2003
2373 2005
2369 2005
2211 2482
2212 2481
2213 2484
2214 2477
2225 2482
2183 2542
2192 2547
2188 2549
2189 2550
2001 2406
2002 2407
1991 2390
1992 2389
2556 2105
2554 2105
2551 2098
2455 2126
2456 2125
2457 2142
2458 2141
2464 2147
2463 2148
2379 2002
2369 2006
2210 2482
2214 2484
2212 2484
2213 2485
2226 2482
2183 2541
2193 2547
2187 2549
2000 2406
1992 2388
2556 2106
2554 2106
2552 2098
2550 2098
2455 2125
2463 2149
2380 2002
2368 2006
2210 2481
2215 2484
2214 2485
2213 2486
2227 2482
2182 2541
2194 2547
2186 2549
1999 2406
1992 2387
2556 2107
2553 2106
2552 2097
2549 2098
3110 2565
2455 2124
2463 2150
2381 2002
2368 2007
2209 2481
2210 2480
2215 2485
2213 2487
2228 2482
2227 2481
2181 2541
2182 2540
2195 2547
1999 2407
1992 2386
2557 2107
2556 2108
2552 2096
2455 2123
2464 2150
2462 2150
2463 2151
2382 2002
2381 2003
2368 2008
2210 2479
2216 2485
2213 2488
2228 2481
2227 2480
2182 2539
2195 2548
2195 2546
1993 2386
1992 2385
2558 2107
2555 2108
2556 2109
2553 2096
2551 2096
2454 2123
2455 2122
2461 2150
2462 2151
2383 2002
2367 2008
2211 2479
2217 2485
2216 2486
2212 2488
2227 2479
2182 2538
2196 2548
2195 2549
2195 2545
1991 2385
1992 2384
2559 2107
2554 2108
2557 2109
2554 2096
2553 2095
2453 2123
2455 2121
2460 2150
2462 2152
2384 2002
2366 2008
2218 2485
2217 2484
2212 2489
2228 2479
2227 2478
2183 2538
2181 2538
2194 2549
2195 2550
2196 2545
1991 2384
2557 2110
2555 2096
2553 2094
2452 2123
2456 2121
2455 2120
2459 2150
2462 2153
2384 2001
2219 2485
2211 2489
2212 2490
2229 2479
2180 2538
2193 2549
2194 2550
2196 2550
2195 2551
2196 2544
1991 2383
2558 2110
2557 2111
2553 2093
2452 2124
2452 2122
2456 2120
2459 2151
2459 2149
2463 2153
2462 2154
2385 2001
2220 2485
2219 2486
2210 2489
2230 2479
2229 2480
2179 2538
2180 2537
2193 2550
2194 2551
2197 2550
2197 2544
1991 2382
2558 2111
2552 2093
2451 2124
2452 2121
2458 2149
2464 2153
2386 2001
2221 2485
2220 2486
2209 2489
2231 2479
2230 2480
2179 2537
2194 2552
2198 2550
2197 2551
1992 2382
1990 2382
2559 2111
2558 2112
2551 2093
2552 2092
2451 2125
2451 2121
2457 2149
2465 2153
2386 2000
2222 2485
2208 2489
2209 2490
2232 2479
2178 2537
2193 2552
2194 2553
2199 2550
2198 2549
1993 2382
1992 2381
1989 2382
2560 2111
2551 2094
2552 2091
2450 2125
2450 2121
2457 2150
2466 2153
2465 2152
2387 2000
2223 2485
2222 2486
2208 2488
2233 2479
2177 2537
2192 2552
2195 2553
2198 2548
1994 2382
1992 2380
1989 2383
1989 2381
2561 2111
2553 2091
2551 2091
2552 2090
2449 2125
2450 2126
2449 2121
2450 2120
2456 2150
2466 2154
2388 2000
2224 2485
2223 2484
2208 2487
2234 2479
2233 2480
2177 2538
2192 2553
2192 2551
1992 2379
1989 2384
2562 2111
2554 2091
2550 2091
2552 2089
2448 2125
2450 2127
2449 2122
2450 2119
2455 2150
2389 2000
2225 2485
2224 2486
2207 2487
2208 2486
2235 2479
2234 2480
2234 2478
2177 2539
2191 2553
1992 2378
1989 2385
2563 2111
2562 2112
2562 2110
2554 2092
2554 2090
2550 2090
2553 2089
2447 2125
2450 2128
2449 2123
2449 2119
2450 2118
2454 2150
2455 2149
2390 2000
2206 2487
2208 2485
2236 2479
2235 2478
2234 2481
2178 2539
2176 2539
2190 2553
1992 2377
1988 2385
2562 2109
2555 2092
2554 2089
2449 2128
2450 2117
2453 2150
2391 2000
2390 2001
2205 2487
2236 2480
2175 2539
2189 2553
2190 2554
2190 2552
1993 2377
1988 2386
2562 2108
2556 2092
2555 2089
2554 2088
2448 2128
2449 2117
2450 2116
2453 2151
2453 2149
2392 2000
2391 1999
2390 2002
2205 2488
2237 2480
2236 2481
2174 2539
2188 2553
2190 2555
2190 2551
1994 2377
1993 2376
1987 2386
2563 2108
2557 2092
2556 2091
2556 2089
2555 2088
2554 2087
2448 2129
2449 2116
2450 2115
2393 2000
2392 1999
2390 2003
2204 2488
2205 2489
2237 2481
2173 2539
2174 2540
2174 2538
2187 2553
2191 2555
2189 2555
1994 2376
1986 2386
2564 2108
2555 2087
2553 2087
2448 2130
2448 2116
2450 2114
2394 2000
2393 2001
2389 2003
2205 2490
2237 2482
2174 2541
2174 2537
2192 2555
2191 2556
2189 2556
1995 2376
1994 2375
1985 2386
2564 2109
2556 2087
2552 2087
2553 2086
2449 2130
2447 2130
2449 2114
2450 2113
2395 2000
2394 1999
2393 2002
2388 2003
2389 2004
2204 2490
2205 2491
2238 2482
2175 2541
2173 2541
2174 2542
2173 2537
2174 2536
2192 2556
2191 2557
2188 2556
2189 2557
1994 2374
1984 2386
1985 2387
1985 2385
2565 2109
2557 2087
2552 2086
2553 2085
2450 2130
2447 2131
2451 2113
2450 2112
2395 2001
2395 1999
2394 2002
2392 2002
2388 2004
2389 2005
2205 2492
2239 2482
2173 2542
2174 2543
2191 2558
2187 2556
2189 2558
1995 2374
1994 2373
1984 2387
1985 2384
2566 2109
2558 2087
2554 2085
2553 2084
2451 2130
2446 2131
2451 2112
2449 2112
2395 2002
2395 1998
2392 2003
2387 2004
2389 2006
2206 2492
2205 2493
2240 2482
2172 2542
2174 2544
2192 2558
2186 2556
2187 2555
2189 2559
1994 2372
1984 2388
1986 2384
1984 2384
2567 2109
2566 2110
2566 2108
2559 2087
2552 2084
2451 2129
2445 2131
2446 2132
2451 2111
2395 1997
2387 2005
2389 2007
2206 2493
2204 2493
2240 2481
2171 2542
2175 2544
2174 2545
2193 2558
2186 2555
2188 2559
1995 2372
1993 2372
1984 2389
1983 2384
2568 2109
2560 2087
2551 2084
2552 2083
2452 2129
2444 2131
2445 2132
2445 2130
2446 2133
2452 2111
2451 2110
2395 1996
2386 2005
2389 2008
2206 2494
2203 2493
2204 2494
2240 2480
2171 2543
2171 2541
2176 2544
2175 2545
2194 2558
2186 2554
2188 2560
1995 2371
1984 2390
1983 2385
1983 2383
2569 2109
2568 2108
2560 2086
2551 2085
2453 2129
2443 2131
2445 2133
2447 2133
2446 2134
2453 2111
2450 2110
2451 2109
2394 1996
2386 2006
2390 2008
2389 2009
2206 2495
2202 2493
2241 2480
2240 2479
2171 2544
2170 2541
2177 2544
2175 2546
2195 2558
2194 2559
2185 2554
2187 2560
1996 2371
1985 2390
1983 2390
1983 2382
2570 2109
2568 2107
2561 2086
2550 2085
2454 2129
2443 2130
2447 2134
2454 2111
2449 2110
2451 2108
2394 1995
2389 2010
2201 2493
2202 2494
2202 2492
2242 2480
2239 2479
2240 2478
2172 2544
2170 2544
2171 2545
2169 2541
2178 2544
2175 2547
2196 2558
2195 2559
2194 2560
2186 2560
1997 2371
1996 2370
1983 2391
1983 2381
2571 2109
2570 2110
2570 2108
2567 2107
2568 2106
2562 2086
2549 2085
2550 2086
2455 2129
2454 2130
2443 2129
2448 2134
2447 2135
2455 2111
2454 2112
2450 2108
2394 1994
2200 2493
2202 2495
2202 2491
2243 2480
2240 2477
2172 2545
2169 2544
2168 2541
2169 2542
2169 2540
2179 2544
2178 2543
2176 2547
2174 2547
2195 2560
2194 2561
2186 2559
1998 2371
1996 2369
1982 2391
1983 2392
1984 2381
1982 2381
1983 2380
2571 2110
2570 2111
2567 2106
2563 2086
2562 2087
2562 2085
2548 2085
2550 2087
2455 2130
2442 2129
2443 2128
2449 2134
2447 2136
2455 2112
2449 2108
2393 1994
2394 1993
2199 2493
2200 2492
2203 2495
2202 2496
2201 2491
2244 2480
2241 2477
2240 2476
2168 2544
2167 2541
2169 2539
2179 2545
2179 2543
2176 2548
2173 2547
2196 2560
2193 2561
2185 2559
1999 2371
1998 2370
1997 2369
1996 2368
1984 2392
1983 2393
1985 2381
1981 2381
1983 2379
2569 2111
2567 2105
2564 2086
2562 2084
2547 2085
2548 2086
2441 2129
2443 2127
2447 2137
2392 1994
2199 2494
2200 2491
2202 2497
2201 2490
2245 2480
2241 2476
2239 2476
2167 2544
2168 2545
2166 2541
2170 2539
2169 2538
2180 2543
2176 2549
2173 2546
2197 2560
2192 2561
2184 2559
2185 2558
1998 2369
1997 2368
1985 2392
1983 2394
1986 2381
1980 2381
1981 2382
1982 2379
2569 2112
2566 2105
2567 2104
2564 2087
2562 2083
2547 2086
2548 2087
2440 2129
2441 2130
2446 2137
2392 1995
2392 1993
2198 2494
2202 2498
2245 2481
2242 2476
2241 2475
2168 2546
2166 2542
2166 2540
2171 2539
2169 2537
2181 2543
2177 2549
2175 2549
2198 2560
2197 2561
2197 2559
2192 2562
2184 2560
2184 2558
2185 2557
1999 2369
1997 2367
1982 2394
1983 2395
1986 2380
1979 2381
1980 2382
1980 2380
1981 2379
1982 2378
2568 2112
2569 2113
2565 2105
2564 2088
2562 2082
2546 2086
2440 2130
2446 2138
2391 1995
2391 1993
2245 2482
2243 2476
2241 2474
2168 2547
2165 2542
2166 2539
2169 2536
2177 2550
2174 2549
2175 2550
2199 2560
2197 2562
2191 2562
2192 2563
2183 2560
2000 2369
1981 2394
1984 2395
1983 2396
1986 2379
1978 2381
1979 2380
1980 2379
1982 2377
2567 2112
2570 2113
2565 2106
2565 2088
2563 2082
2562 2081
2545 2086
2440 2131
2446 2139
2391 1992
2244 2482
2245 2483
2243 2475
2241 2473
2169 2547
2167 2547
2167 2539
2165 2539
2166 2538
2170 2536
2168 2536
2177 2551
2174 2550
2175 2551
2200 2560
2196 2562
2197 2563
2192 2564
2182 2560
2183 2561
2000 2370
2000 2368
1980 2394
1981 2393
1985 2395
1984 2396
1978 2382
1978 2380
1980 2378
1983 2377
1982 2376
2566 2112
2571 2113
2565 2089
2564 2082
2561 2081
2545 2085
2446 2140
2390 1992
2391 1991
2245 2484
2244 2475
2240 2473
2167 2548
2166 2537
2170 2535
2168 2535
2176 2551
2177 2552
2201 2560
2191 2564
2182 2561
2182 2559
2001 2368
2000 2367
1980 2395
1980 2393
1986 2395
1984 2397
1978 2383
1980 2377
1984 2377
1983 2376
2565 2112
2571 2114
2566 2089
2565 2082
2564 2083
2545 2084
2447 2140
2392 1991
2391 1990
2246 2484
2245 2475
2239 2473
2166 2548
2167 2537
2165 2537
2171 2535
2167 2535
2176 2552
2177 2553
2202 2560
2190 2564
2182 2562
2182 2558
2002 2368
2000 2366
1979 2395
1980 2396
1987 2395
1979 2383
1978 2384
1980 2376
1985 2377
1984 2378
1984 2376
1983 2375
2571 2115
2565 2083
2565 2081
2544 2084
2545 2083
2447 2141
2392 1990
2390 1990
2391 1989
2247 2484
2245 2474
2239 2474
2239 2472
2165 2548
2165 2536
2176 2553
2178 2553
2177 2554
2202 2559
2181 2562
2181 2558
2003 2368
2002 2369
2000 2365
1978 2395
1979 2396
1988 2395
1986 2377
2572 2115
2566 2083
2565 2080
2543 2084
2545 2082
2448 2141
2392 1989
2390 1989
2247 2485
2245 2473
2238 2472
2239 2471
2165 2547
2165 2535
2175 2553
2179 2553
2177 2555
2203 2559
2181 2563
1999 2365
2000 2364
1977 2395
1979 2397
1989 2395
1988 2394
1987 2377
2572 2116
2567 2083
2566 2084
2565 2079
2542 2084
2545 2081
2448 2142
2393 1989
2390 1988
2248 2485
2244 2473
2238 2471
2239 2470
2164 2535
2174 2553
2175 2554
2176 2555
2177 2556
2204 2559
2181 2564
1998 2365
2001 2364
2000 2363
1976 2395
1989 2394
1988 2393
1987 2376
2568 2083
2541 2084
2542 2085
2546 2081
2545 2080
2449 2142
2393 1988
2389 1988
2249 2485
2243 2473
2244 2472
2237 2471
2238 2470
2163 2535
2173 2553
2177 2557
2205 2559
2204 2560
2181 2565
1998 2366
2002 2364
1975 2395
1989 2393
1987 2393
1987 2375
2569 2083
2545 2079
2394 1988
2393 1987
2243 2472
2237 2470
2162 2535
2173 2554
2178 2557
2205 2558
2204 2561
2180 2565
2003 2364
1974 2395
1990 2393
1987 2374
2569 2082
2544 2079
2545 2078
2395 1988
2243 2471
2236 2470
2237 2469
2162 2536
2162 2534
2172 2554
2179 2557
2178 2558
2206 2558
2205 2561
2180 2566
2003 2363
1973 2395
1991 2393
1987 2373
2570 2082
2543 2079
2546 2078
2545 2077
2395 1987
2243 2470
2235 2470
2161 2536
2162 2533
2171 2554
2179 2558
2178 2559
2206 2561
2205 2562
2179 2566
2004 2363
1973 2396
1973 2394
1992 2393
1988 2373
2570 2081
2542 2079
2543 2078
2546 2077
2545 2076
2395 1986
2244 2470
2234 2470
2235 2469
2160 2536
2162 2532
2170 2554
2178 2560
2207 2561
2206 2562
2205 2563
2178 2566
2004 2362
1973 2397
1972 2394
1993 2393
1992 2394
2571 2081
2541 2079
2542 2080
2543 2077
2547 2077
2545 2075
2394 1986
2395 1985
2245 2470
2233 2470
2234 2469
2159 2536
2160 2537
2163 2532
2162 2531
2169 2554
2170 2555
2178 2561
2208 2561
2206 2563
2178 2567
2005 2362
2004 2361
1974 2397
1972 2393
1992 2395
2572 2081
2541 2078
2547 2076
2544 2075
2545 2074
2394 1985
2395 1984
2245 2469
2233 2471
2234 2468
2159 2537
2159 2535
2160 2538
2164 2532
2161 2531
2162 2530
2168 2554
2178 2562
2209 2561
2208 2560
2207 2563
2206 2564
2177 2567
2178 2568
2006 2362
2005 2361
2003 2361
1974 2398
1972 2392
1993 2395
2573 2081
2541 2077
2547 2075
2545 2073
2394 1984
2396 1984
2246 2469
2233 2472
2233 2468
2234 2467
2159 2534
2165 2532
2168 2553
2177 2562
2210 2561
2208 2559
2207 2564
2176 2567
2177 2568
2179 2568
2006 2363
2005 2360
1974 2399
1973 2392
1971 2392
1994 2395
2574 2081
2573 2082
2540 2077
2544 2073
2545 2072
2397 1984
2396 1983
2234 2472
2232 2472
2232 2468
2158 2534
2159 2533
2166 2532
2167 2553
2176 2562
2208 2564
2175 2567
2176 2566
2177 2569
2180 2568
2006 2360
2005 2359
1974 2400
1974 2392
1971 2391
2575 2081
2574 2082
2539 2077
2546 2072
2545 2071
2398 1984
2396 1982
2235 2472
2231 2472
2231 2468
2232 2467
2157 2534
2159 2532
2167 2532
2166 2531
2166 2553
2175 2562
2176 2563
2176 2561
2209 2564
2208 2565
2174 2567
2177 2570
2181 2568
2004 2359
2005 2358
1975 2400
1973 2400
1970 2391
2576 2081
2574 2083
2539 2078
2539 2076
2547 2072
2545 2070
2399 1984
2397 1982
2395 1982
2396 1981
2235 2473
2231 2473
2230 2468
2156 2534
2158 2532
2167 2531
2166 2530
2165 2553
2175 2563
2209 2565
2208 2566
2173 2567
2178 2570
2176 2570
2182 2568
2003 2359
2005 2357
1972 2400
1970 2390
2577 2081
2574 2084
2538 2078
2539 2075
2548 2072
2399 1985
2399 1983
2397 1981
2395 1981
2396 1980
2236 2473
2230 2473
2229 2468
2155 2534
2158 2531
2168 2531
2164 2553
2165 2552
2174 2563
2175 2564
2208 2567
2173 2568
2179 2570
2178 2571
2176 2571
2003 2358
2006 2357
2004 2357
1971 2400
1972 2401
1970 2389
2578 2081
2577 2080
2573 2084
2574 2085
2537 2078
2548 2071
2400 1985
2399 1986
2397 1980
2394 1981
2396 1979
2236 2474
2230 2474
2229 2467
2155 2535
2158 2530
2169 2531
2164 2554
2165 2551
2173 2563
2209 2567
2208 2568
2179 2571
2178 2572
2002 2358
2007 2357
2004 2356
1971 2401
1971 2399
1972 2402
1971 2389
1970 2388
2579 2081
2574 2086
2537 2079
2537 2077
2549 2071
2401 1985
2398 1980
2397 1979
2393 1981
2395 1979
2229 2474
2229 2466
2154 2535
2159 2530
2157 2530
2170 2531
2164 2555
2166 2551
2164 2551
2173 2562
2210 2567
2207 2568
2178 2573
2001 2358
2002 2357
2007 2358
2007 2356
2003 2356
1972 2403
1969 2388
2579 2080
2575 2086
2537 2080
2536 2077
2550 2071
2549 2070
2402 1985
2399 1980
2392 1981
2228 2474
2228 2466
2229 2465
2153 2535
2154 2536
2159 2529
2156 2530
2157 2529
2164 2556
2167 2551
2163 2551
2173 2561
2211 2567
2210 2566
2207 2569
2177 2573
2178 2574
2001 2359
2008 2358
2008 2356
2007 2355
2003 2355
1973 2403
1968 2388
2579 2079
2576 2086
2535 2077
2551 2071
2549 2069
2400 1980
2399 1979
2392 1980
2228 2475
2227 2466
2229 2464
2153 2536
2155 2530
2165 2556
2163 2556
2164 2557
2168 2551
2163 2552
2174 2561
2211 2568
2211 2566
2176 2573
2178 2575
2000 2359
2001 2360
2008 2359
2009 2356
2006 2355
2007 2354
2002 2355
2003 2354
1973 2404
1968 2387
2579 2078
2576 2087
2535 2076
2551 2072
2551 2070
2548 2069
2549 2068
2401 1980
2400 1979
2391 1980
2392 1979
2226 2466
2230 2464
2228 2464
2153 2537
2154 2530
2166 2556
2162 2556
2168 2550
2174 2560
2212 2568
2212 2566
2175 2573
2179 2575
1999 2359
2009 2359
2008 2360
2009 2355
2007 2353
2004 2354
1974 2404
1973 2405
1968 2386
2580 2078
2579 2077
2577 2087
2576 2088
2535 2075
2552 2072
2552 2070
2548 2068
2549 2067
2401 1979
2390 1980
2393 1979
2226 2467
2228 2463
2153 2538
2153 2530
2167 2556
2161 2556
2169 2550
2174 2559
2212 2569
2212 2565
2174 2573
2175 2574
2180 2575
1999 2358
2010 2359
2009 2360
1974 2405
1973 2406
1967 2386
2581 2078
2580 2077
2578 2077
2577 2088
2575 2088
2534 2075
2535 2074
2553 2072
2553 2070
2552 2069
2549 2066
2402 1979
2401 1978
2389 1980
2390 1981
2393 1978
2225 2467
2226 2468
2227 2463
2228 2462
2154 2538
2153 2531
2153 2529
2167 2557
2160 2556
2161 2557
2170 2550
2213 2569
2212 2564
2173 2573
2174 2574
2174 2572
2175 2575
2180 2576
1999 2357
2011 2359
2009 2361
1975 2405
1974 2406
1972 2406
1966 2386
2581 2079
2580 2076
2574 2088
2533 2075
2534 2074
2536 2074
2554 2072
2553 2073
2552 2068
2549 2065
2403 1979
2401 1977
2388 1980
2389 1979
2394 1978
2393 1977
2224 2467
2225 2468
2227 2462
2229 2462
2155 2538
2152 2531
2152 2529
2161 2558
2170 2551
2170 2549
2213 2570
2174 2571
2175 2576
2000 2357
1998 2357
2012 2359
2011 2360
2011 2358
2009 2362
1976 2405
1971 2406
1972 2407
1965 2386
1966 2387
2581 2080
2532 2075
2537 2074
2555 2072
2554 2073
2553 2074
2551 2068
2550 2065
2548 2065
2404 1979
2403 1980
2402 1977
2388 1979
2393 1976
2224 2468
2227 2461
2155 2539
2151 2531
2152 2528
2162 2558
2161 2559
2171 2551
2170 2552
2214 2570
2213 2571
2174 2576
1998 2356
2012 2358
2011 2357
2009 2363
1976 2406
1976 2404
1972 2408
1965 2387
1965 2385
1966 2388
2581 2081
2531 2075
2532 2074
2538 2074
2537 2073
2553 2075
2551 2065
2547 2065
2405 1979
2403 1977
2388 1978
2394 1976
2392 1976
2224 2469
2227 2460
2156 2539
2155 2540
2151 2532
2151 2528
2152 2527
2160 2559
2161 2560
2172 2551
2214 2571
2212 2571
2173 2576
1997 2356
2012 2357
2010 2357
2011 2356
2009 2364
1977 2406
1976 2407
1977 2404
1976 2403
1971 2408
1972 2409
1964 2387
1965 2384
1966 2389
2581 2082
2531 2076
2532 2073
2537 2072
2554 2075
2552 2075
2552 2065
2405 1980
2405 1978
2387 1978
2388 1977
2395 1976
2224 2470
2226 2460
2154 2540
2150 2532
2151 2533
2152 2526
2159 2559
2161 2561
2214 2572
2211 2571
2212 2572
2172 2576
1996 2356
2012 2356
2009 2365
1975 2407
1976 2402
1970 2408
1971 2409
1973 2409
1972 2410
1964 2384
1965 2383
1967 2389
2582 2082
2530 2076
2533 2073
2532 2072
2538 2072
2551 2075
2552 2076
2552 2064
2406 1978
2386 1978
2224 2471
2226 2459
2153 2540
2149 2532
2151 2534
2153 2526
2151 2526
2152 2525
2159 2560
2159 2558
2162 2561
2211 2570
2171 2576
2172 2577
2172 2575
1995 2356
1996 2355
2010 2365
1970 2407
1971 2410
1973 2410
1972 2411
1963 2384
2583 2082
2582 2083
2530 2077
2533 2072
2550 2075
2551 2076
2552 2077
2553 2064
2407 1978
2385 1978
2223 2471
2226 2458
2152 2540
2148 2532
2151 2535
2151 2525
2159 2561
2158 2558
2159 2557
2210 2570
2172 2578
1995 2357
1996 2354
2011 2365
1969 2407
1970 2410
1974 2410
1972 2412
1962 2384
1963 2385
1963 2383
2584 2082
2583 2083
2583 2081
2530 2078
2550 2076
2552 2078
2554 2064
2408 1978
2407 1979
2407 1977
2385 1979
2223 2472
2226 2457
2151 2540
2152 2541
2148 2533
2148 2531
2151 2536
2150 2525
2158 2561
2159 2562
2157 2558
2171 2578
1994 2357
1995 2358
1997 2354
1995 2354
1996 2353
2011 2366
2011 2364
1968 2407
1973 2412
1972 2413
1961 2384
2585 2082
2584 2081
2583 2080
2529 2078
2530 2079
2549 2076
2553 2078
2555 2064
2554 2063
2409 1978
2408 1979
2407 1976
2385 1980
2222 2472
2225 2457
2226 2456
2150 2540
2151 2539
2148 2534
2150 2536
2149 2525
2157 2561
2156 2558
2157 2559
2170 2578
2171 2579
1993 2357
1996 2358
2415 1932
1995 2353
1996 2352
2011 2367
2011 2363
1967 2407
1968 2408
1974 2412
1973 2413
1972 2414
1960 2384
1961 2383
2586 2082
2583 2079
2528 2078
2531 2079
2554 2078
2553 2079
2556 2064
2554 2062
2408 1980
2407 1975
2385 1981
2221 2472
2222 2473
2224 2457
2227 2456
2226 2455
2149 2536
2149 2524
2157 2562
2155 2558
2169 2578
2170 2579
2170 2577
1993 2358
1994 2353
1995 2352
1996 2351
2012 2367
2010 2367
2011 2368
2012 2363
1966 2407
1974 2413
1972 2415
1959 2384
2587 2082
2583 2078
2528 2079
2531 2080
2555 2078
2553 2080
2556 2065
2554 2061
2409 1980
2406 1975
2407 1974
2384 1981
2221 2473
2224 2458
2228 2456
2225 2455
2226 2454
2148 2536
2148 2524
2156 2562
2155 2559
2169 2577
2170 2580
1993 2359
1996 2350
2009 2367
2010 2368
2013 2363
1966 2408
1971 2415
2588 2082
2587 2081
2584 2078
2583 2077
2528 2080
2555 2079
2555 2077
2552 2080
2557 2065
2554 2060
2410 1980
2409 1981
2405 1975
2407 1973
2383 1981
2229 2456
2224 2455
2225 2454
2147 2536
2147 2524
2155 2562
2156 2563
2168 2577
2169 2576
2169 2580
2170 2581
1992 2359
1997 2350
1996 2349
2009 2368
2010 2369
2014 2363
1966 2409
1970 2415
2587 2080
2582 2077
2583 2076
2529 2080
2528 2081
2556 2077
2552 2081
2553 2060
2554 2059
2411 1980
2410 1981
2408 1973
2406 1973
2382 1981
2229 2457
2224 2454
2225 2453
2146 2536
2147 2537
2146 2524
2169 2575
2168 2580
2169 2581
1992 2360
1997 2349
1995 2349
2009 2369
2014 2364
2014 2362
1967 2409
1966 2410
1969 2415
1970 2416
2587 2079
2529 2081
2528 2082
2557 2077
2556 2076
2554 2058
2411 1979
2409 1973
2406 1972
2381 1981
2230 2457
2223 2454
2145 2536
2146 2535
2147 2538
2145 2524
2146 2523
2167 2580
1991 2360
1998 2349
1997 2348
1994 2349
1995 2348
2008 2369
2014 2365
2015 2362
1969 2416
1969 2414
1970 2417
2587 2078
2529 2082
2528 2083
2557 2076
2553 2058
2554 2057
2412 1979
2409 1972
2405 1972
2406 1971
2381 1982
2381 1980
2231 2457
2230 2458
2222 2454
2223 2453
2144 2536
2146 2538
2147 2539
2144 2524
2145 2525
2146 2522
2167 2581
1990 2360
1999 2349
1997 2347
1995 2347
2007 2369
2014 2366
2015 2361
1968 2416
2587 2077
2527 2083
2558 2076
2552 2058
2555 2057
2413 1979
2410 1972
2404 1972
2406 1970
2381 1979
2231 2456
2222 2455
2222 2453
2143 2536
2145 2538
2143 2524
2145 2526
2147 2522
2166 2581
1990 2359
2000 2349
1999 2350
1995 2346
2006 2369
2014 2367
1968 2417
2588 2077
2526 2083
2551 2058
2414 1979
2411 1972
2410 1971
2406 1969
2380 1979
2381 1978
2231 2455
2222 2456
2221 2453
2222 2452
2142 2536
2145 2539
2146 2526
2148 2522
2165 2581
1989 2359
1990 2358
2001 2349
2000 2348
1999 2351
1996 2346
2006 2370
2014 2368
1967 2417
2589 2077
2526 2084
2526 2082
2551 2057
2414 1980
2411 1971
2410 1970
2405 1969
2406 1968
2380 1978
2381 1977
2232 2455
2231 2454
2223 2456
2220 2453
2221 2452
2222 2451
2141 2536
2142 2537
2148 2521
2164 2581
2165 2582
1988 2359
2002 2349
2001 2348
2000 2351
1996 2345
2005 2370
2015 2368
2014 2369
1967 2418
2590 2077
2526 2085
2525 2082
2526 2081
2550 2057
2551 2056
2415 1980
2414 1981
2411 1970
2410 1969
2404 1969
2406 1967
2379 1978
2381 1976
2233 2455
2232 2454
2230 2454
2231 2453
2219 2453
2140 2536
2142 2538
2163 2581
2165 2583
1987 2359
2001 2347
1996 2344
2004 2370
2005 2371
2016 2368
2015 2369
2013 2369
1967 2419
2591 2077
2525 2085
2526 2086
2526 2080
2551 2055
2416 1980
2414 1982
2411 1969
2409 1969
2403 1969
2407 1967
2406 1966
2378 1978
2380 1976
2381 1975
2234 2455
2233 2456
2229 2454
2218 2453
2140 2535
2163 2582
2163 2580
2164 2583
2165 2584
1986 2359
2002 2347
2001 2346
1995 2344
2005 2372
2016 2367
2015 2370
1968 2419
1967 2420
2591 2078
2591 2076
2525 2086
2527 2086
2551 2054
2412 1969
2408 1969
2403 1968
2408 1967
2407 1966
2377 1978
2380 1975
2382 1975
2235 2455
2234 2456
2233 2457
2228 2454
2229 2453
2217 2453
2140 2534
2163 2583
2162 2580
2166 2584
1985 2359
1986 2360
2003 2347
2000 2346
2001 2345
1994 2344
1995 2343
2006 2372
2015 2371
1968 2420
1966 2420
1967 2421
2592 2078
2524 2086
2528 2086
2552 2054
2550 2054
2413 1969
2412 1968
2408 1970
2408 1968
2402 1968
2403 1967
2407 1965
2377 1977
2380 1974
2383 1975
2235 2454
2233 2458
2216 2453
2217 2454
2217 2452
2140 2533
2162 2583
2162 2579
2167 2584
2166 2585
1984 2359
1985 2360
2004 2347
2000 2345
2001 2344
1993 2344
1994 2343
1995 2342
2016 2371
2014 2371
1967 2422
2593 2078
2524 2087
2529 2086
2552 2053
2549 2054
2413 1970
2413 1968
2401 1968
2403 1966
2407 1964
2376 1977
2377 1976
2384 1975
2235 2453
2234 2458
2215 2453
2216 2452
2217 2451
2139 2533
2162 2584
2161 2579
2166 2586
1983 2359
2004 2348
2002 2344
1993 2343
1995 2341
2017 2371
2013 2371
1966 2422
1967 2423
2594 2078
2523 2087
2524 2088
2530 2086
2529 2087
2553 2053
2414 1970
2413 1971
2413 1967
2401 1969
2408 1964
2377 1975
2384 1976
2384 1974
2236 2453
2234 2459
2215 2454
2217 2450
2138 2533
2139 2532
2161 2584
2160 2579
2166 2587
1982 2359
1983 2358
2002 2343
1993 2342
1996 2341
2018 2371
2012 2371
1968 2423
2594 2079
2594 2077
2525 2088
2531 2086
2553 2052
2414 1971
2400 1969
2385 1976
2384 1973
2237 2453
2236 2452
2235 2459
2234 2460
2214 2454
2215 2455
2217 2449
2138 2532
2160 2584
2161 2585
2160 2580
2160 2578
2167 2587
1981 2359
1983 2357
2002 2342
1993 2341
1997 2341
1996 2340
2018 2372
2012 2372
1969 2423
1968 2424
2595 2079
2594 2080
2531 2087
2553 2051
2414 1972
2400 1970
2384 1972
2237 2452
2236 2459
2234 2461
2213 2454
2214 2455
2137 2532
2159 2584
2160 2577
2168 2587
2167 2588
1980 2359
2003 2342
2001 2342
1992 2341
1998 2341
1996 2339
1970 2423
1969 2422
1968 2425
2594 2081
2532 2087
2531 2088
2554 2051
2415 1972
2400 1971
2385 1972
2238 2452
2237 2459
2233 2461
2212 2454
2214 2456
2136 2532
2158 2584
2161 2577
2159 2577
2167 2589
1979 2359
2004 2342
1991 2341
1992 2340
1998 2342
1997 2339
1970 2424
1969 2421
1967 2425
2595 2081
2533 2087
2555 2051
2415 1973
2401 1971
2399 1971
2385 1971
2238 2459
2232 2461
2233 2462
2211 2454
2214 2457
2135 2532
2136 2533
2136 2531
2157 2584
2158 2585
2158 2583
2161 2576
2158 2577
2167 2590
1979 2358
2005 2342
1990 2341
1991 2342
1999 2342
1998 2339
1967 2426
2595 2082
2533 2088
2533 2086
2555 2052
2555 2050
2416 1973
2415 1974
2402 1971
2238 2458
2231 2461
2233 2463
2210 2454
2211 2455
2135 2533
2135 2531
2136 2534
2156 2584
2158 2586
2162 2576
2157 2577
2168 2590
2167 2591
1978 2358
1979 2357
2006 2342
1989 2341
1991 2343
1998 2338
1967 2427
2596 2082
2595 2083
2533 2089
2533 2085
2555 2053
2555 2049
2417 1973
2416 1974
2414 1974
2239 2458
2238 2457
2209 2454
2210 2455
2134 2531
2135 2530
2136 2535
2155 2584
2156 2585
2159 2586
2158 2587
2157 2576
2169 2590
1979 2356
2006 2343
2006 2341
1988 2341
1991 2344
1999 2338
1968 2427
1966 2427
2597 2082
2594 2083
2533 2090
2534 2085
2533 2084
2556 2049
2418 1973
2417 1972
2416 1975
2413 1974
2239 2457
2209 2455
2210 2456
2133 2531
2135 2529
2135 2535
2136 2536
2154 2584
2155 2585
2156 2586
2156 2576
2157 2575
2170 2590
2169 2589
1978 2356
1979 2355
2007 2341
1987 2341
2000 2338
1969 2427
1968 2428
1965 2427
2598 2082
2597 2081
2533 2091
2535 2085
2556 2048
2419 1973
2416 1976
2412 1974
2413 1975
2240 2457
2208 2455
2209 2456
2132 2531
2133 2532
2133 2530
2134 2529
2134 2535
2137 2536
2154 2583
2156 2587
2155 2576
2156 2575
2157 2574
2170 2591
1978 2355
2008 2341
1987 2340
2000 2337
1969 2428
1968 2429
1964 2427
2599 2082
2597 2080
2534 2091
2532 2091
2535 2086
2535 2084
2557 2048
2556 2047
2420 1973
2419 1974
2419 1972
2417 1976
2411 1974
2412 1975
2241 2457
2240 2456
2207 2455
2131 2531
2132 2532
2134 2536
2138 2536
2153 2583
2154 2582
2154 2576
2158 2574
2157 2573
2170 2592
1977 2355
2009 2341
2008 2340
1987 2339
2001 2337
2000 2336
1963 2427
1964 2428
2600 2082
2534 2092
2532 2092
2536 2086
2535 2083
2558 2048
2556 2046
2421 1973
2420 1974
2410 1974
2241 2458
2240 2455
2206 2455
2131 2530
2132 2533
2133 2536
2154 2581
2157 2572
2171 2592
2169 2592
1977 2354
2008 2339
1988 2339
2002 2337
1999 2336
1962 2427
1964 2429
2601 2082
2600 2081
2531 2092
2532 2093
2537 2086
2559 2048
2556 2045
2422 1973
2421 1974
2421 1972
2242 2458
2240 2454
2205 2455
2206 2454
2130 2530
2131 2529
2132 2534
2132 2536
2154 2580
2157 2571
2172 2592
2171 2593
1976 2354
1977 2353
2009 2339
1988 2338
2002 2336
1998 2336
1961 2427
2602 2082
2601 2083
2532 2094
2538 2086
2560 2048
2556 2044
2421 1971
2243 2458
2241 2454
2239 2454
2204 2455
2205 2456
2129 2530
2130 2529
2132 2529
2131 2528
2131 2536
2154 2579
2158 2571
2171 2594
1975 2354
1977 2352
2010 2339
2002 2335
1997 2336
1961 2428
1961 2426
2603 2082
2601 2084
2533 2094
2531 2094
2532 2095
2538 2087
2561 2048
2556 2043
2422 1971
2421 1970
2244 2458
2242 2454
2241 2453
2238 2454
2205 2457
2129 2531
2132 2528
2130 2536
2159 2571
2172 2594
2171 2595
1974 2354
1978 2352
2011 2339
2010 2338
2002 2334
1996 2336
1961 2429
2604 2082
2601 2085
2530 2094
2531 2095
2532 2096
2562 2048
2556 2042
2423 1971
2244 2459
2243 2454
2242 2453
2241 2452
2238 2455
2204 2457
2129 2532
2133 2528
2132 2527
2129 2536
2130 2537
2160 2571
2173 2594
2171 2596
1978 2351
2011 2338
2010 2337
2003 2334
1995 2336
1960 2429
1961 2430
2605 2082
2602 2085
2529 2094
2533 2096
2532 2097
2563 2048
2562 2047
2555 2042
2424 1971
2423 1970
2245 2459
2244 2460
2242 2452
2241 2451
2237 2455
2204 2458
2130 2532
2129 2533
2133 2527
2132 2526
2129 2537
2161 2571
2160 2570
2174 2594
2170 2596
1979 2351
1978 2350
2010 2336
2004 2334
1994 2336
1959 2429
1960 2430
1962 2430
2606 2082
2605 2083
2529 2093
2534 2096
2531 2097
2564 2048
2554 2042
2555 2041
2425 1971
2424 1972
2246 2459
2245 2460
2244 2461
2243 2452
2204 2459
2129 2534
2134 2527
2132 2525
2161 2570
2160 2569
2174 2595
2174 2593
2169 2596
2170 2597
1980 2351
1977 2350
2011 2336
2009 2336
2010 2335
1993 2336
1994 2335
1959 2430
1959 2428
1962 2431
2606 2083
2528 2093
2535 2096
2534 2095
2564 2047
2555 2040
2426 1971
2425 1972
2246 2460
2246 2458
2244 2462
2244 2452
2243 2451
2204 2460
2135 2527
2162 2570
2175 2595
2174 2596
2174 2592
2168 2596
1981 2351
1980 2350
2012 2336
2011 2335
2010 2334
1992 2336
1994 2334
1958 2430
1959 2431
1963 2431
1962 2432
2607 2083
2527 2093
2528 2092
2535 2097
2535 2095
2565 2047
2556 2040
2554 2040
2555 2039
2427 1971
2426 1972
2246 2461
2247 2458
2246 2457
2245 2462
2243 2462
2245 2452
2204 2461
2163 2570
2174 2597
2168 2597
2168 2595
1982 2351
1980 2349
2013 2336
2011 2334
2010 2333
1992 2337
1992 2335
1994 2333
1957 2430
1958 2431
1959 2432
1964 2431
1961 2432
2608 2083
2527 2094
2535 2098
2536 2095
2566 2047
2557 2040
2553 2040
2555 2038
2427 1970
2426 1973
2247 2461
2242 2462
2246 2452
2203 2461
2163 2571
2163 2569
2174 2598
2168 2598
2168 2594
1982 2352
1982 2350
1981 2349
2013 2337
2012 2334
2010 2332
1991 2335
1995 2333
1993 2333
1994 2332
1956 2430
1965 2431
2609 2083
2527 2095
2534 2098
2537 2095
2536 2094
2566 2046
2557 2039
2552 2040
2553 2041
2554 2038
2555 2037
2427 1969
2426 1974
2248 2461
2247 2462
2242 2463
2246 2451
2202 2461
2163 2572
2164 2569
2163 2568
2174 2599
2169 2598
1982 2353
1982 2349
2013 2338
2012 2333
2009 2332
1990 2335
1956 2431
1965 2432
2610 2083
2528 2095
2526 2095
2538 2095
2536 2093
2566 2045
2558 2039
2557 2038
2551 2040
2553 2038
2555 2036
2426 1969
2427 1968
2249 2461
2242 2464
2247 2451
2202 2460
2165 2569
2164 2568
2173 2599
2174 2600
2169 2599
1983 2353
1983 2349
2014 2338
2012 2332
2008 2332
1955 2431
1956 2432
1965 2433
2610 2084
2525 2095
2526 2096
2539 2095
2538 2096
2567 2045
2551 2041
2551 2039
2555 2035
2427 1967
2249 2462
2242 2465
2247 2450
2165 2570
2164 2567
2172 2599
2174 2601
2169 2600
1984 2353
1984 2349
1983 2348
2015 2338
2012 2331
2007 2332
2008 2333
2008 2331
1955 2432
1966 2433
1965 2434
2610 2085
2525 2094
2540 2095
2539 2096
2538 2097
2567 2044
2550 2041
2550 2039
2551 2038
2556 2035
2428 1967
2426 1967
2243 2465
2241 2465
2242 2466
2247 2449
2175 2601
2169 2601
1985 2349
1984 2350
1983 2347
2016 2338
2015 2339
2013 2331
2007 2333
2008 2334
1954 2432
1967 2433
1964 2434
2610 2086
2524 2094
2540 2096
2540 2094
2538 2098
2567 2043
2549 2041
2551 2037
2556 2034
2429 1967
2426 1966
2248 2449
2246 2449
2176 2601
2168 2601
2169 2602
1983 2346
2016 2337
2015 2340
2014 2331
2013 2330
2006 2333
1953 2432
1968 2433
1967 2432
1964 2435
2611 2086
2609 2086
2524 2093
2541 2096
2541 2094
2538 2099
2568 2043
2566 2043
2548 2041
2549 2042
2549 2040
2552 2037
2550 2037
2557 2034
2429 1966
2426 1965
2249 2449
2177 2601
2176 2602
2168 2602
1982 2346
2017 2337
2016 2336
2015 2341
2015 2331
1952 2432
1969 2433
1963 2435
1964 2436
2612 2086
2608 2086
2523 2093
2542 2096
2541 2093
2537 2099
2565 2043
2547 2041
2548 2042
2548 2040
2552 2036
2558 2034
2557 2033
2429 1965
2425 1965
2249 2450
2177 2600
2176 2603
2167 2602
2168 2603
1982 2345
2017 2336
2016 2341
2015 2342
2016 2331
1952 2433
1952 2431
1970 2433
1969 2434
1962 2435
1964 2437
2612 2087
2608 2087
2608 2085
2522 2093
2523 2092
2543 2096
2542 2093
2541 2092
2565 2042
2546 2041
2547 2040
2548 2043
2558 2035
2558 2033
2557 2032
2430 1965
2424 1965
2425 1964
2178 2600
2176 2604
2166 2602
2168 2604
1981 2345
2018 2336
2017 2335
2017 2341
2015 2343
2017 2331
2016 2332
2016 2330
1952 2434
1952 2430
1971 2433
1962 2434
1964 2438
2613 2087
2607 2085
2522 2094
2522 2092
2543 2093
2540 2092
2564 2042
2546 2042
2547 2039
2559 2035
2558 2036
2559 2033
2556 2032
2430 1964
2423 1965
2424 1966
2178 2599
2177 2604
2176 2605
2165 2602
2166 2601
2169 2604
1980 2345
2019 2336
2014 2343
2018 2331
2016 2333
1953 2434
1951 2434
1952 2429
1972 2433
1961 2434
1965 2438
1963 2438
2613 2088
2606 2085
2522 2095
2521 2092
2522 2091
2543 2092
2540 2091
2564 2041
2545 2042
2546 2043
2546 2039
2560 2033
2559 2032
2555 2032
2556 2031
2423 1966
2424 1967
2179 2599
2178 2598
2178 2604
2164 2602
2165 2601
2166 2600
2170 2604
1980 2346
1980 2344
2020 2336
2013 2343
2019 2331
2018 2332
2016 2334
1954 2434
1951 2435
1953 2429
1972 2432
1966 2438
2614 2088
2613 2089
2606 2086
2523 2095
2521 2095
2520 2092
2521 2091
2544 2092
2539 2091
2563 2041
2564 2040
2544 2042
2545 2043
2546 2044
2545 2039
2561 2033
2560 2032
2559 2031
2554 2032
2422 1966
2177 2598
2178 2597
2179 2604
2178 2605
2163 2602
2165 2600
2166 2599
2170 2605
1979 2346
1980 2343
2020 2337
2020 2335
2012 2343
2013 2342
2020 2331
1955 2434
1954 2435
1953 2428
1973 2432
1966 2439
2615 2088
2614 2089
2606 2087
2521 2096
2521 2090
2545 2092
2544 2091
2539 2090
2562 2041
2564 2039
2543 2042
2544 2039
2545 2038
2561 2034
2558 2031
2553 2032
2554 2031
2421 1966
2179 2597
2180 2604
2179 2603
2178 2606
2162 2602
2166 2598
2171 2605
2170 2606
1978 2346
1981 2343
1980 2342
2020 2338
2021 2335
2012 2344
2012 2342
2021 2331
2020 2330
1954 2436
1953 2427
1974 2432
1967 2439
1966 2440
2615 2087
2605 2087
2606 2088
2544 2090
2538 2090
2539 2089
2543 2043
2543 2039
2545 2037
2558 2030
2420 1966
2180 2597
2180 2603
2179 2606
2177 2606
2161 2602
2165 2598
2170 2607
1977 2346
1978 2345
1982 2343
1980 2341
2021 2338
2022 2335
2021 2334
2020 2329
1953 2436
1954 2427
1974 2431
1966 2441
2616 2087
2606 2089
2544 2089
2537 2090
2539 2088
2542 2043
2542 2039
2545 2036
2558 2029
2419 1966
2181 2597
2180 2598
2181 2603
2180 2602
2180 2606
2161 2603
2164 2598
2165 2597
2171 2607
1982 2342
1980 2340
2022 2334
2021 2329
2019 2329
1952 2436
1953 2437
1954 2426
1974 2430
1966 2442
2617 2087
2607 2089
2606 2090
2543 2089
2537 2091
2537 2089
2541 2043
2542 2044
2541 2039
2542 2040
2545 2035
2559 2029
2418 1966
2419 1965
2181 2596
2182 2603
2180 2601
2161 2604
2164 2597
2172 2607
1979 2340
1980 2339
2023 2334
2022 2329
1955 2426
1975 2430
1966 2443
2617 2088
2617 2086
2605 2090
2543 2088
2540 2043
2542 2045
2541 2038
2545 2034
2560 2029
2417 1966
2181 2595
2183 2603
2181 2601
2160 2604
2164 2596
1979 2339
1981 2339
2024 2334
2022 2330
2022 2328
1955 2425
1976 2430
1975 2429
1967 2443
2618 2088
2618 2086
2604 2090
2540 2042
2542 2046
2540 2038
2541 2037
2545 2033
2417 1965
2182 2595
2183 2604
2182 2601
2160 2605
2164 2595
1981 2338
2023 2330
1955 2424
1977 2430
1976 2429
1968 2443
2618 2085
2603 2090
2604 2091
2540 2041
2543 2046
2542 2047
2539 2038
2541 2036
2417 1964
2183 2595
2184 2604
2183 2601
2160 2606
1981 2337
2024 2330
1955 2423
1977 2431
1976 2428
1969 2443
2619 2085
2618 2084
2602 2090
2541 2041
2539 2041
2543 2047
2541 2047
2542 2048
2542 2036
2417 1963
2184 2595
2185 2604
2184 2601
2183 2600
2160 2607
1981 2336
2024 2331
2024 2329
1955 2422
1977 2428
1976 2427
1969 2444
2617 2084
2618 2083
2601 2090
2544 2047
2540 2047
2543 2036
2418 1963
2416 1963
2417 1962
2185 2595
2185 2601
2183 2599
2161 2607
2159 2607
1982 2336
1980 2336
1981 2335
2025 2331
2024 2328
1956 2422
1955 2421
1976 2426
1969 2445
2616 2084
2618 2082
2600 2090
2545 2047
2544 2048
2539 2047
2540 2048
2415 1963
2416 1962
2185 2596
2185 2600
2162 2607
2158 2607
2159 2608
1983 2336
1981 2334
2026 2331
1956 2421
1954 2421
1976 2425
1968 2445
1969 2446
2617 2082
2618 2081
2599 2090
2546 2047
2545 2046
2544 2049
2538 2047
2414 1963
2416 1961
2185 2597
2163 2607
2162 2606
2157 2607
2158 2606
1984 2336
1982 2334
1981 2333
2027 2331
2026 2330
1953 2421
1975 2425
1967 2445
1969 2447
2619 2081
2598 2090
2546 2046
2537 2047
2413 1963
2186 2597
2184 2597
2163 2608
2157 2606
1984 2337
1984 2335
1982 2333
1981 2332
2027 2330
2026 2329
1952 2421
1974 2425
1968 2447
1969 2448
2620 2081
2597 2090
2598 2089
2547 2046
2536 2047
2537 2048
2413 1962
2187 2597
2164 2608
2156 2606
1985 2337
1984 2338
1981 2331
2028 2330
1951 2421
1967 2447
1968 2448
1970 2448
2621 2081
2597 2091
2598 2088
2536 2046
2537 2049
2412 1962
2413 1961
2187 2598
2187 2596
2164 2609
2155 2606
1985 2338
1982 2331
1980 2331
2029 2330
1950 2421
1951 2422
1967 2448
2622 2081
2596 2091
2597 2088
2598 2087
2535 2046
2538 2049
2412 1961
2413 1960
2188 2598
2187 2599
2188 2596
2164 2610
2154 2606
2155 2607
2155 2605
1983 2331
1979 2331
2029 2329
1950 2420
1966 2448
1967 2449
2623 2081
2622 2082
2622 2080
2596 2092
2598 2086
2535 2045
2539 2049
2411 1961
2412 1960
2413 1959
2188 2599
2189 2596
2188 2595
2164 2611
2153 2606
2154 2605
1983 2332
1983 2330
1979 2332
2030 2329
2029 2328
1949 2420
1950 2419
1967 2450
2623 2082
2623 2080
2622 2083
2622 2079
2596 2093
2534 2045
2539 2050
2411 1960
2413 1958
2190 2596
2165 2611
2152 2606
1983 2329
2031 2329
2029 2327
1948 2420
1968 2450
1966 2450
1967 2451
2624 2082
2624 2080
2621 2079
2622 2078
2533 2045
2540 2050
2539 2051
2411 1959
2414 1958
2191 2596
2166 2611
2151 2606
1982 2329
2031 2330
2028 2327
2029 2326
1948 2419
1968 2451
1965 2450
2625 2082
2624 2083
2620 2079
2623 2078
2532 2045
2533 2046
2539 2052
2410 1959
2411 1958
2414 1957
2191 2597
2191 2595
2166 2612
2166 2610
2151 2605
1982 2328
2027 2327
2030 2326
1947 2419
1968 2452
1964 2450
2626 2082
2624 2084
2619 2079
2624 2078
2531 2045
2532 2046
2539 2053
2411 1957
2415 1957
2414 1956
2192 2595
2167 2612
2166 2613
2150 2605
1981 2328
2027 2326
2031 2326
2030 2325
1946 2419
1969 2452
1968 2453
1963 2450
1964 2451
1964 2449
2627 2082
2626 2081
2625 2078
2531 2046
2531 2044
2532 2047
2539 2054
2410 1957
2411 1956
2415 1956
2192 2594
2166 2614
2149 2605
2150 2604
1981 2327
2027 2325
2032 2326
2031 2327
2031 2325
1945 2419
1946 2418
1969 2453
1962 2450
1964 2452
2627 2083
2626 2078
2625 2079
2625 2077
2531 2043
2538 2054
2539 2055
2409 1957
2410 1956
2411 1955
2416 1956
2192 2593
2166 2615
2149 2606
2149 2604
2150 2603
1980 2327
1981 2326
2028 2325
2026 2325
2032 2327
2032 2325
1945 2420
1946 2417
1961 2450
1965 2452
1964 2453
2628 2083
2625 2076
2530 2043
2539 2056
2408 1957
2416 1955
2191 2593
2167 2615
2148 2606
1979 2327
1981 2325
2025 2325
2033 2327
2032 2324
1944 2420
1945 2417
1963 2453
1964 2454
2629 2083
2625 2075
2529 2043
2530 2042
2540 2056
2416 1954
2191 2592
2148 2607
1978 2327
1979 2328
1981 2324
2024 2325
2034 2327
2033 2328
2032 2323
1944 2421
1944 2417
1962 2453
1963 2454
1965 2454
2630 2083
2629 2082
2625 2074
2528 2043
2529 2044
2541 2056
2416 1953
2190 2592
2148 2608
1978 2328
1978 2326
1982 2324
1981 2323
2023 2325
2024 2326
2034 2328
2034 2326
2033 2329
2033 2323
1944 2422
1943 2417
1963 2455
2630 2084
2630 2082
2629 2081
2624 2074
2625 2073
2527 2043
2528 2044
2542 2056
2417 1953
2415 1953
2190 2591
2147 2608
2148 2609
1977 2326
1978 2325
1983 2324
1980 2323
1981 2322
2023 2324
2034 2325
2033 2330
2034 2323
1943 2422
1944 2423
1943 2416
1963 2456
2631 2084
2630 2081
2623 2074
2624 2073
2626 2073
2527 2042
2528 2045
2542 2057
2542 2055
2418 1953
2417 1952
2415 1952
2190 2590
2146 2608
2149 2609
1976 2326
1984 2324
1983 2323
1981 2321
2022 2324
2023 2323
2034 2322
1945 2423
1943 2415
1964 2456
2632 2084
2630 2080
2622 2074
2627 2073
2528 2046
2543 2057
2542 2054
2414 1952
2189 2590
2145 2608
2150 2609
1975 2326
1984 2325
1982 2321
2021 2324
2023 2322
2034 2321
1946 2423
1945 2424
1942 2415
1943 2414
1965 2456
2633 2084
2621 2074
2622 2073
2628 2073
2627 2074
2527 2046
2528 2047
2544 2057
2543 2054
2413 1952
2188 2590
2144 2608
2145 2607
2150 2610
1974 2326
2021 2323
2024 2322
2023 2321
2035 2321
1947 2423
1946 2422
1941 2415
1942 2414
1966 2456
2633 2085
2633 2083
2629 2073
2627 2075
2527 2047
2528 2048
2544 2058
2543 2053
2413 1951
2188 2591
2188 2589
2145 2606
2151 2610
2150 2611
1973 2326
2021 2322
2023 2320
2036 2321
2035 2320
1941 2416
1941 2414
1967 2456
2633 2086
2634 2083
2633 2082
2630 2073
2527 2048
2529 2048
2528 2049
2543 2052
2412 1951
2413 1950
2187 2591
2188 2588
2145 2605
2151 2611
2150 2612
1972 2326
2021 2321
2023 2319
2037 2321
2035 2319
1940 2416
1941 2413
1967 2457
2634 2086
2633 2087
2634 2082
2632 2082
2633 2081
2630 2074
2630 2072
2529 2049
2543 2051
2413 1949
2186 2591
2188 2587
2144 2605
2152 2611
2151 2612
2149 2612
2150 2613
1971 2326
2021 2320
2023 2318
2034 2319
1940 2417
1940 2413
1941 2412
1967 2458
2635 2086
2634 2087
2632 2087
2633 2088
2635 2082
2630 2075
2530 2049
2529 2050
2544 2051
2412 1949
2413 1948
2185 2591
2188 2586
2143 2605
2153 2611
2151 2613
2148 2612
2150 2614
1971 2325
2020 2320
2024 2318
2033 2319
1939 2413
1942 2412
1968 2458
1967 2459
2635 2087
2635 2085
2633 2089
2636 2082
2630 2076
2529 2051
2411 1949
2413 1947
2188 2585
2142 2605
2143 2606
2143 2604
2154 2611
2152 2613
2147 2612
2148 2613
2149 2614
2150 2615
1970 2325
1971 2324
2020 2319
2024 2317
2032 2319
1939 2412
1943 2412
1942 2411
1967 2460
2636 2087
2634 2089
2633 2090
2636 2083
2630 2077
2530 2051
2528 2051
2411 1950
2411 1948
2413 1946
2189 2585
2188 2584
2141 2605
2142 2606
2143 2603
2155 2611
2154 2612
2154 2610
2153 2613
2149 2615
2150 2616
1971 2323
2019 2319
2025 2317
2024 2316
2032 2318
1944 2412
1943 2411
1942 2410
1966 2460
1967 2461
2637 2087
2635 2089
2636 2084
2630 2078
2528 2052
2410 1950
2410 1948
2413 1945
2190 2585
2187 2584
2188 2583
2141 2606
2141 2604
2143 2602
2155 2610
2153 2614
2150 2617
1971 2322
2019 2318
2024 2315
2032 2317
1942 2409
1965 2460
1967 2462
2636 2089
2637 2084
2629 2078
2528 2053
2409 1950
2410 1947
2414 1945
2413 1944
2190 2586
2186 2584
2188 2582
2140 2606
2142 2602
2143 2601
2154 2614
2151 2617
2150 2618
1970 2322
2025 2315
2023 2315
2024 2314
2033 2317
2031 2317
1942 2408
1968 2462
1967 2463
2637 2089
2527 2053
2528 2054
2408 1950
2409 1951
2415 1945
2414 1944
2413 1943
2190 2587
2186 2583
2188 2581
2139 2606
2142 2601
2144 2601
2143 2600
2155 2614
2152 2617
2150 2619
1970 2321
2026 2315
2033 2316
2030 2317
1943 2408
1941 2408
1942 2407
1968 2463
1966 2463
2638 2089
2526 2053
2527 2054
2528 2055
2407 1950
2408 1949
2409 1952
2414 1943
2413 1942
2188 2580
2138 2606
2139 2605
2142 2600
2145 2601
2144 2600
2143 2599
2155 2613
2152 2618
2152 2616
2150 2620
1969 2321
2027 2315
2026 2316
2026 2314
2033 2315
2029 2317
1944 2408
1941 2407
1968 2464
1965 2463
2638 2090
2638 2088
2525 2053
2527 2055
2529 2055
2406 1950
2407 1949
2410 1952
2409 1953
2412 1942
2188 2579
2137 2606
2142 2599
2145 2600
2143 2598
2156 2613
2152 2619
2151 2620
1969 2320
2028 2315
2026 2313
2034 2315
2032 2315
2033 2314
1940 2407
1969 2464
1968 2465
1965 2464
2638 2091
2639 2088
2524 2053
2525 2054
2527 2056
2529 2056
2405 1950
2411 1942
2189 2579
2137 2607
2137 2605
2141 2599
2146 2600
2151 2621
1968 2320
2029 2315
2028 2314
2025 2313
2035 2315
2034 2314
2031 2315
2032 2314
2033 2313
1939 2407
1940 2406
1969 2465
1964 2464
2638 2092
2524 2052
2530 2056
2410 1942
2411 1943
2411 1941
2189 2578
2136 2607
2137 2608
2136 2605
2140 2599
2141 2598
2147 2600
2146 2599
2151 2622
1967 2320
2029 2314
2028 2313
2034 2313
1939 2408
1963 2464
1964 2465
2639 2092
2638 2093
2524 2051
2530 2057
2409 1942
2189 2577
2138 2608
2137 2609
2135 2605
2136 2604
2141 2597
2146 2598
2151 2623
1966 2320
1967 2319
2029 2313
2034 2312
1938 2408
1963 2465
1963 2463
1964 2466
2640 2092
2639 2093
2523 2051
2531 2057
2408 1942
2409 1941
2190 2577
2139 2608
2138 2609
2136 2609
2135 2606
2136 2603
2140 2597
3258 2614
2146 2597
2150 2623
2151 2624
1965 2320
2030 2313
2034 2311
1937 2408
1962 2465
1963 2466
1963 2462
1965 2466
1964 2467
2641 2092
2639 2094
2522 2051
2531 2058
2408 1943
2409 1940
2191 2577
2135 2609
2136 2610
2137 2603
2135 2603
2136 2602
2139 2597
2147 2597
2146 2596
2149 2623
2152 2624
1964 2320
1965 2321
1965 2319
2030 2312
2035 2311
1936 2408
1937 2407
1961 2465
1962 2466
1963 2467
1964 2462
1963 2461
1965 2467
2642 2092
2641 2091
2639 2095
2522 2052
2522 2050
2532 2058
2531 2059
2407 1943
2409 1939
2192 2577
2134 2609
2135 2608
2136 2611
2138 2603
2135 2602
2138 2597
2139 2598
2139 2596
2146 2595
2148 2623
2149 2624
2153 2624
1963 2320
2030 2311
2036 2311
1935 2408
1937 2406
1960 2465
1961 2466
1966 2467
1965 2468
2643 2092
2642 2093
2641 2090
2638 2095
2521 2052
2521 2050
2532 2059
2531 2060
2406 1943
2408 1939
2409 1938
2192 2578
2192 2576
2134 2610
2134 2608
2135 2611
2136 2612
2135 2601
2137 2597
2139 2595
2147 2595
2148 2624
2149 2625
2154 2624
1963 2321
2030 2310
2037 2311
2036 2310
1934 2408
1959 2465
1961 2467
1965 2469
2643 2093
2641 2089
2637 2095
2520 2052
2521 2053
2520 2050
2532 2060
2530 2060
2531 2061
2406 1944
2407 1939
2409 1937
2192 2579
2192 2575
2133 2610
2134 2607
2135 2600
2139 2594
2148 2595
2147 2594
2147 2624
2154 2625
2154 2623
1962 2321
2031 2310
2038 2311
2036 2309
1933 2408
1934 2409
1958 2465
1959 2464
1961 2468
1965 2470
2643 2094
2636 2095
2521 2054
2533 2060
2406 1939
2407 1938
2410 1937
2409 1936
2132 2610
2134 2600
2135 2599
2140 2594
2138 2594
2149 2595
2147 2593
2146 2624
2147 2625
2155 2625
1961 2321
2039 2311
2038 2312
2038 2310
2035 2309
2036 2308
1932 2408
1934 2410
1957 2465
1959 2463
1960 2468
1965 2471
2644 2094
2643 2095
2636 2096
2636 2094
2521 2055
2411 1937
2408 1936
2132 2611
2135 2598
2137 2594
2149 2596
2146 2593
2147 2592
2146 2625
2147 2626
2156 2625
1960 2321
2034 2309
2036 2307
1932 2409
1932 2407
1956 2465
1957 2466
1958 2463
1966 2471
2645 2094
2643 2096
2635 2096
2636 2097
2521 2056
2412 1937
2131 2611
2135 2597
2136 2594
2137 2595
2137 2593
2145 2593
2148 2592
2146 2626
2156 2626
1959 2321
2033 2309
2037 2307
1932 2410
1932 2406
1956 2466
2646 2094
2645 2093
2642 2096
2634 2096
2636 2098
2521 2057
2413 1937
2412 1938
2412 1936
2131 2612
2137 2592
2144 2593
2149 2592
2146 2627
2157 2626
2156 2627
1959 2322
2033 2308
2037 2306
1931 2410
1933 2406
1931 2406
1932 2405
2646 2095
2646 2093
2642 2097
2633 2096
2635 2098
2522 2057
2520 2057
2521 2058
2413 1936
2131 2613
2136 2592
2150 2592
2145 2627
2146 2628
2158 2626
1958 2322
2038 2306
2037 2305
1930 2410
1932 2404
2646 2096
2647 2093
2646 2092
2642 2098
2632 2096
2633 2097
2633 2095
2635 2099
2522 2058
2519 2057
2520 2058
2521 2059
2414 1936
2413 1935
2132 2613
2136 2591
2150 2593
2144 2627
2146 2629
2159 2626
1957 2322
2039 2306
2037 2304
1930 2411
1932 2403
2646 2097
2647 2092
2646 2091
2642 2099
2632 2097
2635 2100
2522 2059
2518 2057
2521 2060
2414 1935
2413 1934
2133 2613
2136 2590
2151 2593
2144 2628
2145 2629
2159 2627
2159 2625
1956 2322
1957 2323
1957 2321
2393 2412
2038 2304
2037 2303
1930 2412
1931 2403
2646 2098
2648 2092
2647 2091
2646 2090
2641 2099
2636 2100
2634 2100
2517 2057
2521 2061
2415 1935
2413 1933
2133 2612
2135 2590
2136 2589
2152 2593
2144 2629
2145 2630
2160 2627
2159 2624
1955 2322
1957 2320
2037 2302
1930 2413
1930 2403
2648 2091
2646 2089
2640 2099
2641 2100
2637 2100
2516 2057
2517 2058
2522 2061
2520 2061
2414 1933
2412 1933
2413 1932
2134 2590
2135 2589
2137 2589
2136 2588
2153 2593
2143 2629
2145 2631
2161 2627
1954 2322
1957 2319
2038 2302
2037 2301
1929 2413
1930 2414
1929 2403
2649 2091
2639 2099
2637 2101
2515 2057
2522 2062
2415 1933
2412 1932
2133 2590
2135 2588
2137 2588
2146 2631
2144 2631
2162 2627
1953 2322
1954 2323
1956 2319
1957 2318
2037 2300
1928 2413
1931 2414
1930 2415
1928 2403
1929 2402
2649 2090
2639 2100
2637 2102
2514 2057
2515 2058
2523 2062
2522 2063
2416 1933
2412 1931
2132 2590
2133 2591
2138 2588
2144 2632
2163 2627
2162 2628
1954 2324
1958 2318
2038 2300
2037 2299
1927 2413
1932 2414
1927 2403
2185 2501
1929 2401
2649 2089
2638 2102
2636 2102
2513 2057
2515 2059
2524 2062
2523 2063
2417 1933
2416 1932
2412 1930
2131 2590
2132 2589
2144 2633
2164 2627
2162 2629
1954 2325
1958 2317
2039 2300
1933 2414
1932 2413
1926 2403
1927 2404
1929 2400
2649 2088
2639 2102
2638 2103
2512 2057
2514 2059
2515 2060
2524 2063
2524 2061
2417 1934
2416 1931
2412 1929
2130 2590
2132 2588
2144 2634
2164 2626
2161 2629
2162 2630
1954 2326
1958 2316
2039 2299
1933 2413
1925 2403
1927 2405
1929 2399
2650 2088
2649 2087
2640 2102
2638 2104
2512 2056
2515 2061
2524 2064
2525 2061
2418 1934
2416 1930
2129 2590
2130 2591
2133 2588
2132 2587
2143 2634
2144 2635
2163 2630
1953 2326
1954 2327
1959 2316
2039 2298
1934 2413
1926 2405
1927 2406
1929 2398
2651 2088
2650 2087
2640 2103
2640 2101
2637 2104
2638 2105
2512 2055
2524 2065
2419 1934
2415 1930
2416 1929
2128 2590
2130 2592
2133 2587
2132 2586
2142 2634
2144 2636
1953 2327
2038 2298
2039 2297
1935 2413
1925 2405
1928 2406
1927 2407
1929 2397
2652 2088
2650 2086
2637 2105
2638 2106
2512 2054
2525 2065
2523 2065
2420 1934
2417 1929
2416 1928
2127 2590
2128 2591
2128 2589
2130 2593
2131 2586
2141 2634
2145 2636
2143 2636
1952 2327
1953 2328
2038 2297
2039 2296
1936 2413
1924 2405
1927 2408
1930 2397
1928 2397
1929 2396
2653 2088
2651 2086
2650 2085
2637 2106
2638 2107
2512 2053
2526 2065
2523 2066
2420 1935
2420 1933
2417 1928
2415 1928
2416 1927
2126 2590
2127 2589
2130 2586
2131 2585
2140 2634
2141 2633
2145 2637
1951 2327
1953 2329
2038 2296
2040 2296
1937 2413
1923 2405
1924 2406
1926 2408
1927 2409
1929 2395
2654 2088
2653 2089
2650 2084
2638 2108
2513 2053
2512 2052
2527 2065
2526 2064
2523 2067
2421 1935
2417 1927
2414 1928
2415 1927
2125 2590
2127 2588
2130 2587
2130 2585
2139 2634
2140 2635
2140 2633
2146 2637
1950 2327
1954 2329
1952 2329
2037 2296
2040 2295
1937 2414
1922 2405
1925 2408
1928 2395
2654 2089
2654 2087
2649 2084
2639 2108
2637 2108
2512 2051
2528 2065
2526 2063
2523 2068
2422 1935
2418 1927
2415 1926
2124 2590
2129 2587
2130 2588
2130 2584
2138 2634
2140 2636
2147 2637
2146 2638
1949 2327
1952 2330
2036 2296
2037 2295
1921 2405
1924 2408
1925 2407
1928 2394
2654 2086
2649 2083
2640 2108
2636 2108
2513 2051
2529 2065
2528 2064
2527 2063
2523 2069
2423 1935
2422 1936
2419 1927
2414 1926
2415 1925
2124 2591
2124 2589
2128 2587
2129 2588
2130 2583
2138 2633
2139 2636
2140 2637
2148 2637
2147 2636
2146 2639
1948 2327
1949 2326
1952 2331
2035 2296
1921 2406
1928 2393
2649 2082
2641 2108
2636 2107
2529 2066
2529 2064
2522 2069
2423 1936
2423 1934
2420 1927
2415 1924
2123 2591
2128 2586
2129 2583
2137 2633
2138 2632
2138 2636
2139 2637
2141 2637
2140 2638
2148 2638
2147 2635
2146 2640
1948 2326
1953 2331
1952 2332
2034 2296
2035 2297
1921 2407
1929 2393
1927 2393
2649 2081
2642 2108
2641 2109
2641 2107
2529 2067
2521 2069
2423 1937
2421 1927
2420 1928
2414 1924
2415 1923
2122 2591
2138 2631
2138 2637
2140 2639
2147 2634
2147 2640
2146 2641
1948 2325
1952 2333
2034 2295
2035 2298
1920 2407
1921 2408
1929 2392
1926 2393
2650 2081
2643 2108
2642 2107
2641 2110
2528 2067
2529 2068
2521 2068
2423 1938
2421 1928
2421 1926
2415 1922
2121 2591
2122 2592
2138 2630
2137 2637
2138 2638
2147 2633
2147 2641
2145 2641
1947 2325
1948 2324
1952 2334
2034 2294
2035 2299
1919 2407
1921 2409
1930 2392
1926 2394
1926 2392
2650 2080
2640 2110
2528 2068
2529 2069
2521 2067
2424 1938
2423 1939
2422 1928
2422 1926
2414 1922
2121 2592
2121 2590
2137 2630
2136 2637
2138 2639
2148 2633
2144 2641
2145 2642
1947 2324
1948 2323
1953 2334
1951 2334
2034 2299
1918 2407
1919 2406
1921 2410
1931 2392
1930 2391
1926 2391
2650 2079
2640 2111
2529 2070
2521 2066
2424 1939
2423 1940
2422 1925
2414 1921
2120 2592
2121 2593
2120 2590
2136 2630
2137 2629
2137 2639
2138 2640
2144 2642
2144 2640
1949 2323
1948 2322
1954 2334
1950 2334
2034 2300
1917 2407
1919 2405
1932 2392
3162 2510
1926 2390
2649 2079
2650 2078
2639 2111
2640 2112
2530 2070
2529 2071
2520 2066
2422 1940
2423 1941
2423 1925
2422 1924
2413 1921
2120 2593
2119 2590
2135 2630
2137 2628
2137 2640
2143 2640
1950 2323
1947 2322
1954 2335
1950 2335
1950 2333
2034 2301
1916 2407
1917 2408
1917 2406
1919 2404
1933 2392
1932 2393
1932 2391
3174 2514
3170 2510
1927 2390
1925 2390
2648 2079
2650 2077
2640 2113
2529 2072
2519 2066
2421 1940
2424 1941
2423 1942
2424 1925
2421 1924
2422 1923
2413 1920
2120 2594
2118 2590
2134 2630
2138 2628
2137 2627
2136 2640
2137 2641
1947 2321
1955 2335
1949 2335
1949 2333
2035 2301
1915 2407
1917 2405
1919 2403
1934 2392
1932 2394
3170 2508
3162 2509
1924 2390
1925 2389
2647 2079
2648 2080
2648 2078
2649 2077
2650 2076
2639 2113
2519 2067
2519 2065
2421 1941
2423 1943
2425 1925
2424 1924
2420 1924
2423 1923
2412 1920
2413 1919
2120 2595
2117 2590
2133 2630
2138 2627
2137 2626
2135 2640
2137 2642
1947 2320
1955 2336
1948 2333
1949 2332
1914 2407
1917 2404
1935 2392
1934 2393
1934 2391
3174 2513
1924 2391
1925 2388
2647 2080
2648 2077
2650 2075
2638 2113
2519 2068
2424 1943
2423 1944
2425 1926
2424 1923
2420 1923
2411 1920
2414 1919
2413 1918
2120 2596
2116 2590
2117 2591
2133 2629
2138 2626
2136 2626
2137 2625
2135 2639
2137 2643
1946 2320
1947 2319
1955 2337
1947 2333
1948 2332
1949 2331
1913 2407
1914 2406
1935 2393
3170 2507
1924 2392
1924 2388
1925 2387
2646 2080
2647 2081
2651 2075
2637 2113
2518 2068
2425 1943
2424 1944
2423 1945
2424 1922
2410 1920
2411 1921
2414 1918
2413 1917
2121 2596
2116 2589
2136 2625
2137 2624
2135 2638
2137 2644
1955 2338
1946 2333
1947 2334
1947 2332
1948 2331
1912 2407
1913 2408
1914 2405
1936 2393
3174 2512
1924 2393
1923 2388
2652 2075
2636 2113
2637 2114
2517 2068
2518 2069
2411 1922
2413 1916
2116 2588
2135 2625
2138 2624
2137 2623
2138 2644
2136 2644
2137 2645
1956 2338
1945 2333
1946 2334
1947 2331
1948 2330
1912 2406
1913 2409
1915 2405
1914 2404
1937 2393
3175 2512
1924 2394
1922 2388
2652 2074
2517 2069
2518 2070
2412 1922
2410 1922
2412 1916
2413 1915
2117 2588
2116 2587
2134 2625
2139 2624
2138 2623
2136 2623
2137 2622
2138 2645
2135 2644
1957 2338
1945 2334
1946 2331
1947 2330
1911 2406
1914 2409
1913 2410
1915 2404
1937 2392
3174 2511
1924 2395
1922 2387
2652 2073
2518 2071
2409 1922
2413 1914
2118 2588
2117 2587
2135 2623
2137 2621
2135 2645
1957 2337
1944 2334
1910 2406
1914 2410
1912 2410
1938 2392
3176 2512
3174 2510
1923 2395
1921 2387
2653 2073
2651 2073
2652 2072
2518 2072
2408 1922
2414 1914
2413 1913
2117 2586
2134 2623
2138 2621
2136 2621
2135 2646
1958 2337
1943 2334
1944 2335
1910 2405
1914 2411
1911 2410
1912 2411
3176 2513
3175 2510
1922 2395
1920 2387
2654 2073
2651 2072
2517 2072
2407 1922
2413 1912
2118 2586
2117 2585
2133 2623
2138 2620
2136 2646
2135 2647
1959 2337
1958 2336
1943 2335
1943 2333
1944 2336
1910 2404
1914 2412
1911 2409
1912 2412
3177 2513
3176 2510
3175 2509
3177 2514
1921 2395
1922 2396
1919 2387
2655 2073
2651 2071
2517 2073
2406 1922
2407 1923
2414 1912
2413 1911
2118 2585
2116 2585
2132 2623
2133 2622
2139 2620
2136 2647
2134 2647
1960 2337
1959 2336
1958 2335
1943 2336
1942 2333
1943 2332
1945 2336
1944 2337
1909 2404
1915 2412
1910 2409
1912 2413
3176 2509
3178 2515
3176 2506
1922 2397
1919 2386
2656 2073
2651 2070
2516 2073
2406 1923
2407 1924
2414 1911
2413 1910
2118 2584
2115 2585
2116 2584
2131 2623
2140 2620
2133 2647
2134 2648
1961 2337
1958 2334
1943 2337
1941 2333
1943 2331
1945 2337
1944 2338
1908 2404
1909 2403
1916 2412
1915 2413
1909 2409
1912 2414
3612 3123
3612 3125
3610 3126
1921 2397
1918 2386
1919 2385
2657 2073
2656 2072
2650 2070
2516 2074
2405 1923
2408 1924
2407 1925
2414 1910
2413 1909
2119 2584
2118 2583
2114 2585
2116 2583
2130 2623
2131 2622
2140 2619
2132 2647
2133 2648
2133 2646
1962 2337
1961 2338
1958 2333
1942 2331
1946 2337
1944 2339
1908 2405
1909 2402
1916 2411
1915 2414
1913 2414
1912 2415
3612 3124
3610 3125
3611 3124
1921 2398
1917 2386
1919 2384
2658 2073
2657 2074
2656 2071
2649 2070
2516 2075
2404 1923
2405 1924
2408 1925
2415 1910
2414 1909
2413 1908
2120 2584
2119 2583
2113 2585
2130 2624
2130 2622
2133 2649
2133 2645
1963 2337
1962 2338
1961 2339
1959 2333
1958 2332
1941 2331
1942 2330
1943 2339
1944 2340
1908 2406
1908 2402
1909 2401
1917 2411
1916 2414
1912 2416
3610 3124
3610 3123
1920 2398
1916 2386
1920 2384
2659 2073
2658 2074
2657 2075
2649 2069
2517 2075
2515 2075
2416 1910
2413 1907
2120 2585
2120 2583
2112 2585
2129 2624
2130 2625
2129 2622
2132 2649
2132 2645
1963 2336
1962 2339
1960 2339
1961 2340
1960 2333
1959 2332
1941 2330
1942 2339
1944 2341
1908 2407
1907 2402
1917 2410
1917 2414
1911 2416
1912 2417
3611 3122
3610 3122
1916 2385
2659 2074
2658 2075
2648 2069
2514 2075
2515 2076
2416 1911
2413 1906
2121 2583
2112 2584
2131 2625
2130 2626
2128 2622
2132 2650
2131 2645
2132 2644
1964 2336
1963 2335
1960 2340
1940 2330
1941 2329
1942 2338
1943 2341
1906 2402
1907 2401
1918 2414
1917 2415
1913 2417
1912 2418
3608 3121
3609 3122
1915 2385
1916 2384
2659 2075
2658 2076
2647 2069
2513 2075
2514 2076
2417 1911
2414 1906
2412 1906
2413 1905
2122 2583
2112 2583
2132 2625
2129 2626
2130 2627
2127 2622
2128 2621
2131 2650
2132 2651
2132 2643
1965 2336
1963 2334
1960 2341
1941 2328
1941 2338
1942 2341
1905 2402
1906 2401
1907 2400
1919 2414
3608 3122
3608 3123
1914 2385
1916 2383
2660 2075
2658 2077
2512 2075
2513 2074
2415 1906
2411 1906
2122 2582
2113 2583
2112 2582
2130 2628
2130 2650
2132 2652
1965 2337
1964 2334
1959 2341
1941 2327
1941 2341
1942 2342
1904 2402
1905 2401
1920 2414
1919 2413
3608 3124
1913 2385
1914 2384
1917 2383
1916 2382
2661 2075
2512 2076
2512 2074
2415 1907
2410 1906
2411 1907
2411 1905
2123 2582
2112 2581
2131 2628
2129 2650
2132 2653
1965 2338
1964 2333
1959 2342
1942 2327
1941 2326
1904 2401
1921 2414
1919 2412
3607 3124
3607 3125
3606 3125
1912 2385
2662 2075
2511 2076
2512 2073
2416 1907
2409 1906
2411 1908
2411 1904
2123 2581
2113 2581
2111 2581
2132 2628
2131 2629
2129 2651
2133 2653
2132 2654
1965 2333
1964 2332
1958 2342
1959 2343
1941 2325
1903 2401
1921 2415
1921 2413
1919 2411
3605 3125
3604 3125
3604 3124
3604 3123
1912 2386
2662 2076
2662 2074
2510 2076
2408 1906
2409 1907
2123 2580
2114 2581
2113 2580
2111 2580
2131 2630
2134 2653
1966 2333
1957 2342
1958 2343
1959 2344
1942 2325
1902 2401
1922 2415
1921 2416
1921 2412
3602 3124
3604 3122
3602 3123
3604 3121
3605 3120
1911 2386
1912 2387
2663 2076
2662 2077
2662 2073
2510 2077
2510 2075
2407 1906
2408 1905
2409 1908
2123 2579
2115 2581
2114 2580
2110 2580
2111 2579
2131 2631
2134 2654
2134 2652
1959 2345
1902 2402
1923 2415
1921 2417
1922 2412
3602 3122
3604 3120
3602 3121
3603 3120
3602 3120
1910 2386
1912 2388
2663 2077
2663 2073
2510 2078
2509 2075
2510 2074
2406 1906
2407 1905
2408 1904
2408 1908
2409 1909
2123 2578
2114 2579
2109 2580
2112 2579
2111 2578
2130 2631
2135 2654
2134 2655
2135 2652
1958 2345
1902 2403
1923 2414
1920 2417
2231 2215
2233 2216
2233 2217
2230 2216
2234 2217
1909 2386
1910 2387
1910 2385
1912 2389
2663 2078
2663 2072
2509 2078
2508 2075
2406 1907
2409 1910
2122 2578
2123 2577
2115 2579
2114 2578
2110 2578
2129 2631
2136 2654
2134 2656
1957 2345
1901 2403
1902 2404
1924 2414
1919 2417
2231 2214
2231 2216
2229 2216
2230 2217
2230 2214
1909 2387
1910 2384
1913 2389
1911 2389
2663 2079
2509 2079
2508 2074
2405 1907
2406 1908
2410 1910
2409 1911
2121 2578
2115 2578
2113 2578
2110 2577
2128 2631
2129 2632
2137 2654
1956 2345
1957 2346
1900 2403
1902 2405
1924 2413
1918 2417
2450 2191
2450 2190
2450 2189
1908 2387
1910 2383
1914 2389
1911 2390
2664 2079
2663 2080
2508 2079
2509 2080
2507 2074
2404 1907
2406 1909
2409 1912
2121 2579
2115 2577
2113 2577
2128 2632
2128 2630
2138 2654
2137 2655
1956 2346
1956 2344
1899 2403
1902 2406
1918 2418
2448 2191
1907 2387
1911 2383
2665 2079
2663 2081
2507 2079
2509 2081
2507 2073
2403 1907
2404 1906
2120 2579
2121 2580
2116 2577
2115 2576
2128 2633
2137 2656
1955 2344
1898 2403
1903 2406
1902 2407
1917 2418
1918 2419
2449 2191
1906 2387
1907 2388
1907 2386
1911 2382
2663 2082
2506 2079
2508 2081
2507 2072
2404 1905
2119 2579
2121 2581
2117 2577
2115 2575
2127 2633
2128 2634
2138 2656
2137 2657
1954 2344
1897 2403
1898 2404
1898 2402
1902 2408
1917 2419
1919 2419
2448 2192
1905 2387
1907 2389
1911 2381
2663 2083
2505 2079
2508 2082
2507 2071
2404 1904
2117 2576
2116 2575
2114 2575
2115 2574
2126 2633
2127 2634
2129 2634
2139 2656
2138 2657
2136 2657
1953 2344
1897 2402
1898 2405
1898 2401
1903 2408
1902 2409
1917 2420
1919 2420
2447 2191
2448 2190
1904 2387
1908 2389
1911 2380
2664 2083
2663 2084
2504 2079
2505 2078
2507 2082
2508 2083
2506 2071
2507 2070
2404 1903
2118 2576
2116 2574
2115 2573
2125 2633
2126 2634
2127 2635
2129 2635
2140 2656
2138 2658
2135 2657
1952 2344
1953 2345
1953 2343
1896 2402
1897 2405
1898 2400
1904 2408
1901 2409
1916 2420
1917 2421
1920 2420
2447 2193
1903 2387
1904 2386
1911 2379
2665 2083
2663 2085
2503 2079
2505 2077
2509 2083
2505 2071
2506 2070
2403 1903
2404 1902
2114 2573
2115 2572
2124 2633
2126 2635
2130 2635
2141 2656
2138 2659
1952 2345
1952 2343
1953 2342
1895 2402
1896 2405
1897 2406
1899 2400
1897 2400
1904 2407
1901 2410
1915 2420
1916 2421
1917 2422
1920 2421
2448 2189
1902 2387
1903 2388
1903 2386
1912 2379
1911 2378
2665 2082
2663 2086
2502 2079
2503 2080
2503 2078
2506 2077
2509 2084
2506 2069
2402 1903
2404 1901
2116 2572
2115 2571
2123 2633
2124 2634
2126 2636
2142 2656
2137 2659
2138 2660
1951 2345
1952 2346
1951 2343
1954 2342
1895 2401
1895 2405
1897 2399
1905 2407
1901 2411
1914 2420
1915 2419
1916 2422
1920 2422
2448 2193
1902 2388
1902 2386
1903 2389
2666 2082
2664 2086
2502 2078
2503 2081
2509 2085
2506 2068
2402 1904
2403 1901
2114 2571
2123 2634
2124 2635
2126 2637
2143 2656
2142 2655
2137 2660
1952 2347
1950 2343
1951 2342
1894 2405
1895 2406
1896 2399
1897 2398
1906 2407
1905 2406
1901 2412
1913 2420
1914 2421
1916 2423
1920 2423
2448 2194
1901 2386
1903 2390
2667 2082
2665 2086
2501 2078
2510 2085
2506 2067
2401 1904
2403 1900
2113 2571
2122 2634
2126 2638
2143 2655
2142 2654
2137 2661
1951 2347
1952 2348
1950 2344
1951 2341
1894 2406
1897 2397
1906 2406
1902 2412
1912 2420
1916 2424
1919 2423
1920 2424
2446 2193
1900 2386
1904 2390
2668 2082
2665 2087
2665 2085
2500 2078
2501 2077
2511 2085
2506 2066
2400 1904
2401 1905
2402 1900
2403 1899
2113 2570
2121 2634
2122 2635
2126 2639
2144 2655
2136 2661
2137 2662
1950 2347
1952 2349
1951 2340
1893 2406
1894 2407
1897 2396
1917 2424
1916 2425
1919 2424
1921 2424
2447 2189
1899 2386
1905 2390
2669 2082
2668 2083
2666 2087
2500 2077
2505 2066
2506 2065
2400 1903
2401 1900
2404 1899
2113 2569
2120 2634
2121 2635
2127 2639
2125 2639
2126 2640
2144 2654
2135 2661
2136 2662
2138 2662
1949 2347
1952 2340
1951 2339
1892 2406
1894 2408
1898 2396
1915 2425
1916 2426
1919 2425
1921 2425
2448 2195
1898 2386
1899 2385
2669 2083
2668 2084
2667 2087
2500 2076
2504 2066
2505 2065
2507 2065
2399 1903
2401 1899
2404 1898
2114 2569
2112 2569
2120 2633
2121 2636
2128 2639
2145 2654
2134 2661
2135 2662
2135 2660
2139 2662
2138 2663
1948 2347
1953 2340
1952 2339
1951 2338
1894 2409
1899 2396
1898 2395
1917 2426
1916 2427
1922 2425
1921 2426
2446 2189
1897 2386
1899 2384
2670 2083
2668 2085
2667 2088
2504 2067
2505 2064
2508 2065
2398 1903
2399 1902
2404 1897
2114 2568
2112 2568
2119 2633
2121 2637
2129 2639
2145 2653
2133 2661
2138 2664
1952 2338
1895 2409
1894 2410
1900 2396
1917 2427
1915 2427
1923 2425
1921 2427
2447 2188
1896 2386
2671 2083
2667 2089
2504 2064
2509 2065
2508 2064
2404 1896
2115 2568
2114 2567
2112 2567
2118 2633
2120 2637
2129 2640
2129 2638
2145 2652
2132 2661
2133 2660
2137 2664
1896 2409
1895 2410
1918 2427
1917 2428
1914 2427
1924 2425
1921 2428
2446 2194
1896 2387
1896 2385
2672 2083
2671 2082
2667 2090
2504 2063
2510 2065
2509 2066
2405 1896
2403 1896
2116 2568
2114 2566
2111 2567
2117 2633
2119 2637
2120 2638
2129 2641
2130 2638
2146 2652
2132 2660
2136 2664
1919 2427
1914 2426
1925 2425
1921 2429
2449 2195
1896 2388
2673 2083
2668 2090
2666 2090
2503 2063
2511 2065
2406 1896
2403 1895
2116 2569
2116 2567
2114 2565
2110 2567
2116 2633
2118 2637
2120 2639
2130 2641
2128 2641
2147 2652
2131 2660
2135 2664
1919 2428
1926 2425
1925 2424
3550 2979
3550 2978
1897 2388
2674 2083
2673 2084
2673 2082
2668 2091
2666 2091
2502 2063
2511 2066
2511 2064
2406 1895
2403 1894
2117 2569
2117 2567
2116 2566
2114 2564
2110 2568
2110 2566
2116 2634
2116 2632
2117 2637
2118 2638
2118 2636
2121 2639
2130 2642
2128 2642
2148 2652
2147 2651
2130 2660
2134 2664
2135 2665
1919 2429
1926 2424
1925 2423
3548 2980
3549 2980
1898 2388
1897 2389
2675 2083
2674 2084
2673 2085
2673 2081
2668 2092
2665 2091
2501 2063
2502 2064
2512 2066
2511 2063
2406 1894
2402 1894
2403 1893
2115 2634
2115 2632
2116 2637
2118 2639
2121 2640
2130 2643
2128 2643
2147 2650
2129 2660
2130 2661
2134 2665
1919 2430
1926 2423
1925 2422
3550 2980
1899 2388
2676 2083
2674 2085
2673 2086
2672 2081
2673 2080
2668 2093
2500 2063
2501 2064
2513 2066
2511 2062
2406 1893
2401 1894
2403 1892
2121 2641
2127 2643
2148 2650
2128 2660
2129 2659
2134 2666
1919 2431
3548 2981
2676 2084
2674 2086
2674 2080
2667 2093
2668 2094
2500 2062
2513 2067
2512 2062
2510 2062
2407 1893
2400 1894
2403 1891
2121 2642
2126 2643
2127 2644
2149 2650
2148 2649
2128 2661
2133 2666
1920 2431
1919 2432
3547 2980
2677 2084
2674 2087
2675 2080
2667 2094
2499 2062
2514 2067
2408 1893
2402 1891
2403 1890
2122 2642
2120 2642
2121 2643
2126 2644
2150 2650
2127 2661
2133 2667
1920 2432
1919 2433
2678 2084
2675 2087
2666 2094
2667 2095
2499 2061
2515 2067
2514 2068
2409 1893
2401 1891
2402 1890
2119 2642
2120 2643
2121 2644
2125 2644
2150 2649
2126 2661
2132 2667
1919 2434
2678 2085
2499 2060
2514 2069
2402 1889
2120 2644
2151 2649
2150 2648
2125 2661
2131 2667
1920 2434
1918 2434
1919 2435
2679 2085
2678 2086
2499 2059
2402 1888
2120 2645
2152 2649
2150 2647
2124 2661
2131 2666
1921 2434
1920 2435
1919 2436
2680 2085
2678 2087
2498 2059
2499 2058
2402 1887
2120 2646
2153 2649
2151 2647
2149 2647
2123 2661
1922 2434
1918 2436
1919 2437
2681 2085
2678 2088
2497 2059
2500 2058
2401 1887
2402 1886
2119 2646
2154 2649
2122 2661
1923 2434
1922 2433
1917 2436
1918 2437
2681 2084
2679 2088
2677 2088
2497 2060
2497 2058
2500 2057
2400 1887
2401 1886
2403 1886
2118 2646
2154 2650
2154 2648
2121 2661
1923 2435
1916 2436
1917 2437
2682 2084
2679 2089
2676 2088
2496 2058
2500 2056
2400 1886
2404 1886
2118 2647
2155 2650
2154 2651
2155 2648
2121 2660
1923 2436
1916 2435
2683 2084
2682 2083
2680 2089
2676 2089
2495 2058
2496 2057
2501 2056
2500 2055
2399 1886
2400 1885
2404 1885
2117 2647
2156 2650
2155 2651
2154 2652
2120 2660
2121 2659
1924 2436
1916 2434
2684 2084
2683 2085
2682 2082
2681 2089
2680 2090
2495 2059
2496 2056
2501 2055
2398 1886
2400 1884
2405 1885
2116 2647
2156 2651
2119 2660
2122 2659
1925 2436
1924 2437
1916 2433
2684 2085
2683 2086
2682 2081
2682 2089
2681 2090
2681 2088
2495 2060
2495 2056
2496 2055
2502 2055
2501 2054
2400 1883
2406 1885
2116 2648
2116 2646
2157 2651
2156 2652
2118 2660
2122 2658
1926 2436
1916 2432
2685 2085
2683 2087
2683 2081
2683 2089
2681 2091
2495 2055
2497 2055
2503 2055
2501 2053
2401 1883
2407 1885
2115 2648
2116 2649
2158 2651
2156 2653
2117 2660
2118 2661
1927 2436
1926 2437
1915 2432
1916 2431
2685 2086
2684 2081
2683 2080
2681 2092
2494 2055
2495 2054
2497 2054
2504 2055
2500 2053
2401 1882
2408 1885
2115 2649
2117 2649
2155 2653
2117 2659
1926 2438
1914 2432
1915 2431
2686 2086
2683 2079
2682 2092
2680 2092
2681 2093
2495 2053
2498 2054
2401 1881
2409 1885
2114 2649
2117 2650
1927 2438
1913 2432
2687 2086
2683 2078
2683 2092
2680 2093
2496 2053
2494 2053
2498 2053
2402 1881
2401 1880
2410 1885
2409 1886
2113 2649
1927 2439
1912 2432
1913 2431
2688 2086
2687 2085
2683 2077
2680 2094
2493 2053
2402 1880
2401 1879
2411 1885
2410 1884
2112 2649
1928 2439
1927 2440
1912 2433
2688 2087
2688 2085
2683 2076
2680 2095
2493 2052
2401 1878
2412 1885
2410 1883
1929 2439
1927 2441
1911 2433
2688 2088
2684 2076
2682 2076
2681 2095
2679 2095
2492 2052
2493 2051
2401 1877
2412 1886
2412 1884
2410 1882
1929 2438
1927 2442
1910 2433
2688 2089
2685 2076
2681 2076
2681 2096
2678 2095
2491 2052
2494 2051
2402 1877
2400 1877
2401 1876
2412 1887
2413 1884
2410 1881
1930 2438
1928 2442
1926 2442
1909 2433
2688 2090
2685 2075
2681 2077
2681 2097
2677 2095
2490 2052
2494 2050
2403 1877
2399 1877
2401 1875
2413 1887
2414 1884
2409 1881
1929 2442
1908 2433
1909 2434
1909 2432
2686 2075
2685 2074
2680 2077
2681 2078
2680 2097
2681 2098
2677 2096
2677 2094
2489 2052
2490 2053
2494 2049
2404 1877
2398 1877
2401 1874
2413 1888
2415 1884
1930 2442
1907 2433
1909 2431
2686 2074
2684 2074
2679 2097
2682 2098
2681 2099
2677 2097
2676 2094
2677 2093
2488 2052
2489 2053
2489 2051
2490 2054
2495 2049
2494 2048
2405 1877
2398 1876
2402 1874
2400 1874
2414 1888
2415 1883
1931 2442
1930 2443
1907 2434
1907 2432
1909 2430
2687 2074
2686 2073
2684 2073
2679 2098
2683 2098
2676 2097
2677 2098
2675 2094
2676 2093
2489 2050
2491 2054
2490 2055
2496 2049
2493 2048
2494 2047
2406 1877
2397 1876
2398 1875
2403 1874
2402 1873
2415 1888
2414 1889
2415 1882
1932 2442
1931 2441
1907 2435
1906 2432
1910 2430
1909 2429
2688 2074
2684 2072
2683 2099
2683 2097
2677 2099
2676 2092
2490 2050
2488 2050
2489 2049
2491 2055
2490 2056
2496 2050
2495 2047
2494 2046
2407 1877
2406 1878
2406 1876
2396 1876
2399 1875
2404 1874
2403 1873
2402 1872
2415 1889
2416 1882
1933 2442
1932 2441
1906 2435
1906 2431
1909 2428
2689 2074
2684 2071
2684 2097
2677 2100
2675 2092
2490 2049
2488 2049
2489 2048
2492 2055
2491 2056
2490 2057
2496 2047
2493 2046
2494 2045
2408 1877
2407 1878
2395 1876
2404 1873
2401 1872
2416 1889
2415 1890
2417 1882
1934 2442
1933 2443
1933 2441
1905 2435
1905 2431
1909 2427
2690 2074
2684 2070
2685 2097
2676 2100
2674 2092
2489 2047
2490 2058
2394 1876
2395 1877
2395 1875
2400 1872
2401 1871
2416 1890
2418 1882
1933 2444
1905 2436
1904 2431
1910 2427
1909 2426
2690 2075
2685 2070
2676 2101
2673 2092
2674 2093
2489 2046
2489 2058
2393 1876
2394 1877
2401 1870
2416 1891
2418 1881
1934 2444
1933 2445
1905 2437
1904 2432
1904 2430
1908 2426
1909 2425
2690 2076
2686 2070
2676 2102
2490 2046
2489 2045
2489 2059
2393 1875
2394 1878
2402 1870
2400 1870
2416 1892
2419 1881
2418 1880
1935 2444
1932 2445
1906 2437
1904 2437
1903 2430
1910 2425
2691 2076
2686 2069
2676 2103
2490 2045
2489 2044
2488 2059
2392 1875
2393 1878
2394 1879
2403 1870
2400 1869
2417 1892
2420 1881
2419 1880
2417 1880
1936 2444
1935 2443
1931 2445
1907 2437
1904 2438
1903 2429
1911 2425
2692 2076
2691 2077
2687 2069
2686 2068
2675 2103
2676 2104
2491 2045
2487 2059
2488 2060
2391 1875
2392 1874
2393 1879
2403 1869
2400 1868
2418 1892
2417 1893
2421 1881
2417 1879
1937 2444
1936 2445
1936 2443
1930 2445
1931 2446
1907 2438
1904 2439
1902 2429
1911 2426
2693 2076
2691 2078
2688 2069
2687 2068
2686 2067
2677 2104
2491 2044
2487 2060
2391 1876
2391 1874
2392 1873
2392 1879
2404 1869
2403 1868
2400 1867
2418 1893
2418 1891
2422 1881
2417 1878
1938 2444
1937 2445
1937 2443
1929 2445
1931 2447
1907 2439
1902 2428
2694 2076
2693 2077
2693 2075
2692 2078
2691 2079
2688 2070
2688 2068
2678 2104
2677 2105
2492 2044
2491 2043
2390 1876
2390 1874
2393 1873
2392 1872
2405 1869
2400 1866
2419 1893
2423 1881
2422 1880
2418 1878
1937 2442
1929 2446
1931 2448
1907 2440
1902 2427
2695 2076
2692 2079
2689 2068
2677 2106
2492 2043
2490 2043
2491 2042
2389 1874
2391 1872
2406 1869
2405 1870
2399 1866
2400 1865
2420 1893
2424 1881
2423 1880
2419 1878
1938 2442
1937 2441
1929 2447
1907 2441
1901 2427
2695 2077
2695 2075
2693 2079
2690 2068
2689 2067
2677 2107
2492 2042
2491 2041
2388 1874
2391 1871
2407 1869
2400 1864
2420 1892
2424 1880
2423 1879
2419 1877
1939 2442
1937 2440
1928 2447
1908 2441
1900 2427
2696 2075
2695 2074
2694 2079
2693 2080
2690 2067
2677 2108
2493 2042
2492 2041
2388 1875
2390 1871
2391 1870
2408 1869
2421 1892
2423 1878
1940 2442
1937 2439
1927 2447
1899 2427
2696 2074
2693 2081
2691 2067
2676 2108
2494 2042
2492 2040
2388 1876
2389 1871
2392 1870
2391 1869
2408 1868
3136 2580
2424 1878
1940 2443
1940 2441
1936 2439
1937 2438
1927 2448
1927 2446
1898 2427
2697 2074
2696 2073
2693 2082
2692 2067
2691 2066
2676 2109
2492 2039
2387 1876
2393 1870
2390 1869
2408 1867
3917 2776
1940 2444
1941 2441
1936 2438
1938 2438
1926 2448
1927 2449
1897 2427
2697 2073
2694 2082
2693 2067
2676 2110
2493 2039
2492 2038
2387 1877
2393 1869
2389 1869
3197 2502
3198 2502
1942 2441
1938 2437
1925 2448
1928 2449
1896 2427
1897 2428
1897 2426
2697 2072
2695 2082
2694 2083
2694 2067
2677 2110
2675 2110
2493 2038
2491 2038
2492 2037
2387 1878
2394 1869
2393 1868
3199 2503
3198 2503
1943 2441
1942 2440
1939 2437
1938 2436
1924 2448
1929 2449
1896 2426
1897 2429
2697 2071
2696 2082
2695 2083
2695 2067
2677 2111
2674 2110
2494 2038
2491 2037
2387 1879
2394 1868
3198 2504
3198 2505
3199 2510
1942 2439
1940 2437
1938 2435
1923 2448
1929 2450
1898 2429
1897 2430
2697 2082
2695 2084
2678 2111
2673 2110
2674 2109
2495 2038
2386 1879
2387 1880
2394 1867
3197 2505
3199 2509
3197 2506
1941 2437
1939 2435
1923 2449
1923 2447
1930 2450
1929 2451
1896 2430
1897 2431
2698 2082
2697 2081
2695 2085
2679 2111
2672 2110
2673 2111
2673 2109
2495 2039
2495 2037
2385 1879
2388 1880
2387 1881
2395 1867
3198 2509
3196 2510
1941 2438
1940 2435
1939 2434
1923 2450
1922 2447
1923 2446
1930 2451
1929 2452
1895 2430
1898 2431
1897 2432
2698 2081
2696 2085
2694 2085
2695 2086
2679 2110
2672 2109
2495 2040
2495 2036
2384 1879
2388 1881
2387 1882
3197 2507
3198 2508
3195 2510
3196 2509
1924 2450
1922 2450
1923 2445
1930 2452
1928 2452
1894 2430
1895 2431
2699 2081
2693 2085
2694 2086
2680 2110
2679 2109
2671 2109
2496 2040
2495 2035
2383 1879
2384 1880
2386 1882
3197 2508
3195 2509
3196 2508
1925 2450
1924 2451
1922 2451
1924 2445
1931 2452
1927 2452
1928 2453
1893 2430
1894 2431
2700 2081
2692 2085
2693 2086
2694 2087
2681 2110
2679 2108
2670 2109
2671 2108
2495 2034
2382 1879
2384 1881
2386 1883
3195 2508
3194 2508
3194 2507
3192 2507
3194 2506
1925 2451
1921 2451
1928 2454
1893 2429
1894 2432
2701 2081
2691 2085
2694 2088
2682 2110
2681 2111
2680 2108
2669 2109
2671 2107
2494 2034
2495 2033
2381 1879
2383 1881
3192 2506
3191 2505
3193 2506
3192 2505
1920 2451
1921 2452
1929 2454
1927 2454
1893 2428
1894 2433
2702 2081
2701 2080
2690 2085
2691 2084
2683 2110
2682 2109
2681 2112
2680 2107
2668 2109
2669 2110
2672 2107
2671 2106
2496 2033
2495 2032
2381 1880
2381 1878
2382 1881
3193 2505
3193 2504
3193 2503
3187 2494
3185 2498
1919 2451
1920 2452
1920 2450
1894 2428
1892 2428
1893 2427
1895 2433
1893 2433
1894 2434
2703 2081
2702 2082
2701 2079
2690 2084
2691 2083
2684 2110
2682 2112
2681 2113
2680 2106
2667 2109
2668 2110
2669 2111
2673 2107
2672 2106
2497 2033
2495 2031
2380 1880
2380 1878
2382 1882
3184 2497
3192 2503
3187 2495
3185 2497
1919 2450
1891 2428
1892 2427
1896 2433
1895 2434
1893 2434
1894 2435
2702 2083
2700 2079
2701 2078
2692 2083
2691 2082
2684 2109
2681 2114
2681 2106
2666 2109
2668 2111
2669 2112
2674 2107
2673 2106
2672 2105
2497 2034
2497 2032
2495 2030
2379 1878
2380 1877
2381 1882
2382 1883
3190 2504
3192 2502
3187 2496
3186 2497
3190 2503
3191 2502
3187 2497
1919 2449
1890 2428
1892 2426
1894 2436
2701 2083
2699 2079
2702 2078
2691 2081
2682 2114
2680 2114
2666 2110
2668 2112
2670 2112
2672 2104
2498 2034
2497 2031
2494 2030
2380 1876
2380 1882
2381 1883
3188 2498
3190 2502
3187 2498
3189 2502
1918 2449
1919 2448
1890 2429
1891 2426
1892 2425
1895 2436
1894 2437
2700 2083
2699 2078
2702 2077
2682 2115
2679 2114
2665 2110
2666 2111
2668 2113
2498 2035
2494 2029
2379 1876
2381 1884
3187 2499
3189 2501
3187 2500
3188 2501
3182 2504
1917 2449
1919 2447
1890 2430
1891 2425
1893 2425
1892 2424
1895 2437
1893 2437
1894 2438
2700 2084
2703 2077
2683 2115
2679 2115
2679 2113
2665 2111
2668 2114
2493 2029
2379 1875
2381 1885
3187 2501
3181 2504
3186 2501
3181 2503
1916 2449
1920 2447
1890 2425
1894 2439
2700 2085
2704 2077
2684 2115
2679 2116
2669 2114
2667 2114
2668 2115
2492 2029
2379 1874
2381 1886
3179 2503
3185 2501
3180 2503
3179 2502
3184 2501
1920 2446
1895 2439
2701 2085
2699 2085
2704 2078
2704 2076
2684 2114
2680 2116
2678 2116
2679 2117
2667 2115
2491 2029
2492 2030
2379 1873
3180 2502
3183 2501
3177 2494
3180 2501
1895 2440
2701 2086
2705 2078
2705 2076
2685 2114
2679 2118
2667 2116
2490 2029
2492 2031
2379 1872
3183 2500
3177 2495
3181 2501
1895 2441
2701 2087
2705 2079
2705 2075
2686 2114
2685 2113
2679 2119
2666 2116
2489 2029
2492 2032
2379 1871
3180 2500
3182 2500
1894 2441
1895 2442
2702 2087
2700 2087
2705 2080
2706 2075
2705 2074
2687 2114
2685 2112
2679 2120
2488 2029
2491 2032
2378 1871
2379 1870
3178 2495
3181 2500
1893 2441
1896 2442
1895 2443
2703 2087
2699 2087
2700 2088
2707 2075
2688 2114
2687 2115
2678 2120
2679 2121
2487 2029
2488 2030
2488 2028
2490 2032
2377 1871
2379 1869
3179 2495
1892 2441
1893 2442
1893 2440
1897 2442
1896 2443
2704 2087
2703 2088
2698 2087
2708 2075
2707 2076
2689 2114
3349 2375
2486 2029
2487 2030
2488 2031
2488 2027
2489 2032
2377 1872
2377 1870
2378 1869
3181 2499
3180 2495
1891 2441
1892 2440
1893 2443
1898 2442
1897 2441
2697 2087
2708 2076
2689 2115
2689 2113
2457 1025
2456 1024
2486 2030
2486 2028
2487 2031
2489 2027
2488 2026
2489 2033
2377 1873
2376 1870
2378 1868
3181 2498
1890 2441
1898 2443
1897 2440
2697 2088
2689 2116
2689 2112
2457 1024
2189 1472
2486 2031
2486 2027
2488 2025
2489 2034
2376 1873
2377 1874
2375 1870
2378 1867
1890 2440
1898 2440
2697 2089
2689 2117
2690 2112
2190 1472
2197 1474
2485 2027
2489 2025
2489 2035
2375 1869
2379 1867
2377 1867
1890 2439
1899 2440
1898 2439
2698 2089
2697 2090
2690 2117
2691 2112
2198 1471
2197 1476
2184 1471
2484 2027
2485 2026
2490 2025
2489 2036
2374 1869
2380 1867
2379 1866
2376 1867
1900 2440
2698 2090
2697 2091
2691 2117
2690 2118
2692 2112
2691 2113
2691 2111
2190 1476
2200 1476
2483 2027
2491 2025
2490 2036
2488 2036
2381 1867
2379 1865
2375 1867
2376 1866
1900 2439
2698 2091
2691 2118
2690 2119
2693 2112
2691 2110
2164 1546
2483 2028
2483 2026
2491 2024
2487 2036
2488 2037
2382 1867
2378 1865
2374 1867
2376 1865
2699 2091
2691 2119
2690 2120
2693 2113
2693 2111
2691 2109
2165 1547
2483 2029
2483 2025
2492 2024
2491 2023
2486 2036
2487 2037
2487 2035
2488 2038
2383 1867
2382 1866
2373 1867
2375 1865
2376 1864
2700 2091
2690 2121
2693 2114
2694 2111
2691 2108
2167 1387
2484 2029
2482 2029
2483 2030
2483 2024
2493 2024
2490 2023
2485 2036
2487 2038
2382 1865
2700 2092
2700 2090
2690 2122
2694 2114
2692 2114
2695 2111
2694 2110
2163 1387
2481 2029
2483 2023
2493 2025
2493 2023
2484 2036
2486 2038
2383 1865
2382 1864
2700 2093
2689 2122
2695 2114
2696 2111
2161 1532
2480 2029
2481 2028
2482 2023
2483 2022
2494 2025
2493 2026
2494 2023
2483 2036
2484 2037
2484 2035
2384 1865
2383 1864
2381 1864
2699 2093
2700 2094
2688 2122
2695 2115
2697 2111
2696 2112
2163 1546
2165 1384
2480 2030
2480 2028
2481 2023
2482 2022
2494 2022
2482 2036
2484 2034
2385 1865
2384 1866
2383 1863
2381 1863
2700 2095
2687 2122
2688 2123
2688 2121
2695 2116
2698 2111
2697 2112
2696 2113
2167 1531
2480 2031
2480 2027
2480 2023
2482 2021
2495 2022
2494 2021
2482 2037
2386 1865
2381 1862
2699 2095
2687 2123
2688 2120
2696 2116
2695 2117
2699 2111
2697 2113
2162 1546
2479 2031
2480 2026
2480 2022
2481 2021
2482 2020
2496 2022
2495 2021
2482 2038
2386 1864
2381 1861
2699 2096
2686 2123
2687 2124
2687 2120
2697 2116
2696 2117
2699 2112
2164 1384
2478 2031
2479 2032
2482 2019
2497 2022
2482 2039
2387 1864
2698 2096
2685 2123
2687 2125
2686 2120
2697 2117
2159 1532
2162 1531
2477 2031
2479 2033
2483 2019
2482 2018
2497 2023
2497 2021
2483 2039
2482 2040
2388 1864
2684 2123
2686 2125
2685 2120
2686 2119
2697 2118
2167 1384
2479 2034
2482 2017
2498 2021
2483 2040
2389 1864
2388 1863
2683 2123
2686 2126
2684 2120
2685 2119
2686 2118
2698 2118
2697 2119
2162 1548
2479 2035
2483 2017
2481 2017
2482 2016
2499 2021
2484 2040
2388 1862
2685 2126
2684 2121
2685 2118
2699 2118
2103 1524
2479 2036
2484 2017
2480 2017
2500 2021
2485 2040
2389 1862
2387 1862
2684 2126
2684 2118
2700 2118
2699 2119
2103 1526
2105 1534
2478 2036
2480 2018
2480 2016
2500 2022
2500 2020
2486 2040
2485 2041
2390 1862
2684 2127
2684 2125
2684 2117
2701 2118
2104 1524
2103 1525
2477 2036
2479 2016
2501 2022
2500 2023
2485 2042
2390 1861
2684 2128
2683 2125
2701 2119
2701 2117
2105 1533
2105 1524
2476 2036
2477 2037
2479 2015
2502 2022
2501 2023
2500 2024
2484 2042
2485 2043
2391 1861
2685 2128
2683 2128
2684 2129
2702 2119
2701 2116
2104 1525
2476 2035
2477 2038
2479 2014
2503 2022
2502 2023
2499 2024
2485 2044
2392 1861
2391 1860
2682 2128
2703 2119
2700 2116
2701 2115
2105 1532
2475 2035
2477 2039
2478 2014
2479 2013
2503 2023
2486 2044
2484 2044
2393 1861
2682 2129
2682 2127
2704 2119
2703 2120
2106 1524
2474 2035
2476 2039
2477 2040
2477 2014
2479 2012
2504 2023
2486 2045
2393 1860
2681 2129
2704 2118
2703 2121
2105 1525
2104 1532
2473 2035
2478 2040
2477 2015
2480 2012
2478 2012
2479 2011
2504 2024
2393 1859
2680 2129
2705 2118
2704 2117
2702 2121
2703 2122
2103 1531
2106 1525
2472 2035
2479 2040
2478 2041
2476 2015
2480 2011
2479 2010
2505 2024
2394 1859
2393 1858
2680 2130
2702 2122
2704 2122
2104 1531
2106 1526
2104 1530
2103 1529
2471 2035
2472 2034
2480 2040
2478 2042
2475 2015
2476 2016
2481 2011
2480 2010
2479 2009
2506 2024
2505 2025
2395 1859
2394 1858
2393 1857
2680 2131
2705 2122
2106 1527
2470 2035
2472 2033
2479 2042
2478 2043
2474 2015
2475 2016
2482 2011
2479 2008
2506 2023
2505 2026
2396 1859
2392 1857
2706 2122
2705 2123
2104 1529
2106 1528
2470 2036
2470 2034
2472 2032
2480 2042
2479 2043
2478 2044
2473 2015
2474 2016
2480 2008
2479 2007
2506 2022
2505 2027
2397 1859
2396 1858
2392 1856
2707 2122
2706 2121
2705 2124
2105 1529
2108 1527
2107 1528
2472 2031
2479 2044
2477 2044
2473 2016
2474 2017
2480 2007
2507 2022
2398 1859
2396 1857
2392 1855
2708 2122
2706 2124
2704 2124
2106 1529
2471 2031
2472 2030
2480 2044
2476 2044
2474 2018
2508 2022
2398 1860
2398 1858
2396 1856
2393 1855
2709 2122
2708 2123
2706 2125
2703 2124
2109 1527
2108 1528
2470 2031
2480 2045
2473 2018
2474 2019
2508 2021
2399 1860
2398 1857
2393 1854
2706 2126
2702 2124
2108 1530
2107 1529
2469 2031
2481 2045
2480 2046
2472 2018
2473 2019
2508 2020
2399 1861
2399 1857
2398 1856
2393 1853
2706 2127
2114 1537
2110 1527
2109 1528
2468 2031
2469 2032
2479 2046
2480 2047
2471 2018
2509 2020
2507 2020
2508 2019
2399 1862
2399 1856
2398 1855
2392 1853
2393 1852
2707 2127
2706 2128
2108 1529
2112 1538
2467 2031
2478 2046
2470 2018
2471 2017
2510 2020
2400 1862
2400 1856
2398 1854
2391 1853
2393 1851
2708 2127
2705 2128
2114 1536
2467 2032
2470 2017
2471 2016
2510 2021
2510 2019
2401 1862
2400 1855
2397 1854
2398 1853
2390 1853
2391 1854
2391 1852
2392 1851
2708 2128
2708 2126
2705 2129
2112 1524
2110 1526
2466 2032
2467 2033
2470 2016
2511 2019
2400 1854
2398 1852
2389 1853
2390 1854
2390 1852
2708 2129
2709 2126
2708 2125
2705 2130
2109 1529
2112 1537
2465 2032
2466 2033
2470 2015
2512 2019
2400 1853
2388 1853
2390 1855
2390 1851
2709 2129
2708 2130
2710 2126
2706 2130
2704 2130
2705 2131
2113 1536
2464 2032
2465 2031
2466 2034
2470 2014
2513 2019
2401 1853
2388 1854
2388 1852
2390 1856
2710 2129
2706 2131
2704 2131
2112 1525
2111 1526
2463 2032
2464 2031
2471 2014
2469 2014
2514 2019
2402 1853
2401 1852
2387 1854
2710 2130
2710 2128
2706 2132
2704 2132
2110 1529
2112 1536
2463 2031
2472 2014
2469 2013
2514 2020
2514 2018
2403 1853
2401 1851
2386 1854
2710 2131
2711 2128
2704 2133
2112 1526
2111 1529
2462 2031
2469 2012
2514 2021
2515 2018
2514 2017
2386 1855
2386 1853
2710 2132
2703 2133
2704 2134
2112 1535
2461 2031
2468 2012
2469 2011
2515 2021
2513 2021
2514 2022
2514 2016
2385 1853
2711 2132
2710 2133
2703 2134
2704 2135
2112 1527
2111 1528
2460 2031
2468 2011
2470 2011
2515 2022
2513 2022
2514 2023
2515 2016
2513 2016
2384 1853
2385 1852
2712 2132
2711 2133
2710 2134
2704 2136
3919 2782
2112 1534
2459 2031
2467 2011
2470 2010
2516 2022
2516 2016
2512 2016
2384 1854
2384 1852
2713 2132
2711 2134
2709 2134
2703 2136
2704 2137
2114 1534
2112 1528
2113 1534
2459 2032
2459 2030
2467 2010
2517 2022
2516 2015
2511 2016
2512 2015
2383 1854
2384 1851
2714 2132
2711 2135
2708 2134
2703 2137
2704 2138
2113 1528
2114 1533
2115 1535
2459 2029
2467 2009
2518 2022
2517 2015
2516 2014
2512 2014
2384 1850
2714 2131
2711 2136
2707 2134
2708 2133
2702 2137
2704 2139
2117 1535
2115 1533
2510 2511
2113 1529
2116 1535
2458 2029
2459 2028
2468 2009
2519 2022
2518 2021
2518 2015
2511 2014
2512 2013
2385 1850
2383 1850
2715 2131
2714 2130
2710 2136
2706 2134
2701 2137
2705 2139
2704 2140
2116 1528
2116 1534
2119 1534
2114 1529
2457 2029
2459 2027
2468 2008
2520 2022
2519 2015
2518 2016
2510 2014
2385 1849
2382 1850
2714 2129
2700 2137
2706 2139
2118 1533
2116 1529
2118 1534
2457 2028
2460 2027
2469 2008
2468 2007
2521 2022
2520 2021
2520 2015
2518 2017
2510 2013
2385 1848
2381 1850
2382 1851
2382 1849
2715 2129
2713 2129
2699 2137
2706 2140
2118 1528
2117 1533
2116 1530
2115 1529
2116 1533
2456 2028
2468 2006
2522 2022
2521 2023
2521 2021
2521 2015
2386 1848
2384 1848
2385 1847
2380 1850
2381 1851
2381 1849
2382 1848
2716 2129
2698 2137
2699 2138
2706 2141
2117 1532
2116 1531
2115 1530
2456 2027
2469 2006
2468 2005
2522 2023
2522 2021
2521 2020
2521 2014
2384 1847
2385 1846
2379 1850
2380 1849
2381 1848
2717 2129
2716 2130
2716 2128
2697 2137
2698 2138
2699 2139
2706 2142
2117 1531
2118 1531
2118 1529
2455 2027
2456 2026
2470 2006
2522 2024
2522 2020
2521 2013
2385 1845
2379 1851
2379 1849
2380 1848
2718 2129
2717 2130
2696 2137
2700 2139
2706 2143
2120 1531
2118 1530
2454 2027
2456 2025
2470 2005
2523 2024
2522 2025
2522 2013
2386 1845
2384 1845
2379 1852
2379 1848
2719 2129
2718 2128
2717 2131
2696 2138
2696 2136
2705 2143
2706 2144
2122 1531
2122 1530
2119 1531
2454 2028
2471 2005
2524 2024
2521 2025
2523 2013
2522 2012
2387 1845
2386 1844
2379 1853
2378 1848
2379 1847
2720 2129
2718 2127
2717 2132
2695 2138
2695 2136
2707 2144
2706 2145
2123 1528
2122 1528
2121 1528
2121 1531
2453 2028
2472 2005
2471 2004
2525 2024
2524 2025
2524 2023
2521 2026
2522 2011
2386 1843
2380 1853
2378 1853
2694 2138
2708 2144
2706 2146
2121 1527
2120 1527
2120 1526
2122 1529
2452 2028
2453 2029
2473 2005
2471 2003
2525 2023
2524 2026
2521 2027
2522 2010
2387 1843
2385 1843
2377 1853
2378 1854
2693 2138
2694 2139
2709 2144
2706 2147
2120 1524
2119 1523
2200 1423
2119 1527
2451 2028
2452 2029
2452 2027
2473 2004
2472 2003
2470 2003
2526 2023
2525 2026
2522 2027
2521 2028
2522 2009
2388 1843
2376 1853
2693 2137
2694 2140
2710 2144
2709 2145
2709 2143
2706 2148
2199 1423
2198 1422
2121 1523
2124 1522
2202 1423
2120 1525
2201 1423
2452 2030
2452 2026
2473 2003
2472 2002
2470 2002
2527 2023
2521 2029
2523 2009
2388 1842
2375 1853
2376 1854
2693 2140
2694 2141
2709 2142
2706 2149
2199 1422
2122 1523
2123 1522
2120 1523
2201 1417
2452 2031
2451 2026
2452 2025
2473 2002
2469 2002
2470 2001
2528 2023
2527 2022
2520 2029
2521 2030
2524 2009
2388 1841
2374 1853
2375 1852
2695 2141
2694 2142
2709 2141
2705 2149
2200 1416
2199 1421
2198 1415
2201 1416
2452 2024
2468 2002
2528 2024
2519 2029
2522 2030
2521 2031
2525 2009
2524 2010
2524 2008
2389 1841
2387 1841
2388 1840
2373 1853
2375 1851
2693 2142
2694 2143
2710 2141
2708 2141
2705 2150
2199 1416
2199 1415
2453 2024
2451 2024
2467 2002
2468 2001
2529 2024
2518 2029
2519 2028
2523 2030
2521 2032
2526 2009
2525 2010
2524 2007
2388 1839
2373 1854
2376 1851
2375 1850
2692 2142
2695 2143
2694 2144
2711 2141
2705 2151
2192 1418
2122 1522
2121 1521
2454 2024
2466 2002
2467 2001
2530 2024
2517 2029
2518 2030
2518 2028
2524 2030
2523 2031
2523 2029
2527 2009
2526 2010
2525 2011
2524 2006
2389 1839
2387 1839
2388 1838
2372 1854
2374 1850
2695 2144
2712 2141
2706 2151
2705 2152
2122 1520
2199 1420
2122 1521
2121 1520
2465 2002
2467 2000
2516 2029
2518 2031
2518 2027
2525 2030
2524 2031
2528 2009
2527 2008
2526 2011
2523 2006
2524 2005
2390 1839
2389 1838
2387 1838
2388 1837
2371 1854
2696 2144
2695 2145
2713 2141
2712 2140
2706 2152
2705 2153
2123 1520
2191 1419
2199 1417
2199 1419
2464 2002
2467 1999
2515 2029
2516 2030
2517 2031
2517 2027
2518 2026
2526 2030
2529 2009
2524 2004
2391 1839
2390 1840
2388 1836
2370 1854
2371 1855
2697 2144
2695 2146
2714 2141
2712 2139
2707 2152
2704 2153
2123 1519
2124 1520
2192 1419
2197 1420
2199 1418
2463 2002
2468 1999
2467 1998
2517 2032
2516 2027
2526 2031
2530 2009
2529 2008
2525 2004
2524 2003
2392 1839
2391 1838
2369 1854
2370 1855
2370 1853
2698 2144
2697 2145
2697 2143
2694 2146
2714 2142
2713 2139
2711 2139
2712 2138
2708 2152
2704 2154
2197 1418
2124 1519
2193 1419
2196 1420
2198 1418
2462 2002
2467 1997
2517 2033
2527 2031
2530 2010
2530 2008
2523 2003
2392 1840
2392 1838
2391 1837
2368 1854
2370 1856
2699 2144
2698 2145
2698 2143
2697 2142
2693 2146
2714 2143
2710 2139
2704 2155
2195 1419
2194 1419
2196 1419
2462 2001
2467 1996
2518 2033
2528 2031
2531 2010
2530 2011
2531 2008
2530 2007
2522 2003
2392 1841
2393 1838
2391 1836
2368 1855
2698 2146
2698 2142
2697 2141
2692 2146
2693 2147
2714 2144
2709 2139
2705 2155
2703 2155
2196 1418
2123 1518
2461 2001
2468 1996
2466 1996
2519 2033
2518 2034
2529 2031
2528 2030
2532 2010
2530 2012
2521 2003
2392 1842
2394 1838
2367 1855
2368 1856
2699 2146
2691 2146
2693 2148
2715 2144
2706 2155
2705 2156
2702 2155
2121 1515
2194 1418
2460 2001
2469 1996
2519 2034
2519 2032
2518 2035
2530 2031
2529 2032
2533 2010
2532 2011
2529 2012
2520 2003
2393 1842
2391 1842
2395 1838
2394 1839
2394 1837
2367 1856
2699 2147
2691 2147
2694 2148
2692 2148
2716 2144
2701 2155
2702 2156
2124 1511
2123 1512
2123 1517
2459 2001
2469 1995
2517 2035
2531 2031
2530 2032
2529 2033
2533 2009
2529 2013
2520 2004
2520 2002
2393 1843
2391 1843
2396 1838
2394 1836
2367 1857
2699 2148
2691 2148
2694 2149
2717 2144
3384 3028
2700 2155
2701 2156
2701 2154
2195 1417
2125 1511
2195 1418
2470 1995
2516 2035
2532 2031
2531 2032
2530 2033
2528 2033
2529 2034
2534 2009
2529 2014
2519 2004
2520 2001
2393 1844
2397 1838
2396 1839
2394 1835
2366 1857
2699 2149
2690 2148
2691 2149
2695 2149
2718 2144
2717 2145
2716 2146
2699 2155
2701 2153
2122 1514
2195 1416
2125 1512
2123 1516
2122 1515
2121 1514
2471 1995
2516 2036
2516 2034
2532 2030
2530 2034
2535 2009
2530 2014
2528 2014
2529 2015
2518 2004
2519 2005
2519 2001
2394 1844
2392 1844
2397 1837
2396 1840
2395 1835
2365 1857
2700 2149
2691 2150
2719 2144
2718 2143
2717 2146
2716 2147
2698 2155
2126 1516
2125 1513
2125 1515
2123 1513
2123 1515
2471 1994
2515 2034
2532 2029
2531 2034
2536 2009
2535 2010
2527 2014
2518 2005
2519 2006
2518 2001
2397 1840
2396 1835
2364 1857
2690 2150
2691 2151
2720 2144
2719 2145
2718 2142
2698 2156
2196 1415
2126 1515
2125 1514
2196 1414
2126 1514
2123 1514
2195 1415
2471 1993
2532 2034
2531 2035
2536 2010
2536 2008
2526 2014
2527 2015
2517 2005
2517 2001
2518 2000
2398 1840
2397 1835
2396 1834
2363 1857
2691 2152
2720 2145
2720 2143
2698 2157
2127 1514
2129 1514
2195 1413
2124 1514
2472 1993
2533 2034
2531 2036
2537 2010
2536 2007
2526 2015
2527 2016
2517 2000
2398 1839
2398 1835
2396 1833
2362 1857
2363 1856
2721 2145
2720 2146
2128 1514
2195 1412
2196 1411
2196 1413
2472 1992
2534 2034
2530 2036
2538 2010
2537 2007
2536 2006
2525 2015
2526 2016
2516 2000
2517 1999
2399 1839
2399 1835
2398 1836
2396 1832
2361 1857
2363 1855
2722 2145
2195 1411
2194 1410
2197 1411
2472 1991
2534 2035
2529 2036
2539 2010
2537 2006
2535 2006
2536 2005
2524 2015
2525 2016
2515 2000
2399 1838
2400 1835
2397 1832
2396 1831
2361 1858
2361 1856
2362 1855
2363 1854
2722 2146
2195 1410
2197 1406
2133 1510
2128 1515
2472 1990
2534 2036
2529 2037
2539 2009
2535 2005
2400 1838
2401 1835
2400 1836
2398 1832
2396 1830
2360 1858
2361 1859
2361 1855
2363 1853
2723 2146
2133 1520
2129 1516
2128 1517
2195 1409
2133 1521
2128 1516
2471 1990
2535 2036
2534 2037
2528 2037
2529 2038
2539 2008
2535 2004
2401 1838
2402 1835
2398 1833
2395 1830
2396 1829
2359 1858
2361 1860
2363 1852
2723 2147
2132 1520
2129 1517
2195 1408
2196 1407
2132 1521
2470 1990
2471 1989
2536 2036
2527 2037
2529 2039
2540 2008
2539 2007
2534 2004
2535 2003
2401 1839
2402 1836
2402 1834
2399 1833
2396 1828
2358 1858
2359 1857
2362 1860
2723 2148
2130 1517
2195 1407
2135 1511
2132 1518
2131 1517
2197 1407
2134 1510
2471 1988
2537 2036
2526 2037
2527 2038
2539 2006
2533 2004
2536 2003
2402 1839
2403 1836
2403 1834
2402 1833
2396 1827
2358 1857
2359 1856
2363 1860
2723 2149
2135 1512
2136 1513
2132 1517
2193 1407
2135 1510
2132 1519
2472 1988
2470 1988
2538 2036
2537 2035
2525 2037
2540 2006
2532 2004
2533 2005
2536 2002
2403 1839
2404 1836
2403 1837
2404 1834
2397 1827
2396 1826
2357 1857
2364 1860
2723 2150
2135 1513
2133 1517
2194 1407
2473 1988
2469 1988
2470 1987
2524 2037
2525 2036
2531 2004
2536 2001
2405 1836
2405 1834
2395 1826
2396 1825
2356 1857
2364 1859
2724 2150
2134 1513
2133 1516
2193 1409
2473 1989
2473 1987
2469 1989
2469 1987
2524 2036
2531 2003
2406 1836
2394 1826
2397 1825
2396 1824
2355 1857
2134 1514
2133 1515
2191 1408
2135 1518
2193 1408
2135 1520
2473 1986
2468 1987
2523 2036
2407 1836
2406 1835
2393 1826
2398 1825
2354 1857
2355 1856
2190 1408
2136 1518
2135 1515
2189 1408
2192 1408
2135 1519
2474 1986
2472 1986
2468 1986
2522 2036
2523 2035
2408 1836
2407 1835
2392 1826
2398 1824
2353 1857
2354 1858
2135 1516
2189 1407
2188 1406
2136 1516
2134 1515
2188 1408
2475 1986
2472 1985
2467 1986
2468 1985
2522 2037
2408 1837
2408 1835
2392 1827
2392 1825
2398 1823
2352 1857
2353 1858
2189 1405
2139 1515
2138 1516
2189 1402
2136 1517
2475 1987
2475 1985
2472 1984
2468 1984
2521 2037
2408 1838
2409 1835
2392 1828
2391 1825
2399 1823
2353 1859
2189 1403
2160 1512
2189 1406
2137 1516
2476 1987
2476 1985
2473 1984
2472 1983
2467 1984
2520 2037
2409 1838
2407 1838
2410 1835
2392 1829
2390 1825
2353 1860
2189 1404
2139 1516
2188 1402
2476 1988
2477 1985
2476 1984
2520 2038
2411 1835
2410 1836
2410 1834
2392 1830
2390 1824
2352 1860
2140 1516
2139 1517
2184 1405
2476 1989
2477 1986
2477 1984
2476 1983
2412 1835
2391 1830
2392 1831
2390 1823
2351 1860
2352 1861
2187 1404
2188 1403
2159 1512
2476 1990
2476 1982
2413 1835
2390 1822
2350 1860
2352 1862
2140 1517
2139 1518
2185 1405
2184 1404
2476 1991
2477 1982
2414 1835
2390 1821
2349 1860
2352 1863
2187 1403
2154 1514
2157 1515
2475 1991
2476 1992
2478 1982
2477 1981
2415 1835
2414 1836
2391 1821
2389 1821
2348 1860
2349 1859
2351 1863
2352 1864
2158 1512
2158 1514
2140 1518
2186 1399
2187 1400
2475 1992
2476 1993
2479 1982
2478 1981
2477 1980
2415 1834
2414 1837
2392 1821
2388 1821
2349 1858
2350 1863
2352 1865
2185 1404
2186 1403
2155 1514
2157 1514
2158 1513
2476 1994
2480 1982
2479 1983
2415 1833
2415 1837
2392 1820
2387 1821
2349 1857
2350 1864
2353 1865
2140 1519
2185 1399
2186 1400
2185 1403
2156 1514
2477 1994
2476 1995
2480 1983
2480 1981
2414 1833
2415 1832
2392 1819
2348 1857
2349 1856
2349 1864
2354 1865
2353 1866
2157 1513
2140 1520
2185 1400
2185 1402
2478 1994
2477 1995
2475 1995
2480 1980
2413 1833
2415 1831
2393 1819
2391 1819
2347 1857
2348 1856
2349 1865
2354 1866
2156 1513
2141 1520
2141 1522
2478 1993
2477 1996
2475 1996
2481 1980
2416 1831
2414 1831
2415 1830
2390 1819
2391 1818
2346 1857
2355 1866
2354 1867
2140 1521
2184 1402
2185 1401
2154 1508
2478 1996
2474 1996
2475 1997
2482 1980
2481 1979
2417 1831
2414 1830
2415 1829
2390 1818
2391 1817
2345 1857
2346 1856
2356 1866
2354 1868
2156 1512
2141 1521
2184 1401
2153 1508
2152 1509
2479 1996
2473 1996
2475 1998
2483 1980
2481 1978
2413 1830
2416 1829
2392 1817
2391 1816
2344 1857
2345 1858
2346 1855
2356 1867
2356 1865
2353 1868
2156 1511
2143 1520
2142 1521
2183 1401
2472 1996
2473 1997
2476 1998
2474 1998
2483 1981
2483 1979
2481 1977
2412 1830
2413 1829
2417 1829
2391 1815
2344 1856
2345 1859
2345 1855
2346 1854
2357 1867
2356 1864
2353 1869
2149 1511
2153 1509
2152 1510
2155 1511
2143 1521
2474 1999
2484 1979
2480 1977
2411 1830
2412 1829
2413 1828
2392 1815
2343 1856
2346 1859
2344 1859
2346 1853
2358 1867
2357 1864
2355 1864
2356 1863
2143 1525
2183 1400
2150 1511
2149 1512
2473 1999
2474 2000
2485 1979
2480 1976
2410 1830
2411 1829
2414 1828
2413 1827
2393 1815
2392 1814
2343 1855
2347 1859
2343 1859
2344 1860
2346 1852
2358 1866
2357 1863
2355 1863
2153 1510
2154 1511
2143 1522
2143 1524
2473 2000
2475 2000
2486 1979
2479 1976
2480 1975
2409 1830
2410 1829
2411 1828
2414 1827
2412 1827
2413 1826
2392 1813
2343 1854
2342 1859
2343 1858
2346 1851
2359 1866
2357 1862
2181 1401
2183 1399
2150 1512
2153 1511
2476 2000
2487 1979
2486 1980
2478 1976
2409 1831
2410 1828
2413 1825
2393 1813
2342 1854
2341 1859
2346 1850
2359 1865
2357 1861
2145 1525
2144 1524
2143 1523
2181 1400
2477 2000
2487 1980
2478 1977
2478 1975
2409 1832
2394 1813
2341 1854
2340 1859
2341 1860
2341 1858
2345 1850
2360 1865
2182 1399
2151 1512
2153 1512
2145 1524
2478 2000
2488 1980
2487 1981
2477 1977
2477 1975
2478 1974
2410 1832
2339 1859
2340 1860
2345 1849
2361 1865
2144 1523
2180 1400
2181 1399
2152 1512
2145 1523
2479 2000
2489 1980
2476 1977
2477 1978
2478 1973
2339 1860
2339 1858
2345 1848
2362 1865
2361 1866
2180 1399
2177 1396
2177 1398
2176 1397
2152 1513
2146 1523
2480 2000
2489 1981
2489 1979
2475 1977
2338 1858
2339 1857
2346 1848
2344 1848
2363 1865
2179 1399
2177 1397
2152 1514
2146 1522
2481 2000
2480 2001
2480 1999
2490 1981
2489 1982
2489 1978
2475 1978
2475 1976
2337 1858
2339 1856
2347 1848
2344 1847
2364 1865
2179 1398
2178 1397
2152 1515
2151 1516
2147 1522
2480 2002
2480 1998
2490 1982
2489 1983
2490 1978
2488 1978
2474 1978
2474 1976
2336 1858
2340 1856
2338 1856
2347 1849
2344 1846
2179 1397
2152 1516
2480 2003
2491 1982
2489 1984
2488 1977
2474 1975
2335 1858
2336 1859
2340 1855
2345 1846
2150 1518
2150 1524
2481 2003
2491 1983
2489 1985
2473 1975
2474 1974
2334 1858
2335 1859
2335 1857
2346 1846
2345 1845
2148 1522
2482 2003
2492 1983
2490 1985
2488 1985
2489 1986
2472 1975
2473 1974
2474 1973
2333 1858
2335 1860
2347 1846
2346 1845
2179 1396
2180 1395
2482 2002
2493 1983
2492 1984
2491 1985
2474 1972
2333 1859
2333 1857
2334 1860
2347 1845
2346 1844
2152 1517
2150 1519
2482 2001
2494 1983
2492 1985
2474 1971
2333 1856
2334 1861
2348 1845
2346 1843
2150 1523
2149 1522
2483 2001
2495 1983
2492 1986
2473 1971
2474 1970
2334 1856
2333 1855
2333 1861
2347 1843
2345 1843
2179 1395
2483 2000
2496 1983
2495 1982
2493 1986
2472 1971
2474 1969
2332 1855
2333 1854
2332 1861
2348 1843
2344 1843
2345 1842
2152 1518
2483 1999
2495 1981
2494 1986
2471 1971
2475 1969
2474 1968
2331 1855
2332 1854
2333 1853
2331 1861
2349 1843
2343 1843
2344 1844
2345 1841
2151 1519
2495 1980
2495 1986
2470 1971
2471 1972
2474 1967
2330 1855
2332 1853
2331 1862
2349 1844
2349 1842
2342 1843
2150 1522
2178 1395
2494 1980
2496 1986
2495 1987
2495 1985
2470 1970
2473 1967
2474 1966
2329 1855
2330 1856
2330 1854
2330 1862
2331 1863
2349 1841
2341 1843
2152 1519
2494 1979
2470 1969
2474 1965
2330 1853
2332 1863
2331 1864
2350 1841
2349 1840
2340 1843
2153 1524
2152 1523
2493 1979
2494 1978
2474 1964
2329 1853
2330 1852
2349 1839
2340 1844
2151 1522
2493 1978
2495 1978
2475 1964
2473 1964
2329 1852
2330 1851
2348 1839
2339 1844
2340 1845
2178 1394
2495 1977
2476 1964
2472 1964
2329 1851
2330 1850
2348 1838
2338 1844
2340 1846
2153 1519
2153 1523
2496 1977
2477 1964
2476 1965
2472 1963
2328 1851
2329 1850
2330 1849
2348 1837
2337 1844
2341 1846
2339 1846
2340 1847
2152 1522
2497 1977
2496 1976
2477 1965
2476 1966
2472 1962
2327 1851
2330 1848
2349 1837
2337 1845
2337 1843
2342 1846
2341 1847
2338 1846
2177 1394
2498 1977
2477 1966
2471 1962
2472 1961
2330 1847
2349 1836
2337 1846
2336 1843
2342 1847
2341 1848
2338 1847
2153 1520
2498 1978
2498 1976
2478 1966
2477 1967
2471 1961
2473 1961
2472 1960
2329 1847
2350 1836
2349 1835
2337 1847
2336 1842
2341 1849
2153 1522
2176 1394
2499 1978
2498 1979
2498 1975
2474 1961
2472 1959
2328 1847
2348 1835
2335 1842
2342 1849
2170 1392
2500 1978
2499 1975
2474 1962
2471 1959
2327 1847
2347 1835
2342 1850
2169 1391
2181 1385
2501 1978
2500 1975
2499 1974
2470 1959
2327 1846
2346 1835
2347 1834
2154 1520
2154 1522
2500 1974
2499 1973
2469 1959
2327 1845
2346 1834
2347 1833
2176 1393
2172 1393
2501 1974
2499 1972
2468 1959
2469 1960
2326 1845
2327 1844
2348 1833
2170 1391
2180 1383
2502 1974
2501 1973
2500 1972
2468 1960
2468 1958
2469 1961
2326 1844
2328 1844
2348 1832
2181 1384
2154 1521
2503 1974
2502 1973
2500 1971
2468 1961
2468 1957
2469 1962
2325 1844
2326 1843
2329 1844
2349 1832
2174 1394
2175 1393
2173 1393
2500 1970
2467 1961
2468 1962
2467 1957
2468 1956
2324 1844
2350 1832
2171 1391
2180 1384
2501 1970
2499 1970
2467 1956
2468 1955
2323 1844
2324 1845
2324 1843
2350 1831
2155 1521
2174 1393
2173 1392
2502 1970
2501 1969
2499 1969
2469 1955
2468 1954
2323 1843
2324 1846
2351 1831
2350 1830
2172 1391
2179 1384
2502 1971
2501 1968
2499 1968
2469 1954
2467 1954
2468 1953
2322 1843
2324 1847
2352 1831
2350 1829
2156 1521
2503 1971
2502 1968
2499 1967
2470 1954
2468 1952
2321 1843
2324 1848
2353 1831
2349 1829
2174 1392
2500 1967
2498 1967
2471 1954
2470 1953
2467 1952
2320 1843
2321 1844
2321 1842
2324 1849
2354 1831
2348 1829
2349 1828
2173 1391
2179 1385
2500 1966
2497 1967
2319 1843
2323 1849
2355 1831
2354 1832
2354 1830
2347 1829
2349 1827
2179 1389
2156 1522
2500 1965
2497 1968
2318 1843
2319 1842
2322 1849
2356 1831
2354 1829
2346 1829
2349 1826
2174 1391
2176 1391
2179 1386
2501 1965
2497 1969
2321 1849
2322 1850
2322 1848
2357 1831
2354 1828
2345 1829
2346 1830
2348 1826
2349 1825
2179 1388
2156 1523
2157 1524
2175 1391
2501 1964
2496 1969
2497 1970
2321 1850
2358 1831
2357 1832
2355 1828
2345 1828
2349 1824
2177 1385
2178 1388
2179 1387
2502 1964
2495 1969
2497 1971
2320 1850
2359 1831
2358 1832
2358 1830
2345 1827
2349 1823
2161 1551
2167 1525
2156 1524
2503 1964
2495 1968
2497 1972
2319 1850
2360 1831
2359 1830
2358 1833
2345 1826
2350 1823
2348 1823
2349 1822
2155 1525
2175 1390
2176 1389
2503 1963
2496 1972
2319 1851
2319 1849
2361 1831
2360 1830
2359 1833
2358 1834
2344 1826
2351 1823
2348 1822
2176 1385
2178 1387
2503 1962
2495 1972
2496 1973
2318 1851
2319 1848
2362 1831
2361 1830
2360 1833
2359 1834
2343 1826
2351 1824
2351 1822
2348 1821
2161 1552
2165 1524
2164 1525
2504 1962
2494 1972
2318 1852
2320 1848
2319 1847
2361 1829
2361 1833
2342 1826
2343 1825
2348 1820
2166 1525
2156 1525
2154 1527
2173 1385
2505 1962
2494 1973
2317 1852
2318 1853
2318 1847
2361 1828
2361 1834
2341 1826
2342 1825
2343 1824
2349 1820
2347 1820
2175 1385
2175 1389
2176 1386
2177 1387
2162 1552
2505 1961
2493 1973
2494 1974
2316 1852
2317 1853
2319 1853
2317 1847
2360 1828
2361 1827
2361 1835
2340 1826
2342 1824
2343 1823
2349 1819
2347 1819
2164 1552
2165 1525
2156 1526
2155 1527
2174 1385
2505 1960
2492 1973
2494 1975
2316 1851
2317 1854
2320 1853
2319 1854
2317 1846
2359 1828
2361 1826
2362 1835
2343 1822
2346 1819
2175 1388
2176 1387
2163 1552
2165 1526
2156 1527
2174 1386
2505 1959
2491 1973
2495 1975
2315 1851
2317 1855
2321 1853
2319 1855
2316 1846
2358 1828
2362 1826
2361 1825
2362 1836
2343 1821
2345 1819
2346 1818
2175 1387
2163 1551
2165 1527
2156 1528
2174 1387
2506 1959
2491 1974
2491 1972
2316 1855
2322 1853
2321 1852
2320 1855
2316 1845
2357 1828
2363 1826
2342 1821
2344 1819
2346 1817
2163 1550
2164 1527
2157 1528
2156 1529
2173 1387
2507 1959
2490 1974
2490 1972
2320 1856
2316 1844
2357 1829
2363 1825
2342 1820
2343 1819
2347 1817
2346 1816
2164 1550
2163 1527
2157 1529
2172 1387
2164 1549
2508 1959
2490 1975
2320 1857
2317 1844
2316 1843
2363 1824
2341 1820
2347 1816
2163 1528
2158 1529
2157 1530
2169 1385
2172 1388
2509 1959
2508 1960
2489 1975
2490 1976
2321 1857
2319 1857
2320 1858
2315 1843
2316 1842
2363 1823
2340 1820
2341 1819
2348 1816
2347 1815
2164 1548
2159 1529
2162 1528
2163 1529
2158 1530
2509 1960
2509 1958
2508 1961
2318 1857
2320 1859
2315 1842
2317 1842
2316 1841
2363 1822
2339 1820
2347 1814
2168 1385
2168 1389
2171 1388
2163 1548
2160 1529
2162 1529
2509 1961
2509 1957
2317 1857
2314 1842
2315 1841
2364 1822
2338 1820
2339 1819
2347 1813
2158 1531
2167 1385
2169 1389
2170 1388
2336 2360
2510 1961
2510 1957
2508 1957
2316 1857
2314 1841
2365 1822
2337 1820
2338 1821
2338 1819
2339 1818
2348 1813
2347 1812
2161 1547
2161 1529
2158 1532
2166 1383
2106 1539
2511 1961
2511 1957
2316 1858
2314 1840
2365 1821
2337 1821
2347 1811
2169 1388
2162 1547
2161 1546
2167 1530
2168 1531
2161 1530
2109 1536
2512 1961
2511 1956
2316 1859
2313 1840
2314 1839
2366 1821
2336 1821
2348 1811
2160 1531
2110 1535
2105 1539
2513 1961
2511 1955
2312 1840
2314 1838
2367 1821
2335 1821
2336 1822
2349 1811
2348 1810
2166 1384
2169 1387
2108 1534
2109 1535
2514 1961
2512 1955
2511 1954
2311 1840
2315 1838
2314 1837
2367 1820
2334 1821
2335 1822
2336 1823
2350 1811
2348 1809
2161 1531
2160 1532
2105 1538
2515 1961
2514 1962
2512 1954
2310 1840
2311 1839
2313 1837
2367 1819
2333 1821
2334 1820
2351 1811
2350 1810
2347 1809
2348 1808
2168 1387
2108 1535
2516 1961
2515 1962
2514 1963
2512 1953
2310 1839
2312 1837
2367 1818
2332 1821
2333 1822
2346 1809
2348 1807
2167 1532
2101 1523
2517 1961
2516 1960
2514 1964
2513 1953
2309 1839
2312 1836
2368 1818
2367 1817
2331 1821
2332 1822
2333 1823
2345 1809
2346 1808
2349 1807
2165 1385
2101 1525
2518 1961
2516 1959
2514 1965
2514 1953
2513 1952
2308 1839
2312 1835
2369 1818
2330 1821
2331 1822
2345 1810
2346 1807
2349 1806
2105 1537
2104 1536
2519 1961
2515 1965
2514 1966
2514 1952
2513 1951
2307 1839
3364 2946
2370 1818
2369 1819
2369 1817
2329 1821
2344 1810
2346 1806
2107 1535
2520 1961
2516 1965
2515 1966
2513 1966
2514 1967
2514 1951
2512 1951
2306 1839
2307 1838
3365 2946
2371 1818
2369 1820
2369 1816
2328 1821
2329 1822
2344 1811
2347 1806
2346 1805
2104 1521
2521 1961
2520 1962
2517 1965
2512 1966
2513 1967
2514 1968
2514 1950
2511 1951
2305 1839
2372 1818
2370 1820
2370 1816
2369 1815
2328 1820
2329 1823
2346 1804
2105 1522
2522 1961
2517 1966
2513 1968
2514 1949
2510 1951
2511 1950
2305 1838
2372 1817
2370 1821
2370 1815
2328 1819
2328 1823
2345 1804
2102 1523
2523 1961
2376 1222
2514 1948
2510 1950
2304 1838
2372 1816
2371 1821
2371 1815
2327 1819
2328 1818
2101 1524
2524 1961
2514 1947
2509 1950
2304 1837
2373 1816
2371 1814
2326 1819
2328 1817
2105 1536
2524 1962
2515 1947
2513 1947
2514 1946
2508 1950
2303 1837
2374 1816
2373 1815
2326 1820
2326 1818
2329 1817
2328 1816
2106 1535
2525 1962
2524 1963
2516 1947
2515 1946
2512 1947
2514 1945
2507 1950
2302 1837
2373 1814
2325 1820
2326 1821
2329 1816
2104 1522
2525 1963
2524 1964
2517 1947
2515 1945
2511 1947
2512 1946
2506 1950
2507 1951
2301 1837
2374 1814
2325 1821
2326 1822
2330 1816
2102 1524
2103 1527
2525 1964
2523 1964
2524 1965
2518 1947
2516 1945
2507 1952
2300 1837
2301 1836
2374 1813
2324 1821
2327 1822
2326 1823
2331 1816
2105 1535
2526 1964
2522 1964
2519 1947
2518 1948
2516 1944
2506 1952
2299 1837
2300 1836
2375 1813
2374 1812
2323 1821
2324 1822
2332 1816
2331 1817
2104 1534
2527 1964
2522 1965
2518 1949
2516 1943
2505 1952
2299 1838
2299 1836
2375 1812
2374 1811
2323 1822
2323 1820
2333 1816
2332 1817
2331 1818
2104 1523
2528 1964
2527 1963
2522 1966
2517 1949
2518 1950
2516 1942
2504 1952
2505 1951
2376 1812
2374 1810
2323 1823
2334 1816
2528 1965
2528 1963
2527 1962
2522 1967
2517 1950
2519 1950
2518 1951
2516 1941
2503 1952
2373 1810
2374 1809
2322 1823
2323 1824
2335 1816
2528 1966
2528 1962
2516 1950
2519 1951
2516 1940
2503 1953
2503 1951
2374 1808
2323 1825
2335 1815
2529 1966
2528 1967
2520 1951
2517 1940
2516 1939
2502 1953
2503 1954
2503 1950
2375 1808
2373 1808
2374 1807
2324 1825
2323 1826
2335 1814
2530 1966
2529 1967
2520 1952
2518 1940
2515 1939
2501 1953
2504 1954
2503 1955
2375 1807
2373 1807
2324 1826
2323 1827
2336 1814
2334 1814
2531 1966
2530 1967
2529 1968
2521 1952
2520 1953
2519 1940
2518 1941
2514 1939
2500 1953
2503 1956
2375 1806
2325 1826
2324 1827
2322 1827
2336 1813
2334 1813
2532 1966
2530 1968
2529 1969
2522 1952
2518 1942
2514 1940
2514 1938
2500 1954
2376 1806
2375 1805
2326 1826
2337 1813
2336 1812
2333 1813
2533 1966
2532 1967
2529 1970
2518 1943
2513 1940
2514 1937
2499 1954
2377 1806
2376 1805
2374 1805
2327 1826
2326 1827
2333 1812
2534 1966
2530 1970
2528 1970
2519 1943
2513 1941
2515 1937
2514 1936
2498 1954
2499 1955
2378 1806
2377 1807
2376 1804
2373 1805
2328 1826
2327 1827
2326 1828
2332 1812
2333 1811
2535 1966
2534 1965
2531 1970
2520 1943
2513 1942
2516 1937
2513 1936
2514 1935
2497 1954
2379 1806
2377 1808
2377 1804
2376 1803
2372 1805
2373 1804
2329 1826
2325 1828
2326 1829
2331 1812
2333 1810
2536 1966
2532 1970
2520 1942
2514 1942
2512 1942
2517 1937
2516 1936
2512 1936
2513 1935
2515 1935
2497 1953
2379 1805
2377 1809
2378 1804
2371 1805
2372 1806
2327 1829
2326 1830
2331 1813
2331 1811
2537 1966
2536 1967
2521 1942
2514 1943
2511 1942
2518 1937
2512 1935
2515 1934
2497 1952
2380 1805
2377 1810
2378 1803
2370 1805
2325 1830
2326 1831
2331 1814
2330 1811
2331 1810
2536 1968
2522 1942
2510 1942
2511 1941
2518 1936
2512 1934
2515 1933
2498 1952
2497 1951
2381 1805
2377 1811
2378 1802
2370 1804
2326 1832
2329 1811
2330 1810
2331 1809
2537 1968
2535 1968
2536 1969
2522 1941
2511 1940
2512 1933
2515 1932
2496 1951
2497 1950
2378 1811
2378 1801
2370 1803
2325 1832
2326 1833
2328 1811
2329 1812
2331 1808
2538 1968
2523 1941
2516 1932
2514 1932
2515 1931
2495 1951
2497 1949
2379 1811
2369 1803
2327 1833
2326 1834
2331 1807
2539 1968
2538 1969
2538 1967
2524 1941
2513 1932
2515 1930
2495 1950
2379 1812
2328 1833
2325 1834
2326 1835
2332 1807
2330 1807
2539 1969
2538 1970
2525 1941
2515 1929
2494 1950
2380 1812
2329 1833
2328 1832
2327 1835
2333 1807
2330 1806
2538 1971
2525 1940
2515 1928
2494 1949
2381 1812
2330 1833
2328 1835
2329 1806
2539 1971
2525 1939
2514 1928
2515 1927
2494 1948
2381 1811
2331 1833
2328 1836
2328 1806
2329 1805
2540 1971
2539 1972
2524 1939
2513 1928
2494 1947
2382 1811
2381 1810
2332 1833
2331 1832
2329 1804
2541 1971
2539 1973
2524 1938
2513 1929
2513 1927
2495 1947
2493 1947
2494 1946
2383 1811
2381 1809
2332 1834
2331 1831
2328 1804
2542 1971
2541 1970
2540 1973
2538 1973
2524 1937
2512 1929
2492 1947
2494 1945
2383 1810
2333 1834
2331 1830
2328 1803
2543 1971
2542 1972
2542 1970
2541 1973
2537 1973
2538 1974
2523 1937
2524 1936
2511 1929
2494 1944
2384 1810
2327 1803
2544 1971
2543 1972
2543 1970
2542 1969
2536 1973
2525 1936
2524 1935
2494 1943
2385 1810
2326 1803
2544 1972
2544 1970
2542 1968
2536 1972
2525 1935
2495 1943
2494 1942
2385 1811
2385 1809
2325 1803
2326 1804
2545 1970
2544 1969
2543 1968
2526 1935
2525 1934
2493 1942
2386 1811
2385 1808
2324 1803
2326 1805
2546 1970
2543 1967
2527 1935
2525 1933
2492 1942
2387 1811
2385 1807
2323 1803
2325 1805
2547 1970
2527 1936
2526 1933
2491 1942
2388 1811
2384 1807
2323 1804
2323 1802
2324 1805
2548 1970
2547 1971
2547 1969
2528 1936
2527 1933
2490 1942
2388 1810
2384 1806
2322 1804
2323 1805
2323 1801
2324 1806
2549 1970
2547 1972
2529 1936
2489 1942
2490 1943
2388 1809
2321 1804
2323 1806
2323 1800
2324 1807
2550 1970
2549 1971
2546 1972
2530 1936
2489 1943
2489 1941
2490 1944
2388 1808
2322 1806
2323 1807
2322 1800
2551 1970
2550 1969
2531 1936
2489 1944
2489 1940
2491 1944
2387 1808
2388 1807
2323 1808
2321 1800
2322 1799
2552 1970
2550 1968
2532 1936
2489 1945
2488 1940
2489 1939
2491 1945
2387 1807
2389 1807
2322 1808
2323 1809
2320 1800
2322 1798
2552 1971
2551 1968
2550 1967
2533 1936
2532 1937
2532 1935
2488 1945
2489 1946
2487 1940
2489 1938
2390 1807
2389 1806
2321 1808
2322 1809
2319 1800
2323 1798
2322 1797
2552 1972
2549 1967
2534 1936
2532 1934
2487 1945
2488 1946
2486 1940
2487 1941
2487 1939
2488 1938
2489 1937
2391 1807
2320 1808
2321 1809
2322 1810
2319 1801
2319 1799
2324 1798
2321 1797
2535 1936
2534 1935
2533 1934
2532 1933
2486 1945
2485 1940
2487 1938
2490 1937
2392 1807
2391 1808
2319 1808
2318 1801
2319 1798
2325 1798
2320 1797
2535 1935
2534 1934
2533 1933
2531 1933
2485 1945
2486 1946
2486 1944
2484 1940
2487 1937
2491 1937
2393 1807
2392 1806
2391 1809
2318 1808
2319 1809
2319 1807
2317 1801
2318 1802
2318 1798
2325 1797
2535 1934
2531 1932
2486 1947
2483 1940
2492 1937
2491 1936
2394 1807
2393 1806
2391 1810
2317 1808
2319 1810
2319 1806
2317 1800
2326 1797
2536 1934
2531 1931
2482 1940
2483 1941
2492 1936
2394 1808
2393 1805
2320 1810
2316 1800
2327 1797
2326 1796
2537 1934
2531 1930
2482 1941
2482 1939
2492 1935
2395 1808
2394 1809
2393 1804
2315 1800
2328 1797
2326 1795
2538 1934
2532 1930
2482 1938
2492 1934
2395 1809
2393 1803
2314 1800
2328 1796
2325 1795
2538 1933
2532 1929
2481 1938
2482 1937
2491 1934
2492 1933
2396 1809
2395 1810
2392 1803
2393 1802
2313 1800
2314 1801
2328 1795
2325 1794
2539 1933
2538 1932
2482 1936
2491 1933
2493 1933
2492 1932
2397 1809
2395 1811
2391 1803
2393 1801
2312 1800
2314 1802
2329 1795
2540 1933
2538 1931
2482 1935
2490 1933
2492 1931
2394 1811
2390 1803
2391 1804
2393 1800
2311 1800
2312 1799
2313 1802
2330 1795
2541 1933
2483 1935
2481 1935
2482 1934
2493 1931
2389 1803
2394 1800
2310 1800
2311 1801
2331 1795
2330 1796
2542 1933
2484 1935
2483 1934
2480 1935
2482 1933
2494 1931
2389 1804
2389 1802
2394 1799
2310 1801
2310 1799
2331 1794
2543 1933
2484 1934
2483 1933
2479 1935
2480 1934
2481 1933
2494 1932
2388 1802
2395 1799
2394 1798
2309 1801
2310 1802
2310 1798
2332 1794
2543 1934
2543 1932
2485 1934
2483 1932
2478 1935
2481 1932
2388 1801
2396 1799
2393 1798
2310 1803
2311 1798
2310 1797
2333 1794
2544 1934
2543 1931
2485 1933
2483 1931
2477 1935
2481 1931
2387 1801
2396 1800
2392 1798
2393 1797
2311 1803
2311 1797
2309 1797
2310 1796
2334 1794
2333 1795
2333 1793
2545 1934
2543 1930
2483 1930
2476 1935
2480 1931
2481 1930
2387 1800
2397 1800
2396 1801
2391 1798
2392 1797
2393 1796
2312 1797
2311 1796
2310 1795
2335 1794
2334 1793
2333 1792
2545 1935
2542 1930
2543 1929
2475 1935
2479 1931
2387 1799
2398 1800
2390 1798
2391 1799
2391 1797
2392 1796
2312 1796
2309 1795
2335 1795
2335 1793
2545 1936
2541 1930
2544 1929
2474 1935
2475 1934
2479 1930
2386 1799
2387 1798
2398 1799
2390 1799
2390 1797
2312 1795
2308 1795
2309 1794
2336 1795
2336 1793
2335 1792
2544 1936
2545 1937
2545 1929
2474 1936
2474 1934
2475 1933
2479 1929
2385 1799
2387 1797
2398 1798
2312 1794
2308 1796
2337 1795
2337 1793
2335 1791
2545 1938
2545 1928
2473 1936
2474 1937
2473 1934
2478 1929
2384 1799
2386 1797
2311 1794
2312 1793
2307 1796
2338 1795
2337 1796
2337 1792
2334 1791
2335 1790
2546 1938
2545 1927
2472 1936
2473 1937
2475 1937
2474 1938
2472 1934
2477 1929
2478 1928
2383 1799
2385 1797
2386 1796
2311 1793
2313 1793
2306 1796
2339 1795
2338 1796
2337 1797
2334 1790
2547 1938
2546 1927
2545 1926
2471 1936
2472 1937
2478 1927
2383 1800
2385 1796
2311 1792
2314 1793
2313 1792
2305 1796
2306 1795
2339 1796
2339 1794
2336 1797
2337 1798
2334 1789
2548 1938
2547 1939
2547 1937
2545 1925
2470 1936
2479 1927
2384 1796
2385 1795
2310 1792
2311 1791
2315 1793
2313 1791
2305 1797
2306 1794
2340 1794
2334 1788
2470 1937
2480 1927
2385 1794
2311 1790
2315 1794
2305 1798
2341 1794
2334 1787
2469 1937
2470 1938
2480 1926
2385 1793
2310 1790
2316 1794
2305 1799
2341 1793
2334 1786
2468 1937
2469 1938
2471 1938
2480 1925
2385 1792
2309 1790
2316 1795
2306 1799
2304 1799
2305 1800
2335 1786
2333 1786
2467 1937
2469 1939
2479 1925
2384 1792
2385 1791
2308 1790
2317 1795
2305 1801
2335 1785
2466 1937
2467 1938
2468 1939
2469 1940
2478 1925
2386 1791
2308 1789
2306 1801
2305 1802
2335 1784
2465 1937
2466 1936
2467 1939
2470 1940
2477 1925
2387 1791
2307 1789
2308 1788
2305 1803
2336 1784
2334 1784
2335 1783
2465 1938
2465 1936
2466 1935
2467 1940
2470 1941
2477 1926
2477 1924
2388 1791
2304 1803
2337 1784
2336 1783
2333 1784
2334 1783
2465 1939
2464 1936
2467 1935
2466 1934
2477 1923
2388 1792
2388 1790
2304 1804
2337 1783
2333 1783
2464 1939
2463 1936
2468 1935
2467 1934
2478 1923
2389 1792
2388 1789
2303 1804
2304 1805
2337 1782
2463 1939
2463 1937
2463 1935
2469 1935
2478 1922
2390 1792
2389 1793
2387 1789
2302 1804
2304 1806
2337 1781
2463 1940
2462 1937
2462 1935
2463 1934
2469 1934
2478 1921
2391 1792
2389 1794
2302 1805
2302 1803
2305 1806
2304 1807
2337 1780
2462 1940
2461 1937
2463 1933
2469 1933
2479 1921
2391 1791
2389 1795
2301 1805
2302 1802
2305 1807
2303 1807
2338 1780
2460 1937
2462 1933
2480 1921
2479 1920
2391 1790
2300 1805
2301 1806
2301 1802
2306 1807
2339 1780
2459 1937
2460 1936
2462 1932
2480 1922
2480 1920
2479 1919
2390 1790
2391 1789
2300 1804
2301 1807
2307 1807
2339 1781
2458 1937
2459 1936
2462 1931
2480 1919
2479 1918
2391 1788
2299 1804
2300 1807
2301 1808
2308 1807
2307 1808
2340 1781
2457 1937
2458 1936
2459 1935
2463 1931
2462 1930
2480 1918
2392 1788
2391 1787
2298 1804
2299 1803
2299 1807
2301 1809
2309 1807
2307 1809
2341 1781
2340 1782
2456 1937
2463 1930
2461 1930
2480 1917
2393 1788
2391 1786
2298 1805
2299 1802
2298 1807
2301 1810
2310 1807
2309 1808
2309 1806
2308 1809
2306 1809
2341 1782
2341 1780
2456 1938
2456 1936
2463 1929
2461 1929
2481 1917
2392 1786
2298 1802
2297 1807
2301 1811
2311 1807
2309 1805
2308 1810
2306 1810
2342 1782
2341 1779
2456 1939
2464 1929
2461 1928
2482 1917
2481 1916
2392 1785
2298 1801
2296 1807
2297 1808
2302 1811
2301 1812
2312 1807
2308 1811
2306 1811
2343 1782
2342 1783
2340 1779
2455 1939
2460 1928
2461 1927
2483 1917
2481 1915
2393 1785
2298 1800
2295 1807
2303 1811
2300 1812
2301 1813
2313 1807
2309 1811
2308 1812
2306 1812
2342 1784
2340 1778
2454 1939
2455 1940
2459 1928
2462 1927
2482 1915
2480 1915
2394 1785
2298 1799
2294 1807
2295 1808
2295 1806
2302 1813
2314 1807
2307 1812
2308 1813
2341 1784
2340 1777
2455 1941
2458 1928
2459 1929
2459 1927
2462 1926
2482 1914
2479 1915
2480 1914
2394 1784
2299 1799
2298 1798
2294 1806
2303 1813
2302 1814
2315 1807
2314 1808
2314 1806
2308 1814
2340 1784
2341 1777
2455 1942
2457 1928
2458 1929
2459 1930
2462 1925
2482 1913
2478 1915
2395 1784
2297 1798
2294 1805
2302 1815
2307 1814
2340 1785
2342 1777
2341 1776
2456 1942
2454 1942
2457 1929
2457 1927
2459 1931
2463 1925
2461 1925
2483 1913
2477 1915
2478 1916
2396 1784
2395 1783
2296 1798
2293 1805
2306 1814
2340 1786
2343 1777
2453 1942
2454 1943
2460 1931
2458 1931
2477 1914
2396 1783
2295 1798
2296 1799
2296 1797
2292 1805
2305 1814
2306 1815
2340 1787
2343 1776
2453 1943
2454 1944
2457 1931
2476 1914
2396 1782
2294 1798
2296 1800
2296 1796
2291 1805
2292 1804
2306 1816
2339 1787
2340 1788
2344 1776
2454 1945
2476 1913
2396 1781
2293 1798
2294 1799
2294 1797
2296 1801
2297 1796
2290 1805
2291 1806
2305 1816
2339 1788
2340 1789
2345 1776
2453 1945
2454 1946
2475 1913
2397 1781
2395 1781
2396 1780
2292 1798
2294 1796
2290 1804
2291 1807
2304 1816
2340 1790
2346 1776
2345 1775
2452 1945
2454 1947
2474 1913
2475 1912
2398 1781
2394 1781
2396 1779
2291 1798
2293 1796
2291 1808
2347 1776
2346 1775
2345 1774
2451 1945
2452 1946
2455 1947
2454 1948
2475 1911
2399 1781
2398 1782
2393 1781
2397 1779
2396 1778
2291 1799
2291 1797
2292 1796
2291 1809
2348 1776
2347 1777
2450 1945
2452 1947
2454 1949
2474 1911
2475 1910
2400 1781
2398 1783
2392 1781
2393 1782
2396 1777
2290 1799
2291 1796
2290 1809
2349 1776
2450 1946
2450 1944
2455 1949
2453 1949
2474 1910
2476 1910
2401 1781
2398 1784
2391 1781
2392 1782
2393 1783
2396 1776
2291 1795
2290 1810
2350 1776
2349 1777
2449 1946
2449 1944
2456 1949
2453 1950
2473 1910
2476 1909
2402 1781
2401 1780
2398 1785
2391 1782
2391 1780
2397 1776
2395 1776
2289 1810
2351 1776
2350 1777
2350 1775
2448 1944
2456 1948
2453 1951
2476 1908
2403 1781
2399 1785
2398 1786
2391 1779
2398 1776
2397 1775
2289 1811
2352 1776
2351 1777
2351 1775
2448 1943
2457 1948
2454 1951
2452 1951
2476 1907
2403 1782
2403 1780
2400 1785
2397 1786
2391 1778
2397 1774
2289 1812
2351 1778
2351 1774
2458 1948
2457 1947
2455 1951
2452 1952
2475 1907
2404 1782
2401 1785
2397 1787
2390 1778
2397 1773
2290 1812
2288 1812
2289 1813
2352 1778
2351 1779
2458 1949
2457 1946
2455 1952
2451 1952
2474 1907
2475 1906
2405 1782
2401 1784
2396 1787
2390 1777
2398 1773
2291 1812
2287 1812
2288 1813
2351 1780
2459 1949
2458 1950
2457 1945
2456 1952
2455 1953
2475 1905
2406 1782
2405 1781
2401 1783
2389 1777
2398 1772
2287 1813
2350 1780
2351 1781
2458 1945
2454 1953
2455 1954
2475 1904
2407 1782
2406 1781
2405 1780
2400 1783
2388 1777
2399 1772
2398 1771
2286 1813
2349 1780
2352 1781
2351 1782
2459 1945
2456 1954
2455 1955
2475 1903
2407 1781
2406 1780
2388 1776
2398 1770
2285 1813
2286 1814
2353 1781
2351 1783
2456 1955
2454 1955
2474 1903
2408 1781
2407 1780
2387 1776
2388 1775
2399 1770
2286 1815
2353 1782
2353 1780
2351 1784
2457 1955
2453 1955
2454 1956
2474 1902
2409 1781
2407 1779
2386 1776
2389 1775
2388 1774
2400 1770
2287 1815
2285 1815
2354 1782
2350 1784
2457 1956
2453 1956
2473 1902
2474 1901
2410 1781
2409 1782
2408 1779
2407 1778
2386 1777
2386 1775
2389 1774
2401 1770
2400 1771
2288 1815
2284 1815
2354 1783
2350 1785
2458 1956
2457 1957
2452 1956
2472 1902
2473 1901
2475 1901
2411 1781
2410 1782
2410 1780
2409 1783
2407 1777
2386 1778
2385 1775
2401 1769
2289 1815
2283 1815
2284 1816
2284 1814
2354 1784
2349 1785
2452 1957
2472 1903
2476 1901
2412 1781
2409 1784
2408 1777
2407 1776
2386 1779
2384 1775
2402 1769
2401 1768
2289 1816
2284 1817
2355 1784
2348 1785
2349 1786
2451 1957
2452 1958
2471 1903
2472 1904
2476 1900
2413 1781
2409 1777
2406 1776
2387 1779
2383 1775
2384 1776
2402 1768
2401 1767
2289 1817
2356 1784
2355 1785
2348 1786
2451 1958
2452 1959
2470 1903
2471 1904
2473 1904
2413 1782
2413 1780
2405 1776
2382 1775
2383 1774
2400 1767
2290 1817
2355 1786
2347 1786
2348 1787
2452 1960
2470 1902
2473 1905
2414 1780
2405 1777
2381 1775
2399 1767
2354 1786
2348 1788
2452 1961
2470 1901
2414 1779
2404 1777
2405 1778
2381 1776
2381 1774
2399 1766
2353 1786
2348 1789
2453 1961
2452 1962
2471 1901
2469 1901
2414 1778
2380 1776
2380 1774
2399 1765
2353 1787
2348 1790
2454 1961
2451 1962
2468 1901
2469 1900
2415 1778
2413 1778
2414 1777
2379 1776
2380 1777
2398 1765
2352 1787
2353 1788
2454 1962
2454 1960
2467 1901
2469 1899
2414 1776
2378 1776
2380 1778
2397 1765
2353 1789
2455 1962
2467 1900
2415 1776
2378 1775
2379 1778
2396 1765
2397 1764
2353 1790
2455 1963
2466 1900
2415 1775
2378 1774
2378 1778
2352 1790
2456 1963
2466 1899
2416 1775
2415 1774
2378 1773
2378 1779
2351 1790
2352 1791
2465 1899
2417 1775
2416 1774
2414 1774
2378 1772
2377 1779
2351 1791
2351 1789
2352 1792
2465 1898
2418 1775
2417 1774
2413 1774
2414 1773
2377 1772
2378 1771
2377 1780
2350 1791
2350 1789
2351 1788
2352 1793
2464 1898
2465 1897
2419 1775
2418 1774
2417 1773
2413 1775
2414 1772
2376 1772
2377 1771
2379 1771
2376 1780
2349 1791
2353 1793
2351 1793
2352 1794
2463 1898
2466 1897
2420 1775
2419 1774
2417 1772
2375 1772
2376 1771
2380 1771
2375 1780
2376 1781
2349 1792
2354 1793
2350 1793
2351 1794
2462 1898
2463 1899
2466 1896
2419 1773
2417 1771
2374 1772
2375 1771
2381 1771
2374 1780
2376 1782
2462 1899
2466 1895
2418 1771
2416 1771
2373 1772
2375 1770
2381 1770
2374 1779
2375 1782
2376 1783
2467 1895
2465 1895
2418 1770
2415 1771
2372 1772
2375 1769
2375 1783
2376 1784
2467 1894
2419 1770
2418 1769
2372 1773
2372 1771
2376 1769
2374 1769
2375 1784
2377 1784
2467 1893
2418 1768
2372 1774
2372 1770
2374 1784
2468 1893
2418 1767
2372 1775
2373 1770
2372 1769
2374 1785
2468 1892
2419 1767
2417 1767
2418 1766
2372 1768
2374 1786
2469 1892
2468 1891
2420 1767
2416 1767
2417 1766
2418 1765
2371 1768
2372 1767
2373 1786
2470 1892
2468 1890
2421 1767
2415 1767
2416 1768
2416 1766
2419 1765
2371 1767
2373 1767
2372 1786
2470 1893
2470 1891
2469 1890
2468 1889
2421 1768
2421 1766
2416 1769
2416 1765
2373 1766
2371 1786
2372 1787
2467 1889
2468 1888
2421 1769
2415 1769
2415 1765
2416 1764
2374 1766
2373 1765
2371 1787
2371 1785
2469 1888
2422 1769
2416 1763
2375 1766
2373 1764
2370 1785
2469 1887
2423 1769
2417 1763
2416 1762
2376 1766
2372 1764
2369 1785
2370 1784
2470 1887
2469 1886
2424 1769
2423 1770
2418 1763
2416 1761
2376 1767
2372 1763
2368 1785
2369 1786
2370 1783
2471 1887
2468 1886
2469 1885
2424 1770
2424 1768
2423 1771
2419 1763
2415 1761
2371 1763
2368 1786
2370 1782
2472 1887
2469 1884
2424 1771
2425 1768
2423 1772
2420 1763
2419 1762
2414 1761
2371 1762
2371 1782
2370 1781
2473 1887
2469 1883
2424 1772
2426 1768
2422 1772
2414 1762
2414 1760
2371 1761
2372 1782
2369 1781
2370 1780
2474 1887
2473 1888
2473 1886
2470 1883
2424 1773
2427 1768
2421 1772
2413 1762
2414 1759
2370 1761
2371 1760
2372 1783
2368 1781
2369 1780
2370 1779
2475 1887
2473 1885
2471 1883
2425 1773
2424 1774
2428 1768
2427 1769
2421 1773
2421 1771
2412 1762
2415 1759
2372 1760
2367 1781
2368 1780
2370 1778
2476 1887
2475 1886
2471 1884
2425 1774
2423 1774
2429 1768
2428 1767
2427 1770
2411 1762
2416 1759
2373 1760
2372 1759
2366 1781
2367 1780
2371 1778
2369 1778
2476 1886
2426 1774
2423 1775
2430 1768
2411 1763
2417 1759
2374 1760
2365 1781
2372 1778
2368 1778
2477 1886
2426 1775
2431 1768
2410 1763
2418 1759
2375 1760
2374 1759
2364 1781
2372 1779
2368 1777
2477 1885
2409 1763
2418 1760
2418 1758
2375 1761
2374 1758
2363 1781
2372 1780
2367 1777
2368 1776
2478 1885
2408 1763
2409 1764
2418 1757
2375 1758
2373 1758
2374 1757
2363 1780
2366 1777
2367 1776
2368 1775
2479 1885
2478 1884
2408 1764
2418 1756
2375 1757
2362 1780
2363 1779
2365 1777
2366 1778
2480 1885
2407 1764
2417 1756
2418 1755
2376 1757
2361 1780
2363 1778
2364 1777
2365 1776
2480 1884
2407 1765
2416 1756
2417 1755
2419 1755
2377 1757
2361 1781
2361 1779
2364 1778
2362 1778
2481 1884
2480 1883
2407 1766
2415 1756
2417 1754
2420 1755
2377 1758
2377 1756
2361 1782
2360 1779
2362 1777
2480 1882
2408 1766
2414 1756
2421 1755
2420 1756
2378 1758
2378 1756
2377 1755
2361 1783
2359 1779
2362 1776
2481 1882
2480 1881
2408 1767
2413 1756
2414 1755
2421 1756
2421 1754
2378 1759
2379 1756
2377 1754
2360 1783
2361 1784
2358 1779
2359 1780
2359 1778
2362 1775
2480 1880
2421 1757
2421 1753
2378 1760
2380 1756
2378 1754
2377 1753
2359 1783
2360 1784
2359 1781
2361 1775
2362 1774
2479 1880
2480 1879
2422 1757
2421 1758
2378 1761
2380 1755
2376 1753
2377 1752
2358 1783
2360 1785
2358 1781
2360 1775
2361 1774
2479 1879
2481 1879
2423 1757
2379 1761
2377 1761
2378 1762
2375 1753
2376 1752
2378 1752
2360 1786
2357 1781
2359 1775
2361 1773
2479 1878
2424 1757
2423 1758
2380 1761
2378 1763
2375 1754
2375 1752
2360 1787
2360 1773
2361 1772
2478 1878
2479 1877
2425 1757
2424 1758
2423 1759
2381 1761
2379 1763
2375 1755
2375 1751
2359 1787
2360 1788
2362 1772
2477 1878
2480 1877
2479 1876
2426 1757
2425 1758
2424 1759
2422 1759
2423 1760
2382 1761
2374 1755
2375 1750
2358 1787
2360 1789
2363 1772
2476 1878
2479 1875
2426 1758
2422 1760
2423 1761
2383 1761
2376 1750
2375 1749
2359 1789
2363 1773
2363 1771
2476 1877
2480 1875
2421 1760
2424 1761
2384 1761
2377 1750
2374 1749
2359 1790
2364 1773
2476 1876
2481 1875
2480 1874
2425 1761
2424 1762
2377 1749
2373 1749
2374 1748
2359 1791
2365 1773
2477 1876
2475 1876
2482 1875
2480 1873
2426 1761
2425 1760
2424 1763
2378 1749
2377 1748
2373 1748
2359 1792
2366 1773
2477 1875
2475 1875
2482 1876
2482 1874
2481 1873
2424 1764
2377 1747
2372 1748
2360 1792
2358 1792
2359 1793
2366 1774
2483 1876
2482 1873
2481 1872
2425 1764
2423 1764
2377 1746
2361 1792
2357 1792
2358 1793
2367 1774
2484 1876
2481 1871
2425 1765
2422 1764
2378 1746
2362 1792
2361 1791
2357 1793
2485 1876
2480 1871
2426 1765
2421 1764
2422 1763
2378 1745
2362 1793
2361 1790
2480 1870
2378 1744
2362 1794
2480 1869
2379 1744
2377 1744
2363 1794
2481 1869
2479 1869
2480 1868
2379 1743
2364 1794
2481 1868
2480 1867
2380 1743
2379 1742
2364 1795
2482 1868
2481 1867
2480 1866
2378 1742
2379 1741
2364 1796
2483 1868
2480 1865
2378 1741
2380 1741
2365 1796
2483 1869
2483 1867
2481 1865
2479 1865
2378 1740
2381 1741
2380 1740
2366 1796
2484 1869
2484 1867
2481 1864
2377 1740
2378 1739
2380 1739
2366 1797
2366 1795
2484 1870
2485 1867
2484 1866
2481 1863
2378 1738
2367 1797
2480 1863
2481 1862
2377 1738
2378 1737
2367 1798
2479 1863
2480 1862
2376 1738
2378 1736
2478 1863
2480 1861
2378 1735
2477 1863
2478 1864
2478 1862
2480 1860
2379 1735
2377 1735
2477 1864
2477 1862
2480 1859
2380 1735
2379 1734
2476 1864
2477 1865
2477 1861
2481 1859
2381 1735
2379 1733
2475 1864
2476 1861
2477 1860
2482 1859
2381 1736
2381 1734
2380 1733
2379 1732
2474 1864
2475 1863
2475 1861
2381 1737
2382 1734
2381 1733
2380 1732
2378 1732
2379 1731
2473 1864
2474 1861
2475 1860
2382 1737
2383 1734
2382 1733
2380 1731
2377 1732
2379 1730
2474 1862
2474 1860
2475 1859
2376 1732
2379 1729
2473 1862
2473 1860
2474 1859
2476 1859
2375 1732
2380 1729
2378 1729
2472 1862
2474 1858
2476 1858
2374 1732
2380 1728
2378 1728
2473 1858
2476 1857
2373 1732
2374 1731
2381 1728
2472 1858
2475 1857
2476 1856
2373 1733
2381 1727
2472 1857
2477 1856
2476 1855
2372 1733
2373 1734
2382 1727
2381 1726
2478 1856
2475 1855
2476 1854
2371 1733
2383 1727
2380 1726
2381 1725
2479 1856
2478 1855
2474 1855
2476 1853
2384 1727
2379 1726
2381 1724
2480 1856
2479 1855
2474 1854
2385 1727
2384 1726
2378 1726
2381 1723
2481 1856
2480 1855
2385 1728
2384 1725
2378 1725
2380 1723
2482 1856
2480 1854
2386 1728
2385 1725
2384 1724
2377 1725
2379 1723
2482 1857
2481 1854
2386 1725
2483 1857
2481 1853
2386 1726
2483 1858
2481 1852
2387 1726
2484 1858
2388 1726
2485 1858
2484 1859
2389 1726
2388 1727
2485 1859
2390 1726
2389 1725
2388 1728
2485 1860
2390 1727
2389 1724
2485 1861
2391 1727
2390 1728
2389 1723
2486 1861
2485 1862
2390 1729
2388 1723
2487 1861
2485 1863
2391 1729
2389 1729
2388 1722
2488 1861
2487 1860
2392 1729
2391 1730
2389 1730
2387 1722
2489 1861
2488 1860
2487 1859
2393 1729
2392 1730
2391 1731
2389 1731
2386 1722
2490 1861
2488 1859
2394 1729
2390 1731
2391 1732
2386 1721
2490 1862
2394 1728
2386 1720
2490 1863
2395 1728
2491 1863
2396 1728
2395 1727
2492 1863
2397 1728
2395 1726
2493 1863
2398 1728
2397 1727
2395 1725
2494 1863
2493 1864
2399 1728
2396 1725
2394 1725
2495 1863
2493 1865
2399 1729
2399 1727
2396 1724
2393 1725
2394 1724
2496 1863
2495 1862
2494 1865
2492 1865
2400 1729
2399 1730
2400 1727
2399 1726
2397 1724
2393 1726
2394 1723
2497 1863
2496 1864
2495 1861
2400 1730
2400 1726
2393 1727
2395 1723
2393 1723
2498 1863
2495 1860
2401 1730
2395 1722
2498 1864
2498 1862
2494 1860
2401 1731
2396 1722
2498 1865
2498 1861
2494 1859
2401 1732
2397 1722
2498 1866
2494 1858
2401 1733
2397 1721
2498 1867
2495 1858
2401 1734
2398 1721
2397 1720
2499 1867
2497 1867
2401 1735
2399 1721
2397 1719
2500 1867
2499 1868
2496 1867
2401 1736
2400 1721
2397 1718
2501 1867
2499 1869
2401 1721
2398 1718
2396 1718
2397 1717
2501 1866
2399 1718
2395 1718
2396 1717
2397 1716
2501 1865
2400 1718
2399 1719
2394 1718
2395 1717
2398 1716
2397 1715
2502 1865
2501 1864
2401 1718
2400 1717
2394 1717
2395 1716
2398 1715
2397 1714
2503 1865
2402 1718
2401 1719
2401 1717
2393 1717
2395 1715
2397 1713
2504 1865
2503 1866
2402 1717
2393 1716
2397 1712
2504 1864
2393 1715
2398 1712
2504 1863
2392 1715
2393 1714
2399 1712
2398 1711
2505 1863
2503 1863
2391 1715
2393 1713
2400 1712
2398 1710
2506 1863
2505 1862
2392 1713
2393 1712
2401 1712
2399 1710
2397 1710
2507 1863
2506 1864
2391 1713
2392 1712
2402 1712
2400 1710
2396 1710
2507 1862
2390 1713
2403 1712
2402 1713
2401 1710
2395 1710
2396 1711
2396 1709
2508 1862
2389 1713
2390 1714
2403 1713
2403 1711
2396 1708
2509 1862
2508 1861
2389 1714
2404 1713
2404 1711
2396 1707
2509 1863
2508 1860
2389 1715
2405 1713
2404 1714
2395 1707
2510 1863
2509 1864
2509 1860
2508 1859
2388 1715
2406 1713
2405 1714
2394 1707
2511 1863
2509 1859
2507 1859
2508 1858
2407 1713
2406 1712
2394 1706
2512 1863
2510 1859
2509 1858
2507 1858
2508 1857
2407 1714
2406 1711
2394 1705
2513 1863
2512 1864
2511 1859
2508 1856
2407 1715
2407 1711
2393 1705
2513 1862
2512 1865
2509 1856
2408 1715
2406 1715
2407 1716
2392 1705
2514 1862
2513 1865
2509 1855
2409 1715
2407 1717
2391 1705
2392 1706
2514 1861
2514 1865
2513 1866
2509 1854
2409 1716
2409 1714
2407 1718
2391 1706
2391 1704
2392 1707
2514 1860
2515 1865
2510 1854
2508 1854
2409 1717
2410 1714
2407 1719
2390 1706
2391 1707
2391 1703
2392 1708
2513 1860
2514 1859
2516 1865
2515 1866
2511 1854
2507 1854
2508 1853
2410 1717
2411 1714
2406 1719
2389 1706
2391 1702
2514 1858
2517 1865
2516 1866
2516 1864
2512 1854
2511 1855
2511 1853
2507 1853
2412 1714
2411 1713
2405 1719
2406 1720
2389 1707
2391 1701
2515 1858
2513 1858
2517 1864
2516 1867
2512 1855
2511 1852
2506 1853
2507 1852
2411 1712
2405 1720
2388 1707
2391 1700
2515 1857
2516 1868
2512 1856
2512 1852
2510 1852
2511 1851
2505 1853
2506 1852
2412 1712
2387 1707
2391 1699
2515 1856
2517 1868
2512 1857
2513 1852
2510 1851
2511 1850
2505 1852
2506 1851
2413 1712
2392 1699
2390 1699
2515 1855
2518 1868
2511 1857
2513 1851
2509 1851
2511 1849
2505 1851
2414 1712
2393 1699
2389 1699
2516 1855
2515 1854
2519 1868
2514 1851
2511 1848
2504 1851
2394 1699
2389 1700
2517 1855
2516 1854
2519 1869
2514 1850
2512 1848
2511 1847
2504 1850
2395 1699
2517 1856
2516 1853
2513 1848
2512 1847
2503 1850
2396 1699
2395 1700
2395 1698
2518 1856
2517 1853
2514 1848
2513 1849
2513 1847
2512 1846
2502 1850
2396 1700
2396 1698
2395 1697
2518 1857
2518 1853
2515 1848
2501 1850
2502 1851
2397 1700
2396 1701
2397 1698
2394 1697
2395 1696
2518 1858
2519 1853
2516 1848
2515 1849
2500 1850
2396 1702
2397 1697
2393 1697
2394 1696
2396 1696
2518 1859
2516 1849
2499 1850
2396 1703
2398 1697
2396 1695
2519 1859
2518 1860
2499 1849
2399 1697
2397 1695
2519 1860
2517 1860
2499 1848
2400 1697
2399 1698
2397 1694
2520 1860
2500 1848
2498 1848
2401 1697
2400 1698
2399 1699
2398 1694
2397 1693
2521 1860
2501 1848
2497 1848
2498 1847
2402 1697
2398 1699
2399 1700
2399 1694
2522 1860
2496 1848
2400 1700
2400 1694
2399 1693
2523 1860
2495 1848
2496 1849
2401 1700
2401 1694
2400 1695
2399 1692
2523 1859
2495 1849
2495 1847
2402 1700
2402 1694
2399 1691
2524 1859
2523 1858
2495 1850
2495 1846
2403 1700
2402 1701
2403 1694
2402 1693
2399 1690
2525 1859
2522 1858
2523 1857
2495 1851
2494 1846
2495 1845
2402 1702
2404 1694
3528 3340
2399 1689
2526 1859
2525 1858
2522 1857
2523 1856
2494 1851
2493 1846
2496 1845
2403 1702
2401 1702
2404 1695
2667 2697
2666 2697
2527 1859
2526 1860
2522 1856
2493 1851
2493 1847
2493 1845
2497 1845
2496 1844
2404 1702
2401 1703
2405 1695
2663 2693
2665 2697
2527 1858
2521 1856
2522 1855
2492 1851
2492 1847
2492 1845
2493 1844
2497 1844
2496 1843
2405 1702
2400 1703
2406 1695
2663 2694
2527 1857
2520 1856
2492 1852
2491 1847
2493 1843
2498 1844
2495 1843
2406 1702
2405 1703
2407 1695
2406 1696
2664 2697
2527 1856
2520 1855
2492 1853
2494 1843
2492 1843
2499 1844
2408 1695
2406 1697
2662 2694
2528 1856
2493 1853
2492 1854
2492 1842
2499 1843
2406 1698
2663 2697
2660 2693
2528 1855
2493 1854
2491 1842
2492 1841
2500 1843
2407 1698
2406 1699
2662 2695
2662 2697
2529 1855
2528 1854
2494 1854
2493 1855
2490 1842
2491 1841
2501 1843
2500 1842
2408 1698
2405 1699
2406 1700
2660 2694
2662 2696
2660 2695
2530 1855
2528 1853
2489 1842
2490 1843
2490 1841
2501 1844
2501 1842
2500 1841
2409 1698
2661 2696
2660 2696
2659 2697
2660 2697
2531 1855
2530 1856
2528 1852
2490 1840
2501 1845
2502 1842
2410 1698
2660 2698
2661 2698
2661 2699
2532 1855
2530 1857
2529 1852
2489 1840
2501 1846
2411 1698
2410 1699
2661 2700
2666 2705
2661 2701
2531 1857
2530 1852
2488 1840
2489 1839
2500 1846
2410 1700
2666 2704
2662 2701
2666 2703
2667 2702
2532 1857
2531 1852
2530 1853
2487 1840
2488 1841
2409 1700
2410 1701
2663 2701
2666 2702
2664 2701
2665 2702
2664 2702
2531 1851
2486 1840
2408 1700
2409 1701
2664 2703
2664 2704
2663 2704
2663 2705
2662 2705
2532 1851
2531 1850
2486 1841
2408 1701
2409 1702
2661 2706
2665 2710
2662 2706
2532 1850
2486 1842
2409 1703
2663 2707
2664 2708
2665 2709
2533 1850
2532 1849
2662 2707
2664 2709
2662 2708
2663 2709
2534 1850
2532 1848
2662 2709
2662 2710
2196 1512
2196 1516
2535 1850
2533 1848
2532 1847
2197 1515
2173 1438
2185 1520
2192 1519
2196 1513
2536 1850
2535 1851
2531 1847
2532 1846
2196 1515
2185 1519
2192 1518
2170 1437
2185 1518
2536 1851
2536 1849
2531 1846
2532 1845
2195 1514
2159 1443
2186 1518
2181 1509
2160 1443
2537 1851
2531 1845
2193 1516
2194 1515
2193 1515
2183 1509
2161 1442
2169 1440
2538 1851
2537 1852
2531 1844
2161 1441
2169 1441
2162 1441
2167 1440
2191 1514
2185 1512
2167 1441
2538 1852
2537 1853
2530 1844
2531 1843
2188 1514
2166 1441
2164 1442
2166 1442
2165 1442
2539 1852
2537 1854
2532 1843
2189 1512
2188 1509
2187 1510
2536 1854
2537 1855
2533 1843
2188 1510
2166 1444
2168 1444
2536 1855
2537 1856
2534 1843
2191 1509
2166 1445
2165 1446
2190 1509
2538 1856
2537 1857
2535 1843
2534 1842
2190 1508
2167 1446
2166 1447
2191 1506
2167 1447
2192 1504
2539 1856
2536 1857
2536 1843
2534 1841
2168 1447
2188 1503
2191 1504
2515 2554
2169 1447
2539 1857
2536 1858
2536 1842
2535 1841
2533 1841
2534 1840
2169 1448
2190 1503
2191 1502
2169 1450
2171 1450
2190 1501
2540 1857
2532 1841
2170 1450
2190 1500
2170 1451
2190 1499
2541 1857
2531 1841
2170 1452
2184 1527
2187 1528
2186 1529
2541 1858
2541 1856
2150 1441
2174 1510
2175 1511
2175 1503
2542 1856
2179 1443
2177 1431
2149 1441
2150 1442
2173 1510
2188 1529
2543 1856
2542 1855
2184 1529
2176 1431
2177 1430
2200 1522
2544 1856
2543 1857
2542 1854
2189 1529
2183 1529
2175 1431
2175 1500
2177 1498
2545 1856
2542 1853
2202 1525
2148 1443
2170 1510
2171 1509
2172 1512
2147 1443
2169 1510
2546 1856
2545 1857
2545 1855
2543 1853
2542 1852
2171 1508
2171 1512
2172 1513
2170 1512
2171 1513
2547 1856
2546 1855
2545 1858
2544 1853
2543 1852
2542 1851
2180 1498
2180 1527
2177 1426
2176 1425
2144 1444
2146 1440
2168 1507
2548 1856
2546 1858
2544 1858
2543 1851
2541 1851
2178 1528
2178 1526
2177 1423
2549 1856
2546 1859
2544 1859
2544 1851
2541 1850
2176 1423
2177 1422
2143 1439
2165 1507
2166 1504
2547 1859
2546 1860
2540 1850
2142 1448
2142 1440
2142 1438
2181 1424
2180 1425
2548 1859
2540 1849
2165 1503
2166 1502
2140 1438
2139 1448
2549 1859
2540 1848
2139 1438
2173 1423
3572 3309
2550 1859
2549 1860
2549 1858
2540 1847
2211 1530
2138 1447
2139 1436
2550 1858
2549 1861
2541 1847
2540 1846
2172 1526
2142 1434
2550 1861
2549 1862
2542 1847
2543 1828
2551 1861
2549 1863
2543 1847
2542 1848
2549 1834
2536 1837
2552 1861
2550 1863
2544 1847
2542 1849
2545 1826
2546 1825
2547 1824
2552 1860
2551 1863
2545 1847
2543 1849
2529 1840
2546 1818
2523 1847
2553 1860
2551 1864
2546 1847
2549 1818
2549 1833
2536 1836
2521 1842
2551 1865
2547 1847
2546 1848
2546 1846
2522 1843
2520 1846
2539 1826
2552 1823
2551 1822
2550 1865
2546 1849
2548 1833
2549 1832
2535 1836
2536 1835
2549 1865
2545 1849
2546 1850
2550 1825
2525 1838
2519 1844
2515 1846
2515 1844
2542 1828
2549 1866
2547 1850
2550 1832
2549 1831
2534 1836
2549 1867
2548 1850
2536 1834
2545 1825
2547 1823
2550 1867
2548 1867
2549 1868
2548 1849
2528 1840
2529 1841
2543 1819
2544 1820
2549 1817
2551 1867
2549 1869
2549 1849
2549 1830
2533 1836
2521 1841
2551 1821
2552 1867
2549 1870
2550 1849
2550 1826
2402 1692
2403 1692
2402 1691
2404 1692
2402 1690
2405 1692
2405 1691
2405 1690
2406 1690
2404 1690
2407 1690
2406 1689
2408 1690
2407 1691
2406 1688
2409 1690
2408 1689
2407 1692
2406 1687
2409 1691
2409 1689
2405 1687
2409 1688
2404 1687
2405 1686
2410 1688
2409 1687
2404 1688
2405 1685
2411 1688
2408 1687
2409 1686
2406 1685
2404 1685
2411 1689
2411 1687
2408 1686
2409 1685
2403 1685
2412 1689
2409 1684
2402 1685
2413 1689
2401 1685
2402 1684
2413 1690
2400 1685
2401 1686
2401 1684
2414 1690
2413 1691
2401 1687
2401 1683
2415 1690
2414 1691
2413 1692
2400 1687
2401 1682
2416 1690
2415 1689
2399 1687
2400 1688
2401 1681
2417 1690
2416 1691
2398 1687
2402 1681
2400 1681
2417 1689
2416 1692
2397 1687
2398 1688
2402 1680
2400 1680
2417 1688
2416 1693
2397 1688
2397 1686
2402 1679
2399 1680
2400 1679
2417 1693
2415 1693
2396 1688
2398 1680
2400 1678
2417 1694
2396 1689
2397 1680
2417 1695
2395 1689
2397 1679
2417 1696
2394 1689
2396 1679
2397 1678
2418 1696
2416 1696
2417 1697
2394 1690
2394 1688
2396 1678
2419 1696
2415 1696
2417 1698
2393 1690
2394 1687
2419 1697
2414 1696
2418 1698
2395 1687
2393 1687
2394 1686
2420 1697
2419 1698
2418 1699
2393 1686
2421 1697
2420 1698
2418 1700
2392 1686
2422 1697
2421 1696
2419 1700
2391 1686
2423 1697
2421 1695
2419 1701
2390 1686
2391 1687
2391 1685
2424 1697
2423 1696
2419 1702
2390 1685
2425 1697
2424 1698
2420 1702
2419 1703
2390 1684
2426 1697
2425 1698
2424 1699
2421 1702
2420 1703
2418 1703
2389 1684
2427 1697
2424 1700
2421 1701
2417 1703
2388 1684
2427 1696
2424 1701
2421 1700
2417 1704
2417 1702
2387 1684
2388 1683
2427 1695
2386 1684
2388 1682
2428 1695
2426 1695
2385 1684
2389 1682
2387 1682
2429 1695
2428 1694
2426 1694
2389 1681
2387 1681
2430 1695
2390 1681
2389 1680
2387 1680
2431 1695
2391 1681
2389 1679
2431 1694
2390 1679
2388 1679
2432 1694
2390 1678
2432 1693
2433 1693
2432 1692
2434 1693
2433 1692
2431 1692
2435 1693
2430 1692
2431 1691
2435 1692
2429 1692
2430 1693
2431 1690
2436 1692
2435 1691
2429 1693
2429 1691
2431 1689
2437 1692
2435 1690
2432 1689
2431 1688
2438 1692
2437 1693
2436 1690
2433 1689
2430 1688
2431 1687
2437 1694
2429 1688
2432 1687
2429 1689
2429 1687
2432 1686
2428 1689
2428 1687
2429 1686
2433 1686
2432 1685
2427 1689
2428 1686
2429 1685
2432 1684
2426 1689
2427 1690
2427 1686
2428 1685
2433 1684
2425 1689
2427 1685
2434 1684
2427 1684
2435 1684
2426 1684
2436 1684
2435 1685
2426 1683
2437 1684
2436 1683
2435 1686
2425 1683
2437 1685
2436 1682
2437 1682
2438 1682
2439 1682
2440 1682
2439 1681
2441 1682
2439 1680
2442 1682
2438 1680
2443 1682
2438 1679
2444 1682
2438 1678
2444 1683
2444 1681
2439 1678
2437 1678
2445 1683
2444 1680
2439 1677
2436 1678
2446 1683
2445 1680
2443 1680
2440 1677
2435 1678
2447 1683
2446 1682
2442 1680
2443 1679
2440 1676
2435 1679
2448 1683
2441 1680
2443 1678
2441 1676
2434 1679
2449 1683
2448 1684
2441 1675
2449 1684
2448 1685
2442 1675
2450 1684
2447 1685
2443 1675
2451 1684
2450 1685
2444 1675
2443 1674
2452 1684
2451 1685
2444 1674
2453 1684
2445 1674
2444 1673
2454 1684
2453 1685
2453 1683
2446 1674
2445 1673
2444 1672
2453 1686
2453 1682
2446 1673
2445 1672
2443 1672
2453 1687
2453 1681
2446 1672
2442 1672
2452 1687
2453 1688
2454 1681
2453 1680
2441 1672
2442 1671
2452 1688
2453 1689
2455 1681
2452 1680
2441 1673
2442 1670
2451 1688
2452 1689
2453 1690
2456 1681
2440 1673
2441 1670
2442 1669
2450 1688
2453 1691
2456 1682
2456 1680
2440 1674
2443 1669
2453 1692
2456 1683
2456 1679
2439 1674
2444 1669
2443 1668
2453 1693
2456 1684
2457 1679
2456 1678
2438 1674
2444 1668
2443 1667
2453 1694
2456 1685
2456 1677
2438 1673
2443 1666
2452 1694
2453 1695
2455 1685
2457 1677
2437 1673
2444 1666
2442 1666
2451 1694
2452 1695
2454 1695
2453 1696
2457 1676
2437 1672
2445 1666
2444 1665
2441 1666
2450 1694
2452 1696
2455 1695
2453 1697
2458 1676
2457 1675
2437 1671
2446 1666
2441 1665
2451 1696
2456 1695
2455 1696
2455 1694
2453 1698
2459 1676
2457 1674
2438 1671
2436 1671
2447 1666
2441 1664
2451 1697
2457 1695
2456 1674
2448 1666
2447 1667
2447 1665
2442 1664
2440 1664
2441 1663
2450 1697
2451 1698
2458 1695
2457 1694
2455 1674
2456 1673
2449 1666
2439 1664
2440 1663
2441 1662
2450 1698
2451 1699
2458 1696
2457 1693
2456 1672
2449 1667
2449 1665
2438 1664
2442 1662
2441 1661
2449 1698
2451 1700
2459 1696
2458 1693
2456 1693
2457 1672
2455 1672
2456 1671
2450 1667
2449 1668
2449 1664
2438 1663
2442 1661
2441 1660
2448 1698
2450 1700
2451 1701
2460 1696
2459 1693
2458 1692
2458 1672
2454 1672
2451 1667
2449 1669
2438 1662
2441 1659
2447 1698
2450 1701
2452 1701
2460 1697
2460 1693
2459 1672
2458 1673
2453 1672
2454 1671
2449 1670
2438 1661
2442 1659
2446 1698
2449 1701
2461 1697
2461 1693
2460 1692
2460 1672
2452 1672
2454 1670
2449 1671
2437 1661
2438 1660
2443 1659
2442 1658
2445 1698
2462 1697
2461 1698
2460 1691
2451 1672
2452 1673
2448 1671
2436 1661
2437 1660
2438 1659
2442 1657
2444 1698
2462 1696
2460 1690
2450 1672
2451 1671
2452 1674
2448 1672
2436 1662
2436 1660
2437 1659
2441 1657
2442 1656
2444 1699
2463 1696
2460 1689
2451 1670
2451 1674
2435 1660
2436 1659
2444 1700
2464 1696
2452 1670
2451 1669
2451 1675
2434 1660
2444 1701
2464 1697
2450 1675
2433 1660
2464 1698
2449 1675
2450 1676
2433 1659
2465 1698
2463 1698
2449 1676
2433 1658
2466 1698
2465 1699
2463 1699
2449 1677
2434 1658
2433 1657
2466 1697
2448 1677
2435 1658
2433 1656
2467 1697
2447 1677
2435 1657
2432 1656
2433 1655
2468 1697
2467 1696
2446 1677
2447 1678
2436 1657
2431 1656
2468 1698
2468 1696
2445 1677
2446 1678
2430 1656
2468 1699
2468 1695
2430 1657
2467 1699
2468 1700
2469 1695
2468 1694
2429 1657
2467 1700
2469 1700
2468 1701
2470 1695
2468 1693
2428 1657
2467 1701
2470 1700
2468 1702
2471 1695
2470 1696
2469 1693
2467 1693
2428 1658
2471 1700
2469 1702
2470 1697
2466 1693
2428 1659
2471 1701
2427 1659
2471 1702
2426 1659
2471 1703
2425 1659
2472 1703
2470 1703
2471 1704
2424 1659
2473 1703
2471 1705
2424 1660
2424 1658
2474 1703
2473 1704
2471 1706
2424 1661
2423 1658
2424 1657
2474 1702
2473 1705
2423 1661
2422 1658
2423 1657
2425 1657
2424 1656
2475 1702
2422 1661
2423 1656
2476 1702
2475 1701
2421 1661
2422 1656
2423 1655
2477 1702
2476 1703
2476 1701
2475 1700
2420 1661
2423 1654
2476 1700
2474 1700
2419 1661
2424 1654
2423 1653
2474 1699
2419 1662
2419 1660
2423 1652
2474 1698
2419 1663
2424 1652
2422 1652
2423 1651
2475 1698
2420 1663
2425 1652
2424 1651
2421 1652
2475 1697
2420 1664
2425 1651
2421 1651
2476 1697
2420 1665
2426 1651
2421 1650
2477 1697
2421 1665
2419 1665
2427 1651
2422 1650
2421 1649
2478 1697
2422 1665
2418 1665
2422 1649
2478 1696
2423 1665
2417 1665
2422 1648
2479 1696
2423 1666
2423 1664
2417 1664
2423 1648
2422 1647
2480 1696
2423 1667
2423 1663
2416 1664
2422 1646
2481 1696
2424 1667
2423 1668
2422 1663
2415 1664
2416 1663
2423 1646
2422 1645
2482 1696
2481 1695
2425 1667
2422 1668
2414 1664
2415 1665
2416 1662
2424 1646
2421 1645
2482 1697
2481 1694
2425 1668
2421 1668
2417 1662
2415 1662
2425 1646
2420 1645
2421 1644
2482 1698
2481 1693
2426 1668
2420 1668
2414 1662
2415 1661
2420 1646
2421 1643
2483 1698
2481 1692
2427 1668
2419 1668
2413 1662
2415 1660
2420 1647
2421 1642
2484 1698
2483 1699
2480 1692
2428 1668
2427 1667
2418 1668
2419 1669
2414 1660
2419 1647
2420 1648
2421 1641
2484 1697
2483 1700
2480 1691
2428 1667
2427 1666
2417 1668
2419 1670
2414 1659
2419 1648
2422 1641
2420 1641
2484 1696
2482 1700
2483 1701
2479 1691
2480 1690
2417 1667
2418 1670
2419 1671
2414 1658
2418 1648
2423 1641
2422 1640
2420 1640
2484 1695
2484 1701
2483 1702
2478 1691
2479 1690
2417 1670
2419 1672
2415 1658
2418 1649
2424 1641
2422 1639
2419 1640
2484 1694
2485 1701
2482 1702
2477 1691
2478 1692
2479 1689
2417 1671
2416 1658
2417 1649
2425 1641
2423 1639
2422 1638
2418 1640
2419 1639
2484 1693
2481 1702
2482 1703
2477 1690
2478 1693
2478 1689
2417 1658
2416 1659
2416 1657
2416 1649
2425 1642
2425 1640
2424 1639
2423 1638
2421 1638
2417 1640
2418 1639
2484 1692
2478 1688
2415 1649
2425 1643
2421 1637
2416 1640
2418 1638
2485 1692
2484 1691
2477 1688
2414 1649
2426 1643
2420 1637
2421 1636
2417 1638
2486 1692
2483 1691
2476 1688
2477 1687
2413 1649
2414 1650
2427 1643
2420 1636
2421 1635
2487 1692
2486 1693
2482 1691
2483 1690
2475 1688
2412 1649
2428 1643
2427 1644
2422 1635
2421 1634
2488 1692
2482 1690
2475 1689
2429 1643
2427 1645
2420 1634
2421 1633
2489 1692
2474 1689
2429 1644
2429 1642
2420 1633
2490 1692
2473 1689
2430 1642
2429 1641
2419 1633
2420 1632
2491 1692
2472 1689
2473 1688
2431 1642
2429 1640
2419 1632
2420 1631
2491 1693
2471 1689
2472 1688
2431 1643
2428 1640
2429 1639
2418 1632
2421 1631
2492 1693
2471 1690
2472 1687
2432 1643
2428 1639
2417 1632
2418 1631
2421 1630
2493 1693
2471 1691
2472 1686
2433 1643
2427 1639
2428 1638
2416 1632
2418 1630
2493 1694
2471 1692
2473 1686
2472 1685
2434 1643
2426 1639
2428 1637
2416 1633
2416 1631
2418 1629
2494 1694
2493 1695
2474 1686
2473 1685
2471 1685
2435 1643
2434 1644
2428 1636
2415 1631
2418 1628
2495 1694
2492 1695
2474 1687
2474 1685
2470 1685
2435 1642
2434 1645
2429 1636
2414 1631
2419 1628
2417 1628
2496 1694
2492 1696
2475 1685
2474 1684
2469 1685
2470 1686
2470 1684
2435 1641
2435 1645
2433 1645
2429 1635
2420 1628
2417 1627
2497 1694
2476 1685
2468 1685
2470 1683
2435 1640
2435 1646
2432 1645
2433 1646
2430 1635
2429 1634
2421 1628
2420 1627
2417 1626
2497 1695
2497 1693
2476 1684
2470 1682
2434 1640
2435 1639
2435 1647
2431 1635
2421 1627
2416 1626
2498 1695
2497 1696
2497 1692
2469 1682
2433 1640
2435 1638
2436 1647
2434 1647
2432 1635
2431 1634
2415 1626
2498 1696
2496 1696
2497 1691
2468 1682
2433 1641
2435 1637
2437 1647
2436 1648
2434 1648
2433 1635
2414 1626
2415 1625
2499 1696
2496 1697
2498 1691
2496 1691
2468 1681
2436 1637
2434 1637
2438 1647
2434 1649
2434 1635
2413 1626
2415 1624
2500 1696
2499 1697
2496 1698
2495 1691
2496 1690
2468 1680
2437 1637
2436 1636
2433 1637
2438 1648
2438 1646
2434 1650
2416 1624
2415 1623
2500 1697
2500 1695
2495 1698
2496 1689
2469 1680
2468 1679
2432 1637
2434 1651
2416 1623
2414 1623
2501 1697
2494 1698
2496 1688
2470 1680
2467 1679
2435 1651
2417 1623
2413 1623
2502 1697
2501 1698
2494 1699
2497 1688
2496 1687
2471 1680
2470 1679
2466 1679
2436 1651
2418 1623
2412 1623
2413 1622
2501 1699
2494 1700
2496 1686
2471 1681
2470 1678
2419 1623
2418 1622
2411 1623
2501 1700
2493 1700
2494 1701
2497 1686
2495 1686
2496 1685
2472 1681
2469 1678
2418 1621
2410 1623
2501 1701
2492 1700
2493 1701
2494 1702
2498 1686
2417 1621
2410 1624
2410 1622
2502 1701
2501 1702
2491 1700
2495 1702
2499 1686
2498 1685
2410 1625
2409 1622
2410 1621
2500 1702
2501 1703
2490 1700
2491 1699
2496 1702
2495 1703
2500 1686
2499 1685
2498 1684
2411 1625
2410 1626
2408 1622
2411 1621
2502 1703
2490 1701
2497 1702
2496 1703
2500 1685
2499 1684
2497 1684
2412 1625
2411 1626
2409 1626
2407 1622
2408 1623
2408 1621
2411 1620
2502 1704
2490 1702
2497 1703
2501 1685
2500 1684
2408 1626
2406 1622
2407 1623
2408 1624
2411 1619
2502 1705
2490 1703
2497 1704
2502 1685
2406 1623
2406 1621
2407 1624
2411 1618
2502 1706
2491 1703
2489 1703
2502 1684
2406 1624
2406 1620
2407 1625
2411 1617
2503 1706
2502 1707
2492 1703
2489 1704
2503 1684
2406 1625
2407 1620
2412 1617
2410 1617
2501 1707
2492 1702
2503 1683
2407 1619
2412 1616
2501 1708
2503 1682
2408 1619
2407 1618
2413 1616
2412 1615
2501 1709
2503 1681
2412 1614
2502 1709
2500 1709
2501 1710
2503 1680
2413 1614
2411 1614
2503 1709
2500 1710
2504 1680
2502 1680
2414 1614
2410 1614
2503 1710
2499 1710
2505 1680
2502 1679
2414 1615
2410 1613
2498 1710
2499 1711
2506 1680
2502 1678
2410 1612
2497 1710
2498 1709
2499 1712
2507 1680
2506 1681
2506 1679
2503 1678
2501 1678
2502 1677
2409 1612
2410 1611
2496 1710
2500 1712
2499 1713
2508 1680
2506 1682
2506 1678
2504 1678
2503 1677
2500 1678
2409 1611
2411 1611
2410 1610
2496 1709
2500 1713
2499 1714
2508 1681
2508 1679
2507 1678
2505 1678
2506 1677
2503 1676
2500 1679
2408 1611
2409 1610
2412 1611
2410 1609
2496 1708
2498 1714
2508 1682
2509 1679
2507 1677
2505 1677
2503 1675
2407 1611
2412 1610
2410 1608
2496 1707
2497 1714
2509 1682
2510 1679
2502 1675
2503 1674
2406 1611
2407 1612
2412 1609
2410 1607
2496 1706
2497 1715
2497 1713
2511 1679
2510 1678
2501 1675
2502 1674
2503 1673
2406 1612
2413 1609
2409 1607
2410 1606
2496 1715
2497 1716
2512 1679
2511 1680
2500 1675
2504 1673
2406 1613
2413 1608
2408 1607
2410 1605
2495 1715
2497 1717
2513 1679
2512 1680
2500 1674
2505 1673
2504 1672
2406 1614
2413 1607
2407 1607
2411 1605
2410 1604
2494 1715
2496 1717
2514 1679
2513 1678
2512 1681
2499 1674
2500 1673
2505 1674
2505 1672
2405 1614
2406 1615
2414 1607
2412 1607
2406 1607
2410 1603
2493 1715
2494 1714
2495 1717
2496 1718
2515 1679
2513 1677
2512 1682
2498 1674
2501 1673
2500 1672
2506 1674
2404 1614
2405 1615
2406 1616
2406 1608
2411 1603
2493 1714
2494 1713
2496 1719
2516 1679
2511 1682
2512 1683
2497 1674
2498 1675
2500 1671
2403 1614
2407 1616
2405 1608
2406 1609
2411 1602
2492 1714
2517 1679
2516 1680
2516 1678
2513 1683
2497 1673
2501 1671
2402 1614
2408 1616
2405 1609
2411 1601
2491 1714
2518 1679
2516 1681
2514 1683
2497 1672
2501 1670
2402 1615
2408 1617
2408 1615
2404 1609
2405 1610
2410 1601
2411 1600
2491 1715
2519 1679
2517 1681
2515 1681
2515 1683
2498 1672
2401 1615
2402 1616
2408 1614
2409 1601
2410 1600
2412 1600
2411 1599
2490 1715
2520 1679
2518 1681
2515 1684
2400 1615
2409 1602
2409 1600
2413 1600
2412 1599
2411 1598
2490 1716
2520 1678
2519 1681
2515 1685
2399 1615
2408 1602
2409 1599
2414 1600
2412 1598
2411 1597
2489 1716
2520 1677
2516 1685
2514 1685
2398 1615
2399 1614
2411 1596
2488 1716
2489 1717
2520 1676
2514 1686
2397 1615
2398 1616
2398 1614
2410 1596
2487 1716
2489 1718
2520 1675
2514 1687
2397 1616
2397 1614
2398 1617
2410 1595
2487 1717
2488 1718
2521 1675
2520 1674
2513 1687
2514 1688
2397 1613
2410 1594
2486 1717
2522 1675
2519 1674
2520 1673
2512 1687
2515 1688
2514 1689
2397 1612
2411 1594
2409 1594
2485 1717
2486 1718
2523 1675
2518 1674
2521 1673
2511 1687
2516 1688
2397 1611
2412 1594
2408 1594
2409 1593
2484 1717
2485 1716
2486 1719
2524 1675
2518 1675
2518 1673
2522 1673
2516 1687
2413 1594
2412 1593
2407 1594
2485 1715
2487 1719
2486 1720
2525 1675
2518 1672
2523 1673
2414 1594
2413 1595
2412 1592
2407 1595
2486 1715
2484 1715
2487 1720
2485 1720
2526 1675
2525 1676
2525 1674
2517 1672
2524 1673
2414 1593
2486 1714
2488 1720
2484 1720
2527 1675
2526 1676
2525 1673
2415 1593
2414 1592
2488 1721
2483 1720
2484 1721
2528 1675
2525 1672
2416 1593
2488 1722
2483 1719
2529 1675
2528 1676
2525 1671
2417 1593
2488 1723
2482 1719
2530 1675
2529 1676
2529 1674
2528 1677
2526 1671
2524 1671
2418 1593
2487 1723
2488 1724
2481 1719
2531 1675
2529 1677
2527 1677
2527 1671
2523 1671
2419 1593
2418 1592
2486 1723
2489 1724
2488 1725
2527 1672
2522 1671
2420 1593
2418 1591
2485 1723
2486 1724
2490 1724
2488 1726
2528 1672
2522 1670
2420 1594
2418 1590
2491 1724
2489 1726
2487 1726
2529 1672
2522 1669
2419 1590
2418 1589
2492 1724
2491 1725
2486 1726
2530 1672
2529 1671
2522 1668
2417 1589
2418 1588
2493 1724
2486 1727
2529 1670
2523 1668
2416 1589
2417 1588
2493 1725
2493 1723
2485 1727
2486 1728
2524 1668
2416 1590
2416 1588
2417 1587
2493 1726
2494 1723
2493 1722
2484 1727
2486 1729
2525 1668
2415 1590
2416 1587
2417 1586
2494 1726
2492 1726
2495 1723
2493 1721
2483 1727
2484 1726
2485 1729
2486 1730
2526 1668
2414 1590
2415 1587
2418 1586
2492 1727
2496 1723
2483 1728
2484 1729
2486 1731
2527 1668
2526 1667
2414 1589
2414 1587
2415 1586
2419 1586
2497 1723
2482 1728
2487 1731
2485 1731
2486 1732
2527 1667
2526 1666
2413 1589
2415 1585
2420 1586
2497 1724
2497 1722
2482 1729
2488 1731
2485 1732
2528 1667
2412 1589
2415 1584
2421 1586
2420 1587
2420 1585
2498 1724
2497 1725
2497 1721
2482 1730
2488 1730
2484 1732
2529 1667
2412 1590
2415 1583
2422 1586
2420 1584
2499 1724
2498 1725
2497 1726
2498 1721
2482 1731
2489 1730
2529 1668
2529 1666
2411 1590
2416 1583
2423 1586
2422 1587
2420 1583
2499 1725
2481 1731
2490 1730
2529 1665
2410 1590
2417 1583
2424 1586
2421 1583
2500 1725
2499 1726
2481 1732
2491 1730
2530 1665
2409 1590
2410 1589
2417 1582
2425 1586
2421 1582
2500 1726
2481 1733
2492 1730
2531 1665
2530 1664
2409 1591
2409 1589
2418 1582
2425 1585
2421 1581
2480 1733
2492 1731
2531 1666
2409 1588
2418 1581
2426 1585
2479 1733
2480 1734
2492 1732
2531 1667
2408 1588
2418 1580
2427 1585
2478 1733
2479 1734
2480 1735
2493 1732
2492 1733
2531 1668
2407 1588
2419 1580
2418 1579
2428 1585
2427 1586
2427 1584
2477 1733
2480 1736
2494 1732
2492 1734
2531 1669
2407 1589
2420 1580
2419 1579
2427 1587
2476 1733
2481 1736
2479 1736
2495 1732
2494 1733
2491 1734
2532 1669
2531 1670
2406 1589
2420 1579
2419 1578
2475 1733
2482 1736
2478 1736
2491 1735
2533 1669
2421 1579
2419 1577
2474 1733
2475 1732
2490 1735
2491 1736
2534 1669
2533 1670
2421 1578
2420 1577
2419 1576
2474 1734
2490 1736
2492 1736
2491 1737
2535 1669
2534 1670
2422 1578
2421 1577
2418 1576
2419 1575
2474 1735
2493 1736
2492 1737
2491 1738
2535 1670
2423 1578
2417 1576
2418 1575
2419 1574
2473 1735
2491 1739
2535 1671
2424 1578
2416 1576
2418 1574
2472 1735
2492 1739
2490 1739
2535 1672
2425 1578
2424 1577
2415 1576
2416 1577
2416 1575
2471 1735
2472 1734
2493 1739
2492 1740
2490 1740
2535 1673
2426 1578
2414 1576
2416 1578
2472 1733
2492 1741
2536 1673
2535 1674
2427 1578
2413 1576
2414 1575
2471 1733
2492 1742
2537 1673
2535 1675
2427 1577
2412 1576
2470 1733
2492 1743
2538 1673
2535 1676
2427 1576
2411 1576
2412 1577
2469 1733
2493 1743
2539 1673
2535 1677
2428 1576
2426 1576
2411 1577
2411 1575
2469 1732
2494 1743
2539 1672
2534 1677
2429 1576
2428 1575
2426 1575
2410 1577
2410 1575
2468 1732
2495 1743
2494 1744
2539 1671
2533 1677
2429 1577
2429 1575
2425 1575
2426 1574
2409 1577
2410 1578
2467 1732
2496 1743
2495 1744
2494 1745
2539 1670
2533 1678
2429 1578
2429 1574
2408 1577
2410 1579
2466 1732
2495 1745
2494 1746
2540 1670
2539 1669
2532 1678
2429 1579
2429 1573
2407 1577
2408 1576
2465 1732
2496 1745
2493 1746
2541 1670
2538 1669
2531 1678
2430 1579
2430 1573
2429 1572
2406 1577
2407 1576
2408 1575
2465 1733
2497 1745
2492 1746
2538 1668
2530 1678
2531 1677
2431 1579
2431 1573
2428 1572
2408 1574
2464 1733
2465 1734
2492 1747
2492 1745
2537 1668
2538 1667
2530 1679
2431 1580
2431 1578
2431 1572
2409 1574
2465 1735
2492 1748
2491 1745
2537 1667
2538 1666
2529 1679
2432 1578
2431 1577
2432 1572
2409 1573
2464 1735
2493 1748
2492 1749
2490 1745
2491 1744
2536 1667
2539 1666
2528 1679
2529 1680
2433 1578
2409 1572
2463 1735
2494 1748
2493 1749
2489 1745
2539 1665
2529 1681
2433 1577
2409 1571
2463 1736
2493 1750
2488 1745
2489 1744
2540 1665
2530 1681
3452 3288
2410 1571
2408 1571
2409 1570
2462 1736
2463 1737
2493 1751
2488 1746
2489 1743
2541 1665
2540 1664
2530 1682
2408 1570
2409 1569
2461 1736
2464 1737
2494 1751
2492 1751
2488 1743
2541 1666
2540 1663
2530 1683
2407 1570
2409 1568
2460 1736
2465 1737
2464 1738
2494 1752
2491 1751
2487 1743
2542 1666
2539 1663
2540 1662
2406 1570
2407 1569
2409 1567
2459 1736
2466 1737
2465 1738
2495 1752
2491 1752
2486 1743
2543 1666
2542 1667
2538 1663
2539 1662
2541 1662
2540 1661
2405 1570
2406 1571
2407 1568
2409 1566
2458 1736
2467 1737
2466 1736
2465 1739
2496 1752
2491 1753
2485 1743
2544 1666
2543 1665
2537 1663
2542 1662
2541 1661
2540 1660
2405 1571
2406 1568
2407 1567
2410 1566
2458 1737
2458 1735
2468 1737
2465 1740
2497 1752
2496 1753
2496 1751
2490 1753
2485 1742
2544 1667
2543 1664
2537 1664
2537 1662
2543 1662
2539 1660
2540 1659
2405 1572
2407 1566
2411 1566
2410 1565
2458 1738
2458 1734
2466 1740
2465 1741
2498 1752
2497 1751
2489 1753
2490 1754
2485 1741
2544 1664
2543 1663
2536 1662
2543 1661
2404 1572
2405 1573
2407 1565
2411 1565
2457 1738
2457 1734
2458 1733
2467 1740
2466 1741
2499 1752
2497 1750
2490 1755
2485 1740
2543 1660
2403 1572
2407 1564
2456 1738
2458 1732
2467 1739
2466 1742
2499 1751
2489 1755
2490 1756
2543 1659
2403 1573
2408 1564
2455 1738
2456 1737
2458 1731
2467 1742
2466 1743
2500 1751
2489 1756
2491 1756
2544 1659
2543 1658
2409 1564
2408 1563
2454 1738
2455 1737
2457 1731
2458 1730
2465 1743
2466 1744
2501 1751
2488 1756
2489 1757
2545 1659
2542 1658
2543 1657
2408 1562
2453 1738
2454 1739
2454 1737
2456 1731
2465 1744
2467 1744
2502 1751
2501 1752
2489 1758
2546 1659
2544 1657
2543 1656
2408 1561
2452 1738
2454 1736
2456 1730
2467 1745
2503 1751
2501 1753
2488 1758
2546 1658
2542 1656
2408 1560
2452 1737
2454 1735
2456 1729
2503 1750
2502 1753
2142 2475
2488 1759
2546 1657
2409 1560
2407 1560
2451 1737
2456 1728
2504 1750
2488 1760
2547 1657
2410 1560
2406 1560
2407 1559
2450 1737
2457 1728
2455 1728
2505 1750
2487 1760
2548 1657
2411 1560
2410 1561
2405 1560
2407 1558
2450 1738
2506 1750
2505 1749
2487 1761
2548 1658
2548 1656
2412 1560
2411 1561
2404 1560
2407 1557
2507 1750
2505 1748
2487 1762
2549 1656
2412 1561
2412 1559
2404 1561
2407 1556
2508 1750
2507 1751
2488 1762
2487 1763
2550 1656
2549 1655
2413 1559
2412 1558
2404 1562
2406 1556
2508 1751
2507 1752
2486 1763
2487 1764
2551 1656
2550 1657
2550 1655
2549 1654
2414 1559
2413 1558
2412 1557
2405 1556
2509 1751
2508 1752
2507 1753
2485 1763
2486 1764
2550 1658
2549 1653
2414 1558
2412 1556
2404 1556
2510 1751
2509 1752
2484 1763
2485 1764
2551 1658
2550 1659
2550 1653
2549 1652
2413 1556
2411 1556
2412 1555
2404 1557
2510 1750
2509 1753
2483 1763
2485 1765
2551 1659
2550 1660
2548 1652
2549 1651
2410 1556
2403 1557
2511 1750
2510 1753
2483 1764
2485 1766
2550 1661
2550 1651
2549 1650
2410 1557
2410 1555
2402 1557
2512 1750
2511 1749
2511 1753
2510 1754
2482 1764
2483 1765
2486 1766
2485 1767
2551 1661
2549 1661
2550 1650
2549 1649
2410 1558
2410 1554
2402 1558
2511 1748
2483 1766
2484 1767
2549 1662
2550 1649
2549 1648
2409 1554
2401 1558
2511 1747
2483 1767
2484 1768
2548 1662
2548 1648
2549 1647
2408 1554
2400 1558
2510 1747
2511 1746
2484 1769
2550 1647
2549 1646
2408 1553
2400 1559
2400 1557
2510 1746
2511 1745
2483 1769
2550 1646
2548 1646
2407 1553
2400 1560
2509 1746
2512 1745
2482 1769
2550 1645
2547 1646
2548 1645
2406 1553
2399 1560
2509 1745
2512 1744
2481 1769
2551 1645
2546 1646
2547 1645
2406 1552
2399 1561
2509 1744
2512 1743
2480 1769
2481 1770
2552 1645
2545 1646
2405 1552
2510 1744
2509 1743
2513 1743
2512 1742
2480 1770
2480 1768
2481 1771
2552 1646
2544 1646
2405 1551
2509 1742
3180 2639
2512 1741
2479 1770
2479 1768
2553 1646
2544 1647
2404 1551
2405 1550
2509 1741
2513 1741
2479 1771
2478 1768
2479 1767
2554 1646
2403 1551
2406 1550
2405 1549
2509 1740
2514 1741
2513 1740
2479 1772
2478 1769
2478 1767
2555 1646
2554 1645
2402 1551
2403 1550
2407 1550
2405 1548
2509 1739
2515 1741
2478 1772
2479 1773
2477 1769
2477 1767
2556 1646
2555 1647
2555 1645
2554 1644
2402 1550
2403 1549
2408 1550
2405 1547
2509 1738
2516 1741
2515 1740
2478 1773
2480 1773
2476 1769
2477 1766
2557 1646
2555 1644
2401 1550
2409 1550
2404 1547
2405 1546
2508 1738
2516 1742
2516 1740
2478 1774
2480 1774
2475 1769
2477 1765
2557 1647
2556 1644
2555 1643
2410 1550
2409 1551
2404 1546
2507 1738
2517 1742
2477 1774
2480 1775
2475 1768
2557 1648
2555 1642
2410 1549
2409 1552
2506 1738
2507 1737
2518 1742
2476 1774
2479 1775
2480 1776
2474 1768
2556 1642
2411 1549
2506 1739
2507 1736
2518 1743
2479 1776
2481 1776
2473 1768
2557 1642
2556 1641
2411 1548
2505 1739
2506 1740
2508 1736
2519 1743
2518 1744
2482 1776
2481 1777
2473 1769
2557 1641
2556 1640
2412 1548
2411 1547
2505 1740
2509 1736
2519 1744
2518 1745
2483 1776
2481 1778
2472 1769
2473 1770
2558 1641
2557 1640
2556 1639
2411 1546
2504 1740
2510 1736
2519 1745
2517 1745
2484 1776
2482 1778
2480 1778
2471 1769
2557 1639
2556 1638
2411 1545
2503 1740
2510 1735
2520 1745
2517 1746
2483 1778
2482 1779
2479 1778
2480 1779
2471 1770
2555 1638
2556 1637
2411 1544
2503 1741
2521 1745
2520 1746
2517 1747
2484 1778
2482 1780
2478 1778
2479 1779
2470 1770
2471 1771
2554 1638
2557 1637
2556 1636
2412 1544
2410 1544
2502 1741
2503 1742
2522 1745
2521 1744
2518 1747
2516 1747
2482 1781
2472 1771
2471 1772
2554 1637
2557 1636
2413 1544
2409 1544
2501 1741
2502 1742
2504 1742
2503 1743
2522 1744
2518 1748
2483 1781
2481 1781
2472 1772
2470 1772
2471 1773
2558 1636
2413 1545
2413 1543
2408 1544
2500 1741
2501 1742
2505 1742
2503 1744
2523 1744
2519 1748
2518 1749
2484 1781
2471 1774
2559 1636
2558 1635
2413 1546
2413 1542
2408 1545
2408 1543
2506 1742
2519 1749
2518 1750
2472 1774
2470 1774
2471 1775
2560 1636
2559 1637
2558 1634
2414 1546
2413 1541
2407 1543
2506 1743
2517 1750
2518 1751
2470 1775
2561 1636
2560 1637
2560 1635
2559 1638
2557 1634
2415 1546
2414 1541
2412 1541
2413 1540
2407 1542
2518 1752
2469 1775
2560 1634
2559 1639
2556 1634
2557 1633
2415 1547
2415 1541
2413 1539
2406 1542
2407 1541
2518 1753
2468 1775
2469 1776
2560 1633
2559 1640
2556 1633
2416 1547
2415 1542
2414 1539
2412 1539
2405 1542
2406 1541
2519 1753
2468 1774
2469 1777
2559 1633
2560 1632
2560 1640
2417 1547
2416 1548
2416 1542
2414 1538
2411 1539
2405 1543
2406 1540
2519 1754
2467 1774
2468 1773
2469 1778
2559 1632
2560 1641
2418 1547
2416 1549
2415 1538
2411 1538
2404 1543
2405 1540
2520 1754
2519 1755
2468 1772
2470 1778
2468 1778
2559 1631
2561 1641
2560 1642
2418 1546
2415 1549
2416 1538
2411 1537
2403 1543
2521 1754
2467 1772
2467 1778
2559 1630
2562 1641
2560 1643
2419 1546
2417 1538
2411 1536
2402 1543
2403 1544
2521 1755
2466 1772
2466 1778
2467 1779
2559 1629
2563 1641
2562 1640
2560 1644
2420 1546
2419 1545
2417 1539
2417 1537
2410 1536
2411 1535
2401 1543
2402 1542
2522 1755
2521 1756
2466 1771
2466 1779
2467 1780
2560 1629
2564 1641
2562 1639
2420 1545
2419 1544
2417 1540
2417 1536
2409 1536
2400 1543
2401 1544
2401 1542
2402 1541
2521 1757
2466 1770
2465 1779
2467 1781
2561 1629
2560 1628
2564 1642
2562 1638
2419 1543
2418 1536
2408 1536
2409 1535
2400 1544
2400 1542
2401 1541
2520 1757
2521 1758
2465 1770
2467 1782
2561 1628
2560 1627
2565 1642
2564 1643
2563 1638
2419 1536
2418 1535
2407 1536
2409 1534
2399 1542
2401 1540
2522 1758
2464 1770
2465 1769
2466 1782
2467 1783
2561 1627
2559 1627
2566 1642
2564 1644
2564 1638
2563 1637
2420 1536
2419 1535
2407 1537
2407 1535
2410 1534
2398 1542
2399 1541
2400 1540
2522 1759
2464 1769
2465 1782
2467 1784
2562 1627
2561 1626
2566 1641
2565 1644
2563 1644
2564 1645
2421 1536
2406 1537
2410 1533
2397 1542
2398 1541
2399 1540
2400 1539
2523 1759
2522 1760
2463 1769
2464 1768
2467 1785
2563 1627
2562 1626
2561 1625
2567 1641
2566 1640
2562 1644
2422 1536
2421 1535
2406 1538
2411 1533
2410 1532
2396 1542
2397 1543
2398 1540
2400 1538
2524 1759
2522 1761
2462 1769
2463 1768
2468 1785
2466 1785
2564 1627
2563 1628
2563 1626
2561 1624
2566 1639
2423 1536
2422 1537
2412 1533
2410 1531
2395 1542
2397 1544
2401 1538
2400 1537
2524 1760
2524 1758
2521 1761
2461 1769
2462 1770
2462 1768
2469 1785
2466 1786
2565 1627
2563 1629
2560 1624
2561 1623
2567 1639
2423 1537
2423 1535
2422 1538
2394 1542
2398 1544
2400 1536
2524 1761
2525 1758
2520 1761
2462 1771
2469 1786
2469 1784
2466 1787
2566 1627
2565 1626
2564 1629
2563 1630
2559 1624
2562 1623
2568 1639
2424 1535
2393 1542
2394 1541
2400 1535
2526 1758
2520 1760
2462 1772
2470 1786
2470 1784
2466 1788
2566 1626
2565 1625
2565 1629
2558 1624
2563 1623
2562 1622
2425 1535
2393 1543
2393 1541
2394 1540
2399 1535
2527 1758
2526 1757
2519 1760
2463 1772
2461 1772
2470 1783
2467 1788
2465 1788
2564 1625
2566 1629
2558 1625
2563 1624
2563 1622
2562 1621
2426 1535
2425 1534
2392 1543
2393 1544
2393 1540
2395 1540
2394 1539
2399 1534
2527 1759
2526 1756
2518 1760
2519 1759
2463 1773
2460 1772
2470 1782
2464 1788
2465 1789
2564 1624
2557 1625
2562 1620
2427 1535
2425 1533
2391 1543
2394 1544
2395 1539
2527 1756
2525 1756
2517 1760
2459 1772
2471 1782
2470 1781
2463 1788
2464 1787
2465 1790
2556 1625
2562 1619
2428 1535
2427 1536
2427 1534
2425 1532
2391 1544
2395 1544
2395 1538
2528 1756
2527 1755
2525 1755
2517 1761
2459 1773
2472 1782
2471 1781
2463 1789
2466 1790
2556 1624
2561 1619
2562 1618
2429 1535
2428 1534
2426 1532
2425 1531
2390 1544
2391 1545
2395 1537
2529 1756
2528 1757
2528 1755
2525 1754
2516 1761
2517 1762
2458 1773
2459 1774
2473 1782
2472 1781
2462 1789
2463 1790
2466 1791
2560 1619
2429 1534
2426 1531
2425 1530
2390 1545
2391 1546
2529 1757
2528 1754
2525 1753
2515 1761
2516 1762
2518 1762
2460 1774
2474 1782
2461 1789
2463 1791
2467 1791
2466 1792
2560 1618
2430 1534
2429 1533
2427 1531
2425 1529
2389 1545
2391 1547
2529 1758
2528 1753
2525 1752
2515 1762
2515 1760
2516 1763
2518 1763
2461 1774
2474 1781
2460 1789
2461 1790
2464 1791
2462 1791
2559 1618
2431 1534
2430 1533
2427 1530
2424 1529
2388 1545
2392 1547
2391 1548
2529 1759
2529 1753
2514 1760
2515 1759
2516 1764
2461 1775
2475 1781
2474 1780
2460 1790
2460 1788
2558 1618
2432 1534
2427 1529
2388 1544
2393 1547
2390 1548
2529 1760
2530 1753
2513 1760
2515 1758
2515 1764
2516 1765
2461 1776
2473 1780
2459 1790
2459 1788
2557 1618
2558 1617
2432 1535
2427 1528
2388 1543
2394 1547
2389 1548
2530 1760
2531 1753
2512 1760
2515 1757
2517 1765
2516 1766
2460 1776
2461 1777
2473 1779
2458 1788
2557 1619
2558 1616
2433 1535
2428 1528
2427 1527
2387 1543
2395 1547
2389 1549
2530 1761
2532 1753
2531 1752
2511 1760
2512 1761
2516 1757
2515 1766
2459 1776
2460 1777
2461 1778
2472 1779
2457 1788
2458 1789
2556 1619
2557 1616
2558 1615
2429 1528
2428 1527
2427 1526
2386 1543
2389 1550
2530 1762
2533 1753
2531 1751
2510 1760
2516 1756
2515 1767
2458 1776
2460 1778
2461 1779
2456 1788
2457 1787
2556 1620
2556 1616
2559 1615
2430 1528
2427 1525
2386 1544
2386 1542
2390 1550
2388 1550
2389 1551
2529 1762
2532 1751
2530 1751
2510 1761
2510 1759
2514 1767
2515 1768
2458 1775
2460 1779
2462 1779
2455 1788
2555 1616
2559 1614
2430 1527
2428 1525
2426 1525
2427 1524
2385 1544
2386 1545
2386 1541
2389 1552
2528 1762
2533 1751
2509 1761
2510 1762
2515 1769
2459 1779
2454 1788
2455 1789
2554 1616
2555 1615
2560 1614
2431 1527
2430 1526
2425 1525
2384 1544
2386 1540
2389 1553
2534 1751
2510 1763
2516 1769
2514 1769
2458 1779
2453 1788
2454 1789
2454 1787
2455 1790
2554 1617
2554 1615
2561 1614
2560 1613
2432 1527
2430 1525
2424 1525
2383 1544
2384 1545
2387 1540
2388 1553
2535 1751
2513 1769
2514 1770
2458 1780
2452 1788
2454 1786
2456 1790
2455 1791
2554 1614
2562 1614
2560 1612
2433 1527
2431 1525
2430 1524
2423 1525
2424 1524
2382 1544
2383 1543
2384 1546
2388 1540
2387 1539
2387 1553
2535 1752
2535 1750
2512 1769
2514 1771
2457 1780
2458 1781
2453 1786
2454 1785
2456 1791
2563 1614
2559 1612
2434 1527
2431 1524
2430 1523
2424 1523
2381 1544
2383 1546
2387 1538
2386 1553
2535 1753
2536 1750
2511 1769
2512 1768
2458 1782
2453 1785
2457 1791
2563 1615
2563 1613
2558 1612
2435 1527
2431 1523
2430 1522
2423 1523
2380 1544
2381 1543
2383 1547
2386 1538
2387 1537
2385 1553
2536 1753
2535 1754
2537 1750
2510 1769
2459 1782
2457 1782
2458 1783
2452 1785
2453 1784
2457 1792
2564 1615
2557 1612
2558 1613
2558 1611
2436 1527
2435 1528
2435 1526
2430 1521
2422 1523
2381 1542
2386 1537
2388 1537
2385 1554
2536 1754
2534 1754
2535 1755
2537 1751
2509 1769
2510 1768
2460 1782
2451 1785
2452 1784
2453 1783
2457 1793
2565 1615
2556 1612
2557 1611
2558 1610
2437 1527
2429 1521
2421 1523
2382 1542
2380 1542
2388 1536
2384 1554
2538 1751
2537 1752
2508 1769
2509 1770
2460 1783
2460 1781
2450 1785
2456 1793
2457 1794
2565 1616
2555 1612
2559 1610
2558 1609
2437 1528
2420 1523
2421 1522
2380 1541
2388 1535
2383 1554
2539 1751
2538 1752
2508 1770
2508 1768
2509 1771
2461 1783
2449 1785
2456 1794
2457 1795
2557 1609
2558 1608
2437 1529
2419 1523
2421 1521
2379 1541
2389 1535
2383 1553
2539 1752
2539 1750
2507 1770
2508 1767
2509 1772
2448 1785
2449 1784
2455 1794
2456 1795
2458 1795
2556 1609
2558 1607
2438 1529
2437 1530
2421 1520
2378 1541
2379 1540
2390 1535
2389 1534
2383 1552
2540 1752
2539 1753
2539 1749
2506 1770
2507 1771
2510 1772
2509 1773
2447 1785
2448 1786
2454 1794
2458 1796
2555 1609
2559 1607
2557 1607
2439 1529
2422 1520
2377 1541
2390 1534
2382 1552
2541 1752
2540 1749
2538 1749
2507 1772
2511 1772
2446 1785
2447 1784
2448 1787
2453 1794
2459 1796
2554 1609
2555 1610
2560 1607
2559 1606
2556 1607
2557 1606
2439 1528
2423 1520
2422 1519
2376 1541
2391 1534
2382 1551
2541 1753
2541 1749
2507 1773
2445 1785
2452 1794
2453 1795
2459 1797
2554 1610
2561 1607
2557 1605
2440 1528
2439 1527
2422 1518
2376 1542
2392 1534
2391 1533
2382 1550
2542 1753
2541 1754
2542 1749
2541 1750
2541 1748
2506 1773
2444 1785
2445 1786
2452 1793
2459 1798
2553 1610
2562 1607
2561 1606
2558 1605
2556 1605
2557 1604
2439 1526
2421 1518
2375 1542
2392 1535
2391 1532
2382 1549
2541 1755
2542 1748
2506 1774
2443 1785
2445 1787
2452 1792
2460 1798
2552 1610
2561 1605
2555 1605
2557 1603
2439 1525
2421 1517
2374 1542
2393 1535
2391 1531
2383 1549
2382 1548
2542 1755
2543 1748
2506 1775
2442 1785
2445 1788
2461 1798
2551 1610
2552 1609
2557 1602
2439 1524
2420 1517
2421 1516
2373 1542
2374 1543
2392 1531
2390 1531
2381 1548
2543 1755
2543 1747
2507 1775
2441 1785
2442 1784
2445 1789
2461 1799
2551 1609
2556 1602
2440 1524
2439 1523
2419 1517
2422 1516
2372 1542
2374 1544
2389 1531
2390 1530
2381 1547
2544 1755
2543 1754
2544 1747
2507 1776
2440 1785
2441 1784
2462 1799
2461 1800
2551 1608
2555 1602
2556 1601
2441 1524
2438 1523
2419 1516
2423 1516
2372 1541
2374 1545
2388 1531
2389 1532
2381 1546
2544 1756
2544 1754
2544 1746
2507 1777
2440 1786
2463 1799
2461 1801
2550 1608
2551 1607
2554 1602
2442 1524
2441 1525
2418 1516
2419 1515
2424 1516
2372 1540
2373 1545
2387 1531
2544 1757
2545 1746
2508 1777
2506 1777
2440 1787
2463 1798
2460 1801
2549 1608
2420 1515
2419 1514
2425 1516
2372 1539
2373 1546
2386 1531
2387 1530
2544 1758
2546 1746
2545 1745
2509 1777
2505 1777
2440 1788
2464 1798
2459 1801
2548 1608
2425 1515
2371 1539
2372 1538
2373 1547
2387 1529
2543 1758
2544 1759
2546 1747
2545 1744
2510 1777
2509 1778
2505 1778
2505 1776
2439 1788
2465 1798
2547 1608
2548 1607
2425 1514
2370 1539
2372 1537
2373 1548
2387 1528
2542 1758
2545 1759
2547 1747
2544 1744
2511 1777
2509 1779
2504 1778
2505 1779
2504 1776
2438 1788
2439 1789
2466 1798
2465 1797
2546 1608
2424 1514
2425 1513
2369 1539
2370 1540
2373 1537
2371 1537
2372 1548
2373 1549
2387 1527
2543 1744
2544 1743
2511 1776
2510 1779
2506 1779
2505 1780
2503 1776
2437 1788
2438 1789
2467 1798
2545 1608
2546 1607
2424 1513
2425 1512
2373 1536
2370 1537
2371 1548
2373 1550
2388 1527
2386 1527
2544 1742
2512 1776
2510 1780
2507 1779
2506 1780
2502 1776
2503 1775
2436 1788
2437 1789
2467 1799
2545 1609
2545 1607
2546 1606
2423 1513
2426 1512
2425 1511
2374 1536
2373 1535
2369 1537
2370 1548
2371 1547
2373 1551
2388 1526
2386 1526
2544 1741
2511 1780
2501 1776
2435 1788
2437 1790
2467 1800
2544 1609
2545 1610
2546 1605
2427 1512
2424 1511
2375 1536
2373 1534
2368 1537
2369 1548
2371 1546
2373 1552
2386 1525
2545 1741
2544 1740
2512 1780
2501 1777
2434 1788
2437 1791
2468 1800
2543 1609
2545 1611
2546 1604
2424 1510
2372 1534
2368 1538
2368 1536
2368 1548
2373 1553
2385 1525
2546 1741
2543 1740
2544 1739
2513 1780
2500 1777
2501 1778
2433 1788
2434 1789
2436 1791
2469 1800
2543 1610
2543 1608
2544 1611
2545 1612
2424 1509
2372 1533
2367 1538
2367 1536
2368 1535
2368 1549
2368 1547
2372 1553
2384 1525
2547 1741
2546 1742
2546 1740
2542 1740
2499 1777
2501 1779
2432 1788
2433 1789
2433 1787
2435 1791
2470 1800
2542 1610
2543 1611
2543 1607
2544 1612
2546 1612
2545 1613
2423 1509
2424 1508
2371 1533
2372 1532
2368 1534
2367 1549
2384 1526
2384 1524
2548 1741
2547 1740
2541 1740
2542 1739
2499 1778
2499 1776
2435 1792
2435 1790
2471 1800
2541 1610
2542 1607
2543 1606
2547 1612
2546 1613
2423 1508
2424 1507
2370 1533
2371 1532
2372 1531
2366 1549
2367 1550
2384 1527
2384 1523
2549 1741
2548 1740
2541 1739
2499 1779
2499 1775
2471 1801
2540 1610
2544 1606
2543 1605
2422 1508
2423 1507
2425 1507
2372 1530
2365 1549
2366 1550
2384 1528
2385 1523
2383 1523
2384 1522
2550 1741
2549 1742
2540 1739
2541 1738
2498 1779
2471 1802
2542 1605
2543 1604
2421 1508
2426 1507
2372 1529
2364 1549
2365 1550
2385 1528
2383 1528
2385 1522
2384 1521
2550 1740
2539 1739
2541 1737
2497 1779
2498 1780
2471 1803
2541 1605
2421 1507
2426 1508
2426 1506
2371 1529
2363 1549
2365 1551
2382 1528
2383 1529
2386 1522
2383 1521
2384 1520
2550 1739
2538 1739
2539 1738
2496 1779
2497 1778
2472 1803
2471 1804
2541 1604
2420 1507
2421 1506
2427 1508
2427 1506
2426 1505
2371 1528
2363 1548
2364 1551
2382 1529
2387 1522
2382 1521
2384 1519
2549 1739
3565 3044
2538 1740
2539 1737
2496 1780
2497 1777
2473 1803
2472 1804
2470 1804
2540 1604
2541 1603
2419 1507
2421 1505
2428 1508
2427 1505
2426 1504
2370 1528
2363 1547
2363 1551
2381 1529
2387 1521
2382 1520
2384 1518
2539 1736
2495 1780
2469 1804
2470 1805
2539 1604
2540 1603
2542 1603
2541 1602
2418 1507
2419 1508
2422 1505
2428 1505
2426 1503
2369 1528
2363 1546
2362 1551
2363 1552
2380 1529
2387 1520
2385 1518
2383 1518
2539 1735
2494 1780
2495 1781
2468 1804
2470 1806
2538 1604
2542 1602
2541 1601
2417 1507
2418 1506
2429 1505
2425 1503
2426 1502
2368 1528
2369 1529
2362 1546
2363 1545
2361 1551
2362 1552
2362 1550
2379 1529
2380 1530
2386 1520
2386 1518
2385 1517
2383 1517
2540 1735
2539 1734
2494 1781
2494 1779
2495 1782
2467 1804
2471 1806
2470 1807
2537 1604
2538 1603
2542 1601
2541 1600
2417 1508
2417 1506
2418 1505
2430 1505
2429 1506
2429 1504
2424 1503
2425 1502
2427 1502
2426 1501
2367 1528
2362 1545
2360 1551
2379 1530
2380 1531
2387 1518
2383 1516
2541 1735
2493 1781
2493 1779
2494 1778
2496 1782
2467 1805
2471 1807
2470 1808
2536 1604
2537 1603
2543 1601
2541 1599
2416 1508
2417 1505
2418 1504
2430 1506
2425 1501
2427 1501
2366 1528
2361 1545
2362 1544
2359 1551
2360 1552
2360 1550
2381 1531
2380 1532
2388 1518
2382 1516
2541 1734
2492 1781
2493 1782
2496 1783
2472 1807
2469 1808
2470 1809
2535 1604
2544 1601
2542 1599
2415 1508
2431 1506
2430 1507
2424 1501
2427 1500
2366 1529
2366 1527
2362 1543
2359 1552
2360 1549
2381 1532
2379 1532
2389 1518
2382 1515
2542 1734
2492 1782
2496 1784
2473 1807
2470 1810
2535 1605
2535 1603
2545 1601
2544 1600
2414 1508
2431 1507
2423 1501
2427 1499
2365 1529
2366 1530
2362 1542
2359 1553
2361 1549
2360 1548
2382 1532
2390 1518
2381 1515
2382 1514
2496 1785
2474 1807
2473 1806
2469 1810
2470 1811
2534 1605
2535 1602
2546 1601
2545 1602
2413 1508
2414 1509
2432 1507
2431 1508
2427 1498
2364 1529
2361 1542
2362 1541
2358 1553
2359 1548
2360 1547
2390 1519
2380 1515
2381 1514
2383 1514
2497 1785
2495 1785
2496 1786
2468 1810
2471 1811
2533 1605
2534 1602
2535 1601
2547 1601
2413 1507
2433 1507
2426 1498
2363 1529
2360 1542
2362 1540
2357 1553
2358 1554
2358 1548
2360 1546
2390 1520
2379 1515
2381 1513
2497 1786
2496 1787
2468 1811
2472 1811
2533 1604
2533 1602
2536 1601
2535 1600
2547 1602
2412 1507
2434 1507
2433 1506
2425 1498
2362 1529
2363 1528
2356 1553
2358 1555
2358 1549
2391 1520
2378 1515
2379 1514
2381 1512
2498 1786
2496 1788
2467 1811
2468 1812
2473 1811
2472 1810
2533 1603
2532 1602
2535 1599
2411 1507
2434 1508
2361 1529
2363 1527
2356 1554
2358 1556
2392 1520
2391 1521
2377 1515
2382 1512
2499 1786
2496 1789
2466 1811
2474 1811
2472 1809
2532 1603
2532 1601
2536 1599
2535 1598
2411 1508
2411 1506
2435 1508
2360 1529
2364 1527
2355 1554
2356 1555
2359 1556
2358 1557
2393 1520
2391 1522
2376 1515
2377 1516
2377 1514
2383 1512
2500 1786
2499 1787
2497 1789
2496 1790
2465 1811
2466 1810
2531 1601
2537 1599
2536 1598
2534 1598
2410 1506
2359 1529
2364 1526
2354 1554
2360 1556
2358 1558
2393 1521
2393 1519
2375 1515
2376 1516
2376 1514
2377 1513
2384 1512
2383 1511
2501 1786
2497 1790
2465 1812
2466 1809
2530 1601
2538 1599
2537 1598
2409 1506
2410 1505
2358 1529
2359 1528
2353 1554
2354 1553
2361 1556
2360 1555
2357 1558
2358 1559
2394 1521
2393 1518
2375 1514
2377 1512
2383 1510
2502 1786
2498 1790
2465 1809
2466 1808
2530 1600
2538 1600
2537 1597
2408 1506
2409 1507
2358 1530
2358 1528
2353 1555
2354 1552
2362 1556
2360 1554
2357 1559
2358 1560
2395 1521
2394 1518
2392 1518
2374 1514
2376 1512
2377 1511
2382 1510
2383 1509
2499 1790
2467 1808
2466 1807
2538 1597
2537 1596
2407 1506
2408 1505
2357 1530
2358 1531
2358 1527
2353 1556
2354 1551
2363 1556
2361 1554
2356 1559
2358 1561
2396 1521
2395 1522
2395 1518
2392 1517
2373 1514
2376 1511
2382 1509
3499 3113
2383 1508
2500 1790
2499 1791
2537 1595
2407 1507
2408 1504
2358 1532
2357 1527
2354 1556
2353 1557
2354 1550
2364 1556
2362 1554
2355 1559
2359 1561
2357 1561
2358 1562
2396 1522
2396 1518
2392 1516
2372 1514
2373 1513
2376 1510
2381 1509
2382 1508
2384 1508
2501 1790
2500 1789
2499 1792
2538 1595
2537 1594
2406 1507
2408 1503
2358 1533
2357 1526
2355 1550
2365 1556
2364 1557
2354 1559
2360 1561
2358 1563
2397 1518
2391 1516
2392 1515
2372 1515
2373 1512
2376 1509
2382 1507
2384 1507
2498 1792
2499 1793
2405 1507
2409 1503
2356 1526
2357 1525
2355 1549
2366 1556
2365 1557
2354 1560
2361 1561
2360 1560
2357 1563
2358 1564
2397 1519
2397 1517
2371 1515
2372 1516
2372 1512
2373 1511
2375 1509
2384 1506
2499 1794
2405 1508
2405 1506
2409 1502
2355 1526
2357 1524
2355 1548
2366 1557
2365 1558
2353 1560
2362 1561
2361 1560
2360 1559
2356 1563
2358 1565
2398 1519
2397 1516
2372 1517
2371 1512
2373 1510
2374 1509
2385 1506
2500 1794
2404 1508
2405 1509
2404 1506
2410 1502
2357 1523
2354 1548
2366 1558
2353 1561
2361 1559
2360 1558
2355 1563
2359 1565
2358 1566
2399 1519
2370 1512
2373 1509
2386 1506
2501 1794
2404 1509
2406 1509
2411 1502
2358 1523
2353 1548
2354 1547
2367 1558
2353 1562
2362 1559
2355 1562
2360 1565
2400 1519
2399 1520
2399 1518
2372 1509
2387 1506
2386 1505
2502 1794
2501 1795
2403 1509
2359 1523
2358 1522
2352 1548
2353 1549
2368 1558
2354 1562
2353 1563
2362 1558
2361 1565
2360 1566
2401 1519
2399 1521
2372 1508
2387 1505
2386 1504
2502 1795
2502 1793
2402 1509
2360 1523
2358 1521
2352 1549
2368 1559
2352 1563
2353 1564
2361 1564
2360 1567
2401 1518
2400 1521
2371 1508
2372 1507
2388 1505
2386 1503
2502 1796
2502 1792
2402 1510
2402 1508
2361 1523
2360 1524
2358 1520
2369 1559
2368 1560
2351 1563
2352 1564
2361 1567
2402 1518
2401 1517
2371 1507
2373 1507
2389 1505
2503 1796
2502 1797
2503 1792
2402 1511
2362 1523
2360 1525
2357 1520
2370 1559
2369 1560
2367 1560
2368 1561
2350 1563
2352 1565
2362 1567
2370 1507
2371 1506
2374 1507
2389 1506
2389 1504
2503 1797
2504 1792
2401 1511
2363 1523
2356 1520
2371 1559
2349 1563
2352 1566
2363 1567
2371 1505
2374 1506
2390 1506
2504 1797
2505 1792
2504 1793
2363 1524
2355 1520
2356 1521
2372 1559
2371 1560
2349 1562
2352 1567
2364 1567
2363 1566
2371 1504
2375 1506
2374 1505
2390 1507
2505 1797
2504 1798
2354 1520
2372 1558
2349 1561
2353 1567
2351 1567
2364 1568
2364 1566
2370 1504
2375 1505
2374 1504
2391 1507
2390 1508
2506 1797
2354 1519
2372 1557
2349 1560
2350 1567
2364 1565
2369 1504
2370 1503
2374 1503
2392 1507
2390 1509
2507 1797
2506 1796
2354 1518
2372 1556
2349 1559
2349 1567
2365 1565
2368 1504
2370 1502
2375 1503
2392 1508
2392 1506
2390 1510
2508 1797
2506 1795
2355 1518
2372 1555
2350 1559
2349 1558
2349 1566
2366 1565
2365 1564
2368 1505
2371 1502
2369 1502
2370 1501
2392 1505
2389 1510
2390 1511
2509 1797
2508 1798
2508 1796
2505 1795
2349 1557
2348 1566
2367 1565
2367 1505
2371 1501
2368 1502
2389 1511
2390 1512
2510 1797
2509 1798
2508 1795
2348 1557
2349 1556
2347 1566
2367 1566
2367 1506
2372 1501
2367 1502
2368 1501
2390 1513
2511 1797
2509 1799
2509 1795
2508 1794
2347 1557
2349 1555
2346 1566
2368 1566
2367 1567
2366 1506
2367 1507
2372 1500
2366 1502
2368 1500
2511 1798
2509 1800
2509 1794
2508 1793
2346 1557
2350 1555
2348 1555
2346 1567
2346 1565
2369 1566
2366 1507
2367 1508
2369 1500
2508 1800
2509 1801
2510 1794
2508 1792
2345 1557
2346 1558
2350 1554
2347 1555
2348 1554
2345 1565
2346 1564
2365 1507
2368 1508
2367 1509
2369 1499
2508 1801
2511 1794
2508 1791
2344 1557
2345 1556
2346 1559
2344 1565
2347 1564
2364 1507
2369 1498
2511 1793
2509 1791
2507 1791
2508 1790
2343 1557
2345 1559
2346 1560
2363 1507
2368 1498
2369 1497
2512 1793
2510 1791
2506 1791
2508 1789
2345 1560
2347 1560
2362 1507
2363 1508
2369 1496
2511 1791
2506 1790
2508 1788
2345 1561
2362 1508
2363 1509
2368 1496
2512 1791
2506 1789
2508 1787
2344 1561
2345 1562
2361 1508
2362 1509
2364 1509
2363 1510
2367 1496
2513 1791
2512 1790
2509 1787
2507 1787
2343 1561
2346 1562
2345 1563
2360 1508
2363 1511
2366 1496
2514 1791
2510 1787
2509 1786
2507 1786
2342 1561
2343 1560
2364 1511
2365 1496
2366 1495
2514 1792
2511 1787
2507 1785
2342 1560
2364 1496
2366 1494
2512 1787
2507 1784
2342 1559
2363 1496
2365 1494
2512 1786
2341 1559
2363 1497
2363 1495
2365 1493
2512 1785
2341 1558
2362 1497
2363 1498
2363 1494
2365 1492
2513 1785
2511 1785
2512 1784
2340 1558
2363 1499
2362 1494
2366 1492
2514 1785
2339 1558
2340 1557
2362 1499
2362 1493
2366 1491
2515 1785
2338 1558
2340 1556
2361 1499
2362 1500
2361 1493
2362 1492
2366 1490
2516 1785
2515 1784
2337 1558
2340 1555
2360 1499
2362 1501
2360 1493
2367 1490
2517 1785
2516 1786
2516 1784
2336 1558
2341 1555
2340 1554
2359 1499
2360 1500
2363 1501
2362 1502
2359 1493
2360 1494
2368 1490
2367 1489
2517 1786
2517 1784
2516 1787
2335 1558
2336 1559
2336 1557
2339 1554
2340 1553
2360 1501
2362 1503
2368 1491
2368 1489
2367 1488
2517 1783
2516 1788
2334 1558
2335 1559
2335 1557
2336 1560
2339 1553
2341 1553
2363 1503
2368 1492
2366 1488
2367 1487
2517 1782
2517 1788
2516 1789
2334 1559
2334 1557
2335 1560
2336 1561
2339 1552
2368 1493
2365 1488
2367 1486
2518 1788
2516 1790
2333 1559
2337 1561
2339 1551
2369 1493
2368 1494
2368 1486
2366 1486
2367 1485
2518 1789
2515 1790
2516 1791
2332 1559
2333 1560
2338 1561
2339 1550
2370 1493
2369 1486
2367 1484
2519 1789
2332 1558
2339 1561
2338 1562
2338 1560
2340 1550
2338 1550
2370 1494
2370 1486
2368 1484
2366 1484
2367 1483
2520 1789
2331 1558
2332 1557
2338 1563
2341 1550
2340 1549
2337 1550
2371 1494
2371 1486
2370 1487
2368 1483
2367 1482
2520 1788
2330 1558
2331 1557
2332 1556
2339 1563
2338 1564
2342 1550
2340 1548
2337 1549
2372 1494
2370 1488
2366 1482
2521 1788
2520 1787
2330 1557
2339 1564
2338 1565
2342 1551
2342 1549
2341 1548
2337 1548
2373 1494
2372 1493
2365 1482
2366 1481
2519 1787
2520 1786
2340 1564
2339 1565
2342 1552
2343 1549
2342 1548
2341 1547
2338 1548
2336 1548
2337 1547
2365 1481
2366 1480
2521 1786
2341 1564
2343 1548
2341 1546
2338 1547
2336 1547
2366 1479
2522 1786
2521 1785
2341 1545
2335 1547
2367 1479
2365 1479
2523 1786
2341 1544
2335 1546
2368 1479
2367 1478
2364 1479
2524 1786
2523 1787
2523 1785
2334 1546
2335 1545
2369 1479
2368 1478
2367 1477
2363 1479
2525 1786
2523 1788
2523 1784
2333 1546
2335 1544
2369 1478
2366 1477
2362 1479
2526 1786
2524 1788
2333 1547
2370 1478
2361 1479
2362 1478
2526 1785
2525 1788
2332 1547
2370 1477
2360 1479
2526 1784
2526 1788
2525 1789
2331 1547
2332 1548
2370 1476
2359 1479
2360 1478
2527 1784
2525 1784
2526 1789
2525 1790
2330 1547
2331 1546
2371 1476
2370 1475
2359 1480
2359 1478
2527 1783
2526 1790
2329 1547
2331 1545
2370 1474
2358 1480
2359 1481
2359 1477
2528 1783
2527 1782
2527 1790
2329 1548
2330 1545
2331 1544
2370 1473
2357 1480
2360 1481
2358 1477
2528 1790
2527 1791
2328 1548
2332 1544
2356 1480
2357 1481
2360 1482
2357 1477
2529 1790
2528 1789
2327 1548
2332 1543
2355 1480
2357 1482
2361 1482
2356 1477
2530 1790
2528 1788
2327 1549
2333 1543
2355 1481
2362 1482
2355 1477
2530 1791
2530 1789
2529 1788
2327 1550
2355 1482
2362 1483
2354 1477
2355 1478
2530 1792
2531 1789
2326 1550
2354 1482
2363 1483
2362 1484
2354 1478
2531 1792
2532 1789
2531 1788
2325 1550
2326 1551
2354 1483
2353 1478
2531 1793
2533 1789
2325 1551
2325 1549
2354 1484
2352 1478
2353 1479
2531 1794
2533 1790
2533 1788
2324 1551
2325 1548
2354 1485
2351 1478
2352 1477
2353 1480
2530 1794
2534 1790
2534 1788
2533 1787
2323 1551
2350 1478
2351 1479
2352 1476
2529 1794
2534 1791
2535 1788
2322 1551
2323 1550
2349 1478
2350 1479
2351 1480
2352 1475
2528 1794
2535 1791
2534 1792
2536 1788
2322 1552
2348 1478
2350 1480
2352 1474
2527 1794
2534 1793
2537 1788
2536 1787
2321 1552
2347 1478
2348 1479
2350 1481
2351 1474
2526 1794
2527 1793
2534 1794
2536 1786
2320 1552
2346 1478
2350 1482
2350 1474
2525 1794
2526 1795
2535 1794
2534 1795
2535 1786
2536 1785
2320 1553
2320 1551
2345 1478
2349 1482
2349 1474
2525 1795
2525 1793
2536 1794
2534 1796
2534 1786
2537 1785
2536 1784
2320 1554
2320 1550
2345 1477
2349 1483
2348 1474
2524 1795
2525 1796
2537 1794
2534 1797
2534 1785
2535 1784
2319 1554
2320 1549
2344 1477
2349 1484
2347 1474
2348 1475
2525 1797
2538 1794
2534 1798
2535 1783
2319 1555
2321 1549
2320 1548
2349 1485
2347 1473
2526 1797
2524 1797
2538 1795
2538 1793
2533 1798
2534 1799
2535 1782
2319 1556
2350 1485
2348 1485
2347 1472
2526 1798
2523 1797
2538 1796
2539 1793
2533 1799
2534 1800
2318 1556
2319 1557
2347 1471
2526 1799
2538 1797
2540 1793
2535 1800
2317 1556
2319 1558
2346 1471
2525 1799
2539 1797
2541 1793
2316 1556
2320 1558
2318 1558
2319 1559
2346 1470
2524 1799
2539 1798
2542 1793
2316 1557
2321 1558
2319 1560
2346 1469
2524 1800
2540 1798
2539 1799
2542 1794
2542 1792
2315 1557
2322 1558
2321 1559
2319 1561
2347 1469
2524 1801
2541 1798
2543 1794
2542 1795
2543 1792
2314 1557
2315 1558
2323 1558
2319 1562
2347 1468
2523 1801
2524 1802
2542 1798
2544 1794
2543 1795
2544 1792
2313 1557
2324 1558
2323 1557
2320 1562
2318 1562
2319 1563
2347 1467
2523 1802
2525 1802
2543 1798
2542 1799
2544 1795
2545 1792
2312 1557
2313 1558
2325 1558
2317 1562
2319 1564
2346 1467
2347 1466
2522 1802
2526 1802
2525 1803
2543 1799
2546 1792
2312 1558
2312 1556
2325 1559
2325 1557
2317 1561
2320 1564
2318 1564
2319 1565
2345 1467
2347 1465
2522 1803
2527 1802
2526 1801
2544 1799
2547 1792
2325 1560
2325 1556
2316 1561
2317 1564
2319 1566
2344 1467
2345 1468
2346 1465
2521 1803
2522 1804
2527 1803
2545 1799
2544 1800
2548 1792
2326 1560
2325 1555
2316 1560
2320 1566
2318 1566
2319 1567
2344 1468
2344 1466
2346 1464
2520 1803
2523 1804
2527 1804
2545 1800
2549 1792
2548 1793
2326 1555
2317 1566
2319 1568
2344 1469
2346 1463
2519 1803
2528 1804
2546 1800
2549 1791
2548 1794
2320 1568
2319 1569
2344 1470
2345 1463
2518 1803
2519 1802
2529 1804
2547 1800
2550 1791
2548 1795
2320 1569
2318 1569
2319 1570
2345 1462
2518 1804
2518 1802
2519 1801
2529 1805
2548 1800
2551 1791
2549 1795
2317 1569
2319 1571
2345 1461
2517 1804
2517 1802
2520 1801
2529 1806
2548 1801
2552 1791
2320 1571
2319 1572
2346 1461
2344 1461
2517 1805
2516 1802
2529 1807
2548 1802
2553 1791
2320 1572
2318 1572
2346 1460
2343 1461
2516 1805
2517 1806
2530 1807
2547 1802
2553 1792
2321 1572
2317 1572
2347 1460
2346 1459
2343 1462
2515 1805
2517 1807
2530 1808
2547 1803
2553 1793
2321 1573
2316 1572
2348 1460
2346 1458
2343 1463
2514 1805
2516 1807
2546 1803
2547 1804
2553 1794
2315 1572
2316 1571
2348 1461
2348 1459
2346 1457
2342 1463
2513 1805
2516 1808
2545 1803
2553 1795
2314 1572
2349 1459
2348 1458
2345 1457
2341 1463
2342 1464
2515 1808
2516 1809
2545 1804
2554 1795
2313 1572
2350 1459
2345 1456
2341 1462
2342 1465
2514 1808
2516 1810
2545 1805
2555 1795
2313 1571
2351 1459
2350 1460
2345 1455
2340 1462
2343 1465
2342 1466
2514 1809
2516 1811
2545 1806
2555 1796
2312 1571
2351 1458
2339 1462
2340 1461
2341 1466
2342 1467
2513 1809
2514 1810
2515 1811
2546 1806
2545 1807
2555 1797
2311 1571
2312 1570
2352 1458
2351 1457
2339 1461
2340 1460
2340 1466
2512 1809
2515 1812
2556 1797
2555 1798
2310 1571
2312 1569
2353 1458
2338 1461
2341 1460
2339 1466
2512 1808
2515 1813
2557 1797
2554 1798
2309 1571
2310 1572
2313 1569
2311 1569
2312 1568
2354 1458
2353 1457
2337 1461
2342 1460
2341 1459
2338 1466
2511 1808
2512 1807
2514 1813
2515 1814
2558 1797
2554 1799
2308 1571
2309 1570
2310 1573
2355 1458
2336 1461
2337 1462
2337 1466
2510 1808
2512 1806
2513 1813
2516 1814
2515 1815
2558 1796
2553 1799
2554 1800
2309 1569
2311 1573
2310 1574
2336 1460
2336 1466
2337 1465
2510 1809
2510 1807
2513 1814
2514 1815
2559 1796
2553 1800
2309 1568
2312 1573
2309 1574
2310 1575
2336 1459
2336 1467
2336 1465
2509 1809
2512 1814
2559 1795
2552 1800
2553 1801
2308 1574
2311 1575
2336 1458
2335 1467
2335 1465
2336 1464
2508 1809
2509 1810
2511 1814
2560 1795
2552 1801
2307 1574
2311 1576
2337 1458
2336 1457
2335 1468
2336 1463
2507 1809
2508 1808
2511 1815
2561 1795
2560 1794
2307 1573
2312 1576
2336 1456
2335 1469
2506 1809
2507 1810
2507 1808
2508 1807
2510 1815
2560 1793
2306 1573
2313 1576
2312 1577
2337 1456
2335 1456
2336 1469
2335 1470
2506 1810
2507 1807
2508 1806
2561 1793
2559 1793
2306 1572
2314 1576
2312 1578
2337 1455
2334 1456
2335 1455
2336 1470
2335 1471
2505 1810
2506 1807
2559 1792
2306 1571
2315 1576
2314 1575
2312 1579
2333 1456
2334 1457
2335 1454
2337 1470
2335 1472
2505 1811
2505 1807
2558 1792
2305 1571
2316 1576
2315 1575
2313 1579
2311 1579
2333 1457
2335 1453
2337 1471
2336 1472
2334 1472
2335 1473
2504 1807
2558 1791
2304 1571
2305 1570
2313 1580
2310 1579
2311 1580
2332 1457
2335 1452
2333 1472
2334 1473
2335 1474
2504 1806
2558 1790
2303 1571
2305 1569
2314 1580
2311 1581
2332 1458
2335 1451
2332 1472
2333 1471
2335 1475
2503 1806
2559 1790
2557 1790
2302 1571
2303 1570
2306 1569
2315 1580
2311 1582
2331 1458
2334 1451
2332 1471
2336 1475
2335 1476
2560 1790
2557 1789
2303 1569
2316 1580
2315 1579
2310 1582
2311 1583
2330 1458
2333 1451
2331 1471
2332 1470
2335 1477
2561 1790
2560 1789
2556 1789
2303 1568
2317 1580
2309 1582
2310 1583
2311 1584
2329 1458
2330 1459
2330 1471
2331 1470
2332 1469
2334 1477
2335 1478
2562 1790
2561 1789
2560 1788
2556 1788
2303 1567
2317 1581
2308 1582
2311 1585
2328 1458
2330 1460
2329 1471
2332 1468
2333 1477
2335 1479
2562 1789
2560 1787
2555 1788
2556 1787
2304 1567
2302 1567
2317 1582
2311 1586
2327 1458
2329 1460
2328 1471
2332 1467
2333 1476
2335 1480
2563 1789
2560 1786
2557 1787
2305 1567
2301 1567
2302 1566
2318 1582
2310 1586
2326 1458
2327 1457
2327 1471
2328 1470
2333 1467
2332 1466
2334 1480
2564 1789
2563 1788
2559 1786
2560 1785
2306 1567
2305 1566
2301 1568
2301 1566
2302 1565
2309 1586
2310 1587
2325 1458
2326 1471
2327 1472
2328 1469
2332 1465
2334 1481
2565 1789
2558 1786
2559 1785
2561 1785
2300 1566
2301 1565
2310 1588
2325 1459
2325 1457
2325 1471
2327 1473
2328 1468
2334 1482
2565 1788
2558 1785
2561 1784
2299 1566
2309 1588
2310 1589
2325 1456
2324 1471
2325 1472
2327 1474
2327 1468
2328 1467
2334 1483
2565 1787
2558 1784
2561 1783
2299 1567
2299 1565
2310 1590
2326 1456
2325 1455
2324 1470
2326 1474
2326 1468
2328 1466
2334 1484
2566 1787
2558 1783
2562 1783
2298 1567
2298 1565
2311 1590
2309 1590
2324 1455
2325 1454
2323 1470
2325 1474
2326 1475
2325 1468
2326 1467
2329 1466
2333 1484
2334 1485
2567 1787
2566 1786
2559 1783
2558 1782
2298 1568
2298 1564
2312 1590
2311 1591
2323 1455
2324 1454
2326 1454
2324 1468
2325 1467
2333 1485
2334 1486
2568 1787
2559 1782
2558 1781
2297 1568
2297 1564
2298 1563
2312 1591
2312 1589
2322 1455
2323 1468
2325 1466
2333 1486
2335 1486
2334 1487
2569 1787
2558 1780
2296 1568
2297 1569
2296 1564
2299 1563
2313 1591
2313 1589
2321 1455
2322 1456
2325 1465
2333 1487
2336 1486
2334 1488
2569 1788
2569 1786
2558 1779
2295 1568
2297 1570
2296 1563
2314 1591
2320 1455
2321 1454
2324 1465
2325 1464
2332 1487
2336 1485
2570 1788
2570 1786
2569 1785
2558 1778
2294 1568
2297 1571
2296 1562
2315 1591
2314 1592
2319 1455
2321 1453
2325 1463
2332 1488
2571 1786
2568 1785
2569 1784
2558 1777
2293 1568
2297 1572
2297 1562
2315 1592
2315 1590
2314 1593
2318 1455
2321 1452
2326 1463
2325 1462
2331 1488
2332 1489
2572 1786
2567 1785
2570 1784
2558 1776
2292 1568
2298 1572
2297 1573
2315 1589
2313 1593
2314 1594
2317 1455
2320 1452
2327 1463
2325 1461
2330 1488
2332 1490
2572 1785
2567 1784
2557 1776
2292 1569
2296 1573
2297 1574
2312 1593
2313 1594
2314 1595
2316 1455
2317 1454
2319 1452
2327 1462
2329 1488
2332 1491
2573 1785
2572 1784
2567 1783
2557 1775
2291 1569
2292 1570
2295 1573
2298 1574
2297 1575
2315 1595
2314 1596
2316 1454
2317 1453
2328 1488
2332 1492
2572 1783
2568 1783
2567 1782
2290 1569
2294 1573
2299 1574
2296 1575
2315 1454
2317 1452
2327 1488
2328 1489
2333 1492
2573 1783
2572 1782
2568 1782
2566 1782
2567 1781
2289 1569
2300 1574
2295 1575
2296 1576
2314 1454
2317 1451
2326 1488
2327 1487
2328 1490
2334 1492
2574 1783
2571 1782
2572 1781
2568 1781
2289 1570
2300 1575
2314 1455
2317 1450
2325 1488
2327 1486
2328 1491
2335 1492
2334 1493
2575 1783
2573 1781
2569 1781
2289 1571
2301 1575
2300 1576
2314 1456
2318 1450
2316 1450
2317 1449
2325 1489
2325 1487
2329 1491
2327 1491
2335 1491
2334 1494
2576 1783
2575 1784
2573 1780
2570 1781
2290 1571
2288 1571
2289 1572
2302 1575
2300 1577
2314 1457
2316 1449
2317 1448
2325 1486
2330 1491
2326 1491
2335 1490
2576 1784
2576 1782
2574 1780
2570 1780
2287 1571
2289 1573
2302 1574
2300 1578
2315 1457
2315 1449
2324 1486
2330 1492
2326 1492
2336 1490
2335 1489
2576 1785
2577 1782
2286 1571
2289 1574
2303 1574
2302 1573
2299 1578
2300 1579
2315 1458
2314 1449
2324 1485
2330 1493
2325 1492
2337 1490
2577 1785
2576 1786
2577 1781
2285 1571
2286 1572
2290 1574
2288 1574
2304 1574
2299 1579
2300 1580
2315 1459
2314 1448
2329 1493
2338 1490
2337 1491
2578 1785
2576 1787
2577 1780
2284 1571
2285 1572
2290 1575
2300 1581
2316 1459
2314 1459
2313 1448
2314 1447
2338 1489
2337 1492
2579 1785
2575 1787
2578 1780
2577 1779
2284 1572
2284 1570
2291 1575
2313 1459
2313 1447
2315 1447
2314 1446
2339 1489
2579 1786
2579 1780
2284 1573
2283 1570
2292 1575
2291 1576
2312 1459
2313 1458
2312 1447
2314 1445
2579 1779
2284 1574
2283 1569
2291 1577
2311 1459
2311 1447
2313 1445
2580 1779
2283 1574
2282 1569
2283 1568
2292 1577
2291 1578
2310 1459
2310 1447
2580 1778
2283 1575
2281 1569
2282 1568
2283 1567
2290 1578
2309 1459
2581 1778
2580 1777
2282 1575
2280 1569
2282 1567
2284 1567
2308 1459
2582 1778
2579 1777
2580 1776
2281 1575
2280 1568
2284 1566
2307 1459
2308 1460
2582 1779
2578 1777
2579 1776
2581 1776
2280 1567
2284 1565
2306 1459
2307 1460
2582 1780
2579 1775
2581 1775
2279 1567
2285 1565
2284 1564
2305 1459
2307 1461
2583 1780
2581 1780
2578 1775
2579 1774
2278 1567
2279 1566
2286 1565
2284 1563
2304 1459
2305 1458
2306 1461
2307 1462
2584 1780
2583 1781
2577 1775
2580 1774
2579 1773
2278 1568
2278 1566
2287 1565
2286 1566
2284 1562
2304 1460
2307 1463
2585 1780
2584 1781
2583 1782
2576 1775
2577 1776
2277 1568
2277 1566
2285 1562
2283 1562
2304 1461
2308 1463
2306 1463
2585 1781
2582 1782
2575 1775
2576 1774
2277 1569
2276 1566
2286 1562
2282 1562
2304 1462
2309 1463
2586 1781
2574 1775
2277 1570
2286 1561
2281 1562
2303 1462
2310 1463
2587 1781
2586 1782
2573 1775
2277 1571
2281 1561
2302 1462
2303 1463
2311 1463
2310 1462
2588 1781
2572 1775
2278 1571
2277 1572
2280 1561
2302 1461
2312 1463
2588 1782
2588 1780
2572 1774
2276 1572
2279 1561
2280 1560
2301 1461
2302 1460
2313 1463
2312 1464
2312 1462
2589 1780
2588 1779
2572 1773
2276 1573
2278 1561
2280 1559
2300 1461
2314 1463
2312 1465
2590 1780
2587 1779
2573 1773
2572 1772
2276 1574
2278 1562
2279 1559
2300 1460
2312 1466
2591 1780
2590 1779
2276 1575
2278 1559
2279 1558
2299 1460
2300 1459
2313 1466
2311 1466
2592 1780
2591 1779
2590 1778
2276 1576
2277 1559
2279 1557
2298 1460
2301 1459
2300 1458
2310 1466
2311 1467
2593 1780
2592 1781
2590 1777
2277 1576
2276 1577
2277 1558
2280 1557
2279 1556
2297 1460
2298 1461
2300 1457
2309 1466
2594 1780
2590 1776
2278 1576
2276 1578
2276 1558
2281 1557
2279 1555
2297 1461
2300 1456
2309 1467
2595 1780
2594 1781
2594 1779
2590 1775
2276 1579
2276 1557
2281 1556
2278 1555
2279 1554
2296 1461
2297 1462
2299 1456
2308 1467
2594 1782
2591 1775
2590 1774
2275 1579
2276 1580
2277 1555
2278 1554
2279 1553
2295 1461
2296 1462
2299 1455
2307 1467
2308 1468
2595 1782
2593 1782
2591 1774
2274 1579
2276 1581
2276 1555
2280 1553
2279 1552
2294 1461
2299 1454
2307 1466
2595 1783
2592 1774
2591 1773
2273 1579
2274 1580
2277 1581
2275 1581
2276 1582
2275 1555
2279 1551
2293 1461
2306 1466
2595 1784
2591 1772
2272 1579
2273 1580
2278 1581
2274 1555
2280 1551
2278 1551
2292 1461
2293 1460
2306 1465
2595 1785
2590 1772
2271 1579
2279 1581
2278 1580
2273 1555
2274 1556
2281 1551
2280 1550
2278 1550
2292 1460
2305 1465
2596 1785
2595 1786
2271 1578
2280 1581
2272 1555
2273 1554
2281 1552
2280 1549
2291 1460
2304 1465
2597 1785
2594 1786
2270 1578
2271 1577
2272 1556
2272 1554
2273 1553
2282 1552
2280 1548
2290 1460
2303 1465
2304 1466
2597 1786
2594 1787
2270 1577
2271 1576
2274 1553
2273 1552
2283 1552
2289 1460
2302 1465
2304 1467
2598 1786
2594 1788
2269 1577
2271 1575
2275 1553
2284 1552
2288 1460
2289 1461
2301 1465
2304 1468
2599 1786
2595 1788
2593 1788
2269 1576
2272 1575
2271 1574
2276 1553
2287 1460
2289 1462
2300 1465
2301 1464
2303 1468
2304 1469
2600 1786
2596 1788
2593 1789
2268 1576
2273 1575
2287 1461
2287 1459
2289 1463
2299 1465
2302 1468
2303 1469
2601 1786
2596 1789
2267 1576
2286 1461
2287 1462
2287 1458
2289 1464
2298 1465
2299 1466
2299 1464
2301 1468
2303 1470
2602 1786
2601 1787
2596 1790
2266 1576
2285 1461
2286 1462
2288 1458
2297 1465
2301 1469
2303 1471
2603 1786
2601 1788
2595 1790
2265 1576
2285 1462
2286 1463
2289 1458
2297 1466
2300 1469
2604 1786
2603 1787
2603 1785
2264 1576
2284 1462
2286 1464
2289 1457
2297 1467
2300 1470
2605 1786
2604 1785
2603 1784
2263 1576
2283 1462
2287 1464
2286 1465
2289 1456
2298 1467
2296 1467
2297 1468
2300 1471
2606 1786
2605 1785
2262 1576
2282 1462
2283 1463
2288 1456
2295 1467
2300 1472
2606 1787
2261 1576
2281 1462
2282 1461
2287 1456
2288 1455
2294 1467
2301 1472
2607 1787
2261 1577
2280 1462
2281 1463
2282 1460
2286 1456
2288 1454
2301 1473
2608 1787
2260 1577
2261 1578
2280 1463
2283 1460
2285 1456
2288 1453
2302 1473
2609 1787
2259 1577
2260 1578
2261 1579
2279 1463
2280 1464
2284 1456
2289 1453
2287 1453
2303 1473
2609 1788
2259 1576
2261 1580
2278 1463
2283 1456
2284 1455
2289 1452
2287 1452
2304 1473
2610 1788
2259 1575
2262 1580
2260 1580
2278 1464
2284 1454
2289 1451
2287 1451
2305 1473
2304 1474
2611 1788
2259 1574
2262 1581
2278 1465
2283 1454
2288 1451
2289 1450
2286 1451
2305 1472
2304 1475
2612 1788
2611 1789
2611 1787
2262 1582
2278 1466
2283 1453
2290 1450
2285 1451
2305 1471
2303 1475
2611 1786
2262 1583
2279 1466
2282 1453
2283 1452
2291 1450
2306 1471
2303 1476
2610 1786
2262 1584
2280 1466
2279 1467
2282 1452
2291 1449
2307 1471
2306 1470
2302 1476
2303 1477
2610 1785
2261 1584
2280 1467
2279 1468
2282 1451
2291 1448
2301 1476
2302 1477
2303 1478
2610 1784
2260 1584
2280 1468
2278 1468
2282 1450
2290 1448
2291 1447
2300 1476
2301 1477
2301 1475
2304 1478
2611 1784
2260 1585
2280 1469
2277 1468
2282 1449
2289 1448
2290 1447
2291 1446
2300 1475
2305 1478
2612 1784
2260 1586
2280 1470
2276 1468
2283 1449
2281 1449
2288 1448
2290 1446
2612 1783
2259 1586
2281 1470
2275 1468
2276 1469
2281 1448
2288 1449
2290 1445
2613 1783
2612 1782
2258 1586
2281 1471
2274 1468
2276 1470
2280 1448
2281 1447
2289 1445
2290 1444
2614 1783
2613 1782
2257 1586
2282 1471
2274 1469
2274 1467
2277 1470
2276 1471
2289 1444
2615 1783
2256 1586
2282 1472
2273 1467
2275 1471
2289 1443
2616 1783
2615 1784
2256 1587
2283 1472
2274 1471
2288 1443
2289 1442
2616 1782
2615 1785
2255 1587
2256 1588
2284 1472
2273 1471
2274 1472
2287 1443
2288 1442
2617 1782
2616 1781
2615 1786
2254 1587
2256 1589
2284 1471
2273 1472
2273 1470
2287 1444
2287 1442
2618 1782
2617 1781
2616 1780
2616 1786
2615 1787
2254 1586
2257 1589
2256 1590
2285 1471
2272 1472
2272 1470
2286 1444
2287 1445
2287 1441
2618 1783
2615 1780
2616 1779
2253 1586
2258 1589
2255 1590
2272 1473
2286 1445
2287 1446
2287 1440
2615 1779
2617 1779
2616 1778
2252 1586
2259 1589
2258 1590
2272 1474
2285 1445
2288 1440
2287 1439
2618 1779
2617 1778
2251 1586
2258 1591
2271 1474
2272 1475
2284 1445
2289 1440
2288 1439
2619 1779
2618 1780
2251 1587
2251 1585
2257 1591
2270 1474
2272 1476
2284 1446
2284 1444
2288 1438
2620 1779
2619 1778
2250 1587
2251 1588
2250 1585
2257 1592
2270 1475
2272 1477
2283 1444
2289 1438
2621 1779
2620 1780
2620 1778
2249 1587
2251 1589
2257 1593
2273 1477
2272 1478
2282 1444
2290 1438
2622 1779
2621 1778
2620 1777
2251 1590
2258 1593
2256 1593
2273 1478
2272 1479
2282 1445
2290 1437
2622 1780
2620 1776
2250 1590
2251 1591
2259 1593
2258 1594
2256 1594
2273 1479
2272 1480
2291 1437
2623 1780
2621 1776
2620 1775
2249 1590
2252 1591
2251 1592
2258 1595
2256 1595
2271 1480
2272 1481
2291 1436
2623 1781
2622 1776
2619 1775
2248 1590
2257 1595
2258 1596
2255 1595
2256 1596
2270 1480
2273 1481
2292 1436
2291 1435
2624 1781
2622 1775
2247 1590
2248 1591
2259 1596
2258 1597
2255 1596
2269 1480
2270 1481
2274 1481
2293 1436
2292 1435
2291 1434
2624 1782
2623 1775
2622 1774
2246 1590
2247 1589
2248 1592
2260 1596
2257 1597
2254 1596
2268 1480
2270 1482
2275 1481
2274 1480
2291 1433
2625 1782
2623 1774
2622 1773
2245 1590
2246 1591
2247 1588
2248 1593
2260 1597
2260 1595
2254 1597
2267 1480
2268 1481
2268 1479
2270 1483
2275 1480
2292 1433
2290 1433
2626 1782
2625 1783
2622 1772
2244 1590
2249 1593
2247 1593
2261 1597
2260 1598
2254 1598
2266 1480
2267 1481
2267 1479
2268 1478
2269 1483
2270 1484
2276 1480
2293 1433
2290 1432
2627 1782
2621 1772
2243 1590
2246 1593
2259 1598
2260 1599
2253 1598
2265 1480
2266 1479
2270 1485
2277 1480
2294 1433
2290 1431
2627 1783
2627 1781
2621 1771
2242 1590
2243 1589
2261 1599
2252 1598
2264 1480
2269 1485
2270 1486
2278 1480
2295 1433
2291 1431
2289 1431
2628 1783
2627 1784
2628 1781
2620 1771
2621 1770
2242 1589
2262 1599
2252 1599
2264 1479
2268 1485
2271 1486
2295 1434
2291 1430
2289 1430
2629 1783
2628 1784
2628 1780
2619 1771
2622 1770
2621 1769
2242 1588
2263 1599
2252 1600
2263 1479
2267 1485
2268 1484
2271 1487
2296 1434
2288 1430
2630 1783
2628 1779
2618 1771
2619 1772
2620 1769
2241 1588
2242 1587
2264 1599
2263 1598
2251 1600
2252 1601
2262 1479
2272 1487
2297 1434
2287 1430
2631 1783
2630 1784
2628 1778
2617 1771
2620 1768
2240 1588
2242 1586
2265 1599
2264 1598
2252 1602
2261 1479
2272 1488
2298 1434
2297 1435
2287 1429
2631 1784
2630 1785
2627 1778
2628 1777
2617 1770
2620 1767
2239 1588
2242 1585
2266 1599
2252 1603
2260 1479
2261 1480
2273 1488
2272 1489
2298 1433
2287 1428
2632 1784
2631 1785
2630 1786
2617 1769
2621 1767
2619 1767
2238 1588
2239 1587
2241 1585
2242 1584
2266 1598
2252 1604
2259 1479
2260 1480
2260 1478
2261 1481
2274 1488
2271 1489
2298 1432
2286 1428
2633 1784
2631 1786
2629 1786
2617 1768
2622 1767
2621 1766
2618 1767
2237 1588
2242 1583
2267 1598
2266 1597
2251 1604
2258 1479
2260 1477
2261 1482
2271 1490
2299 1432
2297 1432
2286 1427
2634 1784
2633 1785
2628 1786
2616 1768
2617 1767
2623 1767
2622 1766
2618 1766
2237 1589
2242 1582
2268 1598
2250 1604
2251 1605
2257 1479
2260 1476
2261 1483
2270 1490
2271 1491
2299 1431
2297 1431
2286 1426
2635 1784
2627 1786
2624 1767
2623 1766
2236 1589
2237 1590
2243 1582
2268 1599
2249 1604
2250 1605
2256 1479
2257 1478
2261 1476
2259 1476
2270 1491
2272 1491
2300 1431
2297 1430
2287 1426
2285 1426
2635 1785
2635 1783
2627 1787
2625 1767
2237 1591
2244 1582
2269 1599
2268 1600
2248 1604
2249 1605
2256 1480
2261 1475
2258 1476
2269 1491
2270 1492
2272 1492
2301 1431
2297 1429
2288 1426
2284 1426
2635 1786
2636 1783
2626 1787
2627 1788
2626 1767
2625 1768
2236 1591
2237 1592
2244 1583
2270 1599
2268 1601
2247 1604
2249 1606
2255 1480
2262 1475
2270 1493
2273 1492
2302 1431
2301 1432
2297 1428
2289 1426
2288 1425
2283 1426
2634 1786
2635 1787
2637 1783
2636 1782
2626 1788
2627 1767
2626 1766
2235 1591
2236 1592
2271 1599
2270 1600
2267 1601
2254 1480
2263 1475
2262 1474
2269 1493
2270 1494
2274 1492
2303 1431
2302 1432
2296 1428
2297 1427
2289 1427
2288 1424
2282 1426
2634 1787
2638 1783
2625 1788
2626 1789
2627 1768
2627 1766
2234 1591
2272 1599
2271 1598
2270 1601
2266 1601
2254 1479
2264 1475
2263 1476
2262 1473
2268 1493
2269 1494
2271 1494
2275 1492
2303 1430
2302 1433
2295 1428
2289 1424
2287 1424
2281 1426
2634 1788
2639 1783
2625 1789
2626 1790
2628 1768
2627 1769
2628 1766
2233 1591
2234 1590
2273 1599
2271 1601
2265 1601
2253 1479
2254 1478
2264 1476
2264 1474
2263 1477
2261 1473
2267 1493
2268 1492
2272 1494
2276 1492
2304 1430
2303 1433
2294 1428
2290 1424
2287 1423
2280 1426
2633 1788
2640 1783
2625 1790
2626 1791
2629 1768
2628 1769
2232 1591
2233 1590
2234 1589
2274 1599
2273 1600
2265 1602
2252 1479
2253 1478
2265 1476
2265 1474
2260 1473
2261 1472
2267 1492
2273 1494
2276 1491
2305 1430
2304 1429
2304 1433
2294 1429
2294 1427
2290 1423
2287 1422
2279 1426
2632 1788
2640 1782
2625 1791
2630 1768
2629 1767
2231 1591
2232 1590
2234 1588
2274 1600
2265 1603
2253 1477
2266 1474
2259 1473
2261 1471
2267 1491
2274 1494
2276 1490
2305 1429
2304 1434
2294 1430
2294 1426
2288 1422
2286 1422
2278 1426
2279 1425
2631 1788
2632 1787
2640 1781
2625 1792
2630 1767
2231 1592
2233 1588
2234 1587
2275 1600
2266 1475
2258 1473
2262 1471
2261 1470
2277 1490
2305 1434
2293 1430
2293 1426
2294 1425
2285 1422
2277 1426
2278 1427
2631 1789
2641 1781
2640 1780
2625 1793
2630 1766
2231 1593
2234 1586
2275 1601
2267 1475
2258 1472
2260 1470
2278 1490
2306 1434
2292 1426
2295 1425
2285 1421
2276 1426
2277 1425
2278 1428
2631 1790
2642 1781
2626 1793
2625 1794
2631 1766
2231 1594
2234 1585
2275 1602
2257 1472
2260 1469
2279 1490
2278 1491
2278 1489
2307 1434
2306 1435
2306 1433
2291 1426
2285 1420
2275 1426
2276 1427
2278 1429
2630 1790
2643 1781
2627 1793
2625 1795
2632 1766
2232 1594
2233 1585
2234 1584
2276 1602
2256 1472
2260 1468
2308 1434
2306 1436
2306 1432
2286 1420
2285 1419
2274 1426
2276 1428
2279 1429
2629 1790
2630 1791
2644 1781
2628 1793
2627 1792
2626 1795
2624 1795
2633 1766
2632 1767
2232 1595
2232 1585
2234 1583
2276 1603
2255 1472
2259 1468
2308 1435
2307 1432
2306 1431
2285 1418
2274 1427
2276 1429
2279 1430
2645 1781
2628 1794
2634 1766
2633 1767
2232 1596
2231 1585
2235 1583
2277 1603
2276 1604
2255 1473
2255 1471
2258 1468
2308 1436
2273 1427
2275 1429
2279 1431
2646 1781
2645 1780
2629 1794
2628 1795
2634 1765
2233 1596
2232 1597
2230 1585
2231 1584
2236 1583
2235 1582
2278 1603
2277 1604
2275 1604
2276 1605
2255 1474
2254 1471
2257 1468
2258 1469
2258 1467
2309 1436
2273 1428
2275 1430
2278 1431
2647 1781
2645 1779
2629 1795
2628 1796
2635 1765
2234 1596
2232 1598
2229 1585
2237 1583
2236 1584
2279 1603
2278 1602
2274 1604
2275 1605
2254 1474
2255 1475
2253 1471
2256 1468
2258 1466
2309 1437
2272 1428
2274 1430
2278 1432
2647 1782
2645 1778
2630 1795
2629 1796
2635 1764
2234 1595
2233 1598
2231 1598
2228 1585
2229 1586
2280 1603
2279 1604
2278 1601
2273 1604
2274 1605
2275 1606
2254 1475
2255 1476
2252 1471
2253 1472
2253 1470
2256 1469
2256 1467
2259 1466
2258 1465
2310 1437
2309 1438
2271 1428
2273 1430
2274 1431
2278 1433
2648 1782
2645 1777
2631 1795
2630 1796
2629 1797
2635 1763
2234 1598
2233 1599
2228 1586
2228 1584
2229 1587
2280 1602
2279 1605
2278 1600
2273 1603
2275 1607
2251 1471
2252 1470
2255 1467
2259 1465
2311 1437
2310 1438
2309 1439
2271 1429
2271 1427
2279 1433
2277 1433
2649 1782
2648 1783
2646 1777
2645 1776
2631 1794
2630 1797
2635 1762
2234 1599
2227 1584
2228 1583
2230 1587
2229 1588
2281 1602
2276 1607
2275 1608
2251 1472
2251 1470
2312 1437
2308 1439
2271 1430
2271 1426
2280 1433
2650 1782
2646 1776
2644 1776
2645 1775
2632 1794
2630 1798
2636 1762
2235 1599
2234 1600
2227 1583
2229 1583
2228 1582
2228 1588
2281 1601
2274 1608
2275 1609
2251 1473
2250 1470
2251 1469
2313 1437
2312 1436
2307 1439
2271 1431
2270 1426
2281 1433
2553 2887
2650 1783
2647 1776
2643 1776
2645 1774
2632 1793
2630 1799
2637 1762
2636 1761
2229 1582
2228 1581
2227 1588
2228 1589
2282 1601
2274 1609
2276 1609
2252 1473
2251 1468
2313 1436
2306 1439
2307 1440
2271 1432
2650 1784
2648 1776
2642 1776
2643 1777
2646 1774
2633 1793
2630 1800
2638 1762
2637 1761
2636 1760
2227 1581
2228 1580
2227 1587
2228 1590
2282 1600
2273 1609
2277 1609
2252 1468
2251 1467
2313 1435
2305 1439
2306 1440
2272 1432
2270 1432
2651 1784
2649 1776
2643 1778
2647 1774
2646 1773
2634 1793
2629 1800
2630 1801
2638 1761
2635 1760
2636 1759
2226 1581
2229 1580
2228 1579
2226 1587
2228 1591
2283 1600
2272 1609
2277 1610
2252 1467
2251 1466
2313 1434
2305 1440
2305 1438
2306 1441
2272 1433
2269 1432
2652 1784
2651 1785
2650 1776
2648 1774
2646 1772
2628 1800
2631 1801
2639 1761
2634 1760
2637 1759
2636 1758
2227 1579
2225 1587
2228 1592
2284 1600
2271 1609
2277 1611
2253 1467
2252 1466
2251 1465
2313 1433
2305 1441
2305 1437
2306 1442
2273 1433
2272 1434
2268 1432
2653 1784
2651 1786
2651 1776
2650 1777
2648 1773
2645 1772
2628 1801
2640 1761
2639 1760
2633 1760
2634 1759
2635 1758
2226 1579
2224 1587
2227 1592
2228 1593
2285 1600
2284 1601
2270 1609
2278 1611
2253 1466
2250 1465
2251 1464
2312 1433
2313 1432
2304 1441
2305 1442
2307 1442
2267 1432
2651 1787
2652 1776
2651 1777
2651 1775
2649 1773
2628 1802
2641 1761
2634 1758
2635 1757
2226 1578
2223 1587
2227 1593
2228 1594
2285 1601
2285 1599
2269 1609
2278 1612
2249 1465
2252 1464
2314 1432
2313 1431
2305 1443
2267 1433
2267 1431
2650 1787
2651 1788
2652 1777
2627 1802
2628 1803
2642 1761
2641 1762
2641 1760
2635 1756
2226 1577
2222 1587
2223 1586
2227 1594
2228 1595
2286 1601
2269 1610
2269 1608
2278 1613
2248 1465
2252 1463
2313 1430
2304 1443
2266 1433
2649 1787
2651 1789
2652 1778
2626 1802
2628 1804
2642 1762
2641 1759
2635 1755
2227 1577
2225 1577
2221 1587
2222 1588
2223 1585
2226 1594
2228 1596
2287 1601
2269 1611
2269 1607
2277 1613
2247 1465
2248 1466
2253 1463
2314 1430
2312 1430
2304 1444
2265 1433
2649 1786
2652 1789
2650 1789
2652 1779
2625 1802
2627 1804
2640 1759
2636 1755
2634 1755
2635 1754
2227 1576
2224 1577
2220 1587
2222 1589
2225 1594
2229 1596
2228 1597
2287 1602
2287 1600
2269 1612
2246 1465
2248 1467
2315 1430
2314 1429
2304 1445
2264 1433
2265 1434
2648 1786
2652 1790
2650 1790
2652 1780
2625 1801
2627 1805
2637 1755
2228 1576
2223 1577
2219 1587
2221 1589
2222 1590
2229 1597
2228 1598
2288 1602
2287 1603
2288 1600
2287 1599
2268 1612
2246 1466
2315 1429
2305 1445
2303 1445
2263 1433
2652 1791
2653 1780
2625 1800
2627 1806
2637 1756
2637 1754
2229 1576
2228 1575
2222 1577
2219 1586
2220 1589
2222 1591
2289 1602
2286 1603
2289 1600
2288 1599
2287 1598
2267 1612
2268 1613
2245 1466
2306 1445
2303 1446
2263 1432
2653 1791
2652 1792
2654 1780
2653 1781
2624 1800
2628 1806
2627 1807
2638 1756
2637 1757
2637 1753
2229 1575
2221 1577
2222 1576
2218 1586
2220 1590
2222 1592
2290 1602
2285 1603
2286 1604
2290 1600
2286 1598
2266 1612
2268 1614
2245 1467
2307 1445
2303 1447
2262 1432
2263 1431
2653 1792
2651 1792
2655 1780
2623 1800
2639 1756
2637 1752
2230 1575
2220 1577
2221 1578
2222 1575
2217 1586
2218 1585
2221 1592
2222 1593
2290 1603
2285 1604
2286 1605
2286 1597
2265 1612
2266 1613
2268 1615
2244 1467
2304 1447
2261 1432
2263 1430
2653 1793
2656 1780
2622 1800
2623 1799
2640 1756
2638 1752
2636 1752
2637 1751
2231 1575
2230 1574
2219 1577
2220 1578
2220 1576
2221 1579
2221 1575
2222 1574
2216 1586
2217 1585
2222 1594
2291 1603
2286 1596
2264 1612
2265 1611
2269 1615
2268 1616
2305 1447
2260 1432
2264 1430
2262 1430
2654 1793
2657 1780
2621 1800
2623 1798
2639 1752
2638 1751
2635 1752
2232 1575
2218 1577
2219 1578
2220 1579
2223 1574
2222 1573
2215 1586
2222 1595
2292 1603
2287 1596
2286 1595
2263 1612
2265 1610
2267 1616
2268 1617
2259 1432
2260 1433
2655 1793
2654 1794
2657 1781
2620 1800
2622 1798
2640 1752
2639 1753
2634 1752
2233 1575
2217 1577
2218 1576
2220 1580
2224 1574
2221 1573
2222 1572
2214 1586
2215 1585
2222 1596
2293 1603
2292 1604
2286 1594
2262 1612
2266 1610
2264 1610
2265 1609
2267 1617
2269 1617
2268 1618
2259 1431
2260 1434
2655 1794
2658 1781
2657 1782
2619 1800
2620 1799
2622 1797
2640 1753
2640 1751
2634 1753
2634 1751
2233 1574
2216 1577
2224 1573
2220 1573
2223 1572
2214 1587
2222 1597
2293 1604
2293 1602
2287 1594
2261 1612
2267 1618
2270 1617
2268 1619
2260 1435
2656 1794
2655 1795
2659 1781
2618 1800
2619 1799
2621 1797
2640 1750
2234 1574
2215 1577
2225 1573
2219 1573
2223 1571
2213 1587
2294 1604
2294 1602
2293 1601
2288 1594
2287 1593
2260 1612
2266 1618
2271 1617
2269 1619
2268 1620
2261 1435
2260 1436
2655 1796
2659 1780
2617 1800
2619 1798
2621 1796
2640 1749
2234 1573
2215 1578
2215 1576
2224 1571
2223 1570
2212 1587
2294 1605
2295 1602
2287 1592
2259 1612
2260 1613
2266 1619
2272 1617
2269 1620
2267 1620
2261 1436
2260 1437
2654 1796
2659 1779
2616 1800
2641 1749
2639 1749
2235 1573
2215 1579
2214 1576
2215 1575
2225 1571
2223 1569
2212 1588
2294 1606
2295 1601
2287 1591
2259 1613
2259 1611
2260 1614
2265 1619
2266 1620
2273 1617
2262 1436
2259 1437
2653 1796
2654 1797
2660 1779
2615 1800
2616 1799
2642 1749
2638 1749
2639 1748
2236 1573
2216 1579
2214 1579
2213 1576
2216 1575
2215 1574
2225 1570
2223 1568
2211 1588
2295 1606
2288 1591
2287 1590
2258 1613
2258 1611
2259 1610
2260 1615
2264 1619
2273 1618
2262 1437
2259 1438
2652 1796
2661 1779
2615 1801
2616 1798
2643 1749
2642 1748
2638 1748
2237 1573
2236 1572
2217 1579
2214 1580
2212 1576
2215 1573
2225 1569
2223 1567
2211 1589
2295 1607
2286 1590
2287 1589
2257 1613
2258 1610
2259 1609
2260 1616
2264 1620
2264 1618
2273 1619
2262 1438
2258 1438
2651 1796
2652 1797
2662 1779
2615 1802
2615 1798
2644 1749
2643 1748
2642 1747
2238 1573
2237 1574
2237 1572
2236 1571
2213 1580
2211 1576
2214 1573
2226 1569
2223 1566
2210 1589
2296 1607
2295 1608
2288 1589
2287 1588
2256 1613
2257 1614
2257 1610
2260 1609
2259 1608
2261 1616
2263 1620
2264 1617
2273 1620
2263 1438
2257 1438
2651 1797
2662 1780
2615 1803
2614 1798
2645 1749
2644 1750
2643 1747
2642 1746
2238 1574
2237 1575
2237 1571
2212 1580
2210 1576
2211 1577
2226 1568
2223 1565
2209 1589
2296 1608
2295 1609
2289 1589
2286 1588
2255 1613
2256 1610
2259 1607
2261 1617
2262 1620
2263 1621
2263 1617
2273 1621
2264 1438
2263 1439
2256 1438
2650 1797
2616 1803
2615 1804
2614 1799
2646 1749
2643 1746
2641 1746
2237 1570
2212 1581
2211 1578
2226 1567
2222 1565
2223 1564
2209 1588
2297 1608
2296 1609
2290 1589
2289 1588
2285 1588
2286 1587
2255 1614
2260 1607
2258 1607
2262 1617
2261 1620
2263 1622
2273 1622
2265 1438
2263 1440
2255 1438
2649 1797
2615 1805
2613 1799
2647 1749
2646 1748
2644 1746
2640 1746
2641 1745
2238 1570
2237 1569
2211 1581
2211 1579
2227 1567
2221 1565
2222 1564
2209 1587
2296 1610
2289 1587
2285 1589
2285 1587
2286 1586
2254 1614
2255 1615
2261 1607
2260 1606
2257 1607
2260 1620
2261 1619
2264 1622
2273 1623
2266 1438
2265 1437
2263 1441
2254 1438
2255 1437
2649 1796
2616 1805
2612 1799
2648 1749
2647 1750
2647 1748
2644 1745
2640 1747
2640 1745
2641 1744
2239 1570
2237 1568
2210 1581
2228 1567
2220 1565
2221 1564
2208 1587
2297 1610
2296 1611
2290 1587
2289 1586
2284 1589
2284 1587
2287 1586
2253 1614
2254 1615
2256 1615
2262 1607
2261 1608
2260 1605
2256 1607
2257 1606
2259 1620
2260 1621
2272 1623
2266 1437
2263 1442
2253 1438
2254 1439
2255 1436
2648 1796
2649 1795
2616 1806
2611 1799
2649 1749
2648 1748
2647 1751
2647 1747
2644 1744
2640 1744
2239 1571
2238 1568
2237 1567
2229 1567
2219 1565
2207 1587
2208 1586
2298 1610
2297 1611
2291 1587
2288 1586
2289 1585
2283 1589
2283 1587
2284 1586
2287 1585
2252 1614
2253 1615
2263 1607
2262 1608
2262 1606
2261 1605
2259 1605
2258 1620
2260 1622
2272 1624
2267 1437
2263 1443
2252 1438
2254 1440
2254 1436
2647 1796
2649 1794
2616 1807
2610 1799
2611 1800
2650 1749
2649 1750
2649 1748
2648 1751
2647 1746
2643 1744
2644 1743
2639 1744
2640 1743
2240 1571
2238 1567
2229 1566
2219 1566
2219 1564
2206 1587
2208 1585
2299 1610
2297 1612
2291 1588
2288 1585
2290 1585
2289 1584
2282 1589
2283 1588
2282 1587
2284 1585
2251 1614
2252 1615
2252 1613
2253 1616
2264 1607
2263 1606
2262 1609
2257 1620
2272 1625
2268 1437
2263 1444
2251 1438
2252 1437
2254 1441
2253 1436
2647 1797
2647 1795
2648 1794
2616 1808
2610 1798
2611 1801
2650 1750
2648 1746
2646 1746
2645 1743
2640 1742
2241 1571
2239 1567
2238 1566
2229 1565
2219 1567
2218 1564
2205 1587
2209 1585
2299 1611
2299 1609
2297 1613
2281 1589
2282 1590
2281 1587
2283 1585
2284 1584
2250 1614
2251 1615
2265 1607
2264 1606
2257 1621
2271 1625
2262 1444
2263 1445
2250 1438
2255 1441
2253 1441
2646 1797
2647 1794
2617 1808
2616 1809
2609 1798
2610 1797
2651 1750
2650 1751
2646 1743
2641 1742
2242 1571
2240 1567
2229 1564
2218 1567
2217 1564
2204 1587
2205 1588
2210 1585
2299 1612
2297 1614
2281 1590
2284 1583
2251 1616
2266 1607
2264 1605
2257 1622
2270 1625
2271 1626
2262 1445
2263 1446
2249 1438
2250 1437
2252 1441
2646 1798
2646 1794
2616 1810
2608 1798
2652 1750
2650 1752
2647 1743
2642 1742
2641 1741
2242 1572
2242 1570
2228 1564
2217 1567
2216 1564
2204 1586
2205 1589
2300 1612
2296 1614
2284 1582
2251 1617
2258 1622
2257 1623
2271 1627
2261 1445
2262 1446
2264 1446
2248 1438
2252 1442
2645 1798
2646 1799
2645 1794
2616 1811
2608 1799
2608 1797
2653 1750
2652 1751
2647 1744
2647 1742
2641 1740
2243 1572
2216 1567
2216 1563
2203 1586
2205 1590
2301 1612
2300 1613
2295 1614
2284 1581
2252 1617
2258 1623
2257 1624
2272 1627
2270 1627
2260 1445
2265 1446
2248 1437
2252 1443
2644 1798
2646 1800
2645 1793
2617 1811
2615 1811
2607 1799
2653 1749
2648 1744
2244 1572
2215 1567
2216 1568
2215 1563
2202 1586
2203 1585
2206 1590
2204 1590
2301 1613
2295 1613
2285 1581
2252 1618
2259 1623
2273 1627
2259 1445
2266 1446
2248 1436
2253 1443
2251 1443
2644 1799
2646 1801
2645 1792
2618 1811
2615 1812
2606 1799
2653 1748
2245 1572
2244 1573
2214 1567
2215 1566
2216 1569
2215 1562
2201 1586
2203 1584
2207 1590
2206 1591
2204 1591
2301 1614
2294 1613
2259 1624
2273 1628
2258 1445
2259 1446
2247 1436
2248 1435
2254 1443
2253 1444
2250 1443
2645 1801
2644 1792
2619 1811
2618 1812
2615 1813
2606 1800
2653 1747
2246 1572
2245 1573
2213 1567
2214 1566
2215 1569
2214 1562
2215 1561
2200 1586
2201 1587
2203 1583
2208 1590
2206 1592
2301 1615
2294 1612
2274 1628
2273 1629
2258 1446
2246 1436
2248 1434
2249 1443
2645 1802
2643 1792
2620 1811
2619 1812
2615 1814
2606 1801
2246 1571
2245 1574
2212 1567
2214 1569
2213 1562
2214 1561
2216 1561
2215 1560
2199 1586
2202 1583
2203 1582
2208 1591
2206 1593
2301 1616
2294 1611
2275 1628
2274 1629
2272 1629
2258 1447
2245 1436
2247 1434
2248 1433
2248 1443
2249 1444
2249 1442
2644 1802
2643 1793
2621 1811
2616 1814
2614 1814
2607 1801
2606 1802
2246 1574
2211 1567
2213 1569
2214 1570
2212 1562
2213 1561
2214 1560
2217 1561
2216 1560
2215 1559
2199 1587
2199 1585
2202 1582
2203 1581
2205 1593
2206 1594
2300 1616
2294 1610
2276 1628
2275 1629
2258 1448
2245 1437
2246 1434
2248 1432
2247 1443
2249 1445
2643 1802
2613 1814
2605 1802
2606 1803
2246 1575
2210 1567
2211 1562
2218 1561
2215 1558
2198 1587
2199 1584
2201 1582
2203 1580
2206 1595
2299 1616
2300 1617
2293 1610
2275 1630
2257 1448
2258 1449
2244 1437
2245 1438
2245 1434
2247 1432
2246 1443
2642 1802
2612 1814
2613 1815
2604 1802
2606 1804
2246 1576
2209 1567
2211 1563
2211 1561
2218 1562
2197 1587
2199 1583
2203 1579
2298 1616
2299 1615
2300 1618
2275 1631
2256 1448
2259 1449
2247 1431
2246 1442
2642 1803
2612 1813
2613 1816
2607 1804
2606 1805
2246 1577
2209 1568
2209 1566
2210 1563
2211 1560
2197 1588
2197 1586
2198 1583
2298 1617
2299 1614
2301 1618
2275 1632
2247 1430
2245 1442
2612 1812
2612 1816
2613 1817
2607 1805
2605 1805
2606 1806
2209 1569
2208 1566
2210 1564
2210 1560
2196 1588
2197 1589
2196 1586
2197 1583
2297 1617
2302 1618
2276 1632
2275 1633
2246 1430
2244 1442
2245 1441
2611 1816
2614 1817
2607 1806
2604 1805
2606 1807
2208 1569
2209 1560
2198 1589
2297 1618
2302 1619
2277 1632
2274 1633
2275 1634
2246 1429
2244 1443
2244 1441
2610 1816
2611 1817
2614 1818
2606 1808
2207 1569
2208 1560
2209 1559
2198 1590
2303 1619
2278 1632
2275 1635
2246 1428
2243 1443
2609 1816
2615 1818
2607 1808
2206 1569
2207 1570
2207 1560
2208 1561
2199 1590
2304 1619
2303 1620
2276 1635
2275 1636
2245 1428
2246 1427
2242 1443
2609 1817
2616 1818
2607 1809
2205 1569
2207 1571
2206 1560
2207 1559
2200 1590
2304 1620
2304 1618
2277 1635
2274 1636
2275 1637
2247 1427
2246 1426
2241 1443
2242 1444
2608 1817
2616 1817
2607 1810
2205 1570
2206 1561
2207 1558
2200 1591
2200 1589
2304 1621
2305 1618
2278 1635
2273 1636
2274 1637
2275 1638
2248 1427
2246 1425
2240 1443
2241 1442
2242 1445
2607 1817
2608 1810
2607 1811
2205 1571
2206 1558
2200 1592
2200 1588
2304 1622
2305 1617
2278 1634
2272 1636
2273 1637
2274 1638
2275 1639
2248 1428
2245 1425
2246 1424
2239 1443
2241 1445
2608 1811
2607 1812
2204 1571
2206 1557
2199 1592
2304 1623
2279 1634
2272 1637
2276 1639
2249 1428
2244 1425
2247 1424
2238 1443
2241 1446
2608 1812
2607 1813
2206 1556
2199 1593
2303 1623
2304 1624
2280 1634
2271 1637
2277 1639
2249 1429
2243 1425
2247 1423
2237 1443
2238 1444
2238 1442
2241 1447
2609 1812
2207 1556
2206 1555
2198 1593
2303 1624
2304 1625
2281 1634
2271 1638
2277 1640
2277 1638
2249 1430
2242 1425
2247 1422
2238 1445
2242 1447
2241 1448
2207 1555
2206 1554
2197 1593
2302 1624
2304 1626
2282 1634
2281 1635
2271 1639
2277 1641
2250 1430
2242 1426
2242 1424
2246 1422
2247 1421
2238 1446
2240 1448
2205 1554
2206 1553
2196 1593
2301 1624
2303 1626
2304 1627
2283 1634
2281 1636
2270 1639
2278 1641
2251 1430
2242 1427
2242 1423
2248 1421
2239 1446
2237 1446
2239 1448
2240 1449
2204 1554
2205 1553
2206 1552
2196 1594
2300 1624
2304 1628
2283 1635
2283 1633
2281 1637
2269 1639
2252 1430
2251 1429
2241 1427
2242 1422
2248 1420
2236 1446
2240 1450
2207 1552
2196 1595
2299 1624
2300 1625
2303 1628
2284 1633
2281 1638
2268 1639
2252 1431
2241 1428
2242 1421
2249 1420
2235 1446
2236 1447
2239 1450
2240 1451
2208 1552
2207 1551
2197 1595
2196 1596
2285 1633
2282 1638
2280 1638
2267 1639
2241 1429
2241 1421
2242 1420
2250 1420
2249 1419
2234 1446
2235 1447
2238 1450
2241 1451
2207 1550
2196 1597
2285 1632
2283 1638
2267 1640
2267 1638
2241 1430
2240 1421
2241 1420
2243 1420
2242 1419
2251 1420
2233 1446
2238 1451
2242 1451
2208 1550
2197 1597
2195 1597
2286 1632
2284 1638
2283 1639
2266 1640
2267 1641
2267 1637
2241 1431
2239 1421
2241 1419
2244 1420
2251 1419
2232 1446
2233 1447
2238 1452
2243 1451
2209 1550
2198 1597
2194 1597
2287 1632
2285 1638
2284 1637
2283 1640
2265 1640
2267 1642
2268 1637
2242 1431
2241 1432
2238 1421
2239 1422
2239 1420
2241 1418
2252 1419
2231 1446
2233 1448
2238 1453
2244 1451
2243 1452
2194 1598
2288 1632
2282 1640
2264 1640
2265 1641
2268 1642
2268 1636
2243 1431
2240 1418
2241 1417
2253 1419
2231 1447
2231 1445
2233 1449
2237 1453
2245 1451
2244 1452
2243 1453
2193 1598
2194 1599
2289 1632
2282 1641
2265 1642
2269 1642
2269 1636
2241 1416
2253 1420
2253 1418
2230 1447
2231 1448
2230 1445
2236 1453
2245 1452
2244 1453
2242 1453
2243 1454
2194 1600
2269 1641
2270 1636
2242 1416
2253 1421
2254 1418
2253 1417
2229 1445
2236 1454
2236 1452
2242 1454
2195 1600
2193 1600
2270 1641
2270 1635
2243 1416
2242 1415
2254 1421
2253 1422
2252 1417
2228 1445
2236 1455
2196 1600
2195 1601
2192 1600
2244 1416
2243 1417
2242 1414
2253 1423
2252 1416
2228 1446
2228 1444
2236 1456
2196 1599
2192 1599
2244 1415
2243 1414
2241 1414
2242 1413
2254 1423
2253 1424
2252 1415
2228 1447
2237 1456
2235 1456
2236 1457
2191 1599
2245 1415
2241 1413
2242 1412
2255 1423
2252 1424
2227 1447
2228 1448
2238 1456
2234 1456
2190 1599
2191 1598
2245 1414
2240 1413
2255 1424
2228 1449
2239 1456
2233 1456
2189 1599
2191 1597
2245 1413
2239 1413
2240 1412
2256 1424
2255 1425
2229 1449
2228 1450
2239 1455
2233 1455
2189 1600
2192 1597
2245 1412
2239 1412
2257 1424
2228 1451
2232 1455
2188 1600
2192 1596
2246 1412
2238 1412
2257 1425
2257 1423
2227 1451
2187 1600
2192 1595
2246 1411
2237 1412
2238 1411
2258 1425
2257 1426
2226 1451
2186 1600
2187 1601
2191 1595
2247 1411
2246 1410
2237 1413
2258 1426
2225 1451
2185 1600
2191 1594
2248 1411
2245 1410
2236 1413
2259 1426
2225 1452
2225 1450
2185 1601
2185 1599
2191 1593
2248 1412
2248 1410
2244 1410
2245 1409
2235 1413
2259 1427
2224 1452
2184 1601
2185 1598
2192 1593
2249 1412
2248 1409
2245 1408
2234 1413
2235 1414
2235 1412
2259 1428
2224 1453
2184 1602
2186 1598
2184 1598
2250 1412
2246 1408
2233 1413
2235 1415
2235 1411
2258 1428
2223 1453
2224 1454
2184 1603
2183 1598
2184 1597
2246 1407
2233 1414
2233 1412
2234 1415
2236 1411
2258 1429
2222 1453
2223 1454
2225 1454
2184 1604
2182 1598
2183 1597
2247 1407
2232 1414
2233 1415
2236 1410
2258 1430
2221 1453
2223 1455
2226 1454
2184 1605
2183 1596
2248 1407
2232 1415
2257 1430
2220 1453
2223 1456
2227 1454
2183 1605
2184 1606
2183 1595
2248 1406
2232 1416
2220 1454
2222 1456
2223 1457
2228 1454
2182 1605
2185 1606
2184 1595
2183 1594
2249 1406
2231 1416
2219 1454
2224 1457
2229 1454
2228 1455
2181 1605
2182 1606
2185 1607
2184 1594
2182 1594
2250 1406
2230 1416
2218 1454
2186 1607
2184 1593
2182 1593
2250 1407
2250 1405
2229 1416
2217 1454
2218 1455
2186 1608
2185 1593
2181 1593
2251 1405
2229 1417
2218 1456
2186 1609
2186 1593
2185 1592
2180 1593
2252 1405
2228 1417
2229 1418
2218 1457
2185 1609
2186 1610
2187 1593
2185 1591
2180 1594
2252 1406
2229 1419
2217 1457
2218 1458
2187 1610
2186 1611
2188 1593
2187 1592
2186 1591
2179 1594
2253 1406
2252 1407
2228 1419
2229 1420
2216 1457
2219 1458
2218 1459
2188 1610
2188 1594
2179 1595
2254 1406
2228 1420
2215 1457
2218 1460
2188 1611
2189 1594
2178 1595
2179 1596
2255 1406
2254 1407
2227 1420
2215 1458
2215 1456
2219 1460
2217 1460
2188 1612
2189 1595
2177 1595
2180 1596
2255 1405
2254 1408
2227 1421
2215 1459
2214 1456
2220 1460
2189 1612
2188 1613
2176 1595
2256 1405
2255 1404
2255 1408
2227 1422
2214 1459
2214 1455
2221 1460
2190 1612
2189 1613
2187 1613
2176 1596
2176 1594
2257 1405
2254 1404
2256 1408
2255 1409
2228 1422
2226 1422
2213 1459
2214 1454
2191 1612
2190 1613
2187 1614
2176 1597
2175 1594
2176 1593
2258 1405
2257 1406
2254 1403
2257 1408
2229 1422
2228 1423
2226 1423
2212 1459
2213 1458
2213 1454
2214 1453
2192 1612
2190 1614
2186 1614
2187 1615
2177 1597
2175 1597
2174 1594
2175 1593
2258 1404
2258 1408
2229 1423
2225 1423
2226 1424
2211 1459
2212 1458
2213 1453
2215 1453
2193 1612
2192 1613
2190 1615
2185 1614
2174 1597
2173 1594
2174 1595
2175 1592
2258 1403
2259 1408
2258 1409
2229 1424
2224 1423
2225 1424
2226 1425
2210 1459
2211 1460
2211 1458
2213 1452
2216 1453
2215 1452
2193 1611
2191 1615
2185 1615
2174 1598
2174 1596
2174 1592
2258 1402
2259 1409
2258 1410
2223 1423
2224 1422
2227 1425
2209 1459
2211 1461
2213 1451
2192 1615
2191 1616
2184 1615
2185 1616
2173 1592
2174 1591
2257 1402
2258 1401
2260 1409
2258 1411
2222 1423
2228 1425
2227 1426
2209 1460
2209 1458
2212 1461
2212 1451
2213 1450
2191 1617
2183 1615
2185 1617
2172 1592
2173 1591
2174 1590
2257 1401
2259 1401
2258 1400
2261 1409
2258 1412
2221 1423
2228 1426
2227 1427
2208 1460
2209 1457
2213 1461
2212 1462
2212 1450
2192 1617
2190 1617
2191 1618
2183 1614
2186 1617
2184 1617
2185 1618
2172 1593
2172 1591
2174 1589
2257 1400
2260 1401
2259 1400
2262 1409
2259 1412
2258 1413
2221 1424
2221 1422
2229 1426
2207 1460
2214 1461
2213 1462
2212 1463
2211 1450
2192 1618
2189 1617
2182 1614
2187 1617
2171 1593
2171 1591
2172 1590
2174 1588
2257 1399
2261 1401
2260 1400
2263 1409
2260 1412
2257 1413
2220 1422
2230 1426
2229 1427
2207 1461
2207 1459
2215 1461
2213 1463
2212 1464
2210 1450
2189 1618
2189 1616
2182 1613
2171 1594
2170 1591
2171 1590
2172 1589
2175 1588
2256 1399
2257 1398
2261 1402
2260 1399
2264 1409
2261 1412
2256 1413
2219 1422
2231 1426
2230 1427
2206 1461
2207 1462
2206 1459
2215 1462
2213 1464
2209 1450
2182 1612
2171 1595
2170 1590
2176 1588
2258 1398
2257 1397
2265 1409
2264 1410
2261 1413
2255 1413
2256 1414
2219 1423
2219 1421
2231 1427
2230 1428
2208 1462
2215 1463
2213 1465
2208 1450
2170 1595
2171 1596
2170 1589
2177 1588
2258 1397
2256 1397
2265 1410
2264 1411
2261 1414
2255 1414
2255 1412
2218 1423
2219 1420
2231 1428
2208 1463
2216 1463
2213 1466
2208 1451
2172 1596
2171 1597
2177 1589
2177 1587
2258 1396
2255 1397
2266 1410
2263 1411
2262 1414
2261 1415
2255 1411
2217 1423
2218 1424
2220 1420
2219 1419
2231 1429
2209 1463
2216 1464
2214 1466
2212 1466
2208 1452
2170 1597
2178 1589
2177 1586
2258 1395
2255 1398
2267 1410
2266 1411
2254 1411
2218 1425
2219 1418
2231 1430
2209 1464
2217 1464
2215 1466
2212 1467
2208 1453
2169 1597
2179 1589
2176 1586
2177 1585
2258 1394
2254 1398
2268 1410
2266 1412
2217 1425
2218 1418
2232 1430
2231 1431
2209 1465
2215 1465
2212 1468
2207 1453
2168 1597
2169 1598
2180 1589
2175 1586
2177 1584
2259 1394
2257 1394
2253 1398
2268 1411
2268 1409
2267 1412
2265 1412
2216 1425
2217 1426
2217 1418
2218 1417
2233 1430
2231 1432
2484 1142
2213 1468
2211 1468
2206 1453
2167 1597
2168 1596
2180 1590
2174 1586
2176 1584
2177 1583
2260 1394
2256 1394
2252 1398
2253 1397
2269 1409
2267 1413
2265 1413
2215 1425
2216 1426
2216 1424
2216 1418
2218 1416
2234 1430
2233 1429
2232 1432
2230 1432
2485 1142
2211 1469
2166 1597
2167 1598
2167 1596
2177 1582
2261 1394
2260 1395
2255 1394
2251 1398
2252 1397
2253 1396
2270 1409
2267 1414
2264 1413
2265 1414
2214 1425
2216 1427
2215 1418
2216 1419
2216 1417
2218 1415
2235 1430
2232 1433
2230 1433
2488 1138
2210 1469
2165 1597
2166 1598
2166 1596
2167 1599
2176 1582
2177 1581
2262 1394
2261 1393
2255 1393
2250 1398
2251 1397
2252 1396
2270 1408
2268 1414
2263 1413
2214 1426
2214 1424
2216 1428
2215 1417
2219 1415
2217 1415
2236 1430
2233 1433
2232 1434
2230 1434
2486 1142
2488 1139
2210 1470
2165 1596
2167 1600
2175 1582
2178 1581
2263 1394
2254 1393
2250 1399
2252 1395
2270 1407
2269 1414
2213 1426
2213 1424
2214 1423
2217 1428
2215 1428
2214 1417
2217 1414
2236 1431
2234 1433
2233 1434
2230 1435
2487 1140
2164 1596
2167 1601
2174 1582
2179 1581
2264 1394
2254 1392
2249 1399
2250 1400
2251 1395
2271 1407
2270 1414
2269 1415
2212 1424
2214 1422
2213 1417
2216 1414
2217 1413
2230 1436
2487 1142
2488 1140
2163 1596
2164 1595
2168 1601
2167 1602
2173 1582
2179 1582
2179 1580
2264 1393
2254 1391
2248 1399
2249 1400
2250 1395
2251 1394
2272 1407
2269 1416
2212 1423
2214 1421
2213 1416
2217 1412
2231 1436
2230 1437
2488 1142
2163 1597
2163 1595
2167 1603
2172 1582
2180 1582
2179 1579
2264 1392
2255 1391
2253 1391
2248 1400
2248 1398
2250 1396
2273 1407
2272 1408
2272 1406
2270 1416
2211 1423
2213 1421
2212 1416
2218 1412
2216 1412
2229 1437
2489 1140
2489 1142
2163 1598
2162 1595
2166 1603
2172 1583
2181 1582
2180 1579
2179 1578
2265 1392
2264 1391
2256 1391
2255 1390
2253 1390
2247 1400
2248 1401
2248 1397
2249 1396
2274 1407
2273 1408
2271 1416
2211 1422
2212 1415
2219 1412
2218 1411
2229 1438
2489 1141
2490 1141
2164 1598
2162 1598
2162 1594
2166 1604
2171 1583
2181 1583
2179 1577
2264 1390
2255 1389
2249 1397
2247 1397
2274 1408
2273 1409
2272 1416
2211 1415
2220 1412
2229 1439
2491 1141
2493 1140
2162 1599
2162 1593
2165 1604
2170 1583
2178 1577
2179 1576
2264 1389
2254 1389
2255 1388
2246 1397
2247 1396
2273 1416
2272 1417
2272 1415
2221 1412
2230 1439
2229 1440
2492 1141
2162 1600
2161 1593
2162 1592
2164 1604
2169 1583
2170 1584
2177 1577
2179 1575
2265 1389
2255 1387
2246 1396
2273 1417
2272 1414
2222 1412
2231 1439
2228 1440
2494 1141
2163 1600
2161 1600
2162 1601
2162 1591
2164 1603
2168 1583
2180 1575
2178 1575
2266 1389
2265 1388
2256 1387
2245 1396
2246 1395
2274 1417
2273 1418
2272 1413
2222 1411
2232 1439
2231 1440
2493 1141
2493 1142
2160 1600
2161 1601
2161 1591
2181 1575
2177 1575
2267 1389
2265 1387
2257 1387
2256 1386
2246 1394
2275 1417
2273 1419
2271 1413
2272 1412
2222 1410
2493 1150
2492 1149
2160 1601
2160 1599
2161 1590
2182 1575
2181 1574
2176 1575
2268 1389
2267 1390
2267 1388
2266 1387
2265 1386
2258 1387
2257 1386
2245 1394
2246 1393
2271 1412
2221 1410
2222 1409
2493 1143
2493 1149
2159 1601
2160 1602
2159 1599
2161 1589
2182 1576
2181 1573
2175 1575
2176 1574
2269 1389
2267 1387
2258 1388
2258 1386
2244 1394
2270 1412
2223 1409
2493 1144
2494 1149
2159 1602
2161 1588
2183 1576
2182 1577
2182 1573
2180 1573
2174 1575
2270 1389
2269 1390
2259 1388
2258 1389
2258 1385
2244 1393
2224 1409
2493 1145
2494 1148
2494 1145
2159 1603
2160 1588
2182 1578
2179 1573
2180 1572
2173 1575
2270 1390
2258 1384
2244 1392
2225 1409
2224 1408
2494 1147
2159 1604
2159 1588
2160 1587
2183 1578
2182 1579
2180 1571
2172 1575
2173 1574
2271 1390
2270 1391
2258 1383
2226 1409
2225 1410
2224 1407
2494 1146
2160 1604
2158 1604
2158 1588
2184 1578
2179 1571
2171 1575
2272 1390
2259 1383
2258 1382
2227 1409
2223 1407
2495 1146
2160 1605
2157 1604
2157 1588
2185 1578
2184 1577
2178 1571
2170 1575
2273 1390
2272 1389
2260 1383
2257 1382
2258 1381
2228 1409
2222 1407
2496 1144
2496 1146
2157 1605
2157 1603
2157 1587
2186 1578
2177 1571
2178 1572
2169 1575
2272 1388
2258 1380
2229 1409
2222 1406
2497 1144
2157 1606
2157 1602
2156 1587
2187 1578
2177 1570
2168 1575
2272 1387
2259 1380
2229 1408
2221 1406
2497 1146
2498 1144
2158 1606
2156 1602
2157 1601
2156 1586
2188 1578
2176 1570
2168 1576
2273 1387
2260 1380
2230 1408
2229 1407
2221 1405
2498 1146
2498 1145
2158 1607
2156 1601
2155 1586
2188 1577
2175 1570
2167 1576
2274 1387
2260 1379
2229 1406
2220 1405
2221 1404
2499 1145
2500 1145
2158 1608
2155 1601
2154 1586
2174 1570
2175 1569
2166 1576
2167 1577
2275 1387
2261 1379
2260 1378
2229 1405
2219 1405
2222 1404
2499 1148
2157 1608
2154 1601
2153 1586
2173 1570
2175 1568
2165 1576
2166 1575
2275 1386
2262 1379
2259 1378
2229 1404
2218 1405
2219 1404
2223 1404
2222 1403
2500 1146
2499 1147
2156 1608
2153 1601
2152 1586
2153 1587
2176 1568
2175 1567
2165 1575
2166 1574
2275 1385
2262 1380
2258 1378
2230 1404
2217 1405
2219 1403
2223 1403
2222 1402
2502 1145
2500 1147
2156 1609
2153 1602
2153 1600
2152 1587
2152 1585
2177 1568
2167 1574
2166 1573
2263 1380
2257 1378
2230 1403
2217 1406
2220 1403
2218 1403
2221 1402
2502 1146
2501 1147
2155 1609
2153 1599
2152 1588
2152 1584
2177 1567
2167 1573
2264 1380
2256 1378
2231 1403
2216 1406
2217 1407
2221 1401
2503 1146
2155 1610
2152 1599
2153 1598
2152 1589
2151 1584
2178 1567
2168 1573
2264 1381
2256 1379
2256 1377
2232 1403
2231 1402
2215 1406
2216 1407
2218 1407
2221 1400
2502 1147
2155 1611
2153 1597
2150 1584
2151 1583
2178 1566
2168 1572
2265 1381
2255 1379
2255 1377
2256 1376
2233 1403
2232 1404
2231 1401
2214 1406
2215 1405
2219 1407
2220 1400
2221 1399
2504 1147
2503 1147
2156 1611
2154 1597
2152 1597
2150 1585
2150 1583
2178 1565
2169 1572
2266 1381
2255 1376
2257 1376
2233 1402
2232 1405
2232 1401
2231 1400
2213 1406
2215 1404
2221 1398
2503 1148
2503 1149
2157 1611
2155 1597
2154 1596
2151 1597
2150 1582
2178 1564
2170 1572
2267 1381
2266 1382
2254 1376
2232 1400
2231 1399
2212 1406
2213 1407
2215 1403
2221 1397
2504 1149
2504 1150
2504 1151
2157 1612
2157 1610
2154 1595
2150 1581
2178 1563
2267 1380
2266 1383
2253 1376
2254 1375
2232 1399
2230 1399
2211 1406
2212 1407
2214 1403
2215 1402
2222 1397
2220 1397
2503 1152
2502 1153
2504 1152
2157 1613
2155 1595
2151 1581
2149 1581
2150 1580
2178 1562
2267 1379
2267 1383
2252 1376
2253 1377
2254 1374
2233 1399
2230 1398
2210 1406
2211 1407
2213 1403
2223 1397
2222 1396
2503 1153
2509 1161
2504 1153
2507 1162
2508 1161
2158 1613
2156 1613
2155 1594
2152 1581
2150 1579
2179 1562
2177 1562
2266 1379
2267 1378
2268 1383
2252 1377
2253 1378
2253 1374
2254 1373
2233 1398
2230 1397
2211 1408
2212 1403
2213 1404
2223 1398
2223 1396
2504 1154
2507 1161
2505 1154
2507 1160
2505 1155
2507 1159
2159 1613
2156 1614
2156 1594
2153 1581
2152 1580
2151 1579
2149 1579
2176 1562
2268 1378
2267 1377
2269 1383
2252 1378
2253 1373
2254 1372
2234 1398
2231 1397
2229 1397
2210 1408
2211 1403
2505 1156
2506 1157
2505 1160
2506 1159
2505 1157
2160 1613
2159 1612
2156 1615
2157 1594
2156 1593
2154 1581
2149 1578
2175 1562
2269 1378
2266 1377
2269 1382
2251 1378
2252 1379
2254 1371
2235 1398
2231 1396
2228 1397
2210 1403
2211 1402
2505 1159
2505 1158
2504 1158
2503 1158
2161 1613
2155 1615
2157 1595
2157 1593
2155 1581
2149 1577
2175 1563
2175 1561
2265 1377
2266 1376
2270 1382
2250 1378
2252 1380
2254 1370
2235 1399
2235 1397
2232 1396
2231 1395
2227 1397
2209 1403
2211 1401
2502 1158
2495 1154
2495 1158
2501 1158
2495 1155
2162 1613
2155 1616
2158 1593
2157 1592
2156 1581
2155 1582
2150 1577
2148 1577
2149 1576
2174 1563
2174 1561
2264 1377
2266 1375
2271 1382
2249 1378
2252 1381
2254 1369
2236 1399
2235 1396
2232 1395
2226 1397
2208 1403
2209 1402
2212 1401
2211 1400
2495 1157
2501 1157
2495 1156
2501 1156
2496 1156
2499 1155
2163 1613
2162 1612
2154 1616
2155 1617
2157 1591
2156 1580
2155 1583
2150 1576
2147 1577
2174 1560
2263 1377
2264 1376
2267 1375
2265 1375
2272 1382
2271 1383
2249 1379
2253 1381
2254 1368
2226 1398
2207 1403
2213 1401
2211 1399
2500 1156
2497 1156
2499 1156
2497 1157
2499 1157
2164 1613
2162 1611
2153 1616
2155 1618
2158 1591
2156 1583
2155 1584
2151 1576
2150 1575
2146 1577
2147 1576
2173 1560
2265 1374
2272 1381
2254 1381
2253 1382
2255 1368
2253 1368
2254 1367
2225 1398
2207 1404
2214 1401
2211 1398
2498 1157
2498 1158
2496 1159
2498 1159
2497 1159
2498 1160
2497 1160
2165 1613
2163 1611
2161 1611
2162 1610
2153 1615
2156 1618
2154 1618
2158 1590
2156 1584
2150 1574
2145 1577
2146 1576
2173 1559
2265 1373
2272 1380
2254 1380
2253 1383
2255 1367
2252 1368
2254 1366
2206 1404
2212 1398
2210 1398
2496 1161
2497 1161
2497 1162
2497 1163
2500 1167
2502 1167
2499 1162
2498 1163
2166 1613
2163 1610
2160 1611
2161 1610
2162 1609
2153 1614
2156 1619
2153 1618
2151 1574
2150 1573
2145 1576
2172 1559
2271 1380
2272 1379
2254 1383
2253 1384
2256 1367
2252 1369
2205 1404
2213 1398
2501 1167
2499 1163
2501 1166
2499 1164
2501 1165
2167 1613
2164 1610
2163 1609
2157 1619
2156 1620
2153 1619
2152 1574
2151 1573
2149 1573
2171 1559
2272 1378
2257 1367
2251 1369
2204 1404
2205 1405
2205 1403
2213 1397
2500 1164
2501 1164
2502 1164
2503 1164
2504 1164
2506 1164
2505 1164
2505 1165
2167 1614
2167 1612
2153 1620
2152 1573
2151 1572
2148 1573
2170 1559
2171 1560
2271 1378
2258 1367
2257 1366
2250 1369
2203 1404
2205 1406
2205 1402
2213 1396
2505 1167
2505 1166
2506 1166
2507 1166
2508 1166
3170 2509
2168 1612
2152 1620
2152 1572
2151 1571
2148 1574
2169 1559
2171 1561
2271 1377
2259 1367
2257 1365
2249 1369
2250 1368
2202 1404
2203 1405
2205 1407
2205 1401
2212 1396
3173 2514
3163 2510
3169 2509
2169 1612
2168 1611
2151 1620
2152 1621
2153 1572
2151 1570
2168 1559
2172 1561
2170 1561
2271 1376
2259 1368
2249 1370
2249 1368
2250 1367
2203 1406
2206 1401
2212 1395
3172 2514
3164 2510
3163 2511
2169 1613
2169 1611
2150 1620
2151 1619
2152 1622
2153 1571
2167 1559
2168 1558
2170 1562
2270 1376
2271 1375
2259 1369
2249 1371
2248 1368
2251 1367
2203 1407
2206 1400
3162 2512
3168 2509
2170 1611
2169 1610
2149 1620
2151 1622
2154 1571
2166 1559
2168 1557
2270 1375
2272 1375
2271 1374
2259 1370
2247 1368
2203 1408
3171 2514
3164 2511
3163 2512
2171 1611
2149 1619
2151 1623
2155 1571
2165 1559
2166 1560
2169 1557
2167 1557
2168 1556
2271 1373
2260 1370
2258 1370
2246 1368
2247 1367
2203 1409
3513 3082
3514 3082
3515 3082
3515 3083
3515 3081
3516 3083
3515 3080
3517 3083
3516 3084
3516 3080
3518 3083
3517 3084
3516 3085
3516 3079
3519 3083
3515 3085
3517 3079
3516 3078
3519 3084
3514 3085
3516 3077
3519 3085
3514 3084
3516 3076
3520 3085
3515 3076
3521 3085
3520 3086
3514 3076
3522 3085
3521 3084
3520 3087
3513 3076
3514 3075
3523 3085
3521 3083
3521 3087
3520 3088
3514 3074
3523 3086
3523 3084
3522 3083
3521 3082
3522 3087
3520 3089
3513 3074
3524 3084
3523 3083
3521 3089
3513 3073
3524 3083
3521 3090
3513 3072
3525 3083
3513 3071
3526 3083
3513 3070
3526 3082
3513 3069
3527 3082
3526 3081
3514 3069
3512 3069
3528 3082
3526 3080
3515 3069
3512 3068
3529 3082
3526 3079
3516 3069
3515 3070
3512 3067
3530 3082
3529 3083
3529 3081
3527 3079
3516 3068
3515 3071
3512 3066
3531 3082
3528 3079
3516 3067
3516 3071
3513 3066
3511 3066
3512 3065
3531 3081
3529 3079
3528 3078
3516 3066
3517 3071
3516 3072
3511 3065
3531 3080
3529 3078
3528 3077
3516 3065
3518 3071
3516 3073
3510 3065
3531 3079
3518 3072
3518 3070
3531 3078
3518 3073
3518 3069
3531 3077
3531 3076
3530 3076
3530 3075
3529 3075
3528 3075
3529 3074
3529 3073
3530 3073
3531 3073
3531 3074
3531 3072
3532 3074
3531 3071
3533 3074
3532 3071
3530 3071
3534 3074
3533 3073
3533 3071
3530 3070
3535 3074
3529 3070
3536 3074
3529 3069
3536 3073
3528 3069
3529 3068
3536 3072
3527 3069
3537 3072
3536 3071
3538 3072
3535 3071
3539 3072
3538 3073
3535 3070
3540 3072
3539 3073
3534 3070
3541 3072
3534 3069
3542 3072
3541 3073
3542 3073
3542 3071
3542 3074
3542 3070
3543 3070
3542 3069
3543 3069
3544 3069
3543 3068
3545 3069
3543 3067
3545 3070
3545 3068
3544 3067
3542 3067
3543 3066
3546 3068
3545 3067
3541 3067
3543 3065
3547 3068
3545 3066
3540 3067
3542 3065
3548 3068
3547 3067
3539 3067
3540 3066
3542 3064
3549 3068
3548 3067
3547 3066
3538 3067
3541 3064
3542 3063
3547 3065
3538 3066
3541 3063
3548 3065
3538 3065
3541 3062
3549 3065
3537 3065
3538 3064
3540 3062
3541 3061
3549 3064
3536 3065
3539 3064
3549 3063
3536 3066
3550 3063
3549 3062
3551 3063
3548 3062
3549 3061
3552 3063
3551 3062
3547 3062
3549 3060
3553 3063
3551 3061
3546 3062
3549 3059
3554 3063
3545 3062
3546 3063
3546 3061
3550 3059
3549 3058
3555 3063
3554 3064
3554 3062
3545 3063
3549 3057
3556 3063
3544 3063
3550 3057
3548 3057
3550 3056
3547 3057
3550 3055
3546 3057
3551 3055
3550 3054
3545 3057
3552 3055
3550 3053
3545 3058
3545 3056
3553 3055
3550 3052
3544 3056
3554 3055
3553 3056
3549 3052
3550 3051
3554 3054
3548 3052
3550 3050
3555 3054
3548 3051
3550 3049
3555 3053
3548 3050
3550 3048
3555 3052
3547 3050
3551 3048
3550 3047
3556 3052
3547 3049
3550 3046
3557 3052
3546 3049
3547 3048
3550 3045
3558 3052
3557 3053
3545 3049
3551 3045
3550 3044
3559 3052
3558 3053
3552 3045
3551 3044
3560 3052
3558 3054
3553 3045
3552 3044
3551 3043
3553 3046
3552 3043
3551 3042
3553 3043
3552 3042
3554 3043
3555 3043
3554 3042
3554 3041
3554 3040
3553 3040
3554 3039
3554 3038
3553 3038
3554 3037
3552 3038
3555 3037
3551 3038
3556 3037
3550 3038
3557 3037
3556 3036
3549 3038
3558 3037
3548 3038
3549 3039
3549 3037
3559 3037
3558 3038
3548 3037
3559 3038
3558 3039
3547 3037
3559 3039
3546 3037
3560 3039
3545 3037
3546 3036
3560 3040
3546 3035
3560 3041
3545 3035
3546 3034
3561 3041
3544 3035
3545 3034
3547 3034
3546 3033
3561 3042
3544 3034
3548 3034
3562 3042
3561 3043
3543 3034
3548 3033
3563 3042
3562 3043
3560 3043
3542 3034
3549 3033
3564 3042
3563 3041
3562 3044
3560 3044
3541 3034
3542 3035
3550 3033
3565 3042
3564 3043
3562 3045
3559 3044
3541 3033
3542 3036
3551 3033
3550 3034
3565 3041
3564 3044
3561 3045
3541 3032
3542 3037
3552 3033
3551 3032
3564 3045
3541 3031
3542 3038
3553 3033
3551 3031
3564 3046
3541 3030
3541 3038
3554 3033
3551 3030
3565 3046
3540 3030
3541 3029
3554 3034
3551 3029
3566 3046
3540 3029
3541 3028
3551 3028
3567 3046
3539 3029
3540 3028
3552 3028
3550 3028
3567 3047
3567 3045
3538 3029
3540 3027
3553 3028
3549 3028
3568 3045
3538 3030
3538 3028
3540 3026
3553 3029
3553 3027
3569 3045
3537 3030
3538 3031
3537 3028
3541 3026
3540 3025
3554 3029
3570 3045
3569 3046
3569 3044
3542 3026
3539 3025
3555 3029
3571 3045
3570 3044
3569 3043
3556 3029
3571 3046
3570 3043
3569 3042
3557 3029
3556 3030
3556 3028
3571 3047
3569 3041
3558 3029
3556 3031
3572 3047
3568 3041
3559 3029
3573 3047
3572 3048
3568 3040
3559 3028
3574 3047
3572 3049
3568 3039
3560 3028
3574 3046
3573 3049
3572 3050
3569 3039
3561 3028
3575 3046
3574 3049
3571 3050
3572 3051
3570 3039
3561 3029
3561 3027
3575 3049
3574 3050
3570 3050
3570 3038
3562 3027
3561 3026
3575 3050
3574 3051
3569 3050
3570 3051
3570 3049
3570 3037
3563 3027
3561 3025
3576 3050
3575 3051
3571 3037
3564 3027
3576 3051
3572 3037
3564 3026
3577 3051
3573 3037
3565 3026
3564 3025
3578 3051
3574 3037
3573 3038
3566 3026
3565 3025
3579 3051
3573 3039
3567 3026
3566 3025
3579 3052
3574 3039
3573 3040
3567 3025
3566 3024
3579 3053
3575 3039
3568 3025
3580 3053
3578 3053
3576 3039
3575 3040
3569 3025
3580 3054
3578 3054
3577 3039
3576 3040
3576 3038
3570 3025
3569 3026
3581 3054
3577 3054
3578 3039
3576 3037
3570 3024
3582 3054
3581 3055
3576 3054
3578 3038
3577 3037
3570 3023
3583 3054
3582 3053
3581 3056
3575 3054
3578 3037
3569 3023
3584 3054
3582 3052
3581 3057
3568 3023
3584 3053
3582 3051
3581 3058
3568 3022
3583 3051
3582 3050
3582 3058
3580 3058
3581 3059
3567 3022
3568 3021
3581 3050
3583 3058
3580 3059
3566 3022
3568 3020
3581 3049
3583 3059
3579 3059
3565 3022
3567 3020
3568 3019
3583 3060
3578 3059
3564 3022
3565 3021
3566 3020
3567 3019
3568 3018
3584 3060
3578 3060
3578 3058
3564 3021
3566 3019
3567 3018
3569 3018
3578 3061
3578 3057
3570 3018
3578 3062
3577 3057
3570 3019
3578 3063
3576 3057
3571 3019
3570 3020
3578 3064
3576 3058
3571 3020
3579 3064
3577 3064
3572 3020
3580 3064
3579 3065
3576 3064
3573 3020
3580 3065
3579 3066
3574 3020
3581 3065
3579 3067
3575 3020
3582 3065
3578 3067
3575 3021
3575 3019
3583 3065
3577 3067
3576 3021
3575 3018
3584 3065
3583 3066
3583 3064
3576 3067
3575 3017
3584 3066
3583 3067
3583 3063
3576 3068
3576 3066
3574 3017
3575 3016
3584 3063
3575 3068
3574 3016
3575 3015
3585 3063
3584 3062
3575 3069
3573 3016
3574 3015
3576 3015
3586 3063
3575 3070
3573 3015
3574 3014
3577 3015
3576 3014
3587 3063
3576 3070
3574 3070
3573 3014
3578 3015
3577 3016
3588 3063
3587 3064
3587 3062
3573 3070
3572 3014
3573 3013
3579 3015
3578 3014
3587 3065
3573 3069
3572 3013
3579 3016
3578 3013
3588 3065
3587 3066
3573 3068
3572 3012
3579 3013
3586 3066
3573 3067
3571 3012
3572 3011
3580 3013
3586 3067
3573 3066
3570 3012
3572 3010
3581 3013
3580 3012
3586 3068
3572 3066
3570 3011
3573 3010
3572 3009
3582 3013
3587 3068
3571 3066
3574 3010
3571 3009
3572 3008
3583 3013
3582 3012
3587 3069
3570 3066
3575 3010
3574 3011
3574 3009
3571 3008
3584 3013
3582 3011
3588 3069
3569 3066
3570 3065
3575 3009
3570 3008
3585 3013
3582 3010
3589 3069
3588 3070
3569 3067
3570 3064
3575 3008
3570 3007
3585 3012
3582 3009
3588 3071
3568 3067
3571 3064
3575 3007
3570 3006
3586 3012
3585 3011
3583 3009
3581 3009
3582 3008
3587 3071
3567 3067
3572 3064
3571 3063
3569 3006
3587 3012
3584 3009
3580 3009
3582 3007
3586 3071
3587 3072
3566 3067
3573 3064
3569 3005
3587 3011
3585 3009
3582 3006
3585 3071
3587 3073
3565 3067
3566 3068
3574 3064
3569 3004
3588 3011
3583 3006
3581 3006
3584 3071
3585 3070
3588 3073
3564 3067
3574 3065
3570 3004
3588 3010
3583 3005
3584 3072
3585 3069
3589 3073
3564 3068
3564 3066
3575 3065
3570 3003
3589 3010
3583 3072
3584 3073
3590 3073
3589 3074
3563 3068
3564 3065
3571 3003
3570 3002
3589 3009
3582 3072
3590 3074
3563 3069
3564 3064
3572 3003
3570 3001
3590 3009
3582 3071
3590 3075
3562 3069
3565 3064
3573 3003
3572 3004
3571 3001
3590 3008
3591 3075
3561 3069
3562 3070
3565 3063
3572 3001
3590 3007
3592 3075
3562 3071
3566 3063
3565 3062
3573 3001
3591 3007
3592 3076
3592 3074
3563 3071
3562 3072
3567 3063
3592 3007
3592 3077
3561 3072
3593 3007
3593 3077
3592 3078
3560 3072
3594 3007
3593 3008
3594 3077
3591 3078
3594 3006
3594 3078
3594 3076
3590 3078
3594 3005
3595 3078
3594 3079
3589 3078
3590 3079
3594 3004
3596 3078
3593 3079
3588 3078
3589 3077
3590 3080
3594 3003
3597 3078
3593 3080
3589 3080
3590 3081
3593 3003
3598 3078
3593 3081
3589 3081
3591 3081
3590 3082
3592 3003
3593 3002
3599 3078
3593 3082
3588 3081
3589 3082
3592 3002
3593 3001
3599 3079
3599 3077
3592 3082
3593 3083
3587 3081
3589 3083
3591 3002
3594 3001
3593 3000
3599 3080
3599 3076
3594 3083
3586 3081
3588 3083
3590 3002
3592 3000
3593 2999
3600 3080
3600 3076
3595 3083
3585 3081
3588 3084
3589 3002
3590 3001
3594 2999
3593 2998
3600 3075
3596 3083
3595 3084
3584 3081
3587 3084
3595 2999
3601 3075
3595 3085
3583 3081
3586 3084
3596 2999
3595 3000
3595 2998
3602 3075
3601 3074
3596 3085
3594 3085
3582 3081
3597 2999
3595 2997
3601 3073
3597 3085
3593 3085
3598 2999
3594 2997
3595 2996
3600 3073
3601 3072
3598 3085
3597 3086
3592 3085
3598 3000
3598 2998
3594 2996
3599 3073
3601 3071
3599 3085
3592 3086
3599 3000
3598 3001
3598 2997
3598 3073
3599 3072
3602 3071
3601 3070
3600 3085
3599 3086
3599 3084
3600 3000
3599 3001
3598 3002
3597 2997
3598 2996
3597 3073
3603 3071
3600 3070
3601 3069
3601 3085
3599 3087
3601 3000
3598 3003
3599 2996
3598 2995
3596 3073
3604 3071
3599 3070
3602 3085
3601 3084
3601 3001
3599 3003
3600 2996
3597 2995
3598 2994
3595 3073
3604 3072
3603 3085
3602 3086
3601 3083
3602 3001
3601 3002
3599 3004
3601 2996
3596 2995
3599 2994
3605 3072
3603 3086
3603 3084
3602 3087
3602 3002
3599 3005
3602 2996
3596 2994
3600 2994
3606 3072
3603 3087
3604 3084
3602 3088
3599 3006
3603 2996
3602 2997
3596 2993
3600 2993
3606 3071
3604 3083
3601 3088
3602 3089
3598 3006
3604 2996
3603 2995
3602 2998
3596 2992
3601 2993
3600 2992
3606 3070
3604 3082
3601 3089
3602 3090
3598 3007
3605 2996
3604 2995
3601 2998
3596 2991
3607 3070
3606 3069
3604 3081
3603 3090
3602 3091
3598 3008
3606 2996
3605 2995
3596 2990
3608 3070
3606 3068
3604 3080
3604 3090
3601 3091
3598 3009
3607 2996
3606 2997
3597 2990
3596 2989
3608 3071
3608 3069
3607 3068
3606 3067
3605 3080
3603 3080
3604 3079
3604 3091
3598 3010
3608 2996
3598 2990
3596 2988
3609 3071
3607 3067
3606 3080
3605 3091
3604 3092
3599 3010
3597 3010
3598 3011
3609 2996
3608 2995
3599 2990
3598 2989
3595 2988
3610 3071
3607 3080
3606 3091
3603 3092
3604 3093
3600 3010
3597 3011
3610 2996
3609 2997
3599 2991
3598 2988
3595 2987
3610 3072
3607 3081
3607 3091
3603 3093
3601 3010
3600 3011
3597 3012
3610 2997
3598 2987
3594 2987
3611 3072
3608 3081
3608 3091
3602 3093
3601 3011
3600 3012
3611 2997
3598 2986
3593 2987
3594 2986
3612 3072
3609 3081
3608 3082
3609 3091
3602 3094
3602 3011
3599 3012
3611 2998
3598 2985
3592 2987
3613 3072
3609 3082
3610 3091
3602 3012
3599 3013
3612 2998
3598 2984
3591 2987
3592 2986
3614 3072
3609 3083
3611 3091
3603 3012
3602 3013
3599 3014
3613 2998
3612 2999
3599 2984
3597 2984
3591 2988
3592 2985
3615 3072
3612 3091
3604 3012
3602 3014
3598 3014
3599 3015
3614 2998
3599 2983
3596 2984
3597 2983
3591 2985
3592 2984
3615 3073
3612 3090
3605 3012
3597 3014
3599 3016
3615 2998
3614 2999
3600 2983
3591 2984
3592 2983
3615 3074
3613 3090
3612 3089
3606 3012
3596 3014
3600 3016
3598 3016
3616 2998
3615 2997
3601 2983
3600 2982
3590 2984
3592 2982
3616 3074
3614 3074
3614 3090
3612 3088
3598 3017
3616 2999
3615 2996
3601 2984
3589 2984
3592 2981
3617 3074
3616 3075
3615 3090
3614 3091
3613 3088
3611 3088
3597 3017
3598 3018
3616 3000
3615 2995
3588 2984
3592 2980
3617 3073
3616 3076
3613 3087
3596 3017
3599 3018
3616 2995
3614 2995
3588 2985
3588 2983
3592 2979
3618 3073
3616 3077
3614 3087
3613 3086
3595 3017
3600 3018
3617 2995
3613 2995
3614 2994
3587 2985
3588 2982
3593 2979
3616 3078
3615 3087
3594 3017
3595 3018
3601 3018
3618 2995
3617 2996
3612 2995
3586 2985
3589 2982
3588 2981
3594 2979
3617 3078
3615 3078
3616 3087
3594 3018
3601 3019
3618 2996
3618 2994
3585 2985
3586 2986
3589 2981
3595 2979
3618 3078
3617 3079
3614 3078
3615 3079
3617 3087
3616 3088
3594 3019
3602 3019
3619 2996
3618 2997
3590 2981
3589 2980
3595 2978
3617 3080
3614 3077
3615 3080
3618 3087
3616 3089
3594 3020
3603 3019
3620 2996
3618 2998
3589 2979
3615 3081
3618 3088
3618 3086
3595 3020
3594 3021
3604 3019
3621 2996
3620 2997
3620 2995
3618 2999
3588 2979
3589 2978
3615 3082
3618 3089
3619 3086
3618 3085
3594 3022
3605 3019
3604 3020
3622 2996
3618 3000
3589 2977
3616 3082
3615 3083
3618 3090
3619 3085
3618 3084
3593 3022
3594 3023
3604 3021
3622 2995
3618 3001
3589 2976
3617 3082
3618 3091
3620 3085
3592 3022
3605 3021
3604 3022
3623 2995
3622 2994
3618 3002
3590 2976
3588 2976
3589 2975
3618 3082
3618 3092
3606 3021
3605 3022
3604 3023
3624 2995
3623 2994
3591 2976
3589 2974
3618 3081
3617 3092
3607 3021
3604 3024
3624 2996
3624 2994
3623 2993
3591 2977
3589 2973
3617 3093
3608 3021
3607 3020
3604 3025
3625 2996
3623 2992
3592 2977
3589 2972
3616 3093
3608 3020
3607 3019
3605 3025
3604 3026
3626 2996
3625 2997
3624 2992
3623 2991
3593 2977
3589 2971
3616 3094
3609 3020
3604 3027
3627 2996
3626 2997
3624 2991
3622 2991
3593 2976
3588 2971
3615 3094
3616 3095
3609 3019
3628 2996
3626 2998
3625 2991
3587 2971
3614 3094
3615 3095
3617 3095
3609 3018
3626 2991
3625 2990
3586 2971
3613 3094
3614 3095
3615 3096
3618 3095
3610 3018
3608 3018
3626 2992
3625 2989
3585 2971
3586 2972
3586 2970
3615 3097
3618 3096
3618 3094
3608 3017
3625 2988
3586 2969
3614 3097
3619 3096
3608 3016
3626 2988
3624 2988
3587 2969
3585 2969
3586 2968
3620 3096
3608 3015
3627 2988
3584 2969
3586 2967
3620 3097
3609 3015
3627 2987
3583 2969
3584 2970
3587 2967
3621 3097
3620 3098
3609 3014
3627 2986
3583 2970
3583 2968
3587 2966
3622 3097
3619 3098
3620 3099
3609 3013
3628 2986
3627 2985
3583 2967
3587 2965
3623 3097
3622 3098
3619 3099
3610 3013
3609 3012
3629 2986
3626 2985
3627 2984
3584 2967
3582 2967
3588 2965
3624 3097
3618 3099
3619 3100
3611 3013
3609 3011
3629 2985
3625 2985
3581 2967
3582 2966
3588 2964
3624 3096
3617 3099
3619 3101
3611 3012
3610 3011
3608 3011
3609 3010
3630 2985
3629 2984
3625 2986
3581 2966
3582 2965
3589 2964
3625 3096
3617 3100
3620 3101
3619 3102
3612 3012
3611 3011
3610 3010
3609 3009
3631 2985
3629 2983
3580 2966
3583 2965
3590 2964
3626 3096
3620 3102
3619 3103
3613 3012
3608 3009
3631 2986
3629 2982
3580 2965
3583 2964
3590 2965
3590 2963
3627 3096
3626 3095
3621 3102
3618 3103
3619 3104
3614 3012
3613 3013
3613 3011
3608 3008
3632 2986
3629 2981
3579 2965
3580 2964
3583 2963
3590 2966
3591 2963
3627 3097
3626 3094
3622 3102
3618 3104
3619 3105
3615 3012
3613 3010
3607 3008
3632 2987
3578 2965
3579 2964
3583 2962
3591 2966
3590 2967
3592 2963
3628 3097
3626 3093
3622 3103
3618 3105
3619 3106
3616 3012
3615 3011
3613 3009
3607 3007
3632 2988
3577 2965
3578 2966
3578 2964
3592 2966
3592 2964
3592 2962
3628 3098
3627 3093
3625 3093
3623 3103
3622 3104
3617 3105
3620 3106
3617 3012
3607 3006
3633 2988
3631 2988
3576 2965
3578 2967
3593 2966
3592 2961
3629 3098
3628 3093
3624 3093
3625 3092
3624 3103
3617 3106
3621 3106
3620 3107
3618 3012
3617 3011
3608 3006
3606 3006
3607 3005
3634 2988
3576 2964
3577 2967
3594 2966
3593 2967
3593 2965
3630 3098
3629 3093
3628 3092
3623 3093
3624 3092
3625 3091
3625 3103
3616 3106
3617 3107
3620 3108
3619 3012
3618 3011
3609 3006
3607 3004
3635 2988
3576 2963
3577 2968
3595 2966
3630 3099
3630 3097
3629 3092
3622 3093
3625 3090
3626 3103
3615 3106
3619 3108
3620 3109
3619 3013
3608 3004
3607 3003
3635 2989
3635 2987
3575 2963
3595 2967
3595 2965
3631 3099
3630 3100
3630 3096
3622 3092
3625 3089
3626 3104
3626 3102
3614 3106
3621 3109
3620 3110
3619 3014
3608 3003
3635 2990
3636 2987
3635 2986
3575 2962
3596 2967
3596 2965
3632 3099
3631 3100
3629 3100
3630 3101
3625 3088
3627 3104
3626 3101
3613 3106
3614 3107
3620 3111
3619 3015
3608 3002
3634 2990
3637 2987
3636 2986
3575 2961
3596 2968
3633 3099
3632 3098
3626 3088
3628 3104
3627 3101
3613 3105
3614 3108
3619 3111
3620 3015
3618 3015
3619 3016
3634 2991
3638 2987
3637 2988
3636 2985
3576 2961
3597 2968
3634 3099
3633 3100
3627 3088
3629 3104
3627 3100
3613 3108
3619 3112
3621 3015
3617 3015
3634 2992
3637 2985
3636 2984
3577 2961
3634 3098
3633 3101
3628 3088
3629 3105
3612 3108
3619 3113
3622 3015
3621 3016
3616 3015
3617 3014
3633 2992
3635 2984
3636 2983
3578 2961
3577 2960
3634 3101
3629 3088
3611 3108
3619 3114
3623 3015
3622 3014
3615 3015
3632 2992
3636 2982
3577 2959
3634 3102
3630 3088
3629 3089
3629 3087
3611 3107
3620 3114
3623 3016
3623 3014
3622 3013
3614 3015
3631 2992
3632 2993
3635 2982
3636 2981
3577 2958
3635 3102
3634 3103
3629 3086
3610 3107
3611 3106
3621 3114
3624 3016
3624 3014
3622 3012
3613 3015
3614 3014
3630 2992
3631 2993
3634 2982
3636 2980
3578 2958
3576 2958
3634 3104
3629 3085
3609 3107
3610 3106
3622 3114
3621 3115
3624 3017
3624 3013
3621 3012
3622 3011
3612 3015
3613 3016
3630 2993
3634 2981
3636 2979
3578 2957
3575 2958
3634 3105
3630 3085
3629 3084
3608 3107
3609 3108
3610 3105
3622 3115
3622 3113
3624 3018
3625 3013
3622 3010
3612 3016
3612 3014
3630 2994
3634 2980
3637 2979
3636 2978
3579 2957
3574 2958
3575 2959
3635 3105
3629 3083
3608 3106
3609 3109
3622 3116
3623 3113
3625 3018
3623 3018
3624 3019
3621 3010
3622 3009
3630 2995
3638 2979
3635 2978
3636 2977
3579 2956
3574 2959
3628 3083
3607 3106
3610 3109
3623 3116
3626 3018
3622 3018
3624 3020
3621 3009
3631 2995
3639 2979
3634 2978
3635 2977
3579 2955
3573 2959
3627 3083
3628 3082
3610 3110
3624 3116
3623 3117
3622 3019
3624 3021
3620 3009
3632 2995
3640 2979
3639 2980
3635 2976
3579 2954
3572 2959
3627 3082
3610 3111
3625 3116
3624 3115
3625 3021
3620 3008
3632 2996
3640 2980
3640 2978
3580 2954
3579 2953
3571 2959
3572 2958
3610 3112
3626 3116
3625 3022
3633 2996
3640 2981
3640 2977
3578 2953
3571 2960
3611 3112
3627 3116
3626 3117
3626 3022
3625 3023
3634 2996
3633 2997
3641 2981
3641 2977
3640 2976
3577 2953
3570 2960
3571 2961
3611 3113
3628 3116
3627 3115
3625 3024
3635 2996
3634 2995
3641 2982
3640 2975
3576 2953
3577 2954
3569 2960
3571 2962
3611 3114
3629 3116
3628 3117
3628 3115
3626 3024
3625 3025
3641 2983
3639 2975
3576 2952
3577 2955
3569 2961
3569 2959
3571 2963
3612 3114
3630 3116
3628 3118
3627 3024
3626 3025
3624 3025
3642 2983
3638 2975
3639 2974
3575 2952
3576 2951
3576 2955
3577 2956
3568 2961
3569 2962
3569 2958
3613 3114
3612 3115
3631 3116
3628 3119
3628 3024
3626 3026
3623 3025
3624 3026
3643 2983
3642 2984
3637 2975
3638 2976
3638 2974
3639 2973
3576 2950
3575 2955
3568 2962
3569 2957
3612 3116
3631 3115
3629 3119
3628 3120
3628 3023
3626 3027
3623 3026
3624 3027
3643 2984
3643 2982
3642 2985
3639 2972
3574 2955
3568 2963
3568 2957
3569 2956
3613 3116
3611 3116
3631 3114
3630 3119
3628 3121
3625 3027
3622 3026
3624 3028
3644 2982
3641 2985
3638 2972
3567 2963
3568 2964
3567 2957
3569 2955
3613 3117
3610 3116
3611 3117
3629 3121
3628 3122
3621 3026
3623 3028
3624 3029
3645 2982
3641 2986
3637 2972
3568 2965
3567 2958
3567 2956
3570 2955
3569 2954
3613 3118
3609 3116
3610 3115
3630 3121
3620 3026
3621 3025
3624 3030
3645 2981
3641 2987
3637 2971
3569 2965
3567 2965
3566 2956
3571 2955
3608 3116
3609 3117
3631 3121
3619 3026
3625 3030
3623 3030
3645 2980
3640 2987
3641 2988
3636 2971
3637 2970
3569 2966
3566 2965
3567 2966
3565 2956
3608 3117
3632 3121
3631 3120
3619 3027
3619 3025
3646 2980
3645 2979
3640 2988
3636 2970
3569 2967
3565 2965
3566 2966
3565 2955
3607 3117
3608 3118
3632 3120
3619 3028
3646 2979
3639 2988
3640 2989
3635 2970
3570 2967
3568 2967
3569 2968
3564 2965
3565 2954
3606 3117
3633 3120
3618 3028
3646 2978
3640 2990
3563 2965
3566 2954
3564 2954
3565 2953
3606 3116
3633 3119
3618 3029
3640 2991
3562 2965
3563 2966
3565 2952
3606 3115
3633 3118
3617 3029
3562 2966
3565 2951
3606 3114
3634 3118
3633 3117
3616 3029
3617 3030
3562 2967
3566 2951
3564 2951
3607 3114
3605 3114
3635 3118
3634 3117
3615 3029
3617 3031
3562 2968
3567 2951
3566 2950
3563 2951
3604 3114
3635 3117
3634 3116
3614 3029
3615 3030
3616 3031
3617 3032
3562 2969
3567 2952
3566 2949
3563 2950
3604 3115
3636 3117
3635 3116
3614 3028
3616 3032
3618 3032
3617 3033
3563 2969
3561 2969
3562 2950
3603 3115
3637 3117
3635 3115
3613 3028
3614 3027
3615 3032
3616 3033
3619 3032
3618 3033
3563 2970
3560 2969
3561 2950
3562 2949
3603 3116
3637 3116
3635 3114
3614 3026
3616 3034
3619 3033
3563 2971
3559 2969
3560 2970
3560 2968
3561 2949
3603 3117
3638 3116
3614 3025
3616 3035
3619 3034
3564 2971
3563 2972
3558 2969
3560 2971
3560 2967
3560 2949
3602 3117
3639 3116
3614 3024
3617 3035
3615 3035
3620 3034
3564 2972
3562 2972
3563 2973
3558 2970
3560 2972
3559 2967
3560 2966
3559 2949
3602 3118
3639 3117
3614 3035
3621 3034
3565 2972
3563 2974
3560 2973
3558 2967
3560 2965
3559 2948
3602 3119
3613 3035
3622 3034
3566 2972
3562 2974
3563 2975
3559 2973
3558 2966
3560 2964
3558 2948
3601 3119
2435 970
3612 3035
3613 3034
3623 3034
3622 3033
3567 2972
3566 2971
3561 2974
3564 2975
3563 2976
3558 2973
3561 2964
3560 2963
3557 2948
3558 2947
3600 3119
2244 1359
2245 1359
3611 3035
3612 3036
3613 3033
3623 3035
3622 3032
3568 2972
3566 2970
3562 2976
3563 2977
3557 2973
3558 2972
3557 2949
3558 2946
3599 3119
2245 1360
2246 1361
3610 3035
3611 3036
3611 3034
3624 3035
3561 2976
3563 2978
3557 2972
3559 2946
3557 2946
3598 3119
3599 3120
3599 3118
2245 1361
2244 1361
2240 1363
3610 3036
3610 3034
3611 3033
3625 3035
3624 3036
3560 2976
3561 2977
3556 2972
3560 2946
3559 2945
3598 3118
3599 3117
2239 1364
2244 1362
3609 3034
3624 3037
3561 2978
3556 2971
3561 2946
3559 2944
3598 3117
2241 1365
3608 3034
3624 3038
3561 2979
3555 2971
3556 2970
3561 2945
3558 2944
3559 2943
3597 3117
2240 1364
3607 3034
3625 3038
3562 2979
3560 2979
3561 2980
3554 2971
3557 2944
3560 2943
3596 3117
3597 3116
2243 1362
3606 3034
3626 3038
3561 2981
3553 2971
3557 2943
3560 2942
3595 3117
3596 3118
3596 3116
2241 1364
3605 3034
3606 3035
3606 3033
3627 3038
3561 2982
3553 2972
3557 2942
3561 2942
3594 3117
3595 3118
3596 3119
2243 1363
3604 3034
3605 3033
3606 3036
3627 3039
3627 3037
3560 2982
3552 2972
3562 2942
3593 3117
3594 3116
3596 3120
2242 1364
3603 3034
3605 3032
3605 3036
3606 3037
3627 3036
3559 2982
3551 2972
3563 2942
3593 3118
3593 3116
3594 3115
3596 3121
2243 1364
3603 3035
3605 3031
3604 3036
3607 3037
3606 3038
3627 3035
3558 2982
3559 2983
3551 2973
3563 2941
3593 3119
3592 3116
3595 3121
3596 3122
2244 1364
3603 3036
3605 3030
3608 3037
3605 3038
3606 3039
3628 3035
3559 2984
3550 2973
3551 2974
3563 2940
3592 3119
3593 3120
3594 3121
3596 3123
2244 1366
3602 3036
3604 3030
3605 3029
3606 3040
3628 3034
3559 2985
3549 2973
3550 2974
3552 2974
3551 2975
3563 2939
3591 3119
3593 3121
3596 3124
2244 1365
3602 3037
3603 3030
3606 3029
3605 3028
3607 3040
3605 3040
3629 3034
3628 3033
3559 2986
3548 2973
3550 2975
3553 2974
3552 2975
3562 2939
3563 2938
3592 3121
3595 3124
3596 3125
2245 1365
2240 2207
3602 3030
3603 3029
3607 3029
3606 3028
3607 3041
3604 3040
3629 3033
3628 3032
3558 2986
3547 2973
3548 2972
3550 2976
3553 2975
3562 2938
3564 2938
3563 2937
3596 3126
2238 2209
3602 3029
3603 3028
3607 3030
3607 3028
3604 3039
3629 3032
3558 2987
3547 2974
3550 2977
3553 2976
3561 2938
3564 2937
3595 3126
2240 2208
2239 2209
3602 3028
3607 3027
3630 3032
3629 3031
3558 2988
3546 2974
2443 2187
3554 2976
3560 2938
3561 2937
3565 2937
3594 3126
2235 2208
3601 3028
3602 3027
3607 3026
3631 3032
3557 2988
3558 2989
3545 2974
2444 2187
3555 2976
3554 2977
3561 2936
3566 2937
2236 2208
2236 2209
3600 3028
3601 3027
3607 3025
3631 3033
3556 2988
3559 2989
3558 2990
3544 2974
2443 2188
3555 2977
3562 2936
3560 2936
3561 2935
3566 2936
2235 2209
2239 2210
3600 3029
3631 3034
3555 2988
3556 2989
3556 2987
3557 2990
3543 2974
3544 2975
2444 2188
3559 2936
3561 2934
3567 2936
2235 2207
2239 2211
2234 2209
3600 3030
3632 3034
3554 2988
3556 2990
3557 2991
3542 2974
3543 2975
3544 2976
2446 2187
3558 2936
3562 2934
2235 2210
2234 2207
3600 3031
3633 3034
3553 2988
3556 2991
3542 2973
3544 2977
2445 2188
2444 2189
3557 2936
2240 2211
2238 2211
2233 2209
3599 3031
3600 3032
3633 3035
3633 3033
3552 2988
3553 2987
3556 2992
3541 2973
3544 2978
2447 2187
3556 2936
3557 2937
2234 2210
2235 2211
3598 3031
3599 3032
3601 3032
3634 3035
3633 3036
3551 2988
3553 2986
3555 2992
3556 2993
3540 2973
3544 2979
2446 2190
2445 2189
3555 2936
3556 2937
3556 2935
2234 2206
3598 3030
3633 3037
3550 2988
3554 2986
3554 2992
3556 2994
3540 2974
3543 2979
3544 2980
2448 2196
3556 2934
2241 2211
3633 3038
3549 2988
3550 2989
3553 2992
3539 2974
3542 2979
3543 2980
3545 2980
2447 2195
3555 2934
3556 2933
2240 2212
3634 3038
3632 3038
3633 3039
3549 2989
3549 2987
3550 2990
3552 2992
3538 2974
3541 2979
3545 2981
3555 2933
3557 2933
2235 2212
3635 3038
3634 3039
3631 3038
3632 3039
3633 3040
3549 2990
3548 2987
3551 2992
3537 2974
3540 2979
3541 2978
3545 2982
3554 2933
3555 2932
3558 2933
2232 2209
3636 3038
3635 3039
3631 3039
3548 2990
3547 2987
3551 2993
3551 2991
3537 2975
3537 2973
3539 2979
3553 2933
3558 2932
2234 2212
3636 3039
3636 3037
3547 2990
3546 2987
3537 2972
3539 2980
3552 2933
3553 2932
2235 2213
3637 3039
3636 3040
3636 3036
3545 2987
3546 2988
3546 2986
3536 2972
3538 2980
3551 2933
3552 2932
2236 2213
3637 3040
3636 3041
3636 3035
3546 2989
3536 2971
3538 2981
3550 2933
3552 2931
2234 2213
3638 3040
3636 3042
3636 3034
3545 2989
3536 2970
3537 2981
3538 2982
3550 2934
3550 2932
3552 2930
2234 2214
3639 3040
3637 3042
3635 3042
3637 3034
3544 2989
3545 2990
3535 2970
3536 2981
3539 2982
3538 2983
3550 2935
3549 2932
3552 2929
2233 2215
3640 3040
3638 3042
3637 3033
3543 2989
3544 2988
3545 2991
3534 2970
3535 2969
3535 2981
3540 2982
3538 2984
3549 2935
3548 2932
3552 2928
2232 2215
3641 3040
3640 3039
3639 3042
3638 3033
3637 3032
3545 2992
3534 2971
3535 2968
3534 2981
3535 2982
3540 2983
3539 2984
3548 2935
3548 2931
3553 2928
3551 2928
3552 2927
2234 2215
3640 3042
3639 3043
3636 3032
3637 3031
3545 2993
3533 2971
3535 2967
3539 2985
3548 2936
3551 2927
3552 2926
3640 3043
3635 3032
3636 3031
3638 3031
3545 2994
3532 2971
3536 2967
3535 2966
3539 2986
3547 2936
3550 2927
3635 3033
3635 3031
3638 3030
3544 2994
3531 2971
3536 2966
3540 2986
3546 2936
3547 2937
3634 3031
3639 3030
3638 3029
3544 2995
3530 2971
3531 2972
3531 2970
3537 2966
3541 2986
3540 2987
3546 2937
3546 2935
3640 3030
3637 3029
3544 2996
3529 2971
3530 2970
3541 2985
3540 2988
3546 2938
3546 2934
3640 3031
3640 3029
3544 2997
3528 2971
3529 2972
3529 2970
3540 2989
3545 2938
3546 2939
3640 3032
3641 3029
3545 2997
3527 2971
3529 2969
3539 2989
3540 2990
3544 2938
3642 3029
3641 3028
3545 2998
3527 2970
3529 2968
3540 2991
3643 3029
3642 3030
3642 3028
3546 2998
3526 2970
3530 2968
3529 2967
3644 3029
3643 3030
3642 3031
3642 3027
3547 2998
3546 2999
3525 2970
3531 2968
3645 3029
3644 3030
3642 3026
3547 2999
3546 3000
3524 2970
3525 2971
3525 2969
3532 2968
3646 3029
3645 3030
3645 3028
3643 3026
3641 3026
3548 2999
3546 3001
3523 2970
3532 2969
3532 2967
3645 3031
3645 3027
3640 3026
3548 3000
3546 3002
3522 2970
3646 3031
3645 3032
3645 3026
3639 3026
3640 3025
3549 3000
3547 3002
3522 2971
3647 3031
3645 3025
3638 3026
3640 3024
3550 3000
3522 2972
3648 3031
3647 3030
3645 3024
3637 3026
3551 3000
3550 3001
3521 2972
3522 2973
3648 3032
3648 3030
3646 3024
3636 3026
3551 3001
3520 2972
3523 2973
3649 3032
3648 3029
3647 3024
3646 3023
3551 3002
3519 2972
3520 2973
3650 3032
3649 3029
3648 3024
3646 3022
3519 2973
3519 2971
3520 2974
3650 3029
3648 3023
3647 3022
3519 2974
3518 2971
3520 2975
3647 3021
3518 2970
3521 2975
3648 3021
3518 2969
3521 2976
3649 3021
3518 2968
3522 2976
3650 3021
3649 3022
3518 2967
3523 2976
3651 3021
3650 3020
3519 2967
3518 2966
3524 2976
3523 2977
3652 3021
3650 3019
3517 2966
3518 2965
3525 2976
3653 3021
3652 3022
3650 3018
3519 2965
3526 2976
3525 2977
3525 2975
3654 3021
3649 3018
3650 3017
3519 2964
3526 2975
3525 2978
3655 3021
3654 3022
3651 3017
3650 3016
3519 2963
3526 2978
3525 2979
3656 3021
3655 3022
3655 3020
3649 3016
3518 2963
3519 2962
3524 2979
3657 3021
3656 3022
3655 3019
3649 3015
3517 2963
3518 2962
3523 2979
3658 3021
3656 3023
3649 3014
3518 2961
3522 2979
3658 3020
3657 3023
3648 3014
3649 3013
3518 2960
3521 2979
3522 2980
3658 3019
3649 3012
3519 2960
3517 2960
3520 2979
3521 2978
3522 2981
3659 3019
3650 3012
3520 2960
3519 2959
3517 2959
3521 2981
3522 2982
3660 3019
3651 3012
3519 2958
3521 2982
3522 2983
3661 3019
3651 3013
3651 3011
3519 2957
3520 2982
3523 2983
3522 2984
3662 3019
3652 3013
3651 3014
3651 3010
3519 2982
3520 2983
3522 2985
3663 3019
3662 3018
3653 3013
3652 3010
3650 3010
3518 2982
3519 2983
3519 2981
3664 3019
3662 3017
3654 3013
3653 3014
3653 3010
3518 2983
3665 3019
3664 3018
3661 3017
3662 3016
3655 3013
3654 3010
3517 2983
3666 3019
3664 3017
3660 3017
3662 3015
3655 3010
3517 2984
3667 3019
3664 3016
3660 3016
3662 3014
3655 3009
3668 3019
3664 3015
3659 3016
3662 3013
3655 3008
3669 3019
3668 3020
3658 3016
3661 3013
3655 3007
3669 3018
3668 3021
3657 3016
3658 3015
3655 3006
3669 3017
3669 3021
3667 3021
3658 3014
3654 3006
3669 3016
3669 3022
3658 3013
3653 3006
3669 3015
3670 3022
3658 3012
3653 3005
3670 3015
3669 3014
3671 3022
3659 3012
3657 3012
3653 3004
3670 3014
3668 3014
3672 3022
3671 3023
3659 3011
3653 3003
3668 3013
3672 3023
3653 3002
3668 3012
3673 3023
3652 3002
3653 3001
3668 3011
3674 3023
3673 3024
3651 3002
3654 3001
3669 3011
3674 3022
3673 3025
3650 3002
3651 3001
3655 3001
3669 3010
3674 3025
3673 3026
3649 3002
3650 3001
3656 3001
3655 3002
3669 3009
3674 3026
3673 3027
3648 3002
3649 3001
3657 3001
3656 3000
3669 3008
3675 3026
3674 3027
3673 3028
3648 3003
3658 3001
3657 3002
3670 3008
3668 3008
3676 3026
3672 3028
3673 3029
3647 3003
3648 3004
3659 3001
3658 3000
3676 3027
3671 3028
3673 3030
3646 3003
3659 3002
3658 2999
3677 3027
3676 3028
3671 3029
3673 3031
3645 3003
3659 2999
3675 3028
3676 3029
3672 3031
3645 3004
3660 2999
3677 3029
3672 3032
3645 3005
3661 2999
3677 3030
3671 3032
3672 3033
3646 3005
3644 3005
3662 2999
3661 3000
3678 3030
3677 3031
3670 3032
3673 3033
3672 3034
3643 3005
3663 2999
3678 3031
3670 3033
3670 3031
3674 3033
3671 3034
3672 3035
3642 3005
3664 2999
3679 3031
3669 3033
3675 3033
3672 3036
3642 3006
3642 3004
3664 2998
3680 3031
3679 3032
3668 3033
3675 3032
3671 3036
3672 3037
3642 3007
3641 3004
3664 2997
3681 3031
3679 3033
3667 3033
3668 3032
3671 3037
3673 3037
3672 3038
3642 3008
3641 3003
3665 2997
3663 2997
3664 2996
3682 3031
3666 3033
3668 3031
3674 3037
3643 3008
3642 3009
3640 3003
3641 3002
3666 2997
3662 2997
3664 2995
3683 3031
3665 3033
3668 3030
3675 3037
3642 3010
3639 3003
3640 3002
3667 2997
3666 2998
3662 2996
3663 2995
3664 2994
3684 3031
3683 3030
3665 3034
3665 3032
3669 3030
3676 3037
3675 3038
3675 3036
3667 2996
3661 2996
3685 3031
3664 3034
3664 3032
3677 3037
3675 3039
3675 3035
3668 2996
3660 2996
3661 2995
3686 3031
3685 3030
3663 3034
3678 3037
3677 3038
3675 3040
3676 3035
3669 2996
3661 2994
3686 3032
3663 3035
3679 3037
3678 3038
3678 3036
3674 3040
3675 3041
3670 2996
3660 2994
3686 3033
3663 3036
3680 3037
3679 3036
3678 3035
3676 3041
3670 2997
3670 2995
3659 2994
3660 2993
3687 3033
3685 3033
3662 3036
3663 3037
3681 3037
3679 3035
3678 3034
3671 2995
3658 2994
3660 2992
3687 3034
3685 3034
3662 3037
3672 2995
3657 2994
3661 2992
3659 2992
3688 3034
3661 3037
3657 2995
3662 2992
3658 2992
3689 3034
3688 3035
3661 3038
3662 2991
3690 3034
3689 3033
3688 3036
3661 3039
3662 2990
3691 3034
3690 3035
3687 3036
3688 3037
3660 3039
3662 2989
3691 3035
3691 3033
3687 3037
3659 3039
3660 3040
3663 2989
3691 3036
3692 3033
3691 3032
3686 3037
3658 3039
3663 2988
3691 3037
3693 3033
3691 3031
3685 3037
3657 3039
3658 3040
3664 2988
3663 2987
3690 3037
3694 3033
3692 3031
3690 3031
3691 3030
3685 3038
3685 3036
3657 3038
3658 3041
3665 2988
3664 2987
3663 2986
3690 3038
3695 3033
3694 3032
3693 3031
3691 3029
3685 3039
3656 3038
3657 3037
3659 3041
3657 3041
3658 3042
3666 2988
3665 2989
3662 2986
3663 2985
3690 3039
3695 3034
3692 3029
3690 3029
3691 3028
3685 3040
3655 3038
3659 3042
3658 3043
3666 2989
3662 2985
3663 2984
3689 3039
3690 3040
3696 3034
3690 3028
3691 3027
3684 3040
3685 3041
3655 3039
3658 3044
3663 2983
3697 3034
3692 3027
3691 3026
3685 3042
3654 3039
3659 3044
3664 2983
3227 2601
3697 3035
3690 3026
3691 3025
3653 3039
3654 3040
3660 3044
3467 3019
3697 3036
3690 3025
3691 3024
3652 3039
3653 3040
3660 3045
3466 3019
3467 3020
3697 3037
3690 3024
3691 3023
3651 3039
3661 3045
3660 3046
3463 3022
3464 3025
3697 3038
3689 3024
3691 3022
3651 3040
3662 3045
3659 3046
3660 3047
3466 3025
3698 3038
3696 3038
3688 3024
3692 3022
3651 3041
3663 3045
3662 3044
3660 3048
3466 3020
3699 3038
3698 3039
3695 3038
3696 3039
3687 3024
3652 3041
3650 3041
3664 3045
3661 3048
3659 3048
3464 3022
3465 3025
3700 3038
3696 3040
3686 3024
3687 3025
3652 3042
3664 3046
3661 3049
3466 3021
3465 3022
3465 3024
3700 3039
3696 3041
3686 3025
3653 3042
3665 3046
3466 3022
3465 3023
3466 3023
3700 3040
3695 3041
3685 3025
3686 3026
3654 3042
3653 3043
3665 3047
3467 3023
3469 3022
3468 3023
3694 3041
3684 3025
3653 3044
3666 3047
3469 3023
3470 3023
3693 3041
3694 3042
3684 3026
3684 3024
3652 3044
3667 3047
3666 3048
3470 3024
3472 3027
3693 3040
3683 3024
3652 3045
3667 3048
3667 3046
3666 3049
3471 3024
3472 3026
3682 3024
3668 3048
3667 3045
3666 3050
3471 3025
3484 3016
3472 3025
3481 3018
3681 3024
3682 3023
3668 3045
3667 3044
3666 3051
3484 3017
3486 3019
3681 3025
3681 3023
3682 3022
3669 3045
3668 3044
3667 3043
3665 3051
3473 3025
3482 3018
3484 3018
3485 3019
3680 3025
3681 3022
3683 3022
3670 3045
3669 3046
3668 3043
3666 3043
3664 3051
3473 3024
3472 3023
3483 3018
3484 3019
3670 3046
3669 3043
3666 3042
3663 3051
3473 3023
3480 3024
3483 3019
3484 3020
3671 3046
3669 3042
3666 3041
3663 3052
3475 3024
3474 3023
3481 3024
3482 3023
3483 3020
3672 3046
3670 3042
3665 3041
3663 3053
3483 3022
3475 3023
3481 3023
3483 3021
3476 3023
3663 3054
3481 3020
3481 3022
3482 3021
3664 3054
3698 3034
3699 3034
3700 3034
3699 3033
3700 3035
3700 3033
3701 3033
3702 3033
3703 3033
3702 3032
3704 3033
3703 3032
3702 3031
3705 3033
3704 3034
3702 3030
3706 3033
3704 3035
3703 3030
3707 3033
3704 3030
3707 3034
3705 3030
3707 3035
3706 3030
3708 3035
3706 3035
3707 3036
3707 3030
3707 3037
3708 3030
3708 3037
3706 3037
3709 3030
3708 3029
3708 3038
3706 3038
3710 3030
3709 3031
3709 3038
3706 3039
3711 3030
3709 3032
3707 3039
3706 3040
3712 3030
3711 3031
3709 3033
3707 3040
3705 3040
3712 3031
3712 3029
3711 3032
3707 3041
3704 3040
3712 3028
3707 3042
3704 3041
3712 3027
3707 3043
3713 3027
3711 3027
3707 3044
3714 3027
3713 3026
3710 3027
3706 3044
3707 3045
3715 3027
3714 3028
3713 3025
3705 3044
3707 3046
3715 3026
3714 3025
3713 3024
3704 3044
3708 3046
3706 3046
3712 3024
3713 3023
3708 3047
3706 3047
3711 3024
3714 3023
3713 3022
3709 3047
3705 3047
3710 3024
3715 3023
3714 3022
3712 3022
3713 3021
3710 3047
3709 3048
3705 3048
3710 3023
3710 3048
3710 3046
3709 3023
3711 3046
3710 3045
3708 3023
3709 3022
3712 3046
3710 3044
3709 3021
3712 3047
3712 3045
3709 3044
3710 3021
3708 3021
3713 3047
3712 3048
3711 3021
3710 3020
3707 3021
3714 3047
3710 3019
3707 3020
3714 3048
3711 3019
3707 3019
3715 3048
3712 3019
3706 3019
3707 3018
3716 3048
3715 3049
3705 3019
3707 3017
3717 3048
3704 3019
3717 3047
3704 3020
3718 3047
3717 3046
3703 3020
3719 3047
3718 3046
3716 3046
3702 3020
3720 3047
3719 3046
3701 3020
3702 3021
3702 3019
3721 3047
3720 3048
3701 3021
3701 3019
3702 3022
3702 3018
3722 3047
3720 3049
3700 3021
3701 3022
3700 3019
3702 3023
3703 3018
3722 3048
3719 3049
3699 3021
3701 3023
3702 3024
3703 3017
3723 3048
3718 3049
3719 3050
3699 3022
3700 3023
3702 3025
3704 3017
3724 3048
3723 3049
3719 3051
3699 3023
3702 3026
3705 3017
3704 3016
3724 3047
3719 3052
3698 3023
3704 3015
3725 3047
3724 3046
3719 3053
3697 3023
3698 3024
3705 3015
3704 3014
3725 3046
3724 3045
3719 3054
3697 3024
3697 3022
3705 3014
3723 3045
3724 3044
3720 3054
3718 3054
3696 3022
3706 3014
3721 3054
3718 3055
3695 3022
3696 3021
3706 3013
3721 3055
3721 3053
3718 3056
3694 3022
3696 3020
3706 3012
3722 3055
3719 3056
3718 3057
3696 3019
3705 3012
3723 3055
3720 3056
3717 3057
3718 3058
3697 3019
3695 3019
3705 3011
3724 3055
3716 3057
3717 3058
3719 3058
3694 3019
3704 3011
3705 3010
3724 3056
3715 3057
3716 3058
3717 3059
3694 3018
3703 3011
3706 3010
3724 3057
3717 3060
3694 3017
3702 3011
3706 3009
3725 3057
3717 3061
3694 3016
3701 3011
3716 3061
3717 3062
3695 3016
3693 3016
3718 3062
3696 3016
3692 3016
3719 3062
3718 3063
3697 3016
3696 3015
3692 3017
3692 3015
3719 3061
3718 3064
3697 3017
3696 3014
3692 3018
3692 3014
3719 3064
3717 3064
3718 3065
3696 3013
3691 3018
3692 3013
3720 3064
3717 3065
3718 3066
3697 3013
3696 3012
3692 3012
3721 3064
3718 3067
3693 3012
3691 3012
3722 3064
3717 3067
3691 3011
3722 3065
3722 3063
3691 3010
3722 3066
3691 3009
3722 3067
3723 3067
3721 3067
3724 3067
3721 3068
3725 3067
3724 3068
3720 3068
3726 3067
3725 3066
3720 3069
3727 3067
3726 3066
3720 3070
3728 3067
3720 3071
3729 3067
3719 3071
3730 3067
3718 3071
3719 3072
3730 3066
3718 3072
3731 3066
3730 3065
3717 3072
3732 3066
3730 3064
3717 3073
3733 3066
3732 3067
3731 3064
3730 3063
3717 3074
3732 3068
3732 3064
3731 3063
3717 3075
3731 3062
3718 3075
3716 3075
3732 3062
3718 3076
3715 3075
3733 3062
3718 3077
3733 3063
3719 3077
3718 3078
3734 3063
3718 3079
3735 3063
3734 3064
3719 3079
3717 3079
3736 3063
3735 3062
3720 3079
3717 3080
3737 3063
3735 3061
3720 3080
3720 3078
3717 3081
3738 3063
3735 3060
3720 3081
3721 3078
3716 3081
3738 3064
3738 3062
3734 3060
3735 3059
3720 3082
3715 3081
3738 3065
3738 3061
3736 3059
3735 3058
3721 3082
3719 3082
3714 3081
3715 3082
3739 3065
3739 3061
3737 3059
3734 3058
3735 3057
3722 3082
3719 3083
3713 3081
3714 3080
3740 3065
3739 3066
3738 3059
3737 3060
3733 3058
3723 3082
3722 3083
3719 3084
3713 3082
3714 3079
3741 3065
3740 3064
3739 3067
3738 3058
3732 3058
3723 3083
3723 3081
3720 3084
3718 3084
3713 3083
3714 3078
3740 3067
3738 3067
3738 3057
3724 3083
3723 3080
3718 3085
3713 3078
3741 3067
3738 3068
3739 3057
3724 3084
3717 3085
3718 3086
3712 3078
3741 3068
3737 3068
3739 3056
3725 3084
3716 3085
3718 3087
3711 3078
3742 3068
3741 3069
3736 3068
3737 3069
3739 3055
3726 3084
3717 3087
3710 3078
3711 3077
3743 3068
3740 3069
3741 3070
3735 3068
3740 3055
3739 3054
3716 3087
3717 3088
3710 3077
3744 3068
3739 3069
3742 3070
3734 3068
3735 3069
3740 3054
3738 3054
3715 3087
3717 3089
3744 3067
3743 3070
3742 3071
3735 3070
3738 3053
3714 3087
3715 3088
3717 3090
3742 3072
3736 3070
3735 3071
3738 3052
3714 3088
3714 3086
3743 3072
3741 3072
3742 3073
3736 3071
3737 3052
3738 3051
3714 3089
3744 3072
3740 3072
3741 3073
3737 3071
3736 3052
3739 3051
3713 3089
3714 3090
3740 3073
3740 3071
3741 3074
3737 3072
3736 3053
3740 3051
3713 3090
3714 3091
3741 3075
3736 3054
3741 3051
3712 3090
3741 3076
3735 3054
3742 3051
3712 3091
3741 3077
3734 3054
3742 3050
3711 3091
3741 3078
3733 3054
3734 3055
3743 3050
3710 3091
3742 3078
3733 3055
3744 3050
3743 3049
3709 3091
3710 3092
3743 3078
3742 3079
3745 3050
3743 3048
3708 3091
3744 3078
3743 3079
3743 3077
3742 3080
3746 3050
3745 3051
3743 3047
3708 3090
3745 3078
3744 3077
3743 3080
3741 3080
3742 3081
3747 3050
3746 3049
3745 3052
3743 3046
3708 3089
3746 3078
3744 3076
3744 3080
3743 3081
3740 3080
3741 3081
3746 3048
3746 3052
3744 3046
3742 3046
3709 3089
3747 3078
3745 3080
3740 3081
3741 3082
3747 3048
3747 3052
3745 3046
3744 3045
3742 3045
3710 3089
3709 3088
3747 3079
3745 3081
3739 3081
3741 3083
3747 3053
3746 3046
3745 3045
3742 3044
3709 3087
3738 3081
3742 3083
3747 3054
3747 3046
3741 3044
3742 3043
3710 3087
3708 3087
3738 3082
3738 3080
3743 3083
3742 3084
3747 3055
3748 3046
3740 3044
3742 3042
3711 3087
3738 3083
3737 3080
3744 3083
3742 3085
3746 3055
3740 3045
3740 3043
3742 3041
3739 3083
3737 3083
3736 3080
3742 3086
3745 3055
3740 3046
3739 3043
3743 3041
3741 3041
3742 3040
3736 3083
3743 3086
3745 3056
3739 3042
3743 3040
3735 3083
3736 3084
3744 3056
3745 3057
3738 3042
3744 3040
3743 3039
3735 3084
3745 3058
3737 3042
3738 3041
3743 3038
3734 3084
3745 3059
3737 3043
3743 3037
3746 3059
3744 3059
3737 3044
3744 3037
3743 3036
3746 3060
3736 3044
3744 3036
3742 3036
3735 3044
3745 3036
3741 3036
3742 3035
3735 3045
3746 3036
3740 3036
3741 3035
3735 3046
3746 3037
3740 3037
3741 3034
3736 3046
3734 3046
3747 3037
3746 3038
3739 3037
3740 3038
3736 3047
3734 3047
3746 3039
3738 3037
3740 3039
3737 3047
3736 3048
3733 3047
3734 3048
3745 3039
3746 3040
3738 3038
3738 3036
3738 3047
3736 3049
3732 3047
3733 3048
3746 3041
3738 3039
3738 3035
3738 3046
3736 3050
3732 3048
3732 3046
3747 3041
3745 3041
3737 3039
3737 3035
3737 3050
3731 3048
3732 3049
3731 3046
3732 3045
3747 3042
3736 3039
3736 3035
3730 3046
3733 3045
3748 3042
3735 3039
3735 3035
3736 3036
3736 3034
3733 3044
3749 3042
3735 3040
3735 3038
3734 3035
3735 3034
3733 3043
3749 3043
3749 3041
3734 3038
3733 3035
3735 3033
3749 3044
3732 3035
3734 3033
3735 3032
3750 3044
3749 3045
3731 3035
3733 3033
3734 3032
3735 3031
3751 3044
3730 3035
3736 3031
3735 3030
3751 3045
3729 3035
3737 3031
3751 3046
3729 3036
3729 3034
3737 3032
3751 3047
3728 3036
3728 3034
3729 3033
3751 3048
3728 3037
3727 3034
3730 3033
3729 3032
3752 3048
3750 3048
3728 3038
3727 3035
3730 3032
3753 3048
3750 3049
3728 3039
3726 3035
3753 3049
3729 3039
3728 3040
3725 3035
3726 3036
3754 3049
3753 3050
3729 3040
3725 3036
3755 3049
3754 3050
3725 3037
3756 3049
3755 3050
3754 3051
3724 3037
3757 3049
3754 3052
3723 3037
3758 3049
3757 3050
3754 3053
3759 3049
3758 3048
3754 3054
3759 3048
3758 3047
3755 3054
3758 3046
3756 3054
3759 3046
3757 3046
3757 3054
3760 3046
3759 3045
3757 3045
3758 3054
3761 3046
3757 3044
3759 3054
3762 3046
3761 3045
3756 3044
3760 3054
3763 3046
3762 3045
3755 3044
3761 3054
3764 3046
3754 3044
3755 3043
3761 3055
3761 3053
3764 3047
3764 3045
3761 3056
3765 3047
3764 3044
3761 3057
3764 3043
3760 3057
3761 3058
3764 3042
3759 3057
3760 3058
3762 3058
3764 3041
3760 3059
3763 3058
3765 3041
3763 3041
3760 3060
3764 3058
3766 3041
3762 3041
3759 3060
3767 3041
3762 3040
3767 3042
3767 3040
3762 3039
3767 3039
3763 3039
3762 3038
3768 3039
3761 3038
3762 3037
3768 3038
3762 3036
3768 3037
3763 3036
3768 3036
3764 3036
3769 3036
3765 3036
3770 3036
3765 3037
3765 3035
3771 3036
3765 3034
3771 3035
3772 3035
3772 3034
3773 3034
3774 3034
3773 3033
3774 3035
3773 3032
3774 3036
3773 3031
3775 3036
3774 3031
3773 3030
3775 3037
3774 3030
3772 3030
3773 3029
3776 3037
3774 3029
3771 3030
3776 3038
3774 3028
3771 3031
3776 3039
3770 3031
3777 3039
3769 3031
3770 3032
3778 3039
3769 3030
3770 3033
3778 3040
3768 3030
3770 3034
3779 3040
3768 3029
3779 3041
3767 3029
3780 3041
3781 3041
3782 3041
3781 3042
3781 3040
3783 3041
3781 3043
3784 3041
3783 3040
3781 3044
3784 3040
3783 3039
3782 3044
3780 3044
3781 3045
3785 3040
3784 3039
3782 3039
3783 3038
3783 3044
3779 3044
3786 3040
3784 3044
3787 3040
3786 3041
3786 3039
3785 3044
3788 3040
3786 3042
3786 3038
3785 3045
3785 3043
3789 3040
3787 3042
3787 3038
3786 3037
3786 3045
3785 3046
3789 3039
3788 3038
3785 3037
3785 3047
3788 3037
3784 3047
3785 3048
3789 3037
3784 3048
3786 3048
3785 3049
3790 3037
3783 3048
3787 3048
3791 3037
3782 3048
3783 3049
3787 3049
3792 3037
3782 3047
3783 3050
3788 3049
3787 3050
3792 3036
3782 3046
3783 3051
3789 3049
3793 3036
3792 3035
3782 3051
3783 3052
3792 3034
3784 3052
3791 3034
3792 3033
3784 3053
3793 3033
3784 3054
3793 3032
3784 3055
3793 3031
3784 3056
3794 3031
3792 3031
3793 3030
3784 3057
3794 3030
3791 3031
3792 3030
3793 3029
3783 3057
3795 3030
3790 3031
3791 3030
3782 3057
3783 3058
3796 3030
3789 3031
3781 3057
3783 3059
3797 3030
3796 3031
3789 3030
3781 3058
3781 3056
3783 3060
3798 3030
3797 3029
3789 3029
3780 3056
3781 3055
3782 3060
3798 3031
3797 3028
3788 3029
3789 3028
3779 3056
3781 3060
3798 3032
3789 3027
3779 3055
3781 3061
3797 3032
3798 3033
3789 3026
3778 3055
3780 3061
3799 3033
3789 3025
3777 3055
3779 3061
3780 3062
3800 3033
3799 3034
3789 3024
3777 3054
3779 3062
3801 3033
3788 3024
3789 3023
3777 3053
3779 3063
3801 3034
3801 3032
3787 3024
3790 3023
3789 3022
3778 3053
3778 3063
3801 3035
3802 3032
3801 3031
3789 3021
3779 3053
3777 3063
3778 3064
3801 3036
3803 3032
3800 3031
3789 3020
3780 3053
3777 3064
3778 3065
3802 3036
3801 3037
3800 3030
3790 3020
3789 3019
3780 3054
3777 3065
3779 3065
3800 3037
3801 3038
3800 3029
3791 3020
3788 3019
3789 3018
3777 3066
3780 3065
3799 3037
3801 3039
3801 3029
3800 3028
3792 3020
3787 3019
3788 3018
3776 3066
3780 3066
3799 3038
3799 3036
3802 3039
3800 3039
3802 3029
3801 3028
3800 3027
3786 3019
3788 3017
3775 3066
3781 3066
3780 3067
3799 3039
3803 3039
3803 3029
3802 3030
3802 3028
3800 3026
3786 3018
3788 3016
3774 3066
3782 3066
3780 3068
3799 3040
3803 3038
3800 3025
3786 3017
3789 3016
3773 3066
3774 3065
3783 3066
3782 3065
3780 3069
3799 3041
3803 3037
3799 3025
3800 3024
3785 3017
3786 3016
3772 3066
3784 3066
3783 3067
3780 3070
3799 3042
3804 3037
3799 3024
3801 3024
3784 3017
3786 3015
3772 3067
3772 3065
3785 3066
3784 3065
3783 3068
3779 3070
3780 3071
3798 3042
3799 3043
3805 3037
3798 3024
3799 3023
3802 3024
3801 3023
3783 3017
3784 3018
3787 3015
3785 3015
3772 3068
3772 3064
3785 3067
3784 3064
3780 3072
3797 3042
3800 3043
3806 3037
3805 3036
3799 3022
3803 3024
3783 3018
3783 3016
3787 3014
3772 3069
3773 3064
3771 3064
3772 3063
3785 3068
3783 3064
3796 3042
3801 3043
3807 3037
3806 3036
3800 3022
3804 3024
3782 3016
3773 3069
3771 3069
3772 3062
3796 3043
3808 3037
3807 3036
3800 3021
3805 3024
3781 3016
3773 3070
3770 3069
3771 3062
3772 3061
3796 3044
3808 3038
3806 3024
3780 3016
3781 3015
3774 3070
3770 3070
3770 3062
3771 3061
3772 3060
3797 3044
3795 3044
3808 3039
3807 3024
3780 3015
3781 3014
3769 3070
3770 3071
3771 3060
3797 3045
3794 3044
3808 3040
3808 3024
3807 3023
3780 3014
3782 3014
3781 3013
3768 3070
3771 3071
3770 3060
3771 3059
3797 3046
3793 3044
3794 3045
3809 3040
3807 3022
3779 3014
3781 3012
3767 3070
3769 3060
3771 3058
3796 3046
3797 3047
3810 3040
3808 3022
3807 3021
3778 3014
3781 3011
3767 3071
3768 3060
3798 3047
3797 3048
3811 3040
3810 3039
3809 3022
3806 3021
3807 3020
3777 3014
3782 3011
3766 3071
3767 3072
3799 3047
3796 3048
3812 3040
3810 3038
3809 3023
3808 3020
3807 3019
3777 3013
3783 3011
3782 3010
3766 3072
3767 3073
3800 3047
3799 3048
3795 3048
3813 3040
3811 3038
3810 3023
3808 3019
3806 3019
3807 3018
3783 3010
3766 3073
3767 3074
3801 3047
3800 3046
3795 3047
3814 3040
3811 3037
3810 3024
3806 3018
3807 3017
3784 3010
3765 3073
3767 3075
3801 3048
3801 3046
3794 3047
3814 3041
3814 3039
3810 3025
3805 3018
3806 3017
3808 3017
3807 3016
3765 3074
3793 3047
3815 3041
3814 3042
3814 3038
3810 3026
3805 3017
3806 3016
3808 3016
3807 3015
3792 3047
3793 3046
3816 3041
3814 3043
3814 3037
3809 3026
3810 3027
3804 3017
3807 3014
3791 3047
3817 3041
3814 3036
3809 3027
3811 3027
3810 3028
3808 3014
3806 3014
3790 3047
3791 3048
3791 3046
3818 3041
3808 3027
3809 3028
3812 3027
3809 3014
3806 3013
3789 3047
3790 3048
3819 3041
3818 3040
3807 3027
3808 3028
3813 3027
3812 3028
3810 3014
3806 3012
3819 3042
3818 3039
3814 3027
3813 3028
3812 3029
3810 3015
3810 3013
3807 3012
3819 3043
3811 3015
3810 3012
3820 3043
3818 3043
3812 3015
3810 3011
3821 3043
3818 3044
3813 3015
3809 3011
3810 3010
3822 3043
3817 3044
3818 3045
3813 3016
3810 3009
3823 3043
3819 3045
3814 3016
3809 3009
3810 3008
3823 3044
3819 3046
3815 3016
3814 3017
3808 3009
3810 3007
3824 3044
3823 3045
3816 3016
3807 3009
3808 3010
3811 3007
3810 3006
3825 3044
3824 3045
3822 3045
3817 3016
3816 3015
3807 3010
3807 3008
3812 3007
3810 3005
3826 3044
3825 3045
3825 3043
3818 3016
3806 3008
3807 3007
3813 3007
3811 3005
3810 3004
3826 3043
3825 3046
3825 3042
3818 3017
3805 3008
3806 3007
3808 3007
3814 3007
3812 3005
3809 3004
3827 3043
3825 3047
3825 3041
3818 3018
3805 3009
3805 3007
3813 3005
3808 3004
3826 3047
3824 3047
3824 3041
3825 3040
3819 3018
3818 3019
3804 3009
3805 3006
3813 3004
3807 3004
3826 3048
3823 3047
3825 3039
3820 3018
3817 3019
3818 3020
3803 3009
3814 3004
3807 3003
3827 3048
3826 3039
3821 3018
3820 3019
3816 3019
3817 3020
3818 3021
3802 3009
3815 3004
3814 3003
3807 3002
3827 3049
3827 3039
3821 3019
3821 3017
3816 3020
3802 3010
3802 3008
3814 3002
3808 3002
3827 3050
3827 3040
3822 3019
3821 3016
3815 3002
3808 3001
3827 3051
3827 3041
3822 3020
3820 3016
3821 3015
3816 3002
3815 3001
3828 3051
3828 3041
3822 3021
3821 3014
3816 3003
3816 3001
3815 3000
3828 3052
3829 3041
3828 3042
3822 3014
3820 3014
3815 2999
3828 3053
3830 3041
3819 3014
3820 3013
3814 2999
3815 2998
3829 3053
3827 3053
3830 3040
3819 3015
3820 3012
3813 2999
3816 2998
3815 2997
3830 3053
3827 3054
3831 3040
3830 3039
3819 3012
3820 3011
3813 3000
3817 2998
3830 3054
3830 3052
3827 3055
3830 3038
3818 3012
3820 3010
3818 2998
3817 2997
3831 3054
3830 3055
3831 3052
3830 3051
3826 3055
3827 3056
3831 3038
3830 3037
3821 3010
3819 3010
3820 3009
3819 2998
3817 2996
3829 3055
3832 3052
3830 3050
3832 3038
3831 3037
3830 3036
3820 3008
3819 2999
3819 2997
3816 2996
3833 3052
3832 3053
3830 3049
3833 3038
3832 3037
3829 3036
3830 3035
3820 3007
3819 3000
3820 2997
3816 2995
3834 3052
3833 3053
3829 3049
3834 3038
3828 3036
3829 3035
3831 3035
3830 3034
3821 3007
3818 3000
3820 2996
3816 2994
3834 3051
3833 3054
3835 3038
3827 3036
3829 3034
3831 3034
3822 3007
3821 3006
3820 2995
3817 2994
3815 2994
3834 3050
3833 3055
3835 3039
3835 3037
3823 3007
3817 2993
3815 2993
3834 3049
3832 3055
3833 3056
3835 3040
3835 3036
3823 3006
3818 2993
3815 2992
3835 3049
3832 3056
3836 3040
3834 3040
3835 3041
3834 3036
3823 3005
3818 2992
3814 2992
3815 2991
3836 3049
3835 3048
3831 3056
3837 3040
3835 3042
3834 3035
3824 3005
3823 3004
3819 2992
3813 2992
3814 2991
3815 2990
3836 3050
3835 3047
3831 3057
3838 3040
3837 3041
3833 3035
3834 3034
3825 3005
3822 3004
3820 2992
3819 2991
3816 2990
3837 3050
3835 3046
3831 3058
3838 3041
3837 3042
3833 3034
3834 3033
3826 3005
3825 3004
3820 2991
3817 2990
3838 3050
3837 3051
3836 3046
3834 3046
3830 3058
3831 3059
3839 3041
3838 3042
3833 3033
3834 3032
3825 3003
3821 2991
3817 2989
3839 3050
3836 3045
3833 3046
3831 3060
3838 3043
3835 3032
3834 3031
3826 3003
3825 3002
3822 2991
3821 2990
3817 2988
3839 3051
3832 3046
3831 3061
3838 3044
3836 3032
3833 3031
3827 3003
3823 2991
3821 2989
3818 2988
3816 2988
3817 2987
3839 3052
3832 3045
3830 3061
3831 3062
3836 3031
3828 3003
3827 3002
3823 2990
3818 2987
3815 2988
3829 3061
3836 3030
3829 3003
3827 3001
3815 2987
3829 3060
3837 3030
3830 3003
3829 3002
3815 2986
3828 3060
3837 3029
3831 3003
3814 2986
3828 3059
3838 3029
3832 3003
3813 2986
3814 2985
3828 3058
3839 3029
3832 3004
3832 3002
3812 2986
3813 2987
3813 2985
3827 3058
3828 3057
3840 3029
3839 3030
3833 3004
3832 3005
3811 2986
3812 2987
3826 3058
3840 3028
3834 3004
3831 3005
3810 2986
3811 2987
3825 3058
3841 3028
3840 3027
3835 3004
3830 3005
3809 2986
3824 3058
3825 3057
3841 3027
3839 3027
3835 3005
3829 3005
3808 2986
3809 2985
3839 3026
3836 3005
3829 3006
3807 2986
3809 2984
3838 3026
3839 3025
3837 3005
3836 3006
3829 3007
3806 2986
3807 2987
3808 2984
3837 3026
3840 3025
3839 3024
3837 3006
3836 3007
3830 3007
3805 2986
3807 2988
3836 3026
3837 3027
3841 3025
3838 3024
3838 3006
3831 3007
3830 3008
3805 2987
3805 2985
3806 2988
3836 3025
3842 3025
3841 3024
3838 3023
3839 3006
3832 3007
3831 3008
3830 3009
3804 2985
3842 3024
3838 3022
3840 3006
3833 3007
3831 3009
3829 3009
3804 2984
3843 3024
3837 3022
3840 3007
3840 3005
3833 3008
3831 3010
3803 2984
3844 3024
3843 3023
3836 3022
3837 3021
3841 3005
3802 2984
3844 3025
3844 3023
3843 3022
3836 3023
3837 3020
3842 3005
3802 2985
3802 2983
3844 3026
3845 3023
3844 3022
3835 3023
3836 3020
3843 3005
3801 2985
3802 2986
3802 2982
3845 3026
3845 3022
3834 3023
3835 3020
3836 3019
3844 3005
3843 3004
3801 2986
3801 2982
3802 2981
3836 3018
3844 3004
3800 2986
3801 2987
3800 2982
3801 2981
3802 2980
3835 3018
3845 3004
3800 2987
3801 2988
3799 2982
3800 2981
3803 2980
3846 3004
3801 2989
3799 2983
3800 2980
3804 2980
3803 2979
3847 3004
3846 3005
3802 2989
3801 2990
3798 2983
3799 2984
3800 2979
3805 2980
3804 2979
3803 2978
3848 3004
3847 3005
3803 2989
3800 2990
3801 2991
3799 2979
3800 2978
3804 2978
3848 3005
3804 2989
3801 2992
3799 2978
3805 2978
3804 2977
3848 3006
3805 2989
3804 2990
3800 2992
3801 2993
3798 2978
3799 2977
3805 2977
3804 2976
3849 3006
3804 2991
3800 2993
3802 2993
3799 2976
3806 2977
3803 2976
3850 3006
3805 2991
3803 2991
3800 2994
3802 2994
3799 2975
3802 2976
3803 2975
3850 3007
3850 3005
3800 2995
3803 2994
3799 2974
3802 2975
3803 2974
3850 3004
3799 2995
3800 2996
3804 2994
3803 2995
3798 2974
3801 2975
3803 2973
3850 3003
3805 2994
3798 2973
3803 2972
3850 3002
3805 2995
3805 2993
3798 2972
3803 2971
3851 3002
3850 3001
3806 2995
3805 2996
3804 2971
3803 2970
3851 3001
3849 3001
3807 2995
3804 2970
3802 2970
3803 2969
3849 3000
3807 2994
3804 2969
3801 2970
3848 3000
3808 2994
3805 2969
3804 2968
3801 2971
3801 2969
3847 3000
3809 2994
3808 2993
3806 2969
3805 2968
3801 2968
3847 3001
3847 2999
3810 2994
3808 2992
3805 2967
3846 2999
3810 2995
3807 2992
3805 2966
3845 2999
3810 2996
3807 2991
3804 2966
3805 2965
3844 2999
3845 2998
3811 2996
3805 2964
3845 2997
3804 2964
3805 2963
3803 2964
3804 2963
3805 2962
3806 2962
3805 2961
3807 2962
3805 2960
3806 2960
3806 2959
3806 2958
3805 2958
3806 2957
3804 2958
3806 2956
3803 2958
3807 2956
3806 2955
3802 2958
3803 2957
3808 2956
3803 2956
3809 2956
3808 2955
3804 2956
3802 2956
3810 2956
3809 2957
3808 2954
3804 2955
3811 2956
3809 2958
3809 2954
3804 2954
3812 2956
3803 2954
3804 2953
3813 2956
3812 2957
3802 2954
3803 2953
3814 2956
3813 2955
3812 2958
3802 2953
3803 2952
3815 2956
3814 2955
3813 2954
3813 2958
3802 2952
3816 2956
3812 2954
3813 2953
3813 2959
3802 2951
3817 2956
3816 2957
3811 2954
3813 2952
3813 2960
3802 2950
3817 2957
3817 2955
3816 2958
3814 2960
3813 2961
3802 2949
3818 2957
3817 2954
3815 2958
3816 2959
3813 2962
3803 2949
3801 2949
3819 2957
3817 2953
3817 2959
3814 2962
3804 2949
3801 2948
3819 2956
3818 2953
3817 2952
3815 2962
3814 2963
3804 2948
3820 2956
3819 2953
3816 2962
3814 2964
3804 2947
3821 2956
3820 2953
3819 2952
3817 2962
3815 2964
3814 2965
3805 2947
3804 2946
3822 2956
3820 2954
3820 2952
3818 2962
3817 2963
3813 2965
3822 2957
3820 2951
3818 2963
3813 2966
3823 2957
3822 2958
3820 2950
3812 2966
3824 2957
3819 2950
3811 2966
3824 2956
3819 2949
3811 2967
3825 2956
3819 2948
3810 2967
3819 2947
3810 2968
3819 2946
3819 2945
3818 2945
3819 2944
3820 2944
3819 2943
3821 2944
3819 2942
3822 2944
3821 2945
3819 2941
3822 2945
3820 2941
3818 2941
3819 2940
3821 2941
3817 2941
3821 2940
3816 2941
3822 2940
3815 2941
3816 2942
3822 2939
3814 2941
3822 2938
3813 2941
3814 2942
3823 2938
3822 2937
3813 2940
3814 2943
3824 2938
3822 2936
3812 2940
3813 2939
3825 2938
3823 2936
3822 2935
3812 2939
3814 2939
3825 2939
3811 2939
3814 2938
3825 2940
3810 2939
3814 2937
3826 2940
3825 2941
3809 2939
3815 2937
3814 2936
3826 2941
3808 2939
3809 2940
3815 2936
3813 2936
3807 2939
3809 2941
3815 2935
3806 2939
3806 2938
3806 2937
3807 2937
3807 2936
3808 2936
3807 2935
3808 2935
3806 2935
3807 2934
3809 2935
3805 2935
3810 2935
3809 2934
3804 2935
3805 2934
3809 2933
3803 2935
3809 2932
3802 2935
3803 2936
3801 2935
3802 2934
3802 2933
3801 2933
3801 2932
3800 2932
3801 2931
3799 2932
3802 2931
3798 2932
3803 2931
3798 2933
3798 2931
3804 2931
3803 2930
3798 2934
3797 2931
3804 2932
3798 2935
3796 2931
3805 2932
3798 2936
3795 2931
3806 2932
3797 2936
3795 2930
3806 2931
3794 2930
3806 2930
3794 2929
3807 2930
3793 2929
3794 2928
3808 2930
3807 2929
3792 2929
3793 2928
3809 2930
3791 2929
3792 2930
3792 2928
3810 2930
3809 2929
3791 2928
3792 2931
3811 2930
3810 2931
3809 2928
3790 2928
3791 2931
3812 2930
3811 2931
3810 2928
3789 2928
3790 2931
3791 2932
3811 2932
3811 2928
3810 2927
3789 2927
3791 2933
3812 2932
3810 2926
3812 2933
3811 2926
3810 2925
3811 2925
3809 2925
3810 2924
3812 2925
3808 2925
3809 2924
3813 2925
3807 2925
3809 2923
3813 2926
3808 2923
3814 2926
3808 2922
3814 2927
3807 2922
3808 2921
3815 2927
3814 2928
3808 2920
3816 2927
3815 2928
3814 2929
3807 2920
3808 2919
3816 2926
3814 2930
3806 2920
3809 2919
3808 2918
3817 2926
3816 2925
3815 2930
3814 2931
3805 2920
3810 2919
3808 2917
3817 2925
3815 2925
3815 2931
3805 2921
3805 2919
3810 2920
3809 2917
3807 2917
3816 2931
3804 2919
3805 2918
3811 2920
3810 2917
3809 2916
3817 2931
3816 2932
3803 2919
3804 2918
3805 2917
3811 2917
3809 2915
3817 2930
3802 2919
3804 2917
3812 2917
3811 2918
3808 2915
3818 2930
3802 2920
3803 2917
3813 2917
3812 2918
3812 2916
3808 2914
3818 2929
3801 2920
3814 2917
3808 2913
3818 2928
3801 2921
3815 2917
3809 2913
3817 2928
3818 2927
3801 2922
3815 2918
3810 2913
3819 2927
3800 2922
3815 2919
3811 2913
3810 2912
3819 2926
3800 2923
3814 2919
3815 2920
3811 2914
3810 2911
3820 2926
3819 2925
3799 2923
3800 2924
3815 2921
3811 2915
3811 2911
3810 2910
3821 2926
3798 2923
3800 2925
3816 2921
3814 2921
3810 2909
3822 2926
3797 2923
3810 2908
3823 2926
3797 2924
3810 2907
3824 2926
3823 2925
3797 2925
3811 2907
3810 2906
3825 2926
3823 2924
3798 2925
3796 2925
3812 2907
3826 2926
3825 2925
3823 2923
3795 2925
3813 2907
3827 2926
3825 2924
3823 2922
3794 2925
3814 2907
3813 2908
3827 2927
3826 2924
3823 2921
3793 2925
3814 2906
3813 2909
3828 2927
3827 2924
3824 2921
3823 2920
3793 2926
3793 2924
3814 2905
3828 2928
3825 2921
3822 2920
3793 2923
3814 2904
3828 2929
3826 2921
3825 2920
3821 2920
3822 2919
3792 2923
3829 2929
3825 2919
3822 2918
3791 2923
3830 2929
3826 2919
3825 2918
3821 2918
3822 2917
3791 2922
3827 2919
3824 2918
3825 2917
3821 2917
3791 2921
3828 2919
3825 2916
3820 2917
3790 2921
3829 2919
3828 2918
3826 2916
3825 2915
3789 2921
3830 2919
3826 2915
3825 2914
3788 2921
3789 2922
3831 2919
3827 2915
3826 2914
3825 2913
3832 2919
3831 2918
3828 2915
3826 2913
3824 2913
3833 2919
3828 2916
3826 2912
3823 2913
3834 2919
3833 2920
3829 2916
3826 2911
3822 2913
3835 2919
3833 2921
3822 2914
3822 2912
3835 2918
3832 2921
3833 2922
3822 2911
3835 2917
3822 2910
3836 2917
3834 2917
3835 2916
3823 2910
3822 2909
3837 2917
3833 2917
3822 2908
3838 2917
3822 2907
3838 2918
3822 2906
3838 2919
3821 2906
3822 2905
3838 2920
3820 2906
3823 2905
3837 2920
3823 2904
3837 2921
3823 2903
3837 2922
3822 2903
3823 2902
3838 2922
3836 2922
3837 2923
3821 2903
3836 2923
3837 2924
3821 2902
3838 2924
3821 2901
3839 2924
3821 2900
3839 2925
3821 2899
3840 2925
3839 2926
3821 2898
3841 2925
3839 2927
3822 2898
3820 2898
3821 2897
3841 2924
3840 2927
3839 2928
3823 2898
3821 2896
3842 2924
3841 2923
3841 2927
3840 2928
3839 2929
3822 2896
3821 2895
3843 2924
3842 2923
3839 2930
3820 2895
3821 2894
3844 2924
3843 2925
3842 2922
3838 2930
3821 2893
3844 2923
3843 2926
3822 2893
3845 2923
3844 2926
3842 2926
3822 2892
3846 2923
3844 2927
3823 2892
3847 2923
3846 2924
3845 2927
3824 2892
3823 2891
3847 2924
3847 2922
3846 2925
3845 2928
3825 2892
3823 2890
3847 2921
3846 2926
3846 2928
3845 2929
3825 2891
3822 2890
3847 2920
3847 2926
3846 2929
3826 2891
3822 2889
3847 2919
3847 2929
3827 2891
3822 2888
3846 2919
3847 2918
3828 2891
3827 2892
3822 2887
3846 2918
3847 2917
3829 2891
3828 2892
3827 2893
3821 2887
3822 2886
3847 2916
3830 2891
3829 2890
3828 2893
3826 2893
3820 2887
3848 2916
3846 2916
3847 2915
3831 2891
3829 2889
3829 2893
3826 2894
3845 2916
3846 2915
3847 2914
3832 2891
3829 2888
3825 2894
3844 2916
3848 2914
3847 2913
3832 2892
3832 2890
3828 2888
3829 2887
3824 2894
3825 2895
3844 2915
3849 2914
3833 2892
3827 2888
3824 2895
3825 2896
3844 2914
3850 2914
3849 2915
3834 2892
3826 2888
3827 2889
3823 2895
3824 2896
3843 2914
3851 2914
3834 2893
3834 2891
3825 2888
3826 2887
3824 2897
3842 2914
3851 2915
3835 2893
3825 2887
3842 2913
3852 2915
3851 2916
3836 2893
3835 2894
3824 2887
3825 2886
3841 2913
3852 2916
3851 2917
3836 2894
3836 2892
3825 2885
3841 2912
3853 2916
3852 2917
3836 2895
3837 2892
3824 2885
3825 2884
3840 2912
3854 2916
3852 2918
3836 2896
3838 2892
3837 2891
3824 2884
3825 2883
3839 2912
3853 2918
3835 2896
3836 2897
3838 2891
3837 2890
3823 2884
3824 2883
3826 2883
3839 2913
3836 2898
3837 2889
3824 2882
3827 2883
3838 2913
3835 2898
3823 2882
3824 2881
3828 2883
3837 2913
3835 2899
3822 2882
3823 2881
3828 2882
3837 2912
3835 2900
3821 2882
3823 2880
3829 2882
3837 2911
3836 2900
3834 2900
3823 2879
3830 2882
3829 2881
3837 2910
3836 2901
3833 2900
3822 2879
3823 2878
3829 2880
3837 2909
3837 2901
3833 2899
3821 2879
3828 2880
3829 2879
3838 2909
3836 2909
3838 2901
3837 2902
3832 2899
3820 2879
3828 2879
3830 2879
3839 2909
3836 2908
3837 2903
3831 2899
3820 2880
3820 2878
3830 2878
3835 2908
3836 2907
3837 2904
3831 2898
3819 2880
3819 2878
3831 2878
3830 2877
3834 2908
3835 2907
3837 2905
3830 2898
3818 2880
3819 2881
3831 2877
3830 2876
3837 2906
3829 2898
3830 2897
3817 2880
3832 2877
3831 2876
3828 2898
3829 2897
3817 2879
3833 2877
3832 2876
3828 2899
3829 2896
3817 2878
3833 2878
3833 2876
3828 2900
3817 2877
3834 2878
3833 2875
3828 2901
3817 2876
3833 2874
3828 2902
3818 2876
3816 2876
3834 2874
3833 2873
3819 2876
3815 2876
3832 2873
3820 2876
3814 2876
3831 2873
3820 2875
3814 2877
3814 2875
3830 2873
3821 2875
3820 2874
3813 2875
3829 2873
3830 2872
3819 2874
3820 2873
3820 2872
3819 2872
3820 2871
3821 2871
3820 2870
3822 2871
3820 2869
3822 2872
3820 2868
3823 2872
3821 2868
3820 2867
3824 2872
3822 2868
3819 2867
3824 2873
3823 2868
3818 2867
3825 2873
3824 2868
3823 2869
3818 2868
3818 2866
3825 2868
3817 2868
3826 2868
3825 2869
3817 2869
3827 2868
3826 2867
3825 2870
3816 2869
3817 2870
3828 2868
3827 2869
3826 2866
3826 2870
3815 2869
3829 2868
3827 2870
3814 2869
3830 2868
3827 2871
3813 2869
3831 2868
3830 2869
3830 2867
3813 2870
3813 2868
3830 2866
3812 2870
3813 2867
3830 2865
3812 2871
3813 2866
3830 2864
3811 2871
3814 2866
3813 2865
3829 2864
3830 2863
3810 2871
3814 2865
3812 2865
3813 2864
3831 2863
3830 2862
3810 2872
3811 2865
3832 2863
3830 2861
3809 2872
3810 2865
3833 2863
3830 2860
3808 2872
3810 2866
3810 2864
3834 2863
3829 2860
3807 2872
3810 2867
3809 2864
3834 2864
3834 2862
3828 2860
3809 2867
3834 2865
3827 2860
3828 2859
3834 2866
3827 2861
3827 2859
3828 2858
3834 2867
3826 2861
3827 2858
3833 2867
3825 2861
3826 2858
3827 2857
3832 2867
3824 2861
3825 2858
3826 2857
3827 2856
3824 2860
3825 2859
3828 2856
3823 2860
3828 2855
3823 2859
3829 2855
3828 2854
3822 2859
3827 2854
3828 2853
3821 2859
3826 2854
3827 2853
3821 2858
3827 2852
3821 2857
3826 2852
3820 2857
3825 2852
3819 2857
3824 2852
3825 2853
3825 2851
3818 2857
3819 2858
3823 2852
3825 2850
3818 2858
3823 2853
3826 2850
3824 2850
3818 2859
3822 2853
3827 2850
3823 2850
3822 2854
3828 2850
3827 2849
3823 2849
3821 2854
3822 2855
3828 2849
3822 2849
3828 2848
3822 2848
3829 2848
3821 2848
3830 2848
3820 2848
3830 2849
3830 2847
3820 2847
3830 2850
3830 2846
3820 2846
3830 2845
3821 2846
3819 2846
3830 2844
3818 2846
3831 2844
3830 2843
3817 2846
3832 2844
3830 2842
3816 2846
3833 2844
3832 2845
3829 2842
3816 2847
3833 2845
3832 2846
3829 2841
3816 2848
3834 2845
3832 2847
3829 2840
3833 2847
3828 2840
3833 2848
3828 2839
3834 2848
3827 2839
3828 2838
3834 2849
3829 2838
3834 2850
3830 2838
3835 2850
3831 2838
3836 2850
3832 2838
3836 2849
3832 2837
3837 2849
3833 2837
3832 2836
3838 2849
3832 2835
3839 2849
3838 2850
3833 2835
3832 2834
3840 2849
3838 2851
3834 2835
3831 2834
3841 2849
3840 2848
3837 2851
3838 2852
3834 2834
3841 2850
3840 2847
3838 2853
3834 2833
3841 2847
3839 2847
3839 2853
3833 2833
3841 2846
3839 2854
3833 2832
3842 2846
3839 2855
3833 2831
3843 2846
3839 2856
3833 2830
3843 2845
3840 2856
3838 2856
3832 2830
3844 2845
3843 2844
3838 2857
3832 2829
3844 2844
3842 2844
3843 2843
3838 2858
3831 2829
3832 2828
3845 2844
3842 2843
3839 2858
3837 2858
3838 2859
3831 2828
3833 2828
3841 2843
3842 2842
3839 2859
3837 2859
3833 2827
3841 2842
3842 2841
3837 2860
3833 2826
3841 2841
3843 2841
3837 2861
3834 2826
3832 2826
3840 2841
3838 2861
3835 2826
3831 2826
3832 2825
3839 2861
3836 2826
3831 2825
3840 2861
3839 2862
3837 2826
3830 2825
3841 2861
3838 2826
3837 2827
3837 2825
3829 2825
3842 2861
3839 2826
3838 2827
3828 2825
3829 2826
3843 2861
3842 2862
3839 2827
3828 2826
3844 2861
3839 2828
3827 2826
3845 2861
3840 2828
3839 2829
3826 2826
3827 2827
3846 2861
3845 2860
3840 2829
3838 2829
3839 2830
3826 2825
3847 2861
3846 2862
3841 2829
3838 2830
3839 2831
3826 2824
3847 2862
3847 2860
3842 2829
3837 2830
3839 2832
3826 2823
3848 2862
3843 2829
3842 2830
3836 2830
3840 2832
3838 2832
3825 2823
3826 2822
3848 2863
3844 2829
3843 2830
3843 2828
3841 2832
3838 2833
3824 2823
3827 2822
3826 2821
3849 2863
3848 2864
3845 2829
3844 2828
3843 2827
3842 2832
3841 2833
3823 2823
3824 2824
3826 2820
3850 2863
3846 2829
3843 2826
3822 2823
3823 2824
3850 2862
3846 2830
3846 2828
3844 2826
3821 2823
3847 2830
3846 2831
3820 2823
3821 2822
3848 2830
3846 2832
3819 2823
3820 2824
3849 2830
3848 2829
3847 2832
3846 2833
3819 2822
3820 2825
3849 2829
3848 2832
3846 2834
3819 2821
3820 2826
3850 2829
3849 2828
3849 2832
3845 2834
3820 2821
3818 2821
3821 2826
3851 2829
3849 2827
3850 2832
3817 2821
3821 2827
3852 2829
3850 2827
3849 2826
3850 2833
3850 2831
3816 2821
3822 2827
3853 2829
3849 2825
3850 2834
3816 2822
3823 2827
3822 2828
3854 2829
3850 2825
3849 2824
3851 2834
3849 2834
3815 2822
3816 2823
3823 2828
3855 2829
3849 2823
3852 2834
3851 2835
3848 2834
3849 2835
3814 2822
3817 2823
3816 2824
3856 2829
3848 2823
3852 2833
3849 2836
3813 2822
3814 2821
3815 2824
3816 2825
3857 2829
3848 2822
3853 2833
3849 2837
3812 2822
3813 2823
3814 2820
3815 2825
3857 2830
3857 2828
3848 2821
3854 2833
3853 2832
3849 2838
3811 2822
3814 2819
3858 2828
3849 2821
3848 2820
3855 2833
3853 2831
3850 2838
3848 2838
3849 2839
3811 2823
3811 2821
3813 2819
3814 2818
3859 2828
3848 2819
3856 2833
3855 2834
3855 2832
3851 2838
3847 2838
3849 2840
3810 2823
3814 2817
3859 2829
3859 2827
3847 2819
3855 2835
3855 2831
3846 2838
3847 2839
3848 2840
3849 2841
3809 2823
3815 2817
3859 2826
3846 2819
3854 2835
3855 2836
3856 2831
3846 2839
3850 2841
3849 2842
3808 2823
3809 2822
3816 2817
3815 2816
3860 2826
3846 2818
3853 2835
3856 2836
3846 2840
3851 2841
3808 2824
3808 2822
3816 2818
3815 2815
3861 2826
3846 2817
3852 2841
3807 2824
3808 2825
3815 2814
3862 2826
3861 2825
3845 2817
3846 2816
3806 2824
3807 2825
3814 2814
3863 2826
3861 2824
3846 2815
3806 2825
3807 2826
3864 2826
3860 2824
3845 2815
3846 2814
3806 2826
3807 2827
3865 2826
3864 2827
3859 2824
3860 2823
3844 2815
3847 2814
3846 2813
3805 2826
3808 2827
3866 2826
3865 2827
3858 2824
3843 2815
3848 2814
3845 2813
3804 2826
3809 2827
3865 2828
3857 2824
3843 2816
3843 2814
3849 2814
3803 2826
3804 2827
3809 2828
3866 2828
3865 2829
3856 2824
3857 2823
3842 2816
3843 2813
3802 2826
3803 2827
3803 2825
3804 2828
3809 2829
3867 2828
3865 2830
3856 2825
3856 2823
3841 2816
3842 2813
3843 2812
3801 2826
3802 2827
3802 2825
3804 2829
3809 2830
3868 2828
3867 2827
3865 2831
3856 2826
3855 2823
3841 2813
3801 2825
3803 2829
3804 2830
3809 2831
3869 2828
3868 2829
3865 2832
3856 2827
3854 2823
3840 2813
3800 2825
3802 2829
3805 2830
3804 2831
3810 2831
3808 2831
3853 2823
3839 2813
3799 2825
3801 2829
3804 2832
3811 2831
3807 2831
3808 2832
3839 2812
3798 2825
3799 2826
3800 2829
3803 2832
3812 2831
3811 2830
3806 2831
3808 2833
3838 2812
3797 2825
3798 2826
3800 2828
3807 2833
3838 2811
3796 2825
3797 2824
3799 2828
3838 2810
3795 2825
3796 2826
3797 2823
3798 2828
3839 2810
3837 2810
3795 2826
3795 2824
3797 2828
3836 2810
3794 2826
3794 2824
3795 2823
3796 2828
3797 2829
3836 2811
3836 2809
3793 2826
3793 2824
3797 2830
3835 2811
3836 2808
3792 2826
3796 2830
3797 2831
3835 2812
3836 2807
3791 2826
3795 2830
3797 2832
3834 2812
3837 2807
3791 2825
3794 2830
3797 2833
3833 2812
3837 2806
3790 2825
3797 2834
3832 2812
3837 2805
3789 2825
3797 2835
3831 2812
3832 2813
3836 2805
3837 2804
3789 2826
3796 2835
3797 2836
3832 2814
3836 2804
3837 2803
3788 2826
3798 2836
3797 2837
3833 2814
3831 2814
3836 2803
3788 2827
3799 2836
3798 2837
3796 2837
3797 2838
3833 2815
3830 2814
3831 2815
3836 2802
3787 2827
3788 2828
3800 2836
3799 2835
3798 2838
3795 2837
3796 2838
3834 2815
3831 2816
3835 2802
3786 2827
3787 2828
3799 2834
3796 2839
3835 2815
3830 2816
3835 2801
3785 2827
3786 2826
3787 2829
3800 2834
3799 2833
3796 2840
3835 2814
3830 2817
3834 2801
3835 2800
3784 2827
3800 2833
3797 2840
3796 2841
3833 2801
3836 2800
3835 2799
3783 2827
3795 2841
3833 2802
3837 2800
3836 2799
3834 2799
3782 2827
3783 2826
3794 2841
3833 2803
3837 2801
3836 2798
3833 2799
3781 2827
3793 2841
3794 2842
3834 2803
3832 2803
3838 2801
3836 2797
3832 2799
3781 2826
3792 2841
3794 2843
3834 2804
3838 2802
3835 2797
3831 2799
3780 2826
3791 2841
3839 2802
3835 2796
3830 2799
3780 2825
3790 2841
3840 2802
3835 2795
3829 2799
3830 2798
3780 2824
3789 2841
3790 2842
3790 2840
3841 2802
3840 2801
3834 2795
3828 2799
3829 2800
3830 2797
3781 2824
3779 2824
3788 2841
3790 2839
3842 2802
3841 2803
3833 2795
3834 2794
3828 2800
3828 2798
3831 2797
3830 2796
3778 2824
3779 2823
3788 2842
3843 2802
3842 2801
3841 2804
3833 2796
3828 2801
3829 2796
3777 2824
3779 2822
3788 2843
3844 2802
3843 2803
3843 2801
3841 2805
3832 2796
3827 2801
3828 2802
3829 2795
3776 2824
3779 2821
3845 2802
3843 2804
3840 2805
3829 2794
3775 2824
3778 2821
3779 2820
3846 2802
3845 2801
3828 2794
3829 2793
3775 2825
3775 2823
3777 2821
3779 2819
3846 2801
3845 2800
3830 2793
3829 2792
3775 2826
3774 2823
3775 2822
3776 2821
3779 2818
3846 2800
3845 2799
3831 2793
3829 2791
3776 2826
3774 2826
3773 2823
3779 2817
3847 2800
3845 2798
3831 2792
3829 2790
3774 2827
3773 2824
3773 2822
3780 2817
3848 2800
3845 2797
3828 2790
3829 2789
3774 2828
3772 2824
3773 2821
3780 2816
3846 2797
3844 2797
3829 2788
3773 2828
3774 2829
3771 2824
3773 2820
3780 2815
3847 2797
3846 2796
3844 2796
3830 2788
3828 2788
3829 2787
3770 2824
3771 2825
3771 2823
3772 2820
3773 2819
3781 2815
3779 2815
3780 2814
3844 2795
3831 2788
3827 2788
3829 2786
3769 2824
3771 2826
3773 2818
3782 2815
3779 2814
3780 2813
3845 2795
3832 2788
3826 2788
3830 2786
3829 2785
3768 2824
3774 2818
3772 2818
3783 2815
3781 2813
3845 2794
3833 2788
3832 2789
3826 2787
3831 2786
3829 2784
3767 2824
3775 2818
3774 2817
3771 2818
3772 2817
3784 2815
3783 2816
3782 2813
3781 2812
3846 2794
3834 2788
3833 2789
3832 2790
3825 2787
3832 2786
3831 2785
3828 2784
3767 2825
3767 2823
3776 2818
3784 2816
3784 2814
3782 2812
3847 2794
3846 2793
3835 2788
3834 2789
3824 2787
3831 2784
3827 2784
3767 2826
3766 2823
3767 2822
3777 2818
3776 2819
3784 2817
3785 2814
3783 2812
3848 2794
3846 2792
3836 2788
3835 2789
3824 2788
3824 2786
3831 2783
3826 2784
3827 2783
3766 2826
3767 2827
3765 2823
3768 2822
3767 2821
3777 2817
3786 2814
3784 2812
3783 2811
3849 2794
3848 2795
3848 2793
3846 2791
3835 2790
3823 2786
3830 2783
3831 2782
3825 2784
3767 2828
3765 2824
3767 2820
3777 2816
3786 2815
3786 2813
3784 2811
3783 2810
3849 2795
3835 2791
3832 2782
3825 2785
3768 2828
3764 2824
3768 2820
3766 2820
3767 2819
3787 2813
3785 2811
3783 2809
3836 2791
3835 2792
3833 2782
3832 2781
3768 2829
3763 2824
3765 2820
3787 2812
3783 2808
3837 2791
3832 2780
3768 2830
3763 2825
3765 2819
3788 2812
3784 2808
3782 2808
3838 2791
3837 2792
3833 2780
3831 2780
3768 2831
3763 2826
3789 2812
3788 2811
3781 2808
3782 2807
3839 2791
3838 2792
3833 2779
3830 2780
3768 2832
3763 2827
3789 2813
3788 2810
3780 2808
3840 2791
3838 2793
3833 2778
3829 2780
3768 2833
3763 2828
3788 2809
3779 2808
3841 2791
3838 2794
3833 2777
3828 2780
3829 2779
3769 2833
3762 2828
3788 2808
3778 2808
3842 2791
3838 2795
3834 2777
3828 2781
3829 2778
3769 2834
3761 2828
3762 2829
3789 2808
3787 2808
3777 2808
3778 2807
3843 2791
3842 2792
3839 2795
3837 2795
3838 2796
3835 2777
3834 2776
3827 2781
3830 2778
3770 2834
3761 2829
3761 2827
3762 2830
3790 2808
3786 2808
3776 2808
3777 2809
3778 2806
3843 2790
3839 2796
3836 2777
3835 2778
3834 2775
3830 2777
3771 2834
3770 2835
3760 2829
3761 2830
3762 2831
3791 2808
3786 2809
3775 2808
3777 2806
3778 2805
3840 2796
3835 2775
3834 2774
3830 2776
3772 2834
3771 2835
3759 2829
3760 2830
3792 2808
3791 2807
3774 2808
3779 2805
3778 2804
3841 2796
3835 2774
3829 2776
3773 2834
3772 2833
3771 2836
3758 2829
3759 2830
3793 2808
3792 2809
3792 2807
3791 2806
3773 2808
3780 2805
3778 2803
3841 2797
3836 2774
3828 2776
3829 2775
3773 2833
3771 2837
3794 2808
3793 2809
3792 2810
3772 2808
3773 2809
3781 2805
3779 2803
3777 2803
3778 2802
3837 2774
3836 2773
3827 2776
3829 2774
3772 2837
3795 2808
3772 2807
3773 2810
3781 2806
3777 2802
3838 2774
3836 2772
3827 2777
3772 2838
3772 2806
3772 2810
3839 2774
3837 2772
3836 2771
3826 2777
3827 2778
3772 2839
3771 2806
3772 2805
3840 2774
3839 2773
3836 2770
3825 2777
3773 2839
3771 2839
3772 2804
3840 2773
3837 2770
3824 2777
3825 2776
3773 2840
3770 2839
3773 2804
3771 2804
3841 2773
3840 2772
3838 2770
3823 2777
3773 2841
3773 2803
3770 2804
3771 2803
3842 2773
3841 2772
3840 2771
3838 2769
3822 2777
3823 2778
3773 2842
3773 2802
3770 2805
3770 2803
3843 2773
3842 2772
3839 2771
3838 2768
3821 2777
3823 2779
3773 2843
3774 2802
3773 2801
3770 2802
3844 2773
3843 2774
3843 2772
3839 2768
3838 2767
3820 2777
3823 2780
3774 2843
3773 2844
3773 2800
3769 2802
3770 2801
3845 2773
3839 2767
3837 2767
3838 2766
3824 2780
3822 2780
3774 2844
3773 2799
3771 2801
3770 2800
3846 2773
3845 2774
3845 2772
3840 2767
3836 2767
3837 2766
3824 2781
3775 2844
3774 2799
3770 2799
3847 2773
3846 2774
3841 2767
3775 2845
3774 2798
3771 2799
3769 2799
3848 2773
3847 2772
3846 2775
3842 2767
3775 2846
3774 2797
3768 2799
3848 2774
3847 2771
3843 2767
3842 2768
3776 2846
3774 2846
3775 2847
3767 2799
3768 2800
3768 2798
3849 2774
3848 2775
3844 2767
3843 2766
3777 2846
3774 2847
3767 2800
3767 2798
3768 2801
3850 2774
3849 2775
3844 2766
3843 2765
3778 2846
3774 2848
3766 2800
3767 2797
3850 2773
3849 2776
3845 2766
3843 2764
3779 2846
3778 2847
3773 2848
3774 2849
3765 2800
3766 2797
3767 2796
3851 2773
3849 2777
3845 2765
3842 2764
3780 2846
3772 2848
3775 2849
3774 2850
3765 2801
3767 2795
3852 2773
3850 2777
3848 2777
3845 2764
3841 2764
3781 2846
3771 2848
3772 2847
3774 2851
3764 2801
3765 2802
3767 2794
3853 2773
3851 2777
3850 2778
3848 2778
3846 2764
3845 2763
3840 2764
3841 2765
3782 2846
3781 2847
3770 2848
3771 2849
3771 2847
3773 2851
3774 2852
3763 2801
3764 2802
3766 2802
3766 2794
3854 2773
3851 2778
3851 2776
3847 2778
3848 2779
3846 2763
3845 2762
3840 2765
3783 2846
3782 2847
3781 2848
3770 2849
3770 2847
3772 2851
3775 2852
3774 2853
3763 2800
3764 2803
3766 2803
3765 2794
3854 2772
3852 2778
3851 2779
3847 2779
3849 2779
3847 2763
3844 2762
3845 2761
3784 2846
3783 2847
3782 2848
3780 2848
3769 2849
3770 2850
3769 2847
3774 2854
3762 2800
3855 2772
3854 2771
3852 2779
3849 2780
3848 2763
3844 2761
3785 2846
3784 2845
3782 2849
3768 2849
3770 2851
3775 2854
3774 2855
3761 2800
3856 2772
3853 2771
3853 2779
3849 2781
3849 2763
3784 2844
3783 2849
3782 2850
3768 2848
3769 2851
3770 2852
3775 2855
3760 2800
3761 2799
3856 2773
3853 2770
3854 2779
3850 2781
3849 2762
3783 2844
3781 2850
3767 2848
3768 2851
3776 2855
3759 2800
3760 2801
3760 2799
3761 2798
3857 2773
3853 2769
3855 2779
3854 2778
3850 2762
3767 2847
3777 2855
3759 2801
3760 2798
3858 2773
3857 2774
3853 2768
3856 2779
3854 2777
3851 2762
3766 2847
3777 2854
3759 2798
3760 2797
3859 2773
3854 2768
3853 2767
3856 2780
3856 2778
3851 2761
3765 2847
3778 2854
3758 2798
3760 2796
3859 2774
3859 2772
3854 2767
3853 2766
3856 2781
3852 2761
3764 2847
3778 2853
3758 2797
3760 2795
3859 2771
3855 2767
3854 2766
3853 2765
3852 2760
3764 2848
3764 2846
3779 2853
3760 2794
3860 2771
3858 2771
3856 2767
3855 2766
3852 2765
3852 2759
3763 2848
3764 2849
3763 2846
3764 2845
3779 2852
3761 2794
3861 2771
3857 2771
3855 2765
3851 2765
3851 2759
3762 2848
3763 2849
3765 2849
3764 2844
3779 2851
3762 2794
3862 2771
3861 2770
3856 2765
3855 2764
3851 2766
3850 2759
3762 2847
3763 2850
3763 2844
3764 2843
3778 2851
3763 2794
3863 2771
3862 2772
3857 2765
3855 2763
3850 2766
3850 2758
3761 2847
3762 2850
3763 2851
3762 2844
3763 2843
3778 2850
3763 2793
3863 2772
3863 2770
3858 2765
3856 2763
3855 2762
3849 2766
3760 2847
3761 2850
3764 2851
3763 2852
3761 2844
3778 2849
3763 2792
3863 2773
3863 2769
3858 2764
3854 2762
3855 2761
3759 2847
3761 2849
3761 2843
3763 2791
3863 2774
3863 2768
3856 2761
3758 2847
3759 2848
3763 2790
3864 2774
3862 2768
3863 2767
3757 2847
3758 2846
3764 2790
3762 2790
3864 2775
3861 2768
3863 2766
3756 2847
3757 2848
3765 2790
3761 2790
3864 2776
3860 2768
3864 2766
3755 2847
3766 2790
3761 2791
3761 2789
3864 2777
3859 2768
3864 2765
3754 2847
3755 2848
3755 2846
3767 2790
3766 2791
3760 2789
3761 2788
3864 2778
3864 2764
3753 2847
3755 2845
3767 2791
3767 2789
3759 2789
3762 2788
3761 2787
3865 2778
3863 2778
3865 2764
3864 2763
3752 2847
3755 2844
3768 2791
3759 2788
3761 2786
3866 2778
3865 2779
3863 2779
3866 2764
3863 2763
3751 2847
3754 2844
3769 2791
3758 2788
3759 2787
3762 2786
3867 2778
3863 2780
3866 2765
3866 2763
3751 2848
3753 2844
3754 2843
3769 2792
3757 2788
3868 2778
3867 2777
3862 2780
3863 2781
3867 2765
3751 2849
3754 2842
3770 2792
3769 2793
3756 2788
3757 2789
3869 2778
3868 2779
3861 2780
3868 2765
3867 2766
3750 2849
3753 2842
3754 2841
3771 2792
3770 2793
3757 2790
3870 2778
3868 2764
3749 2849
3752 2842
3754 2840
3772 2792
3771 2791
3756 2790
3871 2778
3870 2777
3868 2763
3749 2850
3749 2848
3751 2842
3755 2840
3753 2840
3773 2792
3772 2793
3771 2790
3756 2791
3871 2779
3870 2776
3869 2763
3748 2850
3748 2848
3756 2840
3752 2840
3773 2793
3773 2791
3755 2791
3756 2792
3872 2779
3871 2780
3870 2763
3748 2851
3748 2847
3751 2840
3752 2839
3773 2794
3774 2791
3754 2791
3756 2793
3873 2779
3872 2780
3871 2781
3870 2762
3748 2852
3747 2847
3750 2840
3752 2838
3775 2791
3774 2790
3754 2790
3757 2793
3755 2793
3874 2779
3873 2778
3871 2762
3870 2761
3748 2853
3746 2847
3747 2846
3750 2839
3751 2838
3752 2837
3775 2792
3775 2790
3753 2790
3758 2793
3757 2794
3875 2779
3873 2777
3872 2762
3871 2761
3870 2760
3749 2853
3745 2847
3746 2848
3746 2846
3750 2838
3752 2836
3776 2790
3752 2790
3759 2793
3876 2779
3875 2780
3874 2777
3872 2763
3871 2760
3869 2760
3870 2759
3744 2847
3745 2848
3749 2838
3751 2836
3752 2835
3777 2790
3751 2790
3752 2791
3877 2779
3874 2776
3873 2763
3870 2758
3744 2848
3745 2849
3749 2837
3752 2834
3778 2790
3751 2791
3751 2789
3877 2780
3877 2778
3875 2776
3874 2775
3871 2758
3870 2757
3744 2849
3745 2850
3749 2836
3751 2834
3778 2791
3778 2789
3750 2791
3877 2781
3878 2778
3875 2775
3873 2775
3872 2758
3870 2756
3743 2849
3748 2836
3750 2834
3751 2833
3778 2792
3779 2789
3749 2791
3877 2782
3879 2778
3873 2774
3872 2759
3872 2757
3742 2849
3750 2835
3779 2792
3780 2789
3749 2792
3878 2782
3877 2783
3879 2777
3873 2757
3742 2850
3780 2788
3749 2793
3879 2782
3876 2783
3880 2777
3879 2776
3874 2757
3741 2850
3742 2851
3781 2788
3780 2787
3748 2793
3879 2783
3879 2781
3876 2784
3881 2777
3740 2850
3742 2852
3782 2788
3779 2787
3747 2793
3748 2794
3879 2784
3880 2781
3876 2785
3739 2850
3740 2851
3742 2853
3783 2788
3782 2789
3747 2794
3747 2792
3748 2795
3880 2784
3878 2784
3881 2781
3877 2785
3875 2785
3738 2850
3739 2849
3743 2853
3742 2854
3783 2787
3748 2796
3881 2782
3881 2780
3877 2786
3874 2785
3737 2850
3738 2851
3741 2854
3784 2787
3783 2786
3749 2796
3747 2796
3882 2782
3881 2779
3874 2786
3737 2851
3737 2849
3740 2854
3785 2787
3783 2785
3749 2797
3883 2782
3880 2779
3736 2851
3736 2849
3740 2855
3785 2788
3785 2786
3750 2797
3749 2798
3884 2782
3883 2781
3735 2851
3735 2849
3740 2856
3786 2786
3750 2798
3885 2782
3735 2850
3734 2849
3740 2857
3787 2786
3751 2798
3886 2782
3734 2850
3739 2857
3740 2858
3788 2786
3787 2785
3752 2798
3886 2781
3738 2857
3739 2858
3788 2787
3788 2785
3753 2798
3887 2781
3737 2857
3739 2859
3788 2788
3788 2784
3754 2798
3753 2799
3888 2781
3736 2857
3739 2860
3789 2788
3755 2798
3888 2780
3736 2856
3739 2861
3790 2788
3789 2789
3755 2799
3888 2779
3736 2855
3738 2861
3791 2788
3789 2790
3756 2799
3889 2779
3887 2779
3735 2855
3736 2854
3737 2861
3738 2862
3791 2789
3791 2787
3788 2790
3890 2779
3887 2778
3734 2855
3738 2863
3792 2787
3788 2791
3890 2780
3887 2777
3733 2855
3738 2864
3793 2787
3787 2791
3891 2780
3888 2777
3887 2776
3732 2855
3733 2854
3737 2864
3794 2787
3793 2788
3787 2792
3892 2780
3891 2781
3888 2776
3886 2776
3731 2855
3732 2856
3732 2854
3736 2864
3794 2788
3794 2786
3786 2792
3787 2793
3893 2780
3891 2782
3889 2776
3885 2776
3730 2855
3731 2854
3732 2857
3735 2864
3736 2865
3795 2788
3794 2789
3795 2786
3794 2785
3785 2792
3786 2793
3788 2793
3787 2794
3893 2779
3890 2782
3890 2776
3884 2776
3730 2856
3730 2854
3049 2388
3050 2388
3051 2388
3052 2388
3052 2387
3053 2387
3052 2386
3052 2385
3053 2385
3051 2385
3052 2384
3054 2385
3051 2384
3055 2385
3054 2384
3051 2383
3055 2384
3054 2383
3050 2383
3049 2383
3048 2383
3047 2383
3048 2384
3047 2382
3048 2385
3046 2382
3047 2381
3048 2386
3047 2380
3046 2380
3047 2379
3045 2380
3044 2380
3044 2381
3044 2379
3044 2382
3044 2378
3044 2383
3045 2378
3043 2383
3044 2384
3046 2378
3045 2377
3042 2383
3043 2384
3045 2376
3041 2383
3043 2385
3046 2376
3040 2383
3042 2385
3043 2386
3047 2376
3046 2375
3039 2383
3044 2386
3047 2377
3046 2374
3039 2384
3045 2386
3047 2374
3045 2374
3039 2385
3048 2374
3047 2373
3044 2374
3039 2386
3048 2373
3044 2373
3038 2386
3039 2387
3048 2372
3043 2373
3044 2372
3040 2387
3039 2388
3049 2372
3041 2387
3038 2388
3050 2372
3049 2371
3041 2388
3041 2386
3050 2371
3050 2370
3050 2369
3051 2369
3050 2368
3052 2369
3050 2367
3053 2369
3050 2366
3053 2370
3051 2366
3050 2365
3054 2370
3053 2371
3052 2366
3055 2370
3053 2366
3056 2370
3054 2366
3055 2366
3056 2366
3057 2366
3058 2366
3057 2365
3059 2366
3057 2364
3060 2366
3059 2367
3057 2363
3060 2365
3059 2368
3058 2363
3057 2362
3061 2365
3059 2369
3059 2363
3057 2361
3062 2365
3061 2364
3060 2369
3059 2370
3059 2362
3058 2361
3057 2360
3063 2365
3062 2366
3061 2363
3061 2369
3058 2360
3064 2365
3063 2366
3062 2367
3061 2362
3061 2368
3059 2360
3058 2359
3065 2365
3064 2366
3061 2367
3062 2368
3060 2360
3059 2359
3058 2358
3065 2366
3065 2364
3063 2368
3061 2360
3059 2358
3057 2358
3058 2357
3066 2366
3065 2367
3065 2363
3060 2358
3056 2358
3058 2356
3066 2367
3065 2368
3066 2363
3060 2357
3056 2357
3057 2356
3058 2355
3065 2369
3067 2363
3061 2357
3060 2356
3055 2357
3066 2369
3065 2370
3067 2362
3061 2356
3054 2357
3066 2370
3065 2371
3067 2361
3054 2358
3054 2356
3066 2371
3068 2361
3066 2361
3054 2359
3054 2355
3067 2371
3066 2372
3068 2360
3065 2361
3053 2359
3054 2354
3068 2371
3066 2373
3068 2359
3065 2360
3053 2360
3053 2354
3068 2372
3068 2370
3065 2373
3066 2374
3067 2359
3068 2358
3064 2360
3052 2360
3053 2361
3053 2353
3069 2370
3064 2373
3067 2358
3068 2357
3064 2359
3051 2360
3053 2352
3070 2370
3069 2369
3063 2373
3069 2357
3068 2356
3063 2359
3064 2358
3050 2360
3051 2361
3054 2352
3053 2351
3071 2370
3070 2371
3069 2368
3062 2373
3070 2357
3067 2356
3065 2358
3050 2359
3051 2362
3053 2350
3071 2369
3070 2372
3070 2368
3068 2368
3069 2367
3061 2373
3062 2374
3071 2357
3070 2358
3067 2355
3050 2358
3052 2350
3072 2369
3070 2373
3069 2366
3060 2373
3061 2374
3061 2372
3062 2375
3071 2358
3051 2350
3073 2369
3070 2374
3070 2366
3060 2374
3061 2375
3072 2358
3050 2350
3073 2370
3073 2368
3069 2374
3070 2375
3071 2366
3070 2365
3059 2374
3061 2376
3073 2358
3050 2351
3074 2370
3073 2367
3069 2375
3070 2376
3058 2374
3060 2376
3073 2359
3073 2357
3049 2351
3075 2370
3074 2367
3072 2367
3073 2366
3069 2376
3071 2376
3057 2374
3058 2373
3060 2377
3073 2360
3073 2356
3048 2351
3075 2371
3075 2369
3073 2365
3068 2376
3072 2376
3058 2372
3059 2377
3074 2360
3072 2360
3074 2356
3047 2351
3076 2371
3075 2372
3076 2369
3067 2376
3072 2377
3058 2377
3071 2360
3075 2356
3046 2351
3047 2352
3047 2350
3077 2371
3076 2372
3074 2372
3077 2369
3066 2376
3067 2377
3067 2375
3073 2377
3057 2377
3058 2376
3071 2361
3075 2357
3075 2355
3047 2353
3047 2349
3078 2371
3077 2372
3074 2373
3065 2376
3066 2377
3067 2378
3074 2377
3073 2378
3057 2376
3076 2357
3075 2354
3047 2354
3046 2349
3079 2371
3078 2372
3073 2373
3074 2374
3064 2376
3074 2376
3073 2379
3056 2376
3075 2353
3047 2355
3045 2349
3079 2372
3078 2373
3072 2373
3073 2374
3064 2377
3072 2379
3056 2375
3076 2353
3074 2353
3075 2352
3047 2356
3045 2350
3045 2348
3080 2372
3078 2374
3063 2377
3064 2378
3072 2380
3077 2353
3073 2353
3074 2352
3075 2351
3047 2357
3044 2348
3081 2372
3078 2375
3065 2378
3064 2379
3071 2380
3072 2353
3076 2351
3075 2350
3044 2347
3082 2372
3081 2373
3078 2376
3070 2380
3072 2352
3077 2351
3075 2349
3043 2347
3083 2372
3081 2374
3078 2377
3069 2380
3072 2351
3077 2350
3076 2349
3042 2347
3084 2372
3083 2371
3081 2375
3069 2381
3078 2350
3076 2348
3041 2347
3085 2372
3084 2373
3082 2375
3068 2381
3079 2350
3041 2348
3041 2346
3086 2372
3085 2371
3084 2374
3067 2381
3080 2350
3079 2349
3040 2346
3041 2345
3087 2372
3086 2373
3085 2370
3085 2374
3083 2374
3084 2375
3081 2350
3040 2345
3041 2344
3088 2372
3087 2371
3082 2350
3081 2351
3040 2344
3089 2372
3088 2373
3082 2351
3082 2349
3039 2344
3040 2343
3083 2351
3083 2349
3082 2348
3039 2343
3083 2352
3084 2349
3082 2347
3038 2343
3039 2342
3084 2352
3083 2353
3084 2350
3083 2347
3082 2346
3037 2343
3085 2352
3082 2353
3083 2354
3081 2346
3037 2342
3084 2354
3080 2346
3036 2342
3035 2342
3034 2342
3035 2343
3035 2341
3034 2343
3035 2340
3034 2344
3036 2340
3035 2339
3034 2345
3034 2339
3034 2346
3033 2339
3033 2346
3033 2338
3032 2338
3031 2338
3030 2338
3031 2337
3029 2338
3031 2336
3028 2338
3029 2339
3032 2336
3028 2339
3028 2337
3032 2335
3028 2340
3028 2336
3033 2335
3032 2334
3028 2341
3028 2335
3034 2335
3033 2334
3032 2333
3028 2342
3029 2335
3028 2334
3035 2335
3032 2332
3028 2343
3030 2335
3027 2334
3036 2335
3032 2331
3029 2343
3027 2343
3028 2344
3026 2334
3037 2335
3032 2330
3026 2343
3026 2333
3038 2335
3037 2336
3031 2330
3025 2343
3026 2344
3026 2332
3039 2335
3037 2337
3030 2330
3031 2329
3025 2342
3026 2345
3025 2332
3040 2335
3038 2337
3030 2331
3031 2328
3024 2342
3025 2331
3041 2335
3030 2332
3030 2328
3031 2327
3024 2331
3025 2330
3042 2335
3041 2334
3030 2333
3029 2328
3030 2327
3032 2327
3031 2326
3023 2331
3024 2330
3025 2329
3041 2333
3029 2327
3030 2326
3033 2327
3023 2330
3025 2328
3040 2333
3041 2332
3028 2327
3030 2325
3034 2327
3023 2329
3024 2328
3040 2332
3042 2332
3027 2327
3030 2324
3034 2326
3022 2329
3024 2327
3039 2332
3040 2331
3042 2331
3029 2324
3030 2323
3035 2326
3021 2329
3038 2332
3040 2330
3028 2324
3030 2322
3035 2325
3021 2330
3021 2328
3038 2333
3038 2331
3040 2329
3027 2324
3031 2322
3021 2331
3021 2327
3037 2331
3041 2329
3040 2328
3026 2324
3027 2323
3031 2321
3036 2331
3037 2330
3042 2329
3040 2327
3025 2324
3027 2322
3031 2320
3037 2329
3041 2327
3024 2324
3025 2325
3028 2322
3027 2321
3031 2319
3041 2326
3023 2324
3024 2325
3024 2323
3028 2321
3026 2321
3027 2320
3032 2319
3030 2319
3023 2323
3025 2321
3027 2319
3033 2319
3030 2318
3022 2323
3025 2320
3026 2319
3033 2320
3033 2318
3021 2323
3033 2317
3021 2324
3034 2317
3032 2317
3020 2324
3032 2316
3019 2324
3032 2315
3018 2324
3031 2315
3032 2314
3017 2324
3018 2325
3031 2314
3032 2313
3017 2323
3033 2313
3032 2312
3017 2322
3034 2313
3033 2312
3018 2322
3016 2322
3035 2313
3034 2312
3019 2322
3015 2322
3036 2313
3035 2314
3035 2312
3034 2311
3019 2321
3014 2322
3015 2323
3015 2321
3037 2313
3035 2315
3035 2311
3034 2310
3014 2321
3038 2313
3036 2315
3036 2311
3035 2310
3034 2309
3013 2321
3014 2320
3039 2313
3038 2312
3036 2316
3037 2311
3034 2308
3012 2321
3039 2314
3033 2308
3011 2321
3012 2322
3040 2314
3032 2308
3011 2322
3011 2320
3012 2323
3041 2314
3031 2308
3010 2320
3042 2314
3041 2315
3030 2308
3031 2307
3009 2320
3010 2319
3043 2314
3041 2316
3029 2308
3008 2320
3009 2321
3043 2315
3043 2313
3041 2317
3029 2309
3029 2307
3008 2321
3009 2322
3044 2315
3043 2312
3041 2318
3028 2307
3007 2321
3044 2312
3043 2311
3040 2318
3041 2319
3027 2307
3006 2321
3007 2322
3045 2312
3042 2311
3043 2310
3040 2319
3042 2319
3026 2307
3027 2306
3006 2322
3046 2312
3043 2309
3040 2320
3043 2319
3025 2307
3027 2305
3047 2312
3046 2311
3042 2309
3040 2321
3044 2319
3025 2308
3025 2306
3048 2312
3047 2311
3046 2310
3042 2308
3039 2321
3040 2322
3045 2319
3044 2320
3025 2305
3048 2311
3047 2310
3045 2310
3042 2307
3040 2323
3046 2319
3045 2320
3025 2304
3049 2311
3045 2309
3042 2306
3041 2323
3046 2320
3024 2304
3049 2310
3041 2306
3042 2323
3041 2324
3046 2321
3023 2304
3024 2303
3049 2309
3040 2306
3042 2324
3042 2322
3047 2321
3046 2322
3022 2304
3023 2305
3023 2303
3024 2302
3049 2308
3040 2305
3043 2324
3042 2325
3042 2321
3047 2322
3045 2322
3021 2304
3025 2302
3024 2301
3048 2308
3049 2307
3040 2304
3044 2324
3048 2322
3021 2305
3021 2303
3026 2302
3024 2300
3050 2307
3041 2304
3039 2304
3044 2325
3044 2323
3049 2322
3048 2323
3020 2303
3026 2301
3025 2300
3051 2307
3038 2304
3044 2326
3050 2322
3019 2303
3025 2299
3051 2306
3037 2304
3045 2326
3044 2327
3051 2322
3050 2321
3018 2303
3025 2298
3052 2306
3051 2305
3036 2304
3037 2305
3045 2327
3018 2304
3018 2302
3025 2297
3053 2306
3050 2305
3051 2304
3035 2304
3036 2303
3037 2306
3045 2328
3017 2304
3017 2302
3026 2297
3024 2297
3053 2307
3052 2304
3051 2303
3035 2303
3036 2302
3046 2328
3045 2329
3016 2304
3017 2305
3027 2297
3026 2296
3024 2296
3054 2307
3053 2308
3051 2302
3036 2301
3045 2330
3015 2304
3016 2305
3017 2306
3027 2296
3023 2296
3024 2295
3055 2307
3053 2309
3052 2302
3050 2302
3051 2301
3035 2301
3036 2300
3046 2330
3014 2304
3015 2305
3015 2303
3018 2306
3028 2296
3024 2294
3055 2306
3052 2309
3053 2310
3053 2302
3052 2301
3049 2302
3034 2301
3035 2300
3037 2300
3047 2330
3046 2331
3014 2305
3014 2303
3015 2306
3019 2306
3018 2307
3029 2296
3024 2293
3056 2306
3055 2305
3052 2310
3053 2311
3053 2301
3034 2302
3035 2299
3037 2299
3013 2305
3013 2303
3019 2307
3029 2297
3029 2295
3023 2293
3024 2292
3057 2306
3056 2305
3055 2304
3054 2311
3054 2301
3053 2300
3033 2302
3035 2298
3037 2298
3012 2305
3013 2306
3013 2302
3030 2297
3030 2295
3029 2294
3023 2292
3025 2292
3024 2291
3057 2307
3054 2304
3055 2303
3055 2311
3055 2301
3053 2299
3032 2302
3036 2298
3037 2297
3011 2305
3029 2293
3022 2292
3023 2291
3026 2292
3024 2290
3055 2312
3055 2310
3052 2299
3053 2298
3031 2302
3037 2296
3010 2305
3028 2293
3021 2292
3027 2292
3025 2290
3055 2313
3056 2310
3055 2309
3052 2298
3030 2302
3037 2295
3009 2305
3027 2293
3021 2291
3026 2290
3025 2289
3056 2313
3056 2309
3051 2298
3052 2297
3030 2301
3036 2295
3008 2305
3009 2306
3027 2294
3021 2290
3027 2290
3025 2288
3057 2313
3056 2314
3051 2297
3035 2295
3007 2305
3022 2290
3028 2290
3024 2288
3058 2313
3057 2312
3050 2297
3035 2294
3006 2305
3029 2290
3028 2291
3023 2288
3059 2313
3058 2314
3058 2312
3050 2296
3035 2293
3005 2305
3029 2289
3022 2288
3060 2313
3059 2312
3058 2311
3050 2295
3005 2306
3005 2304
3029 2288
3061 2313
3059 2311
3051 2295
3004 2304
3005 2303
3030 2288
3060 2311
3052 2295
3051 2294
3003 2304
3006 2303
3005 2302
3031 2288
3061 2311
3053 2295
3051 2293
3002 2304
3003 2305
3003 2303
3006 2302
3004 2302
3032 2288
3031 2289
3061 2310
3053 2296
3050 2293
3051 2292
3002 2305
3002 2303
3006 2301
3004 2301
3033 2288
3032 2289
3032 2287
3061 2309
3050 2292
3051 2291
3002 2306
3002 2302
3003 2301
3034 2288
3032 2290
3032 2286
3049 2292
3052 2291
3051 2290
3001 2306
3003 2300
3035 2288
3033 2290
3032 2291
3032 2285
3048 2292
3052 2290
3001 2307
3003 2299
3036 2288
3034 2290
3031 2291
3032 2284
3048 2293
3053 2290
3000 2307
3001 2308
3003 2298
3036 2287
3034 2291
3033 2284
3048 2294
3054 2290
2999 2307
3002 2308
3002 2298
3037 2287
3034 2292
3033 2283
3055 2290
3054 2291
2998 2307
3002 2309
3001 2298
3002 2297
3033 2282
3056 2290
3055 2291
2998 2308
3003 2309
3000 2298
3002 2296
3034 2282
3032 2282
3057 2290
3056 2291
3056 2289
3055 2292
2997 2308
3003 2310
3001 2296
3002 2295
3034 2281
3031 2282
3058 2290
3057 2291
2996 2308
3004 2310
3001 2295
3002 2294
3031 2281
3059 2290
3057 2292
2995 2308
3005 2310
3000 2295
3002 2293
3031 2280
3059 2289
3057 2293
2995 2309
2995 2307
3005 2311
3000 2294
3002 2292
3030 2280
3060 2289
3059 2288
3057 2294
2994 2309
2995 2310
2994 2307
3006 2311
3000 2293
3003 2292
3030 2279
3058 2288
3059 2287
3058 2294
2993 2309
2995 2311
2999 2293
3003 2291
3058 2287
3059 2294
2992 2309
2993 2310
2995 2312
2998 2293
3004 2291
3003 2290
3058 2286
3060 2294
2991 2309
2992 2308
2996 2312
2994 2312
2997 2293
3005 2291
3057 2286
3058 2285
3061 2294
3060 2295
3060 2293
2991 2310
2992 2307
2996 2313
2994 2313
3006 2291
3005 2290
3058 2284
3061 2293
3060 2296
2990 2310
2992 2306
2996 2314
2993 2313
2994 2314
3007 2291
3058 2283
3062 2293
3061 2296
2991 2306
2994 2315
3008 2291
3058 2282
3063 2293
3062 2296
2991 2305
2995 2315
3009 2291
3008 2292
3008 2290
3059 2282
3064 2293
3063 2292
3062 2297
2995 2316
3009 2292
3009 2290
3008 2293
3008 2289
3060 2282
3064 2294
3064 2292
2995 2317
3010 2292
3010 2290
3007 2293
3008 2294
3008 2288
3061 2282
3064 2295
3064 2291
2995 2318
3011 2292
3010 2289
3006 2293
3009 2294
3009 2288
3008 2287
3062 2282
3061 2281
3065 2295
3064 2296
3064 2290
2994 2318
3012 2292
3011 2293
3009 2287
3007 2287
3066 2295
3065 2296
3065 2290
3064 2289
2993 2318
3013 2292
3010 2287
3066 2290
3063 2289
3014 2292
3010 2286
3066 2291
3066 2289
3063 2288
3015 2292
3014 2291
3011 2286
3067 2291
3067 2289
3066 2288
3063 2287
3016 2292
3014 2290
3011 2285
3068 2291
3068 2289
3064 2287
3062 2287
3063 2286
3016 2293
3012 2285
3011 2284
3068 2292
3016 2294
3012 2284
3010 2284
3069 2292
3015 2294
3013 2284
3009 2284
3013 2283
3008 2284
3009 2285
3013 2282
3008 2285
3008 2283
3008 2282
3009 2282
3007 2282
3006 2282
3005 2282
3005 2283
3005 2281
3005 2280
3006 2280
3006 2279
3006 2278
3005 2278
3006 2277
3004 2278
3003 2278
3002 2278
3003 2277
3003 2276
3003 2275
3004 2275
3002 2275
3005 2275
3002 2274
3005 2274
3002 2273
3005 2273
3001 2273
3002 2272
3006 2273
3000 2273
3007 2273
2999 2273
3000 2274
3007 2274
3007 2272
2998 2273
3007 2271
2997 2273
3007 2270
2997 2272
3006 2270
2996 2272
3006 2269
2995 2272
3006 2268
2994 2272
3005 2268
3006 2267
2993 2272
3005 2267
3006 2266
2992 2272
2993 2271
3005 2266
3007 2266
3006 2265
2991 2272
2993 2270
3005 2265
3008 2266
2990 2272
3004 2265
3005 2264
3009 2266
2989 2272
3003 2265
3005 2263
3009 2265
2988 2272
3002 2265
3005 2262
3009 2264
2987 2272
3002 2264
3005 2261
3009 2263
2986 2272
3005 2260
3009 2262
2986 2271
3004 2260
3005 2259
3008 2262
3009 2261
2985 2271
3006 2259
3008 2261
2985 2270
3007 2259
3006 2258
2984 2270
2985 2269
3007 2258
3006 2257
2983 2270
2984 2269
2985 2268
3005 2257
3006 2256
2982 2270
2983 2271
2984 2268
2985 2267
3006 2255
2981 2270
2986 2267
3007 2255
3005 2255
2980 2270
3008 2255
2980 2271
3008 2256
3008 2254
2979 2271
3008 2257
3009 2254
3008 2253
2978 2271
2979 2272
3010 2254
2978 2270
2979 2273
3011 2254
3010 2253
2978 2269
3010 2252
2977 2269
3011 2252
2977 2268
3012 2252
2977 2267
3012 2251
2977 2266
3013 2251
3012 2250
2976 2266
3014 2251
2975 2266
3015 2251
2974 2266
3015 2252
3015 2250
3015 2253
3016 2250
3015 2249
3014 2253
3015 2254
3017 2250
3015 2248
3013 2253
3015 2255
3017 2251
3017 2249
3016 2248
3014 2248
3015 2247
3016 2255
3018 2251
3017 2252
3018 2249
3017 2248
3013 2248
3015 2246
3019 2251
3019 2249
3017 2247
3012 2248
3015 2245
3019 2252
3020 2249
3018 2247
3011 2248
3016 2245
3015 2244
3019 2253
3021 2249
3018 2246
3014 2244
3020 2253
3018 2253
3022 2249
3021 2250
3021 2253
3023 2249
3021 2252
3022 2252
