2096 2788
4042 1269
2924 2513
2169 2270
2755 2566
2932 2532
2484 2801
3013 2334
2245 2477
2255 2484
2788 2658
2111 2829
2214 2502
2184 2690
2114 2864
3042 2230
2455 2905
3047 2122
2096 2835
2941 2554
2785 2655
2609 2600
2761 2553
2778 2587
3032 2220
2759 2591
2783 2500
2174 2804
2906 2135
2906 2445
3071 2637
2679 2724
2180 2764
2912 2405
2495 2735
3066 2784
1976 2310
2070 2651
3120 2522
2162 2447
2040 2325
2202 2255
2245 2470
2976 2572
2974 2223
2255 2725
2758 2778
2496 2706
2058 2765
3068 2296
2000 2326
2192 2479
2140 2467
2195 2521
2801 2031
2862 2236
2863 2234
2391 2809
2027 2386
2835 2132
2139 2454
2979 2318
2602 2610
2067 2690
2162 2693
3080 2771
1985 2283
2918 2790
2123 2794
2681 2706
2914 2808
3172 2035
3031 2282
2246 2689
2611 2601
2909 2425
3075 2316
2951 2473
3170 2507
2865 2405
2778 2060
3035 2642
3147 2519
2804 2585
2118 2660
2640 2620
3068 2697
2900 2752
3055 2237
3034 2516
3123 2490
2902 2395
2930 2376
3110 2537
2905 2093
3037 2802
2125 2356
2438 2764
2882 2746
2944 2110
2296 2681
2822 2693
2312 2715
2124 2617
3121 2524
2081 2853
2104 2823
2102 2792
3155 2576
2146 2459
2528 2733
1914 2345
2156 2589
2134 2359
2163 2260
2128 2294
2140 2601
2899 2394
3001 2135
2403 2722
2102 2424
3090 2120
2532 2764
2179 2737
3019 2294
2335 2751
2092 2392
3892 940
2388 2686
2207 2762
3052 2139
3016 2527
2051 2771
3316 1749
2947 2539
2124 2588
2994 2571
2785 2179
2763 2774
2884 2090
2433 2834
3042 2802
2801 2049
2928 2774
3021 2239
2143 2671
2386 2731
2559 2658
2754 2614
2211 2431
2023 2389
2020 2342
2245 2534
2421 2950
3064 2724
2825 2108
1879 2351
2129 2343
2881 2125
2126 2609
3125 2481
2551 2666
2161 2277
2906 2138
2220 2461
2893 2106
2587 2689
2890 2110
2035 2394
3320 1795
2628 2486
2572 2665
2018 2267
3008 2235
2249 2692
2481 2919
1904 2332
2046 2758
2993 2340
2044 2332
2817 2672
2119 2821
3068 2441
2666 2462
2502 2792
2781 2078
2584 2559
3024 2245
2966 2142
3084 2449
2201 2446
2979 2614
2205 2767
3043 2237
2770 2031
2417 2881
3087 2798
2044 2691
2921 2396
3089 2127
2748 2708
2965 2143
3119 2637
2239 2213
2238 2470
2947 2116
3032 2347
2136 2575
2764 2128
2771 2540
2493 2766
2734 2022
2131 2345
2121 2821
2853 2408
2743 2688
3030 2218
2935 2530
2835 2141
3296 1801
1921 2310
3308 1782
2218 2402
2982 2569
2510 2781
2150 2451
2940 2520
2682 2712
2438 2884
2750 2548
2994 2560
2542 2636
2969 2124
2808 2609
2224 2463
2684 2694
2819 2583
2449 2695
2777 2157
3068 2638
3061 2758
3905 936
3037 2307
2351 2688
3316 1800
3118 2525
2845 2393
2126 2814
2691 2494
2727 2115
2483 2935
3907 943
2529 2730
2805 2556
3115 2514
2661 2610
2777 2141
2793 2439
2936 2391
2768 2520
2223 2757
2649 2490
2771 2502
2232 2691
2169 2438
2483 2849
3155 2582
3140 2575
2582 2705
2195 2242
2949 2436
2935 2766
2071 2700
3069 2494
2122 2620
3913 915
3105 2589
2761 2042
2214 2490
2981 2620
2132 2473
3033 2833
2941 2378
3151 2517
2457 2883
2975 2240
3021 2788
3014 2222
2150 2580
2798 2602
2990 2570
3001 2554
2790 2158
2962 2134
3297 1742
1945 2317
2154 2341
3338 2071
1912 2313
2955 2553
2109 2828
3116 2578
1962 2357
3164 2503
3025 2546
2824 2682
2229 2753
3067 2633
2112 2318
2796 2189
2128 2385
2727 2111
2255 2724
2517 2706
2178 2721
2902 2370
2678 2475
1971 2371
2239 2399
2052 2667
3348 1757
4057 1265
2826 2403
2917 2723
2441 2889
2148 2437
3076 2449
2010 2289
2125 2346
2974 2316
2906 2372
2092 2402
2140 2817
2737 2038
2588 2617
2555 2726
2166 2799
2642 2699
2611 2683
2517 2711
2412 2787
2471 2857
3028 2295
2762 2815
2068 2861
2782 2123
2126 2592
3056 2685
2124 2871
2786 2070
2175 2732
2645 2658
2807 2052
3068 2696
3311 1796
3248 1771
2877 2771
2898 2673
2028 2375
2146 2476
2833 2378
3115 2608
2808 2478
2064 2881
2853 2100
2769 2548
3038 2296
2922 2532
2210 2528
2438 2944
2048 2692
2756 2712
2613 2681
2448 2885
2681 2712
3099 2609
2780 2167
2795 2041
2217 2498
3049 2298
2907 2421
2148 2686
2452 2880
3040 2291
2650 2604
2237 2735
2146 2430
2056 2677
2933 2376
2246 2750
3043 2143
3316 2085
2488 2833
3018 2309
2720 2488
2499 2845
2647 2569
2473 2864
3042 2239
2070 2839
2825 2662
2782 2543
2800 2213
2212 2710
1985 2368
2756 2597
2169 2720
2807 2214
2874 2419
2494 2718
2918 2716
3061 2364
2218 2398
2113 2727
2769 2589
2487 2810
3064 2492
2183 2686
2887 2437
2188 2734
1883 2343
2841 2237
2837 2129
2916 2724
2124 2445
3055 2110
2910 2773
2499 2735
3070 2120
2463 2751
2615 2687
2502 2715
3057 2293
2174 2740
2129 2448
3117 2548
2076 2719
2425 2747
1947 2329
2081 2280
3012 2546
2451 2751
3079 2135
2981 2344
2784 2069
2376 2728
3015 2223
3260 1764
2423 2871
2987 2329
2129 2385
2966 2292
3082 2792
2642 2673
4049 1270
3045 2478
2884 2429
2823 2441
2175 2726
3088 2628
2212 2198
2642 2454
3048 2488
2069 2335
3028 2349
3072 2522
2914 2807
4039 1258
2381 2794
3028 2524
2494 2726
3000 2191
2462 2946
2632 2633
2774 2038
2808 2662
2056 2303
2727 2100
3053 2479
3044 2515
2027 2311
3921 916
3918 938
2459 2917
3077 2126
2069 2405
2599 2715
2701 2702
1965 2356
2821 2476
2004 2371
2658 2704
2729 2101
2888 2749
2161 2593
2123 2471
2359 2711
2756 2576
2168 2708
2774 2130
2204 2525
2968 2329
3062 2291
2743 2682
2139 2435
3114 2542
2820 2039
2921 2738
2441 2950
2843 2120
2612 2687
2086 2876
2370 2727
2366 2722
2641 2653
2149 2687
4058 1236
2837 2660
2116 2598
2513 2779
2740 2027
4039 1273
3015 2253
2221 2534
2233 2170
2753 2777
2565 2716
3006 2184
2136 2601
2611 2681
2759 2763
2768 2783
2099 2428
2808 2025
2992 2345
3901 915
2019 2336
2859 2236
3009 2128
2893 2773
2103 2483
2385 2805
2094 2341
2243 2688
2750 2688
2778 2502
2481 2935
2470 2737
2918 2110
4065 1274
2735 2720
2210 2393
3098 2571
2785 2065
2422 2885
2982 2319
2749 2719
2758 2030
2224 2759
2779 2659
2742 2155
2957 2576
3061 2338
3164 2495
2828 2671
2878 2421
2105 2775
2766 2131
2757 2504
1869 2285
2097 2318
2121 2389
2624 2617
3332 1736
3916 943
2816 2614
3335 1766
2774 2695
2838 2077
4061 1267
2486 2801
3332 1730
3086 2114
2185 2264
2151 2572
2682 2710
2971 2227
2114 2723
2668 2693
3048 2487
2952 2483
3142 2639
2748 2676
2841 2119
2569 2674
2647 2641
3010 2534
3065 2307
3115 2647
2077 2308
2206 2241
1992 2279
3054 2253
3905 917
2611 2620
2448 2770
2843 2376
2240 2733
2750 2482
2450 2899
2087 2614
1969 2369
2917 2466
2649 2698
2826 2408
2154 2546
2107 2853
2131 2474
2150 2683
2275 2702
3289 2068
2833 2107
2108 2842
2933 2397
3080 2770
2756 2496
2091 2301
2161 2477
3124 2482
2831 2666
2120 2469
2451 2885
2456 2746
2155 2540
1890 2343
2056 2686
3063 2635
2534 2754
2908 2366
2100 2427
2809 2595
2082 2631
2781 2132
3320 1740
3163 2503
3941 927
2736 2031
2357 2716
2072 2273
2460 2700
2964 2774
3050 2346
2758 2500
2854 2359
2814 2497
2411 2903
2875 2427
3043 2794
2114 2725
2094 2277
2602 2613
2929 2390
3100 2586
2429 2893
2205 2758
2127 2385
2823 2034
1858 2350
2464 2936
3070 2113
2938 2406
2777 2589
2028 2384
3434 1756
2990 2335
2675 2696
2218 2400
2108 2628
2827 2661
2505 2794
2551 2626
2881 2414
2894 2818
2130 2588
2752 2149
2830 2100
3071 2119
3067 2737
2142 2353
2908 2404
3075 2115
2680 2713
3141 2639
2320 2663
2102 2429
3295 1736
3073 2138
2323 2659
2159 2280
3042 2340
2109 2868
2938 2131
2757 2141
2750 2609
2170 2812
2229 2408
2006 2365
2788 2467
2850 2106
2250 2764
2822 2206
2504 2716
2215 2483
2224 2691
2840 2661
1994 2366
3032 2377
3123 2577
2937 2528
2741 2662
3036 2310
2826 2640
2128 2805
2026 2269
2928 2390
2269 2687
2956 2130
2935 2492
2425 2945
3029 2313
2204 2400
2750 2587
2469 2931
2362 2700
2708 2504
2132 2667
3046 2334
3061 2781
2178 2539
2794 2672
2475 2725
2179 2780
2942 2550
2284 2673
3015 2270
2817 2458
2719 2711
2776 2587
3128 2633
1962 2319
3121 2504
3050 2150
2682 2717
3312 1752
2900 2815
2848 2125
2211 2393
3006 2674
2880 2124
2438 2750
2102 2666
2941 2410
2756 2752
3027 2379
3305 1800
2896 2680
2352 2716
2778 2062
2193 2759
2510 2801
2163 2248
2221 2192
1884 2280
2607 2612
2925 2718
2598 2707
2910 2390
2348 2693
2920 2469
3004 2261
2978 2564
2461 2753
3286 1806
2839 2375
2132 2369
2828 2137
3086 2150
2234 2176
2807 2595
2847 2120
2905 2511
2371 2745
2623 2619
3054 2344
2259 2721
2823 2416
2158 2782
2547 2645
2162 2474
2205 2391
2633 2439
1954 2328
2174 2814
2144 2282
2163 2797
2928 2741
2663 2472
3106 2563
2665 2459
2174 2823
2072 2308
2879 2433
3077 2420
2159 2784
2118 2279
2393 2708
2598 2714
2421 2749
2964 2771
2985 2570
2352 2723
2429 2684
2416 2733
1857 2359
2068 2399
2419 2840
2900 2407
3013 2233
2004 2344
2469 2871
2593 2599
2472 2928
2852 2653
2826 2041
2373 2733
2415 2729
2124 2465
2082 2298
3071 2312
3149 2646
2751 2751
1971 2338
2641 2650
2162 2269
2218 2516
2106 2712
2796 2435
2763 2808
2338 2695
2931 2744
2835 2101
2786 2672
2335 2705
2840 2028
2108 2370
2641 2480
3059 2242
2786 2575
2060 2651
3056 2675
2978 2193
2082 2834
2092 2609
2423 2835
2781 2535
2128 2365
2759 2065
2434 2718
2951 2398
2799 2044
2853 2357
2973 2220
2429 2895
2084 2316
2929 2392
2089 2611
2641 2624
2641 2664
2743 2514
2666 2459
2881 2746
2656 2595
2491 2921
2919 2506
2958 2119
2052 2776
2093 2792
3068 2708
2156 2428
2565 2651
2847 2235
2400 2809
3021 2235
2095 2335
2978 2359
2079 2637
2240 2199
2544 2624
2103 2367
2940 2122
2940 2774
2822 2063
2186 2710
3285 1808
2769 2199
2775 2067
1997 2336
2465 2873
3033 2188
2809 2123
2124 2308
2639 2451
2065 2301
2896 2451
2472 2932
2180 2688
2637 2446
3045 2476
2399 2722
3295 1719
2774 2031
2664 2601
3326 2073
3023 2323
2406 2938
2864 2094
2257 2487
2763 2817
3034 2383
3152 2564
2326 2732
2940 2773
2778 2588
2842 2379
2475 2845
2079 2782
2811 2186
3304 1735
2107 2374
2502 2815
2235 2694
2376 2706
2756 2812
3047 2238
3062 2482
1888 2342
2896 2745
1868 2280
2822 2429
2124 2300
2512 2716
2249 2724
2122 2804
2951 2435
2021 2367
3056 2254
2951 2492
2823 2195
2967 2291
2093 2709
4067 1239
2736 2676
2102 2616
2411 2803
2765 2558
2991 2140
2775 2171
2833 2109
2942 2554
2148 2471
2029 2384
2234 2717
2127 2588
3089 2621
2456 2890
2392 2824
2354 2726
2203 2467
2981 2596
2869 2131
2554 2707
2322 2732
2186 2427
3070 2523
2815 2489
2158 2251
2767 2668
2914 2381
2610 2601
1889 2335
2492 2731
2192 2247
2024 2278
2898 2817
3020 2826
2735 2685
3062 2753
2123 2388
2915 2465
2097 2427
2083 2396
2846 2646
2837 2658
2144 2236
3024 2280
2957 2131
2783 2497
3070 2309
2179 2595
2213 2434
2946 2482
2677 2471
2235 2402
2925 2730
2636 2676
2918 2446
2824 2662
2198 2524
2096 2781
2060 2333
2106 2854
3280 1940
2169 2717
2751 2612
2150 2552
2130 2432
3062 2713
2576 2708
2226 2462
2702 2504
1969 2332
2081 2716
2238 2681
2504 2786
2130 2674
2927 2467
2915 2461
2796 2192
2653 2608
2929 2374
2023 2331
2057 2726
3014 2246
3025 2291
2530 2736
2423 2950
2209 2397
2780 2030
2386 2715
3059 2354
1893 2337
1902 2328
2985 2571
3326 1784
2868 2105
2776 2028
2796 2126
2898 2375
2905 2800
2126 2813
2475 2817
2024 2386
3021 2231
3038 2301
2004 2369
2216 2488
2205 2243
1859 2332
2030 2331
2895 2775
2919 2116
2146 2244
2666 2565
2897 2749
2792 2548
3064 2777
2897 2747
2766 2132
2136 2447
2769 2201
2671 2560
3060 2700
2058 2721
2547 2632
2771 2556
2967 2771
2911 2442
2783 2168
2882 2826
1868 2313
2470 2767
2131 2637
2477 2924
2588 2616
1988 2321
2812 2133
2043 2314
3044 2341
2600 2606
2735 2022
3005 2783
2477 2870
2133 2425
1990 2276
2560 2593
2797 2450
2464 2950
2108 2807
2121 2589
2148 2547
2163 2582
2865 2107
2857 2026
2781 2659
2317 2673
2942 2553
2235 2699
2901 2129
2939 2119
3030 2397
2811 2201
2209 2757
2469 2936
2110 2626
2775 2539
3348 1758
2916 2399
2544 2623
2986 2336
2306 2666
2436 2751
2770 2537
2548 2764
2735 2039
2740 2023
2753 2151
2807 2138
2936 2491
2260 2714
2069 2397
3066 2720
2171 2756
3041 2299
2828 2426
2644 2581
3025 2547
2270 2688
2206 2734
2804 2185
2423 2690
2851 2388
2837 2012
2508 2751
3006 2272
2487 2732
2650 2574
2826 2073
2781 2192
2474 2830
2194 2822
2088 2413
2755 2689
3045 2297
2166 2284
2408 2834
2942 2534
2103 2853
3076 2692
2801 2022
2249 2710
2882 2747
2436 2765
2069 2843
2828 2663
2324 2730
2317 2667
2757 2028
2370 2698
2151 2476
3329 1735
2020 2776
2928 2375
2023 2385
2188 2247
2174 2596
3924 918
2466 2843
3039 2231
2117 2720
2735 2744
2991 2567
3084 2718
2144 2433
3124 2494
2735 2673
2144 2435
2030 2770
2757 2709
2770 2793
2818 2486
2760 2591
2009 2275
3942 916
2965 2134
3061 2316
3023 2304
2102 2430
3153 2580
2249 2690
2489 2921
2597 2714
2336 2754
2204 2393
2112 2447
2475 2923
3326 1733
2228 2753
2079 2720
2102 2819
2749 2142
2200 2739
3057 2443
2407 2725
2161 2758
2146 2465
2321 2678
2787 2674
2197 2744
2731 2118
2122 2349
2526 2749
3026 2792
1892 2337
2927 2429
2756 2821
2034 2405
2894 2667
3061 2342
2617 2678
2936 2415
2490 2932
2746 2025
2410 2813
2902 2511
2380 2724
2101 2667
2969 2292
3055 2254
2591 2680
2826 2441
3041 2375
2117 2735
2020 2304
3061 2136
2273 2669
2466 2730
3317 2063
2128 2283
2167 2814
2161 2682
2210 2238
2482 2802
2961 2567
1869 2336
2178 2833
2774 2806
3334 1774
3061 2297
3084 2469
2816 2665
2212 2743
2881 2118
3117 2638
2320 2682
2976 2600
2841 2122
2502 2793
2750 2033
2568 2577
2772 2049
2815 2035
2914 2386
2479 2707
2017 2376
3051 2155
3114 2644
2503 2752
3037 2135
2780 2798
2765 2144
2759 2770
2632 2689
2022 2299
2773 2037
2057 2717
3301 1795
2466 2852
3035 2673
2114 2800
2817 2112
2745 2662
2157 2813
2162 2594
2432 2876
2185 2431
2113 2800
2368 2744
2144 2284
2076 2288
2912 2415
2175 2760
2751 2551
2227 2692
3030 2217
2670 2688
3235 1783
2756 2727
1867 2319
3027 2540
2670 2612
2006 2318
1997 2328
2093 2431
3172 2529
3122 2530
2120 2601
2318 2722
2825 2173
2533 2731
2787 2435
2529 2800
2879 2094
2191 2528
2127 2602
2829 2670
2208 2460
1968 2275
3899 936
2161 2268
2471 2935
2827 2035
3282 1775
2839 2018
2929 2706
2806 2455
2692 2541
2183 2690
2903 2512
2609 2612
3065 2434
2610 2685
3072 2119
2157 2483
2697 2525
3308 1839
2448 2751
2196 2712
2414 2826
3329 1759
2234 2474
2495 2737
3316 1780
2386 2691
2797 2577
2176 2678
2976 2567
3061 2482
2960 2131
3124 2495
2829 2098
2568 2580
2578 2700
2506 2794
2681 2718
3430 1758
3113 2641
2464 2862
2105 2334
2489 2803
2784 2031
2201 2402
2160 2280
2964 2325
2317 2683
2157 2790
2767 2662
2207 2201
2246 2479
4063 1243
2795 2204
2790 2491
2200 2257
2990 2337
2752 2735
2205 2385
3312 1779
2233 2396
3031 2379
3324 2056
3012 2239
4066 1268
2972 2123
2917 2801
2770 2540
3015 2228
3030 2216
3003 2787
2135 2448
2675 2728
2951 2493
1965 2289
1947 2330
3051 2789
3053 2640
2088 2830
2803 2656
2816 2661
2233 2694
2802 2043
3113 2602
3017 2241
2585 2695
2032 2311
3080 2723
2935 2721
3028 2217
2655 2698
2933 2105
3285 1790
2651 2568
2053 2683
2942 2490
2919 2487
2437 2707
3295 2071
3061 2801
2405 2838
2374 2734
1961 2326
2397 2814
2817 2630
2252 2726
1964 2378
2880 2102
2905 2508
2474 2829
2965 2403
2459 2878
2165 2440
2092 2312
2884 2129
2909 2416
2115 2425
2818 2108
2843 2028
2059 2684
2916 2716
2826 2593
2776 2012
3034 2374
2733 2499
2973 2604
2593 2687
2491 2815
2481 2752
3057 2642
2891 2653
2475 2952
2139 2691
2192 2251
2098 2789
3050 2743
2553 2674
2401 2798
2881 2839
2919 2709
2470 2740
2776 2037
3024 2524
2100 2459
3018 2368
2590 2585
2195 2543
3029 2676
2455 2970
2174 2820
3068 2519
2193 2669
2029 2386
2914 2725
2735 2696
2142 2572
3073 2476
2296 2705
2573 2568
3086 2505
2128 2375
2476 2751
2647 2707
2380 2802
2385 2734
2080 2876
2104 2371
2122 2419
2188 2665
3326 1785
2920 2459
3162 2567
2111 2658
2791 2581
3117 2577
2894 2395
2944 2539
1918 2316
2064 2413
2159 2355
2015 2748
2001 2342
2830 2057
2677 2548
3068 2438
3078 2770
2406 2727
2180 2428
2738 2665
2947 2412
2135 2582
2843 2040
2881 2406
2930 2744
3295 1737
3053 2293
2466 2663
2916 2387
2837 2655
2842 2265
2141 2450
2753 2508
3031 2831
2900 2773
2365 2700
3063 2796
2803 2028
2812 2443
2199 2427
2416 2703
3058 2779
2823 2688
2837 2074
3907 921
2746 2126
2798 2450
2284 2685
3096 2613
2335 2744
2409 2870
2766 2782
2997 2175
2550 2630
2577 2702
2200 2703
3071 2635
2642 2631
2831 2647
2878 2411
2519 2806
2247 2741
2792 2125
2141 2453
2426 2943
2481 2855
2239 2470
2894 2829
2636 2636
2848 2120
2007 2281
2762 2551
3141 2517
2379 2801
2113 2449
3278 1794
2847 2396
2479 2852
2104 2867
3046 2322
1872 2283
3021 2131
2771 2145
2436 2711
3065 2784
3132 2510
2148 2338
2035 2309
2199 2680
2133 2854
2480 2744
2752 2689
2198 2739
2122 2622
2429 2675
2498 2702
2093 2384
2809 2178
3066 2508
2839 2121
2690 2726
2165 2271
2991 2581
2198 2674
2541 2617
2439 2723
2068 2687
2969 2227
2142 2810
2527 2709
2118 2858
2425 2664
1981 2336
2390 2819
3045 2296
2923 2392
3023 2128
2668 2689
2410 2782
2583 2561
3140 2636
3126 2525
2990 2578
1971 2340
2152 2809
1998 2282
3041 2238
2205 2741
2005 2332
3261 1767
2509 2812
3066 2625
2880 2427
2792 2151
2061 2652
2742 2142
3121 2601
2166 2443
4040 1277
2272 2667
2911 2688
2237 2168
2316 2702
2777 2075
2811 2184
2991 2361
2215 2500
2810 2193
2266 2678
2794 2121
2940 2411
2890 2439
3425 1767
2196 2256
2522 2770
3110 2568
3017 2519
2148 2240
2932 2772
2892 2099
2103 2642
2519 2813
3139 2587
2907 2802
2416 2702
2772 2705
2975 2132
2798 2037
2532 2750
3300 2054
2785 2180
1863 2329
2022 2286
2640 2616
2875 2131
1874 2337
2812 2619
2657 2564
2400 2804
3085 2483
2201 2474
2553 2667
2387 2712
2765 2043
2737 2034
3070 2121
3170 2500
2823 2064
2970 2326
2971 2586
2069 2687
3076 2419
2000 2277
2813 2216
2882 2103
2937 2799
3320 1730
2095 2782
2853 2044
2525 2762
2595 2685
3267 1770
2200 2710
2148 2678
2448 2761
2119 2667
2027 2330
3140 2578
2408 2786
3335 1747
2925 2795
2111 2662
2790 2677
2115 2461
2460 2884
1960 2374
2177 2692
2756 2588
2241 2684
2209 2467
2464 2719
3107 2510
2303 2699
3081 2768
2750 2029
3101 2578
3163 2512
3076 2427
3072 2508
3079 2516
2905 2414
2042 2331
2532 2768
2859 2413
3056 2346
2975 2566
2600 2601
2686 2721
1906 2331
2243 2539
3319 2067
2070 2707
2195 2256
2298 2673
3086 2475
2544 2648
2974 2403
2033 2335
3324 2084
3301 1749
3910 941
3092 2733
2936 2129
2809 2469
2788 2146
3058 2298
2873 2757
2669 2460
2023 2388
3049 2782
2736 2484
3013 2667
2791 2675
2947 2551
2156 2536
3314 2048
3055 2697
3118 2528
2854 2356
2132 2875
2384 2690
2951 2364
2828 2102
2467 2853
2924 2792
2907 2406
2958 2557
2402 2902
3056 2309
2412 2873
2783 2470
2992 2567
3156 2568
2840 2660
1888 2343
2315 2668
2397 2794
3279 1943
2113 2441
2882 2657
2478 2833
3064 2624
2012 2354
2101 2666
2130 2368
3025 2396
2834 2651
2132 2475
3041 2135
2328 2734
2554 2656
2868 2096
3076 2523
3026 2277
2899 2091
2918 2399
2942 2763
2550 2756
2736 2108
2913 2412
2464 2751
2933 2800
2188 2831
2266 2684
3079 2141
2029 2333
2017 2339
1953 2290
2483 2919
2629 2690
2089 2777
2054 2748
2914 2419
2953 2764
3012 2271
2011 2276
2767 2587
2131 2673
2066 2778
2657 2610
4043 1257
2946 2369
2909 2402
2177 2835
2494 2735
3265 1768
2183 2603
2729 2494
3092 2702
2960 2145
3055 2366
4040 1262
2740 2719
2330 2700
2900 2774
2773 2515
2798 2598
2445 2672
2979 2596
1912 2310
2869 2666
4042 1280
2398 2709
2181 2262
3047 2236
2149 2437
2873 2419
2917 2447
2925 2747
2151 2340
1992 2313
2840 2648
2984 2605
3018 2233
2016 2377
2304 2671
2099 2619
2080 2851
2841 2376
3112 2510
2640 2459
2158 2280
2663 2568
2909 2465
3087 2490
3441 1758
2556 2607
2586 2663
2016 2253
2119 2344
2916 2386
2212 2196
2694 2510
2181 2765
2836 2025
2776 2705
2635 2683
3021 2545
2192 2250
2838 2120
2319 2685
2901 2366
2455 2743
2762 2026
3004 2195
2380 2689
2666 2480
2786 2032
3081 2633
3036 2372
3304 1802
2224 2752
3237 1785
2142 2261
2787 2122
3110 2574
2981 2147
2135 2579
2962 2148
2085 2413
2754 2709
2172 2808
2790 2455
2552 2652
2495 2923
2551 2652
3017 2520
3270 1771
2492 2923
2784 2659
2016 2260
2485 2855
2932 2531
3081 2470
2125 2801
2835 2055
1876 2337
2648 2707
2959 2292
2574 2718
2225 2204
2203 2757
1863 2296
2739 2700
2799 2587
1966 2329
2162 2442
3421 1772
2115 2819
2378 2704
3038 2664
2497 2748
2410 2840
2973 2234
2418 2659
2057 2769
2159 2324
2989 2567
2542 2716
2821 2028
2661 2708
2808 2593
2071 2393
2536 2728
2938 2109
2538 2657
2810 2456
2164 2586
2043 2330
2827 2596
2212 2391
3909 915
3884 922
2147 2256
1913 2335
2121 2630
3131 2527
2761 2775
2802 2547
2092 2277
2884 2115
2598 2583
4062 1238
2102 2388
2184 2252
2754 2139
2139 2591
3895 925
2901 2690
2739 2669
3318 1759
2042 2337
1962 2322
3037 2324
2554 2666
2785 2722
2465 2861
2551 2671
3063 2380
2887 2123
1918 2306
1906 2329
3160 2561
2191 2244
2137 2817
2951 2763
2459 2754
3302 1732
2839 2233
3094 2612
2081 2740
2728 2490
3061 2379
2203 2475
2767 2505
2881 2124
2053 2662
2045 2313
2505 2744
2867 2408
3054 2730
2554 2665
2104 2768
2105 2855
1883 2354
2246 2743
2843 2375
3331 2067
2898 2374
3170 2529
2884 2102
2103 2775
2091 2395
2463 2893
2439 2839
3319 1740
3001 2260
2026 2397
2069 2881
1912 2329
2837 2216
2518 2770
2994 2273
2150 2543
2717 2708
2793 2566
2069 2753
2270 2670
3067 2383
2415 2693
1868 2316
2250 2726
2750 2058
2932 2771
2155 2331
3258 1766
2458 2939
2982 2329
2170 2798
2208 2714
2099 2613
2103 2362
2071 2714
3309 1786
1857 2338
3011 2261
2471 2724
2552 2620
2238 2689
2509 2816
2765 2803
2101 2301
2980 2331
2428 2839
1985 2337
4034 1268
2965 2224
2735 2715
2474 2917
2175 2734
2833 2649
2021 2382
3119 2495
3026 2192
2324 2671
2160 2273
2120 2715
3276 1941
2142 2815
2203 2396
2474 2951
2426 2874
2119 2273
2921 2807
4041 1266
2918 2759
2144 2361
2148 2287
2539 2634
2954 2765
2239 2464
2910 2418
2784 2444
2137 2580
2529 2715
3136 2579
2006 2321
3110 2506
2275 2701
3038 2213
2744 2687
2045 2406
2938 2133
2101 2480
2932 2766
2930 2773
2123 2302
2150 2272
2178 2522
2907 2435
2839 2240
2496 2742
2637 2694
2935 2111
2883 2124
2509 2712
1912 2334
2375 2708
2880 2121
2753 2727
1959 2362
1943 2318
2825 2102
2734 2496
2205 2760
3059 2346
2727 2116
3000 2144
2445 2879
2082 2777
2921 2116
2041 2328
3301 2045
2701 2521
2155 2486
2149 2559
2629 2445
2219 2488
2764 2593
2378 2724
2499 2731
2805 2436
2385 2732
1978 2322
2319 2699
2810 2460
2672 2617
3034 2667
3033 2675
1967 2367
2743 2101
2095 2830
2146 2245
2177 2753
2135 2427
2029 2396
3050 2314
3341 1760
2477 2826
2095 2768
2529 2735
2749 2717
2161 2432
2157 2807
2227 2189
3063 2745
3141 2518
2470 2857
2237 2730
2310 2671
2676 2701
2168 2487
2417 2938
2170 2279
2453 2909
2922 2687
2483 2734
3015 2363
2096 2427
2614 2603
2415 2894
2969 2329
2207 2444
2144 2813
2592 2599
2670 2703
2121 2873
2727 2703
3067 2384
3059 2241
2472 2730
3313 1781
2455 2669
2038 2392
3045 2495
2143 2675
2832 2099
2313 2669
2475 2762
3305 1735
2940 2797
3322 1775
2974 2227
4040 1255
2080 2757
2497 2701
2623 2684
2803 2667
2129 2426
2103 2285
2641 2582
2458 2763
1884 2348
2649 2600
2688 2488
2876 2753
2842 2404
3087 2627
2866 2411
2969 2392
3033 2218
2080 2284
3234 1777
1969 2345
2200 2695
3332 1737
2193 2695
2253 2723
3055 2239
2033 2315
2866 2132
2155 2255
3292 1735
2799 2137
2909 2682
3065 2382
2104 2864
2742 2736
2991 2620
2108 2426
2735 2491
2236 2170
1967 2291
2840 2042
2481 2853
2130 2440
2659 2588
2006 2335
2172 2594
2093 2775
2817 2625
2464 2664
2030 2335
2920 2509
2924 2800
3271 1792
2881 2826
2103 2840
2373 2696
2630 2692
2155 2272
2458 2858
1907 2312
2173 2820
2156 2689
3060 2446
2648 2461
2460 2724
3111 2624
2841 2059
2738 2699
3152 2513
3121 2554
2329 2678
3107 2562
3008 2199
2768 2659
2071 2849
2988 2604
2874 2754
3012 2286
2738 2655
1983 2328
3051 2487
2004 2276
2475 2860
3077 2446
2109 2721
2890 2743
2941 2101
2961 2776
2092 2854
2102 2655
2964 2222
2325 2730
3031 2295
2147 2467
2858 2108
2078 2779
2759 2657
3129 2580
3329 2067
3083 2129
2262 2683
1903 2323
2206 2738
2406 2806
2779 2156
2862 2667
2074 2307
2315 2669
2323 2732
1874 2314
2919 2696
2611 2609
3348 1756
2450 2713
2940 2125
3302 2068
3105 2510
2074 2848
3335 2070
2893 2662
2505 2758
2530 2717
2110 2275
2430 2940
3315 1774
1998 2297
2853 2037
2134 2809
2660 2469
2815 2110
2194 2746
2113 2859
2972 2220
2671 2555
3245 1773
2841 2125
2425 2829
2532 2754
2773 2136
2093 2849
2801 2557
3327 1733
2403 2794
2456 2904
2974 2232
2994 2549
2933 2765
2487 2712
2464 2879
3319 1732
2012 2282
2820 2412
2577 2679
2917 2468
2733 2117
2800 2203
2885 2747
3054 2676
2592 2582
3074 2309
2116 2845
2735 2136
2176 2727
2465 2956
2057 2331
2696 2524
2990 2605
2798 2573
2260 2478
2636 2454
2456 2699
2159 2683
2100 2338
2079 2276
2810 2557
2563 2654
2153 2253
3316 2088
3007 2258
2981 2610
2168 2424
2959 2403
2160 2274
3069 2116
2101 2840
2457 2901
2920 2497
2822 2432
2756 2030
2822 2105
2145 2277
1949 2328
3320 2063
2818 2618
4036 1265
1913 2352
3127 2584
2779 2471
2237 2463
2555 2604
2761 2035
3122 2553
2766 2657
2212 2518
2481 2934
2824 2640
2190 2667
3024 2824
2815 2682
3109 2510
2983 2605
2442 2891
2751 2695
2858 2660
3902 928
2842 2120
2936 2799
3324 2078
2078 2399
3003 2245
2214 2495
2931 2767
2256 2725
2453 2881
1882 2354
2824 2635
2071 2836
3032 2535
2169 2795
2472 2873
3172 2493
2684 2708
2742 2684
3164 2501
3302 2062
3308 1752
3080 2497
2796 2156
2948 2290
2302 2707
2977 2128
2009 2285
2842 2097
3015 2517
3028 2279
2916 2782
2113 2385
1976 2309
2109 2322
2147 2548
2398 2803
1924 2320
3045 2321
3072 2493
3089 2789
2397 2716
2881 2416
2714 2704
2475 2956
2201 2404
2551 2669
2645 2582
2940 2130
1911 2347
3124 2568
2105 2864
3042 2665
2417 2729
2864 2660
2877 2659
2451 2754
3034 2638
2450 2672
1952 2325
3077 2121
2898 2752
2120 2410
1879 2330
2410 2802
2266 2683
2812 2442
2894 2781
2313 2678
2792 2674
2901 2365
2422 2691
2474 2957
2467 2870
3156 2582
2928 2807
2782 2469
3143 2569
2758 2738
2083 2849
2908 2803
2482 2959
2671 2561
2161 2443
2447 2914
2871 2418
1987 2322
2100 2394
2896 2368
2249 2758
2468 2925
2119 2625
3017 2547
2375 2729
2493 2749
2370 2691
2860 2104
2368 2696
2084 2741
2824 2590
3321 1771
2167 2442
2162 2260
2484 2770
3001 2136
3117 2624
2066 2750
2129 2685
2098 2369
2807 2142
2213 2433
2121 2724
2983 2142
2692 2510
2480 2752
3015 2284
2774 2560
2833 2257
2980 2320
2639 2706
2932 2400
1982 2337
2110 2848
2129 2804
2148 2569
2433 2668
2840 2040
2881 2411
3023 2545
2478 2830
2917 2450
2538 2631
2851 2119
2813 2477
2425 2825
3062 2778
2400 2821
2091 2775
3070 2786
2717 2715
1959 2374
3004 2340
3050 2739
3044 2323
2176 2684
2177 2678
2428 2718
2406 2795
2572 2674
3312 1798
2302 2672
2293 2668
2236 2726
2101 2662
2087 2310
1904 2327
3015 2296
2876 2396
2316 2670
2626 2445
2978 2624
3329 1757
2037 2336
2824 2586
2869 2662
3305 1722
1904 2321
2206 2460
2817 2488
3317 1743
2136 2688
3068 2630
2055 2725
3060 2335
2082 2828
2988 2618
2157 2577
2237 2685
1988 2317
2156 2577
2117 2428
2983 2612
2402 2721
2958 2497
2430 2876
2861 2113
2601 2708
2068 2407
2415 2697
2150 2482
2980 2605
2920 2487
2680 2697
3056 2699
2534 2711
2400 2825
3122 2528
2911 2118
2141 2282
3012 2337
2390 2804
2923 2761
2739 2125
2769 2796
2755 2711
3051 2367
3053 2311
2260 2689
2036 2389
2102 2658
2956 2477
4037 1271
2851 2232
2841 2029
2529 2801
2688 2717
2101 2368
2204 2468
2452 2888
2900 2447
2439 2755
2196 2681
4042 1270
3062 2758
3112 2604
3279 1759
3051 2144
2734 2685
3043 2638
2852 2361
2636 2707
2458 2860
3169 2533
3106 2551
2070 2688
2824 2476
2511 2772
2171 2792
2820 2688
2042 2401
1998 2339
2688 2497
2811 2202
3016 2252
2980 2633
2153 2246
2757 2505
2142 2349
2908 2778
2243 2747
2546 2622
2192 2252
2908 2432
2886 2830
2761 2164
2794 2562
2046 2324
3921 941
2098 2648
2781 2723
2836 2050
3331 1769
2885 2768
2580 2690
2590 2600
2623 2671
2157 2272
2784 2070
3060 2481
3426 1771
3053 2312
2836 2016
2813 2683
2126 2808
2654 2450
2808 2131
2781 2468
2207 2432
2795 2153
3076 2511
2679 2554
2610 2603
3895 922
2757 2511
2441 2945
2860 2105
2081 2714
2811 2596
3000 2129
2897 2367
2222 2193
2110 2868
2912 2383
2649 2657
3139 2513
2582 2674
2796 2451
2811 2675
2995 2147
2673 2478
2812 2487
2963 2149
3304 1800
2460 2725
2476 2818
2456 2900
4030 1270
2902 2434
2218 2753
2968 2776
2056 2690
2225 2751
2940 2375
2972 2324
3044 2475
2836 2128
3054 2138
2435 2886
2784 2065
3067 2433
3081 2129
2478 2870
2456 2865
2115 2638
2447 2889
2944 2096
2230 2473
3077 2638
3015 2663
2643 2660
3319 1735
2007 2347
2815 2207
2805 2194
2087 2412
2189 2694
3138 2580
3095 2613
2166 2701
3070 2129
2910 2387
3028 2298
3120 2505
2491 2746
2639 2681
2783 2124
3074 2633
2875 2758
2114 2625
2731 2493
2867 2415
2499 2814
2758 2024
2554 2660
2448 2696
3147 2517
2779 2147
3045 2323
2502 2772
3031 2289
2158 2699
2891 2402
2892 2106
2200 2694
2750 2145
2039 2744
2474 2872
2924 2794
2376 2720
2186 2833
2056 2685
2823 2657
2073 2272
3067 2437
2668 2457
2174 2822
2822 2586
2161 2536
2951 2490
2873 2389
2142 2670
2783 2013
3064 2115
2074 2292
2538 2632
2828 2601
2839 2373
2589 2558
3161 2510
2895 2449
2671 2484
2747 2600
2202 2385
2745 2699
2780 2202
2769 2182
2663 2697
2107 2856
2842 2399
2432 2683
3085 2449
3049 2487
2193 2522
2647 2638
2852 2042
3334 1775
2174 2803
2558 2590
2102 2617
3074 2782
2210 2432
2822 2049
3322 1793
2879 2428
2592 2676
2907 2402
2837 2053
3011 2354
2229 2182
2955 2543
4391 1469
2380 2795
2214 2758
2182 2826
2458 2952
2982 2139
2471 2875
2078 2310
2505 2745
2391 2803
4070 1272
2206 2386
2839 2085
2209 2726
2728 2122
2976 2240
3151 2641
2866 2109
2130 2612
2073 2302
2733 2501
2913 2114
3012 2223
2136 2422
1974 2303
3299 1795
3074 2521
2576 2677
2901 2367
2100 2340
2942 2531
2443 2665
3066 2702
2194 2244
1875 2294
3126 2587
3322 1737
2064 2688
2004 2342
2918 2509
3427 1774
2757 2535
2584 2712
3064 2111
2902 2512
2166 2259
1957 2291
2011 2336
3268 1768
2117 2672
3131 2525
2119 2446
2883 2747
2228 2408
2111 2841
2397 2710
2800 2435
2161 2257
2638 2442
2010 2253
3069 2624
1864 2360
2821 2591
3304 1745
2954 2364
2114 2389
2891 2396
2084 2344
3059 2502
2444 2942
2528 2798
3031 2821
2776 2006
2829 2068
3030 2542
1935 2313
2204 2202
2098 2326
2855 2650
1987 2366
1906 2316
4393 1469
3332 2019
2469 2924
2125 2309
2728 2119
2541 2632
2613 2603
2903 2663
2420 2938
2740 2740
2092 2836
3015 2541
2208 2765
2097 2372
3099 2583
2234 2478
2150 2338
2115 2314
2761 2590
3890 923
2761 2535
2634 2634
3125 2557
3025 2301
3046 2342
2781 2796
3029 2302
2195 2758
2578 2688
3035 2194
2776 2718
3275 1941
3046 2638
2895 2664
2069 2699
2865 2399
2941 2565
2083 2293
3310 2087
2789 2467
2478 2711
2593 2707
2852 2365
2114 2644
2966 2571
3077 2395
2058 2657
2105 2843
2780 2799
2204 2445
2931 2394
2935 2112
1867 2295
2124 2355
2993 2584
2642 2478
2760 2681
3064 2496
2938 2132
2093 2845
2884 2438
2763 2520
2658 2701
2917 2775
2111 2847
2973 2621
2835 2104
2202 2746
2566 2565
3160 2507
2595 2603
2396 2821
3033 2819
2836 2141
2841 2095
2113 2821
2672 2456
2609 2610
3028 2790
2841 2120
2791 2120
3020 2131
2565 2600
2551 2761
2411 2809
2913 2409
2915 2724
1997 2302
2543 2632
2213 2506
3002 2555
2768 2180
2497 2812
3017 2363
2792 2665
2938 2101
2939 2407
2761 2652
2810 2137
2332 2696
2639 2618
2110 2856
2209 2445
2857 2232
2901 2512
2895 2404
2107 2770
2020 2348
3040 2503
2619 2484
2087 2351
3330 1736
2886 2834
2829 2584
2458 2753
2077 2393
3036 2365
2005 2346
2093 2830
3053 2475
2835 2387
1862 2361
2830 2063
2247 2750
2988 2134
3267 1769
3009 2537
3094 2609
2907 2445
2446 2753
2567 2564
2743 2024
2820 2211
3060 2809
2649 2486
2916 2504
2784 2465
2851 2233
2238 2709
2831 2413
2020 2344
3023 2289
3003 2786
1983 2284
2788 2486
2298 2706
2870 2436
2976 2239
1880 2356
2261 2689
2257 2479
2891 2746
3101 2560
2321 2682
2770 2144
2387 2716
3316 1772
2782 2162
2679 2720
2818 2210
1959 2361
2043 2386
2948 2479
2196 2711
2735 2702
2071 2880
3020 2189
2060 2302
3062 2301
2024 2280
2690 2710
3913 941
2697 2540
2963 2221
2954 2549
2777 2480
2978 2318
3129 2578
2569 2708
2779 2529
2802 2444
3029 2236
2108 2425
2913 2729
2087 2845
2787 2032
2528 2704
2074 2286
3060 2778
1894 2333
3912 943
2101 2477
2880 2104
2766 2129
2845 2647
2963 2303
3065 2694
2161 2683
3115 2641
2855 2414
2105 2421
2769 2665
3273 1796
2767 2659
2567 2576
2421 2825
2862 2105
2776 2659
2129 2677
2498 2739
3027 2128
2124 2335
2530 2769
2819 2175
2140 2593
2443 2845
2745 2667
2061 2655
2784 2017
2453 2748
3075 2477
2466 2940
2380 2797
2991 2561
2952 2403
2982 2595
2673 2469
2989 2339
2920 2703
2389 2711
2120 2857
2925 2113
3109 2587
2565 2568
2445 2913
2023 2297
2178 2727
2163 2803
3064 2308
1880 2350
3009 2295
2952 2473
2758 2709
3035 2125
2793 2568
2991 2330
2979 2332
2974 2317
2010 2333
3042 2378
2208 2235
2924 2423
2154 2250
2119 2633
1974 2329
2999 2144
2934 2379
2818 2494
2028 2767
2601 2706
2805 2138
2823 2584
2423 2951
2788 2501
2622 2446
2045 2765
2656 2695
2211 2461
2326 2726
2844 2646
3060 2442
2917 2701
2413 2827
3295 1801
2854 2103
2218 2749
2825 2593
2977 2129
2973 2219
2706 2486
2014 2355
3278 1790
2257 2476
2102 2471
3086 2507
2043 2312
2822 2452
2809 2175
2082 2415
3058 2786
2797 2578
2885 2657
2136 2361
2257 2685
2251 2767
2868 2663
1872 2327
2822 2144
2834 2378
2237 2199
2369 2709
2927 2469
3058 2441
2818 2211
2034 2336
2301 2670
2158 2335
2942 2561
2948 2484
2777 2049
2551 2653
2647 2452
2883 2427
3088 2490
2141 2272
3306 1722
2967 2568
2968 2293
2695 2522
2056 2673
2776 2019
2018 2307
2676 2718
2566 2660
2810 2593
2099 2394
2936 2131
3034 2125
3126 2589
3330 1762
2677 2479
2848 2643
2981 2614
2977 2126
2156 2438
2085 2347
2215 2545
2179 2519
2950 2288
2465 2843
3934 912
3117 2633
2961 2546
2671 2610
2008 2370
2090 2361
2680 2554
2232 2471
3083 2482
3057 2371
2459 2914
2194 2692
3436 1760
2354 2722
1970 2354
2787 2142
1950 2323
2665 2471
2090 2874
3014 2551
2548 2625
3053 2139
2562 2569
2933 2104
3053 2110
3127 2592
3908 935
2834 2068
2684 2499
2235 2690
2835 2040
3080 2113
2870 2399
2783 2447
2752 2162
2910 2441
2453 2906
2148 2266
2841 2660
3075 2693
2526 2806
2878 2426
2464 2942
2811 2672
2478 2821
3026 2195
2382 2796
2776 2048
2010 2351
2104 2475
2937 2414
2840 2378
3058 2787
2613 2601
2099 2873
2464 2844
2034 2407
2942 2559
3146 2639
2657 2594
2782 2495
2886 2403
3065 2495
2790 2443
2105 2790
2691 2714
2421 2722
2423 2872
2820 2108
2565 2586
2336 2750
2837 2263
2804 2030
2209 2426
2447 2716
2141 2455
2166 2539
2642 2662
3329 1767
1904 2335
3022 2239
2774 2512
2115 2862
2929 2533
2087 2786
3264 1944
2944 2112
2531 2709
3041 2380
2762 2775
2809 2478
2108 2771
2539 2651
3089 2716
2200 2740
2850 2361
3310 1785
2730 2127
2980 2562
2115 2379
2090 2777
2903 2659
3067 2693
3385 1901
2811 2548
2963 2294
2762 2818
2064 2687
3074 2789
2638 2454
2752 2592
2811 2175
2907 2507
3942 924
2027 2762
2820 2041
2893 2780
3895 924
2389 2821
2698 2504
2598 2606
2918 2520
2155 2442
2410 2903
2770 2534
2128 2589
2175 2523
2201 2471
3084 2517
3273 1772
3277 1947
2118 2391
3005 2339
2908 2776
2590 2708
3128 2573
2213 2759
2056 2717
2557 2618
1978 2291
3036 2125
2956 2118
3017 2526
2914 2452
3118 2595
2114 2271
1898 2330
3008 2236
2319 2693
2739 2483
2816 2670
2123 2390
2455 2748
2007 2293
2808 2024
2484 2714
3116 2616
2297 2671
2097 2339
2673 2463
2169 2489
2940 2490
2154 2812
2792 2550
2795 2190
3270 1772
2476 2732
2508 2761
3039 2804
2737 2720
2558 2705
2578 2689
2490 2735
2865 2408
2072 2293
2756 2562
1877 2286
3026 2278
2750 2025
2444 2697
2974 2230
3081 2112
2912 2096
3127 2586
2076 2314
2099 2346
2544 2655
2723 2712
3112 2627
2841 2233
2838 2118
2972 2567
2451 2665
1865 2295
2921 2529
2827 2404
2308 2673
2103 2473
1880 2354
2873 2398
3067 2303
2313 2718
2097 2857
2784 2585
2946 2402
1884 2341
3239 1776
2920 2806
3056 2280
2759 2021
2642 2698
2161 2703
3133 2635
3051 2293
1976 2291
2150 2544
1870 2344
2812 2173
2618 2483
3013 2285
2145 2466
2804 2435
3011 2540
2062 2668
3161 2516
3425 1773
2244 2204
2772 2505
2936 2488
3322 2087
2953 2496
2498 2845
3047 2140
3140 2516
2596 2713
2591 2677
3096 2607
3021 2289
2481 2714
2107 2716
2544 2727
2914 2688
2823 2635
2759 2066
3126 2592
2807 2208
2274 2703
2887 2749
2324 2715
2161 2446
2467 2742
2123 2637
2880 2821
3112 2616
2782 2036
2792 2189
3065 2802
2968 2315
2160 2279
2209 2461
2153 2821
2133 2292
1999 2292
2067 2782
3351 1758
2797 2560
2374 2688
2702 2503
1926 2322
2218 2433
2993 2137
2780 2152
2007 2346
3075 2751
3024 2804
2156 2255
2754 2583
2626 2681
2096 2850
2827 2582
2880 2406
2853 2237
2097 2623
3268 1941
2314 2718
3042 2800
2193 2679
2765 2542
2482 2761
2341 2692
2823 2692
2575 2706
2320 2725
2817 2447
2086 2864
2458 2884
2411 2865
2780 2011
2105 2625
2450 2714
3083 2685
2819 2470
2565 2601
2335 2755
2893 2397
2687 2488
2162 2797
2203 2448
2197 2821
2896 2097
2909 2810
2327 2701
2786 2578
2424 2872
2192 2249
1968 2375
2972 2219
2667 2461
2836 2403
2090 2830
2134 2674
2460 2973
2910 2777
3127 2590
2789 2030
2532 2727
3325 2082
2001 2295
1930 2325
3905 916
1872 2359
2066 2333
3072 2310
2104 2857
3084 2711
2821 2176
2799 2602
3118 2636
3120 2539
3069 2109
1972 2349
2919 2459
2642 2630
2547 2763
1969 2291
2941 2376
2153 2801
2912 2401
2794 2455
2588 2666
2917 2514
3041 2667
2206 2468
2505 2752
2513 2706
2557 2564
2432 2939
2075 2291
3062 2113
3062 2799
3067 2759
2172 2819
2555 2713
2310 2713
2798 2587
2141 2578
3003 2206
2829 2404
2932 2379
2045 2324
2341 2746
2026 2278
2872 2420
2780 2664
2090 2345
2618 2677
2535 2711
2103 2793
1954 2372
3884 926
2400 2728
1931 2323
2583 2672
3306 2068
2492 2733
2199 2695
3938 923
2649 2488
3143 2519
2088 2387
3443 1751
3020 2202
2877 2094
2004 2294
3055 2142
2532 2729
2381 2797
3110 2606
2027 2368
2243 2397
2083 2821
2261 2762
3078 2687
2977 2355
2630 2445
2640 2615
2723 2718
3129 2635
2191 2731
2569 2717
2116 2675
2019 2342
3910 936
3015 2131
2508 2798
2269 2701
2198 2526
2602 2616
3077 2744
2787 2658
2441 2724
2474 2831
2097 2280
2782 2015
2018 2773
2537 2720
2460 2731
3323 1773
2614 2678
2694 2707
2915 2710
2106 2471
3066 2431
3062 2766
2096 2346
2909 2389
3062 2367
2478 2737
2224 2757
2801 2183
2108 2278
2455 2860
2082 2633
2963 2574
2912 2442
2142 2574
2779 2024
2749 2157
3052 2304
3315 2078
2092 2395
2485 2856
2116 2415
2519 2770
2242 2533
2674 2469
2126 2375
3046 2122
2962 2327
2877 2401
2480 2804
2911 2416
2112 2304
2787 2673
3049 2297
3031 2656
2362 2710
2938 2127
2495 2813
2173 2679
2733 2104
2793 2671
3079 2693
2375 2739
2112 2425
2478 2731
2932 2111
2021 2304
2762 2590
2139 2815
3003 2788
3062 2781
2918 2704
2824 2669
2226 2756
2933 2373
2111 2371
2050 2693
3006 2131
2213 2442
3098 2125
2777 2151
2077 2306
2887 2831
3064 2794
2934 2403
3059 2388
2980 2358
2138 2592
2265 2681
2277 2667
2807 2456
2729 2113
2358 2714
2883 2760
2074 2287
1950 2316
2177 2788
2123 2394
2567 2563
1994 2370
3045 2234
3107 2550
2828 2409
2902 2660
3079 2698
2780 2711
2823 2434
2084 2853
2149 2686
2619 2672
2239 2716
2072 2302
2168 2712
1977 2311
3890 922
2694 2484
2532 2774
2922 2703
2263 2671
2161 2586
2079 2350
3316 1738
2834 2102
3000 2269
2658 2469
2816 2592
2414 2697
2258 2682
2099 2327
2791 2458
3069 2487
2479 2764
2208 2477
2908 2429
2091 2853
2060 2688
2894 2095
3311 2091
2432 2890
2057 2651
2638 2485
2432 2692
3123 2634
2771 2562
2744 2130
2730 2106
3936 921
2013 2351
2897 2101
2725 2677
2480 2708
4045 1273
2975 2117
1889 2324
2553 2621
2217 2502
2640 2440
2828 2240
2752 2657
3032 2357
2869 2135
2452 2750
2091 2644
2728 2712
2773 2540
2855 2399
2498 2816
2099 2478
2391 2706
3069 2634
2480 2714
3011 2131
2166 2261
3281 1784
2719 2527
2956 2482
1972 2344
3234 1779
3063 2644
3018 2281
2829 2226
2735 2041
3088 2150
2899 2372
2938 2528
2732 2667
2909 2473
2363 2716
3056 2772
2547 2635
3310 1750
2789 2486
2312 2713
3012 2542
2106 2371
2217 2431
2127 2297
2187 2665
3094 2489
2735 2103
1984 2292
3032 2215
3028 2802
2921 2429
3020 2791
2085 2344
2816 2447
2920 2807
2165 2819
2717 2709
3110 2553
2302 2704
4054 1266
2085 2390
2805 2456
2236 2460
2157 2282
2802 2031
2024 2335
2841 2040
3034 2798
2066 2745
2170 2436
3039 2163
2040 2324
2627 2684
2575 2707
2951 2501
2487 2806
2976 2576
3039 2668
1978 2294
2785 2177
2236 2400
3049 2800
3167 2538
3040 2336
2754 2812
2808 2205
3008 2127
2194 2257
2554 2650
2366 2718
2643 2646
2059 2656
3008 2333
2760 2541
2952 2481
3085 2794
2993 2589
2784 2672
2988 2139
2186 2455
2909 2137
2788 2184
2563 2606
2805 2431
2741 2120
2259 2723
2696 2541
2828 2664
2068 2400
2091 2874
2946 2363
2953 2769
2012 2258
2989 2335
2840 2103
3117 2625
2873 2417
2656 2597
2961 2129
2460 2940
2979 2595
2863 2105
2947 2395
2331 2739
2672 2609
2777 2197
2773 2562
2418 2952
2159 2484
3014 2223
2634 2636
2992 2276
2594 2603
3111 2574
2601 2699
2357 2727
3066 2694
2644 2475
2120 2465
2870 2413
2508 2765
2435 2940
2702 2702
2215 2464
2905 2406
1993 2335
2184 2264
2834 2239
2880 2106
3075 2792
2833 2115
2444 2895
2243 2395
2783 2502
1966 2380
2788 2577
2969 2354
4052 1271
2996 2343
2753 2597
2261 2481
2131 2433
1935 2318
2386 2716
2319 2674
2260 2475
2168 2270
2737 2037
2848 2367
2902 2407
2191 2247
2499 2714
1873 2320
2608 2611
2066 2653
2153 2482
3340 1762
2652 2561
2413 2738
2107 2439
2510 2767
2526 2709
2109 2816
3299 1727
3289 1803
1980 2308
2924 2740
2428 2690
2918 2456
2087 2874
2065 2417
2829 2229
3057 2300
2220 2758
3075 2500
2528 2754
2845 2127
2827 2053
2796 2561
2094 2783
2762 2042
2697 2536
3068 2107
2764 2780
2260 2471
3021 2229
3015 2334
3093 2122
2747 2124
2725 2113
2382 2744
2742 2698
2801 2045
2319 2676
2859 2400
2113 2625
3037 2203
2771 2661
2276 2678
2848 2046
2390 2808
3016 2327
3285 1789
2784 2184
2006 2346
2503 2784
2531 2712
2770 2796
2963 2219
2964 2144
2069 2851
2492 2800
3066 2502
2790 2462
2664 2562
2961 2297
2558 2655
2010 2323
1885 2357
3014 2131
2668 2695
2641 2632
2823 2482
2983 2609
3026 2329
3323 1740
3034 2828
2822 2427
2535 2646
2217 2750
2112 2317
3026 2366
2934 2523
3026 2389
2728 2702
3087 2730
2907 2373
2077 2736
2057 2304
2732 2679
2791 2570
2768 2551
2984 2136
2821 2195
3044 2230
2753 2065
2490 2923
3080 2131
2066 2334
2648 2643
2794 2127
2106 2461
3066 2698
2750 2680
2635 2454
3246 1765
2128 2813
2985 2602
3042 2373
4042 1265
2951 2397
3162 2499
3922 919
2497 2741
2547 2713
2089 2852
2122 2388
2919 2782
2257 2721
2041 2316
2917 2437
2636 2632
2672 2474
2127 2358
2911 2781
3030 2656
2210 2752
2208 2459
3038 2675
2090 2775
2086 2310
2457 2751
2234 2694
2796 2455
3019 2546
3094 2730
3117 2507
2257 2726
2053 2409
2104 2321
2203 2742
3032 2517
2164 2817
2514 2715
3110 2573
2854 2057
2080 2315
2942 2520
2118 2799
3082 2768
2467 2751
2634 2633
2769 2519
2023 2329
3032 2348
3078 2140
2091 2610
2173 2812
2076 2744
2908 2479
1877 2288
2689 2706
2906 2746
2130 2859
2643 2456
3038 2307
1890 2325
2254 2689
2658 2589
2882 2444
2865 2106
2940 2370
2853 2025
3034 2817
2419 2724
2871 2400
2733 2741
4063 1245
2481 2710
2054 2658
2296 2675
2408 2799
2406 2828
1900 2332
2845 2093
3062 2442
2957 2555
2633 2634
2734 2035
1872 2355
2148 2342
3085 2469
2163 2443
2889 2110
2191 2245
2825 2055
3084 2792
2777 2149
2766 2783
2520 2814
2841 2057
2133 2440
3297 1736
2918 2527
2488 2829
3084 2505
2866 2138
2946 2429
2804 2430
2100 2664
2950 2120
2868 2140
2835 2049
2819 2690
3335 2066
2117 2635
3007 2238
3057 2812
3084 2794
2496 2712
2558 2563
2621 2680
2558 2588
2886 2438
2161 2256
2128 2338
2022 2298
1887 2324
2810 2466
2517 2813
2830 2241
3066 2689
2596 2605
2170 2803
3385 1903
2996 2146
2911 2389
2088 2827
2922 2777
2946 2133
3044 2146
2234 2477
2813 2673
3078 2688
3032 2386
2993 2274
2220 2399
2872 2138
2082 2645
2453 2866
2205 2453
2512 2807
2477 2963
3084 2457
3096 2733
2211 2441
2822 2681
2568 2610
3094 2122
2991 2569
3031 2542
2803 2136
2088 2787
3057 2815
3063 2445
2665 2690
2427 2888
2098 2872
3077 2524
2116 2416
3309 2065
3317 1735
2823 2483
2754 2571
2440 2726
2654 2467
2339 2705
2796 2017
2645 2473
2112 2446
2520 2782
2848 2645
3019 2264
2770 2052
2994 2569
2164 2359
2783 2494
1968 2315
2512 2771
1861 2338
2414 2877
2411 2843
3096 2510
2103 2819
4058 1239
2682 2707
2587 2667
2535 2724
2914 2119
2910 2401
2511 2799
2249 2481
2123 2447
2368 2700
2834 2129
2636 2451
2754 2753
2562 2716
2724 2706
2434 2765
2562 2587
2000 2327
2528 2765
2476 2764
2936 2408
3126 2582
2194 2710
2101 2482
3074 2480
2877 2753
2632 2636
2119 2421
2763 2503
3007 2191
2825 2112
2921 2493
3385 1908
2883 2405
2997 2347
2456 2952
2941 2522
2024 2319
2102 2623
2230 2174
3030 2291
3114 2568
2206 2469
2198 2673
2894 2821
3073 2692
2838 2239
3059 2317
2850 2103
3053 2789
2737 2140
2081 2391
2897 2104
2427 2739
2858 2233
2763 2706
2454 2940
2816 2214
2911 2465
3024 2200
2117 2444
2833 2230
3057 2441
3047 2345
2807 2053
2765 2554
2838 2076
3035 2330
1956 2315
2845 2120
3051 2643
2701 2504
2164 2759
3271 1782
2619 2624
1906 2313
2169 2710
3015 2263
2190 2742
2127 2305
2104 2305
3084 2512
2680 2710
2964 2294
2926 2382
2759 2550
2976 2611
1854 2362
2390 2823
2954 2560
2104 2460
2649 2586
2923 2706
2139 2281
2850 2367
2874 2658
3068 2508
2911 2375
2749 2498
2313 2705
2775 2049
2870 2756
2756 2774
3073 2124
2030 2771
2803 2183
3122 2524
2875 2767
2831 2047
2397 2795
2690 2546
3942 917
2961 2126
2792 2673
3134 2511
2059 2302
2950 2364
2455 2939
2773 2653
2939 2562
2788 2030
3057 2299
3049 2303
3170 2567
2787 2183
2870 2414
2639 2461
2959 2483
2674 2737
3912 944
2424 2839
2923 2393
2789 2496
2651 2573
2133 2288
2447 2916
2993 2136
2212 2199
2438 2914
2084 2413
3124 2526
2188 2830
2888 2744
2083 2345
2768 2173
2907 2777
2590 2588
1873 2286
2114 2273
2008 2279
3044 2494
1858 2337
2946 2120
3078 2131
3013 2552
2157 2445
2451 2889
2137 2591
2069 2857
4064 1264
3503 1750
2802 2586
2898 2674
2811 2131
2945 2295
2052 2768
2061 2657
2769 2539
2905 2409
2555 2612
2767 2761
2990 2333
2738 2739
2045 2748
2204 2475
2245 2474
2774 2697
2753 2156
3068 2110
2118 2300
3006 2270
2699 2521
2938 2126
2758 2660
2210 2437
2968 2314
2198 2672
2716 2707
3000 2273
2758 2736
2032 2336
2868 2137
3029 2634
2062 2654
2969 2395
3046 2298
2237 2401
2929 2708
3306 1752
2885 2443
2922 2730
2748 2128
2179 2725
2199 2771
3054 2675
2830 2240
3089 2476
3032 2126
2412 2810
2130 2470
2937 2395
3034 2192
3265 1944
3086 2461
3112 2598
2472 2763
2244 2202
2567 2711
2779 2466
2799 2575
2406 2805
3078 2132
1937 2321
2112 2856
2969 2326
2121 2723
2162 2821
2836 2051
2945 2424
2156 2442
2514 2775
2743 2739
3085 2720
2091 2357
2109 2831
2051 2305
2058 2335
2239 2211
2100 2458
2957 2482
3900 938
2878 2655
2160 2434
2111 2270
2655 2453
2597 2715
2691 2512
2782 2545
2447 2696
2826 2139
3114 2617
2828 2014
2045 2306
3011 2220
2410 2722
2798 2170
2572 2717
2548 2713
3058 2309
2928 2109
2493 2851
2525 2706
2163 2281
2169 2280
2233 2394
2929 2707
2747 2697
2062 2421
3065 2502
2546 2710
2786 2658
2070 2722
3061 2375
1968 2282
3024 2228
2794 2563
2123 2385
3321 1794
2251 2482
2366 2705
2896 2098
1979 2374
2133 2289
3068 2625
3074 2475
2919 2750
2214 2519
2945 2553
3298 1742
2122 2355
2759 2020
2069 2724
2487 2805
2547 2759
2916 2529
2728 2097
2106 2811
2790 2679
2689 2727
2719 2703
1976 2284
2659 2565
2760 2652
2835 2375
2399 2806
2488 2836
1975 2297
2762 2779
2961 2558
2168 2486
3036 2305
1979 2371
2313 2679
2791 2466
2977 2574
2176 2788
3072 2488
2096 2854
2131 2675
2828 2427
2158 2808
2991 2605
2146 2341
3055 2433
2065 2288
3054 2681
2218 2459
3002 2552
2937 2493
2374 2735
2764 2517
2563 2674
2929 2381
3008 2189
2778 2802
2167 2704
2500 2773
2123 2796
2810 2485
2473 2918
2126 2602
2408 2803
2836 2072
2836 2212
3058 2316
2976 2224
2172 2710
2033 2316
2539 2652
3063 2798
3086 2716
2186 2689
2896 2401
2939 2116
2418 2736
2068 2334
2087 2350
2993 2142
2203 2732
2982 2359
2349 2721
3274 1776
2551 2722
2917 2387
2812 2444
2780 2015
3273 1777
2329 2701
2734 2137
2855 2356
2242 2197
2768 2201
2785 2445
2176 2834
2450 2847
2674 2480
3068 2771
2689 2517
2128 2372
2567 2609
2245 2197
3032 2195
2783 2126
2641 2698
3163 2497
2123 2736
2173 2421
2404 2796
3285 1800
2830 2417
2725 2706
2463 2749
2205 2242
2199 2755
2591 2607
2784 2185
2617 2628
2027 2391
2109 2628
2475 2705
1879 2356
4063 1267
2808 2143
2625 2483
2227 2193
2043 2310
2895 2680
2445 2716
3014 2291
2946 2494
2923 2445
4066 1229
2217 2521
2698 2503
3137 2515
2086 2384
2771 2796
2117 2415
2106 2843
3022 2830
2963 2399
2988 2359
2287 2674
2705 2495
2641 2674
2623 2674
2205 2241
2453 2698
2841 2058
2145 2287
2734 2742
2069 2291
2270 2699
3062 2644
2114 2314
2053 2663
2805 2053
1986 2282
2885 2746
2737 2154
3074 2513
2283 2683
2390 2712
2903 2135
2083 2740
2938 2736
1868 2360
2114 2623
2202 2478
2035 2402
2621 2481
2977 2604
1879 2315
2941 2765
2129 2351
2832 2113
2634 2709
2757 2570
2472 2892
2883 2103
3071 2139
3079 2417
2067 2404
2227 2186
2975 2353
3118 2541
2814 2456
2449 2768
3326 2060
2769 2586
2247 2749
1983 2323
2473 2765
3075 2688
3278 1778
2149 2271
2449 2712
1877 2280
2755 2164
3126 2556
3027 2387
3073 2133
3309 2051
2895 2776
2434 2890
2805 2212
2939 2482
3008 2256
2954 2365
2126 2358
2647 2608
2154 2809
3107 2604
2912 2701
2491 2832
2202 2419
2908 2117
3098 2488
2918 2787
2754 2162
2517 2710
2392 2831
1980 2371
3029 2353
2877 2113
2385 2733
2549 2636
2844 2647
2994 2595
2746 2688
3043 2674
2940 2522
2851 2365
2876 2117
2950 2503
2886 2111
1890 2335
2084 2846
2436 2758
2923 2760
2465 2871
2252 2724
2764 2809
2791 2121
3105 2551
2186 2690
2497 2766
3315 2088
2738 2700
2567 2571
3059 2781
2961 2132
3062 2373
3054 2136
2773 2202
2808 2193
2010 2339
2129 2854
3116 2572
2867 2103
2561 2560
2962 2769
1875 2306
2872 2133
2102 2654
2124 2797
2248 2690
2832 2054
2736 2042
2176 2534
2714 2491
2910 2367
3421 1770
2009 2333
2942 2111
1913 2322
2128 2289
2167 2490
3115 2616
3018 2675
2810 2451
2114 2430
3020 2264
2969 2584
3911 942
2788 2469
2207 2209
2150 2813
2548 2716
2671 2714
2644 2468
2211 2435
2789 2167
3062 2284
2591 2679
2881 2114
2064 2304
3044 2792
3069 2118
2218 2502
2315 2709
2790 2496
2806 2609
2246 2751
2450 2892
2405 2877
1877 2337
1887 2337
2324 2667
4034 1270
2032 2319
2827 2019
2423 2839
1964 2320
4066 1238
2129 2858
2135 2813
2459 2887
2914 2683
2892 2397
3071 2478
3508 1743
3027 2204
2104 2836
3080 2684
3047 2382
2776 2060
2178 2824
2270 2698
2171 2279
2822 2143
1999 2328
1941 2322
2097 2279
2745 2681
2391 2833
2659 2590
2085 2644
2869 2419
2245 2490
2011 2333
2658 2698
3037 2664
2263 2478
2483 2959
2641 2464
2180 2431
2930 2802
2322 2728
2528 2800
2692 2517
1964 2291
2942 2551
2910 2365
3282 1941
2324 2688
2802 2443
3331 1778
3070 2116
3009 2192
2547 2625
2198 2682
2699 2520
2108 2823
2064 2740
2189 2831
2376 2742
2177 2604
3897 918
2579 2562
2909 2370
2814 2618
2782 2076
2923 2741
3315 2073
2758 2761
2558 2662
2095 2779
2181 2738
3152 2519
2661 2709
2797 2183
3277 1946
2103 2772
1935 2325
2227 2405
3027 2349
2097 2384
3124 2493
2235 2210
2126 2370
2200 2678
2929 2403
2088 2381
2045 2305
3031 2544
2883 2768
2205 2394
2378 2725
2258 2690
2409 2807
2391 2690
2505 2781
2497 2848
2062 2687
3138 2515
2285 2671
2508 2710
2393 2716
2919 2806
2200 2244
2806 2591
3050 2355
2818 2602
2153 2259
2208 2421
2690 2716
1877 2277
2851 2409
3325 2057
2227 2693
2760 2492
2995 2145
2092 2343
2838 2053
2150 2456
1876 2297
2205 2445
2858 2412
1883 2344
1990 2280
2428 2722
2964 2134
2251 2693
2970 2356
2750 2499
4056 1237
3070 2753
2989 2274
2984 2619
2172 2430
3062 2689
2828 2598
2886 2746
2195 2756
2225 2543
2697 2533
2966 2293
2411 2846
2649 2466
2839 2045
1991 2326
2067 2693
2000 2370
2888 2439
2549 2643
2643 2445
3324 1740
2948 2422
2175 2530
2178 2737
2864 2107
2654 2604
2870 2397
2675 2563
2763 2559
2747 2103
2925 2723
2893 2395
2141 2277
1876 2305
2118 2636
2434 2936
3030 2282
2936 2766
2982 2601
2805 2551
3083 2494
2982 2620
1991 2281
2100 2368
2152 2546
3067 2742
2878 2104
2561 2663
3118 2509
2173 2805
2239 2466
3114 2625
2736 2126
2460 2885
3063 2365
2186 2262
2978 2577
1875 2319
2757 2034
2005 2348
3290 1788
2484 2761
2481 2805
3054 2302
2819 2626
2940 2529
2643 2603
2975 2318
2633 2683
2961 2405
2476 2712
2104 2423
3064 2688
3095 2607
2900 2395
2781 2568
2463 2733
2775 2057
2012 2281
3005 2193
2321 2728
2739 2738
2134 2820
2786 2126
3066 2135
2914 2515
3017 2518
2939 2394
3077 2418
2731 2116
2006 2338
2905 2813
2917 2687
3891 920
3142 2517
2120 2636
2358 2721
1972 2308
2896 2395
3113 2508
2780 2130
2787 2147
2962 2139
2909 2803
2875 2411
2072 2836
2866 2107
2060 2658
2100 2641
3107 2559
2900 2689
2199 2706
2770 2587
2141 2575
2597 2582
2150 2267
2605 2706
2940 2402
2631 2484
3107 2509
2083 2357
2843 2402
1903 2333
2108 2646
3018 2787
3320 2071
2852 2410
2464 2847
3317 2044
2642 2710
2745 2660
3087 2518
2842 2049
2223 2399
3079 2772
2916 2520
3149 2638
2777 2719
3074 2750
2919 2690
2974 2608
2157 2250
2322 2730
2895 2770
2538 2634
2126 2402
2121 2469
2081 2862
2921 2422
2107 2661
2942 2117
2894 2744
3115 2633
2699 2491
3290 1735
2772 2699
2745 2481
2566 2659
2770 2550
3069 2127
3025 2381
2483 2816
2992 2592
2101 2775
2151 2453
2060 2653
1997 2280
2985 2123
3319 2055
2004 2319
3034 2307
2957 2115
1862 2335
2695 2491
2434 2672
2090 2652
2038 2316
2190 2759
2797 2436
2731 2704
2429 2890
2833 2138
2092 2855
2250 2754
2764 2668
2908 2103
2811 2545
2158 2432
2841 2121
2773 2140
2537 2770
2793 2164
2834 2116
3001 2133
2756 2162
2135 2820
2071 2727
2140 2350
2002 2347
2839 2014
2957 2554
3144 2643
2807 2121
2416 2897
3303 1798
3088 2630
2841 2083
2180 2429
2113 2733
2184 2598
4071 1267
2914 2723
2763 2587
2336 2694
2454 2950
1857 2360
2246 2685
2440 2669
3080 2466
2945 2768
2644 2707
2102 2657
3421 1771
3298 2064
2793 2026
2944 2365
1918 2348
2422 2748
3280 1945
2155 2479
2657 2601
2693 2516
2060 2675
3050 2313
3063 2756
3118 2607
2216 2487
2983 2331
2890 2746
2435 2672
2405 2722
2476 2763
3109 2567
2776 2071
1868 2321
3014 2352
2761 2020
3011 2240
2744 2685
2823 2638
3094 2610
1859 2330
2132 2853
3157 2568
2892 2655
2811 2557
2459 2667
2892 2400
2886 2749
2109 2798
3039 2507
1876 2285
2152 2589
2262 2671
3050 2797
2776 2803
2792 2566
2896 2367
2940 2374
2178 2521
2627 2632
2061 2280
2737 2654
1937 2319
2994 2570
2250 2759
2226 2193
3121 2487
2112 2380
2566 2669
3328 2074
2834 2050
2010 2282
2591 2613
2989 2340
2095 2771
3299 1744
2768 2787
2094 2622
2904 2118
2479 2749
2244 2206
2120 2406
2760 2502
3036 2663
2467 2961
2088 2283
3069 2719
2063 2687
3330 1760
3048 2365
3310 1748
3065 2800
2063 2747
2883 2126
2157 2693
2787 2028
2770 2551
3091 2616
2841 2049
3272 1792
2925 2805
2944 2098
2023 2386
2084 2300
3041 2122
2212 2435
3057 2792
2859 2414
2128 2581
2151 2467
2781 2472
3036 2312
2718 2710
2193 2693
2830 2044
2026 2378
2758 2147
2771 2705
2944 2137
2851 2411
2403 2827
3031 2356
3034 2808
2834 2013
2646 2472
2742 2739
1959 2370
2120 2429
2804 2197
3069 2442
2567 2587
2792 2490
2410 2829
2918 2457
2067 2400
2996 2139
3128 2580
2831 2143
2115 2456
2407 2802
3049 2799
2100 2329
2782 2131
2775 2593
2071 2396
2131 2290
3305 1789
2110 2319
2885 2660
2823 2653
1865 2347
2755 2744
2793 2129
2745 2676
3088 2627
3144 2575
2260 2476
2821 2634
3097 2627
2422 2944
3041 2128
2428 2684
2064 2283
3901 913
2101 2663
1984 2340
2765 2179
2105 2851
2883 2443
2133 2427
2909 2477
3009 2353
2898 2368
2283 2673
2808 2484
2799 2136
2013 2345
3282 1783
2800 2136
3122 2575
2436 2680
2418 2689
2967 2571
3023 2201
2640 2701
2465 2936
2912 2381
3087 2470
3086 2131
2640 2706
2630 2633
3025 2548
2822 2044
2504 2769
3084 2490
2758 2661
2951 2484
2594 2611
3057 2243
2585 2709
2831 2097
3303 1799
3029 2195
3261 1766
2794 2669
2914 2460
2779 2033
2174 2738
1974 2335
3106 2507
2082 2770
2817 2114
2521 2774
2762 2061
2087 2283
1981 2374
2159 2799
2505 2760
2951 2396
2613 2632
2865 2400
2835 2405
2112 2440
2992 2553
2417 2899
3068 2431
2654 2607
3067 2112
2858 2402
2245 2752
2325 2671
3109 2574
3023 2356
2469 2938
2128 2857
2854 2045
2160 2700
2937 2529
3312 1738
2769 2547
3005 2335
2835 2654
2785 2434
2770 2785
2550 2642
2476 2871
2382 2732
2859 2234
2969 2228
2149 2270
2804 2443
2976 2131
2808 2663
2935 2537
2910 2130
2127 2817
2879 2122
2094 2708
2751 2155
2752 2027
2114 2386
2961 2116
3057 2114
2523 2805
2160 2250
2864 2103
2250 2756
3024 2363
2208 2475
2425 2873
2480 2709
3013 2291
2444 2881
2135 2437
2631 2441
2104 2793
3033 2808
2093 2710
2675 2560
2736 2717
2838 2027
2212 2439
2454 2755
3339 1760
2478 2742
2821 2216
2976 2315
3050 2738
2868 2135
3171 2529
2190 2246
1958 2330
2739 2142
2704 2702
2236 2702
2836 2126
2085 2416
2099 2616
2858 2649
2184 2254
3318 1750
2070 2727
2927 2808
2688 2708
2164 2597
2110 2814
3078 2452
2085 2642
2187 2734
2827 2073
2090 2307
2789 2485
2790 2662
2957 2363
2873 2399
3149 2560
2239 2683
2983 2118
3031 2351
2279 2677
3281 1765
3059 2685
2452 2762
3128 2510
3117 2549
2123 2387
2164 2430
2453 2911
2908 2680
3040 2515
2063 2666
2804 2053
2115 2821
2778 2804
2913 2733
2782 2069
1935 2314
2548 2720
2632 2637
2478 2754
3117 2534
2117 2817
2122 2389
2474 2754
3128 2582
2097 2379
2811 2671
2222 2194
2855 2056
2825 2486
2709 2704
2372 2712
3051 2152
2751 2710
2626 2484
3911 945
2924 2791
3028 2400
2466 2962
2812 2024
1944 2317
1931 2326
3061 2442
3029 2815
2799 2574
2336 2680
2872 2139
2751 2482
3113 2568
2814 2136
2236 2210
3148 2641
2090 2619
1981 2290
2815 2662
2836 2387
2777 2180
2473 2955
2836 2013
3040 2122
2188 2732
3027 2366
2765 2763
2015 2342
2824 2438
2959 2482
3014 2537
2921 2737
2947 2120
3034 2370
2928 2803
2840 2098
3068 2632
3073 2636
2159 2807
2062 2423
2199 2693
4056 1236
2565 2585
2594 2692
3302 1801
2773 2031
2165 2584
3052 2342
3083 2791
3030 2356
3016 2332
1979 2285
2200 2746
2169 2603
2292 2675
2782 2175
2376 2692
2093 2838
2137 2578
2500 2846
3005 2267
3283 1767
2455 2967
2131 2360
2257 2725
4067 1232
2754 2682
2125 2345
1877 2325
1973 2315
2420 2901
2566 2718
2784 2445
2246 2738
3241 1773
2914 2710
2494 2729
2758 2065
2987 2596
2962 2399
2674 2482
2789 2674
2103 2297
2060 2414
1974 2299
2184 2691
2817 2115
2952 2366
2066 2293
3130 2575
2755 2026
3014 2351
2910 2778
2791 2165
1972 2328
2527 2765
2773 2702
2482 2848
2021 2768
2082 2644
2589 2669
2831 2241
1937 2322
2064 2333
2181 2709
2409 2732
3077 2691
2209 2428
2102 2651
2780 2800
2778 2201
2841 2102
2912 2094
3898 919
2740 2513
3110 2607
2598 2612
2557 2662
3023 2329
2752 2672
2932 2728
2116 2411
2652 2465
2744 2715
1942 2319
2162 2583
2976 2223
2430 2672
2131 2440
2437 2699
2079 2780
2185 2672
2555 2670
2750 2586
3024 2273
2129 2440
3027 2361
2125 2601
2001 2322
4048 1271
3049 2798
3069 2720
2216 2517
3110 2613
2996 2597
3082 2517
3140 2635
2122 2609
3127 2522
3032 2541
2791 2031
1871 2334
2514 2773
2987 2128
2323 2714
2919 2448
2839 2119
3041 2202
3885 927
2136 2363
3070 2109
2978 2138
2746 2596
2819 2623
3028 2634
2932 2112
2803 2580
2554 2723
2191 2254
2729 2492
2759 2771
2931 2532
2204 2768
1973 2279
2462 2703
3134 2512
3162 2579
2083 2284
2773 2698
2012 2310
3067 2296
2660 2606
2918 2447
2756 2603
3277 1791
2755 2727
2320 2666
2757 2577
3036 2165
4067 1230
2024 2342
3005 2350
3031 2535
2770 2589
4036 1269
1950 2324
2823 2041
3065 2783
2102 2290
2678 2729
2192 2692
2092 2877
2997 2137
2782 2497
2173 2811
2915 2385
2683 2720
2957 2540
2741 2122
3068 2129
2487 2716
2828 2600
3057 2816
2426 2899
2200 2679
2711 2704
2681 2697
2574 2709
3122 2529
2764 2642
3280 1946
2823 2050
2926 2483
2189 2432
2719 2717
2581 2674
2977 2566
2500 2738
2448 2945
2192 2255
4069 1588
2088 2639
3039 2650
2774 2523
2768 2806
2736 2117
2107 2810
2478 2849
3011 2185
2479 2732
3106 2607
2103 2368
2158 2789
2205 2712
3167 2497
2149 2278
2117 2808
2114 2639
2774 2027
2161 2795
2818 2452
2194 2255
2975 2569
2049 2324
2892 2098
2132 2689
1943 2323
3164 2493
2124 2672
2180 2448
2998 2596
2979 2123
2391 2719
3315 2089
2502 2790
2239 2686
2838 2372
1913 2311
2674 2473
2870 2746
2440 2887
2479 2714
2163 2784
2772 2050
2886 2089
3022 2545
2145 2286
2079 2758
2141 2457
1961 2366
2907 2415
2652 2450
3070 2756
2382 2734
2186 2264
2977 2318
2330 2678
3119 2518
2323 2658
2739 2038
2843 2404
3171 2525
2840 2125
2966 2403
2185 2679
2261 2480
3125 2569
2639 2484
3029 2335
2459 2936
2780 2715
2816 2140
2130 2434
2096 2322
2678 2701
2815 2172
2821 2219
2518 2803
3063 2385
3035 2655
2513 2752
2202 2529
2134 2812
2221 2527
2154 2690
2961 2483
2457 2701
2069 2847
2823 2051
3079 2419
3028 2389
2505 2753
2865 2658
2104 2287
2550 2643
2548 2668
2590 2580
2770 2201
2319 2662
2161 2788
4067 1241
2442 2887
2220 2509
2598 2610
2484 2718
3064 2739
2492 2921
3031 2280
2124 2605
3124 2525
3278 1952
2646 2583
3107 2614
2168 2789
2996 2347
2015 2773
4041 1280
2200 2677
2819 2582
2125 2859
2494 2717
2065 2717
3019 2362
2827 2222
2109 2447
2104 2856
2479 2859
2496 2744
3061 2757
2320 2697
4065 1270
2899 2449
2712 2704
2779 2536
3080 2449
2090 2356
2064 2735
2194 2760
3104 2588
2767 2146
2954 2115
2976 2570
2535 2639
2177 2431
3065 2777
2191 2255
2235 2403
2970 2220
2011 2286
2876 2400
2754 2707
3031 2675
2092 2776
3068 2388
2375 2693
3048 2497
2248 2198
2917 2518
2120 2343
3298 1744
2535 2721
2060 2303
3073 2449
2751 2694
3170 2531
2868 2132
2161 2247
3884 925
3011 2538
2649 2594
2716 2490
2729 2100
2879 2111
2021 2342
2129 2589
2026 2309
2176 2679
2598 2692
2955 2398
2791 2489
2992 2628
2042 2309
2097 2423
2938 2761
2440 2695
2372 2738
2975 2219
1974 2300
2778 2149
2191 2466
2983 2355
2225 2753
2128 2464
3098 2573
4033 1270
2377 2726
2824 2031
2521 2811
2474 2915
2178 2448
2208 2427
2527 2733
2157 2489
2240 2473
3123 2484
3038 2508
2464 2948
3036 2346
2075 2292
2754 2679
2164 2787
2932 2377
2980 2198
1873 2327
3037 2334
2172 2758
2013 2349
2691 2547
3042 2669
2142 2428
3076 2520
2010 2329
2959 2302
2250 2763
2269 2667
2742 2129
2803 2189
1959 2326
3121 2592
3061 2779
2951 2540
2649 2704
2937 2108
3035 2161
2094 2382
2591 2692
2703 2498
2500 2732
2243 2691
2434 2708
2973 2325
2003 2301
2207 2234
2919 2418
2549 2649
2533 2711
2961 2481
2443 2884
2414 2734
3026 2538
2125 2378
2949 2544
2708 2487
2098 2875
2626 2634
2840 2381
2012 2265
2901 2446
2460 2667
3330 1755
2145 2813
2560 2602
2965 2487
2333 2699
3019 2224
2155 2584
2804 2124
2307 2703
3130 2519
2748 2483
3059 2315
2836 2372
2673 2612
2277 2666
2651 2566
2178 2587
2273 2676
2679 2555
3111 2551
2391 2802
3163 2502
2384 2806
2461 2916
2770 2147
3033 2323
2665 2608
3337 1757
2469 2762
3105 2587
3044 2135
2972 2610
2795 2656
2934 2529
2484 2842
2962 2295
2967 2772
2110 2713
2268 2700
2320 2667
2940 2765
2828 2405
2713 2530
2472 2955
2461 2859
3072 2693
2487 2921
2108 2424
2947 2543
2653 2598
2920 2422
2112 2618
2064 2880
3029 2325
1956 2366
1885 2337
2175 2531
3312 2048
2915 2450
2435 2890
2479 2850
2274 2705
3280 1779
3071 2311
2580 2688
2466 2735
2856 2663
2798 2193
2460 2666
2536 2709
2812 2033
2541 2612
2145 2433
2197 2526
2182 2764
2694 2541
3040 2505
2912 2389
3096 2732
2943 2494
2461 2938
2482 2927
1877 2351
2179 2832
2596 2585
2968 2626
2506 2771
3131 2526
2956 2556
2088 2828
3062 2299
1937 2318
2401 2796
3313 2078
2231 2184
2066 2723
3090 2568
2523 2815
2077 2747
2752 2153
2796 2040
3058 2782
2922 2685
2432 2834
2918 2459
2372 2697
3132 2527
2431 2683
2202 2699
2665 2563
3023 2320
2113 2380
2007 2329
2184 2763
2035 2686
1940 2326
2759 2541
2831 2249
2996 2338
2992 2587
3038 2123
2104 2647
2560 2564
2465 2663
2563 2673
2251 2708
2535 2722
3025 2271
3425 1758
3063 2627
2774 2065
2965 2364
2715 2493
2670 2485
2445 2892
2835 2656
2775 2174
2212 2758
2137 2342
2443 2697
2824 2433
3069 2435
3111 2572
2638 2474
2504 2737
3037 2303
1864 2325
3118 2515
3035 2658
3100 2513
2288 2671
2321 2725
2875 2434
3245 1764
3066 2758
2945 2414
3038 2310
2147 2459
2775 2007
2491 2927
2819 2476
2464 2744
2234 2466
2907 2813
2528 2753
2132 2370
2845 2644
2115 2629
2400 2791
2814 2477
2771 2551
2058 2414
2612 2601
2906 2686
4041 1272
3163 2577
3024 2360
2225 2197
2675 2616
2806 2435
2073 2836
1992 2276
3010 2536
2083 2828
2421 2727
2086 2870
2761 2023
2779 2503
2318 2662
2972 2403
2896 2106
2804 2439
2187 2729
3293 2073
2884 2820
2226 2474
2190 2675
3020 2514
2653 2594
2472 2726
2863 2111
3065 2763
2772 2540
3062 2643
2821 2443
2051 2413
2842 2013
2758 2157
2104 2788
2781 2131
2106 2431
2812 2674
2801 2547
3015 2229
3909 949
2014 2263
2557 2649
2466 2667
2758 2763
2224 2475
2024 2382
2413 2729
2766 2142
2922 2487
2231 2533
2646 2601
2532 2775
2557 2652
2377 2729
2737 2667
2004 2366
2645 2642
2083 2820
3032 2164
1866 2328
2743 2023
2825 2211
2114 2799
1880 2341
2874 2769
3023 2358
2125 2376
2454 2952
2528 2732
2603 2703
2833 2238
1857 2340
2551 2726
2717 2710
2214 2509
2022 2367
2656 2696
2760 2592
2884 2434
3028 2331
2974 2219
3106 2549
2850 2652
2451 2750
3014 2268
2632 2716
2105 2624
3070 2433
2849 2125
3077 2519
2082 2640
2376 2699
2833 2041
2156 2582
3035 2663
2117 2427
2087 2846
2000 2295
2777 2193
2114 2640
2961 2568
3317 1771
3057 2318
2125 2347
2152 2450
2493 2769
2123 2349
2260 2671
2104 2320
2126 2293
2829 2419
1980 2291
2027 2398
2125 2816
2167 2806
3058 2345
3063 2442
1980 2318
3153 2566
2812 2675
2476 2755
2613 2604
3052 2789
3071 2508
2071 2270
2483 2761
2829 2060
3004 2348
1882 2278
2662 2587
2963 2363
3066 2716
1923 2320
1999 2301
2075 2293
2178 2269
2349 2692
2073 2835
2460 2668
2681 2488
3934 911
3005 2674
3038 2308
3070 2701
2947 2426
3049 2779
2830 2219
2955 2114
1874 2311
2832 2085
2120 2718
2673 2462
2475 2767
2180 2521
2120 2580
3048 2793
2903 2745
2109 2813
2094 2776
2101 2872
2223 2538
2049 2405
2021 2281
2393 2804
2140 2423
2478 2831
3077 2447
3123 2483
2356 2726
2110 2423
2087 2879
2088 2396
3009 2253
2077 2848
2001 2300
2526 2712
3121 2543
2159 2557
2878 2428
2422 2884
2989 2365
2200 2398
2111 2618
2065 2333
2882 2128
2972 2228
2971 2133
2935 2704
3116 2529
3063 2281
2362 2727
2461 2727
2213 2711
3098 2582
3009 2535
2778 2707
2025 2320
3130 2525
2474 2727
3054 2674
2466 2941
2952 2369
2782 2075
2442 2724
2573 2674
2494 2713
2206 2741
2459 2891
2929 2532
2904 2738
2109 2826
2798 2554
2966 2326
2630 2683
2942 2402
2492 2724
2639 2443
2075 2725
2842 2654
2321 2724
2590 2578
2508 2797
3083 2506
2917 2726
2109 2810
2935 2735
2115 2580
2862 2662
2912 2476
2437 2888
2781 2798
2628 2678
2760 2123
3019 2360
2430 2692
2681 2552
2471 2858
2323 2684
3062 2347
2741 2022
2955 2480
3045 2298
1991 2314
2128 2371
3344 1754
2134 2425
2424 2662
2444 2847
3028 2316
2094 2303
2062 2650
1921 2315
2832 2257
1992 2366
3277 1779
2756 2749
2605 2707
2641 2671
2850 2230
3017 2253
2838 2072
2978 2343
3306 1784
3050 2386
2310 2677
2533 2722
2909 2417
3008 2179
2472 2959
2981 2138
2927 2806
2071 2715
2849 2034
3086 2711
2240 2461
2887 2399
3005 2675
1965 2332
2163 2490
2099 2389
2686 2720
3111 2555
2916 2800
2433 2835
4041 1257
3333 1762
2130 2285
2182 2784
3057 2372
2952 2482
2463 2916
1865 2352
3317 2045
2430 2696
3095 2509
3324 1769
1972 2303
2159 2439
2959 2131
2601 2612
2411 2894
3058 2639
2173 2787
3920 918
2976 2410
3010 2249
2816 2107
3074 2451
2765 2782
2856 2025
2640 2665
2241 2747
2181 2691
2741 2669
2919 2518
2175 2735
2905 2422
2004 2302
2473 2768
2755 2708
3029 2292
3076 2498
3055 2354
2994 2144
2797 2437
2943 2543
2455 2900
2237 2711
2200 2767
2464 2843
2120 2304
2854 2414
3025 2356
2639 2613
2472 2917
3908 941
2668 2481
2568 2664
2215 2390
2199 2692
1962 2377
2894 2108
2537 2769
2811 2209
2460 2979
2134 2471
3038 2645
2682 2693
3021 2268
3063 2788
2816 2478
2076 2741
3017 2514
2901 2508
2566 2576
2821 2646
2723 2111
3029 2226
2055 2663
2283 2684
2409 2898
2638 2689
2480 2930
3025 2245
2201 2701
2749 2657
3288 1799
2162 2480
2652 2603
2935 2108
2800 2668
2561 2708
2655 2701
1872 2326
3084 2511
3036 2374
2327 2733
2495 2921
2840 2375
2819 2646
2924 2443
2084 2825
2878 2773
2813 2467
2438 2839
2778 2708
2918 2788
2979 2404
2419 2721
2423 2719
2219 2193
3040 2297
2904 2801
2886 2399
3504 1753
3302 2061
2712 2531
2653 2599
3055 2353
3302 1729
2116 2672
3111 2599
3161 2575
2943 2138
2450 2760
2231 2690
2170 2804
3050 2487
2413 2740
2895 2667
2392 2805
2409 2902
2755 2147
1884 2275
1885 2359
2558 2631
1950 2322
2876 2095
2905 2467
2649 2487
3916 918
3163 2494
2739 2023
3070 2114
2941 2520
2936 2409
2191 2249
3328 2076
2156 2488
2770 2590
2591 2612
3028 2350
2965 2315
2200 2708
2829 2222
3321 1792
1945 2318
2715 2488
2039 2330
3020 2362
2433 2889
3103 2586
2741 2139
3275 1794
1876 2289
2969 2132
2801 2188
2636 2485
3058 2681
2470 2938
2244 2707
3042 2666
2503 2812
2783 2534
2917 2741
2488 2831
3329 1751
2994 2343
2843 2237
2517 2809
2099 2338
3331 1768
2804 2054
2892 2109
3279 1949
2761 2038
2913 2110
2082 2275
2207 2470
2187 2737
2105 2373
2875 2117
2980 2561
2821 2684
3031 2532
2551 2629
3080 2631
1865 2325
2885 2397
2762 2808
2871 2767
2961 2128
2937 2110
2124 2798
2922 2428
2964 2306
2128 2466
2733 2685
3024 2281
2159 2535
2730 2102
2955 2483
3103 2588
2738 2702
2876 2771
3011 2186
2976 2401
2149 2273
2725 2104
2446 2914
2819 2617
2725 2488
2694 2515
2140 2435
3082 2723
2891 2100
3295 1796
3082 2459
2843 2393
2179 2433
3079 2495
1917 2307
2159 2785
2887 2438
2094 2621
3016 2363
2320 2684
2910 2399
1878 2354
2263 2683
2210 2240
2455 2897
2895 2828
3052 2673
2420 2900
2839 2372
2752 2710
2171 2822
2769 2205
2803 2184
2080 2349
2917 2684
2715 2491
2432 2699
2114 2306
2808 2204
2453 2941
1963 2318
2922 2475
2530 2719
1873 2299
2777 2706
2237 2467
2016 2254
3309 2087
2540 2731
2764 2807
3083 2512
2536 2765
3301 1803
2443 2696
2360 2715
2793 2204
2659 2601
2779 2542
2202 2756
2820 2177
2642 2645
2190 2731
2497 2738
2095 2876
3057 2767
2126 2343
3052 2801
2749 2605
2923 2707
2035 2687
2837 2371
2865 2765
2040 2687
2652 2701
2473 2818
3019 2239
2112 2815
2883 2824
1911 2345
3041 2377
2239 2526
2433 2886
2915 2719
2648 2644
2477 2758
3282 1942
2973 2122
2894 2681
3012 2547
2106 2288
2887 2441
2460 2859
2848 2089
2782 2154
2823 2194
2858 2648
2202 2409
2636 2646
2096 2383
2694 2505
3056 2763
3316 2046
2647 2703
2063 2752
3011 2541
2950 2539
2748 2710
2380 2710
2909 2371
2207 2388
2222 2202
2103 2282
2008 2336
1869 2317
1918 2308
2499 2701
2945 2539
3030 2236
2133 2429
2586 2670
3138 2585
1975 2279
2775 2179
2811 2554
2794 2123
2691 2726
2475 2859
2503 2716
2784 2014
2637 2607
2089 2827
2981 2120
2914 2405
3024 2297
2075 2306
2914 2743
3325 2081
2807 2041
2828 2106
3096 2509
2171 2270
2825 2413
3130 2514
2756 2058
1875 2305
2553 2756
3038 2346
2608 2612
2731 2678
1913 2331
2809 2498
2922 2479
3293 2074
2764 2713
3050 2241
3054 2112
2557 2631
2556 2567
2793 2030
2462 2845
3302 2045
2729 2097
3065 2746
4066 1272
2790 2678
2918 2786
3017 2226
2433 2745
3022 2670
2839 2222
2811 2137
2803 2447
2475 2871
2649 2703
1873 2297
3327 2053
2755 2577
2822 2138
2587 2580
2762 2498
2488 2853
2190 2760
2201 2427
2791 2023
2135 2354
2625 2674
2514 2779
2528 2751
2681 2487
3009 2334
2779 2502
3097 2608
2828 2643
2491 2799
3029 2392
3060 2731
2985 2566
2751 2540
3011 2249
2824 2111
2786 2432
2491 2933
2202 2396
3036 2800
2689 2709
2330 2692
2796 2041
2128 2424
3088 2629
2493 2746
3010 2194
2391 2711
3118 2572
2723 2717
2428 2721
2471 2733
1965 2357
2073 2393
2378 2709
3038 2122
2105 2649
2988 2328
3074 2125
3031 2824
2157 2487
2912 2452
3026 2206
2644 2607
2478 2929
2919 2779
2316 2671
2427 2664
2466 2959
2933 2377
2350 2693
2105 2653
2460 2669
2523 2761
1980 2376
2858 2667
2757 2030
3161 2507
3078 2417
3102 2560
2133 2433
1875 2282
2859 2659
2337 2699
2821 2134
2905 2689
2106 2372
2934 2407
2804 2442
2841 2013
2593 2607
1883 2278
2942 2495
3031 2669
3029 2677
2001 2297
2465 2891
2324 2712
3322 1774
2904 2813
2529 2713
2993 2567
1876 2296
2972 2122
2108 2280
1967 2327
2221 2468
2961 2148
2377 2742
3046 2812
2563 2717
2209 2423
2328 2680
2157 2583
2832 2084
2162 2276
3001 2144
2386 2693
2169 2714
3300 1743
2928 2378
2915 2502
2480 2860
2984 2602
3147 2563
2981 2577
3080 2494
2776 2557
2836 2265
2448 2844
1861 2330
2361 2708
2759 2774
2101 2790
2641 2459
2094 2785
2950 2544
2935 2416
3059 2686
2948 2499
2156 2329
2793 2658
2453 2917
3066 2448
2404 2805
2532 2772
2678 2719
2983 2600
2821 2197
2697 2505
2764 2522
2142 2469
2940 2538
2402 2901
2471 2735
3038 2334
2098 2334
2825 2053
2117 2805
2823 2637
2833 2048
2911 2419
2193 2523
1932 2318
2901 2094
2210 2388
2125 2299
2486 2730
2410 2875
2452 2954
2487 2802
2972 2356
3114 2607
3057 2240
2158 2275
2323 2717
3075 2635
3041 2666
2386 2804
1972 2278
2692 2486
2947 2410
2454 2758
2103 2770
2111 2318
2952 2371
3331 2018
2802 2024
3053 2249
2925 2744
2174 2711
1949 2316
2983 2358
2940 2770
2103 2296
1988 2313
2055 2777
3090 2620
2102 2488
2590 2680
3063 2797
3035 2158
2234 2719
2735 2121
2423 2717
2006 2289
2852 2041
2125 2799
3015 2549
1884 2356
1996 2363
2670 2697
3310 2066
3037 2338
2888 2657
2104 2476
2517 2782
2647 2653
3007 2235
3305 1731
2479 2814
2724 2111
2451 2888
2159 2254
2298 2681
1873 2319
1873 2294
2426 2684
2114 2440
2762 2666
2877 2393
2032 2321
2654 2601
2886 2745
2831 2096
2864 2112
2514 2774
2957 2481
3325 1768
2831 2648
2413 2828
2335 2752
3505 1751
2214 2764
2862 2650
2832 2092
2998 2346
2963 2139
2848 2119
2179 2822
2821 2445
2456 2868
2131 2810
2154 2453
2472 2721
3233 1777
2822 2036
1869 2282
2904 2446
2232 2745
2621 2679
2583 2558
2212 2763
2029 2327
2070 2393
2126 2335
2035 2387
2204 2427
3119 2537
3026 2365
2130 2861
2734 2506
1998 2341
4062 1240
2415 2732
2729 2117
2084 2389
2430 2891
2975 2180
2794 2602
1994 2367
2497 2728
3048 2477
2108 2713
2732 2106
2918 2529
3906 928
2238 2750
2991 2565
2102 2857
3167 2499
2119 2671
2688 2484
2833 2229
2126 2338
2770 2707
2025 2769
2020 2368
2025 2307
2181 2833
2744 2698
2919 2799
3021 2273
2891 2750
2976 2612
2756 2565
2436 2678
3318 2069
2917 2423
2027 2760
2183 2785
2813 2667
2425 2723
2502 2773
2741 2665
3327 1752
3078 2487
3029 2359
2448 2760
3130 2579
2832 2066
2749 2715
2540 2724
2955 2133
3108 2574
2114 2418
2008 2294
2780 2469
2044 2328
3064 2493
2202 2466
2773 2592
2594 2693
2008 2288
2152 2561
2418 2937
2174 2730
2817 2585
2123 2375
2974 2319
2486 2803
2238 2209
2926 2390
2132 2420
2934 2775
2148 2265
2376 2698
2758 2776
2110 2829
3014 2224
2527 2716
2105 2613
2211 2473
2981 2594
2834 2143
1979 2368
2034 2313
2968 2573
3151 2577
2743 2737
3082 2699
2824 2437
2182 2469
2156 2333
2015 2296
2513 2807
3120 2523
1982 2319
2775 2557
2471 2748
2759 2493
3059 2245
2828 2142
3296 2062
2541 2614
3292 1754
3026 2825
3103 2515
2142 2350
2749 2547
2561 2601
3013 2302
2928 2409
1955 2370
2085 2865
2948 2108
2218 2193
2916 2499
2149 2358
2114 2819
2161 2695
1904 2323
2161 2488
3080 2683
2947 2424
2084 2822
2430 2695
3085 2488
2834 2253
2019 2347
2814 2440
2733 2684
3109 2572
2834 2406
2107 2423
2754 2572
2033 2318
2739 2141
2827 2042
3058 2487
2788 2676
2157 2442
2962 2143
2961 2327
3070 2769
2940 2509
3025 2827
3066 2491
2151 2544
3124 2502
2459 2671
2541 2725
3044 2293
3058 2307
2235 2719
3098 2583
2419 2936
2040 2330
2010 2340
2859 2237
2106 2469
2072 2287
2879 2116
2114 2441
2208 2436
2386 2692
2381 2699
3115 2546
2115 2644
2792 2677
2891 2103
2964 2568
1865 2317
3321 1775
2544 2717
1875 2320
2123 2618
2936 2704
2124 2396
2084 2390
2690 2516
3274 1759
2079 2638
2160 2554
3276 1943
2917 2744
2767 2788
2104 2365
3069 2783
2093 2651
2180 2743
2806 2135
2900 2743
2109 2812
2321 2659
2482 2859
2858 2023
2538 2633
2786 2069
2574 2676
2095 2615
3337 1761
2994 2344
2663 2704
1886 2340
2789 2464
2900 2367
2947 2098
3032 2810
3016 2364
2886 2659
2863 2650
2538 2630
3047 2499
2145 2346
2759 2157
2807 2608
3903 938
2284 2674
2497 2811
2234 2475
3053 2114
2126 2383
2236 2731
2453 2845
2648 2597
2111 2826
3118 2537
3038 2674
1870 2293
2435 2708
2881 2837
2476 2846
3302 1728
2963 2488
2408 2937
2841 2235
2872 2136
3061 2640
2908 2390
3031 2796
3311 1740
2798 2129
2679 2474
2695 2541
2814 2173
2423 2946
2742 2513
2001 2337
3037 2644
2135 2588
2177 2761
2785 2446
3437 1758
2463 2665
2754 2148
2769 2147
2957 2365
2827 2647
2975 2402
2639 2483
2675 2474
3300 1740
2795 2664
2549 2713
2754 2683
2469 2737
1906 2314
2769 2126
2128 2809
3083 2724
3143 2573
2962 2299
2103 2376
2666 2693
2935 2411
2125 2311
2111 2852
2990 2577
2872 2658
2000 2337
2653 2600
3090 2117
2762 2024
2772 2065
2967 2624
2134 2469
2823 2689
2911 2774
2842 2040
2137 2469
2466 2722
2774 2548
3030 2803
2127 2818
2773 2047
2780 2717
2821 2693
2779 2076
3062 2114
2948 2110
2190 2743
2122 2376
3030 2332
2371 2733
2124 2868
2568 2659
2393 2710
2985 2343
2422 2745
2877 2437
2922 2529
2644 2648
2054 2754
2151 2482
2914 2724
2905 2438
2880 2841
2231 2178
3115 2597
2487 2760
2459 2882
2854 2099
3044 2672
2000 2323
2584 2684
2112 2624
2147 2678
2882 2828
2775 2794
2777 2512
2997 2145
2800 2183
3056 2679
3023 2789
2570 2566
2297 2672
2845 2401
2809 2047
2196 2478
2953 2548
2960 2293
2830 2093
2883 2115
3032 2385
3112 2602
3069 2310
2299 2683
2118 2618
2816 2198
2115 2424
2202 2469
2891 2086
2403 2806
2821 2625
2779 2149
2729 2106
2637 2702
3018 2526
2204 2446
2955 2286
2474 2911
2688 2706
2945 2297
2866 2095
2758 2735
2583 2700
2846 2368
2642 2450
2980 2594
2834 2240
2382 2737
2740 2142
3082 2629
2104 2796
3021 2285
2814 2673
2161 2248
2455 2968
2808 2590
3020 2322
2226 2542
2334 2697
2747 2712
3316 1750
2770 2786
2422 2952
2343 2691
2152 2551
2534 2641
2913 2739
2105 2865
2121 2868
2834 2141
2813 2486
2143 2570
2072 2292
2379 2705
2252 2715
2907 2095
2208 2388
1971 2315
2754 2027
2152 2452
2358 2715
4048 1273
3129 2511
2081 2310
1864 2352
2209 2386
2262 2687
3067 2302
2038 2317
2196 2426
2070 2792
1966 2328
2612 2600
2105 2470
2876 2094
2434 2888
2877 2412
2816 2605
2381 2709
3094 2490
3019 2222
3055 2351
2245 2478
3039 2226
2633 2681
2160 2592
2107 2466
2980 2349
2107 2826
3111 2537
3234 1783
2706 2502
3909 933
2988 2357
2932 2395
2802 2667
1996 2275
2181 2688
3039 2215
2967 2768
2780 2435
2793 2023
2475 2957
3084 2486
2771 2791
3284 1790
2502 2752
2492 2820
2786 2034
3067 2716
2175 2715
2949 2294
2811 2663
2614 2687
1877 2306
2192 2760
2928 2701
3040 2129
1870 2360
2419 2880
2903 2411
3039 2673
2627 2676
2129 2588
3088 2790
2118 2637
2208 2238
2940 2561
2756 2165
2523 2799
2669 2689
2018 2287
2176 2431
2761 2651
2264 2700
2470 2923
2827 2670
3317 1777
3280 1766
2414 2843
2313 2704
2029 2308
3063 2621
2130 2469
2049 2690
2137 2431
2638 2617
2294 2668
2978 2124
1965 2359
2183 2835
2178 2447
2489 2852
2250 2724
3015 2335
1987 2367
3041 2510
2158 2809
1877 2305
2368 2704
3899 933
2940 2114
2737 2668
2936 2739
2606 2710
2926 2745
2449 2890
2413 2873
2621 2675
2974 2133
2875 2102
2984 2328
2644 2458
3269 1770
2096 2381
2141 2423
2475 2756
1951 2330
2153 2817
2776 2021
2666 2482
2228 2468
3011 2791
2011 2353
3021 2136
2456 2971
2105 2300
2391 2823
1991 2366
3300 1733
2778 2132
3056 2803
2161 2696
2633 2455
2494 2814
2921 2777
2967 2570
2435 2939
3014 2247
2777 2181
2831 2642
3019 2293
3070 2449
2694 2516
2051 2772
1982 2334
2490 2824
2748 2597
2256 2480
2102 2622
2491 2928
1886 2332
2482 2704
2641 2602
2177 2707
2848 2090
2486 2800
2472 2866
2979 2121
2277 2677
2093 2773
2752 2727
3056 2370
2769 2177
2930 2393
2124 2450
2468 2961
3069 2625
2524 2762
2131 2363
2468 2858
2847 2029
3064 2627
1921 2314
2443 2700
2875 2096
3122 2525
2918 2682
2130 2813
2966 2315
3893 920
2137 2579
2177 2738
2026 2374
2776 2074
2611 2682
2961 2547
3053 2300
2235 2472
2057 2305
2830 2060
2965 2292
2751 2145
3881 928
2161 2680
1997 2341
2820 2034
3072 2383
2081 2276
2467 2861
2130 2613
2770 2141
2135 2591
2055 2680
2910 2361
2896 2661
2967 2228
2422 2902
2886 2443
2690 2730
3048 2476
2472 2856
2422 2741
2930 2774
2042 2389
3066 2307
3076 2125
3047 2792
2528 2703
3122 2502
2729 2126
2778 2161
3082 2468
3073 2788
2200 2414
2483 2801
2920 2689
3151 2518
2959 2290
2183 2260
2464 2878
4067 1231
2103 2658
2098 2386
2557 2665
2406 2797
3067 2736
2116 2385
2102 2824
2782 2014
2161 2356
2355 2728
2061 2420
2511 2801
2762 2023
2065 2284
2124 2879
2551 2627
2807 2454
2330 2702
3027 2389
2917 2456
2133 2688
2119 2655
2081 2861
2267 2688
3008 2678
2751 2716
2892 2086
2805 2454
2656 2705
2418 2663
2785 2016
3014 2331
2738 2153
2244 2477
2147 2474
2454 2759
2229 2183
3024 2298
2125 2380
3053 2677
2759 2593
2901 2742
2693 2523
2172 2718
2873 2138
3054 2697
3324 1749
2200 2403
2586 2671
3024 2361
2978 2331
3313 2047
2776 2027
2791 2565
2929 2110
2098 2874
2186 2533
3247 1771
3425 1766
2758 2501
2753 2730
3049 2675
2870 2757
2103 2837
2820 2606
2857 2023
2756 2773
2618 2621
2880 2407
2665 2484
2635 2606
2972 2222
1874 2324
2608 2711
2094 2380
3004 2245
3069 2296
2768 2067
2600 2604
3012 2354
2061 2281
2491 2813
2109 2440
2148 2467
3149 2642
2943 2506
2329 2736
2773 2204
2838 2055
2097 2789
3084 2148
2345 2691
2733 2139
2831 2111
2705 2504
3298 1724
3294 2056
3121 2590
3032 2803
2246 2740
2804 2143
2566 2568
2748 2127
2803 2204
3008 2130
2004 2303
2152 2340
2116 2379
2854 2403
2099 2390
2173 2813
2768 2784
2748 2741
2234 2390
2916 2420
3014 2263
2835 2042
2976 2233
4041 1273
3007 2246
2770 2129
2522 2717
3059 2501
2489 2824
2164 2599
3283 1776
3328 2051
2799 2573
2173 2753
2114 2798
2447 2695
2958 2553
2482 2734
2210 2755
3006 2239
1970 2344
3320 1733
2312 2672
1997 2339
2387 2697
2174 2735
2219 2751
1862 2314
3042 2372
3006 2138
2942 2496
2508 2796
2798 2191
2758 2739
1880 2337
2269 2693
2773 2197
2602 2615
2890 2114
2207 2730
1919 2316
2477 2724
2170 2420
2124 2333
2476 2930
2703 2702
2794 2168
2841 2128
3079 2517
1926 2324
2986 2567
3024 2239
2247 2707
2778 2482
2087 2384
2871 2106
1995 2285
2697 2523
2665 2695
2596 2683
3047 2789
2440 2704
2331 2692
2957 2551
2977 2332
2822 2483
2741 2034
2068 2714
2819 2653
2799 2022
3046 2237
3038 2324
2780 2504
2844 2127
2836 2129
2233 2389
2435 2700
1874 2321
2791 2161
2716 2709
2466 2850
2184 2739
2592 2698
2921 2702
3326 2053
2456 2891
2751 2499
2397 2805
2201 2417
2900 2368
2672 2612
3006 2234
2849 2370
3055 2350
2959 2127
3029 2129
2896 2099
2918 2710
2438 2759
2179 2823
2146 2601
2404 2829
3014 2285
2521 2805
2189 2693
2362 2707
3053 2358
2510 2800
1964 2319
2799 2445
2893 2832
2517 2712
2265 2700
2485 2815
2824 2206
2200 2738
2801 2044
3121 2522
2020 2298
2143 2354
2825 2195
2827 2642
1990 2320
2453 2957
2413 2938
2586 2613
3429 1763
2147 2566
2975 2322
3304 1734
2589 2557
2592 2616
2099 2280
2217 2496
2210 2747
3925 915
2823 2043
2473 2758
2643 2707
2737 2031
2905 2119
2943 2101
2192 2821
2071 2267
2782 2190
3310 1753
2974 2323
2978 2623
2772 2179
2801 2170
2143 2349
2432 2893
2412 2738
2843 2055
3103 2562
2783 2145
2772 2051
3933 928
2316 2705
2803 2548
2125 2584
1973 2301
3021 2547
3036 2512
2024 2378
3091 2116
2893 2774
2813 2214
2201 2422
2525 2715
2875 2135
3076 2693
3062 2386
3273 1778
2462 2962
2684 2705
2563 2599
3047 2654
3894 940
2302 2680
3332 1778
3064 2801
3131 2579
2089 2359
2621 2684
2819 2482
2982 2320
3299 1787
2020 2365
2961 2581
2012 2338
3303 1728
2777 2027
2138 2577
3143 2643
2410 2786
2714 2528
3026 2127
3035 2315
3163 2501
2070 2694
3103 2552
2672 2718
2126 2304
2154 2806
3076 2394
2928 2802
3029 2379
1998 2335
2974 2231
2434 2719
2926 2726
2400 2794
2042 2328
2803 2212
2440 2750
2236 2456
3033 2533
3144 2574
3088 2800
2777 2025
2702 2701
2026 2371
2706 2494
3056 2367
2133 2442
2776 2005
3033 2289
2383 2805
3126 2509
3300 2067
2916 2717
3125 2502
2247 2489
2476 2933
2524 2816
3039 2674
2785 2444
2131 2686
2918 2789
2184 2451
2901 2768
2221 2440
3314 2071
2781 2500
2791 2124
3065 2113
3429 1776
2146 2673
2839 2391
2110 2437
2906 2428
2237 2171
1967 2349
2423 2838
2474 2726
2904 2130
2541 2726
2767 2126
3057 2804
3078 2119
2391 2805
2124 2614
3006 2135
2125 2806
2476 2724
2915 2387
2483 2928
2155 2430
1887 2327
3082 2630
2882 2820
2273 2704
2087 2825
2405 2898
2688 2498
2751 2139
3032 2282
3023 2821
2122 2603
2192 2824
3027 2323
3016 2229
2771 2590
3305 2052
2171 2712
2881 2116
2430 2684
2472 2857
2783 2180
3084 2507
2750 2506
2934 2492
3023 2321
2963 2404
2086 2313
2619 2684
1993 2311
2102 2861
2993 2143
3939 926
2246 2204
2351 2718
2345 2703
2159 2823
2365 2713
2796 2022
2464 2969
2902 2106
2159 2814
2230 2752
2458 2880
2254 2694
2651 2464
2212 2388
2545 2654
2963 2403
2810 2611
2156 2688
3031 2805
2040 2334
1889 2325
3003 2793
2175 2753
2196 2485
3164 2507
3012 2304
2097 2309
2206 2210
2767 2807
2143 2426
2410 2812
2423 2840
1922 2318
3280 1789
2587 2665
3051 2672
2658 2594
2813 2596
3067 2708
2120 2414
2135 2438
2932 2494
2472 2719
2120 2631
2135 2688
3067 2784
3020 2188
2147 2258
2859 2667
2089 2396
2542 2752
3305 2055
2826 2590
2424 2692
2086 2853
2945 2547
2904 2436
2893 2082
2616 2627
2081 2283
2068 2285
2200 2709
2895 2432
3073 2126
2195 2427
3105 2560
2771 2790
2812 2682
2875 2771
2157 2356
2760 2596
3014 2539
2408 2784
2924 2706
2113 2318
2236 2173
2048 2691
2775 2508
2135 2445
2235 2177
2734 2654
3037 2364
3042 2793
2323 2665
2957 2480
3322 1734
2636 2703
2929 2727
3304 1730
2956 2365
2089 2344
2803 2196
3008 2129
2976 2403
3298 2062
1870 2318
2780 2471
2070 2403
2067 2293
3165 2506
2101 2483
2479 2839
3303 1792
2076 2274
2728 2678
2130 2852
2936 2102
2749 2722
2762 2060
3109 2551
2133 2853
2210 2746
2075 2295
2563 2581
2433 2885
2498 2720
2416 2734
2847 2388
3063 2717
2810 2045
2746 2741
3323 2057
2086 2785
2117 2656
2195 2743
2017 2753
2777 2059
2498 2767
3035 2831
2862 2114
2451 2879
2888 2124
2823 2647
2960 2552
3025 2312
2128 2435
3049 2788
3083 2723
2755 2561
3333 1773
2489 2813
3059 2247
2502 2778
2829 2663
2762 2774
3022 2191
2752 2502
2870 2131
2894 2653
3294 1733
3278 1939
2090 2405
2909 2126
2249 2197
4041 1258
2145 2459
2934 2737
2104 2642
3017 2238
2032 2330
3056 2366
2879 2110
2480 2734
2182 2781
2589 2582
3168 2533
2195 2257
1877 2297
2884 2114
2749 2504
3440 1758
2963 2324
2654 2443
2011 2347
2554 2657
3083 2626
2610 2689
2163 2792
2842 2028
1933 2319
3005 2351
2491 2823
3279 1792
3065 2510
3073 2297
2893 2740
2633 2679
2638 2643
2472 2924
2369 2701
2114 2658
3074 2792
2120 2632
2095 2651
2581 2700
3306 1748
3120 2508
2497 2721
3069 2777
2323 2720
2902 2445
2855 2359
3148 2645
2636 2455
3294 1735
2971 2328
2853 2359
2526 2711
2747 2706
2983 2357
2467 2890
3062 2385
2084 2785
3311 2055
2655 2591
3026 2306
2072 2301
2627 2678
2838 2404
2992 2364
3100 2507
2110 2842
2693 2542
2061 2687
2123 2376
2544 2757
2208 2458
2808 2595
2130 2585
2158 2698
2928 2513
2463 2937
3022 2204
2150 2243
3061 2780
2189 2691
2411 2900
3052 2363
2462 2861
2394 2819
2086 2834
2919 2702
3898 921
2362 2705
2663 2690
3077 2448
1982 2368
3031 2305
2917 2727
3087 2790
1999 2278
2987 2594
2818 2488
2061 2740
2947 2294
2094 2428
2491 2820
2640 2470
2566 2707
3311 1747
2587 2716
2815 2484
2590 2689
2092 2359
2842 2096
2144 2459
2053 2417
2275 2681
3120 2497
2179 2790
2355 2693
3067 2623
3037 2516
2125 2344
2141 2449
2979 2125
1864 2292
2752 2604
3162 2512
3109 2565
2748 2508
2213 2458
2128 2403
3049 2785
3020 2273
2636 2607
2157 2684
1879 2279
2371 2712
2484 2756
2020 2303
2112 2314
2446 2913
2693 2520
2126 2426
2120 2819
3078 2450
2906 2505
2551 2665
2203 2679
3128 2496
2815 2108
2812 2671
2883 2120
2097 2640
2134 2444
2809 2190
2545 2723
2444 2872
2097 2320
3032 2637
3054 2114
2751 2693
2524 2705
2446 2879
2561 2709
3060 2291
3331 1733
3066 2750
2949 2367
2140 2342
2754 2502
2748 2605
2280 2678
3052 2136
2007 2274
3024 2829
2388 2690
2266 2672
2132 2470
2248 2751
2187 2266
2851 2027
2391 2692
2135 2363
2405 2900
2794 2657
2183 2676
2464 2959
3017 2513
2448 2771
4071 1265
2150 2452
3104 2602
2931 2770
3023 2243
1986 2283
2348 2723
2965 2772
2776 2066
2351 2717
2156 2357
2247 2689
2083 2853
2112 2451
2928 2401
3054 2144
2546 2633
2192 2825
2070 2650
2969 2401
2838 2216
2133 2286
2349 2690
2162 2282
2076 2847
3093 2729
3050 2735
2860 2650
2757 2818
3042 2499
2793 2119
2768 2024
2889 2399
2208 2210
2668 2461
2917 2809
2810 2470
2989 2134
2778 2476
2544 2646
2668 2606
2413 2870
3171 2530
2169 2805
2200 2412
2949 2500
2150 2273
2838 2231
2799 2153
2161 2824
2347 2692
2984 2357
2882 2748
2198 2529
2900 2676
3028 2329
2922 2704
2001 2299
2297 2707
1878 2289
2590 2584
2112 2302
2746 2699
2078 2316
2668 2473
2854 2360
2496 2705
2476 2935
2538 2756
3076 2686
2288 2673
2921 2532
2768 2664
1906 2336
2165 2438
2884 2426
2782 2435
2118 2861
2920 2728
2180 2590
2930 2111
2778 2799
2420 2660
2874 2390
3031 2328
2758 2530
3031 2344
4043 1271
2083 2356
2781 2709
3117 2595
2775 2657
2823 2485
2551 2637
2107 2655
3063 2766
2457 2861
2973 2410
3032 2656
3018 2360
3238 1786
2623 2694
2144 2273
1863 2346
2214 2456
3278 1940
2776 2068
2803 2433
2909 2687
2142 2426
2993 2345
2166 2442
2898 2091
2754 2596
2584 2663
2388 2715
2791 2065
2064 2884
2780 2466
3029 2542
2040 2328
2104 2468
2956 2775
2443 2877
2442 2725
3040 2338
2847 2102
2472 2733
2085 2824
2926 2466
2204 2420
2193 2254
2942 2492
2884 2765
2468 2870
3137 2579
2911 2402
2417 2690
1916 2332
2976 2606
2178 2266
3108 2538
2899 2771
2762 2667
2753 2582
2867 2411
2733 2743
2153 2273
2455 2700
2476 2931
3139 2586
2104 2852
2824 2138
2557 2716
2078 2306
2295 2681
3005 2337
2879 2426
2337 2677
2015 2251
2877 2770
2110 2379
3041 2638
2858 2644
3066 2766
2803 2017
3118 2641
2748 2588
2093 2833
2205 2208
3085 2517
2538 2730
2748 2512
3119 2497
2440 2679
2154 2805
2131 2441
2474 2821
3142 2567
2642 2707
3030 2205
2122 2630
2138 2600
2829 2244
2932 2769
3073 2431
2943 2117
3250 1769
2802 2200
2511 2815
3062 2767
2235 2171
2218 2512
2830 2665
2614 2681
2157 2694
2163 2537
2727 2106
2124 2589
2153 2481
2684 2498
2391 2721
2216 2758
2156 2433
2824 2654
2495 2713
3056 2782
2743 2687
2888 2778
2021 2752
2105 2647
2086 2352
3033 2379
2915 2711
2049 2304
2201 2414
2591 2703
2449 2669
2966 2488
2600 2705
2768 2707
2062 2417
2095 2378
2414 2938
2377 2688
1887 2342
2664 2708
2788 2493
2586 2713
3169 2517
2093 2783
1935 2323
2736 2742
2548 2645
2104 2655
2998 2135
2433 2713
2808 2470
2449 2888
2541 2655
3067 2509
2166 2257
2049 2770
2810 2591
2913 2477
2026 2399
2907 2367
2781 2191
2739 2661
2944 2138
2183 2263
3083 2729
3026 2521
2649 2595
2769 2209
2920 2683
3123 2508
3309 2089
2964 2542
2324 2711
3053 2313
3005 2349
2817 2601
2110 2822
2149 2815
2780 2659
2543 2647
2139 2350
2352 2720
2416 2731
2144 2238
2541 2638
3024 2393
3033 2333
2733 2667
2974 2128
2925 2444
2119 2637
2217 2433
2551 2618
2418 2662
2150 2550
2005 2372
2422 2749
3025 2201
2727 2112
2389 2805
2844 2230
2737 2716
3133 2525
3075 2392
2074 2739
2039 2391
3389 1904
2942 2529
2904 2135
2028 2282
2416 2954
3000 2796
4053 1273
2500 2718
2777 2050
3091 2488
1908 2312
1993 2327
2949 2508
2358 2718
2670 2715
2063 2284
2919 2801
2890 2825
2182 2449
3017 2252
2591 2701
2004 2301
2083 2411
2838 2214
3297 1735
2773 2147
2259 2688
1875 2349
3302 2044
3028 2378
2139 2592
2405 2897
2734 2740
3034 2830
2857 2657
2875 2772
2197 2680
2218 2524
2907 2136
3066 2726
2968 2291
2678 2550
3014 2337
2206 2203
2729 2678
2396 2790
2796 2042
2636 2684
1895 2334
2591 2695
2778 2006
2179 2762
2517 2772
3092 2505
3118 2479
2866 2658
2508 2812
2126 2859
3050 2156
2766 2135
2321 2691
2942 2415
2107 2287
2674 2457
3941 923
3023 2544
2796 2045
2749 2678
2770 2126
2961 2298
4039 1257
2786 2147
3084 2475
2823 2207
2387 2690
2750 2751
3048 2494
2920 2682
2579 2693
3319 1755
2782 2004
2254 2721
2481 2733
2820 2632
2821 2215
2071 2833
2241 2469
2181 2743
2994 2588
2031 2308
2773 2588
2843 2100
2200 2464
3001 2198
2700 2504
3027 2200
2838 2141
2210 2436
3299 1802
3027 2292
2990 2359
2924 2427
3900 917
2843 2371
3318 1803
2026 2368
3027 2400
2105 2809
2666 2608
3296 1740
2563 2589
2818 2451
2887 2439
2798 2184
2638 2446
2805 2589
2669 2469
2187 2730
2648 2488
3061 2336
3072 2788
2637 2682
2682 2725
2888 2760
2152 2576
3087 2679
2758 2027
2755 2677
2271 2667
2805 2211
3019 2282
2381 2689
2169 2278
3076 2494
2400 2896
2102 2613
2200 2425
4052 1270
2827 2593
2158 2559
2038 2398
3314 2084
2452 2882
2733 2669
2041 2387
2429 2663
3059 2373
2336 2743
2445 2665
3018 2366
3024 2522
1937 2323
2201 2480
3163 2499
2914 2453
3054 2145
3085 2451
2137 2363
2809 2194
2497 2705
2960 2577
2176 2764
2947 2371
3245 1769
2864 2111
2915 2766
2032 2756
2495 2727
2137 2266
2737 2035
2024 2269
2010 2252
2472 2875
2323 2683
2138 2690
2177 2270
2640 2476
2812 2497
3099 2507
2496 2735
2845 2129
2786 2470
2921 2701
2284 2671
3052 2683
2488 2851
2558 2567
2183 2834
2584 2685
1921 2347
3310 2091
3028 2541
2236 2698
2086 2865
2142 2434
1914 2343
2541 2650
2057 2686
3167 2541
2807 2550
2059 2671
2659 2596
2032 2376
2013 2326
2082 2313
2420 2722
2397 2719
1987 2313
2081 2645
3042 2808
2619 2677
1908 2323
3116 2510
2104 2627
2474 2753
3099 2574
2644 2601
2475 2830
2116 2577
2814 2442
2420 2884
3089 2569
2123 2861
3303 1720
2458 2666
2930 2764
3334 1751
2238 2202
2770 2139
2099 2856
2173 2266
4038 1267
2831 2214
2864 2657
2695 2490
2030 2326
2157 2558
2442 2678
2193 2478
2906 2663
2558 2608
2381 2795
2903 2391
2757 2592
2494 2927
2920 2708
2239 2205
2780 2185
2931 2512
2109 2446
3076 2694
2473 2891
2973 2314
3906 950
3054 2139
2508 2815
2091 2839
2627 2484
2328 2699
3057 2700
2747 2568
3121 2580
2919 2778
2210 2519
3319 2066
2441 2943
2769 2139
2859 2103
2664 2470
1993 2328
2955 2404
2543 2613
2907 2510
2905 2113
3025 2186
2422 2868
2860 2414
2747 2657
3054 2640
2118 2310
2828 2602
2488 2825
1908 2324
2201 2738
2861 2114
2728 2115
2975 2116
3044 2656
3066 2621
2161 2797
2749 2483
2498 2790
2843 2379
2471 2741
2669 2474
2028 2385
3068 2798
3067 2798
2812 2179
1883 2342
3036 2652
2881 2122
2953 2389
2917 2475
3079 2494
2880 2410
3028 2355
2421 2684
3045 2794
2017 2750
2201 2483
2587 2614
2200 2423
2941 2369
2088 2826
2149 2255
2089 2360
3326 1775
2909 2507
2015 2317
2648 2678
2097 2373
2472 2874
3064 2793
2863 2098
2492 2925
2530 2713
2923 2798
2687 2500
2113 2272
1872 2289
4064 1230
2081 2715
4048 1272
2196 2748
3076 2751
3077 2634
3159 2506
2778 2437
2102 2647
2912 2739
3048 2236
2750 2732
3317 2041
2543 2718
2600 2714
2558 2592
3063 2624
2388 2697
3059 2812
2877 2127
2758 2144
3088 2507
2163 2807
2778 2153
2596 2716
2179 2265
1937 2315
2645 2602
1872 2312
3338 1751
2922 2794
2690 2514
2952 2397
2336 2760
2960 2147
2644 2457
2955 2545
2217 2394
2101 2664
2911 2127
3073 2134
3893 926
2123 2600
2237 2472
2543 2732
2821 2624
2905 2132
3334 1747
2086 2393
3333 2068
2968 2141
3040 2674
2127 2595
2826 2100
2480 2852
2120 2796
2727 2119
2940 2133
2818 2623
2803 2457
2164 2807
2237 2705
2829 2217
3113 2538
2110 2627
2772 2122
2708 2531
2822 2028
2945 2130
3310 2080
2242 2748
2840 2380
2252 2765
2947 2299
2883 2821
2034 2315
2830 2432
3011 2246
2978 2562
2281 2666
2106 2646
2833 2260
2153 2549
3036 2158
1961 2285
2418 2898
2805 2135
3173 2497
2889 2099
3024 2271
2794 2167
2636 2609
1970 2347
1992 2312
3050 2315
3037 2509
3075 2497
3436 1764
1967 2285
2734 2041
2086 2630
2007 2290
3321 1793
2896 2671
2753 2681
2806 2468
2689 2498
2105 2474
2745 2719
2164 2794
3298 1752
2785 2190
3045 2121
2793 2460
2215 2758
3031 2822
2176 2760
2103 2424
3080 2522
2887 2839
2080 2848
2229 2764
2909 2094
2846 2032
2738 2720
3001 2339
2057 2675
3012 2218
2823 2100
2866 2111
2301 2705
2863 2104
3384 1903
2200 2479
2792 2575
2132 2351
2919 2499
2268 2697
2391 2720
3171 2507
2798 2446
3017 2223
2787 2437
2461 2701
2036 2396
2141 2815
2804 2203
2216 2457
2142 2351
2917 2511
2115 2422
3027 2244
2836 2388
2749 2552
2528 2806
2932 2702
2936 2394
2149 2243
3312 1739
2792 2579
2998 2549
2419 2831
2184 2260
1910 2335
2746 2127
3062 2749
2865 2766
2937 2129
2014 2322
2951 2442
2875 2748
2968 2577
2721 2718
3037 2671
2410 2902
2936 2490
2090 2656
2182 2782
2780 2709
2404 2901
2809 2591
2847 2366
2215 2707
3049 2676
2213 2743
2138 2470
2070 2754
2913 2719
2481 2858
3014 2231
2209 2447
2079 2854
3048 2645
2206 2542
2465 2858
2787 2072
2580 2695
2201 2542
2753 2612
2354 2693
2512 2777
2757 2033
2178 2752
2458 2745
2762 2594
2174 2269
2672 2715
2097 2837
2372 2710
2073 2716
2136 2816
2163 2355
2173 2819
2737 2505
2556 2726
2965 2360
2320 2664
2788 2064
2944 2099
2440 2719
3025 2278
3106 2586
2560 2590
3027 2391
2872 2770
2796 2558
2881 2106
2777 2557
2084 2737
3064 2431
3103 2563
2164 2584
1977 2336
2688 2490
2037 2318
2081 2773
2451 2847
2900 2450
2508 2767
1977 2271
2039 2317
3115 2547
3051 2304
2103 2321
2123 2856
2107 2626
2807 2558
2055 2331
2777 2077
2963 2771
3934 926
2059 2846
2237 2206
2256 2481
1997 2286
2143 2572
2731 2102
2735 2677
3016 2674
2761 2142
2756 2710
2184 2466
2828 2245
3050 2736
2902 2145
3119 2511
2861 2100
3056 2303
2156 2535
2389 2810
2385 2807
4042 1271
3298 1751
2771 2125
3044 2810
3076 2634
3027 2368
1863 2295
2579 2705
2995 2340
2987 2566
2015 2337
2752 2510
2840 2377
2895 2670
3090 2471
2675 2704
2134 2810
2184 2452
2618 2622
2830 2597
2248 2489
2835 2109
2177 2714
3035 2314
3003 2267
2244 2686
2183 2432
2688 2500
2166 2814
3107 2549
3039 2301
2805 2203
2378 2689
2388 2712
2679 2709
2785 2126
2740 2670
2553 2622
2475 2741
2114 2378
1962 2353
2445 2675
2476 2852
2770 2788
2945 2399
2837 2217
2899 2672
2725 2111
2504 2770
2495 2745
2209 2438
2854 2025
3074 2478
2089 2846
2476 2854
2824 2588
2856 2356
3034 2214
2037 2337
1971 2344
2536 2649
2090 2394
2836 2659
1928 2323
2686 2488
2919 2776
2205 2449
2740 2738
2967 2327
2950 2543
2238 2199
2557 2603
2992 2140
2746 2701
2483 2934
3898 938
2197 2743
2141 2600
2176 2768
2523 2762
3028 2230
3082 2145
2233 2395
4035 1260
2566 2567
1974 2344
2203 2477
2914 2768
2915 2503
2917 2749
2168 2596
3066 2693
2102 2369
3073 2793
2221 2459
2320 2724
3122 2581
2494 2714
3076 2116
2295 2673
2425 2717
3121 2552
2306 2670
2812 2207
2571 2674
2215 2392
2129 2855
2022 2366
2099 2376
2236 2180
2186 2433
2121 2796
2145 2463
3315 1756
3304 2051
2422 2747
2034 2408
2477 2823
2333 2755
3246 1770
2749 2587
2780 2529
2794 2023
2890 2117
2873 2396
3301 1728
2642 2708
2155 2250
3033 2230
2708 2532
2503 2788
2420 2936
2239 2204
2392 2813
3041 2509
2120 2446
2180 2591
3105 2575
2161 2685
2744 2128
2795 2553
2479 2706
2618 2620
2248 2746
2458 2732
1858 2335
2894 2834
3015 2265
2906 2115
2682 2698
1883 2275
3034 2291
2148 2341
3021 2670
2619 2688
2158 2323
2131 2817
2499 2719
2139 2260
3083 2492
2478 2860
2914 2692
1987 2282
3295 1803
2557 2666
2941 2394
2111 2275
2166 2788
2977 2360
2575 2704
3054 2238
2248 2196
1982 2288
2425 2885
3918 917
2969 2136
2124 2866
2856 2105
2553 2629
3311 1742
2767 2787
2785 2504
2593 2703
2932 2701
2912 2767
2837 2214
2667 2558
2134 2343
2840 2644
3053 2347
2757 2561
2083 2720
2772 2552
2202 2479
2086 2345
2090 2385
2826 2672
2125 2802
2748 2726
2239 2209
2777 2438
3043 2373
2456 2870
2126 2341
3159 2562
3030 2369
2912 2727
2661 2469
2907 2774
3031 2814
2693 2710
2573 2709
2823 2101
2750 2604
2503 2710
2899 2104
2797 2545
3042 2804
2123 2342
2230 2399
2956 2542
3016 2547
2501 2735
2124 2872
3323 2072
2131 2438
2591 2708
2667 2706
2481 2958
2527 2750
2851 2043
2978 2628
2071 2292
2175 2733
2022 2332
2164 2354
2537 2756
2083 2409
4070 1271
3037 2367
2384 2732
2153 2332
2332 2741
2412 2804
2781 2437
3337 1762
2878 2659
2522 2818
2151 2334
2971 2402
2134 2468
2944 2423
2248 2748
2134 2446
2424 2900
2348 2691
2744 2739
2779 2723
2453 2915
2244 2732
3097 2507
2812 2205
3096 2488
2934 2774
3050 2288
2328 2736
2780 2724
2122 2868
2797 2435
2109 2807
2188 2433
2731 2105
2918 2709
2643 2471
2088 2622
3321 1738
2898 2771
2880 2131
2099 2370
2916 2775
1980 2335
1936 2318
3035 2237
2267 2682
2929 2382
2396 2793
2541 2637
3040 2803
3075 2499
2927 2531
3031 2823
2155 2355
2053 2325
2488 2827
2170 2806
3005 2352
2162 2824
2238 2693
2237 2724
2585 2711
2915 2696
3148 2644
2776 2588
2725 2109
2180 2691
3009 2254
1873 2330
2121 2464
2016 2775
2482 2846
2130 2586
2909 2746
2516 2803
2772 2177
2077 2847
2905 2138
2297 2701
3322 1757
2781 2720
2087 2313
3303 1797
2063 2685
2476 2759
2790 2577
2968 2628
2879 2131
2813 2597
2953 2539
2413 2846
2885 2437
2058 2659
2806 2659
2909 2397
2656 2601
2755 2587
2106 2468
3006 2789
2117 2868
2224 2478
2840 2046
2010 2371
2976 2402
2961 2299
3022 2301
2173 2727
2454 2900
2651 2569
2854 2649
3085 2512
2890 2442
2163 2492
2755 2597
3096 2572
2893 2085
2791 2573
3031 2279
4394 1467
2264 2670
3069 2686
1983 2327
2329 2733
3077 2767
2183 2728
2614 2677
3045 2656
3057 2682
2727 2114
2421 2744
3011 2194
2413 2727
3047 2812
2119 2310
2899 2451
2821 2107
2960 2144
2110 2643
1870 2287
2844 2014
2125 2340
3053 2367
2980 2346
2914 2462
2773 2131
2753 2596
3297 1730
1877 2287
2966 2772
2953 2482
2926 2719
2905 2663
2114 2266
2757 2752
3085 2504
2721 2485
3106 2575
3338 1752
2098 2483
2757 2165
2912 2770
4060 1274
2092 2385
2564 2571
2937 2525
3042 2341
3078 2504
2932 2703
3081 2466
2056 2658
2617 2621
2133 2437
3111 2514
2592 2709
2164 2444
2909 2483
2837 2243
2506 2782
2983 2354
2912 2093
2453 2747
2953 2490
2907 2745
3045 2324
3011 2786
2214 2465
2941 2122
2998 2348
2451 2668
2205 2429
1978 2309
3119 2547
2211 2442
2203 2389
2942 2096
2108 2803
2297 2673
3312 1753
2076 2278
2833 2117
3112 2617
2099 2610
2179 2430
3055 2111
2659 2570
2153 2805
2145 2344
3060 2486
1857 2351
2135 2287
3283 1771
2530 2754
2783 2005
2815 2589
2814 2491
2585 2614
2435 2699
3089 2153
2180 2745
2474 2752
2950 2474
2433 2699
2106 2720
3113 2509
3028 2142
2676 2473
1880 2329
3077 2726
2966 2145
2775 2202
3009 2260
2914 2737
2339 2750
3068 2499
2884 2096
2729 2116
2838 2390
3042 2641
2528 2801
2149 2688
2982 2605
2078 2878
3046 2143
2205 2527
4065 1271
3295 1733
2244 2752
2946 2397
3278 1951
3048 2122
2264 2467
3053 2359
3045 2807
3010 2220
2020 2286
2357 2717
2125 2464
2133 2469
1964 2286
2087 2640
2854 2233
2793 2024
2937 2392
2181 2825
2090 2397
2671 2472
2109 2617
1991 2323
2029 2690
2115 2383
2556 2627
3067 2735
2673 2694
3033 2804
2114 2624
2060 2662
3017 2545
2794 2673
3084 2472
2111 2614
2893 2753
2773 2558
2243 2200
2508 2782
2226 2755
2755 2603
2973 2226
2148 2545
2069 2697
3045 2335
2899 2450
3054 2787
2423 2662
2779 2587
2421 2659
2589 2681
3068 2507
2208 2514
2900 2405
2124 2344
2479 2819
1914 2352
2992 2589
2182 2707
2796 2603
2977 2605
2832 2067
2103 2823
2172 2422
2675 2558
2057 2334
2236 2211
2493 2927
3067 2493
2525 2807
2820 2198
2268 2690
2008 2367
2142 2345
3038 2339
2846 2089
2550 2761
2658 2591
2158 2687
2107 2465
2019 2341
2185 2260
3004 2133
2815 2618
2822 2068
2948 2409
2273 2680
3124 2501
2116 2429
2412 2846
3307 1799
2813 2608
2196 2756
2699 2524
2875 2426
2065 2286
3078 2771
2644 2665
2776 2007
2104 2340
2764 2529
2760 2554
2384 2689
3150 2638
2742 2154
2555 2668
2561 2595
3048 2788
2821 2411
2084 2638
2215 2200
2786 2458
2956 2475
2178 2421
2731 2115
2198 2257
2759 2573
2863 2097
2378 2742
2779 2477
2382 2731
2912 2119
2444 2853
2889 2832
2963 2484
2733 2505
3308 2084
2827 2017
2758 2035
3126 2557
1903 2324
2200 2427
3172 2505
2824 2204
3043 2635
3034 2675
2918 2714
2134 2808
1880 2277
3060 2736
2837 2252
2080 2782
2009 2318
3169 2500
2774 2198
2226 2464
2739 2656
2706 2705
2108 2856
2016 2257
2200 2745
2771 2184
2695 2484
3012 2237
2199 2766
2101 2478
2753 2747
3068 2730
2731 2491
2471 2866
3064 2765
2792 2655
2169 2818
2761 2124
2835 2130
2952 2479
2764 2815
3064 2737
3273 1940
2939 2101
2281 2687
2762 2059
3049 2797
2921 2718
2126 2583
3103 2579
2678 2474
2903 2510
2731 2101
2768 2181
3088 2799
3075 2450
2102 2486
3246 1773
2139 2446
2859 2102
2414 2718
2790 2022
2464 2700
2409 2876
2821 2685
2767 2023
2857 2109
2455 2938
2482 2839
2757 2567
3066 2381
2895 2669
2149 2340
2258 2691
2322 2675
2145 2273
2438 2678
3284 1807
2179 2824
2456 2940
2919 2497
2900 2753
2170 2704
2058 2723
3292 2074
2917 2418
2369 2743
2117 2806
2830 2135
2954 2479
2779 2162
3285 1795
2975 2229
3030 2237
2463 2949
2522 2767
2464 2750
2451 2764
1966 2293
3328 1775
2631 2487
2815 2676
2171 2595
2794 2120
3074 2753
3064 2701
3896 924
3273 1941
2762 2536
2927 2725
2074 2877
2771 2504
2745 2483
3130 2585
1867 2313
3083 2491
2138 2451
3054 2732
3284 1767
2323 2708
2434 2763
2974 2129
3083 2118
3263 1769
2329 2681
2074 2396
2873 2130
2939 2773
2445 2894
2105 2657
2082 2877
2803 2044
2161 2263
2783 2033
2111 2824
2937 2124
2600 2700
2253 2767
2901 2127
3036 2637
2772 2067
2158 2533
1917 2337
2180 2789
2131 2367
2202 2244
2459 2916
1875 2322
2944 2422
2103 2768
2498 2714
2688 2491
2167 2267
3093 2502
2082 2863
2399 2805
2928 2379
2946 2539
2762 2549
2331 2741
2566 2580
2175 2755
2579 2712
2437 2718
2414 2898
2065 2845
2744 2699
2750 2689
2129 2365
2072 2879
2765 2124
2123 2606
2946 2365
3082 2457
3241 1772
2753 2144
2765 2063
3070 2691
3070 2391
2907 2503
2348 2690
1983 2291
2016 2286
3162 2496
2124 2858
2520 2806
3079 2140
2679 2726
2147 2261
2326 2728
3127 2574
2793 2438
3007 2790
2154 2545
2246 2529
3057 2370
2377 2730
2485 2801
2930 2743
2868 2107
2759 2656
3123 2520
2780 2795
2768 2761
3051 2355
2106 2652
2129 2466
2980 2317
2726 2104
4064 1267
2830 2073
2431 2831
2481 2754
2110 2278
2283 2682
2904 2104
2661 2706
3064 2136
2631 2635
2459 2939
3127 2510
2158 2281
2806 2042
3286 1799
3113 2514
2682 2719
2998 2548
2104 2366
2423 2657
3110 2641
2695 2705
2180 2832
3263 1766
2962 2574
2060 2750
2091 2608
2973 2357
2894 2401
2455 2745
2627 2677
2736 2102
2450 2763
1873 2295
2777 2477
2396 2791
2875 2770
2326 2703
2770 2591
2437 2766
2918 2530
2133 2673
2979 2119
2639 2647
2491 2769
2449 2914
2641 2707
2783 2720
2911 2477
2061 2770
2910 2378
4042 1275
3248 1765
2917 2766
2782 2720
2433 2701
2116 2718
2145 2464
2884 2442
2514 2813
2734 2040
2038 2395
3121 2577
2122 2794
2761 2709
2878 2422
2053 2653
3053 2637
2747 2711
2202 2541
2801 2042
3028 2791
2242 2736
3120 2571
3011 2350
2238 2531
3100 2573
2777 2801
2975 2571
3042 2126
2810 2214
2910 2366
3167 2540
2199 2256
2783 2440
3064 2113
2212 2752
2902 2742
3087 2519
3049 2801
3082 2467
2776 2053
2839 2050
2756 2537
2087 2299
3064 2494
3042 2143
2733 2137
3030 2294
2801 2545
3300 1795
2120 2404
2225 2477
3011 2287
3297 1752
3169 2567
3019 2269
2895 2754
2901 2678
2510 2715
2138 2426
2103 2324
2779 2012
2438 2754
3063 2345
3054 2810
2948 2544
2769 2200
3104 2560
2852 2234
2752 2542
2590 2593
2822 2217
2770 2535
2628 2632
2801 2134
3296 2055
2380 2704
2635 2647
2585 2690
2964 2295
2914 2809
2746 2695
3052 2367
2051 2408
2173 2755
1873 2328
1965 2287
2751 2576
2977 2620
2913 2740
2244 2397
2057 2419
2148 2687
3118 2538
3019 2667
2429 2832
2207 2240
3087 2471
2927 2721
2804 2031
2163 2428
2860 2106
3330 1765
2685 2501
3298 1737
2450 2767
2375 2688
2955 2438
3140 2579
2782 2006
2821 2657
2817 2624
2019 2310
3113 2541
2079 2284
2569 2716
2103 2839
2132 2808
2721 2486
2205 2734
3354 1758
2976 2181
3127 2588
3013 2296
2172 2708
2960 2566
1962 2356
2811 2203
2183 2449
2136 2574
2846 2088
3044 2485
2458 2764
2641 2485
2157 2329
2844 2125
2605 2614
2801 2668
2574 2707
2524 2750
2800 2042
2873 2415
2123 2631
2814 2131
2104 2868
3027 2217
2125 2355
2027 2272
3060 2297
2498 2716
2986 2601
2879 2745
2125 2297
2897 2743
2682 2552
2805 2659
2748 2681
1979 2375
2111 2302
2787 2443
3105 2555
2945 2534
2705 2702
2546 2624
2909 2403
2150 2560
2504 2745
2793 2488
1965 2382
2981 2570
2843 2403
2011 2374
3282 1780
2064 2723
2609 2608
2077 2273
1871 2315
2192 2431
2855 2407
3440 1757
2589 2588
2455 2952
3434 1758
2016 2336
2244 2687
2149 2567
2115 2429
2344 2714
2748 2713
2938 2537
2068 2722
2243 2749
2962 2297
3029 2227
2984 2332
1930 2323
2467 2970
2806 2143
3345 1756
2805 2553
2723 2488
2910 2125
3033 2539
2078 2351
2908 2423
2777 2169
2824 2432
2513 2754
2688 2483
2416 2690
2450 2914
3013 2217
2176 2269
3146 2518
2766 2666
1899 2332
2832 2239
2367 2709
3935 926
2764 2796
2678 2478
2754 2496
3115 2594
2413 2730
2057 2661
2899 2395
2668 2611
2167 2439
3319 2054
3086 2493
4392 1469
2844 2392
2829 2647
2080 2297
2827 2410
3088 2138
1993 2277
3303 1732
2978 2404
2449 2837
2467 2667
3122 2551
1972 2302
3045 2123
2893 2746
2660 2590
2835 2652
1956 2372
3060 2803
2181 2261
2119 2343
2480 2707
2258 2763
3033 2220
2971 2610
2603 2693
2451 2752
2806 2497
2063 2651
2940 2491
2800 2428
1973 2371
3119 2538
3123 2526
3029 2294
2866 2665
2797 2587
2975 2401
3332 1739
2231 2386
3000 2572
2458 2962
2141 2430
2811 2440
2813 2619
2665 2570
2757 2562
2750 2669
2678 2736
2715 2487
2081 2275
3325 2061
3166 2565
2822 2615
2189 2528
2748 2034
2713 2717
3908 949
2444 2678
2831 2228
2237 2210
3026 2275
3053 2478
2186 2762
3044 2477
2756 2744
3033 2287
2163 2801
2164 2269
2057 2303
2574 2566
2224 2544
3100 2608
2453 2907
2488 2769
2175 2769
3071 2701
2827 2595
2216 2481
2910 2363
2949 2111
2222 2534
2810 2205
3279 1791
2170 2604
2077 2284
2897 2679
2102 2370
2465 2850
3063 2790
2322 2690
2118 2801
2488 2716
3027 2792
2828 2418
2654 2609
2009 2271
2231 2394
3277 1939
3042 2289
3078 2726
2540 2754
2825 2240
3071 2488
2200 2476
2861 2651
3054 2357
2751 2500
3074 2137
2023 2305
2196 2530
2233 2206
2759 2765
3076 2526
1986 2321
2926 2729
2737 2127
3100 2509
2826 2404
3305 1723
3050 2745
2932 2396
2141 2338
3905 915
2236 2455
2209 2396
3086 2798
2828 2019
2927 2397
2162 2257
2896 2667
2066 2775
2110 2865
2445 2754
3062 2493
2240 2465
2237 2752
2742 2669
2784 2181
3026 2301
2106 2280
2179 2428
3018 2131
2331 2693
2622 2619
1861 2295
2108 2836
3336 1751
2548 2667
2120 2344
3328 1735
2309 2674
2161 2448
2761 2550
2878 2102
2102 2642
3303 1746
2479 2737
2735 2742
3162 2518
3077 2768
2259 2722
2919 2730
2119 2802
2989 2559
2692 2490
2817 2467
2816 2686
2658 2597
2739 2105
2643 2460
2082 2711
2886 2435
2150 2454
2993 2344
1966 2285
3066 2445
2141 2276
2463 2700
3317 1754
1998 2328
3296 1736
2007 2283
3050 2351
3298 1837
2739 2666
2404 2785
2790 2469
2810 2439
2763 2128
1973 2376
1974 2331
3337 1749
2894 2773
2939 2117
3323 1770
2877 2433
2756 2536
2144 2810
2460 2878
1868 2356
2211 2744
2175 2440
2441 2713
2089 2618
2448 2666
2490 2851
2133 2468
3918 943
2442 2667
2555 2656
2122 2602
2581 2685
3113 2624
2467 2669
3017 2321
2915 2736
3048 2641
2667 2457
3074 2718
2738 2136
3123 2527
2458 2885
3300 1790
1883 2333
1905 2317
3236 1783
2403 2804
2173 2710
2753 2725
2128 2288
2059 2303
3077 2394
3056 2771
3067 2746
2150 2270
2673 2713
1977 2328
3011 2663
2100 2333
2493 2921
2141 2262
2735 2736
2766 2181
1883 2337
3306 1790
2218 2542
3057 2813
2824 2039
3020 2135
2128 2434
2822 2600
3024 2322
3027 2396
2434 2683
1980 2320
2150 2481
2065 2411
2756 2656
3059 2369
2177 2582
2913 2517
3113 2626
3023 2129
2971 2356
3941 934
2767 2786
2743 2103
2172 2822
2985 2129
3023 2830
2469 2760
2965 2774
3124 2489
3940 921
2379 2795
2935 2393
2074 2293
2308 2705
2766 2557
2964 2311
2276 2681
3326 1752
2814 2111
3024 2195
2845 2041
2170 2717
3057 2131
2159 2787
3117 2551
2687 2717
3346 1760
3296 1796
2759 2639
2721 2716
2315 2667
2222 2441
2104 2461
3316 2073
3919 916
2934 2393
3080 2397
2151 2451
3025 2229
2212 2709
2090 2344
2494 2750
3032 2827
2791 2442
2105 2477
2100 2367
2006 2272
2680 2735
2820 2620
2555 2648
1980 2285
2913 2808
2107 2657
2861 2399
2060 2334
2912 2115
1952 2316
2431 2695
2905 2507
2759 2683
2090 2360
3895 944
3044 2141
2414 2827
3060 2342
2098 2651
2667 2702
2383 2797
3105 2576
3080 2523
2411 2781
2808 2138
3076 2519
2935 2528
2770 2806
3170 2525
2004 2290
2108 2281
2086 2283
3043 2642
2786 2065
2833 2583
2115 2817
2324 2706
2035 2400
3068 2299
2822 2435
2441 2723
2945 2120
3105 2561
2964 2362
3023 2189
3299 1750
2768 2177
2506 2796
2641 2461
2121 2603
3113 2621
2386 2713
2479 2917
2514 2800
2764 2559
2041 2313
1994 2369
2135 2601
2430 2893
2779 2060
2893 2107
2986 2122
2108 2462
2581 2711
2174 2751
2329 2683
3340 1761
2640 2646
1880 2276
2427 2740
2736 2668
2735 2672
2953 2497
2933 2407
4043 1262
2655 2605
2108 2642
2060 2655
2152 2256
2227 2752
2951 2434
2111 2723
2372 2711
2923 2429
2331 2677
2435 2712
2131 2285
2751 2680
2211 2753
3055 2242
2437 2877
2909 2367
2102 2297
2087 2698
2762 2494
2040 2374
2136 2853
2349 2727
2390 2802
2965 2313
2566 2598
2644 2465
2503 2750
2796 2170
2976 2117
2779 2663
2753 2496
2610 2602
2238 2206
3068 2347
3052 2150
2434 2878
3069 2768
2267 2668
3924 916
2462 2945
3008 2243
3002 2795
2415 2874
3064 2502
3011 2251
2211 2239
2459 2847
3036 2510
3145 2576
2106 2795
2888 2823
2103 2477
3154 2564
2058 2686
2962 2403
2894 2375
2959 2552
2179 2516
2772 2792
1961 2325
2749 2135
2971 2568
3387 1909
2154 2355
2119 2422
3298 1725
2402 2829
2778 2438
3304 2055
2610 2688
3051 2675
2082 2316
2589 2591
2070 2294
2035 2376
2156 2429
2944 2400
2640 2628
2321 2721
1984 2322
2979 2616
2461 2725
2942 2504
2932 2373
2807 2193
2117 2663
3332 1763
3045 2516
2772 2795
2711 2486
2368 2690
2792 2462
2078 2397
2503 2794
2109 2651
2327 2729
2637 2482
2462 2733
2904 2136
2169 2721
2102 2621
2333 2703
2521 2804
3034 2212
2808 2179
2809 2131
4066 1230
2324 2695
2178 2688
2129 2367
2755 2811
2767 2590
3155 2572
3039 2337
2991 2346
2932 2799
3083 2493
2830 2413
3122 2635
2593 2614
2387 2723
2801 2601
2813 2497
3054 2803
2179 2719
2639 2462
3907 915
3061 2789
3317 2064
3424 1776
3100 2607
4066 1231
2764 2530
2683 2486
3049 2299
2064 2846
3069 2736
2467 2876
3015 2271
3920 941
2211 2396
2833 2135
3081 2699
3019 2263
2197 2242
2789 2432
2782 2168
2275 2703
2229 2535
2164 2265
2127 2594
2852 2237
3034 2305
2235 2460
2956 2562
2073 2850
2931 2737
2063 2748
2778 2035
2828 2425
2232 2396
3004 2674
3937 915
2800 2587
2735 2717
2950 2500
2915 2482
2774 2524
2207 2454
2201 2245
2108 2430
3067 2744
2119 2472
2399 2804
2882 2835
2112 2423
2903 2406
2354 2728
2921 2707
2008 2372
2749 2603
2053 2304
3082 2627
2940 2537
2016 2755
3260 1768
2201 2706
3050 2316
3082 2683
2187 2674
3051 2142
3297 2064
3940 934
2142 2589
2706 2489
3160 2505
2466 2969
3029 2326
2927 2471
2496 2720
3428 1759
2006 2367
2465 2846
3905 935
3110 2515
3303 1721
2877 2107
2744 2667
2649 2705
2464 2877
2689 2542
2883 2092
2829 2238
3239 1775
2851 2390
2943 2133
2051 2663
3030 2640
2458 2844
3310 1788
2448 2762
2453 2761
2590 2557
2053 2671
3169 2507
3029 2328
2593 2690
2137 2690
3304 1792
2823 2032
2098 2642
2670 2562
3060 2298
2770 2131
3063 2498
2773 2591
2472 2735
2785 2469
2194 2670
2813 2139
2912 2748
2191 2710
3318 1802
2241 2542
2838 2238
2692 2511
3931 913
1865 2359
2481 2704
2992 2135
2481 2806
2503 2761
2122 2420
2929 2703
2606 2617
2264 2471
2070 2714
2127 2353
2991 2621
2892 2821
2925 2471
2925 2740
2550 2706
2163 2794
3045 2237
2877 2773
2774 2135
2915 2115
2145 2244
2938 2762
3050 2492
2911 2380
2169 2592
2783 2469
2552 2757
2700 2534
2985 2135
2639 2666
2895 2773
2759 2635
2390 2691
2902 2436
2440 2714
2256 2690
2659 2697
2146 2688
3324 2052
2120 2670
2587 2615
3012 2287
2069 2402
2014 2343
2882 2832
2200 2417
2145 2601
2079 2277
2733 2100
2654 2558
2817 2669
2037 2322
3031 2359
2960 2580
2231 2390
2116 2848
2423 2836
2810 2603
3115 2551
2404 2729
2189 2739
2931 2385
2514 2798
2047 2692
2828 2584
2911 2746
2116 2638
3060 2344
2726 2123
2414 2692
2939 2112
2991 2577
2362 2697
2097 2850
2741 2104
2134 2430
2931 2745
3016 2309
2146 2599
3040 2164
2123 2414
2433 2880
2365 2722
3116 2575
2817 2478
2566 2599
3121 2550
2484 2851
3079 2451
3050 2363
3028 2797
2179 2525
2918 2715
3032 2212
2507 2773
2751 2552
2830 2228
1956 2371
2783 2586
2825 2587
3057 2482
2102 2874
2882 2416
2645 2607
2156 2690
2454 2939
1971 2342
2008 2328
3000 2138
3045 2383
2700 2521
2773 2537
2918 2791
1920 2318
2955 2293
2546 2719
2031 2756
3302 1725
2444 2855
2203 2468
2191 2742
2135 2283
2253 2481
2114 2860
1871 2335
2383 2744
2475 2854
2917 2397
2172 2811
2765 2062
2909 2802
2634 2711
3067 2725
2707 2703
2873 2768
2216 2480
2843 2369
2445 2853
2124 2376
2943 2516
1882 2277
3033 2817
2581 2698
2166 2429
2928 2702
3277 1772
3280 1787
2089 2619
2434 2891
2747 2741
2924 2730
2195 2693
1975 2333
2836 2401
2555 2661
2837 2077
2159 2333
2959 2558
2849 2101
2991 2359
2827 2645
1855 2345
2064 2278
2933 2738
2976 2235
2472 2757
3072 2486
1971 2274
2916 2443
2473 2863
2918 2697
3241 1775
3018 2513
3078 2485
2906 2662
2613 2629
2172 2429
3062 2697
2423 2686
2010 2354
3003 2193
2948 2371
2213 2435
2185 2686
2445 2915
2792 2658
2912 2453
2896 2105
3006 2245
2496 2713
2888 2840
2879 2109
2467 2875
2919 2527
2095 2853
2387 2818
2574 2674
2688 2499
2432 2697
2217 2402
2129 2442
2743 2663
2772 2123
2559 2628
2115 2618
2103 2843
2932 2729
2804 2132
2942 2557
3037 2162
3115 2595
2955 2399
2201 2396
2877 2123
2756 2498
2027 2281
2551 2668
2957 2566
2477 2709
2758 2757
2639 2707
2133 2349
2453 2916
2837 2262
3010 2258
2244 2489
2843 2012
1973 2299
2096 2779
2376 2719
3075 2495
2545 2636
2737 2506
2794 2554
2181 2832
3049 2503
2781 2470
2547 2711
3066 2700
2921 2475
2153 2814
2162 2680
3277 1949
2160 2807
2147 2690
2316 2672
3077 2132
2978 2238
2605 2709
2648 2608
3129 2584
2220 2403
2777 2036
3060 2816
1954 2326
3092 2611
3075 2498
2678 2733
2555 2589
2748 2030
2811 2549
2799 2142
2127 2440
2957 2477
2107 2304
2661 2585
2899 2744
2890 2438
2736 2509
2214 2544
2913 2681
3037 2213
2022 2371
2917 2474
2757 2764
2829 2661
2823 2435
2901 2750
3076 2725
2919 2691
2942 2119
2102 2646
2549 2719
2911 2365
1985 2322
2253 2725
2206 2385
2324 2687
2422 2746
2990 2346
2009 2274
1974 2330
2190 2528
3090 2567
2975 2215
2493 2745
2946 2294
2149 2479
2151 2478
3031 2660
2860 2653
2190 2831
3110 2604
2937 2383
3080 2685
2368 2727
2909 2806
2566 2581
2759 2498
3342 1761
2313 2673
2924 2529
2098 2779
2777 2198
2449 2772
3045 2810
2163 2821
3027 2236
2799 2545
2989 2139
2117 2451
3155 2570
2838 2090
2169 2530
2465 2848
2944 2367
2375 2707
3106 2587
2817 2626
2108 2822
2959 2549
3163 2568
3138 2587
2421 2945
3065 2785
2924 2516
1958 2374
2844 2369
2330 2703
2339 2694
2378 2801
2359 2732
2783 2503
2946 2426
2044 2692
2464 2874
2055 2778
2816 2477
2928 2474
2486 2733
2472 2890
3064 2497
3084 2506
1960 2288
2045 2309
2505 2782
3046 2636
2187 2265
2579 2702
2752 2509
2683 2716
2924 2397
3091 2700
3283 1780
2833 2242
2157 2579
2450 2954
2719 2525
2176 2522
3093 2489
2735 2025
2961 2545
3080 2455
2814 2129
3069 2704
2096 2784
2128 2444
2876 2430
3008 2676
2994 2340
2886 2112
3037 2638
3063 2715
2828 2670
3085 2482
2853 2388
2704 2487
4065 1231
1853 2366
2560 2710
3078 2699
2646 2710
3027 2282
2131 2370
2839 2262
3043 2808
2101 2641
2137 2288
3299 2053
3270 1941
2811 2558
2948 2122
2684 2700
2646 2457
2449 2770
3072 2116
2217 2395
2825 2054
2530 2733
2220 2191
2469 2761
2515 2780
2183 2262
3022 2546
2960 2120
2762 2645
2205 2393
3032 2232
3089 2619
2112 2460
3047 2289
2241 2199
2436 2669
2818 2139
2112 2625
2407 2835
2433 2763
2365 2698
2767 2557
2640 2444
2052 2325
1880 2352
2910 2775
2785 2438
2735 2035
2768 2763
2796 2193
3033 2280
2069 2710
2627 2679
2028 2271
3006 2198
2162 2430
1992 2330
2543 2726
2431 2676
2111 2628
2761 2640
2469 2925
2444 2854
2568 2559
2587 2619
2804 2019
2098 2846
3082 2628
2835 2653
2274 2666
2132 2688
2140 2264
3012 2346
2818 2468
2802 2186
3318 2085
3006 2136
2621 2678
2236 2206
2830 2222
2989 2605
2836 2660
2802 2051
2939 2123
2452 2903
2833 2012
2512 2816
2057 2414
2633 2677
2881 2094
2090 2310
2876 2116
2878 2433
2108 2655
2899 2453
3045 2485
2179 2431
2080 2849
2991 2574
2916 2110
2781 2164
2210 2427
2116 2423
2810 2453
2126 2376
2894 2663
3293 1735
3090 2628
1978 2328
2119 2865
2128 2635
2190 2762
2434 2701
2786 2655
2917 2110
3041 2201
2937 2125
3060 2810
2915 2498
2412 2898
2949 2369
2062 2720
3052 2283
2693 2537
2420 2883
2767 2660
2850 2102
3884 923
2124 2583
2223 2691
2908 2416
1885 2275
3067 2301
2601 2716
2746 2719
2063 2286
2233 2176
2773 2665
2786 2570
2490 2926
2896 2101
3018 2519
2228 2532
2549 2761
2445 2945
3040 2374
2941 2136
2201 2678
2209 2234
2829 2019
2625 2484
2664 2695
2923 2110
2760 2707
2847 2124
2144 2359
2552 2672
2822 2657
3278 1779
2839 2269
2219 2463
3058 2344
2295 2676
2028 2689
3074 2485
3302 1794
2923 2803
2949 2478
3060 2111
2443 2882
3012 2665
2475 2872
2251 2481
2103 2792
2565 2564
2970 2353
2307 2702
2420 2727
2240 2400
2774 2141
3145 2564
2257 2475
3148 2519
2814 2613
2208 2709
2098 2616
3074 2134
2248 2736
3138 2583
2562 2709
2198 2419
2943 2540
2487 2833
2415 2875
2819 2634
2984 2601
2221 2461
2883 2129
2537 2771
3089 2471
2718 2713
2470 2868
2942 2518
3247 1767
4062 1275
2557 2604
2702 2502
2547 2719
2999 2547
4070 1264
2494 2723
2883 2397
2028 2391
2328 2681
2801 2034
1880 2278
2660 2614
2106 2287
2919 2791
3278 1774
2109 2786
3039 2803
2774 2510
2773 2538
2751 2605
3083 2514
2842 2376
2815 2173
2104 2294
2563 2719
2342 2712
3302 1722
2707 2504
2065 2686
3302 1724
2688 2727
2044 2315
2167 2760
3034 2306
2803 2213
2730 2104
2845 2032
2769 2549
2918 2692
2822 2052
2759 2811
2285 2682
2076 2299
3007 2671
2875 2769
2905 2143
3019 2329
3074 2719
2916 2680
3074 2449
2988 2565
2676 2720
2061 2670
2753 2501
2718 2711
2389 2692
2556 2655
2948 2482
2866 2110
2735 2490
2774 2546
2182 2765
2207 2433
3312 2049
2749 2156
2909 2509
2043 2328
2706 2485
2412 2728
2435 2677
2156 2477
2594 2717
2426 2873
2536 2646
2102 2870
3009 2671
3018 2252
3054 2148
2944 2395
2752 2538
2911 2420
2928 2533
2784 2717
2822 2627
2686 2725
2751 2670
2045 2387
2338 2693
2221 2543
2743 2517
2989 2344
2657 2565
2290 2673
2441 2667
3301 1789
3058 2482
2531 2711
3308 1792
2768 2143
2451 2893
2789 2431
2136 2854
2842 2651
2831 2056
3049 2645
2150 2814
2732 2737
2581 2708
1872 2341
2103 2808
2954 2386
3102 2607
3943 925
2687 2726
2172 2812
2018 2293
3063 2247
2279 2666
2121 2721
2107 2469
2945 2133
2098 2650
2838 2264
2852 2039
2241 2200
2119 2405
2839 2389
2980 2626
1874 2362
2642 2663
2909 2476
3930 931
2424 2884
2868 2418
2913 2419
3074 2721
2052 2654
1953 2318
2526 2748
2921 2420
3034 2329
2639 2471
2658 2700
2242 2734
2353 2728
2693 2548
2809 2185
2767 2064
3084 2142
2837 2239
3308 2065
2408 2726
3093 2121
2773 2590
2144 2471
2741 2129
3307 2070
2667 2609
3320 2064
2998 2796
2775 2698
2668 2688
2582 2707
3084 2516
2910 2093
3438 1755
2852 2125
2412 2788
2517 2768
2193 2542
2585 2564
2100 2714
2406 2838
1920 2310
2153 2816
2095 2708
2663 2469
2494 2724
3062 2136
2828 2135
2201 2481
1969 2277
2465 2735
2864 2765
1974 2343
2824 2035
2557 2591
2814 2459
2175 2596
2934 2493
2154 2251
3030 2827
3038 2127
2457 2897
2846 2235
2196 2747
2776 2051
2050 2692
2136 2432
3022 2325
2656 2596
2136 2288
2363 2712
2131 2359
2735 2120
2050 2408
2144 2346
2790 2464
2426 2718
1963 2364
2392 2821
3065 2761
2642 2677
2915 2457
2449 2952
2432 2836
2437 2838
2456 2859
2161 2686
2001 2324
2205 2474
3072 2518
2379 2742
2531 2718
2009 2287
1987 2312
2542 2628
2181 2762
2440 2876
2917 2487
2445 2851
2445 2774
2991 2142
2524 2704
3080 2464
2834 2137
2508 2802
3034 2232
2486 2855
2646 2602
2117 2659
2414 2846
3108 2539
2786 2581
2011 2282
3043 2378
2698 2492
2210 2429
2437 2669
3069 2702
2993 2604
3038 2648
2139 2261
2140 2338
1873 2298
2551 2655
2747 2687
2956 2493
3114 2591
2154 2557
2981 2195
2211 2465
2008 2319
2326 2727
3310 1792
2975 2403
2940 2390
2754 2542
2693 2521
2915 2683
1856 2350
2417 2866
2110 2447
2560 2658
2791 2572
2483 2810
2072 2272
2695 2505
3075 2750
3065 2803
1986 2281
2028 2310
2819 2043
2089 2310
2591 2588
2144 2246
2135 2284
3024 2299
2470 2891
2753 2674
3041 2203
2073 2876
2789 2028
2873 2136
2740 2035
2960 2292
3110 2614
2468 2769
2560 2594
3019 2677
2689 2730
2189 2243
2642 2672
2485 2814
2015 2252
2836 2272
2778 2204
2799 2606
2913 2413
2887 2833
2431 2663
2556 2599
2175 2678
3090 2119
2289 2684
2107 2786
3310 1793
2786 2654
2125 2870
2753 2604
2442 2717
2070 2334
2035 2334
2966 2332
2962 2576
2906 2658
2053 2765
2585 2678
3333 1738
3163 2493
3069 2297
2651 2444
3333 1735
2557 2717
2736 2661
2531 2752
2172 2755
2816 2112
2649 2656
2237 2749
2377 2725
3304 1733
2816 2495
3328 2052
2954 2537
2492 2850
1979 2292
2204 2512
3290 2070
3932 927
2968 2399
3019 2223
3057 2778
3084 2504
4066 1267
2592 2555
2907 2812
2418 2890
3166 2499
2980 2597
2204 2392
2896 2669
3045 2143
3013 2263
3031 2676
2116 2659
2537 2710
3426 1759
2650 2565
2823 2176
3315 1777
2117 2721
2820 2441
3300 1741
3081 2450
2809 2130
2169 2761
3117 2591
2823 2105
2174 2811
2970 2569
2333 2679
3023 2297
2699 2533
2088 2777
2889 2825
2126 2336
2493 2748
2647 2635
2963 2568
2084 2827
3143 2638
2130 2874
2424 2660
2818 2044
2540 2752
2159 2325
4041 1276
3047 2298
3069 2388
2447 2673
2504 2792
3075 2639
1998 2336
2475 2827
2800 2600
2758 2708
2234 2472
2885 2088
2137 2575
2971 2215
2622 2683
3127 2566
1946 2334
2933 2771
2063 2300
2765 2668
2914 2117
1882 2341
3060 2290
3272 1794
2337 2701
1916 2343
2889 2401
2072 2784
3071 2756
3435 1760
3069 2701
3021 2516
2892 2110
2745 2706
3086 2682
2364 2705
3070 2125
2132 2874
2648 2706
2289 2675
2793 2200
2127 2813
2913 2502
2806 2133
2461 2891
2864 2097
3017 2264
2226 2189
2587 2670
3074 2688
2085 2313
2218 2479
2466 2666
2766 2180
2841 2380
2203 2446
2746 2697
2131 2602
2766 2130
2437 2673
2838 2116
2830 2220
2907 2689
3311 2053
2970 2316
3318 2042
2820 2631
2182 2763
2780 2005
3085 2723
2110 2277
2836 2027
3330 1766
2773 2196
3083 2132
2919 2519
2942 2540
2052 2328
2146 2287
2317 2666
3054 2638
2685 2726
2765 2642
3067 2519
2901 2128
2429 2874
2201 2409
3337 1771
2848 2054
3058 2687
2206 2389
2558 2611
2534 2727
3026 2307
2185 2731
2101 2650
2165 2433
2452 2874
2619 2679
3003 2791
3127 2483
3135 2581
2228 2199
1971 2353
2121 2805
2330 2677
2205 2468
3070 2626
2855 2398
2677 2475
2253 2718
2956 2492
2260 2720
3006 2333
2999 2272
2132 2637
2221 2399
2518 2782
2128 2297
2882 2398
3127 2587
2120 2392
2175 2765
2916 2457
2046 2325
1915 2341
2407 2793
2206 2735
3049 2781
2444 2850
2901 2440
3349 1757
2829 2665
2995 2139
2450 2952
3032 2222
2867 2135
3032 2127
3067 2752
2867 2094
2075 2394
3116 2536
2759 2143
2446 2940
2457 2877
2103 2485
2768 2588
2492 2834
2041 2406
2077 2283
2880 2095
3110 2538
2809 2460
2630 2444
2224 2536
2511 2716
2799 2188
2851 2385
2913 2367
2192 2481
3029 2305
2498 2718
2490 2805
2777 2168
2157 2762
2071 2268
2917 2440
2778 2173
2853 2651
2140 2281
2203 2756
2422 2887
2756 2157
2982 2138
2436 2684
4065 1232
3081 2464
2000 2279
2128 2445
2025 2765
2104 2473
2818 2454
2161 2782
2624 2446
2839 2080
2338 2747
2757 2820
3064 2110
2941 2390
2566 2711
2893 2831
2882 2759
2111 2420
3235 1780
1993 2284
2471 2726
3427 1770
2532 2766
3058 2354
2098 2849
2835 2380
2084 2777
1971 2341
2106 2653
2414 2737
2339 2703
2207 2458
3291 1733
1914 2316
2128 2711
2756 2775
2125 2337
1917 2333
2134 2424
2683 2695
2747 2707
3307 1789
2540 2753
2088 2621
2120 2405
3037 2636
2682 2553
3032 2654
3000 2132
3028 2345
3168 2519
2819 2179
2772 2507
3019 2309
3060 2441
2961 2293
2384 2697
2982 2611
2996 2339
2918 2475
2950 2114
3295 2056
2589 2583
1864 2336
2873 2769
2972 2124
3328 2069
2239 2529
2076 2275
3012 2539
2965 2543
2753 2696
3061 2735
2492 2926
2800 2035
2185 2830
2857 2656
3047 2143
2026 2762
2639 2646
2425 2663
2838 2025
2096 2309
2985 2139
2335 2753
2566 2661
2830 2064
2137 2673
3028 2310
2205 2383
2114 2672
3266 1942
2413 2842
2748 2027
2148 2290
2334 2755
2850 2046
2143 2277
2765 2133
2783 2018
2457 2954
2159 2477
2178 2747
2753 2482
2227 2468
3022 2192
3043 2236
4063 1274
3138 2586
2909 2808
2014 2375
2825 2637
2228 2200
3045 2299
2649 2593
2936 2735
3012 2249
3052 2345
2908 2687
3029 2345
2586 2614
2874 2117
2902 2689
2938 2116
2171 2437
2229 2186
2940 2393
3117 2479
3071 2296
2778 2480
2137 2355
2751 2607
2468 2770
2739 2732
3081 2144
2319 2660
2433 2748
1878 2353
2259 2714
2913 2690
2123 2876
2115 2381
2091 2341
2067 2655
2958 2149
2178 2692
3169 2504
2019 2286
2792 2678
2105 2476
1986 2320
2816 2615
2072 2835
2411 2871
2080 2312
3012 2181
2598 2694
3132 2069
2412 2828
1860 2332
2837 2266
2179 2724
2505 2747
2456 2896
2133 2344
2413 2698
2975 2608
2989 2143
2898 2676
2914 2401
2087 2394
3164 2517
2870 2396
2141 2283
2586 2690
2435 2764
2151 2815
2725 2711
2443 2848
2473 2917
2156 2801
2524 2806
2139 2447
2910 2402
2364 2700
2143 2678
2770 2183
2766 2062
2420 2839
2096 2379
2143 2259
3291 1737
2216 2403
3315 2086
2936 2528
2802 2445
2795 2556
3014 2239
2168 2267
2461 2878
2823 2659
2412 2893
3064 2347
2763 2707
2961 2484
3087 2631
2779 2474
2434 2746
2648 2569
2188 2729
2436 2888
2015 2321
1915 2346
1918 2307
2932 2770
1913 2344
2737 2662
2756 2029
2203 2398
3064 2763
2884 2103
2792 2130
2778 2800
2199 2748
2112 2619
2886 2402
2870 2765
3042 2140
2259 2472
2824 2047
2908 2681
1993 2345
2106 2836
2774 2504
2839 2079
3057 2793
2898 2367
2156 2812
2519 2786
2759 2499
3257 1770
2478 2836
2756 2772
2598 2604
2762 2531
3293 2076
2413 2731
2919 2480
2882 2763
2334 2680
2441 2755
3083 2141
3113 2625
2775 2155
2746 2721
2666 2567
2136 2355
2691 2710
2937 2123
2921 2687
2875 2747
2081 2641
2463 2912
2796 2130
2898 2394
3003 2553
3075 2753
2540 2658
2362 2696
2210 2198
1870 2362
2565 2607
2438 2705
3273 1732
2747 2671
2862 2399
2108 2439
2316 2717
3018 2528
2764 2521
3142 2576
2956 2129
2148 2474
3031 2397
2440 2842
2874 2431
3046 2288
2798 2551
2164 2720
3121 2482
2010 2293
3009 2187
2163 2274
2896 2403
2426 2835
2753 2580
2494 2721
2113 2306
2080 2647
2465 2745
2672 2562
2229 2524
2999 2596
2760 2597
3119 2635
3054 2108
3067 2127
2976 2571
2084 2348
3080 2419
2828 2419
2818 2113
2792 2126
3106 2561
2946 2507
2809 2453
2150 2256
2403 2720
2683 2697
2469 2923
2229 2761
3073 2493
2947 2552
2963 2300
2917 2763
2191 2542
3035 2347
2112 2622
2918 2468
2642 2445
2784 2484
3021 2284
2433 2836
2082 2297
2741 2123
2834 2138
2750 2716
1863 2337
2808 2558
2690 2711
3045 2371
2760 2779
2881 2435
3261 1765
2748 2658
2248 2484
3310 2089
2765 2515
2900 2094
3053 2685
2295 2674
2421 2885
3903 929
2901 2676
2536 2627
2079 2645
2144 2678
2912 2687
2253 2479
2820 2693
3070 2688
2139 2263
2873 2433
2903 2370
3300 2048
2342 2689
2251 2695
3078 2510
3015 2221
1916 2338
2774 2556
2213 2498
2887 2422
2119 2626
2256 2714
2311 2699
2814 2178
2167 2428
2763 2809
2124 2284
2917 2800
2476 2754
2930 2378
2649 2655
2433 2939
2585 2713
3048 2812
2930 2110
2935 2380
2804 2208
2558 2658
2014 2337
3245 1762
2419 2897
1912 2338
2021 2334
3321 1730
2127 2342
2149 2476
2753 2034
2086 2697
2126 2444
3058 2299
2863 2413
2096 2333
2117 2422
2834 2073
3907 948
3254 1769
2658 2606
2281 2671
2937 2536
2127 2370
2098 2778
2594 2678
2143 2237
2231 2749
3089 2624
2756 2145
2085 2633
2235 2169
3052 2242
2821 2181
3015 2227
2032 2323
2217 2534
3065 2760
1945 2314
2859 2401
2426 2832
2413 2724
1870 2281
2795 2572
1880 2351
2852 2395
2782 2033
2521 2802
3034 2219
2737 2653
2097 2332
2910 2687
2464 2746
1873 2311
2198 2692
2026 2370
2964 2145
2954 2402
2957 2289
2753 2033
3038 2343
3081 2791
2211 2200
3059 2699
2091 2360
2759 2166
2685 2706
2778 2143
3104 2576
2080 2300
2337 2697
2108 2324
2546 2728
2971 2228
1856 2349
3338 1760
2818 2206
2768 2139
2023 2340
2054 2415
2508 2800
3014 2332
2206 2426
3070 2390
2643 2678
1904 2333
2588 2557
2021 2300
2785 2719
2310 2670
2147 2280
2089 2653
2920 2473
2762 2648
3904 914
2643 2464
2138 2351
2777 2537
3324 2087
3089 2474
2112 2818
2761 2593
2799 2435
3050 2478
2320 2668
2162 2443
3129 2516
1983 2288
2445 2852
2115 2848
2484 2849
2155 2558
2493 2818
2979 2577
2756 2534
2833 2089
2162 2265
2254 2718
3311 2057
2441 2845
2749 2030
4065 1267
3347 1758
3258 1770
2820 2579
2535 2758
2910 2421
2184 2453
2145 2437
2640 2460
3047 2656
2558 2628
2201 2705
2981 2617
2556 2660
2963 2141
2162 2758
2186 2454
2097 2385
2411 2873
2828 2400
3161 2506
2159 2437
2025 2370
2382 2804
1969 2329
2832 2042
3505 1752
2088 2313
3064 2446
2426 2941
2069 2856
2746 2677
2545 2756
2003 2328
2015 2293
3103 2514
2546 2623
2433 2750
1954 2371
2056 2663
2056 2301
2091 2774
2121 2800
2770 2558
3066 2761
2635 2605
2984 2571
2163 2587
2644 2666
2204 2714
2143 2234
2202 2475
2188 2765
2456 2959
2806 2558
3307 2065
3066 2477
2183 2791
2122 2856
2840 2240
2670 2484
2772 2185
2578 2706
3074 2635
2518 2784
2786 2500
2898 2454
2951 2539
2196 2755
3129 2579
2084 2739
1995 2345
2947 2774
3027 2541
3028 2377
2674 2562
2163 2802
2621 2673
2914 2720
2954 2442
2110 2828
2207 2389
3048 2382
2117 2310
2421 2742
2542 2728
2069 2271
2899 2367
1890 2336
2747 2515
3014 2264
3141 2640
3054 2792
2207 2471
2512 2750
3075 2695
2837 2073
2298 2671
2740 2139
1971 2301
2582 2558
2904 2097
2175 2427
2116 2381
2791 2663
2441 2914
2826 2682
2118 2798
2563 2568
3119 2508
2105 2431
4043 1270
2751 2725
2915 2119
3315 2085
3332 2068
2179 2761
2884 2427
2099 2377
3002 2268
2909 2684
2460 2748
3130 2517
2802 2658
2370 2690
2016 2748
2106 2472
2698 2705
2253 2482
3060 2367
2207 2710
2295 2670
2161 2492
2856 2666
2837 2055
3074 2316
2940 2560
3051 2143
2676 2697
2178 2687
2061 2663
2931 2483
2079 2311
2093 2380
2124 2631
2667 2460
2558 2603
2882 2110
2590 2601
3428 1758
2031 2688
3070 2295
1999 2326
3024 2805
2823 2682
2921 2530
2181 2766
2877 2105
2846 2033
2864 2412
2171 2800
2107 2303
2422 2661
2048 2771
1989 2283
2190 2710
3076 2422
2094 2314
2909 2479
2766 2538
3023 2202
2838 2017
2959 2128
1974 2337
2107 2306
3331 1730
2109 2324
3027 2306
3026 2244
1892 2331
2127 2583
2179 2723
2903 2091
2780 2171
3062 2700
2869 2661
2775 2793
2702 2532
2155 2332
2107 2823
2011 2266
2534 2729
2278 2701
2427 2690
3059 2499
3084 2113
2821 2660
3934 923
2835 2377
3908 946
2881 2104
2203 2531
2788 2167
2671 2618
2154 2246
2479 2930
2963 2138
2925 2428
2944 2494
3142 2564
1915 2337
2149 2256
2538 2651
2549 2645
2147 2565
2235 2468
2505 2750
3018 2304
2876 2437
2160 2486
2959 2115
2258 2725
2913 2703
2443 2748
2889 2400
2787 2492
3012 2548
2161 2566
2954 2770
3073 2720
2962 2296
3022 2303
2827 2584
1957 2328
2053 2727
3044 2791
2888 2097
2183 2729
3019 2201
2663 2483
2812 2484
2093 2313
2841 2130
2935 2719
2168 2485
2479 2858
2772 2799
2120 2302
2534 2646
2101 2773
2774 2134
2834 2583
3127 2571
3266 1770
3115 2634
2480 2817
2238 2732
2212 2194
2979 2594
2155 2591
2852 2411
2804 2043
3429 1764
2471 2770
2907 2465
2117 2275
2768 2805
2108 2663
1869 2347
2755 2151
2446 2673
3036 2367
2467 2744
2885 2436
2443 2842
2941 2389
2982 2612
2777 2016
2642 2459
2152 2334
3131 2513
3033 2798
2680 2477
2995 2595
3016 2130
2909 2474
3067 2743
2502 2755
2989 2621
3069 2128
3087 2512
2924 2514
2679 2723
1922 2321
3056 2158
2798 2449
3099 2122
2612 2619
2394 2826
2775 2665
3263 1765
2799 2456
2764 2641
3011 2253
2125 2861
2757 2819
2078 2845
2239 2692
3013 2671
2916 2725
2832 2095
2839 2057
2986 2602
2439 2751
2482 2810
2910 2440
3073 2753
3039 2340
2030 2756
2995 2629
2705 2503
3092 2731
3079 2795
2088 2854
2910 2810
2825 2110
2952 2368
2452 2672
2776 2047
2094 2789
3097 2506
3018 2363
2231 2392
3315 2071
3028 2361
2735 2509
3062 2789
2784 2071
2192 2835
2926 2742
2503 2760
2159 2783
3311 2082
3041 2653
2157 2580
2998 2268
2093 2855
2489 2810
3058 2436
2381 2710
3031 2803
3048 2495
2115 2446
3084 2716
2784 2584
2800 2031
3112 2618
2861 2236
2908 2437
3055 2360
1982 2338
2109 2809
3320 1775
2668 2710
2272 2669
2747 2708
3318 2045
3441 1753
2494 2711
2927 2114
2581 2669
2775 2040
2263 2670
2461 2976
2467 2871
2030 2273
2630 2441
2794 2488
2908 2663
2416 2955
2164 2358
2001 2350
3332 1767
2847 2035
2151 2268
2631 2485
2760 2542
2502 2750
3058 2348
3122 2590
2167 2485
2802 2201
2548 2644
3065 2479
1968 2291
2771 2068
2128 2335
3907 936
2918 2485
3064 2337
2785 2429
3158 2581
3010 2541
2550 2626
2059 2335
1876 2325
2475 2955
2835 2232
2976 2361
2546 2715
2755 2598
2246 2478
2707 2532
3085 2716
2139 2347
2743 2685
2315 2719
3271 1946
2121 2877
2316 2699
2596 2579
2119 2406
2773 2802
2015 2776
3021 2360
2759 2059
2383 2691
2938 2490
2983 2618
2835 2257
2248 2194
2122 2636
2898 2147
2818 2686
2172 2431
2757 2776
1915 2348
2036 2393
2814 2460
2052 2772
1900 2330
2478 2946
2123 2638
2065 2844
3121 2591
2241 2733
2448 2673
2662 2708
2854 2237
2916 2809
2839 2120
2532 2730
2166 2531
2388 2816
3038 2136
2822 2636
2165 2443
2415 2955
2835 2657
2169 2424
2236 2462
2145 2476
3024 2821
2974 2410
2098 2280
2834 2076
2912 2681
2832 2108
3036 2668
2967 2769
2119 2805
2535 2636
2130 2445
2566 2563
1991 2334
3087 2461
2636 2441
2770 2699
2219 2531
3012 2264
2748 2742
2659 2704
3029 2519
2250 2708
2914 2689
2755 2706
2215 2476
3156 2570
2964 2297
2823 2660
2103 2769
3051 2368
3315 1771
2098 2645
3014 2257
2467 2858
2736 2139
2657 2561
2798 2203
2815 2498
2160 2823
2201 2464
2886 2756
2061 2735
1962 2323
3058 2731
2696 2488
2257 2714
2168 2261
2470 2935
2293 2675
3138 2591
2801 2666
2030 2376
2123 2737
2157 2785
2138 2285
2482 2738
2835 2650
1874 2359
2139 2692
3098 2611
2162 2436
3059 2344
2077 2316
3069 2626
2422 2725
3018 2189
2856 2657
2178 2267
2115 2385
3154 2580
1946 2332
2881 2419
2282 2679
2649 2654
2124 2466
3340 1759
2342 2709
2482 2768
2774 2721
2108 2647
2835 2056
2792 2186
2531 2732
2973 2225
2942 2537
2244 2205
2780 2531
2686 2549
2114 2433
2946 2545
2009 2339
2122 2618
2816 2036
2749 2546
2785 2426
2518 2771
3076 2134
2189 2249
2002 2328
3297 2063
2947 2550
3083 2449
2109 2803
3008 2677
2920 2498
2179 2738
3165 2518
2183 2782
2436 2877
2909 2778
2161 2565
2839 2082
2964 2328
2924 2746
2989 2573
3170 2526
2445 2678
1954 2327
2797 2454
2159 2334
3049 2483
4060 1267
2019 2348
2148 2264
3011 2667
2854 2401
2772 2796
3096 2582
2943 2564
2070 2758
2783 2072
2108 2427
2820 2216
2623 2627
2202 2242
2823 2411
2133 2423
3049 2812
2157 2355
2953 2499
3019 2302
2068 2721
2197 2419
3026 2527
2548 2760
2878 2434
2127 2593
2159 2692
1991 2327
2593 2699
2123 2625
2689 2541
2335 2697
3032 2531
2404 2799
2778 2157
2828 2594
2095 2385
2784 2673
3091 2115
2647 2462
4069 1269
2119 2876
2593 2612
2173 2718
2104 2300
2046 2764
2762 2665
2123 2298
2669 2471
3017 2546
2169 2535
2752 2061
2057 2679
3012 2787
2728 2125
3032 2825
1940 2322
2795 2038
3164 2568
2782 2153
4043 1275
2541 2723
3031 2218
2739 2104
3066 2639
2133 2287
2843 2389
2362 2720
2819 2199
2243 2490
2809 2046
2405 2878
2230 2401
2544 2628
2517 2786
1918 2309
2874 2107
3909 939
3056 2814
2129 2402
3923 918
2733 2683
2727 2492
2219 2753
2759 2654
3907 922
2054 2654
2917 2776
2638 2609
2456 2962
2133 2352
4039 1261
2178 2263
2652 2700
2393 2805
4390 1469
2869 2664
2990 2579
2885 2656
3169 2520
2804 2583
2411 2827
2195 2522
2032 2749
2825 2666
2437 2761
2188 2467
2410 2892
2871 2415
2761 2597
2012 2253
3894 922
2231 2182
2970 2179
1995 2276
2279 2667
2475 2706
3053 2488
2666 2558
3072 2773
2113 2451
3932 930
3082 2685
2878 2769
2834 2377
2344 2691
2057 2335
3027 2377
2251 2726
2999 2346
2104 2808
3103 2601
1965 2355
2119 2624
2931 2530
2975 2220
2852 2389
2913 2456
2679 2719
2208 2429
2158 2339
3059 2791
2124 2580
2869 2134
2153 2480
2778 2499
2437 2913
3057 2133
2651 2600
3332 1732
2105 2834
2214 2387
3043 2336
2800 2037
2193 2696
2876 2659
2115 2814
3077 2685
2167 2437
2423 2824
2689 2494
2153 2430
1863 2358
3324 2079
2199 2544
2668 2465
3027 2398
2868 2134
2812 2550
2639 2616
3091 2117
2979 2566
2751 2577
2956 2484
2883 2823
2054 2685
3060 2499
3088 2489
3258 1768
2440 2914
2462 2916
2476 2830
3329 1766
2759 2589
1979 2327
2385 2691
2248 2737
2412 2845
3064 2728
2599 2604
2165 2258
2111 2464
2999 2550
1866 2316
2746 2661
3050 2347
2642 2620
2969 2396
2593 2692
2766 2517
2124 2448
2477 2736
3036 2673
2966 2221
2175 2719
2791 2576
2800 2443
2419 2944
2945 2421
2816 2111
2832 2048
4064 1274
1912 2337
2096 2382
2198 2528
2471 2920
2404 2828
3061 2137
2210 2382
2066 2408
2841 2028
2750 2023
2567 2717
3008 2667
2119 2661
2212 2474
2751 2613
2466 2961
1902 2321
2645 2678
3314 2073
2070 2847
2214 2432
2873 2658
2490 2823
1994 2276
2938 2418
2803 2583
2735 2686
3311 1784
2827 2662
2456 2903
3326 1774
2210 2466
2221 2754
2363 2720
2486 2758
2516 2813
2883 2105
2102 2428
2940 2136
2481 2803
2783 2036
3067 2108
2574 2565
3000 2554
2470 2853
2724 2718
2682 2696
3330 1780
2490 2716
2322 2694
3103 2610
2065 2846
2412 2937
3072 2433
2735 2741
2031 2375
2667 2470
2878 2111
2457 2948
2697 2534
2322 2703
3112 2552
2691 2546
2461 2844
2657 2694
2452 2754
2560 2592
3012 2250
2106 2629
3065 2625
3093 2608
2990 2133
3024 2793
2080 2274
3068 2437
2762 2499
2730 2492
2143 2679
2134 2292
2826 2142
3038 2342
3234 1778
2128 2353
2884 2659
2773 2195
2917 2719
2782 2466
2931 2728
2927 2111
2454 2761
2622 2628
2766 2024
1994 2280
3284 1792
1965 2378
2967 2486
2964 2135
3123 2528
2097 2838
2390 2809
2883 2093
2913 2735
2415 2877
3094 2570
2478 2741
3310 1791
2742 2034
2796 2571
3102 2554
2819 2604
1879 2296
2948 2497
2359 2712
3025 2540
2117 2818
2008 2374
2374 2736
3156 2515
2852 2124
2838 2661
2558 2718
2819 2143
2140 2816
2179 2718
2768 2188
3143 2572
2810 2550
2551 2708
3008 2242
3894 942
2913 2688
3053 2314
3238 1774
2463 2950
2163 2785
2775 2804
2464 2667
2217 2507
2262 2477
2876 2436
3309 1782
2089 2853
2474 2955
2823 2690
2047 2305
2633 2625
2765 2041
2372 2695
2778 2484
2482 2739
3060 2487
2516 2706
3037 2302
2788 2468
2895 2744
2955 2540
2139 2818
3078 2426
1871 2282
2955 2116
1996 2342
3098 2608
2916 2483
2542 2649
2885 2129
2068 2652
2720 2717
3334 1770
3028 2369
3316 1751
2261 2714
3294 1753
2154 2539
2243 2474
2148 2288
2005 2316
2459 2881
2184 2674
2750 2026
2938 2799
2529 2804
2849 2230
2766 2658
3024 2196
3153 2515
2188 2255
2470 2867
2891 2835
3265 1767
2553 2671
2473 2912
3075 2512
2898 2433
2902 2814
2827 2400
2184 2456
2160 2797
2211 2752
2418 2953
2784 2145
2989 2577
2810 2455
3055 2361
3031 2827
2851 2120
2181 2728
2234 2394
2919 2530
2479 2740
3090 2489
2102 2808
2140 2597
2729 2108
2814 2663
2103 2289
2027 2279
2979 2224
2555 2599
2805 2189
3036 2640
2501 2789
2807 2213
2019 2346
3065 2759
2096 2783
2810 2479
2506 2755
2788 2674
3015 2308
2156 2439
2672 2734
2907 2412
4036 1261
2362 2711
2917 2486
2770 2804
2946 2428
2176 2425
3929 913
2973 2239
2132 2433
2935 2720
2991 2133
2074 2740
2029 2365
2262 2762
2781 2006
2376 2727
1866 2359
2238 2401
2983 2594
2773 2145
2498 2709
3116 2623
2772 2203
2053 2773
2478 2963
2269 2690
2978 2332
2792 2460
2098 2836
4070 1265
2716 2713
2912 2131
2934 2376
2838 2026
2689 2543
1876 2349
2814 2667
2088 2656
3321 2062
3154 2582
2960 2483
2158 2431
2839 2648
3013 2294
2141 2468
2472 2861
2878 2126
2121 2454
2437 2706
2738 2140
2991 2630
2775 2659
2873 2397
3899 920
3127 2500
2639 2705
2692 2537
3285 1796
2685 2721
3027 2221
2947 2473
2836 2251
1968 2373
2179 2747
3106 2509
2160 2800
2018 2379
2776 2503
4037 1270
3426 1776
2590 2691
2938 2527
2946 2413
2921 2491
3089 2140
2910 2500
2745 2025
2836 2015
2787 2572
3086 2719
2821 2477
3071 2751
2791 2457
2094 2645
2989 2349
3073 2694
2770 2142
2890 2824
2430 2675
2813 2137
2753 2541
2984 2344
2891 2652
2841 2082
2240 2212
2829 2664
2826 2592
2832 2648
2981 2563
2434 2695
2533 2765
1960 2322
2470 2738
2658 2607
3122 2500
2676 2693
2865 2663
3051 2683
2570 2709
2908 2465
3046 2228
3011 2539
2874 2396
2619 2685
2028 2364
2985 2350
2846 2041
3073 2693
2082 2850
2804 2051
2188 2829
2149 2466
2108 2463
2486 2731
2418 2828
3310 1796
2147 2464
3067 2709
2844 2393
2631 2633
2473 2662
3058 2359
2065 2716
2482 2850
3015 2665
2875 2134
2104 2286
4053 1266
2202 2709
1974 2301
3031 2806
2014 2267
3145 2574
2120 2823
2780 2076
3162 2507
3944 932
2070 2787
2463 2936
2180 2599
2530 2715
2645 2643
2785 2032
2245 2198
2074 2290
2158 2333
2674 2456
2268 2679
2230 2186
2516 2811
2914 2514
2959 2541
3079 2792
3067 2448
3050 2354
2642 2451
3105 2615
2436 2722
2773 2122
2413 2726
2435 2884
2496 2743
2740 2138
3331 1735
2744 2137
2112 2459
2148 2690
2779 2498
2097 2371
3030 2818
2025 2293
2941 2397
2824 2203
2112 2862
2148 2239
3028 2205
2144 2601
2914 2404
1961 2354
2789 2186
2148 2459
2170 2708
2883 2658
2797 2579
2770 2809
2911 2773
2080 2773
2375 2694
2082 2317
3067 2720
2513 2751
3117 2538
2159 2684
2225 2757
2308 2674
2877 2403
2577 2673
2882 2406
3110 2575
2308 2698
2447 2846
3056 2136
2836 2381
2429 2747
3024 2546
2486 2760
2089 2620
2956 2566
2899 2454
2093 2385
3030 2531
2421 2824
2087 2406
1875 2350
3272 1780
2497 2917
2267 2694
2464 2718
2891 2778
2575 2677
3019 2202
2476 2934
2825 2103
3017 2333
3028 2204
2052 2668
3055 2293
2015 2314
2510 2803
3325 2056
2968 2572
2775 2060
2195 2478
2184 2673
3069 2390
2813 2440
2165 2270
2555 2660
2966 2359
2967 2124
2001 2351
3315 2044
2650 2450
3054 2685
2454 2914
2818 2469
2270 2669
2481 2762
2169 2485
2538 2637
2604 2708
2922 2477
2087 2408
2239 2696
2838 2391
2127 2344
2141 2598
2070 2300
2564 2715
2187 2679
2406 2787
3048 2478
2130 2637
3072 2509
3001 2573
2024 2327
2097 2649
2990 2564
2757 2708
2774 2133
2069 2270
3315 2075
3062 2139
2148 2275
2824 2412
2787 2494
2401 2795
2198 2695
2747 2517
2244 2708
3044 2812
3067 2691
2786 2429
2693 2536
1992 2310
2126 2673
3135 2634
2151 2256
2812 2447
3020 2788
2816 2177
2823 2470
3018 2136
3055 2240
3035 2374
2138 2427
2799 2576
3301 1747
2905 2402
2468 2746
2133 2282
2074 2717
2195 2755
2780 2710
2615 2684
2884 2089
2016 2255
2756 2571
2903 2436
2083 2731
2153 2691
2036 2688
3016 2273
2636 2452
2107 2629
3309 2052
2617 2668
2087 2356
2912 2412
2659 2703
2556 2612
3106 2508
2212 2762
3075 2396
3065 2799
2115 2455
2562 2565
2734 2139
2155 2475
2830 2404
3127 2573
2017 2772
2550 2656
2807 2611
1956 2326
2842 2119
2824 2137
2074 2271
2837 2260
2760 2665
2396 2825
2330 2676
2093 2302
2733 2503
2165 2801
2008 2272
2002 2290
2888 2832
3590 1822
2826 2400
2236 2177
2782 2491
3058 2346
2894 2658
2113 2436
2424 2834
3082 2455
2113 2390
2409 2844
3062 2711
3430 1776
2639 2460
2829 2064
3048 2316
2095 2345
2455 2844
1976 2298
2200 2401
2011 2283
2591 2584
2950 2473
2207 2241
2342 2708
2811 2449
3069 2636
2944 2366
2033 2388
2138 2263
2958 2777
3007 2333
2977 2403
3065 2435
2198 2749
2159 2435
2214 2201
3069 2778
2922 2481
2453 2876
3062 2492
2819 2176
2432 2763
2657 2597
2902 2740
2102 2304
3018 2669
2108 2811
2812 2186
3057 2439
3163 2510
2177 2586
2402 2900
2753 2680
2157 2357
2885 2770
2778 2182
2830 2257
2817 2210
2149 2553
2143 2569
2906 2678
2096 2780
2243 2489
2069 2833
2018 2769
3037 2231
2815 2475
2042 2325
2749 2667
2725 2493
2829 2139
2566 2586
3047 2645
2756 2572
2761 2778
2115 2386
2671 2469
2803 2185
2805 2052
2007 2370
2866 2406
3052 2732
2953 2370
2421 2740
2062 2662
2089 2645
2180 2447
1972 2376
2821 2415
2853 2232
2456 2914
2952 2432
2405 2797
2135 2359
2342 2691
2373 2727
2671 2615
3009 2256
2414 2700
2799 2184
2026 2767
3037 2805
2739 2662
3056 2770
2486 2759
2493 2819
3125 2566
2015 2294
2584 2668
3117 2573
3435 1755
3025 2273
2084 2634
2736 2155
2788 2657
2215 2484
2774 2509
2090 2393
2220 2479
2591 2555
2905 2407
2668 2711
2750 2030
2878 2404
2198 2744
3078 2397
3076 2425
2358 2728
2841 2023
2146 2816
1999 2283
1913 2318
2992 2582
2643 2459
2479 2869
2216 2199
2888 2658
3119 2600
2504 2776
2603 2708
2251 2765
2221 2458
2683 2711
2011 2311
2970 2323
2958 2567
1978 2301
2474 2822
3018 2282
2697 2487
2918 2695
2522 2800
2288 2685
3275 1887
2044 2307
2431 2878
3015 2230
3060 2737
2800 2554
2812 2613
2924 2441
2590 2676
2976 2355
2107 2771
4040 1272
2071 2397
2936 2125
2759 2778
2150 2449
2092 2342
2456 2901
2556 2712
2801 2209
2400 2795
3027 2316
3090 2114
2174 2713
3082 2727
2113 2628
2958 2406
3031 2357
2137 2286
2909 2361
2289 2683
3097 2623
2810 2038
3039 2374
2897 2742
2684 2550
2014 2767
2179 2687
2942 2417
3128 2481
2020 2767
2829 2642
2305 2674
4042 1267
2822 2410
1973 2309
2619 2627
2866 2408
2455 2898
3059 2360
3280 1773
2178 2588
1998 2332
2443 2950
3271 1940
1860 2343
3026 2245
2831 2095
2373 2738
2162 2268
2133 2816
1968 2281
1959 2290
2920 2506
3061 2446
2450 2766
2824 2602
2885 2445
3054 2773
2715 2704
2247 2709
2221 2462
2135 2285
2162 2800
2237 2693
2103 2364
2725 2490
3433 1757
2895 2095
2053 2729
2215 2491
3073 2315
3018 2527
3333 1772
1961 2364
2387 2727
2645 2659
2738 2668
2224 2758
2419 2864
3067 2712
3297 1836
2741 2736
1992 2348
3028 2359
2755 2501
2906 2507
2851 2044
2902 2406
2667 2700
2785 2189
2021 2756
3059 2338
2808 2439
2651 2572
2752 2065
2389 2804
2561 2714
2496 2741
3035 2164
2120 2384
2943 2400
2673 2619
2822 2692
2991 2559
2078 2734
2455 2756
1985 2340
2199 2479
2387 2715
2777 2060
2895 2745
2792 2662
2263 2481
2858 2645
2579 2700
2916 2779
2653 2700
3130 2635
2375 2727
2728 2113
3038 2647
2090 2790
2830 2141
2632 2675
2211 2545
3085 2130
2222 2463
2971 2410
2921 2468
2704 2486
2797 2202
3052 2293
2711 2529
2779 2023
2755 2545
2976 2601
3012 2552
2737 2512
2051 2325
2796 2549
1972 2378
2934 2101
2255 2726
2188 2681
2996 2273
2054 2328
2826 2102
2810 2663
2786 2657
3114 2643
2479 2763
2075 2397
2884 2424
2739 2139
2599 2707
2835 2138
2102 2301
2180 2683
3057 2365
2088 2657
2143 2353
2912 2500
2777 2705
2806 2139
2648 2568
2187 2692
2687 2499
3091 2610
3118 2543
2476 2820
2934 2104
2915 2464
2411 2869
2088 2697
2539 2629
2794 2656
2751 2727
2025 2272
2958 2566
2844 2389
2641 2444
2902 2366
2240 2692
2545 2648
2418 2691
2750 2034
3300 2068
2318 2720
2918 2114
2887 2085
2754 2580
2568 2672
2809 2553
2151 2691
3044 2638
2556 2626
2468 2663
2053 2746
2688 2492
2172 2424
2012 2341
2455 2845
2763 2708
2106 2380
2210 2387
2908 2425
2608 2688
2766 2659
3072 2390
3037 2291
2806 2441
2778 2059
3014 2304
1912 2315
2256 2713
2016 2293
2883 2125
2878 2117
3068 2119
2238 2200
2177 2836
2656 2706
3024 2396
2199 2675
3015 2670
2682 2695
2125 2716
2564 2673
2633 2626
2976 2197
2085 2844
3030 2333
3280 1760
3321 1795
2021 2302
2884 2760
2191 2668
2198 2253
2854 2397
2758 2059
2494 2766
2724 2677
2817 2139
2190 2466
2122 2877
2010 2311
2684 2497
2876 2113
2915 2399
2765 2816
3327 1764
2211 2429
2759 2599
2207 2232
2738 2664
2118 2656
2093 2344
2861 2653
2410 2894
2459 2750
3248 1767
2815 2622
2319 2659
2503 2712
2230 2386
2637 2643
3054 2140
3057 2442
1889 2323
2929 2483
2149 2265
2822 2591
2144 2286
3940 925
2844 2231
2518 2711
1985 2313
3076 2637
2883 2761
2797 2203
2454 2860
2663 2586
2513 2799
3146 2517
2944 2496
2726 2128
2154 2255
2187 2260
2370 2712
2214 2477
3078 2772
2041 2404
1864 2328
2421 2880
3287 1789
2946 2398
3098 2607
2822 2684
2896 2768
2841 2644
2579 2564
2807 2606
2163 2439
3920 939
2158 2579
2007 2348
2990 2334
3166 2520
3092 2701
2871 2769
2735 2506
2882 2115
2157 2430
2795 2157
2027 2333
2067 2745
2194 2826
3054 2488
2633 2637
2780 2018
2670 2705
2652 2570
3143 2518
2739 2156
2183 2707
2826 2647
2817 2209
2742 2703
2829 2409
2915 2726
2825 2422
2749 2602
2910 2120
2786 2427
2907 2467
2768 2174
3086 2794
2811 2547
2188 2708
2750 2568
2433 2751
2793 2662
3940 918
2488 2808
2988 2128
2109 2439
2188 2530
2523 2769
2663 2599
3061 2376
2033 2311
2222 2464
2612 2608
2043 2755
2158 2487
2829 2240
3030 2790
2809 2198
3067 2379
2640 2626
3147 2643
1862 2353
2898 2405
2227 2474
3019 2304
2238 2735
2372 2709
2470 2851
3064 2637
2841 2404
2627 2485
3126 2522
2172 2713
3324 2066
2727 2128
2817 2484
3422 1772
3898 923
3319 2073
2005 2337
2197 2693
2244 2733
3041 2801
2253 2694
2126 2466
2659 2614
2125 2390
2429 2699
2830 2061
2379 2793
2196 2520
2492 2930
3065 2622
2319 2666
2129 2632
3131 2518
2179 2726
3047 2483
2186 2687
2418 2939
2759 2494
2975 2576
2764 2042
2635 2440
2680 2487
2914 2726
2982 2328
2772 2506
2987 2132
2080 2739
2815 2499
2718 2524
2481 2960
3915 916
2860 2401
2150 2334
2132 2423
3053 2135
2342 2707
2007 2333
2762 2756
2156 2272
2825 2203
2338 2750
2916 2510
2749 2497
2454 2749
3038 2229
2548 2629
2100 2654
2761 2710
2431 2940
3002 2198
2750 2570
3139 2636
2943 2770
2168 2705
2114 2620
2763 2594
2111 2303
1905 2315
3066 2708
2445 2850
2425 2823
2132 2878
2195 2715
2902 2690
2149 2457
2818 2446
2152 2341
2458 2873
2402 2794
2971 2217
2700 2525
2813 2138
2103 2467
2731 2681
2903 2094
2495 2708
1979 2317
2247 2748
2400 2721
2939 2738
3026 2359
3088 2120
3035 2815
2161 2354
2987 2123
2470 2663
2512 2769
2169 2430
2202 2761
3034 2334
2095 2875
2999 2554
3308 2088
3067 2129
2018 2754
2810 2665
2781 2544
2171 2818
2892 2778
2961 2544
2743 2668
2167 2607
3163 2579
2018 2268
3026 2392
2396 2787
2156 2693
3035 2514
2113 2664
3117 2600
2941 2110
3017 2230
2082 2634
2087 2777
3072 2432
3069 2694
2493 2723
2122 2467
2964 2483
3058 2791
3022 2362
2758 2543
2498 2744
4057 1235
2184 2686
2213 2482
2776 2717
2969 2134
2186 2428
2157 2792
3338 1763
2099 2313
2476 2839
2113 2386
3084 2788
2914 2517
2595 2610
2180 2265
3427 1765
3319 1798
3253 1769
2915 2480
3078 2769
3887 922
3904 938
2827 2598
2875 2750
2804 2195
2777 2065
2823 2202
3324 1791
2819 2475
2901 2509
3036 2370
2168 2815
2176 2740
2218 2463
2843 2232
2071 2399
3069 2439
2161 2262
2155 2280
2210 2712
3128 2587
2110 2866
3426 1774
2499 2736
2936 2531
2778 2043
2510 2751
2816 2468
3156 2577
3340 1753
3048 2674
2056 2727
2112 2386
3068 2310
2849 2368
2718 2715
2165 2693
2320 2678
2112 2846
2433 2712
2878 2430
2930 2737
1959 2331
3109 2514
2495 2919
2780 2716
2118 2384
3014 2245
2962 2146
2168 2260
2822 2064
3056 2786
2528 2805
2976 2360
2083 2302
2160 2786
2135 2600
2056 2680
3015 2543
1975 2334
2705 2502
2837 2242
3073 2488
3011 2271
2755 2693
2144 2473
2978 2565
2109 2713
2774 2196
2102 2285
2880 2411
2945 2400
2846 2121
2207 2526
2058 2411
2110 2433
2937 2769
2952 2114
2218 2533
2821 2663
2470 2734
2502 2716
2483 2769
2243 2488
2805 2655
2546 2634
2500 2749
2838 2403
2792 2492
2994 2341
3035 2204
3325 2069
2132 2366
2713 2494
3053 2682
2584 2676
2478 2839
2403 2795
3067 2494
3058 2789
2461 2728
2799 2446
2791 2495
3036 2139
2482 2736
3169 2497
2109 2863
2078 2847
2205 2389
2229 2470
2086 2637
3118 2605
2463 2720
2168 2278
2114 2420
2119 2797
2432 2663
2801 2132
2161 2474
2161 2759
2881 2412
2122 2447
1997 2291
2823 2175
2123 2609
2880 2433
2971 2132
2731 2497
2790 2468
2129 2686
1980 2374
3309 1839
2009 2272
2768 2175
3033 2327
3386 1907
2375 2692
3043 2324
2818 2143
2461 2877
2820 2179
2552 2668
1977 2301
2418 2738
3010 2540
2202 2697
3114 2648
2082 2414
2997 2342
2995 2560
2987 2578
2357 2694
2261 2471
3058 2766
3036 2645
2302 2700
2543 2733
2913 2116
2550 2616
3009 2234
2866 2434
2816 2623
2499 2740
2150 2359
3124 2576
2832 2259
2768 2538
3061 2111
3152 2574
2146 2347
3082 2469
2479 2833
3055 2477
2935 2718
2384 2731
2981 2567
2954 2395
2894 2664
2987 2124
2764 2663
3020 2239
3030 2641
2690 2705
2815 2140
2646 2677
2332 2697
2013 2321
2052 2661
2636 2453
2846 2054
2208 2528
3089 2519
3015 2222
3323 2058
3140 2640
3011 2295
2870 2106
2721 2489
2209 2525
2781 2015
2552 2656
2239 2210
3058 2310
1881 2330
3061 2345
1977 2300
3057 2282
2747 2713
2824 2639
2808 2047
2068 2301
3087 2131
3127 2498
2651 2563
2120 2305
2812 2037
2647 2457
3909 945
2083 2835
2141 2273
2841 2234
2144 2812
2808 2208
2895 2819
2090 2353
2777 2479
2036 2394
2120 2411
3900 928
3939 919
2191 2684
2769 2065
2945 2110
3085 2721
2087 2613
2161 2260
2074 2288
3127 2482
2221 2756
2043 2751
2944 2117
2678 2734
2891 2833
3047 2790
2210 2197
2352 2715
2831 2405
2934 2373
2103 2284
2529 2805
2453 2695
2508 2762
2758 2656
2801 2046
2583 2678
2802 2019
2971 2315
2594 2612
2916 2683
2847 2054
2862 2646
2802 2435
2958 2116
3013 2337
3272 1941
2985 2141
2651 2700
2988 2340
2939 2798
2061 2415
3287 1796
2794 2204
2105 2380
2663 2695
3045 2643
2586 2558
2783 2191
2088 2383
3025 2189
2755 2530
2151 2543
1974 2293
2420 2951
2430 2667
2548 2646
2120 2864
3067 2706
1954 2318
2000 2341
2923 2446
2194 2671
2729 2124
2067 2398
2169 2422
2826 2138
2176 2805
2435 2887
2612 2603
2428 2940
2988 2574
2115 2445
3062 2496
2906 2369
2839 2110
2503 2754
2934 2800
2164 2250
1971 2339
2403 2809
2539 2756
3309 1750
2080 2296
3029 2285
2806 2132
2457 2961
2733 2738
2153 2355
2482 2860
2788 2457
3059 2374
3075 2526
2841 2025
2022 2333
2911 2719
2822 2651
2780 2568
2489 2922
2484 2844
3051 2503
2405 2828
2646 2605
2773 2178
2062 2418
3018 2223
2187 2683
2152 2356
1858 2344
2071 2689
2105 2321
2186 2672
3333 1774
2986 2618
3002 2553
2811 2178
2063 2421
2548 2721
2052 2669
2826 2028
2755 2576
2767 2134
2882 2111
1889 2343
2118 2671
3025 2272
2822 2650
2476 2819
2750 2592
3025 2331
2849 2232
2158 2483
2464 2745
2097 2836
3908 948
2087 2869
3043 2235
1913 2349
3042 2122
2175 2788
2030 2277
2947 2292
3014 2310
3031 2634
2836 2390
2769 2587
2371 2708
2463 2723
2926 2428
1964 2327
2027 2329
2758 2758
2576 2566
2765 2178
2783 2661
2850 2029
3032 2240
3010 2187
2648 2697
3107 2605
3324 2073
1970 2328
2897 2752
2779 2148
3054 2147
2879 2410
2840 2366
2943 2529
3899 924
2218 2758
2524 2813
3304 2052
2116 2430
2451 2695
2206 2391
3039 2649
3129 2517
2543 2623
2516 2782
2300 2680
2827 2040
3051 2296
1911 2334
2186 2737
2125 2395
2136 2446
2708 2528
2547 2636
2742 2705
2844 2391
2780 2145
3016 2670
2735 2650
2152 2447
2643 2665
2468 2850
2473 2866
2826 2212
2055 2658
2838 2013
3297 1737
2173 2436
2964 2136
2104 2810
3054 2794
1980 2307
2377 2692
2482 2840
2103 2469
2887 2835
2429 2698
2637 2696
2303 2697
3026 2393
2110 2630
2835 2013
2781 2127
2644 2452
2781 2543
2469 2961
2454 2892
2341 2747
3017 2227
2562 2590
2663 2567
2863 2660
2362 2713
3161 2508
2655 2599
2743 2155
2007 2334
2784 2485
2129 2467
3893 942
2469 2930
3299 1739
2990 2581
3021 2202
2976 2613
2813 2487
2663 2585
2096 2339
2239 2521
3046 2492
2473 2738
2760 2494
2900 2435
2223 2200
3033 2217
3007 2244
2828 2417
2974 2571
1884 2346
2105 2288
3122 2487
2456 2758
2743 2481
2159 2786
2737 2651
2735 2718
2745 2657
2809 2177
2870 2096
2773 2559
3033 2162
3063 2384
2688 2482
2781 2077
2845 2236
2569 2671
2956 2771
2820 2136
3066 2303
2542 2723
1965 2380
3056 2349
3329 1754
2956 2540
2024 2272
3325 2078
2065 2775
2034 2403
1963 2358
2473 2871
3025 2523
2116 2667
1875 2302
3022 2189
3029 2293
2428 2885
2193 2827
3022 2673
2484 2935
2735 2668
2975 2570
3929 921
3050 2384
2822 2197
3937 932
3351 1757
2467 2852
2909 2804
3014 2348
2105 2820
2555 2629
2452 2955
1976 2308
1882 2276
2753 2751
3322 2061
2651 2655
2903 2737
2618 2671
2042 2749
2767 2758
2938 2136
1997 2279
2343 2713
2016 2312
2118 2389
2105 2420
2552 2622
2777 2799
2502 2712
2507 2756
2068 2286
2808 2435
2639 2655
3426 1758
3093 2490
3043 2238
2234 2749
1992 2311
2217 2760
2721 2488
2160 2697
3064 2639
3027 2320
2076 2760
2959 2116
2007 2294
2144 2285
3142 2574
3022 2287
2550 2652
2663 2696
3011 2258
2855 2103
2496 2817
2461 2876
2983 2601
2473 2861
2115 2423
2159 2554
2733 2671
1965 2283
3310 1751
2953 2394
2780 2008
2728 2495
2481 2707
2110 2279
2163 2824
2940 2383
2556 2714
2184 2253
2934 2771
3438 1753
1995 2275
3036 2148
3035 2233
2960 2547
3009 2255
2760 2504
3074 2479
2473 2663
2551 2628
2463 2861
2515 2785
2903 2092
3299 1734
2109 2834
3135 2513
2748 2716
2073 2879
2783 2445
2799 2154
2250 2709
2837 2219
2461 2979
3159 2579
2477 2869
3081 2142
2046 2387
2814 2484
2027 2280
2932 2394
2178 2689
3030 2534
2118 2385
2201 2770
2745 2567
3433 1764
3274 1757
2996 2344
2145 2343
1925 2320
2967 2316
2694 2527
1990 2284
2853 2414
2200 2404
3087 2731
1992 2281
2502 2776
2665 2562
2593 2678
2024 2334
3016 2295
3169 2519
3114 2514
2852 2667
2477 2947
2166 2702
2439 2914
2830 2218
2849 2100
2043 2307
2168 2259
3283 1772
2118 2847
3038 2337
2481 2929
2879 2769
2114 2616
3024 2238
3122 2603
4038 1260
2892 2768
2432 2673
1901 2330
2758 2061
2828 2138
3075 2790
2817 2665
2113 2663
2692 2516
2222 2529
2201 2408
1891 2337
2858 2407
2182 2599
2980 2563
2924 2747
3091 2510
2304 2699
2251 2759
1873 2283
3899 939
2014 2319
2207 2737
2789 2677
3330 1769
2961 2133
2987 2361
2209 2709
2826 2587
3326 2083
3059 2361
2436 2941
2517 2767
3026 2364
3041 2665
1998 2333
3068 2689
1965 2349
2974 2576
2217 2485
2097 2641
3091 2482
2814 2679
2131 2873
2533 2766
2161 2757
2748 2734
2678 2727
2789 2660
2102 2863
2497 2733
2099 2388
2764 2504
3285 1807
3896 939
2630 2440
2732 2503
2284 2672
3066 2729
2541 2613
2819 2139
2538 2649
2994 2363
2864 2400
2762 2706
2803 2428
3027 2787
2845 2368
2463 2972
2015 2774
2781 2483
2175 2268
2759 2682
2969 2579
3119 2591
2507 2812
2747 2659
2158 2693
2468 2750
2842 2364
2410 2896
2479 2746
2035 2307
2253 2488
3940 923
2590 2592
2474 2914
2735 2507
2936 2489
2063 2848
2794 2579
2457 2670
2967 2627
2915 2731
2211 2383
3013 2131
3023 2240
2918 2762
2877 2432
2477 2748
3121 2556
2811 2442
3029 2378
2159 2539
2228 2401
2948 2291
1874 2328
2859 2647
3881 926
3057 2475
2852 2053
2274 2701
3939 930
2177 2787
2374 2733
2549 2640
2966 2487
2992 2619
2149 2571
2215 2441
2191 2248
2766 2656
2224 2189
2775 2547
2120 2342
2911 2498
1973 2349
2942 2546
2989 2351
2821 2138
2611 2623
3054 2786
3939 931
2478 2956
1986 2284
2940 2117
3056 2357
2132 2872
1863 2336
3127 2525
2926 2725
3323 2067
2751 2569
2886 2823
3012 2334
2228 2186
2425 2746
2979 2331
1991 2280
3071 2126
1870 2343
2805 2123
2921 2496
2901 2394
2932 2738
2823 2658
2096 2424
2794 2165
2013 2268
2974 2321
2778 2498
2477 2763
2011 2321
2210 2447
2370 2746
2186 2466
2945 2098
2549 2666
2215 2517
2107 2461
2058 2671
3899 918
2340 2692
2237 2169
2515 2712
2083 2709
2506 2736
3085 2141
2735 2719
3350 1880
2641 2479
1996 2285
3171 2498
2143 2449
2919 2700
2159 2485
2686 2491
3077 2116
2554 2661
3079 2634
1859 2353
2579 2565
3234 1784
2906 2779
3322 2067
2830 2584
3320 1797
2787 2436
1952 2333
2824 2173
3082 2121
2064 2654
3056 2353
2121 2622
2115 2797
2451 2672
2129 2601
2798 2436
2085 2876
2835 2027
2935 2385
2019 2334
2749 2702
2748 2675
2208 2198
3318 1737
2081 2282
2287 2672
2761 2589
4037 1269
3095 2606
2027 2765
2188 2432
2162 2789
1953 2371
2449 2670
3056 2439
2088 2653
2019 2311
2208 2525
2103 2617
3042 2127
2919 2501
3127 2570
2926 2534
2008 2270
2974 2607
3029 2298
2482 2733
3259 1765
2883 2112
1991 2328
2163 2820
3591 1822
1888 2334
3168 2531
2218 2485
1980 2370
2106 2825
2199 2254
2376 2732
2751 2671
3068 2710
2068 2860
3083 2469
2559 2657
2555 2667
2112 2461
2060 2769
3025 2395
2678 2473
2766 2151
2900 2095
2639 2470
3014 2232
2524 2715
3032 2538
3047 2341
2472 2891
2534 2758
3087 2477
3326 1748
2955 2548
2975 2131
2087 2785
2431 2833
2385 2735
2953 2767
2763 2798
2246 2196
3038 2206
2214 2742
2209 2429
2189 2680
2116 2639
2441 2702
3063 2490
2671 2707
2152 2547
3122 2522
2639 2450
2167 2488
2113 2615
2138 2671
2925 2402
1895 2333
2433 2675
2778 2497
2109 2724
1885 2336
2783 2466
2108 2845
2825 2051
3053 2149
2128 2307
3942 932
3039 2663
2135 2812
3945 932
2059 2409
2115 2454
2835 2373
2109 2279
2461 2914
2379 2706
3037 2202
2977 2138
2433 2714
3042 2657
2964 2143
2839 2235
2902 2677
2649 2597
2895 2654
2529 2729
2565 2664
3125 2522
2264 2473
2802 2442
2187 2832
2660 2570
2112 2616
2953 2390
3043 2137
3115 2511
1876 2280
3073 2780
2183 2826
2760 2813
1894 2332
2928 2381
2942 2530
2470 2872
2682 2709
2932 2484
2672 2618
2083 2413
2814 2490
2469 2769
2592 2594
2921 2517
2130 2875
2965 2310
2910 2442
2667 2467
2672 2717
2184 2834
2022 2369
3122 2578
2159 2698
2109 2799
3306 2051
3064 2306
2948 2117
2630 2447
2112 2830
2934 2390
2085 2852
2843 2119
2813 2037
2433 2878
2753 2744
2793 2549
2143 2357
2359 2699
2902 2104
2772 2148
3007 2554
2092 2345
2743 2660
3025 2790
2757 2568
2095 2621
2146 2260
1998 2275
3090 2118
2227 2203
2816 2448
2105 2651
2757 2743
2164 2823
2915 2749
2675 2700
3114 2628
2442 2886
2028 2331
2354 2694
2785 2714
2281 2680
2255 2479
2409 2900
2777 2018
2752 2741
3126 2500
2782 2013
2771 2804
2487 2729
2197 2754
2892 2835
2964 2485
2945 2397
3056 2482
2689 2705
2893 2749
3314 1772
2412 2903
2681 2483
3049 2142
2123 2798
2682 2486
3042 2290
2926 2533
2692 2706
2383 2800
2209 2734
3054 2241
3312 1781
2917 2520
2120 2870
3036 2161
2178 2761
2152 2692
2432 2941
2759 2756
2748 2696
2129 2578
2228 2533
2834 2652
3041 2297
2758 2508
1968 2279
3070 2687
2162 2692
2752 2777
2452 2760
2832 2098
2925 2532
2893 2743
2102 2650
3049 2501
2797 2156
2471 2963
3274 1783
2751 2742
1877 2279
3073 2522
2878 2094
3327 2073
2080 2275
2055 2654
2387 2686
3072 2122
2242 2396
3323 2068
2152 2578
2918 2742
2036 2329
2740 2739
3301 2049
2829 2596
2696 2706
2481 2859
2880 2408
3041 2515
3116 2630
1971 2345
2189 2834
2958 2577
2492 2732
2268 2695
3075 2789
2465 2845
2805 2139
2790 2674
2240 2462
2032 2310
2763 2799
2915 2129
2960 2494
2090 2709
2177 2527
3072 2510
3060 2338
2540 2766
2090 2618
1909 2333
2121 2466
2322 2715
2509 2767
2155 2577
2103 2301
2950 2472
2029 2275
3017 2229
2912 2430
2447 2761
2069 2700
2760 2019
3070 2122
2540 2730
3049 2286
2514 2709
2488 2802
2126 2857
3116 2594
3067 2766
2807 2592
2147 2255
3059 2802
2381 2803
2018 2334
2478 2848
2425 2830
2923 2467
2458 2964
3075 2427
2190 2668
1999 2282
2768 2804
2890 2397
2182 2606
2060 2669
3158 2515
2822 2142
2532 2711
2884 2832
3160 2518
3000 2131
2744 2515
3310 2065
2241 2490
2106 2281
2233 2390
2492 2769
2904 2141
2756 2589
3041 2657
2645 2653
2139 2597
3911 939
3014 2549
2882 2765
3066 2703
3313 1800
2063 2282
2415 2737
3165 2500
2354 2695
3007 2199
2415 2731
1996 2302
2212 2759
3040 2323
3056 2249
1966 2291
2200 2413
2570 2565
2971 2403
2756 2566
2731 2684
3016 2223
3311 2056
1887 2323
3134 2583
2995 2548
2151 2810
2191 2757
2055 2661
2111 2418
2684 2555
2957 2773
2128 2285
3018 2369
3931 921
3320 2077
2456 2877
3029 2304
2758 2541
3017 2788
3030 2385
2762 2541
2403 2729
1858 2353
2239 2682
3037 2122
2852 2101
2819 2044
2250 2716
2647 2486
2369 2690
3017 2543
3271 1771
2925 2799
2118 2404
3062 2627
3134 2635
3169 2498
2130 2814
2962 2774
3331 1767
3082 2633
2827 2225
2777 2541
2333 2757
2618 2679
3329 1776
2655 2606
2836 2241
2883 2108
2123 2335
2378 2730
2791 2672
2104 2424
2640 2449
2466 2860
2675 2469
3037 2304
3079 2121
3130 2520
2436 2713
2037 2402
3041 2137
3320 1798
2737 2734
2088 2655
2795 2435
3077 2495
2115 2859
3037 2212
2920 2791
3044 2501
2472 2927
2651 2486
2111 2715
2938 2764
2852 2409
2633 2694
2405 2829
2774 2537
2821 2671
2535 2727
3073 2429
3081 2698
2928 2531
2896 2741
3062 2382
2776 2202
2790 2186
2143 2599
3113 2512
2486 2718
2878 2393
3037 2340
2811 2665
3137 2633
2817 2480
2533 2757
2158 2338
2200 2701
2995 2146
2814 2492
3039 2670
1986 2334
2482 2918
2005 2369
2971 2316
3314 1799
2135 2439
1872 2291
2837 2375
2157 2327
2253 2717
1964 2359
2977 2576
2055 2332
2177 2597
3117 2514
2811 2132
3058 2801
1946 2330
2528 2715
2035 2330
2476 2756
2175 2731
2146 2561
2842 2031
2940 2482
2133 2426
3034 2536
2918 2477
2847 2121
3073 2309
2101 2366
3052 2800
2973 2611
2098 2315
3140 2589
2127 2874
2975 2122
2930 2532
2298 2707
2194 2673
2763 2589
2695 2508
2759 2637
3021 2286
3035 2162
2132 2670
3085 2729
3018 2789
3058 2770
3288 1802
3040 2788
2223 2190
2910 2508
2932 2767
2999 2131
3048 2655
2428 2665
2321 2692
3077 2769
3007 2271
2148 2578
2117 2664
2478 2842
3279 1782
2547 2638
2119 2867
2221 2755
2498 2765
2238 2393
2784 2710
3009 2259
3318 1730
2113 2450
2877 2402
2806 2195
2501 2732
3332 1740
2889 2755
2135 2355
2882 2435
3071 2433
2737 2033
2027 2269
2772 2180
2706 2629
2863 2658
2123 2310
2791 2123
2852 2028
3093 2567
2555 2709
3090 2624
2233 2479
2338 2700
2823 2039
3027 2123
2767 2139
2013 2337
2993 2568
3095 2608
2783 2710
2804 2550
2162 2686
2599 2714
3078 2697
2579 2695
3015 2309
2840 2100
2121 2632
2795 2666
2842 2367
3112 2623
3146 2642
2907 2663
2842 2390
3044 2669
3017 2188
2731 2099
2757 2539
2961 2579
2599 2694
3075 2430
3320 1777
2640 2610
3933 927
3109 2605
2909 2136
2990 2573
3338 1771
2914 2709
3094 2608
2240 2393
2168 2269
2966 2400
2869 2663
2488 2728
2124 2397
2764 2640
1869 2288
2880 2120
2750 2135
2571 2567
2973 2324
2820 2585
3019 2325
3064 2297
2267 2683
3061 2306
2146 2239
3329 1752
2117 2867
2869 2435
2948 2429
1909 2334
2095 2312
2922 2686
1943 2312
2617 2482
2453 2953
2887 2832
2026 2395
3028 2311
2683 2554
2175 2439
2857 2022
2823 2691
2875 2763
2445 2950
1883 2350
2057 2416
2128 2363
2783 2446
2301 2680
2452 2761
2324 2710
2942 2494
2916 2711
2844 2401
2200 2696
2778 2659
2505 2713
3171 2521
2006 2332
2082 2787
2215 2516
3325 1774
2992 2629
2843 2649
2838 2126
2111 2822
3067 2751
2156 2338
3102 2562
2158 2790
2568 2609
2202 2532
2380 2799
2787 2434
3911 944
2942 2522
2816 2604
3057 2814
2102 2822
2974 2318
2473 2735
3081 2462
2240 2459
2370 2726
2298 2679
2416 2895
2850 2653
2137 2583
2086 2866
2918 2696
3237 1778
2503 2787
2232 2207
2974 2217
3070 2432
2785 2583
2488 2832
2500 2700
2105 2854
3036 2347
2156 2808
2824 2435
2909 2661
3019 2281
2775 2053
2926 2764
2787 2573
2817 2108
3000 2795
2960 2401
2421 2724
2790 2487
2823 2680
3114 2547
2685 2708
2130 2853
2129 2337
2241 2198
2401 2797
3116 2629
2929 2808
3122 2552
2110 2617
2227 2188
2121 2623
2812 2663
1969 2276
2786 2582
2474 2922
2530 2714
2760 2778
2069 2855
3057 2360
2167 2259
1881 2352
2988 2350
2020 2305
2079 2852
2486 2919
2057 2680
3504 1748
2196 2543
1986 2335
2238 2682
2428 2884
3076 2793
2823 2213
2226 2186
2168 2792
2805 2442
2780 2059
3062 2305
2473 2867
2773 2804
2020 2366
2832 2229
2516 2810
2130 2433
1974 2373
2200 2402
2753 2572
2526 2715
2785 2433
2597 2707
2462 2963
2824 2441
2479 2931
2221 2528
2071 2285
2945 2552
2911 2739
3063 2479
2474 2936
2330 2681
3069 2735
2083 2303
2478 2747
2898 2677
2877 2133
3054 2252
2914 2503
2761 2643
2110 2449
3012 2664
2794 2555
2446 2939
2497 2847
2110 2830
2207 2443
2619 2483
2389 2806
2126 2445
2837 2404
2387 2731
2115 2798
1868 2336
2186 2258
2080 2641
2916 2440
2466 2891
3026 2122
3072 2126
3085 2149
2409 2733
2942 2397
2871 2658
2496 2846
2088 2701
2852 2397
2989 2572
3065 2719
2926 2441
2468 2891
2691 2712
2125 2580
2161 2261
1987 2336
2779 2537
2024 2381
2131 2475
3071 2310
2965 2308
2086 2638
3326 2067
2441 2949
2219 2758
3142 2591
2056 2695
2839 2056
2881 2836
2712 2527
2121 2637
2122 2863
2895 2752
2386 2687
2717 2713
2082 2878
2557 2619
2108 2804
2380 2690
3086 2459
2772 2142
2758 2666
2254 2712
3119 2501
2081 2770
2072 2716
2089 2828
2906 2502
2929 2398
3901 925
2730 2096
2929 2406
2362 2706
2138 2423
2164 2789
3118 2552
2229 2473
2082 2849
2053 2651
2796 2153
1912 2324
3000 2136
2647 2640
2475 2963
2490 2799
2568 2560
2693 2546
2089 2788
2755 2152
3068 2114
2771 2520
2157 2481
1860 2354
3054 2343
3015 2667
2116 2665
2748 2669
2882 2824
3056 2239
2751 2592
3916 915
2549 2667
2483 2722
3302 2049
2412 2731
2512 2815
2650 2566
2781 2195
2325 2704
2835 2655
2956 2293
2912 2380
2303 2701
3014 2329
3934 916
3051 2362
2505 2756
2513 2776
2109 2787
2262 2478
2909 2424
2147 2670
2909 2685
2901 2095
2919 2400
2050 2407
1979 2293
3299 2049
2442 2764
3030 2221
2473 2728
2506 2769
2834 2255
2847 2643
2887 2828
2103 2796
2282 2680
3037 2292
2069 2286
2755 2551
2788 2572
2641 2460
2762 2664
2882 2434
2752 2148
2916 2450
2497 2842
2080 2301
2822 2609
2876 2399
2594 2610
2932 2727
2087 2876
2996 2135
2671 2703
2927 2472
1933 2325
2230 2178
2942 2493
2801 2208
3056 2310
2213 2474
2428 2874
1910 2311
2919 2715
2635 2709
3062 2302
2482 2933
3161 2514
2908 2436
2451 2845
3112 2600
1925 2322
3312 1774
2941 2514
2168 2816
2794 2122
2884 2123
2827 2136
3055 2159
2989 2346
2527 2798
2962 2326
2883 2434
2880 2119
2218 2687
2125 2303
2086 2708
2213 2518
1877 2285
3083 2507
2861 2414
2025 2327
2252 2752
2440 2884
2968 2134
3139 2515
2775 2055
2204 2426
3063 2799
2966 2134
2676 2699
2115 2413
2128 2808
2958 2364
2203 2383
3110 2551
3100 2578
2042 2387
3118 2592
2159 2255
2267 2676
2916 2687
1863 2362
2143 2235
3308 2083
2239 2530
3087 2138
2753 2548
2787 2149
4043 1276
1994 2281
2949 2440
2236 2725
2324 2689
2672 2695
2885 2089
2320 2659
2567 2674
2452 2755
2981 2356
3107 2608
2852 2037
2760 2706
2958 2401
1996 2303
2161 2692
2366 2726
2929 2430
3053 2483
2059 2691
3015 2130
2570 2567
2871 2659
2156 2809
2106 2797
2924 2719
3561 1807
3061 2247
2211 2745
2089 2387
1874 2318
2602 2693
2962 2481
2481 2856
3038 2204
3088 2514
1999 2337
2839 2109
3063 2303
2933 2703
2776 2018
2245 2715
2560 2664
2144 2283
3053 2788
2531 2730
3119 2514
2174 2717
2875 2417
2943 2530
2475 2853
2902 2739
2070 2842
2461 2721
2666 2691
2886 2400
2182 2458
2886 2087
2144 2675
2045 2388
2755 2775
2661 2707
2047 2406
3299 1783
2174 2812
2263 2669
2457 2862
3307 2061
2008 2273
2182 2460
2792 2161
2421 2902
2264 2683
2800 2043
3155 2575
2224 2762
2898 2452
4062 1273
2520 2798
2086 2300
3904 939
2824 2175
1987 2286
2724 2712
2176 2424
3107 2607
2399 2803
1909 2311
3134 2529
2499 2737
3022 2286
2220 2750
2924 2795
2475 2663
2883 2826
2841 2103
2817 2615
2905 2468
2989 2328
2229 2177
2129 2362
2209 2714
2552 2726
2338 2692
3057 2788
3056 2339
2159 2699
2740 2665
2821 2619
2644 2602
2800 2131
2875 2749
2136 2436
2743 2704
2122 2805
2819 2691
2881 2745
1873 2359
2842 2396
3297 1753
2985 2346
3330 1767
2953 2113
2671 2468
2435 2878
2774 2706
2165 2821
3119 2546
2497 2709
2789 2661
3009 2181
2004 2295
2591 2713
1972 2307
3089 2154
2054 2653
2552 2666
2299 2697
2772 2591
2496 2763
3034 2656
1879 2358
2695 2489
3332 1743
3299 2052
2755 2507
2944 2495
2732 2678
2557 2628
2909 2378
3055 2476
2066 2652
2871 2766
2450 2886
2239 2179
3045 2322
2649 2706
2114 2379
1962 2368
2753 2654
2910 2747
2753 2064
2336 2752
2478 2710
2746 2597
2755 2159
2906 2422
2324 2686
3043 2290
2122 2455
2481 2706
3042 2483
2938 2737
2093 2301
2169 2817
2099 2612
3074 2526
2649 2452
2016 2380
2246 2752
2644 2644
2830 2260
2761 2516
2209 2730
2854 2668
2937 2739
2679 2732
2777 2143
3013 2287
2114 2665
2868 2141
2413 2894
2215 2754
2190 2689
2693 2507
2061 2771
2513 2715
2140 2355
2472 2740
2607 2685
2036 2321
2127 2674
2030 2364
2579 2696
2423 2685
2757 2161
2282 2681
2209 2393
4053 1269
2151 2542
2822 2670
3081 2683
2928 2536
2782 2059
1996 2284
1977 2270
2209 2440
2075 2298
3429 1778
3083 2124
3107 2548
2824 2028
3093 2493
2915 2130
2957 2364
1886 2338
2422 2659
2584 2713
2879 2430
2461 2921
3008 2551
2893 2105
2834 2109
2677 2550
3000 2347
2172 2753
2794 2164
2424 2831
2839 2051
2609 2601
2267 2678
2601 2609
2450 2673
2023 2308
1929 2316
2426 2887
2123 2863
3081 2727
2922 2488
2989 2268
2989 2133
1976 2324
2915 2689
2774 2511
1879 2320
3068 2440
2668 2607
2141 2344
2905 2390
3040 2675
2972 2214
2410 2865
2097 2319
2611 2624
2721 2124
3019 2221
2465 2870
2596 2689
2000 2292
3312 1776
2142 2573
2154 2479
3055 2150
2756 2745
2983 2138
2383 2736
2477 2930
2893 2770
2159 2531
2421 2943
2759 2024
2435 2883
3058 2435
2017 2322
4062 1243
3130 2587
2765 2758
2387 2711
3075 2480
2908 2746
3007 2669
2819 2454
2916 2444
2617 2679
2820 2197
2092 2790
3014 2256
2458 2872
2195 2429
2161 2789
2752 2145
2171 2274
2589 2684
2156 2340
2825 2427
2195 2428
2026 2320
2202 2696
2323 2731
2186 2261
2111 2657
2829 2135
2927 2465
2178 2444
1915 2349
2915 2743
2972 2233
2823 2206
2759 2027
3121 2608
2889 2746
2792 2461
3081 2469
2249 2726
3320 1793
2655 2594
2613 2621
2575 2719
2794 2466
2515 2772
2479 2935
2449 2715
2682 2706
3293 1723
1889 2326
2998 2795
2410 2841
2772 2522
3092 2730
2785 2497
2715 2525
3090 2623
2101 2479
2442 2752
2210 2448
2102 2313
2419 2898
2894 2816
3020 2310
3109 2566
3141 2581
2922 2731
2892 2824
2186 2257
2816 2672
2126 2581
2111 2729
2118 2305
2938 2483
2782 2673
3071 2493
3063 2482
2949 2479
3093 2498
2150 2466
2728 2127
2785 2496
3093 2610
3912 914
2239 2713
2812 2556
2614 2620
3433 1760
2892 2656
2943 2493
2089 2308
2111 2860
2755 2498
3902 929
3429 1777
2087 2410
2838 2219
2044 2316
2681 2713
3072 2130
2155 2273
3083 2454
2982 2628
3127 2499
2751 2546
2965 2488
3060 2808
2829 2211
2053 2761
2918 2448
2809 2199
2113 2864
3303 1727
2534 2731
2214 2706
2915 2748
2228 2197
2159 2253
2033 2399
2125 2394
2473 2931
2756 2820
2096 2321
2634 2679
2074 2298
2776 2069
2823 2469
3322 2078
2245 2689
2472 2722
2191 2479
2672 2455
3325 2079
2774 2702
3089 2130
3324 1770
3050 2350
2477 2961
2592 2690
2438 2694
2142 2591
2670 2709
2836 2079
2918 2806
2210 2750
2972 2226
3319 2078
2434 2880
2155 2587
2901 2659
3030 2521
3026 2379
2854 2664
3079 2518
2410 2876
2823 2047
2991 2564
2205 2392
3159 2580
3097 2607
3303 1743
2910 2362
3055 2357
2954 2480
2560 2663
3036 2291
2142 2454
2836 2024
2646 2452
3036 2321
2122 2301
2097 2383
2144 2436
2184 2707
2965 2485
2748 2026
1975 2376
2547 2724
3100 2585
2967 2770
2928 2467
2068 2742
2857 2405
2128 2816
3053 2115
2148 2557
2804 2457
3885 924
2490 2812
3029 2827
2567 2665
3039 2675
2560 2599
2152 2357
2672 2619
2780 2150
2819 2042
2043 2309
2024 2306
3068 2737
2738 2135
2120 2668
2477 2847
2774 2144
2459 2721
2912 2464
2825 2066
2099 2776
2915 2517
2450 2674
4072 1268
4040 1275
3000 2340
2203 2677
2847 2033
2195 2713
1873 2322
3327 1778
2556 2603
2335 2696
2026 2394
2881 2404
2717 2524
2464 2848
2321 2698
2053 2328
2434 2675
3081 2113
2498 2738
2145 2239
2565 2605
2254 2713
1964 2357
2919 2500
3058 2303
2770 2203
3019 2515
2162 2439
2819 2589
2905 2388
2817 2584
1969 2331
3085 2790
2505 2711
2823 2244
3023 2823
3068 2704
2866 2398
1884 2345
3297 2062
2847 2234
2105 2467
4056 1268
2750 2734
2147 2461
2417 2696
2473 2764
2229 2521
2040 2390
2035 2748
2082 2638
2451 2900
2203 2734
2926 2799
2830 2096
1969 2284
2068 2745
3082 2142
2055 2688
4040 1260
3070 2755
1912 2331
2926 2429
2100 2837
2649 2702
2112 2316
2112 2628
2753 2603
2947 2117
2899 2448
2111 2390
3026 2388
3162 2563
2336 2753
2513 2753
2901 2674
2160 2693
2339 2747
3048 2781
2875 2754
2101 2839
2463 2891
2920 2397
2602 2707
2153 2454
2434 2694
2683 2698
2981 2632
2834 2133
2740 2130
2793 2028
2216 2499
2707 2487
2805 2019
2586 2559
2902 2144
2809 2665
3121 2557
2882 2106
2854 2402
1974 2342
2966 2225
2778 2045
2739 2026
2233 2689
2203 2527
2730 2103
2907 2113
3043 2515
3051 2504
2715 2524
2125 2875
3077 2419
2525 2711
2693 2522
2205 2234
2210 2758
2524 2763
2211 2196
3027 2310
2786 2486
2203 2243
2348 2721
3088 2730
3033 2540
2972 2315
2829 2047
2927 2705
2943 2774
2890 2443
2934 2113
2824 2591
2464 2699
3093 2571
2122 2296
2826 2486
3268 1947
3076 2429
2121 2383
3085 2787
2418 2739
3061 2710
2568 2578
2645 2710
2842 2056
3300 2044
2209 2756
2157 2537
2473 2766
3939 932
2880 2436
2794 2432
2026 2385
2088 2793
2245 2529
3118 2553
2765 2127
2823 2141
3114 2504
2757 2503
2812 2608
2338 2746
2505 2717
2929 2399
2160 2539
2211 2475
2576 2570
2052 2412
2165 2818
3119 2525
2149 2274
2084 2284
2015 2354
1967 2292
2405 2726
1863 2361
2501 2737
3034 2537
1902 2332
2560 2563
2160 2799
2989 2570
2642 2622
1977 2377
2738 2733
2106 2650
2171 2541
2894 2107
2768 2809
2465 2847
2888 2745
2243 2478
2840 2055
2965 2486
2961 2292
2455 2891
3060 2283
2987 2597
1868 2294
2213 2488
2214 2464
2493 2926
2195 2681
3079 2484
3067 2723
2474 2863
2992 2626
2094 2854
2235 2749
2812 2681
2774 2705
3085 2627
2184 2684
1857 2361
3904 917
2200 2752
2341 2693
2767 2538
2542 2638
2085 2643
3324 2068
3036 2669
3007 2352
2557 2726
2931 2742
3008 2250
3008 2671
2128 2602
2990 2560
2179 2536
2066 2853
1973 2343
2706 2528
2651 2467
2123 2807
2107 2825
2210 2764
2985 2348
3030 2384
2538 2627
2741 2140
2616 2629
2592 2678
2252 2695
2973 2608
2478 2924
2683 2704
2791 2122
2112 2434
2944 2126
2771 2123
2875 2428
2143 2261
3030 2243
2906 2510
2215 2709
2964 2312
2414 2736
2459 2975
3097 2582
2086 2410
3164 2566
3052 2802
1952 2335
2126 2463
1878 2284
2453 2904
2793 2579
2595 2711
2088 2614
2248 2725
2819 2203
2690 2541
2405 2789
2895 2816
2157 2325
2670 2564
3013 2332
3093 2730
3083 2627
2586 2612
2758 2588
2463 2745
2948 2508
3022 2672
1879 2295
2108 2798
2116 2637
2880 2101
2772 2702
3065 2385
2801 2047
2812 2489
2460 2919
2525 2704
2762 2643
2753 2678
2768 2540
2894 2741
3109 2515
3023 2239
2776 2203
2989 2272
2812 2201
2539 2618
3104 2552
2775 2131
3330 1753
2136 2593
2829 2015
2493 2744
2779 2709
1916 2339
2121 2602
2046 2699
2831 2048
2507 2749
2925 2802
2880 2404
2941 2125
3014 2271
2638 2441
2695 2487
2838 2657
2891 2771
2841 2364
2969 2328
2776 2537
2554 2620
2839 2027
2086 2633
2557 2715
2811 2204
4036 1262
2669 2562
2564 2599
3023 2130
3322 2066
2253 2728
3104 2603
2163 2250
2915 2401
2744 2709
3089 2511
3048 2498
2080 2779
2641 2470
2921 2417
2611 2686
2007 2340
2645 2655
3028 2522
2905 2092
2557 2567
2737 2736
2895 2659
2264 2679
2411 2892
2088 2359
2311 2700
2955 2432
2213 2505
2216 2765
2083 2736
2223 2189
2987 2365
2941 2504
2389 2818
2940 2382
2419 2738
3089 2121
3071 2778
2211 2757
3057 2763
3108 2605
2464 2849
2998 2597
2487 2931
2378 2707
2639 2440
2907 2430
2225 2189
3444 1753
3324 1772
2839 2644
2034 2754
3920 916
2152 2553
2171 2434
2432 2714
2142 2812
2840 2124
2644 2472
3089 2679
2269 2697
2783 2017
2761 2496
2801 2587
2646 2608
2361 2696
2146 2678
2813 2034
4044 1273
2777 2538
2799 2436
3067 2772
2252 2708
2749 2509
3347 1755
2443 2769
2902 2508
2758 2663
3923 919
2048 2306
2902 2678
2976 2407
2936 2135
2237 2177
2428 2887
2799 2037
2471 2740
2832 2240
2918 2729
3389 1907
2826 2422
3316 1745
2784 2674
2190 2542
2741 2023
2085 2645
2285 2685
2777 2539
2749 2688
2166 2713
3028 2543
2775 2588
2774 2539
2060 2281
3028 2277
2457 2935
2937 2734
2837 2377
3053 2803
2248 2753
2072 2307
2977 2234
2917 2704
2833 2661
2780 2023
2821 2479
2320 2696
2182 2590
2369 2741
2090 2402
2124 2800
2836 2652
2570 2579
2916 2516
2830 2215
2162 2590
2839 2242
2038 2373
3297 1803
2105 2643
2465 2874
2765 2805
2085 2356
2771 2589
2960 2301
2207 2239
2170 2532
3010 2552
2726 2487
2617 2689
3022 2831
2931 2725
2894 2083
2111 2640
2080 2875
2418 2737
3073 2520
2380 2803
2569 2578
2820 2138
2105 2430
2940 2112
3016 2244
3030 2522
2106 2864
3271 1794
2835 2038
2921 2497
2908 2810
2857 2667
2038 2400
2200 2407
2960 2403
2173 2818
2563 2567
3268 1946
2191 2682
3123 2590
2964 2298
2942 2774
2743 2723
2655 2705
2984 2134
2547 2764
1972 2274
2093 2303
2501 2815
2962 2575
2957 2581
2635 2684
3048 2241
2643 2602
2389 2825
2815 2214
2407 2838
2142 2432
2226 2763
2145 2673
2894 2782
2028 2273
2737 2123
2743 2515
3108 2611
2495 2849
2839 2366
2052 2757
2742 2023
3012 2236
3032 2520
2823 2601
2689 2481
2731 2121
3014 2218
3055 2311
2746 2664
3047 2335
2662 2600
2853 2411
3051 2108
2798 2190
2390 2825
2255 2715
2258 2475
3134 2528
2806 2454
2668 2564
2935 2705
2836 2078
2265 2674
3030 2219
2928 2374
2184 2730
3048 2381
3897 919
2028 2329
2775 2143
2082 2819
2514 2782
2086 2284
2255 2684
2758 2779
2811 2664
3039 2206
2233 2746
2794 2126
2644 2630
2123 2355
2900 2145
2827 2663
3133 2527
2944 2506
2554 2626
2444 2849
2439 2722
3265 1769
3106 2604
2989 2345
2186 2452
3107 2569
2134 2676
2685 2550
3126 2566
2790 2065
2992 2142
2180 2449
2646 2460
2202 2758
2165 2284
2644 2464
3240 1773
2949 2122
2013 2769
2915 2479
3050 2157
3084 2482
2498 2737
3921 936
2008 2330
2171 2280
2587 2579
2964 2403
2426 2840
2726 2705
1852 2368
2148 2816
2778 2160
3079 2723
2246 2737
2899 2691
3118 2542
3137 2583
2916 2719
3299 1789
3064 2382
2208 2739
3011 2193
3067 2298
2912 2738
2819 2596
2024 2336
2684 2557
3044 2789
2187 2763
2547 2757
2675 2472
3317 1738
2750 2677
2907 2115
3053 2732
2759 2709
2012 2268
2855 2402
2475 2911
2016 2756
2907 2372
3055 2362
3084 2712
2762 2705
2729 2703
2070 2704
1897 2334
2773 2141
3271 1772
2690 2703
2765 2664
2774 2142
2127 2441
1898 2334
2671 2482
3170 2524
2873 2388
3076 2512
2437 2843
2128 2436
2204 2527
2402 2804
2789 2166
3033 2147
2846 2645
3125 2529
2389 2720
2644 2487
2167 2429
2756 2811
1958 2317
2235 2167
2878 2103
2532 2720
2080 2864
2141 2588
3905 949
2757 2530
2182 2692
2167 2593
2460 2938
2198 2706
3141 2636
2545 2718
2898 2508
2977 2343
2809 2181
2142 2455
2209 2392
2875 2101
3105 2614
2117 2304
3099 2607
2669 2455
2833 2584
2499 2919
1972 2369
3158 2580
2875 2429
2133 2818
2084 2844
2210 2741
2915 2695
2812 2208
2580 2560
3077 2504
2181 2590
2787 2167
2250 2760
2481 2852
2121 2382
2974 2229
3069 2697
2297 2682
2803 2142
2958 2477
2305 2702
1971 2307
2919 2686
2160 2586
2810 2488
3030 2301
3073 2311
2118 2816
3016 2243
3069 2627
2809 2215
3093 2565
2758 2734
3900 930
2836 2014
2070 2292
3039 2227
2925 2483
2493 2802
2718 2714
3032 2319
2136 2690
2929 2802
3278 1786
2218 2397
3304 2059
3037 2344
2813 2664
2054 2756
2839 2239
2891 2747
3880 927
2924 2112
2777 2441
2424 2690
2123 2675
3043 2239
2214 2438
2842 2030
2128 2368
2592 2695
2852 2126
3039 2205
2842 2237
2004 2298
1922 2347
2769 2806
1905 2329
2908 2679
2454 2897
2804 2605
2181 2730
3007 2791
3123 2591
3900 932
2796 2044
2221 2397
2855 2396
3305 1736
2865 2138
2851 2037
2398 2720
2184 2259
2888 2831
2551 2756
2148 2359
2963 2314
2089 2644
2947 2397
2021 2329
3087 2504
2768 2657
2981 2193
2188 2709
3308 2085
2756 2057
3009 2273
2521 2767
2773 2155
2247 2529
3159 2561
3044 2636
2762 2502
2903 2130
3909 920
4037 1261
1958 2291
2035 2749
2687 2720
2640 2658
3160 2514
2621 2691
2046 2386
2988 2341
2736 2740
2167 2536
2767 2138
3064 2340
2797 2586
2829 2671
3005 2131
2004 2280
2037 2324
2066 2684
3345 1763
2041 2329
2133 2475
2728 2711
2262 2471
3053 2350
2242 2490
2780 2197
3147 2639
2797 2033
2562 2586
3072 2794
2081 2650
2056 2332
2402 2807
2801 2037
2020 2331
2822 2219
1997 2371
2769 2129
3293 1756
2738 2703
2778 2706
2877 2745
1868 2357
2846 2091
2499 2843
2763 2805
2694 2507
2904 2406
2483 2768
2147 2562
3052 2348
2985 2334
3019 2303
3008 2239
2993 2346
2136 2353
2937 2380
2202 2404
2781 2167
2937 2523
2471 2892
2658 2565
2004 2274
2157 2339
2600 2694
2162 2267
2071 2878
2263 2761
3034 2514
2735 2652
2776 2802
2101 2792
3018 2364
3041 2807
2287 2671
2749 2124
2252 2723
2244 2709
2082 2284
2118 2619
2927 2745
2837 2265
2985 2128
2239 2681
2455 2668
2781 2176
2986 2357
2807 2470
2935 2130
2215 2386
2610 2686
2785 2470
2489 2832
2917 2467
2554 2708
2975 2357
2761 2554
2883 2756
2488 2834
3052 2142
3053 2148
2159 2552
2237 2695
2921 2395
3017 2131
2747 2674
2490 2769
2109 2662
2985 2351
2073 2301
2161 2693
2498 2749
2565 2606
3133 2584
2060 2672
2708 2530
2667 2695
2777 2802
2863 2404
2147 2242
3116 2600
2902 2143
2131 2468
3018 2668
3032 2675
2338 2751
2406 2722
2902 2450
2099 2347
2197 2243
2648 2450
2980 2577
2807 2610
3090 2488
3339 2069
2838 2018
2832 2217
2636 2677
2930 2381
2768 2134
2119 2668
2943 2418
2479 2848
2411 2935
2230 2179
2820 2137
2077 2779
2022 2331
2638 2657
1961 2291
2819 2664
2754 2594
2688 2485
2408 2876
3018 2278
2683 2726
3090 2122
2067 2743
2895 2817
2762 2164
2750 2655
2160 2684
3045 2669
2656 2612
3342 1756
3056 2791
2599 2610
2091 2307
2157 2688
3063 2282
3095 2494
2806 2125
3073 2521
1892 2334
2441 2696
2553 2725
2753 2567
2645 2675
2487 2814
2068 2694
2382 2689
2219 2752
2595 2691
2897 2451
1943 2328
2103 2868
3313 2073
2754 2745
2894 2662
2103 2864
3077 2113
2729 2490
2826 2671
2610 2619
2174 2753
2819 2195
3051 2357
2096 2315
3431 1757
2939 2406
3009 2351
2026 2321
2472 2923
2806 2606
2790 2486
2659 2566
3059 2136
2466 2971
2778 2439
2750 2543
2475 2820
2629 2632
2943 2385
3308 1749
2688 2487
1889 2327
2771 2699
2638 2486
2062 2670
2939 2136
2216 2194
1961 2322
3025 2805
2628 2685
3076 2527
2724 2122
2121 2471
3074 2781
1877 2353
2113 2422
3078 2453
2058 2651
2872 2137
2010 2294
2201 2255
2578 2701
2417 2730
2155 2334
2899 2368
2150 2563
3067 2308
2824 2112
2755 2742
2851 2026
2564 2711
2283 2681
2583 2681
2325 2714
2688 2548
2537 2761
3429 1765
3010 2354
2906 2440
2382 2800
2097 2875
2811 2546
2124 2870
2210 2441
3123 2635
2974 2329
2193 2249
2744 2740
2378 2690
2690 2536
2769 2701
2199 2762
2618 2667
3089 2488
2025 2376
2122 2619
2476 2949
3027 2672
2105 2852
3112 2507
2928 2117
2916 2740
2623 2672
3000 2135
2098 2318
2755 2160
1966 2369
2841 2645
3007 2237
2846 2397
2105 2370
2742 2036
3030 2826
2756 2164
3314 2070
1866 2336
2466 2862
2137 2447
2854 2052
2214 2761
2381 2804
2139 2436
2767 2209
2879 2835
2203 2423
2191 2669
3033 2291
2703 2496
2146 2594
2827 2428
2757 2498
4063 1231
2436 2706
2917 2469
2580 2692
1874 2333
1907 2311
2123 2819
2318 2674
2756 2567
2081 2395
2161 2806
2071 2273
3278 1760
3122 2503
2119 2469
2127 2381
2472 2930
2949 2112
2423 2661
2644 2605
2127 2307
2912 2746
3053 2136
1999 2291
2274 2704
2846 2394
2066 2407
2770 2207
3268 1942
2582 2668
2022 2268
1885 2344
2778 2044
3155 2571
3932 925
2513 2800
3067 2503
2938 2526
2577 2674
2199 2741
2134 2816
2749 2679
2233 2473
3061 2799
2485 2732
3069 2386
2538 2650
2096 2318
3313 1772
3007 2245
2462 2734
2445 2717
3913 914
2179 2727
2114 2460
3086 2797
2960 2542
2750 2143
3295 2058
2963 2773
3430 1763
2856 2667
2107 2380
2649 2598
2934 2416
2577 2566
3109 2538
2699 2523
3096 2507
3323 1737
2200 2545
3013 2266
2840 2113
2834 2372
2747 2482
3117 2635
2780 2035
2471 2870
3039 2802
2975 2623
3067 2639
2935 2409
2809 2463
2461 2843
3067 2710
2067 2847
2619 2687
2937 2762
2182 2691
3061 2432
3043 2653
2137 2818
1940 2325
2927 2702
2244 2471
2081 2284
2105 2794
2168 2722
2673 2467
2145 2278
3090 2486
3011 2546
3074 2722
2642 2464
3056 2732
2212 2200
2635 2716
2015 2320
2766 2643
2104 2619
2497 2921
2154 2446
2488 2824
3011 2347
2821 2426
2108 2438
1988 2318
2954 2538
2854 2232
2701 2703
3011 2286
2317 2674
2961 2542
2112 2269
2676 2735
2476 2924
2836 2657
2736 2041
2482 2754
2934 2776
2889 2100
2917 2438
3432 1763
2034 2392
3290 1737
2304 2675
2665 2711
2237 2457
2168 2603
2163 2437
3027 2790
2252 2725
2162 2280
3040 2337
2596 2684
2926 2806
3002 2133
2677 2482
3089 2490
2109 2433
2198 2822
2109 2630
2022 2368
2072 2850
3017 2327
2965 2571
2013 2286
2910 2391
2747 2129
2113 2801
3077 2133
2891 2822
2853 2412
2079 2649
3004 2672
2485 2854
2979 2355
2827 2013
3032 2800
2980 2625
2158 2340
2669 2705
3017 2528
2457 2882
2007 2272
3039 2305
3061 2431
2413 2844
2371 2714
2462 2851
2873 2395
2867 2132
2242 2472
2921 2515
2457 2669
2219 2400
2181 2789
2003 2275
2750 2497
2559 2705
3056 2347
2132 2685
3119 2624
2585 2688
3057 2683
3029 2128
2107 2840
2557 2713
2419 2727
2635 2637
2446 2878
3279 1783
2265 2679
2749 2598
2178 2685
2834 2390
2632 2485
2694 2520
2455 2865
2125 2381
3329 1783
2819 2616
2836 2375
2680 2718
2956 2405
2900 2813
2020 2753
2786 2445
2065 2880
3044 2808
2949 2292
3272 1790
2918 2526
2545 2727
3139 2582
3907 944
3143 2574
2988 2620
2565 2656
2778 2024
2635 2703
3158 2568
2470 2733
2879 2405
2681 2704
2896 2104
2320 2694
2910 2122
2281 2678
2060 2670
3070 2720
2172 2714
1960 2375
2823 2437
3128 2632
2409 2845
2752 2143
2817 2207
2929 2445
3054 2107
3081 2631
2163 2271
1893 2331
2200 2410
3273 1780
2795 2189
3064 2789
2558 2656
2228 2762
3161 2518
2029 2381
2943 2538
2750 2694
3068 2784
2405 2901
2666 2707
2813 2613
2070 2719
2910 2682
2010 2334
2255 2481
2063 2332
2967 2487
2448 2838
2917 2458
2815 2472
2675 2734
2957 2562
1984 2323
3071 2788
2199 2396
2264 2687
2907 2687
2006 2339
1977 2269
2545 2655
3430 1757
3006 2240
2426 2663
2239 2199
3118 2546
2937 2482
2138 2432
2230 2203
3065 2386
2805 2137
2222 2478
2095 2650
2110 2831
3281 1760
2089 2358
2138 2284
2008 2283
2321 2677
2801 2597
2111 2814
2457 2884
1973 2334
2780 2154
2322 2729
3013 2330
1989 2345
2803 2442
2260 2474
2755 2560
2138 2593
2832 2093
2755 2544
3009 2186
2829 2403
2454 2746
3030 2372
1915 2338
3075 2518
2015 2357
2111 2272
2070 2712
2655 2451
2123 2793
2118 2430
2723 2707
4057 1266
3002 2792
2990 2344
2467 2748
2413 2810
3302 1726
2852 2044
3327 1738
2217 2755
2931 2704
2913 2500
2073 2297
3058 2131
2588 2667
2740 2155
3030 2306
3077 2480
3899 913
3051 2299
2918 2708
2823 2666
1873 2307
2814 2662
4071 1272
3436 1753
2807 2140
2587 2620
2583 2680
2736 2677
3062 2433
3054 2673
2794 2561
2974 2130
2114 2387
2387 2685
2092 2645
2336 2755
2907 2775
1872 2307
3117 2620
3289 1799
2980 2138
2140 2436
2391 2830
2187 2468
2750 2710
3087 2625
3130 2577
2087 2853
3113 2549
3028 2352
2794 2452
3502 1748
2463 2920
2187 2432
3327 1781
2204 2404
3129 2524
2456 2751
2079 2644
2262 2688
2924 2422
2594 2687
2772 2201
2635 2629
2209 2434
3072 2689
2440 2840
2538 2719
2947 2506
2824 2656
3167 2500
2430 2836
3284 1796
2409 2826
2796 2129
1959 2364
3027 2381
3073 2637
2206 2677
2304 2669
2420 2659
2961 2136
2441 2712
2631 2486
2951 2120
2350 2722
2913 2741
2853 2099
2751 2584
3011 2544
2099 2312
3078 2125
2805 2590
2198 2395
2218 2399
2810 2558
2067 2294
2789 2488
3046 2637
2455 2761
3018 2137
3171 2035
2809 2183
4069 1271
2856 2108
2822 2100
2238 2752
2490 2734
2215 2492
2327 2713
2755 2547
2044 2387
2970 2623
2552 2624
2176 2725
2766 2137
3331 1761
3069 2448
2090 2657
3028 2804
2465 2666
3121 2604
3048 2676
2936 2484
2674 2736
3034 2330
2184 2431
2105 2375
2151 2337
2030 2333
2792 2466
3050 2358
2953 2495
1962 2287
2931 2396
2033 2749
2370 2741
2846 2378
4037 1268
1961 2327
2963 2304
2611 2628
2891 2397
3082 2454
2812 2174
2906 2687
2463 2724
3422 1771
3008 2260
2018 2365
3274 1758
2569 2664
3127 2496
2096 2372
2866 2135
2132 2367
4040 1278
3083 2503
2014 2342
2867 2107
2064 2412
2176 2823
2947 2118
2409 2891
2919 2489
2932 2380
2787 2123
2863 2235
2431 2893
3300 1750
3002 2672
2757 2585
2867 2434
2071 2876
2188 2689
2024 2333
2550 2760
3084 2714
2175 2533
2823 2203
2776 2200
2073 2394
3116 2593
3059 2767
2950 2493
2885 2123
2820 2591
2237 2691
2955 2538
2985 2595
2766 2805
2789 2461
2483 2856
3054 2158
3431 1763
2898 2094
2753 2547
2043 2385
2189 2765
2910 2426
3048 2673
3054 2347
2262 2716
3137 2580
2852 2102
3076 2111
2663 2708
2633 2711
2392 2825
2838 2089
2469 2735
2732 2497
1976 2328
3072 2431
3028 2291
2768 2785
2930 2728
3041 2503
2477 2768
3046 2229
2084 2391
2609 2686
2555 2627
2140 2426
3055 2347
2717 2707
2541 2758
2773 2793
2078 2276
2692 2518
2988 2348
2422 2740
2813 2599
2877 2103
2941 2373
2964 2324
2233 2173
2191 2432
2146 2343
2840 2122
2696 2705
2638 2470
2631 2689
2883 2436
2804 2440
3315 1773
2834 2229
3031 2376
2670 2554
2635 2694
2111 2845
3271 1796
3085 2722
3033 2797
3057 2349
2360 2699
2962 2483
2639 2702
2210 2709
2694 2705
3029 2224
2581 2690
2054 2657
3307 2050
2387 2710
3281 1777
2944 2394
1868 2319
2786 2719
2990 2576
2150 2483
2466 2875
2370 2695
2754 2539
2147 2549
3074 2780
2062 2739
3012 2217
2128 2810
2938 2100
2548 2727
2749 2681
3067 2134
3280 1949
2743 2128
2463 2958
2212 2742
2205 2207
3070 2383
2175 2814
2899 2673
2854 2394
3033 2329
3085 2493
3318 1740
2400 2827
3136 2515
2403 2901
3068 2503
2003 2277
2196 2516
2872 2767
2216 2441
2928 2763
2220 2402
3089 2799
2198 2415
2422 2693
3054 2482
1866 2294
3056 2433
3103 2609
3080 2493
2592 2614
2936 2101
3041 2644
2613 2624
2906 2813
2512 2754
2062 2749
2105 2378
2031 2689
3326 1740
2083 2819
2697 2704
2547 2650
2207 2233
3143 2639
3315 2018
3032 2346
2163 2822
2036 2689
2588 2710
2777 2440
2075 2288
1975 2348
2096 2836
2235 2455
2214 2439
2440 2764
3329 1764
2927 2444
2249 2490
2889 2114
2115 2658
2481 2931
2037 2747
2430 2833
2888 2112
2991 2358
2820 2215
3116 2605
2774 2155
1998 2301
3037 2234
3031 2794
2757 2815
2915 2712
2684 2551
3933 929
4030 1271
2562 2718
2061 2668
2123 2450
3317 1798
2758 2567
2923 2796
2230 2761
3060 2483
2605 2609
2791 2571
2818 2590
2435 2763
3128 2522
2397 2708
2936 2393
2039 2405
2921 2514
2504 2738
3170 2504
2951 2438
2458 2670
2101 2280
3312 1782
2671 2611
2040 2332
3275 1783
3067 2132
3034 2191
2388 2811
2221 2758
2837 2372
3042 2374
2236 2457
2014 2354
2609 2602
3314 2044
2793 2668
1963 2349
2210 2751
2465 2722
3112 2574
2764 2797
2919 2531
2104 2613
3285 1806
2751 2483
3908 920
4043 1272
2592 2708
2795 2126
2799 2033
3026 2280
2821 2180
2669 2708
3057 2731
2453 2913
2954 2543
2197 2711
2097 2311
2761 2594
2773 2523
3033 2288
2729 2104
2222 2535
2383 2735
2737 2122
2770 2066
3054 2490
3024 2671
2068 2685
2333 2758
3069 2689
2655 2597
2059 2675
2750 2726
2760 2638
2451 2971
2650 2564
2820 2596
2267 2671
3093 2572
2451 2666
3011 2550
3084 2627
2550 2653
3108 2551
3130 2523
2043 2318
2918 2508
2642 2446
2665 2564
3060 2315
2941 2407
2878 2843
3075 2138
2229 2464
2080 2831
3028 2387
2570 2718
3037 2800
3280 1948
2640 2462
3313 1756
2777 2172
2087 2407
2666 2481
2782 2674
2013 2346
2068 2761
2686 2726
2112 2273
2830 2043
3021 2233
2453 2960
2102 2284
1873 2323
3905 928
2765 2042
2941 2517
3013 2539
2644 2580
2815 2107
2567 2657
2657 2573
2907 2422
1979 2372
2250 2751
1856 2341
2753 2148
2947 2125
2375 2698
2545 2637
3082 2483
2254 2762
3014 2296
3438 1751
2895 2448
2738 2496
3057 2353
2793 2434
2052 2767
2172 2438
3083 2460
2917 2804
3116 2597
2070 2855
2311 2678
1977 2293
2388 2685
3059 2503
3259 1763
3311 2066
2029 2395
3066 2704
2338 2749
2207 2734
2055 2656
2457 2952
2960 2363
2837 2374
2409 2942
2237 2707
2251 2483
3077 2690
3103 2577
2482 2849
2136 2448
3039 2651
2778 2144
2742 2124
2952 2768
3113 2510
2552 2629
3052 2366
1876 2288
1979 2287
2080 2645
2960 2775
2222 2440
2158 2805
2006 2368
2807 2194
2861 2413
2155 2476
2729 2118
2714 2522
2623 2689
2208 2387
2084 2824
3386 1908
2159 2588
2112 2831
3040 2341
2770 2533
2419 2728
3025 2277
2734 2678
2119 2801
3319 1793
3278 1950
2489 2918
2777 2012
2066 2410
2025 2279
2979 2617
2295 2698
2124 2386
2799 2187
3278 1938
2910 2126
2920 2116
2182 2462
2514 2802
2790 2573
2517 2810
2932 2378
2217 2432
2531 2735
2764 2127
2282 2685
2800 2132
2747 2029
2353 2719
2662 2583
2698 2526
3286 1790
2967 2227
2002 2372
3907 942
2147 2275
2949 2398
2420 2882
2233 2474
2667 2465
2148 2472
2479 2744
2388 2716
2747 2512
2904 2466
3284 1795
2657 2562
2971 2326
2916 2530
2726 2677
2916 2114
2234 2207
2816 2109
2766 2759
3425 1771
2063 2418
2182 2603
3083 2130
2804 2212
2679 2725
1872 2332
2452 2668
2205 2759
2625 2479
2940 2113
2449 2717
2878 2432
2243 2537
2821 2076
3064 2747
2963 2292
2058 2687
2630 2676
2966 2327
3033 2827
2128 2295
2098 2845
3137 2589
3050 2789
2952 2503
3014 2664
3051 2673
2244 2749
1919 2317
3079 2768
2830 2094
3056 2779
3063 2136
2650 2605
2586 2563
2228 2522
3033 2205
3063 2636
2113 2430
2510 2711
2237 2400
2478 2838
2310 2666
2165 2722
2757 2821
2123 2393
2114 2419
3125 2508
3308 1787
2059 2420
2523 2710
3005 2133
2177 2441
2949 2767
2796 2202
2569 2675
2717 2705
2820 2143
2893 2754
2185 2829
2828 2141
3313 1776
3056 2640
2262 2482
2934 2414
2467 2750
2103 2647
2387 2806
2804 2025
2869 2415
2006 2316
2340 2703
3045 2342
2373 2709
3287 1790
2087 2404
2996 2138
2473 2744
3024 2795
3112 2603
2180 2706
2559 2665
2065 2396
3039 2291
3052 2107
2739 2733
2786 2577
2827 2249
2194 2482
2980 2139
3009 2235
2950 2119
2143 2238
2916 2442
2913 2131
2082 2303
2422 2835
3035 2313
3054 2774
2463 2971
2783 2069
3902 917
3062 2372
2458 2961
3281 1778
2982 2610
2916 2781
2692 2507
2148 2475
2749 2693
2302 2679
2917 2512
2815 2594
2463 2969
2034 2399
2113 2643
2106 2820
3004 2134
3063 2711
2811 2598
2507 2734
2183 2431
2124 2301
2326 2685
3044 2235
3001 2132
3154 2581
1973 2274
2763 2122
2409 2828
3052 2291
2820 2196
2825 2197
3023 2394
3032 2345
2969 2137
2187 2258
2938 2111
2655 2608
2500 2735
2652 2447
3049 2157
3045 2336
2579 2672
2462 2724
2924 2803
2755 2611
2281 2674
2627 2683
2526 2710
3082 2730
2207 2742
2519 2800
2440 2717
2779 2202
2891 2751
2392 2811
3065 2798
2655 2702
2070 2271
2668 2483
2473 2741
3122 2569
2391 2829
2980 2225
2076 2651
2217 2393
2881 2841
2429 2840
2526 2713
2131 2344
2583 2671
2102 2772
2693 2539
2965 2142
2830 2416
2057 2417
2507 2750
2751 2590
3075 2428
2396 2788
3123 2518
2932 2764
3065 2384
2914 2744
2940 2504
2628 2688
2943 2557
2756 2543
1983 2337
3019 2229
1863 2325
3081 2792
2434 2721
2457 2899
3034 2655
2822 2610
2976 2569
2078 2785
2535 2637
2804 2186
2010 2350
2406 2832
1912 2323
2865 2137
2453 2958
2420 2885
2761 2819
3088 2679
2805 2031
2840 2404
2751 2575
3140 2580
2234 2172
2775 2195
1903 2332
2768 2210
2077 2275
2249 2480
3268 1769
2915 2734
2622 2682
2474 2757
2958 2405
2755 2590
2104 2874
3065 2111
3003 2131
2778 2203
2961 2125
2201 2465
2471 2742
2912 2112
2593 2602
2758 2143
2129 2633
2311 2672
2998 2573
3386 1903
2958 2404
3006 2669
2475 2823
1862 2351
3294 1720
3038 2672
2153 2342
2056 2725
3038 2305
2103 2715
2097 2369
3061 2337
2941 2796
2227 2406
2841 2265
1979 2376
2143 2673
2661 2588
2738 2495
2746 2567
2454 2893
2124 2615
2986 2350
2886 2088
2171 2803
2821 2670
2975 2217
2790 2440
2160 2784
2371 2727
2596 2710
2843 2647
2650 2706
2775 2589
3125 2591
2908 2407
2875 2654
2732 2116
2580 2558
3123 2495
2579 2559
2203 2404
3082 2504
3007 2268
2057 2333
2080 2298
2197 2673
2489 2919
2106 2292
2916 2501
3300 2047
2105 2777
3295 1754
2859 2645
2231 2206
2836 2383
3077 2115
2209 2747
3069 2785
2249 2487
2959 2125
3303 1745
2824 2657
2341 2703
3942 929
3115 2591
3127 2632
2788 2433
2827 2046
2094 2359
2253 2766
2884 2423
2967 2586
1875 2298
2178 2707
3318 2055
2769 2024
2434 2762
2802 2585
2486 2831
3339 1754
2106 2788
2462 2972
2840 2379
2974 2609
2007 2328
2074 2274
3309 2050
2911 2777
2172 2790
2112 2845
2078 2849
3005 2787
2208 2439
3045 2492
2981 2330
2739 2133
2095 2769
3045 2147
3078 2118
2980 2614
2199 2464
2039 2316
2512 2814
3057 2483
3168 2524
2799 2139
2796 2169
2487 2826
2441 2764
2753 2679
2984 2593
2227 2465
2772 2720
3011 2551
2409 2842
2135 2672
2573 2718
2474 2850
3171 2500
2071 2286
2567 2710
2845 2119
2776 2155
2477 2703
2839 2259
2094 2775
2208 2737
3058 2475
2225 2474
2145 2594
3062 2380
3118 2639
2526 2746
2945 2479
2016 2266
2826 2427
2250 2690
2091 2405
3314 1754
2205 2714
2793 2486
2839 2086
2929 2443
3324 2085
2802 2669
2749 2503
2001 2340
2110 2422
2471 2737
2058 2302
4069 1264
3122 2485
2135 2420
2910 2128
2633 2603
3018 2307
1872 2311
2848 2101
1876 2283
2759 2551
3088 2520
2847 2039
3057 2112
3145 2563
2896 2109
2535 2765
2865 2407
2442 2893
2649 2658
2906 2402
2921 2418
3025 2187
2119 2599
2499 2744
2117 2313
2980 2348
3289 1735
2445 2887
3445 1755
2835 2258
2930 2377
2956 2114
2835 2259
2565 2657
2253 2761
2184 2740
2786 2177
2033 2759
3032 2383
3298 2069
2992 2577
3063 2338
2212 2381
3006 2197
2044 2324
3273 1887
2170 2715
3048 2239
3008 2188
2090 2357
2793 2674
3061 2372
2140 2283
2238 2455
2867 2096
2473 2936
2657 2600
2088 2846
2100 2622
2152 2241
2278 2667
2935 2129
2781 2034
3067 2477
3087 2517
2727 2123
3030 2637
3013 2235
2996 2571
2993 2573
2628 2487
2736 2506
3037 2514
2759 2773
2722 2718
3025 2792
3104 2551
1913 2348
2230 2526
3018 2258
2222 2539
2194 2759
2124 2611
2201 2518
2413 2720
2931 2401
2746 2712
2456 2668
2915 2808
2082 2392
2105 2280
3387 1908
2773 2517
2839 2218
2835 2131
2025 2384
2513 2716
2385 2723
2058 2685
2108 2423
3329 2077
2122 2311
1981 2291
2169 2708
2234 2396
2073 2277
2184 2532
3108 2564
2987 2362
3029 2522
2927 2764
2147 2463
2337 2750
2820 2178
2932 2726
3025 2188
3039 2213
3068 2757
2152 2691
2622 2686
2367 2743
2198 2754
3279 1794
2847 2099
3908 947
3037 2370
2803 2446
2499 2789
3034 2213
2380 2801
2565 2652
2095 2780
2073 2702
2242 2491
3056 2282
2551 2667
2256 2685
3043 2640
2524 2765
2912 2416
2745 2128
2500 2774
2775 2506
4057 1267
2644 2708
2123 2464
2308 2672
2123 2448
2127 2295
2833 2253
2979 2118
2237 2734
2106 2655
3019 2268
2489 2805
2983 2139
3068 2304
2955 2541
3127 2572
3029 2219
2952 2433
2906 2446
2673 2562
2314 2672
2873 2426
2844 2098
2999 2794
2547 2649
2729 2122
3060 2333
2042 2692
2838 2129
3074 2497
3045 2812
3912 935
2242 2710
2485 2758
2922 2804
2771 2177
3074 2429
3034 2813
3062 2768
2915 2763
2967 2399
2795 2027
2453 2667
2410 2935
2209 2209
2846 2361
2825 2074
2855 2395
2968 2624
2005 2342
2972 2409
2130 2878
2095 2649
2929 2482
2573 2707
2475 2759
2787 2148
3132 2635
3153 2563
2091 2607
2202 2754
2160 2783
2760 2811
2775 2176
2857 2233
2104 2377
2584 2561
2362 2712
2124 2334
2875 2425
2444 2748
3032 2812
2649 2489
2814 2599
3045 2498
3044 2382
3014 2248
2120 2818
3901 926
2786 2573
2164 2260
2944 2547
3247 1765
1878 2279
2808 2489
3019 2789
1966 2349
2255 2685
2864 2413
2678 2547
3031 2303
2453 2874
2534 2725
3025 2539
2849 2395
2098 2838
2196 2758
3063 2626
3325 1750
1868 2312
2444 2674
2423 2687
2171 2262
2812 2555
3050 2283
2419 2866
3290 1736
2784 2483
2779 2485
2393 2829
2155 2330
2501 2750
3037 2296
3928 922
2814 2594
2801 2127
2966 2324
2187 2678
2008 2331
2781 2175
2667 2688
2034 2388
2117 2413
2358 2729
2664 2689
2910 2372
2759 2158
2803 2438
2775 2056
2853 2103
2876 2392
2457 2964
2074 2397
3051 2740
2223 2201
3092 2620
2641 2473
2777 2716
2445 2749
3076 2722
1953 2372
2118 2280
2648 2585
3035 2305
2780 2663
2450 2953
3033 2799
2660 2601
3425 1777
2351 2715
3276 1783
2784 2180
2138 2602
2176 2680
3119 2522
2406 2937
2472 2762
3033 2215
2779 2153
2664 2564
2526 2747
3327 1784
2897 2090
2449 2760
3059 2316
2784 2015
2865 2097
2228 2198
2442 2762
2820 2457
3122 2570
2907 2429
2584 2709
3051 2113
1874 2303
2146 2566
2681 2475
2507 2771
2430 2889
2940 2103
3050 2476
2629 2685
2111 2827
2652 2464
2797 2131
3017 2130
2092 2773
2475 2917
2767 2063
2129 2674
3934 929
2886 2129
2746 2696
2777 2062
2998 2554
3302 1795
3164 2496
2830 2249
2773 2589
1972 2279
2575 2674
2831 2406
2993 2583
2226 2757
2853 2101
2718 2704
2593 2583
2622 2688
2150 2572
3055 2814
2965 2146
3022 2163
2860 2648
2762 2814
3927 914
1954 2330
2117 2424
2486 2932
2326 2683
3113 2539
3063 2116
2314 2678
2116 2808
2961 2770
3066 2627
2071 2751
2690 2512
2426 2690
2251 2488
2908 2441
2503 2792
2558 2717
2811 2023
2926 2730
2498 2846
2264 2674
2220 2459
2196 2482
2477 2858
3019 2262
2829 2041
1994 2368
2169 2760
2209 2750
2744 2032
3005 2336
3043 2293
2932 2725
2829 2649
2997 2272
2862 2103
2167 2799
2156 2256
2171 2710
3147 2561
2794 2451
2135 2343
2657 2570
2200 2243
2828 2432
2617 2680
2932 2741
3147 2564
2804 2545
1912 2309
3051 2741
2909 2118
3024 2538
2095 2279
2733 2737
2829 2241
2921 2506
2766 2758
2755 2496
2105 2788
2152 2355
2475 2821
2950 2484
2203 2395
2066 2852
2181 2739
2869 2397
2645 2610
3321 2058
2751 2060
2198 2396
2770 2130
3059 2375
1881 2331
2818 2626
3070 2778
2330 2737
2441 2714
3065 2801
2700 2704
2062 2667
2093 2706
2728 2492
2321 2694
2234 2690
2788 2498
2859 2668
2249 2691
2087 2654
3105 2604
2845 2031
2802 2143
3300 1744
2901 2466
2820 2605
2924 2804
2124 2402
3078 2128
2524 2764
2907 2801
2074 2305
2685 2705
2435 2669
2574 2677
2686 2550
2946 2422
2896 2369
3070 2123
3123 2567
3010 2181
2129 2339
2924 2793
1937 2317
4038 1271
2542 2612
2756 2587
2462 2912
2910 2374
2199 2746
2471 2762
2130 2438
2091 2361
2594 2607
3010 2261
2562 2717
1877 2283
3083 2728
2159 2789
2412 2869
2412 2809
2775 2133
2590 2581
3076 2509
2756 2684
2951 2113
2788 2464
3051 2107
2047 2693
2882 2411
3062 2782
2131 2289
2077 2649
3072 2637
3169 2506
2754 2689
1962 2360
2408 2802
2908 2804
2772 2200
2204 2767
2764 2774
2883 2130
2211 2392
2252 2763
2908 2435
2118 2415
2100 2838
3017 2294
2155 2483
3030 2324
2107 2373
1953 2327
2857 2402
2919 2729
3124 2593
2180 2747
3883 923
2906 2108
2085 2693
3126 2499
3020 2323
3124 2519
3173 2495
1999 2325
2446 2950
2097 2624
2112 2821
2321 2697
1926 2323
3132 2584
3075 2134
1972 2335
2685 2499
1859 2336
3154 2514
2128 2334
2029 2335
2588 2590
2202 2678
2809 2482
2642 2644
2788 2661
3125 2556
2758 2151
2452 2667
2973 2403
2903 2815
2482 2845
2768 2786
2820 2447
2806 2024
3237 1783
2932 2805
2920 2496
2470 2896
2768 2135
2437 2839
1996 2333
2979 2563
2945 2548
3077 2397
2799 2457
2949 2396
2917 2785
3305 2070
2757 2027
2078 2852
2777 2587
2830 2106
2234 2403
3037 2663
2826 2591
2426 2740
2547 2626
2403 2805
3075 2791
2836 2661
2067 2685
2258 2684
2521 2819
1952 2331
2686 2706
2644 2677
2764 2133
2981 2630
2825 2424
2760 2756
2940 2415
2486 2833
2150 2811
1972 2351
2450 2915
2903 2097
3026 2800
2071 2725
2776 2512
2310 2703
2167 2712
2165 2430
2086 2415
1965 2328
2745 2102
2786 2471
2446 2695
3251 1769
2968 2289
2560 2603
2080 2352
2037 2339
3015 2545
2499 2769
4044 1271
2228 2473
2160 2485
2150 2356
1871 2360
3049 2316
2145 2430
2245 2754
2403 2828
1995 2371
3007 2272
2883 2131
3301 1739
2774 2175
2640 2674
2825 2245
3111 2550
3068 2488
2757 2060
2416 2700
2187 2732
2758 2760
2471 2853
3037 2640
2159 2250
1879 2297
3047 2486
2481 2768
2023 2294
1974 2328
2909 2372
3027 2802
2273 2681
2089 2640
2873 2134
2027 2331
2349 2693
2225 2764
2134 2675
3109 2568
2585 2689
2762 2058
3052 2152
2181 2712
3324 1773
2906 2371
3040 2299
3143 2564
2909 2134
2795 2571
2693 2526
2100 2325
2124 2638
3035 2516
2758 2585
3082 2129
2185 2453
3079 2120
2779 2721
2205 2764
2736 2654
2932 2744
2771 2794
2568 2575
2423 2680
2779 2472
2545 2624
2913 2501
2580 2687
2473 2865
2066 2654
2125 2871
3013 2223
2932 2485
2786 2067
1955 2326
3086 2477
2219 2458
2130 2423
2914 2776
3302 1792
2941 2534
2705 2489
2763 2124
2477 2839
3305 1751
2130 2365
2664 2567
3265 1942
2193 2678
2856 2664
2144 2357
2760 2809
3294 1723
2359 2728
2124 2311
2477 2824
2224 2197
2419 2827
2255 2729
2944 2763
2192 2828
2675 2480
1961 2324
3049 2382
2092 2620
2897 2093
2086 2635
2542 2622
2533 2645
1998 2295
2677 2484
1932 2325
2213 2198
2025 2369
2772 2125
3898 934
2224 2760
3340 1763
2881 2833
2389 2819
2447 2918
2325 2729
2882 2121
2097 2316
3024 2827
2809 2552
2748 2511
2772 2196
2155 2453
2948 2428
2074 2752
3117 2641
2146 2280
1917 2345
2466 2920
2334 2742
3101 2512
3084 2683
2087 2833
1873 2293
2738 2698
3170 2520
2586 2676
2848 2040
2234 2746
2069 2283
2712 2487
2839 2028
3287 1798
2934 2722
2399 2791
2684 2711
3053 2318
2640 2464
2794 2568
2200 2741
2800 2598
2774 2658
3127 2589
2757 2061
2387 2694
2115 2734
2006 2296
2124 2675
3052 2479
2645 2608
2482 2854
2322 2692
2555 2630
2681 2695
2101 2388
3089 2699
3340 1750
2764 2643
2643 2475
2525 2806
2204 2730
2739 2140
2459 2935
2773 2201
3062 2732
2641 2665
2845 2125
2009 2321
2102 2714
3902 913
2164 2786
2091 2623
2556 2711
2948 2114
2969 2581
2589 2599
2126 2386
2042 2694
2003 2373
3050 2344
3052 2292
2666 2560
2744 2656
2730 2705
2616 2690
2752 2573
2139 2470
2749 2735
2663 2468
2226 2473
3076 2428
3303 1734
2128 2591
2642 2452
2240 2177
2360 2727
3037 2297
3918 940
2251 2716
2920 2761
1986 2286
3334 1761
2144 2235
2883 2128
2174 2768
2906 2141
2588 2715
2899 2816
3077 2483
2124 2464
3060 2334
3283 1792
2768 2133
2546 2757
2262 2715
2989 2350
2033 2687
3309 2057
2150 2266
2170 2792
2698 2538
2470 2850
2078 2727
2774 2720
2425 2667
2965 2293
3067 2745
2744 2155
3326 2056
1960 2369
2826 2013
2816 2682
3387 1906
2943 2415
3901 917
2462 2847
3018 2280
2311 2679
2151 2241
2132 2364
2639 2579
2121 2638
3074 2312
2786 2487
2494 2722
2127 2286
2828 2042
2476 2748
2528 2736
2431 2674
2896 2662
3048 2298
3062 2300
2407 2896
2442 2950
1949 2322
2953 2393
2061 2656
2248 2738
2196 2679
2958 2147
2881 2128
2078 2846
2904 2739
2589 2615
2104 2625
3113 2604
2871 2657
2183 2592
2755 2678
2934 2536
2106 2661
3040 2508
2867 2095
2153 2452
3084 2717
2042 2390
3082 2681
2636 2629
2456 2905
2641 2625
3034 2324
2786 2431
2205 2450
2803 2581
2111 2661
2156 2443
2127 2633
3019 2137
2240 2206
1876 2292
2037 2751
2693 2485
2824 2030
2736 2744
2917 2718
2409 2802
2413 2723
2121 2819
1862 2315
3247 1770
2843 2125
2941 2527
2957 2293
2108 2722
2413 2722
2093 2876
1951 2322
2658 2609
1878 2295
2433 2721
2270 2693
2680 2483
2955 2118
2644 2486
2782 2192
2736 2487
2105 2856
1908 2333
2089 2384
2861 2658
2821 2412
2939 2391
2757 2151
3086 2516
2919 2488
2487 2807
2208 2733
2914 2721
2118 2274
3060 2733
2760 2708
2443 2949
2853 2234
2415 2722
3145 2565
2773 2516
2949 2370
3353 1758
2823 2208
2910 2771
3084 2451
2786 2196
3131 2577
2579 2697
2881 2417
2408 2826
3011 2787
2760 2503
2202 2480
2202 2708
2934 2739
2754 2810
2056 2767
2150 2457
2493 2750
2071 2847
2682 2484
2976 2574
3326 1751
2095 2371
2395 2825
2094 2836
3125 2567
2738 2695
2449 2771
2158 2430
2158 2806
2107 2305
2008 2338
3926 914
2769 2761
2933 2512
2060 2420
2419 2939
2800 2206
3104 2513
2750 2696
2746 2135
2378 2722
2751 2597
2010 2374
2238 2203
3092 2488
2794 2124
2200 2470
3299 2051
2120 2607
2838 2110
3047 2334
2762 2495
3077 2423
2530 2768
2198 2705
2739 2127
2114 2461
2534 2708
3158 2566
3035 2537
2329 2695
2319 2720
2784 2497
2616 2689
2160 2788
3079 2746
3049 2346
2232 2526
3170 2498
2917 2680
2824 2440
4066 1273
2588 2668
2119 2280
3069 2111
3067 2748
2479 2741
2819 2486
2634 2605
3318 2074
1996 2341
2839 2657
2945 2368
2690 2494
2594 2700
2753 2675
2737 2721
2236 2687
2741 2658
2910 2466
2432 2674
2386 2735
2127 2634
3028 2314
3004 2551
2424 2949
3920 944
2421 2725
3055 2812
2861 2098
2909 2663
3061 2688
2672 2720
2546 2712
3026 2673
2125 2872
2193 2694
2781 2542
3059 2308
2417 2701
2068 2686
3045 2300
3028 2384
2479 2713
2479 2934
2758 2587
2776 2041
2671 2697
3330 1764
2558 2593
2929 2431
2149 2438
2768 2136
2103 2292
2157 2689
2115 2267
2213 2194
2416 2893
2840 2239
2543 2629
2813 2685
2877 2655
3071 2306
3324 2067
3034 2807
3040 2347
3300 1727
2773 2587
2243 2746
2875 2106
3057 2280
2439 2884
2085 2828
3031 2546
3017 2232
2851 2125
2728 2126
2098 2309
1961 2377
2136 2573
3018 2267
2460 2670
3277 1757
3082 2460
2115 2640
2760 2549
2070 2687
2910 2709
3067 2499
3077 2773
3051 2283
2815 2617
1976 2326
2884 2397
2681 2619
3053 2305
3030 2536
2837 2235
3124 2637
2943 2517
2756 2507
2157 2782
2633 2692
2444 2894
1953 2313
2987 2127
2120 2599
2532 2643
2389 2824
3423 1771
2997 2134
2430 2691
1969 2351
2173 2269
2404 2722
3893 924
3123 2485
2954 2548
2186 2253
2650 2451
3020 2327
2853 2653
2553 2760
2884 2825
2113 2614
3035 2640
2769 2588
2821 2581
2850 2236
2753 2504
1922 2319
3069 2387
2177 2824
1920 2347
2647 2487
2752 2482
2040 2388
2553 2652
2821 2626
2120 2869
2748 2691
3023 2360
2154 2273
3387 1905
2752 2656
2994 2559
3307 2088
2741 2738
2154 2476
2776 2052
2687 2491
2231 2746
2770 2182
2932 2801
3048 2677
2644 2673
3116 2573
2796 2452
2962 2577
2178 2420
3237 1777
2022 2283
2451 2917
2823 2044
2105 2725
3104 2586
3285 1769
3030 2544
2019 2776
2560 2598
2997 2269
2478 2832
2071 2837
2923 2794
2910 2728
2142 2422
2195 2672
2165 2823
2411 2875
2112 2435
2633 2682
2722 2124
2111 2434
3116 2595
3031 2307
3919 919
2542 2729
2945 2363
2886 2759
2825 2668
2902 2749
3076 2112
3075 2687
2914 2465
2026 2270
2460 2939
3072 2131
2908 2405
2107 2372
2126 2579
2131 2853
2800 2669
2777 2206
2103 2291
2877 2660
3322 2057
2943 2544
3074 2477
1870 2335
2176 2428
2012 2777
2810 2040
3028 2360
2413 2728
2179 2518
3292 1753
2034 2689
2798 2205
2395 2826
2436 2683
2947 2508
2086 2412
1883 2349
2112 2422
2839 2047
2463 2947
2906 2393
3035 2638
3065 2508
2855 2053
2750 2686
2257 2686
2163 2790
3119 2513
2093 2840
2064 2420
2059 2419
2462 2858
2671 2619
2714 2527
2443 2674
2562 2560
2622 2684
2642 2457
2945 2417
2395 2785
2466 2858
2179 2429
2801 2024
2087 2311
2949 2484
2790 2458
3035 2798
3078 2750
2144 2472
2732 2501
2162 2591
2794 2546
2878 2114
2128 2855
2988 2143
2260 2691
2046 2385
3062 2293
2670 2563
2958 2554
2496 2921
2983 2569
3298 1734
3906 922
2793 2027
2059 2661
2816 2173
2833 2056
2688 2549
2205 2395
2811 2489
3069 2739
3126 2576
2169 2716
2850 2235
2158 2561
2400 2799
2767 2548
3034 2643
2538 2658
2561 2561
2805 2213
3304 1731
2560 2662
2752 2154
2163 2435
2126 2337
2192 2836
2544 2718
2220 2534
3115 2529
2582 2562
1897 2332
2664 2603
3012 2295
2175 2597
2153 2540
2138 2350
2941 2523
2152 2259
2326 2681
2511 2769
2622 2482
2116 2861
3124 2569
2973 2313
2695 2542
2111 2438
2206 2427
3062 2640
2133 2359
2151 2475
2129 2587
2027 2766
2774 2559
2931 2766
3068 2381
3316 2084
3064 2383
2162 2481
2757 2813
2931 2378
2217 2457
2094 2852
2753 2811
2392 2707
3033 2294
3111 2516
2607 2614
2752 2593
2065 2421
2488 2770
2820 2469
2907 2388
2076 2757
2696 2483
2400 2801
2474 2847
2916 2777
2783 2202
3057 2698
2119 2384
3168 2534
3069 2687
2551 2672
2298 2704
3277 1952
2866 2412
2896 2773
2888 2121
2356 2727
2968 2773
2352 2728
2165 2260
2948 2475
2334 2760
2149 2538
2487 2812
2977 2116
2786 2484
3062 2639
3039 2514
2232 2397
1855 2341
2781 2536
2824 2439
2369 2706
3031 2530
2750 2024
2131 2432
2027 2275
3065 2794
3117 2527
3346 1761
2324 2693
3031 2677
3311 2078
2863 2646
3085 2719
2802 2581
2664 2702
3077 2689
2166 2705
2418 2840
2473 2925
3033 2285
2828 2659
2823 2422
2781 2502
2429 2896
2106 2424
3115 2628
2666 2688
3010 2535
2106 2852
2093 2844
2304 2677
3083 2513
2464 2891
2506 2770
2863 2656
2991 2364
2899 2775
3328 1767
2880 2423
2185 2456
2133 2293
2245 2531
2947 2291
2846 2389
2120 2385
2230 2536
2266 2696
2420 2867
2785 2720
3300 1801
2831 2084
2505 2783
2229 2180
2668 2561
2468 2857
2132 2817
3056 2684
2780 2032
3091 2519
2473 2740
2257 2477
2416 2898
2022 2301
2734 2672
3311 2071
2092 2651
2411 2811
2106 2810
2583 2674
2776 2709
2124 2861
2884 2108
2655 2452
3019 2790
2131 2668
1948 2316
2787 2458
2815 2496
1964 2321
3061 2777
2765 2528
3068 2695
2459 2945
1912 2336
2902 2665
3055 2241
2075 2277
2173 2810
2689 2493
2317 2668
3039 2644
2836 2240
3078 2747
2087 2405
2117 2668
2557 2611
2969 2353
2738 2662
2099 2641
2889 2090
2232 2398
2509 2768
2872 2746
2393 2818
2247 2712
2713 2524
2864 2666
2013 2773
2131 2585
3030 2310
2773 2560
2479 2870
2785 2193
2447 2917
2506 2793
3035 2639
1888 2335
2114 2861
2829 2249
2145 2259
3067 2114
2909 2426
2584 2689
3078 2449
2323 2671
3172 2504
2462 2964
1974 2349
3036 2798
2945 2116
2840 2220
2497 2704
2764 2558
3321 2064
2876 2657
2420 2939
2023 2295
2216 2754
3077 2686
2693 2550
2351 2728
2478 2750
3319 1756
3019 2545
3039 2344
2010 2263
3028 2187
2201 2419
2807 2198
2115 2306
2980 2354
2048 2697
3899 923
2717 2488
2799 2555
2232 2692
2184 2457
2526 2764
2757 2502
2901 2447
2919 2745
3331 1776
2477 2926
2730 2126
2822 2421
2641 2481
3059 2355
3075 2397
2860 2649
2548 2722
2737 2104
2040 2331
4040 1276
2925 2762
2839 2089
2209 2441
2162 2791
2113 2716
2095 2278
2888 2838
2786 2485
2986 2129
3058 2686
2113 2623
2253 2483
2508 2799
3036 2670
2862 2661
2827 2142
2726 2108
3028 2395
2620 2619
3053 2361
3023 2282
3081 2145
2758 2592
2135 2585
2751 2726
2529 2736
3317 2080
2167 2711
3048 2346
2978 2627
2994 2548
2496 2722
2859 2106
2076 2277
2038 2338
2782 2533
2476 2929
2044 2317
2809 2024
2033 2334
3327 2068
2400 2824
1969 2290
2107 2462
2183 2458
2140 2280
2673 2468
2470 2931
3058 2372
3063 2757
2014 2757
2107 2281
2057 2690
3063 2502
3301 1804
2746 2514
1995 2370
1951 2316
2322 2684
2728 2107
2071 2395
3041 2340
2764 2712
2696 2531
2891 2439
2780 2131
3026 2273
2438 2915
3021 2240
2288 2675
2159 2686
2160 2354
2104 2425
2427 2940
2875 2760
2911 2367
2234 2206
3123 2557
2809 2214
2421 2838
2117 2426
2247 2710
2841 2643
2093 2277
2654 2592
2942 2099
2473 2924
2949 2475
3286 1796
2067 2862
2922 2395
2161 2535
2958 2549
2913 2515
2863 2102
2828 2422
3018 2305
3301 1721
3026 2544
2835 2378
2127 2808
2659 2606
2099 2836
2057 2677
2911 2368
2374 2696
2977 2606
2038 2401
3053 2480
2755 2685
2356 2728
2939 2386
2818 2595
2099 2782
2829 2141
2678 2735
2473 2829
2057 2678
2739 2664
3172 2507
3087 2697
3033 2282
2803 2043
2672 2702
2476 2936
3269 1942
2781 2503
3067 2729
2994 2268
2445 2878
2953 2289
2104 2292
3033 2219
2972 2623
2750 2811
3036 2292
3032 2815
2797 2170
1981 2286
3006 2334
2611 2619
2948 2123
3305 1730
2467 2663
2401 2826
2999 2136
3118 2506
2745 2663
2743 2736
2987 2345
2123 2601
2055 2670
2917 2802
4069 1242
2920 2518
2417 2937
2094 2385
2020 2267
3047 2797
2178 2715
3162 2517
2213 2520
2415 2700
2956 2286
2106 2725
2246 2744
2921 2423
2155 2339
3233 1786
2700 2493
3074 2126
2917 2528
3296 1784
2568 2573
2588 2669
2487 2801
2797 2157
2568 2567
2159 2248
2234 2691
2930 2726
3079 2771
3081 2522
2897 2091
2036 2330
2702 2526
1921 2312
3114 2645
3319 2044
2658 2611
3010 2178
3080 2463
3037 2652
2004 2333
3051 2801
2123 2296
2468 2921
3016 2515
2071 2284
1866 2335
2376 2730
3052 2305
2321 2727
2139 2262
2925 2791
2478 2702
2875 2753
2463 2955
2885 2749
3011 2248
2988 2593
3034 2210
2986 2568
2649 2451
2816 2664
2190 2432
2972 2622
2505 2755
2937 2109
3088 2482
2134 2877
2129 2374
2899 2145
3918 918
2434 2712
4042 1276
2830 2136
2675 2559
2776 2199
2437 2758
2852 2359
2132 2421
2107 2809
3067 2299
3298 2057
2759 2536
2227 2202
2214 2503
2169 2274
3028 2196
2267 2666
2423 2681
3939 924
2727 2129
2035 2754
2334 2702
2113 2618
3080 2135
2757 2142
2466 2921
2913 2684
2196 2737
2076 2279
3088 2152
2887 2768
2884 2758
3123 2489
2921 2704
2044 2330
2806 2553
2084 2388
2191 2761
3072 2449
2080 2646
2176 2822
3321 2071
3318 2078
3091 2569
2360 2716
2986 2337
3288 1803
2462 2744
2959 2582
3128 2584
2639 2580
2207 2435
2483 2925
2727 2679
2694 2509
3279 1941
3079 2482
2197 2765
2728 2109
3130 2586
2752 2068
3039 2229
2868 2415
2767 2554
1941 2319
2475 2768
2624 2618
2916 2678
3039 2128
2249 2479
2911 2464
3131 2510
2791 2024
3037 2134
2248 2487
2044 2311
3058 2815
1873 2325
3085 2460
2703 2711
2549 2716
3294 1724
2810 2595
2980 2567
3023 2796
2429 2833
2126 2858
2908 2482
2847 2233
2220 2686
2725 2122
2693 2547
3118 2640
2108 2627
2550 2650
2034 2394
2985 2619
3119 2571
1952 2336
2140 2340
2698 2540
2762 2638
2103 2307
2326 2701
2643 2457
3023 2825
3047 2343
2557 2708
2134 2366
2830 2405
2009 2371
2801 2581
2324 2707
2752 2680
2555 2590
2816 2454
2749 2658
2417 2663
2209 2446
2945 2558
2316 2716
2856 2668
3899 934
2932 2493
2433 2749
2493 2849
1857 2342
2699 2492
2442 2761
2183 2681
2768 2211
2882 2823
2480 2763
3172 2498
2913 2710
2694 2706
2499 2811
2968 2775
3128 2571
3171 2526
2833 2083
2123 2620
2803 2449
3020 2294
2687 2710
3066 2504
2036 2686
2921 2518
2166 2423
2109 2827
2791 2662
2812 2468
2909 2401
2910 2369
2411 2807
2936 2530
2248 2750
2141 2599
3141 2590
2954 2396
2237 2181
2031 2310
2433 2683
3032 2299
2944 2294
1968 2350
2462 2937
2112 2816
1881 2354
2601 2714
2970 2402
3122 2488
2115 2816
2934 2718
3886 922
2594 2694
2769 2204
2720 2711
3031 2283
2852 2025
2803 2586
3315 1739
2573 2708
2940 2368
2843 2401
2415 2703
2104 2293
2121 2802
3427 1768
2595 2584
2811 2441
2541 2716
2268 2689
2469 2869
2011 2265
3137 2582
2092 2648
2815 2036
3007 2674
2194 2681
2852 2414
2400 2895
3085 2711
2599 2607
2668 2704
2114 2630
2516 2784
2769 2176
2405 2899
2319 2692
2153 2272
2520 2800
2107 2335
2754 2741
3920 940
2938 2128
2784 2486
2236 2525
2709 2532
3068 2742
2158 2537
2204 2391
2908 2499
2013 2312
2131 2365
2158 2456
2905 2676
2237 2717
3057 2303
2922 2480
2759 2037
2095 2315
2925 2443
2644 2661
2854 2396
2481 2959
2128 2359
2795 2554
1861 2361
3146 2640
2250 2757
2534 2640
3028 2787
2877 2411
2974 2228
2788 2660
2556 2654
2542 2616
3062 2752
2927 2537
3312 1777
2476 2704
2736 2024
3078 2482
2463 2849
1996 2328
3325 1748
1858 2334
2204 2732
2071 2649
3042 2484
2441 2890
2943 2110
3041 2144
1976 2269
3087 2698
1958 2327
3312 1778
2902 2507
3121 2569
3078 2117
2300 2674
2116 2270
2903 2412
2366 2706
3163 2576
3050 2640
3059 2487
2135 2811
2020 2330
2590 2599
3016 2242
2081 2281
2203 2743
3064 2787
3079 2142
2824 2486
2087 2866
2676 2483
3072 2720
1962 2349
2053 2661
2750 2542
2203 2528
2587 2690
3014 2308
2053 2696
1946 2315
2742 2658
2768 2796
2014 2775
3106 2559
2400 2826
2817 2460
1866 2327
2809 2189
3310 2083
2921 2448
2531 2710
2016 2340
2221 2753
2839 2221
2198 2681
2911 2806
2491 2922
1866 2329
2780 2164
2812 2131
3941 926
3299 1785
2090 2352
2165 2815
3086 2680
2638 2704
2119 2715
3034 2804
2887 2834
2458 2937
2303 2705
3914 935
2190 2740
1971 2275
2950 2112
2768 2662
2236 2169
2220 2496
2894 2104
2099 2281
3023 2788
3442 1752
3119 2576
1900 2334
3069 2108
2172 2266
2097 2426
2153 2560
2905 2510
2131 2353
3049 2494
3058 2283
2907 2776
2201 2425
3023 2300
2770 2181
2975 2358
3002 2556
3319 2086
2830 2221
2470 2961
2728 2118
2934 2125
2828 2241
2969 2125
4070 1273
2377 2687
3077 2453
2533 2712
2821 2661
2209 2455
2551 2760
2684 2726
3310 2085
3120 2495
2942 2519
2759 2039
2424 2695
2160 2268
1887 2275
3910 917
3321 2059
2823 2681
2640 2463
1921 2316
2828 2596
2530 2716
1988 2366
2569 2559
2963 2137
2766 2126
2637 2447
2749 2671
2888 2092
2453 2664
3068 2433
2477 2960
2365 2697
2945 2420
2111 2442
3907 916
2099 2857
2105 2648
2071 2877
2026 2390
2830 2226
1955 2290
2805 2132
3086 2450
2792 2026
2823 2042
2164 2438
3315 1738
2736 2038
2100 2872
2914 2451
2215 2755
2138 2359
1968 2376
3092 2627
1873 2329
2490 2801
2087 2878
2381 2726
3051 2109
2991 2345
2514 2806
2404 2798
2103 2304
2120 2388
2220 2536
2847 2397
2930 2429
2003 2278
2969 2623
2504 2760
4049 1273
2460 2729
3021 2271
3001 2131
1945 2330
2737 2485
2081 2782
2768 2187
2825 2602
2754 2161
2545 2634
2594 2605
2509 2754
2537 2728
2790 2159
2947 2367
2899 2103
3053 2158
2821 2031
3119 2609
2941 2512
3132 2579
2693 2527
2383 2729
3343 1754
2534 2750
3064 2249
3060 2136
2362 2719
2149 2359
3061 2343
2519 2772
3061 2283
3426 1767
2893 2833
2507 2781
3312 1742
3321 1796
2235 2746
2810 2136
3049 2475
2564 2717
3046 2645
2732 2498
3163 2498
2309 2719
2114 2629
3083 2628
3035 2312
2391 2688
2465 2950
2258 2765
3030 2635
2545 2629
3131 2588
2821 2654
2828 2103
2758 2634
2825 2201
2302 2705
2435 2721
3074 2770
2560 2717
2988 2365
3037 2128
2182 2592
2838 2127
2166 2807
2057 2765
2193 2430
2594 2701
2938 2488
2652 2567
2639 2474
2316 2669
2825 2639
3031 2807
2703 2495
3036 2644
3323 2085
2652 2564
1977 2378
2988 2364
3084 2454
2329 2735
2819 2201
2807 2666
2115 2815
2122 2670
3064 2727
2592 2580
3006 2335
3043 2381
3315 2084
2163 2277
2035 2403
2786 2167
3077 2488
2934 2100
2251 2715
3002 2259
2212 2387
2433 2672
2790 2465
2790 2467
3310 2084
2474 2664
2450 2888
2047 2386
2026 2379
2642 2646
2848 2033
1876 2359
2976 2631
2909 2433
2711 2527
2034 2309
2733 2122
3030 2303
2585 2670
2906 2119
1881 2332
2853 2413
3903 928
3302 1723
2737 2024
2044 2385
2187 2833
3003 2674
4031 1270
3061 2481
2136 2358
3115 2567
3028 2200
1963 2322
2911 2109
3108 2513
2107 2651
3050 2158
2895 2096
3048 2737
2475 2913
2610 2684
2446 2666
2540 2725
3283 1794
2250 2710
3037 2137
2302 2670
2543 2622
2931 2764
2067 2410
2689 2482
2831 2110
3024 2275
2255 2686
2049 2306
3237 1773
3007 2234
2580 2700
4060 1236
3003 2259
3309 2071
2973 2236
2196 2420
2124 2370
2378 2720
3112 2569
2137 2450
3297 1729
2280 2680
2432 2743
2906 2136
2421 2823
3055 2779
2466 2732
2802 2170
2085 2310
2419 2689
2850 2648
2166 2722
2371 2744
2006 2366
2956 2548
2896 2818
2147 2278
2735 2137
3114 2642
3059 2111
2065 2748
2156 2799
2008 2291
2651 2463
2777 2076
2874 2099
2435 2670
3064 2711
2258 2724
2809 2184
2379 2728
2758 2821
2815 2132
2267 2681
2687 2498
3063 2386
2065 2718
1974 2292
3332 1731
2634 2702
3031 2668
2987 2134
3037 2508
2664 2473
2979 2354
2273 2668
2925 2407
2634 2607
2908 2467
2834 2041
2085 2863
2762 2641
2810 2177
2936 2524
2981 2605
2437 2942
2781 2435
2087 2867
3066 2727
3044 2802
2774 2049
2758 2034
3033 2658
2098 2839
2098 2643
2836 2140
2803 2557
2600 2699
2795 2558
2042 2335
2692 2520
2911 2463
2922 2423
2092 2358
2757 2497
2820 2134
2819 2592
2146 2242
2760 2517
1986 2370
2822 2486
2761 2123
2851 2040
2678 2718
2471 2743
3090 2700
2107 2787
2098 2618
3303 2066
3024 2789
1911 2322
2437 2680
2075 2395
2872 2765
2931 2531
3097 2573
3503 1749
2084 2847
2749 2691
2442 2716
2673 2734
2409 2783
3027 2827
2515 2805
2503 2789
2928 2728
2824 2668
3342 1755
2095 2381
4041 1265
3111 2515
2209 2432
2172 2268
2178 2748
2444 2677
3130 2521
2802 2049
2151 2557
2123 2624
2142 2262
2094 2843
1859 2333
2824 2052
1994 2344
2753 2566
2052 2671
2264 2761
2918 2515
2199 2743
2437 2764
2007 2371
2922 2468
3019 2188
2867 2138
2819 2471
2658 2601
2765 2145
2826 2428
2791 2579
2040 2317
1978 2373
2488 2919
2036 2390
2103 2873
2115 2578
2765 2526
2262 2476
2633 2635
2965 2223
2033 2403
2185 2450
2921 2808
2875 2105
2123 2413
3097 2572
2749 2507
2478 2815
2777 2592
2639 2608
3062 2298
2002 2297
2107 2282
2921 2430
2681 2484
3159 2518
2576 2680
2805 2597
2033 2308
3050 2777
2970 2215
3281 1786
2117 2666
2029 2311
2763 2588
2955 2132
1885 2358
3131 2576
3054 2672
2772 2027
2448 2671
2536 2771
2224 2753
3288 1800
2106 2822
2637 2707
2468 2962
2933 2396
2166 2787
2903 2407
2830 2143
3311 1782
2272 2679
1966 2367
2423 2944
3056 2159
2669 2555
2062 2415
2141 2812
2885 2405
2103 2662
2651 2571
2030 2367
2422 2869
2167 2600
2238 2745
2601 2715
3098 2124
2800 2209
2846 2644
1961 2289
2447 2769
3005 2551
2095 2359
2989 2333
2472 2756
2855 2649
3330 1751
2155 2799
2922 2514
3036 2513
2910 2386
3089 2620
2241 2470
2160 2445
2942 2516
1930 2324
3306 1789
2141 2337
3069 2518
2011 2310
2933 2493
2181 2746
1855 2346
2880 2835
2898 2773
2011 2323
2212 2441
2318 2669
1871 2288
2938 2760
2487 2809
2855 2408
2974 2610
2535 2723
2693 2515
2366 2725
1971 2306
3072 2477
2817 2668
2917 2700
2146 2258
2449 2878
2678 2726
2452 2675
2165 2598
3107 2640
2901 2664
2368 2741
2782 2547
2640 2667
2445 2751
2770 2759
2095 2338
2085 2417
2939 2561
2190 2688
2811 2452
2815 2621
2104 2643
2001 2343
3092 2614
2644 2471
2788 2444
2773 2064
3077 2140
2744 2743
3034 2188
3911 941
2562 2597
2737 2703
2277 2684
2733 2717
2929 2512
3106 2574
2107 2715
2659 2613
2876 2105
3084 2510
2076 2393
3049 2348
2617 2483
1981 2320
3153 2581
1857 2358
3073 2523
2148 2476
2452 2902
2947 2504
2479 2963
2337 2696
3433 1758
2665 2566
2010 2250
2113 2581
2672 2709
2945 2504
3073 2499
2913 2109
2426 2664
2121 2824
2505 2735
3060 2366
1989 2366
2134 2367
3313 2048
2892 2092
1962 2354
2380 2688
3271 1941
2545 2719
2515 2783
2122 2358
2930 2392
2252 2481
2943 2539
2871 2661
2765 2707
2939 2760
2805 2134
2201 2484
2910 2129
2193 2247
3092 2494
2951 2768
2102 2425
2422 2886
2170 2800
3033 2328
2771 2141
2752 2138
3012 2285
2463 2851
3026 2272
2867 2663
2918 2741
3036 2802
2654 2700
3010 2352
2770 2792
3145 2639
2199 2747
2674 2733
2114 2722
2072 2717
2432 2684
2419 2660
2911 2453
1976 2299
2857 2414
2128 2336
2498 2741
2837 2110
2978 2631
2739 2697
2768 2128
2262 2763
2954 2404
2185 2252
3050 2641
3326 2077
2931 2738
2749 2686
2821 2692
2476 2705
2737 2737
2156 2540
3006 2790
1867 2316
2789 2462
1888 2322
2824 2029
2546 2635
3063 2787
2551 2649
3129 2510
2566 2716
2173 2280
2034 2687
2425 2832
2736 2699
2583 2696
2754 2735
2157 2692
2472 2922
2409 2803
3162 2495
2260 2766
2094 2381
2103 2791
2269 2702
3047 2490
2780 2174
2201 2693
2931 2111
3038 2638
2214 2760
2391 2811
2097 2380
2197 2766
2763 2800
2844 2390
2970 2228
2126 2815
3020 2546
2595 2583
2839 2048
2013 2263
2590 2677
2207 2712
2071 2695
4064 1275
2102 2485
2643 2630
2895 2751
3035 2808
2158 2532
3027 2202
2178 2755
1878 2306
2920 2468
2124 2395
2166 2603
2244 2750
3901 938
2475 2934
3073 2300
3073 2635
2459 2752
3435 1754
3051 2241
2784 2569
2203 2394
3241 1774
2803 2029
2462 2747
2784 2034
2805 2557
3932 914
3006 2244
2042 2691
2028 2393
2791 2186
2815 2456
3159 2516
2942 2365
2455 2902
2120 2389
2490 2815
2167 2261
3124 2485
2779 2176
2490 2803
2071 2713
2778 2541
3037 2637
2916 2419
2157 2686
2242 2400
2903 2748
2823 2212
2732 2139
2831 2238
2171 2819
2492 2746
2969 2585
2869 2420
2825 2105
3067 2386
2666 2610
2827 2226
2754 2576
2856 2056
3053 2482
3118 2600
2114 2628
3014 2515
2060 2770
3013 2335
2583 2673
3110 2587
2458 2721
2423 2658
2835 2242
2727 2107
2821 2182
2941 2138
2101 2377
3033 2216
2116 2847
2140 2432
2085 2868
2791 2678
2824 2066
2440 2875
2876 2746
2218 2457
2774 2132
3321 2065
2044 2760
2132 2665
3067 2520
2984 2348
2188 2835
2439 2875
2037 2323
2103 2870
2838 2660
3042 2336
3032 2296
2382 2691
3906 937
3280 1786
2993 2550
2942 2483
2911 2401
2944 2135
2429 2691
3330 1771
2498 2722
3042 2638
2797 2044
2750 2505
2442 2836
3297 1754
2107 2301
3337 1763
2930 2745
2779 2197
2648 2602
2486 2850
2917 2445
2812 2462
2394 2716
2100 2839
2917 2705
2018 2768
2583 2683
3042 2515
2324 2709
3107 2514
2594 2708
2460 2719
2206 2714
4068 1268
2092 2607
3004 2349
2359 2730
2101 2481
2848 2041
2758 2755
1860 2344
2455 2914
3026 2789
3015 2294
3312 1754
2863 2667
2162 2790
2317 2680
2382 2708
2649 2592
2168 2704
2383 2709
2809 2485
2368 2743
2902 2094
2819 2622
2532 2728
2484 2721
2983 2320
2819 2177
2343 2692
2664 2602
3026 2328
2736 2719
2822 2431
3145 2567
2929 2726
3120 2557
3304 1732
2018 2292
2463 2859
2187 2728
2758 2815
2476 2730
2593 2679
2776 2026
2031 2366
2830 2407
2825 2205
2104 2367
2484 2928
2467 2843
2941 2509
3106 2511
2780 2498
3068 2448
2909 2405
2552 2649
3074 2692
3276 1886
2009 2317
2168 2713
3089 2627
3041 2140
2774 2722
2177 2595
2791 2664
2589 2711
1888 2325
2924 2444
2780 2170
2764 2537
3275 1942
3310 2082
2157 2687
2545 2722
2756 2546
2786 2195
2713 2531
2160 2488
3048 2317
2322 2698
2737 2685
2583 2669
2480 2711
2795 2020
2022 2382
2210 2713
3332 1776
3030 2334
2461 2919
2148 2243
2406 2723
2127 2446
3028 2227
2132 2819
4066 1266
2556 2663
2974 2237
1881 2350
2189 2675
2455 2666
2679 2711
2503 2715
2854 2400
2398 2728
3022 2319
2216 2534
2466 2861
2810 2592
3039 2656
2822 2587
2447 2837
2742 2682
2470 2871
2789 2163
2521 2768
2179 2707
3069 2441
2602 2709
2435 2676
2649 2450
2053 2654
2949 2494
2833 2650
2238 2466
3314 2078
2748 2727
3046 2799
2817 2479
2706 2495
2239 2522
3151 2564
2149 2569
3129 2573
2747 2569
2353 2723
3028 2402
3108 2604
2767 2589
2543 2634
2914 2778
2930 2427
2738 2686
2888 2109
2056 2763
2778 2714
2745 2514
2543 2723
2123 2341
2907 2679
3040 2499
2154 2807
2771 2760
2250 2488
2811 2185
2443 2750
4069 1262
3419 1769
2803 2205
2230 2183
2932 2372
3067 2113
3919 941
2400 2898
2768 2203
3028 2236
2965 2314
2982 2198
2434 2748
2170 2424
2456 2895
2063 2287
3334 1771
2799 2130
2795 2669
3043 2800
2050 2414
2501 2813
2331 2680
3121 2544
2805 2124
3082 2484
2488 2922
2019 2768
2042 2339
2775 2175
2998 2551
2806 2213
2786 2068
2597 2691
1942 2328
2754 2725
2123 2399
2572 2567
2601 2703
2641 2654
2666 2609
3028 2229
2410 2939
2126 2447
2056 2664
3036 2375
3108 2565
2153 2258
2618 2668
2106 2614
2499 2718
2833 2087
2941 2546
2771 2206
2407 2800
2433 2674
2764 2757
2162 2492
2686 2548
2106 2657
2845 2649
2428 2893
2897 2654
3041 2162
3006 2268
2754 2150
3043 2501
2822 2195
2090 2395
2463 2719
2882 2119
3031 2384
2536 2758
2654 2594
2929 2742
2757 2162
2228 2194
2097 2381
2918 2702
3035 2195
2557 2608
2158 2327
3057 2134
2913 2742
2859 2108
2928 2382
3075 2766
2107 2319
3319 2064
2823 2074
2035 2751
3019 2524
2128 2818
3091 2617
2838 2215
2431 2834
2076 2742
2547 2723
2467 2936
2143 2591
2913 2711
2039 2402
2949 2506
2787 2472
2987 2367
2946 2417
2938 2407
3072 2391
2539 2628
2821 2600
2419 2659
3028 2526
2598 2581
1933 2320
2146 2600
2788 2127
2777 2015
2752 2540
2827 2034
3117 2529
2853 2236
1982 2322
3881 925
2569 2564
2501 2814
2977 2127
3089 2475
2424 2741
2809 2201
2168 2806
2133 2473
2552 2759
2502 2760
2961 2553
2832 2251
2584 2695
3049 2364
2247 2194
2757 2065
2048 2386
2778 2194
2478 2763
3031 2217
2944 2546
2299 2699
2746 2515
2295 2675
3075 2503
2418 2658
2057 2692
2635 2686
2132 2354
2546 2759
1857 2346
2562 2711
3297 1728
2360 2696
2816 2450
2194 2518
2906 2506
2132 2427
1863 2350
2540 2618
2912 2379
2524 2716
2986 2603
2903 2369
3015 2289
2224 2399
2528 2755
2771 2788
2447 2894
2924 2111
3023 2359
2442 2753
2895 2450
2934 2369
2838 2039
2644 2678
2531 2719
1972 2314
2074 2792
2742 2663
2380 2743
2156 2790
2777 2708
3012 2666
3005 2258
2862 2656
2579 2671
3133 2585
2773 2795
3051 2742
2784 2709
1957 2327
2980 2115
2904 2119
3436 1752
2682 2705
2603 2694
2014 2323
3022 2203
2754 2577
1874 2329
3018 2306
2490 2802
2543 2752
3167 2539
2206 2388
2255 2693
2126 2618
2844 2229
2656 2467
2792 2496
2104 2422
2906 2137
2013 2348
3039 2508
2820 2582
1953 2319
3012 2788
2788 2185
2657 2599
2960 2548
1999 2332
2213 2766
2468 2923
1865 2294
2531 2722
3298 1784
2002 2371
2775 2149
2405 2876
2744 2663
3073 2116
2919 2475
2246 2716
3054 2110
2092 2708
2467 2745
3040 2231
2783 2035
3027 2791
3005 2552
1882 2344
2055 2655
2919 2461
2930 2430
2408 2898
2211 2386
2325 2695
2183 2254
2206 2444
2493 2767
2068 2302
2428 2832
2748 2510
3045 2230
2646 2606
2681 2705
2897 2404
3017 2251
3311 1743
3131 2575
2118 2802
2130 2468
2854 2648
2013 2309
2436 2838
2918 2700
3277 1759
2191 2835
2748 2134
1903 2326
3010 2294
2751 2711
2952 2764
2307 2666
2478 2947
2831 2663
2143 2815
2087 2308
2333 2704
2397 2717
2341 2707
2744 2655
2413 2935
3074 2717
2802 2656
2787 2190
2778 2718
2658 2696
2905 2140
1913 2320
2992 2192
3047 2791
2251 2489
2901 2092
3938 933
2127 2673
2918 2743
2158 2325
2627 2631
1948 2329
2910 2396
3439 1755
2079 2392
2363 2717
2421 2721
2637 2483
2409 2899
2089 2306
2781 2588
2978 2123
3060 2790
2905 2141
2580 2685
1998 2337
2841 2389
2662 2602
2241 2539
2825 2035
2659 2568
1883 2279
3118 2634
3080 2768
3138 2590
2913 2118
2873 2411
2420 2690
3022 2283
3077 2143
2810 2192
2201 2398
2270 2680
2053 2329
2157 2806
3114 2512
2172 2806
2408 2838
3062 2710
2951 2544
2802 2428
2242 2394
2922 2478
2174 2716
2974 2322
3121 2551
3135 2635
2176 2442
2774 2802
2070 2717
1972 2377
4064 1271
3086 2791
3893 921
2755 2531
3149 2641
2419 2902
2099 2876
2249 2713
2268 2670
2769 2786
2817 2690
1863 2342
2119 2389
3027 2670
2478 2845
2825 2202
2908 2396
2794 2038
3021 2833
2101 2472
1968 2371
3041 2672
2464 2852
2512 2782
2956 2538
2188 2527
2131 2369
3104 2605
2818 2604
2789 2126
2495 2709
2579 2675
3307 1752
2406 2807
1931 2316
2955 2474
3070 2477
3017 2673
2947 2537
2509 2817
2895 2375
2723 2677
2625 2628
3071 2450
3111 2620
3169 2518
2967 2359
3118 2598
1914 2333
2947 2135
2918 2461
2509 2715
1991 2324
2889 2111
2939 2388
2268 2678
3113 2542
3075 2634
2818 2487
2142 2669
2144 2677
2107 2322
3111 2618
2741 2735
3026 2797
2927 2809
1888 2275
2887 2826
2753 2569
2413 2695
2766 2537
2745 2598
2187 2255
2776 2062
2199 2758
3890 920
3103 2511
2924 2398
2027 2378
1918 2310
3030 2360
2667 2463
2135 2581
2249 2488
2372 2741
2414 2895
2165 2536
2184 2455
2353 2722
2486 2735
2940 2101
2451 2877
2790 2064
2102 2324
2902 2776
1954 2316
3153 2513
2406 2796
2999 2551
2831 2115
2769 2664
2474 2662
2754 2739
2015 2322
2640 2451
2820 2028
3051 2290
2707 2704
2531 2734
3117 2597
2676 2474
2950 2113
2690 2727
2104 2617
1995 2344
2900 2510
3084 2474
2765 2807
2974 2233
2580 2696
2410 2869
2980 2333
2896 2096
2734 2103
2926 2513
2362 2704
2813 2459
2793 2467
3264 1768
2793 2151
2749 2718
2442 2698
2483 2859
3097 2489
2849 2229
3099 2580
2976 2138
3013 2239
2830 2107
2008 2280
2455 2764
2561 2664
2734 2718
2897 2401
3078 2432
2180 2727
2732 2490
2142 2809
2006 2331
3905 914
2931 2445
2693 2511
2247 2713
2210 2765
3104 2554
3157 2516
2475 2757
2887 2760
2163 2436
2646 2584
2482 2861
2772 2547
3078 2749
2676 2478
3063 2699
1874 2307
2065 2283
2956 2147
3072 2784
1964 2379
3071 2297
2924 2745
2109 2836
2056 2670
2092 2393
2754 2158
2766 2542
3313 1798
3060 2372
2127 2447
2549 2708
2404 2795
2888 2087
2984 2118
2499 2812
3029 2315
2455 2758
3921 939
2069 2694
3003 2671
3340 1752
2592 2710
2673 2614
2478 2764
1973 2330
3066 2382
3935 930
2978 2197
2382 2797
2124 2471
2267 2700
2046 2305
2495 2722
2943 2483
2183 2712
2937 2735
2483 2926
2217 2476
3079 2138
2168 2488
2667 2462
2762 2711
2836 2404
2158 2252
2949 2505
3084 2697
2032 2377
3074 2778
2821 2034
3283 1770
3007 2552
3055 2317
3019 2267
2308 2706
2387 2717
2113 2427
2295 2671
2143 2469
2790 2189
2518 2801
2906 2111
2780 2503
2258 2683
3013 2253
1913 2319
2424 2694
2885 2830
2122 2637
2404 2897
3005 2195
2317 2669
2824 2195
2243 2472
2598 2611
2192 2823
2326 2712
1995 2328
1867 2281
2377 2704
2919 2533
1976 2300
2392 2715
2907 2390
3042 2163
3897 923
2802 2185
1916 2307
2864 2399
2658 2564
2979 2124
2146 2467
3014 2550
2590 2711
2952 2434
2925 2741
2808 2437
2549 2714
3312 2072
2126 2292
2770 2762
2085 2391
3009 2666
2730 2129
3326 1786
2959 2494
2827 2432
2112 2847
2480 2753
3152 2577
2473 2852
2743 2662
2200 2702
4041 1267
3090 2512
2676 2704
2205 2766
3022 2288
2411 2782
2127 2425
3069 2769
2228 2466
2546 2628
2841 2026
2602 2706
3246 1768
2208 2423
2949 2503
2882 2836
3045 2231
2730 2495
3115 2512
2641 2478
2890 2441
2803 2144
2791 2493
3309 1753
2837 2215
2818 2605
2582 2561
1910 2321
2904 2411
2036 2320
3148 2564
2597 2581
1961 2356
3040 2143
2588 2581
2716 2488
3086 2481
1929 2323
2201 2244
2771 2591
3069 2493
3277 1777
2323 2702
2888 2396
2843 2102
2566 2658
2568 2579
2455 2867
2933 2112
2074 2285
2750 2721
2855 2026
2912 2783
3073 2691
2143 2346
2595 2713
2822 2181
2247 2747
3024 2237
2065 2397
2030 2768
2234 2177
2772 2697
2963 2305
2750 2032
2109 2814
3040 2302
4063 1268
2135 2450
2934 2130
3163 2507
2548 2632
2763 2667
2949 2499
1968 2280
2979 2343
2086 2826
2562 2596
2398 2805
2450 2887
2153 2483
2895 2772
2169 2707
2827 2041
3038 2344
1962 2350
2869 2765
2949 2368
3088 2515
2160 2695
2932 2383
2128 2585
2307 2699
2791 2433
3066 2479
2760 2775
2939 2121
3134 2584
2114 2380
2357 2726
3119 2521
2482 2763
2484 2720
3040 2165
2541 2729
2641 2660
2591 2597
2084 2876
2443 2886
2553 2620
3025 2803
2374 2737
2477 2735
1868 2348
3084 2715
2872 2433
3080 2633
2731 2492
2184 2681
2961 2294
3073 2772
3090 2475
2626 2633
2241 2398
2265 2684
2215 2463
3062 2497
2773 2177
2486 2736
2022 2303
2380 2708
2909 2362
2004 2370
2596 2717
1874 2325
2889 2113
2755 2066
2898 2451
2912 2423
2199 2257
2481 2857
2210 2461
2844 2100
2148 2536
3037 2236
1986 2368
3147 2565
2326 2720
2640 2485
3276 1794
2089 2414
3117 2535
2152 2815
2125 2448
2088 2310
2115 2382
2324 2719
2804 2052
2759 2026
2208 2208
3062 2760
2437 2883
2772 2039
2223 2686
2100 2655
2012 2343
2757 2765
2928 2532
2672 2708
2266 2674
2453 2882
2392 2723
2016 2381
3062 2746
3068 2429
2406 2836
2970 2625
2549 2626
2964 2326
2957 2113
3119 2553
3073 2771
2243 2530
2123 2401
2889 2653
3076 2397
2485 2935
2071 2701
3062 2688
3018 2264
1857 2336
1976 2272
2086 2880
3317 1800
2006 2337
2484 2856
3103 2557
2750 2733
2461 2667
2292 2673
2055 2693
2153 2476
3257 1766
2193 2749
3044 2122
2536 2645
1967 2293
2643 2485
2917 2399
2530 2767
2163 2273
3027 2218
2227 2766
1871 2289
2131 2667
3121 2498
2467 2731
2801 2456
2107 2721
2933 2108
2984 2569
2119 2858
2493 2768
3160 2579
2390 2810
2186 2254
2757 2683
3111 2642
2880 2417
3273 1885
2237 2716
1931 2318
2144 2470
2088 2299
2773 2508
2455 2750
2857 2662
2074 2725
2879 2093
2843 2048
3025 2280
2907 2483
3282 1781
2855 2106
3239 1774
2657 2704
2800 2130
3077 2696
2799 2048
2116 2846
3022 2202
3900 937
3120 2605
2048 2405
2008 2292
2732 2684
2953 2550
2481 2933
2842 2129
2083 2634
4065 1237
2097 2281
2090 2300
2924 2721
2355 2695
3334 1776
1988 2333
2812 2439
2625 2627
2609 2690
3162 2562
2087 2385
2482 2706
2112 2420
2455 2958
2068 2858
2475 2961
2811 2456
2511 2800
2246 2710
2899 2676
3081 2143
2128 2807
2836 2252
2944 2538
2749 2687
2474 2755
2454 2668
3302 1796
2150 2450
2403 2829
3073 2123
2500 2744
2922 2113
2751 2135
2506 2767
2757 2774
1976 2294
2094 2644
2197 2483
3083 2120
2378 2705
2883 2090
2182 2451
3332 1762
2155 2333
1877 2281
2904 2394
3279 1940
2835 2234
2099 2339
2905 2405
3154 2568
2778 2025
2486 2770
2713 2527
2089 2647
2981 2192
3006 2185
2447 2717
2206 2728
2199 2529
1911 2349
2181 2727
1965 2348
2037 2329
2889 2121
2815 2474
2911 2431
2705 2709
2827 2427
2945 2545
3063 2113
3317 1776
4041 1279
3027 2328
2157 2488
2706 2492
2977 2125
2425 2665
2163 2477
2602 2695
2903 2738
2124 2737
2573 2567
2776 2142
2441 2887
2754 2613
1970 2343
2739 2128
2818 2683
2069 2712
3040 2303
2068 2862
2866 2666
2727 2125
3051 2735
3092 2734
3141 2637
2591 2581
2989 2341
2915 2441
2946 2366
3145 2571
2797 2547
3066 2112
2892 2741
2988 2571
2748 2715
2169 2792
2414 2801
2112 2814
2584 2678
2111 2380
1872 2333
2135 2669
2169 2791
2904 2437
2386 2723
2666 2562
3033 2640
2906 2370
3048 2640
2883 2095
2233 2399
2821 2442
2779 2496
2391 2718
2761 2706
2132 2810
2243 2709
3901 932
1856 2344
2010 2325
3018 2285
2657 2700
2775 2200
2368 2706
2795 2018
3292 2071
2771 2503
2657 2560
2857 2237
2522 2815
2527 2704
1888 2274
2152 2449
2456 2873
3067 2704
2825 2412
3934 922
2857 2406
2947 2365
2113 2714
3017 2521
2013 2376
2139 2425
2078 2274
2495 2707
3058 2296
2573 2675
2812 2445
2817 2664
2074 2296
2683 2556
2192 2525
2958 2148
3085 2150
2955 2542
2173 2786
2682 2720
1990 2285
3021 2523
2812 2136
2955 2489
2120 2795
2055 2689
3067 2447
2845 2378
2961 2554
2260 2693
3039 2232
2821 2469
2147 2260
2765 2557
2564 2674
3317 2062
3933 930
2078 2396
2473 2771
2745 2737
2732 2670
2142 2238
2989 2270
3066 2697
2776 2030
3048 2235
2054 2725
2883 2421
2908 2511
1860 2331
2497 2717
2364 2720
2342 2713
2952 2430
2998 2136
2528 2802
2914 2701
2494 2922
2461 2731
2124 2461
2109 2805
3123 2556
3024 2830
2975 2619
2085 2309
2291 2674
2893 2669
2515 2707
2085 2785
2974 2612
3051 2240
3100 2609
2739 2124
2370 2699
2888 2837
3032 2670
3032 2373
2196 2477
2435 2882
2148 2563
3040 2651
2239 2393
2900 2370
2969 2577
2133 2807
2494 2731
2954 2473
3035 2832
3050 2299
2823 2045
2226 2543
3301 1744
2262 2689
2074 2791
1911 2346
3101 2588
1903 2331
2145 2812
2130 2353
2748 2031
2426 2746
2750 2742
2458 2750
2597 2692
2776 2050
2636 2711
3170 2530
1961 2376
2865 2111
2993 2621
2071 2650
2195 2255
2082 2818
3085 2793
2672 2463
3063 2689
2888 2759
2912 2367
2382 2699
3011 2545
2093 2343
2476 2735
2202 2467
2825 2441
2075 2720
2467 2941
2826 2103
2241 2690
2201 2411
2906 2404
2749 2034
2009 2332
2407 2837
2000 2278
3161 2567
2812 2469
3073 2475
3079 2697
2083 2830
2798 2455
2832 2432
2892 2107
1871 2305
2172 2420
2737 2739
1995 2363
2915 2741
3238 1785
2667 2464
2875 2655
2980 2617
2082 2848
2815 2606
2838 2104
2170 2274
3043 2657
2420 2725
2106 2377
2778 2586
3036 2314
2518 2787
2776 2706
2754 2147
2064 2279
2240 2684
2963 2302
3031 2640
2980 2114
3044 2516
2081 2295
2711 2528
1884 2344
3052 2108
3008 2134
2763 2062
3031 2810
2632 2604
2427 2941
2069 2852
3136 2591
2569 2567
2671 2735
2348 2720
3075 2135
3024 2545
2171 2793
3025 2324
3882 926
3122 2572
1993 2329
3083 2467
2010 2266
2473 2856
3119 2505
2158 2355
1969 2330
2801 2211
3022 2363
2483 2754
2142 2278
2843 2648
2441 2761
2690 2706
3278 1943
3053 2676
3022 2326
2735 2716
3086 2512
2457 2733
2059 2651
2763 2804
2798 2588
2539 2614
2940 2373
2474 2855
2151 2245
3033 2290
2421 2944
2218 2517
2984 2629
2662 2612
2338 2696
2521 2803
1942 2318
2446 2842
2803 2018
2109 2320
3024 2356
2794 2465
2513 2777
2546 2762
2261 2722
1946 2319
3093 2563
3315 1776
2565 2711
3116 2546
3086 2729
2900 2446
2438 2710
2949 2108
2170 2421
1978 2327
3330 1761
2758 2774
2956 2398
3143 2566
2988 2577
2675 2557
3048 2796
1999 2370
2762 2038
2929 2389
2321 2700
3034 2348
2927 2443
3061 2374
2717 2718
2690 2715
2442 2915
1941 2327
2127 2589
2320 2680
3117 2505
3044 2793
1974 2302
2849 2390
2741 2026
2400 2793
1858 2352
2974 2238
2087 2342
2904 2140
2009 2284
2757 2727
2190 2249
2945 2480
2094 2343
2973 2323
2020 2336
2810 2496
3059 2368
2744 2711
2952 2112
2834 2135
2812 2463
2841 2126
3069 2756
2171 2816
2073 2710
2894 2748
1953 2330
2637 2448
2876 2773
2476 2956
2419 2883
2463 2945
2670 2481
2871 2131
2111 2623
3036 2159
3898 913
1943 2329
2753 2591
2728 2123
2590 2714
3106 2552
2394 2818
3067 2119
3328 1752
3124 2503
2177 2681
2735 2697
3125 2528
2818 2630
2191 2756
2155 2811
2459 2846
3075 2767
2764 2523
2212 2765
2736 2136
2144 2259
4042 1268
2762 2555
2912 2719
2964 2305
2084 2784
2915 2110
1965 2285
2113 2391
2768 2126
2893 2829
2777 2066
2763 2639
2697 2489
2547 2629
3088 2477
3087 2511
3075 2502
2793 2038
2762 2533
2759 2636
2526 2704
3121 2541
2812 2191
2769 2151
2127 2436
2779 2722
2411 2808
2212 2440
2798 2033
3018 2133
3025 2380
2091 2622
2084 2387
2988 2624
2907 2502
3038 2345
2761 2641
2939 2390
2235 2529
2608 2689
3030 2359
2588 2615
1971 2377
2102 2483
2884 2764
2936 2413
2108 2841
2132 2428
2909 2365
2466 2939
2646 2636
3108 2613
2040 2386
2076 2794
2083 2844
3008 2334
2811 2033
2650 2600
2380 2725
2564 2602
2133 2367
2367 2705
2674 2734
2825 2242
2970 2571
2473 2868
2971 2327
2391 2832
2433 2666
2880 2759
2074 2849
3067 2348
2343 2693
3113 2513
2492 2817
3079 2463
2139 2433
2839 2092
2386 2717
2923 2686
3033 2348
2944 2556
3891 926
2612 2607
2490 2723
2194 2544
2474 2827
2955 2479
2919 2498
2132 2664
2081 2278
3098 2570
2311 2671
2215 2440
2084 2704
2514 2746
3301 1748
2085 2878
2394 2709
2471 2725
2474 2846
2060 2280
2114 2446
2129 2602
2109 2801
2916 2712
2193 2481
2148 2473
2909 2775
2982 2346
2678 2730
2876 2758
2785 2194
3026 2670
2841 2369
3113 2507
3035 2672
2001 2339
3007 2676
2937 2537
2158 2685
2689 2515
2106 2656
2229 2762
2205 2444
2200 2400
2917 2712
2923 2468
3325 1751
2704 2708
2144 2245
2882 2120
2343 2715
2817 2113
2062 2741
2156 2432
2838 2378
2737 2102
2155 2258
2861 2402
2481 2839
2998 2138
2156 2440
2151 2537
2311 2674
2981 2593
3161 2564
2843 2651
2054 2729
3000 2550
3114 2537
2732 2502
2315 2706
2709 2496
2949 2482
3062 2379
2074 2716
3000 2130
2633 2440
2878 2391
2438 2682
2380 2796
3420 1769
3076 2638
2477 2749
3036 2368
2048 2767
2815 2497
2470 2762
3079 2114
2778 2047
1996 2334
2983 2595
2471 2728
3129 2515
3057 2254
2154 2483
2595 2692
3322 2080
2958 2556
2142 2348
2163 2793
2119 2420
2432 2940
2947 2134
2823 2040
2566 2570
2279 2673
3173 2503
2219 2402
3006 2788
2786 2497
3077 2745
3333 2067
2206 2767
2486 2712
3049 2787
2638 2697
2468 2936
1917 2316
2432 2746
2779 2204
2461 2975
2172 2604
2435 2885
2804 2597
2478 2819
2813 2136
2108 2277
2906 2368
2010 2265
1977 2309
2707 2496
2911 2391
2957 2433
3074 2720
2840 2376
2215 2708
2410 2870
2233 2688
2411 2845
2471 2746
2166 2270
2981 2122
2091 2832
2330 2679
2790 2030
3024 2794
2154 2249
2838 2369
2766 2667
3336 1747
3061 2788
2752 2716
2197 2479
3296 1785
2092 2777
3040 2667
2163 2491
2076 2788
3032 2536
2086 2386
2227 2691
2439 2713
3064 2714
2544 2627
3008 2132
2045 2692
2379 2721
2258 2721
3068 2797
3328 1776
2177 2536
2490 2931
2098 2653
2990 2340
2826 2245
2664 2610
2523 2711
3077 2430
3122 2577
2735 2024
1991 2285
2333 2698
2487 2932
1976 2312
2828 2244
2811 2467
2621 2676
3040 2514
2309 2666
2913 2737
3032 2376
2112 2863
3282 1792
2870 2435
2798 2038
3121 2503
2946 2414
2904 2144
2104 2819
2492 2715
3041 2505
2820 2446
2153 2589
3087 2505
2761 2711
2813 2457
2948 2473
2875 2099
3148 2517
3077 2117
2119 2429
2962 2554
2976 2609
2757 2158
2407 2938
2959 2565
2879 2744
2980 2595
2637 2439
2126 2803
2157 2691
1903 2327
3042 2672
2525 2750
2640 2695
2992 2560
2408 2725
2262 2481
1971 2351
3075 2490
3308 2056
3432 1757
2777 2717
3093 2570
2329 2693
3889 922
2144 2566
2835 2239
2205 2452
3024 2270
2787 2029
2665 2483
2940 2110
3073 2513
2467 2749
2979 2320
2977 2197
2443 2699
2916 2739
3080 2504
3306 2070
3028 2128
2306 2705
2295 2672
2943 2367
3334 2068
2329 2737
2237 2393
1872 2331
3060 2292
2412 2894
3036 2313
2561 2600
2140 2433
2708 2496
2553 2726
2025 2338
2785 2715
2537 2765
2932 2398
2929 2741
2458 2743
2084 2783
3043 2671
2866 2435
3066 2730
2644 2676
2812 2178
2130 2877
2695 2481
2171 2263
2560 2595
2041 2690
2912 2477
2473 2872
3167 2567
2209 2527
2829 2406
3007 2787
2609 2609
2865 2140
2772 2508
2907 2111
2793 2564
2125 2338
2886 2114
2778 2501
2614 2679
2463 2864
2507 2797
2778 2172
2034 2400
3004 2267
2775 2041
2119 2660
2809 2470
2893 2664
2962 2149
2207 2739
2915 2383
2113 2858
2364 2724
2939 2127
3007 2351
2779 2131
3008 2246
2103 2871
2010 2286
2064 2883
2145 2261
3319 2069
1970 2291
3252 1768
3012 2272
2490 2807
1960 2364
3041 2501
3010 2131
3043 2809
2083 2708
2424 2885
2043 2338
2784 2715
2339 2748
2823 2046
1883 2341
2968 2132
2383 2728
3122 2571
2752 2548
2788 2063
2409 2937
2217 2756
2987 2605
2172 2767
2489 2931
3273 1773
2600 2607
2590 2699
2088 2833
2419 2899
3311 1797
2088 2351
2071 2302
2735 2698
2630 2632
2591 2614
2324 2684
4059 1267
2954 2293
2802 2050
2952 2120
3069 2112
2741 2035
2150 2332
2661 2698
3226 1954
2504 2752
2142 2593
3027 2130
3047 2342
3125 2520
3083 2722
2099 2379
2801 2435
1980 2321
2126 2809
2042 2338
2913 2516
2226 2475
3292 1755
3027 2527
2473 2770
3088 2129
2647 2582
2129 2307
2904 2777
2880 2111
2064 2301
2851 2101
2186 2763
2960 2433
3087 2630
2212 2392
2110 2659
2393 2814
2308 2676
2565 2608
2208 2729
2645 2472
3171 2524
2984 2351
2915 2120
2739 2024
2775 2038
2111 2859
2142 2283
2025 2280
1997 2281
3015 2262
2834 2231
2180 2262
3389 1903
2153 2271
2221 2757
2126 2818
2883 2445
2430 2683
2489 2804
2997 2597
3084 2471
1906 2323
2785 2015
3303 2068
2880 2659
2172 2272
3040 2136
3062 2280
2015 2263
1960 2359
3065 2640
2342 2702
2993 2268
2075 2849
2020 2774
2892 2770
3057 2781
2169 2796
3068 2108
3102 2561
2800 2193
3068 2750
3069 2110
2878 2116
2102 2806
3017 2293
2801 2193
2399 2823
2752 2150
2757 2031
2741 2131
3314 1801
2844 2095
4062 1241
2804 2659
3032 2808
2752 2571
3328 2068
1956 2291
2918 2728
2903 2661
2874 2760
2974 2611
2779 2128
3039 2300
2914 2777
2782 2660
3071 2123
3118 2522
3070 2522
2673 2472
2063 2413
2473 2665
2795 2561
2081 2775
2132 2468
2330 2680
2528 2764
3007 2673
2629 2678
2123 2456
2572 2718
1862 2358
2169 2421
2130 2802
3048 2288
2519 2784
3055 2482
2961 2580
2020 2334
2769 2533
2227 2539
2816 2669
2038 2318
2121 2875
3436 1758
2164 2357
2120 2420
2792 2721
2497 2849
2935 2379
2634 2626
2249 2745
2112 2615
2803 2597
3042 2805
3058 2349
2112 2441
1889 2328
2116 2451
2512 2779
2639 2617
2764 2805
2790 2549
2246 2532
2551 2651
2882 2422
2773 2521
2804 2656
3118 2625
2330 2695
2119 2414
2083 2877
2886 2423
2799 2189
2855 2657
2844 2377
2473 2922
2480 2839
3057 2640
2824 2104
2155 2478
2383 2804
3004 2242
2195 2426
3317 2073
2208 2513
2409 2847
2809 2483
2269 2679
2452 2752
2955 2393
2947 2110
2786 2071
2316 2673
2895 2674
1981 2287
2843 2399
2220 2753
2059 2848
2129 2449
2835 2238
2589 2589
3034 2327
2476 2932
2915 2114
2833 2582
2761 2534
2897 2394
2913 2721
2785 2181
2953 2560
2437 2878
2772 2524
2406 2897
2145 2473
2522 2816
2105 2645
1881 2341
2829 2432
2140 2455
2451 2698
2763 2712
2844 2120
2973 2315
1955 2368
2600 2603
2661 2590
3133 2579
3298 2058
2941 2562
2757 2739
2937 2704
3125 2521
2116 2459
2744 2716
2949 2435
2237 2731
2803 2658
3169 2531
2923 2396
2798 2426
2808 2198
3067 2715
2064 2302
3027 2290
3058 2772
2152 2482
2364 2702
2442 2763
2913 2780
3041 2324
3066 2777
2111 2855
2181 2684
2794 2129
2424 2945
3305 1732
2231 2399
3044 2498
2817 2666
2344 2689
2675 2733
3912 913
2221 2185
2752 2495
2286 2681
2959 2147
2189 2826
2179 2602
2803 2435
2440 2944
2194 2743
2551 2617
2307 2671
3910 914
1990 2345
2205 2384
2616 2483
2492 2717
2093 2878
3029 2541
2591 2682
2401 2828
3036 2655
3013 2350
2552 2755
2136 2283
2134 2421
2977 2567
3159 2575
3073 2129
2188 2248
2940 2372
3064 2788
2947 2494
2636 2486
2733 2718
2409 2731
2919 2759
2786 2072
2741 2670
2640 2454
3014 2220
2756 2501
2121 2675
2026 2373
2184 2450
3103 2589
2377 2721
2081 2317
3167 2537
2003 2331
2810 2206
2867 2140
1872 2314
2755 2684
2722 2125
3051 2733
4031 1271
2567 2656
2556 2629
3059 2441
1955 2369
2102 2661
2842 2128
2117 2802
2795 2438
2784 2189
2980 2564
2762 2021
2600 2707
2169 2597
2131 2427
2809 2204
2699 2522
3059 2112
2718 2527
3066 2757
2373 2743
2591 2583
2752 2583
2442 2914
2125 2354
2770 2030
2589 2682
3929 912
3150 2642
1869 2294
3010 2246
3024 2329
2098 2375
2670 2456
3062 2365
3043 2634
2819 2469
1883 2280
3314 1776
2862 2099
2777 2511
2123 2878
2823 2073
2087 2645
2306 2700
3022 2229
3021 2238
2434 2714
2460 2975
3068 2799
2809 2497
2123 2452
2918 2445
2620 2673
2387 2804
2419 2937
2037 2319
2477 2754
2198 2671
2887 2114
3941 932
1973 2348
2526 2736
2859 2235
2940 2131
3027 2345
2935 2414
2749 2720
2764 2781
3068 2739
2883 2113
2900 2659
2013 2320
2193 2828
2971 2585
2715 2526
2064 2421
3023 2540
2039 2339
3110 2642
2017 2286
1958 2363
2710 2704
2159 2326
2839 2078
2084 2357
2177 2263
2631 2445
2932 2385
2939 2103
2083 2880
2390 2690
2211 2384
3295 2070
3043 2122
3136 2633
2117 2618
2959 2580
3162 2561
2819 2688
1859 2329
2567 2585
3117 2576
2465 2733
2131 2852
2378 2692
2062 2748
2604 2691
2123 2862
3001 2134
3088 2698
2175 2521
2939 2393
2364 2722
2035 2393
2366 2699
2839 2129
2495 2711
2122 2342
2104 2805
2156 2581
4042 1264
2227 2764
3025 2192
2102 2368
2933 2744
1857 2347
2452 2893
2678 2731
3007 2130
2910 2123
2156 2455
2124 2674
2014 2766
2866 2766
2099 2392
2452 2698
3061 2367
2975 2330
1969 2377
2820 2694
2160 2251
2205 2420
2043 2756
2490 2853
2929 2407
2478 2817
2100 2618
2149 2459
2809 2205
2604 2710
2091 2358
2445 2837
2773 2656
2755 2743
2736 2713
2074 2850
2777 2006
2883 2106
2390 2811
2308 2699
2757 2684
2499 2749
3073 2519
3124 2524
2064 2411
3089 2124
2003 2372
3007 2192
2194 2477
2139 2690
2041 2312
2464 2876
2773 2536
2681 2710
2478 2714
2374 2697
2924 2402
2229 2192
2921 2428
2788 2031
3023 2824
2742 2722
3037 2239
2072 2839
2928 2392
3070 2310
2893 2826
2920 2739
1887 2336
2679 2700
3097 2626
2644 2445
3014 2255
2341 2694
2435 2762
2696 2523
3050 2387
3437 1757
2455 2753
2170 2425
3071 2755
2927 2474
2611 2687
2541 2619
2763 2815
1880 2333
2898 2373
2716 2704
2173 2268
3051 2301
2236 2207
2155 2340
2046 2311
3086 2473
2142 2352
2847 2100
3047 2673
2947 2474
2826 2110
3085 2799
3043 2297
2943 2384
3089 2131
2967 2357
2982 2147
2106 2711
2188 2465
2811 2140
2584 2694
2231 2747
2633 2624
2004 2300
2665 2689
2757 2735
2780 2437
2787 2471
2829 2073
2786 2483
3078 2134
1858 2362
2754 2026
2162 2438
2556 2630
2891 2098
2736 2734
3090 2121
2736 2511
3066 2380
2761 2503
2181 2675
2820 2468
3089 2118
2033 2395
2162 2477
2549 2639
2958 2541
2071 2694
2301 2675
2650 2678
2826 2582
2385 2690
2083 2640
2988 2360
2832 2665
2779 2711
3085 2680
3129 2496
3330 2067
2273 2678
2458 2846
2934 2397
3066 2622
2947 2477
1876 2293
3068 2624
2950 2294
2054 2331
1894 2334
2813 2618
2655 2467
2365 2699
2083 2843
3012 2222
2718 2716
2826 2011
2241 2400
2128 2678
3897 924
2181 2704
2093 2843
2253 2763
1992 2280
2781 2708
2135 2587
2104 2770
3034 2233
2928 2705
3037 2233
2490 2811
3342 1763
2737 2495
2788 2187
2118 2620
2850 2395
2127 2676
2060 2664
2875 2410
2207 2477
1871 2281
2130 2818
3027 2798
2672 2697
3939 921
2811 2477
2362 2726
2557 2609
3005 2245
2785 2191
2432 2888
2318 2719
2371 2732
2976 2568
2974 2216
2172 2712
2673 2720
2349 2719
2665 2707
2613 2606
3036 2334
2314 2715
3311 2052
2807 2040
2398 2727
2542 2758
2228 2467
2828 2213
2984 2350
2645 2609
2566 2656
2648 2654
2463 2846
2086 2701
2975 2603
3034 2205
2093 2314
2206 2459
3029 2803
2552 2756
2973 2238
2752 2597
2192 2689
2849 2031
2015 2375
2681 2708
2236 2723
3133 2526
3066 2131
2119 2308
1858 2360
2502 2762
3073 2139
2381 2743
2908 2481
2455 2895
2855 2664
3061 2644
2819 2443
2793 2569
2872 2426
1954 2317
2277 2701
2164 2355
2961 2482
3132 2518
2443 2917
2804 2436
2149 2682
3018 2329
3122 2609
2571 2663
3078 2127
2993 2135
2309 2706
2764 2024
2847 2126
2746 2737
1869 2348
3027 2800
3091 2485
2592 2591
3024 2227
3092 2608
2973 2566
3007 2250
2541 2718
2939 2378
3166 2567
2134 2429
2786 2062
3024 2269
2050 2416
2822 2107
2909 2776
2114 2456
2940 2138
2890 2440
3076 2639
2948 2478
2668 2480
2224 2195
2757 2753
2762 2559
3058 2136
2915 2402
2423 2952
3032 2378
2634 2637
2906 2109
2761 2812
3021 2272
2502 2754
2445 2874
2103 2836
2739 2701
3123 2524
2761 2549
2373 2729
3115 2630
2903 2508
2811 2614
2956 2479
2904 2800
2065 2740
2205 2427
2111 2862
2992 2556
2111 2325
2780 2129
2759 2655
1901 2332
3034 2535
2473 2919
2062 2733
2989 2593
2102 2366
2860 2236
3333 2069
2433 2695
2139 2819
2207 2436
2642 2664
3294 1802
2332 2680
2219 2192
2755 2546
3026 2236
2797 2192
2160 2487
3026 2194
2041 2372
2872 2416
2104 2626
2091 2877
4053 1267
2651 2561
2415 2698
2117 2385
2120 2865
2843 2390
2101 2622
2990 2568
3089 2126
3069 2770
2911 2768
2832 2065
2828 2647
2876 2132
2992 2605
2484 2929
2777 2481
1973 2303
2751 2594
2786 2188
2038 2399
2882 2821
3104 2604
3120 2641
2577 2698
3066 2505
2450 2754
2473 2739
2228 2193
2090 2354
2786 2723
3916 917
2820 2601
2505 2793
2832 2414
2904 2131
2084 2781
3038 2129
3036 2371
3321 2063
2834 2272
2844 2368
2679 2698
3067 2507
2028 2275
3033 2654
3029 2332
2814 2208
3233 1779
1943 2321
2941 2408
2941 2488
3066 2763
2142 2277
2303 2698
2188 2737
2649 2585
3332 1751
2087 2298
2847 2038
2485 2927
2824 2034
3298 2065
3038 2341
3009 2258
2152 2248
2184 2672
2908 2422
2487 2827
3001 2193
2339 2752
2135 2288
2101 2648
2897 2819
2161 2447
3113 2619
3119 2506
2821 2453
2614 2619
2910 2456
2780 2127
2843 2011
3008 2191
2121 2446
2177 2834
3019 2130
2310 2699
3115 2596
2227 2185
3305 1799
2165 2820
2887 2756
3120 2524
2799 2206
2749 2604
3108 2640
2116 2844
2424 2667
3041 2323
2823 2070
2213 2391
3019 2266
2496 2919
2797 2153
2370 2745
3333 1747
2651 2450
2088 2352
2872 2757
3035 2163
2887 2759
2207 2532
2679 2476
2954 2433
2754 2578
2120 2736
2563 2608
2810 2458
2658 2705
2751 2608
2545 2757
2040 2373
2437 2721
2103 2641
2592 2598
2827 2660
2085 2385
3003 2555
2180 2524
2093 2854
2170 2818
3319 2065
2074 2876
2839 2232
1999 2351
2962 2578
2818 2596
2991 2134
3439 1753
2112 2819
3116 2545
2221 2686
2751 2606
2171 2540
3007 2185
3894 944
2904 2138
2917 2500
2104 2302
3014 2663
2942 2764
2775 2177
2955 2575
3057 2359
3040 2324
3026 2390
2800 2184
2850 2362
2915 2504
2881 2832
2577 2689
2091 2344
3016 2253
2780 2184
2549 2635
2806 2025
3433 1763
2405 2725
3055 2112
2837 2026
1979 2322
2079 2275
2170 2705
2776 2179
2902 2439
1977 2285
2683 2705
2881 2769
2124 2867
2188 2691
2919 2463
2449 2754
2466 2851
2822 2046
2127 2638
2986 2346
2650 2700
2318 2717
2918 2725
2470 2893
2670 2713
2865 2113
2182 2787
2221 2687
2754 2157
1852 2366
1893 2326
2918 2698
2054 2673
2734 2117
2990 2139
3105 2590
2068 2854
2801 2136
2103 2283
2770 2128
2409 2897
2077 2277
2921 2516
2774 2544
3129 2512
2369 2697
2810 2450
2940 2766
3293 1797
2918 2486
2108 2801
2080 2313
2944 2544
3060 2386
2091 2777
3317 1750
2082 2707
2592 2692
3062 2381
2121 2303
2976 2359
2394 2822
2017 2265
2022 2380
2755 2595
2923 2708
3144 2517
2148 2242
2988 2270
2784 2718
2820 2486
2640 2581
3050 2240
3348 1760
2755 2140
2673 2714
2134 2813
2816 2460
2150 2339
2919 2117
3117 2532
2103 2298
2930 2799
2851 2651
2186 2829
3276 1942
2136 2579
2839 2025
1861 2359
2087 2297
3279 1786
2822 2066
2783 2659
3054 2312
2219 2401
3009 2272
3031 2813
2863 2659
2268 2687
2183 2682
2820 2471
2008 2271
3013 2346
2773 2512
2076 2849
3042 2673
3281 1762
2211 2241
2935 2525
2839 2042
2743 2099
3059 2815
3016 2254
2140 2425
2621 2677
2061 2848
2190 2684
3249 1770
3060 2777
2442 2876
2753 2564
2811 2439
2695 2482
3317 2078
3076 2480
2760 2043
2102 2477
1868 2359
2638 2676
2492 2799
2174 2760
2645 2470
3014 2266
2802 2029
2436 2670
2173 2713
2711 2531
2809 2663
3035 2165
2525 2746
3007 2236
2906 2467
2266 2666
2929 2401
2942 2125
2157 2438
2461 2945
2057 2670
2759 2063
2635 2677
3030 2530
3102 2575
2444 2845
2054 2670
3235 1776
2648 2703
2771 2051
3312 1797
2459 2666
2149 2480
2117 2579
3337 1760
2919 2504
2890 2833
2790 2565
1894 2329
2100 2788
2795 2202
2984 2591
2803 2214
3915 914
2219 2509
2281 2673
3120 2601
3055 2792
2395 2827
2078 2875
2803 2024
2892 2822
3049 2789
2129 2423
2105 2369
3083 2125
2560 2708
2146 2431
2821 2585
1955 2328
2452 2671
2146 2276
3303 2067
2605 2690
3025 2276
2920 2530
2127 2856
3116 2647
2840 2038
2640 2673
2003 2298
2199 2465
3023 2826
2179 2743
2796 2039
2723 2122
2038 2394
2733 2500
1988 2319
2900 2372
2096 2870
2184 2829
2305 2699
2104 2775
2040 2404
2897 2508
2814 2458
2690 2480
2763 2127
2772 2538
2908 2119
3121 2542
2113 2672
2917 2781
3066 2739
2315 2715
2814 2035
2408 2800
2423 2693
3055 2136
3034 2126
2918 2775
3051 2479
2493 2929
2939 2382
2032 2395
2907 2451
2331 2695
2511 2816
3031 2306
2841 2084
2177 2589
2908 2727
2688 2489
2240 2686
3079 2131
2541 2730
2142 2689
3002 2789
3007 2198
3025 2379
3041 2335
2827 2486
1968 2370
2802 2052
2104 2834
3072 2699
2670 2475
2849 2644
2918 2484
3078 2392
2223 2478
3936 922
2875 2107
3090 2519
2843 2655
3316 1801
2937 2101
2837 2237
2122 2715
2791 2492
2085 2414
2438 2717
2904 2507
2108 2447
3067 2126
2836 2384
3066 2126
1981 2322
2760 2653
2204 2528
2615 2686
2172 2267
2901 2771
1979 2309
3108 2570
2840 2044
2159 2584
2457 2975
2163 2488
2953 2293
2145 2363
2403 2789
2592 2583
2540 2757
3933 915
1984 2288
2737 2494
2482 2806
2694 2491
2773 2065
2794 2671
2977 2181
2990 2593
2927 2802
2993 2582
2892 2826
2535 2638
2775 2043
2080 2774
3086 2490
3040 2502
2930 2804
2161 2450
3042 2144
3162 2566
2170 2799
2175 2716
2261 2716
2942 2565
2372 2698
2878 2113
2396 2786
3235 1782
2667 2687
2146 2677
2093 2782
2440 2718
2610 2629
2957 2432
2076 2315
2020 2343
2133 2687
2976 2234
3068 2639
2408 2722
2209 2427
2908 2811
2925 2763
3051 2356
2240 2521
2125 2284
3942 925
2752 2696
2971 2220
2305 2705
2817 2622
3010 2550
3060 2768
2797 2433
2012 2774
2545 2720
2767 2661
2023 2392
3039 2333
2769 2520
2005 2278
2248 2716
2211 2427
2783 2123
2732 2500
2818 2141
2149 2680
2833 2074
2960 2567
2424 2740
3064 2281
2325 2668
2114 2577
3070 2493
2019 2772
2104 2624
2391 2689
1872 2354
2818 2592
2752 2674
2451 2901
2638 2656
2084 2640
2069 2760
2422 2683
2562 2710
2243 2525
2092 2302
2437 2720
2177 2528
2887 2086
2116 2458
2063 2283
2084 2315
2026 2386
2116 2273
2028 2308
2735 2737
2110 2642
2789 2551
2137 2265
2160 2562
2736 2712
2868 2136
3090 2125
2492 2714
2007 2319
2163 2535
2367 2723
2767 2657
3122 2543
2934 2109
2198 2675
1871 2347
3045 2494
2242 2711
2060 2415
2106 2799
2310 2672
3160 2560
1990 2326
2100 2616
3031 2533
3028 2391
2163 2783
2567 2597
2232 2744
3136 2514
2209 2728
2989 2348
2926 2530
3020 2309
2265 2670
2756 2590
3029 2303
2922 2426
1952 2290
2245 2537
3030 2279
3072 2749
2271 2680
3091 2495
2645 2605
2840 2085
2429 2876
2400 2897
2333 2680
2500 2843
2281 2686
2168 2276
2484 2814
2504 2711
3021 2362
2946 2552
2567 2708
2536 2730
2473 2916
2912 2808
2890 2445
2445 2773
2150 2340
2730 2677
3051 2478
2854 2398
2474 2857
3309 2088
2857 2659
2418 2661
2436 2914
2435 2671
2635 2708
2859 2402
2116 2272
3018 2525
2062 2413
2783 2501
2084 2852
2941 2385
2757 2531
2773 2799
2335 2750
2991 2588
2223 2469
2677 2473
3114 2550
2139 2422
2800 2607
2174 2756
2877 2106
2436 2682
2772 2131
2426 2721
2111 2828
2940 2564
2637 2617
2885 2434
2041 2695
2439 2702
3305 1802
2270 2697
2514 2780
2130 2427
2837 2654
3031 2531
2977 2333
2854 2666
2312 2680
3313 2046
2472 2868
2548 2711
2819 2457
2803 2197
3116 2542
2161 2249
2941 2564
2812 2685
2305 2675
2801 2596
2908 2439
2780 2499
2768 2147
2661 2599
2891 2092
2697 2530
3326 2078
2921 2503
3263 1767
2988 2330
3010 2272
2462 2730
3073 2511
2805 2656
2843 2654
3076 2724
2107 2424
2491 2821
3021 2189
2095 2850
3023 2228
2955 2436
2199 2531
2039 2749
2203 2678
3312 1780
2506 2761
2785 2168
2926 2406
2887 2122
2177 2688
2507 2775
2758 2499
2288 2674
2584 2686
2790 2165
2202 2241
2441 2695
2739 2132
2190 2526
2206 2209
2119 2658
2641 2656
2748 2709
2104 2299
2972 2611
2878 2418
3075 2120
1861 2329
2153 2261
2724 2117
2322 2693
2816 2622
2959 2123
2816 2469
3028 2358
2861 2103
2939 2799
2140 2346
2640 2480
2821 2486
2466 2960
2695 2483
2964 2149
2912 2109
2095 2784
2801 2190
2160 2433
1952 2334
3038 2364
2772 2593
2196 2824
3054 2159
2738 2494
1862 2295
3125 2496
2065 2654
2990 2580
2165 2785
2903 2678
3026 2125
2322 2720
2141 2452
2642 2465
2411 2828
2600 2708
2669 2457
2777 2704
2135 2446
2158 2530
3043 2294
2934 2404
2836 2242
2649 2589
3285 1798
3439 1757
2449 2879
2239 2394
3091 2496
3037 2133
3067 2689
2462 2665
3007 2127
2824 2426
3037 2343
2993 2629
3069 2628
2827 2643
2547 2722
2011 2354
2753 2506
4058 1266
1871 2316
2063 2772
3287 1791
2820 2581
2892 2779
2923 2394
2776 2035
3330 2052
2023 2327
2186 2673
2641 2676
2659 2564
2915 2477
2988 2358
2117 2846
2781 2674
2749 2136
2642 2653
2576 2674
2513 2797
2022 2281
2257 2684
3912 942
3018 2284
2581 2558
2436 2881
2474 2763
2994 2582
3055 2148
2158 2329
2946 2765
1984 2339
2672 2472
2984 2139
2107 2838
2464 2861
2824 2475
2911 2454
2006 2269
2100 2332
2203 2384
2644 2477
2119 2409
2969 2628
3026 2362
2970 2580
3279 1951
2536 2756
2166 2592
2590 2687
2127 2285
2039 2750
2691 2703
3324 1790
3021 2283
2085 2788
3294 2069
2114 2448
3025 2825
3167 2502
2163 2795
1985 2287
2421 2723
2966 2363
2476 2746
2524 2702
2025 2323
3114 2551
2117 2392
2412 2865
2769 2504
3046 2324
2712 2493
2133 2668
2861 2099
2307 2670
2419 2730
2875 2430
2867 2397
2909 2811
3939 933
2063 2658
2640 2611
2455 2960
2242 2461
2677 2549
2802 2197
2548 2649
2129 2444
2043 2331
3078 2124
2836 2109
1990 2343
2436 2712
2926 2512
2630 2443
3107 2606
2809 2179
2164 2428
3053 2672
1962 2379
3505 1749
2433 2669
2962 2433
3941 917
2555 2618
2736 2137
2747 2709
2439 2845
3068 2477
2160 2763
2759 2572
2164 2437
2474 2748
2022 2308
2802 2433
2900 2818
2652 2599
2792 2495
3098 2584
2486 2832
2445 2666
3150 2518
2754 2657
2027 2276
2676 2557
3294 1796
2083 2846
3080 2398
2146 2598
2515 2774
2912 2454
2084 2633
2911 2423
2674 2719
2788 2162
3036 2648
2942 2403
2693 2512
2077 2735
2976 2121
2923 2719
2834 2218
3429 1758
2106 2841
3095 2605
3002 2131
2040 2387
2132 2352
2088 2399
2769 2136
1886 2337
2076 2750
2803 2589
2827 2247
2142 2813
3120 2602
3050 2810
2517 2785
2836 2115
1862 2337
2842 2368
3020 2523
3032 2833
2856 2648
2153 2815
2784 2716
3299 1751
2148 2580
2006 2282
2496 2922
2017 2770
2198 2479
2619 2675
2210 2714
2210 2462
3040 2509
3026 2376
2154 2444
3318 2071
2969 2569
3093 2628
2999 2344
2251 2766
3131 2589
2957 2549
2635 2712
2170 2435
1870 2304
3123 2482
3088 2127
3047 2233
2809 2607
2850 2121
2504 2739
2143 2233
2160 2761
3060 2792
2778 2034
2769 2198
2149 2685
2462 2977
2613 2679
2843 2366
2834 2056
3312 2073
3312 2089
2757 2057
3139 2514
2131 2674
2510 2802
3052 2362
2483 2813
2454 2844
2644 2662
2022 2756
2817 2469
2064 2415
2837 2118
2820 2043
2893 2779
2852 2396
2763 2556
3030 2657
2817 2454
2135 2347
3932 921
2828 2139
3116 2591
1984 2283
3154 2570
2120 2629
3107 2560
2469 2868
2644 2611
2413 2716
3168 2507
3282 1936
3063 2497
2395 2805
2782 2795
2913 2503
2669 2456
3335 1770
2190 2691
3078 2695
2169 2709
3046 2655
2832 2409
2529 2754
3070 2313
3053 2805
2349 2726
3443 1750
2126 2307
2459 2943
2981 2194
2758 2777
3121 2600
2773 2659
2188 2692
2031 2282
2837 2218
2937 2766
2071 2839
2134 2344
2653 2451
3904 928
2894 2661
2839 2404
2058 2740
2440 2751
2108 2662
3055 2675
2819 2034
2446 2838
3047 2240
2845 2399
2963 2136
2674 2615
2898 2751
2755 2495
2813 2627
2772 2031
3029 2197
2634 2485
2881 2115
2393 2810
2064 2770
2477 2746
2636 2446
2906 2110
2895 2768
2120 2720
2760 2808
1965 2319
2670 2701
2431 2699
2088 2873
3278 1759
2162 2277
2453 2668
2915 2718
2796 2671
2723 2127
2128 2859
2142 2578
2125 2369
2890 2115
2941 2377
3058 2240
3127 2481
2384 2699
2022 2285
1873 2342
2860 2103
2128 2290
3330 1754
3062 2344
2040 2688
2441 2751
2515 2705
2101 2290
2438 2761
2457 2967
2229 2690
3116 2548
2079 2349
2761 2515
2162 2681
2755 2751
2115 2458
2471 2767
2126 2401
2548 2709
2935 2529
2856 2057
2223 2543
2836 2258
2458 2746
2424 2901
2779 2184
2554 2615
3141 2576
2827 2411
2315 2702
2086 2874
2489 2718
2861 2407
2813 2666
1976 2297
2940 2376
2334 2700
2788 2033
2739 2039
2703 2499
2253 2695
2968 2586
2179 2789
2099 2427
2112 2658
1959 2330
2350 2690
2997 2550
2991 2625
3271 1734
2168 2798
2118 2429
2783 2585
2409 2938
2102 2659
3073 2718
2879 2836
2920 2687
2326 2682
2784 2435
3074 2128
2598 2691
2578 2698
2138 2603
2790 2665
3032 2295
2012 2339
2026 2375
2410 2787
2104 2474
2104 2866
3057 2802
2327 2714
3290 2054
2643 2454
2764 2505
2059 2847
2183 2675
2080 2865
3032 2659
2674 2557
2112 2436
3050 2349
2758 2768
3056 2682
2172 2598
2918 2474
2747 2597
2836 2261
2736 2483
4040 1271
2118 2867
3067 2714
2385 2800
2819 2585
2194 2715
2882 2443
3064 2622
2810 2597
2836 2405
3066 2500
2886 2744
3130 2580
2379 2720
2005 2274
2668 2706
2120 2714
3029 2350
2788 2144
3171 2501
4049 1274
3909 941
2511 2711
2077 2397
2591 2690
2667 2473
3031 2241
2660 2613
2637 2717
2770 2520
2860 2645
2780 2661
2926 2531
3064 2757
2462 2915
2477 2852
2829 2405
2831 2239
2730 2120
2914 2722
2881 2759
3084 2147
2883 2819
4067 1262
3041 2643
2193 2677
3045 2645
3100 2511
2474 2856
2071 2272
2391 2716
2559 2609
2498 2769
2063 2775
2593 2608
2903 2096
2814 2215
2782 2189
2180 2834
2767 2065
2842 2648
3332 1747
2221 2193
3010 2537
2808 2436
1859 2338
2784 2077
2193 2429
2913 2405
3059 2292
2736 2701
2771 2703
2124 2612
2240 2529
2817 2693
2804 2667
3017 2512
2985 2121
2387 2805
3048 2240
2133 2471
3118 2608
3005 2194
2968 2354
2901 2814
3296 2054
2911 2710
2497 2700
2532 2717
3162 2578
3026 2291
2335 2702
2834 2212
3082 2513
2217 2523
3148 2520
3333 1740
2834 2582
2904 2447
2327 2730
2103 2655
2094 2340
2164 2788
2163 2806
2783 2437
2680 2476
3056 2676
2141 2689
2643 2611
2130 2876
2301 2700
2153 2429
2208 2740
1872 2343
2841 2658
2917 2774
2927 2406
2220 2460
2157 2685
2542 2733
3075 2429
2759 2812
2064 2685
2477 2962
2778 2134
3032 2640
3031 2345
2263 2687
2755 2735
2882 2396
2253 2726
2124 2736
2902 2440
3167 2565
2917 2483
3014 2269
2826 2421
2851 2028
2991 2366
3064 2298
2738 2734
2130 2809
2105 2644
2416 2692
3123 2551
3046 2641
2987 2366
2479 2703
3044 2143
2937 2771
3066 2711
1883 2334
2826 2137
3038 2514
2734 2495
3062 2777
3027 2187
3123 2481
2912 2409
2736 2119
2161 2684
3025 2802
2992 2341
2464 2965
2161 2480
3300 2045
2875 2419
2175 2438
2030 2689
3075 2523
3054 2317
3028 2221
2049 2774
2015 2295
1961 2323
2966 2362
3013 2541
3019 2265
2878 2424
2798 2130
2267 2690
2761 2813
3023 2324
2775 2066
2921 2419
3030 2636
2127 2466
2780 2149
2757 2536
2245 2706
3331 1745
2463 2863
2923 2726
2145 2242
2736 2104
2111 2436
2257 2765
3403 1885
3025 2300
2837 2261
2783 2016
2222 2479
2973 2605
2727 2701
2534 2756
2873 2097
2500 2762
2771 2142
2442 2843
1958 2375
2085 2640
2437 2944
2136 2289
3168 2498
2068 2284
2621 2628
2748 2567
2485 2761
1999 2284
3303 2054
2455 2744
2611 2606
2883 2763
2788 2490
2472 2918
2024 2293
1875 2321
3910 937
3283 1775
2913 2113
2761 2650
2209 2755
2713 2718
2906 2450
2089 2614
2797 2574
3071 2519
2786 2189
3302 1746
2976 2620
2118 2803
2500 2919
3271 1780
3045 2790
2062 2302
2002 2298
2853 2650
2795 2579
3056 2788
3049 2502
3087 2791
2012 2311
2802 2432
2021 2286
2110 2318
2981 2328
2674 2721
2564 2607
2757 2565
2211 2460
3063 2283
2131 2476
2918 2744
2425 2834
2154 2248
2857 2024
2465 2869
3041 2143
3065 2750
2686 2541
2783 2434
2478 2709
1911 2314
2442 2844
2753 2139
2929 2705
2978 2613
3045 2788
3316 2045
2123 2458
2171 2714
2918 2397
3023 2281
3315 1749
2961 2135
2014 2759
2968 2227
2407 2829
2896 2742
2027 2771
2652 2563
3277 1948
2123 2677
2754 2579
2250 2711
3089 2123
3340 2067
2084 2392
2204 2205
2742 2514
3008 2787
2453 2888
2501 2749
2166 2597
3284 1791
2457 2959
3119 2638
2962 2432
2098 2769
3052 2803
2034 2406
2965 2361
2671 2709
2101 2308
2126 2349
2067 2719
2004 2328
2802 2153
2128 2579
2743 2513
3091 2492
2459 2885
1966 2318
2282 2670
2748 2723
3066 2298
3094 2509
2991 2331
2770 2791
1993 2334
1893 2327
3024 2670
2995 2273
3057 2699
2153 2260
2894 2833
2945 2423
3027 2673
3071 2783
2566 2571
2674 2481
2350 2719
2017 2774
3305 2057
2689 2518
2642 2470
2483 2714
2149 2275
2897 2773
2506 2758
2135 2668
2870 2431
2915 2693
2947 2509
2137 2347
2126 2872
2959 2479
2221 2470
2160 2439
2835 2072
2038 2689
2055 2657
3071 2391
2771 2205
2809 2666
2419 2954
2754 2726
2157 2793
2449 2714
3033 2800
2923 2528
2801 2582
2682 2475
3098 2581
2793 2441
3078 2773
1876 2303
2839 2044
2637 2644
2657 2696
2789 2680
2930 2742
2104 2426
3293 2055
2037 2395
3439 1758
2111 2823
2227 2191
3043 2639
3061 2113
2098 2379
2198 2480
3301 2054
2914 2691
2239 2745
2765 2774
3311 1744
2779 2183
2100 2789
2788 2491
2965 2775
2301 2671
2923 2799
2839 2013
2303 2700
2837 2271
2927 2720
2084 2848
2891 2654
2761 2559
2219 2508
2520 2711
2883 2406
2026 2326
2780 2542
3068 2772
2281 2667
3017 2670
2194 2679
2471 2731
2641 2677
2839 2043
2842 2048
2386 2709
2778 2075
2671 2614
2129 2441
3027 2395
2475 2852
2469 2958
2551 2656
2062 2666
2586 2611
2945 2535
2207 2709
2580 2694
2101 2329
2800 2573
2968 2316
3061 2286
2818 2489
3910 934
3068 2720
2840 2095
3043 2323
2875 2751
2131 2876
2591 2594
3106 2514
1908 2332
2454 2875
3027 2197
2104 2430
1862 2352
3081 2127
2151 2813
2679 2718
2556 2709
2953 2765
2841 2365
4042 1263
2957 2287
3111 2643
2459 2723
2510 2710
2171 2439
2825 2665
2081 2851
2084 2283
3066 2706
3277 1773
2014 2768
2778 2049
2088 2871
2441 2718
2846 2036
2143 2672
2706 2503
2747 2681
2005 2296
1927 2323
2601 2701
3074 2115
2236 2474
3040 2671
2162 2799
1954 2290
3114 2616
2111 2730
2478 2957
2951 2108
2427 2721
3320 1778
2854 2665
2832 2227
2992 2134
2927 2512
2793 2495
3031 2385
4070 1268
2932 2369
3071 2787
2795 2124
2350 2688
2181 2826
2957 2401
2840 2082
1895 2332
2595 2607
1973 2344
3032 2359
2068 2651
3091 2505
2167 2797
2547 2714
2531 2723
2994 2143
2757 2569
2873 2754
2828 2404
2315 2708
2791 2491
3173 2494
2465 2941
2452 2887
3046 2485
2671 2609
2406 2791
2908 2402
2420 2830
2201 2762
2359 2721
2960 2299
3008 2181
2842 2114
2136 2583
2749 2499
2668 2555
3903 927
3075 2516
2877 2129
2535 2750
2164 2256
2977 2623
2118 2411
2462 2728
2447 2845
2879 2423
2918 2774
2199 2740
2826 2670
2649 2590
3013 2354
3035 2643
2192 2664
2658 2570
2178 2684
3050 2367
2173 2803
3008 2354
2483 2839
2820 2580
2395 2710
2319 2701
2440 2877
2150 2278
2168 2703
2969 2357
2884 2092
2071 2394
2678 2722
2181 2446
3116 2606
2775 2178
2047 2760
2013 2327
3168 2537
2513 2782
2854 2385
2944 2505
2780 2662
3077 2687
2414 2716
2743 2137
2321 2669
2978 2566
2788 2492
2807 2468
2820 2414
3052 2316
2689 2538
2818 2109
2027 2375
2485 2756
2928 2110
2315 2717
2126 2436
2777 2070
2744 2741
3035 2291
2879 2119
3078 2746
3026 2323
1858 2359
2221 2479
2462 2860
2030 2334
3131 2519
2963 2323
3355 1759
2474 2865
2733 2021
2134 2819
1960 2367
2125 2463
2789 2433
3135 2509
2831 2661
3006 2181
3041 2127
3109 2613
2957 2556
2025 2306
3151 2578
2871 2765
2733 2022
3086 2796
2119 2300
2642 2602
2938 2382
2980 2116
2029 2332
2007 2373
2896 2821
3050 2343
2633 2708
2915 2382
2174 2790
2323 2716
2795 2017
2768 2129
3087 2127
2689 2514
2666 2692
3028 2278
2180 2709
1977 2329
2173 2431
3029 2813
2457 2938
2111 2857
2856 2059
2661 2587
2023 2391
1873 2321
2862 2116
2744 2684
3334 1748
2193 2710
2485 2734
2767 2537
2653 2601
2835 2115
2757 2563
3325 1752
1970 2315
2152 2555
2878 2427
2113 2848
3010 2789
2099 2791
2840 2093
2924 2762
2478 2930
2556 2656
2798 2427
3062 2736
2642 2650
3247 1768
2109 2319
2387 2811
2120 2283
2655 2611
2106 2794
2838 2237
2407 2784
2782 2661
2913 2381
2152 2429
2210 2237
2834 2260
2491 2733
3936 915
2755 2575
2146 2361
2767 2759
2774 2704
2558 2708
2883 2827
1969 2328
2828 2226
2948 2477
2746 2703
2761 2022
3008 2552
2159 2433
2921 2703
2561 2672
2436 2700
4062 1267
2927 2110
2085 2854
3155 2566
3122 2608
2237 2402
2198 2743
2236 2691
2390 2699
2736 2686
3283 1782
1863 2353
2567 2716
2941 2797
2744 2683
2842 2395
2542 2718
3132 2523
2417 2954
3046 2807
2129 2350
2513 2707
2678 2557
2583 2690
2011 2328
2902 2093
1862 2343
3294 1797
2689 2496
2082 2295
1931 2319
2081 2761
2258 2714
3082 2682
3069 2496
1939 2323
2881 2838
3347 1754
3078 2423
3102 2557
2368 2740
3098 2506
2732 2495
3913 937
1913 2315
3054 2346
2613 2607
3307 1751
2541 2616
2733 2498
2068 2403
2178 2445
2917 2421
2128 2448
2964 2146
2411 2872
2443 2881
3031 2818
2606 2689
2423 2692
2126 2348
2157 2251
2235 2701
2751 2669
2183 2790
1958 2364
2640 2474
2966 2355
3070 2389
2957 2147
2232 2470
2838 2038
2768 2782
2734 2505
2970 2585
3074 2523
3074 2788
2890 2092
2873 2135
2982 2614
2061 2658
2544 2634
3118 2591
2217 2761
2220 2528
3052 2295
2109 2862
2917 2713
2082 2387
2093 2707
3024 2311
1915 2307
2809 2044
2090 2877
3410 1727
3302 1721
2539 2658
2768 2206
3069 2383
1993 2279
2089 2654
2582 2683
2842 2130
1927 2325
2106 2798
3073 2310
2843 2026
2220 2522
2639 2658
2808 2465
2439 2669
2432 2693
2095 2336
2013 2311
2809 2042
2201 2709
3282 1782
1958 2328
2816 2591
2378 2708
2865 2412
2913 2401
2962 2301
2846 2099
2438 2712
2765 2815
2134 2473
2692 2491
3026 2126
2165 2257
2142 2235
1887 2322
2169 2490
2824 2679
2808 2441
2962 2773
2708 2704
2065 2745
2776 2480
2596 2608
2810 2183
2357 2693
1974 2269
2088 2300
2188 2463
2272 2671
2207 2766
2950 2767
2066 2740
2181 2822
2014 2350
2013 2313
2872 2747
2758 2745
2750 2547
3908 934
2310 2718
2651 2466
2445 2875
2690 2729
2748 2124
3099 2124
2513 2772
2883 2832
2594 2596
2709 2703
2907 2508
3122 2636
2921 2719
3920 946
2581 2675
2788 2550
3012 2351
2127 2672
2167 2538
2183 2684
2072 2783
2543 2655
2836 2133
2078 2649
1944 2328
2212 2197
2201 2696
2468 2736
2187 2464
2116 2617
1971 2277
3058 2788
2195 2671
2735 2495
2199 2768
2466 2749
2791 2676
3120 2482
2834 2654
2421 2941
3075 2114
2788 2573
2244 2692
2210 2474
2754 2570
3042 2807
2678 2483
2188 2710
4067 1268
2768 2208
3078 2792
2417 2693
2175 2762
2816 2108
3033 2284
2238 2472
2797 2669
2879 2420
2145 2358
2453 2893
2123 2716
2425 2666
3296 1724
2469 2926
2669 2698
2108 2333
2935 2410
2155 2804
2965 2399
2086 2385
2021 2303
2960 2581
2913 2701
2067 2883
2665 2691
3069 2499
2853 2125
2958 2131
3020 2282
2953 2768
3057 2686
3086 2624
2839 2113
2149 2478
2989 2595
2456 2875
2850 2030
2201 2752
2410 2828
2642 2448
2235 2705
2444 2892
2671 2483
2424 2826
2677 2735
2446 2667
3058 2682
2326 2706
3064 2735
2507 2760
2081 2357
2124 2348
2128 2292
2690 2545
3080 2484
2499 2702
3031 2545
2770 2026
2752 2586
2123 2589
2037 2321
2787 2063
2477 2932
2061 2672
3032 2817
2820 2584
2363 2726
2194 2755
2098 2791
2750 2741
2900 2454
2416 2900
2248 2480
2250 2713
2951 2430
2215 2519
2086 2849
2770 2140
3014 2272
3274 1775
2793 2029
2215 2750
1913 2324
3064 2623
2901 2738
2947 2497
3071 2691
2149 2477
2261 2691
2456 2915
2182 2714
2364 2717
2231 2470
2831 2583
2127 2806
4055 1267
2480 2937
2697 2527
2472 2913
2482 2851
2032 2308
2516 2802
2958 2581
2446 2665
2018 2771
2917 2513
2740 2152
2618 2670
3069 2784
2318 2699
2910 2510
3075 2308
2661 2601
2179 2603
1972 2305
2408 2731
3333 1771
2805 2440
2986 2139
3041 2791
2778 2658
2401 2794
2896 2404
1872 2335
2093 2360
1863 2348
2621 2686
2901 2465
2559 2713
2634 2712
3021 2232
2822 2654
3015 2310
2329 2680
3319 1757
2957 2398
2752 2590
3355 1758
3295 2057
2012 2321
2766 2709
2407 2785
2989 2331
2554 2715
2166 2696
2548 2648
3024 2328
2104 2843
3125 2575
2549 2726
3062 2292
2689 2726
2975 2360
3013 2788
2122 2723
2840 2242
2462 2857
3068 2766
3910 921
2038 2330
2694 2528
2086 2299
2831 2260
2061 2674
3087 2626
2954 2401
2824 2666
2556 2713
2191 2685
2085 2704
3051 2345
3116 2641
2761 2811
3077 2525
3316 1744
3269 1771
2922 2729
2505 2759
2763 2502
2724 2127
2263 2482
2478 2766
2791 2456
2272 2700
2822 2480
3028 2803
2910 2117
2833 2073
2486 2716
2128 2367
2115 2300
2835 2376
2505 2761
2941 2379
2182 2685
3062 2346
1871 2291
2842 2380
1873 2313
2820 2448
2146 2271
2741 2038
2377 2699
3056 2281
2764 2519
2074 2273
2180 2790
1871 2344
2815 2494
2177 2439
3337 1758
2250 2755
2111 2274
3083 2468
2105 2292
3119 2610
2839 2376
1951 2321
3017 2306
2484 2735
2824 2197
2264 2669
2632 2488
2915 2687
2468 2745
2397 2817
2932 2804
1874 2293
3327 1774
2956 2560
2805 2125
2706 2707
2763 2041
2656 2591
2919 2760
2069 2398
2164 2536
2296 2670
2085 2864
2825 2244
2159 2762
3070 2112
3076 2767
2121 2467
2848 2360
2815 2460
2887 2440
2821 2043
2897 2432
2002 2289
2781 2794
3331 1755
2665 2712
2104 2772
2665 2700
3300 2069
3346 1755
2957 2116
3330 1752
3152 2516
3042 2147
1922 2310
2111 2861
2777 2659
3034 2204
2077 2650
2912 2095
3041 2674
2824 2647
2536 2648
2141 2577
2244 2734
3068 2628
2710 2531
2499 2813
2146 2436
1985 2282
2844 2643
3099 2575
2110 2439
2477 2859
3015 2364
2467 2668
2937 2526
2158 2356
3293 1753
2750 2156
3090 2616
2815 2605
2091 2309
2123 2672
2953 2395
2860 2399
2194 2478
3164 2504
2734 2508
2896 2660
2875 2400
1988 2327
3319 1730
2818 2682
2778 2162
2053 2305
3427 1775
2159 2256
3045 2232
2933 2772
2211 2395
2254 2688
2756 2163
2303 2678
2195 2244
2785 2424
2210 2438
2729 2704
2129 2434
2438 2706
2763 2517
2124 2804
2371 2713
2524 2746
2495 2748
2839 2390
2419 2901
2367 2727
2771 2067
2031 2755
2559 2610
2950 2115
2940 2394
2114 2422
2104 2289
2805 2193
2821 2482
3012 2549
2187 2710
2392 2722
2632 2624
2249 2485
3325 1749
2830 2042
2239 2712
2102 2809
3935 918
2028 2766
2061 2664
2845 2130
2725 2705
2919 2749
2896 2777
2197 2543
3017 2250
2156 2484
2875 2773
2852 2232
2574 2719
2951 2366
2840 2049
3070 2784
2759 2549
2424 2719
2338 2694
3125 2590
2546 2761
2811 2177
2237 2529
2798 2669
2344 2702
2928 2391
2697 2492
2098 2876
2800 2038
1858 2336
2877 2424
2766 2761
2065 2416
2386 2690
2119 2411
2195 2692
3035 2316
2368 2697
2832 2663
2207 2541
2940 2123
2057 2662
2797 2589
2827 2098
2056 2656
3105 2550
2783 2162
2779 2014
2044 2312
2866 2415
3309 1747
3008 2352
2164 2803
3025 2522
2068 2655
2920 2681
2132 2585
2558 2654
3032 2669
3899 919
2146 2240
2793 2025
2407 2722
2148 2579
2228 2463
2578 2674
3065 2690
3091 2627
2322 2683
2963 2222
2131 2446
2010 2370
2840 2119
2877 2108
2672 2719
2083 2294
2431 2664
3039 2136
3036 2639
2540 2635
1862 2296
2915 2404
2452 2673
2082 2394
2995 2583
2473 2745
2761 2666
3047 2638
2921 2805
2567 2659
2542 2717
3933 914
2931 2481
2132 2807
2665 2569
2035 2335
2215 2479
2966 2401
2938 2765
2631 2690
2104 2774
3154 2567
2885 2444
2382 2801
3044 2229
2456 2698
2768 2505
2731 2685
3279 1779
2059 2418
2935 2769
2959 2129
2114 2673
2655 2607
2764 2503
2783 2059
2237 2209
2117 2637
3100 2514
3113 2504
2793 2152
2432 2662
2823 2106
2813 2458
2894 2086
2938 2493
3277 1790
2128 2447
3938 924
2906 2679
2018 2380
2577 2701
2073 2307
2934 2799
2291 2685
2486 2918
2753 2590
3933 926
3316 2087
3297 1734
3035 2667
2515 2806
2762 2516
1976 2295
3308 2070
3941 915
2757 2499
3283 1778
2907 2440
2073 2753
2805 2438
2916 2730
2470 2899
2485 2926
2858 2354
2092 2307
3084 2793
2622 2480
2895 2395
2907 2106
2903 2660
2759 2588
2187 2433
3283 1777
2244 2537
2427 2717
2777 2536
2028 2309
2290 2685
2294 2669
2911 2418
2761 2555
2227 2403
2935 2370
2022 2370
2118 2422
2090 2788
2022 2282
3317 1759
2060 2418
2405 2875
3044 2342
2593 2597
2168 2709
3290 1739
2079 2864
3333 1732
2690 2491
2795 2559
2492 2823
2745 2032
2761 2815
2143 2813
3145 2572
2075 2652
2832 2218
3037 2373
3311 1749
2458 2975
3112 2599
2698 2534
3029 2828
2907 2662
2386 2714
2744 2720
2901 2104
2634 2627
2761 2019
2096 2371
2814 2216
2758 2542
2830 2047
2137 2453
2045 2314
2804 2438
2812 2680
3075 2795
2950 2429
2566 2608
2478 2818
2484 2840
2523 2716
2081 2760
2909 2681
2744 2710
2184 2263
2486 2813
2983 2578
2926 2115
2912 2419
2850 2037
3042 2335
2645 2644
2120 2402
3276 1772
2443 2667
2494 2748
2083 2630
2845 2231
2747 2025
2484 2754
3022 2523
3329 1780
3028 2297
2064 2422
3064 2759
3093 2488
3005 2185
2207 2238
2905 2659
1898 2332
2991 2566
3294 1726
2500 2810
2116 2410
2776 2151
2626 2632
3939 920
2150 2459
3037 2123
2861 2656
2102 2487
2790 2162
2926 2482
2045 2308
3059 2283
3033 2322
3038 2338
2835 2372
2462 2702
2811 2673
2727 2711
3084 2790
2106 2376
3126 2567
2230 2464
2253 2716
2459 2919
2561 2599
2875 2435
2413 2739
3060 2343
2896 2774
2953 2397
2930 2483
2085 2853
2154 2801
2944 2771
2914 2739
2888 2111
2837 2052
3312 2091
2885 2398
2266 2695
2054 2693
2788 2458
3038 2162
3066 2707
3318 2086
3113 2543
1877 2298
2986 2345
2559 2600
2736 2485
2530 2750
3014 2253
3042 2654
3118 2597
3135 2579
2872 2418
2829 2224
2763 2593
2780 2713
2796 2666
2994 2594
2082 2301
2996 2144
3112 2511
2637 2609
2954 2403
2735 2678
2450 2753
1876 2355
3172 2521
2651 2449
2917 2711
2792 2564
2760 2535
2147 2594
2779 2195
2777 2069
3039 2653
3316 2061
3020 2311
2397 2709
2743 2657
2901 2675
2471 2747
2200 2768
2927 2379
3312 2082
2151 2573
2787 2468
3112 2621
2963 2542
2460 2846
2497 2813
2175 2725
2791 2187
3006 2785
2928 2473
2767 2182
2273 2667
3033 2334
2121 2472
3041 2793
2834 2128
3032 2821
2759 2566
3174 2521
2335 2760
2090 2846
2176 2430
2159 2273
1995 2327
2799 2581
3325 2068
2062 2752
3025 2236
2376 2733
3060 2802
2437 2762
2752 2684
3040 2665
3445 1754
3126 2555
2424 2680
2794 2161
1886 2327
2880 2428
3301 1791
2663 2597
2919 2449
2933 2737
3093 2564
3083 2792
2162 2266
2799 2554
2101 2819
2080 2863
3172 2497
3070 2118
4038 1273
3110 2621
2879 2771
2822 2075
2920 2777
2775 2058
2958 2434
3910 916
2081 2783
2845 2097
2281 2684
3077 2482
2491 2735
1994 2364
1981 2288
2793 2561
2076 2307
2879 2841
2145 2271
2922 2398
2557 2589
2530 2730
2789 2675
2823 2107
3008 2786
2930 2428
2976 2619
4044 1272
2080 2650
1982 2370
2604 2709
2243 2685
2741 2103
2423 2901
2959 2481
2240 2395
2106 2842
2737 2509
2175 2588
2671 2715
3062 2621
2424 2664
3062 2748
2212 2475
2837 2116
1984 2338
2826 2047
2242 2707
2026 2308
2263 2674
2917 2529
2547 2622
3066 2478
2883 2116
2118 2664
3041 2654
2107 2426
2179 2448
2948 2500
3032 2799
2141 2593
2909 2421
2770 2065
2941 2528
2986 2362
2759 2772
3943 932
2767 2540
2932 2773
2213 2441
2185 2671
2282 2673
2195 2679
2501 2918
2026 2384
1886 2341
3046 2139
2278 2673
2815 2608
2028 2272
2885 2748
2574 2673
2145 2243
2779 2724
2028 2380
3070 2488
2929 2408
2172 2423
3070 2305
3028 2195
2647 2602
2962 2294
3073 2751
1871 2319
2408 2835
2696 2528
3116 2514
2490 2733
2788 2032
2165 2795
3899 940
2016 2263
2834 2070
3321 1732
2853 2409
2653 2573
3033 2126
3076 2447
2933 2496
1869 2314
2335 2743
2012 2374
1893 2328
3019 2666
2111 2624
2750 2126
2923 2762
3432 1762
3066 2346
2202 2468
2650 2587
2482 2919
2222 2543
2544 2635
2626 2627
2099 2647
1876 2284
2831 2250
2164 2596
2233 2177
2385 2697
2131 2291
2111 2461
1880 2279
2418 2735
3023 2330
2336 2678
3153 2582
2631 2675
2958 2582
2895 2447
1973 2291
2879 2427
2727 2127
2613 2631
2480 2936
2124 2381
2670 2704
2912 2710
2190 2244
2909 2437
3077 2772
3066 2746
1990 2327
2182 2684
2924 2471
2836 2026
2782 2534
3036 2229
2647 2488
2095 2384
2089 2617
3895 923
2955 2405
2540 2638
2966 2226
2067 2718
2050 2409
3333 2070
2254 2715
3069 2705
4039 1272
2042 2313
2757 2564
2407 2832
2456 2732
3043 2371
2396 2806
2551 2724
2076 2729
2792 2204
2081 2734
2855 2406
2241 2206
3280 1944
2108 2371
2505 2751
2811 2485
2127 2816
3069 2633
3308 1753
2195 2748
2447 2715
2782 2568
2626 2682
2959 2546
2584 2560
2447 2714
2109 2645
3030 2319
2742 2718
1975 2337
2749 2125
3073 2480
2153 2800
2233 2167
1870 2314
2004 2346
4059 1236
2799 2191
2827 2055
2160 2694
2826 2046
2807 2197
3060 2288
2785 2031
2566 2665
2437 2709
3323 1736
3914 942
3153 2573
2302 2669
2107 2321
3073 2490
2951 2499
2070 2272
2828 2105
2086 2833
2084 2313
2240 2460
3036 2194
2190 2693
2108 2320
2818 2585
2617 2677
2758 2765
3005 2268
2747 2128
2980 2318
3306 2050
2131 2423
2086 2845
2113 2862
2929 2740
2129 2579
2755 2776
2937 2772
3319 1737
2068 2405
2080 2727
2614 2605
2435 2751
2779 2169
2885 2756
2743 2721
2973 2567
3275 1756
3068 2723
3068 2386
2645 2654
2314 2716
3172 2509
2527 2736
2074 2758
2911 2455
2913 2108
2890 2108
3277 1945
2769 2707
2218 2526
2064 2721
3344 1755
2021 2299
2497 2735
2165 2487
2579 2684
2097 2768
2148 2358
2114 2732
2921 2534
2573 2676
2225 2752
2537 2762
2811 2457
2317 2702
2090 2647
3028 2312
3060 2493
2210 2241
3030 2806
2337 2692
1972 2374
2493 2816
2161 2485
2194 2739
2775 2806
2962 2136
3064 2791
2111 2644
2807 2441
2763 2591
3117 2605
2618 2669
2401 2809
2885 2403
3033 2231
2441 2876
2872 2130
2908 2427
4066 1274
2121 2876
2771 2787
2016 2335
2062 2689
2741 2027
3055 2811
2930 2702
2634 2454
1884 2332
2358 2695
3142 2518
3066 2691
3149 2561
2446 2877
2870 2432
2103 2471
2827 2644
2239 2680
2785 2570
2821 2441
2640 2482
2087 2792
2135 2854
2759 2067
2828 2673
2795 2665
3085 2714
2540 2632
2393 2715
2901 2145
3920 937
2117 2667
2928 2742
2756 2066
2763 2024
2690 2544
1954 2315
3103 2578
2752 2725
2456 2967
3115 2550
2883 2659
2236 2697
2751 2609
2971 2566
2651 2599
2492 2718
2848 2369
2384 2698
2435 2888
2169 2759
2939 2389
2645 2486
2794 2560
3024 2381
2581 2684
2810 2039
2005 2327
2081 2308
1856 2361
2804 2026
2141 2467
2852 2668
3300 1748
3023 2319
2743 2709
2759 2552
3014 2670
2161 2259
4041 1274
2201 2700
2793 2433
2521 2809
2492 2924
2802 2582
2913 2414
2076 2751
2762 2757
2810 2139
2461 2875
2401 2823
2812 2679
2968 2392
2671 2463
3039 2214
2564 2667
2454 2865
2032 2313
2905 2106
2579 2709
2850 2365
2146 2359
2298 2698
3089 2730
2734 2140
2108 2813
2904 2746
2968 2334
2643 2681
3035 2332
2020 2367
2143 2356
2515 2784
2778 2021
2123 2639
2789 2189
3085 2697
2164 2445
2806 2551
2913 2384
2903 2679
3065 2772
2913 2775
3041 2334
3019 2676
2194 2674
3001 2259
2807 2661
3309 2080
2791 2437
3114 2567
3281 1764
2002 2327
2149 2541
2736 2675
2080 2861
2955 2119
3328 1781
2725 2492
2919 2468
2909 2468
2916 2384
2124 2455
3087 2789
2891 2108
2738 2104
3143 2590
1867 2357
2264 2479
1986 2338
2927 2742
2369 2692
2881 2093
2918 2480
3120 2576
2121 2413
2663 2587
2726 2105
2936 2126
2083 2645
2734 2026
3037 2670
2227 2466
2024 2294
2388 2826
2141 2259
2745 2682
2811 2210
2808 2026
2465 2892
2993 2548
2227 2767
2779 2438
2072 2648
3050 2674
2370 2742
2073 2724
2791 2152
3026 2130
2944 2111
2921 2487
3130 2632
2909 2392
2784 2193
2669 2707
2197 2691
2113 2453
2794 2159
2889 2768
2024 2343
2832 2228
2818 2690
2988 2361
2872 2134
2956 2567
3068 2498
1865 2314
3076 2420
1875 2299
2456 2667
2459 2748
2822 2411
2320 2702
1960 2285
2207 2199
1856 2360
2472 2720
3072 2755
2521 2806
3070 2495
2206 2429
2904 2802
2290 2674
3285 1799
2685 2717
3252 1769
2733 2495
2054 2412
2111 2830
2999 2573
2657 2605
2785 2183
2757 2775
2939 2122
2955 2491
2784 2124
3015 2331
1885 2340
3308 1783
2474 2862
2845 2056
2522 2807
2471 2873
3079 2496
3051 2294
2101 2772
2842 2098
2416 2879
2525 2713
2321 2699
2796 2161
2985 2138
2987 2336
2058 2658
2716 2717
2798 2549
2830 2108
2071 2838
2688 2481
3016 2331
3056 2475
2580 2707
2919 2810
2150 2476
3032 2813
2071 2848
3304 1790
2595 2609
2409 2939
2059 2660
1956 2328
3029 2279
2752 2693
2121 2601
2904 2132
2883 2094
3318 1798
3116 2571
3069 2311
3079 2449
2060 2846
2549 2706
2595 2703
2836 2048
3086 2482
2976 2362
2787 2459
2208 2446
2046 2697
3045 2802
3121 2497
2475 2735
2944 2483
2457 2947
3046 2475
1976 2322
2770 2536
2917 2728
3009 2787
2876 2412
2652 2573
2856 2237
2099 2779
2725 2112
2122 2629
2134 2358
2894 2402
2430 2666
3104 2512
2881 2129
2266 2673
2546 2637
1861 2337
2471 2856
3281 1942
2399 2809
2105 2819
2504 2778
2842 2653
2480 2859
3940 922
2876 2419
2686 2486
2802 2668
2189 2763
3063 2769
3109 2621
2958 2558
2649 2596
2813 2675
3087 2141
2906 2745
2850 2028
2588 2621
2821 2483
2696 2490
2898 2093
3285 1770
3309 2054
2622 2691
2477 2816
2427 2889
2957 2403
3027 2529
2319 2719
2574 2563
2823 2048
1876 2298
2123 2333
2421 2658
3906 943
2634 2486
2069 2860
3924 915
2585 2674
2577 2705
3028 2523
2114 2821
2077 2849
2634 2716
3040 2292
2415 2938
3299 2044
1875 2310
3017 2517
2332 2742
2703 2710
2747 2664
2129 2585
2124 2454
2126 2860
2776 2509
2792 2441
2010 2326
2455 2890
3309 1796
2238 2462
2760 2143
3121 2576
2807 2607
2483 2927
2009 2352
2447 2694
2925 2731
2462 2749
2692 2547
3335 2069
2120 2464
2197 2244
2817 2588
2625 2481
2830 2056
2705 2532
2359 2696
2441 2701
2737 2126
2106 2282
2985 2605
2821 2029
2781 2059
3031 2334
2019 2308
3323 2056
2836 2658
2915 2729
2829 2099
2476 2726
2772 2195
4069 1270
2924 2396
2397 2718
2447 2879
2141 2690
2757 2710
2635 2688
2116 2380
2217 2763
2088 2412
2081 2274
2007 2321
2922 2448
2321 2703
2909 2399
2933 2482
1942 2321
2081 2731
3028 2392
2129 2344
2125 2582
3171 2504
2208 2473
2856 2402
2841 2021
3311 1746
2459 2879
2369 2699
3057 2339
2198 2748
1913 2325
2418 2729
2142 2344
3057 2770
2887 2837
2300 2683
1993 2347
2810 2190
2779 2048
2830 2058
2985 2577
2182 2703
2910 2427
2134 2284
2743 2485
2636 2717
2405 2727
3048 2502
2207 2714
2203 2729
2734 2702
3061 2296
2781 2587
2896 2679
3108 2548
1957 2377
2095 2770
3032 2658
2618 2672
2217 2195
2110 2846
2011 2341
2334 2757
2018 2335
3034 2230
3023 2822
2935 2125
2122 2346
2804 2213
2690 2537
3120 2610
1923 2310
2952 2484
2314 2701
2743 2698
2825 2243
2141 2352
2421 2868
2003 2279
3303 2051
2167 2268
2943 2550
2422 2950
2936 2535
2882 2122
2843 2126
3003 2260
3031 2346
1888 2344
2121 2599
3287 1788
2732 2100
2261 2690
2246 2746
2666 2695
2956 2486
2019 2752
2876 2655
2122 2310
2771 2558
2811 2460
2740 2129
2228 2405
1879 2360
3159 2519
2697 2529
2002 2326
2460 2753
2511 2817
3045 2122
2802 2583
2954 2482
2471 2959
2144 2277
2104 2789
2521 2812
3034 2369
2842 2369
2097 2315
2458 2891
1973 2295
2123 2357
2098 2850
2414 2704
2716 2718
3022 2289
2829 2101
2794 2658
2953 2386
2010 2275
3020 2136
2154 2800
2241 2397
2649 2453
2513 2711
2835 2379
2772 2791
2927 2729
2200 2762
2919 2478
2552 2637
2648 2462
1972 2309
2055 2682
2445 2847
3337 2071
2248 2691
2943 2125
3061 2284
2747 2672
2796 2038
2145 2240
2366 2728
2646 2487
2775 2153
2913 2453
3310 2086
2389 2808
3065 2717
2185 2466
2046 2312
2182 2713
2352 2721
2939 2400
3315 2045
2749 2721
2164 2760
3067 2115
2191 2431
2895 2397
2760 2683
4063 1229
3881 929
1891 2334
2990 2143
2955 2574
2662 2697
2012 2327
2162 2806
2099 2328
2958 2579
2250 2707
2136 2689
2870 2660
2815 2209
2339 2697
2768 2558
2658 2568
3069 2129
2200 2399
2340 2747
2979 2138
2703 2497
3452 1774
2974 2357
3014 2543
2427 2746
2069 2652
2044 2338
2447 2951
2884 2769
2734 2653
2817 2037
2119 2305
2490 2820
2483 2704
2903 2776
2069 2794
2493 2731
2771 2660
2757 2574
2197 2748
2236 2719
1874 2323
2232 2206
2815 2441
2770 2556
2747 2032
2388 2728
3172 2501
2016 2258
2403 2831
2162 2807
2639 2701
2483 2844
1971 2328
3086 2627
2110 2301
2379 2726
2077 2652
2070 2793
4066 1239
2410 2871
2628 2684
3074 2396
2677 2718
2667 2566
2106 2321
2778 2535
2664 2611
2885 2759
3064 2495
2822 2478
2934 2777
2052 2653
2131 2473
3078 2518
2015 2323
2160 2249
3037 2305
3023 2538
2775 2660
2779 2481
3426 1765
1989 2281
2123 2382
1957 2374
2905 2392
1873 2314
2727 2113
2083 2646
3312 2055
1989 2285
3249 1769
2221 2467
3901 916
2111 2856
2636 2633
2297 2705
3086 2790
3046 2654
3338 2069
2116 2618
3107 2563
2566 2583
2769 2196
3117 2645
4035 1270
3241 1771
2161 2762
2779 2194
3102 2576
2161 2681
3279 1790
2173 2539
2981 2348
2875 2756
2236 2718
2793 2661
2135 2362
2156 2807
2547 2715
2730 2121
2563 2569
2958 2493
3040 2669
2150 2691
2051 2326
2812 2684
1986 2337
2681 2717
2957 2495
2670 2463
3172 2506
3081 2467
2461 2726
2957 2580
2123 2580
2886 2827
3291 2054
3301 1727
2939 2385
2221 2403
2115 2665
2193 2684
3295 1799
3000 2193
2967 2569
2079 2735
3099 2584
2910 2429
2741 2036
2273 2665
2903 2145
2161 2701
2136 2430
3427 1776
3303 2070
3088 2480
3152 2517
2108 2802
2425 2740
3933 925
2423 2833
2153 2445
3041 2502
2703 2494
2669 2615
2852 2035
3054 2355
2111 2419
2973 2132
2487 2811
3109 2607
2802 2657
2609 2617
2445 2952
2623 2688
2126 2816
3085 2470
2204 2762
2199 2243
2516 2804
3016 2289
2239 2177
3232 1786
3062 2642
3119 2622
3049 2304
2657 2699
2844 2015
2816 2141
3034 2640
2878 2108
3162 2502
2736 2101
2508 2755
2755 2549
2184 2257
2507 2767
2928 2115
2890 2393
2200 2700
2158 2763
3012 2266
2350 2727
2761 2639
2080 2357
2143 2428
2996 2143
2851 2122
1907 2310
2818 2144
2781 2537
2336 2692
2641 2657
2324 2685
3016 2539
2406 2799
2555 2664
2560 2591
2774 2803
2118 2633
3294 1725
2586 2667
2178 2264
2062 2281
2078 2733
3058 2365
2796 2575
3346 1759
2992 2361
2764 2143
2830 2068
3067 2696
2681 2726
2179 2597
3015 2264
2904 2663
2412 2901
2099 2375
2497 2715
2028 2392
2676 2719
2927 2468
2985 2140
1905 2312
2918 2400
2888 2122
2441 2669
2513 2805
2863 2399
2038 2340
2583 2711
2226 2399
1980 2375
2851 2121
2909 2499
2839 2054
3110 2507
2154 2277
3044 2474
2635 2687
2180 2714
2846 2092
3017 2287
2441 2717
2431 2721
2999 2341
3907 950
3884 928
2641 2601
1924 2309
2443 2945
2838 2370
2214 2710
3299 1741
2913 2478
1961 2368
2455 2940
2076 2397
3069 2431
3043 2296
2942 2528
2772 2798
2214 2389
3081 2140
2192 2684
2989 2338
2083 2292
2940 2563
2245 2685
2134 2432
2756 2759
3073 2312
2552 2709
2938 2522
3001 2553
3094 2494
3075 2391
3054 2478
3032 2305
2632 2446
2307 2668
2905 2413
2132 2349
2137 2283
2637 2618
1988 2314
2794 2674
1952 2330
2825 2583
2257 2480
2733 2490
2238 2467
2690 2725
3115 2635
2101 2654
2479 2842
4066 1240
3435 1758
2319 2683
2980 2224
2802 2456
2765 2809
1994 2363
2757 2660
2850 2651
2606 2615
3064 2346
3907 920
2397 2728
2445 2697
3039 2671
2877 2427
2202 2760
2082 2831
3007 2551
3434 1760
2206 2712
2112 2614
3317 2059
2657 2590
2633 2623
2077 2351
2060 2738
2763 2711
2857 2649
2619 2676
3124 2481
2780 2156
2610 2612
2059 2659
2826 2240
2924 2428
2843 2013
2963 2485
2918 2761
2267 2667
2806 2456
2444 2880
2622 2483
2835 2039
2974 2235
2428 2895
3100 2508
2876 2135
2960 2149
2808 2123
3083 2717
3083 2714
3071 2641
2847 2092
2940 2384
3118 2517
2041 2389
2019 2751
2836 2214
2581 2673
2204 2713
1899 2330
3034 2332
3087 2508
2753 2157
2406 2785
3002 2554
2198 2680
2308 2697
2660 2705
2921 2425
2241 2212
1871 2292
2208 2713
2104 2661
3031 2798
2162 2784
3164 2497
2810 2452
3021 2295
2921 2705
2908 2367
2761 2537
2002 2349
2010 2287
3313 1757
2104 2839
2778 2585
2242 2397
1975 2270
2894 2654
2788 2147
2738 2028
2982 2148
2386 2726
2591 2697
3311 2054
2417 2731
3019 2230
2236 2705
2734 2671
2724 2707
3027 2538
3029 2223
3081 2504
2826 2174
2851 2666
2104 2285
2769 2185
2991 2595
2528 2730
2559 2591
2201 2470
1914 2335
2898 2092
2073 2880
2330 2690
3085 2114
2796 2560
2693 2541
2463 2701
2663 2569
2441 2942
2973 2237
2931 2383
2466 2721
2480 2929
2172 2802
2924 2400
3021 2222
2102 2374
2550 2757
2929 2511
2192 2248
2159 2274
2117 2461
1883 2335
2764 2542
2745 2664
3026 2802
3036 2667
2989 2624
3151 2563
2971 2121
3289 2069
1944 2314
2770 2051
2821 2444
2194 2696
2506 2812
2117 2299
2096 2649
2921 2809
2638 2631
3032 2379
3307 1791
2238 2168
2781 2027
2919 2718
2669 2700
2606 2690
2078 2731
2019 2312
2682 2715
3084 2684
2458 2700
2797 2029
2804 2021
2946 2540
2400 2802
2862 2647
2871 2420
3307 1736
2764 2541
1973 2328
2987 2357
2281 2685
2989 2606
2117 2274
2965 2365
2805 2136
3920 943
2075 2294
2792 2488
3058 2483
2803 2601
2839 2217
2553 2619
3025 2195
2820 2487
2124 2602
2878 2119
2841 2263
2896 2770
2391 2818
3029 2787
2215 2194
2932 2704
3028 2394
2013 2757
3020 2516
2436 2750
3005 2338
3040 2206
3049 2498
2177 2693
2298 2697
2387 2689
2073 2299
2053 2412
2175 2770
2690 2704
2460 2721
2229 2763
3169 2535
2275 2668
3783 1641
2083 2829
2645 2467
3039 2122
2177 2265
2122 2857
2474 2756
2331 2700
2285 2681
2079 2278
3086 2731
3024 2288
2995 2550
3021 2787
2146 2360
3273 1790
2248 2734
3274 1797
2165 2807
2940 2799
2109 2857
2094 2876
3040 2378
3023 2191
2226 2751
2043 2337
2450 2877
2093 2841
2878 2423
3097 2488
2171 2708
2937 2522
2821 2669
2755 2574
2640 2625
2219 2194
2673 2557
2502 2791
2099 2645
3904 911
2414 2727
2936 2718
2490 2832
2467 2923
2097 2345
2862 2649
2570 2564
2642 2449
2851 2359
1969 2278
2211 2426
2227 2398
3038 2134
2434 2939
3034 2215
2829 2143
2419 2740
2108 2464
2459 2886
2321 2702
2826 2074
3060 2385
2128 2344
3003 2551
2935 2799
2696 2540
2920 2809
2909 2513
2913 2466
2954 2550
2963 2567
2019 2753
2309 2667
2935 2491
2177 2426
3053 2787
3094 2628
2123 2299
2793 2666
2383 2737
2645 2452
2839 2118
2945 2555
2842 2264
2840 2110
3036 2234
2898 2453
2296 2671
2849 2646
2942 2416
2822 2067
2208 2750
2919 2115
2962 2363
3060 2492
3340 1760
2802 2183
3034 2127
2054 2661
2782 2447
2891 2099
2632 2676
2507 2754
2830 2046
2124 2869
2207 2474
2854 2040
2784 2467
2389 2807
2071 2271
2155 2693
2052 2409
2415 2735
2129 2353
2886 2421
3028 2282
2800 2191
2088 2868
2052 2304
3338 2070
2080 2356
2068 2720
2213 2765
3105 2511
3062 2692
2069 2750
2065 2300
2530 2802
3075 2422
2013 2253
2819 2686
2916 2728
2983 2347
2062 2414
2770 2790
3118 2516
3335 1751
2807 2128
3080 2114
2375 2695
3046 2142
2401 2899
3297 1802
2785 2423
1978 2376
2623 2692
2133 2874
2565 2604
2240 2489
3073 2512
2454 2884
2027 2322
2092 2305
3112 2513
2736 2106
2888 2826
2667 2561
2168 2425
2799 2140
3323 2071
2164 2722
2663 2584
2956 2491
2941 2551
2780 2712
3057 2489
2528 2750
2992 2604
3943 915
3070 2639
2264 2472
3080 2396
2832 2103
3010 2334
2684 2721
2066 2651
2022 2381
2197 2705
3085 2506
1871 2286
3031 2808
3147 2560
2784 2075
2239 2685
3300 1742
2666 2712
2439 2913
3126 2591
2240 2530
2928 2398
2025 2371
2442 2697
2223 2462
2776 2073
2814 2494
2437 2682
3081 2134
2083 2836
2058 2412
2125 2672
2684 2500
2937 2406
2753 2155
2914 2111
2109 2375
2472 2723
2496 2714
2506 2795
2749 2726
1976 2336
3445 1753
2828 2018
3087 2150
2546 2714
2782 2133
2774 2042
2305 2697
2720 2485
2117 2454
2879 2435
2394 2821
3057 2366
2401 2896
3050 2804
2987 2192
2094 2339
2753 2728
2926 2529
2479 2747
2912 2499
2808 2466
3026 2131
3082 2506
2448 2752
2484 2717
3503 1752
3011 2247
2798 2666
2148 2543
2823 2417
2113 2726
2137 2671
2052 2764
2833 2141
2439 2695
2189 2833
2486 2812
3085 2148
2989 2364
2975 2410
2819 2477
2673 2717
1957 2292
2447 2762
2642 2652
3013 2220
2802 2134
1955 2317
2958 2776
2620 2625
2124 2452
2166 2760
2791 2494
2891 2101
1989 2368
3276 1940
2828 2220
2010 2328
3319 1731
2239 2733
2753 2502
2073 2298
2933 2530
2819 2619
2803 2143
2379 2743
2321 2676
2113 2421
2833 2409
2508 2750
3073 2754
2112 2462
2174 2805
2095 2606
2822 2216
2365 2726
3019 2527
2146 2473
2809 2611
2237 2706
3274 1782
2957 2563
2996 2337
2637 2683
2968 2625
2053 2303
2908 2136
2187 2681
2625 2631
2501 2715
2093 2842
2891 2741
2783 2438
2222 2191
2482 2932
2889 2402
3039 2292
3118 2554
2977 2406
2139 2421
3032 2297
3304 1799
3053 2252
2818 2593
3027 2198
3090 2505
2175 2269
2836 2213
2763 2541
2119 2860
2187 2675
2661 2699
3307 2056
2829 2421
2821 2457
2747 2690
2931 2399
2446 2918
2164 2267
2104 2339
2764 2589
3007 2269
3033 2127
2697 2504
2750 2569
4070 1262
2479 2712
2136 2671
2168 2714
2110 2862
2847 2231
4052 1273
2841 2022
2464 2957
3303 1796
2435 2674
2490 2854
2645 2462
2759 2535
2117 2411
2817 2142
2716 2710
3160 2515
2023 2379
2833 2108
3169 2529
3024 2291
2129 2346
3115 2624
2067 2851
2104 2372
3140 2634
2851 2384
2415 2898
2322 2714
2121 2631
3167 2501
2465 2916
3001 2139
3126 2481
2301 2707
3043 2135
2138 2421
2325 2684
2208 2209
2143 2670
2651 2567
2791 2432
3140 2639
2853 2665
2382 2726
2236 2205
2025 2388
2901 2813
2317 2717
2241 2459
2755 2686
2656 2590
2949 2498
2840 2112
2644 2663
2097 2779
2027 2323
2920 2470
2213 2200
1993 2331
2097 2374
2912 2386
2241 2531
2734 2704
3062 2296
2917 2783
2584 2696
3071 2521
2918 2723
2890 2444
2105 2661
2158 2783
3028 2284
2739 2718
2652 2444
2877 2125
3065 2509
2236 2208
2836 2386
2364 2725
3013 2664
2671 2716
2915 2481
2233 2717
3302 2064
2214 2709
2841 2403
2789 2443
2959 2364
2958 2564
3017 2364
2610 2620
2455 2969
2104 2336
3016 2329
3140 2577
3059 2488
2746 2136
3904 937
2838 2654
1940 2314
2983 2617
2335 2745
2105 2646
2321 2658
2246 2742
2118 2667
3019 2231
2327 2732
3275 1940
2554 2613
2942 2532
3296 1804
2426 2744
2877 2136
3083 2495
2778 2206
2881 2423
2162 2584
2104 2368
2184 2710
3037 2365
2797 2191
2972 2328
3011 2181
2922 2796
3326 1737
2651 2487
3273 1779
2309 2665
1879 2333
2034 2386
3086 2128
2061 2675
2899 2751
3098 2121
2130 2819
3049 2287
2904 2143
2521 2702
3021 2130
2333 2754
2842 2122
2963 2405
2211 2747
2805 2552
2633 2700
2218 2440
2838 2644
2516 2712
2777 2152
2397 2793
2922 2719
3067 2777
2758 2756
2815 2613
2826 2602
2231 2393
3060 2379
2912 2384
2824 2107
2687 2548
2901 2406
3051 2739
2134 2354
2068 2881
2099 2648
2801 2128
2196 2757
3383 1903
2201 2741
3053 2108
2897 2818
2484 2933
2982 2355
2128 2592
2625 2446
3297 1741
2865 2096
2941 2540
1976 2293
2333 2756
2050 2406
2827 2211
3297 1783
2164 2821
2752 2588
2761 2040
3317 1730
3304 2057
2097 2314
2602 2614
3084 2453
3010 2245
2068 2653
2320 2732
2821 2101
3082 2697
2619 2667
1992 2328
2991 2586
2414 2703
2377 2724
2106 2726
2090 2401
2472 2935
2089 2615
2606 2709
2130 2602
2169 2537
3073 2776
2645 2484
2898 2104
2987 2622
2815 2446
2932 2742
2228 2403
2812 2593
2064 2879
2145 2591
1930 2316
2908 2512
2896 2749
2611 2602
3037 2301
2660 2591
2629 2441
3127 2497
2815 2468
2193 2758
2393 2826
2126 2296
2180 2761
2025 2339
1878 2286
2209 2748
2781 2471
2151 2273
2899 2818
2592 2581
2236 2403
2177 2537
2230 2468
3107 2511
3303 2044
3018 2827
2979 2627
2014 2293
2815 2495
2892 2776
2783 2066
2887 2129
2626 2619
2163 2700
2447 2885
2055 2749
2808 2189
2593 2695
2948 2408
3306 1791
2322 2659
2086 2640
2650 2573
2435 2938
2470 2852
3092 2628
2904 2145
2005 2279
2758 2534
2088 2311
2810 2497
2256 2689
2494 2818
3041 2147
2762 2496
2202 2735
2156 2446
2634 2604
2973 2224
2907 2393
3238 1776
2433 2676
2136 2450
2803 2211
2438 2700
2201 2256
2133 2808
2119 2466
2984 2567
3036 2799
2123 2451
2122 2638
2428 2941
2365 2705
2814 2207
2246 2715
2113 2431
2736 2491
2749 2028
3068 2770
2623 2446
2584 2670
2940 2528
2750 2722
2143 2344
2693 2486
2745 2700
2016 2375
2777 2064
2102 2375
2810 2477
2424 2824
3038 2309
2601 2698
2957 2542
2433 2698
2113 2389
2542 2619
2611 2605
2962 2147
2991 2563
2897 2745
3052 2810
3111 2604
2408 2829
2965 2541
2234 2167
2659 2702
2042 2693
2103 2818
2538 2766
1854 2348
2007 2289
2825 2113
2853 2387
2467 2770
2949 2115
2210 2463
3006 2332
2732 2671
2758 2570
2163 2430
2479 2710
2949 2423
3121 2501
2760 2042
2576 2571
2536 2721
2121 2872
2945 2364
2429 2940
2758 2591
2958 2578
2476 2849
2031 2332
2459 2844
3117 2594
2238 2468
3303 2050
2109 2844
2218 2760
2738 2134
3279 1784
2447 2678
3043 2499
2123 2400
1976 2323
2554 2629
2093 2646
3274 1796
2387 2688
2785 2125
2397 2823
2091 2393
2913 2390
2913 2411
2165 2264
2219 2510
3002 2347
2523 2717
2480 2816
2478 2859
2481 2703
1888 2328
2665 2558
2636 2440
1953 2320
3030 2789
2448 2893
1984 2284
2847 2232
2087 2282
2687 2708
2904 2745
2527 2797
2790 2721
2800 2192
3288 1801
2565 2602
2667 2567
2818 2681
2389 2706
3307 2067
3302 1802
2989 2571
2912 2421
3058 2353
2595 2717
2885 2832
2169 2812
2085 2877
2792 2162
2804 2024
2168 2814
2463 2946
2925 2804
2952 2113
2746 2103
2227 2762
2699 2709
2662 2601
3064 2116
2325 2706
2111 2659
2924 2113
2791 2033
2949 2428
2074 2277
2686 2551
2498 2844
3078 2123
3036 2293
2693 2524
2134 2440
1883 2356
2161 2807
2946 2423
2038 2328
2161 2274
3053 2137
3090 2124
2493 2720
1906 2312
2333 2741
2392 2711
2142 2273
2820 2413
3018 2232
2099 2775
2882 2445
2988 2566
2778 2465
2471 2663
2557 2629
2141 2810
2485 2713
2412 2720
3301 1723
2212 2195
3028 2330
3289 1788
3065 2126
2311 2664
2539 2638
2550 2617
2878 2403
2183 2450
2727 2105
3125 2509
2419 2837
2860 2660
3081 2723
2649 2700
2952 2293
2134 2427
3030 2519
2926 2532
3163 2500
2559 2707
2568 2562
2759 2559
2976 2229
2958 2551
2826 2662
2161 2781
2104 2807
2870 2669
2655 2612
3316 2083
2165 2760
2915 2801
3265 1771
2126 2876
2082 2709
2338 2744
2222 2187
1932 2324
2916 2702
2004 2297
1961 2367
2103 2290
2154 2549
2590 2586
2069 2861
2106 2821
2927 2483
3016 2129
2660 2585
2990 2621
2038 2402
2562 2589
3936 916
2778 2496
2176 2742
2153 2447
2621 2627
3066 2379
2268 2671
2009 2338
2924 2725
3328 1773
3006 2193
2990 2595
2052 2418
3026 2220
3012 2220
2826 2143
2615 2627
2040 2339
2774 2202
1960 2361
3043 2636
2018 2339
2910 2416
2875 2113
2107 2836
2848 2389
3029 2788
2103 2365
2487 2919
2765 2663
3036 2805
2527 2796
2421 2685
3051 2154
2916 2500
3048 2483
2751 2811
2722 2488
1989 2286
3085 2491
2741 2124
2815 2449
3022 2135
2920 2486
2505 2746
3074 2499
2482 2925
2373 2737
2921 2494
2582 2672
2845 2054
2932 2382
2737 2684
4047 1273
2014 2287
2985 2568
3019 2280
2245 2745
2589 2715
2180 2684
2758 2744
2155 2588
2196 2673
1914 2348
2951 2503
2960 2553
2143 2432
2823 2670
2907 2374
2035 2388
3038 2133
2396 2824
2151 2338
1998 2371
2632 2634
2904 2142
1982 2291
2918 2686
2207 2741
2808 2463
2561 2658
2940 2392
2560 2628
2279 2678
2771 2207
2880 2820
2497 2916
2554 2726
2219 2394
2965 2568
2890 2116
2589 2590
2796 2577
2808 2027
2211 2385
2961 2291
2120 2295
2239 2473
2420 2887
2637 2689
2827 2220
3090 2482
2159 2478
2199 2705
2780 2530
2650 2572
2882 2127
3044 2642
2523 2807
2973 2328
3032 2294
3076 2138
2897 2375
2836 2139
2805 2043
3501 1753
2640 2619
2255 2688
2810 2207
2629 2484
2394 2710
2224 2542
3039 2789
3030 2371
2182 2594
2783 2433
2916 2438
3086 2517
2675 2703
3063 2786
3090 2513
2194 2824
3121 2605
2142 2453
3281 1779
2890 2394
3073 2689
2459 2944
3064 2726
3041 2148
1877 2293
2810 2608
2001 2346
2669 2472
2742 2706
2549 2709
2619 2686
2783 2673
2762 2163
3042 2162
2119 2453
2870 2666
2765 2525
3256 1769
2397 2816
2807 2497
2835 2231
2442 2845
3086 2795
2679 2556
2986 2131
2063 2302
2724 2708
2569 2574
2471 2861
2302 2678
3059 2359
2444 2876
2174 2431
2632 2679
2107 2662
2892 2108
3019 2326
2886 2658
2094 2786
2199 2764
1893 2336
2748 2028
2024 2368
2113 2460
3001 2190
2053 2665
2750 2714
3032 2831
1974 2375
2752 2742
2845 2400
2728 2105
2437 2763
2125 2675
2924 2798
2405 2805
2129 2860
2093 2778
3083 2504
1974 2372
2910 2452
3292 1720
2131 2366
2129 2810
2638 2698
3122 2501
2082 2395
2765 2708
3025 2544
2254 2719
1860 2337
2818 2042
2337 2694
3015 2349
3065 2136
2537 2709
2898 2678
2986 2344
1871 2320
3265 1943
2102 2303
2908 2433
3071 2128
3309 2053
2083 2854
2417 2700
1971 2272
2095 2767
3299 2056
3091 2121
2526 2765
2866 2413
2742 2125
2378 2699
3073 2775
1974 2308
2998 2547
2444 2676
2638 2641
2226 2531
2101 2471
2241 2691
2398 2798
2790 2164
2768 2704
2980 2122
2760 2163
3033 2516
2001 2347
3024 2303
2565 2668
2229 2203
2251 2480
2719 2488
4053 1265
2038 2397
1950 2325
2386 2697
2207 2713
2033 2330
2104 2809
2099 2310
2467 2891
1981 2334
2310 2719
2436 2749
2791 2674
2132 2446
3027 2285
3238 1773
2052 2665
2027 2332
2314 2719
2821 2472
2200 2751
2941 2381
2003 2371
3034 2668
2657 2571
2808 2661
2122 2348
2389 2820
3327 1777
2144 2690
2878 2841
2504 2812
2416 2880
2821 2668
2891 2823
2445 2886
1975 2300
2883 2748
2076 2289
1980 2368
2161 2438
3065 2637
2090 2341
2110 2859
2917 2777
2004 2325
3173 2502
2180 2746
2090 2829
2081 2352
3051 2300
2079 2650
2224 2186
2389 2827
2797 2204
3038 2306
2224 2763
2001 2349
3064 2625
2533 2647
2098 2325
3121 2521
2464 2735
2484 2760
2118 2805
2236 2459
2363 2710
1916 2316
2921 2397
2099 2855
2748 2601
2192 2679
2061 2419
2700 2703
2669 2699
1874 2302
2145 2690
2236 2695
2127 2612
3128 2574
2812 2621
2269 2680
2765 2514
2842 2394
3298 1739
2799 2546
2857 2108
2764 2756
2196 2692
2917 2425
3011 2217
2759 2815
1973 2336
2019 2381
2901 2772
2146 2342
2462 2751
2007 2278
2758 2753
2734 2025
2681 2476
2745 2130
2935 2482
2016 2337
3944 933
3034 2347
2620 2620
2805 2591
2888 2655
2853 2383
2099 2369
2174 2789
2896 2747
3075 2488
2878 2100
3038 2374
3054 2146
1998 2338
3062 2754
2778 2717
2812 2025
2398 2819
2793 2721
2935 2536
3066 2695
2825 2109
2108 2323
2948 2539
2147 2580
2221 2480
2400 2828
2070 2843
2487 2730
1916 2340
2514 2705
3150 2639
2885 2826
2781 2501
3015 2674
2770 2787
2153 2574
2143 2258
2774 2136
2748 2517
2079 2853
2781 2193
2240 2717
2827 2419
2906 2406
2581 2559
2906 2410
2237 2455
2993 2138
2128 2296
2817 2144
2142 2239
2095 2333
2743 2658
2748 2694
2776 2168
2252 2727
2796 2573
2121 2414
2811 2498
3138 2588
2440 2889
2590 2675
2949 2120
3908 915
2480 2960
2866 2410
2123 2610
2468 2890
3313 1782
3067 2307
2663 2689
2095 2712
2101 2426
2585 2694
2748 2568
2207 2468
2034 2751
2484 2710
2840 2234
2989 2556
2621 2626
2912 2463
1980 2286
2934 2126
3013 2231
2215 2391
2759 2159
2509 2714
2104 2790
3020 2325
3901 914
2834 2103
2361 2712
2762 2805
2738 2737
2483 2713
2539 2632
2988 2122
2329 2697
2936 2110
3055 2681
3051 2480
3067 2297
2189 2529
2758 2563
2014 2345
3427 1764
3029 2826
2807 2442
2123 2395
2870 2747
2867 2659
2332 2678
2870 2668
3292 2055
2172 2531
2569 2672
2809 2176
2260 2715
1913 2337
2927 2794
2737 2028
2940 2129
2404 2794
2632 2638
2999 2138
4066 1234
2435 2675
2082 2719
2527 2746
3145 2643
2738 2029
2134 2815
3295 2072
2134 2431
2869 2130
2066 2286
3027 2203
3074 2428
2633 2680
2649 2591
2863 2236
2979 2630
2125 2809
2105 2654
2554 2614
3044 2476
2812 2446
3310 1795
2243 2734
2053 2687
2196 2257
2030 2375
1965 2381
2935 2736
2376 2729
2396 2823
3122 2486
2359 2723
2408 2939
2777 2071
2518 2768
2154 2271
3917 914
2210 2547
2070 2301
2223 2400
2419 2722
2168 2706
2816 2106
2784 2711
2137 2581
2763 2064
3051 2383
2737 2493
1863 2352
2808 2213
2651 2603
2465 2750
2909 2100
2161 2588
2168 2805
2937 2773
2863 2766
2688 2726
2812 2176
2822 2218
1877 2294
2736 2123
2756 2725
2987 2579
2162 2760
2076 2877
2860 2107
4067 1240
3072 2129
3066 2709
2410 2731
3896 918
2911 2687
2192 2468
2772 2205
2173 2759
1935 2324
2484 2934
2073 2832
2236 2458
2902 2438
2892 2767
3937 914
2172 2719
2989 2269
2628 2690
2638 2443
3065 2120
3234 1776
2743 2102
2150 2279
2591 2702
2552 2621
2822 2625
2369 2727
2477 2925
4040 1256
2456 2871
2521 2814
2060 2417
2239 2215
2074 2304
3295 2069
2474 2759
1884 2349
2826 2227
3065 2108
2132 2289
2967 2332
2849 2036
2139 2348
3055 2763
2552 2760
1877 2327
2513 2750
1980 2319
3030 2370
2927 2803
2824 2425
2800 2170
2080 2311
2966 2223
3091 2614
2474 2918
2967 2358
1963 2368
2117 2809
2146 2689
2944 2396
2256 2691
2990 2623
2513 2801
3058 2763
2620 2688
2882 2092
2226 2201
2004 2332
3303 2071
2129 2401
2934 2721
4037 1266
2146 2362
3067 2692
2509 2803
2909 2441
2093 2341
3075 2136
3082 2731
2539 2637
2168 2437
3896 938
3119 2510
2904 2776
2979 2568
2796 2151
3908 914
2151 2477
2767 2151
2048 2387
2088 2395
2748 2728
2790 2719
2244 2526
2562 2714
2214 2510
2814 2592
2992 2586
2109 2815
3033 2383
3075 2689
2966 2568
2867 2658
3935 917
3324 1774
2245 2735
2088 2832
2830 2585
3027 2318
3034 2827
2693 2549
3022 2297
2241 2197
2704 2502
2781 2155
2755 2707
3938 931
2764 2806
2766 2138
3899 937
2465 2968
2500 2731
1910 2322
3068 2435
2193 2713
2333 2760
2811 2458
2758 2655
2965 2324
2462 2920
2582 2706
2115 2861
2732 2108
2766 2515
2242 2478
2819 2141
3032 2238
2900 2742
3099 2121
2460 2745
2474 2916
2235 2689
2219 2533
2704 2489
2169 2275
2322 2700
2214 2545
2736 2663
2099 2484
2034 2320
2396 2716
2123 2795
2144 2434
2750 2654
2835 2129
3039 2505
2096 2423
3076 2393
2040 2389
2096 2335
2674 2693
2763 2121
2977 2613
2411 2874
2632 2694
2747 2667
2386 2729
2647 2704
2785 2064
3045 2235
2150 2271
1999 2293
2178 2788
2108 2799
2811 2484
2562 2568
2090 2355
2141 2669
2596 2708
2041 2696
3036 2373
2118 2275
3060 2639
2243 2473
2430 2674
2083 2643
3132 2525
2546 2641
2159 2337
2823 2137
2462 2914
3009 2350
3023 2328
3027 2367
1972 2350
3040 2144
2909 2376
2914 2459
2019 2307
2156 2800
3321 2066
2740 2718
2075 2794
2186 2738
2969 2355
2548 2647
2779 2708
2064 2689
3028 2226
2831 2410
2040 2690
2895 2451
2795 2670
2799 2428
2456 2975
2952 2442
2660 2706
2204 2535
2718 2717
2772 2719
2650 2591
2731 2490
2447 2844
2646 2585
2825 2137
2775 2054
2928 2727
2200 2426
1859 2360
2839 2105
2893 2100
2792 2581
2821 2435
2674 2717
2048 2406
2124 2818
3059 2362
2758 2560
3067 2722
2103 2281
1890 2334
2426 2830
2121 2455
2532 2732
2114 2805
1885 2341
2579 2563
2904 2747
2752 2751
2243 2524
2824 2670
2977 2615
2791 2455
2657 2572
2963 2146
2855 2105
2385 2728
3934 928
2989 2359
2822 2214
3124 2575
2785 2569
2791 2189
2786 2430
2522 2702
3037 2235
2404 2797
2155 2354
3087 2619
3058 2318
2667 2711
2783 2030
2534 2721
1963 2291
2182 2452
2782 2496
2484 2810
3274 1773
2054 2413
2321 2720
2012 2293
2418 2866
2512 2770
3894 921
2016 2750
2977 2631
2637 2639
2945 2497
2155 2810
1916 2337
2804 2137
2058 2692
2529 2753
2133 2591
2967 2328
2111 2725
2548 2717
2809 2488
3086 2469
2102 2288
2731 2098
2800 2212
2985 2118
2917 2459
2001 2341
3301 2068
2400 2807
2815 2626
2486 2933
3008 2262
2907 2498
2799 2429
2373 2740
2116 2723
2878 2109
2537 2730
1876 2339
2248 2749
3050 2357
2097 2642
2946 2297
1875 2308
2167 2603
2652 2446
2694 2508
2214 2466
2417 2694
2852 2384
2127 2876
2371 2692
2238 2694
2068 2406
2239 2679
2828 2407
3508 1744
2756 2028
3071 2642
2777 2205
2809 2136
2458 2877
2556 2628
2108 2786
2104 2337
2779 2145
1974 2279
2712 2530
2419 2882
2113 2433
2439 2709
2083 2732
3310 1794
2906 2388
1893 2325
2080 2391
3010 2787
2451 2956
3347 1756
2476 2840
2037 2314
2784 2719
2835 2048
3341 1761
2435 2707
3072 2309
2813 2033
2497 2817
2387 2725
2918 2802
2827 2588
3077 2722
2331 2742
2728 2128
2181 2707
2006 2364
2642 2661
3022 2224
2498 2743
2911 2378
2653 2595
3289 1798
2228 2690
2456 2669
2471 2865
2537 2649
2980 2345
3080 2465
2460 2914
2260 2477
2909 2429
2025 2271
2477 2742
3024 2230
1971 2276
2834 2072
2839 2369
4073 1268
2007 2349
2334 2759
2779 2479
3074 2794
3112 2615
2680 2550
2898 2692
2639 2453
2632 2693
2732 2738
2816 2662
2100 2791
2237 2736
2173 2270
2457 2859
2723 2708
2101 2713
2209 2749
2981 2578
2798 2545
2624 2695
2420 2935
2749 2728
2201 2543
3137 2581
2909 2117
3061 2430
2933 2739
2201 2747
3108 2563
2082 2417
2649 2607
2783 2073
2186 2681
2381 2744
2183 2466
2552 2673
2761 2644
3067 2310
2922 2809
2088 2350
3008 2190
2556 2665
2459 2753
3072 2698
2845 2055
2552 2657
3053 2681
2383 2699
2495 2741
3061 2444
3036 2369
2108 2843
3031 2520
2157 2582
2167 2761
3014 2309
2306 2671
2140 2259
2909 2777
2738 2030
3091 2486
3029 2222
2130 2290
3307 2085
2217 2525
2758 2664
2558 2601
2765 2064
2726 2117
3033 2663
2024 2282
2940 2387
2110 2614
2246 2707
3291 1789
2186 2834
2843 2025
2156 2430
2015 2377
2159 2558
3055 2640
2320 2699
2083 2301
2957 2558
3034 2189
2138 2264
2800 2579
2781 2795
3002 2193
2214 2483
2804 2020
2893 2748
2668 2562
2909 2445
2959 2401
3073 2783
2067 2406
3062 2376
2637 2638
3335 1776
2010 2283
2340 2749
2557 2654
3064 2445
2030 2275
2427 2831
3049 2644
2974 2315
2754 2159
3013 2345
1920 2316
2768 2179
2481 2939
2228 2203
2778 2200
2215 2705
2761 2533
2828 2672
2303 2702
3120 2600
2923 2514
2435 2678
2042 2307
2115 2268
3107 2574
3073 2427
2670 2555
2240 2747
2807 2135
2016 2342
2615 2620
2768 2151
2984 2123
3028 2296
3112 2539
2928 2112
2527 2753
2804 2431
2108 2279
3066 2136
2944 2393
2777 2155
2452 2845
2722 2128
3047 2491
2503 2713
3005 2170
2738 2513
2225 2193
2844 2651
2954 2370
2778 2720
2351 2716
2090 2651
3062 2750
2443 2946
2963 2142
2884 2095
3062 2499
1934 2313
3139 2583
2115 2448
2892 2667
2083 2845
2642 2474
2932 2407
2774 2513
2780 2009
2107 2430
2069 2714
2475 2763
3044 2502
2777 2142
3058 2368
2908 2095
2646 2658
2493 2817
2392 2710
2775 2151
1967 2326
2119 2632
2771 2547
2376 2801
2088 2776
2917 2516
2927 2703
2106 2301
2355 2726
2552 2625
2792 2030
2405 2831
2042 2406
2471 2662
3312 2071
2765 2709
2477 2821
2748 2603
2020 2766
4054 1270
3304 2060
2473 2849
2559 2706
2209 2765
3067 2136
3029 2354
2125 2339
2637 2646
2640 2647
2190 2834
2166 2269
3309 2083
3038 2673
2801 2546
2052 2769
1954 2329
2419 2888
2971 2324
3024 2274
2050 2690
1875 2283
3323 1757
3010 2241
2093 2607
2771 2026
2859 2646
3292 1732
2075 2299
2925 2748
3069 2389
2841 2104
2420 2880
2939 2491
2118 2409
2205 2765
2142 2467
2823 2650
3264 1766
2642 2608
2152 2249
2304 2705
3063 2637
2797 2166
2885 2446
2833 2069
2537 2639
2073 2755
1914 2321
2946 2099
2833 2086
2778 2199
2604 2609
2117 2416
2089 2405
2075 2393
2222 2399
2737 2103
2125 2814
2538 2762
2382 2733
2918 2437
2146 2259
2255 2764
2675 2718
2082 2836
2069 2787
3034 2812
2427 2691
2943 2565
2618 2675
2642 2580
2850 2364
1971 2343
2808 2048
1880 2357
2671 2564
1970 2290
2795 2452
3316 1779
3073 2716
2839 2220
2635 2685
3127 2581
3118 2505
2417 2893
1902 2326
3121 2610
3241 1770
1983 2367
2798 2547
2202 2528
2266 2685
2944 2545
2156 2785
2194 2823
2751 2543
3051 2384
1977 2296
2114 2848
2324 2666
3024 2321
2019 2268
2647 2636
2649 2587
2411 2841
2175 2786
2897 2095
2783 2719
2424 2835
1993 2333
2743 2689
3140 2576
1875 2318
2456 2764
2779 2473
2185 2692
2044 2305
2266 2669
2944 2136
1981 2326
2497 2716
2114 2269
2120 2409
3020 2321
3318 2056
3057 2782
2839 2019
2124 2819
1888 2276
2833 2013
2120 2471
2174 2437
2786 2580
2117 2665
2791 2468
2787 2585
1997 2334
2431 2876
2463 2862
1979 2315
3061 2382
3004 2131
2737 2483
2451 2694
2209 2435
2180 2589
2430 2834
2071 2696
3025 2202
2730 2098
1869 2313
2007 2332
2918 2687
2185 2465
2502 2737
2960 2770
2956 2559
2902 2092
3016 2239
2863 2100
3058 2489
2670 2469
2920 2729
2748 2677
3318 2044
2589 2716
3329 2051
2161 2478
2984 2594
2505 2784
2072 2267
2399 2827
2085 2637
2454 2885
3045 2381
2481 2928
2560 2604
2255 2720
2390 2720
2737 2661
1954 2313
2743 2742
2716 2526
2648 2642
2149 2692
1969 2354
2069 2334
2906 2106
2122 2391
2676 2615
2282 2672
3064 2746
2946 2424
2328 2733
2058 2684
2095 2831
3075 2504
2459 2747
2159 2434
2738 2696
2420 2826
2409 2785
2769 2540
3010 2260
2238 2697
2922 2733
2954 2435
2755 2753
2076 2649
2027 2761
2233 2171
3089 2615
2170 2592
2126 2588
2796 2448
2825 2052
2386 2727
2905 2777
2152 2246
2497 2922
2773 2142
2950 2398
3044 2142
2466 2938
3058 2251
2103 2619
3029 2205
2917 2683
2822 2653
2130 2345
2108 2651
2007 2320
2778 2156
2190 2666
3043 2645
2646 2610
2546 2625
2201 2769
2722 2122
2171 2532
2939 2120
3026 2363
2537 2628
3137 2634
2553 2670
1877 2329
2796 2166
3108 2587
2016 2285
2121 2402
3006 2782
2235 2208
2382 2688
2756 2750
3089 2616
3081 2503
2237 2704
2758 2036
2699 2525
2513 2803
2789 2499
2177 2684
2803 2030
2525 2708
3389 1905
3114 2578
2194 2669
3163 2517
2504 2740
2919 2684
2732 2681
2751 2026
2226 2691
2444 2746
2648 2594
3060 2644
3075 2446
1873 2326
2801 2130
2095 2772
2127 2439
2601 2705
3161 2512
2208 2443
2397 2791
2903 2689
3008 2240
2442 2750
2827 2137
3124 2523
2809 2180
3022 2296
2201 2254
2725 2117
2125 2368
3076 2430
2675 2620
2776 2180
2198 2823
2927 2112
1972 2304
2108 2787
2953 2442
4059 1238
3159 2513
2921 2729
2761 2541
2526 2753
3901 929
2201 2401
3064 2365
2636 2688
2751 2684
1982 2320
2469 2733
2995 2348
2442 2890
3913 935
2679 2483
2813 2677
2018 2262
2518 2712
2149 2681
2474 2742
3428 1765
3099 2119
2591 2678
2766 2589
2537 2638
1971 2370
2809 2193
2529 2765
2092 2878
3086 2452
2876 2130
3029 2323
2419 2900
2019 2309
2021 2268
3064 2738
2149 2691
2215 2488
2098 2387
2921 2692
2124 2873
2525 2747
2639 2648
2585 2563
2904 2509
3130 2518
2841 2100
2789 2552
3043 2139
2876 2395
3049 2291
2179 2587
2442 2714
2035 2759
3096 2489
2146 2238
3142 2575
2104 2373
3017 2527
2524 2768
3014 2347
2006 2374
2739 2663
2789 2572
2952 2480
3084 2791
2101 2870
2493 2928
2806 2188
2955 2770
2781 2076
3020 2524
2859 2238
1855 2349
3126 2498
2190 2828
3327 1780
2774 2557
1865 2326
2818 2215
2644 2484
2836 2077
2083 2822
2737 2110
2149 2568
3030 2244
2177 2524
2446 2945
3037 2310
2993 2566
2849 2361
2105 2772
3429 1762
4064 1243
2812 2614
2846 2119
3065 2503
2111 2853
2980 2330
2984 2578
2986 2120
3304 1728
2775 2135
2954 2474
3060 2245
2937 2524
2842 2100
3278 1784
3112 2626
2819 2591
2250 2484
2782 2535
2190 2687
2891 2824
2976 2319
2106 2643
2758 2566
2820 2142
3062 2696
3027 2300
2733 2033
2706 2702
2818 2136
2885 2122
2431 2667
2939 2125
3009 2217
2977 2401
2194 2480
2101 2617
2798 2021
2000 2349
2247 2524
2803 2195
2824 2142
2540 2614
3077 2396
2774 2562
2251 2755
1972 2277
3324 2054
2171 2755
2137 2577
2593 2708
2405 2938
2773 2026
3041 2379
2813 2132
2825 2227
2224 2190
3038 2646
3264 1771
2733 2742
2968 2330
2158 2359
2758 2572
2997 2340
2579 2674
2378 2721
2216 2464
2851 2053
2243 2684
2434 2886
2953 2498
2687 2706
2630 2675
2423 2902
2975 2355
2927 2536
2677 2697
2012 2346
2904 2404
2376 2741
2983 2346
2635 2717
2224 2543
2887 2423
2444 2875
3123 2609
2374 2728
2083 2875
1882 2333
2474 2725
2607 2710
2791 2488
2160 2795
2743 2131
2450 2759
2750 2735
2464 2749
3055 2490
2798 2546
2199 2415
3321 2087
3001 2795
2097 2791
2269 2694
2121 2608
3059 2736
2771 2185
2145 2670
3124 2567
2918 2701
3013 2336
2303 2675
3328 2067
2650 2561
2327 2699
3017 2309
3092 2503
2449 2673
2457 2960
3101 2558
2392 2689
2046 2304
2338 2745
3034 2637
2130 2590
3135 2583
2047 2313
3502 1753
2266 2675
2020 2752
2658 2588
2691 2491
2645 2455
2358 2716
2278 2674
2763 2521
2819 2684
2408 2801
2688 2493
1938 2323
3018 2370
3134 2580
2033 2757
2925 2719
2713 2704
3330 1735
2081 2392
2967 2354
2533 2750
2618 2627
2343 2702
2100 2648
2182 2786
3024 2362
2804 2557
2920 2508
2794 2189
3002 2788
2780 2007
2902 2437
2825 2431
2543 2648
2739 2153
2156 2456
2911 2131
1875 2281
3073 2428
2786 2656
2659 2469
2566 2708
2202 2446
2566 2582
3059 2363
2747 2668
2753 2063
2597 2584
3130 2513
1989 2284
2061 2303
3279 1788
2410 2827
2929 2513
2454 2906
2904 2137
2632 2692
3154 2566
2789 2165
1956 2368
2889 2097
2548 2654
2766 2025
2997 2337
2069 2401
1951 2326
3900 936
1998 2298
1969 2275
3126 2633
2818 2588
2770 2137
3900 913
2384 2688
2167 2792
2237 2697
2944 2554
2849 2046
2809 2454
1874 2283
3304 2053
2742 2721
2822 2426
2044 2314
3167 2503
2414 2731
2517 2808
2506 2797
2171 2767
2108 2645
2775 2705
2928 2380
2077 2794
2140 2347
2959 2769
2763 2779
2075 2757
3320 1773
2828 2017
2531 2733
2710 2487
2641 2627
3023 2171
3091 2114
2234 2730
2944 2529
2976 2608
2914 2703
3045 2124
2864 2408
2670 2470
2222 2190
2027 2768
2465 2958
2803 2605
3033 2661
3023 2284
2506 2751
2125 2876
3319 1734
2085 2849
3019 2131
2473 2934
2678 2732
2027 2390
2047 2758
2783 2483
2115 2451
2017 2335
2436 2886
2451 2760
3310 1787
3311 1745
2010 2322
3160 2513
3330 1740
3078 2418
1862 2327
2824 2436
2496 2740
2924 2809
3070 2508
1907 2331
3069 2767
2727 2705
3300 2046
2483 2721
2171 2790
2129 2636
2771 2593
3144 2571
1954 2368
2747 2133
2760 2640
2420 2724
2542 2621
2798 2443
2392 2720
3015 2247
2996 2270
2781 2467
2886 2085
2171 2757
2547 2654
2150 2812
3112 2605
3324 2061
3282 1940
2004 2296
2775 2068
3161 2566
2114 2615
2785 2501
2761 2536
2466 2845
2094 2782
2938 2492
2594 2582
2402 2899
2006 2281
2774 2547
2597 2688
2029 2367
2843 2056
1873 2354
2023 2342
3325 2083
3055 2489
2434 2761
2824 2205
1880 2328
2821 2052
3122 2634
2064 2305
2752 2690
1913 2321
2881 2103
2650 2606
2226 2463
2096 2620
2755 2493
3022 2222
2755 2156
2810 2184
3008 2180
2753 2776
2811 2041
2230 2690
2466 2963
2666 2463
2026 2772
2994 2590
3277 1792
2453 2914
2752 2736
2781 2711
2427 2723
2113 2456
2992 2588
2216 2458
2952 2439
2088 2610
2817 2614
2641 2670
2099 2611
2801 2605
3073 2135
2795 2188
3122 2607
2892 2777
2800 2190
2813 2489
2640 2696
2832 2226
2175 2728
2659 2605
2922 2397
2756 2743
2433 2746
2489 2933
3042 2791
2208 2445
2487 2808
2957 2114
2878 2759
2740 2131
2645 2671
2202 2747
2091 2828
2805 2195
1963 2378
3049 2240
2977 2404
1972 2339
2625 2630
2639 2454
2061 2651
2938 2110
2472 2912
2778 2197
2798 2204
2722 2127
2845 2394
2641 2449
3086 2518
2644 2710
1953 2325
3036 2515
3337 2072
2126 2285
2175 2764
2427 2716
2969 2582
2837 2126
3031 2642
3056 2300
1998 2276
2163 2789
3020 2231
2824 2202
3032 2320
2010 2327
3063 2754
2998 2270
3111 2623
2837 2267
2424 2825
2008 2282
1970 2377
2996 2596
2800 2603
2994 2572
2690 2547
2831 2014
2013 2375
2006 2336
2316 2719
2914 2690
2964 2772
2241 2399
2128 2374
2548 2719
2392 2818
2840 2370
2399 2720
2818 2177
3028 2673
2100 2482
3331 1746
3892 920
3034 2325
2668 2565
2430 2939
3059 2782
2361 2718
2590 2587
2929 2809
2557 2607
2440 2883
2692 2519
2595 2712
2219 2398
2669 2606
3268 1948
2464 2875
1893 2334
2773 2660
1940 2319
3075 2722
2978 2563
2797 2130
2777 2182
3018 2321
2093 2645
2424 2822
2982 2117
3012 2350
2138 2355
2224 2201
2240 2488
2041 2326
3069 2721
2812 2204
2406 2790
2421 2741
1874 2304
2847 2036
2870 2748
2061 2302
2417 2828
2706 2491
2166 2488
2114 2626
2669 2605
2645 2456
2448 2878
2233 2470
3934 918
2957 2560
2236 2700
2645 2670
2935 2101
3006 2676
2153 2819
2751 2718
2134 2450
3012 2230
2494 2815
2494 2715
1915 2342
2745 2155
2550 2758
2775 2197
2131 2292
2395 2814
2457 2731
2123 2384
2874 2654
2064 2749
2419 2881
2959 2771
2048 2324
3018 2670
3060 2365
2825 2027
1865 2349
2881 2436
3094 2728
3122 2610
2020 2749
3066 2719
2841 2390
3073 2773
2676 2471
3310 2078
2446 2876
2733 2504
2764 2803
3082 2728
2488 2830
3004 2676
2850 2229
2176 2756
2551 2721
1879 2337
2140 2339
2391 2717
2236 2689
2910 2136
2458 2917
2810 2436
2549 2633
2158 2438
2618 2678
2035 2375
2772 2176
2947 2428
2910 2431
2802 2666
2099 2486
3045 2384
2915 2462
2331 2738
2401 2729
2968 2395
2996 2550
2777 2585
3056 2677
2755 2740
2636 2644
2871 2754
2668 2469
1873 2324
2693 2707
2662 2472
2948 2481
2876 2134
2455 2875
2671 2616
2721 2677
2773 2547
2576 2704
3322 2060
1991 2276
2556 2653
2171 2823
3039 2801
2594 2705
2146 2437
2208 2763
2802 2032
3237 1784
2585 2697
2325 2720
2535 2731
2809 2484
2181 2714
2790 2666
1883 2281
3041 2228
2771 2146
3275 1779
3056 2359
2495 2736
2683 2708
2904 2391
2474 2828
1967 2284
2321 2683
2647 2597
2823 2664
2827 2420
2804 2198
2852 2054
2828 2221
2567 2583
2668 2458
2436 2940
2752 2504
2850 2101
2384 2728
2915 2460
3031 2519
3012 2671
2414 2722
3033 2669
2179 2720
2653 2561
3065 2699
2258 2764
2112 2424
2019 2306
2445 2753
3029 2231
2647 2460
2666 2457
1872 2316
2528 2796
2802 2030
2100 2324
2077 2718
2485 2715
3029 2307
2843 2094
2698 2489
2223 2684
3005 2139
2651 2564
2203 2424
2525 2705
2449 2844
3016 2264
2098 2614
2396 2785
1997 2274
2413 2690
2820 2633
2905 2687
3062 2717
2376 2734
2066 2747
3112 2642
3293 2071
2514 2799
3031 2521
2200 2680
2437 2681
3149 2563
2999 2555
2791 2496
2308 2703
2920 2471
3011 2273
2800 2555
1865 2296
3104 2514
2214 2520
2651 2485
2470 2963
2125 2818
2779 2794
2541 2635
2749 2508
3318 1753
3127 2512
3321 1733
2248 2724
2771 2144
2144 2271
2939 2764
2797 2549
2182 2737
2941 2128
2758 2651
2435 2877
2617 2675
2406 2901
2502 2710
3083 2768
2217 2518
3921 937
3293 1799
2985 2336
2915 2456
2921 2421
2146 2279
3277 1783
2737 2663
3318 1752
2459 2751
2999 2340
2388 2823
2244 2201
2844 2054
2775 2156
3022 2393
2885 2834
1974 2268
1870 2294
3071 2753
2155 2446
2580 2699
3118 2508
2175 2802
3259 1768
2055 2685
2968 2772
2918 2766
3037 2510
2033 2336
2382 2709
2214 2494
2139 2349
2797 2043
4056 1267
2105 2771
2919 2509
2298 2683
3311 1741
2466 2878
3034 2231
2775 2509
2968 2124
2561 2656
2123 2301
2464 2946
2623 2673
2477 2756
2417 2738
2915 2681
3019 2204
2114 2444
2662 2483
2904 2689
3269 1945
2089 2413
2406 2898
3267 1943
2925 2513
1855 2362
2041 2339
3435 1763
2449 2891
3048 2638
2898 2772
2198 2243
1878 2351
2249 2714
2309 2698
3078 2436
2063 2686
3310 1781
3026 2387
3302 1727
3034 2636
2507 2713
2920 2474
2146 2275
2440 2724
1925 2321
2410 2826
2598 2715
2749 2027
2100 2652
2785 2437
2310 2701
2700 2526
3278 1788
2438 2883
3443 1753
2560 2671
2939 2417
2777 2439
2916 2718
3297 1739
3033 2295
2806 2440
1974 2316
2206 2453
3918 914
2596 2606
4056 1265
2979 2620
3137 2516
2457 2898
2966 2360
2213 2479
2102 2862
3076 2518
2362 2708
2919 2456
2507 2782
3050 2144
2553 2653
2749 2510
3112 2570
2005 2366
2228 2406
2747 2135
3167 2566
3331 1728
3437 1752
3035 2817
2754 2747
2072 2393
2104 2431
2633 2604
2762 2504
3062 2431
2118 2818
2891 2398
2939 2133
3066 2731
2113 2621
2404 2788
2685 2487
3042 2138
2025 2387
2136 2431
2813 2186
2159 2330
2771 2147
3074 2793
2910 2746
3028 2792
2698 2490
2777 2501
2064 2303
2229 2386
1970 2274
1914 2347
2904 2408
2058 2675
3050 2499
2456 2700
2086 2636
2297 2698
2769 2175
2738 2741
3084 2487
2390 2708
3105 2563
2181 2763
2691 2705
2648 2463
2706 2704
3009 2261
2081 2311
2740 2664
2038 2324
1972 2337
2437 2678
2831 2646
3324 2086
2901 2770
2563 2603
3129 2590
3303 1802
3012 2328
2726 2111
2677 2483
2832 2055
2141 2236
2920 2398
2205 2677
3031 2360
2207 2711
2135 2346
2858 2662
2229 2184
2915 2777
2852 2649
3042 2337
1957 2317
2057 2682
2160 2431
2933 2107
2328 2701
2887 2658
2407 2799
2439 2712
2690 2702
2080 2731
2933 2409
2804 2432
2462 2913
2907 2105
2224 2194
2732 2704
2066 2404
2423 2868
2350 2692
2118 2862
2894 2768
2547 2758
2187 2677
2641 2447
2480 2869
2083 2351
2968 2583
2208 2438
3012 2791
2415 2692
2457 2946
2693 2540
2603 2692
2803 2588
3294 1798
3099 2578
2109 2661
2077 2730
2216 2475
2086 2879
2087 2415
2106 2853
2421 2688
3103 2580
3077 2510
2884 2443
2836 2662
2052 2666
3060 2815
2392 2717
2505 2812
2147 2342
2960 2402
2402 2830
3020 2320
2883 2114
3025 2542
2844 2228
2643 2629
2114 2267
2340 2707
2369 2740
2907 2810
2742 2702
2550 2759
2749 2567
3049 2365
3026 2403
3116 2622
2136 2818
2424 2659
2801 2428
2561 2565
1965 2284
1974 2270
2774 2588
2888 2113
3059 2364
2252 2764
2925 2404
2529 2796
2146 2278
2808 2592
2495 2721
2919 2446
2128 2583
2115 2719
2820 2210
2202 2739
2060 2719
2023 2369
1973 2337
2904 2139
2169 2715
2645 2603
2565 2654
3066 2724
2067 2403
2109 2800
2172 2280
2512 2800
2177 2833
2636 2694
2952 2540
2098 2652
2646 2671
2055 2303
3024 2244
2877 2128
2415 2827
1990 2344
3083 2522
1976 2311
2150 2268
2116 2306
2813 2488
3271 1793
2460 2730
2788 2659
2798 2187
2543 2637
2260 2473
2822 2069
2130 2611
2463 2664
2107 2376
3055 2817
3036 2511
2830 2409
2124 2453
2036 2402
2757 2036
2824 2108
2935 2734
2554 2709
3038 2163
2125 2377
2925 2529
2131 2877
3113 2620
2177 2269
2827 2244
2100 2366
2133 2418
2740 2657
2994 2591
2476 2961
2868 2665
2138 2447
2749 2713
2841 2019
2837 2657
2378 2686
2815 2673
2455 2913
2995 2343
2552 2674
2781 2185
2766 2045
2782 2437
3348 1759
2938 2739
2664 2712
3031 2534
3066 2725
3074 2476
2823 2075
2246 2745
2323 2693
3032 2206
3038 2656
2737 2686
2671 2717
3073 2487
2820 2615
2836 2260
2471 2918
2103 2844
2015 2266
2161 2444
2035 2314
2833 2053
2832 2050
2197 2739
2153 2341
2755 2028
2047 2759
3026 2381
2918 2398
2800 2604
3002 2339
3907 949
2474 2851
2263 2680
2637 2688
2098 2782
3030 2676
1979 2310
2122 2796
1916 2341
2851 2395
2998 2272
2968 2292
2124 2390
3125 2519
2729 2109
2245 2196
2179 2520
2986 2348
2200 2697
3089 2509
3142 2565
2478 2736
3006 2258
2420 2728
2098 2321
2146 2569
3037 2801
2958 2568
3300 1749
2107 2837
2507 2780
2451 2673
2758 2682
2048 2695
2794 2026
2182 2740
2146 2670
3068 2749
3070 2772
2990 2270
2395 2806
2873 2400
3269 1944
2755 2604
2911 2379
2559 2659
2876 2745
2202 2477
2944 2772
2845 2128
2889 2398
2236 2692
2144 2676
2964 2292
3059 2766
2169 2428
2409 2893
2641 2666
2869 2766
2967 2567
2190 2761
3310 1782
2027 2371
3314 2090
2589 2685
2232 2386
2832 2013
2884 2766
3042 2485
2806 2129
2765 2781
2914 2747
2820 2217
2836 2237
2123 2282
3068 2432
2829 2214
2086 2634
2908 2101
2457 2732
2439 2700
3001 2191
2456 2861
2443 2680
2806 2443
2077 2786
3070 2499
2793 2492
2038 2339
2800 2455
3088 2121
2712 2529
2061 2667
2080 2741
3301 1732
2816 2207
2771 2560
2182 2785
2847 2030
2022 2284
2069 2403
1974 2271
2502 2735
2753 2682
2900 2408
2917 2510
2942 2552
3058 2111
2546 2629
2801 2135
2795 2453
2109 2835
2567 2584
2796 2574
2004 2291
2982 2318
2904 2407
2584 2562
1979 2335
2979 2569
2320 2695
2639 2626
2564 2586
2171 2791
2841 2657
1867 2315
2149 2579
2659 2696
2457 2973
3047 2737
2206 2234
2955 2552
3330 1779
3047 2498
3038 2668
2324 2718
2802 2151
2440 2843
2515 2782
2404 2728
3034 2669
1995 2332
2990 2336
2352 2693
2034 2393
2110 2644
2587 2581
2671 2474
2462 2943
2530 2801
2309 2677
2827 2246
2406 2835
2039 2689
2943 2546
2764 2518
2242 2709
2815 2490
3030 2396
2343 2689
2334 2698
2971 2124
3323 2078
2831 2432
2464 2961
2104 2324
2210 2548
2593 2694
2952 2370
2489 2716
2091 2300
3323 1791
2018 2298
3167 2519
2864 2650
2814 2198
2775 2196
2040 2750
3076 2451
2909 2435
2556 2710
3051 2302
2840 2363
2217 2764
2889 2438
2827 2054
2942 2512
2103 2612
2132 2602
2200 2252
2121 2822
2102 2662
2753 2581
2948 2510
2457 2939
3027 2403
2564 2583
2065 2293
2166 2703
2789 2719
2424 2833
2014 2325
2102 2840
2019 2298
2367 2744
2558 2618
1861 2331
2979 2122
2691 2492
2965 2402
2198 2762
2981 2116
2125 2609
1866 2295
2485 2840
2758 2503
2105 2335
1957 2378
2916 2697
3065 2765
2073 2300
3063 2444
3057 2132
2502 2738
3071 2449
2642 2453
3069 2313
2563 2655
3126 2510
3885 922
2112 2853
2444 2747
2846 2231
3063 2481
2935 2372
2069 2704
2732 2105
2216 2465
2808 2456
2249 2484
2153 2820
2918 2449
2460 2879
2894 2082
2169 2705
2316 2674
2242 2473
2415 2873
1883 2276
2647 2633
1955 2293
3169 2566
3027 2382
2150 2568
2249 2716
3105 2616
2688 2720
3040 2228
2319 2724
2839 2261
2905 2678
2833 2104
2641 2667
1862 2298
3063 2491
2753 2538
2096 2642
2181 2715
2453 2666
2003 2367
2161 2702
2259 2766
2776 2152
2133 2285
2958 2495
2779 2484
3075 2121
3038 2165
2451 2667
2795 2562
1862 2355
2507 2748
3026 2205
3049 2784
2809 2436
2440 2839
2545 2649
2773 2203
2161 2279
2065 2741
2522 2819
2102 2805
2809 2182
3040 2664
2795 2161
2956 2488
2894 2680
3299 1803
3113 2627
2056 2674
2968 2290
3076 2453
2803 2547
2792 2571
1871 2311
2674 2720
2068 2303
3026 2229
2085 2691
4069 1275
3047 2799
2472 2724
2823 2432
3326 1780
3081 2484
2871 2413
3915 915
2207 2438
3074 2314
2452 2876
2090 2311
2474 2758
2444 2944
2533 2643
2018 2758
2130 2426
2924 2399
2924 2802
2958 2290
2068 2650
1963 2359
3029 2308
2175 2736
2818 2204
2068 2754
3003 2348
2874 2755
3909 914
2660 2698
3088 2154
2671 2465
2007 2284
2375 2689
2815 2198
2034 2376
2160 2696
2170 2263
1966 2330
3933 931
2494 2852
2092 2304
2861 2654
2788 2189
2124 2398
2176 2716
2082 2393
3075 2686
2902 2466
2201 2416
3034 2814
2642 2671
3078 2488
2167 2484
2480 2715
2073 2395
2846 2643
2424 2717
2938 2482
2822 2585
2749 2723
2637 2697
2913 2774
2918 2782
2806 2658
3155 2583
3027 2799
2477 2764
2182 2601
2522 2799
2772 2660
2463 2973
2626 2446
2967 2393
1964 2380
2135 2421
2528 2735
2075 2877
2477 2853
2808 2120
2221 2457
2768 2182
2880 2129
2912 2729
2866 2409
2457 2900
3017 2272
2421 2739
2073 2287
2796 2449
2392 2810
2155 2807
2351 2693
2704 2488
3061 2731
4229 1266
2992 2620
1878 2280
2825 2241
2093 2361
2219 2529
2760 2595
2125 2466
2847 2395
2989 2587
3067 2495
2935 2703
2778 2195
2548 2637
1999 2294
2982 2578
2038 2323
2219 2534
2423 2679
2845 2030
2908 2097
2645 2485
2057 2306
3022 2231
2188 2738
2802 2450
3038 2132
2777 2715
2824 2051
1971 2302
2778 2198
2470 2958
2150 2810
2553 2668
2406 2833
2674 2620
3062 2116
2595 2715
2804 2429
2053 2693
2149 2342
2739 2028
3038 2131
2094 2379
2509 2796
2100 2330
1963 2328
2409 2839
2753 2061
2651 2570
2687 2541
2773 2550
1869 2287
3034 2294
2556 2606
2263 2471
2531 2766
2969 2629
1879 2357
2414 2699
2981 2355
3091 2730
2014 2318
2991 2573
2921 2806
2204 2757
2775 2507
2162 2536
2858 2234
2935 2483
2788 2465
2996 2134
2992 2554
2189 2542
2556 2649
2799 2213
3060 2782
2766 2043
2751 2683
2985 2119
2905 2446
3066 2762
2762 2157
2781 2202
2876 2131
2108 2644
2193 2822
2972 2221
2914 2729
2145 2687
2797 2165
2094 2620
2125 2379
2556 2715
2850 2104
2792 2434
2746 2483
2616 2687
2840 2643
3027 2301
2594 2583
2842 2263
3070 2124
2183 2674
2080 2640
2484 2712
2428 2663
3077 2693
2782 2164
4053 1736
2191 2834
2242 2732
2908 2661
2749 2569
1972 2348
2750 2591
2874 2131
2860 2651
2158 2814
2915 2780
2138 2689
1962 2370
2498 2713
3097 2121
2689 2492
2238 2731
2733 2506
2522 2712
2780 2196
2746 2657
2076 2850
2183 2600
2810 2187
2134 2584
2432 2694
2755 2503
2221 2688
3335 1764
2386 2719
3008 2337
2917 2424
2592 2701
2739 2655
3106 2569
2137 2470
3438 1757
2913 2736
2010 2288
2214 2391
2090 2778
3058 2338
2074 2272
3013 2551
2491 2747
2966 2146
3030 2299
3113 2515
2670 2466
2461 2965
2952 2499
3050 2489
3045 2808
2439 2710
2159 2445
2112 2640
3112 2572
2987 2125
2746 2156
2637 2440
2109 2301
3278 1792
3256 1768
3075 2310
2226 2199
2426 2942
3073 2308
2921 2489
2435 2765
3098 2627
3302 2054
2932 2775
2847 2089
2108 2617
2811 2482
3911 914
2143 2278
3072 2642
2761 2157
2792 2119
1965 2286
2776 2031
3034 2147
2800 2556
2176 2743
2611 2608
1863 2354
3303 2063
3069 2443
3053 2283
1977 2272
2080 2648
2564 2716
2200 2253
2673 2620
2096 2279
2908 2451
2128 2426
2510 2769
2824 2587
3026 2377
2105 2720
2495 2816
2797 2548
2389 2823
2944 2555
2538 2629
2008 2366
2568 2707
2527 2713
2901 2395
2432 2696
2944 2558
2109 2644
2121 2298
2974 2623
2795 2464
2333 2742
2546 2727
3073 2298
2977 2603
2027 2282
3115 2646
2730 2704
2070 2273
2797 2434
2727 2109
2030 2309
2919 2114
3297 1837
2506 2734
2812 2175
2216 2392
2842 2233
1870 2285
2444 2667
2056 2682
2136 2420
2128 2638
2344 2690
2185 2730
2022 2307
2089 2398
3022 2205
2127 2580
2820 2213
2474 2923
2803 2021
2640 2675
4062 1229
3318 1772
2915 2516
2858 2658
4039 1260
3169 2524
2437 2914
2813 2626
1867 2327
2679 2697
2159 2281
2467 2848
2191 2664
2889 2395
4050 1273
2788 2719
2129 2813
3027 2317
3055 2773
2967 2226
2913 2744
2410 2830
3075 2501
2018 2342
2192 2759
2886 2832
2751 2136
2481 2709
2154 2254
3063 2781
2697 2526
2958 2563
1958 2377
2490 2814
3060 2287
2760 2035
3094 2488
2929 2536
2751 2572
2756 2573
2763 2705
3065 2298
3151 2576
3034 2292
2974 2220
2179 2788
3078 2114
3314 2072
2770 2184
2071 2835
2957 2288
3029 2299
3075 2139
3042 2137
3014 2363
2782 2587
2917 2714
3021 2237
2000 2324
2475 2960
3067 2347
2445 2873
4064 1242
2811 2042
2810 2604
2568 2676
2393 2822
2055 2412
2016 2296
2092 2404
4058 1267
2596 2706
2756 2503
3092 2729
2000 2371
2730 2117
2403 2825
3069 2637
1881 2278
2743 2130
3006 2186
2458 2973
2075 2791
2141 2347
2481 2918
2549 2644
2592 2697
2897 2450
2128 2806
2848 2036
1966 2359
2462 2666
3085 2484
2085 2638
2103 2474
3273 1795
3334 2066
2960 2546
2907 2396
2191 2829
2210 2464
2945 2554
2100 2281
2020 2363
2765 2537
1974 2309
2482 2928
2026 2376
2832 2089
2771 2561
3008 2252
2442 2765
2066 2397
2089 2282
2632 2701
2925 2467
3055 2283
2917 2478
3043 2485
2976 2566
3102 2552
1860 2333
2128 2284
3117 2544
2905 2504
1953 2336
1877 2328
3153 2514
2477 2743
2753 2605
3426 1768
3125 2497
2029 2375
1979 2373
2239 2528
2218 2195
3052 2384
2968 2333
2398 2708
2770 2705
2980 2344
2210 2536
3077 2692
3017 2256
2643 2468
2908 2431
2104 2618
2420 2688
2772 2797
3027 2199
2741 2037
2439 2750
2230 2749
3134 2513
3112 2620
2982 2619
3234 1780
2469 2852
3041 2498
2782 2145
2273 2677
2823 2142
1953 2316
2199 2769
2812 2200
2874 2759
2568 2563
2662 2569
2727 2124
2243 2394
2615 2677
2554 2669
3043 2802
2655 2699
2221 2191
2956 2487
2177 2428
2628 2686
3031 2239
2921 2736
2759 2038
2459 2946
2025 2292
3031 2243
2105 2473
3081 2629
2855 2415
3935 919
2123 2346
2220 2517
2103 2308
2951 2764
3319 2088
3040 2142
3058 2765
2176 2423
2591 2689
3087 2716
2135 2853
2121 2463
2089 2851
2934 2381
3290 1738
2230 2185
2125 2865
2642 2654
2507 2761
2047 2312
3059 2389
2650 2658
2872 2107
2537 2711
2849 2366
2713 2487
2992 2362
3079 2498
2128 2369
2735 2496
2912 2130
2200 2405
2804 2441
2906 2812
2159 2457
2104 2298
2363 2725
2527 2806
2843 2027
2874 2772
2445 2752
3427 1773
3040 2670
2855 2099
2196 2739
2880 2842
3318 1757
2286 2671
2738 2497
4062 1242
2751 2143
1955 2292
2477 2766
3340 1751
2030 2688
2451 2892
2779 2150
3024 2192
2991 2628
3105 2514
2911 2736
3036 2166
1876 2338
2649 2697
2088 2825
2077 2274
2396 2820
2762 2589
2121 2420
2925 2724
2090 2853
3074 2751
2741 2740
2315 2705
2641 2658
2982 2334
2058 2656
2965 2542
2071 2710
2783 2533
3112 2624
2267 2669
2749 2568
2059 2658
2120 2872
2798 2192
2796 2157
2167 2441
2675 2473
2837 2024
3097 2571
2156 2802
2918 2776
2406 2831
2794 2435
2249 2694
2089 2657
2183 2598
2811 2024
3017 2334
2871 2396
2492 2802
2660 2569
2759 2735
2785 2195
3328 2071
2896 2665
2389 2698
2128 2337
2325 2682
2643 2632
2733 2106
3021 2269
2670 2482
2757 2734
2989 2623
2122 2402
2100 2323
2126 2446
2781 2797
2435 2880
2828 2648
1880 2336
2437 2940
2490 2928
2469 2744
2559 2588
2321 2675
2754 2751
2541 2639
2819 2694
2547 2727
2088 2778
2787 2659
2769 2517
2062 2333
2957 2771
2123 2670
3029 2674
2919 2804
2900 2678
2212 2744
2573 2678
2171 2709
2563 2566
2990 2559
2596 2584
2593 2706
2921 2531
2929 2764
2657 2468
2160 2448
3052 2347
3128 2634
2983 2140
3071 2699
2756 2762
3122 2592
2722 2707
2066 2409
2138 2262
2133 2819
3387 1904
2191 2250
3029 2306
2060 2654
2764 2525
2888 2656
2475 2959
2936 2395
2562 2715
3316 2076
2476 2706
2770 2023
1915 2332
2053 2670
2038 2325
3015 2239
2116 2656
2928 2116
2162 2488
2782 2659
2441 2946
2250 2723
2355 2727
2144 2594
2125 2803
2144 2811
2731 2738
2537 2760
2383 2688
1866 2281
2838 2113
2118 2453
2131 2354
2925 2472
2843 2092
2895 2671
2337 2698
2040 2401
2986 2123
2697 2528
2563 2607
2745 2686
3096 2624
2169 2279
3346 1758
2116 2413
2207 2524
2304 2676
2147 2465
2593 2700
2915 2800
2835 2133
3025 2789
2331 2737
2826 2226
3125 2576
3117 2575
3045 2809
2254 2481
2954 2397
2347 2693
2416 2894
2647 2639
2778 2704
2764 2536
2135 2444
2961 2404
3911 940
2082 2352
2878 2758
2834 2391
2765 2705
2780 2438
2789 2679
2909 2135
3067 2753
2110 2302
2920 2520
2743 2129
2179 2833
2831 2221
1972 2300
3029 2217
2503 2778
1971 2354
2970 2626
2178 2443
2109 2425
2476 2963
2974 2134
3023 2541
2820 2107
3052 2144
2407 2727
2094 2607
1910 2312
2744 2025
2587 2560
2775 2154
2863 2103
2832 2583
2198 2512
2030 2276
3057 2780
3116 2528
2805 2443
2240 2394
3158 2516
2743 2717
3079 2462
2491 2724
2889 2833
2074 2291
2011 2352
2008 2287
2975 2235
2072 2711
2894 2832
2980 2195
2020 2382
2878 2419
2110 2324
2822 2637
2072 2694
2557 2659
2543 2731
3124 2635
3116 2532
1916 2346
2899 2094
2798 2022
2112 2443
2823 2663
2895 2821
1936 2322
2751 2681
3030 2797
2371 2743
3126 2584
2265 2473
2938 2378
3098 2610
2800 2458
2158 2691
2199 2410
2933 2402
3032 2207
2047 2304
2900 2508
3065 2627
2649 2604
2834 2256
2554 2667
2852 2024
3166 2517
2640 2583
2758 2037
2895 2741
2634 2453
2125 2308
2406 2724
2929 2444
2247 2484
2589 2710
2722 2126
2770 2702
3081 2130
2421 2826
2810 2448
2269 2695
2168 2426
2936 2769
3058 2244
3260 1763
2915 2738
2233 2719
2939 2765
2641 2662
2748 2724
2947 2411
2070 2293
3002 2349
2991 2343
2759 2643
2669 2702
2116 2461
3168 2517
3064 2501
3014 2225
2096 2768
2835 2216
2109 2380
3900 931
2550 2651
2833 2088
2929 2405
3066 2348
3042 2291
3435 1750
2584 2690
2543 2633
2128 2465
2792 2120
3053 2731
2634 2708
2034 2395
2470 2925
2082 2386
3036 2647
3343 1753
3041 2302
4067 1242
2177 2743
2748 2133
2794 2201
2639 2485
2388 2810
3111 2549
2642 2485
2648 2464
2765 2024
2751 2058
2752 2147
2522 2822
2248 2733
3010 2180
3078 2486
2809 2439
2995 2136
2580 2562
2754 2693
2977 2239
2579 2566
2820 2653
2144 2599
2529 2733
2193 2743
2373 2739
2759 2571
2743 2659
2725 2712
3165 2507
2372 2725
2105 2662
1990 2331
2994 2568
1867 2356
2672 2465
2157 2814
1910 2329
3427 1772
3068 2700
3000 2139
2854 2235
2673 2479
2134 2673
2625 2478
2452 2753
2084 2845
3101 2582
2235 2168
3064 2786
2413 2696
2817 2628
2280 2666
2803 2023
2504 2775
2917 2519
2247 2525
3032 2221
2752 2811
2408 2724
3014 2665
3008 2133
3326 2052
2111 2446
3284 1794
2084 2792
2123 2470
2163 2693
2434 2837
2683 2487
2512 2780
2672 2710
3305 1748
2921 2502
2826 2583
1919 2318
2724 2110
2458 2965
3067 2435
3313 2084
2596 2682
2973 2217
3015 2547
4040 1258
3893 922
2872 2432
3071 2697
2177 2756
3028 2356
2835 2215
3318 2059
3127 2568
2099 2483
2872 2413
2631 2446
2379 2709
3026 2378
2152 2448
2731 2139
3340 1754
2879 2417
2217 2757
3080 2686
2836 2373
2418 2694
2794 2666
2819 2444
3334 2070
3165 2499
3116 2633
2703 2502
2073 2271
2781 2793
2111 2842
2816 2616
2826 2401
2080 2785
2044 2406
2876 2748
2217 2475
3084 2488
2883 2764
2631 2683
2299 2680
2637 2676
2433 2663
2337 2693
2866 2108
2146 2815
2357 2718
2110 2450
2257 2485
2770 2559
3068 2693
3068 2631
2167 2800
2008 2281
2236 2728
3125 2635
2733 2704
2506 2735
1998 2302
2023 2390
2983 2598
2789 2573
2778 2142
2114 2727
2727 2108
2251 2757
2399 2708
3143 2570
2423 2943
3047 2237
3051 2365
3047 2476
2463 2956
2374 2741
2159 2335
2210 2396
2095 2334
2455 2751
2324 2708
2568 2571
2263 2682
2530 2765
3033 2195
2919 2520
3039 2664
2533 2764
3153 2574
2115 2579
3073 2690
2203 2538
2843 2095
2227 2399
3270 1774
2842 2113
2181 2781
1913 2350
3044 2671
2497 2920
3317 2060
2470 2873
2069 2302
2919 2525
2123 2879
3300 1803
2866 2094
2091 2831
2255 2769
2179 2714
2810 2612
2311 2677
2660 2704
3114 2538
3068 2118
2131 2470
2002 2329
2253 2480
2821 2142
2904 2134
2823 2662
2912 2429
3040 2346
3082 2494
3061 2291
2753 2150
2668 2459
3149 2518
2854 2408
2907 2369
2116 2655
2135 2592
3153 2516
2986 2577
2763 2531
2736 2653
2824 2583
3900 918
3336 1771
2434 2752
3013 2234
2787 2488
3136 2582
2463 2852
2426 2876
2734 2136
2632 2677
2042 2316
2642 2473
2429 2891
2337 2700
2127 2855
2752 2577
2837 2038
2890 2778
2428 2889
3057 2789
2524 2711
2410 2866
2668 2470
2873 2428
2553 2714
2112 2432
2939 2800
2071 2879
2227 2187
2743 2100
2162 2701
2155 2809
2736 2107
3031 2205
2065 2753
2446 2837
2486 2849
2917 2465
2823 2478
1861 2339
2754 2604
3313 1740
2781 2480
2779 2006
2137 2449
2517 2803
3057 2346
3032 2823
2126 2806
2105 2787
3319 2056
3292 1721
1994 2329
3291 1753
2761 2595
4064 1232
2572 2709
2188 2763
2169 2429
2409 2840
2813 2178
2405 2835
2662 2599
2799 2170
2732 2682
3037 2229
2217 2517
2122 2608
2591 2687
2793 2120
2169 2719
2865 2105
2453 2971
2759 2641
2581 2712
2891 2104
3310 1739
2559 2567
2886 2437
3036 2646
3045 2636
3028 2373
3051 2150
2736 2037
2220 2439
3509 1743
1959 2369
3060 2384
2879 2773
2640 2582
2632 2487
2669 2481
2905 2389
2129 2443
4070 1274
2823 2036
2107 2712
2763 2536
2205 2203
2914 2118
2178 2754
2164 2488
2942 2363
2217 2392
2836 2254
2376 2726
2985 2357
2101 2324
2114 2388
2892 2834
1976 2296
2134 2688
2571 2565
2786 2180
2654 2573
2119 2392
3427 1769
2744 2102
2991 2626
2479 2726
2498 2740
2794 2169
2666 2700
2993 2556
2467 2921
2556 2717
2493 2725
3121 2579
3078 2793
2120 2281
2699 2532
2249 2486
3101 2586
2853 2385
2230 2470
2833 2075
2773 2039
2235 2399
2135 2426
2132 2673
2943 2513
2479 2815
2676 2728
2028 2368
2731 2496
2893 2402
2608 2686
2226 2754
2100 2347
1986 2285
2666 2561
2594 2685
2833 2241
2801 2604
2207 2200
2182 2790
2667 2565
3173 2504
3073 2777
2798 2028
3016 2675
2012 2349
2358 2720
2866 2140
3058 2243
2852 2040
2979 2333
1983 2340
2952 2396
2142 2236
2097 2317
2748 2155
2412 2719
1855 2344
2314 2673
3053 2801
2209 2425
2688 2540
1977 2376
2881 2119
2752 2582
2245 2707
2976 2331
3316 1777
2019 2363
3070 2308
3168 2521
2186 2684
2202 2706
2969 2586
3059 2378
2501 2810
2147 2462
2501 2760
3014 2667
2133 2355
2914 2766
3059 2489
2980 2196
2464 2733
3061 2441
3053 2142
2945 2131
2478 2945
1875 2337
1969 2279
2837 2264
2945 2401
3040 2653
2561 2562
2177 2682
3053 2791
3078 2795
2412 2716
2498 2768
3328 1760
2083 2863
2134 2586
2933 2369
3007 2131
3070 2306
2569 2579
2599 2603
2988 2621
2463 2892
2070 2846
2067 2691
2970 2628
3016 2287
2905 2410
2534 2759
3059 2808
2838 2117
3039 2323
3119 2575
3021 2234
2840 2264
2224 2464
3074 2117
2983 2603
2014 2265
3901 924
3075 2309
3053 2368
3033 2541
2813 2200
2770 2760
3014 2350
3322 1738
2896 2095
3094 2564
2216 2497
2622 2481
3092 2613
2041 2401
3324 1775
2900 2692
3028 2197
2748 2659
2562 2599
1946 2331
3135 2582
2497 2814
2621 2674
2222 2192
2745 2722
2059 2334
3029 2383
2102 2852
2197 2822
3140 2581
2514 2707
2113 2443
2823 2481
2837 2254
2908 2509
2109 2371
3023 2326
1899 2334
2094 2830
2752 2594
2866 2096
2561 2591
3047 2637
1973 2300
2976 2122
2393 2717
2060 2278
2868 2394
2798 2428
1883 2355
2587 2686
1913 2351
2812 2034
2818 2594
2915 2701
2659 2597
2215 2507
3151 2519
2793 2487
3054 2475
2811 2593
2100 2836
2762 2797
3020 2303
3063 2731
2969 2583
2968 2393
2461 2912
2619 2619
2679 2735
2787 2574
3026 2124
2916 2475
3258 1767
2122 2870
2910 2730
2042 2332
2390 2716
2759 2705
2916 2695
2990 2269
1954 2367
2832 2073
2830 2014
2876 2098
2751 2137
3320 2073
2792 2660
2810 2551
2541 2727
2422 2684
2021 2295
2786 2444
2831 2409
2967 2488
2438 2669
3318 2061
2196 2738
1890 2342
2715 2489
2909 2431
2141 2355
2840 2369
2115 2384
3030 2311
2822 2661
3014 2306
2151 2358
2228 2192
2664 2569
2096 2875
2904 2133
2277 2676
3063 2291
2793 2722
2770 2547
2476 2950
3123 2519
3169 2521
2156 2453
2772 2520
2565 2598
2184 2826
2430 2713
3008 2178
2389 2712
2068 2283
2124 2639
3059 2240
2186 2530
4063 1239
3119 2542
4057 1236
2952 2544
2851 2038
2427 2873
2436 2748
2892 2766
2087 2393
3283 1773
2850 2644
2856 2053
3088 2715
3028 2231
2150 2265
3084 2114
2779 2171
2239 2714
3314 2046
2548 2718
2070 2845
3035 2331
3051 2640
2104 2806
3114 2505
2101 2375
2443 2915
3078 2133
2879 2759
2800 2188
3325 2073
2340 2705
1859 2334
2422 2870
3021 2310
2109 2378
2806 2052
3011 2252
3135 2514
2670 2609
3282 1939
2374 2743
3085 2132
2235 2717
3318 1755
2888 2086
2948 2494
2761 2816
3029 2388
2977 2569
2797 2554
2922 2476
2864 2113
2486 2729
2159 2532
1879 2319
2237 2732
3306 1749
2103 2322
1990 2323
2122 2617
2193 2838
2976 2137
2842 2398
2195 2243
2787 2144
3027 2539
2776 2658
2858 2657
2072 2649
2641 2445
2822 2051
2490 2852
2232 2746
3033 2535
3030 2823
2826 2409
2448 2769
3136 2636
2456 2872
2796 2568
2014 2286
2751 2724
2141 2343
2106 2625
2089 2652
3030 2127
2134 2437
2155 2586
2787 2184
2782 2202
2122 2581
2940 2135
2170 2264
2904 2106
2066 2751
2820 2040
2010 2251
2596 2580
2261 2671
2675 2702
2169 2427
2802 2605
2978 2615
3068 2623
3017 2332
2508 2816
2111 2799
2387 2726
2000 2298
2157 2273
2934 2108
2060 2279
2104 2421
2013 2356
1992 2345
1869 2334
2200 2766
2476 2927
3002 2338
2973 2232
2012 2252
2226 2544
2707 2495
2124 2309
2125 2863
2934 2384
2039 2373
2023 2393
2475 2912
2360 2717
2121 2856
2319 2675
4405 1166
2926 2805
2650 2575
2639 2482
1862 2357
3064 2621
3116 2547
3096 2571
1971 2346
2463 2954
2123 2623
2733 2121
2094 2605
2715 2528
2209 2388
2057 2671
2458 2914
2980 2630
3158 2567
2759 2738
2067 2301
2522 2806
3332 2020
3086 2479
2466 2871
2182 2704
2168 2438
3899 914
2814 2493
2424 2947
2751 2598
2031 2334
2807 2455
2230 2180
2157 2443
2744 2696
2767 2150
2085 2848
1913 2332
2424 2746
2364 2701
2998 2347
3331 1744
2784 2016
2491 2802
2523 2702
2751 2604
2239 2400
2472 2859
2486 2810
2165 2701
2453 2750
2982 2604
3093 2504
2757 2757
2928 2512
3082 2726
2456 2863
3067 2505
2890 2086
3060 2811
2123 2877
2057 2418
2007 2327
2998 2349
2793 2490
2722 2129
2917 2767
2780 2168
2454 2866
2244 2736
2598 2688
3067 2757
2730 2124
2779 2022
3007 2270
3025 2392
2055 2696
2184 2737
2848 2642
3028 2529
2696 2505
2902 2446
3322 2079
3070 2706
2088 2834
2834 2048
2941 2560
2928 2429
3083 2119
2944 2420
3061 2687
3084 2141
3022 2320
2067 2751
2443 2749
2123 2628
3040 2215
1968 2283
2912 2414
2114 2818
2226 2188
2484 2843
2270 2700
2793 2550
2992 2627
2025 2291
2099 2378
3005 2348
2859 2660
2824 2655
2922 2415
2470 2898
1885 2332
2457 2903
3066 2120
2939 2563
2094 2614
2117 2446
2031 2281
2657 2588
2537 2766
2653 2444
2995 2347
2935 2524
2135 2468
2243 2471
3163 2504
2920 2705
2669 2711
2877 2134
2762 2020
2650 2656
3081 2771
2241 2745
2814 2441
2082 2760
2434 2751
4043 1277
2126 2672
1961 2331
2392 2822
2843 2098
2088 2699
2057 2302
3059 2500
3172 2502
2696 2487
3019 2788
2795 2557
2154 2343
2135 2810
2094 2308
2082 2779
2061 2669
2240 2470
2164 2440
2159 2436
2244 2715
2819 2134
3315 1800
2149 2557
2117 2804
2184 2603
2776 2153
2861 2655
2983 2328
3931 927
2751 2682
2473 2935
3169 2536
2169 2435
2884 2768
2676 2722
2159 2591
2496 2766
2203 2400
2768 2504
2844 2041
2186 2691
2941 2490
2176 2737
2310 2679
2905 2391
2909 2396
3076 2727
2920 2686
2185 2834
2080 2866
2802 2189
2458 2897
2310 2665
2667 2559
2847 2368
2813 2598
2243 2396
3283 1762
2745 2704
2088 2652
2037 2391
2416 2695
2182 2604
3388 1907
2991 2365
2752 2572
2735 2484
2803 2207
3109 2575
2159 2249
2562 2606
3042 2302
3032 2298
2839 2219
2512 2799
2454 2958
2761 2647
2826 2402
2910 2124
3024 2544
2592 2590
2632 2678
2081 2313
2122 2414
2574 2710
3017 2189
2150 2358
2120 2856
2471 2745
2945 2505
1955 2367
2441 2888
2157 2590
2020 2297
3027 2220
2795 2465
2789 2164
3072 2697
3319 2079
2572 2708
2990 2343
2849 2054
2911 2478
2938 2735
2433 2664
3084 2696
2918 2500
2694 2482
3061 2339
2782 2127
3919 915
2138 2601
2807 2143
2172 2269
3323 2061
2105 2471
2544 2647
2593 2600
2975 2611
2747 2138
2918 2703
2899 2405
2057 2695
2542 2732
2211 2436
2455 2873
2098 2380
2155 2249
2401 2898
2052 2417
2924 2726
2217 2762
2755 2154
3310 1749
2946 2497
2903 2105
2456 2702
2807 2662
2032 2332
2121 2295
2677 2701
2779 2196
2204 2734
2471 2893
2895 2665
2155 2798
2152 2255
3064 2499
2840 2382
2132 2344
2671 2708
2112 2630
2478 2751
2639 2649
2279 2701
2212 2488
2190 2692
2702 2493
1958 2318
2436 2721
2659 2567
2207 2236
3097 2624
2187 2264
3020 2790
2566 2566
2938 2119
2420 2742
2897 2666
3062 2695
2192 2244
2027 2364
2083 2313
2954 2541
2317 2700
2125 2402
2010 2285
2949 2430
3134 2509
2548 2631
2507 2758
3014 2294
2946 2118
3114 2552
2885 2835
2250 2481
3032 2217
3331 1771
2896 2653
3000 2574
3088 2141
2809 2610
3025 2332
2533 2721
2084 2386
2946 2766
2215 2706
3073 2451
3026 2193
1995 2372
2742 2717
2127 2337
2116 2807
2011 2329
2490 2813
3012 2288
2235 2466
3425 1772
3071 2689
2758 2063
3063 2716
2198 2745
2220 2457
2423 2834
2065 2285
2945 2428
2483 2933
2228 2541
2835 2233
2453 2908
2044 2318
3016 2528
2399 2825
2088 2405
2824 2228
1952 2319
2099 2331
2093 2340
2142 2594
2746 2742
2864 2114
2212 2517
2631 2693
3298 2060
2777 2074
2856 2054
2261 2693
3332 1775
2911 2405
3020 2360
2089 2616
2144 2467
2244 2524
3045 2496
2992 2585
3093 2613
4035 1269
2677 2470
2958 2476
1989 2320
2265 2699
2396 2822
3249 1768
2984 2138
2460 2744
2844 2232
3022 2273
1960 2368
2940 2369
1969 2344
3284 1789
2555 2665
2444 2836
2209 2534
3055 2774
2608 2610
2795 2568
3048 2234
3093 2569
2409 2940
2823 2476
2579 2690
2099 2332
2832 2140
3033 2321
2113 2457
2138 2604
2120 2408
2408 2894
2390 2692
3010 2667
2087 2693
2841 2041
3024 2201
2121 2310
3936 932
2809 2121
2557 2586
2765 2804
3042 2803
2804 2584
2079 2280
2823 2648
2567 2586
2974 2358
1943 2322
2018 2381
2903 2665
2088 2394
1938 2322
1866 2317
2947 2402
2204 2448
2489 2731
2187 2467
1879 2280
2221 2463
3933 913
3034 2658
3074 2514
2427 2876
2433 2667
2824 2589
3435 1749
2221 2488
2056 2675
3071 2694
2888 2748
2167 2597
1862 2339
3246 1772
3900 927
2900 2688
3023 2291
2910 2131
1992 2347
3026 2318
2821 2027
3062 2445
2082 2283
2470 2897
2762 2532
2064 2665
2951 2369
2027 2326
2013 2770
2088 2648
2943 2397
2442 2751
2901 2407
2755 2694
2731 2104
2928 2402
2447 2876
1954 2320
2904 2658
3069 2640
3135 2589
2872 2097
2510 2768
2450 2751
2973 2568
2811 2555
2478 2767
3027 2278
2823 2671
1914 2351
2840 2364
2211 2519
2440 2757
2778 2065
2921 2708
1970 2370
2197 2426
2420 2840
2653 2450
2630 2690
2808 2041
3053 2683
2982 2613
2089 2299
2851 2042
2122 2631
3066 2728
3115 2648
2993 2560
3031 2127
2674 2696
2537 2657
2161 2760
2747 2601
2781 2497
2638 2681
1990 2366
2145 2245
2820 2075
2879 2421
2990 2567
2095 2787
2125 2674
2762 2758
4065 1272
2900 2775
2381 2799
2070 2716
2829 2660
2807 2123
3070 2783
1877 2318
2097 2344
2796 2195
2896 2776
1975 2280
2177 2717
3066 2378
3053 2355
3043 2298
3107 2610
2964 2313
2735 2699
2755 2502
2147 2257
2168 2439
3317 1802
2946 2368
3913 936
2465 2667
2761 2795
2213 2440
2913 2807
2236 2710
2839 2049
2202 2712
3092 2564
2561 2605
2548 2726
3048 2797
2480 2733
3098 2507
3296 2069
2676 2696
3032 2203
3128 2518
2129 2859
2026 2766
2835 2043
2819 2216
2550 2657
2590 2682
2989 2566
2180 2762
2674 2466
3067 2304
2079 2877
2932 2774
2138 2452
2164 2443
3037 2668
2315 2678
3295 1800
2917 2419
2204 2385
2139 2283
2167 2798
2426 2827
3025 2289
2066 2880
3043 2799
2918 2781
2058 2331
2245 2194
2734 2703
2461 2940
2489 2834
3064 2509
3015 2285
1905 2322
2679 2550
2176 2719
2672 2482
2917 2748
2325 2694
2426 2722
2801 2202
2553 2724
2994 2136
2008 2346
2174 2802
2943 2417
2839 2101
2918 2763
3015 2244
2136 2347
3028 2285
3170 2509
2165 2695
2756 2776
2396 2783
2089 2385
2795 2044
2863 2401
2926 2514
2736 2138
2858 2647
3017 2361
2826 2098
2753 2067
2191 2689
2247 2744
2636 2638
2749 2741
2153 2453
2888 2123
2864 2404
3314 2088
2192 2526
3085 2698
2642 2706
2766 2539
2109 2275
2989 2557
2027 2763
2116 2271
2472 2929
2679 2701
3122 2604
2024 2283
2985 2594
3045 2141
2308 2677
2371 2742
2327 2698
2805 2210
2773 2518
2883 2111
3095 2627
2583 2684
3076 2635
2117 2425
2175 2740
3050 2142
2025 2332
2069 2793
1908 2320
3065 2446
2582 2700
2969 2314
3331 1751
2917 2515
1962 2378
3023 2283
2916 2748
2747 2661
2919 2699
2282 2671
2882 2091
2935 2767
2240 2401
2237 2461
2476 2816
2225 2470
2768 2708
3073 2397
2476 2861
2775 2558
3920 938
2669 2701
3046 2335
2891 2122
3027 2801
3039 2134
2033 2321
2449 2696
2435 2758
3297 1784
3004 2260
3101 2506
2455 2762
2457 2940
2766 2763
2638 2455
2698 2704
2085 2348
2423 2837
2189 2431
2420 2902
2875 2761
2741 2513
2501 2773
2025 2334
2904 2665
2017 2341
3039 2230
2088 2617
2053 2326
2402 2803
3168 2532
3062 2297
3041 2341
2059 2683
2793 2565
2693 2708
2893 2084
2466 2936
2901 2103
2085 2296
2482 2917
2435 2937
2510 2818
3078 2115
3061 2800
2419 2938
2820 2684
2318 2723
2830 2418
3106 2614
2938 2774
2320 2674
3080 2495
3009 2199
4035 1265
2787 2486
2246 2489
2230 2394
2238 2180
2850 2105
2908 2415
2423 2682
2766 2559
2786 2673
2764 2532
2825 2682
2081 2877
1874 2361
3031 2329
2074 2878
2938 2391
2245 2736
3016 2789
2815 2129
2493 2800
2226 2191
2028 2367
2407 2891
2438 2668
2834 2071
3026 2546
2763 2494
3039 2228
1898 2331
2045 2312
3059 2387
2055 2746
3070 2638
2752 2578
2929 2472
2438 2695
2183 2763
3016 2227
2298 2670
2227 2402
2841 2113
2391 2708
3062 2691
2644 2456
2649 2464
2326 2684
2850 2054
1960 2365
2138 2591
2897 2100
2151 2242
2464 2963
2751 2588
2795 2152
2366 2729
2753 2677
3051 2641
2163 2479
2590 2591
3892 927
2504 2758
3269 1772
2080 2877
2131 2609
3030 2290
3126 2634
2909 2508
2421 2887
2723 2487
2057 2722
2749 2133
2464 2916
2155 2282
2927 2113
2683 2551
2954 2116
2103 2624
2779 2015
2908 2428
3070 2431
2548 2714
3076 2121
2417 2727
2583 2668
3280 1759
2778 2589
2103 2430
2759 2503
2944 2769
3077 2422
2833 2064
2204 2513
2094 2642
2698 2537
2013 2350
3029 2291
2032 2687
3025 2362
2155 2688
1971 2352
3238 1784
2173 2760
2756 2141
2068 2292
3138 2513
2500 2736
2168 2275
1957 2316
2870 2658
3302 1748
3065 2698
2747 2102
2942 2515
3907 945
2164 2427
2321 2723
3035 2369
2909 2388
2902 2748
2280 2672
2050 2325
2208 2433
2129 2878
2751 2573
2900 2371
2006 2278
2749 2729
2921 2792
2826 2588
2117 2862
2223 2202
2231 2388
2943 2512
2755 2150
2550 2722
2975 2218
2876 2759
2115 2675
2753 2693
2984 2331
2809 2554
2172 2437
2086 2351
2428 2873
2763 2038
2116 2392
2762 2121
1980 2287
2900 2143
2043 2754
2756 2147
2240 2469
3309 2094
2830 2225
3303 1742
2193 2747
2210 2508
2921 2720
2853 2652
2155 2557
2681 2714
3069 2488
2907 2442
2430 2894
2923 2763
2909 2805
3335 1761
3084 2481
2807 2141
2787 2656
2782 2472
2768 2066
2326 2730
3028 2397
3032 2349
2919 2503
2150 2242
2871 2757
2639 2619
2409 2830
2437 2679
3053 2113
2632 2622
2961 2769
2756 2061
2780 2480
3916 914
2825 2430
2498 2919
2876 2435
2789 2491
2767 2024
2554 2712
2353 2725
2095 2642
3012 2296
3056 2293
3328 2072
3436 1759
2888 2756
2070 2841
2821 2473
3063 2280
2207 2237
3311 1739
2160 2435
3033 2531
2196 2531
2498 2764
2447 2945
2758 2535
2087 2868
2000 2322
2223 2690
3016 2673
2815 2136
2478 2824
2913 2687
3103 2606
1860 2339
2143 2689
2777 2540
2339 2696
2237 2462
2992 2580
2795 2158
2935 2384
2850 2041
2814 2680
2842 2405
3138 2584
1985 2286
2223 2528
3079 2126
2772 2509
2991 2139
2097 2378
2834 2371
2032 2329
2399 2821
2201 2482
2914 2780
2066 2406
2860 2662
2083 2785
3002 2790
2932 2483
2102 2280
2910 2772
2000 2302
2902 2741
2129 2445
3135 2580
2025 2337
2473 2927
2910 2474
2031 2362
3055 2300
2974 2606
3044 2370
3071 2315
2481 2942
2585 2686
2941 2388
2545 2642
2065 2854
2887 2659
2840 2039
2166 2267
2940 2400
2609 2618
2803 2134
1867 2294
2804 2144
2770 2704
2801 2442
2122 2309
2155 2281
2777 2132
2906 2438
2169 2436
3267 1942
2829 2587
2315 2707
2607 2609
3020 2672
2984 2604
3059 2638
2470 2892
3066 2764
3018 2202
1914 2344
2778 2183
2013 2355
2834 2650
2200 2246
2623 2687
2909 2422
2623 2682
3038 2124
3007 2239
2769 2659
3057 2677
2442 2877
1973 2378
2993 2273
2445 2951
2822 2043
2910 2118
3045 2233
2747 2736
3001 2269
3071 2314
2041 2330
2048 2693
2851 2025
2661 2704
2473 2817
4063 1244
2655 2592
2787 2571
2406 2788
2582 2675
2163 2701
2852 2362
3058 2292
3284 1793
2988 2273
1874 2298
3282 1768
3244 1774
2843 2644
1891 2343
2948 2116
2298 2700
2569 2565
1890 2337
2676 2698
2889 2086
2854 2039
2755 2155
2422 2744
2794 2022
2576 2572
2857 2355
2440 2844
2031 2364
2746 2704
3042 2323
3387 1907
2125 2357
2576 2568
2015 2311
2049 2325
2097 2713
2967 2293
2858 2355
2823 2484
2664 2711
2238 2471
2641 2619
2411 2722
2102 2459
2126 2350
1962 2364
2949 2510
2953 2388
2236 2746
2456 2972
2640 2698
2721 2706
3013 2218
2976 2573
2755 2752
2975 2359
2471 2925
2371 2709
2016 2256
2114 2315
1876 2291
3048 2491
1934 2318
1976 2270
3133 2528
2508 2754
2821 2664
2808 2497
2805 2661
2913 2459
3062 2693
3283 1807
2116 2658
1897 2333
2107 2447
2832 2250
2123 2347
3352 1758
2948 2366
2737 2510
2846 2236
2356 2693
2057 2415
2912 2121
2551 2719
2740 2097
2989 2337
2834 2254
2836 2256
3023 2805
2948 2124
3054 2141
2620 2482
2735 2714
2938 2417
2470 2894
2784 2437
2197 2737
3018 2132
2779 2173
2539 2767
2892 2769
2509 2800
2200 2418
2927 2470
3047 2489
2148 2679
3029 2657
2830 2661
3119 2590
2459 2668
2186 2686
1861 2355
2568 2576
3308 2092
2899 2105
3054 2793
2916 2679
2537 2767
2090 2398
2848 2370
2647 2568
2142 2597
2926 2727
2910 2403
2697 2488
3128 2512
2552 2618
2954 2393
2976 2400
3906 942
2144 2281
2976 2180
2948 2504
2139 2600
2809 2174
2123 2402
2567 2709
2109 2660
2141 2431
2668 2482
2870 2418
2912 2721
3089 2790
1883 2282
2648 2701
2453 2880
2804 2209
2452 2958
2811 2597
2467 2854
2092 2303
2867 2105
2041 2693
2420 2944
2067 2881
2609 2616
3010 2250
3060 2341
2777 2496
2855 2040
2968 2398
2749 2731
2136 2359
2119 2404
2900 2772
2259 2694
2850 2384
2048 2766
2008 2264
3007 2672
2492 2748
2161 2264
2945 2550
2373 2741
1962 2359
2556 2604
2869 2107
2934 2409
3046 2495
3114 2604
2457 2914
2926 2807
2111 2815
2381 2728
2406 2876
1877 2307
2750 2743
2188 2686
3045 2672
2024 2380
2449 2767
3301 1801
2135 2286
2642 2447
2744 2142
2450 2898
2599 2612
2185 2258
2822 2474
2237 2729
2644 2660
1998 2277
3342 1762
2533 2646
2978 2360
2945 2416
2830 2666
2473 2859
2800 2153
2325 2716
2126 2437
1912 2350
2185 2254
2164 2701
2161 2481
3055 2343
2935 2389
2466 2937
3001 2595
2103 2657
2845 2648
2065 2404
2964 2488
2078 2285
2385 2727
2476 2821
3117 2528
2823 2209
2096 2855
2653 2571
3017 2240
2973 2329
2024 2331
3133 2510
2084 2707
2909 2475
3124 2496
2772 2800
2028 2274
2753 2505
2619 2673
3337 1756
2211 2437
2878 2771
2012 2375
2402 2806
1913 2334
2438 2913
2905 2404
2069 2394
2829 2213
2682 2718
2924 2799
2472 2731
2156 2330
2121 2470
3309 1789
3327 1773
2911 2120
2972 2215
2806 2610
2111 2630
3017 2271
2714 2524
2460 2945
2207 2427
2313 2701
2119 2719
2931 2494
2638 2629
2121 2717
2822 2652
2093 2622
2223 2762
2166 2712
2571 2662
2028 2376
2744 2482
2225 2198
2016 2319
3031 2797
2645 2583
2798 2036
2983 2334
3043 2793
2918 2737
2938 2529
2815 2109
2952 2394
3054 2300
2698 2536
3890 921
2954 2544
3127 2576
3026 2199
3045 2135
2319 2684
2001 2279
2880 2107
2573 2677
3056 2678
2042 2752
2793 2432
2200 2255
2436 2718
2858 2413
2631 2604
3160 2577
1945 2329
2886 2768
2297 2700
2186 2731
3029 2786
2831 2225
2673 2466
2473 2727
2123 2358
2820 2180
2113 2642
2976 2406
3115 2510
2906 2392
2906 2107
2933 2722
2106 2772
3030 2129
2795 2603
3919 943
2083 2876
2931 2801
2863 2405
2874 2400
2426 2825
2438 2875
3243 1765
2995 2272
2093 2429
3047 2655
3035 2636
2831 2093
1997 2287
3016 2247
2772 2803
2413 2869
3064 2108
2790 2160
2899 2659
2731 2100
2816 2488
2775 2005
1957 2372
2742 2121
2782 2493
2109 2861
2411 2867
3065 2115
3272 1886
3078 2394
2477 2863
2474 2760
2752 2591
2943 2763
2773 2027
2871 2660
3053 2762
3059 2297
3056 2817
2187 2680
2771 2517
2086 2792
2794 2438
2788 2125
3341 1762
2237 2750
2935 2371
2759 2035
2203 2713
2120 2876
2752 2605
2907 2438
2789 2670
3016 2137
3052 2360
1994 2333
2444 2772
2500 2715
2799 2668
2182 2466
2853 2038
2925 2405
2792 2659
2466 2720
2107 2857
2151 2540
1981 2323
2108 2334
2256 2765
2122 2606
2438 2673
2409 2944
3129 2632
2768 2213
3050 2503
3308 1750
2472 2746
2786 2063
2036 2335
2035 2407
2753 2510
2780 2195
2535 2726
2276 2679
2099 2318
2084 2393
2154 2247
2978 2625
2866 2664
1998 2293
2754 2498
2116 2448
3041 2164
1981 2324
2526 2762
3080 2516
2012 2769
2145 2280
2195 2674
2207 2765
2311 2714
2102 2864
2802 2457
2093 2345
2844 2031
2990 2347
2829 2407
3101 2587
2117 2391
2893 2781
3041 2790
3006 2553
2039 2334
1954 2314
3073 2128
2028 2386
2078 2398
3274 1774
2596 2581
2924 2467
2062 2416
2898 2818
2957 2479
3022 2193
2792 2438
3292 1722
2479 2853
2254 2722
2863 2661
3063 2308
2088 2384
2920 2475
2163 2800
3028 2353
3280 1792
2819 2620
3032 2814
2186 2692
2853 2054
2476 2859
2829 2017
2119 2818
3319 1736
2911 2421
2961 2127
2466 2745
2673 2553
2936 2740
2138 2673
2926 2705
2990 2587
2591 2601
2212 2431
2790 2463
2119 2463
3018 2371
2520 2799
2844 2056
2067 2286
2754 2065
2437 2683
2164 2282
3061 2443
3061 2378
1994 2365
3090 2470
2552 2626
2085 2880
2497 2703
2761 2143
2983 2352
2238 2179
2921 2739
2657 2467
2425 2828
2105 2478
3054 2111
2239 2489
2207 2534
2784 2469
2781 2499
3065 2715
2965 2567
2423 2684
2901 2130
3022 2128
2181 2834
3032 2809
2780 2483
2382 2690
2775 2718
2485 2919
3041 2239
2447 2671
2415 2895
2202 2732
3036 2192
3061 2686
2760 2643
2481 2804
3078 2524
2716 2705
2877 2126
3028 2306
2098 2320
2209 2385
2247 2204
3316 1746
2397 2787
2190 2679
2928 2707
2945 2773
3130 2512
2616 2677
2143 2272
1873 2350
1860 2362
2935 2390
3042 2381
1864 2317
2248 2735
2680 2736
2634 2715
2247 2526
2959 2121
2130 2669
2987 2619
2832 2649
2975 2565
2470 2932
3143 2571
3282 1937
2968 2140
2754 2710
2164 2271
2815 2131
2362 2699
1982 2284
1862 2328
3136 2590
2904 2748
2832 2091
2964 2775
1990 2330
3036 2516
1869 2360
2613 2626
3052 2300
2533 2641
2501 2762
2961 2363
2985 2578
2428 2717
3110 2570
3284 1806
2178 2821
2199 2751
2100 2280
2210 2239
2843 2370
2934 2767
2458 2879
2086 2314
2150 2455
1912 2317
2454 2666
2984 2595
2915 2694
2828 2098
2529 2755
2636 2702
2821 2471
2527 2754
3244 1773
2480 2738
2123 2397
2582 2709
2562 2719
2960 2117
2812 2485
1969 2350
2794 2655
2673 2465
1913 2312
2371 2694
2231 2180
1993 2348
3120 2591
3426 1773
2665 2482
2201 2699
2623 2628
3920 917
2742 2103
2904 2112
2198 2766
2817 2107
2521 2701
3029 2314
2579 2673
2927 2482
2833 2068
2124 2303
1910 2334
2588 2686
2966 2353
2472 2728
2149 2689
2435 2936
2912 2768
2999 2347
2641 2699
3108 2614
2211 2709
1967 2328
3029 2675
2900 2816
2805 2024
2414 2894
2024 2385
3347 1761
1981 2370
3067 2349
3133 2580
3270 1946
1865 2293
2640 2630
2910 2451
2182 2780
2901 2739
2379 2688
2729 2110
2885 2658
2029 2270
2567 2567
2595 2687
2899 2370
2264 2466
2069 2292
3050 2360
3318 1751
3288 1789
2912 2775
2821 2475
2898 2691
2767 2142
2651 2590
2753 2570
2427 2887
1992 2346
2318 2718
2085 2415
2947 2100
2864 2096
3009 2131
2717 2704
1990 2281
2120 2608
2365 2717
2417 2827
2858 2399
2518 2786
2791 2465
2511 2754
2501 2917
2282 2667
1889 2274
4071 1274
2123 2806
2805 2605
2906 2429
3090 2140
2085 2411
3320 2060
2514 2713
3037 2653
2745 2597
2093 2647
2839 2241
2091 2403
2091 2875
2294 2670
2753 2162
1972 2291
2842 2099
2877 2132
3027 2797
3325 1740
2965 2307
1997 2370
2431 2666
2491 2926
3019 2321
3120 2553
2763 2519
2029 2397
2456 2763
1874 2351
2402 2729
2255 2723
3030 2389
2548 2715
2469 2959
2915 2384
3045 2799
2779 2172
2089 2613
2079 2785
3073 2452
3118 2575
2446 2942
2129 2290
2196 2479
2968 2391
2886 2398
3044 2643
2223 2186
2067 2754
2916 2396
2949 2429
2481 2767
2431 2764
2111 2441
3018 2523
2115 2273
2184 2828
2375 2732
3317 1799
3043 2291
1968 2331
2837 2270
2633 2716
2827 2245
2363 2705
2318 2676
2823 2683
3029 2792
2784 2660
2416 2825
3893 925
2028 2312
2219 2542
2537 2764
1984 2313
2874 2411
1970 2339
2442 2842
2186 2674
2384 2800
2077 2877
2410 2845
2995 2143
2786 2571
2914 2735
2484 2734
2037 2312
2831 2013
2016 2314
2810 2594
2563 2586
2645 2453
3131 2509
2211 2459
2803 2596
2202 2757
2786 2492
2204 2677
3027 2314
2130 2367
2645 2676
2778 2660
2082 2780
2258 2727
2907 2480
2851 2234
2134 2854
2646 2569
3028 2300
2846 2090
2854 2395
2986 2566
2057 2672
2806 2589
2047 2306
2776 2032
2062 2283
3124 2500
2195 2669
2114 2270
2429 2721
3014 2516
3058 2486
2068 2855
2773 2049
2239 2709
2027 2397
2753 2653
2175 2431
2098 2857
2987 2126
2827 2589
2445 2748
2227 2401
3047 2346
2721 2123
2792 2661
2071 2690
2237 2528
2825 2437
2675 2732
2166 2695
2641 2651
2990 2332
3061 2793
3036 2212
2945 2551
2791 2454
1975 2349
3011 2262
2741 2663
3017 2239
2021 2771
2023 2376
2149 2338
2071 2709
2470 2901
2188 2249
2782 2498
2241 2734
2153 2822
2772 2126
3311 1795
2617 2629
2150 2280
2395 2793
2775 2039
2768 2207
2863 2101
2227 2408
2354 2725
2946 2504
3061 2315
2874 2430
2084 2646
2901 2434
2107 2288
2971 2567
2767 2784
3030 2197
3015 2287
2024 2388
2086 2844
2954 2491
2220 2463
2373 2728
3112 2628
3075 2496
2494 2816
3073 2510
2778 2046
2942 2535
2583 2689
2859 2649
2169 2706
2040 2406
2773 2144
2007 2369
3032 2350
1874 2332
3320 2072
2256 2764
1867 2336
2599 2690
2483 2770
2941 2505
3083 2127
2907 2452
2906 2811
2098 2339
2409 2838
2109 2465
2775 2503
2551 2630
3094 2510
2387 2816
2593 2698
2874 2757
2024 2281
3049 2780
2074 2715
2105 2368
2126 2424
2124 2604
2234 2208
2407 2805
2822 2601
2166 2594
2921 2112
2064 2286
2137 2590
2502 2814
3310 1797
2958 2773
2115 2444
2868 2395
2825 2585
2750 2549
2753 2710
2182 2464
2752 2717
2913 2112
2201 2413
2232 2387
2430 2831
2454 2760
2764 2125
2368 2703
2531 2721
2928 2808
2133 2446
1979 2291
2990 2569
2848 2231
2665 2559
2821 2610
3075 2721
2680 2726
2441 2765
2496 2816
3306 2066
2838 2377
3071 2772
2216 2498
2102 2325
2186 2764
3093 2568
3038 2205
2947 2542
2193 2685
2166 2490
2477 2728
2230 2182
2446 2951
3061 2243
2497 2843
2101 2306
2906 2688
2773 2539
2972 2132
2145 2677
3108 2612
3160 2576
2359 2729
3311 2084
2743 2697
2415 2876
2128 2404
2774 2538
2108 2806
2428 2747
3311 2081
2743 2706
2771 2663
3087 2462
2704 2533
1919 2347
3012 2130
2067 2689
2478 2753
2155 2690
2798 2424
2211 2761
2803 2660
2258 2726
3916 916
3068 2694
3313 2044
3042 2303
3910 935
2894 2780
2916 2696
2890 2398
2796 2564
2097 2854
2631 2632
3011 2263
2064 2848
2950 2435
2103 2472
2143 2283
2205 2206
3017 2137
2082 2879
2993 2205
2834 2216
3066 2435
3049 2743
2285 2680
3057 2434
2128 2352
2878 2401
2122 2347
2596 2703
3428 1766
3238 1777
2911 2782
2771 2518
2823 2477
2951 2109
2175 2442
2442 2715
3078 2393
3046 2230
2111 2304
2784 2033
2478 2726
3440 1753
2917 2725
3049 2313
2011 2337
1957 2371
2947 2496
2691 2706
3158 2577
2186 2432
2889 2655
3142 2566
3342 1753
2938 2738
2768 2142
3081 2630
2086 2391
1862 2340
2753 2147
2587 2714
3299 2054
2205 2201
2204 2741
2094 2711
2100 2362
3434 1754
2228 2464
2112 2829
2895 2401
2475 2727
2888 2442
2296 2706
2179 2447
2206 2760
2931 2804
2329 2679
2671 2702
2941 2800
2811 2191
3012 2297
3011 2671
2162 2356
3016 2284
2911 2767
2409 2846
3322 1791
2419 2829
2071 2697
2555 2710
2082 2832
2236 2721
2562 2595
2216 2500
1961 2353
2424 2684
2506 2713
2950 2768
3063 2642
3003 2556
2777 2043
2245 2203
2419 2879
2809 2053
2154 2279
2810 2033
2238 2727
3013 2790
3078 2751
2161 2533
2089 2789
2854 2053
2191 2755
2023 2337
2129 2360
2069 2702
2500 2814
2898 2434
2004 2337
2858 2107
2067 2723
2391 2828
2086 2646
2159 2695
3297 2069
2914 2384
2925 2533
3126 2519
3009 2198
3024 2828
3313 2079
3319 1803
2208 2708
2823 2197
2814 2677
2647 2585
3321 2057
3120 2480
3014 2789
2128 2427
3013 2256
2754 2746
2155 2812
3087 2480
2430 2673
2480 2935
2069 2858
2204 2395
2802 2434
2122 2456
2786 2576
2479 2955
2169 2813
2947 2475
2737 2735
2897 2751
2888 2743
2443 2679
2075 2742
1996 2276
2028 2390
2103 2366
2234 2169
2259 2767
2721 2711
2183 2765
2824 2653
2643 2680
2907 2093
2968 2578
3078 2427
2476 2744
2793 2679
2416 2891
3016 2667
2786 2443
2479 2705
2761 2514
4034 1269
2196 2709
2082 2768
3032 2811
2024 2329
2905 2677
2504 2780
2743 2484
2031 2333
2580 2684
2817 2487
2069 2688
2837 2382
1863 2334
2966 2135
2082 2708
2947 2298
2921 2492
2998 2144
2228 2474
3103 2590
2202 2518
2822 2607
3024 2312
3013 2181
2642 2583
2678 2728
2785 2425
2501 2738
2772 2178
2381 2731
2121 2342
2658 2590
3077 2431
3316 1754
3149 2562
2916 2733
2750 2715
2933 2776
3025 2199
3909 940
2591 2615
2158 2273
2771 2186
2185 2736
2838 2086
2554 2649
2922 2734
3073 2450
2010 2264
3012 2253
2113 2731
3132 2511
2102 2821
2844 2650
2139 2343
2961 2401
2756 2530
2767 2539
2539 2655
2122 2802
2590 2710
2762 2123
2195 2716
2174 2810
2431 2879
2143 2690
2194 2747
2238 2215
2939 2115
2842 2115
3140 2590
2374 2742
2918 2711
2895 2108
2439 2761
2221 2531
2248 2197
3063 2307
2752 2651
2942 2109
2892 2654
3009 2191
1863 2315
2238 2204
2150 2333
2202 2420
3022 2302
2026 2765
2259 2474
2591 2579
2491 2924
2180 2780
2773 2548
2864 2101
2819 2209
3327 1739
2117 2301
3096 2490
2237 2696
2175 2766
2451 2755
2750 2657
2754 2551
3062 2117
2063 2415
2464 2964
2745 2665
3009 2178
2108 2322
2778 2016
2839 2661
2009 2273
3033 2237
2601 2700
2123 2392
2151 2558
3107 2587
2942 2506
2754 2573
2214 2440
2203 2735
3173 2036
2784 2127
2786 2035
2660 2597
2051 2693
2145 2432
3055 2310
2841 2024
3041 2333
2735 2102
2153 2809
2768 2554
2766 2044
3078 2685
2679 2737
2938 2763
2761 2591
2069 2718
2813 2676
3077 2450
2821 2601
2441 2700
2823 2072
2747 2510
2474 2952
3055 2786
2776 2072
2920 2690
2934 2123
2247 2479
2575 2709
3260 1765
2041 2325
2892 2833
2948 2421
2942 2536
2440 2754
2244 2691
2449 2951
2253 2714
2944 2125
2950 2430
2647 2598
1855 2340
3015 2788
2916 2498
2064 2720
2776 2175
2914 2477
2050 2772
2025 2386
2767 2808
2033 2320
2109 2423
2016 2341
2203 2388
2209 2436
2508 2766
2941 2768
2242 2735
2778 2169
2092 2301
1866 2318
2764 2132
3158 2578
2427 2832
2915 2463
3436 1763
1881 2356
3070 2697
2962 2542
2615 2685
2724 2678
2214 2435
3295 1735
2651 2601
2936 2536
2011 2275
2456 2965
3894 924
2790 2024
2862 2117
2995 2592
2140 2263
2554 2662
2583 2675
2584 2687
2797 2666
2336 2681
2913 2366
2199 2703
4069 1268
2193 2248
2960 2558
2779 2059
2815 2614
3061 2700
2108 2805
3012 2786
2391 2712
2022 2279
2145 2469
2577 2568
1889 2334
2178 2716
2563 2711
2116 2446
2947 2366
3331 1763
2031 2376
2772 2592
2026 2311
2524 2712
2123 2459
3011 2272
3042 2299
3090 2490
2766 2128
2817 2177
2934 2703
3065 2378
2753 2062
2877 2124
2641 2661
2922 2761
2744 2719
3167 2564
2388 2818
2857 2661
3050 2737
2831 2411
2567 2565
2839 2037
2917 2477
3048 2343
2824 2584
2820 2182
2785 2069
3442 1751
2541 2752
2413 2737
2958 2289
2318 2724
2129 2818
1876 2307
2446 2944
2178 2722
2204 2429
2217 2512
1963 2327
2935 2392
2746 2698
2220 2440
2874 2751
2356 2725
2457 2945
2771 2201
2774 2664
2100 2653
2760 2497
2127 2405
1971 2279
2758 2767
2797 2553
2909 2390
2389 2716
2786 2016
3018 2674
2812 2139
2912 2780
2642 2674
2837 2115
2060 2671
2154 2258
2159 2788
2222 2538
2162 2275
3935 916
1862 2359
2755 2550
2311 2673
3918 913
3313 2051
2033 2376
3030 2825
1904 2314
2027 2308
2136 2360
3319 2042
2277 2674
2190 2744
2040 2372
2008 2321
2239 2180
2843 2391
2123 2614
2875 2396
2114 2272
2552 2636
2064 2882
2217 2440
3022 2321
2160 2257
2953 2544
2127 2402
2505 2714
2920 2792
2129 2631
2939 2762
2948 2769
2461 2852
2727 2118
2776 2010
3103 2608
2050 2766
2141 2429
2001 2298
2335 2678
1970 2314
3260 1767
2063 2665
2194 2545
2543 2730
2503 2785
3101 2504
3311 1753
2074 2652
2601 2607
1880 2330
3312 1756
2450 2917
2157 2794
2818 2627
3144 2518
3308 1786
2171 2754
2794 2454
2103 2369
2555 2663
2202 2476
2786 2145
2023 2769
2101 2427
2832 2225
2553 2672
2010 2312
3083 2114
2433 2720
3103 2512
1861 2356
2241 2748
2088 2382
2051 2774
2885 2404
2738 2038
3070 2387
2823 2031
3025 2123
2507 2774
2424 2946
2155 2802
2498 2922
3282 1773
3435 1757
2431 2713
2845 2092
1950 2328
2458 2744
2906 2367
1969 2315
3103 2602
2639 2447
2103 2857
2068 2333
2974 2215
2209 2473
2126 2297
3115 2607
2810 2465
2915 2440
2932 2495
2415 2897
2967 2142
2637 2450
2916 2737
1996 2282
2245 2204
2053 2772
2215 2474
3084 2483
3043 2299
3114 2605
2780 2147
2878 2410
2900 2406
2684 2716
3003 2339
1976 2376
2959 2486
1864 2359
2114 2643
2758 2028
2429 2692
2098 2332
1927 2324
1974 2377
3102 2608
2921 2794
2781 2031
2022 2295
2991 2629
2985 2136
2404 2786
2699 2504
3065 2346
1905 2314
2133 2419
3120 2525
2062 2301
2732 2107
2257 2484
2994 2346
3291 1734
3062 2641
2499 2729
3050 2365
2458 2847
1878 2307
3063 2730
3122 2567
2005 2328
2066 2398
3055 2475
3249 1767
2410 2867
2638 2646
2200 2406
3161 2576
2943 2386
3036 2332
2649 2569
2358 2719
2969 2316
2491 2748
2524 2814
2091 2876
2009 2327
2831 2141
3170 2536
2837 2013
2912 2501
2181 2433
2914 2500
2100 2792
1967 2331
2746 2032
2073 2754
2040 2751
2385 2731
2730 2097
3086 2732
3022 2826
2696 2480
2123 2457
2100 2313
2143 2814
2691 2707
2453 2746
2863 2645
2823 2033
3297 1726
2078 2393
2979 2194
2823 2665
2892 2402
3085 2718
2692 2708
2428 2723
2113 2641
2269 2691
3033 2518
2063 2279
2136 2810
3155 2515
2103 2484
3019 2791
2205 2238
2473 2767
2030 2271
2019 2269
2786 2504
2836 2654
3051 2803
2747 2567
2441 2843
3082 2147
2223 2466
2929 2391
2749 2669
2847 2361
3386 1904
3058 2297
2444 2950
2478 2960
2428 2691
3035 2674
2140 2591
2590 2595
2908 2745
2745 2695
2081 2301
2808 2483
3304 2058
3002 2551
2388 2822
3033 2643
4066 1269
2699 2708
2171 2768
3115 2571
3007 2337
2869 2668
2211 2394
2920 2113
2472 2739
2732 2669
3068 2640
2119 2623
2022 2776
2889 2654
2940 2385
2065 2721
2608 2710
2874 2432
3088 2699
3276 1791
2208 2467
2726 2488
2557 2563
2805 2437
2735 2034
2810 2545
2593 2705
2646 2599
2816 2671
2205 2711
2900 2751
2824 2073
3034 2163
3015 2273
2940 2371
2126 2438
2158 2253
2090 2610
2842 2092
2741 2099
2132 2686
3117 2526
2790 2680
2026 2380
2014 2253
2079 2274
2112 2463
2126 2344
2839 2364
2130 2467
2531 2717
2147 2346
2640 2669
2960 2544
2457 2743
3025 2670
2586 2675
2832 2097
2942 2770
2915 2442
2935 2737
2768 2557
2198 2478
3155 2578
2085 2349
3079 2434
2266 2698
2816 2142
2200 2524
2538 2728
3892 938
2944 2134
2183 2252
3319 2080
2108 2335
1958 2362
2127 2585
2184 2825
2932 2375
2024 2344
2917 2527
2448 2839
3067 2778
2162 2759
2533 2756
2827 2421
2381 2733
2650 2597
2453 2889
3021 2328
2786 2182
2786 2579
2465 2971
3025 2205
2837 2236
2157 2783
2410 2836
2932 2110
2952 2364
2799 2031
2758 2152
2236 2468
2832 2253
2567 2672
3312 2088
3047 2288
2123 2870
2142 2599
2539 2627
1941 2328
2784 2195
2819 2039
2979 2197
3119 2641
2991 2575
2818 2214
2159 2275
3331 1729
3101 2575
2093 2837
2474 2738
1970 2369
2771 2524
2452 2664
2971 2225
2796 2602
2901 2775
2869 2756
2532 2769
2786 2033
2920 2515
2793 2567
2488 2850
2094 2778
2167 2269
2192 2710
2780 2175
2725 2123
2263 2479
2767 2181
2822 2032
2878 2431
2082 2718
2234 2470
2944 2421
2761 2552
2752 2506
2173 2437
2203 2536
2127 2584
2522 2817
2039 2313
2409 2722
3144 2639
2321 2684
2772 2550
3057 2803
2708 2705
2547 2716
3937 930
3236 1773
1906 2315
2116 2734
2955 2482
3312 1773
2931 2408
1878 2329
3326 2054
3051 2289
2005 2294
2008 2316
2938 2521
1867 2358
2625 2482
2238 2178
2284 2681
3033 2209
2755 2748
2814 2593
3100 2575
2502 2810
2241 2473
2147 2466
2613 2687
2990 2274
2446 2679
2642 2678
2124 2857
2001 2292
2274 2700
2914 2693
2135 2603
2211 2508
3085 2151
2659 2698
2942 2513
3116 2525
2728 2120
2148 2560
2735 2740
2623 2695
1972 2312
2468 2926
2083 2392
1999 2297
2740 2153
3062 2502
2882 2655
2965 2222
2923 2395
1992 2365
2129 2358
4054 1267
2831 2105
2779 2018
2963 2301
2494 2730
2424 2722
2087 2411
2213 2475
2005 2276
3169 2509
3032 2163
2208 2527
2025 2389
3934 927
2225 2191
2088 2775
2455 2755
2368 2709
2910 2509
3273 1886
2872 2106
1993 2332
2055 2301
3004 2258
2125 2454
2997 2146
2826 2099
2547 2725
2562 2598
2104 2477
2486 2732
2054 2671
3050 2304
2958 2496
2840 2123
2505 2780
2879 2101
2851 2383
2529 2750
2789 2550
2324 2717
2924 2483
3061 2627
2168 2427
2907 2500
1987 2368
2194 2429
2198 2704
3938 932
3079 2722
2966 2399
2795 2573
2211 2708
2152 2273
2083 2788
1892 2325
1864 2353
2879 2659
3242 1765
2887 2396
2324 2663
2917 2484
2804 2660
2408 2730
2395 2783
3078 2425
2676 2702
2916 2729
2257 2692
3279 1789
3064 2740
3045 2800
2025 2398
1875 2333
2861 2115
2862 2413
2108 2381
3055 2149
2448 2951
3073 2755
2739 2134
3119 2512
2392 2708
2554 2618
3042 2806
1988 2315
2819 2593
2281 2679
2914 2749
2178 2714
2333 2697
2108 2380
2566 2666
2625 2629
2162 2274
2129 2334
2839 2088
2647 2701
2947 2396
2471 2768
3150 2577
3031 2536
2086 2645
2146 2346
3114 2606
2832 2049
2921 2691
2195 2517
2769 2809
2474 2745
2822 2683
2920 2419
2511 2752
2767 2135
2238 2685
2056 2766
2922 2803
1875 2309
2760 2776
2182 2461
2602 2609
1864 2350
2057 2656
2894 2109
2731 2495
2833 2231
2124 2337
2784 2439
2774 2561
2829 2412
2270 2667
2463 2731
3118 2573
2462 2753
2755 2573
2132 2666
3076 2314
3112 2644
2158 2807
2606 2609
2443 2673
2951 2479
2976 2318
2823 2598
2771 2126
2121 2447
2239 2472
2634 2440
2086 2312
2831 2108
2971 2226
2260 2722
3084 2729
3275 1796
2983 2597
2570 2664
2740 2702
3303 2061
3905 911
3056 2698
2943 2542
2791 2497
2898 2432
2506 2760
3015 2516
3116 2625
2208 2441
2787 2433
3018 2134
2124 2716
2327 2697
1869 2318
2447 2878
3025 2302
2977 2120
2598 2693
2432 2721
2843 2041
2462 2746
2437 2751
3314 1749
2438 2753
2102 2302
2786 2469
2409 2941
2970 2624
2939 2114
3061 2626
1878 2355
2757 2576
3030 2660
2790 2488
3160 2516
2754 2777
2135 2432
3315 1778
2470 2936
2126 2291
2808 2611
2084 2309
3162 2560
2079 2309
1871 2321
2114 2429
2791 2030
3071 2720
3306 2088
3025 2306
2827 2174
2489 2808
2103 2824
2195 2680
2462 2745
2914 2450
3162 2510
3051 2488
2678 2477
2000 2321
2839 2234
2085 2300
2082 2282
2395 2792
1916 2347
3082 2458
3085 2798
3304 2070
3077 2637
2065 2689
3040 2668
2781 2498
2952 2290
3030 2335
2192 2741
2097 2793
2768 2068
2909 2728
2479 2767
2141 2597
2178 2831
2011 2263
2104 2376
2911 2501
2105 2295
2951 2500
2144 2469
3055 2348
2162 2535
3278 1787
2591 2616
2756 2751
2114 2428
2772 2664
2103 2623
2806 2595
2948 2121
2768 2759
3051 2303
3074 2502
2214 2533
2836 2250
2178 2589
2173 2767
2477 2927
2429 2662
2738 2124
2378 2723
3062 2384
2095 2337
2855 2403
2893 2396
2619 2620
2638 2658
2236 2717
2977 2405
2658 2702
2271 2678
2936 2482
2466 2742
3012 2790
2888 2399
2420 2738
3056 2352
2359 2727
2783 2183
3306 1736
1864 2354
2930 2512
2547 2728
2613 2680
3068 2495
2179 2717
2858 2414
3014 2244
2192 2466
2749 2506
3076 2726
2117 2671
2761 2592
2705 2707
2737 2153
2172 2727
3255 1770
2101 2331
1976 2327
3025 2243
2753 2656
2424 2873
1887 2338
3055 2316
2446 2941
3064 2734
3046 2516
1877 2295
2772 2523
3324 2053
2793 2189
2647 2461
2758 2550
2444 2673
2718 2712
2798 2605
1986 2313
2672 2554
3077 2452
3028 2315
2328 2683
2837 2390
2645 2606
1959 2291
2808 2176
2595 2608
3053 2804
1879 2353
2770 2794
2842 2095
3087 2128
2110 2849
2005 2272
2781 2722
2104 2379
2454 2756
2271 2687
2126 2284
3905 937
2103 2295
3427 1757
2513 2802
2832 2090
3018 2283
2889 2652
3119 2634
2377 2733
3085 2724
2410 2783
1906 2335
2542 2654
3059 2639
2931 2799
2502 2789
2083 2387
1996 2343
3281 1766
2829 2014
2955 2433
2922 2805
2919 2781
2665 2473
2236 2706
3091 2623
3063 2492
2736 2110
2742 2704
2908 2100
2585 2562
3064 2730
2769 2794
2052 2727
2094 2788
3043 2502
2865 2666
2817 2213
2415 2695
2386 2730
3012 2247
2088 2874
2104 2428
3074 2518
2133 2354
3053 2251
3109 2611
2340 2706
2102 2362
2945 2772
2438 2757
2638 2702
2809 2209
3030 2128
1967 2318
2193 2692
2178 2681
3320 1776
2989 2271
2807 2129
2595 2605
2134 2428
2819 2200
2036 2754
2105 2282
2798 2670
2574 2564
2580 2693
2817 2602
2023 2279
2387 2713
1949 2329
1974 2334
2451 2875
2214 2478
2126 2582
3315 2090
2730 2494
2085 2346
1867 2349
2144 2673
2640 2609
2808 2187
3067 2388
2117 2389
2816 2484
2530 2728
2089 2388
2025 2326
2945 2503
2178 2690
2154 2256
2086 2828
1993 2366
2446 2840
2575 2676
2875 2757
3063 2339
2062 2655
2758 2754
2093 2790
3050 2779
2140 2693
2187 2466
2531 2754
2466 2876
3294 1754
2474 2735
2451 2880
2777 2593
2791 2577
2372 2726
2739 2686
2739 2721
2117 2308
2111 2851
2102 2648
2225 2202
2990 2622
2463 2850
2109 2325
2900 2448
2819 2211
3313 1755
2967 2577
2877 2420
2081 2831
3274 1756
2064 2773
2907 2501
3299 1790
3930 921
2210 2745
2471 2871
1988 2368
2416 2826
3268 1770
2753 2577
1997 2337
3029 2327
2114 2806
1978 2293
2735 2743
2545 2641
2878 2745
2091 2838
2250 2693
2076 2284
2551 2707
4032 1270
2831 2055
2073 2791
3092 2506
1946 2333
2771 2066
3028 2323
3063 2306
2909 2500
2110 2847
2748 2482
2134 2433
1884 2274
3428 1767
2756 2026
2123 2455
1988 2281
3061 2712
2966 2542
2442 2696
3148 2561
2584 2674
1988 2332
2059 2752
2901 2450
2956 2432
2298 2674
2189 2681
2668 2608
2747 2742
2916 2780
2809 2187
2960 2297
2926 2731
2755 2584
2324 2700
2460 2720
2062 2658
2156 2483
2818 2589
2920 2709
2804 2546
2762 2646
2424 2899
3047 2142
2811 2556
2023 2269
2832 2241
2940 2381
2713 2491
2383 2697
2175 2730
3930 912
2433 2665
2877 2131
2092 2834
3066 2747
2177 2440
3313 2077
2879 2100
2761 2021
2417 2898
2435 2943
2097 2346
2833 2079
2980 2627
3119 2572
2767 2173
2127 2610
2033 2758
3038 2663
1885 2346
2621 2681
2238 2747
2245 2199
2580 2674
2907 2114
2824 2422
2832 2114
2521 2773
2092 2775
2070 2851
2968 2143
2337 2681
2741 2664
2833 2054
2064 2397
2768 2132
2523 2806
2194 2520
2771 2138
3018 2672
3057 2111
2395 2807
2187 2727
2548 2633
2899 2690
2668 2702
2082 2632
3278 1793
2183 2703
2191 2687
2273 2700
1998 2325
1944 2323
3049 2783
2419 2867
3016 2255
3001 2192
2991 2138
2125 2348
2318 2677
2778 2202
2257 2481
3082 2113
3120 2570
2110 2832
3304 1744
2619 2626
2744 2736
3332 1771
2237 2692
2751 2502
3318 2060
1882 2350
2637 2706
2214 2488
2767 2517
2782 2465
3111 2507
3125 2570
3014 2311
3114 2597
2117 2633
3322 1795
2946 2403
2410 2811
3029 2228
2015 2261
2170 2759
3044 2479
2806 2189
3001 2349
2994 2347
1934 2319
2761 2497
2166 2537
3062 2303
2684 2699
2466 2668
3122 2601
3074 2486
2815 2470
2618 2687
2123 2671
2781 2545
2924 2401
2092 2875
2211 2194
2487 2933
2899 2147
2180 2718
2462 2748
3057 2135
2147 2469
3096 2730
3150 2562
2003 2325
3167 2517
2865 2404
1938 2319
3109 2604
2210 2473
2416 2940
2737 2511
3327 2072
2201 2698
2127 2375
3895 940
2126 2385
2972 2410
2689 2491
3061 2377
2239 2684
2945 2483
3067 2133
2014 2268
2089 2357
2748 2678
2803 2022
2507 2747
2476 2914
2205 2202
3076 2723
2658 2593
3119 2605
2893 2821
2164 2356
2835 2139
2894 2451
2807 2125
2915 2112
2442 2837
2959 2432
2514 2712
1996 2287
2894 2751
3312 2077
2942 2544
2474 2874
2426 2717
2770 2138
2931 2384
2757 2682
2810 2463
2877 2758
2728 2100
2482 2803
2491 2931
2554 2627
2119 2877
2784 2501
3128 2575
2891 2826
2833 2406
3024 2189
2180 2593
2982 2116
2900 2511
2982 2143
2673 2696
2927 2706
2458 2966
2921 2431
2203 2445
3071 2383
2074 2295
3015 2514
2485 2736
2406 2793
2160 2482
2201 2732
3918 939
2228 2524
3029 2229
2560 2589
2634 2677
2387 2687
2667 2710
3336 1750
1882 2342
2548 2630
2334 2703
2910 2375
2470 2964
2205 2738
3122 2489
2837 2370
2218 2496
2781 2541
2834 2405
2773 2504
3025 2796
2099 2615
2307 2672
2217 2194
2802 2136
3120 2568
3092 2567
2151 2454
2914 2684
2112 2270
2000 2325
2736 2034
2655 2609
2489 2815
3148 2640
1986 2315
3085 2450
2991 2557
3115 2513
3505 1750
2213 2706
3072 2750
2314 2671
3306 1783
2397 2806
2748 2714
2081 2832
2917 2396
2834 2373
2907 2395
3940 926
2747 2666
2965 2306
3057 2283
2088 2357
2942 2385
3052 2145
3066 2745
2159 2590
2857 2413
2501 2791
2825 2432
2587 2618
2644 2460
2727 2678
2917 2443
2828 2412
1959 2360
3069 2495
2053 2667
2034 2750
2216 2519
2080 2278
3314 1800
2697 2531
2385 2698
2942 2400
2907 2444
2812 2677
2767 2148
3083 2697
2129 2610
2120 2671
2142 2450
2947 2510
2851 2397
3015 2329
2067 2777
2857 2105
2811 2677
3044 2794
3054 2489
2028 2382
3146 2641
2319 2698
3067 2747
2652 2467
2498 2810
2418 2881
2231 2526
3303 1724
2150 2562
2633 2485
2464 2971
2900 2369
2470 2900
3040 2644
2794 2029
2086 2309
2954 2398
2917 2717
2810 2449
2236 2701
3280 1785
2786 2176
2793 2466
2835 2212
2468 2851
2654 2603
3126 2586
2473 2920
3033 2655
2643 2469
2758 2165
2245 2750
3061 2138
2475 2924
2338 2701
2717 2714
2024 2270
3119 2496
2507 2816
2828 2649
2129 2673
2913 2386
2091 2340
2785 2439
2163 2759
3047 2738
2846 2369
3034 2819
2907 2511
3099 2573
2912 2390
2817 2667
2948 2410
2474 2767
3060 2788
3024 2190
2298 2705
2217 2463
3035 2829
2036 2690
3035 2234
3114 2641
2079 2878
2743 2667
2654 2602
2558 2591
2254 2483
2458 2936
2224 2474
2814 2589
2763 2504
2090 2396
2070 2302
2753 2716
2181 2718
3112 2538
2049 2414
2111 2421
2735 2703
3330 1770
2414 2937
2206 2477
2888 2824
2853 2055
3035 2213
2641 2646
2079 2740
3071 2719
2479 2745
2752 2679
2129 2634
2183 2730
1974 2294
2954 2545
3171 2509
2120 2724
2415 2896
2689 2480
2125 2736
3043 2341
2094 2378
2480 2767
2580 2561
2444 2837
2952 2492
2599 2609
2908 2483
3018 2308
2179 2722
2144 2437
2314 2717
2450 2846
3293 2072
2512 2712
2813 2173
2991 2619
2866 2139
2454 2904
2057 2676
1997 2340
2903 2435
1874 2360
2552 2651
2744 2686
2777 2031
3167 2498
2062 2774
2837 2075
2667 2481
2163 2474
2198 2394
2432 2698
2163 2489
2987 2328
3068 2500
2320 2700
2921 2533
2663 2598
2757 2693
3146 2519
2814 2446
2057 2683
2779 2017
1878 2285
2927 2390
3018 2671
2349 2725
2793 2163
3111 2568
2550 2708
2210 2748
2884 2421
2029 2331
3083 2483
2795 2564
2979 2349
2239 2463
3033 2211
2510 2811
2826 2241
2752 2810
2245 2710
2401 2810
3082 2791
2831 2217
2513 2710
3013 2670
2051 2327
2782 2012
2325 2669
2789 2497
2189 2466
3107 2609
3135 2508
2166 2820
3347 1759
2305 2701
2309 2704
3061 2733
3027 2229
2164 2283
3319 1733
3076 2113
2519 2801
2595 2694
2167 2424
2118 2455
3090 2128
2213 2497
2642 2621
3059 2379
2928 2472
3062 2698
2960 2130
2160 2478
2114 2580
3029 2372
3277 1775
1971 2348
2123 2676
2655 2700
2195 2519
2054 2717
2969 2229
2238 2746
3057 2113
3085 2468
3165 2498
2899 2146
1995 2303
2134 2602
2966 2576
2794 2202
2773 2038
2610 2622
2765 2808
2183 2430
2007 2372
2779 2482
2092 2832
2470 2745
2629 2684
2425 2872
2979 2117
2590 2715
2020 2268
2116 2580
2979 2623
2211 2547
2772 2794
2777 2798
2128 2293
2745 2482
2003 2337
1985 2292
2023 2380
2394 2805
2193 2543
2750 2693
2909 2387
2082 2713
2314 2705
2836 2374
2830 2217
2782 2005
2489 2732
2093 2839
3029 2356
2940 2416
2949 2109
2756 2158
2154 2454
2774 2138
2802 2206
2490 2922
2154 2455
2079 2391
2552 2708
2787 2125
3038 2128
2156 2332
3319 1758
2104 2873
2218 2431
2067 2860
3034 2373
2675 2735
2206 2461
2505 2768
2237 2180
2320 2701
3084 2503
2231 2203
2013 2269
3003 2792
2821 2201
1875 2295
3104 2601
2781 2145
2756 2818
2236 2172
2827 2583
3049 2499
2881 2768
2373 2688
2757 2748
2994 2274
2021 2308
2462 2892
2249 2695
2088 2875
3168 2500
3087 2515
2959 2303
2777 2203
2651 2598
1922 2320
3018 2229
2803 2546
2943 2394
2446 2894
2201 2764
2161 2449
2978 2630
2306 2702
2073 2292
3275 1775
2934 2375
3051 2242
3333 1776
2737 2139
2144 2569
2637 2645
2005 2300
2884 2425
3080 2121
2162 2272
2873 2131
2373 2734
2778 2661
2137 2604
2753 2509
3010 2788
2457 2872
1861 2328
2660 2696
2093 2620
3337 1747
2043 2306
3142 2569
2766 2145
2464 2845
2342 2711
2206 2420
2446 2915
2331 2689
2746 2138
2362 2723
2829 2643
3099 2581
2440 2945
2172 2271
2828 2416
1956 2325
2908 2466
2797 2038
2115 2657
2424 2823
2848 2361
2082 2853
3009 2185
2018 2297
3297 1725
3055 2355
2099 2371
3076 2316
2600 2602
2877 2774
2804 2027
2020 2299
2017 2287
2668 2694
3060 2640
2245 2201
2943 2416
2822 2215
3061 2753
2698 2528
2902 2451
2115 2428
3029 2397
3082 2146
2886 2660
3067 2446
3017 2827
2880 2116
4231 1267
2331 2690
2388 2695
3298 1803
2791 2566
1957 2373
3280 1763
2675 2561
3086 2710
1878 2319
3082 2120
2593 2702
2124 2307
2021 2330
2248 2488
2517 2784
2884 2405
3092 2508
3024 2790
2802 2171
2410 2838
2190 2665
2948 2768
2641 2649
2201 2478
2917 2457
2870 2097
2060 2657
2640 2484
2793 2165
2454 2960
2479 2754
2591 2688
2230 2533
2747 2026
2014 2314
2632 2684
2770 2593
2782 2031
2236 2526
2756 2574
2085 2641
2724 2488
2951 2440
3040 2135
2786 2428
2039 2390
2773 2654
2793 2548
2797 2568
2759 2638
2789 2494
2445 2880
2768 2807
2671 2562
2429 2673
2811 2135
2756 2734
2212 2436
2868 2142
2673 2456
2239 2398
3924 917
2041 2324
2500 2789
2438 2942
3033 2803
2124 2601
2751 2138
3131 2635
2758 2771
1939 2324
2662 2698
2237 2403
2654 2560
3037 2803
2754 2566
2518 2710
2099 2646
2775 2059
2066 2749
3063 2483
3032 2304
2968 2142
2477 2767
3034 2284
3011 2178
2459 2764
2389 2697
3084 2128
2168 2429
3314 1739
2850 2366
2199 2414
2642 2700
2789 2162
3327 1740
2114 2459
2261 2476
2770 2706
2140 2337
2118 2662
2787 2189
2150 2540
2423 2841
2216 2757
2735 2508
2036 2309
2778 2205
2438 2718
2126 2611
2769 2197
2654 2559
2886 2397
2935 2489
2468 2852
2410 2843
2836 2239
3128 2591
2110 2660
2914 2418
2993 2572
3088 2481
2002 2337
1890 2344
2832 2101
2830 2216
2362 2724
2427 2839
2905 2466
2910 2133
2026 2272
2767 2542
2779 2144
2647 2710
2674 2694
2403 2723
2174 2752
2056 2661
2510 2782
2607 2613
2406 2798
3081 2455
2807 2136
2774 2718
2912 2456
1975 2378
2090 2828
2197 2681
2395 2790
2127 2860
2064 2300
2844 2404
2064 2719
3436 1756
2758 2658
2836 2118
2182 2605
2545 2714
2672 2608
2921 2793
2808 2607
1996 2283
2784 2446
2911 2770
3148 2638
2108 2428
3055 2352
2724 2492
2896 2748
2665 2560
3310 2090
1962 2374
2480 2754
2959 2557
2811 2468
3010 2240
2509 2782
2113 2639
2805 2558
2374 2739
2795 2549
2948 2476
2781 2162
2479 2851
2917 2417
2841 2396
2764 2556
2250 2758
3063 2383
2434 2836
2444 2745
2799 2190
3013 2540
2916 2464
2910 2095
2140 2574
2264 2469
2194 2714
2334 2761
2650 2698
2028 2383
2114 2268
2920 2718
2614 2621
2885 2769
2083 2355
2385 2729
2795 2129
1905 2332
3306 2069
3075 2525
3025 2394
2799 2669
2401 2728
2824 2037
3115 2605
2249 2715
3005 2785
2106 2460
2475 2958
2971 2351
3052 2113
3020 2515
2644 2453
3329 1774
2171 2725
2780 2027
3061 2445
2157 2456
2810 2131
2939 2488
2784 2076
2998 2269
3305 1737
2778 2466
2095 2614
2863 2765
2610 2618
3131 2524
3056 2680
2067 2882
2776 2804
2086 2296
2064 2847
2454 2867
1864 2346
2170 2805
2455 2950
2767 2022
3035 2323
2339 2704
2489 2807
2429 2875
3050 2811
3274 1777
2975 2601
2753 2735
2507 2772
2726 2106
2924 2515
2540 2629
3059 2732
2245 2202
2822 2202
2105 2650
2941 2416
2276 2682
2201 2763
2952 2294
2016 2759
2635 2486
2250 2752
2780 2587
2202 2474
2740 2656
2976 2198
2202 2470
2135 2353
2908 2372
2799 2041
3052 2740
3007 2179
3105 2552
3235 1777
2072 2838
3324 2055
2206 2766
2837 2142
3077 2523
2834 2087
2672 2713
2740 2128
2892 2744
2093 2846
2669 2688
3044 2343
2848 2646
2870 2415
2834 2142
2719 2715
3065 2308
2682 2694
2160 2260
2195 2710
3299 1748
3069 2753
3033 2320
2137 2816
2332 2679
2778 2193
2496 2709
2678 2476
2607 2616
2178 2686
2668 2460
3899 921
2417 2880
2775 2721
2421 2841
2157 2330
2774 2516
3030 2794
2188 2735
2653 2463
3074 2118
2110 2850
1981 2289
3333 1761
1870 2356
3068 2309
2853 2384
1990 2312
2140 2577
2105 2304
2825 2047
2492 2801
2945 2769
2942 2533
2006 2280
2211 2198
2407 2900
2748 2674
2441 2680
2236 2720
2949 2291
2144 2362
2927 2704
3120 2555
2085 2646
3898 915
2910 2137
3020 2787
3001 2340
3071 2124
2349 2723
2328 2697
2997 2343
1877 2360
3884 929
2788 2499
2904 2659
2758 2737
3079 2504
2005 2335
2783 2076
1872 2356
2797 2158
2820 2454
2067 2653
2751 2553
2540 2716
2576 2567
2825 2663
2473 2763
3090 2115
3076 2771
2822 2416
2201 2768
2975 2606
2409 2871
2641 2630
3282 1772
3088 2153
2132 2353
2635 2633
2982 2632
1956 2290
2492 2725
3038 2125
3034 2357
1921 2319
1955 2366
2938 2392
2655 2571
2172 2803
2130 2715
2052 2696
2756 2033
2362 2714
1961 2359
2663 2613
2704 2532
2111 2850
3909 938
2113 2861
2920 2503
2816 2687
3020 2525
2662 2585
2097 2783
3104 2606
2360 2698
2894 2656
3077 2505
2634 2455
2858 2238
2959 2124
2902 2130
1978 2374
2119 2408
3085 2710
2532 2771
2159 2487
2895 2748
2252 2767
2592 2704
2106 2776
2482 2815
3080 2632
2468 2737
2058 2413
2069 2400
2983 2141
2590 2612
2798 2454
2438 2722
2437 2700
2519 2711
2096 2614
3896 940
2162 2264
2804 2549
2536 2636
2980 2347
3118 2481
2456 2869
2240 2707
2742 2032
2122 2589
1871 2358
2834 2069
2799 2443
2733 2682
2927 2535
2992 2137
2111 2451
2483 2854
2958 2542
2406 2789
2389 2826
2145 2356
2792 2576
2775 2061
2751 2542
3083 2515
2143 2594
2916 2778
2481 2708
3283 1779
2191 2246
2967 2576
2239 2708
3124 2528
2751 2061
2941 2409
3027 2543
2918 2479
3323 1735
2173 2808
2721 2487
2165 2490
2251 2707
2485 2770
2011 2330
2698 2525
3040 2333
3314 2051
2253 2752
2952 2440
2845 2012
3281 1776
2015 2376
2751 2501
2403 2721
1865 2358
1884 2357
2103 2858
2225 2201
2770 2664
3272 1781
2178 2446
2218 2529
2168 2788
2759 2652
2772 2145
2149 2558
2948 2413
2911 2771
1956 2317
2410 2810
2910 2127
2810 2469
3022 2225
3016 2297
1963 2352
2081 2865
3316 2077
2204 2758
2478 2863
2563 2656
2910 2476
1935 2315
2454 2873
2259 2765
2995 2582
2844 2027
2477 2751
2200 2698
2881 2126
2159 2475
2809 2137
2928 2743
2128 2360
2943 2124
2706 2493
2245 2471
2149 2361
2373 2687
1871 2357
2752 2569
2598 2607
2142 2346
2770 2703
2802 2190
2821 2030
2187 2731
2198 2702
2750 2585
3059 2811
2052 2663
2739 2126
2837 2092
2936 2492
2954 2767
3046 2656
2787 2576
2796 2548
2943 2537
1961 2288
3086 2478
2111 2443
2419 2729
3300 1739
3310 1784
3023 2303
3096 2491
3060 2433
2095 2308
2523 2768
2770 2701
1869 2304
2756 2657
2840 2041
2034 2321
3046 2642
2781 2186
3034 2237
2149 2683
2685 2727
3163 2567
2653 2701
2893 2655
3331 1764
4066 1264
2611 2688
3021 2790
2451 2664
2828 2662
2011 2331
3021 2236
2132 2474
2911 2769
3106 2570
3003 2132
2655 2572
2470 2937
2654 2561
2655 2610
2942 2401
2078 2876
2143 2596
2155 2443
3309 1749
2558 2600
2185 2827
2706 2487
2502 2761
2799 2203
2469 2767
2461 2964
3077 2424
2031 2395
3067 2443
3308 2061
2885 2823
2020 2333
3071 2489
2202 2737
2825 2175
2802 2191
2221 2456
3290 1798
2990 2273
2170 2758
2829 2674
2085 2386
2106 2809
2878 2768
2527 2807
2249 2751
2182 2686
2359 2731
3009 2250
3268 1943
1996 2301
2299 2674
2087 2700
2942 2562
2462 2752
2893 2659
2341 2750
2760 2598
1893 2329
2465 2942
2233 2388
2612 2606
2477 2860
2899 2743
2154 2257
3425 1775
1855 2361
2170 2709
2212 2500
2182 2465
3009 2218
3129 2575
1983 2292
2719 2526
2251 2761
3332 1742
1873 2296
2577 2703
2746 2681
2513 2806
2780 2543
2794 2437
2488 2730
3126 2521
3006 2137
3071 2752
2785 2672
2040 2402
2768 2141
3109 2640
2466 2970
2818 2665
3084 2452
2763 2801
2934 2103
2546 2650
2132 2671
2419 2739
3008 2238
2479 2835
2166 2424
2832 2100
2763 2643
3012 2194
2885 2423
2208 2476
3011 2549
2752 2653
2657 2706
2150 2809
2109 2848
2278 2677
2902 2750
2910 2465
2125 2673
2746 2711
2002 2348
3293 2075
2958 2122
2407 2939
3063 2691
3021 2327
2020 2775
2013 2310
1880 2358
2937 2733
3158 2579
3036 2160
2189 2732
2785 2034
2025 2277
2583 2557
3056 2341
2946 2544
2071 2728
2062 2848
2481 2941
2572 2664
2962 2300
2071 2294
2217 2479
2772 2504
3350 1758
2081 2279
2873 2137
2057 2300
2216 2544
2980 2120
2507 2755
3017 2222
2514 2776
2891 2768
2662 2469
2154 2799
2218 2396
3084 2151
2852 2123
2442 2894
2884 2746
2987 2122
3171 2494
2942 2798
2126 2305
2772 2521
2779 2662
2145 2537
2783 2065
2760 2122
2743 2686
2164 2481
2977 2354
4056 1264
2637 2632
3074 2693
2003 2276
2741 2483
2205 2205
2859 2407
3020 2827
2912 2120
3011 2239
3055 2810
2841 2056
2784 2192
3162 2514
2671 2617
2834 2078
2727 2704
3080 2122
2749 2545
2774 2545
2951 2431
2082 2396
2846 2647
3090 2510
2126 2342
2370 2707
2018 2363
2094 2387
2109 2466
1905 2321
2939 2392
2139 2671
2840 2019
2948 2115
3033 2815
2516 2772
2914 2110
3020 2230
2889 2841
2876 2115
2378 2691
2122 2298
2939 2414
2789 2160
3309 1792
2125 2349
1878 2288
2490 2927
2185 2691
2399 2793
2412 2724
3329 2052
2045 2750
3087 2715
2324 2702
3052 2343
2140 2592
2982 2118
2959 2773
3045 2240
2396 2818
1879 2276
3035 2365
2229 2402
2184 2706
2113 2620
2245 2734
3007 2181
2007 2341
2765 2529
2127 2709
2803 2051
3078 2794
3057 2302
2502 2794
1968 2374
2921 2519
3060 2316
2032 2309
2063 2288
2113 2305
2992 2591
3022 2790
2606 2706
2128 2308
2009 2374
2480 2938
3897 938
2517 2814
3104 2555
3093 2728
2001 2371
2795 2019
2485 2842
2000 2348
2062 2422
2050 2405
2835 2024
2684 2501
2981 2358
3280 1942
2891 2749
2300 2700
2068 2300
3277 1774
3093 2500
3147 2644
2448 2717
3067 2763
2057 2412
2979 2120
2550 2618
3438 1754
2910 2105
2161 2823
2113 2644
2445 2698
2110 2867
2153 2247
2865 2667
2981 2345
2481 2763
2943 2099
3276 1780
2663 2612
2095 2836
2949 2293
3069 2703
2034 2758
2141 2426
2247 2742
2168 2436
3164 2506
2024 2398
3318 2070
2187 2826
1875 2311
2592 2687
2810 2468
2496 2852
3427 1759
2071 2875
2111 2619
3092 2510
3016 2517
2790 2720
2999 2137
2108 2810
2357 2720
2437 2719
2769 2560
2124 2299
2804 2450
3071 2786
2380 2705
2201 2530
3316 2074
2528 2799
2971 2219
2754 2776
2023 2298
2461 2845
2639 2698
2296 2698
2165 2538
2901 2439
2592 2601
3074 2315
2508 2711
3086 2474
2038 2375
2494 2921
2780 2465
2908 2096
2912 2781
2999 2597
2007 2316
3003 2269
2862 2115
2094 2307
2904 2662
2763 2042
3088 2716
2418 2660
1966 2331
2381 2687
2364 2712
2237 2746
3115 2645
3070 2307
3127 2524
3025 2275
2407 2893
3113 2547
2122 2464
2089 2352
2101 2791
2117 2280
2036 2308
2056 2415
2684 2704
2768 2202
2196 2483
2140 2671
2905 2370
1874 2335
2766 2661
2546 2654
2658 2569
2662 2584
2057 2332
2098 2427
3061 2493
2903 2739
2312 2670
3013 2232
2146 2277
2745 2720
4064 1266
2954 2561
2476 2827
3039 2790
2755 2504
2023 2326
2457 2891
2955 2477
2863 2400
2948 2551
2982 2597
2173 2817
3100 2512
3060 2482
3118 2609
2638 2440
2969 2327
2781 2174
3092 2569
2674 2462
3906 916
2986 2596
2778 2175
2756 2146
2821 2645
2894 2669
2966 2222
2412 2727
1990 2314
3032 2289
2656 2610
2441 2668
2750 2483
2669 2690
3024 2194
3046 2297
2906 2468
2059 2662
2878 2105
2026 2329
2764 2124
2921 2488
2127 2857
3910 919
2539 2730
1997 2275
2558 2659
2819 2631
2429 2889
2134 2285
3311 2050
2547 2637
2101 2340
2555 2605
2165 2605
2140 2453
2778 2801
2796 2552
3424 1767
2640 2627
1873 2335
2026 2391
3296 2064
2915 2737
2883 2104
2978 2239
2679 2708
2094 2773
3033 2357
2772 2502
2625 2477
1973 2292
2966 2354
2058 2662
3080 2699
2081 2638
1868 2318
2581 2562
2220 2523
2815 2473
2566 2609
2910 2454
2967 2402
2977 2121
2208 2707
3060 2767
2435 2705
1972 2330
2126 2382
2069 2844
3070 2689
2829 2142
1951 2325
2822 2599
3061 2798
2817 2616
3072 2396
2183 2591
2104 2301
3300 2066
2919 2761
2221 2469
2260 2694
2739 2740
1961 2361
3062 2282
2055 2671
3119 2568
2602 2704
2595 2695
3122 2606
2178 2422
2816 2673
2435 2673
2653 2443
2780 2146
2424 2693
2511 2770
2808 2132
2831 2073
2187 2764
2469 2746
3282 1766
2111 2276
2660 2615
2631 2678
2160 2563
2016 2379
2255 2691
2986 2349
3041 2499
2433 2693
2475 2936
2133 2877
1963 2351
2250 2765
2558 2586
3276 1775
2987 2621
2062 2282
2556 2616
2577 2677
2641 2623
2140 2818
2529 2734
2193 2520
2887 2421
2514 2753
1971 2305
3275 1784
2173 2768
2890 2768
2544 2630
3002 2269
2881 2834
2511 2755
2686 2492
2813 2446
2884 2436
3040 2642
2927 2403
2363 2721
2832 2056
2026 2398
2325 2705
2940 2521
2737 2513
2766 2125
2841 2648
2245 2753
1988 2334
2812 2135
3278 1783
2318 2683
2929 2400
2255 2480
2476 2742
2991 2274
3075 2137
2513 2814
2462 2852
2051 2416
2117 2423
3155 2573
2883 2438
2787 2671
2835 2272
2774 2137
3012 2333
2335 2680
2043 2406
2110 2380
2805 2457
3048 2792
3089 2617
3303 1730
3079 2134
2776 2076
2804 2134
2682 2487
2853 2235
2130 2352
2607 2615
2895 2672
1965 2288
2463 2732
2768 2065
2736 2120
2191 2833
3121 2635
2810 2041
2956 2776
2004 2326
2876 2401
3033 2279
1952 2370
2113 2640
2648 2677
2200 2245
2540 2759
2493 2733
2817 2494
2951 2432
2832 2064
3067 2711
3115 2632
2820 2135
3271 1781
2092 2838
2348 2724
2024 2297
2226 2753
3015 2256
2901 2511
2927 2442
3070 2130
1862 2341
3116 2551
2640 2447
3087 2473
3314 1798
2268 2669
2933 2767
2813 2442
2671 2466
3291 1787
3064 2384
3018 2546
2755 2759
2146 2469
2153 2587
2334 2743
2077 2350
2582 2559
2744 2681
3030 2345
2900 2690
2127 2424
2146 2468
2756 2065
2731 2669
3029 2355
2441 2891
3905 939
2118 2663
2803 2450
2983 2599
2946 2763
2088 2853
3093 2503
2124 2859
2740 2125
2019 2771
2348 2692
3914 916
3931 931
2786 2437
2873 2747
2719 2704
2638 2625
2106 2786
3053 2343
2388 2696
2848 2368
2188 2736
2407 2897
3058 2802
2718 2488
2944 2113
3301 1741
2882 2830
2413 2843
3088 2151
2860 2108
2635 2715
2498 2843
3052 2365
2919 2803
3903 911
2633 2701
2864 2656
2318 2721
1861 2358
2818 2209
2948 2367
1976 2316
2904 2105
3313 2050
2097 2870
3015 2225
2960 2556
2148 2256
3070 2734
3079 2420
2637 2629
2762 2794
2039 2748
2503 2811
3076 2696
2760 2819
2536 2628
3079 2433
2705 2486
2771 2559
3071 2794
2120 2868
2934 2525
2861 2663
2201 2485
2449 2886
2844 2394
4067 1263
2133 2872
3323 2065
3171 2522
2903 2511
2473 2726
3076 2136
3065 2771
3079 2769
2015 2315
2079 2876
2414 2717
2207 2764
2441 2699
2086 2877
3403 1724
2547 2718
3154 2574
2745 2131
3060 2383
2454 2956
3048 2794
2159 2338
2138 2283
2999 2553
2496 2727
2443 2941
2166 2800
2154 2478
3046 2483
2942 2367
2549 2637
2738 2155
2091 2384
2080 2758
2456 2862
3024 2191
2924 2805
1862 2338
2438 2760
2950 2289
1970 2272
2201 2420
2197 2823
1912 2314
3053 2342
3037 2655
1921 2313
2114 2801
2378 2793
2150 2682
2646 2486
2036 2391
2712 2532
3017 2280
2390 2828
2905 2437
2759 2634
2796 2033
2417 2735
1882 2343
2123 2463
2782 2546
3318 1738
2805 2606
4039 1259
2410 2807
3063 2758
2837 2039
2780 2028
2853 2389
2538 2729
2128 2677
2946 2371
2844 2013
2900 2146
2181 2824
2109 2822
2823 2140
2212 2386
2200 2247
2919 2505
2519 2768
1853 2363
3120 2540
2164 2785
3053 2638
3053 2310
3106 2640
2496 2748
2599 2695
2550 2719
2240 2204
3082 2115
2435 2683
2630 2689
2832 2141
2238 2171
2240 2712
2254 2768
3069 2308
3018 2322
2964 2301
2126 2855
2243 2477
2633 2622
3078 2635
2092 2831
3101 2608
2387 2729
2455 2670
3245 1765
2775 2561
2246 2194
2184 2458
2933 2401
3067 2705
3300 1732
2916 2763
2158 2443
2170 2531
1964 2367
3090 2622
2781 2466
2538 2618
3067 2444
2784 2466
2941 2363
2178 2717
2840 2261
3334 2067
2105 2468
1871 2285
2472 2729
1872 2286
3160 2565
2424 2887
2141 2469
2847 2119
2426 2745
2753 2540
2913 2768
2106 2467
2024 2291
2649 2465
2179 2262
2432 2878
3104 2553
2239 2715
2081 2850
2759 2165
2514 2814
2936 2392
1885 2326
2662 2570
2916 2482
2547 2760
3078 2634
2203 2399
2790 2493
3002 2794
2798 2456
2818 2142
2311 2715
3029 2324
2929 2774
2910 2477
2914 2719
2460 2918
2829 2228
2175 2763
3077 2142
2159 2438
2535 2751
2679 2722
2587 2691
2774 2178
2054 2330
2938 2704
2819 2202
2770 2517
2758 2064
3053 2641
2468 2735
2247 2480
2191 2828
3079 2485
2482 2801
2749 2672
1876 2290
2159 2800
2838 2376
2357 2695
2095 2314
2161 2355
2983 2629
3110 2622
2248 2490
2874 2747
2741 2657
2177 2266
2778 2794
2065 2655
2395 2786
1871 2314
2408 2891
2851 2045
3014 2287
2177 2423
3012 2329
2907 2512
2509 2751
2218 2759
2422 2943
2809 2606
2756 2578
2816 2589
2127 2369
2812 2206
2771 2139
1975 2307
3430 1777
2090 2708
2680 2552
2869 2418
2528 2803
2118 2670
2118 2622
2845 2033
4042 1262
2954 2489
2638 2706
2804 2604
2913 2442
2204 2474
2106 2647
2831 2101
2239 2181
2851 2382
2827 2241
3055 2803
2832 2252
1872 2330
2227 2400
2090 2793
3007 2140
2244 2685
3079 2633
2944 2415
1866 2326
2196 2481
1991 2344
3014 2230
2235 2750
2920 2702
3303 2055
2361 2719
3275 1778
2159 2327
2188 2833
2030 2328
3303 2053
2809 2456
2810 2123
2647 2708
2467 2768
2167 2531
2140 2670
2114 2627
2236 2688
2544 2637
2457 2671
2490 2933
2568 2584
2638 2483
2557 2653
2374 2709
3112 2597
2967 2352
3072 2138
2637 2451
3908 931
2884 2104
3053 2365
4069 1241
2634 2692
2777 2503
2934 2124
2736 2736
3086 2679
2399 2728
2099 2391
2787 2145
2822 2101
3022 2821
2912 2700
3006 2183
2767 2179
2120 2412
2809 2043
2737 2675
2944 2419
2968 2402
2185 2262
2961 2576
2931 2724
2130 2589
3053 2282
2918 2487
3146 2562
2479 2813
2339 2746
2176 2806
2790 2023
2156 2534
2839 2126
2452 2894
2203 2465
3059 2731
2582 2711
3040 2239
3029 2334
3336 1763
2801 2021
2687 2705
2391 2831
2810 2201
2761 2551
2412 2722
2993 2558
2934 2482
2910 2739
3027 2671
2751 2672
2675 2482
2439 2703
2758 2162
2134 2443
2207 2456
3908 942
3139 2580
1984 2368
3057 2732
2420 2866
2583 2670
3503 1751
2120 2310
2095 2313
2916 2766
2826 2406
2121 2415
4059 1266
2792 2569
2182 2468
2819 2036
4062 1245
2521 2700
2221 2190
3004 2787
2758 2150
2159 2323
2116 2313
2457 2949
2112 2817
2235 2400
2156 2327
2168 2761
2920 2507
2933 2398
2116 2453
1983 2338
2948 2498
2748 2156
2074 2289
2702 2494
2955 2478
2400 2806
2847 2040
2903 2744
2174 2589
2893 2095
3014 2349
2152 2800
2775 2062
2112 2438
2953 2364
2758 2576
2809 2038
3320 2074
2153 2576
2207 2434
2497 2744
3070 2128
2756 2693
2128 2402
2718 2707
2847 2389
2916 2400
2216 2755
3087 2474
2214 2759
2711 2487
2189 2255
1884 2273
3047 2344
2816 2144
2013 2343
2764 2038
3005 2788
2223 2194
2942 2368
2419 2828
2829 2248
3056 2344
3017 2667
2956 2547
2735 2033
2111 2439
2861 2662
3042 2642
2238 2394
2100 2623
2761 2596
2895 2753
2401 2830
2931 2398
2748 2703
2632 2635
2408 2785
2101 2623
2760 2493
2085 2879
3124 2557
2062 2736
2881 2427
2933 2741
2823 2438
3042 2296
2097 2845
2763 2586
2869 2433
2825 2101
2181 2692
2484 2920
2815 2625
2714 2493
2414 2735
2110 2836
2148 2561
2069 2723
1992 2343
2111 2617
2138 2424
3084 2132
2803 2668
2150 2478
2193 2825
2124 2358
3322 1733
3066 2446
3009 2354
3345 1755
2916 2116
3067 2130
3101 2559
3275 1780
3172 2527
2886 2446
2174 2436
3149 2564
2759 2665
2095 2309
2123 2386
2798 2550
2986 2133
2942 2769
2074 2721
3023 2392
2462 2732
3012 2336
2889 2091
2847 2123
2593 2704
2486 2931
2945 2511
3069 2477
1953 2314
2518 2802
2170 2534
2336 2676
2550 2654
2750 2600
2211 2464
2837 2402
2307 2700
3302 1793
3029 2544
2837 2072
2126 2601
2620 2481
2593 2598
2965 2144
2778 2719
1963 2321
2251 2725
2525 2714
3503 1658
2946 2100
2787 2127
2744 2024
2907 2112
3005 2192
3072 2395
1873 2300
2239 2734
2896 2746
3127 2633
2182 2602
3306 2067
2851 2103
2763 2704
2425 2899
2150 2458
2840 2057
2090 2306
2737 2497
2853 2052
2860 2654
2760 2499
1975 2336
2132 2590
2788 2497
3045 2811
2486 2814
2048 2694
2722 2717
2749 2730
2794 2722
2104 2865
3119 2625
3014 2334
2584 2700
2200 2712
2939 2118
2208 2199
2423 2949
3308 1751
3037 2124
2118 2599
2950 2475
3009 2179
3316 1748
2641 2610
2859 2663
2531 2751
2744 2657
2779 2032
2409 2841
2084 2828
3130 2515
2880 2421
2426 2886
2817 2206
2450 2844
3319 2087
3062 2714
3057 2639
2767 2188
2418 2690
2742 2483
2124 2865
3085 2788
2012 2251
2794 2027
2127 2677
2688 2541
3006 2352
2200 2711
2242 2479
2827 2141
2714 2487
2983 2147
2779 2717
2430 2837
2965 2354
3043 2644
2802 2199
3027 2369
3041 2504
2837 2051
1962 2328
2398 2722
2470 2926
3057 2440
2916 2478
2684 2695
2177 2447
3064 2772
2472 2854
2254 2723
3103 2607
2793 2127
2976 2230
2975 2331
2556 2631
2230 2175
2923 2735
2152 2548
3116 2645
2170 2714
1860 2356
2125 2611
2668 2700
2099 2340
2126 2804
2808 2608
2790 2161
2544 2756
2221 2460
2372 2696
2255 2687
2363 2714
2117 2577
2351 2727
2740 2104
1993 2278
2823 2480
3311 2077
3100 2505
2112 2644
3075 2117
2763 2585
3024 2277
2110 2323
2990 2339
2119 2471
2177 2747
3317 2072
3093 2487
2498 2766
2784 2013
2836 2055
2812 2464
2598 2582
3045 2140
3125 2524
2919 2479
2898 2095
2096 2640
2757 2659
3042 2371
2812 2461
2787 2146
3033 2347
2753 2611
2127 2611
2832 2086
2851 2649
2155 2801
2777 2478
2888 2825
3018 2135
2954 2437
3099 2120
2992 2584
3038 2202
2644 2473
2754 2678
2063 2397
2167 2705
2224 2764
2771 2803
3279 1781
2914 2411
2020 2309
1858 2338
2321 2680
2110 2721
2764 2524
1913 2336
3315 1772
2055 2751
2940 2412
2957 2297
2102 2308
1974 2374
2953 2766
2878 2420
2492 2832
2943 2102
3066 2723
2201 2412
2982 2146
2180 2433
2748 2569
2105 2626
2967 2330
2392 2814
2116 2798
2093 2836
2754 2684
2122 2393
2776 2508
2943 2511
2416 2737
2140 2348
2124 2341
2949 2431
2936 2768
2769 2704
2067 2848
2891 2110
3037 2339
2931 2723
2955 2484
2626 2674
2494 2745
2475 2861
2048 2690
2175 2761
2750 2610
2566 2671
3308 2093
1994 2327
3336 1760
3054 2350
2287 2686
1904 2334
2752 2652
2368 2702
2926 2405
2093 2850
3117 2621
2881 2415
3057 2301
2122 2457
2924 2469
1996 2371
2991 2360
2925 2725
2819 2448
2129 2803
2071 2716
2634 2628
2145 2815
3114 2548
2823 2415
3049 2123
2031 2374
2031 2365
2009 2294
2960 2485
3092 2504
3272 1772
2959 2484
2802 2446
1953 2373
2819 2213
2158 2694
2832 2041
2824 2637
2153 2479
2473 2874
2817 2459
3006 2269
2643 2583
1997 2278
2927 2807
2750 2593
2477 2725
2143 2597
2015 2319
2482 2852
2975 2354
2445 2889
2926 2802
2005 2280
2676 2479
3306 1750
2798 2042
2970 2132
3060 2387
2776 2033
2974 2330
2746 2686
2940 2100
2159 2805
2274 2668
2443 2666
2683 2500
2452 2959
2747 2670
3057 2772
3291 1788
2565 2671
3338 1749
2002 2279
2257 2478
2480 2931
2204 2538
3025 2521
2765 2589
2902 2435
2911 2430
2936 2411
3062 2699
2653 2445
2664 2483
2543 2722
2482 2735
1912 2330
2505 2712
3013 2333
2819 2590
2970 2324
2931 2400
3079 2726
3075 2116
2949 2483
2834 2234
2792 2152
2181 2687
2043 2387
3089 2618
2994 2138
2693 2709
2499 2810
3051 2158
2942 2394
3329 1773
3033 2373
2247 2205
2123 2799
2544 2723
3899 941
2078 2273
2040 2405
1913 2316
2014 2344
2931 2393
2076 2652
2172 2801
2163 2262
2241 2540
3051 2343
2226 2196
2173 2758
2699 2704
2450 2900
3025 2320
2680 2722
2823 2427
2765 2643
1904 2329
2272 2699
2823 2210
2694 2512
3008 2131
2101 2389
2908 2106
2219 2517
2124 2297
3032 2516
2117 2861
2236 2696
2554 2713
2646 2458
2161 2437
1908 2321
2940 2487
2545 2717
2895 2673
1975 2293
2351 2726
2640 2662
2943 2419
2817 2475
2621 2685
2960 2290
2890 2122
2381 2798
2106 2335
2474 2912
2668 2609
2758 2652
3058 2812
2019 2750
2099 2311
2026 2280
2794 2041
2388 2709
3920 945
3027 2196
2067 2855
4044 1277
2807 2126
2706 2532
2811 2190
2820 2035
2208 2474
2245 2533
3016 2271
2671 2711
3312 2080
2761 2818
2751 2715
3314 2087
2688 2718
3052 2476
2014 2258
2479 2840
3048 2492
3075 2447
2005 2289
2774 2028
2259 2768
2420 2888
2215 2482
3022 2130
3506 1750
2235 2691
2786 2073
2985 2344
2155 2485
2666 2483
2843 2367
2630 2487
2784 2504
2742 2137
2661 2589
3003 2550
3318 2080
1860 2353
3023 2231
3915 942
3310 2057
2532 2725
2066 2851
3931 930
2140 2469
2487 2922
2177 2442
3944 925
2610 2621
3072 2780
2599 2608
2238 2201
2478 2703
3034 2333
3023 2381
2786 2659
3300 2049
1870 2292
3073 2794
2128 2632
3318 1758
3133 2529
3050 2733
2581 2670
2187 2827
2883 2446
3050 2744
2812 2036
2066 2743
1904 2328
2956 2403
3043 2654
3055 2114
2161 2796
2221 2455
2226 2203
2953 2492
2103 2305
2475 2748
3062 2500
2877 2116
2489 2730
2106 2856
2474 2849
2792 2672
3164 2567
1894 2335
2099 2714
1911 2330
3109 2549
3299 2048
2944 2133
3018 2367
2863 2117
2084 2740
2484 2719
2776 2149
2001 2301
2513 2748
2987 2577
3089 2482
3287 1835
2801 2207
1863 2335
2340 2752
3068 2449
3099 2585
3096 2508
2375 2728
3138 2577
3079 2687
2075 2284
2715 2490
3064 2137
3029 2300
2493 2820
3083 2128
2689 2500
3050 2242
2822 2626
4068 1264
2475 2825
3064 2712
2156 2250
2164 2248
2859 2399
2404 2787
2949 2422
2893 2776
1973 2335
1973 2374
2840 2367
2906 2113
2328 2682
2476 2824
2129 2345
2128 2811
3069 2641
2810 2210
3061 2489
3065 2738
2568 2708
3314 2079
2891 2102
2647 2654
2079 2308
2976 2133
2067 2654
2874 2097
3162 2576
2453 2745
2657 2606
2455 2874
3332 1761
2776 2506
3281 1940
2153 2333
2920 2691
2170 2429
3153 2512
2912 2451
2776 2038
3039 2297
2179 2263
2753 2594
2137 2358
2057 2693
2174 2712
3056 2132
2186 2431
3077 2794
2743 2516
2084 2643
2094 2338
2946 2767
2057 2657
2794 2043
3106 2571
2122 2383
3027 2319
3050 2803
3103 2510
2734 2491
2978 2568
2498 2762
3053 2250
2776 2043
1940 2327
3309 2064
2396 2819
2954 2436
2407 2901
1944 2318
2795 2547
1921 2318
2026 2377
3118 2540
3093 2510
2918 2525
2804 2547
3312 1737
3026 2322
2956 2431
2911 2456
3044 2337
2367 2698
2202 2533
2062 2278
2131 2449
2188 2464
2919 2502
2074 2879
2008 2293
2780 2034
2643 2645
2888 2755
3083 2457
2236 2749
2488 2852
2884 2819
2616 2630
2768 2781
2252 2717
2164 2480
2848 2397
2370 2743
2120 2600
2798 2035
2053 2669
2137 2593
2947 2427
2970 2568
3279 1766
3282 1779
2867 2104
2756 2655
3122 2482
2754 2152
2680 2484
2992 2595
2640 2450
2461 2963
2541 2651
2903 2408
3046 2672
2458 2747
2817 2450
2777 2063
3004 2243
3053 2316
2268 2666
2755 2725
2918 2684
2105 2835
3012 2195
2091 2385
2124 2336
2916 2115
1942 2320
2808 2188
2198 2417
2960 2116
2511 2717
2734 2122
3314 2086
3321 1791
2117 2580
2761 2018
2558 2589
2166 2258
2129 2635
2678 2704
2106 2375
2682 2708
2061 2662
3067 2506
2208 2732
2848 2366
2804 2551
2979 2223
3051 2802
2312 2701
2911 2775
1919 2310
2543 2757
2456 2950
3917 943
2025 2399
3070 2637
2179 2683
2781 2194
1963 2350
1972 2311
2872 2419
2977 2625
2852 2036
3030 2222
2455 2754
2237 2687
3327 2069
2146 2357
2839 2368
2917 2697
2940 2379
2049 2768
2135 2473
2795 2546
2436 2937
2311 2701
2492 2722
3067 2445
2170 2275
2584 2697
2771 2797
3013 2304
2108 2830
2543 2727
2135 2361
2916 2113
3291 2070
2794 2654
3914 936
2330 2693
2007 2273
2494 2923
3299 2050
2789 2662
2114 2817
2799 2425
2371 2728
2750 2138
2868 2664
2919 2802
2093 2848
2120 2284
2928 2403
2939 2138
2145 2362
2602 2703
3063 2639
2242 2684
2825 2640
2541 2753
2120 2867
1988 2331
2784 2162
2401 2721
2515 2706
2525 2802
3246 1771
3087 2509
2958 2287
2865 2436
3319 2068
3072 2297
2808 2488
3052 2672
3098 2509
2497 2763
2795 2029
2694 2486
2038 2334
2627 2685
3514 1681
2196 2743
3088 2798
2940 2378
2478 2852
3034 2800
2177 2443
2461 2730
2755 2494
2430 2721
3428 1768
1972 2272
2822 2415
3093 2566
2085 2393
2770 2761
2525 2751
4063 1271
4062 1274
2809 2191
3146 2643
2461 2977
2994 2629
2822 2647
2105 2786
2886 2401
2815 2488
2454 2698
2055 2753
2301 2672
3015 2290
3142 2568
2824 2411
2112 2464
2937 2131
2004 2372
2728 2703
3068 2384
2893 2744
3313 1749
2939 2110
3080 2450
2417 2897
2881 2117
2713 2486
2188 2687
2241 2746
2801 2579
2853 2035
2060 2687
2744 2026
3038 2291
2764 2802
2158 2585
2093 2649
3046 2484
1920 2311
2928 2430
2817 2136
2819 2685
2200 2424
2088 2343
3060 2286
2019 2345
2825 2098
3075 2113
3169 2534
3157 2577
2415 2891
2998 2340
3064 2699
2671 2713
3090 2484
2880 2405
2110 2335
2910 2430
2160 2780
3039 2652
2119 2342
2689 2495
3034 2335
2136 2282
3032 2384
3106 2572
2010 2337
2246 2202
2207 2763
3901 927
3046 2810
2594 2597
1944 2330
2594 2608
2075 2789
2739 2155
2141 2576
2839 2264
2014 2777
2087 2865
2975 2133
2812 2132
2164 2721
2340 2750
2846 2401
2682 2485
2267 2672
2924 2720
3040 2137
2129 2861
2780 2723
2408 2893
1991 2325
2991 2342
1987 2321
3007 2262
2895 2771
2955 2549
2901 2815
3901 928
3440 1756
3304 1736
2276 2700
2257 2762
2257 2691
2158 2457
2636 2647
3321 1797
2094 2877
2136 2449
2973 2233
2812 2665
2473 2664
2820 2109
2683 2488
3299 1784
2916 2385
3073 2314
2738 2133
2473 2921
3070 2754
3108 2606
2981 2633
3158 2569
2135 2671
2084 2314
2093 2774
2908 2503
2184 2764
3277 1780
2185 2681
2309 2702
2146 2687
2231 2468
2810 2454
2086 2846
2808 2665
2964 2399
2752 2155
2637 2641
2435 2679
3038 2238
2644 2470
2033 2323
2941 2510
2479 2836
3027 2399
2125 2860
2424 2688
2856 2665
2925 2470
2482 2939
2796 2158
2968 2226
1975 2309
3104 2511
2096 2787
3043 2162
2917 2439
2934 2723
2353 2693
2906 2504
3019 2189
2987 2133
2315 2701
2080 2850
2090 2400
2206 2474
2335 2679
2094 2878
2007 2317
2589 2687
2781 2169
2981 2621
2536 2708
2130 2810
3024 2278
2811 2136
2188 2711
2918 2691
2251 2752
3038 2649
2128 2441
2074 2653
2747 2710
2118 2273
2795 2560
2935 2109
3341 1754
2800 2545
2913 2738
2881 2820
2189 2679
2061 2653
2607 2686
2312 2718
2329 2734
3037 2138
2225 2199
2563 2564
2549 2760
2052 2725
3041 2291
3031 2641
1875 2307
2299 2670
2684 2720
2082 2357
2135 2422
2998 2550
1968 2349
2479 2762
2746 2706
2321 2690
3102 2512
2056 2687
3117 2639
2164 2281
3031 2637
2592 2597
3027 2397
2478 2841
3086 2141
3281 1783
2735 2109
3081 2128
2186 2430
2105 2655
2670 2486
2040 2745
2673 2708
2112 2822
3159 2577
2910 2121
2771 2538
2180 2823
2634 2694
2163 2272
2379 2725
2991 2562
2810 2209
2774 2558
2766 2146
2388 2803
2422 2867
2770 2557
2961 2142
3320 2087
2802 2188
3005 2240
3028 2525
2467 2735
2668 2468
2491 2923
3066 2499
2510 2753
2253 2715
2810 2478
2122 2675
1860 2338
2989 2273
2030 2366
2777 2034
3014 2538
3435 1762
2908 2476
3300 1723
2077 2307
2026 2389
2925 2764
2831 2419
2175 2767
2841 2659
3058 2300
3074 2122
2665 2567
2907 2728
2226 2693
3079 2424
3088 2471
3036 2237
2132 2669
2128 2580
2096 2425
3327 1735
2090 2645
2084 2282
2838 2105
2104 2288
2503 2714
2092 2839
2227 2522
3015 2789
1989 2334
2901 2370
2936 2136
3062 2747
2821 2480
2272 2670
2939 2387
2065 2687
2456 2753
3114 2566
2026 2372
2798 2153
2790 2433
2646 2459
3047 2487
2076 2300
2821 2592
2439 2704
2435 2879
2070 2861
2444 2873
1888 2336
2679 2473
2171 2705
3307 2062
2719 2706
3033 2644
2958 2576
2176 2426
2189 2689
3072 2314
2648 2603
3031 2319
2831 2082
2493 2722
2786 2721
2375 2696
2412 2843
2834 2075
2159 2482
2240 2471
2964 2773
3030 2814
3299 1786
2931 2802
3900 939
2204 2243
2140 2692
2745 2715
3146 2644
2199 2253
2880 2130
2540 2611
2836 2380
3280 1782
2945 2365
2596 2707
2319 2661
2694 2709
2082 2830
2189 2828
2800 2442
3061 2433
2104 2338
2564 2652
3162 2564
2152 2454
2765 2524
3316 2078
3081 2121
2735 2023
2124 2394
2826 2649
3045 2491
3937 921
2979 2358
2963 2220
3129 2572
2464 2663
1972 2276
2978 2117
2823 2066
2981 2334
2990 2583
2820 2664
2778 2158
2846 2396
3297 1727
2145 2359
2742 2723
2189 2258
2675 2470
1872 2305
3315 1755
2974 2566
2552 2720
3022 2243
2755 2585
2546 2726
2188 2834
2579 2698
2414 2873
3064 2479
2323 2700
3296 1725
2021 2776
3099 2511
2162 2281
2456 2902
2819 2621
2826 2195
2557 2612
2633 2710
2156 2454
2637 2486
2066 2301
2020 2364
2248 2710
3137 2584
2099 2282
2824 2434
2099 2623
2083 2777
2359 2710
3065 2639
2534 2755
3074 2795
2609 2681
2126 2381
2650 2593
3016 2256
3310 1747
2085 2357
2911 2808
2509 2811
1892 2326
2471 2864
2943 2420
2554 2590
3082 2450
2243 2206
2780 2794
2879 2123
3077 2141
2831 2089
2968 2133
2557 2655
3051 2348
3028 2789
3080 2128
2838 2098
2947 2297
2197 2755
3932 923
3077 2128
2258 2689
2999 2552
1871 2287
2111 2854
2182 2762
2908 2445
3060 2480
2125 2370
2671 2701
2456 2951
2848 2641
2594 2602
1960 2291
2237 2204
2478 2749
2492 2922
1977 2291
3505 1753
2813 2199
3914 934
3034 2229
2742 2685
2161 2538
2279 2674
2171 2433
2761 2494
2925 2794
3023 2301
2106 2770
2183 2710
2360 2721
2807 2039
2769 2559
2896 2108
2485 2716
3084 2473
1871 2290
3000 2549
3121 2499
2443 2764
2481 2738
2753 2143
1979 2308
3023 2288
2831 2068
2693 2482
2080 2351
1961 2286
2108 2643
2975 2620
3017 2515
2543 2612
2757 2572
3300 1789
2469 2857
2105 2301
2778 2159
2796 2553
2912 2782
2122 2416
2916 2521
3032 2356
3126 2571
3080 2130
2768 2205
3313 2045
2679 2705
2789 2064
2752 2692
2206 2456
3009 2188
2782 2710
3053 2159
2001 2373
2448 2915
2153 2446
2930 2401
2910 2809
3129 2518
2674 2614
2769 2023
2737 2136
2203 2741
3109 2509
2847 2393
2964 2296
2495 2720
2177 2754
2193 2253
2987 2341
2242 2708
2815 2680
3041 2669
2643 2654
2080 2775
2550 2755
2925 2403
2320 2679
2916 2783
3018 2667
2100 2775
2944 2497
2103 2460
2940 2488
2382 2803
2478 2765
3035 2830
2008 2350
2818 2213
3047 2672
3013 2328
3276 1945
2849 2237
2361 2727
2163 2823
1872 2319
3032 2358
2909 2116
2042 2690
2703 2707
2535 2725
2167 2807
2698 2491
2875 2755
3118 2545
2991 2341
2165 2259
2815 2471
2968 2571
2898 2395
2134 2601
3124 2507
1859 2331
2116 2454
3056 2764
3899 938
2817 2682
2986 2565
3031 2281
3315 1757
2164 2802
3320 2058
2887 2112
2795 2602
2949 2397
2679 2557
3066 2107
2812 2134
1861 2343
3046 2791
2802 2597
2586 2564
2504 2771
2789 2468
2070 2753
2211 2430
2658 2468
2022 2342
2806 2660
2976 2120
3317 1753
2729 2491
2115 2672
2789 2553
2096 2606
2148 2289
2609 2615
2968 2357
2764 2590
2907 2479
2906 2423
2471 2855
2994 2558
3327 1779
2899 2773
3086 2483
2802 2042
3033 2208
2458 2765
2970 2352
3032 2660
2520 2773
2115 2664
2101 2613
2889 2837
2422 2903
2641 2451
2159 2536
2060 2668
3062 2366
2876 2413
2313 2671
2586 2687
2087 2707
2214 2193
2777 2033
2204 2733
2371 2707
2507 2736
2979 2597
2920 2472
2838 2051
3079 2425
2161 2582
2795 2166
2028 2769
2896 2405
2182 2738
2232 2390
3072 2778
2811 2447
2918 2450
2154 2804
3029 2311
2366 2707
2471 2854
2904 2092
2935 2484
3080 2492
2799 2141
2461 2732
3333 1751
2162 2355
2748 2702
3039 2304
2070 2652
2553 2618
3088 2505
3331 2019
2792 2129
2768 2185
2677 2729
2933 2393
2348 2722
2086 2297
2642 2475
1958 2370
2832 2105
2430 2663
2737 2738
2196 2823
2147 2563
3000 2546
3043 2141
3076 2488
2724 2121
2916 2404
2601 2611
3008 2272
2819 2683
2428 2894
2561 2590
1871 2346
2208 2442
3914 915
3321 1757
2494 2851
2961 2578
2244 2689
3083 2470
2179 2435
2241 2394
1990 2319
2480 2710
2989 2625
2763 2506
2112 2865
2021 2770
2934 2370
2113 2580
2062 2651
2772 2146
1961 2355
2472 2742
2072 2833
2659 2592
2442 2766
2198 2427
2570 2717
2820 2654
2463 2722
2098 2641
2759 2025
2878 2129
2342 2710
2540 2758
2840 2111
2794 2200
2888 2395
3122 2484
3023 2827
2432 2695
2956 2485
2814 2625
1958 2329
3011 2236
2964 2572
2563 2584
2851 2389
3012 2131
2464 2724
2508 2814
2186 2456
2274 2681
2735 2510
2174 2727
3115 2636
2758 2539
1907 2323
2569 2673
2120 2669
2390 2822
2915 2764
2419 2889
1986 2369
2046 2406
3163 2511
3316 1747
3096 2122
2834 2379
2807 2122
1978 2335
2082 2835
2812 2483
2452 2917
2425 2744
2943 2534
2913 2387
2133 2438
1936 2315
3025 2200
3888 922
2050 2305
2917 2422
2014 2266
2817 2035
2860 2116
2080 2644
4065 1233
2798 2589
2934 2112
2993 2552
2963 2483
2172 2807
3124 2592
2879 2102
2651 2446
2981 2634
3069 2766
2007 2318
2119 2662
2445 2846
2751 2735
3011 2542
2703 2533
2558 2665
2104 2773
2239 2747
3081 2135
2867 2665
2142 2423
2163 2758
2876 2390
2094 2851
2434 2700
2494 2813
2103 2869
2904 2370
2654 2571
2124 2856
2031 2277
3079 2128
2471 2757
3070 2297
2952 2289
2117 2634
2181 2705
2478 2744
2968 2574
2522 2804
2300 2707
2923 2487
2882 2819
2877 2391
2571 2708
2892 2652
2259 2689
2361 2710
2032 2277
2913 2745
2910 2096
2922 2416
2855 2400
2586 2560
2824 2477
2475 2745
2387 2709
2722 2711
2359 2722
2687 2709
3050 2734
3081 2681
1993 2285
2842 2652
2333 2753
1945 2333
3043 2147
2493 2930
2992 2559
2127 2434
2136 2451
2877 2413
3028 2825
2914 2442
2506 2762
2067 2292
3042 2640
3294 1719
3041 2378
2821 2177
2872 2415
3074 2138
2682 2554
2805 2666
2736 2109
2899 2434
2127 2632
2298 2672
3073 2778
2068 2847
2009 2283
2514 2797
3088 2519
2555 2606
2091 2651
2833 2217
2168 2277
2029 2394
2750 2678
2535 2648
2081 2634
2960 2132
2988 2344
2120 2821
2794 2489
2524 2703
3067 2721
1861 2352
2689 2708
3015 2542
2714 2531
2855 2052
2597 2684
2477 2871
3073 2299
2601 2695
2096 2770
2595 2709
3086 2476
2919 2809
2130 2686
2583 2676
2744 2682
2117 2673
2706 2706
2230 2181
3034 2818
2842 2102
2206 2457
2980 2353
2234 2399
3017 2129
2276 2680
2514 2748
3032 2288
2836 2218
2679 2699
2986 2334
2977 2229
2765 2151
2660 2611
2168 2721
2443 2944
2841 2236
2108 2831
3074 2771
2101 2428
2117 2636
3062 2788
3084 2685
2410 2937
2792 2131
3074 2431
3044 2486
2077 2760
3100 2582
2591 2696
2745 2739
3342 1754
2941 2400
3280 1778
2667 2556
2917 2517
2046 2759
2988 2605
2151 2244
2123 2804
3033 2372
2085 2412
3009 2550
2736 2714
2707 2706
2498 2817
3070 2634
2108 2630
2765 2506
2237 2686
2143 2674
3012 2263
2643 2470
2907 2094
2684 2487
2020 2345
2521 2711
2394 2820
2834 2136
1871 2293
3082 2141
2070 2705
2470 2930
1931 2317
2079 2849
2201 2447
2864 2110
3079 2683
3089 2129
2388 2827
2652 2449
2378 2688
2605 2708
2043 2325
3318 2064
2784 2126
2857 2658
2250 2483
2684 2719
2695 2480
2108 2629
3923 916
2777 2028
2928 2794
2469 2740
2640 2649
2951 2403
3119 2598
2556 2589
2611 2603
2147 2816
2485 2757
2613 2605
2179 2691
2178 2691
2543 2630
3072 2117
2686 2717
1901 2333
2307 2705
3101 2505
3081 2627
2834 2217
2894 2659
2119 2407
1960 2331
2401 2824
3144 2566
2825 2669
3026 2791
2783 2504
3435 1751
3003 2198
2842 2238
3049 2647
2940 2102
2582 2690
2869 2432
2639 2472
2942 2418
2938 2129
2813 2610
1972 2338
2787 2550
2129 2875
2783 2131
2683 2694
2416 2937
2179 2434
3086 2151
2957 2493
2454 2896
3049 2288
2170 2265
2738 2666
2114 2318
2756 2711
2228 2470
2603 2609
2815 2178
2133 2817
3125 2634
2147 2578
2136 2470
2772 2517
2187 2684
2885 2435
2113 2847
2588 2582
2758 2662
3061 2383
3165 2567
2837 2268
2182 2463
2422 2686
2833 2239
3028 2386
2188 2832
2595 2714
2085 2351
2912 2457
1881 2333
2588 2690
1985 2288
2444 2717
3103 2560
2884 2428
3066 2740
3057 2765
2559 2563
2451 2763
2424 2828
2991 2556
2163 2681
2508 2780
2772 2589
4039 1274
2277 2682
3310 2054
2238 2469
2159 2801
3112 2514
2267 2675
2410 2895
2054 2772
2094 2278
2880 2109
2018 2295
3066 2108
2778 2071
2809 2661
2768 2186
3034 2321
2118 2446
2845 2650
2135 2872
2222 2466
2817 2623
2234 2171
2801 2129
2807 2483
2322 2685
2175 2805
2875 2762
2921 2467
4040 1279
4060 1238
1874 2301
2227 2694
2748 2736
3061 2768
3067 2382
2027 2380
3054 2481
2108 2844
3042 2801
2161 2780
2445 2949
3091 2494
2639 2441
2783 2031
3094 2487
3042 2658
2935 2373
2649 2492
2229 2468
2486 2720
2827 2106
3028 2328
2721 2125
3018 2515
2886 2824
2808 2175
2148 2815
3103 2554
2771 2065
2128 2875
3060 2389
4052 1272
3139 2588
2889 2123
3168 2536
2549 2630
2631 2676
2428 2886
3925 914
2165 2431
2159 2538
2112 2433
2945 2294
3035 2373
2472 2871
3908 945
2993 2588
2626 2483
3115 2625
2005 2347
2413 2937
2901 2449
2611 2622
2937 2111
2767 2506
2154 2542
2788 2670
2119 2579
3111 2644
2813 2204
2127 2675
2595 2682
2026 2273
2733 2138
2831 2109
2263 2679
2114 2458
2937 2488
2209 2547
2110 2276
1940 2315
3032 2213
2755 2139
2894 2770
2054 2414
2913 2130
3089 2698
2105 2844
2711 2493
2546 2639
3021 2270
2057 2721
2591 2606
3064 2491
3109 2571
3246 1769
3003 2270
2945 2132
2939 2521
2647 2709
2052 2408
2590 2713
3065 2691
3112 2549
2197 2420
2561 2710
2494 2850
2771 2176
2246 2741
2992 2561
1977 2316
2504 2736
3014 2307
2953 2392
2563 2563
2750 2597
2105 2840
2098 2854
2664 2700
2198 2703
2216 2750
2779 2013
2122 2452
2754 2547
2721 2122
2362 2721
2190 2709
2159 2329
2153 2588
2225 2476
3338 1750
2123 2864
2164 2808
2948 2292
2204 2449
3070 2641
2757 2147
3130 2522
2303 2670
3295 1802
2911 2417
2972 2585
2167 2592
3025 2279
2799 2605
2458 2882
2444 2915
2076 2731
2063 2331
3079 2392
2926 2113
2072 2851
3285 1797
3892 926
2086 2347
3071 2780
2504 2750
2946 2098
2445 2750
2170 2795
2474 2861
1950 2330
2976 2409
1931 2325
2743 2716
2860 2661
3017 2257
3043 2230
2421 2743
2425 2680
2054 2303
2776 2011
2764 2062
2868 2666
2781 2147
2214 2196
2424 2830
2094 2772
2568 2572
2211 2713
2536 2759
2311 2713
3274 1780
3153 2519
3327 1736
2024 2379
1966 2319
3059 2813
3083 2131
2822 2441
3076 2482
2839 2096
3051 2295
1978 2336
2958 2297
2906 2093
3323 1775
2209 2751
2985 2142
2951 2365
3040 2128
2798 2140
2752 2778
2414 2876
2661 2602
4070 1275
2160 2757
3901 930
1975 2303
2270 2687
2903 2392
3107 2575
2183 2460
3031 2350
2913 2476
2104 2283
2830 2098
2087 2386
3038 2652
2006 2369
2149 2684
2067 2334
2933 2773
2620 2684
2544 2638
2160 2430
3015 2272
2924 2796
2857 2025
2927 2398
3130 2636
2118 2736
2826 2012
2643 2700
2638 2630
3123 2492
2454 2877
3006 2784
2891 2752
2421 2840
2825 2075
2277 2675
2289 2673
3088 2142
2536 2769
3038 2130
2907 2441
2140 2272
2111 2266
2190 2544
2769 2759
3306 2065
2797 2028
3002 2199
2244 2711
1998 2291
3388 1904
3044 2298
3114 2549
2434 2669
2847 2122
3064 2700
2743 2125
3024 2523
2245 2743
2480 2761
2098 2870
3429 1768
2209 2466
3018 2522
2054 2696
2639 2473
2813 2609
3064 2432
3072 2782
2935 2407
1973 2316
2142 2427
3231 1786
3011 2792
3106 2609
2240 2709
2689 2728
2995 2135
1952 2327
1864 2295
2560 2565
2809 2558
2462 2956
3145 2562
2819 2666
2879 2770
2134 2282
2907 2389
2070 2725
2753 2741
2186 2679
2209 2766
2207 2455
2452 2846
2757 2560
3120 2541
2452 2885
2734 2684
2789 2127
3049 2674
2588 2620
2522 2711
3141 2516
2481 2705
2127 2371
1887 2325
2885 2114
2410 2837
3032 2306
3940 933
2941 2764
2457 2936
2945 2296
2753 2495
2954 2400
2770 2176
2082 2630
2547 2710
2442 2884
1983 2370
2899 2374
2253 2762
2825 2028
2762 2503
2923 2802
2850 2389
2663 2471
2064 2683
3298 2059
2875 2100
2200 2692
2789 2577
2164 2247
2920 2700
2811 2139
2201 2421
2755 2747
2009 2280
2515 2813
2193 2257
2269 2700
2070 2703
3034 2663
3031 2291
2965 2575
2661 2609
1903 2335
3107 2570
2963 2140
2005 2319
3111 2573
3068 2382
2037 2313
2413 2897
1865 2328
2927 2382
2966 2133
2893 2819
2135 2282
2784 2183
3039 2324
2219 2399
2714 2718
2936 2390
2065 2412
3026 2826
3052 2158
3073 2396
1869 2312
3932 922
2484 2850
2832 2115
2228 2766
2421 2728
3069 2295
3031 2212
2753 2565
3112 2641
2126 2295
2813 2484
2746 2034
2757 2588
3051 2743
2156 2328
2454 2748
2229 2199
1970 2307
3058 2370
2405 2791
2818 2175
2444 2877
2610 2681
2410 2785
2794 2203
2123 2348
2829 2212
3058 2282
2872 2754
2649 2588
2207 2736
2564 2568
2222 2185
2682 2711
1862 2356
1943 2313
2475 2824
2847 2394
3131 2578
3933 923
2410 2893
3287 1799
2105 2810
1883 2332
2804 2189
2367 2699
3032 2804
3903 913
1884 2337
2546 2723
2237 2727
2875 2432
2782 2505
2810 2213
2181 2431
2569 2576
2918 2418
2413 2936
2125 2638
2755 2543
3326 2061
3051 2674
2746 2736
2123 2462
2211 2238
1879 2339
2109 2618
2521 2717
2814 2489
2968 2326
2276 2667
2916 2423
3049 2786
2128 2339
2676 2561
2760 2559
2096 2426
3317 1772
3111 2615
2974 2577
2916 2502
2840 2101
2714 2523
3077 2421
2748 2513
2980 2193
3019 2327
2917 2739
2911 2424
3056 2762
2465 2962
2453 2910
3062 2383
3939 925
2908 2094
2801 2580
2838 2040
2054 2697
2055 2411
2237 2709
3321 2060
2169 2601
3018 2326
3044 2336
2133 2587
3005 2196
3161 2565
2098 2847
2424 2827
2987 2593
2226 2764
2224 2465
2325 2681
3067 2700
2202 2243
3049 2292
2893 2667
2078 2879
2177 2420
2117 2847
1859 2361
2377 2690
2462 2704
2089 2386
2019 2287
1863 2328
2835 2260
3123 2525
2099 2872
2132 2422
3026 2312
2896 2769
2688 2550
1974 2295
2925 2706
2614 2604
3116 2628
3320 1758
2977 2621
2746 2129
2644 2654
2671 2456
3089 2491
2913 2117
1978 2308
2630 2442
2847 2042
2559 2664
3041 2500
2764 2801
2125 2445
2368 2724
2733 2140
3296 1739
2964 2302
1870 2317
2744 2706
2445 2680
2644 2467
2647 2583
2613 2619
3932 924
1864 2362
2990 2557
2089 2648
2473 2959
2936 2416
3289 2070
2466 2731
2238 2712
2786 2584
3284 1768
1912 2351
3001 2347
2741 2142
2372 2727
2875 2394
2325 2670
1880 2353
2829 2243
3151 2574
3047 2646
2491 2723
2059 2687
2832 2260
3123 2607
3027 2312
2889 2092
3015 2269
2788 2494
1878 2316
2442 2768
2800 2456
2773 2048
2200 2396
3064 2112
2139 2423
2128 2358
2748 2719
2748 2666
3019 2136
2432 2744
2748 2514
2471 2958
3044 2381
3030 2813
3345 1762
3309 2063
3027 2388
2538 2652
1974 2378
3335 1765
2936 2741
2108 2815
2704 2501
3043 2379
2914 2687
2807 2469
2089 2610
2818 2460
2818 2036
2196 2710
1876 2302
2811 2214
2821 2220
2163 2475
3101 2574
2072 2757
2727 2702
2947 2368
2889 2085
2797 2671
2841 2127
2603 2691
2003 2290
2609 2678
2649 2570
2993 2363
2758 2158
2041 2337
2346 2691
2469 2893
2109 2825
2026 2279
4037 1265
1973 2311
2208 2389
2915 2733
2929 2535
3935 921
2967 2401
2818 2587
1910 2330
2158 2695
2969 2402
2569 2666
2083 2879
2703 2708
2194 2684
2516 2805
2439 2679
2122 2446
2014 2311
2746 2137
3060 2308
2630 2678
2024 2271
3313 2083
3910 920
3076 2695
2933 2394
2670 2711
2750 2671
2751 2714
3005 2676
1970 2350
3053 2790
2475 2914
2145 2599
3021 2282
3009 2189
2025 2329
2770 2698
3005 2197
2974 2226
2126 2352
3084 2798
2159 2476
2101 2774
2477 2752
2910 2424
2095 2778
2506 2768
2674 2695
3159 2581
2761 2807
2931 2375
2444 2679
3267 1946
2944 2399
2103 2865
2006 2319
2149 2341
2015 2343
2181 2741
2449 2892
3004 2244
2440 2841
2325 2712
2183 2829
2550 2637
2134 2423
3052 2346
2207 2429
2136 2357
3029 2391
2743 2661
3058 2293
2946 2511
2745 2103
2756 2550
2562 2603
2993 2341
2758 2586
2761 2041
3425 1776
2389 2713
3025 2795
2965 2311
2797 2045
2471 2923
2811 2174
2451 2890
2752 2034
2040 2337
2967 2315
2126 2346
3032 2205
3089 2510
2105 2339
2488 2835
2130 2362
3057 2255
2935 2110
2502 2732
2100 2478
2751 2034
2179 2831
2131 2364
2910 2100
2811 2189
2880 2769
2938 2414
3433 1761
2808 2136
2951 2294
3045 2791
2448 2843
2782 2073
2790 2550
3008 2244
2128 2610
2160 2582
3026 2204
2182 2467
1977 2317
2160 2760
2462 2859
2095 2852
2377 2706
2855 2232
2034 2404
2499 2730
2199 2255
3006 2139
2122 2282
3080 2451
2728 2494
2764 2758
2898 2690
2602 2705
1868 2281
2953 2494
2986 2119
3130 2588
2503 2786
3163 2508
2879 2129
2130 2587
2901 2769
3056 2150
3072 2118
2540 2755
2826 2412
2206 2430
2208 2455
3044 2673
2202 2424
3062 2138
3117 2543
2992 2274
2813 2468
2120 2466
2755 2161
3024 2127
3271 1773
1997 2332
2784 2583
3922 916
2824 2652
3031 2375
2621 2625
2482 2931
2858 2406
2243 2526
2924 2445
3057 2685
2112 2431
1905 2335
2838 2092
1886 2275
2590 2596
2013 2354
2240 2711
2683 2699
1857 2343
2997 2271
1915 2343
2835 2241
2983 2348
2859 2662
2990 2588
2982 2144
1867 2314
2923 2483
2758 2759
2635 2710
3308 2094
2377 2686
2884 2128
2032 2334
2974 2240
2979 2193
2476 2727
2982 2570
2017 2267
2208 2751
2143 2273
3019 2132
2532 2736
3284 1769
2750 2541
2416 2877
2508 2712
2449 2761
2192 2668
2213 2196
2464 2850
2944 2097
2656 2571
4394 1470
3113 2540
2463 2878
2796 2155
2875 2116
2846 2030
2542 2648
3005 2262
2831 2106
2496 2710
2160 2432
2579 2710
2626 2477
1963 2293
2218 2403
2816 2590
3078 2505
2158 2445
2784 2167
3088 2118
2508 2713
2776 2077
2517 2773
2787 2124
2156 2482
2949 2504
3316 2070
2766 2136
2222 2201
2176 2824
2925 2406
3029 2322
2182 2730
2101 2473
2189 2829
2819 2180
2901 2143
2197 2692
2565 2581
2138 2358
2109 2464
2860 2668
2018 2336
2522 2808
3097 2509
2099 2393
2760 2599
2978 2120
2483 2917
2115 2820
3029 2225
2766 2505
2812 2478
2496 2726
2239 2691
2122 2875
2111 2378
2463 2845
2103 2622
2015 2338
2904 2678
2443 2717
2739 2496
2565 2670
2745 2659
2522 2703
2627 2674
3028 2232
2442 2699
2839 2654
2170 2794
2460 2845
2821 2615
2059 2719
2557 2568
2744 2031
2126 2638
2146 2474
2818 2450
3328 2075
2804 2428
3060 2244
2990 2348
3044 2371
2834 2134
3100 2584
2909 2377
2866 2093
2761 2648
2803 2448
2248 2689
2135 2357
2452 2900
3037 2136
2459 2743
3070 2430
3932 926
1865 2351
2820 2195
2758 2497
2462 2876
2037 2750
3028 2805
3325 2080
2215 2490
2901 2677
2044 2310
2213 2710
2992 2621
2691 2709
2058 2717
3130 2526
3280 1784
3127 2591
2476 2951
3303 1744
2689 2516
1863 2317
2111 2836
3007 2670
2159 2556
2936 2384
2503 2795
2666 2611
2733 2678
2413 2719
1980 2324
2198 2759
2113 2315
3027 2825
2100 2613
2178 2428
2955 2577
2159 2359
2026 2396
3001 2549
2918 2749
2363 2701
3121 2553
2847 2034
2457 2955
2079 2316
2812 2038
2492 2713
3291 1735
3116 2530
2204 2389
2896 2375
2304 2678
2840 2390
2738 2127
1877 2359
2876 2129
2810 2186
2180 2744
3142 2590
2841 2264
2809 2200
2450 2916
2292 2676
2682 2726
3079 2524
2208 2422
2411 2731
3036 2193
2787 2191
2119 2415
2848 2230
3128 2500
3091 2487
2195 2712
3025 2329
2144 2344
2799 2666
2012 2342
2858 2659
3064 2790
2824 2424
3015 2544
3336 2071
1874 2300
2757 2035
3108 2510
1914 2346
2088 2640
1989 2331
2662 2567
2838 2071
2488 2718
2393 2828
2849 2396
2172 2596
2703 2500
2776 2134
2909 2686
2391 2825
3126 2523
3075 2314
2300 2670
2726 2701
2099 2325
2773 2721
2150 2815
2983 2136
2771 2202
2066 2689
2893 2099
2122 2632
2772 2801
3082 2461
2637 2642
1932 2319
2744 2483
2940 2772
2481 2807
2914 2513
2404 2804
3089 2492
2842 2397
2219 2457
2884 2091
2833 2218
2514 2708
1871 2326
1867 2360
2060 2848
2497 2918
2151 2356
3017 2249
2988 2619
3021 2243
3054 2137
2123 2868
2933 2381
2192 2467
2909 2771
2908 2406
2806 2039
2850 2125
2089 2655
2914 2385
3070 2752
2819 2584
2232 2399
2774 2508
2760 2026
2871 2432
2482 2847
2563 2585
2097 2653
2117 2445
2914 2730
2141 2349
2126 2439
2071 2851
2147 2239
4062 1239
2755 2687
3033 2538
2896 2674
2742 2668
3071 2773
2366 2744
2770 2700
2662 2564
2136 2673
2021 2280
2907 2811
3047 2798
2458 2878
2584 2699
2028 2394
3038 2655
2948 2098
2185 2831
2772 2147
2727 2491
2809 2551
2241 2732
3273 1794
2661 2612
2915 2747
1854 2363
2768 2587
3021 2135
2863 2114
2625 2632
3323 2087
2190 2255
2492 2747
2133 2441
2911 2386
3154 2569
2819 2687
2956 2287
2690 2543
2984 2352
2132 2359
3333 1741
2402 2808
3156 2516
2124 2799
2036 2310
2825 2228
2592 2612
2305 2698
2307 2665
2215 2432
2919 2797
2084 2793
2024 2320
2842 2644
2554 2658
2479 2918
3026 2395
3018 2231
3111 2553
2961 2480
3042 2135
2774 2805
3021 2671
2627 2445
2881 2420
2933 2529
3910 913
2916 2465
2966 2575
3014 2305
2463 2844
3077 2725
3318 2073
3092 2732
2123 2619
2907 2443
2436 2673
2663 2611
2322 2674
4041 1262
3087 2153
2990 2341
2430 2832
2954 2484
2266 2686
2153 2573
3029 2530
2743 2032
2834 2257
2601 2713
3046 2240
2497 2718
3076 2636
3005 2672
2475 2858
3152 2578
2225 2691
2065 2848
2765 2538
2991 2143
2163 2429
2800 2034
2805 2209
2440 2712
2165 2799
3107 2571
2520 2772
2868 2397
3065 2751
2144 2815
2912 2503
2480 2706
2114 2578
2422 2687
3058 2343
2639 2699
2779 2132
3059 2697
2928 2466
2095 2854
2590 2556
2237 2733
2933 2495
3019 2365
2739 2027
2247 2715
2984 2568
2152 2245
2795 2169
2936 2383
2485 2810
3019 2514
2135 2578
3068 2741
2530 2727
2486 2734
2122 2720
2881 2835
2149 2554
2884 2759
2466 2748
2733 2099
3312 1747
1864 2293
2613 2630
2746 2663
2594 2699
2094 2649
2026 2281
2923 2809
2626 2683
2943 2096
3073 2117
2535 2756
3066 2125
2820 2482
2474 2741
2120 2664
3067 2309
2016 2378
2942 2364
2970 2124
3044 2807
2852 2103
2763 2756
1982 2336
2142 2590
2144 2591
2144 2670
2458 2857
2619 2621
3055 2255
2940 2769
2763 2143
2137 2446
2719 2489
2970 2357
2209 2727
2226 2197
2653 2699
3078 2424
3120 2569
2623 2693
2412 2695
3070 2643
2520 2803
2801 2555
2564 2672
2198 2677
2886 2086
2968 2137
2103 2771
2417 2664
2940 2407
2069 2293
1973 2370
3304 1727
2199 2745
2099 2368
2905 2112
2537 2763
2779 2154
3046 2794
3008 2193
3013 2221
2180 2602
2116 2447
3036 2204
2646 2600
3272 1796
2924 2528
2856 2232
2219 2395
3050 2778
2924 2442
2115 2457
2679 2710
2903 2393
3069 2771
2120 2630
2476 2741
3058 2135
2910 2376
2640 2443
2246 2195
2075 2285
3025 2393
2514 2714
2388 2804
1966 2370
2800 2033
2623 2690
2204 2390
3004 2139
2119 2798
3039 2506
2967 2329
2211 2527
2014 2770
3323 2073
2416 2735
2961 2557
2819 2035
2944 2511
2061 2278
2911 2377
2812 2210
2669 2470
2555 2649
2843 2093
3090 2123
2454 2757
3057 2769
2926 2401
2541 2636
2779 2175
3054 2293
2917 2692
2549 2654
2974 2132
2446 2846
2616 2688
2827 2097
2009 2350
2219 2532
2479 2838
2122 2873
2192 2669
2419 2865
3050 2239
2085 2695
2978 2611
2791 2550
2939 2537
2766 2124
2036 2319
2086 2703
2639 2700
2785 2576
4038 1272
2098 2370
2202 2465
3084 2493
2816 2476
2834 2228
2783 2175
2907 2394
2829 2588
2837 2269
2812 2035
3040 2373
2193 2252
2471 2869
2233 2174
2315 2672
3069 2436
2229 2766
3025 2128
2258 2762
2118 2454
2099 2482
2176 2682
2918 2466
2233 2175
2436 2885
1877 2278
3058 2813
2420 2838
2832 2104
3037 2323
4040 1261
1909 2329
2134 2365
3044 2496
3087 2678
2920 2421
3051 2156
2761 2498
2600 2599
2825 2405
2893 2400
2756 2151
2570 2708
2848 2100
2796 2569
2474 2956
2194 2748
2587 2676
2227 2763
3075 2449
2460 2701
2787 2670
4044 1275
2782 2709
3075 2125
3060 2732
2085 2630
2183 2704
3322 1756
2722 2677
2667 2480
2212 2764
2109 2335
2501 2816
2037 2330
2165 2703
2433 2890
2750 2142
2760 2648
2111 2660
3039 2298
2539 2757
3095 2122
2038 2374
2099 2874
2191 2679
2047 2324
2250 2695
2444 2941
2749 2126
2763 2797
2039 2337
3018 2294
2814 2132
1876 2309
3028 2224
2942 2560
2955 2560
3009 2246
2191 2821
2781 2163
2646 2678
2754 2507
2424 2944
2642 2582
3028 2401
2547 2762
3085 2485
2118 2624
2692 2713
2396 2814
2399 2822
2145 2672
3291 2055
2655 2601
2667 2554
2101 2425
2841 2030
2776 2698
2906 2414
2173 2532
3026 2523
2400 2800
2235 2731
2844 2370
2012 2351
2160 2247
2159 2697
2492 2931
2065 2408
2959 2476
3018 2262
2550 2762
2974 2320
3126 2570
2477 2827
2064 2845
1860 2355
2779 2029
3078 2437
2134 2420
2162 2478
2465 2920
2489 2920
2966 2224
1869 2295
2643 2604
2785 2427
2115 2639
2140 2343
2512 2808
2287 2673
2809 2129
2817 2457
2242 2206
2824 2690
2905 2408
2099 2644
2132 2813
3034 2541
2222 2757
2705 2708
2252 2488
2477 2948
3021 2230
2787 2445
2768 2212
2770 2143
2120 2606
2475 2937
2982 2358
2883 2831
2986 2130
2692 2508
2453 2912
2504 2784
2432 2713
2025 2325
2156 2691
2209 2198
2950 2369
2762 2497
3118 2507
3318 2041
2959 2122
2153 2577
2881 2102
2697 2535
2199 2417
3060 2289
2981 2354
3319 2043
2596 2691
2234 2731
3042 2382
3304 1722
3894 941
2177 2680
2933 2774
2156 2355
2568 2665
2388 2821
2135 2580
2896 2819
2352 2719
2809 2207
2747 2101
2912 2391
3056 2489
2784 2064
2629 2485
2780 2165
3030 2238
2051 2414
2165 2713
2194 2837
2740 2098
3036 2191
2886 2442
2792 2124
2668 2557
3151 2575
3031 2299
2452 2763
2005 2275
2239 2214
2122 2610
3042 2644
2799 2444
2492 2833
2862 2403
2784 2035
2508 2813
2063 2414
2103 2428
2767 2555
2565 2658
2471 2867
2727 2677
2550 2655
2932 2512
2647 2643
3303 1791
3029 2793
2446 2852
2180 2835
2053 2682
2157 2446
2839 2260
3049 2492
2208 2731
2142 2433
3068 2430
3057 2433
2987 2335
2557 2709
3105 2559
2784 2194
3045 2789
2982 2594
2051 2303
2997 2572
2907 2691
2266 2699
2457 2845
2138 2425
2761 2756
2649 2701
2082 2296
2794 2668
3063 2645
2908 2105
2026 2277
2949 2539
3082 2148
2189 2674
3038 2215
2549 2625
2084 2782
2825 2606
3233 1784
2914 2399
3075 2431
2951 2367
2831 2041
2301 2706
2123 2603
2233 2690
2957 2478
2151 2355
3308 1791
2680 2698
2735 2488
2120 2463
2738 2740
3071 2305
2536 2711
2941 2366
2454 2970
1876 2295
2129 2678
2337 2743
3060 2489
3079 2497
2850 2036
2741 2121
2767 2809
2419 2826
2260 2472
3031 2237
2795 2671
2113 2725
2807 2435
2885 2766
2916 2738
2392 2820
2666 2711
2034 2308
2977 2610
2906 2513
2803 2019
2639 2581
2821 2648
2321 2670
2566 2709
2886 2113
2438 2843
2452 2695
2107 2302
2007 2350
2075 2307
2746 2687
2938 2416
3331 2068
2574 2717
1958 2371
3912 939
2663 2701
2772 2137
2148 2360
2903 2394
1996 2286
3055 2698
3304 2061
2731 2123
3119 2548
2113 2622
2521 2818
2959 2433
2774 2057
2422 2824
3059 2246
3935 920
2544 2656
2119 2659
1878 2360
2810 2620
3125 2637
2154 2278
3336 1764
2112 2859
2920 2738
2493 2721
2125 2285
2493 2735
2650 2464
2127 2877
3085 2682
2921 2761
1978 2316
2793 2454
2741 2697
2817 2468
2200 2478
2993 2577
2818 2475
2755 2596
3059 2370
2695 2528
2824 2105
2477 2711
2676 2729
2759 2019
3028 2372
3056 2343
2857 2403
2747 2034
2039 2375
2399 2798
2081 2640
2948 2396
2833 2660
2942 2510
2725 2709
2963 2487
2343 2712
2918 2783
2116 2300
2271 2699
2202 2530
2985 2328
1864 2349
2956 2393
2151 2800
2872 2417
2225 2536
2420 2897
1964 2329
3112 2622
2136 2343
3031 2658
2240 2197
2151 2333
1913 2326
2088 2282
2402 2809
2917 2113
2165 2488
2839 2077
3316 2075
2130 2804
3052 2240
2123 2797
2468 2922
3313 1754
2752 2589
2824 2072
2973 2235
2401 2829
2933 2483
2819 2138
3028 2538
3296 1754
2817 2495
2012 2286
2836 2271
2878 2435
2970 2621
3301 1740
2397 2792
2954 2118
3327 2076
3299 1755
2884 2658
2672 2555
2835 2256
2989 2594
2023 2328
2238 2395
2967 2353
2829 2417
2917 2114
2120 2403
3067 2756
2578 2690
2590 2615
2893 2830
2797 2552
2910 2417
2254 2720
2459 2731
2577 2678
2099 2481
3330 1776
2430 2693
2519 2803
3113 2628
3117 2536
2079 2310
2895 2396
2552 2623
2815 2477
2534 2765
3076 2426
2197 2480
2360 2726
2781 2800
3110 2510
2761 2558
2973 2356
2322 2673
1926 2325
1915 2308
2968 2335
2070 2285
2478 2823
1995 2282
2128 2291
2065 2334
3346 1762
3010 2185
2627 2627
2794 2160
2985 2606
2426 2743
2442 2679
2125 2588
2157 2540
2863 2655
2221 2398
2340 2748
2930 2408
2793 2665
2454 2745
2664 2713
3153 2511
2516 2812
2163 2590
3298 1723
3085 2683
2107 2807
2081 2415
2177 2727
3010 2257
2084 2352
2619 2628
4061 1238
2773 2705
2137 2343
2886 2769
2436 2883
2808 2129
2919 2397
2475 2849
3041 2374
2650 2598
2108 2287
2982 2119
2632 2441
2105 2796
2541 2658
2033 2332
4067 1266
2082 2280
3137 2591
2798 2574
2920 2448
3028 2383
3072 2771
2969 2334
2738 2031
2918 2460
3128 2581
2629 2444
2169 2816
2132 2350
2488 2934
2141 2451
2111 2800
2464 2734
2473 2926
2542 2650
2941 2411
2932 2765
2833 2137
2349 2722
2942 2517
2440 2700
2436 2708
2330 2699
2554 2616
3036 2376
2919 2744
2874 2417
3041 2381
3063 2646
2760 2498
2532 2755
3113 2571
2812 2678
3069 2440
2244 2529
2559 2708
2594 2604
2127 2354
3164 2498
2912 2728
2533 2720
3024 2229
2433 2884
2129 2372
3092 2117
2008 2369
2541 2654
2103 2306
2149 2679
2110 2378
3075 2694
2430 2835
2003 2347
2728 2493
2064 2288
2494 2767
2748 2142
2934 2374
2007 2275
2662 2690
2029 2312
3006 2262
3292 2070
2411 2936
3021 2672
2890 2652
2454 2889
4064 1268
2978 2629
2076 2316
2842 2025
2856 2408
2989 2138
4066 1237
1990 2321
2164 2490
2777 2175
2416 2699
3068 2740
2754 2727
3055 2131
2116 2736
3095 2489
3328 1764
2580 2670
2756 2575
2206 2713
2488 2803
3113 2616
2421 2881
3072 2123
2912 2722
3064 2500
2053 2330
2522 2820
2133 2669
3118 2518
2158 2697
2826 2029
3930 914
3040 2202
3277 1940
2454 2750
2093 2346
2946 2543
2135 2467
2801 2133
3048 2646
2866 2399
1967 2370
3019 2203
2933 2511
2754 2028
2830 2415
2815 2677
2781 2133
2022 2304
2898 2675
3306 1751
2501 2845
2651 2562
2728 2121
2235 2473
2746 2155
2805 2598
2927 2115
2928 2468
2110 2844
2976 2575
2249 2693
2117 2312
2678 2548
2609 2689
3145 2517
3428 1776
4059 1265
3063 2768
3042 2293
2736 2716
2156 2258
2942 2118
2533 2728
2970 2355
2159 2700
2008 2289
2446 2697
1880 2340
2503 2759
2752 2587
2066 2855
2766 2127
1963 2292
2826 2405
2773 2514
3043 2140
2038 2396
3094 2627
3037 2366
2757 2817
2740 2733
2115 2674
3291 1722
2014 2774
2861 2101
2876 2391
2923 2113
2093 2312
3076 2423
2193 2757
2754 2744
2452 2916
2225 2399
2184 2535
1967 2375
2268 2688
2321 2731
2105 2776
2812 2039
2451 2878
3085 2731
2881 2123
2163 2798
3117 2574
2276 2701
2553 2657
2179 2601
3033 2283
2817 2686
2121 2738
3025 2538
2215 2526
2216 2432
1869 2284
2513 2709
3130 2584
2462 2891
2941 2483
2605 2615
1877 2350
2239 2732
3080 2462
3317 2070
2914 2681
2809 2119
2101 2823
2747 2702
3297 1743
3255 1769
2783 2436
3068 2729
2575 2568
3305 2061
2093 2847
2682 2697
3065 2718
2553 2709
2165 2429
2564 2655
2940 2489
2550 2726
1964 2368
2822 2664
3435 1761
2588 2670
3134 2527
3945 925
2096 2786
2824 2036
2981 2115
2865 2406
2797 2031
3036 2162
3083 2789
3305 2064
3046 2498
2116 2657
3317 1749
2226 2476
2856 2058
2774 2131
2101 2309
2958 2492
2869 2096
1988 2312
2762 2778
3060 2793
3020 2203
2151 2450
2470 2769
2957 2362
4229 1268
2484 2841
2182 2450
2783 2439
2890 2402
3027 2523
2806 2041
2456 2882
2831 2135
3126 2496
3116 2577
3268 1944
3159 2566
2537 2637
2639 2704
2257 2486
2061 2333
2803 2206
2842 2401
2769 2133
2521 2770
2824 2667
2719 2705
2113 2464
2981 2318
2541 2656
3030 2545
2558 2713
2496 2707
3022 2324
2561 2598
2215 2457
3049 2367
2593 2701
2298 2682
2741 2484
2967 2628
2889 2394
2099 2309
2530 2766
2836 2382
2754 2711
2518 2800
3029 2660
2396 2784
2425 2827
3102 2588
3309 2056
2217 2503
2918 2808
2234 2209
2162 2589
2553 2617
2108 2772
3310 1745
2186 2429
2145 2238
2157 2453
2453 2755
2220 2193
2831 2584
2497 2919
2682 2716
2915 2478
2484 2715
2161 2445
2207 2420
3138 2589
2938 2766
2785 2063
2598 2605
2397 2818
3095 2626
2835 2041
1905 2316
3068 2443
3048 2348
2096 2338
3063 2746
2763 2780
2147 2273
2892 2765
2738 2510
2286 2680
2736 2703
2804 2589
1912 2311
2232 2473
3054 2352
3033 2306
3299 1733
2985 2335
3072 2772
3128 2590
2130 2449
3023 2523
2608 2615
2772 2204
2921 2495
2024 2376
2962 2573
3057 2791
3330 1756
2928 2483
2495 2744
2843 2031
2762 2506
2118 2312
3099 2123
2763 2781
2875 2752
2488 2923
3118 2539
2119 2861
3025 2322
3043 2656
2138 2818
2817 2110
2662 2704
2191 2481
2884 2826
2016 2339
2077 2876
4046 1273
2782 2494
1913 2313
2586 2674
2885 2112
3029 2797
2159 2553
2461 2973
3438 1752
3299 1788
2151 2809
2403 2826
3118 2501
1865 2336
2095 2878
2129 2473
2953 2403
2126 2351
2217 2193
3881 927
2222 2467
3079 2791
2205 2209
1966 2332
4064 1265
2884 2757
2377 2801
3310 2071
2973 2215
2184 2704
2801 2206
2475 2659
2957 2559
2995 2339
2058 2695
2261 2764
2158 2785
2500 2772
2959 2291
2511 2782
2497 2714
1980 2292
2434 2666
2824 2101
2794 2556
2825 2041
2153 2818
2771 2024
2340 2751
2769 2557
3059 2243
2760 2705
3161 2509
2241 2707
2689 2545
2493 2715
2782 2492
2920 2759
2087 2409
2984 2570
3302 2063
2922 2732
2498 2735
3317 2085
2133 2813
2725 2489
2762 2505
2424 2663
2416 2722
2475 2662
2374 2708
2760 2593
3116 2531
2204 2742
2877 2135
2137 2421
2049 2305
2534 2730
2640 2481
2586 2557
2725 2710
2938 2773
3027 2129
2782 2503
2452 2746
2562 2673
2796 2576
2225 2465
2480 2961
2823 2430
2851 2361
2783 2190
2825 2111
2475 2760
3022 2544
2833 2581
3059 2371
2000 2294
3305 2056
2812 2683
2779 2716
3139 2577
2102 2641
2472 2931
2320 2731
2124 2590
2477 2731
2843 2378
2767 2062
2694 2522
3096 2121
2141 2356
3312 1783
2024 2277
2016 2261
2324 2665
2933 2497
2738 2037
2945 2415
2171 2735
3008 2263
3011 2543
3078 2141
2379 2729
3011 2335
2015 2286
2964 2573
2439 2844
2106 2368
2692 2512
2808 2214
2803 2587
2097 2382
2781 2465
2810 2602
3063 2433
2120 2407
2929 2484
1878 2317
2768 2197
2091 2619
2777 2161
2417 2702
2018 2378
2814 2197
2668 2707
2056 2681
3082 2698
2445 2888
2107 2842
2095 2427
2254 2480
2412 2803
2477 2819
2928 2721
3144 2576
1866 2314
2142 2429
2195 2673
2766 2149
2091 2707
2947 2416
2751 2538
2816 2209
2212 2382
2907 2504
3031 2661
2950 2440
2303 2671
2065 2782
2916 2382
2816 2136
2139 2596
2630 2693
2774 2653
3503 1748
2006 2265
2086 2315
2763 2063
3088 2619
2109 2856
2601 2694
2156 2580
2715 2527
2649 2699
3024 2243
3054 2115
2546 2640
2545 2710
3117 2537
2849 2236
2690 2513
2006 2294
2688 2719
3039 2638
2781 2189
2620 2484
2310 2664
1971 2347
2564 2584
3065 2786
2689 2717
2406 2794
2828 2073
3062 2694
2725 2708
2088 2646
3078 2696
3025 2203
2217 2441
1981 2327
3052 2641
2747 2726
2763 2816
2912 2682
2492 2716
2193 2826
2106 2370
2412 2899
2837 2143
2739 2702
2026 2369
2055 2414
3074 2515
3113 2643
2076 2725
3121 2575
2647 2642
2668 2467
2819 2487
3067 2128
2007 2335
2967 2403
3047 2135
2780 2502
2911 2728
2224 2761
2959 2120
3066 2798
2057 2420
2938 2123
2947 2417
2994 2139
2099 2372
3021 2826
3069 2519
2524 2766
3296 1803
2635 2711
2242 2747
2802 2152
3332 1744
3306 2061
2899 2774
2889 2745
2335 2681
2043 2313
2769 2206
2879 2660
2906 2413
3250 1767
2023 2281
2015 2312
2492 2852
3065 2726
2101 2363
3315 2083
2982 2603
2616 2628
2142 2237
2133 2602
2756 2140
2474 2819
2549 2647
2193 2837
3118 2510
2936 2767
2916 2112
3029 2673
2899 2692
2116 2671
2124 2606
3031 2790
2689 2497
3030 2388
2209 2725
3038 2126
3038 2790
2185 2739
2853 2386
2321 2681
2106 2626
2541 2652
2071 2403
2769 2550
2177 2728
1915 2339
3031 2795
2110 2436
2014 2310
2787 2672
3051 2316
2121 2341
2911 2747
2088 2309
2592 2588
2782 2676
2881 2840
2500 2701
1944 2313
2590 2617
2800 2557
2476 2731
2563 2582
3060 2686
3272 1732
1951 2328
3155 2574
3032 2537
2103 2661
2410 2809
2121 2452
2587 2715
2030 2381
2620 2680
2233 2749
2477 2744
2574 2569
2199 2401
4066 1262
3055 2282
2708 2529
2512 2798
2802 2557
3024 2231
2486 2719
2066 2854
2166 2721
3060 2697
2775 2522
2676 2481
2883 2762
2833 2091
2942 2366
2750 2552
2098 2328
3902 938
2183 2673
2981 2631
2501 2717
2821 2478
2904 2664
2923 2742
3322 1771
2787 2501
2914 2682
2754 2584
2831 2412
2731 2117
2380 2709
2968 2394
2736 2105
3075 2771
2917 2740
4390 1468
3062 2751
2110 2434
2407 2827
2783 2125
2814 2664
2213 2388
2680 2551
3118 2519
2104 2854
2790 2029
2565 2655
2942 2101
3036 2643
2822 2062
3284 1770
3308 2049
2399 2790
2811 2192
3121 2568
2126 2306
3037 2129
3123 2592
2770 2024
2826 2410
2065 2719
2254 2484
3016 2131
2456 2745
3275 1795
1961 2290
2823 2679
2774 2657
2206 2434
2394 2828
2236 2748
2214 2390
3303 1736
3308 1754
2951 2289
2794 2450
3053 2240
2418 2892
3281 1946
2165 2794
2755 2734
3024 2803
3317 2061
2176 2427
2272 2665
2781 2530
2459 2742
2456 2974
2877 2842
2823 2029
3304 1791
2821 2065
3004 2262
2247 2207
2918 2717
2227 2470
2650 2590
2805 2497
3042 2304
1955 2372
2459 2722
2948 2120
2792 2679
2779 2075
3090 2569
3049 2236
2070 2833
2522 2701
2757 2059
2416 2878
2277 2678
2821 2067
2222 2469
3092 2700
2130 2873
2820 2453
2845 2090
2128 2858
2837 2104
2582 2670
2000 2351
2389 2828
3070 2519
3070 2448
2174 2718
3031 2290
3064 2795
2922 2445
2777 2167
2820 2199
2822 2034
3052 2382
2024 2268
2818 2479
2106 2721
2625 2618
2418 2954
2117 2309
2851 2229
3036 2636
2161 2822
2067 2405
2136 2356
3046 2476
2918 2478
2918 2499
2237 2710
1853 2364
2819 2603
2497 2749
1885 2360
2690 2712
2917 2784
3116 2592
2953 2387
3276 1782
2947 2511
2497 2845
2480 2703
2157 2791
2105 2789
1998 2370
3119 2523
2196 2484
2792 2459
2158 2326
2825 2423
3120 2501
2825 2434
2174 2679
2452 2956
2168 2489
1971 2273
3143 2575
2986 2620
3170 2521
3064 2797
2752 2691
2753 2539
1989 2327
2982 2345
2793 2161
2075 2274
2615 2682
2150 2277
2698 2707
2518 2769
2936 2407
2187 2689
3028 2403
3085 2127
2801 2131
3002 2267
2260 2763
3074 2488
2132 2285
3006 2243
2934 2402
2726 2109
2760 2682
2066 2687
2093 2623
3306 2064
3129 2576
2821 2606
2050 2415
2227 2542
3116 2634
2411 2937
2151 2682
2390 2818
2450 2712
2264 2685
3068 2699
1994 2326
1952 2289
2920 2688
3044 2674
2915 2419
2128 2423
2691 2713
2125 2358
3048 2489
3269 1768
2324 2720
2765 2527
2950 2108
2316 2720
2395 2716
3056 2812
2782 2675
2962 2292
3045 2325
2751 2583
2836 2385
2250 2725
2423 2689
2446 2841
2451 2886
2150 2357
4065 1242
2464 2968
2398 2823
2116 2386
3017 2258
2244 2535
2494 2849
2861 2235
2929 2534
3167 2531
2064 2747
2158 2554
3031 2372
2020 2269
2130 2638
2469 2759
2665 2470
2205 2761
2298 2699
2029 2328
2941 2799
2206 2454
2462 2948
2855 2054
2123 2383
2396 2789
1937 2320
2824 2038
2097 2778
2963 2327
2804 2658
2046 2693
2114 2449
2752 2728
2752 2612
3227 1954
2785 2466
2236 2694
2785 2068
2707 2702
2004 2278
2101 2476
2008 2269
3031 2240
4037 1267
2051 2304
2748 2735
2514 2772
2134 2814
2448 2714
2227 2464
2915 2809
2882 2658
2462 2944
2475 2863
2217 2758
2458 2859
3028 2826
2053 2767
2450 2837
2461 2920
2369 2695
2108 2372
2025 2308
3044 2384
2118 2817
4046 1272
2021 2774
2640 2707
3076 2431
2246 2526
2784 2168
2494 2751
2125 2618
2046 2313
2794 2125
2026 2322
2776 2539
3072 2691
2126 2617
3028 2301
2838 2261
2485 2712
2118 2580
2448 2768
2561 2655
3420 1772
2173 2822
2084 2630
2810 2032
2150 2269
3063 2298
2795 2151
2854 2358
2862 2658
2008 2371
3028 2309
2146 2475
2243 2532
2889 2771
3919 940
2914 2696
2821 2032
3294 1799
2009 2351
2786 2488
2103 2613
3886 924
3028 2283
2904 2467
2135 2440
2210 2386
2199 2711
2543 2628
2536 2626
2265 2479
2118 2426
3063 2759
2153 2334
2775 2704
2369 2700
2895 2818
2685 2498
2082 2315
2437 2765
2974 2620
2650 2608
3020 2269
2916 2445
2782 2567
3057 2361
2224 2196
2011 2251
3045 2497
2103 2838
3062 2759
2130 2369
2831 2664
2482 2807
2539 2762
3900 923
2199 2739
2807 2591
2022 2306
2437 2752
2776 2046
2791 2490
2658 2706
2955 2403
2487 2718
2299 2679
2442 2892
2874 2428
2590 2594
2828 2074
2519 2782
2215 2749
2906 2689
2122 2628
3160 2566
3036 2124
2835 2073
2980 2117
3021 2546
2470 2739
2805 2555
2335 2704
2758 2502
2914 2775
3056 2250
1903 2328
3328 2073
2446 2716
2241 2489
3060 2484
2513 2749
3306 2056
2895 2099
2822 2430
2424 2658
3268 1772
2563 2565
3076 2128
2054 2663
3146 2563
3069 2114
2972 2223
2777 2017
2950 2291
3018 2673
2214 2763
2495 2715
2112 2439
2225 2475
2381 2730
2979 2615
2004 2347
2769 2184
3053 2315
2636 2487
2735 2040
2138 2347
2456 2884
2154 2340
2744 2143
3292 1733
2885 2426
2120 2797
2121 2606
2135 2436
2063 2689
2119 2663
2986 2605
2767 2762
3938 921
2235 2474
3068 2629
2823 2684
2202 2763
2553 2759
2547 2639
3090 2699
3146 2574
2786 2720
2934 2102
3327 1785
2102 2820
3171 2523
2806 2123
2862 2648
3041 2671
2876 2133
2669 2691
2051 2661
3042 2295
1990 2332
2746 2714
2035 2308
3054 2356
3899 935
2508 2764
2967 2134
3051 2732
2671 2688
2823 2071
1969 2370
2691 2537
2081 2852
2888 2110
2583 2682
2418 2897
2124 2618
2503 2711
2930 2806
2064 2751
2883 2830
2754 2811
2532 2773
2760 2654
3068 2778
2533 2755
2013 2293
2847 2041
2193 2835
2460 2916
2235 2479
2827 2103
2456 2752
2550 2754
2041 2402
2113 2454
2000 2320
3040 2790
3294 2071
2070 2880
3120 2481
2874 2768
3067 2622
2094 2777
2951 2502
2598 2690
2133 2664
2021 2301
2111 2450
3062 2731
2841 2654
2131 2818
2197 2257
3033 2823
2826 2211
2752 2060
3112 2551
2912 2402
1983 2369
2161 2278
2225 2194
2941 2402
2829 2651
2129 2306
2961 2773
2842 2657
2974 2360
2793 2672
1922 2315
2519 2712
2778 2012
2105 2460
3063 2714
3324 2065
2815 2142
1960 2355
3018 2279
2444 2886
3100 2581
2676 2730
2444 2846
2760 2157
2819 2665
2563 2583
3085 2489
2439 2696
3014 2303
2910 2400
2667 2564
2779 2483
2832 2112
2403 2808
2630 2484
3053 2763
2142 2259
2244 2531
2487 2728
2868 2419
2571 2717
2676 2700
2121 2580
2207 2421
2807 2195
2081 2315
2398 2793
2829 2065
2769 2516
2009 2353
2447 2677
2778 2803
2074 2654
2129 2474
2133 2420
2670 2707
2088 2829
2094 2431
2715 2718
2139 2453
2848 2030
3282 1938
2762 2591
2035 2689
2124 2801
2780 2173
2227 2753
2317 2701
2159 2336
2208 2234
3079 2435
2558 2664
2960 2129
2054 2681
2938 2383
2014 2264
2820 2626
3324 1737
2913 2096
1993 2276
2762 2558
2189 2244
2907 2800
2962 2304
2755 2157
2066 2847
2955 2439
2127 2590
2837 2017
2763 2668
2470 2736
2753 2497
2612 2629
2822 2106
3081 2726
2386 2694
2959 2363
2945 2398
3130 2524
3000 2573
2112 2305
2780 2714
2946 2764
3081 2148
3006 2337
2816 2475
2606 2707
2622 2673
3018 2790
2756 2152
2169 2797
2191 2665
2205 2538
2820 2477
2923 2423
2081 2296
2490 2732
2751 2696
3013 2236
2940 2119
2365 2720
2172 2435
3037 2654
2976 2217
2195 2482
3076 2495
2792 2458
2121 2715
2900 2750
3032 2832
2140 2819
2964 2363
2430 2746
3126 2583
2815 2461
2485 2711
2005 2349
2488 2805
3329 1775
1858 2345
2944 2116
1971 2291
2829 2040
2934 2391
3048 2238
2078 2742
2159 2272
2510 2712
2640 2681
2173 2809
2502 2717
2113 2428
2320 2669
2941 2119
2038 2322
4066 1233
3943 917
2821 2452
3055 2732
2997 2341
2787 2497
3303 1748
2595 2708
1885 2276
2885 2092
2027 2376
4067 1264
2913 2747
2830 2238
2588 2685
2193 2244
2741 2718
3000 2145
2121 2801
2294 2675
3033 2212
2387 2724
3117 2542
2809 2605
2896 2666
2978 2137
4053 1270
3036 2335
2088 2790
1872 2284
2757 2508
2909 2391
2502 2771
2228 2761
2852 2122
2561 2606
1913 2323
2756 2611
2065 2752
2079 2851
2087 2414
2557 2565
3031 2373
2464 2956
3085 2681
2120 2301
2629 2683
2771 2702
2787 2577
2456 2874
2812 2477
2824 2585
2737 2121
2157 2589
1975 2311
2661 2705
3072 2308
3042 2502
2877 2435
2762 2124
2481 2940
2084 2631
2646 2453
2791 2722
2831 2112
3070 2710
2114 2451
2563 2588
2135 2470
2888 2841
2675 2731
2780 2128
2549 2618
2920 2749
3099 2610
2632 2715
2475 2661
2172 2813
1995 2280
2475 2826
2093 2648
3138 2636
2216 2515
2168 2442
2422 2660
3315 1775
2833 2142
2927 2724
2914 2702
2039 2324
3036 2514
2942 2521
3034 2815
2953 2391
3068 2439
2923 2704
2823 2639
2736 2039
3036 2203
2886 2825
2474 2770
2198 2711
2960 2482
1965 2291
2361 2699
2938 2125
2769 2141
2479 2849
3027 2383
3062 2336
3289 1790
2940 2539
2329 2699
2740 2721
2413 2725
2116 2673
3065 2447
2451 2699
2793 2150
2016 2262
2540 2723
2844 2399
2123 2611
2796 2154
4050 1270
2816 2449
3074 2490
2830 2214
2372 2687
2747 2660
1968 2284
2017 2266
3108 2514
2118 2800
2885 2421
2322 2682
2171 2604
2450 2879
2794 2564
2265 2481
2308 2678
2208 2385
3426 1757
2701 2526
2666 2694
2122 2411
1869 2335
2426 2944
2936 2380
3050 2385
2533 2644
2444 2848
2094 2608
2073 2653
2910 2379
2366 2727
2753 2689
2960 2146
2423 2663
2742 2033
2537 2627
2922 2740
2175 2538
2240 2708
2161 2280
2665 2609
3075 2524
2793 2169
2999 2269
2747 2721
2638 2655
2055 2673
3031 2518
2125 2371
2638 2632
2949 2371
3273 1884
3030 2382
2766 2133
3270 1773
2961 2134
2333 2743
1856 2351
2814 2109
2757 2542
2083 2296
2130 2667
2466 2942
2156 2485
2160 2762
2160 2533
2645 2660
2981 2357
3050 2801
2045 2310
2316 2704
2852 2651
2151 2579
2052 2693
2245 2489
2765 2555
3062 2635
2496 2849
2482 2713
2068 2851
3044 2637
3004 2193
2472 2663
2487 2825
2869 2434
2948 2506
2931 2721
2171 2718
2643 2708
3069 2706
2854 2361
3128 2635
3091 2124
2008 2323
3069 2788
2824 2041
2504 2717
2253 2727
2748 2672
2641 2709
2948 2480
2986 2579
2850 2035
2029 2272
2007 2339
2381 2686
3032 2518
2072 2832
2677 2478
2900 2434
2628 2687
2897 2676
2802 2202
2070 2398
1872 2298
2114 2664
2198 2393
3112 2568
2379 2724
2977 2609
3899 922
2332 2757
2759 2530
2643 2662
3115 2542
2452 2674
2120 2871
2102 2340
2274 2669
2024 2308
2158 2488
1975 2316
2142 2356
1911 2323
2873 2763
1891 2325
3061 2344
2321 2732
3012 2348
3019 2672
2239 2206
3121 2508
2186 2671
2786 2583
2164 2249
2928 2726
2386 2710
2964 2571
2738 2684
2092 2830
3074 2127
2319 2680
1989 2312
2754 2708
2807 2024
2988 2573
2777 2535
2757 2657
2097 2370
2848 2644
2020 2754
3013 2303
3326 2076
2363 2718
2565 2653
1939 2325
1868 2287
3026 2796
3111 2556
2800 2022
3110 2556
2109 2849
2899 2770
2898 2744
2163 2356
2146 2429
2776 2020
3162 2559
3085 2471
2947 2413
2872 2396
2198 2416
2868 2133
3086 2515
3120 2579
2836 2104
2244 2710
2757 2656
2755 2542
2171 2801
2795 2022
3066 2738
3066 2735
2576 2569
2819 2140
2741 2098
3073 2313
2441 2757
2959 2297
2424 2836
1952 2332
2514 2747
2773 2032
2375 2743
3048 2791
2561 2713
2773 2137
2758 2818
2960 2576
2815 2592
2746 2705
2067 2651
2183 2711
3016 2544
2587 2666
3908 932
2550 2649
2115 2462
2169 2487
3073 2717
2554 2622
2622 2681
3328 2077
2641 2652
2476 2928
2537 2721
2845 2089
2842 2027
2190 2664
3027 2526
2180 2765
2779 2152
1999 2296
2666 2460
3233 1785
2540 2656
2649 2608
2494 2727
2505 2770
4066 1235
2412 2902
3148 2639
2830 2248
2767 2783
2794 2152
2922 2446
2137 2420
2590 2696
2993 2595
2138 2349
2953 2489
2192 2822
3028 2385
2849 2033
2643 2671
1941 2318
2772 2793
3052 2151
2952 2490
2395 2828
2934 2411
2997 2573
2749 2515
3282 1762
3056 2438
2061 2417
2591 2556
1974 2296
2774 2550
3041 2230
2466 2874
2806 2194
2972 2621
2887 2744
2765 2801
2880 2412
3078 2435
3940 932
2737 2699
2818 2586
1871 2343
2767 2210
2820 2634
2796 2029
2211 2762
2443 2837
2797 2042
3048 2738
1913 2317
2656 2700
2322 2689
2772 2804
2717 2719
2420 2934
3272 1734
2586 2714
2127 2804
3127 2569
2007 2291
2461 2666
2227 2541
2106 2651
1986 2322
2545 2650
2758 2597
2770 2789
2111 2848
3310 1789
2123 2303
2550 2667
2496 2737
3052 2488
2140 2470
2498 2719
2974 2605
2932 2381
2191 2692
2543 2729
2982 2615
2319 2670
2562 2655
2818 2457
3280 1943
2780 2536
2118 2621
2138 2469
2691 2516
2135 2586
2067 2720
3037 2673
2565 2669
2742 2737
2818 2205
2824 2049
3288 1804
1915 2331
3014 2267
2921 2113
3317 1731
2474 2959
2926 2442
3036 2804
2716 2524
2142 2811
2123 2311
2719 2524
3055 2788
2828 2651
2672 2613
2084 2823
2883 2825
2413 2718
1905 2311
2752 2570
2803 2141
2737 2719
2557 2610
2863 2644
2586 2686
3031 2195
3039 2239
1936 2323
2087 2615
2455 2971
3062 2295
2148 2241
2442 2668
2526 2802
2167 2440
2382 2728
2537 2719
2134 2355
2126 2353
3117 2552
1945 2315
2667 2555
2680 2705
2918 2805
2584 2711
2197 2481
2439 2756
2797 2140
3903 912
2187 2672
2504 2774
2886 2128
2828 2136
2021 2363
2177 2752
2232 2472
2476 2817
2836 2219
2565 2599
2055 2722
1974 2332
2886 2092
3239 1773
2444 2675
1966 2350
2317 2676
2037 2338
2525 2707
2876 2114
1964 2349
2171 2711
2085 2410
2732 2680
2856 2649
2639 2629
3155 2577
2502 2777
4050 1271
2234 2173
2701 2493
3127 2585
2642 2709
3030 2300
2961 2403
2456 2743
2938 2387
3272 1791
2201 2476
2643 2679
2810 2024
2147 2359
3068 2348
3312 2070
2776 2593
2438 2667
2424 2886
2560 2560
1990 2342
2832 2406
2927 2514
2214 2194
2266 2700
2851 2366
2138 2286
2176 2439
2823 2586
2089 2412
2570 2674
2156 2339
3122 2602
2910 2134
3038 2804
3114 2546
2856 2355
2910 2453
1988 2320
2782 2483
3067 2135
2800 2208
2254 2764
2889 2122
2575 2564
4053 1268
3330 1759
2492 2927
2090 2779
2207 2475
2956 2772
2265 2480
2012 2340
2337 2744
2325 2688
2819 2445
2774 2698
2483 2815
3884 927
2906 2803
2580 2559
3503 1754
2794 2162
3121 2567
2458 2701
2493 2718
2141 2432
2479 2730
2949 2110
1967 2371
2109 2811
2924 2110
2451 2766
2440 2761
2770 2504
2922 2736
2182 2834
3235 1778
3038 2325
2001 2338
2747 2483
2917 2446
2897 2744
2628 2689
2245 2200
2236 2176
3044 2670
2098 2323
2015 2316
2482 2920
2650 2467
2114 2581
2208 2428
3079 2699
3276 1759
2779 2720
3063 2337
2406 2899
2757 2761
2247 2196
2728 2701
2975 2223
2910 2373
2202 2695
2069 2709
2397 2815
2076 2301
2119 2799
3060 2641
2124 2677
2913 2734
3013 2238
2216 2764
1858 2351
2478 2948
3057 2239
2665 2565
2088 2870
2236 2724
2994 2269
2165 2432
2060 2766
2786 2574
2368 2726
2339 2693
2958 2775
2371 2741
2957 2774
3017 2544
2134 2603
3055 2140
2474 2954
2108 2301
2593 2601
2263 2762
2320 2665
2986 2619
2339 2692
2749 2127
2780 2031
2909 2772
2875 2759
2492 2851
3312 2079
2080 2295
2520 2812
2205 2451
2976 2408
3109 2606
2312 2669
2811 2550
2908 2104
2830 2596
2208 2432
1861 2344
2092 2647
2644 2675
3065 2246
2166 2430
3037 2804
2084 2346
2591 2578
3335 1763
2313 2672
2591 2676
2207 2761
2813 2589
2806 2599
2911 2095
2308 2702
3299 2069
2867 2398
3327 1734
3077 2479
3062 2489
2004 2345
2386 2718
3071 2129
2764 2151
2735 2701
2655 2598
2844 2395
2749 2694
2084 2351
3072 2783
2783 2568
2394 2783
2760 2709
2086 2825
2787 2143
3078 2480
1972 2315
2920 2744
3010 2351
3934 917
2129 2364
2199 2676
2933 2379
2122 2303
2371 2693
2584 2563
3058 2762
2113 2817
3067 2311
2310 2704
2847 2031
2218 2458
2917 2509
3034 2195
2092 2619
3074 2313
2219 2511
2154 2333
2776 2034
2753 2546
3027 2283
2463 2667
2745 2711
2947 2773
2247 2714
2892 2827
3057 2136
2414 2691
2745 2661
2505 2774
2829 2662
3279 1774
2379 2692
2102 2838
2121 2412
2084 2632
2945 2549
2232 2388
2533 2727
2407 2791
2822 2134
2128 2804
2915 2785
3088 2506
2994 2270
3004 2197
2209 2460
2022 2269
3332 1741
2155 2803
3141 2582
2678 2700
2404 2830
3063 2292
2124 2876
2415 2733
3114 2510
2750 2134
2969 2580
2478 2847
2834 2215
3303 2069
3126 2588
2130 2710
3087 2482
2787 2719
2810 2554
2160 2798
2385 2709
2749 2505
2937 2407
2780 2720
2966 2402
3059 2700
1963 2353
2775 2512
2443 2885
2748 2135
3069 2737
2993 2590
2841 2098
2413 2874
2154 2589
3053 2152
2609 2680
3075 2393
2829 2016
2822 2175
2128 2812
2824 2244
3278 1949
2688 2710
3326 2068
2843 2233
2930 2391
3119 2595
2700 2707
2972 2355
2041 2317
2756 2758
3329 1740
3274 1760
2606 2616
1864 2358
2342 2703
2949 2474
2889 2743
2139 2599
2154 2280
3304 1729
3014 2284
2756 2658
2504 2754
3058 2339
2381 2729
1914 2331
2059 2410
2102 2660
2918 2718
3336 1772
2876 2096
3064 2248
2921 2427
2414 2733
2100 2619
3073 2774
3144 2640
2636 2637
1959 2365
2776 2029
2433 2888
3934 915
2742 2138
2829 2105
2485 2760
2756 2494
2955 2562
1994 2362
1963 2319
2800 2581
4068 1275
2080 2784
2795 2548
1912 2319
2896 2664
2783 2184
2640 2670
2159 2257
2089 2300
3056 2358
2777 2714
2441 2760
2673 2697
2996 2137
2160 2824
2207 2235
3004 2339
3026 2671
2807 2189
3089 2512
2968 2774
2842 2393
2132 2292
2503 2776
2082 2786
1995 2343
3064 2498
2990 2365
1875 2336
2110 2843
2227 2690
3053 2109
2560 2673
2820 2030
2407 2782
3064 2482
2776 2708
2765 2505
2642 2623
2212 2757
2268 2672
2164 2693
2643 2484
2839 2104
2909 2498
2470 2732
2405 2724
4038 1258
3023 2382
2949 2408
2101 2871
2231 2473
2918 2803
2993 2553
2109 2832
2038 2391
2435 2837
2850 2232
2198 2543
2092 2837
2839 2081
2155 2579
2454 2891
2437 2753
2454 2883
1983 2368
2758 2665
2406 2834
3032 2204
3068 2701
2088 2308
3027 2528
2556 2727
2253 2764
2190 2681
3879 927
2889 2772
2446 2771
2958 2293
2908 2777
3007 2139
1873 2312
2510 2817
2802 2187
2893 2104
2323 2730
2943 2495
2801 2153
2176 2683
2522 2762
1974 2272
2098 2324
1906 2330
2297 2681
2664 2707
2628 2488
3039 2346
2587 2613
2961 2569
3048 2143
3048 2142
2905 2658
2910 2132
3080 2726
2407 2898
2916 2401
2957 2118
2129 2285
2807 2120
2588 2622
3328 1777
2214 2458
2977 2568
2749 2599
2140 2690
3900 924
2470 2895
2194 2713
2448 2754
2818 2620
2108 2429
2079 2307
2107 2627
2786 2722
2792 2465
2363 2700
2030 2767
2814 2199
2298 2680
3281 1936
3024 2540
2853 2039
2956 2113
2763 2499
3339 2067
2319 2669
2792 2663
2754 2497
2674 2738
2654 2451
2698 2532
2271 2670
2601 2608
3150 2576
3118 2633
3129 2520
2035 2391
1891 2335
3072 2524
2853 2395
3042 2338
2325 2728
2090 2403
2439 2724
2428 2664
2070 2840
2756 2155
3079 2483
2108 2376
3036 2233
1884 2279
3135 2636
3117 2599
2261 2692
3000 2595
2438 2711
2097 2769
3006 2783
2504 2751
2776 2561
2412 2897
3894 943
2104 2364
2806 2608
3336 1761
2179 2715
2182 2262
2888 2746
2499 2762
2098 2385
2407 2895
1908 2322
2911 2700
2953 2770
2158 2560
2096 2711
2830 2598
2986 2328
2344 2703
2290 2684
2638 2654
2688 2486
2643 2647
1883 2336
2475 2951
2162 2489
2229 2178
2718 2528
2799 2042
3172 2528
2909 2115
3030 2810
2457 2976
2168 2593
2787 2126
3057 2774
2768 2589
2894 2660
2111 2865
2834 2118
2936 2389
2052 2777
2107 2797
3339 2068
2756 2709
2558 2602
2594 2707
2838 2012
3050 2348
2100 2389
2767 2763
3168 2508
2439 2678
2052 2410
2578 2566
2085 2826
2597 2583
2135 2583
2992 2275
2982 2617
2091 2645
2690 2708
2813 2207
2993 2591
2831 2257
2129 2361
3061 2782
3012 2265
3108 2610
2149 2244
2882 2109
2907 2690
3078 2722
3086 2460
3299 2065
2444 2893
2189 2709
2757 2762
3090 2730
2970 2627
2416 2691
3078 2448
2324 2716
2920 2533
2031 2363
2164 2818
2882 2397
2120 2858
2767 2789
2586 2688
2126 2299
2255 2689
2026 2271
2913 2465
1920 2312
3009 2241
2477 2956
2190 2739
2046 2309
2945 2540
2000 2297
2951 2443
3052 2682
2381 2800
2560 2562
2383 2692
2975 2315
1994 2304
2111 2844
2195 2757
2083 2412
2798 2029
3262 1765
2865 2094
2016 2322
3070 2694
2227 2407
2819 2692
2839 2270
2245 2526
2362 2725
2666 2690
3042 2139
3062 2755
2445 2772
2739 2651
2925 2534
3155 2579
3118 2622
2754 2590
2171 2438
2945 2113
2960 2128
3061 2808
2080 2638
2776 2036
3021 2326
1992 2309
2634 2701
2864 2093
2094 2651
2061 2421
2232 2385
2080 2415
2082 2833
2086 2763
2948 2543
2063 2720
2037 2748
3031 2374
2929 2117
2244 2200
2504 2712
2940 2417
2080 2649
2797 2189
2018 2296
2363 2719
2848 2102
2531 2736
1958 2376
2766 2664
3316 2064
2105 2285
3039 2788
2232 2394
2377 2707
3283 1808
2819 2693
2529 2732
1995 2365
2239 2727
2179 2713
1973 2310
2933 2106
2188 2826
2958 2118
2735 2117
3063 2765
2056 2414
3028 2129
3121 2603
2154 2445
3156 2569
2137 2425
2775 2052
2971 2624
2760 2553
2324 2714
2838 2236
2956 2132
3328 1784
2978 2354
2542 2620
3332 1735
2539 2766
3058 2816
2532 2731
2406 2792
3123 2491
2892 2746
3313 1748
2104 2478
2443 2763
3300 1791
3263 1764
2772 2698
2726 2110
2376 2707
2085 2869
2034 2331
2900 2104
4045 1271
2379 2727
2232 2177
2784 2191
2479 2731
1999 2295
2457 2953
2913 2458
3332 1738
2666 2689
2875 2658
3058 2817
3118 2637
2130 2632
2203 2447
2896 2775
2949 2768
2022 2280
2898 2404
3069 2117
2494 2853
2181 2449
2463 2748
3007 2193
3321 2073
2464 2920
2202 2398
2490 2833
2065 2418
3898 914
2975 2356
2303 2669
3124 2492
2637 2684
2741 2125
2760 2810
3046 2234
2001 2296
3067 2300
2208 2472
3034 2803
2165 2248
2855 2404
2173 2734
2761 2642
2954 2113
2956 2489
2868 2396
1993 2344
2969 2578
2060 2736
2097 2321
2749 2588
2552 2670
3129 2522
2181 2823
2126 2462
2519 2812
2910 2681
2079 2295
2497 2720
3069 2508
1873 2332
2836 2377
2839 2046
2885 2827
2518 2813
3038 2340
2392 2716
3022 2833
3329 1784
2088 2654
2576 2679
2591 2681
3060 2688
2596 2688
2074 2303
2267 2695
2756 2542
3023 2241
2916 2786
2432 2892
2800 2044
2106 2473
2179 2432
2758 2743
3005 2786
2767 2133
2940 2128
2762 2809
3018 2365
3099 2512
2130 2855
2757 2658
2938 2491
3046 2643
3911 935
2812 2479
2115 2806
2334 2699
2154 2541
2895 2829
2466 2869
2208 2468
2313 2670
2585 2559
2648 2452
2841 2398
3014 2541
2175 2822
1970 2316
2089 2612
3295 2068
2128 2373
3027 2789
2801 2586
2812 2486
2129 2802
2800 2425
2113 2455
2748 2721
3172 2508
2842 2235
3330 1757
2823 2181
2761 2649
2112 2390
2071 2702
2493 2803
2809 2208
2888 2839
3063 2736
2003 2349
3028 2388
3125 2500
2337 2703
2980 2623
3138 2634
2944 2557
2120 2303
1861 2327
3006 2552
2641 2631
2824 2470
2126 2425
3054 2301
2763 2802
2889 2778
2398 2719
2813 2476
3127 2635
2933 2736
2431 2875
2883 2828
3095 2493
3004 2132
2902 2679
3068 2715
2560 2713
2976 2622
2425 2901
2208 2466
2449 2671
2900 2144
2772 2721
3096 2731
2660 2612
2703 2501
2383 2710
2123 2627
2101 2376
2168 2716
2068 2859
2737 2124
3070 2119
2110 2371
2865 2662
2601 2693
3302 2067
2940 2413
2249 2746
3068 2748
2420 2837
2218 2439
2664 2472
2250 2761
2920 2706
3032 2657
2670 2474
2734 2490
2922 2447
2958 2580
3008 2135
2484 2755
2388 2817
2926 2402
2980 2319
3067 2431
2149 2812
2851 2235
2530 2710
2819 2458
2054 2301
2782 2184
2171 2436
2115 2818
2673 2695
2778 2542
2747 2156
2099 2485
3076 2452
3309 2092
3236 1778
2769 2798
2797 2184
2330 2691
2822 2201
2456 2860
2760 2588
3084 2722
2472 2732
3049 2122
2467 2769
3155 2514
3023 2242
2319 2682
2079 2399
3091 2608
2327 2731
3073 2688
2185 2689
2837 2090
2428 2876
2841 2020
2771 2124
2230 2467
2478 2840
2526 2750
2263 2681
2451 2765
2145 2569
2850 2045
1939 2315
2459 2843
2992 2581
2082 2312
2099 2777
2691 2541
3054 2142
2053 2688
2621 2619
2767 2591
2976 2602
2092 2835
2669 2609
3077 2751
3003 2672
3035 2657
2635 2713
3054 2639
3008 2261
2439 2944
2999 2795
2976 2314
2088 2410
2927 2731
2120 2820
2331 2694
2455 2877
2739 2025
2238 2205
2208 2767
2113 2419
2925 2469
2741 2128
2112 2315
2892 2104
3060 2293
2325 2693
3308 2071
2892 2825
3118 2635
2235 2530
2327 2712
2154 2253
2848 2038
2188 2258
2193 2836
3009 2552
2218 2513
2770 2025
2135 2471
2411 2826
2643 2673
2839 2090
2425 2839
2757 2510
2071 2398
2320 2662
2970 2570
2161 2258
2891 2770
3083 2681
2409 2943
2093 2342
2168 2597
3936 930
2267 2677
3074 2494
3086 2730
2564 2603
2780 2012
3072 2751
1876 2299
3910 915
2639 2446
1939 2319
2830 2059
3051 2369
3303 2065
2225 2762
2251 2692
2631 2624
3030 2289
2398 2791
3043 2643
2455 2868
1875 2325
3310 2081
2595 2611
2603 2614
2100 2620
2041 2332
3065 2433
2199 2523
3076 2772
3088 2139
2142 2449
3167 2520
3063 2299
2761 2817
2119 2859
2900 2453
2533 2758
2531 2727
2463 2944
2086 2404
2148 2361
2926 2111
3265 1770
2868 2668
2661 2570
3086 2698
3065 2730
2191 2526
2878 2842
2259 2763
2088 2872
3332 1752
2101 2459
2757 2533
2918 2518
3935 922
2787 2444
2928 2446
2438 2704
2647 2634
1951 2315
3074 2516
2647 2599
2993 2551
2553 2649
2644 2664
2112 2391
3125 2586
2427 2884
2757 2591
2085 2343
4043 1269
2771 2537
2108 2825
3053 2317
2036 2328
2977 2117
3908 936
2789 2571
2596 2715
2112 2727
1918 2346
2118 2308
2681 2735
2082 2416
2236 2528
2412 2807
2565 2571
2093 2359
2099 2778
3337 1770
2919 2800
3018 2295
2751 2156
2102 2321
2916 2741
2212 2509
2106 2304
2231 2692
2556 2669
2135 2670
2944 2127
2479 2960
2390 2706
2198 2707
2175 2727
2757 2164
3269 1946
3051 2476
2876 2658
2911 2362
2842 2406
2141 2456
3077 2125
3935 929
2553 2713
2499 2790
2820 2449
2645 2463
2188 2466
3065 2348
3008 2241
2791 2126
2622 2679
2757 2597
2823 2661
2854 2056
2802 2198
2808 2053
2774 2696
2758 2038
2813 2625
2441 2884
2974 2122
2919 2698
2105 2298
3076 2504
2908 2102
2693 2525
3050 2289
2151 2266
2594 2703
3325 1769
2764 2152
3071 2700
2971 2571
2559 2673
3046 2798
3075 2122
2139 2355
2182 2446
2953 2493
2915 2381
2434 2699
3082 2114
3015 2540
2202 2425
2549 2651
2854 2104
3109 2569
2804 2586
1973 2272
2145 2272
2583 2562
2216 2200
2433 2761
2978 2612
3029 2282
3057 2764
3136 2589
2762 2062
2921 2424
2901 2748
1981 2368
2095 2870
2736 2488
2886 2770
2797 2022
3076 2450
2084 2301
2117 2305
2817 2590
2154 2274
2983 2619
2213 2478
2259 2764
2737 2155
2235 2688
2098 2322
2301 2681
2200 2747
2850 2053
2119 2657
2941 2798
2669 2696
2803 2579
2961 2582
2119 2622
2956 2552
2657 2609
3061 2285
2531 2753
2664 2701
3065 2689
2889 2442
2179 2821
2886 2829
2350 2689
2869 2132
2814 2130
2875 2097
3033 2210
3328 2053
2896 2828
2883 2109
3289 2071
3069 2115
3053 2810
2856 2235
2227 2544
2770 2204
2300 2675
2343 2714
2335 2703
2883 2107
3940 920
2289 2674
2569 2561
2961 2543
2938 2138
1993 2330
2873 2767
3048 2789
2931 2800
2392 2721
2838 2232
1901 2326
3063 2480
3883 926
3085 2452
2838 2259
3032 2334
2873 2427
3019 2827
2520 2813
2237 2203
3292 1789
2110 2612
2511 2753
3086 2788
2767 2708
2086 2357
2804 2183
2509 2755
2902 2659
2214 2388
2418 2727
1875 2280
2699 2707
3283 1774
2066 2846
3065 2770
2140 2815
3099 2579
2136 2427
2250 2489
2896 2432
2595 2684
2044 2331
2450 2843
2789 2466
2827 2659
2836 2389
2008 2368
3034 2326
2765 2023
2937 2136
2741 2127
3298 2056
3023 2393
2964 2575
2748 2154
2759 2018
2876 2656
3088 2508
2909 2398
3083 2126
2416 2899
3087 2618
2828 2599
2752 2139
1877 2349
3293 1754
2800 2578
2785 2659
1962 2291
2449 2769
2775 2065
2733 2736
2604 2690
2781 2154
2958 2303
2792 2163
2669 2473
2807 2552
2312 2679
2904 2103
3083 2471
2448 2889
2885 2767
3293 1733
2238 2751
2128 2593
2306 2668
3003 2349
2480 2737
2107 2646
2776 2198
2014 2769
2543 2758
3056 2242
2397 2783
2909 2119
2908 2513
2926 2467
3330 1747
2159 2582
3066 2624
2219 2687
2463 2943
2731 2122
2455 2959
2641 2700
2182 2789
2108 2797
2541 2611
2013 2322
2881 2418
3056 2351
2988 2623
2622 2687
2583 2677
2506 2747
3014 2219
2193 2255
2135 2584
1872 2334
2094 2784
3022 2832
2833 2055
2261 2763
2541 2653
3040 2163
1872 2306
2480 2850
2988 2345
3040 2145
3084 2713
2906 2439
1867 2359
3141 2564
2537 2768
2946 2425
2177 2422
2488 2933
2181 2432
2460 2917
4041 1260
1906 2322
2923 2797
2647 2658
1909 2312
2443 2883
2163 2476
2211 2741
2750 2744
2105 2371
2884 2831
2963 2144
2894 2655
3055 2478
2922 2469
3163 2495
2751 2067
2375 2734
2985 2133
2934 2524
2302 2706
2459 2724
2735 2679
1995 2304
2929 2429
2503 2737
2224 2202
2392 2804
2863 2099
2796 2454
2530 2712
3243 1774
3146 2560
3029 2194
2423 2869
3036 2138
2918 2423
2100 2649
2677 2477
2168 2813
2931 2482
3001 2348
3068 2436
2603 2616
2171 2435
2755 2536
2979 2625
2732 2493
2726 2118
3117 2640
1947 2319
2075 2648
3064 2736
2377 2693
2165 2788
2041 2334
2537 2636
2906 2411
2809 2120
3020 2295
2856 2662
2075 2759
2987 2330
2130 2360
2590 2597
2921 2490
2102 2873
2101 2313
2364 2713
2876 2102
3140 2515
2760 2059
2629 2692
3058 2767
2956 2549
2560 2656
3064 2725
2458 2903
2746 2702
2979 2605
3160 2512
3017 2789
2593 2596
2842 2101
2974 2355
2003 2342
3044 2800
2994 2550
2230 2751
2800 2048
2093 2307
2347 2691
2074 2302
2551 2720
2790 2121
2125 2386
3046 2336
2209 2767
4069 1263
2803 2208
2744 2481
3328 2070
2137 2350
2992 2141
2269 2670
2104 2794
2911 2385
2526 2763
2985 2137
2782 2126
2070 2844
2578 2713
2895 2662
2097 2782
2440 2943
2103 2852
2819 2041
2211 2754
2912 2458
2798 2425
2368 2701
3041 2206
2322 2723
2080 2280
2929 2404
3032 2797
2657 2598
3123 2501
2749 2668
2107 2824
2084 2409
2960 2541
2816 2625
2225 2190
2770 2206
3122 2557
1911 2350
2029 2273
3244 1765
2498 2763
2174 2719
2187 2261
3309 1739
3031 2817
2309 2672
2682 2692
2810 2482
2793 2655
2213 2526
2160 2481
3009 2667
2459 2670
3057 2779
3293 2056
2771 2662
2446 2678
2111 2639
3039 2662
2874 2433
3122 2508
3114 2506
1986 2314
2757 2763
2464 2722
2110 2421
3288 1735
2940 2132
2750 2588
2272 2680
2419 2952
2768 2517
3033 2532
2921 2706
2181 2465
2042 2317
2825 2104
2045 2307
2104 2295
2959 2485
2877 2119
1965 2329
2406 2837
2613 2627
1877 2317
2804 2609
2523 2767
3160 2506
3000 2198
2807 2551
2812 2457
2456 2864
2787 2182
2935 2103
2927 2726
3941 929
2114 2618
2292 2677
2385 2806
2098 2649
2014 2356
2182 2591
2906 2777
2764 2514
2998 2267
3119 2569
2184 2731
2108 2857
2984 2577
3319 1754
2558 2587
3298 1736
2907 2096
2121 2448
2079 2306
3016 2540
2726 2491
3308 2080
2981 2627
2909 2105
2829 2102
3311 2051
2666 2470
1996 2336
2824 2172
2103 2340
2489 2809
3277 1794
2902 2105
2404 2727
2102 2460
3066 2503
2221 2478
2396 2710
2930 2375
2321 2722
2466 2665
2784 2433
3089 2477
3045 2139
2903 2466
2747 2691
2942 2491
2395 2819
3150 2641
2910 2405
3313 2049
2536 2755
3037 2232
2738 2024
2112 2864
2021 2331
2829 2225
2955 2400
2857 2645
2094 2427
2886 2122
2531 2720
2005 2273
2670 2616
3089 2138
2433 2744
2008 2318
2984 2334
3270 1793
2953 2439
2554 2663
2838 2235
2014 2326
2767 2805
3111 2621
2063 2776
2875 2393
3163 2515
2067 2746
2761 2026
3018 2362
2218 2441
2753 2066
2787 2491
2075 2718
2327 2681
2183 2825
2611 2600
2798 2189
2755 2033
3008 2257
2917 2733
2184 2258
2809 2045
2124 2735
2469 2960
2906 2412
2441 2837
1934 2325
3078 2748
3079 2418
2898 2372
1966 2368
3032 2231
3019 2324
3117 2598
2883 2746
2810 2121
2955 2475
2783 2505
2437 2698
2658 2592
2524 2710
2052 2413
2070 2698
3056 2111
2698 2706
3081 2685
2675 2479
3095 2507
2250 2762
2729 2679
1877 2289
2900 2433
2640 2697
2457 2871
2229 2754
2120 2622
2737 2514
3442 1753
2629 2442
3049 2738
2140 2454
2446 2892
2276 2683
2366 2743
3034 2806
2123 2381
2009 2328
2640 2653
3075 2514
2980 2350
2190 2732
2922 2483
2923 2443
1976 2307
2800 2576
2196 2766
2811 2497
2970 2622
2969 2571
2080 2316
2903 2509
2183 2709
2365 2721
2762 2647
3010 2538
2644 2454
2036 2388
2771 2027
2247 2746
2748 2668
4042 1257
2746 2726
2941 2537
2735 2031
2915 2386
2797 2030
2126 2614
2147 2437
2106 2466
2989 2330
3159 2574
2140 2273
2907 2138
2985 2596
3028 2670
2668 2610
2922 2741
2916 2731
2790 2442
2639 2703
3068 2633
2081 2309
1964 2328
2010 2321
2239 2401
2459 2964
2895 2400
4067 1243
2264 2684
3263 1768
2386 2805
2677 2704
2671 2612
2864 2658
2160 2758
2448 2753
2375 2697
3053 2241
2911 2682
1957 2315
2521 2799
2752 2543
2097 2781
3305 1790
3069 2734
2845 2645
2777 2150
2111 2271
2474 2820
2496 2711
2053 2658
2111 2437
2904 2465
2263 2480
2987 2350
3131 2069
3095 2604
2416 2892
2175 2739
2728 2679
2083 2410
3071 2477
1863 2316
1978 2310
2835 2660
2748 2697
2947 2482
2860 2407
2096 2422
2201 2712
2063 2846
2650 2570
2761 2158
2127 2875
2453 2956
2878 2429
2859 2651
2822 2428
2000 2301
2906 2421
2266 2687
2240 2531
2158 2282
2551 2725
2118 2392
2828 2408
2860 2115
2084 2863
2415 2880
2793 2170
4063 1232
2141 2814
2477 2759
2143 2595
2029 2326
3134 2510
2200 2256
2814 2457
2638 2471
2044 2325
2799 2458
2592 2589
2926 2794
2875 2768
2833 2102
2947 2478
2019 2299
2444 2754
2036 2392
2642 2581
2400 2798
2349 2720
3312 2052
2640 2477
2902 2771
2829 2245
2755 2034
2758 2769
2771 2131
2513 2774
2155 2477
1914 2336
2230 2400
2779 2535
3917 917
2318 2680
2471 2930
2817 2111
2887 2401
2565 2709
3936 919
3312 2090
3092 2509
2978 2614
2410 2899
2604 2615
2555 2619
3319 1773
2868 2434
3034 2218
2035 2401
2273 2666
2752 2673
2960 2557
3059 2698
2084 2296
2942 2511
3047 2234
2757 2144
2181 2429
3021 2321
2590 2579
2783 2496
2906 2778
3919 913
2529 2737
1870 2326
2453 2885
2475 2962
2662 2586
3063 2500
2175 2270
2102 2289
3027 2124
2371 2698
2941 2129
2541 2618
2012 2347
2383 2734
2216 2463
2458 2945
2025 2322
2005 2290
2465 2732
3026 2196
2169 2789
2064 2684
2268 2698
2944 2397
2615 2681
2752 2025
2083 2352
2454 2949
3011 2259
3030 2383
2636 2448
2572 2677
3332 1777
2746 2700
3012 2667
2779 2016
2693 2510
2163 2481
2832 2106
2555 2613
2127 2404
2889 2096
2087 2635
2110 2377
2628 2484
2825 2012
1960 2327
3024 2320
3059 2137
2107 2863
2818 2445
3168 2566
3074 2517
2916 2686
2895 2820
3317 1755
2867 2766
3047 2485
2459 2732
3083 2795
2811 2206
2153 2249
3071 2138
2003 2319
2991 2592
2977 2130
2239 2465
2425 2722
3033 2158
2787 2584
3054 2143
2430 2747
3059 2372
2818 2453
3109 2570
3024 2548
2389 2699
2978 2605
2958 2494
2830 2062
2759 2776
2472 2818
2472 2769
2535 2766
2064 2299
3016 2232
2178 2603
3037 2237
3000 2596
2774 2804
2797 2438
2916 2449
3060 2758
1952 2371
2736 2118
2133 2470
2066 2881
2463 2721
2663 2564
3130 2631
1852 2367
2840 2649
2812 2598
2073 2785
2084 2345
2784 2072
2231 2174
2229 2752
3044 2478
3298 1738
2933 2740
2833 2116
2542 2632
2544 2629
2474 2848
2822 2213
2420 2940
3076 2500
3350 1757
2805 2143
3092 2610
2913 2727
2144 2466
3304 1801
2093 2430
3119 2639
2872 2764
2740 2697
2005 2291
2127 2444
2529 2803
3067 2750
2123 2802
2100 2790
2117 2798
2775 2548
2764 2708
2809 2465
2693 2491
3302 1744
2062 2751
2149 2467
2107 2718
2480 2732
3057 2680
2218 2395
2206 2201
2920 2447
2310 2702
2027 2277
2504 2779
2791 2441
2428 2840
3039 2637
2681 2486
2457 2963
3064 2769
2458 2720
2098 2368
2224 2191
2760 2164
3205 2000
2480 2815
2201 2410
3054 2282
2203 2401
1871 2359
2367 2724
2080 2639
2739 2131
2535 2647
2463 2948
2117 2599
2164 2594
3293 1755
2185 2452
2539 2755
2107 2320
3078 2499
2776 2441
2910 2729
2883 2123
3139 2637
3303 1738
2823 2069
2029 2271
3289 1789
1902 2325
2215 2475
2126 2371
3030 2239
2457 2846
2454 2894
2773 2655
2448 2667
3031 2230
2150 2480
2542 2653
2984 2592
2098 2623
2376 2688
3056 2131
2231 2183
2545 2726
2230 2747
2837 2091
2928 2764
2836 2017
2787 2030
1859 2344
3269 1941
2576 2707
2762 2708
2533 2642
2897 2659
2590 2700
2843 2039
2932 2768
4066 1275
3942 926
1884 2347
2489 2717
2817 2208
2730 2128
2778 2048
2758 2559
2361 2709
3084 2460
2117 2273
1968 2372
2527 2802
3089 2128
3034 2190
2094 2850
2746 2130
2004 2299
1995 2333
2669 2695
2811 2461
2955 2365
2177 2716
2797 2588
2129 2669
2123 2461
2114 2447
2087 2312
2800 2036
2471 2734
2897 2099
2302 2675
2079 2285
2868 2138
3908 916
2089 2400
3070 2636
2198 2426
2796 2438
2807 2127
3298 1755
2057 2301
2422 2838
2025 2380
2026 2764
2800 2211
2832 2082
2647 2637
2918 2502
2784 2498
1962 2324
2957 2484
2995 2270
2424 2832
2331 2696
2854 2667
2442 2767
2882 2126
3089 2151
2148 2478
2235 2467
2217 2520
1978 2285
2152 2343
3047 2641
1946 2316
2761 2645
2824 2074
1887 2328
2795 2028
1862 2297
3077 2134
2143 2434
3040 2500
2946 2110
2785 2182
2088 2298
2445 2842
2785 2654
2776 2586
2753 2729
1859 2362
3898 940
4059 1268
2594 2686
2584 2680
2880 2409
2992 2630
2020 2308
2070 2713
2972 2353
2589 2584
2775 2173
3941 924
1864 2316
2205 2204
3090 2131
3030 2379
2413 2691
2791 2188
3120 2635
3053 2730
2761 2144
2181 2708
2415 2730
2133 2586
3049 2640
2736 2739
1871 2284
2485 2720
2445 2673
2664 2692
2210 2465
2301 2683
3060 2689
2907 2499
2952 2438
2476 2863
2667 2693
2337 2702
2463 2970
2062 2332
2787 2502
2596 2607
2209 2424
2881 2657
2054 2682
2072 2394
2076 2293
2681 2554
2745 2132
2797 2425
2781 2168
2119 2866
2180 2446
2147 2262
2415 2696
2481 2925
2840 2654
2826 2432
2566 2564
3077 2481
2657 2563
2463 2877
2968 2396
2463 2913
2308 2665
3325 1736
2658 2610
2942 2514
2053 2652
2320 2692
2213 2487
2157 2333
2180 2737
2636 2678
2742 2099
2214 2762
2105 2795
2979 2344
1879 2338
2793 2435
2199 2478
2982 2145
1917 2332
2947 2507
2777 2148
3023 2312
2781 2436
2956 2576
2087 2357
2121 2676
3013 2329
3281 1763
2634 2703
2807 2139
2752 2549
2853 2397
2570 2580
2904 2679
2195 2744
3042 2674
2753 2579
2694 2487
3028 2351
2670 2615
1993 2281
2483 2807
2732 2104
2836 2234
2002 2323
2152 2559
2106 2708
2110 2800
2122 2412
3039 2295
2914 2456
2832 2068
2428 2892
2483 2814
2925 2528
2838 2075
3050 2477
2206 2238
3315 1754
2831 2064
3174 2502
2899 2510
2779 2480
2009 2265
2437 2708
1896 2332
2017 2342
2886 2828
2079 2855
2034 2330
2255 2694
2639 2676
2201 2771
2632 2440
3299 1749
3032 2280
2549 2650
2911 2369
2842 2126
2143 2598
3036 2322
3122 2580
3010 2252
1973 2298
2484 2713
2148 2688
2329 2696
1988 2282
2932 2408
1970 2341
2824 2211
2531 2750
3008 2353
2769 2797
2644 2476
2760 2571
2778 2474
3320 2078
2153 2256
3057 2309
2646 2669
2426 2839
2122 2806
3173 2496
2835 2390
2656 2694
2933 2799
3083 2730
2954 2438
2478 2846
3245 1763
3051 2153
2029 2364
2623 2483
2821 2688
2469 2745
2308 2704
2498 2728
2748 2602
2529 2756
2017 2378
2473 2757
2105 2377
2934 2768
1879 2359
2057 2681
3908 939
2171 2429
2528 2729
2714 2521
1881 2355
2564 2604
2387 2827
2828 2214
2430 2892
2137 2468
2222 2204
2113 2420
2000 2328
2918 2809
2453 2875
3058 2373
2762 2517
2234 2476
3299 1801
3060 2246
2476 2711
2971 2325
2072 2846
2002 2342
2117 2300
2755 2153
2827 2597
2675 2720
2764 2144
2753 2655
2690 2550
2063 2654
3324 2060
2542 2727
3031 2242
3163 2578
2154 2576
3164 2505
2521 2810
2239 2527
2958 2398
2884 2437
3299 2066
3056 2787
2417 2659
2129 2638
2118 2299
2019 2773
2755 2739
2736 2495
2826 2242
2030 2395
2798 2202
2475 2770
2950 2290
2062 2747
1876 2353
2748 2029
2990 2575
2607 2687
3053 2481
2179 2763
2909 2467
2138 2468
2243 2527
1960 2366
3078 2126
3067 2295
2092 2833
3060 2364
2109 2280
2029 2769
3299 2045
2368 2708
2432 2891
2465 2959
2102 2807
3038 2164
2087 2872
2129 2363
2767 2709
2981 2597
2760 2040
3078 2130
3052 2739
2401 2807
2083 2848
2653 2446
2153 2343
2222 2205
2978 2620
2754 2611
2495 2766
2071 2841
3067 2131
3102 2586
2069 2880
2013 2318
2194 2757
2888 2422
2232 2743
2633 2441
2753 2507
2765 2180
1979 2316
2897 2660
2807 2196
3061 2691
2358 2730
2960 2148
2975 2572
2106 2796
2934 2413
3121 2555
2521 2821
2822 2137
3281 1792
3082 2516
2076 2789
2910 2364
3131 2523
3050 2154
3049 2476
2723 2711
2419 2830
2173 2751
2110 2837
2834 2115
2189 2687
2236 2722
2427 2720
2499 2768
2470 2770
2768 2178
2583 2679
2167 2788
3113 2618
2091 2873
3150 2646
2947 2119
2882 2093
2774 2030
2276 2668
2119 2580
2376 2696
2161 2430
2158 2584
2751 2651
2905 2664
3077 2139
2116 2452
3037 2346
2568 2574
3065 2797
2956 2551
2175 2437
2612 2681
2949 2493
1990 2313
1962 2375
2781 2533
3059 2788
2876 2103
2123 2460
3112 2553
2806 2662
2195 2739
2565 2710
2103 2363
2305 2700
2823 2606
2566 2670
2849 2030
3324 1771
2592 2713
3083 2487
2850 2647
2812 2673
2444 2752
2126 2448
2102 2620
2779 2155
3012 2353
2797 2544
3013 2347
2103 2488
2435 2838
2239 2687
2068 2398
3007 2135
2244 2474
2597 2605
2207 2445
2017 2255
2996 2340
2138 2450
2175 2824
3339 1750
2443 2947
2474 2845
2743 2720
2498 2811
3029 2220
2125 2341
2796 2570
3331 1734
2169 2798
2908 2438
2772 2802
2307 2669
2434 2676
2176 2715
1977 2284
4037 1260
2200 2693
2121 2670
2256 2693
2171 2794
2491 2716
1868 2320
3038 2297
2432 2667
2624 2483
2561 2717
2017 2759
3123 2572
2754 2612
2751 2656
2103 2468
2584 2698
2124 2399
3111 2554
2024 2330
2074 2306
2125 2334
2771 2031
1874 2350
2066 2744
2413 2900
3060 2243
2055 2690
2165 2694
2646 2654
2037 2331
2825 2590
2799 2667
2831 2431
3299 1752
2194 2481
4066 1236
2590 2555
3299 1800
2456 2961
2782 2536
2159 2685
2540 2655
2978 2125
2643 2605
1991 2313
2237 2703
2091 2854
2393 2825
2482 2844
2130 2609
2070 2286
2355 2724
1861 2353
3297 2058
2719 2707
3321 2072
3092 2121
3038 2637
2870 2667
2172 2787
2517 2801
2762 2122
2811 2595
2730 2678
2733 2739
2520 2770
3317 1736
3056 2773
3051 2291
2966 2771
2755 2594
1914 2337
2931 2702
2094 2768
2055 2662
2113 2447
2130 2473
2202 2707
2802 2598
2866 2414
2160 2355
2055 2695
3009 2193
2815 2208
2454 2895
2447 2771
2829 2422
2908 2115
2945 2402
2220 2512
3047 2141
2141 2573
2569 2676
2241 2461
2448 2916
2213 2476
3093 2494
2759 2531
2122 2471
2916 2421
2461 2847
2822 2212
2698 2493
2408 2830
2505 2757
2955 2576
3110 2567
2850 2646
2532 2716
2254 2729
3085 2490
2962 2580
2363 2723
2871 2097
3096 2626
2116 2806
3006 2263
2123 2865
2909 2451
2632 2683
3064 2689
2353 2724
3082 2686
3066 2115
3070 2771
3020 2324
2162 2357
2469 2891
2912 2422
1904 2322
2904 2410
1981 2335
3049 2500
2532 2726
2998 2134
2900 2739
2888 2402
2980 2565
2111 2316
2783 2015
2018 2347
3013 2247
2180 2595
3040 2335
2122 2415
3088 2624
1933 2321
2195 2480
1911 2311
1905 2331
2095 2643
2467 2743
2087 2344
3008 2351
2459 2859
2667 2474
2250 2712
2969 2135
2791 2665
2912 2465
3009 2194
2658 2470
2954 2439
2775 2523
2096 2789
2255 2768
2422 2682
2912 2736
2907 2119
2513 2771
2796 2194
2376 2731
2756 2748
2827 2412
2111 2324
2757 2143
1987 2335
2502 2770
2396 2711
1913 2333
2190 2682
2221 2402
2686 2487
2760 2516
2052 2327
2190 2543
2978 2597
2368 2705
3027 2359
3117 2525
2683 2557
3037 2332
1974 2311
2003 2366
2943 2103
1910 2313
2426 2742
2423 2887
2976 2332
2776 2657
2224 2477
2827 2014
2914 2767
3033 2324
3056 2639
2754 2034
2423 2721
2107 2375
2556 2619
2669 2697
3910 918
2118 2665
3080 2791
1868 2283
2526 2798
2880 2094
3115 2631
3039 2299
2990 2582
2425 2719
3058 2284
2758 2062
2940 2483
2159 2586
2811 2466
3297 1755
2062 2674
2928 2444
3072 2519
2559 2627
2073 2291
3062 2712
2311 2718
3432 1761
2787 2469
2014 2317
3009 2554
2759 2640
3016 2226
2883 2829
2187 2676
3313 2090
2740 2038
2791 2721
2386 2711
2017 2377
2489 2719
2649 2462
2451 2894
3014 2292
2130 2687
3235 1773
2121 2468
2416 2827
2929 2378
2782 2201
2863 2666
2958 2479
3056 2481
2105 2618
1998 2334
2196 2244
2415 2890
2858 2102
2066 2411
3030 2815
2476 2912
2085 2855
2729 2121
2473 2858
2321 2671
2256 2484
2774 2703
2157 2252
2938 2770
2555 2647
2151 2466
3008 2535
2839 2055
2781 2184
2584 2683
2456 2949
2580 2698
2750 2584
3323 1771
3024 2128
3303 1737
3078 2693
2933 2400
2073 2648
2861 2650
2113 2266
2738 2697
2086 2348
2828 2140
2158 2433
2802 2431
2125 2307
2013 2756
3899 931
2226 2470
3293 1736
2959 2564
2217 2403
2462 2729
2236 2467
2522 2821
2663 2602
2794 2166
2801 2048
2133 2472
1887 2341
2146 2672
2414 2872
2069 2393
2508 2749
2908 2772
1960 2360
2248 2715
2367 2697
2485 2933
2136 2812
2092 2403
2968 2397
2826 2035
2811 2463
3277 1758
2385 2711
2813 2665
2880 2658
1925 2319
2919 2515
2266 2679
2994 2140
2892 2819
3312 1785
2124 2388
2958 2550
2801 2023
3044 2645
3078 2121
2431 2763
2919 2777
2629 2691
2506 2774
2678 2470
2929 2409
2767 2541
2981 2613
3012 2238
2981 2628
1963 2357
2108 2853
2171 2726
2257 2763
2945 2481
2407 2876
2451 2954
2769 2551
2927 2402
2944 2770
2127 2373
2933 2385
2508 2803
2722 2706
2032 2331
2818 2212
2706 2490
2007 2269
2056 2777
2198 2511
2368 2725
2361 2705
3893 940
2880 2435
2229 2406
2398 2818
2826 2669
3033 2192
2750 2656
2775 2719
3056 2774
2090 2404
3100 2506
3383 1904
3081 2449
2053 2664
2761 2806
3018 2327
3105 2569
2440 2680
2674 2479
2168 2790
2758 2766
3056 2340
2641 2476
2445 2679
3067 2762
2116 2818
2942 2505
2072 2306
3014 2290
2817 2446
2497 2722
2736 2486
2143 2429
3077 2750
3083 2798
2127 2292
3031 2541
3095 2730
1888 2326
3040 2641
2676 2482
2917 2682
2130 2639
2039 2328
2418 2891
2184 2459
2770 2805
2243 2711
2808 2440
2776 2171
2135 2673
2321 2726
3122 2579
2640 2629
2175 2815
2155 2582
2756 2560
3933 912
2387 2728
3320 1774
2637 2455
2889 2089
3940 917
2850 2044
2110 2448
2640 2668
2767 2147
2134 2872
2831 2418
2557 2663
2115 2598
2459 2701
3069 2738
3066 2386
2056 2672
2823 2421
2544 2728
3057 2768
3029 2529
2190 2763
2600 2690
3075 2513
2147 2460
2320 2671
2778 2477
2209 2439
2220 2535
2780 2162
2370 2689
2855 2235
2110 2372
2962 2142
2441 2754
2224 2466
3011 2260
2478 2752
2940 2111
2325 2703
2215 2481
2639 2689
2511 2756
3040 2230
3324 2057
3048 2496
2160 2692
2828 2588
3046 2289
3931 914
3051 2639
2850 2363
2785 2145
2481 2938
2758 2549
2155 2441
2600 2612
1869 2281
2325 2702
2466 2844
2958 2433
3043 2498
3049 2363
2642 2605
2770 2560
3171 2527
3046 2797
3017 2329
2976 2623
2011 2327
1940 2323
2481 2808
2334 2701
2174 2786
2914 2129
2618 2628
2772 2558
3085 2128
2230 2750
3039 2636
2112 2266
2758 2552
2183 2764
3228 1956
2765 2800
2738 2721
2198 2254
2906 2508
3040 2638
2513 2815
3065 2491
2842 2366
2207 2738
2483 2840
3123 2575
2784 2568
2177 2760
2195 2823
2560 2601
2903 2814
4067 1275
4067 1265
2885 2400
2601 2702
2748 2725
2200 2422
2909 2427
2751 2602
2747 2033
3063 2284
2645 2454
2200 2764
1863 2345
3070 2704
2834 2101
2984 2333
2820 2690
2457 2844
2292 2674
3060 2307
2102 2823
2042 2334
3051 2811
3153 2565
2781 2026
2778 2503
2161 2590
2810 2489
2527 2715
1970 2351
3070 2737
2590 2709
3331 1732
3085 2131
2954 2498
2925 2382
3422 1773
2323 2706
3061 2112
2663 2470
3312 1772
2194 2523
3089 2505
2372 2708
2900 2693
2157 2444
2884 2829
2633 2709
3077 2746
2822 2688
2238 2169
3026 2123
2149 2550
3172 2523
2848 2232
2082 2704
3163 2514
2830 2648
2408 2727
3002 2197
2139 2259
2619 2683
2135 2816
2982 2330
2824 2110
1997 2282
3139 2590
2761 2808
2136 2577
2819 2108
2745 2515
2097 2310
2214 2457
2919 2685
2007 2336
2700 2492
2123 2309
2468 2856
2829 2420
2946 2134
2094 2386
2811 2459
1873 2349
3118 2480
2543 2638
3076 2794
2795 2043
2322 2671
2099 2854
3298 2051
2624 2674
2524 2767
3058 2308
2951 2368
2814 2468
2931 2773
3131 2514
2478 2861
2410 2936
3071 2522
2875 2746
2986 2121
2292 2668
3242 1774
2920 2758
2142 2347
2956 2539
3012 2221
2404 2831
2654 2608
3119 2481
2625 2682
3056 2135
2157 2433
2470 2768
2232 2749
3023 2670
2237 2460
2097 2333
2918 2476
2160 2701
2646 2462
3248 1766
2831 2665
3040 2801
3060 2360
2850 2649
2971 2122
2755 2657
2174 2710
3279 1950
3027 2362
3010 2671
2628 2445
2184 2460
3063 2347
2085 2350
3929 922
2193 2479
2105 2379
2793 2440
2222 2186
2066 2302
2703 2709
2514 2749
2518 2772
2894 2657
3064 2638
2163 2247
2272 2678
2494 2725
2269 2692
3023 2290
2417 2695
2806 2666
3015 2515
3070 2788
4036 1260
2427 2939
2251 2764
3045 2320
2092 2340
2841 2366
2511 2771
3320 2056
2627 2675
3304 1748
2821 2211
2450 2664
2953 2538
2761 2039
2662 2603
2412 2900
2446 2875
3035 2322
2914 2717
2469 2734
2707 2503
2493 2734
3088 2137
2671 2712
2124 2457
2427 2747
2315 2703
2066 2742
2975 2130
2118 2412
3064 2339
2780 2010
3929 911
3281 1761
2916 2383
3085 2474
3257 1769
2098 2388
3057 2317
2758 2812
2607 2689
2485 2851
2768 2209
2762 2025
2921 2416
3336 1749
2109 2864
3136 2634
2775 2021
2750 2507
2066 2300
2744 2742
3011 2351
2908 2510
2102 2376
2133 2814
2753 2573
2241 2468
2775 2720
2679 2721
2076 2793
3029 2789
3105 2588
2330 2701
3048 2367
2919 2462
2122 2418
3331 1777
2892 2651
2690 2728
2098 2848
2387 2812
2680 2737
3061 2734
2490 2810
2120 2383
2739 2513
3073 2782
2020 2381
1868 2284
2772 2551
3027 2291
2688 2545
2688 2495
2635 2714
2999 2345
2232 2174
2926 2706
2855 2237
2374 2740
2323 2703
2808 2666
2109 2833
2324 2664
3027 2309
2175 2787
2661 2611
2024 2338
2400 2823
2735 2651
2757 2578
2640 2682
2265 2472
3031 2804
3041 2303
2411 2787
2482 2714
2453 2905
2876 2427
2074 2648
2637 2695
2266 2670
2619 2622
2791 2032
2796 2450
2147 2361
2207 2740
3325 1737
2449 2847
2455 2884
3075 2633
2799 2138
2185 2261
2646 2670
2806 2043
2103 2872
2448 2892
3024 2300
3013 2789
2695 2488
1868 2282
1911 2321
2504 2735
2820 2176
2071 2269
2141 2339
2772 2143
2735 2032
3069 2385
3928 914
1865 2324
2986 2132
2460 2743
2201 2418
3293 1737
2750 2731
2968 2332
2982 2331
2223 2463
2086 2654
3023 2357
3042 2342
2421 2866
3503 1753
2187 2686
2125 2403
2500 2717
2742 2139
3026 2187
2171 2812
2735 2123
2846 2098
2089 2874
3058 2364
2462 2878
2299 2707
2124 2613
2002 2373
2812 2214
2170 2790
2957 2539
2686 2498
3102 2578
3093 2501
3052 2811
2695 2523
2918 2724
1856 2340
3031 2231
2466 2750
2595 2688
2237 2694
2058 2419
2707 2528
2236 2699
2478 2746
2100 2372
2479 2841
2819 2136
2894 2452
2964 2314
2756 2591
2512 2711
2387 2695
2806 2661
2161 2584
2478 2748
2254 2684
2141 2351
2800 2558
2136 2602
3025 2237
2254 2767
3025 2204
2437 2711
2111 2273
3308 2050
2960 2125
2757 2145
2887 2836
3111 2605
2903 2395
3049 2493
3062 2779
2237 2471
2980 2622
2213 2709
2895 2104
2182 2783
2791 2578
2897 2395
2947 2422
3041 2163
1886 2339
2887 2442
2713 2703
2997 2571
2906 2451
2815 2447
2334 2696
2780 2166
3301 2048
2774 2179
2176 2734
2456 2701
3016 2294
2958 2555
3303 1801
2054 2687
2910 2501
2005 2344
2674 2735
3054 2315
2848 2396
3028 2382
2756 2739
2836 2038
2090 2309
2911 2709
2944 2534
3301 2069
2955 2117
2755 2749
3029 2818
2537 2759
2331 2740
2761 2059
2076 2650
2754 2035
2008 2337
1880 2339
2452 2953
2456 2666
2888 2747
2983 2135
1988 2335
1870 2361
2444 2749
3126 2524
1878 2315
1973 2372
2178 2720
2085 2284
2737 2666
2890 2099
3050 2361
3063 2296
2182 2788
2455 2698
2595 2710
2013 2347
2541 2634
2030 2362
2964 2142
2785 2428
2618 2689
2726 2116
2149 2690
2782 2074
2929 2402
2983 2353
2223 2688
2503 2745
1953 2332
2081 2863
3909 932
2222 2203
2203 2730
2425 2690
2133 2670
2423 2688
2634 2683
3083 2516
2946 2430
2435 2881
2150 2257
2161 2783
2930 2805
2128 2474
2081 2733
1910 2310
2591 2617
3035 2656
2133 2351
2910 2094
4041 1275
2550 2720
2266 2688
2798 2433
2617 2687
3079 2139
2645 2460
2907 2727
2206 2458
2165 2266
2154 2691
2635 2707
2806 2134
2733 2026
2132 2687
2697 2532
3067 2734
2514 2711
2668 2705
2800 2210
2203 2420
2392 2706
3072 2523
2961 2301
3059 2483
2157 2358
2079 2714
2059 2668
2122 2623
2999 2546
1861 2362
3053 2684
2456 2844
2008 2322
2758 2568
3903 914
1985 2338
2255 2692
3039 2204
2140 2434
2922 2530
2532 2770
2997 2144
2861 2652
3076 2689
2237 2689
2190 2741
2142 2260
3066 2765
2231 2751
3091 2620
2592 2680
2667 2557
2145 2357
3064 2433
2644 2647
3051 2642
2546 2642
2080 2778
2749 2714
3113 2506
3048 2647
3008 2185
2545 2724
2437 2844
2976 2630
2856 2414
2226 2403
2156 2283
2132 2877
2664 2703
2420 2740
2829 2223
2847 2098
2137 2601
2688 2730
3235 1781
2259 2477
2776 2049
2247 2206
2548 2762
2844 2092
2817 2036
2685 2725
2236 2729
2758 2540
2759 2570
2136 2600
3014 2666
2368 2707
2103 2280
3008 2258
3120 2625
2898 2659
2933 2386
2017 2760
2474 2818
2727 2710
3040 2304
2433 2719
2749 2710
3035 2335
3332 1760
2962 2568
2882 2822
2122 2417
1856 2342
2643 2581
2399 2721
2835 2385
2908 2480
2922 2735
2181 2740
2749 2597
2973 2223
2097 2614
2814 2608
3042 2292
3024 2382
2912 2737
2668 2466
2787 2427
2964 2327
2496 2813
3076 2510
2756 2814
2083 2414
2144 2679
2259 2471
2102 2306
2944 2535
2995 2591
3102 2558
2146 2432
2850 2383
3062 2294
2959 2301
2427 2724
2136 2590
2030 2308
2474 2934
2370 2709
2476 2864
2839 2038
2200 2408
2093 2276
2064 2331
3104 2590
2133 2445
2462 2969
3010 2295
2690 2538
2012 2263
1876 2318
2230 2748
2563 2560
2941 2364
3079 2685
2958 2403
2225 2463
2909 2434
2125 2614
3010 2217
1980 2317
2648 2658
1980 2326
2479 2837
2173 2814
2199 2418
3170 2535
3087 2469
2925 2441
2774 2503
3070 2692
2735 2122
2192 2829
2472 2767
2960 2549
2152 2451
2750 2599
2264 2681
3062 2374
2106 2470
1875 2335
2188 2675
2245 2476
2253 2713
3027 2401
2206 2237
2827 2594
2478 2834
1886 2326
2160 2437
3316 1802
2412 2802
3050 2812
2549 2707
3126 2495
2985 2134
2490 2748
2445 2941
2966 2364
2502 2711
2154 2252
2790 2576
4037 1258
2564 2665
2165 2802
2111 2816
1877 2326
2117 2412
2779 2021
1969 2274
2813 2035
2751 2059
3069 2789
2919 2798
2907 2803
3006 2182
2125 2610
2888 2828
2634 2629
2755 2065
2759 2162
1915 2316
3065 2109
2839 2087
2365 2725
3079 2747
2479 2834
2561 2715
2468 2871
2469 2921
3088 2622
2430 2699
3065 2714
2894 2400
2619 2625
1908 2331
2553 2669
2186 2255
2791 2461
2060 2752
3049 2357
2134 2591
4072 1267
2511 2781
2378 2706
2788 2443
3906 949
2939 2770
2912 2382
2075 2649
3336 2072
2566 2717
2775 2042
2875 2392
3120 2558
2931 2722
2721 2717
2845 2098
2008 2329
2477 2704
3298 1743
3082 2134
2416 2939
2982 2629
3309 2091
2075 2297
3095 2508
2638 2703
2808 2125
2568 2717
3093 2499
2119 2800
2012 2330
2747 2665
2775 2198
2257 2713
2199 2677
2796 2579
2759 2761
2524 2815
2235 2211
4040 1257
2037 2375
2591 2691
2809 2555
3033 2820
2420 2868
3017 2787
2081 2879
2772 2662
2476 2768
3151 2562
2992 2563
2829 2042
3061 2335
2757 2160
2873 2764
2027 2767
2744 2737
2148 2566
1943 2330
2813 2593
2016 2313
2857 2404
2024 2337
3061 2307
2431 2675
3081 2461
2382 2727
2827 2056
3039 2202
2798 2032
2353 2721
2653 2467
2747 2127
2819 2215
2820 2445
2474 2852
2750 2139
2439 2757
2522 2716
2535 2708
2193 2431
2360 2722
1875 2359
2834 2660
2556 2659
3057 2351
3068 2637
2959 2566
2204 2760
2422 2823
2913 2410
2490 2736
2100 2377
2253 2487
2822 2469
3023 2275
3013 2672
2927 2719
2356 2724
3089 2125
2757 2550
2159 2813
2880 2745
2574 2568
4042 1277
2785 2486
2478 2816
2990 2331
2757 2587
3044 2134
2650 2655
2813 2679
2910 2498
2210 2431
2430 2874
2838 2128
2390 2829
3026 2128
3030 2195
3075 2307
2157 2539
3029 2791
3084 2127
2765 2556
2189 2665
2508 2768
2438 2709
3070 2785
3439 1756
2225 2203
2071 2834
2128 2674
3052 2149
2308 2675
2414 2695
2750 2031
2644 2583
3294 1721
2836 2255
3029 2637
3333 1767
3093 2492
1980 2322
2665 2481
3298 1727
1870 2319
2540 2657
2814 2214
3082 2456
2116 2314
3037 2238
2185 2684
2653 2464
2756 2511
3055 2358
3296 2056
1910 2320
2923 2730
2101 2665
3280 1774
2737 2137
3025 2543
3084 2485
3022 2360
2112 2620
2697 2705
3014 2293
1961 2375
2681 2715
2745 2721
2452 2697
2757 2509
2415 2694
2258 2477
2117 2306
1947 2316
2819 2037
2886 2748
2824 2427
2798 2552
2173 2739
2426 2885
1917 2346
2424 2883
2148 2273
1998 2278
1992 2344
2762 2556
3106 2576
2614 2622
2106 2790
2102 2810
2908 2387
2167 2599
2948 2112
2124 2803
2938 2419
2089 2399
2076 2276
2097 2790
2168 2791
3029 2242
3079 2397
2851 2360
3095 2570
2452 2904
2165 2816
2115 2576
2064 2418
2776 2025
1866 2319
2953 2434
2206 2478
2245 2473
3316 1778
3130 2630
2475 2818
3919 942
4394 1468
2130 2610
2683 2552
3117 2545
2100 2309
2097 2622
2186 2263
1975 2328
2780 2029
2202 2427
2099 2870
2098 2327
3055 2312
2360 2710
2979 2593
2997 2273
2581 2672
3335 1750
2733 2116
2694 2485
4068 1241
3161 2502
2568 2561
2261 2723
2205 2737
2745 2714
3047 2492
2757 2159
2457 2974
2888 2830
2467 2925
2108 2864
3012 2231
2733 2103
2289 2685
3295 1725
2882 2423
3066 2495
2639 2665
2693 2538
2448 2914
2410 2784
2163 2270
2974 2239
3006 2672
2746 2517
2098 2617
2775 2019
2977 2131
2453 2952
2971 2352
3092 2612
3018 2521
3064 2694
2753 2027
2557 2600
2815 2664
3070 2635
3063 2625
2236 2727
2124 2715
1988 2283
2767 2149
2082 2314
2464 2917
2407 2828
3082 2680
3073 2398
2881 2109
3031 2825
2259 2671
2050 2775
3016 2288
2085 2791
2736 2043
3065 2340
1976 2325
3159 2576
3316 1743
2405 2832
2832 2083
2362 2722
2901 2773
2122 2461
2461 2937
3157 2517
2934 2385
2012 2337
2450 2845
2109 2376
2336 2677
2264 2686
2567 2573
2776 2022
2927 2117
2724 2118
2172 2734
2171 2421
2124 2616
2206 2207
3087 2624
2845 2232
2475 2855
2978 2576
2110 2860
2762 2796
2065 2849
2887 2761
3054 2791
2177 2755
2462 2849
2210 2757
2760 2038
2623 2691
1861 2314
2214 2434
2816 2213
3041 2376
2665 2692
2166 2606
3090 2483
2391 2822
2554 2724
2929 2375
2521 2822
1871 2356
2250 2753
2430 2694
3100 2510
3011 2664
2797 2602
2675 2562
3029 2382
2283 2685
3095 2571
3120 2538
2688 2641
2477 2868
1962 2369
2138 2343
3139 2634
2054 2723
2824 2210
2118 2390
3118 2628
2701 2534
2144 2261
2825 2174
2639 2625
2775 2136
2945 2482
2903 2095
2414 2890
4053 1274
2215 2544
2912 2118
1894 2330
2165 2786
2137 2432
2423 2659
2652 2448
2893 2745
2461 2978
2127 2348
2786 2066
2923 2428
2337 2676
3149 2519
2785 2673
3097 2625
2075 2790
1993 2362
2092 2306
3150 2575
3338 1762
2496 2739
2751 2035
3114 2571
2747 2673
2313 2715
3026 2282
3064 2114
2827 2248
2669 2713
2896 2107
2909 2727
2231 2185
2994 2345
2675 2615
3033 2821
2159 2483
2941 2545
2448 2668
3117 2628
2210 2475
2085 2870
2744 2597
2207 2535
2079 2393
2643 2710
1879 2306
2129 2853
3145 2566
3027 2188
2431 2877
2866 2436
2120 2805
2771 2519
3329 2070
3008 2554
2942 2110
1990 2334
2434 2747
2959 2480
2226 2525
2878 2425
2206 2678
2123 2297
2854 2357
2717 2717
2104 2282
2114 2862
3080 2524
2909 2478
4063 1230
2978 2603
2765 2149
2542 2655
2549 2762
2780 2151
1862 2342
2121 2823
2357 2728
2755 2548
3056 2316
2464 2958
3041 2675
2784 2582
2566 2597
2635 2607
3321 1758
2510 2709
3106 2562
2002 2325
2092 2646
3029 2312
2165 2256
3103 2576
3385 1902
3074 2391
2426 2741
2751 2495
3031 2311
2462 2725
3023 2273
3074 2519
2206 2387
2170 2718
2895 2376
3085 2733
2390 2830
2559 2608
2147 2287
3088 2140
2269 2696
2391 2804
3122 2495
2496 2728
2930 2736
3041 2792
2813 2197
3060 2110
2555 2669
3033 2660
2677 2722
2729 2102
3080 2140
2022 2305
3056 2681
2098 2619
3109 2548
2759 2529
2673 2482
3052 2799
2937 2770
2808 2438
2808 2591
2202 2713
2830 2101
2178 2268
2750 2124
2761 2665
3307 1783
2229 2401
2440 2670
2824 2601
3065 2716
2163 2723
2957 2553
2487 2803
2656 2605
3056 2342
1924 2310
2182 2687
2837 2054
2244 2534
2993 2557
3173 2521
3929 914
2841 2085
2255 2713
2752 2598
2097 2278
2738 2483
3016 2330
2735 2489
2443 2916
3150 2578
2239 2462
2162 2479
2439 2701
3128 2583
2508 2763
1990 2322
2164 2719
3061 2737
2077 2285
2952 2485
2788 2186
2790 2461
2112 2272
2765 2706
2044 2761
2837 2253
2548 2710
1951 2327
2915 2720
2098 2279
2781 2190
2213 2752
3322 2062
3011 2552
2579 2688
2642 2469
2870 2661
2108 2849
3435 1752
2843 2127
3031 2207
1909 2322
2905 2745
3002 2791
2912 2108
2171 2789
2671 2734
2942 2369
2110 2464
2447 2752
2204 2539
3018 2328
2425 2718
2554 2617
1974 2376
2454 2971
2491 2817
2749 2566
2750 2508
3130 2510
2638 2682
2689 2548
2170 2719
3057 2817
2967 2146
2655 2602
2440 2725
3082 2449
2551 2625
2868 2433
3074 2123
2186 2256
2203 2244
2481 2815
2077 2743
3900 933
2897 2674
2571 2709
2225 2200
2644 2466
3046 2381
2531 2768
2877 2392
3065 2500
2986 2128
2163 2586
2482 2856
2650 2603
2810 2447
2123 2449
2948 2538
2546 2649
2778 2440
2093 2311
2836 2216
2295 2697
3063 2340
2828 2211
2501 2919
3100 2559
2828 2674
2747 2484
2794 2128
2610 2609
2222 2528
2103 2650
2373 2711
3328 1740
2213 2496
2644 2671
2088 2616
2495 2719
2085 2639
3104 2557
2486 2827
1869 2326
2097 2639
2171 2817
2231 2391
2119 2656
2956 2131
2023 2296
2184 2591
3054 2359
2487 2736
2126 2303
2823 2138
2773 2664
2137 2264
2779 2034
2122 2874
3066 2433
2619 2623
2426 2834
3035 2212
2497 2734
2773 2030
3427 1771
2088 2397
3024 2796
3036 2311
2673 2474
2012 2250
2942 2558
2264 2468
2446 2696
2887 2397
3078 2122
2587 2611
2234 2479
2734 2736
3054 2763
2786 2501
2028 2397
2193 2468
3277 1776
2437 2705
2820 2201
3318 1773
3026 2320
3065 2624
2767 2208
3046 2144
2590 2686
2471 2730
2666 2570
3302 1791
2410 2897
2088 2876
2854 2055
3055 2434
3109 2639
4061 1274
2764 2531
3059 2367
2420 2896
2893 2741
2878 2402
3022 2789
3030 2378
2864 2662
3052 2743
1945 2319
3007 2788
2699 2534
2740 2022
2123 2391
3941 928
2758 2770
2704 2495
2157 2584
2879 2404
2070 2267
2197 2245
2971 2216
2242 2691
1966 2286
2491 2822
2780 2169
2129 2352
2242 2459
2778 2715
2424 2721
3090 2627
2919 2796
2414 2698
2169 2532
2757 2812
3028 2308
3335 2071
3073 2391
3117 2533
2899 2508
2323 2689
2777 2794
2748 2717
2672 2711
4066 1241
3053 2284
3033 2662
1880 2359
3906 939
2982 2142
2078 2719
2149 2332
2334 2758
3436 1750
2113 2658
2837 2141
2100 2650
3057 2811
2079 2351
2747 2714
2474 2858
2521 2815
2665 2610
2115 2673
2451 2876
2004 2331
2821 2414
3066 2759
2653 2592
1931 2322
2677 2561
2690 2548
2218 2515
2158 2250
2642 2476
2491 2852
4060 1237
2088 2831
2986 2594
2034 2335
2453 2844
2976 2603
2228 2469
3084 2789
3009 2251
2394 2814
2930 2445
2888 2400
2587 2557
2110 2816
2469 2663
3424 1771
2914 2112
2976 2232
2751 2506
2886 2826
2659 2610
2412 2721
1874 2305
2097 2792
3884 924
2742 2697
2439 2754
2222 2688
3060 2485
2491 2816
2457 2937
2648 2453
2890 2771
2104 2646
2326 2702
2530 2804
2946 2498
2941 2769
2202 2411
2100 2621
3000 2551
2918 2796
2264 2699
2915 2735
2631 2447
2739 2668
2826 2424
2746 2676
2017 2296
3296 2058
1962 2363
3041 2803
2455 2904
2602 2708
2118 2311
2870 2398
2815 2141
2794 2549
2131 2439
3069 2643
2525 2709
3078 2430
2919 2113
2971 2353
2847 2125
2171 2424
2798 2457
2600 2600
2203 2385
2911 2093
1946 2317
2201 2520
2548 2765
2790 2126
2980 2568
2861 2403
2479 2711
2107 2864
2228 2404
2879 2121
3017 2308
2875 2098
2179 2706
2554 2668
2812 2177
2116 2422
2940 2380
3075 2494
3173 2035
2872 2131
2383 2806
3153 2564
2159 2251
2522 2769
3303 2064
1980 2327
1870 2303
3124 2508
2199 2419
1871 2306
2232 2178
2185 2762
2940 2414
2239 2717
2110 2613
2214 2200
2696 2536
3069 2757
3044 2383
2592 2607
2443 2918
3016 2296
2450 2668
2549 2634
1871 2345
2418 2893
2108 2850
2484 2926
2434 2877
2469 2763
2367 2700
2209 2197
2659 2611
2028 2381
2427 2684
2146 2690
3318 1735
2934 2778
3079 2431
3041 2642
2209 2238
3088 2512
2762 2639
2178 2601
3055 2791
3030 2328
2822 2606
2452 2901
2954 2114
2473 2746
3325 2052
2762 2795
2762 2143
3046 2796
2095 2346
1988 2316
2766 2504
2566 2569
2855 2104
2823 2636
3068 2383
2797 2426
2918 2804
2077 2728
3057 2783
3322 2073
3337 1759
3000 2272
2106 2823
3915 943
2485 2710
2092 2623
2139 2282
2759 2164
2894 2819
3329 1781
2172 2736
2981 2622
2212 2465
2184 2824
2734 2033
2152 2557
2876 2411
3006 2554
2991 2137
3312 2051
3283 1781
2117 2620
3038 2232
2124 2603
3331 1747
2197 2394
3066 2443
2615 2689
3046 2135
2024 2369
2490 2722
2120 2637
2420 2941
2143 2284
2776 2806
2752 2146
2126 2591
2077 2282
2871 2399
2449 2889
2663 2707
3314 1740
2484 2919
2036 2322
2938 2137
2423 2720
2757 2814
3030 2821
3063 2795
2785 2178
3942 915
2763 2709
2815 2681
2284 2683
2106 2430
2325 2667
2567 2580
2973 2623
2814 2606
2236 2171
2051 2764
2967 2331
2184 2732
2015 2356
2731 2103
2444 2838
3061 2736
3043 2295
2067 2302
2853 2045
2796 2669
2917 2737
2154 2430
2943 2554
2915 2717
3161 2560
2200 2534
3102 2511
2811 2039
3026 2528
2222 2686
2472 2770
3298 2061
2522 2809
2688 2709
2171 2806
2023 2341
2835 2050
2952 2539
2300 2708
2436 2705
3310 1786
2654 2605
2172 2707
2909 2729
2112 2800
3033 2163
3021 2129
2448 2837
2840 2094
2243 2528
2122 2621
2656 2594
2637 2640
2031 2687
2220 2530
2750 2602
2052 2411
2157 2359
2186 2827
3008 2128
2174 2821
2033 2312
2183 2789
2830 2045
2447 2665
3292 1723
2166 2801
2942 2138
2833 2101
2835 2134
2858 2237
2011 2293
2450 2695
1941 2325
2423 2748
2910 2404
2034 2314
2509 2713
1877 2319
2128 2366
2423 2746
2452 2745
2954 2434
2063 2882
2461 2746
2385 2693
2885 2103
2855 2025
2466 2872
2074 2297
2776 2133
2823 2486
2484 2813
2927 2466
2992 2555
2471 2868
2215 2493
2167 2816
2691 2708
2011 2351
2997 2270
2952 2441
2644 2645
3148 2646
3030 2805
2163 2261
2416 2938
2110 2628
2778 2475
2958 2552
2882 2656
2388 2708
2867 2106
2920 2418
2804 2666
2873 2659
2925 2745
2971 2621
3030 2223
2893 2769
2399 2802
2757 2507
2074 2395
2096 2621
2796 2020
2964 2308
2204 2761
2463 2666
2821 2474
2913 2129
3071 2779
2893 2750
2505 2792
2751 2697
2029 2269
2941 2774
2774 2656
2164 2439
2738 2651
2030 2374
2091 2830
2140 2341
2007 2374
2422 2721
3076 2792
2742 2738
2462 2958
2028 2311
3105 2549
2439 2943
3124 2636
3081 2141
2179 2684
3067 2346
2410 2873
2646 2642
3306 1799
2745 2480
2591 2602
2752 2144
3910 938
2939 2769
2966 2325
2830 2072
2828 2104
2840 2091
2469 2858
2905 2509
2123 2284
2923 2469
2907 2513
2140 2669
3035 2675
2123 2626
2165 2806
2741 2100
2260 2721
2100 2328
2438 2758
3172 2494
2469 2768
2460 2891
3032 2830
3042 2339
1956 2292
2956 2476
2818 2693
2873 2107
2206 2761
2342 2692
2196 2741
2091 2345
2106 2840
2027 2381
3010 2219
2091 2308
3039 2296
2214 2526
2858 2024
3110 2603
3095 2490
3274 1940
2007 2265
3092 2507
3060 2791
2741 2155
2213 2466
2025 2324
3435 1756
2457 2764
2877 2419
3111 2538
2675 2693
3276 1944
2814 2196
3051 2344
2088 2878
3036 2345
2647 2677
2157 2812
2809 2041
3085 2732
2774 2659
2097 2334
2099 2871
2649 2606
2242 2534
3035 2641
2873 2390
2602 2612
2654 2572
3127 2519
2132 2873
3025 2330
2803 2203
2916 2701
2087 2870
2762 2819
2098 2714
2557 2616
2587 2617
2786 2168
3073 2477
2939 2528
2931 2493
2991 2270
2795 2021
2810 2211
2663 2563
2672 2607
2792 2433
2976 2354
2033 2751
2036 2395
2512 2778
2619 2674
2040 2403
2969 2624
2732 2505
2075 2850
3304 1721
2744 2697
3062 2338
3093 2491
1987 2331
2119 2281
2923 2529
3033 2207
3037 2648
1965 2367
2800 2138
3337 1748
3079 2132
3159 2517
2123 2801
2538 2614
3038 2203
3327 2052
3118 2514
3086 2506
2243 2748
2823 2049
4065 1241
2485 2849
3092 2703
1994 2285
2083 2295
2913 2115
2753 2542
2099 2614
2959 2293
3026 2391
2741 2721
2043 2317
2046 2307
2992 2363
2745 2137
3066 2124
2849 2105
2811 2608
2773 2522
2322 2691
2119 2301
3077 2138
3083 2794
3055 2359
1955 2291
2205 2736
2670 2698
1870 2305
2480 2918
2844 2378
3035 2324
2832 2408
3083 2490
3060 2801
2777 2021
1957 2314
2408 2831
3016 2542
2148 2278
2973 2620
2160 2450
2321 2674
3076 2497
3279 1795
2199 2752
3098 2122
2995 2571
2957 2130
2446 2772
2361 2717
2800 2605
3043 2795
2579 2701
2922 2482
3117 2622
2821 2175
2014 2324
3062 2304
2640 2676
3155 2565
2145 2465
2995 2596
3049 2489
2892 2750
2444 2718
2831 2094
3030 2242
2444 2696
3112 2540
2513 2804
2196 2486
2752 2718
2109 2277
2672 2553
2730 2123
2508 2769
2111 2616
2913 2743
1902 2324
3052 2639
2757 2534
3327 1737
3313 1739
2497 2846
2122 2390
3431 1756
2421 2942
2214 2433
3086 2623
2839 2125
2501 2778
2527 2751
2549 2638
2236 2472
2419 2890
2462 2848
2008 2332
2199 2543
2453 2895
2853 2649
2127 2809
3061 2794
2752 2026
3113 2640
2239 2697
3235 1774
3115 2578
2059 2693
2768 2548
3057 2641
3025 2290
2188 2727
3125 2592
2757 2532
2953 2491
2648 2454
2750 2601
2287 2685
3018 2524
2015 2345
2089 2646
3018 2361
2227 2197
3117 2632
2640 2478
2964 2574
2755 2586
2789 2489
3330 1758
2365 2718
2776 2794
2111 2858
2503 2770
2749 2026
3062 2306
3335 1771
2980 2197
2431 2746
3165 2517
2361 2722
2033 2313
2950 2505
3058 2640
2776 2132
2087 2646
2477 2727
2853 2026
2870 2135
2085 2792
2780 2006
2063 2278
2535 2640
2410 2868
3056 2683
2063 2333
2211 2764
1864 2361
2834 2079
2036 2375
3054 2113
2002 2324
2183 2738
3315 1798
3025 2323
2827 2140
2173 2735
2681 2716
2748 2516
2557 2566
2059 2411
3029 2543
2089 2621
2187 2685
2214 2749
2037 2335
2068 2717
4041 1271
2167 2721
2909 2101
2057 2716
3913 942
3173 2498
2769 2212
2156 2271
2958 2559
2805 2197
3900 934
2729 2105
2641 2659
2101 2362
3329 1760
3907 937
2816 2613
2249 2753
2435 2666
2119 2465
2089 2410
2103 2656
2443 2894
2166 2440
2921 2426
2371 2695
2472 2920
3061 2767
2183 2783
2305 2671
2834 2104
2470 2962
2408 2892
1948 2328
3013 2272
2487 2849
2893 2775
2640 2705
2487 2850
2452 2696
2822 2065
4394 1469
2901 2679
2182 2431
2500 2845
3084 2787
2828 2249
2388 2828
2106 2613
3073 2489
2862 2404
2222 2468
2057 2684
1969 2339
2228 2764
3274 1887
2795 2454
2140 2600
3078 2495
2440 2888
3273 1735
2965 2362
2845 2389
2495 2853
1872 2342
2986 2604
2893 2818
2828 2222
2313 2700
2379 2794
2238 2177
3323 1734
2581 2683
3936 931
2302 2698
2844 2644
3059 2318
2990 2625
3134 2525
3052 2355
3025 2794
3065 2703
2663 2703
2044 2694
3257 1768
1965 2290
2351 2719
2929 2446
2643 2644
3038 2135
3066 2737
3063 2489
1961 2287
2204 2736
2876 2394
2807 2482
2541 2615
1995 2341
2689 2550
3044 2147
2091 2650
2757 2816
2116 2725
2442 2769
2749 2680
2056 2764
2728 2096
3325 2084
2907 2414
3056 2348
2967 2224
2141 2341
2307 2673
2783 2546
2421 2952
1913 2338
2915 2732
2382 2687
2178 2265
3420 1770
2836 2402
2902 2775
3062 2345
2182 2675
2792 2577
2590 2712
2765 2517
2948 2125
2649 2707
2108 2641
2175 2738
2559 2629
2852 2051
2930 2803
2954 2562
2642 2619
2052 2728
1938 2315
2779 2661
2478 2822
2276 2684
3112 2571
2459 2880
3121 2500
2099 2715
2591 2700
2881 2421
2184 2827
3029 2369
2535 2728
1866 2349
2547 2712
2135 2589
3011 2334
2071 2874
2938 2130
2903 2446
2178 2431
2883 2759
2021 2333
2127 2443
2421 2726
2588 2687
2101 2369
2132 2672
2208 2197
2833 2133
2071 2287
2462 2973
2640 2473
2691 2495
2939 2526
2511 2751
3064 2691
2108 2466
2895 2668
2206 2736
2704 2500
2887 2092
3019 2675
3009 2252
2018 2757
2027 2328
3282 1767
2563 2652
2134 2442
2456 2762
3121 2606
2924 2530
3052 2361
3111 2614
2924 2801
2093 2428
2094 2345
2735 2108
3058 2700
1972 2313
2947 2293
2848 2037
2833 2118
2264 2470
3321 2056
2800 2667
2836 2259
2107 2772
2207 2472
2852 2052
2474 2746
2447 2753
2084 2350
2487 2770
2454 2941
2375 2741
2457 2896
3078 2433
2800 2559
2286 2685
2839 2098
2225 2186
2554 2630
2777 2513
2201 2760
2183 2683
2314 2708
2766 2665
2726 2710
2768 2658
2162 2247
2981 2198
2501 2736
2757 2506
1911 2348
2777 2134
3068 2505
3043 2655
2196 2742
1860 2314
2604 2616
2683 2555
3091 2493
3048 2795
3067 2508
2505 2754
2940 2134
3289 1738
2495 2852
2840 2096
2051 2417
2743 2142
3064 2770
2121 2855
2463 2942
2043 2326
2184 2454
2198 2708
2568 2666
2080 2306
2181 2737
3275 1759
2562 2588
2757 2758
2870 2107
2446 2839
2792 2454
2201 2397
2247 2738
2888 2768
2845 2013
2022 2391
2175 2534
2609 2679
2815 2111
2084 2826
2466 2873
2547 2667
2189 2430
2683 2721
2206 2470
2798 2031
2989 2626
3078 2431
2061 2283
2439 2838
2942 2108
3056 2317
2826 2054
3030 2634
3037 2322
2863 2662
3302 1739
2888 2089
2983 2610
3329 1782
3310 1790
2107 2808
2214 2741
2105 2836
2860 2402
2792 2165
3017 2284
3012 2347
2180 2781
2672 2614
1903 2321
2752 2067
2865 2664
2410 2900
2740 2722
3310 2094
3030 2350
2867 2136
2806 2457
3029 2794
2897 2678
2235 2700
2236 2703
2649 2678
3120 2504
2103 2790
3505 1754
2825 2650
1851 2364
2871 2746
1954 2370
2939 2509
2823 2211
2834 2077
2192 2743
2761 2517
3035 2191
2237 2208
2118 2797
2883 2422
3318 1739
3063 2740
2825 2100
2875 2390
3104 2556
2141 2434
3033 2637
2679 2551
2516 2767
3011 2254
3069 2710
2239 2212
2206 2435
2210 2527
2115 2860
2127 2717
2822 2616
2677 2557
3073 2486
2486 2713
2121 2296
2993 2339
2832 2254
3087 2479
3038 2333
1918 2347
2849 2389
3919 918
2156 2481
2498 2723
3029 2221
2162 2792
2932 2530
2130 2636
2180 2685
2779 2800
2789 2029
2040 2333
3109 2641
2819 2627
3089 2622
2853 2668
1983 2366
2840 2013
2821 2075
2747 2677
2794 2158
2162 2593
2163 2796
2805 2041
3056 2484
2163 2722
2477 2934
2439 2718
3021 2303
3067 2713
2799 2424
2190 2683
2134 2445
3025 2541
2748 2695
3052 2359
2583 2664
3077 2518
2589 2683
2555 2616
3070 2312
2442 2680
2694 2506
3055 2238
2752 2494
2502 2811
2571 2664
3079 2499
3141 2638
2466 2848
3050 2291
2889 2098
3892 939
2775 2142
2771 2137
2447 2667
3155 2580
3055 2349
3035 2816
2939 2739
2458 2751
2748 2515
2366 2721
2259 2724
2306 2667
3312 1784
2223 2689
3043 2292
3048 2366
2188 2739
2874 2135
2510 2754
2872 2756
2138 2453
3112 2601
2947 2415
2488 2828
3056 2483
3008 2255
2423 2870
2803 2549
2626 2618
3115 2623
2794 2044
2547 2648
2023 2768
2472 2755
2055 2333
4071 1268
2783 2435
2018 2364
2916 2747
2238 2529
3050 2362
2470 2864
2777 2005
2836 2110
2096 2622
2649 2467
2096 2384
3301 1792
2246 2476
3114 2503
2965 2309
2199 2708
3063 2777
2757 2058
3062 2756
3305 2050
2187 2829
2908 2464
3089 2791
2792 2032
3425 1757
2035 2386
3040 2232
3016 2225
2198 2741
2779 2568
2939 2539
3109 2550
1996 2370
2799 2205
3083 2147
2280 2673
2119 2664
2792 2580
3020 2274
3037 2374
2441 2762
3909 934
2438 2721
3029 2295
2483 2855
2942 2100
2131 2669
2166 2704
2389 2690
2781 2484
2808 2454
2521 2800
1876 2354
2209 2740
2419 2694
3094 2613
2947 2538
3091 2615
2761 2814
2187 2733
2113 2863
2497 2702
2856 2409
2313 2680
2639 2452
2894 2099
2781 2469
2775 2027
2991 2593
2438 2751
2815 2177
3081 2494
2299 2700
2498 2761
2775 2030
2245 2475
2940 2503
2644 2459
2958 2120
2466 2877
1894 2331
2129 2425
2189 2673
2094 2334
1927 2326
3066 2119
2691 2715
2211 2520
3040 2146
3041 2146
3039 2146
2785 2573
3039 2147
2477 2726
2752 2677
3038 2147
3082 2522
3037 2147
1982 2323
3036 2147
2935 2403
2792 2023
3035 2147
2107 2724
2624 2627
2482 2737
2381 2801
2117 2429
2671 2464
2185 2449
3069 2642
2755 2741
3061 2485
2145 2562
2105 2839
2791 2467
2492 2798
2936 2414
3032 2147
3031 2147
3032 2146
3031 2148
3030 2148
3029 2148
3029 2149
3029 2150
3028 2150
3029 2151
3028 2151
3030 2151
3027 2151
3031 2151
3030 2152
3026 2151
3031 2152
3025 2151
3026 2150
3025 2152
3025 2150
3026 2149
3024 2152
3025 2153
3025 2149
3026 2148
3026 2153
3025 2148
3026 2147
3026 2154
3024 2148
3025 2147
3026 2146
3026 2155
3023 2148
3027 2146
3026 2145
3026 2156
3025 2145
3026 2144
3027 2156
3026 2157
3026 2143
3026 2158
3025 2143
3026 2142
3025 2158
3026 2159
3027 2142
3026 2141
3024 2158
3027 2159
3302 1747
3025 2141
3023 2158
3024 2157
3028 2159
3027 2160
3024 2141
3025 2140
3022 2158
3023 2159
3024 2156
3029 2159
3028 2160
3023 2141
3024 2140
3021 2158
3022 2159
3023 2160
3023 2156
3024 2155
3029 2160
3028 2161
3023 2142
3023 2140
3024 2139
3020 2158
3022 2160
3022 2156
3030 2160
3028 2162
3022 2140
3024 2138
3020 2159
3022 2161
3021 2156
3031 2160
3028 2163
3022 2139
3025 2138
3023 2138
3022 2162
3021 2155
3032 2160
3028 2164
3026 2138
3025 2137
3023 2137
3021 2162
3021 2154
3033 2160
3027 2164
3026 2139
3021 2163
3022 2154
3020 2154
3033 2159
3021 2164
3023 2154
3034 2159
3022 2164
3021 2165
3034 2158
3021 2166
2777 2171
3020 2166
2754 2687
3019 2166
3020 2167
3038 2805
3019 2167
3019 2165
3020 2168
2758 2681
3018 2165
3020 2169
2744 2689
3017 2165
3020 2170
2748 2687
2449 2668
3016 2165
3017 2166
3021 2170
3019 2170
2961 2433
3031 2238
3015 2165
3019 2171
4066 1232
2392 2812
3014 2165
3018 2171
3019 2172
2840 2104
2840 2092
3000 2575
3013 2165
3014 2164
3020 2172
3019 2173
3032 2237
2100 2617
2750 2690
2751 2690
3012 2165
3013 2164
3014 2163
3021 2172
2893 2086
2562 2664
2540 2651
2749 2690
2858 2109
3012 2166
3012 2164
3015 2163
3022 2172
2765 2516
2432 2715
2893 2083
3011 2166
3012 2163
3015 2162
3023 2172
3022 2171
2855 2108
3076 2424
2117 2598
2103 2625
3010 2166
3012 2162
3015 2161
3023 2173
2219 2440
2078 2786
3009 2166
3012 2161
3015 2160
3024 2173
2855 2107
3009 2167
3009 2165
3012 2160
3014 2160
3015 2159
3009 2168
3012 2159
3015 2158
3010 2168
3009 2169
3011 2159
3016 2158
3009 2170
3010 2170
3008 2170
3011 2170
3007 2170
3007 2171
3007 2169
3007 2172
3006 2169
3006 2172
3007 2173
3005 2169
3005 2172
3007 2174
3005 2168
3004 2172
3005 2167
3004 2173
3004 2167
3005 2166
3003 2173
3003 2167
3003 2174
3003 2168
3002 2174
3003 2175
3002 2168
3003 2169
3001 2174
3002 2175
3004 2175
3001 2168
3000 2174
3002 2176
3004 2176
3001 2169
3001 2167
3000 2173
2999 2173
2998 2173
2997 2173
2996 2173
2997 2174
2996 2174
2996 2172
2995 2174
2996 2175
2996 2171
2996 2176
2997 2171
2995 2171
2995 2176
2996 2177
2994 2171
2995 2177
2994 2170
2994 2177
2995 2178
2993 2177
2992 2177
2992 2178
2992 2176
2991 2178
2991 2176
2991 2179
2990 2176
2989 2176
2989 2177
2988 2177
2989 2178
2987 2177
2986 2177
2987 2178
2987 2176
2985 2177
2986 2178
2986 2176
2986 2179
2986 2175
2986 2180
2985 2175
2987 2180
2984 2175
2985 2174
2983 2175
2984 2176
2984 2174
2983 2176
2752 2546
2982 2176
2981 2176
2982 2177
2980 2176
2982 2178
2980 2177
2980 2175
2982 2179
2980 2174
2981 2179
2979 2174
2980 2179
2981 2180
2978 2174
2978 2175
2977 2175
2977 2176
2976 2176
2975 2176
2976 2177
2975 2177
2974 2177
2974 2178
2973 2178
2974 2179
2972 2178
2974 2180
2971 2178
2972 2179
2972 2177
2123 2283
2973 2180
2970 2178
2972 2176
2422 2750
2973 2181
2969 2178
2972 2175
3426 1756
2973 2182
2968 2178
2973 2175
2972 2174
2799 2607
2974 2182
2972 2182
2968 2177
2974 2175
2973 2174
2971 2174
2975 2182
2967 2177
2974 2174
2970 2174
2975 2183
2967 2176
2970 2175
2975 2184
2976 2184
2975 2185
2977 2184
2975 2186
2978 2184
2976 2186
2979 2184
2978 2183
2977 2186
2978 2186
2979 2186
2978 2187
2978 2188
2978 2189
2979 2189
2980 2189
2979 2190
2981 2189
2982 2189
2983 2189
2984 2189
2984 2190
2984 2188
2985 2190
2984 2191
2985 2188
2984 2187
2985 2191
2983 2191
2986 2188
2985 2187
2984 2186
2986 2191
2987 2188
2984 2185
2987 2191
2988 2188
2987 2187
2988 2191
2989 2188
2987 2186
2989 2189
2989 2187
2987 2185
2990 2189
2988 2185
2986 2185
2991 2189
3032 2329
2986 2184
2992 2189
2986 2183
2992 2190
2992 2191
2991 2191
2990 2191
2991 2192
2991 2193
2992 2193
2990 2193
2989 2193
2989 2194
2989 2192
2989 2195
2989 2196
2990 2196
2989 2197
2988 2197
2989 2198
2987 2197
2988 2198
2990 2198
2987 2196
2988 2199
2991 2198
2926 2728
2986 2196
2987 2199
2988 2200
2991 2199
2985 2196
2986 2199
2987 2200
2989 2200
2992 2199
2984 2196
2985 2197
2986 2200
2989 2201
2993 2199
2983 2196
2985 2198
2986 2201
2994 2199
2993 2200
2982 2196
2983 2197
2983 2195
2984 2198
2986 2202
2982 2197
2987 2202
2986 2203
2986 2204
2985 2204
2986 2205
2984 2204
2986 2206
2983 2204
2984 2205
2985 2206
2986 2207
2983 2205
2987 2207
2986 2208
2988 2207
2985 2208
2989 2207
2988 2208
2990 2207
2989 2206
2988 2209
2991 2207
2988 2210
2992 2207
3060 2800
2988 2211
2993 2207
2987 2211
2993 2206
2987 2212
2994 2206
2694 2550
2987 2213
2995 2206
2986 2213
2987 2214
2995 2207
2995 2205
2985 2213
2987 2215
2995 2208
2984 2213
2988 2215
2987 2216
2996 2208
2983 2213
2988 2216
2997 2208
2996 2209
2983 2212
2989 2216
2998 2208
2996 2210
2983 2211
2989 2217
2999 2208
2998 2209
2996 2211
2983 2210
2989 2218
3000 2208
2998 2210
2996 2212
2984 2210
2982 2210
2989 2219
3001 2208
3000 2209
2995 2212
2985 2210
2981 2210
2988 2219
3001 2209
3001 2207
2994 2212
2995 2213
2981 2211
2981 2209
2988 2220
3001 2210
3002 2207
2993 2212
2994 2211
2987 2220
2988 2221
3002 2210
3002 2206
2986 2220
3003 2210
3002 2211
3002 2205
2985 2220
2986 2219
3004 2210
3002 2212
3002 2204
2984 2220
2985 2219
3005 2210
3002 2213
3003 2204
2983 2220
2985 2218
3006 2210
3005 2209
3001 2213
3002 2214
3004 2204
3003 2203
2982 2220
2983 2221
2983 2219
2984 2218
2985 2217
3007 2210
3003 2214
3002 2215
3005 2204
2981 2220
2986 2217
3008 2210
3001 2215
3005 2203
2980 2220
3009 2210
3008 2211
3008 2209
3001 2216
3006 2203
3005 2202
2979 2220
2980 2221
3010 2210
3009 2211
3008 2212
3008 2208
3000 2216
3005 2201
2980 2222
3011 2210
3010 2209
3007 2212
3008 2213
3007 2208
3005 2200
2979 2222
3011 2211
3010 2208
3006 2212
3007 2213
3009 2213
3007 2207
3006 2200
3004 2200
2978 2222
3012 2211
3005 2212
3009 2214
3006 2207
3007 2206
3003 2200
3004 2199
2978 2223
3010 2214
3009 2215
3003 2199
3004 2198
2977 2223
2978 2224
3010 2215
3009 2216
3091 2113
3091 2112
3092 2112
3091 2111
3092 2111
3091 2110
3093 2111
3090 2110
3094 2111
3093 2110
3090 2109
3093 2109
3090 2108
3094 2109
3092 2109
3089 2108
3095 2109
3092 2108
3088 2108
3089 2107
3095 2110
3095 2108
3088 2107
3089 2106
3095 2107
3088 2106
3090 2106
3095 2106
3087 2106
3090 2105
3095 2105
3087 2105
3096 2105
3095 2104
3086 2105
3096 2104
3086 2104
3097 2104
3086 2103
3098 2104
3086 2102
3099 2104
3098 2103
3087 2102
3086 2101
3099 2105
3098 2102
3087 2101
3099 2102
3097 2102
3087 2100
3096 2102
3088 2100
3096 2101
3089 2100
3088 2099
3090 2100
3090 2101
3090 2099
3091 2101
3091 2099
3090 2098
3092 2101
3091 2102
3092 2099
3090 2097
3092 2102
3092 2098
3093 2098
3092 2097
3093 2097
3094 2097
3095 2097
3095 2096
3096 2096
3095 2095
3094 2095
3094 2094
3093 2094
3094 2093
3094 2092
3093 2092
3094 2091
3092 2092
3095 2091
3094 2090
3092 2091
3096 2091
3094 2089
3091 2091
3092 2090
3096 2090
3094 2088
3090 2091
3096 2089
3095 2088
3093 2088
3089 2091
3097 2089
3093 2087
3089 2090
3098 2089
3089 2089
3098 2090
3098 2088
3090 2089
3088 2089
3098 2091
3098 2087
3091 2089
3087 2089
3088 2088
3099 2091
3098 2086
3091 2088
3086 2089
3087 2088
3088 2087
3100 2091
3099 2092
3098 2085
3086 2090
3087 2087
3101 2091
3098 2084
3085 2090
3086 2087
3102 2091
3097 2084
3085 2091
3085 2087
3102 2092
3102 2090
3096 2084
3084 2091
3085 2092
3102 2093
3103 2090
3095 2084
3096 2083
3083 2091
3085 2093
3103 2093
3103 2089
3096 2082
3082 2091
3086 2093
3084 2093
3104 2093
3103 2094
3103 2088
3095 2082
3082 2090
3084 2094
3105 2093
3104 2094
3103 2095
3102 2088
3103 2087
3094 2082
3095 2081
3081 2090
3082 2089
3083 2094
3106 2093
3102 2095
3103 2096
3103 2086
3081 2089
3082 2088
3083 2095
3107 2093
3106 2094
3104 2096
3103 2085
3080 2089
3082 2087
3082 2095
3108 2093
3104 2097
3102 2085
3103 2084
3079 2089
3083 2087
3081 2095
3082 2096
3109 2093
3108 2094
3105 2097
3104 2098
3102 2084
3104 2084
3079 2090
3079 2088
3083 2086
3080 2095
3081 2096
3082 2097
3110 2093
3104 2099
3101 2084
3102 2083
3079 2091
3078 2088
3079 2087
3080 2094
3083 2097
3111 2093
3105 2099
3104 2100
3102 2082
3078 2091
3079 2092
3079 2086
3080 2093
3083 2098
3112 2093
3111 2092
3106 2099
3103 2100
3104 2101
3102 2081
3077 2091
3078 2092
3080 2092
3079 2093
3080 2086
3078 2086
3083 2099
3112 2094
3111 2091
3106 2100
3103 2101
3102 2080
3077 2090
3078 2085
3084 2099
3083 2100
3113 2094
3103 2102
3101 2080
3102 2079
3076 2090
3077 2089
3078 2084
3113 2095
3103 2103
3100 2080
3103 2079
3102 2078
3075 2090
3079 2084
3113 2096
3104 2103
3099 2080
3104 2079
3074 2090
3079 2083
3114 2096
3112 2096
3104 2104
3105 2079
3073 2090
3074 2091
3080 2083
3079 2082
3115 2096
3111 2096
3104 2105
3105 2080
3105 2078
3072 2090
3080 2082
3078 2082
3116 2096
3110 2096
3105 2105
3104 2106
3106 2080
3105 2077
3072 2089
3080 2081
3077 2082
3116 2097
3116 2095
3110 2097
3106 2105
3103 2106
3107 2080
3105 2076
3071 2089
3080 2080
3076 2082
3077 2083
3117 2097
3116 2098
3116 2094
3107 2105
3103 2107
3107 2081
3107 2079
3104 2076
3070 2089
3080 2079
3075 2082
3076 2083
3117 2098
3115 2098
3117 2094
3107 2106
3107 2082
3107 2078
3103 2076
3069 2089
3070 2090
3079 2079
3080 2078
3074 2082
3075 2081
3117 2099
3117 2093
3108 2106
3107 2083
3108 2078
3068 2089
3079 2078
3080 2077
3073 2082
3075 2080
3117 2100
3109 2106
3106 2083
3109 2078
3067 2089
3081 2077
3073 2083
3076 2080
3075 2079
3116 2100
3117 2101
3110 2106
3109 2107
3105 2083
3109 2079
3109 2077
3081 2076
3072 2083
3115 2100
3116 2101
3117 2102
3111 2106
3110 2079
3082 2076
3071 2083
3072 2084
3114 2100
3116 2102
3112 2106
3111 2079
3110 2080
3083 2076
3070 2083
3071 2082
3115 2102
3116 2103
3113 2106
3112 2079
3110 2081
3084 2076
3069 2083
3070 2082
3071 2081
3114 2102
3116 2104
3113 2105
3112 2080
3110 2082
3071 2080
3117 2104
3113 2104
3113 2080
3110 2083
3072 2080
3071 2079
3118 2104
3114 2080
3111 2083
3072 2079
3071 2078
3118 2105
3115 2080
3114 2079
3073 2079
3072 2078
3070 2078
3118 2106
3116 2080
3115 2081
3114 2078
3072 2077
3069 2078
3119 2106
3117 2106
3118 2107
3115 2082
3115 2078
3114 2077
3072 2076
3068 2078
3069 2079
3119 2107
3118 2108
3116 2082
3113 2077
3114 2076
3069 2080
3120 2107
3117 2108
3118 2109
3117 2082
3112 2077
3114 2075
3069 2081
3121 2107
3116 2108
3118 2082
3112 2076
3115 2075
3122 2107
3121 2108
3115 2108
3116 2107
3111 2076
3112 2075
3116 2075
3122 2106
3114 2108
3117 2075
3116 2074
3113 2108
3116 2073
3113 2109
3116 2072
3112 2109
3113 2110
3116 2071
3112 2110
3114 2110
3117 2071
3116 2070
3111 2110
3118 2071
3116 2069
3110 2110
3119 2071
3115 2069
3116 2068
3109 2110
3119 2070
3114 2069
3117 2068
3108 2110
3120 2070
3113 2069
3117 2067
3107 2110
3121 2070
3113 2070
3117 2066
3107 2111
3121 2071
3121 2069
3112 2070
3118 2066
3116 2066
3106 2111
3121 2072
3122 2069
3116 2065
3105 2111
3106 2112
2837 2234
3116 2064
3105 2110
2498 2729
3117 2064
3115 2064
2475 2660
3117 2063
3114 2064
3115 2063
2232 2690
3117 2062
3113 2064
3118 2062
3117 2061
3112 2064
3119 2062
3117 2060
3112 2065
3119 2061
3117 2059
3112 2066
3120 2061
3119 2060
3116 2059
3111 2066
3120 2060
3119 2059
3115 2059
3116 2058
3110 2066
3119 2058
3114 2059
3116 2057
3109 2066
3110 2065
3113 2059
3114 2060
3117 2057
3115 2057
3109 2067
3110 2064
3112 2059
3117 2056
3115 2056
3109 2068
3109 2064
3112 2058
3118 2056
3110 2068
3108 2068
3108 2064
3109 2063
3111 2058
3119 2056
3118 2055
3107 2068
3108 2065
3110 2058
3120 2056
3107 2069
3107 2067
3110 2057
3121 2056
3120 2057
3106 2069
3106 2067
3109 2057
3110 2056
3121 2057
3121 2055
3105 2069
3106 2066
3109 2056
3111 2056
3121 2058
3122 2055
3104 2069
3105 2066
3106 2065
3108 2056
3111 2055
3123 2055
3104 2070
3104 2066
3108 2055
3112 2055
3111 2054
3124 2055
3104 2071
3103 2066
3104 2067
3107 2055
3108 2054
3110 2054
3125 2055
3104 2072
3106 2055
3108 2053
3110 2053
3126 2055
3105 2072
3105 2055
3109 2053
3107 2053
3108 2052
3127 2055
3126 2056
3126 2054
3106 2072
3106 2053
3107 2052
3108 2051
3127 2056
3127 2054
3126 2057
3126 2053
3106 2073
3106 2071
3105 2053
3107 2051
3108 2050
3128 2056
3127 2053
3126 2058
3125 2053
3106 2051
3107 2050
3108 2049
3129 2056
3124 2053
3105 2051
3109 2049
3130 2056
3124 2052
3104 2051
3105 2050
3109 2048
3131 2056
3130 2055
3123 2052
3103 2051
3104 2052
3104 2050
3105 2049
3131 2055
3123 2051
3102 2051
3105 2048
3131 2054
3123 2050
3102 2052
3102 2050
3104 2048
3132 2054
3124 2050
3122 2050
3101 2052
3104 2047
3132 2053
3100 2052
3103 2047
3104 2046
3132 2052
3099 2052
3100 2053
3102 2047
3103 2046
3133 2052
3131 2052
3100 2054
3101 2047
3102 2048
3103 2045
3133 2051
3131 2051
3099 2054
3100 2047
3134 2051
3098 2054
3100 2048
3135 2051
3134 2050
3098 2053
3099 2048
3136 2051
3135 2050
3097 2053
3098 2048
3136 2052
3135 2049
3096 2053
3098 2049
3136 2053
3135 2048
3095 2053
3137 2053
3134 2048
3094 2053
3095 2054
3138 2053
3134 2047
3093 2053
3094 2052
3095 2055
3138 2054
3138 2052
3134 2046
3093 2054
3093 2052
3094 2051
3096 2055
3094 2055
3138 2055
3138 2051
3135 2046
3133 2046
3092 2054
3093 2055
3093 2051
3095 2051
3097 2055
3096 2056
3139 2055
3138 2056
3139 2051
3136 2046
3135 2045
3132 2046
3091 2054
3093 2050
3096 2057
3137 2056
3140 2051
3137 2046
3135 2044
3131 2046
3132 2045
3090 2054
3091 2055
3093 2049
3097 2057
3095 2057
3137 2057
3141 2051
3140 2050
3137 2047
3137 2045
3136 2044
3131 2047
3132 2044
3089 2054
3090 2053
3094 2049
3092 2049
3097 2058
3095 2058
3137 2058
3141 2052
3140 2049
3138 2047
3138 2045
3136 2043
3088 2054
3089 2053
3094 2048
3091 2049
3092 2048
3098 2058
3094 2058
3138 2058
3136 2058
3137 2059
3142 2052
3139 2045
3138 2044
3136 2042
3088 2055
3088 2053
3092 2047
3139 2058
3135 2058
3142 2053
3139 2046
3136 2041
3088 2056
3092 2046
3140 2058
3143 2053
3140 2046
3137 2041
3135 2041
3087 2056
3088 2057
3093 2046
3091 2046
3141 2058
3140 2059
3140 2057
3144 2053
3141 2046
3134 2041
3135 2040
3087 2057
3088 2058
3141 2059
3140 2060
3144 2052
3141 2045
3133 2041
3135 2039
3086 2057
3088 2059
3142 2059
3140 2061
3142 2045
3141 2044
3132 2041
3133 2040
3134 2039
3085 2057
3087 2059
3088 2060
3143 2059
3140 2062
3143 2045
3141 2043
3131 2041
3132 2042
3134 2038
3084 2057
3086 2059
3087 2060
3088 2061
3143 2058
3141 2062
3140 2063
3143 2046
3143 2044
3130 2041
3084 2058
3088 2062
3143 2057
3141 2063
3139 2063
3143 2047
3144 2044
3129 2041
3083 2058
3088 2063
3142 2057
3142 2063
3141 2064
3138 2063
3144 2047
3145 2044
3128 2041
3082 2058
3087 2063
3143 2063
3142 2064
3138 2064
3146 2044
3128 2042
3128 2040
3081 2058
3086 2063
3087 2064
3142 2065
3138 2065
3147 2044
3128 2039
3081 2059
3081 2057
3086 2064
3087 2065
3143 2065
3142 2066
3139 2065
3148 2044
3127 2039
3080 2059
3081 2060
3081 2056
3085 2064
3087 2066
3144 2065
3141 2066
3142 2067
3139 2066
3148 2045
3148 2043
3126 2039
3127 2038
3079 2059
3081 2061
3080 2056
3085 2065
3088 2066
3087 2067
3144 2066
3148 2046
3148 2042
3127 2037
3081 2062
3080 2055
3084 2065
3088 2067
3145 2066
3144 2067
3149 2046
3149 2042
3128 2037
3126 2037
3127 2036
3082 2062
3080 2062
3081 2063
3084 2066
3088 2068
3146 2066
3144 2068
3150 2046
3149 2041
3129 2037
3125 2037
3127 2035
3082 2063
3079 2062
3084 2067
3146 2065
3145 2068
3144 2069
3150 2047
3150 2045
3125 2038
3127 2034
3082 2064
3079 2063
3085 2067
3083 2067
3147 2065
3143 2069
3150 2048
3151 2045
3124 2038
3128 2034
3126 2034
3078 2063
3079 2064
3085 2068
3148 2065
3142 2069
3143 2070
3152 2045
3123 2038
3129 2034
3077 2063
3080 2064
3149 2065
3141 2069
3142 2070
3143 2071
3152 2044
3122 2038
3123 2039
3129 2033
3077 2064
3149 2066
3149 2064
3140 2069
3141 2070
3141 2068
3143 2072
3153 2044
3152 2043
3121 2038
3123 2040
3129 2032
3077 2065
3149 2063
3139 2069
3140 2070
3143 2073
3153 2043
3121 2037
3122 2040
3123 2041
3130 2032
3128 2032
3150 2063
3148 2063
3138 2069
3144 2073
3142 2073
3153 2042
3120 2037
3124 2041
3123 2042
3130 2031
3138 2070
3145 2073
3144 2074
3141 2073
3142 2074
3154 2042
3153 2041
3120 2036
3122 2042
3123 2043
3131 2031
3130 2030
3137 2070
3145 2074
3140 2073
3142 2075
3155 2042
3153 2040
3120 2035
3123 2044
3132 2031
3131 2030
3130 2029
3136 2070
3146 2074
3140 2074
3142 2076
3156 2042
3155 2041
3153 2039
3120 2034
3133 2031
3132 2032
3129 2029
3130 2028
3135 2070
3157 2042
3154 2039
3152 2039
3119 2034
3120 2033
3134 2031
3132 2033
3128 2029
3131 2028
3130 2027
3134 2070
3135 2069
3158 2042
3155 2039
3151 2039
2555 2715
3135 2031
3131 2033
3128 2028
3129 2027
3130 2026
3134 2071
3134 2069
3159 2042
3158 2041
3150 2039
3151 2038
3136 2031
3135 2030
3131 2034
3131 2026
3134 2072
3133 2069
3159 2041
3150 2040
3150 2038
3132 2026
3131 2025
3135 2072
3134 2073
3939 918
3133 2068
3160 2041
3159 2040
3149 2038
3133 2026
3131 2024
3134 2074
2850 2040
3161 2041
3159 2039
3133 2027
3133 2025
3132 2024
3131 2023
3134 2075
3162 2041
3134 2027
3134 2025
3131 2022
3163 2041
3135 2027
3134 2024
3132 2022
3130 2022
3164 2041
3135 2028
3133 2022
3130 2021
3164 2042
3164 2040
3134 2022
3133 2023
3133 2021
3130 2020
3164 2043
3165 2040
3164 2039
3134 2021
3129 2020
3164 2044
3164 2038
3128 2020
3129 2019
3164 2045
3164 2037
3127 2020
3129 2018
3164 2046
3165 2037
3127 2021
3127 2019
3129 2017
3165 2046
3163 2046
3166 2037
3126 2021
3127 2022
3127 2018
3129 2016
3162 2046
3167 2037
3166 2038
3166 2036
3127 2023
3127 2017
3128 2016
3162 2047
3168 2037
3166 2035
3128 2023
3126 2023
3127 2024
3127 2016
3128 2015
3162 2048
3169 2037
3168 2038
3165 2035
3126 2024
3126 2016
3128 2014
3170 2037
3168 2039
3164 2035
3165 2034
3125 2024
3126 2025
3125 2016
3126 2015
3128 2013
3171 2037
3167 2039
3164 2034
3124 2024
3128 2012
3171 2038
3167 2040
3164 2033
3124 2025
3128 2011
3172 2038
3167 2041
3163 2033
3123 2025
3129 2011
3173 2038
3166 2041
3162 2033
3123 2026
3173 2039
3173 2037
3122 2026
3174 2039
3174 2037
2921 2721
3121 2026
3122 2027
3175 2039
3174 2040
3175 2037
1959 2327
3121 2025
3176 2039
3175 2040
3174 2041
1962 2327
3120 2025
3177 2039
3174 2042
1991 2330
3120 2024
3177 2040
3177 2038
3175 2042
3173 2042
3119 2024
3120 2023
3178 2040
3178 2038
3175 2043
3172 2042
3118 2024
3121 2023
3120 2022
3178 2037
3175 2044
3171 2042
3117 2024
3118 2025
3122 2023
3179 2037
3175 2045
3170 2042
3171 2043
3171 2041
3116 2024
3118 2026
3180 2037
3175 2046
3170 2043
3171 2044
3115 2024
3119 2026
3117 2026
3118 2027
3181 2037
3175 2047
3172 2044
3114 2024
3115 2023
3116 2026
3117 2027
3118 2028
3182 2037
3175 2048
3172 2045
3115 2022
3119 2028
3183 2037
3176 2048
3172 2046
3114 2022
3120 2028
3183 2036
3177 2048
3173 2046
3114 2021
3121 2028
3184 2036
3177 2049
3113 2021
3114 2020
3121 2029
3185 2036
3184 2035
3114 2019
3122 2029
3121 2030
3186 2036
3185 2037
3185 2035
3184 2034
3120 2030
3121 2031
3187 2036
3186 2037
3185 2034
3183 2034
3120 2031
3188 2036
3187 2037
3186 2034
3182 2034
3188 2035
3187 2038
3182 2033
3188 2034
3188 2038
3187 2039
3181 2033
3182 2032
3189 2034
3189 2038
3180 2033
3182 2031
3190 2034
3179 2033
3180 2032
3182 2030
3191 2034
3180 2031
3183 2030
3181 2030
3182 2029
3192 2034
3184 2030
3182 2028
3192 2035
3192 2033
3184 2031
3184 2029
3182 2027
3193 2035
3192 2032
3183 2027
3181 2027
3194 2035
3193 2036
3193 2032
3192 2031
3181 2026
3194 2034
3193 2037
3194 2032
3193 2031
3191 2031
3194 2033
3194 2031
3190 2031
3190 2030
3189 2030
3188 2030
3189 2029
3188 2029
3189 2028
3187 2029
3187 2028
3187 2027
3187 2026
3187 2025
3188 2025
3186 2025
3188 2024
3186 2024
3189 2024
3188 2023
3185 2024
3189 2023
3184 2024
3185 2023
3190 2023
3184 2025
3184 2023
3185 2022
3191 2023
3183 2025
3183 2023
3191 2022
3183 2022
3191 2021
3182 2022
3183 2021
3191 2020
3181 2022
3190 2020
3191 2019
3180 2022
3181 2023
3189 2020
3192 2019
3179 2022
3188 2020
3189 2019
3193 2019
3178 2022
3188 2021
3194 2019
3177 2022
3178 2023
3195 2019
3176 2022
3178 2024
3195 2020
3178 2025
3195 2021
3177 2025
3196 2021
3176 2025
3196 2022
3175 2025
3197 2022
3196 2023
3175 2024
3198 2022
3174 2024
3198 2021
3173 2024
3174 2023
3199 2021
3173 2025
3174 2022
3199 2020
3173 2022
3200 2020
3173 2021
3201 2020
3173 2020
3201 2021
3201 2019
3172 2020
3202 2019
3172 2019
3203 2019
3171 2019
3203 2018
3170 2019
3204 2018
3203 2017
3170 2020
3205 2018
3169 2020
3206 2018
3168 2020
3207 2018
3168 2021
3168 2019
3207 2019
3207 2017
3167 2021
3167 2019
3207 2020
3207 2016
3166 2019
3167 2018
3208 2020
3208 2016
3206 2016
3166 2020
3167 2017
3208 2021
1972 2370
3205 2016
3206 2015
3165 2020
3167 2016
3208 2022
3206 2014
3165 2021
3168 2016
3209 2022
3205 2014
3206 2013
3164 2021
3168 2015
3210 2022
3209 2023
3205 2013
3207 2013
3206 2012
3163 2021
3168 2014
3209 2024
3204 2013
3162 2021
4395 1467
3168 2013
3210 2024
3209 2025
3203 2013
3204 2012
3161 2021
3162 2022
3162 2020
3169 2013
3211 2024
3208 2025
3209 2026
3202 2013
3203 2014
3161 2020
3162 2023
3162 2019
3170 2013
3212 2024
3207 2025
3210 2026
3209 2027
3201 2013
3203 2015
3160 2020
3161 2019
3162 2024
3162 2018
3171 2013
3207 2024
3211 2026
3201 2012
3159 2020
3163 2024
3162 2025
3162 2017
3172 2013
3171 2014
3212 2026
3201 2011
3158 2020
3159 2021
3164 2024
3161 2017
3173 2013
3172 2012
3213 2026
3202 2011
3200 2011
3157 2020
3164 2023
3161 2016
3173 2014
3214 2026
3213 2027
3203 2011
3202 2010
3200 2010
3156 2020
3157 2021
3160 2016
3214 2025
3213 2028
3199 2010
3155 2020
3156 2021
3157 2022
3160 2015
3215 2025
3214 2024
3214 2028
3213 2029
3198 2010
3199 2009
3154 2020
3155 2019
3160 2014
3216 2025
3215 2024
3214 2029
3213 2030
3198 2011
3198 2009
3199 2008
3153 2020
3154 2019
3155 2018
3160 2013
3216 2026
3213 2031
3198 2012
3199 2007
3152 2020
3154 2018
3155 2017
3159 2013
3217 2026
3214 2031
3200 2007
3151 2020
3153 2018
3155 2016
3159 2012
3218 2026
3214 2032
3200 2006
3151 2021
3151 2019
3156 2016
3158 2012
3218 2027
3214 2033
3200 2005
3151 2022
3150 2019
3157 2016
3158 2011
3219 2027
3218 2028
3214 2034
3201 2005
3200 2004
3152 2022
3150 2022
3149 2019
3150 2018
3157 2015
3157 2011
3158 2010
3220 2027
3215 2034
3214 2035
3200 2003
3153 2022
3149 2022
3150 2023
3149 2018
3156 2011
3159 2010
3158 2009
3221 2027
3220 2026
3214 2036
3201 2003
3199 2003
3149 2023
3148 2018
3156 2012
3156 2010
3222 2027
3214 2037
3201 2002
3199 2002
3148 2023
3147 2018
3155 2012
3156 2009
3223 2027
3214 2038
3201 2001
3147 2023
3148 2024
3147 2019
3224 2027
3215 2038
3201 2000
3148 2025
3146 2019
3225 2027
3216 2038
3202 2000
3201 1999
3148 2026
3145 2019
3225 2028
3217 2038
3203 2000
3200 1999
3148 2027
3144 2019
3145 2018
3204 2000
3199 1999
3148 2028
3144 2020
3204 2001
3199 1998
3148 2029
3143 2020
3205 2001
3199 1997
3149 2029
3142 2020
3206 2001
3200 1997
3198 1997
3150 2029
3149 2030
3141 2020
3142 2019
3207 2001
3197 1997
3198 1996
3141 2021
3142 2018
3208 2001
3207 2002
3207 2000
3196 1997
3198 1995
3140 2021
3209 2001
3207 2003
3195 1997
3199 1995
3140 2022
3210 2001
3209 2000
3207 2004
3194 1997
3199 1994
3140 2023
3211 2001
3208 2004
3206 2004
3193 1997
3194 1998
3200 1994
3140 2024
3211 2002
3211 2000
3192 1997
3194 1999
3200 1993
3141 2024
3139 2024
3211 2003
3211 1999
3192 1998
3192 1996
3194 2000
3201 1993
3142 2024
3138 2024
3210 2003
3211 1998
3192 1999
3191 1996
3192 1995
3194 2001
3202 1993
3143 2024
3142 2025
3210 2004
3211 1997
3190 1996
3192 1994
3194 2002
3143 2023
3142 2026
3210 2005
3212 1997
3210 1997
3211 1996
3189 1996
3193 2002
3143 2022
3142 2027
3209 2005
3210 2006
3213 1997
3209 1997
3210 1996
3211 1995
3188 1996
3189 1997
3192 2002
3142 2022
3143 2027
3141 2027
3214 1997
3209 1996
3212 1995
3187 1996
3189 1998
3191 2002
3141 2028
3214 1996
3208 1996
3187 1995
3191 2003
3141 2029
3215 1996
3208 1995
3186 1995
3191 2004
3142 2029
3141 2030
3216 1996
3207 1995
3208 1994
3185 1995
3190 2004
3191 2005
3142 2030
3141 2031
3217 1996
3206 1995
3207 1994
3184 1995
3185 1994
3189 2004
3192 2005
3191 2006
3141 2032
3217 1997
3217 1995
3205 1995
3207 1993
3183 1995
3184 1996
3188 2004
3190 2006
3140 2032
3218 1997
3217 1994
3205 1996
3207 1992
3182 1995
3184 1997
3187 2004
3188 2003
3190 2007
3219 1997
3204 1996
3206 1992
3181 1995
3185 1997
3186 2004
3187 2005
3187 2003
3188 2002
3189 2007
3190 2008
3220 1997
3204 1997
3205 1992
3180 1995
3185 1998
3186 2005
3187 2006
3187 2002
3191 2008
3190 2009
3205 1991
3179 1995
3180 1994
3185 1999
3187 2007
3192 2008
3205 1990
3178 1995
3179 1996
3186 1999
3205 1989
3177 1995
3178 1996
3179 1997
3187 1999
3204 1989
3205 1988
3177 1994
3180 1997
3179 1998
3188 1999
3203 1989
3206 1988
3205 1987
3176 1994
3177 1993
3181 1997
3179 1999
3206 1987
3204 1987
3178 1993
3182 1997
3181 1998
3180 1999
3206 1986
3204 1986
3178 1992
3182 1998
3207 1986
3206 1985
3203 1986
3178 1991
3208 1986
3206 1984
3202 1986
3203 1985
3177 1991
3209 1986
3205 1984
3206 1983
3201 1986
3202 1985
3209 1985
3204 1984
3210 1985
3209 1984
3211 1985
3210 1984
3209 1983
3212 1985
3211 1984
3210 1983
3209 1982
3213 1985
3209 1981
3214 1985
3214 1986
3214 1984
3215 1986
3214 1987
3216 1986
3214 1988
3217 1986
3215 1988
3213 1988
3214 1989
3218 1986
3217 1987
3212 1988
3213 1989
3219 1986
3217 1988
3211 1988
3212 1989
3219 1987
3218 1988
3217 1989
3212 1990
3220 1987
3217 1990
3212 1991
3220 1988
3218 1990
3217 1991
3211 1991
3221 1988
3220 1989
3222 1988
3221 1989
3222 1989
3222 1987
3223 1989
3222 1986
3223 1986
3224 1986
3225 1986
3224 1987
3226 1986
3227 1986
3226 1987
3226 1985
3228 1986
3226 1988
3229 1986
3227 1988
3225 1988
3226 1989
3229 1987
3229 1985
3227 1989
3230 1985
3228 1989
3227 1990
3231 1985
3228 1990
3232 1985
3231 1986
3229 1990
3232 1984
3230 1990
3233 1984
3232 1983
3231 1990
3230 1991
3234 1984
3231 1983
3232 1982
3232 1990
3230 1992
3235 1984
3230 1983
3233 1982
3232 1991
3230 1993
3235 1983
3230 1982
3233 1981
3231 1993
3229 1993
3229 1982
3234 1981
3232 1993
3228 1993
3229 1994
3228 1982
3229 1981
3234 1980
3233 1993
3228 1994
3227 1982
3229 1980
3234 1979
3234 1993
3233 1992
3227 1994
3226 1982
3227 1983
3230 1980
3234 1978
3235 1993
3234 1994
3226 1994
3225 1982
3227 1984
3231 1980
3235 1978
3233 1978
3236 1993
3235 1992
3234 1995
3226 1995
3224 1982
3225 1983
3225 1981
3236 1978
3233 1977
3236 1994
3236 1992
3233 1995
3234 1996
3223 1982
3237 1978
3236 1995
3237 1992
3236 1991
3232 1995
3233 1996
3235 1996
3222 1982
3223 1981
3238 1978
3237 1995
3236 1996
3237 1991
3235 1997
3222 1981
3223 1980
3239 1978
3238 1979
3238 1977
3237 1996
3238 1991
3237 1990
3221 1981
3222 1980
3240 1978
3239 1979
3238 1980
3238 1976
3238 1996
3239 1991
3220 1981
3240 1979
3239 1976
3238 1975
3239 1996
3240 1991
3219 1981
3240 1980
3240 1976
3238 1974
3239 1995
3240 1992
3218 1981
3240 1981
3241 1976
3239 1974
3238 1973
3240 1995
3241 1992
3218 1980
3242 1976
3241 1975
3238 1972
3242 1992
3241 1993
3217 1980
3242 1975
3239 1972
3237 1972
3238 1971
3242 1993
3241 1994
3217 1979
3243 1975
3238 1970
3242 1994
3217 1978
3243 1974
3239 1970
3237 1970
3243 1994
3242 1995
3217 1977
3244 1974
3236 1970
3244 1994
3242 1996
3218 1977
3245 1974
3235 1970
3236 1971
3245 1994
3242 1997
3218 1976
3246 1974
3245 1973
3234 1970
3235 1971
3245 1995
3245 1993
3241 1997
3242 1998
3219 1976
3246 1975
3233 1970
3235 1972
3245 1992
3241 1998
3243 1998
3220 1976
3246 1976
3245 1991
3244 1998
3243 1999
3220 1975
3247 1976
3245 1976
3244 1991
3245 1990
3245 1998
3220 1974
3248 1976
3247 1977
3246 1990
3245 1999
3220 1973
3249 1976
3248 1975
3247 1978
3247 1990
3246 1999
3245 2000
3221 1973
3219 1973
3249 1977
3248 1974
3247 1979
3248 1990
3247 1999
3245 2001
3222 1973
3219 1972
3250 1977
3248 1973
3246 1979
3249 1990
3248 1999
3247 2000
3246 2001
3223 1973
3219 1971
3250 1978
3248 1972
3245 1979
3249 1991
3249 1989
3249 1999
3247 2001
3246 2002
3224 1973
3218 1971
3219 1970
3247 1972
3248 1971
3244 1979
3249 1992
3249 1988
3246 2003
3225 1973
3217 1971
3219 1969
3249 1971
3248 1970
3243 1979
3244 1980
3248 1988
3249 1987
3247 2003
3246 2004
3226 1973
3220 1969
3218 1969
3250 1971
3247 1970
3244 1981
3247 1988
3250 1987
3245 2004
3227 1973
3226 1974
3221 1969
3250 1972
3245 1981
3244 1982
3246 1988
3245 2005
3228 1973
3222 1969
3251 1972
3246 1981
3245 1988
3245 2006
3228 1972
3223 1969
3252 1972
3251 1973
3247 1981
3244 2006
3228 1971
3223 1968
3252 1971
3243 2006
3244 2007
3229 1971
3223 1967
3252 1970
3242 2006
3222 1967
3252 1969
3242 2007
3242 2005
3221 1967
3222 1966
3253 1969
3251 1969
3241 2007
3242 2008
3222 1965
3254 1969
3240 2007
3243 2008
3242 2009
3222 1964
3255 1969
3254 1970
3239 2007
3240 2006
3243 2009
3241 2009
3242 2010
3221 1964
3255 1968
3254 1971
3238 2007
3240 2005
3244 2009
3220 1964
3255 1967
3254 1972
3237 2007
3245 2009
3219 1964
3255 1966
3255 1972
3254 1973
3236 2007
3246 2009
3219 1963
3254 1966
3256 1972
3253 1973
3254 1974
3236 2008
3236 2006
3246 2010
3219 1962
3254 1965
3257 1972
3256 1973
3254 1975
3235 2008
3246 2011
3218 1962
3219 1961
3253 1965
3258 1972
3254 1976
3235 2009
3247 2011
3218 1961
3219 1960
3258 1971
3255 1976
3254 1977
3234 2009
3247 2012
3220 1960
3219 1959
3258 1970
3253 1977
3233 2009
3234 2010
3247 2013
3221 1960
3218 1959
3259 1970
3252 1977
3232 2009
3247 2014
3221 1959
3217 1959
3252 1978
3248 2014
3246 2014
3222 1959
3216 1959
3252 1979
3249 2014
3246 2015
3223 1959
3215 1959
3251 1979
3252 1980
3245 2015
3223 1960
3223 1958
3214 1959
3253 1980
3252 1981
3245 2016
3223 1961
3223 1957
3213 1959
3214 1960
3252 1982
3244 2016
3223 1962
3223 1956
3213 1958
3253 1982
3251 1982
3244 2017
3224 1962
3224 1956
3223 1955
3254 1982
3253 1983
3250 1982
3243 2017
3244 2018
3225 1962
3224 1963
3222 1955
3255 1982
3253 1984
3250 1983
3244 2019
3226 1962
3225 1963
3221 1955
3256 1982
3255 1981
3252 1984
3249 1983
3243 2019
3227 1962
3226 1963
3226 1961
3220 1955
3221 1954
3257 1982
3256 1981
3252 1985
3248 1983
3243 2020
3226 1964
3226 1960
3219 1955
3220 1954
3221 1953
3258 1982
3252 1986
3243 2021
3226 1965
3226 1959
3218 1955
3222 1953
3221 1952
3259 1982
3244 2021
3242 2021
3225 1965
3226 1966
3226 1958
3218 1954
3222 1952
3221 1951
3260 1982
3259 1983
2001 2345
3244 2022
3241 2021
3226 1967
3227 1958
3225 1958
3217 1954
3218 1953
3222 1951
3221 1950
3259 1984
3244 2023
3241 2022
3227 1957
3217 1953
3222 1950
3221 1949
3260 1984
3243 2023
3244 2024
3241 2023
3228 1957
3227 1956
3216 1953
3217 1952
3261 1984
3242 2023
3243 2024
3244 2025
3240 2023
3229 1957
3227 1955
3216 1952
3217 1951
3262 1984
3244 2026
3239 2023
3230 1957
3229 1956
3228 1955
2921 2740
3215 1952
3218 1951
3263 1984
3262 1985
3262 1983
3245 2026
3243 2026
3244 2027
3239 2024
3231 1957
3230 1958
3230 1956
2589 2587
3215 1951
3218 1950
3264 1984
3242 2026
3244 2028
3238 2024
3232 1957
3231 1958
3230 1959
3218 1949
3265 1984
3264 1985
3245 2028
3243 2028
3244 2029
3233 1957
3232 1956
3230 1960
3217 1949
3218 1948
3266 1984
3264 1986
3246 2028
3242 2028
3234 1957
3232 1955
3231 1960
3230 1961
3216 1949
3217 1948
3266 1985
3266 1983
3264 1987
3247 2028
3246 2027
3241 2028
3234 1956
3230 1962
3216 1950
3217 1947
3267 1985
3266 1982
3248 2028
3241 2029
3235 1956
3217 1946
3267 1982
3265 1982
3248 2027
3241 2030
3236 1956
3235 1955
3216 1946
3217 1945
3268 1982
3264 1982
3249 2027
3242 2030
3240 2030
3241 2031
3236 1957
3236 1955
3235 1954
3215 1946
3216 1945
3217 1944
3269 1982
3268 1981
3264 1981
3249 2026
3242 2031
3239 2030
3236 1958
3237 1955
3235 1953
3215 1947
3216 1944
3268 1980
3264 1980
3249 2025
3242 2032
3238 2030
3237 1958
3238 1955
3234 1953
3215 1948
3216 1943
3269 1980
3265 1980
3263 1980
3250 2025
3237 2030
3238 2031
3238 2029
3238 1958
3239 1955
3238 1954
3233 1953
3216 1942
3270 1980
3251 2025
3236 2030
3237 2029
3238 2032
3239 1956
3238 1953
3233 1952
3217 1942
3216 1941
3271 1980
3270 1979
3235 2030
3237 2028
3240 1956
3238 1952
3232 1952
3217 1941
3215 1941
3272 1980
3270 1978
3234 2030
3235 2029
3237 2027
3241 1956
3239 1952
3237 1952
3231 1952
3218 1941
3214 1941
3270 1977
3234 2029
3237 2026
3241 1955
3236 1952
3237 1951
3230 1952
3219 1941
3214 1942
3271 1977
3233 2029
3237 2025
3237 1950
3229 1952
3213 1942
3271 1976
3232 2029
3238 1950
3236 1950
3237 1949
3229 1951
3212 1942
3213 1943
3272 1976
3232 2028
3238 1949
3235 1950
3236 1949
3229 1950
3212 1943
3273 1976
3232 2027
3238 1948
3230 1950
3228 1950
3229 1949
3211 1943
3273 1977
3231 2027
3238 1947
3227 1950
3228 1949
3229 1948
3210 1943
3274 1977
3273 1978
3230 2027
3237 1947
3238 1946
3226 1950
3227 1949
3229 1947
3209 1943
3210 1944
3274 1978
3272 1978
3238 1945
3226 1951
3208 1943
3209 1944
3209 1942
3275 1978
3274 1979
3238 1944
3208 1944
3276 1978
3275 1979
3239 1944
3237 1944
3208 1945
3277 1978
3276 1977
3240 1944
3236 1944
3237 1943
3207 1945
3278 1978
3241 1944
3236 1945
3207 1946
3278 1979
3278 1977
3241 1945
3241 1943
3235 1945
3236 1946
3206 1946
3207 1947
3279 1979
3279 1977
3278 1976
3242 1945
3241 1946
3206 1947
3207 1948
3280 1979
3243 1945
3242 1946
3206 1948
3281 1979
3243 1944
3242 1947
3205 1948
3282 1979
3281 1980
3244 1944
3204 1948
3283 1979
3281 1981
3245 1944
3244 1943
3204 1949
3283 1978
3282 1981
3280 1981
3246 1944
3245 1943
3244 1942
3204 1950
3283 1981
3280 1982
3247 1944
3246 1945
3243 1942
3244 1941
3203 1950
3283 1982
3280 1983
3247 1943
3246 1946
3244 1940
3202 1950
3284 1982
3281 1983
3248 1943
3247 1946
3245 1946
3243 1940
3244 1939
3202 1951
3202 1949
3285 1982
3281 1984
3248 1946
3245 1947
3243 1939
3245 1939
3201 1951
3286 1982
3282 1984
3248 1945
3245 1948
3243 1938
3246 1939
3200 1951
3201 1952
3287 1982
3286 1983
3286 1981
3245 1949
3242 1938
3243 1937
3247 1939
3246 1940
3199 1951
3201 1953
3288 1982
3287 1983
3286 1984
3286 1980
3246 1949
3245 1950
3242 1937
3248 1939
3247 1940
3247 1938
3246 1941
3198 1951
3199 1952
3202 1953
3288 1983
3288 1981
3286 1985
3287 1980
3245 1951
3241 1937
3248 1940
3248 1938
3198 1952
3202 1954
3288 1980
3285 1985
3287 1979
3244 1951
3245 1952
3241 1936
3249 1940
3248 1937
3198 1953
3202 1955
3284 1985
3243 1951
3245 1953
3240 1936
3250 1940
3249 1937
3248 1936
3197 1953
3198 1954
3202 1956
3284 1986
3244 1953
3245 1954
3239 1936
3251 1940
3249 1936
3248 1935
3196 1953
3203 1956
3201 1956
3283 1986
3284 1987
3244 1954
3238 1936
3252 1940
3247 1935
3196 1954
3196 1952
3204 1956
3203 1957
3201 1957
3282 1986
3284 1988
3243 1954
3237 1936
3253 1940
3252 1939
3246 1935
3195 1954
3196 1955
3196 1951
3205 1956
3204 1955
3201 1958
3281 1986
3284 1989
3243 1955
3237 1937
3237 1935
3253 1941
3252 1938
3246 1936
3246 1934
3195 1955
3196 1950
3205 1957
3205 1955
3202 1958
3200 1958
3281 1987
3285 1989
3237 1934
3253 1942
3251 1938
3245 1934
3195 1956
3195 1950
3205 1958
3206 1955
3205 1954
3053 2248
3199 1958
3280 1987
3281 1988
3286 1989
3236 1934
3253 1943
3245 1933
3195 1957
3194 1950
3205 1959
3206 1954
3202 1960
3198 1958
3281 1989
3287 1989
3236 1933
3253 1944
3245 1932
3195 1958
3194 1949
3204 1959
3205 1960
3203 1960
3198 1959
3280 1989
3281 1990
3288 1989
3235 1933
3236 1932
3254 1944
3246 1932
3245 1931
3194 1958
3193 1949
3204 1960
3205 1961
3198 1960
3282 1990
3281 1991
3288 1990
3288 1988
3234 1933
3236 1931
3255 1944
3254 1945
3247 1932
3246 1931
3244 1931
3194 1959
3192 1949
3193 1948
3204 1961
3197 1960
3281 1992
3288 1991
3234 1932
3236 1930
3256 1944
3254 1946
3246 1930
3194 1960
3192 1950
3193 1947
3204 1962
3281 1993
3289 1991
3233 1932
3235 1930
3257 1944
3254 1947
3246 1929
3194 1961
3192 1951
3194 1947
3192 1947
3193 1946
3203 1962
3282 1993
3280 1993
3290 1991
3232 1932
3233 1931
3234 1930
3258 1944
3257 1943
2471 2744
3253 1947
3246 1928
3193 1951
3195 1947
3192 1946
3193 1945
3282 1994
3279 1993
3280 1994
3291 1991
3231 1932
3233 1930
3234 1929
3259 1944
3258 1945
3253 1948
3247 1928
3193 1952
3192 1945
3193 1944
3283 1994
3279 1994
3280 1995
3292 1991
3231 1931
3232 1930
3259 1945
3253 1949
3247 1927
3192 1944
3194 1944
3193 1943
3284 1994
3292 1992
3232 1929
3260 1945
3254 1949
3252 1949
3248 1927
3191 1944
3192 1943
3194 1943
3285 1994
3284 1995
3284 1993
3293 1992
3231 1929
3260 1946
3255 1949
3254 1950
3248 1926
3190 1944
3192 1942
3285 1995
3285 1993
3294 1992
3231 1928
3261 1946
3260 1947
3256 1949
3255 1950
3249 1926
3248 1925
3189 1944
3285 1996
3295 1992
3294 1991
3230 1928
3231 1927
3262 1946
3261 1947
3257 1949
3255 1951
3250 1926
3248 1924
3188 1944
3286 1996
3285 1997
3296 1992
3295 1993
3294 1990
3230 1927
3232 1927
3231 1926
3262 1947
3262 1945
3258 1949
3256 1951
3250 1927
3250 1925
3247 1924
3188 1943
3287 1996
3284 1997
3297 1992
3295 1990
3293 1990
3229 1927
3262 1944
3258 1948
3257 1951
3251 1927
3250 1928
3251 1925
3187 1943
3288 1996
3284 1998
3298 1992
3295 1989
3229 1926
3263 1944
3262 1943
3259 1948
3258 1951
3252 1927
3249 1928
3250 1929
3252 1925
3186 1943
3187 1942
3288 1995
3284 1999
3298 1993
3298 1991
3229 1925
2039 2325
3259 1951
3252 1928
3253 1925
3252 1924
3185 1943
3187 1941
3284 2000
3299 1993
3298 1994
3298 1990
3229 1924
2030 2325
3259 1952
3259 1950
3253 1928
3254 1925
3253 1926
3184 1943
3285 2000
3284 2001
3300 1993
3297 1994
3298 1989
3229 1923
2033 2325
3254 1928
3255 1925
3184 1944
3184 1942
3283 2001
3301 1993
3296 1994
3298 1988
3228 1923
3229 1922
2030 2324
3254 1929
3256 1925
3184 1945
3184 1941
3282 2001
3301 1994
3296 1995
3228 1922
3230 1922
2032 2325
3254 1930
3257 1925
3256 1926
3183 1945
3184 1940
3282 2000
3301 1995
3295 1995
3227 1922
3231 1922
2031 2324
3258 1925
3256 1927
3182 1945
3183 1946
3183 1940
3184 1939
3281 2000
3302 1995
3300 1995
3301 1996
3295 1996
3226 1922
3231 1921
1872 2346
2032 2324
3255 1927
3256 1928
3181 1945
3183 1947
3182 1940
3184 1938
3280 2000
3303 1995
3300 1996
3294 1996
3226 1923
3226 1921
3232 1921
1857 2344
1868 2346
1869 2346
3257 1928
3180 1945
3181 1944
3184 1947
3183 1948
3181 1940
3184 1937
3280 1999
3304 1995
3303 1994
3300 1997
3294 1997
3226 1924
3225 1921
1870 2347
2034 2323
3258 1928
3257 1929
3179 1945
3185 1947
3182 1948
3184 1936
3279 1999
3280 1998
3305 1995
3303 1993
3294 1998
3225 1924
3224 1921
2035 2322
1851 2367
3259 1928
3186 1947
3181 1948
3182 1949
3183 1936
3184 1935
3278 1999
3281 1998
3305 1996
3305 1994
3303 1992
3294 1999
3225 1925
3223 1921
2034 2322
2015 2253
3260 1928
3187 1947
3181 1949
3182 1936
3184 1934
3277 1999
3281 1997
3306 1996
3306 1994
3302 1992
3303 1991
3293 1999
3225 1926
3222 1921
1853 2346
2012 2257
1854 2346
3260 1927
3181 1950
3181 1936
3184 1933
3277 2000
3282 1997
3307 1996
3307 1994
3306 1993
3303 1990
3224 1926
3225 1927
3222 1920
1865 2345
1854 2347
1865 2346
3260 1926
3180 1950
3181 1951
3181 1937
3183 1933
3307 1997
3308 1994
3306 1992
3223 1926
3225 1928
1866 2347
1868 2349
2763 2065
2014 2259
3261 1926
3260 1925
3179 1950
3180 1937
3183 1932
3307 1998
3309 1994
3222 1926
3224 1928
3225 1929
2013 2258
1864 2348
3262 1926
3260 1924
3179 1937
3183 1931
3306 1998
3307 1999
3310 1994
3221 1926
3224 1929
3225 1930
1853 2365
3262 1927
3261 1924
3259 1924
3179 1938
3183 1930
3305 1998
3306 1999
3308 1999
3311 1994
3221 1927
3221 1925
3223 1929
3226 1930
1852 2364
2033 2319
3263 1927
3262 1928
3178 1938
3183 1929
3304 1998
3309 1999
3308 2000
3312 1994
3311 1995
3220 1927
3221 1928
3220 1925
3223 1930
1856 2347
1855 2348
1865 2348
3264 1927
3262 1929
3177 1938
3183 1928
3309 1998
3308 2001
3312 1995
3312 1993
3220 1928
3221 1929
3219 1925
3222 1930
2038 2313
2008 2265
2015 2258
3264 1928
3264 1926
3262 1930
3182 1928
3183 1927
3310 1998
3309 1997
3308 2002
3313 1995
3312 1992
3219 1928
3218 1925
3219 1926
1856 2348
2033 2317
1865 2350
3265 1928
3265 1926
3264 1925
3262 1931
3181 1928
3184 1927
3183 1926
3310 1997
3309 1996
3309 2002
3307 2002
3308 2003
3313 1992
3311 1992
3218 1928
3217 1925
3218 1926
1866 2351
2016 2259
2036 2314
1865 2354
3266 1926
3263 1931
3262 1932
3185 1927
3183 1925
3310 1996
3308 2004
3314 1992
3313 1991
3311 1991
3217 1926
2017 2262
1857 2357
3267 1926
3263 1932
3262 1933
3185 1928
3182 1925
3307 2004
3308 2005
3314 1991
3310 1991
3311 1990
2146 2273
2421 2687
3268 1926
3262 1934
3186 1928
3182 1924
3307 2005
3309 2005
3308 2006
3314 1990
3309 1991
1971 2376
2104 2323
2363 2715
3269 1926
3261 1934
3187 1928
3181 1924
3306 2005
3309 2006
3314 1989
3308 1991
3309 1990
2121 2281
2151 2243
2370 2692
3270 1926
3269 1925
3260 1934
3181 1923
3305 2005
3306 2006
3309 2007
3315 1989
3307 1991
3308 1992
3309 1989
2024 2332
2144 2280
1997 2295
3271 1926
3259 1934
3181 1922
3304 2005
3305 2004
3310 2007
3309 2008
3316 1989
3307 1990
3310 1989
2559 2656
2789 2676
2030 2282
3272 1926
3271 1925
3180 1922
3181 1921
3304 2006
3304 2004
3305 2003
3310 2008
3309 2009
3316 1990
3316 1988
3306 1990
2101 2321
2121 2283
1884 2359
3273 1926
3272 1925
3179 1922
3182 1921
3305 2002
3310 2009
3309 2010
3317 1990
3317 1988
3306 1989
2121 2282
2475 2929
2000 2293
2029 2282
3273 1927
3272 1924
3178 1922
3183 1921
3304 2002
3308 2010
3317 1991
3305 1989
2103 2323
2100 2327
2005 2343
2375 2691
2358 2696
3274 1927
3273 1924
3177 1922
3178 1923
3184 1921
3183 1922
3304 2001
3307 2010
3308 2011
3318 1991
3317 1992
3305 1988
2409 2843
2420 2689
2462 2701
2425 2684
3275 1927
3274 1928
3273 1923
3176 1922
3177 1923
3184 1922
3184 1920
3307 2009
3308 2012
3319 1991
3317 1993
3305 1987
2642 2632
2018 2294
3275 1928
3274 1929
3273 1922
3176 1923
3176 1921
3185 1920
3184 1919
3309 2012
3308 2013
3319 1990
3318 1993
3316 1993
3274 1922
3272 1922
3273 1921
3175 1923
3176 1924
3175 1921
3185 1919
3184 1918
3308 2014
3320 1990
3319 1993
3275 1922
3274 1921
3175 1924
3174 1921
3184 1917
3308 2015
3320 1989
3320 1993
3274 1920
3173 1921
3185 1917
3309 2015
3321 1989
3321 1993
3275 1920
3274 1919
3172 1921
3173 1920
3186 1917
3309 2016
3321 1988
3321 1994
3321 1992
3276 1920
3274 1918
3171 1921
3172 1922
3187 1917
3310 2016
3322 1988
3321 1995
3277 1920
3276 1921
3187 1916
3310 2017
3323 1988
3277 1919
3187 1915
3311 2017
3323 1989
3323 1987
3278 1919
3277 1918
3187 1914
3312 2017
3311 2018
3324 1989
3323 1990
3324 1987
3279 1919
3277 1917
3188 1914
3313 2017
3312 2018
3324 1990
3322 1990
3324 1986
3277 1916
3189 1914
3314 2017
3312 2019
3324 1991
3325 1986
3277 1915
3190 1914
3189 1913
3315 2017
3312 2020
3325 1991
3324 1992
3325 1985
3278 1915
3276 1915
3277 1914
3190 1915
3190 1913
3189 1912
3315 2016
3311 2020
3326 1991
3323 1992
3326 1985
3325 1984
3279 1915
3275 1915
3276 1914
3277 1913
3191 1915
3191 1913
3189 1911
3315 2015
3311 2021
3323 1993
3327 1985
3325 1983
3279 1914
3274 1915
3191 1916
3192 1913
3189 1910
3316 2015
3310 2021
3323 1994
3328 1985
3326 1983
3280 1914
3274 1916
3193 1913
3188 1910
3317 2015
3309 2021
3310 2022
3324 1994
3323 1995
3329 1985
3328 1986
3327 1983
3326 1982
3281 1914
3280 1913
3273 1916
3193 1914
3193 1912
3187 1910
3317 2016
3317 2014
3309 2022
3310 2023
3325 1994
3323 1996
3328 1983
3326 1981
3282 1914
3281 1913
3280 1912
3272 1916
4003 1739
3194 1912
3187 1911
3187 1909
3317 2017
3308 2022
3309 2023
3326 1994
3322 1996
3323 1997
3329 1983
3325 1981
3282 1915
3279 1912
3280 1911
3271 1916
3272 1917
4003 1738
4003 1737
3187 1908
3318 2017
3317 2018
3308 2023
3326 1993
3322 1997
3323 1998
3330 1983
3324 1981
3283 1915
3282 1916
3279 1911
4001 1737
3319 2017
3316 2018
3308 2024
3321 1997
3330 1982
3324 1980
3284 1915
3283 1916
3279 1910
4002 1737
3320 2017
3307 2024
3308 2025
3320 1997
3331 1982
3330 1981
3323 1980
3324 1979
3285 1915
3278 1910
3279 1909
4001 1736
3321 2017
3306 2024
3308 2026
3320 1998
3332 1982
3329 1981
3330 1980
3323 1979
3325 1979
3324 1978
3286 1915
3285 1916
3277 1910
3279 1908
4002 1736
3321 2018
3309 2026
3307 2026
3308 2027
3320 1999
3333 1982
3329 1980
3331 1980
3324 1977
3287 1915
3286 1914
3285 1917
3276 1910
3277 1909
3280 1908
4001 1731
3322 2018
3310 2026
3307 2027
3320 2000
3333 1983
3333 1981
3328 1980
3329 1979
3323 1977
3287 1916
3285 1918
3275 1910
3280 1907
3322 2019
3307 2028
3333 1980
3327 1980
3328 1979
3322 1977
3323 1976
3287 1917
3286 1918
3274 1910
3281 1907
3280 1906
3323 2019
3322 2020
3307 2029
3333 1979
3327 1979
3323 1975
3287 1918
3274 1911
3274 1909
3282 1907
3323 2020
3308 2029
3307 2030
3334 1979
3324 1975
3288 1918
3283 1907
3324 2020
3323 2021
3306 2030
3307 2031
3335 1979
3324 1974
3284 1907
3283 1908
3283 1906
3325 2020
3305 2030
3307 2032
3336 1979
3325 1974
3324 1973
3284 1906
3283 1909
3325 2021
3325 2019
3305 2031
3306 2032
3337 1979
3326 1974
3325 1973
3324 1972
3285 1906
3326 2021
3325 2022
3326 2019
3306 2033
3337 1978
3324 1971
3286 1906
3326 2022
3305 2033
3306 2034
3337 1977
3323 1971
3287 1906
3327 2022
3326 2023
3305 2034
3307 2034
3337 1976
3322 1971
3287 1905
3328 2022
3327 2023
3326 2024
3308 2034
3307 2035
3337 1975
3322 1972
3322 1970
3288 1905
3329 2022
3326 2025
3309 2034
3307 2036
3336 1975
3337 1974
3322 1973
3321 1970
3288 1904
3330 2022
3326 2026
3310 2034
3309 2033
3306 2036
3335 1975
3338 1974
3337 1973
3321 1973
3289 1904
3331 2022
3330 2023
3326 2027
3310 2035
3309 2032
3306 2037
3335 1976
3337 1972
3321 1974
3289 1903
3331 2023
3330 2024
3326 2028
3310 2036
3310 2032
3309 2031
3306 2038
3337 1971
3321 1975
3290 1903
3332 2023
3311 2036
3305 2038
3338 1971
3337 1970
3320 1975
3291 1903
3332 2024
3312 2036
3311 2037
3304 2038
3339 1971
3338 1970
3337 1969
3320 1976
3291 1904
3291 1902
3332 2025
3312 2037
3312 2035
3311 2038
3303 2038
3336 1969
3319 1976
3320 1977
3292 1904
3291 1905
3292 1902
3291 1901
3333 2025
3331 2025
3312 2038
3311 2039
3303 2039
3336 1968
3318 1976
3320 1978
3290 1905
3292 1901
3291 1900
3334 2025
3333 2026
3313 2038
3312 2039
3311 2040
3303 2040
3335 1968
3318 1975
3319 1978
3320 1979
3293 1901
3292 1900
3290 1900
3291 1899
3335 2025
3333 2027
3314 2038
3311 2041
3304 2040
3303 2041
3334 1968
3317 1975
3318 1978
3289 1900
2030 2323
3291 1898
3334 2027
3333 2028
3314 2039
3312 2041
3334 1969
3316 1975
3318 1979
3289 1899
3334 2028
3332 2028
3312 2042
3315 1975
3318 1980
3289 1898
3334 2029
3332 2029
3312 2043
3315 1974
3319 1980
3318 1981
3288 1898
3335 2029
3334 2030
3312 2044
3315 1973
3317 1981
3318 1982
3287 1898
3336 2029
2721 2492
3316 1973
3314 1973
3316 1981
3317 1982
3286 1898
3337 2029
2720 2492
2719 2492
3317 1973
3313 1973
3314 1972
3316 1980
3286 1899
3286 1897
3337 2028
2716 2492
2719 2491
3312 1973
3315 1980
3285 1899
3285 1897
3337 2027
2717 2492
2718 2491
2717 2491
3312 1972
3285 1900
3032 2367
3338 2027
2922 2705
3119 2074
3285 1901
3031 2367
3339 2027
3338 2026
2902 2664
2896 2752
3120 2074
3121 2074
3121 2073
3030 2366
3338 2025
2336 2703
2338 2703
2460 2974
2317 2699
3031 2366
3029 2364
3338 2024
2447 2672
2325 2713
3031 2365
3030 2364
3338 2023
2476 2845
2736 2673
2709 2531
3031 2364
3338 2022
2347 2721
2497 2726
2316 2701
3031 2363
3339 2022
3338 2021
2477 2845
2494 2728
2913 2722
3032 2363
3339 2021
3337 2021
2376 2721
2453 2883
3034 2362
3340 2021
3336 2021
2380 2729
2315 2704
3033 2363
3035 2362
3341 2021
3340 2020
3335 2021
2372 2733
2322 2717
4054 1273
3034 2363
3035 2363
3340 2019
3334 2021
3335 2022
3293 1720
4058 1238
2444 2842
3037 2362
3036 2363
3037 2363
2563 2664
3341 2019
3339 2019
3333 2021
3334 2022
2448 2886
2560 2600
2420 2952
2238 2711
2784 2533
2574 2567
3341 2018
3338 2019
3332 2021
2557 2599
2438 2844
2573 2566
2563 2665
2565 2665
2736 2674
2766 2668
3342 2018
3341 2017
2443 2948
2908 2662
2901 2753
2577 2704
2916 2785
2918 2785
3343 2018
3340 2017
2643 2610
2818 2471
2792 2437
2237 2708
2219 2686
2780 2533
2645 2611
2577 2707
2564 2666
3344 2018
3339 2017
2642 2609
2922 2707
2560 2566
2561 2671
2560 2672
2202 2742
2259 2713
3345 2018
2638 2608
2765 2559
2766 2554
2740 2483
2637 2608
2643 2608
2578 2705
3346 2018
3345 2017
2717 2490
2753 2657
2578 2707
2929 2702
2893 2752
3347 2018
3346 2019
3345 2016
2754 2658
2712 2491
2713 2492
2424 2948
2565 2667
2561 2673
2223 2685
2477 2949
3348 2018
3347 2017
3346 2020
3346 2016
2768 2555
2768 2553
2579 2706
2612 2624
2640 2608
2582 2664
3349 2018
3347 2020
3345 2020
3346 2021
3346 2015
2743 2483
2713 2493
2915 2765
2479 2956
2474 2953
2780 2532
2789 2458
2238 2717
2613 2625
2612 2632
3350 2018
3348 2020
3344 2020
3346 2022
3346 2014
2709 2487
2771 2557
2610 2628
2581 2707
2584 2664
2565 2673
3351 2018
3350 2019
3349 2020
3343 2020
3346 2023
3347 2014
3345 2014
3346 2013
2185 2737
2768 2552
2751 2549
2922 2778
2426 2945
2427 2944
2810 2464
3352 2018
3349 2021
3344 2014
3345 2013
2189 2764
3061 2246
3056 2435
2566 2673
2565 2672
2611 2629
3352 2019
3349 2022
3344 2013
3059 2248
3021 2223
3021 2224
2640 2612
3353 2019
3349 2023
3343 2013
3057 2435
3020 2224
3062 2247
3057 2253
2579 2711
3349 2024
3342 2013
3343 2012
3056 2434
3056 2437
2805 2610
3055 2252
3057 2252
2578 2712
3350 2024
3341 2013
3056 2436
3056 2252
3065 2249
3056 2248
2197 2758
3350 2025
3340 2013
3341 2014
3341 2012
3056 2251
2477 2830
3061 2499
2362 2698
2838 2269
2566 2672
2623 2618
2423 2691
3058 2249
3065 2247
2613 2628
2640 2613
3058 2250
3057 2249
3062 2248
2751 2550
2893 2751
3064 2247
3058 2248
2580 2712
2583 2709
2586 2664
2614 2629
2639 2614
2803 2432
2246 2739
2831 2645
2586 2665
2740 2496
2830 2646
2832 2650
2203 2755
2615 2629
2639 2615
2568 2674
2725 2491
2214 2743
2213 2742
2212 2741
2202 2759
2202 2755
2570 2673
2453 2973
2214 2744
2820 2646
2821 2649
2947 2772
2456 2973
2884 2756
2823 2649
2821 2647
2453 2972
2452 2971
2828 2650
2903 2813
2904 2814
2201 2754
2209 2741
2202 2762
2200 2754
2446 2936
2444 2938
2829 2648
2826 2650
2824 2648
2826 2648
2825 2647
2436 2942
2199 2754
2200 2753
2906 2800
2826 2646
2446 2937
2830 2642
2826 2645
2828 2645
2907 2799
2827 2641
2445 2938
2826 2641
3045 2380
2913 2746
2917 2681
2436 2943
2956 2770
2198 2763
2199 2765
2767 2665
2435 2944
2464 2962
2822 2635
2819 2635
2821 2635
2820 2635
2775 2663
2465 2963
2446 2938
2437 2945
2436 2944
2870 2764
2198 2758
2819 2615
2806 2598
2819 2630
2192 2757
2407 2783
2874 2763
2923 2740
2910 2806
2208 2734
3047 2381
2812 2627
2200 2771
2194 2761
2819 2618
2253 2729
2259 2727
2820 2619
2191 2760
2208 2730
2817 2629
2202 2736
2768 2663
3033 2830
3026 2827
2768 2665
2191 2762
2209 2729
2206 2730
2207 2729
2797 2598
2460 2965
2462 2961
2463 2964
2817 2627
2202 2738
2205 2730
2207 2728
2775 2664
2877 2657
2896 2654
2947 2768
2905 2660
2800 2597
2802 2599
2799 2598
2798 2599
2925 2739
2946 2773
2245 2739
2801 2599
2799 2599
2198 2740
2199 2742
2185 2764
2247 2739
3033 2829
2895 2653
2800 2599
2799 2600
2802 2601
2955 2772
2956 2773
2444 2940
2405 2785
2192 2742
2811 2618
2811 2620
2800 2601
2925 2742
2883 2765
2414 2802
2868 2766
2812 2620
2811 2619
2800 2602
2193 2748
2194 2749
2912 2747
2771 2664
2412 2806
3050 2382
2171 2758
2815 2620
2176 2765
2932 2722
2880 2657
2413 2805
2244 2683
2815 2619
2175 2768
2184 2738
2186 2734
2925 2743
2242 2683
2879 2760
2920 2684
3051 2382
2815 2616
2943 2798
2174 2755
2957 2775
3050 2383
2804 2611
2960 2773
2175 2756
2413 2802
2175 2754
2959 2772
2852 2666
2804 2610
2177 2737
2175 2737
2181 2731
2412 2805
2182 2728
2183 2727
2898 2816
2734 2650
2176 2752
2173 2738
2243 2683
2809 2604
2734 2651
2736 2651
2176 2741
2172 2735
2731 2668
2945 2767
2158 2762
2159 2763
2813 2612
2812 2611
2814 2611
2810 2609
2809 2608
2946 2768
2813 2611
2178 2743
2959 2770
2959 2776
2735 2653
2171 2727
2257 2724
2240 2691
2176 2724
2816 2607
2814 2607
2822 2608
2824 2606
2457 2966
2815 2607
2736 2655
2735 2654
2182 2712
2460 2963
2903 2662
2960 2776
2185 2710
2443 2942
2184 2709
2818 2606
2442 2943
2817 2605
2616 2484
2445 2944
2819 2605
2182 2709
2733 2668
2739 2670
2459 2963
2443 2943
2738 2654
2734 2668
2181 2706
2872 2769
2911 2807
2931 2726
2824 2599
2819 2602
2619 2482
2910 2808
2823 2599
2820 2600
2820 2602
2404 2789
2088 2344
2170 2270
2169 2271
2169 2267
2410 2801
2410 2803
2165 2267
2156 2282
2628 2489
2625 2480
2624 2481
2246 2736
2164 2284
2105 2336
2098 2345
2170 2269
2169 2272
2169 2268
2261 2715
3003 2794
2169 2266
2625 2485
2650 2486
2649 2491
2827 2602
3033 2828
2397 2784
2244 2688
2627 2486
2099 2345
2098 2344
2086 2344
2087 2343
2244 2690
2243 2689
2172 2270
2170 2272
2585 2710
2585 2663
2582 2708
2169 2273
2169 2265
2456 2964
2455 2963
2456 2963
2163 2267
2164 2268
2165 2265
2580 2706
2642 2610
3285 1896
3285 1895
3285 1894
3284 1894
3285 1893
3284 1893
3286 1893
3283 1893
3283 1892
3283 1891
3283 1890
3284 1890
3282 1890
3285 1890
3282 1889
3286 1890
3285 1889
3281 1889
3282 1888
3287 1890
3280 1889
3281 1888
3283 1888
3287 1891
3287 1889
2230 2204
3280 1890
3284 1888
3288 1891
3287 1888
2230 2206
3289 1891
3288 1892
3286 1888
3287 1887
2230 2205
2229 2205
3289 1892
3286 1887
3288 1887
2228 2205
3290 1892
3288 1886
2226 2208
3290 1893
3288 1885
2228 2206
3290 1894
3289 1885
3288 1884
2226 2207
2227 2206
3290 1895
3290 1885
3288 1883
2226 2206
3289 1895
3290 1896
3291 1885
3290 1886
3289 1883
3287 1883
3288 1882
2223 2206
3289 1896
3292 1885
3286 1883
2225 2206
3292 1884
3286 1884
3286 1882
2219 2219
2224 2206
3293 1884
3286 1881
2218 2219
3293 1883
3294 1883
3294 1882
3294 1881
3295 1881
3293 1881
3295 1880
3292 1881
3295 1879
3291 1881
3296 1879
3295 1878
3290 1881
3291 1882
3291 1880
3296 1878
3294 1878
3297 1878
3296 1877
3293 1878
3294 1877
3296 1876
3292 1878
3297 1876
3295 1876
3298 1876
3295 1875
3298 1877
3295 1874
3296 1874
3296 1873
3296 1872
3296 1871
3297 1871
3295 1871
3298 1871
3297 1870
3294 1871
3295 1870
3299 1871
3297 1869
3294 1872
3294 1870
3299 1870
3293 1872
3299 1869
3292 1872
3299 1868
3291 1872
3292 1873
3299 1867
3291 1873
3298 1867
3291 1874
3297 1867
3291 1875
3296 1867
3291 1876
3295 1867
3294 1867
3294 1868
3294 1866
3293 1868
3294 1865
3294 1864
3294 1863
3295 1863
3295 1862
3296 1862
3296 1861
3297 1861
3296 1860
3297 1860
3297 1859
3298 1859
3298 1858
3298 1857
3299 1857
3298 1856
3300 1857
3299 1856
3300 1858
3300 1859
3301 1859
3300 1860
3302 1859
3302 1860
3302 1858
3303 1860
3302 1861
3302 1857
3302 1862
3302 1856
3302 1863
3303 1856
3301 1856
3304 1856
3305 1856
3304 1857
3304 1855
3305 1857
3305 1855
3304 1854
3305 1858
3304 1853
3306 1858
3305 1859
3304 1852
3307 1858
3305 1860
3304 1851
3308 1858
3307 1857
3304 1850
3309 1858
3308 1859
3303 1850
3304 1849
3309 1859
3308 1860
3302 1850
3310 1859
3301 1850
3311 1859
3310 1860
3300 1850
3312 1859
3311 1858
3310 1861
3300 1851
3300 1849
3313 1859
3311 1857
3309 1861
3310 1862
3300 1852
3300 1848
3314 1859
3313 1860
3311 1856
3311 1862
3301 1852
3300 1853
3299 1848
3300 1847
3315 1859
3311 1863
3300 1854
3299 1847
3301 1847
3315 1858
3312 1863
3311 1864
3301 1846
3315 1857
3311 1865
3301 1845
3314 1857
3312 1865
3311 1866
3300 1845
3301 1844
3313 1865
3312 1866
3299 1845
3302 1844
3301 1843
3314 1865
3313 1866
3313 1864
3298 1845
3299 1844
3303 1844
3301 1842
3315 1865
3313 1867
3297 1845
3298 1846
3303 1845
3303 1843
3300 1842
3301 1841
3315 1866
3313 1868
3296 1845
3297 1844
3303 1846
3303 1842
3300 1841
3302 1841
3316 1866
3295 1845
3296 1844
3304 1846
3303 1847
3303 1841
3299 1841
3316 1867
3294 1845
3295 1844
3303 1840
3317 1867
3316 1868
3293 1845
3294 1846
3295 1843
3303 1839
3318 1867
3317 1868
3316 1869
3293 1844
3294 1847
3295 1842
3304 1839
3302 1839
3319 1867
3317 1869
3293 1847
3294 1842
3305 1839
3304 1838
3301 1839
3320 1867
3319 1866
3317 1870
3293 1848
3293 1842
3306 1839
3305 1838
3304 1837
3301 1838
3321 1867
3320 1868
3320 1866
3318 1870
3317 1871
3292 1842
3307 1839
3304 1836
3300 1838
3322 1867
3321 1866
3292 1843
3292 1841
1962 2376
3307 1840
3304 1835
3299 1838
3323 1867
3321 1865
3291 1843
3291 1841
2217 2399
3307 1841
3303 1835
3299 1837
3324 1867
3323 1866
3322 1865
3321 1864
3291 1844
3290 1841
3291 1840
3308 1841
3306 1841
3303 1834
2773 2513
3325 1867
3323 1865
3290 1844
3289 1841
3291 1839
3309 1841
3306 1842
3302 1834
3303 1833
2569 2558
3325 1866
3290 1845
3288 1841
3292 1839
3290 1839
3310 1841
3309 1842
3306 1843
3301 1834
3303 1832
2791 2440
3326 1866
3290 1846
3288 1842
3288 1840
3293 1839
3290 1838
3311 1841
3307 1843
3300 1834
3303 1831
3326 1865
3291 1846
3287 1842
3288 1843
3288 1839
3293 1838
3289 1838
3312 1841
3307 1844
3299 1834
3303 1830
3327 1865
3288 1844
3288 1838
3312 1842
3312 1840
3308 1844
3298 1834
3302 1830
3328 1865
3288 1845
3287 1838
3313 1842
3312 1839
3309 1844
3297 1834
3301 1830
3328 1866
3288 1846
3286 1838
3313 1843
3313 1839
3312 1838
3310 1844
3296 1834
3297 1833
3301 1829
3328 1867
3288 1847
3286 1839
3286 1837
3314 1839
3312 1837
3310 1845
3310 1843
3295 1834
3296 1835
3300 1829
3328 1868
3286 1840
3285 1837
3286 1836
3315 1839
3311 1837
3312 1836
3311 1845
3310 1846
3294 1834
3300 1828
3329 1868
3328 1869
3284 1837
3287 1836
3311 1836
3312 1835
3312 1845
3310 1847
3300 1827
3330 1868
3329 1869
3327 1869
3288 1836
3001 2556
3313 1835
3310 1848
3301 1827
3331 1868
3329 1870
3289 1836
3314 1835
3309 1848
3310 1849
3302 1827
3330 1870
3329 1871
3315 1835
3314 1836
3308 1848
2787 2432
3311 1849
3302 1828
3302 1826
3331 1870
3329 1872
3316 1835
3315 1834
3307 1848
3308 1847
3303 1826
3302 1825
3331 1871
3330 1872
3329 1873
3316 1836
3316 1834
3306 1848
3307 1847
3302 1824
3332 1871
3330 1873
3303 1824
3302 1823
3330 1874
3303 1823
3302 1822
3331 1874
3330 1875
3304 1823
3301 1822
3332 1874
3331 1875
3329 1875
3305 1823
3301 1821
3333 1874
3331 1876
3328 1875
3329 1876
3306 1823
3305 1822
3300 1821
3334 1874
3331 1877
3327 1875
3307 1823
3305 1821
3299 1821
3300 1820
3335 1874
3331 1878
3327 1876
3327 1874
3307 1822
3304 1821
3298 1821
3299 1822
3300 1819
3335 1875
3335 1873
3332 1878
3326 1876
3327 1877
3326 1874
3308 1822
3303 1821
3304 1820
3297 1821
3301 1819
3300 1818
3336 1875
3336 1873
3333 1878
3325 1876
3326 1877
3326 1873
3308 1821
3302 1819
3299 1818
3336 1876
3337 1873
3334 1878
3324 1876
3326 1878
3325 1873
3309 1821
3302 1820
3302 1818
3298 1818
3336 1877
3338 1873
3337 1872
3334 1877
3323 1876
3325 1872
3310 1821
3309 1820
3303 1818
3302 1817
3298 1819
3336 1878
3338 1872
3337 1871
3323 1877
3324 1872
3325 1871
3311 1821
3310 1820
3303 1817
3301 1817
3302 1816
3297 1819
3336 1879
3339 1872
3336 1871
3322 1877
3323 1878
3312 1821
3311 1822
3302 1815
3337 1879
3340 1872
3339 1871
3322 1878
3313 1821
3311 1823
3301 1815
3337 1880
3341 1872
3321 1878
3322 1879
3300 1815
3338 1880
3341 1873
3320 1878
3299 1815
3339 1880
3338 1881
3342 1873
3341 1874
3319 1878
3320 1879
3320 1877
3298 1815
3299 1814
3339 1881
3343 1873
3342 1874
3340 1874
3318 1878
3297 1815
3339 1882
3344 1873
3339 1874
3318 1879
3296 1815
3297 1814
3345 1873
3339 1875
3318 1880
3295 1815
3345 1872
3339 1876
3318 1881
3295 1816
3346 1872
3317 1881
3294 1816
3295 1817
3347 1872
3346 1871
3317 1882
3293 1816
3294 1817
3296 1817
3347 1873
3316 1882
3317 1883
3292 1816
3293 1817
3294 1818
3348 1873
3316 1883
3318 1883
3291 1816
3292 1815
3349 1873
3319 1883
3292 1814
3349 1874
3349 1872
3319 1884
3291 1814
3292 1813
3349 1875
3349 1871
3319 1885
3291 1813
3293 1813
3349 1876
3350 1871
3348 1871
3349 1870
3319 1886
3290 1813
3291 1812
3294 1813
3349 1877
3351 1871
3319 1887
3289 1813
3291 1811
3294 1812
3349 1878
3352 1871
3351 1870
3319 1888
3288 1813
3289 1812
3291 1810
3294 1811
3350 1878
3349 1879
3353 1871
3352 1872
3351 1869
3320 1888
3319 1889
3287 1813
3288 1814
3291 1809
3295 1811
3351 1878
3349 1880
3352 1873
3350 1869
3351 1868
3320 1889
3318 1889
3286 1813
3288 1815
3292 1809
3296 1811
3295 1810
3352 1878
3351 1879
3349 1881
3351 1873
3352 1874
3350 1868
3352 1868
3351 1867
3320 1890
3317 1889
3318 1890
3285 1813
3289 1815
3292 1808
3296 1812
3295 1809
3350 1881
3348 1881
3349 1882
3353 1874
3349 1868
3350 1867
3353 1868
3352 1867
3321 1890
3320 1891
3316 1889
3284 1813
3293 1808
2019 2774
3296 1809
3295 1808
3348 1882
3354 1874
3348 1868
3349 1867
3350 1866
3354 1868
3353 1869
3321 1891
3316 1888
3283 1813
2243 2529
2214 2476
3297 1809
3295 1807
3347 1882
3354 1875
3347 1868
3349 1866
3355 1868
3322 1891
3321 1892
3316 1887
3283 1814
2218 2480
2219 2479
2094 2787
3298 1809
3296 1807
3347 1867
3348 1866
3349 1865
3355 1869
3323 1891
3321 1893
3316 1886
3283 1815
2013 2777
2016 2776
3298 1810
3297 1807
3347 1866
3348 1865
3355 1870
3324 1891
3320 1893
3321 1894
3315 1886
3284 1815
3283 1816
2017 2773
2241 2541
2244 2530
3299 1810
3298 1807
3347 1865
3325 1891
3319 1893
3321 1895
3314 1886
3282 1816
2247 2532
2214 2479
2216 2479
2093 2789
3300 1810
3346 1865
3347 1864
3326 1891
3325 1892
3325 1890
3318 1893
3321 1896
3314 1887
3281 1816
2093 2791
2014 2776
2016 2774
3301 1810
3300 1811
3300 1809
3347 1863
3327 1891
3325 1889
3317 1893
3322 1896
3321 1897
3314 1888
3280 1816
2243 2540
2242 2539
2245 2532
2246 2533
3302 1810
3300 1808
3348 1863
3346 1863
3328 1891
3327 1892
3327 1890
3323 1896
3322 1897
3321 1898
3313 1888
3279 1816
2215 2480
2213 2483
2222 2488
2082 2767
3303 1810
3349 1863
3346 1862
3328 1892
3327 1889
3323 1895
3321 1899
3312 1888
3313 1889
3278 1816
3279 1815
2091 2790
2012 2773
2014 2773
2243 2538
2220 2488
2082 2769
2083 2770
3345 1862
3329 1892
3327 1888
3323 1894
3320 1899
3321 1900
3312 1887
3313 1890
3278 1815
2089 2790
2088 2789
2013 2772
2242 2537
2243 2536
2013 2771
2011 2769
3344 1862
3345 1861
3329 1893
3328 1888
3319 1899
3322 1900
3311 1887
3313 1891
3277 1815
3278 1814
2242 2536
2243 2535
2215 2485
2218 2486
3343 1862
3344 1863
3345 1860
3329 1894
3318 1899
3319 1900
3319 1898
3323 1900
3310 1887
3276 1815
3278 1813
2219 2487
2242 2535
2215 2486
2218 2487
2081 2771
3344 1864
3345 1859
3329 1895
3318 1898
3319 1901
3323 1901
3323 1899
3309 1887
3310 1888
3275 1815
3278 1812
2089 2787
2089 2793
2241 2533
2243 2533
2216 2486
2217 2487
3345 1864
3343 1864
3346 1859
3344 1859
3317 1898
3319 1902
3324 1901
3323 1902
3308 1887
3309 1886
3274 1815
3278 1811
2081 2772
2082 2773
2087 2787
2088 2792
2015 2769
2239 2523
2240 2524
3342 1864
3347 1859
3346 1858
3317 1897
3320 1902
3323 1903
3308 1888
3308 1886
3273 1815
2242 2532
2016 2769
2239 2524
2238 2525
2240 2525
3341 1864
3348 1859
3347 1858
3346 1857
3316 1897
3321 1902
3322 1903
3273 1816
2239 2532
2242 2531
2214 2487
2017 2769
3340 1864
3341 1865
3349 1859
3348 1858
3346 1856
3315 1897
3322 1904
2239 2525
2240 2532
2241 2530
2214 2489
3339 1864
3340 1865
3349 1860
3348 1857
3346 1855
3314 1897
3315 1896
3321 1904
2077 2777
2080 2776
2082 2778
3338 1864
3339 1865
3340 1866
3349 1861
3349 1857
3347 1855
3346 1854
3313 1897
3314 1896
3321 1905
2077 2778
2076 2779
2080 2777
2081 2778
2085 2786
3337 1864
3338 1863
3350 1861
3350 1857
3345 1854
3346 1853
3312 1897
3313 1898
3314 1895
3320 1905
2085 2790
2085 2787
2085 2789
2021 2769
2020 2768
3336 1864
3337 1865
3351 1857
3350 1856
3347 1853
3311 1897
3313 1899
3314 1894
3319 1905
2014 2758
2238 2530
2220 2495
3336 1863
3337 1866
3352 1857
3347 1852
3311 1898
3311 1896
3314 1899
1961 2379
3313 1900
3314 1893
3318 1905
2079 2779
2084 2788
2022 2768
2030 2766
3335 1863
3336 1862
3352 1858
3347 1851
3310 1898
3310 1896
3311 1895
3314 1900
3312 1900
3317 1905
3318 1904
2017 2761
2015 2759
2210 2544
3336 1861
3352 1859
3346 1851
3347 1850
3309 1896
3312 1895
3316 1905
2211 2544
2211 2546
2213 2494
3336 1860
3353 1859
3347 1849
3308 1896
3316 1906
2215 2494
2219 2496
2079 2781
3336 1859
3354 1859
3353 1860
3348 1849
3347 1848
3308 1897
3308 1895
3316 1907
2082 2788
2083 2787
2027 2772
2024 2769
3335 1859
3354 1860
3349 1849
3347 1847
3308 1898
3308 1894
3315 1907
3316 1908
2030 2769
2016 2749
2016 2751
2017 2758
2236 2527
3334 1859
3335 1858
3355 1860
3354 1861
3350 1849
3347 1846
3308 1899
3308 1893
3314 1907
2213 2546
2212 2545
2213 2545
2212 2496
3333 1859
3356 1860
3354 1862
3350 1850
3350 1848
3347 1845
3308 1900
3314 1906
2214 2496
2216 2496
2215 2497
2080 2783
2081 2786
2027 2770
3332 1859
3333 1860
3356 1861
3355 1862
3354 1863
3350 1847
3347 1844
3309 1900
3313 1906
2026 2769
2080 2786
2027 2769
2018 2750
2020 2750
2018 2756
2017 2755
2235 2525
3331 1859
3332 1860
3357 1861
3353 1863
3347 1843
3309 1901
3313 1905
2235 2531
2018 2755
2017 2752
2231 2528
2234 2525
2229 2538
2235 2532
2236 2533
3330 1859
3331 1858
3332 1861
3358 1861
3352 1863
3347 1842
3312 1905
3313 1904
2232 2528
2233 2525
2233 2527
2230 2538
2234 2532
2235 2533
2215 2541
2215 2543
2213 2499
2018 2753
3331 1857
3332 1862
3358 1862
3358 1860
3352 1864
3347 1841
3311 1905
3312 1904
2232 2527
2233 2526
2230 2537
2233 2532
2234 2533
2215 2542
3332 1857
3330 1857
3331 1862
3358 1863
3346 1841
3347 1840
3311 1906
2213 2500
2232 2532
2233 2533
2216 2542
2213 2501
2215 2501
3332 1856
3329 1857
3331 1863
3345 1841
3348 1840
3310 1906
2216 2502
2071 2790
2071 2792
2229 2536
2228 2535
2230 2535
2231 2532
2232 2533
3333 1856
3332 1855
3328 1857
3330 1863
3344 1841
3349 1840
3348 1839
3310 1907
2217 2542
2213 2502
2215 2502
2071 2791
2075 2793
2076 2786
3332 1854
3328 1858
3328 1856
3344 1842
3350 1840
3348 1838
3309 1907
2072 2791
2075 2792
2076 2787
2077 2788
2026 2763
3332 1853
3327 1858
3328 1855
3350 1841
3349 1838
3347 1838
3308 1907
2025 2762
2020 2755
2229 2522
2229 2526
2229 2534
2021 2755
2229 2523
3332 1852
3326 1858
3327 1855
3350 1842
3350 1838
3346 1838
3347 1837
3307 1907
2229 2525
2230 2524
2229 2531
2229 2533
2220 2542
3327 1854
3351 1842
3351 1838
3345 1838
3347 1836
2220 2544
2214 2504
2074 2783
2229 2532
2220 2543
2214 2505
3352 1842
3352 1838
3344 1838
3347 1835
2203 2512
2073 2783
2074 2790
2074 2785
2074 2789
2028 2761
2023 2756
3352 1843
3353 1838
3352 1839
3343 1838
3344 1837
2227 2524
2227 2532
2073 2789
2029 2761
2031 2761
2025 2755
2024 2756
3353 1843
3352 1844
3353 1839
3353 1837
3342 1838
3344 1836
2226 2524
2226 2532
2227 2531
2213 2507
2212 2508
2205 2513
2072 2785
2073 2788
2030 2761
3354 1843
3351 1844
3353 1840
3353 1836
3342 1837
2025 2756
2220 2511
2214 2507
2213 2508
2206 2513
2072 2786
2072 2788
2030 2760
3355 1843
3350 1844
3351 1845
3353 1841
3342 1836
2027 2757
2026 2756
2226 2526
2226 2530
2214 2508
2207 2513
2072 2787
2030 2759
2027 2756
3356 1843
3355 1844
3341 1836
2226 2527
2225 2530
2225 2542
2227 2540
2218 2507
2070 2786
2071 2787
2032 2760
2031 2759
3356 1844
3356 1842
3355 1845
3340 1836
3341 1835
2030 2754
2029 2755
2028 2756
2225 2527
2225 2529
2225 2541
3357 1844
3356 1841
3340 1835
2226 2540
2032 2759
2031 2754
2029 2756
2224 2527
2225 2528
2223 2540
3358 1844
3356 1840
3340 1834
2225 2540
2217 2508
2218 2509
2215 2510
2209 2514
2222 2530
2223 2529
3359 1844
3358 1845
3339 1834
2224 2528
2224 2540
2227 2537
2217 2509
2216 2510
2210 2514
3359 1845
3359 1843
2214 2514
2068 2787
2034 2759
2224 2539
2226 2535
3359 1846
3359 1842
2227 2536
2217 2510
2216 2511
2211 2514
2213 2514
2063 2779
2066 2786
3360 1846
3360 1842
2068 2786
2218 2528
2221 2539
1975 2332
2224 2538
3360 1847
3361 1842
2226 2536
2217 2511
2212 2514
2209 2521
2063 2780
2067 2786
2034 2757
2033 2756
2212 2515
3361 1847
3361 1841
2211 2522
2210 2521
2063 2781
2067 2785
2068 2784
2034 2756
2031 2749
2192 2542
3362 1847
3361 1840
2212 2516
2211 2521
2210 2518
2063 2782
2067 2784
2035 2756
2220 2529
2222 2537
3363 1847
3362 1840
3360 1840
2223 2536
2064 2782
2067 2783
2068 2782
2035 2755
2222 2536
2223 2535
3363 1848
3363 1846
3363 1840
3360 1839
2218 2514
2217 2515
2034 2749
2195 2544
2194 2543
2220 2531
2212 2519
2055 2775
2066 2782
3364 1848
3363 1849
3363 1845
3364 1840
3363 1839
2039 2745
2035 2753
2213 2519
2056 2775
2066 2781
2039 2746
2035 2752
2055 2779
3365 1848
3363 1850
3362 1845
3365 1840
2056 2776
2056 2778
2066 2780
2064 2778
2038 2746
2066 2779
2065 2778
3366 1848
3364 1850
3362 1850
3363 1851
3365 1841
3365 1839
2038 2747
2036 2751
2038 2751
2218 2534
2217 2519
2054 2777
3367 1848
3366 1847
3364 1851
3361 1850
3366 1841
3366 1839
2066 2777
2067 2776
2068 2775
2062 2777
3368 1848
3367 1849
3367 1841
3367 1839
3366 1838
2053 2777
2066 2774
2066 2776
2067 2775
2062 2776
2037 2749
2200 2544
3369 1848
3367 1850
3368 1839
3366 1837
2038 2749
2201 2544
2216 2533
2218 2521
2219 2522
2050 2778
2051 2777
3370 1848
3367 1851
3366 1836
2215 2533
2218 2522
2050 2777
2064 2775
2063 2774
2041 2750
2040 2749
2044 2747
3371 1848
3368 1851
3367 1852
3367 1836
2218 2523
2050 2776
2064 2774
2041 2749
2044 2748
2045 2749
2202 2542
2213 2533
2044 2749
2203 2542
2212 2533
3371 1849
3371 1847
3369 1851
3366 1852
3367 1853
3368 1836
2217 2524
2050 2774
2064 2772
2043 2749
2204 2542
2212 2534
2064 2771
2043 2750
2046 2765
2205 2542
3370 1851
3369 1850
3365 1852
3367 1854
3369 1836
3368 1835
2210 2533
2211 2534
2217 2526
2049 2771
2049 2773
2048 2772
2210 2534
2215 2527
2216 2526
2049 2772
3371 1851
3368 1854
3368 1834
2063 2770
2043 2752
2045 2764
2046 2763
2206 2541
2207 2540
2062 2770
2043 2753
2045 2763
2201 2537
2206 2540
2207 2539
3369 1854
3368 1855
3367 1834
3368 1833
2209 2535
2045 2762
2202 2537
2201 2538
2206 2539
2207 2538
2209 2536
2045 2761
2203 2539
3370 1854
3369 1853
3368 1856
3368 1832
2202 2538
2206 2538
2208 2536
2213 2527
2052 2771
2051 2770
2207 2536
3369 1856
3368 1857
3369 1832
3367 1832
3368 1831
2212 2527
2052 2770
2053 2769
2059 2769
3369 1857
3367 1857
3370 1832
3367 1831
2061 2767
2062 2766
2043 2757
2056 2769
3369 1858
3366 1857
3370 1831
3367 1830
2058 2769
2061 2766
2044 2757
2044 2759
3369 1859
3367 1829
2204 2537
2045 2757
2044 2758
2131 2709
2204 2536
2207 2533
2057 2768
3370 1859
3369 1860
3367 1828
2059 2766
2045 2758
2111 2714
2110 2715
2130 2709
2131 2710
3371 1859
3368 1860
3369 1861
3368 1828
2049 2767
2052 2766
2055 2767
2057 2767
2059 2765
2199 2533
2204 2534
3372 1859
3367 1860
2206 2532
2207 2525
2208 2526
2050 2767
3373 1859
3366 1860
3367 1861
2051 2766
2112 2717
2111 2716
2127 2710
2130 2711
3373 1860
3373 1858
3366 1861
3367 1862
2201 2534
2200 2533
2203 2534
2205 2532
3374 1860
3366 1862
2206 2525
2112 2716
2127 2711
2129 2711
2130 2716
2201 2533
3365 1862
3366 1863
2203 2533
2204 2530
2205 2531
2206 2526
2050 2765
3366 1864
2056 2765
2203 2532
2204 2531
2206 2527
2050 2764
3367 1864
3365 1864
3366 1865
2055 2765
2049 2763
2048 2760
2114 2714
2113 2715
2128 2712
3368 1864
3364 1864
3365 1865
2130 2714
2054 2765
2049 2762
2048 2761
3368 1865
3363 1864
3364 1865
3365 1866
2116 2713
2114 2715
2128 2713
2129 2714
3368 1866
3362 1864
3363 1865
2198 2531
2197 2530
2202 2531
2054 2764
3368 1867
3361 1864
3362 1863
2050 2762
2049 2761
2116 2714
2115 2715
3369 1867
3367 1867
3368 1868
3361 1865
3361 1863
3362 1862
2127 2713
2128 2714
2128 2716
2198 2530
3370 1867
3366 1867
2197 2529
4231 1268
4228 1266
3371 1867
3370 1866
3366 1868
2053 2764
2051 2760
2050 2761
2117 2716
3372 1867
3370 1865
3365 1868
2116 2715
2127 2714
2128 2717
2202 2519
2205 2524
4229 1265
4229 1267
3373 1867
3372 1868
3371 1865
4232 1268
4230 1268
2053 2763
2051 2761
2117 2715
2127 2715
3374 1867
3372 1869
2126 2718
2202 2520
2204 2524
4227 1266
4228 1265
2053 2762
3375 1867
3371 1869
2052 2761
2119 2714
2119 2716
2118 2715
2126 2715
3375 1868
3375 1866
3370 1869
3371 1870
2126 2717
2198 2513
2198 2527
2201 2528
3375 1869
3376 1866
3375 1865
3369 1869
3371 1871
2126 2716
2198 2514
2200 2528
3376 1869
3375 1870
3375 1864
3372 1871
2199 2527
2201 2527
2201 2521
2202 2526
3377 1869
3375 1871
3375 1863
3372 1872
2203 2525
4227 1265
2053 2760
2054 2759
2113 2740
3377 1870
3377 1868
3375 1872
3376 1863
3373 1872
3372 1873
2195 2514
2197 2514
2200 2527
2201 2522
2202 2525
3377 1867
3375 1873
3377 1863
2065 2733
2063 2737
4228 1264
2053 2759
2114 2740
3378 1867
3375 1874
3377 1864
2121 2739
2123 2735
2196 2514
2200 2526
2201 2523
2202 2524
3379 1867
3376 1874
3374 1874
3377 1865
2064 2733
2064 2737
2065 2736
4229 1269
2052 2759
2053 2758
3380 1867
3377 1874
3374 1875
2114 2739
2113 2738
2196 2515
2197 2516
2200 2525
2201 2524
3380 1868
3377 1875
3377 1873
2064 2734
2064 2736
3325 1738
2052 2758
3381 1868
3378 1873
2051 2757
2056 2758
2114 2738
3382 1868
3379 1873
2121 2735
2121 2737
2122 2736
3382 1869
3380 1873
3379 1872
2122 2716
2056 2757
2115 2738
2121 2736
3381 1873
3379 1871
2122 2717
2121 2722
2195 2516
2199 2524
2062 2734
2063 2735
3381 1872
3379 1870
2053 2747
2055 2747
2052 2756
2055 2757
2056 2756
2115 2737
2061 2734
3382 1872
3379 1869
2062 2735
2054 2747
2053 2756
2055 2756
2116 2737
3383 1872
2118 2737
2119 2736
2120 2717
2121 2720
2195 2518
2198 2523
3384 1872
2197 2523
2061 2736
2054 2749
3385 1872
2054 2755
2117 2736
2119 2718
3385 1873
3385 1871
2119 2720
2195 2520
3385 1874
3385 1870
2197 2522
2196 2522
2060 2737
3386 1874
3385 1875
3385 1869
2057 2740
2055 2750
2054 2753
2117 2734
3387 1874
3384 1875
3386 1869
3385 1868
2117 2718
2116 2719
2118 2719
3388 1874
3387 1869
3384 1868
2117 2719
2193 2521
2192 2522
2195 2523
2060 2739
3389 1874
3388 1875
3388 1873
3388 1869
3384 1867
2059 2740
2055 2752
2060 2740
2057 2751
2056 2752
3389 1875
3388 1872
3389 1869
3388 1868
2085 2761
2085 2763
2086 2762
2115 2733
2113 2721
2115 2721
2057 2752
3389 1876
3389 1872
3387 1872
3388 1867
2084 2763
2085 2762
2113 2734
2114 2733
2114 2721
2117 2722
3390 1876
3388 1866
2118 2723
2193 2524
2062 2740
2057 2753
2084 2762
2113 2723
2117 2723
2192 2524
2063 2740
3390 1877
3389 1866
2058 2753
2083 2762
2113 2732
2059 2753
2081 2757
2080 2762
2082 2762
3391 1877
2112 2732
2109 2731
2115 2723
2081 2762
2111 2732
2110 2731
2115 2724
2115 2726
3391 1878
2111 2731
2115 2725
2114 2728
2191 2527
2065 2742
2067 2742
2068 2743
2060 2751
2069 2745
3392 1878
3391 1879
2064 2746
2062 2746
2061 2751
2079 2759
2080 2760
3393 1878
3390 1879
3391 1880
2062 2753
2066 2753
2067 2760
2077 2758
2078 2761
2079 2760
2111 2728
3394 1878
3389 1879
3392 1880
3391 1881
2068 2762
2067 2761
2077 2759
2078 2760
2111 2727
3394 1879
3391 1882
2112 2726
2188 2528
2111 2726
2188 2529
3395 1879
3392 1882
3391 1883
2066 2746
2063 2749
2064 2752
2069 2761
2075 2760
3396 1879
3393 1882
3391 1884
2111 2724
2186 2529
2187 2530
2066 2748
2064 2750
2070 2760
3396 1880
3394 1882
3390 1884
2065 2750
2070 2759
2074 2757
2075 2758
2106 2727
2105 2726
3397 1880
3389 1884
2110 2723
2109 2726
2186 2531
2184 2533
3398 1880
2070 2756
2109 2723
2109 2725
3399 1880
2186 2532
2185 2533
2070 2755
2068 2753
3400 1880
3399 1881
2069 2748
2067 2750
2072 2759
3400 1879
3399 1882
2071 2758
2073 2758
2069 2749
2068 2750
3401 1879
3400 1878
3398 1882
2072 2758
2107 2725
2106 2724
2108 2724
3402 1879
3399 1878
3397 1882
3398 1883
2179 2517
2180 2518
2186 2534
2178 2519
2180 2519
3403 1879
3402 1878
3399 1877
3398 1884
2186 2535
2071 2749
2070 2752
2069 2751
2072 2756
2107 2723
3404 1879
3403 1880
3402 1877
3398 1877
3399 1884
3397 1884
2185 2535
2071 2750
2071 2752
2070 2751
3405 1879
3403 1881
3403 1877
3401 1877
3398 1876
3400 1884
3399 1885
3397 1885
2072 2755
2107 2722
2108 2721
2176 2523
2175 2522
3405 1880
3403 1882
3403 1876
3398 1875
3401 1884
3399 1886
3396 1885
2179 2521
2171 2539
2182 2536
3405 1881
3404 1882
3403 1875
3397 1875
3398 1874
3401 1885
3401 1883
3399 1887
3396 1886
2183 2535
2178 2582
3404 1883
3396 1875
3399 1874
2865 2536
3399 1888
2179 2583
2073 2750
2072 2751
2177 2522
3405 1883
3400 1874
2864 2535
3400 1888
3399 1889
2179 2522
2179 2526
3406 1883
3405 1884
2865 2535
3398 1889
2180 2523
2172 2539
2182 2535
2178 2583
3406 1882
3405 1885
2865 2534
3397 1889
3398 1890
2175 2586
2073 2751
2181 2535
2178 2584
3406 1885
3397 1890
3397 1888
2176 2586
2073 2752
3407 1885
3396 1890
3397 1891
3397 1887
2109 2712
2106 2719
3407 1886
3407 1884
3395 1890
3397 1892
2178 2523
2179 2524
2174 2539
3408 1886
3407 1887
3408 1884
3394 1890
3395 1889
3398 1892
3397 1893
2180 2535
2178 2585
2109 2711
3407 1888
3408 1883
3393 1890
3395 1888
3397 1894
2107 2719
2178 2524
2174 2538
2179 2535
3407 1889
3409 1883
3393 1891
3394 1888
3397 1895
2178 2586
2176 2588
3407 1890
3410 1883
3409 1882
3393 1892
3394 1887
2176 2590
2175 2589
2075 2752
3408 1890
3406 1890
3411 1883
3410 1884
3409 1881
3394 1892
3392 1892
3393 1887
2106 2709
2105 2710
2108 2711
3409 1890
3411 1884
3408 1881
3409 1880
3395 1892
3392 1893
3392 1887
2176 2589
2075 2751
2106 2710
2107 2711
3412 1884
3407 1881
3408 1880
3410 1880
3409 1879
3391 1893
3392 1894
3392 1886
2107 2717
2177 2525
2176 2538
2178 2538
2179 2537
2108 2715
2177 2526
3413 1884
3412 1885
3410 1879
3390 1893
3393 1894
3392 1895
2178 2527
2176 2537
2178 2537
2180 2587
3414 1884
3412 1886
3411 1879
3389 1893
3393 1895
2181 2588
2179 2588
2180 2588
2179 2589
2177 2603
3415 1884
3414 1885
3414 1883
3412 1879
3411 1878
3388 1893
3394 1895
2075 2738
2076 2749
2106 2713
2107 2714
3416 1884
3414 1886
3411 1877
3387 1893
3395 1895
2074 2738
2076 2748
2106 2714
2177 2529
2177 2535
3417 1884
3415 1886
3414 1887
3411 1876
3387 1894
2077 2748
2105 2714
2165 2532
2173 2530
2176 2529
2177 2534
3418 1884
3417 1885
3415 1887
3410 1876
3411 1875
3386 1894
2104 2714
2166 2532
2174 2530
2176 2530
2175 2535
3418 1885
3416 1887
3409 1876
3412 1875
3385 1894
2075 2740
2074 2741
2074 2743
2077 2746
3419 1885
3413 1875
3412 1874
3384 1894
3385 1893
2104 2715
2181 2602
2185 2598
3419 1886
3413 1876
3413 1874
3383 1894
2075 2741
2074 2742
2076 2746
2076 2745
2102 2715
3419 1887
3413 1877
3414 1874
3382 1894
3383 1895
2168 2531
2167 2530
2175 2532
3420 1887
3419 1888
3414 1877
3415 1874
3381 1894
3382 1895
3383 1896
2182 2593
2168 2530
2174 2532
2181 2593
3420 1888
3415 1875
3415 1873
3381 1895
3381 1893
3382 1896
3384 1896
2182 2598
2182 2600
2183 2599
2076 2743
3415 1876
3415 1872
3380 1893
3382 1897
3385 1896
3384 1897
2085 2692
2086 2693
2101 2714
3416 1876
3416 1872
3414 1872
3379 1893
3382 1898
3386 1896
3384 1898
2170 2530
3417 1876
3416 1877
3417 1872
3416 1871
3378 1893
3379 1894
3379 1892
3382 1899
3386 1897
2172 2532
3418 1876
3417 1877
3416 1878
3418 1872
3417 1873
3416 1870
3377 1893
3378 1894
3379 1891
3387 1897
3386 1898
2180 2594
3419 1876
3418 1877
3418 1875
3415 1878
3418 1871
3417 1874
3415 1870
3416 1869
3376 1893
3378 1891
3379 1890
3388 1897
3387 1898
3386 1899
2180 2600
2181 2599
3419 1875
3418 1870
3414 1870
3416 1868
3376 1894
3379 1889
3388 1896
3385 1899
2078 2743
3420 1875
3419 1870
3413 1870
3416 1867
3375 1894
3376 1895
3380 1889
3378 1889
3385 1900
2085 2694
2179 2599
3412 1870
3416 1866
3374 1894
3376 1896
3377 1889
3378 1888
2130 2446
2180 2598
2079 2742
3412 1871
3417 1866
3373 1894
3377 1888
3378 1887
2114 2443
2086 2695
2098 2713
2170 2533
3418 1866
3417 1865
3373 1893
3378 1886
2777 2590
2171 2534
2177 2594
2179 2596
2179 2598
3419 1866
3417 1864
3372 1893
3378 1885
2750 2611
2701 2533
2080 2738
2080 2742
2086 2696
2086 2699
3418 1864
3416 1864
3417 1863
3371 1893
3379 1885
3378 1884
2384 2709
2389 2708
2097 2712
2170 2535
3419 1864
3415 1864
3417 1862
3371 1892
3378 1883
2800 2577
4051 1273
2166 2607
2164 2605
3414 1864
3415 1865
3415 1863
3418 1862
3370 1892
3378 1882
4050 1272
2700 2520
2177 2596
2178 2597
3414 1865
3415 1862
3419 1862
3369 1892
3379 1882
2698 2520
2673 2473
2080 2740
2086 2698
3414 1866
3414 1862
3420 1862
3368 1892
2675 2471
2782 2586
2777 2591
2097 2711
2169 2536
3414 1867
3413 1862
3414 1861
3421 1862
3367 1892
2751 2611
2702 2533
2698 2539
2166 2605
3414 1868
3412 1862
3414 1860
3421 1863
3421 1861
3366 1892
4041 1263
2830 2414
2829 2413
2173 2604
2176 2597
3413 1868
3411 1862
3413 1860
3422 1863
3421 1860
3366 1891
2831 2414
2082 2740
2088 2698
3410 1862
3411 1863
3411 1861
3423 1863
3366 1890
2089 2699
2095 2711
3409 1862
3410 1861
3424 1863
3423 1864
2166 2538
2168 2536
2166 2604
3408 1862
3410 1860
3425 1863
3423 1865
2165 2603
2088 2700
3407 1862
3408 1861
3410 1859
3425 1864
3424 1865
3422 1865
2093 2705
3406 1862
3408 1860
3409 1859
3425 1865
3421 1865
2094 2710
2095 2707
3407 1860
3409 1858
3426 1865
3420 1865
2096 2708
3406 1860
3409 1857
3427 1865
3426 1866
2165 2535
3410 1857
3427 1866
3426 1867
2166 2536
2170 2603
3410 1856
3427 1867
2172 2597
3410 1855
3428 1867
2173 2596
2084 2738
3411 1855
3410 1854
3429 1867
2085 2737
2087 2701
3411 1854
3409 1854
3429 1868
3429 1866
2083 2704
3412 1854
3411 1853
3408 1854
3429 1865
2091 2706
2093 2708
2164 2537
3412 1853
3429 1864
2169 2602
2172 2595
2083 2737
3412 1852
3429 1863
2086 2702
3413 1852
3412 1851
3429 1862
2091 2708
3414 1852
3413 1851
3412 1850
3430 1862
3429 1861
2144 2537
2158 2531
3415 1852
3414 1853
3413 1850
3411 1850
3412 1849
3431 1862
3430 1861
3428 1861
2162 2537
2169 2600
2170 2595
3414 1850
3411 1849
3432 1862
3431 1861
3430 1860
2083 2735
2086 2704
2168 2600
2169 2595
2169 2599
3414 1849
3411 1848
3432 1863
2170 2596
2083 2734
3414 1848
3411 1847
3433 1863
2087 2704
2088 2709
3411 1846
3434 1863
2089 2708
2145 2536
3412 1846
3410 1846
3411 1845
3435 1863
3434 1864
2166 2599
2168 2595
2169 2598
3410 1845
3435 1862
3434 1865
2170 2597
2082 2734
3410 1844
3436 1862
3435 1865
3433 1865
2087 2705
2088 2708
2147 2535
3409 1844
3437 1862
3436 1861
2146 2536
2159 2533
2086 2709
2087 2706
3408 1844
3437 1863
2088 2707
2147 2536
2159 2534
2160 2535
2156 2537
2167 2598
2167 2591
2169 2593
3408 1845
3438 1863
3437 1864
2078 2735
2081 2732
2082 2731
2053 2728
2054 2727
3407 1845
3439 1863
3438 1864
2086 2707
2148 2537
2147 2538
2150 2537
2056 2728
2085 2707
3406 1845
3407 1846
3440 1863
3438 1865
2148 2538
2150 2538
2159 2537
2160 2538
2161 2539
3406 1844
3407 1847
3441 1863
3440 1864
3439 1865
3438 1866
2164 2598
2163 2597
2166 2596
2165 2596
2166 2593
2167 2594
3406 1843
3408 1847
3407 1848
3442 1863
3441 1862
3437 1866
2078 2732
2079 2731
2081 2727
2052 2726
2056 2726
2082 2706
2083 2707
3406 1842
3408 1848
3406 1848
3407 1849
3443 1863
2149 2539
2149 2540
2158 2539
2164 2595
3405 1842
3406 1841
3406 1849
3443 1862
2165 2594
2076 2732
2075 2731
2078 2730
2079 2727
2053 2725
3406 1840
3406 1850
3444 1862
2163 2594
2076 2730
2075 2729
2078 2728
2054 2724
2082 2710
2148 2548
3406 1839
3406 1851
3445 1862
2152 2540
2161 2592
2076 2728
2054 2716
2055 2723
2082 2712
2148 2546
3405 1839
3406 1838
3406 1852
3445 1861
2154 2540
2155 2541
2159 2589
2162 2592
2076 2727
2076 2724
2076 2726
2056 2716
2056 2718
2055 2717
2057 2723
3404 1839
3407 1838
3406 1837
3405 1852
3406 1853
3446 1861
2056 2722
2080 2714
2082 2714
2150 2546
2149 2543
2149 2545
2150 2545
2149 2544
3404 1838
3408 1838
3406 1836
3447 1861
3446 1860
2154 2543
2155 2544
2160 2565
2159 2564
2151 2588
2156 2591
2158 2591
2154 2544
2150 2554
3409 1838
3408 1839
3407 1836
3406 1835
3447 1862
3447 1860
2160 2564
2158 2552
2151 2589
2157 2591
2162 2588
2072 2727
3409 1839
3408 1840
3408 1836
3407 1835
3405 1835
3448 1862
3447 1863
3448 1860
2163 2588
2072 2726
2073 2725
2059 2717
2058 2720
2081 2717
3408 1841
3409 1836
3408 1835
3407 1834
3404 1835
3449 1862
3448 1863
3447 1864
2152 2544
2072 2725
2059 2718
2058 2719
2081 2718
2152 2545
3410 1836
3408 1834
3404 1836
3449 1863
3448 1864
2153 2546
2149 2552
2159 2562
2149 2551
2158 2562
3411 1836
3410 1837
3409 1834
3403 1836
3450 1863
2159 2555
3412 1836
3410 1834
3402 1836
3451 1863
3450 1864
2154 2588
2156 2588
3413 1836
3412 1835
3452 1863
2162 2582
2163 2585
3414 1836
3413 1837
3453 1863
3452 1862
2162 2585
2163 2584
2065 2723
3415 1836
3413 1838
3453 1864
2070 2724
2071 2723
3416 1836
3414 1838
3412 1838
3454 1864
2072 2722
2060 2720
3417 1836
3412 1839
3455 1864
2082 2720
2070 2723
2071 2722
3418 1836
3456 1864
2061 2720
2080 2719
2081 2720
3418 1837
3418 1835
3457 1864
3456 1865
2152 2549
2151 2550
2157 2560
3418 1834
3458 1864
3456 1866
2080 2720
2152 2550
2157 2559
2158 2558
3417 1834
3418 1833
3458 1863
3457 1866
3455 1866
2155 2585
2154 2584
2158 2586
2160 2584
3416 1834
3418 1832
3459 1863
3457 1867
3454 1866
2068 2723
2069 2722
2074 2720
2078 2720
2152 2552
2154 2560
3415 1834
3418 1831
3460 1863
3458 1867
3457 1868
2156 2558
2157 2585
2156 2584
2064 2718
2076 2720
2077 2717
2078 2718
3419 1831
3418 1830
3460 1864
3460 1862
3459 1867
3457 1869
2152 2554
2152 2560
2153 2559
2154 2556
2066 2718
3420 1831
3418 1829
3461 1862
3458 1869
3456 1869
2076 2718
2028 2688
2152 2556
2152 2558
2153 2557
2067 2717
2075 2717
3421 1831
3420 1830
3418 1828
3461 1861
3456 1870
2029 2689
2148 2556
2147 2557
2150 2557
2150 2579
2155 2580
3421 1832
3417 1828
3461 1860
3456 1871
2156 2579
2070 2718
2069 2717
2073 2715
2150 2559
2152 2579
3422 1832
3416 1828
3417 1827
3457 1871
3456 1872
2151 2578
2155 2578
2148 2559
2149 2560
2150 2561
2153 2578
3422 1833
3416 1829
3416 1827
3417 1826
3458 1871
3456 1873
2155 2576
2034 2688
2034 2690
2147 2561
2146 2562
3415 1829
3418 1826
3417 1825
3458 1872
3455 1873
2149 2563
2153 2575
2154 2574
3415 1830
3418 1825
3417 1824
3455 1874
2147 2564
2146 2565
2145 2566
3415 1831
3419 1825
3417 1823
3454 1874
3455 1875
2152 2573
2069 2711
2068 2710
2072 2710
3420 1825
3417 1822
3454 1875
2041 2687
2037 2689
2070 2709
2040 2689
2041 2694
3421 1825
3417 1821
3454 1876
2149 2566
2150 2571
2070 2708
2069 2707
2071 2707
2149 2570
3422 1825
3416 1821
3417 1820
3453 1876
3454 1877
2070 2706
2068 2704
2047 2699
2074 2702
2046 2698
2045 2697
3423 1825
3422 1824
3415 1821
3417 1819
3453 1877
3454 1878
2043 2691
2147 2569
2116 2576
2068 2702
2071 2703
2072 2702
2048 2698
2047 2697
3423 1826
3422 1823
3418 1819
3416 1819
3452 1877
3455 1878
2045 2694
2117 2578
2069 2701
2048 2696
2045 2693
2071 2699
2143 2571
2070 2699
3424 1826
3422 1822
3419 1819
3415 1819
3452 1878
3455 1879
2070 2697
2072 2697
2140 2573
2143 2574
2122 2580
2072 2695
3424 1827
3421 1822
3422 1821
3420 1819
3419 1820
3414 1819
3451 1878
3455 1880
2050 2689
2051 2690
2141 2574
2052 2695
2050 2691
3425 1827
3421 1821
3423 1821
3413 1819
3414 1818
3450 1878
3454 1880
3455 1881
2127 2591
2126 2580
2123 2583
2136 2576
2139 2577
2125 2583
3426 1827
3425 1828
3424 1821
3413 1820
3413 1818
3414 1817
3449 1878
3450 1879
3454 1881
3455 1882
2129 2583
2068 2693
2067 2692
2067 2684
3425 1821
3424 1822
3424 1820
3413 1821
3414 1816
3448 1878
3449 1879
3449 1877
3456 1882
3455 1883
2070 2689
2055 2692
3426 1821
3425 1822
3424 1819
3413 1822
3414 1815
3447 1878
3449 1876
3457 1882
3456 1883
3454 1883
2055 2694
2056 2693
2059 2692
3426 1822
3424 1818
3414 1822
3412 1822
3415 1815
3413 1815
3446 1878
3447 1877
3449 1875
3458 1882
3456 1884
3453 1883
2067 2687
2057 2691
3423 1818
3414 1823
3415 1814
3412 1815
3445 1878
3446 1877
3448 1875
3458 1883
3458 1881
3456 1885
3452 1883
3453 1884
3453 1882
2132 2586
2094 2606
2133 2590
2055 2687
3414 1824
3416 1814
3411 1815
3412 1816
3444 1878
3447 1875
3448 1874
3458 1884
3459 1881
3456 1886
3451 1883
2091 2609
2135 2590
3415 1824
3413 1824
3417 1814
3416 1813
3410 1815
3443 1878
3448 1873
3459 1880
3457 1886
3450 1883
3451 1882
2142 2588
2088 2611
2086 2615
2141 2591
3412 1824
3418 1814
3417 1815
3417 1813
3410 1816
3443 1877
3460 1880
3457 1887
3449 1883
3294 1803
3288 1805
3287 1806
3293 1803
3411 1824
3419 1814
3417 1812
3409 1816
3443 1876
3461 1880
3460 1879
3457 1888
3289 1805
3288 1806
3288 1808
3293 1804
3289 1806
3410 1824
3411 1823
3420 1814
3417 1811
3409 1817
3442 1876
3443 1875
3460 1878
3456 1888
3288 1807
3293 1805
3289 1807
3292 1805
3421 1814
3420 1813
3418 1811
3417 1810
3409 1818
3442 1875
3443 1874
3460 1877
3456 1889
3293 1806
3421 1815
3419 1811
3416 1810
3409 1819
3443 1873
3459 1877
3460 1876
3456 1890
3290 1807
3292 1806
3422 1815
3419 1812
3419 1810
3409 1820
3444 1873
3442 1873
3443 1872
3458 1877
3460 1875
3456 1891
3291 1807
3419 1809
3408 1820
3442 1872
3443 1871
3458 1878
3456 1892
3292 1807
3419 1808
3442 1871
3444 1871
3443 1870
3458 1879
3456 1893
3420 1808
3419 1807
3445 1871
3444 1870
3457 1893
3455 1893
3421 1808
3419 1806
3445 1870
3458 1893
3455 1894
3421 1807
3418 1806
3446 1870
3459 1893
3458 1892
3455 1895
3421 1806
3417 1806
3459 1894
3459 1892
3458 1891
3454 1895
3422 1806
3453 1895
3454 1896
3422 1805
3452 1895
3453 1894
3423 1805
3422 1804
3451 1895
3424 1805
3422 1803
3450 1895
3451 1896
3451 1894
3425 1805
3423 1803
3421 1803
3449 1895
3451 1897
3425 1804
3420 1803
3421 1802
3449 1894
3452 1897
3450 1897
3425 1803
3419 1803
3448 1894
3452 1898
3425 1802
3418 1803
3419 1804
3418 1802
3418 1801
3419 1801
3417 1801
3420 1801
3419 1800
3419 1799
3419 1798
3419 1797
3418 1797
3417 1797
3418 1796
3416 1797
3418 1795
3415 1797
3419 1795
3417 1795
3414 1797
3415 1796
3420 1795
3417 1794
3414 1798
3421 1795
3420 1794
3414 1799
3420 1793
3415 1799
3414 1800
3419 1793
3420 1792
3413 1800
3418 1793
3421 1792
3420 1791
3422 1792
3420 1790
3423 1792
3422 1793
3420 1789
3424 1792
3419 1789
3420 1788
3425 1792
3420 1787
3425 1791
3419 1787
3420 1786
3425 1790
3418 1787
3420 1785
3426 1790
3424 1790
3417 1787
3418 1786
3421 1785
3420 1784
3427 1790
3416 1787
3422 1785
3420 1783
3428 1790
3416 1788
3416 1786
3423 1785
3419 1783
3429 1790
3415 1788
3419 1782
3430 1790
3414 1788
3419 1781
3431 1790
3430 1791
3413 1788
3414 1789
3420 1781
3418 1781
3432 1790
3412 1788
3414 1790
3417 1781
3418 1780
3432 1789
3411 1788
3415 1790
3416 1781
3417 1782
3418 1779
3433 1789
3411 1787
3415 1791
3415 1781
3419 1779
3417 1779
3418 1778
3434 1789
3410 1787
3411 1786
3415 1792
3414 1781
3417 1778
3418 1777
3434 1790
3434 1788
3412 1786
3414 1792
3413 1781
3418 1776
3435 1790
3434 1787
3413 1792
3412 1781
3413 1780
3418 1775
3435 1791
3433 1787
3412 1792
3411 1781
3413 1779
3419 1775
3418 1774
3436 1791
3435 1792
3411 1792
3413 1778
3420 1775
3418 1773
3437 1791
3410 1792
3412 1778
3417 1773
3418 1772
3437 1790
3409 1792
3410 1791
3412 1777
3416 1773
3417 1772
3419 1772
3438 1790
3437 1789
3408 1792
3415 1773
2481 2761
3436 1789
3437 1788
3407 1792
3408 1793
3414 1773
2210 2754
3437 1787
3406 1792
3408 1794
3413 1773
3414 1774
2214 2765
2230 2766
3438 1787
3436 1787
3406 1791
3409 1794
3408 1795
3413 1772
2217 2749
2229 2765
2219 2749
3439 1787
3405 1791
3406 1790
3409 1795
3407 1795
3413 1771
2219 2750
3276 1887
3440 1787
3405 1790
3409 1796
3407 1796
3414 1771
3412 1771
3277 1887
3278 1887
3441 1787
3440 1786
3410 1796
3409 1797
3406 1796
3407 1797
3415 1771
3414 1770
3411 1771
3412 1770
3278 1888
3277 1889
3441 1788
3441 1786
3411 1796
3408 1797
3407 1798
3410 1771
3411 1770
3412 1769
3278 1889
3279 1889
3441 1789
3442 1786
3412 1796
3411 1795
3406 1798
3407 1799
3411 1769
2220 2217
2224 2207
3440 1789
3441 1790
3443 1786
3412 1795
3405 1798
3408 1799
3407 1800
3410 1769
2218 2218
2217 2217
2219 2217
3444 1786
3443 1787
3407 1801
3410 1768
2224 2208
2218 2217
2223 2208
3445 1786
3444 1785
3406 1801
3409 1768
2218 2216
2217 2215
3446 1786
3444 1784
3405 1801
3406 1802
3408 1768
3409 1767
2222 2210
2223 2209
2218 2215
3447 1786
3444 1783
3405 1800
3406 1803
3407 1768
3409 1766
2222 2209
2218 2214
2221 2209
2218 2213
3447 1787
3444 1782
3404 1800
3406 1804
3406 1768
3408 1766
2220 2209
2218 2212
2219 2211
2220 2210
3445 1782
3443 1782
3405 1804
3406 1769
2217 2212
2219 2210
2216 2208
2217 2211
2218 2210
3445 1781
3442 1782
3443 1781
3405 1805
3406 1770
2216 2209
2217 2210
2216 2210
2215 2210
2214 2210
2215 2211
2214 2211
3445 1780
3407 1770
3405 1770
2214 2212
2213 2212
2213 2213
2212 2213
2212 2214
3445 1779
3405 1771
2211 2214
3446 1779
3444 1779
3405 1772
2211 2215
2211 2216
3447 1779
3446 1778
3444 1778
3404 1772
3405 1773
2211 2217
3448 1779
3444 1777
3403 1772
3406 1773
3405 1774
2211 2218
3449 1779
3443 1777
3402 1772
3403 1773
3407 1773
2174 2678
2211 2219
3449 1778
3442 1777
3443 1776
3402 1771
3403 1774
2210 2219
2208 2220
3450 1778
3449 1777
3443 1775
3402 1770
3402 1774
2210 2220
3448 1777
3449 1776
3401 1770
3401 1774
2215 2239
3448 1776
3450 1776
3400 1770
3401 1769
3401 1775
2209 2220
3450 1775
3401 1768
3401 1776
2215 2240
3450 1774
2050 2744
3402 1776
3400 1776
3401 1777
2209 2221
2208 2222
3450 1773
2049 2743
3399 1776
3401 1778
2216 2240
2217 2241
3451 1773
3450 1772
2054 2741
2050 2743
3398 1776
3401 1779
2209 2222
2208 2223
3452 1773
3449 1772
3450 1771
2053 2741
2052 2742
3398 1777
3398 1775
3401 1780
2216 2241
2209 2223
2211 2223
3453 1773
3402 1724
3448 1772
3449 1771
2052 2744
2051 2743
3398 1774
3401 1781
2216 2242
2210 2223
2212 2227
2216 2243
3454 1773
3453 1772
3448 1773
3449 1770
2053 2742
2052 2743
3399 1774
3400 1781
3401 1782
2210 2224
2211 2227
2211 2245
3455 1773
3447 1773
3449 1769
2053 2743
2054 2743
2055 2743
3399 1781
3402 1782
2216 2244
2210 2225
2211 2226
2211 2246
2217 2244
3455 1772
3446 1773
3450 1769
2055 2744
2055 2745
4230 1266
3398 1781
3399 1782
3403 1782
2210 2226
2213 2249
2211 2247
2217 2245
2217 2247
3446 1774
3446 1772
3450 1768
4234 1267
4231 1266
3398 1782
3404 1782
2208 2227
2209 2226
2214 2249
2215 2248
2212 2247
3446 1771
3451 1768
4231 1262
4233 1267
3398 1783
3405 1782
2217 2246
2208 2226
2214 2248
2213 2247
3445 1771
3452 1768
4232 1266
4231 1263
3397 1783
3398 1784
2216 2246
2207 2226
3444 1771
3452 1767
4233 1266
4232 1265
3396 1783
3397 1784
3399 1784
2214 2247
2215 2246
3443 1771
3444 1770
3453 1767
4232 1263
4233 1265
4233 1263
4234 1265
3395 1783
3399 1785
2206 2226
2214 2246
2213 2245
3442 1771
3444 1769
3454 1767
4234 1263
4234 1264
4128 1621
4127 1622
3395 1782
3400 1785
2205 2226
2199 2234
2214 2245
2205 2227
3444 1768
3454 1768
3454 1766
4128 1622
4129 1622
2699 2643
2707 2643
2708 2644
3395 1781
3401 1785
2206 2228
2200 2234
2214 2244
3445 1768
3443 1768
3444 1767
3454 1765
2709 2645
2700 2643
2707 2644
2708 2645
3394 1781
2205 2228
2203 2230
2202 2231
2200 2235
3442 1768
3444 1766
3455 1765
2701 2643
2707 2645
2702 2643
3393 1781
2214 2243
2205 2229
2203 2231
2201 2235
3442 1769
3442 1767
3456 1765
2703 2644
2707 2646
2702 2644
3392 1781
3393 1780
2214 2242
2205 2230
2204 2231
2202 2235
2213 2242
3441 1769
3442 1766
3457 1765
3456 1766
2701 2645
2707 2647
3391 1781
3392 1782
2206 2230
2205 2231
2203 2235
2212 2242
2206 2231
2204 2233
2203 2234
3441 1770
3441 1766
3457 1766
2702 2645
2706 2647
3390 1781
2212 2241
2206 2232
3440 1770
3458 1766
2702 2646
2705 2647
2702 2647
3389 1781
2204 2234
3459 1766
2704 2647
2703 2647
2703 2648
3388 1781
3389 1780
3460 1766
3459 1767
3459 1765
2703 2649
2707 2655
2704 2649
3388 1780
3461 1766
2707 2654
2704 2650
2706 2654
3461 1767
2705 2650
2705 2654
2705 2651
3462 1767
3461 1768
2705 2653
2706 2652
2705 2652
3462 1768
2704 2652
2703 2652
3463 1768
2703 2653
2702 2653
2701 2653
3464 1768
2700 2653
2700 2654
2699 2654
2699 2658
3464 1767
2699 2655
2698 2658
2699 2657
2698 2655
3464 1766
2698 2657
2698 2656
2697 2656
2693 2653
3465 1766
2695 2655
2696 2656
2693 2654
3465 1765
2695 2656
2692 2654
2694 2656
2692 2655
2692 2657
2693 2656
3465 1764
2692 2656
2691 2656
2690 2656
2690 2655
2689 2655
3464 1764
2690 2654
2689 2654
2690 2653
2687 2652
2689 2653
2688 2652
2689 2652
3464 1763
2688 2651
2691 2652
2715 2622
2689 2651
3463 1763
2691 2651
2715 2623
2690 2651
2715 2624
2690 2650
3463 1762
2714 2624
2690 2649
2714 2625
2689 2649
2705 2623
3462 1762
3463 1761
2714 2626
2713 2627
2689 2646
2689 2648
2707 2622
2706 2623
2714 2627
3463 1760
2713 2628
2715 2628
2689 2647
2707 2623
3464 1760
2714 2628
2715 2629
2714 2634
2688 2647
2707 2624
2708 2625
3465 1760
2714 2629
2714 2633
2687 2647
2707 2625
2708 2626
3465 1759
2714 2630
2713 2633
2686 2647
2707 2626
3466 1759
2713 2630
2713 2632
2686 2648
2704 2626
2703 2627
2706 2626
3467 1759
2713 2631
2685 2648
2704 2627
2706 2627
2712 2631
2680 2648
2684 2648
2704 2628
3467 1758
2706 2628
2708 2628
2711 2631
2681 2648
2683 2648
2682 2643
2704 2629
3468 1758
3467 1757
2708 2629
2710 2631
2682 2648
2681 2643
2703 2629
2707 2629
3468 1757
3467 1756
2708 2632
2709 2631
2682 2647
2681 2644
3469 1757
2703 2630
2707 2630
2708 2631
3469 1756
2682 2646
2681 2645
2703 2631
2707 2631
3469 1755
2682 2645
2705 2630
2704 2631
2706 2631
3470 1755
3469 1754
2704 2635
2651 2623
2683 2645
3468 1754
2705 2631
2705 2635
2653 2624
3467 1754
2652 2623
2685 2646
2684 2645
3466 1754
3467 1753
2684 2641
2705 2632
2705 2634
3465 1754
3466 1753
2675 2633
2654 2624
3464 1754
3465 1753
3466 1752
2653 2623
2685 2645
3464 1753
3465 1752
2684 2642
2705 2633
3464 1752
2674 2633
2655 2624
2654 2623
2685 2644
3464 1751
2684 2643
2704 2633
2673 2633
3464 1750
2655 2623
2686 2644
2685 2643
2703 2633
2673 2630
2673 2632
3464 1749
2674 2631
2655 2622
2686 2643
2703 2634
3463 1749
3464 1748
2673 2631
2656 2622
2687 2643
2702 2634
2672 2631
2657 2622
2688 2643
2691 2640
3463 1748
3465 1748
2696 2631
2699 2630
2702 2635
2671 2631
2657 2623
2688 2642
2690 2640
3463 1747
3466 1748
2697 2631
2699 2631
2701 2635
2702 2636
2671 2632
2657 2624
2656 2625
3467 1748
3466 1747
2689 2640
2698 2631
2701 2636
2671 2633
3468 1748
3466 1746
2657 2625
2657 2627
2656 2626
2688 2640
3466 1745
2685 2637
2698 2632
2700 2636
2670 2633
3465 1745
3466 1744
2671 2636
2657 2626
2688 2639
2689 2638
2686 2635
3466 1743
2686 2637
2698 2633
2698 2637
2699 2636
3465 1743
3466 1742
2670 2634
2670 2636
3464 1743
3467 1742
2658 2626
2688 2632
3464 1742
3468 1742
2688 2638
3463 1742
3469 1742
2687 2637
2686 2636
3470 1742
2698 2634
2698 2636
3470 1743
3470 1741
2665 2636
2670 2635
3470 1744
2659 2626
2689 2632
3471 1744
3470 1745
2688 2637
2687 2636
2698 2635
3472 1744
3470 1746
2666 2636
2669 2635
3473 1744
3471 1746
2661 2625
2660 2626
2689 2633
3473 1743
3472 1746
2688 2636
2697 2635
2667 2636
3473 1742
3472 1747
2668 2635
2661 2626
2689 2634
2688 2635
2696 2635
3474 1742
3473 1741
3473 1747
2663 2635
2667 2635
2661 2627
2689 2635
3472 1741
3474 1747
2696 2634
2663 2634
2667 2634
2661 2628
2693 2636
3474 1748
3474 1746
2690 2635
2694 2633
2695 2634
3475 1748
2663 2633
2667 2633
2662 2628
2692 2636
3475 1749
2691 2635
2694 2634
2663 2632
2666 2633
3476 1749
2667 2632
2662 2629
2688 2623
2692 2635
2693 2634
3477 1749
2664 2632
2666 2632
2663 2629
2688 2624
2692 2634
2665 2632
2663 2630
3477 1750
3477 1748
2689 2624
2688 2627
2692 2633
2665 2631
2664 2630
3477 1751
3477 1747
2689 2625
2688 2626
2691 2633
3476 1751
3477 1752
2665 2630
2689 2626
2691 2632
2667 2629
2666 2630
3477 1753
2690 2626
2691 2627
2691 2631
3478 1753
3476 1753
3477 1754
2667 2630
2690 2627
2691 2630
2668 2630
3479 1753
3475 1753
3477 1755
2690 2628
2691 2629
2669 2630
2690 2629
3480 1753
3474 1753
3477 1756
2669 2629
2689 2629
2670 2629
2688 2629
2670 2624
2671 2629
3481 1753
3480 1754
3480 1752
3478 1756
3477 1757
2687 2629
2671 2624
2670 2625
2671 2626
3481 1752
3480 1751
3476 1757
2671 2628
2686 2629
2673 2623
3482 1752
3480 1750
3476 1758
2671 2625
2671 2627
2685 2629
2685 2631
3483 1752
3479 1750
3480 1749
3476 1759
2673 2624
2672 2625
3484 1752
3481 1749
3480 1748
3476 1760
2672 2627
2685 2630
2673 2625
2673 2627
3485 1752
3479 1748
3480 1747
3477 1760
2680 2634
2684 2630
2673 2626
2680 2633
3479 1747
3481 1747
3477 1761
2683 2630
2674 2626
2680 2632
2682 2630
3479 1746
3478 1761
3477 1762
2683 2627
2675 2626
2680 2631
2679 2630
3479 1745
3479 1761
3478 1762
3476 1762
3477 1763
2682 2629
2683 2628
2676 2624
2675 2625
3479 1744
3478 1763
3477 1764
2680 2630
2682 2628
2676 2625
3478 1744
3476 1764
3477 1765
2680 2629
2681 2628
2677 2625
3478 1743
3475 1764
3478 1765
3477 1766
2680 2628
2678 2625
2679 2628
2678 2627
2685 2626
2679 2625
3478 1742
3475 1765
3475 1763
3479 1765
3476 1766
2679 2627
2684 2626
2685 2625
2679 2626
2684 2625
2680 2626
3479 1742
3477 1742
3474 1763
3480 1765
3479 1766
3479 1764
3476 1767
2682 2626
2683 2625
2681 2626
2682 2625
2681 2625
2682 2624
2681 2624
2679 2623
2681 2623
3480 1742
3477 1741
3481 1765
3475 1767
3476 1768
2680 2623
2680 2622
2682 2620
2680 2621
2682 2619
2680 2620
2678 2619
3481 1742
3480 1741
3482 1765
3474 1767
3476 1769
2680 2619
2679 2619
2679 2611
2678 2612
2679 2618
2679 2612
2679 2617
2679 2613
2680 2614
3480 1740
3482 1766
3474 1768
3474 1766
3477 1769
2678 2617
2679 2614
2680 2615
2678 2616
2679 2615
2678 2615
2677 2615
3948 927
3946 925
3948 926
3947 925
3481 1740
3479 1740
3480 1739
3478 1769
3948 925
3949 925
3950 925
3950 926
3951 926
3952 924
3952 926
3952 925
3954 926
3482 1740
3480 1738
3478 1770
3478 1768
3953 925
3954 925
3965 936
3964 935
3955 925
3965 935
3483 1740
3479 1738
3480 1737
3478 1771
3966 932
3956 925
3965 932
3965 934
3966 933
3484 1740
3483 1739
3479 1737
3480 1736
3479 1771
3478 1772
3941 951
3942 950
3956 926
3965 933
3941 950
3957 926
3964 933
3485 1740
3483 1738
3480 1771
3940 950
3939 949
3957 927
3962 934
3963 933
3940 949
3485 1739
3484 1738
3480 1772
3480 1770
3957 928
3962 933
3964 931
3940 948
3958 928
3962 930
3962 932
3486 1739
3485 1738
3480 1773
3481 1770
3480 1769
3963 931
3940 947
3959 928
3962 931
3941 947
3943 947
3959 929
3487 1739
3480 1774
3482 1770
3958 930
3961 931
3942 947
3937 936
3959 930
3960 931
3487 1738
3479 1774
3480 1775
3482 1771
3482 1769
3942 946
3937 937
3959 931
3942 945
3487 1737
3478 1774
3479 1775
3481 1775
3482 1772
3483 1769
3939 944
3937 938
3939 938
3936 941
3488 1737
3486 1737
3487 1736
3477 1774
3479 1776
3482 1775
3482 1773
3484 1769
3958 933
3959 932
3941 945
3939 943
3938 938
3486 1736
3487 1735
3476 1774
3479 1777
3483 1775
3936 940
3958 932
3941 944
3939 942
3938 939
3485 1736
3486 1735
3487 1734
3475 1774
3476 1775
3480 1777
3479 1778
3483 1774
3937 940
3955 930
3487 1733
3474 1774
3475 1773
3481 1777
3484 1774
3956 931
3957 932
3941 943
3488 1733
3487 1732
3474 1775
3474 1773
3485 1774
3940 942
3938 940
3489 1733
3488 1732
3486 1732
3473 1775
3474 1776
3473 1773
3485 1775
3954 930
3490 1733
3489 1734
3485 1732
3472 1775
3473 1776
3486 1775
3491 1733
3485 1731
3472 1774
3487 1775
3486 1776
3492 1733
3484 1731
3485 1730
3471 1774
3488 1775
3487 1776
3486 1777
3492 1734
3492 1732
3483 1731
3486 1730
3485 1729
3471 1773
3489 1775
3488 1774
3487 1777
3486 1778
3492 1735
3482 1731
3484 1729
3470 1773
3489 1776
3488 1773
3492 1736
3482 1732
3483 1729
3469 1773
3489 1777
3489 1773
3488 1772
3493 1736
3491 1736
3492 1737
3468 1773
3469 1774
3490 1777
3489 1778
3490 1773
3489 1772
3494 1736
3490 1736
3492 1738
3468 1772
3469 1775
3490 1778
3488 1778
3490 1774
3489 1771
3495 1736
3489 1736
3490 1737
3493 1738
3468 1775
3469 1776
3490 1779
3489 1770
3496 1736
3494 1738
3468 1776
3490 1780
3490 1770
3489 1769
3497 1736
3496 1737
3494 1739
3467 1776
3468 1777
3490 1781
3490 1769
3489 1768
3498 1736
3468 1778
3490 1782
3490 1768
3498 1737
3467 1778
3468 1779
3491 1782
3490 1783
3491 1768
3499 1737
3467 1779
3469 1779
3492 1782
3489 1783
3490 1784
3492 1768
3491 1767
3500 1737
3466 1779
3467 1780
3493 1782
3488 1783
3491 1784
3501 1737
3500 1736
3466 1780
3494 1782
3493 1781
3491 1785
3501 1738
3500 1735
3465 1780
3495 1782
3494 1783
3494 1781
3491 1786
3502 1738
3501 1739
3499 1735
3464 1780
3465 1781
3495 1781
3494 1784
3494 1780
3490 1786
3491 1787
3503 1738
3500 1739
3501 1740
3499 1734
3464 1779
3465 1782
3493 1784
3494 1779
3489 1786
3490 1787
3504 1738
3503 1739
3503 1737
3498 1734
3499 1733
3463 1779
3465 1783
3495 1779
3493 1779
3494 1778
3488 1786
3489 1787
3489 1785
3505 1738
3497 1734
3499 1732
3462 1779
3466 1783
3465 1784
3495 1778
3494 1777
3488 1787
3488 1785
3505 1739
3499 1731
3466 1784
3464 1784
3494 1776
3487 1787
3488 1788
3505 1740
3500 1731
3498 1731
3467 1784
3466 1785
3463 1784
3495 1776
3487 1788
3506 1740
3504 1740
3505 1741
3501 1731
3497 1731
3466 1786
3463 1785
3463 1783
3495 1775
3486 1788
3487 1789
3507 1740
3504 1741
3496 1731
3467 1786
3466 1787
3462 1785
3462 1783
3463 1782
3495 1774
3487 1790
3507 1741
3507 1739
3503 1741
3495 1731
3466 1788
3461 1785
3462 1782
3496 1774
3487 1791
3507 1742
3508 1739
3503 1742
3495 1730
3466 1789
3461 1786
3497 1774
3488 1791
3486 1791
3487 1792
3507 1743
3509 1739
3502 1742
3495 1729
3465 1789
3498 1774
3497 1773
3489 1791
3487 1793
3118 2534
3506 1743
3510 1739
3509 1738
3501 1742
3496 1729
3494 1729
3464 1789
3465 1790
3499 1774
3498 1775
3490 1791
3487 1794
2015 2325
1937 2316
3511 1739
3509 1737
3500 1742
3494 1728
3465 1791
3498 1776
3490 1792
3487 1795
3512 1739
3509 1736
3499 1742
3500 1743
3500 1741
3494 1727
3466 1791
3464 1791
3498 1777
3488 1795
3487 1796
3513 1739
3508 1736
3509 1735
3500 1744
3493 1727
3494 1726
3467 1791
3463 1791
3499 1777
3488 1796
3486 1796
3513 1740
3507 1736
3510 1735
3509 1734
3501 1744
3492 1727
3495 1726
3468 1791
3467 1792
3462 1791
3463 1792
3500 1777
3489 1796
3488 1797
3485 1796
3513 1741
3506 1736
3507 1737
3508 1734
3502 1744
3501 1745
3491 1727
3492 1728
3496 1726
3467 1793
3501 1777
3489 1797
3488 1798
3485 1797
3514 1741
3513 1742
3508 1733
3503 1744
3491 1726
3497 1726
3496 1727
3496 1725
3468 1793
3467 1794
3502 1777
3501 1778
3501 1776
3487 1798
3515 1741
3514 1742
3508 1732
3503 1745
3491 1725
3498 1726
3496 1724
3468 1794
3467 1795
3503 1777
3502 1778
3501 1775
3487 1799
3516 1741
3515 1742
3515 1740
3514 1743
3509 1732
3504 1745
3491 1724
3499 1726
3497 1724
3496 1723
3468 1795
3503 1776
3502 1779
3502 1775
3501 1774
3487 1800
3516 1742
3516 1740
3510 1732
3504 1746
3499 1727
3499 1725
3497 1723
3495 1723
3496 1722
3468 1796
3502 1780
3502 1774
3501 1773
3487 1801
3516 1743
3517 1740
3516 1739
3510 1733
3510 1731
3504 1747
3500 1727
3498 1723
3495 1722
3469 1796
3468 1797
3503 1780
3502 1781
3502 1773
3488 1801
3486 1801
3487 1802
3518 1740
3517 1739
3511 1733
3510 1730
1987 2337
3500 1728
3499 1723
3495 1721
3468 1798
3502 1782
3503 1773
3489 1801
3488 1802
3486 1802
3487 1803
3519 1740
3518 1741
3518 1739
3517 1738
3511 1730
1982 2327
3501 1728
3500 1723
3494 1721
3495 1720
3469 1798
3467 1798
3503 1782
3501 1782
3502 1783
3504 1773
3503 1772
3489 1802
3485 1802
3487 1804
3518 1742
3518 1738
2084 2843
2166 2816
3502 1728
3501 1723
3493 1721
3495 1719
3470 1798
3467 1799
3500 1782
3502 1784
3503 1771
3490 1802
3484 1802
3485 1803
3518 1737
2100 2876
3502 1729
3502 1727
3502 1723
3501 1722
3493 1720
3494 1719
3495 1718
3466 1799
3467 1800
3503 1784
3502 1785
3502 1771
3491 1802
3490 1803
2164 2433
3502 1722
3494 1718
3468 1800
3467 1801
3504 1784
3503 1785
3501 1771
3491 1803
3491 1801
3490 1804
2211 2382
3502 1721
3494 1717
3466 1801
3467 1802
3504 1785
3500 1771
3491 1804
3492 1801
2170 2791
3503 1721
3494 1716
3466 1802
3468 1802
3505 1785
3499 1771
3500 1770
3491 1805
3493 1801
2124 2863
2072 2849
2165 2817
3504 1721
3503 1720
3495 1716
3493 1716
3494 1715
3465 1802
3506 1785
3505 1786
3498 1771
3499 1770
3492 1805
3491 1806
3493 1800
2128 2854
2215 2388
3504 1720
3496 1716
3492 1716
3493 1715
3494 1714
3464 1802
3465 1803
3507 1785
3506 1784
3499 1769
3494 1800
3493 1799
2173 2790
2214 2386
3497 1716
3492 1715
3493 1714
3494 1713
3463 1802
3465 1804
3507 1784
3499 1768
2172 2421
3498 1716
3497 1715
3493 1713
3495 1713
3494 1712
3463 1801
3466 1804
3508 1784
3507 1783
3499 1767
2072 2847
3499 1716
3498 1715
3492 1713
3495 1712
3494 1711
3466 1805
3509 1784
3508 1783
3507 1782
3500 1767
3498 1767
3499 1766
2174 2788
2100 2331
3499 1715
3498 1714
3491 1713
3496 1712
3495 1711
3467 1805
3466 1806
3509 1785
3507 1781
3500 1766
3497 1767
3498 1766
3499 1765
3499 1714
3490 1713
3491 1712
3497 1712
3496 1711
3468 1805
3465 1806
3510 1785
3498 1765
3499 1764
3500 1714
3499 1713
3490 1712
3496 1710
3468 1804
3465 1807
3511 1785
3497 1765
3499 1763
3500 1713
3489 1712
3490 1711
3496 1709
3469 1804
3464 1807
3512 1785
3496 1765
3500 1763
3499 1762
3500 1712
3488 1712
3490 1710
3497 1709
3495 1709
3470 1804
3469 1803
3463 1807
3512 1786
3496 1766
3500 1762
3501 1712
3488 1713
3491 1710
3498 1709
3471 1804
3462 1807
3512 1787
3495 1766
3500 1761
3502 1712
3488 1714
3491 1709
3498 1708
3472 1804
3471 1803
3461 1807
3462 1808
3513 1787
3512 1788
3494 1766
3500 1760
3502 1713
3502 1711
3488 1715
3498 1707
3472 1805
3461 1808
3461 1806
3514 1787
3513 1788
3500 1759
3487 1715
3488 1716
3499 1707
3498 1706
3473 1805
3460 1808
3460 1806
3461 1805
3514 1788
3501 1759
3499 1759
3500 1758
3486 1715
3489 1716
3488 1717
3500 1707
3498 1705
3474 1805
3459 1808
3460 1805
3515 1788
3502 1759
3498 1759
3500 1757
3485 1715
3486 1714
3489 1717
3487 1717
3498 1704
3475 1805
3474 1804
3459 1809
3460 1804
3515 1789
3503 1759
3502 1758
3497 1759
3498 1760
3485 1716
3485 1714
3490 1717
3487 1718
3499 1704
3497 1704
3475 1806
3458 1809
3515 1790
3504 1759
3502 1757
3497 1760
3497 1758
3484 1716
3485 1713
3487 1719
3500 1704
3499 1703
3496 1704
3457 1809
3516 1790
3505 1759
3504 1760
3503 1757
3497 1757
3483 1716
3486 1719
3495 1704
3456 1809
3457 1810
3457 1808
3517 1790
3506 1759
3505 1760
3504 1757
3498 1757
3496 1757
3482 1716
3483 1717
3483 1715
3486 1720
3494 1704
3495 1703
3456 1810
3457 1811
3457 1807
3517 1791
3517 1789
3507 1759
3506 1760
3506 1758
3498 1756
3495 1757
3481 1716
3482 1715
3486 1721
3493 1704
3494 1705
3495 1702
3455 1810
3458 1811
3457 1812
3458 1807
3456 1807
3518 1791
3517 1792
3517 1788
3507 1760
3506 1757
3498 1755
3494 1757
3495 1758
3481 1715
3485 1721
3496 1702
3459 1811
3457 1813
3456 1806
3516 1792
3517 1793
3517 1787
3498 1754
3493 1757
3494 1758
3495 1759
3481 1714
3485 1722
3497 1702
3459 1812
3457 1814
3455 1806
3456 1805
3515 1792
3517 1794
3516 1787
3517 1786
3499 1754
3497 1754
3498 1753
3492 1757
3493 1756
3494 1759
3480 1714
3481 1713
3485 1723
3498 1702
3497 1701
3460 1812
3459 1813
3457 1815
3454 1806
3457 1805
3456 1804
3514 1792
3518 1786
3517 1785
3496 1754
3498 1752
3493 1755
3494 1760
3479 1714
3484 1723
3497 1700
3461 1812
3460 1813
3459 1814
3456 1815
3457 1816
3453 1806
3454 1807
3454 1805
3456 1803
3513 1792
3514 1793
3519 1786
3516 1785
3495 1754
3496 1753
3498 1751
3492 1755
3493 1760
3494 1761
3478 1714
3483 1723
3498 1700
3497 1699
3462 1812
3461 1811
3460 1814
3458 1816
3457 1817
3452 1806
3453 1807
3457 1803
3455 1803
3513 1793
3514 1794
3520 1786
3515 1785
3495 1755
3499 1751
3498 1750
3491 1755
3492 1754
3494 1762
3478 1713
3482 1723
3483 1724
3483 1722
3499 1700
3498 1699
3462 1813
3461 1814
3460 1815
3456 1817
3451 1806
3458 1803
3455 1802
3515 1794
3521 1786
3520 1785
3491 1756
3491 1754
3492 1753
3495 1762
3493 1762
3477 1713
3478 1712
3481 1723
3483 1721
3499 1701
3498 1698
3460 1816
3451 1807
3459 1803
3458 1802
3515 1795
3522 1786
3490 1756
3490 1754
3493 1753
3492 1762
3476 1713
3478 1711
3481 1724
3499 1698
3498 1697
3451 1808
3458 1801
3515 1796
3523 1786
3490 1757
3491 1762
3475 1713
3476 1712
3477 1711
3478 1710
3480 1724
3498 1696
3451 1809
3457 1801
3516 1796
3524 1786
3523 1787
3490 1762
3475 1712
3479 1710
3479 1724
3499 1696
3498 1695
3452 1809
3451 1810
3456 1801
3517 1796
3525 1786
3524 1785
3523 1788
3489 1762
3474 1712
3480 1710
3479 1709
3478 1724
3479 1725
3500 1696
3497 1695
3451 1811
3456 1800
3517 1797
3525 1787
3488 1762
3489 1763
3474 1711
3481 1710
3480 1711
3479 1708
3477 1724
3501 1696
3496 1695
3497 1694
3450 1811
3455 1800
3518 1797
3517 1798
3525 1788
3487 1762
3489 1764
3473 1711
3478 1708
3479 1707
3476 1724
3502 1696
3495 1695
3496 1696
3497 1693
3450 1812
3455 1799
3516 1798
3517 1799
3525 1789
3487 1763
3487 1761
3490 1764
3472 1711
3478 1707
3480 1707
3475 1724
3476 1725
3476 1723
3502 1697
3494 1695
3495 1694
3497 1692
3449 1812
3517 1800
3526 1789
3524 1789
3486 1763
3486 1761
3490 1765
3472 1710
3481 1707
3480 1706
3474 1724
3475 1725
3476 1726
3503 1697
3493 1695
3494 1694
3498 1692
3497 1691
3449 1813
3518 1800
3527 1789
3526 1790
3486 1764
3485 1761
3471 1710
3472 1709
3481 1708
3474 1723
3475 1726
3476 1727
3504 1697
3492 1695
3493 1696
3499 1692
3449 1814
3519 1800
3528 1789
3527 1790
3526 1791
3485 1764
3486 1765
3484 1761
3470 1710
3473 1709
3472 1708
3482 1708
3473 1723
3474 1726
3477 1727
3504 1696
3500 1692
3499 1693
3450 1814
3448 1814
3519 1801
3529 1789
3528 1788
3486 1766
3483 1761
3473 1708
3471 1708
3472 1723
3473 1726
3477 1728
3504 1695
3500 1691
3499 1694
3519 1802
3529 1790
3528 1787
3487 1766
3486 1767
3483 1760
3473 1707
3471 1723
3472 1726
3473 1725
3478 1728
3505 1695
3503 1695
3504 1694
3501 1691
3500 1694
3518 1802
3519 1803
3530 1790
3529 1791
3529 1787
3482 1760
3470 1723
3471 1722
3471 1726
3472 1727
3506 1695
3505 1694
3501 1694
3518 1803
3520 1803
3519 1804
3531 1790
3529 1792
3481 1760
3482 1759
3470 1726
3507 1695
3506 1696
3506 1694
3519 1805
3532 1790
3531 1791
3531 1789
3529 1793
3481 1761
3481 1759
3470 1727
3507 1694
3506 1697
3520 1805
3518 1805
3532 1791
3532 1789
3529 1794
3481 1758
3469 1727
3508 1694
3507 1697
3520 1806
3517 1805
3533 1791
3532 1792
3530 1794
3529 1795
3481 1757
3469 1728
3509 1694
3508 1693
3508 1697
3507 1698
3521 1806
3516 1805
3534 1791
3533 1792
3528 1795
3529 1796
3480 1757
3481 1756
3468 1728
3469 1729
3510 1694
3508 1692
3509 1697
3508 1698
3522 1806
3521 1807
3516 1806
3534 1792
3534 1790
3533 1793
3527 1795
3479 1757
3482 1756
3467 1728
3469 1730
3511 1694
3510 1693
3507 1692
3508 1691
3510 1697
3508 1699
3523 1806
3521 1808
3515 1806
3516 1807
3535 1792
3534 1789
3533 1794
3526 1795
3527 1796
3479 1758
3466 1728
3467 1729
3467 1727
3469 1731
3512 1694
3511 1693
3508 1690
3523 1807
3523 1805
3514 1806
3515 1807
3516 1808
3536 1792
3535 1789
3534 1788
3534 1794
3466 1729
3466 1727
3469 1732
3512 1695
3512 1693
3509 1690
3508 1689
3524 1807
3524 1805
3523 1804
3515 1808
3516 1809
3537 1792
3536 1791
3536 1789
3535 1788
3534 1787
3465 1727
3512 1696
3513 1693
3507 1689
3508 1688
3525 1807
3525 1805
3514 1808
3516 1810
3537 1793
3536 1790
3534 1786
3464 1727
3512 1697
3514 1693
3506 1689
3507 1688
3508 1687
3525 1808
3525 1806
3526 1805
3525 1804
3514 1809
3515 1810
3516 1811
3537 1794
3537 1790
3535 1786
3464 1728
3514 1692
3506 1690
3509 1687
3508 1686
3526 1808
3527 1805
3513 1809
3514 1810
3516 1812
3538 1794
3536 1786
3464 1729
3514 1691
3505 1690
3510 1687
3507 1686
3527 1808
3527 1804
3512 1809
3517 1812
3516 1813
3539 1794
3537 1786
3536 1787
3536 1785
3515 1691
3513 1691
3514 1690
3504 1690
3511 1687
3510 1688
3507 1685
3528 1808
3528 1804
3512 1808
3518 1812
3516 1814
3539 1795
3538 1786
3537 1787
3516 1691
3504 1689
3511 1686
3506 1685
3529 1808
3529 1804
3528 1803
3511 1808
3512 1807
3519 1812
3516 1815
3539 1786
3517 1691
3516 1690
3503 1689
3512 1686
3505 1685
3506 1684
3529 1809
3510 1808
3511 1807
3520 1812
3515 1815
3539 1787
3539 1785
3517 1692
3516 1689
3503 1688
3505 1686
3506 1683
3530 1809
3510 1809
3521 1812
3520 1813
3520 1811
3515 1816
3540 1787
3540 1785
3517 1693
3516 1688
3507 1683
3505 1683
3530 1810
3522 1812
3521 1813
3521 1811
3520 1814
3515 1817
3541 1787
3540 1784
3517 1694
3515 1688
3508 1683
3504 1683
3505 1682
3531 1810
3530 1811
3522 1811
3521 1814
3516 1817
3514 1817
3515 1818
3542 1787
3541 1788
3541 1784
3540 1783
3517 1695
3515 1687
3509 1683
3508 1682
3505 1681
3532 1810
3531 1811
3523 1811
3521 1815
3517 1817
3516 1818
3513 1817
3515 1819
3543 1787
3542 1784
3541 1783
3518 1695
3515 1686
3509 1682
3508 1681
3532 1809
3531 1812
3521 1816
3516 1819
3512 1817
3513 1816
3543 1788
3543 1786
3541 1782
3518 1696
3515 1685
3510 1682
3508 1680
3533 1809
3532 1808
3531 1813
3522 1816
3511 1817
3512 1816
3513 1815
3543 1789
3544 1786
3542 1782
3541 1781
3519 1696
3516 1685
3514 1685
3507 1680
3534 1809
3532 1807
3530 1813
3523 1816
3510 1817
3512 1815
3544 1785
3541 1780
3520 1696
3517 1685
3507 1679
3531 1807
3524 1816
3509 1817
3544 1784
3540 1780
3520 1695
3517 1684
3507 1678
3530 1807
3531 1806
3525 1816
3508 1817
3539 1780
3540 1779
3521 1695
3518 1684
3507 1677
3530 1806
3531 1805
3526 1816
3507 1817
3508 1816
3538 1780
3540 1778
3521 1694
3519 1684
3518 1683
3507 1676
3531 1804
3527 1816
3506 1817
3507 1818
3508 1815
3539 1778
3522 1694
3519 1685
3519 1683
3518 1682
3508 1676
3506 1676
3528 1816
3506 1818
3508 1814
3538 1778
3523 1694
3520 1685
3517 1682
3505 1676
3528 1817
3505 1818
3509 1814
3507 1814
3537 1778
3521 1685
3516 1682
3517 1681
3505 1675
3528 1818
3505 1819
3507 1813
3537 1777
3522 1685
3515 1682
3516 1681
3504 1675
3505 1674
3528 1819
3504 1819
3506 1813
3507 1812
3536 1777
3523 1685
3522 1686
3514 1682
3503 1675
3505 1673
3528 1820
3503 1819
3504 1820
3508 1812
3535 1777
3536 1776
3523 1686
3523 1684
3513 1682
3502 1675
3505 1672
3528 1821
3503 1820
3504 1821
3509 1812
3534 1777
3535 1776
3524 1686
3523 1687
3523 1683
3513 1683
3513 1681
3502 1676
3502 1674
3505 1671
3529 1821
3504 1822
3534 1776
3525 1686
3524 1687
3524 1683
3513 1684
3512 1681
3513 1680
3501 1676
3502 1677
3501 1674
3530 1821
3529 1822
3505 1822
3503 1822
3533 1776
3534 1775
3526 1686
3525 1685
3524 1688
3525 1683
3512 1684
3513 1679
3500 1676
3501 1677
3502 1678
3501 1673
3530 1820
3529 1823
3506 1822
3502 1822
3503 1823
3532 1776
3527 1686
3524 1689
3525 1682
3512 1679
3513 1678
3499 1676
3502 1679
3500 1673
3531 1820
3530 1823
3528 1823
3529 1824
3501 1822
3503 1824
3531 1776
3528 1686
3524 1690
3525 1681
3512 1678
3498 1676
3499 1675
3503 1679
3499 1673
3532 1820
3527 1823
3529 1825
3501 1823
3530 1776
3531 1775
3529 1686
3523 1690
3525 1680
3511 1678
3512 1677
3497 1676
3503 1680
3498 1673
3499 1672
3532 1821
3532 1819
3526 1823
3530 1825
3528 1825
3500 1823
3529 1776
3530 1777
3530 1775
3531 1774
3530 1686
3529 1685
3523 1691
3526 1680
3524 1680
3512 1676
3497 1677
3499 1671
3533 1821
3526 1824
3526 1822
3528 1826
3500 1824
3528 1776
3530 1687
3522 1691
3526 1679
3523 1680
3524 1679
3511 1676
3512 1675
3496 1677
3498 1671
3533 1822
3499 1824
3527 1776
3528 1777
3526 1678
3522 1680
3524 1678
3513 1675
3512 1674
3495 1677
3497 1671
3534 1822
3498 1824
3499 1825
3527 1775
3528 1778
3527 1678
3522 1679
3523 1678
3524 1677
3512 1673
3495 1678
3496 1671
3535 1822
3498 1825
3499 1826
3526 1775
3528 1779
3527 1677
3521 1679
3525 1677
3524 1676
3513 1673
3494 1678
3495 1679
3495 1671
3535 1823
3535 1821
3497 1825
3500 1826
3499 1827
3525 1775
3526 1774
3528 1780
3520 1679
3521 1678
3513 1672
3493 1678
3495 1680
3495 1670
3535 1824
3536 1821
3496 1825
3497 1826
3501 1826
3498 1827
3499 1828
3524 1775
3526 1773
3527 1780
3528 1781
3521 1677
3514 1672
3513 1671
3493 1679
3493 1677
3496 1680
3495 1681
3495 1669
3536 1824
3537 1821
3496 1826
3496 1824
3501 1827
3498 1828
3499 1829
3523 1775
3525 1773
3526 1780
3529 1781
3528 1782
3522 1677
3520 1677
3515 1672
3492 1679
3496 1681
3496 1669
3494 1669
3495 1668
3537 1824
3538 1821
3537 1820
3496 1827
3496 1823
3522 1775
3524 1773
3527 1782
3522 1676
3519 1677
3515 1671
3491 1679
3493 1669
3494 1668
3495 1667
3539 1821
3537 1819
3495 1827
3496 1828
3497 1823
3495 1823
3524 1772
3516 1671
3515 1670
3490 1679
3491 1680
3493 1668
3495 1666
3539 1822
3538 1819
3496 1829
3494 1823
3517 1671
3515 1669
3489 1679
3491 1681
3492 1668
3494 1666
3540 1822
3539 1819
3495 1829
3496 1830
3493 1823
3494 1822
3518 1671
3514 1669
3515 1668
3489 1680
3489 1678
3492 1681
3491 1682
3491 1668
3492 1667
3494 1665
3541 1822
3540 1823
3540 1819
3494 1829
3496 1831
3494 1821
3519 1671
3518 1672
3513 1669
3516 1668
3515 1667
3489 1681
3488 1678
3490 1682
3491 1683
3490 1668
3491 1667
3494 1664
3542 1822
3541 1819
3494 1830
3495 1831
3520 1671
3518 1673
3516 1667
3489 1682
3492 1683
3489 1668
3491 1666
3495 1664
3494 1663
3542 1823
3541 1818
3495 1832
3521 1671
3520 1672
3519 1673
3489 1683
3493 1683
3492 1684
3489 1667
3490 1666
3494 1662
3542 1824
3542 1818
3541 1817
3494 1832
3495 1833
3522 1671
3521 1670
3519 1674
3489 1684
3493 1682
3492 1685
3494 1661
3543 1824
3541 1816
3493 1832
3496 1833
3523 1671
3522 1670
3488 1684
3493 1685
3495 1661
3493 1661
3494 1660
3544 1824
3541 1815
3492 1832
3493 1831
3497 1833
3496 1834
3523 1672
3487 1684
3494 1659
3545 1824
3544 1825
3544 1823
3541 1814
3492 1833
3492 1831
3498 1833
3497 1834
3496 1835
3524 1672
3486 1684
3494 1658
3546 1824
3540 1814
3491 1833
3492 1830
3499 1833
3497 1835
3495 1835
3524 1673
3485 1684
3486 1685
3494 1657
3546 1825
3546 1823
3539 1814
3540 1813
3490 1833
3491 1834
3500 1833
3497 1836
3525 1673
3485 1685
3486 1686
3495 1657
3493 1657
3546 1826
3547 1823
3538 1814
3539 1813
3540 1812
3489 1833
3491 1835
3501 1833
3497 1837
3526 1673
3525 1674
3496 1657
3492 1657
3547 1826
3545 1826
3548 1823
3547 1822
3538 1813
3539 1812
3540 1811
3489 1832
3492 1835
3491 1836
3501 1834
3498 1837
3496 1837
3497 1838
3527 1673
3496 1656
3491 1657
3547 1827
3547 1821
3541 1811
3488 1832
3491 1837
3502 1834
3499 1837
3528 1673
3497 1656
3496 1655
3490 1657
3491 1658
3547 1828
3547 1820
3541 1810
3487 1832
3488 1831
3499 1838
3528 1672
3498 1656
3495 1655
3490 1658
3491 1659
3548 1828
3547 1829
3548 1820
3546 1820
3541 1809
3488 1830
3500 1838
3499 1839
3529 1672
3528 1671
3498 1657
3498 1655
3495 1654
3489 1658
3549 1828
3548 1829
3547 1830
3546 1819
3542 1809
3541 1808
3488 1829
3501 1838
3499 1840
3527 1671
3528 1670
3499 1657
3499 1655
3495 1653
3488 1658
3549 1829
3549 1827
3546 1830
3545 1819
3546 1818
3542 1808
3541 1807
3488 1828
3501 1837
3526 1671
3529 1670
3500 1655
3495 1652
3488 1659
3488 1657
3550 1829
3549 1830
3549 1826
3545 1830
3546 1831
3542 1807
3541 1806
3502 1837
3530 1670
3501 1655
3496 1652
3494 1652
3495 1651
3487 1659
3487 1657
3488 1656
3551 1829
3550 1826
3542 1806
3540 1806
3541 1805
3503 1837
3530 1671
3501 1656
3497 1652
3487 1660
3486 1657
3488 1655
3552 1829
3550 1825
3543 1806
3539 1806
3541 1804
3503 1836
3501 1657
3498 1652
3485 1657
3486 1658
3489 1655
3487 1655
3553 1829
3552 1830
3552 1828
3550 1824
3544 1806
3539 1805
3504 1836
3503 1835
3502 1657
3499 1652
3498 1651
3484 1657
3554 1829
3553 1830
3553 1828
3552 1831
3550 1823
3545 1806
3544 1807
3544 1805
3539 1804
3505 1836
3504 1835
3503 1657
3499 1653
3499 1651
3483 1657
3555 1829
3553 1831
3550 1822
3546 1806
3544 1804
3539 1803
3505 1837
3482 1657
3556 1829
3555 1830
3549 1822
3550 1821
3546 1807
3546 1805
3545 1804
3538 1803
3539 1802
3505 1838
3481 1657
3556 1828
3555 1831
3551 1821
3547 1807
3537 1803
3538 1802
3540 1802
3539 1801
3506 1838
3505 1839
3480 1657
3557 1828
3556 1831
3555 1832
3552 1821
3548 1807
3541 1802
3540 1801
3539 1800
3505 1840
3479 1657
3480 1658
3557 1831
3556 1832
3553 1821
3549 1807
3548 1806
3542 1802
3538 1800
3478 1657
3479 1656
3558 1831
3556 1833
3553 1822
3553 1820
3549 1808
3549 1806
3543 1802
3542 1803
3542 1801
2795 2575
3477 1657
3478 1656
3558 1830
3557 1833
3554 1822
3553 1819
3549 1809
3549 1805
3544 1802
3542 1800
3476 1657
3477 1658
3478 1655
3558 1833
3554 1819
3553 1818
3549 1810
3549 1804
3541 1800
3542 1799
3477 1659
3478 1654
3559 1833
3558 1834
3555 1819
3553 1817
3550 1810
3549 1803
3479 1654
3477 1654
3478 1653
3560 1833
3556 1819
3553 1816
3551 1810
3548 1803
3549 1802
3479 1653
3476 1654
3560 1834
3560 1832
3556 1820
3554 1816
3553 1815
3549 1801
3480 1653
3476 1653
3561 1834
3560 1835
3556 1821
3555 1816
3553 1814
3548 1801
3476 1652
3559 1835
3560 1836
3556 1822
3556 1816
3554 1814
3476 1651
3561 1836
3557 1822
3557 1816
3555 1814
3475 1651
3476 1650
3562 1836
3558 1816
3557 1815
3474 1651
3476 1649
3562 1835
3558 1817
3558 1815
3557 1814
3474 1652
3477 1649
3475 1649
3559 1817
3558 1814
3474 1653
3478 1649
3559 1814
3558 1813
3473 1653
3479 1649
3478 1650
3478 1648
3560 1814
3559 1813
3472 1653
3480 1649
3560 1815
3560 1813
3480 1648
3561 1813
3480 1647
3562 1813
3561 1812
3480 1646
3563 1813
3562 1814
3480 1645
3563 1812
3480 1644
3563 1811
3479 1644
3564 1811
3478 1644
3564 1810
3477 1644
3564 1809
3476 1644
3477 1643
3563 1809
3564 1808
3475 1644
3476 1643
3563 1808
3565 1808
3564 1807
3475 1645
3562 1808
3566 1808
3474 1645
3561 1808
3566 1809
3473 1645
3474 1646
3560 1808
3561 1809
3567 1809
3472 1645
3473 1646
3559 1808
3567 1810
3472 1646
3558 1808
3568 1810
3568 1811
3568 1812
3569 1812
3568 1813
3570 1812
3568 1814
3570 1813
3570 1811
3571 1811
3572 1811
3572 1810
3572 1809
3572 1808
3573 1808
3574 1808
3573 1807
3575 1808
3574 1809
3573 1806
3576 1808
3574 1810
3574 1806
3576 1809
3576 1807
3575 1810
3575 1806
3576 1810
3575 1811
3575 1805
3577 1810
3575 1812
3576 1805
3575 1804
3578 1810
3579 1810
3580 1810
3580 1811
3581 1811
3582 1811
3581 1812
3582 1810
3583 1810
3582 1809
3584 1810
3584 1811
3585 1811
3584 1812
3586 1811
3585 1812
3583 1812
3584 1813
3585 1813
3584 1814
3584 1815
3585 1815
3584 1816
3586 1815
3586 1816
3586 1814
3586 1817
3587 1814
3587 1817
3588 1814
3588 1817
3587 1818
3589 1814
3588 1813
3587 1819
2216 2702
3587 1820
2218 2706
3587 1821
2216 2703
2217 2706
3588 1821
3586 1821
3587 1822
2212 2707
2216 2704
3588 1822
3587 1823
2217 2705
3588 1823
2214 2704
3589 1823
2213 2707
2216 2705
3590 1823
2214 2705
3588 1812
3588 1811
3589 1811
3588 1810
3590 1811
3587 1810
3591 1811
3592 1811
3593 1811
3592 1810
3593 1812
3593 1813
3594 1813
3593 1814
3595 1813
3593 1815
3596 1813
3595 1814
3592 1815
3597 1813
3596 1812
3591 1815
3592 1816
3597 1814
3596 1811
3590 1815
3592 1817
3597 1815
3597 1811
3593 1817
3591 1817
3598 1811
3594 1817
3590 1817
3599 1811
3598 1810
3590 1818
3600 1811
3599 1810
3601 1811
3601 1810
3602 1810
3601 1809
3603 1810
3600 1809
3603 1809
3604 1809
3603 1808
3605 1809
3602 1808
3606 1809
3602 1807
3607 1809
3602 1806
3607 1810
3607 1808
3603 1806
3601 1806
3608 1810
3607 1811
3607 1807
3603 1805
3609 1810
3607 1806
3603 1804
3610 1810
3609 1809
3604 1804
3603 1803
3610 1811
3610 1809
3602 1803
3603 1802
3610 1812
3601 1803
3604 1802
3611 1812
3610 1813
3601 1804
3601 1802
3605 1802
3612 1812
3610 1814
3600 1802
3601 1801
3606 1802
3605 1803
3613 1812
3610 1815
3599 1802
3600 1801
3606 1803
3606 1801
3614 1812
3613 1811
3610 1816
3598 1802
3599 1803
3599 1801
3607 1801
3615 1812
3610 1817
3598 1803
3608 1801
3607 1800
3616 1812
3615 1811
3610 1818
3597 1803
3598 1804
3609 1801
3608 1802
3617 1812
3616 1813
3616 1811
3615 1810
3598 1805
3609 1802
3608 1803
3618 1812
3616 1814
3597 1805
3598 1806
3610 1802
3608 1804
3619 1812
3618 1811
3617 1814
3596 1805
3611 1802
3607 1804
3620 1812
3618 1814
3595 1805
3612 1802
3621 1812
3620 1813
3619 1814
3595 1804
3613 1802
3621 1813
3621 1811
3619 1815
3594 1804
3595 1803
3614 1802
3622 1813
3619 1816
3593 1804
3595 1802
3615 1802
3614 1801
3620 1816
3618 1816
3596 1802
3594 1802
3595 1801
3616 1802
3614 1800
3621 1816
3620 1817
3617 1816
3595 1800
3616 1801
3613 1800
3617 1817
3594 1800
3617 1801
3616 1800
3613 1799
3594 1799
3618 1801
3617 1800
3616 1799
3612 1799
3594 1798
3618 1802
3618 1800
3616 1798
3612 1798
3593 1798
3619 1802
3619 1800
3617 1798
3615 1798
3612 1797
3592 1798
3619 1803
3619 1799
3617 1797
3615 1797
3613 1797
3612 1796
3592 1799
3592 1797
3620 1803
3619 1804
3618 1797
3614 1797
3615 1796
3611 1796
3591 1797
3620 1804
3618 1796
3614 1796
3611 1795
3591 1796
3621 1804
3618 1795
3614 1795
3610 1795
3611 1794
3590 1796
3622 1804
3618 1794
3609 1795
3611 1793
3590 1795
3623 1804
3622 1803
3617 1794
3609 1796
3609 1794
3612 1793
3611 1792
3589 1795
3623 1803
3616 1794
3609 1793
3610 1792
3589 1794
3624 1803
3615 1794
3588 1794
3625 1803
3624 1802
3615 1793
3587 1794
3626 1803
3625 1804
3614 1793
3615 1792
3587 1793
3627 1803
3626 1804
3625 1805
3614 1792
3616 1792
3586 1793
3587 1792
3614 1791
3617 1792
3585 1793
3587 1791
3613 1791
3618 1792
3584 1793
3586 1791
3587 1790
3619 1792
3586 1790
3588 1790
3620 1792
3585 1790
3589 1790
3621 1792
3620 1793
3584 1790
3589 1791
3589 1789
3621 1793
3583 1790
3590 1789
3622 1793
3583 1789
3590 1788
3622 1794
3583 1788
3591 1788
3623 1794
3582 1788
3583 1787
3592 1788
3624 1794
3623 1795
3582 1787
3593 1788
3592 1787
3624 1795
3582 1786
3594 1788
3582 1785
3594 1789
3594 1787
3581 1785
3594 1790
3594 1786
3581 1784
3594 1791
3595 1786
3594 1785
3581 1783
3595 1791
3593 1791
3594 1792
3596 1786
3593 1785
3594 1784
3580 1783
3581 1782
3596 1791
3594 1793
3597 1786
3592 1785
3593 1784
3595 1784
3579 1783
3582 1782
3597 1791
3594 1794
3598 1786
3597 1785
3579 1782
3582 1781
3597 1790
3594 1795
3598 1785
3578 1782
3582 1780
3598 1790
3595 1795
3593 1795
3599 1785
3577 1782
3578 1781
3582 1779
3598 1789
3595 1796
3599 1784
3576 1782
3577 1783
3582 1778
3598 1788
3575 1782
3583 1778
3582 1777
3574 1782
3575 1783
3584 1778
3583 1777
3582 1776
3573 1782
3575 1784
3584 1779
3583 1776
3575 1785
3584 1780
3583 1775
3574 1785
3584 1781
3583 1774
3584 1782
3582 1774
3584 1783
3581 1774
3582 1773
3585 1783
3581 1775
3582 1772
3586 1783
3583 1772
3581 1772
3584 1772
3581 1771
3585 1772
3584 1771
3581 1770
3586 1772
3585 1773
3585 1771
3580 1770
3587 1772
3585 1774
3585 1770
3579 1770
3588 1772
3587 1773
3587 1771
3585 1769
3579 1769
3589 1772
3587 1774
3585 1768
3579 1768
3589 1771
3588 1774
3587 1775
3586 1768
3580 1768
3579 1767
3590 1771
3589 1770
3579 1766
3591 1771
3580 1766
3578 1766
3592 1771
3580 1765
3577 1766
3592 1770
3576 1766
3593 1770
3592 1769
3576 1767
3576 1765
3594 1770
3576 1764
3595 1770
3577 1764
3575 1764
3595 1771
3595 1769
3577 1763
3574 1764
3595 1768
3578 1763
3577 1762
3574 1763
3596 1768
3595 1767
3579 1763
3578 1762
3574 1762
3597 1768
3596 1767
3580 1763
3579 1764
3579 1762
3574 1761
3598 1768
3581 1763
3579 1761
3574 1760
3598 1767
3581 1762
3579 1760
3574 1759
3599 1767
3573 1759
3600 1767
3572 1759
3573 1758
3600 1768
3571 1759
3573 1757
3601 1768
3571 1758
3573 1756
3570 1758
3572 1756
3573 1755
3569 1758
3571 1756
3574 1755
3573 1754
3568 1758
3574 1754
3573 1753
3568 1759
3573 1752
3568 1760
3573 1751
3568 1761
3572 1751
3573 1750
3568 1762
3573 1749
3567 1762
3574 1749
3572 1749
3573 1748
3566 1762
3567 1763
3575 1749
3571 1749
3566 1763
3567 1764
3575 1748
3570 1749
3565 1763
3568 1764
3567 1765
3576 1748
3569 1749
3570 1750
3570 1748
3565 1764
3568 1765
3577 1748
3568 1749
3569 1748
3570 1747
3564 1764
3565 1765
3568 1766
3577 1747
3568 1750
3568 1748
3571 1747
3570 1746
3563 1764
3565 1766
3568 1751
3567 1748
3572 1747
3571 1746
3570 1745
3562 1764
3566 1766
3565 1767
3567 1751
3568 1752
3566 1748
3570 1744
3561 1764
3562 1765
3565 1768
3566 1751
3569 1752
3566 1747
3571 1744
3561 1763
3562 1766
3566 1750
3572 1744
3571 1743
3560 1763
3563 1766
3562 1767
3573 1744
3572 1743
3571 1742
3559 1763
3560 1762
3563 1767
3561 1767
3574 1744
3571 1741
3559 1764
3560 1761
3563 1768
3570 1741
3558 1764
3559 1761
3563 1769
3569 1741
3557 1764
3558 1761
3562 1769
3563 1770
3568 1741
3569 1740
3557 1765
3557 1763
3558 1762
3562 1770
3564 1770
3567 1741
3569 1739
3561 1770
3565 1770
3567 1740
3570 1739
3560 1770
3566 1740
3567 1739
3570 1738
3560 1771
3560 1769
3566 1739
3567 1738
3570 1737
3560 1772
3559 1769
3565 1739
3570 1736
3561 1772
3559 1772
3558 1769
3565 1738
3569 1736
3570 1735
3559 1773
3557 1769
3565 1737
3571 1735
3570 1734
3559 1774
3556 1769
3572 1735
3569 1734
3570 1733
3560 1774
3558 1774
3555 1769
3556 1768
3573 1735
3569 1733
3561 1774
3558 1775
3555 1770
3574 1735
3573 1736
3569 1732
3561 1775
3558 1776
3555 1771
3573 1737
3569 1731
3562 1775
3561 1776
3558 1777
3554 1771
3573 1738
3569 1730
3563 1775
3561 1777
3559 1777
3557 1777
3554 1772
3574 1738
3568 1730
3569 1729
3563 1776
3559 1778
3556 1777
3557 1778
3553 1772
3575 1738
3574 1739
3568 1729
3563 1777
3559 1779
3555 1777
3556 1778
3552 1772
3574 1740
3567 1729
3564 1777
3558 1779
3559 1780
3555 1778
3552 1773
3573 1740
3567 1728
3565 1777
3558 1780
3559 1781
3554 1778
3551 1773
3566 1728
3567 1727
3566 1777
3559 1782
3553 1778
3566 1727
3567 1726
3567 1777
3566 1778
3566 1776
3560 1782
3553 1779
3553 1777
3565 1727
3567 1725
3566 1779
3560 1783
3552 1779
3552 1777
3564 1727
3566 1725
3567 1724
3565 1779
3565 1725
3568 1724
3565 1724
3569 1724
3565 1723
3570 1724
3564 1723
3570 1723
3563 1723
3564 1722
3571 1723
3562 1723
3563 1722
3564 1721
3572 1723
3571 1722
3561 1723
3565 1721
3564 1720
3572 1724
3572 1722
3571 1721
3560 1723
3566 1721
3563 1720
3571 1720
3562 1720
3571 1719
3562 1719
3571 1718
3570 1718
3571 1717
3569 1718
3570 1717
3569 1717
3569 1716
3569 1715
3569 1714
3570 1714
3569 1713
3571 1714
3568 1713
3572 1714
3567 1713
3568 1712
3573 1714
3572 1715
3566 1713
3574 1714
3573 1713
3565 1713
3566 1714
3575 1714
3573 1712
3564 1713
3565 1714
3576 1714
3575 1715
3573 1711
3564 1714
3575 1716
3572 1711
3573 1710
3563 1714
3564 1715
3576 1716
3571 1711
3572 1710
3573 1709
3562 1714
3577 1716
3571 1710
3572 1709
3574 1709
3562 1715
3577 1717
3577 1715
3570 1710
3572 1708
3575 1709
3574 1708
3562 1716
3569 1710
3576 1709
3574 1707
3569 1711
3577 1709
3575 1707
3574 1706
3578 1709
3577 1710
3574 1705
3574 1704
3573 1704
3574 1703
3572 1704
3575 1703
3571 1704
3572 1705
3575 1702
3572 1706
3576 1702
3575 1701
3571 1706
3577 1702
3576 1701
3574 1701
3575 1700
3570 1706
3578 1702
3577 1701
3575 1699
3579 1702
3578 1703
3576 1699
3575 1698
3579 1703
3579 1701
3578 1704
3576 1698
3575 1697
3580 1703
3580 1701
3577 1704
3578 1705
3575 1696
3581 1703
3580 1704
3581 1701
3577 1705
3579 1705
3578 1706
3576 1696
3574 1696
3582 1703
3576 1705
3576 1695
3573 1696
3583 1703
3582 1704
3582 1702
3572 1696
3573 1697
3583 1702
3571 1696
3573 1698
3584 1702
3583 1701
3571 1695
3572 1698
3585 1702
3584 1701
3570 1695
3571 1694
3572 1699
3585 1703
3585 1701
3570 1694
3571 1693
3572 1700
3586 1703
3585 1704
3585 1700
3569 1694
3571 1692
3572 1701
3587 1703
3585 1705
3568 1694
3571 1691
3586 1705
3584 1705
3568 1693
3572 1691
3570 1691
3587 1705
3568 1692
3572 1690
3588 1705
3567 1692
3572 1689
3588 1704
3566 1692
3573 1689
3572 1688
3566 1693
3566 1691
3574 1689
3571 1688
3566 1694
3566 1690
3575 1689
3574 1690
3574 1688
3571 1687
3566 1695
3567 1690
3566 1689
3576 1689
3574 1691
3574 1687
3567 1695
3568 1690
3567 1689
3566 1688
3577 1689
3575 1691
3574 1692
3575 1687
3565 1688
3566 1687
3577 1690
3576 1687
3575 1686
3564 1688
3567 1687
3566 1686
3577 1691
3575 1685
3563 1688
3564 1689
3564 1687
3567 1686
3565 1686
3577 1692
3576 1685
3562 1688
3564 1690
3564 1686
3567 1685
3577 1693
3577 1685
3562 1687
3564 1691
3567 1684
3578 1693
3576 1693
3577 1694
3577 1684
3561 1687
3562 1686
3563 1691
3579 1693
3578 1684
3561 1686
3562 1685
3562 1691
3563 1692
3579 1694
3579 1692
3579 1684
3561 1685
3562 1684
3561 1691
3563 1693
3579 1695
3579 1685
3579 1683
3560 1685
3560 1691
3580 1695
3578 1695
3580 1685
3579 1686
3579 1682
3559 1685
3560 1692
3581 1695
3578 1696
3581 1685
3580 1686
3578 1686
3580 1682
3578 1682
3558 1685
3559 1692
3582 1695
3578 1697
3582 1685
3581 1686
3580 1687
3578 1687
3580 1681
3578 1681
3557 1685
3558 1692
3559 1693
3583 1695
3580 1688
3581 1681
3577 1681
3578 1680
3556 1685
3557 1686
3557 1684
3557 1692
3558 1691
3559 1694
3583 1696
3583 1694
3579 1688
3582 1681
3576 1681
3577 1680
3556 1686
3558 1690
3558 1694
3559 1695
3584 1696
3582 1682
3576 1680
3577 1679
3556 1687
3559 1690
3558 1689
3560 1695
3559 1696
3585 1696
3584 1697
3583 1682
3582 1683
3575 1680
3576 1679
3577 1678
3555 1687
3561 1695
3559 1697
3585 1695
3574 1680
3576 1678
3554 1687
3555 1688
3561 1696
3560 1697
3559 1698
3586 1695
3574 1681
3576 1677
3553 1687
3554 1686
3561 1697
3587 1695
3586 1694
3573 1681
3574 1682
3576 1676
3553 1688
3554 1685
3561 1698
3588 1695
3587 1696
3586 1693
3573 1682
3577 1676
3576 1675
3552 1688
3553 1689
3554 1684
3562 1698
3561 1699
3589 1695
3588 1696
3587 1697
3585 1693
3552 1689
3554 1689
3555 1684
3553 1684
3563 1698
3561 1700
3590 1695
3587 1698
3584 1693
3551 1689
3555 1683
3552 1684
3564 1698
3563 1699
3591 1695
3584 1692
3550 1689
3552 1683
3565 1698
3563 1700
3592 1695
3584 1691
3549 1689
3552 1682
3565 1699
3564 1700
3593 1695
3583 1691
3584 1690
3549 1690
3552 1681
3564 1701
3593 1696
3582 1691
3584 1689
3549 1691
3553 1681
3552 1680
3581 1691
3582 1692
3582 1690
3553 1680
3551 1680
3581 1692
3581 1690
3582 1689
3550 1680
3551 1679
3581 1693
3580 1690
3550 1681
3551 1678
3550 1678
3549 1678
3549 1679
3549 1677
3549 1676
3550 1676
3548 1676
3549 1675
3551 1676
3550 1675
3548 1675
3552 1676
3550 1674
3552 1677
3550 1673
3551 1673
3552 1673
3552 1674
3553 1674
3554 1674
3554 1673
3554 1672
3555 1672
3556 1672
3557 1672
3556 1671
3557 1673
3556 1670
3557 1674
3555 1670
3558 1674
3557 1675
3558 1675
3559 1675
3560 1675
3561 1675
3561 1676
3562 1676
3563 1676
3562 1677
3563 1675
3562 1678
3564 1675
3563 1674
3562 1679
3565 1675
3563 1679
3562 1680
3566 1675
3565 1674
3561 1680
3566 1676
3565 1673
3561 1681
3566 1677
3566 1673
3565 1672
3561 1682
3567 1677
3565 1677
3567 1673
3564 1672
3562 1682
3568 1677
3564 1677
3568 1673
3567 1674
3563 1672
3569 1677
3569 1673
3563 1671
3570 1677
3569 1678
3570 1673
3563 1670
3571 1677
3569 1679
3571 1673
3570 1672
3564 1670
3563 1669
3572 1677
3571 1678
3571 1676
3568 1679
3565 1670
3563 1668
3571 1679
3571 1675
3563 1667
3563 1666
3564 1666
3562 1666
3563 1665
3565 1666
3566 1666
3565 1665
3566 1667
3565 1664
3566 1664
3565 1663
3566 1663
3565 1662
3567 1663
3565 1661
3564 1661
3565 1660
3563 1661
3565 1659
3562 1661
3566 1659
3565 1658
3562 1660
3567 1659
3565 1657
3562 1659
3567 1660
3565 1656
3561 1659
3562 1658
3568 1660
3567 1661
3566 1656
3564 1656
3560 1659
3569 1660
3566 1655
3559 1659
3560 1658
3567 1655
3560 1657
3568 1655
3567 1654
3559 1657
3560 1656
3569 1655
3567 1653
3558 1657
3567 1652
3557 1657
3567 1651
3557 1658
3557 1656
3568 1651
3556 1658
3568 1650
3555 1658
3556 1659
3569 1650
3568 1649
3555 1659
3569 1649
3567 1649
3554 1659
3569 1648
3567 1648
3553 1659
3569 1647
3566 1648
3553 1660
3568 1647
3569 1646
3565 1648
3552 1660
3553 1661
3570 1646
3565 1649
3554 1661
3571 1646
3570 1645
3565 1650
3570 1644
3565 1651
3571 1644
3569 1644
3571 1643
3568 1644
3571 1642
3570 1642
3571 1641
3570 1641
3571 1640
3570 1640
3572 1640
3570 1639
3570 1638
3569 1638
3570 1637
3568 1638
3569 1637
3570 1636
3567 1638
3568 1639
3570 1635
3567 1637
3571 1635
3566 1637
3567 1636
3572 1635
3571 1634
3566 1636
3573 1635
3572 1636
3572 1634
3571 1633
3566 1635
3574 1635
3573 1636
3572 1633
3571 1632
3565 1635
3572 1632
3570 1632
3564 1635
3572 1631
3570 1631
3573 1631
3572 1630
3570 1630
3574 1631
3570 1629
3575 1631
3570 1628
3576 1631
3575 1630
3570 1627
3576 1632
3575 1629
3570 1626
3577 1632
3576 1633
3576 1629
3574 1629
3571 1626
3578 1632
3577 1633
3576 1634
3573 1629
3572 1626
3578 1633
3578 1631
3573 1628
3572 1627
3572 1625
3579 1631
3573 1627
3572 1624
3579 1630
3571 1624
3572 1623
3580 1630
3579 1629
3572 1622
3581 1630
3578 1629
3579 1628
3573 1622
3572 1621
3581 1631
3578 1628
3580 1628
3574 1622
3573 1621
3571 1621
3582 1631
3581 1632
3581 1628
3580 1627
3575 1622
3574 1621
3583 1631
3581 1633
3581 1627
3575 1623
3574 1620
3584 1631
3583 1630
3582 1627
3575 1624
3574 1619
3585 1631
3582 1626
3576 1624
3574 1624
3575 1625
3573 1619
3574 1618
3586 1631
3582 1625
3577 1624
3573 1618
3587 1631
3586 1632
3586 1630
3581 1625
3582 1624
3577 1623
3573 1617
3588 1631
3587 1630
3583 1624
3582 1623
3572 1617
3573 1616
3588 1630
3587 1629
3584 1624
3571 1617
3573 1615
3588 1629
3587 1628
3584 1623
3571 1618
3571 1616
3572 1615
3588 1628
3570 1618
3570 1616
3571 1615
3589 1628
3569 1616
3571 1614
3590 1628
3568 1616
3591 1628
3590 1629
3567 1616
3568 1617
3592 1628
3566 1616
3567 1617
3567 1615
3568 1618
3592 1629
3592 1627
3565 1616
3592 1630
3593 1627
3564 1616
3565 1617
3593 1630
3592 1631
3594 1627
3563 1616
3565 1618
3594 1630
3592 1632
3595 1627
3563 1615
3565 1619
3595 1630
3594 1631
3594 1629
3595 1626
3563 1614
3566 1619
3564 1619
3565 1620
3596 1630
3595 1625
3564 1614
3562 1614
3567 1619
3596 1625
3561 1614
3597 1625
3560 1614
3597 1626
3597 1624
3559 1614
3560 1613
3597 1627
3598 1624
3597 1623
3558 1614
3560 1612
3597 1628
3597 1622
3558 1615
3560 1611
3598 1628
3596 1628
3598 1622
3596 1622
3597 1621
3560 1610
3599 1628
3599 1622
3596 1621
3559 1610
3560 1609
3600 1628
3599 1627
3600 1622
3596 1620
3560 1608
3601 1628
3601 1622
3600 1621
3596 1619
3561 1608
3601 1629
3602 1622
3595 1619
3562 1608
3603 1622
3595 1618
3563 1608
3603 1623
3603 1621
3594 1618
3595 1617
3564 1608
3604 1623
3593 1618
3594 1617
3596 1617
3595 1616
3565 1608
3604 1624
3593 1617
3595 1615
3566 1608
3604 1625
3596 1615
3603 1625
3604 1626
3596 1614
3604 1627
3596 1613
3604 1628
3597 1613
3595 1613
3604 1629
3598 1613
3597 1612
3594 1613
3604 1630
3599 1613
3598 1612
3597 1611
3604 1631
3600 1613
3604 1632
3601 1613
3605 1632
3601 1614
3601 1612
3605 1633
3602 1614
3601 1615
3601 1611
3606 1633
3605 1634
3603 1614
3607 1633
3605 1635
3604 1614
3603 1615
3608 1633
3605 1636
3605 1614
3604 1615
3604 1613
3603 1616
3609 1633
3606 1636
3604 1636
3605 1615
3605 1613
3604 1612
3602 1616
3610 1633
3609 1632
3607 1636
3603 1636
3604 1637
3606 1615
3603 1612
3602 1617
3610 1634
3609 1631
3608 1636
3607 1637
3607 1635
3604 1638
3607 1615
3603 1611
3610 1635
3609 1630
3609 1636
3603 1638
3604 1639
3608 1615
3603 1610
3610 1636
3602 1638
3609 1615
3608 1616
3603 1609
3611 1636
3601 1638
3602 1639
3610 1615
3603 1608
3612 1636
3611 1637
3600 1638
3601 1637
3602 1640
3610 1616
3610 1614
3602 1608
3613 1636
3612 1637
3599 1638
3600 1639
3601 1636
3601 1640
3602 1641
3611 1614
3614 1636
3613 1637
3613 1635
3598 1638
3599 1637
3601 1635
3612 1614
3614 1635
3613 1638
3613 1634
3599 1636
3613 1614
3613 1639
3612 1634
3598 1636
3614 1614
3613 1615
3614 1639
3613 1640
3612 1633
3614 1615
3614 1613
3613 1616
3615 1639
3614 1640
3612 1632
3614 1612
3612 1616
3615 1638
3614 1641
3613 1632
3612 1631
3614 1611
3615 1637
3614 1642
3614 1610
3616 1637
3615 1642
3614 1643
3615 1610
3614 1609
3617 1637
3616 1636
3616 1642
3613 1643
3614 1608
3617 1638
3616 1635
3617 1642
3612 1643
3613 1644
3615 1608
3613 1608
3618 1638
3617 1639
3617 1635
3616 1634
3618 1642
3612 1644
3616 1608
3612 1608
3613 1607
3618 1639
3617 1634
3619 1642
3611 1644
3611 1608
3618 1640
3618 1634
3620 1642
3619 1643
3610 1644
3611 1645
3610 1608
3611 1607
3619 1634
3618 1633
3619 1644
3611 1646
3609 1608
3611 1606
3620 1634
3618 1632
3620 1644
3618 1644
3610 1646
3611 1647
3608 1608
3612 1606
3610 1606
3611 1605
3621 1634
3620 1635
3619 1632
3618 1645
3609 1646
3607 1608
3612 1605
3609 1606
3610 1605
3611 1604
3622 1634
3621 1633
3620 1636
3618 1646
3608 1646
3609 1647
3609 1645
3606 1608
3612 1604
3622 1635
3621 1632
3621 1636
3619 1646
3618 1647
3609 1648
3606 1609
3606 1607
3623 1635
3622 1632
3620 1646
3609 1649
3606 1606
3624 1635
3623 1632
3622 1631
3621 1646
3610 1649
3609 1650
3607 1606
3605 1606
3625 1635
3624 1634
3622 1630
3621 1647
3609 1651
3607 1605
3604 1606
3626 1635
3622 1629
3608 1651
3603 1606
3623 1629
3608 1652
3602 1606
3624 1629
3607 1652
3608 1653
3602 1605
3625 1629
3624 1628
3606 1652
3602 1604
3625 1630
3624 1627
3605 1652
3601 1604
3625 1631
3604 1652
3600 1604
3626 1631
3603 1652
3599 1604
3627 1631
3602 1652
3603 1651
3599 1603
3627 1630
3602 1653
3603 1650
3599 1602
3628 1630
3602 1654
3599 1601
3629 1630
3603 1654
3599 1600
3629 1629
3600 1600
3629 1628
3601 1600
3600 1599
3630 1628
3629 1627
3601 1601
3600 1598
3631 1628
3630 1627
3628 1627
3629 1626
3602 1601
3601 1598
3599 1598
3600 1597
3632 1628
3630 1626
3627 1627
3603 1601
3598 1598
3600 1596
3633 1628
3627 1628
3603 1602
3597 1598
3634 1628
3633 1629
3597 1599
3597 1597
3635 1628
3633 1630
3597 1596
3636 1628
3635 1629
3632 1630
3596 1596
3597 1595
3636 1629
3636 1627
3595 1596
3636 1630
3594 1596
3637 1630
3594 1597
3637 1631
3593 1597
3594 1598
3638 1631
3637 1632
3592 1597
3639 1631
3636 1632
3637 1633
3592 1598
3640 1631
3639 1630
3591 1598
3640 1630
3639 1629
3590 1598
3591 1599
3641 1630
3639 1628
3591 1600
3642 1630
3640 1628
3638 1628
3639 1627
3590 1600
3591 1601
3643 1630
3640 1627
3639 1626
3590 1601
3591 1602
3643 1631
3643 1629
3640 1626
3639 1625
3591 1603
3643 1632
3644 1629
3638 1625
3639 1624
3591 1604
3644 1628
3638 1624
3640 1624
3639 1623
3592 1604
3644 1627
3640 1623
3592 1605
3643 1627
3644 1626
3641 1623
3593 1605
3643 1626
3645 1626
3594 1605
3643 1625
3645 1625
3594 1604
3642 1625
3645 1624
3595 1604
3642 1624
3646 1624
3647 1624
3646 1623
3647 1625
3646 1622
3648 1625
3646 1621
3649 1625
3649 1624
3650 1624
3650 1623
3650 1622
3651 1622
3650 1621
3652 1622
3650 1620
3652 1621
3650 1619
3653 1621
3650 1618
3653 1620
3649 1618
3654 1620
3653 1619
3648 1618
3655 1620
3647 1618
3648 1617
3655 1619
3647 1619
3647 1617
3656 1619
3647 1616
3656 1618
3646 1616
3656 1617
3645 1616
3657 1617
3655 1617
3644 1616
3645 1617
3655 1616
3643 1616
3644 1615
3655 1615
3642 1616
3644 1614
3656 1615
3641 1616
3645 1614
3644 1613
3657 1615
3640 1616
3644 1612
3658 1615
3657 1614
3640 1617
3640 1615
3644 1611
3658 1616
3657 1613
3640 1614
3645 1611
3659 1616
3657 1612
3640 1613
3645 1610
3660 1616
3657 1611
3645 1609
3661 1616
3660 1617
3658 1611
3646 1609
3644 1609
3662 1616
3659 1611
3646 1608
3643 1609
3644 1608
3663 1616
3662 1615
3646 1607
3643 1610
3644 1607
3664 1616
3663 1615
3647 1607
3642 1610
3643 1607
3663 1614
3648 1607
3647 1606
3642 1611
3664 1614
3648 1608
3641 1611
3642 1612
3665 1614
3664 1613
3649 1608
3640 1611
3642 1613
3665 1615
3664 1612
3650 1608
3649 1609
3639 1611
3642 1614
3666 1615
3664 1611
3650 1607
3649 1610
3638 1611
3639 1610
3667 1615
3666 1616
3664 1610
3650 1606
3649 1611
3637 1611
3638 1610
3666 1617
3663 1610
3664 1609
3651 1606
3649 1606
3650 1611
3636 1611
3637 1612
3666 1618
3663 1609
3665 1609
3652 1606
3651 1611
3635 1611
3636 1610
3667 1618
3665 1618
3666 1619
3663 1608
3666 1609
3652 1605
3652 1611
3634 1611
3636 1609
3668 1618
3664 1618
3662 1608
3663 1607
3667 1609
3666 1608
3653 1611
3635 1609
3669 1618
3668 1619
3661 1608
3667 1610
3653 1610
3634 1609
3669 1617
3661 1609
3668 1610
3633 1609
3670 1617
3661 1610
3669 1610
3671 1617
3660 1610
3670 1610
3669 1611
3669 1609
3671 1618
3671 1610
3669 1612
3669 1608
3671 1619
3671 1611
3671 1609
3668 1608
3669 1607
3671 1620
3672 1611
3671 1612
3668 1607
3670 1607
3671 1621
3672 1612
3668 1606
3671 1607
3672 1621
3670 1621
3672 1613
3667 1606
3668 1605
3671 1606
3673 1621
3670 1622
3673 1613
3669 1605
3672 1606
3674 1621
3673 1620
3670 1623
3674 1613
3673 1614
3673 1606
3672 1605
3675 1621
3671 1623
3670 1624
3674 1614
3674 1612
3676 1621
3670 1625
3675 1614
3674 1615
3675 1612
3676 1622
3676 1620
3671 1625
3669 1625
3676 1612
3677 1622
3677 1620
3676 1619
3672 1625
3668 1625
3669 1626
3678 1622
3677 1623
3677 1619
3675 1619
3672 1626
3668 1624
3669 1627
3679 1622
3677 1624
3678 1619
3677 1618
3673 1626
3667 1624
3668 1623
3670 1627
3668 1627
3669 1628
3680 1622
3679 1619
3678 1618
3677 1617
3666 1624
3668 1622
3667 1627
3669 1629
3680 1623
3680 1621
3679 1620
3677 1616
3665 1624
3668 1629
3680 1624
3677 1615
3664 1624
3668 1630
3681 1624
3680 1625
3678 1615
3681 1625
3679 1615
3681 1626
3679 1616
3682 1626
3681 1627
3680 1616
3679 1617
3683 1626
3681 1616
3682 1616
3682 1617
3682 1615
3683 1617
3682 1614
3684 1617
3681 1614
3685 1617
3684 1618
3681 1613
3686 1617
3684 1619
3681 1612
3686 1616
3685 1619
3682 1612
3687 1616
3686 1619
3688 1616
3687 1615
3687 1619
3688 1617
3687 1614
3688 1619
3688 1614
3687 1613
3689 1619
3688 1613
3686 1613
3687 1612
3690 1619
3689 1620
3688 1612
3685 1613
3686 1612
3687 1611
3690 1620
3689 1621
3686 1611
3691 1620
3685 1611
3686 1610
3692 1620
3691 1621
3686 1609
3692 1619
3691 1622
3687 1609
3686 1608
3692 1618
3692 1622
3688 1609
3685 1608
3693 1618
3692 1623
3684 1608
3685 1607
3694 1618
3692 1624
3683 1608
3684 1607
3685 1606
3694 1617
3693 1624
3692 1625
3683 1607
3695 1617
3694 1616
3694 1624
3692 1626
3682 1607
3696 1617
3693 1616
3694 1615
3695 1624
3693 1626
3692 1627
3682 1606
3692 1616
3693 1615
3694 1614
3695 1625
3695 1623
3693 1627
3692 1628
3681 1606
3682 1605
3691 1616
3695 1614
3696 1625
3695 1622
3693 1628
3692 1629
3682 1604
3691 1615
3695 1613
3697 1625
3696 1626
3695 1621
3694 1628
3691 1629
3682 1603
3696 1613
3695 1612
3696 1627
3696 1621
3694 1629
3681 1603
3697 1613
3694 1612
3695 1611
3695 1627
3697 1621
3695 1629
3698 1613
3696 1611
3695 1610
3698 1621
3696 1629
3695 1630
3697 1611
3699 1621
3697 1629
3697 1610
3700 1621
3699 1622
3698 1629
3698 1610
3699 1623
3698 1630
3699 1610
3698 1609
3700 1623
3698 1631
3699 1611
3699 1609
3698 1608
3701 1623
3700 1624
3699 1631
3700 1611
3700 1609
3698 1607
3701 1622
3700 1625
3699 1632
3700 1612
3701 1609
3698 1606
3702 1622
3699 1625
3700 1626
3699 1633
3700 1613
3701 1608
3697 1606
3698 1605
3703 1622
3700 1627
3700 1633
3698 1633
3702 1608
3696 1606
3698 1604
3700 1628
3701 1633
3697 1633
3703 1608
3695 1606
3696 1607
3696 1605
3697 1604
3698 1603
3701 1628
3702 1633
3696 1633
3694 1606
3699 1603
3702 1628
3703 1633
3695 1633
3696 1634
3693 1606
3699 1602
3703 1628
3704 1633
3703 1632
3693 1605
3699 1601
3704 1628
3705 1633
3703 1631
3692 1605
3693 1604
3699 1600
3705 1634
3705 1632
3704 1631
3702 1631
3691 1605
3692 1604
3700 1600
3699 1599
3705 1635
3706 1632
3705 1631
3701 1631
3691 1606
3691 1604
3692 1603
3698 1599
3706 1635
3704 1635
3707 1632
3692 1602
3706 1636
3704 1636
3707 1631
3692 1601
3707 1636
3706 1637
3708 1631
3692 1600
3708 1636
3706 1638
3709 1631
3708 1630
3692 1599
3707 1638
3705 1638
3708 1629
3692 1598
3707 1639
3704 1638
3709 1629
3692 1597
3707 1640
3704 1639
3710 1629
3691 1597
3710 1628
3691 1596
3710 1627
3691 1595
3710 1626
3692 1595
3691 1594
3709 1626
3710 1625
3690 1594
3691 1593
3708 1626
3711 1625
3710 1624
3690 1593
3691 1592
3707 1626
3708 1627
3712 1625
3710 1623
3692 1592
3707 1627
3712 1624
3709 1623
3710 1622
3713 1624
3709 1622
3711 1622
3714 1624
3709 1621
3714 1625
3708 1621
3709 1620
3715 1625
3707 1621
3708 1620
3716 1625
3707 1622
3707 1620
3717 1625
3716 1626
3716 1624
3706 1622
3707 1623
3706 1620
3707 1619
3718 1625
3717 1626
3717 1624
3716 1623
3706 1619
3707 1618
3718 1626
3717 1627
3717 1623
3715 1623
3718 1627
3715 1622
3715 1621
3715 1620
3714 1620
3715 1619
3715 1618
3714 1618
3715 1617
3713 1618
3714 1617
3716 1617
3712 1618
3716 1616
3711 1618
3710 1618
3711 1619
3711 1617
3709 1618
3710 1617
3711 1616
3710 1616
3710 1615
3709 1615
3710 1614
3711 1614
3712 1614
3712 1613
3712 1612
3713 1612
3712 1611
3714 1612
3712 1610
3715 1612
3714 1613
3713 1610
3714 1610
3713 1609
3715 1610
3716 1610
3717 1610
3718 1610
3718 1611
3718 1609
3719 1611
3718 1608
3719 1612
3719 1608
3720 1612
3720 1608
3721 1612
3720 1607
3721 1613
3721 1611
3721 1607
3721 1614
3722 1611
3721 1610
3721 1606
3720 1614
3721 1615
3722 1610
3720 1610
3721 1609
3721 1605
3722 1615
3721 1616
3723 1610
3722 1609
3722 1605
3721 1617
3724 1610
3722 1604
3722 1617
3720 1617
3724 1611
3722 1603
3723 1617
3722 1618
3719 1617
3720 1618
3725 1611
3724 1612
3721 1603
3722 1602
3723 1618
3722 1619
3718 1617
3726 1611
3723 1602
3722 1601
3724 1618
3721 1619
3718 1618
3727 1611
3721 1601
3724 1619
3727 1610
3720 1601
3725 1619
3728 1610
3719 1601
3720 1602
3726 1619
3729 1610
3718 1601
3719 1600
3730 1610
3717 1601
3718 1602
3719 1599
3730 1609
3716 1601
3717 1602
3719 1598
3731 1609
3715 1601
3720 1598
3732 1609
3714 1601
3715 1602
3715 1600
3732 1610
3732 1608
3713 1601
3715 1599
3732 1607
3713 1602
3716 1599
3715 1598
3733 1607
3732 1606
3712 1602
3713 1603
3714 1598
3715 1597
3734 1607
3731 1606
3714 1603
3714 1597
3716 1597
3715 1596
3734 1606
3714 1596
3716 1596
3715 1595
3734 1605
3713 1596
3717 1596
3716 1595
3715 1594
3735 1605
3733 1605
3716 1594
3714 1594
3736 1605
3713 1594
3714 1593
3737 1605
3712 1594
3714 1592
3738 1605
3737 1606
3737 1604
3712 1593
3715 1592
3713 1592
3737 1607
3738 1607
3736 1607
3738 1608
3738 1609
3739 1609
3738 1610
3739 1610
3739 1611
3740 1611
3739 1612
3741 1611
3740 1612
3739 1613
3742 1611
3741 1612
3739 1614
3742 1612
3742 1610
3740 1614
3738 1614
3739 1615
3742 1613
3742 1609
3740 1615
3738 1615
3742 1614
3743 1609
3737 1615
3738 1616
3743 1614
3742 1615
3736 1615
3744 1614
3735 1615
3745 1614
3744 1615
3744 1613
3735 1616
3746 1614
3745 1613
3744 1616
3735 1617
3746 1613
3745 1612
3744 1617
3734 1617
3735 1618
3746 1612
3745 1611
3745 1617
3735 1619
3746 1611
3744 1611
3745 1618
3735 1620
3746 1610
3745 1619
3735 1621
3747 1610
3744 1619
3745 1620
3736 1621
3734 1621
3748 1610
3747 1609
3746 1620
3745 1621
3737 1621
3734 1622
3747 1620
3737 1622
3734 1623
3748 1620
3738 1622
3737 1623
3735 1623
3734 1624
3749 1620
3738 1623
3737 1624
3735 1624
3750 1620
3739 1623
3738 1624
3737 1625
3751 1620
3750 1621
3750 1619
3752 1620
3750 1622
3750 1618
3752 1619
3751 1622
3749 1622
3750 1617
3752 1622
3749 1623
3750 1616
3753 1622
3749 1624
3751 1616
3753 1623
3748 1624
3752 1616
3751 1615
3754 1623
3747 1624
3748 1625
3751 1614
3755 1623
3747 1625
3748 1626
3752 1614
3750 1614
3756 1623
3755 1624
3755 1622
3748 1627
3753 1614
3749 1614
3750 1613
3757 1623
3749 1627
3748 1628
3754 1614
3753 1615
3753 1613
3750 1612
3757 1622
3749 1628
3754 1613
3751 1612
3758 1622
3749 1629
3751 1611
3750 1629
3749 1630
3752 1611
3751 1629
3748 1630
3749 1631
3753 1611
3752 1629
3751 1630
3748 1631
3754 1611
3753 1610
3752 1630
3747 1631
3755 1611
3753 1630
3752 1631
3746 1631
3755 1610
3753 1631
3746 1632
3746 1630
3756 1610
3753 1632
3745 1630
3756 1609
3753 1633
3745 1629
3754 1633
3752 1633
3755 1633
3754 1634
3751 1633
3752 1634
3756 1633
3755 1632
3750 1633
3757 1633
3756 1632
3749 1633
3750 1632
3758 1633
3756 1631
3749 1634
3759 1633
3758 1634
3748 1634
3760 1633
3758 1635
3747 1634
3761 1633
3759 1635
3746 1634
3761 1632
3746 1635
3762 1632
3745 1635
3746 1636
3763 1632
3747 1636
3746 1637
3764 1632
3746 1638
3765 1632
3764 1631
3746 1639
3765 1633
3764 1630
3747 1639
3746 1640
3765 1634
3765 1630
3763 1630
3748 1639
3747 1640
3766 1634
3765 1635
3766 1630
3762 1630
3749 1639
3748 1640
3748 1638
3747 1641
3765 1636
3766 1629
3750 1639
3747 1642
3766 1636
3764 1636
3765 1637
3751 1639
3747 1643
3767 1636
3765 1638
3752 1639
3751 1640
3748 1643
3746 1643
3768 1636
3766 1638
3764 1638
3752 1640
3752 1638
3751 1641
3768 1637
3768 1635
3767 1638
3753 1640
3752 1641
3753 1638
3752 1637
3769 1637
3768 1638
3753 1641
3751 1637
3770 1637
3768 1639
3754 1641
3771 1637
3768 1640
3754 1642
3772 1637
3768 1641
3755 1642
3769 1641
3770 1641
3770 1642
3770 1640
3771 1642
3772 1642
3773 1642
3772 1643
3772 1641
3774 1642
3772 1644
3772 1640
3775 1642
3775 1643
3776 1643
3777 1643
3777 1644
3777 1642
3777 1645
3777 1641
3778 1645
3778 1641
3776 1641
3777 1640
3779 1645
3779 1641
3777 1639
3780 1645
3779 1644
3780 1641
3777 1638
3781 1645
3781 1641
3778 1638
3776 1638
3782 1645
3781 1646
3782 1641
3779 1638
3778 1637
3776 1637
3783 1645
3781 1647
3780 1638
3775 1637
3784 1645
3781 1648
3781 1638
3780 1639
3780 1637
3774 1637
3785 1645
3782 1648
3781 1649
3782 1638
3780 1636
3774 1636
3783 1648
3780 1649
3781 1650
3782 1637
3780 1635
3773 1636
3784 1648
3783 1649
3782 1650
3781 1651
3782 1636
3781 1635
3779 1635
3780 1634
3773 1635
3784 1649
3782 1651
3781 1652
3783 1636
3780 1633
3782 1652
3780 1652
3784 1636
3781 1633
3780 1632
3783 1652
3779 1652
3780 1653
3784 1635
3781 1632
3784 1652
3779 1651
3780 1654
3785 1635
3782 1632
3785 1652
3784 1653
3778 1651
3780 1655
3786 1635
3785 1634
3782 1631
3786 1652
3785 1653
3779 1655
3780 1656
3787 1635
3782 1630
3786 1653
3786 1651
3779 1656
3788 1635
3786 1654
3786 1650
3779 1657
3788 1636
3788 1634
3786 1655
3778 1657
3779 1658
3789 1636
3789 1634
3787 1655
3786 1656
3777 1657
3779 1659
3789 1637
3790 1634
3788 1655
3777 1656
3779 1660
3789 1638
3791 1634
3788 1656
3780 1660
3778 1660
3789 1639
3792 1634
3788 1657
3777 1660
3788 1639
3788 1658
3777 1661
3787 1639
3788 1659
3777 1662
3786 1639
3787 1638
3777 1663
3785 1639
3776 1663
3777 1664
3785 1640
3778 1664
3785 1641
3779 1664
3785 1642
3779 1665
3786 1642
3779 1666
3787 1642
3780 1666
3778 1666
3788 1642
3787 1643
3780 1667
3778 1667
3789 1642
3787 1644
3781 1667
3778 1668
3790 1642
3789 1641
3788 1644
3782 1667
3779 1668
3791 1642
3783 1667
3782 1668
3782 1666
3779 1669
3792 1642
3783 1666
3782 1669
3779 1670
3793 1642
3792 1641
3784 1666
3782 1670
3778 1670
3794 1642
3793 1643
3785 1666
3778 1671
3795 1642
3785 1665
3777 1671
3778 1672
3795 1641
3776 1671
3777 1672
3778 1673
3796 1641
3775 1671
3777 1673
3778 1674
3796 1640
3774 1671
3775 1672
3776 1673
3778 1675
3797 1640
3773 1671
3774 1672
3777 1675
3778 1676
3798 1640
3772 1671
3774 1673
3776 1675
3779 1676
3778 1677
3799 1640
3798 1639
3771 1671
3776 1676
3780 1676
3799 1641
3798 1638
3770 1671
3781 1676
3800 1641
3769 1671
3781 1677
3781 1675
3800 1642
3769 1672
3769 1670
3782 1677
3781 1678
3801 1642
3800 1643
3768 1672
3783 1677
3802 1642
3767 1672
3783 1678
3803 1642
3766 1672
3784 1678
3783 1679
3803 1641
3785 1678
3783 1680
3804 1641
3786 1678
3782 1680
3783 1681
3804 1640
3782 1681
3805 1640
3782 1682
3806 1640
3781 1682
3807 1640
3780 1682
3807 1641
3780 1683
3780 1681
3807 1642
3779 1683
3780 1684
3806 1642
3781 1684
3780 1685
3805 1642
3782 1684
3779 1685
3805 1643
3783 1684
3779 1686
3805 1644
3784 1684
3779 1687
3806 1644
3805 1645
3784 1685
3784 1683
3779 1688
3807 1644
3805 1646
3785 1685
3784 1686
3785 1683
3779 1689
3808 1644
3805 1647
3786 1685
3786 1683
3780 1689
3778 1689
3779 1690
3809 1644
3806 1647
3804 1647
3786 1686
3786 1682
3778 1690
3779 1691
3810 1644
3806 1648
3803 1647
3787 1682
3786 1681
3777 1690
3779 1692
3810 1643
3807 1648
3806 1649
3788 1682
3785 1681
3786 1680
3776 1690
3778 1692
3779 1693
3811 1643
3808 1648
3807 1649
3806 1650
3789 1682
3788 1681
3776 1691
3776 1689
3779 1694
3812 1643
3808 1649
3805 1650
3789 1681
3775 1691
3776 1692
3775 1689
3779 1695
3813 1643
3812 1642
3789 1680
3776 1693
3774 1689
3780 1695
3779 1696
3813 1644
3812 1641
3790 1680
3777 1693
3775 1693
3774 1690
3774 1688
3781 1695
3779 1697
3814 1644
3813 1645
3811 1641
3773 1688
3774 1687
3782 1695
3781 1694
3778 1697
3814 1645
3811 1640
3772 1688
3774 1686
3783 1695
3782 1694
3777 1697
3814 1646
3811 1639
3772 1689
3775 1686
3774 1685
3784 1695
3777 1696
3815 1646
3814 1647
3811 1638
3771 1689
3772 1690
3776 1686
3774 1684
3785 1695
3776 1696
3816 1646
3814 1648
3811 1637
3770 1689
3771 1690
3772 1691
3776 1685
3785 1694
3775 1696
3816 1647
3814 1649
3812 1637
3811 1636
3770 1688
3773 1691
3772 1692
3776 1684
3785 1693
3774 1696
3775 1697
3775 1695
3814 1650
3813 1637
3811 1635
3769 1688
3770 1687
3772 1693
3777 1684
3785 1692
3773 1696
3775 1698
3815 1650
3813 1650
3814 1651
3814 1637
3813 1636
3811 1634
3768 1688
3771 1693
3778 1684
3786 1692
3785 1691
3773 1697
3775 1699
3812 1650
3813 1651
3814 1652
3814 1638
3814 1636
3812 1634
3768 1687
3787 1692
3784 1691
3772 1697
3774 1699
3775 1700
3812 1649
3813 1652
3814 1653
3814 1639
3814 1635
3812 1633
3768 1686
3788 1692
3775 1701
3811 1649
3813 1653
3814 1654
3813 1639
3814 1640
3815 1635
3812 1632
3767 1686
3789 1692
3788 1693
3788 1691
3774 1701
3775 1702
3813 1654
3815 1654
3815 1640
3815 1634
3812 1631
3766 1686
3767 1685
3790 1692
3789 1691
3788 1694
3788 1690
3773 1701
3774 1702
3775 1703
3813 1655
3816 1654
3815 1655
3816 1640
3816 1634
3815 1633
3811 1631
3766 1687
3789 1694
3787 1694
3788 1695
3788 1689
3776 1703
3812 1655
3813 1656
3817 1654
3816 1655
3817 1640
3816 1633
3815 1632
3810 1631
3765 1687
3790 1694
3789 1695
3787 1695
3789 1689
3787 1689
3776 1704
3811 1655
3813 1657
3817 1639
3809 1631
3764 1687
3791 1694
3789 1696
3790 1689
3786 1689
3810 1655
3814 1657
3818 1639
3809 1630
3764 1686
3792 1694
3789 1697
3785 1689
3786 1688
3809 1655
3810 1656
3810 1654
3815 1657
3819 1639
3809 1629
3764 1685
3790 1697
3789 1698
3808 1655
3810 1653
3815 1658
3820 1639
3819 1638
3808 1629
3790 1698
3815 1659
3820 1640
3807 1629
3790 1699
3816 1659
3821 1640
3806 1629
3790 1700
3817 1659
3822 1640
3805 1629
3789 1700
3790 1701
3817 1660
3817 1658
3823 1640
3805 1628
3788 1700
3791 1701
3818 1660
3817 1661
3817 1657
3824 1640
3804 1628
3788 1701
3792 1701
3791 1702
3819 1660
3816 1661
3817 1662
3817 1656
3825 1640
3803 1628
3804 1627
3788 1702
3793 1701
3819 1661
3815 1661
3816 1662
3826 1640
3803 1627
3804 1626
3788 1703
3794 1701
3819 1662
3827 1640
3826 1641
3826 1639
3803 1626
3804 1625
3788 1704
3795 1701
3794 1700
3820 1662
3828 1640
3827 1639
3826 1638
3803 1625
3805 1625
3804 1624
3789 1704
3787 1704
3788 1705
3796 1701
3795 1702
3795 1700
3821 1662
3820 1663
3827 1638
3825 1638
3806 1625
3804 1623
3790 1704
3788 1706
3797 1701
3796 1700
3795 1703
3822 1662
3820 1664
3828 1638
3807 1625
3790 1705
3788 1707
3797 1702
3796 1699
3796 1703
3795 1704
3822 1663
3822 1661
3820 1665
3829 1638
3828 1637
3808 1625
3791 1705
3787 1707
3788 1708
3797 1699
3796 1698
3794 1704
3795 1705
3823 1663
3822 1660
3820 1666
3830 1638
3808 1624
3792 1705
3786 1707
3787 1708
3795 1698
3796 1697
3794 1705
3795 1706
3823 1664
3821 1660
3822 1659
3819 1666
3830 1639
3809 1624
3808 1623
3793 1705
3785 1707
3787 1709
3796 1696
3796 1706
3795 1707
3824 1664
3819 1667
3831 1639
3830 1640
3810 1624
3793 1706
3785 1708
3785 1706
3797 1696
3796 1695
3797 1706
3796 1707
3795 1708
3825 1664
3819 1668
3832 1639
3831 1640
3811 1624
3784 1708
3796 1694
3798 1706
3797 1705
3825 1665
3818 1668
3819 1669
3833 1639
3811 1625
3811 1623
3784 1709
3796 1693
3799 1706
3825 1666
3817 1668
3820 1669
3833 1640
3833 1638
3812 1625
3811 1622
3784 1710
3797 1693
3800 1706
3825 1667
3816 1668
3821 1669
3834 1640
3833 1641
3833 1637
3813 1625
3812 1626
3812 1622
3810 1622
3785 1710
3784 1711
3797 1692
3800 1707
3826 1667
3822 1669
3835 1640
3833 1636
3814 1625
3812 1621
3809 1622
3785 1711
3783 1711
3798 1692
3801 1707
3827 1667
3822 1670
3822 1668
3835 1639
3834 1636
3832 1636
3833 1635
3815 1625
3814 1626
3809 1621
3785 1712
3782 1711
3799 1692
3802 1707
3801 1708
3827 1668
3822 1671
3823 1668
3836 1639
3835 1638
3834 1635
3816 1625
3808 1621
3809 1620
3785 1713
3781 1711
3782 1712
3782 1710
3800 1692
3803 1707
3801 1709
3827 1669
3821 1671
3834 1634
3817 1625
3807 1621
3809 1619
3785 1714
3780 1711
3781 1712
3781 1710
3782 1709
3800 1693
3804 1707
3800 1709
3821 1672
3835 1634
3834 1633
3818 1625
3817 1626
3817 1624
3806 1621
3809 1618
3785 1715
3779 1711
3780 1710
3781 1709
3782 1708
3800 1694
3805 1707
3820 1672
3835 1633
3834 1632
3819 1625
3818 1626
3818 1624
3817 1627
3805 1621
3806 1622
3809 1617
3784 1715
3785 1716
3778 1711
3782 1707
3801 1694
3805 1708
3805 1706
3819 1672
3836 1633
3834 1631
3820 1625
3819 1624
3818 1627
3816 1627
3810 1617
3784 1716
3786 1716
3777 1711
3782 1706
3802 1694
3801 1695
3806 1708
3805 1705
3818 1672
3819 1673
3837 1633
3835 1631
3834 1630
3821 1625
3815 1627
3810 1616
3783 1716
3784 1717
3776 1711
3777 1710
3783 1706
3781 1706
3803 1694
3801 1696
3807 1708
3806 1709
3804 1705
3817 1672
3819 1674
3838 1633
3833 1630
3821 1624
3815 1628
3810 1615
3782 1716
3775 1711
3783 1705
3781 1705
3804 1694
3803 1695
3800 1696
3807 1709
3804 1704
3817 1673
3819 1675
3838 1634
3833 1629
3822 1624
3815 1629
3809 1615
3781 1716
3782 1717
3774 1711
3784 1705
3780 1705
3808 1709
3803 1704
3820 1675
3839 1634
3838 1635
3833 1628
3822 1623
3814 1629
3809 1614
3780 1716
3782 1718
3773 1711
3784 1704
3779 1705
3780 1704
3809 1709
3802 1704
3838 1636
3833 1627
3822 1622
3814 1630
3808 1614
3809 1613
3779 1716
3780 1715
3772 1711
3773 1712
3785 1704
3784 1703
3779 1706
3779 1704
3809 1708
3839 1636
3838 1637
3834 1627
3821 1622
3822 1621
3807 1614
3809 1612
3778 1716
3780 1714
3773 1713
3784 1702
3778 1706
3809 1707
3840 1636
3838 1638
3835 1627
3820 1622
3821 1621
3823 1621
3822 1620
3806 1614
3809 1611
3778 1717
3778 1715
3781 1714
3773 1714
3785 1702
3783 1702
3784 1701
3777 1706
3810 1707
3838 1639
3835 1628
3835 1626
3821 1620
3824 1621
3823 1620
3822 1619
3809 1610
3777 1717
3777 1715
3773 1715
3785 1701
3783 1701
3776 1706
3777 1707
3838 1640
3836 1628
3835 1625
3821 1619
3824 1622
3824 1620
3808 1610
3809 1609
3777 1718
3773 1716
3785 1700
3783 1700
3839 1640
3837 1640
3837 1628
3836 1629
3835 1624
3825 1622
3824 1619
3807 1610
3808 1609
3810 1609
3809 1608
3776 1718
3777 1719
3786 1700
3782 1700
3840 1640
3839 1641
3837 1627
3834 1624
3826 1622
3806 1610
3808 1608
3809 1607
3775 1718
3841 1640
3839 1642
3838 1627
3826 1623
3805 1610
3806 1609
3810 1607
3774 1718
3839 1643
3839 1627
3806 1608
3811 1607
3773 1718
3774 1719
3840 1643
3839 1628
3806 1607
3812 1607
3772 1718
3773 1719
3840 1644
3840 1628
3805 1607
3806 1606
3813 1607
3812 1608
3772 1719
3841 1644
3841 1628
3804 1607
3806 1605
3814 1607
3771 1719
3772 1720
3842 1644
3841 1645
3842 1628
3841 1629
3803 1607
3814 1608
3814 1606
3772 1721
3843 1644
3841 1646
3843 1628
3802 1607
3815 1608
3814 1605
3773 1721
3772 1722
3844 1644
3843 1645
3840 1646
3841 1647
3844 1628
3801 1607
3802 1606
3816 1608
3814 1604
3771 1722
3772 1723
3844 1643
3843 1646
3839 1646
3841 1648
3845 1628
3844 1629
3800 1607
3801 1608
3817 1608
3816 1609
3814 1603
3770 1722
3844 1642
3843 1647
3839 1645
3841 1649
3846 1628
3845 1629
3799 1607
3818 1608
3817 1609
3815 1603
3770 1723
3843 1642
3844 1641
3844 1647
3838 1645
3842 1649
3846 1627
3845 1630
3798 1607
3799 1608
3819 1608
3818 1607
3817 1610
3816 1603
3769 1723
3842 1642
3845 1641
3844 1640
3844 1648
3837 1645
3843 1649
3847 1627
3846 1626
3845 1631
3797 1607
3799 1609
3820 1608
3818 1606
3817 1603
3768 1723
3769 1724
3845 1640
3844 1639
3845 1648
3836 1645
3837 1646
3847 1626
3846 1631
3797 1608
3821 1608
3817 1602
3767 1723
3768 1724
3846 1640
3846 1648
3835 1645
3837 1647
3848 1626
3847 1631
3796 1608
3817 1601
3767 1724
3767 1722
3768 1725
3847 1640
3846 1639
3846 1649
3834 1645
3837 1648
3848 1625
3847 1632
3795 1608
3818 1601
3817 1600
3767 1721
3768 1726
3848 1640
3847 1641
3846 1650
3834 1644
3837 1649
3848 1632
3794 1608
3795 1609
3819 1601
3818 1600
3817 1599
3766 1721
3767 1720
3767 1726
3768 1727
3849 1640
3846 1651
3833 1644
3849 1632
3795 1610
3820 1601
3818 1599
3816 1599
3817 1598
3765 1721
3767 1719
3767 1727
3769 1727
3850 1640
3846 1652
3832 1644
3833 1643
3849 1633
3796 1610
3794 1610
3821 1601
3815 1599
3765 1722
3767 1718
3769 1728
3851 1640
3846 1653
3831 1644
3832 1645
3850 1633
3849 1634
3794 1611
3822 1601
3821 1602
3814 1599
3815 1598
3764 1722
3765 1723
3768 1718
3766 1718
3770 1728
3852 1640
3847 1653
3845 1653
3830 1644
3831 1645
3851 1633
3848 1634
3793 1611
3823 1601
3814 1600
3815 1597
3763 1722
3765 1724
3766 1717
3771 1728
3853 1640
3852 1641
3852 1639
3848 1653
3844 1653
3831 1646
3852 1633
3793 1612
3824 1601
3823 1602
3815 1596
3762 1722
3763 1723
3765 1725
3772 1728
3854 1640
3853 1639
3852 1642
3852 1638
3848 1654
3844 1654
3853 1633
3792 1612
3793 1613
3824 1602
3824 1600
3823 1603
3816 1596
3815 1595
3761 1722
3762 1721
3763 1724
3765 1726
3773 1728
3772 1727
3855 1640
3854 1639
3852 1643
3849 1654
3848 1655
3854 1633
3853 1634
3792 1613
3793 1614
3825 1600
3817 1596
3816 1595
3814 1595
3761 1721
3762 1720
3762 1724
3763 1725
3764 1726
3773 1729
3772 1726
3854 1638
3852 1644
3850 1654
3855 1633
3853 1635
3791 1613
3793 1615
3826 1600
3818 1596
3816 1594
3813 1595
3760 1721
3762 1725
3763 1726
3774 1729
3773 1730
3773 1726
3771 1726
3854 1637
3851 1644
3852 1645
3851 1654
3855 1632
3790 1613
3794 1615
3793 1616
3827 1600
3819 1596
3818 1597
3818 1595
3817 1594
3816 1593
3812 1595
3759 1721
3760 1720
3761 1725
3775 1729
3772 1730
3774 1726
3773 1725
3771 1725
3855 1637
3850 1644
3853 1645
3851 1655
3851 1653
3856 1632
3789 1613
3795 1615
3793 1617
3828 1600
3820 1596
3817 1593
3812 1594
3758 1721
3760 1719
3760 1725
3776 1729
3775 1730
3771 1730
3772 1731
3775 1726
3770 1725
3855 1636
3850 1645
3853 1646
3852 1655
3851 1656
3852 1653
3851 1652
3857 1632
3856 1631
3788 1613
3789 1614
3796 1615
3829 1600
3821 1596
3820 1597
3820 1595
3818 1593
3811 1594
3812 1593
3758 1720
3761 1719
3759 1725
3777 1729
3776 1730
3770 1730
3771 1731
3776 1726
3775 1725
3854 1646
3853 1647
3850 1656
3850 1652
3851 1651
3857 1633
3857 1631
3787 1613
3797 1615
3829 1601
3820 1598
3820 1594
3819 1593
3818 1592
3810 1594
3812 1592
3758 1719
3761 1718
3758 1725
3778 1729
3771 1732
3776 1727
3776 1725
3853 1648
3850 1657
3849 1652
3858 1633
3858 1631
3786 1613
3787 1612
3798 1615
3829 1602
3820 1599
3819 1592
3818 1591
3810 1595
3757 1725
3758 1724
3778 1730
3778 1728
3771 1733
3776 1724
3853 1649
3850 1658
3859 1633
3786 1614
3786 1612
3798 1616
3798 1614
3829 1603
3821 1599
3817 1591
3818 1590
3810 1596
3757 1724
3758 1723
3779 1728
3772 1733
3771 1734
3854 1649
3849 1658
3850 1659
3860 1633
3859 1634
3786 1611
3798 1617
3828 1603
3816 1591
3818 1589
3811 1596
3809 1596
3810 1597
3756 1724
3757 1723
3780 1728
3770 1734
3771 1735
3854 1650
3848 1658
3850 1660
3861 1633
3785 1611
3828 1604
3816 1590
3817 1589
3818 1588
3808 1596
3810 1598
3755 1724
3756 1723
3781 1728
3769 1734
3771 1736
3854 1651
3851 1660
3850 1661
3862 1633
3861 1634
3784 1611
3816 1589
3817 1588
3818 1587
3807 1596
3808 1597
3808 1595
3755 1723
3781 1729
3781 1727
3771 1737
3854 1652
3849 1661
3850 1662
3862 1634
3862 1632
3783 1611
3784 1610
3815 1589
3816 1588
3817 1587
3819 1587
3806 1596
3807 1595
3808 1598
3755 1722
3782 1729
3781 1730
3782 1727
3781 1726
3770 1737
3771 1738
3855 1652
3850 1663
3862 1631
3783 1612
3783 1610
3784 1609
3814 1589
3815 1588
3820 1587
3807 1594
3807 1598
3754 1722
3755 1721
3783 1729
3780 1730
3782 1726
3770 1738
3772 1738
3862 1630
3782 1610
3784 1608
3820 1586
3807 1593
3807 1599
3753 1722
3780 1731
3783 1726
3769 1738
3770 1739
3773 1738
3863 1630
3861 1630
3862 1629
3781 1610
3784 1607
3820 1585
3807 1592
3806 1599
3752 1722
3753 1721
3780 1732
3784 1726
3783 1725
3770 1740
3774 1738
3773 1737
3860 1630
3861 1629
3862 1628
3780 1610
3781 1611
3781 1609
3819 1585
3820 1584
3808 1592
3807 1591
3805 1599
3751 1722
3752 1723
3753 1720
3781 1732
3779 1732
3780 1733
3785 1726
3771 1740
3769 1740
3775 1738
3773 1736
3859 1630
3862 1627
3781 1612
3781 1608
3818 1585
3821 1584
3820 1583
3806 1591
3751 1723
3751 1721
3752 1720
3753 1719
3781 1733
3785 1727
3771 1741
3775 1737
3773 1735
3859 1629
3863 1627
3780 1608
3817 1585
3822 1584
3821 1583
3819 1583
3806 1590
3750 1723
3751 1724
3752 1719
3782 1733
3786 1727
3771 1742
3776 1737
3773 1734
3864 1627
3779 1608
3780 1607
3817 1584
3822 1583
3819 1582
3805 1590
3806 1589
3751 1725
3783 1733
3786 1728
3771 1743
3777 1737
3776 1736
3865 1627
3780 1606
3822 1582
3805 1589
3807 1589
3752 1725
3750 1725
3784 1733
3783 1734
3770 1743
3778 1737
3777 1738
3776 1735
3866 1627
3865 1628
3780 1605
3822 1581
3807 1588
3750 1726
3785 1733
3770 1744
3778 1738
3778 1736
3777 1739
3775 1735
3867 1627
3781 1605
3779 1605
3822 1580
3749 1726
3786 1733
3785 1734
3770 1745
3777 1740
3868 1627
3781 1604
3778 1605
3823 1580
3821 1580
3786 1734
3786 1732
3769 1745
3770 1746
3778 1740
3776 1740
3777 1741
3781 1603
3824 1580
3820 1580
3787 1734
3786 1735
3768 1745
3770 1747
3779 1740
3778 1741
3776 1741
3781 1602
3824 1581
3824 1579
3819 1580
3820 1581
3820 1579
3786 1736
3767 1745
3768 1746
3768 1744
3771 1747
3781 1601
3824 1578
3818 1580
3785 1736
3767 1746
3767 1744
3772 1747
3780 1601
3825 1578
3823 1578
3824 1577
3817 1580
3818 1581
3818 1579
3784 1736
3766 1746
3767 1747
3773 1747
3772 1746
3779 1601
3825 1577
3817 1581
3817 1579
3783 1736
3784 1737
3784 1735
3765 1746
3766 1747
3778 1601
3779 1600
3825 1576
3817 1582
3782 1736
3783 1737
3764 1746
3777 1601
3778 1600
3779 1599
3826 1576
3825 1575
3816 1582
3781 1736
3783 1738
3763 1746
3777 1600
3780 1599
3826 1575
3825 1574
3781 1737
3783 1739
3762 1746
3763 1747
3763 1745
3776 1600
3780 1598
3827 1575
3825 1573
3761 1746
3762 1747
3781 1598
3780 1597
3828 1575
3827 1574
3760 1746
3762 1748
3779 1597
3780 1596
3828 1576
3828 1574
3760 1747
3760 1745
3761 1748
3778 1597
3779 1596
3828 1577
3829 1574
3828 1573
3759 1747
3760 1744
3830 1574
3829 1573
3758 1747
3831 1574
3830 1575
3758 1746
3831 1575
3831 1573
3757 1746
3831 1576
3831 1572
3756 1746
3831 1577
3830 1572
3755 1746
3756 1747
3756 1745
3831 1578
3754 1746
3755 1745
3756 1748
3831 1579
3753 1746
3755 1744
3757 1748
3755 1748
3831 1580
3755 1743
3757 1749
3755 1749
3831 1581
3756 1743
3754 1743
3754 1749
3755 1750
3830 1581
3831 1582
3757 1743
3753 1743
3753 1749
3755 1751
3829 1581
3832 1582
3752 1743
3752 1749
3754 1751
3828 1581
3829 1580
3833 1582
3832 1583
3752 1742
3827 1581
3833 1581
3832 1584
3751 1742
3831 1584
3832 1585
3750 1742
3751 1741
3831 1585
3833 1585
3750 1743
3751 1740
3831 1586
3834 1585
3749 1743
3752 1740
3750 1740
3830 1586
3835 1585
3748 1743
3749 1744
3753 1740
3749 1740
3750 1739
3830 1587
3835 1584
3747 1743
3749 1745
3754 1740
3753 1741
3748 1740
3749 1739
3829 1587
3830 1588
3836 1584
3835 1583
3746 1743
3749 1746
3748 1741
3828 1587
3831 1588
3837 1584
3836 1583
3745 1743
3746 1744
3750 1746
3747 1741
3828 1588
3832 1588
3838 1584
3746 1741
3827 1588
3833 1588
3839 1584
3838 1585
3746 1740
3826 1588
3833 1587
3839 1583
3838 1586
3745 1740
3839 1582
3839 1586
3838 1587
3744 1740
3840 1582
3840 1586
3837 1587
3744 1739
3840 1581
3841 1586
3836 1587
3837 1588
3743 1739
3841 1581
3840 1580
3842 1586
3841 1587
3836 1586
3742 1739
3743 1738
3842 1581
3843 1586
3842 1585
3741 1739
3743 1737
3842 1580
3844 1586
3843 1585
3842 1584
3740 1739
3743 1736
3844 1587
3842 1583
3739 1739
3740 1740
3844 1588
3738 1739
3739 1740
3740 1741
3845 1588
3843 1588
3738 1740
3738 1738
3846 1588
3737 1740
3738 1737
3846 1587
3736 1740
3739 1737
3737 1737
3847 1587
3735 1740
3740 1737
3736 1737
3737 1736
3848 1587
3847 1586
3734 1740
3735 1741
3735 1739
3737 1735
3848 1588
3847 1585
3733 1740
3734 1741
3735 1738
3736 1735
3737 1734
3848 1589
3732 1740
3737 1733
3849 1589
3848 1590
3731 1740
3737 1732
3850 1589
3848 1591
3730 1740
3738 1732
3850 1590
3847 1591
3729 1740
3730 1739
3739 1732
3738 1731
3851 1590
3847 1592
3728 1740
3730 1738
3740 1732
3738 1730
3852 1590
3846 1592
3728 1741
3731 1738
3740 1733
3740 1731
3737 1730
3853 1590
3852 1591
3852 1589
3846 1593
3728 1742
3731 1737
3741 1733
3740 1734
3740 1730
3736 1730
3853 1589
3852 1592
3845 1593
3729 1742
3727 1742
3731 1736
3739 1734
3740 1729
3736 1731
3854 1589
3853 1588
3844 1593
3845 1594
3730 1742
3726 1742
3739 1729
3735 1731
3855 1589
3853 1587
3844 1592
3845 1595
3725 1742
3726 1743
3726 1741
3739 1728
3856 1589
3853 1586
3843 1592
3844 1591
3844 1595
3726 1744
3726 1740
3857 1589
3854 1586
3852 1586
3853 1585
3845 1591
3844 1590
3844 1596
3725 1744
3725 1740
3857 1590
3854 1585
3851 1586
3843 1596
3844 1597
3724 1744
3725 1745
3857 1591
3854 1584
3851 1587
3851 1585
3842 1596
3843 1597
3724 1745
3724 1743
3725 1746
3858 1591
3857 1592
3855 1584
3854 1583
3843 1598
3723 1743
3726 1746
3857 1593
3856 1584
3853 1583
3842 1598
3723 1742
3727 1746
3726 1747
3857 1594
3857 1584
3856 1583
3842 1599
3722 1742
3728 1746
3726 1748
3857 1595
3856 1582
3841 1599
3721 1742
3722 1741
3727 1748
3725 1748
3858 1595
3857 1596
3857 1582
3840 1599
3841 1600
3720 1742
3722 1740
3728 1748
3859 1595
3857 1597
3857 1581
3839 1599
3840 1598
3720 1743
3722 1739
3729 1748
3728 1749
3859 1594
3858 1597
3856 1597
3857 1598
3857 1580
3838 1599
3839 1600
3720 1744
3722 1738
3730 1748
3729 1749
3729 1747
3728 1750
3860 1594
3859 1593
3858 1598
3857 1579
3837 1599
3721 1744
3719 1744
3721 1738
3722 1737
3731 1748
3729 1750
3860 1593
3859 1598
3858 1579
3718 1744
3720 1738
3722 1736
3731 1747
3730 1750
3729 1751
3860 1598
3858 1578
3718 1745
3721 1736
3722 1735
3731 1746
3731 1750
3729 1752
3860 1599
3860 1597
3858 1577
3717 1745
3721 1735
3723 1735
3722 1734
3732 1746
3731 1745
3732 1750
3731 1751
3729 1753
3861 1599
3860 1600
3857 1577
3858 1576
3717 1746
3721 1734
3723 1734
3730 1745
3728 1753
3729 1754
3860 1601
3857 1576
3858 1575
3716 1746
3717 1747
3721 1733
3724 1734
3723 1733
3727 1753
3729 1755
3861 1601
3856 1576
3859 1575
3715 1746
3717 1748
3720 1733
3725 1734
3726 1753
3730 1755
3729 1756
3856 1575
3860 1575
3859 1574
3714 1746
3720 1732
3726 1734
3726 1754
3726 1752
3731 1755
3729 1757
3855 1575
3856 1574
3861 1575
3860 1576
3859 1573
3713 1746
3720 1731
3726 1733
3726 1755
3725 1752
3726 1751
3730 1757
3729 1758
3854 1575
3856 1573
3860 1577
3858 1573
3712 1746
3713 1745
3721 1731
3720 1730
3726 1732
3725 1755
3724 1752
3726 1750
3731 1757
3729 1759
3853 1575
3856 1572
3861 1577
3858 1572
3711 1746
3712 1747
3712 1745
3722 1731
3720 1729
3732 1757
3729 1760
3852 1575
3853 1574
3856 1571
3862 1577
3858 1571
3712 1748
3712 1744
3722 1732
3722 1730
3721 1729
3720 1728
3733 1757
3729 1761
3852 1576
3855 1571
3863 1577
3862 1578
3859 1571
3712 1749
3723 1730
3720 1727
3734 1757
3730 1761
3728 1761
3729 1762
3852 1577
3864 1577
3859 1570
3712 1750
3724 1730
3719 1727
3720 1726
3734 1758
3731 1761
3728 1762
3853 1577
3851 1577
3860 1570
3712 1751
3725 1730
3724 1731
3719 1726
3727 1762
3728 1763
3850 1577
3851 1578
3860 1569
3713 1751
3719 1725
3727 1763
3728 1764
3851 1579
3860 1568
3714 1751
3719 1724
3728 1765
3851 1580
3860 1567
3715 1751
3720 1724
3719 1723
3729 1765
3728 1766
3850 1580
3859 1567
3860 1566
3715 1750
3719 1722
3728 1767
3849 1580
3861 1566
3715 1749
3719 1721
3727 1767
3728 1768
3849 1581
3861 1565
3719 1720
3726 1767
3729 1768
3728 1769
3848 1581
3862 1565
3720 1720
3719 1719
3726 1766
3730 1768
3729 1769
3728 1770
3847 1581
3862 1564
3720 1719
3718 1719
3725 1766
3726 1765
3728 1771
3863 1564
3862 1563
3721 1719
3717 1719
3724 1766
3728 1772
3864 1564
3716 1719
3723 1766
3729 1772
3728 1773
3864 1565
3864 1563
3716 1720
3716 1718
3723 1767
3723 1765
3727 1773
3728 1774
3865 1565
3864 1566
3715 1720
3722 1765
3723 1764
3727 1774
3866 1565
3864 1567
3714 1720
3721 1765
3727 1775
3867 1565
3863 1567
3864 1568
3713 1720
3721 1766
3721 1764
3727 1776
3868 1565
3863 1568
3864 1569
3712 1720
3713 1719
3721 1767
3720 1764
3728 1776
3868 1566
3868 1564
3864 1570
3711 1720
3721 1768
3719 1764
3728 1777
3868 1567
3869 1564
3868 1563
3865 1570
3864 1571
3711 1721
3711 1719
3721 1769
3718 1764
3728 1778
3869 1567
3870 1564
3869 1563
3866 1570
3711 1722
3711 1718
3722 1769
3721 1770
3717 1764
3729 1778
3728 1779
3870 1567
3871 1564
3870 1563
3869 1562
3866 1569
3710 1722
3711 1723
3711 1717
3723 1769
3721 1771
3716 1764
3717 1763
3730 1778
3727 1779
3728 1780
3870 1568
3871 1565
3870 1562
3709 1722
3712 1723
3710 1717
3722 1771
3721 1772
3715 1764
3716 1765
3717 1762
3731 1778
3726 1779
3729 1780
3871 1568
3872 1565
3870 1561
3708 1722
3713 1723
3709 1717
3715 1765
3715 1763
3716 1766
3716 1762
3717 1761
3731 1777
3725 1779
3726 1780
3726 1778
3729 1781
3872 1568
3707 1722
3708 1723
3714 1723
3708 1717
3709 1716
3714 1763
3717 1766
3716 1767
3717 1760
3731 1776
3725 1780
3730 1781
3729 1782
3873 1568
3706 1722
3707 1723
3708 1724
3707 1717
3709 1715
3716 1768
3716 1760
3717 1759
3731 1775
3724 1780
3730 1782
3729 1783
3874 1568
3706 1723
3708 1725
3706 1717
3717 1768
3716 1769
3715 1760
3731 1774
3724 1781
3731 1782
3728 1783
3729 1784
3874 1569
3705 1723
3706 1724
3708 1726
3705 1717
3706 1718
3717 1769
3731 1773
3724 1782
3732 1782
3875 1569
3709 1726
3708 1727
3705 1716
3717 1770
3732 1773
3724 1783
3733 1782
3875 1570
3710 1726
3708 1728
3705 1715
3718 1770
3717 1771
3732 1772
3724 1784
3734 1782
3733 1783
3733 1781
3876 1570
3711 1726
3708 1729
3704 1715
3705 1714
3716 1771
3733 1772
3734 1781
3733 1784
3877 1570
3709 1729
3707 1729
3703 1715
3705 1713
3715 1771
3734 1772
3735 1781
3732 1784
3878 1570
3877 1571
3710 1729
3707 1730
3702 1715
3706 1713
3715 1772
3715 1770
3734 1773
3734 1771
3735 1780
3731 1784
3878 1571
3878 1569
3877 1572
3711 1729
3710 1728
3706 1730
3707 1731
3707 1713
3714 1772
3714 1770
3734 1774
3735 1779
3731 1785
3878 1568
3876 1572
3877 1573
3712 1729
3705 1730
3706 1731
3707 1732
3708 1713
3714 1773
3713 1770
3734 1775
3736 1779
3730 1785
3879 1568
3877 1568
3877 1574
3706 1732
3707 1733
3714 1774
3713 1769
3730 1786
3880 1568
3879 1567
3877 1575
3705 1732
3706 1733
3708 1733
3714 1775
3713 1768
3730 1787
3881 1568
3880 1567
3879 1566
3878 1575
3877 1576
3704 1732
3706 1734
3709 1733
3715 1775
3713 1775
3731 1787
3879 1565
3879 1575
3878 1576
3876 1576
3703 1732
3705 1734
3710 1733
3709 1734
3709 1732
3713 1776
3732 1787
3731 1788
3880 1565
3878 1565
3879 1576
3878 1577
3703 1731
3710 1732
3712 1776
3713 1777
3733 1787
3732 1788
3881 1565
3879 1577
3878 1578
3702 1731
3711 1776
3713 1778
3732 1789
3882 1565
3880 1577
3879 1578
3877 1578
3702 1730
3710 1776
3711 1777
3711 1775
3732 1790
3883 1565
3881 1577
3876 1578
3877 1579
3701 1730
3709 1776
3711 1778
3733 1790
3731 1790
3732 1791
3883 1564
3882 1577
3877 1580
3700 1730
3701 1729
3709 1775
3710 1778
3711 1779
3734 1790
3731 1791
3884 1564
3883 1577
3878 1580
3699 1730
3700 1731
3701 1728
3709 1774
3710 1779
3711 1780
3735 1790
3731 1792
3884 1563
3884 1577
3879 1580
3878 1581
3700 1732
3701 1727
3709 1779
3710 1780
3712 1780
3711 1781
3736 1790
3731 1793
3885 1563
3884 1562
3885 1577
3879 1581
3878 1582
3699 1732
3700 1727
3708 1779
3709 1780
3713 1780
3737 1790
3736 1789
3731 1794
3886 1563
3884 1561
3886 1577
3885 1578
3698 1732
3699 1727
3707 1779
3714 1780
3737 1791
3736 1788
3886 1562
3885 1561
3883 1561
3887 1577
3886 1576
3697 1732
3699 1726
3707 1778
3715 1780
3738 1791
3737 1792
3737 1788
3735 1788
3885 1560
3883 1560
3888 1577
3887 1578
3886 1575
3696 1732
3698 1726
3706 1778
3716 1780
3739 1791
3738 1792
3737 1787
3734 1788
3886 1560
3882 1560
3883 1559
3888 1578
3887 1579
3887 1575
3885 1575
3886 1574
3697 1726
3698 1725
3705 1778
3717 1780
3716 1781
3738 1793
3738 1787
3886 1559
3882 1559
3883 1558
3889 1578
3887 1580
3888 1575
3884 1575
3886 1573
3697 1727
3697 1725
3705 1779
3718 1780
3717 1779
3739 1793
3738 1786
3887 1559
3882 1558
3889 1579
3886 1580
3889 1575
3888 1574
3887 1573
3697 1728
3697 1724
3704 1779
3705 1780
3739 1794
3739 1786
3738 1785
3888 1559
3881 1558
3889 1574
3697 1729
3697 1723
3703 1779
3706 1780
3740 1794
3739 1785
3737 1785
3889 1559
3888 1560
3881 1557
3890 1574
3698 1729
3696 1729
3698 1723
3696 1723
3702 1779
3703 1778
3740 1795
3740 1785
3739 1784
3889 1560
3889 1558
3888 1561
3880 1557
3891 1574
3699 1723
3695 1723
3702 1780
3740 1796
3740 1784
3889 1561
3889 1557
3888 1562
3879 1557
3892 1574
3891 1575
3891 1573
3694 1723
3695 1724
3702 1781
3739 1796
3740 1797
3740 1783
3889 1562
3890 1557
3888 1563
3878 1557
3879 1556
3893 1574
3891 1576
3891 1572
3694 1724
3694 1722
3703 1781
3701 1781
3702 1782
3739 1797
3740 1798
3741 1783
3891 1557
3877 1557
3878 1556
3879 1555
3893 1575
3891 1577
3892 1572
3890 1572
3693 1724
3700 1781
3702 1783
3740 1799
3742 1783
3891 1556
3876 1557
3877 1558
3877 1556
3878 1555
3880 1555
3879 1554
3894 1575
3892 1577
3892 1571
3889 1572
3890 1571
3693 1725
3699 1781
3700 1780
3703 1783
3701 1783
3743 1783
3892 1556
3891 1555
3876 1556
3877 1559
3881 1555
3895 1575
3892 1578
3893 1571
3892 1570
3890 1570
3692 1725
3698 1781
3700 1779
3703 1784
3744 1783
3743 1782
3892 1555
3891 1554
3877 1560
3881 1554
3896 1575
3893 1578
3892 1579
3691 1725
3692 1726
3698 1780
3704 1784
3744 1784
3743 1781
3892 1554
3878 1560
3876 1560
3877 1561
3881 1553
3897 1575
3893 1579
3891 1579
3691 1724
3697 1780
3698 1779
3704 1785
3744 1785
3744 1781
3742 1781
3893 1554
3875 1560
3882 1553
3881 1552
3897 1576
3897 1574
3894 1579
3891 1580
3690 1724
3691 1723
3697 1779
3698 1778
3705 1785
3744 1786
3745 1781
3894 1554
3874 1560
3882 1552
3880 1552
3881 1551
3898 1574
3897 1573
3895 1579
3891 1581
3690 1723
3692 1723
3697 1778
3744 1787
3745 1780
3895 1554
3894 1555
3894 1553
3873 1560
3874 1561
3883 1552
3882 1551
3880 1551
3897 1572
3896 1579
3895 1580
3891 1582
3689 1723
3697 1777
3743 1787
3745 1779
3895 1555
3894 1556
3894 1552
3874 1562
3884 1552
3882 1550
3898 1572
3897 1571
3897 1579
3896 1580
3892 1582
3890 1582
3891 1583
3688 1723
3697 1776
3746 1779
3895 1556
3894 1557
3894 1551
3875 1562
3896 1571
3897 1570
3891 1584
3687 1723
3688 1724
3698 1776
3696 1776
3747 1779
3894 1558
3895 1551
3893 1551
3894 1550
3876 1562
3896 1570
3898 1570
3897 1569
3892 1584
3686 1723
3687 1724
3699 1776
3695 1776
3696 1775
3748 1779
3895 1558
3894 1559
3896 1551
3895 1550
3892 1551
3897 1568
3892 1585
3686 1722
3700 1776
3695 1777
3696 1774
3748 1780
3748 1778
3896 1558
3894 1560
3896 1552
3895 1549
3897 1567
3892 1586
3685 1722
3701 1776
3695 1778
3697 1774
3696 1773
3748 1781
3749 1778
3896 1557
3895 1560
3896 1549
3896 1567
3897 1566
3891 1586
3892 1587
3684 1722
3685 1721
3702 1776
3701 1775
3697 1773
3696 1772
3749 1781
3750 1778
3749 1777
3896 1560
3895 1561
3897 1549
3896 1548
3898 1566
3890 1586
3893 1587
3892 1588
3683 1722
3684 1723
3685 1720
3703 1776
3702 1777
3696 1771
3750 1781
3749 1782
3751 1778
3750 1779
3749 1776
3899 1566
3890 1587
3894 1587
3892 1589
3683 1723
3683 1721
3686 1720
3697 1771
3751 1781
3751 1777
3750 1776
3900 1566
3899 1565
3890 1588
3895 1587
3893 1589
3892 1590
3682 1721
3687 1720
3686 1719
3697 1770
3752 1781
3751 1776
3750 1775
3901 1566
3900 1565
3895 1586
3893 1590
3681 1721
3686 1718
3698 1770
3753 1781
3902 1566
3895 1585
3893 1591
3680 1721
3681 1722
3681 1720
3687 1718
3686 1717
3699 1770
3754 1781
3753 1782
3903 1566
3902 1567
3895 1584
3894 1591
3681 1723
3688 1718
3686 1716
3699 1769
3755 1781
3754 1782
3753 1783
3904 1566
3903 1565
3902 1568
3894 1584
3895 1583
3895 1591
3894 1592
3681 1724
3688 1719
3688 1717
3687 1716
3685 1716
3686 1715
3700 1769
3699 1768
3756 1781
3755 1780
3752 1783
3753 1784
3905 1566
3904 1565
3903 1564
3901 1568
3902 1569
3894 1583
3896 1583
3895 1592
3895 1590
3894 1593
3680 1724
3681 1725
3689 1719
3688 1716
3686 1714
3699 1767
3757 1781
3755 1779
3751 1783
3752 1784
3753 1785
3905 1565
3902 1564
3902 1570
3896 1582
3895 1589
3894 1594
3679 1724
3681 1726
3690 1719
3689 1716
3686 1713
3699 1766
3757 1782
3757 1780
3755 1778
3750 1783
3751 1784
3753 1786
3905 1564
3901 1564
3902 1563
3903 1570
3901 1570
3894 1595
3678 1724
3682 1726
3680 1726
3690 1720
3690 1716
3687 1713
3685 1713
3700 1766
3698 1766
3757 1783
3757 1779
3754 1778
3751 1785
3752 1786
3906 1564
3905 1563
3901 1563
3904 1570
3895 1595
3894 1596
3680 1727
3690 1717
3688 1713
3684 1713
3701 1766
3700 1765
3698 1765
3756 1783
3758 1779
3753 1778
3754 1777
3752 1787
3905 1562
3905 1570
3904 1571
3893 1596
3680 1728
3691 1717
3688 1712
3684 1714
3702 1766
3697 1765
3755 1783
3758 1778
3754 1776
3751 1787
3906 1570
3905 1569
3892 1596
3681 1728
3680 1729
3692 1717
3688 1711
3703 1766
3696 1765
3755 1784
3759 1778
3758 1777
3753 1776
3750 1787
3906 1571
3891 1596
3892 1595
3682 1728
3680 1730
3692 1716
3689 1711
3687 1711
3703 1765
3695 1765
3696 1764
3760 1778
3758 1776
3753 1775
3749 1787
3907 1571
3906 1572
3891 1597
3683 1728
3681 1730
3679 1730
3680 1731
3693 1716
3689 1710
3686 1711
3687 1710
3695 1766
3696 1763
3761 1778
3760 1777
3752 1775
3748 1787
3908 1571
3906 1573
3890 1597
3683 1727
3678 1730
3693 1715
3689 1709
3685 1711
3686 1710
3696 1762
3762 1778
3752 1774
3748 1788
3909 1571
3908 1572
3907 1573
3890 1598
3677 1730
3688 1709
3684 1711
3686 1709
3696 1761
3762 1779
3762 1777
3752 1773
3748 1789
3910 1571
3907 1574
3889 1598
3890 1599
3676 1730
3677 1731
3683 1711
3685 1709
3762 1780
3762 1776
3752 1772
3747 1789
3748 1790
3907 1575
3889 1599
3890 1600
3676 1731
3682 1711
3685 1708
3762 1775
3752 1771
3746 1789
3748 1791
3907 1576
3889 1600
3891 1600
3890 1601
3675 1731
3681 1711
3682 1710
3685 1707
3762 1774
3751 1771
3746 1790
3748 1792
3908 1576
3906 1576
3891 1601
3674 1731
3675 1732
3681 1712
3686 1707
3684 1707
3685 1706
3763 1774
3751 1770
3749 1792
3747 1792
3748 1793
3909 1576
3908 1577
3905 1576
3906 1577
3892 1601
3891 1602
3674 1732
3675 1733
3681 1713
3683 1707
3764 1774
3751 1769
3750 1792
3747 1793
3909 1577
3904 1576
3891 1603
3673 1732
3681 1714
3765 1774
3764 1773
3751 1768
3751 1792
3747 1794
3910 1577
3904 1577
3892 1603
3672 1732
3673 1733
3680 1714
3681 1715
3765 1773
3752 1768
3750 1768
3751 1767
3747 1795
3911 1577
3903 1577
3904 1578
3892 1604
3672 1731
3679 1714
3682 1715
3681 1716
3766 1773
3753 1768
3752 1767
3749 1768
3751 1766
3746 1795
3747 1796
3912 1577
3911 1576
3902 1577
3893 1604
3892 1605
3672 1730
3679 1713
3682 1716
3681 1717
3766 1772
3748 1768
3751 1765
3748 1796
3912 1578
3911 1575
3894 1604
3671 1730
3678 1713
3682 1717
3680 1717
3681 1718
3767 1772
3766 1771
3748 1769
3750 1765
3749 1796
3913 1578
3912 1579
3912 1575
3894 1605
3894 1603
3670 1730
3671 1729
3683 1717
3682 1718
3748 1770
3749 1765
3749 1797
3912 1580
3912 1574
3894 1606
3895 1603
3669 1730
3670 1731
3671 1728
3684 1717
3682 1719
3747 1770
3748 1771
3749 1764
3750 1797
3749 1798
3913 1580
3912 1581
3913 1574
3893 1606
3896 1603
3670 1732
3683 1719
3746 1770
3747 1771
3749 1771
3748 1772
3749 1763
3751 1797
3749 1799
3912 1582
3914 1574
3893 1607
3897 1603
3669 1732
3670 1733
3746 1771
3746 1769
3748 1773
3749 1762
3752 1797
3750 1799
3748 1799
3749 1800
3913 1582
3911 1582
3915 1574
3893 1608
3898 1603
3668 1732
3670 1734
3745 1771
3746 1772
3748 1762
3749 1761
3753 1797
3752 1798
3747 1799
3748 1800
3749 1801
3914 1582
3910 1582
3911 1583
3916 1574
3892 1608
3893 1609
3899 1603
3898 1602
3668 1731
3669 1734
3744 1771
3745 1772
3747 1762
3750 1761
3754 1797
3747 1800
3747 1798
3750 1801
3749 1802
3915 1582
3914 1583
3911 1584
3893 1610
3899 1604
3898 1601
3667 1731
3743 1771
3746 1762
3754 1796
3746 1800
3751 1801
3749 1803
3916 1582
3914 1584
3912 1584
3893 1611
3897 1601
3898 1600
3666 1731
3667 1730
3743 1772
3743 1770
3746 1763
3746 1761
3754 1795
3751 1802
3749 1804
3917 1582
3913 1584
3914 1585
3892 1611
3899 1600
3898 1599
3665 1731
3743 1773
3742 1770
3743 1769
3745 1761
3754 1794
3913 1585
3915 1585
3891 1611
3892 1612
3900 1600
3897 1599
3898 1598
3664 1731
3742 1773
3744 1769
3743 1768
3745 1760
3754 1793
3913 1586
3916 1585
3915 1586
3891 1610
3892 1613
3901 1600
3900 1599
3663 1731
3664 1732
3664 1730
3744 1768
3745 1759
3753 1793
3754 1792
3913 1587
3917 1585
3916 1584
3915 1587
3890 1610
3902 1600
3901 1599
3663 1730
3664 1733
3664 1729
3744 1767
3746 1759
3744 1759
3754 1791
3913 1588
3915 1588
3889 1610
3890 1609
3903 1600
3902 1601
3902 1599
3901 1598
3663 1733
3664 1728
3745 1767
3747 1759
3744 1758
3754 1790
3914 1588
3916 1588
3889 1609
3903 1601
3662 1733
3663 1734
3663 1728
3748 1759
3747 1760
3744 1757
3755 1790
3754 1789
3914 1589
3917 1588
3916 1589
3889 1608
3904 1601
3661 1733
3663 1735
3663 1727
3744 1756
3756 1790
3914 1590
3917 1589
3905 1601
3660 1733
3663 1726
3743 1756
3757 1790
3756 1789
3914 1591
3918 1589
3906 1601
3905 1600
3660 1732
3663 1725
3758 1790
3757 1791
3918 1590
3906 1600
3905 1599
3663 1724
3759 1790
3758 1789
3918 1591
3907 1600
3906 1599
3904 1599
3662 1724
3663 1723
3759 1791
3758 1788
3919 1591
3907 1599
3661 1724
3663 1722
3759 1788
3758 1787
3908 1599
3663 1721
3909 1599
3664 1721
3662 1721
3663 1720
3909 1600
3909 1598
3665 1721
3662 1720
3663 1719
3909 1601
3910 1598
3666 1721
3664 1719
3910 1601
3909 1602
3911 1598
3666 1722
3666 1720
3665 1719
3911 1601
3911 1597
3911 1602
3911 1600
3912 1597
3912 1602
3911 1603
3912 1600
3911 1604
3913 1600
3910 1604
3911 1605
3914 1600
3910 1605
3911 1606
3915 1600
3914 1599
3912 1606
3911 1607
3916 1600
3915 1601
3912 1607
3917 1600
3915 1602
3913 1607
3918 1600
3917 1601
3917 1599
3916 1602
3915 1603
3914 1607
3919 1600
3918 1601
3915 1607
3920 1600
3919 1599
3916 1607
3915 1606
3921 1600
3920 1599
3917 1607
3916 1606
3922 1600
3921 1599
3920 1598
3917 1608
3917 1606
3922 1601
3921 1598
3920 1597
3917 1609
3923 1601
3920 1596
3917 1610
3924 1601
3923 1602
3920 1595
3918 1610
3916 1610
3925 1601
3921 1595
3919 1595
3920 1594
3919 1610
3915 1610
3916 1611
3922 1595
3918 1595
3919 1611
3914 1610
3915 1611
3916 1612
3922 1596
3922 1594
3917 1595
3919 1612
3913 1610
3915 1612
3923 1596
3923 1594
3916 1595
3917 1596
3920 1612
3912 1610
3924 1594
3920 1613
3911 1610
3924 1595
3924 1593
3921 1613
3920 1614
3925 1595
3924 1592
3922 1613
3920 1615
3925 1596
3924 1591
3922 1614
3922 1612
3921 1615
3919 1615
3920 1616
3925 1597
3925 1591
3923 1591
3923 1614
3923 1612
3920 1617
3926 1591
3925 1590
3924 1614
3919 1617
3927 1591
3925 1589
3925 1614
3918 1617
3928 1591
3925 1588
3926 1614
3925 1615
3917 1617
3929 1591
3926 1588
3926 1613
3925 1616
3917 1616
3929 1592
3929 1590
3926 1612
3926 1616
3930 1592
3929 1593
3929 1589
3927 1612
3926 1611
3930 1593
3929 1594
3928 1612
3927 1611
3925 1611
3929 1612
3928 1613
3928 1611
3930 1612
3929 1613
3928 1614
3928 1610
3931 1612
3930 1613
3930 1611
3929 1610
3932 1612
3933 1612
3934 1612
3933 1613
3935 1612
3934 1611
3935 1613
3934 1610
3936 1613
3935 1614
3933 1610
3937 1613
3935 1615
3937 1614
3934 1615
3938 1614
3939 1614
3938 1615
3939 1615
3939 1616
3939 1617
3940 1617
3938 1617
3940 1618
3941 1618
3940 1619
3942 1618
3943 1618
3942 1619
3943 1617
3942 1620
3943 1616
3943 1620
3944 1616
3943 1615
3943 1621
3945 1616
3943 1614
3943 1622
3946 1616
3942 1614
3943 1613
3944 1622
3947 1616
3946 1615
3941 1614
3945 1622
3947 1615
3947 1614
3947 1613
3947 1612
3948 1612
3947 1611
3946 1611
3946 1610
3946 1609
3945 1609
3946 1608
3945 1608
3947 1608
3948 1608
3948 1609
3948 1607
3949 1609
3948 1606
3950 1609
3951 1609
3950 1610
3950 1608
3952 1609
3951 1610
3951 1608
3951 1611
3952 1611
3951 1612
3953 1611
3952 1612
3951 1613
3954 1611
3953 1612
3953 1610
3955 1611
3953 1613
3956 1611
3953 1614
3957 1611
3954 1614
3953 1615
3958 1611
3953 1616
3958 1612
3954 1616
3953 1617
3959 1612
3954 1617
3960 1612
3955 1617
3961 1612
3955 1618
3962 1612
3961 1611
3963 1612
3962 1613
3962 1611
3961 1610
3964 1612
3962 1610
3960 1610
3964 1613
3964 1611
3960 1609
3965 1613
3959 1609
3965 1614
3958 1609
3966 1614
3965 1615
3958 1608
3967 1614
3964 1615
3957 1608
3958 1607
3967 1613
3964 1616
3968 1613
3964 1617
3968 1612
3965 1617
3969 1612
3966 1617
3965 1618
3969 1611
3966 1616
3965 1619
3969 1610
3967 1616
3966 1619
3964 1619
3968 1610
3969 1609
3968 1616
3964 1620
3968 1609
3970 1609
3969 1608
3969 1616
3963 1620
3964 1621
3967 1609
3970 1608
3970 1616
3965 1621
3964 1622
3967 1608
3970 1607
3970 1617
3966 1621
3963 1622
3964 1623
3966 1608
3970 1606
3970 1618
3967 1621
3963 1623
3965 1623
3966 1607
3970 1605
3971 1618
3962 1623
3963 1624
3965 1624
3965 1607
3969 1605
3970 1604
3972 1618
3961 1623
3962 1624
3966 1624
3965 1625
3964 1607
3969 1604
3973 1618
3962 1625
3963 1607
3964 1608
3969 1603
3974 1618
3962 1626
3964 1609
3968 1603
3974 1619
3974 1617
3963 1626
3975 1617
3963 1627
3976 1617
3964 1627
3976 1616
3977 1616
3978 1616
3977 1615
3979 1616
3978 1617
3978 1615
3980 1616
3978 1618
3981 1616
3979 1618
3977 1618
3982 1616
3981 1617
3980 1618
3977 1619
3983 1616
3982 1615
3980 1619
3977 1620
3983 1615
3982 1614
3980 1620
3976 1620
3984 1615
3982 1613
3981 1620
3979 1620
3976 1621
3984 1614
3982 1612
3982 1620
3981 1621
3975 1621
3976 1622
3985 1614
3983 1612
3982 1611
3982 1619
3981 1622
3975 1622
3977 1622
3986 1614
3982 1610
3982 1622
3981 1623
3975 1623
3978 1622
3986 1615
3986 1613
3983 1610
3983 1622
3974 1623
3979 1622
3978 1623
3986 1616
3987 1613
3984 1622
3973 1623
3979 1623
3978 1624
3987 1616
3986 1617
3988 1613
3987 1612
3985 1622
3984 1623
3973 1624
3973 1622
3979 1624
3987 1617
3985 1617
3986 1618
3987 1611
3985 1623
3984 1624
3973 1625
3973 1621
3979 1625
3984 1617
3986 1619
3987 1610
3984 1625
3973 1626
3979 1626
3988 1610
3984 1626
3988 1609
3984 1627
3988 1608
3983 1627
3989 1608
3987 1608
3982 1627
3983 1628
3989 1607
3986 1608
3983 1629
3990 1607
3989 1606
3985 1608
3983 1630
3990 1606
3988 1606
3984 1608
3985 1609
3983 1631
3991 1606
3990 1605
3988 1605
3985 1610
3984 1631
3982 1631
3983 1632
3990 1604
3985 1611
3985 1631
3981 1631
3989 1604
3990 1603
3985 1630
3980 1631
3981 1630
3991 1603
3986 1630
3979 1631
3980 1632
3980 1630
3992 1603
3991 1602
3986 1629
3978 1631
3980 1633
3992 1604
3991 1601
3987 1629
3986 1628
3977 1631
3978 1630
3980 1634
3992 1601
3990 1601
3991 1600
3987 1628
3976 1631
3977 1632
3978 1629
3981 1634
3980 1635
3989 1601
3991 1599
3987 1627
3977 1633
3978 1628
3982 1634
3988 1601
3992 1599
3988 1627
3987 1626
3976 1633
3977 1634
3979 1628
3978 1627
3983 1634
3982 1635
3987 1601
3988 1600
3993 1599
3992 1598
3989 1627
3987 1625
3975 1633
3977 1635
3984 1634
3982 1636
3986 1601
3987 1600
3993 1598
3992 1597
3990 1627
3987 1624
3975 1634
3983 1636
3981 1636
3986 1602
3986 1600
3994 1598
3993 1597
3991 1597
3990 1626
3986 1624
3974 1634
3983 1637
3981 1637
3986 1599
3994 1597
3990 1597
3991 1626
3974 1635
3983 1638
3981 1638
3985 1599
3995 1597
3994 1596
3989 1597
3990 1598
3990 1596
3992 1626
3973 1635
3974 1636
3984 1638
3983 1639
3980 1638
3981 1639
3984 1599
3996 1597
3989 1598
3990 1595
3993 1626
3972 1635
3975 1636
3985 1638
3979 1638
3981 1640
3983 1599
3984 1598
3997 1597
3989 1595
3994 1626
3971 1635
3986 1638
3978 1638
3981 1641
3982 1599
3983 1600
3998 1597
3997 1596
3995 1626
3994 1625
3971 1636
3987 1638
3982 1641
3981 1599
3982 1600
3983 1601
3999 1597
3996 1626
3970 1636
3987 1639
3987 1637
3982 1642
3980 1599
3983 1602
4000 1597
3997 1626
3996 1625
3969 1636
3988 1639
3988 1637
3980 1598
3984 1602
3982 1602
4000 1598
4000 1596
3997 1627
3997 1625
3996 1624
3969 1637
3988 1640
3988 1636
3979 1598
4000 1599
4001 1596
4000 1595
3998 1627
3998 1625
3997 1624
3969 1638
3988 1641
3989 1636
3988 1635
4000 1600
4001 1595
3999 1625
3998 1624
3968 1638
3987 1641
3990 1636
3988 1634
4002 1595
4000 1625
3967 1638
3989 1634
4003 1595
4002 1594
4001 1625
3967 1639
3967 1637
4002 1593
4002 1625
4001 1624
3966 1639
4002 1592
4001 1623
3965 1639
3966 1640
4001 1592
4002 1591
4001 1622
3964 1639
3965 1640
4002 1590
4002 1622
3964 1638
3965 1641
4003 1590
4002 1589
4003 1622
4002 1621
3963 1638
3964 1637
3965 1642
4004 1590
4002 1588
4004 1622
4002 1620
3963 1637
3964 1636
3966 1642
3964 1642
3965 1643
4005 1590
4003 1588
4002 1587
4005 1622
4003 1620
4002 1619
3965 1636
3964 1635
3966 1643
3964 1643
4006 1590
4004 1588
4003 1587
4001 1587
4002 1586
4006 1622
4004 1620
4001 1619
4002 1618
3965 1635
3963 1635
3963 1643
4007 1590
4000 1587
4007 1622
4000 1619
3966 1635
3965 1634
3962 1635
3962 1643
3963 1644
4008 1590
4000 1586
4007 1621
4000 1618
3965 1633
3962 1634
3961 1643
3963 1645
4009 1590
4008 1591
4000 1585
4007 1620
3966 1633
3962 1633
3961 1644
3961 1642
3962 1645
3963 1646
4009 1591
4008 1592
4000 1584
4007 1619
3961 1633
3962 1632
3960 1644
3961 1641
3963 1647
4010 1591
4009 1592
4008 1593
4000 1583
4008 1619
3960 1633
3961 1632
3959 1644
3960 1645
3960 1641
3964 1647
4011 1591
4010 1592
4009 1593
4007 1593
4001 1583
4009 1619
3959 1633
3958 1644
3959 1643
3960 1646
3964 1648
4009 1594
4002 1583
4010 1619
4009 1620
3958 1633
3959 1642
3959 1646
3964 1649
4010 1594
4003 1583
4002 1582
4010 1618
4009 1621
3957 1633
3958 1642
3959 1647
3963 1649
4011 1594
4010 1595
4002 1581
4010 1617
4010 1621
3956 1633
3957 1642
3959 1648
3963 1650
4012 1594
4010 1596
4003 1581
4010 1616
4011 1621
4010 1622
3955 1633
3956 1632
3957 1641
3959 1649
3963 1651
4012 1593
4010 1597
4004 1581
4010 1615
4011 1620
4010 1623
3954 1633
3955 1634
3955 1632
3956 1631
3957 1640
3959 1650
3962 1651
4012 1592
4005 1581
4011 1615
4009 1615
4012 1620
4011 1623
4010 1624
3954 1632
3957 1631
3956 1630
3957 1639
3959 1651
3962 1652
4013 1592
4006 1581
4005 1582
4011 1614
4013 1620
4012 1623
4010 1625
3953 1632
3958 1631
3956 1629
3957 1638
3958 1651
3959 1652
3961 1652
4014 1592
4007 1581
4005 1583
4012 1614
4014 1620
4009 1625
3952 1632
3959 1631
3956 1628
3958 1638
3957 1637
3957 1651
3959 1653
4015 1592
4007 1582
4007 1580
4005 1584
4013 1614
4015 1620
4014 1619
4009 1626
3952 1631
3959 1630
3955 1628
3959 1638
3957 1636
3959 1654
4016 1592
4007 1579
4005 1585
4014 1614
4013 1613
4016 1620
4015 1621
4008 1626
3951 1631
3952 1630
3960 1630
3954 1628
3958 1636
3956 1636
3959 1655
4017 1592
4016 1593
4016 1591
4007 1578
4015 1614
4014 1613
4017 1620
4016 1621
4015 1622
4007 1626
3952 1629
3955 1636
3960 1655
3959 1656
4018 1592
4017 1593
4017 1591
4016 1594
4007 1577
4016 1614
4015 1615
4018 1620
3951 1629
3954 1636
3961 1655
3958 1656
4019 1592
4017 1594
4017 1590
4016 1595
4006 1577
4007 1576
4017 1614
4016 1615
4019 1620
4018 1621
4018 1619
3953 1636
3961 1656
3957 1656
4017 1595
4017 1589
4016 1596
4008 1576
4018 1614
4017 1613
4020 1620
4018 1622
4018 1618
3952 1636
3953 1635
3961 1657
3956 1656
3957 1655
4017 1596
4016 1589
4016 1597
4008 1575
4018 1613
4020 1621
4019 1622
4018 1623
3951 1636
3961 1658
3957 1654
4018 1596
4015 1589
4016 1598
4009 1575
4019 1613
4021 1621
3950 1636
3951 1635
3962 1658
3960 1658
3956 1654
3957 1653
4019 1596
4015 1588
4010 1575
4019 1612
4021 1622
3950 1635
3963 1658
3955 1654
4020 1596
4014 1588
4015 1587
4010 1576
4010 1574
4019 1611
4021 1623
3950 1634
3955 1655
4021 1596
4013 1588
4015 1586
4011 1576
4010 1573
4020 1611
4022 1623
3949 1634
3954 1655
4016 1586
4014 1586
4011 1577
4010 1572
4021 1611
4023 1623
4022 1624
3948 1634
3949 1633
3953 1655
3954 1656
4017 1586
4016 1585
4014 1585
4011 1578
4010 1571
4022 1611
4024 1623
4023 1624
3948 1635
3948 1633
3952 1655
3954 1657
4018 1586
4017 1585
4016 1584
4013 1585
4010 1578
4009 1571
4023 1611
4025 1623
4023 1625
3948 1636
3948 1632
3952 1656
3954 1658
4019 1586
4018 1585
4016 1583
4012 1585
4009 1570
4026 1623
4025 1622
3948 1637
3947 1632
3948 1631
3951 1656
3954 1659
4020 1586
4019 1587
4019 1585
4018 1584
4011 1585
4012 1586
4009 1569
4026 1624
4025 1621
3947 1637
3948 1638
3947 1631
3948 1630
3950 1656
3951 1657
3955 1659
4020 1587
4019 1584
4018 1583
4011 1584
4010 1569
4009 1568
4027 1624
4026 1625
4025 1620
3946 1637
3947 1638
3951 1658
3956 1659
4020 1584
4011 1583
4011 1569
4008 1568
4009 1567
4026 1626
4026 1620
4024 1620
4025 1619
3946 1638
3947 1639
3951 1659
3957 1659
4020 1583
4010 1583
4007 1568
4008 1567
4010 1567
4025 1626
4026 1627
4026 1619
4023 1620
3947 1640
3951 1660
3957 1660
3957 1658
4021 1583
4020 1582
4007 1569
4008 1566
4011 1567
4024 1626
4026 1628
4027 1619
3947 1641
3952 1660
3950 1660
3958 1660
3958 1658
4021 1582
4008 1565
4012 1567
4024 1627
4026 1629
4028 1619
3946 1641
3947 1642
3949 1660
3958 1661
4022 1582
4008 1564
4013 1567
4012 1566
4023 1627
4027 1629
4026 1630
4029 1619
3945 1641
3947 1643
3948 1660
3958 1662
4009 1564
4007 1564
4014 1567
4023 1628
4028 1629
4029 1620
4029 1618
3944 1641
3947 1644
3947 1660
3957 1662
4006 1564
4015 1567
4014 1568
4022 1628
4023 1629
4029 1629
4028 1630
4028 1628
4029 1621
4030 1618
4029 1617
3943 1641
3948 1644
3946 1644
3946 1660
3947 1661
3957 1663
4005 1564
4006 1563
4016 1567
4014 1569
4021 1628
4024 1629
4030 1629
4028 1631
4028 1627
4029 1622
4029 1616
3949 1644
3945 1660
3946 1659
3947 1662
3956 1663
3957 1664
4004 1564
4005 1565
4006 1562
4016 1568
4016 1566
4013 1569
4014 1570
4021 1629
4031 1629
4029 1627
4028 1626
4030 1622
3950 1644
3944 1660
3945 1659
3948 1662
3946 1662
3955 1663
3956 1664
3957 1665
4004 1563
4005 1562
4006 1561
4017 1568
4016 1569
4020 1629
4032 1629
4031 1630
4030 1627
3950 1645
3943 1660
3944 1659
3949 1662
3948 1663
3946 1663
4003 1563
4005 1561
4006 1560
4018 1568
4016 1570
4020 1630
4033 1629
4032 1630
4031 1631
4030 1626
3951 1645
3943 1661
3946 1664
4003 1562
4004 1561
4019 1568
4016 1571
4019 1630
4034 1629
4031 1632
3947 1664
3945 1664
3946 1665
4003 1561
4004 1560
4019 1569
4019 1567
4017 1571
4015 1571
4018 1630
4035 1629
4034 1628
4032 1632
3946 1666
4002 1561
4020 1569
4019 1566
4018 1571
4015 1572
4017 1630
4018 1629
4035 1630
4034 1627
3947 1666
3946 1667
4001 1561
4021 1569
4018 1572
4014 1572
4016 1630
4018 1628
4034 1626
3948 1666
3946 1668
4000 1561
4001 1560
4022 1569
4019 1572
4018 1573
4016 1631
4016 1629
4019 1628
4017 1628
4035 1626
3947 1668
3946 1669
3999 1561
4000 1560
4001 1559
4023 1569
4022 1568
4019 1573
4018 1574
4015 1631
4016 1628
4019 1627
4036 1626
3945 1669
3999 1560
4002 1559
4024 1569
4023 1568
4017 1574
4015 1628
4036 1625
3944 1669
3998 1560
4024 1568
4017 1575
4014 1628
4036 1624
3943 1669
3997 1560
3998 1559
4025 1568
4016 1575
4013 1628
4014 1629
4014 1627
4037 1624
4036 1623
3942 1669
3996 1560
3997 1561
4025 1567
4014 1626
4038 1624
3942 1670
3942 1668
3996 1561
4026 1567
4025 1566
4039 1624
3942 1671
3942 1667
3995 1561
3996 1562
4024 1566
4025 1565
4040 1624
4039 1625
3941 1671
3943 1667
3994 1561
3995 1562
3996 1563
4025 1564
4040 1625
4040 1623
4039 1626
3940 1671
3941 1672
3944 1667
3943 1666
3993 1561
3994 1562
3994 1560
3996 1564
4025 1563
4040 1626
4040 1622
4039 1627
3940 1672
3940 1670
3941 1673
3993 1560
3994 1563
3995 1564
4024 1563
4025 1562
4041 1626
4039 1622
4038 1627
3939 1672
3940 1669
3942 1673
3992 1560
3994 1564
4023 1563
4026 1562
4039 1621
4037 1627
4038 1628
3940 1668
3943 1673
3992 1559
3994 1565
4023 1564
4023 1562
4027 1562
4026 1561
4038 1621
4039 1620
4037 1628
4038 1629
3939 1668
3943 1672
3992 1558
3994 1566
4023 1565
4027 1561
4037 1621
4039 1619
4039 1629
3938 1668
3991 1558
3995 1566
3994 1567
4028 1561
4036 1621
4037 1620
3937 1668
3990 1558
3995 1567
3993 1567
4029 1561
4028 1560
4037 1619
3937 1669
3937 1667
3989 1558
3990 1557
3996 1567
3995 1568
3993 1568
4030 1561
4037 1618
3936 1669
3937 1666
3989 1557
3990 1556
3995 1569
4030 1562
4037 1617
3938 1666
3936 1666
3989 1556
3995 1570
4031 1562
4030 1563
4037 1616
3935 1666
3988 1556
4032 1562
4038 1616
3934 1666
3987 1556
4033 1562
4038 1615
3933 1666
3934 1665
3986 1556
3987 1555
4034 1562
4033 1561
4038 1614
3932 1666
3934 1664
3986 1557
3987 1554
4035 1562
4033 1560
4037 1614
3931 1666
3933 1664
3934 1663
3987 1553
4035 1563
4034 1560
4033 1559
4036 1614
4037 1613
3930 1666
3931 1665
3935 1663
3934 1662
3987 1552
4035 1564
4035 1560
4033 1558
4037 1612
3929 1666
3930 1665
3936 1663
3935 1662
3934 1661
3988 1552
4036 1564
4036 1560
4036 1612
4037 1611
3930 1664
3935 1661
3933 1661
3934 1660
3988 1551
4036 1565
4036 1559
4036 1611
4038 1611
3930 1663
3936 1661
3935 1660
3988 1550
4037 1565
4036 1566
4037 1559
4035 1611
3937 1661
3935 1659
3989 1550
4035 1566
4038 1559
4035 1610
3936 1659
3990 1550
4039 1559
4038 1558
4034 1610
3936 1658
3991 1550
3990 1549
4040 1559
4039 1560
4033 1610
3936 1657
3990 1548
4040 1558
4039 1561
4033 1609
3935 1657
3936 1656
3989 1548
3990 1547
4039 1562
4032 1609
4033 1608
3935 1656
3936 1655
3991 1547
4040 1562
4033 1607
3934 1656
3937 1655
3936 1654
3992 1547
4041 1562
4040 1563
4032 1607
3933 1656
3934 1655
3993 1547
4042 1562
4040 1564
4032 1606
3932 1656
3993 1548
3993 1546
4042 1563
4042 1561
4041 1564
4040 1565
4031 1606
4032 1605
3932 1655
3994 1548
3993 1549
3993 1545
4043 1563
4040 1566
4032 1604
3931 1655
3992 1549
3994 1545
3993 1544
4044 1563
4040 1567
4033 1604
4031 1604
4032 1603
3930 1655
3995 1545
3992 1544
4044 1564
4039 1567
4040 1568
4030 1604
4032 1602
3996 1545
3995 1546
3991 1544
4044 1565
4038 1567
4040 1569
4030 1605
4032 1601
3996 1546
3996 1544
3990 1544
3991 1543
4044 1566
4040 1570
4032 1600
3996 1543
3989 1544
3990 1545
3991 1542
4044 1567
4041 1570
4033 1600
4031 1600
3997 1543
3995 1543
3988 1544
3992 1542
3990 1542
4045 1567
4042 1570
4041 1571
4034 1600
4031 1599
3998 1543
3997 1542
3987 1544
3992 1541
4045 1568
4043 1570
4041 1572
4035 1600
4034 1601
4030 1599
3999 1543
3998 1542
3986 1544
3993 1541
3992 1540
4046 1568
4045 1569
4043 1571
4036 1600
4035 1601
4030 1598
3999 1544
3999 1542
3998 1541
3985 1544
3986 1543
3992 1539
4046 1569
4044 1569
4030 1597
4000 1544
3999 1545
4000 1542
3984 1544
3985 1543
3993 1539
3991 1539
4046 1570
4031 1597
4030 1596
3999 1546
3984 1545
3984 1543
3985 1542
3993 1538
4047 1570
4046 1571
4032 1597
4029 1596
3999 1547
3983 1545
3984 1546
3985 1541
3993 1537
4048 1570
4032 1596
4028 1596
3999 1548
3984 1547
3984 1541
3993 1536
4049 1570
4033 1596
4027 1596
4028 1597
4028 1595
4000 1548
3999 1549
3983 1547
3984 1540
3994 1536
3992 1536
3993 1535
4050 1570
4034 1596
4026 1596
4028 1598
4028 1594
4001 1548
3998 1549
3983 1548
3983 1540
3995 1536
3992 1535
4050 1571
4050 1569
4035 1596
4034 1597
4034 1595
4025 1596
4027 1598
4028 1599
4029 1594
4002 1548
3997 1549
3982 1548
3982 1540
3983 1539
3996 1536
3992 1534
4050 1572
4036 1596
4035 1595
4034 1598
4025 1595
4029 1593
4003 1548
4002 1547
3997 1550
3981 1548
3983 1538
3997 1536
4051 1572
4049 1572
4050 1573
4037 1596
4036 1595
4035 1594
4033 1598
4029 1592
4004 1548
4003 1549
4003 1547
3996 1550
3980 1548
3983 1537
3997 1535
4052 1572
4048 1572
4049 1573
4050 1574
4037 1595
4005 1548
4004 1549
4004 1547
4003 1550
3979 1548
3980 1549
3998 1535
3997 1534
4053 1572
4038 1595
4005 1549
4005 1547
3979 1547
3980 1550
3997 1533
4054 1572
4038 1594
4006 1549
4006 1547
3979 1550
3997 1532
4055 1572
4039 1594
4038 1593
4007 1549
4006 1550
4006 1546
3978 1550
3979 1551
3996 1532
4056 1572
4055 1571
4040 1594
4038 1592
4007 1548
4006 1551
4006 1545
3979 1552
3995 1532
4057 1572
4056 1571
4039 1592
4006 1552
4007 1545
4006 1544
3978 1552
3979 1553
3994 1532
4057 1571
4056 1570
4040 1592
4006 1553
4008 1545
4006 1543
3977 1552
3980 1553
3993 1532
4058 1571
4056 1569
4041 1592
4005 1553
4006 1554
4005 1543
3976 1552
3977 1551
3980 1554
3992 1532
3993 1533
3993 1531
4059 1571
4058 1570
4056 1568
4042 1592
4005 1554
4006 1555
4004 1543
4005 1542
3975 1552
3980 1555
3991 1532
3992 1531
4060 1571
4059 1572
4057 1568
4043 1592
4042 1593
4005 1555
4007 1555
4006 1556
4003 1543
4005 1541
3974 1552
3980 1556
3990 1532
3991 1533
3991 1531
3992 1530
4059 1573
4057 1567
4044 1592
4042 1594
4004 1555
4008 1555
4006 1557
4003 1542
4006 1541
3973 1552
3980 1557
3989 1532
3990 1531
3992 1529
4060 1573
4058 1573
4057 1566
4045 1592
4044 1591
4043 1594
4008 1556
4008 1554
4007 1557
4006 1558
4003 1541
4007 1541
3972 1552
3973 1551
3981 1557
3980 1558
3989 1533
3991 1529
3992 1528
4058 1574
4056 1566
4046 1592
4044 1590
4043 1595
4009 1556
4008 1557
4009 1554
4002 1541
4003 1540
4007 1542
3973 1550
3982 1557
3979 1558
3991 1528
4058 1575
4055 1566
4056 1565
4046 1591
4043 1590
4043 1596
4010 1556
4009 1557
4001 1541
4008 1542
3979 1559
4059 1575
4057 1575
4054 1566
4056 1564
4047 1591
4046 1590
4042 1596
4010 1555
4009 1542
3979 1560
4057 1576
4053 1566
4054 1567
4057 1564
4056 1563
4048 1591
4046 1589
4042 1597
4011 1555
4010 1542
3978 1560
3979 1561
4052 1566
4053 1567
4058 1564
4055 1563
4049 1591
4048 1592
4047 1589
4041 1597
4011 1542
3979 1562
4052 1565
4053 1568
4059 1564
4058 1563
4050 1591
4049 1590
4048 1593
4011 1541
3979 1563
4052 1564
4059 1563
4048 1594
4012 1541
3980 1563
3979 1564
4053 1564
4059 1562
4048 1595
4013 1541
3978 1564
4060 1562
4059 1561
4049 1595
4047 1595
4014 1541
3977 1564
4061 1562
4050 1595
4047 1596
4015 1541
3977 1565
4062 1562
4061 1561
4050 1596
4046 1596
4015 1540
3976 1565
3977 1566
4062 1561
4051 1596
4050 1597
4045 1596
4046 1597
4016 1540
3975 1565
3976 1566
3977 1567
4063 1561
4051 1597
4049 1597
4045 1595
4046 1598
4017 1540
3975 1564
3976 1567
4064 1561
4063 1560
4049 1598
4018 1540
4017 1541
3974 1564
3975 1563
3976 1568
4065 1561
4064 1562
4064 1560
4049 1599
3974 1563
3976 1563
3975 1568
3976 1569
4066 1561
4065 1560
4064 1559
4049 1600
3973 1563
3974 1562
3976 1562
3974 1568
4067 1561
4065 1559
4050 1600
3972 1563
3973 1562
3974 1569
4067 1562
4067 1560
4066 1559
4051 1600
4050 1601
3971 1563
3972 1562
3973 1569
4067 1563
4068 1560
4050 1602
3971 1562
3972 1569
3973 1570
4068 1563
4067 1564
4068 1559
4049 1602
4050 1603
3972 1570
3972 1568
4068 1564
4069 1559
4068 1558
4048 1602
4049 1603
4051 1603
3971 1570
4069 1564
4070 1559
4067 1558
4068 1557
4051 1604
3970 1570
4070 1564
4071 1559
4068 1556
4052 1604
3970 1569
4071 1564
4072 1559
4069 1556
4068 1555
4053 1604
3969 1569
3970 1568
4072 1564
4071 1565
4072 1560
4068 1554
4054 1604
4053 1605
3969 1568
4073 1564
4072 1565
4073 1560
4072 1561
4067 1554
4054 1605
3968 1568
4072 1566
4074 1560
4066 1554
4054 1606
3967 1568
4073 1566
4072 1567
4074 1561
4074 1559
4065 1554
4066 1555
4066 1553
4054 1607
3966 1568
3967 1569
4074 1566
4072 1568
4075 1561
4066 1552
4055 1607
4053 1607
4054 1608
3966 1567
3967 1570
4074 1567
4076 1561
4066 1551
4056 1607
4054 1609
3965 1567
3966 1570
4074 1568
4076 1562
4067 1551
4065 1551
4057 1607
4053 1609
3964 1567
3965 1566
3966 1571
4077 1562
4076 1563
4068 1551
4067 1550
4065 1550
4057 1608
4057 1606
4052 1609
3963 1567
3965 1565
3965 1571
3966 1572
4075 1563
4076 1564
4069 1551
4068 1552
4067 1549
4064 1550
4057 1609
4057 1605
4052 1610
3962 1567
3966 1565
3964 1565
3965 1564
3964 1571
3965 1572
4077 1564
4076 1565
4070 1551
4068 1549
4066 1549
4063 1550
4064 1549
4058 1609
4058 1605
4056 1605
4052 1611
3961 1567
3967 1565
3963 1565
3965 1563
3964 1570
3965 1573
4078 1564
4077 1565
4070 1550
4068 1548
4062 1550
4064 1548
4059 1609
4058 1610
4058 1604
4051 1611
3961 1568
3961 1566
3968 1565
3964 1563
3965 1562
3964 1573
3965 1574
4079 1564
4078 1565
4071 1550
4062 1551
4064 1547
4060 1609
4058 1611
4058 1603
4051 1612
3961 1569
3960 1566
3964 1562
3966 1562
3963 1573
3965 1575
4079 1565
4079 1563
4072 1550
4065 1547
4064 1546
4060 1610
4058 1612
4059 1603
4050 1612
4051 1613
3960 1569
3963 1562
3962 1573
3966 1575
3965 1576
4080 1565
4079 1566
4080 1563
4073 1550
4063 1546
4064 1545
4061 1610
4059 1612
4057 1612
4060 1603
4059 1602
4049 1612
4052 1613
4051 1614
3959 1569
3962 1562
3962 1574
3962 1572
3966 1576
3965 1577
4080 1566
4079 1567
4080 1562
4074 1550
4073 1551
4062 1546
4065 1545
4064 1544
4059 1613
4057 1613
4061 1603
4059 1601
4048 1612
4052 1614
4051 1615
3959 1570
3961 1562
3962 1575
3962 1571
3965 1578
4081 1566
4079 1568
4080 1561
4075 1550
4066 1545
4065 1544
4063 1544
4064 1543
4059 1614
4061 1602
4052 1615
4050 1615
3959 1571
3960 1562
3961 1575
3962 1576
4082 1566
4078 1568
4079 1561
4080 1560
4076 1550
4075 1549
4066 1544
4062 1544
4064 1542
4060 1614
4062 1602
3960 1563
3960 1561
3960 1575
3962 1577
4083 1566
4082 1565
4077 1568
4061 1544
4064 1541
4060 1615
4063 1602
4062 1601
3960 1564
3960 1560
3959 1575
3963 1577
4084 1566
4082 1564
4076 1568
4077 1569
4060 1544
4061 1543
4064 1540
4061 1615
4060 1616
4062 1600
3960 1559
3959 1576
4085 1566
4082 1563
4076 1569
4077 1570
4059 1544
4060 1543
4061 1542
4065 1540
4063 1540
4060 1617
4062 1599
3961 1559
3959 1559
3958 1576
3959 1577
4086 1566
4076 1570
4078 1570
4077 1571
4059 1543
4062 1542
4066 1540
4065 1539
4060 1618
4062 1598
3962 1559
3961 1558
3958 1559
3957 1576
3958 1577
3959 1578
4087 1566
4086 1565
4076 1571
4077 1572
4058 1543
4061 1618
4063 1598
4062 1597
3963 1559
3962 1560
3957 1559
3958 1578
3959 1579
4087 1567
4087 1565
4086 1564
4075 1571
4077 1573
4062 1618
4064 1598
4062 1596
3963 1560
3956 1559
3957 1558
3958 1579
3960 1579
4088 1567
4087 1564
4085 1564
4074 1571
4063 1618
4062 1619
4062 1617
4064 1599
4064 1597
4061 1596
3964 1560
3956 1560
3956 1558
3958 1580
3960 1580
4089 1567
4084 1564
4062 1620
4064 1596
4060 1596
4061 1595
3965 1560
3955 1560
3956 1561
3955 1558
3956 1557
4089 1566
4084 1563
4061 1620
4062 1621
4064 1595
4060 1597
4061 1594
3966 1560
3965 1559
3954 1560
3954 1558
3956 1556
4090 1566
4089 1565
4084 1562
4062 1622
4065 1595
4060 1598
4060 1594
3965 1558
3953 1560
3953 1558
3957 1556
4091 1566
4090 1565
4089 1564
4084 1561
4063 1622
4061 1622
4062 1623
4065 1594
4060 1599
3964 1558
3953 1561
3952 1558
3958 1556
4091 1567
4090 1564
4085 1561
4084 1560
4064 1622
4062 1624
4065 1593
4059 1599
3953 1562
3951 1558
3952 1559
4092 1567
4090 1563
4086 1561
4084 1559
4065 1622
4061 1624
4062 1625
4064 1593
4065 1592
4058 1599
3952 1562
3950 1558
4093 1567
4090 1562
4087 1561
4085 1559
4084 1558
4066 1622
4065 1621
4061 1625
4065 1591
4057 1599
3952 1563
4094 1567
4093 1568
4089 1562
4087 1562
4083 1558
4084 1557
4067 1622
4066 1621
4060 1625
4065 1590
4057 1598
3951 1563
3952 1564
4095 1567
4093 1569
4088 1562
4085 1557
4084 1556
4068 1622
4067 1621
4066 1620
4059 1625
4066 1590
4064 1590
4065 1589
4057 1597
3950 1563
4096 1567
4095 1568
4094 1569
4093 1570
4085 1556
4069 1622
4066 1619
4059 1626
4059 1624
4067 1590
4064 1589
4056 1597
3949 1563
4097 1567
4096 1566
4094 1570
4092 1570
4093 1571
4085 1555
4070 1622
4065 1619
4066 1618
4059 1627
4058 1624
4067 1591
4063 1589
4056 1596
4098 1567
4096 1565
4094 1571
4093 1572
4071 1622
4070 1623
4070 1621
4064 1619
4067 1618
4066 1617
4060 1627
4058 1627
4057 1624
4058 1623
4068 1591
4062 1589
4063 1588
4056 1595
4098 1566
4096 1564
4095 1571
4094 1572
4092 1572
4072 1622
4071 1623
4071 1621
4064 1620
4068 1618
4065 1617
4057 1627
4057 1625
4057 1623
4069 1591
4061 1589
4062 1588
4057 1595
4055 1595
4099 1566
4096 1563
4096 1571
4091 1572
4072 1623
4071 1620
4068 1617
4065 1616
4057 1628
4056 1623
4070 1591
4069 1592
4069 1590
4060 1589
4055 1594
4097 1563
4097 1571
4090 1572
4072 1624
4071 1619
4069 1617
4057 1629
4055 1623
4071 1591
4069 1593
4069 1589
4098 1563
4097 1562
4098 1571
4089 1572
4073 1624
4072 1625
4071 1618
4069 1616
4056 1629
4054 1623
4055 1622
4071 1592
4070 1593
4069 1594
4070 1589
4068 1589
4098 1564
4097 1561
4099 1571
4098 1572
4098 1570
4089 1573
4074 1624
4069 1615
4055 1629
4053 1623
4054 1622
4072 1592
4069 1595
4071 1589
4070 1588
4097 1560
4100 1571
4098 1573
4088 1573
4075 1624
4074 1625
4068 1615
4069 1614
4054 1629
4053 1622
4054 1621
4069 1596
4072 1589
4097 1559
4100 1572
4100 1570
4087 1573
4076 1624
4075 1623
4074 1626
4067 1615
4070 1614
4053 1629
4054 1628
4052 1622
4072 1588
4096 1559
4097 1558
4101 1572
4100 1569
4086 1573
4087 1574
4077 1624
4053 1630
4053 1628
4051 1622
4073 1588
4072 1587
4097 1557
4102 1572
4101 1573
4100 1568
4086 1572
4087 1575
4078 1624
4077 1623
4052 1630
4053 1627
4074 1588
4071 1587
4072 1586
4098 1557
4096 1557
4101 1574
4100 1567
4085 1572
4086 1571
4077 1622
4052 1631
4053 1626
4074 1589
4096 1556
4102 1574
4101 1575
4084 1572
4085 1571
4077 1621
4052 1632
4074 1590
4095 1556
4096 1555
4103 1574
4101 1576
4084 1571
4076 1621
4077 1620
4051 1632
4052 1633
4074 1591
4096 1554
4103 1575
4100 1576
4101 1577
4083 1571
4076 1620
4078 1620
4077 1619
4050 1632
4053 1633
4075 1591
4073 1591
4097 1554
4104 1575
4102 1577
4082 1571
4075 1620
4079 1620
4049 1632
4050 1633
4050 1631
4053 1634
4076 1591
4097 1553
4105 1575
4103 1577
4102 1578
4082 1572
4082 1570
4080 1620
4050 1634
4077 1591
4076 1592
4097 1552
4106 1575
4102 1579
4082 1573
4080 1621
4049 1634
4077 1592
4077 1590
4098 1552
4097 1551
4102 1580
4083 1573
4081 1573
4081 1621
4049 1635
4077 1593
4077 1589
4099 1552
4097 1550
4083 1574
4082 1621
4048 1635
4049 1636
4077 1594
4078 1589
4099 1551
4096 1550
4083 1575
4083 1621
4047 1635
4049 1637
4077 1595
4079 1589
4096 1549
4082 1575
4083 1576
4084 1621
4083 1620
4046 1635
4049 1638
4076 1595
4077 1596
4080 1589
4079 1590
4095 1549
4096 1548
4081 1575
4082 1576
4084 1622
4084 1620
4045 1635
4046 1636
4046 1634
4077 1597
4081 1589
4080 1590
4094 1549
4095 1548
4097 1548
4096 1547
4080 1575
4082 1577
4084 1623
4084 1619
4045 1636
4045 1634
4046 1637
4046 1633
4077 1598
4082 1589
4080 1591
4093 1549
4094 1550
4094 1548
4098 1548
4096 1546
4080 1574
4082 1578
4083 1623
4084 1624
4085 1619
4044 1634
4047 1637
4046 1638
4078 1598
4077 1599
4083 1589
4082 1588
4081 1591
4080 1592
4093 1548
4094 1551
4099 1548
4098 1549
4097 1546
4096 1545
4085 1624
4084 1625
4086 1619
4043 1634
4045 1638
4046 1639
4079 1598
4076 1599
4084 1589
4083 1588
4082 1591
4080 1593
4092 1548
4093 1551
4094 1552
4100 1548
4097 1545
4096 1544
4086 1624
4083 1625
4084 1626
4086 1620
4043 1633
4044 1638
4045 1639
4047 1639
4079 1599
4075 1599
4076 1600
4085 1589
4080 1594
4091 1548
4092 1551
4094 1553
4098 1545
4095 1544
4096 1543
4087 1624
4086 1625
4083 1626
4085 1626
4042 1633
4043 1632
4043 1638
4047 1640
4080 1599
4075 1600
4075 1598
4086 1589
4085 1590
4080 1595
4090 1548
4091 1549
4091 1547
4092 1552
4098 1544
4094 1544
4095 1543
4096 1542
4088 1624
4082 1626
4085 1627
4043 1631
4043 1639
4043 1637
4047 1641
4080 1600
4074 1600
4074 1598
4075 1597
4087 1589
4086 1588
4085 1591
4080 1596
4089 1548
4090 1549
4099 1544
4093 1544
4089 1624
4042 1639
4042 1637
4047 1642
4081 1600
4074 1601
4074 1597
4086 1591
4085 1592
4088 1548
4089 1549
4100 1544
4093 1545
4089 1625
4041 1639
4042 1640
4041 1637
4047 1643
4082 1600
4074 1602
4087 1591
4085 1593
4088 1549
4088 1547
4100 1545
4100 1543
4092 1545
4090 1625
4041 1638
4040 1637
4041 1636
4048 1643
4047 1644
4083 1600
4082 1601
4073 1602
4074 1603
4087 1592
4084 1593
4087 1547
4088 1546
4101 1545
4100 1542
4091 1545
4091 1625
4090 1626
4039 1637
4048 1644
4046 1644
4047 1645
4083 1599
4082 1602
4075 1603
4083 1593
4084 1594
4086 1547
4102 1545
4099 1542
4100 1541
4090 1545
4091 1624
4090 1627
4038 1637
4039 1636
4046 1645
4047 1646
4084 1599
4081 1602
4075 1604
4083 1594
4085 1547
4101 1541
4092 1624
4090 1628
4038 1636
4047 1647
4085 1599
4084 1598
4081 1603
4075 1605
4082 1594
4084 1547
4102 1541
4091 1628
4048 1647
4046 1647
4085 1600
4084 1597
4080 1603
4076 1605
4074 1605
4083 1547
4084 1548
4103 1541
4102 1542
4102 1540
4092 1628
4048 1648
4046 1648
4085 1597
4077 1605
4076 1606
4073 1605
4074 1606
4083 1546
4084 1549
4104 1541
4102 1543
4102 1539
4093 1628
4092 1629
4092 1627
4049 1648
4086 1597
4077 1606
4082 1546
4084 1550
4103 1543
4102 1538
4094 1628
4092 1626
4049 1649
4087 1597
4086 1596
4077 1607
4082 1545
4102 1537
4094 1629
4093 1626
4050 1649
4049 1650
4088 1597
4087 1596
4086 1595
4078 1607
4077 1608
4082 1544
4102 1536
4094 1630
4094 1626
4050 1650
4089 1597
4079 1607
4076 1608
4077 1609
4081 1544
4082 1543
4103 1536
4101 1536
4102 1535
4095 1630
4094 1631
4095 1626
4050 1651
4090 1597
4078 1609
4080 1544
4104 1536
4100 1536
4101 1535
4102 1534
4095 1631
4094 1632
4095 1627
4095 1625
4050 1652
4090 1598
4090 1596
4078 1610
4079 1544
4080 1545
4080 1543
4104 1537
4104 1535
4100 1535
4102 1533
4095 1632
4094 1633
4096 1627
4096 1625
4051 1652
4049 1652
4091 1598
4078 1611
4079 1543
4080 1546
4105 1535
4104 1534
4099 1535
4102 1532
4096 1632
4095 1633
4093 1633
4096 1628
4097 1625
4052 1652
4049 1653
4092 1598
4078 1543
4079 1546
4080 1547
4106 1535
4098 1535
4103 1532
4097 1632
4092 1633
4098 1625
4097 1624
4052 1651
4048 1653
4093 1598
4077 1543
4078 1546
4079 1547
4107 1535
4098 1536
4104 1532
4098 1632
4091 1633
4092 1632
4098 1626
4098 1624
4097 1623
4052 1650
4047 1653
4048 1654
4094 1598
4093 1599
4076 1543
4077 1546
4107 1534
4097 1536
4105 1532
4099 1632
4098 1631
4099 1626
4099 1624
4053 1650
4047 1654
4094 1599
4094 1597
4076 1544
4076 1542
4077 1545
4108 1534
4097 1537
4105 1531
4099 1633
4098 1630
4099 1623
4047 1655
4094 1600
4094 1596
4076 1541
4109 1534
4097 1538
4105 1530
4100 1633
4099 1634
4098 1629
4100 1623
4099 1622
4046 1655
4047 1656
4095 1596
4110 1534
4109 1535
4098 1538
4096 1538
4104 1530
4105 1529
4101 1633
4100 1622
4099 1621
4045 1655
4046 1656
4096 1596
4110 1535
4109 1536
4095 1538
4096 1539
4104 1529
4106 1529
4105 1528
4102 1633
4100 1621
4099 1620
4044 1655
4097 1596
4094 1538
4095 1537
4106 1528
4105 1527
4103 1633
4102 1634
4043 1655
4097 1597
4097 1595
4093 1538
4094 1539
4094 1537
4107 1528
4104 1527
4104 1633
4102 1635
4042 1655
4043 1654
4098 1597
4098 1595
4097 1594
4094 1540
4108 1528
4104 1634
4102 1636
4041 1655
4043 1653
4099 1597
4098 1598
4096 1594
4097 1593
4094 1541
4108 1529
4108 1527
4102 1637
4040 1655
4042 1653
4043 1652
4100 1597
4095 1594
4098 1593
4097 1592
4109 1529
4108 1526
4103 1637
4039 1655
4040 1656
4041 1653
4043 1651
4100 1598
4095 1593
4099 1593
4098 1592
4108 1525
4039 1656
4039 1654
4044 1651
4042 1651
4043 1650
4100 1599
4094 1593
4095 1592
4098 1591
4109 1525
4108 1524
4039 1657
4038 1654
4042 1650
4101 1599
4100 1600
4093 1593
4095 1591
4099 1591
4098 1590
4110 1525
4109 1524
4038 1657
4037 1654
4038 1653
4102 1599
4101 1600
4099 1600
4100 1601
4092 1593
4093 1592
4100 1591
4098 1589
4110 1526
4110 1524
4037 1657
4037 1655
4038 1652
4102 1600
4102 1598
4098 1600
4099 1601
4092 1594
4092 1592
4100 1590
4099 1589
4097 1589
4098 1588
4111 1526
4111 1524
4036 1657
4037 1656
4037 1652
4102 1601
4097 1600
4099 1602
4091 1594
4092 1595
4101 1590
4100 1589
4097 1588
4112 1526
4111 1523
4036 1658
4036 1656
4036 1652
4103 1601
4099 1603
4102 1590
4097 1587
4112 1527
4112 1525
4112 1523
4111 1522
4035 1658
4036 1659
4035 1656
4036 1651
4103 1602
4100 1603
4098 1603
4099 1604
4102 1591
4102 1589
4096 1587
4097 1586
4112 1528
4113 1525
4112 1522
4110 1522
4036 1660
4034 1656
4036 1650
4103 1603
4100 1604
4097 1603
4103 1591
4103 1589
4102 1588
4097 1585
4113 1528
4114 1525
4109 1522
4035 1660
4033 1656
4034 1657
4034 1655
4104 1603
4102 1603
4100 1605
4097 1602
4104 1589
4103 1588
4101 1588
4098 1585
4096 1585
4097 1584
4113 1529
4115 1525
4109 1521
4034 1660
4033 1657
4033 1655
4034 1654
4100 1606
4096 1602
4104 1588
4101 1587
4095 1585
4109 1520
4034 1661
4034 1659
4032 1655
4101 1606
4099 1606
4100 1607
4096 1601
4105 1588
4104 1587
4095 1586
4109 1519
4033 1661
4031 1655
4032 1654
4102 1606
4101 1607
4098 1606
4100 1608
4095 1601
4104 1586
4094 1586
4108 1519
4109 1518
4032 1661
4033 1662
4031 1654
4103 1606
4101 1608
4097 1606
4098 1605
4105 1586
4103 1586
4093 1586
4108 1518
4110 1518
4109 1517
4032 1662
4032 1660
4033 1663
4030 1654
4104 1606
4103 1605
4096 1606
4097 1605
4092 1586
4093 1587
4093 1585
4108 1517
4111 1518
4110 1517
4109 1516
4031 1662
4034 1663
4033 1664
4029 1654
4105 1606
4096 1605
4092 1587
4107 1517
4112 1518
4110 1516
4031 1663
4035 1663
4033 1665
4028 1654
4105 1607
4105 1605
4092 1588
4107 1516
4112 1519
4112 1517
4111 1516
4030 1663
4035 1662
4034 1665
4033 1666
4106 1607
4106 1605
4091 1588
4107 1515
4030 1664
4036 1662
4032 1666
4033 1667
4107 1607
4090 1588
4106 1515
4029 1664
4030 1665
4033 1668
4108 1607
4107 1608
4107 1606
4105 1515
4028 1664
4032 1668
4033 1669
4108 1608
4108 1606
4107 1609
4104 1515
4105 1514
4027 1664
4028 1663
4031 1668
4032 1669
4034 1669
4108 1605
4107 1610
4105 1513
4030 1668
4031 1669
4031 1667
4035 1669
4109 1605
4107 1611
4105 1512
4029 1668
4036 1669
4035 1670
4035 1668
4110 1605
4109 1604
4106 1611
4105 1511
4036 1670
4035 1671
4110 1606
4110 1604
4109 1603
4106 1511
4104 1511
4034 1671
4035 1672
4111 1606
4111 1604
4107 1511
4106 1510
4103 1511
4036 1672
4112 1606
4111 1603
4107 1512
4106 1509
4103 1512
4103 1510
4037 1672
4036 1673
4113 1606
4111 1602
4108 1512
4102 1512
4103 1509
4037 1673
4036 1674
4114 1606
4112 1602
4101 1512
4104 1509
4103 1508
4038 1673
4035 1674
4114 1607
4112 1601
4100 1512
4101 1511
4104 1508
4102 1508
4038 1674
4034 1674
4114 1608
4112 1600
4099 1512
4104 1507
4101 1508
4038 1675
4115 1608
4111 1600
4099 1513
4100 1508
4038 1676
4116 1608
4110 1600
4098 1513
4099 1514
4099 1508
4100 1509
4037 1676
4038 1677
4116 1609
4097 1513
4100 1514
4099 1515
4098 1508
4039 1677
4117 1609
4097 1514
4099 1516
4097 1508
4040 1677
4118 1609
4096 1514
4097 1515
4099 1517
4097 1507
4041 1677
4119 1609
4118 1610
4096 1515
4097 1516
4099 1518
4097 1506
4042 1677
4120 1609
4118 1611
4097 1517
4099 1519
4098 1506
4097 1505
4043 1677
4042 1678
4120 1608
4117 1611
4096 1517
4100 1519
4099 1520
4098 1505
4096 1505
4044 1677
4043 1678
4121 1608
4117 1612
4095 1517
4096 1518
4101 1519
4098 1520
4098 1504
4096 1504
4044 1678
4043 1679
4122 1608
4116 1612
4094 1517
4096 1519
4102 1519
4097 1520
4098 1503
4095 1504
4043 1680
4115 1612
4116 1613
4094 1518
4094 1516
4097 1519
4102 1518
4099 1503
4097 1503
4094 1504
4043 1681
4115 1611
4116 1614
4093 1516
4094 1515
4100 1503
4099 1502
4094 1505
4094 1503
4044 1681
4043 1682
4115 1614
4092 1516
4093 1515
4100 1504
4100 1502
4099 1501
4093 1503
4045 1681
4115 1615
4091 1516
4100 1501
4098 1501
4099 1500
4092 1503
4093 1502
4046 1681
4045 1682
4115 1616
4090 1516
4101 1501
4098 1500
4099 1499
4092 1504
4047 1681
4045 1683
4115 1617
4089 1516
4102 1501
4101 1500
4098 1499
4091 1504
4092 1505
4048 1681
4047 1682
4045 1684
4116 1617
4088 1516
4089 1515
4102 1502
4098 1498
4048 1680
4045 1685
4117 1617
4087 1516
4097 1498
4098 1497
4049 1680
4048 1679
4046 1685
4045 1686
4118 1617
4117 1616
4086 1516
4097 1497
4099 1497
4048 1678
4047 1685
4044 1686
4119 1617
4117 1615
4086 1517
4100 1497
4099 1496
4049 1678
4047 1678
4048 1677
4047 1686
4120 1617
4119 1616
4085 1517
4101 1497
4099 1495
4050 1678
4048 1676
4048 1686
4119 1615
4084 1517
4102 1497
4100 1495
4051 1678
4049 1676
4047 1676
4049 1686
4119 1614
4083 1517
4084 1516
4103 1497
4100 1494
4052 1678
4051 1677
4047 1675
4049 1687
4120 1614
4083 1516
4101 1494
4100 1493
4053 1678
4051 1676
4047 1674
4049 1688
4121 1614
4083 1515
4102 1494
4100 1492
4054 1678
4048 1674
4047 1673
4049 1689
4122 1614
4082 1515
4083 1514
4102 1493
4100 1491
4055 1678
4054 1679
4048 1673
4046 1673
4048 1689
4123 1614
4122 1613
4083 1513
4100 1490
4049 1673
4045 1673
4048 1690
4123 1613
4122 1612
4083 1512
4100 1489
4049 1672
4048 1691
4124 1613
4122 1611
4082 1512
4083 1511
4101 1489
4100 1488
4050 1672
4049 1671
4047 1691
4125 1613
4124 1612
4122 1610
4081 1512
4082 1511
4084 1511
4099 1488
4100 1487
4051 1672
4049 1670
4047 1692
4125 1614
4125 1612
4080 1512
4081 1513
4085 1511
4099 1487
4101 1487
4100 1486
4052 1672
4051 1671
4049 1669
4047 1693
4126 1612
4125 1611
4079 1512
4081 1514
4102 1487
4101 1486
4053 1672
4052 1673
4052 1671
4049 1668
4047 1694
4127 1612
4126 1611
4078 1512
4079 1511
4103 1487
4102 1486
4101 1485
4054 1672
4053 1673
4049 1667
4048 1694
4047 1695
4128 1612
4078 1513
4079 1510
4101 1484
4055 1672
4054 1673
4053 1674
4049 1666
4049 1694
4048 1695
4129 1612
4077 1513
4080 1510
4078 1510
4102 1484
4100 1484
4055 1673
4050 1666
4049 1695
4130 1612
4129 1611
4081 1510
4080 1509
4078 1509
4103 1484
4102 1483
4099 1484
4051 1666
4050 1665
4050 1695
4049 1696
4131 1612
4130 1611
4081 1509
4080 1508
4077 1509
4104 1484
4103 1485
4102 1482
4099 1485
4052 1666
4050 1664
4051 1695
4050 1696
4049 1697
4131 1613
4131 1611
4130 1610
4076 1509
4104 1485
4102 1481
4098 1485
4052 1667
4050 1663
4052 1695
4051 1696
4051 1694
4048 1697
4132 1613
4131 1614
4132 1611
4130 1609
4075 1509
4103 1481
4097 1485
4053 1667
4049 1663
4053 1695
4052 1696
4051 1693
4047 1697
4048 1698
4130 1614
4133 1611
4129 1609
4130 1608
4075 1510
4075 1508
4096 1485
4097 1486
4054 1667
4048 1663
4049 1662
4054 1695
4053 1694
4052 1697
4046 1697
4129 1614
4130 1615
4133 1610
4128 1609
4074 1510
4075 1511
4075 1507
4095 1485
4055 1667
4049 1661
4054 1696
4054 1694
4053 1697
4129 1615
4134 1610
4127 1609
4073 1510
4076 1511
4075 1512
4076 1507
4074 1507
4075 1506
4094 1485
4095 1486
4095 1484
4055 1668
4055 1666
4055 1696
4055 1694
4053 1698
4129 1616
4135 1610
4127 1610
4127 1608
4073 1511
4073 1509
4074 1512
4093 1485
4094 1486
4095 1487
4055 1669
4055 1665
4056 1696
4056 1694
4053 1699
4129 1617
4136 1610
4127 1607
4072 1511
4073 1512
4073 1508
4092 1485
4093 1484
4094 1487
4056 1665
4055 1664
4056 1697
4057 1694
4056 1693
4052 1699
4128 1617
4137 1610
4136 1609
4126 1607
4071 1511
4072 1512
4091 1485
4092 1486
4093 1483
4093 1487
4094 1488
4056 1664
4054 1664
4057 1697
4056 1692
4051 1699
4128 1618
4138 1610
4136 1608
4071 1512
4071 1510
4091 1486
4091 1484
4093 1482
4094 1489
4056 1663
4058 1697
4055 1692
4056 1691
4050 1699
4127 1618
4128 1619
4139 1610
4136 1607
4071 1513
4070 1510
4071 1509
4091 1487
4093 1481
4094 1490
4057 1663
4056 1662
4058 1698
4056 1690
4050 1700
4126 1618
4129 1619
4140 1610
4139 1609
4136 1606
4070 1509
4071 1508
4090 1487
4094 1481
4092 1481
4093 1490
4057 1662
4059 1698
4058 1699
4057 1690
4055 1690
4056 1689
4050 1701
4125 1618
4130 1619
4140 1611
4139 1608
4070 1508
4089 1487
4095 1481
4094 1480
4058 1662
4060 1698
4057 1699
4058 1690
4050 1702
4125 1617
4130 1620
4141 1611
4140 1608
4139 1607
4069 1508
4070 1507
4088 1487
4096 1481
4095 1480
4059 1662
4061 1698
4060 1697
4057 1700
4058 1689
4051 1702
4050 1703
4125 1616
4131 1620
4130 1621
4142 1611
4141 1612
4138 1607
4139 1606
4070 1506
4087 1487
4088 1488
4088 1486
4097 1481
4096 1482
4060 1662
4061 1699
4061 1697
4060 1696
4057 1701
4059 1689
4051 1703
4049 1703
4126 1616
4130 1622
4142 1612
4139 1605
4069 1506
4087 1486
4097 1482
4097 1480
4062 1699
4062 1697
4060 1695
4056 1701
4059 1688
4052 1703
4051 1704
4126 1615
4204 1427
4139 1604
4068 1506
4069 1505
4086 1486
4097 1479
4063 1699
4062 1696
4059 1695
4060 1688
4053 1703
4051 1705
2692 2646
4139 1603
4067 1506
4085 1486
4097 1478
4063 1700
4063 1698
4061 1688
4054 1703
4053 1702
4051 1706
2692 2645
2692 2644
4140 1603
4139 1602
4066 1506
4067 1507
4085 1487
4085 1485
4098 1478
4096 1478
4064 1700
4064 1698
4062 1688
4061 1687
4055 1703
4050 1706
2692 2643
2694 2644
4140 1602
4138 1602
4065 1506
4085 1488
4085 1484
4099 1478
4098 1477
4096 1477
4065 1700
4065 1698
4064 1697
4061 1686
4055 1704
4055 1702
4050 1707
2692 2642
2694 2643
4141 1602
4137 1602
4138 1601
4064 1506
4085 1489
4084 1484
4085 1483
4098 1476
4096 1476
4066 1700
4065 1697
4049 1707
2693 2642
4141 1601
4137 1603
4137 1601
4064 1505
4086 1489
4084 1489
4085 1490
4083 1484
4085 1482
4099 1476
4098 1475
4067 1700
4066 1697
4065 1696
4048 1707
4049 1708
2710 2643
2694 2642
4142 1601
4136 1601
4137 1600
4063 1505
4083 1489
4082 1484
4098 1474
4067 1701
4067 1699
4067 1697
4048 1708
4048 1706
4049 1709
2710 2642
4143 1601
4142 1600
4136 1600
4137 1599
4062 1505
4063 1504
4083 1490
4081 1484
4082 1483
4099 1474
4067 1702
4068 1697
4067 1696
4048 1709
4048 1705
4049 1710
2695 2642
2709 2642
4143 1600
4142 1599
4138 1599
4061 1505
4062 1504
4063 1503
4082 1490
4080 1484
4082 1482
4099 1473
4067 1703
4069 1697
4068 1698
4067 1695
4047 1709
4049 1705
4047 1705
4050 1710
4049 1711
2695 2641
4143 1599
4139 1599
4138 1598
4061 1506
4061 1504
4062 1503
4063 1502
4079 1484
4080 1483
4082 1481
4100 1473
4066 1703
4070 1697
4069 1698
4067 1694
4047 1710
4046 1705
4047 1704
4048 1711
2709 2641
4143 1598
4060 1506
4061 1503
4064 1502
4063 1501
4078 1484
4079 1485
4079 1483
4080 1482
4082 1480
4101 1473
4100 1472
4065 1703
4066 1704
4070 1698
4070 1696
4066 1694
4067 1693
4046 1710
4046 1706
4048 1712
2696 2641
4144 1598
4059 1506
4060 1507
4060 1503
4064 1501
4063 1500
4079 1486
4080 1481
4083 1480
4081 1480
4102 1473
4100 1471
4065 1702
4066 1705
4070 1699
4070 1695
4068 1693
4045 1710
4046 1707
4047 1712
4048 1713
2709 2640
4058 1506
4060 1502
4065 1501
4062 1500
4080 1486
4079 1487
4079 1481
4083 1479
4103 1473
4102 1474
4099 1471
4067 1705
4069 1693
4068 1692
4045 1711
4045 1709
4046 1708
4046 1712
4048 1714
2697 2641
4057 1506
4060 1501
4066 1501
4079 1488
4079 1480
4084 1479
4083 1478
4102 1475
4098 1471
4068 1705
4070 1693
4068 1691
4044 1711
4044 1709
4049 1714
4048 1715
2708 2640
4059 1501
4060 1500
4067 1501
4079 1489
4079 1479
4103 1475
4101 1475
4102 1476
4097 1471
4069 1705
4068 1706
4071 1693
4067 1691
4043 1711
4044 1712
4044 1708
4049 1715
4047 1715
2699 2640
4058 1501
4059 1500
4067 1500
4079 1490
4078 1479
4079 1478
4104 1475
4096 1471
4097 1472
4097 1470
4069 1706
4069 1704
4072 1693
4071 1692
4066 1691
4042 1711
4050 1715
4047 1716
2698 2641
2707 2640
4057 1501
4058 1500
4059 1499
4068 1500
4067 1499
4078 1490
4080 1478
4104 1476
4104 1474
4097 1469
4069 1707
4072 1694
4072 1692
4071 1691
4065 1691
4041 1711
4051 1715
4046 1716
2706 2641
4057 1502
4059 1498
4067 1498
4077 1490
4105 1474
4097 1468
4069 1708
4072 1695
4073 1692
4072 1691
4071 1690
4065 1690
4040 1711
4041 1712
4051 1716
4045 1716
4046 1717
2699 2641
2699 2645
4057 1503
4058 1498
4059 1497
4066 1498
4077 1491
4105 1473
4097 1467
4070 1708
4074 1692
4070 1690
4071 1689
4064 1690
4065 1689
4039 1711
4044 1716
4045 1717
4046 1718
2707 2641
4056 1503
4058 1497
4065 1498
4066 1497
4077 1492
4105 1472
4098 1467
4097 1466
4071 1708
4074 1693
4074 1691
4069 1690
4070 1689
4072 1689
4071 1688
4038 1711
4044 1717
4044 1715
2705 2643
2700 2641
2699 2644
4055 1503
4064 1498
4077 1493
4106 1472
4097 1465
4071 1709
4074 1694
4075 1691
4071 1687
4037 1711
4043 1717
2707 2642
2706 2643
2709 2646
4054 1503
4055 1504
4055 1502
4064 1497
4107 1472
4106 1471
4097 1464
4071 1710
4074 1695
4072 1687
4070 1687
4036 1711
4043 1718
2700 2642
4053 1503
4054 1504
4055 1501
4108 1472
4107 1473
4107 1471
4097 1463
4071 1711
4074 1696
4072 1686
4069 1687
4035 1711
4036 1710
4042 1718
4043 1719
4052 1503
4109 1472
4098 1463
4096 1463
4097 1462
4072 1711
4075 1696
4072 1685
4069 1686
4034 1711
4036 1709
4044 1719
4051 1503
4052 1504
4109 1473
4109 1471
4098 1462
4096 1462
4073 1711
4072 1712
4076 1696
4075 1697
4069 1685
4033 1711
4034 1712
4035 1709
4036 1708
4045 1719
4044 1720
4050 1503
4052 1505
4110 1473
4109 1474
4098 1461
4095 1462
4074 1711
4073 1712
4077 1696
4076 1697
4076 1695
4068 1685
4069 1684
4032 1711
4036 1707
4044 1721
4050 1502
4051 1505
4052 1506
4094 1462
4095 1461
4075 1711
4073 1713
4076 1698
4068 1684
4069 1683
4032 1712
4037 1707
4036 1706
4045 1721
4043 1721
4044 1722
4050 1501
4052 1507
4093 1462
4094 1463
4095 1460
4076 1711
4075 1710
4073 1714
4076 1699
4067 1684
4070 1683
4032 1713
4038 1707
4035 1706
4042 1721
4044 1723
4051 1501
4049 1501
4051 1507
4093 1461
4094 1464
4095 1459
4077 1711
4072 1714
4075 1699
4076 1700
4031 1713
4032 1714
4038 1708
4034 1706
4035 1705
4041 1721
4045 1723
4048 1501
4049 1500
4051 1508
4092 1461
4093 1464
4096 1459
4078 1711
4071 1714
4072 1715
4074 1699
4077 1700
4030 1713
4033 1706
4035 1704
4041 1722
4045 1724
4047 1501
4048 1500
4051 1509
4091 1461
4093 1465
4096 1458
4078 1712
4070 1714
4072 1716
4074 1700
4078 1700
4077 1701
4029 1713
4032 1706
4040 1722
4041 1723
4045 1725
4046 1501
4048 1499
4050 1509
4090 1461
4092 1465
4093 1466
4096 1457
4079 1712
4078 1713
4070 1715
4071 1716
4079 1700
4029 1714
4029 1712
4044 1725
4045 1726
4045 1501
4049 1509
4091 1465
4094 1466
4096 1456
4079 1713
4078 1714
4080 1700
4028 1714
4029 1711
4046 1726
4044 1501
4048 1509
4094 1467
4097 1456
4078 1715
4028 1715
4046 1727
4043 1501
4044 1502
4048 1510
4094 1468
4098 1456
4078 1716
4028 1716
4047 1727
4046 1728
4042 1501
4044 1503
4047 1510
4048 1511
4095 1468
4093 1468
4099 1456
4098 1455
4079 1716
4028 1717
4048 1727
4047 1728
4041 1501
4045 1503
4046 1510
4049 1511
4048 1512
4100 1456
4098 1454
4079 1717
4027 1717
4049 1727
4047 1729
4040 1501
4046 1511
4048 1513
4101 1456
4099 1454
4097 1454
4026 1717
4027 1718
4050 1727
4049 1726
4047 1730
4039 1501
4040 1502
4045 1511
4046 1512
4049 1513
4047 1513
4101 1455
4100 1454
4096 1454
4097 1453
4025 1717
4027 1719
4050 1728
4049 1725
4047 1731
4039 1502
4040 1503
4044 1511
4050 1513
4049 1514
4102 1455
4100 1453
4096 1453
4025 1718
4025 1716
4027 1720
4051 1728
4049 1724
4047 1732
4038 1502
4043 1511
4044 1512
4051 1513
4050 1514
4102 1454
4101 1453
4100 1452
4025 1715
4027 1721
4052 1728
4049 1723
4046 1732
4037 1502
4043 1512
4043 1510
4044 1513
4051 1514
4051 1512
4050 1515
4103 1454
4102 1453
4101 1452
4100 1451
4024 1715
4025 1714
4028 1721
4026 1721
4053 1728
4050 1723
4046 1733
4036 1502
4037 1501
4043 1513
4042 1510
4051 1515
4050 1516
4104 1454
4102 1452
4023 1715
4028 1722
4053 1729
4053 1727
4051 1723
4045 1733
4046 1734
4035 1502
4037 1500
4042 1513
4041 1510
4052 1515
4105 1454
4104 1455
4104 1453
4103 1452
4022 1715
4023 1716
4054 1729
4052 1723
4051 1722
4044 1733
4046 1735
4034 1502
4041 1513
4042 1514
4053 1515
4104 1456
4104 1452
4021 1715
4022 1716
4022 1714
4023 1717
4054 1730
4053 1723
4044 1732
4046 1736
4034 1503
4034 1501
4040 1513
4054 1515
4104 1457
4020 1715
4021 1714
4022 1717
4054 1731
4054 1723
4044 1731
4045 1736
4046 1737
4034 1504
4033 1501
4034 1500
4040 1514
4055 1515
4054 1514
4104 1458
4020 1716
4020 1714
4021 1717
4053 1731
4054 1732
4055 1723
4044 1730
4044 1736
4045 1737
4033 1500
4034 1499
4040 1515
4055 1516
4104 1459
4019 1714
4021 1718
4052 1731
4054 1733
4056 1723
4055 1722
4045 1730
4043 1730
4043 1736
4045 1738
4032 1500
4035 1499
4041 1515
4056 1516
4055 1517
4105 1459
4103 1459
4019 1713
4020 1718
4051 1731
4055 1733
4054 1734
4056 1724
4045 1729
4042 1730
4043 1737
4045 1739
4031 1500
4032 1499
4056 1517
4106 1459
4105 1460
4102 1459
4019 1718
4050 1731
4056 1733
3236 1951
4042 1737
4043 1738
4045 1740
4031 1499
4032 1498
4056 1518
4107 1459
4106 1458
4102 1458
4019 1719
4050 1730
4057 1733
4116 1626
4041 1737
4044 1740
4031 1498
4057 1518
4056 1519
4107 1458
4101 1458
4018 1719
4019 1720
4058 1733
4057 1732
4115 1627
4040 1737
4041 1736
4043 1740
4030 1498
4031 1497
4058 1518
4056 1520
4108 1458
4107 1457
4018 1720
4020 1720
4019 1721
4058 1734
4058 1732
4039 1737
4040 1738
4040 1736
4029 1498
4031 1496
4058 1517
4056 1521
4109 1458
4107 1456
4017 1720
4019 1722
4059 1734
4058 1731
4039 1736
4040 1739
4029 1499
4031 1495
4059 1517
4058 1516
4057 1521
4055 1521
4110 1458
4109 1457
4016 1720
4018 1722
4019 1723
4060 1734
4040 1740
4028 1499
4032 1495
4031 1494
4058 1521
4110 1459
4109 1456
4016 1721
4018 1723
4020 1723
4019 1724
4061 1734
4060 1735
4039 1740
4027 1499
4032 1494
4059 1521
4110 1460
4109 1455
4015 1721
4019 1725
4062 1734
4038 1740
4039 1741
4027 1500
4033 1494
4060 1521
4059 1522
4109 1454
4014 1721
4015 1722
4020 1725
4063 1734
4037 1740
4038 1741
4039 1742
4027 1501
4034 1494
4060 1522
4059 1523
4109 1453
4013 1721
4015 1723
4021 1725
4020 1726
4064 1734
4063 1733
4036 1740
4037 1739
4039 1743
4026 1501
4034 1493
4061 1522
4059 1524
4110 1453
4108 1453
4012 1721
4013 1720
4016 1723
4014 1723
4015 1724
4020 1727
4065 1734
4064 1733
4035 1740
4037 1738
4040 1743
4026 1502
4034 1492
4058 1524
4059 1525
4111 1453
4107 1453
4108 1452
4011 1721
4016 1724
4013 1723
4021 1727
2168 2725
4065 1735
4064 1732
4034 1740
4035 1739
4041 1743
4040 1744
4025 1502
4026 1503
4034 1491
4059 1526
4112 1453
4106 1453
4011 1722
2167 2726
2167 2725
4065 1736
4065 1732
4064 1731
4034 1741
4035 1738
4042 1743
4040 1745
4024 1502
4025 1503
4033 1491
4059 1527
4113 1453
4112 1454
4112 1452
4010 1722
2166 2726
4065 1737
4066 1732
4063 1731
4033 1741
4034 1742
4035 1737
4042 1742
4040 1746
4024 1503
4033 1490
4059 1528
4113 1454
4113 1452
4010 1723
2165 2727
4065 1738
4067 1732
4066 1731
4062 1731
4033 1742
4034 1737
4041 1746
4024 1504
4033 1489
4058 1528
4059 1529
4114 1452
4009 1723
4010 1724
2166 2725
4064 1738
4067 1733
4066 1730
4062 1732
4033 1743
4034 1736
4042 1746
4041 1747
4024 1505
4034 1489
4033 1488
4058 1529
4115 1452
4008 1723
4009 1724
4010 1725
2165 2726
4063 1738
4068 1733
4065 1730
4066 1729
4033 1744
4033 1736
4043 1746
4042 1747
4042 1745
4041 1748
4023 1505
4035 1489
4033 1487
4057 1529
4116 1452
4115 1451
4007 1723
2163 2728
4062 1738
4063 1739
4069 1733
4068 1734
4065 1729
4034 1744
4033 1745
4042 1748
4040 1748
4041 1749
4022 1505
4035 1488
4034 1487
4056 1529
4116 1451
4115 1450
4006 1723
4007 1724
2165 2725
4062 1737
4063 1740
4068 1735
4065 1728
4035 1744
4034 1745
4043 1748
4039 1748
4041 1750
4021 1505
4034 1486
4056 1530
4056 1528
4117 1451
4005 1723
4006 1722
2163 2727
2164 2725
4064 1740
4063 1741
4068 1736
4064 1728
4065 1727
4044 1748
4038 1748
4041 1751
4020 1505
4021 1504
4035 1486
4056 1531
4055 1528
4118 1451
4005 1722
4006 1721
2163 2726
2164 2724
2163 2725
4064 1741
4062 1741
4063 1742
4069 1736
4068 1737
4064 1727
4065 1726
4037 1748
4038 1747
4042 1751
4019 1505
4021 1503
4036 1486
4057 1531
4055 1531
4056 1532
4055 1527
4118 1450
4004 1722
4007 1721
2163 2724
3273 1734
4061 1741
4063 1743
4069 1737
4068 1738
4064 1726
4066 1726
4065 1725
4037 1749
4037 1747
4038 1746
4042 1752
4018 1505
4019 1506
4021 1502
4056 1533
4054 1527
4055 1526
4119 1450
4118 1449
4003 1722
4004 1721
4008 1721
3272 1733
3273 1733
3275 1732
4060 1741
4062 1743
4068 1739
4067 1726
4037 1750
4042 1753
4017 1505
4018 1506
4018 1504
4020 1502
4055 1533
4053 1527
4055 1525
4120 1450
4119 1449
4118 1448
4002 1722
3274 1733
3275 1733
3275 1734
4060 1742
4060 1740
4067 1739
4037 1751
4042 1754
4016 1505
4017 1504
4018 1507
4055 1534
4053 1528
4054 1525
4120 1451
4119 1448
4117 1448
4002 1723
4002 1721
3275 1736
4059 1742
4066 1739
4038 1751
4036 1751
4043 1754
4042 1755
4017 1507
4054 1534
4052 1528
4053 1529
4120 1448
4119 1447
4116 1448
4001 1723
4002 1724
3275 1735
3279 1728
4058 1742
4044 1754
4041 1755
4017 1508
4053 1534
4054 1535
4053 1530
4119 1446
4000 1723
4003 1724
3277 1736
3276 1735
4057 1742
4058 1741
4045 1754
4044 1755
4041 1756
4017 1509
4052 1534
4054 1530
4053 1531
4120 1446
3999 1723
4004 1724
4003 1725
3278 1728
3277 1735
3278 1729
4057 1743
4046 1754
4045 1755
4045 1753
4044 1756
4041 1757
4017 1510
4051 1534
4052 1535
4121 1446
3998 1723
4003 1726
3278 1735
3278 1730
4045 1752
4043 1756
4040 1757
4016 1510
4017 1511
4050 1534
4051 1535
4121 1445
3997 1723
3998 1722
3278 1734
3284 1737
4046 1752
4045 1751
4040 1758
4015 1510
4018 1511
4049 1534
4051 1536
4122 1445
3996 1723
3998 1721
3279 1730
4047 1752
4040 1759
4014 1510
4015 1511
4018 1512
4048 1534
4049 1535
4050 1536
4051 1537
4123 1445
4122 1444
3995 1723
3997 1721
3998 1720
3278 1733
3283 1735
4047 1753
4041 1759
4040 1760
4013 1510
4018 1513
4047 1534
4048 1533
4052 1537
4051 1538
4124 1445
4123 1446
3994 1723
3995 1724
3283 1737
3279 1731
4048 1753
4039 1760
4012 1510
4019 1513
4017 1513
4047 1535
4048 1532
4050 1538
4051 1539
4124 1446
4124 1444
3993 1723
3994 1724
3995 1725
3278 1732
3283 1736
4049 1753
4038 1760
4012 1511
4020 1513
4046 1535
4047 1536
4047 1532
4049 1538
4050 1539
4125 1446
4124 1447
4125 1444
4124 1443
3992 1723
3996 1725
3995 1726
3279 1732
3280 1736
4049 1754
4037 1760
4012 1512
4021 1513
4045 1535
4047 1537
4046 1532
4049 1539
4124 1448
4123 1443
4124 1442
3992 1724
3992 1722
3997 1725
3282 1736
4049 1755
4036 1760
4013 1512
4011 1512
4021 1512
4044 1535
4045 1532
4048 1539
4125 1448
4124 1449
4124 1441
3992 1725
3992 1721
3997 1726
3280 1732
4049 1756
4035 1760
4036 1759
4014 1512
4010 1512
4021 1511
4043 1535
4044 1532
4048 1540
4125 1449
4123 1441
3991 1725
3993 1721
3992 1720
3281 1736
3280 1733
4050 1756
4048 1756
4049 1757
4034 1760
4035 1759
4036 1758
4009 1512
4022 1511
4042 1535
4047 1540
4048 1541
4125 1450
4123 1440
3991 1726
3994 1721
3993 1720
3992 1719
3281 1735
3280 1734
4050 1757
4049 1758
4034 1761
4035 1758
4037 1758
4009 1511
4023 1511
4041 1535
4048 1542
4126 1450
4123 1439
3991 1727
3993 1719
3281 1734
3282 1734
3282 1733
4051 1757
4048 1758
4033 1761
4034 1758
4008 1511
4041 1534
4048 1543
4127 1450
4124 1439
4123 1438
3992 1727
3993 1718
3283 1733
4052 1757
4047 1758
4048 1759
4032 1761
4034 1757
4008 1510
4040 1534
4048 1544
4128 1450
4127 1449
4123 1437
3992 1728
3993 1717
3284 1733
3288 1731
4053 1757
4052 1756
4047 1759
4047 1757
4033 1757
4007 1510
4008 1509
4040 1533
4049 1544
4047 1544
4048 1545
4128 1451
4128 1449
4123 1436
3993 1728
3994 1717
3992 1717
3286 1732
3285 1733
3288 1732
4054 1757
4032 1757
4008 1508
4039 1533
4050 1544
4049 1545
4129 1449
4122 1436
3993 1729
3995 1717
3991 1717
3286 1733
3288 1733
4055 1757
4031 1757
4032 1758
4032 1756
4007 1508
4038 1533
4039 1532
4050 1545
4049 1546
4130 1449
4121 1436
3993 1730
3995 1716
3990 1717
3287 1733
3287 1734
4055 1758
4055 1756
4031 1758
4031 1756
4032 1759
4032 1755
4037 1533
4038 1532
4039 1531
4130 1448
4121 1435
3994 1730
3993 1731
3995 1715
3989 1717
3990 1718
3287 1735
2883 2522
4056 1758
4055 1759
4055 1755
4030 1758
4030 1756
4033 1755
4036 1533
4037 1532
4039 1530
4131 1448
4130 1447
4120 1435
3995 1730
3990 1719
2884 2523
4056 1759
4054 1759
4055 1754
4029 1758
4030 1759
4029 1756
4035 1533
4036 1534
4037 1531
4040 1530
4038 1530
4132 1448
4119 1435
3989 1719
2881 2525
4057 1759
4056 1760
4053 1759
4056 1754
4030 1760
4028 1756
4034 1533
4035 1532
4040 1529
4038 1529
4132 1449
4118 1435
4119 1436
3989 1720
4058 1759
4056 1761
4052 1759
4030 1761
4027 1756
4028 1757
4034 1534
4041 1529
4040 1528
4037 1529
4133 1449
4117 1435
3988 1720
4059 1759
4052 1760
4029 1761
4030 1762
4034 1535
4040 1527
4037 1528
4134 1449
4117 1436
3988 1721
4060 1759
4059 1760
4051 1760
4029 1762
4031 1762
4033 1535
4034 1536
4040 1526
4037 1527
4135 1449
4134 1448
4117 1437
3987 1721
4061 1759
4060 1760
4060 1758
4029 1763
4032 1535
4041 1526
4135 1450
4134 1447
4116 1437
4117 1438
3987 1722
4061 1758
4060 1761
4060 1757
4028 1763
4032 1534
4041 1525
4135 1451
4135 1447
4115 1437
4116 1438
3986 1722
4061 1757
4060 1762
4060 1756
4028 1764
4031 1534
4041 1524
4136 1451
4134 1451
4135 1452
4136 1447
4135 1446
4114 1437
4115 1436
4116 1439
3985 1722
3986 1723
4060 1763
4060 1755
4027 1764
4028 1765
4030 1534
4041 1523
4137 1451
4136 1452
4135 1453
4137 1447
4114 1438
4115 1435
4116 1440
3984 1722
3985 1721
3986 1724
4061 1763
4059 1763
4060 1764
4060 1754
4026 1764
4029 1765
4028 1766
4029 1534
4030 1535
4030 1533
4042 1523
4135 1454
4137 1446
4113 1438
4115 1434
4116 1441
3983 1722
4062 1763
4058 1763
4060 1753
4026 1765
4030 1765
4028 1767
4028 1534
4030 1536
4030 1532
4136 1454
4134 1454
4138 1446
4137 1445
4112 1438
4113 1439
4115 1433
4117 1441
3982 1722
3983 1723
4063 1763
4062 1764
4062 1762
4057 1763
4061 1753
4059 1753
4060 1752
4025 1765
4031 1765
4030 1764
4029 1767
4031 1536
4030 1531
4137 1454
4133 1454
4137 1444
4111 1438
4112 1437
4115 1432
4118 1441
3982 1723
3982 1721
3983 1724
4063 1764
4056 1763
4062 1753
4059 1752
4025 1766
4032 1765
4030 1767
4031 1537
4029 1531
4137 1453
4133 1455
4133 1453
4136 1444
4137 1443
4110 1438
4111 1439
4112 1436
4115 1431
4118 1442
4118 1440
3982 1724
3982 1720
3983 1725
4064 1764
4063 1765
4055 1763
4056 1764
4063 1753
4059 1751
4025 1767
4033 1765
4032 1766
4031 1538
4028 1531
4029 1530
4132 1453
4138 1443
4111 1440
4111 1436
4112 1435
4116 1431
4115 1430
4119 1442
4118 1443
3981 1724
3984 1725
4065 1764
4055 1764
4064 1753
4025 1768
4033 1766
4031 1539
4027 1531
4131 1453
4138 1442
4112 1440
4110 1440
4110 1436
4117 1431
4116 1430
4115 1429
4120 1442
4118 1444
3980 1724
3985 1725
4065 1765
4065 1753
4024 1768
4033 1767
4030 1539
4026 1531
4139 1442
4109 1440
4110 1435
4118 1431
4116 1429
4114 1429
4115 1428
4120 1441
3980 1725
3980 1723
3985 1726
4066 1765
4066 1753
4065 1752
4034 1767
4033 1768
4029 1539
4025 1531
4026 1530
4139 1441
4108 1440
4109 1435
4118 1430
4117 1429
4116 1428
4113 1429
4120 1440
3979 1725
3980 1726
3979 1723
3986 1726
4067 1765
4066 1752
4035 1767
4032 1768
4029 1540
4029 1538
4024 1531
4026 1529
4140 1441
4107 1440
4116 1427
4113 1428
3978 1725
3980 1727
3979 1722
3987 1726
4067 1766
4067 1752
4036 1767
4035 1766
4032 1769
4029 1541
4028 1538
4141 1441
4106 1440
4107 1439
4116 1426
4113 1427
3977 1725
3978 1726
3979 1727
3988 1726
4068 1766
4067 1767
4068 1752
4036 1768
4031 1769
4032 1770
4030 1541
4028 1541
4028 1537
4142 1441
4141 1440
4106 1441
4106 1439
4117 1426
4115 1426
4113 1426
3977 1724
3979 1728
3988 1727
3988 1725
4067 1768
4068 1751
4037 1768
4030 1769
4030 1542
4027 1541
4027 1537
4028 1536
4143 1441
4142 1440
4141 1439
4105 1441
4106 1442
4105 1439
4118 1426
4114 1426
4112 1426
4113 1425
3976 1724
3978 1728
3988 1728
3989 1725
4068 1768
4067 1769
4068 1750
4038 1768
4037 1769
4029 1769
4030 1770
4030 1543
4026 1541
4143 1442
4140 1439
4141 1438
4105 1442
4107 1442
4105 1438
4119 1426
4114 1425
4111 1426
4112 1425
3975 1724
3978 1729
3989 1728
3989 1724
4069 1768
4068 1769
4067 1770
4067 1750
4038 1769
4037 1770
4030 1544
4026 1542
4144 1442
4143 1443
4139 1439
4104 1442
4105 1443
4105 1437
4119 1427
4119 1425
4114 1424
4112 1424
3974 1724
3975 1725
3978 1730
3990 1728
3989 1729
4070 1768
4068 1770
4067 1771
4039 1769
4038 1770
4037 1771
4025 1542
4145 1442
4142 1443
4138 1439
4139 1438
4103 1442
4120 1425
4119 1424
4114 1423
4112 1423
3974 1723
3975 1726
3978 1731
3989 1730
4071 1768
4039 1770
4038 1771
4036 1771
4037 1772
4025 1543
4146 1442
4145 1443
4145 1441
4141 1443
4137 1439
4138 1438
4139 1437
4103 1443
4103 1441
4121 1425
4118 1424
4119 1423
4114 1422
4111 1423
3975 1727
3979 1731
3978 1732
3989 1731
4071 1769
4071 1767
4040 1770
4037 1773
4025 1544
4147 1442
4146 1443
4145 1440
4141 1444
4137 1440
4103 1440
4122 1425
4121 1426
4118 1423
4119 1422
4115 1422
4113 1422
4110 1423
3974 1727
3980 1731
3977 1732
3989 1732
4071 1770
4072 1767
4071 1766
4041 1770
4038 1773
4036 1773
4037 1774
4026 1544
4024 1544
4148 1442
4146 1444
4144 1440
4140 1444
4102 1440
4122 1424
4121 1427
4120 1422
4115 1421
4110 1424
4110 1422
3974 1728
3981 1731
3980 1732
3976 1732
3989 1733
4072 1766
4071 1765
4042 1770
4041 1769
4039 1773
4035 1773
4037 1775
4027 1544
4023 1544
4024 1545
4149 1442
4148 1441
4146 1445
4144 1439
4102 1439
4123 1424
4122 1423
4121 1428
4120 1421
4115 1420
4109 1422
3973 1728
3980 1733
3976 1733
3989 1734
4073 1766
4043 1770
4039 1774
4034 1773
4035 1774
4024 1546
4150 1442
4147 1445
4144 1438
4102 1438
4124 1424
4120 1420
4115 1419
4108 1422
3980 1734
3976 1734
4074 1766
4043 1771
4040 1774
4039 1775
4033 1773
4035 1775
4025 1546
4023 1546
4150 1441
4148 1445
4145 1438
4143 1438
4144 1437
4101 1438
4124 1423
4120 1419
4116 1419
4114 1419
4107 1422
3980 1735
3975 1734
3976 1735
4075 1766
4074 1765
4041 1774
4032 1773
4026 1546
4022 1546
4023 1547
4151 1441
4150 1440
4145 1437
4101 1437
4125 1423
4124 1422
4121 1419
4117 1419
4114 1418
4107 1421
3981 1735
3980 1736
3974 1734
3975 1735
3976 1736
4076 1766
4042 1774
4032 1774
4027 1546
4021 1546
4022 1547
4023 1548
4152 1441
4150 1439
4146 1437
4101 1436
4126 1423
4118 1419
4117 1420
4106 1421
3982 1735
3973 1734
3976 1737
4076 1767
4076 1765
4043 1774
4031 1774
4028 1546
4021 1547
4021 1545
4024 1548
4153 1441
4152 1440
4149 1439
4147 1437
4100 1436
4101 1435
4127 1423
4118 1420
4118 1418
4105 1421
3982 1736
3982 1734
3972 1734
4076 1768
4077 1765
4043 1775
4043 1773
4031 1775
4029 1546
4024 1549
4154 1441
4152 1439
4149 1438
4099 1436
4102 1435
4128 1423
4118 1421
4105 1420
3983 1736
3982 1737
3971 1734
4075 1768
4078 1765
4077 1764
4043 1776
4044 1773
4030 1546
4024 1550
4155 1441
4154 1442
4153 1439
4149 1437
4099 1435
4103 1435
4128 1424
4104 1420
3984 1736
3983 1737
3970 1734
3971 1735
4074 1768
4079 1765
4078 1766
4077 1763
4043 1777
4044 1772
4031 1546
4025 1550
4023 1550
4155 1442
4153 1438
4150 1437
4099 1434
4104 1435
4103 1436
4103 1434
4104 1419
3969 1734
3971 1736
4074 1769
4080 1765
4044 1777
4042 1777
4043 1778
4032 1546
4031 1547
4026 1550
4025 1551
4022 1550
4155 1443
4154 1438
4151 1437
4150 1436
4098 1434
4099 1433
4105 1435
4104 1436
4104 1418
3969 1735
3971 1737
4074 1770
4081 1765
4080 1764
4045 1777
4044 1778
4043 1779
4033 1546
4027 1550
4022 1551
4156 1443
4155 1444
4155 1438
4151 1438
4151 1436
4100 1433
4099 1432
4105 1434
4105 1418
4103 1418
4104 1417
3968 1735
3972 1737
4082 1765
4081 1764
4042 1779
4043 1780
4027 1551
4021 1551
4157 1443
4156 1444
4155 1445
4156 1438
4155 1439
4155 1437
4152 1436
4151 1435
4099 1431
4102 1418
4104 1416
3972 1738
4083 1765
4082 1766
4041 1779
4043 1781
4028 1551
4020 1551
4157 1444
4157 1442
4154 1445
4155 1446
4157 1438
4156 1439
4153 1436
4098 1431
4101 1418
4104 1415
3973 1738
3972 1739
4084 1765
4083 1764
4044 1781
4042 1781
4043 1782
4028 1552
4020 1552
4020 1550
4153 1445
4154 1446
4156 1446
4158 1438
4153 1435
4098 1430
4100 1418
4103 1415
4104 1414
3971 1739
4084 1766
4084 1764
4043 1783
4028 1553
4019 1552
4020 1553
4153 1446
4159 1438
4158 1437
4153 1434
4097 1430
4098 1429
4099 1418
4102 1415
4105 1414
3970 1739
4084 1767
4084 1763
4044 1783
4042 1783
4043 1784
4027 1553
4028 1554
4018 1552
4019 1553
4021 1553
4153 1447
4160 1438
4159 1437
4154 1434
4152 1434
4153 1433
4097 1429
4099 1429
4098 1428
4098 1418
4099 1417
4101 1415
4106 1414
3969 1739
3970 1740
4085 1767
4084 1768
4085 1763
4084 1762
4043 1785
4027 1554
4029 1554
4028 1555
4018 1553
4021 1554
4161 1438
4160 1437
4152 1433
4153 1432
4096 1429
4099 1428
4098 1427
4097 1418
4098 1419
4100 1415
4106 1413
3968 1739
3969 1740
3970 1741
4086 1767
4086 1763
4085 1762
4044 1785
4042 1785
4043 1786
4027 1555
4030 1554
4029 1555
4028 1556
4161 1439
4161 1437
4160 1436
4151 1433
4154 1432
4153 1431
4095 1429
4100 1428
4096 1418
4097 1419
4098 1420
4100 1416
4107 1413
3968 1738
3971 1741
3970 1742
4087 1767
4087 1763
4086 1764
4086 1762
4042 1786
4027 1556
4030 1553
4161 1440
4150 1433
4151 1432
4155 1432
4094 1429
4096 1417
4099 1420
4108 1413
3970 1743
4088 1767
4086 1761
4042 1787
4026 1556
4031 1553
4162 1440
4161 1441
4150 1432
4155 1431
4094 1430
4095 1417
4099 1421
4108 1414
4108 1412
3969 1743
3970 1744
4089 1767
4088 1768
4088 1766
4042 1788
4026 1557
4163 1440
4161 1442
4150 1431
4156 1431
4094 1431
4094 1417
4100 1421
4108 1415
4109 1412
4108 1411
3968 1743
3969 1744
3971 1744
4088 1769
4088 1765
4042 1789
4164 1440
4149 1431
4150 1430
4157 1431
4093 1431
4093 1417
4108 1416
4110 1412
4107 1411
3967 1743
3968 1744
3968 1742
3972 1744
3971 1745
4087 1769
4088 1770
4089 1765
4043 1789
4164 1441
4148 1431
4158 1431
4157 1432
4093 1432
4093 1416
4111 1412
4110 1413
4107 1410
3967 1742
3968 1745
3973 1744
4086 1769
4087 1770
4089 1770
4089 1764
4165 1441
4164 1442
4147 1431
4159 1431
4158 1430
4157 1433
4092 1432
4092 1416
4111 1411
4106 1410
3966 1742
3968 1746
3974 1744
3973 1743
4087 1771
4090 1770
4089 1771
4089 1763
4166 1441
4164 1443
4146 1431
4147 1432
4159 1432
4159 1430
4157 1434
4091 1432
4091 1416
4112 1411
4111 1410
4105 1410
3965 1742
3969 1746
3967 1746
4087 1772
4091 1770
4090 1769
4089 1772
4089 1762
4167 1441
4163 1443
4145 1431
4146 1430
4147 1433
4159 1429
4091 1433
4091 1431
4091 1417
4113 1411
4110 1410
4104 1410
3969 1747
3966 1746
4086 1772
4091 1771
4091 1769
4090 1768
4089 1761
4168 1441
4162 1443
4144 1431
4146 1429
4146 1433
4090 1433
4090 1431
4091 1430
4090 1417
4114 1411
4113 1412
4110 1409
4103 1410
3970 1747
3969 1748
3966 1745
4085 1772
4091 1772
4091 1768
4090 1761
4089 1760
4169 1441
4162 1444
4144 1432
4144 1430
4145 1429
4146 1428
4146 1434
4092 1430
4089 1417
4115 1411
4109 1409
4110 1408
4102 1410
3968 1748
3969 1749
3966 1744
4085 1773
4092 1772
4091 1773
4092 1768
4090 1760
4089 1759
4170 1441
4169 1442
4161 1444
4162 1445
4143 1432
4143 1430
4146 1427
4145 1434
4146 1435
4092 1429
4088 1417
4116 1411
4115 1412
4110 1407
4102 1411
4102 1409
3968 1749
3965 1744
4084 1773
4085 1774
4093 1772
4092 1773
4092 1767
4091 1760
4090 1759
4088 1759
4089 1758
4170 1442
4170 1440
4162 1446
4142 1432
4142 1430
4145 1427
4092 1428
4087 1417
4088 1418
4088 1416
4115 1413
4111 1407
4109 1407
4110 1406
4101 1411
4102 1408
3968 1750
3964 1744
4083 1773
4094 1772
4092 1760
4091 1759
4088 1758
4171 1440
4163 1446
4162 1447
4142 1433
4142 1431
4142 1429
4144 1427
4145 1426
4092 1427
4086 1417
4088 1419
4114 1413
4112 1407
4110 1405
4103 1408
4102 1407
3968 1751
3963 1744
3964 1743
4083 1774
4095 1772
4091 1758
4172 1440
4164 1446
4161 1447
4162 1448
4141 1431
4144 1426
4145 1425
4092 1426
4086 1418
4086 1416
4087 1419
4114 1414
4110 1404
4104 1408
4101 1407
4102 1406
3967 1751
3962 1744
3963 1745
4082 1774
4083 1775
4096 1772
4095 1771
4092 1758
4091 1757
4173 1440
4172 1439
4165 1446
4161 1448
4162 1449
4140 1431
4144 1425
4146 1425
4092 1425
4087 1420
4113 1414
4114 1415
4105 1408
4100 1407
4102 1405
3966 1751
3961 1744
3963 1746
4081 1774
4096 1773
4095 1770
4092 1757
4090 1757
4173 1439
4165 1447
4162 1450
4139 1431
4144 1424
4146 1424
4092 1424
4115 1415
4114 1416
4105 1407
4099 1407
3966 1752
3961 1743
3962 1746
3963 1747
4080 1774
4097 1773
4096 1774
4096 1770
4094 1770
4095 1769
4093 1757
4092 1756
4174 1439
4173 1438
4166 1447
4161 1450
4162 1451
4138 1431
4139 1430
4143 1424
4147 1424
4106 1407
4098 1407
3966 1753
3960 1743
3961 1746
3963 1748
4080 1775
4080 1773
4095 1774
4097 1770
4093 1756
4092 1755
4173 1437
4167 1447
4160 1450
4161 1451
4163 1451
4162 1452
4137 1431
4139 1429
4142 1424
4148 1424
4147 1423
4097 1407
3967 1753
3965 1753
4080 1776
4079 1773
4080 1772
4095 1775
4098 1770
4094 1756
4093 1755
4174 1437
4172 1437
4167 1448
4159 1450
4161 1452
4163 1452
4136 1431
4137 1430
4141 1424
4142 1425
4149 1424
4096 1407
4097 1408
3967 1754
3964 1753
4080 1777
4078 1773
4095 1776
4099 1770
4098 1771
4095 1756
4174 1436
4167 1449
4158 1450
4160 1452
4136 1432
4137 1429
4142 1426
4150 1424
4095 1407
4096 1406
4097 1409
3963 1753
3964 1752
4080 1778
4078 1774
4078 1772
4095 1777
4100 1770
4098 1772
4096 1756
4175 1436
4174 1435
4158 1451
4160 1453
4136 1433
4137 1428
4141 1426
4151 1424
4150 1425
4094 1407
4095 1408
4096 1405
4098 1409
4096 1409
4097 1410
3962 1753
3964 1751
4080 1779
4077 1772
4078 1771
4094 1777
4101 1770
4100 1769
4175 1435
4173 1435
4157 1451
4159 1453
4135 1433
4137 1427
4140 1426
4141 1427
4152 1424
4150 1426
4096 1404
4097 1411
3962 1754
3962 1752
3964 1750
4081 1779
4079 1779
4080 1780
4077 1771
4094 1778
4100 1768
4176 1435
4172 1435
4156 1451
4134 1433
4136 1427
4137 1426
4139 1426
4140 1427
4141 1428
4152 1425
4095 1404
4096 1403
4096 1411
3961 1754
3962 1755
3961 1752
4082 1779
4078 1779
4094 1779
4100 1767
4177 1435
4176 1434
4155 1451
4134 1434
4135 1427
4138 1426
4139 1425
4152 1426
4097 1403
4096 1412
3961 1755
3962 1756
4078 1780
4095 1779
4101 1767
4100 1766
4177 1434
4176 1433
4154 1451
4135 1428
4135 1426
4138 1425
4139 1424
4153 1426
4152 1427
4098 1403
4096 1413
3960 1755
3961 1756
3962 1757
4078 1781
4096 1779
4095 1780
4100 1765
4178 1434
4177 1433
4134 1426
4139 1423
4154 1426
4152 1428
4098 1404
4098 1402
3959 1755
3960 1756
3962 1758
4079 1781
4077 1781
4097 1779
4095 1781
4101 1765
4100 1764
4178 1433
4177 1432
4133 1426
4138 1423
4155 1426
4152 1429
4098 1401
3962 1759
4076 1781
4077 1782
4098 1779
4096 1781
4094 1781
4101 1764
4179 1433
4177 1431
4132 1426
4137 1423
4099 1401
3963 1759
3962 1760
4075 1781
4076 1782
4098 1780
4098 1778
4096 1782
4093 1781
4102 1764
4101 1763
4180 1433
4177 1430
4132 1427
4137 1422
3964 1759
3961 1760
3962 1761
4076 1783
4098 1781
4099 1778
4096 1783
4093 1782
4103 1764
4180 1432
4178 1430
4176 1430
4131 1427
4137 1421
3964 1760
3960 1760
3962 1762
4076 1784
4099 1781
4095 1783
4180 1431
4178 1429
4131 1428
4136 1421
4137 1420
3964 1761
3959 1760
3962 1763
4075 1784
4076 1785
4095 1784
4181 1431
4178 1428
4131 1429
4137 1419
3959 1761
3963 1763
3961 1763
4074 1784
4077 1785
4076 1786
4094 1784
4095 1785
4182 1431
4177 1428
4178 1427
4131 1430
4137 1418
3959 1762
3963 1764
4074 1785
4074 1783
4077 1786
4096 1785
4183 1431
4132 1430
4130 1430
4136 1418
4137 1417
3958 1762
4074 1786
4073 1783
4077 1787
4097 1785
4183 1432
4129 1430
4130 1431
4135 1418
4137 1416
3957 1762
4073 1786
4073 1782
4077 1788
4097 1786
4184 1432
4128 1430
4138 1416
4136 1416
4137 1415
3956 1762
3957 1763
4073 1787
4072 1782
4073 1781
4078 1788
4076 1788
4097 1787
4185 1432
4128 1431
4128 1429
4135 1416
4137 1414
3955 1762
3956 1763
3956 1761
4073 1788
4072 1781
4079 1788
4078 1789
4098 1787
4097 1788
4186 1432
4134 1416
4135 1415
4138 1414
3956 1760
4072 1788
4072 1780
4080 1788
4078 1790
4099 1787
4096 1788
4186 1431
4133 1416
4139 1414
3955 1760
4071 1788
4072 1779
4081 1788
4080 1787
4100 1787
4095 1788
4096 1789
4187 1431
4132 1416
4139 1413
3954 1760
3955 1759
4071 1789
4071 1779
4081 1787
4101 1787
4100 1786
4188 1431
4187 1430
4132 1417
4132 1415
4139 1412
3953 1760
4071 1790
4070 1779
4082 1787
4102 1787
4101 1788
4100 1785
4188 1432
4187 1429
4131 1417
4132 1414
4139 1411
3952 1760
3953 1759
4072 1790
4070 1790
4069 1779
4070 1780
4082 1786
4103 1787
4102 1788
4101 1785
4189 1432
4186 1429
4187 1428
4130 1417
4132 1413
4138 1411
4139 1410
3952 1761
3953 1758
4072 1791
4069 1790
4082 1785
4104 1787
4102 1785
4190 1432
4185 1429
4188 1428
4187 1427
4129 1417
4131 1413
4137 1411
4138 1410
4140 1410
3951 1761
3952 1758
4073 1791
4072 1792
4068 1790
4083 1785
4105 1787
4104 1788
4102 1784
4191 1432
4190 1431
4184 1429
4185 1430
4188 1427
4186 1427
4129 1418
4131 1412
4137 1410
4138 1409
4141 1410
3950 1761
3951 1762
3952 1757
4074 1791
4072 1793
4067 1790
4106 1787
4105 1786
4104 1789
4191 1433
4191 1431
4190 1430
4184 1428
4188 1426
4128 1418
4131 1411
4137 1409
4141 1411
4141 1409
3949 1761
3951 1763
3951 1757
4071 1793
4067 1791
4067 1789
4107 1787
4105 1785
4104 1790
4191 1434
4183 1428
4188 1425
4127 1418
4131 1410
4141 1412
4142 1409
3948 1761
3950 1763
3950 1757
4071 1794
4067 1792
4066 1789
4107 1788
4106 1785
4103 1790
4104 1791
4192 1434
4191 1435
4183 1427
4126 1418
4132 1410
4130 1410
4141 1413
3949 1757
3950 1756
4070 1794
4071 1795
4065 1789
4106 1784
4102 1790
4193 1434
4190 1435
4191 1436
4182 1427
4183 1426
4125 1418
4130 1409
4142 1413
3948 1757
3950 1755
4069 1794
4071 1796
4064 1789
4065 1788
4107 1784
4193 1435
4190 1436
4191 1437
4183 1425
4125 1417
4129 1409
4143 1413
3950 1754
4068 1794
4072 1796
4064 1790
4108 1784
4194 1435
4189 1436
4190 1437
4184 1425
4128 1409
4144 1413
4143 1414
3951 1754
3949 1754
3950 1753
4068 1795
4073 1796
4072 1797
4063 1790
4108 1785
4108 1783
4195 1435
4189 1437
4185 1425
4127 1409
4145 1413
4143 1415
3952 1754
3948 1754
3950 1752
4067 1795
4073 1797
4073 1795
4062 1790
4109 1785
4108 1786
4109 1783
4108 1782
4195 1436
4188 1437
4186 1425
4127 1410
4127 1408
4145 1414
4144 1415
3953 1754
3948 1753
3950 1751
4066 1795
4067 1796
4074 1795
4061 1790
4109 1786
4107 1782
4108 1781
4195 1437
4187 1437
4186 1424
4126 1410
4127 1411
4126 1408
4146 1414
3954 1754
3953 1755
3947 1753
3951 1751
4065 1795
4067 1797
4060 1790
4110 1786
4108 1780
4196 1437
4194 1437
4187 1438
4128 1411
4127 1412
4126 1407
4147 1414
3954 1753
3953 1756
3951 1750
4064 1795
4060 1789
4111 1786
4109 1780
4197 1437
4196 1438
4187 1439
4128 1412
4127 1413
4126 1406
4148 1414
4147 1415
3954 1756
3951 1749
4063 1795
4060 1788
4112 1786
4109 1779
4198 1437
4196 1439
4187 1440
4126 1413
4127 1406
4125 1406
4126 1405
4149 1414
4148 1413
4147 1416
3955 1756
3952 1749
3950 1749
4062 1795
4063 1796
4060 1787
4113 1786
4112 1787
4109 1778
4199 1437
4198 1436
4195 1439
4128 1406
4125 1405
4126 1404
4149 1415
4148 1412
3955 1757
3953 1749
4062 1794
4063 1797
4059 1787
4113 1787
4112 1788
4200 1437
4199 1438
4198 1435
4195 1440
4129 1406
4126 1403
4150 1415
4149 1412
4147 1412
4148 1411
3954 1749
3953 1748
4062 1797
4058 1787
4114 1787
4111 1788
4201 1437
4199 1439
4197 1435
4195 1441
4127 1403
4125 1403
4150 1412
3955 1749
3954 1748
3953 1747
4061 1797
4057 1787
4058 1788
4058 1786
4115 1787
4110 1788
4202 1437
4198 1439
4199 1440
4196 1441
4127 1402
4124 1403
4151 1412
4150 1413
4150 1411
3952 1747
3953 1746
4061 1796
4058 1785
4115 1788
4115 1786
4202 1436
4198 1440
4200 1440
4197 1441
4196 1442
4127 1401
4124 1402
4152 1412
3951 1747
3953 1745
4060 1796
4059 1785
4058 1784
4115 1789
4115 1785
4203 1436
4202 1435
4198 1441
4201 1440
4200 1441
4197 1442
4196 1443
4126 1401
4127 1400
4123 1402
4152 1413
3950 1747
3953 1744
4059 1796
4060 1785
4059 1784
4114 1789
4115 1790
4114 1785
4115 1784
4204 1436
4201 1435
4202 1434
4202 1440
4195 1443
4196 1444
4126 1400
4127 1399
4122 1402
4153 1413
3949 1747
3954 1744
4058 1796
4060 1784
4114 1790
4116 1790
4114 1784
4205 1436
4204 1437
4204 1435
4203 1434
4203 1440
4194 1443
4196 1445
4125 1400
4128 1399
4127 1398
4122 1401
4154 1413
4153 1414
3949 1746
4057 1796
4058 1795
4060 1783
4114 1791
4117 1790
4116 1791
4113 1784
4205 1435
4204 1438
4203 1433
4204 1440
4193 1443
4194 1444
4125 1399
4129 1399
4127 1397
4121 1401
4155 1413
4154 1412
4153 1415
3948 1746
3949 1745
4057 1795
4058 1794
4061 1783
4113 1791
4118 1790
4117 1791
4113 1783
4206 1435
4203 1438
4204 1433
4203 1432
4204 1441
4192 1443
4193 1442
4130 1399
4129 1400
4127 1396
4120 1401
4154 1415
4152 1415
4153 1416
3950 1745
4056 1795
4062 1783
4061 1782
4112 1791
4119 1790
4118 1791
4207 1435
4205 1433
4202 1432
4203 1431
4204 1442
4192 1444
4192 1442
4131 1399
4128 1396
4126 1396
4127 1395
4119 1401
4120 1400
4155 1415
4152 1416
3950 1744
4055 1795
4063 1783
4062 1784
4061 1781
4120 1790
4119 1789
4118 1792
4207 1436
4207 1434
4201 1432
4203 1430
4203 1442
4204 1443
4191 1444
4191 1442
4131 1398
4128 1395
4127 1394
4119 1402
4119 1400
4120 1399
4156 1415
3950 1743
4054 1795
4064 1783
4063 1784
4062 1781
4061 1780
4120 1791
4119 1788
4208 1436
4201 1433
4201 1431
4203 1429
4205 1443
4204 1444
4190 1442
4132 1398
4127 1393
4119 1403
4118 1400
4121 1399
4156 1414
3950 1742
4053 1795
4064 1782
4062 1780
4060 1780
4120 1792
4119 1787
4209 1436
4200 1433
4202 1429
4203 1428
4206 1443
4132 1397
4128 1393
4126 1393
4118 1403
4119 1404
4117 1400
4121 1398
3950 1741
4052 1795
4064 1781
4063 1780
4059 1780
4120 1793
4120 1787
4209 1435
4201 1429
4202 1428
4203 1427
4207 1443
4206 1444
4132 1396
4128 1392
4125 1393
4118 1404
4119 1405
4116 1400
4117 1401
3951 1741
3949 1741
3950 1740
4052 1796
4052 1794
4065 1781
4063 1779
4121 1793
4120 1786
4210 1435
4209 1434
4200 1429
4208 1443
4206 1445
4129 1392
4125 1394
3952 1741
3948 1741
4051 1796
4052 1797
4052 1793
4066 1781
4065 1780
4064 1779
4122 1793
4121 1794
4121 1786
4120 1785
4211 1435
4209 1433
4199 1429
4200 1430
4200 1428
4209 1443
4206 1446
4124 1394
3952 1742
4050 1796
4052 1798
4066 1782
4064 1778
4123 1793
4122 1786
4119 1785
4211 1436
4209 1432
4199 1430
4199 1428
4205 1446
4206 1447
4123 1394
4124 1395
3953 1742
3952 1743
4064 1777
4123 1786
4122 1787
4122 1785
4212 1436
4210 1432
4208 1432
4209 1431
4198 1428
4205 1447
4207 1447
4123 1393
4124 1396
4064 1776
4124 1786
4122 1788
4122 1784
4213 1436
4212 1437
4211 1432
4210 1431
4207 1432
4208 1431
4209 1430
4197 1428
4198 1427
4204 1447
4205 1448
4208 1447
4207 1448
4123 1392
4065 1776
4063 1776
4064 1775
4125 1786
4124 1785
4214 1436
4212 1438
4196 1428
4198 1426
4209 1447
4207 1449
4122 1392
4066 1776
4062 1776
4064 1774
4126 1786
4125 1787
4125 1785
4124 1784
4215 1436
4214 1435
4213 1438
4212 1439
4196 1429
4198 1425
4209 1448
4207 1450
4061 1776
4064 1773
4125 1788
4124 1783
4216 1436
4214 1434
4214 1438
4213 1439
4199 1425
4210 1448
4063 1773
4126 1788
4125 1789
4217 1436
4213 1440
4200 1425
4199 1424
4210 1449
4062 1773
4125 1790
4218 1436
4200 1424
4210 1450
4062 1774
4126 1790
4124 1790
4125 1791
4219 1436
4218 1437
4211 1450
4126 1791
4123 1790
4125 1792
4220 1436
4219 1435
4212 1450
4126 1792
4123 1789
4221 1436
4213 1450
4127 1792
4222 1436
4221 1437
4221 1435
4214 1450
4128 1792
4127 1793
4223 1436
4222 1437
4214 1449
4129 1792
4128 1791
4224 1436
4214 1448
4130 1792
4129 1791
4225 1436
4224 1435
4215 1448
4131 1792
4226 1436
4224 1434
4216 1448
4215 1447
4132 1792
4131 1793
4131 1791
4227 1436
4224 1433
4217 1448
4216 1449
4215 1446
4133 1792
4132 1791
4131 1790
4224 1432
4218 1448
4216 1450
4216 1446
4134 1792
4133 1793
4133 1791
4131 1789
4225 1432
4224 1431
4219 1448
4218 1449
4218 1447
4216 1445
4130 1789
4224 1430
4219 1447
4218 1450
4216 1444
4224 1429
4220 1447
4219 1450
4218 1451
4215 1444
4224 1428
4221 1447
4220 1446
4218 1452
4224 1427
4222 1447
4217 1452
4225 1427
4222 1448
4216 1452
4226 1427
4225 1426
4215 1452
4216 1453
4227 1427
4226 1428
4215 1453
4228 1427
4227 1426
4226 1429
4229 1427
4227 1425
4227 1429
4230 1427
4228 1425
4227 1424
4227 1430
4230 1428
4230 1426
4226 1424
4227 1423
4228 1430
4227 1431
4231 1426
4226 1423
4227 1422
4229 1430
4231 1425
4225 1423
4227 1421
4230 1430
4229 1429
4231 1424
4228 1421
4226 1421
4231 1430
4230 1431
4230 1424
4231 1423
4225 1421
4232 1430
4230 1432
4231 1422
4224 1421
4232 1431
4231 1432
4232 1422
4231 1421
4223 1421
4224 1420
4232 1421
4231 1420
4223 1422
4224 1419
4231 1419
4223 1423
4225 1419
4223 1419
4231 1418
4222 1419
4231 1417
4221 1419
4222 1418
4232 1417
4220 1419
4222 1417
4233 1417
4219 1419
4220 1418
4221 1417
4234 1417
4218 1419
4220 1417
4221 1416
4235 1417
4218 1420
4219 1417
4221 1415
4236 1417
4235 1416
4217 1420
4218 1421
4218 1417
4219 1416
4222 1415
4236 1418
4236 1416
4235 1415
4216 1420
4218 1422
4217 1417
4218 1416
4236 1419
4237 1416
4236 1415
4235 1414
4216 1419
4218 1423
4237 1415
4215 1419
4219 1423
4217 1423
4238 1415
4214 1419
4215 1418
4219 1424
4239 1415
4214 1420
4219 1425
4239 1414
4213 1420
4214 1421
4239 1413
4212 1420
4214 1422
4238 1413
4211 1420
4212 1419
4213 1422
4214 1423
4238 1412
4212 1418
4214 1424
4237 1412
4238 1411
4212 1417
4215 1424
4214 1425
4239 1411
4238 1410
4213 1417
4211 1417
4216 1424
4213 1425
4214 1426
4237 1410
4238 1409
4213 1416
4212 1425
4215 1426
4237 1409
4239 1409
4213 1415
4211 1425
4212 1426
4216 1426
4215 1427
4237 1408
4240 1409
4214 1415
4210 1425
4212 1427
4236 1408
4240 1408
4215 1415
4209 1425
4212 1428
4235 1408
4241 1408
4215 1414
4208 1425
4213 1428
4234 1408
4242 1408
4215 1413
4207 1425
4213 1429
4234 1409
4243 1408
4242 1407
4216 1413
4214 1413
4215 1412
4206 1425
4207 1426
4213 1430
4234 1410
4244 1408
4243 1409
4242 1406
4213 1413
4214 1412
4215 1411
4205 1425
4214 1430
4212 1430
4213 1431
4234 1411
4245 1408
4241 1406
4242 1405
4212 1413
4214 1411
4216 1411
4215 1410
4205 1426
4233 1411
4246 1408
4240 1406
4242 1404
4211 1413
4212 1412
4217 1411
4216 1410
4215 1409
4204 1426
4232 1411
4247 1408
4240 1405
4241 1404
4210 1413
4211 1414
4218 1411
4216 1409
4214 1409
4232 1412
4232 1410
4248 1408
4247 1407
4241 1403
4209 1413
4210 1412
4218 1410
4217 1409
4216 1408
4214 1408
4232 1413
4231 1410
4248 1409
4240 1403
4208 1413
4210 1411
4218 1409
4233 1413
4231 1413
4248 1410
4240 1402
4207 1413
4208 1412
4210 1410
4233 1414
4230 1413
4249 1410
4239 1402
4207 1414
4207 1412
4209 1410
4229 1413
4230 1414
4250 1410
4239 1401
4207 1415
4206 1412
4207 1411
4209 1409
4229 1414
4229 1412
4251 1410
4250 1409
4239 1400
4208 1415
4209 1408
4229 1415
4252 1410
4251 1409
4250 1408
4239 1399
4208 1416
4209 1407
4228 1415
4252 1411
4252 1409
4251 1408
4239 1398
4208 1417
4209 1406
4252 1412
4252 1408
4240 1398
4238 1398
4208 1418
4252 1413
4252 1407
4241 1398
4238 1397
4207 1418
4252 1414
4253 1407
4242 1398
4237 1397
4238 1396
4252 1415
4254 1407
4243 1398
4236 1397
4237 1396
4239 1396
4238 1395
4253 1415
4252 1416
4244 1398
4235 1397
4254 1415
4251 1416
4244 1399
4244 1397
4234 1397
4250 1416
4251 1417
4245 1399
4233 1397
4234 1398
4234 1396
4250 1417
4250 1415
4246 1399
4233 1398
4234 1399
4234 1395
4250 1418
4233 1399
4249 1418
4232 1399
4233 1400
4248 1418
4249 1419
4231 1399
4233 1401
4247 1418
4248 1419
4249 1420
4230 1399
4232 1401
4247 1417
4248 1420
4250 1420
4229 1399
4230 1398
4232 1402
4246 1417
4247 1420
4248 1421
4251 1420
4250 1421
4229 1400
4230 1397
4250 1422
4228 1400
4230 1396
4250 1423
4227 1400
4251 1423
4250 1424
4226 1400
4251 1424
4249 1424
4225 1400
4226 1399
4248 1424
4249 1425
4225 1401
4225 1399
4226 1398
4249 1426
4225 1402
4225 1398
4227 1398
4226 1397
4250 1426
4249 1427
4225 1403
4224 1398
4227 1397
4248 1427
4249 1428
4224 1403
4225 1404
4223 1398
4224 1397
4228 1397
4227 1396
4247 1427
4248 1428
4249 1429
4222 1398
4223 1397
4227 1395
4246 1427
4249 1430
4222 1399
4223 1396
4227 1394
4250 1430
4222 1396
4223 1395
4228 1394
4251 1430
4221 1396
4228 1393
4252 1430
4251 1431
4251 1429
4221 1395
4228 1392
4252 1429
4251 1432
4221 1394
4229 1392
4227 1392
4253 1429
4250 1432
4251 1433
4220 1394
4221 1393
4230 1392
4254 1429
4253 1428
4252 1433
4222 1393
4221 1392
4255 1429
4253 1433
4252 1434
4223 1393
4221 1391
4255 1430
4255 1428
4254 1433
4253 1432
4252 1435
4223 1392
4221 1390
4255 1427
4255 1433
4253 1435
4251 1435
4222 1390
4221 1389
4256 1427
4255 1426
4256 1433
4254 1435
4222 1389
4257 1427
4255 1435
4223 1389
4222 1388
4257 1428
4257 1426
4255 1436
4222 1387
4258 1428
4257 1429
4257 1425
4255 1437
4223 1387
4259 1428
4257 1424
4256 1437
4224 1387
4260 1428
4256 1424
4257 1437
4225 1387
4261 1428
4260 1429
4255 1424
4258 1437
4257 1438
4225 1388
4262 1428
4260 1430
4254 1424
4259 1437
4258 1438
4258 1436
4257 1439
4263 1428
4262 1427
4259 1430
4260 1437
4258 1439
4258 1435
4256 1439
4263 1427
4262 1426
4258 1430
4261 1437
4260 1436
4259 1435
4258 1434
4255 1439
4264 1427
4262 1437
4255 1440
4265 1427
4263 1437
4255 1441
4265 1428
4264 1437
4256 1441
4255 1442
4265 1429
4265 1437
4264 1438
4256 1442
4255 1443
4265 1430
4265 1436
4257 1442
4254 1443
4266 1436
4258 1442
4253 1443
4254 1444
4267 1436
4252 1443
4253 1444
4253 1442
4254 1445
4268 1436
4251 1443
4253 1441
4255 1445
4268 1437
4268 1435
4250 1443
4251 1442
4252 1441
4256 1445
4269 1437
4268 1438
4249 1443
4252 1440
4257 1445
4256 1446
4256 1444
4270 1437
4267 1438
4248 1443
4251 1440
4258 1445
4271 1437
4270 1438
4267 1439
4247 1443
4248 1444
4259 1445
4272 1437
4271 1436
4267 1440
4247 1442
4248 1445
4260 1445
4259 1446
4259 1444
4273 1437
4267 1441
4247 1445
4260 1444
4259 1447
4274 1437
4268 1441
4266 1441
4246 1445
4261 1444
4260 1447
4258 1447
4274 1436
4268 1442
4266 1442
4246 1446
4262 1444
4260 1448
4275 1436
4268 1443
4265 1442
4263 1444
4260 1449
4276 1436
4268 1444
4260 1450
4277 1436
4269 1444
4268 1445
4260 1451
4277 1435
4269 1445
4260 1452
4278 1435
4270 1445
4269 1446
4261 1452
4279 1435
4278 1434
4270 1446
4262 1452
4261 1453
4279 1436
4279 1434
4271 1446
4262 1453
4262 1451
4280 1436
4279 1437
4262 1454
4263 1451
4281 1436
4278 1437
4282 1436
4283 1436
4282 1437
4282 1435
4284 1436
4283 1437
4285 1436
4286 1436
4287 1436
4286 1437
4287 1437
4286 1438
4288 1437
4287 1438
4289 1437
4287 1439
4289 1438
4287 1440
4290 1438
4286 1440
4290 1439
4286 1441
4291 1439
4285 1441
4291 1440
4284 1441
4291 1441
4283 1441
4284 1442
4290 1441
4291 1442
4282 1441
4283 1442
4284 1443
4292 1442
4291 1443
4284 1444
4292 1443
4291 1444
4292 1444
4290 1444
4292 1445
4289 1444
4292 1446
4288 1444
4292 1447
4288 1445
4293 1447
4288 1446
4294 1447
4293 1448
4289 1446
4295 1447
4293 1449
4289 1447
4296 1447
4295 1446
4293 1450
4289 1448
4296 1446
4292 1450
4293 1451
4297 1446
4292 1451
4298 1446
4297 1445
4292 1452
4298 1447
4298 1445
4291 1452
4292 1453
4298 1448
4299 1445
4290 1452
4293 1453
4298 1449
4300 1445
4299 1444
4289 1452
4294 1453
4299 1449
4300 1446
4288 1452
4289 1453
4289 1451
4295 1453
4301 1446
4287 1452
4288 1451
4296 1453
4302 1446
4287 1451
4302 1445
4303 1445
4304 1445
4305 1445
4306 1445
4305 1446
4307 1445
4306 1446
4305 1447
4308 1445
4304 1447
4309 1445
4308 1446
4303 1447
4310 1445
4309 1444
4303 1448
4310 1444
4309 1443
4302 1448
4311 1444
4301 1448
4302 1449
4302 1450
4301 1450
4301 1451
4301 1452
4301 1453
4301 1454
4301 1455
4302 1455
4300 1455
4302 1456
4299 1455
4299 1456
4298 1456
4299 1457
4299 1458
4298 1458
4297 1458
4298 1459
4296 1458
4298 1460
4295 1458
4296 1457
4299 1460
4294 1458
4300 1460
4299 1461
4293 1458
4300 1461
4300 1459
4292 1458
4293 1459
4293 1457
4300 1462
4301 1459
4291 1458
4292 1457
4293 1460
4300 1463
4301 1458
4290 1458
4291 1457
4292 1460
4301 1463
4299 1463
4302 1458
4289 1458
4292 1461
4302 1463
4298 1463
4288 1458
4289 1457
4291 1461
4302 1462
4297 1463
4287 1458
4290 1461
4303 1462
4302 1461
4297 1464
4286 1458
4290 1460
4304 1462
4303 1461
4297 1465
4285 1458
4305 1462
4298 1465
4296 1465
4305 1461
4299 1465
4305 1460
4299 1466
4306 1460
4305 1459
4300 1466
4299 1467
4307 1460
4306 1459
4304 1459
4305 1458
4301 1466
4300 1467
4298 1467
4308 1460
4305 1457
4301 1465
4300 1468
4297 1467
4298 1468
4309 1460
4305 1456
4300 1469
4309 1461
4300 1470
4309 1462
4300 1471
4301 1471
4299 1471
4301 1472
4298 1471
4299 1472
4302 1472
4301 1473
4297 1471
4303 1472
4302 1473
4301 1474
4296 1471
4297 1470
4303 1471
4295 1471
4304 1471
4295 1472
4305 1471
4294 1472
4306 1471
4305 1472
4305 1470
4293 1472
4307 1471
4305 1473
4305 1469
4293 1473
4293 1471
4307 1472
4307 1470
4305 1474
4306 1469
4304 1469
4305 1468
4293 1474
4292 1471
4307 1473
4308 1470
4304 1474
4305 1475
4303 1469
4293 1475
4292 1470
4308 1473
4309 1470
4305 1476
4293 1476
4291 1470
4309 1473
4308 1474
4310 1470
4309 1471
4309 1469
4305 1477
4294 1476
4291 1469
4308 1475
4311 1470
4310 1471
4309 1468
4304 1477
4295 1476
4291 1468
4308 1476
4312 1470
4304 1478
4296 1476
4295 1477
4291 1467
4309 1476
4313 1470
4312 1469
4303 1478
4304 1479
4296 1477
4291 1466
4312 1468
4302 1478
4303 1479
4297 1477
4296 1478
4292 1466
4311 1468
4312 1467
4302 1479
4302 1477
4297 1478
4293 1466
4292 1465
4301 1477
4302 1476
4292 1464
4300 1477
4301 1476
4303 1476
4293 1464
4292 1463
4300 1478
4300 1476
4299 1478
4300 1479
4300 1480
4300 1481
4299 1481
4300 1482
4298 1481
4300 1483
4298 1482
4301 1483
4300 1484
4297 1482
4300 1485
4296 1482
4301 1485
4295 1482
4296 1481
4302 1485
4294 1482
4303 1485
4302 1486
4302 1484
4303 1486
4304 1486
4305 1486
4305 1487
4305 1485
4305 1488
4304 1488
4305 1489
4303 1488
4306 1489
4303 1489
4307 1489
4306 1490
4303 1490
4307 1490
4306 1491
4302 1490
4303 1491
4308 1490
4307 1491
4302 1491
4309 1490
4307 1492
4302 1492
4310 1490
4307 1493
4302 1493
4310 1489
4308 1493
4307 1494
4301 1493
4311 1489
4309 1493
4308 1494
4306 1494
4300 1493
4312 1489
4311 1488
4309 1492
4308 1495
4300 1494
4300 1492
4313 1489
4312 1490
4311 1487
4309 1495
4299 1494
4300 1491
4314 1489
4313 1490
4310 1487
4310 1495
4309 1496
4299 1495
4299 1491
4300 1490
4315 1489
4314 1490
4314 1488
4310 1486
4309 1497
4298 1495
4298 1491
4316 1489
4314 1491
4314 1487
4309 1486
4310 1485
4308 1497
4297 1495
4298 1496
4297 1491
4298 1492
4317 1489
4315 1491
4315 1487
4311 1485
4308 1498
4297 1496
4297 1494
4296 1491
4317 1490
4316 1487
4312 1485
4311 1484
4307 1498
4308 1499
4296 1496
4296 1494
4295 1491
4317 1491
4317 1487
4312 1484
4309 1499
4295 1496
4296 1493
4317 1492
4318 1487
4313 1484
4312 1483
4310 1499
4309 1500
4295 1493
4317 1493
4319 1487
4313 1483
4311 1499
4309 1501
4294 1493
4318 1493
4320 1487
4319 1486
4314 1483
4311 1500
4309 1502
4293 1493
4294 1494
4319 1493
4318 1494
4321 1487
4319 1485
4314 1482
4312 1500
4309 1503
4293 1492
4318 1495
4322 1487
4320 1485
4319 1484
4315 1482
4310 1503
4292 1492
4293 1491
4319 1495
4323 1487
4322 1488
4320 1484
4315 1481
4310 1504
4291 1492
4293 1490
4320 1495
4324 1487
4321 1484
4315 1480
4310 1505
4291 1493
4291 1491
4292 1490
4293 1489
4321 1495
4324 1488
4324 1486
4322 1484
4316 1480
4291 1494
4291 1490
4294 1489
4321 1496
4325 1488
4324 1485
4317 1480
4316 1479
4321 1497
4325 1489
4324 1484
4318 1480
4321 1498
4326 1489
4325 1490
4324 1483
4318 1479
4320 1498
4321 1499
4327 1489
4324 1490
4324 1482
4319 1479
4318 1478
4321 1500
4328 1489
4327 1488
4323 1490
4324 1491
4325 1482
4318 1477
4328 1490
4328 1488
4327 1487
4324 1492
4326 1482
4319 1477
4318 1476
4328 1491
4329 1488
4327 1486
4323 1492
4326 1483
4317 1476
4329 1491
4327 1491
4330 1488
4323 1493
4317 1475
4326 1491
4331 1488
4331 1489
4332 1489
4333 1489
4334 1489
4333 1490
4335 1489
4334 1488
4333 1491
4334 1487
4333 1492
4334 1486
4334 1492
4335 1486
4335 1492
4334 1493
4336 1486
4336 1492
4335 1491
4334 1494
4337 1486
4336 1485
4336 1493
4336 1491
4335 1494
4334 1495
4338 1486
4336 1484
4337 1493
4337 1491
4334 1496
4338 1487
4338 1485
4336 1483
4338 1493
4337 1494
4338 1491
4335 1496
4333 1496
4339 1487
4335 1483
4336 1482
4339 1493
4338 1492
4336 1496
4332 1496
4335 1482
4337 1482
4340 1493
4336 1497
4331 1496
4332 1497
4332 1495
4335 1481
4338 1482
4337 1481
4341 1493
4330 1496
4331 1495
4332 1494
4334 1481
4335 1480
4338 1481
4337 1480
4341 1494
4329 1496
4330 1497
4330 1495
4335 1479
4337 1479
4341 1495
4330 1498
4336 1479
4337 1478
4342 1495
4338 1478
4337 1477
4343 1495
4339 1478
4344 1495
4340 1478
4339 1479
4339 1477
4344 1496
4340 1479
4340 1477
4345 1496
4341 1477
4346 1496
4342 1477
4347 1496
4343 1477
4342 1478
4342 1476
4348 1496
4347 1497
4347 1495
4343 1478
4343 1476
4342 1479
4342 1475
4348 1497
4348 1495
4344 1478
4343 1475
4341 1475
4342 1474
4349 1497
4348 1498
4345 1478
4344 1475
4342 1473
4350 1497
4348 1499
4346 1478
4345 1479
4343 1473
4341 1473
4351 1497
4350 1498
4349 1499
4347 1478
4345 1480
4344 1473
4340 1473
4351 1496
4350 1499
4347 1477
4346 1480
4345 1481
4345 1473
4344 1472
4339 1473
4351 1495
4348 1477
4344 1481
4339 1474
4339 1472
4352 1495
4351 1494
4349 1477
4343 1481
4339 1471
4353 1495
4352 1494
4350 1494
4349 1478
4338 1471
4353 1496
4353 1494
4354 1496
4353 1493
4355 1496
4356 1496
4356 1497
4356 1495
4357 1497
4356 1498
4356 1494
4356 1499
4357 1494
4357 1499
4355 1499
4358 1494
4357 1500
4354 1499
4358 1493
4358 1500
4357 1501
4353 1499
4358 1492
4357 1502
4353 1500
4359 1492
4357 1492
4356 1502
4357 1503
4353 1501
4360 1492
4359 1491
4357 1491
4356 1503
4357 1504
4352 1501
4353 1502
4360 1491
4356 1491
4357 1490
4355 1503
4360 1490
4356 1490
4358 1490
4357 1489
4355 1504
4361 1490
4357 1488
4354 1504
4357 1487
4353 1504
4357 1486
4353 1505
4357 1485
4353 1506
4358 1485
4354 1506
4359 1485
4355 1506
4354 1507
4360 1485
4359 1484
4354 1508
4360 1484
4359 1483
4353 1508
4354 1509
4361 1484
4358 1483
4359 1482
4352 1508
4353 1509
4355 1509
4354 1510
4362 1484
4361 1483
4357 1483
4359 1481
4352 1507
4353 1510
4356 1509
4362 1485
4356 1483
4353 1511
4357 1509
4363 1485
4358 1509
4357 1510
4357 1508
4364 1485
4359 1509
4358 1510
4365 1485
4359 1510
4359 1508
4358 1511
4366 1485
4365 1484
4360 1508
4367 1485
4366 1484
4361 1508
4360 1507
4367 1486
4366 1483
4360 1506
4367 1487
4367 1483
4360 1505
4367 1488
4367 1482
4361 1505
4360 1504
4368 1488
4367 1489
4367 1481
4362 1505
4359 1504
4360 1503
4369 1488
4367 1490
4368 1481
4367 1480
4362 1506
4362 1504
4370 1488
4369 1487
4366 1490
4368 1480
4362 1503
4371 1488
4369 1486
4368 1479
4362 1502
4369 1485
4369 1479
4368 1478
4363 1502
4361 1502
4369 1484
4367 1478
4368 1477
4364 1502
4370 1484
4366 1478
4368 1476
4364 1503
4364 1501
4371 1484
4365 1478
4366 1479
4369 1476
4365 1501
4364 1478
4365 1477
4370 1476
4369 1475
4365 1500
4364 1479
4364 1477
4371 1476
4369 1474
4366 1500
4365 1499
4363 1479
4363 1477
4364 1476
4372 1476
4366 1499
4365 1498
4362 1479
4362 1477
4364 1475
4372 1477
4364 1498
4365 1497
4361 1479
4365 1475
4363 1475
4373 1477
4365 1496
4365 1474
4374 1477
4373 1478
4366 1496
4366 1474
4365 1473
4375 1477
4374 1478
4367 1496
4367 1474
4364 1473
4365 1472
4376 1477
4368 1496
4364 1472
4365 1471
4377 1477
4376 1478
4369 1496
4368 1497
4365 1470
4378 1477
4369 1497
4368 1498
4364 1470
4365 1469
4379 1477
4378 1476
4363 1470
4366 1469
4379 1478
4378 1475
4363 1471
4380 1478
4379 1479
4362 1471
4381 1478
4378 1479
4379 1480
4361 1471
4362 1472
4381 1477
4378 1480
4380 1480
4379 1481
4361 1472
4361 1470
4362 1473
4381 1476
4381 1480
4379 1482
4361 1473
4361 1469
4381 1475
4382 1480
4380 1482
4361 1474
4362 1469
4360 1469
4383 1480
4380 1483
4360 1474
4362 1468
4359 1469
4384 1480
4383 1479
4381 1483
4359 1474
4362 1467
4359 1468
4384 1481
4383 1478
4382 1483
4358 1474
4362 1466
4358 1468
4384 1482
4383 1477
4382 1484
4363 1466
4357 1468
4358 1467
4383 1482
4384 1477
4382 1485
4364 1466
4363 1465
4357 1469
4358 1466
4384 1476
4383 1485
4364 1467
4364 1465
4357 1470
4359 1466
4358 1465
4385 1476
4384 1475
4364 1468
4364 1464
4357 1471
4360 1466
4386 1476
4385 1475
4365 1464
4360 1465
4387 1476
4386 1475
4365 1463
4388 1476
4366 1463
4389 1476
4388 1477
4388 1475
4367 1463
4390 1476
4367 1464
4391 1476
4368 1464
4367 1465
4392 1476
4369 1464
4367 1466
4393 1476
4370 1464
4394 1476
4371 1464
4394 1475
4372 1464
4371 1465
4394 1474
4373 1464
4371 1466
4394 1473
4373 1463
4372 1466
4370 1466
4371 1467
4394 1472
4374 1463
4371 1468
4395 1472
4393 1472
4375 1463
4372 1468
4371 1469
4396 1472
4392 1472
4376 1463
4370 1469
4397 1472
4392 1473
4392 1471
4376 1464
4376 1462
4369 1469
4370 1470
4398 1472
4397 1471
4392 1474
4392 1470
4376 1465
4376 1461
4370 1471
4399 1472
4398 1471
4397 1470
4391 1474
3334 1752
4377 1465
4375 1465
4377 1461
4376 1460
4371 1471
4399 1471
4398 1470
4390 1474
3268 1733
3269 1731
4376 1459
4372 1471
4400 1471
4399 1470
3269 1733
3269 1732
4377 1459
4373 1471
4401 1471
3271 1731
3270 1732
3272 1736
4378 1459
4374 1471
4373 1470
4402 1471
4401 1470
3271 1732
4379 1459
4375 1471
4374 1472
4403 1471
4401 1469
3272 1735
4380 1459
4404 1471
4403 1472
4402 1469
4401 1468
4381 1459
4380 1458
4404 1472
4403 1473
4403 1469
4401 1467
4382 1459
4380 1457
4405 1472
4404 1473
4403 1474
4404 1469
4402 1467
4401 1466
4383 1459
4382 1458
4379 1457
4406 1472
4402 1474
4403 1475
4401 1465
4384 1459
4382 1457
4404 1475
4400 1465
4385 1459
4384 1460
4384 1458
4382 1456
4404 1476
4399 1465
4400 1464
4385 1460
4383 1456
4382 1455
4400 1463
4386 1460
4384 1456
4382 1454
4401 1463
4399 1463
4400 1462
4387 1460
4385 1456
4381 1454
4398 1463
4388 1460
4387 1461
4387 1459
4385 1455
4398 1464
4389 1460
4387 1462
4387 1458
4397 1464
4390 1460
4389 1461
4388 1462
4387 1457
4396 1464
4397 1465
4391 1460
4390 1461
4388 1457
4395 1464
4397 1466
4390 1462
4389 1457
4388 1456
4395 1463
4397 1467
4391 1462
4390 1463
4388 1455
4395 1462
4398 1467
4389 1455
4388 1454
4396 1462
4390 1455
4388 1453
4391 1455
4389 1453
4388 1452
4392 1455
4388 1451
4392 1456
4389 1451
4392 1457
4389 1450
4389 1449
4390 1449
4388 1449
4391 1449
4390 1448
4388 1448
4392 1449
4387 1448
4393 1449
4392 1448
4386 1448
4394 1449
4393 1448
4385 1448
4395 1449
4395 1448
4395 1447
4395 1446
4396 1446
4397 1446
4398 1446
4397 1445
4399 1446
4398 1445
4397 1444
4400 1446
4397 1443
4401 1446
4400 1447
4400 1448
4401 1448
4399 1448
4401 1449
4398 1448
4401 1450
4402 1450
4401 1451
4403 1450
4400 1451
4403 1449
4399 1451
4400 1452
4399 1452
4399 1450
4399 1453
4398 1453
4397 1453
4396 1453
4395 1453
4394 1453
4393 1453
4394 1454
4393 1454
4394 1455
4395 1455
4395 1456
4395 1457
4395 1458
4396 1458
4397 1458
4398 1458
4397 1459
4399 1458
4400 1458
4401 1458
4402 1458
4401 1459
4401 1457
4402 1459
4402 1457
4402 1460
4403 1457
4402 1456
4403 1460
4404 1457
4403 1456
4402 1455
4404 1458
4403 1455
4401 1455
4402 1454
4404 1455
4400 1455
4401 1454
4402 1453
4405 1455
4403 1453
4406 1455
4405 1454
4404 1453
4406 1454
4405 1453
4407 1454
4408 1454
4408 1455
4408 1453
4408 1456
4409 1453
4408 1452
4408 1457
4409 1452
4408 1451
4409 1457
4408 1450
4410 1457
4409 1458
4409 1450
4407 1450
4411 1457
4410 1458
4410 1456
4410 1450
4406 1450
4410 1459
4411 1450
4406 1449
4411 1459
4412 1450
4411 1449
4406 1448
4412 1459
4413 1450
4411 1448
4406 1447
4413 1459
4412 1460
4413 1451
4406 1446
4414 1459
4413 1460
4414 1451
4413 1452
4405 1446
4406 1445
4414 1458
4413 1461
4414 1452
4404 1446
4406 1444
4413 1462
4415 1452
4403 1446
4404 1447
4413 1463
4415 1453
4414 1463
4415 1463
4414 1464
4416 1463
4414 1465
4416 1464
4416 1462
4416 1465
4417 1462
4417 1465
4418 1462
4418 1463
4419 1463
4420 1463
4421 1463
4421 1462
4422 1462
4421 1461
4423 1462
4420 1461
4421 1460
4424 1462
4422 1460
4425 1462
4424 1463
4423 1460
4422 1459
4425 1461
4424 1464
4423 1459
4423 1464
4423 1458
4423 1465
4424 1458
4423 1457
4425 1458
4423 1456
4423 1455
4423 1454
4424 1454
4425 1454
4426 1454
4426 1455
4426 1453
4426 1452
4426 1451
4426 1450
4427 1450
4425 1450
4428 1450
4425 1449
4429 1450
4425 1448
4430 1450
4426 1448
4424 1448
4431 1450
4430 1449
4427 1448
4423 1448
4424 1447
4432 1450
4430 1448
4427 1447
4422 1448
4423 1447
4433 1450
4429 1448
4430 1447
4421 1448
4423 1446
4434 1450
4433 1451
4433 1449
4430 1446
4422 1446
4423 1445
4435 1450
4434 1451
4429 1446
4421 1446
4422 1445
4424 1445
4436 1450
4435 1451
4428 1446
4420 1446
4422 1444
4425 1445
4424 1444
4437 1450
4436 1449
4435 1452
4420 1447
4420 1445
4422 1443
4425 1446
4424 1443
4438 1450
4435 1453
4419 1445
4422 1442
4425 1443
4439 1450
4435 1454
4419 1444
4426 1443
4439 1449
4419 1443
4427 1443
4426 1444
4426 1442
4439 1448
4418 1443
4428 1443
4426 1441
4440 1448
4438 1448
4418 1442
4429 1443
4425 1441
4426 1440
4441 1448
4438 1447
4417 1442
4430 1443
4429 1442
4425 1440
4426 1439
4442 1448
4441 1447
4416 1442
4426 1438
4443 1448
4442 1447
4415 1442
4416 1441
4425 1438
4426 1437
4444 1448
4442 1446
4414 1442
4415 1443
4416 1440
4425 1437
4427 1437
4426 1436
4445 1448
4444 1449
4413 1442
4415 1444
4416 1439
4428 1437
4426 1435
4445 1447
4444 1450
4416 1444
4414 1444
4417 1439
4415 1439
4429 1437
4426 1434
4446 1447
4445 1446
4444 1451
4413 1444
4414 1439
4430 1437
4429 1436
4427 1434
4426 1433
4445 1445
4445 1451
4443 1451
4413 1445
4413 1439
4414 1440
4431 1437
4429 1435
4426 1432
4445 1444
4442 1451
4443 1452
4413 1446
4412 1439
4413 1440
4432 1437
4426 1431
4445 1443
4441 1451
4442 1452
4443 1453
4412 1446
4413 1447
4411 1439
4412 1440
4433 1437
4427 1431
4426 1430
4446 1443
4444 1443
4445 1442
4442 1453
4444 1453
4410 1439
4427 1430
4425 1430
4447 1443
4446 1442
4443 1443
4445 1441
4410 1438
4424 1430
4448 1443
4447 1442
4443 1442
4445 1440
4410 1437
4424 1431
4448 1444
4448 1442
4444 1440
4409 1437
4410 1436
4423 1431
4424 1432
4448 1445
4444 1439
4409 1436
4411 1436
4449 1445
4444 1438
4411 1435
4450 1445
4444 1437
4411 1434
4445 1437
4444 1436
4411 1433
4444 1435
4411 1432
4443 1435
4411 1431
4442 1435
4443 1434
4412 1431
4410 1431
4411 1430
4443 1433
4413 1431
4411 1429
4444 1433
4414 1431
4413 1432
4413 1430
4410 1429
4411 1428
4445 1433
4444 1432
4415 1431
4414 1432
4413 1429
4409 1429
4411 1427
4446 1433
4445 1432
4415 1432
4414 1433
4409 1428
4412 1427
4445 1431
4415 1433
4409 1427
4412 1426
4446 1431
4445 1430
4409 1426
4412 1425
4447 1431
4444 1430
4409 1425
4413 1425
4412 1424
4448 1431
4410 1425
4408 1425
4409 1424
4413 1424
4449 1431
4448 1432
4407 1425
4414 1424
4449 1432
4449 1430
4406 1425
4414 1423
4450 1430
4449 1429
4405 1425
4406 1426
4406 1424
4415 1423
4414 1422
4451 1430
4449 1428
4404 1425
4406 1427
4406 1423
4414 1421
4451 1429
4448 1428
4449 1427
4403 1425
4404 1426
4407 1427
4407 1423
4415 1421
4414 1420
4452 1429
4447 1428
4449 1426
4402 1425
4403 1424
4404 1427
4407 1422
4416 1421
4453 1429
4447 1427
4401 1425
4402 1424
4407 1421
4416 1420
4454 1429
4453 1428
4400 1425
4406 1421
4417 1420
4455 1429
4400 1426
4405 1421
4418 1420
4456 1429
4400 1427
4405 1420
4418 1419
4457 1429
4400 1428
4405 1419
4419 1419
4418 1418
4458 1429
4457 1428
4400 1429
4418 1417
4459 1429
4457 1427
4401 1429
4399 1429
4400 1430
4419 1417
4418 1416
4459 1428
4458 1427
4456 1427
4402 1429
4398 1429
4420 1417
4417 1416
4460 1428
4459 1427
4398 1430
4417 1415
4461 1428
4397 1430
4417 1414
4461 1429
4461 1427
4396 1430
4417 1413
4461 1430
4461 1426
4418 1413
4417 1412
4461 1431
4462 1426
4461 1425
4418 1412
4416 1412
4461 1432
4461 1424
4419 1412
4418 1411
4416 1411
4462 1432
4460 1432
4462 1424
4418 1410
4463 1432
4460 1433
4462 1423
4419 1410
4418 1409
4464 1432
4459 1433
4463 1423
4462 1422
4420 1410
4418 1408
4464 1433
4458 1433
4459 1434
4461 1422
4462 1421
4420 1411
4419 1408
4418 1407
4465 1433
4464 1434
4459 1435
4462 1420
4421 1411
4417 1407
4464 1435
4460 1435
4461 1420
4417 1406
4464 1436
4460 1420
4461 1419
4417 1405
4465 1436
4464 1437
4461 1418
4417 1404
4464 1438
4462 1418
4460 1418
4418 1404
4416 1404
4465 1438
4463 1438
4463 1418
4459 1418
4460 1417
4419 1404
4418 1403
4415 1404
4416 1403
4465 1439
4463 1417
4460 1416
4419 1403
4414 1404
4465 1440
4463 1416
4420 1403
4419 1402
4414 1405
4464 1440
4465 1441
4462 1416
4463 1415
4421 1403
4420 1402
4466 1441
4465 1442
4462 1415
4464 1415
4420 1401
4464 1442
4461 1415
4462 1414
4465 1415
4464 1414
4420 1400
4463 1442
4461 1414
4462 1413
4466 1415
4465 1414
4419 1400
4420 1399
4463 1443
4463 1441
4460 1414
4463 1413
4467 1415
4465 1413
4418 1400
4421 1399
4463 1444
4459 1414
4460 1413
4465 1412
4417 1400
4421 1398
4463 1445
4459 1413
4466 1412
4464 1412
4416 1400
4421 1397
4464 1445
4462 1445
4467 1412
4464 1411
4416 1399
4422 1397
4420 1397
4421 1396
4461 1445
4462 1446
4468 1412
4464 1410
4415 1399
4423 1397
4420 1396
4460 1445
4469 1412
4468 1413
4468 1411
4464 1409
4414 1399
4415 1398
4423 1398
4423 1396
4420 1395
4460 1446
4460 1444
4470 1412
4468 1414
4468 1410
4464 1408
4414 1400
4414 1398
4423 1399
4420 1394
4460 1447
4460 1443
4470 1411
4467 1410
4465 1408
4464 1407
4414 1401
4414 1397
4424 1399
4423 1400
4419 1394
4461 1447
4460 1448
4459 1443
4467 1409
4463 1407
4415 1401
4413 1401
4414 1396
4425 1399
4418 1394
4461 1448
4460 1449
4462 1407
4412 1401
4413 1396
4418 1393
4460 1450
4462 1408
4462 1406
4411 1401
4412 1400
4417 1393
4418 1392
4459 1450
4460 1451
4462 1405
4410 1401
4416 1393
4419 1392
4418 1391
4458 1450
4461 1451
4462 1404
4410 1402
4410 1400
4416 1392
4420 1392
4418 1390
4457 1450
4462 1451
4463 1404
4461 1404
4410 1403
4410 1399
4416 1391
4421 1392
4418 1389
4456 1450
4457 1451
4462 1452
4463 1403
4409 1403
4410 1404
4409 1399
4415 1391
4421 1391
4417 1389
4455 1450
4456 1449
4462 1453
4463 1402
4408 1403
4408 1399
4422 1391
4416 1389
4455 1451
4455 1449
4462 1454
4463 1401
4407 1403
4408 1400
4408 1398
4455 1452
4454 1449
4463 1454
4462 1455
4464 1401
4462 1401
4406 1403
4407 1404
4408 1401
4408 1397
4456 1452
4454 1452
4453 1449
4463 1455
4461 1455
4462 1456
4465 1401
4462 1400
4405 1403
4406 1404
4406 1402
4407 1405
4453 1452
4463 1456
4460 1455
4461 1456
4461 1400
4404 1403
4452 1452
4464 1456
4460 1456
4461 1399
4403 1403
4465 1456
4464 1457
4459 1456
4460 1457
4461 1398
4402 1403
4403 1402
4466 1456
4461 1397
4401 1403
4403 1401
4466 1457
4466 1455
4462 1397
4461 1396
4400 1403
4401 1404
4403 1400
4467 1457
4466 1458
4463 1397
4460 1396
4461 1395
4399 1403
4402 1400
4468 1457
4466 1459
4464 1397
4401 1400
4469 1457
4468 1458
4466 1460
4465 1397
4401 1401
4468 1459
4467 1460
4465 1460
4465 1398
4465 1396
4400 1401
4465 1461
4466 1398
4465 1395
4399 1401
4464 1461
4466 1399
4466 1395
4398 1401
4464 1462
4467 1399
4466 1394
4397 1401
4398 1400
4463 1462
4468 1399
4467 1394
4396 1401
4397 1402
4398 1399
4462 1462
4468 1400
4467 1393
4395 1401
4396 1402
4396 1400
4399 1399
4398 1398
4468 1393
4395 1402
4396 1399
4400 1399
4398 1397
4468 1392
4394 1402
4395 1399
4396 1398
4399 1397
4468 1391
4394 1403
4395 1398
4400 1397
4468 1390
4394 1404
4394 1398
4395 1397
4469 1390
4467 1390
4395 1404
4394 1405
4393 1398
4395 1396
4470 1390
4467 1389
4396 1404
4393 1405
4394 1406
4392 1398
4393 1399
4394 1396
4471 1390
4466 1389
4467 1388
4392 1405
4394 1407
4391 1398
4471 1389
4467 1387
4395 1407
4394 1408
4391 1399
4391 1397
4472 1389
4471 1388
4466 1387
4467 1386
4394 1409
4391 1400
4390 1397
4473 1389
4471 1387
4467 1385
4394 1410
4389 1397
4390 1396
4474 1389
4471 1386
4468 1385
4467 1384
4395 1410
4393 1410
4388 1397
4390 1395
4475 1389
4469 1385
4467 1383
4396 1410
4391 1395
4476 1389
4475 1390
4475 1388
4469 1386
4467 1382
4396 1411
4392 1395
4476 1390
4476 1388
4475 1391
4467 1381
4397 1411
4396 1412
4393 1395
4392 1394
4476 1387
4475 1392
4468 1381
4466 1381
4396 1413
4392 1393
4477 1387
4476 1386
4469 1381
4465 1381
4466 1380
4397 1413
4395 1413
4396 1414
4392 1392
4478 1387
4477 1386
4470 1381
4469 1382
4465 1380
4398 1413
4394 1413
4396 1415
4391 1392
4392 1391
4479 1387
4470 1380
4464 1380
4398 1412
4393 1413
4394 1414
4396 1416
4390 1392
4393 1391
4480 1387
4464 1379
4392 1413
4397 1416
4393 1390
4481 1387
4463 1379
4398 1416
4394 1390
4393 1389
4481 1388
4462 1379
4398 1417
4395 1390
4393 1388
4482 1388
4461 1379
4462 1378
4398 1418
4396 1390
4392 1388
4393 1387
4483 1388
4462 1377
4399 1418
4397 1418
4398 1419
4397 1390
4396 1389
4391 1388
4484 1388
4483 1387
4462 1376
4399 1419
4396 1418
4398 1390
4397 1389
4396 1388
4390 1388
4391 1389
4391 1387
4483 1386
4463 1376
4461 1376
4400 1419
4395 1418
4398 1391
4389 1388
4391 1386
4482 1386
4483 1385
4460 1376
4401 1419
4395 1419
4398 1392
4388 1388
4389 1389
4390 1386
4391 1385
4484 1385
4459 1376
4460 1377
4460 1375
4402 1419
4401 1420
4395 1420
4399 1392
4398 1393
4387 1388
4389 1390
4390 1385
4485 1385
4484 1384
4460 1374
4401 1421
4394 1420
4395 1421
4400 1392
4398 1394
4389 1391
4389 1385
4390 1384
4486 1385
4461 1374
4459 1374
4460 1373
4393 1420
4397 1394
4398 1395
4388 1391
4388 1385
4390 1383
4487 1385
4461 1373
4458 1374
4460 1372
4392 1420
4393 1421
4393 1419
4387 1385
4388 1384
4391 1383
4488 1385
4462 1373
4457 1374
4459 1372
4391 1420
4392 1421
4393 1422
4393 1418
4387 1386
4387 1384
4388 1383
4391 1382
4489 1385
4488 1384
4462 1372
4457 1375
4459 1371
4390 1420
4393 1423
4392 1418
4393 1417
4386 1386
4388 1382
4490 1385
4463 1372
4457 1376
4459 1370
4389 1420
4390 1421
4394 1423
4392 1423
4385 1386
4388 1381
4491 1385
4459 1369
4389 1419
4390 1422
4391 1423
4384 1386
4385 1387
4389 1381
4388 1380
4492 1385
4460 1369
4459 1368
4389 1422
4390 1423
4391 1424
4383 1386
4389 1380
4388 1379
4493 1385
4492 1386
4458 1368
4388 1422
4389 1423
4382 1386
4387 1379
4494 1385
4492 1387
4457 1368
4388 1423
4381 1386
4386 1379
4387 1378
4495 1385
4492 1388
4387 1423
4381 1387
4381 1385
4385 1379
4387 1377
4495 1386
4495 1384
4386 1423
4380 1387
4381 1388
4380 1385
4384 1379
4387 1376
4495 1387
4496 1384
4385 1423
4386 1422
4379 1387
4382 1388
4381 1389
4379 1385
4383 1379
4387 1375
4496 1387
4497 1384
4385 1424
4378 1387
4383 1388
4380 1389
4379 1384
4383 1380
4388 1375
4386 1375
4387 1374
4497 1387
4498 1384
4385 1425
4377 1387
4378 1388
4383 1389
4380 1390
4378 1384
4379 1383
4383 1381
4385 1375
4498 1387
4497 1388
4499 1384
4385 1426
4377 1388
4377 1386
4380 1391
4382 1381
4384 1375
4385 1376
4385 1374
4498 1388
4497 1389
4500 1384
4499 1385
4499 1383
4386 1426
4384 1426
4377 1389
4376 1386
4381 1391
4379 1391
4383 1375
4384 1376
4384 1374
4498 1389
4497 1390
4500 1383
4499 1386
4376 1385
4381 1392
4382 1375
4383 1374
4384 1373
4497 1391
4501 1383
4376 1384
4381 1393
4381 1375
4383 1373
4384 1372
4497 1392
4501 1382
4375 1384
4382 1393
4380 1393
4381 1374
4383 1372
4385 1372
4384 1371
4498 1392
4502 1382
4375 1383
4380 1394
4380 1374
4382 1372
4385 1371
4498 1393
4502 1381
4374 1383
4375 1382
4380 1395
4380 1373
4382 1371
4385 1370
4498 1394
4502 1380
4373 1383
4376 1382
4380 1396
4379 1373
4386 1370
4499 1394
4497 1394
4503 1380
4373 1384
4376 1381
4379 1396
4380 1397
4378 1373
4387 1370
4500 1394
4504 1380
4503 1379
4372 1384
4377 1381
4379 1397
4378 1374
4378 1372
4387 1371
4387 1369
4501 1394
4500 1393
4505 1380
4504 1379
4503 1378
4371 1384
4378 1381
4377 1380
4378 1397
4388 1369
4387 1368
4502 1394
4501 1393
4506 1380
4504 1378
4502 1378
4370 1384
4371 1385
4379 1381
4377 1379
4377 1397
4389 1369
4388 1368
4387 1367
4502 1395
4501 1392
4506 1379
4505 1378
4501 1378
4370 1385
4370 1383
4371 1386
4379 1380
4376 1397
4390 1369
4387 1366
4503 1395
4507 1379
4501 1377
4369 1385
4369 1383
4370 1382
4371 1387
4379 1379
4376 1398
4390 1370
4504 1395
4508 1379
4500 1377
4501 1376
4368 1385
4368 1383
4370 1381
4370 1387
4380 1379
4376 1399
4391 1370
4390 1371
4505 1395
4509 1379
4499 1377
4502 1376
4368 1386
4371 1381
4369 1381
4381 1379
4377 1399
4376 1400
4392 1370
4506 1395
4505 1394
4509 1378
4498 1377
4503 1376
4367 1386
4372 1381
4369 1380
4381 1380
4381 1378
4378 1399
4375 1400
4392 1371
4392 1369
4507 1395
4510 1378
4498 1378
4498 1376
4504 1376
4503 1375
4367 1387
4373 1381
4368 1380
4381 1377
4374 1400
4375 1401
4393 1371
4392 1372
4393 1369
4508 1395
4507 1396
4507 1394
4511 1378
4510 1377
4497 1378
4498 1379
4498 1375
4505 1376
4367 1388
4367 1380
4380 1377
4374 1399
4375 1402
4394 1371
4392 1373
4509 1395
4507 1397
4512 1378
4511 1379
4496 1378
4499 1375
4497 1375
4505 1375
4366 1388
4367 1389
4367 1381
4376 1402
4374 1402
4393 1373
4392 1374
4510 1395
4507 1398
4511 1380
4496 1379
4496 1375
4365 1388
4368 1389
4367 1390
4366 1381
4376 1403
4373 1402
4393 1374
4392 1375
4511 1395
4510 1396
4510 1394
4506 1398
4507 1399
4511 1381
4496 1380
4495 1375
4496 1374
4365 1389
4365 1381
4366 1382
4377 1403
4376 1404
4372 1402
4373 1403
4393 1375
4511 1396
4510 1393
4505 1398
4508 1399
4507 1400
4512 1381
4497 1380
4495 1376
4495 1374
4364 1389
4364 1381
4365 1382
4365 1380
4378 1403
4376 1405
4371 1402
4373 1404
4394 1375
4512 1396
4511 1397
4504 1398
4505 1397
4509 1399
4507 1401
4512 1382
4495 1377
4494 1374
4495 1373
4363 1389
4363 1381
4365 1383
4365 1379
4378 1404
4378 1402
4375 1405
4370 1402
4395 1375
4513 1396
4508 1401
4506 1401
4513 1382
4494 1377
4493 1374
4495 1372
4362 1389
4362 1381
4364 1383
4365 1384
4364 1379
4379 1404
4378 1401
4370 1401
4396 1375
4395 1376
4513 1397
4513 1395
4509 1401
4505 1401
4514 1382
4493 1377
4494 1378
4492 1374
4362 1390
4362 1388
4361 1381
4362 1380
4363 1383
4365 1385
4363 1379
4380 1404
4370 1400
4397 1375
4396 1376
4514 1397
4513 1394
4510 1401
4509 1402
4515 1382
4514 1383
4514 1381
4492 1377
4494 1379
4491 1374
4362 1391
4362 1387
4360 1381
4361 1382
4363 1384
4365 1386
4363 1378
4380 1405
4369 1400
4370 1399
4398 1375
4396 1377
4515 1397
4514 1398
4514 1394
4511 1401
4516 1382
4491 1377
4492 1378
4490 1374
4491 1373
4363 1391
4361 1391
4362 1392
4362 1386
4359 1381
4368 1400
4370 1398
4399 1375
4398 1374
4397 1377
4516 1397
4515 1398
4514 1393
4511 1400
4516 1381
4490 1377
4491 1376
4492 1379
4489 1374
4363 1392
4361 1392
4363 1386
4361 1386
4359 1380
4367 1400
4368 1401
4370 1397
4400 1375
4399 1376
4397 1378
4517 1397
4515 1399
4515 1393
4511 1399
4516 1380
4490 1378
4488 1374
4489 1375
4364 1392
4363 1393
4361 1393
4360 1386
4361 1385
4359 1379
4367 1401
4371 1397
4401 1375
4397 1379
4517 1398
4515 1400
4516 1393
4517 1380
4515 1380
4516 1379
4487 1374
4365 1392
4360 1393
4361 1394
4359 1386
4358 1379
4359 1378
4367 1402
4371 1396
4401 1376
4398 1379
4518 1398
4515 1401
4516 1392
4518 1380
4487 1375
4487 1373
4359 1393
4358 1386
4359 1387
4358 1378
4360 1378
4401 1377
4398 1380
4515 1402
4519 1380
4487 1376
4359 1394
4357 1386
4358 1377
4361 1378
4402 1377
4398 1381
4519 1381
4358 1394
4356 1386
4357 1387
4361 1379
4361 1377
4403 1377
4402 1378
4399 1381
4520 1381
4356 1385
4361 1376
4403 1378
4403 1376
4400 1381
4520 1382
4355 1385
4356 1384
4361 1375
4403 1379
4400 1382
4520 1383
4356 1383
4361 1374
4400 1383
4520 1384
4356 1382
4361 1373
4401 1383
4521 1384
4519 1384
4355 1382
4356 1381
4362 1373
4361 1372
4402 1383
4401 1384
4521 1385
4354 1382
4363 1373
4360 1372
4521 1386
4354 1383
4354 1381
4364 1373
4360 1371
4522 1386
4520 1386
4353 1383
4365 1373
4364 1374
4359 1371
4523 1386
4519 1386
4520 1387
4353 1384
4366 1373
4359 1370
4524 1386
4523 1387
4520 1388
4366 1374
4359 1369
4525 1386
4524 1385
4520 1389
4366 1375
4360 1369
4358 1369
4359 1368
4526 1386
4521 1389
4520 1390
4367 1375
4365 1375
4361 1369
4360 1368
4527 1386
4526 1385
4520 1391
4368 1375
4362 1369
4361 1368
4360 1367
4527 1387
4526 1384
4521 1391
4520 1392
4369 1375
4363 1369
4360 1366
4527 1388
4526 1383
4521 1392
4370 1375
4364 1369
4363 1370
4361 1366
4360 1365
4527 1389
4527 1383
4370 1376
4365 1369
4364 1368
4362 1366
4359 1365
4527 1390
4371 1376
4365 1368
4362 1367
4358 1365
4528 1390
4372 1376
4365 1367
4357 1365
4358 1364
4529 1390
4366 1367
4358 1363
4530 1390
4529 1391
4366 1366
4357 1363
4531 1390
4529 1392
4366 1365
4357 1362
4532 1390
4529 1393
4367 1365
4365 1365
4357 1361
4533 1390
4532 1389
4529 1394
4368 1365
4365 1364
4357 1360
4532 1388
4528 1394
4529 1395
4368 1364
4364 1364
4365 1363
4356 1360
4533 1388
4527 1394
4530 1395
4369 1364
4364 1363
4366 1363
4355 1360
4356 1359
4534 1388
4533 1387
4526 1394
4531 1395
4370 1364
4354 1360
4356 1358
4535 1388
4534 1387
4533 1386
4526 1395
4526 1393
4532 1395
4370 1365
4370 1363
4354 1361
4354 1359
4357 1358
4356 1357
4533 1385
4525 1395
4371 1365
4370 1362
4353 1361
4354 1358
4358 1358
4357 1357
4355 1357
4534 1385
4532 1385
4533 1384
4525 1396
4370 1361
4353 1362
4359 1358
4531 1385
4533 1383
4524 1396
4525 1397
4369 1361
4353 1363
4360 1358
4531 1384
4534 1383
4523 1396
4525 1398
4369 1360
4352 1363
4353 1364
4361 1358
4360 1359
4360 1357
4530 1384
4534 1382
4525 1399
4369 1359
4351 1363
4354 1364
4353 1365
4361 1357
4360 1360
4530 1383
4535 1382
4534 1381
4525 1400
4370 1359
4369 1358
4350 1363
4352 1365
4353 1366
4361 1360
4359 1360
4530 1382
4536 1382
4535 1381
4533 1381
4534 1380
4525 1401
4371 1359
4369 1357
4349 1363
4352 1366
4362 1360
4537 1382
4536 1381
4532 1381
4534 1379
4526 1401
4372 1359
4369 1356
4349 1362
4352 1367
4538 1382
4537 1383
4533 1379
4534 1378
4527 1401
4368 1356
4348 1362
4351 1367
4352 1368
4537 1384
4534 1377
4528 1401
4527 1402
4367 1356
4347 1362
4350 1367
4351 1368
4353 1368
4537 1385
4529 1401
4527 1403
4366 1356
4367 1355
4346 1362
4347 1363
4350 1366
4537 1386
4530 1401
4528 1403
4365 1356
4367 1354
4345 1362
4347 1364
4530 1400
4528 1404
4364 1356
4365 1357
4365 1355
4367 1353
4344 1362
4345 1363
4347 1365
4530 1399
4528 1405
4365 1358
4365 1354
4344 1361
4348 1365
4528 1406
4365 1359
4365 1353
4344 1360
4349 1365
4528 1407
4364 1353
4343 1360
4529 1407
4528 1408
4363 1353
4364 1352
4342 1360
4530 1407
4528 1409
4364 1351
4341 1360
4531 1407
4528 1410
4365 1351
4341 1361
4532 1407
4531 1406
4527 1410
4528 1411
4366 1351
4365 1350
4341 1362
4533 1407
4531 1405
4526 1410
4527 1411
4366 1350
4340 1362
4533 1406
4525 1410
4366 1349
4340 1363
4534 1406
4533 1405
4524 1410
4525 1409
4367 1349
4340 1364
4535 1406
4523 1410
4367 1348
4341 1364
4339 1364
4536 1406
4522 1410
4523 1411
4367 1347
4338 1364
4537 1406
4521 1410
4522 1411
4368 1347
4338 1365
4338 1363
4538 1406
4520 1410
4522 1412
4368 1346
4337 1365
4338 1366
4539 1406
4520 1411
4520 1409
4522 1413
4369 1346
4368 1345
4336 1365
4338 1367
4540 1406
4519 1411
4520 1412
4519 1409
4370 1346
4367 1345
4336 1364
4337 1367
4338 1368
4541 1406
4540 1407
4518 1411
4520 1413
4519 1408
4371 1346
4366 1345
4336 1363
4339 1368
4338 1369
4542 1406
4541 1407
4541 1405
4540 1408
4517 1411
4518 1410
4519 1407
4371 1347
4371 1345
4365 1345
4335 1363
4336 1362
4339 1369
4337 1369
4542 1407
4541 1404
4540 1409
4517 1412
4517 1410
4519 1406
4372 1347
4371 1348
4371 1344
4364 1345
4334 1363
4337 1362
4339 1370
4336 1369
4337 1370
4543 1407
4541 1403
4539 1409
4517 1413
4516 1410
4520 1406
4518 1406
4373 1347
4370 1348
4371 1343
4363 1345
4364 1346
4333 1363
4335 1369
4337 1371
4544 1407
4543 1408
4542 1403
4541 1402
4539 1410
4518 1413
4516 1413
4517 1414
4515 1410
4520 1405
4517 1406
4373 1348
4373 1346
4370 1343
4371 1342
4362 1345
4333 1362
4334 1369
4336 1371
4545 1407
4543 1403
4541 1401
4539 1411
4515 1413
4517 1415
4515 1409
4521 1405
4520 1404
4517 1405
4373 1349
4369 1343
4371 1341
4361 1345
4332 1362
4335 1371
4544 1403
4543 1404
4541 1400
4539 1412
4514 1413
4517 1416
4514 1409
4515 1408
4516 1405
4374 1349
4373 1350
4372 1341
4371 1340
4361 1346
4331 1362
4334 1371
4545 1403
4544 1402
4540 1400
4540 1412
4538 1412
4513 1413
4516 1416
4517 1417
4513 1409
4515 1405
4375 1349
4374 1350
4373 1351
4373 1341
4331 1363
4334 1372
4546 1403
4540 1399
4541 1412
4540 1413
4537 1412
4513 1412
4515 1416
4518 1417
4512 1409
4514 1405
4376 1349
4375 1350
4372 1351
4373 1352
4374 1341
4373 1342
4331 1364
4547 1403
4542 1412
4512 1412
4514 1416
4518 1418
4376 1348
4372 1352
4374 1340
4373 1343
4332 1364
4330 1364
4547 1402
4542 1413
4512 1411
4514 1417
4519 1418
4518 1419
4376 1347
4371 1352
4372 1353
4374 1339
4373 1344
4332 1365
4329 1364
4330 1365
4548 1402
4543 1413
4542 1414
4513 1417
4514 1418
4520 1418
4519 1419
4370 1352
4372 1354
4374 1338
4333 1365
4332 1366
4329 1363
4330 1366
4549 1402
4544 1413
4543 1414
4542 1415
4515 1418
4514 1419
4521 1418
4520 1417
4519 1420
4373 1354
4371 1354
4373 1338
4374 1337
4333 1366
4331 1366
4328 1363
4329 1362
4549 1401
4541 1415
4542 1416
4515 1419
4513 1419
4522 1418
4520 1416
4374 1354
4373 1355
4370 1354
4371 1355
4372 1338
4375 1337
4333 1367
4331 1367
4329 1361
4549 1400
4541 1416
4543 1416
4516 1419
4512 1419
4513 1420
4522 1419
4521 1416
4375 1354
4369 1354
4371 1356
4371 1338
4376 1337
4333 1368
4331 1368
4330 1361
4328 1361
4549 1399
4540 1416
4513 1421
4375 1355
4370 1338
4330 1368
4327 1361
4550 1399
4549 1398
4539 1416
4540 1417
4514 1421
4512 1421
4376 1355
4369 1338
4326 1361
4551 1399
4550 1398
4548 1398
4538 1416
4539 1415
4540 1418
4512 1422
4376 1356
4368 1338
4369 1337
4325 1361
4326 1362
4552 1399
4550 1397
4547 1398
4537 1416
4538 1417
4541 1418
4540 1419
4511 1422
4512 1423
4377 1356
4367 1338
4369 1336
4326 1363
4553 1399
4552 1398
4550 1396
4547 1399
4536 1416
4539 1419
4540 1420
4510 1422
4513 1423
4378 1356
4366 1338
4368 1336
4369 1335
4326 1364
4553 1400
4553 1398
4551 1396
4549 1396
4538 1419
4539 1420
4541 1420
4510 1423
4510 1421
4513 1424
4379 1356
4365 1338
4366 1339
4366 1337
4368 1335
4370 1335
4553 1401
4549 1395
4537 1419
4542 1420
4510 1424
4510 1420
4514 1424
4513 1425
4379 1357
4379 1355
4364 1338
4365 1339
4365 1337
4368 1334
4371 1335
4554 1401
4548 1395
4549 1394
4537 1420
4537 1418
4542 1421
4509 1424
4511 1420
4509 1420
4515 1424
4514 1425
4512 1425
4380 1357
4379 1354
4365 1336
4368 1333
4371 1334
4555 1401
4548 1394
4550 1394
4536 1420
4508 1424
4509 1419
4515 1425
4515 1423
4381 1357
4380 1358
4379 1353
4365 1335
4369 1333
4368 1332
4372 1334
4556 1401
4555 1402
4555 1400
4548 1393
4535 1420
4536 1421
4507 1424
4508 1419
4515 1426
4382 1357
4380 1359
4380 1353
4378 1353
4364 1335
4365 1334
4370 1333
4367 1332
4373 1334
4557 1401
4556 1402
4555 1403
4548 1392
4535 1421
4536 1422
4506 1424
4515 1427
4382 1358
4380 1360
4381 1353
4380 1352
4377 1353
4378 1352
4363 1335
4364 1334
4370 1332
4373 1333
4558 1401
4557 1400
4547 1392
4548 1391
4535 1422
4506 1425
4506 1423
4515 1428
4383 1358
4381 1360
4379 1360
4381 1352
4380 1351
4362 1335
4370 1331
4374 1333
4373 1332
4559 1401
4547 1391
4535 1423
4505 1425
4506 1422
4384 1358
4379 1361
4382 1352
4370 1330
4375 1333
4560 1401
4547 1390
4535 1424
4504 1425
4506 1421
4385 1358
4379 1362
4383 1352
4370 1329
4376 1333
4561 1401
4560 1400
4547 1389
4536 1424
4535 1425
4504 1426
4504 1424
4507 1421
4506 1420
4385 1359
4385 1357
4384 1352
4369 1329
4377 1333
4562 1401
4560 1399
4548 1389
4547 1388
4537 1424
4535 1426
4504 1427
4508 1421
4505 1420
4384 1353
4384 1351
4368 1329
4369 1328
4378 1333
4377 1332
4563 1401
4559 1399
4548 1388
4538 1424
4537 1423
4536 1426
4504 1428
4508 1422
4504 1420
4384 1354
4385 1351
4384 1350
4369 1327
4379 1333
4378 1334
4377 1331
4564 1401
4563 1400
4549 1388
4548 1387
4539 1424
4536 1427
4503 1428
4504 1421
4504 1419
4383 1350
4384 1349
4369 1326
4379 1334
4378 1331
4565 1401
4550 1388
4537 1427
4503 1429
4504 1422
4504 1418
4385 1349
4384 1348
4368 1326
4379 1335
4379 1331
4378 1330
4565 1402
4565 1400
4550 1389
4550 1387
4538 1427
4502 1429
4503 1430
4505 1418
4386 1349
4385 1348
4367 1326
4368 1325
4380 1335
4378 1329
4565 1403
4565 1399
4551 1387
4538 1428
4503 1431
4505 1417
4387 1349
4386 1348
4385 1347
4366 1326
4377 1329
4378 1328
4565 1404
4566 1399
4552 1387
4539 1428
4504 1431
4505 1416
4388 1349
4385 1346
4366 1325
4376 1329
4377 1328
4379 1328
4565 1405
4567 1399
4566 1398
4553 1387
4552 1388
4540 1428
4505 1431
4504 1432
4505 1415
4389 1349
4385 1345
4365 1325
4375 1329
4376 1328
4380 1328
4379 1327
4564 1405
4565 1406
4568 1399
4566 1397
4554 1387
4553 1386
4540 1429
4540 1427
4505 1432
4504 1433
4506 1415
4505 1414
4390 1349
4389 1350
4389 1348
4384 1345
4364 1325
4379 1326
4564 1406
4566 1406
4565 1407
4569 1399
4565 1397
4553 1385
4541 1429
4540 1430
4505 1433
4504 1434
4507 1415
4506 1414
4505 1413
4391 1349
4363 1325
4378 1326
4379 1325
4563 1406
4567 1406
4565 1408
4569 1398
4565 1396
4554 1385
4542 1429
4506 1433
4504 1435
4504 1413
4505 1412
4392 1349
4363 1326
4363 1324
4380 1325
4563 1407
4568 1406
4567 1405
4566 1408
4570 1398
4564 1396
4555 1385
4542 1430
4542 1428
4507 1433
4503 1435
4393 1349
4392 1350
4392 1348
4363 1327
4362 1324
4363 1323
4380 1324
4562 1407
4563 1408
4568 1405
4571 1398
4563 1396
4556 1385
4542 1431
4542 1427
4507 1434
4502 1435
4394 1349
4393 1348
4392 1351
4362 1327
4363 1328
4361 1324
4362 1323
4364 1323
4380 1323
4561 1407
4563 1409
4569 1405
4562 1396
4556 1384
4542 1432
4507 1435
4501 1435
4395 1349
4392 1352
4363 1329
4361 1325
4362 1322
4364 1322
4379 1323
4380 1322
4561 1406
4563 1410
4570 1405
4562 1397
4562 1395
4556 1383
4542 1433
4508 1435
4506 1435
4507 1436
4500 1435
4395 1350
4392 1353
4363 1330
4361 1322
4378 1323
4381 1322
4562 1410
4563 1411
4571 1405
4570 1404
4561 1397
4562 1394
4556 1382
4543 1433
4541 1433
4542 1434
4509 1435
4499 1435
4396 1350
4391 1353
4392 1354
4364 1330
4363 1331
4360 1322
4377 1323
4378 1322
4381 1321
4561 1410
4563 1412
4572 1405
4571 1404
4562 1393
4556 1381
4544 1433
4543 1434
4509 1436
4498 1435
4396 1351
4390 1353
4393 1354
4392 1355
4362 1331
4359 1322
4360 1323
4377 1324
4381 1320
4560 1410
4562 1412
4563 1413
4573 1405
4563 1393
4561 1393
4557 1381
4556 1380
4545 1433
4544 1432
4543 1435
4509 1437
4497 1435
4498 1436
4397 1351
4390 1354
4391 1355
4392 1356
4359 1323
4376 1324
4380 1320
4559 1410
4564 1413
4563 1414
4574 1405
4564 1393
4561 1392
4558 1381
4555 1380
4546 1433
4510 1437
4497 1436
4497 1434
4498 1437
4398 1351
4397 1352
4389 1354
4358 1323
4359 1324
4376 1325
4380 1319
4565 1413
4574 1406
4565 1393
4560 1392
4558 1382
4558 1380
4554 1380
4547 1433
4546 1434
4511 1437
4510 1438
4496 1436
4496 1434
4497 1433
4499 1437
4397 1353
4388 1354
4357 1323
4359 1325
4375 1325
4380 1318
4565 1414
4565 1412
4566 1393
4559 1392
4559 1382
4559 1380
4558 1379
4553 1380
4548 1433
4547 1434
4547 1432
4546 1435
4511 1438
4495 1436
4498 1433
4398 1353
4396 1353
4397 1354
4388 1355
4388 1353
4356 1323
4359 1326
4375 1326
4381 1318
4380 1317
4566 1414
4566 1412
4565 1411
4566 1392
4558 1392
4560 1382
4559 1383
4557 1379
4558 1378
4552 1380
4548 1432
4546 1436
4512 1438
4494 1436
4498 1432
4399 1353
4397 1355
4388 1356
4355 1323
4374 1326
4375 1327
4379 1317
4566 1415
4567 1412
4566 1391
4557 1392
4559 1384
4557 1378
4559 1378
4552 1381
4552 1379
4548 1431
4547 1436
4545 1436
4546 1437
4513 1438
4494 1437
4494 1435
4498 1431
4399 1352
4397 1356
4389 1356
4354 1323
4355 1324
4355 1322
4379 1316
4566 1416
4568 1412
4567 1411
4567 1391
4565 1391
4557 1393
4557 1391
4560 1384
4560 1378
4552 1382
4552 1378
4549 1431
4547 1437
4513 1439
4494 1434
4499 1431
4498 1430
4400 1352
4397 1357
4354 1324
4355 1325
4355 1321
4378 1316
4565 1416
4569 1412
4568 1391
4567 1390
4556 1393
4557 1390
4561 1378
4551 1382
4552 1377
4550 1431
4547 1438
4514 1439
4494 1433
4499 1430
4401 1352
4400 1351
4397 1358
4355 1326
4354 1321
4355 1320
4377 1316
4565 1417
4570 1412
4569 1391
4567 1389
4556 1394
4557 1389
4562 1378
4551 1383
4551 1377
4552 1376
4551 1431
4550 1430
4548 1438
4547 1439
4514 1440
4493 1433
4494 1432
4499 1429
4402 1352
4400 1350
4397 1359
4356 1326
4354 1326
4353 1321
4355 1319
4377 1315
4564 1417
4565 1418
4570 1413
4570 1391
4569 1390
4566 1389
4556 1395
4557 1388
4563 1378
4550 1383
4551 1384
4550 1377
4551 1432
4550 1429
4549 1438
4547 1440
4514 1441
4493 1432
4494 1431
4403 1352
4402 1351
4401 1350
4400 1349
4398 1359
4396 1359
4397 1360
4354 1327
4352 1321
4354 1319
4377 1314
4563 1417
4564 1418
4571 1413
4570 1414
4571 1391
4566 1388
4556 1396
4558 1388
4564 1378
4563 1377
4551 1385
4549 1377
4551 1433
4551 1429
4550 1438
4549 1437
4547 1441
4514 1442
4492 1432
4495 1431
4404 1352
4403 1353
4401 1349
4399 1349
4399 1359
4396 1360
4397 1361
4354 1328
4352 1322
4353 1319
4378 1314
4376 1314
4562 1417
4564 1419
4572 1413
4571 1392
4566 1387
4563 1376
4550 1385
4548 1377
4552 1433
4552 1429
4551 1428
4549 1436
4546 1441
4547 1442
4514 1443
4491 1432
4492 1431
4496 1431
4405 1352
4404 1351
4403 1354
4400 1359
4399 1358
4355 1328
4354 1329
4351 1322
4353 1318
4375 1314
4562 1418
4562 1416
4573 1413
4572 1412
4572 1392
4567 1387
4566 1386
4563 1375
4549 1385
4547 1377
4553 1433
4552 1434
4550 1436
4545 1441
4546 1442
4515 1443
4513 1443
4514 1444
4490 1432
4491 1431
4406 1352
4404 1350
4400 1360
4356 1328
4354 1330
4350 1322
4375 1313
4561 1418
4562 1415
4573 1412
4572 1393
4568 1387
4565 1386
4564 1375
4563 1374
4548 1385
4549 1386
4547 1378
4547 1376
4551 1436
4550 1435
4544 1441
4545 1442
4546 1443
4513 1444
4514 1445
4489 1432
4490 1433
4407 1352
4404 1349
4356 1329
4353 1330
4349 1322
4350 1321
4375 1312
4560 1418
4561 1419
4561 1415
4568 1386
4564 1374
4563 1373
4547 1385
4547 1379
4547 1375
4552 1436
4551 1435
4546 1444
4513 1445
4489 1431
4408 1352
4407 1353
4405 1349
4357 1329
4353 1331
4349 1321
4350 1320
4376 1312
4375 1311
4559 1418
4561 1414
4568 1385
4565 1374
4547 1386
4547 1380
4546 1375
4553 1436
4545 1444
4546 1445
4512 1445
4513 1446
4488 1431
4408 1353
4407 1354
4405 1348
4358 1329
4353 1332
4348 1321
4350 1319
4376 1311
4374 1311
4375 1310
4558 1418
4559 1417
4569 1385
4568 1384
4565 1373
4546 1386
4546 1380
4547 1381
4545 1375
4546 1374
4553 1435
4547 1445
4546 1446
4513 1447
4487 1431
4409 1353
4407 1355
4358 1330
4358 1328
4354 1332
4352 1332
4348 1320
4350 1318
4373 1311
4375 1309
4557 1418
4559 1416
4569 1384
4565 1372
4545 1386
4544 1375
4546 1373
4554 1435
4548 1445
4545 1446
4514 1447
4512 1447
4513 1448
4487 1430
4410 1353
4408 1355
4358 1331
4358 1327
4352 1333
4348 1319
4349 1318
4372 1311
4373 1310
4376 1309
4556 1418
4560 1416
4569 1383
4566 1372
4565 1371
4544 1386
4545 1385
4547 1373
4546 1372
4555 1435
4549 1445
4544 1446
4545 1447
4515 1447
4514 1448
4511 1447
4486 1430
4487 1429
4411 1353
4410 1352
4358 1332
4352 1334
4347 1319
4376 1308
4555 1418
4556 1417
4570 1383
4567 1372
4564 1371
4565 1370
4543 1386
4548 1373
4545 1372
4546 1371
4556 1435
4549 1444
4543 1446
4515 1448
4514 1449
4510 1447
4511 1448
4511 1446
4485 1430
4488 1429
4411 1352
4410 1351
4359 1332
4357 1332
4351 1334
4352 1335
4346 1319
4377 1308
4376 1307
4555 1417
4571 1383
4570 1382
4568 1372
4563 1371
4564 1370
4566 1370
4542 1386
4549 1373
4546 1370
4557 1435
4550 1444
4542 1446
4516 1448
4514 1450
4509 1447
4510 1446
4511 1449
4484 1430
4485 1431
4485 1429
4489 1429
4412 1352
4359 1333
4357 1333
4350 1334
4351 1335
4353 1335
4352 1336
4345 1319
4346 1318
4378 1308
4375 1307
4555 1416
4572 1383
4571 1384
4571 1382
4569 1372
4562 1371
4545 1370
4558 1435
4557 1434
4551 1444
4541 1446
4517 1448
4514 1451
4508 1447
4484 1431
4485 1432
4485 1428
4490 1429
4413 1352
4360 1333
4349 1334
4350 1333
4353 1336
4344 1319
4379 1308
4374 1307
4573 1383
4571 1381
4569 1373
4569 1371
4561 1371
4562 1370
4544 1370
4545 1369
4557 1433
4551 1445
4551 1443
4541 1447
4518 1448
4514 1452
4507 1447
4485 1433
4485 1427
4490 1428
4413 1351
4348 1334
4349 1335
4349 1333
4350 1332
4354 1336
4353 1337
4344 1318
4380 1308
4573 1384
4573 1382
4572 1381
4571 1380
4569 1374
4569 1370
4560 1371
4544 1369
4556 1433
4551 1442
4540 1447
4541 1448
4518 1449
4515 1452
4513 1452
4514 1453
4507 1448
4484 1433
4485 1434
4486 1427
4484 1427
4485 1426
4490 1427
4413 1350
4347 1334
4348 1335
4349 1332
4355 1336
4353 1338
4380 1309
4574 1384
4573 1385
4574 1382
4570 1374
4569 1375
4570 1370
4568 1370
4559 1371
4543 1369
4551 1441
4539 1447
4540 1448
4542 1448
4519 1449
4516 1452
4515 1453
4514 1454
4506 1448
4507 1449
4483 1433
4484 1434
4484 1426
4489 1427
4414 1350
4346 1334
4347 1335
4349 1331
4356 1336
4352 1338
4381 1309
4574 1385
4575 1382
4569 1376
4571 1370
4570 1369
4559 1370
4542 1369
4543 1368
4551 1440
4538 1447
4542 1449
4520 1449
4517 1452
4513 1454
4514 1455
4489 1426
4415 1350
4346 1335
4346 1333
4347 1336
4348 1331
4351 1338
4382 1309
4575 1385
4576 1382
4575 1381
4570 1376
4568 1376
4569 1377
4572 1370
4558 1370
4541 1369
4543 1367
4551 1439
4537 1447
4542 1450
4520 1450
4520 1448
4517 1453
4512 1454
4514 1456
4489 1425
4416 1350
4345 1335
4346 1336
4345 1333
4347 1337
4351 1339
4383 1309
4382 1310
4576 1385
4577 1382
4571 1376
4567 1376
4573 1370
4557 1370
4558 1369
4541 1370
4541 1368
4543 1366
4552 1439
4536 1447
4537 1446
4542 1451
4521 1448
4517 1454
4511 1454
4489 1424
4417 1350
4416 1351
4344 1335
4344 1333
4348 1337
4351 1340
4383 1308
4382 1311
4576 1386
4578 1382
4572 1376
4567 1377
4556 1370
4558 1368
4541 1371
4541 1367
4544 1366
4543 1365
4553 1439
4542 1452
4522 1448
4518 1454
4517 1455
4511 1455
4488 1424
4489 1423
4418 1350
4343 1335
4344 1332
4348 1338
4351 1341
4384 1308
4577 1386
4576 1387
4579 1382
4572 1375
4555 1370
4559 1368
4558 1367
4541 1372
4541 1366
4542 1365
4543 1452
4541 1452
4523 1448
4517 1456
4511 1456
4487 1424
4419 1350
4418 1351
4418 1349
4343 1332
4352 1341
4350 1341
4351 1342
4385 1308
4578 1386
4580 1382
4573 1375
4554 1370
4555 1369
4558 1366
4541 1373
4541 1365
4544 1452
4543 1453
4541 1453
4523 1447
4518 1456
4512 1456
4510 1456
4487 1425
4418 1352
4418 1348
4343 1331
4353 1341
4349 1341
4386 1308
4385 1309
4581 1382
4580 1381
4553 1370
4555 1368
4559 1366
4540 1365
4541 1454
4524 1447
4523 1446
4518 1457
4512 1457
4510 1457
4417 1352
4418 1353
4418 1347
4342 1331
4354 1341
4353 1342
4348 1341
4349 1342
4387 1308
4386 1307
4385 1310
4582 1382
4581 1383
4580 1380
4553 1369
4539 1365
4540 1364
4542 1454
4540 1454
4541 1455
4522 1446
4519 1457
4510 1458
4419 1353
4418 1354
4417 1347
4418 1346
4341 1331
4353 1343
4347 1341
4349 1343
4388 1308
4386 1306
4386 1310
4583 1382
4581 1384
4581 1380
4552 1369
4539 1366
4540 1363
4539 1454
4522 1445
4519 1458
4510 1459
4420 1353
4419 1354
4417 1354
4417 1346
4341 1330
4352 1343
4346 1341
4347 1342
4350 1343
4389 1308
4385 1306
4387 1310
4584 1382
4583 1381
4581 1385
4582 1380
4581 1379
4538 1366
4539 1367
4540 1362
4538 1454
4539 1453
4521 1445
4522 1444
4520 1458
4509 1459
4421 1353
4419 1355
4417 1355
4417 1345
4341 1329
4352 1344
4345 1341
4347 1343
4350 1344
4390 1308
4389 1307
4385 1305
4388 1310
4585 1382
4584 1383
4581 1386
4539 1368
4539 1362
4540 1361
4537 1454
4539 1452
4522 1443
4520 1459
4509 1460
4420 1355
4419 1356
4417 1344
4341 1328
4352 1345
4344 1341
4346 1343
4350 1345
4391 1308
4385 1304
4586 1382
4585 1381
4539 1369
4538 1362
4539 1361
4540 1360
4536 1454
4539 1451
4521 1443
4521 1459
4520 1460
4509 1461
4420 1356
4419 1357
4417 1343
4342 1328
4340 1328
4341 1327
4343 1341
4344 1340
4346 1344
4350 1346
4392 1308
4384 1304
4586 1383
4586 1381
4539 1370
4538 1363
4539 1360
4535 1454
4536 1455
4536 1453
4540 1451
4539 1450
4521 1442
4522 1459
4519 1460
4520 1461
4510 1461
4508 1461
4421 1356
4419 1358
4418 1343
4342 1327
4339 1328
4343 1342
4343 1340
4344 1339
4350 1347
4393 1308
4384 1303
4587 1383
4586 1384
4539 1371
4534 1454
4535 1453
4536 1456
4536 1452
4539 1449
4520 1442
4521 1441
4522 1460
4522 1458
4511 1461
4510 1462
4507 1461
4422 1356
4419 1343
4418 1342
4342 1326
4338 1328
4343 1343
4342 1340
4344 1338
4349 1347
4393 1309
4383 1303
4384 1302
4588 1383
4587 1384
4535 1452
4535 1456
4538 1449
4521 1440
4523 1458
4522 1457
4512 1461
4510 1463
4506 1461
4507 1462
4422 1357
4419 1344
4419 1342
4418 1341
4343 1326
4337 1328
4341 1340
4345 1338
4349 1348
4393 1310
4382 1303
4385 1302
4384 1301
4589 1383
4588 1384
4535 1451
4522 1440
4520 1440
4523 1457
4512 1462
4511 1463
4510 1464
4505 1461
4506 1462
4423 1357
4422 1358
4419 1345
4420 1342
4344 1326
4343 1325
4337 1329
4341 1341
4341 1339
4346 1338
4345 1337
4348 1348
4392 1310
4393 1311
4382 1302
4590 1383
4523 1440
4519 1440
4524 1457
4513 1462
4505 1462
4505 1460
4422 1359
4421 1342
4345 1326
4343 1324
4336 1329
4341 1342
4341 1338
2692 2647
4347 1348
4348 1349
4392 1311
4393 1312
4381 1302
4590 1384
4590 1382
4523 1439
4525 1457
4524 1456
4514 1462
4513 1463
4504 1462
4505 1459
4422 1360
4422 1342
4421 1341
4342 1324
4336 1330
4340 1342
4340 1338
4341 1337
4347 1349
4348 1350
4391 1311
4392 1312
4394 1312
4381 1301
4590 1385
4591 1382
4523 1438
4525 1458
4514 1463
4514 1461
4503 1462
4504 1459
4423 1360
4421 1360
4422 1361
4423 1342
4421 1340
4341 1324
4342 1323
4336 1331
4339 1342
4341 1336
4346 1349
4349 1350
4390 1311
4395 1312
4394 1313
4381 1300
4590 1386
4592 1382
4522 1438
4515 1463
4514 1464
4502 1462
4424 1360
4420 1360
4422 1362
4423 1343
4423 1341
4420 1340
4421 1339
4342 1322
4336 1332
4338 1342
4341 1335
4345 1349
4346 1350
4350 1350
4396 1312
4394 1314
4382 1300
4380 1300
4590 1387
4592 1381
4522 1437
4516 1463
4514 1465
4501 1462
4502 1463
4425 1360
4420 1361
4424 1341
4420 1339
4341 1322
4342 1321
4337 1332
4337 1342
4341 1334
4344 1349
4345 1348
4346 1351
4396 1311
4393 1314
4394 1315
4382 1299
4590 1388
4593 1381
4522 1436
4517 1463
4515 1465
4500 1462
4501 1461
4426 1360
4419 1361
4425 1341
4340 1322
4343 1321
4338 1332
4336 1342
4337 1343
4340 1334
4343 1349
4344 1348
4345 1347
4397 1311
4392 1314
4394 1316
4382 1298
4590 1389
4593 1380
4522 1435
4516 1465
4499 1462
4500 1463
4500 1461
4427 1360
4419 1362
4426 1341
4425 1342
4340 1321
4338 1331
4339 1334
4343 1348
4393 1316
4394 1317
4383 1298
4381 1298
4382 1297
4594 1380
4523 1435
4521 1435
4517 1465
4499 1463
4499 1461
4500 1464
4427 1359
4418 1362
4419 1363
4427 1341
4425 1343
4340 1320
4338 1334
4343 1347
4392 1316
4381 1297
4382 1296
4595 1380
4594 1379
4523 1434
4520 1435
4517 1466
4499 1464
4498 1461
4501 1464
4417 1362
4420 1363
4427 1340
4426 1343
4425 1344
4341 1320
4340 1319
4338 1335
4343 1346
4392 1317
4380 1297
4381 1296
4383 1296
4382 1295
4594 1378
4524 1434
4519 1435
4517 1467
4499 1465
4416 1362
4420 1364
4428 1340
4426 1344
4424 1344
4339 1319
4340 1318
4337 1335
4338 1336
4344 1346
4342 1346
4391 1317
4392 1318
4379 1297
4382 1294
4594 1377
4525 1434
4518 1467
4517 1468
4499 1466
4416 1363
4416 1361
4420 1365
4429 1340
4427 1344
4424 1345
4339 1318
4341 1318
4336 1335
4341 1346
4391 1318
4379 1298
4379 1296
4383 1294
4382 1293
4595 1377
4526 1434
4519 1467
4518 1468
4516 1468
4517 1469
4498 1466
4499 1467
4415 1363
4419 1365
4429 1339
4427 1345
4424 1346
4339 1317
4341 1317
4336 1336
4340 1346
4341 1347
4390 1318
4379 1299
4378 1296
4379 1295
4384 1294
4383 1293
4596 1377
4595 1376
4527 1434
4526 1435
4515 1468
4516 1469
4517 1470
4497 1466
4500 1467
4415 1364
4430 1339
4429 1338
4428 1345
4425 1346
4339 1316
4335 1336
4336 1337
4389 1318
4390 1319
4378 1299
4379 1294
4385 1294
4384 1295
4597 1377
4596 1378
4596 1376
4595 1375
4528 1434
4515 1469
4518 1470
4496 1466
4497 1467
4501 1467
4414 1364
4429 1337
4429 1345
4426 1346
4338 1316
4339 1315
4336 1338
4388 1318
4389 1319
4390 1320
4377 1299
4385 1293
4597 1378
4597 1376
4594 1375
4529 1434
4518 1471
4495 1466
4497 1468
4502 1467
4501 1468
4414 1365
4429 1336
4430 1345
4429 1346
4429 1344
4426 1347
4339 1314
4337 1338
4387 1318
4388 1319
4388 1317
4391 1320
4390 1321
4376 1299
4377 1300
4377 1298
4386 1293
4598 1378
4593 1375
4530 1434
4519 1471
4518 1472
4495 1465
4496 1468
4497 1469
4502 1468
4413 1365
4430 1336
4428 1336
4429 1335
4431 1345
4430 1346
4429 1347
4426 1348
4340 1314
4387 1317
4388 1320
4388 1316
4391 1321
4375 1299
4377 1297
4387 1293
4386 1292
4599 1378
4593 1376
4593 1374
4530 1433
4520 1471
4519 1472
4494 1465
4495 1464
4495 1468
4496 1469
4503 1468
4412 1365
4428 1335
4431 1346
4430 1347
4428 1347
4425 1348
4341 1314
4340 1313
4386 1317
4389 1316
4388 1315
4388 1293
4386 1291
4599 1379
4599 1377
4593 1373
4531 1433
4521 1471
4520 1470
4494 1464
4496 1470
4504 1468
4411 1365
4427 1335
4432 1346
4424 1348
4425 1349
4341 1315
4340 1312
4385 1317
4387 1315
4388 1314
4389 1293
4388 1292
4600 1377
4592 1373
4593 1372
4532 1433
4521 1472
4493 1464
4494 1463
4505 1468
4504 1469
4410 1365
4427 1334
4433 1346
4339 1312
4340 1311
4385 1318
4386 1315
4387 1314
4388 1313
4389 1292
4388 1291
4600 1376
4591 1373
4593 1371
4532 1434
4532 1432
4522 1472
4521 1473
4492 1464
4506 1468
4505 1469
4504 1470
4409 1365
4426 1334
4434 1346
4338 1312
4341 1311
4385 1319
4385 1315
4389 1313
4390 1292
4389 1291
4601 1376
4600 1375
4590 1373
4591 1372
4593 1370
4532 1435
4533 1432
4532 1431
4523 1472
4492 1463
4505 1470
4503 1470
4409 1366
4425 1334
4435 1346
4338 1311
4341 1310
4385 1320
4384 1315
4390 1313
4390 1291
4389 1290
4602 1376
4600 1374
4589 1373
4590 1372
4594 1370
4531 1435
4532 1436
4534 1432
4531 1431
4524 1472
4523 1473
4491 1463
4506 1470
4502 1470
4409 1367
4424 1334
4436 1346
4337 1311
4338 1310
4342 1310
4341 1309
4385 1321
4391 1291
4389 1289
4603 1376
4599 1374
4589 1374
4595 1370
4532 1437
4535 1432
4531 1430
4524 1473
4524 1471
4506 1471
4501 1470
4502 1471
4408 1367
4424 1333
4437 1346
4337 1310
4343 1310
4342 1309
4341 1308
4384 1321
4385 1322
4392 1291
4391 1290
4389 1288
4603 1377
4599 1373
4589 1375
4533 1437
4531 1437
4535 1431
4530 1430
4531 1429
4524 1474
4506 1472
4500 1470
4502 1472
4408 1368
4423 1333
4438 1346
4336 1310
4342 1308
4384 1322
4385 1323
4392 1292
4388 1288
4389 1287
4604 1377
4603 1378
4598 1373
4588 1375
4533 1438
4531 1438
4536 1431
4532 1429
4525 1474
4507 1472
4505 1472
4503 1472
4502 1473
4407 1368
4422 1333
4438 1345
4342 1307
4384 1323
4393 1292
4388 1287
4390 1287
4605 1377
4602 1378
4597 1373
4598 1372
4587 1375
4534 1438
4533 1439
4531 1439
4533 1429
4525 1475
4507 1473
4505 1473
4503 1473
4406 1368
4421 1333
4438 1344
4342 1306
4384 1324
4394 1292
4388 1286
4391 1287
4606 1377
4605 1376
4597 1374
4597 1372
4598 1371
4586 1375
4587 1376
4533 1440
4531 1440
4534 1429
4526 1475
4525 1476
4507 1474
4504 1473
4421 1334
4421 1332
4437 1344
4438 1343
4342 1305
4395 1292
4394 1293
4387 1286
4392 1287
4391 1286
4607 1377
4606 1376
4605 1375
4597 1371
4598 1370
4534 1440
4530 1440
4508 1474
4506 1474
4421 1331
4439 1343
4438 1342
4341 1305
4342 1304
4395 1293
4394 1294
4386 1286
4387 1285
4393 1287
4391 1285
4608 1377
4607 1378
4607 1376
4605 1374
4597 1370
4535 1440
4534 1441
4530 1441
4509 1474
4506 1475
4420 1331
4421 1330
4439 1342
4341 1304
4342 1303
4396 1293
4385 1286
4394 1287
4392 1285
4390 1285
4391 1284
4609 1377
4608 1378
4607 1379
4607 1375
4605 1373
4597 1369
4535 1441
4534 1442
4530 1442
4510 1474
4506 1476
4419 1331
4420 1330
4421 1329
4340 1304
4342 1302
4396 1294
4385 1287
4394 1288
4394 1286
4392 1284
4391 1283
4609 1378
4609 1376
4606 1379
4607 1380
4606 1373
4605 1372
4596 1369
4597 1368
4536 1441
4531 1442
4530 1443
4510 1475
4510 1473
4507 1476
4506 1477
4418 1331
4419 1332
4422 1329
4339 1304
4343 1302
4342 1301
4396 1295
4385 1288
4395 1286
4393 1284
4609 1379
4610 1376
4606 1380
4607 1381
4606 1372
4604 1372
4598 1368
4597 1367
4537 1441
4531 1443
4530 1444
4510 1476
4511 1473
4507 1477
4417 1331
4418 1330
4419 1333
4422 1328
4338 1304
4339 1305
4342 1300
4397 1295
4384 1288
4385 1289
4395 1285
4611 1376
4606 1371
4604 1371
4596 1367
4531 1444
4530 1445
4511 1476
4509 1476
4512 1473
4416 1331
4418 1329
4423 1328
4422 1327
4338 1303
4339 1306
4343 1300
4341 1300
4397 1296
4383 1288
4384 1289
4396 1285
4395 1284
4611 1377
4611 1375
4606 1370
4603 1371
4604 1370
4595 1367
4596 1366
4530 1446
4511 1477
4512 1474
4415 1331
4417 1329
4422 1326
4337 1303
4339 1307
4344 1300
4341 1299
4397 1297
4382 1288
4397 1285
4612 1377
4607 1370
4602 1371
4604 1369
4594 1367
4529 1446
4512 1477
4511 1478
4414 1331
4416 1329
4417 1328
4422 1325
4336 1303
4345 1300
4344 1299
4398 1297
4396 1297
4382 1289
4397 1286
4397 1284
4612 1378
4608 1370
4602 1372
4603 1369
4594 1366
4528 1446
4510 1478
4511 1479
4413 1331
4414 1332
4417 1327
4422 1324
4336 1304
4336 1302
4346 1300
4398 1298
4395 1297
4381 1289
4398 1286
4397 1283
4613 1378
4612 1379
4602 1373
4602 1369
4603 1368
4594 1365
4527 1446
4528 1447
4511 1480
4413 1332
4417 1326
4421 1324
4422 1323
4336 1305
4336 1301
4346 1301
4399 1298
4394 1297
4381 1290
4399 1286
4398 1283
4396 1283
4614 1378
4612 1380
4603 1373
4603 1367
4594 1364
4526 1446
4527 1445
4512 1480
4510 1480
4511 1481
4412 1332
4417 1325
4421 1323
4423 1323
4422 1322
4337 1305
4335 1305
4335 1301
4336 1300
4346 1302
4400 1298
4399 1299
4393 1297
4380 1290
4399 1287
4399 1283
4398 1282
4396 1282
4615 1378
4614 1377
4604 1367
4603 1366
4595 1364
4593 1364
4594 1363
4527 1444
4509 1480
4411 1332
4412 1333
4418 1325
4424 1323
4422 1321
4334 1305
4335 1300
4336 1299
4346 1303
4401 1298
4400 1299
4399 1300
4392 1297
4399 1288
4400 1283
4399 1284
4399 1282
4398 1281
4395 1282
4396 1281
4616 1378
4614 1376
4605 1367
4603 1365
4593 1363
4594 1362
4528 1444
4508 1480
4410 1332
4411 1331
4412 1334
4418 1324
4424 1324
4424 1322
4422 1320
4333 1305
4334 1300
4336 1298
4347 1303
4346 1304
4402 1298
4400 1300
4398 1300
4401 1283
4400 1282
4394 1282
4616 1379
4606 1367
4605 1368
4605 1366
4604 1365
4592 1363
4593 1362
4595 1362
4507 1480
4410 1331
4412 1335
4421 1320
4422 1319
4333 1306
4336 1297
4347 1304
4346 1305
4403 1298
4400 1301
4402 1283
4394 1281
4617 1379
4616 1380
4607 1367
4605 1365
4591 1363
4592 1362
4593 1361
4595 1361
4506 1480
4507 1481
4507 1479
4409 1331
4413 1335
4411 1335
4420 1320
4421 1319
4333 1307
4336 1296
4348 1304
4345 1305
4346 1306
4404 1298
4400 1302
4403 1283
4402 1282
4394 1280
4618 1379
4615 1380
4616 1381
4608 1367
4607 1366
4605 1364
4592 1361
4506 1481
4506 1479
4507 1482
4408 1331
4413 1336
4410 1335
4419 1320
4421 1318
4333 1308
4337 1296
4348 1305
4346 1307
4405 1298
4404 1299
4399 1302
4400 1303
4404 1283
4402 1281
4394 1279
4619 1379
4617 1381
4609 1367
4607 1365
4605 1363
4591 1361
4592 1360
4505 1481
4507 1483
4407 1331
4414 1336
4413 1337
4418 1320
4419 1319
4421 1317
4333 1309
4337 1295
4349 1305
4345 1307
4346 1308
4406 1298
4405 1299
4404 1300
4401 1303
4404 1284
4403 1281
4394 1278
4620 1379
4619 1378
4610 1367
4609 1368
4609 1366
4608 1365
4606 1363
4590 1361
4592 1359
4505 1482
4506 1483
4507 1484
4415 1336
4412 1337
4413 1338
4420 1317
4421 1316
4333 1310
4337 1294
4344 1307
4347 1308
4406 1297
4404 1301
4401 1304
4404 1285
4403 1280
4393 1278
4394 1277
4620 1380
4619 1377
4611 1367
4589 1361
4590 1362
4593 1359
4592 1358
4508 1484
4507 1485
4412 1338
4420 1316
4421 1315
4334 1310
4332 1310
4336 1294
4337 1293
4348 1308
4347 1309
4407 1297
4406 1296
4403 1301
4405 1285
4403 1285
4403 1279
4392 1278
4394 1276
4621 1380
4620 1381
4620 1377
4612 1367
4588 1361
4589 1362
4593 1358
4592 1357
4506 1485
4507 1486
4411 1338
4419 1316
4422 1315
4421 1314
4331 1310
4335 1294
4338 1293
4349 1308
4348 1307
4347 1310
4402 1301
4406 1285
4404 1279
4403 1278
4391 1278
4392 1279
4392 1277
4393 1276
4620 1382
4621 1377
4620 1376
4613 1367
4612 1368
4612 1366
4588 1362
4593 1357
4592 1356
4506 1486
4508 1486
4410 1338
4418 1316
4422 1314
4421 1313
4330 1310
4331 1309
4334 1294
4335 1293
4339 1293
4350 1308
4346 1310
4406 1286
4404 1278
4402 1278
4392 1280
4620 1383
4622 1377
4620 1375
4612 1369
4612 1365
4588 1363
4593 1356
4591 1356
4505 1486
4506 1487
4509 1486
4409 1338
4417 1316
4423 1314
4420 1313
4421 1312
4330 1311
4331 1308
4333 1294
4334 1293
4340 1293
4339 1294
4339 1292
4351 1308
4346 1311
4407 1286
4405 1278
4401 1278
4621 1383
4623 1377
4621 1375
4619 1375
4612 1370
4613 1365
4587 1363
4593 1355
4591 1355
4506 1488
4509 1487
4408 1338
4409 1339
4416 1316
4417 1315
4424 1314
4329 1311
4330 1308
4332 1294
4340 1292
4339 1291
4351 1309
4345 1311
4346 1312
4408 1286
4407 1287
4406 1278
4405 1277
4400 1278
4623 1378
4621 1374
4594 1355
4590 1355
4507 1488
4506 1489
4408 1339
4409 1340
4416 1317
4416 1315
4424 1313
4328 1311
4332 1295
4332 1293
4339 1290
4351 1310
4346 1313
4409 1286
4407 1288
4407 1278
4405 1276
4624 1378
4623 1379
4621 1373
4595 1355
4589 1355
4508 1488
4507 1489
4506 1490
4408 1340
4410 1340
4416 1318
4415 1315
4416 1314
4425 1313
4328 1310
4331 1293
4332 1292
4340 1290
4338 1290
4339 1289
4350 1310
4347 1313
4410 1286
4405 1275
4625 1378
4620 1373
4588 1355
4507 1490
4411 1340
4410 1341
4416 1319
4327 1310
4328 1309
4330 1293
4332 1291
4341 1290
4340 1289
4350 1311
4348 1313
4410 1287
4406 1275
4405 1274
4626 1378
4625 1379
4620 1372
4587 1355
4588 1354
4508 1490
4412 1340
4410 1342
4415 1319
4326 1310
4329 1293
4333 1291
4331 1291
4341 1289
4340 1288
4349 1313
4348 1314
4348 1312
4410 1288
4407 1275
4404 1274
4627 1378
4620 1371
4586 1355
4509 1490
4508 1491
4413 1340
4409 1342
4410 1343
4326 1309
4328 1293
4330 1291
4342 1289
4350 1313
4349 1312
4348 1315
4348 1311
4409 1288
4407 1276
4407 1274
4403 1274
4628 1378
4627 1379
4621 1371
4619 1371
4620 1370
4585 1355
4586 1354
4510 1490
4414 1340
4408 1342
4409 1343
4325 1309
4326 1308
4328 1294
4329 1291
4342 1288
4351 1313
4348 1316
4408 1274
4403 1273
4629 1378
4628 1377
4627 1380
4622 1371
4621 1370
4618 1371
4620 1369
4584 1355
4585 1356
4511 1490
4415 1340
4414 1339
4408 1343
4324 1309
4326 1307
4328 1295
4329 1290
4343 1288
4342 1287
4349 1316
4409 1274
4408 1273
4403 1272
4630 1378
4629 1379
4628 1376
4627 1381
4623 1371
4621 1369
4618 1370
4584 1354
4585 1357
4512 1490
4511 1491
4416 1340
4415 1339
4408 1344
4324 1310
4324 1308
4326 1306
4328 1296
4329 1289
4344 1288
4341 1287
4342 1286
4350 1316
4409 1275
4403 1271
4631 1378
4629 1376
4628 1375
4626 1381
4627 1382
4622 1369
4621 1368
4618 1369
4584 1357
4585 1358
4513 1490
4323 1308
4327 1306
4326 1305
4329 1296
4330 1289
4329 1288
4344 1289
4344 1287
4342 1285
4351 1316
4410 1275
4632 1378
4629 1375
4628 1374
4627 1383
4621 1367
4618 1368
4585 1359
4514 1490
4513 1491
4326 1304
4330 1296
4331 1289
4328 1288
4344 1290
4344 1286
4342 1284
4411 1275
4633 1378
4629 1374
4628 1373
4628 1383
4626 1383
4621 1366
4617 1368
4584 1359
4513 1492
4326 1303
4331 1296
4331 1288
4328 1287
4344 1291
4345 1286
4342 1283
4412 1275
4633 1379
4629 1373
4627 1373
4626 1384
4621 1365
4616 1368
4584 1360
4513 1493
4327 1303
4325 1303
4326 1302
4332 1288
4328 1286
4345 1291
4343 1291
4346 1286
4342 1282
4413 1275
4412 1274
4633 1380
4629 1372
4626 1373
4626 1385
4622 1365
4615 1368
4616 1369
4616 1367
4583 1360
4514 1493
4513 1494
4328 1303
4324 1303
4325 1302
4333 1288
4328 1285
4346 1291
4342 1291
4346 1285
4341 1282
4413 1274
4412 1273
4634 1380
4630 1372
4626 1374
4627 1385
4625 1385
4622 1364
4614 1368
4615 1367
4582 1360
4583 1361
4513 1495
4329 1303
4328 1304
4328 1302
4324 1302
4334 1288
4327 1285
4328 1284
4347 1291
4347 1285
4346 1284
4341 1281
4413 1273
4635 1380
4628 1385
4624 1385
4625 1386
4622 1363
4582 1361
4582 1359
4583 1362
4514 1495
4512 1495
4330 1303
4328 1301
4324 1301
4335 1288
4328 1283
4348 1291
4348 1285
4340 1281
4414 1273
4413 1272
4635 1381
4629 1385
4628 1386
4623 1385
4625 1387
4622 1362
4582 1362
4581 1359
4584 1362
4583 1363
4514 1496
4512 1496
4330 1304
4328 1300
4323 1301
4336 1288
4328 1282
4348 1292
4348 1286
4340 1280
4413 1271
4635 1382
4629 1386
4622 1385
4623 1384
4625 1388
4622 1361
4581 1362
4583 1364
4515 1496
4511 1496
4328 1299
4322 1301
4336 1287
4328 1281
4348 1293
4349 1286
4340 1279
4414 1271
4413 1270
4636 1382
4635 1383
4630 1386
4629 1387
4622 1386
4622 1384
4623 1383
4625 1389
4622 1360
4580 1362
4584 1364
4582 1364
4583 1365
4516 1496
4510 1496
4328 1298
4321 1301
4322 1300
4329 1281
4327 1281
4347 1293
4350 1286
4341 1279
4415 1271
4412 1270
4413 1269
4636 1383
4622 1387
4625 1390
4623 1360
4621 1360
4580 1361
4581 1364
4517 1496
4509 1496
4510 1497
4320 1301
4322 1299
4330 1281
4329 1280
4327 1280
4351 1286
4342 1279
4341 1278
4415 1272
4415 1270
4412 1269
4413 1268
4637 1383
4636 1384
4621 1387
4624 1390
4623 1359
4620 1360
4580 1360
4509 1495
4510 1498
4319 1301
4321 1299
4331 1281
4329 1279
4326 1280
4351 1287
4343 1279
4341 1277
4416 1272
4416 1270
4413 1267
4637 1384
4620 1387
4623 1390
4623 1358
4619 1360
4620 1359
4509 1494
4511 1498
4509 1498
4318 1301
4321 1298
4325 1280
4351 1288
4343 1280
4342 1277
4340 1277
4341 1276
4416 1273
4417 1270
4414 1267
4638 1384
4637 1385
4623 1391
4623 1357
4618 1360
4619 1361
4619 1359
4620 1358
4509 1493
4512 1498
4511 1499
4508 1498
4317 1301
4320 1298
4321 1297
4324 1280
4325 1279
4352 1288
4350 1288
4351 1289
4339 1277
4341 1275
4416 1274
4418 1270
4414 1266
4637 1386
4623 1392
4624 1357
4617 1360
4618 1361
4620 1357
4513 1498
4511 1500
4508 1499
4317 1302
4321 1296
4352 1289
4338 1277
4339 1276
4342 1275
4417 1274
4416 1275
4415 1266
4414 1265
4638 1386
4636 1386
4622 1392
4623 1393
4624 1356
4619 1357
4513 1499
4512 1500
4511 1501
4317 1303
4352 1290
4338 1278
4343 1275
4342 1274
4418 1274
4416 1276
4413 1265
4639 1386
4636 1387
4624 1393
4623 1394
4618 1357
4619 1356
4512 1501
4511 1502
4317 1304
4353 1290
4337 1278
4338 1279
4343 1276
4342 1273
4418 1275
4415 1276
4412 1265
4639 1385
4624 1394
4622 1394
4623 1395
4617 1357
4619 1355
4510 1502
4317 1305
4354 1290
4342 1272
4419 1275
4411 1265
4640 1385
4621 1394
4623 1396
4616 1357
4618 1355
4619 1354
4509 1502
4510 1503
4316 1305
4355 1290
4354 1291
4343 1272
4341 1272
4420 1275
4410 1265
4411 1266
4411 1264
4640 1384
4620 1394
4624 1396
4619 1353
4508 1502
4315 1305
4316 1306
4355 1289
4354 1292
4340 1272
4409 1265
4410 1264
4411 1263
4640 1383
4624 1397
4619 1352
4508 1503
4315 1304
4356 1289
4354 1293
4340 1273
4410 1263
4411 1262
4639 1383
4640 1382
4624 1398
4619 1351
4508 1504
4314 1304
4315 1303
4357 1289
4356 1288
4339 1273
4410 1262
4641 1382
4640 1381
4625 1398
4623 1398
4624 1399
4619 1350
4509 1504
4315 1302
4358 1289
4357 1290
4356 1287
4338 1273
4339 1274
4410 1261
4642 1382
4640 1380
4623 1399
4624 1400
4618 1350
4619 1349
4509 1505
4314 1302
4359 1289
4357 1291
4355 1287
4337 1273
4409 1261
4410 1260
4642 1383
4642 1381
4640 1379
4623 1400
4625 1400
4624 1401
4619 1348
4509 1506
4313 1302
4357 1292
4336 1273
4408 1261
4409 1260
4410 1259
4642 1384
4641 1379
4639 1379
4622 1400
4623 1401
4625 1401
4619 1347
4510 1506
4509 1507
4312 1302
4358 1292
4357 1293
4336 1274
4407 1261
4410 1258
4642 1385
4641 1378
4638 1379
4621 1400
4622 1401
4625 1402
4618 1347
4619 1346
4511 1506
4510 1507
4508 1507
4509 1508
4312 1303
4312 1301
4357 1294
4336 1275
4406 1261
4407 1260
4410 1257
4643 1385
4641 1377
4620 1400
4626 1402
4619 1345
4512 1506
4507 1507
4508 1508
4509 1509
4312 1304
4312 1300
4357 1295
4336 1276
4405 1261
4406 1262
4406 1260
4411 1257
4410 1256
4644 1385
4643 1386
4641 1376
4620 1401
4620 1399
4627 1402
4620 1345
4513 1506
4507 1508
4507 1506
4508 1509
4510 1509
4312 1305
4312 1299
4357 1296
4335 1276
4336 1277
4406 1263
4411 1256
4409 1256
4410 1255
4644 1384
4643 1387
4642 1376
4640 1376
4619 1401
4627 1403
4620 1344
4513 1507
4513 1505
4506 1508
4507 1505
4511 1509
4311 1305
4312 1306
4357 1297
4334 1276
4405 1263
4406 1264
4410 1254
4644 1383
4643 1388
4643 1376
4642 1375
4639 1376
4640 1375
4628 1403
4627 1404
4621 1344
4620 1343
4513 1508
4513 1504
4505 1508
4506 1505
4512 1509
4312 1307
4358 1297
4357 1298
4334 1277
4405 1264
4410 1253
4644 1382
4644 1388
4642 1388
4644 1376
4642 1374
4638 1376
4627 1405
4622 1344
4621 1343
4620 1342
4514 1508
4514 1504
4505 1509
4505 1507
4506 1504
4313 1307
4312 1308
4359 1297
4356 1298
4333 1277
4411 1253
4409 1253
4645 1388
4642 1389
4645 1376
4644 1375
4643 1374
4637 1376
4638 1375
4627 1406
4623 1344
4622 1343
4514 1509
4504 1507
4311 1308
4359 1296
4412 1253
4408 1253
4646 1388
4645 1389
4646 1376
4643 1373
4638 1374
4624 1344
4623 1345
4515 1509
4503 1507
4310 1308
4407 1253
4646 1387
4646 1377
4646 1375
4643 1372
4638 1373
4624 1343
4516 1509
4502 1507
4503 1508
4503 1506
4309 1308
4310 1307
4406 1253
4647 1387
4647 1377
4646 1378
4647 1375
4642 1372
4625 1343
4516 1508
4502 1508
4308 1308
4406 1252
4647 1378
4646 1379
4648 1375
4647 1374
4642 1371
4626 1343
4516 1507
4501 1508
4307 1308
4308 1309
4405 1252
4645 1379
4648 1374
4647 1373
4642 1370
4627 1343
4626 1342
4515 1507
4516 1506
4500 1508
4501 1509
4307 1307
4308 1310
4404 1252
4648 1373
4646 1373
4627 1344
4627 1342
4517 1506
4499 1508
4500 1509
4500 1507
4501 1510
4307 1306
4307 1310
4308 1311
4404 1253
4404 1251
4649 1373
4648 1372
4645 1373
4627 1345
4628 1342
4627 1341
4518 1506
4517 1505
4500 1506
4306 1310
4308 1312
4404 1254
4404 1250
4649 1372
4628 1345
4626 1345
4627 1340
4519 1506
4518 1507
4305 1310
4306 1311
4306 1309
4308 1313
4403 1254
4404 1255
4404 1249
4628 1346
4626 1346
4626 1340
4627 1339
4519 1507
4519 1505
4304 1310
4309 1313
4307 1313
4402 1254
4405 1255
4405 1249
4404 1248
4629 1346
4626 1347
4625 1340
4628 1339
4519 1508
4520 1505
4303 1310
4304 1311
4304 1309
4310 1313
4306 1313
4401 1254
4402 1255
4402 1253
4406 1255
4405 1248
4404 1247
4630 1346
4627 1347
4626 1348
4624 1340
4625 1339
4520 1508
4519 1509
4521 1505
4520 1504
4303 1309
4304 1312
4304 1308
4311 1313
4402 1256
4402 1252
4404 1246
4631 1346
4630 1347
4630 1345
4627 1348
4625 1348
4623 1340
4625 1338
4521 1508
4519 1510
4522 1505
4521 1504
4302 1309
4304 1313
4305 1308
4311 1314
4402 1257
4405 1246
4404 1245
4632 1346
4631 1345
4630 1348
4627 1349
4624 1348
4622 1340
4626 1338
4522 1508
4520 1510
4519 1511
4523 1505
4521 1503
4301 1309
4304 1314
4402 1258
4405 1245
4403 1245
4632 1347
4631 1344
4622 1339
4626 1337
4522 1507
4519 1512
4524 1505
4523 1504
4301 1308
4304 1315
4403 1258
4401 1258
4405 1244
4402 1245
4633 1347
4632 1344
4626 1336
4523 1507
4520 1512
4519 1513
4524 1504
4301 1307
4303 1315
4304 1316
4403 1259
4400 1258
4401 1259
4402 1244
4633 1348
4633 1344
4625 1336
4626 1335
4524 1507
4520 1513
4518 1513
4519 1514
4525 1504
4300 1307
4305 1316
4399 1258
4400 1257
4401 1260
4401 1244
4634 1348
4633 1349
4634 1344
4633 1343
4626 1334
4517 1513
4519 1515
4526 1504
4299 1307
4300 1306
4305 1317
4398 1258
4400 1256
4401 1261
4400 1244
4635 1344
4634 1345
4634 1343
4633 1342
4625 1334
4626 1333
4516 1513
4519 1516
4526 1505
4526 1503
4298 1307
4299 1308
4306 1317
4397 1258
4400 1255
4399 1244
4636 1344
4632 1342
4626 1332
4516 1512
4518 1516
4519 1517
4527 1503
4297 1307
4298 1306
4307 1317
4396 1258
4397 1259
4399 1255
4399 1245
4636 1345
4631 1342
4627 1332
4625 1332
4626 1331
4516 1511
4517 1516
4520 1517
4519 1518
4528 1503
4527 1502
4296 1307
4298 1305
4308 1317
4395 1258
4396 1259
4399 1254
4398 1245
4637 1345
4636 1346
4631 1341
4624 1332
4517 1511
4515 1511
4517 1515
4521 1517
4529 1503
4296 1308
4298 1304
4308 1316
4395 1257
4396 1260
4398 1254
4399 1253
4397 1245
4398 1246
4636 1347
4630 1341
4623 1332
4516 1515
4522 1517
4530 1503
4296 1309
4297 1304
4298 1303
4308 1315
4396 1261
4399 1252
4397 1244
4637 1347
4629 1341
4622 1332
4623 1333
4515 1515
4531 1503
4530 1504
4295 1309
4297 1303
4298 1302
4397 1261
4395 1261
4396 1262
4398 1252
4399 1251
4397 1243
4637 1348
4622 1331
4623 1334
4515 1516
4530 1505
4294 1309
4296 1303
4298 1301
4394 1261
4398 1251
4399 1250
4396 1243
4397 1242
4622 1330
4514 1516
4515 1517
4529 1505
4530 1506
4293 1309
4294 1308
4298 1300
4393 1261
4397 1251
4399 1249
4395 1243
4398 1242
4397 1241
4623 1330
4513 1516
4515 1518
4528 1505
4531 1506
4293 1310
4293 1308
4299 1300
4297 1300
4396 1251
4400 1249
4398 1249
4395 1244
4395 1242
4399 1242
4398 1241
4396 1241
4623 1329
4513 1517
4513 1515
4515 1519
4532 1506
4531 1507
4293 1311
4296 1300
4395 1251
4396 1250
4401 1249
4394 1242
4399 1241
4398 1240
4623 1328
4512 1517
4516 1519
4533 1506
4531 1508
4293 1312
4396 1249
4401 1250
4393 1242
4394 1241
4400 1241
4398 1239
4622 1328
4511 1517
4512 1518
4533 1505
4530 1508
4531 1509
4292 1312
4293 1313
4395 1249
4392 1242
4401 1241
4399 1239
4397 1239
4622 1327
4510 1517
4534 1505
4533 1504
4529 1508
4530 1509
4532 1509
4531 1510
4291 1312
4294 1313
4395 1248
4391 1242
4401 1240
4621 1327
4622 1326
4534 1504
4529 1509
4532 1510
4290 1312
4291 1311
4394 1248
4391 1241
4401 1239
4620 1327
4622 1325
4534 1503
4528 1509
4290 1313
4291 1310
4393 1248
4394 1247
4391 1240
4401 1238
4619 1327
4620 1328
4623 1325
4535 1503
4528 1510
4289 1313
4290 1310
4392 1248
4391 1239
4402 1238
4400 1238
4401 1237
4620 1329
4623 1324
4535 1502
4527 1510
4289 1314
4289 1310
4392 1249
4390 1239
4401 1236
4621 1329
4620 1330
4623 1323
4535 1501
4526 1510
4288 1314
4288 1310
4289 1309
4391 1249
4392 1250
4390 1238
4402 1236
4400 1236
4623 1322
4535 1500
4526 1511
4288 1315
4288 1311
4390 1249
4392 1251
4389 1238
4390 1237
4403 1236
4402 1235
4399 1236
4624 1322
4622 1322
4623 1321
4536 1500
4534 1500
4526 1512
4287 1315
4287 1311
4389 1249
4390 1250
4392 1252
4388 1238
4389 1237
4404 1236
4399 1237
4621 1322
4623 1320
4537 1500
4534 1499
4525 1512
4526 1513
4286 1315
4287 1316
4389 1248
4391 1252
4387 1238
4388 1239
4388 1237
4405 1236
4404 1235
4624 1320
4622 1320
4538 1500
4537 1499
4534 1498
4526 1514
4285 1315
4286 1314
4388 1248
4391 1253
4387 1239
4387 1237
4388 1240
4388 1236
4405 1237
4404 1234
4624 1319
4621 1320
4539 1500
4538 1501
4537 1498
4535 1498
4534 1497
4526 1515
4285 1316
4285 1314
4286 1313
4387 1248
4391 1254
4387 1236
4388 1241
4388 1235
4406 1237
4405 1234
4404 1233
4624 1318
4620 1320
4540 1500
4539 1499
4538 1498
4536 1498
4533 1497
4527 1515
4526 1516
4284 1316
4285 1313
4387 1249
4387 1247
4390 1254
4386 1236
4387 1241
4389 1235
4407 1237
4404 1232
4625 1318
4620 1319
4540 1501
4539 1498
4532 1497
4527 1516
4525 1516
4526 1517
4283 1316
4285 1312
4386 1249
4386 1247
4389 1254
4390 1255
4385 1236
4386 1241
4407 1236
4405 1232
4625 1317
4541 1501
4540 1502
4540 1498
4539 1497
4532 1498
4526 1518
4282 1316
4283 1317
4285 1311
4385 1249
4388 1254
4385 1235
4385 1241
4408 1236
4405 1231
4626 1317
4625 1316
4539 1502
4540 1503
4541 1498
4281 1316
4283 1318
4285 1310
4385 1250
4387 1254
4388 1253
4384 1241
4409 1236
4408 1235
4405 1230
4624 1316
4625 1315
4541 1497
4280 1316
4281 1315
4283 1319
4285 1309
4384 1250
4386 1254
4387 1253
4383 1241
4410 1236
4406 1230
4623 1316
4541 1496
4280 1317
4283 1320
4284 1309
4384 1251
4385 1254
4382 1241
4411 1236
4410 1235
4407 1230
4622 1316
4623 1315
4541 1495
4283 1321
4283 1309
4384 1252
4384 1254
4382 1242
4382 1240
4411 1237
4407 1231
4407 1229
4621 1316
4622 1317
4623 1314
4542 1495
4541 1494
4283 1322
4283 1308
4385 1252
4383 1252
4384 1255
4382 1243
4382 1239
4412 1237
4408 1231
4408 1229
4407 1228
4622 1314
4623 1313
4543 1495
4540 1494
4541 1493
4284 1322
4282 1322
4283 1323
4283 1307
4386 1252
4384 1256
4382 1238
4412 1238
4409 1229
4408 1228
4407 1227
4621 1314
4623 1312
4540 1493
4285 1322
4281 1322
4282 1323
4283 1306
4384 1257
4381 1238
4413 1238
4406 1227
4620 1314
4621 1313
4623 1311
4540 1492
4285 1323
4285 1321
4281 1323
4283 1305
4383 1257
4384 1258
4413 1239
4405 1227
4619 1314
4620 1313
4622 1311
4540 1491
4285 1320
4280 1323
4284 1305
4282 1305
4384 1259
4413 1240
4405 1226
4618 1314
4619 1315
4541 1491
4540 1490
4279 1323
4282 1304
4385 1259
4383 1259
4413 1241
4405 1225
4617 1314
4618 1315
4618 1313
4542 1491
4539 1490
4540 1489
4278 1323
4281 1304
4385 1260
4382 1259
4412 1241
4413 1242
4405 1224
4616 1314
4617 1313
4618 1312
4538 1490
4539 1489
4277 1323
4278 1322
4280 1304
4385 1261
4382 1260
4412 1242
4414 1242
4406 1224
4404 1224
4405 1223
4616 1313
4618 1311
4537 1490
4538 1491
4538 1489
4276 1323
4278 1321
4280 1305
4384 1261
4411 1242
4415 1242
4406 1223
4405 1222
4615 1313
4619 1311
4618 1310
4537 1489
4538 1488
4275 1323
4276 1324
4278 1320
4279 1305
4280 1306
4383 1261
4384 1262
4411 1243
4416 1242
4405 1221
4614 1313
4620 1311
4618 1309
4536 1489
4537 1488
4276 1325
4278 1305
4281 1306
4384 1263
4410 1243
4404 1221
4613 1313
4614 1312
4617 1309
4535 1489
4277 1325
4275 1325
4277 1305
4278 1306
4278 1304
4383 1263
4410 1244
4403 1221
4613 1314
4613 1312
4617 1308
4535 1490
4535 1488
4278 1325
4274 1325
4277 1304
4278 1303
4382 1263
4383 1264
4403 1220
4613 1315
4612 1312
4617 1307
4534 1490
4534 1488
4279 1325
4278 1326
4274 1324
4276 1304
4277 1303
4381 1263
4383 1265
4403 1219
4614 1315
4611 1312
4612 1311
4617 1306
4533 1488
4279 1326
4273 1324
4275 1304
4276 1303
4277 1302
4380 1263
4381 1264
4382 1265
4383 1266
4403 1218
4615 1315
4611 1313
4611 1311
4617 1305
4533 1487
4279 1327
4272 1324
4274 1304
4275 1303
4276 1302
4379 1263
4381 1265
4382 1266
4383 1267
4404 1218
4402 1218
4403 1217
4610 1313
4610 1311
4617 1304
4532 1487
4533 1486
4280 1327
4271 1324
4273 1304
4379 1264
4379 1262
4381 1266
4383 1268
4401 1218
4403 1216
4609 1313
4618 1304
4616 1304
4617 1303
4533 1485
4280 1328
4270 1324
4273 1305
4379 1265
4379 1261
4382 1268
4400 1218
4404 1216
4402 1216
4609 1314
4619 1304
4618 1303
4617 1302
4534 1485
4532 1485
4280 1329
4270 1325
4270 1323
4272 1305
4379 1260
4382 1269
4399 1218
4405 1216
4401 1216
4402 1215
4609 1315
4619 1305
4618 1302
4616 1302
4617 1301
4531 1485
4279 1329
4280 1330
4269 1325
4270 1326
4270 1322
4272 1306
4379 1259
4382 1270
4405 1215
4402 1214
4608 1315
4618 1301
4617 1300
4530 1485
4281 1330
4268 1325
4271 1326
4270 1327
4269 1322
4271 1306
4378 1259
4382 1271
4406 1215
4405 1214
4607 1315
4608 1316
4617 1299
4529 1485
4281 1331
4267 1325
4269 1327
4270 1328
4268 1322
4377 1259
4381 1271
4407 1215
4405 1213
4606 1315
4608 1317
4618 1299
4617 1298
4529 1484
4282 1331
4281 1332
4266 1325
4269 1328
4271 1328
4376 1259
4380 1271
4408 1215
4407 1216
4405 1212
4605 1315
4607 1317
4619 1299
4617 1297
4528 1484
4529 1483
4281 1333
4265 1325
4266 1326
4268 1328
4272 1328
4271 1329
4375 1259
4376 1258
4379 1271
4380 1272
4380 1270
4408 1214
4407 1217
4406 1212
4404 1212
4604 1315
4606 1317
4607 1318
4620 1299
4617 1296
4527 1484
4529 1482
4282 1333
4281 1334
4264 1325
4268 1329
4273 1328
4272 1327
4271 1330
4374 1259
4375 1260
4376 1257
4408 1213
4404 1211
4603 1315
4607 1319
4621 1299
4618 1296
4526 1484
4528 1482
4529 1481
4282 1334
4264 1326
4264 1324
4267 1329
4268 1330
4273 1327
4271 1331
4408 1212
4403 1211
4603 1316
4622 1299
4618 1295
4526 1483
4530 1481
4283 1334
4282 1335
4263 1326
4264 1323
4266 1329
4269 1330
4273 1326
4409 1212
4402 1211
4603 1317
4622 1300
4619 1295
4525 1483
4531 1481
4284 1334
4283 1335
4263 1327
4264 1322
4266 1330
4410 1212
4401 1211
4622 1301
4620 1295
4524 1483
4525 1482
4532 1481
4531 1480
4285 1334
4284 1333
4263 1322
4265 1330
4266 1331
4410 1211
4623 1301
4621 1301
4622 1302
4621 1295
4620 1294
4524 1484
4525 1481
4533 1481
4532 1482
4532 1480
4531 1479
4286 1334
4284 1332
4262 1322
4266 1332
4411 1211
4620 1301
4622 1303
4622 1295
4620 1293
4524 1485
4525 1480
4534 1481
4533 1480
4287 1334
4286 1333
4262 1321
4267 1332
4412 1211
4411 1210
4623 1303
4622 1304
4623 1295
4619 1293
4620 1292
4524 1486
4524 1480
4533 1479
4287 1333
4262 1320
4268 1332
4413 1211
4412 1212
4411 1209
4624 1303
4624 1295
4623 1296
4623 1294
4618 1293
4524 1487
4523 1480
4524 1479
4533 1478
4287 1332
4261 1320
4262 1319
4269 1332
4412 1213
4412 1209
4625 1303
4624 1304
4625 1295
4623 1293
4617 1293
4522 1480
4523 1481
4532 1478
4260 1320
4263 1319
4262 1318
4269 1333
4413 1213
4412 1208
4626 1303
4624 1305
4616 1293
4522 1479
4523 1482
4532 1477
4259 1320
4260 1321
4261 1318
4262 1317
4414 1213
4413 1208
4626 1302
4625 1305
4615 1293
4616 1294
4522 1482
4258 1320
4260 1318
4263 1317
4262 1316
4414 1214
4414 1208
4626 1305
4614 1293
4615 1294
4616 1295
4522 1483
4258 1321
4258 1319
4260 1317
4262 1315
4415 1214
4414 1207
4614 1294
4614 1292
4522 1484
4257 1321
4259 1317
4260 1316
4263 1315
4416 1214
4415 1207
4613 1294
4614 1291
4521 1484
4257 1322
4258 1317
4259 1316
4264 1315
4263 1314
4416 1215
4416 1207
4612 1294
4520 1484
4521 1485
4257 1317
4265 1315
4416 1216
4417 1207
4612 1295
4519 1484
4521 1486
4257 1318
4266 1315
4416 1217
4418 1207
4612 1296
4521 1487
4256 1318
4266 1316
4417 1217
4415 1217
4416 1218
4418 1206
4612 1297
4255 1318
4256 1319
4266 1317
4418 1217
4414 1217
4416 1219
4419 1206
4254 1318
4256 1320
4418 1218
4413 1217
4416 1220
4420 1206
4419 1205
4253 1318
4255 1320
4418 1219
4412 1217
4421 1206
4252 1318
4253 1319
4255 1321
4419 1219
4411 1217
4421 1205
4251 1318
4252 1319
4254 1321
4255 1322
4410 1217
4411 1218
4422 1205
4421 1204
4250 1318
4251 1319
4253 1321
4409 1217
4410 1216
4423 1205
4421 1203
4249 1318
4250 1319
4251 1320
4253 1322
4410 1215
4423 1206
4421 1202
4248 1318
4249 1319
4249 1317
4253 1323
4411 1215
4422 1202
4248 1317
4252 1323
4253 1324
4423 1202
4247 1317
4253 1325
4424 1202
4423 1203
4246 1317
4425 1202
4424 1201
4246 1316
4426 1202
4425 1203
4425 1201
4424 1200
4246 1315
4425 1200
4424 1199
4245 1315
4246 1314
4426 1200
4425 1199
4423 1199
4244 1315
4246 1313
4427 1200
4425 1198
4422 1199
4243 1315
4244 1314
4247 1313
4246 1312
4427 1199
4425 1197
4243 1316
4243 1314
4246 1311
4425 1196
4243 1313
4426 1196
4424 1196
4242 1313
4426 1195
4424 1195
4241 1313
4427 1195
4424 1194
4241 1312
4428 1195
4425 1194
4424 1193
4241 1311
4428 1196
4425 1193
4424 1192
4242 1311
4241 1310
4429 1196
4428 1197
4424 1191
4242 1310
4240 1310
4430 1196
4423 1191
4243 1310
4430 1195
4422 1191
4423 1190
4243 1309
4430 1194
4421 1191
4422 1190
4423 1189
4244 1309
4243 1308
4422 1189
4245 1309
4243 1307
4422 1188
4246 1309
4244 1307
4242 1307
4243 1306
4422 1187
4247 1309
4246 1308
4245 1307
4241 1307
4243 1305
4423 1187
4247 1308
4245 1306
4243 1304
4424 1187
4248 1308
4246 1306
4243 1303
4425 1187
4424 1186
4249 1308
4246 1305
4244 1303
4243 1302
4424 1185
4249 1309
4245 1303
4242 1302
4243 1301
4425 1185
4424 1184
4249 1310
4246 1303
4241 1302
4242 1301
4243 1300
4426 1185
4425 1184
4423 1184
4424 1183
4247 1303
4241 1301
4243 1299
4425 1183
4423 1183
4424 1182
4248 1303
4244 1299
4242 1299
4243 1298
4426 1183
4422 1183
4249 1303
4244 1298
4242 1298
4427 1183
4426 1182
4421 1183
4250 1303
4245 1298
4241 1298
4428 1183
4427 1182
4426 1181
4420 1183
4251 1303
4240 1298
4241 1297
4428 1184
4428 1182
4425 1181
4419 1183
4420 1182
4252 1303
4240 1297
4428 1185
4429 1182
4419 1184
4420 1181
4252 1304
4252 1302
4239 1297
4240 1296
4430 1182
4419 1181
4420 1180
4253 1304
4253 1302
4238 1297
4431 1182
4430 1183
4430 1181
4418 1181
4421 1180
4253 1305
4253 1301
4237 1297
4431 1183
4430 1180
4417 1181
4421 1179
4253 1306
4254 1301
4253 1300
4237 1298
4431 1184
4430 1179
4416 1181
4421 1178
4252 1306
4254 1300
4252 1300
4237 1299
4431 1179
4416 1182
4416 1180
4422 1178
4421 1177
4254 1299
4251 1300
4252 1299
4237 1300
4432 1179
4431 1178
4415 1182
4415 1180
4420 1177
4421 1176
4254 1298
4251 1299
4236 1300
4237 1301
4431 1177
4414 1182
4415 1183
4419 1177
4420 1176
4422 1176
4255 1298
4254 1297
4235 1300
4432 1177
4430 1177
4413 1182
4414 1183
4418 1177
4254 1296
4234 1300
4432 1176
4429 1177
4430 1176
4412 1182
4414 1184
4417 1177
4418 1176
4255 1296
4253 1296
4234 1301
4234 1299
4432 1175
4428 1177
4412 1183
4416 1177
4255 1295
4252 1296
4253 1295
4233 1301
4234 1302
4234 1298
4431 1175
4432 1174
4411 1183
4412 1184
4415 1177
4416 1176
4255 1294
4232 1301
4234 1303
4234 1297
4433 1174
4432 1173
4410 1183
4411 1184
4416 1175
4256 1294
4254 1294
4232 1302
4234 1296
4434 1174
4433 1173
4431 1173
4409 1183
4415 1175
4416 1174
4257 1294
4233 1296
4234 1295
4435 1174
4433 1172
4408 1183
4417 1174
4258 1294
4257 1293
4232 1296
4235 1295
4234 1294
4436 1174
4435 1175
4434 1172
4407 1183
4408 1182
4259 1294
4232 1295
4236 1295
4235 1294
4437 1174
4435 1172
4406 1183
4407 1182
4260 1294
4231 1295
4232 1294
4236 1294
4438 1174
4436 1172
4406 1184
4406 1182
4261 1294
4230 1295
4232 1293
4236 1293
4439 1174
4437 1172
4405 1184
4262 1294
4261 1295
4230 1296
4230 1294
4232 1292
4236 1292
4440 1174
4439 1175
4438 1172
4437 1171
4404 1184
4262 1293
4261 1296
4229 1296
4230 1297
4230 1293
4232 1291
4235 1292
4440 1175
4439 1176
4437 1170
4404 1185
4404 1183
4263 1293
4262 1296
4229 1297
4230 1292
4232 1290
4441 1175
4439 1177
4438 1170
4436 1170
4403 1185
4404 1186
4404 1182
4263 1292
4262 1297
4228 1297
4441 1176
4439 1170
4436 1169
4403 1186
4405 1186
4403 1182
4404 1181
4263 1291
4262 1298
4227 1297
4442 1176
4441 1177
4440 1170
4436 1168
4402 1186
4406 1186
4402 1182
4263 1290
4263 1298
4262 1299
4227 1298
4443 1176
4441 1178
4440 1171
4436 1167
4401 1186
4402 1183
4402 1181
4263 1289
4263 1299
4261 1299
4262 1300
4226 1298
4443 1177
4443 1175
4442 1178
4441 1171
4437 1167
4435 1167
4401 1181
4402 1180
4264 1289
4262 1289
4264 1299
4262 1301
4226 1299
4443 1174
4441 1172
4437 1166
4434 1167
4403 1180
4402 1179
4265 1289
4264 1288
4265 1299
4264 1300
4261 1301
4226 1300
4444 1174
4443 1173
4437 1165
4401 1179
4402 1178
4265 1290
4265 1298
4261 1302
4227 1300
4225 1300
4443 1172
4400 1179
4403 1178
4402 1177
4265 1297
4260 1302
4261 1303
4228 1300
4224 1300
4443 1171
4400 1178
4403 1177
4266 1297
4264 1297
4260 1303
4261 1304
4229 1300
4224 1301
4443 1170
4399 1178
4403 1176
4267 1297
4266 1296
4261 1305
4230 1300
4223 1301
4398 1178
4404 1176
4403 1175
4266 1295
4230 1301
4222 1301
4397 1178
4398 1177
4404 1175
4403 1174
4265 1295
4230 1302
4222 1302
4222 1300
4396 1178
4403 1173
4229 1302
4230 1303
4222 1303
4221 1300
4222 1299
4396 1179
4396 1177
4403 1172
4230 1304
4223 1303
4221 1303
4222 1298
4396 1180
4396 1176
4404 1172
4224 1303
4223 1304
4223 1298
4222 1297
4397 1180
4396 1175
4405 1172
4224 1304
4223 1305
4221 1297
4222 1296
4395 1175
4406 1172
4225 1304
4220 1297
4223 1296
4394 1175
4406 1171
4226 1304
4220 1296
4224 1296
4393 1175
4394 1174
4406 1170
4226 1303
4220 1295
4225 1296
4224 1295
4394 1173
4407 1170
4405 1170
4226 1302
4220 1294
4225 1295
4393 1173
4394 1172
4408 1170
4407 1169
4405 1169
4219 1294
4220 1293
4226 1295
4225 1294
4395 1172
4394 1171
4409 1170
4404 1169
4405 1168
4221 1293
4220 1292
4227 1295
4396 1172
4394 1170
4409 1171
4405 1167
4221 1292
4219 1292
4227 1294
4397 1172
4396 1173
4396 1171
4395 1170
4393 1170
4394 1169
4409 1172
4406 1167
4222 1292
4227 1293
4398 1172
4397 1171
4395 1169
4393 1169
4410 1172
4408 1172
4407 1167
4222 1291
4399 1172
4398 1171
4395 1168
4393 1168
4411 1172
4410 1173
4222 1290
4398 1170
4395 1167
4392 1168
4411 1171
4223 1290
4221 1290
4222 1289
4398 1169
4394 1167
4391 1168
4412 1171
4411 1170
4224 1290
4223 1289
4220 1290
4399 1169
4397 1169
4394 1166
4390 1168
4391 1169
4391 1167
4411 1169
4223 1288
4399 1168
4394 1165
4390 1167
4391 1170
4391 1166
4412 1169
4411 1168
4223 1287
4400 1168
4399 1167
4393 1165
4391 1171
4412 1168
4411 1167
4223 1286
4401 1168
4399 1166
4393 1164
4390 1171
4413 1168
4412 1167
4410 1167
4411 1166
4223 1285
4402 1168
4400 1166
4399 1165
4393 1163
4390 1172
4413 1167
4409 1167
4223 1284
4402 1169
4402 1167
4401 1166
4398 1165
4399 1164
4393 1162
4389 1172
4413 1166
4224 1284
4222 1284
4401 1165
4399 1163
4394 1162
4392 1162
4388 1172
4414 1166
4413 1165
4225 1284
4222 1283
4398 1163
4399 1162
4395 1162
4392 1161
4388 1171
4413 1164
4226 1284
4221 1283
4399 1161
4391 1161
4392 1160
4413 1163
4220 1283
4400 1161
4390 1161
4393 1160
4392 1159
4413 1162
4219 1283
4400 1160
4389 1161
4390 1162
4393 1159
4391 1159
4412 1162
4413 1161
4218 1283
4401 1160
4400 1159
4390 1163
4411 1162
4218 1284
4218 1282
4402 1160
4400 1158
4389 1163
4411 1161
4217 1284
4218 1281
4402 1159
4389 1164
4411 1160
4217 1285
4218 1280
4403 1159
4388 1164
4389 1165
4216 1285
4217 1286
4218 1279
4404 1159
4403 1158
4215 1285
4217 1287
4219 1279
4217 1279
4404 1160
4403 1157
4214 1285
4215 1286
4215 1284
4217 1288
4220 1279
4405 1160
4404 1161
4404 1157
4403 1156
4214 1286
4215 1287
4216 1288
4220 1280
4405 1157
4403 1155
4213 1286
4214 1287
4216 1289
4221 1280
4406 1157
4404 1155
4212 1286
4215 1289
4407 1157
4406 1156
4404 1154
4214 1289
4406 1155
4404 1153
4214 1290
4406 1154
4403 1153
4404 1152
4214 1291
4403 1152
4405 1152
4213 1291
4214 1292
4402 1152
4403 1151
4406 1152
4212 1291
4403 1150
4407 1152
4211 1291
4212 1292
4404 1150
4402 1150
4407 1153
4211 1292
4211 1290
4405 1150
4401 1150
4408 1153
4211 1289
4406 1150
4405 1149
4401 1151
4409 1153
4210 1289
4409 1154
4209 1289
4410 1154
4209 1288
4410 1155
4209 1287
4208 1287
4207 1287
4206 1287
4207 1288
4205 1287
4205 1288
4205 1286
4204 1288
4205 1285
4204 1289
4204 1285
4205 1284
4203 1289
4203 1285
4205 1283
4202 1289
4203 1290
4202 1285
4205 1282
4202 1288
4201 1285
4202 1284
4206 1282
4204 1282
4205 1281
4200 1285
4202 1283
4207 1282
4199 1285
4203 1283
4202 1282
4207 1281
4199 1286
4201 1282
4207 1280
4208 1280
4207 1279
4206 1279
4205 1279
4204 1279
4205 1278
4204 1278
4205 1277
4204 1277
4205 1276
4205 1275
4206 1275
4207 1275
4208 1275
4207 1274
4209 1275
4208 1276
4207 1273
4210 1275
4209 1276
4206 1273
4211 1275
4210 1274
4209 1277
4205 1273
4211 1276
4211 1274
4210 1277
4209 1278
4204 1273
4212 1276
4211 1273
4210 1278
4203 1273
4204 1272
4213 1276
4212 1277
4212 1273
4211 1272
4210 1279
4203 1272
4214 1276
4213 1275
4212 1278
4210 1272
4202 1272
4203 1271
4215 1276
4212 1279
4210 1271
4203 1270
4216 1276
4212 1280
4209 1271
4204 1270
4203 1269
4217 1276
4212 1281
4209 1270
4205 1270
4204 1269
4203 1268
4217 1277
4217 1275
4208 1270
4205 1271
4205 1269
4203 1267
4218 1275
4207 1270
4205 1268
4203 1266
4219 1275
4205 1267
4202 1266
4203 1265
4220 1275
4219 1276
4201 1266
4204 1265
4220 1274
4219 1277
4205 1265
4204 1264
4221 1274
4220 1273
4206 1265
4205 1264
4220 1272
4206 1264
4220 1271
4207 1264
4206 1263
4221 1271
4219 1271
4208 1264
4206 1262
4219 1270
4209 1264
4208 1265
4206 1261
4218 1270
4219 1269
4209 1265
4207 1261
4205 1261
4218 1269
4220 1269
4219 1268
4210 1265
4209 1266
4208 1261
4205 1260
4218 1268
4220 1268
4211 1265
4209 1267
4209 1261
4205 1259
4217 1268
4218 1267
4220 1267
4211 1264
4209 1268
4210 1261
4204 1259
4205 1258
4217 1267
4218 1266
4221 1267
4210 1260
4206 1258
4205 1257
4217 1266
4218 1265
4222 1267
4207 1258
4205 1256
4216 1266
4219 1265
4218 1264
4208 1258
4204 1256
4220 1265
4218 1263
4209 1258
4203 1256
4219 1263
4210 1258
4203 1255
4220 1263
4211 1258
4203 1254
4212 1258
4202 1254
4212 1257
4201 1254
4212 1256
4200 1254
4201 1253
4211 1256
4212 1255
4199 1254
4200 1255
4211 1255
4199 1255
4199 1253
4211 1254
4198 1255
4199 1256
4198 1253
4199 1252
4211 1253
4199 1257
4197 1253
4210 1253
4211 1252
4200 1257
4197 1252
4211 1251
4200 1258
4196 1252
4197 1251
4212 1251
4200 1259
4196 1251
4198 1251
4213 1251
4199 1259
4198 1250
4213 1250
4198 1259
4198 1249
4213 1249
4197 1259
4198 1260
4197 1249
4212 1249
4213 1248
4197 1258
4198 1261
4197 1248
4212 1248
4198 1262
4196 1248
4197 1247
4212 1247
4199 1262
4198 1263
4195 1248
4212 1246
4197 1263
4195 1249
4195 1247
4212 1245
4196 1263
4197 1264
4194 1249
4195 1246
4212 1244
4195 1263
4196 1264
4193 1249
4194 1246
4195 1245
4213 1244
4212 1243
4194 1263
4193 1248
4195 1244
4214 1244
4213 1243
4211 1243
4193 1263
4194 1264
4193 1247
4196 1244
4215 1244
4213 1242
4211 1242
4193 1264
4192 1247
4197 1244
4216 1244
4215 1243
4213 1241
4211 1241
4192 1264
4191 1247
4197 1243
4217 1244
4214 1241
4210 1241
4211 1240
4190 1247
4197 1242
4218 1244
4217 1245
4217 1243
4211 1239
4189 1247
4190 1248
4196 1242
4219 1244
4210 1239
4189 1246
4190 1249
4220 1244
4209 1239
4188 1246
4191 1249
4190 1250
4221 1244
4220 1245
4209 1240
4209 1238
4188 1245
4189 1250
4190 1251
4222 1244
4221 1245
4220 1246
4209 1237
4187 1245
4188 1250
4189 1251
4221 1246
4210 1237
4208 1237
4209 1236
4186 1245
4187 1244
4211 1237
4185 1245
4186 1246
4186 1244
4187 1243
4211 1236
4184 1245
4185 1246
4186 1247
4186 1243
4212 1236
4211 1235
4183 1245
4184 1244
4213 1236
4212 1235
4182 1245
4184 1243
4214 1236
4212 1234
4181 1245
4184 1242
4215 1236
4212 1233
4181 1246
4181 1244
4183 1242
4216 1236
4215 1237
4215 1235
4211 1233
4212 1232
4181 1243
4183 1241
4217 1236
4215 1234
4210 1233
4211 1232
4212 1231
4180 1243
4182 1241
4218 1236
4217 1237
4216 1234
4209 1233
4213 1231
4181 1241
4182 1240
4219 1236
4218 1237
4216 1233
4209 1234
4209 1232
4214 1231
4180 1241
4182 1239
4220 1236
4218 1238
4208 1232
4209 1231
4179 1241
4183 1239
4182 1238
4221 1236
4220 1237
4208 1231
4210 1231
4178 1241
4179 1240
4183 1238
4181 1238
4221 1235
4208 1230
4177 1241
4179 1239
4180 1238
4221 1234
4208 1229
4176 1241
4177 1242
4177 1240
4180 1237
4222 1234
4221 1233
4209 1229
4175 1241
4177 1243
4177 1239
4180 1236
4223 1234
4209 1228
4174 1241
4175 1242
4175 1240
4177 1244
4177 1238
4181 1236
4224 1234
4210 1228
4209 1227
4173 1241
4175 1243
4175 1239
4176 1244
4177 1245
4177 1237
4181 1235
4224 1235
4224 1233
4208 1227
4173 1242
4173 1240
4174 1243
4176 1245
4176 1237
4177 1236
4182 1235
4225 1235
4224 1236
4172 1242
4173 1243
4172 1240
4176 1246
4177 1235
4183 1235
4182 1234
4226 1235
4225 1236
4224 1237
4172 1239
4175 1246
4184 1235
4227 1235
4224 1238
4172 1238
4185 1235
4184 1234
4228 1235
4227 1236
4223 1238
4224 1239
4173 1238
4171 1238
4186 1235
4185 1236
4185 1234
4229 1235
4227 1237
4224 1240
4173 1237
4170 1238
4187 1235
4186 1236
4228 1237
4174 1237
4169 1238
4170 1239
4170 1237
4187 1234
4186 1237
4229 1237
4228 1238
4174 1236
4170 1236
4188 1234
4187 1233
4187 1237
4230 1237
4228 1239
4175 1236
4174 1235
4171 1236
4189 1234
4188 1237
4231 1237
4230 1238
4227 1239
4172 1236
4189 1233
4189 1237
4188 1238
4231 1238
4231 1236
4226 1239
4227 1240
4172 1235
4190 1237
4189 1238
4232 1238
4231 1235
4226 1238
4172 1234
4191 1237
4232 1239
4231 1234
4171 1234
4172 1233
4192 1237
4191 1238
4191 1236
4233 1239
4170 1234
4173 1233
4172 1232
4192 1238
4234 1239
4169 1234
4174 1233
4193 1238
4234 1238
4169 1233
4194 1238
4235 1238
4234 1237
4169 1232
4195 1238
4235 1237
4170 1232
4168 1232
4169 1231
4195 1237
4236 1237
4235 1236
4170 1231
4167 1232
4169 1230
4196 1237
4195 1236
4236 1236
4235 1235
4171 1231
4167 1233
4196 1236
4235 1234
4171 1230
4166 1233
4197 1236
4196 1235
4234 1234
4235 1233
4171 1229
4165 1233
4166 1234
4198 1236
4233 1234
4236 1233
4171 1228
4164 1233
4165 1232
4199 1236
4233 1235
4233 1233
4237 1233
4236 1232
4172 1228
4171 1227
4163 1233
4233 1232
4238 1233
4237 1234
4237 1232
4173 1228
4171 1226
4162 1233
4163 1232
4232 1232
4238 1232
4174 1228
4173 1229
4172 1226
4171 1225
4162 1232
4163 1231
4231 1232
4232 1231
4239 1232
4238 1231
4174 1229
4171 1224
4161 1232
4163 1230
4230 1232
4231 1231
4232 1230
4240 1232
4238 1230
4171 1223
4160 1232
4161 1231
4163 1229
4230 1231
4231 1230
4240 1233
4240 1231
4170 1223
4159 1232
4162 1229
4163 1228
4230 1230
4241 1233
4240 1234
4170 1222
4159 1233
4159 1231
4161 1229
4164 1228
4230 1229
4240 1235
4170 1221
4159 1234
4159 1230
4229 1229
4230 1228
4241 1235
4171 1221
4169 1221
4158 1234
4159 1235
4229 1228
4242 1235
4241 1236
4172 1221
4168 1221
4160 1235
4159 1236
4228 1228
4229 1227
4242 1236
4241 1237
4173 1221
4172 1220
4167 1221
4168 1220
4161 1235
4160 1236
4227 1228
4228 1227
4243 1236
4242 1237
4240 1237
4172 1219
4166 1221
4160 1237
4226 1228
4227 1229
4227 1227
4243 1237
4242 1238
4172 1218
4160 1238
4225 1228
4226 1227
4227 1230
4242 1239
4173 1218
4160 1239
4225 1227
4226 1230
4243 1239
4241 1239
4242 1240
4174 1218
4173 1217
4161 1239
4225 1226
4244 1239
4240 1239
4175 1218
4173 1216
4162 1239
4161 1240
4225 1225
4245 1239
4244 1240
4240 1240
4175 1219
4173 1215
4163 1239
4226 1225
4224 1225
4246 1239
4239 1240
4240 1241
4175 1220
4163 1240
4224 1224
4247 1239
4246 1240
4246 1238
4239 1241
4241 1241
4176 1220
4174 1220
4175 1221
4164 1240
4163 1241
4223 1224
4224 1223
4248 1239
4246 1241
4246 1237
4238 1241
4177 1220
4165 1240
4162 1241
4222 1224
4224 1222
4248 1240
4248 1238
4246 1242
4246 1236
4238 1242
4177 1219
4166 1240
4162 1242
4225 1222
4224 1221
4249 1240
4248 1241
4245 1242
4246 1243
4246 1235
4238 1243
4178 1219
4177 1218
4167 1240
4161 1242
4224 1220
4250 1240
4244 1242
4237 1243
4177 1217
4167 1241
4160 1242
4224 1219
4243 1242
4244 1243
4236 1243
4237 1244
4178 1217
4177 1216
4167 1242
4160 1243
4225 1219
4223 1219
4244 1244
4235 1243
4228 1269
4179 1217
4176 1216
4167 1243
4160 1244
4226 1219
4244 1245
4234 1243
4180 1217
4179 1218
4179 1216
4175 1216
4161 1244
4227 1219
4226 1220
4245 1245
4233 1243
4181 1217
4179 1215
4175 1215
4161 1245
4228 1219
4227 1218
4246 1245
4233 1244
4182 1217
4175 1214
4161 1246
4229 1219
4228 1220
4227 1217
4246 1246
4232 1244
4182 1218
4182 1216
4176 1214
4160 1246
4230 1219
4228 1217
4227 1216
4247 1246
4183 1218
4182 1219
4177 1214
4160 1247
4228 1216
4227 1215
4247 1247
4184 1218
4183 1219
4182 1220
4178 1214
4159 1247
4160 1248
4227 1214
4247 1248
4185 1218
4184 1219
4181 1220
4182 1221
4178 1213
4160 1249
4228 1214
4226 1214
4227 1213
4248 1248
4246 1248
4186 1218
4185 1217
4178 1212
4161 1249
4159 1249
4229 1214
4225 1214
4227 1212
4249 1248
4248 1249
4245 1248
4187 1218
4186 1219
4185 1216
4179 1212
4177 1212
4161 1250
4158 1249
4224 1214
4228 1212
4226 1212
4250 1248
4249 1249
4249 1247
4248 1250
4188 1218
4187 1217
4179 1211
4162 1250
4161 1251
4157 1249
4223 1214
4229 1212
4251 1248
4248 1251
4188 1219
4179 1210
4162 1251
4161 1252
4156 1249
4157 1250
4222 1214
4230 1212
4229 1211
4251 1249
4251 1247
4249 1251
4247 1251
4188 1220
4179 1209
4162 1252
4156 1248
4221 1214
4231 1212
4229 1210
4252 1247
4251 1246
4250 1251
4249 1252
4246 1251
4247 1252
4188 1221
4178 1209
4162 1253
4155 1248
4221 1215
4232 1212
4229 1209
4251 1245
4251 1251
4249 1253
4245 1251
4189 1221
4188 1222
4177 1209
4154 1248
4220 1215
4221 1216
4233 1212
4232 1213
4228 1209
4252 1251
4250 1253
4189 1222
4187 1222
4176 1209
4177 1210
4177 1208
4154 1249
4154 1247
4219 1215
4222 1216
4221 1217
4228 1208
4253 1251
4250 1254
4189 1223
4187 1223
4177 1207
4154 1250
4153 1247
4223 1216
4228 1207
4253 1252
4253 1250
4250 1255
4190 1223
4186 1223
4187 1224
4177 1206
4153 1250
4228 1206
4254 1250
4250 1256
4191 1223
4185 1223
4186 1224
4187 1225
4152 1250
4229 1206
4228 1205
4255 1250
4251 1256
4250 1257
4192 1223
4184 1223
4185 1224
4151 1250
4229 1205
4227 1205
4255 1251
4255 1249
4251 1257
4249 1257
4250 1258
4192 1224
4184 1224
4185 1225
4151 1249
4226 1205
4256 1251
4255 1248
4250 1259
4193 1224
4192 1225
4183 1224
4185 1226
4150 1249
4151 1248
4225 1205
4257 1251
4256 1252
4250 1260
4194 1224
4192 1226
4149 1249
4152 1248
4225 1204
4258 1251
4249 1260
4194 1223
4191 1226
4192 1227
4148 1249
4224 1204
4225 1203
4259 1251
4258 1250
4249 1261
4194 1222
4193 1227
4148 1248
4223 1204
4224 1203
4258 1249
4248 1261
4249 1262
4195 1222
4193 1222
4194 1221
4147 1248
4148 1247
4223 1205
4223 1203
4224 1202
4257 1249
4258 1248
4247 1261
4250 1262
4196 1222
4195 1221
4193 1221
4194 1220
4146 1248
4149 1247
4223 1206
4223 1202
4224 1201
4258 1247
4251 1262
4250 1263
4192 1221
4194 1219
4145 1248
4146 1247
4149 1246
4222 1206
4223 1207
4222 1202
4258 1246
4252 1262
4250 1264
4195 1219
4193 1219
4194 1218
4144 1248
4145 1249
4149 1245
4221 1202
4253 1262
4251 1264
4249 1264
4193 1218
4143 1248
4144 1249
4144 1247
4145 1250
4148 1245
4221 1203
4254 1262
4253 1261
4252 1264
4248 1264
4249 1265
4192 1218
4144 1250
4144 1246
4146 1250
4148 1244
4220 1203
4221 1204
4255 1262
4253 1260
4253 1264
4252 1265
4247 1264
4192 1217
4143 1250
4144 1245
4146 1251
4147 1244
4219 1203
4256 1262
4255 1263
4246 1264
4192 1216
4142 1250
4144 1244
4146 1252
4147 1243
4218 1203
4219 1202
4257 1262
4255 1264
4245 1264
4192 1215
4141 1250
4145 1244
4143 1244
4146 1253
4147 1242
4217 1203
4218 1202
4258 1262
4257 1263
4257 1261
4256 1264
4244 1264
4245 1265
4193 1215
4192 1214
4140 1250
4142 1244
4147 1253
4148 1242
4147 1241
4216 1203
4218 1201
4259 1262
4257 1264
4256 1265
4243 1264
4245 1266
4194 1215
4192 1213
4139 1250
4142 1245
4148 1253
4147 1254
4146 1241
4215 1203
4259 1263
4259 1261
4258 1264
4256 1266
4243 1263
4244 1266
4194 1216
4191 1213
4138 1250
4139 1251
4139 1249
4141 1245
4148 1254
4147 1255
4145 1241
4146 1240
4215 1202
4260 1263
4260 1261
4257 1266
4255 1266
4256 1267
4243 1262
4191 1212
4139 1252
4140 1245
4141 1246
4149 1254
4146 1255
4214 1202
4261 1263
4260 1260
4256 1268
4244 1262
4242 1262
4190 1212
4138 1252
4139 1253
4139 1245
4140 1244
4141 1247
4150 1254
4146 1256
4213 1202
4261 1264
4261 1260
4256 1269
4244 1261
4241 1262
4137 1252
4138 1253
4139 1254
4138 1245
4140 1243
4142 1247
4151 1254
4150 1255
4150 1253
4145 1256
4213 1203
4262 1260
4257 1269
4244 1260
4241 1263
4137 1253
4139 1255
4140 1242
4152 1254
4150 1252
4144 1256
4212 1203
4263 1260
4262 1261
4262 1259
4257 1270
4245 1260
4243 1260
4244 1259
4241 1264
4136 1253
4140 1255
4140 1241
4153 1254
4152 1255
4151 1252
4149 1252
4150 1251
4144 1257
4144 1255
4211 1203
4263 1261
4262 1262
4262 1258
4257 1271
4246 1260
4242 1260
4244 1258
4240 1264
4136 1254
4141 1255
4141 1241
4140 1240
4152 1256
4152 1252
4143 1257
4143 1255
4211 1202
4263 1262
4256 1271
4257 1272
4243 1258
4244 1257
4240 1265
4136 1255
4140 1239
4152 1257
4143 1258
4143 1254
4210 1202
4211 1201
4258 1272
4257 1273
4242 1258
4243 1257
4244 1256
4239 1265
4137 1255
4139 1239
4140 1238
4153 1257
4142 1258
4209 1202
4211 1200
4259 1272
4256 1273
4257 1274
4241 1258
4243 1256
4238 1265
4239 1266
4138 1239
4154 1257
4141 1258
4142 1259
4209 1201
4211 1199
4260 1272
4255 1273
4240 1258
4242 1256
4243 1255
4237 1265
4138 1238
4155 1257
4141 1259
4142 1260
4209 1200
4212 1199
4210 1199
4260 1273
4260 1271
4255 1274
4239 1258
4241 1256
4243 1254
4237 1266
4237 1264
4137 1238
4138 1237
4140 1259
4142 1261
4208 1200
4261 1273
4261 1271
4254 1274
4238 1258
4239 1259
4241 1255
4244 1254
4243 1253
4236 1264
4237 1263
4137 1237
4138 1236
4139 1259
4140 1260
4143 1261
4207 1200
4261 1274
4261 1270
4253 1274
4254 1275
4238 1259
4241 1254
4245 1254
4243 1252
4235 1264
4237 1262
4136 1237
4139 1236
4138 1259
4139 1258
4140 1261
4144 1261
4143 1262
4206 1200
4261 1275
4262 1270
4252 1274
4253 1273
4246 1254
4127 1283
4238 1262
4135 1237
4139 1235
4138 1260
4140 1262
4145 1261
4143 1263
4205 1200
4206 1201
4206 1199
4262 1275
4262 1269
4251 1274
4252 1273
4246 1253
4132 1281
4127 1282
4134 1237
4135 1236
4139 1234
4140 1263
4144 1263
4143 1264
4206 1202
4206 1198
4262 1276
4262 1268
4251 1273
4131 1281
4129 1281
4133 1237
4134 1238
4140 1234
4139 1263
4145 1263
4143 1265
4206 1203
4205 1198
4206 1197
4262 1277
4262 1267
4128 1282
4130 1281
4129 1282
4133 1236
4134 1239
4141 1234
4138 1263
4139 1264
4145 1264
4142 1265
4207 1203
4205 1203
4204 1198
4205 1197
4207 1197
4263 1277
4261 1277
4262 1278
4263 1267
4130 1282
4130 1283
4130 1284
4133 1235
4134 1240
4142 1234
4137 1263
4138 1264
4139 1265
4142 1266
4205 1204
4203 1198
4263 1278
4263 1266
4132 1283
4131 1284
4133 1284
4132 1235
4133 1234
4133 1240
4134 1241
4142 1233
4137 1262
4138 1265
4142 1267
4204 1204
4205 1205
4202 1198
4264 1278
4263 1279
4264 1266
4132 1284
4132 1285
4131 1235
4133 1241
4143 1233
4137 1265
4138 1266
4143 1267
4142 1268
4203 1204
4204 1205
4206 1205
4205 1206
4201 1198
4202 1199
4202 1197
4265 1278
4264 1279
4265 1266
4132 1286
4131 1287
4131 1236
4131 1234
4144 1233
4136 1265
4137 1266
4138 1267
4141 1268
4202 1204
4205 1207
4200 1198
4201 1197
4266 1278
4266 1266
4265 1267
4265 1265
4132 1287
4132 1288
4133 1288
4125 1624
4124 1624
4131 1237
4131 1233
4145 1233
4136 1266
4141 1269
4202 1203
4201 1196
4267 1278
4266 1265
4265 1268
4124 1623
4123 1622
4124 1622
4130 1233
4131 1232
4145 1234
4145 1232
4135 1266
4136 1267
4141 1270
4202 1202
4201 1195
4268 1278
4267 1279
4267 1265
4265 1269
4126 1623
4125 1622
4127 1621
4131 1231
4146 1234
4145 1235
4146 1232
4134 1266
4136 1268
4201 1202
4202 1195
4200 1195
4201 1194
4268 1277
4267 1280
4268 1265
4266 1269
4265 1270
4126 1622
4131 1230
4146 1235
4144 1235
4147 1232
4146 1231
4133 1266
4134 1267
4134 1265
4137 1268
4136 1269
4200 1202
4203 1195
4199 1195
4201 1193
4269 1277
4266 1280
4268 1266
4131 1229
4146 1236
4143 1235
4147 1231
4133 1267
4133 1265
4136 1270
4200 1203
4203 1194
4198 1195
4200 1193
4270 1277
4269 1266
4132 1229
4130 1229
4131 1228
4146 1237
4143 1236
4132 1267
4133 1268
4137 1270
4136 1271
4199 1203
4203 1193
4197 1195
4270 1276
4270 1266
4133 1229
4129 1229
4147 1237
4142 1236
4143 1237
4133 1269
4137 1271
4135 1271
4136 1272
4198 1203
4199 1204
4203 1192
4196 1195
4197 1196
4197 1194
4270 1275
4134 1229
4128 1229
4129 1230
4147 1238
4141 1236
4132 1269
4137 1272
4134 1271
4199 1205
4203 1191
4195 1195
4196 1194
4197 1193
4135 1229
4134 1230
4134 1228
4127 1229
4128 1230
4129 1231
4141 1237
4132 1270
4137 1273
4134 1270
4198 1205
4199 1206
4203 1190
4194 1195
4198 1193
4197 1192
4136 1229
4126 1229
4127 1228
4129 1232
4131 1270
4137 1274
4198 1206
4200 1206
4204 1190
4194 1196
4198 1192
4136 1230
4136 1228
4125 1229
4127 1227
4128 1232
4130 1270
4136 1274
4137 1275
4197 1206
4200 1207
4205 1190
4204 1189
4193 1196
4198 1191
4136 1227
4124 1229
4125 1228
4126 1227
4127 1226
4127 1232
4129 1270
4130 1271
4135 1274
4137 1276
4197 1207
4201 1207
4205 1191
4204 1188
4193 1197
4199 1191
4198 1190
4137 1227
4135 1227
4136 1226
4123 1229
4128 1226
4127 1225
4127 1233
4129 1269
4134 1274
4135 1275
4137 1277
4202 1207
4201 1208
4203 1188
4199 1190
4198 1189
4138 1227
4122 1229
4126 1233
4129 1268
4134 1275
4137 1278
4201 1209
4197 1189
4198 1188
4122 1228
4129 1267
4133 1275
4138 1278
4136 1278
4202 1209
4201 1210
4196 1189
4121 1228
4122 1227
4130 1267
4128 1267
4132 1275
4138 1279
4202 1210
4200 1210
4195 1189
4196 1190
4120 1228
4127 1267
4131 1275
4132 1276
4138 1280
4199 1210
4200 1211
4194 1189
4120 1229
4120 1227
4126 1267
4127 1266
4130 1275
4132 1277
4139 1280
4137 1280
4198 1210
4200 1212
4194 1188
4120 1230
4127 1265
4129 1275
4130 1276
4140 1280
4139 1281
4136 1280
4137 1281
4197 1210
4201 1212
4200 1213
4193 1188
4119 1230
4120 1231
4126 1265
4128 1275
4129 1276
4139 1282
4135 1280
4136 1281
4137 1282
4197 1211
4202 1212
4192 1188
4118 1230
4119 1231
4121 1231
4126 1264
4128 1276
4140 1282
4139 1283
4197 1212
4203 1212
4192 1189
4117 1230
4119 1232
4122 1231
4126 1263
4127 1276
4138 1283
4139 1284
4197 1213
4204 1212
4191 1189
4116 1230
4117 1231
4117 1229
4119 1233
4125 1263
4126 1262
4140 1284
4198 1213
4197 1214
4204 1211
4190 1189
4115 1230
4117 1228
4119 1234
4124 1263
4126 1261
4141 1284
4140 1285
4198 1214
4196 1214
4197 1215
4204 1210
4190 1190
4114 1230
4117 1227
4119 1235
4124 1264
4127 1261
4126 1260
4141 1283
4140 1286
4190 1191
4114 1229
4118 1227
4117 1226
4120 1235
4123 1264
4128 1261
4126 1259
4142 1283
4140 1287
4189 1191
4114 1228
4118 1226
4121 1235
4122 1264
4123 1265
4129 1261
4127 1259
4140 1288
4188 1191
4115 1228
4113 1228
4114 1227
4122 1235
4122 1263
4129 1262
4140 1289
4187 1191
4188 1190
4112 1228
4113 1227
4114 1226
4123 1235
4122 1236
4122 1234
4121 1263
4122 1262
4130 1262
4141 1289
4139 1289
4186 1191
4111 1228
4114 1225
4124 1235
4122 1237
4120 1263
4123 1262
4141 1290
4138 1289
4139 1290
4185 1191
4186 1190
4110 1228
4115 1225
4113 1225
4125 1235
4124 1236
4124 1234
4122 1238
4119 1263
4120 1264
4120 1262
4142 1290
4138 1288
4139 1291
4186 1189
4109 1228
4113 1224
4125 1236
4124 1237
4124 1233
4122 1239
4118 1263
4120 1261
4143 1290
4137 1288
4138 1291
4186 1188
4108 1228
4113 1223
4125 1237
4124 1238
4123 1239
4122 1240
4117 1263
4118 1264
4121 1261
4120 1260
4143 1291
4136 1288
4138 1292
4186 1187
4107 1228
4108 1227
4112 1223
4126 1237
4124 1239
4116 1263
4117 1264
4121 1260
4119 1260
4143 1292
4135 1288
4138 1293
4186 1186
4106 1228
4107 1229
4108 1226
4124 1240
4115 1263
4116 1264
4117 1265
4121 1259
4118 1260
4143 1293
4134 1288
4135 1289
4135 1287
4138 1294
4185 1186
4186 1185
4105 1228
4106 1227
4107 1230
4109 1226
4108 1225
4125 1240
4115 1264
4117 1266
4122 1259
4121 1258
4117 1260
4144 1293
4142 1293
3154 2040
4135 1290
4135 1286
4138 1295
4184 1186
4187 1185
4186 1184
4104 1228
4108 1230
4106 1230
4110 1226
4108 1224
4126 1240
4116 1266
4117 1267
4121 1257
4117 1259
4145 1293
4054 1736
4134 1290
4188 1185
4186 1183
4103 1228
4108 1231
4110 1225
4109 1224
4117 1268
4122 1257
4116 1259
4054 1735
4134 1291
4188 1186
4187 1183
4186 1182
4102 1228
4109 1231
4111 1225
4109 1223
4118 1268
4116 1268
4117 1269
4115 1259
4114 1628
4116 1627
4188 1187
4187 1182
4101 1228
4102 1229
4110 1231
4116 1269
4114 1259
4116 1629
4189 1187
4187 1181
4100 1228
4101 1229
4102 1230
4111 1231
4115 1269
4116 1270
4113 1259
4114 1260
4114 1258
4115 1628
4190 1187
4187 1180
4100 1227
4101 1230
4115 1270
4113 1260
4114 1257
4116 1628
4118 1629
4117 1628
4188 1180
4186 1180
4187 1179
4100 1226
4100 1230
4114 1270
4113 1261
4115 1257
4118 1628
4187 1178
4101 1226
4099 1226
4099 1230
4100 1231
4114 1271
4112 1261
4116 1257
4115 1256
4119 1628
4187 1177
4101 1225
4098 1226
4100 1232
4113 1271
4111 1261
4115 1255
4118 1627
4188 1177
4186 1177
4101 1224
4097 1226
4100 1233
4112 1271
4111 1260
4115 1254
4119 1627
4119 1626
4188 1176
4185 1177
4100 1224
4101 1223
4096 1226
4101 1233
4099 1233
4100 1234
4112 1272
4112 1270
4111 1259
4114 1254
4120 1626
4121 1626
4122 1626
4189 1176
4184 1177
4185 1178
4099 1224
4102 1223
4095 1226
4096 1225
4102 1233
4101 1234
4098 1233
4099 1234
4112 1273
4112 1269
4111 1258
4113 1254
4122 1625
4123 1625
4190 1176
4183 1177
4184 1176
4102 1222
4094 1226
4103 1233
4097 1233
4098 1234
4111 1273
4112 1274
4113 1269
4111 1269
4112 1268
4112 1254
4113 1255
4113 1253
4124 1625
4191 1176
4190 1177
4182 1177
4102 1221
4093 1226
4094 1227
4104 1233
4096 1233
4097 1234
4097 1232
4112 1275
4110 1269
4111 1268
4112 1267
4112 1253
4113 1252
4192 1176
4191 1175
4182 1178
4103 1221
4092 1226
4093 1227
4093 1225
4094 1228
4105 1233
4095 1233
4096 1234
4097 1235
4097 1231
4113 1275
4111 1275
4112 1276
4109 1269
4112 1252
4113 1251
4192 1175
4191 1174
4182 1179
4104 1221
4092 1227
4093 1224
4094 1229
4105 1234
4105 1232
4094 1233
4097 1236
4114 1275
4110 1275
4111 1276
4109 1270
4109 1268
4113 1250
4193 1175
4182 1180
4104 1220
4094 1224
4093 1223
4095 1229
4094 1230
4106 1234
4105 1235
4093 1233
4109 1275
4108 1270
4109 1267
4113 1249
4194 1175
4193 1174
4183 1180
4181 1180
4105 1220
4104 1219
4095 1224
4095 1230
4093 1234
4109 1276
4109 1274
4107 1270
4109 1266
4112 1249
4195 1175
4193 1173
4184 1180
4180 1180
4104 1218
4095 1223
4093 1235
4108 1276
4108 1274
4107 1271
4111 1249
4196 1175
4193 1172
4184 1179
4179 1180
4105 1218
4093 1236
4107 1276
4108 1277
4110 1249
4111 1248
4196 1176
4192 1172
4193 1171
4178 1180
4105 1217
4093 1237
4106 1276
4107 1275
4108 1278
4109 1249
4197 1176
4196 1177
4191 1172
4105 1216
4092 1237
4093 1238
4105 1276
4109 1278
4109 1250
4109 1248
4196 1178
4191 1171
4104 1216
4091 1237
4092 1238
4105 1275
4109 1279
4108 1250
4108 1248
4109 1247
4196 1179
4191 1170
4103 1216
4091 1238
4092 1239
4104 1275
4105 1274
4110 1279
4107 1250
4197 1179
4196 1180
4190 1170
4103 1217
4103 1215
4091 1239
4092 1240
4104 1274
4111 1279
4106 1250
4198 1179
4197 1180
4189 1170
4102 1215
4103 1214
4090 1239
4093 1240
4103 1274
4111 1278
4105 1250
4199 1179
4198 1180
4197 1181
4188 1170
4189 1171
4101 1215
4103 1213
4089 1239
4093 1241
4102 1274
4104 1250
4105 1249
4199 1180
4198 1181
4197 1182
4187 1170
4100 1215
4104 1213
4088 1239
4089 1240
4089 1238
4093 1242
4102 1275
4102 1273
4103 1250
4105 1248
4200 1180
4198 1182
4196 1182
4100 1216
4105 1213
4104 1212
4089 1241
4089 1237
4094 1242
4093 1243
4102 1276
4101 1273
4102 1272
4102 1250
4106 1248
4105 1247
4201 1180
4199 1182
4198 1183
4196 1183
4100 1217
4106 1213
4104 1211
4089 1242
4088 1237
4094 1243
4102 1277
4100 1273
4102 1251
4106 1247
4104 1247
4201 1181
4201 1179
4200 1182
4196 1184
4100 1218
4107 1213
4105 1211
4103 1211
4087 1237
4088 1236
4094 1244
4101 1277
4101 1251
4102 1252
4107 1247
4103 1247
4104 1246
4201 1182
4201 1178
4200 1183
4195 1184
4107 1214
4107 1212
4102 1211
4086 1237
4088 1235
4094 1245
4101 1278
4100 1251
4102 1253
4107 1246
4103 1248
4103 1246
4202 1178
4108 1212
4102 1210
4085 1237
4088 1234
4095 1245
4093 1245
4101 1279
4100 1250
4103 1253
4101 1253
4107 1245
4103 1245
4203 1178
4202 1177
4109 1212
4087 1234
4092 1245
4093 1246
4100 1279
4101 1280
4100 1253
4101 1254
4103 1244
4203 1179
4203 1177
4202 1176
4087 1233
4091 1245
4092 1244
4093 1247
4099 1279
4101 1281
4101 1255
4102 1244
4203 1176
4201 1176
4202 1175
4087 1232
4091 1246
4094 1247
4093 1248
4098 1279
4100 1281
4100 1255
4203 1175
4094 1248
4097 1279
4098 1280
4100 1256
4204 1175
4203 1174
4097 1280
4097 1278
4100 1257
4203 1173
4097 1281
4096 1278
4100 1258
4202 1173
4097 1282
4096 1277
4099 1258
4100 1259
4096 1282
4096 1276
4098 1258
4101 1259
4100 1260
4095 1282
4096 1283
4095 1276
4096 1275
4094 1282
4096 1284
4094 1276
4097 1275
4093 1282
4094 1283
4095 1284
4096 1285
4093 1276
4094 1277
4098 1275
4092 1282
4093 1283
4094 1284
4096 1286
4093 1275
4094 1278
4098 1274
4094 1285
4096 1287
4092 1275
4094 1279
4098 1273
4093 1285
4094 1286
4096 1288
4091 1275
4092 1274
4098 1272
4092 1285
4092 1273
4098 1271
4091 1285
4092 1286
4092 1272
4091 1284
4092 1287
4093 1272
4091 1272
4093 1287
4092 1288
4094 1272
4091 1271
4092 1289
4094 1273
4094 1271
4090 1271
4092 1290
4095 1273
4089 1271
4093 1290
4092 1291
4096 1273
4088 1271
4089 1272
4094 1290
4091 1291
4092 1292
4096 1272
4087 1271
4095 1290
4090 1291
4092 1293
4087 1270
4096 1290
4089 1291
4090 1292
4093 1293
4092 1294
4086 1270
4088 1291
4090 1293
4094 1293
4092 1295
4086 1269
4087 1291
4095 1293
4094 1294
4092 1296
4086 1268
4087 1290
4096 1293
4095 1294
4094 1295
4093 1296
4086 1267
4086 1290
4097 1293
4096 1294
4085 1267
4085 1290
4086 1289
4098 1293
4097 1292
4096 1295
4084 1267
4085 1266
4085 1291
4085 1289
4098 1294
4084 1268
4084 1266
4085 1265
4085 1292
4084 1289
4085 1288
4098 1295
4083 1268
4086 1265
4085 1293
4083 1289
4085 1287
4099 1295
4098 1296
4082 1268
4087 1265
4086 1293
4082 1289
4083 1288
4085 1286
4100 1295
4097 1296
4081 1268
4082 1269
4082 1267
4088 1265
4087 1264
4087 1293
4086 1294
4081 1289
4082 1290
4084 1286
4085 1285
4101 1295
4100 1294
4097 1297
4082 1270
4088 1264
4087 1263
4087 1294
4080 1289
4081 1290
4084 1285
4085 1284
4101 1294
4097 1298
4081 1270
4082 1271
4088 1263
4086 1263
4079 1289
4081 1291
4083 1285
4085 1283
4101 1293
4098 1298
4096 1298
4080 1270
4082 1272
4089 1263
4085 1263
4078 1289
4086 1283
4085 1282
4101 1292
4098 1299
4095 1298
4079 1270
4081 1272
4082 1273
4090 1263
4084 1263
4078 1288
4084 1282
4085 1281
4101 1291
4098 1300
4078 1270
4079 1269
4080 1272
4082 1274
4091 1263
4090 1262
4078 1287
4083 1282
4086 1281
4102 1291
4101 1290
4098 1301
4077 1270
4082 1275
4092 1263
4091 1264
4091 1262
4077 1287
4082 1282
4083 1283
4103 1291
4098 1302
4077 1269
4082 1276
4092 1264
4091 1261
4076 1287
4082 1283
4082 1281
4098 1303
4076 1269
4077 1268
4083 1276
4082 1277
4091 1260
4075 1287
4081 1283
4082 1280
4099 1303
4078 1268
4084 1276
4081 1277
4092 1260
4090 1260
4075 1286
4080 1283
4081 1284
4081 1280
4100 1303
4078 1267
4084 1275
4080 1277
4092 1259
4090 1259
4075 1285
4079 1283
4080 1284
4080 1280
4100 1304
4078 1266
4093 1259
4090 1258
4076 1285
4074 1285
4078 1283
4100 1305
4078 1265
4094 1259
4093 1258
4077 1285
4073 1285
4077 1283
4078 1282
4101 1305
4100 1306
4079 1265
4078 1264
4095 1259
4093 1257
4078 1285
4073 1286
4073 1284
4102 1305
4099 1306
4100 1307
4080 1265
4078 1263
4096 1259
4094 1257
4093 1256
4072 1286
4072 1284
4098 1306
4099 1307
4100 1308
4080 1264
4078 1262
4097 1259
4096 1258
4092 1256
4071 1284
4098 1307
4100 1309
4081 1264
4079 1262
4078 1261
4071 1283
4097 1307
4101 1309
4080 1262
4077 1261
4078 1260
4071 1282
4097 1308
4101 1310
4078 1259
4072 1282
4070 1282
4096 1308
4101 1311
4077 1259
4072 1281
4069 1282
4102 1311
4077 1258
4072 1280
4069 1281
4102 1312
4076 1258
4077 1257
4072 1279
4068 1281
4103 1312
4102 1313
4077 1256
4073 1279
4068 1280
4104 1312
4078 1256
4076 1256
4074 1279
4067 1280
4104 1313
4104 1311
4079 1256
4075 1256
4074 1278
4066 1280
4105 1313
4104 1314
4079 1257
4074 1277
4066 1279
4103 1314
4079 1258
4074 1276
4065 1279
4103 1315
4074 1275
4064 1279
4103 1316
4075 1275
4063 1279
4103 1317
4063 1280
4063 1278
4102 1317
4062 1278
4061 1278
4060 1278
4060 1279
4059 1279
4058 1279
4057 1279
4058 1280
4057 1280
4058 1281
4057 1281
4056 1281
4055 1281
4056 1282
4055 1282
4055 1283
4054 1283
4055 1284
4056 1284
4057 1284
4058 1284
4058 1285
4058 1286
4058 1287
4058 1288
4059 1288
4057 1288
4058 1289
4057 1289
4056 1289
4057 1290
4057 1291
4058 1291
4056 1291
4059 1291
4058 1292
4055 1291
4058 1293
4054 1291
4055 1292
4059 1293
4058 1294
4053 1291
4055 1293
4060 1293
4058 1295
4052 1291
4053 1292
4060 1292
4059 1295
4058 1296
4051 1291
4052 1290
4053 1293
4059 1296
4057 1296
4050 1291
4051 1290
4053 1294
4060 1296
4057 1297
4050 1292
4061 1296
4057 1298
4049 1292
4050 1293
4062 1296
4057 1299
4048 1292
4050 1294
4063 1296
4062 1297
4057 1300
4047 1292
4048 1293
4049 1294
4050 1295
4063 1295
4062 1298
4057 1301
4046 1292
4047 1291
4050 1296
4063 1294
4062 1299
4058 1301
4056 1301
4057 1302
4045 1292
4051 1296
4049 1296
4064 1294
4063 1293
4061 1299
4057 1303
4045 1293
4045 1291
4052 1296
4051 1297
4048 1296
4065 1294
4061 1300
4056 1303
4057 1304
4044 1293
4045 1294
4045 1290
4051 1298
4066 1294
4065 1293
4061 1301
4056 1304
4058 1304
4057 1305
4046 1294
4045 1295
4044 1290
4045 1289
4062 1301
4055 1304
4044 1295
4044 1289
4045 1288
4054 1304
4055 1305
4044 1296
4045 1287
4053 1304
4055 1306
4044 1297
4046 1287
4044 1287
4053 1305
4055 1307
4045 1297
4043 1297
4043 1287
4044 1286
4052 1305
4055 1308
4042 1297
4042 1287
4043 1288
4043 1286
4044 1285
4051 1305
4056 1308
4055 1309
4041 1297
4042 1296
4041 1287
4044 1284
4050 1305
4051 1304
4057 1308
4054 1309
4041 1298
4041 1288
4045 1284
4043 1284
4051 1303
4053 1309
4041 1299
4040 1288
4046 1284
4045 1283
4043 1283
4050 1303
4052 1309
4041 1300
4039 1288
4046 1283
4043 1282
4049 1303
4052 1310
4041 1301
4039 1287
4046 1282
4042 1282
4043 1281
4049 1304
4049 1302
4051 1310
4052 1311
4042 1301
4040 1301
4039 1286
4047 1282
4041 1282
4043 1280
4048 1302
4050 1310
4043 1301
4040 1302
4038 1286
4048 1282
4044 1280
3197 1917
4047 1302
4049 1310
4043 1302
4039 1302
4040 1303
4037 1286
4038 1285
3197 1916
4047 1303
4047 1301
4049 1311
4049 1309
4038 1302
4039 1303
4040 1304
4036 1286
4037 1285
4038 1284
3196 1916
4047 1304
4047 1300
4049 1312
4048 1309
4037 1302
4039 1304
4036 1287
4039 1284
4038 1283
3196 1915
4046 1304
4047 1305
4048 1300
4048 1312
4047 1309
4036 1302
4038 1304
4035 1287
4036 1288
4039 1283
3196 1914
4045 1304
4047 1312
4047 1308
4035 1302
4036 1301
4037 1304
4038 1305
4034 1287
3194 1915
4047 1313
4047 1307
4034 1302
4035 1301
4037 1305
4034 1288
4034 1286
3195 1914
4046 1313
4033 1302
4035 1300
4033 1288
4033 1286
3194 1914
4002 1735
4045 1313
4046 1314
4032 1302
4034 1300
4035 1299
4033 1289
4032 1286
4001 1732
4000 1733
4045 1312
4046 1315
4031 1302
4033 1300
4034 1299
4033 1290
4032 1287
4032 1285
4002 1734
4001 1733
4002 1733
4002 1728
4044 1312
4045 1311
4045 1315
4046 1316
4030 1302
4031 1303
4033 1299
4034 1298
4032 1290
4033 1291
4032 1284
4004 1728
4003 1733
4003 1728
4045 1310
4044 1315
4047 1316
4046 1317
4031 1304
4033 1292
4031 1284
4003 1732
4003 1729
4003 1731
4044 1310
4044 1316
4048 1316
4047 1317
4046 1318
4030 1304
4032 1292
4033 1293
4030 1284
4003 1730
4004 1730
4043 1310
4044 1317
4048 1315
4046 1319
4029 1304
4030 1305
4031 1292
4032 1293
4034 1293
4029 1284
4006 1731
4005 1730
4007 1731
4042 1310
4043 1317
4045 1319
4028 1304
4029 1305
4030 1306
4031 1293
4031 1291
4028 1284
4029 1283
4006 1730
4008 1729
4007 1730
4009 1729
4042 1309
4043 1318
4027 1304
4028 1305
4028 1303
4029 1306
4030 1291
4028 1283
4029 1282
4008 1730
4009 1730
4010 1730
4014 1730
4010 1731
4013 1730
4012 1730
4041 1309
4042 1318
4026 1304
4028 1302
4029 1307
4029 1291
4027 1283
4030 1282
4011 1731
4013 1731
4012 1731
4012 1735
4012 1732
4040 1309
4041 1308
4041 1318
4029 1308
4029 1292
4026 1283
4031 1282
4030 1281
4012 1734
4012 1733
4016 1736
4040 1310
4041 1307
4040 1318
4041 1317
4029 1309
4028 1292
4029 1293
4025 1283
4026 1284
4026 1282
4032 1282
4017 1735
4013 1733
4016 1735
4040 1319
4040 1317
4027 1292
4024 1283
4025 1282
4026 1285
4032 1281
4017 1734
4014 1733
4016 1734
4014 1732
4039 1319
4040 1320
4040 1316
4023 1283
4024 1282
4025 1281
4026 1286
4033 1281
4032 1280
4016 1733
4017 1732
4015 1732
4016 1732
4015 1731
4040 1321
4039 1316
4022 1283
4023 1282
4025 1280
4025 1286
4034 1281
4032 1279
4016 1731
4016 1730
4017 1730
4017 1729
4017 1728
4018 1728
4039 1321
4038 1316
4039 1315
4025 1279
4033 1279
4020 1729
4019 1728
4020 1728
2880 2524
2883 2523
2878 2520
4038 1321
4039 1322
4037 1316
4039 1314
4024 1279
4025 1278
2877 2521
2881 2524
2882 2523
2878 2521
2881 2523
2879 2521
4038 1320
4039 1323
4037 1317
4023 1279
2876 2516
2881 2522
2880 2521
2876 2517
2881 2521
2880 2520
4038 1323
4036 1317
4023 1280
4023 1278
2877 2517
2881 2520
2878 2517
2882 2520
2883 2519
4037 1323
4022 1280
4023 1277
2879 2517
2878 2516
2882 2519
2879 2516
2882 2518
2880 2516
4036 1323
4021 1280
4022 1277
4023 1276
2882 2517
2881 2516
2882 2516
2882 2515
2882 2514
2902 2517
4036 1324
4020 1280
4021 1277
4022 1276
4023 1275
2882 2513
2902 2518
2883 2513
4035 1324
4020 1281
4020 1277
4023 1274
2883 2500
2882 2501
2900 2517
4034 1324
4020 1282
4019 1277
4020 1278
4023 1273
2901 2518
2884 2513
2885 2503
2884 2502
4034 1325
4034 1323
4019 1282
4019 1276
4024 1273
4022 1273
4023 1272
2883 2501
2900 2518
2885 2511
4033 1325
4034 1326
4033 1323
4019 1283
4024 1272
2885 2513
2892 2495
2888 2503
2885 2502
2884 2501
2899 2518
4033 1326
4033 1322
4019 1284
4024 1271
2886 2511
2886 2513
2891 2495
2887 2499
2887 2503
2885 2501
2898 2518
4032 1326
4033 1327
4032 1322
4020 1284
4018 1284
4024 1270
2888 2510
2886 2512
2891 2496
2888 2499
2887 2502
2886 2501
4032 1327
4033 1328
4031 1322
4032 1321
4020 1285
4017 1284
4025 1270
4024 1269
2898 2519
2888 2511
2887 2512
4034 1328
4033 1329
4030 1322
4023 1269
2891 2497
2888 2500
2887 2501
4035 1328
4034 1329
4032 1329
4030 1323
4022 1269
2897 2519
2892 2510
4034 1330
4029 1323
4021 1269
2888 2512
2891 2498
2889 2502
4035 1330
4029 1324
4020 1269
2888 2501
2896 2519
2891 2510
2892 2511
4035 1331
4028 1324
4029 1325
4019 1269
4020 1270
2888 2513
2891 2499
2890 2500
4036 1331
4027 1324
4018 1269
4019 1268
2889 2501
4036 1332
4026 1324
4027 1325
4017 1269
4018 1270
4019 1267
2895 2519
4037 1332
4026 1323
4027 1326
4016 1269
4018 1271
4019 1266
2891 2511
2888 2514
4037 1333
4025 1323
4028 1326
4027 1327
4015 1269
4019 1271
4017 1271
4020 1266
2891 2500
2890 2501
2895 2518
4037 1334
4025 1322
4026 1327
4027 1328
4014 1269
4017 1272
4020 1265
2891 2512
2889 2514
4037 1335
4024 1322
4025 1327
4013 1269
4017 1273
4020 1264
2892 2500
2891 2501
2894 2502
4038 1335
4036 1335
4037 1336
4023 1322
4012 1269
4016 1273
4017 1274
4019 1264
2895 2517
2891 2513
2890 2514
4039 1335
4037 1337
4023 1323
4023 1321
4011 1269
4012 1270
4012 1268
4018 1274
4019 1263
2892 2501
2893 2502
4040 1335
4039 1334
4038 1337
4036 1337
4022 1323
4023 1324
4022 1321
4010 1269
4012 1271
4012 1267
4019 1274
4018 1275
4018 1263
4019 1262
2894 2517
2892 2513
4040 1336
4036 1338
4023 1325
4022 1320
4010 1268
4013 1267
4012 1266
2892 2515
2891 2514
2892 2502
2894 2516
2893 2513
4041 1336
4024 1325
4022 1325
4021 1320
4022 1319
4009 1268
4010 1267
4012 1265
2892 2514
2892 2503
2891 2504
2894 2515
4042 1336
4024 1326
4021 1325
4022 1318
4008 1268
4012 1264
2893 2514
2892 2504
2891 2505
2894 2514
2892 2505
2895 2514
4043 1336
4020 1325
4021 1318
4022 1317
4008 1269
4008 1267
4011 1264
4012 1263
2892 2506
2896 2514
2893 2506
2896 2513
2895 2505
4044 1336
4019 1325
4021 1317
4007 1267
4011 1263
4013 1263
4012 1262
2894 2506
2898 2514
2897 2513
4044 1337
4044 1335
4019 1326
4021 1316
4006 1267
4007 1266
4014 1263
4012 1261
2895 2506
2898 2513
4045 1337
4044 1338
4045 1335
4018 1326
4020 1316
4006 1266
4015 1263
4012 1260
2934 2508
4044 1339
4046 1335
4017 1326
4018 1327
4015 1264
4013 1260
4012 1259
2912 2510
2895 2507
4043 1339
4044 1340
4047 1335
4016 1326
4018 1328
4015 1265
4014 1260
4012 1258
2896 2510
4043 1340
4047 1334
4015 1326
4016 1325
4017 1328
4015 1260
4014 1261
4013 1258
2898 2512
4043 1341
4047 1333
4015 1325
4016 1324
4017 1329
4016 1260
4013 1257
2933 2508
4043 1342
4048 1333
4047 1332
4015 1324
4017 1324
4016 1329
4017 1330
4016 1259
4014 1257
2912 2507
4043 1343
4048 1332
4046 1332
4014 1324
4015 1323
4015 1329
4018 1330
4017 1331
4015 1257
2912 2509
4044 1343
4043 1344
4048 1331
4046 1331
4014 1323
4015 1322
4019 1330
4017 1332
4015 1258
4015 1256
2897 2506
2896 2507
4045 1343
4049 1331
4045 1331
4013 1323
4014 1322
4016 1322
4015 1321
4020 1330
4019 1329
4017 1333
4015 1255
2896 2509
2898 2511
4045 1344
4045 1330
4012 1323
4013 1322
4015 1320
4020 1329
4018 1333
4016 1333
4015 1254
2933 2509
2932 2510
2910 2506
4045 1345
4045 1329
4011 1323
4012 1324
4013 1321
4015 1319
4021 1329
4018 1334
4015 1333
4016 1254
4015 1253
2912 2508
2897 2507
4046 1345
4045 1346
4010 1323
4012 1325
4015 1318
4022 1329
4018 1335
4014 1333
4017 1254
4016 1253
4014 1253
2896 2508
2898 2510
2933 2510
2910 2507
2911 2508
4047 1345
4010 1324
4016 1318
4014 1318
4019 1335
4018 1336
4013 1333
4017 1253
4013 1253
2909 2514
2910 2513
4048 1345
4047 1346
4009 1324
4010 1325
4017 1318
4013 1318
4020 1335
4018 1337
4012 1333
4013 1334
4018 1253
4012 1253
4013 1252
4048 1344
4047 1347
4008 1324
4013 1319
4021 1335
4020 1336
4020 1334
4018 1338
4013 1335
4019 1253
4012 1252
4013 1251
4048 1343
4047 1348
4007 1324
4008 1325
4012 1319
4022 1335
4021 1334
4020 1333
4017 1338
4014 1335
4012 1335
4019 1254
4019 1252
4011 1252
4014 1251
4013 1250
4049 1343
4006 1324
4007 1323
4011 1319
4023 1335
4022 1336
4017 1339
4012 1336
4020 1254
4019 1255
4020 1252
4010 1252
4013 1249
4050 1343
4006 1323
4007 1322
4011 1318
4024 1335
4023 1336
4022 1337
4016 1339
4012 1337
4020 1255
4021 1252
4010 1253
4013 1248
4051 1343
4050 1344
4050 1342
4005 1323
4006 1322
4008 1322
4007 1321
4011 1317
4024 1336
4024 1334
4022 1338
4015 1339
4016 1340
4012 1338
4022 1252
4010 1254
4014 1248
4013 1247
4051 1342
4050 1345
4004 1323
4006 1321
4012 1317
4010 1317
4011 1316
4025 1334
4021 1338
4015 1340
4023 1252
4011 1254
4009 1254
4015 1248
4013 1246
4052 1342
4050 1346
4004 1324
4004 1322
4009 1317
4011 1315
4025 1333
4021 1339
4014 1340
4024 1252
4008 1254
4015 1249
4015 1247
4013 1245
4053 1342
4050 1347
4003 1324
4004 1325
4004 1321
4009 1316
4010 1315
4011 1314
4026 1333
4025 1332
4020 1339
4021 1340
4013 1340
4025 1252
4024 1251
4007 1254
4008 1253
4015 1246
4013 1244
4053 1343
4053 1341
4050 1348
4002 1324
4003 1325
4005 1325
4004 1326
4003 1321
4008 1316
4012 1314
4011 1313
4027 1333
4026 1332
4021 1341
4013 1341
4025 1253
4024 1250
4007 1255
4007 1253
4015 1245
4012 1244
4053 1344
4054 1341
4053 1340
4050 1349
4001 1324
4002 1323
4003 1326
4005 1326
4008 1315
4013 1314
4012 1313
4020 1341
4021 1342
4012 1341
4025 1250
4023 1250
4007 1256
4006 1253
4007 1252
4015 1244
4011 1244
4052 1344
4053 1345
4055 1341
4053 1339
4051 1349
4049 1349
4000 1324
4001 1325
4005 1327
4007 1315
4008 1314
4014 1314
4021 1343
4011 1341
4012 1342
4025 1249
4023 1249
4005 1253
4011 1245
4011 1243
4054 1345
4053 1346
4056 1341
4055 1342
4052 1339
4053 1338
4049 1350
4000 1325
4000 1323
4006 1327
4006 1315
4022 1343
4020 1343
4021 1344
4010 1341
4012 1343
4026 1249
4023 1248
4005 1252
4010 1243
4011 1242
4054 1346
4053 1347
4056 1340
4053 1337
4049 1351
4000 1326
4000 1322
4006 1328
4019 1343
4021 1345
4009 1341
4010 1342
4027 1249
4005 1251
4009 1243
4012 1242
4056 1339
4054 1337
4053 1336
4050 1351
4048 1351
3999 1326
4001 1322
3999 1322
4022 1345
4021 1346
4008 1341
4009 1342
4028 1249
4004 1251
4009 1244
4009 1242
4057 1339
4055 1339
4054 1336
4053 1335
4048 1352
3999 1327
4001 1321
3998 1322
4023 1345
4022 1346
4021 1347
4008 1342
4008 1340
4029 1249
4028 1248
4003 1251
4004 1250
4009 1245
4008 1242
4058 1339
4055 1338
4055 1336
4047 1352
3999 1328
4001 1320
4024 1345
4023 1344
4022 1347
4021 1348
4008 1343
4029 1250
4029 1248
4004 1249
4009 1246
4007 1242
4008 1241
4059 1339
4058 1340
4056 1336
4055 1335
4047 1353
3998 1328
4002 1320
4000 1320
4025 1345
4023 1347
4020 1348
4008 1344
4029 1251
4005 1249
4003 1249
4007 1243
4008 1240
4059 1338
4058 1341
4055 1334
4046 1353
4047 1354
3997 1328
4000 1319
4025 1344
4024 1347
4008 1345
4030 1251
4028 1251
4005 1248
4002 1249
4003 1248
4006 1243
4009 1240
4060 1338
4059 1337
4059 1341
4058 1342
4054 1334
4055 1333
4045 1353
4048 1354
3996 1328
3997 1329
3999 1319
4026 1344
4025 1343
4025 1347
4009 1345
4007 1345
4030 1252
4002 1250
4005 1243
4006 1244
4059 1336
4060 1341
4058 1343
4056 1333
4055 1332
4044 1353
4045 1352
4048 1355
3996 1327
3998 1319
4027 1344
4025 1342
4026 1347
4025 1348
4009 1346
4007 1346
4031 1252
4001 1250
4004 1243
4005 1242
4006 1245
4060 1336
4059 1335
4061 1341
4060 1340
4059 1343
4044 1354
4044 1352
4048 1356
3997 1319
4026 1342
4025 1341
4027 1347
4026 1346
4025 1349
4010 1346
4009 1347
4006 1346
4032 1252
4000 1250
4001 1251
4003 1243
4005 1241
4007 1245
4005 1245
4006 1246
4061 1336
4058 1335
4062 1341
4059 1344
4043 1354
4043 1352
4044 1351
4047 1356
4048 1357
3996 1319
4026 1341
4024 1341
4028 1347
4026 1349
4011 1346
4006 1347
4033 1252
3999 1250
4003 1244
4003 1242
4004 1241
4062 1336
4063 1341
4060 1344
4059 1345
4043 1355
4044 1350
4046 1356
3995 1319
3996 1320
4027 1341
4028 1348
4028 1346
4027 1349
4026 1350
4011 1345
4006 1348
4034 1252
3999 1251
4003 1245
4003 1241
4063 1336
4062 1335
4064 1341
4061 1344
4045 1350
4044 1349
4046 1357
3994 1319
3995 1318
3996 1321
4029 1348
4028 1349
4028 1345
4026 1351
4007 1348
4035 1252
3999 1252
4002 1245
4003 1246
4002 1241
4003 1240
4064 1336
4063 1337
4062 1334
4065 1341
4061 1345
4061 1343
4046 1350
4045 1357
3994 1320
3994 1318
3996 1322
4029 1345
4025 1351
4007 1349
4036 1252
4035 1253
4035 1251
3998 1252
4001 1245
4002 1246
4003 1239
4065 1336
4062 1333
4066 1341
4065 1342
4065 1340
4062 1343
3994 1317
3996 1323
4029 1344
4007 1350
4035 1254
4035 1250
4000 1245
4001 1244
4003 1238
4063 1333
4061 1333
4067 1341
4066 1340
4065 1343
3993 1317
3994 1316
3997 1323
3995 1323
4030 1344
4007 1351
4035 1255
4036 1250
4035 1249
3999 1245
4000 1246
4002 1238
4003 1237
4060 1333
4068 1341
4067 1342
4066 1339
4065 1344
3992 1317
3995 1316
3997 1324
3994 1323
3995 1324
4031 1344
4008 1351
4007 1352
4035 1256
4037 1250
4036 1249
4035 1248
3998 1245
3999 1246
4001 1238
4003 1236
4059 1333
4060 1334
4069 1341
4068 1340
4067 1343
4067 1339
4066 1344
4065 1345
3991 1317
3992 1318
3992 1316
3996 1316
3998 1324
3994 1324
3994 1322
4032 1344
4031 1343
4008 1352
4007 1353
4037 1249
3997 1245
3999 1247
4000 1238
4004 1236
4069 1340
4068 1343
4065 1346
3990 1317
3997 1316
3996 1315
3994 1325
4033 1344
4031 1342
4007 1354
4037 1248
3996 1245
3999 1248
3999 1238
4000 1239
4000 1237
4069 1339
4069 1343
4066 1346
4065 1347
3990 1318
3990 1316
3997 1315
3996 1314
3993 1325
4034 1344
4030 1342
4031 1341
4008 1354
4006 1354
4038 1248
3996 1246
3998 1238
4070 1339
4067 1346
4064 1347
4065 1348
3990 1319
3990 1315
3998 1315
3996 1313
3992 1325
4035 1344
4034 1345
4030 1341
4031 1340
4008 1355
4006 1355
4039 1248
3995 1246
3996 1247
3997 1238
4071 1339
4065 1349
3990 1320
3991 1315
3990 1314
3999 1315
3995 1313
3991 1325
4035 1343
4032 1340
4031 1339
4005 1355
4006 1356
4040 1248
3994 1246
3996 1248
3997 1239
4071 1340
4066 1349
4065 1350
3991 1314
3990 1313
4000 1315
3999 1316
3994 1313
3995 1312
3991 1326
3991 1324
4036 1343
4004 1355
4041 1248
4040 1247
3993 1246
3994 1247
3997 1248
3997 1240
4072 1340
4071 1341
4067 1349
4065 1351
3992 1314
3989 1313
4001 1315
3994 1314
3994 1312
3990 1326
3990 1324
3991 1323
4037 1343
4004 1356
4040 1246
3993 1247
3994 1248
4073 1340
4068 1349
4067 1350
4066 1351
4065 1352
3988 1313
4001 1316
4001 1314
3994 1311
3989 1326
4038 1343
4037 1342
4004 1357
4040 1245
3992 1247
3994 1249
4074 1340
4069 1349
4068 1348
4065 1353
3987 1313
4001 1313
3993 1311
3989 1327
4039 1343
4037 1341
4004 1358
4040 1244
3991 1247
3995 1249
4075 1340
4069 1348
4066 1353
4065 1354
3987 1314
4001 1312
3992 1311
3993 1310
3989 1328
4040 1343
4039 1344
4039 1342
4036 1341
4037 1340
4005 1358
4041 1244
4040 1243
3990 1247
3991 1246
4076 1340
4075 1341
4065 1355
3986 1314
4000 1312
3991 1311
3992 1310
3993 1309
3989 1329
4040 1344
4040 1342
4039 1345
4039 1341
4005 1359
4042 1244
4041 1243
3989 1247
3991 1245
4076 1341
4076 1339
4075 1342
4065 1356
3985 1314
3986 1315
4000 1311
3991 1312
3991 1310
3993 1308
3989 1330
4041 1344
4039 1346
4039 1340
4005 1360
4043 1244
4041 1242
3991 1244
4076 1338
4074 1342
4064 1356
3984 1314
3985 1315
3990 1310
3993 1307
3988 1330
3989 1331
4040 1346
4038 1346
4039 1339
4005 1361
4043 1245
3991 1243
4076 1337
4074 1343
4063 1356
3983 1314
3984 1315
3989 1310
3990 1309
3994 1307
3987 1330
3989 1332
4037 1346
4038 1347
4005 1362
4044 1245
3991 1242
4077 1337
4076 1336
4062 1356
3982 1314
3984 1316
3988 1310
3989 1311
3995 1307
3994 1306
3986 1330
3990 1332
3988 1332
4036 1346
4037 1345
4038 1348
4006 1362
4044 1246
3992 1242
3991 1241
4078 1337
4077 1336
4062 1357
3981 1314
3982 1315
3983 1316
3984 1317
3987 1310
3996 1307
3994 1305
3985 1330
3988 1333
4007 1362
4006 1363
4045 1246
4044 1247
3993 1242
3991 1240
4078 1336
4077 1335
4061 1357
4062 1358
3981 1313
3983 1317
3986 1310
3995 1305
3984 1330
3985 1331
4008 1362
4006 1364
4046 1246
4045 1247
4043 1247
3990 1240
4079 1336
4060 1357
3980 1313
3982 1317
3983 1318
3985 1310
3996 1305
3983 1330
3985 1332
4006 1365
4047 1246
4046 1245
4042 1247
3989 1240
4080 1336
4059 1357
4060 1358
4060 1356
3979 1313
3982 1318
3983 1319
3985 1309
3997 1305
3996 1304
3982 1330
3984 1332
3985 1333
4006 1366
4048 1246
3989 1239
4081 1336
4080 1335
4060 1355
3979 1312
3982 1319
3985 1308
3998 1305
3997 1306
3981 1330
3982 1331
3982 1329
3983 1332
3985 1334
4007 1366
4005 1366
4049 1246
3989 1238
4081 1337
4081 1335
4059 1355
4060 1354
3978 1312
3979 1311
3982 1320
3986 1308
3984 1308
3999 1305
3998 1304
3981 1331
3982 1332
3982 1328
3983 1333
3985 1335
4008 1366
4004 1366
4049 1245
3988 1238
4082 1337
4082 1335
4058 1355
4061 1354
4060 1353
3979 1310
3981 1320
3987 1308
3986 1307
3983 1308
4000 1305
3999 1306
3998 1303
3980 1331
3986 1335
3985 1336
4009 1366
4003 1366
4049 1244
3987 1238
3988 1237
4083 1337
4082 1338
4083 1335
4057 1355
4062 1354
4060 1352
3978 1310
3983 1309
3983 1307
4001 1305
3999 1303
3998 1302
3979 1331
3980 1332
3986 1336
3984 1336
4010 1366
4002 1366
4003 1365
4050 1244
3986 1238
4083 1338
4083 1336
4056 1355
4057 1354
3983 1310
3982 1307
4002 1305
3998 1301
3978 1331
3979 1330
3980 1333
3986 1337
3984 1337
4010 1367
4002 1365
4050 1243
3985 1238
3986 1239
4084 1336
3982 1306
3998 1300
3978 1332
3981 1333
3979 1333
3987 1337
3984 1338
4011 1367
4010 1368
4002 1364
4051 1243
3985 1239
3985 1237
4085 1336
3982 1305
3997 1300
3998 1299
3977 1332
3988 1337
3987 1338
3983 1338
4011 1368
4010 1369
4001 1364
4052 1243
4051 1242
3985 1240
3985 1236
4086 1336
4085 1335
3983 1305
3996 1300
3999 1299
3976 1332
3982 1338
4012 1368
4000 1364
4001 1363
4053 1243
3985 1235
4087 1336
4086 1337
4086 1335
4085 1334
3983 1304
3996 1299
3999 1298
3981 1338
3982 1337
4013 1368
3999 1364
4001 1362
4053 1244
4053 1242
3986 1235
3984 1235
4087 1337
4087 1335
4086 1338
4085 1333
3984 1304
3983 1303
4000 1298
3999 1297
3981 1339
4014 1368
3998 1364
3999 1365
4002 1362
4001 1361
4053 1245
4053 1241
3986 1234
3983 1235
4087 1338
4088 1335
4084 1333
4085 1332
3984 1303
4001 1298
4000 1297
3981 1340
4015 1368
3998 1363
3999 1366
4000 1361
4054 1245
4052 1241
4053 1240
3986 1233
3982 1235
4087 1339
4089 1335
4088 1334
4085 1331
3984 1302
4002 1298
3982 1340
3980 1340
3981 1341
4016 1368
4015 1369
4015 1367
3998 1366
3999 1361
4054 1246
4052 1240
4053 1239
3986 1232
3982 1236
4088 1339
4087 1340
4090 1335
4089 1336
4089 1334
4086 1331
4085 1330
3985 1302
4002 1299
3979 1340
4017 1368
3997 1366
3998 1361
3999 1362
4054 1247
4051 1240
4052 1239
4053 1238
3987 1232
3986 1231
3981 1236
4089 1339
4087 1341
4090 1334
4089 1337
4084 1330
3986 1302
4003 1299
3979 1339
4017 1369
3996 1366
3997 1367
3998 1360
4055 1247
4051 1239
4053 1237
3987 1231
3985 1231
3986 1230
3980 1236
4090 1339
4087 1342
4090 1337
4084 1329
3986 1301
4003 1300
4018 1369
3995 1366
3996 1367
3996 1365
3998 1359
4050 1239
4051 1238
4054 1237
4053 1236
3987 1230
3984 1231
3979 1236
4091 1339
4087 1343
4091 1337
4084 1328
3986 1300
4004 1300
4019 1369
3995 1365
3996 1368
3997 1359
4051 1237
4055 1237
4054 1236
4053 1235
3988 1230
3983 1231
3984 1232
3984 1230
3979 1235
4092 1339
4088 1343
4086 1343
4087 1344
4092 1337
4085 1328
4083 1328
3985 1300
4005 1300
4019 1368
3994 1365
3995 1364
3996 1369
3996 1359
3997 1358
4051 1236
4061 1293
4055 1238
4054 1235
4052 1235
3989 1230
3979 1234
4085 1343
4087 1345
4092 1336
4086 1328
4082 1328
3984 1300
3985 1299
4006 1300
4005 1301
4020 1368
4019 1367
3994 1364
3995 1363
3995 1369
3995 1359
3996 1360
3403 1886
4055 1239
4054 1234
3990 1230
3989 1229
3978 1234
4085 1344
4088 1345
4092 1335
4087 1328
4086 1327
4082 1327
3983 1300
3985 1298
4007 1300
4005 1302
4021 1368
4020 1367
4019 1366
3995 1370
3995 1358
3996 1361
3402 1886
4055 1240
4054 1233
3991 1230
3990 1229
3989 1228
3978 1233
4089 1345
4093 1335
4088 1328
4082 1326
3982 1300
3986 1298
4007 1301
4006 1302
4005 1303
4022 1368
4021 1367
4018 1366
4019 1365
3995 1371
3994 1358
3995 1357
3401 1886
2865 2533
4053 1233
4054 1232
3991 1231
3990 1228
3977 1233
3978 1232
4090 1345
4089 1346
4094 1335
4093 1334
4089 1328
4088 1327
4083 1326
4082 1325
3982 1301
3987 1298
4008 1301
4004 1303
4022 1367
4018 1365
4019 1364
3995 1372
3995 1356
2864 2533
4052 1233
4053 1232
4055 1232
3992 1231
3976 1233
3977 1232
3979 1232
4089 1347
4095 1335
4094 1334
4089 1329
4088 1326
4084 1326
4083 1325
4081 1325
3981 1301
3988 1298
3987 1297
4009 1301
4022 1366
4017 1365
4020 1364
3996 1372
3994 1356
3995 1355
2863 2522
4052 1232
4053 1231
3976 1232
4090 1347
4088 1347
4095 1336
4095 1334
4090 1329
4089 1326
4087 1326
4088 1325
4080 1325
4081 1324
3980 1301
3989 1298
3987 1296
4009 1302
4009 1300
4023 1366
4016 1365
4017 1364
4020 1363
3997 1372
3996 1373
3994 1355
3995 1354
2864 2523
4051 1232
4052 1231
4053 1230
3976 1231
4091 1347
4087 1347
4096 1336
4096 1334
4095 1333
4091 1329
4090 1330
4090 1326
4088 1324
4079 1325
4080 1326
4081 1323
3979 1301
3980 1302
3980 1300
3990 1298
3989 1297
3987 1295
4009 1303
4009 1299
4024 1366
4017 1363
4020 1362
3998 1372
3996 1374
3995 1353
2865 2524
4051 1231
4054 1230
4053 1229
3975 1231
4091 1348
4087 1348
4096 1333
4091 1326
4090 1327
4079 1324
3979 1300
3980 1303
3980 1299
3991 1298
3990 1297
3988 1295
4010 1299
4008 1299
4024 1367
4017 1362
4020 1361
3999 1372
3998 1373
3994 1353
2864 2532
2863 2531
4051 1230
4052 1229
3975 1230
4092 1348
4087 1349
4097 1333
4091 1325
4078 1324
4079 1323
3980 1298
3991 1297
3988 1294
4011 1299
4010 1298
4024 1368
4019 1361
4020 1360
3999 1373
3998 1374
3993 1353
2863 2523
2864 2524
4050 1230
3975 1229
4093 1348
4088 1349
4087 1350
4098 1333
4097 1332
4091 1324
4078 1323
3979 1298
3992 1297
4011 1300
4011 1298
4010 1297
4025 1368
4019 1360
4020 1359
4000 1373
3998 1375
3992 1353
3993 1352
2864 2531
2863 2524
4049 1230
3976 1229
3974 1229
4094 1348
4093 1347
4087 1351
4099 1333
4097 1331
4091 1323
4078 1322
3979 1297
3992 1296
4012 1300
4011 1301
4010 1296
4026 1368
4018 1360
4019 1359
3999 1375
3998 1376
3991 1353
3992 1352
2861 2526
2861 2528
4049 1229
3976 1228
3973 1229
4095 1348
4094 1349
4094 1347
4093 1346
4086 1351
4100 1333
4099 1334
4099 1332
4096 1331
4090 1323
4091 1322
3978 1297
4013 1300
4012 1301
4011 1296
4010 1295
4027 1368
3997 1376
3991 1354
3992 1351
2864 2530
3977 1228
3976 1227
3972 1229
4096 1348
4095 1349
4095 1347
4093 1345
4085 1351
4086 1352
4100 1334
4095 1331
4096 1330
4091 1321
4014 1300
4013 1301
4009 1295
4027 1369
4027 1367
3996 1376
3991 1355
3992 1350
2866 2530
3976 1226
3972 1230
3972 1228
4096 1347
4095 1350
4085 1350
4086 1353
4101 1334
4096 1329
4090 1321
4014 1299
4013 1302
4009 1294
4027 1366
3995 1376
3990 1355
3991 1356
3991 1350
3992 1349
2863 2525
3976 1225
3971 1228
4096 1346
4096 1350
4095 1351
4085 1349
4102 1334
4097 1329
4095 1329
4096 1328
4089 1321
4090 1320
4015 1299
4013 1303
4009 1293
4027 1365
3995 1375
3991 1357
3992 1348
2862 2528
3975 1225
3976 1224
3971 1227
4097 1346
4096 1351
4094 1351
4084 1349
4103 1334
4102 1335
4096 1327
4088 1321
4090 1319
4016 1299
4015 1298
4014 1303
4013 1304
4009 1292
4026 1365
3994 1375
3992 1357
3990 1357
3991 1348
2861 2527
2865 2530
3974 1225
3976 1223
3970 1227
4098 1346
4094 1352
4083 1349
4084 1348
4104 1334
4102 1336
4096 1326
4087 1321
4088 1320
4091 1319
4089 1319
4016 1300
4016 1298
4015 1297
4014 1304
4013 1305
4009 1291
3993 1375
3989 1357
3990 1358
3991 1347
2866 2529
2863 2526
3974 1224
3976 1222
3969 1227
4099 1346
4094 1353
4083 1350
4083 1348
4084 1347
4105 1334
4104 1333
4102 1337
4096 1325
4086 1321
4087 1322
4088 1319
4092 1319
4091 1318
4016 1301
4014 1297
4015 1296
4012 1305
4013 1306
4009 1290
3992 1375
3993 1374
3988 1357
3990 1359
3991 1346
2862 2527
2865 2529
3973 1224
3977 1222
3975 1222
3976 1221
3968 1227
3969 1226
4100 1346
4099 1347
4099 1345
4095 1353
4082 1350
4083 1351
4083 1347
4105 1335
4105 1333
4104 1332
4103 1337
4102 1338
4095 1325
4087 1319
4093 1319
4091 1317
4016 1302
4015 1295
4011 1305
4014 1306
4013 1307
4009 1289
3991 1375
3988 1358
3991 1359
3990 1346
3991 1345
2863 2527
3973 1223
3978 1222
3974 1222
3976 1220
3968 1226
3969 1225
4101 1346
4099 1348
4099 1344
4081 1350
4082 1351
4083 1352
4082 1347
4083 1346
4106 1335
4106 1333
4103 1332
4102 1339
4094 1325
4095 1324
4086 1319
4093 1320
4091 1316
4016 1295
4010 1305
4011 1304
4015 1306
4012 1307
4010 1289
4009 1288
3990 1375
3987 1358
3988 1359
3990 1345
3992 1345
3991 1344
2865 2528
3972 1223
3973 1222
3979 1222
3976 1219
3967 1226
3968 1225
3970 1225
4101 1347
4101 1345
4099 1349
4098 1344
4080 1350
4082 1352
4083 1353
4081 1347
4082 1346
4106 1336
4107 1333
4103 1331
4103 1339
4101 1339
4102 1340
4093 1325
4094 1326
4085 1319
4094 1320
4092 1316
4017 1295
4009 1305
4015 1307
4012 1308
4008 1288
3990 1374
3987 1359
3988 1360
3989 1345
3993 1345
3991 1343
2864 2527
2865 2527
3971 1223
3979 1221
3976 1218
3966 1226
3968 1224
3970 1224
4102 1347
4102 1345
4100 1349
4079 1350
4080 1351
4081 1352
4082 1353
4081 1346
4107 1334
4103 1340
4100 1339
4101 1340
4093 1324
4095 1320
4092 1315
4008 1305
4012 1309
4007 1288
4008 1287
3989 1374
3987 1360
3988 1345
3991 1342
2867 2528
2866 2527
2867 2527
2868 2523
3970 1223
3979 1220
3976 1217
3966 1227
4103 1347
4102 1348
4102 1344
4101 1349
4100 1350
4078 1350
4080 1352
4082 1354
4108 1334
4099 1339
4096 1320
4095 1321
4093 1315
4008 1306
4006 1288
3988 1374
3986 1360
3988 1344
2867 2526
2868 2524
2868 2526
2867 2525
3980 1220
3975 1217
3965 1227
3966 1228
4103 1346
4102 1349
4103 1344
4101 1350
4077 1350
4079 1352
4109 1334
4097 1320
4096 1319
4093 1314
4008 1307
4005 1288
3987 1374
3988 1375
3985 1360
3986 1361
3987 1344
3988 1343
2868 2525
2869 2525
3980 1219
3975 1216
3964 1227
3966 1229
4103 1349
4076 1350
4077 1349
4079 1353
4109 1335
4109 1333
4097 1321
4093 1313
4004 1288
4005 1289
3987 1375
3984 1360
3985 1359
3986 1344
3988 1342
2870 2525
2871 2525
3981 1219
3975 1215
3964 1228
3964 1226
3967 1229
3965 1229
4103 1350
4075 1350
4079 1354
4110 1333
4093 1312
4004 1287
3986 1375
3983 1360
3984 1361
3985 1358
3986 1343
2871 2527
3982 1219
3976 1215
3974 1215
3964 1229
3963 1226
3964 1225
3968 1229
4074 1350
4080 1354
4079 1355
4110 1332
4092 1312
4093 1311
4003 1287
4004 1286
3986 1376
3984 1362
3985 1357
2872 2525
3983 1219
3982 1220
3982 1218
3976 1214
3973 1215
3964 1230
3962 1226
3968 1230
4073 1350
4074 1351
4080 1355
4079 1356
4111 1332
4110 1331
4092 1311
4002 1287
4004 1285
3986 1377
3984 1363
3984 1357
3985 1356
2872 2527
3984 1219
3982 1221
3982 1217
3976 1213
3973 1216
3963 1230
3964 1231
3961 1226
3962 1225
3969 1230
3968 1231
4081 1355
4078 1356
4079 1357
4112 1332
4109 1331
4001 1287
4004 1284
3986 1378
3984 1364
3983 1357
3985 1355
2873 2527
2872 2526
3982 1222
3981 1217
3975 1213
3976 1212
3972 1216
3973 1217
3965 1231
3964 1232
3961 1227
3961 1225
3968 1232
4077 1356
4080 1357
4113 1332
4108 1331
4000 1287
4005 1284
4004 1283
3985 1378
3984 1365
3982 1357
3983 1358
3983 1356
2873 2526
2874 2526
2877 2526
3983 1222
3981 1222
3975 1212
3976 1211
3972 1217
3963 1232
3964 1233
3960 1225
3961 1224
3969 1232
4076 1356
4081 1357
4114 1332
4107 1331
3999 1287
4000 1286
4003 1283
3985 1365
3983 1365
3982 1358
3982 1356
2874 2525
2873 2524
2876 2526
2874 2524
3981 1223
3977 1211
3976 1210
3971 1217
3972 1218
3964 1234
3960 1224
3970 1232
3969 1233
4075 1356
4082 1357
4115 1332
4114 1331
3998 1287
3999 1286
4000 1285
4003 1282
3986 1365
3985 1366
3982 1365
3983 1366
3981 1356
3982 1355
2876 2525
2875 2524
2876 2524
3975 1210
3976 1209
3971 1218
3964 1235
3959 1224
3960 1223
3971 1232
4075 1357
4083 1357
4115 1333
4114 1330
3997 1287
4000 1284
4002 1282
3987 1365
3986 1364
3985 1367
3981 1365
3980 1356
3982 1354
2878 2523
3977 1209
3976 1208
3971 1219
3964 1236
3958 1224
3959 1223
3960 1222
3972 1232
4074 1357
4075 1358
4084 1357
4116 1333
4115 1330
3996 1287
3999 1284
4001 1282
3988 1365
3980 1365
3979 1356
3983 1354
3981 1354
2877 2524
3978 1209
3976 1207
3971 1220
3965 1236
3963 1236
3957 1224
3958 1223
3960 1221
4074 1358
4076 1358
4075 1359
4085 1357
4117 1333
4116 1334
4115 1329
3998 1284
3989 1365
3979 1365
3978 1356
3979 1355
3983 1353
2878 2524
2884 2522
3978 1208
3975 1207
3971 1221
3965 1237
3963 1237
3956 1224
3958 1222
3961 1221
4076 1359
4086 1357
4118 1333
4117 1332
4116 1329
4115 1328
3989 1366
3977 1356
3978 1357
3978 1355
3979 1354
3983 1352
2879 2524
3975 1206
3965 1238
3955 1224
3956 1223
3957 1222
4077 1359
4087 1357
4118 1332
4114 1328
3976 1356
3977 1355
3979 1353
3983 1351
3974 1206
3955 1225
3955 1223
4078 1359
4088 1357
4119 1332
4113 1328
3975 1356
3976 1355
3977 1354
3980 1353
3979 1352
3983 1350
3973 1206
3954 1225
3955 1222
4078 1360
4088 1358
4113 1329
4113 1327
3975 1355
3979 1351
3984 1350
3983 1349
3973 1205
3953 1225
3954 1226
3955 1221
4078 1361
4088 1359
4112 1327
4113 1326
3974 1355
3980 1351
3978 1351
3979 1350
3982 1349
3973 1204
3952 1225
3956 1221
3955 1220
4079 1361
4077 1361
4087 1359
4088 1360
4113 1325
3973 1355
3974 1354
3980 1350
3972 1204
3951 1225
4079 1362
4076 1361
4089 1360
4088 1361
4114 1325
4113 1324
3972 1355
3971 1204
3972 1203
3951 1226
3951 1224
4080 1362
4075 1361
4090 1360
4115 1325
4114 1324
3972 1354
3971 1203
3972 1202
3950 1226
3951 1223
4080 1363
4074 1361
4091 1360
4115 1626
4090 1359
4116 1325
3971 1354
3972 1353
3970 1203
3972 1201
3950 1227
3951 1222
4081 1363
4080 1364
4073 1361
4092 1360
4090 1362
4117 1325
3970 1354
3972 1352
3971 1201
3972 1200
3949 1227
3952 1222
3950 1222
4081 1364
4073 1362
4093 1360
4092 1361
4091 1362
4089 1362
4118 1325
4117 1324
3969 1354
3970 1355
3973 1352
3972 1199
3948 1227
3949 1228
3952 1221
3949 1222
4081 1365
4072 1362
4093 1359
4092 1362
4091 1363
4089 1363
4119 1325
3968 1354
3969 1355
3969 1353
3970 1356
3973 1351
3972 1198
3948 1228
3948 1226
3953 1221
3948 1222
4081 1366
4071 1362
4093 1358
4093 1362
4091 1364
4089 1364
4119 1326
3968 1355
3970 1357
3974 1351
3973 1350
3972 1197
3953 1220
3947 1222
4082 1366
4070 1362
4093 1357
4094 1362
4091 1365
4089 1365
4119 1327
3967 1355
3969 1357
3970 1358
3973 1349
3973 1197
3971 1197
3972 1196
3953 1219
3947 1221
4083 1366
4082 1367
4070 1363
4070 1361
4094 1357
4094 1363
4094 1361
4092 1365
4088 1365
4089 1366
4119 1328
3966 1355
3971 1358
3970 1359
3973 1348
3973 1196
3952 1219
3946 1221
4082 1368
4070 1364
4069 1361
4095 1357
4095 1363
4094 1364
4095 1361
4093 1365
4092 1366
4089 1367
4120 1328
3965 1355
3971 1359
3970 1360
3973 1195
3951 1219
3945 1221
4082 1369
4071 1364
4070 1365
4068 1361
4069 1360
4095 1358
4095 1364
4096 1361
4121 1328
3964 1355
3970 1361
3974 1195
3951 1220
3951 1218
4082 1370
4070 1366
4068 1362
4068 1360
4096 1358
4095 1359
4096 1364
4095 1365
4097 1361
4121 1329
3963 1355
3964 1356
3964 1354
3971 1361
3969 1361
3974 1194
3950 1218
4083 1370
4082 1371
4070 1367
4067 1362
4068 1359
4097 1364
4096 1365
4095 1366
4098 1361
4121 1330
3962 1355
3969 1362
3975 1194
3974 1193
4081 1371
4071 1367
4069 1367
4066 1362
4067 1359
4098 1364
4096 1366
4099 1361
4098 1360
3961 1355
3962 1356
3968 1362
3969 1363
3976 1194
3974 1192
4072 1367
4071 1368
4065 1362
4066 1363
4098 1365
4097 1366
4100 1361
4099 1362
4098 1359
3961 1354
3968 1363
3970 1363
3976 1195
3976 1193
3975 1192
3973 1192
3974 1191
4072 1368
4065 1363
4066 1364
4099 1365
4100 1362
4099 1359
3960 1354
3961 1353
3967 1363
3970 1364
3976 1196
3975 1191
3973 1191
4072 1369
4064 1363
4067 1364
4101 1362
4099 1358
3959 1354
3960 1353
3967 1364
3971 1364
3970 1365
3977 1196
3976 1191
3975 1190
3973 1190
4072 1370
4063 1363
4068 1364
4102 1362
4100 1358
3960 1352
3966 1364
3967 1365
3972 1364
3976 1190
3972 1190
4072 1371
4063 1364
4103 1362
4102 1361
4101 1358
4100 1357
3959 1352
3965 1364
3967 1366
3973 1364
3977 1190
3971 1190
4071 1371
4072 1372
4062 1364
4104 1362
4103 1363
4102 1360
4102 1358
3958 1352
3964 1364
3965 1365
3968 1366
3974 1364
3973 1365
3973 1363
3978 1190
3977 1189
3971 1189
4070 1371
4073 1372
4105 1362
4104 1361
4103 1360
3957 1352
3963 1364
3965 1366
3975 1364
3973 1362
3978 1191
3977 1188
4069 1371
4073 1373
4105 1363
4104 1360
3957 1351
3963 1365
3963 1363
3975 1363
3974 1362
3978 1192
3978 1188
3976 1188
4068 1371
4069 1370
4074 1373
4105 1364
4104 1359
3957 1350
3962 1365
3962 1363
3963 1362
3976 1363
3977 1192
3978 1193
3979 1188
3976 1187
4068 1372
4068 1370
4074 1374
4105 1365
4104 1358
3956 1350
3957 1349
3961 1365
3961 1363
3964 1362
3977 1363
3980 1188
3979 1187
3975 1187
3976 1186
4067 1372
4068 1373
4075 1374
4106 1365
3955 1350
3958 1349
3957 1348
3960 1365
3961 1362
3964 1361
3974 1187
3975 1186
4066 1372
4069 1373
4076 1374
4106 1366
3954 1350
3959 1365
3960 1366
3974 1186
4066 1373
4077 1374
4107 1366
4106 1367
3954 1349
3958 1365
3960 1367
3974 1185
4065 1373
4066 1374
4078 1374
4077 1373
4108 1366
4105 1367
3953 1349
3957 1365
3958 1366
3958 1364
3960 1368
3974 1184
4064 1373
4066 1375
4109 1366
3952 1349
3956 1365
3958 1363
3960 1369
3975 1184
4063 1373
4065 1375
4110 1366
3951 1349
3952 1348
3955 1365
3957 1363
3961 1369
3960 1370
3976 1184
3975 1183
4062 1373
4111 1366
3950 1349
3951 1350
3954 1365
3957 1362
3959 1370
3960 1371
3977 1184
3975 1182
4062 1374
4062 1372
4111 1365
3950 1348
3953 1365
3958 1370
3961 1371
3978 1184
3977 1185
3977 1183
3974 1182
3975 1181
4062 1375
4061 1372
4062 1371
4111 1364
3950 1347
3958 1369
3961 1372
3978 1183
3974 1181
3976 1181
4063 1375
4062 1370
4110 1364
4111 1363
3950 1346
3961 1373
3978 1182
3974 1180
3976 1180
4063 1376
4061 1370
4112 1363
4111 1362
3951 1346
3949 1346
3962 1373
3979 1182
3977 1180
3976 1179
4064 1376
4063 1377
4060 1370
4113 1363
4110 1362
3952 1346
3949 1345
3962 1374
3980 1182
3976 1178
4063 1378
4059 1370
4060 1369
4114 1363
4109 1362
3948 1345
3949 1344
3963 1374
3962 1375
3980 1181
3977 1178
3975 1178
4063 1379
4058 1370
4060 1368
4114 1364
4108 1362
3947 1345
3949 1343
3964 1374
3962 1376
3980 1180
4057 1370
4058 1369
4061 1368
4115 1364
4108 1363
4108 1361
3946 1345
3947 1346
3947 1344
3950 1343
3948 1343
3963 1376
3961 1376
3980 1179
4057 1371
4058 1368
4062 1368
4116 1364
3946 1346
3950 1342
3948 1342
3963 1377
3960 1376
3961 1377
3981 1179
3979 1179
4057 1372
4057 1368
4116 1365
4116 1363
3945 1346
3946 1347
3964 1377
3959 1376
3982 1179
4056 1372
4057 1373
4056 1368
4116 1366
4117 1363
4116 1362
3946 1348
3965 1377
3958 1376
3959 1377
3982 1180
3982 1178
4055 1372
4056 1373
4058 1373
4055 1368
4056 1369
4056 1367
4116 1367
4117 1362
4115 1362
3947 1348
3945 1348
3966 1377
3965 1376
3959 1378
3982 1181
3982 1177
4055 1371
4056 1374
4056 1366
4117 1367
4117 1361
4115 1361
3944 1348
3945 1349
3967 1377
3965 1375
3960 1378
3958 1378
3959 1379
3983 1177
3981 1177
4056 1375
4057 1366
4055 1366
4118 1367
4117 1368
4118 1361
4117 1360
4115 1360
3944 1349
3944 1347
3966 1375
3957 1378
3959 1380
3984 1177
3983 1176
4056 1376
4055 1365
4119 1367
4118 1368
4118 1366
4119 1361
4118 1360
4117 1359
4114 1360
3944 1350
3966 1374
3957 1379
3960 1380
3985 1177
3983 1175
4055 1376
4055 1364
4120 1367
4118 1369
4119 1360
4118 1359
4117 1358
4113 1360
3943 1350
3944 1351
3967 1374
3985 1178
3983 1174
4054 1376
4056 1364
4054 1364
4055 1363
4121 1367
4119 1369
4119 1359
4118 1358
4117 1357
4112 1360
4113 1359
3942 1350
3944 1352
3968 1374
3967 1373
3986 1178
4053 1376
4057 1364
4054 1363
4122 1367
4119 1370
4119 1358
4116 1357
4117 1356
3941 1350
3944 1353
3968 1373
3967 1372
3987 1178
3986 1179
4052 1376
4058 1364
4057 1363
4054 1362
4120 1370
4119 1371
4115 1357
4117 1355
3941 1351
3969 1373
3988 1178
4051 1376
4058 1365
4054 1361
4120 1371
4118 1371
4115 1356
4118 1355
4116 1355
4117 1354
3940 1351
3970 1373
3969 1372
3989 1178
4051 1377
4059 1365
4053 1361
4121 1371
4120 1372
4117 1371
4118 1372
4115 1355
4117 1353
3939 1351
3971 1373
3989 1179
4051 1378
4052 1361
4053 1360
4122 1371
4121 1372
4117 1372
4117 1370
4114 1355
4118 1353
4116 1353
4117 1352
3939 1352
3939 1350
3972 1373
3989 1180
4050 1378
4051 1361
4052 1360
4122 1372
4117 1373
4116 1370
4114 1354
4118 1352
3939 1353
3939 1349
3972 1374
3972 1372
3990 1180
4049 1378
4050 1361
4123 1372
4116 1373
4117 1374
4114 1353
4119 1352
3938 1353
3939 1348
3972 1375
3972 1371
3991 1180
4049 1377
4049 1361
4050 1362
4050 1360
4123 1373
4115 1373
4116 1374
4118 1374
4117 1375
4119 1351
3937 1353
3939 1347
3973 1375
3971 1375
3972 1376
3971 1371
3972 1370
3992 1180
3991 1181
3991 1179
4048 1377
4048 1361
4124 1373
4117 1376
3937 1354
3939 1346
3974 1375
3973 1376
3971 1376
3972 1377
3970 1371
3993 1180
3991 1182
3991 1178
4047 1377
4048 1362
4125 1373
4116 1376
3937 1355
3940 1346
3939 1345
3972 1378
3994 1180
3993 1179
3990 1182
3991 1183
3991 1177
4046 1377
4048 1363
4126 1373
4125 1374
4115 1376
4116 1377
3937 1356
3939 1344
3973 1378
3972 1379
3995 1180
3989 1182
3990 1183
3990 1177
3991 1176
4045 1377
4049 1363
4047 1363
4048 1364
4126 1374
4115 1375
4116 1378
3936 1356
3937 1357
3939 1343
3974 1378
3996 1180
3995 1181
3988 1182
3990 1176
3992 1176
3991 1175
4048 1365
4126 1375
4116 1379
3935 1356
3938 1357
3938 1343
3975 1378
3996 1179
3995 1182
3987 1182
3988 1183
3988 1181
3990 1175
3993 1176
3991 1174
4047 1365
4127 1375
4116 1380
3935 1357
3939 1357
3938 1358
3938 1342
3976 1378
3997 1179
3994 1182
3995 1183
3993 1177
3992 1174
3991 1173
4046 1365
4047 1366
4128 1375
4116 1381
3934 1357
3939 1358
3939 1356
3937 1342
3976 1379
3976 1377
3997 1178
3994 1183
3991 1172
4046 1366
4129 1375
4128 1374
4117 1381
3933 1357
3934 1358
3940 1358
3936 1342
3937 1341
3997 1177
3993 1183
3994 1184
3992 1172
4045 1366
4130 1375
4129 1376
4128 1373
4117 1382
3932 1357
3933 1358
3934 1359
3941 1358
3940 1359
3935 1342
3937 1340
3996 1177
3997 1176
3994 1185
3993 1172
3992 1171
4044 1366
4045 1367
4131 1375
4130 1374
4128 1372
4118 1382
3932 1358
3932 1356
3933 1359
3935 1359
3934 1360
3940 1360
3934 1342
3937 1339
3994 1186
3994 1172
3993 1171
4044 1367
4132 1375
4119 1382
3931 1358
3931 1356
3936 1359
3940 1361
3933 1342
3934 1343
3934 1341
3938 1339
3936 1339
3994 1187
3994 1171
4044 1368
4133 1375
4120 1382
3931 1355
3937 1359
3939 1361
3932 1342
3934 1344
3935 1339
3993 1187
3994 1188
3994 1170
4043 1368
4134 1375
4121 1382
4120 1383
4120 1381
3931 1354
3939 1362
3931 1342
3932 1341
3994 1189
3995 1170
3994 1169
4042 1368
4135 1375
4120 1380
3932 1354
3930 1354
3938 1362
3939 1363
3930 1342
3931 1343
3931 1341
3996 1170
4041 1368
4042 1367
4135 1376
4119 1380
4120 1379
3933 1354
3930 1353
3937 1362
3930 1343
3930 1341
3997 1170
3996 1169
4041 1369
4041 1367
4042 1366
4136 1376
4121 1379
4120 1378
3929 1353
3936 1362
3937 1363
3937 1361
3929 1343
3929 1341
3998 1170
3997 1171
3996 1168
4041 1370
4042 1365
4137 1376
4122 1379
3937 1364
3929 1344
3928 1341
3999 1170
3997 1172
3996 1167
4041 1371
4042 1364
4138 1376
4122 1380
4122 1378
3938 1364
3936 1364
3927 1341
4000 1170
3999 1169
3996 1172
3997 1173
3996 1166
4040 1371
4041 1372
4042 1363
4139 1376
4138 1377
4138 1375
4123 1380
3936 1365
3926 1341
4001 1170
4000 1171
4000 1169
3995 1166
4039 1371
4042 1362
4140 1376
4139 1375
4138 1378
4138 1374
4124 1380
3935 1365
3925 1341
4002 1170
4000 1172
4000 1168
3995 1165
4038 1371
4041 1362
4139 1378
4137 1374
4124 1381
3934 1365
3924 1341
3925 1340
4003 1170
4002 1169
4001 1172
4000 1167
3995 1164
4038 1372
4038 1370
4040 1362
4124 1382
3933 1365
3925 1339
4003 1169
4002 1172
4000 1166
3995 1163
4037 1372
4038 1373
4039 1362
4124 1383
3932 1365
3933 1364
3924 1339
4003 1168
4001 1166
3999 1166
4000 1165
3994 1163
4036 1372
4038 1374
4039 1363
4039 1361
4124 1384
3931 1365
3933 1363
3923 1339
4003 1167
4001 1165
3993 1163
4035 1372
4038 1375
4038 1363
4039 1364
4124 1385
3930 1365
3922 1339
3923 1338
4003 1166
3993 1162
4034 1372
4035 1373
4039 1375
4037 1363
4040 1364
4125 1385
4123 1385
3930 1366
3921 1339
4004 1166
4003 1165
3992 1162
4034 1371
4039 1376
4036 1363
4040 1365
4126 1385
4122 1385
3929 1366
3921 1340
4005 1166
4003 1164
3992 1161
4034 1370
4039 1377
4035 1363
4036 1362
4126 1384
4122 1386
3928 1366
3920 1340
4005 1167
4004 1164
3991 1161
3992 1160
4038 1377
4039 1378
4126 1383
3928 1367
3919 1340
4006 1167
4005 1164
3990 1161
3992 1159
3919 1339
4007 1167
4006 1164
4005 1163
3990 1162
3990 1160
3993 1159
3992 1158
3918 1339
3919 1338
4008 1167
4007 1168
4007 1166
4006 1163
3989 1162
3991 1158
3992 1157
3917 1339
3919 1337
4007 1169
4007 1163
3988 1162
3990 1158
3916 1339
3917 1340
3917 1338
3920 1337
3919 1336
4008 1169
4008 1163
3988 1163
3916 1338
3917 1341
3917 1337
3920 1336
3919 1335
4008 1170
3987 1163
3988 1164
3915 1338
3918 1341
3917 1342
3920 1335
4009 1170
4008 1171
3987 1164
3989 1164
3914 1338
3918 1342
3920 1334
4010 1170
3987 1165
3989 1165
3913 1338
3919 1342
3918 1343
3920 1333
4010 1169
3986 1165
3990 1165
3913 1337
3918 1344
3920 1332
4011 1169
4010 1168
3985 1165
3912 1337
3917 1344
3918 1345
3920 1331
4011 1168
3985 1164
3911 1337
3912 1336
3916 1344
3918 1346
3919 1331
3920 1330
4012 1168
4011 1167
3985 1163
3910 1337
3911 1338
3919 1346
3920 1329
4013 1168
4011 1166
3985 1162
3909 1337
3910 1338
3911 1339
3919 1329
4013 1169
4013 1167
3986 1162
3984 1162
3908 1337
3910 1339
3912 1339
3911 1340
3918 1329
4013 1170
4014 1167
3983 1162
3984 1161
3908 1336
3911 1341
3917 1329
3918 1330
3918 1328
4014 1170
4013 1171
4014 1166
3983 1161
3907 1336
3911 1342
3917 1330
3918 1327
4014 1171
4012 1171
4015 1166
4014 1165
3906 1336
3907 1335
3910 1342
3911 1343
3917 1331
3918 1326
4011 1171
4012 1172
4016 1166
4014 1164
3905 1336
3907 1334
3909 1342
3910 1343
3912 1343
3919 1326
3918 1325
4011 1172
4016 1167
4015 1164
3904 1336
3905 1337
3905 1335
3907 1333
3908 1342
3912 1344
3920 1326
3919 1325
3917 1325
4010 1172
4016 1168
4016 1164
3903 1336
3905 1338
3906 1333
3907 1332
3907 1342
3908 1341
3912 1345
3920 1325
3919 1324
3916 1325
4009 1172
4017 1168
4016 1169
4017 1164
3902 1336
3903 1335
3907 1331
3906 1342
3907 1343
3908 1340
3912 1346
3921 1325
3916 1324
4009 1173
4015 1169
4017 1163
3902 1335
3903 1334
3907 1330
3905 1342
3908 1339
3913 1346
3921 1324
3916 1323
4018 1163
4017 1162
3901 1335
3908 1330
3906 1330
3907 1329
3904 1342
3914 1346
3921 1323
3917 1323
3915 1323
4019 1163
4017 1161
3900 1335
3906 1329
3903 1342
3904 1341
3915 1346
3914 1345
3922 1323
3917 1322
3915 1322
4020 1163
4018 1161
4016 1161
4017 1160
3900 1334
3905 1329
3906 1328
3903 1343
3903 1341
3916 1346
3923 1323
3918 1322
3914 1322
3915 1321
4015 1161
4016 1160
3899 1334
3904 1329
3906 1327
3902 1343
3903 1344
3903 1340
3924 1323
3923 1322
3919 1322
3918 1321
3913 1322
4016 1159
3899 1333
3903 1329
3907 1327
3905 1327
3901 1343
3903 1339
3925 1323
4015 1159
4016 1158
3902 1329
3903 1328
3908 1327
3904 1327
3900 1343
3902 1339
3926 1323
3925 1324
4017 1158
3901 1329
3902 1330
3903 1327
3908 1326
3901 1339
3926 1322
3925 1325
4017 1157
3901 1330
3902 1331
3903 1326
3900 1339
3901 1340
3926 1321
3926 1325
3924 1325
4018 1157
4017 1156
3901 1331
3900 1340
3927 1321
3925 1321
4018 1156
4016 1156
4017 1155
3900 1331
3899 1340
3900 1341
3928 1321
4018 1155
3900 1332
3899 1341
3928 1320
4018 1154
3898 1341
3899 1342
3929 1320
3928 1319
4018 1153
3897 1341
3898 1342
3930 1320
3927 1319
3928 1318
4017 1153
4018 1152
3896 1341
3931 1320
3928 1317
4018 1151
3896 1342
3896 1340
3931 1321
3931 1319
3927 1317
3928 1316
4019 1151
4017 1151
3895 1342
3932 1321
3928 1315
4020 1151
4016 1151
3894 1342
3929 1315
4021 1151
4020 1152
4015 1151
3894 1343
3930 1315
3929 1314
4022 1151
4015 1152
4015 1150
3894 1344
3930 1316
3929 1313
4023 1151
4022 1152
4022 1150
4015 1153
4015 1149
3894 1345
3931 1316
3929 1312
4024 1151
4022 1153
4022 1149
4014 1153
4014 1149
3895 1345
3893 1345
3894 1346
3928 1312
3929 1311
4025 1151
4023 1153
4022 1154
4023 1149
4013 1153
4013 1149
3892 1345
3893 1346
3894 1347
3927 1312
3928 1311
3930 1311
4026 1151
4012 1153
4012 1149
4013 1148
3891 1345
3892 1346
3894 1348
3927 1313
3928 1310
3931 1311
4026 1152
4011 1149
4013 1147
3890 1345
3892 1347
3895 1348
3893 1348
3894 1349
3927 1314
3927 1310
3928 1309
3931 1310
4026 1153
4010 1149
4011 1148
4012 1147
4013 1146
3890 1344
3892 1348
3895 1349
3926 1314
3927 1309
3928 1308
3932 1310
4026 1154
4010 1150
4010 1148
4014 1146
4013 1145
3889 1344
3895 1350
3926 1315
3928 1307
3932 1309
4025 1154
4009 1150
4010 1151
4010 1147
4012 1145
3888 1344
3896 1350
3925 1315
3927 1307
3933 1309
4024 1154
4010 1146
4011 1145
3887 1344
3888 1343
3924 1315
3927 1306
3934 1309
4011 1144
3887 1345
3888 1342
3923 1315
3924 1316
3926 1306
3927 1305
3934 1310
3934 1308
4011 1143
3887 1342
3922 1315
3925 1306
3928 1305
3927 1304
3934 1311
4010 1143
4011 1142
3887 1341
3922 1314
3924 1306
3925 1307
3928 1304
3926 1304
3934 1312
4011 1141
3886 1341
3922 1313
3924 1305
3925 1308
3929 1304
3928 1303
3926 1303
3935 1312
4011 1140
3886 1340
3921 1313
3922 1312
3923 1305
3925 1309
3928 1302
3925 1303
4012 1140
4010 1140
4011 1139
3885 1340
3920 1313
3921 1312
3924 1309
3928 1301
3925 1302
4013 1140
4012 1139
4009 1140
3884 1340
3920 1314
3920 1312
3924 1310
3929 1301
3927 1301
4014 1140
4009 1139
3883 1340
3884 1341
3884 1339
3919 1312
3923 1310
3930 1301
3929 1300
4014 1139
4008 1139
3883 1341
3884 1338
3931 1301
3929 1299
4014 1138
4007 1139
3882 1341
3883 1338
3884 1337
3932 1301
3929 1298
4014 1137
4007 1140
4007 1138
3882 1342
3882 1338
3885 1337
3933 1301
3932 1302
3932 1300
3928 1298
4014 1136
4006 1140
4007 1141
4007 1137
3881 1342
3882 1343
3881 1338
3885 1336
3934 1301
4013 1136
4014 1135
4006 1141
4006 1137
4007 1136
3880 1342
3885 1335
3935 1301
3934 1300
4015 1135
4014 1134
4005 1141
4005 1137
3880 1343
3936 1301
4015 1134
4014 1133
4005 1142
4004 1137
4005 1138
3880 1344
3936 1302
3936 1300
4015 1133
4013 1133
4014 1132
4005 1143
4004 1138
4004 1136
3881 1344
3879 1344
3936 1303
3937 1300
4015 1132
4013 1132
4005 1144
4003 1138
4004 1139
4004 1135
3878 1344
3937 1303
3937 1299
4013 1131
4004 1144
4005 1145
4004 1140
4005 1135
3877 1344
3938 1303
3938 1299
3937 1298
4013 1130
4005 1146
4003 1140
3877 1345
3939 1303
3938 1304
3938 1302
3937 1297
4014 1130
4006 1146
4002 1140
4003 1141
3876 1345
3877 1346
3940 1303
3939 1302
3938 1305
3937 1296
4015 1130
4007 1146
4001 1140
3876 1346
3878 1346
3941 1303
3940 1302
3939 1301
3937 1305
3938 1306
3936 1296
3937 1295
4016 1130
4000 1140
3875 1346
3876 1347
3879 1346
3941 1304
3940 1301
3939 1300
4017 1130
3999 1140
3874 1346
3875 1347
3876 1348
3941 1305
4018 1130
4017 1131
3999 1141
3999 1139
3873 1346
3876 1349
3941 1306
4018 1129
3999 1138
3872 1346
3873 1347
3876 1350
3942 1306
3941 1307
4019 1129
4000 1138
3998 1138
3871 1346
3873 1348
3876 1351
3943 1306
3941 1308
4020 1129
4019 1128
4001 1138
3998 1137
3871 1347
3871 1345
3873 1349
3877 1351
3944 1306
3941 1309
4021 1129
4020 1128
3997 1137
3871 1348
3870 1345
3871 1344
3872 1349
3873 1350
3878 1351
3941 1310
4022 1129
4021 1128
3996 1137
3997 1136
3869 1345
3872 1344
3872 1350
3879 1351
3941 1311
4023 1129
4022 1130
4021 1127
3996 1138
3997 1135
3869 1346
3873 1344
3872 1343
3871 1350
3879 1352
3941 1312
4022 1131
4021 1126
3996 1139
3998 1135
3996 1135
3997 1134
3870 1350
3880 1352
3879 1353
3942 1312
3941 1313
4022 1132
4022 1126
3995 1139
3996 1140
3998 1134
3995 1135
3869 1350
3879 1354
3943 1312
4021 1132
4022 1133
4023 1126
4022 1125
3994 1139
3997 1140
3995 1134
3869 1351
3880 1354
3879 1355
3944 1312
3943 1311
4020 1132
4021 1133
4023 1133
4022 1134
4024 1126
4023 1127
4022 1124
3993 1139
3995 1133
3869 1352
3881 1354
3880 1355
3879 1356
3945 1312
3944 1313
3943 1310
4022 1135
4025 1126
4024 1127
4024 1125
4022 1123
3993 1140
3996 1133
3994 1133
3868 1352
3869 1353
3882 1354
3880 1356
3878 1356
3879 1357
3945 1313
3943 1309
4023 1135
4021 1135
4023 1123
4021 1123
4022 1122
3992 1140
3993 1141
3993 1133
3867 1352
3869 1354
3883 1354
3880 1357
3879 1358
3945 1314
3944 1309
4024 1135
4022 1121
3991 1140
3993 1134
3993 1132
3867 1353
3883 1353
3878 1358
3946 1314
3945 1309
3944 1308
4024 1136
4024 1134
4021 1121
4022 1120
3992 1134
3992 1132
3993 1131
3866 1353
3883 1352
3946 1315
3946 1309
3945 1310
4025 1136
4024 1137
4025 1134
4020 1121
3991 1132
3994 1131
3865 1353
3884 1352
3947 1315
3946 1316
3946 1310
3946 1308
4024 1138
4019 1121
4020 1120
3990 1132
3991 1131
3995 1131
3865 1354
3865 1352
3885 1352
3945 1316
3946 1317
3947 1310
3947 1308
4024 1139
4019 1120
4020 1119
3989 1132
3991 1130
3996 1131
3995 1130
3864 1354
3865 1351
3886 1352
3948 1310
4025 1139
4018 1120
4020 1118
3989 1131
3992 1130
3990 1130
3863 1354
3864 1355
3865 1350
3887 1352
3949 1310
4026 1139
4025 1140
4017 1120
4020 1117
3988 1131
3992 1129
3862 1354
3864 1350
3887 1351
3950 1310
4026 1138
4025 1141
4016 1120
4017 1121
4020 1116
3987 1131
3992 1128
3861 1354
3864 1349
3888 1351
3951 1310
4024 1141
4016 1119
3986 1131
3993 1128
3991 1128
3860 1354
3864 1348
3889 1351
3951 1311
4024 1142
4015 1119
4016 1118
3985 1131
3993 1127
3991 1127
3860 1355
3863 1348
3889 1352
3889 1350
3952 1311
3951 1312
4023 1142
4014 1119
4015 1118
4016 1117
3984 1131
3985 1132
3994 1127
3990 1127
3860 1356
3862 1348
3890 1352
3889 1349
3953 1311
3951 1313
4022 1142
4017 1117
3983 1131
3984 1130
3994 1126
3989 1127
3990 1126
3860 1357
3862 1347
3891 1352
3890 1349
3888 1349
3953 1310
3952 1313
3950 1313
4021 1142
4022 1143
4017 1116
3982 1131
3984 1129
3994 1125
3988 1127
3990 1125
3861 1357
3859 1357
3861 1347
3888 1348
3954 1310
3950 1314
4021 1143
4017 1115
3981 1131
3982 1132
3995 1125
3994 1124
3988 1128
3988 1126
3990 1124
3861 1358
3859 1358
3860 1347
3888 1347
3955 1310
4020 1143
4016 1115
4017 1114
3980 1131
3988 1129
3991 1124
3989 1124
3990 1123
3858 1358
3859 1359
3859 1347
3956 1310
4015 1115
4016 1114
4018 1114
4017 1113
3979 1131
3980 1130
3987 1129
3857 1358
3859 1360
3858 1347
3859 1348
3957 1310
3956 1311
4015 1114
4016 1113
4018 1113
3979 1130
3980 1129
3857 1357
3858 1360
3859 1361
3857 1347
3858 1346
3859 1349
3957 1311
3957 1309
3956 1312
4014 1114
4019 1113
3980 1128
3857 1360
3859 1362
3856 1347
3857 1348
3858 1345
3957 1312
3957 1308
4013 1114
4020 1113
3981 1128
3979 1128
3860 1362
3859 1363
3855 1347
3857 1345
3958 1312
3956 1308
4013 1115
4013 1113
4020 1112
3979 1127
3861 1362
3854 1347
3855 1348
3959 1312
3955 1308
4013 1112
4020 1111
3979 1126
3861 1361
3853 1347
3854 1348
3854 1346
3855 1349
3960 1312
4014 1112
4013 1111
4021 1111
4020 1110
3979 1125
3861 1360
3853 1348
3854 1349
3854 1345
3856 1349
3961 1312
3960 1313
4015 1112
4013 1110
4020 1109
3980 1125
3852 1348
3854 1344
3856 1350
3962 1312
3960 1314
4014 1110
4020 1108
3981 1125
3851 1348
3852 1349
3853 1344
3854 1343
3963 1312
3962 1313
3962 1311
3959 1314
4014 1109
4020 1107
3982 1125
3981 1124
3850 1348
3852 1344
3855 1343
3964 1312
3962 1310
3958 1314
4015 1109
4020 1106
3983 1125
3981 1123
3849 1348
3852 1345
3852 1343
3965 1312
3962 1309
3958 1315
4016 1109
4019 1106
3984 1125
3980 1123
3849 1349
3851 1343
3852 1342
3965 1311
3957 1315
4017 1109
4016 1108
4018 1106
3984 1124
3979 1123
3849 1350
3852 1341
3966 1311
4018 1109
4016 1107
4017 1106
4018 1105
3985 1124
3848 1350
3849 1351
3853 1341
4018 1104
3985 1123
3847 1350
3848 1351
3853 1340
3985 1122
3846 1350
3847 1351
3854 1340
3986 1122
3984 1122
3845 1350
3847 1352
3855 1340
3854 1339
3986 1121
3845 1349
3846 1352
3847 1353
3856 1340
3987 1121
3986 1120
3844 1349
3847 1354
3857 1340
3988 1121
3987 1120
3985 1120
3843 1349
3848 1354
3847 1355
3857 1341
3857 1339
3988 1120
3984 1120
3842 1349
3843 1348
3849 1354
3847 1356
3858 1341
3858 1339
3857 1338
3983 1120
3841 1349
3842 1348
3843 1347
3850 1354
3849 1355
3846 1356
3847 1357
3858 1342
3857 1337
3983 1119
3840 1349
3841 1350
3843 1346
3851 1354
3850 1353
3845 1356
3847 1358
3857 1336
3982 1119
3983 1118
3840 1350
3840 1348
3841 1351
3843 1345
3852 1354
3844 1356
3848 1358
3856 1336
3857 1335
3982 1118
3983 1117
3839 1350
3839 1348
3843 1344
3852 1355
3852 1353
3844 1357
3856 1335
3858 1335
3982 1117
3984 1117
3838 1350
3838 1348
3844 1344
3842 1344
3853 1355
3853 1353
3843 1357
3844 1358
3855 1335
3982 1116
3985 1117
3838 1347
3845 1344
3841 1344
3854 1355
3854 1353
3842 1357
3844 1359
3854 1335
3855 1334
3982 1115
3838 1346
3855 1355
3841 1357
3842 1358
3843 1359
3854 1336
3854 1334
3855 1333
3983 1115
3981 1115
3839 1346
3838 1345
3856 1355
3842 1359
3853 1334
3854 1333
3856 1333
3855 1332
3983 1114
3981 1114
3840 1346
3838 1344
3856 1356
3842 1360
3853 1333
3857 1333
3983 1113
3841 1360
3853 1332
3857 1332
3984 1113
3841 1361
3853 1331
3858 1332
3857 1331
3984 1112
3841 1362
3852 1331
3859 1332
3858 1331
3984 1111
3841 1363
3851 1331
3852 1330
3858 1330
3984 1110
3842 1363
3840 1363
3850 1331
3851 1332
3852 1329
3859 1330
3858 1329
3985 1110
3984 1109
3842 1364
3839 1363
3850 1330
3851 1333
3851 1329
3852 1328
3859 1329
3858 1328
3986 1110
3984 1108
3843 1364
3842 1365
3838 1363
3839 1364
3839 1362
3849 1330
3850 1329
3852 1327
3860 1329
3857 1328
3987 1110
3986 1111
3986 1109
3984 1107
3844 1364
3837 1363
3849 1329
3851 1327
3852 1326
3861 1329
3857 1327
3986 1112
3985 1107
3983 1107
3844 1365
3836 1363
3850 1327
3851 1326
3852 1325
3862 1329
3861 1328
3857 1326
3986 1113
3986 1107
3982 1107
3845 1365
3835 1363
3850 1326
3853 1325
3863 1329
3861 1327
3986 1106
3981 1107
3846 1365
3835 1362
3850 1325
3853 1324
3863 1330
3862 1327
3987 1106
3986 1105
3980 1107
3846 1364
3835 1361
3849 1325
3854 1324
3864 1330
3863 1327
3988 1106
3986 1104
3979 1107
3980 1108
3846 1363
3835 1360
3848 1325
3855 1324
3854 1323
3863 1326
3988 1107
3987 1104
3986 1103
3979 1108
3979 1106
3845 1363
3846 1362
3836 1360
3834 1360
3847 1325
3848 1326
3848 1324
3854 1322
3864 1326
3863 1325
3989 1107
3986 1102
3979 1105
3845 1362
3847 1362
3837 1360
3833 1360
3846 1325
3847 1326
3855 1322
3865 1326
3864 1325
3863 1324
3990 1107
3989 1108
3987 1102
3986 1101
3979 1104
3848 1362
3832 1360
3845 1325
3855 1321
3866 1326
3864 1324
3862 1324
3863 1323
3991 1107
3986 1100
3978 1104
3979 1103
3849 1362
3848 1361
3831 1360
3832 1361
3844 1325
3855 1320
3866 1327
3866 1325
3861 1324
3862 1323
3863 1322
3991 1108
3987 1100
3985 1100
3986 1099
3978 1103
3849 1363
3831 1359
3832 1362
3843 1325
3844 1326
3844 1324
3856 1320
3855 1319
3866 1324
3861 1325
3861 1323
3863 1321
3992 1108
3987 1099
3984 1100
3977 1103
3978 1102
3850 1363
3849 1364
3831 1358
3831 1362
3832 1363
3844 1327
3844 1323
3857 1320
3855 1318
3866 1323
3860 1323
3864 1321
3862 1321
3993 1108
3976 1103
3851 1363
3849 1365
3832 1358
3831 1357
3832 1364
3845 1327
3843 1327
3844 1328
3845 1323
3843 1323
3854 1318
3855 1317
3867 1323
3859 1323
3994 1108
3975 1103
3976 1104
3851 1362
3849 1366
3831 1356
3833 1364
3832 1365
3845 1328
3842 1327
3843 1328
3846 1323
3842 1323
3856 1317
3868 1323
3858 1323
3995 1108
3974 1103
3976 1105
3852 1362
3851 1361
3850 1366
3830 1356
3832 1366
3841 1327
3842 1322
3857 1317
3856 1316
3868 1324
3858 1324
3858 1322
3995 1109
3995 1107
3973 1103
3974 1104
3977 1105
3851 1360
3850 1367
3830 1355
3833 1366
3840 1327
3841 1322
3842 1321
3858 1317
3856 1315
3868 1325
3857 1322
3996 1109
3995 1110
3995 1106
3972 1103
3973 1102
3852 1360
3850 1360
3850 1368
3830 1354
3834 1366
3833 1367
3840 1328
3842 1320
3859 1317
3857 1315
3855 1315
3856 1314
3869 1325
3996 1110
3995 1111
3996 1106
3995 1105
3971 1103
3972 1104
3973 1101
3853 1360
3849 1360
3850 1359
3829 1354
3830 1353
3835 1366
3833 1368
3841 1320
3842 1319
3860 1317
3857 1314
3854 1315
3870 1325
3994 1105
3995 1104
3970 1103
3972 1105
3974 1101
3850 1358
3829 1353
3831 1353
3836 1366
3833 1369
3840 1320
3842 1318
3860 1316
3858 1314
3854 1314
3871 1325
3870 1326
3996 1104
3969 1103
3970 1104
3970 1102
3851 1358
3829 1352
3831 1352
3832 1369
3840 1321
3843 1318
3861 1316
3860 1315
3858 1313
3854 1313
3872 1325
3870 1327
3997 1104
3996 1103
3968 1103
3970 1101
3851 1357
3829 1351
3832 1370
3844 1318
3862 1316
3861 1315
3858 1312
3872 1326
3872 1324
3870 1328
3998 1104
3996 1102
3968 1104
3829 1350
3832 1371
3845 1318
3859 1312
3873 1326
3872 1323
3871 1328
3869 1328
3999 1104
3997 1102
3995 1102
3967 1104
3830 1350
3829 1349
3833 1371
3831 1371
3845 1319
3845 1317
3860 1312
3859 1311
3873 1327
3872 1322
4000 1104
3999 1105
3999 1103
3997 1101
3994 1102
3831 1350
3830 1371
3846 1317
3861 1312
3860 1311
3859 1310
3874 1327
3873 1322
3871 1322
4000 1105
3997 1100
3994 1101
3832 1350
3830 1372
3861 1313
3861 1311
3859 1309
3875 1327
3874 1328
3873 1321
3870 1322
3871 1321
3998 1100
3830 1373
3859 1308
3876 1327
3875 1328
3875 1326
3873 1320
3870 1321
3871 1320
3999 1100
3998 1099
3830 1374
3860 1308
3859 1307
3876 1328
3875 1325
3873 1319
3870 1320
4000 1100
3998 1098
3831 1374
3830 1375
3861 1308
3859 1306
3874 1319
3870 1319
4001 1100
3831 1375
3862 1308
3860 1306
3858 1306
3859 1305
3875 1319
4001 1099
3831 1376
3861 1306
3858 1305
3876 1319
3875 1320
4002 1099
3831 1377
3862 1306
3857 1305
3858 1304
3876 1320
3876 1318
4003 1099
3830 1377
3863 1306
3862 1305
3856 1305
3876 1321
3877 1318
4004 1099
4003 1098
3829 1377
3863 1305
3862 1304
3856 1306
3878 1318
4005 1099
4003 1097
3828 1377
3829 1376
3864 1305
3855 1306
3856 1307
3878 1319
3878 1317
4006 1099
4002 1097
4003 1096
3827 1377
3828 1376
3865 1305
3854 1306
3879 1319
3878 1320
3878 1316
4006 1098
4003 1095
3827 1378
3827 1376
3865 1306
3865 1304
3853 1306
3878 1321
3878 1315
4006 1097
4002 1095
4003 1094
3826 1378
3826 1376
3827 1375
3866 1306
3865 1307
3853 1307
3879 1321
3879 1315
3878 1314
4001 1095
4002 1094
3825 1378
3825 1376
3867 1306
3866 1307
3864 1307
3865 1308
3852 1307
3853 1308
3879 1322
3880 1315
3878 1313
4000 1095
4002 1093
3824 1378
3825 1379
3825 1375
3867 1307
3867 1305
3866 1308
3851 1307
3854 1308
3853 1309
3879 1323
3880 1314
3878 1312
4002 1092
3823 1378
3824 1379
3825 1374
3868 1307
3868 1305
3851 1308
3853 1310
3878 1323
3879 1312
3877 1312
4001 1092
4002 1091
3826 1374
3824 1374
3869 1307
3868 1308
3869 1305
3868 1304
3850 1308
3853 1311
3880 1312
3879 1311
3876 1312
3877 1311
4003 1091
4002 1090
3870 1307
3869 1308
3868 1303
3849 1308
3850 1309
3879 1310
3875 1312
3877 1310
4002 1089
3870 1308
3869 1303
3867 1303
3849 1309
3849 1307
3850 1310
3879 1309
3874 1312
4001 1089
4002 1088
3870 1309
3870 1303
3867 1302
3848 1309
3849 1306
3879 1308
4003 1088
3871 1309
3870 1310
3871 1303
3866 1302
3867 1301
3849 1305
4004 1088
3870 1311
3865 1302
3868 1301
3848 1305
4004 1089
4004 1087
3869 1311
3864 1302
3869 1301
3847 1305
3848 1304
4004 1086
3868 1311
3869 1312
3870 1301
3846 1305
4005 1086
3867 1311
3871 1301
3870 1300
4005 1085
3872 1301
3871 1300
4006 1085
3873 1301
3872 1300
3871 1299
4006 1084
3873 1302
3871 1298
4007 1084
4006 1083
3873 1303
3870 1298
3871 1297
4008 1084
4006 1082
3874 1303
3873 1304
3869 1298
4009 1084
4008 1085
3875 1303
3874 1304
3869 1299
3869 1297
4009 1085
4009 1083
3876 1303
4009 1082
3876 1304
3876 1302
4010 1082
4009 1081
3876 1305
3876 1301
4009 1080
3875 1305
3877 1301
4010 1080
4009 1079
3875 1306
4011 1080
4009 1078
4012 1080
4011 1081
4010 1078
4008 1078
4010 1077
4007 1078
4011 1077
4010 1076
4006 1078
4012 1077
4011 1076
4009 1076
4006 1079
4006 1077
4013 1077
4012 1076
4009 1075
4005 1079
4006 1076
4012 1075
4009 1074
4005 1080
4006 1075
4012 1074
4008 1074
4004 1080
4007 1075
4013 1074
4011 1074
4008 1073
4003 1080
4004 1081
4014 1074
4013 1073
4008 1072
4014 1073
4013 1072
4007 1072
4008 1071
4015 1073
4007 1071
4016 1073
4007 1070
4016 1074
4006 1070
4007 1069
4017 1074
4005 1070
4007 1068
4017 1075
4004 1070
4008 1068
4006 1068
4007 1067
4017 1076
4009 1068
4008 1067
4005 1068
4017 1077
4010 1068
4009 1069
4008 1066
4004 1068
4017 1078
4011 1068
4010 1069
4003 1068
4018 1078
4016 1078
4012 1068
4003 1069
4003 1067
4019 1078
4016 1079
4013 1068
4002 1069
4003 1066
4020 1078
4016 1080
4014 1068
4013 1067
4002 1070
4004 1066
4002 1066
4003 1065
4021 1078
4020 1077
4017 1080
4016 1081
4013 1066
4001 1070
4003 1064
4022 1078
4017 1081
4015 1081
4016 1082
4000 1070
4001 1071
4004 1064
4002 1064
4023 1078
4014 1081
4016 1083
4001 1072
4005 1064
4001 1064
4024 1078
4000 1072
4001 1073
4000 1064
4001 1065
4024 1077
3999 1072
4000 1073
4002 1073
4000 1063
4025 1077
3999 1073
3999 1063
4000 1062
4026 1077
3998 1073
3998 1063
4000 1061
4026 1078
3997 1073
3999 1061
4027 1078
4026 1079
3996 1073
3998 1061
3999 1060
4028 1078
4026 1080
3996 1074
3999 1059
4029 1078
4028 1079
4025 1080
4026 1081
3998 1059
3999 1058
4030 1078
4029 1079
4029 1077
4025 1081
4026 1082
3997 1059
4030 1077
4029 1080
4025 1082
4026 1083
3997 1058
4031 1077
4024 1082
4027 1083
3996 1058
4032 1077
4023 1082
4028 1083
4027 1084
3995 1058
4033 1077
4032 1078
4032 1076
4023 1081
4028 1084
4028 1082
3994 1058
3995 1059
4034 1077
4033 1078
4032 1075
4028 1085
3993 1058
3994 1057
4034 1078
4033 1075
4032 1074
3993 1059
3993 1057
3994 1056
4035 1078
4034 1079
4032 1073
3993 1060
4036 1078
4034 1080
3992 1060
4036 1077
4033 1080
4034 1081
3991 1060
4037 1077
4036 1076
4032 1080
4035 1081
3990 1060
4038 1077
3990 1061
3990 1059
4038 1078
4038 1076
3989 1061
3990 1062
3989 1059
3990 1058
4039 1078
3990 1063
3988 1059
3990 1057
4040 1078
3987 1059
3991 1057
3989 1057
4041 1078
3988 1057
4042 1078
3987 1057
4043 1078
4042 1079
3987 1056
4044 1078
4043 1077
4042 1080
3986 1056
3987 1055
4045 1078
4043 1076
4043 1080
4042 1081
3986 1055
3988 1055
4046 1078
4045 1077
4043 1081
4041 1081
3985 1055
4047 1078
4045 1076
4044 1081
4043 1082
3985 1054
4047 1079
4043 1083
3984 1054
4048 1079
4043 1084
3983 1054
4049 1079
4044 1084
4043 1085
3982 1054
3983 1055
4050 1079
4049 1080
4045 1084
4043 1086
3981 1054
3982 1055
4051 1079
4050 1078
4049 1081
4046 1084
4045 1083
4043 1087
3981 1053
4052 1079
4051 1080
4050 1077
4046 1083
4043 1088
3980 1053
3981 1052
4052 1080
4051 1081
4049 1077
4050 1076
4044 1088
4042 1088
4043 1089
3980 1052
3981 1051
4053 1080
4052 1081
4051 1082
4049 1076
4051 1076
4045 1088
4043 1090
3981 1050
4054 1080
4052 1082
4048 1076
4049 1075
4051 1075
4046 1088
3982 1050
3980 1050
4052 1083
4047 1076
4051 1074
4047 1088
3983 1050
3982 1049
4053 1083
4052 1084
4052 1074
4050 1074
4047 1089
4047 1087
3983 1051
3983 1049
3982 1048
4054 1083
4053 1074
4048 1089
4047 1090
4048 1087
3983 1048
3981 1048
4055 1083
4054 1084
4054 1074
4049 1089
4048 1086
3984 1048
3981 1047
4055 1084
4055 1082
4054 1073
4050 1089
4049 1086
3984 1047
3981 1046
4056 1082
4054 1072
4050 1090
3980 1046
3981 1045
4057 1082
4056 1081
4054 1071
3267 1733
3982 1045
3981 1044
4058 1082
4055 1071
4053 1071
3983 1045
3981 1043
4058 1083
4056 1071
4055 1070
3984 1045
3981 1042
4058 1084
4057 1071
4055 1069
3980 1042
4058 1085
4058 1071
4057 1072
4057 1070
4055 1068
3979 1042
4059 1085
4058 1072
4058 1070
4056 1068
3978 1042
4060 1085
4059 1086
4059 1072
4058 1073
4058 1069
3977 1042
4061 1085
4059 1087
4058 1068
3976 1042
3977 1043
4062 1085
4061 1084
4059 1088
4058 1067
3976 1043
3976 1041
3977 1044
4063 1085
4062 1086
4060 1088
4059 1089
4059 1067
4057 1067
3975 1043
3976 1044
4064 1085
4063 1084
4062 1087
4060 1089
4060 1067
4057 1066
3974 1043
3975 1044
3976 1045
4064 1084
4063 1087
4062 1088
4061 1089
4061 1067
4060 1068
4056 1066
4057 1065
3973 1043
4063 1088
4061 1090
4062 1067
4060 1069
4055 1066
4058 1065
4057 1064
3973 1044
3973 1042
4064 1088
4063 1089
4061 1091
4063 1067
4062 1066
4061 1069
4054 1066
4057 1063
3972 1042
3973 1041
4062 1091
4060 1091
4061 1092
4064 1067
4063 1068
4061 1070
4053 1066
4058 1063
3971 1042
3972 1041
3973 1040
4063 1091
4062 1092
4059 1091
4060 1092
4064 1066
4062 1070
4053 1067
4053 1065
4059 1063
3971 1043
3974 1040
3973 1039
4062 1093
4058 1091
4059 1092
4065 1066
4064 1065
4063 1070
4062 1071
4052 1067
4053 1064
3970 1043
3974 1039
3973 1038
4062 1094
4057 1091
4066 1066
4064 1070
4051 1067
3969 1043
3970 1044
3973 1037
4063 1094
4062 1095
4056 1091
4057 1090
4066 1067
4065 1070
4064 1069
4050 1067
3968 1043
3969 1044
3973 1036
4064 1094
4063 1095
4056 1090
4065 1071
4049 1067
4050 1068
3967 1043
3968 1042
3969 1045
3973 1035
4065 1094
4064 1093
4055 1090
4056 1089
4065 1072
4049 1066
3967 1044
3968 1041
3968 1045
3973 1034
4066 1094
4065 1093
4055 1089
4056 1088
4064 1072
4065 1073
4049 1065
3967 1045
3967 1041
3968 1046
3974 1034
4066 1095
4054 1089
4055 1088
4057 1088
4066 1073
4065 1074
4050 1065
4049 1064
3967 1046
3967 1040
3968 1047
3975 1034
4067 1095
4066 1096
4055 1087
4067 1073
4065 1075
4048 1064
4049 1063
3967 1039
3969 1047
3976 1034
3975 1033
4068 1095
4065 1096
4054 1087
4068 1073
4064 1075
4047 1064
4049 1062
3967 1038
3969 1048
3976 1035
3975 1032
4069 1095
4068 1094
4064 1096
4053 1087
4068 1074
4063 1075
4046 1064
4050 1062
4049 1061
3967 1037
3970 1048
3969 1049
3977 1035
3976 1032
4070 1095
4069 1096
4064 1097
4069 1074
4062 1075
4063 1076
4045 1064
4051 1062
4049 1060
3968 1037
3966 1037
3971 1048
3970 1049
3968 1049
3978 1035
3977 1036
4064 1098
4070 1074
4063 1077
4044 1064
4052 1062
4051 1061
4049 1059
3969 1037
3965 1037
3970 1050
3968 1050
3978 1034
3977 1037
4064 1099
4070 1075
4070 1073
4063 1078
4044 1063
3969 1038
3964 1037
3971 1050
3968 1051
3979 1034
3978 1033
3977 1038
4064 1100
4071 1073
4070 1072
4064 1078
4043 1063
3963 1037
3964 1038
3972 1050
3971 1051
3967 1051
3980 1034
3979 1033
3978 1032
4064 1101
4069 1072
4065 1078
3962 1037
3964 1039
3972 1049
3967 1052
3980 1035
3978 1031
4063 1101
4064 1102
4069 1071
3962 1036
3965 1039
3964 1040
3967 1053
3981 1035
3980 1036
3979 1031
3977 1031
4062 1101
4068 1071
4069 1070
3962 1035
3964 1041
3968 1053
3966 1053
3967 1054
3982 1035
3979 1036
3980 1031
3977 1030
4061 1101
4070 1070
3961 1035
3965 1041
3964 1042
3968 1054
3965 1053
3967 1055
3982 1036
3981 1031
3980 1030
3977 1029
4060 1101
4071 1070
3960 1035
3963 1042
3964 1043
3968 1055
3965 1054
3983 1036
3982 1037
3981 1030
3980 1029
3976 1029
4059 1101
4060 1102
4072 1070
3959 1035
3962 1042
3963 1043
3964 1044
3969 1055
3964 1054
3965 1055
3984 1036
3983 1037
3982 1030
3976 1028
4059 1100
3958 1035
3961 1042
3962 1041
3963 1044
3964 1045
3969 1056
3963 1054
3965 1056
3984 1035
3976 1027
4058 1100
4059 1099
3957 1035
3958 1034
3961 1041
3962 1044
3964 1046
3970 1056
3962 1054
3963 1053
3964 1056
3984 1034
3976 1026
4057 1100
4059 1098
3956 1035
3960 1041
3961 1044
3971 1056
3962 1053
3963 1052
3963 1056
3984 1033
3975 1026
3976 1025
4058 1098
4059 1097
3955 1035
3956 1036
3956 1034
3961 1045
3972 1056
3962 1052
3963 1057
3985 1033
3983 1033
3977 1025
3976 1024
4057 1098
4058 1097
4060 1097
4059 1096
3955 1034
3956 1037
3961 1046
3973 1056
3961 1052
3963 1058
3986 1033
3977 1024
3976 1023
4056 1098
4061 1097
3954 1034
3955 1033
3957 1037
3960 1046
3974 1056
3960 1052
3963 1059
3987 1033
3986 1034
3978 1024
3975 1023
4055 1098
4056 1097
4061 1096
3953 1034
3959 1046
3960 1047
3974 1057
3974 1055
3960 1051
3963 1060
3988 1033
3986 1035
3979 1024
3974 1023
3975 1022
4054 1098
4056 1096
3952 1034
3958 1046
3959 1047
3959 1045
3974 1054
3959 1051
3960 1050
3963 1061
3988 1032
3987 1035
3986 1036
3980 1024
3973 1023
4054 1099
4057 1096
3952 1035
3952 1033
3957 1046
3958 1047
3959 1044
3958 1051
3960 1049
3964 1061
3963 1062
3988 1031
3987 1036
3986 1037
3973 1024
4053 1099
4057 1095
3952 1036
3952 1032
3956 1046
3958 1044
3958 1052
3958 1050
3961 1049
3959 1049
3964 1062
3962 1062
3989 1031
3987 1031
3988 1030
3988 1036
3972 1024
4053 1100
3952 1037
3953 1032
3951 1032
3961 1048
3962 1063
3989 1030
3988 1029
3988 1037
3971 1024
3972 1025
4052 1100
3952 1038
3950 1032
3962 1048
3962 1064
3987 1029
3988 1028
3989 1037
3988 1038
3971 1025
3971 1023
4051 1100
4052 1101
3951 1038
3949 1032
3963 1048
3961 1064
3962 1065
3986 1029
3988 1027
3990 1037
3988 1039
3970 1025
3971 1026
3971 1022
4051 1101
4051 1099
4052 1102
3950 1038
3951 1039
3948 1032
3961 1065
3989 1027
3987 1027
3988 1026
3991 1037
3990 1036
3988 1040
3971 1027
3970 1022
3971 1021
4050 1101
4050 1099
3949 1038
3951 1040
3948 1031
3960 1065
3986 1027
3988 1025
3992 1037
3991 1038
3991 1036
3989 1040
3987 1040
3969 1022
3970 1021
3972 1021
3971 1020
4050 1102
4050 1098
3948 1038
3952 1040
3951 1041
3948 1030
3960 1066
3985 1027
3986 1026
3991 1039
3991 1035
3990 1040
3986 1040
3969 1023
3969 1021
3972 1020
4050 1103
4049 1098
3952 1041
3950 1041
3947 1030
3960 1067
3986 1025
3990 1039
3991 1040
3968 1023
3968 1021
3973 1020
3972 1019
4049 1103
4050 1104
4049 1097
3953 1041
3952 1042
3950 1042
3959 1067
3960 1068
3986 1024
3991 1041
3967 1023
3968 1020
3973 1019
4051 1104
4050 1105
4048 1097
4049 1096
3954 1041
3958 1067
3960 1069
3986 1023
3992 1041
3967 1024
3968 1019
3973 1018
4052 1104
4050 1106
3955 1041
3958 1066
3961 1069
3960 1070
3987 1023
3986 1022
3992 1042
3966 1024
3968 1018
3973 1017
4053 1104
4052 1105
4051 1106
4050 1107
3957 1066
3962 1069
3961 1070
3959 1070
3985 1022
3992 1043
3965 1024
3967 1018
3972 1017
3973 1016
4050 1108
3961 1071
3958 1070
3984 1022
3985 1021
3991 1043
3965 1025
3974 1016
3973 1015
4051 1108
4050 1109
3961 1072
3985 1020
3990 1043
3991 1044
3964 1025
3973 1014
4050 1110
3961 1073
3986 1020
3963 1025
3972 1014
4050 1111
3962 1073
3961 1074
3986 1019
3962 1025
3963 1026
3972 1013
4049 1111
4050 1112
3963 1073
3962 1074
3960 1074
3986 1018
3962 1024
3963 1027
4050 1113
3962 1075
3959 1074
3987 1018
3985 1018
3961 1024
4051 1113
3963 1075
3962 1076
3958 1074
3959 1075
3988 1018
3987 1017
3984 1018
3960 1024
3961 1023
4052 1113
3964 1075
3962 1077
3958 1073
3959 1076
3989 1018
3988 1019
3987 1016
3984 1019
3984 1017
3959 1024
3960 1025
3961 1022
4053 1113
3964 1074
3962 1078
3990 1018
3986 1016
3984 1016
3959 1023
4054 1113
4053 1114
3965 1074
3961 1078
3990 1019
3990 1017
3984 1015
3958 1023
4053 1115
3966 1074
3961 1079
3990 1020
3990 1016
3985 1015
3983 1015
3957 1023
3958 1022
4054 1115
4052 1115
3966 1075
3961 1080
3990 1015
3985 1014
3982 1015
3956 1023
3958 1021
3967 1075
3966 1076
3991 1015
3986 1014
3985 1013
3959 1021
3968 1075
3992 1015
3985 1012
3959 1020
3968 1076
3993 1015
3992 1016
3992 1014
3985 1011
3960 1020
3992 1013
3984 1011
3960 1019
3993 1013
3991 1013
3983 1011
3960 1018
3994 1013
3991 1012
3983 1012
3983 1010
3959 1018
3994 1012
3982 1010
3958 1018
3959 1017
3994 1011
3982 1009
3957 1018
3959 1016
3995 1011
3994 1010
3957 1017
3959 1015
3995 1010
3956 1017
3960 1015
3959 1014
3995 1009
3955 1017
3956 1016
3958 1014
3959 1013
3996 1009
3995 1008
3956 1015
3959 1012
3997 1009
3994 1008
3955 1015
3960 1012
3959 1011
3997 1010
3993 1008
3994 1007
3954 1015
3961 1012
3958 1011
3997 1011
3992 1008
3993 1007
3994 1006
3954 1016
3961 1013
3961 1011
3958 1010
3991 1008
3992 1009
3994 1005
3953 1016
3961 1014
3962 1011
3958 1009
3990 1008
3991 1009
3993 1005
3963 1011
3962 1010
3958 1008
3989 1008
3990 1007
3993 1004
3963 1010
3962 1009
3957 1008
3990 1006
3993 1003
3964 1010
3962 1008
3956 1008
3957 1007
3991 1006
3990 1005
3994 1003
3993 1002
3965 1010
3962 1007
3955 1008
3956 1007
3957 1006
3991 1005
3990 1004
3995 1003
3993 1001
3966 1010
3965 1011
3963 1007
3961 1007
3956 1006
3995 1004
3994 1001
3992 1001
3967 1010
3966 1009
3964 1007
3961 1006
3955 1006
3991 1001
3967 1011
3967 1009
3966 1008
3960 1006
3961 1005
3954 1006
3991 1002
3991 1000
3968 1011
3962 1005
3961 1004
3954 1007
3954 1005
3991 999
3963 1005
3960 1004
3954 1004
3991 998
3960 1003
3954 1003
3991 997
3955 1003
3953 1003
3954 1002
3992 997
3991 996
3956 1003
3955 1002
3952 1003
3990 996
3956 1004
3955 1001
3952 1004
3989 996
3955 1000
3951 1004
3988 996
3989 997
3954 1000
3951 1005
3987 996
3989 998
3953 1000
3954 999
3951 1006
3987 995
3989 999
3952 1000
3954 998
3952 1006
3987 994
3952 1001
3952 999
3955 998
3953 998
3952 1007
3986 994
3987 993
3951 999
3952 998
3956 998
3952 1008
3985 994
3987 992
3950 999
3951 998
3952 997
3956 997
3984 994
3985 993
3987 991
3949 999
3952 996
3957 997
3984 993
3949 998
3984 992
3948 998
3983 992
3947 998
3946 998
3947 999
3945 998
3946 999
3945 997
3945 996
3946 996
3944 996
3945 995
3947 996
3943 996
3944 995
3947 995
3942 996
3943 997
3944 994
3948 995
3947 994
3941 996
3943 994
3949 995
3947 993
3941 995
3942 994
3943 993
3950 995
3940 995
3943 992
3950 994
3939 995
3940 994
3942 992
3951 994
3938 995
3939 996
3941 992
3942 991
3937 995
3939 997
3940 992
3942 990
3936 995
3941 990
3936 996
3940 990
3941 989
3935 996
3941 988
3934 996
3942 988
3941 987
3933 996
3934 997
3942 987
3940 987
3932 996
3933 997
3933 995
3943 987
3940 986
3931 996
3943 986
3940 985
3930 996
3931 995
3941 985
3939 985
3930 997
3942 985
3941 984
3938 985
3939 984
3929 997
3930 998
3942 984
3939 983
3928 997
3930 999
3939 982
3927 997
3929 999
3940 982
3938 982
3939 981
3927 996
3929 1000
3941 982
3939 980
3926 996
3940 980
3938 980
3926 995
3940 979
3937 980
3926 994
3941 979
3936 980
3927 994
3926 993
3942 979
3936 981
3936 979
3925 993
3926 992
3943 979
3936 978
3924 993
3925 992
3926 991
3944 979
3943 978
3937 978
3936 977
3924 994
3927 991
3926 990
3944 980
3943 977
3938 978
3936 976
3924 995
3927 990
3925 990
3945 980
3942 977
3938 977
3937 976
3935 976
3924 996
3946 980
3939 977
3934 976
3947 980
3946 979
3940 977
3934 977
3934 975
3948 980
3933 977
3934 974
3948 981
3932 977
3935 974
3934 973
3931 977
3932 976
2032 2399
3935 973
3934 972
3932 975
3935 972
3933 972
3934 971
3931 975
3936 972
3935 971
3932 972
3930 975
3937 972
3932 973
3929 975
3938 972
3937 973
3929 976
3929 974
3938 973
3938 971
3929 977
3928 974
3939 971
3938 970
3929 978
3940 971
3937 970
3938 969
3929 979
3941 971
3940 972
3937 969
3939 969
3938 968
3930 979
3942 971
3941 970
3940 973
3940 969
3938 967
3930 980
3943 971
3937 967
3931 980
3944 971
3943 970
3936 967
3931 981
3944 972
3944 970
3931 982
3944 973
3945 970
3944 969
3930 982
3931 983
3945 973
3943 973
3944 974
3944 968
3931 984
3946 973
3945 974
3944 967
3932 984
3931 985
3947 973
3946 974
3946 972
3945 975
3945 967
3943 967
3933 984
3947 972
3946 967
3933 983
3948 972
3947 967
3946 966
3948 971
3948 967
3947 966
3946 965
3948 970
3949 967
3946 964
3947 970
3948 969
3950 967
3947 964
3946 963
3951 967
3950 968
3945 963
3952 967
3944 963
3945 962
3953 967
3952 966
3944 964
3953 968
3953 966
3953 969
3954 966
3955 966
3956 966
3957 966
3956 967
3958 966
3956 968
3959 966
3958 965
3957 968
3959 967
3958 964
3957 969
3960 967
3958 963
3957 970
3959 963
3957 963
3958 962
3957 971
3960 963
3956 963
3958 971
3957 972
3961 963
3960 962
3955 963
3956 972
3957 973
3962 963
3954 963
3955 962
3955 972
3958 973
3963 963
3962 964
3953 963
3954 964
3954 962
3954 972
3959 973
3958 974
3964 963
3962 965
3953 964
3953 962
3954 961
3953 972
3960 973
3959 972
3958 975
3965 963
3963 965
3952 964
3954 960
3953 973
3953 971
3961 973
3960 974
3958 976
3966 963
3965 964
3964 965
3963 966
3955 960
3954 959
3952 973
3953 974
3962 973
3958 977
3966 964
3963 967
3954 958
3953 975
3962 974
3958 978
3967 964
3964 967
3954 957
3952 975
3959 978
3967 965
3953 957
3954 956
3952 976
3968 965
3952 957
3953 956
3954 955
3952 977
3969 965
3954 954
3953 977
3952 978
3970 965
3955 954
3953 954
3954 953
3954 977
3952 979
3970 966
3955 953
3952 954
3954 978
3951 979
3971 966
3955 952
3951 954
3954 979
3950 979
3972 966
3955 951
3950 954
3955 979
3973 966
3972 967
3956 951
3955 950
3955 980
3974 966
3972 968
3955 949
3956 980
3955 981
3971 968
3972 969
3955 948
3956 981
3955 982
3972 970
3956 948
3954 948
3955 983
3973 970
3972 971
3953 948
3955 984
3973 971
3972 972
3952 948
3953 949
3956 984
3954 984
3973 972
3972 973
3951 948
3952 947
3956 985
3953 984
3973 973
3971 973
3951 949
3951 947
3956 986
3952 984
3973 974
3951 950
3951 946
3955 986
3951 984
3952 983
3974 974
3951 945
3955 987
3950 984
3952 982
3975 974
3950 945
3955 988
3952 981
3975 973
3949 945
3950 944
3954 988
3975 972
3949 944
3950 943
3953 988
3954 989
3976 972
3975 971
3950 942
3953 989
3977 972
3976 971
3975 970
3949 942
3950 941
3953 990
3978 972
3949 941
3951 941
3950 940
3952 990
3953 991
3979 972
3978 971
3949 940
3952 941
3951 990
3954 991
3980 972
3949 939
3952 940
3950 990
3951 989
3954 992
3949 938
3950 989
3954 993
3950 938
3948 938
3955 993
3953 993
3950 937
3947 938
3956 993
3952 993
3953 994
3950 936
3946 938
3947 939
3957 993
3952 992
3951 936
3949 936
3945 938
3957 992
3952 936
3948 936
3945 939
3953 936
3947 936
3945 940
3953 935
3947 935
3944 940
3945 941
3953 934
3946 935
3943 940
3946 941
3953 933
3942 940
3953 932
3941 940
3942 941
3954 932
3940 940
3942 942
3955 932
3954 931
3939 940
3941 942
3956 932
3400 1768
3399 1768
3398 1768
3399 1767
3398 1769
3398 1767
3397 1769
3398 1766
3396 1769
3398 1765
3396 1770
3399 1765
3397 1765
3400 1765
3399 1764
3396 1765
3399 1763
3396 1766
3398 1763
3399 1762
3398 1762
3399 1761
3397 1762
3399 1760
3396 1762
3400 1760
3398 1760
3399 1759
3396 1763
3401 1760
3400 1759
3397 1760
3402 1760
3401 1759
3400 1758
3396 1760
3397 1759
3403 1760
3400 1757
3395 1760
3397 1758
3403 1759
3394 1760
3395 1759
3404 1759
3394 1761
3394 1759
3405 1759
3393 1761
3405 1760
3393 1762
3406 1760
3405 1761
3392 1762
3407 1760
3391 1762
3392 1763
3407 1761
3407 1759
3391 1763
3408 1759
3407 1758
3390 1763
3409 1759
3406 1758
3390 1764
3410 1759
3389 1764
3390 1765
3411 1759
3389 1765
3412 1759
3411 1758
3388 1765
3413 1759
3412 1760
3411 1757
3387 1765
3414 1759
3412 1761
3412 1757
3387 1764
3414 1760
3414 1758
3412 1756
3386 1764
3414 1761
3412 1755
3385 1764
3415 1761
3414 1762
3413 1755
3411 1755
3412 1754
3385 1765
3414 1763
3414 1755
3410 1755
3412 1753
3384 1765
3414 1764
3409 1755
3410 1756
3410 1754
3413 1753
3411 1753
3383 1765
3413 1764
3414 1765
3414 1753
3382 1765
3412 1764
3414 1766
3415 1753
3414 1752
3382 1764
3411 1764
3413 1766
3414 1767
3415 1752
3382 1763
3411 1765
3411 1763
3414 1768
3416 1752
3415 1751
3381 1763
3382 1762
3417 1752
3415 1750
3380 1763
3382 1761
3418 1752
3416 1750
3414 1750
3379 1763
3383 1761
3382 1760
3419 1752
3418 1751
3416 1749
3413 1750
3379 1762
3420 1752
3419 1753
3413 1749
3379 1761
3421 1752
3420 1751
3419 1754
3413 1748
3380 1761
3378 1761
3422 1752
3421 1751
3420 1750
3418 1754
3413 1747
3380 1760
3377 1761
3378 1760
3423 1752
3420 1749
3418 1755
3414 1747
3413 1746
3380 1759
3377 1760
3378 1759
3421 1749
3417 1755
3418 1756
3413 1745
3380 1758
3377 1759
3416 1755
3419 1756
3413 1744
3379 1758
3412 1744
3413 1743
3379 1757
3411 1744
3412 1743
3414 1743
3379 1756
3410 1744
3414 1742
3378 1756
3379 1755
3414 1741
3378 1755
3380 1755
3415 1741
3414 1740
3380 1754
3413 1740
3414 1739
3380 1753
3412 1740
3414 1738
3381 1753
3415 1738
3381 1752
3416 1738
3381 1751
3416 1739
3381 1750
3417 1739
3416 1740
3382 1750
3380 1750
3418 1739
3383 1750
3379 1750
3419 1739
3418 1738
3384 1750
3383 1751
3378 1750
3379 1749
3420 1739
3383 1752
3377 1750
3379 1748
3421 1739
3420 1740
3420 1738
3384 1752
3383 1753
3376 1750
3380 1748
3378 1748
3420 1741
3385 1752
3376 1751
3376 1749
3381 1748
3380 1747
3378 1747
3421 1741
3419 1741
3385 1753
3376 1752
3375 1749
3376 1748
3380 1746
3422 1741
3419 1742
3377 1752
3375 1752
3381 1746
3378 1752
3374 1752
3375 1753
3381 1745
3378 1753
3373 1752
3375 1754
3381 1744
3373 1753
3373 1751
3376 1754
3382 1744
3380 1744
3372 1753
3373 1754
3383 1744
3379 1744
3379 1745
3379 1743
3378 1745
3379 1742
3379 1741
3378 1741
3379 1740
3377 1741
3380 1740
3376 1741
3381 1740
3375 1741
3382 1740
3375 1740
3383 1740
3382 1741
3375 1739
3383 1739
3375 1738
3384 1739
3383 1738
3375 1737
3385 1739
3384 1738
3376 1737
3375 1736
3386 1739
3385 1738
3384 1737
3375 1735
3386 1738
3385 1737
3384 1736
3376 1735
3374 1735
3387 1738
3386 1737
3385 1736
3373 1735
3388 1738
3385 1735
3372 1735
3373 1734
3388 1739
3385 1734
3371 1735
3372 1736
3389 1739
3384 1734
3371 1734
3372 1737
3390 1739
3383 1734
3384 1733
3370 1734
3371 1733
3373 1737
3372 1738
3391 1739
3383 1733
3384 1732
3369 1734
3373 1738
3371 1738
3391 1740
3385 1732
3370 1738
3392 1740
3385 1731
3369 1738
3370 1739
3370 1737
3393 1740
3392 1741
3368 1738
3393 1741
3392 1742
3367 1738
3368 1739
3391 1742
3392 1743
3367 1737
3368 1740
3390 1742
3393 1743
3366 1737
3369 1740
3368 1741
3390 1743
3390 1741
3394 1743
3366 1736
3367 1741
3389 1743
3395 1743
3366 1741
3395 1744
3395 1742
3365 1741
3366 1742
3366 1740
3396 1742
3366 1743
3397 1742
3365 1743
3366 1744
3398 1742
3397 1743
3364 1743
3366 1745
3399 1742
3398 1743
3363 1743
3365 1745
3366 1746
3399 1741
3363 1742
3364 1745
3366 1747
3399 1740
3362 1742
3364 1746
3366 1748
3399 1739
3361 1742
3367 1748
3399 1738
3360 1742
3367 1749
3400 1738
3360 1743
3360 1741
3368 1749
3367 1750
3401 1738
3400 1737
3359 1743
3360 1740
3369 1749
3366 1750
3401 1739
3401 1737
3358 1743
3361 1740
3359 1740
3360 1739
3369 1748
3366 1751
3401 1740
3402 1737
3401 1736
3358 1744
3361 1739
3360 1738
3370 1748
3366 1752
3403 1737
3402 1736
3401 1735
3357 1744
3359 1738
3360 1737
3371 1748
3367 1752
3366 1753
3404 1737
3403 1738
3401 1734
3356 1744
3357 1745
3358 1738
3361 1737
3365 1753
3366 1754
3405 1737
3404 1738
3403 1739
3400 1734
3401 1733
3356 1745
3356 1743
3358 1737
3361 1736
3365 1754
3403 1740
3400 1733
3402 1733
3401 1732
3356 1746
3357 1737
3365 1755
3403 1741
3400 1732
3402 1732
3356 1747
3357 1736
3365 1756
3403 1742
3403 1732
3356 1736
3357 1735
3366 1756
3365 1757
3403 1743
3404 1732
3403 1731
3366 1757
3365 1758
3404 1743
3403 1744
3405 1732
3403 1730
3367 1757
3405 1743
3402 1744
3406 1732
3405 1731
3402 1730
3403 1729
3368 1757
3367 1758
3405 1744
3406 1733
3402 1729
3404 1729
3403 1728
3369 1757
3367 1759
3406 1744
3405 1745
3406 1734
3405 1729
3370 1757
3407 1744
3406 1735
3405 1728
3371 1757
3370 1758
3370 1756
3405 1727
3371 1756
3370 1759
3406 1727
3404 1727
3405 1726
3371 1759
3370 1760
3407 1727
3406 1726
3404 1726
3408 1727
3404 1725
3409 1727
3403 1725
3404 1724
2571 2716
2571 2715
2571 2714
