1744 3335
1706 1661
1627 2454
1589 2856
1475 3169
1729 1881
1518 1979
1770 1899
1531 2311
1598 2069
1432 1935
1356 3078
1615 2666
940 3029
1912 2546
1546 2895
1554 2100
1546 2381
1773 3230
1704 3034
1536 2897
1585 2943
1865 3166
1209 3583
1550 2338
1590 2956
1432 1945
1665 3011
1594 2395
1802 1767
1535 2202
1594 2086
1441 2407
1540 2373
1711 2750
1389 1912
1649 2975
1733 2705
1608 2122
1543 1927
1432 3091
1829 1858
1819 3155
1701 3275
1774 2667
1510 3084
1646 2688
1450 2562
1591 2873
1662 2702
1546 2549
1536 1893
1709 1573
1382 1942
1657 3092
1576 2499
1629 2617
1519 2202
1579 2911
1747 1876
1709 1918
1701 3194
1427 3552
1731 2973
1566 2413
1556 2222
1675 1629
1413 1912
1625 2854
1598 2502
1704 3065
1738 2570
1454 3113
1716 1970
1551 2233
1676 3200
1705 2747
1766 1727
1771 1598
1436 3560
1621 2436
1391 1914
1555 3021
1452 3087
1385 3080
1736 1745
1702 3311
1482 2601
1786 1736
1677 2994
1820 1866
1559 2565
1583 2519
1596 2085
1796 1703
1780 2640
1739 2746
1489 2126
1607 2313
1766 1878
1659 2984
1862 3164
1648 2675
1478 3156
1657 2344
1801 3197
1529 2201
1781 1908
1578 2638
1588 2335
1475 2565
1747 3315
1902 2584
1445 3216
1642 3260
1498 3137
1464 3076
1514 2992
1533 2980
1579 2060
1778 3311
1894 2577
1557 3091
1821 3161
1598 3071
1508 1966
1549 3022
1645 2790
1752 1934
1789 2393
1538 2210
1579 2458
1557 1996
1492 3144
1744 3331
1632 2458
1617 2148
1740 1644
1665 2759
1550 1942
1504 2592
1621 2891
1847 3150
1571 2891
1735 3246
1782 2656
1436 3606
1622 2666
1717 2451
1582 2326
1584 1948
1659 2799
1602 2052
1744 1890
1571 2928
1608 2450
1795 1585
1664 3026
1668 1906
1762 2660
1448 3591
1718 2716
1697 3203
1656 2345
1724 2663
1614 2300
1869 2650
1441 3599
1632 2858
1796 1707
1524 1979
1922 2577
1537 2230
1657 2912
1584 3022
1430 3142
1464 3084
1522 2116
1526 3142
1746 2572
1576 1990
1448 3087
1707 3218
1675 2340
1835 3153
1659 2760
1784 3199
1524 3042
1781 3129
1506 2553
1642 2485
1649 1960
1495 2095
1606 2518
1736 2482
1522 2878
1741 2510
1646 2835
1673 3066
1666 3016
1716 3197
1732 2751
1580 3003
1777 1877
1402 3505
1392 3505
1858 1755
1785 1572
1379 1940
1439 3069
1719 2960
1727 1578
1466 2569
1796 1587
1369 3489
1863 2662
1629 1897
1523 3129
1605 2676
1628 2135
1743 1607
1748 2551
1687 2335
1661 2802
1827 1827
1408 3090
1707 3335
1590 2863
1513 2172
1608 2619
1758 1698
1594 2670
1791 1853
1597 1921
1425 2574
1732 1744
1515 2976
1439 3564
1859 3219
1502 2124
1718 2595
1769 2426
1725 1580
1542 2215
1753 3110
1656 2428
1568 2413
1579 2103
1660 2088
1654 2328
1714 2976
1670 3088
1943 2594
1629 2138
1732 2966
1678 2335
1608 2303
1492 2124
1445 1922
1773 3127
1744 2677
1713 1898
1563 2348
1347 3276
1736 2688
1570 2188
1360 3298
1391 1912
1480 3143
1448 3082
1526 3053
1819 1741
1556 2563
1730 3097
1569 2205
1652 2786
1722 2472
1771 1878
1576 3020
1751 2475
1907 2545
1636 2939
1770 1738
1755 1973
1652 1894
1888 2655
1623 2082
1552 2143
1430 3170
1580 2310
1541 2215
1746 3091
1387 3539
1583 2915
1599 2990
1640 3076
1767 1589
1452 3149
1755 3073
1532 3092
1593 2644
1892 2533
1425 3118
1670 2908
1732 2968
1514 2180
1779 3125
1427 3576
1563 1890
1797 1817
1776 1862
1729 2441
1725 1889
1637 2452
1922 3175
1581 2937
1674 3192
1444 3641
1774 2661
1492 2108
1910 2541
1722 3195
1499 2584
1555 2197
1700 2418
1562 2208
1858 2663
1830 1763
1713 2466
1436 3188
1694 2981
1895 2586
1386 3500
1539 2343
1804 1590
1679 1916
1376 3547
1424 1920
1771 1871
1604 3077
1725 1649
1788 1878
1634 2750
1749 3337
1602 2659
1713 2939
1677 2336
1523 2971
1339 3264
1529 3104
1582 1890
1464 3274
1817 1747
1775 3276
1783 3128
1637 2864
1735 2697
1700 3300
1732 2424
1580 3063
1337 3253
1476 3157
1691 3231
1569 2251
1635 2845
1666 1890
1608 2398
1382 3240
1545 2096
1593 2658
1671 1614
1852 1770
1694 3230
1614 2341
1856 2613
1276 3202
1650 2146
1630 2617
1720 1575
1389 1931
1652 2159
1611 2645
1576 2407
1751 3264
1814 1740
1352 3546
1788 1744
1536 2197
1702 3284
1638 2842
1761 1896
1578 2325
1464 2119
1517 3041
1305 3228
1499 3159
1648 2672
1871 2554
1522 2005
1574 2080
1578 2682
1669 2166
1578 2455
1603 2671
1574 2061
1582 2634
1597 1928
1763 3178
1698 3092
1497 2095
1584 2192
1742 1577
1824 1842
1633 1904
1612 2647
1836 2630
1963 2587
1583 3018
1485 2131
1758 2409
1639 1947
1524 2970
1668 1908
1971 2598
1744 1944
1838 3154
1397 1919
1643 2490
1642 1932
1697 3081
1625 2115
1674 2426
1542 3101
1395 1900
1393 3552
1820 3164
1790 1875
1800 1810
1765 3223
1735 1583
1632 2828
1794 1786
1769 3162
1753 2669
1715 1589
1565 1893
1397 3545
1734 1671
1831 2667
1607 3073
1755 2488
1554 2560
1563 2353
1653 2709
1588 1950
1654 2978
1754 3312
1408 3504
1445 2543
1650 3000
1382 3550
1441 3572
1541 2121
1842 2672
1651 2328
1439 3211
1405 2576
1547 2085
1631 3265
1738 2603
1590 1882
1684 2720
1486 3169
1859 3215
1575 2916
1770 1740
1842 3153
1720 2718
1624 2168
1504 2540
1454 2545
1471 3154
1655 2759
1575 2884
1301 3225
1954 2591
1768 3239
1671 2511
1646 1930
1916 3153
1610 2021
1685 2332
1740 2570
1761 1957
1654 2830
1493 2196
1762 1698
1776 2644
1445 3259
1559 3073
1711 1943
1675 1918
1581 2856
1486 1957
1677 1946
1796 1838
1853 2602
1699 3294
1660 2804
1710 2613
1763 2494
1596 2276
1742 1595
1716 3206
1453 3594
1562 3024
1595 2389
1559 2569
1755 2415
1780 3319
1591 2982
1740 2640
1423 3633
1557 3077
1369 3075
1583 2484
1745 2568
1732 2502
1437 1892
1569 2643
1529 2612
1791 2391
1547 2516
1571 2012
1635 2472
1782 1938
1723 1660
1580 1959
1654 2504
1892 2547
1763 2635
1807 3156
1560 2651
1676 3051
1493 3154
1967 2586
1768 1865
1499 3086
1302 3252
1646 2669
1598 1925
1601 2513
1790 1569
1599 2549
1762 3066
1634 2855
1620 2824
1450 3577
1629 2130
1571 2422
1605 2980
1427 1904
1759 1879
1609 2289
1745 3342
1781 1752
1659 2730
1523 3089
1913 2641
1808 3155
1668 2937
1794 1721
1583 2114
1465 2115
1611 2593
1601 2120
1767 3260
1711 1892
1610 2905
1742 1671
1852 1777
1806 1793
1545 2530
1653 1921
1752 3264
1596 2089
1809 1748
677 2829
1321 3269
1799 1595
1727 2526
1780 1882
1683 3256
1577 2079
1892 3191
1481 1926
1568 2084
1490 2145
1599 2991
1633 2461
1583 3012
1500 3157
1621 2475
1604 2079
1624 2646
1786 1866
1698 2947
1447 3570
1445 3560
1655 3262
1878 2598
1614 2529
1605 2501
1747 3218
1646 2871
1657 1896
1514 2530
1766 3265
1465 3654
1553 2079
1568 2519
1763 3304
1583 2476
1653 2957
1662 3000
1724 3241
1216 3584
1799 1853
1733 2754
1885 3175
1532 2001
1732 2422
1715 3235
1625 2569
1489 2122
1650 2477
1685 3090
1892 3167
1769 1607
1590 2910
1711 1574
1584 2106
1678 2414
1528 2003
1290 3224
1390 3507
1339 3273
1472 3168
1655 2485
1628 2470
1535 2618
1714 2983
1682 3276
1483 2585
1622 1907
1428 1936
1669 3090
1450 3269
1818 1755
1382 1905
1719 2426
1763 3224
1917 3151
1651 2372
1619 2823
1701 2435
1582 2030
1817 1859
1358 3295
1917 3175
1771 2652
1733 1605
1904 2584
1586 3024
1678 1923
1644 1895
1340 3261
1701 1594
1426 3069
1793 1789
1813 2610
1580 2578
1664 2734
1552 1948
1583 2391
1650 2965
1670 3002
1706 2614
1447 3557
1767 1720
1627 3059
1521 2120
1722 2948
1844 2663
1727 3243
1463 2519
1504 2175
1691 2502
1611 1910
1425 2566
1758 1959
1627 2772
1556 2879
1539 1927
1716 2657
1578 1882
1650 1932
1724 2662
1629 2845
1792 2390
1602 2121
1669 1608
1684 2983
1770 1597
1684 2982
1418 1929
1682 3094
1762 2636
1723 1587
1558 2325
1556 2212
1762 1736
1548 2529
1652 2353
1667 3090
1767 1755
1869 2651
1807 1692
1577 2510
1664 2813
1406 3519
1790 1588
1816 1590
1486 2142
1563 1994
1642 2112
1593 1882
1871 2609
1574 2987
1638 2925
1912 2585
1728 1633
1795 1841
1456 2119
1902 3169
1586 1894
1463 2563
1959 2578
1633 2903
1628 2774
1740 1707
1562 2317
1557 2891
1711 2962
1646 2110
1534 2962
1768 1723
1743 3227
1740 2722
1568 2375
1611 3074
1889 2597
1407 3096
1276 3203
1436 3087
1636 2866
1820 1755
1752 1874
1862 2644
1660 1901
1673 2517
1544 3032
1677 1605
1741 2493
1726 3076
1721 3061
1502 2217
1945 2593
1408 3079
1777 3315
1815 2606
1809 1690
1705 1616
1572 2907
1407 1917
1590 3074
1531 2874
1482 3639
1634 3096
1626 2970
1545 1905
1711 3207
1783 2622
1734 3229
1603 3074
1362 3086
1363 3491
1708 3280
1739 1589
1637 3071
1581 2322
1745 1599
1421 3162
1555 2553
1545 1912
1685 2334
1768 1755
1758 3307
1555 3086
1580 2636
1651 1896
1406 1923
1472 3118
1859 2666
1762 1956
1729 2751
1646 2904
1485 2171
1538 2959
1739 1879
1661 2950
1613 2323
1750 3311
1912 2584
1443 3597
1458 3138
1516 3150
1764 3116
1380 3552
1447 3087
1564 1922
1605 2067
1498 2124
1849 2628
1599 2330
1571 2985
1846 2659
1420 2587
1577 2910
1678 1929
1908 3167
1444 3266
1589 2409
1525 2983
1723 3324
1706 2949
1816 1875
1486 2138
1648 3071
1611 2547
1761 2488
1727 3231
1584 2055
1609 2631
1506 3082
1692 2341
1616 2625
1815 1872
1547 2540
1469 1923
1527 2533
1830 1840
1569 2516
1558 2957
1644 3001
1731 2603
1737 2604
1565 2335
1713 3323
1674 2997
1736 2695
1790 1584
1627 2115
1571 1936
1745 2719
1499 2984
1623 1902
1575 2881
1436 3204
1643 2953
1361 3090
1607 2165
1892 3185
1686 2947
1965 2587
1618 2769
1606 2631
1443 1924
1565 2897
1630 2459
1569 1986
1647 2957
1777 2420
1295 3242
1567 2585
1922 2557
1645 3270
1536 2134
1668 1927
1552 2197
1670 3051
1577 2472
1805 1813
1749 3311
1586 2971
1768 3254
1688 3281
1567 1941
1571 2930
1746 2748
1650 2481
1631 2846
1621 2167
1442 3096
1434 2567
1500 2574
1654 2358
1673 2525
1737 2424
1415 1935
1416 1938
1676 3276
1764 1753
1801 1693
1702 2620
1725 2582
1566 2318
1369 3492
1566 2087
1723 1594
1563 2213
1730 2695
1884 2537
1823 2670
1532 2615
1626 2479
1618 2608
1610 2418
1604 1885
1318 3263
1462 3174
1589 2096
1898 3195
1513 2976
1684 1963
1534 1892
1302 3250
1694 1943
1642 2927
1755 1934
1545 2507
1593 1952
1726 2710
1677 3054
1472 2515
1466 2113
1652 2774
1762 1734
1700 2978
1679 3221
1728 2516
1667 2905
1737 1683
1852 3163
1582 2855
1517 2547
1371 3241
1632 2451
1552 2572
1740 1579
1493 3099
1746 2633
1942 2571
1816 1885
1655 2816
1478 2580
1578 2506
1640 2757
1779 2616
1863 2569
1677 2341
1760 3267
1432 3581
1634 3088
1737 2510
1562 2571
1555 2669
1593 2008
1635 2137
1558 2127
1710 2984
1597 2910
1523 2138
1690 2420
1666 2486
1701 1935
1723 2662
1753 1930
1677 2516
1767 1545
1557 2320
1759 1897
1743 3087
1378 1940
1496 3058
1459 3082
1505 2168
1602 2165
1558 2248
1760 3263
1431 3109
1581 3033
1574 2025
1749 1875
1457 3092
1602 2279
1743 1648
1563 1942
1628 2452
1552 2006
1674 1629
1889 2565
1534 2300
1635 2481
1848 3164
1499 2208
1775 1873
1699 3317
1850 3215
1507 2538
1664 3047
1730 1638
1631 2843
1601 2163
1811 1751
1449 3079
1672 1615
1701 2952
1636 3090
1746 1869
1784 1575
1677 1924
1515 3041
1553 2578
1550 1915
1428 3070
1577 3031
683 2836
1408 2568
1386 3502
1620 2441
1619 2523
1709 1945
1497 2987
1615 1925
1829 1841
1763 1608
1677 2169
1507 2537
1437 3196
1506 1980
1599 2122
1814 1817
1748 1867
1337 3267
1578 2408
1753 2487
1846 1756
1471 3138
1613 2164
1757 1871
1545 2085
1646 2496
1793 2406
1619 2589
1896 2641
1602 2649
1633 2827
1283 3221
1739 3092
1469 3084
1263 3196
1753 2633
1841 1774
1671 2423
1582 2099
1845 2671
1801 1683
1686 3054
1568 2642
1669 2969
1586 2912
1744 3253
1628 2136
1972 2598
1741 2747
1784 1750
1556 3089
1760 3099
1519 3083
1878 2645
1614 2610
1644 2980
1563 2456
1733 2502
1717 3029
1553 2336
1557 2328
1337 3506
1569 2519
1535 1997
1626 2675
1451 3176
1801 1692
1450 3092
1628 2618
1751 3334
1637 2332
1519 1984
1715 2429
1658 3113
1573 2916
1701 3292
1799 1783
1788 1870
1828 1828
1781 3182
1723 2749
1400 3510
1487 2589
1645 2825
1647 1965
1624 2643
1463 3272
1777 3324
1753 1973
1729 1738
1772 3240
1592 2498
1567 2244
1744 1717
1774 3228
1873 2572
1452 3136
1328 3278
1495 3082
1657 3093
1565 3051
1528 2146
1773 2397
1531 3037
1504 1964
1521 3153
1270 3202
1772 2655
1888 2597
1791 1749
1590 2938
1754 1934
1732 3332
1761 1734
1424 1942
1891 2528
1562 3023
1488 3091
1728 3094
1662 2520
1720 1569
1752 2565
1645 3001
1613 2647
1541 2965
1451 3640
1514 2511
1436 3101
1634 2930
1708 2959
1748 3269
1576 2183
1739 3094
1423 3508
1762 1875
1746 3240
1788 3237
1500 2986
1562 1995
1800 1684
1547 2081
1533 2613
1672 2511
1585 3003
1440 3603
1634 3087
1444 3203
1582 2877
1449 3593
1749 2556
1669 2913
1648 2797
1538 2304
1574 2197
1827 1847
1522 2535
1633 1912
1649 2107
1415 3151
1770 3241
1705 2437
1887 3180
1438 3599
1650 2490
1377 3244
1708 1945
1587 2294
1451 3672
1671 2509
1431 3629
1895 2541
1580 2460
1477 3103
1715 2984
1670 3063
1744 1661
1704 1658
1591 2326
1480 3142
1725 3243
1751 2670
1841 2674
1596 2998
1844 2664
1714 2617
1280 3202
1814 1863
1275 3201
1817 1866
1776 3176
1635 1901
1481 1951
1791 3175
1768 1858
1709 1588
1606 1921
1760 1608
1445 1924
1655 2763
1462 2132
1654 2879
1751 2420
1643 2834
1767 1734
1354 3287
1841 2660
1529 2537
1621 2911
1656 2335
1497 2591
1610 2512
1555 1917
1779 1918
1485 2093
1735 1721
1777 3238
1693 1597
1760 3180
1505 3066
1560 3102
1643 2794
1475 1921
1871 3200
1744 3238
1739 2707
1581 2077
1705 1612
1682 2894
1419 1927
1795 1799
1581 1901
1820 2621
1304 3256
1942 2557
1540 2125
1574 1915
1684 3082
1846 1753
1364 3496
1650 2866
1536 2907
1554 2132
1738 2483
1722 1660
1701 3298
1764 3256
1757 3169
1646 1955
1760 2644
1745 2748
1752 2475
1741 2600
1448 3097
1773 2638
1644 3088
1420 3087
1477 2154
1603 2527
1416 1953
1432 1936
1622 2169
1914 3166
1645 2819
1691 3076
1760 2433
1549 1915
1634 2123
1659 3111
1772 2405
1783 3141
1431 3267
1559 3102
1776 2654
1665 1945
1592 2398
1521 3114
1360 3077
1267 3194
1558 2126
1607 2399
1745 3276
1588 2874
1579 2282
1794 3167
1412 3629
1567 1910
1540 2330
1759 1869
1485 3099
1543 3037
1579 1895
1713 2607
1693 2977
1359 3534
1664 2899
1508 2978
1707 3029
1596 2095
1629 2136
1556 2116
1527 3145
1487 2128
1673 2896
1586 2068
1533 2874
1392 3527
1884 3200
1501 2183
1565 2363
1560 2666
1821 1758
1862 2567
1459 2555
1872 3198
1655 1927
1470 3165
1753 2486
1584 2517
1799 3174
1626 2856
1644 3251
1611 2902
1716 2431
1731 2531
1726 2673
1448 3605
1458 2566
1574 2650
1769 2428
1619 2445
1643 2886
1706 1892
1444 1922
1609 2077
1380 1939
1571 2976
1807 1764
1682 3097
1662 2517
1656 3099
1458 3261
1591 1943
1753 3321
1740 1943
1671 2714
1396 1898
1726 2709
681 2829
1545 2143
1655 2360
1722 3070
1707 2968
1767 3046
1525 2003
1879 2664
1417 3499
1780 2632
1714 2439
1649 3090
1890 2653
1556 2006
1555 3017
1437 3126
1700 1934
1509 2105
1665 3014
1519 2532
1679 2940
1787 2629
1465 1937
1497 2141
1752 2549
1651 2157
1871 2601
1724 1576
1768 1606
1594 2573
1328 3522
1563 1920
1791 2394
1636 2897
1659 1895
1807 1690
1829 3153
1642 2096
1400 3632
1653 2166
1680 1915
1411 1963
1783 3143
1787 1583
1757 3183
1632 2741
1748 2767
1596 2079
1639 2883
1743 2432
1825 2635
1786 3231
1393 1909
1600 2863
1718 2620
1740 3081
1568 2253
1427 1934
1690 3073
1601 2900
1817 1880
1704 2954
1407 1959
1637 2450
1620 2597
1552 2014
1607 1884
1529 2002
1737 2714
1556 2217
1789 3165
1594 2966
1626 2476
1307 3263
1410 1916
1628 3049
1664 1912
1939 2571
1772 3148
1707 3205
1577 2522
1479 2561
1700 1621
1754 2427
1588 2998
1856 2622
1871 2605
1757 3263
1596 2266
1454 3119
1865 3197
1668 2804
1656 2342
1662 2512
1752 1972
1438 3566
1423 3154
1650 2476
1316 3259
1578 2384
1442 3188
1592 1943
1888 3177
1695 3310
1854 2556
1781 3319
1722 2963
1642 2823
1528 1989
1620 2448
1544 3083
1372 3237
1569 2937
1533 3099
1807 2616
1527 3140
1654 2709
1527 2873
1573 2520
1482 2152
1482 3143
1635 2886
1708 3192
1425 3133
1777 3140
1821 1760
1884 2644
1640 2867
1484 2593
1658 2818
1409 1964
1433 3074
1670 2907
1411 1937
1538 3096
1533 3103
1563 2659
1746 2674
1741 1936
1586 2070
1646 2684
1789 1573
1586 2261
1618 2154
1596 2396
1560 2665
1633 2122
1920 2557
1650 2963
1434 3646
1709 2718
1759 3209
1576 3065
1758 2488
1356 3073
1697 1613
1698 3328
1648 2476
1757 3203
1329 3269
1346 3087
1552 2878
1583 2296
1597 2072
1600 1926
1497 2145
1482 3159
1548 2104
1723 2666
1481 3137
1429 1946
1518 3079
1447 3588
1431 1936
1712 2983
1548 2360
1426 3248
1633 2859
1716 3196
1663 2171
1713 2977
1525 3157
1736 1643
1591 2329
1550 2218
1800 1804
1673 2980
1577 2405
1705 2949
1906 2589
1428 3120
1462 2532
1612 2056
1711 1619
1719 2948
1411 1903
1848 1759
1511 2194
1213 3585
1607 2444
1606 2072
1656 2349
1646 1958
1515 2569
1461 2110
1564 2348
1518 2976
1702 2756
1668 3186
1596 2262
1721 1575
1760 2487
1438 3100
1632 2679
1654 2719
1851 2622
1607 2398
1545 2227
1680 3264
1719 3072
1578 2290
1549 2084
1677 3058
1608 2142
1916 2586
1588 1989
1564 2130
1449 3214
1724 1604
1452 3264
1553 2552
1348 3274
1590 1883
1677 1918
1668 2916
1610 2904
1870 3196
1617 2666
1338 3269
1762 1897
1708 2625
1810 1764
1497 2129
1666 2758
1507 3144
1573 2403
1572 3066
1572 2974
1803 1877
1599 2533
1602 2644
1667 2970
1764 2434
1623 2670
1583 2073
1778 3177
1611 2135
1445 3588
1463 3145
1624 2136
1759 2558
1746 3314
1708 2957
1713 1595
1640 1912
1663 2487
1768 3162
1587 3015
1341 3276
1824 1764
1657 2112
1709 1947
1563 2458
1676 1950
1599 2016
1575 2886
1651 2863
1565 2087
1518 3040
1814 1748
1828 3152
1790 1585
1862 2664
1573 2524
1644 2459
1526 3139
1648 2369
1809 1812
1503 2198
1430 3575
1713 1606
1671 2750
1466 2567
1540 2959
1817 3156
1888 2568
1559 2568
1428 3167
1545 2199
1666 2167
1551 3022
1889 2547
1551 2142
1857 2557
1879 3193
1760 3315
1634 2850
1535 2000
1665 2431
1492 2107
1502 2200
1682 2170
1686 2949
1465 3274
1281 3206
1849 2613
1821 2678
1563 1928
1736 3254
1753 3068
1771 2635
1620 2601
1605 2078
1700 1625
1617 2765
1779 1591
1796 1791
1589 2018
1548 2082
1740 1650
1730 2686
1584 2409
1531 2535
1555 2663
1542 2140
1569 1981
1908 2559
1766 2415
1572 1984
1428 3135
1509 2184
1525 3078
1877 2571
1654 2700
1516 2148
1540 2240
1604 2980
1549 2291
1974 2582
1593 3072
1462 3655
1613 2672
1456 2543
1342 3246
1451 3548
1430 3249
1838 1868
1793 2621
1364 3534
1586 2106
1699 1596
1593 2331
1568 2663
1532 2904
1818 2688
1714 2612
1448 3210
1581 3049
1759 1873
1634 2470
1628 2060
1625 2566
1668 3021
1672 2942
1659 3186
1595 2273
1527 2879
1531 2961
1805 2617
1668 2517
1799 3319
1726 2586
1412 3500
1499 3053
1547 3043
1441 3203
1768 3266
1337 3239
1795 2612
1715 2945
1571 2006
1757 1977
1600 2397
1623 2592
1695 2944
1571 2678
1830 1760
1511 2141
1786 1872
1489 3151
1430 3556
1759 3304
1596 1982
1450 2547
1757 2637
1785 2636
1700 3229
1404 3573
1426 2588
1483 1950
1607 1919
1733 2965
1873 3171
1612 1928
1750 3251
1733 2424
1606 2260
1558 2240
1538 2530
1720 2458
1724 2597
1606 2618
1684 1917
1577 2965
1505 2146
1538 1920
1715 3059
1553 2356
1785 3126
1649 1956
1844 1750
1852 2659
1499 1942
1793 1844
1592 2102
1619 2168
1580 2051
1457 2555
1803 1842
1799 3158
1647 3084
1753 2640
1753 1892
1575 2972
1958 2593
1785 1873
1459 3648
1567 2348
1698 3330
1449 3081
1799 1818
1565 2918
1543 2313
1885 2544
1593 2517
1399 3553
1558 3020
1912 2545
1655 3258
1664 1941
1893 3188
1848 3168
1499 1963
1410 3076
1724 3240
1597 1959
1602 2658
1720 3054
1638 3259
1445 1968
1606 2561
1711 2638
1655 2798
1379 3501
1640 3086
1405 3515
1511 2986
1730 2473
1817 1588
1739 1631
1702 1935
1575 2407
1722 2435
1693 3304
1654 3042
1440 3132
1677 3252
1563 2951
1664 2087
1592 1937
1655 2331
1680 2334
1678 3206
1672 1925
1711 1973
1752 3115
1605 2547
1618 2768
1963 2598
1530 2208
1680 3263
1557 2207
1581 3004
1719 3211
1796 1799
1645 2900
1884 3199
1626 3054
1942 2559
1525 3061
1762 3087
1462 3275
1632 2128
1452 2561
1805 2595
1590 2509
1857 2608
1669 3091
1507 2139
1726 2619
1269 3202
1799 1845
1750 2562
1502 2561
1723 2964
1652 3259
1855 1757
1874 2647
1425 3152
1640 2887
1855 2642
1841 1866
1579 2032
1522 2115
1488 2109
1752 1674
1451 3264
1600 2531
1585 1982
1664 3113
1630 2528
1605 2525
1539 2005
1378 1938
1483 3657
1595 2390
1730 2594
1462 2523
1525 2599
1587 2102
1831 3154
1448 3267
1636 2459
1717 1932
1717 1947
1498 2194
1412 2575
1647 2922
1349 3281
1576 2401
1858 1752
1665 2807
1563 2212
1663 3053
1871 2604
1590 2999
1640 2844
1589 2262
1559 2579
1463 3080
1636 2334
1426 3131
1690 3081
1757 3251
1375 3544
1543 1908
1668 1929
1726 1889
1725 1657
1736 2602
1788 3169
1747 2598
1553 3093
1308 3264
1541 3035
1702 1901
1540 2331
1661 2901
1392 3499
1425 3148
1645 2145
1442 3588
1750 2561
1418 3159
1767 3118
1610 2135
1742 1582
1742 2638
1681 1938
1408 1897
1840 1867
1574 2513
1817 1829
1438 3242
1773 2408
1782 1935
1632 2050
1548 2953
1847 2659
1182 3552
1453 1918
1870 2648
1367 3497
1509 1971
1539 2001
1545 3033
1578 2437
1722 2950
1647 2839
1711 2444
1475 2571
1653 2759
1650 2877
1628 2115
1575 2853
1485 3172
1374 3237
1656 2704
1760 1873
1749 2425
1215 3576
1568 1943
1815 1744
1811 1691
1642 2144
1564 1913
1952 2594
1727 2512
1797 2613
1703 1937
1550 2519
1778 1746
1730 3233
1702 3328
1596 2475
1397 1898
1512 2601
1385 3500
1559 2958
1618 2153
1574 2986
1720 3202
1739 1630
1650 2777
1779 1726
1752 3335
1653 1953
1751 3231
1537 1908
1764 1538
1769 1895
1643 2548
1776 1594
1644 1934
1733 1719
1891 2658
1763 3303
1351 3536
1671 3051
1528 1984
1585 2940
1677 3044
1705 2606
1562 2335
1733 2710
1640 2484
1421 1958
1543 2891
1413 1951
1421 3160
1478 3644
1650 2144
1706 1936
1559 2519
1782 2439
1502 2127
1635 2982
1742 1640
1793 3176
1441 3586
1594 1963
1713 1895
1369 3231
1605 2924
1741 1901
1452 3535
1759 3286
1555 3089
1579 1983
1973 2579
1692 3283
1633 2755
1750 1579
1874 2604
1475 3180
1599 2514
1632 2523
1401 1922
1661 2094
1495 2112
1522 2008
1713 1899
1301 3223
1778 1877
1868 3163
1426 1942
1647 3079
1853 1763
1464 1926
1609 2150
1711 2973
1770 3045
1593 2311
1420 3216
1640 2758
1899 2535
1650 1939
1420 1905
1572 2515
1745 3225
1809 1598
1796 3119
1492 1950
1623 2077
1650 2358
1676 2168
1538 1885
1792 1750
1611 2051
1581 2487
1787 1933
1527 3082
1607 2530
1464 2137
1436 3183
1559 1993
1669 2164
1672 1933
1658 3256
1885 2570
1410 1897
1500 2190
1815 1869
1525 3076
1548 2527
1571 2639
1669 2941
1938 2565
1977 2583
1577 2506
1710 2657
1741 2509
1340 3269
1619 2528
1762 3322
1755 3316
1588 2493
1559 2951
1372 3234
1552 2883
1609 2531
1752 2598
1506 3083
1610 2529
1765 2413
1541 1892
1740 1629
1660 2950
1442 3643
1612 2291
1766 1608
1510 3001
1669 2999
1562 1987
1514 1978
1393 3516
1498 1952
1768 1871
1598 2073
1730 2529
1624 2854
1435 3550
1775 1946
1681 3065
1551 2234
1895 3196
1698 2332
1634 2931
1412 1901
1536 2901
1612 2300
1750 3281
1909 2585
1531 2538
1574 2095
1415 1951
1659 2695
1401 1899
1463 2515
1784 1871
1633 2852
1770 3166
1845 1868
1516 2550
1537 2139
1581 2016
1447 2551
1426 3151
1876 2571
1768 1589
1650 2362
1614 2294
1579 2571
1589 1883
1483 3115
1541 2284
1738 2423
1792 3119
1718 2946
1571 2373
1602 1915
1622 2918
1596 2390
1798 1785
1940 2596
1835 2626
1806 1594
1456 2118
1646 2823
1544 2098
1382 3548
1591 2093
1461 3153
1777 3314
1751 2590
1481 3091
1601 2143
1717 2953
1651 2866
1572 3022
1619 2337
1266 3193
1706 1614
1790 1792
1770 3240
1710 2966
1438 2403
1577 2186
1640 2459
1764 1897
1496 2120
1394 1899
1651 2491
1645 2763
1628 2475
1421 3069
1951 2577
1736 2683
1591 1994
1653 2830
1608 2586
1590 2453
1417 2574
1871 2648
1903 2641
1750 2732
1296 3215
1700 2713
1635 2814
1622 2152
1723 3049
1775 2642
1564 1921
1848 2625
1455 2118
1826 2625
1802 3203
1782 3195
1703 2432
1700 2758
1528 2015
1779 3124
1573 2318
1433 3108
1606 2570
1775 1738
1720 2716
1648 3095
1525 3153
1668 2905
1545 1913
1579 2053
1499 1946
1851 2638
1448 3676
1446 3205
1674 2427
1586 1893
1659 2729
1351 3287
1419 3082
1897 2578
1657 2914
1741 2427
1551 2516
1649 1890
1574 2082
1704 2428
1754 2755
1653 2720
1758 3299
1442 3214
1672 2756
1640 2883
1594 2008
580 3295
1587 1891
1516 3066
1649 2490
1501 2589
1459 3129
1787 1863
1397 1938
1802 3164
1861 2635
1796 1772
1506 2098
1866 3165
1575 2025
1555 2879
1921 3174
1494 2198
1428 3143
1598 2314
1703 3289
1631 3068
1649 2961
1530 1985
1579 2317
1631 2865
1522 3047
1849 2612
1787 3227
1755 1865
1394 3075
1567 2417
1517 2200
1592 2087
1697 2761
1596 2280
1652 2878
1568 1897
1561 2573
1298 3244
1508 2146
1406 3518
1847 1751
1644 2099
1907 3173
1639 3268
1350 3547
1738 2559
1770 1756
1566 2213
1446 3562
1557 1998
1746 1577
1424 3553
1697 2418
1788 3139
1677 2511
1763 2383
1752 3256
1797 1802
1710 2617
1539 2294
1542 2117
1741 3223
1653 2431
1281 3201
1658 3184
1435 3249
1566 2082
1725 1581
1594 2274
1528 3136
1744 2741
1892 3166
1751 3082
1408 1959
1592 2291
1647 3246
1425 3126
939 3037
1630 2486
1649 2148
1652 3253
1342 3503
1816 1874
1588 2010
1767 1547
1558 2588
1748 3070
1763 2503
1568 2561
1741 3346
1448 2547
1396 3558
1572 2923
1866 2651
1619 2127
1487 3096
1590 2485
1595 2577
1483 1933
1429 2574
1764 1715
1876 3184
1438 3598
1875 3162
1445 3590
1869 3196
1714 3241
1604 2300
1659 1937
1757 2646
1751 1881
1755 1704
1713 1934
1801 1880
1589 2332
1729 1638
1503 2558
1634 2819
1543 3044
1782 2428
1527 2000
1566 2665
1743 2744
1654 3037
1690 3288
1736 3233
1523 3127
1749 3252
1274 3206
1590 2455
1593 1942
1944 2553
1650 2759
1550 2877
1671 1630
1543 1944
1756 1918
1422 1923
1618 2320
1842 3163
1715 2645
1535 2961
1449 1970
1727 3096
1451 3539
1643 2833
1580 2884
1775 2634
1624 2899
1489 2137
1735 1674
1785 3191
1769 1864
1656 1939
1540 2121
1476 3173
1807 3198
1760 1602
1622 2059
1524 3122
1575 2669
1569 2011
1743 3111
1358 3076
1519 2530
1710 3215
1548 2195
1388 3532
1705 3067
1554 2871
1781 1877
1650 1956
1791 3320
1409 3097
1943 2550
1831 1765
1573 2947
1877 3181
1584 2392
1386 3498
1650 2997
1766 3315
1603 2059
1462 2108
1529 3040
1544 1916
1411 3096
1764 3123
1745 1654
1398 3631
1875 3182
1406 3559
1434 2604
1726 3232
1744 2736
1759 3289
1540 1913
1824 2627
1595 2582
1875 3193
1775 1544
1528 2204
1614 2310
1478 1940
1492 2094
1758 3313
1808 1860
1560 2211
1776 1754
1442 3586
1737 1639
1795 1608
1768 2381
1793 3169
1667 2088
1480 3116
1711 2608
1573 2288
1617 2168
1416 3507
1770 2405
1626 2529
1436 3210
1771 1555
1401 3085
1574 2578
1557 2581
1437 3598
1723 2470
1575 2429
1785 2388
1760 2499
1323 3275
1754 3251
1564 1995
1581 3013
1760 1960
1699 2949
1792 1921
1570 2890
1549 2110
1624 2482
1705 1919
1546 1921
1710 1585
1526 3081
1629 2976
1604 2301
1752 3331
1732 1731
1640 2982
1677 2419
1605 2527
1686 2345
1479 3177
1529 2984
1709 2621
1772 1944
1755 2384
1444 1929
1826 2624
1660 2809
1751 3341
1539 1929
1583 2020
1794 1790
1552 2007
1656 3085
1484 2170
1541 1993
1690 2498
1854 3156
1496 2591
1878 2599
1434 3075
1595 2655
1775 1755
1418 3087
1580 2044
1461 3271
1647 3067
1692 2503
1875 3184
1682 1904
1739 1629
1572 2659
1719 2619
1528 2203
1539 2308
1768 3163
1534 2907
1577 2957
1832 2622
1922 3152
1744 1665
1728 2581
1665 3117
1597 2574
1649 1944
1574 2072
1723 3052
1532 2119
1595 2581
1556 2529
1629 1915
1782 3164
1650 2145
1605 2660
1712 2982
1578 2449
1760 1894
1358 3535
1877 3192
1436 3220
1621 2566
1654 2726
1563 1925
1845 2672
1476 1960
1971 2608
1623 2627
1658 2508
1678 3110
1662 1941
1557 2332
1489 2583
456 3351
1741 2723
1401 3555
1774 3233
1597 2290
1533 2962
1301 3227
1582 2413
1898 2659
1524 2143
1520 2607
1693 2348
1427 1932
1829 1827
1797 1778
1624 2489
1460 3173
1305 3262
1824 1762
1647 2368
1703 3231
1794 1832
1503 2175
1721 2579
1531 2299
1329 3526
1758 3252
1605 2491
1744 2547
1553 1937
1790 1852
1470 3084
1793 1867
1531 3103
1576 2455
1488 2592
1561 2660
1379 1907
1741 1640
1761 3175
1695 3095
1741 3312
1589 1890
1721 3050
1447 3604
1528 2125
1682 2891
1429 3576
1828 1865
1767 1701
1693 2338
1503 3068
1585 2073
1756 3174
1386 3546
1552 2088
1856 2640
1831 1866
1336 3255
1707 2717
1752 1969
1737 1604
1631 3065
1908 3166
1514 3152
1682 3038
1778 2394
1726 2713
1711 2977
1884 2672
1539 2877
1376 3541
1656 2803
1539 2210
1688 3075
1891 3194
1437 3207
1438 3188
1797 1719
1475 2512
1494 2115
1441 3090
1885 3197
1727 1887
1722 2666
1439 2597
1706 3290
1463 3153
1764 3253
1458 1924
1748 3102
1739 3077
1584 2968
1586 1930
1875 3196
1730 2578
1600 2070
1720 2465
1754 1677
1681 2947
1560 2960
1714 3059
1563 1915
1600 2656
1883 3188
1897 2641
1701 2758
1821 3167
1552 3022
1820 1746
1698 3336
1450 2557
1689 1961
1790 1582
1338 3512
1424 3504
1686 2514
1614 2589
1798 1758
1906 3162
1709 2657
1641 2855
1456 3096
1427 2586
1390 1912
1798 1846
1596 2074
1861 2659
1650 2870
1861 3218
1467 3133
1600 2285
1642 2125
1898 2657
1345 3279
1600 2583
1652 2788
1857 3208
1690 3056
1390 3505
1842 1780
1525 2021
1596 2671
1598 2062
1777 1909
1635 3090
1438 3606
1583 2874
1755 2381
1883 2555
1637 2982
1748 3069
1562 3025
1741 3095
1677 1916
1728 2439
1821 2686
1539 2002
1475 2526
1791 2609
1772 1948
1527 2330
1455 1977
1589 2097
1537 2125
1573 2376
1713 2718
1768 3125
1750 1683
1659 2708
1522 2595
1603 2445
1743 1705
1591 2972
1615 2056
1896 3201
1752 2594
1749 2627
1462 3657
1563 2317
1673 1935
1434 1953
1834 1837
1861 2661
1653 3268
1470 2112
1773 1861
1565 1931
1707 1658
1437 3642
1602 2585
1646 2825
1783 1909
1751 1683
1776 3149
1689 1945
1723 2621
1632 2763
1570 2418
1514 2596
1697 2424
1436 3143
1649 2341
1685 2977
1880 2646
1553 2005
1638 2968
1800 1780
1468 2566
1740 1649
1516 2547
1748 1699
1740 1647
1799 1824
1531 2202
1783 3318
1716 3199
1759 3234
1717 2641
1744 1898
1722 2581
1557 3052
1601 2991
1692 1595
1446 3084
1661 2517
1727 2611
1571 2292
1607 2355
1827 1843
1551 2549
1911 2560
1778 3242
1877 2603
1578 2633
1787 1590
1711 1578
1588 2104
1552 1942
1642 1909
1799 1810
949 3032
1350 3288
1958 2596
1698 3210
1502 2539
1533 2325
1620 2767
1634 1945
1594 2313
1796 3211
1429 3107
1628 3051
1708 1902
1579 2873
1606 1880
1528 3042
1740 3219
1909 2555
1709 3064
1975 2605
1548 1915
1592 2393
1471 2518
1666 2719
1537 1907
1350 3534
1354 3279
1540 2370
1526 2977
1783 3167
1554 3086
1435 3248
1559 2521
1425 1904
1693 2966
1579 2035
1758 3210
1458 3104
1430 3074
1590 2109
1593 2670
1591 2867
1575 2446
1729 3048
1739 1626
1789 1569
1583 2854
1451 3093
1648 2841
1767 3262
1628 2617
1443 3267
1744 1901
1737 1722
1593 2288
1305 3261
1704 3333
1460 3129
1768 1916
1705 2430
1616 2621
1674 3047
1597 2565
1432 3141
1644 3266
1567 2956
1780 1727
1729 3234
1567 2952
1357 3075
1756 3203
1788 1584
1603 2639
1760 3326
1709 2608
1587 2939
1398 1923
1475 3140
1746 3327
1645 1932
1619 2429
1785 2635
1489 3153
1446 2548
1753 1692
1743 2600
1913 2642
1784 1867
1648 2983
1689 1940
1821 2679
1596 2090
1418 3161
1829 2628
1729 3064
1555 2355
1429 3117
1505 2989
1857 2654
1446 1926
1352 3090
1723 1576
1746 1648
1782 3316
1756 3109
1673 3090
1445 3206
1691 2421
1616 2775
1576 2376
1577 2973
1671 3042
1573 2681
1460 2119
1825 3148
1814 3155
1567 2190
1581 2071
1593 2667
1355 3286
1614 2827
1697 3213
1794 1752
1589 2649
1797 1717
1609 2122
1946 2567
1647 2873
1750 3327
1403 3576
1581 1902
1777 1759
1885 2553
1393 3514
1666 2813
1753 2636
1609 2021
1485 2167
1707 1953
1535 2219
1770 2393
1377 3246
1808 1785
1767 2662
1425 3644
1785 3190
1619 2606
1674 3036
1714 2638
1542 3088
1440 3595
1830 1837
1839 1865
1830 1761
1605 2581
1754 2669
1946 2583
1734 2481
1595 1941
1378 1907
1767 3268
1737 3228
1901 3203
1464 3276
1777 2436
1592 2956
1739 3220
1738 2639
1769 2418
1720 1887
1730 2513
1487 2095
1574 2427
1549 1889
1478 3122
1734 1620
1770 1950
1600 2019
1852 1779
1793 1864
1650 2363
1859 3199
1406 3094
1425 1900
1681 3097
1443 1968
1589 2309
1627 2572
1841 1773
1926 3182
1608 2441
1603 2615
1897 2654
1566 3057
1555 1888
1889 2532
1894 3198
1552 2307
1701 1618
1586 2972
1814 1819
1584 3008
1587 2314
1592 2560
1673 3097
1739 1571
1630 2570
1924 3169
1734 2573
1556 2553
1679 2409
1594 2978
1406 3554
1731 2581
1793 1773
1439 2605
1970 2610
1686 2951
1563 2133
1780 1906
1791 1580
1756 1881
1575 2081
1886 3174
1521 2877
1570 2653
1634 2979
1661 3183
1684 2717
1279 3222
1663 2905
1583 2289
1581 2051
1629 2435
1961 2581
1497 2133
1750 2554
1765 2666
1579 2506
1576 3027
1792 3210
1569 2066
1665 2701
1424 1894
1863 2600
1540 2136
1428 3247
1783 2405
1526 2909
1554 3018
1618 2605
1766 3097
1488 2595
1790 3202
1623 2114
1537 3037
1744 2718
1758 2437
1771 1607
1650 1966
1442 3599
1623 2899
1620 2445
1895 2556
1498 2132
1762 1740
1844 2622
1619 2139
1549 2333
1542 1936
1657 2358
1715 2941
1380 3632
1898 2654
1754 2653
1515 2528
1684 3051
1678 3065
1509 1982
1660 2957
1547 2115
1494 2142
1801 1860
1390 3515
1828 2671
1835 2663
1785 1928
1616 2619
1455 3093
1901 2537
1405 3089
1760 2488
1589 2967
1766 1604
1783 1757
940 3037
1370 3489
1556 2082
1433 1958
1649 2438
1294 3217
1631 3258
1458 3128
1596 1929
1448 3081
1435 3558
1846 2658
1711 2648
1436 3192
1781 1905
1479 2118
1446 1974
1589 2977
1752 3328
1582 2400
1545 2322
1787 3141
1587 2409
1542 2211
1572 2980
1775 1543
1760 3052
1619 2668
1553 2582
1772 3271
1326 3526
1894 2589
1699 3328
1711 2956
1731 1888
1737 3234
1466 3139
1793 1709
1722 2668
1527 2908
1470 3653
1586 1942
1534 2957
1748 3112
1778 3328
1682 1947
1483 1949
1673 1936
1618 2672
1783 3197
1510 1971
1667 2431
1544 2202
1410 3161
1574 2288
1434 2568
1574 2924
1551 2513
1566 2520
1451 3543
1348 3276
1636 2858
1647 2109
1564 1984
1562 2363
1685 2986
1479 2577
1626 2138
1524 2616
1851 2615
1858 3200
1612 2904
1709 2969
1541 1987
1480 3099
1738 1724
1713 2439
1487 2163
1619 2319
1893 3190
1525 2607
1775 1754
1529 3107
1728 2523
1617 2773
1737 2520
1446 3158
1863 1750
1601 2308
1569 3069
1795 1934
1827 2622
1801 1595
1628 2860
1783 1587
1638 2817
1713 3205
1954 2547
1714 1962
1653 2507
1418 1920
1683 1917
1765 1897
1327 3269
1694 2415
1441 3125
1390 3514
1487 2170
1606 2676
1563 1995
1741 1639
1572 2584
1854 1765
1724 2614
1555 2876
1599 2070
1746 1895
1822 1851
1917 3178
1614 2422
1454 1977
1689 2718
1730 2592
1545 2892
1751 3086
1602 2615
1508 2166
1727 1612
1720 3064
1746 3096
1504 2558
1771 1548
1645 2767
1445 3217
1788 3134
1545 2537
1697 3094
1695 2945
1452 3594
1669 3187
1882 2572
1764 1713
1517 2142
1748 2770
1555 1887
1488 2130
1555 3092
1759 3263
1715 2975
1613 2524
1585 2312
1567 2953
1604 2878
1613 2315
1479 2562
1330 3272
1797 1782
1606 2616
1580 2461
1507 2532
1769 3050
1619 2638
1433 3628
1777 3316
1474 2516
1662 3040
1574 2081
1602 2077
1594 2994
1789 1793
1392 1906
1685 2888
1617 2108
1519 2509
1605 2534
1692 3199
1508 3039
1573 2372
1610 2133
1691 2503
1558 2539
1399 3510
1605 1886
1759 2409
1541 1889
1680 3275
1730 2587
1599 2171
1790 3167
1283 3226
1608 2672
1593 2101
1719 1615
1771 1540
1730 1704
1615 2527
1522 2120
1669 2714
1598 1879
1575 2093
1893 2584
1577 2981
1325 3281
1573 2583
1463 3592
1524 3062
1561 2520
1664 1947
1566 2067
1573 2891
1655 3089
1553 2879
1727 3076
1750 1942
1614 2122
1572 2070
1844 2668
1648 3079
1635 2681
1604 2302
1542 1943
1643 2812
1601 2648
1791 1928
1692 1596
1755 1864
1446 3160
1837 2626
1794 1812
1700 3207
1378 3241
1622 2431
1623 2669
1648 2780
1661 2431
1552 2239
1862 3165
1782 3124
1689 1943
1768 3149
1512 3083
1640 3257
1757 2490
1598 2084
1579 2292
1603 2911
1642 2929
1651 2695
1498 2098
1561 2356
1565 2959
1409 1912
1450 3560
1757 2643
1272 3201
1380 3240
1564 2330
1445 3106
1557 2003
1921 3177
1919 2587
1604 2877
1776 1882
1664 2485
1769 1938
1569 2329
1899 3166
1546 2523
1426 3157
1925 3181
1758 3219
1544 1905
1730 2524
1781 2433
1887 2597
1306 3260
1547 2515
1287 3216
1574 2416
1756 1680
1375 1933
1760 2562
1673 3054
1605 2050
1566 1923
1710 2980
1686 3100
1910 2547
1571 2978
1829 2671
1450 1975
1855 3213
1490 2163
1670 2512
1599 2062
1715 3325
1578 2637
1659 2914
1636 2745
1517 2149
1440 3088
1486 3603
1478 1957
1663 3040
1410 3496
1489 3088
1709 2952
1700 1944
1483 2132
1608 2143
1429 3628
1798 1787
1803 1686
1453 3136
1555 2571
1496 3059
1599 2066
1507 2573
1630 2134
1551 2005
1660 3269
1485 2156
1584 2655
1661 1942
1579 2378
1341 3242
1768 2427
1574 2415
1769 3056
1438 3243
1859 1750
1502 2171
1433 3604
1565 2254
1808 1690
1577 2113
1647 2108
1620 2657
1470 1925
1510 2165
1570 1920
1667 2714
1553 2139
1588 2646
1389 3536
1322 3278
1635 2338
1465 1935
1692 3334
1511 2099
1595 1956
1649 2997
1449 3572
1824 2686
1517 1985
1700 2971
1782 3194
1930 2560
1600 2490
1634 1936
1641 3258
1468 3158
1698 3075
1773 2396
1886 2573
1595 1987
1681 3094
1694 3211
1950 2574
1862 2569
1569 2558
1660 2710
1615 2918
1475 3157
1712 2466
1781 1941
1434 3216
1576 2065
1618 2651
1646 3098
1781 3186
1482 3149
1332 3521
1455 3111
1554 2232
1687 1633
1486 2592
1611 2445
1701 3032
1526 2305
1657 2798
1215 3583
1645 3002
1390 3516
1646 3248
1509 3145
1498 3086
1647 1937
1530 1997
1693 1598
1509 1972
1563 2207
1445 3194
1456 3594
1464 1935
1859 2650
1599 2531
1604 2914
1665 2503
1644 1948
1577 1981
1553 2954
1723 2523
1775 2393
1553 2241
1594 2012
1499 2200
1566 2673
1893 2553
1707 1924
1484 3119
1671 3207
1678 2511
1573 2456
1974 2580
1814 3150
1576 2283
1892 2527
1508 2512
1496 2586
1895 3186
1556 3092
1764 1882
1697 2947
1756 2484
1785 1599
1558 2129
1710 2970
1684 2413
1621 2171
1708 1585
1530 2314
1637 2817
1771 1565
1586 1971
1535 2960
1906 2542
1456 3094
1775 1594
1694 1597
1813 2619
1537 2280
1449 3087
1765 3059
1640 2455
1510 2105
1561 2351
1564 2917
1356 3071
1576 3016
1555 2564
1582 1906
1756 1893
1491 2122
1694 2983
1742 1646
1681 1634
1445 3605
1664 2708
1412 1905
1718 3197
1575 1973
1668 2167
1795 1798
1451 3537
1580 2477
1581 2419
1484 3657
1454 1916
1602 2492
1331 3521
1521 2138
1901 3196
1652 2948
1889 2582
1641 2480
1667 1897
1552 2004
1552 2508
1972 2582
1757 2379
1656 2087
1720 2425
1615 1910
1572 2644
1361 3076
1669 2423
1621 2483
1749 1940
1855 2616
1414 1903
1393 1940
1579 2457
1655 2726
1452 3595
1678 3091
1727 1643
1541 3087
1667 3092
1568 2061
1488 2094
1446 1968
1420 3495
1612 2085
1611 2310
1323 3259
1417 2573
1757 1752
1538 1887
1737 2730
1698 2341
1948 2571
1548 2293
1910 2545
1407 2574
1559 2901
1846 1867
1633 2134
1721 2949
1439 3213
1459 2542
1753 1710
1287 3218
1675 3047
1616 2529
1419 3549
1885 3200
1681 3269
1764 3098
1697 1608
1793 3203
1653 2490
1467 3139
1718 1588
1485 2107
1763 3233
1447 3613
1743 3346
1637 1900
1773 3049
1778 3161
1338 3247
1455 3661
1610 2077
1749 3251
1543 1906
1612 2546
1674 3217
1759 3270
1578 2479
1571 2246
1656 3087
1866 2653
1765 1720
1755 1937
1715 2470
1586 1911
1621 2667
1820 2595
1474 1922
1453 3161
1705 2982
1817 1854
1587 2023
1549 2307
1465 3592
1503 2173
1631 2451
1723 3074
1429 2595
1540 2375
1653 2685
1758 1752
1703 3206
1615 2616
1504 1968
1640 3246
1672 2971
1898 2656
1741 2716
1482 1951
1537 2875
1655 3085
1565 2362
1677 1601
1735 2695
1887 3165
1635 2885
1794 1872
1673 3193
1685 2500
1731 3352
1467 2122
1507 2165
1739 2640
1755 3217
1773 1747
1650 2464
1727 2519
1694 2501
1659 3116
1876 2602
1791 3196
1713 1640
1674 1924
1658 3186
1473 3146
1807 1693
1678 2409
1657 2434
1760 2435
1407 3633
1441 3175
1594 2170
1735 2971
1602 2879
1580 3037
1882 2650
1393 3513
1707 3199
1378 3549
1615 2086
1739 2722
1740 3086
1769 3261
1645 2937
1744 3239
1615 3072
1493 3100
1645 2973
1554 2581
1736 2711
1518 2149
1542 2302
1609 2022
1439 3642
1435 2402
1723 2747
1850 3154
1756 2659
1712 3205
1349 3079
1684 3052
1433 3073
1910 2560
1734 2510
1488 2140
1725 1646
1959 2600
1466 2560
1641 2133
1481 3124
1645 1955
1653 2767
1662 2802
1473 2154
1636 2473
1434 2598
1483 3163
1659 3095
1745 1651
1908 2644
1654 3101
1757 1937
1623 2672
1584 2312
1453 2561
1817 3149
1768 1943
1603 2910
1488 2164
1353 3294
1519 2006
1775 3238
1581 2634
1769 3266
1524 2302
1624 2585
1555 3020
1528 2876
1645 2121
1512 2176
1774 2638
1561 1886
1733 1635
1641 3250
1638 2825
1626 2647
1624 1907
1453 2560
1588 3024
1434 3260
1588 2878
1854 3154
1743 3224
1766 3057
1606 2907
1782 1926
1527 3079
1592 2472
1611 2139
1730 3091
1437 3588
1783 1745
1751 2557
1738 2731
1482 2155
1712 1955
1636 1935
1650 2792
1633 1899
1700 3285
1362 3533
1554 2359
1680 2987
1497 2097
1552 2884
1588 2492
1375 3237
1688 3204
1399 3555
1799 1812
1439 3136
1740 1582
1563 2336
1641 2127
1395 1898
1467 3087
1656 1920
1578 1899
1717 2622
1714 3236
1756 3292
1741 3217
1586 2105
1573 2920
1601 2073
1603 2446
1591 2257
1710 1580
1719 1901
1542 2238
1752 3329
1463 3656
1748 2765
1590 2462
1453 2557
1757 2658
1666 2711
1565 2416
1569 2335
457 3353
1461 2109
1721 3082
1454 3594
1574 3046
1440 3130
1712 2641
1440 3197
1752 3217
1460 1928
1517 2975
1441 1936
1669 2758
1726 2523
1616 2122
1646 3007
1568 2460
1550 2342
1578 2088
1436 2403
1769 1941
1576 2572
1803 1689
1652 2157
1733 1619
1658 2916
1535 2218
1669 1624
1724 2941
1766 1725
1563 2333
1612 2611
1743 1666
1840 2672
949 3031
1657 3185
1687 3280
1509 3153
1717 3327
1690 1600
1546 1922
1457 2121
1694 1596
1872 3196
1579 2382
1555 2088
1671 1621
1829 1846
1608 2920
1539 1910
1373 3503
1710 2614
1459 3594
1729 1883
1459 3099
1591 3000
1435 3553
1612 2086
1583 1981
1653 2160
1713 1570
1655 2337
1762 3328
1950 2550
1648 2838
1524 2121
1958 2599
1738 2522
1835 1864
1642 2492
1642 2899
1814 3153
1780 1871
1571 2569
1448 2552
1665 3024
1967 2578
1557 3094
1477 3122
1662 2720
1642 2810
1688 2507
1660 3091
1690 1958
1792 3213
1611 2023
1773 3255
1781 2388
1366 3545
1802 1780
1602 2672
1781 1911
1769 3167
1394 3559
1503 2182
1459 2558
1623 2435
1430 1948
1867 2574
1869 2608
1862 2565
1812 2606
1577 3030
1854 2618
1805 1580
1514 3063
1579 2284
1763 1956
1706 3284
1691 3284
1541 2286
1762 2491
1398 2456
1696 2979
1331 3259
1570 3022
1585 2479
1640 2480
1435 3216
1566 1930
1533 2326
1604 1880
1750 2422
1774 1555
1740 2482
1580 2577
1695 3193
1632 2571
1569 2955
1701 3068
1759 1699
1519 2512
1452 3086
1747 2597
1807 1694
1852 3215
1614 2901
1762 1874
1708 2752
1760 1893
1896 2548
1480 2155
1918 3178
1460 2135
1655 2691
1639 2856
1459 3154
1748 3113
1456 3084
1441 3069
1615 2157
1512 2108
1409 1949
1541 2281
1666 2503
1593 2263
1648 1937
1551 2541
1656 3112
1745 3338
1631 2764
1747 2741
1582 2303
1676 2942
1453 3213
1669 3021
1771 1554
1534 3111
1871 3166
1656 2088
1577 2850
1895 2659
1484 3603
1425 3625
1522 3083
1655 2908
1775 3119
1602 2022
1586 2481
1727 3052
1664 2927
1718 2748
1616 2319
1552 2541
1656 2425
1484 3148
1587 2972
1884 2532
1845 3165
1954 2553
1883 2656
1425 1897
1453 3664
1907 2555
1617 2910
1634 2747
1623 2578
1456 3107
1754 2625
1919 2551
1779 1879
1641 2808
1641 2481
1595 2271
1746 3092
1781 1751
1703 3280
1403 3573
1642 2926
1654 2708
1761 2636
1750 2640
1487 3128
1450 3640
1608 2578
1811 1814
1884 3166
1484 2094
1863 3194
1732 2970
1633 2333
1773 3144
1652 2785
1537 2534
1795 1772
1513 2548
1633 2130
1890 3189
1697 1935
1742 1672
1422 2575
1699 3193
1353 3539
1899 2584
1791 2393
1514 2597
1849 2625
1649 3075
1687 2715
1691 1942
1572 2964
1564 2671
1662 3052
1655 2504
1537 1888
1535 2194
1517 3106
1393 3521
1565 2901
1913 2554
1691 2974
1612 2353
1723 2472
1439 3070
1498 3153
1751 2478
1810 3151
1669 1901
1587 3074
1584 2876
1641 1933
1603 2650
1596 2645
1562 2953
1477 3167
1707 2446
1594 2169
1562 2522
1671 3086
1641 2757
1602 2900
1526 3078
1671 3100
1755 2587
1901 3168
1673 1926
1448 3078
1582 2254
1676 3068
1596 2578
1549 2324
1779 1542
1728 3091
1510 2585
1675 2521
1445 3264
1696 3206
1606 2102
1662 2808
1671 3098
1599 2076
1440 3182
1440 1979
1647 2778
1573 2889
1760 2640
1574 2972
1915 3178
1574 2436
1568 1921
1595 2544
1801 1859
1953 2588
1580 2098
1566 1913
1790 1722
1808 1766
1529 2985
1638 2463
1566 2248
1724 1887
1748 3266
1768 2386
1717 2428
1365 3491
1545 2204
1565 2964
1517 2195
1562 2213
1733 3334
1788 2387
1561 2353
1749 3336
1641 1911
1713 3236
1890 2582
1632 1905
1758 3261
1697 3093
1768 3265
1757 2648
1794 2392
1745 1652
1436 3170
1716 3239
1596 2451
1558 2477
1554 2953
1778 2439
1760 3224
1625 2568
1586 3006
1408 1914
1719 3197
1710 3195
1564 2957
1554 2559
1353 3529
1802 1810
1667 2499
1803 3194
1624 2912
1605 2908
1463 3100
1726 2578
1549 2519
1748 3213
1879 3164
1513 3040
1659 3112
1595 2246
1424 3135
1572 2960
1768 3046
1785 2406
1479 2119
1731 2428
1458 3105
1526 3149
1773 1590
1745 3101
1421 3158
1508 2191
1754 3076
1807 1817
1623 2470
1578 2203
1918 3165
1847 3156
1544 2365
1360 3299
1897 3186
1484 3164
1675 2339
1660 2168
1605 3068
1822 1755
1463 3083
1647 3066
1375 3529
1544 2530
1787 1574
1612 2672
1734 2966
1519 3111
1752 2669
1749 3214
1561 2454
1579 2081
1769 1943
1343 3278
1776 1933
1588 2476
1912 2583
1507 3042
1683 1904
1631 2331
1770 3160
1362 3084
1450 3536
1614 2115
1668 2998
1764 1756
1667 2812
1662 2723
1755 2630
1750 2545
1748 2758
1714 1614
1772 1564
1482 1946
1510 3063
1710 1584
1541 2341
1700 3039
1556 2078
1865 2651
1673 1947
1775 1926
1730 2599
1427 2575
1744 3226
1367 3490
1754 2672
1524 3151
1730 1889
1551 2336
1792 1753
1409 1918
1440 3127
1492 2196
1798 1797
1477 3156
1495 2114
1622 2867
1744 3336
1719 3329
1444 1943
1554 2335
1632 2041
1760 3174
1752 1933
1644 2141
1519 2598
1535 3037
1611 2621
1647 2477
1766 2418
1782 1903
1666 2736
1734 2744
1766 3280
1857 3163
1612 2347
1714 1601
1560 2359
1589 2474
1648 2697
1885 2550
1589 2412
1733 1880
1593 2504
1748 2733
1569 2102
1603 2767
1594 2979
1892 3197
1564 2010
1629 2574
1655 2732
1813 2597
1637 2857
1456 3261
1694 2948
1768 3092
1806 2616
1399 3507
1635 2521
1561 2672
1556 2519
1615 2671
1687 2948
1785 3223
1641 1943
1322 3279
1400 3626
1798 1767
1726 2615
1624 2917
1587 2511
1596 2170
1656 3109
1488 2594
1784 3139
1788 2403
1732 2477
1791 1806
1605 2123
1537 2004
1736 3252
1584 1928
1629 2674
1667 3209
1625 2573
1830 2627
1797 1718
1702 2432
1462 2136
1585 1937
1670 1614
1865 2569
1555 2519
1602 2449
1460 2564
1580 2874
1392 3524
1634 2844
1606 2352
1667 3087
1764 3113
1600 2513
1476 3089
1340 3275
1794 3202
1753 3216
1446 2549
1887 2581
1719 2958
1550 2336
1473 3169
1817 1586
1691 3289
1562 2657
1742 1697
1503 1977
1758 1875
1762 3250
1676 3198
1606 2565
1438 3128
1592 3000
1489 2128
1784 1879
1542 2294
1629 2140
1655 2506
1772 2397
1648 2491
1717 2955
1409 1907
1572 2522
1533 2621
1700 1943
1631 3266
1741 2732
1586 1890
1637 2122
1555 1915
1710 2752
1698 3296
942 3030
1650 2361
1625 1910
1485 3153
1722 2594
1661 2953
1704 3288
1568 2202
1576 2404
1530 2130
1565 2204
1563 2477
1578 2635
1529 3139
1614 2912
1594 2275
1784 3185
1651 2673
1569 2452
1561 2553
1675 3192
1664 2759
1654 2877
1697 1936
1595 1988
1501 3088
1586 2959
1576 1991
1626 2480
1621 2909
1777 1793
1743 3240
1425 3624
1809 1817
1785 2387
1546 2959
1556 2916
1600 2287
1594 2508
1541 2239
1800 1756
1479 3643
1775 2665
1611 2622
1612 2393
1435 3630
1759 2643
1704 3036
1490 3151
1666 3009
1409 3098
1742 3224
1463 2137
1780 1793
1461 3655
1730 1730
1660 2171
1559 2902
1575 1983
1426 3093
1567 2212
1478 2569
1504 2541
1674 3096
1793 1726
1390 3510
1657 2979
1595 1940
1661 2711
1613 2320
1762 3266
1435 3089
1427 3156
1506 2597
1758 1965
1786 1737
1857 3205
1599 2584
1560 1941
1730 2433
1806 3157
1434 2566
1680 2990
1923 3175
1821 2595
1564 2240
1502 3064
1550 3026
1749 2629
1545 3084
1679 2946
1646 3274
1604 3071
1678 2990
1574 2280
1609 1915
1540 2316
1579 2376
1805 1866
1601 2067
1643 2121
1659 2802
1353 3291
1446 3634
1574 2971
1654 2955
1639 2825
1543 2306
1574 2079
1581 2418
1710 3235
1871 3170
1689 3280
1844 2666
1563 1936
1723 3196
1517 2544
1510 2174
1888 2531
1523 2005
1780 1932
1664 2926
1371 3531
1592 2011
1773 1733
1886 3170
1661 2516
1682 1638
1481 3156
1734 1731
1731 2751
1723 2608
1967 2587
1734 2415
1639 2681
1579 3061
1651 2438
1581 2481
1779 2390
1670 3000
1365 3543
1783 1881
1741 1725
1529 2983
1595 2281
1844 3168
1622 3066
1702 2425
1623 2971
1535 1894
1410 3505
1383 3631
1490 2124
1478 2509
1707 2448
1501 2577
1645 2343
1393 3553
1438 3590
1782 1558
1575 2572
1705 2757
1543 2092
1768 2410
1578 3044
1862 3200
1473 2103
1325 3531
1785 2633
1539 2289
1655 2335
1599 3070
1781 1928
1439 3190
1556 2571
1528 2986
1726 2579
1434 3104
1604 2917
1702 3332
1514 2585
1646 2777
1672 2900
1824 1765
1660 2731
1757 2644
1757 1702
1612 2071
1442 1974
1702 3033
1791 1871
1770 1601
1829 1826
1625 2467
1411 3087
1754 3315
1608 2548
1795 3215
1753 1752
1514 2529
1556 2197
1762 2669
1808 1827
1698 1625
1652 2718
1524 3047
1327 3519
1701 3299
1806 1744
1569 1922
1669 2515
1644 2110
1605 2548
1576 2960
1368 3501
1664 2730
1827 1825
1576 2186
1554 2011
1658 1921
1615 2297
1577 2322
1524 2609
1676 2978
1458 2565
1511 3060
1716 1902
1529 3140
1615 2117
1771 1551
1775 1915
1583 2937
1750 3075
1426 3146
1561 2653
1382 3541
1820 2620
1557 2557
1888 2563
1441 3594
1649 1965
1666 2928
1667 2100
1434 3264
1491 2120
1666 1921
1580 3040
1349 3275
1678 2982
1631 2041
1650 2899
1649 2780
1556 2148
1556 2153
1655 2719
1452 3596
1634 2475
1739 2424
1651 2975
1555 3022
1407 1910
1571 2015
1596 1941
1487 2592
1772 1592
1642 2973
1469 2552
1926 2560
1491 1951
1762 2558
1663 2337
1662 2883
1808 1777
1623 2055
1738 1726
1803 1878
1680 2718
1781 2653
1601 2637
1853 1765
1506 3059
1588 3023
1657 2483
1668 3019
1525 3091
1723 1910
1724 2665
1745 1935
1760 3271
1739 3084
1790 3318
1653 3254
1754 2640
1594 2260
1769 2648
1736 2603
1471 2118
1741 2740
1306 3227
1679 1947
1440 2561
1571 2011
1546 2510
1559 2354
1793 2623
1551 2225
1593 1924
1682 1916
1657 2691
1810 1693
1405 2569
1699 2502
1873 3200
1528 2632
1577 2898
1768 1733
1623 2566
1594 2056
1565 2468
1767 3047
1525 3046
1899 2536
1645 2768
1583 1992
1778 3125
1913 2643
1600 2900
1565 2476
1665 3270
1654 3269
1475 3141
1549 1943
1540 2124
1462 3593
1892 2545
1723 1881
1671 1896
1746 3088
1702 1903
1403 3507
1615 2629
1717 2430
1548 2211
1520 2978
1603 1948
1508 2529
1511 2150
1739 2752
1647 2341
1515 3146
1392 1912
1776 1609
1484 1940
1645 3085
1670 3113
1667 2759
1723 1638
1617 2082
1915 3177
1774 3138
1753 1887
1605 1919
1782 1939
1662 1940
1714 1909
1487 2097
1651 2864
1806 1580
1622 2076
1578 2293
1582 1925
1536 3035
1566 2417
1597 2071
1731 2505
1639 2817
1747 3342
1703 3321
1601 2018
1622 2474
1629 2042
1764 3245
1557 3025
1680 2945
1557 2211
1610 1904
1683 2888
1621 2437
1490 1950
1410 1956
1777 3124
1555 2006
1807 2599
1288 3208
1447 3263
1744 1934
1708 3064
1440 3596
1601 2172
1719 2666
1645 2966
1747 3240
1637 2529
1790 1577
1533 3039
1565 2648
1520 2201
1418 2584
1656 2799
1788 1600
1760 3111
1432 3142
1637 2863
1638 3253
1497 2172
1466 3654
1781 1925
1765 2491
1640 1945
1637 3258
1489 1942
1595 2869
1536 1922
1684 1636
1352 3092
1914 2651
1502 2558
1769 3124
1560 2351
1546 2224
1414 3503
1421 1934
1651 2685
1792 1920
1776 2420
1558 1992
1762 3178
1392 3535
1639 2967
1539 1997
1822 1859
1690 3071
1582 2197
1676 3266
1533 2205
1725 2435
1520 2520
1588 2024
1816 1761
1634 2745
1745 2597
1785 1939
1847 1779
1525 2982
1656 2726
1770 3046
1668 1920
1738 1634
1512 3041
1634 3089
1622 2822
1849 2632
1573 2566
1345 3078
1766 3245
1755 1688
1521 2600
1681 3207
1605 2902
1651 2166
1685 3076
1642 2133
1443 3171
1652 2492
1807 1593
1469 2516
1547 1946
1591 1995
1608 2261
1436 1938
1891 2547
1602 2078
1445 3551
1269 3194
1725 2615
1288 3210
1775 1600
1607 2103
1673 3211
1549 2306
1714 1893
1605 2122
1839 3155
1557 2333
1581 2309
1638 2823
1679 1909
1474 2101
1711 2633
1744 1708
1779 1873
1699 3203
1442 3174
1843 3168
1960 2604
1675 3274
1640 2815
1441 3098
1685 3088
1520 3112
1297 3216
1579 2505
1522 2513
1422 1936
1905 2642
1581 1882
1736 3225
1525 2145
1509 1973
1593 2938
1802 1597
1751 3292
1391 3503
1738 1612
1587 2499
1482 2582
1543 2962
1439 3567
1466 2137
1845 2626
1633 1940
1484 3172
1509 2508
1543 2312
1434 2569
1397 1936
1305 3214
1533 2119
1467 1937
1509 2512
1797 3211
1590 2646
1528 2006
1739 3078
1664 2729
1410 1917
1635 1902
1650 2360
1369 3084
1425 2582
1740 3088
1632 2450
1664 3039
1769 1604
1717 1592
1463 2138
1775 3261
1749 2672
1638 3252
1760 3235
1738 1894
1717 1657
1543 1933
1712 3057
1515 3060
1397 1918
1718 2428
1687 2513
1781 2656
1734 1940
1852 2611
1454 2113
1564 2963
1376 1936
1603 2979
1611 2296
1545 2332
1610 2067
1633 2860
1710 2636
1478 3132
1789 1572
1589 2392
1793 1716
1792 3208
686 2836
1750 2574
1480 2099
1352 3541
1774 1543
1755 3234
1602 2563
1636 2846
1600 2124
1582 1962
1338 3245
1805 1856
1789 2625
1718 3030
1514 2598
1563 2471
1732 2522
1564 2460
1576 2400
1782 2635
1658 1925
1461 1923
1303 3221
1736 2944
1697 2939
1603 2673
1748 3311
1382 3086
1766 1548
1302 3212
1541 2285
1727 1633
1735 3230
1433 3643
1654 2332
1452 3085
1431 1953
1714 1890
1556 2455
1654 2763
1456 3093
1610 2050
1729 1636
1730 2604
1560 2341
1423 3554
1580 1987
1951 2591
1711 1945
1784 1563
1397 1930
1736 1636
1440 2557
1481 3130
1744 3314
1590 2263
1677 3065
1416 3078
1731 1730
1423 2593
1551 1916
1813 1869
1492 3137
1746 2739
1598 2278
1715 3054
1559 2243
1500 3075
1577 1973
1753 1924
1753 2484
1540 2891
1556 2484
1582 2504
1675 3206
1443 3070
1307 3258
1608 2022
1707 2449
1517 3080
1797 2608
1551 2545
1305 3208
1468 2124
1918 2553
1463 3596
1426 3644
1387 1940
1750 2423
1600 2655
1779 2429
1570 2569
1565 2130
1625 2874
1389 1944
1580 2099
1534 2618
1750 3076
1649 3072
1656 2334
1653 2883
1832 1859
1628 3050
1693 1944
1678 3203
1429 3166
1509 2555
1645 1931
1597 2507
1570 2660
1714 3050
1754 1897
1596 2583
1481 1939
1544 2558
1618 2587
1506 2146
1897 2573
1622 2447
1544 2141
1766 2661
1584 2051
1754 1679
1713 3232
1596 2069
1546 2211
1638 2939
1579 2051
1497 2201
1606 2079
1850 1779
1496 3085
1674 3085
1698 3230
1703 2621
1714 2941
1592 2878
1606 2566
1726 2512
1731 2969
1766 3047
1547 2883
1461 2525
1831 1844
1464 2571
1524 3125
1650 2497
1573 2948
1624 2820
1669 3001
1460 3139
1448 3172
1631 2755
1636 2757
1640 2966
1416 3631
1456 2565
1776 1902
1602 2295
1530 2533
1648 2689
1581 3012
1769 1873
1790 1583
1883 2557
1553 2564
1553 2545
1853 1781
1558 2662
1680 3095
1736 1722
1644 2996
1666 3182
1923 3171
1594 2866
1451 3578
1678 2719
1862 2621
1766 1756
1522 2119
1572 2569
1654 2360
1571 2287
1484 3649
1506 3065
1748 2768
1443 3649
1783 3195
1798 1826
1724 3076
1771 2387
1798 1751
1518 2510
1407 1940
1734 2479
1728 3081
1683 3059
1316 3262
1762 1886
1587 2074
1631 1913
1624 2823
1786 1739
1825 1766
1850 3151
1808 1872
1801 1755
1853 1778
1731 2709
1497 2143
1870 3165
1585 1971
1789 3323
1758 2380
1725 1594
1690 3051
1646 2947
1755 2659
1626 2565
1780 3323
1642 2928
1760 2627
1805 1867
1714 1898
1733 2428
1499 3055
1360 3089
1700 3310
1447 3611
1536 2299
1844 3151
1556 2669
1571 2923
1833 2666
1455 3592
1578 2575
1472 3140
1634 2122
1549 2376
1547 2379
1535 1999
1403 3089
1763 2487
1645 1893
1652 2171
1672 2979
1745 1640
1525 2981
1737 2668
1605 2616
1676 1944
1345 3079
1525 3077
1804 1703
1320 3259
1774 1863
1623 2582
1850 2630
1639 2982
1628 2526
1650 2165
1728 1728
1627 2856
1722 2582
1525 1983
1789 2620
1491 2115
1572 2919
1784 2653
1539 2231
1779 3237
1425 1934
1760 2662
1686 1621
1576 2936
1595 2082
1611 2775
1604 2585
1540 2228
1714 3325
1405 1899
1598 1919
1407 2575
1416 3077
1519 3117
1687 2716
1753 3229
1808 1749
1583 2513
1895 2641
1514 1977
1762 3169
1748 2545
1708 2993
1539 1914
1610 2346
1559 2649
1737 1704
1966 2586
1568 2961
1717 1935
1577 1983
1630 1898
1661 2816
1479 3173
1579 2634
1553 1942
1516 3038
1600 1916
1725 1591
1742 3248
1803 3202
1600 2919
1708 3217
1585 2021
1708 2631
1573 1984
1711 3034
1575 2326
1657 2489
1607 2920
1700 2739
1591 1960
1671 3103
1519 2518
1484 1932
1485 3168
1656 2491
1747 3214
1825 2670
1835 1857
1331 3255
1535 3040
1480 3113
1805 1767
1870 3170
1553 2147
1765 3265
1663 2485
1402 3576
1545 1925
1533 2330
1748 1903
1832 1764
1606 1885
1393 3506
1778 3327
1636 2860
1763 1957
1576 2673
1781 3167
1578 2278
1599 2566
1615 2299
1915 2549
1865 2555
1339 3244
1722 1707
1788 3168
1569 1943
1411 3505
1522 1980
1451 3208
1788 2614
1504 1961
1556 3081
1717 1939
1623 2577
1609 2903
1622 2146
1464 3083
1367 3534
1625 1919
1375 3547
1769 1859
1558 2584
1507 2978
1796 1708
1578 2399
1664 3022
1642 3261
1487 2156
1835 2634
1744 1671
1684 2719
1833 2634
1594 2267
1557 2249
1543 3092
1726 1908
1659 1938
1511 2568
1751 2474
1445 1975
1446 1943
1462 1928
1665 1944
1280 3206
1650 2889
1624 2120
1595 2093
1736 2752
1559 2003
1747 3311
1613 2392
1884 3193
1480 3129
1615 2147
1577 2974
1675 3064
1716 2472
1581 3052
1761 2661
1700 3337
1608 2516
1887 2652
1472 2137
1613 2286
1511 2172
1485 3087
1622 2466
1651 2911
1429 2573
1753 3081
1697 2949
1422 2593
1529 2135
1738 1943
1772 3154
1758 1901
1703 2431
1594 1988
1497 2203
1385 1907
1531 2898
1479 2125
1520 2526
1524 2977
1516 2176
1593 2998
1847 3157
1774 1945
1791 1927
1740 1648
1802 3169
1603 2661
1642 1938
1720 3049
1541 2958
1866 2553
1605 2352
1474 1932
1562 2894
1648 2819
1554 3089
1522 2206
1682 3062
1593 2393
1797 1577
1560 2004
1851 2602
1642 2812
1664 2998
1700 3222
1449 1978
1822 2674
1852 2639
1624 2328
1595 2090
1749 3281
1530 3090
1668 1923
1565 1938
1806 3203
1646 2779
1692 2976
1669 2816
1567 2243
1726 1659
1663 1912
1549 2141
1730 2423
1604 2123
1608 2670
1325 3272
1744 2559
1423 3147
1744 2562
1564 2470
1472 3172
1719 2468
1391 1938
1454 3114
1807 1695
1511 3000
1554 3020
1557 2871
1568 2068
1909 2545
1400 1961
1584 2953
1524 3121
1897 3190
1623 2676
1688 3280
1538 2326
1757 1936
1595 2118
1407 2579
1749 1907
1665 2729
1787 3316
1846 1864
1545 2881
1619 2170
1603 2902
1863 3165
1726 2510
1523 2177
1410 1905
1514 3140
1554 2133
1517 2305
1805 1858
1673 2515
1732 3334
1433 3607
1761 1708
1664 2352
1539 1940
1774 3124
1448 3169
1493 2142
1488 2118
1694 1941
1659 2956
1795 2609
1589 1996
1652 2479
1827 1839
1551 3093
1364 3539
1572 2978
1604 1912
1705 3046
1581 2039
1361 3071
1669 1921
1653 3252
1880 3189
1709 2635
1586 1912
1875 3159
1639 2900
1592 2117
1757 1867
1563 2655
1511 2586
1539 2612
1730 2944
1734 3335
1749 2424
1649 2958
1587 2103
1800 1580
1330 3283
1705 3068
1789 3163
1759 1870
1706 1615
1798 3318
1943 2565
1641 2106
1627 1920
951 3040
1581 2682
1442 3129
1536 2957
1797 1796
1488 1953
1420 3090
1521 2511
1739 3091
1452 3088
1848 2608
1710 2717
1544 2340
1712 1902
1730 2436
1642 1948
1827 1858
1339 3254
1593 2332
1466 3099
1741 1612
1665 1904
1858 2597
1550 2307
1810 1589
1769 1872
1748 2762
1710 3230
1758 1967
1429 3092
1439 3212
1700 3032
1765 1546
942 3035
1671 2941
1763 1698
1413 3506
1452 3134
1775 3308
1641 1928
1586 1883
1764 3100
1551 2214
1948 2570
951 3036
1669 2933
1508 2530
1562 3071
1540 2227
1809 1783
1590 2330
1648 3072
1733 1617
1544 2229
1330 3280
1540 2964
1388 3545
1644 3256
1471 1925
1430 3153
1767 1854
1392 1940
1417 3165
1708 3226
1420 3094
1699 1944
1582 1978
1534 1913
1590 2258
1554 2339
1519 1981
1640 2860
1851 2633
1545 1920
1537 1922
1499 1937
1873 2651
1441 3173
1824 1584
1795 1804
1574 2676
1681 1949
1514 2141
1558 2578
1667 2709
1551 3094
1638 2984
1735 1890
1847 1756
1745 3170
1594 2936
1369 3074
1602 2983
1353 3532
1568 3023
1496 2140
1758 2490
1766 2662
1770 1593
1547 2138
1599 2095
1863 2642
1392 3530
1956 2590
1755 2563
1420 2586
1426 2592
1414 3152
1448 1917
1816 1596
1639 2857
1576 2945
1908 2641
1652 2502
1431 3136
1754 3317
1616 2763
1906 3167
1643 2822
1409 3497
1382 1907
1408 1921
1483 1935
1738 1680
1602 2062
1640 2458
1404 3090
1672 2898
1781 1924
1875 3178
1734 1730
1825 2625
1497 2096
1895 2540
1482 2157
1762 2430
1595 2871
1773 1603
1722 1659
1520 2145
1821 2598
1328 3521
1641 3072
1615 1920
1578 2953
1625 2076
1627 2168
1767 1733
1812 2598
1758 3111
1823 1764
1581 2390
1971 2595
1895 2551
1440 3147
1388 3535
1764 1952
1976 2583
1650 1965
1628 2974
1672 2423
1779 3176
1713 2956
1798 1759
1439 2405
1762 3099
1591 1937
1440 3647
1780 2620
1797 1721
1628 2434
1584 2857
1468 2558
1653 3006
1529 2534
1753 3311
1466 1935
1662 3022
1718 2619
1612 2348
1793 1868
1611 2046
1444 3572
1703 3274
1733 2603
1753 3286
1759 1918
1452 3208
1289 3224
1415 1938
1724 2521
1466 3083
1766 3314
1789 3238
1794 1825
1534 2004
1556 3015
1586 2875
1557 2519
1799 3201
1655 3255
1517 2002
1522 2616
1402 1913
1907 3159
1715 2464
1639 2846
1345 3086
1819 1584
1536 1912
1678 3095
1615 2395
1572 3030
1583 2107
1523 3056
1609 2123
1577 2583
1772 1896
1874 3199
1294 3233
1797 3193
1524 3104
1576 2061
1808 3206
1548 2955
1649 2871
1700 1622
1366 3500
1772 1860
1510 2172
1810 1603
1750 1910
1338 3259
1758 1915
1696 3093
1735 1642
1755 3077
1901 3169
1575 2512
1467 3140
1620 2822
1747 1653
1907 3157
1570 2101
1502 2579
1760 2408
1579 2078
1694 3232
1638 2529
1544 2099
1770 1957
1620 2562
1464 3157
1561 2464
1664 1923
1393 3072
1447 3197
1526 3080
1874 2673
1543 2095
1791 1925
1513 2600
1829 1761
1447 3094
1639 2938
1769 2649
1480 1938
1703 2758
1562 2323
1434 3249
1382 3540
1762 3067
1443 3637
1759 1686
1563 2558
1480 2149
1645 2110
1675 1929
1749 1905
1647 1946
1392 3520
1512 2104
1434 1892
1743 3084
1768 3234
1711 2630
1480 2504
1591 2973
1778 3149
1563 2210
1554 2528
1886 2651
1377 3079
1661 3112
1511 1977
1702 3294
1575 2945
1684 3065
1478 1955
1669 1628
1557 2356
1539 1890
1618 2151
1756 2413
1747 3228
1626 2118
1529 2964
1481 1950
1608 2492
1463 2533
1582 2051
1719 1637
1628 1910
1771 1744
1576 2880
1581 3043
1675 1604
1529 2133
1614 2296
1523 2014
1763 2418
1755 1754
1598 2863
1597 2580
1569 2332
1778 3312
1429 3161
1599 2173
1723 2582
1705 2988
1979 2592
1798 2616
1563 1924
1523 3046
1608 2105
1664 1898
1654 2437
1690 2497
1776 1607
1630 3057
1796 3203
1703 3040
1750 1905
1452 1971
1738 2746
1655 3115
1759 3285
1662 2356
1477 1958
1753 1911
1718 1655
1784 3186
1808 1825
1277 3201
1649 2767
1775 3160
1598 2555
1535 2906
1625 1905
1573 2082
1468 3143
1743 2638
1886 2555
1899 2657
1679 3067
1757 1959
1343 3269
1757 3072
1733 3328
1682 1639
1664 2742
1574 2092
1560 3104
1527 2619
1605 2399
1662 2429
1673 2163
1707 2620
1694 1594
1584 2874
1581 1963
1843 3159
1581 3037
1817 1587
1662 1922
1544 3098
1602 1946
1915 2643
1447 1921
1805 2610
1646 2995
1396 1911
1480 2132
1334 3268
1703 2746
1678 2418
1672 2341
1451 3594
1629 1920
1621 2907
1693 3284
1370 3231
1457 3097
1490 1943
1673 1616
1579 3014
1637 2758
1650 2498
1590 2880
1614 2332
1778 3173
1584 2396
1716 1655
1589 2470
1648 2365
1624 2471
1732 2971
1884 3190
1688 2496
1732 1877
1351 3288
1665 2904
1792 1786
1579 2870
1527 3062
1716 1658
1649 2459
1528 2607
1750 2478
1539 2007
1454 2557
1720 3234
1796 3202
1441 3087
1596 2553
1817 1744
1391 1942
1736 2685
1718 2984
1430 3165
1823 2686
1805 1860
1536 2626
1671 2718
1299 3230
1603 2061
1654 3259
1740 2668
1511 3081
1970 2593
1721 2948
1419 2583
1672 3006
1553 2573
1745 3083
1578 1949
1741 2720
1450 3079
1414 2578
1626 3063
1779 1863
1559 2651
1519 1983
1624 2670
1579 1974
1575 3070
1793 1580
1655 3038
1758 3233
1296 3217
1369 3545
1648 2993
1659 3266
1460 3099
1870 2608
1656 3108
1775 2660
1720 2667
1711 2628
1287 3212
1512 2174
1916 2583
1559 2669
1802 3165
1792 3124
1497 3137
1860 3215
1729 3049
1574 2295
1496 2204
1760 2432
1354 3289
1353 3278
1673 1610
1698 3283
1723 2658
1422 3631
1441 1937
1367 3504
1740 1721
1595 2994
1761 1700
1600 2064
1560 2356
1806 1813
1596 2582
1748 2753
1654 2833
1667 2518
1557 2210
1663 2428
1554 2328
1623 2473
1795 3208
1660 2935
1856 3212
1736 1746
1680 3259
1553 2242
1792 1821
1460 3101
1623 2643
1907 2588
1545 2330
1214 3582
1732 1737
1703 1612
1702 2421
1775 2429
1653 2865
1529 2120
1528 2002
1671 3046
1578 2200
1788 2633
1568 2452
1802 2608
1472 3154
1571 2641
1771 3278
1606 2646
1727 1609
1735 3225
1542 1904
1296 3242
1656 2759
1594 2450
1470 1923
1724 1584
1777 3143
1746 2571
1863 2604
1650 2339
1341 3256
1723 1651
1748 1876
1622 1908
1673 1898
1569 2252
1736 3336
1768 3253
1534 2532
1641 2679
1217 3579
1587 2859
1735 2423
1736 2945
1468 3172
1534 2332
1442 3162
1724 2610
1509 2193
1769 1950
1530 2611
1569 2474
1780 2403
1826 1831
1337 3515
1359 3077
1709 2978
1566 2906
1887 3177
1795 1567
1461 2134
1763 1709
1352 3276
1701 3331
1540 2286
1619 2424
1646 3256
1629 2903
1914 2644
1459 3081
1646 2342
1650 2883
1378 3237
1715 2951
1464 2516
1434 3586
1557 2580
1627 2617
1855 3166
1572 2079
1765 2668
1295 3219
1876 3191
1396 1918
1395 1918
1717 1940
1572 3068
1519 2507
1724 3069
1791 1577
1849 3150
1505 3039
1687 3270
1644 2329
1884 2563
1846 1750
1411 2578
1556 2074
1845 3157
1497 3059
1723 1604
1531 2962
1527 1997
1610 2493
1613 2520
1546 2310
1378 1937
1670 3264
1562 2553
1489 2111
1653 2764
1651 2786
1620 1914
1569 2453
1407 1945
1609 2448
1912 2542
1513 2171
1802 3201
1580 2484
1647 2924
1793 1601
1786 1935
1470 3166
1509 3059
1800 3199
1846 3173
1414 1952
1494 2124
1475 3167
1526 2597
1481 3152
1597 2452
1844 2667
1508 3145
1633 2868
1714 1593
1745 2749
1789 1577
1553 2572
1496 2573
1805 1825
1408 3089
1615 2828
1445 3554
1713 2443
1553 2516
1658 2927
1435 3247
1353 3250
1325 3282
1415 3619
1754 1681
1895 2567
1471 2137
1807 1794
1406 1924
1446 3215
1583 1994
1853 3169
1729 2433
1538 3037
1717 2427
1674 2715
1642 2757
1714 1918
1878 2661
1605 2299
1593 3073
1565 2203
1732 1724
1426 3574
1430 2586
1342 3244
1509 3001
1354 3091
1643 2927
1638 3081
1542 2341
1500 2168
1522 3057
1678 1602
1668 2907
1610 2610
1746 1890
1678 2419
1575 2455
1835 2636
1478 2155
1497 2132
1566 2290
1694 3089
1745 3275
1775 3144
1661 2727
1893 2540
1627 2570
1834 2636
1489 3090
1578 2452
1436 3574
1773 2661
1534 3094
1455 3097
1637 2113
1722 1658
1766 3275
1551 2322
1615 2103
1936 2560
1778 2434
1759 3287
1672 1918
1614 2286
1705 3070
1532 2207
1584 2056
1763 1884
1851 3155
1471 2552
1383 1939
1732 1635
1663 3046
1663 2691
1759 3083
1628 2455
1370 3506
1659 2113
1592 2509
1808 2596
1907 2584
1346 3552
1424 2569
1619 2672
1574 2679
1774 1860
1440 2603
1474 3176
1906 2584
1630 2974
1525 2600
1420 1961
1548 1889
1624 2577
1734 2693
1595 2280
1817 1856
1682 2335
1583 1963
1567 2008
1640 2112
1643 2132
1577 2470
1580 1899
1660 3270
1511 3043
1619 2522
1548 3026
1450 3673
1752 3253
1469 2555
1542 2234
1722 1589
1687 3263
1746 2556
1560 2951
1646 2337
1720 2747
1431 3107
1977 2582
1474 2566
1742 2428
1773 1540
1378 3524
1718 2960
1554 3080
1448 3197
1811 1828
1398 3542
1573 2907
1576 2091
1759 1701
1607 1886
1610 2541
1573 1885
1844 1767
1687 3203
1622 2081
1370 3492
1596 2869
1682 2888
1465 3657
1494 2196
1561 2352
1690 2500
1563 2084
1569 2363
1331 3272
1854 3166
1745 2594
1747 3111
1458 3131
1768 1736
1447 3635
1336 3258
1717 1951
1878 3187
1568 2373
1430 2588
1616 2588
1736 3234
1430 1935
1887 2528
1497 2136
1574 2898
1747 1577
1542 2878
1843 1865
1588 3022
1441 1969
1746 1975
1415 3162
1491 2595
1720 2455
1713 2614
1568 2071
1770 3255
1657 2733
1505 2167
1422 3549
1579 1985
1699 3336
1761 1895
1830 1759
1690 3262
1739 3088
1423 3506
1703 3232
1750 2592
1565 2318
1827 3155
1722 1579
1576 1988
1525 2202
1468 2117
1725 3241
1747 2478
1634 2744
1640 2547
1874 2660
1864 3221
1760 1695
1801 3319
1787 2396
1845 3167
1442 1934
1473 2523
1566 3055
1735 2603
1786 3183
1484 3122
1542 3038
1713 1608
1782 3193
1641 2461
1600 2122
1676 3092
1592 2392
1576 2094
1742 2426
1635 2450
1589 2019
1637 2681
1894 3188
1753 3288
1453 3103
1655 2883
1656 2168
1792 1868
1706 2608
1462 3592
1435 3143
1478 2598
1302 3214
1591 2468
1719 1896
1440 2589
1527 3089
1672 3188
1410 2573
1733 2508
1668 3086
1673 1938
1498 3055
1562 2557
1482 2131
1668 3088
1611 2074
1645 2890
1500 2587
1569 2290
1697 3305
1476 3143
1567 2464
1553 2359
1609 2769
1711 2614
1565 2202
1425 1921
1565 2962
1873 3170
1385 3631
1913 2581
1896 3167
1727 2586
1590 2967
1470 1932
1620 2599
1913 2552
1650 3090
1687 2351
1392 3553
1854 3155
1757 3298
1458 2105
1827 2633
1594 2252
1616 2612
1595 2479
1898 3167
1617 2319
1598 2990
1688 2508
1636 1947
1820 2622
1454 3137
1891 2534
1606 2658
1561 1927
1653 2711
1499 2199
1687 2330
1791 1579
1833 1858
1627 2634
1736 1671
1557 2216
1543 2317
1616 2618
1559 2352
1335 3259
1675 1917
1755 1681
1611 2774
1949 2584
1587 2479
1520 2550
1614 2085
1476 2565
1549 2004
1760 3309
1436 3209
1786 1570
1741 2676
1457 3093
1703 2437
1527 2320
1578 2080
1735 2478
1660 1899
1620 2600
1549 2005
1622 2467
1552 2877
1756 3072
1462 2564
1595 2903
1624 2527
1605 2077
1796 1858
1533 3095
1714 1955
1506 2583
1648 2331
1543 3086
1483 1928
1569 1937
1569 2569
1453 3527
1743 1605
1450 3578
1476 3148
1869 2672
1596 2531
1644 2981
1578 2305
1702 2759
1702 1621
1558 2132
1577 2100
1596 2275
1672 2515
1563 1916
1501 2972
1687 1620
1589 2473
1716 2972
1653 3250
1428 3155
1779 3134
1916 2585
1792 2393
1318 3262
1424 1921
1724 3242
1463 2522
1364 3537
1537 2298
1704 3320
1529 2306
1915 2647
1695 2981
1505 2544
1801 3198
1763 3083
1873 3195
1772 2395
1503 3079
1417 1938
1599 2567
1763 3084
1580 3061
895 3632
1547 2957
1744 2568
1512 3143
1443 3152
1406 3087
1572 2639
1467 2114
1957 2590
1755 1866
1817 2687
1628 1909
1526 1998
1685 1596
1715 1588
1857 2659
1732 2486
1500 2126
943 3036
1388 3501
1522 2520
1717 3325
1598 2915
1585 1911
1872 3175
1654 2507
1803 1872
1549 3037
1413 2574
1710 2959
1598 1937
1670 3048
1407 3087
1813 1879
1685 1948
1794 3239
1773 3272
1655 2785
1654 2798
1582 2193
1627 2646
1554 2075
1608 2121
1727 2610
1746 2673
1557 2669
1589 1954
1728 2965
1561 3077
1358 3296
1572 2963
1485 3159
1455 1979
1670 1894
1614 2125
1618 2128
1705 2987
1752 2472
1436 1934
1590 1997
1538 2623
1745 3339
1612 2024
1646 3247
1865 2644
1407 1907
1664 1919
1592 2507
1367 3505
1673 3188
1526 2301
1843 3169
1462 3100
1766 3058
1784 3228
1791 3220
1672 1944
1545 2378
1447 3084
1782 3126
1862 2626
1482 3156
1548 2114
1738 1582
1718 2473
1748 1970
1325 3271
1394 3555
1464 1928
1554 1939
1602 2278
1662 2431
1633 2897
1449 3075
1442 3072
1700 1917
1858 1756
1655 2087
1918 2582
1789 2619
1430 3163
1778 3127
1608 3075
1815 1821
1892 3188
1862 3216
1634 1937
1686 2972
1700 1612
1664 2884
1764 1757
1686 2717
1694 2718
1651 2162
1629 2129
1726 2520
1470 2111
1588 2315
1636 2333
1515 3038
1946 2568
1659 3037
1556 2581
1441 3637
1183 3549
1732 1732
1497 1944
1542 2380
1718 3236
1884 3178
1788 3224
1636 1945
1734 2699
1662 2100
1590 1929
1726 1578
1671 1613
1646 2824
1720 1637
1733 2426
1627 3065
1751 3068
1710 3207
1764 2501
1913 2651
1734 3327
1513 3143
1345 3277
1556 2147
1423 3510
1675 2937
1705 2621
1718 2956
1589 1942
1585 2915
1629 2456
1452 3537
1595 1937
1452 1965
1688 2714
1599 2582
1708 2652
1265 3193
1377 3245
1712 1914
1618 2607
1592 2555
1621 2525
1791 1566
1636 2108
1406 3633
1579 2038
1759 1876
1739 1705
1757 2429
1536 2300
1833 1829
1629 2975
1655 1922
1528 2600
1554 2529
1608 2647
1635 2456
1450 3137
1805 1797
1764 2383
1579 3043
1496 2990
1552 2144
1745 1653
1785 1750
1591 2109
1566 2556
1447 3153
1578 2030
1423 3153
1875 3180
1478 3101
1573 2521
1656 3091
1391 3506
1618 2586
1447 3552
1499 2198
1359 3089
1475 3101
1480 3087
1742 1880
1775 3312
1725 1584
1821 1825
1754 2412
1652 2912
1423 3148
1873 3161
1612 3073
1800 1583
1550 2237
1719 1592
1597 1925
1581 2884
1783 2636
1965 2602
1351 3542
1694 1944
1683 3066
1518 2525
1660 2727
1605 2923
1803 1747
1809 1782
1498 2987
1528 2535
1530 2909
1560 1888
1633 3258
1557 2199
1607 2549
1866 3197
1469 2560
1295 3240
1609 2579
1862 2659
1521 3113
1744 1720
1546 2207
1791 2406
1303 3245
1525 2139
1623 2660
1538 2216
1707 2633
1552 2320
1600 2902
1789 2614
1764 3099
1628 2053
1580 2652
1481 2134
1744 2599
1446 3153
1974 2592
1431 3074
1560 2570
1615 2318
1732 1617
1555 2362
1431 3112
1650 2957
1624 2972
1768 1749
1603 2557
1778 1908
1758 3203
1730 2501
1760 3101
1580 1985
1662 3002
1705 1600
1611 2083
1455 3591
1766 3085
1511 2999
1432 3074
1512 2529
1634 2854
1507 2172
1538 2218
1438 3087
1700 1942
1662 2519
1778 2664
1592 2169
1393 3557
1687 3053
1409 3505
1282 3219
1572 2455
1744 3248
1622 2332
1786 3199
1762 2487
1716 2943
1624 2055
1312 3260
1473 3141
1675 1608
1970 2584
1696 3203
1469 2511
1613 2310
1577 3016
1753 1940
1599 3069
1808 1764
1598 2988
1773 3264
1729 3052
1581 2313
1749 2631
1828 1847
1507 2190
1600 3069
1905 2548
1576 2442
1591 1936
1393 1898
1901 2567
1671 2928
1794 3237
1730 2595
1743 1707
1616 2902
1747 2752
1658 3038
1664 2904
1661 2105
1474 1920
1592 2557
1545 2307
1509 2543
1340 3243
1457 2545
1819 2620
1495 3158
1625 2676
1723 2596
1772 1945
1602 2064
1424 2574
1748 2553
1650 2461
1685 1959
1484 3105
1584 2193
1480 3091
1596 2083
1788 2608
1597 2077
1592 2290
1617 2763
1593 2637
1535 2627
1743 3342
1744 2674
1646 2494
1457 2563
1355 3283
1688 3278
1891 2540
1472 1940
1670 2909
1545 2521
1824 1859
1563 3071
1496 2167
1300 3245
1738 1941
1757 2633
1564 2207
1595 2270
1618 2601
1708 3218
1536 1924
1771 1932
1600 2395
1622 2168
1502 2972
1875 3173
1705 2765
1752 1889
1594 2860
1654 2094
1218 3583
1833 1859
1647 2333
1356 3296
1815 1854
1507 2562
1440 1972
1761 2660
1970 2596
1726 2941
1785 3127
1671 1945
1768 1707
1413 3498
1649 2960
1678 1632
1771 2433
1696 2941
1611 2293
1752 1872
1599 1937
1573 2987
1590 1938
1481 3116
1739 2714
1440 3137
1628 2047
1634 2901
1851 2613
1575 2374
1784 1757
1421 3546
1420 1904
1582 3017
1420 1927
1652 2149
1695 3073
1886 3189
1639 2855
1595 2545
1529 2146
1640 2474
1581 2385
1432 2400
1554 2095
1543 3089
1722 2714
1668 2520
1615 2156
1574 2644
1494 2162
1614 2908
1884 3180
1792 1866
1552 2240
1775 1861
1350 3086
1523 2116
1279 3224
1574 2404
1794 1934
1648 3253
1564 2953
1796 1797
1433 1890
1755 3181
1805 1696
1435 2405
1737 1878
1767 1546
1701 2970
1575 3062
1680 2980
1944 2584
1739 2711
1351 3281
1745 1706
1525 3050
1350 3274
1575 2282
1507 2991
1529 3081
1597 1938
1804 1808
1659 2924
1703 2427
1573 2887
1635 2846
1572 2571
1706 3028
1535 1998
1646 2943
1570 2366
1619 2645
1432 3585
1793 1587
1528 3139
1753 3077
1909 3174
1430 1941
1740 2667
1748 1931
1552 2079
1665 3113
1555 2524
1567 3027
1625 2768
1640 2476
1664 2427
1408 3087
1389 1932
1732 2496
1648 2782
1565 1987
1528 2874
1562 2415
1723 2522
1518 2598
1399 2454
1582 3033
1540 2308
1366 3076
1717 2461
1629 2766
1645 2792
1434 1945
1670 3089
1677 3043
1834 3154
1635 2462
1434 3266
1704 3222
1683 3060
1496 2192
1614 2651
1800 1861
1678 2976
1417 1909
1576 1881
1797 1598
1510 2552
1753 2423
1855 3210
1604 2650
1538 2900
1431 3140
1706 2756
1601 2510
1715 2657
1687 2414
1801 1849
1726 2705
1618 2645
1713 2467
1904 2641
1791 1750
1534 2537
1663 3023
1386 3079
1964 2608
1501 2149
1825 1861
1970 2600
1791 3167
1759 3300
1792 1932
1670 3266
1707 3200
1455 3110
1952 2547
1728 3229
1568 2557
1773 3119
1567 2918
1574 2252
1495 2208
1779 3135
1689 1964
1739 3076
1743 3215
1338 3504
1656 1899
1765 1739
1745 3217
1786 2632
1605 2533
1659 2805
1722 3050
1478 1945
1484 1949
1433 3555
1628 2877
1389 3495
1386 3083
1814 3154
1771 2419
1957 2598
1617 2443
1840 3153
1679 1911
1594 2496
1662 2703
1965 2605
1590 2099
1590 2644
1517 2004
1676 2804
1728 2595
1621 2168
1445 3639
1596 2866
1482 1958
1335 3255
1860 3221
1609 2672
1469 3133
1847 3167
1783 1747
1708 3234
1474 3142
1569 2068
1278 3201
1383 3497
1670 3209
1701 1937
1513 3061
1897 2577
1403 3554
1804 3197
1758 2647
1581 2030
1431 3644
1764 1726
1457 3663
1780 3162
1680 1948
1880 2656
1392 3504
1445 3592
1607 2904
1430 3118
1451 3637
1595 2261
1650 2923
1628 2903
1810 1602
1417 3497
1503 2979
1512 3043
1486 3128
1734 2945
1411 2570
1561 2663
1651 2453
1645 1945
1600 2514
1776 1541
1599 2395
1657 1922
1354 3078
1733 2746
1397 1899
1798 1848
1878 2574
1619 2658
1655 1953
1684 1953
1707 3323
1550 3086
1430 3557
1658 1895
1686 3070
1741 1659
1824 1766
1772 3273
1736 1624
1437 2405
1626 2872
1873 2649
1958 2590
1547 2335
1395 1917
1452 3150
1639 2925
1686 3061
1378 3547
1367 3498
1455 3546
1714 2613
1297 3220
1853 2637
1882 2645
1689 3077
1629 2843
1628 2766
1666 1608
1677 3269
1645 3272
1610 2023
1589 2326
1555 2482
1850 3156
1553 2556
1506 2145
1649 2358
1540 1933
1449 1969
1718 2657
1526 2602
1685 2972
1590 2114
1802 3319
1450 3597
1553 2583
1606 1923
1772 2408
1823 1762
1605 2589
1528 2304
1724 2612
1354 3538
1662 2701
1735 1940
1793 1936
1412 2576
1442 2545
1662 2806
1676 2715
1566 2080
1600 2567
1630 2336
1501 2218
1655 2361
1720 3055
1859 3200
1520 2144
1569 2671
1642 2986
1906 2547
1430 3155
1577 2505
1573 2020
1754 3269
1784 1866
1768 2648
1757 1869
1448 3559
1352 3087
1627 2480
1520 3058
1671 2427
1659 3029
1728 2967
1534 2211
1577 2097
1708 1940
1572 2024
1790 1572
1661 3002
1745 1647
1621 1906
1599 2550
1420 3263
1576 2101
1772 3241
1792 1749
1570 1885
1612 2674
1702 3202
1970 2602
1815 1871
1594 2273
1772 1745
1723 1614
1746 1600
1660 2167
1377 1937
1507 3069
1905 2640
1551 2525
1329 3275
1751 3182
1463 2516
937 3030
1731 2530
1499 2988
1616 2910
1541 2297
1552 2554
1547 2236
1832 2635
1913 2559
1701 3039
1368 3533
1786 3163
1733 2969
1609 2630
1688 2711
1742 1882
1612 2343
1430 2595
1512 2178
1601 2309
1762 1737
1300 3223
1662 3030
1539 3087
1658 3101
1718 2451
1520 3153
1776 3135
1645 2762
1647 2480
1639 2827
1444 3260
1864 2634
1668 1941
1758 2430
1714 2750
1432 1952
1633 2901
1770 2490
1777 1865
1536 2962
1428 3554
1512 2526
1310 3260
1769 3148
1388 1940
1702 3324
1623 2898
1754 1682
1874 2605
1522 2518
1785 1728
1743 2547
1965 2600
1454 3590
1472 2103
1859 3196
1634 2679
1473 3646
1674 3206
1593 2907
1620 2528
1522 2018
1852 2605
1740 2731
1597 2911
1461 2562
1486 3170
1478 3137
1619 3068
1659 2109
1748 3317
1568 2661
1756 1750
1665 2166
1630 2826
1729 1888
1920 3180
1608 2513
1586 2055
1533 2612
1683 1602
1747 2483
1770 2432
1563 2205
1695 3334
1503 1970
1442 3181
1480 3122
1420 3550
1406 1947
1519 1986
1669 1895
1673 3213
1431 3073
1640 2986
1796 3319
1667 3005
1463 3175
1763 3061
1503 3081
1561 2343
1439 3100
1584 2401
1567 2318
1619 3055
1705 2756
1469 3166
1487 2585
1630 2643
1802 3195
1282 3206
1513 2102
1312 3273
1745 1930
1858 3205
1513 2552
1583 2477
1536 3098
1606 2051
1789 1729
1669 2518
1645 2754
1792 1850
1612 2550
1859 3213
1617 2147
1881 2646
1827 1841
1436 3160
1669 2520
1599 2289
1578 3061
1888 2547
1475 3147
1528 1930
1760 3223
1685 2719
1478 2599
1672 1922
1709 1893
1493 3062
1546 2085
1435 3106
1789 1868
1538 2625
1623 2432
1870 2646
1578 2053
1401 3572
1342 3240
1802 1683
1703 1901
1713 1901
1575 2632
1539 2960
1354 3533
1527 2534
1424 3153
1820 2680
1698 3329
1614 1904
1462 3147
1726 2693
1458 2134
1796 1788
1487 2134
1856 1749
1597 2556
1538 2137
1909 3175
1558 2356
1915 3164
1755 2646
1342 3269
1768 1538
1580 1974
1415 3076
1659 2732
1817 1760
1508 3059
1482 1932
1387 3502
1436 3215
1548 2305
1487 2140
1616 2766
1633 2463
1649 2986
1711 2645
1558 2476
1903 2535
1711 1902
1719 3325
1759 2384
1430 3143
1721 3067
1776 1600
1924 2580
1802 3168
1601 2122
1889 2533
1327 3526
1524 2972
1408 1922
1801 1850
1340 3274
1676 3091
1972 2584
1820 2683
1762 3052
1599 2097
1331 3271
1715 2978
1377 3233
1432 3169
1597 2875
1631 2867
1376 1906
1379 3503
1760 3321
1846 2667
1774 3240
1653 3258
1681 3044
1792 1823
1783 3320
1862 2557
1652 2957
1801 1848
1656 2824
1426 3094
1381 3549
1212 3584
1556 3096
1571 2560
1579 3064
1630 1914
1727 1611
1417 3225
1732 2425
1747 2631
1598 2055
1925 2562
1579 2073
1540 1925
1355 3077
1535 2610
1585 2051
1916 3158
1573 2964
1795 3206
1595 2478
1534 2121
1765 2380
1731 2429
1718 2452
1586 2572
1678 3207
1438 3194
1595 2076
1787 2635
1578 2674
1577 3045
1780 3124
1604 2658
1747 1715
1622 2589
1875 3172
1807 1703
1459 3124
1922 3169
1640 2830
1438 3264
1718 2476
1676 3094
1622 2150
1520 2146
1522 3104
1632 2111
1546 1892
1437 3169
1636 2859
1707 3324
1746 1900
1693 1595
1603 2396
1793 1562
1637 2938
1603 2560
1581 2412
949 3041
1546 2891
1414 1937
1567 2960
1700 3230
1584 2322
1682 3262
1330 3514
1451 3149
1745 1593
1446 1930
1409 3096
1796 3212
1624 2450
1544 2372
1630 2743
1864 3196
1731 2416
1345 3275
1584 2065
1961 2595
1547 2951
1469 3653
1825 1826
1424 1898
1789 3141
1595 2249
1611 2148
1755 1705
1619 2128
1407 3094
1821 2677
1681 2946
1870 2601
1463 2135
1485 3158
1877 3168
1754 2383
1526 1981
1597 2067
1732 2700
1815 1816
1759 3212
1559 2918
1685 1963
1595 1973
1558 2330
1517 2569
1730 3237
1882 2647
1557 3024
1638 2929
1766 2426
1676 1903
1779 3170
1430 1938
1517 2590
1426 1940
1431 3111
1652 2909
1699 1612
1520 2117
1664 2928
1660 2089
1628 2048
1441 3188
1449 1971
1460 2526
1384 3241
1752 2636
1585 2020
1708 1923
1591 1911
1584 3003
1793 1607
1790 2405
1662 2089
1727 1720
1404 1959
1577 2570
1408 1947
1216 3578
1769 2421
1584 2399
1734 1589
1801 1601
1518 2002
1797 3317
1889 2591
1895 2536
1747 3327
1461 2538
1607 2921
1822 2623
1673 2752
1569 2291
1546 2334
1461 2119
1581 2461
1666 2353
1426 1900
1619 2055
1474 2104
1648 1890
1601 2061
1759 3252
1520 2202
1677 1930
1738 2749
1575 2630
1821 2687
1790 2626
1497 2111
1755 2434
1766 3228
1550 2142
1604 2660
1649 2907
1897 2579
1623 1910
1763 3223
1443 3551
1567 2065
1731 2701
1496 2200
1401 3569
1800 1879
1808 1873
1720 2961
1582 1903
1775 1864
1578 2447
1597 2582
1906 2588
1468 2513
1598 2165
1660 2741
1448 3590
1610 2123
1618 2655
1788 1713
1506 2584
1791 3236
1750 1909
1751 3077
1442 3570
1784 2386
1581 2255
1752 1963
1610 2661
1734 2710
1601 2517
1906 2543
1636 2679
1744 2682
1707 3222
1632 3264
1847 3171
1676 3258
1630 2109
1748 3092
1629 2475
1566 2588
1598 3068
1432 2589
1654 2092
1747 2751
1910 2544
1851 2621
1408 1920
1653 3251
1911 2543
1435 3244
1659 3090
1793 1720
1855 3212
1707 3281
1786 2630
1607 2166
1622 2440
1914 2640
1616 2151
1872 2604
1748 1706
1491 1944
1302 3251
1561 3056
1580 2937
1665 3188
1328 3281
1819 2687
1515 2989
1750 1881
1370 3245
1707 3226
1568 1896
1876 2603
1484 3170
1455 3125
1567 2080
1764 1755
1768 1588
1568 2451
1424 3116
1441 3215
1744 1891
1501 3053
1429 3071
1652 2945
1477 3158
1704 3278
1758 3324
1331 3276
1834 1766
1804 1694
1681 1603
1518 2302
1726 3050
1589 2335
1649 2451
1758 1683
1570 2587
1650 2370
1717 2626
1658 1894
1447 1974
1590 1925
1372 3544
1692 3201
1759 3070
1714 3200
1631 1921
1647 2478
1440 3567
1873 2676
1384 3546
1872 2650
1579 2024
1765 2665
1769 1916
1648 2925
1371 3082
1547 2099
1568 2985
1863 2607
1602 2637
1575 2467
1509 2183
1567 2666
1862 3196
1455 3158
1758 3322
1204 3588
1594 2970
1753 2565
1452 3642
1630 2488
1582 3053
1583 2053
1511 3062
1738 1583
1670 2086
1429 3135
1770 1900
1424 3622
1545 2531
1620 2666
1781 2429
1519 2535
1533 2004
1649 2671
1668 2339
1512 3076
1598 2124
1744 3315
1674 1632
1650 2815
1510 2102
1546 2382
1775 3234
1510 1988
1618 2971
1875 3181
1426 3147
1920 2577
1858 2642
1656 2956
1792 3120
1409 1926
1792 3141
1779 3322
1734 2708
1482 1939
943 3033
1809 1828
1725 2694
1878 2670
1627 2056
1520 2531
1723 1713
1527 2122
1611 2122
1886 2532
1710 1904
1452 3575
1775 1916
1454 2108
1429 3644
1758 3231
1443 3559
1563 2343
1748 2757
1915 2652
1571 2423
1664 3029
1867 3195
1568 2919
1288 3221
1716 1900
1561 2918
1798 1752
1622 2114
1844 3154
1403 1961
1481 2157
1579 1988
1532 2134
1512 3119
1742 2706
1449 3085
1565 3053
1329 3280
1605 2878
1681 1602
1478 1938
1861 2567
1779 3326
1553 2559
1350 3085
1664 2929
1665 2885
1520 2116
1658 2759
1718 2948
1865 2552
1337 3266
1498 2221
1810 2608
1670 1609
1545 2375
1571 2421
1485 1940
1728 3096
1582 2292
1558 3089
1693 2982
1446 3263
1464 2136
1763 1877
1682 3269
1525 2966
1747 1910
1743 3333
1806 1794
1495 3059
1706 3274
1585 2411
1799 3157
1852 1776
1723 2581
1410 1952
1700 1933
1544 2236
1436 3638
1683 1958
1567 2519
1402 1943
1456 3209
1760 1888
1676 3254
1666 3267
1444 3172
1649 2798
1699 3300
1726 2694
1789 2396
1425 3156
1558 2576
1634 2865
1520 2200
1777 3145
1707 1615
1720 1615
1717 2440
1393 3535
1514 2592
1534 1917
1622 2821
1711 1944
1618 2168
1755 1896
1772 1565
1731 1744
1410 1898
1653 2947
1464 3595
1649 2445
1878 2659
1758 1917
1531 2985
1713 2631
1305 3260
1620 2138
1520 2514
1943 2560
1767 3121
1779 1747
1788 2611
1666 2756
1526 3088
1663 2519
1576 3063
1743 2676
1447 3597
1519 3084
1472 2522
1500 1940
1670 1941
1562 2320
1508 2971
1770 1954
1578 3030
1562 2356
1640 1943
1768 3100
1607 2268
1600 2092
1648 2166
1381 1904
1497 1956
1650 2760
1611 2288
1437 2590
1534 2134
1584 2634
1452 3635
1591 2108
1711 2651
1492 2095
1437 1957
1596 2332
1647 2676
1839 1780
1631 1898
1662 2355
1482 3106
1825 3154
1753 2634
1646 3000
1469 3143
1672 3054
1596 2996
1613 2103
1512 2549
1592 2397
1485 3116
1593 2996
1578 2094
1804 1861
1701 2502
1734 2751
1667 3265
1809 3156
1367 3492
1551 2362
1474 2121
1604 2502
1586 2328
1703 2425
1763 3082
1363 3071
1447 3150
1673 3212
1631 2864
1593 2456
1603 2123
1655 2717
1685 1597
1369 3502
1722 1576
1488 2098
1617 2529
1646 2944
1724 3324
1596 1958
1580 2323
1889 2529
1610 2543
1647 1953
1569 2206
1565 1913
1621 2920
1804 2608
1782 3319
1634 3266
1591 1993
1405 2572
1595 1924
1718 3065
1534 2619
1537 2210
1806 1688
1817 1853
1638 2965
1442 3593
1660 2797
1522 2978
1448 3110
1431 3633
1576 2385
1372 3491
1567 1892
1673 2942
1575 2628
1511 2190
1638 2827
1626 2489
1550 2511
1594 2084
1516 2588
1600 2309
1551 2289
1781 3160
1640 2896
1444 3563
1741 3220
1756 1689
1429 1900
1543 3042
1774 3125
1648 2891
1706 2617
1749 2554
1532 2000
1558 2665
1747 3235
1373 3529
1673 3091
1803 3195
1751 1607
1657 2985
1603 2908
1911 2538
1594 2906
1780 3324
1770 3234
1709 2752
1557 2584
1528 1929
1594 1882
1472 2109
1664 3040
1845 2630
1707 3208
1537 1890
1631 3067
1870 2653
1557 2208
1326 3269
1316 3256
1769 1868
1656 2347
1749 2632
1511 2513
1681 3203
1578 2103
1499 3085
1588 2465
1563 2335
1443 3570
1543 2534
1770 3117
1742 3217
1420 3547
1327 3277
1720 1896
1596 2649
1531 1987
1392 3509
1652 2441
1853 2630
1465 3141
1776 2424
1419 3081
1656 2827
1754 2490
1755 1921
1631 2328
1544 2363
1445 3257
1756 2670
1700 3206
1532 2303
1536 2198
1533 1922
1649 2796
1752 1604
1519 2177
1452 3670
1553 1949
1651 2456
1771 1943
1544 2364
1449 3074
1389 1940
1795 3193
1586 3066
1893 2588
1208 3590
1747 3097
1649 2790
1474 3140
1648 3075
1581 2323
1689 1904
1516 2311
1883 2558
1629 2979
1598 2096
1734 3352
1622 2171
1483 2145
1581 2417
1661 3092
1599 2640
1639 2828
1386 3540
1617 2764
1570 2456
1897 2537
1740 3083
1797 1691
1771 3255
1853 3209
1590 2957
1453 2117
1428 3087
1875 3195
1571 2908
1848 1768
1376 3237
1500 2579
1714 1921
1639 1897
1673 3038
1653 2147
1560 2674
1608 1924
1527 3141
1489 3091
1407 2565
1466 3158
1670 2804
1598 2121
1664 1939
1754 2382
1617 2626
1572 2924
1564 2137
1583 2573
1580 2024
1780 2435
1600 2173
1756 3312
1514 2976
1702 2979
1619 2971
1766 2665
1393 3545
1578 2881
1978 2586
1322 3275
1812 1829
1633 3261
1445 3552
1714 3053
1475 2152
1762 3262
1810 1751
1581 3005
1634 1904
1886 3175
1893 2531
1529 1931
1802 3167
1612 2110
1432 1899
1778 1741
1757 1963
1780 3184
1729 3243
1437 3606
1787 3188
1643 2995
1580 2475
1485 3603
1638 2528
1555 2881
1649 2443
1736 2740
1281 3222
1655 2108
1576 1981
1605 2081
1438 3592
1402 3627
1467 3144
1610 2619
1821 3162
1508 2101
1465 3078
1779 1557
1728 1576
1689 1941
1792 1585
1586 2071
1586 2402
1613 2332
1326 3278
1491 3065
1778 3324
1419 3507
1455 2113
1757 1862
1616 2103
1444 3095
1703 3320
1554 2482
1579 2062
1620 2643
1721 2587
1781 1555
1547 3034
1470 3160
1622 2565
1739 2489
1588 2074
1578 2112
1612 2049
1776 1758
1522 2877
1460 3131
1655 2956
1562 2207
1602 2513
1603 2050
1583 2312
1721 2658
1581 2299
1863 2606
1442 3203
1718 1938
1550 2214
1752 2482
1787 2398
683 2838
1346 3079
1295 3215
1575 2425
1626 2900
1556 2093
1650 2885
1416 2584
1612 2555
1632 1899
1607 2770
1575 2888
1732 2585
1546 3028
1953 2551
1590 2976
1700 2422
1812 1821
1537 2121
1730 1719
1366 3487
1777 1916
1413 1917
1467 1939
1804 1773
1665 1916
1667 2085
1596 2478
1715 3061
1603 2053
1585 2399
1647 3078
1457 2120
1591 2014
1765 1730
1618 1909
1462 1942
1420 3084
1843 1866
1751 2574
1786 2631
1614 2547
1759 2627
1784 3313
1529 2148
1650 2816
1555 2131
1576 2016
1802 1846
1569 2472
1545 2538
1643 2764
1392 3556
1721 1893
1771 2430
1774 3276
1755 1693
1588 2503
1444 3215
1535 2621
1455 3092
1575 2405
1544 2337
1490 2598
1610 2069
1836 1863
1693 3306
1447 3172
1746 1710
1561 2656
1506 2594
1779 2420
1597 2581
1734 1619
1755 1873
1746 1908
1768 3121
1820 1585
1743 2560
1593 2251
1739 1673
1571 2401
1758 3218
1682 1951
1665 3263
1780 1563
1943 2546
1807 1696
1542 2290
1515 2988
1279 3202
1710 2977
1728 3082
1788 1933
1704 2749
1596 2313
1696 1610
1692 2983
1672 2926
1719 2747
1572 3029
1684 1958
1725 2468
1745 2736
1793 1824
1552 2137
1771 2432
1652 2701
1771 3272
1646 2759
1563 2215
1746 1654
1821 2676
1588 1935
1557 2478
1639 2969
1444 3564
1665 2101
1867 3196
1609 2068
1752 3072
1568 1937
1775 3124
1444 3135
1558 2231
1620 2898
1799 1849
1740 1880
1513 2112
1778 3126
1761 3305
1730 2593
1541 2372
1632 2844
1717 3234
1579 2196
1548 2197
1778 3163
1605 2396
1617 3070
1430 3113
1654 3256
1653 3248
1635 2931
1614 2584
1915 3176
1769 1901
1671 3106
1441 3165
1830 1834
1731 2474
1566 2089
1524 2005
1675 1630
1406 2583
1620 2436
1859 3221
1582 1955
1654 2438
1449 3139
1425 3113
1683 2336
1476 3106
1792 1752
1562 3056
1599 2914
1895 3185
1607 2588
1494 1954
1590 2484
1517 2177
1884 2560
1678 2977
1539 2333
1661 2726
1705 3274
1686 2351
1762 3301
1783 3127
1675 2935
1955 2589
1543 2093
1580 2289
1690 3229
1588 2026
1512 1984
1512 3077
1712 2716
1900 2537
1667 3211
1676 2991
1888 2591
1770 1722
1578 2116
1552 2221
1580 3062
1779 2430
1508 3063
1733 1579
1524 2984
1576 2651
1860 3196
1750 1611
1552 2008
1720 3053
1665 2710
1450 3110
1478 2526
1528 3154
1450 3558
1480 2111
1499 2582
1715 2641
1702 3299
1751 2755
1483 2131
1569 2906
1736 2573
1655 2822
1744 1935
1781 1603
1874 3194
1906 3173
1522 2017
1591 1955
1579 1920
1556 2665
1556 2871
1625 2878
1589 2458
1595 2861
1529 2982
1696 1937
1434 3579
1629 2566
1748 2476
1597 2096
1459 3649
1576 3017
1561 2661
1748 2670
1620 2110
1569 3063
1586 2479
1455 2108
1594 2548
1779 1589
1899 2641
1517 2982
1832 1767
1671 1918
1681 1908
1373 3237
1687 2417
1625 2334
1880 2670
1574 3047
1731 2686
1693 1602
1665 2491
1634 2128
1663 2990
1560 2477
1507 2553
1542 2340
1423 3509
1591 2008
1656 3255
1526 2006
1702 3326
1482 3124
1787 3201
1580 2388
1734 1588
1636 2896
1734 3353
1753 1927
1294 3221
1705 1598
1859 2562
1818 2599
1759 2493
1844 1766
1811 2598
1349 3076
1690 2515
1813 1818
1594 2652
1709 1902
1574 2285
1606 3076
1663 2690
1541 2001
1603 2648
1740 2600
1400 1936
1862 3162
1670 2896
1870 2606
1756 3069
1678 2413
1822 1756
1477 3175
1606 2522
1683 3255
1533 1896
1328 3517
1550 2193
1591 2462
1749 1676
1818 1753
1905 2586
1629 2864
1480 2503
1687 3074
1478 2576
1451 3576
1890 2567
1624 2426
1490 3656
1822 1763
1610 2608
1657 1899
1881 2657
1708 2749
1447 3096
1605 2492
1744 1718
1435 3552
1754 1680
1635 2480
1702 3039
1501 2188
1779 1919
1500 3056
1636 2119
1445 2548
1492 2207
683 2837
1500 2221
1535 2901
1568 2414
1769 2424
1666 3194
1856 3168
1489 2141
1877 3170
1455 3135
1360 3532
1655 1899
1644 2759
1727 3077
1788 2626
1760 2379
1590 2260
1906 2644
1631 2869
1671 2720
1536 2906
1729 2432
1571 3023
1487 2143
1759 2626
1532 2877
1640 1944
1663 2502
1822 2682
1556 3022
1781 1910
1725 2968
1850 3152
1388 3510
1668 2747
1575 2924
1730 3235
1594 2545
1729 2687
1585 2329
1453 2559
1570 3060
1401 3564
1617 2646
1445 2545
1521 3100
1491 3096
1768 3049
1493 3102
1795 1586
1523 3041
1437 3636
1572 2931
1548 2306
1820 1756
1735 2709
1613 2148
1762 1882
1796 1846
1779 3148
1892 3195
1485 2115
1687 3073
1662 2493
1704 3277
1516 3148
1525 2308
1720 2969
1514 3001
1608 2019
1507 2557
1654 3179
1714 1894
1474 2527
1697 3082
1554 2588
1547 2530
1878 2658
1677 1631
1632 1913
1496 2124
1629 2107
1757 3288
1616 2651
1740 1591
1784 3184
1454 3102
1765 3221
1740 2728
1792 1725
1647 2871
1564 2900
1490 2162
1479 2147
1730 2705
1494 3083
1810 2612
1793 1929
1645 2759
1469 3654
1544 2143
1732 2435
1563 2564
1370 3501
1746 3103
1783 1575
1569 2065
1385 3241
1793 3195
1906 2546
1667 1894
1573 2569
1656 2882
1665 2484
1511 2174
1643 3098
1756 2650
1594 1952
1667 1942
1821 1859
1675 1924
1428 3106
1706 1939
1838 3153
1573 3066
1462 3079
1573 2517
1687 3267
1775 1933
1638 2121
1518 3059
1481 3157
1857 3212
1499 2216
1773 2662
1625 2974
1624 2573
1465 2531
1552 2214
1722 1900
1593 2505
1580 2575
684 2833
1576 3015
1816 2605
1608 2120
1621 2565
1446 1918
1767 3276
1687 2350
1644 2754
1632 2773
1567 2413
1578 2406
1557 2236
1794 1782
1289 3223
1710 1616
1735 3229
1311 3260
1651 2910
1610 2071
1706 3299
1646 2757
1751 1605
1689 1600
1598 2290
1814 1816
1549 1886
1654 3182
1777 3159
1749 2628
1488 1940
1797 1849
1462 3172
1753 1939
1866 2572
1645 2835
1706 3213
1708 2971
1801 1851
1800 1692
1778 1866
1732 3097
1647 2429
1749 3256
1684 3059
1714 2982
1505 2979
1882 2651
1590 2515
1744 1719
1438 2406
1568 2363
1594 1989
1293 3215
1796 3120
1463 2117
1741 3333
1659 3004
1603 2556
1507 3044
1783 3168
1444 3652
1766 1717
1825 1851
1891 2657
1518 1985
1448 3215
1437 2557
1954 2551
1892 2642
1763 3227
1650 2980
1599 2981
1647 3068
1704 2738
1578 1988
1423 3505
1787 3317
1419 1958
1517 2972
1728 3064
1601 2446
1575 3016
1743 1717
1378 3242
1757 2629
1429 2572
1748 1936
1430 1943
1543 2337
1568 1885
1410 3159
1569 1980
1659 2111
1513 2512
1542 2142
1771 1940
1703 2952
1670 2906
1775 3263
1731 2509
1406 2580
1764 3117
1661 2903
1571 2202
1785 1758
1579 2255
1474 2574
1834 2664
1416 3155
1626 2646
1766 2406
1753 2589
1663 2903
1683 3055
1360 3296
1486 3127
1357 3286
1495 2163
1769 1942
1524 2018
1758 1872
1575 2964
1291 3222
1703 2619
1634 2748
1799 1750
1677 1920
1516 3147
1828 3154
1660 1940
1333 3250
1738 3077
1792 3240
1519 2529
1540 2311
1506 2164
1731 2944
1652 2976
1772 3312
1894 2531
1776 3272
1700 1916
1751 3336
1974 2600
1580 1891
1599 2508
1744 3229
1600 2278
1762 3044
1669 3108
1526 3137
1713 2969
1685 2984
1442 3594
1373 3526
1636 2828
1544 1910
1483 3658
1376 3542
1743 3217
1436 2562
1737 2671
1672 1621
1431 3170
1896 2530
1758 3108
1759 2491
1907 2644
1440 2406
1650 2671
1511 2569
1608 2775
1655 2754
1702 3034
1429 3159
1621 2165
1575 2650
1616 2423
1646 2330
1809 1693
1750 2424
1381 3081
1857 3209
1638 2110
1748 3255
1604 2581
1525 2878
1683 2510
1780 3132
1706 1908
1534 2299
1765 3274
1433 1942
1394 3524
1818 1879
1619 2586
1652 2868
1871 2611
1762 2383
1669 2809
1780 3129
1849 2627
1686 2950
1764 2407
1753 3265
1718 2450
1620 2428
1414 3497
1411 1915
1540 3086
1580 2075
1578 2186
1585 3004
1873 3196
1547 2140
1791 1729
1601 2072
1378 3502
1723 1575
1430 3555
1797 1811
1800 1787
1609 2594
1745 1663
1440 3601
1645 1912
1543 3095
1647 2923
1687 2415
1488 3129
1705 1599
1674 1627
1564 2674
1646 2942
1581 2518
1796 1836
1436 2564
1713 2628
1435 3096
1746 1880
1596 1967
1790 1567
1665 2735
1533 2006
1653 2712
1816 1827
1722 3074
1827 2670
1947 2594
1795 1564
1722 2972
1706 1893
1577 2407
1750 3280
1602 2491
1682 3204
1557 2552
1875 3200
1349 3547
1751 2559
1697 3095
1532 3101
1453 3214
1486 2112
1479 3132
1602 2977
1514 2527
1863 3218
1454 2114
1716 2434
1591 2649
1747 1973
1810 1588
1535 3095
1592 1989
1448 1914
1574 2450
1485 2108
1816 1821
1564 1896
1709 2993
1420 3085
1665 2811
1815 1598
1664 2431
1890 2593
1707 3337
1651 2759
1495 2143
1754 2565
1873 2659
1505 2540
1553 3100
1331 3513
1667 2501
1687 1960
1963 2582
1692 3285
1438 3608
1801 1754
1686 3098
1618 2824
1443 1967
1633 2861
1704 2437
955 3033
1779 3321
1589 2329
1581 3039
1933 2560
1914 2546
1852 2636
1617 2524
1733 2421
1770 2491
1531 2611
1409 1896
1768 1608
1469 3158
1543 2118
1537 1930
1525 2143
1481 2132
1805 1753
1729 2677
1878 2665
1617 2924
1742 2738
1527 3134
1534 1891
1817 2681
1827 1826
1748 3091
1871 2655
1623 2659
1624 3064
1480 3652
1556 1891
1594 2251
1708 3233
1508 2597
1683 2972
1561 3020
1770 1591
1603 2307
1591 1973
1770 1948
1592 2668
1673 3214
1672 3009
1865 2608
1671 1628
1574 2112
1659 2951
1586 2914
1671 2168
1675 2511
1604 2053
1564 1897
1836 1766
1619 3072
1716 2627
1600 1939
1697 3230
1752 3084
1429 1936
1629 2867
1383 3546
1664 2883
1438 3211
1582 2260
1769 1597
1724 3323
1751 1934
1800 1782
1584 2261
1761 1738
1530 1988
1614 1926
1618 2895
1701 3296
1595 2977
1799 1879
1790 1916
1300 3244
1603 2980
1793 1721
1444 3561
1621 2523
1373 3079
1648 2362
1682 2413
1426 2596
1663 2700
1472 2519
1679 3058
1636 2886
1702 2763
1497 3056
1319 3267
1893 2575
1574 1922
1757 2413
1758 3305
1849 3153
1505 2186
1551 2006
1632 2752
1580 2969
1412 2572
1646 2767
1678 2980
1741 1876
1519 2979
1757 3111
1649 2924
1500 2586
1853 2634
1450 3168
1715 2940
1631 2672
1885 2548
1415 1903
1797 1797
1656 3115
1490 2110
1598 2565
1756 1914
1531 2304
1329 3514
1710 2969
1598 1953
1792 1915
1868 2643
1597 1924
1646 2963
1763 3058
1742 2482
1635 2761
1344 3247
1412 3156
1521 3104
1598 3067
1534 2216
1571 2907
1674 1612
1600 2017
1494 3139
1579 2059
1546 2554
1521 3083
1745 2634
1421 3636
1474 3107
1913 2560
1825 1758
1727 2681
1537 2213
1538 1944
1609 1913
1758 2390
1475 1922
1510 2173
1597 2330
1787 2607
1786 1599
1765 3219
1415 3500
1597 2916
1448 1971
1646 2998
1614 2442
1604 2164
1672 2525
1571 2671
1500 2197
1721 3065
1473 3084
1693 3309
1783 3190
1769 3122
1566 2955
1525 3062
1414 1905
1455 1978
1548 2378
1566 2329
1680 2977
1550 1919
1953 2591
1650 2981
1514 2586
1682 3066
1597 2545
1736 1891
1432 3071
1669 3186
1457 3152
1592 2554
1419 3223
1796 1751
1433 1934
1754 1607
1439 3183
1711 3233
1668 2966
1460 3128
1773 1567
1668 1901
1587 2491
1452 3215
1755 1974
1963 2602
1662 1935
1402 3554
1613 2391
1619 2648
1715 1933
1627 2473
1863 3216
1649 2719
1510 2512
1444 1932
1779 1727
1464 3139
1661 2703
1705 3072
1675 1931
1652 1954
1590 2966
1660 2507
1565 2213
1721 3049
1707 3206
1654 2760
1534 2298
1530 2876
1387 3079
1432 1942
1477 2113
1650 2876
1431 3628
1430 3643
1764 3086
1650 3251
1640 2968
1581 3042
1661 2993
1597 2981
1463 2561
1860 2598
1775 1562
1503 2967
1821 1868
1718 2634
1749 1604
1725 1887
1731 2573
1766 1900
1833 2637
1839 1866
1608 2914
1782 3183
1747 3340
1583 3006
1710 3050
1866 2655
1529 2626
1758 1904
1686 2946
1812 1751
1760 1607
1651 1952
1413 3157
1663 2951
1697 3192
1588 2392
1434 3208
1442 1935
1559 2247
1857 2597
1661 2345
1749 3312
1423 3126
1747 3229
1659 3263
682 2836
1844 2665
1365 3509
1670 2931
1650 2798
1772 3255
1741 2559
1507 3145
1747 3098
1782 3163
1782 3165
1770 3268
1748 2556
1658 2489
1759 2486
1493 2124
1800 1706
1808 1683
1867 2659
1291 3241
1729 2681
1600 2496
1665 3192
1434 3631
1546 2080
1553 3099
1724 1616
1504 2545
1614 2105
1490 2136
1771 3048
1543 2322
1639 2819
1544 2505
1530 2202
1765 3231
1705 3310
1967 2577
1713 1569
1724 2964
1586 1882
1609 3077
1584 1963
1691 3228
1624 2118
1556 1914
1545 2554
1602 2446
1633 2751
1905 3199
1705 2435
1659 2096
1771 1934
1428 2408
1451 3168
1732 2709
1742 2484
1595 1884
1559 2893
1852 3164
1820 2664
1426 3575
1518 1983
1621 2442
1769 1759
1645 1910
1875 2645
1647 2841
1791 1567
1962 2605
1482 2171
1564 3027
1587 1893
1865 2654
1740 2558
1498 2384
1706 2715
1761 1878
1592 2658
1437 1960
1778 2631
1640 3249
1601 2528
1545 2081
1664 2919
1498 2092
1645 2757
1668 2430
1551 2576
1374 1934
1420 1960
1597 1913
1605 2164
1339 3512
1599 2291
1596 2574
1601 2658
1539 3098
1463 3273
1803 1853
1555 2213
1575 3064
1436 1956
1711 2629
1662 3028
1686 2718
1886 2563
1556 2076
1776 2634
1676 3199
1525 3044
1669 1941
1829 2637
1744 3214
1795 1708
1327 3271
1504 2562
1720 1910
1758 1700
1752 3292
1814 1853
1679 3060
1893 2578
1623 2819
1420 3507
1573 2375
1912 3175
1753 3322
1719 2470
1765 2406
1505 3081
1570 2987
1722 2962
1394 3561
1615 2650
1699 1933
1512 2179
1527 2124
1678 2988
1814 1882
1764 2491
1568 2086
1720 1943
1549 1942
1791 1790
1468 3166
1578 2936
1575 2195
1644 2890
1954 2589
1556 2891
1460 2109
1409 1910
1493 3152
1431 2596
1885 2537
1782 1752
1623 2167
1610 2542
1600 2988
1482 3099
1600 1948
1552 3092
1629 2570
1699 2418
1605 2309
1302 3223
1652 2438
1606 2165
1706 3192
1552 2955
1388 3505
1592 2455
1598 1989
1605 2645
1572 2248
1635 2844
1675 3091
1712 1910
1604 1921
1514 2551
1773 3241
1522 2967
1683 3207
1569 3024
1714 2447
1805 1768
1711 1903
1744 1649
1795 2613
1611 2121
1506 2593
1669 2916
1461 3103
1736 1640
1778 1916
1331 3522
1398 1928
1490 2167
1642 1898
1624 2453
1750 1875
1313 3261
1570 1918
1181 3550
1545 2095
1764 3084
1603 2566
1546 1932
1530 2985
1793 1602
1414 3160
1716 3060
1752 1612
1914 2543
1583 2485
1795 1867
1582 1924
1576 2981
1774 3230
1579 2414
1871 2573
1650 3089
1750 1700
1438 2404
1444 3600
1571 2025
1629 2752
1703 3229
1554 2524
1573 2581
1430 1898
1852 3166
1420 1931
1749 2548
1436 1954
1706 3207
1849 2658
1661 3275
1613 2394
1668 3211
1697 3074
1526 3085
1524 2202
1379 1905
1658 3264
1628 2859
1529 2902
1509 3060
1471 2114
1829 1866
1419 2582
1783 3237
1701 2747
1430 2596
1586 3059
1643 2973
1678 2989
1752 2478
1756 3231
1396 3633
1598 2546
1312 3272
1473 1928
1341 3257
1546 1901
1568 1892
1628 2487
1621 2152
1761 1877
1535 1931
1597 1926
1564 2557
1560 2342
1662 2758
1573 1878
1722 2945
1666 1918
1592 2877
1389 3501
1458 3099
1509 3082
1518 3081
1676 2338
1652 2481
1478 3098
1803 2606
1569 2414
1454 3262
1666 3026
1444 3571
1433 1956
1688 2327
1810 1784
1325 3530
1774 2402
1859 2656
1772 2388
1599 2568
1567 3059
1609 2573
1445 1920
1437 3130
1792 3207
1527 2003
1648 2671
1693 3073
1777 1728
1959 2604
1579 2450
1566 2069
1602 2172
1733 2691
1469 3137
1683 1950
1442 3179
1524 3146
1814 3151
1361 3499
1416 3076
1336 3249
1655 2813
1562 2579
1861 2597
1778 1738
1645 2108
1721 1901
1787 3239
1424 1936
1390 3496
1435 1953
1505 3068
1955 2586
1485 3120
1600 2066
1426 3624
1683 1946
1370 3545
1829 1762
1769 1595
1466 3655
1664 3088
1746 3269
1657 2428
1858 2654
1807 1777
1686 3268
1576 2583
1475 2154
1708 3310
1780 1569
1651 1953
1485 1932
1853 3214
1584 2326
1672 2422
1600 2989
1490 2109
1327 3272
1585 1938
1649 1927
1898 2573
1613 2127
1668 3267
1663 2922
1743 1669
1704 3283
1484 2168
1919 2590
1487 2159
1361 3500
1599 2490
1764 1712
1745 1655
1429 3165
1565 2524
1935 2559
1761 2383
1628 2439
1602 2767
1566 2131
1563 2467
1710 3058
1474 3122
1548 2509
1505 2094
1867 2644
1620 2115
1736 1610
1828 1856
1773 2392
1745 1875
1626 2674
1750 1874
1396 3506
1712 2968
1773 1589
1486 2094
1693 2716
1783 3315
1346 3549
1529 2615
1680 1916
1778 3140
1699 3232
1630 2674
1591 2517
1578 1974
1760 3300
1608 2395
1394 3565
1561 2523
1856 1759
1732 2523
1398 3551
1675 1620
1520 3081
1500 2557
1396 1914
1407 3504
1396 3557
1748 3313
1520 3040
1796 3122
1656 2092
1587 2652
1640 3256
1772 1705
1753 2482
1656 2797
1595 2014
1694 2978
1751 3340
1524 3141
1686 3052
1717 1640
1435 3161
1674 1631
1887 3170
1653 1954
1636 2331
1632 2762
1541 3098
1742 1667
1397 3546
1543 2307
1542 3086
1605 2674
1568 2569
1459 3155
1277 3198
1767 3067
1658 2339
1550 2362
1403 3088
1902 2589
1693 3308
1719 1941
1658 2951
1565 2575
1481 3150
1757 2428
1736 1641
1581 1985
1594 2013
1589 1932
1513 1982
1803 1811
1597 2069
1768 2638
1628 2447
1584 3000
1791 3119
1479 2579
1602 2768
1640 3267
1554 2879
1664 2900
1761 1711
1646 2682
1440 3125
1719 2745
1646 2821
1625 1915
1851 3166
1442 1932
1740 3233
1695 2939
1637 1933
1581 2107
1641 2939
1798 1701
1663 1946
1581 3034
1561 2092
1776 1866
1770 1606
1771 1723
1695 1937
1778 3241
1705 3299
1632 2333
1658 3031
1601 2083
1728 2672
1708 1584
1588 2910
1437 1955
1669 3109
1432 1948
1483 3149
1743 1898
1459 2108
1739 1577
1538 3097
1852 2606
1908 2585
1696 2500
1531 2899
1754 1872
1787 1737
1482 2172
1568 2248
1728 1886
1667 2806
1806 2619
1745 2592
1663 2923
1789 3213
1752 1967
1782 3158
1590 3073
1724 1650
1714 3197
1559 2570
1842 1866
1659 2957
1449 3554
1706 3193
1666 2935
1575 2370
1755 2640
1508 3040
1474 2111
1491 3138
1793 1566
1577 2524
1547 2321
1736 2745
1812 1831
1580 2070
1579 2383
1761 3115
1803 3189
1657 2111
1539 2342
1448 3149
1688 3263
1753 1695
1561 2556
1385 3076
1674 2166
1663 2708
1612 2313
1393 3517
1942 2560
1576 2325
1560 2007
1582 2573
1642 1943
1597 2165
1480 2156
1444 2552
1818 2693
1441 3129
1710 2960
1302 3245
1584 1994
1691 2946
1968 2588
1572 2288
1743 3248
1884 2573
1773 1931
1645 2950
1560 2132
1667 3186
1583 1952
1502 3081
1335 3267
1550 3093
1562 2962
1405 1962
1686 2509
1502 2549
1659 1894
1711 1612
1629 2860
1538 1908
1387 3495
1408 1963
1542 2339
1684 1952
1582 2324
1664 1901
1547 2208
1593 1962
1737 1675
1480 2151
1749 1904
1788 2634
1590 2458
1518 2195
1666 3017
1500 3158
1519 2978
1891 3192
1712 2619
1751 2542
1560 3077
1551 2871
1589 2509
1590 2873
1594 2651
1431 3092
1433 2399
1454 3543
1542 3036
1291 3243
1733 3330
1612 2350
1657 3180
1483 3137
1539 1986
1684 3202
1604 2122
1558 2003
1654 2169
1794 2616
1911 2585
1634 2763
1445 3159
1279 3206
1682 1952
1707 1919
1536 3039
1613 2113
1583 1960
1830 1858
1845 3170
1536 2210
1726 3094
1592 1973
1687 3094
1759 2410
1707 2630
1546 2309
1807 1594
1559 2555
1621 2077
1543 2220
1618 2913
1693 2502
1574 2372
1609 2142
1743 2430
1717 3213
1891 3167
1798 1768
1451 3083
1898 2641
1578 2398
1505 1968
1830 2635
1593 2868
1754 3327
1542 2286
1562 2342
1543 2311
1790 3216
1746 1712
1748 2562
1438 3549
1542 2212
1480 3118
1663 1896
1788 2620
1711 2622
1569 2080
1773 1862
1641 2811
1361 3084
1569 2961
1586 2399
1889 3189
1688 3274
1779 1920
1455 2117
1627 2047
1525 3140
1696 2417
1871 2555
1699 1904
1700 2975
1662 2734
1554 1937
1514 2528
1897 2569
1744 3228
1645 2795
1795 1771
1612 2612
1294 3234
1553 2540
1808 1784
1466 2556
1419 3159
1782 1564
1782 2433
1660 3110
1441 1967
1843 3156
1740 2718
1692 2982
1740 1877
1760 1742
1650 2770
1594 2498
1815 2608
1417 3155
1860 2650
1451 3081
1719 2744
1560 1936
1663 2172
1438 3149
1598 1968
1626 2119
1422 1961
1415 3154
1446 3605
1764 1739
1591 2503
1645 2870
1484 2162
1567 2665
1475 2525
1685 2990
1426 2586
1458 3267
1498 2574
1602 2265
1574 2955
1810 2610
1566 2954
1709 2976
1738 1635
1393 1911
1738 2699
1601 2500
1577 1980
1631 2136
1783 2389
1513 3154
1831 1838
1585 2106
1699 3073
1659 2981
1913 3176
1523 2876
1746 1873
1503 3076
1292 3222
1743 1667
1815 1759
1577 2563
1699 2952
1724 2436
1494 3087
1401 3568
1738 2488
1436 3205
1437 3589
1720 2658
1602 3074
1575 2908
1630 3051
1754 1683
1507 2571
1556 2539
1860 3200
1432 3643
1788 1794
1755 2565
1520 3038
1771 1600
1575 2445
1787 1870
1522 2309
1514 3065
1814 1818
1662 2338
1539 1913
1648 2502
1590 2055
1725 1582
1758 2634
1715 1891
1956 2550
1946 2593
1579 2879
1497 3058
1465 2564
1629 2488
1581 2258
1810 1600
1617 2619
1611 2531
1705 3311
1578 3057
1770 2394
1753 1686
1590 2973
1569 2455
1529 3041
1789 1739
1635 2522
1793 3177
1790 1851
1634 2478
1583 2051
1395 3555
1566 2081
1348 3541
1645 3068
1711 3325
1470 2567
1842 2673
1587 2912
1530 2966
1748 3323
1584 2393
1727 1662
1644 2824
1771 1590
1535 2322
1689 3053
1557 2588
1701 2331
1625 2589
1482 3134
1811 1688
1594 1881
1624 2435
1566 1915
1609 2447
1624 2870
1665 1914
1594 2392
1650 2847
1813 2602
1656 2786
1528 2619
1546 2140
1522 2118
1775 1740
1605 2014
1673 1937
1480 3157
1641 3076
1772 1900
1538 3098
1429 3073
1674 3215
1779 1905
1575 2497
1443 3173
1567 2335
1737 1635
1544 2121
1550 1918
1682 3044
1329 3253
1677 2517
1553 2885
1623 2666
1435 2555
1483 1958
1701 3205
1484 1958
1647 1954
1710 2975
1613 2652
1889 3191
1767 1704
1353 3526
1736 1637
1703 3222
1558 2878
1837 2670
1516 3146
1831 1757
1577 2565
1509 1986
1738 2422
1566 2903
1571 2375
1670 2426
1739 2491
1612 1922
1404 3094
1739 1657
1613 2897
1775 3232
1887 3187
1732 2673
1573 2101
1590 2391
1567 2089
1478 2140
1685 2886
1673 1617
1766 1603
1652 2910
1652 2717
1501 2095
1481 3117
1737 2967
679 2831
1559 2559
1627 2052
1942 2558
1667 3184
1534 2292
1885 3188
1633 1913
1923 2559
1736 1609
1593 2639
1490 2132
1874 3192
1770 2426
1438 3565
1554 2077
1766 3268
1601 1949
1652 2775
1395 1901
1505 2565
1850 3164
1478 2109
1700 1938
1556 2150
1689 2342
1438 2603
1423 3551
1569 2013
1211 3587
1334 3259
1750 1685
1540 3098
1850 2602
1580 2481
1582 2327
1594 2452
1433 3259
1538 1888
1790 3203
1891 3188
1558 2083
1366 3535
1547 2195
1680 1923
1608 2673
1972 2603
1579 2070
1514 2547
1573 2922
1649 2331
1765 2431
1756 2408
1978 2592
1588 2502
1516 2973
1893 2587
1514 1979
1658 1926
1649 2985
1429 3643
1594 1947
1653 1920
1637 3079
1663 2904
1619 2151
1732 2423
1496 1955
1497 1965
1601 2499
1557 2565
1668 2522
1731 1735
1627 2853
1634 1939
1754 3232
1433 3644
1434 2555
1544 2145
1654 1896
1578 2322
1612 2285
1433 1896
1602 2548
1623 2472
1629 3053
1577 2399
1665 2991
1763 1605
1648 2341
1596 2910
1564 3070
1655 3082
1434 3632
1570 2334
1484 3644
1806 3201
1493 3065
1661 2995
1715 1959
1625 2527
1540 1889
1371 3502
1511 1969
1539 2312
1466 3145
1588 2294
1610 2119
1496 2165
1634 2903
1684 1600
1409 1957
1568 2453
1891 2539
1548 3038
1754 2756
1651 2442
1787 1560
1525 3092
1546 2095
1402 1927
1414 3156
1785 1734
1752 3107
1745 3340
1727 2711
1727 3241
1602 2015
1464 2562
1776 1880
1762 3245
1650 2775
1573 2452
1353 3527
1793 1930
1710 3231
1703 3299
1453 3574
1467 2554
1523 2137
1615 2770
1786 2633
1642 2146
1477 2526
1745 3335
1672 3007
1603 2264
1826 1826
1572 2680
1666 1903
1616 2658
1734 1707
1575 2186
1965 2604
1749 3103
1870 2609
1353 3075
1796 1792
1598 3073
1686 2332
1312 3259
1533 3038
1952 2581
1793 1772
1595 2987
1692 2331
1590 2117
1364 3533
1506 3148
1708 2626
1763 1607
1824 1763
1654 3082
1450 3134
1907 3158
1439 3215
1656 2828
1479 2152
1739 1593
1625 3063
1548 1913
1690 3085
1504 2537
1552 2138
1703 2714
1684 2976
1653 2787
1462 3176
1753 3170
1737 2413
1594 2672
1563 2650
1788 2623
1773 1594
1742 3325
1689 2973
1885 3201
1700 3208
1870 2571
1339 3263
1799 1857
1777 1542
1883 2592
1657 2825
1597 2055
1430 3577
1893 2545
1615 2613
1650 3076
1404 3085
1965 2588
1512 2585
1573 2638
1542 1930
1881 2644
1763 2668
1820 3158
1475 3178
1575 2937
1619 2900
1973 2593
1658 2884
1581 2261
1714 2438
1424 2566
1764 2406
1522 2303
1628 2772
1505 1969
1760 2498
1353 3290
1895 3198
1632 2755
1688 3085
1597 1983
1964 2590
1324 3272
1630 3054
1740 3348
1706 2760
1621 1914
1575 2318
1595 1882
1546 2320
1826 1854
1765 2415
1496 2129
1713 2978
1676 3275
1669 3000
1778 1727
1744 1969
1496 2132
1734 2434
1371 3542
1630 1905
1436 1955
1579 3055
1569 2454
1583 1988
1521 3108
1471 2517
1573 2571
1663 1612
1608 2052
1760 2643
1794 3214
1613 2908
1653 2832
1763 2407
1746 1868
1537 1889
1596 2331
1565 2457
1558 2586
1679 1907
1802 1790
1970 2597
1440 3570
1711 3063
1757 3209
1740 2669
1592 2641
1581 3063
1765 3124
1653 3267
1785 3144
1747 1713
1662 2714
1499 2095
1810 1762
1823 3167
1871 2650
1680 1913
1424 3629
1666 2890
1475 2516
1553 1917
1762 3260
1428 3105
1904 3169
1775 3318
1592 2456
1772 1875
1599 2075
1616 2666
1431 1938
1558 2453
1825 1854
1613 2528
1897 2548
1814 1864
1541 2380
1783 1564
1755 1911
1706 3288
1867 2645
1649 2476
1775 2421
1566 1896
1834 3155
1625 2671
1444 3175
1966 2600
1605 2075
1904 2585
1650 2702
1725 2469
1616 2772
1546 2227
1725 1637
1871 2571
1682 3067
1762 1707
1636 2816
1734 2752
1492 2143
1525 2140
1685 1958
1575 2190
1580 2877
1448 3606
1882 2653
1610 2085
1488 1956
1556 1887
1559 2353
1491 3153
1590 2101
1714 2632
1504 2580
1781 1564
1462 3588
1578 2095
1658 2722
1543 2284
1638 3074
1503 2535
1777 1935
1610 2142
1896 3166
1779 1906
1383 3500
1595 1968
1676 3109
1717 3065
1798 1706
1484 3154
1772 1553
1572 2967
1755 1692
1854 1783
1760 3266
1588 2072
1885 2531
1654 2147
1757 2491
1748 3316
1556 2248
1581 3025
1782 1587
1814 1823
1629 2743
1829 1853
1752 1873
1415 2578
1676 3192
1394 3536
1787 3123
1348 3281
1718 1900
1761 3048
1772 1740
1442 3208
1620 2331
1410 3493
1532 2209
1532 2323
1569 1988
1775 3159
1775 2653
1410 3495
1428 1942
1606 2443
1339 3506
1391 3501
1756 3232
1857 2607
1460 3140
1664 2987
1692 3198
1765 3312
1459 3096
1917 2582
1807 1851
1807 2612
1742 2639
1724 1886
1705 1908
1660 2693
1405 3557
1515 2983
1612 2548
1730 2475
1561 1920
1715 2642
1713 1972
1603 2496
1583 2481
1896 2574
1770 1589
1653 2681
1603 3070
1700 3318
1463 2541
1471 1923
1444 1969
1547 3042
1354 3290
1710 2608
1696 3090
1513 2174
1526 3133
688 2837
1772 1588
1478 3099
1709 2446
1626 2677
1654 2727
1695 3305
1784 3237
1492 2590
1670 3009
1445 3075
1705 3044
1599 2862
1716 1893
1494 3063
1611 2610
1653 2106
1689 2711
1324 3279
1419 3158
1682 3099
1372 3531
1757 3181
1417 3081
1403 2449
1768 3268
1466 3173
1519 2515
1575 2319
1408 1948
1820 2692
1594 2659
1633 2137
1524 3156
1585 2942
1561 2555
1528 2303
1555 2328
1973 2592
1880 2570
1702 1907
1538 2877
1806 1590
1554 2084
1545 1923
1399 1919
1570 2014
1467 3146
1789 3164
1726 1643
1457 3083
1544 2284
1672 1943
1583 1957
1639 2965
1705 1892
1704 3073
1670 1616
1726 2522
1593 1965
1616 2650
1736 3094
1580 2046
1524 2964
1747 2475
1656 1895
1553 2146
1708 2976
1614 2160
1798 3170
1656 2689
1600 2089
1673 2516
1650 2449
1640 2974
1558 2890
1639 2548
1475 1937
1863 3220
1627 2873
1499 2214
1532 2321
1444 3673
1456 3106
1572 1883
1605 2921
1500 2174
1469 2118
1509 2106
1710 2612
1581 1978
1945 2584
1572 1918
1642 2793
1491 2119
1631 2130
1919 2581
1962 2609
1783 3170
1757 3067
1537 2877
1408 3557
1826 1858
1722 1661
1513 2585
1466 3657
1741 1578
1465 3099
1576 2428
490 3377
1766 1869
1938 2560
1620 2564
1745 3103
1571 2079
1606 2081
1580 3045
1538 1942
1511 3084
1588 2070
1534 3098
1704 3037
1761 1868
944 3029
1820 1748
1803 1785
1773 1596
1332 3258
1576 2454
1702 1601
1752 3255
1610 2353
1905 2641
1746 3252
1485 2599
1422 3636
1593 2245
1815 1883
1532 2208
1858 2622
1415 1917
1692 3229
1869 3166
1751 3107
1861 2654
1811 1822
1790 3239
1793 3118
1569 2952
1621 2450
1571 2013
1662 2935
1700 1590
1555 2565
1560 2085
1603 2768
1545 2115
1431 3245
1646 2755
1444 3603
1459 2525
1484 2590
1510 2098
1557 2131
1779 1909
1742 1645
1559 2245
1542 1937
1634 2476
1576 2498
1534 2119
1648 2688
1762 3083
1442 3190
1782 3147
1562 2453
1631 3063
1682 2946
1610 2495
1586 2935
1724 2473
1761 3099
1791 1586
1654 2816
1656 2435
1464 1941
1911 2582
1553 2116
1432 2599
1682 3059
1586 1909
1321 3262
1596 2277
1539 1891
1569 2343
1447 3205
1770 1540
1669 3188
1427 1930
1405 1914
1645 2954
1630 2903
1769 1606
1902 2535
1435 2397
1669 3107
1778 1796
1616 3070
1750 3231
1749 3269
1699 3074
1530 3103
1746 1932
1483 3152
1632 2486
1603 2876
1403 3092
1498 2122
1600 1879
1619 2438
1467 3590
1896 2567
1615 2148
1603 2919
1421 2586
1512 2150
1555 2878
1831 1858
1462 2537
1669 3099
1457 3155
1802 1781
1467 3084
1725 2513
1650 2439
1811 1819
1884 2561
1608 1912
1575 2198
1543 2381
1803 1683
1689 3285
1794 1710
1863 3166
1608 2079
1598 1922
1457 3105
1575 2925
1802 1686
1901 2637
1544 1902
1702 1900
1437 3550
1794 1785
1656 2957
1624 2824
1720 3236
1705 2607
1385 3539
1748 1888
1547 2552
1605 2646
1755 1912
1746 3268
1720 1882
1751 1911
1737 2495
1580 2450
1664 2518
1735 2601
1662 2502
1744 3255
1510 2564
1683 2414
1609 2449
1601 2529
1600 2055
1748 3086
1746 3313
1429 3555
1732 2974
1581 2477
1630 2618
1678 3275
1569 2891
1594 1941
1372 3230
1757 3252
1704 1656
1729 2694
1579 2402
1565 2961
1747 2632
1516 2584
1779 2655
1569 2649
1658 2913
1540 1932
1728 1638
1598 2911
1585 1907
1796 1724
1753 1708
1885 3194
1652 2363
1599 2264
1483 2598
1433 2590
1559 2583
1638 1897
1720 2426
1678 1926
1775 1945
1597 2558
1785 1605
1511 2544
1753 3269
1438 3140
1805 1693
1792 1826
1382 3543
1724 2477
1667 2814
1579 2191
1614 2299
1788 1603
1684 1602
1597 1923
1626 2429
1287 3225
1684 3094
1718 3207
1716 2468
1613 2086
1565 1996
1391 3499
1786 1586
1550 1920
1542 3083
1670 2995
1637 2983
1820 2682
1657 2343
1588 2054
1703 1613
1613 2285
1815 2597
1592 2982
1663 2730
1611 2548
1558 2876
1730 3089
1551 2140
1613 2350
1808 1767
1673 2427
1912 2582
1545 2963
1753 3268
1770 2636
1672 1936
1641 1941
1815 1827
1792 1775
1614 2315
1637 2887
1453 3612
1799 1852
1631 2527
1958 2579
1531 2120
1478 3112
1621 2918
1801 1703
1431 1941
1648 2759
1742 1610
1710 1619
1827 3157
1553 2088
1897 2528
1765 2414
1442 3591
1706 2752
1945 2572
1588 1973
1604 2078
1508 1965
1705 3069
1610 2128
1751 1874
1465 1936
1701 2978
1550 2110
1590 2461
1644 2758
1620 2453
1723 1886
1580 3038
1400 1931
1440 1977
1886 2544
1807 1826
1645 2721
1885 3186
1611 2529
1643 2489
1490 2593
490 3376
1639 2899
1477 3120
1695 3232
1625 2138
1299 3235
1436 2555
1446 3212
1673 3067
1302 3254
1698 3331
1557 2571
1736 2520
1540 2126
1437 3216
1559 2664
1748 3274
1484 3144
1688 2336
1558 2954
1405 1946
942 3645
1604 2565
1668 2714
1801 1598
953 3034
1632 2483
1435 3098
1650 2881
1738 2509
1604 2634
1652 2172
1663 2170
1432 1943
1688 1633
1566 2672
1624 2668
1753 2629
1640 3068
1410 3077
1396 1913
1598 2500
1458 2106
1981 2587
1418 3623
1350 3088
1611 1921
1552 2550
1554 1885
1567 2517
1665 2485
1535 2611
1721 2967
1458 3121
1515 1978
1611 2581
1794 1854
1670 3111
1560 2093
1522 2143
1610 2674
1451 3139
1686 2948
1617 2829
1759 3214
1758 2412
1764 1698
1727 3065
1720 3231
1648 1891
1696 3308
1753 2417
1882 2656
1540 1987
1863 2661
1622 2481
1780 1911
1784 1584
1677 2992
1876 2648
1505 2535
1750 2484
1678 2408
1624 2470
1642 2813
1702 2949
1540 2624
1677 3266
1526 2007
1507 2555
1615 2057
1616 2086
1517 2589
1773 2421
1344 3503
1508 2099
1410 3497
1465 3595
1476 2595
1843 3165
1779 1541
1576 3058
1474 3645
1754 1938
1542 2319
1734 1723
1779 1916
1554 2589
1584 2651
1399 1941
1674 1614
1576 2062
1790 1869
1652 2478
1859 2652
1630 1910
1393 1910
1292 3242
1862 2607
1454 3665
1428 3160
1683 1952
1730 3329
1771 1949
1485 3101
1817 1868
1714 3234
1678 2509
1336 3268
1668 2165
1596 1973
1661 2731
1862 1751
1555 2557
1571 2248
1733 2702
1530 2877
1855 2638
1743 2743
1679 2168
1791 1919
1582 2874
1715 3057
1643 3260
1547 2891
1730 3086
1657 3179
1574 2420
1671 2938
1609 1924
1554 2147
1563 1917
1664 1908
1505 3065
1555 3014
1647 2343
1735 1638
1302 3253
1355 3078
1602 2556
1790 2408
1862 2641
1401 3573
1722 1577
1618 2611
1577 3067
1713 1891
1816 2619
1747 3175
1643 1942
1426 3579
1622 2080
1753 3290
1887 3179
1684 2892
1781 3169
1506 2191
1802 1859
1911 2653
1704 3030
1581 2391
1701 3330
1547 2210
1508 1983
1621 2451
1754 1923
1669 3189
1684 3049
1712 1574
1768 2377
1330 3268
1714 1972
1584 2103
1751 2426
1736 1580
1717 3197
1476 2155
1421 3496
1658 2109
1946 2570
1637 1901
1207 3588
1477 3125
1436 3089
1729 1732
1661 2515
1602 2047
1706 3282
1722 3072
1737 2410
1647 3073
1588 2860
1384 1937
1401 1961
1413 1937
1767 1707
1529 2625
1353 3525
1573 2579
1724 3238
1429 3136
1870 2570
1753 1972
1573 2373
1545 2004
1666 3113
1578 2566
1549 2290
1667 3185
1769 2406
1348 3273
1374 3545
1452 3156
1695 2947
1772 1871
1588 2027
1833 1865
1466 2565
1443 1935
1706 2620
1641 1901
1497 1945
1412 1963
1784 1737
1616 2636
1718 3233
1418 2575
1739 1724
1590 2392
1828 1826
1630 1925
1706 2954
1738 3228
1465 3591
1426 3095
1590 2500
1790 1742
1393 3498
1708 1908
1585 1885
1467 1940
1479 3141
1624 2569
1718 2949
1783 2388
1677 3204
1736 2697
1485 3657
1487 2584
1796 1869
1527 3106
1803 1745
1587 2096
1391 3545
1613 2671
1538 2125
1801 1852
1661 2926
1710 1656
1755 1876
1924 3152
1602 1913
1647 2905
1429 3093
1601 2566
1672 1942
1504 2593
1595 2092
1597 2504
1575 2672
1580 2077
1735 1623
1724 1885
1707 3214
1558 2147
1635 3261
1626 2168
1732 2604
1803 1859
1552 1947
1643 2460
1945 2587
1856 1757
1558 2216
1378 3633
1623 2136
1620 2593
1763 1537
1778 1735
1647 2476
1806 1593
1796 1783
1431 3634
1596 2081
1901 2542
1667 2756
1681 2336
1646 2766
1860 2568
1537 2536
1618 2157
1680 2894
1532 2127
1524 1980
1558 2245
1474 3145
1471 2101
1668 2997
1583 2942
1306 3244
1578 2450
1436 1953
1768 3228
1748 2752
1703 3043
1668 2719
1657 3090
1759 3100
1954 2593
1463 2529
1767 2428
1599 1926
1565 3026
1875 3171
1533 2625
1665 1917
1438 3645
1583 2297
1391 3524
1607 2167
1567 2461
1878 3163
1611 2539
1676 1606
1769 1755
1663 1907
1701 2416
1644 3254
1792 2624
1708 1949
1511 2587
1735 1619
1617 2083
1700 2760
1460 2530
1817 2682
1665 3021
1884 3167
1529 2313
1440 3572
1627 2564
1668 2969
1803 1869
1657 3044
1568 2070
1537 2958
1907 2641
1763 3235
1882 2658
1677 3108
954 3036
1713 2967
1558 1937
1598 2275
1330 3258
1575 2923
1611 2398
1526 2205
1768 3060
1423 2572
1722 2587
1646 1945
1952 2592
1649 2694
1520 3035
1776 3160
1715 1926
1488 3142
1606 2585
1766 1590
1388 1944
1763 2486
1756 2633
1657 3040
1328 3535
1781 1927
1665 2709
1531 2312
1752 3339
1565 2585
1761 3302
1615 2589
1708 3329
1542 2118
1738 1895
1676 3062
1576 2909
1530 2320
1554 3084
1553 2574
1755 1976
1655 1939
1845 1864
1620 2658
1623 1907
1616 2611
1768 1542
1474 2122
1755 2487
1671 2930
1706 3283
1575 2253
1711 1643
1868 2646
1717 1655
1711 2438
1741 1581
1800 1877
1448 2549
1737 2478
1801 1829
1496 2203
1626 2636
1666 2735
1721 1881
1361 3087
1809 3155
1522 2598
1633 1897
1622 2138
1646 2458
1733 2490
1630 1897
1543 2099
1626 2478
1689 1958
1653 2154
1269 3197
1620 2825
1777 1600
1567 3067
1665 3047
1559 2452
1665 2713
1619 2604
1723 3051
1668 2341
1463 3600
1630 1913
1631 1899
1627 2114
1324 3532
1743 2735
1406 2573
1755 2414
1800 1581
1702 3330
1897 2576
1539 1941
1512 2589
1374 3232
1691 2711
1757 1897
1421 3068
1584 1890
1750 2487
1950 2548
1644 2903
1526 2140
1614 2340
1562 2349
1507 2179
1640 2527
1533 1999
1793 3204
1866 1750
1620 2446
1648 2816
1952 2579
1670 1625
1449 3638
1687 3101
1584 2879
1514 2194
1884 2646
1671 3104
1673 1942
1790 2620
1407 2578
1543 2234
1818 1859
1721 2961
1665 1921
1775 3317
1594 2263
1874 2675
1531 2329
1457 3122
1894 3167
1600 2293
1448 1972
1607 2585
1481 1946
1468 2122
1768 2668
1625 2826
1535 1912
1578 2914
1484 1933
1645 1923
1393 3075
1492 2163
1775 1542
1807 1686
1783 1750
1586 2323
1564 2318
1439 3178
1574 2640
1622 2478
1308 3263
1764 1708
1755 2590
1641 2926
1482 2124
1795 1852
1808 1814
1807 1589
1564 1929
1737 1606
1529 2608
1699 1593
1468 1934
1717 1570
1696 3314
1594 1966
1741 3327
1651 2460
1725 1593
1866 2555
1742 3253
1667 2935
1580 2069
1434 3261
1765 2425
1624 2119
1566 2289
1888 2544
1466 2523
1876 2604
1721 2963
1461 1944
1790 1609
1808 1874
1565 1929
1623 2631
1628 2433
1808 3203
1779 2653
1356 3074
1727 1632
1859 2662
1517 2548
1722 3049
1836 1769
1435 2564
1653 1938
1671 1616
1477 3149
1965 2585
1944 2549
1715 1952
1296 3244
1459 1930
1527 3105
1762 1876
1608 2071
1746 1664
1799 1748
1594 2479
1791 1789
1746 3067
1610 2494
1893 2533
1679 1910
1577 1881
1690 1603
1780 2429
1438 3593
1363 3076
1797 1842
1682 3098
1734 2496
1880 2669
1651 2844
1647 2756
1569 2920
1703 2430
1905 3196
1671 3209
1830 1865
1417 3631
1637 1946
1707 1946
1581 3041
1600 2283
1544 2235
1695 3231
1686 2335
1418 3162
1753 1894
1624 2640
1490 2164
1538 2908
1710 1907
1573 2570
1608 3077
1326 3536
1783 2406
1643 2099
1739 2740
936 3030
1632 3258
1453 3267
1584 2461
1482 2147
1736 1639
1773 1871
1579 2029
1562 2676
1497 2098
1686 2988
1437 3219
1755 2628
1725 1910
1577 1984
1612 3074
1609 2774
1791 2400
1750 2639
1945 2583
1625 2577
1596 2397
1550 2087
1460 2120
1523 2609
1419 1960
1715 2955
1529 2532
1765 3270
1648 2676
1701 3326
1476 2505
1471 3086
1636 2763
1773 3318
1748 2766
1662 3185
1602 2049
1451 3665
1664 2936
1815 1747
1652 2371
1439 3167
1760 3265
1506 2190
1763 1730
1843 3161
1506 2541
1286 3212
1780 2419
1706 3216
1687 3092
1729 3095
1271 3201
1657 2441
1596 2013
1621 2589
1447 3550
1648 2492
1884 2533
1432 2399
1647 2790
1289 3221
1703 2434
1713 1610
1455 3134
1430 3168
1706 3202
1733 1636
1455 2109
1720 2631
1557 2916
1660 2692
1339 3249
1650 2336
1730 2706
1635 2452
1668 3210
1711 3235
1753 3250
1910 3174
1578 2574
1661 2955
1905 2545
1464 2510
1710 3034
1631 2476
1752 2542
1482 1931
1603 2531
1621 2524
1718 3057
1779 2434
1575 2283
1596 2918
1756 2435
1389 3545
1492 1946
1625 2332
1604 2557
1353 3276
1882 3164
1449 2547
1653 2092
1429 1942
1811 1821
1474 3146
1756 1965
1601 2295
1939 2574
1553 2096
1579 2455
1650 2338
1673 1618
1649 3068
1488 2095
1675 1949
1633 2135
1630 2872
1671 2891
1765 3044
1731 3230
1562 2133
1794 3317
1751 2549
1442 3655
1384 1904
1712 2720
1898 3202
1503 2171
1394 3534
1355 3499
1624 2593
1426 3091
1643 2904
943 3035
1770 1543
1395 3535
1506 2573
1492 1951
1539 1992
1554 3021
1390 3495
1779 1915
1561 2317
1615 2617
1757 3220
1835 1765
1491 2146
1719 3058
1508 2189
1485 2113
1550 2197
1578 2582
1711 2639
1596 2096
1389 3558
1593 2982
1670 1626
1432 2396
1884 2598
1648 2493
1593 2054
1621 1904
1485 3126
1625 2900
1781 3162
1677 3268
1921 3154
1529 2910
1747 3092
1585 1904
1863 2571
1374 3502
1895 2642
1562 2580
1620 2672
1495 2094
1799 3203
1660 2988
1632 2767
1654 1897
1355 3090
1696 3056
1527 1990
1780 1924
1795 3236
1570 2651
1585 1905
1579 2380
1483 3161
1730 2701
1450 3165
1705 2608
1720 2713
1667 3111
1532 2626
1722 2473
1453 3164
1469 3162
1446 2545
1757 3325
1567 1891
1678 1629
1474 2110
1731 2753
1558 2553
1632 1924
1888 3168
1558 2522
1490 2597
1626 2620
1897 2520
1424 1919
1514 2591
1669 2904
1602 2643
1482 2598
1788 1741
1582 1988
1744 2636
1560 2134
1732 2694
1620 2660
1735 3226
1674 1626
1717 3060
1516 2142
1576 2017
1667 3008
1732 2579
1784 1941
1495 3150
1715 1596
1764 3312
1487 3099
1598 2122
1753 1976
1748 1872
1691 3075
1473 1927
1668 2974
1479 1948
1533 1987
1674 2942
1944 2566
1742 2679
1659 2952
1556 3018
1758 1934
1671 2430
1524 3060
1616 2908
1710 2611
1598 1917
1652 2685
1590 2648
1537 2896
1567 1988
1579 1916
1593 2450
1506 2540
1661 2090
1792 2619
1732 1606
1456 3666
1547 2529
1669 3008
1918 2592
1429 2571
1683 1634
1891 2527
1596 2994
1541 2204
1495 3140
1676 1916
1864 2572
1671 2946
1578 2035
1617 2605
1742 3088
1677 1943
1789 2637
1553 1884
1640 2335
1716 2595
1570 2935
1305 3244
1536 2877
1554 2541
1616 2917
1944 2572
1525 3104
1612 2613
1480 2113
1810 3154
1878 2671
1800 1809
1787 3139
1428 3161
1623 2895
1484 2157
1527 2137
1811 3196
1545 2548
1546 2881
1556 2522
1665 2506
1740 3254
1769 2383
1528 3060
1659 2356
1631 3057
1640 2457
1710 1573
1700 2974
1513 2584
1796 1585
1854 3209
1612 2321
1674 3086
1376 1904
1667 2710
1394 2441
1659 2697
1693 3051
1872 2612
1527 1994
1466 3149
1593 2936
1508 2141
1891 2576
1571 2074
1423 3093
1745 1894
1624 2485
1650 2844
1661 3184
1534 2959
1579 2100
1617 2522
1748 1700
1715 1899
1425 1932
1809 2605
1561 3048
1409 2578
1789 3204
1547 1926
1752 3258
1470 2115
1774 1562
1481 3134
1600 2510
1780 1909
1615 2664
1321 3259
1715 1893
1698 3290
1496 3139
1672 2340
1856 3207
1613 1927
1407 3559
1654 2725
1681 3098
1549 2085
1863 2636
1625 2448
1742 1942
1617 2650
1725 1601
1670 3192
1757 2652
1737 2969
1792 1713
1524 2973
1796 1793
1562 2581
1883 2598
1750 2555
1853 1773
1856 2642
1579 2052
1624 2580
1906 3169
1405 3094
1663 2802
1539 1998
1431 1943
1593 2555
1417 3166
1486 2129
1531 2207
1667 2916
1728 2597
1442 3603
1744 3083
1843 3164
1569 2421
1525 2011
1377 3243
1521 2969
1594 2642
1923 2561
1755 3311
1668 1922
1606 2630
1525 1998
1730 2704
1702 2980
1773 1741
1822 1754
1753 3287
1724 2472
1577 1897
1685 1624
1857 1760
1939 2562
1858 2662
1777 3136
1595 2970
1633 2474
1642 2867
1717 2643
1577 2571
1745 3090
1589 1993
1755 2624
1713 2980
1768 1591
1751 1891
1519 2980
1621 2149
1425 1942
1478 3124
1499 3156
1597 1958
1391 1943
1505 3153
1550 2345
1499 2145
1550 2575
1616 2147
1838 1770
1573 2287
1660 2914
1693 1604
1483 2146
1640 2814
1974 2581
1325 3279
1468 3591
1475 1920
1724 1880
1596 1986
1763 1883
1673 1941
1510 2985
1654 2711
1709 2634
1401 1919
1836 2666
1589 2472
1723 2665
1673 3108
1683 2983
1468 1932
1536 1923
1578 2403
1844 2669
1797 1780
1660 2927
1384 1939
1592 2473
1780 2634
1771 2639
1399 3560
1675 3205
1400 3633
1524 2010
1803 1757
1904 2645
1710 2447
1849 1765
1767 2636
1732 1878
1519 3105
1799 1854
1429 2402
1605 2397
1472 2516
1663 2813
1568 3059
1578 2255
1552 2194
1630 3259
1714 1589
1500 3159
1399 1943
1470 3097
1687 2979
1551 2197
1707 3233
1502 1962
1353 3531
1940 2575
1648 2458
1470 3163
1629 2573
1885 2546
1843 3170
1745 1877
1681 1951
1613 2074
1466 3589
1395 3631
1783 1865
1624 2665
1354 3086
1668 2501
1635 2867
1819 1754
1505 3070
1598 2330
1637 3078
1606 2308
1711 2972
1747 3090
1541 2301
1617 2610
1646 2100
1570 1919
1701 3319
1792 1875
1863 2570
1553 2194
1746 2481
1618 2527
1650 2884
1675 2168
1409 1938
1608 2442
1599 2056
1598 1971
1497 1946
1754 1924
1784 1927
1779 1590
1593 2052
1731 2588
1420 3083
1511 1970
1585 3063
1482 1927
1673 2804
1813 1831
1397 1944
1851 3160
1820 2618
1807 1595
1528 2631
1784 2639
1785 3231
1526 2618
1718 3208
1608 2165
1394 1907
1634 3094
1793 1853
1710 2957
1781 3271
1440 3090
1795 1776
1736 1880
1613 2149
1743 1661
1622 2148
1587 2489
1779 3324
1571 2895
1409 3086
1695 2973
1555 2664
1592 2667
1834 2667
1672 3266
1663 2957
1818 1583
1637 2119
1553 2543
1424 1922
1572 2987
1553 1916
1723 2613
1660 3044
1841 1779
1760 3299
1808 1600
1577 2321
1631 2340
1552 2551
1521 2302
1751 2654
1631 2905
1537 2136
1784 1863
1722 2467
1730 3236
1541 1989
1766 3276
1738 3331
1685 3081
1534 2126
1703 2763
1791 1588
1376 3503
1535 2301
1705 2760
1722 1881
1970 2608
1777 3160
1611 2151
1667 2486
1653 2702
1728 2752
1758 1871
1457 3593
1770 1853
1776 1868
1708 1918
1784 2654
1747 1597
1726 3326
1646 2105
1810 1828
1800 1594
1577 2052
1663 2809
1432 2571
1596 1882
1957 2583
1658 2167
1564 2587
1581 1980
1853 2613
1423 2570
1865 2554
1751 2594
1586 1889
1367 3510
1750 3325
1648 2500
1665 2990
1636 2758
1761 3317
1354 3293
1672 2927
1448 3135
1678 3205
1708 1658
1506 2178
1351 3545
1417 1907
1580 2017
1553 2575
1701 2423
1705 2983
1855 3211
1403 3085
1509 2597
1496 1953
1845 2669
1646 2962
1770 3279
1510 2511
1406 1955
1745 3256
1713 1594
1668 3000
1708 3207
1484 3149
1688 2505
1711 2966
1777 1792
1889 3179
1667 2911
1662 2882
1464 2521
1516 3039
1776 3148
1553 2542
1479 3168
1724 3080
1503 2550
1474 3110
1517 2523
1338 3265
1486 2110
1819 2695
1530 1931
1323 3279
1548 2514
1304 3215
1701 1932
1616 2916
1617 2338
1342 3241
1789 1728
1708 1620
1558 2247
1708 3222
1639 3084
1485 2137
1674 2167
1350 3277
1408 1923
1587 1883
1385 3538
1697 3073
1743 1606
1537 2908
1914 3165
1624 2447
1534 2280
1611 2353
1600 2163
1545 3095
1641 1934
1580 2097
1613 2551
1734 2502
1777 1796
1585 2410
1930 2559
1475 1936
1698 2335
1774 3150
1412 1917
1871 2654
1405 3503
1463 2107
1693 2717
1437 1893
1720 2436
1716 2619
1761 3238
1636 3076
1742 2509
1429 1948
1649 2450
1753 2638
1764 2495
1571 2670
1770 2424
1622 2676
1551 2514
1782 1572
1466 2531
1674 3108
1686 2344
1750 2733
1564 2657
1948 2590
1523 3134
1511 2991
1440 1969
1584 2951
1531 2007
1469 3144
1434 2601
1653 2361
1644 1925
1689 3088
1541 1928
1763 3266
1510 3040
1557 2329
1562 1935
1814 2677
1757 3262
1707 2758
1734 1732
1682 2419
1559 1938
1702 2435
1575 2430
1697 3309
1793 1565
1750 2486
1404 3079
1557 2004
1621 2910
1436 3264
1447 3670
1811 3195
1642 2866
1949 2573
1556 1997
1445 3109
1558 2006
1673 1929
1533 2898
1524 2006
1611 2302
1599 1912
946 3041
1450 3549
1660 2697
1803 1597
1698 2945
1701 1655
1357 3501
1665 1918
1788 1601
1654 2085
1433 2394
1835 3154
1593 2531
1439 1967
1581 2514
1479 3138
1612 2051
1414 1936
1656 2358
1521 3040
1669 3002
1680 2510
1528 2620
1889 2545
1607 2265
1649 2501
1667 3273
1655 2827
1609 2073
1789 3224
1780 1728
1644 2102
1380 3080
1578 2636
1659 2507
1655 2761
1426 3622
1643 2680
1717 1573
1690 2350
1808 1812
1575 2061
1547 2505
1641 2886
1597 2571
1552 1949
1515 2510
1571 2925
1877 2651
1800 3319
1641 2126
1755 3252
1774 3312
1945 2594
1536 2126
1391 2441
1722 2717
1782 1605
1590 2018
1638 1935
1544 2314
1644 2950
1846 1760
1547 2137
1700 3065
1684 3262
1659 2094
1443 3602
1857 2623
1688 3069
1551 2232
1909 2642
1798 1691
1526 2198
1281 3203
1522 2144
1444 3193
1709 1572
1715 2749
1545 2206
1456 3122
1748 2482
1474 2119
1719 2467
1654 2334
1546 2551
1509 2582
1350 3276
1478 3154
1651 3075
1480 2150
1646 3253
1585 2652
1587 2259
1756 2652
1524 2517
1739 2750
1789 1571
1666 2501
1528 2202
1744 1701
1604 2615
1615 2320
1740 1889
1647 3088
1371 3503
1514 2004
1641 2898
1922 2554
1616 2774
1781 1915
1631 2675
1751 3108
1503 2184
1516 2195
1588 2455
1710 1606
1681 1953
1511 2996
1327 3509
1657 2978
1719 1894
1414 1896
1712 1919
1848 3155
1762 3065
1616 1908
1715 1927
1354 3536
1553 2095
1524 2518
1737 2741
1580 2073
1434 3552
1647 2786
1636 2938
1590 2513
1724 1895
1627 2974
1750 1931
1669 3087
1514 3076
1555 2483
1669 1607
1699 3075
1562 2322
1737 1607
1500 3050
1751 2425
1708 1946
1535 2304
1757 3167
1746 1901
1589 2970
1581 2389
1550 3091
1437 3194
1735 3335
1785 2403
1289 3213
1557 2572
1545 2226
1635 3070
1706 3276
1739 1648
1753 3105
1481 1957
1495 3057
1685 3262
1668 1928
1597 2123
1705 1601
1716 2953
1792 1929
1643 2144
1619 2423
1585 3065
1744 2729
1703 3032
1752 1966
1707 3211
1441 2556
1391 3508
1439 3216
1562 1928
1682 2980
1554 2920
1745 1699
1561 3072
1715 1958
1620 2671
1342 3247
1739 1588
1640 2111
1797 3172
1588 2259
1680 2333
1762 1733
1427 3091
1550 3022
1734 2944
1643 1937
1777 1936
1831 2629
1529 3136
1628 2108
1856 3166
1550 2109
1424 3620
1741 2677
1541 2217
1567 2667
1647 2482
1688 2344
1644 2966
1748 2552
1741 1889
1846 1779
1506 3153
1468 3142
1627 2439
1555 2246
1600 2641
1575 2284
1775 1566
1791 1739
1454 3531
1821 1864
1442 3135
1544 2204
1734 1644
1510 2183
1736 3352
1777 3274
1557 3089
1760 3259
1510 2528
1446 3672
1683 3054
1571 2526
1695 2979
1716 2450
1588 1979
1597 2871
1527 2876
1585 2064
1598 1969
1572 2291
1659 2166
1908 3164
1543 2958
1390 3075
1766 1719
1418 2572
1762 1877
1519 3058
1596 2163
1444 3258
1772 3262
1670 2754
1884 2572
1606 2568
1784 1745
1837 2627
1734 2706
1667 1903
1727 2483
1902 3167
1589 2471
1469 2138
1614 3074
1659 2688
1675 2720
1446 3551
1458 3270
1738 2669
1532 2129
1542 3041
1649 3070
1585 2066
1510 2569
1744 2678
1439 3134
1556 3099
1768 3053
1592 2054
1648 2867
1505 2543
1592 2006
1831 1852
1535 2334
1805 3163
1657 2360
1813 1828
1739 3082
1745 2569
1395 1915
1445 3135
1644 2101
1866 2610
1569 2560
1619 2820
1677 2411
1538 2235
1412 3158
1411 3633
1542 2371
1766 2428
1370 3531
1681 1921
1340 3262
1687 2516
1512 2102
1907 2586
1865 2658
1545 2883
1476 3175
1437 3265
1963 2591
1744 1695
1594 2967
1562 3022
1624 2639
1601 2164
1805 1794
1817 2692
1371 3492
1819 1749
1659 2917
1409 1958
1576 2185
1583 2308
1751 3217
1519 3082
1479 2602
1707 2431
1707 1920
1434 3635
1558 1995
1413 3631
1609 2646
1613 2051
1421 1927
1826 3149
1372 3545
1435 3214
1325 3280
1565 2899
1471 1932
1716 3235
1583 2257
1921 3166
1430 3138
1777 2428
1540 3090
1396 3565
1647 2943
1690 3230
1576 2959
1612 2122
1673 2756
1607 3065
1789 3322
1665 1942
1793 1729
1772 1744
1548 2540
1632 3263
1796 1784
1572 2367
1434 3131
1545 2099
1636 2981
1601 2306
1857 1749
1730 1705
1787 2619
1724 2966
1631 2137
1606 3072
1539 2880
1752 3260
1625 3065
1731 2945
1475 2572
1444 3602
1915 2651
1467 3654
1804 1791
1831 1836
1577 1917
1646 2492
1697 3040
1906 3170
1552 2215
1579 2258
1387 3083
1578 2323
1576 2204
1641 3247
1565 2525
1589 2391
1698 2714
1732 3352
1637 2471
1525 2610
1596 2554
1763 3271
515 3379
1472 2099
1702 1610
1439 3198
1546 2099
1721 1586
1873 3165
1761 3328
1718 1639
1598 2257
1721 1910
1680 1633
1883 2597
1867 3162
1816 2696
1558 2552
1817 1758
1751 2565
1596 2082
1858 3204
1596 2279
1543 3098
1442 3210
1339 3256
1778 3134
1648 1959
1557 3097
1556 2589
1859 3202
1467 2124
685 2830
1885 2556
1786 1802
1638 1900
1457 1930
1514 2176
1787 3196
1545 3098
1587 1930
1693 2970
1579 2584
1577 2094
1613 2055
1883 2672
1688 2350
1886 2545
1519 2548
1949 2594
1575 2440
1564 2564
1955 2550
1708 2977
1485 3170
1719 3031
1731 2582
1939 2592
1430 3086
1696 1593
1678 1924
1698 2504
1688 1600
1714 1970
1545 2082
1443 3573
1557 2079
1599 3073
1902 3166
1738 2524
1782 2405
1615 2146
1740 2419
1500 2148
1658 2957
1660 3264
1693 2331
1775 1929
1555 2231
1739 2724
1280 3218
1585 1953
1691 3286
1501 3051
1736 1726
1777 1882
1574 2678
1595 2283
1544 2230
1752 2625
1459 2556
1555 3100
1342 3258
1434 1898
1630 2773
1880 2661
1706 2741
1607 2547
1664 2993
1722 3073
1591 2477
1795 1750
1802 1752
1628 2113
1605 2353
1629 2058
1487 3602
1856 3163
1467 3148
1718 2474
1577 1886
1631 1910
1440 1960
1893 2552
1691 3081
1799 1856
1707 1893
1750 3315
1512 2099
1533 2121
955 3652
1532 3096
1584 2518
1769 2650
1611 2165
1473 2572
1608 2540
1454 2107
1685 3084
1747 2736
1749 1880
1758 1960
1664 2748
1578 2584
1299 3219
1889 2543
1849 1761
1657 3270
1665 3025
1655 2760
1496 1951
1582 2023
1776 1925
1602 2019
1525 2973
1742 2546
1391 3502
1398 3535
1645 3275
1888 3178
1849 2631
1468 3165
1508 1981
1555 1891
1893 2538
1678 2717
1793 3167
1510 2145
1578 2483
1645 3251
1447 3605
1714 2984
1897 2658
1979 2587
1634 2818
1552 1946
1703 3283
1770 1705
1755 1966
1667 3194
1458 3663
1280 3204
1772 2435
1592 2479
1736 1645
1472 2101
1899 2585
1535 2981
1854 1755
1722 2969
1790 1786
1778 3310
1874 2602
1490 2166
1522 2308
1712 1596
1450 1917
1688 2510
1572 2918
1716 2427
1769 1955
1527 2004
1574 2370
1766 3044
1630 2452
1434 3643
1441 3570
1738 3348
1523 3077
1711 1894
1583 1971
1811 1817
1682 1929
1744 1723
1569 2071
1790 3320
1746 1665
1710 2976
1737 3337
1474 2137
1787 1862
1703 3224
1426 3577
1763 3313
1591 2518
1623 2438
1726 2680
1569 2331
1726 2707
1623 2171
1813 3152
1796 1588
1652 2092
1693 3192
1707 3312
1760 3305
1854 2630
1665 2993
1402 3574
1544 1917
1315 3256
1732 2754
1666 3024
1761 3167
1753 1705
1452 3093
1604 3076
1602 2294
1574 2916
1469 2512
1776 2652
1758 3208
1628 2050
1596 2977
1580 2574
1757 2627
1719 1591
1474 2575
1655 2701
1758 1957
1565 2670
1419 2585
1488 3089
1779 1748
1477 2508
1724 3079
1651 2106
1764 3228
1683 3057
1520 2205
1399 1942
1447 3612
1587 3013
1450 3675
1506 2572
1524 2976
1537 1995
1507 3149
1578 2956
1674 2934
1792 3319
1794 1839
1673 3063
1564 2472
1581 1945
1577 1898
1702 3274
1655 2422
1418 1927
1732 1882
1735 2479
1822 2671
1563 2557
1607 3068
1821 2593
1757 1606
1800 1832
1609 2548
1665 3271
1636 2528
1778 3166
1666 3021
1649 3251
1946 2546
1472 3649
1447 3268
1794 1580
1663 2507
1666 2709
1625 2879
1656 2754
1569 2471
1580 2855
1481 3607
1799 3165
1914 2645
1598 1881
1667 2919
1515 3119
1895 2577
1751 3291
1675 2894
1413 3504
1661 3048
1653 2705
1892 2540
1484 2146
1552 2133
1430 3580
1499 2197
1649 2444
1681 3270
1619 2529
1868 2645
1629 2050
1817 2618
1292 3235
1430 1959
1715 2979
1898 2571
1480 1943
1897 2661
1463 3274
1759 3221
1628 2619
1525 3056
1503 2187
1430 2594
1840 2631
1769 2408
1572 2527
1923 2560
1552 2548
1785 1731
1394 3567
1898 2537
1687 1631
1840 1770
1830 2633
1453 3124
1782 3232
1657 2803
1629 2049
1342 3278
1544 1918
1723 1712
1580 3021
1726 3242
1564 1887
1694 2939
1610 1923
1771 1705
1817 2686
1455 1921
1465 3100
1712 2608
1601 2649
1787 1586
1751 3265
1607 2016
1508 2556
1646 1952
1454 3105
1750 3316
1724 1891
1482 1926
1580 2412
1560 1939
1648 2501
1523 3051
1920 3155
1609 2775
1537 2287
1654 2957
1526 2980
1686 3051
1892 2546
1626 1904
1852 3169
1726 2679
1738 1572
1766 1707
1918 3153
1654 3265
1444 2551
1426 2587
1528 3158
1432 3628
1786 3230
1602 2981
1696 2332
1595 2541
1532 2878
1593 2012
1726 1591
1768 1857
1430 2400
1475 1960
1790 1876
1649 2906
1530 2982
1600 2091
1631 1922
1623 2857
1651 2481
1693 2501
1651 1943
1634 3092
1549 1902
1515 3064
1585 2412
1650 3071
1885 2593
1579 3021
1504 2563
1640 2478
1583 3045
1802 1691
1426 3623
1686 1959
1650 2794
1859 1754
1450 3612
1875 3176
1749 1700
1733 2674
1749 3291
1683 2974
684 2830
1483 3651
1768 3127
1439 2406
1745 2552
1533 2327
1752 1931
1781 1753
1957 2591
1693 3202
1503 3080
1364 3500
1439 3199
1440 3094
1912 2648
1472 2102
1771 1739
1677 1604
1709 2957
1757 2390
1597 2502
1433 3554
1610 2768
1709 2622
1885 2563
1781 3148
1785 3222
1859 3166
1661 3108
1744 3334
1436 3208
1773 1753
1443 3257
1507 2534
1745 3111
1498 2582
1764 2494
1801 1847
1753 2415
1724 2944
1673 2519
1753 1703
1506 3069
1615 2112
1645 2888
1496 2116
1451 3153
1649 2675
1671 2995
1535 3039
1505 3057
1648 2498
1786 3186
1860 3217
1756 1862
1659 3005
1681 1929
1540 2298
1946 2591
1792 1576
1609 2580
1561 2960
1668 3191
1701 3195
1585 2573
1906 2641
1480 2118
1548 2377
1710 1655
1566 2190
1521 2534
1680 2942
1655 2707
1614 2084
1656 2819
1708 1615
1617 2674
1696 2336
1592 2505
1730 2685
1789 1585
1616 2156
1586 2512
1677 3094
1769 1593
1861 2644
1775 1753
1545 2202
1526 1984
1670 3112
1480 2146
1715 2971
1650 1967
1579 2470
1705 2742
1736 3337
1729 2475
1632 3065
1794 1578
1752 3104
1918 3175
1709 2717
1671 2751
1645 2761
1574 2102
1854 1756
1550 2881
1746 2597
1702 2716
1815 1758
1480 3137
1790 1739
1657 2957
1733 2427
1565 1928
1633 2930
1717 2594
1337 3242
1507 3082
1707 3339
1744 1892
1575 2438
1690 2342
1528 2306
1795 1606
1525 3090
1688 1627
1763 2419
1354 3083
1478 2503
1632 2826
1315 3272
1462 3270
1671 3112
1577 3017
1426 3149
1714 1902
1721 1883
1873 2677
1585 2908
1384 1943
1731 1738
1617 2337
1743 3231
1683 1597
1644 3087
1597 2505
1648 2839
1625 2673
1658 3044
1556 3101
1596 1930
1690 3263
1621 3052
1647 2958
1707 3192
1728 2484
1768 2385
1574 2641
1515 2593
1719 2957
1892 2658
1697 2974
1741 2563
1653 2798
1426 1948
1941 2594
1506 2586
1731 2700
1647 2496
1676 1930
1356 3295
1729 2579
1593 2665
1542 2295
1780 3169
1580 1979
1700 3200
1615 2626
1647 2680
1724 2672
1420 1956
1591 2018
1730 2608
1524 2615
1514 2174
1731 2589
1501 1945
1583 2860
1736 2604
1515 3152
1460 2529
1436 2602
1774 2428
1438 3642
1792 1874
1952 2575
1769 3053
1440 1976
1592 2862
1878 2666
1768 2670
1587 1885
1339 3267
1360 3535
1698 3040
1717 3326
1740 1879
1647 2110
1279 3199
1786 1793
1627 3257
1583 3005
1604 2396
1702 3228
1770 1598
1574 2093
1808 1871
1745 1594
1751 2428
1651 2867
1787 2606
1613 2046
1581 2097
1574 2949
1652 2793
1679 3270
1678 3258
1305 3227
1780 1739
1487 3095
1822 1826
1755 1678
1719 1935
1575 2406
1580 2501
1623 2436
1581 2908
1581 2885
1773 3140
1748 3251
1786 1750
1477 3180
1725 2594
1719 2465
1499 1951
1688 3061
1556 2221
1814 1879
1575 2291
1742 1881
1751 3290
1518 2981
1459 2557
1589 2106
1584 1888
1490 2139
1441 3130
1761 3111
1773 1860
1737 1876
1610 2138
1508 3064
1762 3321
1716 2631
1437 3101
1772 1878
1598 2070
1643 2891
1684 2338
1598 2514
1754 3252
1441 3646
1746 1870
1665 3088
1603 2982
1411 1938
1701 3230
1780 1935
1579 3054
1509 2973
1602 2056
1844 3165
1499 2212
1284 3224
1612 3075
1525 2012
1819 2686
1624 2167
1479 3644
1630 2764
1621 2319
1866 3198
1709 3031
1481 2600
1455 3532
1568 2962
1437 3102
1516 3151
1449 2552
1382 3085
1749 2670
1433 2599
1456 3545
1669 2502
1685 3067
1361 3536
1899 3196
1813 2600
1722 3063
1396 1917
1526 1980
1769 1903
1763 3322
1687 2347
1553 2215
1780 3271
1763 3255
1501 2171
1747 3226
1671 3107
1759 1754
1793 1728
1546 2330
1782 2653
1608 2551
1511 2599
1771 1953
1585 2009
1666 1909
1727 2472
1614 2320
1476 2138
1624 2117
1460 3082
1662 2101
1448 3090
1807 1683
1541 2216
1642 2865
1795 1855
1569 3067
1638 2981
1556 3077
1627 2333
1722 2713
1572 2013
1672 2716
1905 2554
1460 1926
1679 2941
1756 3314
1708 3334
1573 2921
1573 2899
1753 3264
1716 3325
1514 2112
1774 1597
1297 3214
1472 1930
1607 2145
1435 3211
1733 1720
1582 2289
1423 2592
1742 2640
1816 2688
1464 2533
1653 2763
1444 1974
1629 1906
1783 3228
1475 2119
1778 1752
1636 2120
1890 3178
1393 3074
1442 3207
1666 2905
1627 2332
1604 2919
1902 2555
1490 1956
1448 3109
1547 2953
1306 3226
1618 2773
1371 3501
1728 2749
1568 1941
1760 3069
1676 3270
1708 2630
1723 1615
1444 3205
1722 3197
1585 2959
1562 2362
1582 2300
1645 2955
1733 3231
1798 1794
1595 2574
1707 1908
1674 1933
1393 1905
1712 1608
1779 1914
1825 1857
1508 2510
1833 1837
1967 2579
1753 2416
1568 1884
1425 3114
1663 2734
1645 2670
1521 3124
1665 2744
1553 2213
1562 2652
1781 2639
1748 3090
1806 2595
1520 3128
1571 2113
1628 2437
1347 3277
1743 1603
1543 2362
1618 2825
1772 2392
1424 3147
1818 1869
1714 1613
1738 2500
1535 2900
1642 2837
1437 3206
1708 3208
1573 2250
1661 2740
1463 3597
1443 2555
1596 2992
1743 3348
1464 2564
1884 2645
1744 2722
1590 2096
1276 3201
1609 2588
1836 2631
1664 3099
1836 1860
1732 2485
1605 2141
1827 1762
1518 2551
1783 1859
1644 2937
1511 2530
1768 3251
1706 3226
1595 2274
1678 2508
1411 1952
1542 2205
1761 3087
1375 3503
1372 3235
1512 2141
1603 2620
1612 2769
1434 3207
1296 3219
1625 2872
1587 2650
1364 3508
1467 2557
1525 2305
1763 2491
1868 2608
1688 3074
1864 2602
1815 3152
1499 2124
1668 1624
1975 2607
1544 2341
1619 2335
1437 2597
1642 1937
1769 1912
1451 1924
1734 2608
1598 1966
1402 1933
1708 2633
1628 2045
1623 2917
1863 2638
1716 2643
1664 1910
1562 2477
1599 1950
1469 3163
1611 2025
1454 3158
1641 3267
1758 2659
1740 2708
1365 3542
1897 2551
1544 1926
1758 3312
1575 2955
1793 2620
1738 3329
1561 2524
1629 2526
1400 1927
1515 2148
1435 3215
1465 2565
1578 3016
1707 1918
1351 3543
1858 2623
1707 3227
1329 3254
1626 3059
1513 2599
1752 2418
1437 3070
1752 3083
1706 3046
1386 3545
1728 1660
1209 3589
1804 3161
1436 3105
1354 3075
1679 3039
1804 1746
1543 1901
1579 3057
1773 1553
1573 2885
1451 3577
1327 3527
1518 2203
1737 1605
1807 3203
1678 2897
1816 1826
1439 2604
1638 2141
1635 2934
1623 2086
1421 3621
1481 1948
1780 3317
1894 2642
1638 2969
1578 2319
1445 3591
1792 1583
1383 3548
1741 1591
1736 1619
1564 1931
1775 3274
1354 3275
1614 2654
1500 2200
1612 3076
1728 1613
1754 1678
1571 2669
1802 1750
1503 2147
1954 2554
1592 2953
1770 3317
1652 2453
1761 1707
1537 2627
1660 2760
1764 1608
1614 2292
1526 2606
1850 2613
1644 2757
1507 3046
1501 2200
1712 1912
1795 1872
1581 1981
1783 2436
1563 3057
1650 2340
1779 1796
1765 2495
1787 1744
1522 3101
1500 2146
1554 2587
1403 1920
1617 2830
1547 2378
1670 3104
1711 1655
1531 3138
1721 1615
1677 2338
1662 2805
1751 1692
1541 3038
1586 1937
1755 2660
1644 2986
1618 2908
1889 2581
1585 2311
1596 1928
1776 1932
1517 2524
1621 2594
1499 2992
1615 2315
1714 2626
1698 2340
1655 2491
1532 2539
1635 2754
1798 1769
1633 2772
1659 2691
1709 2651
1751 3079
1270 3199
1495 2194
1656 2908
1890 2565
1762 3313
1547 2319
1620 2114
1614 2114
1697 3078
1341 3259
1592 2008
1549 2956
1476 2597
1482 1948
1453 3268
1861 2565
1587 2094
1583 1942
1590 1926
1878 3192
1647 3072
1881 2670
1649 2151
1658 2813
1663 1922
1766 1871
1758 3306
1756 3071
1476 3087
1685 3094
1737 1626
1779 3242
1589 2512
1617 2121
1577 2653
1477 2139
1650 2766
1665 3268
1511 1975
1650 2104
1706 3313
1677 2168
1570 2965
1579 1941
1422 1962
1674 1922
1541 1992
1533 1920
1547 2376
1607 2071
1855 2557
1897 2580
1273 3202
1620 2656
1610 2301
1781 1556
1523 2977
1569 1989
1879 2645
1620 2907
1667 3272
1834 2632
1563 2461
1743 3332
1974 2595
1349 3085
1620 2607
1580 2417
1332 3248
1803 1691
1650 2900
1750 1890
1617 2894
1585 2875
1776 3313
1458 2104
1722 2718
1415 3506
1489 3101
1574 2942
1758 2491
1774 3234
1644 1923
1795 2614
1867 2573
1766 3252
1679 1908
1354 3526
1588 2099
1761 3070
1464 3081
1587 2456
1621 2117
1766 3260
1838 1766
1484 2098
1671 2907
1450 3209
1510 3082
1705 2427
1269 3196
1427 1936
1624 2587
1648 2343
1601 2874
1787 3202
1847 3158
1546 1933
1341 3272
1512 3071
1425 3093
1755 2657
1481 3138
1767 1542
1653 2173
1742 2672
1683 3056
1971 2591
1528 2615
1625 2427
1847 2624
1609 2581
1921 3179
1485 2587
1637 2139
1425 3116
1705 2764
1719 2970
1777 1902
1813 2621
1756 2487
1576 2188
1542 3040
1669 2901
1418 3507
1679 3054
1764 3053
1668 2912
1534 2221
1828 1843
1887 2546
1589 2999
1586 2958
1550 2103
1775 1874
1592 2515
1804 1747
1550 2337
1435 3246
1458 3101
1689 3057
1499 2168
1411 1902
1807 1783
1614 2528
1723 2610
1575 2958
1702 1916
1554 2337
1498 2125
1459 2134
1776 1951
1614 2662
1270 3201
1530 1984
1850 3163
1626 2855
1469 2119
1694 3191
1773 1945
1580 2317
1793 3319
1476 3100
1739 2715
1305 3209
1625 2447
1571 2291
1476 3167
1476 2101
1710 2448
1664 2882
1679 3201
942 3029
1543 3031
1717 1638
1732 2594
1475 2112
1770 1860
1687 2349
1709 1954
1781 3168
1595 1927
1555 2089
1784 1729
1572 2078
1542 2218
1479 3607
1573 2898
1643 3088
1881 2536
1617 2827
1660 2344
1665 1901
1608 2449
1752 2426
1482 3607
1650 2436
1649 2987
1686 1904
1675 2164
1476 3642
1813 1599
1640 2930
1491 2163
1657 2692
1528 3157
1729 3091
1453 3543
1647 2493
1680 2982
1508 2585
1540 2317
1449 3596
1731 2965
1745 3174
1711 1908
1582 2458
1475 2113
1717 1970
1626 2569
1733 2690
1599 2074
1800 1834
1613 2546
1726 2618
1744 3246
1746 2426
1651 2766
1476 3111
1644 1913
1760 3264
1725 1913
1629 2862
1556 2338
1531 3092
1778 1920
1756 3169
1353 3541
1793 1588
1653 2336
1430 3071
1763 1753
1585 2306
1793 1843
1746 3324
1549 2003
1745 1648
1767 3092
1803 1755
1567 2457
1770 1864
1797 1795
1751 2427
1885 2543
1728 3243
1502 2576
1677 2975
1753 2421
1610 2073
1713 2441
1895 3189
1745 2425
1655 3081
1378 3550
1522 2971
1540 2280
1521 2005
1608 2049
1766 1704
1876 3160
1480 2134
1771 3237
1790 2388
1614 2311
1433 2395
1736 2751
1549 2289
1567 2521
1621 2868
1740 2732
1614 2617
1626 2867
1873 3164
1657 2091
1527 3051
1548 3094
1537 2233
1786 1933
1676 2425
1873 3167
1446 1942
1453 3155
1456 3264
1550 2004
1892 2584
1868 2648
1695 1611
1680 1638
1821 1865
1797 3206
1754 1686
1802 3191
1717 2658
1450 1967
1681 2988
1828 1762
1523 3052
1675 3062
1736 2410
1566 2242
1752 3283
1472 1923
1609 2401
1424 2579
1593 2661
1594 2650
1645 3004
1603 2621
1820 2593
1439 3147
1772 3150
1622 3052
1716 2949
1750 1603
1608 2144
1972 2609
1758 1935
1811 1785
1683 3084
1586 1885
1479 2528
1524 3152
1663 2102
1523 2129
1569 2457
1793 1809
1645 2902
1582 2459
1594 2552
1836 2626
1481 2163
1584 3012
1758 1936
1415 1914
1585 2072
1927 2560
1745 3096
1654 1898
1827 2621
1469 2568
1580 2292
1331 3268
1589 2642
1628 2677
1570 2663
1611 2019
1437 2399
1662 2995
1776 3134
1582 1987
1336 3507
1886 2591
1664 2712
1638 2938
1509 1983
1575 2204
1434 1930
1755 2586
1478 3119
1580 2872
1689 1965
1772 1746
1532 2614
1731 3085
1635 2897
1700 1619
1673 2943
1733 2750
1881 2596
1777 2429
1868 2571
1476 2153
1669 2810
1437 2602
1587 2495
1766 3046
1607 2538
1600 1968
1765 3242
1658 3090
1561 2662
1777 2654
1862 2554
1399 3631
1639 2896
1579 2197
1594 2572
1183 3551
1574 2281
1711 2442
1845 1867
1758 2642
1485 3104
1446 3214
1696 3205
1636 2977
1596 2271
1434 3263
1626 1915
1624 2822
1794 3216
1549 2227
1800 1704
1464 2513
1767 1721
1618 2138
1621 2426
1474 2565
1588 1926
1711 2617
945 3645
1565 2562
1558 2357
1674 1923
1731 2415
1665 3039
1661 2710
1803 2604
1437 3100
497 3120
1542 2237
1569 2985
1608 2531
1785 1870
1607 1885
1346 3247
1589 2296
1789 2387
1591 2100
1955 2584
1559 2132
1770 1566
1611 2159
1790 3322
1680 2978
1514 2193
1740 3094
1699 1594
1796 1831
1703 3037
1679 2987
1774 2419
1722 1603
1883 2594
1591 2090
1342 3242
1616 2332
1574 2417
1539 2311
1768 3242
1756 3323
1649 2448
1665 1903
1758 1902
1622 2917
1589 2390
1856 2607
1576 2958
1504 2542
1712 3033
1399 3635
1607 2146
1708 3030
1963 2585
1709 2610
1408 3080
1666 3264
1432 3557
1691 3070
1509 2148
1709 1580
1504 2970
1613 2125
1435 2598
1738 3337
1625 2428
1704 1654
1971 2582
1800 1807
1402 3629
1709 2624
1715 1957
1422 3132
1624 2622
1696 2947
1637 2453
1687 3055
1723 2586
1842 3162
1609 2585
1582 2258
1445 3599
1308 3227
1434 3218
1713 2448
1796 3170
1390 3500
1424 3631
1439 3565
1644 2755
1664 2351
1298 3233
1389 1935
1703 2428
1713 3197
1636 2927
1776 2429
1751 3269
1444 3165
1583 2298
1731 2604
1631 2521
1610 2126
1796 1855
1611 2493
1515 2972
1619 2919
1575 2281
1455 3107
1453 1923
1656 3177
1733 3354
1460 3100
1551 2228
1575 2255
1681 3054
1544 2532
1688 2502
1449 3573
1447 3110
1749 3231
1438 3142
1735 3329
1593 2117
1614 2670
1756 1681
1744 2742
1868 2673
1647 2921
1523 3151
1319 3262
1424 1935
1700 1626
1276 3200
1563 2575
1529 2314
1606 2923
1673 3096
1964 2585
1636 2680
1728 2693
1663 2805
1534 1916
1440 1980
1492 2096
1624 2894
1516 2595
1579 2874
1664 1906
1394 1911
1571 1893
1781 1906
1704 3029
1609 2668
1619 2827
1625 2483
1518 2142
1606 1918
1669 2900
1690 3084
1653 2453
1544 2883
1808 1590
1645 2793
1482 2145
1556 2331
1504 2189
1813 2618
1573 2425
1906 2586
1763 1726
1668 3014
1454 2561
1567 2463
1648 2866
1430 2401
1625 2425
1777 2646
1723 1585
1735 1887
1582 3063
1635 3091
1652 2166
1564 1985
1526 1991
1729 2438
1496 3158
1768 3050
1565 2920
1517 2973
1579 2381
678 2829
1523 2594
1622 2527
1796 3167
1606 3066
1732 2586
1499 2575
1760 2486
1633 1941
1637 2866
1542 2233
1474 2569
1431 3577
1793 2616
1577 2584
1670 3108
1354 3539
1441 1978
1441 3551
1405 3077
1646 2890
1748 1932
1888 2537
1686 3069
1783 2656
1552 1884
1908 2555
1455 1919
1617 2154
1746 1597
1579 1986
1709 1584
1440 2556
1494 2208
1726 3327
1774 3263
1729 1635
1751 2421
1712 1570
1656 2880
1630 2845
1749 2544
1608 2769
1665 2427
1735 2745
1437 3170
1491 2117
1774 1874
1526 2619
1638 3071
1878 2603
1744 3341
1922 3154
1643 2938
1731 1707
1779 3273
1959 2579
1580 3027
1577 2416
1784 3189
1555 1914
1287 3220
1445 3153
1800 1784
1791 3216
1755 1875
1577 1883
1772 3263
1575 2971
1766 2425
1408 1958
1461 3083
1862 2640
1669 3043
1690 3090
1655 1938
1850 2615
1644 2100
1659 2698
1610 2520
1566 2335
1758 1604
1727 2692
1707 1619
1545 2145
1658 1924
1740 2556
1458 3093
1714 2448
1643 2985
1661 2356
1546 2236
1775 1756
1502 3087
1966 2602
1743 3175
1785 3164
1528 3080
1766 2387
1747 3176
1355 3287
1797 1789
1511 3058
1622 2120
1513 2598
1439 3263
1736 2690
1610 2107
1661 1935
1459 1924
1719 3080
1799 1875
1398 3507
1768 2424
1774 3049
1600 1917
1532 2535
1540 2135
1654 3005
1774 1930
1523 2518
1644 1932
1615 2611
1446 3172
1555 2115
1924 3180
1544 2293
1767 1735
1532 2311
1527 2602
1509 1985
1635 2978
1635 2337
1411 1905
1505 3056
1769 1862
1458 3082
1634 2142
1798 3205
1729 2712
1610 2419
1505 2165
1345 3503
1581 3048
1824 1826
1593 2448
1354 3529
1630 2108
1591 2500
1720 3073
1556 1937
1404 3556
1575 2946
1637 2823
1750 2630
1612 2352
1709 2750
1641 2131
1634 2978
1519 2513
1421 3551
1779 3131
1737 1678
1767 2379
1611 1923
1513 2543
1796 1814
1429 2400
1767 2381
1648 2721
1482 2098
1767 3251
1438 3170
1765 2667
1391 3512
1731 2599
1293 3216
1701 2716
1426 2574
1601 2050
1648 2784
1601 2878
1654 2821
1608 2581
1740 1627
1635 2884
1427 3554
1668 2816
1643 2104
1571 2288
1682 2336
1586 1910
1767 2668
1735 1587
1606 2535
1598 2553
1708 2446
1658 2949
1582 1923
1553 2891
1582 1951
1556 2152
1970 2603
1818 1754
1687 2980
1763 3319
1447 3171
1583 2520
1814 1878
1442 3166
1703 3233
1657 2695
1710 3329
1513 2988
1662 2730
1662 2951
1918 2591
1449 3210
1887 3166
1595 1985
1617 1911
1893 3184
1475 1939
1553 2224
1483 2155
1596 2077
1657 1895
1819 1760
1475 3168
1574 1917
1614 2658
1534 3099
1661 2354
1710 1608
1583 2327
1498 2141
1697 3056
1478 2577
1550 2308
1673 2165
1717 1886
1481 3656
1557 2078
1866 2568
1478 3113
1546 2086
1697 3091
1710 2638
1568 2082
1549 2198
1642 1912
1525 3045
1911 2651
1430 3631
1735 2520
1718 2985
1744 2721
1404 3091
1661 2978
1686 2715
1436 2559
1500 3051
1337 3502
1744 2429
1701 2763
1562 2359
1676 1918
1683 3260
1574 2437
1647 2462
1532 2322
1735 2693
1500 2219
1505 2147
1478 1929
1510 2565
1301 3209
1664 2756
1480 3138
1709 1919
1518 3035
1520 2971
1555 2479
1905 2646
1601 2089
1653 2353
1848 1779
1360 3084
1589 1994
1722 1901
1770 1917
1490 2595
1604 2060
1729 2515
1723 3080
1769 2665
1406 3632
1709 3032
1516 2587
1643 3067
1633 2128
1895 3167
1439 3067
1635 2463
1530 2535
1464 2563
1705 3313
1301 3228
1801 1600
1773 2394
1749 2546
1517 3040
1856 3208
1762 1730
1560 1927
1648 1892
1722 2973
1584 2074
1846 1759
1712 2951
1574 1897
1511 2527
1661 3043
1620 2563
1588 2513
1561 2244
1781 1748
1598 2992
1555 2559
1365 3544
1847 2660
1594 2497
1484 3134
1498 1963
1519 3059
1584 1971
1720 2967
1788 1916
1643 2899
1431 3643
1800 1880
1572 2450
1827 2627
1642 3069
1647 3089
1500 2125
1716 2948
1511 2997
1526 2308
1467 1930
1365 3541
1568 2244
1794 1779
1749 1876
1815 2618
1788 1793
1766 1542
1671 1926
1760 2382
1547 2311
1690 3059
1409 1950
1351 3527
1786 2635
1673 2898
1784 1928
1786 2437
1760 2489
1446 3553
1576 2419
1554 2357
1745 1603
1493 2143
1519 2138
1662 2357
1536 3034
1697 3209
1817 1869
1487 2160
1433 1953
1842 2674
1759 2624
1578 2292
1518 2596
1897 2566
1396 1910
1736 1578
1557 2559
1801 2613
1661 3272
1711 1614
1824 3155
1447 3638
1726 3233
1685 1601
1433 2592
1736 1942
1700 2428
1793 1807
1655 2718
1776 3242
1540 2001
1524 3124
1503 2969
1909 2540
1581 1891
1730 1745
1303 3256
1601 2283
1508 2974
1859 1751
1721 2631
1586 3014
1500 1959
1655 2342
1362 3539
1558 3077
1579 2417
1757 3315
1580 2882
1722 2970
1573 2928
1683 1903
1731 2682
1612 2134
1664 1608
1610 3075
1751 2591
1757 1902
1661 2813
1728 2472
1770 1567
1560 3052
1531 2318
1783 1589
1541 1939
1553 2544
1772 3158
1743 2554
1495 2164
1558 2146
1744 3254
1430 3154
1432 3247
1685 3050
1397 3543
1707 2759
1633 2980
1904 2583
1544 2139
1662 2924
1563 2902
1587 1884
1593 2449
1750 1578
1785 3198
1610 2628
1682 1918
1753 1605
1777 1746
1649 3083
1802 3197
1617 2339
1831 2635
1495 2592
1624 1909
1712 1609
1217 3580
1672 2803
1780 3144
1980 2584
1573 2471
1455 3269
1591 2451
1634 2459
1756 3315
1450 3166
1564 2521
1583 2971
1415 1920
1594 1950
1603 2983
1696 1622
1565 2558
1550 2358
1610 2531
1582 2325
1637 2977
1456 3123
1647 3012
1512 3151
1594 2495
1472 2120
1401 3626
1676 1941
1805 3197
1571 2420
1704 3335
1623 2120
1789 3162
1796 1705
1705 3047
1720 2472
1670 1621
1481 3133
1522 3132
1435 3070
1581 3024
1657 3256
1810 3152
1212 3589
1811 2602
1546 2527
1505 3044
1793 1710
1545 1946
1554 1938
1727 3327
1766 3279
1547 1915
1598 2123
1721 3051
1434 3550
1540 2890
1749 1579
1624 2975
1886 2536
1591 2400
1625 2769
1584 2073
1661 2098
1345 3504
1468 3137
1737 1619
1965 2608
1551 2523
1576 3046
1756 3316
1731 2694
1498 3154
1470 3096
1615 2549
1458 2120
1660 3097
1475 3124
1743 2550
1517 3034
1708 3227
1443 3072
1483 2168
1487 3150
1676 3047
1458 2555
1736 2739
1759 3069
1759 3303
1580 2042
1551 2116
1451 3638
1613 2348
1592 2105
1897 2555
1439 3140
1689 2343
1634 2333
1609 2510
1569 2203
1513 3120
1609 1904
1350 3542
1741 1881
1837 3153
1421 3545
1595 2260
1545 1892
1659 3094
1497 1966
1718 2666
1465 3655
1744 1666
1641 2130
1500 2972
1603 2265
1610 2141
1742 2432
1541 2957
1678 3040
1570 2964
1690 2711
1685 1916
1338 3509
1881 3164
1703 1611
1819 2593
1580 2192
1667 2969
1521 2876
1615 2134
1741 1638
1727 1610
1661 2167
1782 3159
1520 2527
1728 2431
1651 2153
1583 1978
1416 1933
1709 2968
1467 2138
1535 2907
1737 2570
1776 1872
1451 1917
1743 1647
1682 2892
1535 2220
1756 2641
1751 1612
1760 1739
1519 1982
1761 1696
1651 2671
1302 3218
1597 2503
1778 3138
1757 3326
1629 2974
1459 3595
1944 2571
1532 2329
1685 2946
1694 1604
1591 1882
1584 2573
1656 2427
1686 2952
1836 2632
1779 3184
1688 3277
1899 2587
1576 2436
1477 3157
1559 2478
1582 2253
1614 1906
948 3646
1545 3028
1600 2873
1788 1801
1599 2397
1470 3167
1704 1913
1579 2682
1535 2534
1885 2532
1850 2608
1556 2558
1377 3237
1656 1953
1539 2137
1708 3195
1719 3210
1543 2121
1509 2101
1498 1958
1834 1760
1556 2251
1437 3595
1800 2606
1590 2008
1712 2447
1798 1721
1842 3151
1723 3235
1733 2756
1940 2594
1621 2452
1660 2517
1766 2659
1723 2967
456 3352
1737 1613
1465 2519
1914 2545
1574 2255
1767 3057
1653 2821
1357 3497
1452 3266
1687 3071
1573 3027
1596 2909
1350 3076
1954 2583
1693 2334
1886 2645
1915 2642
1805 1683
1726 2524
1560 3049
1560 2243
1741 1589
1354 3085
1488 3136
1461 3657
1641 2832
1415 3075
1479 3124
1786 3162
1817 1879
1663 2712
1542 3095
1754 3166
1763 3236
1536 2959
1696 3334
1792 2607
1713 3241
1886 2572
1679 1929
1615 2164
1702 3334
1648 2874
1602 2447
1578 2517
1456 2121
1607 2516
1633 2820
1828 1852
1396 1932
1633 2865
1752 3290
1804 1586
1783 1572
1586 2937
948 3032
1796 2607
1592 2091
1764 1746
1588 2941
1649 3008
1562 2917
1783 1939
1770 3261
1618 2644
1651 1942
1755 1897
1568 2417
1526 2200
1720 3197
1606 2617
1505 3085
1707 1620
1751 2487
1398 3552
1473 2153
683 2834
1631 2974
1456 3263
1626 1916
1665 2805
1782 2436
1608 2771
1713 1573
1407 1925
1913 2649
1605 2443
1467 2517
1678 3200
1800 1788
1763 3166
1384 3548
1492 2592
1660 2099
1838 2668
1522 2607
1799 1817
1483 3138
1407 3523
1603 2638
1580 2582
1652 2480
1619 2340
1641 2096
1502 2979
1640 2967
1506 3076
1685 2976
1698 3315
1790 1714
1765 3057
1701 2974
1662 1608
1729 3242
1613 2333
1570 2919
1737 2727
1937 2560
1533 2322
1658 2733
1800 1827
1384 3084
1571 2672
1742 2671
1777 1934
1639 2816
1744 2743
1638 2109
1602 2164
1754 3070
1912 3177
1691 1941
1729 2943
1584 2875
1615 2120
1641 2868
1349 3276
1559 2150
1322 3269
1353 3282
1694 3210
1761 1737
1777 3127
1381 1905
1581 2952
1612 2519
1619 2443
1411 3498
1752 1713
1634 3265
1687 2500
1588 2053
1660 3266
1437 3105
1214 3583
1397 1896
1337 3509
1580 3043
1450 3266
1614 2312
1851 2660
1632 2930
1528 2328
1669 3267
1599 2565
1619 2317
1784 3140
1463 3271
1552 2238
1776 2648
1796 3193
1542 2287
1650 2964
1410 3492
1714 1922
1815 1882
1805 1587
1436 2397
1744 2548
1712 2749
1693 3089
1687 1628
1738 3352
1532 1923
1669 2918
1739 2408
1593 2500
1487 2116
1595 2395
1794 1824
1538 1929
1616 2443
1815 1885
1551 2085
1647 3098
1591 1957
1647 2677
1570 2898
1485 2170
1832 1762
1218 3581
1568 3029
1751 2422
1294 3215
1447 3546
1544 2951
1599 2989
1544 2001
1407 1924
1647 3011
1353 3540
1572 2023
1707 2991
1452 3108
1715 2628
1496 2115
1560 2207
1648 2167
1820 2623
1590 1910
1583 3036
1739 1658
1603 2532
1772 3048
1767 2377
1754 1862
1700 1611
1613 2440
1595 2572
1564 2136
1651 2675
1627 2486
1554 2002
1547 2198
1756 1964
1628 2869
1593 2952
1609 2772
1566 2962
1605 2563
1697 2716
1873 2604
1677 2993
1553 2100
1779 3171
1702 2416
1755 1750
1754 1705
1780 3179
596 3305
1790 1791
1578 2100
1346 3245
1575 2885
1626 2486
1723 3050
1619 2171
1695 2975
1755 2564
1693 2969
1490 2599
1636 2455
1797 1810
1518 3123
1389 3628
1559 2895
1554 2562
1802 3158
1605 2615
1671 2971
1685 1950
1743 3216
1753 1609
1610 2109
1890 3194
1481 3122
1431 3163
1712 2649
1651 2719
1789 1586
1533 2132
1719 1596
1943 2564
1263 3195
1782 3233
1570 2635
1603 2282
1846 2664
1793 3237
1547 2334
1873 3176
1551 1885
1399 3551
1766 3274
1747 1870
1752 1675
1620 2470
1716 3195
1906 3166
1878 2668
1861 3196
1280 3217
1502 2123
1445 3542
1519 2304
1566 2202
1574 2926
1725 1579
1560 2552
1414 1898
1726 1602
1709 2628
1646 2493
1557 2451
1430 3161
1680 1914
1475 2101
1713 1912
1414 3075
1784 1605
1557 2665
1450 3094
1549 1945
1896 2585
1298 3229
1949 2583
1471 1924
1606 1925
1752 3333
1734 2493
1596 2168
1730 2669
1812 2610
1762 1742
1753 3082
1609 2665
1512 1982
1770 1554
1615 2628
1445 3157
1565 2671
1809 1819
1852 1766
1688 3271
1863 3214
1760 2563
1423 3555
1510 2166
1730 2504
1575 2898
1745 3102
1781 1791
1842 3155
1729 2586
1689 3074
1534 2193
1295 3221
1749 2756
1841 1869
1821 1866
1648 2786
1719 2971
1764 2661
1511 2600
1852 1782
1546 2526
1494 2587
1663 2173
1784 1743
1580 2375
1612 2131
1650 2429
1430 3087
1739 1641
1640 2109
1544 2095
1593 2660
1613 2654
1597 1917
1622 2639
1564 2334
1380 1938
1522 2534
1675 1612
1301 3261
1951 2548
1902 2640
1640 2855
1573 2949
1536 2536
1373 3544
1743 3232
1642 2886
1642 1956
1747 1937
1851 1765
1731 2752
1558 3053
1580 2514
1661 3276
1808 1826
1756 3293
1714 3201
1554 2563
1392 1914
1584 2100
1510 2974
1571 2200
1856 1761
1525 2876
1556 2356
1585 2998
1647 1913
1458 2523
1579 2083
1580 2038
1650 2334
1767 2407
1596 2545
1792 3174
1613 1921
1659 2979
1332 3254
1887 3173
1421 1904
1654 3100
1382 3505
1465 2517
1601 2875
1594 2981
1593 2553
1684 3090
1761 2497
1918 2593
1781 1934
1610 2445
1427 1933
1718 1638
1471 3171
1805 1772
1497 3057
1441 3096
1680 3060
1610 2903
1629 2774
1469 3592
1535 2001
1435 3262
1673 1946
1562 2659
1640 2895
1774 2420
1583 2397
1579 2972
1680 2170
1862 3221
1593 2862
1550 1999
1542 2228
1831 3156
1689 3206
1625 2594
1445 3672
1569 2246
1534 1912
1356 3079
1686 2508
1569 2953
1522 2609
1515 3142
1392 1938
1601 2074
1409 1911
1582 2861
1806 1852
1582 2683
1647 2671
1478 2505
1545 1918
1770 1935
1468 2522
1571 2024
1547 2556
1528 2609
1641 1897
1760 3181
1733 3230
1575 2644
1700 2416
1762 3100
1651 2701
1945 2570
1480 2584
1587 2940
1774 2663
1715 2617
1826 1851
1657 2832
1529 2308
1489 2107
1398 1922
1602 2307
1763 3059
1661 2809
1980 2587
1346 3551
1634 1912
1613 1907
1605 2062
1617 2129
1707 3215
1586 3023
1476 2152
1655 2786
1752 2591
1546 1926
1441 3140
1584 1957
1954 2586
1748 1868
1586 3061
1549 2556
1584 3014
1534 2303
1802 1782
1565 2588
1618 2900
1950 2594
1462 3102
1539 2286
1756 2486
1821 2675
1730 2528
1344 3266
1449 3215
1462 2530
1818 1759
1605 2265
1820 1753
1577 2897
1544 2318
1664 2805
1734 3354
1336 3247
1570 2633
1769 1537
1575 2515
1576 2443
1596 2092
1422 3093
1707 3221
1487 2110
1278 3203
1373 3232
1618 2610
1535 2628
1858 3165
1677 2940
1823 3161
1621 2055
1486 3172
1813 3149
1556 3080
1783 2624
1738 2750
1451 3151
1400 1923
1648 2781
1616 2773
1530 2878
1493 2593
1825 2633
1504 2543
1665 3191
1585 2065
1541 2122
1585 2022
1731 2601
1430 3247
1790 3241
1795 1825
1668 1894
1761 2501
1583 2955
1557 2239
1443 1969
1640 3253
1777 1927
1685 2338
1538 2899
1602 2024
1777 2408
1399 3557
1602 1948
1796 1776
1441 1976
1373 3502
1661 2097
1452 3665
1558 2518
1828 1850
1709 2953
1567 2345
1689 3232
1314 3258
1825 1859
1388 3078
1749 2634
1517 2308
1691 3073
1460 3174
1617 2523
1542 1912
1590 1975
1876 2606
1634 2852
1447 3077
1325 3529
1715 1934
1731 2523
1901 2641
1783 1860
952 3446
1891 2593
1748 2759
1707 3067
1325 3528
1829 1828
1761 1697
1503 2973
1483 1934
1711 2445
1779 1558
1481 3173
1744 2748
1722 3236
1701 3196
1539 2003
1867 2643
1525 2022
1853 2615
1619 3069
1652 3000
1651 2488
1735 2434
1646 1890
1580 2583
1511 3079
1736 1743
1449 1968
1586 2487
1778 3317
1653 2157
1540 2224
1654 3253
1644 1897
1382 3081
1344 3258
1274 3201
1648 3250
1670 3003
1476 2156
1646 2795
1447 3160
1463 2540
1790 2608
1641 2838
1465 2534
1737 2496
1374 3236
1608 2023
1540 2283
1531 2631
1579 2469
1792 1824
1617 2110
1651 2674
1540 2328
1487 2586
1568 2643
1377 1905
1630 2846
1767 1859
1746 1652
1552 2516
1611 3072
1472 2572
1454 3132
1766 3096
1557 2957
1459 3173
1400 1899
1589 3024
1758 1703
1769 3163
1809 1871
1503 2595
1663 2099
1574 2325
1802 3200
1559 2237
1790 2406
1504 2973
1669 3111
1685 1622
1506 2989
1559 1887
1550 2330
1456 3127
1771 3268
1477 1957
1630 1911
1638 2815
1614 1909
1749 2754
1608 2905
1544 1890
1632 2897
1583 1947
1657 2350
1797 3194
1893 2590
1866 3212
1790 1587
1770 2425
1609 2110
1856 1748
1807 2611
1718 2438
1347 3549
1605 2592
1772 2402
1756 2630
1695 2941
1480 2583
1441 1944
1593 2956
1683 3268
1523 2021
1588 2393
1777 1871
1720 2454
1717 3031
1617 2672
1649 2982
1522 3102
1824 1858
1779 1576
1562 2898
1890 2540
1540 2312
1611 2421
1436 2561
1585 2481
1453 3149
1750 3341
1668 1623
1543 2361
1573 2198
1489 3093
1390 3536
1655 2700
1794 1838
1622 2082
1446 3210
1803 1767
1878 2644
1650 1890
1594 2448
1648 2144
1854 1778
1746 2737
1505 2591
1686 3101
1714 2748
1587 1948
1683 2985
1649 2946
1727 2470
1956 2584
1490 2097
1584 2394
1643 2823
1795 3319
1623 2825
1754 2478
1582 3008
1645 2946
1881 2662
1509 3069
1445 3154
1482 2113
1564 2336
1335 3249
1589 2968
1711 1955
1734 3334
1324 3534
1659 2707
1443 1927
1576 2916
1560 3053
1859 2651
1747 1936
1584 2306
1583 2102
1332 3513
1775 3309
1745 3087
1634 2849
1394 3532
1565 2960
1746 1909
1730 2425
1636 2765
1409 1948
1659 3261
1722 1588
1874 3190
1399 1931
1771 2649
1794 2613
1670 1624
1918 2577
1836 2667
1601 1950
1306 3259
1521 3117
1528 2205
1651 2165
1578 2015
1796 3166
1566 2348
1578 2042
1566 3054
1458 2542
1451 1923
1715 1949
1746 1683
1443 3135
1367 3499
1718 2632
1758 2651
1404 3084
1642 2336
1789 3319
1776 2651
1606 2267
1552 3093
1672 3267
1556 3098
1756 2628
1603 2647
1735 3228
1489 2112
1710 1908
1795 3120
1741 2420
1708 2627
1415 3618
1712 1599
684 2831
1969 2606
1655 3087
1618 2763
1594 2997
1698 3295
1706 2957
1356 3294
1646 2683
1775 1925
1593 1989
1440 3571
1529 2134
1716 2980
1490 3086
1306 3206
1876 2646
1713 1599
1913 2551
1666 1892
1769 2422
1750 3103
1791 1786
1738 1610
1800 1881
1616 2589
1407 1939
1638 2830
1522 2533
1443 3655
1739 3345
1737 1705
1462 3145
1554 3081
1767 1864
1559 2207
1653 2502
1562 2454
1454 3664
1511 3155
1975 2581
1525 3154
1641 3097
1446 3589
1421 3622
1525 2534
1575 2922
1550 2114
1769 1933
1663 2811
1489 2097
1344 3268
1757 3208
1755 1874
1574 2943
1735 2510
1351 3088
1581 2910
1636 2480
1733 2507
1806 1748
1705 2990
1542 2292
1519 3056
1610 2549
1790 2389
1582 2507
1651 2353
1752 1681
1598 1878
1746 3089
1685 3039
1648 3081
1483 3123
1449 2554
1682 2885
1520 2143
1563 2136
1548 2950
1573 2527
1803 3191
1764 1605
1610 2345
1560 2454
1619 2918
1536 2624
1700 2763
1554 1915
1663 2741
1485 2145
1768 1854
1484 2591
1568 3061
1731 2591
1705 2614
1835 1865
1581 1975
1722 2438
1637 1912
1861 2605
1531 2303
1704 3334
1608 2147
1636 2865
1296 3218
1427 2574
1606 1909
1760 2495
1448 3608
1759 3174
1412 3493
1653 2372
1616 2341
1390 2441
1546 2512
1503 2561
1608 1885
1760 1876
1779 1563
1763 3311
1486 3143
1645 3098
1563 2340
1896 2572
1759 2495
1574 1921
1800 1830
1579 2043
1454 3162
1629 2137
1551 2088
1832 1833
1753 1966
1549 1918
1785 1588
1757 1899
1731 2708
1628 3257
1727 3094
1781 1593
1907 3163
1355 3250
1577 3029
1593 2937
1731 3354
1778 1607
1579 2403
1408 1927
1687 3081
1741 2738
1893 2642
1812 1762
1352 3078
1452 3112
1624 2330
1539 2139
1754 3109
1648 2694
1462 2516
1642 2130
1597 2907
1653 2155
1537 1994
1805 1821
1633 2131
1616 2613
1694 2967
1793 1564
1877 2599
1692 3303
1615 2652
1615 2135
1661 2996
1569 2518
1794 3238
1646 1931
1409 3091
1561 2654
1402 2454
1405 1939
1763 3318
1351 3091
1621 2467
1603 2526
1752 3326
1648 2871
1891 3196
1565 2573
1694 3285
1558 2362
1780 1568
1680 3262
1761 1889
1546 2311
1763 3177
1564 1917
1657 1926
1656 1935
1685 1623
1592 2168
1670 3087
1607 2150
1666 1942
1569 2517
1921 2553
1352 3250
1382 3080
1394 3545
1733 2496
1616 2166
1566 2519
1665 2171
1787 1572
1436 3102
1517 2193
1566 1894
1769 3254
1509 2984
1546 2115
1592 2969
1725 1660
1600 2449
1784 2434
1588 2857
1876 3181
1715 1910
1544 2554
1433 3550
1729 3235
1622 2912
1355 3251
1419 3623
1413 3503
1502 2589
1623 2667
1535 1914
1689 2350
1440 3606
1447 3073
1733 1739
1577 2853
1746 2560
1500 3055
1891 2659
1585 1954
1704 3031
1637 1945
1630 2133
1594 2511
1665 1943
1607 2267
1751 3234
1582 3007
1773 1562
1778 3326
1345 3272
1898 3194
1445 3160
1604 2493
1593 2867
1594 2512
1612 2323
1750 2544
1861 2640
1650 2911
1493 1945
1728 3049
1661 2340
1783 2403
1578 2283
1778 1557
1748 2736
1422 3154
1779 3156
1536 2000
1887 2561
1874 3200
1454 3207
1771 1873
1771 3124
1365 3230
1616 2630
1542 2366
1838 2672
1670 2910
1726 3065
1815 3149
1571 3028
1509 2181
1770 3053
1422 2571
1435 3205
1814 1827
1766 2414
1737 2724
1437 3215
1806 1853
1560 1993
1496 2592
1456 2106
1534 2958
1616 2121
1649 2957
1552 2083
1624 2466
1691 2717
1866 3163
1647 3076
1615 2827
1738 1629
1338 3254
1498 1951
1841 2673
1790 3124
1816 1829
1793 2392
1584 2954
1549 3025
1542 2897
1609 2399
1481 2113
1746 3235
1427 2592
1645 2974
1548 2135
1725 1650
1409 3161
1462 2139
1402 1934
1644 2953
1483 3114
1658 1936
1761 3169
1579 2107
1648 3093
1687 2946
1650 2147
1725 2474
1492 3088
1879 3169
1613 2898
1446 3094
1583 1890
1807 1689
1670 1945
1591 2938
1671 2341
1775 1922
1553 2089
1734 2745
1608 2570
1653 2913
1743 2718
1731 2580
1543 1909
1758 1607
1549 2111
1550 2141
1535 2532
1627 2643
1582 2297
1744 2679
1631 2135
1490 3065
1510 1983
1478 3100
1654 2491
1738 2424
1803 1861
1776 3173
1655 3102
1604 2921
1860 3166
1686 1625
1662 2344
1654 2105
1875 3177
1520 2507
1533 2328
1665 2919
1713 1574
1572 2402
1869 3172
1798 3194
1562 2241
1356 3278
1541 2880
1388 3506
1462 3587
1742 2732
1798 3193
1721 2950
1588 2333
1716 3209
1530 2610
1722 2658
1797 3170
1541 2539
1652 2767
1605 2304
1662 2884
1639 1945
1563 2459
1646 2776
1504 2579
1613 2525
1580 1994
1736 2669
1680 3267
1591 2999
1401 1943
1655 2814
1558 2361
1545 2549
1650 1961
1611 2620
1579 2481
1441 3214
1405 3078
1533 1921
1760 3209
1383 1945
1645 2841
1590 2075
1779 3152
1792 2608
1435 3561
1727 2693
1759 1727
1790 3177
1564 2473
1497 2585
1728 2522
1469 2522
1445 3571
1570 2457
1611 2527
1654 3181
1609 2493
1736 1704
1484 2173
1648 2986
1645 2982
1754 1693
1412 1936
1783 1927
1514 3117
1797 1933
1735 1724
1724 1598
1369 3085
1771 3316
1568 1982
1784 3187
1619 2921
1654 2502
1669 2749
1442 2555
1515 3148
1536 2327
1774 3159
1587 2513
1575 2470
1322 3259
1575 1916
1649 2442
1566 3056
1625 1900
1725 2619
1773 1598
1647 2681
1767 1540
1885 2549
1588 2648
1823 1757
1763 1702
1556 2001
1723 1657
1557 2219
1679 2509
1652 2955
1539 1999
1826 2635
1765 3235
1761 3209
1341 3503
1742 1937
1888 3167
1646 2670
1655 2803
1529 2536
1800 1875
1706 2987
1553 2219
1766 3277
1556 2524
1495 2586
1799 3318
1861 3221
1572 2327
1545 2097
1469 2554
1591 2261
1665 2504
1910 2585
1855 2620
1526 2306
1582 1956
1549 3024
1525 2009
1700 2504
1546 3035
1682 3039
1577 2972
1698 1612
1760 1878
1445 3635
1755 3174
1791 1723
1716 1901
1537 2007
1668 2975
1894 3189
1661 2513
1743 1709
1302 3220
1740 1705
1723 1586
1672 3008
1745 2747
1524 2303
1437 3184
1791 1576
1652 2798
1436 3092
1555 2245
1751 3319
1536 2903
1597 2570
1558 2523
1519 2510
1535 1929
1454 3527
1772 2434
1499 2133
1701 1597
1329 3285
1418 3085
1632 1907
1398 3536
1575 2021
1563 1896
1426 3554
1565 3028
1412 3492
1575 2111
1784 1794
1459 3083
1519 3121
1594 2907
1553 2196
1634 2825
1671 2943
1481 3089
1528 3104
1589 2054
1689 2515
1533 2332
1572 1880
1806 1775
1743 2739
1667 2746
1646 3272
1442 3644
1614 2671
1600 2292
1919 3174
1716 1926
1678 2341
1530 2632
1739 2558
1615 2050
1393 3523
1745 1970
1602 2073
1662 1613
1453 3669
1668 2752
1642 2111
1510 3077
1763 3253
1404 1902
1755 2671
1770 1757
1576 2881
1729 2587
1597 2873
1945 2548
1362 3540
1573 2939
1952 2593
1644 2685
1794 1936
1725 1599
1507 2530
1595 2858
1737 2411
1572 2955
1564 2135
1645 2756
1502 2095
1497 3138
1695 3077
1781 2622
1537 2876
1621 2563
1740 2745
1312 3258
1620 3053
1578 2079
1725 3079
1453 1978
1623 2896
1590 1995
1668 2919
1641 2885
1588 2022
1781 2621
1588 1994
1501 2176
1864 2607
1395 3557
1653 2914
1614 2121
1699 3038
1443 1971
1662 3031
1630 2128
1555 2001
1806 3204
1647 1935
1575 2443
1562 2361
1340 3267
1541 2233
1761 2670
1566 1981
1591 1934
1853 2618
1805 1875
1728 1610
1652 2164
1599 2569
1804 2610
1945 2543
1615 2298
1597 2909
1470 3086
1564 2669
1504 2187
1527 3143
1544 2373
1471 2566
1631 2134
1432 2573
1474 3101
1587 2910
1665 2746
1648 3076
1785 1931
1555 2454
1524 2012
1784 3227
1642 1893
1562 2648
1558 2517
1772 1943
1444 3217
1708 3338
1814 2697
1597 2977
1612 2673
1477 3124
1372 3241
1333 3252
1587 1910
1807 1752
1676 1951
1621 3066
1549 1900
1470 2552
1613 2129
1603 2017
1768 2406
1617 2453
1701 2979
1754 1896
1865 2573
1541 1933
1590 2009
1659 2171
1742 3175
1892 2577
1421 3547
1770 1755
1776 1867
1624 2121
1424 2567
1802 1843
1656 2360
1478 3120
1501 3054
1578 2852
1790 1922
1577 2476
1554 2076
1539 1933
1309 3260
1614 2521
1688 3282
1657 2950
1633 3068
1818 1582
1782 2404
1485 2133
1503 3059
1478 3608
1543 2006
1517 1984
1619 2599
1798 1719
1679 3066
1670 1631
1729 1633
1722 1592
1752 1971
1787 1879
1668 1609
1482 3656
1789 1589
1703 3223
1702 3296
1599 2018
1663 2883
1571 1880
1594 2654
1710 1658
1398 3560
1628 2112
1566 2904
1604 2589
1570 1985
1465 2555
1801 1684
1310 3259
1581 2197
1614 2440
1454 2119
1872 3164
1966 2607
1601 2590
1483 3172
1756 2653
1728 3093
1755 3081
1620 2447
1753 3107
1561 1888
1558 2211
1605 2620
1835 2632
1770 3265
1748 3104
1469 3100
1434 2398
1476 3168
1497 3157
1551 1937
1686 1628
1455 3547
1721 1911
1441 1975
1741 2562
1528 2144
1775 2641
1491 2121
1704 2987
1602 2525
1756 1866
1638 3254
1442 3638
1545 1911
1529 2330
1762 3271
1722 2621
1792 1807
1793 1872
1399 1937
1798 1770
1774 3119
1612 2908
1578 1896
1612 2902
1424 3619
1556 1938
1605 1882
1947 2589
1385 3542
1504 2560
1717 1910
1860 2567
1503 1961
1761 1706
1532 2318
1836 1861
1612 2046
1763 3060
1598 2554
1892 2544
1668 1921
1649 1941
1435 1938
1707 2626
1416 3160
1870 3166
1906 2545
1702 1942
1613 2900
1652 2449
1542 2221
1734 1720
1445 3261
1653 2422
1745 3280
1607 2584
1662 3047
1769 2403
1441 3191
1586 2053
1766 1722
1773 3229
1803 1825
1608 2444
1334 3509
1675 3063
1768 2665
1699 2334
1631 2643
1754 3229
1510 1976
1576 2184
1563 2571
1487 3123
1652 2880
1672 1898
1523 3120
1699 2415
1300 3218
1733 2974
1593 2856
1612 2552
1743 2552
1581 1947
1427 3644
1507 3153
1777 1905
1741 3175
1880 3188
1518 2194
1391 3556
1611 2608
1627 3058
1623 1904
1381 1943
1745 3255
1774 3046
1540 2232
1636 2476
1534 2007
1394 1897
1602 2292
1382 3546
1726 2676
1563 2897
1712 1921
1655 3084
1758 2408
1744 2563
1664 2342
1611 2396
1854 1761
1574 2907
1439 2401
1763 3063
1600 2582
1343 3497
1557 2881
1502 3082
1656 2914
1634 3093
1853 2629
1570 2649
1969 2582
1435 3584
1614 2343
1446 3110
1638 3082
1616 2587
1532 2128
1292 3245
1774 3308
1772 1949
1673 2901
1429 3167
1799 3169
1719 1573
1545 2210
1794 1863
1767 3266
1666 3088
1411 1906
1427 2591
1523 2018
1603 2564
1702 1620
1648 2770
1715 1570
1639 2898
1778 3273
1349 3077
1560 2894
1565 2900
1478 2141
1723 1714
1586 1958
1781 1869
1440 1962
1589 2938
1493 1950
1647 3000
1709 1599
1627 2630
1479 3181
1658 2704
1607 1881
1497 2168
1448 3170
1522 2205
1577 2040
1530 2330
1439 1960
1532 2624
1561 2135
1418 3081
1575 2323
1734 1635
1816 2678
1756 2640
1463 2108
1679 2986
1942 2555
1706 2985
1497 2991
1687 3098
1790 3238
1705 2954
1787 2403
1487 2129
1510 1986
1863 3215
1658 1935
1791 1714
1752 3316
1601 2530
1485 1933
1877 2672
1831 1768
1608 2050
1788 1734
1498 3085
1537 2894
1582 2116
1601 1946
1732 2478
1765 3165
1684 1630
1821 2622
1680 3257
1790 2394
1564 2552
1586 3065
1811 3193
1747 1976
1667 3091
1773 2402
1546 2513
1894 3197
1744 1599
1669 2756
1740 3343
1371 3248
1743 2747
1619 2596
1304 3244
1854 3170
1806 1855
1495 2199
1577 2375
1505 2973
1628 2106
1858 3203
1513 3065
1610 2544
1490 3143
1602 2396
1521 2119
1501 2213
1737 3350
1577 1887
1631 2743
1649 3086
1546 2540
1701 3309
1560 2521
1687 3054
1829 1834
1425 3147
1810 3198
1608 2021
1556 2584
1609 2302
1826 3153
1742 2751
1549 3026
1455 3126
1285 3208
1685 2983
1358 3527
1576 1983
1554 2220
1450 3611
1417 1919
1295 3234
1684 2170
1442 3089
1627 2057
1489 3137
1487 2162
1755 2490
1754 3336
952 3040
1597 2514
1653 2481
1595 2649
1573 2650
1488 2598
1409 3077
1464 2138
1768 3057
1589 2330
1544 2086
1584 2952
1608 1919
1662 2700
1543 2382
1509 1969
1772 2647
1541 1913
1673 1613
1805 3193
1913 2653
1586 2916
1643 2682
1756 2566
1702 3320
1403 1897
1680 3260
1552 2139
1503 3154
1453 3668
1721 1637
1763 1760
1803 1813
1588 2643
1687 3072
1386 3552
1601 2279
1784 1558
1562 2954
1664 1942
1559 1942
1668 2518
1547 2509
1609 2520
1659 2797
1549 2551
1792 1712
1294 3238
1650 2445
1651 2704
1657 2830
1579 2105
1582 2071
1581 2858
1658 2798
1628 2118
1574 2925
1611 2020
1720 1894
1619 3071
1581 3053
1731 1739
1490 3101
1597 2090
1500 2196
1549 2112
1769 3046
1542 2536
1372 1936
1633 3087
1436 2404
1611 2138
1863 2635
1595 2986
1716 1965
1562 2656
1584 2460
1586 2498
1846 2631
1742 2642
1425 1901
1632 3068
1508 2181
1324 3269
1752 3332
1633 1942
1860 2600
1506 3060
1412 1964
1593 2955
1764 3270
1589 1973
1400 3631
1491 3152
1732 1604
1972 2591
1754 2428
1757 2488
1809 2614
1579 2082
1669 3088
1776 2641
1635 2334
1649 3074
579 3293
1772 1559
1572 3028
1521 2527
1541 1912
1552 2530
1788 2434
1727 2469
1617 2172
1594 2475
1540 1916
1286 3219
1760 1880
1711 2640
1615 2138
1424 3126
1789 3211
1369 3078
1608 1911
1664 2744
1463 2562
1575 2671
1760 2409
1574 2968
1659 2110
1976 2584
1472 1939
1351 3276
1436 3646
1512 2512
1510 2110
1952 2550
1662 3108
1860 3202
1697 2502
1586 3004
1647 2494
1669 2914
1611 2674
1586 2501
1553 2006
1761 3267
1576 3064
1860 2596
1629 2863
1738 1577
1463 3655
1827 1842
1679 2943
1512 3001
1670 2898
1821 1752
1279 3200
1765 2381
1554 2005
1586 2325
1868 2674
1562 2340
1708 1950
1739 1572
1561 2652
1644 3267
1413 1920
1655 3264
1479 1929
1557 2238
1760 2383
1712 3327
1756 2632
1714 2645
1550 2220
1655 2343
1611 2287
1858 2646
1513 3144
1613 2325
1361 3091
1645 1894
1497 2131
1407 1962
1792 1582
1785 3318
1594 2509
1741 2719
1762 3305
1543 2143
1783 1731
1298 3232
1739 2562
1427 3107
1686 2334
1679 3202
1675 2345
1470 1931
1564 1924
1611 2772
1620 2427
1433 3208
1299 3233
1630 3256
1574 2512
1630 1942
1450 3171
1577 2958
1457 3261
1704 2952
1642 3259
1779 3168
1640 2141
1733 2608
1505 2562
1461 2528
1508 2535
1527 2138
1731 2602
1787 3225
1752 3323
1714 1966
1338 3268
1759 2494
1511 1978
1789 1735
1565 1887
1551 2878
1658 2725
1437 2556
1497 2138
1800 1851
1738 1878
1642 2764
1741 3221
1651 2173
1649 2998
1587 1892
1660 3031
1794 1784
1477 3086
1418 1919
1748 2574
1505 3040
1873 2653
1533 1997
1748 1909
1461 3598
1419 3087
1889 2580
1450 3596
1356 3530
1504 2596
1480 2126
1525 2205
1817 1749
1896 3196
1545 2140
1575 3058
1554 1891
1718 1635
1727 2680
1548 1946
1366 3508
1772 1604
1555 2916
1716 2449
1593 2271
1604 2651
1758 1958
1960 2603
1477 3100
1669 2893
1850 3167
1642 2763
1593 2250
1675 1610
1452 3126
1705 2622
1617 2120
1792 3222
1665 2341
1655 2440
1546 2956
1749 2568
1810 1759
1408 1939
1744 1596
1543 1912
1600 2286
1583 3013
1611 2024
1555 2484
1608 3074
1848 3169
1769 1601
1776 1871
1801 1854
1724 2658
1593 2638
1585 2056
1733 1724
1706 2448
1657 2507
1605 2559
1618 2924
1445 3589
1684 1930
1569 2641
1827 3158
1711 1592
1753 1896
1670 3265
1746 2567
1759 1604
1397 1932
1496 2144
1448 3545
1579 1976
1764 1711
1320 3266
1821 1862
1871 2653
1744 1714
1572 2061
1807 1825
1546 2091
1760 3234
1298 3217
1666 2341
1700 3068
1810 2605
1518 3037
1523 3136
1389 3530
1475 3183
1753 3335
1715 2956
1624 2579
1559 2668
1529 2147
1577 3064
1531 2296
1575 2629
1431 1899
1748 1935
1547 2100
1288 3226
1581 2475
1766 3234
1805 1769
1638 2931
1728 2599
1535 2331
1763 3312
1745 1928
1753 2637
1727 2609
1291 3240
1622 2768
1628 1896
1560 2336
1646 1929
1718 1886
1584 1984
1559 2147
1655 2911
1441 3146
1508 1985
1509 2989
1645 2482
1684 3053
1513 1977
1731 3097
1603 2049
1656 3004
1520 3055
1593 2294
1424 1893
1729 3328
1484 2586
1681 2990
1500 3081
1593 1969
1573 2982
1573 2253
1785 1802
1756 1902
1661 3187
1455 1926
1576 2456
1387 3497
1673 2524
1704 2435
1574 2020
1530 2210
1279 3223
1598 2309
1579 2477
1401 3629
1534 2335
1617 1909
1666 1904
1763 3300
1683 1907
1728 2579
1438 1976
1526 3092
1647 2956
1485 3152
1679 1931
1426 3118
1571 2929
1884 3192
1758 1889
1538 2228
1841 1865
1416 1952
1610 2593
1766 3092
1654 2707
1657 2490
1716 2465
1711 2717
1574 1878
1736 1623
1612 2909
1685 2989
1540 1931
1544 1915
1572 2930
1585 2322
1805 1773
1866 3166
1524 3077
1625 2870
1494 2160
1734 2490
1444 1925
1664 2429
1591 3073
1849 3148
1739 1628
1409 1956
1838 1769
1520 2517
1754 3171
1752 3068
1340 3244
1776 1598
1440 3162
1602 2280
1695 3311
1423 2578
1529 2616
1470 2518
1401 3505
1506 2196
1463 2524
1816 1741
1386 3541
1709 2966
1551 2083
1817 1591
1857 1748
1965 2586
1601 2023
1556 2075
1461 2531
1635 2823
1407 2577
1766 1742
1663 3113
1737 2477
1721 1585
1790 1606
1633 2475
1623 2912
1753 1677
1519 2534
1457 3127
1440 3646
1626 2570
1966 2608
1871 2612
1748 2754
1508 2595
1605 2532
1716 3058
1519 2505
1662 2692
1536 2621
1487 3097
1412 3621
1743 3235
1665 2508
1491 3095
1551 2087
1646 2957
1649 3073
1625 2675
1762 3114
1566 3067
1416 3621
1586 2073
1331 3516
1458 2119
1599 2500
1612 2539
1809 3194
1779 3133
1462 1929
1550 2221
1473 2104
1580 2304
1604 2049
1738 1578
1888 2574
1608 2541
1456 2564
1727 2581
1580 1881
1852 3160
1677 3050
1446 2550
1520 2519
1754 3250
1658 3030
1781 1793
1794 3177
1674 2893
1919 2582
1604 2299
1659 2798
1817 2599
1792 2612
1777 3138
1587 2058
1674 3196
1782 3235
1458 3593
1644 1957
1391 3530
1614 1905
1870 2600
1417 1906
1520 2521
1657 2831
1411 1916
1630 2633
1745 1879
1867 2576
1752 3181
1552 2003
1507 2567
1953 2552
1769 1596
1578 2092
1589 3062
1531 1988
1844 3156
1781 3191
1517 2595
1778 2395
1578 2632
1710 2451
1657 3034
1643 2105
1792 3314
1433 3266
1553 2220
1777 1557
1785 1795
1589 2476
1682 1634
1443 3193
1580 1941
1749 3317
1663 3003
1629 2119
1719 2460
1542 2224
1571 2400
1577 2098
1544 2226
1719 3208
1587 2878
1400 1922
1831 1859
1668 2928
1674 1921
1783 1864
1393 2441
1704 2426
1614 2668
1762 3175
1580 2852
1359 3500
1652 2962
1602 2494
1869 3195
1598 2566
1625 2899
1746 3112
1578 3024
1512 2103
1529 3042
1724 2435
1726 2610
1771 1950
1436 3211
1405 3512
1796 1801
1736 2500
1777 3176
1773 1902
1485 1925
1753 1749
1494 3059
1633 2458
1679 2414
1756 3216
1729 2671
1750 1686
1719 2461
1622 2473
1587 2071
1778 2393
1608 3064
1944 2574
1575 2673
1760 2639
1555 3102
1792 3168
1434 3071
1656 3086
1750 3183
1577 1919
1704 2955
1648 2901
1541 2966
1786 3191
1644 2886
1793 3143
1625 2880
1715 1928
1639 2454
1542 2121
1668 3270
1706 3223
1818 1827
1778 1924
1403 1901
1843 1766
1820 2693
1553 2132
1491 3094
1618 2917
1631 1925
1850 3166
1613 2617
1532 2966
1508 3081
1581 3027
1571 2004
1661 2428
1562 2577
1539 2230
1264 3195
1816 1879
1654 2503
1807 1774
1577 2474
1607 2354
1756 1690
1659 2992
1816 1884
1450 1976
1679 1923
1614 2391
1437 3551
1582 1972
1790 3237
1782 3167
1873 2646
1593 2551
1542 2958
1553 2525
1683 1916
1744 1608
1852 2616
1825 1825
1536 3036
1487 1957
1747 1894
1605 2150
1557 3015
1557 2095
1301 3247
1771 1566
1653 2328
1433 3260
1486 2591
1467 3147
1771 3314
1527 2616
1648 2785
1660 2090
1440 3604
1892 2542
1412 1907
1659 2812
1751 3310
1647 3090
1413 2580
1526 2003
1650 2719
1730 2575
1582 3061
1712 3328
1560 2582
1762 1699
1541 2383
1769 1548
1902 2639
1505 2220
1425 3091
1658 2756
1645 1911
1677 1923
1440 3183
1588 2410
1481 3097
1761 2560
1811 1832
1506 2197
1728 1634
1526 2877
1579 2288
1890 2541
1781 1755
1540 2318
1834 1769
1774 2434
1733 1878
1694 3094
1325 3533
1543 2205
1787 3197
1348 3088
1582 3016
1661 1895
1637 2883
1582 1926
1657 2098
1755 2668
1648 2798
1618 2639
1423 1961
1970 2589
1661 3270
1802 1824
1329 3257
1444 3639
1787 3224
1664 2088
1389 3514
1722 3052
1518 2512
1675 3084
1475 3648
1634 2754
1735 2416
1649 2363
1947 2593
1767 1872
1694 2719
1760 3308
1891 2648
1373 3081
1829 1764
1664 3046
1606 2284
1769 1934
1449 3552
1456 3085
1466 2112
1767 3261
1700 1904
1621 2892
1585 2456
1832 3151
1794 3319
1433 3582
1650 2886
1612 2292
1491 3101
1668 3112
1756 2388
1603 2055
1437 1934
1623 2330
1592 2967
1581 1915
1766 3061
1574 2467
1499 1962
1618 2609
1915 2553
1633 1945
1574 2367
1779 1864
1644 2823
1686 3093
1646 2996
1683 3045
1876 3186
1736 1644
1730 2707
1734 2698
1834 2637
1778 2646
1591 2330
1668 2759
1575 2431
1676 2514
1650 2694
1711 3329
1816 2679
1892 2645
1479 2155
1667 1927
1899 2539
1695 2942
1618 3070
1631 2334
1734 3328
1789 3202
1808 1829
1593 2550
1796 1935
1523 3104
1568 2416
1399 3565
1678 3042
936 3029
1611 2085
1782 3130
1631 2845
1574 3057
1558 3081
1295 3239
1877 3159
1668 3189
1808 1852
1742 3315
1609 2069
1447 3159
1590 1993
1441 3603
1582 1915
1543 2963
1892 2568
1764 3052
1535 2965
1533 2323
1693 2938
1611 2422
1786 3200
1576 2575
1631 1920
1418 2573
1633 2483
1742 3316
1657 2096
1520 3104
1503 2970
1597 2293
1458 3098
1328 3269
1665 2756
1640 2460
1562 2475
1670 3190
1435 3131
950 3040
1479 2575
1730 1883
1627 2875
1876 3163
1668 2813
1654 2430
1466 3155
1499 2972
1660 2708
1796 1933
1464 3175
1925 3180
1656 3097
1514 2178
1693 2971
1532 2537
1796 1580
1594 2868
1751 3333
1888 3187
1791 1920
1744 2561
1363 3072
1538 2536
1567 1985
1655 1897
1441 3563
1561 2350
1762 2502
1597 2901
946 3030
1437 3590
1426 3621
1487 2096
1612 2048
1433 3637
1554 2585
1655 3261
1414 3621
1895 2532
1439 2557
1301 3246
1615 2764
1546 2375
1757 3168
1504 2552
1557 1997
1582 2306
1460 1943
1659 1899
1867 2651
1421 3092
1486 2156
1568 3070
1671 1897
1716 2448
1615 2619
1713 2716
1863 3196
1802 3162
1470 2560
1768 1852
1610 2508
1754 3110
1530 3139
1618 2606
1515 2596
1524 3150
1683 3254
1724 2476
1605 2568
1516 3001
1552 2569
1597 2294
1879 2598
1586 2057
1450 1916
1681 2417
1563 2553
1795 1845
1505 2148
1637 3265
1723 1574
1794 1862
1565 3071
1523 2198
1578 2512
1752 3169
1860 3168
1464 2519
1901 3197
1576 2671
1758 1697
1767 2665
1589 2464
1540 1930
1533 1911
1854 3171
1879 3191
1729 1616
1560 3025
1672 3086
1649 2500
1540 2118
1768 1955
1455 1923
1546 3095
1675 1631
1376 3232
1709 3232
1665 2900
1718 1592
1883 2540
1643 3249
1796 1723
1816 1883
1579 2286
1626 3061
1745 3348
1609 1923
1611 2673
1521 2518
1791 1582
1738 2419
1559 2671
1532 3111
1582 2100
1515 3075
1572 2022
1493 3053
1449 3094
1830 3154
1572 2462
1687 3052
1914 3176
1428 3146
1411 3509
1496 3055
1629 2527
1599 2452
1723 2963
1577 2030
1667 2998
1339 3503
1586 2393
1294 3236
1757 1911
1810 1601
1886 2574
1337 3510
1675 2896
1688 3067
1534 2222
1742 1709
1728 3323
1786 2404
1783 1869
1586 3063
1689 3085
1352 3281
1849 1769
1701 2429
1615 2084
1513 2590
1496 2209
1763 1699
1692 2977
1790 2637
1523 2978
1799 1767
1560 2669
1676 2713
1781 3232
1811 1885
1727 2670
1565 2953
1725 1640
1694 2979
1814 1854
1670 1940
1451 3217
1487 2133
1640 2856
1910 3163
1739 2751
1719 2457
1738 2481
1632 2864
1592 2314
1791 2390
1575 2641
1405 3082
1584 2020
1648 2461
1719 2713
1549 2086
1802 3199
1479 2109
1531 2315
1485 1958
1789 3140
1480 3653
1288 3224
1697 2417
1565 2083
1397 3537
1811 3155
1740 3331
1453 3085
1574 3027
1568 2567
1706 3205
1509 2098
1387 1904
1766 3266
1822 2691
1429 3122
1627 2829
1353 3084
1770 3264
1581 2584
1375 3232
1831 3158
1659 3028
1575 2428
1514 2988
1578 2960
1768 1592
1440 3216
1720 3229
1686 1632
1792 2395
1747 3310
1664 2815
1827 1583
1566 2345
1723 2435
1546 2507
1690 2967
1654 3102
1686 3096
1504 2221
1509 2983
1677 3034
1976 2592
1689 1960
1521 2524
1652 2154
1668 2086
1719 2635
1439 3166
1623 2164
1763 3302
1675 1613
1437 3593
1711 3052
1869 3163
1502 3060
1710 2719
1564 2084
1621 2138
1623 2970
1618 2643
1709 2609
1405 1915
1619 2637
1573 2635
1817 1763
1615 1919
1576 3059
1782 3196
1783 1751
1440 3594
1785 2434
1606 2767
1623 2626
1763 1743
1739 2667
1463 2115
1698 2974
1853 2619
1899 3199
1510 2993
1654 2728
1627 2475
1741 1878
1382 3507
1756 3294
1745 1933
1677 2978
1713 1955
1778 1561
1275 3204
1584 2519
1750 1973
1666 3018
1772 1741
1648 3080
1357 3291
1586 2486
1480 1930
1480 2147
1778 2653
1563 2580
1399 3567
1548 2525
1566 2243
1729 2511
1437 2403
1641 2483
1602 1880
1744 2431
1934 2561
1624 2057
1487 2136
1528 3089
1582 2952
1761 3066
1740 1596
1614 3072
1387 3506
1811 3156
1576 2510
1890 2547
1681 2509
1441 1923
1833 2667
1873 2675
1722 1578
1644 2947
1757 3182
1657 3033
1774 2655
1574 2191
1748 3215
1534 2304
1671 2970
1434 3626
1478 3149
1572 2882
1624 2478
1579 2583
1587 2466
1483 3130
1790 1843
1609 2538
1732 2944
1722 1885
581 3273
1627 1919
1672 3010
1729 1886
1517 2199
1529 3089
1872 3170
1796 1581
1646 2923
1382 1941
1300 3213
1431 2572
1595 2452
1792 3220
1706 3212
1781 1563
1634 1935
1705 1597
1657 3184
1749 1973
1593 2967
1676 2937
1293 3245
1758 3325
1648 2428
1817 1592
1496 2126
1348 3248
1494 2143
1713 2717
1607 2284
1743 3312
1393 3520
1573 2515
1509 3144
1572 2373
1528 2879
1743 3242
1672 3043
1709 2655
1558 2555
1572 2249
1803 1808
1673 3110
1731 2600
1434 3265
1586 1908
1674 3110
1914 2542
953 3040
1788 2635
1561 2655
1851 3217
1773 1951
1552 2234
1675 2522
1882 2538
1516 2149
1677 3207
1702 3231
1769 3262
1422 3637
1486 1926
1634 2339
1734 2484
1680 1911
1576 3066
1648 2868
1620 2565
1960 2591
1660 2758
1653 2500
1481 1938
1558 1996
1775 1914
1686 2510
1484 2110
1654 2170
1572 2197
1753 1704
1654 2093
1428 3108
1675 3193
1693 2967
1576 3032
1474 3119
1789 1563
1599 2511
1849 2660
1596 1926
1537 2305
1510 1973
1693 3229
1799 1753
1731 1617
1735 1636
1517 3120
1438 3636
1663 2921
1896 2588
1735 2494
1635 2744
1657 2800
1718 2970
1662 3272
1730 3064
1748 3103
1676 2897
1536 2121
1367 3506
1480 2600
1556 3087
1714 3239
1405 1960
1485 2582
1370 3507
1621 2890
1702 3293
1357 3292
1665 3013
1863 2664
1701 2421
1532 2133
1547 3095
1594 2648
1783 3129
1675 2336
1750 3269
1820 2678
1688 1959
1730 3084
1741 1609
1577 1896
1614 2441
1600 2450
1608 2051
1668 3020
1649 2429
1737 2501
1553 2117
1508 1980
1944 2554
1558 2581
1769 2490
1746 1871
1742 1938
1376 3244
1637 2968
1733 2595
1397 1916
1592 2395
1749 1704
1493 3153
1594 2312
1628 2339
1923 3172
1574 2470
1596 2162
1380 3532
1360 3534
1661 2998
1876 2672
1417 1902
1486 3165
1883 2653
1537 2612
1782 3162
1617 2423
1736 3247
1545 2951
1687 2949
1644 2683
1715 1900
1442 3209
1565 2477
1436 3130
1531 2309
1699 2972
1628 2620
1665 2505
1396 3077
1610 2517
1528 2122
1352 3280
1756 3298
1579 2289
1610 2662
1652 2915
1631 2742
1906 3163
1897 2522
1730 1729
1606 2265
1659 2978
1478 3139
1632 2743
1508 2100
1713 1961
1755 1922
1291 3242
1705 2745
1426 3578
1798 1802
1543 2314
1697 2419
1756 3300
1670 2899
1870 2649
1598 2066
1649 3092
1564 2352
1698 1935
1773 2391
1693 1599
1449 3613
1747 2479
1819 3158
1667 3011
1574 2094
1481 2162
1357 3070
1611 2106
1575 2097
1643 2138
1723 2945
1518 3056
1826 1855
1475 2594
1810 1820
1531 2118
1541 2280
1490 2130
1459 3139
1481 3095
1715 3058
1459 3132
1433 3089
1801 1861
1802 1788
1419 1903
1571 2926
1582 2579
1815 1866
1796 1796
1720 3058
1698 1624
1579 2409
1583 2969
1772 1551
1546 2337
1570 2518
1732 1739
1626 2853
1698 3334
1769 3315
1722 2749
1428 3165
1762 3254
1552 2147
1581 2874
1595 2269
1833 1860
1615 2669
1808 1695
1655 2351
1329 3268
1745 1932
1583 3062
1577 2914
1558 2565
1827 3160
1698 3192
1448 3571
1392 3519
1910 3175
1553 3022
1843 3153
1737 2686
1605 2879
1559 1937
1577 2652
1572 2560
1580 1890
1640 2848
1571 2397
1694 3074
1366 3509
1763 1707
1523 3154
1661 2717
1602 2490
1587 2111
1870 2603
1560 2955
1519 3153
1659 3264
1351 3286
1580 2635
1318 3266
1682 1953
1517 2571
1594 2664
1424 2593
1331 3256
1806 1860
1596 2329
1769 2382
1856 2643
1532 3100
1760 1600
1728 2598
1563 2962
1613 2393
1664 2811
1514 1980
1724 2615
1863 2608
1785 3237
1732 2426
1752 3106
1524 3040
1640 2473
1738 1608
1466 2522
1843 3163
1383 1906
1558 2587
1687 2497
1379 3240
1605 2151
1630 2107
1449 3640
1877 3161
1403 3078
1626 2857
1698 2425
1680 2168
1611 1911
1307 3252
1520 2600
1619 2426
1745 2429
1406 3093
1692 2348
1515 2595
1718 2628
1648 2840
1471 2119
1645 2865
1558 2664
1731 2754
1527 3104
1593 2270
1558 2537
1776 3309
1733 2692
1769 1956
1657 3031
1745 1908
1764 1869
1488 2583
1510 3155
1652 2816
1634 2851
1505 2181
1559 1939
1668 2814
1552 2010
1497 2128
1948 2592
1518 2178
1649 2447
1797 3205
1791 3218
1507 2556
1684 1907
1866 2657
1789 2394
1625 2489
1801 3188
1777 3240
1613 2619
1671 2713
1970 2595
1665 3194
1903 3196
1753 1929
1570 2189
1532 2193
1843 3162
1728 2942
1756 3205
1656 1957
1680 1928
1580 2517
1775 2659
1784 3147
1887 2537
1622 2640
1687 2498
1681 3266
1806 1753
1861 1751
1647 2975
1902 2637
1711 3324
1586 2024
1545 3029
1528 2123
1428 3126
1461 3128
1347 3544
1826 3158
1328 3520
1438 3187
1569 2103
1664 1896
1527 2121
1886 3180
1690 3062
1907 2585
1956 2598
1723 1887
1552 2012
1477 2563
1556 2355
1527 3059
1557 2231
1674 3197
1631 2752
1715 2976
1409 1955
1732 3098
1814 1862
1749 1908
1552 3013
1600 1938
1657 2884
1768 3240
1554 2004
1582 3027
1376 3247
1647 2366
1767 3229
1687 3282
1645 3003
1789 1853
1612 1926
1967 2602
1591 2466
1754 3174
1760 2497
1747 1609
1643 2996
1787 1566
1665 3006
1576 2563
1619 2826
1668 3271
1603 2294
1708 3206
1668 2515
1511 3059
1853 1762
1485 2591
1561 3025
1749 2633
1724 1660
1804 1597
1465 1940
1501 1947
1703 2620
1946 2582
1577 2575
1590 2457
1676 2940
1491 2594
1532 2622
1568 2366
1721 2714
1666 2702
1674 2422
1837 2667
1519 2139
1762 3050
1641 2858
1442 3563
1816 1882
1437 3195
1428 1900
1562 2672
1736 2601
1485 2132
1499 2576
1534 2982
1570 2928
1829 2668
1697 1591
1609 1914
1708 2953
1763 2496
1641 2097
1585 2402
1470 3100
1719 1575
1574 2021
1751 3085
1724 2746
1439 2589
1707 3224
1672 1945
1718 3201
1667 3093
1805 3162
1946 2592
1866 2659
1568 2953
1539 1993
1909 3163
1574 2635
1777 1740
1611 2295
1327 3535
1703 1654
1452 3151
1699 3303
1707 3322
1696 2974
1292 3214
1720 1941
1703 3336
1701 3308
1387 1906
1544 3030
1782 2625
1635 3071
1483 3162
1826 1856
1514 3072
1450 3149
1790 2625
1805 1865
1642 1897
1719 1613
1549 2890
1466 2134
1736 2422
1674 1925
1557 2077
1662 1895
1893 2556
1773 3151
1464 3132
1744 1591
1549 1946
1391 3513
1722 2437
1799 1834
1546 2087
1712 1611
1744 2484
1757 1681
1661 3000
1331 3284
1545 2894
1816 1830
1605 2016
1762 3167
1307 3227
1606 2059
1401 1897
1878 3189
1736 2483
1788 1582
1803 1874
1716 3203
1619 3056
1805 1702
1493 2198
1953 2546
1796 1847
1459 3131
1571 3022
1531 2321
1582 2052
1877 2649
1755 2413
1741 1641
1764 3111
1782 1756
1658 2819
1655 2690
1470 3652
1806 1703
1440 2598
1760 3098
1870 3163
1643 1893
1758 3082
1528 2614
1426 1904
1540 1888
1674 2980
1433 3107
1441 3089
1678 3092
1811 3194
1517 2310
1667 2166
1759 1960
1573 2439
1606 2351
1685 2892
1569 2346
1803 1786
1552 2196
1661 1903
1667 3196
1406 1907
1636 2527
1877 3163
1770 1943
1513 2178
1660 3117
1745 1608
1638 3258
1438 3192
1572 2936
1799 1850
1493 1957
1760 2660
1599 2174
1875 3188
1706 3218
1388 3497
1796 1825
1747 1969
1475 3105
1417 3226
1661 2514
1801 1822
1595 2866
1501 2212
1711 2647
1763 1875
1585 1941
1575 2935
1479 3120
1521 2597
1772 1872
1712 1592
1791 1843
1719 2455
1579 2322
1591 1956
1713 2449
1426 1930
1632 2764
1555 2335
1519 2596
1504 2595
1545 1915
1751 3067
1421 3157
1599 2670
1786 1560
1509 2972
1626 2472
1615 2051
1593 2669
1756 1903
1690 2513
1455 2120
1538 2624
1652 2456
1593 2053
1555 2212
1692 3228
1731 3326
1581 1948
1497 2173
1500 3073
1724 3239
1379 1908
1759 2642
1400 3572
1746 1872
1795 1791
1603 1916
1578 2507
1674 3080
1744 1721
1588 2872
1501 2981
1739 2669
1907 3172
1719 1616
1913 2640
1570 2895
1446 1927
1564 2670
1646 2979
1509 3147
1731 2712
1630 2899
1643 1933
1737 1580
1485 3134
1606 2547
1717 1658
1608 2141
1691 2500
1663 2739
1406 3631
1589 2475
1405 1913
1454 1914
1407 2567
1470 1939
1668 2756
1670 3050
1755 3319
1591 2874
1769 3060
1555 2872
1759 3211
1525 2303
1727 2520
1874 3161
1545 3083
1548 3037
1775 1742
1792 1711
1767 3230
1510 2553
1344 3087
1650 2687
1648 2106
1802 1702
1726 1633
1566 2574
1597 2994
1587 2648
1569 2289
1585 2968
1734 2694
1663 1607
1644 2811
1718 1940
1608 2620
1533 3110
1775 3242
1725 1890
1577 2936
1656 2980
1869 2611
1413 3074
1550 1939
1790 1754
1679 2419
1653 2700
1554 2590
1561 2901
1568 3063
1763 2497
1833 1825
1763 1747
1863 3221
1623 2079
1791 1589
1520 2198
1648 3099
1797 1585
1502 2094
1777 2617
1494 2219
1753 3326
1825 3147
1875 3163
1617 2914
1583 1927
1587 1928
1718 1640
1728 3230
1805 1868
1429 3575
1803 1782
1525 3049
1559 2914
1395 3545
1494 2592
1671 3190
1582 2908
1480 2133
1634 3070
1657 2882
1681 2895
1582 1963
1764 1607
1454 3118
1553 2568
1751 1706
1506 2173
1779 1560
1704 3035
1761 3051
1596 2907
1663 2999
1741 2680
1270 3194
1651 2785
1531 3139
1444 1921
1722 1890
1400 3554
1709 3049
1451 1978
1817 2693
1678 1601
1772 1560
1545 2002
1694 3087
1527 2143
1710 1906
1730 1732
1772 1917
1417 1918
1460 3083
1604 2920
1687 1601
1543 2321
1619 2525
1730 2576
1440 3208
1891 3179
1863 3200
1692 2350
1740 1722
1867 2553
1460 2103
1546 2525
1845 3173
1594 2473
1432 3630
1607 2630
1342 3277
1785 3195
1407 3079
1507 2146
1612 2149
1411 1901
1377 3524
1826 1857
1579 2379
1450 3210
1462 3273
1476 2100
1544 2539
1792 3224
1736 2734
1493 3063
1725 3236
1639 2987
1579 2488
1432 3143
1574 2583
1440 3192
1592 2874
1739 1876
1757 3105
1495 2205
1624 3051
1509 3065
1390 3074
1523 3130
1651 2686
1772 1595
1416 3226
1430 3578
1292 3215
1505 2197
1561 2455
1750 3077
1803 1753
1805 1745
1392 3557
1573 2197
1528 3088
1721 2595
1708 3060
1545 2506
1504 2591
1795 3202
1730 2516
1450 3175
1885 2555
1574 2932
1602 2284
1476 2506
1598 2578
1512 2551
1659 2813
1577 2111
1459 3133
1677 3110
1458 3122
1657 3041
1671 2510
1568 2319
1378 3504
1546 1916
1456 2545
1453 2558
1661 2997
1629 1896
1574 2934
1704 2746
1429 3123
1781 1907
1509 1975
1387 3498
1632 2524
1306 3207
1524 2874
1431 3556
1516 2976
1338 3516
1863 2639
1599 2278
1751 2593
1680 1903
1556 2090
1295 3238
1622 2587
1622 2482
1663 2101
1761 3271
1639 2985
1459 2524
1292 3213
1569 2663
1427 3575
1796 1839
1667 2807
1772 1902
1511 3144
1589 2909
1749 3340
1704 2751
1705 1936
1471 2519
1579 2912
1543 2226
1597 2078
1662 2099
1843 3151
1509 3066
1597 1948
1760 3327
1749 2640
1785 3199
1613 2769
1598 2507
1345 3249
1786 3141
1695 3039
1850 1771
1447 3559
1381 3504
1654 2868
1549 2103
1566 2132
1615 3070
1769 1896
1644 1955
1484 2156
1565 2560
1890 2648
1386 3547
1769 1940
1449 3109
1762 3302
1795 1566
1541 1936
1351 3541
1736 2421
1737 3345
1821 3158
1416 3225
1754 3319
1482 3158
1647 2962
1735 2521
1578 1922
1611 2584
1298 3235
1797 3319
1614 2632
1672 3063
1644 3068
1405 3083
1720 1640
1717 3056
1794 1585
1427 3120
1566 2956
1584 2505
1675 2514
1915 2552
1498 3155
1795 1868
1711 3327
1466 2138
1747 2739
1649 2106
1507 2101
1544 2959
1520 2177
1336 3516
1787 1734
1555 2005
1893 2557
1754 2674
1390 3513
1778 1603
1586 2326
1364 3538
1632 2904
1786 3138
1643 2461
1821 1863
1753 1893
1753 1675
1595 1967
1664 3028
1726 2580
1464 2517
1756 1978
1711 1617
1860 2641
1685 1945
1601 2118
1752 3171
1682 1636
1849 2614
1774 2657
1776 1592
1450 3162
1439 3192
1579 2854
1539 1928
1579 2398
1761 1605
1812 1599
1583 2294
1424 1961
1547 2375
1653 2352
1645 2945
1552 3020
1641 2680
1731 2595
1439 3601
1445 3559
1727 2668
1499 2209
1787 1582
1546 1920
1633 2124
1742 3241
1632 2681
1744 2567
1586 2319
1298 3231
1782 1604
1324 3282
1767 3228
1566 2899
1473 2152
1886 2652
1695 3210
1580 2257
1602 2673
1449 3113
1692 3227
1578 2471
1846 2668
1499 1947
1584 3002
1761 1729
1724 1615
1792 1917
1626 2487
1488 2143
1738 1573
1481 3127
1607 3064
1846 1754
1497 2170
1882 2596
1776 1930
1715 2947
1660 2694
1681 1604
1686 2986
1450 3161
1399 3558
1726 2670
1771 3047
577 3294
1710 2978
1365 3490
1585 2502
1855 1765
1434 3130
1793 2608
1581 3023
1527 3084
1543 1903
1559 2876
1557 2915
1693 1596
1442 3569
1734 1643
1555 1997
1707 2716
1596 2987
1537 2325
1735 1621
1639 2467
1586 2099
1432 3579
1549 2359
1857 2660
1445 3105
1567 3070
1545 1924
1806 2615
1769 1722
1467 3143
1519 3124
1624 2467
1377 3528
1528 2145
1828 1831
1757 1870
1684 1903
1707 2715
1345 3269
1795 1607
1508 2584
1710 1617
1492 2130
1578 1917
1664 1946
1743 3244
1445 3596
1860 3213
1543 2539
1479 2600
1543 2094
1563 2466
1835 2664
1783 3138
1431 1959
1783 2387
1580 2402
1846 3167
1860 2561
1884 3189
1523 2534
1639 3252
1737 1942
1776 2421
1572 2585
1745 1944
1428 2586
1501 2979
1539 3037
1655 2821
1551 1886
1475 2514
1613 2131
1795 1862
1583 2299
1364 3076
1484 3171
1831 1761
1757 3218
1646 2946
1501 2591
1498 2196
1763 3113
1659 3093
1820 1754
1545 2366
1715 2467
1699 3288
1645 2681
1696 2503
1791 1921
1489 3053
1589 1957
1608 2665
1318 3268
1691 2501
1744 3175
1889 2567
1595 2664
1612 2445
1688 3066
1884 2654
1733 2575
1751 2598
1654 2832
1707 1943
1660 2756
1526 2121
1669 2804
1739 1594
1896 3189
1861 2641
1614 2660
1799 1598
1268 3196
1577 2205
1501 3084
1551 1998
1643 2488
1758 2427
1697 2978
1681 3064
1750 2563
1778 3144
1572 2979
1749 2755
1588 2957
1587 2872
1612 2165
1579 2519
1545 2309
1750 1872
1631 2120
1708 3235
1709 1608
1737 3339
1525 2604
1639 3258
1771 2653
1453 3150
1438 3197
1573 2971
1709 1922
1769 2491
1777 1605
1756 3068
1594 2053
1733 3232
1669 2339
1682 1637
1496 3084
1426 3120
1660 2723
1649 2722
1353 3542
1590 3076
1844 2662
1415 3153
1868 2651
1732 1729
1615 2663
1756 3313
1698 1609
1573 2932
1746 2573
1526 2972
1730 2688
1434 3069
1748 1971
1432 2601
1662 2090
1414 3498
1602 2021
1515 3151
1570 1893
1749 3075
1889 2527
1580 1991
1575 2200
1638 1912
1652 2361
1622 2914
1581 1994
1785 3189
1404 1942
1766 1755
1480 2579
1217 3581
1517 2145
1571 2515
1477 3179
1723 3236
1743 2672
1720 1885
1687 2329
1869 3200
1577 2915
1748 1870
1697 1610
1757 3174
685 2836
1539 2232
1469 2515
1727 2941
1553 1950
1732 3328
1740 2483
1469 2098
1498 1949
1452 3668
1587 2455
1686 1626
1597 2314
1767 2433
1671 3096
1396 1897
1715 1592
1701 2428
1564 1988
1885 2568
1898 2567
1815 1824
1816 3155
1745 1681
1610 2307
1750 2568
1365 3535
1508 2596
1318 3265
1718 1570
1474 1929
1796 3118
1757 1678
1585 2653
1636 1901
1774 3149
1642 2461
1804 1878
1479 2576
1464 2117
1621 3071
1774 1542
1881 2658
1583 1912
1630 2847
1777 2632
1517 2568
1612 2148
1700 2332
1561 2649
1425 2587
1606 2588
1442 3069
1408 2577
1629 2751
1417 1903
1640 2526
1748 1605
1452 2559
1419 3621
1664 3004
1760 1702
1469 3138
1739 2482
1603 2164
1736 3250
1969 2602
1761 1606
1617 2137
1430 3632
1573 3069
1740 1665
1796 1862
1590 2074
1616 2524
1308 3228
1272 3199
1737 2715
1627 3061
1679 1921
1587 1957
1650 2913
1721 2470
1826 1832
1872 2675
1499 2579
1482 3637
1571 2660
1504 2174
1538 1986
1888 2529
1768 1898
1634 2843
1824 1758
1634 2477
1963 2588
1540 3037
1777 3275
1752 1891
1647 3010
1444 1935
1612 2328
1739 1610
1655 2429
1495 2124
1646 2142
1593 2014
1443 2553
1745 3252
1694 3282
1366 3496
1668 2164
1769 3127
1784 2623
1622 2448
1583 2323
1541 2310
1549 2104
1721 3233
1478 2568
1792 3122
1715 2972
1586 2873
1516 2196
1538 2008
1732 2686
1488 3137
1617 2317
1444 1931
1785 1929
1621 2430
1579 2055
1671 3191
1373 3542
1617 2112
1467 3138
1636 2143
1532 1987
1496 2202
1506 2537
1735 1727
1446 3639
1693 2983
1474 2578
1756 3108
1594 2655
1452 3133
1645 2886
1525 2176
1709 3063
1481 2584
1772 3235
1708 1613
1641 2681
1805 1697
1810 1817
1355 3528
1731 2605
1598 2311
1675 1927
1533 2000
1763 3116
1521 2971
1735 1626
1276 3199
1766 1955
1617 2589
1758 3174
1438 3160
1509 3075
1676 3063
1519 2977
1762 1873
1914 2559
1866 2656
1674 2804
1780 1571
1523 2877
1370 3084
1635 2856
1461 3649
1538 2121
1631 2676
1625 2672
1449 3080
1586 2857
1740 3232
1696 3313
1387 1911
1825 1847
1604 2071
1778 3178
1715 1600
1851 3161
1533 2982
1535 2200
1697 3057
1407 2568
1716 2954
1544 2301
1608 2593
1891 3191
1560 2360
1542 2122
1725 1645
1559 2453
1742 2564
1617 2149
1553 2098
1758 3295
1679 2977
1461 2561
1651 2981
1623 2668
1594 2971
1405 3630
1793 1577
1639 3086
1663 3022
1693 2947
1834 3152
1751 3218
1502 2557
1658 2815
1641 2986
1651 2487
1824 2687
1800 1786
1635 2980
1593 2572
1683 1636
1362 3077
1484 2589
1442 3185
1648 1930
1749 3271
1719 2667
1619 2917
1539 2284
1650 2479
1855 1748
1405 3554
1521 2303
1577 2091
1558 1887
1610 2393
1620 2139
1465 1941
1595 2167
1736 2671
1531 3091
1870 3164
1780 3148
1828 1764
1411 1953
1781 1757
1888 2550
1538 2229
1897 2581
1707 2958
1589 2311
1414 1938
1745 2635
1663 2705
1670 3188
1541 2219
1522 3090
1498 2195
1547 2206
1630 1920
1301 3211
1506 3058
1569 2345
1652 2485
1577 2569
1402 3510
1503 2183
949 3028
1720 3196
1461 3176
1761 1604
1787 2399
1746 2429
1821 3168
1423 1941
1631 1909
1663 3092
1898 2643
1631 2051
1452 3132
1604 3067
1767 3098
1698 2762
1828 3162
1399 1925
1625 1898
1421 3618
1709 3329
1668 2972
1741 1595
1544 2559
1590 2116
1520 3039
1417 3078
1703 3042
1630 2565
1746 2484
1655 2503
1598 2274
1653 2704
1534 2220
1518 2973
1430 3092
1325 3268
1444 1926
1543 2301
1375 3527
1543 2363
1847 2663
1583 2398
1674 3037
1657 2820
1700 1617
1538 2283
1697 3054
1700 3203
1581 2050
1521 3122
1550 2225
1818 2618
1790 1608
1591 2079
1470 3157
1714 1615
1453 3162
1605 3071
1916 3177
1466 1937
1479 3098
1578 2470
1891 2597
1684 3080
1767 2412
947 3041
1768 3261
1614 2772
1556 2666
1767 1752
1678 3053
1355 3073
1914 3177
1622 2869
1747 3180
1722 3324
1645 2671
1595 2642
1487 2137
1595 2578
1433 3585
1839 2628
1295 3241
1543 2240
1446 1931
1901 2640
1877 3200
1777 1730
1647 1892
1661 2884
1727 1638
1792 3212
1305 3242
1572 2400
1611 2021
1655 3259
1441 1977
1712 3231
1760 1879
1605 2310
1521 2136
1662 2508
1486 2130
1668 1900
1776 3145
1606 2564
1446 3539
1713 2647
1749 2485
1466 2566
1741 2419
1570 2199
1578 3028
1635 2745
1796 1578
1745 1595
1431 3143
1425 3626
1782 3166
1605 2499
1475 3642
1740 1658
1760 1901
1655 2982
1748 2761
1455 3137
1439 3643
1620 2475
1747 1875
1803 3163
1708 1660
1314 3272
1579 1922
1625 2477
1756 1606
1713 1918
1774 3313
1505 2571
1731 2579
1460 2133
1859 2626
1663 1610
1511 2598
1745 2479
1698 1933
1735 3354
1856 3209
1667 2999
1724 3236
1595 1947
1503 2167
1805 1822
1454 1922
1774 3152
1659 2759
1575 2987
1734 1583
1721 2594
1688 1904
1729 3237
1654 3085
1765 3250
1575 2193
1785 1742
1891 2533
1560 1987
1575 2019
1536 1925
1549 2529
1695 3094
1729 2675
1455 2112
1511 2177
1568 3030
1561 2557
1797 3203
1737 2498
1650 2912
1830 1835
1616 2894
1617 2636
1365 3497
1538 2002
1555 2095
1599 2277
1753 3316
1565 2349
1623 2584
1688 1619
1568 2891
1744 2739
1912 2645
1872 2644
1741 2706
1592 2093
1842 2661
1606 2050
1734 1887
1659 2710
1551 2221
1346 3544
1761 3314
1774 1730
1462 2541
1701 3294
1574 2514
1568 2906
1617 1910
1598 2501
1882 2594
1530 2316
1948 2573
1643 3085
1268 3194
1443 3563
1564 2459
1455 3594
1472 2113
1355 3079
1920 2581
1657 2166
1499 3059
1560 2554
1876 3195
1495 2195
1751 3312
1578 2107
1518 2202
1668 1909
1584 2010
1544 2315
1876 3177
1646 1892
1591 2862
1436 3171
1708 2637
1676 2516
1590 2494
1802 3196
1675 3080
1442 3161
1683 3257
1277 3203
1581 2387
1770 1897
1449 3551
1631 2826
1769 3264
1491 2593
1583 2055
1648 2958
1609 2111
1796 1722
1652 2498
1509 1981
1701 3034
1839 1867
1524 3155
1544 1893
1581 2881
1421 1924
1524 2129
1661 2728
1559 2083
1889 3166
1596 1924
1829 1865
1725 3065
1739 3232
1629 2746
1541 2340
1759 1889
1712 2961
1803 3192
1752 2630
1639 2459
1556 2479
1824 1849
1696 1938
1572 1936
1635 2117
1483 3145
1595 2087
1884 2555
1623 2913
1554 1918
1377 3527
1668 3213
1643 2835
1741 2572
1437 2562
1518 2979
1596 2560
1499 2591
1610 2125
1848 2614
1614 2661
1548 2957
1514 3037
1746 3227
1792 1933
1585 2485
1418 1932
1487 3154
1381 3239
1720 2634
1408 3493
1582 3043
1805 1770
1579 2016
1926 2561
1512 2600
1479 2138
1801 1780
1524 3133
1564 2668
1800 1808
1790 1713
1572 2891
1688 2949
1574 3061
1707 2450
1441 3100
1691 3048
1526 3134
1426 2594
1640 2810
1636 1912
1647 2463
1614 2588
1442 3596
1396 3532
1598 2273
1576 2627
1674 1920
1451 3161
1682 1930
1566 2959
1610 2164
1701 2739
1821 1860
1526 2004
1856 1778
1585 2030
1450 2552
1699 2974
1746 3217
1463 2538
1792 3209
1466 2111
1445 3634
1453 2119
1594 2250
1638 2829
1587 2105
1414 1897
1787 2633
1619 2482
1658 3093
1783 3234
1406 1898
1471 3164
1641 2141
1736 2512
1812 2602
1958 2600
1657 2506
1576 2450
1603 3076
1786 3226
1649 2886
1647 3257
1789 3197
1778 1869
1555 2090
1530 3108
1722 3066
1772 2663
1630 2120
1814 2617
1574 2941
1551 1946
1775 3236
1706 1595
1670 2719
1670 3267
1394 3568
1726 2751
1594 2245
1780 1878
1392 3506
1719 1940
1881 2642
1582 2914
1641 2973
1745 2741
1577 2456
1890 2656
1326 3537
1734 2709
1786 1740
1671 2977
1806 1777
1625 2646
1524 2974
1568 2251
1682 3254
1648 2363
1642 2493
1629 1905
1358 3529
1589 2312
1433 1947
1589 1934
1632 2125
1633 2828
1576 3018
1438 3190
1524 2176
1784 1587
1486 3087
1589 2646
1596 1938
1485 1957
1790 3144
1589 2495
1563 2346
1476 3126
1582 1985
1610 2663
1545 1891
1521 2596
1749 2421
1422 3507
1775 3151
1351 3285
1783 1741
1775 3150
1463 2119
1434 1895
1708 1594
1572 2112
1717 3201
1874 2674
1714 1569
1454 3120
1610 2627
1597 1919
1552 2135
1768 3052
1355 3278
1633 2844
1669 2967
1685 2889
1520 3108
1524 3129
1584 2972
1699 2762
1743 2679
1527 2971
1612 2524
1570 2062
1913 2542
1545 2319
1496 2121
1552 2222
1579 2639
1715 1951
1605 2515
1646 2889
1434 2400
1719 1610
1781 3192
1578 2572
1464 2541
1763 1955
1392 3529
1742 3342
1575 2016
1967 2583
945 3039
1530 2600
1752 1940
1757 3216
1415 3152
1632 2768
1621 2083
1544 1933
1341 3254
1788 1795
1755 1752
1619 2468
1712 3233
1573 2647
1375 3080
1573 2648
1718 3234
1566 1937
1647 2782
1772 3047
1677 2412
1597 2671
1513 2568
1582 1973
510 3376
1567 2254
1501 2211
1475 3100
1434 2565
1634 2482
1512 2548
1631 2485
1663 3002
1752 2639
1434 2602
1837 1866
1498 2091
1745 2593
1490 2160
1494 2588
1634 2124
1780 1564
1448 3551
1405 3079
1339 3271
1777 1760
1450 3136
1619 2611
1724 2714
1709 2451
1674 3051
1634 2134
1404 1941
1575 2633
1611 2348
1763 3169
1564 2353
1622 2566
1575 2450
1441 3550
1548 2103
1576 2416
1595 2645
1549 3028
1461 1943
1751 1937
1860 2599
1694 3335
1899 3167
1756 1695
1759 3068
1566 2585
1779 1751
1570 2068
1503 3069
1517 2983
1429 1934
1481 3092
1871 3168
1791 3318
1835 2638
1702 2619
1553 2567
1748 3272
1583 2504
1454 1974
1768 1901
1432 3575
1539 2283
1478 2511
1560 2133
1743 2636
1782 3231
1799 1844
1537 2138
1454 1919
1464 3153
1759 2485
1515 3040
1850 2658
1769 3228
1438 3141
1646 2459
1738 1593
1690 3057
1703 1655
1778 1543
1750 3333
1664 1909
1633 1939
1444 3158
1778 1921
1612 2050
1780 1904
1557 2090
1323 3283
1493 3098
1617 2326
1574 2205
1541 1994
1677 2713
1575 3022
1597 2874
1799 2606
1643 2926
1580 2061
1782 2619
1491 2107
1886 3194
1440 3160
1795 3121
1764 1736
1538 2328
1617 2340
1411 3500
1489 3152
1454 2560
1655 2362
1589 2648
1448 3607
1704 3332
1628 2570
1619 2135
1785 1745
1333 3522
1449 3265
1516 1983
1782 3315
1598 1880
1874 2649
1488 2114
1715 2626
1575 2113
1561 2239
1433 3553
1546 2225
1667 2485
1792 2388
1728 2588
1792 3211
1664 2703
1497 3054
1552 2140
1704 3289
1575 2936
1808 1696
1469 2525
1564 1895
1504 3084
1738 2491
1441 1959
1574 2468
1593 2664
1463 2560
1599 2061
1665 2353
1894 2546
1418 1930
1579 1918
1745 2572
1567 2649
1768 1595
1601 2293
1643 1943
1717 1894
1885 2573
1813 2598
1879 2661
1372 3233
1667 2934
1524 3132
1737 2723
1584 2295
1302 3224
1766 3119
1805 2609
1515 2176
1487 2135
1577 2682
1567 2569
1648 1956
1435 2590
1891 2591
1640 2973
1511 3001
1678 2942
1545 2558
1678 1903
1652 1899
1568 2560
1578 2289
1563 1927
1435 3142
1614 2655
1756 2639
1697 3077
1634 2570
1656 2420
1787 3186
1970 2583
1790 1723
1527 2614
1365 3496
1793 3239
1554 2574
1490 2107
1631 2766
1677 1903
1588 1910
1555 1883
1593 2666
1651 3074
1704 3206
1454 3136
1615 2321
1584 1981
1402 1935
1778 1879
1575 2676
1272 3198
1343 3258
1503 2968
1552 3090
1780 2388
1626 2974
1747 2735
1657 2110
1548 2134
1449 1965
1473 2107
1658 3032
1845 3158
1662 2958
1454 3268
1479 3166
1413 3159
1804 1702
1332 3523
1686 2499
1582 2681
1598 2919
1499 2991
1564 2331
1536 2136
1592 2101
1826 3151
1384 1906
1561 3074
1755 1935
1920 3163
1747 1944
1601 2512
1631 2453
1591 2077
1653 2695
1697 1933
1553 2529
1603 2529
1343 3498
1657 2754
1853 2659
1857 1747
1546 2293
1537 2231
1577 2457
1578 2416
1576 2500
1524 2983
1576 2093
1397 3544
1646 1910
1775 2435
1707 2437
1724 1894
1451 1976
1544 2361
1518 3153
1768 1741
1570 2985
1745 2550
1772 2430
1737 1682
1479 3642
1472 2573
1641 1947
1719 1895
1541 2302
1829 2629
1516 2099
1667 2805
1842 2629
1622 2919
1405 2573
1809 1872
1730 2503
1816 1762
1476 3088
1770 2418
1732 2487
1779 1862
1769 1865
1586 2296
1588 2025
1807 2617
1550 2083
1685 3051
1585 2010
1304 3216
1524 2122
1509 3146
1823 1760
1581 3045
1499 2587
1520 3121
1405 1954
1777 1598
1651 2437
1557 3078
1770 3237
1679 3059
1492 1945
1584 2522
1678 3259
1674 3050
1452 1977
1440 1967
1550 1941
1405 1924
1231 3620
1612 2109
1581 2297
1646 2945
1712 2952
1431 3579
1709 3230
1769 3234
1560 1943
1718 3055
1718 3056
1391 1911
1677 2995
1799 3212
1626 2573
1679 3034
1716 1656
1709 2627
1636 2857
1568 2201
1678 3033
1722 1633
1437 3205
1699 3067
1304 3214
1608 2658
1574 2969
1515 2527
1860 2622
1580 3015
1792 3216
1818 1588
1632 2127
1509 3040
1953 2547
1775 3049
1792 1924
1424 1892
1544 1909
1445 3152
1624 2564
1587 2457
1589 2058
1800 1597
1717 1936
1914 2552
1773 3313
1569 2424
1457 3136
1858 1754
1608 2669
1574 2682
1518 3080
1409 2570
1608 2542
1629 2870
1394 3531
1735 3334
1418 1951
1626 2488
1786 1873
1642 1942
1771 3319
1797 1775
1746 1720
1729 2512
1340 3271
1613 2442
1578 1979
1648 2903
1529 2136
1437 1894
1830 1758
1504 3065
1652 1898
1576 2640
1528 3155
1501 2576
1530 2329
1766 2494
1664 2349
1765 1733
1513 3035
1594 2661
1556 2549
1798 1824
1554 2886
1488 3143
1540 1911
1602 2171
1442 1944
1759 2431
1376 3527
1859 2561
1508 1977
1419 1921
1755 2585
1757 3300
1766 2380
1741 2408
1622 2669
1644 2680
1771 1945
1953 2581
1745 1969
1570 2367
1750 2472
1472 1941
1851 3215
1544 2209
1447 3556
1685 2885
1631 1942
1874 3163
1643 2549
1716 2749
1355 3080
1784 3127
1754 3205
1549 2547
1440 3600
1526 3148
1370 3502
1598 1958
1563 2667
1619 2764
1458 3594
1774 1796
1607 2618
1545 2311
1432 3106
1819 3164
1869 3214
1762 3259
1470 2101
1802 1868
1546 1999
1648 2869
1480 3114
1567 1918
1966 2582
1554 1884
1783 1605
1449 3135
1602 2293
1749 1974
1567 2414
1375 3526
1477 2140
1555 2002
1516 2510
1667 3024
1794 1935
1430 3070
1865 3221
1583 3063
1574 2497
1367 3503
1634 1911
1612 2047
1701 3323
1657 2688
1535 2298
1642 1939
1579 2193
1333 3255
1660 2987
1745 1649
1489 2118
1477 3648
1836 2633
1527 2985
1806 1819
1874 3183
1654 2436
1805 2618
1752 1693
1691 2967
1855 2640
1443 3203
1517 2301
1589 2077
1597 2919
1346 3249
1730 3326
1463 2121
1435 1932
1758 3071
1645 2680
1576 2467
1748 1969
1736 3255
1388 3537
1551 2237
1711 2619
1789 3217
1384 3079
1840 3152
1650 1940
1828 2633
1630 2135
1534 2293
1664 3112
1563 2579
1800 1599
1538 2531
1544 3096
1584 2308
1742 2429
1317 3271
1516 3059
1561 1987
1494 3057
1807 1684
1586 2482
1732 1883
1591 2664
1479 1954
1700 3283
1559 2240
1749 2653
1667 1921
1363 3085
1451 3080
1589 1891
1647 3091
1480 3130
1721 1942
1770 3148
1787 2624
1655 2328
1576 1882
1866 2645
1436 3126
1487 2125
1899 2567
1852 1772
1763 3044
1749 3257
1884 2653
1888 2564
1328 3275
1735 1723
1514 3141
1492 2164
1510 2988
1838 2666
1769 1723
1536 3037
1434 1931
1484 2137
1747 3087
1668 2749
1433 2591
1402 1944
1620 2083
942 3031
1662 2952
1681 1954
1898 2553
1598 2276
1831 1832
1751 2472
1666 2759
1617 2908
1303 3216
1536 2199
1745 1665
1727 2585
1748 1607
1962 2581
1946 2553
1629 2825
1476 2114
1586 3064
1601 3075
1566 1897
1666 3207
1414 1917
1668 3009
1478 2119
1352 3527
1541 1930
1628 2117
1818 1741
1515 1980
1837 3152
1579 2913
1444 3651
1702 2751
1478 3093
1436 3098
1517 2545
1729 2528
1567 2248
1744 2554
1733 1729
1534 2223
1392 3073
1675 2980
1772 2640
1684 3050
1801 1823
1687 1630
1869 2652
1633 2570
1670 2753
1453 3158
1574 2194
1697 3303
1602 2498
1680 3066
1583 2521
1662 2510
1371 3532
1908 3173
1564 1923
1792 1863
1709 2437
1418 3495
1680 2944
1765 3123
1724 2709
1596 2503
1704 3299
1683 1599
1593 1966
1453 3116
1532 2874
1573 2935
1402 1920
1594 2478
1593 2292
1631 2118
1750 1873
1583 2100
1478 3176
1626 2768
1707 3210
1597 1984
1680 3054
1669 2998
1510 2141
1581 3006
1850 3159
1665 2429
1633 1911
1793 1578
1823 2668
1488 3150
1585 2319
1358 3499
1625 2590
1755 1894
1793 1825
1753 2485
1438 3183
1410 3494
1574 2204
1649 2334
1577 1985
1517 3000
1749 1944
1601 2265
1674 3064
1620 2642
1735 2500
1738 1725
1443 3214
1649 2480
1765 3236
1626 2477
1409 3557
1556 1890
1760 2671
1442 1972
1620 2055
1898 2523
1658 2099
1691 3078
1659 2949
1628 2672
1722 1888
1352 3535
1645 2953
1620 3067
1403 3511
1664 1904
1543 1910
1787 2612
1684 3074
1780 2438
1801 1881
1554 2552
1973 2590
1438 2405
1702 1913
1647 3253
1355 3289
1805 1690
1690 1903
1593 2011
1487 3087
1640 2825
1649 3091
1729 2527
1456 3097
1355 3075
1666 2937
1556 2354
1421 2593
1580 2071
1766 3250
1737 3093
1677 1951
1631 2523
1549 2508
1444 3604
1596 1971
1895 3166
1599 1958
1580 1923
1444 2542
1550 2341
1663 1613
1551 2363
1615 2106
1640 2475
1735 2945
1632 2932
1744 1973
1511 3036
1699 3302
1608 2162
1960 2602
1581 1883
1776 1730
1593 2015
1728 2430
1722 3234
1880 2655
1336 3513
1391 1909
1452 2119
1540 2374
1739 1635
1959 2606
1546 2210
1462 3271
1816 1881
1648 2332
1767 2416
1398 1894
1672 3087
1749 3324
1569 2586
1809 3198
1787 1588
1801 1865
1636 2841
1604 2548
1718 1946
1783 2637
1497 2189
1486 3094
1501 2190
1555 2550
1574 2638
1487 3159
1573 2450
1614 2055
1499 3072
1792 1566
1725 2593
1631 2855
1702 3200
1639 2815
1632 2525
1564 2648
1547 2507
1826 1763
1687 1945
1656 3035
1766 2660
946 3034
1474 1930
1655 3179
1432 1949
1820 2696
1546 2550
1586 2913
1476 3132
1727 1606
1732 1880
1526 1983
1703 1914
1818 2697
1847 1767
1602 2641
1612 1923
1756 3172
1722 2580
1771 1752
1467 3592
1620 2588
1623 2467
1535 1990
1893 2532
1578 1948
1669 2976
1594 2285
1590 2076
1437 3128
1598 2573
1605 2633
1711 1593
1452 3671
1615 2614
1724 2670
1920 3169
1752 3249
1583 3011
1743 3225
1696 3073
1735 2672
1672 2901
1422 3162
1576 2854
1780 1790
1510 1966
1733 1888
1672 1935
1734 1642
1669 3185
1779 1607
1736 1603
1433 3627
1575 2435
1502 2198
1681 2170
1902 2586
1610 2421
1750 1975
1588 1927
1698 3071
1583 2654
1548 2289
1636 2898
1852 2602
1755 2625
1688 3273
1730 2607
1590 2086
1444 2554
1828 3151
1590 2637
1726 1641
1682 2510
1610 2665
1607 1878
594 3298
1916 3157
1600 2016
1582 2508
1430 3576
1325 3534
1550 2540
1768 3051
1557 3100
1424 3627
1327 3523
1587 1929
1743 1609
1545 2379
1453 3112
1571 2327
1863 2644
1688 3285
1571 2075
1969 2585
1667 2715
1430 3635
1524 3154
1713 1911
1451 1967
1971 2593
1740 3078
1403 1931
1447 3261
1750 2481
1563 2524
1644 2979
1604 2559
1519 3078
1773 1551
1450 3265
1335 3507
1785 1796
1780 2433
1673 3220
1625 2119
1656 3094
1572 2669
1661 3050
1781 3236
1779 1742
1580 2415
1833 1827
1483 1924
1779 1904
1407 1926
1724 1614
1750 2595
1503 2174
1792 1869
1618 2529
1821 2673
1698 3077
1534 2965
1553 2511
1529 2127
1799 1685
1643 3255
1577 2063
1730 3328
1649 2912
1538 2139
1780 1589
1621 2482
1337 3516
1721 2966
1788 1850
1464 3080
1595 2255
1575 2984
1582 3022
1434 3142
1640 2846
1642 3247
1534 2631
1593 2640
1511 2101
1419 1923
1445 3652
1422 1921
1368 3076
1740 1720
1604 2908
1661 3040
1722 3053
1578 1898
1766 2412
1796 3318
1878 2669
1826 1762
1785 3147
1438 2589
1391 3510
1465 1929
1663 2936
1806 1689
1576 2019
1760 3237
1749 1686
1425 3130
1818 1866
1572 3061
1742 3096
1793 1708
1692 3086
1804 3200
1600 3075
1635 2870
1869 3194
1532 2898
1542 2368
1639 2818
1900 3167
1742 1698
1636 3074
1584 1924
1656 3005
1686 2347
1449 3547
1700 2761
1571 2522
1777 3147
1439 1958
1711 1921
1387 3545
1767 2661
1496 3157
1896 2551
1655 2338
1708 3201
1465 2557
1809 2612
1799 1876
1590 1943
1704 2622
1660 1898
1792 2618
1698 2336
943 3029
1681 2718
1642 2761
1724 1888
1635 2828
1641 3255
1605 2567
1758 3234
1745 2681
1582 2108
1706 3279
1598 2508
1689 2517
1571 2455
1520 2006
1724 2522
1944 2564
1604 2522
1745 1891
1840 3155
1787 2626
1602 2048
1586 2652
1489 2098
1719 2630
1719 3212
1895 2585
1768 1917
1598 2579
1486 2582
1573 2326
1551 2220
1584 2024
1525 3081
1664 3185
1794 3118
1509 1988
1704 2956
1789 3139
1607 1879
1775 1737
1454 2546
1612 2619
1578 3029
1525 3082
1419 3085
1744 1699
1787 2625
1562 2211
1750 2671
1772 1733
1653 2721
1603 2636
1866 3222
1550 2363
1475 3143
1686 2498
1453 3115
1504 2173
1346 3246
1423 1905
1698 3203
1748 3257
1779 3157
1714 2939
1565 2574
1543 3094
1611 2521
1753 2641
1286 3218
1746 3273
1961 2605
1450 3179
1774 2433
1576 2189
1727 1577
1840 1771
1777 3309
1413 1898
1456 3136
1455 3531
1456 3155
1684 2510
1447 1975
1539 2373
1688 3049
1901 3202
1719 3064
1433 3104
1827 1850
1711 2653
1697 2340
1893 2537
1705 2626
1498 1944
1885 2551
1788 1934
1644 2721
1620 2598
1675 2719
1649 2761
1527 3058
1670 2970
1624 2331
1774 1731
1740 3089
1593 2507
1680 1636
1595 2257
1432 3146
1610 2110
1578 2324
1560 3021
1610 2773
1771 3165
1783 1743
1604 2120
1704 2739
1551 2573
1586 2458
1530 2133
1605 2562
1549 2206
941 3028
1522 2876
1589 2862
1570 2247
1633 2854
1740 1593
1492 2118
1754 1706
1610 2162
1622 2593
1819 2691
1775 3237
1783 2437
1588 1987
1746 3342
1686 2716
1685 1929
1673 1934
1751 3233
1920 3162
1354 3081
1691 3198
1444 3554
1811 1692
1597 2863
1606 2305
1714 1655
1763 3226
1578 2187
1585 2971
1733 1578
1592 2572
1717 3236
1886 3200
1495 2115
1748 2548
1627 2679
1470 3099
1863 2660
1745 3313
1817 2680
1732 2581
1700 3066
1543 2283
1852 3155
1555 2334
1599 2552
1438 3588
1482 1957
1971 2594
1367 3496
1613 3072
1701 3193
1579 2399
1429 3116
1662 1913
1742 1654
1720 1657
1618 2914
1650 2693
1650 2983
1610 2074
1741 1726
1515 3144
1634 2469
1394 1912
1718 1902
1565 2523
1615 2662
1737 3248
1518 2004
1859 2557
1443 3095
1818 1756
1713 2657
1565 2417
1483 2163
1593 2642
1686 1962
1584 2950
1542 2214
1536 3099
1611 2070
1437 3264
1481 3123
1730 3096
1777 1754
1450 3075
1609 1927
1411 3088
1467 1932
1774 2654
1532 2006
1725 2592
1647 2481
1580 1958
1459 2523
1599 2396
1584 2397
1776 2402
1653 2696
1564 1891
1527 2983
1439 3144
1564 3023
1583 1882
1449 3550
1747 3099
1454 3208
1884 2538
1634 1902
1621 2669
1433 2603
1438 3635
1817 1589
1659 2935
1559 1992
1671 1919
1625 2528
1649 2816
1517 2197
1515 2597
1630 2973
1510 3059
1501 2579
1758 1686
1591 1935
1795 1726
1855 2613
1580 2191
1432 3258
1413 3158
1686 3053
1632 2675
1695 3229
1610 2666
1637 2927
1674 3053
1762 1885
1563 3070
1720 3072
1565 2329
1470 3158
1681 2412
1557 2336
1511 2563
1417 3498
1613 2300
1537 2002
1595 2672
1772 1561
1856 2655
1742 2556
1520 3053
1760 1754
1703 2608
1506 3068
1611 2285
1782 1570
1786 1744
1776 2393
1476 3182
1662 2706
1592 2260
1734 1672
1798 1810
1632 2475
1781 2437
1697 1623
1593 1972
1767 2491
1521 2198
1700 3329
1554 2572
1613 2112
1552 2544
1426 3070
1398 3636
1618 2661
1655 2812
1481 2135
1892 2543
1602 2448
1361 3077
1424 2588
1609 2572
1426 1921
1627 2044
1431 3168
1681 3258
1539 2328
1697 3039
1480 3141
1866 3196
1740 3220
1844 3158
1597 2992
1859 2596
1480 1929
1813 1823
1823 2625
1450 3206
1470 2100
1658 3098
1580 2016
1461 3275
1726 3081
1640 2884
1556 2334
1636 3089
1834 1860
1749 1891
1606 1910
1367 3489
1545 1902
1638 2111
1348 3079
1816 1869
1761 3322
1546 2088
1537 2008
1747 3114
1638 2986
1333 3521
1802 1754
1567 2006
1689 3228
1512 2149
1482 3105
1667 1926
1521 2513
1332 3268
1590 2098
1501 2174
1677 3070
1608 2618
1847 1758
1579 2872
1578 2317
1710 2971
1477 1959
1763 3164
1301 3245
1621 2894
1588 1883
1588 1951
1650 2974
1511 3077
1612 2084
1792 1930
1876 3194
1773 2387
1592 2972
1496 2139
1437 3217
1707 3207
1684 1597
1469 2513
1549 2362
1632 1911
1946 2580
1638 3267
1539 2288
1665 1897
1569 3068
1580 2469
1575 2576
1688 3070
1538 2138
1653 2703
1615 2165
1542 2229
1612 2649
1651 2444
1502 3059
1558 2451
1619 2425
1543 2898
1599 2310
1573 2278
1794 1846
1777 2647
1849 1766
1579 3024
1652 1956
1580 2416
1594 2953
1574 2066
1629 2060
1333 3518
1660 2805
1650 2371
1422 2578
1507 2140
1538 1893
1588 1991
1518 2508
1578 2202
1830 2632
1613 2165
1708 1621
1876 2670
1553 2321
1417 3500
1578 2481
1463 2570
1622 2916
1677 1915
1543 2881
1642 2864
1795 1797
1394 1915
1796 1826
1580 2032
1209 3590
1504 3045
1763 3114
1766 1749
1649 2901
1576 2522
1441 3605
1665 3048
1418 1924
1754 2429
1305 3259
1643 2948
1832 1830
1713 2961
1570 2925
1444 3599
1910 3164
1445 3604
1447 3269
1618 2446
1769 1702
1650 2875
1590 2468
1337 3513
1525 3146
1696 3230
1616 2050
1913 2562
1700 3338
1739 1943
1752 2425
1787 1598
1735 1882
1487 2581
1390 3545
1715 3032
1649 2720
1428 2574
1557 2321
1532 1998
1760 3270
1792 3140
1615 1911
1516 3074
1602 2901
1856 3214
1705 1905
1614 2290
1579 2114
1571 2450
1510 2990
1684 2412
1414 3157
1703 2421
1919 3160
1778 1745
1647 2682
1506 2095
1542 2895
1649 2847
1691 3080
1629 2139
1546 2509
1780 1748
1463 2513
1606 2078
1757 2563
1863 3217
1820 2686
1814 2616
1536 1929
1690 3234
1440 3210
1399 3077
1692 3073
1731 2970
1779 3167
1482 2154
1688 2501
1711 2652
1778 1601
1444 3190
1777 3135
1916 3175
1853 1780
1447 3637
1578 3015
1665 3023
1725 3080
1440 2588
1508 2107
1612 2901
1411 1917
1674 3198
1440 3209
1786 1868
1564 1918
1551 1997
1648 2843
1643 3068
1520 3129
1779 1750
1666 3190
1526 2307
1773 1797
1549 2087
1579 2969
1637 1947
1552 2089
1511 3055
1639 3246
1586 2484
1613 2141
1693 2965
1595 2984
1440 3133
1572 1885
1401 3630
1746 2721
1409 3558
1354 3250
1442 3592
1658 2980
1760 2628
1859 2641
1458 2524
1522 2198
1632 3062
1516 2586
1467 3083
1771 1604
1696 2419
1522 2016
1850 3153
1775 2652
1765 2492
1642 2965
1830 1825
1728 1609
1604 2305
1588 2260
1890 3179
1561 3054
1487 3124
1892 2576
1565 2563
1584 1985
1580 2857
1519 2525
1615 2424
1896 2531
1448 3173
1742 2748
1764 2426
1300 3224
1510 2556
1789 3226
1727 2694
1574 2465
1686 2500
1610 2308
1530 2120
1465 2119
1741 1660
1661 3118
1502 2574
1396 1916
1595 2079
1635 1935
1967 2585
1715 1961
1574 2945
1487 1925
1790 2403
1502 1948
1414 2576
1509 2976
1675 2995
1560 1885
1767 3237
1670 2510
1574 2251
1641 1912
1672 3110
1460 3153
1742 2548
1616 2110
1795 1580
1650 3073
1768 2379
1591 2328
1569 2894
1588 1971
1654 2338
1616 2112
1426 2566
1433 3169
1590 2862
1502 2967
1796 1835
1657 2484
1778 3136
1533 2905
1666 1623
1418 3494
1840 1769
1326 3535
1817 1751
1583 2936
1556 2588
1847 2664
1734 1670
1711 2720
1592 1993
1801 1583
1449 2553
1888 2649
1754 1606
1560 2135
1717 1595
1790 3211
1858 2609
1587 2490
1656 2091
1851 2639
1451 3177
1669 2899
1559 3053
1502 2966
1740 2489
1895 2531
1491 3092
1486 2146
1604 2059
1735 2491
1738 2944
1358 3077
1392 3075
1604 2307
1620 2823
1665 3020
1588 1890
1776 2655
1564 2570
1662 2693
1584 2504
1829 2669
1480 2152
1745 2720
1554 2195
1784 1736
1683 1947
1767 1726
1845 3166
1668 2809
1500 2214
1855 1783
1435 3264
1760 2626
1739 1638
1669 2997
1686 3094
1517 2311
1749 2547
1449 3546
1611 2161
1724 2667
1637 2108
1665 2939
1698 3093
1535 3094
1734 2690
1591 2314
1759 3112
1744 1603
1557 2248
1340 3254
1598 2310
1558 2092
1802 3166
1425 1935
1791 1922
1536 2896
1742 1718
1614 1911
945 3028
1763 3225
1617 2331
1656 2688
1562 2674
1671 1620
1713 1946
1709 1658
1543 2364
1608 2519
1746 2636
1427 1947
1714 3238
1775 1739
1564 2205
1516 2585
1851 3163
1674 2935
1729 2519
1662 2816
1471 3653
1646 2778
1491 2109
1293 3246
1587 2393
1412 1912
1621 2608
1520 2303
1713 1910
1578 2571
1677 3091
1540 1908
1561 2462
1827 1831
1705 3288
1344 3265
1612 2112
1559 2652
1408 3505
1507 2096
1677 1927
1682 1635
1751 3309
1769 2402
1652 3089
1832 1756
1553 2880
1554 2918
1525 2024
1710 2439
1420 3089
1447 3078
1492 3053
1751 3323
1602 2143
1380 3504
1460 2108
1655 3090
1752 3232
1607 1911
1668 3011
1591 1962
1797 3171
1662 2171
1596 2088
1575 2324
1759 1728
1886 2592
1769 2423
1605 2915
1631 2327
1424 3621
1609 2659
1458 3170
1749 2759
1383 1944
1613 2530
1532 2205
1610 2086
1966 2590
1756 3182
1821 2684
1427 3135
1564 1890
1642 1945
1579 2075
1551 2540
1730 1578
1921 3176
1730 3088
1747 3273
1705 1621
1669 2168
1413 1921
1652 2719
1834 2638
1715 2469
1610 2626
1724 2712
1485 3647
1491 2209
1565 1899
1456 3150
1730 2421
1861 2664
1683 1598
1586 1947
1643 3066
1557 1890
1540 2139
1735 2689
1860 1756
1679 3035
1622 2972
1674 1604
1725 2667
1553 2086
1728 2620
1580 2515
1499 1940
1851 2623
1476 1923
1628 2052
1357 3499
1790 3225
1566 1887
1553 2320
1580 2634
1629 2827
1481 3640
1501 3158
1729 1712
1718 2427
1666 3183
1795 3174
1701 2971
1576 1977
1783 3164
1549 2199
1966 2583
1746 3107
1443 3255
1373 3491
1678 1947
1729 2509
1497 3085
1649 2772
1530 2618
1476 1956
1855 3154
1527 1999
1346 3271
1544 2005
1664 3111
1726 1604
1395 1916
1608 2086
1431 3581
1489 3142
1663 2343
1447 3539
1391 3553
1597 2557
1674 3211
1639 2678
1747 1700
1546 2340
1389 3557
1600 2311
1393 1938
1666 2168
1650 2982
1608 2166
1747 1610
1820 2619
1792 2614
1660 2993
1510 2194
1435 2603
1419 1934
1599 2163
1770 2403
1643 2141
1490 2126
1884 3197
1506 3081
1516 2985
1403 1898
1969 2584
1475 3144
1632 2335
1597 2297
1734 2974
1959 2601
1619 2082
1658 3116
1595 2088
1588 2456
1822 3160
1547 2108
1444 3206
1744 2572
1798 1843
1779 1755
1485 3093
1547 2882
1523 3049
1577 2675
1590 2639
1775 1928
1572 2638
1975 2592
1391 1907
1556 2092
1614 2293
1525 3059
1869 2610
1467 3657
1689 2949
1910 2542
1545 2523
1555 2244
1554 2242
1713 1932
1383 3543
1722 3062
1747 1880
1788 1577
1723 2670
1626 2483
1731 1638
1651 2703
1779 2388
1527 2144
1832 1837
1527 2136
1297 3230
1214 3589
1835 1761
1764 1875
1561 2363
1498 2991
1757 1683
1564 2321
1594 2470
1510 2992
1479 2529
1763 3172
1462 2135
1580 2115
1808 2616
1407 1927
1609 2085
1726 2526
1837 2628
1417 1954
1596 2476
1778 1602
1646 2491
1768 1703
1764 3250
1743 2731
1687 2973
1455 3268
1784 1740
1448 3555
1709 2632
1413 3505
1583 2479
1810 1688
1700 2973
1435 3071
1779 1791
1522 2597
1690 3086
1454 2121
1682 1945
1637 2459
1432 1896
1649 3250
1767 3279
1582 2294
1857 3214
1740 2705
1427 3115
1571 2441
1509 3076
1538 1892
1498 2586
1589 2502
1561 1883
1503 2593
1465 3132
1526 2143
1428 3555
1573 2423
1617 2157
1476 2119
1654 2692
1816 1591
1509 2565
1329 3272
1558 2336
1337 3504
1588 2111
1535 1922
1774 1951
1671 3110
1600 2977
1611 2658
1712 1618
1467 3141
1526 1982
1671 1947
1536 2960
1511 3083
1405 1961
1771 1916
1769 3123
1678 2512
1548 2112
1426 1941
1648 1951
1685 2336
1690 3228
1665 2711
1435 3638
1742 3326
1765 1606
1650 1963
1695 3053
1942 2556
1734 1742
1751 2482
1406 1909
1798 1780
1719 1946
1663 2989
1854 2659
1638 2887
1598 2559
1651 2152
1422 3552
1634 2761
1641 2121
1746 2548
1365 3545
1557 2149
1495 2116
1613 2538
1451 3639
1700 2976
1553 2337
1787 3223
1414 1951
1680 2943
1942 2561
1527 2317
1950 2575
1577 2087
1624 2770
1534 2294
1726 2712
1422 3622
1625 2424
1456 3661
1615 2163
1410 1963
1438 3266
1601 2584
1521 3121
1759 2622
1702 3280
1821 3154
1437 1954
1531 2900
1761 1894
1765 2490
1349 3542
1636 2450
1300 3210
1547 2101
1611 2644
1587 3072
1881 2571
1555 3077
1549 2544
1556 3100
1603 2646
1412 1951
1632 2843
1776 2617
1786 2403
1710 2620
1541 2373
1769 1915
1758 1687
1703 2436
1567 3052
1564 1894
1865 2634
1374 3080
1500 2215
1474 2523
1504 2574
1481 3096
1573 2523
1761 3181
1404 1961
1762 3179
1680 1920
1532 2538
1479 1946
1469 3139
1537 2533
1609 2628
1731 2425
1686 2516
1755 2428
1585 1887
1656 3268
1377 3544
1435 3586
1751 3283
1795 1861
1685 1917
1553 2577
1455 3155
1678 3269
1599 2873
1651 2429
1745 2735
1477 2506
1494 3157
1661 3046
1752 2419
1672 3041
1504 2197
1513 3152
1754 3217
1682 1956
1732 2584
1758 2627
1526 3147
1923 3179
1617 2548
1391 3526
1437 2589
1781 1914
1618 2169
1804 1821
1479 3134
1433 3106
1512 2530
1692 2717
1724 3063
1892 2575
1383 3545
1471 3163
1646 2781
1663 2706
1513 2142
1653 2478
1425 3157
1693 2336
1413 3076
1584 1885
1560 2676
1623 2059
1605 2070
1586 2069
1823 1758
1659 1922
1532 2980
1898 2570
1573 2669
1479 3086
1563 1935
1452 3095
1816 1854
1574 2374
1645 1929
1742 3235
1756 3322
1575 3069
1406 3092
1656 2441
1607 2527
1574 2518
1750 1670
1263 3194
1479 1947
1493 2116
1658 3114
1630 2752
1469 3160
1700 3315
1725 3081
1469 3087
1479 2153
1313 3272
1489 2138
1722 3081
1506 2979
1632 2460
1804 1753
1812 1885
1467 3158
1477 3643
1478 2154
1568 2191
1784 1572
1836 1862
1712 2656
1747 3182
1758 2436
1597 1968
1675 3204
1918 2555
1648 2695
1485 3088
1545 2895
1711 2443
1557 2217
1448 3558
1555 2877
1658 2707
1798 1756
1402 3628
1793 2614
1867 2672
1740 3257
1756 3325
1702 2428
1569 3065
1592 2253
1696 1626
1461 3172
1766 1868
1471 3084
1535 1892
1473 1922
1444 3267
1919 3162
1749 3313
1554 2663
1509 1974
1636 2815
947 3034
1612 2634
1541 1915
1579 2412
1588 2997
1911 3162
1653 2440
1457 1929
1674 1918
1664 2343
1496 3057
950 3036
1605 2909
1833 1760
1428 3157
1591 2312
1436 2596
1636 2140
1586 2970
1573 2070
1769 1707
1646 2955
1269 3203
1653 2485
1651 2882
1782 3129
1754 1609
1597 2506
1456 3138
1735 2482
1398 1916
1656 2506
1652 2999
1703 3309
1530 3091
1630 2679
1748 1604
1718 3327
1743 1711
1418 3505
1820 1752
1569 2925
1550 2549
1622 2484
1726 2708
1621 2116
1541 3083
1482 2128
1759 3261
1638 2112
1527 2599
1678 1633
1813 1874
1564 2087
1526 2596
1772 2661
1454 3116
1884 2643
1740 2744
1782 1588
1636 2756
1703 3234
1752 2755
1651 1898
1684 3203
1432 1947
1668 3098
1581 2073
1594 2969
1603 1911
1582 2518
1418 3549
1650 1955
1782 3141
1467 3145
1676 3203
1711 1641
1447 3636
1660 2096
1550 2227
1793 1752
1402 3631
1668 1924
1389 3534
1882 2565
1511 3065
1391 3528
1580 2385
1664 2426
1599 2863
1776 1796
1767 2378
1709 2984
1622 2055
1628 2867
1568 2069
1666 2998
1504 2220
1496 3142
1599 2284
1596 2863
1332 3269
1567 2009
1676 2523
1705 3213
1407 3503
1626 2111
1740 1592
1749 2598
1899 3202
1210 3588
1613 2126
1648 2870
1806 1773
1576 2066
1738 1613
1428 1941
1482 2584
1728 2521
1581 2652
1862 2605
1444 3559
1770 1739
1587 2935
1665 2804
1604 2768
1387 3084
1775 1860
1702 3331
1697 3055
1635 2855
1751 3103
1447 3555
1626 2428
1712 2642
1774 1752
1665 2726
1735 2970
944 3030
1530 3092
1397 1941
1696 3039
1690 2423
1550 2116
1614 2327
1563 3051
1923 3169
1769 1541
1731 2496
1858 2650
1743 2485
1919 2588
1712 2648
1330 3259
1854 2654
1912 3176
1513 3037
1746 1610
1594 2055
1339 3247
1622 2485
1717 1572
1705 1937
1461 2541
1738 2698
1581 2684
1382 3079
1778 3239
1586 2295
1754 1925
1730 2435
1797 1862
1731 1732
1529 2304
1353 3078
1758 1912
1523 2613
1585 2938
1606 2516
1649 1959
1676 2995
1351 3284
1529 1985
1754 2484
1473 1939
1397 3633
1901 2588
1561 2084
1563 2008
1641 2896
1653 2498
1449 1967
1372 3244
1712 1894
1612 2513
1536 1909
1793 2619
1812 1828
1411 3621
1616 2155
1610 2633
1501 2146
1965 2590
1614 2134
1742 3344
1661 1900
1545 2522
1552 2232
1805 3158
1765 1956
1638 2480
1599 2091
1643 1909
1679 2412
1629 3057
1592 1941
1598 2582
1472 2570
1924 2560
1530 2621
1778 3238
1666 3185
1590 2979
1643 2551
1663 2703
1813 2599
941 3031
1492 1954
1569 2895
1600 2125
1659 2342
1643 1900
1660 2951
1566 2958
1413 3494
1446 3106
1727 2967
1622 2592
1695 3309
1544 3090
1617 2318
1710 3323
1781 3326
1831 1831
1563 2552
1504 3078
1619 2763
1587 2857
1752 2633
1527 3086
1427 3109
1609 2076
1617 2649
1676 2419
1502 3055
1428 3169
1842 1869
1678 1916
1621 2912
1708 1596
1779 2617
1597 1920
1362 3531
1648 2995
1549 2002
1577 2442
1665 3000
1612 2441
1621 2659
1439 3639
1441 3571
1831 3155
1547 2087
1680 3209
1781 1863
1406 1959
1547 2336
1609 2394
1623 2085
1477 1922
1576 1883
1549 2208
1520 2004
1636 2935
1659 3000
1475 3087
1609 2539
1674 3274
1583 2478
1708 3197
1344 3244
1700 3286
1900 2587
1529 1988
1667 2086
1571 2889
1578 2401
1910 2533
1804 1783
1801 3212
1803 3164
1510 2510
1951 2553
1745 2570
1744 1713
1565 2663
1723 1633
1480 2159
1721 1638
1803 1699
1572 1884
1770 1898
1435 1934
1774 2635
1782 3192
1437 2558
1662 2728
1667 3014
1707 3219
1589 2494
1472 2152
1644 2671
1629 2645
1740 2572
1513 2192
1788 2399
1500 3085
1341 3258
1532 2201
1665 3029
1562 2893
1668 2815
1654 2478
1726 2691
1680 3273
1790 2399
1714 1910
1592 2499
1625 1916
1647 1959
1482 2126
1645 3086
1534 2323
1849 3164
1683 2170
1774 1872
1503 2218
1505 2549
1604 2526
1648 3085
1723 3065
1756 1702
1417 2575
1295 3214
1687 3275
1661 3044
1584 1906
1526 3145
1487 2094
1661 2489
1592 2103
1451 3084
1637 2114
1646 2145
1613 2630
1338 3270
1619 2620
1792 1715
1473 3110
1656 3034
1357 3088
1342 3245
1803 1824
1715 1966
1844 2623
1526 3105
1416 3501
1676 3043
1539 2611
1746 2741
1747 1652
1464 3277
1580 2952
1758 2384
1700 3328
1577 2964
1585 2956
1751 2638
1531 2307
1494 3137
1602 2549
1777 3137
1750 2566
1397 3509
1817 1826
1885 2644
1301 3260
1600 1953
1554 2146
1559 2959
1880 2659
1742 1694
1522 3122
1602 2283
1649 2721
1544 1932
1657 2687
1578 2955
1574 2440
1576 2907
1684 1623
1521 2195
1916 3164
1479 3174
1556 2565
1890 2579
1753 3284
1711 2961
1741 1647
1565 2649
1757 1912
1520 2551
1665 3016
1720 3082
1767 1955
1779 3165
1685 1635
1545 2144
1547 2107
1804 3157
1491 2144
1654 2155
1209 3584
1898 2582
1593 2645
1661 3098
1684 3204
1789 2397
1509 2583
1432 3140
1709 2625
1664 2957
1897 3183
1372 3081
1759 2380
1761 3171
943 3037
1911 3161
1597 2168
1608 2020
1438 3169
1716 2950
1969 2597
1796 3168
1898 3198
1633 2571
1668 2908
1499 1961
1785 1729
1769 3279
1592 2480
1418 3624
1561 2241
1525 2129
1576 2422
1611 2321
1634 2461
1814 2601
1816 2682
1783 1928
1294 3246
1635 2469
1713 2605
1377 3235
1520 2138
1794 1868
1561 2579
1748 3314
1594 1949
1805 1859
1419 1959
1596 1927
1457 3154
1827 1853
1703 2987
1733 1637
1539 2000
1765 1755
1770 1592
1737 2970
1438 2599
1536 2326
1858 2560
1834 1858
1829 1831
1485 3130
1783 1866
1549 2116
1563 1913
1762 3320
1653 2701
1890 2578
1567 2584
1637 2828
1464 3596
1445 2544
1503 2580
1545 2235
1643 2553
1592 1925
1638 1947
1792 1927
1779 2393
1971 2589
1676 3253
1533 1919
1671 3101
1556 2219
1644 2334
1453 2547
1412 1953
1634 3069
1430 3162
1582 2299
1587 2315
1541 2307
1749 1714
1450 3163
1575 3072
1537 2327
1676 3070
1692 2338
1670 2752
1807 1685
1515 2147
1594 2995
1967 2609
1798 1718
1492 3138
1446 3610
1484 2171
1653 3082
1589 2410
1610 2496
1568 2640
1555 3091
1592 2495
1750 2734
1832 1867
1687 2326
1792 1843
1766 2490
1515 2550
1551 1884
1434 3106
1524 2013
1573 1879
1578 2521
1569 2373
1568 2009
1485 2155
1578 2910
1597 1939
1576 2879
1673 1940
1780 1926
1583 2518
1622 2868
1510 2193
1737 1893
1726 2438
1427 2594
1475 2140
1579 2056
1549 2210
1720 3052
1462 3128
1608 2397
1939 2572
1329 3516
1549 2358
1867 3163
1665 2755
1758 3112
1585 2060
1706 3337
1745 3173
1875 2672
1702 3336
1669 3195
1519 3085
1350 3281
1425 2565
1656 2440
1727 2594
1509 2595
1662 3186
1557 2876
1654 2981
1567 1912
1578 2286
1439 3130
1605 1885
1590 2019
1744 1604
1714 1929
1419 2593
1786 3188
1477 3608
1751 3316
1803 1862
1565 2572
1712 3050
1728 2603
1719 2659
1622 2153
1357 3071
1564 1920
1360 3072
1608 1921
1670 2941
1623 2431
1358 3086
1606 1915
1578 2114
1444 1930
1537 1990
1722 1632
1754 1865
1794 2619
1851 2661
1742 1707
1488 2116
1626 2331
1532 2298
1372 3245
1686 3267
1754 1966
1434 1896
1805 3200
1363 3507
1465 2532
1456 3270
1385 3501
1492 2220
1633 2822
1513 1983
1851 2606
1587 1942
1374 3543
1607 2352
1558 2871
1939 2575
1712 1595
1717 1656
1820 2673
1778 3325
1365 3076
1535 1991
1519 3115
1269 3199
1751 1942
1616 2129
1653 1955
1452 3547
1651 2504
1698 1938
1484 3135
1610 2571
1631 3062
1711 1580
1408 3088
1447 3079
1382 1904
1662 2993
1356 3529
1671 2520
1800 1831
1672 3088
1652 2796
1675 2342
1429 3580
1449 1964
1973 2589
1767 1731
1484 3114
1759 2625
1749 2630
1638 3075
1483 3143
1795 3194
1803 1783
1787 1801
1354 3537
1524 3149
1325 3270
1778 3322
1564 2956
1781 1750
1635 2135
1672 1609
1814 2602
1648 2772
1513 3146
1802 1858
1656 2344
1629 2106
1552 2525
1633 2826
1591 2855
1527 3053
1507 2174
1546 2958
1800 1805
1580 2107
1570 2006
1599 2175
1681 2985
1561 3104
1511 2552
1607 1921
1713 1948
1593 2546
1563 2899
1513 3073
1596 2532
1406 1906
1584 2485
1403 3513
1740 1655
1646 1913
1804 1864
1609 2108
1634 2934
1490 3138
1521 3111
1610 1880
1576 1973
1795 3195
1945 2545
1609 2540
1481 3132
1541 2002
1895 2537
1719 1569
1890 2535
1844 3157
1462 3589
1437 3594
1729 2670
1506 3085
1533 2303
1640 2121
1606 1911
1595 2543
1625 2644
1778 1737
1731 3328
1906 2646
1692 2948
1757 3081
1717 1902
1780 2653
1652 1920
1566 2561
1741 3314
1771 1933
1530 2627
1796 1706
1395 3532
1405 3517
1762 3051
1507 2559
1631 2617
1564 1898
1561 1992
1668 2718
1722 1584
1570 2907
1765 1728
1898 3197
1328 3271
1587 2477
1817 1759
1745 1596
1624 2970
1735 1745
1815 2687
1626 2642
1442 3088
1468 2115
1787 1849
1796 1860
1754 3318
1723 3063
1632 2329
1803 1852
1847 3155
1616 2622
1652 2765
1599 1880
1585 2326
1712 1916
1209 3588
1384 1940
1613 2104
1612 2444
1643 2550
1657 3004
1476 1921
1449 3614
1431 1945
1610 2076
1451 3206
1755 2380
1635 1911
1402 1900
1884 2673
1620 2655
1802 1822
1878 3164
1579 2411
1790 1604
1554 2550
1501 2127
1729 3083
1567 1983
1420 3088
1807 3158
1767 1722
1536 2321
1548 2085
1862 2624
1623 2820
1781 1909
1739 1707
1378 3245
1701 2748
1686 2512
1360 3076
1653 3005
1772 2389
1538 2538
1303 3228
1665 2486
1421 3156
1459 2559
1572 2650
1584 2936
1626 2045
1758 2643
1535 1923
1480 1952
1464 1940
1767 3245
1399 3554
1779 3317
1584 2458
1554 2336
1742 3345
1499 1948
1745 3273
1604 2062
1369 3249
1533 2618
1445 3541
1686 3203
1754 3283
1589 2101
1731 2576
1569 1913
1493 3060
1538 2308
1487 2602
1636 2121
1645 3267
1807 3204
1699 3221
1410 1907
1920 2579
1723 1605
1667 2747
1671 3052
1712 1893
1617 2395
1644 2330
1400 1962
1772 1567
1504 3076
1733 2606
1616 2297
1773 2388
1551 2236
1663 2747
1654 2482
1850 1768
1709 3033
1591 2463
1740 2752
1368 3546
1707 1938
1775 3050
1815 1875
1578 2509
1787 1754
1664 1612
1439 3638
1554 2082
1679 3053
1568 2670
1531 3108
1635 2482
1774 1541
1611 2512
1743 2572
1951 2578
1876 2660
1577 1941
1569 2204
1669 1944
1575 2449
1729 3245
1676 3220
1826 1847
1488 3123
1573 2018
1721 3234
1788 2613
1722 2619
1821 3157
1621 2620
1670 2339
1814 1877
1766 2424
1647 2903
1707 3048
1470 2566
1618 2156
1911 3172
1502 3155
1514 3078
1323 3269
1552 2892
1595 2982
1659 1919
1623 2630
1612 2346
1509 2971
1337 3507
1725 3245
1520 2304
1586 2940
1867 3199
1474 2576
1634 2756
1870 3200
1479 1952
1568 2318
1643 1891
1441 3204
1602 2017
1671 2979
1750 2556
1712 1913
1633 3086
1872 3176
1587 2512
1561 2010
1577 2193
1333 3251
1957 2589
1561 1943
1624 2056
1397 1897
1584 2512
1491 2160
1756 3324
1817 3157
1597 2872
1517 3058
1744 3340
1778 2654
1833 1766
1630 2857
1778 3272
1768 1737
1864 2652
1597 1927
1647 3077
1514 3119
1460 3133
1527 3147
1734 3332
1713 2646
1744 1577
1643 2123
1736 1705
1366 3499
1772 3264
1740 3340
1693 2335
1568 1940
1405 1945
1543 3043
1812 2615
1675 3054
1454 3124
1789 1734
1766 3236
1517 3078
1551 2375
1766 2419
1740 2677
1592 2938
1473 2135
1696 3315
1427 3157
1625 2578
1476 2600
1527 2978
1768 1548
1635 2857
1601 2990
1668 2932
1578 3023
1946 2587
1782 1746
1743 1891
1541 1911
1575 3066
1792 3121
1402 3088
1454 3669
1325 3535
1378 3531
1676 2511
1483 3119
1806 1769
1748 1889
1676 2939
1595 2554
1570 2424
1777 2437
1802 1869
1656 3271
1610 2111
1575 2415
1465 3080
1552 2142
1450 3599
1407 2580
1684 1950
1652 2882
1705 2620
1661 1929
1694 2980
1620 2318
1531 2964
1455 2110
1677 2941
1477 3155
1558 2559
1481 3087
1722 2967
1594 2992
1599 2919
1451 3136
1293 3221
1453 3084
1786 1573
1644 1909
1583 2952
1450 3108
1776 3311
1897 2525
1485 2136
1723 1635
1405 3556
1435 3564
1713 2714
1794 1607
1558 2567
1684 2975
1567 2669
1667 1893
1682 3261
1579 2683
1393 3536
1575 2516
1512 2983
1508 2989
1735 2422
1895 3165
1572 2467
1571 2198
1782 1870
1652 2914
1769 1867
1802 1584
1593 2312
1751 1604
1572 2922
1643 2145
1481 2125
1539 1942
1793 2399
1814 2605
1751 3073
1700 3040
1474 3648
1744 3225
1916 2587
1657 2097
1626 1898
1568 1942
1651 2169
1614 2342
1683 1955
1782 2626
1573 2643
1743 2732
1704 3276
1553 2307
1698 3209
1723 3070
1803 1584
1805 1855
1441 1972
1670 1615
1780 1740
1629 2858
1949 2593
1607 2067
1650 3009
1799 1774
1524 2205
1614 2162
1509 3064
1565 2067
1915 2542
1556 2881
1416 1920
1514 2109
1783 3140
1711 2441
1468 2552
1715 1612
1798 1805
1889 2653
1648 2817
1579 2068
1761 1753
1473 2519
1731 3242
1569 2892
1654 2980
1610 2302
1725 2586
1789 3167
1634 3062
1539 1917
1610 2511
1647 3007
1445 1918
1605 1921
1763 3053
1781 1935
1767 1875
1319 3259
1416 1905
1791 3233
1266 3194
1537 2304
1572 2897
1448 3674
1786 2629
1574 2515
1587 2973
1663 2432
1302 3261
1739 3337
1576 2980
1632 3054
1574 2580
1573 2437
1486 1925
1697 3090
1682 3207
1708 2438
1600 1915
1526 2202
1504 2172
1851 3165
1529 1927
1594 2118
1732 3329
1373 3244
1736 2746
1665 2889
1916 2545
1468 3135
1706 2615
1456 2546
1754 3075
1538 2136
1579 3053
1776 1869
1666 2088
1401 3079
1706 1658
1403 1933
1765 3234
1652 2877
1730 2694
1603 2637
1797 1801
1847 1757
1707 3030
1729 2682
1645 1948
1518 2005
1398 3508
1450 3170
1550 3094
1879 3163
1749 1931
1540 2282
1609 2611
1568 1913
1740 3344
1666 2713
1595 2859
1599 2054
1777 2631
1487 3144
1460 1924
1619 2607
1579 2304
1878 2572
1632 3066
1570 2650
1790 1925
1794 1771
1664 2494
1428 3154
1541 2956
1584 1905
1651 2490
1501 2980
1796 1851
1575 2583
1519 2140
1534 1929
1641 2887
1531 1929
1696 1623
1841 1766
1674 2900
1582 1961
1480 3100
1451 3154
1764 3238
1485 3165
1529 2307
1523 2525
1444 2543
1786 1582
1911 2531
1851 1779
1601 1880
1403 1912
1673 2936
1792 2399
1552 2116
1628 2872
1529 2303
1591 2854
1639 2468
1701 3229
1535 2291
1740 3255
1438 3103
1794 1809
1481 3605
1677 3036
1749 3069
1551 2193
1651 2702
1324 3283
1612 2327
1540 2960
1520 3116
1792 1852
1623 2484
1743 1935
1764 3255
1769 1704
1723 1654
1658 2912
1701 1599
1667 2910
1675 2338
1598 3070
1515 2144
1628 2856
1656 2107
1740 1581
1420 1953
1423 3094
1726 2437
1525 2605
1663 2088
1451 3085
1495 2207
1797 1769
1663 2699
1365 3534
1640 2842
1665 2727
1792 1935
1476 2563
1590 2077
1652 2715
1875 3175
1490 3137
1598 2977
1752 3231
1769 3320
1751 3339
1792 1844
1368 3075
1511 2193
1759 2650
1708 3337
1741 3331
1473 2101
1661 2700
1546 2004
1861 2650
1636 2760
1496 2135
1476 2572
1548 2294
1587 3000
1491 2114
1515 1977
1606 2581
1626 2673
1573 2255
1303 3244
1599 2671
1652 2766
1649 2983
1399 3563
1912 2580
1902 2635
1577 2852
1558 2566
1582 2261
1608 2518
1615 2441
1793 1852
1647 2986
1777 1926
1440 3185
1555 2573
1809 1588
1572 2973
1645 2791
1760 1892
1562 2319
1764 3051
1774 1594
1549 2375
1548 2137
1580 2382
1642 2863
1547 2320
1592 2471
1568 1981
1743 3230
1758 3206
1589 2855
1573 2967
1631 1902
1542 3043
1597 2573
1723 2746
1674 2511
1423 3119
1568 2894
1504 2551
1667 3048
1755 2653
1568 2083
1725 3052
1657 2694
1550 1946
1582 3013
1798 3165
1600 2018
1646 1951
1511 3152
1641 2482
1630 2130
1656 3184
1501 3074
1757 3289
1481 1952
1416 1951
1800 1859
1754 1873
1710 1905
1908 3158
1716 2659
1443 3217
1763 3305
1412 1938
1543 1890
1915 3165
1449 3171
1305 3257
1780 1567
1695 3090
1524 2020
1722 1597
1358 3500
1525 3080
1633 2933
1480 3132
1819 2694
1883 3165
1503 2199
1689 3049
1573 1887
1673 3065
1404 1940
1456 1929
1521 2595
1575 2668
1746 3214
1435 3093
1514 2177
1760 3236
1867 2674
1871 2652
1797 1826
1772 2639
1408 1946
1510 3068
1727 1709
1264 3193
1524 2137
1773 1566
1457 3098
1525 2026
1403 3626
1660 3029
1778 3314
1757 3322
1579 2057
1471 3157
1625 2579
1664 2709
1784 2406
1760 2434
1579 2058
1807 2595
1615 2158
1749 2475
1644 1898
1454 3112
1680 3274
1554 2093
1549 3094
1467 2119
1612 3072
1656 2350
1761 2562
1655 3005
1371 3500
1767 3060
1730 3090
1542 3089
1703 2741
1610 2127
1556 2572
1561 2955
1665 1919
1723 1882
1590 2878
1651 2458
1740 1671
1572 2189
1775 1902
1747 3326
1618 2525
1628 2044
1423 2580
1732 1587
1542 2236
1604 2014
1852 2615
1357 3295
1582 3036
1453 3127
1657 2980
1661 3259
1549 2507
1684 2721
1859 3214
1623 2594
1433 2569
1888 3189
1630 2334
1701 2620
1841 1772
1665 2957
1709 3216
1779 1605
1584 2292
1781 3161
1898 2578
1648 2496
1395 3567
1438 1960
1741 1590
1610 2611
1610 2658
1806 3202
1427 3105
1753 3074
1788 2637
1577 2092
1895 2578
1458 2554
1595 2265
1669 2894
1567 3024
1502 2965
1760 3253
1769 2385
1704 2717
1784 1868
1530 3039
1558 2917
1532 2908
1614 2657
1863 3199
1470 3168
1799 2608
1880 3164
1463 1928
1788 1791
1742 1693
1804 1589
1587 2073
1971 2583
1442 3170
1595 2978
1893 2591
1427 3104
1574 2582
1445 3137
1333 3253
1776 3121
1646 1956
1530 2318
1771 1952
1479 3657
1797 1783
1525 2611
1685 3251
1746 2634
1707 2718
1596 1987
1749 3315
1591 2096
1467 2118
1806 1868
1592 2453
1783 3199
1883 2671
1811 2604
1699 1613
1385 3082
1660 1897
1764 3085
1506 2571
1851 1778
1632 1909
1436 3561
1542 2001
1651 2714
1853 1770
1631 1944
1366 3507
1578 2191
1769 2433
1702 1937
1729 2513
1516 3000
1561 2477
1614 2145
1846 1749
1786 3184
1772 1562
1730 1612
1777 2633
1674 2752
1452 3139
1764 3317
1669 1927
1656 3263
1561 2576
1351 3290
1604 1881
1462 3274
1507 2098
1733 1745
1441 3591
1677 2410
1746 2570
1613 2122
1578 2580
1713 3059
1555 2356
1744 2479
1652 2792
1712 2938
1364 3497
1669 1945
1740 1594
1691 1943
1733 1882
1773 3118
1212 3585
1745 3315
1820 3165
1638 2926
1453 3208
1737 2726
1761 3253
1791 2399
1440 3139
1451 3542
1404 3631
1650 2846
1603 2660
1597 2311
1807 3160
1503 2592
1630 2456
1509 2108
1563 1918
1520 2534
1582 2262
1496 2992
1657 2801
1280 3222
1756 3206
1804 1823
1654 2492
1652 2338
1714 1592
1750 1891
1480 3173
1724 2437
1725 2747
1593 2999
1540 1942
1628 2828
1699 1614
1588 2075
1764 3258
1748 3101
1676 3205
1656 2089
1667 2484
1944 2565
1702 1941
1469 2514
1638 2531
1765 2430
1455 3263
1583 1885
1519 2141
1543 2096
1732 2607
1774 3126
1442 3261
1576 2511
1852 2617
1736 3095
1595 2993
1611 2127
1696 3077
1959 2598
1792 3177
1742 3222
1489 2120
1616 2674
1489 2113
1554 2360
1773 1729
1417 1920
1741 1877
1631 2484
1637 2898
1732 1578
1521 2515
1814 1831
1655 2423
1528 2984
1575 2634
1730 2439
1569 2415
1861 3214
1754 1911
1774 3048
1699 2973
1591 1958
1601 2051
1491 1941
1482 2163
1912 2651
1705 2956
1555 2584
1553 2078
1567 2329
1708 3193
1590 2393
1714 2614
1912 2561
1719 2956
1870 2602
1382 3501
1599 2177
1503 2094
1595 2508
1617 2422
1718 1612
1804 1745
1288 3220
1525 3122
1613 2329
1649 1931
1634 1934
1654 2823
1691 2972
1575 2675
1737 2494
1527 2307
1780 1556
1753 3327
1646 2975
1557 2330
1440 3201
1503 1949
1662 2514
1465 2530
1688 2716
1508 2103
1737 3353
1450 3546
1764 2419
1697 2718
1443 3600
1870 2650
1776 1877
1592 2551
1509 2107
1746 3216
1642 2098
1817 1867
1899 2583
1508 3075
1763 1715
1833 1826
1823 1859
1725 3244
1405 3504
1351 3090
1779 2419
1648 2764
1606 2491
1474 3183
1410 2570
1617 2766
1583 3000
1892 2647
1408 3523
1391 3504
1510 1975
1586 2100
1645 2889
1628 2119
1697 3212
1471 3173
1862 2599
1601 2585
1545 3043
1559 2477
1685 3268
1764 3273
1638 2459
1856 2609
1508 2553
1748 1704
1559 2338
1593 2452
1853 2639
1571 2402
1521 2177
1595 2450
1456 3592
1623 1903
1771 1896
1588 2909
1795 1877
1606 2396
1724 3245
1501 3087
1738 1648
1506 2096
1638 2857
1654 2913
1754 3074
1682 3054
1595 2075
1651 2161
1520 2149
1449 3173
1753 3112
1636 2469
1485 2143
1599 2266
1486 3655
1514 2600
1685 2413
1754 2635
1665 3086
1788 3218
1724 2595
1665 1910
1743 3330
1662 2718
1939 2573
1807 1875
1690 3232
1649 2356
1920 2556
1596 2164
1800 1833
1690 1602
1583 2103
1744 3278
1648 2905
1179 3550
1534 2908
1546 2531
1781 2434
1578 2083
1514 3040
1620 1906
1455 3208
1651 2339
1600 2394
1754 1864
1355 3529
1417 3076
1417 1951
1580 2119
1724 2965
1667 3197
1742 3095
1543 2231
1504 3083
1660 3273
1716 2452
1648 2998
1445 3155
1781 2623
1487 2599
1568 2956
1611 2164
1834 1761
1681 1959
1572 2454
1736 2419
1526 3060
1557 3081
1722 1590
1614 2138
1744 3111
1743 3229
1788 3238
1707 3298
1534 1930
1618 2319
1581 1991
1660 3260
1801 1585
1415 1921
1888 2527
1731 1607
1828 1841
1705 1661
1577 2937
1778 3124
1791 1748
1699 1621
1614 2520
1434 1956
1736 1879
1589 1953
1660 2706
1711 2631
1777 1873
1623 2821
1735 2688
1768 2428
1674 2516
1739 1632
1761 3262
1660 2718
1562 3051
1646 3257
1484 2167
1778 3268
1650 2874
1910 2546
1651 2459
1577 1922
1504 2180
1746 3066
1752 3330
1640 3247
1384 3631
1764 2425
1760 1727
1398 1943
1347 3271
1506 2137
1706 2616
1566 2554
1788 1573
1336 3259
1517 2309
1758 3083
1667 3214
1656 2686
1803 1688
1726 2435
1779 3123
1785 1733
1517 2525
1442 3151
1576 2282
1660 2985
1605 1924
1814 1856
1419 2586
1673 2927
1681 1920
1744 2552
1877 2645
943 3039
1744 3244
1601 1879
1417 3160
1487 2587
1589 2461
1592 2271
1909 2536
1811 1687
1702 1615
1396 2454
1604 2645
1492 1955
1710 1596
1658 2727
1778 1795
1644 2103
1539 2536
1611 2400
1697 2944
1545 2320
1640 3258
1754 1749
1656 2422
1458 2564
1436 3185
1732 1879
1888 3176
1558 2220
1546 3036
1922 3153
1647 1944
1641 3265
1686 2977
1430 3107
1789 1713
1727 3049
1573 2019
1467 3159
1414 3494
1739 2423
1444 3265
1636 2141
1528 2907
1703 2416
1852 2619
1592 2981
1561 1884
1523 2967
1898 2579
1952 2595
1430 3634
1693 2981
1573 3022
1956 2593
1753 3217
1671 2976
1907 2558
1608 3073
1674 3083
1661 2741
1398 1919
1393 1935
1676 1924
1510 2594
1864 2644
1649 2373
1801 1756
1611 2648
1687 1624
1701 1940
1572 2468
1570 3023
1617 2316
1559 2650
1607 2420
1730 3087
1727 3325
1611 2286
1418 1904
1715 3049
1761 1600
1505 2095
1731 2606
1655 1925
1560 2343
1521 3128
1803 3157
1795 1783
1576 2502
1641 2964
1641 2857
1612 2399
1530 2307
1583 2106
1556 3023
1421 3619
1743 1880
1573 2637
1763 2427
1772 2650
1754 2425
1785 1598
1918 3158
1528 2140
1478 3140
1789 1567
1743 2553
1745 2564
1719 3065
1760 1699
1531 3109
1444 3650
1536 2007
1651 2462
1458 3592
1607 2768
1722 1891
1535 3100
1766 3251
1768 1873
1570 2459
1659 2916
1558 2130
1614 2423
1509 3083
1430 3069
1506 2510
1766 2413
1684 3064
1483 3159
1516 3142
1852 1775
1765 1708
1657 1938
1446 3194
1595 2294
1701 1596
1664 1945
1631 2741
1557 2650
1739 3349
1641 2147
1550 2190
1628 2843
1499 2583
1699 2416
1539 1915
1476 2113
1769 1854
1620 2640
1614 2056
1478 3095
1580 2049
1576 2898
1760 1606
1629 2059
1663 3111
1705 2957
1499 2986
1672 3040
1633 3259
1399 3562
1524 2613
1702 1600
1757 3235
1772 1602
1634 2450
1538 2626
1600 2310
1665 2742
1649 2977
1519 2975
1500 2211
1798 1683
1755 3330
1830 1826
1622 2060
1729 2442
1733 3327
1536 1993
1592 3001
1346 3504
1588 2071
1721 2479
1463 2139
1789 3135
1655 1940
1577 2318
1542 1932
1837 1865
1625 2820
1518 2145
1667 3007
1951 2547
1773 2390
1389 1933
1614 2333
1542 2383
1544 3095
1651 2170
1611 2663
1556 2361
1650 2790
1546 2539
1708 2968
1511 2108
1449 3166
1716 2658
1817 2697
1725 1614
1802 2611
1493 2220
1654 2829
1699 3275
1719 3030
1867 3214
1397 3631
1581 2458
1787 1605
1729 2514
1653 2480
1762 3122
1586 2456
1347 3248
1605 2910
1747 1889
1660 3272
1572 2423
1501 2970
1553 3014
1699 2714
1518 3001
1640 2829
1553 3020
1692 2335
1698 3293
1789 1791
1433 3267
1534 3110
1625 2972
1779 3136
1432 3145
1774 3318
1582 2035
1703 3335
1473 2137
1647 3075
1637 2135
1645 3084
1296 3245
1597 2331
1419 3083
1738 1588
1639 2532
1668 3087
1597 2670
1470 2138
1580 1978
1729 2437
1381 3079
1509 2509
1219 3584
1741 2739
1481 3090
1489 2595
1968 2605
1701 3320
1452 3638
1537 2200
1663 2924
1756 1693
1451 2562
1947 2546
1683 2980
1664 3027
1425 3069
1735 2517
1546 1913
1832 1834
594 3299
1475 2111
1594 2057
1739 3347
1481 3158
1811 1690
1623 2583
1687 3265
1579 1961
1809 2606
1778 3130
1449 3148
1816 3154
1766 1545
1525 2137
1778 1922
1776 1562
1762 3085
1659 2099
1793 3318
1527 3060
1457 2543
1609 1910
1601 2902
1703 1615
1625 2440
1603 2444
1581 2501
1550 2236
1627 2045
1571 2587
1453 3088
1436 3558
1916 2584
1891 2542
1686 3063
1655 2478
1667 2891
1528 1996
1372 3528
1500 2585
1588 2262
1406 3521
1565 2461
1846 2663
1585 2857
1811 1827
1921 2554
1524 3044
1601 2877
1801 1584
1773 3319
1454 3100
1556 3097
1678 2943
1804 1875
1558 3091
1639 1912
1429 3115
1657 2690
1444 3654
1527 3085
1632 2859
1765 2432
1647 2819
1497 1957
1542 2964
1764 3242
1642 3098
1728 2679
1436 3141
1573 2461
1755 2655
1573 2022
1549 2319
1350 3272
1758 3179
1482 3096
1654 3264
1292 3223
1676 1604
1505 2537
1666 2485
1421 3216
1713 1655
1725 1658
1745 1909
1568 2986
1766 1877
1668 2914
1443 3640
1685 3100
1590 2640
1783 2639
1297 3217
1735 2706
1701 3318
1754 1608
1449 3090
1745 3215
1588 2499
1799 1691
1659 2993
1506 2148
1789 1922
1577 2568
1675 2344
1796 3169
1647 2925
1433 3631
1503 2543
1664 2996
1616 2547
1569 2951
1603 1915
1576 2447
1461 2557
1366 3490
1561 2207
1437 2398
1394 1906
1529 3082
1638 2930
1669 3092
1713 3032
1582 2523
1585 2957
1757 3311
1775 2402
1424 3114
1356 3499
1620 3066
1405 1931
1485 2127
1833 3154
1425 3129
1605 2068
1645 2682
1730 2602
1689 2337
1783 3187
1563 2666
1609 2586
1483 1927
1455 2546
1821 2592
1972 2602
1645 2764
1701 1938
1689 2336
1643 2133
1541 2282
1577 2879
1732 1736
1544 3031
1746 3106
1635 2981
1542 1939
1507 3076
1749 2764
1905 2589
1293 3218
1655 2980
1552 1999
1511 2995
1866 2552
1845 1865
1863 2599
1427 1931
1625 2587
1713 1894
1727 2527
1539 2121
1684 2890
1710 1598
1669 2814
1537 2295
1587 3024
1511 2173
1499 2171
1768 3058
1338 3505
1430 3136
1801 1803
1639 3076
1764 3230
1726 1658
1751 2653
1430 3073
1801 1802
1779 1917
1557 2232
1539 2334
1792 1923
1761 1754
1774 1915
1338 3264
1554 2080
1645 1926
1809 2613
1733 2573
1715 3197
1588 1942
1771 2404
1488 1954
1729 1710
1736 1606
1455 3589
1722 1653
1560 2084
1896 3185
1611 1926
1611 2068
1619 2334
1425 1898
1486 3136
1378 3505
1803 1702
1756 3077
1539 2310
1914 2646
1650 3075
1651 2768
1521 3078
1631 1900
1444 3194
1397 1942
1712 1973
1716 1592
1557 2250
1910 2540
1750 1900
1681 1925
1599 2901
1546 2141
1529 1998
1543 2961
1788 3178
1772 3316
1610 1881
1542 2306
1901 2586
1438 3126
1848 1757
1417 3501
1710 2618
1668 3085
1850 1761
1689 3067
1474 2138
1759 3305
1513 2983
1768 3259
1682 3065
1449 3070
1746 3219
1588 2096
1688 2504
1217 3583
1512 2550
1735 2518
1541 1991
1841 3153
1529 3083
1671 3085
1369 3499
1565 2473
1427 3087
1743 3241
1588 1990
1593 2395
1670 2996
1598 2903
1795 1844
1662 2711
1422 2574
1880 2662
1701 3295
1718 2457
1545 2094
1779 2391
1792 1708
1594 2272
1780 1868
1502 2168
1578 1978
1755 3167
1605 2083
1643 1912
1664 1922
1817 1584
1480 2110
1563 2652
1680 1604
1638 2883
1502 2183
1615 2654
1586 3000
1595 2282
1837 1765
1549 2510
1496 2208
1570 2639
1860 2653
1517 2144
1740 2510
1632 3064
1685 2170
1524 3058
1738 2714
1498 3142
1702 1904
1655 3088
1650 2882
1742 2600
1756 2564
1795 1790
1738 1631
1872 2554
1789 1850
1540 1939
1687 2418
1638 3087
1541 2224
1586 1955
1366 3078
1640 2938
1516 2507
1844 3167
1771 2421
1709 2992
1671 3099
1705 3309
1920 3164
1747 2674
1701 3197
1632 1896
1756 3264
1493 3059
1801 1749
1622 2149
1628 2870
1650 2789
1442 1976
1556 2239
1629 1910
1669 3208
1652 2372
1594 2862
1824 1850
1320 3267
1715 2950
1573 2980
1623 2629
1628 2745
1770 1936
1451 3092
1877 2661
1737 3249
1656 2884
1651 2793
1803 1865
1555 2217
1468 2138
1674 3052
1582 2485
1642 3249
1852 2609
1625 2426
1766 3120
1804 1860
1795 3123
1503 2575
1526 3146
1723 3233
1531 3093
1650 2769
1617 2150
1447 3260
1666 2504
1672 2715
1422 3551
1581 2392
1712 1966
1525 3155
1859 2644
1763 1954
1620 2424
1712 2976
1670 2511
1766 3269
1414 1918
1342 3268
1771 3166
1476 3125
1424 1903
1804 1790
1453 3545
1675 2419
1595 2170
1753 1709
1976 2607
1574 2074
1589 1910
1695 1621
1605 2632
1601 2307
1798 1933
1421 1961
1660 2169
1780 3130
1898 3200
1575 2433
1527 2321
1670 2937
1782 3148
1787 1576
1521 2004
1724 2611
1649 3097
1602 2621
1789 1870
1801 1779
1756 2631
1549 2525
1529 2904
1740 1657
1666 1622
1777 1869
1903 2586
1796 1716
1526 3056
1588 2296
1809 1794
1589 1988
1770 1916
1774 1747
1583 2410
1453 3176
1388 3077
1652 2147
1588 2469
1657 2958
1621 1915
1541 2890
1791 2392
1716 3030
1773 1916
1591 2877
1627 2876
1584 2070
1467 2555
1727 2584
1655 2914
1771 1749
1784 3318
1543 1917
1737 1726
1679 2980
1289 3219
1715 2437
1680 2336
1726 2754
1898 2653
1667 1925
1827 1823
1745 3067
1801 3199
1621 2449
1805 1792
1810 1760
1568 2558
1672 1897
1431 3259
1765 1545
1431 2598
1804 1809
1515 2512
1918 2556
1649 2167
1807 1870
1799 1784
1687 1600
1436 3096
1609 3074
1402 1942
1778 3135
1615 2422
1526 2978
1725 2520
1594 2314
1832 2636
1473 3647
1599 2583
1787 1750
1387 3080
1762 1957
1395 3554
1822 3155
1659 3260
1733 1627
1774 1916
1718 2465
1704 3275
1492 1957
1744 1712
1439 3220
1480 1942
1565 2255
1285 3225
1747 1596
1344 3278
1744 1928
1530 2625
1737 3352
1830 1839
1648 2994
1373 1933
1450 1970
1709 3234
1897 3196
1565 2364
1445 3648
1796 1717
1638 3086
955 3032
1713 2465
1708 3232
1483 2600
1759 1609
1591 2251
1653 1898
1651 2997
1664 3008
1546 2336
1646 2366
1632 2772
1801 3189
1781 3141
1862 2568
1656 2687
1767 3257
1475 2570
1847 1759
1591 2075
1372 3231
1901 3167
1759 3220
1540 2204
1225 3617
1392 2441
1517 3077
1804 2604
1673 1614
1672 1610
1769 3313
1581 2325
1512 2982
1641 2833
1591 2550
1428 1934
1740 2707
1795 3173
1328 3512
1614 2608
1576 2402
1531 2617
1886 2546
1877 2600
1642 2794
1654 2733
1584 1983
1797 1836
1788 1599
1683 3267
1743 1577
1541 2120
1613 2309
1607 3063
1541 1909
1739 3248
1367 3535
1580 2384
1725 2967
1707 2960
1449 3068
1537 2531
1653 3253
1588 1938
1428 3576
1681 3043
1782 1880
1598 2256
1580 1946
1372 3529
1518 2545
1399 1895
1585 2937
1556 2873
1864 2573
1535 2193
1633 2900
1715 3239
1642 1933
1817 1881
1562 2135
1864 2653
1717 3200
1584 2023
1559 2359
1624 2676
1738 2700
1655 2876
1378 3528
1709 3050
1557 2586
1606 2307
1376 3548
1593 2276
1404 1927
1576 2630
1291 3213
1951 2585
1778 1793
1615 2137
1781 2402
1405 1902
1674 1608
1582 2907
1500 2558
1801 1580
1764 1609
1694 2413
1738 2489
1516 2983
1738 2724
1593 2994
1639 1900
1697 3079
1620 2438
1609 2571
1686 2511
1580 2102
1753 1963
1684 2336
1703 1906
1891 3197
1794 2623
1776 1757
1527 3043
1772 1541
1637 2137
1583 2309
1627 2051
1554 2213
1651 2868
1605 2284
1608 2109
1778 2420
1398 1931
1574 2669
1698 3332
1576 2279
1723 1652
1566 2555
1635 3095
1750 2573
1673 3191
1498 2136
1647 2977
1699 3274
1786 3228
1707 1940
1700 2712
1675 3048
1623 2332
1684 3261
1414 3074
1580 2301
1589 1956
1739 1938
1823 1826
1637 2115
1859 2607
1712 2622
1783 1924
1524 3041
1492 3156
1749 2732
1536 2211
1420 2584
1554 2196
1762 1605
1644 2105
1768 2402
1572 1937
1691 2417
1422 2586
1571 2474
950 3033
1573 2280
1744 1662
1742 2552
1527 2606
1770 1590
1707 1939
1607 2552
1742 1569
1738 1679
1672 2424
1574 2630
1597 2988
1480 1937
1447 3216
1552 1937
1846 3166
1581 1884
1771 1897
1688 2506
1630 2527
1530 2313
1803 3161
1577 2438
1732 3096
1652 2977
1712 1657
1491 1950
1722 3237
1438 1934
1738 1645
1447 3135
1416 3505
1483 1936
1429 2398
1571 2424
1709 2748
1609 2543
1478 2117
1437 3639
1648 3248
1566 2671
1486 2143
1740 3346
1736 2684
1560 2239
1824 2685
1652 2152
1945 2585
1895 2548
1700 2424
1441 3136
1685 3065
1502 2148
1544 2006
1575 2578
1490 1942
1433 3264
1300 3235
1446 3561
1698 2716
1615 3071
1600 2307
1659 2428
1558 2096
1556 1886
1485 3650
1440 3605
1805 2611
1450 2556
1681 2977
1515 3120
1519 3110
1598 1948
1567 1885
1604 2283
1489 1943
1596 2474
1919 3165
1655 3035
1572 2635
1565 2135
1790 1923
1639 2842
1796 1865
1742 2508
1815 1822
1747 3177
1508 2982
1656 2489
1679 2718
1647 2981
1783 2653
1913 2561
1448 3548
1738 1942
1675 2516
1764 1717
1706 3215
1757 2659
1858 2608
1861 3213
1794 2607
1618 2603
1536 2301
1646 3005
1783 2623
1787 3135
1782 3131
1518 3039
1498 3143
1513 2569
1578 1895
1584 2937
1626 2630
1406 1946
1605 2560
1648 3096
1633 2527
1650 2962
1642 2685
1599 2551
1667 2716
1522 2117
1688 2337
1589 2258
1650 3007
1643 2143
1503 3070
1406 3522
1672 3039
1640 3252
1546 2303
1560 2083
1555 1918
1727 2752
1783 2625
1429 3247
1734 1578
1461 3594
1434 3551
1854 3215
1660 1900
1610 2769
1761 1867
1608 2017
1731 2590
1620 2169
1577 2279
1625 3061
1652 2797
1556 2554
1770 1742
1763 3232
1644 2460
1716 1612
1581 2301
1869 2673
1762 3173
1855 3208
1759 1936
1767 1736
1530 2319
1504 3044
1765 1756
1477 2568
1974 2594
1717 2429
1611 2511
1695 3055
1815 1884
1582 3010
1544 2960
1419 1904
1675 3108
1870 2673
1728 3241
1504 2148
1747 3328
1660 1896
1795 1875
1958 2604
1645 1924
1773 2635
1536 1892
1874 3160
1534 2534
1682 2718
1859 2567
1767 1538
1583 2877
1817 1741
1511 2175
1875 3183
1791 2615
1575 1984
1441 3099
1684 1599
1616 2340
1772 3313
1730 2496
1758 1727
1521 2970
1308 3260
1971 2597
1621 2898
1654 2106
954 3031
1660 3184
1527 2878
1752 3327
1683 1918
1651 2790
1529 3106
1626 3066
1580 2045
945 3644
1479 2584
1547 2294
1507 2973
1602 2075
1500 2170
1623 3052
1639 1946
1891 2653
1544 1906
1566 1987
1715 1954
1589 2511
1768 3314
1754 3335
1434 3097
1655 3178
1804 1825
1700 2334
1440 3140
1905 3161
1543 2341
1570 2421
1540 2284
1574 1880
1643 2482
1390 1944
1801 1750
1833 1765
1760 2431
1559 2584
1703 1614
1890 2591
1776 3139
1617 2530
1705 2743
1612 2293
1579 2048
1511 1988
1840 1779
1527 3138
1665 2810
1672 1613
1673 3185
1516 2192
1572 2375
1389 1904
1766 3066
1614 2164
1647 2780
1476 2526
1811 1589
1555 2242
1404 1901
1656 2915
1446 3652
1770 3167
1505 2164
1778 1926
1461 3100
1658 1938
1614 2127
680 2830
1650 3008
1798 1720
1747 3268
1735 1581
1684 3039
1722 3065
1906 3171
1217 3423
1806 1598
1739 2487
1336 3240
1548 1925
1802 1823
1743 1708
1747 2567
1640 2119
1564 2210
1667 3189
1631 2773
1661 2699
1646 3258
1513 2527
1591 2467
1527 3156
1610 2149
1631 1915
1735 2499
1610 2646
1658 3180
1933 2562
1416 3506
1731 2607
1466 2123
1595 2901
1645 1936
1791 1850
1909 2643
1785 1746
1577 2572
1502 2592
1770 1913
1623 2972
1748 3270
1760 3067
1615 2775
1625 2631
1603 2920
1755 3182
1704 1910
1543 2304
1610 2530
1364 3507
1555 2357
1423 3217
1584 2105
1709 3061
1653 2149
1461 1925
1720 1946
1478 3087
1624 2448
1576 2451
1534 2981
1627 2054
1480 1949
1602 2656
1627 2903
1482 2156
1611 2626
1500 2982
1719 1640
1617 2769
1922 2553
1735 1731
1367 3491
1789 1925
1586 2294
1723 2745
1629 2644
1539 3097
1678 3066
1954 2588
1665 2890
1773 1734
1660 3098
1586 2020
1577 2384
1798 1776
1822 1825
1729 3232
1746 2483
1609 2023
1618 2329
1909 2537
1653 2866
1610 2309
1589 1952
1493 2094
1770 1952
1701 2741
1521 2116
1647 2685
1406 3634
1483 2586
1753 3267
1352 3089
1563 2672
1395 3633
1471 2102
1622 2083
1586 2056
1627 2645
1639 2476
1595 2985
1610 2289
1642 1900
1583 2295
1655 2692
1758 2621
1571 2069
1594 2551
1389 3556
1371 3246
1782 1915
1507 2594
1585 2024
1798 1818
1664 3092
1871 2572
1501 2561
1558 2571
1868 2656
1526 2206
1648 2677
1356 3286
1592 2997
1444 3150
1776 3157
1588 1976
1581 3057
1564 1986
1763 3162
1646 3275
1743 1596
1758 1962
1535 2959
939 3029
1950 2549
1734 2964
1540 1928
1969 2595
1364 3536
1347 3543
1761 3083
1903 2555
1539 2138
1385 3546
1816 1816
1534 2627
1562 2892
1664 1609
1617 2909
1800 1789
1593 2857
1896 3186
1948 2589
1595 2253
1759 3213
1621 2526
1532 1920
1585 2409
1882 2558
1440 3262
1626 3065
1657 2488
1648 2145
1754 3270
1653 2491
1897 2570
1523 2202
1522 3040
1713 1965
1547 2086
1596 2072
1559 2552
1595 2084
1511 2555
1791 3212
1767 3253
1571 2472
1415 3621
1731 2435
1686 1945
1347 3087
1819 2618
1483 3105
1543 2879
1435 3170
1946 2589
1567 2919
1770 3315
1548 1900
1646 2482
1674 3091
1863 3213
1509 2102
1496 2145
1975 2608
1571 2368
1710 3033
1641 3098
1432 2590
1627 2771
1391 1937
1562 1914
1837 2631
1502 2535
1778 1542
1528 2128
1754 2629
1491 2130
1671 2754
1695 3096
1549 2001
1456 3269
1581 1977
1663 2490
1860 1751
1696 2976
1749 2574
1593 3000
1543 2116
1434 3575
1350 3273
1594 2649
1631 1906
1699 1590
1545 1909
1526 2013
1605 2064
1670 3064
1655 2086
1551 2364
1492 2116
1689 2974
1690 2349
1392 3631
1559 3020
1797 1791
1647 3008
1479 1942
1423 2571
1367 3076
1534 2210
1435 3574
1769 2410
1798 2608
1804 1869
1813 1885
1607 2109
1647 2344
1658 1934
1526 2014
1676 3052
1716 1969
1663 2958
1688 2418
1663 2935
1563 2457
1639 2141
1896 2520
1721 1909
1746 3111
1747 3227
1670 3110
1553 2074
1619 2643
1468 2554
1540 2899
1709 2753
1820 1761
1479 2563
1861 2626
1649 2463
1787 2623
1675 3037
1761 1728
1763 1759
1339 3242
1905 3169
1443 3175
1778 3313
1729 2608
1481 2582
1688 2717
1714 1946
1875 2571
1701 1936
1851 1766
1732 2524
1607 2531
936 3031
1510 3064
1720 3233
1555 2092
1595 2256
1651 2498
1778 3172
1761 2558
1827 3162
1484 3163
1536 2534
1572 1881
1370 3499
1730 2712
1652 2692
1760 3302
1692 3089
1574 2289
1563 2475
1652 3082
1530 2206
1338 3514
1531 2615
1750 2755
1707 2955
1547 1927
1756 1937
1676 1942
1776 2439
1716 2453
1765 2428
1624 2771
1493 1954
1714 1612
1609 2167
1442 3646
1539 2878
1775 3157
1716 1894
1802 1807
1622 2590
1445 2552
1520 2199
1767 1873
1876 3188
1638 2812
1759 1685
1742 2602
1857 1783
1770 3256
1857 2640
1535 2613
1904 2535
1454 3546
1452 3116
1862 2598
1624 1906
1732 1670
1368 3492
1821 2680
1810 1786
1623 2466
1540 2539
1595 2652
1397 1943
1658 2507
1793 1560
1567 1989
1339 3259
1670 3039
1708 3049
1439 3068
1523 3106
1746 3069
1570 2291
1616 2120
1558 3052
1660 3000
1651 2945
1701 1914
1666 2352
1406 3558
1777 3174
1704 3331
1629 2111
1692 3051
1378 3243
1719 2435
1760 2381
1645 2923
1687 3076
1400 3079
1880 2597
1882 2571
1910 2643
1800 1882
1381 1940
1585 2520
1699 3290
1658 2915
1713 2616
1577 1940
1883 2673
1604 2066
1682 1948
1823 1761
1455 1973
1480 3177
1554 2586
1781 3325
1784 3167
1789 2607
1873 3191
1561 2461
1670 2502
1589 2459
1600 2084
1527 3136
1887 2554
1549 2514
1613 2828
1763 3052
1501 2172
1461 3174
1829 3152
1734 1628
1786 2623
1656 2421
1506 2165
1605 2585
1363 3534
1677 2990
1691 3050
1790 1728
1755 1691
1652 2504
1886 2548
1570 2560
1766 3060
1524 2965
1735 1620
1506 1964
1352 3251
1814 1867
1570 2659
1449 3150
1740 1638
1595 1953
1809 1601
1441 2551
1641 2867
1577 2410
1589 2872
1780 3171
1773 1744
1751 3105
1614 2769
1723 1631
1612 2521
1666 3263
1724 2942
1507 2561
1525 3051
1557 2879
1534 2212
1733 3228
1557 2080
1535 3033
1651 2480
1477 3609
1658 3091
1920 3176
1595 2263
1672 2753
1735 3327
1668 3209
1697 1609
1787 1731
1533 2324
1438 3245
1524 2014
1418 3160
1437 3587
1763 3123
1691 3051
1809 1599
1564 2415
1614 2545
1485 3648
1738 2670
1454 3526
1615 2107
1410 1938
1859 2622
1483 3124
1663 1929
1706 2761
1451 3674
1963 2590
1644 1947
1415 3617
1507 2569
1301 3226
1463 2120
1813 1858
1760 2561
1380 3633
1648 3097
1704 3300
1598 2072
1512 2177
1654 3267
1661 3111
1432 1950
1570 1943
1799 1843
1652 2490
1763 2661
1546 2331
1694 2973
1708 3339
1582 2077
1579 2034
1762 2501
1654 2824
1613 1905
1778 3179
1368 3502
1869 3162
1651 3082
1577 1948
1525 3060
1655 2425
1402 3571
1655 2787
1902 3170
1705 3300
1677 2943
1736 3251
1660 2936
1644 2720
1703 3322
1659 3275
1655 3263
1532 2613
1418 1935
1665 2938
1781 1604
1877 2650
1595 2992
1656 2483
1834 1762
1436 3637
1821 2671
1614 2287
1585 1890
1448 3651
1794 3195
1753 1938
1569 3066
1546 2105
1500 3084
1730 3352
1577 2192
1726 2669
1597 2312
1756 2389
1603 2917
1705 3233
1851 2625
1641 3249
1631 2902
1429 3119
1755 1920
1762 1706
1725 2613
1806 1699
1735 2522
1581 2040
1475 1938
941 3645
1692 3050
1521 3125
1583 1884
1660 3111
1606 2921
1408 1917
1428 3248
1574 2016
1917 3157
1755 3074
1760 2492
1784 3320
1810 1785
1417 3164
1611 2773
1580 2117
1738 1581
1616 2056
1533 2532
1791 3142
1693 3204
1454 3215
1738 3255
1536 2612
1746 2770
1679 3095
1588 1975
1517 2179
1736 3249
1649 2984
1751 1910
1633 2331
1635 2139
1436 3564
1591 2263
1555 2540
1631 2486
1337 3240
1855 2655
1733 2673
1770 1541
1517 2513
1960 2595
1567 2088
1733 2970
1806 1792
1661 2092
1761 3219
1559 2954
1729 1609
1391 1944
1591 2964
1630 3055
1489 2598
1613 2147
1431 3266
1526 2603
1768 3097
1592 2995
1715 1955
1668 3017
1511 2588
1457 3269
1627 2827
1536 2330
1473 1923
1670 3042
1626 2877
1422 3087
1417 1905
1580 2506
1685 1900
1500 2983
1679 2897
1575 2448
1652 1896
1331 3248
1875 2661
1594 2499
1624 2451
1677 2991
1463 3599
1756 1962
1579 1980
1403 1942
1620 2613
1724 1651
1745 2674
1401 1933
1814 2618
1557 2540
1480 3657
1741 2640
1888 2548
1675 3266
1577 1975
1535 2292
1785 1930
1737 3092
1751 3250
1639 2536
1706 2431
1666 2746
1436 3094
1749 2763
1771 1936
1518 3126
1579 2201
1580 2050
1446 3195
1745 1943
1597 1914
1652 2328
1672 2995
1563 2214
1622 2898
1554 3083
1399 1894
1841 2672
1733 2701
1434 3091
1739 1726
1852 2612
1751 3267
1689 3204
1754 2638
1489 2160
1618 2453
1755 2489
1617 2640
1808 1765
1456 2555
1777 1924
1610 2121
1443 3149
1449 3639
1670 2895
1448 3675
1481 3657
1580 2116
1637 3267
1805 3192
1718 1595
1886 2561
1213 3589
1584 2064
1623 2476
1700 3197
1588 2939
1416 1917
1683 2413
1518 3107
1435 3556
1744 1668
1459 3101
1567 2898
1712 1945
1647 1890
1580 2114
1618 2341
1954 2550
1539 2309
1581 2482
1488 3093
1751 2655
1473 2109
1855 1775
1691 2947
1561 2951
1444 2545
1667 2167
1542 2370
1583 1987
1453 3119
1607 2421
1865 2574
1621 2656
1576 2090
1712 2620
1858 3207
1765 1757
1619 2084
1378 3532
1773 1748
1738 1628
1791 1869
1533 2131
1669 2085
1681 3042
1464 3077
1551 2884
1444 3261
1676 3196
1482 2129
1822 2676
1628 2473
1724 2666
1499 2557
1447 3082
1536 1894
1637 2844
1388 1904
1568 2586
1610 2649
1864 2651
1554 2094
1541 3099
1664 2739
1624 2058
1562 2347
1626 1920
1576 3021
1961 2594
1352 3277
1706 3067
1753 2381
1665 2712
1791 1720
1559 2336
1714 2631
1866 2567
1876 3185
1951 2554
1450 3111
1709 2631
1919 2554
1657 2719
1653 3043
1739 2728
1776 1542
1800 1842
1524 2021
1552 2920
1418 3621
1624 2853
1571 2922
1614 2313
1967 2580
1410 3507
1542 3044
1439 3197
1478 2510
1796 3117
1802 1879
1557 1887
1589 2465
1573 2290
1918 3174
1972 2601
1546 2511
1667 3099
1759 3253
1724 2747
1683 2718
1288 3212
1453 3531
1766 2433
1786 3139
1649 3087
1690 3231
1703 2949
1615 2908
1695 3087
1779 2640
1720 3060
1796 3205
1671 3054
1898 2568
1439 3550
1787 3238
1556 3016
1771 1745
1775 3235
1769 1863
1506 2532
1755 2383
1676 1612
1757 1750
1653 2090
1646 2937
1787 1793
1582 2073
1767 1706
1576 1989
1475 2505
1423 1904
1548 2207
1786 3221
1574 2371
1733 1746
1608 2773
1968 2598
1632 2672
1563 2465
1608 2588
1621 2528
1291 3226
1881 2570
1725 2941
1352 3526
1886 3176
1726 2594
1650 2675
1695 2338
1885 2561
1692 3088
1742 3087
1607 2907
1544 2379
1391 3555
1649 3252
1732 2506
1638 2120
1479 2582
1505 3062
1372 1937
1775 2654
1764 1870
1725 1578
1572 2679
1736 2414
1770 1869
1483 3638
1727 1644
1490 3053
1709 3218
1792 1723
1564 2906
1765 2434
1606 2925
1531 2298
1740 3080
1710 2951
1573 2460
1721 2621
1580 2258
1861 2643
1816 1744
1915 2586
1410 2580
1449 3177
1439 1976
1694 3052
1435 3646
1709 2756
1316 3260
1776 2631
1643 1892
1738 3220
1851 2608
1795 1838
1772 1749
1624 2645
1634 2472
1888 2545
1666 2889
1716 2955
1668 2748
1511 2988
1655 3083
1422 3619
1614 2395
1588 2466
1554 2555
1566 3027
1479 2580
1421 3620
1776 1922
1212 3588
1923 2562
1832 2623
1565 2350
1663 2885
1732 1707
1659 2980
1332 3259
1553 2118
1579 2259
1705 2740
1484 2599
1791 3124
1645 2863
1757 3217
1719 3206
1782 1750
1723 1908
1513 3079
1209 3585
1870 2554
1445 3167
1662 2998
1534 2209
1627 2138
1300 3249
1613 2611
1688 2497
1506 1977
1690 2710
1614 2051
1571 2329
1449 3164
1696 1624
1441 3148
1652 2505
1738 1609
1732 2428
1655 3177
1589 2310
1594 2253
1887 2651
1342 3267
1787 2613
1806 1851
1575 2582
1406 1908
1805 1783
1670 2938
1633 3260
1658 2802
1655 2439
1770 1873
1792 3215
1678 2416
1790 3166
1746 2742
1702 1613
1638 2982
1555 2327
1748 3268
1613 2314
1680 2169
1571 2440
1763 3171
1759 1607
1662 2807
1465 3083
1530 3082
1747 1612
1520 3036
1767 1732
1784 1585
1325 3278
1654 2352
1583 2401
1918 3159
1685 3061
1739 3350
1586 2910
1565 2955
1781 1731
1442 1927
1568 2898
1729 2439
1746 1680
1332 3511
1615 2136
1662 2731
1910 2535
1436 3099
1523 3100
1517 2306
1584 2028
1451 3666
1678 1928
1885 3166
1660 1935
1443 1932
1769 2429
1668 3015
1553 2547
1754 2381
1750 3072
1645 2333
1564 2897
1570 2204
1611 2583
1758 3102
1903 2640
1520 3052
1867 2608
1884 3179
1751 3311
1587 2053
1762 3227
1373 1937
1424 1904
1735 1888
1550 2207
1550 2212
1526 2599
1621 2639
1799 1772
1459 3127
1751 3232
1580 2018
1797 1837
1567 2330
1846 3150
1643 2491
1439 3219
1737 2745
1834 2633
1741 1667
1718 3051
1662 2515
1577 2672
1728 2619
1579 2375
1652 2790
1573 2575
1611 2769
1646 3006
1656 2826
1391 1903
1525 1989
1624 2857
1550 2346
1492 2097
1343 3272
1427 3248
1586 2022
1693 1601
1629 2772
1427 3146
1418 1903
1574 3022
1893 3192
1781 1571
1511 1983
1574 2022
1944 2546
1613 2650
1666 2349
1703 3279
1545 2952
1758 3067
1744 1936
1674 2720
1719 2959
1567 1922
1708 2622
1633 2525
1658 2757
1805 1877
1552 2567
1571 2898
1722 1602
1627 2055
1696 2501
1792 1716
1573 2923
1385 3541
1478 3153
1579 1979
1403 1896
1735 1671
1648 1952
1698 2620
1803 1789
1730 2520
1423 3553
1600 2904
1496 3054
1704 2621
1580 2480
1801 3166
1794 1833
1611 2520
1623 2060
1645 3256
1562 2134
1794 1726
1756 1909
1728 2751
1657 2705
1683 2887
1518 2529
1431 2592
1715 3207
1536 1995
1446 3208
1607 2908
1532 2200
1609 2120
1742 3084
1484 1924
1679 1948
1497 2219
1701 1917
1533 2631
1328 3534
1535 2305
1577 3021
1813 1589
1689 3231
1715 3210
1621 2766
1443 3087
1596 2314
1663 2814
1778 1728
1519 2150
1711 2654
1754 3112
1605 2066
1578 2969
1556 2131
1917 2587
1352 3279
1515 3140
1895 2590
1746 1714
1588 2936
1570 2515
1867 3164
1522 3052
1635 2340
1409 3092
1711 3208
1846 2625
1779 3149
1720 2958
1504 3154
1544 2205
1581 2082
1614 2828
1722 2966
1617 2330
1575 2627
1693 2417
1755 2629
1369 3079
1709 2652
1751 3257
1697 2945
1713 1908
1577 3068
1708 3308
1559 2086
1593 2561
1496 1954
1478 2581
1510 2546
1809 2604
1564 2317
1637 3084
1494 3085
1217 3578
1779 3132
1871 3198
1478 2108
1406 3520
1653 2760
1542 2120
1369 3504
1655 3109
1835 1762
1603 2641
1575 2026
1522 2525
1793 1576
1779 3179
1542 2291
1602 2590
1583 1951
1648 2696
1755 2656
1525 3156
1802 1877
1753 1897
1634 2468
1486 3095
1410 3092
1546 2235
1487 3655
1515 2004
1717 2748
1720 2470
1555 2139
1432 2570
1631 2475
1643 1948
1799 1841
1438 2602
1567 2007
1714 1574
1707 1621
1787 2620
1556 2530
1959 2591
1558 2450
1481 2146
1605 2526
1549 2332
1538 2280
1783 2657
1423 1942
1434 3209
1764 2636
1419 3622
1644 2337
682 2830
1404 1960
1746 3218
1353 3090
1478 1956
1453 1971
1738 3351
1585 2053
1680 1912
1660 3275
1641 2938
1826 2626
1440 3091
1788 3177
1562 2354
1814 1855
1644 1908
1627 1917
1547 2950
1790 1727
1452 3643
1774 3309
1670 2891
1826 1846
1746 3279
1501 3064
1803 1580
1511 1986
1649 2481
1795 3122
1913 2644
1709 1638
1593 1973
1797 1816
1796 1859
1866 3213
1581 3061
1713 2957
1604 2516
1639 3255
1650 2975
1433 3574
1721 2667
1551 3085
1668 1902
1944 2595
1611 2309
1595 2653
1767 3252
1477 3181
1546 1889
1443 2554
1556 2667
1609 2494
1702 1902
945 3041
935 3030
1798 3212
1750 3324
1485 3169
1480 2136
1587 2410
1629 2643
1717 2464
1591 1961
1585 2523
1517 2596
1553 2087
1614 2587
1741 2721
1601 2393
1714 3242
1738 2410
1466 3175
1651 3007
1412 3503
1755 1936
1591 2572
1646 2463
1598 2074
1771 2636
1438 2557
1808 1597
1571 2527
1671 3009
1854 2615
1633 3094
1579 1960
1713 3033
1728 2433
1588 2856
1658 2427
1579 1993
1718 1596
1749 1870
1562 2343
1749 2592
1547 2310
1582 2022
1729 2599
1764 3271
1661 2716
1574 2291
1570 2373
1772 1603
1431 3108
1446 3087
1779 3145
1722 2946
1894 2567
1541 2119
1505 1961
1448 3547
1679 3200
1725 2526
1602 2550
1559 1888
1405 1947
1441 1973
1537 2215
1633 2763
1611 2549
1695 3306
1506 2186
1737 2412
1845 2664
1757 3073
1335 3248
1725 1648
1768 3279
1656 3039
1669 2975
1751 1936
1390 3631
1678 3058
1632 2931
1660 2691
1735 1645
1627 2744
1898 3201
1572 1887
1735 2484
1452 3176
1648 2820
1728 2527
1628 2436
1766 2386
1708 1948
1563 1887
1432 3558
1576 2200
1674 2717
1569 1894
1603 2304
1429 3127
1604 2265
1787 2608
1651 2976
1597 2081
1626 2433
1515 2546
1751 3084
1578 3054
1527 2305
1642 2123
1454 3094
1618 1913
1780 1792
1518 2311
1782 2639
1408 1910
1662 1610
1511 2546
1570 1921
1752 3103
1356 3502
1537 2296
1749 1606
1706 3065
1604 2766
1523 3123
1632 2134
1600 2076
1704 3201
1745 2549
1663 2887
1520 2195
1649 1940
1749 1893
1528 3062
1639 2848
1737 1877
1570 2102
1619 1909
1644 1891
1510 3070
1596 2981
1668 2915
1804 1853
1466 3592
1744 2744
1651 2692
1780 1570
1701 3300
1721 2718
1441 1938
1473 3109
1476 3149
1771 3234
1795 1724
1672 3209
1770 3236
1689 2714
1909 2586
1696 3212
1617 2547
1394 3076
1652 2714
1465 2570
1675 2423
1591 2479
1582 2302
1715 2432
1641 3256
1730 1720
1612 1929
1451 3112
1780 3170
1713 1600
1733 2745
1570 2416
1475 2506
1325 3524
1539 3086
1511 2564
1706 3048
1709 2955
1489 3143
1704 1908
1750 2731
1517 2984
1645 2972
1619 1906
1506 2168
1604 3070
1727 2524
1652 3075
1832 2664
1359 3530
1440 3126
1450 3112
1709 3217
1517 3116
1595 2860
1581 2304
1582 2408
1666 1609
1549 2346
1769 2434
1755 1979
1574 1916
1744 1895
1628 2827
1488 3151
1543 2291
1458 2543
1456 3662
1846 2671
1390 3517
1830 1846
1553 3086
1882 2557
1564 2212
1909 2548
1509 2147
1536 2202
1339 3248
1708 1942
1467 2514
1751 2543
1612 2345
1604 2061
1729 1607
1658 2337
1574 2460
1627 2770
1571 1918
1604 2065
1710 3216
1424 1937
1510 3071
1633 2129
1392 3503
1633 2681
1662 2719
1624 2582
1452 3645
1301 3259
1480 1957
1640 3072
1559 2355
1746 2478
1807 1821
1423 2588
1739 2486
1480 2582
1731 2426
1897 2660
1586 1941
1580 2458
1552 2213
1414 2581
1569 2935
1585 2320
1398 1927
1580 3026
1627 2766
1757 3292
1391 1935
1504 2190
1758 3300
1590 2011
1732 2609
1669 2757
1459 2565
1817 1743
1781 2655
1607 2675
1730 2972
1584 2856
1529 2606
1402 3635
1476 2594
1708 2952
1717 2713
1462 2563
1730 1875
1704 2427
1566 2135
1540 2965
1876 3187
1747 3178
1554 2891
1619 2662
1650 2341
1449 3154
1347 3247
1735 2516
1839 3154
1603 2122
1799 1855
1758 3222
1782 3185
1681 2976
1558 2891
1720 2659
1873 3166
1619 2110
1497 2130
1802 1753
1627 2113
1446 3207
1552 2220
1746 3335
1557 2591
1753 2549
1735 2711
1783 3163
1705 2952
1621 2054
1713 1609
1671 3003
1437 3245
1641 2132
1640 2106
1585 2651
1396 3505
1675 1933
1738 1626
1627 2874
1740 3092
1448 3086
1580 2879
1905 2549
1417 3505
1415 3156
1436 3592
1361 3088
1770 1949
1564 3025
1481 2563
1769 1721
1558 2331
1651 3083
1769 2639
1540 1915
1466 3141
1706 3233
1686 2513
1693 1592
1426 1939
1652 2727
1560 2576
1901 3198
1566 2562
1563 2462
1729 3096
1350 3250
1731 1718
1736 3328
1675 3219
1574 2024
1604 2498
1517 3142
1666 1624
1730 2502
1687 2508
1635 3092
1499 2586
1531 1997
1529 2632
1579 2318
1634 2137
1636 2822
1757 1704
1503 2972
1542 2896
1417 1930
1507 1966
1707 3228
1401 1921
1679 2417
1578 3025
1648 3068
1701 2746
1723 1599
1423 3504
1550 1886
1576 1880
1548 2362
1589 1930
1583 3046
1792 1607
1629 3257
1652 3254
1667 3113
1823 1586
1726 1644
1552 1916
1804 1855
1870 3171
1551 2004
1618 2636
1726 2469
1802 1811
1767 2406
1719 2477
1687 2981
1791 3217
1542 2222
1651 2712
1446 3543
1663 2988
1519 3154
1577 1921
1741 2430
1625 2468
1607 2905
1605 2142
1736 1727
1569 1885
1769 2640
1448 3088
1741 1943
1883 2572
1459 3152
1713 2951
1737 2479
1761 1709
1897 2521
1579 2413
1299 3229
1783 1588
1762 1953
1614 2295
1712 1908
1527 3090
1585 2941
1706 1620
1440 3138
1654 2359
1758 1876
1739 2709
1505 2510
1427 3070
1891 3195
1590 2477
1752 1711
1788 1736
1757 1879
1704 1937
1365 3229
1787 1751
1542 3099
1411 3077
1553 3013
1415 3620
1832 1838
1808 1819
1563 1937
1790 2619
1490 3654
1706 1919
1751 2596
1750 2594
1709 3201
1647 3252
1524 3106
1443 2556
1634 3086
1868 2572
1439 3194
1640 3073
1591 2880
1756 2427
1528 2967
1661 3005
1618 2342
1646 2780
1745 1702
1830 1838
1721 3069
1819 1591
1595 2917
1589 2333
1438 1961
1396 1912
1972 2583
1730 3229
1440 3211
1510 3152
1738 2732
1631 2564
1885 2540
1761 2628
1519 2549
1473 2106
1636 2451
1467 3134
1564 2571
1643 2836
1603 2497
1517 3152
1791 2405
1434 3103
1717 1588
1580 2516
1475 2574
1284 3206
1573 2919
1438 1956
1676 3274
1433 3215
1655 2420
1699 3318
1674 2716
1736 2510
1752 3324
1644 2336
1341 3255
1544 2366
1610 2545
1702 3203
1894 2545
1852 1778
1662 3004
1566 2068
1703 1907
1555 2455
1767 1874
1647 2817
1662 2088
1573 2464
1807 1592
1644 2938
1391 3511
1471 3085
1772 3127
1628 2138
1944 2550
1711 2718
1762 3168
1834 1865
1363 3497
1780 2621
1601 2671
1533 2295
1531 2201
1627 2053
1674 3207
1611 2016
1759 2660
1647 2980
1633 3069
1671 3087
1438 1965
1664 1929
1621 2441
1744 1592
1560 2675
1810 2598
1584 2102
1759 1602
1607 2397
1880 3192
1553 2920
1826 2621
1427 1948
1564 2902
1585 1952
1591 2106
1814 1885
1783 3185
1583 2192
1790 1563
1919 3154
681 2830
1657 2337
1493 3064
1613 2344
1636 2122
1768 2405
1536 2217
1436 3068
1666 2101
1700 3288
1701 1918
1458 3172
1510 2973
1383 3241
1821 1762
1747 3096
1436 3128
1630 3258
1453 3635
1743 1665
1570 2567
1530 2911
1436 3095
1791 3211
1742 2716
1580 1945
1746 1899
1444 1920
1551 2147
1522 3124
1893 2542
1757 2649
1799 1775
1574 2113
1698 2424
1532 2282
1784 1862
1579 2478
1595 2902
1636 2521
1576 2018
1748 2764
1618 2902
1523 2205
1550 2344
1354 3090
1778 1865
1603 2448
1475 2120
1708 2609
1627 2565
1665 1902
1892 2591
1736 1625
1582 2308
1672 3044
1797 3158
1648 2680
1559 2960
1804 1587
1447 3652
1752 1694
1627 2334
1446 1976
1760 2559
1573 2940
1708 2639
1779 3151
1355 3087
1601 2498
1644 2333
1606 2397
1763 3111
1816 1589
1518 2546
1478 3177
1447 1971
1447 3553
1554 2515
1608 2493
1884 3174
1611 2628
1525 3041
1488 3092
1376 3529
1619 2169
1598 2095
1570 2963
1608 2346
1691 3049
1670 3208
1762 3225
1961 2591
1762 3255
1389 3559
1804 1870
1657 3043
1585 2910
1271 3198
1569 2559
1625 2435
1584 2654
1978 2585
1634 2746
1595 2870
1482 3116
1359 3531
1508 2564
1849 2608
1494 3065
1547 2525
1495 2167
1648 2146
1735 3227
1692 2334
1777 2430
1440 3187
1592 2399
1772 2433
1575 2852
1421 1953
1730 1738
1445 1929
1755 2644
1684 3268
1708 1587
1831 1758
1585 1956
1625 2169
1923 3152
1678 1946
1738 2752
1474 3108
1708 3332
1767 1753
1481 2164
1562 2575
1652 2768
1641 2847
1605 2523
1795 3205
1483 3099
1806 1818
1892 2592
1630 2632
1765 1608
1708 2756
1455 3132
1601 2075
1489 2114
1653 2762
1363 3299
1668 2810
1722 1664
1579 3015
1658 3092
1689 2717
1589 2500
1670 3090
1529 2015
1915 2648
1429 3121
1726 2668
1659 2983
1719 3060
1418 3506
1906 2544
1725 2522
1449 3112
1758 3103
1450 3139
1756 2488
1579 1899
1316 3257
1689 3282
1543 2236
1609 1881
1577 2562
1623 2477
1777 2401
1767 3149
1800 1773
1536 1891
1585 2313
1598 2090
1730 2474
1725 2612
1427 1938
1686 2709
1548 2106
1577 2473
1657 3111
1699 3231
1535 3099
1909 2538
1768 1932
1485 2146
1788 1602
1449 1966
1722 3196
1748 2750
1721 2746
1944 2594
1629 2486
1634 2752
1624 2488
1801 3158
1504 2550
1658 3097
1948 2546
1588 2021
1757 3234
1545 2121
1399 3566
1854 3214
1767 1727
1413 2572
1660 2717
1664 2990
1653 2432
1480 1953
1445 3207
1655 1956
1500 3054
1792 3206
1691 3288
1497 2586
1542 2894
1663 2169
1552 2518
1478 3142
1448 3168
1781 3142
1805 1864
1425 2580
1564 2255
1619 3067
1582 1991
1657 1935
1721 1885
1451 3544
1792 1809
1577 3033
1643 2686
1715 2468
1510 3038
1659 2112
1521 2202
1544 2307
1898 2566
1654 1899
1663 2431
1783 1737
1473 3157
1628 2862
1742 1699
1582 2884
1413 3621
1680 1907
1628 2633
1749 2481
1656 2822
1511 3056
1913 2582
1708 1601
1736 2418
1537 2297
1433 3579
1746 1608
1740 2739
1690 2418
1595 2863
1659 2922
1592 2876
1474 3147
1476 3145
1727 2579
1459 1925
1464 3275
1769 1756
1606 2619
1627 3256
1684 2979
1972 2600
1661 2692
1797 1834
1758 2671
1546 2106
1757 1881
1583 2908
1685 3098
1330 3276
1301 3218
1676 2411
1800 1878
1717 3202
1745 1578
1581 2038
1407 3557
1646 3002
1713 1969
1564 2457
1694 3090
1471 3139
1777 2431
1718 2475
1784 2636
1601 2656
1898 2574
1799 2607
1539 2331
1679 3274
1762 3311
1794 3320
1419 3550
1748 3100
1652 2433
1655 2753
1695 3097
1784 1939
1732 2583
1724 2608
1845 1767
1438 1955
1497 3055
1386 3536
1545 1919
1844 2630
1584 2855
1661 3042
1774 2665
1668 1622
1533 2134
1542 2219
1454 2555
1525 3101
1599 2977
1673 2511
1560 2957
1547 2306
1632 2769
1716 2470
1680 3271
1748 3273
1807 1812
1578 2513
1663 2902
1708 1600
1621 2445
1731 2971
1675 2895
1526 2973
1750 3071
1649 2150
1874 3191
1707 2760
1891 3178
1479 3128
1703 3065
1479 1938
1582 2050
1512 2974
1648 2975
1710 2639
1579 3031
1523 3102
1334 3513
1732 3326
1790 3212
1588 2312
1673 3089
1503 2219
1536 2908
1666 2899
1773 3159
1746 2563
1609 2166
1808 3205
1792 1918
1658 2710
1545 2301
1700 2716
1526 3150
1658 1896
1563 2347
1517 3073
1747 3088
1817 1748
1601 2989
1563 2349
1515 2993
1780 2635
1635 2755
1569 2250
1598 2262
1537 2214
1480 3095
1578 2520
1871 2673
1528 3043
1817 1746
1793 3211
1574 2581
1464 3600
1841 2661
1423 3550
1652 2173
1827 1844
1631 2338
1618 2135
1759 1892
1431 3557
1761 2630
1514 3146
1655 2913
1620 2894
1610 2355
1626 2571
1611 2585
1884 3191
1679 3042
1805 1689
1655 2341
1773 3308
1503 2148
1789 2624
1430 1899
1747 2575
1612 2160
1571 2398
1545 2209
1365 3507
1740 3090
1746 1655
1531 2904
1620 2972
1770 2408
1579 2572
1655 2339
1650 1894
1773 3228
1582 2078
1587 2874
1684 2718
1829 1850
1944 2548
1754 3263
1940 2571
1725 1592
1637 3266
1699 2335
1757 2628
1528 2138
1795 1826
1625 3064
1744 2740
1891 2583
1423 2573
1570 2661
1569 2520
1733 1747
1865 3215
1406 1962
1520 1983
1614 2129
1702 1905
1678 3221
1320 3269
1444 3674
1280 3219
1379 3632
1824 1846
1723 3234
1546 2528
1808 1813
1567 2290
1713 3325
1562 2662
1593 2314
1496 2166
1670 2928
1419 3160
1556 2875
1501 2167
1753 2632
1626 2866
1401 1932
1663 2493
1956 2583
1666 2089
1893 3197
1649 2355
1761 3261
1438 1936
1770 3318
1277 3202
1498 2130
1667 2937
1650 2692
1443 3188
1762 2629
1706 3199
1725 2710
1454 1975
1651 1944
1580 2474
1701 3200
1448 2548
1765 1715
1573 2576
1478 1930
1874 3167
1770 3161
1596 2395
1627 1901
1489 2110
1680 1634
1512 2976
1664 3009
1682 1957
1787 1746
1571 2568
1564 2009
1588 2496
1529 3091
1379 3080
1851 3170
1744 1702
1639 2334
1555 2480
1697 2335
1537 3034
1910 3160
1631 1897
1557 2668
1497 2135
1819 2592
1695 3211
1780 1791
1462 3590
1693 3076
1719 2714
1520 3124
1604 2592
1802 1860
1620 2332
1579 2044
1798 1598
1832 1763
1700 2715
1484 3116
1277 3199
1860 2664
1418 1933
1748 1944
1449 3069
1598 2264
1776 1873
1593 2532
1796 1787
1665 2492
1645 2794
1635 2760
1646 3068
1477 3644
1643 1929
1768 1609
1616 2620
1588 2309
1290 3213
1674 2163
1716 3211
1606 3071
1822 1586
1480 1955
1668 2085
1547 2105
1484 2111
1538 2236
1680 2895
1851 2630
1649 2815
1745 2567
1774 1740
1688 3262
1564 1938
1535 2629
1747 2425
1505 2988
1707 2957
1687 3062
1757 2630
1762 1697
1910 3171
1654 2883
1593 2510
1566 2346
1566 2009
1745 2548
1443 3636
1601 2489
1640 2924
1639 2481
1714 2467
1598 1988
1472 2105
1746 1706
1765 2382
1410 1911
1359 3532
1538 1886
1576 2319
1455 3157
1414 2580
1822 2686
1696 3335
1488 2142
1559 2006
1634 2817
1323 3276
1778 3270
1644 1936
1453 1965
1501 1961
1582 2859
1556 3021
1656 3110
1548 2105
1304 3258
1901 2587
1655 2686
1654 2876
1871 2603
1584 2913
1512 2194
1572 2093
1544 2203
1526 2604
1753 1975
1545 2960
1607 2102
1721 3060
1434 1959
1726 1645
1623 2911
1894 3200
1606 2527
1804 1822
1578 2405
1504 3061
1813 2605
1371 3247
1519 3106
1822 3165
1772 2635
1590 2106
1641 3251
1647 2483
1558 3073
1639 2758
1481 3608
1707 3336
1802 1852
1772 1752
1610 2263
1612 2584
1496 2125
1509 2570
1751 2589
1523 2006
1529 2328
1859 3168
1481 3652
1716 2640
1563 1985
1793 1854
1421 1963
1589 2009
1437 1956
1833 1830
1706 3324
1805 1703
1797 1819
1566 3023
1623 2665
1484 3121
1405 3505
1652 2499
1433 3606
1738 1575
1495 2206
1659 2706
1621 2076
1634 2334
1377 3547
1292 3218
1733 3229
1702 1914
1555 2147
1593 2649
1718 1947
1568 2958
1615 2326
1722 3082
1412 2573
1731 1706
1580 1892
1755 2435
1632 3055
1690 3074
1772 1796
1501 2220
1898 2576
1629 2474
1635 3265
1517 2176
1741 2681
1727 2521
1726 1638
1745 1887
1517 2976
1779 1754
1579 2461
1644 1907
1426 1922
1483 2599
1785 3187
1734 1673
1560 2357
1708 1617
1757 3215
1754 2587
941 3037
1673 1939
1471 3169
1719 2634
1537 1891
1512 2546
1555 2588
1543 2142
1610 2522
1675 3086
1872 3197
1787 1752
1454 3164
1687 1959
1792 1721
1716 1951
1770 1872
1632 1903
1448 3094
1742 3331
1675 1903
1618 2602
1714 2714
1441 2552
1632 2979
1554 2325
1451 3642
1852 3168
1659 2761
1793 1771
1742 1570
1710 2962
1615 2170
1554 3078
1606 2908
1891 2568
1564 1987
1649 2496
1506 2534
1651 1962
1555 2954
1466 3132
1580 2910
1481 3644
1658 3271
1498 2200
1775 1741
1582 1882
1596 2119
1673 1923
1884 2539
1644 1892
1705 3332
1557 2479
1585 2314
1798 1932
1727 2522
1723 3323
1759 1957
1656 2490
1664 2890
1599 2510
1448 3652
1666 3115
1507 1962
1512 3040
1447 3614
1535 2612
1758 2650
1652 2339
1524 3051
1760 3066
1863 3219
1616 2764
1764 3231
1736 2725
1959 2581
1618 1912
1686 2501
1320 3261
1454 3644
1747 1868
1608 2610
1589 2259
1821 1755
1604 2069
1689 3284
1467 2123
1519 2516
1627 2878
1798 1836
1752 1704
1445 1927
1717 3205
1301 3229
1590 1973
1565 2351
1579 2025
1553 3092
1315 3258
1437 3263
1772 3234
1652 3180
1554 3090
1816 1815
1468 3086
1616 2328
1771 2638
1710 3232
1613 2326
1741 1613
1703 3290
1600 2447
1737 2419
1814 1872
1546 1931
1453 3544
1811 3154
1505 2166
1619 2333
1741 3087
1542 2362
1808 1851
1604 2902
1745 3337
1740 2706
1532 3102
1673 1943
1963 2583
1715 2946
1433 2402
1340 3257
1571 2966
1611 2596
1577 2632
1899 2556
1730 1877
1513 2529
1610 2629
1579 2515
1660 2885
1479 2142
1475 3146
1751 2732
1565 2470
1736 2484
1703 3319
1519 2976
1671 2719
1561 3022
1618 2058
1377 1936
1606 2665
1693 3191
1577 1946
1595 2243
1737 3333
1894 2583
1611 2631
1579 1917
1361 3092
1519 3126
1635 2977
1659 2921
1743 2567
1655 2907
1789 1916
1569 1895
1779 1926
1632 3067
1910 2548
1765 2411
1846 1752
1558 2892
1729 1605
1611 2595
1725 1597
1600 2171
1535 2327
1810 1819
1648 2890
1626 2076
1582 2301
1628 2565
1450 3550
1607 2551
1491 2145
1623 2527
1638 3084
1792 3221
1426 3629
1662 3021
1699 2758
1353 3083
1655 2107
1780 1576
1766 1605
1797 2606
1454 3528
1548 2361
1495 2197
1499 2130
1615 2115
1730 3083
1577 2042
1712 2659
1377 1935
1387 3501
1763 3100
1701 1904
1616 1911
1445 3258
1639 3079
1588 2491
1441 1961
1728 2680
1606 2080
1316 3261
1567 2587
1672 3096
1793 1785
1765 3224
1403 3506
1657 2707
1780 1605
1475 2109
1682 1602
1785 3186
1428 3117
1463 2116
1484 3146
1761 3112
1536 2905
1443 3592
1672 2165
1724 2660
1450 1915
1488 3100
1590 2855
1796 1857
1792 1925
1703 3278
1527 2967
1682 3040
1762 2405
1368 3486
1453 3590
1829 1832
1688 2982
1537 1895
1562 2346
1738 3346
1447 3091
1704 3274
1442 3180
1585 3008
1817 1585
1746 1875
1563 2007
1614 2770
1733 2751
1810 1749
1561 1995
1581 2877
1670 2757
1750 1715
1600 2265
1389 3510
1510 2107
1780 3150
1337 3241
1492 3152
1558 2145
1731 1889
1882 2597
1739 1722
1584 1982
1615 2121
1578 1976
1685 1630
1734 2756
1968 2607
1486 3144
1723 2617
1464 2122
1467 2513
1731 2430
1710 2656
1654 2422
1636 2137
1587 2060
1813 1832
1506 3062
1715 2980
1412 3502
1748 1685
1591 2092
1510 2554
1391 1913
1430 3123
1779 1740
1540 2537
1464 3078
1830 1841
1574 2189
1744 1597
1563 2131
1607 3066
1668 1608
1327 3511
1649 2964
1717 2942
1893 2658
1517 3128
1514 3059
1465 2136
1715 2970
1807 1869
1520 2194
1788 1800
1540 2233
1610 2632
1727 2965
1776 3146
1535 1995
1617 2444
1597 1941
1631 2050
1573 2646
1764 3118
1647 2784
1715 2614
1555 2481
1434 2590
1786 3227
1760 1696
1550 2892
1442 3587
456 3353
1434 1897
1622 3065
1513 1976
1575 3027
1607 2913
1651 2430
1653 2728
1628 2474
1562 2455
1584 1887
1671 2994
1727 1615
1649 2794
1608 2569
1567 2951
1501 2177
1435 3104
1699 3315
1734 2414
1788 3136
1628 2572
1490 2118
1744 2683
1602 2117
1646 2958
1897 2656
1706 3278
1550 2890
1560 2660
1509 3155
1610 2293
1634 2528
1670 3106
1377 3234
1607 2522
1670 1942
1564 2659
1483 3134
1497 1943
1718 2659
1641 2824
1794 1845
1603 2590
1805 3157
1515 1983
1557 2209
1648 2906
1830 2668
1666 3048
1746 2482
1724 1594
1515 2112
1591 2107
1615 2615
1421 3091
1485 2129
1610 2906
1892 2587
1562 2131
1483 3173
1655 2424
1448 3554
1400 3078
1495 3139
1603 2493
1304 3209
1708 1612
1451 3069
1572 2102
1764 1743
1769 3121
1612 2528
1756 3289
1656 2363
1330 3284
1672 2339
1578 2478
1563 2662
1388 3556
1621 3055
1595 2981
1809 1687
1354 3283
1645 2141
1813 1875
1765 2419
1733 2972
1708 2970
1383 1937
1662 2107
1498 2093
1794 1876
1665 2718
1683 1631
1774 3237
1425 1940
1435 3097
1729 1739
1517 2099
1592 2464
1669 2940
1306 3252
1772 3149
1635 2121
1633 1905
1740 1667
1573 2078
1488 1925
1580 2850
1430 2587
1770 1956
1548 2109
1864 1751
1296 3243
1734 2750
1441 3182
1578 2113
1662 2712
1486 3602
1868 3172
1537 2005
1506 2176
1728 2610
1478 3181
1591 2078
1588 1957
1609 2595
1661 2715
1544 2305
1398 3509
1617 2128
1474 3155
1739 1889
1571 2369
1745 2591
1672 2893
1501 1962
1544 2521
1599 2257
1667 1924
1607 1880
1962 2591
1537 1909
1389 1906
1644 1927
1398 3505
1757 1978
1672 2168
1741 2484
1667 2899
1728 2574
1517 3146
1826 1848
1672 2164
1447 3210
1667 3114
1407 2583
1562 2459
1581 2315
1382 1943
1547 3028
1546 2371
1658 3265
1686 2517
1537 2235
1736 3228
1765 1539
1462 2539
1773 3145
1897 3167
1408 3093
1341 3244
1435 1898
1506 2097
1582 1974
1831 1829
1748 2573
1647 1945
1769 2377
1749 1685
1545 2380
1426 1896
1552 2545
1659 2758
1809 2599
1663 2713
1963 2589
1653 2170
1723 1884
1423 2579
1740 1577
1844 1779
1829 1763
1752 2574
1611 1905
1632 2857
1525 1980
1670 2930
1491 2118
1746 3108
1791 1792
1576 2469
1919 2558
1542 2282
1530 2328
947 3029
1594 1965
1620 2426
1649 2795
1712 3325
1552 2529
1428 3558
1460 2531
1771 1593
1791 1718
1476 2512
1610 2148
1582 2410
1394 3533
1634 2463
1796 1813
1784 1728
1617 2111
1664 3041
1679 3041
1603 1884
1526 2878
1621 2448
1722 1911
1660 3053
1517 3001
1512 2147
1644 2684
1723 2971
1815 2697
1655 1958
1625 2567
1447 3592
1563 2660
1397 1945
1669 2752
1614 2054
1425 1899
1763 2502
1617 2663
1545 2891
1767 1897
1596 2075
1497 2127
1493 3087
1363 3536
1741 1669
1538 2287
1544 3029
1576 2417
1424 3068
1664 3273
1677 2717
1819 1582
1503 3077
1605 2015
1832 3153
1888 2653
1529 2966
1580 3064
1555 3081
1950 2583
1450 3106
1756 1688
1508 2172
1916 3155
1728 2593
1559 3077
1561 3021
1424 3093
1624 1908
1455 3123
1648 2957
1726 3079
1630 2979
1715 1655
1621 2914
1762 3110
1955 2585
1766 1870
1824 2670
1648 2334
1659 3119
1533 2130
1516 2589
1763 3317
1692 2417
1654 2361
1302 3217
1723 1885
1811 1816
1420 1955
1771 3046
1650 2695
1684 1634
1776 1861
1674 2168
1555 2220
1733 1603
1885 3195
1608 2772
1439 3149
1550 2547
1629 3054
676 2829
1728 2517
1814 1869
1631 2121
1406 1914
1766 1876
1616 2624
1766 2495
1738 2411
1568 2329
1774 2651
1511 3040
1768 2650
1670 2917
1397 3077
1731 1734
1753 2424
1403 1926
1874 3176
1642 2896
1783 1863
1641 2853
1404 3515
1922 3179
1508 3082
1607 2658
1852 2637
1763 2406
1655 2704
1736 2485
1751 3183
1546 2952
1538 1927
1677 3067
1410 3096
1794 1843
1589 2874
1841 2630
1715 1591
1579 1894
1356 3252
1898 2551
1565 1988
1640 2843
1755 3169
1382 3500
1606 2569
1751 3266
1598 2912
1859 2597
1965 2582
1705 1658
1552 2078
1629 3062
1740 2746
1592 2013
1791 3235
1548 2506
1439 3636
1454 3667
1643 1898
1706 2619
1692 2972
1555 2919
1567 2671
1557 2590
1595 2094
1562 1938
1596 1983
1682 3275
1485 2598
1579 2953
1755 1975
1504 3062
1711 1576
1511 3057
1446 3571
1568 1886
1458 3103
1573 2649
1554 2517
1646 2973
1625 2111
1596 1972
1715 1921
1671 3267
1425 3128
1667 2739
1302 3221
1786 1932
1792 3118
1582 2937
1336 3510
1642 1941
1632 2898
1688 3269
1529 2207
1478 3167
1591 2965
1787 1740
1761 3221
1729 2673
1536 1910
1562 3050
1509 2171
1763 3234
1706 2751
1602 2614
1800 1598
1542 2539
1662 2717
1727 2580
1547 1933
1446 3161
1576 2956
1766 1607
1447 3215
1746 2562
1700 2977
1423 3132
1579 2027
1543 3041
1541 1986
1642 2552
1750 1716
1578 2964
1789 2403
1751 2639
1399 3564
1749 2567
1869 2555
1407 1914
1346 3276
1578 2913
1670 2751
1718 2947
1580 2030
1788 1790
1588 2023
1773 1555
1453 3159
1430 2591
1751 3104
1639 2964
1815 2677
1563 2415
1578 2570
1611 2660
1939 2563
1653 3041
1636 2114
1559 2246
1732 2693
1450 3109
1599 2265
1793 1866
1532 2130
1741 2744
1845 1759
1738 2728
1971 2581
1729 1612
1607 2082
1732 1618
1452 3155
1951 2588
1656 2111
1626 2437
1319 3264
1572 2949
1787 1748
1723 3064
1710 2634
1432 1951
1664 2341
1595 2394
1462 2557
1759 1755
1712 2956
1626 1909
1783 1746
1734 3096
1756 1705
1658 2911
1739 1611
1835 1760
1529 1930
1351 3534
1571 2679
1517 2985
1646 2903
1646 2870
1628 2340
1534 2963
1706 2989
1761 1702
1893 3167
1840 1772
1533 2220
1638 2108
1722 2617
1708 3281
1420 3159
1391 3554
1731 2503
1680 2988
1598 2293
1705 2951
1668 2166
1438 3263
1606 2103
1494 2116
1374 3529
1661 2902
1696 3283
1504 3060
1571 2586
1604 2636
1755 1753
1866 1749
1495 2139
1609 1925
1585 2262
1570 2658
1537 2212
1633 3062
1652 1940
1657 3100
1625 2575
1553 2581
1716 1910
1494 3152
1418 3509
1490 2144
1662 2756
1762 1711
1737 2491
1491 3093
1956 2548
1467 3167
1633 2564
1618 2619
1705 3033
1538 1996
1672 2978
1467 3131
1666 2902
1684 1955
1607 2519
1639 2986
1500 2209
1678 2987
1781 1749
1758 1688
1798 1841
1540 2623
1601 2490
1764 3166
1826 3152
1521 2143
1813 2620
1602 2444
1577 2674
1588 3021
1791 3143
1638 2681
1623 2480
1529 3086
1629 2767
1978 2584
1766 3118
1673 3216
1584 1991
1509 3077
1653 2766
1861 2655
1508 1978
1552 2881
1576 2955
1608 1913
1764 1703
1514 2569
1779 1881
1708 1592
1555 2451
1541 2316
1508 2983
1612 2322
1769 3267
1762 3063
1622 2675
1419 1954
1710 2619
1753 1969
1715 2447
1629 2110
1552 2546
1408 1915
945 3035
1848 1767
1516 3075
1508 2194
1797 1703
1755 1893
1753 1974
1439 3640
1584 1952
1756 1907
1430 2590
1610 2150
1830 1866
1747 2547
1580 2023
1713 3231
1596 2121
1652 2451
1593 2470
1753 3323
1591 2872
1685 3068
1795 3124
1443 3674
1724 2671
1557 2873
1648 2357
1304 3257
1666 2810
1669 2970
1716 1936
1600 2448
1599 2453
1798 1705
1481 1924
1569 2063
1660 2920
1393 3633
1477 2574
1860 1750
1519 2302
1836 2636
1831 1756
1555 1886
1499 3143
1377 3546
1675 1606
1682 3096
1597 1974
1469 1931
1776 2649
1637 3252
1645 1913
1832 2667
1506 3146
1542 3034
1554 2102
1552 3021
1430 3144
1397 3535
1459 2104
1512 2140
1545 2321
1484 3099
1771 1874
1637 2888
1580 2576
1433 2396
1436 3550
1679 1903
1478 2101
1650 2772
1468 3133
1611 2649
1622 2147
1727 2749
1465 3149
1688 3068
1487 2590
1606 2769
1703 2429
1816 1754
1855 2653
1575 2424
1637 3253
1454 1915
1367 3545
1572 2935
1519 3035
1670 3109
1742 2558
1456 2120
1645 2981
1481 3636
1616 2912
1809 1691
1621 2164
1664 3010
1640 3084
1846 2670
1808 3156
1679 3205
1751 2481
1340 3242
1641 2105
1349 3088
1393 1897
1589 2469
1672 3036
1771 1738
1659 3088
1674 3046
1599 1968
1550 2213
1646 2790
1946 2569
1626 1899
1684 2716
1774 1871
1910 3158
1573 2420
1818 1742
1653 2482
1571 2319
1551 2892
1860 2597
1470 2559
1573 3028
1601 1968
1582 2482
1702 1653
1835 2635
1532 2982
1560 2954
1484 3643
1600 2512
1603 2121
1847 2625
1559 2957
1805 1771
1761 3318
1650 2784
1830 1853
1563 1938
1425 3574
1499 2170
1398 3556
1579 2072
1650 1944
1665 2734
1606 2052
1711 3064
1562 2582
1461 3102
1514 2993
1864 3162
1780 1756
1767 1702
1798 1877
1645 2821
1545 2001
1577 2112
1742 2750
1868 3195
1737 2600
1614 2900
1486 2145
1594 2645
1743 1599
1467 2121
1577 2280
1568 2289
1793 1790
1731 2500
1433 3558
1452 3666
1418 1921
1630 2871
1444 3605
1750 3290
1721 1897
1645 2107
1630 3062
1736 1581
1694 2975
1877 2601
1706 1924
1687 2972
1331 3514
1786 1590
1801 3317
1743 3329
1537 2216
1481 3120
1576 2444
1572 2021
1685 1602
1503 3155
1524 2516
1531 2206
1606 2562
1375 3238
1755 3083
1898 3196
1754 2590
1580 3041
1539 2335
1590 1957
1753 1711
1595 2314
1600 1925
1713 1929
946 3646
1913 2584
1546 3043
1501 2126
1510 3035
1582 2476
1619 2322
1802 1878
1590 2466
1759 3288
1627 2469
1716 3210
1667 2914
1449 2546
1584 2293
1748 1579
1320 3262
1483 2171
1574 2023
1448 3089
1731 1579
1657 2913
1444 3204
1776 1593
1767 1751
1587 2057
1645 3265
1514 2545
1893 3191
1577 2041
1730 2708
1643 1947
1482 1940
1814 2678
1507 2565
1600 2257
1746 3315
1557 2585
1767 1724
1406 2576
1464 2522
1462 3101
1876 3159
1708 2437
1576 1887
1480 3645
1662 2705
1572 2947
1775 1944
1475 2573
1661 3004
1773 3148
1655 1926
1768 2376
1769 1939
1479 3087
1547 1925
1918 2587
1809 3196
1563 2651
1424 1902
1608 2313
1478 3155
1506 2562
1659 2719
1450 3138
1864 3166
1499 1939
1512 2148
1663 2920
1453 3644
1586 3015
1480 3115
1781 2633
1639 2478
1650 1893
1597 2121
1712 1948
1656 2829
1591 1938
1770 2430
1608 2163
1720 2467
1914 2639
1573 1877
1742 2572
1577 1918
1608 2068
1300 3246
1610 2313
1372 3503
1541 2967
1562 2084
1618 2915
1713 2638
1567 1984
1720 2457
1624 2169
1645 2998
1463 3151
1663 2339
1651 3000
1416 1918
1681 2984
1870 3198
1722 2586
1565 2348
1680 3256
1781 2634
1431 1937
1557 3092
1524 2969
1659 2165
1377 3531
1858 3202
1746 3280
1399 1893
1683 1945
1777 2663
1410 3087
1653 2833
1711 1905
1572 2376
1608 1910
1489 1956
1756 3214
1603 2512
1663 1923
1628 2746
1812 1763
1547 2549
1567 2289
1419 2584
1712 2614
1514 2546
1736 2750
1691 3058
1691 2973
1537 3098
1442 3256
1744 1593
1678 2510
1448 3209
1606 2285
1629 2334
1720 3051
1535 1896
1653 2799
1788 1604
1494 2163
1752 3336
1763 1719
1507 2586
1731 2671
1757 1900
1714 2960
1660 3186
1762 1718
1732 2710
1771 3240
1854 2656
1329 3527
1479 3167
1786 1748
1590 2980
1595 2083
1642 3258
1450 3091
1631 2761
1579 2037
1530 3040
1754 3234
1770 1901
1510 2596
1722 3071
1840 2627
1414 3499
1763 3237
1416 3632
1806 1856
1821 2596
1536 2902
1919 3166
1407 3493
1404 1931
1420 3619
1424 2582
1667 2730
1776 3275
1786 1559
1750 2597
1600 2549
1747 3106
1800 1852
1429 3155
1486 1940
1563 2083
1789 1741
1569 2475
1600 2877
1597 2170
1800 1883
1645 2864
1446 3072
1435 1933
1871 2675
1429 3168
1637 2480
1787 1569
1607 2105
1618 2641
1549 1944
1378 3247
1557 2551
1684 2974
1761 2379
1884 3164
1506 2565
1771 1605
1660 3118
1554 2219
1667 2515
1645 1957
1858 2664
1570 2586
1747 3252
1667 2890
1570 1917
1838 1866
1552 2886
1563 3056
1779 3155
1739 1627
1579 2855
1746 1701
1646 3097
1528 2606
1774 2421
1608 2907
1721 2453
1677 3062
1298 3234
1884 2540
1640 3069
1668 2519
1351 3540
1708 3196
1742 3341
1664 3270
1680 1940
1720 2478
1458 1931
1654 2721
1401 1913
1556 2083
1584 2057
1607 2263
1501 1946
1813 2699
1681 2983
1920 3167
1533 1912
1555 1885
1833 3151
1726 3084
1505 2198
1776 1870
1448 3539
1574 2438
1574 2570
1657 3110
1547 1947
1582 2391
1751 3181
1546 2957
1848 2627
1420 1952
1773 3124
1850 3157
1913 2648
1649 2944
1809 1813
1768 1727
1734 2692
1742 3312
1715 1935
1772 1554
1632 2124
1554 2889
1444 3562
1484 2164
1430 1945
1454 2106
1432 3586
1821 1867
1659 2088
1649 2889
1764 3236
1334 3267
1890 2598
1673 2803
1664 2519
1696 2505
1574 2572
1673 1948
1641 2897
1554 2139
1652 3006
1611 2393
1656 2785
1552 2076
1505 1962
1893 2577
1678 2168
1414 3504
1531 2297
1609 2610
1601 2672
1574 2524
687 2836
1556 3025
1670 2518
1607 1887
1296 3233
1752 3077
1981 2584
1536 2966
1825 3153
1549 2509
1836 1768
1633 3088
1648 3256
1484 3159
1651 2791
1780 1603
1431 3167
1523 3128
1846 2623
1887 2549
1662 2925
1735 3333
1822 3161
1574 2642
1699 3066
1490 1941
1683 3261
1747 2480
1777 1602
1423 2587
1753 2422
1793 3119
1534 2000
1644 1946
1742 2747
1763 3267
1703 1599
1795 1834
949 3033
1717 2747
1590 2465
1548 2550
1512 3079
1428 1943
1704 3225
1364 3484
1685 1629
1519 3120
1697 2341
1349 3251
1784 1880
1776 1540
1375 3542
1657 2095
1742 1571
1270 3200
1829 1836
1764 1883
1611 2513
1575 2513
1281 3202
1640 2456
1833 1762
1640 1947
1488 2117
1624 1920
1675 3196
1545 2229
1753 3171
1615 2128
1617 2109
1701 1621
1790 1790
1747 2546
1529 2016
1525 3085
1707 3334
1482 1937
1723 1655
1617 2322
1509 2991
1674 3054
1723 1883
1611 2619
1739 1706
1635 2339
1892 2646
678 2830
1799 1756
1484 3647
1600 2067
1519 2142
1775 1951
1514 3064
1432 3578
1478 1933
1754 3311
1757 3295
1777 1922
1656 3179
1576 1982
1466 2559
1855 3168
1438 3196
1688 2515
1413 1938
1909 2535
1730 2682
1717 2595
1384 3547
1764 2493
1540 2538
1410 1913
1692 3204
1788 1876
1337 3269
1588 3074
1894 2582
1584 1958
1735 1943
1473 1919
1422 3069
1774 2409
1637 2967
1476 2574
1581 2037
1488 3655
1668 3023
1403 1913
1663 2987
1551 1942
1807 2596
1563 2361
1856 1783
1651 3005
1721 3066
1750 3336
1722 1585
1785 2404
1595 2055
1675 2515
1483 3153
1795 1856
1709 1659
1553 2010
1723 1584
1288 3209
1728 1717
1547 2005
1592 2531
1739 3342
1765 3230
1480 3180
1749 2734
1418 1954
1760 1741
1967 2603
1559 2094
1696 3091
1480 2131
1757 1753
1642 2147
1437 3218
1779 3271
1776 2633
1795 3207
1754 1684
1665 2507
1501 3081
1448 3593
1617 1907
1781 1913
1554 2518
1881 2645
1331 3254
1770 2384
1368 3078
1659 3185
1425 3135
1445 1970
1684 1931
1546 1909
1597 2262
1803 1790
1648 2790
1856 2608
1619 2601
1671 2756
1318 3264
1685 3063
1716 3198
1526 3084
1732 1733
1786 1863
1815 1877
1553 1946
1481 3098
1631 2042
1858 2667
1798 1854
1545 2005
1660 3274
1519 3128
1571 3024
1735 2683
1675 2716
1441 3164
1482 3112
1825 1862
1549 2540
1816 1867
1622 2164
1734 2712
1796 3165
1570 2889
1437 2559
1545 1999
1577 2502
1853 1769
1497 2122
1640 1902
950 3038
1616 2673
1862 2635
1584 2391
1853 1779
1677 3221
1716 2641
1813 1749
1378 3529
1577 2089
1747 2573
1693 3307
1483 2582
1950 2585
1755 3082
1712 2960
1542 2213
1653 2430
1575 2679
1618 2658
1456 3095
1595 2254
1732 2421
1383 1938
1741 1706
1916 3150
1712 1641
1762 1753
1338 3246
1621 2895
1674 3045
1656 2434
1633 2133
1744 3252
1573 2463
1748 2477
1359 3529
1655 2106
1505 2584
1728 1616
1570 2065
1663 1904
1699 3077
1747 3069
1682 3266
1805 1699
1607 1883
1486 3601
1442 1924
1746 1602
1399 1899
1743 1896
1403 3510
1423 3622
1896 3183
1858 2645
1734 2425
1615 2332
1551 1938
1590 1935
1649 2820
1805 3198
1545 2000
1327 3278
1710 2445
1500 2095
1657 3042
1781 2635
1391 1940
1759 3219
1720 3062
1569 2639
1620 2620
1784 1929
1801 1596
1617 2767
1598 2585
1578 2381
1405 3631
1289 3226
1716 2713
1447 1972
1721 3072
1432 3162
1605 2493
1378 3239
1708 1952
1568 3067
1763 3272
1711 1954
1426 2583
1593 2329
1475 2569
1566 1922
1501 2558
1633 2851
1660 3049
1588 2996
1738 2600
1647 2367
1557 2554
1559 2362
1640 2925
1566 2463
1510 2986
1568 1989
1609 1926
1747 3100
1574 3069
1793 3236
1869 2554
1953 2583
1608 2631
1730 2589
1791 2613
1442 1968
1664 2994
1744 3280
1557 2000
1516 3077
1468 1939
1486 2139
1732 2416
1664 2728
1642 2841
1744 2730
1746 1894
1745 3227
1557 2001
1690 3061
1587 1889
1561 3071
1534 3097
1522 1979
1558 3102
1628 2744
1578 2417
1421 3090
1891 3193
1287 3209
1528 3063
1333 3514
1748 2734
1863 3167
1666 1929
1778 2435
1543 2228
1750 2596
1676 1947
1885 2569
1772 1916
1707 2978
1512 1983
1741 1670
1665 1608
1692 2946
1549 2221
1828 3163
1744 3348
1496 2191
1422 2573
1422 1904
1521 3116
1613 1929
1789 1740
1406 3084
1636 3258
1563 2332
1669 1626
1546 1946
1782 3188
1760 3175
1575 3071
1526 2533
1757 2634
1839 1766
1730 2597
1643 2949
1806 1825
1537 2196
1745 3240
954 3033
1629 2865
1380 1940
1795 1840
1629 2446
1699 2504
1620 3055
1692 2971
1339 3260
1628 2634
1635 2143
1753 3079
1747 3103
1720 3059
1671 1895
1777 3242
1732 2575
1393 3510
1645 2688
1511 2183
1800 2615
1476 3643
1571 2199
1602 2090
1440 3645
1718 2437
1499 2590
1720 3230
1559 3103
1582 3009
1866 2608
1576 2102
1535 2134
1744 3084
1663 2489
1442 1978
1579 2388
1406 3503
1636 3075
1433 1951
1742 1578
1648 2981
1528 2608
1533 1918
1488 3128
1544 2319
1800 1767
683 2835
1780 1937
1770 1940
1734 1586
1569 1893
1752 3082
1448 3073
1539 2965
1618 2167
1607 2122
1801 1753
1645 2985
1653 2148
1648 2766
1454 3123
1456 3663
1556 2591
1806 3200
1518 2305
1577 2521
1687 3056
1773 1595
1646 2925
1645 1925
1782 1928
1453 3576
1795 3125
1820 1867
1816 1763
1757 1676
1801 1691
1792 1864
1630 2489
1754 3182
1911 2539
1548 2505
1670 2423
1849 3158
1484 2154
1730 2703
1334 3272
1578 2282
1777 3178
1754 1886
1302 3222
1970 2609
1557 2198
1544 2317
1475 2110
1655 2957
1534 2898
1653 3249
1558 2207
1575 2625
1507 2137
1675 2942
1576 2448
1619 2593
1660 2716
1606 2444
1457 3138
1589 1995
1748 3180
1666 2811
1897 2582
1784 1735
1858 1751
1756 3295
1682 2509
1618 2083
1582 2578
1401 3575
1929 2561
1655 3183
1666 2999
1732 2965
1538 2963
1467 1934
1865 2601
1545 2337
1766 2669
1576 2915
1532 3099
1730 2442
1535 2626
1714 1924
1752 3250
1718 3060
1677 3203
1664 2089
1717 3034
1527 3050
1465 3101
1567 2897
1828 1858
1799 1848
1437 3104
1776 2422
1657 3038
1480 1932
1805 1878
1643 2134
1527 2001
1416 2582
1545 2228
1670 3098
1646 2764
1707 2954
1756 2414
1739 2712
1485 2125
1630 3056
1753 3289
1697 2717
1901 2584
1725 1647
1719 2660
1360 3090
1911 3176
1770 1600
1597 2995
1691 3089
1664 2743
1864 2658
1799 3166
1745 3238
1717 2441
1738 1893
1536 2296
1597 2515
1469 1939
1541 2881
1757 2626
1732 2748
1314 3271
1342 3276
1895 2588
1750 1882
1513 2191
1679 1604
1577 2501
1737 1686
1434 3561
1495 3141
1778 3162
1668 2894
1642 2838
1920 3178
1664 2816
1765 1743
1445 3673
1592 2868
1912 2653
1572 2113
1807 1753
1509 2987
1477 1956
1559 2339
1391 3525
1583 2913
1326 3523
1595 2657
1798 1771
1859 3212
1665 1913
1752 3079
1671 3108
1732 2701
1777 1593
1793 1922
1837 2629
1657 3118
1438 1935
1507 2566
1666 3266
1846 2669
1762 1883
1761 3168
1866 2609
508 3378
1727 2669
1288 3211
1947 2570
1592 2256
1582 2969
1493 2207
1790 3195
1765 1704
1574 2914
1417 1908
1468 3592
1300 3230
1657 2359
1763 2495
1563 2211
1638 2454
1793 1561
1637 2117
1750 2591
1745 1720
947 3028
1702 2971
1794 1926
1737 1674
1654 2174
1182 3549
1621 2637
1596 2062
1430 3159
1507 1977
1745 3235
1557 2091
1523 3053
1510 2994
1641 2484
1398 3558
1675 1607
1435 1956
1562 2655
1816 2596
1576 3069
1394 1896
1921 2558
1954 2549
1882 2591
1560 2453
1724 3237
1703 3029
1666 2489
1624 2869
1816 1739
1340 3255
1777 1753
1502 2216
1477 3168
1651 2436
1653 2683
1415 2580
1444 3573
1303 3209
1828 1857
1534 2964
1501 2562
1498 2579
1722 1593
1581 3035
1776 1728
1580 3056
1852 3214
1786 3126
1624 2566
1744 1899
1780 2619
1631 2768
1587 2261
1727 1740
1444 3596
1748 2654
1561 1938
1520 2516
1782 1731
1465 1933
1505 2548
1577 1992
1653 2692
1586 2502
1354 3284
1808 1783
1451 2547
1615 1904
1467 1936
1811 1860
1702 2741
1502 2575
1896 3184
1808 1685
1709 3062
1542 3100
1655 2979
1881 3188
1639 2534
1741 2725
1572 2015
1627 1910
1514 2196
1781 1588
1828 1840
1329 3276
1405 3555
1767 3315
1693 2945
1735 1889
1460 2104
1528 2610
1791 1807
1436 3598
1716 2429
1532 2963
1713 1576
1544 2895
1636 3080
1551 3019
1499 2588
1592 2400
1800 1843
1415 3494
1380 3081
1753 1971
1508 2140
1762 2635
1597 1922
1820 3163
1618 2925
1481 2160
1606 2071
1719 3051
1535 2898
1757 3310
1730 2424
1609 2398
1577 2471
1912 2646
1760 2496
1642 2139
1715 2943
1593 2663
1684 1945
1400 3553
1750 1701
1709 1593
1772 3120
1495 1950
1468 2118
1756 2637
1390 3508
1519 1980
1572 2019
1572 2950
1642 2762
1751 3078
1519 2522
1451 3612
1886 2575
1387 1936
1610 2521
1665 3099
1289 3218
1425 3629
1580 2585
1725 3324
1445 3268
1666 2919
1812 3194
1811 3152
1493 3155
1533 2876
1429 1947
1693 3335
1387 3537
1558 2478
1482 2110
683 2830
1592 2504
1417 1935
1328 3272
1628 1918
1446 3073
1662 2487
1506 2568
1347 3545
1468 2521
1508 3043
1546 2514
1688 3283
1647 2695
1709 3228
1735 2602
1707 2753
1795 1827
1753 3174
1599 2560
1627 3054
1794 1861
1466 1929
1730 1636
1749 1611
1939 2564
1357 3502
1726 1642
1634 3261
1486 3168
1329 3274
1760 3083
1395 3506
1655 2350
1685 3091
1610 1910
1804 3165
1640 2831
1831 2623
1343 3277
1541 2311
1769 1741
1731 2477
1364 3491
1556 2876
1766 1706
1647 2458
1505 2179
1591 2016
1860 2564
1442 3551
1642 3262
1583 2260
1485 2116
1655 2685
1717 2749
1390 1935
1382 3539
1578 2879
1564 2363
1535 2289
1578 2400
1497 2199
1427 3114
1583 1928
1718 2969
1815 1599
1578 2968
1710 1599
1540 1995
1470 3173
1735 2725
1699 1615
1788 1565
1625 2632
1758 3167
1748 2554
1763 1953
1739 3086
1726 2753
1359 3088
1571 2399
1566 1918
1493 1948
1768 3255
1848 2630
1525 2006
1621 2670
1572 2586
1490 1944
1786 2388
1864 2571
1396 3631
1781 1880
1648 2996
1866 2654
1556 2335
1518 2594
1608 2024
1360 3531
1807 1767
1731 1606
1614 2139
1406 1954
1900 2557
1507 2972
1796 1802
1308 3258
1859 2621
1636 2934
1825 2664
1477 3154
1436 3643
1554 2916
1521 3082
1779 1872
1854 2622
1753 1928
1441 1974
1424 3091
1541 2898
1578 2967
1740 2484
1216 3577
1604 1917
1915 2547
1863 2624
1717 2462
1818 1587
1660 2719
1894 2659
1578 2501
1398 3545
1803 3165
1652 2150
1589 2641
1859 2660
1631 2337
1519 2984
1770 2407
1449 3637
1788 3164
1552 2519
1730 2683
1828 1859
1504 2188
1602 2512
1513 2982
1737 2601
1734 1637
1788 1796
1815 1589
1574 2419
1746 1711
1650 2961
1623 2117
1547 2955
1664 2937
1757 2385
1797 1706
1459 2540
1648 2462
1760 1890
1864 2635
1660 2742
1817 1750
1550 1921
948 3034
1503 2220
1502 3075
1623 3065
1855 2619
1609 2549
1650 2946
1455 2116
1736 3335
1365 3500
1452 1970
1520 2532
1674 3205
1504 3068
1544 2092
1690 2341
1643 1936
1469 3173
1553 2555
1410 3506
1641 2965
1426 1899
1749 3292
1967 2600
1777 1609
1444 3151
1684 3084
1587 2310
1520 2876
1692 1943
1524 3134
1764 3229
1651 2881
1634 2983
1764 3177
1728 3065
1642 3068
1802 1751
1752 3268
1541 2319
1665 2813
1548 2304
1540 1999
1595 2267
1525 2010
1733 2584
1334 3274
1743 1695
1744 3232
1594 2544
1690 2340
1448 2550
1408 1962
1744 3237
1864 2555
1284 3222
1608 2671
1519 3039
1781 1754
1721 1653
1703 1610
1618 2526
1754 1926
1828 2623
1615 2631
1563 2138
1578 2409
1644 3089
1806 1867
1759 1919
1597 2572
1502 2590
1627 3050
1546 1914
1543 2892
1722 2478
1613 2521
1434 3558
1434 3585
1850 2625
1448 2555
1356 3251
1479 2578
1682 3203
1472 3086
1561 3053
1382 3502
1612 1905
1643 2103
1734 1603
1653 2823
1467 2516
1550 2340
1755 1972
1734 2416
1561 2554
1734 2507
1717 1933
1642 1899
1535 1916
1560 2086
1530 2317
1726 2439
1870 3199
1728 2591
1594 2653
1771 2402
1573 2251
1682 3042
1794 1852
1741 1654
1711 2446
1643 1957
1497 2134
1565 2650
1476 3169
1360 3297
1542 2220
1757 1677
1625 2970
1825 1584
1746 1969
1438 2601
1757 3082
1627 2446
1714 3233
1353 3087
1647 2106
1427 3551
1397 3078
1568 1895
1764 1758
1521 2009
1722 2968
1589 2098
1681 3271
1619 2899
1526 2015
1781 3163
1729 2603
1526 2303
1894 2643
1560 1942
1433 3581
1822 2673
1793 2394
1809 3197
1806 1820
1733 1744
1801 3318
1648 2924
1663 1611
1613 1909
1401 3635
1617 2084
1677 2509
1502 2593
1825 2666
1770 1749
1541 2228
1671 2899
1593 2330
1739 3331
1298 3219
1450 3559
1569 2364
1741 3222
1513 3036
1627 2864
1658 2096
1804 1792
1608 2016
1597 2575
1460 2524
1777 1904
1752 1930
1771 1750
1572 3067
1796 1834
1211 3585
1732 2479
1577 2319
1567 2899
1561 1994
1776 1905
1663 2748
1740 2562
1898 2642
1465 1934
1604 2591
1579 2437
1403 3632
1781 1589
1518 3105
1885 2536
1664 2737
1641 2134
1659 2108
1830 2628
1797 1860
1740 2725
1687 2977
1548 2363
1432 1959
1711 2719
1640 2532
1691 2418
1750 2672
1827 3149
1589 2114
1740 2485
1838 2667
1786 1871
1429 3087
1539 1939
1603 2063
1740 3256
1684 3100
1786 3147
1641 2334
1743 1706
1433 3583
1779 1865
1578 3020
1498 2133
1647 3086
1657 2755
1335 3512
1512 2191
1571 2525
1875 2651
1651 2441
1775 2663
1656 2705
1606 2398
1554 2565
1783 3319
1436 3635
1729 3327
1426 1935
1737 2733
1607 2521
1455 1922
1677 1929
1799 1749
1756 3070
1675 1930
1594 2294
1451 2563
1805 1747
1554 2081
1763 1604
1711 1642
1788 1849
1518 3145
1466 3150
1786 2613
1538 2289
1745 2599
1701 3325
1805 1789
1554 2012
1425 3153
1529 2321
1887 2531
1454 3175
1761 2378
1540 2229
1831 3157
1541 3090
1734 2413
1614 2104
1626 2631
1919 3164
1630 2487
1552 2358
1510 1987
1530 2121
1368 3493
1946 2550
1786 3317
1578 2375
1622 2621
1749 1610
1752 2599
1456 3664
1640 2965
1578 1977
1660 2105
1631 2049
1541 2139
1438 2561
1583 2400
1717 3203
1738 3347
1575 2096
1711 2749
1699 3204
1507 2598
1773 3150
1857 2613
1697 3097
1776 2632
1659 3091
1711 2440
1488 2137
1465 3176
1625 2576
1614 2136
1743 2549
1712 1953
1569 2319
1390 3556
1625 2633
1758 3211
1590 2115
1561 2574
1733 1707
1551 1941
1769 1858
1426 3552
1702 3222
1770 1733
1482 2173
1552 2882
1546 2380
1687 2983
1659 2721
1565 2205
1769 1603
1640 2492
1820 2599
1502 3086
1443 1940
1799 1826
1568 2649
1575 2114
1556 2252
1681 1926
1564 2672
1547 2380
1617 2665
1573 2289
1615 2319
1845 2625
1750 1940
1429 3162
1590 2473
1861 3219
1677 1921
1752 1941
1639 2968
1597 2513
1718 2749
1626 2827
1575 2066
1397 3632
1607 3077
1771 2426
1952 2585
1664 2902
1748 2549
1733 2602
938 3030
1453 2118
1550 2374
1909 3173
1823 1825
1436 3565
1555 2920
1829 1835
1667 1625
1966 2606
1688 3090
1505 2547
1443 3539
1584 2066
1449 3560
1574 1919
1451 3549
1715 3211
1493 2146
1651 2148
1719 3327
1901 2568
1462 3151
1443 3191
1779 2618
1713 2749
1476 3147
1737 1587
1473 2100
1564 2241
1776 2643
1546 2226
1464 2534
1511 2543
1677 3035
1526 2139
1687 1904
1671 3053
1646 2343
1747 2476
1860 2665
1798 1800
1753 2566
1406 1910
1436 2589
950 3039
1682 2890
1620 3052
1580 2096
1564 2471
1505 2190
1776 1916
1533 2001
1560 2664
684 2832
1532 2118
1605 2514
1608 2263
1703 2749
1626 1918
1857 1761
1804 1854
1445 3215
1536 1930
1603 2901
1551 2145
1541 2300
1718 3066
1556 2149
1433 3105
1601 2978
1796 1875
1628 2129
1851 2624
1532 1922
1741 1657
1619 2897
1603 2585
1757 2495
1546 1923
1393 3499
1893 3196
1798 1700
1811 1763
1732 3353
1500 1948
1596 2864
1658 3042
1837 1766
1823 2669
595 3305
1794 1576
1576 2632
1708 3202
1439 3200
1466 3148
1783 3142
1667 3115
1718 3031
1706 2984
1671 2428
1627 2441
1506 3084
1706 1594
1742 3348
1678 2720
1626 2057
1631 2673
1432 3163
1915 2545
1467 2558
1512 1975
1589 1939
1462 3152
1556 2358
1807 1597
1880 2663
1611 2129
1686 3088
1703 3202
1402 3079
1592 2645
1896 3203
1736 1744
1613 2024
1705 3202
1741 1942
1804 1591
1735 3248
1806 2617
1548 1999
1658 2703
1747 2768
1643 2892
1734 1880
1793 3313
1642 2839
1934 2560
1575 2189
1731 2750
1763 1740
1660 3004
1858 2610
1531 2981
1605 2524
1592 1910
1971 2592
1773 1731
1744 1706
1562 2649
1573 2014
1405 1900
1767 1723
1752 1673
1797 1846
1536 2003
1724 1582
1752 1712
1650 2478
1659 1935
1735 1742
1520 2524
1612 2658
1932 2560
1902 2537
1515 2002
1877 2604
1580 2095
1555 2150
1620 2769
1699 3289
1706 2607
1483 3155
1860 3203
1666 2714
1737 3332
1582 2020
1707 2434
1328 3537
1660 3094
1671 3039
1725 2610
1741 1571
1406 3556
1809 2598
1660 2884
1817 1830
1443 1936
1440 3569
1606 2537
1583 1949
1454 3666
1548 2198
1578 2192
1618 2650
1571 3027
1805 3159
1461 3173
1606 2514
1785 1868
1427 3126
1815 2689
1439 3214
1612 1907
1733 2688
1747 3112
1511 2591
1559 1941
1800 1785
1544 2115
1660 2107
1852 3165
1626 1910
1654 2091
1394 3557
1619 2083
1529 2621
1567 2661
1519 2311
1795 3216
1947 2592
1673 3086
1758 3207
1477 3101
1675 3095
1724 3070
1720 1662
1630 1943
1641 2535
1569 2060
1716 3200
1628 2469
1714 1891
1768 3148
1854 2639
1621 2593
1687 2327
1617 2912
1686 1634
1611 2017
1782 1861
1566 2649
1575 2072
1976 2605
1708 3230
1582 1942
1390 2442
1709 3207
1496 2136
1414 1920
1614 2659
1566 2083
1772 3265
1555 2574
1774 1754
1606 2145
1300 3211
1730 1633
1975 2584
1736 2522
1685 1621
1784 3145
1655 2105
1380 3551
1583 2110
1738 1889
1849 3149
1682 3064
1591 2908
1786 1795
1735 2751
1596 2908
1321 3268
1973 2610
1958 2594
1579 1984
1846 3172
1380 1905
1963 2605
1798 3203
1786 1867
1585 2023
1895 2547
1531 2322
1637 2763
1778 3156
1580 2195
1580 2386
1754 1922
1585 2457
1686 3092
1573 2937
1621 2921
1514 2513
1730 1747
1687 2331
1522 2128
1754 3172
1483 1937
1448 3153
1846 2662
1675 3221
1716 2947
1575 2432
1878 2573
1772 1942
1740 1595
1824 2625
1434 2402
1501 2175
1875 3174
1540 3087
1399 1918
1803 3162
1613 2669
1451 3210
1702 3232
1574 2111
1605 2500
1846 2624
1645 2997
1759 2639
1760 2500
1778 3133
1830 2634
1753 2472
1460 1923
1676 3064
1849 2615
1575 2511
1772 1540
1482 3603
1542 2288
1549 1999
1596 2167
1433 1957
1763 2431
1882 2670
1718 1894
1685 1625
1629 1904
1649 2922
1767 2380
1853 3155
1596 2278
1820 2665
1669 3048
1887 2573
1789 2401
1700 1941
1428 3144
1834 1825
1868 3194
1443 1941
1772 1593
1617 2342
1772 1799
1733 2479
1481 3121
1562 2521
1791 1872
1739 3087
1700 3070
1569 3070
1786 1792
1597 2559
1755 2389
1697 3208
1692 2500
1707 3282
1895 2552
1789 2635
1724 1889
1751 1963
1719 1900
1756 3290
1663 2742
1646 2333
1789 3136
1793 2395
1771 1595
1482 2600
1541 2370
1563 2900
1828 2638
1691 3285
1479 2099
1423 3552
1623 2478
1511 2545
1772 3117
1443 3262
1632 2902
1599 1936
1544 2533
1750 3180
1690 1940
1371 3499
1736 2966
1554 2194
1686 1601
1397 1939
1682 3057
1581 2339
1565 2557
1672 2430
1641 3088
1878 3159
1637 2455
1508 1964
1775 2400
1467 3137
1450 3107
1527 3042
1345 3087
1869 3167
1699 1627
1563 2132
1516 2593
1574 2293
1410 1936
1422 3095
1608 2262
1667 3112
1755 3109
1533 1998
1729 1719
1576 2051
1659 2359
1440 3602
1374 3504
1470 2551
1582 2655
1725 1602
1922 2555
1611 2290
1771 1606
1486 3135
1975 2606
1739 2744
1566 2254
1738 3249
1462 2120
1673 1620
1884 2564
1701 3206
1736 1747
1391 1939
1705 2715
1718 3033
1504 3085
1840 2630
1530 2532
1556 3078
1598 2163
1354 3292
1562 1943
1674 3195
1605 2355
1511 1984
1967 2581
1607 2266
1672 1947
1755 2672
1696 3204
1756 1697
1447 1927
1541 1990
1855 2606
1650 2688
1768 1605
1643 3268
1441 3190
1663 2952
1967 2598
1713 2982
1724 2659
1672 3038
1601 2642
1757 1700
1645 3266
1685 1949
1578 2652
1890 2657
1595 2857
1773 3235
1574 2471
1498 3138
1630 2680
1855 2607
1746 2672
1747 2477
1636 2136
1534 2208
1548 1998
1491 1942
1439 3146
1776 2423
1716 3054
1566 3051
1649 3071
1829 3154
1843 3155
1761 3049
1840 1780
1889 2551
1394 1936
1766 3116
1668 2931
1830 1852
1527 3135
1683 1951
1601 2515
1757 3071
1647 2759
1721 1887
1725 2620
1656 3081
1572 3069
1637 2843
1598 2532
1586 2941
1675 1920
1512 2986
1610 2650
1650 2372
1743 2484
1742 1717
1410 1912
1565 1898
1364 3071
1674 2525
1397 1937
1763 3081
1801 1602
1757 2408
1666 2100
1342 3498
1683 2885
1558 2236
1613 2649
1688 3228
1661 2954
1460 3596
1760 2638
1662 1609
1679 3271
1745 2636
1391 1941
1657 3255
1613 2903
1413 2581
1394 3630
1742 1696
1646 2873
1590 2643
1801 1782
1779 3319
1408 1924
1581 1979
1956 2591
1659 2724
1781 3127
1820 2681
1692 2333
1617 1908
1667 2711
1478 3094
1572 2982
1550 2343
1788 1737
1858 2566
1726 3236
1865 2607
1447 3151
1776 1928
1575 2640
1805 1784
1793 1600
1747 3334
1672 3046
1637 2886
1777 1594
1776 1742
1700 3336
952 3036
1700 2327
1618 2148
1487 2132
1777 3157
1456 3086
1911 3159
1438 3246
1564 2651
1736 2491
1590 1996
944 3037
1438 2556
1485 2168
1707 2621
1647 3085
1724 1597
1579 2852
1658 2107
1438 1966
1584 2652
1824 1759
1576 1897
1768 3264
1561 2085
1595 2391
1632 1920
1759 2651
1672 2517
1460 3597
1791 3172
1673 3080
1431 1944
1432 2600
1500 2123
1436 1937
1587 1990
1471 1928
1780 3163
1693 2968
1716 2626
1614 2546
1655 2720
1552 2011
1756 2646
1594 2991
1561 2570
1631 2117
1338 3502
1808 1870
1712 2632
1457 2524
1612 2070
1735 1729
1344 3269
1548 2554
1600 2640
1560 3072
1327 3280
1534 2625
1588 2859
1830 2631
1975 2583
1463 2537
1505 2974
1575 2416
1639 2895
1665 3193
1821 2599
1504 2191
1702 2424
1828 2632
1684 3252
1447 3547
1554 2321
1559 1989
1803 1873
1751 3293
1496 2168
1536 2322
1778 1873
1804 1874
1812 1687
1949 2546
1577 2967
1603 2649
1623 2620
1567 2670
1856 2641
1702 2981
1701 3324
1712 2441
1703 2426
1723 1656
1535 3038
1784 3229
1593 2018
1677 3253
1615 1905
1582 3011
1573 3061
1858 2567
1651 3253
1580 2068
1445 3158
1501 2971
1581 1960
1557 2331
1883 2655
1473 2099
1575 2248
1662 2813
1548 2319
1778 3269
1743 2569
1584 1987
1738 3339
1543 3093
1643 2757
1670 2168
1645 2939
1453 2116
1718 2713
1651 3001
1305 3258
1806 1812
1555 2132
1638 3078
1586 2488
1618 2604
1615 2670
1735 1706
1495 1954
1565 2917
1602 1910
1516 2512
1473 2119
1888 2657
1402 1945
1533 3037
1633 1924
1668 2807
1544 1945
1689 3052
1706 2993
1666 1919
1740 1571
1866 2575
1593 2995
1573 2367
1627 1903
1577 2475
1436 3559
1571 2566
1431 3121
1768 2420
1526 3051
1664 2353
1765 2663
1673 3095
1526 2908
1445 1969
1663 2692
1447 3152
1623 2448
1646 1950
1508 3076
1607 2674
1649 2784
1804 1689
1674 3049
1449 3571
1491 1956
1555 1938
1611 2132
1468 2116
1582 2192
1508 2594
1673 2893
1728 2518
1644 3086
1556 2557
1718 1910
1978 2587
1704 2740
1329 3517
1653 2908
1657 2088
1452 1926
1761 3263
1826 3150
1348 3549
1551 2511
1651 2361
1579 2971
1438 3644
1571 2963
1738 1745
1599 2287
1706 3297
1615 2323
1520 2005
1668 3187
1565 2086
1348 3543
1592 2106
1573 2567
1655 2333
1465 2518
1581 2036
1468 2559
1887 2536
1708 2748
1626 2638
1597 2017
1762 3300
1400 3566
1446 3599
1539 2227
1670 2515
1394 1913
1303 3252
1528 2321
1484 1928
1444 3166
1564 2011
1726 1649
1548 2116
1562 2951
1732 2708
1645 3252
1676 2340
1740 1666
1496 1965
1833 2664
1525 2138
1524 2600
1407 3095
1582 2653
1867 2652
1291 3225
1627 2455
1453 3546
1431 3169
1356 3501
1582 2860
1651 2907
1758 3298
1612 2055
1583 2458
1416 3622
1837 1863
1539 1911
1732 1719
1594 2472
1577 2088
1394 3554
1412 3157
1594 2561
1532 2962
1486 2097
1595 2644
1655 2762
1606 2146
1621 2767
1304 3260
1774 2429
1804 3192
1656 2437
1573 2519
1652 2430
1484 3136
1354 3080
1645 2996
1900 2584
1755 2412
1528 2330
1784 1756
1788 2388
1839 2671
1423 1893
1642 1926
1613 2423
1729 3229
1711 2655
1584 3021
1717 2631
1600 2291
1755 3115
1570 2190
1726 2672
1545 2313
1563 2952
1754 1970
1640 2466
1770 2392
1618 2127
1499 2196
1548 3027
1512 2527
1770 1743
1794 1564
1750 3218
1596 1947
1750 3257
1567 2343
1507 2107
1779 3182
1587 2941
1378 3235
1873 3188
1766 1867
1607 3067
1411 1913
1711 1942
1462 3158
1676 2938
1538 2307
1771 1559
1591 2876
1759 3066
1448 3112
1673 3039
1749 2736
1630 2827
1495 2191
1574 2982
1747 1603
1476 3099
1688 1626
1713 2641
1769 1738
1437 3171
1579 2036
1783 1871
1774 2658
1355 3536
1629 3061
1813 1886
1787 3127
1738 2751
1523 3125
1798 2606
1277 3197
1644 2121
1713 1925
1888 2528
1715 1970
1498 1940
1766 3242
1215 3589
1677 3037
1821 2691
1951 2574
1674 3214
1737 1889
1587 1971
1649 2999
1510 2543
1825 1844
1676 1609
1463 2520
1683 3040
1512 2995
1444 3591
1635 2136
1734 1743
1792 1606
1677 2167
1700 3071
1580 2103
1608 2167
1549 2512
1759 2640
1562 2578
1727 1637
1554 2221
1900 2641
1610 2902
1868 2573
1441 3261
1580 2408
1574 2964
1576 2403
1648 3083
1389 3627
1397 1928
1368 3487
1583 1914
1447 3074
1574 2253
1600 2396
1763 1736
1586 2054
1811 3153
1459 2541
1520 2523
1495 3142
1540 3038
1510 3144
1672 2425
1536 2289
1781 1574
1435 3245
1533 1917
1408 1896
1603 2120
1443 3648
1495 3157
1878 2602
1666 3116
1664 2171
1480 3105
1526 2315
1817 2604
1435 3092
1723 1613
1584 2395
1324 3280
1669 2905
1891 2543
1790 1868
1666 2490
1403 3505
1606 2538
1404 1926
1591 2667
1773 3316
1567 2418
1740 3174
1574 2897
1420 3086
1526 2002
1543 2086
1846 3149
1514 1981
1696 3076
1654 2158
1627 2678
1539 1916
1790 2398
1661 2339
1567 2588
1457 3264
1740 2491
1567 2959
1585 2328
1552 2570
1625 2453
1740 3312
1798 1702
1815 1878
1549 2955
1544 1907
1485 3100
1849 2629
1858 2640
1815 1590
1741 1636
1731 1746
1492 1947
1745 1945
1653 3042
1734 2700
1401 1925
1486 2116
1625 2479
1500 2216
1573 2472
1671 2947
1710 1583
1744 1880
1417 1953
1770 1588
1325 3525
1547 2340
1764 1545
1527 3061
1532 2907
1823 1754
1339 3245
1707 1921
1775 2640
1653 2423
1953 2582
1478 2113
1377 3525
1684 1961
1619 2336
1712 1929
1713 2979
1539 2537
1373 3543
1470 2561
1746 2557
1626 2334
1602 2978
1647 2890
1408 1898
1598 2452
1340 3270
1628 3056
1799 1833
1766 1746
1303 3224
1424 2587
1660 2743
1562 2897
1839 2631
1706 3311
1476 3103
1398 1924
1974 2593
1644 2493
1975 2595
1745 1931
1546 2005
1668 2502
1292 3217
1663 2426
1973 2600
1456 2563
1530 1929
1660 3116
1857 2655
1735 2493
1850 3213
1862 3214
1659 2884
1558 2237
1652 1953
1780 2633
1504 2576
1328 3285
1941 2572
1661 2756
1561 2521
1593 2643
1578 3021
1763 1708
1606 3075
1560 2574
1736 1678
1653 2774
1564 2475
1737 2746
1580 2020
1600 2049
1550 1888
1773 2423
1460 1930
1705 3232
1570 2654
1636 2449
1728 2587
1604 1916
1550 3085
1425 3622
1765 3098
1671 2339
1720 3232
1734 2509
1595 2332
1607 2162
1913 2646
1739 1704
1462 1941
1802 1851
1597 1915
1694 3095
1764 3054
1675 1932
1691 2504
1530 2207
1769 2404
1370 3082
1576 2081
1596 1953
1433 3142
1575 3017
1285 3224
1434 3211
1622 2439
1560 2656
1781 3159
1740 3091
1656 2362
1699 3316
1647 2783
1654 2685
1404 1896
1644 2946
1797 1812
1737 2732
1598 2545
1587 2936
1679 3260
1499 1941
1754 3115
1416 1903
1769 1914
1851 3164
1875 2603
1616 2454
1662 2340
1706 2740
1446 3638
1778 1592
1574 2967
1582 2312
1578 2198
1487 2601
1448 3596
1451 2548
1556 3088
1541 2291
1521 3151
1736 1882
1749 2762
1568 2585
1580 2193
1662 2518
1740 1628
1617 2826
954 3032
1749 1901
1462 2561
1590 2464
1651 2957
1541 2899
1492 3093
1678 3037
1526 2022
1636 2821
1777 3139
1647 2835
1618 2894
1764 3164
1460 3594
1399 3632
1457 3150
1749 3181
1715 2953
1794 1928
1728 2592
1525 2121
1755 3329
1571 2189
1770 1896
1746 3171
1560 2240
1548 2113
1619 2341
1870 2672
1709 1921
1728 2712
1507 3040
1485 2109
1818 1743
1614 2316
1541 2318
1598 2498
1858 2613
1769 2411
1397 1894
1471 1927
1440 1966
1748 2475
1887 2574
1533 2908
1813 2617
1858 2562
1661 1940
1460 3130
1760 1896
1713 1612
1642 2141
1755 3250
1773 1754
1317 3270
1582 1904
1659 3262
1432 2569
1620 2611
1698 2950
1756 2645
1504 3064
1669 2517
1555 2321
1748 2634
1555 3015
1491 2197
1725 3069
1773 3117
1743 1710
1302 3249
1776 1743
1414 1914
1794 3208
1636 3077
1637 2931
1580 2518
1758 3294
1359 3071
1591 2099
1800 1848
1812 1873
1595 1971
1602 2645
1497 1942
1644 2335
1792 2406
1578 2508
1449 2556
1771 1706
1692 2947
1455 3122
1598 2292
1450 3537
1618 2766
1549 1901
1490 3096
1417 3087
1594 2256
1609 2345
1798 2614
1782 2388
1678 1942
1800 3203
1716 1640
1471 3168
1860 3167
1699 1903
1438 3070
1758 1605
1706 3309
1657 3116
1835 1769
1661 2956
1434 3633
1603 2143
1737 2571
1814 1763
1576 2639
1300 3229
1472 2571
1689 2497
1808 1751
1597 2508
1601 2125
1490 2138
1518 2204
1693 3303
1458 3269
1757 2635
1545 2201
1713 1571
1608 2259
1601 2984
1476 3096
1634 2457
1768 3099
1752 3265
1520 2147
1572 2421
1661 2935
1631 2674
1451 3545
1789 3138
1648 2457
1854 1775
1767 3275
1851 1764
1753 1676
1459 2119
1619 2140
1588 2495
1509 2988
1756 1865
1742 1597
1747 1710
1562 2895
1749 3179
1581 2316
1589 2334
1694 3207
1727 2582
1643 2986
1519 3108
1375 3231
1629 2109
1452 3574
1793 2615
1661 2927
1425 2567
1726 3243
1769 1860
1515 3001
1579 2287
1886 2571
1387 1905
1650 2768
1735 2495
1571 2374
1839 1769
1768 3315
1641 3068
1709 2954
1766 1549
1638 3073
1626 2917
1368 3499
1544 3034
1758 1933
1598 1916
1857 1757
1534 2334
1525 3141
1401 3567
1517 2593
1615 2127
1679 3038
1584 3065
1507 2535
1648 2464
1638 3072
1766 3117
1815 1760
1602 2057
1619 2136
1744 2681
1445 3172
1592 1972
1456 3137
1505 2173
1768 3118
1357 3078
1487 3088
1648 2837
1704 2750
1558 2918
1718 3032
1893 2660
1779 1921
1724 3052
1355 3530
1786 1575
1736 1582
1701 1939
1433 3075
1578 2456
1336 3269
1426 2585
1899 2527
1584 2523
1577 2566
1820 2685
1738 1647
1477 2138
1333 3256
1610 2645
1502 2584
1528 3103
1485 3102
1578 2196
1860 2624
1478 2138
1593 2478
1528 2317
1546 2212
1594 2637
1534 2295
1634 2337
1760 2501
1663 3185
1545 2555
1793 2613
1594 2996
1731 2529
1486 2131
1563 2587
1591 2015
1730 2505
1633 2750
1581 2257
1787 3121
1339 3272
1467 3135
1624 3052
1507 1963
1563 1926
1550 2001
1573 2453
1782 1573
1701 3222
1704 1905
1660 3259
1623 2138
1475 3176
1402 3085
1787 3178
1732 2945
1646 2819
1328 3279
1627 1915
1626 2167
1625 2591
1485 1924
1569 2344
1518 3036
1706 2437
1594 2904
1374 3503
1742 2745
1569 2964
1655 2346
1726 2704
1596 2901
1641 2526
1319 3265
1682 2982
1750 3250
1679 2895
1616 2617
1370 3533
1763 3173
1546 2555
1766 1875
1452 3161
1864 3197
1435 1893
1557 2006
1587 2010
1729 1606
1576 2290
1332 3514
1711 1638
1303 3217
1647 3005
1600 2530
1618 2055
1791 1581
1548 2544
1671 3188
1885 3192
1734 1705
1525 2967
1652 2908
1757 1898
1703 2747
1659 2696
1485 3651
1787 3226
1409 1951
1464 3158
1442 1933
1343 3503
1894 2544
1583 2111
1679 2985
1722 2615
1787 1563
1721 3064
1854 3169
1648 3082
1338 3274
1478 3114
1875 2670
1728 2748
1788 2405
1760 2670
1635 1945
1691 3283
1504 2179
1712 1575
1736 2706
1650 2845
1892 2594
1768 1602
1591 2315
1581 3020
1423 3090
1695 2946
1839 1868
1851 2659
1793 3317
1768 2636
1436 3593
1510 2099
1676 3277
1626 1917
1636 2817
1966 2581
1606 2143
1590 2294
1500 3086
1746 1594
1576 3022
1355 3291
1605 2059
1517 2512
1764 3055
1719 3081
1560 2918
1559 2520
1511 3147
1506 1965
1420 1934
1659 2725
1760 1881
1704 1599
1641 3248
1591 2258
1898 2572
1687 2328
1646 3001
1609 2589
1577 2966
1729 2941
1213 3584
1586 3067
1643 2865
1798 1783
1569 2954
1775 1863
1611 2355
1661 2338
1526 2967
1447 3161
1594 2547
1805 1795
1564 2351
1666 3188
1896 2532
1441 1935
1816 1878
1790 2390
1631 2642
1565 1939
1747 1932
1744 3279
1441 3189
1716 2430
1591 1959
1766 1743
1604 2648
1721 3237
1735 2687
1649 2779
1671 2927
1490 2165
1653 2868
1767 3097
1609 2512
1756 3321
1704 3232
1772 1539
1579 2033
1454 2547
1490 3153
1734 3245
1443 1920
1620 2168
1601 2516
1769 3117
1809 1826
1762 3111
1570 2634
1392 3634
1592 2329
1275 3203
949 3037
1540 2327
1665 3185
1747 3314
956 3032
1593 2668
1678 1927
1701 2760
1579 2456
1490 2123
1473 3170
1663 1897
1537 2532
1733 1670
1714 2957
1689 3234
1810 1591
1442 3177
1637 3080
1819 2693
1736 1638
1351 3289
1796 1565
1488 2591
1279 3201
1393 1907
1600 2090
1798 1779
1864 3163
1782 2435
1704 3042
1708 2955
1718 2472
1485 2094
1734 1888
1706 3312
1558 2669
1608 2077
1575 2102
1679 3259
1792 3172
1654 2331
1864 2569
1572 2917
1633 2136
1654 2506
1779 2402
1530 2209
1558 2360
1711 1575
1584 2574
1572 2889
1574 1914
1786 1930
1725 1596
1777 1881
1542 2119
1736 1585
1463 3657
1590 2110
1792 1564
1515 2142
1483 3603
1578 2482
1616 2911
1663 2746
1805 1590
1604 3069
1781 3324
1618 2628
1806 1869
1517 2986
1643 2687
1576 2645
1581 1942
1630 2902
1358 3071
1768 1914
1639 2756
1581 2857
1590 2459
1705 3065
1798 1704
1740 2559
1595 2013
1624 2631
1781 1936
683 2832
1541 2123
1626 2893
1642 3266
1744 1972
1952 2591
1870 2675
1763 3221
1699 2757
1584 1941
1515 3077
1589 2645
1657 3039
1539 1930
1806 1814
1553 2871
1333 3259
1680 2509
1542 3090
1772 1590
1779 1725
1494 3151
1313 3258
1759 3326
1572 2954
1527 2910
1790 3224
1446 2547
1430 3630
1495 2165
1405 3092
1603 1921
1600 2903
1774 2394
1500 2122
1336 3256
1441 3135
1789 3316
1509 2104
1486 2161
1617 2421
1605 2565
1582 2415
1655 2815
1523 2016
1578 3026
1775 1599
1718 2633
1391 3631
1548 2358
1765 1729
1783 1740
1367 3230
1564 2204
1482 1943
1910 2543
1543 1892
1485 3146
1571 2987
1420 1929
1593 2256
1677 3258
1762 3258
1568 2665
1685 1961
1603 2991
1678 1603
1829 2636
1352 3543
1919 2559
1760 1700
1768 1540
1607 2262
1816 1855
1625 1920
1529 2316
1657 2094
1557 2218
1619 2441
1728 2694
1403 1938
1390 1937
1442 3645
1694 3208
1717 2659
1546 2213
1449 1917
1570 2246
1390 3497
1607 2052
1611 2494
1658 2985
1420 1903
1770 1707
1528 3083
1751 1693
1641 2842
1660 2343
1730 1876
1733 2747
1790 2634
1709 2438
1387 1910
1657 2167
1855 3214
1771 1955
1687 2348
1770 1741
1584 2314
1441 1924
1514 2148
1807 1784
1580 2881
1536 2904
1774 3241
1552 2145
1730 2484
1733 1626
1464 3082
1822 2687
1562 2474
1626 2766
1906 2549
1534 2281
1577 3032
1792 1926
1595 2262
1649 2792
1650 2673
1605 3076
1661 2916
1545 2080
1789 2633
1824 1845
1531 2310
1385 3540
1770 3270
1541 2237
1713 1967
1881 2598
1791 2614
1663 1906
1604 2151
1614 2158
1498 2099
1659 2817
1731 1737
1578 2453
1668 1944
1575 2422
1775 1555
1753 2473
1751 2630
1424 2581
1648 3254
1516 1984
1700 3193
1434 2401
1864 3194
1498 2168
1874 3195
1454 3263
1787 3124
1542 2217
1567 2205
1465 3600
1809 1751
1443 3150
1561 1989
1629 2052
1463 2523
1707 2752
1463 2571
1731 1712
1906 3168
1652 2336
1756 3296
1617 2327
937 3031
1726 2706
1601 2555
1553 2518
1740 2666
1655 3181
1779 2665
1764 2558
1651 3251
1583 2115
1478 1931
1715 1946
1717 3206
1595 2916
1653 2360
1676 1945
1603 2078
1701 2751
1533 2120
1694 1595
1775 1596
1492 2125
1634 1897
1686 2887
1544 1947
1357 3498
1574 2944
1353 3535
1420 1958
1356 3088
1526 2321
1772 2664
1593 1941
1579 3032
1660 3028
1703 3230
1502 3056
1828 1839
1760 1891
1736 2687
1608 2085
1563 3023
1604 2514
1783 1558
1756 2590
1619 2922
1548 2526
1631 2868
1756 3073
1503 1962
1626 2826
1729 2680
1625 2893
1837 1864
1598 2552
1714 1961
1573 2960
1665 1609
1652 2440
1560 2092
1797 3316
1770 1958
1551 3020
1773 2403
1768 1604
1661 2988
1523 2121
1401 1918
1481 3085
1734 3095
1526 3090
1480 2137
1580 2519
1687 2343
1676 1949
1664 3011
1640 2940
1595 2056
1617 2617
1617 2828
1610 2167
1385 3502
1810 2615
1743 2748
1653 2880
1645 2964
1576 3070
1674 1937
1628 2057
1784 1557
1884 3175
1735 1588
1796 1815
1793 1783
1858 1757
1657 1954
1753 2635
1482 3088
1500 2584
1642 1910
1412 3631
1757 1866
1667 3010
1744 2735
1688 1903
1303 3212
1611 2611
1472 2136
1502 2167
1486 2137
1617 2654
1624 1905
1580 1975
1710 3331
1563 2523
1764 1955
1749 3216
1441 3088
1463 2530
1600 2566
1488 3144
1687 2333
1484 3650
1766 2664
1701 3336
1753 3115
1673 3192
1526 3156
1367 3231
1464 3173
1345 3278
1747 2562
1720 1596
1769 2432
1494 3138
1586 2059
1438 3244
1522 2137
1576 2471
1698 1611
1540 2123
1703 1913
1510 1970
1687 3096
1353 3079
1643 2130
1415 3155
1469 2102
1450 3672
1214 3590
1587 1974
1447 3596
953 3036
1667 2907
1477 2512
1465 2529
1817 1855
1553 2955
1570 3059
1786 3222
1385 3549
1664 2488
1607 2106
1719 1612
1390 1911
1809 1793
1679 3037
1610 2075
1496 2141
1555 2102
1729 3233
1637 2934
1643 2754
1628 2643
1502 2551
1605 2143
1660 2342
1758 2626
1674 1610
1901 3199
1655 2336
1440 2408
1536 2898
1361 3299
1551 1939
1758 1892
1471 1931
1437 3641
1598 2164
1604 2531
1546 2208
1767 2496
1872 2572
1713 1896
1778 3154
1572 2880
1755 3264
1395 1899
1700 2420
1444 3159
1737 1676
1421 3159
1602 2016
1889 2583
1767 3096
1762 3123
1448 3075
1708 3065
1722 1894
1692 1600
1864 3199
1579 2377
1524 2876
1683 3037
1516 3042
1589 2020
1546 2529
1918 2595
1640 2898
1792 3123
1592 1958
1656 3266
1762 2670
1635 2816
1616 2051
1590 2975
1592 2007
1736 2747
1600 2983
1530 1928
1888 2648
1743 1576
1532 3095
1778 3151
1555 2891
1713 1656
1771 1860
1642 2833
1543 2285
1552 2540
1648 2687
1955 2591
1623 2426
1640 3254
1773 2636
1432 3580
1657 1957
1632 2338
1474 3086
1443 1943
1634 2743
1692 3059
1669 2813
1324 3527
1526 1996
1601 2084
1789 3216
1713 1613
1552 2568
1445 3539
1805 3191
1545 2122
1840 1768
1686 3050
1767 3163
1675 3096
1587 2649
1659 2718
1498 3059
1501 2148
1619 2524
1678 2342
1755 3216
1676 1620
1575 2887
1439 3646
1661 2341
1734 2604
1605 1911
1671 2164
1515 2513
1673 3036
1642 2548
1642 2931
1921 3156
1487 2588
1612 2302
1740 3221
1524 2975
1650 2774
1562 2658
1813 2596
1708 2951
1820 1747
1629 2120
1431 3248
1586 1957
1403 3633
1415 3502
1728 2707
1643 2142
1694 2947
1528 2127
1455 3156
1749 1872
1821 3155
1716 2981
1824 1583
1304 3228
1728 2671
1727 2590
1503 2185
1570 2472
1557 2235
1580 2199
1798 1828
1359 3086
1803 1684
1747 1706
1634 3063
1778 3176
1406 1925
1595 2656
1526 2534
1539 1926
1638 1898
1452 3094
1810 1765
1688 2977
1700 2419
1492 1943
1546 3086
1589 2468
1513 2109
1708 1593
1491 3137
1784 3164
1806 1704
1652 2978
1739 1612
1523 2616
1423 2574
1691 2499
1909 2553
1581 2413
1629 2978
1664 3274
1773 1948
1760 3220
1433 1945
1667 2734
1734 2672
1532 2304
1551 2877
1862 2661
1863 2637
1465 3175
1728 2582
1692 3226
1710 1593
1853 2605
1569 2190
1659 2722
1704 3213
1781 3327
1642 2532
1560 2953
1653 2438
1862 3163
1558 2914
1673 2423
1330 3522
1640 2838
1707 2993
1453 3269
1745 1889
1757 3291
1799 1805
1582 3015
1686 3087
1676 2896
1789 1609
1801 1808
1951 2550
1428 3644
1628 2046
1401 3570
1512 2107
1720 1945
1582 1884
1607 2018
1777 1729
1710 2610
1591 2504
1525 2008
1427 1900
1808 1828
1215 3577
1613 2593
1672 1934
1728 2482
1555 2091
1586 2489
1552 2523
1754 3332
1724 2943
1577 2291
1663 2709
1411 1907
1345 3270
1742 3327
1613 2287
1573 2627
1802 3189
1623 2081
1493 3156
1822 2626
1467 3151
1777 1795
1599 2288
1335 3515
1646 2964
1779 3180
1577 3069
1301 3208
1491 2158
1731 2596
1761 1739
1472 2118
1461 1945
1576 2964
1438 3134
1676 2424
1544 2522
1763 3163
1735 3247
1809 3203
1589 1933
1886 2547
1451 3636
1753 1912
1695 1595
1770 2640
1844 3153
1879 2657
1725 1662
1660 2813
1589 2510
1562 1942
1823 2671
1447 3162
1699 2951
1720 2453
1621 2429
1512 3081
1589 2860
1296 3246
1410 3498
1726 1639
1527 3157
1787 1597
1662 1904
1814 1758
1596 1985
1748 3271
1430 1939
1732 2595
1601 2057
1587 2020
1700 2762
1718 2467
1693 3050
1662 1942
1448 3544
1878 2601
1591 2571
1854 2607
1581 2041
1696 2337
1724 1881
1512 3080
1451 3265
1855 2612
1418 3164
1876 3171
1655 1957
1617 2158
1729 2430
1661 2100
1825 1860
1728 2437
1402 3565
1740 3341
1681 1633
1479 2159
1523 2595
1735 1622
1710 2750
1953 2548
1793 3207
1888 3188
1593 2954
1789 2626
1422 3639
1284 3223
1405 3081
1809 1587
1407 2572
1683 1919
1816 1760
1599 2496
1620 2918
1970 2607
1410 1896
1757 2412
1779 1593
1888 3166
1722 1896
1583 1924
1417 3496
1501 2216
1532 2004
1586 1924
1538 1915
1513 2193
1774 3140
1656 3261
1809 2608
1639 2930
1411 3494
1896 2589
1634 2755
1614 2323
1555 2320
1412 3501
1376 1905
1586 3008
1596 2997
1645 1927
1692 2339
1733 1604
1787 2614
1423 1960
1741 3332
1724 2710
1642 2862
1735 2573
1587 2957
1721 1663
1446 3613
1715 1929
1575 2571
1668 2812
1457 2104
1654 2480
1570 2248
1434 1932
1746 1682
1437 3129
1514 2195
1500 2191
1620 2670
1717 2632
1725 1603
1791 3206
1669 1622
1512 2146
1901 3195
1397 2455
1755 2669
1444 3257
1534 1999
1641 2931
1750 2421
1792 2625
1702 3322
1529 1996
1447 3640
1493 2159
1597 1966
1645 2760
1652 2476
1685 3038
1706 2427
1778 2655
1615 2287
1614 2111
1649 3000
1499 1958
1716 2614
1669 2516
1552 2216
1604 2497
1719 2469
1566 1885
1371 3231
1711 1596
1721 1896
1800 1705
1651 2354
1479 3122
1748 1866
1507 2597
1727 2672
1554 2089
1797 1828
1384 3549
1649 2105
1747 2574
1589 2331
1443 1933
1356 3072
1706 3339
1825 2665
1495 3085
1347 3550
1738 1632
1642 2892
1579 2653
1707 3308
1746 3310
1561 1993
1707 3311
1741 3081
1715 1960
1690 2339
1544 1931
1710 2446
1565 2345
1631 2979
1574 2881
1706 3217
1648 1944
1711 2656
1383 3240
1729 2578
1540 2119
1613 2123
1501 3058
1839 2674
1620 2924
1764 2492
1562 2465
1498 2219
1568 2288
1775 1796
1880 2596
1549 3023
1618 2171
1650 2335
1714 1600
1623 2915
1525 2130
1800 3158
1695 2339
1597 2163
1491 2208
1743 1890
1466 3275
1467 2120
1658 2428
1534 2333
1602 2166
1663 2174
1719 2632
1561 2357
1809 1873
1692 3206
1809 1814
1573 2931
1695 3313
1764 2424
1715 2747
1632 2774
1476 3174
1555 2078
1659 2167
1695 3091
1415 2579
1573 2279
1781 3124
1704 2607
1705 3032
1427 1896
1693 3230
1396 1943
1584 2653
1467 1938
1601 2873
1726 2752
1737 2740
1426 3132
1602 2264
1571 2635
1407 2576
1763 3324
1539 2280
1654 2351
1627 2110
1604 2016
1769 1871
1651 2163
1735 1894
1533 3034
1717 3235
1791 2612
1408 1940
1834 1765
1289 3227
1672 2892
1480 2157
1681 2982
1484 3645
1454 3176
1581 2855
1706 1920
1617 2136
1524 3120
1642 1903
1556 2080
1508 3062
1579 2574
1742 2734
1728 1719
1446 3267
1796 1934
1380 3550
1586 2943
1602 2509
1511 2585
1469 2524
1778 2402
1527 1989
1882 2537
1743 1936
1781 1940
1791 1713
1456 3665
1507 3039
1634 2857
1330 3274
1736 1587
1473 3122
1720 3201
1689 3233
1462 2134
1543 2880
1342 3272
1360 3533
1722 2434
1607 2147
1721 3196
1969 2600
1626 2467
1583 2057
1587 2110
1633 2825
1700 3309
1668 1907
1800 2613
1559 3021
1622 2436
1587 2296
1545 2302
1527 2002
1783 2434
1441 2557
1452 3543
1882 2649
1339 3255
1749 3218
1580 2911
1606 2019
1707 2747
1754 2415
1334 3521
1536 2287
1598 2068
1749 2752
1440 3263
1909 2641
1607 2260
1402 1931
1499 2985
1581 3022
1483 1940
1636 2471
1614 2609
1621 2922
1680 2413
1789 1724
1757 1962
1517 2307
1599 2165
1488 2131
1623 2897
1564 2477
1738 2668
1724 3066
1588 2500
1850 3158
1573 2102
1451 3269
1441 3151
1823 2666
1774 3232
1646 3268
1661 2504
1452 3576
1605 2076
1590 1952
1765 3166
1568 1980
1615 2312
1556 2324
1422 2577
1436 2405
1580 2685
1666 3117
1466 2136
1586 2306
1667 2084
1599 2498
1870 3169
1463 2535
1592 2649
1686 1960
1682 1959
1885 3193
1557 2954
1480 3134
1633 2845
1860 2659
1741 3254
1623 2119
1592 2331
1205 3590
1766 1744
1746 1974
1522 2599
1666 3014
1601 2879
1736 3253
1481 1925
1328 3513
1383 1905
1729 2610
1557 2247
1570 2967
1579 2936
1567 1886
1580 1915
1681 3039
1691 2948
1816 1598
1911 2540
1512 3061
1313 3260
1583 1982
1787 3122
1758 1684
1719 1574
1464 2520
1482 3130
1878 3190
1672 3085
1735 2492
1517 3153
1687 2332
1721 2719
1417 2576
1723 2946
1878 2606
1520 2142
1772 3228
1679 2982
1743 2730
1721 1656
1710 2616
1701 3322
1793 3144
1691 3082
1708 1922
1537 2895
1570 2906
1580 1992
1611 2289
1619 2467
1916 3176
1485 3124
1674 3082
1699 1628
1537 1925
1896 2533
1862 2622
1585 3022
1443 2546
1437 3638
1790 1787
1701 2951
1625 2118
1434 1935
1756 1925
1505 2570
1649 2498
1899 2541
1717 2984
1493 3057
1767 3095
1767 2410
1798 1784
1661 2091
1536 2627
1436 3644
1610 2609
1580 3032
1566 2569
1564 2905
1574 2294
1448 3637
1877 3169
1578 1915
1597 2080
1727 1660
1486 3154
1627 2437
1399 1923
1758 1879
1715 2466
1925 2560
1528 1992
1577 3018
1748 3105
1457 3096
1392 3508
1654 3039
1570 2926
1691 3085
1650 2712
1470 3138
1719 1665
1750 3086
1558 2128
1423 1936
1538 1891
1728 1635
1548 2551
1305 3226
1481 1930
1860 2654
1429 3632
1582 3037
945 3034
1557 2335
1656 2798
1742 2676
1466 3138
1540 2342
1480 3128
1605 2303
1431 3105
1815 2605
1589 2978
1761 3170
1576 2187
1661 2104
1578 2054
1494 3086
1788 3141
1659 2982
1514 2175
1590 2315
1574 1881
1749 1677
1703 2717
1907 3166
1473 1938
1577 2317
1525 2608
1599 2262
1395 3533
1612 2538
1960 2605
1461 1928
1757 1880
1859 3205
1683 2415
1745 1713
1513 2987
1713 1953
1765 1722
1618 2666
1556 2551
1568 2907
1792 3167
1697 1611
1550 2545
1753 1886
1738 1633
1727 1604
1771 1898
1417 2584
1759 3101
1717 2439
1640 2461
1436 2600
1739 2570
1706 3308
1658 2088
1286 3217
1389 3505
1747 1608
1704 3044
1510 3085
1720 2621
1503 2579
1705 3283
1517 2302
1541 1890
1651 2435
1543 2533
1700 2502
1739 2410
1632 1942
1575 2436
1757 2670
1510 2582
1611 2907
1792 1853
1565 2903
1583 1990
1596 2398
1767 3234
1543 2140
1558 2149
1568 2008
1463 3139
1808 1818
1452 3096
1785 1737
1894 2553
1525 2128
1593 2515
1637 2116
1923 3170
1647 2985
1594 2658
1751 1932
1691 1595
1673 3210
1506 2140
1513 2099
1754 1603
1640 2885
1652 3266
1518 2549
1451 3082
1593 2389
1710 2622
1665 2102
1622 2970
1340 3276
1651 2149
1877 3167
1675 2422
1389 3076
1591 2252
1517 3151
1743 1902
1479 2157
1874 3189
1895 2539
1624 2468
1632 2855
1642 2938
1891 2584
1668 2930
1963 2610
1740 1641
1750 1706
1509 3044
1663 2937
1633 2982
1731 2972
1584 3016
1716 1918
1535 2967
1714 1926
1628 2868
1502 2978
1482 2583
1587 3070
1759 1753
1469 3135
1513 3151
1326 3273
1435 3557
1880 3190
1728 3325
1895 3197
1656 2752
1279 3204
1851 2637
1627 2470
1756 2387
1696 2340
1709 1600
1469 2559
1826 3155
1704 1912
1402 3575
1670 1628
1753 2412
1483 2098
1699 2620
1567 1938
1745 1664
1589 2294
1815 2604
1655 3037
1730 1880
1463 2118
1677 1917
1767 1852
1479 2158
1786 1879
1474 1933
1883 2559
1658 2817
1562 2896
1641 2966
1612 2903
1456 3208
1649 2799
1679 1920
1737 2638
1769 3048
1502 2970
1709 1941
1661 2093
1576 2100
1702 3035
1642 2551
1842 1766
1786 3189
1861 3201
1602 2526
1643 1928
1790 3315
1787 3136
1496 1952
1575 2940
1445 3110
1650 1933
1793 1585
1692 2330
1398 3511
1520 3110
1486 3124
1563 1934
1771 2490
1431 3071
1565 2460
1667 1896
1674 3219
1518 3128
1720 2948
1485 2169
1444 3574
1704 1909
1564 2907
1720 3080
1678 2718
1591 1910
1677 1620
1604 2057
1576 2682
1900 3202
1464 3099
1601 2872
1599 2570
1560 2335
1768 1547
1409 1920
1573 2938
1738 3248
1575 1880
1531 2612
1510 2991
1582 1911
1808 1591
1548 2302
1581 3015
1562 1927
1613 2313
1723 1653
1753 3285
1725 1661
1752 1703
1732 2608
1638 2465
1651 2455
580 3274
1907 3174
1713 3198
1517 2526
1636 2117
1498 3072
1486 2158
1798 1580
1670 1895
1417 1955
1565 2570
1781 3144
1782 1860
1440 3100
1637 3077
1808 1750
1687 3065
1471 2551
1879 3189
1799 1858
1761 2638
1620 2127
1752 1684
1599 2586
1806 1683
1501 3075
1733 1638
1685 1631
1732 2687
1739 3341
1451 1969
1781 2652
1518 3142
1565 2206
1603 2645
1518 3146
1706 1621
1450 3152
1595 2501
1692 2967
1421 3217
1577 2101
1625 2635
1216 3576
1439 1968
1736 1893
1435 3605
1858 2644
1547 2136
1578 2972
1578 2634
1682 3274
1456 3132
1797 1868
1742 2717
1540 2366
1552 2146
1604 2284
1776 3050
1396 3567
1831 1835
1608 2777
1546 2508
1528 2316
1678 1635
1761 3110
1442 3167
1864 1750
1803 3200
1787 3134
1547 2227
1698 1621
1586 2327
1782 3184
1716 1911
1617 2611
1717 2454
1532 2876
1724 2664
1658 2726
1661 2979
1496 2190
1750 2476
1508 2565
1596 2985
1738 2482
1742 3081
1736 2416
1781 1739
1398 2457
1761 3122
1613 2284
1735 2690
1865 2645
1654 3180
1801 1748
1628 2871
1717 2472
1286 3226
1538 1921
1515 3066
1547 1901
1703 2715
1632 2903
1772 1876
1450 3081
1476 3176
1443 3134
1604 1919
1735 2496
1728 3052
1590 2872
1629 2977
1661 2506
1836 1765
1426 2595
1432 1946
1586 3010
1924 3153
1665 3087
1553 2888
1815 1740
1513 2985
1771 1951
1687 1627
1745 2672
1871 3196
1858 2657
1656 2733
1887 2550
1573 2572
1501 2189
1763 2405
1544 3086
1815 3155
1574 2425
1823 1584
1645 2686
1555 2523
1831 3159
1551 1999
1456 3152
1787 1741
1650 2955
1647 2982
1518 3078
1596 2452
1382 1940
1613 2661
1600 2516
1570 2080
1780 1750
1474 2113
1661 3115
1705 3028
1558 1935
1527 2006
1723 2616
1701 3290
1619 2621
1580 2500
1424 1918
1680 3059
1748 2760
1738 2406
1514 3142
1590 1881
1866 2607
1757 2435
1648 3249
1619 3070
1547 2135
1557 2146
1532 2623
1882 2592
1789 1599
1509 2146
1570 2517
1732 2690
1714 1658
1807 2619
1460 3648
1476 2599
1441 1960
1673 3043
1608 2445
1749 2735
1650 2455
1777 1866
1650 1962
1682 1958
1518 3034
1652 3090
1608 1884
1627 2452
1632 2126
1426 3071
1702 3065
1447 3554
1711 2447
1625 3060
1432 2572
1911 2646
1789 1736
1704 3233
1658 1923
1791 3219
1783 3188
1649 2892
1790 3196
1879 3194
1425 3579
1730 2603
1571 1937
1571 3061
1434 1894
1768 3055
1645 2979
1821 2665
1728 1606
1654 1920
1524 2008
1584 2325
1738 1611
1591 2879
1594 2998
1801 3203
1744 3240
1631 1901
1789 3212
1619 3052
1538 2007
1432 2598
1568 2245
1418 3548
1712 3197
1553 2524
1476 2140
1453 1915
1729 1887
1916 3154
1724 2657
1470 3139
1582 1883
1728 2673
1779 1924
1636 2931
1490 2115
1611 2901
1542 3037
1905 2584
1657 3112
1795 3204
1655 2089
1589 2877
1763 1711
1689 3058
1692 2337
1752 3320
1596 2394
1444 3672
1648 1929
1723 1636
1570 2976
1885 2592
1756 1966
1423 3503
1479 3130
1481 3635
1670 2999
1625 2642
1669 2167
1484 2592
1521 2308
1370 3534
1770 2654
1605 2767
1415 3496
1732 2689
1458 3083
1481 2145
1460 3599
1371 3081
1372 3232
1503 2216
1793 1927
1583 1955
1659 3118
1743 2548
1614 2161
1619 2893
1773 1932
1353 3085
1928 2560
1498 3141
1803 1788
1770 1723
1788 3318
1720 1942
1567 1911
1679 3040
1562 2318
1699 2716
1902 2638
1477 3095
1777 3273
1714 3235
1688 2973
1829 2631
1735 2501
1439 2603
1663 2358
1638 3260
1845 1779
1792 1871
1640 2972
1663 3047
1624 2430
1748 2672
1695 3191
1771 1902
1715 3324
1589 1924
1508 2098
1620 2116
1906 3160
1728 3066
1498 2146
1790 1607
1875 2660
1593 2170
1656 1954
1642 3267
1639 2812
1662 2926
1744 3317
1528 2618
1673 2897
1559 2341
1719 2668
1415 3160
1610 2420
1565 2587
1535 2002
1584 1907
1681 3261
1618 2668
1875 3179
1509 1966
1582 1891
1473 3184
1570 2516
1555 2563
1474 1931
1364 3540
1557 3017
1466 2139
1686 2989
1437 3246
1702 3229
1450 3153
1780 1574
1799 1580
1595 2244
1733 2752
1620 3071
1609 2139
1534 3037
1527 2979
1353 3528
1518 3058
1575 1982
1778 1906
1440 3161
1657 2819
1459 2107
1573 2881
1779 3181
1632 2867
1790 1576
1406 3079
1639 2470
1591 2551
1635 2477
1758 1977
1544 2531
1742 1669
1457 2118
1620 2770
1635 2822
1798 1750
1422 3508
1967 2608
1435 3554
1707 1922
1461 1924
1577 2200
1722 1887
1408 3097
1377 3501
1738 1681
1787 1934
1581 2386
1590 3075
1726 2582
1556 2552
1605 2530
1336 3257
1778 1932
1580 2513
1554 2138
1556 2481
1758 3105
1409 3088
1846 1755
1627 2058
1791 1721
1695 2416
1592 2312
1737 1879
1673 2899
1558 2094
1590 2514
1852 2632
1450 3178
1712 1898
1663 1940
1619 2436
1416 2575
1730 2422
1624 2826
1403 3079
1689 3061
1705 3206
1715 2750
1785 1874
1749 1936
1822 2680
1848 3166
1775 1858
1413 1906
1774 3144
1690 1939
1608 2646
1661 2917
1435 3575
1668 2973
1813 1862
1707 3028
1596 2295
1498 2220
1441 3209
1425 3627
1437 2397
1556 2323
1545 2090
1728 1578
1776 3122
1786 3223
1811 2615
1517 3060
1773 1752
1652 2153
1721 3325
1451 3109
1629 2452
1852 2620
1606 2675
1675 2804
1533 3111
1673 3215
1591 2509
1504 2575
1528 2599
1782 3237
1824 3147
1530 2332
1680 1930
1683 1929
1783 3196
1679 1635
1734 1627
1719 2716
1530 2620
1607 2514
1421 2573
1773 3048
1596 1948
1905 2547
1743 2681
1615 2529
1598 2916
1450 2559
1580 1922
1526 2971
1622 2591
1755 3205
1778 3131
1580 2101
1791 3178
1692 3200
1616 2108
1750 3104
1566 2462
1669 2920
1701 1610
1870 2674
1482 3128
1816 1868
1695 1622
1611 2067
1633 2482
1579 2042
1663 2953
1393 3560
1808 2615
1556 2211
1806 1579
1795 1716
1399 3078
1844 1749
1700 3289
1674 3218
1662 2888
1508 3069
1386 1906
1599 3074
1704 3202
1814 1599
1352 3282
1671 3105
1524 2019
1473 3086
1514 3002
1508 2190
1765 2383
1543 3083
1842 1867
1815 1870
1475 3096
1511 1972
1687 2984
1631 1923
1574 2984
1771 1561
1385 1940
1612 2066
1579 2514
1817 1865
1604 2566
1611 2133
1921 3178
1863 2598
1580 2094
1434 1958
1673 2341
1427 3113
1621 2053
1702 3329
1551 1887
1750 1943
1792 3169
1576 2079
1613 2110
1756 2636
1571 2077
1618 1903
1774 3047
1844 3170
1649 1939
1720 1893
1722 1615
1507 2510
1537 2232
1688 2335
1571 2078
1478 2574
1453 3263
1764 3302
1463 3173
1760 2558
1585 2999
1592 2664
1669 2430
1711 2974
1360 3074
1818 1591
1646 2685
1718 1937
1453 3160
1653 2956
1802 1813
1595 2476
1590 2107
1627 2828
1666 2909
1560 2212
1788 3204
1868 2672
1674 3208
1606 2546
1494 3053
1703 1905
1637 2454
1573 2522
1697 2342
1652 2450
1659 2923
1471 2112
1657 3115
1648 2150
1559 3072
1508 2570
1719 3235
1407 2566
1473 2108
1368 3534
1803 1855
1806 1705
1672 1926
1456 3149
1660 1939
1300 3233
1304 3227
1660 2356
1758 3288
1595 2392
1439 3145
1807 1860
1440 3550
1465 3139
1681 1947
1444 3160
1685 3069
1728 2677
1632 2766
1477 2504
1627 2529
1510 1972
1603 2549
1742 2680
1606 2593
1809 1764
1522 2979
1808 2598
1674 3266
1646 2906
1670 3191
1617 2902
1478 3103
1496 2097
1646 2754
1696 2978
1771 1954
1524 3059
1788 1925
1623 2658
1802 1596
1706 1938
1823 1851
1510 3065
1734 2423
1597 1942
1862 2566
1743 1608
1769 3166
1810 1687
1448 3613
1655 2881
1674 1919
1968 2606
1724 2967
1610 2775
1648 2459
1640 2857
1634 2139
1722 2618
1575 2404
1657 2756
1531 2958
1425 3151
1551 2570
1753 2478
1734 1674
1829 1833
1665 3022
1761 3180
1788 1797
1360 3091
1594 2577
1394 1910
1548 2524
1833 1759
1705 3287
1595 2266
1730 2434
1431 3559
1377 1907
1541 2366
1383 3506
1822 2622
1669 2966
1627 2868
1786 1730
1796 1842
1587 2911
1852 2608
1593 2017
1682 3263
1591 1952
1804 3164
1439 3606
1772 1558
1797 1790
1340 3249
1600 2023
1745 1602
1534 1987
1458 3096
1818 2686
1444 1927
1629 2529
1596 2064
1768 1541
1766 1538
1533 2282
1444 1973
1692 3202
1555 2116
1565 2241
1535 2625
1550 2108
1786 3140
1633 3263
1591 2456
1811 1599
1589 2327
1728 2485
1469 3136
1607 1913
1436 3093
1458 3123
1474 3085
1783 2635
1713 1931
1613 2523
1568 2085
1501 2170
1747 1901
1580 3019
1459 3270
1574 2888
1505 2574
1557 2096
1560 1985
1747 1579
1508 2180
1781 1740
1645 2459
1420 1925
1576 2501
1729 2967
1519 3113
1646 2671
1543 2305
1611 2510
1604 2620
1743 1704
1366 3495
1442 3071
1592 2907
1435 3606
1721 2962
1581 1944
1549 2214
1568 2475
1525 2609
1434 3605
1408 1918
1853 1767
1758 3110
1550 2550
1565 2242
1799 1776
1550 2515
1566 2244
1950 2584
1682 3037
1849 1770
1577 2110
1590 2636
1754 2588
1593 2262
1620 2917
1568 2671
1621 2166
1858 2660
1614 1920
1736 3248
1673 3046
1487 2161
1870 2605
1624 3065
1472 1927
1752 1682
1539 1921
1762 1735
1885 2547
1472 3153
1785 1589
1918 3164
1739 3217
1444 3259
1544 2506
1492 2208
1657 2821
1596 2312
1673 1626
1673 3195
1419 1951
1645 2820
1514 2544
1428 3159
1526 2316
1765 1603
1663 1913
1582 1916
1688 2509
1531 2128
1580 2322
1756 3173
1670 2803
1510 3154
1699 3065
1660 2761
1322 3258
1854 2605
1648 2333
1654 3183
1855 1778
1527 3142
1797 1877
1725 2621
1602 2055
1635 2849
1755 3331
1650 2496
1493 3143
1778 1605
1751 2556
1560 2523
1670 1629
1543 3099
1628 2438
1576 2638
1473 3183
1730 2514
1593 1937
1544 2520
1542 2879
1447 2555
1584 2459
1543 3090
1731 1635
1717 2470
1652 2864
1701 3204
1628 2976
1473 3182
1369 3073
1568 1922
1557 2480
1546 2372
1604 2910
1571 2076
1400 1924
1890 3195
1397 1929
1518 2006
1524 2534
1875 3189
1725 1604
1527 2535
1506 2198
1392 3633
1629 2485
1465 3173
1304 3253
1860 2621
1608 2399
1673 2422
1737 2480
1512 2984
1694 3284
1519 2983
1815 1876
1676 1629
1945 2553
1543 2288
1513 3059
1747 1611
1673 1619
1698 3038
1601 2058
1735 2671
1740 2571
1599 2499
1777 3271
1609 2445
1517 2141
1719 2427
1827 2623
1647 2998
1584 1886
1779 3150
1698 3082
1799 1702
1575 3026
1620 2468
1368 3504
1444 1975
1779 3172
1492 2159
1725 2672
1787 1604
1793 3174
1563 2905
1773 3143
1866 1751
1702 1934
1874 2646
1794 1815
1794 1831
1649 2872
1874 3171
1709 2620
1915 2546
1747 2750
1537 1921
1886 2562
1401 1900
1795 1715
1657 3187
1555 2917
1421 1936
1672 2941
1517 3122
1889 2648
1733 1730
1587 1947
1745 3336
1712 1576
1701 2501
1768 2417
1483 3101
1645 2144
1805 2608
1729 3231
1808 2613
1645 2493
1805 1585
1511 1968
1387 1935
1608 2307
1574 2517
1749 3267
1569 2061
1608 2659
1644 1914
1829 2630
1920 3166
1507 2560
1490 2125
1880 2595
1762 3318
1597 1881
1507 2568
1723 1658
1679 3267
1762 2431
1666 3265
1625 3053
1533 2298
1622 2430
1340 3260
1680 2985
1655 3036
1807 2598
1738 1594
1619 2431
1709 3034
1647 3083
1685 2887
1750 1941
1741 1890
1484 2165
1800 3320
1592 2871
1551 2955
1797 1847
1524 3043
1606 2309
1561 2961
1542 2314
1552 2663
1727 3084
1520 3109
1457 2106
1766 3238
1598 2097
1581 2193
1787 1577
1808 1753
1450 1965
1567 3057
1718 1636
1647 2369
1806 1821
1790 1605
1724 2586
1770 3254
1636 2983
1801 1804
1713 1607
1510 2998
1632 2761
1470 2558
1582 1981
1520 3056
1540 2225
1491 3087
944 3039
1485 3164
1643 3261
1646 3085
1480 3094
1779 2389
1641 1935
1521 2517
1788 1879
1748 3281
1634 2867
1445 3574
1554 2664
1465 2533
1450 3545
1753 1898
1412 2571
1397 3504
1775 2661
1815 1868
1559 3075
1328 3536
1713 2966
1675 1611
1413 1905
1705 3320
1698 3211
1549 2197
1584 2503
1785 1932
1662 2509
1784 1873
1667 1890
1455 3109
1519 2971
1351 3092
1432 3550
1529 3039
1458 3127
1523 3122
1747 2769
1570 2327
1781 2404
1631 2520
1634 2826
1422 3506
1663 2488
1589 2980
1634 3258
1786 3225
1785 1573
1755 2670
1539 2532
1583 2030
1711 3058
1558 2332
1641 3087
1527 2874
1647 2688
1673 3064
1457 2564
1570 2060
1682 3061
1668 2971
1707 3209
1458 3102
1773 1730
1785 2653
1606 2067
1760 2630
1565 2330
1652 2151
1881 2647
1545 1889
1444 3671
1725 2437
1659 2692
1755 1907
1606 1916
1775 1871
1783 2638
1748 1902
1754 2426
1582 2513
1694 3086
1535 2614
1484 2587
1738 3092
1285 3223
1633 2337
1744 2676
1577 2508
1616 2826
1852 1771
1550 2364
1584 2398
1678 1631
1458 3129
1661 2805
1759 1752
1817 2617
1779 3162
1652 2789
1546 2883
1505 3041
1351 3544
1360 3086
1660 2489
1732 2495
1579 2099
1455 3102
1441 3137
1569 2374
1879 2596
1787 1570
1603 2672
1788 1747
1582 2487
1338 3515
1456 2554
1653 2675
1470 2099
1853 2612
1757 3106
1715 1947
1587 2104
1701 1934
1616 2769
1752 1609
1445 3166
1693 1940
1722 1892
1619 2770
1710 2652
1472 3119
1692 2336
1940 2592
1819 2696
1707 2959
1566 1984
1511 2146
1713 3207
1732 2972
1729 2571
1506 2177
1732 2582
1616 2626
1591 2294
1542 1901
1206 3591
1575 2983
1721 1662
1795 1876
1507 2175
1653 2877
1805 1814
1344 3264
1439 1959
1788 1877
1563 2673
1516 2567
1596 2073
1380 3531
1673 3062
1512 2985
1589 1976
1607 2646
1759 3067
1682 2418
1623 2628
1568 2457
1568 2252
1748 3182
1648 2961
1655 2733
1860 2666
1661 2099
1745 1888
1430 1896
1534 1910
1900 2567
1811 1750
1448 3171
1659 2107
1496 1956
1469 3161
1730 2753
1481 3105
1561 2341
1750 3292
1549 2303
1573 2189
1960 2601
1484 3124
1664 2888
1445 3561
1795 1565
1579 2200
1434 3070
1581 3003
1523 2144
1766 1734
1766 3098
1645 2687
1756 1911
1730 2509
1395 3630
1740 1881
1767 2385
1723 1637
1436 2599
1578 2439
1636 2941
1542 2898
1845 1751
1353 3249
1715 2973
1598 2091
1449 3091
1808 1598
1483 3100
1568 1939
1354 3527
1744 3087
1812 1832
1478 3178
1757 2381
1568 2348
1890 2594
1581 2254
1769 1565
1601 2088
1742 2559
1396 3530
1624 2114
1598 2989
1425 2585
1754 2424
1810 1590
1666 2432
1894 2542
1645 2986
1598 1926
1571 1984
1557 2325
1585 1958
1637 2138
1762 2497
1789 1605
1773 1558
1750 3074
1652 2501
1632 2856
1587 2309
1618 2322
1466 3130
1801 1767
1754 2589
1636 3071
1547 2956
1636 2113
1584 1980
1655 3042
1452 3612
1814 2604
1693 3052
1521 2197
1558 2243
1677 3256
1571 2367
1442 3649
1479 3118
1488 2097
1450 2558
1678 3034
1651 2486
1535 1992
1761 1701
1826 2670
1389 3499
1673 3109
1748 2671
1482 3137
1685 3203
1751 2592
1782 3236
1753 2411
1423 3095
1670 2340
1669 2753
1671 1631
1527 2128
1745 3229
1612 2141
1942 2562
1744 1669
1462 3153
1567 3026
1971 2610
1554 2880
1670 2977
1724 2621
1604 2633
1540 2236
1584 3035
1949 2571
1397 3507
1863 2554
1674 3221
1522 3153
1810 1763
1585 2503
1649 2841
1862 2654
1606 3063
1568 2459
1305 3252
1553 2523
1403 2454
1657 3099
1557 2579
1534 2621
1507 1986
1522 3084
1768 1859
1767 1877
1557 2197
1437 1959
1751 3282
1777 3173
1667 2909
1745 2595
1459 3123
1480 3112
1434 3092
1543 2282
1431 3246
1620 2594
1680 1941
1744 1896
1730 1746
1409 1942
1723 2708
1848 3171
1320 3258
1672 3187
1853 2609
1464 1927
1534 2611
1445 3267
1595 2583
1610 2596
1560 2553
1749 1906
1447 1976
1676 3037
1748 1716
1517 1980
1624 2483
1755 1863
1813 1763
1789 2399
1689 3051
1325 3269
1564 1919
1621 1903
1786 2627
1786 2396
1468 3653
1693 3334
1712 1915
1737 3340
1742 2427
1738 2523
1652 1939
1694 3312
1669 2968
1549 2335
1606 1917
1400 1918
1551 3090
1559 2343
1581 2070
1500 2981
1376 1907
1738 2697
1219 3585
1536 2334
1608 2353
1749 2478
1610 1921
1592 2264
1801 2615
1589 2456
1633 2332
1788 1569
1399 3508
1569 1985
1542 3087
1216 3583
1745 2677
1757 3250
1478 2528
1439 3195
1740 3345
1729 2749
1766 2636
1751 1972
1798 1845
1637 2937
1736 1604
1713 2630
1485 3098
1809 1816
1518 2177
1699 2759
1857 1750
1563 2463
1664 1911
1762 3116
975 3576
1874 2603
1521 2514
1614 2052
1734 3246
1457 3137
1381 3502
1579 2198
1812 1822
1736 1674
1415 1896
1477 3141
1581 2909
1464 1934
1721 2436
1662 2919
1410 3158
1562 2360
1718 2477
1482 3120
1772 1798
1541 1910
1516 3117
1859 2664
1794 1751
1577 3027
1771 3159
1780 2434
1691 2350
1822 2624
1650 2778
1657 2829
1674 3275
1773 3317
1634 2899
1604 2549
1753 2653
1545 1933
1768 2404
1648 2330
1820 2684
1739 2708
1541 2384
1704 1613
1527 2205
1556 2231
1404 3554
1865 2575
1405 1948
1821 3156
1953 2586
1424 2568
1718 1575
1779 3130
1452 1976
1824 2666
1506 2564
1703 3326
1858 2611
1884 2671
1440 2605
1557 2215
1500 2145
1613 2130
1526 3055
1622 2915
1779 1592
1732 1626
1775 2643
1678 3070
1269 3198
1510 1977
1726 1911
1662 2513
1887 3178
1694 3306
1378 3246
1490 3094
1773 2430
1503 1968
1835 2629
1458 3173
1498 2575
1778 1739
1483 2152
1270 3203
1383 3085
1570 2328
1600 2876
1639 2480
1750 1936
1645 3271
1656 3042
1860 2657
1555 3103
1747 1975
1427 3628
1700 2620
1697 2719
1740 2486
1724 3243
1738 2671
1636 2823
1213 3583
1814 1828
1595 2284
1658 2338
1720 2579
1663 2729
1521 2305
1601 2071
1650 2355
1497 2195
1640 3088
1583 1956
1797 1853
1710 3326
1572 2881
1720 3325
1708 2448
1768 1933
1824 1848
1627 2077
1812 1860
1645 2777
1532 3109
1811 2603
1739 2510
1568 2190
1654 2086
1599 2060
1583 1993
1772 1742
1863 2665
1788 1751
1581 2314
1858 1753
1494 3082
1690 2503
1575 2290
1435 3637
1734 1719
1778 1729
1594 1973
1562 2523
1556 2480
1502 3063
1651 2914
1850 3214
1592 2657
1703 2751
1376 3080
1455 3105
1644 2926
1580 2318
1794 1780
1626 2854
1872 2645
1740 2561
1882 2595
1436 3194
1884 3165
1791 1719
1655 3267
1751 2558
1558 3090
1469 2567
1601 2278
1702 3204
1781 3125
1536 2133
1668 2936
1838 2670
1777 1592
1741 3248
1737 2725
1769 3047
1635 2113
1667 2735
1499 2580
1433 3586
1830 2623
1520 2522
1490 3088
1432 3644
1741 1582
1443 3177
1405 3518
1762 3253
1626 2588
1545 2524
1778 1576
1572 2471
1775 1557
1691 2976
1657 3097
1777 2393
1810 3157
1747 3110
1650 2907
1651 2787
1789 3196
1544 2371
1208 3584
1568 2955
1609 2397
1439 3133
1695 3212
1578 3027
1717 2453
1543 1907
1612 2645
1799 1811
1550 2192
1746 1603
1434 2397
1851 1780
1872 2652
1761 3259
1756 2380
1602 2076
1570 2292
1704 1616
1711 1579
1894 3184
1391 2440
1450 3598
1771 1875
1785 1879
1425 3132
1705 1924
1594 2284
1716 3213
1705 2431
1665 2717
1329 3252
1523 3107
1567 3028
1784 3230
1851 2619
1638 3083
1503 3085
1500 3072
1863 2572
1879 2670
1532 3037
1730 2700
1714 2959
1354 3278
1413 1913
1443 3165
1710 1597
1503 3064
1536 2958
1576 2646
1758 3220
1665 2167
1738 2740
1573 2254
1818 3155
1563 2130
1591 2019
1760 1698
1603 2559
1639 2679
1558 2651
1558 3054
1495 2593
1490 3093
1779 1882
1691 2349
1482 1933
1516 2568
1574 3059
1331 3517
1438 3607
1798 1788
1642 2549
1645 2899
1567 2561
1753 1964
1487 3089
1435 3207
1447 3571
1569 2067
1724 1659
1780 2402
1591 2956
1640 2462
1566 2897
1577 2061
1625 2471
1505 2545
1541 2298
1465 2123
1453 3163
1694 2338
1680 2335
1620 2661
1739 3079
1584 1949
1353 3524
1866 2576
1711 1618
1726 2711
1555 2325
1676 3202
1741 3249
1386 3538
1425 1895
1595 1957
1629 2043
1805 2616
1567 2061
1629 2044
1619 2430
1729 2707
1724 1884
1585 2067
1646 2479
1560 3050
1889 2531
1571 2201
1764 1702
1749 3255
1399 3511
1634 2902
1655 3265
1399 1927
1612 2395
1496 2201
1637 2118
1823 1827
1795 3167
1663 3004
1720 3069
1683 2417
1583 2652
1531 2960
1598 1921
1610 2051
1804 3189
1486 2096
1505 2561
1494 2096
1537 1887
1662 3027
1419 1955
1556 3017
1451 1926
1625 2678
1624 2565
1569 3061
1675 2341
1547 3096
1651 1941
1608 2301
1393 3522
1575 2986
1786 1731
1587 2975
1737 2712
1575 2973
1656 2707
1580 2072
1694 2416
1767 2418
1698 1613
1874 3164
1411 2579
1576 2060
1507 2981
1398 3537
1449 3266
1617 2768
1833 2665
1432 2397
1614 2899
1573 2467
1524 3049
1737 1671
1463 3172
1555 2338
1895 3195
1792 1726
1715 2952
1440 3069
1530 3107
1766 1702
1799 3202
1919 3159
1700 2501
1715 2944
1556 2664
1597 1918
1597 2018
1734 2424
1609 2906
1804 2616
1650 2984
1593 2315
1612 2545
1648 2796
629 3501
1589 2099
1560 2575
1947 2583
1503 2534
1735 3096
1501 2592
1373 3080
1531 2632
1789 1880
1541 2371
1564 2008
1303 3260
1683 3064
1851 2610
1781 1870
944 3028
1718 3080
1478 3141
1806 1696
1660 2170
1504 2561
1499 3157
1771 1549
1665 2928
1793 1875
1486 2597
1617 2329
1761 3227
1389 3531
1585 3001
1419 2572
1465 1930
1507 3043
1705 3048
1678 3094
1476 2562
1787 2627
1770 2419
1663 2815
1766 1859
1864 2654
1772 2654
1488 2125
1635 2850
1210 3585
1391 1906
1409 1939
1788 1585
1477 2577
1686 3089
1581 2042
1727 3051
1754 1975
1652 2436
1450 3642
1778 3271
1895 2584
1504 2584
1501 2173
1453 1926
1434 3573
1456 3266
1543 3091
1483 3116
1587 2059
1456 3114
1902 3204
1710 1893
1652 2676
1562 3020
1528 3102
1569 2567
1750 2549
1705 2991
1541 2959
1538 2325
1778 2617
1587 2653
1640 3075
1733 2509
1569 2936
1639 2469
1709 3324
1733 2522
1789 1738
1641 2809
1582 2488
1879 2646
1673 3186
1741 1610
1653 2706
1473 2575
1697 1938
1565 2919
1670 2430
1856 1760
1769 1566
1702 1599
1498 2591
1741 1671
1636 2472
1372 3490
1455 3660
1769 3049
1799 2616
1738 2712
1656 3090
1547 2141
1673 2428
1655 2912
1645 2103
1525 2601
1726 3052
1553 2099
1742 1647
1426 1897
1887 2591
1591 2977
1509 1967
1772 3308
1561 2582
1436 3590
1565 2667
1603 2443
1894 2584
1769 3165
1606 2304
1408 2581
1566 2907
1442 3573
1637 2762
1398 2458
1606 2150
1604 2521
1808 1774
1643 3251
1787 3126
1911 2541
1797 1772
1667 1895
1661 2698
1728 3237
1774 1566
1574 2885
1583 2293
1613 2290
1438 3205
1797 1777
1588 1972
1738 1888
1581 3044
1505 3154
1505 2550
1644 1899
1603 2054
1642 2840
1397 3556
1608 2906
1590 2087
1774 1948
1675 1948
1715 3060
1574 2516
1588 1931
1726 2692
1719 2436
1618 2640
1591 2392
1583 2259
1675 1947
1715 2629
1604 2982
1758 2670
1735 3332
1648 2944
1508 2195
1534 1897
1462 2119
1485 3144
1516 3065
1711 1585
1608 2913
1743 1718
1702 2714
1505 2553
1442 3640
1363 3540
1775 1947
1442 3169
1860 2626
1550 2365
1543 2302
1713 1900
1574 2373
1755 2636
1652 3258
1729 2472
1652 2883
1182 3553
1698 3208
1773 1746
1758 3209
1627 1902
1717 3209
1401 3632
1646 2722
1445 3175
1460 1929
1871 2646
1968 2584
1568 2087
1750 2565
1573 2679
1441 3178
1553 2663
1614 2530
1575 2638
1434 2396
1743 2637
1821 2594
1602 2559
1706 3225
1641 1948
1601 2282
1547 2504
1913 2650
1552 3085
1593 2549
1568 2065
1754 3316
1685 3054
1568 2639
1520 2975
1373 3243
1799 1877
1621 2666
1619 2647
1627 2620
1766 1718
1535 2280
1483 1929
1708 1614
1784 1861
1623 2168
1726 1640
1574 2579
1439 3161
1772 3314
1769 1749
1753 2755
1616 2623
1291 3244
1764 1709
1623 2593
1530 2965
1520 2302
1616 2128
1650 2448
1646 2864
1616 2527
1542 1989
1892 2593
1546 3033
1795 1780
1834 2634
1419 1924
1612 2526
1676 3219
1567 2642
1688 3265
1908 2545
1718 2596
1679 1942
1799 2613
1422 3635
1629 1942
1609 2632
1798 1852
1618 2166
1470 2523
1825 3155
1729 2701
1370 3074
1421 1923
1572 1882
1637 2470
1720 2971
1356 3277
1528 3156
1771 3125
1590 1927
1861 2660
1786 1729
1578 2098
1549 2511
1703 2757
1444 3670
1752 1968
1661 2508
1567 2068
1721 1658
1689 3071
1605 2444
1598 2550
1719 1588
1787 1571
1654 2799
1436 2597
1673 3209
1701 1941
1556 2583
1880 2599
1436 1893
1602 2566
1673 1928
1904 3196
1734 2755
1542 1942
1557 3020
1472 3155
1529 2533
1665 3267
1593 2398
1806 3199
1557 2237
1758 1903
1604 2304
1660 1895
1706 3070
1580 2309
1654 3081
1641 2118
1388 3536
1523 2607
1457 2122
1409 1952
1789 1754
1527 2304
1612 2301
1572 2318
1612 2083
1588 1992
1716 2466
1577 1974
1570 2652
1641 2525
942 3037
1777 3241
1765 1549
1795 1563
1885 3180
1810 1816
1432 3168
1469 1925
1776 1753
1643 2893
1546 3034
1590 2112
1571 2370
1450 3674
1717 2438
1571 2954
1560 2584
1706 2618
1753 3252
1531 2623
1540 2301
1894 2568
1727 1645
1804 1700
1329 3278
1556 2325
1655 3100
1628 2486
1838 2628
1637 2829
1443 2552
1590 2335
1446 3635
1557 2144
1625 2770
1790 2613
1564 2663
1531 2320
1592 2855
1481 1923
1632 1922
1520 2511
1651 2477
1551 1917
1571 2650
1731 2414
1604 2673
1592 2292
1733 1723
1639 3267
1424 3156
1483 2583
1813 3148
1768 2382
1474 2514
1741 1655
1769 2384
1788 1799
1587 2877
1744 2558
1715 2631
1445 3540
1541 2225
1561 2664
1827 2669
1553 2551
1778 1740
1647 2495
1904 2587
1539 1994
1773 2433
1668 2891
1648 2835
1544 3085
1476 2564
1747 3280
1665 2170
1789 1869
1792 1604
1466 3590
1567 3071
1681 1930
1545 2091
1701 2419
1771 2637
1799 1758
1731 1881
1436 3591
1485 3105
1567 1890
1450 3207
1878 2672
1420 1957
1285 3228
1753 1683
1584 2481
1753 1891
1965 2589
1674 2718
1484 3129
1388 1906
1579 2384
1736 2712
1588 2468
1675 1614
1435 3094
1735 1941
1710 3063
1790 1932
1881 2643
1397 3565
1959 2595
1486 3142
1724 1638
1699 1938
1583 2258
1559 1987
1345 3271
1568 3062
1796 2608
1396 3504
1779 1935
1607 2304
1775 2408
1572 3025
1533 2335
1773 2656
1597 2308
1402 3573
1726 1662
1686 1633
1579 3030
1744 2684
1821 1759
1793 2622
1920 3156
1716 2617
1637 2458
1662 2809
1546 1915
1607 2665
1742 2735
1733 2484
1805 3161
1587 2484
1609 2519
1811 1873
1775 1558
1705 3276
1762 3086
1715 2597
1459 3102
1536 2532
1576 2193
1764 1953
1655 3268
1579 2026
1698 3212
1695 2505
1545 2539
1449 3072
1575 2079
1678 3267
1735 1942
1677 3068
1581 2312
1581 2505
1468 3099
1905 2645
1769 2401
1740 1704
1443 3588
1665 2739
1573 2981
1649 2166
1449 1977
1443 3151
1461 2560
1711 1913
1390 3544
1477 3143
1641 1902
1714 3207
1802 3190
1719 1571
1792 3176
1347 3249
684 2836
1607 2903
1683 1633
1527 3137
1397 1933
1525 3134
1597 2908
1624 2644
1714 1923
1719 2595
1632 1902
1789 3218
1575 3046
1580 2883
1651 1894
1578 2510
1417 1933
1570 2952
1682 1905
1883 2554
1653 2434
1594 2532
1652 2695
1746 2749
1625 1904
1892 2557
1759 2492
1770 1937
1708 3228
1729 2942
1575 2982
1853 3166
1528 2908
1663 2491
1499 2574
1666 1910
1598 2913
1736 1586
1521 2196
1772 1899
1678 2411
1650 2922
1571 2918
1454 3529
1699 3284
1662 3053
1538 2006
1378 1905
1719 3209
1548 2102
1444 1936
1478 2100
1440 3637
1609 2446
1883 3164
1786 1600
1614 1907
1513 2108
1682 1955
1687 1623
1558 2538
1713 1658
1615 2119
1875 3160
1884 3198
1782 3186
1409 1954
1729 2966
1651 2906
1792 1588
1449 1975
1746 3109
1628 2673
1218 3584
1816 2597
1542 1928
1674 2897
1664 3190
1606 2082
1880 3191
1727 2677
1519 1985
1589 2513
1747 2737
1563 2670
1573 2644
1726 2518
1452 3546
1858 2626
1499 1950
1598 2171
1746 2477
1898 2535
1620 2440
1686 3263
1389 3494
1216 3582
1634 2853
1811 1786
1757 1682
1950 2576
1758 1602
1543 2005
1816 1597
1706 2747
1788 2395
1462 3082
1554 2101
1561 2900
1897 2585
1736 2668
1437 2402
1593 2464
1626 2621
1798 1749
1392 1909
1777 2402
1880 2598
1795 1842
1654 2704
1594 2087
950 3041
1726 2749
1756 1924
1440 3135
1605 2912
1575 2581
1412 1913
1752 3319
1516 2549
1543 2895
1708 2718
1445 3136
1619 1905
1606 2560
1797 1707
1691 3201
1725 1911
1791 1605
1738 2409
1488 2110
1940 2595
1727 1614
1440 3598
1611 2528
1766 3312
1540 2238
1766 2416
1612 2897
1521 2550
1680 3065
1763 1713
1857 1751
1645 2978
1806 1597
1453 3126
1572 2972
1326 3538
1448 3074
1669 2895
1605 2880
1618 2646
1569 2659
1577 2654
1522 3077
1750 2548
1344 3259
1515 2544
1682 3063
1601 2514
1500 2220
1915 2550
1753 3080
1640 2110
1662 2999
1537 2193
1392 1908
1644 3255
1575 2882
1800 1853
1614 2633
1690 2514
1661 3049
1394 3560
1610 2078
1496 2112
1879 3159
1326 3532
1734 2754
1530 2530
1668 2758
1573 2943
1395 1936
1782 2429
1669 2341
1732 2674
1731 1729
1727 2430
1663 2737
1580 2031
1737 2734
1729 2436
1894 2590
1594 2867
1325 3273
1771 1737
1688 3077
1654 2983
1546 2373
1625 2917
1505 3042
1746 3340
1623 2768
1612 2442
1651 3004
1710 1582
1338 3244
1745 3105
1708 1586
1700 1613
1649 3010
1625 2588
1815 2619
1631 3054
1707 1594
1524 3085
1667 3109
1742 1936
1787 1916
1625 2574
1451 3094
1726 1909
1601 2449
1739 2741
1752 2415
1448 1976
1628 3054
1631 2330
1710 2615
1698 3213
1766 2663
1618 2912
1816 1584
1746 3087
1557 3096
1748 1973
1604 2590
1824 1844
1281 3221
1719 3328
1736 1635
1950 2573
1727 1739
1597 2579
1578 2579
1429 3091
1572 2925
1706 3203
1793 3240
1712 1639
1437 2599
1750 2477
1723 1593
1785 1575
1706 2986
1304 3210
1422 1922
1717 1596
1579 1914
1681 3274
1781 3128
1584 2877
1863 2601
1617 2635
1378 3240
1673 2995
1757 2636
1705 3035
1604 1922
1609 2393
1574 2369
1552 2510
1757 3299
1445 1971
1430 3121
1919 3161
1439 2403
1561 3050
1538 1894
1544 2958
1754 3169
1791 1916
1497 2194
1484 2582
1607 2450
1677 3255
1481 2136
1562 2677
1592 1909
1572 2961
1415 3150
1378 3506
1941 2560
1758 1961
1774 3127
1899 2582
1810 3194
1361 3083
1743 1654
1566 1988
1832 2663
1636 2452
1822 2672
1565 2469
1437 3163
1705 3034
1564 1928
1675 1609
1307 3262
1627 2644
1648 2873
1414 3502
1737 3094
1751 3329
1626 2044
1758 1874
1334 3253
1966 2599
1597 2578
1487 3153
1732 1619
1742 3254
1734 1636
1790 1568
1777 1923
1766 1589
1633 1943
1795 2616
1562 2464
1723 1598
1582 2461
1607 1924
1570 2458
1570 2071
1608 2164
1656 2719
1479 1945
1767 3246
1283 3222
1765 1543
1777 1794
1782 1866
1826 2633
1446 3671
1598 2914
1295 3236
1636 2142
1585 2068
1712 2448
1302 3225
1719 1595
1627 2870
1717 1612
1780 2404
1620 2909
1595 2900
1640 2679
1508 1986
1658 3266
1611 2134
1757 3231
1755 1607
1505 3067
1434 3636
1759 3308
1778 1754
1659 2689
1743 2425
1574 2248
1740 2424
1627 2877
1604 2152
1749 1892
1777 3175
1793 2393
1282 3221
1675 2996
1574 2681
1647 2888
1662 2358
1632 2676
1788 3186
1794 1864
1624 2329
1515 2113
1582 2576
1593 2009
1912 2647
1787 1585
1890 2584
1614 2607
1696 2942
1748 3312
1713 3200
1449 1974
1575 2423
1687 3097
1772 1563
1623 2137
1468 3167
1603 2052
1581 2572
1401 1931
1796 1586
1443 3174
1755 2631
1641 2485
1751 3281
1573 2897
1651 2767
1731 2597
1669 1897
1732 2605
1651 2694
1578 1946
1893 2659
1474 3169
1776 2392
1583 2655
1556 2115
1522 2526
1447 1920
1578 2480
1529 2206
1758 1870
1789 1742
1690 3286
1718 2461
1692 2973
1588 1930
1843 2629
1763 3238
1733 1672
1709 2629
1776 3147
1628 3057
1738 2968
1709 3051
1772 1797
1644 2488
1593 3074
1538 2230
1712 1968
1411 1904
1656 2883
1599 2071
1800 3212
1611 2313
1945 2589
1663 2503
1531 2616
1450 3177
1547 2322
1630 2050
1676 3096
1379 1938
1765 2661
1696 2335
1621 2770
1552 2082
1639 2887
1714 1908
1700 1618
1904 2586
1571 2897
1430 3139
1796 1800
1743 2559
1439 3088
1620 2820
1500 3052
1283 3208
1571 2974
1385 3543
1409 2569
1528 2966
1582 1905
1726 2747
1662 3113
1517 2570
1607 2593
1480 3093
1711 3050
1584 2025
1798 1817
1798 1875
1596 2256
1869 2571
1525 2315
1714 3052
1592 2014
1563 2663
1439 3645
1504 3087
1638 2976
1617 2171
1667 2913
1558 2877
1834 2626
1573 2451
1486 2144
1711 3033
1641 2685
1749 1939
1621 2771
1586 2915
1768 1590
1666 2169
1588 2497
1470 3083
1737 2697
1595 2650
1577 2278
1606 2492
1426 2584
1722 1637
1671 3038
1734 1943
1735 3328
1918 2552
1439 3261
1521 2532
1755 3320
1737 2415
1883 2645
1816 1747
1597 2448
1849 1759
1677 3275
1597 2256
1782 1571
1712 2658
1613 2634
1687 3277
1763 1718
1448 3542
1442 3637
1734 1715
1763 2670
1669 2937
1586 2573
1418 2592
1700 3209
938 3029
1347 3079
1542 1987
1449 1914
1592 2251
1461 3595
1633 2748
1619 2902
1658 2358
941 3035
1430 3089
1586 1990
1713 3058
1639 2465
1773 1559
1699 2713
1676 2336
1556 2245
1791 3140
1607 2515
1584 3036
1775 1730
1555 2529
1702 2415
1600 2978
1749 1900
1438 3068
1633 2462
1647 2107
1662 2713
1599 2900
1592 2257
1806 3160
1573 2459
1422 2587
1678 2336
1779 3320
1814 2596
1667 2810
1598 2572
1607 2107
1573 2454
1765 1706
1675 3198
1605 2307
1769 2636
1767 1900
1602 3077
1526 1989
1704 2764
1676 3221
1687 2334
1788 3198
1428 2409
1485 3103
1616 2918
1822 2665
1681 2948
1494 1955
1686 3065
1465 3155
1896 2659
1554 3014
1568 2964
1861 2561
1673 3266
1787 1935
1771 1879
1763 1603
1555 2918
1787 1589
1666 1894
1524 2011
1606 1924
1739 3348
1509 1968
1775 1556
1735 1578
1586 3060
1579 2305
1737 2968
1764 1714
1584 2959
1570 2335
1485 2161
1620 3065
1654 2831
1792 1825
1403 3509
1758 2429
1767 1608
1750 3313
1660 2106
1589 1943
1856 2617
1759 3113
1960 2606
1783 2621
1780 1877
1647 2906
1557 2667
1665 2905
1566 1914
1730 2525
1970 2601
1829 1845
1662 2810
1446 3209
1752 2480
1683 3044
1487 1940
1661 1904
1630 2451
1416 3161
1653 2962
1732 2600
1739 1878
1444 3264
1480 2528
1752 1888
1671 3062
1802 1808
1567 2586
1390 1914
1568 3026
1583 1911
1631 2857
1368 3509
1794 1708
1644 2973
1569 2062
1561 1985
1861 2622
1809 1692
1447 3267
1593 2055
1446 3268
1394 1935
1526 2016
1662 3029
1817 1858
1335 3513
1783 1858
1434 3637
1583 2999
1605 2658
1660 2728
1837 1767
1650 2987
1536 2288
1658 1899
1482 1925
1677 3267
1854 1770
1408 2573
1541 2536
1632 2334
1781 3315
1739 3254
1824 2667
1709 3195
1844 3160
1613 2343
1780 1593
1550 2551
1667 3195
1553 2239
1450 3214
1578 2316
1774 2656
1433 3626
1450 3167
1790 1853
1744 2680
1587 2938
1862 2642
1494 1951
1485 3121
1749 1888
1634 2753
1476 2596
1596 2169
1348 3548
1666 2518
1495 2162
1456 2544
1717 2948
1727 1907
1329 3522
1894 3190
1809 1811
1610 2108
1714 2951
1515 3063
1648 3086
1719 3236
1541 2236
1288 3213
1488 2163
1666 2737
1611 2625
1607 2581
1786 2436
1574 2434
1425 3553
1575 2194
1561 2917
1499 2589
1704 3224
1793 1603
1519 2305
1645 2458
1345 3276
1646 2332
1507 2554
1683 2416
1340 3268
1698 3309
1570 2473
1630 2042
1374 3542
1477 1960
1616 2671
1635 2331
1711 1572
1702 3201
1441 3192
1720 2619
1352 3088
1882 2536
1659 3270
1687 2709
1571 2067
1808 1697
1490 3154
1852 2631
1545 2304
1610 2546
1595 2017
1632 2905
1662 3092
1422 1963
1769 1902
1711 2632
1606 2903
1694 3209
1667 1902
1632 2851
1365 3077
1669 1625
1420 3496
1608 2260
1668 3048
1582 1944
1316 3272
1285 3207
1819 2599
1789 1871
1434 3090
1411 2580
1875 2650
1451 3207
1426 3626
1714 2443
1491 2592
1468 1933
1966 2588
1756 1607
1748 3340
1607 2518
1788 1754
1733 1728
1531 3095
1491 2159
1772 1952
1683 3082
1554 2514
1660 2799
1595 2862
1688 3279
1634 2904
1638 2527
1576 1884
1690 2948
1400 3568
943 3031
1591 1974
1683 3053
1590 2454
1837 2635
1571 2318
1604 2915
1728 3084
1796 1794
1709 2636
1808 1599
1917 3163
1738 3076
1793 3312
1661 2342
1437 2396
1447 1918
1766 2411
1847 1768
1455 3121
1765 1727
1672 2342
1587 2999
1600 2878
1450 3080
1638 2819
1705 1654
1644 2764
1640 2334
1463 3099
1713 2440
1900 3199
1778 3160
1606 2283
1761 3315
1462 2533
1772 1903
1607 2647
1793 3214
1730 1616
1653 2981
1664 1940
1767 3068
1589 2876
1463 3078
1825 1762
1742 1902
1792 2389
1463 3101
1764 1735
1671 3206
1581 3001
1785 3184
1675 1928
1621 2821
1265 3194
1446 3108
1623 2479
1803 1863
1344 3245
1724 2945
1675 3045
1853 1782
1618 2648
1747 3066
1477 1948
1666 3271
1516 2194
1594 1948
1591 2473
1335 3511
1818 1752
1717 2463
1716 2437
1627 2902
1772 1566
1807 2613
1630 2057
1780 1914
1573 2248
1737 3329
1539 2963
1487 3136
1701 2424
1507 1965
1759 1600
1545 2092
1524 3086
1740 1660
1910 2534
1885 3165
1801 1773
1610 2129
1587 1925
1568 2461
1625 3054
1581 3019
1597 2062
1764 3114
1796 1856
1517 2304
1581 2485
1574 2915
1602 2051
1474 2151
1661 3045
1749 3341
1625 2432
1617 2332
1763 3259
1478 3179
1511 2512
1502 2559
1710 1638
1651 1897
1629 1907
1438 1963
1597 2904
1617 2056
1900 2636
1695 2501
1787 1559
1546 2197
1790 3316
1530 2312
1475 3145
1623 2640
1389 1934
1444 3653
1616 2170
1540 2294
1789 2395
1821 3165
1473 3648
1609 2138
1753 3114
1390 1903
1662 1930
1926 3181
1548 1914
1701 3274
1774 3128
1792 3143
1806 1874
1565 2522
1553 2232
1710 1657
1611 2906
1939 2561
1472 2106
1745 1650
1716 1570
1923 3173
1607 2078
1795 1751
1480 3092
1388 3534
1777 2616
1627 2139
1622 2475
1553 2886
1325 3532
1536 1990
1942 2554
1596 2166
1724 1909
1737 1637
1621 2908
1728 2509
1593 2016
1660 3109
1403 2453
1565 2474
1785 2654
1664 2802
1766 3165
1702 2748
1752 2479
1772 3125
1780 1908
1549 2218
1762 1700
1618 1904
1633 2761
1684 2978
1505 1967
1663 2508
1832 1836
1746 3328
1545 2306
1807 2597
1338 3267
1566 2205
1765 3245
1874 2672
1538 2901
1337 3508
1644 2865
1646 2905
1585 1990
1687 2502
1581 3050
1554 1883
1582 1914
1621 1905
1563 1888
1434 3169
1666 2805
1701 2330
1594 2476
1631 2339
1638 2932
1659 1936
1513 2141
1398 1926
1744 3249
1737 1724
1729 1880
1479 3157
1730 2430
1885 3179
1462 2538
1593 2275
1338 3503
1823 1852
1595 1958
1482 3122
1624 2821
1840 2674
1731 2586
1531 2909
1708 1893
1539 1918
1665 3092
1659 3096
1773 3278
1539 2298
1660 3267
1468 1930
1459 3151
1775 3134
1764 2666
1650 2711
1712 3052
1333 3520
1831 1825
1694 3076
1654 3258
1655 3184
1526 3102
1392 1907
1871 3169
1790 3240
1700 1945
1731 1883
1473 2110
1338 3260
1853 2556
1605 2531
1512 2544
1594 2916
1499 1960
1486 2132
1744 3333
1580 2118
1722 1889
1533 2331
1564 1933
1785 3228
1715 1639
1565 2902
1530 2619
1587 2100
1854 2619
1501 2198
1725 2519
1706 2758
1739 1645
1623 2619
1467 3086
1419 3496
1693 1600
1641 2841
1643 2683
1613 2139
1712 2640
1507 2980
1777 2394
1515 3073
1730 1634
1738 1671
1795 1781
1430 3137
1497 3083
1759 3099
1539 2297
1669 3039
1337 3256
1432 3089
1668 2500
1643 2111
1649 2357
1582 1975
948 3029
1530 2309
1445 3074
1602 3075
1654 2090
1598 2018
1284 3226
1726 3324
1895 2538
1492 2146
1953 2553
1612 2768
1506 2563
1593 2508
1557 2005
1784 1758
1638 2476
1351 3535
1608 2582
1820 1760
1758 2495
1481 3149
1407 2569
1712 2437
1334 3520
1727 2518
1552 2871
1674 3065
1581 2075
1426 1938
1650 2868
1477 2509
1627 2076
1775 1877
1666 2812
1567 1981
1898 2586
1411 3158
1654 2785
1653 3081
1736 1584
1365 3540
1869 2644
1734 2973
1585 2912
1513 2544
1534 2217
1507 2982
1362 3071
1482 2127
1480 3120
1711 1599
1874 3188
1391 3076
1644 2892
1476 3122
1430 3164
1435 2599
1759 1684
1627 1900
1778 1925
1764 2635
1443 3160
1584 1923
1707 3202
1717 2450
1636 3088
1779 2632
1905 3198
1828 2669
1631 1924
1674 2419
1891 2578
1586 2876
1448 3597
1393 3519
1511 3061
1512 3057
1550 2191
1702 3032
1734 2480
1626 1900
1777 3148
1558 2234
1550 1940
1289 3212
1784 3231
1771 1722
1706 3289
1785 3239
1493 3054
1479 3097
1607 1882
1753 1706
1672 3212
1708 1944
1626 2770
1752 3325
1603 2530
1699 3230
1697 1943
1973 2591
1708 1891
1433 3071
1723 2615
1890 2527
1573 2457
1894 2538
1429 3069
1530 2904
1501 3156
1946 2581
1670 2929
1734 1729
1568 2517
1599 2068
1552 2879
1673 3088
1403 1946
1575 2670
1615 2102
1583 2306
1755 2627
1779 1736
1676 2990
1655 2817
1578 2061
1730 2515
1593 2472
1521 2526
1675 1619
1615 2296
1683 2891
1561 1988
1556 2151
1567 3058
1770 3159
1619 2470
1525 2025
1580 1893
1647 2820
1421 3161
1646 2106
1528 2318
1392 3072
1469 2099
1920 3168
1332 3256
1773 1732
1872 2646
1392 3545
1680 2412
1658 3089
1389 3532
1779 1871
1593 2392
1599 2501
1338 3242
1833 2628
1566 2670
1784 3197
1505 2554
1423 3627
1744 1663
1764 1734
1502 2189
1584 2030
1776 1944
1793 1865
1737 1723
1723 2469
1703 3039
1451 3596
1624 2472
1661 3186
1577 2582
1302 3216
1613 2327
1852 2604
1470 3098
1585 2858
1724 2596
1727 3237
1600 2654
1775 1598
1575 2285
1788 2396
1415 1954
1863 3162
1561 1990
1660 1934
1665 2702
1511 2107
1686 2413
1344 3246
1669 2977
1742 1890
1859 2625
1497 2139
1789 1600
1825 3149
1638 2332
1694 2418
1892 2644
1584 2969
1491 3143
1684 2886
1575 2368
1405 3513
1835 1763
1578 2411
1477 2599
1528 2979
1579 1897
1736 1894
1805 1748
1581 2409
1680 3208
1689 3087
1433 2400
1543 2001
1638 3266
1942 2594
1739 1668
1297 3246
1758 3052
1567 2288
1734 2482
1681 1948
1878 3169
1769 1752
1748 1577
1823 1756
1669 2930
1659 2755
1533 2200
1729 3085
1871 3167
1711 2955
1713 1949
1663 1614
1700 3335
1597 2016
1647 2785
1720 2968
1586 1938
1765 1898
1609 2570
1590 2460
1872 2649
1594 2271
1753 3111
1671 2752
1741 3347
1684 3251
1592 2470
1732 1888
1715 2643
1518 2310
1694 3283
1571 2935
1729 1885
1806 2613
1833 2629
1593 2971
1682 2947
1737 1608
1414 3618
1625 2636
1491 2116
1762 3238
1694 1942
1646 2481
1693 2973
1529 3137
1569 2893
1741 2429
1460 3270
1504 2167
1559 2231
1436 2595
1597 2084
1812 1749
1705 2981
1437 3098
1680 1926
1695 3312
1811 1689
1593 2509
1787 3230
1498 2208
1890 3191
1790 2387
1419 3088
1454 3530
1628 2435
1716 3059
1737 3225
1531 2908
1382 3549
1478 2153
1619 2924
1554 2218
1735 2698
1685 2884
1505 1965
1558 2579
1521 2520
1589 1955
1594 2389
1700 2421
1766 1897
1748 2749
1819 2682
1698 3074
1647 2979
1832 1766
1484 3639
1610 3074
1552 2509
1297 3215
1758 2411
1747 3325
1885 3189
1610 2509
1732 1705
1549 2195
1521 2205
1291 3224
1521 3081
1527 3091
1573 2284
1505 2546
1566 2461
1667 2719
1651 2816
1660 1922
1786 3124
1350 3536
1717 1589
1492 2145
1735 2944
1520 3083
1706 3222
1635 2524
1737 2744
1504 1977
1536 2135
1716 1935
1460 3134
1814 1875
1687 2714
1404 1924
1733 1606
1425 3509
1680 2986
1882 2652
1696 2975
1598 2873
1756 3207
1660 2725
1875 2671
1719 1614
1584 1956
1575 2631
1729 2523
1618 2620
1758 3104
1893 2539
1730 2581
1736 2420
1604 3068
1401 3084
1535 2899
1557 2355
1470 2114
1438 3638
1704 1911
1328 3283
1530 2910
1624 2641
1443 3596
1539 2964
1783 1752
1766 3086
1691 3090
1587 2937
1976 2585
1557 2338
1574 2318
1518 3121
1761 3052
1399 1926
1431 3106
1723 1588
1688 3089
1650 2454
1459 3138
1698 3335
1612 2147
1902 2556
1713 2748
1614 2317
1566 2521
1690 2716
1556 2132
1725 1638
1916 3163
1596 2120
1542 2240
1891 3198
1582 2304
1668 3192
1471 2568
1702 3292
1856 1758
1736 2413
1897 2530
1596 2055
1708 2755
1470 3159
1507 2558
1524 2875
1859 2559
1410 3491
1635 2457
1645 1909
1422 3092
1695 3088
1370 3532
1521 2304
1683 3269
1674 3079
1523 3099
1543 2210
1873 2652
1898 2533
1754 3328
1696 1936
1647 2678
1759 3312
1680 3202
1542 1935
1467 3173
1482 3086
1602 2089
1553 2554
1576 2675
1466 1940
1519 2149
1807 1751
1375 1934
1876 2605
1491 2135
1853 1764
1799 1692
1735 2966
1760 3261
1714 3054
1444 1928
1742 3174
1685 3099
1436 3129
1627 2440
1572 2916
1754 1927
1737 1610
1624 2897
1858 2612
1607 3072
1581 2574
1438 3182
1887 2563
1591 2262
1440 3166
1854 2606
1662 3271
1690 3233
1730 1711
1486 3600
1810 1599
1887 2544
1462 2133
1462 2531
1861 3200
1711 3051
1664 2691
1614 2549
1669 1919
1600 1950
1621 2893
1643 2965
1490 2121
1766 3313
1613 2589
1462 2534
1620 2171
1609 2346
1759 1915
1822 1828
1579 2684
1767 1747
1663 2103
1328 3527
1741 1611
1431 2574
1595 2247
1759 1894
1766 3123
1398 3635
1917 3152
1775 2433
1648 2490
1667 3009
1564 1932
1467 2553
1716 3056
1604 2308
1779 1556
1591 2647
1575 2626
1864 2642
1713 1963
1649 2687
1532 2206
1491 2125
1610 2660
1540 2612
1554 2876
1760 2661
1768 2375
1678 2981
1891 3166
1801 1594
1437 3066
1745 2671
1667 2933
1765 1869
1482 3173
1639 2466
1716 3050
1741 2425
1638 3088
1508 2165
1767 3093
1818 2689
1791 1587
1594 2660
1513 2194
1729 2440
1790 1806
1777 2438
1679 3093
1781 2619
1708 3200
1442 3070
1594 2076
1482 2125
1475 3177
1347 3250
1670 3049
1608 2517
1593 2010
1765 1538
1776 3273
1528 2533
1388 3494
1749 1607
1697 3191
1529 2907
1424 3069
1613 2124
1645 1928
1382 3631
1274 3205
1737 1745
1577 2255
1646 3255
1483 2165
1479 1932
1713 2606
1485 2162
1549 2523
1743 2751
1800 2616
1378 3548
1782 1741
1561 1996
1792 1936
1327 3283
1889 3178
1532 2194
1612 2443
1575 1991
1760 1957
1523 2008
1543 1905
1583 3016
1553 2889
1476 2568
1759 2488
1737 3330
1777 1742
1966 2601
1808 3198
1675 2425
1487 1956
1716 1937
1735 2707
1597 2497
1383 1908
1544 2198
945 3646
1546 2090
1631 2045
1806 1745
1845 3172
1548 2081
1527 1998
1587 2970
1616 2327
1611 2294
1512 2994
1781 2638
1667 3088
1543 1902
1685 3089
1526 2128
1781 1938
1405 3084
1776 3124
1427 3629
1544 2117
1495 3054
1716 3065
1683 3050
1797 1781
1909 3167
1471 2569
1750 3073
1847 2661
1876 3200
1758 2407
1494 2220
1750 1669
1304 3252
1332 3510
1608 2284
1608 2345
1696 2504
1597 2902
1826 1584
1654 2706
1611 2423
1581 2100
1653 1939
1623 2083
1593 2548
1565 3057
1536 2298
1584 3001
1597 1916
1607 2051
1752 3179
1736 2478
1964 2602
1575 2907
1917 2552
1431 1951
1547 2330
1571 2014
1370 3249
1633 3095
1508 2527
1867 3166
1558 2097
1761 1727
1635 2528
1688 2514
1741 3174
1591 2878
1443 3161
1468 2511
1763 2558
1532 2906
1416 3496
1433 3552
1594 2117
1776 1557
1561 2005
1424 1897
1742 2718
1974 2604
1704 3032
1496 2194
1841 1771
1524 2971
1548 2101
1660 2978
1444 3601
1449 3574
1701 3329
1680 1942
682 2834
1518 2597
1601 2565
1785 1558
1739 1877
1792 2616
1511 2566
1544 2537
1817 1754
1759 2379
1458 3268
1454 1918
1633 2932
1641 2336
1739 2523
1779 1932
1681 1916
1443 3166
1409 3093
1555 2329
1518 2984
1781 2632
1526 2302
1891 2596
1576 2431
1789 3198
1728 2590
1558 2339
1296 3234
1568 2247
1784 1583
1727 1605
1546 2558
1523 3047
1741 3334
1756 2563
1577 2504
1743 1610
1750 3216
1610 2586
1580 2953
1536 2196
1415 3501
1855 1756
1527 2600
1706 2991
1654 2429
1356 3077
1888 2654
1670 2513
1570 3061
1666 3109
1703 2622
1466 2568
1612 2125
1570 2079
1518 2532
1761 3327
1749 1706
1720 1892
1778 1563
1815 1823
1570 2474
1702 1915
1437 2561
1730 2965
1649 2766
1515 2143
1827 1584
1758 3214
1559 2244
1723 1894
1769 1870
1379 3081
1446 3107
1742 3346
1659 3097
1862 2600
941 3030
1585 1959
1740 1938
1603 2900
1855 3209
1645 2143
1568 2246
1428 3156
1469 1932
1746 3255
1513 2551
1598 2875
1741 1637
1743 3243
1768 2669
1713 2437
1489 2139
1441 3166
1485 1934
1565 2906
1448 3635
1466 2570
1443 1937
1383 3084
1479 1953
1581 3021
1529 2610
1472 2119
1741 2432
1647 3270
1699 3072
1710 3196
1334 3270
1600 2875
1542 2293
1744 1700
1887 3176
1886 2649
1864 2603
1766 1752
1448 1968
1492 2591
1362 3507
1594 2871
1736 2497
1588 1977
1329 3251
1205 3589
1447 3213
1528 2307
1574 2631
1465 3273
1470 3101
1430 3072
1576 2080
1855 2643
1652 2716
1969 2608
1781 1756
1722 2468
1606 2584
1548 2891
1767 3259
1542 2093
1812 1750
1890 3166
1593 2289
1850 1764
1663 1608
1661 1613
1671 2518
1788 1589
1821 2674
1580 1900
1582 3021
1697 3076
1402 1937
1568 2666
1710 1903
1592 3073
1584 2970
1687 3274
1575 2468
1556 2453
1710 1945
1521 2599
1765 3116
1574 2198
1586 1972
1750 3249
1530 2331
1908 2643
1770 2665
1744 1703
1757 1892
1661 3274
1603 2515
1584 2955
1674 1928
1858 3208
1816 2618
1743 3328
1475 2104
1673 3219
1665 2490
1683 3258
1377 3502
1734 1587
1680 1950
1584 2998
1797 1848
1407 2573
1697 2973
1451 3175
1673 2934
1744 3316
1728 2753
1610 2539
1682 1906
1636 2936
1487 2131
1621 2453
1720 2620
1912 2551
1762 3064
1807 1691
1578 2970
1805 1879
1368 3498
1829 2670
1776 2646
1536 1888
1714 2641
1515 3072
1583 2412
1489 2125
1672 2426
1434 3634
1522 2610
1358 3528
1296 3220
1801 3169
1334 3273
1662 3099
1484 3130
1484 2126
1712 3064
1458 3130
1404 3092
1762 1729
1298 3218
1524 3103
1530 2964
1488 2144
1593 2075
1633 2855
1588 2973
1761 1885
1683 2946
1719 3200
1521 2533
1594 1990
1732 3354
1722 1575
1434 1893
1452 3168
1672 3112
1728 2511
1740 2724
1793 3315
1730 2684
1698 3317
1554 2092
1655 2329
1800 1806
1655 2090
1595 2500
1865 3214
1579 1890
1348 3542
1778 1753
1812 3152
1550 2085
1668 2935
1814 1857
1787 1877
1468 3173
1466 3591
1565 2361
1482 1930
1433 2604
1522 3108
1797 1804
1506 2179
1680 2941
1440 3186
1807 3157
1631 2329
1501 2199
1426 1936
1533 2005
1806 1691
1595 2480
1629 2679
1747 2675
1732 1728
1584 1947
1556 2559
1674 3038
1592 1952
1441 3552
1623 2084
1559 2582
1545 1901
1280 3205
1743 1699
1719 1589
1484 3087
1646 2686
1592 2866
1601 2121
1955 2548
1790 3165
1784 3143
1572 2526
1726 1887
1769 1757
1610 2070
1790 3236
1583 2314
1597 2498
1645 3005
1634 2524
1897 2526
1785 1582
1615 2659
1494 3156
1721 2467
1585 1923
1713 1924
1536 2876
1702 3281
1972 2592
1626 2767
1550 2324
1595 2503
1618 2770
1729 1578
1442 3568
1505 3060
1665 1929
1705 2950
1489 2127
1486 3093
1431 2400
1592 2077
1621 2425
1702 1655
1596 2071
1769 3319
1425 2581
1763 3323
1611 1880
1604 2444
1636 2477
1716 2714
1700 1616
1708 3048
1549 2302
1948 2583
1597 2546
1670 2167
1575 2080
1431 3258
1466 3595
1478 1932
1702 3310
1553 2094
1689 2948
1353 3275
1574 1888
1795 1809
1581 3036
1764 3304
1615 2322
1497 3139
1567 3055
1545 2339
1520 3051
1666 2170
1641 2120
1571 2068
1490 2119
1501 3055
1556 2874
1766 1750
1369 3080
1525 3103
1745 2596
1510 2101
940 3030
1798 1757
1475 3104
1787 1573
1780 1588
1784 1734
947 3035
1565 2963
1615 2083
1693 3285
1615 2627
1281 3220
1485 1931
1465 1928
1507 2531
1665 2339
1467 2568
1559 2581
1845 3160
1624 2469
1648 2865
1766 3045
1751 1608
1672 2518
1772 2421
1513 3076
1458 3155
1335 3510
1803 1812
1790 2614
1613 2770
1438 3564
1789 1565
1504 3082
1731 2478
1709 1587
1449 2558
1566 2905
1462 3150
1392 1897
1652 2675
1919 3178
1606 2768
1725 3076
1733 2743
1547 2207
1437 3093
1585 2855
1396 3545
1483 2147
1674 2524
1664 2492
1682 2981
1653 2433
1869 2612
1845 2668
1906 3159
1734 1892
1780 1870
1911 2652
1590 2909
1517 3126
1695 1610
1443 1922
1875 2674
1595 2275
1622 2116
1623 2148
1597 1987
1744 3227
1764 2382
1671 2895
1703 2988
1691 3287
1534 2897
1587 2502
1619 2453
1558 2554
1604 2631
1562 3049
1396 3531
1628 2529
1598 2291
1603 2516
1737 3255
1773 2422
1595 1952
1725 3077
1425 2595
1522 2879
1627 2900
1731 3088
1632 2564
1520 2140
1609 2662
1754 1685
1754 3181
1504 2538
1632 2526
1614 2903
1400 1893
1583 2108
1590 2251
1488 2584
1573 2924
1566 2255
1681 1904
1556 2872
1408 3094
1576 2064
1573 3070
1895 2573
1359 3535
1681 1927
1735 2509
1449 3267
1328 3284
1501 2578
1455 2115
1602 2061
1731 1578
1623 2818
1670 2944
1710 1901
1776 1591
1896 2573
1731 2673
1637 2761
1558 2589
1692 3307
1746 2561
1520 2528
1588 2870
1778 2390
1674 3094
1578 2412
1597 2577
1489 2136
1544 1927
1648 2720
1273 3200
1648 2771
1344 3086
1373 3547
1536 2200
1580 3013
1578 1947
1693 2416
1723 3075
1716 2618
1400 3085
1623 2893
1540 2223
1712 2623
1756 1753
1470 2550
1427 1899
1739 3249
1815 3156
1775 2658
1716 3202
1826 2627
1434 2599
1787 1850
1539 1919
1568 2455
1637 3074
1753 2420
1772 1557
1657 2759
1676 2980
1566 2134
1684 3253
1646 2841
1797 1787
1632 2527
1351 3546
1858 2559
1515 2003
1843 1778
1680 1938
1487 3149
1678 1604
1583 1986
1615 2162
1560 2577
1564 2350
1528 2124
1549 2083
1474 1919
1603 1913
1878 3188
1557 2578
1386 3631
1595 2169
1614 2611
1442 3191
1614 2331
1573 2934
1585 2394
1825 2634
1569 2012
1603 2075
1677 3064
1656 2701
1499 3054
1589 2485
1787 3221
1641 2861
1643 2937
1783 3139
1528 3086
1589 2315
1537 2283
1436 3161
1765 2426
1438 1957
1670 2715
1466 2555
1758 1606
1753 1693
1423 2577
1807 3202
1729 2945
1476 3131
1638 2824
1640 2971
1756 2651
1409 3523
1740 2492
1712 1946
1653 2684
1545 2198
1585 1955
1516 2193
1862 1750
1818 1748
1407 3090
1863 2622
1652 2946
1598 3072
1673 3194
1442 3572
1378 3233
1946 2566
1361 3072
1577 2960
1745 1597
1605 2144
1958 2592
1443 3647
1797 1818
1579 2283
1543 2294
1441 3185
1900 3196
1710 2440
1809 1686
1767 2387
1495 2204
1555 1998
1896 3202
1623 2585
1770 1599
1644 2794
1592 2293
1519 2974
1553 2887
1815 1741
1552 2885
1427 2584
1740 2408
1564 2896
1851 3162
1650 2443
1772 2396
1416 1919
1559 2216
1506 3150
1730 2574
1609 2400
1586 2313
1447 3170
1777 1608
1649 2902
1729 2965
1606 2016
1704 2431
1524 3056
1702 3285
1739 2713
1574 2891
1733 2601
1691 3071
1567 3051
1712 2657
1446 3109
1883 2654
1523 3126
1533 2627
1333 3249
1557 2319
1485 3119
1731 2968
1661 3052
1654 2977
1653 2785
1587 2974
1626 2470
1769 3268
1524 2599
1739 2699
1661 2353
1667 3116
1410 1964
688 2836
1434 3606
1444 3553
1464 3657
1551 1915
1790 2627
1478 2575
1897 2659
1860 2661
1609 2050
1523 3090
1489 2164
1656 1926
1388 1911
1765 3257
1773 3231
1595 2071
1498 2990
1668 2939
1665 1915
1373 3531
1527 1984
1873 2660
1460 2527
1708 3282
1899 2579
1520 2311
1648 2760
1382 1906
1643 2135
1663 2738
1593 1967
1745 1878
1640 2454
1771 1900
1764 3316
1735 2756
1519 2514
1934 2562
1596 2559
1566 2363
1475 3106
1745 3171
1596 1881
1608 2538
1599 2055
1743 2601
1354 3532
1714 3032
1743 2556
1571 2980
1941 2562
1584 3013
1917 2593
1514 2142
1388 2443
1589 2875
1759 2383
1350 3275
1550 2319
1615 2443
1647 1957
1508 2975
1517 3059
1659 2803
1506 3147
1584 2520
1674 1903
1661 2344
1855 3161
1719 1662
1592 2019
1631 1907
1705 3278
1855 3167
1546 2332
1781 1939
1326 3531
1746 1681
1953 2579
1685 3077
1861 2656
1619 2907
1602 2281
1817 2688
1428 3107
1587 2876
1443 3205
1645 3253
1560 2649
1477 2100
1654 2909
1729 2753
1766 1751
1738 3257
1399 3552
1551 2358
1786 1558
1504 2219
1642 2954
1545 3085
1592 2556
1711 2650
1741 3224
1466 3156
1625 2480
1566 2361
1883 2565
1483 1925
1577 2503
1694 3073
1380 3533
1845 2673
1846 2661
1738 3345
1762 3049
1436 3104
1462 2524
1779 2392
1786 3164
1575 2196
1794 1716
1700 1593
1858 2658
1398 2454
1753 3254
1454 2112
1659 2098
1530 2626
1614 1910
1520 3113
1734 1882
1550 2206
1759 3265
1753 1606
1729 2581
1550 2290
1666 1915
1530 3104
1837 2672
1546 2081
1736 1583
1662 2103
1356 3291
1744 2432
1736 1627
1580 3055
1478 3092
1571 2567
1790 3215
1397 2456
1775 1921
1615 2634
1602 2647
1631 1908
1726 2436
1715 3206
1706 2956
1556 2574
1786 1563
1550 2320
1949 2591
1487 3100
1666 2430
1461 2564
1437 3087
1816 2680
1580 2409
1643 1927
1917 3164
1560 1986
1780 1883
1566 1938
1772 2432
1718 1637
1737 1634
1721 1892
1487 2598
1743 2562
1422 3088
1503 3075
1624 2432
1552 2193
1774 3050
1614 2585
1795 3118
1744 1711
1642 2121
1592 1969
1750 1974
1752 3322
1715 1594
1634 2529
1657 2704
1405 1898
1735 1603
1443 3170
1450 3148
1741 2748
1889 3190
1514 3144
1571 2524
1565 2554
1671 2944
1551 2920
1426 3116
1533 2535
1541 2369
1368 3489
1563 2570
1445 2542
1886 3177
1745 1666
1661 3047
1630 1924
1514 2977
1434 3105
1565 2668
1544 2228
1575 2017
1461 3596
1751 1935
1788 2610
1367 3507
1524 2144
1649 2844
1480 3644
1385 3498
1616 2664
1576 2089
1660 2488
1470 2102
1643 2947
1323 3277
1757 3214
1516 2508
1560 2655
1587 2498
1766 2379
1755 1924
1762 1889
1635 2679
1713 2645
1427 1895
1794 1728
1532 2875
1592 2170
1731 3235
1435 2565
1730 1617
1590 2645
1454 3668
1696 3082
1755 1749
1421 1925
1398 1899
1507 2977
1832 3152
1567 1986
1630 1915
1448 3673
1405 3558
1488 1955
1762 1888
1410 1900
1614 2650
1505 2975
1854 3161
1492 1948
1732 1638
1799 1828
1772 1549
1746 3068
1634 2138
1449 3674
1751 2483
1480 3637
1603 2656
1301 3249
1591 2054
1574 2096
1710 3234
1799 3188
1897 2524
1568 2343
1729 3087
1644 2964
1805 1593
1755 2386
1650 2892
1850 3216
1528 3087
1689 2516
1777 3151
1657 2726
1420 1936
1776 1881
1744 1670
1915 3153
1571 2988
1746 2740
1763 2629
1610 2587
1653 2707
1675 2997
1791 2619
1743 1901
1822 2599
1972 2595
1696 1940
1853 2640
1889 2535
1506 3061
1613 2658
1772 1748
1780 1936
1570 1984
1918 3157
1908 2588
1501 3155
1624 2621
1757 3313
1849 1768
1533 2620
1707 2622
1639 2462
1465 2522
1478 2099
1556 3102
1769 1538
1673 1933
1582 2457
1436 2402
1642 2491
1883 3189
1596 2118
1538 2612
1613 2648
1418 3224
1482 3605
1767 3165
1551 2307
1689 1944
1713 2622
1571 2419
1606 2018
1625 2871
1650 2359
1533 2628
1638 2679
1672 3215
1517 1983
1527 2984
1321 3258
1527 3052
1599 2063
1565 2564
1583 2071
1686 2720
1596 2063
1512 2993
1634 1903
1464 3154
1438 3215
1651 2987
1429 2586
1605 2619
1645 2975
1700 2426
1582 2021
1712 1597
1660 1903
1892 2578
1653 2508
1440 2407
1465 3157
1794 3174
1517 3042
1297 3229
1910 2648
1768 3241
1650 2887
1642 2535
1668 2933
1585 2513
1680 1939
1746 1647
1521 3126
1487 2582
1584 2053
1468 2568
1806 1599
1794 3236
1517 3105
1654 2880
1765 1605
1554 3102
1401 1920
1656 3003
1392 3513
1662 2797
1654 3040
1803 1685
1585 1909
1681 3260
1583 2938
1706 3296
1813 1860
1734 2695
1741 2749
1526 2011
1668 3097
1631 2109
1713 2960
1784 2405
1462 2542
1812 1823
1517 2508
1775 3125
1588 1974
1642 3263
1462 2525
1626 2579
1436 3589
1610 2072
1667 1929
1794 3124
1604 2767
1660 3108
1798 1804
1607 2353
1622 2086
1595 1955
1711 1893
1902 3202
1808 3204
1747 2672
1377 3526
1663 2353
1427 3127
1493 2161
1455 1924
1489 2592
1643 2952
1487 3165
1448 3640
1527 2202
1726 1580
1739 1667
1571 3025
1215 3582
1846 1767
1876 3183
1798 1801
1484 2114
1559 3104
1448 1967
1673 2168
1551 2548
1633 2524
1581 2023
1593 2641
1945 2566
1855 2609
1631 2765
1387 1941
1962 2588
1649 1893
1541 2964
1501 2973
1644 2904
1345 3259
1599 3071
1709 1909
1523 2599
1403 3512
516 3380
1532 2618
1741 2556
1543 2380
1764 3222
1651 2492
1582 2323
1298 3220
1435 2398
1813 2697
1584 2853
1866 2643
1819 1580
1541 2342
1437 2400
1563 2674
1557 2251
1655 2489
1854 2634
1602 2875
1848 3165
1396 3566
1598 2397
1785 1586
1723 2478
1582 1927
1790 3317
1721 2580
1507 1964
1624 2594
1462 3599
1574 2428
1542 2232
1742 1706
1626 2634
1646 2941
1608 2776
1665 3012
1815 1867
1648 2979
1417 3079
1452 3158
1437 3607
1683 2971
1547 3036
1543 2211
1745 3110
1778 2633
1696 3305
1333 3519
1748 2653
1302 3219
1607 2513
1626 2901
1705 2758
1921 2580
1408 1954
1644 2681
1859 2654
1555 1916
1692 3074
1441 3162
1627 2119
1558 2144
1539 1893
1668 1628
1528 2985
1797 1779
1612 1927
1653 2999
1505 1977
1794 1813
1743 1660
1474 3084
1694 3075
1458 3132
1824 1857
1856 3206
1606 2924
1555 2218
1693 1605
1574 2368
1744 1694
1463 3174
1603 1880
1725 2671
1633 2896
1512 3036
1422 3638
1753 1965
1496 2199
1563 1922
1562 2960
1550 2523
1578 1881
1602 2071
1803 1590
1576 2570
1811 1886
1651 3252
1765 3228
1688 1901
1757 3107
1655 2797
1815 2688
1581 2573
1379 3502
1795 1707
1555 2518
1701 3286
1335 3514
1537 2538
1617 2170
1750 1880
1775 3139
1425 2594
1513 3062
1592 2104
1426 3150
1683 3058
1897 2655
1774 2387
1713 2442
1577 3058
1633 2050
1573 2061
1445 1923
1594 2075
1578 2909
1728 3092
1369 3534
1756 1875
1617 2057
1850 3217
1686 1903
1698 2949
1649 2149
1701 2759
1825 3162
1735 1707
1569 2244
1566 2367
1698 2715
1796 1691
1852 2634
1552 2336
1686 3062
1847 3172
1604 2530
1794 3207
1701 2425
1472 3647
1747 3113
1586 1907
1749 1909
1528 3085
1509 2585
1517 2194
1413 1915
1618 2443
1686 1623
1771 3228
1601 2069
1355 3531
1759 2623
1713 1921
1788 1729
1792 3196
1696 2418
1674 2521
1583 2523
1411 3501
1721 1664
1718 2972
1527 1993
1779 1877
1659 2720
1517 3127
1687 3271
1463 3079
1409 1941
1915 2582
679 2830
1534 3034
1521 2978
1420 2594
1787 2388
1592 2454
1568 2254
1559 2093
1591 2909
1496 2991
1538 2613
1803 1864
1480 2119
1739 2419
1566 2130
1518 2200
1526 2201
1718 1903
1737 1679
1725 2512
1535 2125
1688 1941
1744 3235
1944 2547
1442 3136
1853 1774
1597 2865
1745 3216
1749 1889
1884 2565
1882 3188
1584 2942
1295 3235
1456 3265
1667 2912
1451 3540
1606 2076
1402 3512
1182 3550
1777 3156
1658 2356
1758 1976
1546 2557
1730 3242
1757 1875
1696 2342
1755 2589
1427 3147
1371 3249
1638 2841
1216 3581
1715 1654
1489 1940
1556 2523
1535 2302
1366 3493
1351 3283
1593 2636
1561 2211
1439 3605
1668 3091
1537 2535
1888 2562
1621 2439
1636 2681
1514 2191
1596 2984
1721 1898
1945 2571
1630 2335
1402 1961
1593 2969
1542 2141
1551 2881
1592 2506
944 3035
1535 1930
1694 2717
1536 2331
1559 2670
1527 3080
1581 1881
1661 2723
1546 2524
1618 2332
1549 1914
1571 2326
1911 2643
1746 3105
1552 3014
1896 2526
1584 1912
1541 2203
1666 3013
1385 3079
1792 1751
1754 1898
1623 2116
1867 3161
1686 1901
1629 2868
1332 3253
1717 2471
1811 2605
1777 2439
1476 3183
1434 3584
1671 3208
1547 2112
1618 2340
1419 1930
1455 3526
1770 1934
1632 2842
1556 2562
1710 3194
1461 3146
1539 2624
1744 1894
1747 1599
1738 2604
1656 2090
1782 3324
1501 1948
1637 2679
1522 3123
1774 1947
1512 2588
1578 2093
1648 2864
1569 1921
1542 2311
1578 1960
1902 2585
1771 3148
1743 2719
1556 2005
1539 1912
1733 2703
1582 2858
1488 3149
1612 2166
1610 2668
1523 3048
1844 3159
1693 1593
1615 2116
1928 2561
1778 3309
1406 1939
1649 2921
1625 2434
1503 2538
1772 2391
1721 2437
1451 3671
1793 3314
1506 2189
1598 2277
1700 3294
1652 2170
1832 1865
1697 3334
1696 2937
1643 2122
1651 2457
1712 1638
1771 1724
1619 2894
1489 2593
1477 3140
1734 1740
1773 3271
1437 3221
1738 1574
1513 3072
1742 2641
1714 1896
1557 2361
1592 2263
1742 2431
1645 2862
1426 2582
1796 1845
1605 2522
1790 3142
1668 1629
1698 2334
1403 2450
1774 3264
1576 2504
1733 2944
1446 3596
1437 3143
1740 1672
1552 2134
1620 3054
1617 2658
1687 3269
1797 1716
1479 3156
1673 1615
1807 1818
1560 2006
1753 2488
1300 3227
1574 2966
1622 2594
1566 1886
1547 1999
1504 2186
1759 3104
1795 3214
1485 2593
1700 1595
1796 1852
1348 3085
1865 3199
1679 3052
1399 3561
1337 3247
1534 2325
1630 2454
1447 3095
1773 3152
1945 2552
1651 2336
1520 3080
1661 2812
1581 2288
1751 3259
1615 2166
1509 3154
1451 3216
1484 2166
1506 2535
1618 2442
1595 1970
1885 3191
1500 2575
1728 3231
1726 2714
1848 2669
1790 1788
1591 2091
1601 2024
1628 2446
1614 2329
1975 2582
1719 3055
1585 1912
1852 2630
1637 3251
1740 3311
1926 2562
1637 2136
1619 2972
1304 3224
1736 2519
1650 1892
1599 1913
1553 2097
1801 3201
1773 3120
1561 1991
1677 3053
1617 2156
1448 3136
1613 2324
1588 2999
1759 1877
1800 1702
1384 3500
1513 3001
1695 3054
1844 2673
1672 1619
1673 2994
1541 2292
1615 2104
1594 2474
1786 1598
1898 2550
1753 1603
1789 1917
1731 2587
1898 2554
1800 1828
1545 2505
1740 3079
1428 3158
1857 3203
1434 3170
1756 1608
1577 2451
1506 2533
1643 2098
1668 3269
1917 3150
1580 3033
1634 2822
1447 3097
1619 1913
1619 2057
1654 2483
1893 3168
1651 2775
1502 3083
1647 2983
1654 2425
1740 3085
1637 2463
1401 1893
1641 2532
1744 2482
1726 1720
1632 2899
1469 2517
1581 2020
1616 2083
1814 2597
1752 3073
1545 2100
1665 1922
1729 2572
1687 1626
1755 2654
1599 2559
1351 3282
1589 2112
1540 3035
1414 3500
1740 2560
1616 2610
1654 2982
1550 2375
1644 2965
1326 3272
1536 2333
1764 2431
1685 1600
1581 1946
1541 1916
1564 3071
1736 1602
1897 2529
1787 1802
1444 3073
1818 2696
1714 1573
1806 1870
1451 3157
1664 3086
1733 1741
1722 2951
1586 2050
1751 3180
1512 3145
1421 3094
1596 2094
1553 2133
1754 2435
1704 3043
1562 2010
1603 2308
1576 2565
1521 2525
1656 2351
1724 2582
1644 2998
1711 2649
1761 2640
1528 1985
1425 3620
1853 2614
1442 3260
1600 2901
1271 3199
1769 2409
1651 1940
1613 2133
1630 2843
1777 3142
1719 3082
1580 2255
1401 1927
1577 2281
1769 1602
1817 3158
1478 3131
1543 2209
1485 2114
1501 2168
1917 2554
1527 2875
941 3029
1829 1830
1750 1717
1772 3159
1541 2368
1561 2335
1771 1869
1581 2400
1605 3077
1598 1913
1920 2580
1610 2163
1555 3018
1488 3153
1440 3131
1736 2479
1631 1905
1486 2587
1791 1875
1645 2100
1610 2147
1596 2871
1523 2984
1577 2642
1521 3052
1768 1866
1291 3245
1756 3220
1716 3032
1542 1988
1583 1916
1760 2560
1594 2451
1690 2712
1737 2500
1781 1562
1481 3112
1722 1635
1506 3043
1652 2712
1895 2587
1399 1944
1443 3264
1816 3157
1563 2916
1286 3207
1661 3116
1806 1858
1803 1851
1780 1938
1742 2425
1697 3096
1651 2792
1756 1910
1617 2644
1844 3161
1551 2001
1612 2289
1424 3118
1580 2083
1589 2113
1406 3523
1618 2056
1502 2591
1510 2530
1758 2385
1372 3542
1539 2332
1669 2715
1599 2067
1498 1960
1454 3107
1773 1554
1575 2325
1748 3335
1448 3084
1717 3204
1612 2551
1747 2770
1543 3034
1724 1911
1774 2408
1713 3324
1803 1690
1675 3273
1463 2536
1852 2635
1727 2510
1705 2741
1558 2359
1601 2266
1650 2776
1480 2148
1284 3209
1747 1714
1647 2721
1789 1570
1676 3222
1709 1940
1579 2476
1523 3040
1716 2596
1670 3004
1574 1918
1663 2926
1293 3222
1519 2508
1659 3030
1500 2208
1524 3148
1805 1597
1747 1699
1658 2094
1764 1537
1450 3173
1590 1928
1443 1929
1592 1942
1445 3073
1585 2292
1762 3319
1794 1842
1705 3224
1719 1611
1701 2328
1616 2771
1844 3152
1588 2328
1545 1890
1765 1705
1840 1865
1657 2440
1633 2743
1870 2612
1658 2816
1709 1597
1534 2900
1640 2812
1531 2618
1521 2609
1664 3191
1676 2341
1495 2096
1916 2552
1621 2440
1477 3159
1729 2609
1339 3270
1601 2064
1571 2896
1794 1783
1574 3058
1746 2632
1727 1719
1742 2733
1645 2959
1639 2473
1655 3266
1803 1784
1418 3225
1687 3095
1781 1741
1577 2053
1430 1946
1403 1899
1533 3097
1886 3171
1544 2336
1605 2051
1500 2984
1483 3160
1454 1917
1527 3144
1661 2505
1920 3157
1810 2607
1443 3210
1780 1575
1607 2108
1731 2506
1653 2786
1768 3238
1722 1598
1711 3330
1605 2302
1751 2550
1645 2866
1575 2115
1738 3232
1714 1594
1427 2409
1578 1983
1574 1887
1655 2174
1642 1940
1830 1867
1303 3213
1735 2502
1582 2503
1330 3271
1599 1953
1631 2132
1571 2951
1635 2868
1661 1936
1703 3041
1509 2165
1641 3067
1772 2656
1698 1623
1399 3556
1763 3176
1725 2609
1766 1731
1583 1905
1764 3045
1736 1742
1414 1916
1601 2049
1589 2328
1599 3075
1568 1938
1588 2058
1437 3185
1713 3233
1745 2551
1557 2327
1655 2340
1578 1897
1519 2551
1455 1974
1760 1701
1898 2548
1894 3191
1732 1881
1590 2974
1841 2628
1393 3632
1531 2613
1629 2565
1784 2403
1657 2342
1832 1761
1400 3634
1818 2683
1489 3089
1757 1697
1577 2282
1357 3077
1588 2484
1559 2571
1682 2983
1543 2293
1565 2009
1522 3056
1775 2401
1768 1735
1818 1865
1551 2551
1885 3196
1785 1863
1668 2751
1638 2826
1748 2425
1503 3078
1742 3232
1554 2526
1644 1956
1783 1795
1676 3044
1657 2338
1571 2101
1369 3081
1401 3634
1734 1939
1596 2579
1656 2167
1810 1783
1591 2010
1764 1877
1738 2487
1788 1798
1743 1897
1437 3220
1776 3144
1581 1951
1616 2111
1605 2165
1554 2217
1497 2209
1958 2595
1634 2905
1810 1873
1698 1593
1925 3179
1825 2668
1770 3316
1455 3104
1879 2570
1642 2138
1402 3086
1801 1843
1520 3091
1734 1584
1737 2497
1465 3145
1763 3329
1670 1630
1563 2241
1567 2955
1809 1685
1529 1928
1390 3518
1515 2099
1771 1901
1333 3248
1639 2527
1446 3213
1787 2622
1529 1997
1443 3190
1578 2084
1555 2874
1329 3277
1769 2419
1973 2604
1740 3217
1738 1614
1586 3005
1362 3532
1546 3029
1420 1928
1493 2208
1812 2609
516 3376
1655 2828
1661 2797
1784 2387
1591 2095
1750 3068
1671 2945
1548 2206
1918 2594
1339 3250
1467 2515
1486 3159
1581 2579
1395 3530
1672 1895
944 3040
1670 2997
1553 2009
1362 3299
1753 3108
1598 1950
1645 2861
1667 1891
1771 2388
1597 1937
1656 3100
1293 3219
1658 3187
1500 3053
1567 2087
1740 2699
1284 3207
1398 3565
1624 2135
1651 3006
1675 3053
1526 3140
1881 2664
1551 2572
1629 2678
1673 1945
1416 1935
1473 1930
1766 3122
1763 2669
1790 1721
1768 2426
1692 3057
1786 3201
1667 2514
1454 2556
1571 1885
1546 2556
1764 3170
1645 2330
1741 3232
1581 2486
1627 1918
1421 3548
1633 2867
1827 3154
1752 3105
1763 1758
1649 2843
1792 1934
1579 1975
1709 1917
1652 2500
1676 3054
1797 1579
1621 2438
1391 3536
1625 2873
1577 2498
1443 3603
1724 1649
1554 2553
1600 1913
1544 2093
1457 3594
1413 1903
1537 2959
1715 2440
1492 2593
1761 2637
1637 3072
1591 2966
1620 2151
1765 2433
1625 2472
1672 2891
1770 3239
1576 2957
1423 2594
1512 2987
1771 1861
1743 2602
1720 1588
1570 2420
1622 2151
1589 2501
1592 2908
1350 3546
1761 3300
1523 2512
1439 3599
1780 3315
1437 3643
1827 3161
1575 1921
1781 2624
1845 2627
1596 2296
1797 3213
1602 2304
1638 2460
1612 2329
1664 3005
1457 1924
1785 3143
1702 1933
1668 1930
1683 2511
1662 2353
1564 3026
1633 2981
1835 1860
1750 2475
1573 2455
1302 3228
1793 3316
1535 2126
1584 2029
1496 2219
1513 2591
1596 2330
1888 2590
1697 2946
1444 1923
1447 3083
1662 2733
1625 2431
1541 2623
1664 2999
1438 3088
1637 2760
1417 3621
1700 2425
1726 1610
1544 2881
1745 3172
1757 1918
1725 1595
1717 2437
1498 2142
1588 1988
1792 1872
1566 1986
1535 2196
1524 2016
1519 2519
1775 1795
1715 1918
1707 2609
1570 2891
1702 3283
1549 2196
1570 2417
1584 2912
1736 2511
1317 3272
1386 3535
1814 1747
1573 2402
1546 2362
1609 2509
1562 2214
1721 2973
1749 1874
1859 2611
1637 2532
1571 2653
1572 2928
1846 2630
1428 3628
1667 3213
1765 2429
1721 3232
1722 3076
1616 1904
1543 2371
1616 2395
1581 2289
1439 3641
1698 1943
1585 2512
1794 1834
1575 2469
1597 2083
1738 1940
1515 3076
1919 2589
1540 2622
1478 3138
1620 2429
1609 2674
1482 1944
1697 2759
1625 2668
1671 2992
1733 2672
1786 1749
1763 3245
1476 2561
1714 1570
1729 2484
1812 1589
1330 3273
1597 1971
1795 2623
1430 3554
1582 3045
1391 3535
1437 3089
1453 3125
1581 2317
1572 2951
1560 2556
1516 2511
1848 3150
1544 3033
1456 3126
1899 3203
1464 2135
1566 1889
1554 2571
1565 2571
1594 2091
1560 1940
1431 2571
1782 3127
1710 1581
1497 3153
1428 3069
1616 2893
1633 2752
1560 2242
1554 2954
1590 2295
1795 1864
1667 2906
1772 2390
1572 1886
1661 2170
1829 1844
1762 1884
1359 3296
1729 3244
1638 2532
1423 3156
1347 3088
1548 3095
1587 3062
1443 3263
1534 3095
1490 2161
1616 2135
1579 3026
1638 2927
1454 3108
1639 2464
1719 2969
1712 1656
1692 2501
1734 2965
1382 1939
1798 3158
1627 3057
1566 2350
1661 3114
1743 2483
1543 2320
1796 3213
1692 3335
1625 2168
1774 3242
1770 1542
1760 3254
1558 2086
1570 2346
1500 3071
1763 1546
1662 2917
1751 2573
1749 1871
1571 2060
1614 2656
1767 3258
1472 2104
1856 2557
1789 3320
1570 2986
1651 2461
1796 3204
1384 3498
1552 2141
1475 1933
1485 3154
1665 2708
1578 1973
1680 3266
1598 2315
1822 2688
1813 1859
1747 2738
1711 1577
1590 2550
1590 2092
1396 1936
1536 2125
1746 2564
1596 1984
1443 3256
1752 2424
1738 3333
1546 2294
1732 2588
1543 2230
1637 2141
1513 1981
1799 1752
1754 2639
1758 3285
1440 1935
1537 2878
1733 1628
1762 1710
1699 3208
1396 3544
1633 2528
1497 2193
1573 2888
1649 2793
1789 1755
1782 3125
1651 2912
1655 2435
1714 2437
1569 2661
1655 2829
1945 2588
1452 3166
1686 2326
1634 2820
1616 2659
1549 2334
1661 3041
1623 2328
1486 3100
1593 2019
1650 2149
1594 2290
1435 3549
1400 1935
1715 1923
1588 2871
1681 3062
1768 3094
1622 2819
1699 1625
1671 2755
1815 1820
1716 1899
1681 2893
1743 2678
1825 1842
1494 2586
1639 2533
1486 3167
1525 3125
1876 2645
1663 2740
1433 1892
1819 1742
1734 2516
1538 1910
1353 3281
1730 2526
1712 2652
1512 3152
1656 2710
1405 3511
1665 2745
1592 2517
1451 3135
1605 2588
1631 2128
1444 1924
1850 1762
1868 3165
1784 1731
1650 2463
1651 1895
1738 2744
1702 1932
1772 2429
1455 3112
1565 2066
1582 2311
1697 2760
1578 2044
1629 3060
1633 2572
1456 3115
1757 3290
1536 1890
1884 2597
1767 3242
1443 3192
1727 1616
1446 3211
1630 2058
1743 2482
1527 2615
1626 2622
1574 2196
1658 3112
1541 2309
1769 3229
1768 2418
1525 1992
1456 3151
1713 2968
1807 1596
1328 3518
1629 2873
1802 1842
1485 2110
1484 2127
1508 3147
1707 3332
1895 3188
1853 1755
1536 2292
1651 2443
1713 2981
1534 2287
1402 1897
1495 3149
1765 3258
1757 1878
1450 3135
1516 3064
1557 2076
1388 1935
1869 2645
1573 2636
1550 1938
1371 3491
1790 2407
1810 1821
1769 1733
1655 2831
1687 2413
1560 2005
1522 2306
1634 2980
1399 3634
1823 1854
1550 2323
1766 2410
1523 3050
1498 2138
1633 2132
1509 2191
1618 2321
1772 1951
1609 2109
1722 1897
1733 2744
1612 2549
1438 3127
1792 1714
1689 2344
1596 2919
1697 2620
1726 1660
1657 2982
1441 1968
1507 2180
1813 2616
1626 3062
1612 2520
1611 2346
1719 2452
1768 1721
1455 2114
1421 3544
1528 2965
1526 2873
1383 1946
1623 2869
1425 3127
1899 2653
1506 3070
1665 1920
1753 3169
1499 2094
1794 3201
1813 1598
1536 1895
1717 1571
1784 3195
1602 2510
1583 1958
1486 2113
1781 1868
1770 3124
1608 1883
1654 2435
1958 2598
1544 1946
1397 1926
686 2837
1478 2563
1822 3166
1318 3267
1658 3110
1734 2505
1678 3050
1591 2087
1574 2439
1572 2250
1563 2455
1409 1927
1729 1608
1771 3265
1634 2571
1680 3258
1590 2977
1776 2435
1659 1921
1673 2979
1693 3087
1362 3536
1449 3535
1433 3092
1603 2058
1618 2338
1589 1938
1741 1658
1582 2388
1464 1938
1722 1591
1616 1903
1678 2896
1726 1709
1671 2519
1852 1773
1505 2594
1289 3222
1582 3018
1553 2517
1551 2227
1685 3066
1573 2079
1737 1645
1631 2119
1732 2573
1577 2376
1785 1563
1526 2617
1526 2144
1802 1701
1535 1910
1671 3005
1699 3192
1630 2476
1563 2661
1514 2983
1770 2402
1787 1600
1431 1955
1804 1584
1568 2957
1706 2992
1748 3181
1628 2678
1435 1954
1562 1887
1769 1542
1603 2563
1685 1634
1594 1937
1652 1919
1662 2956
1593 2516
1570 2951
1618 2647
1385 3084
1601 2901
1544 2118
1601 2396
1546 2333
1743 3096
1742 2563
1545 2340
1691 3091
1473 2515
1511 2590
1810 2611
1442 3168
1688 3087
1654 2800
1755 1906
1501 2575
1880 3161
1590 2296
1608 2675
1729 2669
1582 2409
1576 1921
1939 2560
1605 2085
1790 1564
1290 3241
1736 3232
1551 2518
1397 3503
1931 2560
1763 3066
1615 2327
1182 3551
1485 3095
1574 2671
1672 3042
1482 3085
1707 3307
1808 2597
1755 1867
1800 1596
1793 1786
1545 2205
1556 2327
1781 1573
1687 2416
1765 3066
1626 2637
1793 1826
1643 2951
1750 1604
1634 2458
1441 3181
1434 2603
1729 2944
1337 3265
1670 1909
1639 3073
1528 2302
1579 3013
1641 2335
1697 3315
1693 2503
1569 2330
1883 2537
1543 2338
1638 2530
1381 3501
1796 1877
1582 2520
1752 2638
1559 2576
1594 1964
1579 2579
1646 2756
1409 1919
1687 2978
1585 1927
1451 3214
1616 2342
1902 2590
1648 2962
1774 2393
1714 3240
1745 2565
1878 2604
1482 3084
1567 2342
1401 1898
1803 3158
1467 2559
1462 3596
1496 3150
1744 2597
1668 1942
1948 2594
1763 3067
1690 3284
1771 1733
1525 2023
1686 3064
1440 1981
1852 2621
1451 1970
1354 3288
1759 3052
1822 3156
1455 3085
1623 2580
1750 2654
1382 3504
1908 3165
1409 3078
1330 3257
1451 3266
1590 2642
1516 2147
1802 2609
1634 2682
1678 3067
1643 2887
1498 2137
1287 3208
1744 1715
1687 2510
1598 2078
1539 1925
1855 3169
1686 3071
1686 1900
1740 2557
1364 3070
1962 2610
1446 3560
1467 3160
1658 3118
1587 2024
1576 2987
1335 3516
1784 3165
1476 2598
1625 2057
1465 3154
1719 2456
1426 3148
1499 2122
1919 3177
1540 2613
1748 3088
1829 1847
1595 2312
1974 2605
1941 2571
1424 3132
1358 3088
1580 2076
1732 2509
1576 1980
1397 2454
1576 2644
1689 2338
1761 3220
1679 1943
1439 2588
1747 1933
1620 3070
1678 1921
1743 3327
1868 3214
1791 1578
1588 2100
1421 1933
1729 2520
1471 2138
1794 1807
1656 3089
1449 3651
1458 3171
1610 2664
1476 2108
1578 2911
1854 1780
1614 2776
1561 2463
1841 1780
1629 2673
1747 1701
1620 2596
1647 2994
1658 3033
1878 3162
1667 3190
1566 2557
1920 3179
1819 1748
1648 2844
1541 2308
1532 2126
1777 3050
1610 2104
1938 2559
1704 1615
1561 3055
1555 2360
1720 2578
1706 1925
1525 2017
1759 3111
1564 2213
1513 3119
1477 3096
1374 3548
1686 2502
1756 1678
1800 1582
1729 2521
1768 2429
1857 3168
1649 1958
1816 1743
1918 2554
1706 2717
1430 2399
1562 1920
1536 2002
1696 1939
1671 1627
1698 1944
1664 2905
1761 3319
1549 2891
1733 1734
1844 2621
1423 3639
1548 2556
1518 3111
1758 3291
1507 2186
1726 1596
1953 2580
1772 3278
1754 3081
1755 2637
1668 3109
1640 2813
1418 3163
1625 2621
1918 3154
1819 2621
1942 2563
1867 1751
1759 2641
1592 2396
1500 1962
1763 3170
1585 3023
1302 3210
1534 1896
1567 2917
1505 2221
1622 2659
1768 1539
1450 3641
1714 1971
1645 2337
1423 2569
1728 2709
1547 2954
1816 2697
1734 1739
1864 2606
1397 3506
1474 3105
1378 3080
1581 2398
1727 2682
1563 2321
1766 1708
1587 2958
1569 3059
1284 3208
1684 1962
1385 1906
1798 1825
1601 2142
1548 2335
1691 3057
1809 1683
1713 3199
1677 1942
1744 3096
1664 2490
1281 3219
1715 2939
1367 3509
1892 2643
1687 2344
1880 2647
1462 3146
1603 2074
1569 2654
1897 3202
1733 2712
1671 2942
1591 2980
1460 2565
1460 2525
1577 2851
1738 3338
1781 2625
1819 1581
1544 2234
1609 2582
1583 2112
1880 2660
1443 1942
1659 2731
1737 3328
1548 2227
1633 1903
1775 1597
1581 2484
1804 1868
1649 2764
1325 3526
1571 2100
1559 2211
1649 3093
1669 2086
1515 3061
1910 2532
1624 2138
1550 2115
1758 3181
1815 1739
1581 2399
1610 2630
1612 2631
1731 2672
1528 2016
1450 3268
1737 2750
1302 3211
1612 2074
1582 2293
1657 3101
1898 3183
1749 3074
1579 2881
1578 3064
1491 3102
1829 1840
1408 3096
1619 2898
1753 2474
1721 1590
1783 1742
1787 1729
1683 3259
1878 2667
1581 2384
1315 3255
1626 2639
1390 1940
1274 3204
1578 2410
1654 3255
1552 2547
1591 2967
1640 2847
1791 3321
1465 3102
1789 3203
1784 2638
1632 2452
1424 1896
1576 2908
1534 3103
1781 3237
1598 2901
1600 2256
1736 1892
1710 1902
1525 2976
1740 2670
1531 3094
1629 2476
1889 2584
1711 1657
1883 2644
1515 1982
1702 2758
1695 3205
1548 2881
1340 3263
1361 3531
1656 3269
1407 2582
1544 2528
1677 3254
1732 2692
1427 1937
936 3032
1476 3113
1739 2639
1640 2108
1430 3114
1403 3631
1512 2172
1769 1594
1504 3081
1601 1912
1591 2260
1286 3216
1709 2450
1465 2571
1788 3123
1686 3262
1713 1928
1894 3185
1694 1603
1721 1597
1573 2285
1725 2714
1611 2056
1800 2605
1526 3054
1739 2710
1773 1735
1788 2400
1785 3238
1524 2614
1481 3128
1594 1962
1742 1695
1396 3556
1519 2506
1820 1868
1706 1601
1440 3170
1457 3132
1557 2234
1646 3245
1625 2902
1622 1903
1601 1947
1659 2709
1920 3174
1635 2756
1380 3501
1769 1591
1636 1944
1820 2691
1479 2117
1766 1547
1594 2869
1677 2977
1801 1846
1474 2152
1437 3558
1679 2989
1535 1996
1564 1996
1803 2605
1805 1694
1699 1597
1315 3259
1695 2336
1547 2377
1652 2980
1516 2197
1350 3087
1762 3220
1668 3022
1722 2971
1667 3183
1791 3319
1753 2670
1746 3090
1662 2740
1814 1883
1737 1588
1678 2895
1760 2663
1650 2973
1572 2006
1754 2673
1525 2203
1609 2626
1508 2147
1367 3078
1531 2130
1476 3648
1443 3646
1697 3080
1805 1746
1560 2206
1689 2339
1644 2123
1706 2755
1439 3201
1498 2095
1624 2586
1655 1920
1430 3088
1823 2623
1550 2332
1473 2136
1343 3245
1822 2625
1443 3639
1810 2609
1429 3144
1954 2548
1764 3272
1581 2576
1665 2089
1598 2981
1742 1889
1765 1883
1737 2572
1637 2473
1676 2337
1753 3253
1784 1796
1714 2958
1717 1938
1716 1955
1585 2295
1717 3208
1497 3084
1711 2984
1748 1904
1424 3217
1479 2503
1486 3141
1792 3142
1698 1622
1508 2528
1805 1793
1710 2993
1513 2596
1600 2498
1765 3222
1496 2122
1671 1942
1630 2766
1454 3093
1779 1795
1731 1719
1753 3181
1612 1921
1290 3218
1808 1752
1724 2661
1784 1860
1388 3544
1611 2580
1596 2672
1521 2306
1669 3017
1391 3635
1577 2938
1635 2335
1649 3069
1796 1721
1756 1936
1744 2425
1721 3229
1430 1897
1776 1935
1708 3324
1444 3152
1534 2132
1596 2328
1607 2308
1765 1732
1815 1763
1450 3573
1479 1949
1722 1634
1849 3151
1690 3282
1757 1703
1571 2073
1452 3669
1554 2074
1685 1903
1500 3064
1670 1926
1741 1707
1549 2211
1821 2670
1491 2590
1700 3199
1543 2959
1488 2170
1712 1640
1621 2638
1657 2983
1655 2502
1711 3328
1354 3249
1668 3212
1634 3095
1575 1887
1498 2145
1653 3266
1705 3045
1626 2140
1615 2623
1663 1895
1821 1861
1644 1933
1330 3254
1373 3530
1635 2865
1604 2913
1467 1935
1862 2643
1796 3173
1612 2139
1542 2535
1532 1997
1719 2746
1568 2566
1473 2569
1475 3107
1339 3251
1764 3056
1700 2333
1498 1957
1605 2260
1640 2926
1807 1763
1706 2739
1474 3157
1582 2652
1687 2982
1677 3052
1592 2980
1483 3136
1753 1707
1619 2896
1576 2966
1820 3162
1733 2506
1755 1918
1676 2717
1591 2641
1737 1684
1433 3103
1731 1878
1518 3120
1960 2607
1799 1770
1536 1992
1493 3101
1725 2473
1445 3076
1786 1870
1752 3257
1848 3170
1736 1889
1764 3112
1612 2614
1677 2896
1394 1898
1767 3312
1465 2122
1474 3087
1555 3084
1432 1941
1429 1933
1476 1922
1730 2673
1497 2573
1813 1748
1610 2667
1790 3242
1316 3271
1733 1587
1524 2608
1757 3264
1476 2109
1649 2868
1790 1933
1791 1788
1948 2591
1756 2428
1752 3337
1811 1818
1523 2304
1612 1880
1556 2321
1886 3187
1569 3023
1620 2152
1753 1604
1854 2623
1607 2570
1618 2627
1492 1942
1581 2035
1755 1862
1529 2125
1572 2073
1534 2133
1443 1970
1573 2072
1634 2474
1517 2201
1657 2352
1600 2649
1776 1950
1400 3630
1443 1939
1759 2670
1441 3174
1754 2563
1374 3526
1595 2561
1708 3323
1581 3051
1499 2211
1509 2510
1754 3264
1547 2362
1591 2094
1711 1610
1561 2355
1544 2097
1737 3077
1753 2671
1567 1917
1650 2888
1765 1882
1392 3510
1704 2608
1670 1927
1643 1926
1624 2974
1594 2400
1656 2346
1888 2592
1796 1816
1745 3248
1384 1905
1585 2321
1644 1935
1522 2177
1669 1920
1645 2684
1549 1888
1471 3170
1921 3175
1567 3053
1682 3083
1832 3154
1694 3205
1447 3672
1638 2975
1586 2010
1654 2485
1842 2628
1826 2637
1958 2606
1444 1934
1744 1653
1650 2872
1552 2118
1540 2226
1652 2947
1608 2768
1788 2402
1412 1898
1454 1976
1587 3069
1517 2549
1627 2485
1497 2574
1513 3078
1745 1701
1444 3595
1727 3050
1533 2293
1374 1933
1544 1923
1330 3260
1755 3289
1709 1660
1658 2922
1409 1913
1821 2597
1495 2203
1617 2454
1669 3192
1655 2437
1767 1748
1511 2103
1626 2572
1673 2521
1642 3257
1687 1621
1767 3238
1415 1953
1710 1614
1674 1927
1606 2594
1867 3200
1834 3151
1717 2956
1349 3084
1579 2098
1542 2382
1774 2430
1703 3038
1748 3252
1461 2139
1894 3199
1587 2313
1849 1760
1664 2101
1450 1978
1506 2585
1451 3541
1506 2574
1801 2606
1595 2502
1585 2955
1782 2437
1763 3222
1565 1918
1766 3258
1945 2551
1777 3141
1614 2635
1541 1914
1735 2490
1412 1915
1678 1907
1814 1822
1698 3204
1591 1925
1560 1937
1825 1759
1498 1964
1782 3122
1652 2106
1446 3592
1710 2972
1634 2821
1752 2596
1450 3169
1707 2984
1624 1898
1775 3275
1552 2558
1767 1604
1441 2555
1709 1656
1417 3080
1615 2632
1794 1727
1911 2654
1577 2673
1749 2597
1855 3163
1806 1697
1645 2887
1729 2573
1654 2908
1604 2499
1720 2712
1764 1742
1656 2751
1714 1949
1578 2438
1567 2455
1620 2057
1721 3062
1730 1888
1824 1847
1578 2573
1535 2326
1483 3151
1807 1773
1405 3080
1407 1946
1605 2913
1642 2145
1817 1827
1436 3193
1645 2822
1580 3053
1836 1865
1962 2583
1454 3099
1806 3198
1757 2492
1775 3146
1648 2960
1802 1748
1786 1605
1575 2635
1591 2327
1762 3221
1777 2435
1666 2900
1582 1902
1769 3161
1719 1887
1792 2623
1617 2612
1647 2987
1483 3144
1855 2639
1892 2596
1536 2305
1653 2955
1822 3157
1618 2422
1699 2712
1503 2965
579 3294
1923 2579
1651 1956
1729 2574
1713 1968
1880 2645
1629 2572
1571 2975
1803 3197
1675 2717
1383 3544
1756 2386
1743 1671
1414 3153
1684 2891
1450 3070
1528 2004
1731 1636
1523 2519
1676 2936
1606 2920
1434 3555
1691 2341
1438 3637
942 3033
1445 3205
1305 3230
1725 1576
1545 1945
1303 3210
1489 2130
1732 2671
1723 2587
1694 3192
1574 1984
1658 2350
1430 3125
1335 3506
1767 3100
1649 1964
1776 1759
1602 2118
1751 1973
1524 2612
1794 2608
1488 2590
1542 2307
1537 2963
1751 1890
1651 2962
1765 3243
1748 1715
1530 3089
1817 1831
1842 1779
1640 1897
1522 2608
1763 1710
1608 2674
1612 2525
1761 3316
1803 1781
1548 1887
1727 2511
1525 2016
1452 3636
1295 3217
1782 1748
1898 2552
1458 3153
1608 2494
1307 3260
1640 2548
1440 3599
1625 2620
1767 2490
1792 3214
1401 1935
1606 2528
1710 1620
1540 2216
1574 2464
1430 3579
1650 2453
1540 2138
1586 2957
1725 1659
1421 1935
1817 2597
1469 2115
1721 1610
1530 2304
1625 2677
1784 1746
1614 1912
1569 2666
1568 2641
1540 3036
1437 1958
1726 3237
1617 2166
1511 2998
1964 2598
1368 3077
1666 2502
1328 3282
1556 2582
1672 1626
1557 2553
1730 2709
1604 1884
1624 3053
1742 2744
1509 3043
1584 1942
1741 3088
1580 1957
1675 2343
1741 2670
1741 3094
1516 2527
1707 3216
1450 1914
1574 2326
1443 3599
1350 3251
1270 3197
1296 3221
1445 1974
1395 1909
1815 3157
1607 2587
1483 1939
1698 3091
1663 2886
1860 3199
1571 2197
1793 1832
1741 1938
1452 3634
1796 1810
1722 1610
1420 1933
1772 1795
1669 1894
1665 2426
1634 2125
1492 3087
1580 2487
1765 3244
1751 1699
1701 3291
1554 2230
1643 3256
1640 2453
1511 2102
1734 2970
1690 3049
1584 2412
1782 1924
1725 1909
1402 3087
1753 2418
1553 2357
1522 3055
1691 3084
1542 2963
1483 2127
1696 3097
1865 1750
1591 2658
1489 2129
1758 1897
1790 3314
1481 1943
1553 1915
1555 2144
1763 3228
1786 2628
1542 3039
1431 3113
1730 1744
1728 3324
1642 2134
1611 2160
1688 2503
1588 1952
1612 2129
1501 2169
1768 2387
1886 2644
1402 1901
1634 2897
1814 3152
1638 2469
1447 3196
1477 1939
1749 3215
1211 3586
1340 3273
1423 3637
1727 3082
1661 2107
1488 2129
1371 3545
1439 3566
1649 2362
1772 2662
1695 3204
1587 3067
1474 2577
1914 2582
1482 1945
1707 2451
1805 1698
1734 2485
1594 2965
1746 1944
1885 3181
1475 2513
1681 1928
1534 2877
1657 3181
1675 2718
1781 1942
1701 3297
1575 2442
1567 1982
1463 2122
1602 3076
1583 1970
1738 2407
1512 2975
1803 3193
1718 1572
1470 2113
1790 2402
1965 2599
1791 2608
950 3037
1612 2020
1785 3200
1588 2642
1778 1600
1722 2747
1666 2484
1626 2902
1416 2581
1795 2608
1596 2561
1688 2513
1721 2747
1524 3101
1673 2900
1735 1705
1712 2747
1699 3309
1592 2075
1588 1909
1636 2116
1653 1937
1394 3077
1580 2459
1594 2244
1545 2520
1619 2673
1606 2306
1622 2446
1515 2586
1754 1895
1599 2064
1578 2058
1490 2120
1747 2749
1659 2489
1467 3132
1413 3495
1578 2026
1437 1962
1603 2142
1477 2119
1542 2231
1654 2329
1767 3099
1538 2120
1600 2671
1638 2117
1404 1946
1894 2533
1786 1588
1489 2165
1592 2872
1601 2641
1651 2908
1428 3125
1798 1855
1716 2628
1651 2788
1651 2476
1576 2564
1734 2705
1596 2917
1755 3206
1509 2529
1731 2585
1789 3168
1852 3157
1733 1602
1819 1579
1293 3234
1587 3073
1553 2557
1701 2327
1688 1943
1789 3318
1826 1842
1741 1666
1283 3206
1906 2587
1631 3264
1711 2965
1498 2973
1784 1795
1418 2593
1514 3077
1559 1988
1882 2648
1783 3166
1876 2651
1443 3641
1794 1776
1540 1926
1701 1620
1444 3149
1778 3237
1667 2928
1565 2084
1825 1855
1768 1601
1398 3510
1615 2113
1415 2575
1772 3256
1499 2581
1554 3019
1396 3568
1713 3060
1615 2423
1647 1926
1693 2418
1886 3173
1442 1971
1461 2559
1387 3078
1598 2448
1536 2283
1597 2088
1665 3026
1718 2478
1502 3085
1802 2606
1215 3575
1647 2766
1577 2401
1762 3176
1544 3043
1713 2447
1614 2631
1583 2914
1650 1941
1734 2518
1789 1933
1651 2862
1798 1703
1793 1869
1628 2864
948 3041
1645 2958
1412 1899
1762 2661
1566 2667
1430 3553
1827 1824
1701 2949
1774 1902
1728 2706
1722 2469
1740 1578
1823 1759
1867 2656
1817 1745
1780 3182
1898 2549
1665 3009
1592 2394
1737 2422
1725 2712
1782 1905
1886 2568
1575 3023
1639 2897
1876 2661
1785 3236
1810 1598
1620 2319
581 3295
1803 1768
1483 1948
1586 2856
1648 2792
1598 1911
1646 2721
1580 2048
1432 2593
1651 2337
1557 2556
1708 2969
1628 3061
1913 2553
1513 3145
949 3029
1437 3635
1618 2827
1367 3488
1355 3294
1853 2641
1261 3330
1589 2116
1730 3245
1712 2629
1789 3124
1443 1974
1526 2025
1539 1888
1761 2435
1753 3231
1441 3176
1384 3543
1381 3240
1574 2983
1735 1672
1800 1753
1730 2687
1549 1947
1427 1942
1438 3161
1440 3093
1455 3149
1562 2333
1436 3563
1627 2857
1594 2669
1798 1707
1732 3229
1648 3257
1599 2448
1754 3233
1781 3131
1534 2200
1765 3252
1792 2617
1581 2116
1661 2697
1870 2652
1859 2659
1550 2339
1689 1962
1510 3058
1497 2091
1524 2015
1618 2524
1563 1914
1593 1968
1697 2504
1339 3509
1463 3158
1530 2531
1746 3100
1544 2370
1584 3015
1746 1893
1448 3610
1793 1831
1752 2628
1585 2100
1621 2468
1418 1931
1671 3006
1438 3221
1620 2821
1449 3071
1455 3666
1543 2379
1377 3232
1648 2429
1674 3111
1660 2986
1615 1926
1414 1939
1792 1772
1617 1903
1519 2145
1581 3018
1778 2429
1593 2091
1744 1900
1571 2005
1777 2649
1867 3213
1507 2095
1760 1726
1366 3494
1973 2603
1354 3531
1760 1868
1683 3049
1660 3030
1453 3104
1542 1909
1526 3079
1737 1578
1857 1758
1578 2565
1663 2810
1853 2617
1775 2638
1571 2099
1498 1965
1435 2554
1708 1943
1756 1704
1709 1614
1746 1599
1770 1938
1535 2195
1533 2283
1744 3245
1720 2477
1630 2453
1632 2337
1344 3243
1636 2759
1943 2571
1481 1929
1851 2618
1771 2640
1554 2881
1708 2747
1447 3569
1705 3029
1572 2012
1516 2100
1510 2146
1769 1855
1721 2426
1760 3222
953 3033
1716 1949
1533 2619
1833 1828
1580 1902
1622 2426
1783 1563
1577 2969
1746 3277
1920 2558
1767 1899
1539 1987
1397 1931
1771 2420
1654 3268
1664 2428
1759 2659
1782 1909
1603 2057
1743 1641
1624 2581
1713 3206
1522 3078
1601 2070
1598 2083
1600 1969
1624 2437
1941 2592
1652 2160
1828 2637
1617 2917
1719 1910
1665 3190
1757 3294
1566 3071
1305 3229
1739 3256
1748 2550
1661 3113
1787 1867
1548 2115
1432 1953
1644 2835
1424 3092
1580 2579
1602 3078
1618 3055
1671 2166
1653 2156
1437 3552
1474 2528
1437 3188
1887 2653
1661 3053
1586 1895
1603 1914
1406 1960
1634 2681
1681 3060
1318 3270
1759 2430
1625 2766
1637 2842
1632 2865
1747 2753
1496 2113
1665 2169
1416 1916
1449 3559
1627 2453
1782 3123
1897 2588
1648 3008
1585 2393
1398 1937
1631 2899
1582 1901
1800 2614
1282 3220
1863 2654
1766 3231
1585 1936
1708 3031
1566 2212
1592 2500
1699 1591
1732 3085
1856 3205
1637 2929
1595 2085
1294 3219
1670 1608
1772 3118
1745 2598
1697 2332
1789 3219
1772 3160
1613 2668
1781 1879
1747 1974
1408 1907
1595 1938
1434 2597
1603 2657
1771 3315
1746 1877
1722 3083
1611 2150
1707 3320
1642 2834
1768 3312
1498 1946
1738 2687
1716 2615
1443 3096
1389 2443
1680 2416
1587 3071
1861 2606
1743 2546
1552 3018
1759 2559
1714 3202
1684 3077
1556 2452
1770 2648
1722 1899
1732 2688
1508 2991
1573 1880
1860 2557
1714 1897
1589 2075
1704 2757
1611 2908
1779 3183
1473 3168
1610 1905
1677 3257
1580 3039
1781 3195
1755 1917
1592 1936
1708 2978
1610 2580
1745 3214
1518 2201
1557 2358
1878 2605
1482 2099
1640 3255
1480 2138
1418 3498
1337 3255
1568 2335
1428 3091
1572 2646
1870 2647
1518 2517
1502 3062
1771 1743
1740 3250
1689 3283
1450 3574
1533 2207
1657 2760
1594 2571
1577 2441
1689 1959
1389 3626
1547 2551
1762 1743
1755 1919
1691 3205
1357 3527
1414 3501
1750 3264
1758 1603
1853 2623
1656 3270
1721 1707
1516 2177
1430 1940
1526 3043
1710 1920
1532 2281
1332 3512
1739 2559
1546 2306
1626 2441
1678 3257
1735 3331
1506 2973
1670 2939
1498 3139
1758 1914
1694 3053
1746 3175
1698 2948
1680 1635
1446 3071
1489 3655
1769 1705
1677 1606
1728 2471
1776 3151
1543 2890
1598 1970
1661 3091
1737 2966
1530 2315
1564 2206
1675 2426
1708 1941
1615 2826
1739 2600
1646 3246
1586 2324
1703 1656
1440 3261
1650 2871
1647 2978
1692 2349
1411 1936
1448 3079
1306 3208
1716 2747
1671 2165
1911 3174
1651 2167
1775 3262
1750 3326
1643 3086
1424 3509
1635 2983
1290 3219
1785 3148
1420 1930
1742 2746
1796 1843
1577 2564
1569 2249
1478 2137
1482 1924
1777 3144
1824 1862
1436 3133
1659 1918
1755 3326
1407 3502
1524 2968
1659 3180
1871 3163
1596 2014
1430 3559
1659 3183
1569 2416
1719 2749
1578 2105
1843 2662
1598 2263
1699 2417
1619 2640
1575 1897
1764 3252
1551 2238
1597 1988
1969 2583
1620 2170
1779 1880
1770 2423
1576 2420
1553 2558
1659 2804
1535 2303
1756 3067
1706 2950
1528 2301
1589 2111
1441 3208
1767 1595
1558 2326
1611 2394
1817 1857
1476 3647
1425 3554
1858 2568
1721 1894
1758 1918
1761 1742
1495 3053
1585 2489
1735 2684
1796 1868
1521 1980
1758 3263
1269 3195
1715 1956
1452 3548
1386 3501
1640 2535
1546 2206
1717 3030
1567 3023
1673 2522
1708 3309
1773 3273
1429 3126
1658 3004
1710 1639
1593 2877
1735 1624
1654 3254
1630 1944
1531 3104
1752 3284
1741 3084
1685 2510
1736 2518
1331 3274
1711 2968
1626 2053
1735 1892
1467 3150
1771 2405
1774 3235
1461 3599
1686 1631
1711 1573
1575 2191
1701 1598
1469 3086
1385 3083
1572 1919
1614 1927
1334 3248
1751 3080
1758 2669
1784 1940
1747 3341
1753 3069
1967 2605
1615 2630
1497 2126
1795 2610
1748 3267
1362 3076
1661 2733
1728 2432
1432 3267
1568 2963
1757 3080
1448 3592
1522 2512
1740 3082
1954 2587
1331 3515
1454 3125
678 2828
1645 2109
1453 3093
1733 3329
1646 2865
1507 1980
1590 2094
1611 2664
1553 2576
1910 2531
1755 1938
1612 2332
1764 2668
1756 3111
1860 2625
1872 2677
1593 2479
1741 3341
1559 2095
1578 2639
1546 2505
1680 2989
1591 2011
1527 1991
1860 2607
1526 1994
1757 2380
1782 1871
1590 1988
1565 1894
1831 1857
1791 1727
1519 2523
1571 2372
1602 2282
1764 1728
1692 2332
1641 2111
1626 2440
1625 2903
1375 3244
1446 3076
1663 1924
1699 1626
1436 3587
1730 2579
1663 2486
1564 2416
1652 2434
1760 1711
1678 2417
1803 1756
1922 2580
1767 1933
1727 1576
1646 1926
1761 3208
1797 3318
1508 3153
1504 2185
1769 3256
1447 3542
1690 1601
1878 3161
1621 2607
1600 2284
1600 2123
1474 2526
1723 3054
1672 1923
1744 3247
1891 3185
1543 2215
1575 2441
1748 2597
1794 1725
1579 2853
1382 3506
1949 2572
1808 1776
1535 2630
1554 3092
1622 2823
1579 2079
1301 3262
1795 1865
1557 1999
1409 1940
1677 3200
1534 2218
1301 3222
1641 2825
1375 1936
1630 3257
1700 1615
1504 3080
1405 3088
1721 2593
1484 2172
1632 2340
1553 2515
1576 2040
1630 2132
1460 1927
1453 3215
1940 2593
1500 3058
595 3304
1724 2469
1397 3530
1726 2748
1571 2290
1752 1893
1688 1632
1557 2539
1451 3574
1752 1911
1664 2731
1579 2462
1659 2723
1765 3220
1583 2483
1587 3068
1519 2195
1323 3278
1632 2121
1444 3255
1638 3261
1411 1911
1484 3651
1562 2136
1968 2602
1973 2582
1651 3089
1620 2922
1445 3156
1637 2928
1744 2675
1464 3273
1760 1697
1785 2627
1613 2128
1583 2855
1708 2984
1603 2492
1594 1968
1752 1887
1751 2544
1559 2149
1707 1601
1507 2173
1734 1941
1599 2084
1430 2592
1687 3264
1553 2358
1772 1704
1482 2162
1654 2998
1802 1580
1562 2321
1961 2610
1809 1851
1777 2651
1659 2338
1646 2953
1619 2421
1644 1945
1657 2696
1682 3041
1671 2424
1765 3269
1364 3085
1455 3133
1575 2051
1633 2460
1690 2713
1435 3141
1448 1920
1850 2660
1687 3276
1669 3040
1439 1935
1672 1620
1667 2971
1663 2956
1763 3086
1645 2823
1788 2636
1557 2651
1588 2644
1746 2479
1488 2122
1613 2772
1854 2638
1721 3195
1525 2314
1703 2435
1502 2220
1765 3056
1544 2961
1580 2684
1701 3289
1840 1766
1582 1947
1602 2991
1669 2340
1485 2097
1802 1789
1286 3208
1740 1726
1542 1933
1544 2140
1743 3214
1648 2463
1589 1992
1579 2880
1633 3264
1662 2815
1649 1957
1366 3492
1600 2648
1607 2264
1300 3212
1615 2108
1446 2555
1657 2693
1688 1960
1725 1891
1635 2330
1748 3093
1578 1921
1726 2483
1494 3084
1709 1944
1506 3057
1776 3123
1554 2103
1627 2642
1304 3255
1713 1964
1579 2415
1747 2481
1624 2481
1669 1924
1674 1948
1797 1580
1782 1557
1830 3158
1414 2574
1413 3630
1793 1876
1542 1902
1641 1900
1531 2119
1674 2936
1787 3142
1741 2722
1754 3289
1694 3204
1957 2600
1758 1873
1578 3062
1488 3101
1684 3040
1851 1777
1649 2372
1738 3095
1677 3069
1483 3639
1598 2313
1468 1940
1510 3147
1390 1906
1569 2387
1911 3163
1479 3123
1717 1934
1436 3207
1706 2633
1641 2810
1739 2671
1425 3552
1516 3037
1452 3269
1607 2586
1706 3066
1332 3522
1950 2546
1814 1757
1545 2958
1297 3233
1805 1796
1557 2917
1361 3501
1700 3069
1855 2614
1460 2541
1647 1952
1690 2502
1752 3254
1750 3339
1456 2566
1519 3081
1617 2655
1824 1585
1563 2460
1952 2574
1852 2633
1656 1921
1763 3231
1456 3262
1649 2446
1421 2572
1620 2334
1379 3238
1663 3272
1730 2577
1486 2111
1551 2224
1756 3320
1762 1887
1505 2538
1520 3054
1567 2344
1650 2954
1514 2179
1597 2068
1648 2497
1522 2121
1518 2547
1641 2823
1647 1958
1715 1898
1676 3034
1924 3179
1618 2828
1626 2120
1424 3630
1552 2224
1891 2647
1792 3178
1567 2907
1763 2426
1772 1743
1608 2257
1758 1966
1525 2304
1672 2163
1668 2899
1649 2899
1615 2668
1785 2631
1593 2953
1601 1911
1566 2070
1758 2435
1726 2967
1578 2201
1760 3313
1597 2996
1667 3020
1668 3190
1815 1819
1659 3101
1286 3224
1560 2241
1837 2673
1758 2428
1629 2051
1422 2576
1938 2562
1509 2172
1481 3151
1756 3234
1745 2718
1594 2330
1650 2785
1787 1602
1425 2579
1652 3248
1635 2815
1659 2360
1500 2987
1614 3073
1860 2652
1438 3191
1456 3083
1645 1895
1701 2740
944 3041
1804 1815
1645 2331
1719 2972
1400 1925
1495 3151
1725 2608
1749 1890
1605 2631
1655 2824
1739 1666
1390 3553
1626 2453
1574 2443
1858 2641
1653 2816
1430 2575
1570 2329
1830 1832
1628 2858
1594 2546
1620 1913
1625 2433
1612 2140
1449 3149
1462 2109
1666 2433
1649 2778
1607 2492
1573 2892
1646 2999
1742 3350
1445 3263
1747 3179
1517 2527
1893 2541
1538 2005
1787 1587
1366 3510
1395 1910
1300 3219
1589 3022
1495 3060
1844 1751
1734 3232
1561 2359
1736 2523
1639 2477
1615 2118
1649 1892
1767 2495
1525 2612
1278 3205
1651 2147
1354 3535
1772 2394
1645 2903
1477 3113
1746 2475
1640 3087
1321 3267
1733 2749
1665 2743
1787 2434
1700 2952
1728 1740
1411 3499
1704 2763
509 3377
1423 3511
1390 3076
1579 2028
1658 2695
1515 3143
1623 2115
1695 3307
1596 2504
1647 3248
1577 2204
1519 2981
1759 1868
1759 3313
1390 3506
1500 3155
1577 2290
1851 2626
1663 3024
1483 3645
1452 3534
1610 2120
1662 2988
1584 2324
1562 2918
1625 2641
1608 2630
1448 3085
1542 2296
1757 3297
1769 3230
1438 3216
1534 2536
1750 3323
1893 2547
1709 3235
1795 1811
1504 2979
1546 2089
1409 3494
1748 1880
1479 2151
1522 2307
1445 2551
1704 3072
1630 2825
1671 2715
1438 1964
1648 3010
1287 3224
1450 3157
1437 3211
1714 2657
1476 3166
1759 3222
1805 1854
1783 3231
1447 3195
1644 1912
1659 2918
1528 3106
1744 1722
1662 2994
1637 1934
1694 3334
1689 1942
1480 3098
1681 2892
1521 2968
1568 2424
1477 2507
1423 3155
1890 2543
1632 2122
1423 2582
1696 2938
1604 2517
1520 3057
1710 2955
1509 2553
1697 1593
1708 2636
1617 2441
1552 2223
1440 3193
1429 2588
1530 2536
1719 2743
1541 2367
1686 1961
1656 3002
1594 2671
1656 2821
1485 3125
1539 2959
1651 2502
1745 2721
1715 2974
1695 2415
1599 2274
1354 3285
1827 2637
1559 3074
1636 2332
1672 3186
1428 3145
1624 2452
1355 3088
1667 1892
1701 2422
1571 2023
1778 3240
1625 2593
1733 2748
1649 2369
1358 3292
1922 2559
1753 2483
1779 3274
1524 2617
1427 3159
1601 2264
1733 1721
1853 1783
1673 2523
1549 1887
1482 1938
1447 1917
1608 2668
1821 1586
1728 3095
1697 3193
1716 1913
1179 3549
1665 2737
1475 3085
1677 1944
1733 3332
1572 2583
1325 3523
1618 2589
1724 1908
1550 2211
1731 2476
1647 2459
1660 1902
1723 2471
1797 1827
1587 2478
1436 3070
1355 3076
1641 1898
1556 2081
1641 2967
1804 1824
1611 2354
1898 2658
1499 1938
1672 2713
1778 1604
1523 2117
1401 1942
1610 2399
1801 1788
1620 2164
1722 3069
1579 2015
1842 1865
1600 2555
1645 1892
1506 1962
1530 3093
1629 2333
1726 2667
1443 3598
1952 2553
1642 1944
1578 3046
1613 1930
1478 2512
1597 2296
1774 1877
1725 2751
1711 2721
1915 2641
1787 1753
1828 1851
1849 2659
1429 3114
1792 3236
1621 2332
1784 2622
1846 2627
1707 2432
1437 3068
1601 1948
1470 2517
1857 3200
1741 1645
1753 3113
1552 2009
1781 1926
1859 3220
1814 2600
1481 2099
1715 3050
1829 2635
1650 2105
1855 2615
1771 3279
1408 1912
1767 1853
1729 1740
1744 1716
1478 2582
1568 2243
1701 1595
1601 2643
1451 3215
1777 1861
1641 3071
1663 2338
1714 1892
1669 2919
1264 3194
1530 3140
1790 2633
1785 3197
1805 3160
1667 3267
1778 2421
1633 2767
1780 2639
1788 1792
1706 3332
1801 2611
1577 2081
1806 2596
1678 3068
1716 2433
1752 3334
1710 3324
1752 2653
1782 2434
1797 1794
1864 2662
1517 2178
1585 3067
1563 2668
1769 2405
1693 3211
1628 3065
1664 3193
1712 1918
1672 2519
1632 1910
1726 2678
1649 2339
1696 1625
1475 3122
1753 2426
1536 2201
1458 3152
1647 2679
1862 3212
1628 2743
1505 3043
1717 2644
1658 3270
1582 1976
1405 1896
1430 3558
1469 2566
1436 3588
1644 3098
1749 1605
1677 3109
1770 3319
1554 2083
1654 1957
1749 3112
1498 2171
1745 3274
1462 2540
1570 2319
1511 3082
1767 1896
1482 3652
1660 2695
1901 3204
1748 1612
1819 1743
1626 2868
1498 2190
1735 3232
1922 3166
1742 2736
1671 1943
1328 3523
1617 2328
1649 2165
1745 3109
1572 2528
1643 3267
1798 1842
1605 2071
1666 3093
1655 2169
1716 1938
1624 2115
1485 2126
1583 1913
1787 3189
1690 2717
1507 3041
1718 3206
1649 1928
1815 2607
1582 3006
1876 3192
1634 2749
1901 2636
1790 1753
1673 3045
1552 3019
1539 2898
1617 2151
1723 2942
1602 2557
1306 3262
1532 2007
1552 2241
944 3038
1554 3079
1579 2030
1439 3135
1587 2873
1516 2982
1420 3622
1428 1948
1528 3082
1589 3074
1547 2212
1705 2744
1969 2607
1625 2670
1507 3059
1579 1989
1635 2847
1354 3291
1532 2631
1360 3075
1572 2892
1767 1871
1649 2913
1605 2919
1642 2974
1409 2577
1647 3267
1738 1722
1877 2648
1566 2957
1744 1654
1588 2412
1674 3084
1764 3274
1670 2756
1382 1908
1719 2437
1743 3331
1579 1987
1684 3069
1685 2337
1519 2528
1526 1995
1745 1936
1754 3077
1675 3087
1669 2087
1404 1939
1790 1575
1561 2007
1821 1757
1733 2675
1650 2482
1759 3266
1784 1741
1862 3222
1588 2261
1737 1681
1338 3513
1641 3252
1734 2711
1700 1596
1922 2556
1565 2475
1756 3167
1533 2875
1723 3076
1568 2081
1762 1958
1649 2996
1701 3283
1566 2347
1638 3080
1917 3153
1425 2593
1547 2139
1799 1683
1622 2660
1542 2223
1661 2096
1727 3242
1775 2434
1715 2448
1606 2674
1707 2755
1547 2554
1792 1724
1718 3325
1771 1550
1808 1592
1466 3274
1555 2453
1538 2331
1545 2237
1287 3226
1585 3000
1677 3090
1741 1569
1755 2484
1759 1601
1776 3312
1541 3091
1612 2312
1651 2449
1768 3117
1699 2424
1211 3588
1422 3634
1440 3564
1713 3196
1590 2053
1597 2276
1399 1936
1671 2993
1626 2332
1504 1965
1585 2487
1431 3247
1583 2522
1754 1710
1643 2950
1598 2556
1478 2527
1791 3203
1686 3077
1874 3175
1720 1899
1573 2093
1651 2865
1750 3268
1771 1553
1395 3556
1373 3233
1776 2430
1724 2478
1466 3086
1542 2890
1601 2078
1777 3146
1509 2142
1756 1696
1628 2861
1571 3026
1790 1729
1614 2144
1564 1888
1433 1959
1435 3562
1492 1956
1576 2368
1396 1915
1526 2535
1799 1823
1418 3551
1498 2986
1539 2239
1572 2439
1755 3067
1868 2647
1616 2615
1429 2401
1437 2555
1549 2235
1463 2534
1735 3097
1524 3153
1570 2893
1774 3045
1334 3271
1538 1925
1662 2427
1794 1826
1576 1992
1780 3133
1343 3504
1732 1735
1618 2057
1410 1901
1725 2670
1614 2146
1717 2455
1779 3166
1480 1946
1684 2946
1745 1722
1552 2888
1605 2922
1544 2004
1749 1577
1768 2491
1550 2891
1382 3542
1435 3212
1807 1590
1507 2979
1480 2585
1295 3246
1526 3086
1750 1699
1492 1949
1853 2624
1673 1918
1637 2528
1701 2950
1444 3551
1496 3156
1499 2218
1226 3614
1585 1947
1771 1872
1441 3177
1403 1925
1589 2939
1569 2987
1581 2411
1670 2514
1873 2571
1575 2192
1611 2630
1594 2480
1920 3154
1562 2353
1733 1722
1453 1977
1521 3132
1445 3094
1792 1773
1655 3110
1542 1892
1755 1978
1398 3543
1920 2554
1646 2938
1491 2591
1608 2078
1786 1738
1979 2584
1862 3213
1781 3314
1352 3278
1613 2618
1572 2566
1553 2011
1506 1966
1858 3166
1713 1970
1609 2517
1493 2095
1642 2140
1764 3244
1630 2521
1814 3149
1664 3271
1655 2505
1947 2550
1463 2514
1863 2655
1427 3155
1581 2970
1662 2715
1523 2303
1669 3211
1755 3069
1585 1991
1584 2113
1578 2402
1757 2650
1423 3631
1429 2591
1696 3088
1509 3152
1653 2682
1751 2485
1606 2085
1957 2592
1444 3592
1850 2610
1514 3118
1611 2141
1430 3628
1493 3061
1544 2529
1565 2956
1637 2889
1643 2137
1600 2511
1749 3293
1594 2510
1538 1993
1741 3086
1702 1652
1511 2191
1428 3551
1561 2340
1473 3649
1692 3075
1735 1637
1538 2288
1872 3200
1635 2459
1649 2439
1710 3197
1468 3141
1588 1928
1778 1562
1775 3230
1650 2459
1538 1943
1898 2569
1354 3286
1544 2963
1860 1755
1436 1935
1556 2954
1648 2836
1418 1934
1581 2196
1460 2555
1618 2820
1579 2106
1852 2610
1431 2597
1742 3233
1436 1936
1687 2710
1854 2604
1609 2511
1458 2107
1611 2571
1786 1794
1563 2010
1643 3248
1643 2821
1764 1546
1498 3140
1421 3623
1652 2881
1577 3046
1667 2929
1510 2563
1409 3079
1437 3103
1482 3089
1480 3117
1761 3053
1583 2482
1809 1688
1647 1930
1613 2653
1743 2555
1520 2596
1613 2776
1545 3086
1601 2119
1440 3188
1893 2536
1699 2971
1619 2612
1773 1875
1370 3500
1337 3503
1555 2361
1711 3216
1884 2651
1448 3543
1607 2523
1569 2366
1712 3207
1780 3176
1521 3055
1806 1822
1586 1928
683 2833
1359 3072
1771 2654
1672 2718
1610 2016
1485 3127
1729 1613
1650 2686
1432 3170
1758 3326
1502 2218
1789 1854
1581 2969
1204 3589
1532 2621
1800 3166
1570 2975
1444 3648
1603 2016
1630 2867
1532 2965
1666 3022
1699 3330
1524 3147
1672 3045
1734 1733
1614 2106
1496 2142
1818 2617
1676 2935
1739 3343
1520 2148
1444 3588
1671 2802
1685 3075
1646 1954
1885 2571
1564 2332
1600 2550
1420 1951
1818 2682
1886 3199
1579 2374
1570 1884
1441 3163
1766 1745
1450 3561
1464 2557
1354 3082
1525 2877
1628 2468
1500 2589
1829 1851
1649 2976
1708 3028
1437 3094
1739 2721
1714 2440
1447 3558
1661 3099
1451 3536
1773 1704
1905 2644
1745 1929
1565 2334
1558 3092
1715 1962
1466 2135
1792 1822
1522 3154
1703 3331
1713 2608
1627 2622
1663 3099
1742 1644
1755 3231
1710 3208
1675 3109
1898 2585
1584 2878
1501 2124
1479 2601
1568 2664
1798 1931
1482 3087
1641 2125
1340 3258
1317 3267
1652 2879
1737 2731
1614 2626
1422 1924
1398 3544
1525 2606
1733 2505
1614 2634
1817 2596
1579 3044
1398 3504
1454 2562
1875 3191
1758 2640
1720 2717
1740 2432
1604 2282
1665 3189
1850 2603
1625 2894
1635 2680
1720 1901
1867 2555
1714 3237
1415 1905
1527 2617
1335 3247
1397 1934
1566 2558
1748 3325
1618 2673
1608 2589
1778 1882
1609 2593
1581 2582
1746 3325
1432 3631
947 3646
1775 3121
1607 2168
1729 1729
1810 1692
1751 1611
1651 2888
1719 3201
1823 1853
1775 3120
1638 2983
1783 3147
1378 3079
1607 2085
1603 2586
1869 2646
1455 3108
1568 2342
1415 3495
1610 1915
1812 1858
1767 2429
1447 3560
1375 3546
1497 2592
1608 2256
1592 2391
1714 1571
1557 2568
1509 1984
1878 2571
1789 1610
1749 3086
1566 1888
1790 3143
1817 1752
1540 2892
1744 1640
1739 1671
1797 1803
1611 2594
1570 2452
1797 2616
1703 2748
1576 2973
1952 2588
1676 2979
1982 2584
1554 2561
1636 2937
1654 2173
1704 2715
1916 2550
1745 2633
1519 2116
1393 3077
1351 3273
1591 2117
1742 1719
1759 1912
1805 1706
1437 3161
1964 2599
1548 2099
1559 2092
1571 2452
1575 2199
1373 3242
1394 1895
1887 2548
1406 1938
1477 2505
1592 2289
1452 3125
1700 3274
1578 1941
1531 2133
1651 1967
1839 2672
1474 1939
1618 2139
1619 2332
1718 2982
1430 2398
1621 2640
1551 2515
1630 2774
1506 2175
1523 3133
1567 1913
1898 2575
1613 1910
1458 1930
1667 1624
1660 2916
1765 1877
1446 3588
1445 1931
1891 2557
1581 2508
1614 2159
1487 3098
1777 1903
1592 2971
1848 3158
1772 3124
1411 1898
1708 3333
1550 1901
1791 1822
1539 2216
1600 2074
1627 2872
1663 3271
1763 3250
1421 3549
1598 2586
1746 2559
1667 2718
1543 1928
1605 2651
1592 2648
1648 2364
1570 2205
1758 1699
1830 1844
1664 1897
1661 3029
1500 3156
1408 1916
1766 3059
1630 2564
1495 1951
1446 3554
1792 1717
1658 1922
1798 1772
1737 2523
1341 3260
1747 3213
1883 2560
1502 1945
1595 2448
1633 2450
1645 1949
1629 2872
1678 1951
1607 2303
1747 1881
1675 2163
1533 2981
1792 1605
1630 1916
1576 2434
1592 1956
1464 2530
1796 1577
1745 1714
1690 3206
1562 2463
1654 1938
1731 2423
1794 1579
1520 3105
1799 1722
1583 2512
1318 3269
1715 2644
1564 2962
1721 2478
1495 2196
1669 2939
1547 2881
1634 1946
1351 3250
1464 2512
1301 3248
1550 2544
1592 2998
1692 2975
1713 1592
1707 1923
1407 3556
1329 3284
1768 2430
1400 1942
1817 2598
1767 1725
1755 3294
1393 3530
1575 3028
1709 2638
1523 1980
1733 2700
1785 3146
1607 2104
1776 3238
1597 2079
1551 2290
1678 3039
1665 2730
1652 2865
1481 3641
1613 2146
1665 2992
1662 2428
1529 2611
1299 3231
1608 2150
1605 2103
1732 2712
1690 1942
1844 1748
1450 3140
1653 3044
1429 3577
1473 3645
1675 2421
1564 2658
1561 2354
1667 3207
1502 3057
1769 3314
1565 2569
1706 1937
1959 2580
1853 1766
1563 2006
1535 2877
1823 3155
1683 2973
1466 2115
1433 3268
1392 3522
1790 1603
1653 2978
1444 3072
1590 2476
1964 2605
1557 2002
1640 2975
1608 2394
1390 3512
1763 1717
1766 1956
1588 3062
682 2831
1789 1566
1605 1909
942 3032
1940 2560
1578 2642
1555 2871
1582 2305
1833 1866
1569 2459
1421 3093
1790 2401
1622 2145
1849 2603
1704 2741
1557 2212
1607 3075
1419 1919
1709 2633
1587 1890
1424 3628
1826 2636
1579 3040
1848 3172
1464 1937
1768 1856
1459 2522
1712 1920
1746 3220
1646 2940
1941 2556
1648 3005
1857 2606
1792 1790
1474 3156
1577 2203
1672 1929
1552 2575
1515 2971
1426 3119
1545 2893
1611 2110
1771 3271
1439 2598
1858 1761
1475 3103
1781 3143
1383 1943
1643 2685
1453 3665
1789 1582
1569 2919
1603 2082
1556 2586
1592 2018
1624 2484
1703 3334
1397 1940
1792 1808
1628 3256
1806 1784
1723 1911
1746 2425
1433 3605
1583 2070
1753 1874
1834 1830
1497 3156
1575 2498
1586 3009
1715 2942
1769 1753
1600 2078
1717 3033
1735 1891
1462 1943
1462 3083
1630 2858
1493 2592
1565 1932
1626 2578
1652 2794
1554 2231
1606 2901
1427 1946
1628 2341
1689 3089
1387 3538
1609 2016
1571 2523
1744 1647
1759 1878
1716 2451
1828 3155
1409 3090
1719 1590
1861 2624
1550 2525
1537 2218
1809 1749
1558 1994
1535 2211
1535 2007
1782 1863
1624 2449
1579 2094
1582 2310
1446 2551
1652 2764
1546 2374
1950 2577
1891 2585
1637 1903
1566 2136
1569 2662
1633 2934
1654 2820
1607 2143
1639 2479
1860 2606
1558 2206
1479 3094
1589 2493
1765 3086
1436 3088
1573 2936
1536 2280
1431 3110
1726 1579
1547 2952
1623 2078
1679 1607
1742 1598
1911 2546
1672 3191
1555 1889
1645 2925
1759 3181
1418 3496
1451 3209
1648 2765
1516 3149
1909 2539
1773 3309
1416 3162
1557 2918
1397 3076
1713 1933
1790 3178
1388 3076
1673 3112
1778 1736
1531 2127
1707 2433
1639 2937
1597 2395
1562 3052
1816 3149
1692 2340
1472 1925
1554 2564
1711 2634
1476 2154
1661 2171
1646 2103
1520 1980
1509 2103
1370 3083
1542 2210
1556 2095
1709 3308
1739 1940
1679 3203
1306 3258
1847 2667
1682 3100
1554 3077
1587 1938
1739 3329
1627 2616
1667 3022
1660 2698
1696 2939
1711 3331
1543 2535
1451 3667
1477 2108
1765 3247
1788 3196
1552 3086
1713 1913
1779 3153
1554 2511
1715 2465
1669 3009
1395 3077
1719 1572
1632 2336
1451 3152
1801 1810
1761 3237
1512 2569
1418 3508
1806 1693
1769 1737
1666 3099
1510 2595
1965 2606
1951 2579
1584 2260
1636 3265
1792 1916
1515 3059
1515 1979
1706 3298
1687 3268
1595 2532
1522 2009
1649 1930
1441 3562
1592 2863
1404 3630
1607 2307
1576 2470
1761 1740
1557 2914
1510 3069
1690 3235
1594 2905
1690 3060
1588 3068
1614 1921
1739 1939
1607 2550
1501 3073
1589 2010
1721 3326
1699 1905
1764 2486
1453 3264
1412 2570
1455 2121
1421 3088
1624 2332
1375 3081
1877 3158
1719 1663
1606 1912
1871 2610
1780 2638
1713 3052
1741 1902
1451 3538
1542 1934
1768 1753
1711 2646
1328 3519
1468 2520
1597 1940
1811 2610
1711 2963
1600 1937
1912 2540
1792 1914
1475 2568
1462 3078
1843 1749
1761 2559
1788 1563
1758 2410
1607 1915
1601 1915
1671 1609
1706 2626
1626 2139
1695 2717
1789 1583
1666 2903
1882 2671
1479 2511
1682 3036
1658 2732
1690 3077
1481 3637
1435 2602
1735 2670
1551 2571
1792 3195
1630 2339
1472 3087
1713 3050
1720 1936
1694 1940
1594 2983
1601 2556
1674 3062
1477 3131
1452 2547
1795 3213
1592 2553
1766 3278
1420 3548
1776 2640
1770 1548
1708 1947
1714 1925
1775 2635
1874 2571
1623 2894
1394 1937
1683 1931
1765 1731
1851 1771
1740 2715
1813 1829
1593 2087
1500 2094
1753 3319
1392 3632
1573 3059
1460 2559
1638 2985
1618 2337
1444 3094
1590 2312
1659 3089
1564 2467
1736 2741
1512 2988
1666 2506
1671 2908
1622 2079
1532 2296
1771 2648
1627 2476
1403 1939
1483 1930
1719 3233
1419 3551
1474 3111
1432 3092
1631 2904
1716 1595
1655 2428
1594 2289
1584 3063
1606 2902
1641 2859
1797 1838
1708 2638
1515 2195
1763 3330
1786 3238
1356 3287
1615 2317
1586 3013
1721 2435
1639 2970
1569 2010
1652 2863
1599 2555
1916 2644
1737 2728
1675 2525
1557 2083
1447 3076
1669 2759
1584 2854
1789 1723
1498 2989
1855 2622
1414 1935
1485 3640
1623 2058
1844 2629
1530 2615
1502 3061
1909 3176
1782 1794
1577 2015
1577 3066
1480 2163
1412 1900
1603 2083
1614 2157
1352 3091
1641 1903
1578 2873
1802 1585
1304 3254
1618 2317
1784 3315
1800 1854
1680 2417
1561 3073
1622 2585
1608 2103
1799 1822
1713 1966
1554 3082
1888 2552
1450 3069
1630 1927
1928 2559
1334 3255
1588 2077
1733 1733
1760 1889
1430 2589
1508 2192
1822 1762
1511 2984
1628 2134
1689 3205
1609 2529
1586 2650
1590 2054
1728 2594
1484 2143
1529 1929
1393 3531
1523 3042
1554 2455
1694 2414
1635 2140
1447 3671
1626 1903
1798 1857
1865 3213
1648 2366
1851 3157
1494 3143
1813 1830
1431 1896
1433 3551
1694 2977
1569 2064
1528 2313
1338 3506
1678 3093
1618 2137
1769 3125
1605 2675
1411 2573
1464 2511
1795 1860
1814 1589
1394 3535
1425 3134
1718 1935
1667 2500
1782 3190
1843 3150
1657 2984
1385 3081
1837 1769
1566 2364
1732 2484
1720 2460
1512 2545
1760 3322
1858 2558
1824 2626
1785 3145
1632 2863
1519 2982
1574 2019
1592 1924
1595 2250
1582 2682
1483 1951
1622 2528
1713 1930
1884 3194
1885 3187
1879 3190
1810 3196
1596 1914
1516 2002
1573 2941
1535 3034
1634 2473
1685 2985
1442 1943
1830 2667
1804 1588
1564 2469
1704 2436
1603 2912
1653 2486
1687 3089
1589 1931
1544 1904
1577 2959
1555 2539
1827 3156
1644 1896
1910 2644
1790 1844
1537 1993
1514 2593
1561 2243
1587 2328
1391 1936
1806 1854
1533 3104
1548 2141
1756 3250
1770 2652
1468 3136
1603 2913
1428 3073
1408 1964
1472 2569
1618 2110
1443 3172
1386 1940
1564 2580
1581 3002
1783 1748
1511 2982
1679 2336
1804 1585
1744 1887
1569 2375
1618 1911
1474 3109
1612 2075
1619 2920
1609 2619
1613 2349
1645 2924
1778 1791
1862 3199
1665 3273
1526 2983
1572 2472
1580 2286
1741 2431
1640 2756
1853 2632
1727 3081
1581 1923
1770 1752
1770 2650
1475 2564
1709 3215
1784 1872
1620 2524
1538 1995
1445 1919
1800 3188
1767 2670
1574 2403
1627 2109
1702 3282
1580 2572
1735 1722
1574 2433
1770 2406
1598 2308
1576 3072
1829 1829
1919 2577
1692 1944
1424 1895
1567 3029
1438 3643
1586 2315
1656 2702
1769 2407
1357 3529
1637 1935
1449 1921
1576 2063
1369 3507
1668 2898
1698 3081
1708 1616
1675 2523
1540 2879
1530 2321
1655 3260
1727 3233
1779 1793
1388 3495
1521 3115
1390 3501
1620 2641
1524 3046
1348 3250
1664 3020
1663 1905
1745 2482
1544 1892
1622 2895
1558 2893
1749 1608
1655 2800
1655 2819
1578 2954
1567 3025
1635 2142
1695 2943
1545 2361
1672 2428
1785 3317
1842 1868
1742 3314
1441 3211
1909 3157
1698 3303
1895 3187
1756 2644
1658 3185
1617 2639
1650 2480
1693 3210
1491 2097
1420 2572
1552 2136
1578 2581
1908 3163
1405 1897
1740 1656
949 3030
1605 1881
1631 2570
1780 3145
1602 1911
1616 2548
1656 2690
1687 2342
1977 2592
1794 1840
1744 1605
1715 3056
1580 3057
1754 1918
1717 2452
1458 3169
1450 3557
1537 1987
1712 2617
1612 2527
1803 1703
1787 3125
1407 1954
1814 1858
1387 3536
1509 2569
1660 2428
1479 3085
1513 2111
1758 2660
1801 1813
1711 3197
1647 2823
1795 1810
1772 2651
1700 3204
1573 2327
1576 2113
1742 3311
1695 1935
1577 2567
1278 3204
1595 2248
1431 1934
1780 1755
1596 2988
1711 1915
1511 3145
1659 2756
1700 3198
1830 2630
1455 1925
1642 2861
1662 2732
1603 2916
1612 2315
1568 2367
1358 3501
1802 1880
1437 1976
1605 1917
1559 2340
1636 2842
1762 2429
1536 2233
1668 3018
1769 2425
1402 1925
1815 1865
1603 2521
1729 1882
1633 2051
1443 2542
1717 2465
1572 2199
1731 2974
1442 3090
1659 3038
1681 3208
1783 1756
1747 1877
1648 3252
1736 1626
1569 2006
1423 1922
1614 2074
1557 2582
1561 2319
1728 2966
1800 1600
1429 3106
1454 3085
1709 2967
1348 3275
1725 1912
1447 3610
1658 3099
1455 3593
1447 3551
1477 3110
1409 1953
1764 3057
1644 2925
1585 2401
1581 2106
1552 2511
1443 3261
1587 2497
1531 3140
1663 2344
1580 2040
1651 2877
1786 1732
1519 2524
1620 2637
1408 1908
1820 2663
1779 1561
1661 3001
1587 1924
1496 2114
1687 3273
1398 2459
1704 1657
1613 2293
1533 2611
1436 3246
1759 3167
1442 3152
1491 2196
1398 3559
1635 2848
1743 1721
1579 2585
1719 3053
1575 2434
1542 2289
1716 1950
1754 1688
1388 3538
1597 1973
1430 2574
1534 2282
1627 3255
1538 2294
1656 1958
1472 3183
1471 2523
1538 2532
1439 1962
1776 2408
1747 1909
1423 3135
1831 1830
1612 2351
1431 1954
1749 1703
1429 3125
1416 2583
1563 2574
1781 3170
1662 2096
1478 1939
1635 2458
1543 1904
1962 2599
1705 3071
1577 2116
1716 1966
1533 3109
1616 2136
1886 2531
1654 2803
1619 2901
1769 1935
1535 1913
1755 2478
1558 2239
1449 1920
1716 2435
1777 1929
1766 3121
1647 1936
1797 3165
1486 2598
1375 3545
1429 3169
1923 2580
1424 3090
1761 2431
1664 2719
1577 2105
1586 2485
1396 3535
1438 3265
1459 1926
1661 2934
1720 1610
1499 1959
1787 1564
1617 2615
1735 2972
1577 2051
1536 1911
1744 3342
1613 2584
1475 2524
1812 3151
1704 1907
1436 3586
1743 2716
1509 2182
1541 1908
1716 2645
1554 3100
1542 1944
1776 1929
1818 1758
1523 2004
1439 2561
1629 2339
1765 3246
1573 2291
1858 2557
1850 3160
1719 3069
1589 2861
1636 2139
1588 2970
1682 1954
1451 3134
1544 2316
1911 3173
1680 3203
1602 2660
1659 2728
1737 2490
1632 1897
1602 2450
1847 2669
1758 2496
1745 3349
1438 3130
1779 3315
1832 1760
1667 3208
1682 3270
1641 2812
1706 3336
1574 2985
1472 2114
1713 2747
1711 1907
1726 2509
1454 3115
1471 1929
1599 1911
1604 1911
1467 3099
1581 2476
684 2838
1618 2663
1832 2634
1909 3158
1747 1674
1715 1913
1789 3177
1784 1586
1664 2339
1392 1905
1580 2407
1576 2641
1681 2894
1576 2982
1313 3271
1540 2205
1747 3086
1440 3636
1768 3056
1548 3028
1612 2067
1889 2530
1393 3073
1597 2576
1748 2563
1765 1709
1596 2865
1464 3598
1712 2984
1550 3019
1581 2108
1504 2594
1661 1922
1654 2484
1595 2268
1681 2171
1797 1857
1713 2750
1672 2998
1715 1595
1341 3273
1632 2459
1586 2072
1707 1660
1651 2105
1696 2333
1547 2531
1661 2503
1821 3159
1723 2951
1543 2319
1661 2355
1554 2338
1180 3550
684 2839
1911 2648
1490 1940
1842 3164
1820 1762
1642 1928
1402 3626
1762 3219
1664 2702
1698 2712
1792 1774
1338 3261
1788 2609
1777 3131
1481 3606
1428 3109
1488 1941
1815 2603
1455 2106
1442 3639
1565 2129
1720 1573
1444 2544
1546 2363
1820 1859
1603 2528
1414 3506
1488 2141
1615 2342
1897 2567
1575 2376
1865 2571
1454 3135
1424 3119
1637 2469
1554 2542
1509 1970
1627 2673
1677 2980
1910 2554
1538 2295
1590 2641
1799 1766
1781 2654
1900 2588
1210 3583
1647 2498
1540 2536
1785 1740
1584 2323
1771 3261
1753 3228
1411 3631
1791 1717
1444 3655
1699 3283
1648 2892
1709 1908
1765 3317
1641 2492
1485 2098
1774 1931
1487 3093
1556 3084
1575 3061
1693 3193
1731 1877
1480 3181
1581 2506
1679 1922
1693 3209
1665 3269
1516 2972
1806 2618
1472 3157
1737 1677
1715 1658
1659 2985
1556 2918
1890 2568
1443 2545
1623 2677
1671 3036
1724 2613
1729 2750
1530 3038
1841 1868
1667 2087
1576 2418
1524 3102
1775 3272
1649 2449
1537 2901
1820 1586
1773 1796
1749 3068
1774 3227
1912 2642
1659 3184
1546 3085
1437 3564
1653 2337
1449 2555
1549 2881
1376 3544
1711 2964
1517 3129
1599 2983
1580 2047
1800 1783
1772 2393
1577 2065
1783 1794
1495 2219
1503 2181
1724 3065
1500 3082
1300 3226
1771 1588
1774 1540
1640 2681
1452 3267
1892 2569
1744 2569
1642 2124
1330 3516
1421 3087
1753 2564
1677 2409
1787 2397
1806 1767
1896 3190
1774 1558
1737 2481
1766 3100
1775 1931
1553 2231
1885 3185
1507 3045
1685 1595
1903 3169
1575 2447
1446 3651
1605 2145
1837 2636
1478 2513
1327 3510
1777 1736
1728 2515
1792 3170
1717 2436
1704 1598
1404 3077
1600 1951
1558 3075
1743 3347
1683 3083
1548 3036
1581 3047
1396 1940
1922 3178
1465 2559
1580 2878
1442 3257
1415 2581
1702 3289
1766 1539
1847 3165
1887 2649
1430 3156
1666 3005
1613 2395
1559 2539
1721 3068
1769 1869
1440 3563
1636 2899
1512 2105
1606 2914
1577 2676
1475 1959
1648 2889
1378 3238
1525 3088
1796 1752
1828 2627
1333 3510
1363 3535
1667 1608
1523 3105
1303 3214
1443 1938
952 3033
1452 3157
1602 2173
1770 2429
1818 1751
1717 2619
1525 3053
1286 3206
1731 2479
1377 3503
1695 3308
1779 1868
1299 3244
1689 2710
1663 2919
1408 2569
1634 2121
1681 1638
1629 2866
1612 2593
1669 3209
1935 2560
1591 2648
1714 2978
1606 3077
1475 3102
1605 2564
1487 2126
1513 3071
1388 1912
1502 2550
1819 2690
1586 2060
1409 1922
1749 3335
1945 2546
1592 1994
1749 1603
1785 3192
1567 3061
1414 3076
1519 3125
1814 1865
1526 2199
1622 2637
1407 1922
1611 2582
1694 1593
1656 2876
1582 2412
1732 2699
1745 1577
1588 2485
1412 3505
1608 2770
1422 3510
1583 3021
1631 2110
1593 2514
1734 1744
1750 1906
1675 3254
1707 3065
1690 2421
1579 2501
1916 3156
1717 1950
1965 2603
1579 1946
1685 1904
1467 2522
1724 2594
1609 2067
1493 2096
1719 2458
1418 3222
1585 2909
1404 3089
1596 2015
1750 2754
1775 3118
1516 2544
1653 2713
1876 3193
1546 2137
1765 1716
1410 3078
1755 1690
1507 3146
1385 3078
1748 3085
1561 1887
1764 1956
1756 2626
1681 2986
1652 1955
1712 1954
1708 3229
1768 1754
1512 1976
1497 2124
1578 2036
1665 2430
1622 2620
1787 1575
1699 1611
1573 2573
1574 2575
1729 1634
1658 2719
1758 3074
1614 2334
1788 2612
1583 1959
1774 3139
1770 2664
1375 1937
1667 2341
1564 2468
1490 2122
1632 2680
1542 2239
1426 1932
1453 3108
1613 2296
1649 2770
1354 3534
1549 2515
1746 2558
1516 3040
1624 2660
1553 2570
1574 2423
1548 2083
1963 2599
1731 1705
1787 1747
1449 3607
1540 2329
1737 2752
1723 2594
1548 2209
1428 2591
1598 2670
1880 2664
1671 3063
1737 2509
1404 3505
1836 3153
1702 3309
1764 3066
1572 2424
1374 3244
1882 2657
1864 2601
1574 2015
1523 3088
1492 3065
1580 1901
1728 2596
1649 2146
1477 2569
1542 2540
1631 2483
1551 2575
1718 2983
1469 2523
1575 2947
1642 2680
1770 2385
1647 3087
1792 3175
1715 2969
1824 2668
1774 3121
1590 2638
1812 3148
1582 2115
1579 2517
1817 3155
1738 3350
1450 3174
1662 2511
1868 3166
1756 3110
1580 2059
1626 2619
1797 3164
1545 2315
1862 2639
1487 2158
1426 3135
1539 2879
1565 2561
1551 2000
1499 2219
1683 3094
1854 2655
1767 1749
1646 3269
1775 1927
1612 2132
1714 3208
1797 3212
1686 1629
1404 1913
1592 2856
1680 2979
1690 2973
1574 2431
1728 3327
1649 1929
1963 2581
1799 1933
1894 2588
1757 1688
1613 2134
1610 2022
1460 2528
1574 2073
1565 2085
1861 3164
1525 1991
1752 1942
1393 3561
1804 1683
1559 2894
1519 2511
1665 2349
1430 2572
1707 2634
1798 3174
1777 1933
1460 2134
1449 3641
1690 2419
1755 3332
1432 1934
1753 2475
1782 3143
1510 3039
1892 2595
1710 1615
1650 2438
1583 1985
1481 2131
1571 2919
1779 2664
1672 3091
1518 3057
1509 2571
1650 2157
1620 2482
1718 1933
1432 2592
1691 2336
1623 2589
1394 3558
1895 3203
1586 3007
1677 3251
1602 2979
1485 3128
1594 2968
1732 2589
1394 3506
1598 2170
1362 3085
1636 2940
1772 3261
1648 1965
1509 1977
1665 2888
1770 2386
1562 2675
1659 2818
1604 2142
1738 2408
1637 2476
1577 2385
1606 2530
1637 2680
1792 1922
1743 1640
1460 2563
1552 2880
1710 2658
1653 2822
1581 1943
1552 2322
1381 3238
1845 2623
1576 2015
1652 2435
1587 2487
1521 2510
1563 2478
1628 2644
1522 3155
1446 3175
1795 1831
1295 3328
1493 3138
1861 3167
1756 3297
1751 1872
1862 3167
1744 2600
1578 2511
1455 2555
1588 1978
1868 3200
1561 2091
1713 1902
1633 1938
1874 2651
1617 2618
1619 2422
1422 3550
1588 1970
1412 1903
1608 2512
1607 2394
1783 3189
1484 2163
1570 2954
773 3654
1570 1937
1612 1910
1570 2073
1774 3316
1748 1901
1530 3037
1424 2594
1730 1606
1795 1792
1665 2518
1800 1829
1860 3201
1587 1994
1752 2487
1950 2591
1334 3269
1531 2959
1713 1611
1652 2161
1588 2494
1606 2534
1563 3026
1866 2573
1653 2789
1658 2112
1525 2018
1523 3132
1585 2052
1451 3270
1346 3250
1646 2341
1789 2400
1537 1986
1674 2996
1738 1576
1507 2138
1637 2940
1605 3067
1603 2875
1563 2334
1611 2018
1651 2955
1597 2903
1781 2432
1596 2281
1599 2092
1836 2668
1650 3010
1392 3531
1561 2090
1582 2481
1554 3085
1771 1552
1735 3352
1774 3275
1713 2976
1674 1619
1429 1898
1439 2402
1691 3204
1649 2903
1729 2510
1668 2909
1436 2560
1633 1937
1851 2616
1564 3051
1428 1932
1719 1902
1374 1937
1508 2543
1624 2671
1811 1815
1505 2539
1551 2519
1570 2648
1392 3526
1629 2633
1669 2996
1620 2136
1571 3067
1661 2952
1412 2574
1855 3215
1829 1843
1610 2106
1537 2624
1376 3246
1730 2702
1739 2705
1586 2944
1675 2420
1953 2585
1785 1744
1483 3150
1576 2322
1568 2892
1540 2137
1635 2134
1776 2645
1775 3128
1613 2522
1620 2659
1779 3154
1631 2522
1818 2690
1602 2528
1389 3497
1628 1915
1693 1603
1495 2198
1769 1898
1689 1632
1727 2619
1819 1859
1879 3161
1509 2531
1749 2599
1784 3314
1580 2082
1668 2521
1561 2675
1767 1868
1411 3632
1650 2773
1646 2949
1680 1929
1626 2471
1180 3549
1353 3546
1511 2171
1585 2458
1535 1987
1626 2115
1720 2714
1463 3598
1780 3168
1595 1883
1688 2710
1667 3094
1569 2081
1456 3546
1572 2101
1488 2134
1479 3114
1922 2558
1751 3268
1608 2774
1938 2571
1401 3566
1605 3066
1731 3327
1541 2900
1570 2641
1510 2144
1368 3545
1631 2571
1617 1906
1539 2236
1449 3151
1605 2084
1519 3119
1715 1640
1417 2592
1673 2996
1585 2400
1578 3045
1789 2608
1411 1939
1709 1951
1772 3153
1615 2902
1736 1642
1376 3079
1715 2630
1709 2616
1479 1955
1756 3204
1510 2555
1756 3311
1577 2292
1636 2930
1653 2451
1348 3251
1593 2013
1563 2648
1752 1706
1582 1960
1541 2337
1573 2955
1670 1622
1612 2554
1435 3563
1850 1763
1640 2939
1737 1579
1571 2061
1580 2483
1888 2551
1568 2205
1629 2528
1486 3166
1592 2857
1728 2710
1451 1915
1513 2148
1739 2731
1750 2485
1963 2608
1831 1834
1410 2572
1659 2727
1631 1911
1429 3118
1726 3325
1624 2672
1440 3178
1206 3590
1665 3005
1458 2133
1666 2739
1614 2652
1624 1910
1743 2561
1697 3211
1604 1920
1609 2307
1695 3282
1631 2866
1478 3104
1466 1930
1556 2333
1678 3270
1762 3115
1709 3060
1795 1813
1791 3165
1717 2943
1592 1962
1640 2755
1609 2618
1723 3081
1775 1757
1548 2301
1539 2125
1722 2667
1423 3069
1800 3169
1746 3070
1594 2500
1751 2597
1689 1963
1958 2597
1524 1998
1637 1902
1711 2951
1537 2217
1746 1891
1710 2952
1676 2941
1576 2377
1760 1609
1709 3331
1649 1932
1354 3542
1479 1957
1892 2588
1672 3064
1599 2450
1557 2233
1517 2514
1570 1936
1447 3090
1674 2341
1878 2657
1768 2432
1824 1851
1745 3104
1670 3211
508 3445
1644 2097
1731 2484
1804 1699
1676 1946
1649 1963
1757 1914
1597 2257
1712 3326
1585 2498
1861 3220
1630 2045
1524 3089
1367 3502
1549 2109
1653 2439
1518 2148
1628 1920
1631 2459
1506 2990
1438 3594
1399 1917
1633 1944
1883 3166
1369 3506
1965 2584
1621 2567
1849 1778
1662 2918
1331 3510
1622 2476
1519 2517
1579 1881
1671 1626
1609 2262
1357 3089
1615 2766
1655 2438
1735 2696
1890 2581
1573 1918
1728 2674
1663 2938
1763 1739
1545 2373
1855 2610
1686 3091
1422 3627
1618 2445
1577 2447
1397 3630
1757 1901
1622 2453
1405 1910
1564 2337
1533 2204
1510 2148
1618 2667
1479 2110
1531 2982
1337 3254
1379 3549
1548 2004
1409 3493
1599 2585
1913 2541
1822 3167
1549 2292
1379 3532
1464 3145
1596 2916
1610 2644
1618 2467
1859 1752
1705 1614
1784 1931
1610 2105
1656 2426
1728 2711
1769 1954
1783 3238
1782 1869
1566 2211
1853 1761
1466 3101
1517 3118
1681 3100
1707 1949
1754 2655
1535 2966
1635 3088
1687 2345
1581 2388
1389 3533
1597 2075
1707 3321
1762 2488
1554 2510
1715 1896
1438 1962
1663 2704
1604 2918
1574 2947
1729 1745
1660 2956
1973 2580
1490 3087
1767 1956
1648 2921
1616 2770
1695 2418
1781 2439
1738 1704
1441 3101
1364 3499
1860 2658
1777 3317
1630 2763
1606 2913
1532 2536
1619 2469
1761 3260
1766 1747
1530 1986
1540 2239
1605 2069
1777 1745
1606 2355
1601 2394
1679 1930
1473 2566
1681 3262
1781 2438
1751 1606
1715 2714
1589 1935
1291 3219
1774 2664
1595 2906
1554 2543
1446 3152
1536 2232
1799 1765
1882 2540
1711 1611
1644 2899
1699 3071
1656 2825
1529 2309
1380 3549
1604 2563
1757 3206
1431 3139
1459 2528
1945 2550
1542 2094
1813 1863
1573 3060
1660 2802
1584 2112
1542 1938
1452 1915
1516 3127
1764 3044
1761 3179
1445 3600
1533 2126
1791 1932
1812 2605
1673 3083
1655 2330
1742 1660
1410 3509
1534 1911
1798 1722
1459 3130
1701 2332
1629 2844
1575 2090
1620 2768
1428 3115
1749 1578
1438 2407
1298 3245
1656 2348
1378 3234
1561 1939
1795 1863
1633 2821
1451 2559
1607 2017
1676 2714
1689 2418
1750 1893
1504 2093
1442 2552
1767 2376
1447 3112
1504 2094
1792 3223
1763 1727
1535 2290
1433 3131
1745 2684
1805 1705
1719 1664
1663 2888
1699 3040
1669 2719
1452 3644
1564 2523
1440 3638
1663 3029
1754 3108
1619 2923
1690 3067
1638 2334
1719 2439
1829 1852
1555 2326
1477 2503
1452 3167
1449 3088
1799 1684
1675 3094
1893 3185
1758 2558
1849 1767
1767 2424
1887 3168
1692 2945
1557 1994
1699 1592
1669 2891
1617 2825
1609 2147
1466 3131
1609 2421
1765 1754
1461 3593
1731 2574
1662 1929
1441 3097
1805 3156
1438 3143
1661 2095
1567 1896
1704 2949
1481 3126
1740 1673
1551 1918
1448 3072
1771 3270
1316 3258
1548 3042
1436 3131
1909 3168
1754 3170
1612 2290
1568 2960
1717 2434
1886 3195
1762 3174
1638 2758
1755 3328
1919 2591
1388 3504
1482 2585
1554 2888
1701 1611
1712 3034
1706 3204
1610 2540
1606 2122
1333 3269
1767 3240
1832 2621
1523 2128
1492 3102
1450 3164
1519 3107
1431 3089
1576 2566
1571 2927
1522 2202
1501 2201
1603 2915
1655 1954
1594 1924
1628 2334
1728 2675
1708 1892
1798 2613
1754 3326
1586 3062
1761 3312
1710 3327
1527 1992
1782 2403
1437 3162
1737 3327
1484 3147
1371 3245
1783 1880
1571 2880
1745 2563
1577 2440
1837 1764
1717 2621
1453 3663
1327 3514
1642 1957
1772 1947
1696 2977
1775 2648
1553 2322
1626 2566
1332 3276
1740 3314
1481 3141
1913 2548
1564 2066
1659 1920
1506 3149
1574 2935
1781 1794
1742 3349
1737 3331
1432 1937
1708 1951
1450 3613
1591 2553
1532 2325
1642 2853
1345 3247
1453 3105
1755 2385
1482 3604
1792 1873
1568 3025
1394 1894
1786 1733
1507 2990
1972 2610
1846 3165
1744 1704
1523 2597
1601 2063
1475 3142
1843 1779
1595 2330
1585 2099
1732 2576
1583 3035
1600 2172
1476 3112
1578 1975
1661 2432
1335 3269
1745 1907
1665 3093
1756 1892
1480 2125
1633 2449
1749 2562
1506 2555
1638 2977
1679 1633
1555 2339
1633 2849
1581 1941
1578 2448
1643 2547
1623 2892
1475 3156
1401 3565
1970 2598
1613 2771
1703 2981
1455 3590
1527 1996
1788 3316
1580 2196
1876 3180
1748 1933
1589 1936
1668 3195
1725 1577
1519 2194
1369 3082
1786 3197
1529 2202
1391 3073
1543 2366
1592 2561
1714 1640
1795 2622
1805 1790
1557 2522
1442 3263
1845 3171
1693 3212
1434 3583
1853 1775
1791 3171
1734 2435
1742 1596
1425 1902
1480 2112
1717 3032
1625 2437
1644 2891
1734 2725
1470 3164
1627 3060
1852 1755
1662 2903
1541 3034
1683 2886
1452 3216
1607 2548
1616 2316
1867 2660
1441 3170
1562 2210
1777 1906
1645 2142
1592 1882
1760 3167
1848 2659
1620 2602
1654 3257
1534 2961
1560 2901
1761 1897
1609 2522
1483 3154
1728 2941
1519 2550
1544 2891
1544 2116
1636 2764
1586 2651
1743 1972
1780 2618
1543 2882
1787 3164
1730 1712
1525 3089
1856 2619
1659 3044
1558 3100
1407 1948
1767 1609
1718 2621
1816 2677
1475 3110
1634 2828
1654 1955
1684 3254
1753 3104
1719 2631
1757 2389
1812 2616
1683 3204
1659 3114
1587 2095
1468 2553
1547 2004
1599 1879
1535 2127
1421 3089
1853 3161
1558 2219
1649 2461
1574 2970
1656 3093
1541 1907
1557 3090
1643 2334
1716 1912
1614 2053
1739 1573
1806 1776
1648 3094
1738 2510
1534 2322
1757 1701
1780 3237
1865 2572
1824 1854
1742 2737
1420 1923
1572 2072
1662 2489
1485 2128
1889 2564
1742 2637
1878 3191
1741 3176
1646 3072
1762 3166
1548 2359
1852 1780
1781 1557
1625 2639
1656 1922
1705 2746
1528 2005
1401 3631
1830 2629
1472 3139
1863 2605
1528 2139
1657 3261
1433 2600
1705 3205
1594 2982
1518 2150
1521 3091
1439 3594
1585 2293
1554 2116
1629 2108
1746 1892
1727 1908
1303 3261
1543 2330
1798 1827
1659 2357
1738 2638
1686 2987
1285 3227
1529 3105
1665 2351
1474 2515
1662 2698
1668 3111
1570 3067
1439 3218
1391 3515
1768 3165
1507 2976
1814 1873
1646 1936
1446 2546
1938 2564
1554 2527
1777 1562
1754 3069
1790 2404
1510 2529
1576 3062
1442 3087
1575 2444
1708 1953
1813 1870
1454 3117
1729 2592
1468 2555
1328 3514
1709 2623
1708 2754
1706 2983
1616 2549
1597 2533
1393 3524
1790 2632
1746 3278
1616 2672
1749 2545
1785 3163
1558 1993
1794 1927
1562 2961
1604 2635
943 3040
1578 2254
1753 2419
1768 2490
1648 2886
1778 3147
1449 2548
1434 1934
1701 3065
1637 2112
1575 2683
1583 2307
1616 2057
1569 2638
1769 1861
1612 2646
1720 1940
1483 3146
1651 2798
1557 2339
1803 3169
1473 3119
1823 2624
1650 2863
1537 2211
1609 2354
1890 2580
1730 2476
1391 3505
1456 1924
1419 3084
1631 2563
1579 2108
1649 2760
1723 1632
1352 3544
1718 2658
1856 3164
1659 2913
1488 3102
1558 3076
1639 3078
1596 2067
1847 2623
1867 2654
1735 1627
1470 1938
1447 3544
1410 3490
1738 1580
1553 1885
1720 1568
1451 1965
1439 3171
1541 2299
1549 2304
1584 2908
1782 3191
1855 1761
1614 2113
1393 3518
1593 2020
1712 2718
1831 1767
1618 2907
1594 2085
1645 2334
1560 3048
1536 2122
1330 3267
1706 1660
1609 2162
1602 2530
1528 2910
1457 3133
1632 2331
1441 3596
1977 2584
1672 2427
1475 2138
1692 2944
1653 2107
1804 1767
1797 1752
1341 3268
1745 1934
1574 2455
1558 2519
1762 1741
1605 2079
1589 2979
1447 1919
1967 2584
1439 3217
1542 2297
1723 1603
1810 1761
1529 1926
1306 3229
1409 1917
1648 3091
1357 3079
1545 1926
1689 3263
1699 3338
1730 2415
1483 2113
1683 2978
1642 3255
1711 2960
1480 3640
1732 2501
1591 2253
1599 2176
1572 2681
1504 2535
1575 2420
1763 1746
1446 3097
1778 1909
1569 2650
1761 3313
1685 2335
1393 1894
1642 2334
1217 3582
1427 3577
1440 3141
1776 2407
1534 2876
1700 1620
1569 2365
1725 1583
1894 2527
1796 2616
1612 2423
1678 2412
1967 2599
1606 2520
1682 1949
1579 2104
1463 3176
1527 2316
1891 2541
1513 2110
1528 1986
1819 1866
1604 2674
1799 1773
1599 2509
1629 2134
1608 2443
1765 1544
1678 1630
1754 3294
1466 2557
1347 3080
1778 1742
1751 3179
1687 2515
1483 3122
1410 3508
1649 2842
1516 2569
1670 2946
1360 3083
1761 3326
1789 1876
1611 2399
1439 3170
1915 2551
1689 1903
1578 2653
1692 3203
1776 2663
1545 2312
1648 1931
1532 2905
1804 1580
1494 1950
1835 1830
1612 2309
1638 2333
1354 3087
1752 1683
1590 2073
1610 2264
1418 3223
1515 3037
1762 3267
1728 2483
1519 2600
1750 1944
1631 2138
1412 3630
1960 2581
1543 2296
1616 2654
1496 2094
1603 2279
1959 2582
1719 2459
1429 3134
1583 1991
1729 2473
1528 2536
1464 2566
1438 3144
1597 2532
1434 3089
1670 2893
1615 2657
1569 1940
1895 2527
1529 2128
1489 2094
1571 2330
1772 1877
1860 2656
1866 1748
1773 1541
1783 1557
1650 2369
1668 2431
1557 2094
1747 1601
1538 1930
1517 3117
1438 3550
1716 1611
1545 2236
1850 3155
1560 2652
1462 3591
1851 2607
1440 3215
1718 2712
1619 2663
1581 2285
1509 2985
1490 2596
1668 2817
1486 2140
1650 2960
1716 1947
1594 2246
1773 1877
1680 3039
1695 3089
1446 3261
1740 1635
1652 2982
1785 1743
1661 2758
1432 3144
1788 3226
1710 2751
1596 2508
1440 3087
1598 2570
1526 2598
1671 2900
1576 3071
1765 1542
1632 2981
1436 2563
1664 2995
1776 1797
1913 2547
1441 3147
1657 1939
1706 3211
1721 2618
1617 2527
1756 2591
1599 2992
1559 2148
1733 2604
1589 1979
1747 3335
1567 2558
1958 2589
1737 2499
1578 3040
1657 3254
1579 2061
1698 3055
1819 1752
1617 2664
1747 2548
1637 2121
1503 2584
1785 1757
1600 2585
1704 2981
1649 2800
1748 1972
1847 2630
1603 2495
1499 2210
1471 3172
1440 3092
1595 1954
1787 1565
1497 1952
1755 2566
1555 2582
1653 2158
1578 2514
1570 2202
1719 3232
1574 1920
1733 2416
1722 2620
1885 2567
1482 3154
1734 2499
1603 2622
1593 2400
1636 2864
1754 3230
1531 2873
1802 2607
1766 2668
1609 2263
1711 1608
1749 3258
1573 2933
1719 2474
1362 3534
1476 3141
1765 2636
1640 2107
1481 3125
1759 1751
1728 3083
1580 2584
1476 1939
1804 1814
1647 2145
1435 1959
1615 1927
1649 2499
1609 2124
1546 2198
1685 3074
1732 1602
1625 2634
1601 2983
1742 1971
1440 3568
1813 1873
1600 2497
1624 1919
1668 2750
1623 2076
1548 1944
1500 2124
1452 3103
1701 2329
1865 3222
1479 2599
1624 2768
1859 2613
1748 3342
1749 2543
1737 2729
1667 1910
1516 3073
1646 3267
1518 3117
1684 2972
1555 2080
1431 1935
1422 2570
1568 2010
1611 2909
1631 3064
1831 2624
1207 3590
1425 3645
1687 3061
1782 1904
1816 2604
1437 3067
1910 2641
1581 2504
1635 2869
1889 2568
1401 3554
1858 3212
1671 3210
1464 3592
1777 1607
1613 2111
1520 2196
1206 3592
1329 3518
1896 3191
1693 3305
1560 2876
1740 3218
1412 3494
1707 2969
1658 2952
1726 2677
1629 2773
1565 2337
1512 2552
1527 2877
1706 3224
1297 3245
1568 1893
1554 2098
1696 2717
1675 2162
1921 3169
1579 2652
1753 1970
1588 3013
1793 3213
1656 2169
1855 2621
1843 2673
1423 2591
1586 2409
1641 2854
1589 2411
1605 2516
1774 3272
1672 3210
1664 2337
1667 3274
1817 1828
1568 2249
1395 3565
1741 2718
1492 2093
1623 2437
1504 2198
1539 2223
1613 1908
1766 1720
1796 1804
1547 1900
1658 2814
1621 2484
1597 1967
1886 3172
1695 3192
1591 2494
1738 3256
1663 2707
1744 3236
1722 2947
1678 2941
1721 1657
1532 3103
1523 3131
1761 1718
1584 1889
1691 3059
1593 2871
1802 1755
1473 3155
1752 2670
1858 3215
1748 1611
1759 1901
1883 2556
1726 1603
1545 2308
1646 2926
1665 2999
1749 2654
1792 1589
1695 1940
1486 3657
1771 2386
1714 3031
1277 3200
1606 2060
1921 2577
1459 3153
1602 2083
1593 2102
1667 2930
1677 2976
1669 1909
1546 2307
1551 2323
1610 1926
1796 1854
1674 1926
1797 3214
1776 2647
1608 2396
1681 1950
1527 3139
1690 3089
1652 2327
1653 2338
1754 3231
1827 2624
1557 2130
1617 2587
1768 2419
1580 2078
1503 2189
1635 3089
1579 2512
1785 3140
1560 1996
1610 2585
1581 2516
1589 2878
1354 3294
1598 1949
1686 3081
944 3027
1565 1924
1605 2918
1716 1917
1414 1913
1791 1753
1669 3098
1740 2425
1879 2665
1402 1960
1580 2390
1618 2152
1362 3091
1578 2440
1452 3667
1456 3105
1674 3081
1643 2096
1707 3220
1916 2582
1610 2659
1546 2536
1562 2007
1710 2438
1474 3121
1569 2202
1511 2109
1779 1746
1720 1939
1483 2157
1579 2054
1664 2350
1570 2524
1647 1956
1449 1976
1369 3508
1778 1935
1631 2679
1499 2092
1497 2112
1846 1758
1755 1909
1653 2171
1437 3197
1886 3166
1679 3208
1805 1744
1531 2621
1662 2989
1884 2592
1360 3500
1588 2020
1757 3108
1429 1901
1698 3294
1528 2625
1585 2103
1779 2633
1411 1951
1754 2487
1793 1563
1447 3545
1745 3175
1597 1953
1536 1896
1780 3238
1521 2137
1592 2294
1894 2555
1827 1854
1909 2557
1623 2587
1771 2651
1556 2451
1743 2429
1890 2551
1573 2462
1543 3035
1557 1937
1473 3140
1464 2565
1640 2845
1708 1597
1918 2551
1673 2520
1703 2716
1800 1858
1542 2338
1579 2937
1557 2245
1631 2131
1659 2427
1654 2146
1745 1880
1827 1859
1675 3049
1642 3085
1618 2626
1605 2398
1789 3321
1550 2219
1506 2536
1731 3229
1656 2800
1563 2953
1675 3051
1288 3218
1791 3224
1763 3328
1620 2317
1583 1989
1601 2022
1440 3173
1555 2221
1597 2554
1563 2665
1535 2962
1638 3085
1741 1696
1741 2671
1769 1866
1829 2623
1680 3265
1708 1954
1738 2494
1478 3118
1533 2209
1607 2520
1575 2682
1755 1977
1716 2432
1493 2160
1706 3319
1655 1955
1603 2658
1377 3529
1539 2899
1545 1903
1557 3095
1508 2973
1685 3080
1499 3155
1691 3206
1737 2944
1535 1915
1578 2115
1580 2488
1644 2812
1556 1889
1483 2114
1805 1876
1907 3171
1699 2503
1431 1942
1723 2714
1636 2887
1972 2589
1809 2607
1456 3125
1666 2730
1606 1882
1575 2375
1545 3099
1513 2545
1854 2658
1783 1585
1646 2948
1764 3259
1643 2110
1942 2570
1649 2368
1910 3172
1552 2077
1853 2660
1648 2151
1712 1917
1836 2629
1404 3081
1273 3201
1609 2661
947 3030
1675 2893
1655 2483
1659 2927
1619 2661
1438 3201
1324 3526
1668 3016
1567 1889
1804 1701
1485 2154
1669 2892
1575 2575
1767 3094
1366 3230
1854 3168
1502 2552
1603 2640
1576 2652
1610 2017
1615 1912
1597 2271
1482 2153
1613 1926
1610 2588
1524 2967
1599 2913
1677 3199
1441 3201
1438 2600
1392 1935
1579 2080
1758 3308
1638 3076
1428 1904
1434 2591
1583 2972
1475 3125
1770 3235
1901 2589
1731 2487
1759 2630
1352 3290
1476 3180
1510 3043
1624 2900
1864 3195
1478 3174
1421 3507
1740 3249
946 3028
1481 2119
1535 2295
1845 1755
1719 2453
1509 2141
1568 1986
1666 2901
1577 2448
1429 1899
1629 3052
1665 2719
1620 3056
1565 2343
1498 2988
1684 2980
1475 2121
1403 1945
1744 3329
1614 2902
1580 1993
1680 1904
1804 1859
1729 1728
1862 3215
1480 1950
1596 2076
1559 2522
1722 2961
1533 1929
1581 2683
1565 3023
1523 3124
1651 3250
1524 2017
1570 2419
1516 2004
1891 2535
1534 2003
951 3038
1467 1931
1548 2376
1420 3494
1771 1564
1769 3242
1627 2569
1777 3311
1806 1789
1773 3277
1550 2331
1473 1921
1663 2884
1457 2134
1772 1598
1688 3053
1388 3558
1827 3159
1719 2748
1591 1989
1741 2715
1330 3252
1575 2203
1520 3078
1768 3054
1693 3086
1951 2546
1439 3148
1730 1740
1416 3163
1828 2635
1589 2957
1748 3324
1582 2309
1681 1915
1562 2570
1590 2293
1516 3118
1864 3215
1630 2044
1768 1704
1611 2015
1467 2113
1655 2710
1528 3058
1727 2587
1540 1994
1426 3114
1546 2096
1749 3180
1777 1928
1691 3079
1630 2873
1757 2647
1678 1918
1424 3095
1665 1912
1327 3512
1792 1710
1687 3204
1511 2994
1643 2954
1611 2395
1746 2735
1658 2956
1771 2408
1759 1742
1718 2627
1730 3085
1698 2417
1688 1620
1670 3043
1779 3318
1860 2644
1568 2471
1582 2416
1360 3088
1681 3096
1599 2290
1718 2466
1681 2413
1911 3175
1496 2095
1489 2144
1820 1584
1681 3095
1392 3528
1769 1856
1627 2111
1699 3301
1685 2893
1581 3046
1390 1904
1412 3077
1743 1698
1696 1935
1639 2121
1615 2665
1590 2955
1797 3157
1390 3499
1635 2523
1593 2257
1436 2590
1560 2956
1544 2330
1710 2629
1575 2883
1769 1913
1407 1898
1739 1581
1887 3169
1512 3059
1406 3505
1730 2527
1652 2981
1442 1941
1657 2109
1665 2728
1634 2816
1822 3159
1761 3308
1797 3174
1521 3152
1887 2534
1643 2136
1529 2874
1580 2043
1436 3221
1750 3217
1625 2857
1595 2091
1654 2999
1551 2079
1738 1674
1463 2572
1454 1923
1503 2539
1739 2723
1393 3546
1519 3116
1757 2386
1902 3196
1381 3085
1596 1883
1733 2436
1555 2581
1681 3209
1603 2494
1740 1645
1497 2190
1541 2330
1662 3051
1668 3185
1710 1921
1483 2110
1753 1873
1733 3331
1774 1755
1785 3226
1614 2527
1746 1579
1680 2946
1707 2967
1594 2554
1614 2586
1558 2590
1591 2979
1780 1862
1618 2649
1859 1755
1751 1933
1503 1969
1454 3103
1794 1562
1508 2976
1862 2564
1673 2944
1564 2133
1533 2329
1658 2688
1626 2446
1444 3075
1518 3122
1662 3270
1444 3214
1642 3088
1683 1920
1599 3068
1796 1853
1446 3135
1710 2655
1794 1814
1709 2754
1736 2572
1641 2119
1691 3083
1542 2364
1404 3513
1778 1933
1578 2407
1497 2208
1374 3547
1632 2112
1818 3154
1912 2643
1553 2083
1634 2569
1580 2074
1447 3092
1792 3203
1647 2959
1663 2719
1836 2634
1442 3641
1709 3059
1591 2650
1732 2606
1699 3092
1573 2366
1525 3100
1433 3575
1749 2569
1501 2584
1651 2363
1530 2127
1786 2434
1859 2661
1741 2750
1769 3240
1753 1694
1738 2497
1425 3115
1647 2330
1698 2951
1759 3314
1749 2566
1436 3100
1806 1875
1596 2906
1578 1920
1476 2523
1608 2767
1570 2966
1808 1794
1691 1600
1778 3315
1577 2956
1578 2454
1650 2873
1827 1851
1864 3198
1508 3155
1733 1705
1627 2106
1443 3097
1653 3180
1596 2572
1441 3202
1490 2131
1678 3208
1825 3151
1403 1924
1611 2627
1533 3105
1525 3105
1401 3571
1595 2477
1583 1972
1555 2243
1492 1944
1740 3231
1774 2666
1444 3649
1732 2587
1290 3222
1780 1754
1423 1896
1514 2099
1664 2503
1744 3273
1730 2523
1556 2550
1845 1866
1882 2593
1542 2330
1652 2167
1324 3284
1437 3183
1741 3177
1523 2176
1585 3014
1320 3260
1748 2481
1551 2320
1744 2672
1767 2432
1708 2451
1427 2593
1582 2194
1511 2565
1432 1955
1858 2666
1647 2865
1745 3277
1463 2557
1504 2570
1855 2654
1447 3609
1775 1859
1550 2955
1747 3281
1568 2072
1604 1918
1581 1962
1559 2356
1509 3035
1440 3184
1473 2522
1690 2422
1685 3082
1641 2930
1541 2879
1773 1597
1504 3059
1819 1759
1468 3654
1838 2669
1636 2844
1594 2541
1383 3498
1483 3088
1481 2161
1849 1779
1575 2651
1648 2818
1630 1926
1580 1960
1581 2292
1699 1942
1624 2076
1888 2656
1622 2767
1379 3504
1541 2294
1653 2912
1703 2951
1530 3106
1541 1891
1698 2761
1727 3232
1646 2986
1643 2493
1967 2604
1664 2507
1844 1866
1622 2479
1832 1765
1739 3346
1906 3161
1669 1896
1608 1920
1395 3507
1530 2874
1903 2590
1654 2710
1435 3643
1537 2331
1746 1902
1567 2475
1564 2575
1368 3231
1548 2107
1517 3002
1577 1960
1659 2757
1734 2601
1661 2507
1721 1636
1510 2531
1448 3096
1568 2905
1710 1607
1720 2595
1795 1854
1723 2709
1654 2333
1674 3061
1541 3082
1753 1934
1694 2966
1771 2394
1560 1935
1633 3262
1594 2017
1517 3081
1445 1943
1603 2981
1556 3020
1578 2519
1527 2015
1627 2638
1721 3324
1656 2338
1576 2323
1789 3137
1611 2546
1620 2589
1604 2050
1802 3159
1553 2892
1686 3085
1870 2607
1849 1780
1764 3059
1420 3549
1590 2252
1738 2734
1562 2137
1914 2541
1569 1990
1721 1603
1653 2452
1584 2478
1767 1898
1494 3153
1731 1731
1580 2399
1579 1978
1647 2960
1695 2337
1574 2426
1573 2578
1728 3232
1754 3167
1768 3126
1888 2581
1861 3202
1541 2338
1499 1949
1605 2065
1599 2090
1886 2650
1363 3499
1573 2204
1721 1882
1822 2681
1458 3156
1766 1957
1606 2567
1897 2574
1637 3088
1663 2994
1673 3217
1618 2910
1543 2303
1541 2202
1649 2670
1587 2476
1553 2553
1651 2439
1416 3165
1748 3315
1832 1866
1502 3084
1599 2982
1794 3173
1778 3157
1619 2825
1411 3495
1669 2808
1705 2989
1451 1927
1943 2563
1788 3124
1409 1965
1775 3158
1703 2433
1916 3174
1712 1947
1601 1913
1909 2584
1548 3035
1858 2607
1685 2169
1724 1655
1716 1903
1474 3120
1592 2327
1883 2538
1388 3500
1721 1596
1317 3262
1756 1908
1753 3283
1527 2909
1638 1899
1541 1942
1712 1972
1579 1893
1716 2436
1643 2837
1695 3230
1713 2938
1390 3498
1551 3091
1897 2556
1669 2917
1565 1923
1502 3058
1674 1628
1756 1963
1579 2871
1747 1882
1541 2140
1718 1887
1582 2506
1352 3288
1394 3514
1666 3015
1875 2646
1784 3321
1728 2589
1564 2343
1625 2430
1515 2551
1759 2434
1466 3656
1533 2614
1657 3266
1397 3542
1492 3143
1641 2899
1698 2416
1545 2293
1661 2103
1861 3217
1555 2196
1765 1702
1594 1951
943 3034
1698 3202
1586 2103
1655 2799
1575 2966
1913 2546
1643 3265
1660 2338
1507 2145
1449 3197
1686 3202
1479 3608
1710 2979
1429 3120
1480 2563
1544 2091
1603 2498
1662 3050
1589 1975
1656 2753
1339 3274
1970 2582
1658 2800
1745 1899
1964 2582
1449 2551
1696 2502
1596 2165
1770 3233
1517 2594
1422 3633
1504 2181
1609 2771
1786 2435
1578 2476
1857 2622
1451 1925
1777 2650
1686 2346
1517 3037
1727 2431
1676 1631
1714 2969
1758 2563
1649 3082
1558 3101
1667 3271
1616 2639
1372 3236
1759 3102
1554 2540
1616 2154
1621 2972
1598 2976
1733 2497
1410 3160
1751 1931
1532 1929
1490 3144
1835 2667
1646 3270
1480 3607
1471 1930
1704 3309
1501 2214
1899 3200
1725 3078
1602 2880
1590 1989
1511 3071
1529 2126
1791 1726
1452 1923
1682 1907
1724 1647
1653 2719
1592 2494
1743 1642
1754 1752
1753 3324
1495 3143
1513 3153
1768 1724
1494 2161
1550 2226
1403 1937
1622 2595
1717 1654
1480 3119
1707 3213
1594 2903
1629 2057
1852 2638
1535 2287
1650 2674
1327 3531
1920 2578
1556 3024
1780 1572
1507 3062
1439 3187
1801 1704
1682 2417
1682 1944
1468 2525
1531 2626
1736 2970
1544 1911
1734 2595
1645 2901
1749 2553
1646 2765
1510 2109
1791 1585
1561 2894
1305 3243
1693 2414
1673 2993
1326 3539
1669 3007
1565 3027
1720 1944
1731 1882
1372 3242
1914 2647
1570 2455
1673 2998
1538 2327
1780 1879
1711 3231
1746 1713
1424 2573
1344 3267
1657 2802
1694 1939
1783 1940
1854 2633
1706 3320
1536 2218
1712 2646
1567 2363
1742 3234
1737 2489
1486 3134
1772 1932
1526 2976
1757 1868
1895 2658
1720 2715
1604 2051
1735 1728
1896 2537
1755 2638
1756 3081
1752 3259
1524 3057
1688 1902
1572 2645
1727 1886
1647 2955
1905 3197
1631 2111
1695 1593
1620 2137
1562 2138
1335 3260
1788 1880
1696 2339
1711 2976
1683 2984
1403 1911
1785 2436
1615 2776
1945 2544
1634 2900
1758 3073
1557 2521
1563 2664
1640 3070
1772 3231
1741 2492
1672 1927
1578 1972
1499 2194
1793 2612
1365 3075
1887 2568
1902 2636
1759 2634
1512 2195
1853 3160
1668 2805
1438 2597
1964 2591
1558 2671
1639 2829
1702 3286
1795 1581
1652 2876
1504 2553
1511 3034
1729 2596
1666 2807
1473 2574
1805 2607
1532 2625
1660 1938
1734 2522
1420 2595
1750 2564
1624 1900
1328 3277
1548 2108
1653 2504
1534 1922
1600 1949
1805 1824
1788 3202
1826 3162
1526 2610
1430 3633
1467 2115
1910 3159
1864 2556
1470 2568
1430 3110
1478 3130
1719 2438
1475 2515
1560 3075
1414 1915
1595 2259
1487 2591
1632 2980
1781 3184
1607 2631
1626 2169
1832 2629
1555 2098
1473 2113
1754 2659
1455 1920
1621 2320
1672 2429
1591 2907
1765 3256
1526 2979
1685 2890
1427 1929
1615 2912
1576 2255
1302 3209
1767 3066
1454 2118
1639 2111
1664 3038
1730 2522
1716 2984
1686 2985
1515 2507
1460 3647
1638 2856
1625 2136
1880 3187
1496 2128
1535 2221
1671 2803
1643 2097
1630 2856
1805 2612
1757 1751
1610 2901
1478 3175
1797 1788
1577 1988
1758 3309
1681 1907
1629 2048
1464 1925
1742 2743
1633 3266
1475 3088
1733 3096
1366 3079
1705 2766
1645 2338
1491 2108
1757 3110
1278 3199
1609 2071
1583 1950
1774 2662
1413 2579
1627 2677
1703 2756
1566 2475
1724 1596
1651 2485
1792 3171
1581 2256
1561 1885
1740 1611
1602 2515
1523 3135
1525 2602
1484 2132
1737 3232
1436 3645
1711 1613
1743 1639
1499 2973
1699 3076
1762 1702
1769 3164
1599 2874
1576 2424
1511 3035
1609 2353
1765 3164
1696 3054
1593 2662
1659 2358
1619 2828
1800 1862
1620 2595
1655 2978
1635 3096
1778 3132
1522 2178
1769 3057
1600 2065
1770 3228
1414 2575
1649 2814
1630 2490
1626 2447
1208 3588
1740 3313
1497 3155
1769 2654
1341 3277
1499 2123
1606 1922
1644 2482
1777 1563
1556 2144
1430 2593
1619 2892
1756 1694
1569 1982
1466 2517
1496 2143
1649 1926
1427 3095
1683 1902
1793 1931
1827 1838
1725 1600
1579 1919
1575 2941
1791 1918
1629 2455
1974 2607
1549 2236
1409 3087
1705 3314
1569 2898
1739 2490
1697 3304
1608 2258
1537 1926
1754 1894
1757 2489
1566 2919
1706 3029
1653 1922
1500 2188
1475 2523
1569 2420
1813 2698
1507 2989
1691 3077
1490 1951
1445 3218
1532 2964
1713 2617
1915 2581
1657 3102
1545 2303
1577 2320
1742 3324
1413 3160
1591 2452
1452 3113
1680 3272
1770 2421
1794 1929
1545 2363
1915 2548
1778 1759
1584 2971
1498 1942
1788 1567
1594 2553
1959 2590
1671 3004
1688 3267
1609 2675
1410 2578
1439 3179
1651 2164
1443 3071
1410 1955
1708 3331
1448 2551
1660 2915
1488 2096
1700 3287
1866 2658
1596 2294
1588 1925
1623 1905
1549 2222
1850 2607
1856 3165
1628 2467
1555 3087
1589 2973
1745 1598
1538 2627
1650 2786
1303 3254
1583 2634
1698 1591
1470 2119
1679 2988
1589 2110
1722 3054
1623 2588
1639 2463
1736 2495
1602 2586
1681 3063
1634 2530
1447 1968
1757 1689
1576 2441
1437 3192
1731 2501
1686 2719
1677 3049
1430 3093
1356 3075
1727 2528
1515 3118
1533 2193
1482 3155
1696 3282
1368 3532
1758 1916
1735 2673
1602 2018
1574 2643
1603 2877
1708 3225
1563 2363
1544 2085
1435 3604
1696 3191
1574 2627
1368 3506
1440 1937
1583 2968
1822 1827
1658 2950
1624 2973
1596 2448
1535 2003
1401 3510
1590 2007
1707 2635
1743 3316
1684 1631
1724 1599
1471 1926
1844 3155
1716 1588
1331 3277
1570 2072
1566 1996
1391 3074
1729 1884
1609 2313
1670 2166
1779 1606
1691 3226
1521 2516
1713 2715
1789 2434
1758 1751
1580 2194
1650 2354
1606 2536
1565 2344
1595 2542
1463 3081
1619 2970
1663 2756
1497 2171
1865 2568
1647 2479
1659 2694
1549 2953
1713 1572
1594 1956
1525 2980
1802 3202
1746 1889
1534 2630
1703 2759
1420 2593
1837 1768
1919 2592
1675 1925
1764 1730
1641 2109
1646 3273
1441 3179
1585 2261
1879 3158
1695 2502
1449 3153
1678 1607
1956 2589
1674 2896
1634 3264
1594 2657
1478 1948
1542 2123
1584 2114
1844 1780
1806 3156
1550 2548
1639 2535
1419 1922
1793 1604
1543 2367
1292 3234
1877 3171
1757 2640
1471 1939
1923 2558
1444 3539
1739 1680
1797 1776
1772 3152
1639 2971
1706 2609
1709 1952
1566 3053
1423 3632
1474 2567
1568 2006
1787 2621
1718 1569
1802 1747
1557 3093
1789 2405
1618 2441
1748 3214
1347 3551
1831 1846
1716 3212
1571 2977
951 3033
1486 2170
1618 1906
1749 2757
1954 2584
1578 2195
1963 2609
1769 3099
1604 2264
1553 2134
1899 2538
1770 3125
1547 2209
1412 2579
1642 2105
1581 2415
1635 2471
1605 2593
1740 3084
1678 3274
1562 2576
1668 3001
1593 2249
1516 3140
1912 2541
1758 3310
1514 3062
1579 2199
1753 3294
1741 2407
1454 3101
1439 2599
1680 3204
1362 3499
1750 3184
1571 2659
1714 1933
1385 3077
1577 1977
1649 2453
1629 2856
1441 1979
1709 1571
1595 2264
1759 1711
1713 1962
1710 2974
1612 2553
1651 2168
1421 2587
1779 1603
1847 2627
1433 2398
1610 2772
1399 3509
1620 3072
1576 2853
1907 2559
1709 1620
1745 1973
1756 2638
1748 2572
1762 3070
1621 2676
1499 2093
1699 3222
1642 3265
1953 2593
1628 2058
1622 2137
1858 3168
1671 3102
1702 1654
1647 2944
1742 2409
1601 2550
1422 3156
1577 2523
1818 1584
1573 2440
1790 3140
1614 2086
1687 3077
1472 2517
1448 3609
1367 3487
1783 3169
1608 2421
1538 2286
1448 3535
1580 2100
1664 2493
1972 2599
1687 3085
1348 3547
1529 2205
1666 2904
1640 2849
1500 2147
1574 2292
1678 3043
1571 2070
1543 2085
1655 2818
1633 1923
1529 2903
1507 2177
1765 1604
1765 1717
1699 3068
1510 1969
1598 2862
1797 3173
1522 3100
1572 2962
1733 2435
1794 3203
1466 3157
1491 3053
1608 2302
1737 1685
1880 3193
1375 1935
1414 1912
1729 2676
1608 2579
1480 3656
1802 1853
1519 2973
1851 3218
1424 3633
1602 2063
1779 2395
1562 1985
1749 3067
1438 1954
1853 1768
1288 3219
1722 2748
1570 2671
1636 1911
1871 2645
1732 1734
1901 3194
1591 2646
1682 2985
1664 2746
1741 2486
1739 2739
1750 1668
1620 2335
1746 2430
1524 3107
1477 3087
1573 2458
1513 2993
1890 2597
1619 2444
1887 2535
1736 1881
1554 2086
1765 1746
1863 2603
1552 2013
1614 2443
1529 2600
1649 2900
1531 2877
1569 2072
1700 3038
1429 3558
1591 2101
1614 2898
1858 2606
1562 1921
1650 3083
1878 2570
1838 2671
1641 2548
1447 1969
1768 2416
1688 3071
1433 1891
1804 1813
1426 2579
1733 2704
1802 1865
1712 2638
1650 2945
1923 3174
1565 1930
1687 1901
1554 1888
1644 3253
1581 2681
1589 2104
1676 3050
1439 3126
1471 2522
1670 2087
1641 2860
1862 2556
1738 2686
1697 3283
1715 1953
1431 3575
1915 2644
1794 1811
1620 2676
1810 1812
1391 1910
1625 2529
1889 2657
1742 2408
1603 2558
1529 2618
1452 3646
1544 1944
1719 1936
1524 2145
1688 1945
1646 1949
1592 2452
1591 2464
1601 2527
1796 1579
1334 3510
1491 2598
1645 1951
1780 3322
1577 2909
1764 1754
1536 2193
1678 1606
1653 2727
1779 1792
1534 2535
1862 2623
1769 1758
1482 3131
1701 1916
1765 1607
1538 1987
1528 3051
1575 2471
1681 2981
1602 2020
1629 3051
1758 3296
1547 2553
1738 3094
1723 1893
1663 1908
1873 3201
1673 2997
1665 2937
1585 2504
1499 2132
1426 3127
1893 2548
1638 2898
1324 3528
1751 2636
1574 2677
1434 3262
1545 2200
1707 2447
1695 2940
1406 2569
1592 2867
1490 2135
1796 1780
1636 2135
1436 3132
1736 2423
1625 2877
1571 1887
1452 2562
1455 3114
1846 1751
1546 2537
1558 2663
1801 1702
1391 3516
1342 3275
1444 3210
1671 2978
1809 1815
1614 2548
1586 2999
1752 2589
1566 1895
1776 1931
1717 2627
1851 3169
1522 3134
1640 2832
1469 3099
1409 3095
1879 3160
1720 3329
1650 2672
1602 2877
1521 2607
1677 3205
1549 2340
1750 1684
1650 2676
1573 2015
1482 3098
1378 3530
1534 2326
1851 2612
1535 2121
1583 3008
1823 1585
1642 2482
1522 2302
1627 2830
1798 1834
1757 3316
1889 2566
1405 3514
1525 2965
1770 1854
1820 3155
1639 2867
1633 2899
1624 2620
1478 2142
1487 2600
1804 2617
1463 3102
1635 3258
1776 1863
1477 3182
1790 1845
1599 2532
1468 2137
1472 2566
1760 1897
1463 1941
1505 1966
1572 2971
1763 3062
1532 3097
1554 2078
1823 2665
1544 3097
1583 2109
1759 2435
1929 2560
1736 3096
1743 3254
1585 1928
1759 2631
1461 3270
1792 1931
1407 2581
1603 2060
1567 2367
1476 3110
1672 2752
1553 2890
1574 2673
1285 3226
1775 2639
1589 1925
1618 2637
1848 2661
1646 2939
1669 2908
1791 3234
1719 1899
1562 2900
1755 2416
1689 2713
1747 1604
1503 1948
1623 2914
1855 2617
1397 1895
1682 3060
1522 3091
1526 3082
1734 1741
1504 2171
1564 1989
1860 2563
1752 1890
1597 2258
1687 3272
1790 1850
1519 3038
1601 2296
1549 2209
1579 1915
1785 2630
1509 2584
1572 2420
1686 3084
1788 1605
1426 3130
1736 2686
1668 3099
1957 2593
1480 2160
1780 1863
1294 3216
1608 1881
1765 1726
1650 2944
1765 2664
1943 2554
1737 1629
1843 2661
1751 2424
1654 2335
1512 2590
1624 2825
1755 3288
1670 2900
1646 1948
1597 2397
1869 3171
1508 2586
1448 3198
1944 2573
1659 2920
1749 1715
1590 1956
1327 3524
1713 2629
1624 2480
1809 1590
1561 2677
1454 2105
1719 2451
1580 2285
1673 2718
1744 1667
1664 2939
1705 2953
1864 3219
1564 3057
1695 3072
1455 2111
1428 3166
1800 1595
1543 3088
1857 2658
1613 2631
1528 1988
1673 3208
1655 2880
1398 3077
1657 2107
1527 2135
1666 2431
1684 3045
1405 3516
1494 1956
1580 2019
1625 2637
1580 2284
1294 3240
1570 2012
1294 3237
1666 1897
1606 2083
1715 1611
1684 1929
1558 2131
1841 3155
1768 1864
1800 1823
1705 1613
1580 2851
1591 2259
1771 3269
1590 2456
1699 1619
1572 2440
1531 1986
1507 2197
1712 3058
1646 2872
1620 2612
1755 2658
1566 2365
1526 3044
1541 2205
1690 3087
1794 1847
1509 2974
1555 2133
1563 2917
1759 2563
1528 2136
1574 2519
1699 1595
1697 3308
1559 2451
1404 1898
1894 2547
1852 2603
1537 2530
1911 2561
1362 3537
1804 1852
1569 2561
1548 2236
1648 2443
1736 2415
1491 3654
1849 2630
1730 3351
1728 2470
1781 1912
1758 1913
1651 2878
1711 1918
1558 3099
1565 2521
1543 2505
1328 3280
1587 2858
1753 3320
1912 2581
1439 1966
1456 2105
1655 2725
1673 2941
1601 2016
1558 2568
1578 2654
1717 2972
1677 1600
1759 2621
1803 2610
1525 2007
1577 2641
1502 2560
1549 2293
1391 3507
1872 3167
1573 2112
1748 2567
1576 2625
1429 1935
1764 2502
1771 2384
1881 2659
1552 3091
1782 3234
1834 1857
1749 2551
1664 2885
1210 3584
1811 1765
1525 3102
1708 3194
1763 1897
1659 2919
1597 2015
1729 3050
1507 2570
1735 2477
1527 2140
1461 2558
1762 3180
1633 2041
1760 3070
1478 3152
1649 1961
1553 2526
1396 1944
1746 1601
1463 2558
1591 2515
1439 3244
1692 2974
1452 3549
1685 2978
1696 3072
1696 2334
1675 3258
1572 2202
1677 3270
1729 1718
1642 2534
1880 2657
1585 2050
1612 2344
1192 3430
1675 2715
1537 2003
1743 3176
1538 2537
1806 1774
1648 2105
1854 2657
1698 1594
1775 1923
1885 2652
1736 2417
1497 2192
1386 3548
1758 3180
1655 3039
1757 1965
1661 2951
1740 1636
1383 3079
1514 2512
1508 2193
1514 1983
1633 2774
1547 2514
1446 3542
1499 2190
1748 1601
1406 1961
1403 3508
1582 2075
1548 2340
1455 3120
1547 1889
1560 2952
1796 1589
1781 1795
1559 1935
1648 2444
1518 1980
1705 2751
1326 3279
1563 1933
1798 1837
1897 2554
1648 3098
1865 3219
1740 1634
1850 1766
1553 2512
1750 2670
1768 1702
1564 1889
1701 2333
1628 2111
1604 2501
1748 1705
1392 3516
1761 1698
1374 3544
1651 2489
1693 2939
1727 2439
1585 2008
1503 3087
1810 3156
1657 2351
1596 1919
1710 3031
1412 3076
1361 3086
1520 3111
1709 3058
1667 1909
1664 3272
1431 3630
1727 3093
1775 3149
1971 2601
1715 3055
1366 3498
1893 2568
1671 2426
1788 3165
1556 2357
1823 2622
1715 2596
1501 2196
1519 2531
1648 2888
1595 2983
1526 3083
1721 2472
1652 2158
1689 2502
1613 2160
1356 3276
1357 3276
1357 3275
1358 3275
1357 3274
1359 3275
1358 3274
1356 3274
1360 3275
1358 3273
1356 3273
1361 3275
1355 3273
1356 3272
1361 3276
1361 3274
1355 3272
1356 3271
1361 3273
1354 3272
1356 3270
1362 3273
1360 3273
1357 3270
1356 3269
1363 3273
1355 3269
1364 3273
1363 3272
1354 3269
1355 3268
1364 3272
1355 3267
1365 3272
1356 3267
1354 3267
1366 3272
1357 3267
1356 3266
1353 3267
1366 3271
1353 3268
1366 3270
1352 3268
1367 3270
1351 3268
1368 3270
1351 3267
1369 3270
1368 3269
1351 3266
1369 3271
1368 3268
1351 3265
1367 3268
1368 3267
1369 3267
1370 3267
1369 3266
1370 3268
1370 3266
1369 3265
1371 3268
1370 3269
1371 3266
1369 3264
1369 3263
1368 3263
1369 3262
1367 3263
1370 3262
1367 3262
1370 3261
1367 3261
1371 3261
1368 3261
1371 3260
1372 3260
1371 3259
1372 3259
1370 3259
1373 3259
1372 3258
1370 3258
1373 3258
1370 3257
1374 3258
1373 3257
1369 3257
1375 3258
1368 3257
1376 3258
1368 3258
1368 3256
1377 3258
1367 3258
1367 3256
1368 3255
1377 3257
1367 3255
1368 3254
1377 3256
1366 3255
1368 3253
1377 3255
1365 3255
1366 3254
1377 3254
1365 3256
1366 3253
1377 3253
1376 3253
1377 3252
1376 3252
1378 3252
1376 3251
1379 3252
1376 3250
1380 3252
1379 3253
1377 3250
1376 3249
1381 3252
1376 3248
1382 3252
1871 2607
1383 3252
1382 3251
1884 2652
1383 3253
1382 3250
1861 2599
1383 3254
1383 3250
1868 2555
1771 2650
1384 3254
1383 3255
1908 2560
1865 2553
1909 2560
1385 3254
1382 3255
1383 3256
1785 2623
1897 2523
1386 3254
1385 3253
1383 3257
1888 2534
1912 2554
1385 3252
1909 2559
1895 2526
1385 3251
1899 2528
1900 2527
1385 3250
1889 2534
1777 2664
1911 2554
1386 3250
1909 2558
1890 2536
1780 2665
1779 2666
1387 3250
1898 2527
1794 2621
1772 2648
1909 2554
1387 3249
1909 2556
1854 2555
1862 2555
1863 2556
1897 2527
1855 2556
1388 3249
1387 3248
1778 2616
1861 2557
1787 2609
1906 2555
1857 2556
1389 3249
1387 3247
1802 2610
1806 2612
1905 2555
1809 2615
1390 3249
1389 3250
1386 3247
1904 2555
1773 2651
1895 2533
1391 3249
1385 3247
1386 3246
1904 2534
1903 2540
1892 2553
1899 2533
1392 3249
1897 2533
1898 2542
1901 2541
1902 2540
1393 3249
1897 2534
1394 3249
1898 2541
1395 3249
1901 2540
1396 3249
1903 2536
1397 3249
1829 2627
1398 3249
1901 2558
1902 2557
1399 3249
1398 3250
1858 2561
1858 2563
1400 3249
1857 2562
1898 2534
1900 2540
1400 3250
1400 3248
1903 2537
1894 2554
1401 3250
1400 3251
1400 3247
1893 2555
1901 2557
1899 2540
1402 3250
1400 3252
1840 2628
1842 2630
1402 3249
1901 2538
1895 2555
1403 3249
1899 2555
1900 2556
1860 2562
1404 3249
1859 2564
1899 2537
1896 2556
1404 3250
1404 3248
1898 2556
1861 2564
1404 3251
1404 3247
1859 2566
1405 3251
1404 3252
1404 3246
1406 3251
1405 3246
1407 3251
1406 3252
1406 3246
1408 3251
1407 3246
1407 3247
1407 3245
1408 3245
1407 3244
1409 3245
1408 3244
1407 3243
1409 3246
1407 3242
1410 3246
1408 3242
1407 3241
1410 3247
1408 3241
1406 3241
1407 3240
1411 3247
1409 3241
1405 3241
1407 3239
1412 3247
1410 3241
1409 3240
1405 3240
1406 3239
1407 3238
1412 3248
1411 3241
1409 3239
1405 3239
1407 3237
1412 3249
1412 3241
1410 3239
1408 3237
1406 3237
1413 3249
1412 3250
1413 3241
1412 3242
1409 3237
1408 3236
1406 3236
1414 3249
1413 3250
1411 3250
1414 3241
1413 3242
1409 3236
1408 3235
1415 3249
1414 3242
1414 3240
1409 3235
1414 3239
1409 3234
1415 3239
1414 3238
1409 3233
1416 3239
1414 3237
1410 3233
1417 3239
1416 3238
1411 3233
1418 3239
1411 3234
1411 3232
1419 3239
1418 3240
1412 3234
1411 3231
1420 3239
1413 3234
1412 3231
1410 3231
1421 3239
1420 3240
1409 3231
1422 3239
1420 3241
1408 3231
1423 3239
1422 3238
1420 3242
1408 3230
1423 3240
1423 3238
1422 3237
1419 3242
1407 3230
1424 3238
1419 3243
1406 3230
1425 3238
1419 3244
1405 3230
1426 3238
1425 3237
1420 3244
1404 3230
1405 3229
1425 3236
1421 3244
1403 3230
1404 3231
1404 3229
1405 3228
1425 3235
1422 3244
1421 3243
1403 3231
1406 3228
1425 3234
1423 3244
1402 3231
1407 3228
1425 3233
1423 3245
1401 3231
1426 3233
1425 3232
1423 3246
1401 3232
1424 3232
1425 3231
1423 3247
1400 3232
1423 3232
1425 3230
1422 3247
1399 3232
1422 3232
1425 3229
1422 3248
1422 3233
1422 3231
1426 3229
1422 3249
1422 3234
1421 3231
1427 3229
1422 3250
1421 3230
1428 3229
1422 3251
1428 3228
1423 3251
1421 3251
1422 3252
1429 3228
1428 3227
1424 3251
1422 3253
1430 3228
1429 3227
1428 3226
1425 3251
1424 3252
1423 3253
1430 3229
1430 3227
1427 3226
1423 3254
1431 3229
1431 3227
1427 3225
1424 3254
1431 3230
1432 3227
1426 3225
1427 3224
1425 3254
1432 3230
1427 3223
1426 3254
1425 3255
1433 3230
1428 3223
1426 3223
1427 3254
1425 3256
1433 3229
1428 3222
1425 3223
1428 3254
1427 3255
1427 3253
1424 3256
1429 3222
1428 3221
1429 3254
1423 3256
1429 3221
1427 3221
1428 3220
1430 3254
1423 3257
1429 3220
1426 3221
1428 3219
1430 3253
1422 3257
1423 3258
1429 3219
1425 3221
1431 3253
1430 3252
1421 3257
1424 3258
1423 3259
1429 3218
1424 3221
1432 3253
1429 3252
1430 3251
1421 3258
1425 3258
1422 3259
1430 3218
1423 3221
1432 3254
1432 3252
1422 3260
1430 3217
1422 3221
1432 3255
1433 3252
1432 3251
1421 3260
1431 3217
1421 3221
1422 3222
1422 3220
1432 3256
1432 3250
1420 3260
1421 3261
1432 3217
1421 3222
1422 3223
1422 3219
1433 3256
1433 3250
1432 3249
1419 3260
1420 3261
1421 3262
1433 3217
1420 3222
1421 3223
1422 3224
1422 3218
1433 3257
1434 3250
1433 3249
1431 3249
1418 3260
1420 3262
1433 3218
1433 3216
1419 3222
1420 3223
1422 3217
1433 3258
1324 3285
1323 3285
1322 3285
1323 3286
1321 3285
1322 3286
1323 3287
1321 3286
1321 3284
1324 3287
1324 3288
1324 3289
1323 3289
1322 3289
1323 3290
1322 3288
1323 3291
1324 3291
1324 3292
1325 3292
1324 3293
1324 3294
1325 3294
1323 3294
1326 3294
1322 3294
1321 3294
1320 3294
1319 3294
1320 3295
1318 3294
1317 3294
1318 3295
1316 3294
1317 3293
1316 3295
1316 3293
1315 3295
1316 3296
1315 3293
1315 3296
1314 3293
1315 3292
1314 3296
1315 3297
1315 3291
1313 3296
1315 3298
1315 3290
1312 3296
1313 3297
1313 3295
1316 3298
1315 3299
1315 3289
1312 3297
1316 3299
1315 3300
1315 3288
1311 3297
1317 3299
1316 3300
1316 3288
1315 3287
1310 3297
1318 3299
1316 3301
1316 3287
1309 3297
1317 3301
1317 3287
1316 3286
1308 3297
1309 3298
1318 3301
1307 3297
1309 3299
1318 3302
1308 3299
1309 3300
1319 3302
1318 3303
1310 3300
1320 3302
1318 3304
1311 3300
1317 3304
1311 3299
1317 3305
1316 3305
1316 3306
1315 3306
1315 3307
1314 3307
1313 3307
1313 3308
1313 3306
1313 3309
1312 3309
1313 3310
1311 3309
1312 3310
1310 3309
1312 3311
1309 3309
1312 3312
1308 3309
1313 3312
1307 3309
1314 3312
1307 3310
1315 3312
1307 3311
1315 3313
1315 3311
1308 3311
1307 3312
1316 3313
1315 3310
1306 3312
1307 3313
1316 3314
1306 3313
1307 3314
1316 3315
1306 3314
1317 3315
1305 3314
1306 3315
1318 3315
1306 3316
1319 3315
1305 3316
1320 3315
1305 3317
1320 3316
1320 3314
1304 3317
1305 3318
1321 3316
1303 3317
1306 3318
1305 3319
1321 3317
1303 3318
1303 3316
1307 3318
1305 3320
1322 3317
1321 3318
1302 3316
1305 3321
1323 3317
1320 3318
1321 3319
1301 3316
1302 3315
1306 3321
1304 3321
1323 3318
1319 3318
1322 3319
1300 3316
1307 3321
1322 3320
1299 3316
1300 3317
1300 3315
1307 3322
1307 3320
1323 3320
1299 3315
1300 3318
1308 3322
1323 3321
1298 3315
1299 3318
1308 3323
1324 3321
1323 3322
1298 3318
1299 3319
1308 3324
1325 3321
1322 3322
1298 3317
1299 3320
1307 3324
1308 3325
1326 3321
1325 3322
1321 3322
1297 3317
1300 3320
1298 3320
1299 3321
1308 3326
1326 3322
1326 3320
1320 3322
1321 3323
1296 3317
1297 3316
1298 3321
1299 3322
1308 3327
1327 3322
1327 3320
1319 3322
1298 3322
1307 3327
1308 3328
1328 3320
1318 3322
1297 3322
1307 3328
1309 3328
1329 3320
1318 3323
1318 3321
1297 3323
1306 3328
1310 3328
1309 3329
1329 3319
1317 3321
1297 3324
1306 3329
1310 3327
1329 3318
1317 3320
1296 3324
1306 3330
1311 3327
1329 3317
1296 3325
1305 3330
1312 3327
1305 3331
1313 3327
1312 3328
1312 3326
1304 3331
1312 3325
1303 3331
1313 3325
1302 3331
1313 3324
1301 3331
1301 3332
1301 3330
1300 3332
1300 3330
1299 3332
1300 3333
1298 3332
1299 3333
1300 3334
1297 3332
1299 3334
1301 3334
1296 3332
1299 3335
1302 3334
1301 3335
1295 3332
1296 3331
1302 3335
1294 3332
1296 3330
1303 3335
1294 3333
1296 3329
1303 3336
1297 3329
1295 3329
1294 3329
1888 2596
1293 3329
1982 2592
1292 3329
1981 2591
1969 2588
1291 3329
1292 3330
1292 3328
1969 2590
1980 2591
1291 3330
1291 3328
1292 3327
1981 2592
1291 3331
1290 3328
1969 2589
1980 2592
1291 3332
1290 3327
1971 2588
1290 3332
1289 3327
1289 3332
1288 3332
1287 3332
1288 3331
1287 3333
1287 3331
1287 3334
1286 3331
1287 3330
1288 3334
1287 3335
1285 3331
1286 3335
1287 3336
1284 3331
1285 3332
1285 3330
1285 3335
1287 3337
1284 3332
1285 3336
1288 3337
1283 3332
1285 3337
1289 3337
1282 3332
1284 3337
1285 3338
1290 3337
1281 3332
1283 3337
1291 3337
1290 3336
1280 3332
1281 3333
1282 3337
1283 3336
1291 3338
1290 3335
1281 3337
1292 3338
1291 3339
1291 3335
1280 3337
1281 3338
1293 3338
1292 3339
1292 3335
1279 3337
1281 3339
1293 3337
1278 3337
1279 3336
1280 3339
1281 3340
1294 3337
1277 3337
1278 3336
1279 3335
1281 3341
1276 3337
1278 3335
1279 3334
1281 3342
1276 3338
1276 3336
1281 3343
1275 3338
1276 3339
1275 3336
1276 3335
1282 3343
1280 3343
1274 3336
1282 3344
1273 3336
1274 3335
1282 3345
1272 3336
1274 3334
1282 3346
1271 3336
1275 3334
1271 3337
1275 3333
1270 3337
1269 3337
1268 3337
1268 3338
1268 3336
1268 3339
1268 3335
1269 3339
1267 3335
1269 3340
1266 3335
1267 3334
1270 3340
1265 3335
1266 3336
1271 3340
1270 3341
1264 3335
1265 3336
1265 3334
1266 3337
1270 3342
1264 3336
1264 3334
1265 3333
1270 3343
1263 3336
1265 3332
1270 3344
1262 3336
1263 3337
1265 3331
1271 3344
1269 3344
1270 3345
1263 3338
1264 3331
1272 3344
1268 3344
1270 3346
1264 3338
1264 3330
1267 3344
1268 3345
1271 3346
1263 3330
1264 3329
1267 3343
1268 3346
1272 3346
1265 3329
1264 3328
1267 3342
1267 3346
1268 3347
1273 3346
1265 3328
1263 3328
1266 3346
1267 3347
1274 3346
1265 3327
1262 3328
1263 3327
1266 3345
1267 3348
1275 3346
1274 3347
1266 3327
1262 3329
1263 3326
1265 3345
1267 3349
1276 3346
1267 3327
1261 3329
1262 3326
1264 3345
1266 3349
1276 3347
1267 3326
1260 3329
1263 3345
1266 3350
1276 3348
1268 3326
1260 3328
1262 3345
1263 3346
1266 3351
1277 3348
1275 3348
1269 3326
1260 3327
1262 3346
1263 3347
1266 3352
1269 3327
1259 3327
1263 3348
1266 3353
1269 3328
1259 3326
1262 3348
1263 3349
1266 3354
1259 3325
1261 3348
1265 3354
1258 3325
1259 3324
1260 3348
1261 3347
1264 3354
1265 3355
1257 3325
1259 3323
1260 3347
1265 3356
1257 3326
1260 3323
1258 3323
1260 3346
1264 3356
1260 3322
1258 3322
1260 3345
1263 3356
1260 3321
1258 3321
1259 3345
1260 3344
1262 3356
1261 3321
1260 3320
1257 3321
1258 3345
1260 3343
1261 3356
1262 3321
1260 3319
1256 3321
1257 3345
1258 3346
1261 3355
1263 3321
1259 3319
1256 3320
1257 3346
1260 3355
1261 3354
1263 3320
1258 3319
1255 3320
1257 3347
1259 3355
1262 3354
1258 3318
1257 3348
1258 3355
1257 3318
1256 3348
1257 3349
1258 3356
1256 3318
1257 3317
1255 3348
1258 3357
1255 3318
1257 3316
1254 3348
1257 3357
1254 3318
1257 3315
1253 3348
1256 3357
1254 3317
1257 3314
1252 3348
1256 3358
1256 3356
1253 3317
1258 3314
1257 3313
1252 3349
1252 3347
1256 3359
1255 3356
1252 3317
1259 3314
1258 3313
1252 3350
1251 3347
1252 3346
1257 3359
1255 3359
1251 3317
1252 3318
1252 3316
1260 3314
1259 3313
1258 3312
1252 3351
1252 3345
1257 3360
1255 3360
1250 3317
1251 3316
1261 3314
1260 3315
1260 3313
1258 3311
1252 3352
1252 3344
1258 3360
1257 3361
1254 3360
1249 3317
1250 3318
1250 3316
1260 3316
1260 3312
1257 3311
1253 3352
1253 3344
1259 3360
1258 3361
1254 3361
1249 3318
1249 3316
1250 3319
1261 3316
1261 3312
1256 3311
1257 3310
1254 3352
1253 3343
1258 3362
1253 3361
1248 3318
1262 3312
1255 3352
1253 3342
1259 3362
1252 3361
1247 3318
1263 3312
1262 3311
1256 3352
1255 3353
1255 3351
1253 3341
1259 3363
1251 3361
1247 3319
1264 3312
1263 3311
1255 3350
1254 3341
1252 3341
1259 3364
1250 3361
1246 3319
1247 3320
1265 3312
1264 3313
1263 3310
1259 3365
1250 3362
1250 3360
1246 3320
1248 3320
1247 3321
1264 3314
1263 3309
1259 3366
1249 3362
1249 3360
1246 3321
1247 3322
1265 3314
1262 3309
1263 3308
1258 3366
1259 3367
1248 3362
1248 3360
1247 3323
1266 3314
1262 3308
1264 3308
1258 3367
1259 3368
1248 3359
1248 3323
1267 3314
1261 3308
1262 3307
1265 3308
1260 3368
1248 3358
1249 3323
1268 3314
1266 3308
1265 3307
1261 3368
1260 3369
1248 3357
1249 3324
1269 3314
1267 3308
1261 3367
1260 3370
1249 3357
1249 3325
1270 3314
1268 3308
1262 3367
1261 3366
1261 3370
1260 3371
1248 3325
1270 3315
1270 3313
1268 3309
1268 3307
1261 3365
1262 3370
1261 3371
1260 3372
1247 3325
1270 3316
1271 3313
1269 3307
1262 3365
1261 3364
1262 3371
1261 3372
1259 3372
1260 3373
1271 3316
1269 3316
1272 3313
1269 3306
1262 3364
1261 3363
1263 3371
1261 3373
1259 3373
1272 3312
1270 3306
1261 3362
1264 3371
1261 3374
1259 3374
1272 3311
1271 3306
1262 3362
1265 3371
1264 3370
1262 3374
1259 3375
1272 3306
1271 3307
1266 3371
1264 3369
1259 3376
1273 3306
1267 3371
1265 3369
1264 3368
1258 3376
1259 3377
1274 3306
1273 3307
1273 3305
1268 3371
1257 3376
1260 3377
1275 3306
1273 3308
1268 3370
1256 3376
1261 3377
1275 3305
1274 3308
1268 3369
1255 3376
1256 3377
1256 3375
1261 3378
1275 3304
1275 3308
1268 3368
1255 3377
1256 3378
1256 3374
1275 3303
1276 3308
1268 3367
1254 3377
1257 3378
1255 3374
1276 3303
1275 3302
1277 3308
1269 3367
1254 3378
1258 3378
1254 3374
1255 3373
1277 3303
1278 3308
1277 3309
1269 3366
1254 3379
1258 3379
1253 3374
1255 3372
1278 3303
1277 3304
1277 3302
1279 3308
1270 3366
1253 3379
1258 3380
1252 3374
1254 3372
1255 3371
1278 3302
1277 3301
1271 3366
1253 3380
1259 3380
1258 3381
1252 3375
1255 3370
1279 3302
1277 3300
1272 3366
1271 3367
1253 3381
1260 3380
1256 3370
1254 3370
1280 3302
1277 3299
1271 3368
1253 3382
1260 3381
1257 3370
1253 3370
1281 3302
1280 3301
1278 3299
1276 3299
1277 3298
1271 3369
1254 3382
1252 3382
1253 3383
1260 3382
1257 3369
1252 3370
1253 3369
1282 3302
1281 3303
1280 3300
1277 3297
1254 3383
1253 3384
1261 3382
1252 3369
1283 3302
1282 3301
1279 3300
1280 3299
1276 3297
1277 3296
1254 3384
1253 3385
1262 3382
1251 3369
1252 3368
1284 3302
1283 3303
1275 3297
1276 3296
1255 3384
1254 3385
1253 3386
1262 3383
1262 3381
1250 3369
1252 3367
1285 3302
1275 3298
1256 3384
1254 3386
1252 3386
1262 3384
1250 3370
1253 3367
1286 3302
1257 3384
1256 3383
1254 3387
1251 3386
1263 3384
1250 3371
1254 3367
1287 3302
1286 3303
1255 3387
1250 3386
1251 3385
1263 3385
1249 3371
1254 3368
1286 3304
1255 3388
1249 3386
1263 3386
1249 3372
1255 3368
1286 3305
1256 3388
1249 3385
1264 3386
1263 3387
1248 3372
1249 3373
1287 3305
1286 3306
1256 3389
1248 3385
1265 3386
1263 3388
1247 3372
1248 3373
1250 3373
1288 3305
1287 3306
1285 3306
1257 3389
1247 3385
1248 3384
1266 3386
1265 3385
1246 3372
1250 3374
1287 3307
1284 3306
1258 3389
1257 3390
1246 3385
1247 3386
1248 3383
1266 3387
1266 3385
1246 3373
1246 3371
1250 3375
1288 3307
1287 3308
1283 3306
1246 3386
1246 3384
1249 3383
1247 3383
1248 3382
1266 3388
1246 3374
1250 3376
1289 3307
1283 3307
1283 3305
1246 3387
1267 3388
1245 3374
1246 3375
1250 3377
1290 3307
1289 3306
1282 3305
1246 3388
1267 3389
1244 3374
1247 3375
1246 3376
1249 3377
1290 3306
1282 3304
1245 3388
1268 3389
1267 3390
1244 3375
1244 3373
1248 3377
1249 3378
1291 3306
1245 3389
1269 3389
1268 3390
1267 3391
1244 3376
1244 3372
1248 3376
1249 3379
1291 3305
1244 3389
1269 3388
1268 3391
1267 3392
1244 3377
1248 3379
1291 3304
1244 3390
1270 3388
1266 3392
1245 3377
1247 3379
1292 3304
1290 3304
1291 3303
1243 3390
1270 3387
1265 3392
1245 3378
1293 3304
1292 3303
1289 3304
1242 3390
1271 3387
1270 3386
1264 3392
1265 3393
1245 3379
1294 3304
1241 3390
1272 3387
1270 3385
1264 3391
1265 3394
1294 3303
1241 3389
1273 3387
1271 3385
1270 3384
1263 3391
1265 3395
1240 3389
1274 3387
1273 3388
1269 3384
1264 3395
1240 3388
1274 3386
1273 3389
1269 3383
1263 3395
1240 3387
1275 3386
1273 3390
1268 3383
1262 3395
1239 3387
1240 3386
1261 3395
1262 3396
1239 3386
1261 3396
1238 3386
1260 3396
1237 3386
1236 3386
1237 3385
1236 3387
1235 3387
1234 3387
1235 3388
1233 3387
1234 3388
1235 3389
1233 3388
1236 3389
1232 3388
1233 3389
1236 3390
1232 3389
1232 3390
1231 3390
1232 3391
1232 3392
1231 3392
1232 3393
1230 3392
1233 3393
1232 3394
1229 3392
1230 3393
1234 3393
1232 3395
1228 3392
1229 3393
1234 3392
1231 3395
1227 3392
1228 3391
1231 3396
1227 3393
1228 3390
1230 3396
1226 3393
1227 3394
1227 3390
1228 3389
1230 3397
1225 3393
1226 3394
1227 3395
1229 3397
1225 3392
1228 3395
1224 3392
1223 3392
1224 3391
1223 3393
1223 3391
1224 3390
1223 3394
1224 3389
1223 3395
1223 3389
1224 3388
1222 3395
1223 3388
1222 3396
1222 3388
1222 3397
1221 3388
1222 3387
1223 3397
1221 3397
1222 3398
1220 3388
1221 3389
1222 3386
1221 3398
1222 3399
1219 3388
1222 3385
1220 3398
1223 3399
1218 3388
1219 3389
1223 3385
1222 3384
1219 3398
1224 3399
1217 3388
1224 3385
1223 3384
1221 3384
1222 3383
1218 3398
1225 3399
1224 3400
1217 3389
1224 3386
1223 3383
1220 3384
1221 3383
1218 3397
1225 3398
1224 3401
1216 3389
1217 3390
1225 3386
1224 3383
1220 3385
1221 3382
1218 3396
1226 3398
1224 3402
1226 3386
1225 3383
1224 3382
1221 3381
1219 3396
1217 3396
1226 3397
1226 3385
1225 3384
1225 3382
1224 3381
1220 3381
1220 3396
1216 3396
1226 3396
1226 3382
1225 3381
1223 3381
1219 3381
1215 3396
1225 3396
1225 3380
1223 3380
1219 3382
1219 3380
1215 3397
1222 3380
1223 3379
1219 3383
1218 3380
1214 3397
1222 3379
1223 3378
1218 3383
1217 3380
1218 3379
1213 3397
1224 3378
1217 3383
1218 3384
1216 3380
1213 3398
1225 3378
1224 3377
1216 3383
1215 3380
1216 3379
1212 3398
1226 3378
1225 3377
1215 3381
1216 3378
1212 3399
1227 3378
1215 3382
1215 3378
1212 3400
1228 3378
1227 3377
1214 3382
1214 3378
1215 3377
1211 3400
1212 3401
1228 3377
1227 3376
1213 3382
1215 3376
1211 3401
1212 3402
1229 3377
1228 3376
1212 3382
1214 3376
1210 3401
1211 3382
1214 3375
1209 3401
1210 3382
1213 3375
1214 3374
1208 3401
1209 3402
1209 3382
1210 3383
1210 3381
1214 3373
1209 3403
1209 3381
1210 3384
1213 3373
1214 3372
1210 3403
1208 3403
1209 3404
1209 3380
1210 3385
1212 3373
1215 3372
1211 3403
1210 3404
1207 3403
1208 3380
1211 3385
1210 3386
1211 3373
1212 3372
1215 3371
1211 3404
1210 3405
1206 3403
1212 3385
1209 3386
1210 3373
1211 3372
1212 3371
1216 3371
1211 3405
1210 3406
1205 3403
1206 3404
1213 3385
1212 3384
1208 3386
1211 3371
1217 3371
1212 3405
1211 3406
1205 3404
1214 3385
1207 3386
1208 3387
1211 3370
1218 3371
1217 3372
1213 3405
1211 3407
1204 3404
1205 3405
1215 3385
1207 3387
1210 3370
1211 3369
1219 3371
1218 3370
1213 3406
1211 3408
1203 3404
1204 3405
1205 3406
1206 3387
1211 3368
1220 3371
1219 3370
1212 3408
1202 3404
1204 3406
1206 3388
1212 3368
1210 3368
1211 3367
1220 3370
1213 3408
1212 3409
1203 3406
1205 3388
1206 3389
1213 3368
1209 3368
1210 3367
1211 3366
1214 3408
1212 3410
1202 3406
1204 3388
1205 3389
1213 3367
1209 3369
1209 3367
1215 3408
1211 3410
1202 3407
1203 3388
1204 3389
1214 3367
1208 3367
1216 3408
1210 3410
1201 3407
1202 3388
1215 3367
1207 3367
1208 3366
1216 3409
1210 3411
1200 3407
1201 3388
1202 3389
1215 3368
1215 3366
1207 3366
1217 3409
1216 3410
1209 3411
1210 3412
1199 3407
1200 3388
1201 3387
1202 3390
1216 3366
1206 3366
1218 3409
1217 3410
1216 3411
1208 3411
1209 3412
1210 3413
1198 3407
1199 3388
1200 3389
1203 3390
1217 3366
1205 3366
1218 3408
1215 3411
1209 3413
1197 3407
1198 3408
1198 3406
1200 3390
1218 3366
1217 3367
1217 3365
1205 3367
1219 3408
1197 3408
1197 3406
1198 3409
1199 3390
1219 3366
1217 3368
1217 3364
1204 3367
1220 3408
1219 3407
1196 3408
1197 3409
1196 3406
1198 3410
1198 3390
1220 3366
1218 3364
1216 3364
1217 3363
1221 3408
1220 3409
1219 3406
1196 3409
1196 3405
1198 3411
1197 3390
1221 3366
1220 3367
1215 3364
1217 3362
1221 3409
1221 3407
1220 3406
1218 3406
1195 3409
1198 3412
1196 3390
1197 3389
1222 3366
1221 3410
1220 3405
1218 3405
1194 3409
1197 3412
1195 3390
1197 3388
1222 3367
1222 3365
1221 3411
1221 3405
1218 3404
1193 3409
1194 3410
1196 3412
1197 3413
1194 3390
1197 3387
1223 3365
1221 3412
1222 3405
1221 3404
1217 3404
1193 3410
1197 3414
1194 3389
1197 3386
1224 3365
1222 3412
1192 3410
1198 3414
1197 3415
1194 3388
1197 3385
1225 3365
1224 3366
1222 3413
1191 3410
1199 3414
1197 3416
1193 3388
1198 3385
1196 3385
1197 3384
1226 3365
1223 3413
1222 3414
1190 3410
1191 3409
1199 3413
1197 3417
1193 3387
1199 3385
1195 3385
1197 3383
1227 3365
1224 3413
1222 3415
1189 3410
1197 3418
1192 3387
1198 3383
1197 3382
1224 3412
1222 3416
1197 3419
1191 3387
1196 3382
1197 3381
1221 3416
1196 3419
1197 3420
1190 3387
1191 3388
1191 3386
1195 3382
1198 3381
1195 3419
1198 3420
1189 3387
1191 3385
1195 3381
1198 3380
1194 3419
1195 3418
1199 3420
1188 3387
1189 3388
1189 3386
1194 3381
1195 3380
1199 3380
1198 3379
1194 3420
1194 3418
1199 3421
1199 3419
1187 3387
1188 3388
1193 3381
1196 3380
1200 3380
1197 3379
1193 3420
1194 3417
1200 3419
1187 3386
1193 3380
1200 3381
1197 3378
1193 3421
1194 3416
1201 3419
1187 3385
1193 3379
1200 3382
1196 3378
1192 3421
1193 3422
1202 3419
1188 3385
1186 3385
1193 3378
1201 3382
1199 3382
1200 3383
1195 3378
1192 3422
1193 3423
1203 3419
1202 3420
1185 3385
1192 3378
1201 3383
1191 3422
1192 3423
1203 3420
1203 3418
1184 3385
1185 3384
1191 3378
1192 3377
1190 3422
1191 3423
1192 3424
1204 3420
1203 3417
1183 3385
1185 3383
1189 3422
1190 3423
1192 3425
1205 3420
1204 3417
1203 3416
1183 3386
1183 3384
1186 3383
1185 3382
1188 3422
1189 3421
1205 3417
1182 3384
1187 3383
1188 3423
1188 3421
1189 3420
1206 3417
1181 3384
1188 3383
1187 3423
1187 3421
1190 3420
1207 3417
1206 3416
1180 3384
1189 3383
1186 3421
1187 3420
1190 3419
1207 3418
1180 3385
1190 3383
1185 3421
1186 3422
1186 3420
1187 3419
1190 3418
1207 3419
1180 3386
1185 3420
1186 3419
1190 3417
1207 3420
1180 3387
1185 3419
1207 3421
1181 3387
1208 3421
1206 3421
1209 3421
1206 3422
1210 3421
1209 3422
1209 3420
1205 3422
1206 3423
1210 3422
1210 3420
1209 3419
1205 3423
1206 3424
1210 3423
1211 3420
1210 3419
1205 3424
1210 3424
1205 3425
1211 3424
1209 3424
1204 3425
1212 3424
1211 3425
1209 3425
1203 3425
1213 3424
1212 3425
1209 3426
1202 3425
1214 3424
1213 3423
1210 3426
1202 3426
1214 3425
1213 3422
1202 3427
1215 3425
1214 3426
1214 3422
1202 3428
1216 3425
1213 3426
1214 3421
1203 3428
1201 3428
1216 3426
1216 3424
1213 3427
1203 3429
1200 3428
1217 3426
1217 3424
1213 3428
1203 3430
1200 3429
1530 2879
1212 3428
1213 3429
1203 3431
1199 3429
1212 3429
1214 3429
1202 3431
1198 3429
1212 3430
1201 3431
1197 3429
1212 3431
1201 3432
1197 3430
1213 3431
1212 3432
1197 3431
1214 3431
1212 3433
1196 3431
1215 3431
1213 3433
1211 3433
1195 3431
1196 3432
1216 3431
1215 3432
1213 3434
1210 3433
1195 3432
1195 3430
1216 3430
1214 3434
1213 3435
1209 3433
1210 3434
1194 3432
1195 3433
1195 3429
1217 3430
1215 3434
1208 3433
1210 3435
1193 3432
1195 3434
1194 3429
1195 3428
1216 3434
1215 3435
1207 3433
1208 3432
1192 3432
1196 3434
1194 3434
1216 3433
1215 3436
1206 3433
1208 3431
1191 3432
1192 3431
1197 3434
1196 3435
1193 3434
1215 3437
1205 3433
1206 3432
1191 3431
1198 3434
1196 3436
1192 3434
1214 3437
1215 3438
1205 3434
1190 3431
1191 3430
1198 3433
1195 3436
1191 3434
1192 3435
1213 3437
1216 3438
1205 3435
1191 3429
1190 3434
1191 3435
1192 3436
1217 3438
1205 3436
1191 3428
1189 3434
1191 3436
1193 3436
1192 3437
1218 3438
1217 3439
1206 3436
1205 3437
1188 3434
1192 3438
1219 3438
1217 3440
1207 3436
1205 3438
1187 3434
1188 3435
1191 3438
1192 3439
1220 3438
1219 3439
1219 3437
1216 3440
1217 3441
1207 3435
1206 3438
1205 3439
1187 3435
1188 3436
1192 3440
1221 3438
1217 3442
1208 3435
1207 3438
1204 3439
1186 3435
1191 3440
1192 3441
1216 3442
1217 3443
1204 3440
1191 3441
1193 3441
1215 3442
1217 3444
1204 3441
1191 3442
1194 3441
1214 3442
1215 3443
1217 3445
1203 3441
1191 3443
1195 3441
1194 3442
1218 3445
1192 3443
1190 3443
1219 3445
1218 3446
1192 3444
1220 3445
1219 3444
1192 3445
1220 3446
1220 3444
1219 3443
1193 3445
1221 3446
1220 3447
1221 3444
1194 3445
1222 3446
1221 3447
1219 3447
1220 3448
1222 3444
1223 3446
1221 3448
1219 3448
1220 3449
1224 3446
1223 3447
1220 3450
1225 3446
1220 3451
1226 3446
1226 3445
1226 3444
1226 3443
1227 3443
1228 3443
1228 3442
1229 3442
1230 3442
1231 3442
1232 3442
1233 3442
1232 3443
1232 3441
1234 3442
1233 3443
1232 3444
1234 3441
1233 3444
1232 3445
1235 3441
1234 3444
1231 3445
1236 3441
1231 3446
1236 3440
1231 3447
1236 3439
1231 3448
1236 3438
1230 3448
1237 3438
1230 3449
1238 3438
1229 3449
1230 3450
1238 3437
1230 3451
1239 3437
1229 3451
1230 3452
1240 3437
1545 2533
1228 3451
1229 3452
1230 3453
1241 3437
1239 3435
1227 3451
1228 3452
1228 3450
1231 3453
1241 3436
1238 3435
1239 3434
1232 3453
1231 3454
1241 3435
1237 3435
1240 3434
1231 3455
1241 3434
1236 3435
1240 3433
1231 3456
1241 3433
1240 3432
1231 3457
1242 3433
1241 3432
1231 3458
1243 3433
1241 3431
1231 3459
1243 3434
1241 3430
1232 3459
1231 3460
1243 3435
1240 3430
1241 3429
1231 3461
1239 3430
1230 3461
1230 3462
1229 3462
1230 3463
1228 3462
1230 3464
1227 3462
1231 3464
1229 3464
1230 3465
1227 3463
1228 3464
1229 3465
1227 3464
1228 3465
1226 3464
1225 3464
1224 3464
1223 3464
1224 3465
1224 3463
1222 3464
1224 3466
1223 3466
1224 3467
1223 3467
1225 3467
1222 3467
1226 3467
1221 3467
1222 3468
1220 3467
1221 3468
1221 3469
1221 3470
1222 3470
1220 3470
1223 3470
1219 3470
1223 3471
1219 3471
1219 3469
1223 3472
1222 3472
1223 3473
1224 3473
1223 3474
1222 3474
1223 3475
1221 3474
1223 3476
1221 3473
1223 3477
1224 3477
1225 3477
1225 3478
1225 3479
1224 3479
1225 3480
1226 3480
1227 3480
1227 3481
1227 3479
1228 3481
1227 3482
1227 3478
1228 3482
1226 3482
1227 3483
1228 3478
1229 3482
1225 3482
1227 3484
1230 3482
1229 3483
1224 3482
1226 3484
1231 3482
1229 3484
1223 3482
1224 3481
1226 3485
1232 3482
1231 3481
1230 3484
1229 3485
1222 3482
1226 3486
1231 3480
1231 3484
1228 3485
1229 3486
1221 3482
1222 3481
1226 3487
1232 3480
1231 3479
1232 3484
1228 3486
1220 3482
1221 3481
1222 3480
1226 3488
1233 3480
1230 3479
1231 3478
1228 3487
1220 3483
1222 3479
1225 3488
1226 3489
1234 3480
1233 3479
1222 3478
1224 3488
1234 3479
1221 3478
1223 3488
1235 3479
1220 3478
1222 3488
1223 3489
1236 3479
1219 3478
1220 3479
1221 3488
1236 3480
1236 3478
1218 3478
1220 3488
1221 3489
1237 3480
1236 3477
1217 3478
1220 3487
1221 3490
1237 3481
1237 3477
1235 3477
1216 3478
1220 3486
1221 3491
1238 3481
1238 3477
1234 3477
1235 3476
1215 3478
1216 3477
1219 3486
1221 3492
1238 3482
1239 3477
1215 3477
1218 3486
1221 3493
1238 3483
1239 3476
1214 3477
1220 3493
1221 3494
1238 3484
1239 3475
1213 3477
1214 3476
1220 3494
1222 3494
1238 3485
1240 3475
1238 3475
1213 3478
1223 3494
1222 3495
1239 3485
1238 3486
1240 3474
1212 3478
1213 3479
1222 3496
1240 3485
1239 3486
1238 3487
1240 3473
1211 3478
1213 3480
1222 3497
1241 3485
1240 3486
1238 3488
1239 3473
1240 3472
1210 3478
1211 3479
1213 3481
1222 3498
1242 3485
1240 3471
1209 3478
1213 3482
1223 3498
1243 3485
1242 3486
1242 3484
1239 3471
1208 3478
1209 3479
1209 3477
1224 3498
1223 3499
1244 3485
1242 3483
1239 3470
1207 3478
1209 3476
1224 3497
1245 3485
1244 3486
1243 3483
1239 3469
1206 3478
1207 3479
1208 3476
1224 3496
1246 3485
1245 3486
1245 3484
1240 3469
1238 3469
1205 3478
1207 3480
1207 3476
1247 3485
1241 3469
1204 3478
1208 3480
1206 3480
1206 3476
1248 3485
1241 3468
1203 3478
1208 3481
1205 3480
1248 3486
1248 3484
1242 3468
1241 3467
1202 3478
1209 3481
1204 3480
1248 3487
1249 3484
1248 3483
1243 3468
1241 3466
1201 3478
1209 3482
1249 3487
1250 3484
1247 3483
1244 3468
1243 3467
1242 3466
1240 3466
1200 3478
1209 3483
1250 3487
1249 3488
1250 3483
1244 3467
1242 3465
1239 3466
1199 3478
1200 3477
1249 3489
1250 3482
1245 3467
1242 3464
1239 3467
1198 3478
1199 3479
1199 3477
1200 3476
1250 3489
1249 3490
1251 3482
1250 3481
1246 3467
1245 3466
1242 3463
1238 3467
1199 3480
1201 3476
1251 3489
1250 3490
1252 3482
1246 3468
1246 3466
1245 3465
1200 3480
1198 3480
1201 3475
1252 3489
1253 3482
1246 3469
1246 3465
1244 3465
1201 3480
1200 3481
1197 3480
1201 3474
1252 3490
1254 3482
1253 3481
1247 3469
1245 3469
1246 3464
1201 3481
1200 3482
1196 3480
1197 3481
1201 3473
1253 3490
1252 3491
1254 3481
1253 3480
1248 3469
1245 3470
1246 3463
1202 3481
1201 3482
1199 3482
1200 3483
1202 3473
1201 3472
1253 3491
1253 3479
1248 3468
1245 3463
1203 3481
1201 3483
1200 3484
1200 3472
1201 3471
1254 3491
1252 3479
1253 3478
1249 3468
1244 3463
1245 3462
1203 3482
1199 3472
1200 3471
1202 3471
1254 3492
1253 3477
1249 3467
1245 3461
1203 3483
1199 3473
1200 3470
1203 3471
1202 3470
1255 3492
1254 3477
1253 3476
1250 3467
1249 3466
1244 3461
1203 3484
1199 3474
1200 3469
1204 3471
1203 3472
1256 3492
1254 3476
1252 3476
1251 3467
1249 3465
1243 3461
1204 3484
1198 3474
1201 3469
1199 3469
1204 3470
1256 3493
1256 3491
1255 3476
1254 3475
1251 3476
1251 3468
1251 3466
1250 3465
1242 3461
1243 3460
1198 3475
1201 3468
1199 3468
1205 3470
1204 3469
1256 3490
1256 3476
1255 3475
1250 3476
1241 3461
1243 3459
1197 3475
1201 3467
1198 3468
1199 3467
1205 3469
1203 3469
1204 3468
1256 3489
1256 3477
1249 3476
1241 3460
1196 3475
1201 3466
1205 3468
1203 3468
1256 3488
1257 3477
1249 3475
1195 3475
1202 3466
1201 3465
1257 3488
1258 3477
1194 3475
1195 3476
1201 3464
1258 3488
1259 3477
1193 3475
1195 3477
1200 3464
1201 3463
1258 3489
1258 3487
1260 3477
1259 3478
1193 3476
1195 3478
1199 3464
1202 3463
1201 3462
1259 3489
1261 3477
1193 3477
1198 3464
1259 3490
1262 3477
1192 3477
1198 3465
1259 3491
1263 3477
1262 3476
1192 3478
1260 3491
1262 3475
1192 3479
1261 3491
1260 3492
1261 3475
1262 3474
1193 3479
1192 3480
1261 3492
1261 3490
1260 3493
1263 3474
1262 3473
1194 3479
1193 3480
1262 3492
1262 3490
1260 3494
1264 3474
1262 3472
1194 3480
1193 3481
1263 3490
1261 3494
1260 3495
1264 3475
1263 3472
1194 3481
1193 3482
1264 3490
1259 3495
1265 3475
1193 3483
1265 3490
1258 3495
1192 3483
1193 3484
1266 3490
1257 3495
1258 3494
1191 3483
1192 3484
1194 3484
1267 3490
1257 3496
1258 3493
1190 3483
1191 3482
1192 3485
1195 3484
1194 3485
1267 3491
1257 3497
1189 3483
1192 3486
1196 3484
1195 3485
1194 3486
1268 3491
1267 3492
1257 3498
1188 3483
1192 3487
1195 3486
1269 3491
1267 3493
1256 3498
1188 3482
1192 3488
1269 3490
1267 3494
1255 3498
1188 3481
1192 3489
1270 3490
1266 3494
1254 3498
1188 3480
1192 3490
1271 3490
1265 3494
1253 3498
1254 3499
1189 3480
1188 3479
1191 3490
1272 3490
1271 3491
1264 3494
1265 3493
1252 3498
1253 3497
1254 3500
1190 3480
1188 3478
1191 3491
1273 3490
1271 3492
1264 3495
1264 3493
1252 3499
1254 3501
1190 3479
1189 3478
1187 3478
1190 3491
1273 3489
1272 3492
1264 3496
1251 3499
1255 3501
1189 3477
1187 3477
1189 3491
1274 3489
1272 3493
1265 3496
1264 3497
1250 3499
1189 3476
1186 3477
1189 3492
1189 3490
1275 3489
1273 3493
1272 3494
1264 3498
1249 3499
1250 3498
1189 3475
1188 3492
1189 3489
1275 3490
1275 3488
1265 3498
1263 3498
1248 3499
1189 3474
1189 3488
1275 3491
1276 3488
1266 3498
1265 3499
1263 3499
1248 3498
1188 3474
1189 3473
1189 3487
1276 3491
1277 3488
1276 3487
1265 3500
1262 3499
1263 3500
1248 3497
1187 3474
1188 3487
1276 3492
1277 3489
1277 3487
1261 3499
1248 3496
1186 3474
1187 3487
1277 3490
1278 3487
1260 3499
1249 3496
1247 3496
1185 3474
1186 3487
1279 3487
1278 3486
1259 3499
1246 3496
1247 3495
1185 3473
1186 3488
1279 3488
1246 3497
1247 3494
1184 3473
1185 3488
1186 3489
1245 3497
1246 3498
1248 3494
1183 3473
1184 3488
1246 3499
1182 3473
1183 3488
1245 3499
1246 3500
1182 3472
1182 3488
1183 3487
1244 3499
1182 3487
1183 3486
1244 3500
1244 3498
1181 3487
1182 3486
1243 3498
1181 3486
1182 3485
1242 3498
1180 3486
1182 3484
1241 3498
1242 3497
1183 3484
1181 3484
1241 3499
1241 3497
1242 3496
1183 3483
1180 3484
1181 3483
1241 3500
1240 3497
1242 3495
1179 3484
1180 3483
1240 3500
1241 3501
1239 3497
1240 3496
1243 3495
1178 3484
1239 3500
1239 3498
1239 3496
1177 3484
1178 3485
1178 3483
1239 3501
1238 3496
1176 3484
1177 3485
1177 3483
1238 3501
1237 3496
1177 3486
1238 3502
1238 3503
1238 3504
1239 3504
1237 3504
1238 3505
1236 3504
1238 3506
1236 3503
1237 3506
1235 3503
1236 3506
1234 3503
1236 3507
1233 3503
1236 3508
1232 3503
1233 3502
1236 3509
1235 3509
1235 3510
1235 3511
1236 3511
1234 3511
1237 3511
1233 3511
1238 3511
1233 3512
1239 3511
1238 3512
1232 3512
1240 3511
1239 3510
1238 3513
1232 3513
1239 3509
1238 3514
1231 3513
1239 3508
1238 3515
1230 3513
1239 3515
1229 3513
1239 3516
1228 3513
1239 3517
1228 3514
1240 3517
1239 3518
1227 3514
1228 3515
1240 3518
1239 3519
1229 3515
1228 3516
1241 3518
1239 3520
1230 3515
1228 3517
1242 3518
1238 3520
1231 3515
1230 3516
1227 3517
1243 3518
1242 3517
1230 3517
1227 3518
1244 3518
1242 3516
1226 3518
1244 3519
1242 3515
1245 3519
1242 3514
1246 3519
1245 3520
1242 3513
1247 3519
1246 3520
1245 3521
1248 3519
1249 3519
1249 3520
1250 3520
1250 3521
1251 3521
1250 3522
1252 3521
1249 3522
1250 3523
1252 3520
1248 3522
1251 3523
1250 3524
1252 3519
1247 3522
1251 3524
1250 3525
1253 3519
1246 3522
1252 3524
1249 3525
1246 3523
1253 3524
1245 3523
1246 3524
1253 3525
1244 3523
1253 3526
1244 3522
1254 3526
1243 3522
1255 3526
1242 3522
1243 3521
1256 3526
1241 3522
1256 3527
1240 3522
1241 3521
1257 3527
1256 3528
1240 3523
1258 3527
1256 3529
1239 3523
1258 3526
1257 3529
1256 3530
1239 3524
1259 3526
1256 3531
1238 3524
1260 3526
1255 3531
1256 3532
1237 3524
1238 3525
1261 3526
1254 3531
1236 3524
1262 3526
1254 3532
1254 3530
1235 3524
1236 3525
1236 3523
1262 3527
1262 3525
1253 3532
1254 3533
1253 3530
1236 3526
1262 3524
1254 3534
1237 3526
1236 3527
1261 3524
1262 3523
1254 3535
1237 3527
1236 3528
1260 3524
1261 3523
1263 3523
1262 3522
1253 3535
1254 3536
1235 3528
1259 3524
1264 3523
1262 3521
1252 3535
1254 3537
1234 3528
1258 3524
1261 3521
1252 3536
1254 3538
1233 3528
1234 3529
1257 3524
1261 3520
1253 3538
1254 3539
1233 3527
1234 3530
1257 3523
1261 3519
1253 3539
1254 3540
1233 3526
1234 3531
1256 3523
1262 3519
1252 3539
1254 3541
1232 3526
1235 3531
1255 3523
1256 3522
1251 3539
1254 3542
1231 3526
1250 3539
1255 3542
1230 3526
1250 3540
1250 3538
1256 3542
1229 3526
1249 3540
1250 3537
1256 3543
1256 3541
1228 3526
1248 3540
1251 3537
1228 3527
1228 3525
1247 3540
1227 3527
1228 3524
1247 3541
1247 3539
1227 3528
1246 3541
1245 3541
1244 3541
1245 3542
1243 3541
1245 3543
1242 3541
1243 3540
1246 3543
1244 3543
1241 3541
1242 3542
1246 3544
1243 3543
1240 3541
1246 3545
1239 3541
1245 3545
1246 3546
1238 3541
1244 3545
1238 3542
1238 3540
1243 3545
1237 3542
1238 3543
1237 3540
1242 3545
1236 3542
1237 3543
1239 3543
1238 3544
1237 3539
1241 3545
1236 3543
1237 3538
1241 3546
1241 3547
1241 3548
1240 3548
1239 3548
1238 3548
1238 3547
1238 3546
1237 3546
1236 3546
1235 3546
1234 3546
1235 3547
1233 3546
1232 3546
1231 3546
1230 3546
1231 3547
1230 3545
1231 3548
1229 3545
1230 3544
1232 3548
1231 3549
1231 3550
1231 3551
1232 3551
1230 3551
1229 3551
1230 3552
1228 3551
1230 3553
1227 3551
1231 3553
1230 3554
1227 3552
1227 3550
1232 3553
1230 3555
1226 3552
1226 3550
1227 3549
1233 3553
1231 3555
1225 3552
1226 3553
1225 3550
1228 3549
1227 3548
1234 3553
1224 3552
1225 3553
1225 3551
1225 3549
1226 3548
1227 3547
1235 3553
1234 3554
1223 3552
1225 3554
1224 3549
1225 3548
1226 3547
1222 3552
1225 3555
1221 3552
1222 3551
1225 3556
1222 3550
1224 3556
1221 3550
1223 3556
1220 3550
1221 3549
1222 3556
1223 3557
1219 3550
1221 3548
1221 3556
1222 3555
1220 3548
1220 3556
1221 3555
1220 3547
1220 3557
1220 3555
1219 3547
1219 3557
1220 3554
1218 3547
1218 3557
1219 3558
1219 3554
1220 3553
1217 3547
1219 3559
1218 3554
1216 3547
1217 3546
1220 3559
1218 3559
1217 3554
1218 3555
1218 3553
1215 3547
1221 3559
1217 3559
1214 3547
1215 3548
1216 3559
1217 3560
1217 3558
1213 3547
1216 3560
1213 3546
1216 3561
1213 3545
1215 3561
1213 3544
1214 3561
1212 3544
1213 3561
1212 3543
1213 3562
1213 3560
1211 3543
1213 3563
1212 3560
1213 3559
1210 3543
1213 3564
1211 3560
1209 3543
1210 3544
1214 3564
1210 3560
1209 3542
1215 3564
1214 3565
1209 3560
1208 3542
1209 3541
1216 3564
1215 3565
1214 3566
1208 3560
1209 3561
1207 3542
1208 3541
1209 3540
1216 3565
1208 3561
1209 3562
1206 3542
1210 3540
1209 3539
1216 3566
1209 3563
1206 3541
1210 3539
1209 3538
1216 3567
1205 3541
1206 3540
1211 3539
1208 3538
1209 3537
1217 3567
1215 3567
1204 3541
1207 3540
1211 3538
1207 3538
1208 3537
1210 3537
1218 3567
1215 3568
1203 3541
1204 3540
1207 3539
1212 3538
1211 3537
1219 3567
1218 3568
1218 3566
1214 3568
1202 3541
1203 3542
1203 3540
1213 3538
1211 3536
1219 3568
1219 3566
1218 3569
1202 3542
1203 3539
1214 3538
1212 3536
1211 3535
1220 3566
1217 3569
1218 3570
1202 3539
1215 3538
1214 3539
1213 3536
1210 3535
1216 3569
1216 3538
1214 3536
1213 3535
1209 3535
1210 3534
1216 3570
1217 3538
1215 3536
1208 3535
1210 3533
1216 3571
1216 3536
1215 3535
1207 3535
1211 3533
1216 3572
1215 3534
1206 3535
1207 3536
1207 3534
1212 3533
1217 3572
1216 3573
1207 3533
1212 3534
1218 3572
1215 3573
1208 3533
1206 3533
1207 3532
1219 3572
1218 3573
1214 3573
1205 3533
1220 3572
1219 3573
1213 3573
1204 3533
1205 3532
1213 3574
1213 3572
1212 3572
1213 3571
1211 3572
1212 3571
1210 3572
1212 3570
1209 3572
1210 3571
1208 3572
1209 3573
1208 3571
1209 3574
1208 3570
1208 3574
1209 3575
1208 3569
1207 3574
1207 3569
1206 3574
1207 3575
1207 3568
1206 3575
1206 3573
1207 3567
1206 3576
1205 3573
1206 3572
1206 3567
1206 3577
1204 3573
1205 3572
1206 3571
1206 3566
1207 3577
1205 3577
1206 3578
1203 3573
1205 3566
1206 3565
1207 3578
1204 3577
1206 3579
1203 3572
1204 3566
1205 3565
1207 3565
1206 3564
1208 3578
1203 3577
1206 3580
1202 3572
1205 3580
1206 3581
1201 3572
1202 3571
1204 3580
1207 3581
1201 3573
1203 3580
1204 3581
1207 3582
1200 3573
1201 3574
1202 3580
1203 3581
1204 3582
1207 3583
1199 3573
1200 3574
1201 3580
1203 3582
1206 3583
1207 3584
1198 3573
1199 3572
1201 3581
1202 3582
1203 3583
1419 3554
1197 3573
1198 3574
1749 2626
1197 3572
1198 3575
1750 2633
1748 2631
1769 2638
1196 3572
1199 3575
1753 2625
1761 2629
1196 3571
1756 2625
1195 3571
1196 3570
1773 2639
1752 2629
1194 3571
1197 3570
1196 3569
1349 3078
1351 3077
1350 3078
1196 3568
1351 3078
1642 2553
1195 3568
1641 2553
1638 2551
1638 2555
1194 3568
1640 2553
1638 2552
1638 2554
1194 3567
1639 2553
1638 2553
1637 2553
1636 2553
1635 2553
1193 3567
1194 3566
1634 2553
1634 2554
1632 2555
1634 2555
1633 2555
1193 3566
1195 3566
1194 3565
1634 2558
1633 2556
1633 2558
1633 2557
1630 2556
1621 2558
1192 3566
1194 3564
1632 2557
1630 2557
1621 2559
1631 2557
1191 3566
1195 3564
1193 3564
1630 2558
1620 2559
1631 2558
1190 3566
1196 3564
1195 3563
1192 3564
1619 2559
1631 2559
1630 2560
1632 2560
1635 2563
1189 3566
1197 3564
1195 3562
1192 3563
1619 2560
1618 2561
1631 2560
1632 2561
1189 3567
1198 3564
1197 3565
1195 3561
1634 2563
1619 2561
1188 3567
1189 3568
1194 3561
1195 3560
1631 2561
1630 2562
1187 3567
1189 3569
1196 3560
1195 3559
1633 2563
1186 3567
1197 3560
1194 3559
1195 3558
1619 2562
1621 2562
1185 3567
1198 3560
1197 3559
1195 3557
1631 2562
1185 3568
1198 3561
1195 3556
1632 2563
1185 3569
1198 3562
1196 3556
1195 3555
1184 3569
1195 3554
1184 3570
1196 3554
1194 3554
1183 3570
1184 3571
1194 3553
1183 3571
1182 3571
1181 3571
1181 3572
1180 3572
1181 3573
1179 3572
1182 3573
1181 3574
1179 3571
1183 3573
1179 3570
1184 3573
1179 3569
1185 3573
1180 3569
1178 3569
1186 3573
1180 3568
1178 3568
1187 3573
1178 3567
1177 3567
1178 3566
1176 3567
1178 3565
1175 3567
1179 3565
1177 3565
1174 3567
1180 3565
1179 3564
1177 3564
1173 3567
1181 3565
1180 3566
1179 3563
1177 3563
1172 3567
1182 3565
1181 3564
1179 3562
1171 3567
1172 3568
1172 3566
1178 3562
1179 3561
1170 3567
1172 3569
1172 3565
1179 3560
1169 3567
1170 3568
1173 3565
1171 3565
1180 3560
1178 3560
1169 3568
1170 3565
1171 3564
1180 3559
1178 3559
1169 3569
1171 3563
1181 3559
1178 3558
1168 3569
1171 3562
1181 3558
1168 3570
1171 3561
1182 3558
1181 3557
1168 3571
1170 3561
1171 3560
1183 3558
1181 3556
1167 3571
1170 3560
1183 3559
1183 3557
1180 3556
1166 3571
1170 3559
1184 3557
1179 3556
1165 3571
1166 3572
1169 3559
1170 3558
1185 3557
1178 3556
1166 3573
1168 3559
1171 3558
1186 3557
1185 3556
1177 3556
1165 3573
1168 3560
1186 3558
1186 3556
1177 3555
1164 3573
1165 3574
1168 3561
1187 3558
1176 3555
1165 3575
1168 3562
1188 3558
1175 3555
1176 3554
1166 3575
1164 3575
1167 3562
1168 3563
1189 3558
1188 3557
1176 3553
1167 3575
1163 3575
1166 3562
1190 3558
1189 3557
1177 3553
1176 3552
1167 3576
1166 3563
1166 3561
1190 3559
1189 3556
1176 3551
1168 3576
1167 3577
1165 3561
1190 3560
1190 3556
1189 3555
1177 3551
1175 3551
1176 3550
1169 3576
1167 3578
1165 3560
1189 3560
1190 3555
1189 3554
1178 3551
1176 3549
1170 3576
1166 3578
1164 3560
1189 3553
1178 3552
1178 3550
1170 3577
1170 3575
1164 3559
1189 3552
1885 2554
1170 3574
1163 3559
1164 3558
1190 3552
1886 2554
1885 2552
1163 3558
1165 3558
1191 3552
1812 2697
1874 2570
1162 3558
1166 3558
1191 3551
1743 1971
1161 3558
1167 3558
1192 3551
1191 3550
1742 1970
1743 1970
1160 3558
1161 3559
1193 3551
1191 3549
1757 1975
1759 1975
1743 1969
1160 3559
1192 3549
1191 3548
1758 1975
1159 3559
1160 3560
1193 3549
1158 3559
1160 3561
1193 3548
1158 3558
1159 3561
1194 3548
1193 3547
1158 3557
1159 3562
1192 3547
1193 3546
1158 3556
1158 3562
1159 3563
1192 3546
1194 3546
1193 3545
1158 3555
1157 3562
1158 3563
1160 3563
1191 3546
1193 3544
1158 3554
1156 3562
1157 3561
1158 3564
1190 3546
1191 3545
1192 3544
1157 3554
1158 3553
1155 3562
1156 3561
1157 3564
1190 3545
1159 3553
1158 3552
1156 3564
1189 3545
1159 3552
1157 3552
1155 3564
1188 3545
1189 3544
1159 3551
1156 3552
1157 3551
1155 3565
1187 3545
1188 3546
1189 3543
1155 3552
1156 3551
1154 3565
1186 3545
1187 3544
1188 3543
1154 3552
1155 3553
1155 3551
1153 3565
1185 3545
1186 3546
1186 3544
1155 3554
1155 3550
1152 3565
1185 3544
1186 3543
1155 3549
1151 3565
1152 3564
1185 3543
1186 3542
1155 3548
1150 3565
1184 3543
1187 3542
1156 3548
1154 3548
1155 3547
1149 3565
1150 3564
1183 3543
1187 3541
1153 3548
1155 3546
1148 3565
1149 3566
1182 3543
1183 3544
1183 3542
1188 3541
1187 3540
1153 3549
1153 3547
1156 3546
1155 3545
1148 3566
1148 3564
1181 3543
1182 3542
1188 3540
1186 3540
1155 3544
1148 3567
1148 3563
1180 3543
1188 3539
1154 3544
1155 3543
1147 3567
1149 3563
1180 3544
1180 3542
1189 3539
1188 3538
1153 3544
1154 3543
1149 3562
1179 3544
1180 3545
1180 3541
1189 3538
1188 3537
1152 3544
1153 3545
1149 3561
1178 3544
1179 3545
1179 3541
1180 3540
1151 3544
1152 3545
1149 3560
1177 3544
1178 3543
1178 3541
1150 3544
1150 3560
1176 3544
1177 3541
1178 3540
1149 3544
1150 3545
1150 3543
1176 3545
1176 3543
1177 3540
1148 3544
1150 3542
1175 3545
1175 3543
1177 3539
1147 3544
1151 3542
1149 3542
1174 3545
1174 3543
1176 3539
1146 3544
1151 3541
1173 3545
1174 3546
1174 3544
1173 3543
1176 3538
1146 3545
1152 3541
1151 3540
1172 3545
1174 3547
1173 3542
1175 3538
1146 3546
1152 3540
1151 3539
1171 3545
1172 3546
1175 3547
1173 3541
1175 3537
1146 3547
1151 3538
1171 3546
1174 3541
1173 3540
1175 3536
1146 3548
1150 3538
1171 3547
1175 3541
1172 3540
1173 3539
1174 3536
1175 3535
1145 3548
1146 3549
1171 3548
1175 3540
1171 3540
1174 3539
1176 3535
1144 3548
1146 3550
1171 3549
1170 3540
1171 3541
1171 3539
1177 3535
1144 3549
1147 3550
1169 3540
1171 3542
1178 3535
1177 3534
1144 3550
1168 3540
1171 3543
1179 3535
1177 3533
1143 3550
1144 3551
1168 3541
1168 3539
1170 3543
1180 3535
1179 3536
1176 3533
1177 3532
1142 3550
1167 3541
1168 3538
1169 3543
1181 3535
1179 3537
1178 3532
1177 3531
1141 3550
1142 3549
1166 3541
1182 3535
1179 3538
1176 3531
1177 3530
1140 3550
1141 3551
1142 3548
1166 3542
1183 3535
1176 3530
1139 3550
1141 3552
1141 3548
1183 3534
1176 3529
1138 3550
1141 3553
1140 3548
1141 3547
1184 3534
1176 3528
1137 3550
1138 3551
1141 3554
1184 3533
1175 3528
1136 3550
1138 3552
1142 3554
1185 3533
1174 3528
1135 3550
1136 3551
1138 3553
1142 3555
1185 3532
1173 3528
1174 3529
1137 3553
1143 3555
1185 3531
1172 3528
1136 3553
1143 3556
1186 3531
1171 3528
1135 3553
1136 3554
1144 3556
1143 3557
1187 3531
1171 3529
1171 3527
1134 3553
1145 3556
1142 3557
1143 3558
1188 3531
1187 3532
1187 3530
1171 3526
1133 3553
1146 3556
1143 3559
1189 3531
1187 3529
1170 3526
1171 3525
1133 3554
1147 3556
1146 3557
1146 3555
1143 3560
1189 3530
1188 3529
1187 3528
1169 3526
1171 3524
1132 3554
1148 3556
1146 3558
1143 3561
1171 3523
1131 3554
1148 3555
1145 3558
1142 3561
1143 3562
1172 3523
1170 3523
1130 3554
1149 3555
1142 3562
1144 3562
1173 3523
1130 3555
1150 3555
1149 3554
1141 3562
1145 3562
1130 3556
1150 3554
1149 3553
1145 3561
1130 3557
1151 3554
1149 3552
1146 3561
1131 3557
1130 3558
1129 3558
1128 3558
1129 3559
1127 3558
1129 3560
1127 3557
1129 3561
1126 3557
1129 3562
1125 3557
1126 3556
1130 3562
1129 3563
1124 3557
1126 3555
1131 3562
1123 3557
1124 3558
1131 3561
1122 3557
1123 3558
1124 3559
1121 3557
1122 3558
1125 3559
1120 3557
1122 3559
1125 3560
1120 3556
1122 3560
1125 3561
1120 3555
1122 3561
1121 3555
1119 3555
1120 3554
1121 3561
1121 3554
1118 3555
1119 3554
1121 3562
1122 3554
1121 3553
1117 3555
1121 3563
1122 3553
1116 3555
1117 3556
1121 3564
1122 3552
1115 3555
1121 3565
1123 3552
1114 3555
1120 3565
1121 3566
1124 3552
1113 3555
1119 3565
1120 3566
1125 3552
1124 3553
1124 3551
1113 3556
1113 3554
1119 3566
1120 3567
1125 3551
1113 3557
1120 3568
1126 3551
1112 3557
1121 3568
1120 3569
1127 3551
1126 3550
1111 3557
1122 3568
1121 3569
1127 3550
1111 3558
1111 3556
1122 3567
1121 3570
1128 3550
1127 3549
1111 3559
1110 3556
1121 3571
1128 3549
1127 3548
1111 3560
1109 3556
1122 3571
1129 3549
1126 3548
1112 3560
1110 3560
1108 3556
1123 3571
1122 3572
1130 3549
1125 3548
1112 3561
1110 3561
1124 3571
1123 3572
1122 3573
1130 3550
1130 3548
1125 3549
1125 3547
1109 3561
1110 3562
1125 3571
1124 3572
1123 3573
1122 3574
1131 3548
1130 3547
1124 3547
1125 3546
1110 3563
1126 3571
1125 3572
1123 3574
1121 3574
1122 3575
1132 3548
1129 3547
1123 3547
1124 3546
1109 3563
1110 3564
1126 3570
1125 3573
1121 3575
1122 3576
1133 3548
1129 3546
1122 3547
1124 3545
1111 3564
1110 3565
1126 3569
1126 3573
1120 3575
1133 3547
1129 3545
1121 3547
1123 3545
1124 3544
1112 3564
1109 3565
1127 3569
1125 3569
1126 3574
1119 3575
1130 3545
1128 3545
1129 3544
1120 3547
1121 3548
1123 3544
1112 3565
1108 3565
1125 3568
1127 3574
1126 3575
1119 3576
1120 3548
1123 3543
1113 3565
1112 3566
1108 3566
1127 3575
1126 3576
1119 3548
1114 3565
1111 3566
1112 3567
1107 3566
1127 3576
1126 3577
1114 3566
1114 3564
1106 3566
1126 3578
1115 3566
1114 3567
1127 3578
1125 3578
1126 3579
1116 3566
1115 3567
1127 3579
1125 3579
1126 3580
1115 3568
1128 3579
1127 3580
1124 3579
1116 3568
1115 3569
1129 3579
1127 3581
1116 3569
1114 3569
1115 3570
1130 3579
1129 3578
1117 3569
1130 3580
1130 3578
1130 3581
1131 3578
1130 3582
1132 3578
1131 3577
1131 3582
1129 3582
1133 3578
1131 3583
1134 3578
1133 3577
1131 3584
1134 3577
1133 3576
1132 3584
1130 3584
1135 3577
1133 3575
1130 3585
1136 3577
1130 3586
1136 3576
1131 3586
1130 3587
1136 3575
1132 3586
1129 3587
1130 3588
1136 3574
1133 3586
1132 3587
1130 3589
1137 3574
1134 3586
1132 3588
1129 3589
1130 3590
1137 3573
1133 3588
1129 3590
1131 3590
1137 3572
1133 3589
1128 3590
1138 3572
1136 3572
1128 3591
1139 3572
1135 3572
1136 3571
1127 3591
1139 3573
1134 3572
1136 3570
1127 3592
1140 3573
1139 3574
1133 3572
1134 3573
1127 3593
1141 3573
1126 3593
1127 3594
1142 3573
1125 3593
1128 3594
1127 3595
1142 3574
1124 3593
1129 3594
1127 3596
1143 3574
1142 3575
1123 3593
1124 3594
1129 3595
1129 3593
1128 3596
1126 3596
1127 3597
1141 3575
1142 3576
1123 3594
1123 3592
1129 3596
1130 3593
1129 3592
1126 3597
1127 3598
1141 3576
1122 3594
1122 3592
1130 3596
1140 3576
1141 3577
1122 3595
1121 3592
1122 3591
1131 3596
1141 3578
1122 3596
1120 3592
1121 3591
1132 3596
1141 3579
1123 3596
1122 3597
1142 3579
1140 3579
1123 3597
1122 3598
1143 3579
1142 3580
1139 3579
1140 3580
1123 3598
1121 3598
1144 3579
1143 3580
1142 3581
1140 3581
1120 3598
1144 3580
1144 3578
1142 3582
1119 3598
1145 3580
1145 3578
1119 3599
1145 3581
1119 3600
1146 3581
1145 3582
1119 3601
1146 3582
1145 3583
1118 3601
1145 3584
1118 3602
1146 3584
1144 3584
1117 3602
1146 3585
1144 3585
1117 3603
1143 3585
1144 3586
1117 3604
1145 3586
1118 3604
1116 3604
1145 3587
1119 3604
1115 3604
1146 3587
1120 3604
1119 3603
1114 3604
1115 3603
1146 3588
1120 3605
1120 3603
1113 3604
1147 3588
1146 3589
1121 3605
1121 3603
1112 3604
1148 3588
1147 3589
1145 3589
1121 3606
1122 3603
1111 3604
1112 3605
1149 3588
1148 3589
1144 3589
1121 3607
1123 3603
1122 3602
1111 3603
1112 3606
1150 3588
1149 3589
1148 3590
1144 3590
1144 3588
1122 3607
1121 3608
1123 3604
1110 3603
1111 3602
1150 3589
1143 3590
1144 3591
1143 3588
1122 3608
1120 3608
1109 3603
1111 3601
1151 3589
1144 3592
1143 3587
1123 3608
1119 3608
1120 3609
1108 3603
1109 3604
1110 3601
1111 3600
1152 3589
1151 3590
1145 3592
1143 3592
1124 3608
1123 3609
1118 3608
1120 3610
1108 3602
1109 3605
1153 3589
1151 3591
1146 3592
1145 3593
1142 3592
1125 3608
1123 3610
1120 3611
1108 3601
1110 3605
1108 3605
1109 3606
1153 3590
1153 3588
1152 3591
1146 3593
1146 3591
1145 3594
1142 3591
1126 3608
1125 3607
1122 3610
1123 3611
1119 3611
1107 3601
1109 3607
1154 3588
1153 3587
1152 3592
1145 3595
1141 3591
1126 3609
1126 3607
1124 3611
1123 3612
1118 3611
1119 3612
1107 3600
1108 3607
1155 3588
1152 3593
1145 3596
1140 3591
1141 3590
1126 3610
1123 3613
1117 3611
1106 3600
1107 3599
1107 3607
1152 3594
1140 3592
1140 3590
1126 3611
1123 3614
1116 3611
1107 3598
1106 3607
1107 3606
1153 3594
1151 3594
1139 3592
1140 3589
1127 3611
1126 3612
1122 3614
1123 3615
1115 3611
1116 3610
1106 3598
1105 3607
1154 3594
1153 3595
1138 3592
1139 3589
1127 3612
1122 3615
1114 3611
1116 3609
1104 3607
1105 3608
1105 3606
1154 3595
1137 3592
1138 3589
1128 3612
1127 3613
1121 3615
1114 3612
1117 3609
1103 3607
1105 3609
1155 3595
1154 3596
1136 3592
1138 3590
1129 3612
1120 3615
1114 3613
1106 3609
1104 3609
1154 3597
1135 3592
1136 3593
1136 3591
1130 3612
1119 3615
1120 3616
1107 3609
1106 3610
1103 3609
1104 3610
1154 3598
1135 3593
1130 3613
1130 3611
1119 3614
1120 3617
1108 3609
1106 3611
1102 3609
1103 3610
1104 3611
1155 3598
1153 3598
1135 3594
1130 3614
1131 3611
1118 3614
1120 3618
1109 3609
1105 3611
1101 3609
1103 3611
1152 3598
1135 3595
1131 3614
1129 3614
1130 3615
1132 3611
1121 3618
1109 3610
1101 3608
1102 3611
1151 3598
1135 3596
1131 3615
1128 3614
1132 3610
1121 3619
1109 3611
1101 3607
1101 3611
1102 3612
1150 3598
1151 3599
1135 3597
1131 3616
1128 3615
1133 3610
1122 3619
1109 3612
1102 3613
1149 3598
1151 3600
1135 3598
1132 3616
1131 3617
1134 3610
1133 3609
1123 3619
1110 3612
1108 3612
1102 3614
1148 3598
1149 3597
1152 3600
1151 3601
1136 3598
1133 3616
1130 3617
1131 3618
1134 3611
1134 3609
1133 3608
1123 3620
1123 3618
1110 3613
1108 3613
1101 3614
1147 3598
1149 3596
1151 3602
1136 3599
1134 3616
1133 3617
1130 3618
1134 3612
1132 3608
1123 3621
1110 3614
1108 3614
1101 3615
1150 3602
1151 3603
1136 3600
1135 3616
1134 3617
1133 3618
1130 3619
1131 3608
1123 3622
1111 3614
1109 3614
1108 3615
1101 3616
1149 3602
1152 3603
1136 3616
1134 3618
1133 3619
1130 3608
1131 3609
1131 3607
1123 3623
1112 3614
1109 3615
1102 3616
1148 3602
1149 3601
1153 3603
1152 3604
1137 3616
1132 3619
1122 3623
1112 3615
1112 3613
1109 3616
1103 3616
1147 3602
1153 3602
1152 3605
1137 3617
1137 3615
1132 3620
1122 3624
1113 3615
1112 3616
1109 3617
1103 3617
1146 3602
1153 3605
1151 3605
1138 3617
1138 3615
1137 3614
1131 3620
1121 3624
1122 3625
1109 3618
1103 3618
1145 3602
1146 3603
1154 3605
1150 3605
1139 3617
1138 3614
1121 3625
1108 3618
1104 3618
1102 3618
1145 3603
1145 3601
1155 3605
1150 3604
1140 3617
1139 3618
1139 3614
1120 3625
1104 3619
1101 3618
1145 3604
1156 3605
1140 3616
1139 3619
1140 3614
1119 3625
1100 3618
1145 3605
1157 3605
1156 3604
1138 3619
1141 3614
1140 3613
1119 3626
1100 3619
1144 3605
1145 3606
1157 3606
1156 3603
1137 3619
1118 3626
1119 3627
1100 3620
1145 3607
1158 3606
1136 3619
1117 3626
1120 3627
1100 3621
1145 3608
1159 3606
1117 3627
1101 3621
1100 3622
1144 3608
1145 3609
1159 3607
1116 3627
1100 3623
1143 3608
1144 3609
1146 3609
1159 3608
1115 3627
1100 3624
1142 3608
1143 3607
1147 3609
1160 3608
1115 3628
1100 3625
1147 3610
1161 3608
1160 3609
1115 3629
1099 3625
1160 3610
1114 3629
1115 3630
1098 3625
1099 3626
1160 3611
1113 3629
1097 3625
1098 3624
1099 3627
1161 3611
1113 3630
1113 3628
1096 3625
1162 3611
1112 3630
1113 3631
1113 3627
1095 3625
1096 3626
1162 3610
1111 3630
1112 3631
1113 3626
1094 3625
1095 3624
1096 3627
1163 3610
1110 3630
1111 3631
1114 3626
1112 3626
1093 3625
1094 3624
1095 3623
1096 3628
1164 3610
1110 3629
1111 3632
1093 3626
1095 3622
1095 3628
1165 3610
1109 3629
1110 3628
1110 3632
1111 3633
1092 3626
1096 3622
1095 3629
1165 3611
1109 3628
1110 3627
1109 3632
1112 3633
1092 3627
1096 3621
1094 3629
1095 3630
1166 3611
1165 3612
1110 3626
1109 3633
1109 3631
1091 3627
1092 3628
1097 3621
1096 3620
1096 3630
1167 3611
1165 3613
1109 3626
1110 3625
1108 3633
1109 3634
1108 3631
1090 3627
1098 3621
1095 3620
1097 3630
1096 3631
1167 3612
1109 3625
1110 3634
1109 3635
1090 3626
1098 3620
1094 3620
1098 3630
1096 3632
1167 3613
1109 3624
1108 3635
1090 3625
1098 3619
1093 3620
1094 3621
1098 3631
1096 3633
1168 3613
1167 3614
1109 3623
1090 3624
1098 3618
1098 3632
1095 3633
1169 3613
1091 3624
1089 3624
1098 3617
1170 3613
1169 3614
1092 3624
1088 3624
1099 3617
1098 3616
1170 3614
1088 3625
1099 3616
1171 3614
1087 3625
1088 3626
1172 3614
1171 3615
1087 3626
1088 3627
1172 3615
1172 3613
1171 3616
1086 3626
1172 3616
1173 3613
1171 3617
1085 3626
1173 3616
1174 3613
1171 3618
1084 3626
1085 3627
1173 3617
1175 3613
1172 3618
1171 3619
1084 3627
1176 3613
1175 3612
1171 3620
1083 3627
1177 3613
1172 3620
1170 3620
1171 3621
1082 3627
1083 3628
1177 3614
1177 3612
1172 3621
1169 3620
1170 3621
1081 3627
1082 3628
1082 3626
1177 3615
1178 3612
1177 3611
1168 3620
1080 3627
1081 3626
1082 3625
1177 3616
1179 3612
1177 3610
1167 3620
1168 3621
1079 3627
1083 3625
1082 3624
1177 3617
1180 3612
1179 3613
1179 3611
1178 3610
1167 3619
1078 3627
1082 3623
1180 3613
1078 3626
1083 3623
1081 3623
1180 3614
1077 3626
1080 3623
1081 3622
1180 3615
1077 3625
1080 3624
1080 3622
1181 3615
1180 3616
1076 3625
1077 3624
1079 3622
1080 3621
1181 3616
1179 3616
1075 3625
1078 3624
1078 3622
1182 3616
1074 3625
1075 3624
1078 3621
1183 3616
1074 3626
1074 3624
1075 3623
1077 3621
1184 3616
1183 3615
1073 3626
1074 3623
1075 3622
1185 3616
1073 3627
1073 3623
1075 3621
1186 3616
1185 3615
1072 3627
1075 3620
1187 3616
1185 3614
1071 3627
1072 3628
1075 3619
1187 3617
1184 3614
1071 3628
1071 3626
1075 3618
1187 3618
1184 3613
1070 3628
1071 3629
1076 3618
1188 3618
1183 3613
1069 3628
1071 3630
1076 3617
1188 3619
1183 3612
1068 3628
1069 3629
1072 3630
1077 3617
1076 3616
1188 3620
1183 3611
1067 3628
1072 3631
1078 3617
1076 3615
1189 3620
1184 3611
1066 3628
1067 3627
1073 3631
1072 3632
1079 3617
1078 3618
1075 3615
1189 3621
1184 3610
1066 3629
1066 3627
1071 3632
1072 3633
1080 3617
1078 3619
1074 3615
1190 3621
1185 3610
1066 3626
1072 3634
1081 3617
1080 3618
1079 3619
1077 3619
1074 3616
1074 3614
1191 3621
1190 3622
1065 3626
1073 3634
1072 3635
1080 3619
1079 3620
1073 3616
1074 3613
1192 3621
1190 3623
1074 3634
1073 3635
1072 3636
1081 3619
1072 3616
1193 3621
1192 3620
1191 3623
1189 3623
1075 3634
1074 3635
1072 3637
1082 3619
1081 3620
1072 3617
1072 3615
1193 3622
1193 3620
1192 3619
1192 3623
1191 3624
1188 3623
1076 3634
1075 3633
1071 3637
1072 3638
1082 3620
1072 3618
1072 3614
1194 3622
1194 3620
1193 3619
1191 3619
1192 3618
1191 3625
1077 3634
1076 3633
1070 3637
1071 3638
1072 3639
1082 3621
1073 3618
1071 3618
1072 3613
1195 3622
1193 3618
1190 3619
1190 3625
1078 3634
1070 3636
1072 3640
1083 3621
1071 3619
1071 3613
1072 3612
1195 3623
1193 3617
1190 3618
1190 3626
1079 3634
1073 3640
1070 3619
1072 3611
1195 3624
1193 3616
1190 3627
1079 3635
1073 3641
1070 3620
1073 3611
1194 3624
1194 3616
1193 3615
1189 3627
1190 3628
1080 3635
1074 3641
1073 3642
1069 3620
1073 3610
1193 3624
1193 3614
1189 3628
1191 3628
1081 3635
1080 3636
1075 3641
1072 3642
1073 3643
1073 3609
1193 3625
1194 3614
1192 3614
1188 3628
1191 3629
1081 3636
1081 3634
1075 3640
1071 3642
1074 3643
1074 3609
1072 3609
1193 3626
1195 3614
1194 3613
1191 3614
1187 3628
1188 3629
1082 3636
1081 3637
1076 3640
1075 3639
1070 3642
1075 3643
1071 3609
1196 3614
1195 3615
1194 3612
1190 3614
1191 3615
1191 3613
1188 3630
1082 3637
1077 3640
1076 3639
1075 3638
1070 3643
1076 3643
1070 3609
1071 3610
1071 3608
1197 3614
1196 3613
1189 3630
1083 3637
1082 3638
1076 3638
1075 3637
1070 3644
1069 3609
1070 3608
1071 3607
1198 3614
1196 3612
1190 3630
1084 3637
1075 3636
1069 3644
1070 3645
1068 3609
1072 3607
1071 3606
1199 3614
1196 3611
1190 3631
1085 3637
1084 3638
1068 3644
1071 3645
1070 3646
1068 3608
1070 3606
1200 3614
1197 3611
1195 3611
1190 3632
1085 3638
1068 3645
1068 3643
1072 3645
1070 3647
1068 3607
1070 3605
1200 3615
1195 3610
1191 3632
1190 3633
1085 3639
1067 3645
1068 3642
1072 3646
1070 3648
1067 3607
1068 3606
1070 3604
1200 3616
1194 3610
1195 3609
1192 3632
1191 3633
1086 3639
1085 3640
1066 3645
1067 3642
1073 3646
1071 3648
1066 3607
1068 3605
1070 3603
1201 3616
1199 3616
1193 3610
1195 3608
1193 3632
1087 3639
1085 3641
1065 3645
1066 3646
1074 3646
1072 3648
1066 3608
1068 3604
1071 3603
1202 3616
1199 3617
1192 3610
1196 3608
1194 3608
1194 3632
1193 3633
1193 3631
1088 3639
1087 3640
1087 3638
1084 3641
1085 3642
1064 3645
1065 3644
1074 3647
1065 3608
1067 3604
1203 3616
1198 3617
1199 3618
1191 3610
1192 3611
1197 3608
1195 3632
1193 3634
1087 3641
1083 3641
1084 3642
1085 3643
1063 3645
1064 3608
1204 3616
1203 3615
1197 3617
1198 3618
1200 3618
1199 3619
1190 3610
1197 3607
1196 3632
1195 3631
1088 3641
1087 3642
1083 3640
1084 3643
1085 3644
1063 3646
1063 3608
1064 3609
1064 3607
1205 3616
1204 3615
1203 3614
1197 3618
1190 3609
1197 3632
1196 3631
1088 3642
1084 3644
1085 3645
1063 3647
1062 3608
1063 3607
1064 3610
1205 3617
1189 3609
1190 3608
1196 3630
1088 3643
1083 3644
1062 3647
1063 3648
1063 3606
1065 3610
1063 3610
1064 3611
1206 3617
1205 3618
1190 3607
1088 3644
1082 3644
1083 3645
1061 3647
1064 3648
1063 3605
1066 3610
1063 3611
1064 3612
1207 3617
1190 3606
1089 3644
1082 3643
1083 3646
1061 3648
1064 3649
1062 3605
1063 3604
1062 3611
1065 3612
1064 3613
1208 3617
1191 3606
1090 3644
1089 3645
1081 3643
1083 3647
1060 3648
1065 3649
1064 3650
1062 3604
1063 3603
1066 3612
1064 3614
1209 3617
1208 3616
1090 3643
1089 3646
1083 3648
1060 3649
1065 3650
1064 3651
1061 3604
1067 3612
1065 3614
1064 3615
1210 3617
1209 3618
1090 3642
1089 3647
1084 3648
1083 3649
1059 3649
1065 3651
1064 3652
1060 3604
1068 3612
1066 3614
1211 3617
1210 3616
1089 3648
1082 3649
1058 3649
1066 3651
1065 3652
1059 3604
1060 3603
1069 3612
1068 3611
1067 3614
1066 3615
1211 3616
1090 3648
1081 3649
1082 3650
1057 3649
1058 3650
1067 3651
1059 3605
1060 3602
1067 3615
1211 3615
1091 3648
1057 3648
1058 3651
1068 3651
1061 3602
1060 3601
1067 3616
1212 3615
1057 3647
1058 3652
1069 3651
1068 3652
1068 3650
1067 3617
1213 3615
1212 3614
1056 3647
1057 3652
1058 3653
1070 3651
1068 3653
1068 3649
1068 3617
1066 3617
1214 3615
1056 3646
1057 3653
1069 3653
1067 3649
1068 3648
1069 3617
1215 3615
1056 3645
1070 3653
1069 3616
1216 3615
1215 3616
1215 3614
1057 3645
1055 3645
1071 3653
1216 3616
1216 3614
1054 3645
1072 3653
1071 3654
1217 3616
1217 3614
1216 3613
1053 3645
1073 3653
1072 3652
1071 3655
1217 3617
1216 3612
1052 3645
1053 3644
1074 3653
1073 3654
1072 3651
1071 3656
1217 3618
1216 3611
1051 3645
1052 3646
1053 3643
1075 3653
1074 3654
1074 3652
1071 3657
1217 3619
1216 3610
1050 3645
1051 3646
1054 3643
1052 3643
1053 3642
1075 3652
1074 3655
1074 3651
1072 3657
1070 3657
1071 3658
1217 3620
1216 3609
1050 3646
1053 3641
1075 3651
1074 3656
1072 3658
1218 3620
1217 3621
1217 3609
1216 3608
1049 3646
1052 3641
1075 3650
1072 3659
1219 3620
1216 3621
1217 3622
1218 3609
1216 3607
1048 3646
1049 3647
1051 3641
1052 3640
1072 3660
1219 3619
1218 3622
1217 3623
1217 3607
1215 3607
1048 3645
1049 3648
1073 3660
1220 3619
1219 3618
1218 3623
1216 3623
1218 3607
1214 3607
1048 3644
1049 3649
1074 3660
1221 3619
1220 3618
1215 3623
1218 3606
1214 3606
1047 3644
1050 3649
1049 3650
1222 3619
1221 3620
1214 3623
1215 3622
1218 3605
1214 3605
1047 3643
1051 3649
1050 3650
1049 3651
1223 3619
1221 3621
1214 3624
1219 3605
1046 3643
1052 3649
1050 3651
1048 3651
1224 3619
1223 3620
1220 3621
1213 3624
1214 3625
1220 3605
1045 3643
1052 3648
1051 3651
1050 3652
1225 3619
1224 3620
1224 3618
1223 3621
1215 3625
1214 3626
1220 3604
1044 3643
1045 3642
1053 3648
1052 3651
1050 3653
1225 3620
1225 3618
1224 3617
1215 3626
1213 3626
1221 3604
1043 3643
1044 3642
1045 3641
1053 3647
1053 3651
1226 3620
1225 3621
1223 3617
1212 3626
1213 3627
1222 3604
1042 3643
1044 3641
1045 3640
1054 3651
1226 3621
1225 3622
1223 3616
1211 3626
1212 3627
1213 3628
1041 3643
1042 3642
1043 3641
1054 3652
1226 3622
1223 3615
1211 3625
1213 3629
1040 3643
1041 3644
1043 3640
1054 3653
1227 3622
1226 3623
1224 3615
1223 3614
1214 3629
1213 3630
1043 3639
1053 3653
1227 3623
1224 3614
1222 3614
1215 3629
1213 3631
1044 3639
1042 3639
1053 3654
1228 3623
1227 3624
1225 3614
1221 3614
1216 3629
1044 3638
1042 3638
1052 3654
1053 3655
1229 3623
1227 3625
1225 3613
1220 3614
1221 3615
1217 3629
1216 3628
1042 3637
1051 3654
1052 3655
1053 3656
1226 3625
1227 3626
1225 3612
1219 3614
1218 3629
1217 3628
1041 3637
1042 3636
1051 3655
1054 3656
1226 3626
1228 3626
1227 3627
1226 3612
1224 3612
1225 3611
1219 3613
1040 3637
1041 3636
1042 3635
1050 3655
1225 3626
1229 3626
1227 3628
1227 3612
1225 3610
1039 3637
1040 3636
1042 3634
1049 3655
1230 3626
1228 3628
1227 3629
1227 3611
1225 3609
1039 3638
1043 3634
1042 3633
1231 3626
1226 3629
1227 3630
1228 3611
1038 3638
1042 3632
1231 3627
1231 3625
1225 3629
1226 3630
1228 3630
1229 3611
1038 3639
1043 3632
1042 3631
1232 3625
1225 3630
1230 3611
1037 3639
1044 3632
1041 3631
1231 3611
1230 3612
1037 3640
1044 3631
1040 3631
1232 3611
1036 3640
1044 3630
1040 3630
1233 3611
1035 3640
1045 3630
1040 3629
1233 3610
1035 3641
1035 3639
1045 3629
1039 3629
1040 3628
1234 3610
1233 3609
1034 3641
1045 3628
1038 3629
1235 3610
1232 3609
1233 3608
1033 3641
1034 3642
1044 3628
1045 3627
1037 3629
1235 3611
1032 3641
1033 3642
1033 3640
1034 3643
1046 3627
1045 3626
1036 3629
1037 3630
1236 3611
1235 3612
1031 3641
1032 3640
1034 3644
1047 3627
1044 3626
1035 3629
1036 3628
1037 3631
1236 3612
1031 3640
1034 3645
1048 3627
1043 3626
1034 3629
1035 3630
1037 3632
1236 3613
1030 3640
1033 3645
1034 3646
1049 3627
1042 3626
1043 3627
1043 3625
1033 3629
1034 3628
1035 3631
1237 3613
1029 3640
1034 3647
1041 3626
1042 3625
1043 3624
1032 3629
1034 3627
1238 3613
1237 3614
1029 3639
1033 3647
1040 3626
1042 3624
1044 3624
1032 3630
1032 3628
1239 3613
1238 3612
1028 3639
1033 3648
1039 3626
1045 3624
1044 3623
1031 3630
1032 3631
1031 3628
1239 3614
1238 3611
1027 3639
1033 3649
1039 3625
1045 3623
1044 3622
1032 3632
1031 3627
1239 3615
1239 3611
1238 3610
1027 3640
1027 3638
1034 3649
1032 3649
1033 3650
1044 3621
1031 3632
1032 3633
1030 3627
1031 3626
1238 3615
1239 3610
1027 3641
1026 3638
1027 3637
1035 3649
1031 3649
1045 3621
1032 3634
1029 3627
1030 3626
1032 3626
1238 3616
1240 3610
1028 3641
1027 3636
1036 3649
1035 3650
1030 3649
1046 3621
1045 3620
1031 3634
1032 3635
1028 3627
1029 3628
1237 3616
1241 3610
1240 3609
1028 3642
1027 3635
1037 3649
1036 3650
1035 3651
1029 3649
1030 3650
1030 3648
1045 3619
1033 3635
1236 3616
1237 3617
1241 3611
1241 3609
1240 3608
1028 3643
1026 3635
1027 3634
1037 3648
1034 3651
1030 3651
1030 3647
1044 3619
1033 3636
786 3282
1236 3615
1241 3612
1242 3609
1241 3608
1240 3607
1027 3643
1025 3635
1027 3633
1038 3648
1037 3647
1031 3651
1029 3651
1029 3647
1030 3646
1043 3619
1034 3636
1739 2516
1738 2516
1240 3612
1241 3613
1243 3609
1239 3607
1240 3606
1026 3643
1025 3636
1025 3634
1027 3632
1039 3648
1037 3646
1028 3651
1030 3645
1043 3618
1737 2516
1736 2516
1238 3607
1239 3606
1241 3606
1025 3643
1024 3634
1028 3632
1026 3632
1039 3649
1028 3652
1028 3650
1043 3617
1719 1656
1719 1658
1237 3607
1242 3606
1024 3643
1024 3633
1029 3632
1040 3649
1039 3650
1027 3652
1028 3653
1042 3617
1718 1657
1727 1613
1726 1614
1236 3607
1237 3608
1243 3606
1242 3607
1023 3643
1023 3633
1029 3633
1039 3651
1026 3652
1029 3653
1041 3617
1042 3616
1728 1614
1236 3606
1244 3606
1243 3605
1022 3643
1023 3644
1022 3633
1029 3634
1039 3652
1025 3652
1030 3653
1029 3654
1040 3617
1042 3615
1721 1661
1235 3606
1245 3606
1021 3643
1022 3632
1029 3635
1025 3653
1025 3651
1031 3653
1029 3655
1040 3616
1042 3614
1719 1657
1235 3605
1246 3606
1245 3605
1021 3632
1029 3636
1025 3654
1024 3651
1029 3656
1043 3614
1041 3614
1042 3613
1728 1709
1235 3604
1246 3605
1020 3632
1021 3631
1029 3637
1024 3654
1025 3655
1023 3651
1029 3657
1043 3613
1040 3614
1042 3612
1236 3604
1246 3604
1019 3632
1021 3630
1030 3637
1023 3654
1024 3655
1022 3651
1023 3652
1023 3650
1030 3657
1029 3658
1039 3614
1042 3611
1237 3604
1247 3604
1019 3633
1019 3631
1030 3638
1023 3655
1022 3650
1031 3657
1028 3658
1029 3659
1038 3614
1039 3615
1041 3611
1042 3610
1238 3604
1248 3604
1018 3633
1019 3634
1019 3630
1023 3656
1021 3650
1032 3657
1031 3658
1031 3656
1028 3659
1030 3659
1038 3615
1038 3613
1040 3611
1043 3610
1248 3605
1017 3633
1019 3629
1020 3650
1021 3649
1028 3660
1038 3616
1040 3610
1044 3610
1249 3605
1017 3634
1017 3632
1018 3629
1019 3650
1021 3648
1027 3660
1028 3661
1045 3610
1044 3609
1250 3605
1016 3634
1016 3632
1017 3631
1018 3628
1019 3649
1020 3648
1029 3661
1028 3662
1045 3611
1045 3609
1044 3608
1250 3606
1250 3604
1015 3634
1015 3632
1018 3649
1020 3647
1029 3662
1027 3662
1046 3609
1045 3608
1044 3607
1250 3607
1251 3604
1014 3634
1019 3647
1030 3662
1026 3662
1027 3663
1044 3606
1250 3608
1252 3604
1014 3633
1018 3647
1027 3664
1043 3606
1251 3608
1252 3605
1252 3603
1013 3633
1017 3647
1026 3664
1251 3609
1253 3605
1252 3606
1253 3603
1252 3602
1013 3632
1017 3648
1026 3665
1252 3609
1254 3605
1251 3602
1252 3601
1012 3632
1013 3631
1016 3648
1026 3666
1252 3610
1255 3605
1254 3604
1252 3600
1011 3632
1012 3631
1016 3649
1025 3666
1252 3611
1255 3606
1251 3600
1252 3599
1010 3632
1011 3633
1012 3630
1015 3649
1025 3667
1253 3611
1252 3612
1256 3606
1250 3600
1252 3598
1010 3633
1011 3634
1012 3629
1014 3649
1015 3650
1024 3667
1254 3611
1253 3612
1252 3613
1249 3600
1253 3598
1252 3597
1009 3633
1012 3628
1013 3649
1015 3651
1023 3667
1254 3610
1251 3613
1252 3614
1249 3601
1249 3599
1253 3597
1008 3633
1012 3627
1012 3649
1013 3650
1016 3651
1023 3666
1252 3615
1248 3601
1249 3602
1249 3598
1254 3597
1007 3633
1008 3634
1008 3632
1013 3627
1011 3627
1012 3650
1013 3651
1017 3651
1023 3665
1253 3615
1252 3616
1247 3601
1249 3597
1254 3596
1006 3633
1014 3627
1011 3626
1017 3652
1022 3665
1254 3615
1252 3617
1247 3602
1250 3597
1248 3597
1249 3596
1005 3633
1006 3634
1006 3632
1014 3628
1014 3626
1010 3626
1011 3625
1018 3652
1017 3653
1021 3665
1255 3615
1252 3618
1250 3596
1249 3595
1005 3632
1014 3629
1015 3626
1009 3626
1018 3653
1021 3666
1255 3616
1251 3618
1252 3619
1251 3596
1250 3595
1248 3595
1249 3594
1005 3631
1015 3625
1008 3626
1019 3653
1018 3654
1020 3666
1021 3667
1250 3618
1253 3619
1247 3595
1004 3631
1016 3625
1007 3626
1008 3627
1019 3654
1018 3655
1019 3666
1021 3668
1250 3619
1253 3620
1246 3595
1247 3594
1003 3631
1007 3625
1008 3628
1018 3656
1018 3666
1019 3667
1019 3665
1021 3669
1249 3619
1254 3620
1253 3621
1247 3593
1002 3631
1007 3624
1017 3656
1018 3657
1018 3667
1018 3665
1022 3669
1021 3670
1248 3619
1253 3622
1248 3593
1246 3593
1247 3592
1001 3631
1008 3624
1006 3624
1007 3623
1016 3656
1019 3657
1018 3668
1017 3665
1023 3669
1022 3670
1020 3670
1247 3619
1254 3622
1252 3622
1248 3592
1000 3631
1001 3632
1001 3630
1006 3623
1007 3622
1015 3656
1016 3657
1016 3665
1017 3664
1024 3669
1023 3670
1022 3671
1020 3671
1247 3620
1247 3618
1255 3622
1249 3592
1000 3630
1001 3633
1006 3622
1014 3656
1016 3658
1016 3666
1016 3664
1017 3663
1024 3670
1019 3671
1247 3621
1247 3617
1255 3621
1250 3592
999 3630
1000 3629
1000 3633
1005 3622
1016 3659
1018 3663
1017 3662
1024 3671
1018 3671
1019 3672
1248 3621
1247 3622
1246 3617
1256 3621
1251 3592
998 3630
1000 3634
1019 3663
1018 3662
1016 3662
1024 3672
1017 3671
1019 3673
1249 3621
1246 3622
1246 3616
1257 3621
1252 3592
998 3631
1020 3663
1018 3661
1015 3662
1016 3661
1024 3673
1018 3673
1019 3674
1249 3622
1245 3622
1245 3616
1257 3622
1253 3592
1252 3591
998 3632
1020 3664
1014 3662
1015 3663
1024 3674
1018 3674
1020 3674
1019 3675
1249 3623
1244 3616
1258 3622
1253 3593
1253 3591
1252 3590
999 3632
997 3632
998 3633
1023 3674
1018 3675
1248 3623
1243 3616
1259 3622
1258 3623
1254 3591
1251 3590
996 3632
998 3634
1022 3674
1017 3675
1243 3617
1259 3621
1258 3624
1255 3591
1254 3590
1251 3589
995 3632
997 3634
998 3635
1016 3675
1017 3676
1259 3620
1258 3625
1255 3590
1251 3588
995 3633
995 3631
998 3636
1016 3674
1017 3677
1258 3620
1258 3626
1252 3588
1250 3588
1251 3587
994 3633
994 3631
999 3636
997 3636
1018 3677
1017 3678
1258 3619
1259 3626
1257 3626
1258 3627
1249 3588
1251 3586
994 3634
993 3631
999 3637
997 3637
1017 3679
1260 3626
1258 3628
1248 3588
1251 3585
993 3634
992 3631
993 3632
999 3638
996 3637
997 3638
1016 3679
1260 3625
1259 3628
1258 3629
1247 3588
1252 3585
1250 3585
992 3634
993 3635
992 3630
997 3639
1015 3679
1261 3625
1259 3629
1257 3629
1258 3630
1246 3588
1253 3585
1249 3585
1250 3584
991 3634
992 3635
992 3633
993 3636
991 3630
992 3629
998 3639
996 3639
1014 3679
1015 3678
1262 3625
1261 3624
1256 3629
1257 3630
1258 3631
1246 3587
1248 3585
1249 3584
991 3635
991 3633
992 3628
995 3639
1013 3679
1014 3680
1263 3625
1261 3623
1255 3629
1257 3631
1259 3631
1247 3585
1248 3586
991 3632
992 3627
995 3640
1012 3679
1013 3680
1264 3625
1263 3624
1261 3622
1255 3628
1256 3631
1259 3632
1246 3585
993 3627
991 3627
994 3640
995 3641
1011 3679
1012 3678
1013 3681
1265 3625
1264 3626
1263 3623
1259 3633
1245 3585
1246 3584
993 3626
993 3640
996 3641
1011 3678
1012 3677
1012 3681
1013 3682
1264 3627
1263 3622
1260 3633
1244 3585
1246 3583
994 3626
993 3639
1012 3676
1012 3682
1263 3627
1264 3628
1263 3621
1260 3634
1243 3585
1247 3583
995 3626
994 3625
992 3639
1013 3676
1011 3676
1012 3683
1264 3629
1263 3620
1261 3634
1260 3635
1243 3584
1247 3582
994 3624
1014 3676
1013 3675
1010 3676
1011 3683
1012 3684
1265 3629
1264 3620
1259 3635
1242 3584
1248 3582
994 3623
1014 3677
1010 3675
1010 3683
1011 3684
1013 3684
1266 3629
1265 3630
1265 3620
1242 3583
1249 3582
994 3622
1009 3675
1009 3683
1010 3684
1010 3682
1011 3685
1265 3631
1266 3620
1242 3582
1249 3581
994 3621
1008 3675
1009 3682
1010 3685
1010 3681
1011 3686
1265 3632
1267 3620
1266 3621
1266 3619
1250 3581
1249 3580
993 3621
1007 3675
1008 3674
1009 3685
1010 3686
1011 3687
1266 3632
1264 3632
1268 3620
1266 3618
1250 3580
1248 3580
992 3621
993 3620
1006 3675
1007 3676
1008 3673
1008 3685
1009 3686
1012 3687
1011 3688
1263 3632
1264 3633
1269 3620
1267 3618
1266 3617
1250 3579
993 3619
1005 3675
1006 3676
1009 3673
1008 3672
1007 3685
1264 3634
1268 3618
1266 3616
1251 3579
993 3618
1004 3675
1005 3674
1007 3672
1008 3671
1007 3686
1264 3635
1269 3618
1268 3617
1252 3579
1251 3578
993 3617
1004 3674
1007 3671
1008 3670
1006 3686
1007 3687
1263 3635
1270 3618
1253 3579
994 3617
1003 3674
1007 3670
1008 3669
1006 3687
1007 3688
1262 3635
1263 3636
1270 3617
1254 3579
995 3617
1002 3674
1009 3669
1008 3668
1006 3688
1008 3688
1271 3617
1270 3616
1254 3580
1254 3578
995 3616
1001 3674
1002 3675
1006 3689
1009 3688
1008 3689
1272 3617
1271 3616
1269 3616
1254 3581
1254 3577
995 3615
1001 3675
1001 3673
1002 3676
1005 3689
1008 3690
1273 3617
1271 3615
1253 3581
1254 3582
1253 3577
1254 3576
994 3615
995 3614
1001 3676
1001 3672
1002 3677
1004 3689
1009 3690
1008 3691
1274 3617
1273 3618
1271 3614
1255 3582
1254 3583
1254 3575
993 3615
996 3614
1000 3676
1003 3677
1002 3678
1003 3689
1004 3688
1010 3690
1007 3691
1008 3692
1274 3618
1256 3582
1254 3574
992 3615
997 3614
1000 3677
1002 3679
1002 3689
1003 3688
1010 3691
1010 3689
1009 3692
1275 3618
1255 3574
1254 3573
991 3615
992 3616
998 3614
999 3677
1001 3689
1003 3687
1011 3691
1010 3692
1009 3693
1276 3618
1254 3572
990 3615
999 3678
1000 3689
1001 3688
1003 3686
1012 3691
1011 3692
1010 3693
1009 3694
1277 3618
1254 3571
989 3615
998 3678
999 3679
999 3689
1000 3690
1000 3688
1004 3686
1003 3685
1013 3691
1011 3693
1277 3619
1277 3617
1253 3571
1254 3570
988 3615
997 3678
1000 3679
998 3689
1002 3685
1014 3691
1013 3692
1012 3693
1011 3694
1277 3620
1277 3616
1252 3571
1255 3570
987 3615
996 3678
997 3679
997 3689
998 3688
1002 3684
1012 3694
1011 3695
1278 3620
1277 3621
1278 3616
1276 3616
1252 3572
1255 3569
987 3614
995 3678
997 3680
997 3690
997 3688
998 3687
1001 3684
1002 3683
1013 3694
1011 3696
1278 3621
1279 3616
1275 3616
1276 3615
1252 3573
1256 3569
1255 3568
987 3613
994 3678
995 3677
998 3680
996 3690
996 3688
999 3687
998 3686
1003 3683
1014 3694
1010 3696
1278 3622
1279 3617
1275 3615
1276 3614
1251 3573
1255 3567
987 3612
993 3678
994 3677
995 3676
996 3691
995 3688
998 3685
1003 3682
1014 3693
1010 3697
1279 3622
1278 3623
1279 3618
1274 3615
1250 3573
1255 3566
988 3612
987 3611
993 3679
995 3675
995 3691
994 3688
1003 3681
1015 3693
1009 3697
1010 3698
1280 3622
1278 3624
1279 3619
1249 3573
1254 3566
986 3611
987 3610
993 3680
996 3675
994 3691
995 3692
993 3688
994 3689
1016 3693
1008 3697
1011 3698
1010 3699
1281 3622
1278 3625
1280 3619
1248 3573
1254 3565
985 3611
987 3609
993 3681
994 3690
995 3693
992 3688
1016 3694
1008 3696
1010 3700
1282 3622
1281 3623
1281 3621
1278 3626
1281 3619
1248 3572
1253 3565
984 3611
985 3612
988 3609
994 3681
992 3681
996 3693
991 3688
1016 3695
1011 3700
1010 3701
1281 3624
1281 3620
1277 3626
1031 3076
1281 3618
1247 3572
984 3612
989 3609
995 3681
991 3681
997 3693
990 3688
991 3689
1017 3695
1011 3701
1009 3701
1282 3624
1280 3624
1277 3627
1283 3619
1282 3618
1281 3617
1246 3572
1247 3571
983 3612
984 3613
990 3609
995 3682
991 3680
998 3693
997 3694
989 3688
990 3687
991 3690
1012 3701
1282 3625
1277 3628
1283 3620
1283 3618
1282 3617
1246 3571
983 3613
991 3609
990 3608
990 3680
997 3695
988 3688
989 3689
989 3687
992 3690
1013 3701
1283 3625
1278 3628
1276 3628
1284 3620
1283 3617
1282 3616
1245 3571
983 3614
991 3610
990 3607
989 3680
998 3695
996 3695
988 3687
989 3690
1013 3702
1279 3628
1275 3628
1276 3629
1285 3620
1282 3615
1244 3571
983 3615
992 3610
991 3607
990 3606
989 3679
988 3686
989 3691
1014 3702
1280 3628
1279 3627
1275 3629
1276 3630
1285 3621
1285 3619
1281 3615
1243 3571
983 3616
992 3611
992 3607
989 3606
989 3678
988 3691
1014 3703
1281 3628
1275 3630
1276 3631
1285 3622
1286 3619
1280 3615
1281 3614
1243 3572
984 3616
988 3606
989 3605
990 3678
989 3677
987 3691
988 3692
1014 3704
1281 3627
1274 3630
1275 3631
1277 3631
1286 3622
1285 3623
1281 3613
1242 3572
984 3617
987 3606
989 3676
986 3691
988 3693
1015 3704
1014 3705
1273 3630
1275 3632
1282 3613
1280 3613
1241 3572
984 3618
987 3605
988 3676
985 3691
986 3690
989 3693
987 3693
1015 3705
1013 3705
1273 3629
1275 3633
1283 3613
1279 3613
1240 3572
985 3618
983 3618
987 3604
987 3676
985 3692
989 3694
987 3694
1016 3705
1013 3706
1273 3628
1274 3633
1275 3634
1283 3614
1283 3612
1239 3572
1240 3573
986 3618
985 3619
982 3618
983 3619
986 3604
987 3603
986 3676
984 3692
985 3693
1012 3706
1013 3707
1272 3628
1276 3634
1283 3611
1239 3571
987 3618
981 3618
982 3617
983 3620
985 3604
987 3602
986 3677
986 3675
983 3692
1011 3706
1014 3707
1271 3628
1276 3635
988 3618
987 3619
980 3618
981 3619
983 3621
984 3604
987 3601
986 3678
986 3674
982 3692
983 3691
1010 3706
1011 3705
1014 3708
1271 3629
1276 3636
989 3618
988 3617
987 3620
980 3617
983 3622
983 3604
984 3605
984 3603
988 3601
986 3601
987 3678
985 3678
986 3679
986 3673
982 3693
982 3691
1009 3706
1011 3704
1015 3708
1277 3636
990 3618
979 3617
984 3622
982 3622
982 3604
985 3601
987 3679
986 3680
986 3672
981 3693
982 3694
1008 3706
1009 3707
1016 3708
1278 3636
1277 3637
978 3617
979 3616
981 3622
982 3603
984 3601
985 3600
987 3672
980 3693
982 3695
1009 3708
1016 3709
1016 3707
1278 3635
1277 3638
977 3617
978 3618
981 3623
981 3621
984 3600
985 3599
988 3672
987 3671
979 3693
1010 3708
1016 3710
1279 3635
1278 3634
1276 3638
1277 3639
976 3617
977 3618
981 3624
986 3599
989 3672
988 3671
987 3670
979 3694
1011 3708
1015 3710
1280 3635
1279 3634
1275 3638
1277 3640
976 3618
987 3599
990 3672
986 3670
978 3694
979 3695
1015 3711
1280 3636
1280 3634
1274 3638
1275 3639
1275 3637
1277 3641
975 3618
987 3598
990 3673
990 3671
985 3670
977 3694
980 3695
1281 3636
1275 3640
974 3618
988 3598
990 3670
985 3669
977 3693
1282 3636
1281 3637
1275 3641
974 3617
989 3598
991 3670
984 3669
985 3668
976 3693
977 3692
1281 3638
1275 3642
973 3617
974 3616
990 3598
992 3670
983 3669
986 3668
975 3693
977 3691
1281 3639
1276 3642
1274 3642
1275 3643
973 3616
974 3615
990 3597
992 3671
992 3669
982 3669
987 3668
986 3667
974 3693
975 3692
978 3691
1282 3639
1281 3640
1276 3643
1275 3644
972 3616
973 3615
974 3614
991 3597
990 3596
993 3671
992 3668
981 3669
982 3668
987 3667
986 3666
973 3693
975 3691
978 3690
1282 3640
1277 3643
1274 3644
971 3616
975 3614
991 3596
990 3595
993 3668
991 3668
981 3670
988 3667
986 3665
972 3693
973 3694
975 3690
1283 3640
1282 3641
1278 3643
1273 3644
1274 3645
971 3617
976 3614
975 3613
990 3594
994 3668
993 3667
991 3667
980 3670
981 3671
985 3665
986 3664
972 3692
973 3695
976 3690
975 3689
1284 3640
1283 3641
1279 3643
1272 3644
970 3617
971 3618
976 3613
991 3594
989 3594
990 3593
991 3666
979 3670
984 3665
987 3664
972 3691
974 3695
972 3695
976 3689
975 3688
1285 3640
1279 3644
1279 3642
1272 3645
969 3617
977 3613
976 3612
992 3594
991 3593
988 3594
989 3593
992 3666
991 3665
979 3669
983 3665
971 3691
974 3696
971 3695
976 3688
974 3688
1285 3641
1272 3646
969 3616
978 3613
976 3611
993 3594
987 3594
991 3664
978 3669
983 3664
975 3696
970 3695
971 3696
971 3694
976 3687
974 3687
1286 3641
1285 3642
1271 3646
1272 3647
968 3616
979 3613
978 3614
975 3611
976 3610
994 3594
986 3594
990 3664
991 3663
978 3668
971 3697
977 3687
976 3686
973 3687
1287 3641
1285 3643
1270 3646
1273 3647
979 3612
974 3611
975 3610
977 3610
995 3594
994 3595
991 3662
978 3667
972 3697
976 3685
973 3686
1288 3641
1285 3644
1274 3647
1273 3648
980 3612
973 3611
974 3610
978 3610
977 3609
995 3595
995 3593
991 3661
979 3667
977 3667
972 3698
977 3685
975 3685
976 3684
972 3686
1288 3642
1285 3645
1273 3649
972 3611
973 3612
974 3609
979 3610
996 3595
995 3596
995 3592
991 3660
980 3667
977 3684
971 3686
972 3685
1288 3643
1273 3650
972 3612
973 3613
973 3609
980 3610
997 3595
995 3597
994 3592
995 3591
991 3659
981 3667
980 3668
977 3683
970 3686
971 3687
1289 3643
1287 3643
1288 3644
1274 3650
1272 3650
971 3612
973 3608
998 3595
997 3596
994 3597
995 3598
993 3592
996 3591
992 3659
990 3659
977 3682
969 3686
970 3687
970 3685
1290 3643
1288 3645
1275 3650
970 3612
999 3595
998 3594
994 3598
996 3598
995 3599
992 3592
997 3591
993 3659
992 3658
977 3681
968 3686
970 3684
1291 3643
1290 3642
1288 3646
1276 3650
969 3612
1000 3595
994 3599
996 3599
995 3600
992 3591
998 3591
993 3660
992 3657
978 3681
970 3683
1291 3644
1291 3642
1290 3641
1288 3647
1276 3651
1276 3649
969 3611
1001 3595
995 3601
992 3590
998 3592
998 3590
993 3661
992 3656
979 3681
971 3683
969 3683
1290 3640
1287 3647
1277 3651
1276 3652
1276 3648
968 3611
969 3610
1001 3596
996 3601
993 3590
992 3589
999 3592
993 3662
991 3656
979 3682
969 3682
1289 3640
1286 3647
1276 3653
1276 3647
967 3611
970 3610
969 3609
1001 3597
996 3602
994 3590
993 3589
992 3588
991 3655
980 3682
979 3683
969 3681
1289 3639
1286 3648
1277 3653
1277 3647
1276 3646
967 3610
971 3610
969 3608
1002 3597
997 3602
993 3588
991 3588
990 3655
991 3654
981 3682
970 3681
969 3680
1289 3638
1286 3649
1278 3653
1277 3654
1277 3646
967 3609
971 3609
970 3608
969 3607
1003 3597
997 3603
993 3587
990 3588
991 3587
990 3654
992 3654
981 3683
971 3681
968 3680
1290 3638
1288 3638
1289 3637
1287 3649
1279 3653
1277 3655
1278 3646
970 3607
969 3606
1004 3597
997 3604
994 3587
989 3588
990 3589
990 3587
972 3681
971 3680
967 3680
968 3679
1291 3638
1287 3638
1288 3649
1287 3650
1280 3653
1278 3655
1277 3656
968 3606
1005 3597
996 3604
995 3587
988 3588
973 3681
972 3680
971 3679
967 3681
967 3679
968 3678
1291 3639
1287 3637
1289 3649
1287 3651
1280 3654
1280 3652
1277 3657
968 3605
1006 3597
1005 3598
996 3587
988 3589
988 3587
973 3682
970 3679
967 3678
968 3677
1292 3639
1287 3636
1288 3651
1286 3651
1281 3652
1280 3651
1277 3658
967 3605
1006 3598
1006 3596
997 3587
987 3589
988 3586
969 3677
968 3676
1293 3639
1292 3640
1289 3651
1285 3651
1276 3658
967 3604
1007 3598
1006 3599
998 3587
997 3588
986 3589
988 3585
968 3675
1293 3640
1289 3652
1284 3651
1285 3650
1275 3658
966 3604
1007 3599
999 3587
998 3588
998 3586
985 3589
987 3585
967 3675
1293 3641
1289 3653
1284 3652
1275 3659
1275 3657
965 3604
1008 3599
1007 3600
1000 3587
999 3588
998 3585
984 3589
986 3585
967 3674
1294 3641
1289 3654
1283 3652
1274 3659
1275 3660
964 3604
1009 3599
1001 3587
999 3589
999 3585
983 3589
984 3588
985 3585
986 3584
966 3674
1400 3474
1295 3641
1294 3642
1283 3653
1273 3659
1275 3661
964 3605
1010 3599
1009 3598
1001 3586
1000 3589
999 3584
985 3586
986 3583
965 3674
1399 3475
1295 3640
1294 3643
1283 3654
1272 3659
1273 3660
1276 3661
964 3606
1010 3600
1010 3598
1001 3589
1000 3590
999 3583
985 3587
986 3582
965 3675
1401 3475
1400 3475
1295 3643
1284 3654
1282 3654
1272 3658
1277 3661
1276 3662
1010 3601
1010 3597
1001 3590
1000 3583
998 3583
985 3582
1400 3476
1400 3477
1296 3643
1284 3655
1271 3658
1278 3661
1011 3601
1009 3601
1010 3596
997 3583
998 3582
984 3582
985 3581
1400 3478
1401 3478
1297 3643
1296 3644
1296 3642
1271 3657
1279 3661
1012 3601
1008 3601
1011 3596
1010 3595
997 3582
984 3583
984 3581
985 3580
1399 3480
1401 3479
1297 3644
1297 3642
1270 3657
1279 3662
1279 3660
1013 3601
1012 3602
1012 3596
1009 3595
1010 3594
997 3581
983 3583
984 3584
984 3580
985 3579
1400 3480
1402 3480
1298 3644
1297 3645
1298 3642
1297 3641
1269 3657
1013 3600
1012 3603
1013 3596
1012 3595
1009 3594
1011 3594
997 3580
986 3579
1403 3485
1297 3646
1299 3642
1297 3640
1268 3657
1269 3656
1013 3603
1013 3595
1012 3594
1009 3593
1011 3593
996 3580
997 3579
987 3579
1404 3484
1297 3647
1300 3642
1299 3643
1299 3641
1297 3639
1267 3657
1268 3658
1581 3055
1014 3603
1013 3594
1011 3592
995 3580
998 3579
997 3578
1401 3480
1298 3647
1297 3648
1301 3642
1300 3641
1296 3639
1266 3657
1268 3659
1015 3603
1014 3594
1011 3591
995 3581
995 3579
997 3577
1403 3482
1299 3647
1296 3648
1297 3649
1302 3642
1301 3643
1266 3658
1269 3659
1015 3604
1015 3594
1012 3591
1011 3590
994 3581
994 3579
995 3578
997 3576
1403 3484
1299 3646
1296 3649
1297 3650
1302 3641
1269 3660
1015 3605
1015 3595
1015 3593
1011 3589
994 3582
997 3575
1401 3481
1402 3482
1296 3650
1303 3641
1302 3640
1269 3661
1015 3606
1016 3595
1016 3593
1012 3589
1011 3588
996 3575
1402 3484
1403 3483
1401 3482
1304 3641
1302 3639
1270 3661
1269 3662
1016 3606
1014 3606
1016 3596
1017 3593
1010 3588
995 3575
996 3574
1402 3483
1400 3482
1305 3641
1304 3640
1271 3661
1268 3662
1269 3663
1017 3606
1014 3607
1017 3596
1016 3597
1017 3592
1009 3588
1010 3587
994 3575
995 3574
996 3573
1400 3484
1306 3641
1305 3642
1304 3639
1271 3662
1268 3663
1269 3664
1018 3606
1017 3605
1013 3607
1018 3596
1015 3597
1017 3591
997 3573
996 3572
1401 3483
1306 3642
1306 3640
1305 3639
1271 3663
1270 3664
1269 3665
1018 3605
1012 3607
1013 3608
1018 3597
1018 3595
1018 3591
1016 3591
998 3573
997 3572
995 3572
1403 3489
1400 3483
1306 3643
1307 3640
1305 3638
1272 3663
1269 3666
1018 3604
1011 3607
1012 3606
1019 3597
1018 3598
1019 3591
999 3573
1401 3488
1308 3640
1305 3637
1273 3663
1272 3664
1270 3666
1269 3667
1019 3604
1018 3603
1011 3608
1012 3605
1019 3598
1017 3598
1019 3590
999 3574
999 3572
1402 3489
1309 3640
1305 3636
1273 3662
1272 3665
1270 3667
1268 3667
1269 3668
1020 3604
1017 3603
1011 3609
1011 3605
1020 3598
1019 3599
1020 3590
999 3575
1000 3572
1398 3484
1399 3483
1310 3640
1304 3636
1305 3635
1273 3665
1270 3668
1267 3667
1268 3668
1021 3604
1020 3603
1012 3609
1011 3610
1010 3605
1020 3599
1021 3590
999 3576
1001 3572
1401 3489
1397 3480
1304 3635
1305 3634
1273 3666
1270 3669
1266 3667
1267 3666
1021 3605
1010 3610
1011 3611
1009 3605
1021 3599
1022 3590
1002 3572
1001 3573
1398 3483
1304 3634
1305 3633
1274 3666
1271 3669
1270 3670
1265 3667
1021 3606
1009 3610
1012 3611
1011 3612
1023 3590
1022 3589
1003 3572
1002 3573
1401 3490
1303 3634
1304 3633
1306 3633
1275 3666
1272 3669
1271 3670
1265 3666
1020 3606
1012 3612
1010 3612
1022 3588
1003 3573
1002 3574
1397 3481
1398 3482
1304 3632
1306 3632
1271 3671
1265 3665
1013 3612
1009 3612
1010 3613
1022 3587
1401 3491
1397 3482
1400 3491
1303 3632
1307 3632
1306 3631
1271 3672
1265 3664
1013 3613
1008 3612
1010 3614
1023 3587
1022 3586
1396 3482
1399 3491
1393 3480
1395 3482
1302 3632
1308 3632
1306 3630
1271 3673
1265 3663
1014 3613
1007 3612
1010 3615
1024 3587
1022 3585
1398 3489
1398 3491
1399 3490
1302 3633
1308 3631
1305 3630
1306 3629
1271 3674
1264 3663
1265 3662
1014 3614
1007 3613
1010 3616
1024 3586
1021 3585
1393 3481
1394 3482
1301 3633
1309 3631
1304 3630
1305 3629
1271 3675
1263 3663
1266 3662
1014 3615
1011 3616
1009 3616
1010 3617
1024 3585
1020 3585
1021 3584
1398 3490
1393 3482
1397 3490
1301 3634
1309 3630
1304 3629
1271 3676
1266 3661
1015 3615
1009 3617
1010 3618
1025 3585
1024 3584
1020 3584
1021 3583
1393 3483
1394 3484
1396 3490
1393 3484
1396 3489
1309 3629
1272 3676
1270 3676
1267 3661
1008 3617
1011 3618
1010 3619
1026 3585
1019 3584
1022 3583
1393 3485
1395 3489
1393 3486
1394 3489
1392 3486
1394 3488
1392 3487
1308 3629
1273 3676
1269 3676
1270 3677
1012 3618
1010 3620
1027 3585
1026 3584
1019 3583
1393 3488
1392 3488
1387 3488
1392 3489
1274 3676
1273 3675
1269 3675
1270 3678
1013 3618
1011 3620
1009 3620
1028 3585
1027 3584
1388 3488
1391 3489
1392 3490
1274 3675
1273 3674
1270 3679
1028 3584
1027 3583
1389 3488
1390 3489
1391 3490
1389 3489
1275 3675
1271 3679
1270 3680
1028 3583
1027 3582
1388 3490
1390 3490
1389 3490
1276 3675
1275 3674
1272 3679
1271 3680
1028 3582
1389 3491
1387 3492
1389 3492
1276 3676
1272 3680
1028 3581
1388 3492
1388 3493
1403 2452
1390 2443
1436 2406
1276 3677
1272 3681
1429 2409
1430 2410
1432 2422
1277 3677
1272 3682
1399 2453
1403 2451
1391 2443
1278 3677
1277 3678
1273 3682
1271 3682
1492 2379
1436 2407
1429 2410
1428 2411
1279 3677
1278 3676
1277 3679
1273 3683
1432 2421
1399 2452
1402 2451
1395 2448
1391 2444
1279 3678
1278 3675
1274 3683
1273 3684
1493 2379
1435 2407
1429 2411
1432 2420
1280 3678
1279 3675
1275 3683
1274 3684
1272 3684
1443 2415
1400 2452
1281 3678
1279 3674
1275 3684
1275 3682
1274 3685
1272 3685
1401 2451
1394 2448
1392 2444
1282 3678
1279 3673
1276 3682
1275 3681
1274 3686
1271 3685
1272 3686
1494 2379
1434 2407
1431 2414
1280 3673
1279 3672
1275 3680
1273 3686
1274 3687
1271 3686
1429 2412
1433 2420
1442 2415
1280 3672
1278 3672
1275 3679
1273 3687
1274 3688
1400 2451
1394 2447
1392 2445
1495 2379
1434 2408
1433 2409
1432 2414
1280 3671
1277 3672
1274 3679
1275 3678
1273 3688
1274 3689
1431 2413
1430 2412
1435 2421
1280 3670
1274 3690
1434 2420
1441 2415
1399 2449
1281 3670
1279 3670
1275 3690
1400 2450
1394 2444
1394 2446
1393 2445
1496 2379
1276 3690
1275 3691
1434 2409
1435 2410
1433 2410
1277 3690
1275 3692
1432 2413
1431 2412
1436 2421
1278 3690
1275 3693
1435 2420
1440 2415
1278 3691
1278 3689
1274 3693
1275 3694
1397 2452
1399 2450
1394 2445
1279 3691
1273 3693
1497 2379
1434 2410
1433 2411
1280 3691
1273 3694
1432 2412
1436 2420
1440 2414
1281 3691
1280 3690
1272 3694
1273 3695
1397 2451
1398 2450
1282 3691
1272 3695
1395 2445
1413 2453
1282 3692
1272 3696
1414 2452
1498 2379
1497 2378
1283 3692
1282 3693
1272 3697
1434 2411
1433 2412
1436 2419
1284 3692
1282 3694
1273 3697
1271 3697
1272 3698
1437 2414
1439 2414
1397 2450
1396 2445
1285 3692
1282 3695
1270 3697
1413 2452
1498 2378
1434 2412
1436 2418
1438 2414
1286 3692
1285 3691
1281 3695
1282 3696
1270 3696
1397 2449
1396 2446
1413 2451
1499 2378
1435 2412
1286 3691
1285 3690
1280 3695
1282 3697
1269 3696
1270 3695
1434 2413
1436 2413
1437 2418
1438 2415
1397 2448
1287 3691
1285 3689
1282 3698
1268 3696
1396 2447
1412 2451
1500 2378
1287 3690
1284 3689
1283 3698
1267 3696
1435 2413
1437 2417
1283 3689
1284 3698
1266 3696
1267 3695
1438 2416
1284 3699
1266 3697
1397 2447
1409 2447
1284 3700
1265 3697
1412 2450
1500 2379
1285 3700
1283 3700
1264 3697
1435 2414
1437 2416
1402 2445
1398 2447
1410 2447
1285 3701
1263 3697
1264 3698
1411 2448
1411 2450
1412 2449
1502 2378
1501 2379
1285 3702
1263 3698
1263 3696
1264 3699
1435 2415
1436 2416
1401 2445
1399 2447
1410 2448
1286 3702
1263 3699
1263 3695
1411 2449
1502 2379
1435 2416
1401 2446
1287 3702
1286 3703
1262 3699
1263 3700
1262 3695
1400 2447
1410 2449
1502 2380
1434 2416
1288 3702
1263 3701
1261 3695
1401 2447
1406 2450
1409 2449
1289 3702
1288 3703
1288 3701
1263 3702
1260 3695
1503 2380
1433 2416
1290 3702
1288 3704
1288 3700
1263 3703
1259 3695
1260 3696
1260 3694
1402 2447
1407 2450
1291 3702
1290 3701
1289 3704
1287 3704
1288 3699
1262 3703
1263 3704
1258 3695
1408 2449
1504 2380
1432 2416
1292 3702
1287 3705
1261 3703
1263 3705
1257 3695
1258 3696
1258 3694
1404 2446
1404 2448
1403 2447
1293 3702
1287 3706
1260 3703
1263 3706
1257 3696
1257 3694
1258 3697
1407 2449
1408 2448
1294 3702
1288 3706
1286 3706
1260 3702
1263 3707
1257 3697
1257 3693
1505 2380
1431 2416
1295 3702
1288 3707
1285 3706
1286 3707
1260 3701
1263 3708
1256 3693
1257 3692
1404 2447
1407 2448
1505 2381
1430 2418
1295 3703
1288 3708
1286 3708
1264 3708
1255 3693
1256 3692
1257 3691
1431 2417
1406 2448
1405 2447
1407 2447
1296 3703
1289 3708
1264 3709
1255 3694
1255 3692
1401 2443
1506 2381
1511 2384
1514 2387
1297 3703
1290 3708
1264 3710
1255 3695
1255 3691
1430 2417
1406 2447
1403 2444
1298 3703
1290 3709
1290 3707
1265 3710
1263 3710
1255 3696
1254 3691
1405 2444
1401 2442
1506 2382
1299 3703
1290 3710
1291 3707
1290 3706
1266 3710
1262 3710
1263 3711
1255 3697
1253 3691
1511 2385
1510 2386
1512 2386
1513 2387
1429 2417
1299 3704
1299 3702
1291 3710
1290 3711
1292 3707
1261 3710
1262 3711
1255 3698
1252 3691
1406 2446
1404 2444
1300 3704
1299 3701
1291 3711
1289 3711
1260 3710
1251 3691
1402 2442
1506 2383
1511 2386
1512 2387
1299 3700
1292 3711
1288 3711
1260 3709
1251 3692
1499 2438
1450 2445
1428 2417
1300 3700
1299 3699
1288 3712
1250 3692
1406 2445
1404 2443
1403 2442
1505 2383
1300 3699
1298 3699
1299 3698
1288 3713
1250 3693
1511 2387
1502 2442
1501 2441
1300 3698
1297 3699
1298 3698
1299 3697
1289 3713
1287 3713
1288 3714
1250 3694
1500 2438
1450 2444
1427 2417
1300 3697
1296 3699
1299 3696
1289 3714
1287 3714
1288 3715
1249 3694
1428 2416
1407 2445
1404 2440
1300 3696
1296 3700
1299 3695
1290 3714
1289 3715
1287 3715
1248 3694
1404 2442
1504 2383
1504 2387
1505 2384
1511 2388
1301 3696
1295 3700
1299 3694
1291 3714
1290 3715
1287 3716
1248 3695
1248 3693
1502 2441
1500 2439
1450 2443
1427 2416
1407 2444
1404 2441
1504 2384
1302 3696
1294 3700
1300 3694
1291 3715
1291 3713
1287 3717
1248 3696
1504 2386
1505 2385
1510 2388
1509 2389
1512 2390
1503 2441
1294 3699
1301 3694
1300 3693
1292 3715
1286 3717
1247 3696
1502 2440
1501 2439
1451 2443
1452 2442
1427 2415
1407 2443
1293 3699
1301 3693
1293 3715
1285 3717
1247 3697
1408 2442
1405 2441
1504 2385
1510 2389
1511 2390
1503 2440
1302 3693
1293 3716
1293 3714
1285 3716
1246 3697
1502 2439
1446 2445
1451 2442
1426 2415
1407 2442
1406 2441
1503 2385
1508 2390
1510 2390
1303 3693
1302 3692
1294 3716
1294 3714
1285 3715
1503 2439
1445 2445
1444 2444
1448 2438
1450 2440
1451 2441
1424 2414
1425 2415
1304 3693
1303 3694
1302 3691
1295 3716
1295 3714
1285 3714
1407 2441
1502 2385
1503 2388
1507 2390
1508 2391
1510 2391
1503 2438
1445 2444
1446 2439
1448 2439
1448 2443
1449 2442
1450 2441
1305 3693
1304 3692
1302 3690
1295 3717
1295 3715
1296 3714
1284 3714
1420 2415
1424 2415
1407 2440
1501 2385
1503 2389
1481 2385
1507 2391
1510 2392
1510 2394
1511 2393
1503 2437
1445 2443
1447 2439
1448 2440
1448 2442
1306 3693
1304 3691
1295 3718
1297 3714
1283 3714
1449 2441
1421 2415
1424 2416
1408 2440
1501 2386
1502 2389
1480 2385
1481 2386
1507 2392
1510 2393
1503 2436
1446 2443
1447 2440
1448 2441
1422 2415
1307 3693
1304 3690
1296 3718
1295 3719
1298 3714
1282 3714
1283 3713
1424 2417
1408 2439
1407 2438
1501 2387
1501 2389
1480 2386
1507 2393
1509 2393
1504 2436
1446 2442
1308 3693
1307 3694
1304 3689
1297 3718
1294 3719
1299 3714
1298 3713
1281 3714
1283 3712
1447 2441
1422 2416
1423 2417
1408 2438
1501 2388
1480 2387
1508 2393
1309 3693
1307 3695
1297 3719
1297 3717
1293 3719
1294 3720
1300 3714
1281 3715
1283 3711
1505 2436
1506 2435
1446 2441
1422 2417
1422 2423
1408 2437
1499 2389
1309 3694
1307 3696
1297 3720
1298 3717
1292 3719
1293 3720
1294 3721
1301 3714
1300 3715
1283 3710
1500 2388
1480 2388
1508 2394
1505 2435
1445 2441
1422 2418
1310 3694
1308 3696
1306 3696
1296 3720
1298 3716
1292 3720
1293 3721
1302 3714
1282 3710
1423 2423
1422 2422
1410 2438
1409 2437
1499 2388
1481 2388
1508 2395
1311 3694
1309 3696
1305 3696
1296 3721
1291 3720
1303 3714
1302 3713
1281 3710
1509 2396
1505 2434
1445 2440
1422 2419
1423 2422
1422 2421
1410 2437
1312 3694
1310 3696
1305 3697
1296 3722
1291 3721
1303 3715
1303 3713
1302 3712
1280 3710
1498 2388
1499 2387
1481 2389
1508 2396
1505 2433
1444 2440
1423 2419
1423 2421
1313 3694
1312 3693
1304 3697
1296 3723
1291 3722
1304 3715
1303 3716
1301 3712
1302 3711
1280 3711
1410 2436
1498 2385
1498 2387
1499 2386
1482 2389
1484 2395
1313 3693
1304 3698
1297 3723
1295 3723
1296 3724
1292 3722
1290 3722
1304 3716
1303 3711
1302 3710
1279 3711
1508 2397
1504 2433
1496 2425
1313 3692
1295 3724
1296 3725
1290 3723
1305 3716
1303 3710
1278 3711
1279 3712
1443 2438
1443 2440
1313 3691
1297 3725
1296 3726
1289 3723
1290 3724
1306 3716
1304 3710
1278 3712
1278 3710
1424 2419
1424 2421
1423 2420
1428 2419
1314 3691
1298 3725
1288 3723
1290 3725
1307 3716
1305 3710
1277 3712
1278 3709
1426 2441
1411 2436
1496 2382
1498 2386
1314 3690
1287 3723
1288 3724
1289 3725
1307 3717
1306 3710
1305 3711
1277 3709
1278 3708
1483 2389
1484 2394
1508 2398
1503 2433
1496 2426
1314 3689
1286 3723
1287 3722
1289 3726
1307 3718
1307 3710
1306 3711
1276 3709
1278 3707
1442 2438
1442 2440
1443 2439
1424 2420
1429 2419
1427 2441
1411 2435
1315 3689
1314 3688
1286 3724
1307 3719
1308 3710
1306 3712
1275 3709
1276 3708
1279 3707
1278 3706
1496 2383
1497 2384
1497 2386
1484 2389
1316 3689
1313 3688
1285 3724
1308 3719
1307 3720
1309 3710
1307 3712
1274 3709
1280 3707
1279 3706
1278 3705
1484 2393
1509 2398
1512 2401
1503 2432
1504 2431
1317 3689
1312 3688
1313 3687
1284 3724
1309 3719
1309 3709
1308 3712
1274 3710
1281 3707
1498 2431
1497 2426
1442 2439
1425 2420
1429 2420
1427 2442
1317 3690
1283 3724
1309 3708
1309 3712
1308 3713
1274 3711
1427 2444
1412 2435
1414 2443
1413 2442
1493 2383
1496 2384
1496 2386
1484 2390
1317 3691
1282 3724
1309 3707
1310 3712
1308 3714
1273 3711
1484 2392
1477 2395
1509 2399
1510 2400
1511 2401
1318 3691
1317 3692
1281 3724
1308 3707
1309 3706
1311 3712
1308 3715
1272 3711
1503 2431
1498 2430
1497 2427
1441 2439
1319 3691
1318 3692
1281 3723
1307 3707
1310 3706
1309 3705
1312 3712
1311 3711
1272 3712
1426 2420
1429 2421
1427 2443
1414 2434
1413 2435
1414 2442
1320 3691
1319 3692
1280 3723
1281 3722
1306 3707
1307 3708
1311 3706
1312 3713
1494 2383
1493 2384
1495 2384
1496 2385
1321 3691
1320 3690
1279 3723
1280 3722
1281 3721
1305 3707
1312 3706
1312 3714
1485 2390
1485 2392
1322 3691
1321 3690
1320 3689
1279 3724
1279 3722
1281 3720
1484 2391
1476 2395
1322 3690
1279 3725
1282 3720
1475 2396
1509 2400
1322 3689
1278 3725
1279 3726
1510 2401
1500 2431
1502 2431
1322 3688
1277 3725
1499 2430
1497 2428
1440 2439
1322 3687
1277 3726
1277 3724
1426 2421
1425 2422
1428 2421
1323 3687
1322 3686
1277 3727
1277 3723
1425 2444
1426 2443
1324 3687
1321 3686
1276 3727
1277 3728
1276 3723
1414 2435
1414 2441
1325 3687
1324 3686
1275 3727
1277 3729
1276 3722
1494 2384
1495 2385
1487 2389
1485 2391
1325 3688
1325 3686
1324 3685
1275 3726
1278 3729
1276 3729
1277 3730
1275 3722
1276 3721
1476 2396
1475 2397
1509 2401
1505 2399
1326 3688
1323 3685
1274 3726
1275 3725
1279 3729
1276 3730
1277 3731
1276 3720
1501 2431
1499 2429
1498 2428
1327 3688
1326 3689
1323 3684
1273 3726
1280 3729
1275 3730
1277 3720
1440 2438
1427 2421
1426 2422
1428 2422
1328 3688
1326 3690
1322 3684
1323 3683
1272 3726
1273 3727
1422 2444
1425 2443
1414 2436
1328 3687
1327 3690
1324 3683
1272 3725
1273 3728
1414 2440
1416 2440
1328 3686
1328 3690
1327 3691
1325 3683
1271 3725
1272 3724
1273 3729
1494 2385
1490 2389
1487 2390
1329 3686
1329 3690
1327 3692
1325 3682
1270 3725
1272 3723
1273 3730
1487 2392
1486 2391
1476 2397
1330 3686
1329 3685
1327 3693
1326 3682
1270 3726
1508 2401
1505 2400
1501 2430
1499 2428
1505 2428
1331 3686
1330 3687
1327 3694
1327 3682
1326 3681
1439 2438
1427 2422
1429 2430
1332 3686
1327 3695
1327 3681
1326 3680
1422 2443
1421 2442
1424 2443
1333 3686
1332 3687
1328 3695
1327 3696
1328 3681
1327 3680
1415 2436
1415 2440
1494 2386
1489 2389
1332 3688
1329 3695
1328 3696
1326 3696
1329 3681
1487 2391
1477 2397
1507 2401
1505 2401
1331 3688
1332 3689
1330 3695
1328 3697
1325 3696
1330 3681
1329 3680
1501 2429
1500 2428
1504 2428
1438 2438
1427 2423
1430 2430
1333 3689
1332 3690
1331 3695
1329 3697
1325 3695
1330 3680
1431 2429
1423 2443
1422 2442
1424 2442
1334 3689
1332 3695
1331 3696
1324 3695
1330 3679
1415 2437
1415 2439
1334 3690
1333 3695
1332 3696
1332 3694
1331 3679
1494 2387
1489 2390
1488 2391
1477 2398
1334 3691
1333 3694
1332 3697
1332 3679
1506 2401
1505 2402
1501 2428
1335 3691
1333 3691
1334 3694
1332 3698
1333 3679
1332 3680
1332 3678
1503 2428
1438 2439
1427 2424
1430 2429
1336 3691
1333 3692
1334 3693
1333 3698
1333 3680
1332 3677
1431 2428
1423 2442
1425 2440
1415 2438
1337 3691
1333 3699
1333 3681
1332 3676
1494 2388
1489 2391
1479 2397
1337 3690
1333 3700
1333 3682
1333 3676
1332 3675
1478 2398
1506 2402
1508 2406
1502 2428
1435 2445
1332 3700
1332 3682
1333 3683
1334 3676
1331 3675
1437 2445
1437 2439
1428 2424
1430 2428
1423 2441
1331 3682
1333 3684
1334 3675
1331 3674
1424 2440
1417 2437
1416 2438
1494 2389
1490 2391
1481 2396
1482 2397
1331 3683
1332 3684
1335 3675
1334 3674
1479 2398
1506 2403
1506 2407
1508 2405
1502 2427
1436 2445
1437 2444
1437 2440
1336 3675
1335 3674
1333 3674
1438 2443
1428 2425
1429 2426
1429 2428
1337 3675
1333 3673
1430 2427
1423 2440
1418 2439
1417 2438
1493 2389
1492 2390
1338 3675
1337 3676
1333 3672
1491 2391
1481 2397
1480 2398
1506 2404
1506 2406
1338 3674
1334 3672
1332 3672
1507 2405
1502 2426
1501 2425
1339 3674
1331 3672
1436 2444
1437 2441
1438 2442
1331 3671
1428 2426
1429 2427
1420 2440
1331 3670
1423 2439
1418 2438
1493 2390
1492 2391
1332 3670
1330 3670
1331 3669
1481 2398
1503 2402
1502 2403
1505 2404
1505 2406
1331 3668
1506 2405
1502 2425
1436 2443
1437 2442
1422 2427
1428 2427
1331 3667
1421 2440
1422 2439
1420 2435
1419 2436
1419 2438
1493 2391
1497 2391
1332 3667
1330 3667
1481 2399
1503 2403
1505 2405
1503 2425
1495 2423
1494 2422
1436 2442
1423 2427
1333 3667
1329 3667
1330 3666
1427 2427
1421 2439
1420 2436
1419 2437
1494 2391
1497 2392
1481 2400
1503 2404
1328 3667
1330 3665
1504 2405
1503 2424
1495 2422
1434 2443
1435 2442
1423 2428
1328 3666
1330 3664
1427 2428
1421 2438
1420 2437
1495 2391
1493 2393
1497 2393
1482 2400
1481 2401
1503 2405
1506 2414
1327 3666
1331 3664
1329 3664
1503 2421
1503 2423
1496 2422
1495 2421
1434 2442
1433 2441
1424 2428
1426 2428
1423 2435
1326 3666
1332 3664
1328 3664
1329 3663
1421 2437
1495 2392
1493 2394
1497 2394
1482 2401
1325 3666
1333 3664
1332 3665
1329 3662
1503 2406
1505 2414
1503 2422
1497 2420
1325 3665
1334 3664
1329 3661
1496 2421
1434 2441
1425 2428
1426 2429
1423 2436
1324 3665
1325 3664
1335 3664
1330 3661
1328 3661
1422 2437
1495 2393
1494 2394
1496 2394
1482 2402
1482 2404
1323 3665
1335 3665
1335 3663
1503 2407
1505 2413
1502 2422
1498 2420
1497 2421
1434 2440
1323 3666
1323 3664
1335 3666
1335 3662
1425 2429
1423 2437
1427 2439
1495 2394
1482 2403
1504 2407
1505 2408
1505 2412
1322 3666
1322 3664
1323 3663
1334 3666
1335 3667
1336 3662
1501 2422
1499 2422
1498 2421
1434 2439
1425 2430
1425 2438
1321 3666
1321 3664
1322 3663
1335 3668
1336 3661
1424 2437
1427 2438
1428 2437
1495 2395
1483 2403
1504 2408
1505 2411
1320 3666
1321 3667
1321 3665
1320 3664
1321 3663
1322 3662
1336 3668
1334 3668
1336 3660
1500 2422
1499 2421
1433 2437
1433 2439
1434 2438
1425 2431
1425 2437
1319 3666
1320 3665
1321 3668
1321 3662
1337 3668
1427 2437
1495 2396
1484 2403
1504 2409
1504 2411
1500 2421
1430 2439
1433 2438
1318 3666
1320 3662
1337 3669
1425 2432
1426 2437
1495 2397
1484 2402
1499 2411
1504 2410
1500 2420
1430 2438
1432 2438
1319 3662
1337 3670
1427 2431
1426 2432
1426 2436
1495 2398
1485 2402
1484 2401
1499 2410
1503 2410
1500 2419
1318 3662
1319 3663
1319 3661
1337 3671
1501 2418
1431 2438
1428 2431
1427 2432
1426 2433
1426 2435
1495 2399
1485 2401
1317 3662
1319 3660
1337 3672
1501 2411
1500 2410
1502 2410
1500 2418
1431 2437
1428 2432
1426 2434
1494 2401
1316 3662
1317 3661
1320 3660
1318 3660
1338 3672
1336 3672
1337 3673
1495 2400
1486 2401
1489 2416
1501 2410
1500 2417
1431 2436
1428 2433
1427 2434
1315 3662
1321 3660
1320 3659
1339 3672
1492 2398
1494 2400
1487 2401
1490 2416
1500 2404
1501 2409
1502 2408
1500 2416
1315 3663
1315 3661
1322 3660
1321 3659
1340 3672
1430 2436
1428 2434
1492 2399
1493 2400
1489 2400
1489 2402
1488 2401
1491 2416
1315 3664
1314 3661
1315 3660
1323 3660
1341 3672
1340 3673
1500 2405
1501 2406
1501 2408
1500 2415
1501 2414
1430 2435
1429 2434
1492 2400
1314 3664
1315 3665
1316 3660
1324 3660
1323 3661
1323 3659
1341 3673
1341 3671
1489 2401
1491 2415
1500 2406
1500 2408
1497 2417
1499 2413
1500 2414
1430 2434
1491 2400
1313 3664
1316 3659
1325 3660
1324 3659
1323 3658
1342 3673
1341 3670
1490 2401
1492 2415
1500 2407
1497 2416
1496 2415
1499 2414
1431 2434
1491 2401
1493 2415
1312 3664
1316 3658
1322 3658
1323 3657
1343 3673
1341 3669
1499 2407
1497 2415
1498 2414
1432 2432
1431 2433
1491 2402
1493 2414
1495 2414
1498 2407
1311 3664
1322 3657
1323 3656
1343 3674
1343 3672
1341 3668
1497 2414
1432 2433
1434 2433
1491 2403
1494 2414
1498 2408
1497 2413
1311 3665
1324 3656
1344 3674
1433 2433
1449 2433
1490 2403
1494 2413
1497 2408
1497 2412
1433 2434
1310 3665
1311 3666
1325 3656
1345 3674
1344 3675
1432 2435
1448 2433
1490 2404
1494 2412
1497 2409
1497 2411
1433 2435
1447 2433
1490 2405
1495 2412
1309 3665
1310 3666
1312 3666
1325 3657
1325 3655
1346 3674
1344 3676
1494 2411
1497 2410
1434 2435
1446 2433
1447 2436
1490 2406
1495 2411
1496 2410
1309 3664
1310 3667
1312 3667
1326 3655
1346 3675
1346 3673
1435 2435
1445 2433
1447 2435
1490 2407
1495 2410
1437 2432
1436 2433
1436 2435
1444 2433
1445 2436
1309 3663
1310 3668
1326 3654
1347 3675
1346 3672
1446 2435
1490 2408
1495 2409
1437 2433
1436 2434
1444 2434
1445 2435
1491 2408
1493 2408
1494 2409
1308 3663
1311 3668
1309 3668
1326 3653
1347 3676
1347 3672
1346 3671
1437 2434
1444 2435
1492 2408
1493 2409
1438 2434
1443 2435
1492 2409
1439 2434
1442 2435
1470 2402
1492 2410
1441 2435
1440 2434
1308 3662
1311 3669
1308 3668
1327 3653
1326 3652
1347 3677
1347 3671
1346 3670
1442 2434
1471 2402
1491 2410
1491 2412
1441 2434
1442 2433
1472 2402
1491 2411
1441 2433
1473 2402
1490 2411
1441 2432
1476 2402
1473 2403
1307 3662
1311 3670
1328 3653
1325 3652
1326 3651
1346 3677
1347 3678
1348 3671
1347 3670
1472 2404
1489 2411
1441 2431
1439 2429
1477 2402
1478 2405
1479 2404
1473 2404
1471 2406
1488 2411
1441 2430
1440 2429
1475 2403
1306 3662
1311 3671
1328 3654
1324 3652
1346 3678
1348 3678
1349 3671
1348 3670
1477 2403
1478 2404
1473 2405
1472 2406
1488 2412
1441 2429
1475 2404
1477 2404
1474 2405
1473 2406
1488 2413
1442 2429
1305 3662
1306 3663
1306 3661
1310 3671
1311 3672
1329 3654
1323 3652
1324 3653
1324 3651
1345 3678
1346 3679
1348 3679
1350 3671
1349 3672
1349 3670
1348 3669
1476 2404
1474 2406
1487 2413
1443 2429
1442 2428
1441 2425
1476 2405
1475 2406
1478 2407
1477 2426
1486 2413
1444 2429
1304 3662
1305 3663
1305 3661
1306 3664
1306 3660
1309 3671
1311 3673
1330 3654
1329 3655
1322 3652
1323 3653
1324 3654
1324 3650
1351 3671
1349 3673
1348 3668
1443 2428
1445 2428
1441 2426
1476 2406
1477 2407
1477 2425
1478 2424
1486 2414
1303 3662
1304 3661
1307 3660
1306 3659
1309 3672
1310 3673
1311 3674
1323 3650
1324 3649
1351 3670
1348 3667
1444 2428
1442 2426
1476 2407
1477 2408
1477 2424
1486 2415
1444 2427
1443 2426
1476 2408
1475 2409
1305 3659
1306 3658
1308 3672
1310 3674
1312 3674
1324 3648
1348 3666
1477 2423
1478 2422
1483 2413
1485 2415
1444 2426
1476 2409
1477 2422
1483 2414
1484 2415
1304 3659
1305 3658
1307 3658
1307 3672
1308 3673
1313 3674
1325 3648
1349 3666
1348 3665
1445 2426
1476 2410
1477 2421
1483 2415
1446 2426
1476 2411
1477 2420
1483 2416
1448 2427
1303 3659
1307 3657
1307 3671
1313 3675
1326 3648
1350 3666
1348 3664
1447 2426
1452 2423
1454 2423
1476 2412
1480 2412
1478 2420
1482 2416
1448 2426
1303 3658
1307 3656
1307 3670
1313 3676
1326 3647
1351 3666
1347 3664
1348 3663
1447 2425
1453 2423
1476 2413
1480 2413
1478 2419
1481 2416
1481 2418
1448 2425
1302 3658
1308 3656
1307 3655
1313 3677
1326 3646
1352 3666
1346 3664
1348 3662
1453 2424
1477 2413
1479 2413
1479 2419
1481 2417
1455 2433
1449 2425
1301 3658
1307 3654
1325 3646
1353 3666
1352 3667
1345 3664
1346 3665
1348 3661
1453 2425
1478 2413
1479 2418
1480 2417
1454 2433
1451 2432
1450 2425
1452 2425
1478 2414
1479 2417
1453 2433
1301 3659
1301 3657
1308 3654
1325 3645
1354 3666
1352 3668
1345 3663
1346 3666
1349 3661
1452 2432
1451 2425
1478 2415
1479 2416
1453 2432
1451 2426
1450 2427
1477 2417
1478 2416
1453 2431
1451 2427
1301 3660
1300 3657
1308 3653
1324 3645
1325 3644
1355 3666
1353 3668
1344 3663
1346 3667
1350 3661
1349 3660
1476 2415
1477 2416
1453 2430
1452 2427
1469 2411
1475 2415
1476 2416
1454 2430
1453 2427
1470 2411
1475 2416
1454 2427
1302 3660
1300 3660
1299 3657
1324 3644
1325 3643
1356 3666
1353 3669
1343 3663
1349 3659
1454 2429
1453 2428
1470 2412
1472 2412
1475 2417
1455 2427
1454 2428
1471 2412
1468 2415
1473 2418
1300 3661
1299 3658
1326 3643
1325 3642
1357 3666
1354 3669
1353 3670
1343 3664
1348 3659
1474 2417
1466 2421
1455 2428
1471 2413
1470 2414
1469 2415
1473 2417
1465 2421
1456 2428
1471 2414
1470 2415
1473 2416
1464 2421
1300 3662
1327 3643
1326 3642
1324 3642
1358 3666
1354 3670
1353 3671
1342 3664
1347 3659
1457 2428
1471 2415
1472 2416
1463 2421
1458 2428
1471 2416
1463 2422
1462 2423
1300 3663
1328 3643
1324 3641
1359 3666
1353 3672
1341 3664
1342 3665
1347 3660
1347 3658
1459 2428
1471 2417
1463 2423
1460 2426
1460 2428
1471 2418
1464 2423
1465 2424
1299 3663
1329 3643
1324 3640
1359 3667
1359 3665
1353 3673
1341 3665
1341 3663
1346 3658
1460 2427
1471 2419
1464 2424
1461 2427
1494 2448
1470 2419
1469 2420
1464 2425
1462 2427
1298 3663
1330 3643
1329 3644
1325 3640
1323 3640
1360 3667
1354 3673
1353 3674
1340 3663
1341 3662
1493 2448
1470 2420
1464 2426
1463 2427
1492 2448
1493 2447
1470 2421
1297 3663
1331 3643
1330 3644
1322 3640
1361 3667
1355 3673
1353 3675
1339 3663
1464 2427
1492 2447
1493 2446
1470 2422
1471 2423
1472 2424
1465 2429
1464 2428
1492 2446
1470 2423
1297 3662
1331 3642
1330 3645
1322 3641
1362 3667
1356 3673
1353 3676
1339 3662
1471 2424
1465 2428
1491 2446
1470 2424
1466 2428
1490 2446
1470 2425
1296 3662
1297 3661
1331 3641
1331 3645
1321 3641
1322 3642
1357 3673
1353 3677
1466 2427
1489 2446
1490 2445
1469 2425
1467 2427
1489 2445
1295 3662
1297 3660
1332 3641
1331 3640
1320 3641
1322 3643
1358 3673
1354 3677
1352 3677
1487 2443
1469 2426
1468 2427
1489 2444
1488 2443
1294 3662
1295 3663
1297 3659
1333 3641
1332 3640
1320 3640
1322 3644
1358 3674
1358 3672
1355 3677
1351 3677
1469 2427
1469 2429
1489 2443
1469 2428
1489 2442
1470 2428
1472 2428
1293 3662
1295 3664
1298 3659
1334 3641
1333 3640
1332 3639
1319 3640
1322 3645
1358 3675
1359 3672
1355 3678
1350 3677
1489 2441
1471 2428
1489 2440
1471 2429
1470 2432
1294 3664
1335 3641
1332 3638
1318 3640
1358 3676
1360 3672
1356 3678
1355 3679
1349 3677
1350 3678
1488 2440
1489 2439
1471 2430
1470 2431
1488 2439
1471 2431
1294 3665
1336 3641
1335 3640
1333 3638
1332 3637
1359 3676
1361 3672
1360 3671
1355 3680
1488 2438
1472 2431
1487 2438
1488 2437
1472 2432
1294 3666
1336 3642
1332 3636
1359 3677
1362 3672
1361 3673
1361 3671
1354 3680
1483 2439
1486 2438
1487 2437
1472 2433
1483 2438
1486 2437
1293 3666
1294 3667
1336 3643
1331 3636
1332 3635
1360 3677
1359 3678
1362 3671
1361 3674
1473 2433
1483 2437
1485 2437
1475 2434
1474 2433
1294 3668
1336 3644
1330 3636
1331 3635
1362 3670
1362 3674
1360 3674
1484 2437
1482 2435
1475 2433
1484 2436
1483 2435
1486 2434
1337 3644
1335 3644
1329 3636
1330 3635
1331 3634
1362 3669
1363 3674
1475 2432
1484 2435
1485 2434
1475 2431
1484 2434
1475 2430
1484 2433
1335 3645
1328 3636
1330 3634
1363 3669
1363 3675
1476 2430
1481 2431
1483 2433
1477 2430
1481 2432
1482 2433
1477 2431
1334 3645
1327 3636
1330 3633
1364 3669
1481 2433
1477 2432
1480 2433
1477 2433
1479 2433
1333 3645
1334 3646
1327 3637
1327 3635
1329 3633
1365 3669
1364 3670
1478 2433
1478 2434
1480 2442
1478 2435
1479 2442
1478 2436
1333 3646
1333 3644
1327 3638
1365 3670
1478 2438
1478 2442
1469 2437
1477 2436
1478 2437
1332 3646
1333 3647
1333 3643
1326 3638
1327 3639
1365 3671
1477 2442
1479 2440
1470 2437
1475 2437
1332 3647
1333 3648
1328 3639
1366 3671
1477 2437
1477 2441
1478 2440
1470 2438
1331 3647
1334 3648
1329 3639
1367 3671
1366 3672
1476 2437
1477 2440
1471 2438
1476 2438
1335 3648
1329 3640
1367 3670
1477 2439
1472 2438
1476 2439
1472 2439
1475 2439
1336 3648
1473 2439
1470 2446
1469 2445
1474 2439
1337 3648
1473 2440
1470 2443
1470 2445
1474 2440
1475 2441
1338 3648
1337 3649
1471 2443
1471 2445
1470 2444
1474 2441
1339 3648
1337 3650
1473 2442
1472 2443
1471 2444
1474 2442
1473 2443
1340 3648
1339 3649
1472 2444
1474 2443
1473 2444
1474 2444
1474 2445
1474 2446
1477 2445
1341 3648
1340 3647
1339 3650
1475 2446
1477 2446
1476 2446
1477 2447
1476 2447
1476 2448
1476 2449
1341 3647
1340 3646
1477 2449
1478 2450
1477 2450
1477 2451
1477 2452
1478 2452
1342 3647
1477 2453
1476 2465
1479 2452
1478 2453
1476 2464
1479 2453
1342 3646
1477 2464
1477 2468
1480 2453
1478 2464
1342 3645
1478 2468
1480 2454
1478 2465
1478 2467
1480 2455
1343 3645
1342 3644
1479 2456
1479 2467
1478 2466
1480 2456
1485 2457
1479 2466
1482 2455
1344 3645
1480 2457
1484 2457
1480 2466
1482 2456
1481 2457
1483 2457
1480 2460
1345 3645
1344 3646
1481 2464
1481 2466
1482 2457
1479 2460
1481 2465
1482 2458
1479 2461
1479 2463
1346 3645
1345 3644
1485 2460
1482 2465
1482 2459
1479 2462
1484 2460
1483 2465
1482 2460
1481 2461
1480 2462
1347 3645
1346 3644
1483 2460
1483 2464
1482 2461
1481 2462
1483 2461
1483 2463
1482 2462
1506 2465
1484 2463
1348 3645
1347 3646
1483 2462
1505 2465
1484 2462
1485 2465
1504 2465
1505 2464
1486 2461
1485 2462
1486 2465
1504 2464
1486 2462
1348 3646
1486 2464
1502 2465
1503 2464
1490 2467
1486 2463
1502 2464
1490 2466
1488 2464
1487 2463
1349 3646
1501 2464
1490 2465
1489 2464
1488 2463
1496 2458
1499 2465
1500 2464
1490 2464
1489 2463
1496 2459
1499 2464
1490 2463
1495 2459
1498 2464
1490 2462
1350 3646
1494 2459
1497 2464
1498 2463
1490 2461
1494 2460
1497 2463
1491 2461
1494 2461
1495 2462
1496 2463
1350 3645
1492 2461
1493 2461
1495 2463
1492 2462
1493 2462
1494 2463
1492 2463
1493 2463
1351 3645
1350 3644
1492 2464
1493 2464
1493 2465
1494 2465
1493 2469
1495 2465
1493 2468
1496 2465
1351 3644
1349 3644
1493 2467
1496 2466
1494 2467
1496 2467
1491 2490
1495 2467
1492 2490
1500 2489
1352 3644
1349 3643
1499 2490
1495 2468
1495 2470
1493 2490
1501 2491
1500 2490
1495 2469
1494 2490
1501 2490
1497 2468
1496 2469
1353 3644
1348 3643
1499 2470
1500 2471
1494 2489
1502 2490
1497 2469
1498 2470
1499 2471
1501 2473
1494 2488
1504 2491
1502 2489
1497 2470
1499 2472
1500 2473
1493 2488
1504 2490
1353 3643
1503 2489
1497 2471
1499 2473
1499 2475
1500 2474
1492 2488
1504 2489
1497 2472
1499 2474
1492 2483
1492 2487
1506 2490
1507 2489
1504 2488
1503 2487
1497 2473
1354 3643
1353 3642
1498 2474
1492 2484
1492 2486
1506 2489
1504 2487
1508 2487
1497 2474
1492 2485
1506 2488
1505 2487
1507 2487
1497 2475
1496 2476
1354 3642
1495 2477
1495 2487
1493 2485
1506 2487
1497 2476
1496 2477
1495 2486
1494 2485
1355 3642
1507 2483
1506 2486
1497 2477
1495 2485
1498 2484
1506 2483
1506 2485
1497 2478
1356 3642
1355 3641
1496 2485
1497 2484
1506 2484
1497 2479
1495 2481
1496 2484
1504 2485
1505 2484
1357 3642
1356 3641
1355 3640
1498 2479
1497 2480
1496 2481
1496 2483
1504 2484
1498 2480
1496 2482
1503 2482
1504 2483
1357 3641
1356 3640
1354 3640
1498 2481
1497 2482
1503 2483
1499 2483
1498 2482
1502 2483
1499 2482
1501 2483
1500 2482
1500 2478
1501 2482
1500 2479
1358 3641
1356 3639
1501 2481
1500 2480
1502 2479
1502 2481
1501 2480
1502 2480
1505 2482
1503 2480
1505 2481
1504 2480
1505 2480
1506 2480
1507 2480
1359 3641
1358 3640
1504 2477
1508 2480
1509 2479
1507 2479
1506 2478
1504 2476
1508 2479
1507 2478
1504 2475
1503 2474
1508 2478
1506 2476
1359 3642
1358 3639
1504 2474
1508 2477
1507 2476
1506 2473
1506 2475
1505 2474
1508 2476
1510 2476
1507 2475
1506 2474
1509 2476
1507 2474
1509 2475
1508 2474
1359 3643
1359 3639
1509 2474
1509 2473
1508 2472
1509 2472
1509 2471
1510 2471
1510 2470
1512 2467
1511 2468
1359 3644
1360 3639
1511 2470
1512 2468
1511 2469
1512 2469
1513 2469
1518 2470
1519 2469
1515 2470
1514 2469
1518 2469
1516 2464
1515 2469
1360 3644
1358 3644
1359 3645
1361 3639
1517 2469
1516 2465
1515 2466
1516 2469
1522 2462
1516 2466
1516 2468
1522 2463
1516 2467
1521 2463
1361 3644
1360 3645
1362 3639
1361 3638
1517 2467
1521 2464
1520 2465
1518 2467
1522 2476
1521 2465
1520 2466
1519 2467
1524 2477
1523 2476
1525 2476
1521 2466
1520 2467
1361 3645
1361 3643
1362 3640
1361 3637
1524 2476
1521 2467
1520 2468
1522 2468
1524 2475
1521 2468
1524 2474
1522 2474
1521 2469
1520 2472
1523 2474
1522 2473
1361 3646
1363 3640
1362 3637
1521 2470
1521 2472
1523 2473
1521 2471
1523 2472
1522 2471
1523 2471
1523 2470
1524 2470
1525 2470
1525 2469
1526 2467
1525 2468
1526 2468
1527 2468
1362 3646
1361 3647
1362 3636
1530 2468
1527 2469
1529 2468
1528 2469
1529 2469
1529 2470
1529 2471
1530 2471
1530 2472
1533 2474
1531 2472
1535 2473
1533 2473
1532 2472
1534 2473
1360 3647
1362 3635
1533 2472
1542 2469
1543 2468
1534 2472
1542 2468
1534 2471
1540 2469
1542 2467
1534 2470
1540 2468
1541 2467
1534 2469
1533 2468
1539 2468
1540 2467
1359 3647
1362 3634
1534 2468
1538 2468
1539 2467
1537 2460
1535 2468
1537 2468
1538 2467
1534 2460
1536 2460
1536 2468
1537 2467
1358 3647
1363 3634
1361 3634
1535 2460
1537 2462
1536 2467
1535 2461
1537 2463
1536 2466
1535 2462
1536 2463
1536 2465
1535 2463
1536 2464
1535 2464
1534 2464
1534 2466
1363 3633
1361 3633
1534 2465
1533 2465
1515 2447
1532 2465
1515 2448
1532 2464
1517 2449
1516 2448
1532 2463
1518 2449
1517 2448
1531 2463
1518 2448
1528 2465
1527 2464
1530 2463
1361 3632
1520 2449
1519 2448
1528 2464
1529 2463
1520 2448
1528 2463
1527 2462
1521 2448
1528 2462
1522 2448
1528 2461
1522 2449
1528 2460
1360 3632
1361 3631
1522 2450
1528 2459
1530 2459
1523 2450
1543 2448
1529 2459
1526 2456
1523 2451
1542 2448
1529 2458
1527 2456
1524 2451
1541 2448
1529 2457
1528 2456
1359 3632
1361 3630
1524 2452
1541 2447
1529 2456
1525 2452
1539 2446
1541 2446
1530 2456
1532 2454
1526 2452
1540 2446
1541 2445
1530 2455
1531 2454
1528 2453
1362 3630
1360 3630
1527 2452
1533 2452
1540 2445
1530 2454
1528 2452
1532 2452
1538 2440
1540 2444
1530 2453
1529 2452
1531 2452
1532 2451
1362 3629
1359 3630
1538 2441
1540 2443
1530 2452
1531 2451
1538 2442
1539 2443
1530 2451
1538 2443
1530 2450
1362 3628
1358 3630
1359 3629
1537 2443
1530 2449
1527 2446
1537 2444
1530 2448
1528 2446
1536 2444
1530 2447
1529 2446
1535 2444
1530 2446
1529 2445
1535 2443
1530 2445
1361 3628
1362 3627
1359 3628
1535 2442
1531 2445
1534 2442
1531 2444
1530 2443
1532 2443
1534 2441
1531 2443
1533 2441
1531 2442
1532 2441
1528 2440
1527 2439
1531 2441
1362 3626
1358 3628
1359 3627
1528 2439
1531 2440
1529 2439
1531 2439
1530 2439
1530 2438
1530 2435
1530 2437
1530 2436
1525 2425
1524 2424
1363 3626
1357 3628
1531 2436
1525 2424
1532 2436
1526 2424
1525 2423
1528 2424
1532 2435
1526 2423
1528 2423
1532 2434
1526 2422
1528 2422
1363 3625
1356 3628
1357 3627
1534 2435
1532 2433
1527 2422
1535 2435
1536 2434
1533 2433
1527 2419
1527 2421
1535 2434
1364 3625
1363 3624
1357 3626
1534 2433
1527 2420
1535 2433
1528 2420
1535 2432
1534 2413
1529 2420
1536 2432
1365 3625
1362 3624
1363 3623
1356 3626
1534 2414
1530 2420
1529 2419
1536 2431
1535 2414
1530 2419
1537 2431
1366 3625
1362 3623
1355 3626
1536 2414
1531 2419
1537 2430
1536 2415
1532 2419
1533 2420
1537 2429
1536 2416
1367 3625
1354 3626
1355 3625
1537 2417
1532 2420
1531 2423
1542 2431
1538 2429
1536 2417
1538 2425
1532 2421
1531 2422
1542 2430
1540 2430
1368 3625
1367 3624
1354 3627
1355 3624
1539 2429
1536 2418
1538 2426
1532 2422
1541 2430
1540 2429
1543 2428
1536 2419
1537 2426
1533 2422
1367 3623
1354 3624
1355 3623
1541 2429
1542 2428
1537 2419
1538 2420
1536 2426
1534 2424
1533 2423
1368 3623
1366 3623
1354 3623
1567 2390
1541 2428
1537 2420
1538 2421
1536 2425
1535 2424
1534 2423
1567 2389
1369 3623
1368 3622
1366 3622
1353 3623
1539 2427
1541 2427
1537 2421
1536 2424
1535 2423
1370 3623
1369 3624
1366 3621
1352 3623
1353 3622
1567 2388
1566 2387
1568 2387
1540 2427
1537 2422
1371 3623
1370 3624
1370 3622
1365 3621
1352 3624
1352 3622
1536 2423
1567 2387
1568 2386
1540 2426
1537 2423
1567 2386
1371 3624
1370 3621
1364 3621
1365 3620
1352 3625
1352 3621
1540 2425
1538 2423
1567 2385
1566 2384
1540 2424
1539 2423
1567 2384
1372 3624
1370 3620
1363 3621
1352 3626
1352 3620
1540 2423
1566 2378
1563 2379
1567 2383
1568 2382
1540 2422
1565 2378
1564 2379
1370 3619
1351 3626
1351 3620
1352 3619
1567 2382
1541 2422
1565 2379
1566 2382
1542 2422
1565 2380
1566 2381
1370 3618
1351 3627
1353 3619
1545 2422
1543 2422
1541 2418
1560 2382
1565 2381
1544 2422
1543 2421
1542 2418
1369 3618
1370 3617
1351 3628
1354 3619
1561 2382
1564 2381
1544 2421
1543 2418
1562 2382
1564 2382
1544 2420
1543 2419
1563 2382
1368 3618
1371 3617
1351 3629
1354 3618
1562 2383
1564 2383
1544 2419
1563 2383
1564 2384
1559 2387
1558 2386
1545 2419
1367 3618
1368 3617
1372 3617
1350 3629
1354 3617
1563 2384
1559 2386
1545 2418
1563 2385
1560 2386
1546 2418
1548 2416
1563 2386
1561 2386
1565 2388
1367 3617
1372 3616
1355 3617
1354 3616
1546 2417
1548 2415
1562 2386
1561 2387
1564 2388
1546 2416
1547 2415
1545 2409
1562 2387
1561 2388
1367 3616
1373 3616
1354 3615
1563 2388
1546 2415
1546 2409
1562 2388
1546 2414
1546 2410
1366 3616
1373 3615
1354 3614
1559 2390
1562 2389
1545 2414
1546 2411
1560 2390
1562 2390
1374 3615
1353 3614
1544 2414
1545 2413
1546 2412
1561 2390
1544 2413
1545 2412
1561 2391
1560 2392
1541 2411
1544 2412
1561 2392
1375 3615
1352 3614
1353 3613
1560 2393
1559 2394
1543 2412
1542 2411
1544 2411
1561 2393
1560 2394
1562 2394
1543 2411
1561 2394
1375 3614
1351 3614
1352 3615
1543 2410
1561 2395
1543 2409
1544 2408
1561 2396
1561 2398
1543 2408
1561 2397
1543 2407
1544 2406
1376 3614
1350 3614
1352 3616
1556 2397
1560 2397
1543 2406
1554 2388
1557 2397
1559 2397
1542 2406
1554 2389
1376 3613
1350 3613
1556 2389
1558 2397
1541 2406
1555 2389
1556 2390
1558 2396
1376 3612
1349 3613
1541 2405
1555 2390
1558 2393
1558 2395
1541 2404
1555 2391
1554 2392
1375 3612
1376 3611
1349 3612
1557 2393
1557 2395
1550 2398
1549 2397
1542 2404
1555 2392
1556 2393
1374 3612
1377 3611
1348 3612
1349 3611
1557 2394
1550 2397
1542 2403
1555 2393
1556 2394
1551 2397
1542 2400
1542 2402
1373 3612
1377 3610
1347 3612
1348 3611
1541 2401
1555 2394
1552 2397
1543 2400
1542 2401
1555 2395
1552 2396
1373 3613
1378 3610
1377 3609
1346 3612
1347 3613
1543 2401
1554 2395
1553 2396
1553 2402
1544 2401
1554 2396
1553 2401
1378 3609
1376 3609
1345 3612
1346 3613
1346 3611
1552 2400
1547 2399
1546 2400
1545 2401
1554 2397
1553 2400
1547 2400
1546 2401
1345 3613
1346 3614
1346 3610
1554 2398
1553 2399
1548 2400
1546 2402
1554 2399
1548 2401
1547 2402
1555 2399
1548 2402
1346 3615
1345 3610
1346 3609
1555 2400
1549 2402
1556 2400
1555 2401
1549 2403
1556 2401
1550 2403
1556 2402
1551 2403
1346 3616
1344 3610
1345 3609
1556 2403
1557 2404
1552 2403
1556 2404
1552 2404
1551 2405
1555 2404
1552 2405
1345 3616
1346 3617
1343 3610
1344 3611
1344 3609
1345 3608
1551 2406
1554 2404
1552 2406
1551 2407
1554 2405
1553 2406
1551 2408
1558 2406
1557 2407
1556 2406
1344 3616
1345 3617
1342 3610
1343 3611
1345 3607
1554 2406
1551 2409
1558 2407
1555 2406
1554 2407
1552 2409
1559 2407
1555 2407
1553 2409
1560 2407
1344 3617
1346 3607
1344 3607
1555 2408
1553 2410
1562 2406
1561 2407
1555 2409
1554 2410
1562 2407
1565 2408
1555 2410
1563 2407
1564 2408
1344 3618
1346 3606
1343 3607
1556 2410
1553 2415
1563 2408
1557 2410
1556 2417
1554 2415
1563 2409
1557 2411
1343 3618
1344 3619
1346 3605
1342 3607
1343 3606
1557 2417
1556 2416
1555 2415
1563 2410
1564 2411
1557 2412
1557 2416
1555 2414
1342 3618
1343 3619
1345 3605
1342 3608
1342 3606
1563 2411
1563 2413
1564 2412
1557 2413
1557 2415
1556 2414
1563 2412
1557 2414
1341 3618
1343 3620
1345 3604
1341 3608
1341 3606
1562 2412
1558 2414
1561 2412
1559 2414
1561 2413
1561 2417
1559 2415
1561 2414
1341 3619
1341 3617
1342 3620
1343 3621
1344 3604
1345 3603
1340 3608
1341 3609
1561 2416
1560 2415
1561 2415
1365 3487
1366 3486
1418 3552
1420 3544
1421 3543
1340 3619
1341 3616
1343 3604
1345 3602
1340 3609
1340 3607
1442 3656
1442 3654
1426 3509
1425 3504
1424 3503
1423 3502
1414 3493
1413 3496
1413 3492
1339 3619
1342 3616
1341 3615
1343 3603
1346 3602
1340 3610
1339 3607
1410 3489
1355 3502
1356 3503
1355 3500
1356 3497
1357 3496
1374 3491
1373 3492
1362 3491
1363 3490
1369 3486
1460 3600
1465 3601
1469 3593
1339 3620
1339 3618
1342 3615
1341 3614
1342 3603
1467 3589
1465 3589
1417 3552
1418 3553
1419 3544
1426 3510
1425 3505
1423 3501
1410 3488
1356 3504
1339 3621
1343 3615
1341 3603
1342 3602
1354 3500
1357 3495
1375 3491
1370 3486
1369 3485
1420 3543
1422 3543
1454 3612
1338 3621
1339 3622
1340 3603
1341 3602
1342 3601
1487 3657
1486 3656
1459 3600
1460 3601
1467 3588
1465 3588
1426 3511
1426 3505
1424 3501
1423 3500
1340 3622
1339 3623
1340 3604
1341 3601
1343 3601
1342 3600
1409 3488
1410 3487
1355 3504
1353 3500
1358 3495
1356 3495
1357 3494
1376 3491
1339 3624
1340 3605
1340 3601
1342 3599
1375 3492
1375 3490
1371 3486
1369 3484
1455 3612
1454 3613
1416 3552
1419 3553
1340 3624
1338 3624
1340 3600
1341 3599
1419 3545
1419 3543
1427 3511
1425 3511
1427 3505
1425 3501
1411 3487
1341 3624
1337 3624
1340 3599
1354 3504
1352 3500
1359 3495
1355 3495
1357 3493
1376 3492
1376 3490
1375 3493
1342 3624
1336 3624
1337 3623
1339 3599
1375 3489
1372 3486
1370 3484
1454 3611
1483 3652
1410 3621
1414 3617
1343 3624
1342 3625
1335 3624
1336 3623
1337 3622
1339 3598
1458 3600
1460 3602
1425 3512
1428 3505
1412 3487
1344 3624
1334 3624
1339 3597
1411 3486
1353 3504
1352 3499
1360 3495
1359 3496
1354 3495
1358 3493
1344 3625
1344 3623
1339 3596
1376 3493
1377 3490
1374 3493
1371 3484
1370 3483
1345 3625
1338 3596
1339 3595
1468 3588
1416 3553
1416 3551
1418 3543
1345 3626
1337 3596
1340 3595
1455 3613
1455 3611
1424 3512
1425 3513
1346 3626
1337 3595
1341 3595
1429 3505
1428 3504
1411 3485
1353 3505
1347 3626
1337 3594
1342 3595
1341 3596
1352 3498
1360 3494
1376 3494
1378 3490
1370 3482
1454 3614
1347 3627
1347 3625
1337 3593
1342 3596
1342 3594
1341 3597
1416 3617
1415 3616
1453 3634
1452 3633
1455 3644
1416 3554
1425 3514
1347 3624
1336 3593
1337 3592
1343 3596
1342 3593
1430 3505
1428 3503
1412 3485
1353 3506
1360 3493
1377 3494
1348 3624
1335 3593
1336 3592
1344 3596
1341 3593
1342 3592
1376 3495
1378 3489
1370 3481
1420 3554
1419 3555
1417 3543
1457 3600
1460 3603
1349 3624
1334 3593
1336 3591
1345 3596
1344 3597
1425 3515
1430 3506
1430 3504
1413 3485
1361 3493
1360 3492
1378 3494
1379 3489
1378 3488
1369 3481
1333 3593
1334 3594
1335 3591
1346 3596
1345 3595
1456 3611
1453 3614
1454 3615
1453 3646
1452 3647
1449 3650
1425 3516
1431 3506
1414 3485
1334 3595
1334 3591
1335 3590
1346 3597
1346 3595
1345 3594
1413 3486
1361 3492
1360 3491
1380 3489
1378 3487
1368 3481
1441 3656
1456 3600
1415 3554
1416 3555
1335 3595
1333 3595
1334 3596
1333 3591
1334 3590
1346 3598
1347 3595
1345 3593
1420 3555
1461 3603
1457 3611
1426 3516
1425 3517
1432 3506
1335 3596
1332 3595
1332 3591
1334 3589
1347 3598
1346 3599
1347 3594
1345 3592
1415 3485
1359 3491
1380 3490
1378 3486
1367 3481
1455 3615
1332 3596
1332 3592
1332 3590
1334 3588
1347 3593
1345 3591
1442 3657
1480 3635
1394 3629
1395 3634
1455 3600
1456 3601
1332 3597
1334 3587
1345 3590
1424 3517
1432 3507
1416 3485
1415 3484
1359 3490
1379 3486
1377 3486
1367 3482
1456 3599
1332 3598
1334 3586
1346 3590
1344 3590
1345 3589
1417 3555
1416 3556
1461 3604
1458 3611
1456 3615
1398 3637
1424 3518
1433 3507
1331 3598
1347 3590
1346 3589
1344 3589
1417 3485
1415 3483
1358 3490
1380 3486
1379 3485
1377 3485
1366 3482
1409 3621
1410 3620
1454 3600
1331 3599
1348 3590
1346 3588
1343 3589
1344 3588
1456 3602
1456 3598
1461 3605
1458 3610
1417 3556
1415 3556
1456 3616
1423 3518
1331 3600
1349 3590
1347 3588
1424 3519
1434 3507
1433 3508
1418 3485
1415 3482
1358 3489
1380 3485
1377 3484
1365 3482
1331 3601
1349 3591
1349 3589
1348 3588
1416 3616
1415 3615
1454 3634
1451 3633
1454 3599
1457 3602
1455 3602
1462 3605
1460 3605
1461 3606
1457 3616
1456 3617
1331 3602
1348 3587
1455 3645
1422 3518
1433 3509
1418 3484
1416 3482
1415 3481
1358 3488
1376 3484
1377 3483
1364 3482
1365 3483
1453 3647
1415 3557
1454 3598
1454 3602
1332 3602
1331 3603
1348 3586
1455 3603
1463 3605
1459 3605
1460 3606
1458 3616
1457 3617
1455 3617
1414 3557
1421 3518
1434 3509
1419 3484
1418 3483
1333 3602
1330 3603
1349 3586
1347 3586
1417 3482
1416 3481
1358 3487
1375 3484
1376 3483
1378 3483
1377 3482
1363 3482
1365 3484
1415 3558
1452 3648
1450 3650
1333 3601
1329 3603
1330 3604
1349 3585
1347 3585
1442 3658
1454 3597
1455 3604
1464 3605
1460 3607
1458 3617
1455 3618
1408 3633
1472 3653
1421 3519
1435 3509
1329 3602
1330 3605
1350 3585
1349 3584
1346 3585
1420 3484
1419 3483
1417 3483
1418 3482
1359 3487
1357 3487
1358 3486
1374 3484
1376 3482
1328 3602
1329 3601
1329 3605
1330 3606
1351 3585
1349 3583
1346 3584
1363 3481
1454 3604
1414 3558
1416 3558
1455 3605
1465 3605
1464 3604
1455 3619
1471 3652
1447 3676
1328 3601
1329 3600
1328 3605
1331 3606
1350 3583
1349 3582
1346 3583
1408 3621
1435 3510
1435 3508
1419 3482
1360 3487
1356 3487
1358 3485
1374 3483
1453 3604
1455 3606
1465 3606
1456 3619
1327 3605
1328 3606
1328 3604
1351 3583
1345 3583
1346 3582
1454 3619
1413 3558
1414 3559
1417 3558
1410 3619
1436 3508
1420 3482
1361 3487
1355 3487
1358 3484
1374 3482
1326 3605
1352 3583
1344 3583
1453 3648
1451 3650
1453 3605
1453 3603
1456 3606
1454 3606
1466 3606
1465 3607
1437 3508
1436 3507
1421 3482
1420 3481
1361 3488
1355 3488
1326 3606
1353 3583
1343 3583
1358 3483
1373 3482
1456 3620
1454 3620
1443 3658
1441 3658
1381 3631
1482 3644
1414 3560
1408 3622
1452 3603
1325 3606
1326 3607
1354 3583
1353 3584
1343 3582
1454 3607
1467 3606
1466 3607
1438 3508
1421 3481
1420 3480
1354 3488
1359 3483
1358 3482
1373 3481
1464 3607
1453 3620
1324 3606
1355 3583
1342 3582
1454 3621
1410 3618
1454 3648
1452 3650
1451 3649
1443 3659
1453 3607
1415 3560
1413 3560
1439 3508
1438 3509
1323 3606
1324 3605
1355 3584
1355 3582
1341 3582
1342 3581
1421 3480
1419 3480
1354 3489
1360 3483
1358 3481
1372 3481
1454 3608
1467 3605
1466 3608
1454 3622
1322 3606
1323 3607
1324 3604
1356 3582
1341 3583
1341 3581
1342 3580
1441 3659
1480 3642
1478 3642
1474 3642
1389 3631
1466 3609
1453 3622
1390 3630
1414 3630
1407 3622
1440 3508
1438 3510
1422 3480
1419 3479
1322 3605
1357 3582
1341 3584
1340 3581
1354 3490
1360 3484
1357 3481
1372 3480
1409 3618
1453 3650
1415 3561
1412 3560
1466 3610
1452 3622
1453 3623
1444 3659
1440 3659
1441 3660
1438 3511
1422 3479
1418 3479
1322 3604
1358 3582
1357 3583
1340 3584
1341 3585
1339 3581
1353 3490
1356 3481
1371 3480
1477 3649
1394 3634
1395 3635
1398 3638
1466 3611
1451 3622
1453 3624
1406 3622
1439 3511
1422 3478
1417 3479
1321 3604
1359 3582
1358 3581
1357 3584
1339 3584
1342 3585
1341 3586
1338 3581
1339 3580
1352 3490
1353 3491
1355 3481
1356 3482
1371 3479
1408 3618
1416 3561
1454 3650
1453 3651
1445 3659
1439 3659
1467 3611
1450 3622
1440 3511
1320 3604
1359 3583
1358 3580
1357 3585
1340 3586
1338 3580
1339 3579
1423 3478
1421 3478
1416 3479
1351 3490
1353 3492
1355 3480
1371 3478
1454 3624
1452 3624
1319 3604
1360 3583
1359 3580
1358 3579
1358 3585
1339 3586
1340 3587
1338 3579
1339 3578
1440 3660
1441 3661
1408 3634
1473 3653
1471 3651
1406 3623
1406 3621
1440 3512
1424 3478
1421 3477
1318 3604
1360 3580
1359 3579
1357 3579
1358 3578
1359 3585
1358 3586
1340 3578
1351 3489
1355 3479
1372 3478
1371 3477
1417 3561
1468 3611
1449 3622
1455 3624
1454 3625
1455 3650
1446 3659
1441 3662
1440 3513
1318 3605
1318 3603
1361 3580
1356 3579
1357 3578
1359 3586
1341 3578
1420 3477
1421 3476
1350 3489
1351 3488
1354 3479
1355 3478
1373 3478
1371 3476
1446 3676
1476 3646
1447 3669
1406 3624
1469 3611
1468 3612
1317 3605
1317 3603
1318 3602
1361 3581
1361 3579
1355 3579
1356 3578
1360 3586
1359 3587
1418 3561
1417 3562
1439 3513
1440 3514
1419 3477
1422 3476
1421 3475
1350 3488
1352 3488
1351 3487
1353 3479
1354 3478
1356 3478
1373 3479
1316 3603
1319 3602
1362 3579
1361 3578
1354 3579
1359 3588
1371 3475
1448 3622
1456 3624
1406 3620
1456 3650
1455 3649
1446 3660
1442 3662
1441 3663
1378 3632
1441 3514
1418 3477
1422 3475
1421 3474
1351 3486
1315 3603
1316 3602
1319 3601
1362 3578
1361 3577
1353 3579
1354 3578
1354 3477
1357 3478
1374 3479
1370 3475
1379 3633
1469 3612
1469 3610
1447 3622
1419 3561
1417 3563
1442 3514
1418 3476
1314 3603
1316 3601
1319 3600
1363 3578
1352 3579
1423 3475
1421 3473
1352 3486
1351 3485
1354 3476
1357 3479
1369 3475
1370 3474
1456 3623
1484 3646
1484 3642
1405 3624
1407 3620
1314 3602
1316 3600
1319 3599
1363 3577
1351 3579
1442 3515
1442 3513
1417 3476
1424 3475
1421 3472
1350 3485
1351 3484
1355 3476
1353 3476
1354 3475
1368 3475
1369 3476
1470 3612
1314 3601
1315 3600
1316 3599
1319 3598
1364 3577
1363 3576
1350 3579
1469 3613
1470 3610
1446 3622
1447 3621
1457 3623
1406 3619
1443 3515
1442 3516
1443 3513
1416 3476
1316 3598
1320 3598
1318 3598
1365 3577
1363 3575
1350 3578
1417 3475
1422 3472
1349 3485
1350 3484
1356 3476
1352 3476
1353 3475
1354 3474
1367 3475
1420 3561
1315 3598
1321 3598
1364 3575
1363 3574
1350 3577
1419 3560
1417 3564
1457 3650
1447 3660
1482 3640
1469 3614
1470 3609
1446 3623
1442 3517
1444 3513
1422 3471
1349 3486
1350 3483
1314 3598
1322 3598
1321 3597
1363 3573
1349 3577
1350 3576
1356 3475
1366 3475
1367 3474
1447 3620
1458 3623
1457 3622
1480 3654
1486 3648
1404 3624
1469 3615
1470 3608
1441 3517
1442 3518
1313 3598
1314 3599
1314 3597
1321 3596
1362 3573
1363 3572
1349 3576
1351 3576
1350 3575
1445 3513
1349 3483
1356 3474
1365 3475
1367 3473
1446 3624
1416 3564
1417 3565
1448 3620
1447 3619
1459 3623
1312 3598
1314 3596
1321 3595
1361 3573
1362 3572
1364 3572
1363 3571
1349 3575
1350 3574
1458 3624
1406 3618
1440 3517
1443 3518
1442 3519
1349 3482
1357 3474
1356 3473
1364 3475
1367 3472
1457 3651
1447 3661
1312 3597
1315 3596
1314 3595
1321 3594
1365 3572
1363 3570
1349 3574
1351 3574
1394 3635
1470 3615
1471 3608
1415 3564
1417 3566
1439 3517
1443 3519
1348 3482
1349 3481
1355 3473
1364 3474
1311 3597
1316 3596
1313 3595
1321 3593
1364 3570
1363 3569
1349 3573
1352 3574
1351 3573
1368 3472
1470 3607
1446 3625
1448 3619
1447 3618
1460 3623
1459 3624
1438 3517
1439 3518
1444 3519
1310 3597
1312 3595
1321 3592
1364 3569
1349 3572
1352 3573
1347 3482
1349 3480
1364 3473
1369 3472
1368 3471
1459 3622
1458 3625
1396 3635
1399 3638
1409 3634
1415 3565
1309 3597
1310 3596
1311 3595
1321 3591
1364 3568
1350 3572
1348 3572
1349 3571
1417 3567
1408 3635
1437 3517
1438 3518
1438 3516
1439 3519
1444 3520
1346 3482
1349 3479
1363 3473
1310 3595
1320 3591
1365 3568
1364 3567
1347 3572
1364 3472
1370 3472
1403 3624
1471 3615
1470 3616
1472 3608
1470 3606
1446 3626
1436 3517
1445 3520
1345 3482
1362 3473
1371 3472
1309 3595
1319 3591
1363 3567
1364 3566
1346 3572
1347 3573
1347 3571
1370 3471
1448 3618
1446 3618
1461 3623
1460 3624
1460 3622
1414 3565
1436 3518
1436 3516
1446 3520
1344 3482
1345 3483
1345 3481
1361 3473
1362 3472
1308 3595
1319 3592
1362 3567
1363 3566
1365 3566
1364 3565
1347 3574
1347 3570
1371 3473
1370 3470
1415 3566
1417 3568
1459 3621
1404 3623
1406 3617
1435 3518
1435 3516
1436 3515
1447 3520
1344 3483
1345 3480
1360 3473
1362 3471
1370 3469
1457 3652
1447 3662
1472 3615
1307 3595
1308 3596
1308 3594
1318 3592
1361 3567
1364 3564
1347 3575
1347 3569
1471 3616
1471 3614
1472 3609
1472 3607
1434 3518
1435 3519
1434 3516
1447 3519
1343 3483
1344 3480
1345 3479
1360 3474
1360 3472
1369 3469
1370 3468
1469 3606
1447 3626
1445 3626
1414 3566
1417 3569
1446 3627
1445 3618
1306 3595
1307 3596
1317 3592
1318 3593
1360 3567
1361 3568
1361 3566
1365 3564
1347 3568
1462 3623
1433 3518
1434 3517
1435 3520
1433 3516
1434 3515
1447 3518
1342 3483
1344 3479
1346 3479
1359 3472
1360 3471
1369 3468
1371 3468
1461 3624
1459 3620
1474 3653
1473 3652
1471 3650
1446 3675
1472 3614
1471 3617
1432 3518
1436 3520
1306 3596
1306 3594
1316 3592
1318 3594
1361 3565
1366 3564
1365 3563
1347 3567
1435 3521
1432 3516
1433 3515
1341 3483
1347 3479
1346 3478
1359 3471
1369 3467
1372 3468
1472 3610
1413 3566
1414 3567
1417 3570
1472 3606
1446 3628
1435 3522
1431 3516
1341 3484
1341 3482
1347 3478
1369 3466
1444 3618
1305 3596
1306 3597
1305 3594
1306 3593
1316 3593
1316 3591
1360 3565
1367 3564
1366 3565
1365 3562
1347 3566
1463 3623
1462 3622
1460 3620
1485 3649
1388 3631
1403 3623
1436 3522
1434 3522
1430 3516
1341 3485
1340 3482
1348 3478
1368 3466
1369 3465
1412 3566
1414 3568
1417 3571
1404 3622
1407 3617
1473 3614
1304 3596
1305 3597
1304 3594
1307 3593
1315 3591
1359 3565
1368 3564
1366 3562
1364 3562
1365 3561
1348 3566
1346 3566
1471 3618
1473 3610
1473 3606
1437 3522
1436 3523
1434 3523
1430 3515
1342 3485
1341 3486
1339 3482
1340 3481
1348 3477
1367 3466
1368 3465
1370 3465
1472 3605
1412 3567
1413 3568
1305 3598
1358 3565
1369 3564
1366 3561
1363 3562
1365 3560
1349 3566
1346 3565
1418 3571
1417 3572
1436 3524
1429 3515
1343 3485
1342 3486
1340 3486
1338 3482
1339 3481
1340 3480
1368 3464
1370 3464
1447 3628
1445 3628
1443 3618
1464 3623
1462 3621
1460 3619
1437 3524
1436 3525
1428 3515
1343 3486
1340 3487
1337 3482
1339 3480
1341 3480
1367 3464
1304 3598
1358 3566
1370 3564
1367 3561
1363 3561
1365 3559
1350 3566
1412 3568
1419 3571
1416 3572
1406 3616
1458 3652
1456 3652
1447 3663
1474 3614
1470 3618
1438 3524
1436 3526
1343 3487
1339 3487
1340 3488
1336 3482
1357 3566
1371 3564
1370 3565
1370 3563
1363 3560
1366 3559
1351 3566
1341 3479
1366 3464
1473 3611
1471 3605
1472 3604
1448 3628
1444 3628
1412 3569
1420 3571
1415 3572
1438 3523
1436 3527
1344 3487
1341 3488
1340 3489
1335 3482
1336 3483
1366 3463
1372 3564
1370 3566
1370 3562
1362 3560
1351 3567
1445 3629
1443 3617
1465 3623
1464 3624
1464 3622
1462 3620
1389 3630
1411 3569
1412 3570
1421 3571
1414 3572
1437 3527
1435 3527
1436 3528
1345 3487
1340 3490
1334 3482
1366 3462
1415 3573
1390 3629
1415 3630
1370 3567
1371 3562
1361 3560
1352 3567
1351 3568
1477 3646
1475 3614
1470 3619
1472 3603
1448 3629
1412 3571
1434 3527
1436 3529
1346 3487
1345 3486
1340 3491
1334 3483
1366 3461
1422 3571
1415 3574
1443 3628
1442 3617
1443 3616
1466 3623
1463 3620
1462 3619
1437 3529
1436 3530
1371 3567
1372 3562
1361 3559
1353 3567
1350 3568
1341 3491
1340 3492
1333 3483
1365 3461
1485 3639
1411 3571
1412 3572
1423 3571
1415 3575
1483 3637
1483 3656
1402 3623
1476 3614
1475 3613
1470 3620
1438 3529
1436 3531
1342 3491
1341 3492
1339 3492
1332 3483
1333 3484
1364 3461
1473 3603
1471 3603
1449 3629
1411 3572
1371 3568
1372 3561
1360 3559
1361 3558
1353 3566
1424 3571
1423 3572
1416 3575
1442 3628
1441 3617
1444 3616
1466 3624
1464 3620
1411 3573
1439 3529
1438 3528
1341 3493
1339 3493
1363 3461
1364 3462
1364 3460
1424 3570
1423 3573
1417 3575
1416 3576
1462 3618
1404 3621
1406 3615
1459 3652
1411 3574
1372 3568
1371 3569
1372 3560
1359 3559
1360 3558
1425 3570
1424 3573
1422 3573
1423 3574
1417 3576
1417 3574
1439 3530
1338 3493
1362 3461
400 3039
1364 3459
1416 3577
1456 3653
1477 3614
1474 3603
1470 3603
1412 3574
1371 3570
1372 3559
1359 3560
1359 3558
1411 3575
1425 3569
1422 3574
1423 3575
1416 3578
1471 3602
1450 3629
1449 3630
1442 3629
1441 3616
1445 3616
1413 3574
1440 3530
1439 3531
1338 3494
1361 3461
1370 3570
1371 3571
1373 3559
1359 3561
1359 3557
1362 3462
1365 3459
1363 3459
1412 3575
1410 3575
1426 3569
1417 3578
1467 3624
1465 3620
1447 3664
1393 3635
1410 3634
1409 3575
1426 3568
1418 3578
1473 3651
1441 3530
1370 3571
1373 3558
1358 3561
1358 3557
1440 3531
1439 3532
1337 3494
1361 3460
1365 3458
1470 3650
1446 3674
1477 3615
1408 3575
1427 3568
1419 3578
1418 3579
1474 3602
1470 3604
1471 3601
1450 3628
1449 3631
1370 3572
1373 3557
1357 3557
1358 3556
1408 3576
1442 3530
1336 3494
1366 3458
1365 3457
1408 3574
1428 3568
1419 3577
1441 3629
1441 3615
1467 3625
1466 3620
1465 3619
1482 3657
1380 3631
1407 3576
1408 3577
1407 3574
1443 3530
1336 3495
1369 3572
1370 3573
1373 3556
1357 3558
1358 3555
1364 3457
1408 3573
1429 3568
1428 3569
1420 3577
1401 3623
1402 3622
1405 3615
1475 3602
1472 3601
1450 3631
1448 3631
1441 3630
1444 3530
1335 3495
1336 3496
1363 3457
1371 3573
1372 3556
1373 3555
1357 3559
1357 3555
1364 3456
1440 3615
1408 3578
1406 3574
1409 3573
1430 3568
1429 3569
1428 3570
1420 3576
1467 3620
1460 3652
1455 3653
1456 3654
1374 3555
1373 3554
1356 3559
1356 3555
1445 3530
1334 3495
1337 3496
1336 3497
1363 3456
1448 3664
1483 3644
1476 3602
1475 3601
1405 3574
1406 3575
1406 3573
1409 3572
1375 3555
1372 3554
1373 3553
1355 3559
1429 3570
1427 3570
1421 3576
1420 3575
1473 3601
1472 3600
1448 3632
1446 3530
1445 3529
1333 3495
1334 3496
1334 3494
1376 3555
1375 3556
1373 3552
1355 3560
1338 3496
1335 3497
1336 3498
1363 3455
1441 3631
1468 3620
1482 3643
1480 3641
1478 3641
1476 3603
1476 3601
1406 3572
1409 3571
1377 3555
1376 3554
1375 3557
1372 3552
1373 3551
1355 3561
1447 3530
1332 3495
1338 3497
1335 3498
1363 3454
1429 3571
1422 3576
1421 3575
1420 3574
1472 3599
1447 3632
1442 3631
1440 3631
1378 3555
1376 3553
1375 3558
1371 3552
1356 3561
1355 3562
1400 3623
1402 3621
1404 3615
1448 3530
1331 3495
1332 3496
1339 3497
1338 3498
1364 3454
1362 3454
1461 3652
1406 3571
1379 3555
1378 3554
1375 3553
1370 3552
1371 3553
1356 3562
1408 3571
1430 3571
1477 3603
1476 3604
1443 3631
1439 3631
1460 3653
1460 3651
1406 3570
1448 3531
1332 3497
1380 3555
1369 3552
1339 3498
1362 3453
1431 3571
1454 3653
1448 3665
1475 3604
1476 3605
1438 3631
1439 3630
1448 3532
1333 3497
1339 3499
1362 3452
1381 3555
1380 3554
1368 3552
1369 3553
1369 3551
1405 3570
1432 3571
1431 3572
1387 3631
1389 3629
1415 3631
1392 3635
1477 3605
1437 3631
1382 3555
1381 3556
1381 3554
1367 3552
1369 3554
1449 3532
1448 3533
1333 3498
1339 3500
1361 3452
1438 3632
1400 3624
1400 3622
1382 3554
1381 3557
1381 3553
1367 3551
1368 3554
1369 3555
1404 3570
1433 3571
1432 3572
1432 3570
1403 3615
1450 3532
1340 3500
1338 3500
1339 3501
1404 3614
1460 3654
1382 3553
1381 3558
1368 3555
1370 3555
1369 3556
1477 3606
1436 3631
1438 3633
1460 3650
1453 3653
1449 3665
1451 3532
1450 3533
1341 3500
1383 3553
1380 3558
1367 3555
1368 3556
1340 3501
1411 3634
1473 3650
1404 3571
1404 3569
1433 3572
1433 3570
1432 3569
1445 3674
1415 3629
1400 3625
1383 3552
1379 3558
1380 3559
1366 3555
1477 3607
1435 3631
1451 3531
1450 3534
1342 3500
1340 3502
1400 3621
1460 3655
1460 3649
1403 3571
1404 3568
1384 3552
1383 3551
1379 3559
1434 3572
1433 3573
1450 3665
1477 3645
1488 3654
1452 3531
1451 3534
1450 3535
1342 3501
1342 3499
1385 3552
1383 3550
1340 3503
1480 3655
1490 3655
1478 3607
967 3673
967 3672
968 3672
967 3671
969 3672
967 3670
969 3673
967 3669
966 3669
967 3668
965 3669
966 3668
964 3669
964 3668
964 3667
964 3666
964 3665
965 3665
964 3664
966 3665
965 3664
964 3663
967 3665
963 3663
967 3664
967 3663
968 3663
966 3663
966 3662
966 3661
967 3661
965 3661
967 3660
964 3661
963 3661
963 3660
962 3660
963 3659
962 3659
964 3659
963 3658
961 3659
965 3659
964 3658
963 3657
960 3659
961 3658
963 3656
959 3659
964 3656
959 3660
959 3658
964 3655
958 3660
959 3661
958 3658
959 3657
965 3655
959 3662
957 3658
958 3657
960 3657
959 3656
966 3655
965 3654
959 3663
958 3656
967 3655
966 3654
959 3664
957 3656
967 3654
958 3664
956 3656
968 3654
967 3653
957 3664
955 3656
969 3654
956 3664
954 3656
969 3655
955 3664
954 3657
954 3655
970 3655
969 3656
955 3663
953 3655
954 3654
955 3662
952 3655
954 3653
954 3662
951 3655
955 3653
954 3652
953 3662
951 3656
951 3654
956 3653
954 3651
952 3662
951 3657
955 3651
954 3650
951 3662
955 3650
950 3662
951 3663
955 3649
949 3662
950 3663
955 3648
949 3661
950 3664
955 3647
948 3661
949 3660
949 3664
950 3665
956 3647
954 3647
955 3646
950 3660
956 3646
953 3647
951 3660
952 3647
953 3646
952 3660
951 3659
951 3647
952 3648
952 3646
952 3659
951 3648
952 3645
952 3658
950 3648
952 3644
949 3648
953 3644
948 3648
949 3649
954 3644
947 3648
949 3650
955 3644
946 3648
950 3650
956 3644
945 3648
957 3644
944 3648
1299 3328
943 3648
1298 3326
1298 3328
943 3647
1298 3327
1294 3326
943 3646
1297 3327
1295 3326
1296 3327
944 3646
942 3646
1295 3327
958 3644
958 3645
958 3643
959 3645
958 3642
960 3645
957 3642
958 3641
960 3646
960 3644
958 3640
961 3646
961 3644
958 3639
962 3646
958 3638
959 3638
959 3637
959 3636
960 3636
959 3635
961 3636
959 3634
962 3636
961 3637
960 3634
958 3634
959 3633
963 3636
962 3637
960 3633
957 3634
959 3632
963 3637
962 3638
956 3634
957 3633
959 3631
964 3637
955 3634
957 3632
958 3631
954 3634
955 3635
956 3632
957 3631
953 3634
955 3636
957 3630
953 3635
953 3633
952 3635
953 3632
952 3636
952 3632
953 3631
951 3636
951 3632
953 3630
950 3632
953 3629
950 3631
954 3629
949 3631
950 3630
955 3629
954 3628
948 3631
949 3630
955 3628
954 3627
947 3631
948 3630
953 3627
954 3626
947 3632
948 3629
955 3626
946 3632
948 3628
956 3626
945 3632
949 3628
948 3627
957 3626
956 3627
944 3632
957 3627
943 3632
944 3633
944 3631
958 3627
943 3631
944 3630
959 3627
942 3631
945 3630
960 3627
959 3626
942 3630
961 3627
960 3626
941 3630
942 3629
960 3625
940 3630
942 3628
960 3624
940 3631
940 3629
942 3627
961 3624
959 3624
940 3632
939 3629
943 3627
942 3626
962 3624
961 3623
959 3623
940 3633
938 3629
942 3625
962 3623
961 3622
959 3622
939 3633
940 3634
937 3629
943 3625
962 3622
958 3622
939 3634
940 3635
937 3628
943 3624
963 3622
958 3621
938 3634
941 3635
940 3636
936 3628
943 3623
964 3622
963 3621
957 3621
958 3620
937 3634
942 3635
935 3628
943 3622
964 3623
963 3620
956 3621
958 3619
937 3635
937 3633
942 3636
934 3628
935 3627
944 3622
942 3622
965 3623
964 3620
962 3620
955 3621
956 3620
959 3619
937 3632
943 3636
933 3628
934 3627
935 3626
945 3622
944 3621
965 3624
965 3620
964 3619
962 3619
954 3621
955 3622
956 3619
960 3619
943 3637
932 3628
933 3629
934 3626
935 3625
945 3623
944 3620
966 3620
965 3619
961 3619
962 3618
954 3622
954 3620
955 3623
960 3618
944 3637
931 3628
932 3629
932 3627
933 3630
935 3624
965 3618
962 3617
954 3623
956 3623
945 3637
930 3628
932 3630
934 3624
935 3623
962 3616
956 3624
945 3638
945 3636
930 3627
934 3623
936 3623
961 3616
962 3615
945 3639
946 3636
930 3626
933 3623
963 3615
962 3614
946 3639
931 3626
929 3626
932 3623
933 3622
964 3615
962 3613
946 3640
928 3626
931 3623
933 3621
964 3616
963 3613
962 3612
946 3641
927 3626
931 3624
931 3622
932 3621
964 3617
961 3612
962 3611
947 3641
926 3626
927 3627
930 3622
932 3620
960 3612
947 3642
926 3627
959 3612
926 3628
958 3612
925 3628
957 3612
958 3613
958 3611
924 3628
925 3629
956 3612
957 3611
923 3628
924 3627
925 3630
956 3613
956 3611
922 3628
923 3629
924 3626
924 3630
956 3614
955 3611
956 3610
921 3628
924 3625
924 3631
955 3614
921 3627
923 3625
924 3624
923 3631
955 3615
920 3627
922 3625
925 3624
924 3623
923 3632
955 3616
919 3627
920 3626
921 3625
925 3623
923 3623
924 3622
922 3632
923 3633
919 3628
926 3623
923 3622
924 3621
923 3634
919 3629
926 3622
922 3634
923 3635
920 3629
919 3630
927 3622
921 3634
924 3635
923 3636
918 3630
919 3631
920 3634
922 3636
918 3631
921 3636
917 3631
921 3637
917 3632
921 3638
916 3632
917 3633
920 3638
916 3633
918 3633
919 3638
915 3633
919 3639
919 3637
914 3633
918 3637
914 3634
917 3637
913 3634
914 3635
917 3638
917 3636
912 3634
913 3635
915 3635
916 3638
911 3634
913 3636
916 3639
911 3635
911 3633
913 3637
915 3639
910 3635
910 3633
913 3638
910 3632
912 3638
909 3632
911 3638
912 3639
908 3632
911 3637
912 3640
907 3632
908 3631
913 3640
911 3640
912 3641
906 3632
908 3630
910 3640
906 3631
909 3630
909 3640
905 3631
910 3630
909 3629
908 3640
904 3631
911 3630
909 3628
907 3640
904 3632
911 3629
909 3627
906 3640
907 3641
907 3639
903 3632
912 3629
908 3627
907 3638
902 3632
908 3626
901 3632
902 3633
902 3631
907 3626
901 3631
902 3634
906 3626
900 3631
903 3634
902 3635
906 3625
899 3631
901 3635
902 3636
905 3625
898 3631
901 3636
904 3625
897 3631
898 3630
901 3637
903 3625
904 3626
897 3632
897 3630
901 3638
902 3625
904 3627
896 3632
902 3638
900 3638
901 3639
901 3625
905 3627
903 3627
1750 1687
903 3638
899 3638
901 3640
900 3625
901 3624
902 3627
903 3628
903 3639
898 3638
901 3623
903 3629
904 3639
898 3639
898 3637
902 3623
901 3622
904 3629
897 3639
903 3623
902 3622
901 3621
905 3629
896 3639
903 3622
901 3620
895 3639
903 3621
900 3620
895 3638
904 3621
899 3620
894 3638
905 3621
904 3620
899 3619
893 3638
905 3622
905 3620
904 3619
899 3618
892 3638
906 3620
904 3618
900 3618
898 3618
899 3617
892 3639
892 3637
907 3620
906 3619
904 3617
898 3617
899 3616
892 3640
892 3636
908 3620
907 3621
905 3617
903 3617
897 3617
899 3615
893 3640
892 3641
893 3636
909 3620
905 3616
903 3616
896 3617
900 3615
892 3642
893 3635
909 3621
905 3615
895 3617
900 3614
893 3642
891 3642
894 3635
893 3634
909 3622
906 3615
905 3614
894 3617
895 3616
900 3613
894 3642
891 3643
893 3633
908 3622
906 3614
893 3617
894 3616
895 3615
900 3612
890 3643
908 3623
906 3613
892 3617
900 3611
889 3643
891 3617
892 3618
900 3610
888 3643
889 3642
890 3617
901 3610
900 3609
888 3642
889 3641
889 3617
890 3618
902 3610
900 3608
887 3642
889 3618
890 3619
902 3609
899 3608
900 3607
886 3642
888 3618
889 3619
891 3619
890 3620
903 3609
899 3607
900 3606
885 3642
888 3619
889 3620
890 3621
904 3609
900 3605
885 3643
887 3619
890 3622
905 3609
904 3608
899 3605
900 3604
885 3644
890 3623
906 3609
905 3610
904 3607
898 3605
899 3604
886 3644
885 3645
890 3624
907 3609
905 3611
904 3606
897 3605
899 3603
887 3644
885 3646
891 3624
908 3609
905 3612
905 3606
896 3605
897 3606
899 3602
886 3646
884 3646
891 3625
909 3609
908 3610
904 3612
906 3606
896 3604
898 3602
884 3647
891 3626
910 3609
908 3611
904 3613
907 3606
896 3603
897 3602
883 3647
911 3609
909 3611
908 3612
903 3613
908 3606
907 3607
897 3601
882 3647
912 3609
911 3608
910 3611
908 3613
909 3606
908 3607
897 3600
881 3647
882 3648
882 3646
913 3609
911 3607
908 3614
896 3600
897 3599
880 3647
881 3648
914 3609
913 3608
911 3606
895 3600
898 3599
897 3598
879 3647
881 3649
915 3609
913 3607
912 3606
894 3600
899 3599
898 3598
878 3647
879 3648
879 3646
881 3650
915 3610
914 3607
894 3599
899 3600
899 3598
877 3647
878 3646
879 3649
879 3645
880 3650
916 3610
914 3606
893 3599
900 3600
877 3648
878 3649
879 3650
879 3644
917 3610
915 3606
892 3599
893 3598
901 3600
876 3648
878 3650
878 3644
918 3610
891 3599
902 3600
901 3601
875 3648
878 3651
919 3610
890 3599
891 3600
903 3600
901 3602
875 3649
875 3647
877 3651
878 3652
919 3611
919 3609
890 3598
891 3601
904 3600
903 3601
875 3650
919 3612
920 3609
919 3608
890 3597
890 3601
904 3601
904 3599
875 3651
920 3612
918 3612
921 3609
918 3608
919 3607
890 3596
890 3602
905 3601
904 3598
874 3651
875 3652
917 3612
922 3609
918 3607
891 3596
890 3595
890 3603
906 3601
903 3598
873 3651
875 3653
917 3613
922 3608
892 3596
889 3595
890 3594
891 3603
890 3604
907 3601
906 3600
902 3598
903 3597
873 3652
876 3653
875 3654
916 3613
917 3614
922 3607
888 3595
891 3594
890 3593
891 3604
889 3604
890 3605
908 3601
907 3602
872 3652
876 3654
918 3614
923 3607
922 3606
887 3595
888 3594
892 3594
890 3592
888 3604
889 3605
890 3606
909 3601
871 3652
876 3655
919 3614
923 3606
886 3595
887 3596
887 3594
890 3591
887 3604
889 3606
909 3602
909 3600
870 3652
871 3653
877 3655
919 3615
923 3605
885 3595
886 3594
887 3593
889 3591
886 3604
889 3607
909 3599
870 3651
871 3654
877 3656
920 3615
924 3605
888 3591
886 3605
889 3608
869 3651
870 3650
872 3654
870 3654
877 3657
920 3616
888 3590
886 3606
890 3608
888 3608
868 3651
870 3649
873 3654
869 3654
878 3657
876 3657
920 3617
888 3589
888 3609
867 3651
870 3648
879 3657
878 3658
921 3617
919 3617
888 3588
887 3609
888 3610
866 3651
869 3648
880 3657
921 3618
889 3588
888 3587
886 3609
887 3610
869 3647
881 3657
921 3619
890 3588
889 3587
887 3587
888 3586
886 3610
869 3646
882 3657
922 3619
891 3588
890 3587
888 3585
886 3611
868 3646
869 3645
883 3657
882 3658
882 3656
923 3619
892 3588
891 3589
889 3585
888 3584
886 3612
868 3645
870 3645
869 3644
882 3659
882 3655
923 3618
892 3589
891 3590
889 3584
887 3584
885 3612
867 3645
868 3644
871 3645
870 3644
869 3643
883 3659
881 3659
924 3618
893 3589
889 3583
884 3612
885 3613
866 3645
872 3645
870 3643
884 3659
883 3660
881 3660
925 3618
894 3589
889 3582
883 3612
866 3646
866 3644
872 3646
872 3644
885 3659
884 3660
884 3658
883 3661
925 3619
925 3617
895 3589
894 3588
882 3612
866 3647
866 3643
882 3661
926 3619
926 3617
925 3616
896 3589
881 3612
866 3642
927 3619
927 3617
924 3616
897 3589
896 3588
880 3612
881 3613
866 3641
928 3617
924 3615
898 3589
897 3588
879 3612
880 3613
880 3611
881 3614
866 3640
929 3617
924 3614
899 3589
880 3614
880 3610
881 3615
867 3640
865 3640
930 3617
929 3618
924 3613
900 3589
879 3610
880 3609
882 3615
881 3616
868 3640
864 3640
930 3616
929 3619
878 3610
880 3608
880 3616
864 3639
930 3615
877 3610
881 3608
880 3607
879 3616
864 3638
930 3614
876 3610
880 3606
878 3616
864 3637
930 3613
875 3610
881 3606
878 3617
878 3615
865 3637
863 3637
930 3612
881 3605
877 3615
865 3636
862 3637
931 3612
881 3604
876 3615
877 3614
861 3637
862 3636
932 3612
882 3604
876 3616
860 3637
932 3613
932 3611
883 3604
875 3616
876 3617
860 3638
860 3636
933 3613
932 3610
874 3616
860 3639
859 3636
934 3613
932 3609
873 3616
874 3617
861 3639
859 3635
934 3614
934 3612
932 3608
872 3616
874 3618
861 3640
858 3635
859 3634
934 3615
933 3608
931 3608
872 3615
857 3635
860 3634
935 3615
933 3607
871 3615
856 3635
936 3615
935 3616
934 3607
870 3615
871 3614
856 3636
936 3616
935 3617
934 3606
869 3615
855 3636
937 3616
935 3606
869 3614
854 3636
936 3606
935 3605
869 3613
853 3636
936 3607
935 3604
869 3612
853 3637
853 3635
937 3607
935 3603
868 3612
852 3637
934 3603
935 3602
868 3611
851 3637
852 3638
933 3603
935 3601
868 3610
850 3637
932 3603
935 3600
867 3610
849 3637
931 3603
934 3600
935 3599
866 3610
849 3638
849 3636
933 3600
934 3599
936 3599
865 3610
866 3609
848 3638
849 3635
932 3600
934 3598
936 3598
865 3611
866 3608
850 3635
849 3634
933 3598
934 3597
936 3597
865 3608
850 3634
848 3634
849 3633
932 3598
935 3597
865 3607
851 3634
847 3634
931 3598
865 3606
852 3634
846 3634
930 3598
866 3606
864 3606
852 3633
845 3634
846 3635
929 3598
930 3599
866 3605
863 3606
852 3632
845 3635
928 3598
929 3599
866 3604
862 3606
863 3605
851 3632
844 3635
845 3636
928 3597
867 3604
866 3603
862 3607
863 3604
851 3631
843 3635
845 3637
927 3597
867 3603
866 3602
861 3607
864 3604
863 3603
851 3630
842 3635
843 3636
844 3637
845 3638
926 3597
927 3596
860 3607
863 3602
852 3630
851 3629
841 3635
842 3636
842 3634
845 3639
926 3598
927 3595
859 3607
862 3602
863 3601
853 3630
841 3634
844 3639
926 3599
927 3594
858 3607
859 3608
861 3602
863 3600
854 3630
853 3629
840 3634
843 3639
926 3600
928 3594
926 3594
857 3607
858 3606
859 3609
861 3603
861 3601
864 3600
862 3600
839 3634
843 3640
926 3601
929 3594
925 3594
857 3608
860 3609
858 3609
865 3600
862 3599
838 3634
843 3641
927 3601
929 3593
925 3593
858 3610
865 3601
865 3599
837 3634
838 3635
843 3642
928 3601
929 3592
924 3593
925 3592
865 3598
836 3634
837 3635
837 3633
843 3643
930 3592
923 3593
866 3598
865 3597
835 3634
837 3636
837 3632
842 3643
843 3644
931 3592
922 3593
923 3594
867 3598
866 3597
865 3596
836 3636
837 3637
838 3632
836 3632
837 3631
841 3643
844 3644
843 3645
931 3593
931 3591
921 3593
922 3592
923 3595
867 3599
866 3596
864 3596
839 3632
838 3631
836 3631
841 3642
845 3644
842 3645
843 3646
931 3594
932 3591
920 3593
921 3594
924 3595
922 3595
868 3599
866 3595
863 3596
838 3630
840 3642
841 3641
846 3644
845 3645
932 3590
919 3593
920 3594
920 3592
869 3599
867 3595
866 3594
862 3596
838 3629
847 3644
846 3645
932 3589
920 3595
869 3600
865 3594
861 3596
837 3629
848 3644
846 3646
931 3589
932 3588
920 3596
869 3601
860 3596
837 3628
846 3647
932 3587
921 3596
919 3596
870 3601
868 3601
860 3597
836 3628
837 3627
845 3647
846 3648
933 3587
931 3587
918 3596
870 3602
859 3597
835 3628
836 3627
837 3626
846 3649
934 3587
933 3586
931 3586
917 3596
918 3597
870 3603
858 3597
859 3598
835 3629
836 3626
838 3626
837 3625
847 3649
846 3650
934 3588
934 3586
930 3586
917 3595
918 3598
871 3603
870 3604
834 3629
839 3626
837 3624
848 3649
845 3650
846 3651
934 3589
934 3585
930 3585
917 3598
872 3603
870 3605
833 3629
834 3630
839 3625
836 3624
849 3649
844 3650
847 3651
935 3589
934 3584
930 3584
872 3602
871 3605
869 3605
870 3606
836 3623
850 3649
844 3651
936 3589
934 3583
931 3584
929 3584
872 3601
871 3606
835 3623
851 3649
850 3650
843 3651
937 3589
936 3590
934 3582
932 3584
931 3583
873 3601
872 3600
872 3606
834 3623
851 3648
850 3651
842 3651
843 3652
938 3589
935 3582
931 3582
873 3600
872 3607
834 3622
852 3648
851 3647
850 3652
841 3651
939 3589
936 3582
935 3581
932 3582
931 3581
874 3600
873 3599
873 3607
834 3621
853 3648
851 3646
850 3653
841 3652
841 3650
940 3589
932 3581
930 3581
875 3600
874 3599
873 3608
834 3620
853 3649
852 3646
851 3645
850 3654
840 3650
841 3649
941 3589
940 3590
940 3588
933 3581
929 3581
876 3600
874 3598
873 3609
833 3620
834 3619
853 3650
853 3646
852 3645
851 3644
850 3655
839 3650
840 3649
842 3649
942 3589
940 3591
933 3580
877 3600
872 3609
833 3619
834 3618
853 3651
854 3646
852 3644
849 3655
839 3651
843 3649
842 3648
943 3589
939 3591
934 3580
933 3579
878 3600
871 3609
833 3618
835 3618
853 3652
854 3647
848 3655
838 3651
839 3652
842 3647
944 3589
934 3579
878 3601
832 3618
836 3618
835 3617
853 3653
855 3647
847 3655
848 3654
839 3653
841 3647
944 3590
944 3588
935 3579
934 3578
878 3602
831 3618
837 3618
836 3619
835 3616
852 3653
856 3647
846 3655
847 3656
847 3654
840 3653
838 3653
945 3590
944 3587
936 3579
934 3577
878 3603
830 3618
838 3618
834 3616
857 3647
856 3648
845 3655
847 3657
946 3590
944 3586
937 3579
934 3576
879 3603
878 3604
829 3618
830 3619
839 3618
838 3619
834 3615
858 3647
844 3655
848 3657
846 3657
947 3590
945 3586
944 3585
937 3580
937 3578
878 3605
828 3618
830 3620
840 3618
839 3619
844 3654
849 3657
848 3658
845 3657
948 3590
946 3586
945 3585
938 3578
879 3605
878 3606
827 3618
830 3621
841 3618
840 3619
839 3620
848 3659
844 3657
947 3586
946 3585
939 3578
938 3577
877 3606
826 3618
827 3619
830 3622
840 3620
847 3659
948 3586
938 3576
876 3606
877 3607
825 3618
826 3619
826 3617
831 3622
829 3622
841 3620
840 3621
846 3659
949 3586
948 3587
939 3576
937 3576
938 3575
875 3606
824 3618
826 3620
826 3616
832 3622
831 3623
828 3622
829 3623
845 3659
949 3587
949 3585
948 3588
936 3576
938 3574
874 3606
825 3620
825 3616
826 3615
832 3623
831 3624
827 3622
845 3660
950 3585
939 3574
937 3574
874 3605
824 3620
824 3616
826 3614
830 3624
831 3625
827 3623
951 3585
940 3574
939 3573
936 3574
937 3573
874 3604
823 3620
823 3616
830 3625
831 3626
826 3623
951 3584
935 3574
936 3573
875 3604
823 3621
822 3616
829 3625
832 3626
826 3624
952 3584
951 3583
935 3573
823 3622
821 3616
829 3626
826 3625
953 3584
951 3582
934 3573
824 3622
822 3622
820 3616
821 3617
954 3584
953 3585
952 3582
933 3573
825 3622
821 3622
822 3623
819 3616
820 3617
955 3584
954 3585
954 3583
953 3582
952 3581
932 3573
820 3622
821 3623
819 3617
820 3618
955 3583
954 3586
952 3580
931 3573
932 3574
932 3572
818 3617
956 3583
954 3587
953 3580
951 3580
931 3574
932 3571
818 3618
957 3583
955 3587
954 3588
953 3579
950 3580
931 3575
931 3571
817 3618
958 3583
949 3580
950 3579
931 3570
816 3618
958 3584
948 3580
950 3578
931 3569
815 3618
816 3619
959 3584
947 3580
950 3577
931 3568
815 3619
960 3584
959 3585
946 3580
951 3577
949 3577
932 3568
814 3619
960 3583
959 3586
945 3580
946 3579
952 3577
949 3576
932 3567
813 3619
814 3620
961 3583
960 3586
953 3577
949 3575
932 3566
814 3621
962 3583
961 3586
960 3587
954 3577
950 3575
949 3574
933 3566
814 3622
962 3584
962 3582
955 3577
954 3578
951 3575
949 3573
934 3566
933 3565
815 3622
813 3622
814 3623
962 3581
955 3578
949 3572
934 3567
933 3564
816 3622
812 3622
814 3624
961 3581
962 3580
956 3578
955 3579
948 3572
934 3568
933 3563
817 3622
816 3623
811 3622
960 3581
956 3579
955 3580
948 3571
934 3569
934 3563
932 3563
817 3623
811 3621
947 3571
934 3570
935 3563
931 3563
818 3623
810 3621
946 3571
947 3570
936 3563
930 3563
819 3623
818 3624
809 3621
810 3620
945 3571
946 3572
946 3570
947 3569
937 3563
930 3564
930 3562
818 3625
809 3622
945 3570
946 3573
938 3563
937 3564
937 3562
930 3565
929 3562
930 3561
819 3625
817 3625
808 3622
945 3569
945 3573
946 3574
937 3561
929 3565
930 3566
929 3561
819 3626
817 3626
807 3622
945 3568
947 3574
936 3561
929 3566
930 3567
817 3627
806 3622
944 3568
945 3567
935 3561
928 3566
817 3628
806 3623
806 3621
943 3568
946 3567
934 3561
927 3566
818 3628
805 3623
942 3568
943 3569
946 3566
933 3561
926 3566
819 3628
804 3623
942 3567
943 3570
946 3565
925 3566
926 3567
926 3565
820 3628
804 3622
946 3564
924 3566
925 3565
926 3568
926 3564
820 3629
803 3622
804 3621
947 3564
945 3564
946 3563
925 3568
820 3630
802 3622
803 3621
804 3620
948 3564
944 3564
946 3562
924 3568
820 3631
801 3622
804 3619
949 3564
948 3565
948 3563
945 3562
946 3561
923 3568
821 3631
820 3632
800 3622
804 3618
950 3564
949 3565
944 3562
947 3561
922 3568
822 3631
820 3633
803 3618
950 3565
944 3561
948 3561
921 3568
922 3569
821 3633
819 3633
802 3618
803 3617
950 3566
943 3561
944 3560
949 3561
948 3560
921 3567
819 3634
801 3618
802 3617
803 3616
951 3566
945 3560
944 3559
950 3561
949 3560
921 3566
819 3635
801 3617
804 3616
803 3615
952 3566
951 3567
943 3559
951 3561
949 3559
920 3566
921 3565
820 3635
818 3635
819 3636
805 3616
804 3615
953 3566
949 3558
919 3566
821 3635
817 3635
805 3615
953 3567
953 3565
949 3557
918 3566
919 3567
821 3636
816 3635
806 3615
953 3568
950 3557
948 3557
917 3566
919 3568
822 3636
821 3637
816 3636
807 3615
954 3568
951 3557
948 3556
917 3567
822 3637
815 3636
808 3615
951 3558
951 3556
948 3555
916 3567
917 3568
823 3637
815 3637
809 3615
808 3614
952 3558
951 3555
947 3555
915 3567
917 3569
823 3638
814 3637
815 3638
809 3616
809 3614
953 3558
952 3555
950 3555
951 3554
946 3555
914 3567
918 3569
916 3569
917 3570
823 3639
813 3637
815 3639
809 3613
953 3559
952 3554
946 3554
914 3566
915 3569
917 3571
823 3640
812 3637
954 3559
953 3560
953 3554
946 3553
914 3565
918 3571
823 3641
811 3637
812 3638
955 3559
954 3560
953 3561
947 3553
946 3552
914 3564
919 3571
811 3638
956 3559
954 3561
953 3562
948 3553
946 3551
913 3564
914 3563
811 3639
957 3559
956 3560
949 3553
946 3550
912 3564
913 3563
915 3563
811 3640
957 3560
945 3550
912 3565
912 3563
916 3563
915 3562
810 3640
811 3641
957 3561
945 3549
911 3565
911 3563
917 3563
915 3561
809 3640
811 3642
958 3561
944 3549
910 3563
911 3562
915 3560
808 3640
959 3561
944 3548
909 3563
910 3562
808 3641
808 3639
959 3562
959 3560
944 3547
909 3564
909 3562
808 3642
960 3562
945 3547
908 3562
909 3561
809 3642
961 3562
945 3546
909 3560
809 3643
962 3562
945 3545
908 3560
809 3644
962 3561
946 3545
907 3560
810 3644
808 3644
963 3561
947 3545
946 3544
906 3560
810 3645
964 3561
948 3545
946 3543
905 3560
906 3561
906 3559
811 3645
964 3560
949 3545
946 3542
905 3559
906 3558
812 3645
811 3646
965 3560
964 3559
950 3545
946 3541
905 3558
907 3558
813 3645
812 3644
811 3647
966 3560
950 3546
947 3541
945 3541
946 3540
904 3558
908 3558
812 3643
810 3647
811 3648
967 3560
966 3559
947 3540
946 3539
903 3558
908 3557
813 3643
810 3648
811 3649
967 3561
948 3540
946 3538
903 3559
903 3557
909 3557
908 3556
811 3650
967 3562
949 3540
947 3538
946 3537
902 3559
811 3651
968 3562
967 3563
949 3541
948 3538
902 3560
812 3651
810 3651
967 3564
950 3541
949 3538
902 3561
812 3652
809 3651
967 3565
951 3541
950 3542
950 3538
949 3537
903 3561
901 3561
813 3652
968 3565
966 3565
952 3541
950 3543
949 3536
904 3561
900 3561
813 3653
969 3565
968 3566
966 3566
953 3541
949 3543
950 3536
948 3536
900 3562
900 3560
813 3654
969 3566
965 3566
954 3541
951 3536
948 3535
899 3562
899 3560
814 3654
812 3654
970 3566
965 3567
954 3540
952 3536
947 3535
899 3563
899 3559
814 3655
811 3654
971 3566
964 3567
965 3568
952 3537
952 3535
946 3535
947 3534
899 3564
898 3559
899 3558
815 3655
814 3656
811 3655
811 3653
971 3567
971 3565
963 3567
965 3569
953 3537
953 3535
945 3535
947 3533
899 3565
897 3559
899 3557
816 3655
811 3656
971 3568
962 3567
964 3569
954 3537
944 3535
946 3533
898 3565
896 3559
897 3558
899 3556
816 3654
811 3657
972 3568
970 3568
955 3537
943 3535
945 3533
897 3565
896 3560
900 3556
898 3556
899 3555
817 3654
811 3658
972 3569
956 3537
942 3535
943 3536
943 3534
944 3533
896 3561
897 3556
899 3554
810 3658
811 3659
972 3570
957 3537
941 3535
942 3534
943 3533
895 3561
900 3554
809 3658
812 3659
973 3570
971 3570
958 3537
941 3536
941 3534
943 3532
894 3561
901 3554
809 3659
812 3660
974 3570
970 3570
958 3538
958 3536
941 3537
940 3534
943 3531
894 3562
894 3560
901 3553
809 3660
975 3570
974 3569
958 3539
939 3534
940 3533
944 3531
893 3562
894 3563
894 3559
902 3553
810 3660
808 3660
976 3570
975 3571
974 3568
959 3539
957 3539
958 3540
938 3534
945 3531
944 3530
892 3562
893 3563
894 3564
902 3552
810 3661
976 3571
976 3569
959 3540
957 3540
937 3534
946 3531
944 3529
892 3563
894 3565
902 3551
811 3661
810 3662
977 3571
977 3569
959 3541
957 3541
937 3533
945 3529
943 3529
892 3564
895 3565
903 3551
810 3663
978 3571
978 3569
960 3541
959 3542
936 3533
937 3532
946 3529
943 3528
891 3564
903 3550
810 3664
978 3572
979 3569
978 3568
961 3541
935 3533
946 3528
942 3528
891 3565
903 3549
811 3664
809 3664
979 3572
978 3573
980 3569
979 3570
978 3567
962 3541
961 3542
934 3533
946 3527
890 3565
904 3549
903 3548
811 3665
808 3664
979 3573
977 3573
978 3574
981 3569
980 3568
977 3567
978 3566
962 3540
961 3543
934 3534
934 3532
947 3527
946 3526
889 3565
905 3549
812 3665
808 3665
980 3573
978 3575
980 3567
979 3566
978 3565
963 3540
962 3539
934 3535
948 3527
945 3526
889 3566
906 3549
813 3665
808 3666
980 3574
979 3575
978 3576
978 3564
964 3540
935 3535
933 3535
934 3536
948 3528
944 3526
888 3566
889 3567
814 3665
807 3666
977 3576
979 3564
964 3539
936 3535
932 3535
949 3528
889 3568
815 3665
806 3666
807 3667
977 3577
979 3563
965 3539
931 3535
950 3528
949 3529
889 3569
816 3665
805 3666
976 3577
977 3578
979 3562
966 3539
930 3535
931 3536
931 3534
951 3528
950 3529
890 3569
888 3569
804 3666
805 3667
975 3577
978 3578
979 3561
967 3539
966 3538
929 3535
930 3534
931 3537
931 3533
952 3528
951 3527
887 3569
803 3666
805 3668
974 3577
978 3579
980 3561
978 3561
968 3539
966 3537
928 3535
931 3538
953 3528
952 3527
951 3526
886 3569
802 3666
803 3667
803 3665
973 3577
979 3579
980 3560
978 3560
966 3536
927 3535
930 3538
931 3539
954 3528
953 3527
951 3525
885 3569
801 3666
972 3577
979 3580
980 3559
927 3536
932 3539
931 3540
954 3529
953 3526
951 3524
885 3570
885 3568
801 3665
971 3577
980 3558
926 3536
933 3539
932 3540
930 3540
954 3530
953 3525
951 3523
884 3570
884 3568
885 3567
800 3665
801 3664
970 3577
980 3557
925 3536
934 3539
933 3540
953 3530
953 3524
952 3523
950 3523
883 3570
883 3568
801 3663
980 3556
925 3537
925 3535
934 3538
953 3531
953 3523
952 3522
949 3523
883 3569
800 3663
980 3555
925 3538
924 3535
935 3538
952 3531
953 3532
952 3521
949 3522
882 3569
800 3662
981 3555
979 3555
925 3539
923 3535
924 3534
936 3538
935 3537
951 3531
953 3533
951 3521
952 3520
948 3522
881 3569
800 3661
982 3555
981 3554
978 3555
926 3539
925 3540
922 3535
924 3533
937 3538
954 3533
953 3520
947 3522
881 3568
799 3661
983 3555
982 3556
977 3555
927 3539
922 3534
955 3533
953 3519
946 3522
947 3523
880 3568
799 3660
976 3555
977 3556
977 3554
927 3538
921 3534
922 3533
956 3533
955 3534
954 3519
946 3523
879 3568
798 3660
799 3659
975 3555
976 3556
977 3553
920 3534
922 3532
956 3532
954 3518
945 3523
878 3568
799 3658
974 3555
919 3534
923 3532
922 3531
957 3532
954 3517
945 3524
877 3568
878 3567
798 3658
973 3555
918 3534
923 3531
958 3532
955 3517
954 3516
944 3524
876 3568
877 3569
878 3566
797 3658
972 3555
917 3534
924 3531
959 3532
956 3517
953 3516
943 3524
875 3568
878 3565
796 3658
971 3555
916 3534
925 3531
960 3532
959 3531
957 3517
956 3516
952 3516
943 3523
874 3568
875 3567
879 3565
795 3658
971 3556
971 3554
916 3533
925 3530
959 3530
957 3518
957 3516
956 3515
951 3516
942 3523
943 3522
874 3569
875 3566
880 3565
795 3659
795 3657
971 3557
971 3553
916 3532
926 3530
925 3529
960 3530
958 3530
957 3519
958 3516
955 3515
950 3516
941 3523
873 3569
874 3570
874 3566
880 3566
880 3564
794 3659
795 3656
970 3557
971 3552
915 3532
961 3530
958 3519
956 3519
957 3520
959 3516
955 3514
950 3517
950 3515
940 3523
941 3524
872 3569
873 3570
875 3570
874 3571
873 3566
881 3566
881 3564
793 3659
794 3660
795 3655
969 3557
972 3552
971 3551
914 3532
962 3530
961 3529
957 3521
959 3515
955 3513
949 3515
940 3524
872 3568
873 3571
876 3570
875 3571
874 3572
872 3566
873 3567
882 3566
882 3564
881 3563
793 3660
794 3661
796 3655
794 3655
795 3654
969 3558
971 3550
913 3532
963 3530
962 3531
961 3528
956 3521
960 3515
955 3512
948 3515
940 3525
876 3571
871 3566
872 3565
882 3567
883 3564
881 3562
794 3662
793 3655
794 3654
969 3559
972 3550
913 3533
913 3531
963 3529
962 3528
955 3521
961 3515
960 3514
955 3511
948 3516
948 3514
876 3572
870 3566
871 3567
872 3564
884 3564
795 3662
793 3662
793 3656
970 3559
972 3549
913 3534
913 3530
964 3529
963 3528
962 3527
962 3515
954 3511
947 3516
948 3513
876 3573
869 3566
872 3563
885 3564
796 3662
795 3663
792 3662
793 3657
971 3559
973 3549
913 3535
913 3529
965 3529
964 3528
963 3527
963 3515
962 3516
954 3510
946 3516
949 3513
947 3513
948 3512
877 3573
876 3574
869 3567
869 3565
873 3563
871 3563
872 3562
885 3565
885 3563
796 3661
795 3664
792 3657
974 3549
913 3536
913 3528
963 3514
954 3509
949 3512
947 3512
876 3575
868 3567
869 3564
872 3561
885 3562
797 3661
795 3665
791 3657
975 3549
974 3548
914 3536
912 3536
913 3527
964 3514
963 3513
955 3509
953 3509
946 3512
876 3576
867 3567
869 3563
873 3561
872 3560
796 3665
795 3666
790 3657
976 3549
915 3536
911 3536
914 3527
913 3526
965 3514
963 3512
956 3509
952 3509
953 3508
877 3576
875 3576
866 3567
867 3568
869 3562
874 3561
871 3560
872 3559
797 3665
794 3666
789 3657
790 3658
977 3549
916 3536
910 3536
911 3537
915 3527
913 3525
965 3515
964 3512
962 3512
957 3509
956 3510
952 3510
878 3576
877 3577
874 3576
875 3577
865 3567
875 3561
872 3558
797 3664
794 3667
788 3657
789 3658
789 3656
790 3659
978 3549
977 3550
916 3537
909 3536
910 3535
915 3528
915 3526
912 3525
966 3515
964 3511
961 3512
958 3509
951 3510
879 3576
874 3575
875 3578
864 3567
865 3568
876 3561
871 3558
872 3557
797 3663
787 3657
789 3655
791 3659
790 3660
978 3550
978 3548
977 3551
916 3538
908 3536
909 3537
915 3525
912 3524
967 3515
966 3516
959 3509
950 3510
951 3511
875 3579
864 3566
865 3569
877 3561
870 3558
871 3557
873 3557
786 3657
788 3655
789 3660
979 3548
917 3538
915 3538
907 3536
912 3523
967 3514
966 3517
959 3510
959 3508
876 3579
863 3566
870 3559
870 3557
874 3557
786 3656
788 3654
789 3661
980 3548
979 3547
918 3538
914 3538
915 3539
913 3523
912 3522
968 3514
966 3518
959 3507
863 3565
869 3557
874 3556
785 3656
788 3653
789 3662
980 3547
919 3538
918 3539
913 3538
915 3540
912 3521
969 3514
968 3513
965 3518
966 3519
958 3507
959 3506
868 3557
874 3555
788 3652
788 3662
789 3663
981 3547
914 3540
912 3520
970 3514
968 3512
964 3518
965 3519
967 3519
958 3506
960 3506
867 3557
868 3558
868 3556
875 3555
788 3651
787 3662
788 3663
790 3663
789 3664
982 3547
981 3546
913 3540
914 3541
912 3519
971 3514
967 3512
968 3511
964 3517
958 3505
961 3506
866 3557
867 3558
876 3555
875 3554
788 3650
788 3664
789 3665
982 3546
981 3545
913 3541
914 3542
912 3518
971 3515
967 3511
969 3511
957 3505
962 3506
961 3505
865 3557
866 3558
866 3556
788 3649
983 3546
981 3544
913 3518
971 3516
967 3510
970 3511
969 3510
956 3505
961 3504
864 3557
865 3558
866 3559
787 3649
788 3648
984 3546
981 3543
913 3517
966 3510
967 3509
969 3509
955 3505
962 3504
960 3504
863 3557
864 3558
788 3647
985 3546
981 3542
913 3516
966 3509
969 3508
954 3505
955 3504
963 3504
960 3503
862 3557
864 3559
788 3646
986 3546
985 3547
985 3545
982 3542
912 3516
913 3515
966 3508
968 3508
953 3505
955 3503
963 3503
960 3502
789 3646
788 3645
987 3546
986 3545
985 3548
985 3544
982 3541
912 3515
914 3515
965 3508
954 3503
963 3502
959 3502
790 3646
788 3644
987 3547
985 3549
985 3543
982 3540
911 3515
915 3515
914 3514
964 3508
953 3503
963 3501
791 3646
787 3644
788 3643
988 3547
985 3542
982 3539
910 3515
916 3515
953 3502
964 3501
963 3500
792 3646
791 3645
786 3644
789 3643
989 3547
985 3541
981 3539
909 3515
917 3515
916 3516
916 3514
952 3502
963 3499
786 3645
790 3643
984 3541
980 3539
908 3515
909 3514
918 3515
951 3502
963 3498
786 3646
790 3642
979 3539
980 3538
909 3513
919 3515
918 3516
963 3497
785 3646
791 3642
790 3641
978 3539
979 3540
979 3538
910 3513
908 3513
909 3512
920 3515
964 3497
785 3647
789 3641
790 3640
979 3537
907 3513
909 3511
921 3515
965 3497
964 3496
784 3647
785 3648
791 3640
978 3537
979 3536
906 3513
909 3510
922 3515
921 3516
966 3497
965 3496
784 3648
785 3649
792 3640
977 3537
978 3536
979 3535
905 3513
906 3512
909 3509
922 3516
965 3495
783 3648
793 3640
976 3537
978 3535
904 3513
905 3514
905 3512
910 3509
922 3517
966 3495
782 3648
783 3649
794 3640
975 3537
976 3536
978 3534
904 3512
905 3515
905 3511
923 3517
967 3495
782 3647
783 3650
795 3640
794 3639
975 3538
976 3535
977 3534
904 3511
906 3515
924 3517
968 3495
783 3651
974 3538
975 3539
975 3535
977 3533
904 3510
906 3516
925 3517
924 3518
968 3496
784 3651
782 3651
973 3538
976 3539
975 3540
974 3535
976 3533
977 3532
904 3509
907 3516
906 3517
926 3517
925 3516
969 3496
968 3497
785 3651
781 3651
973 3539
974 3540
975 3541
974 3534
975 3533
976 3532
978 3532
977 3531
904 3508
906 3518
926 3518
925 3515
970 3496
969 3497
968 3498
781 3652
781 3650
972 3539
979 3532
903 3508
904 3507
927 3518
926 3519
924 3515
971 3496
969 3498
967 3498
781 3653
781 3649
971 3539
972 3540
979 3531
904 3506
927 3519
925 3519
926 3520
972 3496
781 3654
780 3649
971 3538
972 3541
979 3530
904 3505
928 3519
926 3521
973 3496
780 3654
779 3649
970 3538
980 3530
905 3505
904 3504
925 3521
973 3497
973 3495
779 3654
780 3655
778 3649
970 3537
981 3530
906 3505
903 3504
904 3503
925 3522
974 3495
778 3654
780 3656
970 3536
981 3531
907 3505
902 3504
904 3502
924 3522
925 3523
975 3495
777 3654
779 3656
780 3657
971 3536
982 3531
908 3505
901 3504
904 3501
923 3522
926 3523
925 3524
976 3495
975 3496
778 3656
780 3658
983 3531
982 3532
909 3505
900 3504
904 3500
926 3524
977 3495
976 3494
975 3497
778 3657
781 3658
984 3531
983 3530
982 3533
909 3506
909 3504
899 3504
905 3500
903 3500
977 3494
976 3497
975 3498
777 3657
781 3659
984 3532
982 3534
909 3503
898 3504
903 3499
977 3493
976 3498
975 3499
777 3658
781 3660
984 3533
909 3502
897 3504
898 3505
902 3499
978 3493
977 3492
976 3499
975 3500
776 3658
777 3659
782 3660
985 3533
909 3501
896 3504
897 3505
898 3506
901 3499
978 3492
977 3491
977 3499
975 3501
775 3658
777 3660
782 3661
985 3534
910 3501
909 3500
896 3505
896 3503
898 3507
978 3491
976 3491
977 3500
974 3501
776 3660
777 3661
782 3662
985 3535
910 3500
908 3500
896 3502
979 3491
975 3491
978 3500
775 3660
778 3661
781 3662
986 3535
985 3536
910 3499
896 3501
980 3491
979 3490
975 3490
978 3501
774 3660
778 3662
987 3535
984 3536
911 3499
910 3498
896 3500
981 3491
980 3490
979 3489
974 3490
975 3489
978 3502
773 3660
774 3659
987 3534
983 3536
912 3499
909 3498
910 3497
897 3500
895 3500
896 3499
982 3491
981 3492
980 3489
973 3490
975 3488
979 3502
978 3503
772 3660
773 3661
987 3533
911 3497
910 3496
897 3499
896 3498
983 3491
982 3490
980 3488
973 3491
973 3489
976 3488
975 3487
772 3659
773 3662
988 3533
912 3497
909 3496
910 3495
897 3498
896 3497
983 3492
981 3488
974 3487
772 3658
774 3662
772 3662
773 3663
989 3533
913 3497
908 3496
911 3495
898 3498
897 3497
983 3493
982 3488
974 3486
772 3657
771 3662
772 3663
990 3533
913 3498
913 3496
907 3496
908 3497
911 3494
898 3497
984 3493
983 3488
973 3486
974 3485
772 3656
772 3664
991 3533
990 3534
914 3498
914 3496
907 3497
912 3494
911 3493
899 3497
984 3488
973 3485
975 3485
772 3655
772 3665
915 3498
915 3496
907 3498
911 3492
900 3497
985 3488
972 3485
976 3485
975 3484
772 3654
772 3666
915 3499
986 3488
971 3485
972 3484
975 3483
772 3653
772 3667
915 3500
986 3489
986 3487
970 3485
974 3483
773 3653
772 3652
772 3668
916 3500
987 3489
986 3490
986 3486
974 3482
772 3651
771 3668
917 3500
988 3489
985 3490
985 3486
973 3482
974 3481
771 3651
771 3669
917 3501
989 3489
985 3491
984 3486
972 3482
975 3481
974 3480
770 3651
771 3650
771 3670
989 3490
989 3488
985 3492
983 3486
971 3482
974 3479
770 3650
772 3670
770 3670
771 3671
989 3491
989 3487
970 3482
975 3479
973 3479
770 3649
773 3670
769 3670
771 3672
989 3492
990 3487
989 3486
970 3481
976 3479
769 3649
773 3671
768 3670
771 3673
990 3492
989 3493
990 3486
988 3486
969 3481
970 3480
976 3478
768 3649
773 3672
768 3671
768 3669
990 3493
991 3486
968 3481
977 3478
767 3649
773 3673
768 3668
991 3493
991 3485
968 3482
968 3480
978 3478
766 3649
767 3650
773 3674
769 3668
991 3484
968 3483
968 3479
978 3477
766 3650
766 3648
773 3675
990 3484
967 3483
979 3477
978 3476
765 3650
766 3651
765 3648
766 3647
772 3675
773 3676
989 3484
990 3483
967 3484
980 3477
979 3476
765 3651
766 3652
764 3648
767 3647
766 3646
771 3675
774 3676
989 3483
966 3484
980 3478
767 3652
767 3646
765 3646
770 3675
775 3676
989 3482
965 3484
981 3478
980 3479
767 3653
765 3645
769 3675
770 3676
776 3676
988 3482
989 3481
964 3484
965 3483
981 3479
979 3479
768 3653
764 3645
768 3675
770 3677
776 3677
987 3482
963 3484
964 3485
965 3482
982 3479
768 3654
763 3645
770 3678
777 3677
987 3481
963 3485
964 3482
983 3479
982 3480
768 3655
763 3644
771 3678
778 3677
777 3678
963 3486
964 3481
983 3480
983 3478
982 3481
767 3655
768 3656
762 3644
763 3643
771 3679
778 3676
963 3487
963 3481
964 3480
983 3481
984 3478
766 3655
764 3643
763 3642
779 3676
964 3487
962 3487
963 3488
964 3479
983 3482
985 3478
984 3477
765 3643
763 3641
779 3675
965 3487
961 3487
963 3489
964 3478
986 3478
985 3477
984 3476
766 3643
765 3642
762 3641
779 3674
965 3488
965 3486
960 3487
961 3488
961 3486
963 3490
965 3478
963 3478
986 3479
986 3477
767 3643
761 3641
780 3674
778 3674
959 3487
960 3486
961 3489
964 3490
963 3491
966 3478
965 3477
963 3477
987 3479
987 3477
767 3644
761 3642
761 3640
781 3674
959 3488
959 3486
961 3490
964 3491
966 3477
987 3476
768 3644
760 3642
761 3639
781 3675
958 3486
961 3491
966 3476
988 3476
760 3639
761 3638
782 3675
961 3492
966 3475
989 3476
759 3639
761 3637
782 3676
961 3493
965 3475
966 3474
990 3476
758 3639
762 3637
961 3494
964 3475
967 3474
991 3476
990 3475
757 3639
763 3637
960 3494
964 3474
991 3477
990 3474
756 3639
764 3637
763 3638
959 3494
963 3474
992 3477
991 3478
990 3473
755 3639
764 3638
764 3636
958 3494
959 3495
962 3474
992 3478
991 3479
991 3473
754 3639
755 3638
765 3638
764 3635
957 3494
958 3495
958 3493
961 3474
962 3475
962 3473
993 3478
991 3480
992 3473
753 3639
755 3637
765 3635
956 3494
958 3492
960 3474
961 3475
961 3473
994 3478
993 3479
992 3480
990 3480
993 3473
753 3640
753 3638
755 3636
765 3634
961 3476
961 3472
995 3478
993 3480
993 3472
753 3641
754 3636
766 3634
765 3633
960 3476
960 3472
961 3471
996 3478
994 3480
994 3472
754 3635
764 3633
765 3632
960 3471
997 3478
996 3477
995 3480
994 3481
995 3472
994 3471
754 3634
764 3632
765 3631
960 3470
997 3477
994 3482
996 3472
995 3473
995 3471
994 3470
755 3634
753 3634
763 3632
766 3631
959 3470
995 3482
997 3472
996 3471
995 3474
994 3469
755 3633
752 3634
767 3631
958 3470
995 3483
998 3472
997 3473
996 3470
994 3474
756 3633
752 3635
752 3633
768 3631
958 3469
995 3484
996 3469
994 3475
756 3632
752 3632
769 3631
768 3632
768 3630
957 3469
958 3468
994 3484
996 3468
993 3475
994 3476
757 3632
756 3631
751 3632
769 3632
957 3468
959 3468
958 3467
997 3468
758 3632
757 3631
750 3632
770 3632
956 3468
960 3468
998 3468
759 3632
758 3633
757 3630
749 3632
771 3632
770 3633
955 3468
961 3468
999 3468
760 3632
759 3633
757 3629
748 3632
771 3631
770 3634
955 3469
955 3467
962 3468
1000 3468
999 3467
758 3629
757 3628
747 3632
748 3631
772 3631
770 3635
955 3470
955 3466
962 3469
962 3467
1000 3467
759 3629
746 3632
772 3630
770 3636
954 3470
955 3465
963 3469
1001 3467
759 3628
745 3632
746 3633
746 3631
773 3630
772 3629
954 3471
954 3465
1002 3467
1001 3466
759 3627
744 3632
1813 1740
746 3634
774 3630
772 3628
954 3472
953 3465
954 3464
1003 3467
1002 3466
1001 3465
759 3626
743 3632
747 3634
774 3631
771 3628
772 3627
955 3472
953 3472
953 3466
953 3464
1004 3467
1003 3468
1003 3466
1001 3464
760 3626
758 3626
742 3632
747 3635
774 3632
770 3628
772 3626
956 3472
953 3473
952 3466
953 3463
1005 3467
1003 3469
1003 3465
1001 3463
761 3626
760 3625
757 3626
741 3632
747 3636
775 3632
774 3633
769 3628
770 3629
770 3627
773 3626
953 3474
951 3466
953 3462
1005 3466
1002 3469
1003 3464
1000 3463
1001 3462
762 3626
761 3625
760 3624
757 3625
748 3636
775 3633
773 3633
768 3628
769 3627
953 3475
950 3466
953 3461
1005 3465
1002 3470
1000 3462
1002 3462
763 3626
759 3624
756 3625
749 3636
775 3634
954 3475
952 3475
954 3461
952 3461
953 3460
1002 3471
999 3462
1000 3461
1002 3461
764 3626
759 3623
755 3625
756 3624
750 3636
749 3637
775 3635
955 3475
955 3461
951 3461
1003 3471
1002 3472
1000 3460
1003 3461
765 3626
764 3627
759 3622
754 3625
749 3638
955 3460
950 3461
1004 3471
1002 3473
1000 3459
765 3627
765 3625
753 3625
749 3639
955 3459
949 3461
1004 3472
1002 3474
1000 3458
765 3628
753 3626
753 3624
750 3639
748 3639
956 3459
949 3462
1001 3474
1002 3475
999 3458
1000 3457
753 3627
753 3623
750 3640
957 3459
948 3462
1003 3475
1002 3476
998 3458
999 3457
1001 3457
752 3627
753 3622
750 3641
957 3458
948 3463
1001 3476
1002 3477
998 3459
1002 3457
751 3627
753 3621
750 3642
957 3457
1002 3478
998 3460
1003 3457
1002 3456
750 3627
753 3620
749 3642
750 3643
958 3457
957 3456
1003 3478
997 3460
998 3461
1002 3455
749 3627
754 3620
752 3620
753 3619
748 3642
750 3644
959 3457
958 3456
956 3456
1004 3478
996 3460
1003 3455
1002 3454
748 3627
749 3626
755 3620
752 3619
753 3618
747 3642
748 3643
750 3645
959 3458
956 3455
1005 3478
995 3460
996 3461
996 3459
1003 3454
1001 3454
748 3628
748 3626
751 3619
753 3617
748 3644
751 3645
750 3646
960 3458
959 3459
1006 3478
994 3460
1004 3454
1000 3454
747 3626
748 3625
752 3617
753 3616
747 3644
748 3645
751 3646
961 3458
1007 3478
1006 3479
1005 3454
999 3454
746 3626
748 3624
752 3616
754 3616
748 3646
752 3646
751 3647
961 3459
961 3457
1007 3479
1007 3477
1005 3453
998 3454
999 3453
745 3626
746 3627
748 3623
752 3615
755 3616
747 3646
748 3647
751 3648
961 3460
961 3456
1008 3479
1008 3477
997 3454
998 3453
746 3628
752 3614
755 3617
752 3648
962 3460
962 3456
961 3455
1009 3479
1009 3477
1008 3476
996 3454
998 3452
751 3614
752 3613
753 3648
962 3461
963 3456
962 3455
960 3455
1010 3479
1009 3476
995 3454
996 3453
997 3452
750 3614
753 3613
753 3649
753 3647
963 3461
962 3462
964 3456
962 3454
959 3455
1010 3480
1009 3475
996 3452
997 3451
749 3614
753 3612
753 3650
963 3462
965 3456
964 3457
962 3453
959 3454
1011 3480
1010 3475
1009 3474
997 3450
753 3611
754 3650
752 3650
964 3462
966 3456
964 3458
962 3452
959 3453
1012 3480
1010 3474
1008 3474
996 3450
754 3611
753 3610
755 3650
754 3651
751 3650
752 3651
964 3463
967 3456
966 3455
965 3458
964 3459
963 3452
958 3453
1012 3481
1007 3474
754 3610
753 3609
756 3650
755 3649
750 3650
964 3464
967 3455
966 3454
966 3458
965 3459
964 3452
957 3453
1012 3482
1006 3474
755 3610
753 3608
756 3649
755 3648
750 3651
750 3649
964 3465
967 3454
966 3459
957 3454
957 3452
1013 3482
1011 3482
1012 3483
756 3610
753 3607
756 3648
755 3647
750 3652
965 3465
963 3465
968 3454
957 3451
1014 3482
1013 3483
1010 3482
754 3607
752 3607
755 3646
749 3652
966 3465
962 3465
963 3466
968 3453
957 3450
1009 3482
1010 3483
755 3607
754 3606
752 3606
756 3646
754 3646
755 3645
748 3652
749 3653
967 3465
966 3466
969 3453
957 3449
1008 3482
1010 3484
751 3606
757 3646
754 3645
747 3652
748 3651
749 3654
967 3466
967 3464
966 3467
970 3453
956 3449
1007 3482
1010 3485
750 3606
751 3605
758 3646
754 3644
748 3650
750 3654
967 3463
965 3467
971 3453
955 3449
1007 3483
1011 3485
1009 3485
749 3606
750 3607
751 3604
759 3646
758 3645
754 3643
751 3654
750 3655
967 3462
965 3468
971 3452
955 3448
1007 3484
1012 3485
1011 3486
748 3606
752 3604
760 3646
758 3644
750 3656
968 3462
972 3452
971 3451
955 3447
1007 3485
1012 3486
747 3606
753 3604
752 3603
761 3646
760 3645
757 3644
969 3462
955 3446
1006 3485
1007 3486
1013 3486
746 3606
747 3607
752 3602
762 3646
970 3462
954 3446
955 3445
1007 3487
1013 3487
746 3605
762 3647
970 3463
953 3446
954 3445
956 3445
1008 3487
1014 3487
745 3605
746 3604
971 3463
953 3447
953 3445
954 3444
957 3445
956 3444
1009 3487
744 3605
746 3603
952 3447
954 3443
1009 3488
744 3606
744 3604
951 3447
952 3448
953 3443
1009 3489
744 3607
744 3603
950 3447
952 3449
1009 3490
745 3607
743 3607
743 3603
949 3447
952 3450
1008 3490
745 3608
742 3607
743 3602
948 3447
1008 3491
741 3607
742 3608
742 3602
743 3601
948 3446
1007 3491
741 3602
744 3601
948 3445
1006 3491
1007 3492
740 3602
741 3601
745 3601
744 3600
949 3445
947 3445
1006 3490
1007 3493
740 3603
740 3601
746 3601
950 3445
949 3444
946 3445
1005 3490
1006 3489
1007 3494
739 3601
746 3600
950 3444
949 3443
946 3444
1008 3494
738 3601
746 3599
950 3443
945 3444
1009 3494
1008 3495
737 3601
738 3602
745 3599
746 3598
945 3443
1010 3494
1009 3495
736 3601
738 3603
745 3598
747 3598
945 3442
1011 3494
1009 3496
736 3600
745 3597
944 3442
945 3441
1012 3494
736 3599
745 3596
943 3442
946 3441
945 3440
1012 3493
737 3599
735 3599
746 3596
744 3596
942 3442
946 3440
1013 3493
737 3598
734 3599
747 3596
942 3443
942 3441
947 3440
1014 3493
733 3599
748 3596
942 3444
942 3440
948 3440
947 3439
1015 3493
732 3599
733 3600
748 3595
943 3444
941 3444
942 3439
948 3441
947 3438
1016 3493
1015 3494
731 3599
732 3598
749 3595
940 3444
943 3439
941 3439
949 3441
948 3442
948 3438
947 3437
1017 3493
1016 3492
1015 3495
730 3599
731 3598
732 3597
749 3594
940 3445
944 3439
943 3438
941 3438
949 3438
1018 3493
1017 3492
1015 3496
729 3599
730 3600
731 3597
732 3596
750 3594
749 3593
939 3445
943 3437
950 3438
1019 3493
1017 3491
1015 3497
731 3596
733 3596
751 3594
748 3593
943 3436
1020 3493
1019 3492
1017 3490
1014 3497
1015 3498
730 3596
731 3595
751 3593
747 3593
942 3436
1021 3493
1017 3489
1016 3498
1015 3499
731 3594
752 3593
746 3593
942 3435
1021 3494
1021 3492
1016 3489
1015 3500
730 3594
731 3593
753 3593
745 3593
746 3594
746 3592
942 3434
1022 3494
1021 3491
1015 3489
1014 3500
1015 3501
729 3594
731 3592
753 3594
744 3593
746 3591
941 3434
1023 3494
1022 3495
1020 3491
1014 3489
1015 3502
728 3594
729 3595
729 3593
730 3592
731 3591
744 3594
744 3592
747 3591
941 3433
1023 3493
1022 3496
1014 3490
1016 3502
1015 3503
727 3594
728 3595
731 3590
744 3591
747 3590
941 3432
1024 3493
1013 3490
1017 3502
1015 3504
727 3593
732 3590
743 3591
744 3590
748 3590
940 3432
941 3431
1025 3493
726 3593
727 3592
733 3590
744 3589
748 3589
939 3432
941 3430
1025 3494
725 3593
733 3589
744 3588
749 3589
748 3588
939 3433
940 3430
941 3429
1026 3494
725 3592
733 3588
744 3587
747 3588
939 3430
942 3429
941 3428
1026 3495
725 3591
734 3588
733 3587
743 3587
747 3587
939 3429
943 3429
941 3427
734 3587
733 3586
742 3587
743 3586
938 3429
939 3428
943 3428
942 3427
941 3426
732 3586
733 3585
743 3585
939 3427
942 3426
941 3425
731 3586
734 3585
743 3584
938 3427
941 3424
730 3586
731 3585
742 3584
743 3583
937 3427
942 3424
940 3424
729 3586
731 3584
741 3584
744 3583
743 3582
936 3427
943 3424
939 3424
940 3423
729 3587
731 3583
741 3585
935 3427
936 3428
944 3424
943 3425
938 3424
729 3588
731 3582
934 3427
935 3426
936 3429
945 3424
944 3423
938 3425
730 3588
728 3588
729 3589
732 3582
935 3425
936 3430
945 3425
727 3588
729 3590
733 3582
935 3424
946 3425
945 3426
727 3587
729 3591
734 3582
733 3583
936 3424
935 3423
947 3425
945 3427
726 3587
735 3582
734 3583
934 3423
948 3425
945 3428
725 3587
736 3582
933 3423
934 3422
949 3425
945 3429
724 3587
736 3583
736 3581
932 3423
950 3425
723 3587
724 3586
736 3580
931 3423
932 3424
950 3426
950 3424
723 3586
737 3580
735 3580
931 3424
931 3422
951 3426
951 3424
950 3423
722 3586
734 3580
735 3579
930 3424
930 3422
931 3421
952 3426
949 3423
721 3586
722 3585
929 3424
932 3421
931 3420
953 3426
721 3587
722 3584
929 3425
929 3423
930 3420
954 3426
953 3427
723 3584
721 3584
722 3583
928 3425
928 3423
929 3420
930 3419
955 3426
954 3425
722 3582
928 3426
928 3420
930 3418
956 3426
722 3581
928 3427
927 3420
930 3417
957 3426
956 3427
722 3580
929 3427
927 3427
926 3420
931 3417
930 3416
958 3426
957 3425
956 3428
723 3580
721 3580
926 3427
926 3421
930 3415
959 3426
957 3424
956 3429
723 3579
720 3580
721 3579
925 3427
926 3422
931 3415
929 3415
960 3426
959 3425
957 3423
956 3430
724 3579
720 3581
924 3427
932 3415
929 3414
960 3427
960 3425
956 3423
955 3430
719 3581
924 3428
933 3415
929 3413
961 3427
960 3428
961 3425
955 3431
718 3581
923 3428
934 3415
933 3416
933 3414
928 3413
961 3428
960 3429
962 3425
961 3424
954 3431
717 3581
718 3582
922 3428
923 3429
935 3415
934 3416
933 3413
927 3413
928 3412
960 3430
961 3423
953 3431
954 3432
717 3580
718 3583
921 3428
922 3427
923 3430
935 3414
934 3417
927 3414
928 3411
960 3431
960 3423
961 3422
952 3431
953 3432
954 3433
717 3579
719 3583
717 3583
718 3584
921 3429
922 3426
924 3430
923 3431
934 3418
926 3414
928 3410
961 3431
959 3431
959 3423
960 3422
961 3421
951 3431
955 3433
718 3579
716 3579
716 3583
717 3584
718 3585
923 3432
934 3419
925 3414
929 3410
961 3432
961 3420
951 3432
956 3433
718 3578
715 3579
716 3582
717 3585
922 3432
923 3433
925 3415
925 3413
930 3410
929 3409
950 3432
951 3433
956 3434
718 3577
715 3580
715 3578
717 3586
921 3432
924 3433
923 3434
924 3413
931 3410
929 3408
949 3432
957 3434
956 3435
715 3577
717 3587
921 3433
923 3435
923 3413
931 3409
928 3408
948 3432
958 3434
957 3435
955 3435
956 3436
714 3577
715 3576
717 3588
921 3434
924 3435
923 3436
922 3413
932 3409
927 3408
947 3432
955 3436
956 3437
713 3577
714 3576
717 3589
920 3434
921 3435
925 3435
924 3436
922 3436
923 3437
921 3413
932 3408
926 3408
947 3433
947 3431
954 3436
713 3576
717 3590
926 3435
923 3438
920 3413
921 3412
932 3407
946 3431
953 3436
712 3576
713 3575
718 3590
717 3591
927 3435
922 3438
919 3413
921 3411
931 3407
932 3406
945 3431
713 3574
719 3590
718 3591
716 3591
927 3436
927 3434
921 3438
918 3413
919 3412
921 3410
933 3406
712 3574
928 3436
927 3433
920 3438
917 3413
918 3412
933 3405
711 3574
929 3436
928 3437
928 3433
927 3432
920 3439
918 3411
934 3405
933 3404
711 3575
930 3436
928 3438
919 3439
918 3410
935 3405
932 3404
933 3403
710 3575
930 3435
927 3438
928 3439
918 3409
936 3405
934 3403
933 3402
709 3575
710 3576
927 3439
928 3440
919 3409
917 3409
918 3408
937 3405
936 3406
935 3403
932 3402
933 3401
709 3576
709 3574
710 3577
928 3441
916 3409
917 3408
938 3405
937 3406
936 3403
933 3400
709 3577
708 3574
711 3577
928 3442
915 3409
939 3405
936 3402
934 3400
932 3400
709 3578
707 3574
711 3578
927 3442
928 3443
914 3409
915 3408
939 3406
939 3404
936 3401
935 3400
932 3399
707 3575
707 3573
926 3442
927 3443
929 3443
914 3408
915 3407
940 3404
939 3403
935 3401
935 3399
931 3399
706 3575
707 3572
926 3441
927 3444
930 3443
913 3408
941 3404
940 3403
938 3403
936 3399
935 3398
930 3399
705 3575
707 3571
925 3441
926 3440
927 3445
930 3442
913 3407
942 3404
938 3402
937 3399
935 3397
930 3400
930 3398
707 3570
924 3441
925 3440
926 3445
927 3446
930 3441
913 3406
942 3405
942 3403
938 3399
930 3401
930 3397
707 3569
923 3441
924 3442
927 3447
931 3441
914 3406
912 3406
943 3405
938 3400
930 3402
931 3397
929 3397
930 3396
706 3569
924 3443
927 3448
931 3440
912 3405
944 3405
930 3395
705 3569
923 3443
924 3444
927 3449
932 3440
911 3405
944 3406
944 3404
929 3395
930 3394
704 3569
923 3444
925 3444
924 3445
928 3449
927 3450
945 3406
944 3403
930 3393
703 3569
704 3570
704 3568
923 3445
924 3446
928 3450
926 3450
946 3406
945 3403
944 3402
931 3393
930 3392
703 3568
704 3571
922 3445
923 3446
924 3447
929 3450
926 3451
946 3407
946 3403
945 3402
932 3393
929 3392
930 3391
705 3571
703 3571
923 3447
924 3448
930 3450
929 3451
925 3451
947 3407
947 3403
946 3402
933 3393
929 3391
930 3390
703 3572
922 3447
923 3448
931 3450
930 3451
947 3408
948 3403
946 3401
934 3393
928 3391
929 3390
931 3390
930 3389
702 3572
923 3449
932 3450
948 3408
947 3409
948 3404
947 3401
946 3400
934 3394
927 3391
928 3390
929 3389
701 3572
922 3449
933 3450
932 3451
949 3408
947 3410
949 3404
947 3400
926 3391
700 3572
701 3573
921 3449
933 3449
932 3452
950 3408
947 3411
948 3400
926 3392
699 3572
701 3574
920 3449
933 3448
933 3452
931 3452
950 3407
946 3411
947 3412
948 3399
925 3392
926 3393
699 3571
700 3574
919 3449
920 3450
920 3448
934 3448
932 3448
934 3452
951 3407
950 3406
946 3412
947 3413
949 3399
924 3392
927 3393
926 3394
698 3571
699 3574
700 3575
918 3449
920 3451
935 3448
932 3447
934 3453
952 3407
949 3406
946 3413
924 3393
925 3394
926 3395
697 3571
698 3570
698 3574
700 3576
918 3448
919 3451
920 3452
936 3448
935 3449
935 3453
953 3407
952 3406
948 3406
946 3414
696 3571
697 3572
697 3570
698 3569
698 3575
701 3576
917 3448
918 3447
918 3451
921 3452
936 3447
936 3453
954 3407
953 3408
946 3415
695 3571
698 3568
702 3576
916 3448
917 3451
922 3452
921 3453
936 3446
936 3454
954 3408
954 3406
953 3409
947 3415
945 3415
946 3416
695 3570
699 3568
697 3568
702 3577
915 3448
916 3451
917 3452
923 3452
922 3453
921 3454
936 3455
954 3409
954 3405
948 3415
947 3416
946 3417
694 3570
695 3569
700 3568
702 3578
917 3453
923 3453
920 3454
937 3455
954 3410
953 3405
954 3404
949 3415
948 3414
945 3417
693 3570
694 3569
701 3568
700 3567
701 3578
916 3453
938 3455
937 3456
955 3410
954 3411
954 3403
692 3570
700 3566
701 3579
915 3453
916 3454
938 3456
938 3454
937 3457
955 3411
954 3412
955 3403
954 3402
691 3570
692 3571
701 3566
699 3566
700 3579
915 3454
939 3454
955 3412
956 3403
953 3402
954 3401
692 3572
701 3565
698 3566
700 3580
914 3454
940 3454
939 3453
956 3412
955 3413
957 3403
692 3573
702 3565
697 3566
698 3565
699 3580
700 3581
913 3454
940 3453
939 3452
955 3414
958 3403
957 3402
703 3565
702 3564
698 3564
701 3581
912 3454
938 3452
959 3403
957 3401
702 3563
698 3563
702 3581
911 3454
912 3455
960 3403
957 3400
703 3563
698 3562
703 3581
910 3454
911 3455
912 3456
961 3403
960 3402
704 3563
703 3562
698 3561
703 3580
910 3453
913 3456
912 3457
961 3404
960 3401
705 3563
704 3562
703 3561
699 3561
704 3580
909 3453
914 3456
911 3457
962 3404
961 3405
960 3400
705 3562
705 3580
908 3453
910 3457
962 3405
960 3405
961 3400
705 3561
705 3581
705 3579
907 3453
908 3452
910 3458
962 3406
959 3405
961 3399
705 3560
705 3582
706 3579
705 3578
906 3453
907 3452
962 3407
961 3398
704 3560
705 3559
705 3583
707 3579
704 3578
705 3577
905 3453
907 3451
961 3407
962 3408
960 3398
961 3397
704 3559
706 3583
705 3584
707 3580
704 3577
905 3452
960 3397
962 3397
703 3559
704 3558
707 3583
705 3585
904 3452
963 3397
962 3396
704 3557
708 3583
707 3584
704 3585
903 3452
963 3398
963 3396
962 3395
705 3557
703 3557
709 3583
708 3582
707 3585
704 3586
902 3452
903 3453
903 3451
964 3398
963 3399
962 3394
706 3557
702 3557
709 3582
703 3586
901 3452
903 3450
965 3398
962 3393
707 3557
706 3556
701 3557
702 3558
702 3586
900 3452
903 3449
966 3398
965 3399
961 3393
707 3558
706 3555
700 3557
701 3586
900 3453
903 3448
967 3398
966 3397
960 3393
708 3558
706 3554
699 3557
700 3586
904 3448
902 3448
967 3399
967 3397
959 3393
709 3558
706 3553
699 3556
699 3586
700 3587
904 3447
967 3400
958 3393
959 3392
710 3558
709 3557
705 3553
706 3552
699 3555
698 3586
700 3588
904 3446
968 3400
957 3393
959 3391
711 3558
710 3559
709 3556
705 3552
706 3551
698 3555
697 3586
701 3588
700 3589
905 3446
969 3400
956 3393
960 3391
712 3558
711 3559
710 3560
709 3555
705 3551
707 3551
698 3554
696 3586
697 3587
700 3590
906 3446
969 3401
955 3393
956 3392
961 3391
710 3561
704 3551
705 3550
707 3550
698 3553
695 3586
696 3585
697 3588
700 3591
906 3445
970 3401
969 3402
954 3393
955 3394
962 3391
711 3561
694 3586
695 3585
698 3588
697 3589
906 3444
971 3401
968 3402
953 3393
954 3394
955 3395
712 3561
711 3562
694 3585
697 3590
907 3444
906 3443
972 3401
971 3402
971 3400
968 3403
952 3393
954 3395
956 3395
713 3561
712 3562
712 3560
696 3590
908 3444
905 3443
971 3403
971 3399
967 3403
968 3404
951 3393
952 3392
956 3396
714 3561
712 3563
696 3591
909 3444
908 3443
905 3442
970 3403
971 3404
972 3399
970 3399
966 3403
969 3404
715 3561
712 3564
696 3592
910 3444
904 3442
905 3441
972 3398
970 3398
966 3402
716 3561
712 3565
695 3592
911 3444
910 3445
910 3443
903 3442
905 3440
973 3398
969 3398
970 3397
965 3402
966 3401
717 3561
716 3562
716 3560
712 3566
695 3593
912 3444
911 3443
910 3446
902 3442
904 3440
974 3398
970 3396
716 3559
713 3566
711 3566
913 3444
911 3442
909 3446
910 3447
903 3440
904 3439
975 3398
970 3395
717 3559
715 3559
714 3566
713 3567
711 3567
913 3445
913 3443
912 3442
911 3441
909 3447
910 3448
904 3438
976 3398
717 3558
714 3567
713 3568
912 3441
908 3447
910 3449
905 3438
976 3399
976 3397
717 3557
715 3567
912 3440
911 3449
910 3450
906 3438
976 3400
976 3396
716 3557
717 3556
716 3567
715 3568
913 3440
912 3449
910 3451
907 3438
977 3400
975 3400
976 3395
717 3555
715 3569
914 3440
913 3439
912 3448
908 3438
907 3439
978 3400
975 3401
718 3555
716 3569
914 3441
913 3438
912 3447
908 3439
978 3401
978 3399
974 3401
719 3555
717 3569
912 3438
913 3437
913 3447
912 3446
909 3439
979 3401
978 3402
979 3399
974 3402
719 3556
719 3554
718 3569
912 3437
914 3437
910 3439
909 3440
978 3403
980 3399
719 3557
720 3554
719 3569
718 3568
911 3437
915 3437
914 3436
910 3438
978 3404
981 3399
719 3558
721 3554
720 3569
914 3435
978 3405
981 3400
981 3398
720 3558
719 3559
722 3554
721 3569
720 3568
914 3434
979 3405
978 3406
982 3400
981 3401
982 3398
721 3558
719 3560
722 3555
722 3553
720 3567
913 3434
914 3433
979 3406
978 3407
983 3400
983 3398
982 3397
720 3560
718 3560
722 3552
719 3567
720 3566
912 3434
984 3400
982 3396
721 3560
723 3552
719 3566
912 3435
912 3433
985 3400
984 3401
982 3395
722 3560
724 3552
719 3565
912 3432
985 3401
985 3399
984 3402
981 3395
723 3560
725 3552
724 3553
718 3565
911 3432
986 3401
985 3398
984 3403
981 3394
724 3560
726 3552
717 3565
910 3432
986 3402
985 3397
983 3403
725 3560
726 3553
726 3551
909 3432
910 3433
987 3402
986 3397
984 3397
985 3396
726 3560
727 3551
908 3432
909 3431
988 3402
987 3397
986 3396
726 3559
728 3551
727 3550
908 3431
989 3402
988 3401
988 3397
986 3395
727 3559
727 3549
907 3431
989 3401
987 3395
728 3559
728 3549
906 3431
989 3400
988 3395
729 3559
729 3549
728 3548
906 3430
989 3399
988 3394
730 3559
730 3549
905 3430
906 3429
989 3398
989 3394
731 3559
730 3558
730 3548
904 3430
907 3429
906 3428
990 3394
730 3557
730 3547
904 3431
906 3427
991 3394
729 3557
730 3556
730 3546
904 3432
907 3427
905 3427
991 3395
731 3556
730 3555
729 3546
904 3433
908 3427
904 3427
991 3396
732 3556
731 3555
729 3545
905 3433
903 3433
909 3427
904 3428
904 3426
992 3396
733 3556
728 3545
902 3433
903 3428
904 3425
993 3396
992 3397
734 3556
727 3545
728 3544
901 3433
902 3432
902 3428
994 3396
992 3398
734 3557
734 3555
727 3544
728 3543
900 3433
901 3432
901 3428
994 3397
994 3395
992 3399
734 3558
735 3555
726 3544
727 3543
729 3543
899 3433
900 3432
901 3427
994 3394
992 3400
734 3559
725 3544
726 3543
730 3543
898 3433
900 3427
901 3426
995 3394
993 3394
993 3400
992 3401
735 3559
733 3559
734 3560
726 3542
731 3543
730 3544
897 3433
898 3434
898 3432
902 3426
901 3425
996 3394
994 3400
991 3401
992 3402
735 3560
726 3541
732 3543
896 3433
898 3435
901 3424
996 3393
995 3400
992 3403
735 3561
726 3540
732 3544
732 3542
896 3432
899 3435
900 3424
901 3423
997 3393
996 3392
991 3403
992 3404
735 3562
727 3540
726 3539
733 3544
895 3432
900 3435
901 3422
998 3393
995 3392
996 3391
991 3404
992 3405
736 3562
734 3562
735 3563
727 3539
725 3539
734 3544
895 3431
901 3435
900 3422
901 3421
998 3394
998 3392
996 3390
991 3405
992 3406
737 3562
733 3562
728 3539
725 3538
735 3544
894 3431
901 3436
901 3420
998 3395
998 3391
997 3390
996 3389
991 3406
992 3407
737 3563
732 3562
733 3563
728 3538
736 3544
735 3543
893 3431
894 3430
901 3437
902 3420
900 3420
999 3395
997 3389
996 3388
990 3406
993 3407
738 3563
737 3564
731 3562
733 3564
728 3537
736 3545
893 3430
894 3429
903 3420
899 3420
900 3419
999 3396
998 3389
996 3387
994 3407
739 3563
736 3564
737 3565
730 3562
731 3561
733 3565
737 3545
892 3430
895 3429
903 3421
898 3420
900 3418
999 3397
997 3387
995 3387
740 3563
739 3564
737 3566
733 3566
738 3545
891 3430
892 3429
904 3421
903 3422
897 3420
898 3421
901 3418
994 3387
741 3563
740 3562
738 3566
737 3567
732 3566
738 3546
890 3430
892 3428
905 3421
896 3420
897 3419
902 3418
994 3386
740 3561
738 3567
731 3566
738 3547
890 3431
892 3427
906 3421
905 3422
897 3418
903 3418
902 3417
993 3386
739 3561
740 3560
738 3568
730 3566
739 3547
738 3548
892 3426
906 3420
905 3423
898 3418
896 3418
903 3417
902 3416
992 3386
993 3385
738 3569
729 3566
730 3565
740 3547
737 3548
892 3425
898 3417
895 3418
902 3415
992 3385
738 3570
729 3565
740 3548
893 3425
891 3425
899 3417
898 3416
895 3419
903 3415
991 3385
992 3384
738 3571
728 3565
741 3548
893 3424
890 3425
899 3416
897 3416
904 3415
903 3414
990 3385
991 3384
992 3383
739 3571
727 3565
742 3548
894 3424
889 3425
890 3426
899 3415
897 3415
904 3414
990 3386
990 3384
991 3383
992 3382
740 3571
739 3572
727 3566
888 3425
889 3426
890 3427
900 3415
904 3413
989 3386
990 3387
991 3382
992 3381
740 3572
740 3570
888 3426
888 3424
890 3428
900 3414
904 3412
988 3386
989 3387
741 3572
887 3426
888 3423
903 3412
904 3411
988 3387
988 3385
742 3572
886 3426
888 3422
902 3412
904 3410
988 3384
743 3572
742 3571
885 3426
886 3427
886 3425
887 3422
888 3421
901 3412
902 3413
987 3384
988 3383
744 3572
743 3573
885 3425
886 3428
887 3421
900 3412
987 3383
745 3572
885 3424
886 3429
887 3420
899 3412
900 3411
986 3383
746 3572
885 3423
885 3429
886 3420
887 3419
900 3410
986 3382
747 3572
746 3573
886 3423
884 3429
886 3419
887 3418
900 3409
985 3382
986 3381
883 3429
886 3418
888 3418
899 3409
984 3382
888 3417
898 3409
984 3383
984 3381
888 3416
897 3409
898 3410
984 3380
889 3416
887 3416
896 3409
897 3410
983 3380
984 3379
895 3409
896 3410
896 3408
982 3380
984 3378
895 3408
896 3407
982 3381
984 3377
894 3408
897 3407
981 3381
983 3377
984 3376
894 3407
898 3407
897 3406
980 3381
981 3382
982 3377
984 3375
893 3407
894 3406
898 3406
979 3381
980 3382
981 3383
981 3377
985 3375
984 3374
892 3407
899 3406
979 3380
980 3383
981 3384
981 3376
986 3375
984 3373
891 3407
900 3406
899 3405
979 3379
979 3383
982 3384
981 3385
981 3375
987 3375
985 3373
891 3408
900 3407
899 3404
978 3379
978 3383
980 3375
988 3375
986 3373
891 3409
898 3404
899 3403
977 3379
987 3373
986 3372
892 3409
898 3403
900 3403
976 3379
988 3373
986 3371
893 3409
897 3403
898 3402
901 3403
900 3402
975 3379
976 3380
989 3373
986 3370
893 3410
897 3402
901 3404
900 3401
975 3380
975 3378
976 3381
990 3373
987 3370
985 3370
986 3369
902 3404
901 3405
900 3400
974 3380
976 3382
990 3372
987 3369
985 3369
902 3405
901 3400
991 3372
990 3371
988 3369
987 3368
985 3368
903 3405
902 3400
901 3399
992 3372
991 3371
990 3370
989 3369
904 3405
903 3400
901 3398
992 3371
989 3368
904 3406
904 3404
903 3399
901 3397
992 3370
989 3367
905 3406
905 3404
904 3399
900 3397
992 3369
990 3367
989 3366
905 3403
905 3399
899 3397
993 3369
988 3366
906 3403
905 3402
899 3398
899 3396
994 3369
987 3366
907 3403
906 3402
904 3402
898 3396
899 3395
995 3369
994 3370
994 3368
908 3403
898 3395
994 3367
909 3403
898 3394
995 3367
897 3394
898 3393
996 3367
896 3394
897 3393
899 3393
898 3392
996 3366
896 3393
899 3392
898 3391
997 3366
996 3365
895 3393
898 3390
998 3366
996 3364
899 3390
897 3390
998 3367
995 3364
996 3363
900 3390
896 3390
999 3367
994 3364
901 3390
895 3390
896 3391
1000 3367
993 3364
894 3390
895 3391
895 3389
1001 3367
893 3390
895 3388
1002 3367
1001 3368
892 3390
893 3389
896 3388
1003 3367
891 3390
892 3391
896 3387
1004 3367
1003 3368
1003 3366
890 3390
896 3386
1004 3368
1004 3366
1003 3369
889 3390
890 3389
896 3385
1004 3369
1005 3366
1002 3369
888 3390
897 3385
895 3385
896 3384
1005 3369
1004 3370
1006 3366
1005 3365
1002 3370
887 3390
888 3389
898 3385
894 3385
896 3383
1006 3369
1005 3370
1004 3371
1007 3366
1002 3371
899 3385
898 3386
893 3385
897 3383
895 3383
1007 3369
1006 3368
1005 3371
1004 3372
1007 3367
1007 3365
1001 3371
900 3385
899 3384
893 3386
893 3384
897 3382
1008 3369
1007 3370
1007 3368
1004 3373
1008 3365
1000 3371
900 3386
892 3386
892 3384
897 3381
1009 3369
1004 3374
1008 3364
999 3371
901 3386
891 3386
891 3384
892 3383
897 3380
1009 3368
1005 3374
1003 3374
1009 3364
1008 3363
998 3371
902 3386
890 3386
892 3382
898 3380
897 3379
1006 3374
1010 3364
902 3387
902 3385
889 3386
893 3382
896 3379
897 3378
1007 3374
1006 3375
1006 3373
1011 3364
1010 3363
902 3388
902 3384
889 3387
893 3381
897 3377
1008 3374
1007 3373
1006 3376
1012 3364
1011 3363
903 3388
901 3388
902 3383
888 3387
889 3388
893 3380
898 3377
896 3377
897 3376
1008 3375
1008 3373
1006 3377
1013 3364
904 3388
900 3388
902 3382
887 3387
894 3380
893 3379
895 3377
897 3375
1009 3375
1008 3376
1009 3373
1005 3377
1013 3365
1013 3363
904 3389
903 3382
901 3382
887 3388
887 3386
892 3379
894 3377
897 3374
1010 3375
1009 3376
1010 3373
1004 3377
1005 3378
1014 3365
1013 3366
1013 3362
905 3389
904 3382
886 3386
892 3378
893 3377
897 3373
1011 3375
1009 3377
1003 3377
1005 3379
1013 3367
1012 3362
906 3389
886 3385
891 3378
892 3377
898 3373
897 3372
1012 3375
1009 3378
1003 3376
906 3390
906 3388
885 3385
886 3384
891 3377
899 3373
898 3372
897 3371
1013 3375
1008 3378
1009 3379
1002 3376
907 3390
907 3388
884 3385
887 3384
890 3377
899 3374
896 3371
1014 3375
1013 3374
1007 3378
1010 3379
1009 3380
1001 3376
1002 3375
907 3387
883 3385
884 3384
889 3377
895 3371
896 3370
1015 3375
1014 3376
1011 3379
1010 3380
1008 3380
907 3386
882 3385
884 3383
888 3377
895 3370
896 3369
1015 3374
1012 3379
1011 3380
1011 3378
1008 3381
906 3386
907 3385
881 3385
883 3383
887 3377
888 3378
894 3370
897 3369
896 3368
1016 3374
1012 3380
1012 3378
1011 3381
1007 3381
1008 3382
907 3384
880 3385
883 3382
887 3376
888 3379
893 3370
898 3369
1016 3373
1013 3380
1013 3378
1007 3382
1009 3382
908 3384
880 3386
880 3384
883 3381
893 3371
893 3369
898 3368
1016 3372
1014 3380
1007 3383
909 3384
879 3386
880 3383
883 3380
899 3368
1017 3372
1006 3383
1007 3384
910 3384
879 3383
882 3380
900 3368
899 3367
1008 3384
911 3384
878 3383
879 3382
901 3368
900 3367
899 3366
1008 3385
912 3384
911 3383
877 3383
879 3381
898 3366
899 3365
1009 3385
1008 3386
913 3384
911 3382
877 3384
897 3366
900 3365
1010 3385
1009 3386
1008 3387
911 3381
877 3385
896 3366
901 3365
1010 3384
1008 3388
911 3380
876 3385
895 3366
902 3365
901 3364
1009 3388
1007 3388
912 3380
911 3379
875 3385
876 3386
1010 3388
1007 3389
913 3380
910 3379
874 3385
1011 3388
1010 3387
913 3381
913 3379
910 3378
873 3385
1012 3388
1011 3389
914 3379
913 3378
909 3378
873 3386
1013 3388
1011 3390
915 3379
912 3378
913 3377
908 3378
872 3386
873 3387
1014 3388
1013 3389
916 3379
915 3380
914 3377
907 3378
871 3386
874 3387
873 3388
1014 3389
1014 3387
1013 3390
916 3378
906 3378
907 3377
873 3389
1014 3386
1013 3391
916 3377
905 3378
906 3379
907 3376
1015 3386
1014 3391
917 3377
904 3378
905 3379
905 3377
908 3376
1015 3391
1014 3392
917 3376
904 3377
905 3376
908 3375
1015 3392
1014 3393
917 3375
903 3377
905 3375
909 3375
908 3374
1016 3392
1014 3394
917 3374
902 3377
906 3375
904 3375
909 3374
908 3373
1017 3392
1014 3395
918 3374
1018 3392
1017 3393
918 3373
1019 3392
1018 3393
1017 3394
919 3373
918 3372
1019 3393
1016 3394
917 3372
918 3371
1020 3393
1019 3394
916 3372
1021 3393
1019 3395
916 3373
916 3371
1022 3393
1021 3394
1021 3392
1020 3395
916 3370
1023 3393
916 3369
1024 3393
916 3368
1025 3393
1024 3392
917 3368
915 3368
1026 3393
1025 3394
1024 3391
914 3368
1027 3393
1026 3394
1024 3390
913 3368
914 3369
1028 3393
1024 3389
913 3369
913 3367
1029 3393
912 3369
912 3367
913 3366
1029 3392
913 3365
1029 3391
913 3364
1030 3391
1028 3391
914 3364
1030 3390
915 3364
914 3363
1030 3389
914 3362
1031 3389
1030 3388
913 3362
914 3361
1032 3389
1031 3388
1030 3387
912 3362
914 3360
1033 3389
1032 3390
1032 3388
911 3362
915 3360
913 3360
1033 3390
1032 3391
910 3362
916 3360
915 3359
912 3360
1032 3392
910 3363
910 3361
916 3361
916 3359
915 3358
911 3360
1033 3392
909 3363
909 3361
916 3362
917 3359
915 3357
1034 3392
908 3363
908 3361
917 3362
918 3359
915 3356
1035 3392
1034 3391
907 3363
908 3364
908 3360
919 3359
914 3356
1036 3392
1035 3391
908 3365
908 3359
919 3360
919 3358
913 3356
914 3355
1037 3392
1036 3391
907 3359
913 3355
914 3354
1038 3392
906 3359
914 3353
1039 3392
1038 3391
905 3359
914 3352
1039 3393
905 3358
915 3352
913 3352
1040 3393
905 3357
916 3352
915 3351
912 3352
1041 3393
905 3356
915 3350
911 3352
1041 3394
905 3355
915 3349
910 3352
1041 3395
906 3355
914 3349
910 3353
910 3351
1041 3396
907 3355
913 3349
910 3350
1041 3397
907 3356
907 3354
910 3349
1042 3397
907 3353
911 3349
910 3348
1043 3397
906 3353
910 3347
1044 3397
1043 3398
905 3353
911 3347
910 3346
1045 3397
1044 3398
1043 3399
904 3353
905 3352
912 3347
1045 3398
1044 3399
903 3353
905 3351
913 3347
1046 3398
1044 3400
905 3350
914 3347
1045 3400
905 3349
915 3347
1046 3400
1045 3401
905 3348
916 3347
915 3346
1045 3402
905 3347
917 3347
915 3345
1045 3403
905 3346
917 3346
915 3344
1046 3403
1044 3403
904 3346
905 3345
917 3345
916 3344
914 3344
1047 3403
1043 3403
1044 3404
904 3345
906 3345
918 3345
914 3343
1048 3403
1047 3404
1047 3402
1044 3405
903 3345
906 3344
919 3345
918 3344
913 3343
1047 3405
902 3345
906 3343
920 3345
918 3343
1048 3405
1046 3405
901 3345
905 3343
906 3342
920 3344
919 3343
917 3343
1049 3405
1046 3406
900 3345
907 3342
920 3343
1049 3406
1046 3407
899 3345
900 3346
900 3344
907 3341
921 3343
1050 3406
1047 3407
1046 3408
898 3345
899 3346
900 3343
907 3340
922 3343
1047 3408
1046 3409
897 3345
899 3347
899 3343
908 3340
906 3340
922 3344
922 3342
1048 3408
1045 3409
896 3345
897 3346
899 3342
909 3340
923 3342
922 3341
1048 3409
1045 3410
895 3345
896 3344
897 3347
899 3341
922 3340
1049 3409
1044 3410
894 3345
895 3346
900 3341
923 3340
921 3340
1050 3409
1049 3410
893 3345
894 3344
901 3341
924 3340
920 3340
921 3339
1050 3410
1049 3411
893 3346
901 3342
901 3340
925 3340
924 3341
919 3340
920 3341
1051 3410
1049 3412
893 3347
901 3339
925 3341
918 3340
1049 3413
893 3348
901 3338
926 3341
917 3340
918 3339
1048 3413
1049 3414
893 3349
902 3338
900 3338
927 3341
926 3342
1050 3414
1049 3415
894 3349
892 3349
902 3337
899 3338
926 3343
1049 3416
891 3349
903 3337
899 3337
927 3343
926 3344
1049 3417
891 3350
891 3348
898 3337
928 3343
925 3344
1049 3418
891 3351
898 3336
929 3343
925 3345
1048 3418
1049 3419
891 3352
929 3344
929 3342
925 3346
1049 3420
892 3352
891 3353
930 3344
929 3345
929 3341
1050 3420
1049 3421
891 3354
931 3344
930 3341
1051 3420
1048 3421
1049 3422
892 3354
891 3355
932 3344
931 3345
930 3340
1051 3419
1048 3422
1050 3422
1049 3423
893 3354
890 3355
933 3344
930 3339
1051 3418
1048 3423
1049 3424
893 3353
889 3355
934 3344
933 3345
929 3339
1047 3423
888 3355
889 3356
889 3354
934 3345
934 3343
929 3338
888 3354
889 3357
935 3345
934 3342
929 3337
888 3353
890 3357
889 3358
936 3345
935 3346
935 3342
933 3342
929 3336
937 3345
936 3346
936 3342
928 3336
937 3346
937 3342
936 3343
936 3341
927 3336
938 3346
938 3342
926 3336
927 3335
939 3346
938 3343
938 3341
925 3336
926 3337
926 3335
939 3347
939 3345
938 3340
924 3336
926 3334
940 3347
939 3340
938 3339
923 3336
924 3337
925 3334
926 3333
941 3347
940 3340
939 3339
937 3339
924 3338
925 3333
941 3348
941 3346
940 3339
925 3332
941 3349
941 3339
940 3338
925 3331
940 3349
940 3337
924 3331
940 3336
924 3330
941 3336
939 3336
924 3329
941 3335
939 3335
925 3329
924 3328
939 3334
926 3329
923 3328
924 3327
939 3333
924 3326
940 3333
938 3333
939 3332
925 3326
923 3326
924 3325
940 3332
937 3333
938 3332
922 3326
941 3332
937 3334
921 3326
942 3332
937 3335
921 3327
942 3331
936 3335
920 3327
921 3328
943 3331
935 3335
919 3327
944 3331
943 3330
935 3334
918 3327
919 3328
945 3331
944 3332
943 3329
935 3333
917 3327
918 3326
945 3332
945 3330
944 3333
944 3329
943 3328
935 3332
918 3325
946 3332
945 3329
943 3333
942 3328
934 3332
919 3325
918 3324
947 3332
946 3333
942 3327
919 3324
948 3332
947 3331
942 3326
919 3323
948 3333
943 3326
941 3326
919 3322
949 3333
944 3326
943 3325
941 3325
918 3322
949 3334
944 3327
917 3322
918 3321
950 3334
945 3327
916 3322
918 3320
950 3335
946 3327
915 3322
916 3323
918 3319
950 3336
946 3328
946 3326
914 3322
915 3323
919 3319
918 3318
950 3337
946 3325
914 3321
920 3319
917 3318
918 3317
949 3337
950 3338
946 3324
913 3321
921 3319
920 3318
917 3317
949 3338
951 3338
950 3339
947 3324
921 3320
920 3317
916 3317
948 3338
949 3339
951 3339
948 3324
947 3323
922 3320
921 3317
916 3316
947 3338
952 3339
949 3324
923 3320
921 3316
916 3315
946 3338
947 3339
947 3337
953 3339
952 3340
950 3324
949 3325
924 3320
923 3321
921 3315
915 3315
945 3338
947 3340
947 3336
954 3339
950 3323
924 3319
914 3315
915 3314
946 3336
947 3335
950 3322
924 3318
914 3316
914 3314
915 3313
951 3322
924 3317
913 3316
914 3317
913 3314
915 3312
952 3322
951 3321
925 3317
924 3316
912 3316
914 3318
912 3314
916 3312
915 3311
953 3322
951 3320
926 3317
925 3316
924 3315
914 3319
912 3313
916 3311
953 3323
953 3321
952 3320
951 3319
926 3316
924 3314
913 3319
911 3313
912 3312
954 3323
953 3324
952 3319
951 3318
926 3315
924 3313
910 3313
911 3312
912 3311
953 3325
952 3318
950 3318
927 3315
923 3313
909 3313
910 3312
911 3311
912 3310
953 3326
953 3318
952 3317
928 3315
927 3314
923 3312
908 3313
911 3310
912 3309
953 3327
953 3317
952 3316
928 3316
927 3313
923 3311
907 3313
908 3314
912 3308
954 3327
954 3317
951 3316
926 3313
927 3312
923 3310
906 3313
908 3315
912 3307
955 3327
954 3328
955 3317
928 3312
922 3310
905 3313
906 3314
906 3312
908 3316
913 3307
911 3307
956 3327
954 3329
929 3312
921 3310
905 3312
906 3311
908 3317
914 3307
913 3306
910 3307
911 3306
957 3327
956 3328
953 3329
954 3330
930 3312
929 3311
921 3309
904 3312
906 3310
908 3318
915 3307
913 3305
910 3308
910 3306
952 3329
953 3330
955 3330
930 3311
929 3310
920 3309
903 3312
907 3310
906 3309
909 3318
915 3308
912 3305
913 3304
909 3306
951 3329
953 3331
955 3331
930 3310
928 3310
929 3309
919 3309
908 3310
907 3309
905 3309
915 3309
914 3304
909 3305
951 3330
952 3331
953 3332
955 3332
931 3310
928 3309
929 3308
919 3310
909 3310
904 3309
905 3308
914 3309
915 3304
909 3304
953 3333
956 3332
955 3333
932 3310
929 3307
918 3310
919 3311
909 3309
903 3309
916 3304
915 3303
909 3303
957 3332
930 3307
928 3307
918 3311
919 3312
902 3309
916 3303
908 3303
958 3332
957 3333
931 3307
928 3306
902 3310
902 3308
917 3303
916 3302
907 3303
959 3332
932 3307
927 3306
901 3310
901 3308
916 3301
906 3303
907 3302
960 3332
932 3306
927 3305
900 3308
917 3301
915 3301
905 3303
906 3304
960 3331
933 3306
927 3304
899 3308
918 3301
915 3300
905 3302
906 3305
961 3331
934 3306
933 3305
927 3303
898 3308
899 3309
918 3300
915 3299
905 3301
906 3306
962 3331
961 3330
935 3306
934 3307
926 3303
897 3308
898 3309
918 3299
915 3298
905 3300
963 3331
962 3332
961 3329
935 3305
934 3308
925 3303
926 3302
896 3308
898 3310
919 3299
917 3299
916 3298
915 3297
906 3300
904 3300
963 3332
963 3330
960 3329
935 3304
935 3308
925 3302
895 3308
898 3311
920 3299
915 3296
906 3299
903 3300
963 3333
964 3330
959 3329
936 3304
934 3304
936 3308
895 3309
895 3307
899 3311
898 3312
921 3299
916 3296
914 3296
906 3298
902 3300
964 3333
963 3334
965 3330
964 3329
959 3330
937 3304
894 3309
895 3306
898 3313
922 3299
921 3300
921 3298
916 3295
913 3296
907 3298
906 3297
901 3300
902 3299
964 3334
965 3331
965 3329
964 3328
938 3304
896 3306
894 3306
895 3305
923 3299
922 3300
917 3295
916 3294
912 3296
908 3298
906 3296
902 3298
964 3335
966 3331
965 3328
963 3328
938 3305
893 3306
895 3304
924 3299
922 3301
915 3294
916 3293
911 3296
912 3297
908 3299
903 3298
902 3297
965 3335
964 3336
967 3331
966 3332
962 3328
938 3306
893 3307
893 3305
895 3303
925 3299
917 3293
910 3296
908 3300
903 3297
966 3335
964 3337
937 3306
938 3307
892 3307
894 3303
895 3302
918 3293
909 3296
909 3300
967 3335
966 3336
966 3334
964 3338
892 3308
893 3303
896 3302
918 3292
909 3295
965 3338
963 3338
892 3303
893 3302
897 3302
919 3292
965 3339
892 3304
893 3301
898 3302
920 3292
965 3340
894 3301
892 3301
899 3302
920 3293
966 3340
894 3300
891 3301
899 3303
921 3293
920 3294
966 3341
894 3299
890 3301
900 3303
899 3304
922 3293
919 3294
966 3342
895 3299
893 3299
894 3298
890 3302
901 3303
923 3293
966 3343
896 3299
895 3298
892 3299
894 3297
889 3302
924 3293
966 3344
891 3299
888 3302
889 3303
924 3292
967 3344
966 3345
888 3303
888 3301
965 3345
888 3304
887 3301
965 3346
888 3305
886 3301
965 3347
888 3306
886 3300
964 3347
965 3348
887 3306
885 3300
963 3347
965 3349
885 3299
962 3347
963 3346
966 3349
965 3350
885 3298
964 3350
965 3351
885 3297
964 3351
966 3351
884 3297
963 3351
967 3351
883 3297
884 3296
962 3351
963 3352
968 3351
967 3352
883 3298
883 3296
961 3351
963 3353
969 3351
883 3299
882 3296
961 3352
963 3354
969 3352
969 3350
883 3300
881 3296
960 3352
963 3355
970 3352
969 3349
883 3301
880 3296
881 3295
959 3352
971 3352
970 3349
883 3302
879 3296
880 3295
881 3294
959 3353
970 3348
882 3302
883 3303
879 3295
880 3294
971 3348
881 3302
882 3303
880 3293
972 3348
971 3347
882 3304
880 3292
973 3348
882 3305
880 3291
973 3347
881 3305
882 3306
881 3291
880 3290
973 3346
880 3305
882 3307
882 3291
973 3345
879 3305
880 3306
882 3292
882 3290
974 3345
973 3344
878 3305
879 3306
880 3307
883 3290
975 3345
972 3344
973 3343
877 3305
880 3308
884 3290
883 3289
973 3342
877 3306
877 3304
885 3290
883 3288
972 3342
973 3341
876 3306
876 3304
886 3290
883 3287
974 3341
973 3340
875 3306
876 3303
887 3290
886 3291
884 3287
883 3286
973 3339
874 3306
888 3290
882 3286
883 3285
974 3339
972 3339
973 3338
873 3306
889 3290
888 3291
881 3286
883 3284
971 3339
972 3338
973 3337
872 3306
873 3305
890 3290
889 3291
880 3286
883 3283
970 3339
973 3336
872 3307
873 3304
890 3291
890 3289
880 3287
883 3282
969 3339
974 3336
972 3336
872 3308
873 3303
891 3289
879 3287
880 3288
882 3282
969 3340
969 3338
872 3309
874 3303
872 3303
892 3289
878 3287
969 3341
873 3309
871 3303
892 3290
892 3288
878 3286
968 3341
969 3342
874 3309
873 3310
870 3303
893 3288
877 3286
968 3342
873 3311
870 3304
893 3287
876 3286
874 3311
872 3311
869 3304
894 3287
875 3286
876 3287
875 3311
874 3312
872 3312
868 3304
895 3287
894 3286
874 3286
875 3287
876 3288
876 3311
875 3312
872 3313
896 3287
873 3286
874 3285
877 3288
877 3311
872 3314
896 3288
873 3287
877 3289
878 3311
871 3314
897 3288
896 3289
878 3289
877 3290
878 3310
870 3314
898 3288
895 3289
896 3290
879 3289
876 3290
877 3291
869 3314
870 3315
896 3291
875 3290
869 3313
870 3316
895 3291
875 3289
869 3312
871 3316
869 3316
894 3291
895 3292
868 3312
869 3311
872 3316
869 3310
873 3316
868 3310
874 3316
873 3317
867 3310
875 3316
874 3317
874 3315
873 3318
867 3309
876 3316
874 3314
873 3319
867 3308
877 3316
876 3315
874 3319
873 3320
866 3308
878 3316
877 3315
874 3320
873 3321
865 3308
878 3315
875 3320
872 3321
865 3307
878 3314
875 3321
872 3322
864 3307
871 3322
872 3323
863 3307
864 3306
870 3322
872 3324
862 3307
864 3305
869 3322
870 3323
861 3307
862 3306
863 3305
869 3323
860 3307
861 3308
862 3305
869 3324
860 3308
860 3306
861 3309
861 3305
868 3324
860 3309
859 3306
860 3305
861 3304
867 3324
868 3325
860 3310
858 3306
866 3324
868 3326
859 3310
860 3311
858 3307
858 3305
866 3325
859 3311
861 3311
857 3305
858 3304
856 3305
858 3303
856 3304
859 3303
858 3302
855 3304
858 3301
854 3304
859 3301
857 3301
858 3300
853 3304
860 3301
858 3299
852 3304
853 3303
860 3300
859 3299
857 3299
852 3305
852 3303
856 3299
852 3306
852 3302
855 3299
852 3307
851 3302
853 3307
851 3307
854 3307
850 3307
851 3308
854 3308
849 3307
851 3309
849 3306
848 3306
847 3306
848 3305
846 3306
847 3307
847 3305
848 3304
846 3307
847 3308
849 3304
848 3303
847 3309
850 3304
848 3302
846 3309
847 3310
847 3302
848 3301
845 3309
848 3310
846 3302
844 3309
849 3310
848 3311
845 3302
846 3301
843 3309
844 3310
848 3312
844 3302
846 3300
842 3309
847 3312
843 3302
844 3301
846 3299
841 3309
846 3312
842 3302
843 3303
846 3298
840 3309
841 3310
846 3313
841 3302
843 3304
846 3297
839 3309
840 3310
840 3308
845 3313
846 3314
840 3302
847 3297
845 3297
840 3311
840 3307
846 3315
839 3302
840 3301
847 3296
844 3297
839 3311
840 3306
846 3316
839 3301
848 3296
843 3297
844 3296
841 3306
839 3306
846 3317
844 3295
842 3306
838 3306
847 3317
845 3317
843 3295
844 3294
838 3307
838 3305
848 3317
844 3317
842 3295
843 3294
844 3293
838 3308
838 3304
849 3317
843 3317
842 3294
845 3293
837 3308
838 3303
849 3316
842 3317
843 3316
841 3294
842 3293
846 3293
837 3309
837 3303
841 3317
842 3316
840 3294
841 3293
842 3292
847 3293
846 3294
837 3310
840 3317
841 3316
840 3295
842 3291
847 3294
847 3292
837 3311
840 3318
841 3315
840 3296
843 3291
842 3290
848 3294
837 3312
840 3319
840 3315
841 3296
840 3297
841 3290
838 3312
836 3312
837 3313
841 3319
839 3319
839 3315
840 3298
841 3289
836 3313
837 3314
842 3319
838 3319
839 3316
840 3289
841 3288
835 3313
837 3319
838 3320
838 3318
839 3289
840 3288
842 3288
841 3287
834 3313
838 3321
838 3289
839 3290
840 3287
841 3286
838 3322
837 3289
842 3286
839 3322
837 3322
836 3289
843 3286
840 3322
836 3322
835 3289
836 3288
844 3286
843 3285
841 3322
840 3321
835 3322
835 3290
835 3288
836 3287
844 3287
844 3285
843 3284
835 3321
834 3290
835 3287
845 3287
845 3285
844 3284
834 3321
833 3290
834 3291
846 3285
845 3284
833 3321
833 3289
834 3292
846 3286
845 3283
832 3321
833 3322
832 3289
834 3293
847 3286
845 3282
832 3322
832 3320
833 3323
831 3289
832 3288
835 3293
833 3293
848 3286
844 3282
845 3281
831 3322
832 3323
834 3323
830 3289
832 3287
836 3293
832 3293
833 3294
848 3287
844 3281
845 3280
830 3322
832 3324
834 3324
829 3289
830 3288
832 3286
836 3292
831 3293
833 3295
848 3288
846 3280
830 3321
831 3324
832 3325
835 3324
834 3325
832 3285
837 3292
836 3291
830 3293
831 3294
834 3295
833 3296
849 3288
830 3324
833 3325
832 3326
834 3326
833 3285
832 3284
838 3292
829 3293
835 3295
833 3297
849 3289
829 3324
832 3327
832 3283
839 3292
829 3294
836 3295
835 3296
833 3298
849 3290
833 3327
832 3328
831 3283
832 3282
828 3294
829 3295
837 3295
835 3297
832 3298
850 3290
849 3291
832 3329
831 3282
833 3282
832 3281
827 3294
829 3296
835 3298
831 3298
850 3291
833 3329
832 3330
830 3282
832 3280
826 3294
827 3293
836 3298
835 3299
830 3298
831 3299
851 3291
831 3330
833 3280
831 3280
827 3292
829 3298
830 3297
852 3291
830 3330
830 3280
831 3279
826 3292
827 3291
829 3299
852 3292
852 3290
829 3280
830 3279
826 3291
829 3300
853 3292
853 3290
828 3280
830 3278
825 3291
828 3300
828 3281
830 3277
824 3291
827 3300
828 3282
829 3277
830 3276
823 3291
826 3300
828 3277
831 3276
823 3290
826 3301
826 3299
827 3277
831 3275
823 3289
826 3302
826 3298
832 3275
822 3289
823 3288
827 3302
826 3297
833 3275
821 3289
822 3288
823 3287
828 3302
827 3303
834 3275
820 3289
822 3287
834 3274
820 3290
820 3288
822 3286
835 3274
820 3291
822 3285
836 3274
821 3285
822 3284
836 3275
836 3273
820 3285
821 3284
823 3284
837 3275
836 3276
836 3272
819 3285
820 3286
821 3283
824 3284
836 3277
835 3272
836 3271
818 3285
820 3283
825 3284
824 3285
835 3277
836 3278
834 3272
836 3270
818 3286
818 3284
819 3283
835 3278
837 3278
833 3272
837 3270
817 3286
818 3283
833 3273
833 3271
816 3286
818 3282
832 3271
833 3270
815 3286
818 3281
832 3270
814 3286
815 3287
819 3281
818 3280
832 3269
813 3286
815 3288
819 3280
832 3268
812 3286
813 3287
813 3285
815 3289
819 3279
831 3268
813 3288
813 3284
819 3278
831 3267
818 3278
819 3277
830 3267
831 3266
820 3277
830 3266
832 3266
820 3276
830 3265
820 3275
820 3274
820 3273
821 3273
819 3273
822 3273
818 3273
817 3273
818 3274
816 3273
817 3274
817 3275
816 3275
815 3275
814 3275
813 3275
814 3276
812 3275
813 3274
812 3276
813 3273
811 3276
812 3277
813 3272
810 3276
813 3277
812 3278
812 3272
813 3271
811 3278
812 3279
811 3272
812 3271
814 3271
813 3270
813 3279
810 3272
811 3271
815 3271
813 3280
816 3271
815 3270
813 3281
816 3270
815 3269
812 3281
816 3269
815 3268
811 3281
816 3268
814 3268
811 3282
811 3280
813 3268
814 3267
811 3283
810 3280
812 3268
813 3267
810 3283
811 3284
810 3279
813 3266
809 3283
810 3284
809 3279
813 3265
808 3283
813 3264
807 3283
808 3284
814 3264
812 3264
807 3284
807 3282
808 3285
815 3264
811 3264
812 3263
807 3281
808 3286
816 3264
810 3264
811 3263
808 3281
806 3281
808 3287
817 3264
816 3263
809 3264
811 3262
805 3281
809 3287
808 3288
818 3264
816 3262
809 3263
811 3261
805 3280
809 3288
807 3288
818 3265
816 3261
808 3263
812 3261
810 3261
805 3279
807 3289
819 3265
817 3261
815 3261
812 3260
809 3261
805 3278
818 3261
817 3260
815 3260
812 3259
806 3278
804 3278
819 3261
818 3260
815 3259
813 3259
811 3259
812 3258
806 3277
804 3277
819 3260
813 3258
811 3258
812 3257
807 3277
804 3276
820 3260
819 3259
813 3257
810 3258
812 3256
803 3276
813 3256
803 3275
813 3255
802 3275
814 3255
813 3254
802 3274
814 3254
813 3253
802 3273
812 3253
813 3252
801 3273
811 3253
814 3252
813 3251
800 3273
810 3253
811 3252
812 3251
813 3250
799 3273
800 3272
809 3253
810 3254
814 3250
798 3273
809 3252
810 3255
815 3250
797 3273
808 3252
809 3251
810 3256
816 3250
797 3272
807 3252
817 3250
796 3272
797 3271
807 3253
807 3251
818 3250
817 3251
795 3272
798 3271
797 3270
806 3253
806 3251
819 3250
795 3273
799 3271
798 3270
796 3270
805 3253
806 3250
820 3250
819 3251
794 3273
795 3270
804 3253
805 3254
806 3249
820 3251
820 3249
793 3273
794 3274
795 3269
804 3254
805 3255
805 3249
821 3251
821 3249
793 3274
793 3272
803 3254
806 3255
805 3248
821 3252
792 3274
802 3254
804 3248
805 3247
792 3275
801 3254
802 3255
802 3253
803 3248
804 3247
806 3247
792 3276
800 3254
802 3252
802 3248
804 3246
807 3247
791 3276
792 3277
800 3255
803 3252
802 3251
801 3248
802 3247
804 3245
808 3247
790 3276
793 3277
792 3278
803 3251
800 3248
801 3247
809 3247
808 3246
789 3276
790 3275
793 3278
800 3247
809 3248
809 3246
788 3276
789 3275
794 3278
799 3247
810 3246
809 3245
788 3275
794 3279
798 3247
809 3244
788 3274
795 3279
797 3247
808 3244
809 3243
787 3274
796 3279
797 3248
810 3243
786 3274
797 3279
796 3248
797 3249
811 3243
785 3274
786 3275
786 3273
797 3280
797 3278
795 3248
812 3243
784 3274
785 3275
785 3273
786 3272
797 3281
797 3277
794 3248
795 3249
795 3247
813 3243
812 3242
783 3274
785 3276
787 3272
796 3281
796 3277
797 3276
793 3248
794 3249
813 3244
812 3241
783 3275
795 3281
796 3276
797 3275
792 3248
813 3245
813 3241
812 3240
783 3276
795 3282
798 3275
791 3248
814 3245
812 3245
783 3277
814 3246
782 3277
783 3278
814 3247
783 3279
815 3247
813 3247
814 3248
782 3279
783 3280
816 3247
781 3279
784 3280
817 3247
780 3279
785 3280
784 3281
818 3247
817 3246
779 3279
780 3278
785 3279
784 3282
819 3247
817 3245
779 3278
780 3277
783 3282
784 3283
820 3247
819 3246
817 3244
778 3278
783 3283
785 3283
819 3245
817 3243
777 3278
785 3284
820 3245
818 3243
777 3279
777 3277
786 3284
820 3244
777 3280
776 3277
777 3276
787 3284
821 3244
820 3243
778 3280
776 3280
777 3275
788 3284
787 3283
822 3244
821 3243
820 3242
778 3281
775 3280
776 3281
777 3274
788 3285
787 3282
823 3244
819 3242
778 3282
774 3280
778 3274
776 3274
789 3285
1738 2515
824 3244
823 3243
819 3241
778 3283
773 3280
774 3279
778 3273
776 3273
790 3285
825 3244
818 3241
819 3240
777 3283
774 3278
779 3273
775 3273
776 3272
791 3285
825 3245
825 3243
819 3239
777 3284
773 3278
774 3277
780 3273
774 3273
791 3286
791 3284
825 3246
825 3242
820 3239
818 3239
777 3285
772 3278
773 3273
774 3272
792 3284
825 3247
825 3241
776 3285
771 3278
772 3273
774 3271
793 3284
825 3248
826 3241
824 3241
775 3285
770 3278
774 3270
794 3284
826 3240
770 3279
774 3269
794 3285
826 3239
770 3280
773 3269
794 3286
827 3239
772 3269
795 3286
794 3287
828 3239
827 3238
771 3269
793 3287
828 3240
827 3237
770 3269
771 3268
793 3288
827 3236
770 3268
792 3288
793 3289
828 3236
826 3236
770 3267
794 3289
829 3236
825 3236
826 3235
769 3267
770 3266
795 3289
794 3290
829 3237
825 3235
768 3267
770 3265
796 3289
794 3291
829 3238
824 3235
767 3267
770 3264
797 3289
793 3291
794 3292
823 3235
824 3234
767 3266
798 3289
797 3288
795 3292
822 3235
824 3233
767 3265
799 3289
798 3288
796 3292
821 3235
824 3232
767 3264
800 3289
799 3288
796 3293
821 3236
821 3234
823 3232
824 3231
796 3294
820 3236
821 3233
825 3231
824 3230
797 3294
820 3233
826 3231
825 3230
798 3294
797 3295
820 3232
827 3231
826 3232
825 3229
799 3294
798 3295
797 3296
819 3232
820 3231
828 3231
826 3233
800 3294
798 3296
796 3296
819 3231
820 3230
828 3230
827 3233
801 3294
800 3295
798 3297
795 3296
819 3230
829 3230
828 3233
827 3234
802 3294
800 3296
799 3297
798 3298
795 3297
830 3230
803 3294
802 3295
802 3293
799 3298
794 3297
830 3229
804 3294
803 3295
803 3293
802 3296
800 3298
799 3299
793 3297
831 3229
830 3228
804 3295
803 3292
800 3299
792 3297
793 3296
832 3229
829 3228
830 3227
800 3300
791 3297
792 3296
832 3228
828 3228
830 3226
800 3301
791 3298
792 3295
832 3227
827 3228
828 3227
830 3225
799 3301
800 3302
791 3299
791 3295
833 3227
826 3228
828 3226
801 3302
800 3303
792 3299
791 3294
826 3227
828 3225
799 3303
793 3299
790 3294
825 3227
827 3225
828 3224
799 3304
789 3294
824 3227
826 3225
829 3224
828 3223
799 3305
789 3293
823 3227
826 3224
828 3222
798 3305
799 3306
788 3293
789 3292
822 3227
828 3221
797 3305
798 3306
799 3307
787 3293
788 3292
789 3291
821 3227
828 3220
796 3305
797 3304
798 3307
799 3308
786 3293
787 3292
790 3291
789 3290
820 3227
821 3226
829 3220
828 3219
796 3304
797 3307
800 3308
799 3309
785 3293
786 3294
820 3228
820 3226
821 3225
830 3220
827 3219
828 3218
795 3304
796 3303
796 3307
797 3308
800 3309
798 3309
784 3293
785 3294
822 3225
830 3221
826 3219
794 3304
796 3302
797 3309
801 3309
798 3310
784 3294
830 3222
825 3219
826 3218
794 3305
801 3310
798 3311
784 3295
831 3222
830 3223
824 3219
825 3218
793 3305
802 3310
801 3311
797 3311
798 3312
832 3222
792 3305
803 3310
800 3311
801 3312
797 3312
798 3313
832 3221
792 3306
792 3304
804 3310
803 3309
800 3312
799 3313
832 3220
792 3307
805 3310
804 3311
803 3308
833 3220
832 3219
793 3307
791 3307
792 3308
806 3310
805 3311
802 3308
834 3220
832 3218
792 3309
807 3310
835 3220
833 3218
793 3309
792 3310
808 3310
807 3311
807 3309
836 3220
835 3221
835 3219
833 3217
809 3310
807 3312
807 3308
835 3222
834 3217
810 3310
806 3312
807 3313
806 3308
836 3222
834 3216
811 3310
810 3309
807 3314
837 3222
834 3215
812 3310
808 3314
807 3315
838 3222
833 3215
813 3310
812 3311
806 3315
807 3316
839 3222
838 3221
832 3215
814 3310
813 3311
813 3309
806 3316
808 3316
839 3221
832 3216
815 3310
814 3309
805 3316
809 3316
840 3221
839 3220
815 3309
805 3317
810 3316
841 3221
805 3318
811 3316
842 3221
841 3220
806 3318
843 3221
841 3219
807 3318
844 3221
843 3222
840 3219
808 3318
844 3220
840 3218
808 3319
844 3219
839 3218
840 3217
808 3320
838 3218
840 3216
809 3320
808 3321
841 3216
839 3216
807 3321
841 3215
838 3216
806 3321
807 3322
841 3214
837 3216
807 3323
842 3214
836 3216
808 3323
806 3323
807 3324
842 3213
836 3215
808 3324
807 3325
842 3212
836 3214
808 3325
807 3326
842 3211
837 3214
836 3213
806 3326
843 3211
837 3213
835 3213
806 3327
843 3210
838 3213
806 3328
843 3209
838 3212
806 3329
843 3208
838 3211
806 3330
844 3208
842 3208
839 3211
837 3211
807 3330
806 3331
841 3208
842 3207
836 3211
808 3330
805 3331
842 3206
835 3211
809 3330
804 3331
805 3332
843 3206
835 3210
810 3330
809 3329
803 3331
805 3333
844 3206
843 3205
835 3209
811 3330
809 3328
802 3331
806 3333
805 3334
845 3206
844 3205
836 3209
835 3208
812 3330
809 3327
802 3332
802 3330
806 3334
846 3206
845 3205
844 3204
836 3208
834 3208
835 3207
808 3327
809 3326
802 3333
801 3330
806 3335
847 3206
846 3207
846 3205
845 3204
844 3203
835 3206
801 3333
802 3334
800 3330
801 3329
847 3207
846 3208
846 3204
845 3203
835 3205
800 3333
801 3334
802 3335
800 3329
847 3208
846 3209
835 3204
799 3333
802 3336
799 3329
800 3328
848 3208
847 3209
836 3204
803 3336
798 3329
848 3209
836 3203
798 3330
849 3209
836 3202
797 3330
798 3331
850 3209
835 3202
836 3201
796 3330
851 3209
850 3210
835 3201
837 3201
795 3330
851 3208
838 3201
837 3200
795 3331
795 3329
852 3208
851 3207
837 3199
795 3332
795 3328
851 3206
836 3199
837 3198
795 3333
796 3328
795 3327
851 3205
838 3198
837 3197
795 3334
797 3328
794 3327
795 3326
852 3205
850 3205
839 3198
837 3196
794 3334
793 3327
794 3326
795 3325
853 3205
850 3204
839 3197
836 3196
837 3195
793 3334
794 3335
793 3328
796 3325
854 3205
853 3204
850 3203
835 3196
838 3195
837 3194
793 3335
794 3336
793 3329
796 3324
853 3203
837 3193
792 3335
793 3336
795 3336
792 3329
793 3330
797 3324
853 3202
837 3192
791 3335
793 3337
796 3336
791 3329
797 3323
854 3202
852 3202
838 3192
836 3192
790 3335
797 3336
791 3330
791 3328
797 3322
855 3202
854 3201
851 3202
839 3192
835 3192
790 3336
790 3334
798 3336
797 3335
790 3330
791 3327
798 3322
796 3322
856 3202
854 3200
840 3192
835 3193
835 3191
790 3337
799 3336
798 3337
789 3330
791 3326
799 3322
795 3322
796 3321
857 3202
856 3203
856 3201
840 3191
835 3194
835 3190
789 3337
799 3337
798 3338
788 3330
789 3331
790 3326
791 3325
799 3323
794 3322
795 3323
858 3202
856 3200
841 3191
840 3190
834 3194
836 3190
834 3190
835 3189
788 3337
789 3338
798 3339
788 3329
792 3325
799 3324
859 3202
858 3201
856 3199
842 3191
841 3190
833 3194
837 3190
836 3189
834 3189
787 3337
799 3339
797 3339
787 3329
793 3325
799 3325
860 3202
859 3203
857 3199
855 3199
843 3191
832 3194
833 3195
837 3189
833 3189
786 3337
787 3338
800 3339
796 3339
786 3329
793 3324
799 3326
860 3203
857 3198
843 3192
843 3190
831 3194
833 3196
832 3189
833 3188
785 3337
786 3338
801 3339
795 3339
796 3340
786 3330
793 3323
860 3204
858 3198
844 3190
830 3194
833 3197
785 3338
801 3340
796 3341
785 3330
786 3331
792 3323
861 3204
860 3205
859 3198
858 3197
845 3190
830 3195
834 3197
833 3198
784 3338
785 3339
801 3341
796 3342
784 3330
786 3332
791 3323
792 3322
862 3204
860 3206
860 3198
859 3199
859 3197
858 3196
846 3190
845 3191
845 3189
829 3195
830 3196
832 3198
833 3199
783 3338
785 3340
801 3342
795 3342
783 3330
786 3333
790 3323
863 3204
861 3206
860 3207
861 3198
859 3196
847 3190
846 3189
845 3192
828 3195
831 3196
830 3197
832 3199
782 3338
785 3341
801 3343
782 3330
787 3333
785 3333
789 3323
863 3205
861 3199
861 3197
859 3195
846 3188
827 3195
828 3194
781 3338
786 3341
801 3344
782 3329
784 3333
788 3323
864 3205
862 3199
862 3197
859 3194
847 3188
846 3187
826 3195
780 3338
781 3337
786 3342
801 3345
781 3329
783 3333
788 3324
865 3205
862 3200
860 3194
858 3194
826 3194
780 3337
786 3343
802 3345
783 3334
787 3324
866 3205
865 3206
862 3201
861 3194
858 3193
825 3194
826 3193
780 3336
787 3343
785 3343
803 3345
783 3335
786 3324
866 3204
861 3193
858 3192
824 3194
826 3192
779 3336
787 3344
784 3343
803 3346
784 3335
785 3324
786 3323
867 3204
866 3203
862 3193
858 3191
824 3195
824 3193
826 3191
779 3335
784 3344
804 3346
803 3347
784 3324
868 3204
865 3203
859 3191
858 3190
823 3195
823 3193
827 3191
778 3335
784 3345
805 3346
784 3325
784 3323
869 3204
865 3202
858 3189
822 3193
823 3192
828 3191
778 3334
785 3345
783 3345
805 3347
784 3326
870 3204
859 3189
821 3193
823 3191
828 3192
778 3333
805 3348
785 3326
783 3326
871 3204
870 3203
860 3189
822 3191
777 3333
806 3348
805 3349
785 3327
783 3327
872 3204
860 3188
821 3191
807 3348
805 3350
782 3327
873 3204
872 3203
861 3188
860 3187
821 3190
807 3349
807 3347
781 3327
862 3188
820 3190
808 3349
780 3327
862 3187
819 3190
820 3189
809 3349
808 3350
779 3327
863 3187
818 3190
819 3191
809 3350
778 3327
779 3326
864 3187
863 3186
818 3191
818 3189
810 3350
777 3327
778 3328
864 3188
864 3186
817 3191
818 3192
817 3189
810 3351
776 3327
865 3188
864 3189
864 3185
817 3192
818 3193
817 3188
775 3327
776 3326
866 3188
864 3190
864 3184
816 3192
819 3193
816 3188
817 3187
775 3328
776 3325
867 3188
866 3189
863 3190
864 3191
865 3184
816 3193
818 3187
817 3186
774 3328
775 3329
777 3325
776 3324
867 3187
865 3191
864 3192
865 3183
816 3194
773 3328
775 3324
776 3323
867 3186
865 3192
863 3192
866 3183
815 3194
772 3328
774 3324
776 3322
868 3186
867 3183
815 3195
771 3328
773 3324
777 3322
868 3185
868 3183
867 3182
814 3195
771 3329
772 3324
868 3184
869 3183
867 3181
813 3195
771 3330
771 3324
772 3323
869 3184
870 3183
868 3181
866 3181
812 3195
813 3196
813 3194
772 3330
770 3324
772 3322
870 3184
868 3180
865 3181
812 3196
812 3194
813 3197
813 3193
772 3331
769 3324
770 3323
772 3321
869 3180
864 3181
811 3194
814 3197
772 3332
769 3325
769 3323
770 3322
772 3320
870 3180
869 3179
863 3181
864 3180
810 3194
811 3193
814 3198
772 3333
768 3325
768 3323
773 3320
871 3180
870 3181
870 3179
869 3178
863 3182
864 3179
809 3194
810 3195
814 3199
773 3333
767 3323
768 3322
773 3319
872 3180
870 3178
869 3177
865 3179
808 3194
814 3200
767 3324
768 3321
872 3179
870 3177
869 3176
866 3179
807 3194
808 3193
814 3201
769 3321
767 3321
870 3176
866 3178
806 3194
808 3192
813 3201
767 3320
870 3175
809 3192
807 3192
812 3201
813 3202
766 3320
767 3319
870 3174
806 3192
812 3200
813 3203
765 3320
768 3319
767 3318
870 3173
805 3192
806 3191
811 3200
813 3204
765 3321
769 3319
766 3318
767 3317
870 3172
804 3192
805 3191
810 3200
814 3204
812 3204
765 3322
770 3319
769 3318
766 3317
869 3172
803 3192
809 3200
810 3201
815 3204
811 3204
765 3323
770 3320
769 3317
868 3172
869 3171
802 3192
803 3193
809 3201
809 3199
815 3203
765 3324
769 3316
867 3172
868 3173
869 3170
802 3193
808 3201
809 3202
816 3203
764 3324
867 3171
869 3169
801 3193
807 3201
808 3202
764 3325
866 3171
869 3168
801 3194
806 3201
808 3203
764 3326
865 3171
870 3168
801 3195
805 3201
806 3202
808 3204
763 3326
864 3171
871 3168
870 3167
802 3195
800 3195
804 3201
806 3203
809 3204
762 3326
863 3171
872 3168
870 3166
800 3196
803 3201
804 3200
809 3205
761 3326
762 3327
863 3170
873 3168
871 3166
870 3165
799 3196
802 3201
803 3202
761 3325
762 3328
863 3169
874 3168
873 3169
872 3166
870 3164
803 3203
760 3325
763 3328
873 3170
871 3164
869 3164
804 3203
802 3203
803 3204
759 3325
760 3324
873 3171
872 3164
869 3163
804 3204
802 3204
758 3325
760 3323
873 3172
869 3162
804 3205
801 3204
802 3205
760 3322
874 3172
872 3172
873 3173
869 3161
802 3206
759 3322
760 3321
868 3161
869 3160
801 3206
759 3321
760 3320
868 3160
800 3206
759 3320
868 3159
799 3206
800 3207
758 3320
759 3319
868 3158
798 3206
800 3208
758 3319
759 3318
867 3158
797 3206
760 3318
759 3317
867 3157
796 3206
758 3317
867 3156
796 3205
757 3317
758 3316
868 3156
867 3155
796 3204
757 3318
758 3315
869 3156
868 3155
866 3155
867 3154
795 3204
796 3203
756 3318
759 3315
757 3315
758 3314
870 3156
868 3154
865 3155
867 3153
794 3204
795 3203
797 3203
796 3202
755 3318
760 3315
759 3314
756 3315
757 3314
758 3313
870 3155
864 3155
793 3204
795 3202
798 3203
755 3319
761 3315
759 3313
755 3315
756 3316
757 3313
758 3312
870 3154
863 3155
864 3156
864 3154
793 3205
794 3202
799 3203
798 3202
754 3319
762 3315
759 3312
755 3314
870 3153
863 3154
793 3206
793 3202
794 3201
799 3202
753 3319
754 3320
762 3316
759 3311
755 3313
871 3153
870 3152
862 3154
793 3207
794 3200
753 3318
754 3321
762 3317
759 3310
871 3152
870 3151
861 3154
792 3207
793 3208
753 3317
754 3322
761 3317
759 3309
871 3151
870 3150
860 3154
861 3153
791 3207
794 3208
793 3209
754 3317
753 3322
760 3309
870 3149
860 3155
861 3152
794 3209
793 3210
754 3316
753 3323
761 3309
760 3308
869 3149
870 3148
860 3156
862 3152
860 3152
861 3151
794 3210
792 3210
753 3324
762 3309
761 3310
761 3308
869 3148
870 3147
863 3152
860 3151
791 3210
792 3211
754 3324
763 3309
762 3310
761 3307
868 3148
871 3147
859 3151
790 3210
791 3211
754 3325
764 3309
762 3311
762 3307
867 3148
868 3147
872 3147
858 3151
859 3150
789 3210
754 3326
765 3309
763 3311
762 3306
866 3148
867 3149
868 3146
873 3147
857 3151
859 3149
788 3210
789 3209
754 3327
764 3311
762 3305
867 3150
868 3145
874 3147
857 3152
857 3150
860 3149
787 3210
788 3211
754 3328
764 3312
763 3305
762 3304
867 3151
869 3145
867 3145
868 3144
875 3147
856 3152
856 3150
857 3149
860 3148
786 3210
788 3212
755 3328
753 3328
754 3329
765 3312
764 3305
762 3303
866 3151
867 3144
875 3146
855 3150
861 3148
860 3147
786 3211
789 3212
788 3213
752 3328
754 3330
766 3312
761 3303
762 3302
866 3144
867 3143
876 3146
875 3145
854 3150
862 3148
859 3147
789 3213
788 3214
752 3329
752 3327
754 3331
767 3312
760 3303
763 3302
865 3144
867 3142
877 3146
876 3145
874 3145
853 3150
854 3151
863 3148
859 3146
787 3214
788 3215
751 3329
751 3327
753 3331
754 3332
768 3312
759 3303
763 3301
864 3144
866 3142
878 3146
876 3144
874 3144
852 3150
854 3152
858 3146
859 3145
788 3216
750 3327
752 3331
754 3333
768 3311
758 3303
764 3301
763 3300
864 3143
865 3142
879 3146
878 3145
876 3143
874 3143
851 3150
858 3145
860 3145
787 3216
749 3327
751 3331
754 3334
769 3311
764 3300
865 3141
880 3146
879 3145
877 3143
875 3143
874 3142
850 3150
851 3151
851 3149
860 3144
786 3216
750 3331
754 3335
764 3299
864 3141
865 3140
878 3143
873 3142
849 3150
851 3148
860 3143
785 3216
786 3217
750 3332
755 3335
754 3336
765 3299
865 3139
879 3143
872 3142
873 3141
849 3149
851 3147
859 3143
784 3216
785 3217
786 3218
754 3337
765 3298
865 3138
880 3143
848 3149
852 3147
850 3147
858 3143
859 3142
785 3218
787 3218
786 3219
753 3337
754 3338
765 3297
865 3137
880 3142
847 3149
853 3147
849 3147
850 3146
857 3143
859 3141
787 3219
752 3337
755 3338
766 3297
764 3297
865 3136
881 3142
847 3148
849 3146
850 3145
857 3144
858 3141
751 3337
752 3338
756 3338
767 3297
766 3296
763 3297
866 3136
864 3136
865 3135
882 3142
846 3148
848 3146
850 3144
750 3337
751 3338
751 3336
757 3338
756 3337
767 3298
767 3296
766 3295
867 3136
866 3135
865 3134
847 3146
849 3144
749 3337
758 3338
768 3298
768 3296
765 3295
868 3136
865 3133
848 3144
749 3338
749 3336
759 3338
769 3298
768 3295
869 3136
865 3132
847 3144
848 3143
749 3339
749 3335
759 3339
769 3299
870 3136
865 3131
847 3143
748 3339
749 3340
749 3334
760 3339
759 3340
770 3299
769 3300
871 3136
870 3137
866 3131
864 3131
865 3130
846 3143
747 3339
748 3340
749 3341
748 3334
761 3339
758 3340
769 3301
872 3136
871 3137
871 3135
867 3131
863 3131
845 3143
747 3338
749 3342
747 3334
748 3333
761 3340
769 3302
873 3136
872 3137
871 3138
867 3132
862 3131
844 3143
845 3144
746 3338
748 3342
749 3343
748 3332
762 3340
761 3341
769 3303
874 3136
873 3137
873 3135
861 3131
843 3143
746 3337
747 3342
750 3343
747 3332
763 3340
770 3303
768 3303
875 3136
873 3134
861 3130
843 3144
843 3142
745 3337
746 3342
747 3331
768 3304
875 3135
874 3134
872 3134
861 3129
842 3144
843 3141
745 3336
745 3342
747 3330
767 3304
874 3133
872 3133
862 3129
861 3128
842 3145
844 3141
843 3140
745 3335
745 3343
747 3329
874 3132
872 3132
860 3128
861 3127
842 3146
845 3141
842 3140
744 3335
745 3334
744 3343
745 3344
748 3329
746 3329
747 3328
874 3131
862 3127
843 3146
846 3141
842 3139
743 3335
744 3334
745 3345
746 3328
875 3131
862 3126
844 3146
843 3147
847 3141
842 3138
744 3333
744 3345
745 3346
876 3131
863 3126
862 3125
848 3141
843 3138
842 3137
744 3332
743 3345
744 3346
745 3347
877 3131
876 3130
849 3141
848 3140
844 3138
842 3136
745 3332
743 3332
742 3345
744 3347
746 3347
877 3132
876 3129
849 3142
849 3140
844 3139
844 3137
742 3332
742 3344
744 3348
878 3132
850 3142
844 3136
741 3332
741 3344
742 3343
743 3348
744 3349
879 3132
878 3133
845 3136
844 3135
740 3332
741 3333
740 3344
742 3342
742 3348
743 3349
745 3349
880 3132
846 3136
845 3135
843 3135
740 3333
740 3331
739 3344
742 3341
742 3349
742 3347
746 3349
745 3350
880 3133
846 3135
845 3134
739 3333
739 3331
740 3330
738 3344
739 3343
743 3341
742 3340
741 3349
742 3350
881 3133
847 3135
845 3133
738 3333
739 3334
738 3331
741 3330
740 3329
743 3340
741 3340
742 3339
740 3349
742 3351
882 3133
848 3135
845 3132
738 3332
739 3335
740 3328
740 3340
739 3349
743 3351
883 3133
882 3134
882 3132
849 3135
846 3132
845 3131
740 3335
738 3335
739 3328
740 3339
739 3350
743 3352
882 3135
846 3131
844 3131
738 3336
738 3328
740 3338
743 3353
881 3135
882 3136
847 3131
846 3130
843 3131
738 3337
737 3328
738 3329
742 3353
743 3354
881 3136
883 3136
846 3129
842 3131
843 3132
736 3328
737 3329
742 3354
743 3355
884 3136
845 3129
841 3131
842 3132
735 3328
736 3329
736 3327
737 3330
741 3354
744 3355
885 3136
884 3137
844 3129
845 3128
840 3131
841 3132
734 3328
736 3326
740 3354
741 3355
744 3356
885 3137
884 3138
845 3127
839 3131
840 3130
733 3328
737 3326
735 3326
740 3353
744 3357
886 3137
884 3139
846 3127
838 3131
839 3130
732 3328
734 3326
740 3352
745 3357
887 3137
847 3127
838 3132
839 3129
731 3328
733 3326
739 3352
888 3137
887 3138
887 3136
838 3133
839 3128
731 3329
732 3326
738 3352
887 3139
837 3133
838 3134
840 3128
730 3329
731 3326
732 3325
737 3352
738 3351
888 3139
886 3139
887 3140
836 3133
839 3134
838 3135
730 3330
732 3324
736 3352
889 3139
887 3141
840 3134
838 3136
729 3330
730 3331
732 3323
735 3352
736 3353
890 3139
887 3142
837 3136
728 3330
731 3331
730 3332
733 3323
731 3323
734 3352
735 3353
736 3354
891 3139
888 3142
836 3136
728 3329
730 3333
734 3323
733 3322
730 3323
731 3322
733 3352
735 3354
737 3354
892 3139
891 3138
889 3142
836 3137
836 3135
727 3329
728 3328
731 3333
734 3324
733 3321
729 3323
730 3324
732 3352
733 3353
733 3351
737 3355
892 3138
889 3143
835 3137
836 3138
726 3329
729 3328
728 3327
734 3321
728 3323
730 3325
732 3353
733 3350
737 3356
892 3137
890 3143
889 3144
835 3138
837 3138
836 3139
726 3328
727 3327
734 3320
728 3322
729 3325
731 3353
732 3354
732 3350
733 3349
738 3356
893 3137
891 3143
890 3144
888 3144
834 3138
837 3139
725 3328
728 3321
728 3325
730 3353
731 3354
732 3355
734 3349
738 3357
894 3137
893 3136
890 3145
833 3138
837 3140
724 3328
729 3321
727 3325
730 3354
730 3352
733 3355
732 3356
734 3348
738 3358
894 3138
894 3136
891 3145
832 3138
833 3139
837 3141
723 3328
730 3321
729 3320
729 3354
734 3355
735 3348
737 3358
895 3138
894 3139
891 3146
723 3327
729 3319
736 3358
896 3138
892 3146
722 3327
736 3359
736 3357
896 3139
896 3137
892 3147
722 3326
736 3360
896 3140
897 3137
893 3147
721 3326
735 3360
895 3140
898 3137
893 3148
720 3326
721 3325
735 3361
899 3137
894 3148
720 3325
734 3361
899 3138
899 3136
895 3148
719 3325
720 3324
733 3361
734 3362
899 3139
900 3136
896 3148
718 3325
720 3323
734 3363
898 3139
900 3135
896 3149
896 3147
718 3326
719 3323
735 3363
734 3364
901 3135
897 3149
896 3150
896 3146
717 3326
736 3363
733 3364
902 3135
901 3134
898 3149
895 3146
896 3145
716 3326
737 3363
732 3364
903 3135
901 3133
899 3149
898 3148
895 3145
897 3145
715 3326
738 3363
737 3364
737 3362
732 3363
904 3135
901 3132
899 3150
898 3145
714 3326
715 3325
737 3365
737 3361
905 3135
900 3132
899 3151
899 3145
898 3144
713 3326
715 3324
738 3365
737 3366
738 3361
905 3134
899 3132
900 3151
899 3152
900 3145
712 3326
739 3365
736 3366
737 3367
905 3133
899 3133
899 3131
901 3151
899 3153
901 3145
900 3146
900 3144
711 3326
712 3327
712 3325
739 3366
737 3368
905 3132
898 3131
902 3151
901 3152
901 3150
900 3153
899 3154
901 3146
900 3147
711 3327
712 3328
712 3324
737 3369
906 3132
904 3132
905 3131
903 3151
902 3152
901 3153
898 3154
899 3155
902 3146
899 3147
711 3328
712 3329
738 3369
736 3369
737 3370
905 3130
902 3153
901 3154
897 3154
900 3155
903 3146
712 3330
738 3370
735 3369
736 3370
904 3130
901 3155
896 3154
904 3146
903 3147
712 3331
738 3371
734 3369
735 3368
736 3371
901 3156
905 3146
711 3331
739 3371
733 3369
734 3368
735 3371
901 3157
905 3145
710 3331
740 3371
732 3369
734 3371
901 3158
906 3145
709 3331
741 3371
732 3370
902 3158
901 3159
907 3145
906 3144
708 3331
709 3330
742 3371
731 3370
732 3371
903 3158
900 3159
901 3160
907 3146
907 3144
906 3143
707 3331
743 3371
742 3370
730 3370
732 3372
904 3158
903 3159
899 3159
901 3161
905 3143
706 3331
744 3371
743 3372
730 3371
730 3369
905 3158
904 3159
899 3160
902 3161
904 3143
706 3332
706 3330
743 3373
730 3372
729 3369
904 3160
898 3160
902 3162
706 3333
706 3329
742 3373
730 3373
728 3369
905 3160
897 3160
707 3333
705 3333
706 3334
706 3328
741 3373
729 3373
727 3369
906 3160
905 3161
896 3160
706 3335
706 3327
729 3374
726 3369
727 3370
906 3161
906 3159
905 3162
896 3159
705 3335
706 3336
705 3327
729 3375
725 3369
726 3370
727 3371
907 3161
905 3163
895 3159
896 3158
704 3335
707 3336
704 3327
705 3326
730 3375
728 3375
729 3376
725 3368
727 3372
908 3161
906 3163
904 3163
905 3164
894 3159
896 3157
703 3335
704 3334
708 3336
707 3337
703 3327
731 3375
730 3376
729 3377
724 3368
725 3367
909 3161
908 3160
907 3163
906 3164
904 3164
905 3165
894 3160
703 3334
709 3336
702 3327
732 3375
731 3376
728 3377
729 3378
723 3368
725 3366
909 3162
909 3160
906 3165
903 3164
905 3166
893 3160
702 3334
709 3337
709 3335
701 3327
702 3326
733 3375
727 3377
723 3367
910 3162
907 3165
906 3166
903 3165
892 3160
701 3334
710 3337
709 3338
700 3327
701 3326
733 3376
733 3374
726 3377
727 3378
727 3376
722 3367
907 3166
906 3167
891 3160
701 3333
711 3337
709 3339
699 3327
700 3328
701 3325
734 3376
733 3377
726 3378
721 3367
908 3166
906 3168
711 3338
710 3339
708 3339
709 3340
699 3328
700 3325
701 3324
734 3377
732 3377
726 3379
720 3367
909 3166
907 3168
905 3168
709 3341
698 3328
699 3329
699 3325
734 3378
725 3379
726 3380
719 3367
910 3166
907 3169
905 3169
710 3341
708 3341
709 3342
699 3330
698 3325
735 3378
725 3380
727 3380
719 3368
719 3366
910 3165
907 3170
904 3169
711 3341
710 3342
708 3342
698 3330
699 3331
697 3325
736 3378
724 3380
727 3381
718 3368
719 3365
910 3164
908 3170
903 3169
711 3342
707 3342
700 3331
699 3332
696 3325
723 3380
728 3381
727 3382
717 3368
718 3365
911 3164
908 3171
902 3169
711 3343
706 3342
695 3325
723 3381
723 3379
727 3383
717 3369
718 3364
911 3163
909 3171
908 3172
901 3169
705 3342
706 3343
694 3325
695 3324
722 3381
723 3382
723 3378
728 3383
716 3369
717 3364
718 3363
912 3163
909 3172
907 3172
900 3169
706 3344
695 3323
721 3381
723 3383
722 3378
729 3383
728 3384
717 3363
913 3163
910 3172
906 3172
907 3173
899 3169
707 3344
705 3344
696 3323
694 3323
720 3381
721 3382
722 3383
722 3377
730 3383
728 3385
716 3363
717 3362
914 3163
913 3162
911 3172
899 3170
899 3168
708 3344
704 3344
705 3345
697 3323
696 3322
693 3323
719 3381
722 3384
722 3376
731 3383
730 3382
717 3361
915 3163
913 3161
911 3173
898 3170
898 3168
899 3167
703 3344
704 3345
698 3323
697 3322
692 3323
719 3380
721 3384
723 3376
721 3376
732 3383
730 3381
718 3361
717 3360
915 3164
912 3161
897 3170
898 3171
898 3167
702 3344
697 3321
691 3323
721 3385
724 3376
723 3375
720 3376
732 3384
732 3382
719 3361
717 3359
916 3164
915 3165
912 3160
896 3170
898 3172
897 3167
702 3345
697 3320
691 3322
723 3374
732 3385
733 3382
719 3360
717 3358
917 3164
914 3165
915 3166
896 3171
898 3173
896 3167
701 3345
702 3346
696 3320
690 3322
691 3321
722 3374
731 3385
732 3386
734 3382
717 3357
917 3163
913 3165
915 3167
895 3167
700 3345
701 3346
703 3346
702 3347
695 3320
696 3319
689 3322
735 3382
734 3381
718 3357
917 3162
912 3165
916 3167
914 3167
894 3167
895 3166
700 3346
702 3348
694 3320
695 3321
696 3318
688 3322
736 3382
735 3383
735 3381
718 3356
917 3161
917 3167
916 3168
894 3166
895 3165
702 3349
695 3318
687 3322
688 3323
736 3383
736 3381
735 3384
718 3355
917 3160
917 3168
917 3166
893 3166
896 3165
895 3164
701 3349
694 3318
695 3317
687 3321
688 3324
736 3384
737 3381
718 3354
918 3160
916 3160
917 3159
917 3169
918 3166
892 3166
894 3164
895 3163
700 3349
694 3317
695 3316
687 3320
688 3325
736 3385
738 3381
737 3380
718 3353
915 3160
917 3158
917 3170
919 3166
891 3166
892 3165
695 3315
688 3320
687 3319
687 3325
688 3326
736 3386
719 3353
717 3353
915 3159
917 3157
917 3171
920 3166
919 3167
919 3165
891 3167
891 3165
696 3315
694 3315
695 3314
686 3319
687 3318
686 3325
689 3326
735 3386
736 3387
719 3352
717 3352
915 3158
917 3156
917 3172
920 3167
890 3167
696 3314
693 3315
685 3319
686 3318
686 3326
689 3327
734 3386
737 3387
736 3388
720 3352
717 3351
918 3156
917 3155
916 3172
921 3167
889 3167
697 3314
693 3314
684 3319
685 3320
686 3317
685 3326
734 3387
738 3387
736 3389
721 3352
720 3351
717 3350
917 3154
916 3173
922 3167
888 3167
889 3168
698 3314
697 3313
685 3317
684 3326
739 3387
738 3386
736 3390
722 3352
720 3350
718 3350
717 3349
918 3154
916 3174
923 3167
889 3169
698 3315
684 3317
684 3327
740 3387
739 3388
738 3385
737 3390
735 3390
736 3391
722 3353
716 3349
717 3348
919 3154
916 3175
923 3168
889 3170
699 3315
683 3317
684 3316
683 3327
739 3389
737 3391
735 3391
722 3354
718 3348
717 3347
920 3154
915 3175
916 3176
923 3169
700 3315
682 3317
683 3316
684 3315
683 3328
740 3389
737 3392
723 3354
722 3355
718 3347
920 3155
916 3177
701 3315
700 3314
681 3317
682 3316
684 3314
683 3329
741 3389
737 3393
721 3355
718 3346
921 3155
915 3177
916 3178
702 3315
701 3314
700 3313
680 3317
681 3316
682 3329
683 3330
741 3388
737 3394
719 3346
922 3155
914 3177
917 3178
703 3315
702 3316
702 3314
679 3317
681 3329
683 3331
742 3388
738 3394
736 3394
720 3346
719 3345
922 3156
922 3154
913 3177
914 3178
918 3178
917 3179
704 3315
702 3313
679 3318
679 3316
681 3328
684 3331
682 3331
683 3332
743 3388
742 3387
738 3395
735 3394
736 3395
721 3346
720 3347
720 3345
923 3156
922 3157
923 3154
912 3177
914 3179
919 3178
918 3179
917 3180
705 3315
704 3316
702 3312
679 3319
678 3316
680 3328
684 3332
681 3331
744 3388
735 3393
736 3396
721 3345
923 3157
924 3154
912 3176
920 3178
919 3179
917 3181
705 3316
705 3314
704 3317
702 3311
677 3316
679 3328
680 3331
681 3332
745 3388
734 3393
735 3396
721 3344
924 3157
925 3154
924 3153
911 3176
921 3178
920 3179
920 3177
919 3180
916 3181
917 3182
705 3317
704 3318
702 3310
677 3317
677 3315
679 3327
745 3387
733 3393
735 3397
722 3344
721 3343
925 3157
926 3154
925 3153
924 3152
910 3176
921 3179
921 3177
920 3180
917 3183
706 3317
703 3318
703 3310
677 3318
677 3314
746 3387
745 3386
735 3398
723 3344
926 3155
924 3151
909 3176
910 3175
922 3179
920 3181
918 3183
707 3317
702 3318
704 3310
703 3309
676 3318
677 3319
677 3313
747 3387
746 3386
735 3399
723 3345
923 3151
924 3150
909 3177
923 3179
922 3180
920 3182
918 3184
707 3318
705 3310
703 3308
676 3319
678 3313
676 3313
747 3388
746 3385
734 3399
723 3346
922 3151
925 3150
908 3177
924 3179
923 3178
918 3185
707 3319
705 3309
703 3307
675 3319
676 3320
679 3313
678 3312
676 3312
748 3388
747 3389
733 3399
724 3346
723 3347
921 3151
922 3152
922 3150
926 3150
925 3149
908 3178
925 3179
923 3177
919 3185
917 3185
706 3309
702 3307
678 3311
749 3388
747 3390
732 3399
920 3151
921 3150
922 3149
926 3151
926 3149
925 3148
908 3179
925 3180
919 3186
917 3186
707 3309
702 3306
678 3310
731 3399
732 3398
922 3148
926 3152
927 3149
924 3148
925 3147
908 3180
926 3180
919 3187
917 3187
701 3306
679 3310
730 3399
732 3397
922 3147
927 3152
927 3148
925 3146
907 3180
920 3187
918 3187
916 3187
701 3305
680 3310
730 3400
730 3398
732 3396
922 3146
927 3153
928 3148
924 3146
907 3181
921 3187
916 3188
700 3305
681 3310
730 3401
731 3396
921 3146
928 3153
924 3145
907 3182
921 3188
915 3188
916 3189
699 3305
700 3304
682 3310
681 3311
729 3401
730 3402
730 3396
731 3395
929 3153
928 3154
924 3144
907 3183
915 3189
916 3190
698 3305
700 3303
682 3309
681 3312
729 3402
730 3403
729 3396
731 3394
929 3152
928 3155
925 3144
906 3183
915 3190
916 3191
697 3305
698 3304
682 3308
731 3403
730 3404
728 3396
930 3152
929 3155
925 3143
906 3184
914 3190
916 3192
697 3306
697 3304
682 3307
732 3403
730 3405
727 3396
728 3395
930 3155
926 3143
925 3142
905 3184
906 3185
913 3190
916 3193
696 3306
697 3307
697 3303
682 3306
732 3404
732 3402
728 3394
931 3155
927 3143
904 3184
912 3190
913 3191
916 3194
695 3306
682 3305
732 3405
733 3402
728 3393
931 3156
931 3154
927 3142
904 3183
912 3191
912 3189
913 3192
917 3194
916 3195
694 3306
683 3305
732 3406
734 3402
728 3392
932 3156
931 3157
932 3154
927 3141
912 3188
913 3193
918 3194
915 3195
684 3305
732 3407
734 3403
734 3401
728 3391
933 3156
931 3158
933 3154
927 3140
913 3188
911 3188
919 3194
914 3195
685 3305
733 3407
727 3391
728 3390
934 3156
931 3159
933 3153
926 3140
913 3187
910 3188
911 3187
919 3195
913 3195
685 3306
685 3304
733 3408
726 3391
728 3389
935 3156
931 3160
933 3152
926 3139
913 3186
909 3188
919 3196
912 3195
686 3304
685 3303
733 3409
726 3392
727 3389
936 3156
930 3160
925 3139
926 3138
914 3186
908 3188
909 3187
919 3197
912 3194
687 3304
686 3303
684 3303
685 3302
733 3410
726 3389
936 3155
930 3161
927 3138
926 3137
908 3187
909 3186
920 3197
918 3197
911 3194
687 3305
687 3303
686 3302
685 3301
734 3410
732 3410
725 3389
937 3155
936 3154
929 3161
930 3162
928 3138
925 3137
921 3197
917 3197
910 3194
911 3193
687 3306
688 3303
686 3301
735 3410
731 3410
725 3390
936 3153
930 3163
929 3138
928 3139
925 3136
921 3198
921 3196
916 3197
909 3194
910 3195
687 3307
688 3302
686 3300
735 3411
735 3409
730 3410
724 3390
936 3152
931 3163
930 3138
929 3137
925 3135
922 3198
921 3199
922 3196
915 3197
916 3198
909 3193
688 3307
686 3307
686 3299
736 3411
736 3409
729 3410
730 3411
723 3390
935 3152
932 3163
931 3164
930 3139
930 3137
929 3136
926 3135
924 3135
920 3199
923 3196
914 3197
688 3308
687 3299
685 3299
737 3411
737 3409
728 3410
729 3409
730 3412
722 3390
935 3151
931 3165
929 3135
920 3200
924 3196
689 3308
688 3309
684 3299
685 3298
738 3411
737 3412
728 3411
728 3409
729 3408
731 3412
730 3413
721 3390
722 3391
935 3150
931 3166
929 3134
920 3201
925 3196
689 3309
683 3299
684 3300
685 3297
737 3413
732 3412
720 3390
722 3392
936 3150
935 3149
930 3134
919 3201
925 3197
689 3310
683 3298
686 3297
737 3414
723 3392
721 3392
937 3150
935 3148
931 3134
919 3202
689 3311
683 3297
738 3414
736 3414
737 3415
723 3393
720 3392
721 3393
938 3150
934 3148
935 3147
932 3134
919 3203
689 3312
682 3297
683 3296
739 3414
735 3414
736 3415
737 3416
719 3392
720 3393
939 3150
933 3148
934 3147
935 3146
933 3134
920 3203
918 3203
919 3204
690 3312
688 3312
683 3295
740 3414
739 3415
734 3414
736 3416
737 3417
718 3392
719 3391
720 3394
939 3151
936 3146
934 3134
933 3135
919 3205
684 3295
741 3414
739 3416
733 3414
737 3418
717 3392
718 3393
720 3395
940 3151
937 3146
935 3134
934 3133
933 3136
920 3205
918 3205
919 3206
684 3294
742 3414
741 3413
740 3416
736 3418
716 3392
720 3396
938 3146
937 3147
937 3145
936 3134
934 3132
920 3206
685 3294
743 3414
742 3415
741 3412
735 3418
715 3392
721 3396
719 3396
939 3146
938 3145
937 3148
936 3135
934 3131
921 3206
686 3294
743 3413
742 3416
714 3392
715 3391
721 3397
940 3146
939 3145
937 3135
935 3131
922 3206
921 3207
687 3294
686 3293
743 3416
713 3392
714 3393
722 3397
721 3398
941 3146
940 3145
938 3135
936 3131
935 3130
923 3206
688 3294
686 3292
744 3416
712 3392
713 3391
714 3394
723 3397
721 3399
942 3146
939 3135
937 3131
935 3129
924 3206
688 3295
686 3291
744 3417
744 3415
712 3391
715 3394
713 3394
722 3399
943 3146
939 3134
938 3131
937 3132
936 3129
935 3128
924 3207
924 3205
689 3295
687 3291
685 3291
745 3415
711 3391
712 3390
716 3394
712 3394
713 3395
723 3399
722 3400
944 3146
940 3134
938 3132
938 3130
937 3129
934 3128
925 3207
924 3208
690 3295
688 3291
687 3290
684 3291
745 3414
712 3389
716 3395
713 3396
723 3400
722 3401
945 3146
944 3147
944 3145
941 3134
937 3128
925 3208
924 3209
689 3291
688 3290
684 3290
712 3388
712 3396
723 3401
721 3401
946 3146
945 3147
944 3148
944 3144
941 3133
938 3128
937 3127
923 3209
924 3210
689 3292
683 3290
713 3388
711 3388
712 3397
723 3402
720 3401
947 3146
946 3145
942 3133
939 3128
937 3126
923 3210
925 3210
924 3211
682 3290
683 3289
711 3387
711 3397
712 3398
724 3402
720 3400
943 3133
939 3127
922 3210
926 3210
683 3288
711 3386
710 3397
711 3398
725 3402
719 3400
943 3132
940 3127
939 3126
922 3211
927 3210
926 3209
684 3288
683 3287
711 3385
710 3396
711 3399
718 3400
944 3132
941 3127
939 3125
921 3211
927 3211
685 3288
682 3287
710 3385
710 3395
710 3399
711 3400
717 3400
718 3401
945 3132
944 3131
942 3127
941 3128
939 3124
920 3211
928 3211
927 3212
685 3287
681 3287
710 3384
711 3395
711 3401
718 3402
946 3132
943 3127
938 3124
920 3212
920 3210
929 3211
928 3212
926 3212
686 3287
685 3286
680 3287
681 3286
709 3384
712 3401
710 3401
711 3402
947 3132
943 3128
937 3124
920 3213
919 3210
929 3210
926 3213
684 3286
679 3287
680 3288
681 3285
708 3384
709 3383
713 3401
711 3403
947 3131
937 3123
919 3213
918 3210
930 3210
929 3209
926 3214
679 3288
680 3285
707 3384
708 3385
709 3382
714 3401
711 3404
948 3131
947 3130
936 3123
937 3122
918 3213
917 3210
931 3210
928 3209
929 3208
927 3214
680 3284
707 3383
708 3386
709 3381
714 3400
711 3405
949 3131
948 3130
947 3129
935 3123
936 3122
937 3121
917 3213
918 3212
916 3210
932 3210
927 3215
680 3283
706 3383
708 3387
709 3380
715 3400
712 3405
950 3131
947 3128
934 3123
935 3124
937 3120
917 3214
916 3209
933 3210
932 3211
927 3216
681 3283
679 3283
709 3387
707 3387
709 3379
715 3399
950 3132
947 3127
934 3124
934 3122
938 3120
936 3120
937 3119
917 3215
915 3209
934 3210
932 3212
927 3217
679 3282
706 3387
708 3379
716 3399
715 3398
950 3133
948 3127
934 3125
933 3122
934 3121
938 3119
917 3216
914 3209
915 3208
935 3210
934 3211
934 3209
928 3217
926 3217
927 3218
678 3282
679 3281
705 3387
706 3388
707 3379
951 3133
949 3127
934 3126
932 3122
938 3118
918 3216
917 3217
914 3210
915 3207
934 3212
934 3208
929 3217
928 3218
926 3218
677 3282
680 3281
679 3280
704 3387
705 3386
706 3389
707 3380
952 3133
951 3134
949 3126
935 3126
933 3126
932 3123
939 3118
938 3117
919 3216
916 3217
914 3211
914 3207
915 3206
934 3213
935 3208
933 3208
929 3216
925 3218
677 3283
678 3280
703 3387
704 3388
707 3389
952 3132
951 3135
950 3126
949 3125
933 3127
932 3124
939 3117
937 3117
915 3217
916 3218
914 3212
913 3207
916 3206
915 3205
934 3214
933 3207
930 3216
925 3219
676 3283
677 3284
677 3280
678 3279
702 3387
704 3389
707 3390
951 3136
951 3126
931 3124
940 3117
936 3117
914 3217
915 3218
915 3216
916 3219
913 3208
917 3206
915 3204
935 3214
934 3215
933 3206
925 3220
675 3283
677 3285
677 3279
678 3278
701 3387
702 3386
703 3389
704 3390
707 3391
951 3137
951 3127
930 3124
940 3116
935 3117
936 3116
914 3216
915 3219
912 3208
936 3214
933 3205
926 3220
674 3283
675 3282
676 3285
677 3286
676 3279
679 3278
678 3277
701 3386
702 3385
705 3390
704 3391
707 3392
952 3137
950 3137
951 3128
929 3124
940 3115
934 3117
935 3116
914 3215
915 3220
911 3208
912 3209
936 3215
936 3213
934 3205
932 3205
926 3221
675 3281
675 3285
675 3279
680 3278
677 3277
703 3385
702 3384
703 3391
953 3137
949 3137
952 3128
928 3124
941 3115
933 3117
913 3215
914 3220
915 3221
911 3207
936 3216
936 3212
931 3205
927 3221
926 3222
674 3281
675 3278
680 3277
701 3384
702 3383
702 3391
703 3392
949 3138
949 3136
953 3128
928 3123
942 3115
941 3114
932 3117
933 3118
913 3214
913 3220
914 3221
916 3221
915 3222
910 3207
937 3216
935 3216
930 3205
931 3206
926 3223
673 3281
681 3277
700 3384
702 3382
703 3393
949 3139
954 3128
928 3122
943 3115
941 3113
931 3117
932 3116
912 3214
913 3213
916 3222
938 3216
935 3217
931 3207
926 3224
673 3282
673 3280
682 3277
681 3276
700 3383
701 3382
704 3393
949 3140
955 3128
954 3127
927 3122
943 3116
943 3114
930 3117
932 3115
916 3223
939 3216
934 3217
927 3224
926 3225
672 3282
672 3280
683 3277
682 3278
681 3275
700 3382
701 3381
950 3140
956 3128
926 3122
944 3116
929 3117
930 3118
933 3115
916 3224
940 3216
934 3218
928 3224
926 3226
671 3282
671 3280
684 3277
682 3275
681 3274
699 3382
700 3381
951 3140
957 3128
925 3122
926 3123
945 3116
929 3118
929 3116
934 3115
933 3114
915 3224
941 3216
933 3218
934 3219
928 3225
925 3226
926 3227
671 3283
670 3280
671 3279
685 3277
683 3275
681 3273
698 3382
952 3140
958 3128
957 3129
925 3123
925 3121
926 3124
946 3116
928 3116
915 3225
941 3217
933 3219
935 3219
929 3225
924 3226
927 3227
671 3284
669 3280
685 3278
683 3274
682 3273
698 3383
953 3140
959 3128
958 3129
957 3130
924 3123
925 3120
926 3125
947 3116
927 3116
914 3225
915 3226
942 3217
932 3219
935 3220
928 3227
670 3284
671 3285
668 3280
669 3281
686 3278
683 3273
697 3383
954 3140
953 3139
959 3127
958 3130
923 3123
926 3126
947 3117
947 3115
926 3116
914 3226
943 3217
932 3220
669 3284
667 3280
687 3278
684 3273
683 3272
696 3383
697 3384
955 3140
960 3127
922 3123
926 3127
947 3118
947 3114
926 3115
914 3227
943 3218
943 3216
932 3221
666 3280
667 3281
687 3279
687 3277
683 3271
695 3383
697 3385
956 3140
961 3127
922 3122
927 3127
926 3128
948 3118
948 3114
946 3114
914 3228
944 3218
943 3219
943 3215
933 3221
931 3221
932 3222
666 3281
666 3279
687 3280
687 3276
684 3271
695 3382
697 3386
957 3140
961 3128
922 3121
928 3127
925 3128
926 3129
949 3118
949 3114
915 3228
914 3229
945 3218
944 3219
943 3220
944 3215
943 3214
666 3282
665 3279
686 3280
688 3276
685 3271
684 3270
694 3382
697 3387
958 3140
962 3128
961 3129
922 3120
928 3126
924 3128
927 3129
949 3119
949 3115
949 3113
913 3229
914 3230
946 3218
942 3220
943 3221
945 3215
943 3213
665 3278
685 3280
689 3276
686 3271
685 3272
685 3270
693 3382
694 3381
698 3387
696 3387
697 3388
959 3140
963 3128
962 3129
923 3120
921 3120
922 3119
929 3126
923 3128
927 3130
950 3115
950 3113
912 3229
915 3230
946 3217
942 3221
944 3221
946 3215
943 3212
665 3277
689 3277
687 3271
686 3270
694 3380
698 3388
695 3387
696 3388
959 3141
959 3139
964 3128
920 3120
923 3129
928 3130
951 3115
951 3113
950 3112
912 3228
916 3230
915 3231
946 3216
941 3221
944 3222
947 3215
946 3214
944 3212
943 3211
666 3277
689 3278
688 3271
687 3272
687 3270
698 3389
694 3387
695 3388
695 3386
959 3142
959 3138
965 3128
919 3120
920 3121
923 3130
951 3116
952 3113
950 3111
912 3227
916 3231
916 3229
941 3222
944 3223
948 3215
945 3212
943 3210
666 3276
690 3278
689 3271
688 3270
687 3269
698 3390
693 3387
694 3386
695 3385
959 3143
966 3128
918 3120
922 3130
953 3113
951 3111
912 3226
916 3232
917 3229
945 3223
944 3224
949 3215
948 3216
944 3210
942 3210
666 3275
690 3279
690 3271
688 3269
699 3390
697 3390
698 3391
692 3387
693 3386
959 3144
967 3128
966 3127
917 3120
921 3130
953 3112
951 3110
911 3226
916 3233
918 3229
946 3223
943 3224
950 3215
948 3217
945 3210
941 3210
667 3275
666 3274
690 3280
691 3271
700 3390
697 3391
691 3387
960 3144
967 3129
916 3120
920 3130
921 3129
954 3112
952 3110
951 3109
910 3226
911 3225
917 3233
915 3233
919 3229
918 3230
946 3224
942 3224
946 3210
945 3209
940 3210
668 3275
665 3274
691 3280
689 3280
692 3271
691 3270
697 3392
691 3386
961 3144
968 3129
915 3120
919 3130
920 3129
921 3128
953 3110
952 3109
951 3108
909 3226
910 3225
917 3234
914 3233
918 3231
947 3224
942 3225
945 3208
939 3210
689 3281
693 3271
697 3393
961 3145
961 3143
969 3129
968 3130
915 3119
918 3130
921 3127
950 3108
908 3226
910 3224
917 3235
919 3231
948 3224
942 3226
689 3282
693 3272
697 3394
962 3145
969 3128
968 3131
917 3130
950 3107
907 3226
909 3224
910 3223
917 3236
920 3231
949 3224
948 3225
943 3226
941 3226
689 3283
693 3273
696 3394
697 3395
963 3145
962 3146
970 3128
969 3127
968 3132
949 3107
950 3106
906 3226
910 3222
917 3237
950 3224
948 3226
944 3226
943 3227
689 3284
694 3273
695 3394
698 3395
964 3145
963 3146
971 3128
969 3126
969 3132
949 3106
951 3106
905 3226
911 3222
910 3221
918 3237
917 3238
951 3224
947 3226
944 3227
943 3228
690 3284
694 3274
694 3394
695 3393
699 3395
965 3145
964 3146
963 3147
972 3128
970 3126
968 3126
969 3125
948 3106
949 3105
952 3106
904 3226
910 3220
919 3237
917 3239
951 3225
946 3226
947 3227
943 3229
695 3274
694 3395
694 3393
700 3395
966 3145
965 3146
963 3148
972 3127
971 3126
967 3126
969 3124
949 3104
952 3107
903 3226
904 3227
904 3225
910 3219
920 3237
919 3236
917 3240
951 3226
943 3230
696 3274
694 3396
700 3396
700 3394
967 3145
966 3146
965 3147
973 3127
967 3125
949 3103
953 3107
904 3228
904 3224
911 3219
909 3219
910 3218
920 3236
919 3235
917 3241
951 3227
943 3231
697 3274
693 3396
700 3397
701 3394
700 3393
967 3146
974 3127
973 3126
966 3125
950 3103
905 3228
903 3228
905 3224
903 3224
908 3219
909 3218
920 3235
917 3242
951 3228
942 3231
943 3232
698 3274
697 3275
693 3397
701 3397
699 3393
700 3392
967 3147
975 3127
974 3126
973 3125
965 3125
966 3124
951 3103
950 3102
902 3228
903 3229
902 3224
909 3217
921 3235
916 3242
917 3243
952 3228
942 3232
943 3233
699 3274
697 3276
693 3398
701 3398
967 3148
976 3127
973 3124
966 3123
952 3103
902 3229
902 3227
902 3225
908 3217
916 3243
918 3243
952 3229
699 3273
693 3399
701 3399
967 3149
976 3128
973 3123
965 3123
953 3103
952 3104
907 3217
915 3243
916 3244
918 3244
952 3230
700 3273
699 3272
694 3399
692 3399
701 3400
966 3149
977 3128
976 3129
972 3123
964 3123
965 3122
953 3104
953 3102
907 3216
916 3245
919 3244
952 3231
701 3273
699 3271
695 3399
701 3401
978 3128
977 3129
964 3124
965 3121
954 3104
953 3101
907 3215
917 3245
915 3245
951 3231
952 3232
702 3273
701 3274
699 3270
702 3401
701 3402
979 3128
977 3130
963 3124
964 3121
965 3120
953 3100
907 3214
917 3246
915 3246
950 3231
952 3233
703 3273
701 3275
699 3269
701 3403
979 3127
977 3131
963 3125
964 3120
954 3100
953 3099
908 3214
914 3246
949 3231
950 3230
953 3233
704 3273
699 3268
700 3403
701 3404
979 3126
978 3131
976 3131
977 3132
963 3120
955 3100
953 3098
908 3213
913 3246
949 3232
705 3273
704 3274
698 3268
701 3405
980 3126
978 3126
975 3131
977 3133
962 3120
955 3101
953 3097
909 3213
908 3212
913 3247
913 3245
949 3233
706 3273
704 3275
697 3268
698 3267
702 3405
700 3405
701 3406
981 3126
980 3125
978 3133
962 3121
962 3119
956 3101
953 3096
907 3212
913 3248
912 3245
707 3273
706 3272
697 3267
698 3266
702 3406
700 3406
982 3126
979 3133
978 3134
962 3122
961 3119
956 3102
952 3096
906 3212
911 3245
912 3244
708 3273
707 3272
706 3271
698 3265
702 3407
699 3406
982 3127
982 3125
980 3133
979 3134
979 3132
961 3122
960 3119
957 3102
951 3096
952 3095
905 3212
906 3211
910 3245
708 3274
705 3271
699 3265
703 3407
698 3406
699 3407
983 3127
982 3128
982 3124
981 3133
980 3132
979 3135
959 3119
960 3118
957 3103
951 3095
952 3094
906 3210
909 3245
910 3246
708 3275
704 3271
700 3265
699 3264
704 3407
697 3406
981 3128
983 3124
982 3123
982 3133
979 3136
958 3119
958 3103
950 3095
952 3093
905 3210
906 3209
910 3247
709 3275
703 3271
701 3265
699 3263
704 3406
697 3407
981 3129
982 3122
982 3134
978 3136
959 3103
949 3095
953 3093
951 3093
952 3092
907 3209
906 3208
910 3248
700 3263
704 3405
696 3407
697 3408
980 3129
981 3130
983 3122
978 3137
959 3104
959 3102
954 3093
952 3091
906 3207
911 3248
909 3248
910 3249
701 3263
700 3262
705 3405
695 3407
696 3408
697 3409
981 3131
984 3122
983 3121
977 3137
959 3105
959 3101
955 3093
953 3091
952 3090
906 3206
908 3248
702 3263
700 3261
706 3405
694 3407
695 3406
696 3409
698 3409
984 3123
983 3120
976 3137
977 3138
960 3105
959 3106
960 3101
959 3100
951 3090
907 3206
905 3206
907 3248
908 3247
702 3262
701 3261
700 3260
706 3406
694 3406
698 3410
984 3120
982 3120
976 3136
977 3139
958 3106
961 3101
959 3099
951 3089
908 3206
907 3205
904 3206
905 3205
907 3249
907 3247
699 3260
707 3406
706 3407
693 3406
984 3119
982 3119
976 3139
957 3106
960 3099
959 3098
951 3088
903 3206
904 3205
906 3249
906 3247
698 3260
708 3406
692 3406
985 3119
981 3119
976 3140
957 3107
959 3097
950 3088
902 3206
903 3205
905 3249
698 3259
691 3406
985 3118
981 3118
976 3141
960 3097
958 3097
949 3088
950 3087
903 3204
904 3249
698 3258
691 3407
691 3405
985 3117
976 3142
958 3096
949 3089
950 3086
903 3203
903 3249
904 3250
697 3258
698 3257
691 3408
690 3405
691 3404
984 3117
985 3116
977 3142
976 3143
958 3095
948 3089
949 3090
951 3086
950 3085
903 3202
903 3250
903 3248
904 3251
696 3258
697 3257
690 3408
692 3404
984 3116
986 3116
985 3115
978 3142
975 3143
976 3144
959 3095
958 3094
947 3089
952 3086
951 3085
904 3202
902 3202
902 3250
905 3251
904 3252
695 3258
697 3256
689 3408
690 3409
983 3116
984 3115
987 3116
985 3114
974 3143
977 3144
959 3094
953 3086
952 3087
952 3085
951 3084
904 3201
901 3202
902 3201
902 3251
904 3253
696 3256
688 3408
690 3410
982 3116
988 3116
987 3117
987 3115
985 3113
974 3144
974 3142
978 3144
959 3093
951 3083
905 3201
904 3200
900 3202
902 3200
902 3252
904 3254
695 3256
688 3409
688 3407
691 3410
982 3115
989 3116
987 3114
984 3113
985 3112
974 3145
974 3141
978 3145
960 3093
952 3083
906 3201
899 3202
901 3200
902 3199
902 3253
904 3255
694 3256
695 3255
687 3407
688 3406
691 3411
981 3115
985 3111
973 3141
979 3145
961 3093
952 3082
906 3202
906 3200
898 3202
901 3253
902 3254
904 3256
693 3256
694 3255
695 3254
686 3407
688 3405
691 3412
980 3115
986 3111
984 3111
972 3141
973 3140
979 3146
962 3093
961 3094
952 3081
907 3200
906 3199
897 3202
898 3203
901 3254
904 3257
692 3256
695 3253
688 3404
691 3413
979 3115
987 3111
984 3110
973 3139
979 3147
962 3092
951 3081
952 3080
908 3200
905 3199
906 3198
896 3202
898 3204
900 3254
901 3255
905 3257
904 3258
691 3256
694 3253
687 3404
692 3413
690 3413
978 3115
979 3116
987 3110
972 3139
973 3138
980 3147
963 3092
962 3091
950 3081
951 3080
952 3079
905 3198
897 3204
898 3205
899 3254
906 3257
694 3252
686 3404
687 3403
692 3414
690 3414
978 3116
988 3110
987 3109
971 3139
973 3137
980 3148
953 3079
952 3078
905 3197
896 3204
897 3205
898 3254
899 3255
907 3257
694 3251
686 3403
693 3414
689 3414
977 3116
978 3117
989 3110
987 3108
970 3139
974 3137
972 3137
973 3136
981 3148
952 3077
905 3196
897 3206
897 3254
898 3253
899 3256
907 3258
907 3256
695 3251
693 3251
685 3403
694 3414
689 3415
976 3116
990 3110
986 3108
969 3139
970 3138
973 3135
982 3148
952 3076
906 3196
904 3196
905 3195
897 3207
898 3252
898 3256
899 3257
908 3258
907 3255
695 3250
692 3251
684 3403
694 3415
688 3415
975 3116
991 3110
990 3109
986 3107
968 3139
969 3140
983 3148
953 3076
952 3075
905 3194
896 3207
897 3252
898 3251
897 3256
909 3258
908 3259
907 3254
696 3250
692 3250
684 3404
694 3416
687 3415
975 3117
991 3111
990 3108
986 3106
967 3139
968 3140
984 3148
983 3149
983 3147
951 3075
952 3074
905 3193
896 3208
897 3251
899 3251
896 3256
910 3258
909 3257
908 3254
907 3253
696 3249
692 3249
683 3404
693 3416
694 3417
686 3415
687 3416
975 3118
991 3112
990 3107
986 3105
966 3139
968 3141
985 3148
983 3146
950 3075
952 3073
905 3192
896 3209
900 3251
899 3250
896 3257
896 3255
910 3259
907 3252
696 3248
693 3249
692 3248
682 3404
694 3418
685 3415
686 3416
975 3119
992 3112
990 3112
991 3107
989 3107
987 3105
985 3105
967 3141
968 3142
985 3149
983 3145
949 3075
953 3073
951 3073
904 3192
905 3191
897 3209
895 3209
900 3250
899 3249
896 3258
895 3255
907 3251
695 3248
696 3247
694 3249
692 3247
681 3404
695 3418
693 3418
694 3419
685 3416
974 3119
992 3113
992 3107
989 3106
986 3149
983 3144
953 3072
950 3073
903 3192
905 3190
895 3210
900 3249
899 3248
897 3258
895 3258
895 3254
696 3246
693 3247
681 3405
681 3403
693 3419
694 3420
684 3416
992 3108
992 3106
988 3106
989 3105
987 3149
983 3143
954 3072
953 3071
950 3072
903 3191
895 3211
899 3247
898 3258
894 3258
696 3245
681 3406
680 3403
681 3402
692 3419
683 3416
684 3417
993 3108
993 3106
989 3104
988 3149
987 3150
987 3148
982 3143
983 3142
954 3071
950 3071
902 3191
903 3190
895 3212
899 3246
898 3259
893 3258
697 3245
682 3406
680 3406
682 3416
684 3418
988 3104
988 3150
987 3151
982 3142
955 3071
950 3070
902 3190
896 3212
894 3212
899 3245
898 3260
893 3259
893 3257
698 3245
683 3406
681 3416
684 3419
988 3103
989 3150
988 3151
986 3151
987 3152
956 3071
951 3070
949 3070
901 3190
897 3212
894 3213
898 3245
899 3260
898 3261
892 3259
698 3246
698 3244
680 3416
683 3419
684 3420
988 3102
990 3150
987 3153
957 3071
948 3070
900 3190
898 3212
897 3211
894 3214
898 3244
900 3260
897 3261
898 3262
892 3260
699 3246
698 3247
699 3244
698 3243
680 3415
682 3419
685 3420
991 3150
986 3153
987 3154
958 3071
957 3070
947 3070
948 3071
899 3190
898 3213
898 3211
893 3214
898 3243
901 3260
900 3259
897 3262
898 3263
891 3260
892 3261
700 3246
699 3243
698 3242
679 3415
681 3419
682 3420
686 3420
685 3421
991 3149
987 3155
959 3071
957 3069
947 3071
947 3069
899 3189
898 3210
893 3215
898 3242
902 3260
901 3261
896 3262
899 3263
698 3241
678 3415
679 3414
682 3421
686 3419
685 3422
992 3149
991 3148
987 3156
960 3071
957 3068
946 3071
946 3069
898 3189
899 3210
893 3216
898 3241
901 3262
896 3263
697 3241
698 3240
678 3416
686 3422
684 3422
993 3149
991 3147
986 3156
961 3071
960 3070
945 3071
946 3072
897 3189
892 3216
897 3241
896 3264
696 3241
699 3240
698 3239
677 3416
678 3417
687 3422
684 3423
994 3149
993 3150
993 3148
986 3157
960 3069
944 3071
945 3072
896 3189
897 3190
897 3188
891 3216
896 3241
895 3264
896 3265
696 3240
700 3240
697 3239
698 3238
676 3416
679 3417
687 3423
683 3423
994 3148
993 3147
985 3157
986 3158
943 3071
896 3190
897 3187
891 3217
891 3215
895 3241
896 3242
894 3264
695 3240
701 3240
700 3241
698 3237
675 3416
676 3417
688 3423
682 3423
995 3148
993 3146
985 3158
942 3071
943 3072
895 3190
891 3218
891 3214
894 3241
895 3240
896 3243
893 3264
894 3263
694 3240
701 3239
700 3242
699 3237
698 3236
674 3416
675 3417
676 3418
689 3423
681 3423
682 3424
996 3148
994 3146
992 3146
993 3145
941 3071
942 3070
943 3073
894 3190
892 3218
890 3214
891 3213
893 3241
895 3239
896 3244
892 3264
893 3265
894 3262
693 3240
694 3239
701 3238
698 3235
673 3416
674 3415
676 3419
690 3423
997 3148
996 3149
995 3146
992 3145
940 3071
942 3069
943 3074
893 3190
894 3191
893 3218
889 3214
893 3242
893 3240
896 3239
895 3238
692 3240
700 3238
701 3237
698 3234
672 3416
677 3419
676 3420
691 3423
690 3422
998 3148
997 3149
996 3150
995 3145
942 3068
944 3074
942 3074
943 3075
893 3191
893 3189
894 3218
888 3214
892 3242
893 3239
897 3239
895 3237
692 3239
702 3237
701 3236
697 3234
671 3416
672 3417
678 3419
675 3420
692 3423
691 3424
999 3148
998 3147
995 3150
996 3145
995 3144
943 3068
942 3067
943 3076
892 3191
892 3189
888 3215
888 3213
892 3243
898 3239
895 3236
691 3239
703 3237
700 3236
696 3234
697 3233
671 3417
679 3419
674 3420
691 3425
995 3151
995 3143
941 3067
891 3191
891 3189
892 3188
888 3216
887 3213
892 3244
899 3239
894 3236
895 3235
690 3239
704 3237
670 3417
679 3420
673 3420
674 3421
690 3425
691 3426
996 3143
995 3142
940 3067
890 3191
890 3189
892 3187
888 3217
886 3213
891 3244
893 3236
690 3240
690 3238
704 3236
669 3417
674 3422
692 3426
691 3427
997 3143
940 3068
889 3189
893 3187
891 3187
887 3217
888 3218
885 3213
891 3245
892 3236
893 3235
689 3240
690 3237
668 3417
675 3422
673 3422
693 3426
691 3428
998 3143
997 3144
939 3068
888 3189
894 3187
893 3186
890 3187
886 3217
888 3219
884 3213
885 3214
885 3212
891 3246
891 3236
893 3234
691 3237
689 3237
668 3416
675 3423
672 3422
694 3426
693 3427
691 3429
999 3143
998 3144
998 3142
938 3068
888 3190
894 3188
893 3185
889 3187
885 3217
886 3218
887 3219
884 3212
885 3215
891 3247
890 3236
891 3237
892 3234
691 3236
688 3237
667 3416
668 3415
676 3423
672 3423
694 3427
693 3428
691 3430
1000 3143
999 3144
938 3069
938 3067
887 3190
892 3185
893 3184
889 3186
884 3217
885 3216
884 3211
892 3247
891 3248
889 3236
890 3235
892 3233
692 3236
687 3237
666 3416
676 3424
671 3423
695 3427
692 3430
691 3431
1000 3142
937 3069
938 3066
887 3191
894 3184
889 3185
884 3218
883 3211
884 3210
892 3248
889 3235
891 3233
693 3236
686 3237
666 3417
666 3415
676 3425
671 3424
693 3430
691 3432
1000 3141
936 3069
937 3070
938 3065
886 3191
890 3185
888 3185
883 3218
882 3211
885 3210
884 3209
893 3248
888 3235
890 3233
693 3235
685 3237
686 3236
665 3417
666 3418
666 3414
676 3426
671 3425
694 3430
693 3431
690 3432
1000 3140
937 3071
939 3065
938 3064
885 3191
890 3184
887 3185
888 3184
883 3219
881 3211
882 3212
882 3210
885 3209
884 3208
893 3249
887 3235
890 3232
693 3234
684 3237
664 3417
665 3418
667 3418
676 3427
672 3425
670 3425
695 3430
694 3431
689 3432
1001 3140
1000 3139
937 3072
938 3063
884 3191
885 3192
890 3183
888 3183
880 3211
882 3209
894 3249
893 3250
887 3236
889 3232
890 3231
694 3234
692 3234
693 3233
683 3237
684 3236
664 3416
665 3419
667 3419
675 3427
670 3426
696 3430
694 3432
688 3432
1002 3140
1000 3138
936 3072
937 3073
938 3062
884 3190
885 3193
891 3183
888 3182
879 3211
880 3210
881 3209
894 3250
892 3250
887 3237
890 3230
692 3233
683 3238
684 3235
665 3420
668 3419
675 3428
670 3427
697 3430
696 3431
688 3433
688 3431
1003 3140
999 3138
935 3072
936 3073
939 3062
938 3061
883 3190
884 3193
892 3183
891 3182
889 3182
888 3181
879 3212
888 3237
887 3238
889 3230
890 3229
692 3232
682 3238
683 3239
685 3235
684 3234
664 3420
669 3419
674 3428
671 3427
670 3428
697 3431
688 3434
1004 3140
1003 3139
998 3138
936 3074
940 3062
939 3061
937 3061
938 3060
882 3190
888 3180
879 3213
888 3238
886 3238
692 3231
681 3238
684 3239
683 3240
683 3234
684 3233
663 3420
669 3420
673 3428
674 3429
671 3428
669 3428
698 3431
697 3432
688 3435
1005 3140
1003 3138
998 3139
935 3074
936 3075
941 3062
940 3063
936 3061
938 3059
887 3180
888 3179
878 3213
879 3214
889 3238
886 3239
692 3230
682 3234
683 3233
684 3232
663 3419
674 3430
668 3428
698 3432
1006 3140
1005 3141
1003 3137
997 3139
936 3076
935 3061
938 3058
889 3179
888 3178
877 3213
890 3238
885 3239
693 3230
681 3234
684 3231
662 3419
675 3430
673 3430
674 3431
668 3429
668 3427
698 3433
1005 3142
1003 3136
997 3140
937 3076
935 3076
935 3062
939 3058
937 3058
890 3179
876 3213
877 3212
885 3240
694 3230
681 3235
685 3231
684 3230
661 3419
662 3418
675 3431
672 3430
674 3432
668 3430
668 3426
699 3433
1005 3143
938 3076
934 3062
935 3063
939 3057
936 3058
937 3057
890 3180
876 3214
876 3212
877 3211
884 3240
694 3231
694 3229
680 3235
681 3236
684 3229
660 3419
662 3417
676 3431
675 3432
671 3430
669 3430
668 3425
700 3433
1005 3144
939 3076
934 3063
936 3063
940 3057
939 3056
935 3058
891 3180
875 3214
875 3212
877 3210
883 3240
695 3231
694 3228
679 3235
680 3236
684 3228
659 3419
660 3420
660 3418
675 3433
670 3430
667 3425
700 3434
1004 3144
934 3064
941 3057
938 3056
939 3055
935 3057
892 3180
874 3214
875 3211
877 3209
882 3240
696 3231
693 3228
694 3227
678 3235
684 3227
658 3419
659 3418
660 3421
675 3434
701 3434
1004 3145
933 3064
941 3056
938 3055
893 3180
874 3215
874 3213
874 3211
876 3209
881 3240
695 3227
694 3226
677 3235
683 3227
658 3420
659 3417
674 3434
702 3434
1003 3145
1004 3146
932 3064
933 3065
942 3056
937 3055
893 3179
873 3215
874 3216
873 3213
875 3209
876 3208
881 3241
881 3239
696 3227
693 3226
677 3234
682 3227
658 3421
659 3416
674 3435
703 3434
702 3435
1002 3145
932 3065
932 3063
933 3066
942 3055
936 3055
894 3179
893 3178
872 3215
874 3217
876 3207
881 3242
881 3238
696 3228
696 3226
692 3226
676 3234
681 3227
657 3421
658 3422
658 3416
659 3415
674 3436
703 3433
1002 3146
1002 3144
931 3065
932 3066
934 3066
943 3055
936 3054
871 3215
872 3216
877 3207
875 3207
876 3206
882 3242
881 3243
697 3226
675 3234
680 3227
656 3421
657 3422
658 3423
657 3416
659 3414
704 3433
1002 3147
930 3065
932 3067
934 3067
944 3055
943 3054
936 3053
870 3215
881 3244
698 3226
674 3234
675 3235
679 3227
655 3421
657 3423
659 3423
656 3416
657 3417
659 3413
705 3433
704 3432
930 3066
931 3067
932 3068
934 3068
945 3055
937 3053
870 3216
882 3244
699 3226
698 3227
698 3225
675 3236
679 3228
679 3226
655 3420
656 3423
657 3424
656 3417
656 3415
660 3413
658 3413
705 3432
930 3067
934 3069
946 3055
938 3053
869 3216
870 3217
883 3244
674 3236
678 3228
679 3225
654 3420
657 3425
656 3414
661 3413
657 3413
705 3431
947 3055
938 3052
868 3216
870 3218
883 3243
674 3237
678 3229
680 3225
678 3225
653 3420
654 3419
658 3425
662 3413
657 3412
706 3431
705 3430
947 3054
938 3051
867 3216
870 3219
673 3237
677 3229
678 3230
677 3225
652 3420
654 3418
659 3425
658 3426
662 3412
656 3412
707 3431
704 3430
705 3429
947 3053
939 3051
866 3216
867 3217
867 3215
869 3219
672 3237
673 3238
677 3224
652 3419
653 3418
654 3417
658 3427
663 3412
708 3431
707 3432
706 3429
705 3428
947 3052
940 3051
865 3216
868 3219
671 3237
672 3236
673 3239
677 3223
651 3419
653 3417
654 3416
657 3427
663 3411
709 3431
948 3052
946 3052
947 3051
940 3050
864 3216
868 3220
670 3237
673 3240
677 3222
650 3419
652 3417
656 3427
663 3410
709 3432
949 3052
948 3051
946 3051
941 3050
940 3049
863 3216
864 3215
868 3221
670 3238
678 3222
677 3221
649 3419
650 3420
664 3410
663 3409
710 3432
709 3433
950 3052
948 3050
945 3051
946 3050
939 3049
940 3048
863 3217
864 3214
867 3221
670 3239
678 3221
648 3419
664 3409
711 3432
709 3434
950 3053
949 3050
946 3049
940 3047
863 3214
864 3213
866 3221
671 3239
669 3239
679 3221
648 3418
664 3408
712 3432
711 3433
709 3435
950 3050
949 3049
940 3046
862 3214
863 3213
866 3222
669 3240
680 3221
647 3418
648 3417
665 3408
713 3432
710 3435
951 3050
950 3049
941 3046
939 3046
940 3045
861 3214
862 3213
865 3222
866 3223
669 3241
680 3220
647 3417
648 3416
666 3408
714 3432
713 3433
713 3431
711 3435
952 3050
939 3045
862 3212
864 3222
866 3224
670 3241
668 3241
669 3242
680 3219
646 3417
647 3416
666 3409
666 3407
714 3433
712 3435
953 3050
938 3045
864 3223
864 3221
867 3224
670 3242
667 3241
680 3218
646 3416
667 3407
666 3406
715 3433
712 3436
954 3050
864 3224
666 3241
667 3240
681 3218
680 3217
645 3416
668 3407
665 3406
666 3405
716 3433
712 3437
954 3051
863 3224
665 3241
666 3240
667 3239
682 3218
644 3416
668 3406
664 3406
666 3404
717 3433
712 3438
955 3051
863 3225
664 3241
683 3218
682 3219
643 3416
663 3406
667 3404
718 3433
712 3439
956 3051
955 3052
862 3225
664 3242
684 3218
683 3219
683 3217
642 3416
643 3417
643 3415
662 3406
667 3403
719 3433
712 3440
957 3051
955 3053
861 3225
664 3243
685 3218
683 3220
683 3216
641 3416
642 3415
643 3418
662 3405
667 3402
957 3050
956 3053
954 3053
861 3226
861 3224
663 3243
664 3244
685 3217
684 3220
683 3221
682 3216
642 3414
642 3418
643 3419
662 3404
668 3402
666 3402
958 3050
957 3049
956 3054
953 3053
861 3227
860 3224
662 3243
686 3217
682 3221
683 3222
642 3413
641 3418
644 3419
643 3420
663 3404
669 3402
959 3050
957 3048
957 3054
953 3054
862 3227
661 3243
662 3244
687 3217
643 3413
640 3418
645 3419
663 3403
956 3048
958 3054
660 3243
662 3245
687 3216
643 3412
639 3418
663 3402
955 3048
956 3047
959 3054
958 3055
659 3243
660 3242
687 3215
643 3411
638 3418
639 3419
662 3402
956 3046
959 3055
658 3243
659 3244
659 3242
660 3241
687 3214
644 3411
638 3417
662 3401
956 3045
960 3055
959 3056
657 3243
659 3245
644 3410
638 3416
662 3400
957 3045
960 3056
657 3242
660 3245
659 3246
644 3409
638 3415
662 3399
961 3056
960 3057
660 3246
659 3247
645 3409
643 3409
637 3415
638 3414
662 3398
962 3056
960 3058
660 3247
646 3409
638 3413
663 3398
662 3397
963 3056
962 3057
660 3248
638 3412
664 3398
663 3397
662 3396
963 3057
661 3248
660 3249
639 3412
638 3411
665 3398
661 3396
662 3395
964 3057
661 3249
659 3249
639 3411
638 3410
666 3398
665 3399
665 3397
660 3396
663 3395
965 3057
661 3250
658 3249
638 3409
666 3399
665 3400
665 3396
659 3396
664 3395
965 3058
662 3250
657 3249
658 3248
638 3408
667 3399
666 3396
664 3396
658 3396
966 3058
663 3250
656 3249
639 3408
637 3408
638 3407
667 3400
658 3397
658 3395
967 3058
966 3059
663 3251
655 3249
656 3250
640 3408
637 3407
668 3400
657 3397
658 3394
967 3057
966 3060
663 3252
654 3249
656 3251
640 3407
636 3407
637 3406
657 3398
659 3394
657 3394
968 3057
967 3056
967 3060
664 3252
654 3248
655 3251
656 3252
641 3407
635 3407
637 3405
657 3399
660 3394
969 3057
967 3061
664 3253
653 3248
654 3251
656 3253
637 3404
658 3399
657 3400
660 3393
970 3057
665 3253
652 3248
657 3253
655 3253
656 3254
636 3404
637 3403
658 3400
657 3401
971 3057
651 3248
652 3249
657 3254
654 3253
635 3404
636 3403
638 3403
637 3402
659 3400
656 3401
657 3402
971 3058
971 3056
651 3247
658 3254
654 3254
635 3405
637 3401
659 3401
655 3401
657 3403
971 3059
971 3055
650 3247
651 3246
659 3254
634 3405
638 3401
637 3400
655 3400
656 3403
657 3404
971 3060
972 3055
970 3055
649 3247
651 3245
659 3255
633 3405
639 3401
637 3399
655 3399
656 3404
971 3061
972 3054
970 3054
648 3247
652 3245
651 3244
659 3256
632 3405
640 3401
638 3399
655 3398
655 3404
656 3405
971 3062
973 3054
648 3248
648 3246
653 3245
660 3256
658 3256
659 3257
632 3406
632 3404
641 3401
640 3400
639 3399
655 3397
654 3404
656 3406
970 3062
971 3063
974 3054
973 3053
648 3249
647 3246
653 3244
660 3257
659 3258
631 3406
631 3404
632 3403
641 3400
654 3397
653 3404
654 3405
655 3406
656 3407
970 3063
972 3063
975 3054
974 3055
974 3053
649 3249
648 3250
646 3246
647 3245
654 3244
661 3257
660 3258
658 3258
630 3404
632 3402
642 3400
652 3404
653 3405
657 3407
969 3063
972 3064
976 3054
974 3052
647 3250
648 3251
646 3247
647 3244
655 3244
654 3243
660 3259
631 3402
643 3400
651 3404
658 3407
973 3064
972 3065
976 3055
976 3053
974 3051
647 3251
646 3244
647 3243
656 3244
655 3245
655 3243
654 3242
660 3260
630 3402
631 3401
644 3400
643 3399
651 3405
651 3403
658 3408
974 3064
973 3065
977 3055
977 3053
973 3051
646 3251
647 3252
646 3243
655 3246
655 3242
653 3242
660 3261
629 3402
645 3400
644 3401
644 3399
650 3405
651 3406
651 3402
975 3064
974 3063
977 3056
978 3053
972 3051
645 3251
645 3243
652 3242
661 3261
660 3262
628 3402
645 3399
644 3398
652 3402
975 3065
978 3056
972 3050
644 3251
644 3243
659 3262
660 3263
627 3402
646 3399
652 3401
976 3065
979 3056
978 3057
971 3050
643 3251
644 3252
643 3243
644 3244
644 3242
658 3262
661 3263
660 3264
626 3402
627 3403
647 3399
646 3398
652 3400
977 3065
980 3056
970 3050
971 3049
642 3251
643 3252
643 3250
644 3253
642 3243
644 3241
657 3262
662 3263
660 3265
625 3402
627 3404
647 3398
646 3397
651 3400
652 3399
977 3066
977 3064
981 3056
980 3057
970 3051
971 3048
641 3251
644 3254
642 3244
642 3242
644 3240
656 3262
663 3263
662 3262
659 3265
624 3402
625 3401
628 3404
627 3405
645 3397
650 3400
978 3066
978 3064
982 3056
970 3052
972 3048
971 3047
640 3251
641 3250
645 3254
644 3255
641 3244
644 3239
656 3263
663 3264
658 3265
659 3266
624 3403
625 3400
627 3406
645 3396
649 3400
650 3399
978 3067
979 3064
982 3057
969 3052
973 3048
971 3046
640 3252
640 3250
646 3254
645 3255
644 3256
640 3244
641 3245
645 3239
643 3239
663 3265
658 3264
659 3267
624 3404
626 3400
624 3400
625 3399
628 3406
627 3407
645 3395
649 3401
978 3068
980 3064
982 3058
973 3047
971 3045
639 3252
640 3253
640 3249
646 3255
646 3253
645 3256
640 3245
646 3239
645 3238
642 3239
663 3266
659 3268
625 3404
624 3405
626 3399
629 3406
628 3407
626 3407
645 3394
648 3401
979 3068
978 3069
981 3064
982 3059
974 3047
638 3252
640 3254
640 3248
647 3255
646 3256
645 3257
639 3245
647 3239
642 3240
664 3266
625 3405
623 3405
626 3398
629 3405
628 3408
625 3407
646 3394
645 3393
648 3402
977 3069
978 3070
981 3065
983 3059
981 3059
974 3046
641 3254
640 3247
648 3255
647 3256
645 3258
638 3245
648 3239
647 3238
641 3240
664 3267
622 3405
627 3398
626 3397
628 3409
646 3393
645 3392
648 3403
976 3069
981 3066
984 3059
980 3059
975 3046
647 3257
644 3258
638 3244
649 3239
647 3237
622 3406
627 3397
625 3397
647 3393
644 3392
645 3391
648 3404
975 3069
982 3066
985 3059
984 3060
980 3060
976 3046
975 3045
648 3257
643 3258
644 3259
637 3244
649 3238
647 3236
622 3407
627 3396
647 3392
643 3392
645 3390
647 3404
975 3070
975 3068
985 3058
979 3060
980 3061
976 3045
975 3044
648 3258
643 3259
644 3260
636 3244
649 3237
647 3235
621 3407
627 3395
642 3392
644 3390
974 3070
975 3071
985 3057
978 3060
981 3061
976 3044
975 3043
642 3259
645 3260
644 3261
650 3237
648 3235
646 3235
647 3234
621 3408
627 3394
641 3392
642 3393
644 3389
973 3070
974 3071
976 3071
986 3057
985 3056
977 3044
975 3042
641 3259
642 3260
645 3261
644 3262
651 3237
649 3235
647 3233
620 3408
628 3394
626 3394
641 3391
642 3394
644 3388
972 3070
974 3072
987 3057
978 3044
640 3259
641 3258
644 3263
652 3237
651 3236
648 3233
647 3232
619 3408
629 3394
628 3393
625 3394
626 3393
641 3390
643 3394
644 3387
971 3070
974 3073
988 3057
987 3058
979 3044
978 3045
640 3260
641 3257
653 3237
652 3238
652 3236
649 3233
646 3232
618 3408
619 3407
630 3394
629 3395
628 3392
624 3394
626 3392
642 3390
643 3395
643 3387
644 3386
971 3071
974 3074
988 3058
988 3056
987 3059
980 3044
979 3043
640 3261
642 3257
654 3237
652 3239
649 3232
645 3232
617 3408
619 3406
631 3394
630 3395
627 3392
628 3391
623 3394
625 3392
626 3391
642 3387
971 3072
975 3074
988 3055
981 3044
979 3042
640 3262
655 3237
654 3238
651 3239
652 3240
645 3231
617 3409
617 3407
619 3405
631 3393
627 3391
628 3390
622 3394
623 3395
623 3393
641 3387
971 3073
976 3074
975 3075
989 3055
988 3054
981 3045
981 3043
979 3041
639 3262
655 3238
655 3236
651 3240
644 3231
616 3409
620 3405
628 3389
621 3394
622 3395
622 3393
640 3387
971 3074
976 3073
990 3055
988 3053
982 3045
978 3041
638 3262
639 3263
656 3238
656 3236
643 3231
644 3230
615 3409
627 3389
628 3388
622 3392
639 3387
971 3075
977 3073
990 3056
988 3052
983 3045
978 3040
638 3263
638 3261
639 3264
657 3236
642 3231
644 3229
614 3409
615 3410
628 3387
622 3391
639 3386
970 3075
971 3076
978 3073
977 3072
991 3056
990 3057
983 3046
977 3040
978 3039
637 3263
638 3260
639 3265
658 3236
657 3235
642 3232
642 3230
644 3228
613 3409
614 3410
627 3387
628 3386
622 3390
638 3386
639 3385
972 3076
992 3056
990 3058
984 3046
983 3047
978 3038
636 3263
637 3260
638 3259
639 3266
658 3237
658 3235
657 3234
644 3227
612 3409
614 3411
628 3385
621 3390
637 3386
638 3385
992 3057
991 3058
990 3059
985 3046
984 3047
982 3047
983 3048
979 3038
977 3038
635 3263
636 3262
640 3266
638 3266
639 3267
659 3237
657 3233
644 3226
611 3409
614 3412
627 3385
620 3390
636 3386
638 3384
993 3057
991 3059
985 3045
984 3048
981 3047
982 3048
983 3049
980 3038
976 3038
635 3264
635 3262
641 3266
638 3267
660 3237
657 3232
645 3226
643 3226
610 3409
611 3408
615 3412
627 3384
619 3390
620 3389
635 3386
636 3387
638 3383
993 3058
984 3049
981 3048
983 3050
981 3038
980 3039
980 3037
975 3038
634 3264
635 3261
642 3266
641 3267
637 3267
660 3236
657 3231
645 3225
643 3225
611 3407
615 3413
619 3391
620 3388
634 3386
636 3388
639 3383
637 3383
994 3058
985 3049
982 3050
982 3038
981 3039
981 3037
975 3039
975 3037
633 3264
635 3260
643 3266
641 3268
636 3267
656 3231
657 3230
645 3224
642 3225
611 3406
615 3414
618 3391
620 3387
633 3386
636 3389
640 3383
637 3382
995 3058
985 3050
983 3038
974 3039
975 3036
632 3264
633 3265
635 3259
643 3265
655 3231
656 3230
657 3229
641 3225
642 3224
612 3406
611 3405
615 3415
617 3391
618 3392
621 3387
619 3387
620 3386
636 3390
640 3382
636 3382
996 3058
986 3050
985 3051
984 3038
983 3037
973 3039
975 3035
631 3264
635 3258
644 3265
655 3232
657 3228
640 3225
641 3224
612 3405
611 3404
615 3416
616 3391
618 3387
620 3385
635 3390
636 3391
641 3382
640 3381
635 3382
997 3058
987 3050
985 3052
985 3038
984 3039
973 3038
976 3035
974 3035
975 3034
634 3258
635 3257
645 3265
658 3228
656 3228
657 3227
639 3225
640 3224
612 3404
610 3404
614 3416
615 3391
618 3386
621 3385
619 3385
620 3384
637 3391
642 3382
639 3381
640 3380
635 3381
997 3059
986 3038
984 3040
973 3037
975 3033
633 3258
635 3256
645 3266
659 3228
658 3227
655 3228
639 3224
640 3223
613 3404
612 3403
609 3404
613 3416
614 3417
614 3391
615 3390
618 3385
619 3384
642 3381
640 3379
634 3381
997 3060
987 3038
985 3040
983 3040
975 3032
632 3258
646 3266
660 3228
659 3227
658 3226
655 3227
638 3224
640 3222
614 3404
609 3405
613 3417
613 3415
614 3418
613 3391
614 3390
615 3389
619 3383
643 3381
640 3378
634 3380
997 3061
987 3037
986 3040
985 3041
982 3040
974 3032
632 3259
646 3267
660 3229
637 3224
639 3222
615 3404
608 3405
612 3415
615 3418
613 3390
616 3389
615 3388
618 3383
619 3382
644 3381
643 3380
639 3378
640 3377
998 3061
997 3062
987 3036
987 3040
973 3032
974 3031
631 3259
632 3260
647 3267
660 3230
637 3225
637 3223
638 3222
639 3221
616 3404
615 3405
607 3405
611 3415
615 3419
612 3390
616 3388
615 3387
617 3383
619 3381
644 3382
643 3379
640 3376
997 3063
986 3036
987 3035
973 3033
973 3031
974 3030
630 3259
633 3260
648 3267
659 3230
637 3226
636 3223
616 3405
616 3403
606 3405
607 3404
610 3415
616 3419
612 3389
617 3388
615 3386
620 3381
619 3380
644 3379
641 3376
996 3063
988 3035
972 3031
630 3260
633 3261
649 3267
648 3268
637 3227
635 3223
605 3405
606 3404
607 3403
609 3415
610 3416
614 3386
620 3380
619 3379
644 3378
996 3064
989 3035
988 3034
971 3031
972 3030
629 3260
649 3268
648 3269
638 3227
637 3228
634 3223
604 3405
605 3406
606 3403
609 3416
614 3385
621 3380
619 3378
645 3378
995 3064
996 3065
990 3035
988 3033
970 3031
971 3030
628 3260
647 3269
639 3227
634 3224
603 3405
606 3402
609 3417
614 3384
620 3378
618 3378
645 3377
997 3065
996 3066
991 3035
990 3036
987 3033
970 3032
970 3030
971 3029
628 3261
628 3259
646 3269
647 3270
639 3228
633 3224
602 3405
606 3401
609 3418
615 3384
613 3384
621 3378
618 3377
646 3377
645 3376
997 3066
995 3066
992 3035
970 3033
970 3029
971 3028
627 3261
627 3259
632 3224
601 3405
602 3406
602 3404
607 3401
610 3418
609 3419
615 3383
613 3383
622 3378
621 3377
618 3376
647 3377
998 3066
997 3067
994 3066
995 3067
993 3035
992 3034
971 3033
969 3033
970 3028
971 3027
626 3261
627 3262
626 3259
632 3225
632 3223
600 3405
602 3407
602 3403
608 3401
610 3419
609 3420
613 3382
623 3378
622 3379
622 3377
617 3376
647 3378
647 3376
998 3067
994 3067
992 3033
971 3034
969 3034
969 3028
970 3027
972 3027
625 3261
626 3262
601 3407
602 3408
603 3403
608 3400
608 3420
609 3421
612 3382
623 3379
623 3377
617 3375
647 3379
648 3376
998 3068
993 3067
994 3068
968 3034
970 3026
624 3261
626 3263
600 3407
602 3409
604 3403
607 3420
608 3421
609 3422
611 3382
624 3379
624 3377
623 3376
616 3375
646 3379
647 3380
648 3375
992 3067
993 3068
994 3069
967 3034
970 3025
624 3260
626 3264
600 3408
607 3419
609 3423
610 3382
625 3379
625 3377
624 3376
616 3374
648 3380
647 3381
649 3375
648 3374
992 3066
993 3069
995 3069
967 3035
969 3025
970 3024
624 3259
627 3264
625 3264
600 3409
606 3419
609 3424
609 3382
610 3383
625 3380
625 3378
615 3374
616 3373
649 3380
647 3382
647 3374
648 3373
991 3066
992 3065
992 3069
993 3070
996 3069
995 3070
966 3035
971 3024
970 3023
623 3259
624 3258
627 3265
624 3264
599 3409
600 3410
605 3419
610 3424
608 3424
608 3382
610 3384
625 3381
626 3378
614 3374
617 3373
649 3379
647 3383
647 3373
649 3373
648 3372
991 3065
992 3064
991 3069
993 3071
996 3070
965 3035
972 3024
969 3023
970 3022
622 3259
625 3258
628 3265
627 3266
601 3410
600 3411
605 3418
610 3425
608 3425
607 3382
625 3382
627 3378
614 3375
614 3373
618 3373
650 3379
647 3384
648 3371
991 3064
991 3070
991 3068
993 3072
965 3036
965 3034
973 3024
969 3022
971 3022
970 3021
621 3259
625 3257
626 3266
599 3411
605 3417
610 3426
607 3425
606 3382
628 3378
614 3372
619 3373
651 3379
646 3384
647 3385
649 3371
647 3371
991 3063
990 3070
990 3068
992 3072
993 3073
964 3036
964 3034
965 3033
973 3025
969 3021
620 3259
621 3260
626 3257
599 3412
610 3427
607 3426
606 3381
629 3378
628 3379
628 3377
613 3372
614 3371
651 3380
651 3378
648 3385
647 3386
650 3371
990 3067
992 3073
993 3074
964 3037
963 3034
969 3020
619 3259
620 3260
620 3258
621 3261
627 3257
599 3413
611 3427
609 3427
605 3381
629 3377
612 3372
651 3381
651 3377
649 3385
646 3386
651 3371
989 3067
992 3074
994 3074
993 3075
964 3038
963 3035
969 3019
620 3261
620 3257
627 3256
600 3413
598 3413
611 3428
608 3427
629 3376
612 3373
652 3381
652 3377
650 3377
649 3386
649 3384
652 3371
988 3067
991 3074
993 3076
964 3039
969 3018
620 3262
620 3256
628 3256
597 3413
598 3414
612 3428
608 3428
629 3375
652 3382
650 3386
650 3384
649 3383
653 3371
652 3372
652 3370
987 3067
988 3068
990 3074
994 3076
965 3039
963 3039
964 3040
968 3018
620 3263
629 3256
598 3415
613 3428
608 3429
628 3375
629 3374
652 3383
650 3387
651 3384
654 3371
653 3370
986 3067
989 3074
994 3077
962 3039
964 3041
968 3017
619 3263
629 3255
597 3415
598 3416
614 3428
613 3429
613 3427
609 3429
607 3429
608 3430
628 3374
652 3384
655 3371
654 3370
653 3369
985 3067
989 3075
961 3039
963 3041
967 3017
968 3016
618 3263
619 3264
629 3254
596 3415
597 3416
599 3416
598 3417
615 3428
614 3429
613 3426
609 3430
607 3430
627 3374
655 3372
655 3370
653 3368
985 3068
989 3076
961 3040
961 3038
963 3042
966 3017
968 3015
617 3263
619 3265
628 3254
596 3414
598 3418
616 3428
614 3430
613 3425
609 3431
606 3430
626 3374
627 3373
655 3373
656 3370
652 3368
653 3367
984 3068
989 3077
960 3040
961 3041
961 3037
968 3014
616 3263
617 3262
618 3265
619 3266
627 3254
595 3414
599 3418
617 3428
616 3429
614 3425
613 3424
609 3432
605 3430
606 3431
656 3373
656 3369
653 3366
983 3068
988 3077
989 3078
959 3040
961 3042
961 3036
969 3014
616 3264
620 3266
619 3267
626 3254
594 3414
600 3418
618 3428
613 3423
609 3433
604 3430
605 3429
606 3432
656 3374
656 3368
653 3365
983 3069
989 3079
958 3040
960 3042
962 3036
960 3036
970 3014
615 3264
621 3266
618 3267
619 3268
625 3254
626 3253
593 3414
594 3413
600 3419
619 3428
610 3433
603 3430
605 3428
607 3432
605 3432
657 3374
656 3367
653 3364
990 3079
988 3079
957 3040
959 3042
960 3043
959 3036
960 3035
971 3014
970 3013
614 3264
622 3266
618 3268
619 3269
626 3252
592 3414
594 3412
601 3419
619 3429
619 3427
604 3432
656 3366
653 3363
991 3079
990 3080
987 3079
956 3040
959 3043
958 3036
959 3037
972 3014
970 3012
613 3264
623 3266
620 3269
619 3270
626 3251
591 3414
602 3419
601 3420
620 3429
619 3430
620 3427
619 3426
603 3432
656 3365
991 3080
990 3081
956 3041
957 3036
958 3035
959 3038
973 3014
972 3015
970 3011
612 3264
613 3265
613 3263
623 3267
623 3265
620 3270
618 3270
627 3251
590 3414
591 3415
591 3413
601 3421
620 3430
621 3427
618 3426
619 3425
602 3432
603 3433
657 3365
992 3080
989 3081
956 3036
957 3035
958 3034
974 3014
970 3010
611 3264
612 3265
613 3266
613 3262
623 3268
590 3415
590 3413
591 3416
591 3412
601 3422
621 3430
620 3431
622 3427
619 3424
601 3432
602 3433
602 3431
658 3365
992 3081
988 3081
989 3082
955 3036
957 3034
958 3033
975 3014
974 3015
970 3009
613 3267
614 3262
612 3262
623 3269
589 3415
590 3416
592 3416
591 3411
602 3422
601 3423
620 3432
623 3427
622 3426
619 3423
601 3431
602 3434
658 3366
993 3081
992 3082
988 3082
1616 2421
955 3037
955 3035
957 3033
958 3032
976 3014
974 3016
970 3008
612 3267
613 3268
614 3261
612 3261
622 3269
588 3415
590 3417
592 3411
590 3411
591 3410
602 3423
600 3423
621 3432
619 3432
620 3433
624 3427
623 3428
623 3426
618 3423
619 3422
601 3430
601 3434
602 3435
659 3366
994 3081
993 3082
987 3082
1232 3620
958 3031
977 3014
973 3016
971 3008
969 3008
970 3007
612 3268
613 3269
615 3261
611 3261
587 3415
588 3416
588 3414
590 3418
591 3409
603 3423
599 3423
620 3434
625 3427
624 3428
623 3429
623 3425
600 3430
600 3434
601 3435
603 3435
660 3366
993 3083
986 3082
1233 3620
959 3031
958 3030
977 3015
977 3013
973 3017
972 3008
968 3008
970 3006
614 3269
615 3260
611 3260
588 3417
588 3413
592 3409
590 3409
591 3408
604 3423
620 3435
623 3430
599 3434
601 3436
604 3435
660 3365
994 3083
993 3084
985 3082
1234 3620
957 3030
958 3029
978 3015
978 3013
972 3017
973 3018
973 3008
967 3008
969 3006
610 3260
587 3417
588 3418
591 3407
604 3422
621 3435
619 3435
598 3434
600 3436
604 3436
660 3364
995 3083
985 3083
985 3081
1235 3620
956 3030
957 3029
959 3029
979 3015
979 3013
971 3017
974 3018
973 3019
974 3008
973 3009
973 3007
966 3008
968 3006
610 3259
586 3417
587 3418
588 3419
591 3406
605 3422
622 3435
598 3435
598 3433
599 3436
605 3436
661 3364
660 3363
996 3083
984 3083
985 3084
984 3081
985 3080
1233 3614
956 3029
975 3008
966 3009
967 3006
609 3259
585 3417
586 3418
587 3419
589 3419
592 3406
622 3436
598 3432
599 3437
606 3436
662 3364
660 3362
996 3082
983 3083
985 3085
984 3080
986 3080
1232 3615
1235 3619
976 3008
975 3007
966 3010
967 3005
608 3259
585 3418
585 3416
593 3406
623 3436
607 3436
606 3437
661 3362
660 3361
997 3082
982 3083
984 3085
985 3086
983 3080
1233 3615
1235 3618
965 3010
966 3011
967 3004
607 3259
608 3258
584 3418
585 3415
594 3406
624 3436
623 3437
607 3437
606 3438
662 3362
660 3360
998 3082
982 3084
984 3086
985 3087
982 3080
983 3079
1234 3615
964 3010
967 3003
606 3259
607 3260
584 3419
594 3407
594 3405
625 3436
624 3435
623 3438
608 3437
607 3438
605 3438
663 3362
661 3360
660 3359
999 3082
998 3081
981 3084
985 3088
1235 3617
1234 3616
964 3011
967 3002
605 3259
584 3420
594 3408
595 3405
626 3436
622 3438
623 3439
609 3437
604 3438
664 3362
663 3363
662 3360
660 3358
1000 3082
981 3085
985 3089
1235 3616
1751 1669
963 3011
967 3001
604 3259
605 3258
583 3420
593 3408
596 3405
626 3437
622 3439
623 3440
609 3436
604 3439
665 3362
664 3363
660 3357
1001 3082
980 3085
981 3086
986 3089
1749 1675
1748 1674
962 3011
963 3012
968 3001
967 3000
603 3259
604 3260
583 3421
597 3405
596 3404
604 3440
665 3363
665 3361
661 3357
659 3357
660 3356
1002 3082
979 3085
987 3089
986 3090
1747 1719
961 3011
963 3013
969 3001
967 2999
602 3259
603 3258
604 3261
582 3421
583 3422
598 3405
597 3404
596 3403
604 3441
665 3364
666 3361
665 3360
659 3356
660 3355
1003 3082
1002 3081
979 3086
979 3084
987 3090
1730 1710
961 3012
961 3010
969 3002
968 2999
966 2999
601 3259
602 3260
602 3258
603 3257
581 3421
582 3422
584 3422
583 3423
598 3406
598 3404
595 3403
603 3441
604 3442
665 3365
667 3361
659 3355
661 3355
660 3354
1003 3083
1002 3080
978 3084
979 3083
1728 1706
961 3013
961 3009
968 2998
965 2999
602 3261
603 3256
581 3422
582 3423
583 3424
598 3403
594 3403
602 3441
605 3442
666 3365
664 3365
668 3361
667 3362
661 3354
1002 3079
978 3083
1728 1708
960 3009
968 2997
964 2999
601 3261
603 3255
581 3423
583 3425
599 3403
598 3402
594 3402
602 3442
667 3365
669 3361
667 3363
662 3354
1002 3078
1752 1669
959 3009
969 2997
964 3000
964 2998
600 3261
602 3255
603 3254
582 3425
598 3401
593 3402
667 3366
667 3364
670 3361
669 3360
663 3354
1002 3077
1749 1674
1746 1687
959 3010
959 3008
970 2997
969 2996
963 3000
964 3001
963 2998
964 2997
600 3260
604 3254
603 3253
582 3426
598 3400
592 3402
593 3401
663 3355
663 3353
1003 3077
1001 3077
1745 1684
1748 1719
1730 1709
958 3010
971 2997
970 2998
963 3001
964 3002
963 2997
964 2996
599 3260
605 3254
603 3252
582 3427
597 3400
598 3399
592 3403
593 3400
664 3353
663 3352
1004 3077
1000 3077
1729 1706
957 3010
971 2996
962 2997
965 2996
598 3260
599 3259
603 3251
581 3427
582 3428
591 3403
592 3400
664 3352
663 3351
1005 3077
1004 3076
999 3077
1728 1707
956 3010
957 3011
961 2997
962 2996
966 2996
598 3261
604 3251
602 3251
603 3250
582 3429
590 3403
592 3399
662 3351
1005 3078
999 3076
1752 1670
1753 1671
955 3010
956 3009
957 3012
597 3261
598 3262
605 3251
604 3250
603 3249
583 3429
581 3429
589 3403
590 3404
590 3402
592 3398
662 3350
1006 3078
1005 3079
999 3075
1749 1673
1747 1687
955 3009
956 3012
596 3261
599 3262
605 3252
584 3429
580 3429
588 3403
589 3402
590 3401
593 3398
662 3349
1005 3080
1000 3075
1745 1685
1744 1726
1745 1725
1748 1718
955 3012
956 3013
596 3260
606 3252
585 3429
584 3430
580 3430
587 3403
593 3397
662 3348
1001 3075
1000 3074
1730 1708
1729 1707
1752 1671
1750 1673
954 3012
956 3014
595 3260
607 3252
586 3429
579 3430
580 3431
586 3403
594 3397
593 3396
663 3348
662 3347
1000 3073
1747 1686
1746 1685
953 3012
956 3015
595 3259
608 3252
586 3430
586 3428
578 3430
580 3432
585 3403
586 3404
595 3397
593 3395
664 3348
662 3346
1001 3073
1000 3072
1744 1725
1749 1718
953 3013
956 3016
594 3259
595 3258
609 3252
608 3253
587 3430
577 3430
584 3403
586 3405
596 3397
592 3395
665 3348
664 3349
661 3346
662 3345
1002 3073
1730 1707
1752 1672
952 3013
957 3016
955 3016
594 3258
610 3252
588 3430
587 3431
576 3430
584 3402
587 3405
596 3396
665 3349
665 3347
661 3345
663 3345
1002 3072
1751 1673
1750 1688
1747 1685
1744 1724
1743 1723
951 3013
957 3017
955 3017
593 3258
610 3253
587 3432
575 3430
576 3431
584 3401
596 3395
666 3347
660 3345
661 3344
663 3344
1002 3071
1749 1717
587 3456
950 3013
951 3014
958 3017
957 3018
954 3017
592 3258
586 3432
574 3430
583 3401
597 3395
667 3347
659 3345
1002 3070
1730 1713
1748 1677
1749 1668
949 3013
950 3012
959 3017
954 3018
591 3258
574 3431
583 3400
668 3347
667 3346
658 3345
1003 3070
1725 1709
1726 1708
1730 1714
948 3013
950 3011
960 3017
959 3018
590 3258
591 3259
574 3432
582 3400
583 3399
669 3347
668 3348
658 3344
1004 3070
1748 1678
1748 1668
1724 1709
947 3013
950 3010
959 3019
590 3259
590 3257
573 3432
581 3400
582 3399
583 3398
670 3347
657 3344
658 3343
1004 3071
1725 1710
1726 1707
1731 1714
946 3013
951 3010
959 3020
590 3260
590 3256
573 3433
580 3400
582 3398
670 3348
670 3346
656 3344
657 3343
659 3343
658 3342
1005 3071
1729 1714
1730 1715
946 3012
952 3010
959 3021
590 3261
589 3256
590 3255
572 3433
573 3434
581 3398
671 3348
655 3344
657 3342
658 3341
1006 3071
1748 1679
1747 1668
952 3009
960 3021
591 3261
589 3261
590 3262
588 3256
590 3254
572 3434
573 3435
581 3397
672 3348
671 3349
654 3344
655 3345
657 3341
659 3341
1007 3071
1006 3070
1723 1709
1724 1710
1725 1711
952 3008
591 3262
589 3262
590 3263
587 3256
591 3254
589 3254
571 3434
574 3435
573 3436
581 3396
673 3348
671 3350
653 3344
654 3345
659 3340
1008 3071
1006 3069
1725 1707
1726 1706
1732 1714
1731 1715
1729 1715
952 3007
590 3264
586 3256
587 3257
592 3254
570 3434
571 3435
575 3435
573 3437
582 3396
674 3348
672 3350
671 3351
653 3345
653 3343
659 3339
1009 3071
1005 3069
1747 1679
1748 1680
1747 1667
953 3007
952 3006
591 3264
585 3256
592 3253
569 3434
570 3435
576 3435
574 3437
572 3437
670 3351
671 3352
652 3343
660 3339
659 3338
1010 3071
1005 3068
1723 1710
1723 1708
953 3006
951 3006
952 3005
585 3257
568 3434
570 3436
576 3436
574 3438
571 3437
669 3351
651 3343
652 3342
661 3339
660 3338
658 3338
1011 3071
1004 3068
1005 3067
1724 1711
954 3006
950 3006
952 3004
584 3257
585 3258
568 3433
569 3436
570 3437
574 3439
571 3438
669 3352
669 3350
650 3343
662 3339
660 3337
658 3337
1011 3070
1006 3067
1005 3066
1726 1711
955 3006
954 3005
950 3005
953 3004
583 3257
585 3259
567 3433
569 3437
574 3440
669 3353
669 3349
649 3343
650 3344
650 3342
662 3338
660 3336
657 3337
1012 3070
1006 3066
1732 1715
1732 1713
956 3006
955 3007
949 3005
953 3003
582 3257
566 3433
568 3437
569 3438
575 3440
574 3441
669 3354
648 3343
650 3341
663 3338
661 3336
659 3336
656 3337
657 3336
1013 3070
1007 3066
1006 3065
1729 1716
957 3006
948 3005
582 3258
582 3256
566 3434
566 3432
567 3437
568 3438
573 3441
574 3442
648 3344
649 3341
650 3340
664 3338
659 3335
655 3337
656 3336
1014 3070
1006 3064
1748 1681
957 3007
957 3005
947 3005
581 3258
581 3256
565 3434
565 3432
566 3437
567 3438
567 3436
572 3441
574 3443
648 3341
651 3340
664 3339
659 3334
654 3337
1014 3071
1014 3069
1747 1666
957 3008
958 3005
947 3006
947 3004
580 3258
564 3434
564 3432
565 3431
565 3437
566 3436
567 3439
571 3441
572 3440
575 3443
574 3444
647 3341
652 3340
665 3339
658 3334
659 3333
654 3336
1014 3072
1015 3069
1723 1711
958 3004
946 3006
579 3258
580 3259
563 3434
563 3432
564 3431
567 3440
572 3439
573 3444
574 3445
652 3339
665 3340
657 3334
659 3332
654 3335
1015 3072
1014 3073
1016 3069
1722 1708
1723 1707
959 3004
958 3003
945 3006
946 3007
579 3259
579 3257
562 3434
562 3432
564 3430
566 3440
574 3446
652 3338
657 3333
660 3332
659 3331
653 3335
1015 3073
1014 3074
1017 3069
1733 1715
1729 1717
959 3003
958 3002
945 3005
579 3256
562 3435
562 3433
563 3430
564 3429
565 3440
575 3446
652 3337
657 3332
660 3331
658 3331
659 3330
1014 3075
1017 3070
1017 3068
1747 1681
1746 1666
958 3001
944 3005
945 3004
578 3256
562 3436
565 3429
564 3428
564 3440
575 3447
651 3337
660 3330
659 3329
1014 3076
1018 3070
1018 3068
1722 1711
958 3000
943 3005
577 3256
578 3255
561 3436
565 3428
563 3428
564 3427
564 3441
575 3448
660 3329
658 3329
1015 3076
1018 3067
959 3000
957 3000
942 3005
576 3256
560 3436
563 3427
564 3426
564 3442
575 3449
660 3328
657 3329
1015 3077
1019 3067
957 2999
942 3004
575 3256
559 3436
562 3427
564 3425
565 3442
576 3449
574 3449
661 3328
656 3329
1015 3078
1019 3066
956 2999
941 3004
574 3256
575 3257
558 3436
561 3427
562 3426
565 3425
563 3425
565 3443
577 3449
661 3327
656 3328
1016 3078
1015 3079
1019 3065
955 2999
940 3004
573 3256
574 3257
575 3258
558 3437
558 3435
562 3425
566 3425
565 3424
565 3444
578 3449
655 3328
656 3327
1017 3078
1016 3079
1015 3080
1020 3065
1018 3065
1019 3064
954 2999
955 2998
939 3004
572 3256
575 3259
558 3438
558 3434
561 3425
567 3425
566 3424
565 3423
566 3444
564 3444
565 3445
578 3450
655 3327
657 3327
1017 3077
1015 3081
1021 3065
1020 3064
1019 3063
953 2999
954 3000
955 2997
938 3004
572 3255
576 3259
575 3260
557 3438
557 3434
560 3425
561 3424
567 3424
564 3423
565 3422
563 3444
565 3446
579 3450
578 3451
654 3327
655 3326
657 3326
1018 3077
1017 3076
1016 3081
1014 3081
1022 3065
1020 3063
954 3001
956 2997
954 2997
937 3004
571 3255
576 3260
574 3260
557 3439
561 3423
568 3424
565 3421
563 3445
566 3446
579 3451
577 3451
654 3326
655 3325
657 3325
1019 3077
1018 3076
1017 3075
1017 3081
1016 3082
1014 3082
1022 3064
1021 3063
955 3001
953 3001
953 2997
954 2996
936 3004
571 3254
573 3260
561 3422
569 3424
568 3423
565 3420
567 3446
566 3447
580 3451
577 3452
653 3326
654 3325
655 3324
658 3325
1014 3083
1023 3064
1021 3062
952 3001
952 2997
953 2996
936 3003
571 3253
572 3260
573 3261
573 3259
560 3422
570 3424
569 3425
565 3419
567 3445
566 3448
580 3452
577 3453
654 3324
656 3324
1013 3083
1014 3084
1024 3064
1023 3063
1021 3061
951 2997
952 2998
953 2995
936 3002
571 3252
573 3262
573 3258
559 3422
571 3424
569 3426
565 3418
565 3448
581 3452
576 3453
654 3323
656 3323
1014 3085
1025 3064
1024 3065
1020 3061
950 2997
935 3002
936 3001
572 3252
573 3263
572 3258
558 3422
571 3423
570 3426
566 3418
564 3418
565 3417
564 3448
565 3449
582 3452
575 3453
657 3323
656 3322
1014 3086
1025 3063
1019 3061
950 2996
934 3002
937 3001
936 3000
572 3251
574 3263
572 3263
573 3264
571 3258
558 3421
571 3426
563 3418
563 3448
565 3450
583 3452
582 3453
574 3453
575 3454
575 3452
658 3323
655 3322
656 3321
1015 3086
1014 3087
1025 3062
1019 3060
949 2996
933 3002
934 3003
935 3000
936 2999
573 3251
575 3263
574 3264
571 3263
572 3264
557 3421
571 3427
562 3418
563 3419
564 3450
584 3452
583 3453
574 3452
575 3455
659 3323
658 3322
655 3321
657 3321
1016 3086
1026 3062
1025 3061
948 2996
949 2995
932 3002
933 3003
574 3251
574 3265
571 3262
572 3265
561 3418
562 3419
564 3451
585 3452
584 3451
573 3452
575 3456
659 3322
658 3321
655 3320
657 3320
1017 3086
1027 3062
1026 3061
1024 3061
1025 3060
948 2997
948 2995
949 2994
933 3004
574 3250
574 3266
571 3261
572 3266
560 3418
562 3420
564 3452
584 3450
575 3457
657 3319
1017 3087
1028 3062
1027 3063
1026 3060
1024 3060
947 2997
948 2998
949 2993
933 3005
575 3250
575 3266
574 3267
570 3261
572 3267
559 3418
565 3452
583 3450
584 3449
576 3457
575 3458
658 3319
1018 3087
1017 3088
1027 3064
948 2999
950 2993
949 2992
934 3005
575 3249
576 3266
574 3268
569 3261
566 3452
582 3450
583 3449
585 3449
577 3457
576 3458
575 3459
659 3319
658 3318
1019 3087
1018 3088
949 2999
948 3000
949 2991
575 3248
577 3266
576 3267
573 3268
568 3261
569 3262
583 3448
586 3449
585 3448
577 3456
575 3460
658 3317
1018 3089
950 2999
949 3000
947 3000
948 2991
949 2990
575 3247
578 3266
577 3267
577 3265
568 3262
568 3260
582 3448
587 3449
585 3447
575 3461
657 3317
658 3316
1018 3090
949 3001
950 2990
576 3247
574 3247
575 3246
579 3266
567 3262
581 3448
588 3449
587 3450
586 3447
576 3461
574 3461
658 3315
1019 3090
1017 3090
951 2990
577 3247
575 3245
579 3265
566 3262
581 3447
589 3449
588 3448
587 3451
573 3461
659 3315
657 3315
658 3314
1020 3090
1017 3091
952 2990
575 3244
580 3265
566 3263
566 3261
590 3449
589 3448
586 3451
587 3452
572 3461
573 3462
656 3315
1021 3090
1016 3091
1017 3092
953 2990
952 2989
576 3244
574 3244
581 3265
565 3263
566 3264
565 3261
566 3260
591 3449
587 3453
572 3462
656 3316
1021 3089
1015 3091
1017 3093
954 2990
953 2991
952 2988
577 3244
573 3244
574 3243
581 3266
564 3263
565 3264
566 3265
592 3449
586 3453
587 3454
571 3462
655 3316
1022 3089
1015 3092
1015 3090
1018 3093
955 2990
952 2987
578 3244
577 3245
573 3243
582 3266
564 3264
564 3262
566 3266
592 3450
592 3448
588 3454
570 3462
654 3316
1022 3088
1015 3093
1014 3090
1019 3093
956 2990
955 2991
951 2987
579 3244
573 3242
582 3267
564 3265
563 3262
566 3267
593 3450
592 3451
592 3447
589 3454
588 3455
569 3462
570 3463
654 3317
1022 3087
1014 3093
1015 3094
1013 3090
957 2990
951 2986
579 3243
573 3241
562 3262
567 3267
594 3450
592 3452
591 3447
592 3446
590 3454
588 3456
569 3461
570 3464
653 3317
1022 3086
1013 3093
1015 3095
1012 3090
1013 3089
958 2990
957 2991
950 2986
579 3242
573 3240
561 3262
562 3263
594 3451
592 3453
592 3445
591 3454
588 3457
571 3464
569 3464
570 3465
652 3317
1021 3086
1022 3085
1013 3094
1015 3096
1013 3088
579 3241
572 3240
573 3239
560 3262
594 3452
591 3445
592 3444
591 3455
588 3458
572 3464
568 3464
651 3317
1023 3085
1013 3095
1012 3088
580 3241
579 3240
574 3239
573 3238
559 3262
560 3263
590 3445
591 3444
591 3456
589 3458
572 3465
567 3464
568 3463
650 3317
1024 3085
1011 3088
579 3239
575 3239
559 3261
560 3264
590 3444
591 3443
590 3458
566 3464
567 3465
649 3317
650 3318
1025 3085
1024 3086
1024 3084
1010 3088
580 3239
579 3238
575 3240
575 3238
558 3261
559 3264
589 3444
591 3442
590 3459
565 3464
566 3465
566 3463
567 3466
648 3317
649 3318
649 3316
650 3319
1026 3085
1025 3086
581 3239
576 3238
575 3237
557 3261
558 3264
592 3442
590 3442
590 3460
565 3463
566 3466
567 3467
649 3319
650 3320
1027 3085
1025 3087
582 3239
581 3238
575 3236
556 3261
557 3260
558 3265
558 3263
590 3441
589 3460
590 3461
565 3462
567 3468
648 3319
650 3321
1028 3085
1027 3084
1026 3087
583 3239
574 3236
557 3259
558 3266
557 3263
589 3441
591 3461
590 3462
565 3461
566 3468
567 3469
647 3319
650 3322
1029 3085
1027 3083
1026 3088
584 3239
583 3240
574 3235
558 3259
558 3267
588 3441
592 3461
590 3463
566 3461
564 3461
567 3470
647 3318
649 3322
650 3323
1030 3085
1028 3083
1026 3089
585 3239
584 3240
584 3238
583 3241
573 3235
574 3234
558 3258
558 3268
588 3442
588 3440
592 3460
591 3463
589 3463
567 3461
563 3461
567 3471
648 3322
1031 3085
1029 3083
1025 3089
1026 3090
586 3239
584 3241
584 3237
582 3241
583 3242
574 3233
559 3258
558 3257
558 3269
588 3443
593 3460
589 3464
563 3460
568 3471
648 3323
1031 3086
1029 3082
1026 3091
585 3241
585 3237
583 3237
583 3243
575 3233
557 3257
558 3256
557 3269
558 3270
587 3443
594 3460
593 3459
588 3464
562 3460
563 3459
569 3471
568 3472
648 3324
1031 3087
1029 3081
1025 3091
583 3236
575 3232
556 3257
557 3256
559 3256
558 3255
558 3271
595 3460
588 3465
561 3460
568 3473
647 3324
648 3325
1032 3087
1030 3087
1029 3080
1024 3091
1025 3092
583 3235
576 3232
575 3231
556 3256
558 3254
559 3271
558 3272
595 3459
588 3466
560 3460
561 3459
568 3474
646 3324
648 3326
1033 3087
1032 3088
1029 3079
1023 3091
583 3234
577 3232
557 3254
560 3271
557 3272
595 3458
588 3467
560 3459
568 3475
645 3324
648 3327
1033 3088
1033 3086
1032 3089
1030 3079
1028 3079
1023 3090
584 3234
582 3234
577 3233
577 3231
556 3254
561 3271
556 3272
596 3458
595 3457
588 3468
559 3459
569 3475
568 3476
644 3324
649 3327
647 3327
1034 3088
1033 3085
1030 3078
1027 3079
1028 3078
585 3234
578 3233
577 3234
577 3230
555 3254
556 3253
561 3270
555 3272
597 3458
596 3457
595 3456
588 3469
558 3459
570 3475
568 3477
643 3324
649 3328
646 3327
647 3328
1034 3089
1033 3084
1031 3078
1027 3080
1027 3078
586 3234
585 3233
579 3233
577 3235
578 3230
577 3229
554 3254
555 3255
562 3270
554 3272
555 3273
598 3458
597 3459
588 3470
557 3459
558 3460
569 3477
567 3477
568 3478
643 3325
650 3328
645 3327
646 3326
647 3329
1035 3089
1033 3083
1031 3077
1027 3081
1026 3078
1027 3077
587 3234
585 3232
580 3233
578 3235
579 3230
578 3229
576 3229
553 3254
553 3272
555 3274
599 3458
598 3457
597 3460
587 3470
588 3471
557 3460
557 3458
558 3461
569 3478
566 3477
568 3479
642 3325
650 3329
648 3329
647 3330
1036 3089
1035 3090
1032 3077
584 3232
585 3231
580 3232
578 3236
579 3231
575 3229
553 3255
553 3253
552 3272
554 3274
600 3458
598 3456
597 3461
586 3470
587 3471
589 3471
588 3472
556 3458
570 3478
569 3479
566 3478
566 3476
642 3326
648 3330
647 3331
1037 3089
1036 3088
1035 3091
584 3231
586 3231
585 3230
580 3231
574 3229
552 3253
553 3252
551 3272
552 3273
552 3271
554 3275
601 3458
600 3457
598 3455
597 3462
586 3469
590 3471
571 3478
565 3478
566 3479
641 3326
646 3331
647 3332
1038 3089
1036 3087
1036 3091
1035 3092
583 3231
584 3230
587 3231
573 3229
551 3253
552 3252
554 3252
551 3273
552 3270
554 3276
602 3458
601 3459
599 3455
597 3455
598 3462
597 3463
585 3469
586 3468
571 3479
571 3477
564 3478
566 3480
640 3326
641 3327
1039 3089
1036 3086
1035 3093
582 3231
588 3231
573 3228
550 3253
551 3274
551 3270
555 3276
553 3276
554 3277
603 3458
602 3457
601 3460
599 3454
597 3454
584 3469
571 3480
572 3477
564 3479
567 3480
565 3480
566 3481
640 3327
640 3325
641 3328
1040 3089
1039 3090
1035 3094
588 3232
588 3230
573 3227
550 3252
551 3275
550 3270
551 3269
556 3276
553 3277
603 3459
602 3460
601 3461
597 3453
584 3470
584 3468
571 3481
572 3476
564 3480
566 3482
640 3328
640 3324
642 3328
1041 3089
1039 3091
1036 3094
1034 3094
588 3233
588 3229
572 3227
573 3226
549 3252
550 3251
550 3271
557 3276
602 3461
601 3462
597 3452
584 3471
583 3468
571 3482
573 3476
563 3480
566 3483
639 3328
640 3329
641 3324
640 3323
642 3329
1042 3089
1041 3088
1040 3091
1037 3094
1036 3095
589 3229
587 3229
573 3225
549 3251
549 3271
558 3276
602 3462
600 3462
585 3471
583 3471
584 3472
582 3468
572 3482
571 3483
562 3480
563 3481
567 3483
565 3483
638 3328
639 3323
643 3329
642 3330
1040 3092
1036 3096
589 3228
574 3225
573 3224
548 3271
549 3272
559 3276
558 3277
603 3462
602 3463
585 3472
582 3471
573 3482
571 3484
562 3479
567 3484
638 3329
638 3323
642 3331
1040 3093
1035 3096
589 3227
574 3224
572 3224
573 3223
547 3271
548 3272
549 3273
558 3278
604 3462
602 3464
582 3472
573 3481
571 3485
561 3479
567 3485
637 3329
637 3323
643 3331
1041 3093
590 3227
589 3226
571 3224
572 3223
546 3271
559 3278
558 3279
605 3462
604 3461
603 3464
601 3464
582 3473
574 3481
573 3480
560 3479
566 3485
567 3486
636 3329
636 3323
643 3332
1042 3093
590 3226
588 3226
589 3225
571 3225
572 3222
545 3271
546 3272
559 3279
558 3280
606 3462
605 3461
604 3464
603 3465
583 3473
581 3473
575 3481
559 3479
565 3485
566 3486
635 3329
636 3330
636 3324
636 3322
644 3332
1043 3093
1042 3092
591 3226
587 3226
572 3221
544 3271
545 3270
560 3279
557 3280
606 3461
605 3464
603 3466
581 3474
576 3481
575 3482
575 3480
558 3479
634 3329
636 3331
635 3324
635 3322
636 3321
1044 3093
1043 3094
592 3226
587 3225
572 3220
543 3271
560 3280
556 3280
607 3461
605 3465
602 3466
581 3475
577 3481
576 3482
576 3480
558 3478
634 3324
635 3325
634 3322
635 3321
1045 3093
1043 3095
593 3226
592 3225
586 3225
587 3224
571 3220
543 3272
561 3280
560 3281
556 3279
606 3465
576 3483
576 3479
557 3478
634 3323
635 3320
1045 3092
1044 3095
1042 3095
1043 3096
594 3226
593 3225
592 3224
570 3220
542 3272
562 3280
560 3282
555 3279
606 3466
577 3479
576 3478
556 3478
557 3477
633 3323
635 3319
1045 3091
1043 3097
594 3225
592 3223
570 3219
542 3273
560 3283
554 3279
607 3466
606 3467
578 3479
576 3477
555 3478
557 3476
632 3323
634 3319
1046 3091
1045 3090
1044 3097
1042 3097
1043 3098
595 3225
570 3218
542 3274
560 3284
554 3280
608 3466
607 3467
606 3468
577 3477
576 3476
555 3479
556 3476
557 3475
631 3323
632 3324
634 3318
1047 3091
1042 3098
1043 3099
596 3225
571 3218
541 3274
542 3275
560 3285
553 3280
607 3468
605 3468
578 3477
576 3475
554 3479
555 3480
556 3475
558 3475
630 3323
632 3325
634 3317
1047 3090
1044 3099
1043 3100
596 3226
596 3224
571 3217
540 3274
543 3275
559 3285
608 3468
604 3468
576 3474
555 3481
556 3474
559 3475
630 3322
631 3325
633 3317
634 3316
1045 3099
1043 3101
597 3226
597 3224
572 3217
571 3216
539 3274
544 3275
558 3285
559 3286
609 3468
608 3469
603 3468
604 3469
604 3467
577 3474
576 3473
555 3482
555 3474
556 3473
630 3321
631 3326
635 3316
1046 3099
1043 3102
597 3227
573 3217
571 3215
539 3273
545 3275
544 3274
610 3468
609 3467
602 3468
603 3469
604 3470
555 3483
556 3472
631 3321
630 3320
631 3327
635 3315
1047 3099
1046 3100
1046 3098
1042 3102
597 3228
573 3218
571 3214
538 3273
539 3272
545 3276
611 3468
610 3469
601 3468
604 3471
556 3483
554 3483
555 3472
629 3320
635 3314
1046 3097
1041 3102
598 3228
597 3229
572 3214
570 3214
537 3273
545 3277
610 3470
601 3469
603 3471
604 3472
553 3483
554 3472
628 3320
629 3319
634 3314
635 3313
1041 3103
1041 3101
599 3228
596 3229
569 3214
536 3273
611 3470
609 3470
600 3469
602 3471
605 3472
552 3483
628 3319
634 3313
635 3312
1040 3103
1041 3104
1040 3101
599 3229
599 3227
596 3230
568 3214
569 3213
535 3273
536 3272
612 3470
611 3471
600 3470
601 3471
606 3472
605 3473
551 3483
628 3318
634 3312
636 3312
635 3311
1040 3104
1039 3101
599 3230
600 3227
595 3230
596 3231
568 3213
534 3273
536 3271
613 3470
612 3469
611 3472
600 3471
607 3472
550 3483
628 3317
636 3311
1038 3101
1039 3100
600 3230
599 3231
600 3226
594 3230
597 3231
596 3232
568 3212
533 3273
534 3274
534 3272
535 3271
536 3270
613 3469
611 3473
600 3472
607 3473
550 3484
629 3317
637 3311
1037 3101
1038 3102
1039 3099
600 3231
599 3232
601 3226
593 3230
597 3232
567 3212
532 3273
534 3275
534 3271
537 3270
614 3469
611 3474
599 3472
600 3473
607 3474
549 3484
630 3317
638 3311
637 3310
1037 3102
1037 3100
1039 3098
599 3233
602 3226
601 3225
592 3230
593 3229
567 3211
534 3276
534 3270
615 3469
612 3474
598 3472
599 3473
600 3474
608 3474
606 3474
548 3484
549 3485
630 3316
638 3312
637 3309
1037 3103
1037 3099
1038 3098
599 3234
602 3225
601 3224
591 3230
593 3228
567 3210
535 3276
533 3276
533 3270
534 3269
615 3468
613 3474
598 3473
599 3474
601 3474
600 3475
606 3475
547 3484
548 3483
549 3486
636 3309
1037 3098
600 3234
598 3234
603 3225
601 3223
591 3231
566 3210
567 3209
532 3276
533 3277
532 3270
533 3269
534 3268
615 3467
613 3475
597 3473
599 3475
602 3474
600 3476
606 3476
546 3484
548 3482
635 3309
1037 3097
600 3235
603 3224
601 3222
590 3231
565 3210
566 3209
568 3209
567 3208
533 3278
533 3268
534 3267
615 3466
613 3476
597 3474
602 3475
600 3477
607 3476
605 3476
547 3482
634 3309
600 3236
604 3224
602 3222
600 3222
601 3221
565 3209
569 3209
532 3278
532 3268
535 3267
616 3466
614 3476
612 3476
603 3475
601 3477
600 3478
605 3477
546 3482
633 3309
634 3310
634 3308
599 3236
605 3224
604 3223
602 3221
599 3222
565 3208
570 3209
569 3210
531 3278
531 3268
532 3267
535 3266
617 3466
616 3465
615 3476
611 3476
604 3475
602 3477
599 3478
600 3479
605 3478
546 3481
632 3309
634 3307
599 3237
606 3224
605 3225
604 3222
603 3221
602 3220
598 3222
565 3207
570 3208
531 3279
531 3277
530 3268
535 3265
617 3465
616 3476
615 3477
615 3475
611 3477
602 3478
598 3478
601 3479
600 3480
605 3479
545 3481
631 3309
634 3306
606 3223
605 3226
603 3220
564 3207
570 3207
530 3279
531 3280
529 3268
534 3265
535 3264
617 3464
617 3476
615 3474
597 3478
601 3480
599 3480
600 3481
606 3479
604 3479
544 3481
545 3480
631 3310
635 3306
633 3306
606 3222
605 3227
603 3219
571 3207
569 3207
570 3206
529 3279
531 3281
529 3269
534 3264
535 3263
618 3464
618 3476
617 3475
597 3479
602 3480
600 3482
606 3480
603 3479
544 3482
631 3311
636 3306
635 3305
632 3306
606 3227
604 3227
604 3219
570 3205
528 3279
529 3280
529 3278
532 3281
534 3263
535 3262
619 3464
617 3474
601 3482
599 3482
606 3481
544 3483
632 3311
630 3311
636 3307
636 3305
631 3306
607 3227
605 3219
570 3204
529 3277
532 3282
533 3263
535 3261
619 3463
617 3473
601 3483
598 3482
599 3483
605 3481
606 3482
544 3484
629 3311
637 3305
630 3306
631 3305
608 3227
607 3228
605 3218
569 3204
533 3282
532 3283
533 3262
536 3261
620 3463
618 3473
616 3473
617 3472
602 3483
601 3484
598 3483
604 3481
607 3482
606 3483
544 3485
628 3311
629 3312
638 3305
630 3305
631 3304
609 3227
607 3229
605 3217
568 3204
534 3282
532 3284
533 3261
537 3261
620 3462
619 3473
616 3472
601 3485
598 3484
607 3483
605 3483
543 3485
544 3486
639 3305
632 3304
631 3303
609 3226
604 3217
605 3216
567 3204
535 3282
532 3285
533 3260
537 3262
621 3462
620 3473
615 3472
616 3471
602 3485
600 3485
601 3486
597 3484
608 3483
542 3485
640 3305
631 3302
609 3225
605 3215
566 3204
536 3282
535 3283
532 3286
533 3259
538 3262
622 3462
621 3473
603 3485
599 3485
600 3486
601 3487
596 3484
609 3483
541 3485
542 3484
640 3304
630 3302
631 3301
609 3224
605 3214
566 3205
566 3203
537 3282
531 3286
539 3262
538 3263
622 3461
622 3473
604 3485
603 3486
602 3487
595 3484
610 3483
609 3484
541 3486
541 3484
641 3304
630 3301
632 3301
631 3300
610 3224
606 3214
566 3202
537 3283
530 3286
531 3287
622 3474
622 3472
605 3485
604 3486
603 3487
594 3484
610 3484
610 3482
609 3485
541 3487
540 3484
642 3304
629 3301
631 3299
611 3224
610 3223
607 3214
567 3202
565 3202
538 3283
529 3286
531 3288
622 3475
623 3472
603 3488
593 3484
594 3485
611 3482
540 3487
541 3488
539 3484
643 3304
628 3301
632 3299
631 3298
612 3224
607 3215
568 3202
564 3202
565 3201
539 3283
529 3285
532 3288
531 3289
623 3475
604 3488
603 3489
592 3484
593 3483
594 3486
539 3487
540 3488
541 3489
539 3483
643 3305
643 3303
627 3301
631 3297
612 3225
612 3223
608 3215
569 3202
568 3201
565 3200
540 3283
528 3285
529 3284
533 3288
624 3475
623 3476
605 3488
604 3489
591 3484
592 3485
593 3486
538 3487
539 3488
541 3490
538 3483
626 3301
631 3296
613 3225
609 3215
608 3216
568 3200
540 3284
540 3282
527 3285
528 3284
530 3284
624 3476
606 3488
591 3485
593 3487
537 3487
541 3491
538 3482
625 3301
630 3296
613 3226
610 3215
608 3217
568 3199
540 3285
540 3281
526 3285
624 3477
607 3488
606 3489
590 3485
593 3488
536 3487
542 3491
541 3492
538 3481
624 3301
625 3302
630 3295
613 3227
610 3214
568 3198
540 3286
539 3281
525 3285
625 3477
608 3488
607 3489
606 3490
589 3485
536 3486
542 3492
540 3492
541 3493
537 3481
538 3480
623 3301
629 3295
630 3294
613 3228
610 3213
568 3197
540 3287
524 3285
525 3284
626 3477
609 3488
608 3489
607 3490
588 3485
535 3486
542 3493
539 3492
541 3494
536 3481
539 3480
622 3301
631 3294
614 3228
612 3228
613 3229
611 3213
568 3196
540 3288
523 3285
626 3478
626 3476
607 3491
587 3485
543 3493
538 3492
539 3493
541 3495
535 3481
536 3482
536 3480
539 3479
622 3302
622 3300
632 3294
612 3213
611 3212
568 3195
541 3288
522 3285
523 3286
627 3478
627 3476
607 3492
586 3485
544 3493
537 3492
539 3494
535 3480
536 3483
539 3478
622 3303
622 3299
633 3294
613 3213
612 3214
567 3195
542 3288
541 3289
522 3286
523 3287
628 3478
627 3475
608 3492
607 3493
585 3485
586 3486
586 3484
544 3494
536 3492
538 3494
539 3495
535 3479
535 3483
539 3477
621 3303
622 3304
621 3299
622 3298
634 3294
613 3212
567 3194
543 3288
542 3289
541 3290
521 3286
523 3288
628 3479
628 3477
628 3475
607 3494
584 3485
586 3487
586 3483
544 3495
536 3493
538 3495
539 3496
535 3478
539 3476
622 3305
620 3299
623 3298
622 3297
635 3294
634 3293
614 3212
567 3193
544 3288
541 3291
520 3286
524 3288
523 3289
629 3479
628 3474
608 3494
606 3494
583 3485
585 3487
586 3488
586 3482
544 3496
535 3493
540 3496
539 3497
534 3478
539 3475
623 3305
622 3306
620 3300
620 3298
623 3297
622 3296
636 3294
634 3292
615 3212
568 3193
566 3193
567 3192
544 3287
540 3291
525 3288
523 3290
630 3479
629 3480
628 3473
608 3495
605 3494
583 3486
583 3484
584 3487
586 3489
545 3496
534 3493
539 3498
534 3477
539 3474
624 3305
622 3307
620 3301
623 3296
622 3295
637 3294
635 3292
634 3291
616 3212
615 3211
569 3193
565 3193
567 3191
539 3291
540 3292
526 3288
631 3479
630 3478
609 3495
608 3496
604 3494
605 3493
583 3487
583 3483
587 3489
586 3490
545 3497
534 3492
540 3498
538 3498
539 3499
534 3476
538 3474
539 3473
622 3308
619 3301
624 3296
623 3295
622 3294
634 3290
617 3212
615 3210
564 3193
567 3190
540 3293
527 3288
632 3479
630 3477
609 3496
608 3497
603 3494
604 3493
582 3487
583 3488
583 3482
588 3489
585 3490
545 3498
533 3492
541 3498
537 3498
539 3500
534 3475
622 3309
622 3293
634 3289
617 3213
615 3209
563 3193
568 3190
567 3189
539 3293
540 3294
528 3288
633 3479
630 3476
609 3497
602 3494
603 3493
584 3482
589 3489
585 3491
546 3498
545 3499
542 3498
536 3498
540 3500
539 3501
534 3474
622 3310
623 3293
621 3293
622 3292
633 3289
634 3288
618 3213
617 3214
614 3209
563 3192
569 3190
567 3188
538 3293
541 3294
540 3295
529 3288
634 3479
633 3480
602 3493
589 3490
584 3491
545 3500
542 3499
535 3498
540 3501
533 3474
623 3310
621 3310
624 3293
623 3292
632 3289
634 3287
619 3213
618 3214
616 3214
614 3208
562 3192
563 3191
570 3190
566 3188
537 3293
538 3292
542 3294
541 3295
540 3296
635 3479
633 3481
590 3490
589 3491
546 3500
543 3499
534 3498
535 3497
541 3501
533 3473
623 3311
623 3291
632 3288
635 3287
634 3286
619 3212
616 3215
613 3208
614 3207
564 3191
571 3190
536 3293
542 3293
541 3296
635 3480
635 3478
632 3481
590 3491
547 3500
533 3498
541 3502
532 3473
624 3311
624 3291
636 3287
633 3286
634 3285
619 3211
615 3215
564 3190
572 3190
571 3189
535 3293
543 3293
542 3292
541 3297
636 3478
632 3482
548 3500
547 3501
533 3497
542 3502
531 3473
532 3472
625 3311
624 3312
624 3290
637 3287
619 3210
615 3216
564 3189
573 3190
571 3188
534 3293
535 3294
544 3293
637 3478
631 3482
632 3483
549 3500
548 3501
547 3502
532 3497
542 3503
530 3473
531 3474
531 3472
532 3471
624 3313
624 3289
638 3287
637 3286
619 3209
614 3216
563 3189
564 3188
573 3191
573 3189
570 3188
533 3293
535 3295
545 3293
544 3294
638 3478
637 3479
632 3484
550 3500
548 3502
531 3497
543 3503
542 3504
529 3473
530 3472
532 3470
624 3314
624 3288
639 3287
638 3288
620 3209
564 3187
574 3191
573 3192
570 3187
532 3293
533 3294
533 3292
534 3295
535 3296
546 3293
639 3478
638 3477
637 3480
632 3485
549 3502
530 3497
541 3504
542 3505
528 3473
533 3470
531 3470
623 3314
625 3288
623 3288
639 3288
639 3286
638 3289
563 3187
573 3193
570 3186
533 3295
535 3297
547 3293
546 3294
546 3292
637 3481
631 3485
550 3502
529 3497
530 3498
540 3504
542 3506
531 3469
623 3315
625 3287
622 3288
640 3288
639 3285
562 3187
574 3193
571 3186
570 3185
535 3298
548 3293
546 3295
630 3485
631 3486
551 3502
550 3503
528 3497
530 3499
542 3507
531 3468
623 3316
621 3288
622 3287
641 3288
640 3285
562 3186
575 3193
574 3194
572 3186
570 3184
534 3298
535 3299
548 3292
547 3295
629 3485
630 3484
631 3487
551 3501
550 3504
527 3497
531 3499
529 3499
532 3468
530 3468
531 3467
624 3316
620 3288
642 3288
641 3287
562 3185
576 3193
573 3186
533 3298
535 3300
549 3292
629 3486
552 3501
551 3504
550 3505
527 3496
532 3499
528 3499
530 3467
531 3466
620 3289
643 3288
642 3287
563 3185
562 3184
576 3194
576 3192
574 3186
533 3297
535 3301
550 3292
628 3486
553 3501
552 3500
550 3506
527 3495
532 3500
528 3500
529 3467
532 3466
619 3289
620 3290
643 3287
564 3185
563 3184
561 3184
562 3183
577 3194
574 3185
535 3302
627 3486
628 3487
554 3501
552 3499
550 3507
527 3494
532 3501
528 3501
529 3466
618 3289
620 3291
643 3286
565 3185
561 3183
578 3194
574 3184
536 3302
626 3486
627 3487
627 3485
628 3488
554 3502
553 3499
552 3498
550 3508
526 3494
527 3493
533 3501
531 3501
532 3502
529 3501
527 3501
529 3465
618 3288
620 3292
644 3286
643 3285
579 3194
578 3195
573 3184
537 3302
536 3303
625 3486
626 3485
627 3488
555 3502
553 3498
550 3509
528 3493
527 3492
531 3502
532 3503
530 3465
528 3465
619 3292
580 3194
578 3196
572 3184
573 3183
538 3302
536 3304
625 3487
626 3484
626 3488
627 3489
556 3502
550 3510
528 3492
527 3491
532 3504
528 3464
618 3292
580 3193
578 3197
572 3183
573 3182
538 3303
535 3304
536 3305
626 3489
627 3490
556 3503
551 3510
549 3510
528 3491
531 3504
532 3505
527 3464
528 3463
618 3293
618 3291
580 3192
578 3198
572 3182
574 3182
573 3181
534 3304
625 3489
628 3490
627 3491
556 3504
552 3510
548 3510
549 3511
530 3504
531 3505
532 3506
527 3463
529 3463
528 3462
618 3294
617 3291
581 3192
577 3198
578 3199
572 3181
575 3182
534 3303
624 3489
629 3490
627 3492
557 3504
556 3505
552 3509
547 3510
548 3511
529 3504
533 3506
526 3463
530 3463
529 3462
618 3295
616 3291
617 3290
581 3191
576 3198
578 3200
572 3180
575 3181
533 3303
623 3489
630 3490
629 3489
627 3493
557 3505
555 3505
553 3509
546 3510
547 3509
528 3504
529 3505
534 3506
526 3462
531 3463
530 3462
529 3461
616 3292
616 3290
581 3190
575 3198
579 3200
578 3201
571 3180
576 3181
532 3303
623 3490
631 3490
630 3489
628 3493
557 3506
554 3509
545 3510
547 3508
527 3504
529 3506
534 3507
525 3462
530 3461
529 3460
615 3292
616 3289
582 3190
580 3190
581 3189
574 3198
580 3200
579 3201
578 3202
570 3180
576 3180
532 3304
532 3302
622 3490
632 3490
631 3491
631 3489
630 3488
628 3494
558 3506
555 3509
544 3510
545 3511
546 3508
528 3506
529 3507
535 3507
524 3462
531 3461
529 3459
614 3292
616 3288
581 3188
574 3199
574 3197
581 3200
580 3201
570 3179
577 3180
531 3304
532 3305
621 3490
632 3491
629 3494
628 3495
559 3506
555 3510
544 3511
545 3512
527 3506
536 3507
535 3508
523 3462
530 3459
529 3458
614 3293
616 3287
582 3188
574 3200
581 3199
578 3180
577 3179
530 3304
532 3306
633 3491
630 3494
627 3495
628 3496
560 3506
555 3511
545 3513
527 3507
535 3509
522 3462
523 3463
531 3459
528 3458
529 3457
614 3294
616 3286
582 3187
575 3200
573 3200
581 3198
578 3181
577 3178
529 3304
530 3305
532 3307
634 3491
630 3493
626 3495
627 3496
629 3496
560 3507
560 3505
556 3511
554 3511
555 3512
546 3513
544 3513
527 3508
521 3462
523 3464
527 3458
530 3457
529 3456
615 3294
614 3295
615 3286
575 3201
582 3198
581 3197
579 3181
578 3182
578 3178
576 3178
528 3304
530 3306
532 3308
635 3491
634 3492
626 3496
626 3494
630 3496
560 3508
561 3505
560 3504
556 3512
554 3512
546 3514
544 3514
527 3509
520 3462
524 3464
531 3457
529 3455
613 3295
614 3286
575 3202
583 3198
579 3182
579 3178
575 3178
576 3177
527 3304
529 3306
530 3307
533 3308
532 3309
636 3491
635 3490
634 3493
631 3496
561 3508
560 3509
557 3512
547 3514
543 3514
527 3510
519 3462
520 3463
520 3461
525 3464
524 3465
532 3457
529 3454
612 3295
613 3286
584 3198
579 3183
580 3178
575 3177
576 3176
527 3303
529 3307
534 3308
533 3309
531 3309
636 3492
636 3490
635 3489
635 3493
633 3493
632 3496
559 3509
560 3510
558 3512
547 3515
542 3514
543 3515
526 3510
527 3511
518 3462
520 3460
533 3457
532 3456
529 3453
612 3296
612 3286
613 3287
613 3285
585 3198
584 3197
580 3183
579 3184
581 3178
580 3179
574 3177
577 3176
576 3175
526 3303
527 3302
528 3307
534 3307
533 3310
531 3310
635 3488
632 3497
559 3510
560 3511
547 3516
542 3513
543 3516
525 3510
527 3512
518 3463
520 3459
534 3457
530 3453
528 3453
611 3296
612 3297
612 3287
586 3198
585 3199
585 3197
584 3196
578 3184
579 3185
582 3178
573 3177
576 3174
525 3303
527 3301
535 3307
534 3306
530 3310
636 3488
634 3488
632 3498
561 3511
548 3516
546 3516
525 3509
527 3513
518 3464
520 3458
535 3457
534 3456
531 3453
610 3296
612 3298
612 3288
585 3200
585 3196
583 3196
577 3184
578 3185
579 3186
582 3179
573 3176
577 3174
525 3304
527 3300
536 3307
535 3306
530 3311
637 3488
632 3499
562 3511
549 3516
548 3517
546 3517
524 3509
517 3464
520 3457
536 3457
535 3458
532 3453
609 3296
613 3298
611 3298
612 3289
586 3200
584 3200
585 3195
583 3195
576 3184
580 3186
579 3187
583 3179
582 3180
572 3176
578 3174
524 3304
525 3305
528 3300
527 3299
537 3307
530 3312
638 3488
637 3489
633 3499
632 3500
562 3512
548 3518
545 3517
523 3509
516 3464
517 3465
519 3457
520 3456
537 3457
536 3458
532 3452
609 3297
614 3298
611 3289
612 3290
584 3201
586 3195
582 3195
580 3187
584 3179
571 3176
523 3304
524 3305
525 3306
529 3300
526 3299
538 3307
530 3313
639 3488
638 3487
634 3499
633 3500
632 3501
547 3518
548 3519
545 3518
522 3509
523 3510
516 3465
516 3463
517 3466
521 3456
520 3455
538 3457
536 3459
532 3451
609 3298
615 3298
611 3290
586 3194
584 3178
571 3177
571 3175
523 3305
523 3303
530 3300
529 3301
526 3298
539 3307
531 3313
529 3313
640 3488
639 3489
639 3487
638 3486
635 3499
631 3501
632 3502
548 3520
545 3519
522 3508
523 3511
516 3466
515 3463
518 3466
517 3467
522 3456
519 3455
520 3454
538 3456
537 3459
532 3450
615 3299
610 3290
587 3194
586 3193
585 3178
570 3177
570 3175
522 3305
523 3306
522 3303
531 3300
539 3308
528 3313
641 3488
640 3489
636 3499
635 3498
630 3501
633 3502
549 3520
548 3521
544 3519
522 3507
523 3512
514 3463
518 3467
517 3468
523 3456
522 3455
519 3454
521 3454
538 3455
537 3460
532 3449
616 3299
615 3300
609 3290
588 3194
586 3192
586 3178
585 3177
569 3175
522 3306
523 3307
521 3303
531 3299
540 3308
527 3313
641 3489
640 3490
636 3500
635 3497
634 3502
548 3522
523 3507
522 3506
524 3512
513 3463
514 3464
517 3469
518 3454
521 3453
539 3455
538 3460
532 3448
617 3299
614 3300
615 3301
609 3291
609 3289
588 3195
588 3193
587 3192
586 3179
569 3176
569 3174
523 3308
521 3304
532 3299
531 3298
540 3309
526 3313
527 3314
527 3312
642 3489
637 3500
635 3496
634 3503
549 3522
547 3522
521 3506
524 3513
512 3463
513 3462
517 3470
517 3454
521 3452
540 3455
531 3448
532 3447
617 3300
614 3301
608 3289
589 3193
586 3180
569 3173
524 3308
523 3309
530 3298
541 3309
540 3310
526 3312
527 3311
642 3490
638 3500
636 3496
634 3496
635 3503
550 3522
549 3523
547 3523
520 3506
524 3514
512 3464
513 3461
518 3470
517 3471
517 3453
522 3452
521 3451
541 3455
540 3456
607 3289
590 3193
569 3172
522 3309
523 3310
529 3298
541 3310
539 3310
528 3311
643 3490
642 3491
639 3500
637 3496
634 3495
551 3522
550 3523
549 3524
519 3506
524 3515
511 3464
512 3465
512 3461
513 3460
517 3472
517 3452
523 3452
520 3451
521 3450
542 3455
541 3454
591 3193
590 3194
568 3172
522 3310
524 3310
528 3298
529 3297
542 3310
538 3310
644 3490
641 3491
639 3501
639 3499
637 3495
552 3522
549 3525
518 3506
519 3507
519 3505
525 3515
524 3516
513 3465
512 3466
517 3473
516 3452
524 3452
519 3451
522 3450
543 3455
542 3456
541 3453
592 3193
590 3195
567 3172
521 3310
525 3310
528 3297
543 3310
542 3311
537 3310
644 3491
644 3489
640 3501
640 3499
639 3498
552 3521
548 3525
549 3526
519 3508
519 3504
524 3517
511 3466
518 3473
516 3473
515 3452
519 3452
544 3455
542 3453
540 3453
593 3193
591 3195
567 3171
520 3310
521 3311
526 3310
525 3311
527 3297
544 3310
536 3310
537 3309
644 3492
645 3489
640 3502
639 3497
553 3521
552 3520
549 3527
518 3508
519 3509
525 3517
524 3518
510 3466
515 3473
515 3453
515 3451
544 3456
543 3453
542 3452
540 3452
593 3192
591 3196
567 3170
519 3310
521 3312
526 3309
545 3310
544 3311
544 3309
535 3310
536 3311
645 3492
644 3493
646 3489
640 3503
554 3521
552 3519
549 3528
517 3508
518 3509
525 3518
523 3518
510 3467
514 3453
515 3454
515 3450
544 3457
544 3453
540 3451
593 3191
591 3197
568 3170
566 3170
519 3311
519 3309
522 3312
545 3309
544 3312
535 3311
535 3309
646 3492
644 3494
647 3489
640 3504
555 3521
554 3522
552 3518
549 3529
517 3507
518 3510
525 3519
522 3518
509 3467
510 3468
513 3453
514 3454
515 3449
544 3458
545 3453
541 3451
594 3191
592 3197
591 3198
568 3169
565 3170
566 3169
518 3311
518 3309
519 3308
523 3312
545 3308
544 3313
646 3493
640 3505
556 3521
549 3530
517 3510
518 3511
526 3519
525 3520
511 3468
510 3469
512 3453
513 3452
514 3455
516 3449
515 3448
544 3459
546 3453
545 3452
541 3450
595 3191
593 3197
591 3199
568 3168
565 3169
566 3168
517 3311
519 3307
545 3307
543 3313
646 3494
641 3505
639 3505
557 3521
556 3520
549 3531
516 3510
518 3512
524 3520
525 3521
509 3469
510 3470
511 3453
512 3452
514 3448
515 3447
544 3460
547 3453
542 3450
541 3449
596 3191
595 3192
595 3190
594 3197
593 3196
590 3199
591 3200
569 3168
564 3169
566 3167
519 3306
546 3307
545 3306
647 3494
641 3506
639 3506
558 3521
556 3519
548 3531
549 3532
515 3510
523 3520
525 3522
511 3470
510 3471
511 3452
514 3447
516 3447
544 3461
548 3453
547 3454
547 3452
542 3449
540 3449
541 3448
596 3192
596 3190
595 3193
589 3199
592 3200
570 3168
563 3169
567 3167
565 3167
519 3305
547 3307
546 3306
544 3306
545 3305
648 3494
641 3507
559 3521
558 3522
555 3519
548 3532
514 3510
523 3521
525 3523
511 3471
509 3471
513 3447
544 3462
549 3453
547 3451
539 3449
597 3192
596 3189
589 3200
593 3200
571 3168
563 3170
563 3168
567 3166
565 3166
518 3305
519 3304
548 3307
545 3304
649 3494
642 3507
559 3522
559 3520
548 3533
513 3510
522 3521
526 3523
512 3471
508 3471
512 3447
513 3446
543 3462
549 3452
538 3449
539 3448
598 3192
589 3201
593 3201
571 3167
562 3168
568 3166
564 3166
565 3165
517 3305
519 3303
548 3308
546 3304
545 3303
650 3494
649 3495
642 3508
560 3522
559 3519
548 3534
512 3510
513 3511
513 3509
521 3521
527 3523
526 3524
508 3472
508 3470
513 3445
550 3452
537 3449
538 3450
599 3192
589 3202
593 3202
572 3167
561 3168
562 3167
568 3165
565 3164
516 3305
517 3306
519 3302
548 3309
546 3303
545 3302
651 3494
650 3493
642 3509
561 3522
560 3519
549 3534
547 3534
513 3512
513 3508
528 3523
526 3525
508 3473
512 3445
536 3449
590 3202
588 3202
593 3203
573 3167
569 3165
564 3164
565 3163
515 3305
517 3307
520 3302
519 3301
548 3310
547 3303
544 3302
545 3301
652 3494
651 3493
642 3510
562 3522
550 3534
549 3535
546 3534
512 3512
514 3508
513 3507
528 3524
526 3526
508 3474
511 3445
591 3202
587 3202
592 3203
573 3168
563 3164
514 3305
548 3311
543 3302
653 3494
652 3495
642 3511
563 3522
551 3534
549 3536
545 3534
546 3533
511 3512
512 3507
528 3525
526 3527
508 3475
511 3444
586 3202
587 3203
573 3169
562 3164
513 3305
514 3304
547 3311
653 3495
653 3493
643 3511
641 3511
563 3523
563 3521
548 3536
544 3534
546 3532
510 3512
511 3511
511 3507
512 3506
529 3525
527 3527
525 3527
509 3475
507 3475
510 3444
587 3204
574 3169
561 3164
562 3163
512 3305
513 3306
514 3303
547 3312
654 3495
653 3492
644 3511
641 3512
564 3521
548 3537
544 3533
545 3532
510 3513
512 3505
530 3525
509 3476
506 3475
509 3444
510 3443
586 3204
561 3165
561 3163
562 3162
511 3305
512 3304
513 3307
515 3303
547 3313
653 3491
645 3511
644 3512
644 3510
565 3521
548 3538
544 3532
509 3513
513 3505
512 3504
531 3525
530 3526
510 3476
508 3444
510 3442
585 3204
586 3205
560 3163
561 3162
563 3162
562 3161
512 3303
512 3307
515 3302
548 3313
654 3491
652 3491
646 3511
645 3510
644 3513
644 3509
566 3521
547 3538
548 3539
543 3532
509 3514
514 3505
511 3504
532 3525
511 3476
510 3477
507 3444
510 3441
585 3205
585 3203
559 3163
560 3162
561 3161
564 3162
563 3161
512 3302
511 3307
512 3308
516 3302
549 3313
654 3490
647 3511
646 3512
643 3513
567 3521
546 3538
549 3539
508 3514
509 3515
515 3505
514 3504
510 3504
533 3525
532 3526
532 3524
510 3478
507 3445
507 3443
510 3440
584 3205
585 3206
559 3164
561 3160
564 3161
563 3160
511 3302
510 3307
511 3308
550 3313
549 3314
647 3510
567 3522
567 3520
546 3539
508 3515
510 3515
509 3516
514 3503
533 3526
511 3478
509 3478
507 3446
506 3443
511 3440
510 3439
583 3205
558 3164
560 3160
563 3159
510 3306
511 3309
551 3313
550 3314
647 3509
567 3523
568 3520
546 3540
507 3515
509 3517
514 3502
533 3527
512 3478
511 3479
508 3478
506 3442
511 3439
509 3439
557 3164
559 3160
564 3159
563 3158
510 3309
551 3312
550 3315
567 3524
569 3520
568 3519
545 3540
546 3541
506 3515
508 3517
509 3518
514 3501
513 3478
512 3477
511 3480
507 3478
505 3442
512 3439
511 3438
508 3439
556 3164
557 3163
558 3160
559 3159
565 3159
563 3157
509 3309
510 3310
551 3311
551 3315
550 3316
567 3525
570 3520
569 3521
545 3541
546 3542
505 3515
506 3516
515 3501
513 3501
514 3478
513 3479
511 3481
506 3478
507 3477
504 3442
513 3439
512 3438
555 3164
556 3165
557 3160
566 3159
565 3160
509 3310
551 3310
549 3316
550 3317
568 3525
566 3525
570 3521
570 3519
544 3541
547 3542
546 3543
505 3516
505 3514
516 3501
515 3500
513 3500
514 3477
513 3480
510 3481
505 3478
506 3479
503 3442
504 3441
514 3439
512 3437
554 3164
555 3165
556 3160
566 3160
566 3158
508 3310
509 3311
552 3310
548 3316
550 3318
568 3526
543 3541
548 3542
545 3543
546 3544
505 3517
504 3514
516 3502
516 3500
515 3499
514 3476
509 3481
504 3478
502 3442
514 3440
512 3436
554 3165
555 3160
566 3161
566 3157
508 3311
509 3312
553 3310
552 3309
548 3317
551 3318
549 3318
550 3319
569 3526
542 3541
543 3542
548 3541
545 3544
546 3545
504 3517
514 3499
515 3476
514 3475
508 3481
509 3482
503 3478
504 3477
514 3441
513 3436
553 3165
554 3166
567 3161
566 3162
566 3156
507 3311
508 3312
509 3313
554 3310
553 3311
547 3317
548 3318
552 3318
551 3319
570 3526
569 3527
541 3541
543 3543
545 3545
547 3545
546 3546
503 3517
514 3498
503 3479
504 3476
515 3441
513 3441
513 3435
552 3165
554 3167
566 3155
509 3314
554 3311
554 3309
546 3317
548 3319
552 3317
551 3320
571 3526
570 3527
541 3542
541 3540
547 3546
502 3517
513 3498
514 3497
502 3479
503 3480
503 3476
504 3475
515 3442
513 3442
513 3434
552 3164
554 3168
565 3155
566 3154
509 3315
555 3311
545 3317
547 3319
551 3321
572 3526
540 3542
541 3543
540 3540
548 3546
501 3517
512 3498
515 3497
501 3479
503 3481
502 3476
503 3475
516 3442
515 3443
512 3442
513 3443
512 3434
513 3433
551 3164
564 3155
567 3154
510 3315
544 3317
547 3320
551 3322
573 3526
572 3525
539 3542
540 3543
549 3546
500 3517
501 3516
511 3498
516 3497
504 3481
514 3443
512 3433
514 3433
550 3164
563 3155
568 3154
567 3153
511 3315
510 3316
543 3317
552 3322
550 3322
574 3526
573 3525
538 3542
539 3541
550 3546
499 3517
500 3516
510 3498
517 3497
504 3482
511 3433
512 3432
514 3432
549 3164
550 3165
550 3163
563 3154
569 3154
568 3153
567 3152
512 3315
510 3317
543 3318
543 3316
552 3323
549 3322
574 3527
573 3524
537 3542
550 3547
550 3545
499 3516
509 3498
518 3497
517 3498
517 3496
504 3483
511 3432
512 3431
515 3432
549 3165
550 3162
562 3154
563 3153
569 3155
568 3152
567 3151
512 3316
509 3317
510 3318
543 3319
542 3316
552 3324
574 3528
574 3524
536 3542
550 3544
498 3516
508 3498
519 3497
504 3484
512 3430
516 3432
548 3165
550 3161
561 3154
562 3153
563 3152
569 3156
569 3152
566 3151
567 3150
510 3319
544 3319
543 3320
541 3316
542 3315
551 3324
574 3529
575 3524
535 3542
536 3541
551 3544
497 3516
498 3515
507 3498
508 3499
520 3497
503 3484
504 3485
516 3433
547 3165
551 3161
550 3160
560 3154
564 3152
563 3151
570 3152
567 3149
511 3319
540 3316
550 3324
551 3325
574 3530
575 3523
536 3540
552 3544
497 3517
497 3515
506 3498
507 3499
521 3497
520 3496
502 3484
504 3486
546 3165
547 3166
550 3159
564 3151
563 3150
571 3152
511 3320
550 3325
551 3326
575 3530
573 3530
576 3523
535 3540
552 3543
497 3518
496 3515
497 3514
505 3498
502 3485
503 3486
504 3487
547 3167
571 3153
571 3151
511 3321
552 3326
551 3327
575 3531
577 3523
534 3540
498 3518
496 3518
496 3514
497 3513
504 3498
505 3499
505 3497
504 3488
546 3167
571 3150
512 3321
510 3321
553 3326
551 3328
575 3532
578 3523
533 3540
496 3519
495 3514
496 3513
498 3513
503 3498
505 3500
505 3496
505 3488
503 3488
504 3489
546 3168
572 3150
571 3149
513 3321
509 3321
552 3328
574 3532
579 3523
578 3524
532 3540
496 3520
494 3514
498 3512
502 3498
504 3500
506 3488
502 3488
504 3490
546 3169
573 3150
572 3149
570 3149
513 3320
509 3322
509 3320
553 3328
552 3329
574 3533
580 3523
579 3524
578 3525
531 3540
532 3541
532 3539
496 3521
499 3512
501 3498
502 3497
503 3500
507 3488
505 3490
504 3491
547 3169
545 3169
574 3150
573 3151
573 3149
569 3149
513 3319
508 3322
552 3330
574 3534
581 3523
580 3522
579 3525
530 3540
531 3541
532 3542
532 3538
495 3521
499 3511
500 3498
502 3496
507 3489
506 3490
547 3170
544 3169
545 3170
575 3150
573 3152
573 3148
513 3318
507 3322
553 3330
551 3330
574 3535
580 3525
529 3540
530 3541
532 3543
494 3521
500 3511
499 3498
508 3489
506 3491
548 3170
544 3170
544 3168
576 3150
575 3149
574 3148
514 3318
506 3322
507 3323
507 3321
554 3330
575 3535
581 3525
529 3541
529 3539
530 3542
533 3543
493 3521
501 3511
498 3498
508 3490
506 3492
549 3170
543 3170
543 3168
544 3167
576 3151
574 3147
515 3318
514 3317
505 3322
507 3324
555 3330
576 3535
575 3536
582 3525
528 3541
529 3538
533 3544
493 3522
493 3520
509 3490
505 3492
549 3171
542 3168
543 3167
577 3151
576 3152
574 3146
516 3318
504 3322
508 3324
506 3324
555 3331
555 3329
575 3537
527 3541
530 3538
492 3522
493 3523
509 3491
505 3493
549 3172
541 3168
543 3166
578 3151
576 3153
575 3146
574 3145
517 3318
516 3319
504 3323
508 3325
506 3325
556 3331
555 3332
556 3329
555 3328
574 3537
575 3538
527 3542
491 3522
494 3523
509 3492
548 3172
549 3173
540 3168
543 3165
578 3152
577 3153
574 3144
518 3318
503 3323
557 3331
556 3332
555 3333
555 3327
573 3537
490 3522
491 3523
491 3521
495 3523
508 3492
550 3173
539 3168
540 3167
544 3165
542 3165
543 3164
578 3153
575 3144
573 3144
574 3143
519 3318
518 3319
503 3324
557 3332
554 3333
556 3327
555 3326
572 3537
490 3523
490 3521
491 3524
496 3523
550 3174
539 3167
542 3164
578 3154
576 3144
572 3144
574 3142
520 3318
502 3324
557 3333
554 3334
557 3327
571 3537
572 3538
572 3536
489 3521
491 3525
551 3174
578 3155
575 3142
573 3142
520 3319
501 3324
557 3334
553 3334
554 3335
558 3327
557 3326
570 3537
571 3538
488 3521
491 3526
552 3174
577 3155
578 3156
575 3141
573 3141
521 3319
520 3320
501 3325
501 3323
558 3334
557 3335
552 3334
554 3336
558 3326
569 3537
570 3536
487 3521
488 3520
490 3526
576 3155
576 3141
572 3141
573 3140
521 3320
501 3326
500 3323
559 3334
551 3334
553 3336
558 3325
569 3538
486 3521
487 3520
576 3156
577 3141
576 3140
572 3140
573 3139
522 3320
499 3323
500 3322
559 3335
551 3333
559 3325
568 3538
569 3539
485 3521
575 3156
576 3157
577 3142
573 3138
523 3320
498 3323
500 3321
559 3336
560 3325
567 3538
569 3540
484 3521
485 3522
485 3520
575 3157
576 3158
578 3142
572 3138
573 3137
524 3320
523 3319
498 3324
498 3322
560 3336
559 3337
561 3325
570 3540
569 3541
484 3522
485 3519
575 3158
577 3158
579 3142
571 3138
574 3137
525 3320
524 3321
524 3319
498 3325
497 3322
498 3321
558 3337
562 3325
561 3326
571 3540
569 3542
483 3522
484 3523
574 3158
575 3159
577 3159
570 3138
571 3137
524 3322
498 3326
496 3322
498 3320
557 3337
563 3325
562 3326
562 3324
572 3540
570 3542
569 3543
482 3522
573 3158
575 3160
570 3139
525 3322
497 3326
498 3327
498 3319
557 3338
564 3325
563 3324
562 3323
572 3541
570 3543
568 3543
482 3521
572 3158
570 3140
526 3322
525 3323
496 3326
499 3319
497 3319
564 3326
563 3323
561 3323
573 3541
570 3544
567 3543
481 3521
572 3159
572 3157
569 3140
525 3324
496 3327
496 3325
500 3319
496 3319
497 3318
565 3326
564 3327
564 3323
563 3322
571 3544
570 3545
566 3543
480 3521
481 3520
571 3159
571 3157
568 3140
526 3324
495 3325
496 3324
501 3319
495 3319
496 3320
496 3318
563 3327
564 3328
572 3544
571 3545
569 3545
565 3543
566 3544
479 3521
480 3520
481 3519
570 3159
570 3157
567 3140
526 3325
494 3325
501 3318
494 3319
496 3317
565 3328
572 3545
569 3546
565 3544
565 3542
478 3521
479 3522
481 3518
566 3140
526 3326
501 3317
493 3319
565 3329
573 3545
564 3544
565 3541
477 3521
478 3520
479 3523
480 3518
481 3517
566 3141
566 3139
527 3326
526 3327
501 3316
492 3319
565 3330
563 3544
564 3545
564 3541
476 3521
478 3519
480 3517
481 3516
565 3141
566 3142
566 3138
527 3327
525 3327
502 3316
500 3316
492 3318
566 3330
562 3544
563 3541
475 3521
477 3519
482 3516
567 3142
567 3138
524 3327
502 3315
499 3316
491 3318
492 3317
567 3330
561 3544
562 3543
563 3540
474 3521
482 3515
568 3142
567 3137
523 3327
524 3326
499 3315
490 3318
568 3330
567 3331
561 3545
561 3543
562 3540
473 3521
474 3522
474 3520
569 3142
567 3136
523 3328
499 3314
489 3318
568 3329
561 3546
561 3542
562 3539
474 3523
474 3519
570 3142
566 3136
567 3135
522 3328
499 3313
489 3317
568 3328
560 3542
561 3541
474 3524
474 3518
566 3135
568 3135
567 3134
521 3328
522 3329
498 3313
489 3316
569 3328
559 3542
560 3541
475 3524
473 3524
474 3525
475 3518
473 3518
474 3517
566 3134
569 3135
568 3134
567 3133
522 3330
498 3312
488 3316
570 3328
559 3541
475 3525
472 3524
474 3526
472 3518
473 3517
566 3133
570 3135
568 3133
521 3330
487 3316
571 3328
558 3541
471 3524
473 3516
565 3133
566 3132
571 3135
570 3136
520 3330
521 3331
486 3316
1522 2536
571 3329
571 3327
557 3541
470 3524
472 3516
1828 2695
572 3135
519 3330
521 3332
485 3316
486 3317
1580 2339
572 3329
556 3541
470 3525
471 3516
472 3515
1827 2694
1828 2694
572 3136
518 3330
519 3329
521 3333
486 3318
1580 2340
573 3329
556 3542
556 3540
470 3526
472 3514
1828 2693
1827 2692
517 3330
519 3328
521 3334
485 3318
486 3319
1580 2341
574 3329
573 3328
556 3539
470 3527
471 3514
472 3513
1828 2692
1829 2692
516 3330
517 3331
521 3335
484 3318
1577 2337
575 3329
574 3330
574 3328
556 3538
471 3527
469 3527
470 3514
473 3513
472 3512
1830 2688
516 3331
516 3329
522 3335
484 3319
484 3317
1576 2338
576 3329
557 3538
468 3527
469 3528
469 3514
474 3513
473 3512
1829 2691
516 3332
516 3328
522 3336
483 3319
483 3317
1578 2342
576 3330
576 3328
557 3537
467 3527
468 3526
469 3529
468 3514
469 3515
473 3511
1828 2687
515 3332
516 3333
515 3328
483 3320
482 3317
483 3316
1579 2341
1577 2338
576 3331
576 3327
557 3536
467 3528
467 3526
470 3529
468 3513
1829 2688
1829 2690
515 3333
516 3334
515 3327
481 3317
1578 2341
1577 2339
1577 2341
577 3331
576 3332
576 3326
557 3535
466 3528
467 3529
467 3525
471 3529
467 3513
1827 2687
1828 2688
515 3334
516 3335
514 3327
481 3318
1578 2340
1576 2341
578 3331
576 3333
577 3326
575 3326
558 3535
557 3534
465 3528
466 3529
467 3524
472 3529
466 3513
467 3512
1828 2690
1827 2688
514 3334
517 3335
516 3336
514 3326
480 3318
481 3319
1577 2340
1576 2340
579 3331
576 3334
578 3326
575 3325
558 3534
557 3533
464 3528
465 3527
468 3524
466 3524
467 3523
472 3530
466 3512
467 3511
1828 2689
1827 2689
513 3334
515 3336
516 3337
514 3325
479 3318
480 3319
1575 2340
580 3331
577 3334
579 3326
574 3325
575 3324
559 3534
558 3533
556 3533
557 3532
463 3528
465 3524
467 3522
465 3512
468 3511
1826 2689
1823 2689
1825 2689
1824 2689
513 3335
513 3333
514 3336
517 3337
516 3338
515 3325
513 3325
478 3318
479 3319
479 3317
1573 2335
581 3331
578 3334
560 3534
558 3532
555 3533
462 3528
464 3524
465 3525
465 3523
464 3512
468 3510
1825 2688
1824 2688
581 3294
595 3298
512 3335
513 3336
512 3333
516 3339
516 3325
515 3324
512 3325
513 3324
477 3318
479 3320
1573 2341
579 3334
578 3335
561 3534
560 3535
559 3532
554 3533
462 3529
462 3527
465 3522
463 3512
464 3513
468 3509
593 3298
594 3305
511 3371
511 3333
516 3340
517 3325
511 3325
478 3320
479 3321
580 3334
578 3336
562 3534
561 3533
560 3536
554 3534
554 3532
461 3529
462 3530
461 3527
463 3511
464 3514
468 3508
509 3373
498 3366
491 3377
456 3354
456 3350
517 3340
516 3341
518 3325
517 3326
517 3324
477 3320
581 3334
577 3336
578 3337
563 3534
561 3532
561 3536
553 3534
554 3535
461 3530
462 3511
464 3515
468 3507
582 3294
596 3298
592 3298
518 3340
515 3341
516 3342
517 3327
476 3320
582 3334
576 3336
578 3338
564 3534
563 3535
561 3537
555 3535
460 3530
461 3511
463 3515
464 3516
469 3507
593 3297
592 3280
591 3277
587 3279
519 3340
518 3341
516 3343
475 3320
476 3321
476 3319
582 3335
575 3336
579 3338
565 3534
564 3533
563 3536
561 3538
555 3536
460 3531
460 3511
463 3516
464 3517
470 3507
469 3506
492 3377
456 3355
583 3294
588 3280
582 3272
492 3378
518 3342
475 3321
475 3319
582 3336
575 3337
579 3339
566 3534
564 3532
560 3538
460 3532
460 3510
462 3516
465 3517
470 3508
470 3506
469 3505
456 3356
583 3293
519 3342
474 3321
475 3322
574 3337
580 3339
579 3340
565 3532
564 3531
559 3538
460 3533
459 3510
466 3517
470 3509
470 3505
469 3504
519 3383
492 3379
456 3357
520 3342
519 3343
474 3322
573 3337
574 3338
580 3340
578 3340
579 3341
564 3530
459 3533
460 3534
458 3510
466 3516
468 3504
469 3503
583 3292
520 3343
473 3322
573 3338
581 3340
578 3341
579 3342
563 3530
461 3534
458 3511
467 3504
470 3503
522 3383
520 3344
472 3322
572 3338
582 3340
579 3343
462 3534
461 3535
457 3511
458 3512
466 3504
467 3505
470 3502
512 3380
521 3344
520 3345
471 3322
472 3323
583 3340
461 3536
456 3511
458 3513
471 3502
493 3379
521 3345
519 3345
471 3323
471 3321
472 3324
584 3340
462 3536
460 3536
455 3511
456 3510
459 3513
457 3513
491 3379
522 3345
521 3346
519 3346
471 3320
472 3325
585 3340
584 3339
463 3536
462 3537
460 3537
454 3511
457 3514
456 3358
518 3346
519 3347
472 3320
470 3320
471 3325
472 3326
586 3340
464 3536
463 3535
462 3538
459 3537
460 3538
457 3515
584 3292
518 3347
472 3319
469 3320
470 3319
470 3325
472 3327
586 3341
586 3339
465 3536
458 3537
460 3539
582 3292
518 3348
468 3320
469 3321
470 3318
469 3325
586 3342
466 3536
465 3535
458 3538
458 3536
461 3539
459 3539
460 3540
513 3375
518 3349
467 3320
468 3319
469 3324
587 3342
585 3342
466 3537
457 3538
457 3536
461 3540
494 3379
519 3349
518 3350
467 3321
468 3318
588 3342
585 3343
461 3541
491 3380
585 3292
520 3349
517 3350
467 3322
467 3318
589 3342
588 3341
584 3343
462 3541
461 3542
584 3291
582 3291
521 3349
520 3350
517 3351
468 3322
466 3318
590 3342
588 3340
463 3541
460 3542
583 3275
494 3378
521 3350
520 3351
517 3352
465 3318
591 3342
590 3343
588 3339
464 3541
459 3542
491 3381
586 3292
522 3350
520 3352
518 3352
516 3352
517 3353
465 3317
591 3341
590 3344
464 3542
458 3542
584 3290
582 3290
584 3278
522 3351
521 3352
519 3352
518 3353
515 3352
516 3353
464 3317
591 3340
589 3344
590 3345
464 3543
458 3543
495 3378
491 3382
523 3351
522 3352
519 3353
518 3354
515 3353
463 3317
464 3316
592 3340
590 3346
465 3543
457 3543
458 3544
587 3292
582 3289
523 3352
522 3353
514 3353
462 3317
464 3315
592 3339
589 3346
590 3347
456 3543
459 3544
585 3279
496 3378
524 3352
513 3353
514 3354
462 3318
462 3316
463 3315
464 3314
592 3338
588 3346
591 3347
455 3543
456 3542
459 3545
492 3382
524 3353
513 3352
514 3355
461 3318
462 3315
464 3313
593 3338
592 3337
592 3347
591 3348
455 3544
455 3542
491 3383
587 3291
525 3353
524 3354
512 3352
513 3355
514 3356
461 3319
462 3314
465 3313
591 3337
592 3336
593 3347
592 3348
592 3346
591 3349
454 3544
455 3545
454 3542
455 3541
581 3289
526 3353
511 3352
512 3355
462 3313
465 3312
593 3336
592 3335
593 3348
591 3350
453 3544
455 3546
454 3541
521 3384
527 3353
526 3354
526 3352
510 3352
511 3351
512 3356
461 3313
594 3336
591 3335
592 3334
593 3349
590 3350
453 3545
455 3547
454 3540
497 3378
526 3355
526 3351
510 3353
511 3350
460 3313
461 3312
595 3336
594 3337
594 3335
593 3334
589 3350
452 3545
454 3547
493 3382
527 3355
526 3356
509 3353
512 3350
510 3350
511 3349
459 3313
460 3312
595 3337
595 3335
594 3334
588 3350
491 3384
527 3356
509 3354
513 3350
512 3349
458 3313
459 3314
459 3312
596 3335
595 3334
587 3350
588 3351
587 3290
581 3288
508 3354
509 3355
513 3349
512 3348
457 3313
459 3315
597 3335
586 3350
587 3349
588 3352
510 3377
512 3371
507 3354
510 3355
512 3347
456 3313
598 3335
585 3350
587 3348
588 3353
497 3379
497 3377
506 3354
455 3313
456 3312
599 3335
598 3334
584 3350
588 3348
586 3348
589 3353
588 3354
494 3382
505 3354
506 3355
455 3314
456 3311
600 3335
584 3351
584 3349
589 3348
585 3348
588 3355
588 3290
504 3354
506 3356
455 3315
456 3310
600 3334
583 3351
584 3352
584 3348
585 3347
589 3355
588 3356
587 3289
580 3288
503 3354
504 3353
506 3357
454 3315
457 3310
455 3310
601 3334
584 3353
585 3346
589 3356
498 3365
503 3355
503 3353
505 3357
506 3358
453 3315
458 3310
602 3334
584 3354
584 3346
590 3356
498 3379
502 3353
503 3352
505 3358
507 3358
452 3315
453 3314
458 3311
458 3309
602 3335
602 3333
583 3354
498 3377
501 3353
505 3359
507 3359
453 3313
603 3335
602 3336
602 3332
582 3354
583 3355
495 3382
588 3289
500 3353
504 3359
507 3360
453 3312
604 3335
602 3337
602 3331
581 3354
582 3355
582 3353
586 3289
579 3288
499 3353
504 3360
508 3360
507 3361
452 3312
453 3311
605 3335
602 3338
603 3331
602 3330
580 3354
582 3356
592 3277
499 3377
496 3382
495 3381
588 3288
499 3354
499 3352
509 3360
507 3362
451 3312
452 3311
453 3310
605 3334
603 3338
601 3338
603 3330
579 3354
582 3357
579 3287
587 3278
520 3385
500 3377
496 3383
499 3351
509 3359
507 3363
450 3312
452 3310
453 3309
605 3333
604 3338
603 3339
600 3338
603 3329
578 3354
583 3357
581 3357
582 3358
496 3381
588 3287
516 3381
499 3350
510 3359
508 3363
507 3364
449 3312
450 3311
454 3309
605 3338
604 3337
599 3338
604 3329
603 3328
578 3353
584 3357
581 3358
516 3379
515 3378
501 3377
500 3350
498 3350
511 3359
509 3363
508 3364
506 3364
448 3312
606 3338
605 3329
602 3328
603 3327
578 3352
585 3357
580 3358
496 3384
589 3287
501 3350
497 3350
512 3359
510 3363
509 3362
508 3365
505 3364
448 3313
606 3339
606 3337
605 3328
601 3328
603 3326
579 3352
577 3352
579 3358
587 3287
583 3272
582 3271
501 3351
501 3349
497 3351
497 3349
513 3359
512 3358
511 3363
510 3364
504 3364
505 3365
448 3314
607 3339
607 3337
600 3328
601 3329
601 3327
604 3326
603 3325
576 3352
513 3380
512 3379
502 3349
501 3348
496 3351
514 3359
511 3362
510 3365
504 3365
505 3366
449 3314
448 3315
608 3339
607 3340
600 3329
601 3326
604 3325
603 3324
575 3352
576 3353
502 3377
497 3384
502 3348
495 3351
514 3358
503 3365
506 3366
505 3367
447 3315
609 3339
600 3330
600 3326
601 3325
605 3325
574 3352
576 3354
590 3287
513 3376
502 3347
494 3351
495 3350
507 3366
506 3367
446 3315
447 3316
609 3338
600 3331
599 3326
606 3325
605 3324
573 3352
576 3355
510 3378
512 3372
493 3351
494 3352
507 3367
446 3314
447 3317
609 3337
599 3331
598 3326
607 3325
606 3324
573 3351
575 3355
503 3377
493 3352
446 3313
609 3336
597 3326
598 3327
607 3326
606 3323
573 3350
574 3355
502 3376
492 3352
446 3312
610 3336
608 3336
597 3327
597 3325
607 3327
607 3323
606 3322
574 3350
572 3350
573 3355
574 3356
498 3384
492 3353
446 3311
611 3336
610 3335
597 3328
597 3324
608 3327
608 3323
606 3321
574 3349
571 3350
572 3349
572 3355
573 3356
574 3357
591 3287
590 3288
491 3353
492 3354
445 3311
446 3310
611 3337
610 3334
597 3323
609 3323
608 3322
607 3321
575 3349
570 3350
571 3355
572 3356
573 3357
575 3357
574 3358
497 3365
592 3276
490 3353
491 3354
492 3355
444 3311
447 3310
446 3309
612 3337
609 3334
610 3333
596 3323
607 3320
576 3349
569 3350
570 3355
573 3358
576 3357
574 3359
587 3277
489 3353
490 3354
492 3356
443 3311
446 3308
610 3332
595 3323
596 3322
607 3319
577 3349
568 3350
569 3349
570 3354
572 3358
573 3359
576 3358
503 3378
489 3354
489 3352
492 3357
442 3311
443 3312
443 3310
447 3308
446 3307
611 3332
609 3332
610 3331
594 3323
595 3322
596 3321
608 3319
578 3349
577 3348
568 3351
569 3348
571 3358
572 3359
503 3376
498 3383
592 3287
488 3354
489 3355
489 3351
493 3357
491 3357
442 3312
443 3313
448 3308
446 3306
612 3332
608 3332
593 3323
597 3321
596 3320
608 3318
569 3347
571 3359
571 3357
591 3288
582 3275
527 3381
487 3354
489 3350
494 3357
490 3357
442 3313
447 3306
613 3332
612 3333
593 3322
598 3321
595 3320
608 3317
569 3346
571 3360
503 3379
503 3375
498 3382
486 3354
487 3355
489 3349
495 3357
490 3358
441 3313
447 3305
614 3332
593 3321
607 3317
608 3316
569 3345
570 3360
592 3286
531 3379
526 3379
503 3374
485 3354
487 3356
490 3349
488 3349
495 3358
490 3359
441 3314
447 3304
614 3333
614 3331
593 3320
606 3317
607 3316
609 3316
569 3344
569 3360
499 3382
488 3356
487 3357
491 3349
490 3348
495 3359
489 3359
490 3360
440 3314
441 3315
448 3304
446 3304
615 3333
592 3320
593 3319
605 3317
606 3318
610 3316
569 3343
569 3361
569 3359
593 3286
523 3381
521 3381
486 3357
491 3350
491 3348
494 3359
495 3360
488 3359
490 3361
439 3314
442 3315
449 3304
445 3304
615 3334
591 3320
604 3317
605 3318
610 3317
610 3315
569 3342
568 3361
569 3362
568 3359
516 3382
504 3374
503 3373
485 3357
491 3347
496 3360
488 3360
491 3361
489 3361
438 3314
450 3304
449 3303
445 3303
616 3334
615 3335
591 3321
591 3319
605 3319
611 3315
569 3341
567 3361
568 3362
567 3359
500 3382
499 3381
594 3286
485 3358
497 3360
492 3361
438 3315
438 3313
450 3305
444 3303
445 3302
617 3334
615 3336
591 3322
591 3318
604 3319
605 3320
611 3314
570 3341
568 3341
567 3360
568 3363
530 3379
520 3383
519 3382
503 3372
484 3358
498 3360
492 3362
437 3315
438 3316
437 3313
438 3312
451 3305
443 3303
445 3301
618 3334
617 3333
615 3337
590 3322
591 3317
603 3319
612 3314
570 3340
568 3340
566 3360
500 3383
594 3287
594 3285
483 3358
498 3361
498 3359
493 3362
492 3363
439 3316
436 3313
439 3312
452 3305
443 3304
443 3302
446 3301
618 3335
618 3333
616 3337
592 3317
591 3316
602 3319
613 3314
612 3313
571 3340
568 3339
565 3360
514 3380
514 3376
503 3371
500 3384
594 3288
594 3284
482 3358
483 3359
483 3357
498 3358
494 3362
493 3363
491 3363
492 3364
439 3317
435 3313
436 3314
453 3305
452 3306
452 3304
443 3301
618 3336
618 3332
616 3338
593 3317
590 3316
601 3319
602 3320
602 3318
614 3314
571 3339
568 3338
564 3360
511 3378
510 3379
504 3371
502 3371
481 3358
497 3358
495 3362
494 3363
434 3313
435 3314
454 3305
453 3304
442 3301
619 3336
618 3337
618 3331
617 3338
589 3316
602 3321
602 3317
615 3314
614 3315
614 3313
567 3338
564 3361
503 3370
594 3289
595 3284
594 3283
513 3372
480 3358
481 3357
495 3363
433 3313
454 3306
454 3304
442 3300
620 3336
619 3331
617 3331
617 3339
588 3316
589 3317
603 3321
601 3321
602 3316
616 3314
614 3316
614 3312
563 3361
564 3362
512 3373
587 3276
505 3371
504 3370
501 3371
479 3358
481 3356
432 3313
455 3304
454 3303
442 3299
621 3336
620 3337
619 3330
587 3316
602 3315
617 3314
615 3316
614 3317
615 3312
562 3361
502 3370
503 3369
593 3289
594 3290
596 3284
593 3283
478 3358
479 3357
481 3355
431 3313
432 3314
456 3304
454 3302
441 3299
621 3337
621 3335
619 3329
586 3316
601 3315
602 3314
616 3312
615 3311
562 3362
513 3377
581 3275
582 3274
530 3378
506 3371
477 3358
479 3356
481 3354
430 3313
431 3312
432 3315
456 3305
456 3303
453 3302
441 3298
622 3337
621 3338
622 3335
620 3329
618 3329
585 3316
586 3317
600 3315
601 3314
603 3314
602 3313
617 3312
562 3363
505 3370
500 3371
501 3370
592 3289
593 3290
594 3291
477 3359
477 3357
480 3354
429 3313
430 3312
431 3311
433 3315
457 3303
453 3301
441 3297
622 3338
621 3339
622 3334
617 3329
584 3316
585 3315
600 3316
600 3314
562 3364
597 3284
592 3283
523 3383
516 3383
522 3382
477 3360
476 3357
479 3354
428 3313
431 3310
434 3315
458 3303
453 3300
441 3296
622 3339
623 3334
616 3329
617 3328
583 3316
584 3317
585 3314
600 3313
563 3364
561 3364
520 3386
510 3380
506 3372
506 3370
500 3370
595 3291
594 3292
478 3360
475 3357
476 3356
478 3354
479 3353
428 3314
431 3309
434 3316
459 3303
458 3302
454 3300
452 3300
442 3296
441 3295
622 3340
624 3334
616 3328
617 3327
582 3316
585 3313
599 3313
600 3312
561 3365
598 3284
591 3283
514 3372
513 3373
511 3373
588 3276
478 3361
474 3357
475 3356
427 3314
432 3309
431 3308
434 3317
460 3303
454 3299
443 3296
440 3295
622 3341
624 3335
615 3328
618 3327
582 3317
586 3313
584 3313
598 3313
560 3365
561 3366
507 3372
506 3369
499 3370
593 3292
598 3285
591 3282
586 3276
478 3362
474 3358
475 3355
426 3314
433 3309
435 3317
461 3303
444 3296
439 3295
440 3294
623 3341
625 3335
624 3336
615 3327
619 3327
584 3312
598 3312
559 3365
562 3366
587 3275
525 3380
530 3377
524 3381
507 3373
507 3369
479 3362
478 3363
474 3359
475 3354
425 3314
426 3315
426 3313
461 3302
444 3297
444 3295
438 3295
624 3341
626 3335
624 3337
614 3327
620 3327
584 3311
598 3311
558 3365
563 3366
498 3370
598 3286
590 3282
517 3383
515 3383
479 3363
475 3359
473 3359
474 3354
475 3353
426 3316
426 3312
445 3297
444 3298
437 3295
438 3296
625 3341
626 3336
625 3337
624 3338
621 3327
620 3326
584 3310
597 3311
564 3366
521 3380
515 3380
514 3379
509 3380
480 3363
475 3360
472 3359
474 3353
476 3353
475 3352
425 3316
446 3297
445 3298
443 3298
444 3299
437 3296
437 3294
625 3342
625 3340
626 3337
620 3325
584 3309
596 3311
597 3310
565 3366
507 3374
508 3369
497 3370
597 3286
481 3363
475 3361
472 3360
472 3358
473 3353
477 3353
424 3316
425 3317
447 3297
445 3299
436 3296
437 3297
436 3294
437 3293
625 3343
626 3340
625 3339
627 3337
585 3309
584 3308
597 3309
590 3281
510 3381
482 3363
476 3361
472 3361
472 3357
473 3352
423 3316
425 3318
448 3297
447 3296
437 3298
435 3294
437 3292
625 3344
626 3339
628 3337
584 3307
596 3309
597 3308
511 3374
483 3363
471 3357
473 3351
424 3318
448 3298
447 3295
437 3299
435 3295
436 3292
629 3337
583 3307
584 3306
595 3309
597 3307
585 3276
515 3376
483 3364
472 3351
423 3318
448 3295
447 3294
436 3299
437 3300
434 3295
630 3337
582 3307
585 3306
584 3305
598 3307
581 3274
582 3273
483 3365
472 3350
449 3295
446 3294
436 3300
433 3295
631 3337
581 3307
586 3306
583 3305
598 3306
507 3375
508 3370
482 3365
471 3350
449 3296
435 3300
432 3295
433 3296
632 3337
580 3307
587 3306
583 3304
598 3305
497 3369
481 3365
470 3350
435 3301
431 3295
433 3297
633 3337
632 3338
632 3336
580 3306
588 3306
582 3304
599 3305
597 3287
590 3280
481 3366
469 3350
470 3351
470 3349
435 3302
430 3295
431 3296
431 3294
433 3298
633 3338
632 3339
588 3307
582 3303
600 3305
599 3304
529 3379
521 3383
480 3366
481 3367
469 3349
470 3348
430 3294
434 3298
432 3298
634 3338
582 3302
601 3305
599 3303
520 3384
527 3379
481 3368
468 3349
471 3348
470 3347
430 3293
431 3298
635 3338
582 3301
601 3306
601 3304
507 3376
509 3370
497 3368
481 3369
467 3349
468 3348
471 3347
469 3347
470 3346
430 3298
431 3299
636 3338
583 3301
581 3301
582 3300
602 3306
601 3303
597 3288
590 3279
481 3370
466 3349
468 3347
469 3346
431 3300
636 3337
580 3301
582 3299
602 3303
511 3381
510 3382
511 3375
482 3370
480 3370
465 3349
467 3347
431 3301
636 3336
581 3299
582 3298
603 3303
602 3302
584 3276
585 3277
482 3371
465 3350
465 3348
432 3301
431 3302
635 3336
580 3299
583 3298
604 3303
603 3302
602 3301
585 3275
508 3376
510 3370
482 3372
465 3351
464 3348
431 3303
635 3335
579 3299
584 3298
601 3301
602 3300
509 3371
497 3367
482 3373
466 3351
463 3348
431 3304
634 3335
635 3334
579 3300
585 3298
600 3301
591 3279
589 3279
528 3379
483 3373
467 3351
462 3348
431 3305
634 3334
578 3300
586 3298
599 3301
518 3383
514 3383
522 3381
484 3373
483 3374
467 3352
461 3348
462 3349
430 3305
577 3300
586 3299
599 3300
519 3386
525 3379
485 3373
460 3348
461 3347
429 3305
577 3299
586 3300
598 3300
527 3380
509 3376
486 3373
485 3374
485 3372
459 3348
460 3349
429 3304
577 3298
587 3300
597 3300
598 3299
508 3377
511 3370
487 3373
486 3374
459 3349
459 3347
429 3303
578 3298
576 3298
587 3301
597 3301
510 3371
509 3372
498 3367
487 3374
459 3350
459 3346
578 3297
587 3302
596 3301
597 3302
592 3279
591 3278
588 3279
488 3374
459 3351
578 3296
595 3301
597 3303
525 3381
512 3381
488 3375
460 3351
458 3351
578 3295
595 3300
596 3303
509 3382
512 3375
489 3375
488 3376
458 3352
579 3295
577 3295
594 3300
596 3304
584 3275
585 3278
490 3375
457 3352
564 3133
563 3133
564 3132
562 3133
563 3134
561 3133
562 3132
561 3134
560 3134
559 3134
558 3134
559 3135
557 3134
559 3136
556 3134
559 3137
555 3134
559 3138
554 3134
560 3138
558 3138
559 3139
554 3135
554 3133
561 3138
560 3139
554 3136
553 3133
561 3137
555 3136
553 3136
552 3133
553 3132
562 3137
555 3137
551 3133
553 3131
556 3137
551 3134
554 3131
553 3130
557 3137
556 3138
550 3134
554 3130
552 3130
553 3129
555 3130
552 3129
555 3129
551 3129
552 3128
555 3128
556 3128
557 3128
558 3128
558 3127
559 3127
559 3126
559 3125
559 3124
559 3123
558 3123
559 3122
560 3122
559 3121
558 3121
559 3120
557 3121
559 3119
556 3121
557 3120
560 3119
556 3120
561 3119
562 3119
561 3118
562 3120
561 3117
561 3116
560 3116
561 3115
560 3115
560 3114
560 3113
559 3113
558 3113
557 3113
558 3114
556 3113
557 3112
555 3113
556 3114
554 3113
554 3114
553 3114
554 3115
552 3114
551 3114
550 3114
550 3115
550 3113
549 3115
550 3112
548 3115
549 3116
551 3112
549 3112
550 3111
547 3115
548 3116
552 3112
549 3111
550 3110
546 3115
547 3116
548 3111
545 3115
546 3114
547 3111
545 3116
545 3114
544 3116
544 3114
545 3113
544 3117
543 3114
544 3118
543 3113
543 3118
543 3112
544 3112
542 3112
541 3112
540 3112
539 3112
538 3112
539 3111
537 3112
538 3113
536 3112
535 3112
534 3112
535 3113
535 3111
533 3112
535 3114
535 3110
532 3112
534 3114
535 3109
531 3112
532 3113
534 3115
536 3109
530 3112
529 3112
530 3113
530 3111
529 3111
530 3114
530 3110
529 3110
531 3114
530 3109
529 3109
531 3115
531 3109
530 3108
531 3116
532 3109
530 3107
532 3116
530 3116
531 3117
533 3109
531 3107
530 3106
529 3116
531 3118
533 3110
530 3105
528 3116
529 3117
531 3119
531 3105
530 3104
527 3116
531 3120
532 3105
529 3104
530 3103
526 3116
527 3117
532 3120
529 3103
531 3103
530 3102
526 3117
528 3103
532 3103
531 3102
530 3101
525 3117
526 3118
533 3103
532 3102
529 3101
530 3100
524 3117
526 3119
534 3103
532 3101
529 3100
523 3117
524 3118
524 3116
526 3120
535 3103
532 3100
529 3099
522 3117
524 3115
527 3120
535 3104
532 3099
529 3098
522 3116
525 3115
523 3115
528 3120
535 3105
533 3099
528 3098
522 3115
523 3114
529 3120
536 3105
535 3106
533 3098
521 3115
523 3113
537 3105
535 3107
534 3098
520 3115
524 3113
523 3112
537 3104
525 3113
524 3112
522 3112
537 3103
525 3112
522 3111
522 3110
523 3110
521 3110
524 3110
520 3110
520 3111
520 3109
519 3109
518 3109
519 3108
517 3109
519 3107
516 3109
519 3106
516 3110
518 3106
519 3105
515 3110
519 3104
514 3110
520 3104
519 3103
521 3104
519 3102
522 3104
521 3105
520 3102
521 3106
520 3101
522 3106
521 3107
520 3100
521 3108
521 3100
520 3099
521 3099
520 3098
522 3099
519 3098
522 3098
518 3098
522 3097
517 3098
518 3097
523 3097
516 3098
517 3097
523 3096
515 3098
515 3099
515 3097
515 3100
514 3097
515 3101
513 3097
514 3096
516 3101
514 3101
515 3102
512 3097
514 3095
515 3103
511 3097
514 3094
516 3103
514 3103
511 3098
514 3104
511 3099
510 3099
509 3099
510 3100
508 3099
507 3099
507 3098
506 3098
505 3098
504 3098
505 3097
505 3096
505 3095
506 3095
504 3095
506 3094
503 3095
504 3094
506 3093
502 3095
503 3096
503 3094
506 3092
501 3095
503 3097
507 3092
501 3094
502 3097
508 3092
500 3094
499 3094
500 3093
499 3095
499 3093
500 3092
499 3096
498 3093
500 3091
499 3097
498 3092
498 3097
497 3092
497 3097
498 3098
497 3091
497 3096
498 3099
496 3091
497 3090
499 3099
498 3100
495 3091
496 3090
497 3089
499 3100
494 3091
495 3090
498 3089
500 3100
493 3091
495 3089
499 3089
498 3088
500 3101
492 3091
493 3090
494 3089
499 3090
498 3087
500 3102
491 3091
492 3090
494 3088
499 3087
498 3086
500 3103
490 3091
500 3087
497 3086
501 3103
499 3103
500 3104
490 3090
501 3087
496 3086
502 3103
498 3103
489 3090
502 3087
495 3086
496 3087
496 3085
502 3102
497 3103
498 3102
488 3090
489 3089
503 3087
502 3088
502 3086
495 3087
495 3085
496 3084
502 3101
496 3103
497 3104
497 3102
487 3090
489 3088
504 3087
495 3084
496 3083
503 3101
495 3103
496 3104
487 3089
490 3088
489 3087
504 3086
494 3084
496 3082
503 3100
494 3103
496 3105
486 3089
487 3088
491 3088
490 3087
489 3086
505 3086
504 3085
494 3083
497 3082
493 3103
494 3104
494 3102
485 3089
489 3085
493 3083
498 3082
497 3081
492 3103
493 3104
494 3105
485 3090
488 3085
492 3083
493 3082
498 3081
492 3104
492 3102
494 3106
488 3084
491 3083
493 3081
499 3081
492 3105
491 3102
494 3107
487 3084
491 3084
494 3081
492 3081
499 3080
491 3105
490 3102
493 3107
494 3108
486 3084
491 3085
495 3081
500 3080
489 3102
490 3101
492 3107
494 3109
485 3084
492 3085
500 3079
488 3102
490 3100
491 3107
494 3110
484 3084
485 3085
492 3086
501 3079
500 3078
487 3102
488 3101
491 3100
490 3107
491 3108
493 3110
494 3111
483 3084
485 3086
492 3087
500 3077
489 3107
490 3108
491 3109
492 3110
493 3111
495 3111
494 3112
482 3084
486 3086
493 3087
501 3077
500 3076
488 3107
494 3113
482 3085
502 3077
487 3107
488 3106
495 3113
494 3114
502 3078
487 3108
488 3105
496 3113
494 3115
503 3078
487 3109
487 3105
496 3114
496 3112
504 3078
488 3109
486 3109
497 3114
496 3115
497 3112
504 3079
485 3109
497 3115
496 3116
497 3111
505 3079
484 3109
485 3110
485 3108
498 3115
495 3116
496 3117
497 3110
506 3079
505 3080
483 3109
485 3111
498 3116
497 3117
496 3118
496 3110
497 3109
506 3078
505 3081
482 3109
483 3110
499 3116
496 3119
497 3108
507 3078
504 3081
483 3111
500 3116
497 3119
495 3119
498 3108
508 3078
504 3082
482 3111
483 3112
498 3119
495 3120
499 3108
508 3077
503 3082
481 3111
483 3113
495 3121
500 3108
508 3076
503 3083
482 3113
495 3122
500 3107
509 3076
482 3114
494 3122
495 3123
500 3106
509 3075
481 3114
482 3115
493 3122
495 3124
510 3075
481 3115
482 3116
495 3125
511 3075
482 3117
496 3125
511 3076
483 3117
482 3118
497 3125
511 3077
484 3117
483 3118
481 3118
482 3119
498 3125
497 3124
512 3077
511 3078
485 3117
482 3120
498 3126
513 3077
512 3078
485 3118
483 3120
481 3120
498 3127
513 3078
485 3119
480 3120
481 3121
497 3127
513 3079
486 3119
479 3120
496 3127
497 3128
513 3080
487 3119
479 3121
479 3119
496 3128
497 3129
512 3080
488 3119
487 3120
478 3121
478 3119
496 3129
489 3119
487 3121
477 3119
478 3118
496 3130
490 3119
489 3120
488 3121
486 3121
476 3119
477 3118
478 3117
495 3130
490 3120
490 3118
488 3122
486 3122
476 3120
476 3118
495 3131
489 3122
485 3122
486 3123
475 3120
476 3121
475 3118
476 3117
495 3132
485 3123
474 3120
496 3132
495 3133
485 3124
473 3120
497 3132
496 3133
484 3124
472 3120
498 3132
496 3134
483 3124
472 3121
472 3119
498 3133
497 3134
483 3125
472 3122
472 3118
499 3133
483 3126
471 3122
472 3123
473 3118
472 3117
499 3134
483 3127
471 3123
472 3124
473 3117
500 3134
499 3135
483 3128
470 3123
472 3125
501 3134
499 3136
484 3128
482 3128
483 3129
469 3123
473 3125
471 3125
502 3134
501 3135
498 3136
485 3128
481 3128
483 3130
468 3123
469 3124
469 3122
473 3126
503 3134
502 3133
497 3136
486 3128
485 3127
480 3128
481 3129
481 3127
483 3131
467 3123
468 3122
469 3121
473 3127
504 3134
497 3137
480 3129
484 3131
466 3123
469 3120
496 3137
497 3138
480 3130
466 3122
495 3137
498 3138
497 3139
479 3130
465 3122
466 3121
494 3137
495 3136
499 3138
497 3140
479 3131
464 3122
465 3121
494 3138
500 3138
498 3140
496 3140
497 3141
478 3131
463 3122
501 3138
500 3139
500 3137
498 3141
495 3140
497 3142
462 3122
463 3123
463 3121
502 3138
494 3140
497 3143
462 3121
463 3124
503 3138
502 3139
493 3140
498 3143
462 3120
462 3124
463 3125
503 3139
492 3140
493 3141
498 3144
461 3120
461 3124
463 3126
492 3141
461 3119
460 3124
462 3126
491 3141
461 3118
459 3124
460 3125
460 3123
462 3127
462 3118
460 3118
459 3123
462 3128
463 3118
460 3117
459 3122
461 3128
459 3117
460 3116
460 3128
458 3117
461 3116
460 3115
460 3129
460 3127
457 3117
462 3116
461 3115
459 3129
457 3118
457 3116
461 3114
458 3129
457 3119
456 3116
461 3113
457 3129
458 3119
456 3119
455 3116
460 3113
461 3112
455 3119
454 3116
455 3117
461 3111
455 3120
453 3116
454 3115
462 3111
460 3111
461 3110
454 3120
454 3114
463 3111
459 3111
461 3109
453 3120
454 3121
463 3112
458 3111
461 3108
452 3120
454 3122
457 3111
460 3108
451 3120
453 3122
457 3112
459 3108
460 3107
451 3119
453 3123
457 3113
458 3108
460 3106
451 3118
452 3123
453 3124
461 3106
459 3106
451 3123
454 3124
462 3106
461 3105
458 3106
450 3123
451 3124
463 3106
457 3106
449 3123
451 3125
464 3106
457 3105
448 3123
451 3126
465 3106
464 3107
464 3105
457 3104
448 3122
452 3126
451 3127
465 3107
465 3105
464 3108
458 3104
456 3104
452 3127
450 3127
465 3108
466 3105
465 3104
459 3104
455 3104
450 3128
466 3108
467 3105
465 3103
454 3104
449 3128
450 3129
467 3108
468 3105
453 3104
450 3130
468 3104
453 3105
453 3103
451 3130
449 3130
468 3103
452 3105
452 3103
453 3102
449 3131
469 3103
452 3106
452 3102
454 3102
448 3131
449 3132
470 3103
469 3102
452 3107
455 3102
447 3131
449 3133
470 3104
469 3101
451 3107
452 3108
447 3132
447 3130
450 3133
448 3133
471 3104
469 3100
450 3107
446 3132
448 3134
472 3104
471 3105
468 3100
469 3099
449 3107
446 3133
473 3104
472 3105
467 3100
468 3099
469 3098
448 3107
449 3108
446 3134
473 3103
472 3106
468 3098
469 3097
448 3106
449 3109
446 3135
472 3107
468 3097
469 3096
447 3106
448 3105
450 3109
449 3110
446 3136
472 3108
467 3097
468 3096
470 3096
446 3106
449 3105
448 3104
445 3136
446 3137
466 3097
471 3096
470 3095
446 3107
446 3105
449 3104
444 3136
447 3137
465 3097
471 3097
471 3095
446 3108
446 3104
449 3103
443 3136
448 3137
464 3097
465 3096
472 3095
471 3094
445 3108
445 3104
446 3103
443 3137
449 3137
448 3136
463 3097
464 3098
465 3095
471 3093
445 3109
444 3104
442 3137
450 3137
449 3138
463 3098
463 3096
466 3095
464 3095
472 3093
471 3092
445 3110
443 3104
441 3137
451 3137
449 3139
462 3098
462 3096
467 3095
473 3093
472 3092
444 3110
445 3111
442 3104
440 3137
452 3137
448 3139
462 3099
461 3096
462 3095
474 3093
444 3111
441 3104
439 3137
440 3136
452 3138
462 3100
461 3095
475 3093
474 3094
443 3111
440 3104
441 3105
438 3137
440 3135
453 3138
461 3094
476 3093
475 3092
474 3095
443 3112
440 3105
440 3103
441 3106
437 3137
440 3134
453 3139
460 3094
475 3091
443 3113
440 3106
440 3102
442 3106
441 3107
437 3138
437 3136
440 3133
454 3139
459 3094
460 3093
476 3091
442 3113
440 3101
442 3107
441 3108
437 3139
437 3135
441 3133
440 3132
455 3139
477 3091
442 3114
440 3100
440 3108
438 3139
436 3139
437 3140
437 3134
441 3132
440 3131
456 3139
455 3140
455 3138
478 3091
477 3090
440 3099
439 3108
435 3139
436 3134
442 3132
440 3130
457 3139
455 3141
455 3137
479 3091
477 3089
441 3099
439 3099
434 3139
435 3134
443 3132
441 3130
439 3130
440 3129
458 3139
457 3140
456 3141
455 3142
479 3092
477 3088
441 3098
438 3099
434 3140
442 3130
438 3130
439 3129
458 3140
458 3138
456 3142
455 3143
479 3093
477 3087
441 3097
437 3099
433 3140
437 3130
459 3138
458 3137
457 3142
456 3143
454 3143
455 3144
480 3093
478 3093
477 3086
441 3096
437 3100
433 3141
437 3129
459 3137
457 3137
458 3136
454 3144
481 3093
441 3095
436 3100
432 3141
433 3142
436 3129
460 3137
458 3135
453 3144
454 3145
482 3093
481 3094
481 3092
440 3095
435 3100
431 3141
432 3142
433 3143
435 3129
458 3134
453 3145
454 3146
483 3093
481 3091
439 3095
434 3100
431 3142
434 3129
458 3133
453 3146
455 3146
484 3093
481 3090
438 3095
439 3096
433 3100
434 3099
430 3142
431 3143
459 3133
456 3146
437 3095
433 3101
434 3098
431 3144
459 3132
457 3146
456 3147
436 3095
437 3094
435 3098
433 3098
434 3097
432 3144
430 3144
431 3145
459 3131
458 3146
457 3147
456 3148
435 3095
437 3093
432 3098
433 3097
432 3145
429 3144
431 3146
458 3131
458 3147
457 3148
455 3148
456 3149
438 3093
437 3092
431 3098
429 3143
431 3147
457 3131
459 3147
457 3149
454 3148
430 3098
428 3143
432 3147
430 3147
460 3147
459 3148
453 3148
430 3097
427 3143
429 3147
430 3148
461 3147
452 3148
429 3097
426 3143
428 3147
430 3149
461 3148
461 3146
452 3149
452 3147
428 3097
425 3143
426 3144
426 3142
428 3148
431 3149
429 3149
430 3150
461 3149
452 3150
427 3097
425 3144
426 3141
427 3148
429 3150
461 3150
453 3150
426 3097
424 3144
426 3140
427 3149
428 3150
462 3150
460 3150
454 3150
425 3097
426 3096
425 3140
426 3149
463 3150
460 3151
455 3150
424 3097
424 3140
425 3139
426 3150
464 3150
463 3151
459 3151
460 3152
423 3097
424 3096
423 3140
426 3151
463 3152
458 3151
461 3152
423 3098
423 3096
423 3139
425 3151
464 3152
462 3152
463 3153
458 3152
422 3098
423 3099
423 3095
424 3151
464 3153
458 3153
421 3098
422 3099
424 3099
423 3094
424 3152
424 3150
464 3154
458 3154
420 3098
421 3099
422 3100
424 3100
424 3094
424 3153
423 3150
424 3149
464 3155
457 3154
458 3155
419 3098
420 3099
424 3101
425 3094
424 3093
423 3153
423 3149
424 3148
463 3155
464 3156
1283 3725
458 3156
418 3098
420 3100
423 3101
424 3102
425 3093
422 3153
424 3147
463 3156
457 3156
458 3157
417 3098
418 3099
424 3103
426 3093
421 3153
422 3152
424 3146
463 3157
457 3157
416 3098
417 3097
418 3100
425 3103
424 3104
426 3092
422 3151
423 3146
456 3157
417 3096
418 3101
426 3103
424 3105
426 3091
421 3151
422 3146
456 3158
417 3095
417 3101
427 3103
424 3106
426 3090
421 3146
422 3147
455 3158
456 3159
418 3095
417 3094
417 3102
427 3104
427 3090
425 3090
420 3146
422 3148
455 3159
456 3160
419 3095
417 3103
428 3104
428 3090
419 3146
421 3148
454 3159
456 3161
420 3095
419 3096
416 3103
429 3104
428 3091
419 3147
419 3145
420 3148
456 3162
415 3103
430 3104
428 3092
419 3148
419 3144
456 3163
415 3102
430 3105
429 3092
418 3148
419 3143
457 3163
456 3164
415 3101
430 3106
430 3092
429 3093
417 3148
458 3163
456 3165
414 3101
429 3106
430 3107
430 3091
417 3149
458 3164
457 3165
414 3100
431 3107
430 3108
431 3091
430 3090
417 3150
458 3165
414 3099
432 3107
431 3108
430 3109
431 3090
430 3089
416 3150
417 3151
458 3166
413 3099
429 3109
432 3090
430 3088
415 3150
417 3152
459 3166
458 3167
412 3099
413 3098
429 3110
433 3090
432 3089
415 3151
415 3149
417 3153
460 3166
458 3168
411 3099
412 3098
428 3110
429 3111
434 3090
415 3152
414 3149
415 3148
418 3153
417 3154
460 3165
459 3168
458 3169
410 3099
427 3110
430 3111
435 3090
434 3089
415 3153
414 3148
415 3147
417 3155
461 3165
460 3168
458 3170
409 3099
410 3098
426 3110
427 3111
435 3089
434 3088
413 3148
414 3147
418 3155
417 3156
462 3165
461 3168
460 3169
457 3170
458 3171
409 3100
410 3097
427 3112
436 3089
434 3087
412 3148
413 3147
461 3167
460 3170
456 3170
458 3172
409 3101
410 3096
426 3112
437 3089
436 3088
434 3086
412 3147
462 3167
455 3170
457 3172
408 3101
409 3102
425 3112
438 3089
437 3090
434 3085
411 3147
463 3167
454 3170
456 3172
457 3173
407 3101
410 3102
424 3112
435 3085
434 3084
411 3146
463 3168
454 3169
457 3174
406 3101
410 3103
423 3112
424 3113
424 3111
436 3085
434 3083
411 3145
463 3169
453 3169
458 3174
457 3175
405 3101
406 3102
410 3104
423 3111
424 3114
436 3086
436 3084
435 3083
412 3145
410 3145
464 3169
463 3170
452 3169
457 3176
404 3101
405 3100
411 3104
409 3104
423 3110
423 3114
424 3115
437 3086
436 3083
410 3144
465 3169
462 3170
451 3169
452 3170
458 3176
456 3176
457 3177
403 3101
405 3099
412 3104
408 3104
409 3105
423 3115
438 3086
436 3082
409 3144
466 3169
465 3170
450 3169
451 3170
451 3168
452 3171
459 3176
458 3177
455 3176
457 3178
404 3099
413 3104
423 3116
438 3085
437 3082
436 3081
408 3144
466 3168
465 3171
450 3170
450 3168
451 3171
451 3167
452 3172
458 3178
455 3175
457 3179
404 3098
413 3105
439 3085
435 3081
436 3080
407 3144
467 3168
466 3167
466 3171
449 3168
452 3167
452 3173
459 3178
457 3180
403 3098
404 3097
440 3085
435 3080
437 3080
436 3079
406 3144
468 3168
466 3166
466 3172
448 3168
453 3167
460 3178
457 3181
404 3096
441 3085
440 3084
434 3080
436 3078
405 3144
406 3145
469 3168
465 3166
448 3169
461 3178
457 3182
403 3096
442 3085
433 3080
437 3078
436 3077
405 3145
405 3143
469 3169
447 3169
462 3178
458 3182
456 3182
403 3095
443 3085
442 3084
438 3078
436 3076
404 3145
405 3146
405 3142
469 3170
463 3178
462 3179
455 3182
456 3183
402 3095
444 3085
442 3083
435 3076
403 3145
405 3147
406 3142
405 3141
470 3170
462 3180
454 3182
456 3184
402 3094
444 3086
434 3076
402 3145
403 3144
406 3147
405 3148
471 3170
470 3171
463 3180
461 3180
453 3182
402 3093
445 3086
444 3087
433 3076
434 3075
402 3146
402 3144
403 3143
404 3148
405 3149
471 3169
470 3172
453 3183
453 3181
402 3092
446 3086
443 3087
433 3075
434 3074
401 3144
403 3142
403 3148
405 3150
470 3173
452 3183
452 3181
403 3092
401 3092
447 3086
443 3088
435 3074
434 3073
402 3142
403 3141
406 3150
404 3150
405 3151
471 3173
470 3174
452 3184
451 3181
403 3091
400 3092
447 3087
447 3085
443 3089
436 3074
433 3073
403 3140
404 3151
405 3152
472 3173
469 3174
452 3185
451 3180
404 3091
400 3093
400 3091
448 3087
448 3085
447 3084
436 3073
432 3073
404 3140
403 3139
404 3152
473 3173
472 3174
472 3172
469 3175
453 3185
451 3185
450 3180
451 3179
404 3090
399 3093
400 3090
449 3087
448 3084
447 3083
437 3073
436 3072
431 3073
403 3138
403 3152
474 3173
473 3174
472 3171
468 3175
453 3186
449 3180
450 3179
452 3179
404 3089
398 3093
401 3090
400 3089
450 3087
449 3086
449 3084
448 3083
447 3082
438 3073
436 3071
431 3072
402 3138
403 3137
402 3152
475 3173
474 3172
473 3175
473 3171
467 3175
453 3187
448 3180
450 3178
453 3179
452 3178
405 3089
404 3088
397 3093
398 3094
401 3089
451 3087
450 3086
450 3084
435 3071
436 3070
430 3072
401 3138
404 3137
401 3152
476 3173
473 3176
452 3187
447 3180
448 3179
449 3178
452 3177
406 3089
398 3095
451 3088
451 3084
429 3072
430 3071
400 3138
401 3137
404 3136
401 3153
401 3151
477 3173
473 3177
451 3187
452 3188
446 3180
447 3181
406 3090
399 3095
397 3095
452 3084
451 3085
428 3072
429 3073
430 3070
399 3138
400 3139
401 3136
405 3136
404 3135
400 3153
401 3150
478 3173
477 3172
474 3177
452 3189
445 3180
446 3181
446 3179
407 3090
399 3096
396 3095
453 3084
428 3073
428 3071
429 3074
431 3070
430 3069
400 3140
400 3136
404 3134
400 3150
478 3174
477 3171
475 3177
452 3190
444 3180
445 3181
446 3182
446 3178
408 3090
454 3084
453 3083
427 3073
428 3070
429 3075
429 3069
401 3140
399 3136
400 3135
405 3134
404 3133
399 3150
479 3174
476 3171
476 3177
475 3178
451 3190
452 3191
445 3178
408 3089
455 3084
453 3082
426 3073
427 3070
428 3075
400 3134
405 3133
398 3150
399 3151
480 3174
476 3170
476 3176
475 3179
451 3191
444 3178
445 3177
456 3084
455 3083
425 3073
426 3072
426 3070
427 3069
428 3076
400 3133
398 3149
399 3152
481 3174
476 3169
475 3180
450 3191
444 3177
445 3176
455 3082
425 3074
425 3070
427 3068
428 3077
400 3132
398 3152
482 3174
476 3168
476 3180
449 3191
446 3176
456 3082
455 3081
424 3074
425 3075
425 3069
428 3068
426 3068
399 3132
482 3173
476 3167
476 3181
449 3192
449 3190
446 3175
456 3081
454 3081
423 3074
424 3075
425 3076
428 3067
426 3067
398 3132
399 3131
483 3173
475 3167
449 3193
447 3175
446 3174
422 3074
424 3076
425 3077
425 3067
426 3066
399 3130
484 3173
475 3166
448 3193
448 3175
447 3174
445 3174
421 3074
424 3067
399 3129
484 3174
484 3172
474 3166
475 3165
448 3194
445 3173
421 3075
421 3073
423 3067
400 3129
398 3129
484 3171
473 3166
447 3194
444 3173
420 3075
421 3072
423 3066
401 3129
400 3128
397 3129
485 3171
483 3171
472 3166
473 3165
446 3194
447 3195
419 3075
420 3076
421 3071
422 3066
401 3130
400 3127
397 3130
483 3170
472 3165
473 3164
445 3194
446 3195
418 3075
419 3076
422 3071
420 3071
421 3066
401 3127
399 3127
396 3130
482 3170
474 3164
446 3196
418 3076
423 3071
419 3071
420 3066
421 3067
401 3126
398 3127
399 3126
395 3130
474 3163
445 3196
446 3197
418 3077
420 3067
420 3065
402 3126
401 3125
398 3126
394 3130
395 3131
474 3162
445 3197
446 3198
417 3077
418 3078
419 3067
419 3065
420 3064
402 3125
398 3125
393 3130
475 3162
473 3162
445 3198
416 3077
419 3078
418 3065
420 3063
403 3125
402 3124
393 3131
393 3129
476 3162
473 3161
445 3199
416 3076
417 3065
421 3063
420 3062
403 3124
393 3132
392 3129
477 3162
476 3163
473 3160
416 3065
417 3066
420 3061
391 3129
392 3128
477 3161
476 3164
472 3160
415 3065
421 3061
419 3061
391 3130
391 3128
392 3127
478 3161
415 3066
415 3064
419 3060
390 3130
391 3127
393 3127
479 3161
478 3160
414 3066
418 3060
389 3130
390 3127
391 3126
393 3126
480 3161
413 3066
414 3067
417 3060
418 3059
389 3127
394 3126
481 3161
413 3065
417 3061
418 3058
388 3127
394 3125
481 3162
481 3160
417 3062
419 3058
418 3057
387 3127
388 3126
394 3124
482 3162
481 3163
482 3160
416 3062
417 3063
418 3056
386 3127
388 3125
395 3124
393 3124
483 3162
481 3164
482 3159
415 3062
418 3063
419 3056
417 3056
395 3123
393 3123
484 3162
483 3159
482 3158
414 3062
415 3061
416 3056
395 3122
484 3163
484 3161
484 3159
482 3157
414 3061
416 3055
396 3122
395 3121
484 3164
485 3161
484 3160
485 3159
483 3157
481 3157
416 3054
397 3122
394 3121
485 3160
486 3159
485 3158
417 3054
415 3054
416 3053
394 3120
487 3159
486 3158
414 3054
416 3052
393 3120
394 3119
487 3158
413 3054
417 3052
416 3051
392 3120
395 3119
487 3157
412 3054
418 3052
415 3051
392 3121
392 3119
395 3118
487 3156
411 3054
419 3052
418 3053
414 3051
392 3118
486 3156
487 3155
410 3054
411 3055
413 3051
392 3117
487 3154
409 3054
411 3056
392 3116
486 3154
408 3054
409 3053
411 3057
391 3116
407 3054
408 3053
409 3052
411 3058
391 3115
408 3052
409 3051
412 3058
411 3059
391 3114
407 3052
409 3050
413 3058
410 3059
392 3114
390 3114
391 3113
406 3052
410 3050
408 3050
392 3113
390 3113
405 3052
406 3051
410 3049
407 3050
393 3113
389 3113
404 3052
405 3051
411 3049
407 3049
394 3113
388 3113
403 3052
404 3051
412 3049
411 3048
406 3049
407 3048
395 3113
388 3114
402 3052
403 3053
403 3051
412 3048
411 3047
408 3048
395 3112
387 3114
401 3052
411 3046
409 3048
396 3112
386 3114
387 3115
400 3052
411 3045
397 3112
386 3115
386 3113
399 3052
400 3053
410 3045
411 3044
398 3112
386 3116
385 3113
400 3054
411 3043
399 3112
398 3113
398 3111
385 3116
384 3113
400 3055
410 3043
411 3042
399 3113
398 3114
398 3110
384 3116
383 3113
384 3112
399 3055
409 3043
400 3113
397 3114
398 3109
384 3117
382 3113
383 3112
398 3055
408 3043
409 3042
401 3113
397 3115
399 3109
397 3109
383 3117
382 3114
383 3111
398 3056
398 3054
407 3043
397 3116
399 3108
396 3109
383 3118
382 3115
383 3110
397 3056
398 3057
397 3054
407 3042
400 3108
382 3118
383 3119
381 3115
397 3057
399 3057
397 3053
407 3041
401 3108
384 3119
383 3120
380 3115
397 3058
400 3057
396 3053
397 3052
407 3040
402 3108
401 3109
385 3119
383 3121
379 3115
380 3114
397 3059
396 3052
397 3051
406 3040
407 3039
403 3108
402 3107
384 3121
382 3121
378 3115
379 3116
380 3113
396 3059
396 3051
405 3040
407 3038
404 3108
402 3106
384 3122
378 3116
379 3117
380 3112
395 3059
404 3040
405 3039
408 3038
405 3108
401 3106
402 3105
384 3123
377 3116
378 3117
380 3117
395 3060
395 3058
403 3040
404 3041
405 3038
409 3038
400 3106
402 3104
383 3123
376 3116
378 3118
394 3060
395 3061
394 3058
395 3057
402 3040
403 3039
404 3042
410 3038
401 3104
402 3103
382 3123
375 3116
378 3119
395 3062
393 3058
395 3056
401 3040
404 3043
411 3038
410 3037
401 3103
381 3123
374 3116
375 3117
379 3119
395 3063
393 3057
395 3055
401 3039
404 3044
411 3039
411 3037
400 3103
373 3116
375 3118
395 3064
392 3057
393 3056
396 3055
401 3038
403 3044
412 3039
412 3037
411 3036
399 3103
372 3116
373 3117
375 3119
394 3064
391 3057
401 3037
402 3044
413 3039
412 3040
413 3037
398 3103
399 3104
399 3102
371 3116
374 3119
375 3120
394 3065
391 3056
402 3037
400 3037
401 3036
414 3039
413 3038
398 3102
399 3105
370 3116
371 3117
374 3120
375 3121
394 3066
391 3055
402 3036
400 3036
414 3040
398 3105
369 3116
373 3120
374 3121
393 3066
391 3054
402 3035
399 3036
400 3035
415 3040
397 3105
398 3106
369 3117
369 3115
392 3066
393 3067
390 3054
403 3035
398 3036
415 3041
396 3105
398 3107
368 3117
369 3114
391 3066
393 3068
398 3035
416 3041
396 3106
368 3118
390 3066
394 3068
392 3068
398 3034
416 3042
395 3106
368 3119
390 3067
395 3068
391 3068
397 3034
417 3042
395 3107
369 3119
367 3119
390 3068
395 3069
396 3034
418 3042
417 3043
369 3120
366 3119
367 3120
390 3069
396 3069
395 3034
419 3042
418 3043
418 3041
417 3044
369 3121
365 3119
366 3118
389 3069
390 3070
395 3035
395 3033
420 3042
419 3043
418 3044
370 3121
366 3117
388 3069
395 3032
420 3041
370 3122
366 3116
387 3069
396 3032
394 3032
420 3040
371 3122
370 3123
365 3116
366 3115
387 3070
387 3068
397 3032
393 3032
421 3040
419 3040
370 3124
364 3116
366 3114
387 3071
387 3067
398 3032
397 3031
393 3031
422 3040
370 3125
364 3117
367 3114
366 3113
386 3071
386 3067
399 3032
393 3030
423 3040
422 3041
370 3126
364 3118
386 3072
385 3067
400 3032
393 3029
424 3040
371 3126
363 3118
384 3067
385 3066
401 3032
400 3033
394 3029
392 3029
424 3039
372 3126
362 3118
363 3119
383 3067
384 3066
402 3032
401 3033
401 3031
395 3029
391 3029
425 3039
424 3038
373 3126
361 3118
362 3117
403 3032
396 3029
390 3029
426 3039
373 3127
362 3116
404 3032
389 3029
390 3030
426 3040
426 3038
374 3127
373 3128
361 3116
362 3115
404 3031
388 3029
426 3041
375 3127
372 3128
360 3116
363 3115
362 3114
405 3031
404 3030
388 3030
388 3028
427 3041
426 3042
375 3128
375 3126
371 3128
359 3116
360 3115
363 3114
406 3031
403 3030
387 3030
388 3031
388 3027
427 3042
376 3126
375 3125
370 3128
371 3129
358 3116
363 3113
406 3030
386 3030
389 3031
388 3032
387 3027
428 3042
427 3043
377 3126
376 3125
374 3125
371 3130
358 3117
358 3115
406 3029
386 3029
388 3033
386 3027
427 3044
377 3127
376 3124
370 3130
371 3131
357 3117
358 3114
407 3029
405 3029
389 3033
385 3027
386 3026
427 3045
378 3127
377 3128
377 3124
370 3131
371 3132
356 3117
358 3113
407 3028
389 3034
386 3025
428 3045
379 3127
378 3124
370 3132
372 3132
355 3117
356 3118
358 3112
408 3028
407 3027
390 3034
389 3035
385 3025
429 3045
379 3128
370 3133
373 3132
354 3117
355 3118
356 3119
358 3111
409 3028
406 3027
407 3026
390 3035
389 3036
384 3025
429 3046
379 3129
370 3134
373 3133
353 3117
355 3119
357 3119
359 3111
357 3111
405 3027
408 3026
391 3035
389 3037
383 3025
429 3047
370 3135
374 3133
352 3117
353 3116
355 3120
356 3111
408 3025
392 3035
388 3037
382 3025
383 3026
383 3024
430 3047
369 3135
351 3117
352 3118
355 3121
355 3111
408 3024
392 3036
392 3034
388 3038
381 3025
383 3023
431 3047
430 3048
368 3135
369 3136
350 3117
351 3116
352 3119
355 3122
355 3112
355 3110
409 3024
408 3023
388 3039
382 3023
432 3047
431 3046
430 3049
367 3135
368 3134
369 3137
351 3115
353 3119
352 3120
355 3123
354 3110
410 3024
407 3023
388 3040
381 3023
382 3022
431 3045
429 3049
430 3050
366 3135
367 3136
367 3134
350 3115
351 3120
356 3123
355 3124
406 3023
407 3022
388 3041
380 3023
382 3021
431 3044
428 3049
429 3050
431 3050
430 3051
365 3135
350 3120
351 3121
357 3123
405 3023
407 3021
387 3041
379 3023
383 3021
432 3044
431 3043
427 3049
432 3050
365 3134
349 3120
350 3121
350 3119
358 3123
357 3122
404 3023
408 3021
406 3021
386 3041
378 3023
384 3021
433 3044
431 3042
426 3049
433 3050
432 3051
364 3134
348 3120
350 3122
359 3123
404 3024
408 3020
377 3023
385 3021
384 3020
434 3044
432 3042
433 3049
363 3134
349 3122
360 3123
408 3019
376 3023
377 3024
385 3022
385 3020
384 3019
434 3045
433 3042
434 3049
362 3134
363 3135
348 3122
361 3123
407 3019
408 3018
376 3022
385 3023
435 3045
434 3042
433 3041
435 3049
434 3048
361 3134
347 3122
348 3123
361 3124
406 3019
409 3018
375 3022
376 3021
435 3046
433 3040
436 3049
360 3134
361 3135
346 3122
347 3123
410 3018
409 3017
374 3022
376 3020
434 3040
433 3039
436 3050
436 3048
359 3134
347 3124
410 3019
410 3017
374 3023
376 3019
435 3040
432 3039
433 3038
437 3050
359 3133
346 3124
347 3125
410 3020
411 3017
374 3024
375 3019
376 3018
435 3039
431 3039
434 3038
433 3037
437 3051
358 3133
345 3124
347 3126
411 3016
374 3025
375 3018
376 3017
436 3039
431 3040
434 3037
438 3051
437 3052
357 3133
344 3124
345 3123
346 3126
347 3127
412 3016
374 3026
374 3018
376 3016
435 3037
434 3036
438 3052
436 3052
437 3053
357 3134
357 3132
343 3124
348 3127
347 3128
412 3015
375 3026
373 3026
373 3018
376 3015
436 3037
434 3035
439 3052
436 3053
357 3135
356 3132
357 3131
342 3124
346 3128
347 3129
413 3015
375 3027
373 3019
377 3015
436 3036
434 3034
436 3054
357 3136
355 3132
356 3131
357 3130
341 3124
346 3129
347 3130
414 3015
372 3019
378 3015
437 3036
433 3034
434 3033
435 3054
357 3137
355 3133
355 3131
357 3129
341 3123
348 3130
347 3131
415 3015
414 3014
371 3019
379 3015
378 3014
437 3035
432 3034
434 3032
434 3054
435 3055
354 3133
355 3134
355 3130
358 3129
356 3129
340 3123
348 3131
346 3131
414 3013
370 3019
380 3015
379 3016
378 3013
432 3035
435 3032
434 3053
435 3056
353 3133
354 3130
356 3128
339 3123
345 3131
414 3012
370 3018
380 3016
378 3012
431 3035
436 3032
435 3031
434 3052
434 3056
435 3057
352 3133
356 3127
338 3123
344 3131
415 3012
414 3011
370 3017
377 3012
378 3011
437 3032
435 3030
435 3058
357 3127
355 3127
356 3126
337 3123
338 3124
343 3131
416 3012
413 3011
369 3017
379 3011
437 3031
435 3029
436 3058
434 3058
435 3059
354 3127
355 3126
336 3123
337 3122
338 3125
343 3132
417 3012
416 3013
412 3011
368 3017
436 3029
435 3028
434 3059
435 3060
353 3127
335 3123
339 3125
337 3125
343 3133
417 3013
412 3012
412 3010
368 3018
368 3016
434 3028
435 3027
434 3060
436 3060
435 3061
353 3126
336 3125
337 3126
344 3133
342 3133
367 3016
368 3015
434 3027
436 3027
436 3061
435 3062
336 3126
342 3134
366 3016
368 3014
434 3026
437 3027
437 3061
435 3063
335 3126
341 3134
365 3016
369 3014
434 3025
438 3027
437 3028
438 3061
436 3063
335 3127
340 3134
364 3016
369 3013
434 3024
438 3028
438 3026
439 3061
438 3060
436 3064
334 3127
339 3134
363 3016
364 3015
369 3012
433 3024
434 3023
439 3028
439 3062
436 3065
333 3127
338 3134
339 3135
339 3133
362 3016
364 3014
369 3011
432 3024
434 3022
440 3028
440 3062
437 3065
333 3126
339 3136
362 3015
365 3014
363 3014
370 3011
432 3025
433 3022
440 3029
441 3062
437 3066
332 3126
333 3125
338 3136
339 3137
363 3013
371 3011
432 3026
441 3029
440 3030
442 3062
441 3061
331 3126
332 3125
333 3124
339 3138
363 3012
371 3012
432 3027
441 3030
440 3031
443 3062
441 3060
330 3126
332 3124
340 3138
339 3139
363 3011
372 3012
432 3028
442 3030
443 3063
443 3061
330 3127
332 3123
340 3139
339 3140
364 3011
363 3010
432 3029
443 3030
442 3031
444 3061
443 3060
329 3127
330 3128
332 3122
341 3139
338 3140
365 3011
363 3009
433 3029
431 3029
432 3030
443 3031
443 3029
445 3061
444 3060
443 3059
328 3127
329 3128
330 3129
332 3121
341 3140
337 3140
365 3012
363 3008
433 3030
432 3031
444 3031
444 3029
446 3061
445 3060
444 3059
443 3058
329 3129
331 3121
332 3120
341 3141
337 3139
366 3012
363 3007
431 3031
445 3031
445 3029
442 3058
443 3057
328 3129
330 3121
333 3120
342 3141
337 3138
366 3013
363 3006
431 3032
446 3029
443 3056
327 3129
329 3121
330 3120
333 3119
343 3141
362 3006
447 3029
443 3055
326 3129
328 3121
330 3119
333 3118
344 3141
362 3005
447 3030
444 3055
443 3054
325 3129
326 3130
327 3121
328 3122
328 3120
330 3118
334 3118
344 3140
362 3004
444 3054
443 3053
325 3128
326 3131
328 3119
334 3117
344 3139
363 3004
361 3004
445 3054
443 3052
325 3127
327 3131
327 3119
335 3117
345 3139
364 3004
363 3003
360 3004
446 3054
444 3052
442 3052
325 3126
328 3131
326 3119
336 3117
335 3116
365 3004
359 3004
360 3003
446 3053
444 3051
324 3126
325 3125
328 3132
325 3119
326 3118
337 3117
335 3115
366 3004
358 3004
359 3005
447 3053
444 3050
323 3126
325 3124
328 3133
324 3119
325 3118
335 3114
367 3004
357 3004
358 3005
447 3052
444 3049
322 3126
323 3127
326 3124
324 3124
329 3133
327 3133
323 3119
324 3118
325 3117
336 3114
367 3003
357 3005
357 3003
358 3006
448 3052
443 3049
444 3048
323 3128
323 3124
324 3123
330 3133
327 3134
337 3114
367 3002
356 3005
357 3006
356 3003
448 3051
323 3129
322 3124
323 3123
330 3132
327 3135
338 3114
368 3002
367 3001
355 3003
356 3002
448 3050
322 3129
323 3130
331 3132
328 3135
327 3136
338 3115
338 3113
369 3002
366 3001
354 3003
449 3050
447 3050
321 3129
323 3131
332 3132
329 3135
326 3136
338 3116
339 3113
370 3002
369 3003
353 3003
449 3049
321 3128
322 3131
333 3132
332 3133
326 3137
339 3116
340 3113
339 3112
371 3002
370 3001
353 3002
450 3049
320 3128
321 3131
322 3132
333 3133
326 3138
339 3117
341 3113
339 3111
372 3002
371 3003
371 3001
352 3002
353 3001
451 3049
319 3128
321 3132
322 3133
334 3133
333 3134
327 3138
326 3139
339 3118
341 3112
339 3110
373 3002
371 3004
371 3000
351 3002
451 3050
318 3128
322 3134
334 3134
328 3138
327 3139
325 3139
326 3140
340 3118
339 3119
339 3109
373 3003
370 3004
350 3002
351 3001
452 3050
451 3051
318 3127
323 3134
321 3134
334 3135
329 3138
324 3139
326 3141
341 3118
340 3109
373 3004
370 3005
350 3003
351 3000
450 3051
317 3127
321 3135
335 3135
330 3138
329 3137
324 3140
324 3138
326 3142
342 3118
340 3108
374 3004
373 3005
349 3003
350 3004
350 3000
351 2999
316 3127
317 3126
321 3136
336 3135
324 3141
327 3142
325 3142
326 3143
343 3118
342 3119
342 3117
340 3107
375 3004
372 3005
350 3005
349 3000
350 2999
352 2999
315 3127
317 3125
321 3137
336 3134
323 3141
328 3142
326 3144
344 3118
342 3120
342 3116
339 3107
376 3004
372 3006
351 3005
350 3006
348 3000
349 3001
352 2998
314 3127
317 3124
322 3137
320 3137
322 3141
329 3142
327 3144
345 3118
343 3120
341 3120
342 3115
338 3107
377 3004
376 3005
351 3006
349 3006
347 3000
348 2999
313 3127
314 3128
317 3123
322 3142
330 3142
329 3141
342 3114
337 3107
377 3005
377 3003
376 3006
352 3006
349 3007
346 3000
348 2998
312 3127
313 3126
316 3123
317 3122
322 3143
331 3142
330 3141
329 3140
336 3107
337 3106
378 3005
377 3002
353 3006
352 3007
345 3000
347 2998
312 3128
313 3125
318 3122
323 3143
322 3144
330 3140
335 3107
337 3105
378 3006
377 3001
344 3000
345 3001
311 3128
312 3129
313 3124
318 3121
321 3144
331 3140
334 3107
335 3106
338 3105
337 3104
378 3007
378 3001
343 3000
344 2999
310 3128
311 3129
313 3123
318 3120
321 3145
335 3105
339 3105
337 3103
379 3007
377 3007
379 3001
378 3000
342 3000
343 2999
344 2998
310 3129
313 3122
319 3120
317 3120
321 3146
340 3105
380 3007
380 3001
378 2999
341 3000
342 2999
344 2997
310 3130
314 3122
320 3120
316 3120
320 3146
321 3147
340 3104
381 3007
380 3002
380 3000
377 2999
378 2998
340 3000
341 3001
343 2997
309 3130
310 3131
320 3121
320 3119
316 3119
319 3146
321 3148
341 3104
381 3006
381 3002
380 2999
377 2998
342 2997
343 2996
308 3130
321 3121
320 3122
320 3118
315 3119
316 3118
319 3147
342 3104
341 3103
382 3006
382 3002
380 2998
376 2998
342 2996
343 2995
307 3130
314 3119
318 3147
343 3104
383 3006
383 3002
382 3001
380 2997
341 2996
342 2995
343 2994
306 3130
307 3129
317 3147
344 3104
384 3006
383 3001
382 3000
379 2997
380 2996
340 2996
343 2993
305 3130
306 3131
307 3128
345 3104
344 3103
385 3006
384 3001
383 3000
379 2996
339 2996
342 2993
343 2992
304 3130
306 3132
307 3127
346 3104
345 3105
344 3102
386 3006
385 3007
385 3001
383 2999
379 2995
338 2996
342 2992
304 3129
307 3132
305 3132
306 3133
308 3127
307 3126
347 3104
346 3105
343 3102
344 3101
386 3007
386 3005
385 3008
385 3002
384 2999
379 2994
338 2997
338 2995
303 3129
304 3128
305 3133
306 3134
308 3126
306 3126
348 3104
343 3101
387 3007
385 3009
385 3003
385 2999
378 2994
379 2993
337 2997
337 2995
338 2994
302 3129
304 3133
306 3135
309 3126
308 3125
348 3105
348 3103
342 3101
388 3007
387 3008
385 3010
386 3003
377 2994
379 2992
336 2995
338 2993
301 3129
302 3130
303 3133
306 3136
310 3126
308 3124
348 3106
342 3100
389 3007
386 3010
376 2994
380 2992
378 2992
335 2995
337 2993
300 3129
302 3131
302 3133
303 3134
307 3136
305 3136
310 3125
307 3124
308 3123
349 3106
348 3107
342 3099
390 3007
386 3011
375 2994
376 2995
381 2992
378 2991
335 2996
337 2992
300 3128
303 3131
301 3133
308 3122
348 3108
342 3098
391 3007
390 3008
386 3012
375 2995
381 2991
378 2990
334 2996
335 2997
337 2991
301 3134
301 3132
308 3121
348 3109
343 3098
341 3098
392 3007
391 3008
386 3013
375 2996
381 2990
379 2990
377 2990
333 2996
335 2998
338 2991
337 2990
300 3134
307 3121
308 3120
347 3109
344 3098
340 3098
393 3007
386 3014
374 2996
381 2989
332 2996
335 2999
338 2990
299 3134
306 3121
309 3120
308 3119
347 3110
345 3098
340 3097
393 3008
386 3015
373 2996
381 2988
331 2996
335 3000
338 2989
298 3134
299 3135
306 3122
307 3119
308 3118
347 3111
345 3099
394 3008
387 3015
372 2996
381 2987
330 2996
331 2997
335 3001
338 2988
298 3135
298 3133
299 3136
307 3118
309 3118
308 3117
346 3111
388 3015
387 3016
372 2997
382 2987
380 2987
329 2996
330 2995
334 3001
335 3002
339 2988
338 2987
297 3135
298 3136
297 3133
300 3136
306 3118
310 3118
308 3116
345 3111
389 3015
388 3014
387 3017
371 2997
383 2987
382 2986
328 2996
329 2997
333 3001
334 3002
336 3002
296 3135
300 3137
310 3119
307 3116
390 3015
389 3016
388 3017
370 2997
384 2987
382 2985
327 2996
328 2997
328 2995
329 2998
334 3003
337 3002
295 3135
296 3136
301 3137
300 3138
306 3116
390 3016
389 3017
369 2997
385 2987
384 2988
381 2985
328 2998
328 2994
337 3001
294 3135
295 3136
301 3138
300 3139
305 3116
389 3018
369 2998
386 2987
329 2994
327 2994
338 3001
294 3134
295 3137
302 3138
301 3139
300 3140
304 3116
368 2998
387 2987
326 2994
327 2993
294 3133
295 3138
303 3138
303 3116
304 3115
367 2998
388 2987
325 2994
294 3132
296 3138
304 3138
302 3116
366 2998
389 2987
324 2994
293 3132
297 3138
296 3139
301 3116
365 2998
390 2987
389 2988
389 2986
324 2993
292 3132
293 3131
298 3138
296 3140
301 3117
301 3115
365 2999
365 2997
390 2988
389 2989
389 2985
323 2993
293 3130
297 3140
295 3140
300 3117
301 3114
364 2999
388 2989
322 2993
323 2992
294 3130
292 3130
298 3140
297 3141
295 3141
300 3118
300 3114
364 3000
321 2993
323 2991
298 3141
294 3141
295 3142
299 3118
300 3119
299 3114
300 3113
363 3000
320 2993
321 2994
324 2991
322 2991
298 3142
295 3143
298 3118
300 3120
298 3114
300 3112
362 3000
319 2993
324 2990
321 2991
298 3143
296 3143
298 3119
297 3114
361 3000
318 2993
324 2989
321 2990
296 3144
297 3119
297 3113
360 3000
361 2999
318 2994
323 2989
324 2988
321 2989
296 3145
296 3119
297 3112
360 3001
360 2999
361 2998
318 2995
324 2987
321 2988
295 3145
296 3146
296 3118
296 3112
297 3111
359 3001
360 2998
362 2998
318 2996
325 2987
321 2987
297 3146
295 3112
296 3111
359 3002
359 2998
360 2997
363 2998
362 2997
318 2997
326 2987
322 2987
321 2986
298 3146
297 3147
294 3112
296 3110
358 2998
360 2996
362 2996
319 2997
317 2997
326 2988
326 2986
299 3146
298 3147
293 3112
295 3110
296 3109
357 2998
359 2996
362 2995
317 2998
327 2988
326 2989
326 2985
300 3146
293 3113
293 3111
296 3108
357 2999
357 2997
359 2995
361 2995
316 2998
317 2999
328 2988
326 2990
327 2985
301 3146
292 3113
293 3114
295 3108
296 3107
357 2996
359 2994
315 2998
316 2999
317 3000
327 2990
328 2985
302 3146
301 3147
301 3145
291 3113
293 3115
297 3107
357 2995
359 2993
314 2998
316 3000
318 3000
317 3001
328 2990
328 2984
301 3148
290 3113
293 3116
297 3106
357 2994
360 2993
313 2998
315 3000
329 2984
328 2983
301 3149
290 3112
294 3116
298 3106
297 3105
357 2993
360 2992
312 2998
313 2999
315 3001
330 2984
329 2983
327 2983
328 2982
301 3150
290 3111
299 3106
298 3105
297 3104
356 2993
361 2992
360 2991
311 2998
313 3000
329 2982
328 2981
302 3150
300 3150
291 3111
1656 2711
299 3105
297 3103
356 2992
362 2992
310 2998
312 3000
327 2981
328 2980
302 3151
300 3151
291 3110
299 3104
296 3103
297 3102
355 2992
356 2991
363 2992
309 2998
310 2997
312 3001
328 2979
303 3151
302 3152
291 3109
300 3104
297 3101
356 2990
364 2992
308 2998
310 2996
311 3001
327 2979
328 2978
304 3151
292 3109
301 3104
296 3101
355 2990
356 2989
365 2992
307 2998
308 2999
311 2996
310 2995
310 3001
326 2979
327 2978
329 2978
305 3151
302 3104
295 3101
354 2990
356 2988
366 2992
365 2993
306 2998
311 2995
309 2995
310 3000
325 2979
330 2978
329 2977
305 3152
303 3104
302 3105
302 3103
295 3102
295 3100
353 2990
354 2989
357 2988
305 2998
306 2997
311 2994
309 2994
325 2978
330 2979
330 2977
305 3153
304 3104
302 3106
294 3100
353 2991
354 2988
358 2988
304 2998
311 2993
308 2994
325 2977
331 2977
330 2976
305 3154
304 3105
304 3103
302 3107
294 3099
352 2991
354 2987
359 2988
303 2998
311 2992
325 2976
331 2976
330 2975
306 3154
304 3154
304 3106
303 3107
301 3107
293 3099
294 3098
353 2987
359 2987
302 2998
303 2999
303 2997
312 2992
310 2992
311 2991
324 2976
330 2974
306 3155
303 3154
305 3106
292 3099
295 3098
294 3097
352 2987
359 2986
301 2998
302 2997
303 2996
312 2991
309 2992
330 2973
302 3154
303 3153
291 3099
292 3100
293 3097
294 3096
352 2986
360 2986
300 2998
301 2999
302 2996
313 2991
308 2992
309 2991
331 2973
292 3101
293 3096
361 2986
360 2985
299 2998
302 2995
314 2991
313 2990
309 2990
332 2973
331 2972
291 3101
293 3095
362 2986
361 2987
360 2984
298 2998
302 2994
315 2991
310 2990
308 2990
333 2973
331 2971
291 3102
292 3095
360 2983
297 2998
302 2993
315 2990
307 2990
334 2973
333 2974
331 2970
291 3103
291 3095
361 2983
359 2983
296 2998
297 2999
302 2992
306 2990
331 2969
292 3103
290 3103
290 3095
291 3094
361 2982
359 2982
295 2998
296 2999
297 3000
301 2992
305 2990
306 2989
332 2969
292 3104
289 3095
291 3093
358 2982
359 2981
294 2998
295 2999
295 2997
296 3000
297 3001
301 2991
306 2988
333 2969
292 3105
289 3096
289 3094
291 3092
358 2981
360 2981
295 2996
296 3001
297 3002
301 2990
305 2988
334 2969
333 2968
293 3105
288 3094
290 3092
291 3091
360 2980
295 2995
296 3002
297 3003
300 2990
304 2988
305 2987
333 2967
287 3094
289 3092
290 3091
291 3090
361 2980
296 2995
294 2995
295 3002
298 3003
297 3004
299 2990
300 2989
303 2988
305 2986
334 2967
333 2966
286 3094
289 3091
292 3090
362 2980
293 2995
294 3002
299 3003
298 3004
297 3005
299 2991
302 2988
306 2986
305 2985
335 2967
333 2965
286 3095
288 3091
289 3090
293 3090
363 2980
292 2995
297 3006
301 2988
305 2984
335 2966
333 2964
285 3095
287 3091
294 3090
293 3091
363 2981
291 2995
292 2996
292 2994
301 2987
306 2984
304 2984
305 2983
334 2964
332 2964
333 2963
284 3095
286 3091
295 3090
294 3089
293 3092
364 2981
290 2995
292 2993
300 2987
307 2984
304 2983
305 2982
331 2964
333 2962
284 3096
285 3091
296 3090
295 3091
294 3092
293 3093
365 2981
289 2995
290 2994
292 2992
299 2987
308 2984
307 2985
303 2983
306 2982
330 2964
334 2962
332 2962
283 3096
284 3097
284 3091
285 3090
296 3091
296 3089
366 2981
365 2982
365 2980
289 2996
289 2994
293 2992
291 2992
298 2987
299 2986
309 2984
302 2983
307 2982
329 2964
335 2962
331 2962
282 3096
284 3098
283 3091
284 3090
366 2982
365 2983
288 2996
288 2994
294 2992
291 2991
297 2987
309 2985
302 2984
302 2982
308 2982
335 2963
335 2961
330 2962
283 3098
282 3091
283 3092
284 3089
367 2982
366 2983
288 2997
287 2994
294 2991
290 2991
291 2990
296 2987
310 2985
309 2986
301 2982
302 2981
335 2960
329 2962
283 3099
281 3091
282 3092
366 2984
286 2994
294 2990
289 2991
290 2990
291 2989
311 2985
309 2987
301 2981
303 2981
336 2960
328 2962
283 3100
280 3091
281 3092
281 3090
366 2985
285 2994
286 2995
294 2989
288 2991
291 2988
312 2985
311 2984
301 2980
304 2981
336 2959
328 2963
328 2961
284 3100
282 3100
279 3091
280 3092
365 2985
366 2986
285 2995
295 2989
294 2988
287 2991
288 2990
292 2988
313 2985
304 2980
337 2959
327 2963
327 2961
285 3100
282 3101
278 3091
279 3090
364 2985
366 2987
285 2996
286 2991
287 2990
288 2989
292 2987
314 2985
304 2979
337 2958
281 3101
277 3091
279 3089
363 2985
364 2986
366 2988
285 2997
286 2990
288 2988
314 2984
304 2978
338 2958
337 2957
281 3102
276 3091
277 3092
277 3090
278 3089
279 3088
364 2987
365 2988
286 2997
284 2997
285 2998
285 2990
314 2983
303 2978
304 2977
338 2957
280 3102
275 3091
277 3089
278 3088
279 3087
365 2989
286 2998
283 2997
284 2990
314 2982
302 2978
305 2977
339 2957
338 2956
280 3103
275 3090
276 3089
278 3087
286 2999
282 2997
284 2989
315 2982
301 2978
306 2977
340 2957
338 2955
279 3103
280 3104
275 3089
278 3086
287 2999
282 2998
282 2996
283 2989
284 2988
316 2982
315 2981
300 2978
307 2977
340 2956
338 2954
278 3103
275 3088
277 3086
278 3085
287 3000
281 2998
285 2988
284 2987
317 2982
315 2980
300 2977
341 2956
340 2955
339 2954
337 2954
277 3103
274 3088
276 3086
279 3085
287 3001
281 2999
286 2988
284 2986
315 2979
299 2977
300 2976
342 2956
336 2954
276 3103
277 3102
273 3088
275 3086
276 3085
280 3085
279 3084
288 3001
287 3002
281 3000
286 2987
284 2985
316 2979
314 2979
315 2978
298 2977
343 2956
342 2957
342 2955
335 2954
336 2953
275 3103
276 3104
272 3088
273 3087
281 3085
279 3083
288 3002
287 3003
285 2985
284 2984
317 2979
314 2978
298 2978
298 2976
344 2956
343 2957
342 2954
336 2952
274 3103
276 3105
272 3089
272 3087
280 3083
279 3082
287 3004
284 2983
318 2979
314 2977
298 2975
345 2956
344 2955
343 2958
343 2954
336 2951
274 3102
277 3105
275 3105
276 3106
272 3090
271 3087
278 3082
286 3004
287 3005
285 2983
314 2976
299 2975
298 2974
346 2956
343 2959
343 2953
337 2951
335 2951
273 3102
274 3101
276 3107
273 3090
271 3090
278 3081
287 3006
286 2983
285 2982
314 2975
299 2974
347 2956
344 2959
338 2951
337 2950
334 2951
272 3102
275 3101
274 3100
277 3107
275 3107
271 3091
278 3080
288 3006
286 3006
287 2983
285 2981
315 2975
300 2974
348 2956
347 2957
347 2955
339 2951
337 2949
334 2952
334 2950
271 3102
275 3100
278 3107
277 3108
279 3080
278 3079
289 3006
284 2981
316 2975
300 2973
349 2956
348 2955
347 2954
338 2949
333 2952
333 2950
270 3102
271 3101
276 3100
275 3099
277 3079
289 3005
283 2981
284 2980
317 2975
316 2976
300 2972
349 2957
349 2955
347 2953
339 2949
333 2953
332 2950
269 3102
270 3101
271 3100
276 3099
276 3079
282 2981
284 2979
318 2975
301 2972
299 2972
349 2958
350 2955
347 2952
339 2948
331 2950
269 3103
271 3099
276 3078
281 2981
282 2980
284 2978
318 2976
318 2974
301 2971
298 2972
299 2971
348 2958
351 2955
348 2952
340 2948
339 2947
330 2950
331 2949
269 3104
271 3098
275 3078
276 3077
281 2982
283 2978
284 2977
319 2976
318 2977
319 2974
318 2973
302 2971
297 2972
348 2959
352 2955
348 2951
340 2947
329 2950
331 2948
270 3104
268 3104
272 3098
271 3097
276 3076
280 2982
283 2977
320 2976
320 2974
319 2973
318 2972
303 2971
347 2959
348 2960
353 2955
352 2956
341 2947
340 2946
329 2949
330 2948
331 2947
273 3098
270 3097
271 3096
277 3076
276 3075
279 2982
282 2977
283 2976
320 2977
320 2975
320 2973
319 2972
317 2972
303 2972
303 2970
347 2960
348 2961
353 2956
353 2954
352 2957
340 2945
330 2947
332 2947
269 3097
272 3096
278 3076
277 3075
276 3074
279 2983
283 2975
320 2978
320 2972
319 2971
316 2972
304 2972
303 2969
347 2961
349 2961
353 2957
354 2954
353 2953
352 2958
341 2945
330 2946
273 3096
278 3077
277 3074
275 3074
276 3073
279 2984
284 2975
282 2975
283 2974
321 2978
321 2972
319 2970
316 2971
304 2973
302 2969
347 2962
354 2957
353 2952
341 2944
274 3096
279 3077
278 3074
276 3072
278 2984
279 2985
285 2975
281 2975
321 2979
318 2970
319 2969
302 2968
347 2963
355 2957
353 2951
342 2944
341 2943
275 3096
279 3078
277 3072
275 3072
277 2984
279 2986
286 2975
281 2976
281 2974
321 2980
318 2969
320 2969
301 2968
347 2964
356 2957
352 2951
343 2944
280 3078
277 3071
275 3071
276 2984
278 2986
286 2976
280 2976
281 2973
318 2968
321 2969
300 2968
348 2964
346 2964
347 2965
357 2957
352 2950
344 2944
343 2945
281 3078
274 3071
275 3070
275 2984
278 2987
286 2977
279 2976
280 2973
318 2967
300 2969
300 2967
348 2965
345 2964
357 2958
352 2949
345 2944
344 2943
343 2946
282 3078
273 3071
275 2985
275 2983
279 2973
319 2967
317 2967
300 2966
348 2966
344 2964
357 2959
353 2949
352 2948
346 2944
345 2943
343 2947
282 3077
272 3071
273 3072
273 3070
275 2986
274 2983
275 2982
278 2973
279 2974
316 2967
317 2966
301 2966
348 2967
356 2959
352 2947
343 2948
282 3076
271 3071
272 3072
272 3070
276 2986
273 2983
277 2973
302 2966
301 2965
349 2967
347 2967
348 2968
356 2960
353 2947
352 2946
343 2949
283 3076
282 3075
271 3072
272 3069
276 2987
272 2983
276 2973
277 2972
303 2966
301 2964
350 2967
346 2967
356 2961
354 2947
352 2945
342 2949
343 2950
270 3072
271 3069
272 3068
276 2988
275 2973
277 2971
303 2965
301 2963
351 2967
345 2967
346 2968
357 2961
355 2961
355 2947
353 2945
341 2949
342 2950
269 3072
270 3069
271 3068
276 2989
274 2973
277 2970
304 2965
302 2963
300 2963
352 2967
351 2966
346 2969
358 2961
357 2962
354 2961
355 2962
355 2948
354 2945
353 2944
269 3073
271 3067
277 2989
275 2989
276 2990
273 2973
277 2969
303 2963
300 2962
352 2968
346 2970
353 2961
354 2960
356 2948
355 2949
355 2945
354 2944
268 3073
271 3066
276 2991
272 2973
276 2969
277 2968
303 2962
299 2962
353 2968
352 2969
345 2970
346 2971
357 2948
354 2943
267 3073
271 3065
275 2991
271 2973
272 2974
276 2968
277 2967
298 2962
299 2961
353 2969
351 2969
352 2970
344 2970
346 2972
358 2948
354 2942
267 3074
267 3072
270 3065
271 3064
274 2991
271 2972
272 2975
275 2968
278 2967
277 2966
297 2962
299 2960
344 2971
346 2973
359 2948
358 2949
354 2941
266 3074
267 3071
269 3065
271 3063
273 2991
270 2972
273 2975
272 2976
275 2967
279 2967
276 2966
277 2965
296 2962
297 2961
300 2960
344 2972
346 2974
360 2948
358 2950
353 2941
354 2940
266 3075
268 3071
268 3065
269 3066
272 3063
271 3062
272 2991
269 2972
273 2976
271 2976
279 2966
276 2965
277 2964
297 2960
301 2960
347 2974
360 2947
359 2950
354 2939
265 3075
266 3076
268 3070
267 3065
272 3062
271 3061
271 2991
272 2992
269 2973
269 2971
273 2977
270 2976
279 2965
296 2960
297 2959
302 2960
360 2946
354 2938
264 3075
267 3076
267 3064
272 3061
270 2991
272 2993
268 2971
280 2965
295 2960
298 2959
302 2959
360 2945
354 2937
263 3075
264 3076
264 3074
268 3076
267 3077
266 3064
272 3060
269 2991
271 2993
272 2994
267 2971
268 2970
280 2964
294 2960
361 2945
355 2937
262 3075
266 3063
272 3059
268 2991
269 2992
271 2994
273 2994
280 2963
293 2960
362 2945
356 2937
355 2936
271 3059
272 3058
267 2991
268 2992
271 2995
273 2995
281 2963
279 2963
280 2962
293 2959
362 2946
356 2938
355 2935
271 3058
272 3057
267 2990
271 2996
273 2996
282 2963
280 2961
292 2959
363 2946
356 2935
354 2935
355 2934
270 3058
272 3056
266 2990
272 2996
270 2996
282 2964
282 2962
280 2960
291 2959
292 2958
364 2946
357 2935
355 2933
270 3057
273 3056
265 2990
272 2997
269 2996
270 2997
282 2965
283 2962
279 2960
280 2959
291 2960
291 2958
365 2946
364 2947
364 2945
358 2935
357 2934
355 2932
273 3055
268 2996
270 2998
283 2965
284 2962
278 2960
279 2959
291 2961
290 2958
365 2947
364 2944
359 2935
354 2932
355 2931
274 3055
273 3054
267 2996
268 2995
269 2998
285 2962
278 2959
290 2961
289 2958
290 2957
366 2947
365 2944
364 2943
355 2930
275 3055
272 3054
273 3053
267 2997
285 2963
285 2961
278 2958
290 2962
289 2959
290 2956
367 2947
366 2948
363 2943
356 2930
276 3055
275 3054
273 3052
266 2997
285 2964
285 2960
277 2958
278 2957
290 2963
291 2956
290 2955
367 2948
367 2946
366 2949
357 2930
277 3055
276 3054
275 3053
272 3052
273 3051
266 2998
285 2959
276 2958
289 2963
290 2964
291 2955
368 2946
366 2950
358 2930
278 3055
276 3053
275 3052
272 3051
265 2998
276 2957
291 2964
291 2954
369 2946
365 2950
359 2930
278 3056
276 3052
275 3051
272 3050
264 2998
276 2956
291 2965
370 2946
364 2950
365 2951
360 2930
279 3056
276 3051
271 3050
263 2998
275 2956
276 2955
292 2965
291 2966
371 2946
370 2945
363 2950
365 2952
361 2930
360 2931
360 2929
280 3056
263 2997
275 2955
277 2955
293 2965
291 2967
363 2949
366 2952
365 2953
362 2930
360 2932
360 2928
281 3056
280 3057
263 2996
275 2954
277 2954
362 2949
367 2952
366 2953
364 2953
362 2929
361 2932
359 2932
360 2933
360 2927
280 3058
262 2996
275 2953
278 2954
361 2949
367 2951
366 2954
363 2953
363 2929
358 2932
359 2933
360 2934
361 2927
359 2927
280 3059
261 2996
274 2953
279 2954
278 2953
368 2951
367 2954
366 2955
362 2953
364 2929
361 2934
358 2927
280 3060
261 2997
261 2995
274 2952
368 2950
368 2954
367 2955
366 2956
362 2952
364 2930
364 2928
357 2927
279 3060
280 3061
261 2998
261 2994
273 2952
368 2949
369 2954
365 2956
366 2957
364 2931
364 2927
357 2926
278 3060
281 3061
262 2994
260 2994
272 2952
273 2951
369 2953
364 2956
366 2958
365 2931
365 2927
364 2926
356 2926
357 2925
277 3060
278 3061
282 3061
281 3062
262 2993
260 2993
272 2951
273 2950
363 2956
366 2931
365 2926
364 2925
355 2926
356 2925
277 3059
281 3063
263 2993
262 2992
259 2993
272 2950
274 2950
273 2949
363 2955
367 2931
366 2930
366 2926
364 2924
354 2926
356 2924
276 3059
282 3063
280 3063
262 2991
271 2950
272 2949
275 2950
273 2948
362 2955
367 2932
367 2926
366 2925
353 2926
355 2924
356 2923
275 3059
276 3058
283 3063
279 3063
280 3064
261 2991
262 2990
270 2950
272 2948
273 2947
361 2955
368 2926
367 2925
353 2927
353 2925
357 2923
284 3063
279 3064
260 2991
262 2989
269 2950
270 2951
273 2946
361 2954
368 2927
352 2927
353 2924
358 2923
357 2922
284 3062
278 3064
279 3065
259 2991
262 2988
269 2951
269 2949
272 2946
273 2945
369 2927
353 2923
357 2921
285 3062
284 3061
277 3064
258 2991
262 2987
268 2951
269 2952
273 2944
370 2927
352 2923
358 2921
357 2920
286 3062
284 3060
276 3064
257 2991
258 2990
261 2987
267 2951
269 2953
272 2944
370 2928
351 2923
359 2921
357 2919
285 3060
256 2991
260 2987
261 2986
267 2952
267 2950
269 2954
271 2944
371 2928
350 2923
359 2922
359 2920
286 3060
255 2991
256 2990
260 2988
267 2953
266 2950
270 2954
372 2928
349 2923
360 2922
359 2919
286 3059
254 2991
255 2992
259 2988
267 2954
266 2949
271 2954
270 2955
372 2929
372 2927
348 2923
360 2923
359 2918
287 3059
254 2992
254 2990
255 2993
258 2988
267 2955
266 2948
271 2953
373 2929
372 2930
373 2927
372 2926
348 2922
360 2924
358 2918
288 3059
257 2988
268 2955
266 2955
267 2956
267 2948
265 2948
374 2929
371 2930
374 2927
372 2925
348 2921
361 2924
360 2925
288 3060
288 3058
257 2987
266 2956
264 2948
374 2930
375 2927
348 2920
362 2924
289 3060
288 3061
289 3058
256 2987
257 2986
266 2957
263 2948
264 2947
376 2927
347 2920
289 3061
255 2987
256 2986
258 2986
265 2957
266 2958
262 2948
264 2946
377 2927
347 2919
290 3061
254 2987
264 2957
262 2949
262 2947
378 2927
377 2928
377 2926
346 2919
347 2918
291 3061
253 2987
263 2957
261 2949
262 2946
379 2927
378 2926
377 2929
346 2918
347 2917
292 3061
291 3062
252 2987
253 2988
261 2950
262 2945
379 2928
379 2926
345 2918
348 2917
292 3060
251 2987
253 2989
260 2950
263 2945
380 2928
380 2926
348 2916
293 3060
292 3059
250 2987
251 2986
252 2989
259 2950
263 2944
380 2929
380 2925
349 2916
348 2915
292 3058
251 2985
251 2989
259 2949
263 2943
380 2930
380 2924
350 2916
348 2914
292 3057
250 2985
251 2984
251 2990
258 2949
264 2943
262 2943
380 2931
381 2924
379 2924
351 2916
350 2915
293 3057
292 3056
249 2985
251 2983
250 2990
251 2991
258 2948
265 2943
261 2943
379 2931
382 2924
381 2923
378 2924
379 2923
352 2916
351 2917
351 2915
293 3056
249 2984
252 2983
251 2982
249 2990
251 2992
257 2948
266 2943
265 2942
260 2943
261 2944
261 2942
378 2931
379 2932
383 2924
381 2922
377 2924
378 2923
352 2917
351 2918
294 3056
252 2982
250 2982
248 2990
250 2992
251 2993
256 2948
257 2947
265 2941
259 2943
260 2942
377 2931
379 2933
384 2924
382 2922
381 2921
378 2922
350 2918
294 3055
250 2981
251 2994
255 2948
256 2949
265 2940
258 2943
260 2941
376 2931
380 2933
379 2934
384 2925
380 2921
381 2920
377 2922
350 2919
295 3055
294 3054
251 2995
255 2949
266 2940
264 2940
258 2942
260 2940
378 2934
385 2925
384 2926
382 2920
381 2919
296 3055
254 2949
258 2941
261 2940
260 2939
378 2935
386 2925
383 2926
384 2927
382 2919
381 2918
297 3055
296 3054
253 2949
257 2941
260 2938
377 2935
378 2936
387 2925
385 2927
383 2919
381 2917
297 3056
297 3054
296 3053
253 2948
257 2940
261 2938
259 2938
376 2935
379 2936
388 2925
386 2927
385 2928
383 2918
381 2916
298 3056
297 3057
298 3054
297 3053
296 3052
252 2948
253 2947
262 2938
261 2937
258 2938
376 2936
376 2934
389 2925
388 2926
388 2924
385 2929
384 2918
383 2917
382 2916
299 3056
296 3057
297 3058
299 3054
298 3053
295 3052
296 3051
251 2948
262 2937
258 2937
375 2936
376 2937
390 2925
389 2926
385 2930
385 2918
382 2915
299 3055
297 3059
295 3051
297 3051
296 3050
250 2948
251 2949
263 2937
257 2937
374 2936
375 2937
376 2938
390 2926
385 2919
385 2917
383 2915
300 3055
298 3059
296 3049
250 2949
250 2947
264 2937
263 2936
257 2936
373 2936
374 2937
375 2938
377 2938
390 2927
383 2914
301 3055
299 3059
298 3060
297 3049
296 3048
250 2950
250 2946
264 2936
263 2935
256 2936
257 2935
375 2939
378 2938
391 2927
384 2914
383 2913
301 3054
300 3059
299 3060
298 3061
295 3048
249 2950
250 2951
265 2936
262 2935
255 2936
256 2935
375 2940
379 2938
392 2927
385 2914
384 2913
383 2912
301 3053
301 3059
299 3061
248 2950
251 2951
266 2936
265 2935
262 2934
254 2936
256 2934
376 2940
375 2941
380 2938
393 2927
383 2911
301 3052
300 3061
299 3062
247 2950
248 2949
266 2935
261 2934
262 2933
253 2936
256 2933
376 2941
375 2942
381 2938
380 2939
394 2927
393 2926
382 2911
383 2910
300 3052
301 3051
301 3061
246 2950
267 2935
260 2934
262 2932
252 2936
253 2937
257 2933
256 2932
381 2939
380 2940
395 2927
393 2925
381 2911
384 2910
302 3051
302 3061
246 2949
268 2935
267 2934
259 2934
262 2931
251 2936
253 2938
258 2933
255 2932
382 2939
381 2940
379 2940
380 2941
396 2927
392 2925
393 2924
380 2911
302 3062
302 3060
245 2949
268 2936
259 2935
263 2931
261 2931
253 2939
258 2932
254 2932
255 2931
380 2942
397 2927
392 2924
380 2912
302 3063
269 2936
268 2937
264 2931
252 2939
258 2931
253 2932
254 2933
255 2930
381 2942
397 2928
397 2926
379 2912
301 3063
270 2936
265 2931
264 2930
252 2940
259 2931
382 2942
398 2928
397 2925
378 2912
379 2913
271 2936
270 2935
252 2941
259 2930
382 2941
399 2928
398 2929
397 2924
377 2912
378 2913
378 2911
379 2914
272 2936
253 2941
383 2941
398 2930
396 2924
397 2923
377 2913
377 2911
378 2914
378 2910
380 2914
273 2936
254 2941
384 2941
383 2940
398 2931
396 2923
398 2923
376 2911
378 2915
378 2909
381 2914
380 2915
273 2935
254 2942
385 2941
399 2931
397 2931
399 2923
379 2909
274 2935
254 2943
385 2942
385 2940
400 2931
399 2932
396 2931
400 2923
275 2935
255 2943
385 2943
385 2939
399 2933
395 2931
396 2930
401 2923
276 2935
256 2943
386 2943
385 2938
400 2933
394 2931
396 2929
401 2922
276 2936
276 2934
256 2944
386 2944
384 2938
385 2937
400 2934
393 2931
394 2930
402 2922
401 2921
277 2934
386 2937
400 2935
392 2931
393 2932
393 2930
394 2929
403 2922
402 2921
401 2920
277 2933
386 2936
401 2935
400 2936
393 2933
404 2922
402 2920
278 2933
387 2936
386 2935
399 2936
400 2937
392 2933
405 2922
403 2920
279 2933
278 2932
388 2936
387 2935
398 2936
400 2938
392 2934
406 2922
405 2921
280 2933
279 2934
279 2932
278 2931
397 2936
400 2939
391 2934
392 2935
407 2922
406 2923
406 2921
405 2920
281 2933
280 2934
279 2935
397 2937
399 2939
400 2940
390 2934
408 2922
406 2924
406 2920
282 2933
279 2936
396 2937
400 2941
389 2934
409 2922
405 2924
406 2925
407 2920
282 2934
401 2941
399 2941
388 2934
389 2933
409 2923
405 2925
407 2925
406 2926
283 2934
282 2935
402 2941
398 2941
388 2933
389 2932
404 2925
408 2925
406 2927
284 2934
281 2935
402 2942
397 2941
398 2942
388 2932
403 2925
409 2925
406 2928
285 2934
281 2936
402 2943
387 2932
403 2926
410 2925
406 2929
286 2934
281 2937
403 2943
401 2943
386 2932
387 2931
403 2927
410 2926
405 2929
286 2933
281 2938
404 2943
401 2944
385 2932
403 2928
410 2927
287 2933
281 2939
405 2943
404 2944
401 2945
402 2928
411 2927
409 2927
410 2928
288 2933
282 2939
280 2939
406 2943
405 2942
402 2945
400 2945
401 2946
401 2928
412 2927
408 2927
289 2933
283 2939
280 2940
406 2944
405 2941
413 2927
408 2928
289 2932
280 2941
406 2945
405 2940
290 2932
289 2931
279 2941
280 2942
407 2945
291 2932
289 2930
278 2941
279 2942
281 2942
280 2943
407 2946
292 2932
291 2931
289 2929
277 2941
282 2942
280 2944
408 2946
407 2947
292 2933
288 2929
289 2928
276 2941
277 2942
283 2942
281 2944
280 2945
409 2946
406 2947
407 2948
293 2933
292 2934
290 2928
289 2927
276 2940
283 2943
282 2944
280 2946
410 2946
405 2947
408 2948
294 2933
293 2934
291 2928
288 2927
283 2944
282 2945
280 2947
411 2946
410 2947
410 2945
405 2948
295 2933
293 2935
287 2927
283 2945
282 2946
281 2947
279 2947
412 2946
404 2948
293 2936
287 2926
283 2946
412 2947
412 2945
403 2948
293 2937
286 2926
287 2925
284 2946
413 2947
413 2945
412 2944
402 2948
403 2949
294 2937
292 2937
285 2926
286 2925
288 2925
285 2946
414 2947
413 2944
412 2943
403 2950
295 2937
291 2937
285 2927
288 2924
412 2942
402 2950
403 2951
296 2937
290 2937
284 2927
288 2923
411 2942
402 2951
404 2951
297 2937
296 2938
296 2936
289 2937
290 2936
283 2927
288 2922
410 2942
411 2941
402 2952
297 2936
289 2938
287 2922
288 2921
411 2940
402 2953
298 2936
297 2935
288 2938
289 2939
286 2922
288 2920
412 2940
410 2940
401 2953
402 2954
299 2936
287 2938
289 2940
285 2922
289 2920
288 2919
413 2940
412 2939
410 2939
401 2954
402 2955
299 2937
299 2935
286 2938
287 2939
289 2941
284 2922
287 2919
288 2918
413 2939
409 2939
400 2954
401 2955
403 2955
287 2940
289 2942
284 2923
284 2921
287 2918
288 2917
408 2939
399 2954
401 2956
286 2940
289 2943
283 2923
283 2921
286 2918
289 2917
408 2940
398 2954
399 2955
401 2957
290 2943
282 2923
282 2921
285 2918
289 2916
397 2954
399 2956
400 2957
401 2958
291 2943
281 2921
284 2918
285 2919
290 2916
289 2915
396 2954
397 2953
398 2956
400 2958
401 2959
292 2943
280 2921
281 2920
284 2919
285 2920
291 2916
396 2955
402 2959
401 2960
293 2943
280 2920
281 2919
292 2916
395 2955
401 2961
293 2944
279 2920
281 2918
292 2917
292 2915
394 2955
402 2961
400 2961
401 2962
293 2945
280 2918
292 2918
292 2914
394 2956
403 2961
402 2962
399 2961
401 2963
292 2945
279 2918
280 2917
293 2918
292 2919
292 2913
393 2956
404 2961
399 2962
401 2964
291 2945
278 2918
294 2918
292 2920
292 2912
392 2956
399 2963
400 2964
401 2965
290 2945
277 2918
278 2917
294 2919
292 2921
293 2912
291 2912
292 2911
398 2963
400 2965
402 2965
401 2966
289 2945
276 2918
294 2920
294 2912
293 2911
397 2963
398 2964
399 2965
400 2966
402 2966
401 2967
276 2917
294 2921
293 2910
396 2963
398 2965
402 2967
275 2917
276 2916
295 2921
294 2910
396 2964
396 2962
397 2965
398 2966
403 2967
402 2968
274 2917
276 2915
295 2910
395 2962
403 2968
402 2969
273 2917
276 2914
395 2961
404 2968
402 2970
394 2961
405 2968
402 2971
393 2961
394 2960
406 2968
405 2967
401 2971
402 2972
392 2961
394 2959
406 2969
406 2967
400 2971
402 2973
392 2962
392 2960
393 2959
394 2958
406 2970
406 2966
399 2971
403 2973
401 2973
391 2962
407 2966
403 2974
400 2973
390 2962
407 2965
400 2974
389 2962
390 2963
390 2961
408 2965
407 2964
399 2974
388 2962
390 2964
409 2965
408 2964
398 2974
388 2961
390 2965
410 2965
409 2966
409 2964
397 2974
388 2960
389 2965
390 2966
411 2965
410 2966
409 2963
396 2974
397 2975
388 2965
391 2966
390 2967
411 2966
410 2967
410 2963
409 2962
396 2973
397 2976
389 2967
412 2966
410 2968
411 2963
410 2962
395 2973
396 2976
397 2977
389 2968
413 2966
410 2961
396 2977
398 2977
388 2968
389 2969
413 2967
396 2978
398 2978
387 2968
413 2968
386 2968
387 2969
414 2968
412 2968
385 2968
415 2968
414 2969
384 2968
415 2967
414 2970
383 2968
384 2969
384 2967
416 2967
415 2970
413 2970
414 2971
382 2968
416 2966
416 2970
381 2968
382 2969
416 2965
417 2970
381 2967
415 2965
416 2964
417 2971
380 2967
415 2964
417 2964
417 2972
379 2967
380 2966
415 2963
418 2964
417 2963
418 2972
417 2973
379 2968
380 2965
418 2963
419 2972
418 2973
417 2974
379 2969
379 2965
380 2964
418 2962
420 2972
416 2974
380 2969
378 2969
379 2970
379 2964
381 2964
418 2961
421 2972
420 2973
420 2971
415 2974
377 2969
1742 3317
379 2963
382 2964
381 2963
417 2961
418 2960
422 2972
420 2974
420 2970
414 2974
415 2975
376 2969
377 2968
379 2962
419 2960
418 2959
423 2972
421 2974
420 2975
414 2973
415 2976
376 2970
377 2967
380 2962
379 2961
420 2960
417 2959
424 2972
419 2975
413 2973
415 2977
375 2970
376 2967
379 2960
421 2960
420 2961
425 2972
424 2971
419 2976
412 2973
413 2972
375 2971
376 2966
380 2960
421 2959
426 2972
412 2974
412 2972
375 2972
381 2960
422 2959
426 2973
411 2974
412 2975
411 2972
376 2972
381 2959
427 2973
426 2974
410 2974
377 2972
376 2973
381 2958
427 2974
425 2974
426 2975
410 2975
410 2973
378 2972
377 2973
376 2974
380 2958
425 2975
409 2975
377 2974
376 2975
379 2958
424 2975
409 2976
375 2975
379 2957
424 2976
409 2977
375 2976
424 2977
409 2978
374 2976
375 2977
423 2977
410 2978
409 2979
373 2976
376 2977
409 2980
372 2976
376 2978
410 2980
408 2980
371 2976
376 2979
411 2980
407 2980
408 2981
371 2977
371 2975
375 2979
412 2980
408 2982
370 2975
413 2980
409 2982
407 2982
369 2975
370 2974
413 2981
409 2983
406 2982
407 2983
368 2975
370 2973
414 2981
413 2982
367 2975
368 2974
371 2973
369 2973
415 2981
413 2983
367 2976
371 2972
415 2980
414 2983
412 2983
367 2977
371 2971
414 2984
412 2984
367 2978
371 2970
415 2984
414 2985
368 2978
370 2970
416 2984
369 2978
417 2984
416 2985
416 2983
369 2979
418 2984
417 2983
416 2986
418 2985
417 2982
418 2982
419 2982
419 2983
419 2981
420 2983
420 2981
419 2980
421 2983
420 2984
421 2981
420 2980
418 2980
422 2983
421 2980
418 2979
423 2983
422 2980
418 2978
424 2983
423 2982
417 2978
425 2983
423 2981
425 2984
425 2982
424 2981
425 2985
426 2982
424 2980
425 2986
427 2982
426 2981
424 2979
426 2986
424 2986
427 2981
425 2979
426 2987
424 2987
427 2980
425 2978
427 2987
423 2987
426 2978
428 2987
427 2988
422 2987
427 2978
429 2987
427 2989
430 2987
429 2988
427 2990
431 2987
428 2990
431 2988
428 2991
429 2991
429 2992
429 2993
430 2993
429 2994
431 2993
428 2994
431 2994
431 2992
428 2995
431 2995
432 2992
428 2996
433 2992
427 2996
434 2992
435 2992
436 2992
435 2993
437 2992
435 2994
437 2991
436 2994
435 2995
437 2994
437 2995
438 2995
437 2996
439 2995
437 2997
439 2996
439 2994
437 2998
440 2996
439 2993
438 2998
441 2996
440 2993
438 2993
441 2997
441 2993
442 2997
441 2992
443 2997
441 2991
444 2997
442 2991
441 2990
445 2997
444 2998
444 2996
442 2990
440 2990
446 2997
445 2998
439 2990
447 2997
446 2998
446 2996
439 2989
448 2997
446 2995
449 2997
448 2996
446 2994
449 2998
448 2995
445 2994
446 2993
449 2999
448 2994
444 2994
447 2993
446 2992
450 2999
449 2994
448 2993
447 2992
446 2991
450 3000
446 2990
451 3000
447 2990
446 2989
451 3001
448 2990
445 2989
451 3002
449 2990
444 2989
445 2988
450 3002
449 2991
443 2989
445 2987
449 3002
443 2988
445 2986
442 2988
445 2985
441 2988
442 2987
445 2984
445 2983
446 2983
446 2982
447 2982
446 2981
446 2980
445 2980
446 2979
447 2979
446 2978
447 2978
445 2978
446 2977
448 2978
444 2978
446 2976
449 2978
443 2978
444 2979
446 2975
449 2979
443 2979
443 2977
447 2975
446 2974
450 2979
443 2980
448 2975
446 2973
443 2981
448 2974
445 2973
444 2981
449 2974
448 2973
444 2973
450 2974
448 2972
451 2974
449 2972
452 2974
449 2971
452 2975
450 2971
449 2970
452 2976
451 2971
449 2969
453 2976
452 2977
451 2970
449 2968
454 2976
452 2978
450 2968
449 2967
455 2976
453 2978
450 2967
449 2966
453 2979
450 2966
448 2966
449 2965
453 2980
451 2966
447 2966
448 2965
449 2964
452 2980
453 2981
452 2966
449 2963
452 2981
454 2981
453 2966
452 2965
450 2963
448 2963
449 2962
452 2982
454 2982
454 2966
452 2964
450 2962
449 2961
455 2982
454 2983
455 2966
454 2967
453 2964
451 2964
448 2961
456 2982
455 2967
455 2965
453 2963
447 2961
456 2983
456 2965
453 2962
447 2960
456 2984
457 2965
447 2959
457 2984
457 2964
448 2959
446 2959
458 2984
458 2964
445 2959
459 2984
459 2964
444 2959
459 2985
460 2964
459 2965
459 2963
459 2986
460 2965
460 2963
459 2966
459 2962
460 2986
458 2986
459 2967
458 2962
459 2961
461 2986
457 2986
458 2987
460 2967
458 2967
457 2962
459 2960
462 2986
460 2968
458 2968
460 2960
458 2960
462 2987
460 2959
457 2960
462 2988
457 2959
463 2988
461 2988
456 2959
457 2958
464 2988
461 2989
465 2988
460 2989
465 2989
465 2987
459 2989
466 2989
465 2990
466 2987
458 2989
466 2990
465 2991
467 2987
466 2986
467 2990
465 2992
467 2986
466 2985
468 2990
465 2993
468 2986
466 2984
468 2991
468 2989
468 2985
467 2984
466 2983
468 2992
469 2989
469 2985
466 2982
469 2992
467 2992
470 2989
470 2985
466 2981
470 2992
471 2985
467 2981
466 2980
471 2992
471 2986
466 2979
471 2991
471 2987
466 2978
472 2991
471 2988
466 2977
473 2991
472 2988
467 2977
465 2977
466 2976
474 2991
473 2990
468 2977
467 2976
466 2975
475 2991
474 2992
474 2990
469 2977
466 2974
476 2991
474 2993
470 2977
465 2974
466 2973
476 2990
471 2977
464 2974
466 2972
477 2990
476 2989
472 2977
463 2974
467 2972
466 2971
478 2990
476 2988
473 2977
472 2976
467 2971
465 2971
478 2991
477 2988
476 2987
472 2975
467 2970
479 2991
478 2992
478 2988
475 2987
476 2986
473 2975
471 2975
468 2970
477 2992
478 2993
478 2987
474 2987
474 2975
470 2975
471 2974
469 2970
468 2969
477 2993
478 2994
474 2988
475 2975
474 2974
470 2970
469 2971
477 2994
478 2995
475 2976
475 2974
471 2970
477 2995
479 2995
476 2976
472 2970
471 2971
477 2996
479 2996
477 2976
476 2977
472 2969
476 2996
480 2996
477 2975
476 2978
472 2968
475 2996
481 2996
477 2978
476 2979
473 2968
471 2968
472 2967
475 2995
478 2978
477 2979
476 2980
474 2968
470 2968
475 2994
476 2981
475 2968
474 2967
470 2967
476 2968
470 2966
477 2968
476 2967
470 2965
478 2968
477 2969
469 2965
470 2964
479 2968
478 2969
471 2964
480 2968
478 2970
472 2964
481 2968
480 2969
480 2967
478 2971
473 2964
482 2968
480 2970
479 2971
474 2964
473 2965
482 2967
475 2964
482 2966
475 2963
483 2966
475 2962
484 2966
483 2965
485 2966
483 2964
485 2967
485 2968
486 2968
486 2969
487 2969
488 2969
489 2969
490 2969
491 2969
490 2970
490 2968
492 2969
491 2968
493 2969
492 2970
494 2969
492 2971
493 2971
491 2971
492 2972
494 2971
495 2971
495 2972
495 2970
496 2972
496 2973
496 2974
496 2975
497 2975
498 2975
499 2975
498 2976
500 2975
498 2977
501 2975
500 2976
500 2974
497 2977
498 2978
502 2975
496 2977
497 2978
503 2975
502 2976
495 2977
497 2979
504 2975
503 2976
503 2974
494 2977
503 2973
494 2978
494 2976
503 2972
494 2979
493 2976
504 2972
502 2972
493 2979
493 2975
504 2971
501 2972
492 2979
504 2970
501 2973
501 2971
491 2979
492 2978
504 2969
500 2971
490 2979
505 2969
504 2968
489 2979
506 2969
504 2967
488 2979
489 2980
489 2978
507 2969
505 2967
503 2967
504 2966
489 2981
508 2969
504 2965
489 2982
509 2969
504 2964
489 2983
510 2969
503 2964
504 2963
490 2983
489 2984
511 2969
510 2970
503 2963
505 2963
491 2983
488 2984
489 2985
512 2969
488 2985
490 2985
513 2969
512 2970
514 2969
512 2971
515 2969
514 2968
513 2971
511 2971
516 2969
513 2972
514 2972
513 2973
515 2972
514 2973
513 2974
515 2973
513 2975
515 2974
514 2975
512 2975
515 2975
511 2975
512 2976
515 2976
511 2976
516 2976
515 2977
511 2977
517 2976
516 2977
514 2977
510 2977
511 2978
518 2976
512 2978
519 2976
520 2976
521 2976
522 2976
521 2975
522 2975
523 2975
522 2974
524 2975
523 2974
525 2975
526 2975
525 2976
526 2976
526 2974
526 2977
526 2973
527 2977
526 2972
527 2978
526 2971
527 2979
525 2971
526 2970
528 2979
526 2979
527 2980
525 2970
526 2969
529 2979
527 2981
524 2970
525 2969
526 2968
529 2980
529 2978
527 2982
525 2968
526 2967
530 2978
528 2982
526 2982
527 2983
527 2967
531 2978
525 2982
527 2966
531 2979
531 2977
528 2966
532 2979
529 2966
532 2980
530 2966
529 2965
532 2981
530 2967
530 2965
533 2981
531 2965
534 2981
533 2982
531 2964
533 2983
532 2964
534 2983
533 2964
535 2983
534 2984
534 2964
533 2963
534 2985
535 2964
534 2965
533 2962
535 2985
536 2964
535 2965
534 2962
536 2985
537 2964
535 2966
534 2961
537 2985
538 2964
535 2967
534 2960
538 2985
537 2986
537 2984
539 2964
534 2959
538 2986
537 2983
540 2964
535 2959
538 2987
541 2964
540 2963
535 2958
542 2964
540 2962
536 2958
543 2964
537 2958
536 2957
544 2964
543 2963
537 2959
537 2957
545 2964
544 2965
543 2962
537 2960
537 2956
545 2963
544 2966
544 2962
537 2961
537 2955
545 2962
545 2966
544 2967
536 2955
545 2961
535 2955
536 2954
546 2961
545 2960
536 2953
547 2961
544 2960
535 2953
536 2952
548 2961
547 2962
547 2960
534 2953
537 2952
536 2951
548 2962
547 2959
533 2953
536 2950
549 2962
548 2959
532 2953
533 2954
533 2952
535 2950
536 2949
550 2962
549 2959
532 2952
533 2955
536 2948
550 2961
549 2958
532 2955
535 2948
536 2947
551 2961
550 2958
532 2956
536 2946
552 2961
551 2958
532 2957
537 2946
536 2945
552 2958
551 2957
532 2958
538 2946
535 2945
536 2944
553 2958
552 2957
538 2947
538 2945
535 2944
553 2959
553 2957
539 2947
538 2944
534 2944
554 2959
553 2960
538 2943
534 2943
554 2960
538 2942
533 2943
554 2961
539 2942
555 2961
554 2962
540 2942
539 2941
555 2962
541 2942
539 2940
556 2962
541 2943
538 2940
539 2939
557 2962
556 2963
540 2939
539 2938
558 2962
556 2964
541 2939
538 2938
558 2963
558 2961
541 2938
538 2937
559 2963
558 2960
538 2936
559 2964
559 2960
537 2936
559 2965
560 2960
536 2936
559 2966
561 2960
536 2937
536 2935
559 2967
561 2959
535 2937
536 2934
559 2968
562 2959
534 2937
536 2933
559 2969
563 2959
533 2937
537 2933
535 2933
563 2960
563 2958
538 2933
537 2932
534 2933
564 2960
563 2961
563 2957
539 2933
538 2934
537 2931
534 2934
534 2932
563 2962
562 2957
563 2956
539 2934
537 2930
533 2932
562 2962
564 2956
536 2930
537 2929
562 2963
565 2956
535 2930
537 2928
562 2964
565 2955
535 2931
538 2928
536 2928
537 2927
563 2964
561 2964
562 2965
566 2955
565 2954
538 2927
536 2927
564 2964
567 2955
565 2953
538 2926
536 2926
564 2965
567 2954
565 2952
539 2926
535 2926
565 2965
566 2952
565 2951
540 2926
535 2925
566 2965
567 2952
564 2951
565 2950
541 2926
540 2925
534 2925
535 2924
567 2965
568 2952
564 2950
565 2949
541 2927
541 2925
533 2925
535 2923
568 2965
567 2966
569 2952
566 2949
542 2927
541 2924
532 2925
535 2922
569 2965
568 2966
569 2953
569 2951
566 2948
543 2927
542 2928
542 2924
541 2923
531 2925
532 2926
536 2922
535 2921
570 2965
569 2964
570 2951
566 2947
543 2926
542 2929
540 2923
530 2925
532 2927
535 2920
570 2966
566 2946
543 2925
543 2929
541 2929
539 2923
533 2927
531 2927
534 2920
535 2919
571 2966
566 2945
543 2930
541 2930
539 2922
534 2927
530 2927
531 2928
535 2918
571 2967
566 2944
540 2930
541 2931
539 2921
531 2929
572 2967
540 2931
539 2920
532 2929
572 2968
539 2931
540 2932
538 2920
532 2930
573 2968
538 2919
532 2931
574 2968
537 2919
538 2918
575 2968
574 2969
537 2918
538 2917
576 2968
574 2970
539 2917
538 2916
576 2967
575 2970
573 2970
540 2917
537 2916
577 2967
576 2966
576 2970
575 2971
540 2918
536 2916
537 2915
578 2967
576 2965
577 2970
541 2918
535 2916
537 2914
578 2966
576 2964
577 2971
542 2918
535 2915
536 2914
579 2966
575 2964
578 2971
577 2972
542 2919
542 2917
535 2914
579 2965
579 2971
578 2972
542 2920
542 2916
535 2913
579 2964
580 2971
578 2973
542 2915
535 2912
580 2964
579 2963
581 2971
580 2972
578 2974
543 2915
542 2914
536 2912
535 2911
579 2962
581 2972
579 2974
542 2913
537 2912
535 2910
579 2961
582 2972
580 2974
579 2975
543 2913
541 2913
538 2912
579 2960
581 2974
580 2975
579 2976
544 2913
538 2911
579 2959
578 2976
579 2977
545 2913
544 2912
539 2911
580 2959
579 2958
546 2913
545 2912
544 2911
580 2958
578 2958
547 2913
546 2914
544 2910
581 2958
580 2957
577 2958
578 2957
548 2913
547 2914
545 2910
582 2958
581 2957
576 2958
577 2959
548 2914
548 2912
547 2915
545 2909
582 2959
582 2957
575 2958
577 2960
549 2914
547 2916
545 2908
582 2960
583 2957
548 2916
545 2907
581 2960
584 2957
583 2956
548 2917
546 2907
544 2907
584 2958
583 2955
549 2917
548 2918
547 2907
546 2906
544 2906
582 2955
583 2954
550 2917
548 2919
548 2907
543 2906
544 2905
584 2954
550 2916
547 2919
548 2920
549 2907
548 2906
542 2906
585 2954
551 2916
546 2919
549 2920
550 2907
541 2906
542 2905
586 2954
585 2955
585 2953
552 2916
545 2919
546 2920
550 2908
550 2906
540 2906
587 2954
585 2952
553 2916
551 2906
550 2905
539 2906
540 2905
587 2955
587 2953
585 2951
553 2917
553 2915
552 2906
551 2905
539 2907
539 2905
587 2956
588 2953
586 2951
554 2917
553 2918
552 2907
538 2907
539 2904
588 2956
586 2956
589 2953
588 2952
553 2919
538 2908
539 2903
589 2956
590 2953
553 2920
537 2908
540 2903
538 2903
590 2956
589 2957
589 2955
591 2953
554 2920
552 2920
553 2921
541 2903
537 2903
591 2956
590 2957
590 2955
589 2958
592 2953
591 2952
555 2920
553 2922
542 2903
541 2904
536 2903
537 2902
591 2957
593 2953
592 2952
555 2921
555 2919
554 2922
552 2922
543 2903
537 2901
592 2957
594 2953
555 2922
556 2919
555 2918
552 2923
543 2902
537 2900
593 2957
594 2952
557 2919
552 2924
544 2902
543 2901
538 2900
536 2900
594 2957
594 2951
557 2920
551 2924
552 2925
545 2902
544 2901
538 2899
594 2958
595 2951
558 2920
553 2925
552 2926
546 2902
545 2903
544 2900
538 2898
595 2958
596 2951
559 2920
554 2925
551 2926
552 2927
547 2902
546 2903
537 2898
538 2897
597 2951
560 2920
553 2927
552 2928
548 2902
546 2904
536 2898
539 2897
597 2952
597 2950
560 2919
553 2928
548 2901
535 2898
539 2896
597 2949
561 2919
560 2918
553 2929
549 2901
548 2900
534 2898
535 2897
540 2896
539 2895
596 2949
597 2948
562 2919
560 2917
554 2929
553 2930
547 2900
548 2899
533 2898
541 2896
539 2894
598 2948
597 2947
563 2919
559 2917
555 2929
552 2930
549 2899
548 2898
532 2898
533 2897
542 2896
541 2897
541 2895
539 2893
597 2946
564 2919
563 2918
559 2916
556 2929
555 2930
552 2931
550 2899
547 2898
532 2897
541 2898
541 2894
538 2893
598 2946
597 2945
565 2919
563 2917
558 2916
559 2915
556 2930
556 2928
552 2932
551 2899
550 2900
550 2898
546 2898
547 2897
531 2897
532 2896
541 2899
538 2892
598 2945
597 2944
563 2916
557 2916
559 2914
556 2927
553 2932
551 2932
552 2899
550 2897
547 2896
532 2895
538 2891
597 2943
562 2916
557 2917
559 2913
556 2926
553 2933
551 2933
552 2900
550 2896
546 2896
533 2895
531 2895
538 2890
597 2942
558 2913
554 2933
550 2933
551 2934
553 2900
551 2896
550 2895
546 2895
534 2895
530 2895
531 2894
537 2890
538 2889
598 2942
596 2942
557 2913
549 2933
552 2934
551 2935
554 2900
550 2894
545 2895
546 2894
535 2895
534 2894
531 2893
538 2888
599 2942
595 2942
557 2914
557 2912
548 2933
549 2934
549 2932
551 2936
555 2900
554 2901
549 2894
550 2893
546 2893
531 2892
538 2887
599 2941
595 2943
595 2941
556 2912
557 2911
548 2934
549 2931
551 2937
556 2900
551 2893
530 2892
539 2887
600 2941
594 2943
595 2944
555 2912
558 2911
547 2934
552 2937
550 2937
556 2901
556 2899
529 2892
540 2887
539 2886
601 2941
593 2943
594 2944
595 2945
555 2911
559 2911
546 2934
553 2937
550 2938
557 2901
556 2898
528 2892
529 2891
540 2886
602 2941
592 2943
593 2942
595 2946
555 2910
560 2911
545 2934
554 2937
549 2938
558 2901
555 2898
556 2897
527 2892
528 2893
529 2890
541 2886
592 2942
594 2946
554 2910
561 2911
545 2935
548 2938
558 2902
558 2900
556 2896
526 2892
527 2893
527 2891
530 2890
542 2886
591 2942
592 2941
593 2946
553 2910
554 2909
562 2911
545 2936
547 2938
548 2939
558 2903
558 2899
557 2896
555 2896
556 2895
525 2892
526 2891
530 2889
543 2886
592 2940
592 2946
593 2947
562 2910
546 2936
548 2940
558 2898
554 2896
556 2894
525 2893
530 2888
544 2886
591 2940
592 2947
563 2910
548 2941
559 2898
558 2897
556 2893
525 2894
531 2888
545 2886
590 2940
591 2947
592 2948
564 2910
548 2942
560 2898
557 2893
525 2895
532 2888
546 2886
545 2887
590 2939
565 2910
564 2911
549 2942
547 2942
548 2943
561 2898
558 2893
526 2895
524 2895
532 2887
546 2887
546 2885
590 2938
564 2912
546 2942
548 2944
562 2898
561 2899
559 2893
558 2892
524 2896
532 2886
546 2888
547 2885
591 2938
590 2937
565 2912
548 2945
563 2898
560 2893
558 2891
523 2896
548 2885
547 2884
592 2938
590 2936
566 2912
548 2946
564 2898
563 2899
561 2893
560 2894
558 2890
522 2896
523 2897
549 2885
547 2883
592 2937
591 2936
589 2936
590 2935
567 2912
547 2946
565 2898
564 2897
559 2890
521 2896
523 2898
547 2882
593 2937
546 2946
565 2899
565 2897
564 2896
559 2889
521 2895
523 2899
548 2882
547 2881
594 2937
593 2936
545 2946
566 2899
565 2896
559 2888
521 2894
522 2899
547 2880
593 2935
545 2947
567 2899
566 2896
559 2887
520 2894
521 2899
546 2880
547 2879
593 2934
544 2947
568 2899
567 2900
566 2895
560 2887
558 2887
559 2886
519 2894
520 2893
520 2899
521 2898
545 2880
547 2878
593 2933
543 2947
569 2899
568 2900
567 2901
567 2895
560 2886
518 2894
519 2893
520 2892
544 2880
548 2878
547 2877
593 2932
542 2947
543 2948
570 2899
566 2901
568 2895
561 2886
517 2894
521 2892
543 2880
549 2878
546 2877
547 2876
593 2931
542 2946
543 2949
571 2899
570 2898
568 2894
561 2885
516 2894
517 2893
521 2891
542 2880
545 2877
547 2875
594 2931
592 2931
541 2946
543 2950
572 2899
562 2885
561 2884
516 2895
516 2893
521 2890
542 2879
544 2877
546 2875
595 2931
591 2931
543 2951
573 2899
572 2900
563 2885
515 2895
516 2896
515 2893
521 2889
542 2878
545 2875
546 2874
595 2930
590 2931
574 2899
573 2898
563 2886
520 2889
521 2888
542 2877
545 2874
546 2873
596 2930
590 2932
574 2900
564 2886
520 2888
542 2876
544 2874
545 2873
547 2873
546 2872
596 2929
575 2900
574 2901
565 2886
564 2887
519 2888
541 2876
543 2874
545 2872
548 2873
596 2928
575 2901
573 2901
574 2902
566 2886
564 2888
518 2888
540 2876
541 2875
545 2871
548 2872
597 2928
595 2928
596 2927
576 2901
574 2903
567 2886
565 2888
564 2889
518 2889
518 2887
540 2875
548 2871
598 2928
594 2928
596 2926
575 2903
574 2904
567 2887
567 2885
564 2890
518 2890
517 2887
518 2886
548 2870
599 2928
598 2929
593 2928
595 2926
596 2925
576 2903
574 2905
568 2885
564 2891
518 2891
516 2887
517 2886
518 2885
549 2870
548 2869
599 2929
592 2928
597 2925
596 2924
577 2903
573 2905
563 2891
517 2891
518 2884
550 2870
548 2868
600 2929
599 2930
598 2925
595 2924
577 2904
517 2884
551 2870
547 2868
548 2867
599 2931
598 2924
594 2924
578 2904
517 2883
551 2871
547 2867
548 2866
599 2932
594 2925
594 2923
579 2904
517 2882
552 2871
551 2872
547 2866
548 2865
600 2932
598 2932
594 2922
580 2904
518 2882
516 2882
551 2873
547 2865
600 2933
598 2933
593 2922
594 2921
580 2905
580 2903
518 2881
516 2881
551 2874
546 2865
593 2921
595 2921
580 2906
580 2902
519 2881
515 2881
516 2880
551 2875
592 2921
596 2921
595 2920
581 2906
580 2901
514 2881
550 2875
592 2920
595 2919
582 2906
581 2907
580 2900
513 2881
514 2882
591 2920
595 2918
582 2905
579 2900
512 2881
513 2880
514 2883
590 2920
591 2919
595 2917
582 2904
579 2899
512 2880
513 2879
590 2921
591 2918
596 2917
594 2917
583 2904
578 2899
579 2898
511 2880
589 2921
590 2918
591 2917
597 2917
596 2916
594 2916
584 2904
577 2899
580 2898
511 2879
589 2918
591 2916
598 2917
597 2916
596 2915
585 2904
584 2905
581 2898
580 2897
511 2878
589 2917
599 2917
597 2915
586 2904
584 2906
580 2896
512 2878
510 2878
600 2917
599 2918
597 2914
584 2907
580 2895
512 2877
600 2918
600 2916
598 2914
584 2908
579 2895
601 2918
601 2916
599 2914
583 2908
602 2918
601 2919
602 2916
601 2915
583 2909
603 2918
602 2919
604 2918
603 2917
602 2920
605 2918
602 2921
606 2918
601 2921
607 2918
606 2917
601 2922
608 2918
601 2923
608 2919
608 2917
602 2923
600 2923
601 2924
609 2919
608 2916
601 2925
610 2919
609 2920
608 2915
602 2925
610 2920
609 2921
609 2915
608 2914
603 2925
608 2921
609 2922
610 2915
609 2914
604 2925
603 2926
607 2921
609 2923
610 2916
609 2913
604 2926
603 2927
610 2923
609 2924
611 2916
610 2917
610 2913
609 2912
611 2923
610 2924
608 2924
612 2916
611 2913
610 2912
608 2912
611 2924
613 2916
612 2915
612 2913
607 2912
614 2916
612 2914
613 2913
606 2912
615 2916
614 2913
615 2915
615 2913
614 2912
616 2913
617 2913
618 2913
617 2914
617 2912
619 2913
619 2912
619 2911
619 2910
619 2909
620 2909
621 2909
622 2909
622 2908
622 2907
623 2907
624 2907
625 2907
624 2906
626 2907
625 2908
624 2905
627 2907
625 2909
625 2905
623 2905
628 2907
627 2908
627 2906
623 2904
629 2907
630 2907
629 2908
629 2906
631 2907
629 2909
629 2905
629 2910
630 2905
630 2910
629 2911
630 2904
631 2910
630 2911
630 2903
631 2911
629 2903
630 2902
630 2901
630 2900
631 2900
630 2899
632 2900
631 2899
629 2899
633 2900
628 2899
634 2900
633 2899
628 2898
635 2900
633 2898
628 2897
636 2900
633 2897
628 2896
637 2900
636 2901
636 2899
634 2897
633 2896
629 2896
628 2895
638 2900
636 2898
633 2895
630 2896
629 2895
639 2900
637 2898
636 2897
634 2895
633 2894
640 2900
638 2898
637 2897
632 2894
633 2893
641 2900
634 2893
642 2900
634 2892
643 2900
642 2899
634 2891
644 2900
642 2898
634 2890
644 2901
643 2898
634 2889
645 2901
644 2902
644 2898
634 2888
643 2902
644 2903
644 2897
635 2888
633 2888
643 2903
645 2903
644 2904
636 2888
635 2887
632 2888
646 2903
644 2905
636 2887
632 2889
632 2887
647 2903
645 2905
643 2905
637 2887
631 2889
632 2886
648 2903
647 2902
642 2905
631 2886
632 2885
648 2902
641 2905
631 2885
649 2902
648 2901
640 2905
650 2902
640 2906
651 2902
650 2903
640 2907
651 2901
650 2904
640 2908
652 2901
651 2900
651 2904
650 2905
641 2908
639 2908
653 2901
650 2900
651 2899
652 2904
642 2908
638 2908
654 2901
653 2900
653 2904
643 2908
637 2908
653 2899
653 2905
653 2903
644 2908
643 2909
636 2908
653 2898
654 2905
643 2910
636 2909
653 2897
655 2905
644 2910
635 2909
654 2897
653 2896
656 2905
655 2906
645 2910
634 2909
655 2897
653 2895
657 2905
656 2906
646 2910
645 2911
656 2897
655 2896
658 2905
646 2909
645 2912
657 2897
659 2905
658 2904
646 2908
646 2912
645 2913
658 2897
647 2912
645 2914
659 2897
658 2898
658 2896
647 2911
646 2914
660 2897
659 2898
659 2896
648 2911
646 2915
660 2898
659 2895
649 2911
661 2898
660 2899
660 2895
649 2912
649 2910
662 2898
660 2894
649 2913
650 2910
649 2909
663 2898
662 2899
660 2893
650 2913
651 2910
650 2909
664 2898
663 2899
662 2900
659 2893
660 2892
651 2913
651 2909
665 2898
658 2893
659 2892
660 2891
651 2914
652 2909
665 2899
657 2893
661 2891
651 2915
653 2909
652 2908
665 2900
656 2893
662 2891
650 2915
653 2910
652 2907
665 2901
655 2893
656 2894
663 2891
650 2916
654 2910
666 2901
664 2901
655 2892
663 2892
663 2890
649 2916
664 2902
655 2891
664 2892
664 2890
648 2916
649 2917
663 2902
655 2890
665 2890
648 2917
656 2890
666 2890
665 2889
656 2889
667 2890
665 2888
656 2888
668 2890
657 2888
669 2890
668 2891
668 2889
657 2887
670 2890
669 2889
668 2888
658 2887
671 2890
669 2888
667 2888
672 2890
670 2888
669 2887
667 2887
673 2890
672 2891
671 2888
669 2886
667 2886
674 2890
672 2892
672 2888
670 2886
667 2885
675 2890
671 2886
670 2885
666 2885
667 2884
675 2891
675 2889
672 2886
667 2883
676 2891
676 2889
675 2888
666 2883
667 2882
676 2892
677 2889
665 2883
666 2882
668 2882
667 2881
676 2893
677 2890
677 2888
664 2883
665 2882
668 2881
667 2880
677 2893
676 2894
677 2887
664 2882
669 2881
678 2893
677 2894
676 2895
678 2887
663 2882
670 2881
669 2880
678 2894
677 2895
675 2895
676 2896
678 2886
669 2879
679 2894
678 2895
675 2896
679 2886
678 2885
670 2879
669 2878
679 2885
678 2884
671 2879
670 2878
677 2884
672 2879
677 2883
673 2879
672 2878
677 2882
673 2878
678 2882
676 2882
674 2878
678 2881
675 2882
674 2877
679 2881
678 2880
674 2882
674 2876
679 2880
677 2880
674 2881
675 2876
673 2876
680 2880
679 2879
676 2880
677 2879
672 2876
673 2875
681 2880
677 2878
681 2881
682 2881
683 2881
684 2881
683 2882
684 2882
684 2880
683 2883
685 2882
684 2883
685 2880
684 2879
685 2883
684 2884
686 2880
686 2883
687 2880
686 2879
687 2883
686 2884
688 2880
686 2878
688 2879
686 2877
688 2878
685 2877
686 2876
689 2878
687 2876
686 2875
690 2878
688 2876
686 2874
691 2878
688 2875
685 2874
691 2879
691 2877
688 2874
684 2874
692 2877
691 2876
683 2874
684 2873
693 2877
691 2875
682 2874
684 2872
694 2877
693 2876
681 2874
682 2873
684 2871
695 2877
693 2875
680 2874
682 2872
684 2870
696 2877
695 2878
694 2875
693 2874
679 2874
680 2873
683 2870
684 2869
696 2878
695 2879
695 2875
679 2875
680 2872
682 2870
685 2869
695 2880
696 2875
678 2875
679 2872
682 2869
685 2868
696 2880
694 2880
695 2881
697 2875
696 2874
678 2876
681 2869
685 2867
697 2880
695 2882
696 2873
681 2868
686 2867
697 2881
697 2879
695 2883
697 2873
696 2872
680 2868
698 2881
694 2883
698 2873
696 2871
679 2868
698 2882
694 2884
696 2870
679 2867
699 2882
694 2885
696 2869
678 2867
679 2866
700 2882
697 2869
679 2865
701 2882
700 2883
698 2869
680 2865
679 2864
700 2884
699 2869
698 2868
680 2864
678 2864
700 2885
699 2870
699 2868
680 2863
678 2863
700 2886
700 2870
699 2867
681 2863
701 2886
699 2886
699 2866
682 2863
702 2886
701 2887
698 2886
699 2865
703 2886
698 2887
700 2865
703 2887
697 2887
698 2888
701 2865
700 2864
704 2887
696 2887
698 2889
702 2865
700 2863
704 2888
695 2887
696 2888
696 2886
703 2865
701 2863
700 2862
704 2889
695 2888
695 2886
696 2889
702 2863
699 2862
705 2889
704 2890
695 2889
696 2890
703 2863
699 2861
706 2889
704 2891
696 2891
704 2863
699 2860
707 2889
704 2892
696 2892
704 2862
699 2859
707 2890
696 2893
705 2862
700 2859
697 2893
695 2893
706 2862
700 2858
694 2893
695 2894
707 2862
706 2863
706 2861
700 2857
694 2894
695 2895
708 2862
707 2863
706 2864
700 2856
693 2894
708 2863
699 2856
692 2894
709 2863
708 2864
699 2855
710 2863
698 2855
699 2854
711 2863
710 2864
710 2862
697 2855
699 2853
711 2862
710 2865
710 2861
696 2855
700 2853
712 2862
711 2865
710 2866
696 2854
713 2862
712 2865
709 2866
710 2867
695 2854
714 2862
713 2861
712 2866
712 2864
708 2866
709 2867
710 2868
694 2854
715 2862
713 2864
711 2868
693 2854
694 2853
715 2861
714 2864
712 2868
692 2854
693 2855
715 2860
715 2864
712 2869
692 2853
693 2856
692 2852
691 2852
690 2852
689 2852
690 2853
688 2852
689 2851
688 2851
687 2851
687 2850
687 2849
688 2849
686 2849
688 2848
685 2849
689 2848
688 2847
684 2849
685 2850
685 2848
690 2848
689 2847
683 2849
684 2848
685 2847
691 2848
690 2847
682 2849
683 2850
685 2846
691 2849
691 2847
690 2846
682 2848
683 2851
686 2846
690 2845
682 2851
683 2852
686 2845
690 2844
683 2853
687 2845
691 2844
690 2843
684 2853
682 2853
683 2854
690 2842
684 2854
681 2853
691 2842
684 2855
680 2853
692 2842
684 2856
680 2852
693 2842
684 2857
679 2852
680 2851
694 2842
693 2843
685 2857
683 2857
678 2852
682 2857
678 2851
682 2858
677 2851
677 2850
676 2850
675 2850
676 2849
675 2851
675 2849
676 2848
674 2851
675 2852
674 2849
673 2851
676 2852
675 2853
673 2849
673 2852
672 2849
673 2848
673 2853
671 2849
673 2847
672 2853
673 2854
671 2850
673 2846
672 2854
674 2854
673 2845
674 2855
673 2844
675 2855
674 2856
674 2844
674 2857
675 2844
674 2843
673 2857
676 2844
677 2844
676 2843
678 2844
679 2844
680 2844
679 2843
681 2844
680 2843
679 2842
682 2844
681 2845
679 2841
682 2843
681 2846
678 2841
679 2840
682 2842
680 2846
681 2847
677 2841
680 2840
676 2841
677 2840
681 2840
677 2839
681 2839
681 2838
682 2838
1565 2338
1566 2338
1567 2338
1568 2338
1569 2338
1570 2338
1571 2338
1572 2338
1572 2339
1572 2337
1572 2340
1572 2336
1573 2340
1571 2340
1573 2336
1572 2335
1574 2340
487 3315
487 3314
487 3313
488 3313
488 3312
489 3312
490 3312
491 3312
490 3313
492 3312
491 3311
490 3314
492 3313
489 3314
493 3313
492 3314
494 3313
494 3312
495 3312
